#onokad	O=0.9999865293502808|NORM=1.2970642274012789e-05
slučajno	O=0.9999736547470093|NORM=2.5956431272788905e-05
u	O=0.9999881982803345|NORM=1.1484206879686099e-05
maminom	O=0.9997747540473938|NORM=0.00022416420688387007
ormaru	O=0.9993360638618469|NORM=0.0006530875689350069
pronađeš	O=0.9999666213989258|NORM=3.2970900065265596e-05
neke	O=0.9999780654907227|NORM=2.153026798623614e-05
kul	O=0.8804464936256409|NORM=0.11954375356435776
stvari	O=0.999768078327179|NORM=0.0002302434149896726
koje	O=0.9999839067459106|NORM=1.5607256500516087e-05
se	O=0.9999768733978271|NORM=2.2907963284524158e-05
uklapaju	O=0.9999597072601318|NORM=3.9561447920277715e-05
u	O=0.9999841451644897|NORM=1.562092984386254e-05
tvoj	O=0.9999252557754517|NORM=7.383504998870194e-05
odjevni	O=0.9990808963775635|NORM=0.0009185150847770274
stil	O=0.9998964071273804|NORM=0.00010214394569629803
:d	O=0.9999849796295166|NORM=1.4541945347446017e-05
#sreća	O=0.999993085861206|NORM=6.5661083681334276e-06

ima	O=0.9999786615371704|NORM=2.1170888430788182e-05
li	O=0.999975323677063|NORM=2.4380757167818956e-05
netko	O=0.9999594688415527|NORM=4.0288272430188954e-05
pozivnicu	O=0.9997943043708801|NORM=0.0002047175948973745
za	O=0.9999762773513794|NORM=2.3409880668623373e-05
http://t.co/plyfjzr7ov	O=0.9999642372131348|NORM=3.557326999725774e-05
(	O=0.9999879598617554|NORM=1.1746344171115197e-05
ili	O=0.9999663829803467|NORM=3.3130254450952634e-05
neki	O=0.9999586343765259|NORM=4.07898987759836e-05
drugi	O=0.9999490976333618|NORM=5.0270620704395697e-05
hr	O=0.997782289981842|NORM=0.0022130715660750866
tracker	O=0.999942421913147|NORM=5.702000271412544e-05
)	O=0.9999412298202515|NORM=5.74599725950975e-05
.	O=0.9999911785125732|NORM=8.072516720858403e-06

htio	O=0.9890927076339722|NORM=0.010901966132223606
sam	O=0.9999508857727051|NORM=4.862410423811525e-05
napisati	O=0.9999098777770996|NORM=8.926196460379288e-05
da	O=0.9999853372573853|NORM=1.4174192074278835e-05
mi	O=0.9999655485153198|NORM=3.408781049074605e-05
je	O=0.9999830722808838|NORM=1.6607740690233186e-05
goal	O=0.9996076226234436|NORM=0.0003896248817909509
za	O=0.9999734163284302|NORM=2.5578901841072366e-05
ljeto	O=0.999915599822998|NORM=8.356838225154206e-05
2014.	O=0.9998390674591064|NORM=0.00016004357894416898
da	O=0.999969482421875|NORM=2.9824532248312607e-05
imam	O=0.9999723434448242|NORM=2.6964164135279134e-05
bikini	O=0.9909738898277283|NORM=0.009022781625390053
bridge	O=0.9918580651283264|NORM=0.008137555792927742
,	O=0.9999842643737793|NORM=1.3618413504445925e-05
ali	O=0.9999767541885376|NORM=2.2968531993683428e-05
gle	O=0.9996140599250793|NORM=0.00038568145828321576
čuda	O=0.999934196472168|NORM=6.54329705866985e-05
,	O=0.9999780654907227|NORM=1.995372076635249e-05
ja	O=0.9999797344207764|NORM=2.0026656784466468e-05
ga	O=0.9999105930328369|NORM=8.576660184189677e-05
već	O=0.9999758005142212|NORM=2.3827029508538544e-05
imam	O=0.9999773502349854|NORM=2.2381644157576375e-05
!	O=0.999987006187439|NORM=1.1230311429244466e-05

danas	O=0.9999618530273438|NORM=3.678783104987815e-05
,	O=0.9999656677246094|NORM=3.174535231664777e-05
na	O=0.9999734163284302|NORM=2.6393330699647777e-05
prvu	O=0.999967098236084|NORM=3.2388594263466075e-05
subotu	O=0.9999502897262573|NORM=4.8231879191007465e-05
u	O=0.999975323677063|NORM=2.4402763301623054e-05
mjesecu	O=0.9993582367897034|NORM=0.0006367475725710392
,	O=0.9999845027923584|NORM=1.4209424080036115e-05
obnavljamo	O=0.9999377727508545|NORM=6.177870091050863e-05
posvetu	O=0.9993767142295837|NORM=0.0006206362158991396
naše	O=0.9999557733535767|NORM=4.3755542719736695e-05
župe	O=0.9999396800994873|NORM=5.992743535898626e-05
bezgrešnom	O=0.9982452392578125|NORM=0.0017533997306600213
srcu	O=0.9996052384376526|NORM=0.000393491965951398
marijinu	O=0.9996744394302368|NORM=0.0003237169294152409
i	O=0.9999850988388062|NORM=1.4722108062414918e-05
molimo	O=0.9998019337654114|NORM=0.00019731333304662257
za	O=0.9999676942825317|NORM=3.2117262890096754e-05
duhovna	O=0.9999364614486694|NORM=6.332633347483352e-05
zvanja	O=0.9999438524246216|NORM=5.5893808166729286e-05
.	O=0.9999728202819824|NORM=2.317051803402137e-05

jučer	O=0.9999542236328125|NORM=4.506020195549354e-05
išli	O=0.9994447827339172|NORM=0.0005514377844519913
u	O=0.9999706745147705|NORM=2.910990770033095e-05
trogir	O=0.9993176460266113|NORM=0.0006812735227867961
u	O=0.9999783039093018|NORM=2.132504596374929e-05
kupovinu	O=0.9999107122421265|NORM=8.869435987435281e-05
i	O=0.9999754428863525|NORM=2.4098808353301138e-05
ja	O=0.9999603033065796|NORM=3.946722063119523e-05
sve	O=0.9999533891677856|NORM=4.636947051039897e-05
špijam	O=0.6880499720573425|NORM=0.31182196736335754
di	NORM=0.9976910352706909|O=0.002176633570343256
ima	O=0.9999871253967285|NORM=1.2633143342100084e-05
wi-fi	O=0.9998205304145813|NORM=0.00017880146333482116
...	O=0.9999736547470093|NORM=2.5017465304699726e-05

utakmica	O=0.9998831748962402|NORM=0.00011615316907409579
je	O=0.9999808073043823|NORM=1.9031711417483166e-05
na	O=0.9999704360961914|NORM=2.9114953576936387e-05
rasporedu	O=0.9995797276496887|NORM=0.00041261198930442333
u	O=0.9999916553497314|NORM=8.04668616183335e-06
13	O=0.9999282360076904|NORM=6.922898319317028e-05
sati	O=0.9999700784683228|NORM=2.9476266718120314e-05
.	O=0.9999904632568359|NORM=8.506964150001295e-06

#predsjednickiizbori	O=0.9999840259552002|NORM=1.5686462575104088e-05

http://t.co/lvuyjfym6c	O=0.9999885559082031|NORM=1.1148417797812726e-05
http://t.co/tqethszw9b	O=0.9999884366989136|NORM=1.1340470337017905e-05
(	O=0.9999872446060181|NORM=1.1992563486273866e-05
via	O=0.9999446868896484|NORM=5.498318932950497e-05
@huffposttaste	O=0.9999922513961792|NORM=7.480882231902797e-06
)	O=0.9999861717224121|NORM=1.2991435141884722e-05

zamalo	O=0.9976779818534851|NORM=0.002314504235982895
sam	O=0.9998225569725037|NORM=0.00017702201148495078
se	O=0.9999500513076782|NORM=4.977605931344442e-05
onesvijestio	O=0.9998719692230225|NORM=0.0001277199189644307
od	O=0.9999386072158813|NORM=6.115953146945685e-05
nesrece	NORM=0.8958180546760559|O=0.10416515916585922
.	O=0.999990701675415|NORM=7.998509317985736e-06

bitcoin	O=0.9990977048873901|NORM=0.0009007035405375063
industrija	O=0.9999884366989136|NORM=1.1158637789776549e-05
širi	O=0.9999816417694092|NORM=1.7975642549572513e-05
se	O=0.9999902248382568|NORM=9.559856152918655e-06
u	O=0.9999880790710449|NORM=1.1599427125474904e-05
svim	O=0.9999864101409912|NORM=1.3101725016895216e-05
smjerovima	O=0.9999644756317139|NORM=3.4475546272005886e-05
-	O=0.9999736547470093|NORM=2.5468956664553843e-05
igare	O=0.8955506086349487|NORM=0.10444262623786926
na	O=0.9999597072601318|NORM=3.98656447941903e-05
sreću	O=0.9999394416809082|NORM=5.996841355226934e-05
,	O=0.9999867677688599|NORM=1.2517029063019436e-05
tzv.	O=0.999974250793457|NORM=2.534058876335621e-05
igaming	O=0.999864935874939|NORM=0.0001336757850367576
http://t.co/yp1o5a9b9q	O=0.9999886751174927|NORM=1.104118382500019e-05
#igaming	O=0.999984860420227|NORM=1.474406508350512e-05
#bitcoin	O=0.9999884366989136|NORM=1.1232940778427292e-05
@bitcoingg	O=0.9999865293502808|NORM=1.3185987882025074e-05

danas	O=0.9999805688858032|NORM=1.863841498561669e-05
i	O=0.9999802112579346|NORM=1.9613298718468286e-05
sutra	O=0.9999611377716064|NORM=3.8402875361498445e-05
sunčano	O=0.9999297857284546|NORM=6.902683526277542e-05
i	O=0.9999784231185913|NORM=2.1316282072803006e-05
vruće	O=0.9999533891677856|NORM=4.625533983926289e-05
,	O=0.9999877214431763|NORM=1.1329662811476737e-05
ali	O=0.9999637603759766|NORM=3.594551526475698e-05
kasno	O=0.9999330043792725|NORM=6.673921598121524e-05
popodne	O=0.9998683929443359|NORM=0.00013096551992930472
možda	O=0.9999412298202515|NORM=5.8449611969990656e-05
kraći	O=0.9999251365661621|NORM=7.468886178685352e-05
grmljavinski	O=0.7569504976272583|NORM=0.24303963780403137
pljusak	O=0.9997652173042297|NORM=0.0002337439073016867
.	O=0.9999895095825195|NORM=9.245703950000461e-06

http://t.co/xxa1k129vh	O=0.9999860525131226|NORM=1.3654318536282517e-05
via	O=0.9997528195381165|NORM=0.00024663403746671975
@volim_meso	O=0.9999312162399292|NORM=6.851523357909173e-05
om	O=0.9967343807220459|NORM=0.003264415543526411
nom	O=0.9867058396339417|NORM=0.013291051611304283
itd	NORM=0.9497432112693787|O=0.050236646085977554
#volimmeso	O=0.9999605417251587|NORM=3.92018337151967e-05

koliko	O=0.9999277591705322|NORM=7.208756869658828e-05
meni	O=0.9999849796295166|NORM=1.475778208259726e-05
fali	O=0.9999421834945679|NORM=5.7221765018766746e-05
igranje	O=0.9999595880508423|NORM=4.0013772377278656e-05
i	O=0.9999805688858032|NORM=1.912285733851604e-05
treniranje	O=0.9999380111694336|NORM=6.140033656265587e-05
nogometa	O=0.9997714161872864|NORM=0.00022719505068380386
to	O=0.9999830722808838|NORM=1.6495021554874256e-05
je	O=0.9999713897705078|NORM=2.8448563170968555e-05
strasno	NORM=0.9971701502799988|O=0.002810866804793477
,	O=0.9999910593032837|NORM=8.045270988077391e-06
a	O=0.9999829530715942|NORM=1.6755466276663356e-05
sad	O=0.999974250793457|NORM=2.5545743483235128e-05
nestignem	O=0.9801315665245056|NORM=0.019847653806209564
.....	O=0.9999825954437256|NORM=1.6932803191593848e-05
#true	O=0.9999929666519165|NORM=6.699681307509309e-06
#miss	O=0.9996746778488159|NORM=0.0003132770652882755
#football	O=0.9999517202377319|NORM=4.248549885232933e-05
#love	O=0.9999864101409912|NORM=1.3000548278796487e-05

mi	O=0.9996010661125183|NORM=0.0003980514011345804
sto	NORM=0.999743640422821|O=0.0002316563914064318
jos	NORM=0.9996733665466309|O=0.00029968624585308135
nesto	NORM=0.9996283054351807|O=0.00035590294282883406
radimo	O=0.9999569654464722|NORM=4.248899858794175e-05
njima	O=0.9999374151229858|NORM=6.212767766555771e-05
je	O=0.9999716281890869|NORM=2.8040361939929426e-05
u	O=0.9999841451644897|NORM=1.5594850992783904e-05
cilju	O=0.9992488026618958|NORM=0.0007475413731299341
da	O=0.9999536275863647|NORM=4.572766556520946e-05
nas	O=0.9999071359634399|NORM=9.237421181751415e-05
kazne	O=0.9998010993003845|NORM=0.00019566381524782628

dijete	O=0.9999343156814575|NORM=6.542018672917038e-05
za	O=0.9999507665634155|NORM=4.8976351536111906e-05
ručkom	O=0.999796450138092|NORM=0.0002030635077971965
primjeti	O=0.9628041982650757|NORM=0.03718971833586693
da	O=0.9999791383743286|NORM=2.0430126824066974e-05
djevojka	O=0.9934437274932861|NORM=0.006548922974616289
njegova	O=0.9999239444732666|NORM=7.574999472126365e-05
brata	O=0.9996732473373413|NORM=0.00032610708149150014
voli	O=0.9999761581420898|NORM=2.3516948203905486e-05
sarmu	O=0.9980210065841675|NORM=0.0019730920903384686
.	O=0.999988317489624|NORM=9.935919479175936e-06

let	O=0.9999814033508301|NORM=1.7692564142635092e-05
the	O=0.9999792575836182|NORM=1.9195258573745377e-05
perfect	O=0.9999698400497437|NORM=2.9785913284285925e-05
christmas	O=0.9991334080696106|NORM=0.0008624611073173583
eve	O=0.9874837398529053|NORM=0.012514139525592327
begin	O=0.9999663829803467|NORM=3.246260530431755e-05
!	O=0.9999924898147583|NORM=5.307736500981264e-06

-	O=0.9999918937683105|NORM=7.071226718835533e-06
moj	O=0.9999822378158569|NORM=1.6996331396512687e-05
prijatelj	O=0.9999665021896362|NORM=3.269126682425849e-05
uvijek	O=0.9999902248382568|NORM=9.08135189092718e-06
nađe	O=0.9999732971191406|NORM=2.5684694264782593e-05
prave	O=0.9999743700027466|NORM=2.5105795430135913e-05
riječi	O=0.9999643564224243|NORM=3.477418431430124e-05
utjehe	O=0.999836802482605|NORM=0.0001620496332179755
za	O=0.9999842643737793|NORM=1.4897722394380253e-05
mene	O=0.9999908208847046|NORM=8.101551429717802e-06

@blueangel1802	O=0.9999918937683105|NORM=7.395656666631112e-06
a	O=0.9999809265136719|NORM=1.8774824638967402e-05
trudim	O=0.9999754428863525|NORM=2.4210183255490847e-05
se	O=0.9999806880950928|NORM=1.9109824279439636e-05
veselit	NORM=0.9998171925544739|O=0.000165146921062842
suncu	O=0.9980295300483704|NORM=0.0019667104352265596
ujutro	O=0.9999790191650391|NORM=2.001371467486024e-05
jer	O=0.9999425411224365|NORM=5.712859638151713e-05
je	O=0.999985933303833|NORM=1.3894242329115514e-05
to	O=0.9999852180480957|NORM=1.4276071851782035e-05
obično	O=0.9999575614929199|NORM=4.2255061998730525e-05
zadnja	O=0.9999388456344604|NORM=6.0980048147030175e-05
prilika	O=0.9999746084213257|NORM=2.509849946363829e-05
za	O=0.9999834299087524|NORM=1.6326939658029005e-05
veselje	O=0.9999246597290039|NORM=7.481208012904972e-05
u	O=0.999976396560669|NORM=2.3252927348949015e-05
danu	O=0.9998028874397278|NORM=0.00019499800691846758
:d	O=0.9999216794967651|NORM=7.681990246055648e-05

""	O=0.9998939037322998|NORM=0.00010140341328224167
mi	O=0.9998921155929565|NORM=0.00010714321251725778
,	O=0.9999641180038452|NORM=3.365751763340086e-05
ujedinjeni	O=0.9999129772186279|NORM=8.677200821693987e-05
narodi	O=0.9999492168426514|NORM=5.041686745244078e-05
,	O=0.9999852180480957|NORM=1.3050855159235653e-05
odlučni	O=0.9998680353164673|NORM=0.00013143492105882615
smo	O=0.9999344348907471|NORM=6.542768096551299e-05
sačuvati	O=0.9999130964279175|NORM=8.611390512669459e-05
buduća	O=0.9996123909950256|NORM=0.0003870961954817176
pokoljenja	O=0.9999279975891113|NORM=7.145542622311041e-05
od	O=0.9999639987945557|NORM=3.569301770767197e-05
užasa	O=0.9998767375946045|NORM=0.0001226161402883008
rata	O=0.9998822212219238|NORM=0.00011446345888543874
"	O=0.9999724626541138|NORM=2.6053367037093267e-05
.	O=0.9999895095825195|NORM=8.127751243591774e-06

i	O=0.9999791383743286|NORM=2.0584533558576368e-05
sutra	O=0.9999160766601562|NORM=8.353486919077113e-05
ovako	O=0.9999138116836548|NORM=8.58569037518464e-05
.	O=0.9999903440475464|NORM=7.221583928185282e-06

prošli	O=0.9999680519104004|NORM=3.1494415452471e-05
su	O=0.999974250793457|NORM=2.546916584833525e-05
izbori	O=0.999984860420227|NORM=1.4694091987621505e-05
za	O=0.9999771118164062|NORM=2.2472366254078224e-05
naše	O=0.9978542923927307|NORM=0.0021383604034781456
žpv	O=0.994125485420227|NORM=0.005871319677680731
.	O=0.9999908208847046|NORM=7.2676562012929935e-06

u	O=0.9999892711639404|NORM=1.0405756256659515e-05
potrazi	O=0.9998763799667358|NORM=0.00012237801274750382
za	O=0.9999775886535645|NORM=2.185100493079517e-05
hrvatskom	O=0.9956490397453308|NORM=0.00434838654473424
riječju	O=0.9986481070518494|NORM=0.0013507462572306395
za	O=0.99992835521698|NORM=7.083996752044186e-05
‘	O=0.9999334812164307|NORM=6.592241697944701e-05
selfie	O=0.9963468909263611|NORM=0.003647226607427001
’	O=0.9998786449432373|NORM=0.00012076260463800281
najčešće	O=0.9999450445175171|NORM=5.380811126087792e-05
se	O=0.9999892711639404|NORM=1.0481699064257555e-05
spominje	O=0.9999630451202393|NORM=3.657396518974565e-05
–	O=0.999931812286377|NORM=6.736871000612155e-05
‘	O=0.9999716281890869|NORM=2.757553374976851e-05
sebić	O=0.9943333864212036|NORM=0.005634853150695562
'	O=0.9998090863227844|NORM=0.00018982017354574054
...	O=0.9999731779098511|NORM=2.4779717932688072e-05

@dobrilado	O=0.9999865293502808|NORM=1.1880983038281556e-05
da	O=0.999613344669342|NORM=0.0003858925774693489
:(	O=0.9999518394470215|NORM=4.016980165033601e-05

@ruzina	O=0.9999868869781494|NORM=1.2848774531448726e-05
@automaniahr	O=0.9999921321868896|NORM=7.613696197950048e-06
upratio	O=0.9997045397758484|NORM=0.00029472471214830875
.	O=0.9999912977218628|NORM=7.613391971972305e-06

tako	O=0.9999666213989258|NORM=3.314546120236628e-05
je	O=0.9999768733978271|NORM=2.2982494556345046e-05
to	O=0.9999783039093018|NORM=2.0805498934350908e-05
kad	O=0.9999902248382568|NORM=9.103063348447904e-06
voliš	O=0.9999430179595947|NORM=5.570703069679439e-05
čovjeka	O=0.9999821186065674|NORM=1.6804067854536697e-05
od	O=0.9999682903289795|NORM=3.130791810690425e-05
2	O=0.9978932738304138|NORM=0.002025572583079338
metra	O=0.9999178647994995|NORM=8.138838165905327e-05
!	O=0.9999871253967285|NORM=9.784366739040706e-06

and	O=0.9999898672103882|NORM=9.200171916745603e-06
the	O=0.999930739402771|NORM=6.555535219376907e-05
weird	O=0.9988293051719666|NORM=0.0011673115659505129
list	O=0.9996702671051025|NORM=0.0003239048528485
goes	O=0.9999772310256958|NORM=2.1660656784661114e-05
on	O=0.999911904335022|NORM=8.627171337138861e-05
...	O=0.9999837875366211|NORM=1.381728179694619e-05

jok	O=0.9981929659843445|NORM=0.001806527958251536
deca	NORM=0.9983599781990051|O=0.0016316806431859732
nad	NORM=0.5709167122840881|O=0.42904672026634216
cim	NORM=0.999800980091095|O=0.00017406282131560147
vi	O=0.9999243021011353|NORM=7.531113806180656e-05
kukate	O=0.9991763234138489|NORM=0.0008228791411966085
?	O=0.9999852180480957|NORM=1.2795317161362618e-05

pak	O=0.9994531273841858|NORM=0.0005460313404910266
je	O=0.9999555349349976|NORM=4.399961107992567e-05
velik	O=0.9999560117721558|NORM=4.355654527898878e-05
ko	NORM=0.9987779259681702|O=0.0011954200454056263
šupak	O=0.9994874000549316|NORM=0.0005089780897833407
i	O=0.9999868869781494|NORM=1.2865781172877178e-05
masu	O=0.9989144802093506|NORM=0.0010848450474441051
likova	O=0.9999444484710693|NORM=5.516411329153925e-05
kliže	O=0.9999734163284302|NORM=2.6112022169400007e-05
.	O=0.9999902248382568|NORM=8.428372893831693e-06

@ancica	O=0.999982476234436|NORM=1.7185253454954363e-05
i	O=0.9999866485595703|NORM=1.3039714758633636e-05
to	O=0.9999617338180542|NORM=3.686126001412049e-05
je	O=0.9999773502349854|NORM=2.2592192181036808e-05
jedan	O=0.9999406337738037|NORM=5.887464067200199e-05
od	O=0.9999097585678101|NORM=8.973113290267065e-05
nacina	NORM=0.9966957569122314|O=0.0032868897542357445
...	O=0.9999750852584839|NORM=2.3788303224137053e-05

@kratkevijesti	O=0.9999926090240479|NORM=7.064302735670935e-06
@lepoticadana	O=0.9999911785125732|NORM=8.538832844351418e-06
odlično	O=0.9997149109840393|NORM=0.00028345073224045336
!	O=0.9999885559082031|NORM=9.26482243812643e-06

rt	O=0.9998770952224731|NORM=0.00012251811858732253
@kvaju	O=0.9999781847000122|NORM=2.1469517378136516e-05
:	O=0.9999803304672241|NORM=1.569714913784992e-05
"	O=0.9999942779541016|NORM=5.088370926387142e-06
evo	O=0.9999854564666748|NORM=1.4307505807664711e-05
savjeta	O=0.999902606010437|NORM=9.685622353572398e-05
za	O=0.9999808073043823|NORM=1.8728826034930535e-05
solo	O=0.9904126524925232|NORM=0.009525385685265064
ženske	O=0.9997724890708923|NORM=0.00022616198111791164
:	O=0.9999843835830688|NORM=1.4304774595075287e-05
izdepilirajte	O=0.9998378753662109|NORM=0.00016122942906804383
samo	O=0.9999713897705078|NORM=2.7435269657871686e-05
jednu	O=0.9999622106552124|NORM=3.668537101475522e-05
nogu	O=0.9999489784240723|NORM=5.013598274672404e-05
,	O=0.9999818801879883|NORM=1.5396648450405337e-05
pa	O=0.9999632835388184|NORM=3.617104812292382e-05
kad	O=0.9999792575836182|NORM=2.010447315115016e-05
legnete	O=0.9956963062286377|NORM=0.004301372449845076
spavati	O=0.9989805817604065|NORM=0.0010181296383962035
imat	O=0.9956846237182617|NORM=0.00431365380063653
ćete	O=0.999861478805542|NORM=0.00013797941210214049
osjećaj	O=0.9999548196792603|NORM=4.395638461573981e-05
da	O=0.9999700784683228|NORM=2.952119211840909e-05
ležite	O=0.9997132420539856|NORM=0.00028552982257679105
pored	O=0.9999258518218994|NORM=7.347397331614047e-05
momka	O=0.999929666519165|NORM=6.949546514078975e-05
...	O=0.9999804496765137|NORM=1.816802796383854e-05
"	O=0.9999880790710449|NORM=1.0496902177692391e-05

tako	O=0.9999411106109619|NORM=5.875558781553991e-05
pred	O=0.9998989105224609|NORM=0.00010084362293127924
vijestima	O=0.9998883008956909|NORM=0.0001107783755287528
glumite	O=0.9998395442962646|NORM=0.00015969666128512472
da	O=0.9999761581420898|NORM=2.3520424292655662e-05
ste	O=0.9999468326568604|NORM=5.2585903176805004e-05
uznemireni	O=0.9998620748519897|NORM=0.0001365703355986625
i	O=0.9999794960021973|NORM=2.0214754840708338e-05
šokirani	O=0.9999103546142578|NORM=8.76362610142678e-05
,	O=0.9999864101409912|NORM=1.1416601410019211e-05
jer	O=0.9994577765464783|NORM=0.000541551155038178
to	O=0.9999817609786987|NORM=1.765118031471502e-05
je	O=0.9999556541442871|NORM=4.4175496441312134e-05
način	O=0.9999531507492065|NORM=4.61947602161672e-05
na	O=0.99972003698349|NORM=0.000279206462437287
koji	O=0.9999352693557739|NORM=6.402453436749056e-05
vijesti	O=0.9998281002044678|NORM=0.00017106141604017466
požele	O=0.9992840886116028|NORM=0.0007153701153583825
dobar	O=0.9999700784683228|NORM=2.9517786970245652e-05
dan	O=0.9999657869338989|NORM=3.359968832228333e-05
+	O=0.9996682405471802|NORM=0.00033106180489994586

ne	O=0.9999785423278809|NORM=2.0909674276481383e-05
volim	O=0.9999752044677734|NORM=2.4260563805000857e-05
kad	O=0.9999905824661255|NORM=8.984854503069073e-06
nisam	O=0.9999866485595703|NORM=1.3080168173473794e-05
jedina	O=0.999946117401123|NORM=5.319351112120785e-05
životinja	O=0.9998995065689087|NORM=9.987377416109666e-05
u	O=0.9999734163284302|NORM=2.6299610908608884e-05
kućanstvu	O=0.9997076392173767|NORM=0.000290190102532506
,	O=0.9999885559082031|NORM=1.0065341484732926e-05
ali	O=0.9999635219573975|NORM=3.6053032090421766e-05
brancinu	NORM=0.6674475073814392|O=0.33247822523117065
opraštam	O=0.9949315190315247|NORM=0.005057755392044783
.	O=0.9999914169311523|NORM=7.625004855071893e-06

zar	O=0.9995483756065369|NORM=0.00045047266758047044
stvarno	O=0.9999635219573975|NORM=3.589881453081034e-05
nemamo	O=0.999940037727356|NORM=5.894617788726464e-05
pametnijeg	O=0.9998679161071777|NORM=0.00013177616347093135
posla	O=0.9999756813049316|NORM=2.397088974248618e-05
nego	O=0.999961256980896|NORM=3.8176189264049754e-05
organizirati	O=0.9999649524688721|NORM=3.451128941378556e-05
slavlje	O=0.9998036026954651|NORM=0.0001958252105396241
na	O=0.9999769926071167|NORM=2.261393456137739e-05
trgu	O=0.9999520778656006|NORM=4.745803016703576e-05
povodom	O=0.999940037727356|NORM=5.919015166000463e-05
ciboninog	O=0.951191782951355|NORM=0.048799511045217514
osvajanja	O=0.9999701976776123|NORM=2.9180018827901222e-05
naslova	O=0.9999556541442871|NORM=4.398816599859856e-05
prvaka	O=0.999961256980896|NORM=3.8191559724509716e-05
jedne	O=0.9999595880508423|NORM=4.013840589323081e-05
beznačajne	O=0.9999537467956543|NORM=4.611379699781537e-05
lige	O=0.9998979568481445|NORM=0.00010120742081198841
???	O=0.9999504089355469|NORM=4.6351160563062876e-05

:d	O=0.999964714050293|NORM=3.199506681994535e-05

ako	O=0.9999741315841675|NORM=2.571069126133807e-05
znate	O=0.9998396635055542|NORM=0.00015971662651281804
da	O=0.9999709129333496|NORM=2.8825179470004514e-05
je	O=0.999985933303833|NORM=1.3924022823630366e-05
tako	O=0.9999703168869019|NORM=2.926948764070403e-05
,	O=0.9999896287918091|NORM=9.486133421887644e-06
poduzmite	O=0.9999463558197021|NORM=5.323392178979702e-05
daljnje	O=0.9999475479125977|NORM=5.217617217567749e-05
korake	O=0.9999558925628662|NORM=4.3531083065317944e-05
,	O=0.9999876022338867|NORM=1.1421658200561069e-05
u	O=0.9999704360961914|NORM=2.9459779398166575e-05
suprotnom	O=0.9995070695877075|NORM=0.0004912813892588019
optužujete	O=0.9996609687805176|NORM=0.00033865871955640614
nedužnu	O=0.9993921518325806|NORM=0.0006070171948522329
osobu	O=0.9999796152114868|NORM=1.9698332835105248e-05
.	O=0.9999871253967285|NORM=1.0887096323131118e-05

anonimno	O=0.9998487234115601|NORM=0.00015032137162052095
.	O=0.9999898672103882|NORM=8.67571998242056e-06

uživate	O=0.9999200105667114|NORM=7.930993888294324e-05
li	O=0.9999843835830688|NORM=1.531809539301321e-05
u	O=0.9999876022338867|NORM=1.2074379810655955e-05
lijepom	O=0.9999182224273682|NORM=8.134487870847806e-05
ljetnom	O=0.99982750415802|NORM=0.00017181634029839188
danu	O=0.9998993873596191|NORM=9.95654336293228e-05
?	O=0.999984622001648|NORM=1.2791600056516472e-05

(	O=0.999990701675415|NORM=8.931878255680203e-06
najava	O=0.9999762773513794|NORM=2.3577111278427765e-05
)	O=0.9999743700027466|NORM=2.4942202799138613e-05
sutra	O=0.9999749660491943|NORM=2.4757677238085307e-05
organiziramo	O=0.9999442100524902|NORM=5.538122059078887e-05
#javnarasprava	O=0.99998939037323|NORM=1.0282437870046124e-05
na	O=0.9999737739562988|NORM=2.5815128537942655e-05
temu	O=0.9999804496765137|NORM=1.9168299331795424e-05
#zaštitapodataka	O=0.9999148845672607|NORM=8.481457916786894e-05
u	O=0.9999744892120361|NORM=2.5126397304120474e-05
kući	O=0.9998669624328613|NORM=0.00013239795225672424
europe	O=0.9905542731285095|NORM=0.009444505907595158
.	O=0.9999934434890747|NORM=5.853815309819765e-06

kao	O=0.999951958656311|NORM=4.734180402010679e-05
ni	O=0.9994503855705261|NORM=0.0005490417242981493
ja	O=0.9996742010116577|NORM=0.00032325193751603365
odgovoriti	O=0.9998282194137573|NORM=0.00017111969646066427

danas	O=0.9999387264251709|NORM=6.0707265220116824e-05
sam	O=0.9998162388801575|NORM=0.00018340548558626324
vidila	NORM=0.9995812773704529|O=0.000409724103519693
lika	O=0.99974125623703|NORM=0.0002573074016254395
s	O=0.9999799728393555|NORM=1.971753044927027e-05
japankama	O=0.9954246878623962|NORM=0.004573307931423187
na	O=0.999774158000946|NORM=0.00022537153563462198
kojima	O=0.9999420642852783|NORM=5.7752058637561277e-05
pise	NORM=0.9996720552444458|O=0.0003154552250634879
twitter	NORM=0.7370376586914062|O=0.26293501257896423
,	O=0.9999730587005615|NORM=2.6261979655828327e-05
taman	O=0.9996466636657715|NORM=0.00035288408980704844
kad	O=0.999937891960144|NORM=6.176273745950311e-05
sam	O=0.9955753087997437|NORM=0.004423327278345823
posla	NORM=0.931843101978302|O=0.0681425929069519
slikat	NORM=0.9971686005592346|O=0.0026521498803049326
dosla	NORM=0.9988852143287659|O=0.001107415184378624
na	O=0.9999319314956665|NORM=6.780301191611215e-05
red	O=0.9994537234306335|NORM=0.000545877031981945
u	O=0.9997732043266296|NORM=0.0002266626397613436
mcdonaldsa	NORM=0.7062708735466003|O=0.2935439348220825
i	O=0.9999566078186035|NORM=4.321575761423446e-05
jebiga	NORM=0.9987810254096985|O=0.0012133828131482005
.	O=0.9999889135360718|NORM=1.0205022590525914e-05

jednom	O=0.9998910427093506|NORM=0.00010783338802866638
davno	O=0.9997318387031555|NORM=0.00026747191441245377
u	O=0.9999750852584839|NORM=2.4668732294230722e-05
japanu	O=0.9951514005661011|NORM=0.004817098379135132
,	O=0.9999840259552002|NORM=1.5092517060111277e-05
muškarac	O=0.9999250173568726|NORM=7.450580596923828e-05
je	O=0.9999823570251465|NORM=1.745871122693643e-05
poslije	O=0.9999805688858032|NORM=1.907762634800747e-05
vođenja	O=0.9990559220314026|NORM=0.0009428550838492811
ljubavi	O=0.9947987794876099|NORM=0.005198284052312374
ženi	O=0.9998600482940674|NORM=0.00013890129048377275
morao	O=0.999805748462677|NORM=0.00019336228433530778
napisati	O=0.999936580657959|NORM=6.301590474322438e-05
pjesmu	O=0.9997765421867371|NORM=0.00022162824461702257
i	O=0.9999657869338989|NORM=3.3896041713887826e-05
isporučiti	O=0.9993452429771423|NORM=0.0006510994862765074
je	O=0.999976396560669|NORM=2.3420623620040715e-05
prije	O=0.9999821186065674|NORM=1.7232121535926126e-05
nego	O=0.999929666519165|NORM=6.976992881391197e-05
se	O=0.9999760389328003|NORM=2.3881268134573475e-05
ona	O=0.9999587535858154|NORM=4.014377191197127e-05
probudi	O=0.9997256398200989|NORM=0.00027042420697398484
.	O=0.9999872446060181|NORM=1.1514760444697458e-05

kaže	O=0.9999717473983765|NORM=2.80746680800803e-05
mi	O=0.9999629259109497|NORM=3.642651063273661e-05
susjed	O=0.9996554851531982|NORM=0.0003439441788941622
danac	O=0.9977114200592041|NORM=0.0022860183380544186
maločas	NORM=0.9039053916931152|O=0.09607809782028198
da	O=0.999958872795105|NORM=4.0784580050967634e-05
u	O=0.9999556541442871|NORM=4.4105108827352524e-05
uredu	O=0.9833247661590576|NORM=0.016596263274550438
imaju	O=0.9999803304672241|NORM=1.9118273485219106e-05
pročišćivač	O=0.9997726082801819|NORM=0.0002269025717396289
i	O=0.9999617338180542|NORM=3.79832272301428e-05
osvježivač	O=0.9998530149459839|NORM=0.0001466268440708518
zraka	O=0.9999240636825562|NORM=7.566993735963479e-05
jer	O=0.9999070167541504|NORM=9.274936746805906e-05
ima	O=0.9999704360961914|NORM=2.9408383852569386e-05
puno	O=0.9999556541442871|NORM=4.414432987687178e-05
indijaca	NORM=0.6014900803565979|O=0.3984805643558502
a	O=0.9999727010726929|NORM=2.701402991078794e-05
oni	O=0.9998828172683716|NORM=0.00011594949319260195
malo	O=0.9999244213104248|NORM=7.533068855991587e-05
smrde	O=0.9997922778129578|NORM=0.00020707542716991156
.	O=0.9999902248382568|NORM=8.94478853297187e-06

http://t.co/my3tpjrj58	O=0.9999880790710449|NORM=1.1571616596484091e-05
#omizio	O=0.9999881982803345|NORM=1.1470666322566103e-05

napravili	O=0.9998651742935181|NORM=0.000133649940835312
su	O=0.9999340772628784|NORM=6.561717600561678e-05
na	O=0.9999750852584839|NORM=2.4698723791516386e-05
studomatu	O=0.9198136925697327|NORM=0.07998646050691605
da	O=0.9999778270721436|NORM=2.168539140257053e-05
možeš	O=0.9999130964279175|NORM=8.646299102110788e-05
sharati	O=0.9873215556144714|NORM=0.012648772448301315
na	O=0.9999722242355347|NORM=2.7401718398323283e-05
twitteru	O=0.993895947933197|NORM=0.006091280374675989
/	O=0.9995114803314209|NORM=0.00048781331861391664
fbu	O=0.8923320174217224|NORM=0.10758760571479797
da	O=0.999963641166687|NORM=3.580246993806213e-05
si	O=0.9998971223831177|NORM=0.00010247712634736672
prijavio	O=0.9997997879981995|NORM=0.00019910524133592844
ispit	O=0.9997912049293518|NORM=0.00020841509103775024
.	O=0.9999901056289673|NORM=9.172062163997907e-06

drugi	O=0.9999206066131592|NORM=7.882446516305208e-05
put	O=0.9999744892120361|NORM=2.5036413717316464e-05
ne	O=0.9999808073043823|NORM=1.8802615159074776e-05
trčite	O=0.9997310042381287|NORM=0.0002678479650057852
preko	O=0.9999368190765381|NORM=6.286495772656053e-05
pješačkog	O=0.9997186064720154|NORM=0.0002795204345602542
nego	O=0.9998476505279541|NORM=0.00015184577205218375
pozirajte	O=0.9974945783615112|NORM=0.0025015478022396564
da	O=0.9999703168869019|NORM=2.912736454163678e-05
se	O=0.9999563694000244|NORM=4.333001561462879e-05
i	O=0.9999794960021973|NORM=2.0139154003118165e-05
ja	O=0.9999845027923584|NORM=1.5222522051772103e-05
mogu	O=0.9999655485153198|NORM=3.373498111614026e-05
pripremit	NORM=0.9991494417190552|O=0.000760147231630981

mislite	O=0.9998121857643127|NORM=0.0001866050297394395
li	O=0.9999772310256958|NORM=2.245283394586295e-05
da	O=0.999975323677063|NORM=2.4376036890316755e-05
kad	O=0.9999891519546509|NORM=1.0402520274510607e-05
odrastemo	O=0.9998869895935059|NORM=0.00011222909233765677
,	O=0.999974250793457|NORM=2.3130569388740696e-05
ma	O=0.9995716214179993|NORM=0.0004262376460246742
što	O=0.9999476671218872|NORM=5.186645648791455e-05
god	O=0.9990746974945068|NORM=0.0009203363442793489
radili	O=0.9989011287689209|NORM=0.0010968073038384318
,	O=0.9999831914901733|NORM=1.5668569176341407e-05
nećemo	O=0.9998853206634521|NORM=0.00011410816659918055
moći	O=0.9999299049377441|NORM=6.953870615689084e-05
izbjeći	O=0.9999457597732544|NORM=5.394754771259613e-05
da	O=0.9999760389328003|NORM=2.3641929146833718e-05
postanemo	O=0.9999446868896484|NORM=5.477300510392524e-05
isti	O=0.9995711445808411|NORM=0.00042807013960555196
svoji	O=0.9998977184295654|NORM=0.00010192464833380654
roditelji	O=0.9999368190765381|NORM=6.256369670154527e-05
?	O=0.9999808073043823|NORM=1.5492663806071505e-05

ne	O=0.9999599456787109|NORM=3.9644393837079406e-05
smiješ	O=0.99992835521698|NORM=7.099781942088157e-05
sisati	O=0.9998447895050049|NORM=0.0001546153362141922
jače	O=0.999798595905304|NORM=0.00020019618386868387
od	O=0.9999285936355591|NORM=7.099580398062244e-05
1600	O=0.9994124174118042|NORM=0.0005865101120434701
vati	O=0.9534833431243896|NORM=0.04650752618908882
?	O=0.9999773502349854|NORM=1.9309351046103984e-05

@vandosevic	O=0.999982476234436|NORM=1.729801806504838e-05
,	O=0.9999818801879883|NORM=1.556655297463294e-05
not	O=0.999934196472168|NORM=5.938804315519519e-05
bad	O=0.9999686479568481|NORM=2.9361279302975163e-05
.	O=0.9999898672103882|NORM=7.717228072579019e-06

kako	O=0.9997599720954895|NORM=0.00023972862982191145
mislis	NORM=0.9997370839118958|O=0.00024809627211652696
,	O=0.9996641874313354|NORM=0.00033449268084950745
eminu	NORM=0.9693293571472168|O=0.030658571049571037
dozivljavas	NORM=0.9996230602264404|O=0.00036801351234316826
pjevacicom	NORM=0.9990952014923096|O=0.0008960994891822338
zavidnog	O=0.9998043179512024|NORM=0.00019551969307940453
glasa	O=0.9992086291313171|NORM=0.0007906433311291039
???	O=0.9999419450759888|NORM=5.550397690967657e-05

kraj	O=0.9999425411224365|NORM=5.727955067413859e-05
sezone	O=0.9998898506164551|NORM=0.00010822299373103306
je	O=0.9999593496322632|NORM=4.045575042255223e-05
,	O=0.9999879598617554|NORM=1.0331363228033297e-05
propisno	O=0.9835786819458008|NORM=0.016418995335698128
sam	O=0.9999173879623413|NORM=8.204655023291707e-05
strgana	O=0.9995381832122803|NORM=0.00046051881508901715
.	O=0.9999911785125732|NORM=6.890048098284751e-06

@alxivnttc	O=0.9999828338623047|NORM=1.665090530877933e-05
tesko	NORM=0.9985194802284241|O=0.0014703314518555999
radi	O=0.9993388056755066|NORM=0.0006598004256375134
velikih	O=0.9998420476913452|NORM=0.00015765165153425187
ulaganja	O=0.9999736547470093|NORM=2.5945713787223212e-05
u	O=0.9999743700027466|NORM=2.5442075639148243e-05
infrastrukturu	O=0.9998639822006226|NORM=0.00013570464216172695
ali	O=0.9998416900634766|NORM=0.00015796041407156736
uskoro	O=0.9995321035385132|NORM=0.0004653607029467821
cemo	NORM=0.999441921710968|O=0.0005522940773516893
imati	O=0.9994970560073853|NORM=0.0005020370590500534
gradsku	O=0.9973487854003906|NORM=0.0026502523105591536
zeljeznicu	O=0.5167799592018127|NORM=0.48320674896240234
ukljucenu	NORM=0.9991955161094666|O=0.0007989736623130739
u	O=0.9999661445617676|NORM=3.371322600287385e-05
javni	O=0.9999240636825562|NORM=7.574408664368093e-05
gradski	O=0.9997727274894714|NORM=0.00022699785768054426
promet	O=0.9998725652694702|NORM=0.00012692829477600753

okačiš	O=0.9987702965736389|NORM=0.0012290691956877708
523	O=0.9902164936065674|NORM=0.009780222550034523
mutne	O=0.999914288520813|NORM=8.520138362655416e-05
kvazislike	O=0.9286954402923584|NORM=0.07129160314798355
raslinja	O=0.7856483459472656|NORM=0.2143363505601883
uz	O=0.9998894929885864|NORM=0.00010950962314382195
cestu	O=0.9999607801437378|NORM=3.865157123073004e-05
,	O=0.9999827146530151|NORM=1.6672258425387554e-05
šoferšajbe	O=0.9753686189651489|NORM=0.024622075259685516
i	O=0.9999707937240601|NORM=2.8938875402673148e-05
ofarbanih	O=0.9924161434173584|NORM=0.007583052851259708
nožnih	O=0.9998892545700073|NORM=0.00011054471542593092
noktiju	O=0.9999175071716309|NORM=8.227991202147678e-05
na	O=0.9998948574066162|NORM=0.00010484235099283978
#fejs	O=0.99997878074646|NORM=2.085811684082728e-05
.	O=0.9999921321868896|NORM=6.675472377537517e-06

od	O=0.9999736547470093|NORM=2.593235512904357e-05
nove	O=0.9999653100967407|NORM=3.447971903369762e-05
gradiške	O=0.99985671043396|NORM=0.00014262093463912606
do	O=0.9999843835830688|NORM=1.5312984032789245e-05
kruševa	O=0.9998513460159302|NORM=0.00014723501226399094
:	O=0.9999781847000122|NORM=2.0968258468201384e-05
krenuo	O=0.9999502897262573|NORM=4.9228448915528134e-05
je	O=0.999985933303833|NORM=1.3935486094851512e-05
maraton	O=0.999833345413208|NORM=0.0001645904703764245
u	O=0.9999858140945435|NORM=1.3972372471471317e-05
čast	O=0.999771773815155|NORM=0.00022765192261431366
toši	O=0.999819815158844|NORM=0.00017928968009073287
http://t.co/zvbunqgaje	O=0.9999861717224121|NORM=1.367717868561158e-05
via	O=0.9995020627975464|NORM=0.0004970391164533794
@24sata_hr	O=0.9999892711639404|NORM=1.0584602023300249e-05

ovo	O=0.9999793767929077|NORM=2.0434261386981234e-05
je	O=0.9999620914459229|NORM=3.7797002732986584e-05
važna	O=0.9999823570251465|NORM=1.7414495232515037e-05
obavijest	O=0.9998904466629028|NORM=0.00010933807061519474
.	O=0.999993085861206|NORM=5.721962224924937e-06

neki	O=0.999972939491272|NORM=2.6467600036994554e-05
tviteraš	O=0.9898782968521118|NORM=0.010120096616446972
zna	O=0.9999903440475464|NORM=9.359945579490159e-06
di	NORM=0.9996132254600525|O=0.0003384810988791287
živin	NORM=0.9707552790641785|O=0.029230011627078056
.	O=0.9999922513961792|NORM=6.2392668951360974e-06

@mrenic	O=0.9999593496322632|NORM=4.016903039882891e-05
nasla	NORM=0.9973363280296326|O=0.002655333373695612
si	O=0.9993112087249756|NORM=0.0006882941233925521
koga	O=0.9997947812080383|NORM=0.00020457639766391367
ces	NORM=0.9995293617248535|O=0.00045585137559100986
pitati	O=0.99992835521698|NORM=7.137289503589272e-05
...	O=0.9999681711196899|NORM=3.092018232564442e-05

ne	O=0.999935507774353|NORM=6.398847472155467e-05
razumin	NORM=0.9997374415397644|O=0.0002522050344850868
zagrepčance	O=0.9965888261795044|NORM=0.0034079726319760084
šta	NORM=0.7970646619796753|O=0.20275934040546417
idu	O=0.9987851977348328|NORM=0.0012136836303398013
gledat	NORM=0.9996107220649719|O=0.0003537133743520826
hokej	O=0.9990612864494324|NORM=0.0009340081596747041
.	O=0.9999898672103882|NORM=8.996732503874227e-06

na	O=0.9998399019241333|NORM=0.0001596548390807584
njihovu	O=0.9994483590126038|NORM=0.0005499757826328278
zalost	NORM=0.6876384019851685|O=0.31234246492385864
tako	O=0.9999269247055054|NORM=7.26526923244819e-05
hrane	O=0.9994996786117554|NORM=0.0004966910928487778
svoj	O=0.9999589920043945|NORM=4.083116800757125e-05
bjedni	O=0.9294251203536987|NORM=0.07054395228624344
ego	O=0.9996095299720764|NORM=0.0003892664681188762
.	O=0.9999880790710449|NORM=1.0386965186626185e-05

5	O=0.9999154806137085|NORM=8.19903943920508e-05
min	O=0.9993935823440552|NORM=0.0006033802637830377
kasnije	O=0.9999638795852661|NORM=3.3044878364307806e-05
:	O=0.9999833106994629|NORM=1.409208016411867e-05
a	O=0.9996538162231445|NORM=0.00034147652331739664
,	O=0.9999617338180542|NORM=3.385661693755537e-05
you're	O=0.9999362230300903|NORM=6.113594281487167e-05
fired	O=0.999976634979248|NORM=2.1463893062900752e-05
!	O=0.9999904632568359|NORM=6.683137144136708e-06

viktor	O=0.9999614953994751|NORM=3.811076021520421e-05
#pelevin	O=0.9999805688858032|NORM=1.910526589199435e-05
,	O=0.9999792575836182|NORM=1.9619845261331648e-05
„	O=0.999961256980896|NORM=3.8182053685886785e-05
princ	O=0.999871015548706|NORM=0.00012769093154929578
ruskog	O=0.9996483325958252|NORM=0.0003508086665533483
postmodernizma	O=0.9999489784240723|NORM=5.037466326029971e-05
“	O=0.999903678894043|NORM=9.306794527219608e-05
,	O=0.9999854564666748|NORM=1.3519294952857308e-05
danas	O=0.9999836683273315|NORM=1.532303576823324e-05
navršava	O=0.9999679327011108|NORM=3.108764940407127e-05
51	O=0.999947190284729|NORM=5.2094710554229096e-05
godinu	O=0.9999526739120483|NORM=4.5504977606469765e-05
http://t.co/ztuf3benkr	O=0.9999854564666748|NORM=1.4126248061074875e-05
#rusija	O=0.9999934434890747|NORM=6.356631729431683e-06
#književnost	O=0.999971866607666|NORM=2.7792320906883106e-05
#kultura	O=0.9999887943267822|NORM=1.0857916095119435e-05

naša	O=0.9999840259552002|NORM=1.5672765584895387e-05
favoritkinja	O=0.9995885491371155|NORM=0.0004106804553885013
je	O=0.9999792575836182|NORM=2.0575465896399692e-05
esmeralda	O=0.9996992349624634|NORM=0.0002983383310493082
pimentel	O=0.999382734298706|NORM=0.0006137618911452591
!	O=0.9999872446060181|NORM=1.0502130862732884e-05

hvala	O=0.9999845027923584|NORM=1.5228605661832262e-05
svim	O=0.999983549118042|NORM=1.6173287804122083e-05
vukovarkama	O=0.9992777705192566|NORM=0.0007197359227575362
i	O=0.9999783039093018|NORM=2.1409143300843425e-05
vukovarcima	O=0.999271810054779|NORM=0.0007269447087310255
koji	O=0.999982476234436|NORM=1.692871592240408e-05
su	O=0.9999748468399048|NORM=2.4942810341599397e-05
danas	O=0.9999831914901733|NORM=1.628170684853103e-05
izašli	O=0.9999631643295288|NORM=3.624217424658127e-05
na	O=0.9999730587005615|NORM=2.6576031814329326e-05
drugi	O=0.9999629259109497|NORM=3.656286935438402e-05
krug	O=0.9999630451202393|NORM=3.617466427385807e-05
izbora	O=0.9999732971191406|NORM=2.5908764655468985e-05
za	O=0.9999806880950928|NORM=1.901138966786675e-05
gradonačelnika	O=0.9994576573371887|NORM=0.0005369269056245685
.	O=0.9999861717224121|NORM=1.2111463547626045e-05

@utikejt	O=0.9999921321868896|NORM=7.484977231797529e-06
@fatherborna	O=0.9999921321868896|NORM=7.519713562942343e-06
no	O=0.9999679327011108|NORM=3.150480551994406e-05
isto	O=0.999931812286377|NORM=6.744706479366869e-05
tako	O=0.9999475479125977|NORM=5.181330561754294e-05
čovjek	O=0.9999604225158691|NORM=3.9036782254697755e-05
može	O=0.9999650716781616|NORM=3.409442797419615e-05
biti	O=0.9999438524246216|NORM=5.583834717981517e-05
kralj	O=0.9997336268424988|NORM=0.0002645671193022281
koji	O=0.9999608993530273|NORM=3.860545257339254e-05
vlastito	O=0.9998775720596313|NORM=0.00012064965994795784
kraljevstvo	O=0.9999154806137085|NORM=8.320922643179074e-05
mijenja	O=0.999519944190979|NORM=0.00047346766223199666
za	O=0.9999370574951172|NORM=6.252351158764213e-05
jednog	O=0.9999393224716187|NORM=6.033819227013737e-05
konja	O=0.9998781681060791|NORM=0.00012132934352848679
poput	O=0.9998419284820557|NORM=0.00015761645045131445
ričarda	O=0.9699187278747559|NORM=0.03002447448670864
iii	NORM=0.7114712595939636|O=0.2885124683380127

well	O=0.9999784231185913|NORM=2.10603484447347e-05
played	O=0.9999604225158691|NORM=3.90223394788336e-05
balkan	O=0.99835205078125|NORM=0.0016461627092212439
,	O=0.9999915361404419|NORM=7.297874162759399e-06
well	O=0.9999822378158569|NORM=1.7054539057426155e-05
played	O=0.999943733215332|NORM=5.27968950336799e-05
:)	O=0.9999884366989136|NORM=9.747219337441493e-06

vrijedi	O=0.9999561309814453|NORM=4.3326497689122334e-05
da	O=0.9999831914901733|NORM=1.6399219020968303e-05
mu	O=0.9999798536300659|NORM=1.9624179913080297e-05
se	O=0.999980092048645|NORM=1.9657600205391645e-05
ljudi	O=0.9999873638153076|NORM=1.2208494808874093e-05
smiju	O=0.9999841451644897|NORM=1.5639472621842287e-05
malo	O=0.9999649524688721|NORM=3.483643740764819e-05
,	O=0.9999866485595703|NORM=1.0063999070553109e-05
zar	O=0.9999581575393677|NORM=4.151552639086731e-05
ne	O=0.9999834299087524|NORM=1.628771860850975e-05
?	O=0.9999887943267822|NORM=8.124831765599083e-06

proglasite	O=0.9999532699584961|NORM=4.628463284461759e-05
me	O=0.9999831914901733|NORM=1.6332371160387993e-05
čime	O=0.9999337196350098|NORM=6.589679105672985e-05
god	O=0.999832034111023|NORM=0.0001664652954787016
hoćete	O=0.9999226331710815|NORM=7.654923683730885e-05
ali	O=0.9999735355377197|NORM=2.5967865440179594e-05
muško	O=0.9991951584815979|NORM=0.0008042586268857121
u	O=0.9999415874481201|NORM=5.7983652368420735e-05
rozim	NORM=0.758635938167572|O=0.24132601916790009
hlačama	O=0.9999057054519653|NORM=9.312707697972655e-05
nije	O=0.999988317489624|NORM=1.1158360393892508e-05
dobro	O=0.9999678134918213|NORM=3.126010415144265e-05
za	O=0.9999898672103882|NORM=9.768329618964344e-06
okolinu	O=0.9999727010726929|NORM=2.6782698114402592e-05
.	O=0.9999898672103882|NORM=8.563914889236912e-06

iz	O=0.9999397993087769|NORM=5.998885535518639e-05
novog	O=0.9999642372131348|NORM=3.550203109625727e-05
broja	O=0.9997279047966003|NORM=0.000271174794761464
banke	O=0.9996967315673828|NORM=0.0003011460939887911
:	O=0.9999840259552002|NORM=1.5347539374488406e-05
hrvatska-slovenija	O=0.9999690055847168|NORM=3.074065534747206e-05
-	O=0.9999831914901733|NORM=1.643101313675288e-05
kapitalnim	O=0.9998716115951538|NORM=0.00012786503066308796
povezivanjem	O=0.9580683708190918|NORM=0.04192622750997543
iz	O=0.9999392032623291|NORM=6.04449087404646e-05
krize	O=0.999904990196228|NORM=9.374255751026794e-05
http://t.co/e9rqojavdq	O=0.9999841451644897|NORM=1.5771156540722586e-05
#analiza	O=0.9999932050704956|NORM=6.5329295466654e-06

@mijicmate	O=0.9999904632568359|NORM=9.161783964373171e-06
ustav	O=0.9995335340499878|NORM=0.00046614801976829767
koji	O=0.9999845027923584|NORM=1.5215685380098876e-05
se	O=0.9999833106994629|NORM=1.6560756193939596e-05
do	O=0.9999897480010986|NORM=9.900802979245782e-06
sada	O=0.9999909400939941|NORM=8.681241524755023e-06
mijenjao	O=0.9999688863754272|NORM=3.056557761738077e-05
10	O=0.9998903274536133|NORM=0.00010730101348599419
puta	O=0.9999797344207764|NORM=2.0015580957988277e-05
i	O=0.9999855756759644|NORM=1.3990889783599414e-05
nije	O=0.9999734163284302|NORM=2.6425946998642758e-05
ustav	O=0.9979975819587708|NORM=0.002001094399020076
,	O=0.9999912977218628|NORM=8.124115993268788e-06
već	O=0.999943733215332|NORM=5.606137710856274e-05
hrpa	O=0.999946117401123|NORM=5.32903904968407e-05
gluposti	O=0.9999243021011353|NORM=7.456389721482992e-05
koje	O=0.9999790191650391|NORM=2.039504579443019e-05
jedna	O=0.9999852180480957|NORM=1.4477604963758495e-05
drugu	O=0.9999681711196899|NORM=3.146713424939662e-05
isključuju	O=0.9999762773513794|NORM=2.3361371859209612e-05
!	O=0.9999920129776001|NORM=7.092007763276342e-06

djeci	O=0.9934418201446533|NORM=0.0065507530234754086
sam	O=0.9999415874481201|NORM=5.799620703328401e-05
pola	O=0.9997192025184631|NORM=0.00027838069945573807
sata	O=0.9999375343322754|NORM=6.216217298060656e-05
govorila	O=0.999943733215332|NORM=5.5652271839790046e-05
da	O=0.9999738931655884|NORM=2.5762228688108735e-05
oblikuju	O=0.9999337196350098|NORM=6.589484110008925e-05
sake	O=0.9300704002380371|NORM=0.06991872191429138
ko	NORM=0.9989610910415649|O=0.0010235868394374847
seflju	NORM=0.712517261505127|O=0.287454217672348
.	O=0.9999862909317017|NORM=1.2245632206031587e-05

kvragu	O=0.9997318387031555|NORM=0.0002653590345289558
,	O=0.999976634979248|NORM=2.180292176490184e-05
zašto	O=0.9999150037765503|NORM=8.360842184629291e-05
ne	O=0.9999740123748779|NORM=2.5384530090377666e-05
mogu	O=0.9999504089355469|NORM=4.551741949399002e-05
biti	O=0.999923825263977|NORM=7.557219942100346e-05
kao	O=0.9999573230743408|NORM=4.2483752622501925e-05
timberlake	O=0.9948886036872864|NORM=0.00510361697524786
?	O=0.9999463558197021|NORM=4.655608790926635e-05
”	O=0.999985933303833|NORM=1.2613541912287474e-05

cmc	O=0.9863622784614563|NORM=0.01356081385165453
je	O=0.9999687671661377|NORM=3.084401396336034e-05
ko	NORM=0.9997420907020569|O=0.00023905244597699493
loša	O=0.9999064207077026|NORM=9.332728222943842e-05
droga	O=0.9998877048492432|NORM=0.00011130855273222551
:	O=0.9999796152114868|NORM=1.9591599993873388e-05
toliko	O=0.9999139308929443|NORM=8.584323950344697e-05
te	O=0.9999144077301025|NORM=8.484608406433836e-05
ubije	O=0.9995649456977844|NORM=0.0004347439098637551
da	O=0.9999475479125977|NORM=5.21207730344031e-05
nemoš	NORM=0.9919142723083496|O=0.008068070746958256
prominit	NORM=0.99977046251297|O=0.00021418854885268956
program	O=0.9976219534873962|NORM=0.0023722571786493063
a	O=0.9999638795852661|NORM=3.587921673897654e-05
osjećaš	O=0.9999244213104248|NORM=7.523426756961271e-05
se	O=0.999974250793457|NORM=2.5581801310181618e-05
lošije	O=0.9998576641082764|NORM=0.00014197469863574952
od	O=0.9999287128448486|NORM=7.101138908183202e-05
pušaća	NORM=0.8233245015144348|O=0.1766001433134079
na	O=0.9999724626541138|NORM=2.7235741072217934e-05
prekooceanskom	O=0.831100344657898|NORM=0.16886596381664276
letu	O=0.9996280670166016|NORM=0.0003709084412548691
...	O=0.9999803304672241|NORM=1.8956998246721923e-05

#fallofthewall25	O=0.9999712705612183|NORM=2.3493677872465923e-05
.	O=0.9999918937683105|NORM=5.911286280024797e-06

ja	O=0.9999793767929077|NORM=2.0404293536557816e-05
sam	O=0.9998231530189514|NORM=0.00017644937906879932
mislila	O=0.9990139007568359|NORM=0.0009851326467469335
da	O=0.9999831914901733|NORM=1.655832056712825e-05
je	O=0.9999871253967285|NORM=1.2670800970226992e-05
to	O=0.9999891519546509|NORM=1.0161410500586499e-05
neka	O=0.9999769926071167|NORM=2.2731426724931225e-05
zajebancija	O=0.9984625577926636|NORM=0.001536755939014256
,	O=0.9999685287475586|NORM=2.9446104235830717e-05
kad	O=0.9977558255195618|NORM=0.002242106944322586
ono	O=0.9998251795768738|NORM=0.0001740333391353488
prava	O=0.9999374151229858|NORM=6.226861296454445e-05
pjesma	O=0.9998764991760254|NORM=0.00012275218614377081
.	O=0.9999886751174927|NORM=9.597284588380717e-06

facebook	O=0.9998550415039062|NORM=0.00014379454660229385
pokazao	O=0.9998579025268555|NORM=0.0001413582795066759
svoj	O=0.9999696016311646|NORM=2.992130976053886e-05
novi	O=0.999976634979248|NORM=2.290704105689656e-05
news	O=0.999640703201294|NORM=0.00035413610748946667
feed	O=0.9999376535415649|NORM=6.122769264038652e-05
dizajn	O=0.9998401403427124|NORM=0.00015644580707885325
:	O=0.9999855756759644|NORM=1.3444518117466941e-05
za	O=0.9999915361404419|NORM=8.08163167675957e-06
sve	O=0.9999934434890747|NORM=6.144482085801428e-06
nas	O=0.9999765157699585|NORM=2.2919601178728044e-05
koji	O=0.9999843835830688|NORM=1.5006137800810393e-05
provodimo	O=0.9999805688858032|NORM=1.87985751836095e-05
svoj	O=0.9999780654907227|NORM=2.1622885469696485e-05
kratki	O=0.9997314810752869|NORM=0.00026773367426358163
život	O=0.9999697208404541|NORM=2.9740349418716505e-05
na	O=0.9999817609786987|NORM=1.7889860828290693e-05
facebooku	O=0.999748170375824|NORM=0.00025039594038389623
...	O=0.999985933303833|NORM=1.2891156075056642e-05

gledam	O=0.9999725818634033|NORM=2.6856718250201084e-05
zenski	NORM=0.9225001931190491|O=0.07748213410377502
kick	O=0.9399061799049377|NORM=0.06008300930261612
/	O=0.9999228715896606|NORM=7.655860099475831e-05
thai	O=0.9991870522499084|NORM=0.0008086749585345387
box	O=0.9996682405471802|NORM=0.00032834828016348183
.	O=0.999991774559021|NORM=6.288810709520476e-06

svakako	O=0.9999867677688599|NORM=1.3012037925363984e-05
to	O=0.9999861717224121|NORM=1.3121991287334822e-05
učinite	O=0.9999537467956543|NORM=4.578405059874058e-05
i	O=0.9999908208847046|NORM=8.904875357984565e-06
pregledajte	O=0.9999828338623047|NORM=1.6867870726855472e-05
korisne	O=0.9998987913131714|NORM=0.00010074565943796188
materijale	O=0.9999561309814453|NORM=4.3427720811450854e-05
o	O=0.9999669790267944|NORM=3.256740092183463e-05
sigurnosti	O=0.9997575879096985|NORM=0.00024208775721490383
na	O=0.9999880790710449|NORM=1.1458233529992867e-05
internetu	O=0.9999760389328003|NORM=2.360160397074651e-05
!	O=0.9999887943267822|NORM=9.519503691990394e-06

kruno	O=0.9999043941497803|NORM=9.474101534578949e-05
!	O=0.9999901056289673|NORM=7.543595529568847e-06

10/10.	O=0.9999819993972778|NORM=1.6859412426128983e-05

ove	O=0.9999877214431763|NORM=1.1849403563246597e-05
godine	O=0.9999798536300659|NORM=1.9568971765693277e-05
probavamo	O=0.999923825263977|NORM=7.568211731268093e-05
something	O=0.9999001026153564|NORM=9.833958756644279e-05
completely	O=0.9999241828918457|NORM=7.237608951982111e-05
different	O=0.999958872795105|NORM=3.9158345316536725e-05
-	O=0.9999573230743408|NORM=4.088619607500732e-05
ja	O=0.9999725818634033|NORM=2.712524110393133e-05
čitam	O=0.9998350143432617|NORM=0.0001645260927034542
kindlo	O=0.5272055268287659|NORM=0.47276169061660767
kod	O=0.9994719624519348|NORM=0.0005277261952869594
"	O=0.9999850988388062|NORM=1.4596120308851823e-05
veselog	O=0.9997007846832275|NORM=0.0002989676722791046
mrtvaca	O=0.9788898229598999|NORM=0.021105747669935226
"	O=0.999962568283081|NORM=3.67849825124722e-05
,	O=0.9999852180480957|NORM=1.3241707165434491e-05
a	O=0.9999793767929077|NORM=1.986881034099497e-05
mama	O=0.9999061822891235|NORM=9.332531044492498e-05
hopse	NORM=0.954235851764679|O=0.04575545713305473
po	O=0.9999122619628906|NORM=8.749129483476281e-05
groblju	O=0.9999492168426514|NORM=5.043966666562483e-05
.	O=0.9999909400939941|NORM=7.79870151745854e-06

osveta	O=0.9998990297317505|NORM=0.0001002671051537618
?	O=0.9999805688858032|NORM=1.6623385818093084e-05

cijeli	O=0.9999864101409912|NORM=1.3187733202357776e-05
ovaj	O=0.9999794960021973|NORM=2.0032304746564478e-05
sadržaj	O=0.9999755620956421|NORM=2.396309355390258e-05
medija	O=0.99991774559021|NORM=8.193547546397895e-05
,	O=0.9999830722808838|NORM=1.586911457707174e-05
novina	O=0.999958872795105|NORM=4.076638288097456e-05
i	O=0.9999747276306152|NORM=2.4867846150300466e-05
portala	O=0.9998984336853027|NORM=0.00010108100832439959
...	O=0.9999867677688599|NORM=1.2499134754762053e-05

#ilsecoloxix	O=0.9999709129333496|NORM=2.855278398783412e-05
preziosi	O=0.9355250597000122|NORM=0.06446526944637299
(	O=0.9999665021896362|NORM=3.282397301518358e-05
predsjednik	O=0.999809205532074|NORM=0.00019036403682548553
genoe	O=0.6932048797607422|NORM=0.30677464604377747
)	O=0.9998093247413635|NORM=0.0001886281097540632
bi	O=0.9974402189254761|NORM=0.002559242770075798
mogao	O=0.9998424053192139|NORM=0.00015652870933990926
uključiti	O=0.9998321533203125|NORM=0.00016715827223379165
mattiu	O=0.7902615070343018|NORM=0.2097252607345581
perina	O=0.9996967315673828|NORM=0.0003027486091013998
u	O=0.9999639987945557|NORM=3.5789616958936676e-05
transfer	O=0.9715622067451477|NORM=0.028421828523278236
alessandra	O=0.9980667233467102|NORM=0.001930857077240944
matrija	O=0.9991193413734436|NORM=0.000880394596606493

@narausredini	O=0.9999879598617554|NORM=1.1729811376426369e-05
i	O=0.9999669790267944|NORM=3.265077612013556e-05
ja	O=0.9999843835830688|NORM=1.5377008821815252e-05
sam	O=0.9999063014984131|NORM=9.329158638138324e-05
nekoć	O=0.999969482421875|NORM=3.016838127223309e-05
vodio	O=0.9999357461929321|NORM=6.338248203974217e-05
taj	O=0.9999856948852539|NORM=1.3678202776645776e-05
tužan	O=0.9999421834945679|NORM=5.7024884881684557e-05
život	O=0.9999706745147705|NORM=2.864657471945975e-05
ali	O=0.99997878074646|NORM=2.0699528249679133e-05
onda	O=0.9999822378158569|NORM=1.7249649317818694e-05
sam	O=0.9998830556869507|NORM=0.00011627141066128388
odlučio	O=0.9999021291732788|NORM=9.71638728515245e-05
ne	O=0.9997482895851135|NORM=0.00025019209715537727
!!	O=0.9999654293060303|NORM=3.2880048820516095e-05

cvrči	O=0.9982085227966309|NORM=0.0017895936034619808
cvrči	O=0.9989532232284546|NORM=0.0010458057513460517
cvrčak	O=0.9995496869087219|NORM=0.0004493006563279778
na	O=0.999910831451416|NORM=8.883997361408547e-05
čvoru	O=0.9848661422729492|NORM=0.015128537081182003
crne	O=0.9991453886032104|NORM=0.0008538464899174869
smrče	O=0.9994674324989319|NORM=0.0005318713956512511
.	O=0.9999908208847046|NORM=8.011388672457542e-06

trgovine	O=0.9999392032623291|NORM=6.039103391231038e-05
su	O=0.9999616146087646|NORM=3.799901969614439e-05
pune	O=0.9999772310256958|NORM=2.245938594569452e-05
jesenjske	O=0.9998247027397156|NORM=0.00017481305985711515
robe	O=0.9999386072158813|NORM=6.081434548832476e-05
-	O=0.9999819993972778|NORM=1.7022004612954333e-05
veste	O=0.9970652461051941|NORM=0.0029329461976885796
i	O=0.9999743700027466|NORM=2.5201965399901383e-05
jakne	O=0.999789297580719|NORM=0.0002096874377457425
najbrojnije	O=0.9999622106552124|NORM=3.716222272487357e-05
.	O=0.9999920129776001|NORM=6.350733201543335e-06

-	O=0.999988317489624|NORM=1.0753644346550573e-05
pa	O=0.999957799911499|NORM=4.174196146777831e-05
zasto	NORM=0.9987958669662476|O=0.0011905536521226168
pise	NORM=0.999157190322876|O=0.0008350216667167842
k	O=0.5688742399215698|NORM=0.4310823380947113
,	O=0.9999769926071167|NORM=2.1607051166938618e-05
a	O=0.9999290704727173|NORM=6.99745214660652e-05
ne	O=0.9997933506965637|NORM=0.0002056194207398221
t	O=0.8971960544586182|NORM=0.10277684777975082
-	O=0.9822700619697571|NORM=0.01771879754960537
kao	O=0.9971103072166443|NORM=0.0028884236235171556
tisucu	NORM=0.9775353074073792|O=0.022457052022218704
?	O=0.9999717473983765|NORM=2.6231933588860556e-05

izravno	O=0.9999188184738159|NORM=8.062550477916375e-05
pokazuješ	O=0.9999014139175415|NORM=9.779055108083412e-05
da	O=0.9999788999557495|NORM=2.092915201501455e-05
si	O=0.999962329864502|NORM=3.72291324310936e-05
debil	O=0.9820907711982727|NORM=0.017892442643642426
koji	O=0.9999818801879883|NORM=1.789129601093009e-05
sve	O=0.9999878406524658|NORM=1.196880384668475e-05
radi	O=0.9999845027923584|NORM=1.5279609215212986e-05
za	O=0.9999765157699585|NORM=2.3200433133752085e-05
follow	O=0.9965348243713379|NORM=0.00346310343593359
.	O=0.9999885559082031|NORM=1.0052114703285042e-05

trilercina	NORM=0.53606116771698|O=0.46392571926116943
par	O=0.9484070539474487|NORM=0.05158944055438042
ekselans	NORM=0.5279630422592163|O=0.47201064229011536
,	O=0.9999672174453735|NORM=3.1763542210683227e-05
o	O=0.999962329864502|NORM=3.7462872569449246e-05
nuspojavama	O=0.997880220413208|NORM=0.002118480857461691
novog	O=0.9999665021896362|NORM=3.3032520150300115e-05
lijeka	O=0.999871015548706|NORM=0.00012770372268278152
.	O=0.9999885559082031|NORM=1.0913631740550045e-05

vidjelo	O=0.9995682835578918|NORM=0.00043013508548028767
se	O=0.9999836683273315|NORM=1.6091949873953126e-05
od	O=0.9999817609786987|NORM=1.793921910575591e-05
početka	O=0.9999834299087524|NORM=1.583960693096742e-05
da	O=0.99998939037323|NORM=1.0010507139668334e-05
puno	O=0.9999880790710449|NORM=1.1581729268073104e-05
stvari	O=0.9999908208847046|NORM=8.787526894593611e-06
ne	O=0.9999841451644897|NORM=1.5279792933142744e-05
štima	O=0.999962568283081|NORM=3.704299160744995e-05
.	O=0.9999889135360718|NORM=9.824158951232675e-06

ususret	O=0.999695897102356|NORM=0.0003032916283700615
novom	O=0.9976274371147156|NORM=0.002371121197938919
,	O=0.9999901056289673|NORM=9.040159056894481e-06
prisjećamo	O=0.9999375343322754|NORM=6.181114440551028e-05
se	O=0.9999741315841675|NORM=2.57459996646503e-05
najstarijeg	O=0.999903678894043|NORM=9.607894025975838e-05
modela	O=0.9999080896377563|NORM=9.059332660399377e-05
.	O=0.999990701675415|NORM=7.872154128563125e-06

sve	O=0.9999938011169434|NORM=5.990156296320492e-06
#smx	O=0.9999896287918091|NORM=9.904692888085265e-06
prezentacije	O=0.9999828338623047|NORM=1.676065949141048e-05
na	O=0.9999871253967285|NORM=1.2607135431608185e-05
jednom	O=0.9999866485595703|NORM=1.3156030945538078e-05
mjestu	O=0.9999871253967285|NORM=1.246543979505077e-05
http://t.co/trbmcmy5tn	O=0.9999850988388062|NORM=1.4585141798306722e-05

#wbo	O=0.9999241828918457|NORM=7.125032425392419e-05

william	O=0.9999115467071533|NORM=8.778911433182657e-05
shakespeare	O=0.9999611377716064|NORM=3.8421814679168165e-05

hoću	O=0.9999669790267944|NORM=3.262241807533428e-05
tamo	O=0.9998449087142944|NORM=0.00015397129755001515
da	O=0.9999732971191406|NORM=2.621939347591251e-05
sjedim	O=0.9999696016311646|NORM=2.9988243113621138e-05
u	O=0.9999827146530151|NORM=1.710132164589595e-05
kutu	O=0.9974092841148376|NORM=0.0025893792044371367
i	O=0.9999854564666748|NORM=1.4303972420748323e-05
slušam	O=0.9999687671661377|NORM=3.087447475991212e-05
muziku	O=0.9999343156814575|NORM=6.479406874859706e-05

@vladarh	O=0.9999852180480957|NORM=1.430827978765592e-05
odredeni	O=0.9536206722259521|NORM=0.04637471213936806
sindikati	O=0.999889612197876|NORM=0.00010942184599116445
su	O=0.9999667406082153|NORM=3.2871594157768413e-05
pristali	O=0.9993537068367004|NORM=0.0006438503623940051
na	O=0.9999582767486572|NORM=4.1434010199736804e-05
smanjene	O=0.9999358654022217|NORM=6.373283395078033e-05
place	O=0.9943796992301941|NORM=0.0056175594218075275
s	O=0.999980092048645|NORM=1.954469371412415e-05
tim	O=0.9998666048049927|NORM=0.00013302183651831
da	O=0.9999643564224243|NORM=3.51535709341988e-05
se	O=0.9999781847000122|NORM=2.1632231437251903e-05
vrate	O=0.9998418092727661|NORM=0.00015771837206557393
na	O=0.9999692440032959|NORM=3.0428629543166608e-05
staro	O=0.9970558881759644|NORM=0.002942702267318964
kad	O=0.999967098236084|NORM=3.2404230296378955e-05
prode	NORM=0.9067288041114807|O=0.09324571490287781
kriza	O=0.9992465972900391|NORM=0.000752503692638129
bez	O=0.9998635053634644|NORM=0.00013601240061689168
da	O=0.9998955726623535|NORM=0.00010395819845143706
im	O=0.9999110698699951|NORM=8.846284617902711e-05
se	O=0.9999713897705078|NORM=2.8192120225867257e-05
nadoknadi	O=0.989960789680481|NORM=0.00992349348962307
ista	O=0.9213640689849854|NORM=0.07862813770771027

u	O=0.9999144077301025|NORM=8.518774848198518e-05
skrapu	O=0.9539273381233215|NORM=0.04597611725330353
,	O=0.9999785423278809|NORM=2.0381561625981703e-05
u	O=0.9999011754989624|NORM=9.825831511989236e-05
stini	O=0.8525518178939819|NORM=0.14741086959838867
.	O=0.9999856948852539|NORM=1.3090812899463344e-05

ništa	O=0.999980092048645|NORM=1.9594413970480673e-05
osobno	O=0.9999759197235107|NORM=2.3539041649200954e-05
-	O=0.9999791383743286|NORM=1.8846350940293632e-05
don't	O=0.9999840259552002|NORM=1.4295469554781448e-05
need	O=0.9999865293502808|NORM=1.2376212907838635e-05
that	O=0.999970555305481|NORM=2.5662391635705717e-05
shit	O=0.9997130036354065|NORM=0.0002817552303895354
.	O=0.9999809265136719|NORM=1.4904521776770707e-05

i	O=0.9999744892120361|NORM=2.5328126866952516e-05
hdz-ove	O=0.9956775307655334|NORM=0.00431943591684103
otpadnike	O=0.9998101592063904|NORM=0.00018854696827474982
.	O=0.9999897480010986|NORM=8.774002708378248e-06

^	O=0.9988731741905212|NORM=0.0011245362693443894
sik	O=0.9996656179428101|NORM=0.00033129402436316013

od	NORM=0.8733324408531189|O=0.12663589417934418
sjedim	O=0.9999227523803711|NORM=7.674441440030932e-05
iza	O=0.9987753033638|NORM=0.0012240961659699678
!	O=0.9999861717224121|NORM=1.0468480468261987e-05

ni	O=0.9994422793388367|NORM=0.0005509338807314634
za	O=0.9999818801879883|NORM=1.670609890425112e-05
moje	O=0.9999853372573853|NORM=1.3923708138463553e-05
psihičko	O=0.9998021721839905|NORM=0.0001964798429980874
zdravlje	O=0.9999867677688599|NORM=1.2601157322933432e-05
.	O=0.9999920129776001|NORM=5.39007987754303e-06

mostar	O=0.9999434947967529|NORM=5.6001248594839126e-05
:	O=0.9999786615371704|NORM=1.7636199117987417e-05
krajem	O=0.9999262094497681|NORM=7.246525638038293e-05
maja	O=0.9999070167541504|NORM=9.151053382083774e-05
na	O=0.9999855756759644|NORM=1.3866266272088978e-05
evidenciji	O=0.9999575614929199|NORM=4.199105387669988e-05
službe	O=0.9998996257781982|NORM=9.975783177651465e-05
za	O=0.9999701976776123|NORM=2.9235396141302772e-05
zapošljavanje	O=0.9999371767044067|NORM=6.095587741583586e-05
hnk	O=0.9993553757667542|NORM=0.0006433833623304963
evidentirano	O=0.9999516010284424|NORM=4.705887477030046e-05
je	O=0.9999817609786987|NORM=1.7863894754555076e-05
31.687	O=0.9730468988418579|NORM=0.02682490646839142
nezaposlenih	O=0.999909520149231|NORM=8.964634616859257e-05
,	O=0.999982476234436|NORM=1.4308036043075845e-05
što	O=0.9999850988388062|NORM=1.4503153579425998e-05
više	O=0.9999880790710449|NORM=1.1659672054520342e-05
za	O=0.9999836683273315|NORM=1.5823712601559237e-05
3,8	O=0.999849796295166|NORM=0.00014962046407163143
posto	O=0.9999668598175049|NORM=3.2859221391845495e-05
nego	O=0.9999209642410278|NORM=7.861277845222503e-05
u	O=0.9999780654907227|NORM=2.1527495846385136e-05
aprilu	O=0.9999501705169678|NORM=4.92837316414807e-05

to	O=0.9999808073043823|NORM=1.872643224487547e-05
je	O=0.9999792575836182|NORM=2.05937831196934e-05
onda	O=0.999961256980896|NORM=3.800777631113306e-05
neko	O=0.9905587434768677|NORM=0.009439753368496895
zlo	O=0.9998980760574341|NORM=9.953844710253179e-05
?	O=0.9999825954437256|NORM=1.4895907952450216e-05

looking	O=0.9999847412109375|NORM=1.4455330529017374e-05
forward	O=0.9999189376831055|NORM=7.878201722633094e-05
to	O=0.9999878406524658|NORM=1.1133981388411485e-05
tonight's	O=0.9999417066574097|NORM=5.684252755600028e-05
#rehearsal	O=0.9999880790710449|NORM=1.1213285688427277e-05
.	O=0.9999909400939941|NORM=7.553860996267758e-06

"	O=0.9999936819076538|NORM=5.282625352265313e-06
tvoj	O=0.9999312162399292|NORM=6.776003283448517e-05
život	O=0.9999582767486572|NORM=4.0705246647121385e-05
je	O=0.9999794960021973|NORM=2.0372017388581298e-05
cautionary	O=0.9995892643928528|NORM=0.000410100125009194
tale	O=0.9992567896842957|NORM=0.0007415509899146855
"	O=0.9999914169311523|NORM=7.501908839913085e-06

nekima	O=0.9986227750778198|NORM=0.001376057043671608
vikend	O=0.9999279975891113|NORM=7.175499922595918e-05
,	O=0.9999892711639404|NORM=9.832167052081786e-06
nekima	O=0.9983554482460022|NORM=0.0016433269483968616
radno	O=0.9999682903289795|NORM=3.1059713364811614e-05
,	O=0.9999920129776001|NORM=7.189916232164251e-06
a	O=0.9999871253967285|NORM=1.2426649846020155e-05
samo	O=0.9999896287918091|NORM=1.0181077414017636e-05
rijetkima	O=0.9999046325683594|NORM=9.476137347519398e-05
se	O=0.9999805688858032|NORM=1.927923585753888e-05
sprema	O=0.9999769926071167|NORM=2.266577212139964e-05
poslijepodnevni	O=0.9998736381530762|NORM=0.00012592747225426137
kotlić	O=0.999703586101532|NORM=0.00029537893715314567
s	O=0.9999840259552002|NORM=1.561075623612851e-05
vepeićem	O=0.9736121296882629|NORM=0.026383426040410995
.	O=0.9999921321868896|NORM=7.050891781545943e-06

:)	O=0.9999827146530151|NORM=1.579449417477008e-05

jedva	O=0.9999626874923706|NORM=3.7169364077271894e-05
čekam	O=0.9999682903289795|NORM=3.11841067741625e-05
da	O=0.9999728202819824|NORM=2.690173641894944e-05
se	O=0.9999759197235107|NORM=2.3903208784759045e-05
vratim	O=0.9999629259109497|NORM=3.6660458135884255e-05
s	O=0.999968409538269|NORM=3.1216186471283436e-05
faksa	O=0.9994285702705383|NORM=0.0005673528648912907
,	O=0.9999841451644897|NORM=1.2167657587269787e-05
a	O=0.9999775886535645|NORM=2.191290150221903e-05
ono	O=0.9998944997787476|NORM=0.00010401739564258605
ne	O=0.9999731779098511|NORM=2.6202118533547036e-05
radi	O=0.9999440908432007|NORM=5.539796256925911e-05
grijanje	O=0.9998718500137329|NORM=0.00012726819841191173
,	O=0.9999732971191406|NORM=2.4367993319174275e-05
nema	O=0.9999886751174927|NORM=1.0996481250913348e-05
tople	O=0.9999492168426514|NORM=5.050074469181709e-05
vode	O=0.9999698400497437|NORM=2.9709368391195312e-05
,	O=0.9999759197235107|NORM=2.1341187675716355e-05
bolje	O=0.9999301433563232|NORM=6.938351725693792e-05
da	O=0.9999734163284302|NORM=2.6347708626417443e-05
sam	O=0.9999582767486572|NORM=4.1362669435329735e-05
prespavala	O=0.9998534917831421|NORM=0.00014582798758056015
na	O=0.9999762773513794|NORM=2.332337317056954e-05
faksu	O=0.9991298317909241|NORM=0.0008662742911837995
onda	O=0.9999477863311768|NORM=5.164129470358603e-05
.	O=0.9999831914901733|NORM=1.4466064385487698e-05

rt	O=0.9998238682746887|NORM=0.00017579362611286342
@hkomljenovic	O=0.9999773502349854|NORM=2.24620434892131e-05
:	O=0.9999932050704956|NORM=6.058139206288615e-06
razbijanje	O=0.9999275207519531|NORM=7.199507672339678e-05
trgovina	O=0.9997490048408508|NORM=0.0002495062944944948
,	O=0.9999830722808838|NORM=1.6129950381582603e-05
automobila	O=0.9998800754547119|NORM=0.00011916783842025325
i	O=0.9999717473983765|NORM=2.795540240185801e-05
skandinavskog	O=0.9999011754989624|NORM=9.850742208072916e-05
mita	O=0.9998657703399658|NORM=0.0001332126703346148

helpdesk	O=0.9988827109336853|NORM=0.0011159596033394337
služba	O=0.99432772397995|NORM=0.005671113729476929
pbz	O=0.9969843029975891|NORM=0.0030146094504743814
banke	O=0.9997249245643616|NORM=0.00027405249420553446
-	O=0.9999783039093018|NORM=2.0579745978466235e-05
totalno	O=0.9999632835388184|NORM=3.6053508665645495e-05
sam	O=0.9999394416809082|NORM=6.013822348904796e-05
raspamećen	O=0.9905974268913269|NORM=0.009401403367519379
uslugom	O=0.9938387274742126|NORM=0.006160285789519548
,	O=0.9999880790710449|NORM=1.154619712906424e-05
brzina	O=0.9999784231185913|NORM=2.1204563381616026e-05
,	O=0.999981164932251|NORM=1.844828511821106e-05
skill	O=0.7310017943382263|NORM=0.26898184418678284
,	O=0.9999780654907227|NORM=2.1525667762034573e-05
ljubaznost	O=0.9999455213546753|NORM=5.4133117373567075e-05
...	O=0.9999756813049316|NORM=2.3605105525348336e-05

čim	O=0.9999853372573853|NORM=1.4269649909692816e-05
mi	O=0.9999701976776123|NORM=2.903154381783679e-05
se	O=0.9999653100967407|NORM=3.4088094253093004e-05
neka	O=0.9999561309814453|NORM=4.3373831431381404e-05
sranja	O=0.9989393353462219|NORM=0.001060208072885871
uzastopce	O=0.9917803406715393|NORM=0.008216418325901031
počnu	O=0.9982833862304688|NORM=0.0017144165467470884
dešavat	NORM=0.9990299940109253|O=0.0009408765472471714
kažem	O=0.99994957447052|NORM=5.01310387335252e-05
si	O=0.9999312162399292|NORM=6.860906432848424e-05
glupačo	O=0.98577880859375|NORM=0.01421725656837225
eto	O=0.999485969543457|NORM=0.0005134278908371925
ti	O=0.9996845722198486|NORM=0.00031480370671488345
kad	O=0.9999874830245972|NORM=1.2151497685408685e-05
ne	O=0.9999715089797974|NORM=2.7873587896465324e-05
prosljeđuješ	O=0.9889999032020569|NORM=0.010997630655765533
lančane	O=0.9995622038841248|NORM=0.00043666240526363254
poruke	O=0.999796450138092|NORM=0.0002005768328672275
i	O=0.9999837875366211|NORM=1.5836832972127013e-05
ne	O=0.99997878074646|NORM=2.080769081658218e-05
ideš	O=0.9998555183410645|NORM=0.00014410885341931134
nedjeljom	O=0.9950689077377319|NORM=0.004929931368678808
na	O=0.999970555305481|NORM=2.9258080758154392e-05
misu	O=0.9604721069335938|NORM=0.03948970511555672

od	O=0.9999120235443115|NORM=8.650834206491709e-05
1.7.	O=0.9999123811721802|NORM=8.60784639371559e-05
više	O=0.9999804496765137|NORM=1.905676799651701e-05
ništa	O=0.9999637603759766|NORM=3.5760196624323726e-05
nece	NORM=0.9997310042381287|O=0.00025831651873886585
biti	O=0.9999572038650513|NORM=4.233204526826739e-05
isto	O=0.9999581575393677|NORM=4.118930519325659e-05
.	O=0.9999918937683105|NORM=6.6598408920981456e-06

d.	O=0.9993956089019775|NORM=0.0005998858250677586
bajs	O=0.9964936375617981|NORM=0.0034873110707849264
je	O=0.9999555349349976|NORM=4.4300872104940936e-05
postupio	O=0.999678373336792|NORM=0.00032107799779623747
baš	O=0.9999076128005981|NORM=9.120807953877375e-05
kao	O=0.9999686479568481|NORM=3.1111874704947695e-05
i	O=0.9999376535415649|NORM=6.225266406545416e-05
homo-lobij	O=0.8348428010940552|NORM=0.16509981453418732
unutar	O=0.9989063739776611|NORM=0.0010924242669716477
hdssb	O=0.9948744177818298|NORM=0.005098699126392603
&	O=0.9963175058364868|NORM=0.003673491533845663
hdz	O=0.9994931221008301|NORM=0.000503833289258182
&	O=0.9936867356300354|NORM=0.00630748039111495
#uimeobitelji	O=0.9999444484710693|NORM=5.5323849665001035e-05
ili	O=0.9989798665046692|NORM=0.001019026036374271
vatikana	O=0.9984477758407593|NORM=0.0015478269197046757
.	O=0.9999873638153076|NORM=1.1616455594776198e-05

s	O=0.999894380569458|NORM=0.00010517526970943436
broda	O=0.9996614456176758|NORM=0.0003371145867276937
do	NORM=0.9694887399673462|O=0.030467428267002106
je	O=0.9985124468803406|NORM=0.0014873279724270105
jedna	O=0.9855748414993286|NORM=0.01441845390945673
vikala	O=0.9985426664352417|NORM=0.0014559937408193946
na	O=0.9999512434005737|NORM=4.849019751418382e-05
muža	O=0.9990707039833069|NORM=0.0009257241617888212
da	O=0.999985933303833|NORM=1.3703980584978126e-05
ga	O=0.9999798536300659|NORM=1.9890016119461507e-05
neće	O=0.9999476671218872|NORM=5.1699487812584266e-05
više	O=0.9999558925628662|NORM=4.36235532106366e-05
taknit	NORM=0.9997724890708923|O=0.00021034845849499106
ako	O=0.9999760389328003|NORM=2.362648956477642e-05
se	O=0.9999810457229614|NORM=1.8749740775092505e-05
okupa	O=0.9996504783630371|NORM=0.00034836199483834207
u	O=0.9999593496322632|NORM=4.0387712942902e-05
matejuški	O=0.9788225293159485|NORM=0.021136699244379997
,	O=0.9999843835830688|NORM=1.3026372471358627e-05
a	O=0.9999719858169556|NORM=2.7568523364607245e-05
on	O=0.9999313354492188|NORM=6.828615005360916e-05
njoj	O=0.9999141693115234|NORM=8.49293646751903e-05
da	O=0.9999780654907227|NORM=2.143367237295024e-05
je	O=0.9999823570251465|NORM=1.749452894728165e-05
čisto	O=0.9999157190322876|NORM=8.388570131501183e-05
i	O=0.9999837875366211|NORM=1.5884706954238936e-05
da	O=0.9999847412109375|NORM=1.4919910427124705e-05
mu	O=0.9999690055847168|NORM=3.057540379813872e-05
je	O=0.9999872446060181|NORM=1.2563927157316357e-05
vruće	O=0.9999489784240723|NORM=5.030701504438184e-05
:)	O=0.9999734163284302|NORM=2.3422968297381885e-05

volite	O=0.9999065399169922|NORM=9.136991138802841e-05
hranu	O=0.9999595880508423|NORM=3.852820009342395e-05
?	O=0.999983549118042|NORM=1.4277042282628827e-05

priznajte	O=0.9998892545700073|NORM=0.00010962484520860016
,	O=0.9999798536300659|NORM=1.824747414502781e-05
neću	O=0.9997238516807556|NORM=0.00027514135581441224
vam	O=0.9998138546943665|NORM=0.0001850468834163621
ništa	O=0.9998475313186646|NORM=0.00015207169053610414
.	O=0.9999843835830688|NORM=1.2754700037476141e-05

zato	O=0.9998227953910828|NORM=0.00017678365111351013
se	O=0.9999727010726929|NORM=2.7194400900043547e-05
upitaj	O=0.9999650716781616|NORM=3.457879938650876e-05
hoćeš	O=0.999854564666748|NORM=0.00014497438678517938
li	O=0.9999698400497437|NORM=2.978451993840281e-05
uspjeti	O=0.9999167919158936|NORM=8.283989154733717e-05
na	O=0.9999667406082153|NORM=3.299641321063973e-05
duže	O=0.999879002571106|NORM=0.00012047644850099459
staze	O=0.9999046325683594|NORM=9.459289140067995e-05
,	O=0.9999749660491943|NORM=2.3133739887271076e-05
ako	O=0.9999377727508545|NORM=6.119945464888588e-05
si	O=0.9998977184295654|NORM=0.00010182234109379351
dobio	O=0.9998660087585449|NORM=0.00013353627582546324
nepovratna	O=0.9999470710754395|NORM=5.2382307330844924e-05
sredstva	O=0.9998083710670471|NORM=0.00018720858497545123
,	O=0.9999821186065674|NORM=1.594551395101007e-05
a	O=0.9999568462371826|NORM=4.2430852772668004e-05
tvoja	O=0.999935507774353|NORM=6.42029699520208e-05
konkurencija	O=0.9999707937240601|NORM=2.8946604288648814e-05
ih	O=0.9999781847000122|NORM=2.157878225261811e-05
nije	O=0.9999847412109375|NORM=1.5076803720148746e-05
dobila	O=0.9999572038650513|NORM=4.260697096469812e-05
.	O=0.9999845027923584|NORM=1.3194652638048865e-05

sto	NORM=0.9995846152305603|O=0.00038969062734395266
mislite	O=0.9987249970436096|NORM=0.0012738595250993967
,	O=0.9999774694442749|NORM=2.1861716959392652e-05
hoce	NORM=0.999810516834259|O=0.0001719860447337851
li	O=0.9985452890396118|NORM=0.001454143668524921
postat	NORM=0.9998094439506531|O=0.00017641430895309895
predmet	O=0.9967384934425354|NORM=0.003259658347815275
zelja	NORM=0.9869171380996704|O=0.013075020164251328
u	O=0.999940037727356|NORM=5.9535832406254485e-05
2013.	O=0.9997493624687195|NORM=0.00024914188543334603
?	O=0.9999774694442749|NORM=2.1076864868518896e-05

rade	O=0.9998400211334229|NORM=0.00015791751502547413
punom	O=0.9999091625213623|NORM=9.045236220117658e-05
parom	O=0.9999604225158691|NORM=3.9180973544716835e-05
;-)	O=0.9999573230743408|NORM=3.714205740834586e-05

sredite	O=0.9999204874038696|NORM=7.868325337767601e-05
to	O=0.9998563528060913|NORM=0.00012846467143390328

a	O=0.9999792575836182|NORM=2.034824683505576e-05
i	O=0.9999779462814331|NORM=2.1836201995029114e-05
dovoljno	O=0.9999873638153076|NORM=1.2448169400158804e-05
iskustva	O=0.9999750852584839|NORM=2.4488739654771052e-05
,	O=0.999967098236084|NORM=3.211837974959053e-05
da	O=0.9999815225601196|NORM=1.8174197975895368e-05
prepoznam	O=0.9999642372131348|NORM=3.539061071933247e-05
izdajice	O=0.9972606897354126|NORM=0.0027375335339456797
i	O=0.9999799728393555|NORM=1.980912929866463e-05
lopove	O=0.9994344115257263|NORM=0.0005634069675579667
.	O=0.9999910593032837|NORM=7.907678082119673e-06

(	O=0.9999936819076538|NORM=4.802976945939008e-06
šok	O=0.9997957348823547|NORM=0.00020382041111588478
i	O=0.9999852180480957|NORM=1.4332261343952268e-05
nevjerica	O=0.999860405921936|NORM=0.00013930423301644623
:	O=0.9999877214431763|NORM=1.1204837392142508e-05
hvalim	O=0.9998593330383301|NORM=0.00014030712191015482
ih	O=0.9999765157699585|NORM=2.305527959833853e-05
:d	O=0.9999556541442871|NORM=4.223870564601384e-05
)	O=0.9999892711639404|NORM=8.717016498849262e-06

bugovi	O=0.9997419714927673|NORM=0.0002566113544162363
,	O=0.9999871253967285|NORM=1.2183137187093962e-05
crashovi	O=0.7210578918457031|NORM=0.27892833948135376
i	O=0.9999712705612183|NORM=2.8486023438745178e-05
zrnate	O=0.9966142773628235|NORM=0.0033851417247205973
knjige	O=0.9992792010307312|NORM=0.0007148775621317327
.	O=0.9999885559082031|NORM=9.849973139353096e-06

šta	NORM=0.6998544335365295|O=0.2999986410140991
reći	O=0.999626874923706|NORM=0.0003714150807354599
,	O=0.9999762773513794|NORM=2.309257433807943e-05
koju	O=0.999372661113739|NORM=0.0006266811979003251
posluku	NORM=0.8472088575363159|O=0.15277934074401855
porati	NORM=0.5673632025718689|O=0.4325404465198517
se	O=0.999872088432312|NORM=0.00012768413580488414
službeno	O=0.9997789263725281|NORM=0.00022066662495490164
na	O=0.9999443292617798|NORM=5.5433167290175334e-05
engl.	O=0.9756803512573242|NORM=0.024294398725032806
prevodi	O=0.9972248077392578|NORM=0.002774100285023451
kao	O=0.9999579191207886|NORM=4.18784111388959e-05
:	O=0.9999722242355347|NORM=2.6722962502390146e-05
what	O=0.9999815225601196|NORM=1.8205473679699935e-05
to	O=0.9999656677246094|NORM=3.3800810342654586e-05
say	O=0.9999638795852661|NORM=3.573950380086899e-05
,	O=0.9999808073043823|NORM=1.749523653415963e-05
what	O=0.9998182654380798|NORM=0.0001808905799407512
sendage	O=0.9921283721923828|NORM=0.007869080640375614
to	O=0.9998223185539246|NORM=0.00017590234347153455
mess	O=0.9996352195739746|NORM=0.0003638227062765509
!	O=0.9999866485595703|NORM=1.1342807738401461e-05

kod	O=0.9999748468399048|NORM=2.4846798623912036e-05
oba	O=0.9997461438179016|NORM=0.0002514778170734644
zgoditka	O=0.9999170303344727|NORM=8.232257096096873e-05
,	O=0.9999865293502808|NORM=1.2203828191559296e-05
asistent	O=0.9996501207351685|NORM=0.00034877806319855154
je	O=0.9999758005142212|NORM=2.402726204309147e-05
bio	O=0.9999096393585205|NORM=8.992309449240565e-05
messi	O=0.997634768486023|NORM=0.002357724355533719
.	O=0.9999895095825195|NORM=8.566337783122435e-06

@marinkotarlac	O=0.9999862909317017|NORM=1.3412626685749274e-05
a	O=0.9999765157699585|NORM=2.3299922759179026e-05
klima	O=0.9993869066238403|NORM=0.0006125984364189208
radi	O=0.9999761581420898|NORM=2.3577153115184046e-05
,	O=0.9999933242797852|NORM=6.12672329225461e-06
faza	O=0.9999524354934692|NORM=4.709514541900717e-05
čišćenja	O=0.9999344348907471|NORM=6.50597721687518e-05
i	O=0.9999768733978271|NORM=2.2931897547096014e-05
gipsanja	O=0.9992345571517944|NORM=0.0007633052300661802
.	O=0.999992847442627|NORM=6.1399277910823e-06

odi	O=0.9422631859779358|NORM=0.05773170664906502
žvači	O=0.9994489550590515|NORM=0.0005500655970536172
svoju	O=0.9999507665634155|NORM=4.886242459178902e-05
travu	O=0.9998660087585449|NORM=0.00013261909771244973
,	O=0.9999884366989136|NORM=9.776974366104696e-06
a	O=0.9999815225601196|NORM=1.790817259461619e-05
mene	O=0.9999676942825317|NORM=3.1791376386536285e-05
pusti	O=0.9999353885650635|NORM=6.428916822187603e-05
na	O=0.999984622001648|NORM=1.5145486941037234e-05
miru	O=0.9999034404754639|NORM=9.5777926617302e-05

@vladarh	O=0.9999734163284302|NORM=2.6037518182420172e-05
zalosno	NORM=0.9916762113571167|O=0.008314906619489193
.	O=0.9999912977218628|NORM=6.873169240861898e-06

po	O=0.999937891960144|NORM=6.185787788126618e-05
slobodnoj	O=0.9998542070388794|NORM=0.00014555841335095465
procjeni	O=0.9997768998146057|NORM=0.00022199004888534546
,	O=0.9999774694442749|NORM=2.0805086023756303e-05
koliko	O=0.9999364614486694|NORM=6.335236685117707e-05
mislite	O=0.9997978806495667|NORM=0.0002006480935961008
da	O=0.999977707862854|NORM=2.196621790062636e-05
ste	O=0.9999361038208008|NORM=6.334654608508572e-05
muških	O=0.9997665286064148|NORM=0.00023305619833990932
spolnih	O=0.999829888343811|NORM=0.00016964586393442005
organa	O=0.9999076128005981|NORM=9.168853284791112e-05
vidjeli	O=0.9996321201324463|NORM=0.0003562926431186497
tijekom	O=0.9999686479568481|NORM=3.0547005735570565e-05
svog	O=0.9999680519104004|NORM=3.155556623823941e-05
internet	O=0.9731273651123047|NORM=0.026869168505072594
života	O=0.9999696016311646|NORM=2.9912267564213835e-05
?	O=0.9999823570251465|NORM=1.511894242867129e-05

@b_marilena	O=0.9999897480010986|NORM=9.434367711946834e-06
@fatherborna	O=0.9999876022338867|NORM=1.1739464753190987e-05
@tvrtkobarun	O=0.9999877214431763|NORM=1.1828054084617179e-05
da	O=0.9995235204696655|NORM=0.0004755629925057292
.	O=0.9999927282333374|NORM=6.212646439962555e-06

zarobila	O=0.9437624216079712|NORM=0.0562095046043396
sam	O=0.999881386756897|NORM=0.00011828787683043629
se	O=0.9999368190765381|NORM=6.29878559266217e-05
u	O=0.9999749660491943|NORM=2.488332029315643e-05
nami	O=0.9820929765701294|NORM=0.017903167754411697
na	O=0.9999692440032959|NORM=3.0535986297763884e-05
odjelu	O=0.7031738758087158|NORM=0.2967534065246582
staklovinja	NORM=0.8026958703994751|O=0.19728870689868927
i	O=0.9999638795852661|NORM=3.582645513233729e-05
nemrem	NORM=0.999714195728302|O=0.00027086067711934447
se	O=0.9999172687530518|NORM=8.251036342699081e-05
natjerat	NORM=0.999384880065918|O=0.0005817317287437618
izaći	O=0.999923586845398|NORM=7.614608330186456e-05
van	O=0.9921100735664368|NORM=0.007888768799602985
,	O=0.9999861717224121|NORM=1.3279937775223516e-05
gore	O=0.9981184005737305|NORM=0.001878985669463873
je	O=0.9999276399612427|NORM=7.218538667075336e-05
nego	O=0.9988962411880493|NORM=0.0011032214388251305
ad	NORM=0.9993926286697388|O=0.0005791588337160647
sam	O=0.9998944997787476|NORM=0.0001052272564265877
u	O=0.999962329864502|NORM=3.7427875213325024e-05
dmu	O=0.9587377309799194|NORM=0.04114174097776413
.	O=0.9999901056289673|NORM=8.956106285040732e-06

software	O=0.9965819716453552|NORM=0.003410198725759983
se	O=0.999890923500061|NORM=0.00010882194328587502
treba	O=0.9999804496765137|NORM=1.9439208699623123e-05
apdejtati	O=0.9978175163269043|NORM=0.0021782461553812027
sto	NORM=0.9961812496185303|O=0.0037995772436261177
cesce	NORM=0.9992517828941345|O=0.0007414320134557784
,	O=0.9999845027923584|NORM=1.4454306437983178e-05
neka	O=0.9999611377716064|NORM=3.859762364299968e-05
bude	O=0.9999356269836426|NORM=6.400441634468734e-05
svaki	O=0.9999842643737793|NORM=1.5498850189032964e-05
dan	O=0.9999747276306152|NORM=2.4606999431853183e-05
11	O=0.9997004270553589|NORM=0.0002981831203214824
puta	O=0.9999691247940063|NORM=3.0615090508945286e-05
.	O=0.9999892711639404|NORM=9.775024409464095e-06

je	O=0.9999784231185913|NORM=2.1292695237207226e-05
li	O=0.9999833106994629|NORM=1.6456797311548144e-05
to	O=0.9999885559082031|NORM=1.0578217370493803e-05
samorazumljivo	O=0.9999754428863525|NORM=2.3675600459682755e-05
,	O=0.9999808073043823|NORM=1.6437119484180585e-05
ili	O=0.9999643564224243|NORM=3.512659532134421e-05
to	O=0.9999867677688599|NORM=1.2553585293062497e-05
negdje	O=0.9999769926071167|NORM=2.2643844204139896e-05
piše	O=0.999980092048645|NORM=1.957342101377435e-05
,	O=0.9999808073043823|NORM=1.676764259173069e-05
ili	O=0.9999464750289917|NORM=5.285946463118307e-05
je	O=0.9999899864196777|NORM=9.831677743932232e-06
to	O=0.9999827146530151|NORM=1.64590328495251e-05
netko	O=0.9999779462814331|NORM=2.1705256585846655e-05
rekao	O=0.9999674558639526|NORM=3.185109017067589e-05
?	O=0.999984622001648|NORM=1.2012677871098276e-05

kršćani	O=0.9999200105667114|NORM=7.927348633529618e-05
protiv	O=0.9998728036880493|NORM=0.00012591991981025785
ovoga	O=0.9999780654907227|NORM=2.0664128896896727e-05
,	O=0.9999862909317017|NORM=1.2701981177087873e-05
kršćani	O=0.9999419450759888|NORM=5.748275725636631e-05
protiv	O=0.9999605417251587|NORM=3.9004895370453596e-05
onoga	O=0.9999762773513794|NORM=2.2916405214346014e-05
...	O=0.999983549118042|NORM=1.4998098777141422e-05

a	O=0.9999896287918091|NORM=1.0203355486737564e-05
znate	O=0.9998713731765747|NORM=0.00012765311112161726
što	O=0.9999465942382812|NORM=5.3174564527580515e-05
je	O=0.9999786615371704|NORM=2.1103982362546958e-05
seks	O=0.9997150301933289|NORM=0.00028358405688777566
?	O=0.9999880790710449|NORM=1.0413835298095364e-05

3.	O=0.9999686479568481|NORM=3.0728537240065634e-05
dan	O=0.9999514818191528|NORM=4.8200894525507465e-05
da	O=0.9999772310256958|NORM=2.249516182928346e-05
mi	O=0.9999775886535645|NORM=2.2106471078586765e-05
neprestano	O=0.9998268485069275|NORM=0.0001723918248899281
u	O=0.9999868869781494|NORM=1.2788933418050874e-05
glavi	O=0.999955415725708|NORM=4.41997945017647e-05
svira	O=0.9999037981033325|NORM=9.584475628798828e-05
magazin	O=0.997520387172699|NORM=0.002470952458679676
i	O=0.9999829530715942|NORM=1.6804995539132506e-05
iz	O=0.9998902082443237|NORM=0.00010953946912195534
tramvaja	O=0.9989935755729675|NORM=0.0010021643247455359
vidim	O=0.9998806715011597|NORM=0.00011550392082426697
tončija	O=0.9898751378059387|NORM=0.010121752507984638
huljića	O=0.9918609261512756|NORM=0.008123517967760563
na	O=0.9999768733978271|NORM=2.283626417920459e-05
ulici	O=0.9999388456344604|NORM=6.078241131035611e-05
??!!!	O=0.9998893737792969|NORM=0.0001084063042071648

@partwish	O=0.9999856948852539|NORM=1.402323141519446e-05
možeš	O=0.9999489784240723|NORM=5.067909660283476e-05
putem	O=0.999961256980896|NORM=3.850600478472188e-05
sučelja	O=0.9995515942573547|NORM=0.0004478946211747825
i	O=0.9999747276306152|NORM=2.5109729904215783e-05
preko	O=0.9999135732650757|NORM=8.620442531537265e-05
nas	O=0.9999575614929199|NORM=4.196655208943412e-05
.	O=0.9999918937683105|NORM=6.988344466662966e-06

film	O=0.9998950958251953|NORM=0.00010412861593067646
"	O=0.9999876022338867|NORM=1.2067645911884028e-05
anabelle	O=0.999365508556366|NORM=0.000632758135907352
"	O=0.9999868869781494|NORM=1.2520789823611267e-05
,	O=0.9999874830245972|NORM=1.192689251183765e-05
inače	O=0.9998407363891602|NORM=0.00015901979350019246
napucani	NORM=0.9958309531211853|O=0.004157318267971277
horor	O=0.9992954730987549|NORM=0.0006987156230024993
nemojte	O=0.9997488856315613|NORM=0.00025059509789571166
gledati	O=0.9997442364692688|NORM=0.00025005105999298394
,	O=0.9999868869781494|NORM=1.204408999910811e-05
jer	O=0.9994024038314819|NORM=0.0005971495993435383
u	O=0.9999659061431885|NORM=3.3916545362444595e-05
životu	O=0.9998456239700317|NORM=0.00015392413479276001
veće	O=0.9819076657295227|NORM=0.01809052564203739
sranje	O=0.9985741376876831|NORM=0.001423955662176013
od	O=0.9997060894966125|NORM=0.0002935089869424701
filma	O=0.9999163150787354|NORM=8.245112985605374e-05
nisam	O=0.9999490976333618|NORM=5.037951632402837e-05
vidio	O=0.99996018409729|NORM=3.9475311496062204e-05
!!!	O=0.9999785423278809|NORM=1.9673154383781366e-05

evo	O=0.9999793767929077|NORM=2.0410170691320673e-05
jedne	O=0.9999620914459229|NORM=3.760859544854611e-05
ekskluzive	O=0.9999499320983887|NORM=4.949808862875216e-05
za	O=0.9999866485595703|NORM=1.3086469152767677e-05
@nln3	O=0.9999847412109375|NORM=1.4878703950671479e-05
@goranvr	O=0.9999842643737793|NORM=1.5513091057073325e-05
-	O=0.9999730587005615|NORM=2.556513572926633e-05
24.	O=0.9998444318771362|NORM=0.00015481520676985383
-26.	O=0.9999392032623291|NORM=5.985789903206751e-05
10.	O=0.999941349029541|NORM=5.801356383017264e-05
je	O=0.9999281167984009|NORM=7.17110960977152e-05
#etwinning	O=0.9999792575836182|NORM=2.0288198356865905e-05
seminar	O=0.9996756315231323|NORM=0.0003233908209949732
u	O=0.9999784231185913|NORM=2.120939825545065e-05
dubrovniku	O=0.9997630715370178|NORM=0.00023597039398737252
,	O=0.9999818801879883|NORM=1.6890664483071305e-05
tamo	O=0.9972150325775146|NORM=0.0027781054377555847
smo	O=0.9997267127037048|NORM=0.00027301738737151027
@abfromz	O=0.9999854564666748|NORM=1.4296128938440233e-05
i	O=0.9999890327453613|NORM=1.0779896001622546e-05
ja	O=0.9999850988388062|NORM=1.4799249584029894e-05
pa	O=0.9998999834060669|NORM=9.976491128327325e-05
nam	O=0.9998966455459595|NORM=0.00010301590373273939
se	O=0.9999736547470093|NORM=2.6171239369432442e-05
pridružite	O=0.9999024868011475|NORM=9.711777966003865e-05
:)	O=0.9999854564666748|NORM=1.3190639037929941e-05

konferenciju	O=0.9999741315841675|NORM=2.5501487471046858e-05
#tggcon	O=0.9999866485595703|NORM=1.2559536116896197e-05
u	O=0.9999865293502808|NORM=1.2860281458415557e-05
11	O=0.9999713897705078|NORM=2.8074147849110886e-05
h	O=0.9999828338623047|NORM=1.6603507901891135e-05
otvara	O=0.9999842643737793|NORM=1.5420739146065898e-05
hrv.	O=0.9998960494995117|NORM=0.00010300021676812321
fizičar	O=0.9998862743377686|NORM=0.00011307818203931674
i	O=0.9999808073043823|NORM=1.899622475320939e-05
izumitelj	O=0.9999096393585205|NORM=9.005441097542644e-05
davor	O=0.9999281167984009|NORM=7.163289410527796e-05
pavuna	O=0.9998263716697693|NORM=0.0001730892399791628
s	O=0.9999842643737793|NORM=1.5326875654864125e-05
temom	O=0.9997679591178894|NORM=0.0002317532926099375
"	O=0.9999852180480957|NORM=1.3900700650992803e-05
the	O=0.9999805688858032|NORM=1.816347321437206e-05
universe	O=0.9999910593032837|NORM=8.308312317240052e-06
and	O=0.9999306201934814|NORM=6.40930884401314e-05
our	O=0.9998865127563477|NORM=0.00010791273234644905
planet	O=0.9999747276306152|NORM=2.4231903807958588e-05
:	O=0.9999861717224121|NORM=1.251548201253172e-05
a	O=0.9999719858169556|NORM=2.6549379981588572e-05
true	O=0.9999582767486572|NORM=4.045088280690834e-05
challege	O=0.9997174143791199|NORM=0.0002818793000187725
to	O=0.9999265670776367|NORM=6.953284173505381e-05
all	O=0.9999817609786987|NORM=1.7487396689830348e-05
geeks	O=0.9999262094497681|NORM=7.253515650518239e-05
"	O=0.9999781847000122|NORM=2.066438719339203e-05
.	O=0.9999932050704956|NORM=5.690302714356221e-06

ali	O=0.9999138116836548|NORM=8.563178562326357e-05
i	O=0.9999077320098877|NORM=9.184782538795844e-05
reklama	O=0.9997054934501648|NORM=0.0002928179455921054
"	O=0.9999853372573853|NORM=1.390665511280531e-05
i	O=0.9999169111251831|NORM=8.265185897471383e-05
put	O=0.9928909540176392|NORM=0.00710119167342782
my	O=0.9998757839202881|NORM=0.00011765986710088328
other	O=0.9999359846115112|NORM=6.120610487414524e-05
jeans	O=0.999748170375824|NORM=0.0002485717704985291
on	O=0.9998457431793213|NORM=0.00015349010936915874
"	O=0.9999676942825317|NORM=3.0491935831378214e-05
zvucala	NORM=0.9809064269065857|O=0.01908275857567787
je	O=0.9999537467956543|NORM=4.6111337724141777e-05
bolje	O=0.9998514652252197|NORM=0.00014772266149520874
u	O=0.9999527931213379|NORM=4.7012952563818544e-05
moj	O=0.8917486071586609|NORM=0.10823865234851837
verziji	O=0.956902027130127|NORM=0.04309307783842087
aj	NORM=0.9985927939414978|O=0.0013989805011078715
zu	NORM=0.9957261085510254|O=0.004257644060999155
mazeriza	NORM=0.9297393560409546|O=0.07025256007909775
aj	NORM=0.9980053305625916|O=0.001982644200325012
zu	NORM=0.9986466765403748|O=0.0013430090621113777
za	O=0.988593578338623|NORM=0.011402403935790062
mazeriza	NORM=0.520693302154541|O=0.4792692959308624
.	O=0.9999879598617554|NORM=1.0926798495347612e-05

ekipa	O=0.9996055960655212|NORM=0.00039397613727487624
@vhrbak	O=0.9999858140945435|NORM=1.3751620826951694e-05
,	O=0.9999761581420898|NORM=2.2192960386746563e-05
@juricigor	O=0.9999890327453613|NORM=1.063947183865821e-05
,	O=0.9999775886535645|NORM=2.0830162611673586e-05
@msrsan	O=0.9999872446060181|NORM=1.2443585546861868e-05
,	O=0.9999831914901733|NORM=1.5514420738327317e-05
@wyeko	O=0.9999878406524658|NORM=1.1852705938508734e-05
,	O=0.99997878074646|NORM=1.9515035091899335e-05
@ivonaopancar	O=0.9999898672103882|NORM=9.825068445934448e-06
,	O=0.9999828338623047|NORM=1.574699672346469e-05
@zselinger	O=0.9999898672103882|NORM=9.882353879220318e-06
,	O=0.9999831914901733|NORM=1.547912870591972e-05
@norafora	O=0.9999878406524658|NORM=1.1883503248100169e-05
i	O=0.9999891519546509|NORM=1.0535465662542265e-05
ostali	O=0.9999622106552124|NORM=3.731781180249527e-05
sa	O=0.9999692440032959|NORM=3.0164344934746623e-05
#itedu2012	O=0.9999927282333374|NORM=6.914420282555511e-06
,	O=0.9999877214431763|NORM=1.1322048521833494e-05
današnje	O=0.999300479888916|NORM=0.0006985904765315354
predavanje	O=0.9997926354408264|NORM=0.00020683194452431053
je	O=0.9999573230743408|NORM=4.2359224607935175e-05
odgođeno	O=0.9997920393943787|NORM=0.0002072905481327325
!	O=0.9999908208847046|NORM=8.072598575381562e-06

ono	O=0.9999722242355347|NORM=2.722267345234286e-05
kad	O=0.9999853372573853|NORM=1.4277667105488945e-05
curu	O=0.9997387528419495|NORM=0.00026011571753770113
koja	O=0.999591052532196|NORM=0.0004082445811945945
čući	NORM=0.6155875325202942|O=0.38439780473709106
na	O=0.9999589920043945|NORM=4.060652281623334e-05
fotografiji	O=0.9998857975006104|NORM=0.00011376562906662002
sa	O=0.9999418258666992|NORM=5.7807701523415744e-05
instagrama	O=0.9816545248031616|NORM=0.01833535172045231
znaš	O=0.99795001745224|NORM=0.002043867250904441
kao	O=0.9999184608459473|NORM=8.126696775434539e-05
curu	O=0.9992043375968933|NORM=0.0007912951405160129
koja	O=0.9998537302017212|NORM=0.00014581870345864445
čući	O=0.6339613795280457|NORM=0.3660140335559845
u	O=0.9999089241027832|NORM=9.074436820810661e-05
rl	O=0.9906700849533081|NORM=0.00932681281119585
.	O=0.9999909400939941|NORM=8.27583426143974e-06

#micekjadni	O=0.9999797344207764|NORM=1.9985862309113145e-05

wwdc	O=0.9895331263542175|NORM=0.010451856069266796
2014	O=0.999921441078186|NORM=7.803163316566497e-05
–	O=0.9999732971191406|NORM=2.576073893578723e-05
apple	O=0.9997342228889465|NORM=0.0002632969117257744
sprema	O=0.9999686479568481|NORM=3.078917507082224e-05
platformu	O=0.9999676942825317|NORM=3.153533907607198e-05
za	O=0.999963641166687|NORM=3.554785143933259e-05
pametne	O=0.9942259192466736|NORM=0.0057695782743394375
domove	O=0.9988992214202881|NORM=0.001099382876418531
?	O=0.9999761581420898|NORM=2.2788080968894064e-05

@trsurf	O=0.9999834299087524|NORM=1.5941277524689212e-05
krivo	O=0.9999240636825562|NORM=7.543705578427762e-05
se	O=0.9999788999557495|NORM=2.0888295694021508e-05
izrazio	O=0.9998860359191895|NORM=0.00011329381231917068
nešto	O=0.9999808073043823|NORM=1.8825956431101076e-05
što	O=0.999987006187439|NORM=1.2451168913685251e-05
nije	O=0.9999837875366211|NORM=1.5659568816772662e-05
toliko	O=0.9999603033065796|NORM=3.9406560972565785e-05
ljuto	O=0.9996528625488281|NORM=0.00034569960553199053
tj	NORM=0.9993491768836975|O=0.0006402094732038677
malo	O=0.999829888343811|NORM=0.00016928724653553218
manje	O=0.9999405145645142|NORM=5.937385867582634e-05
ljuto	O=0.9998164772987366|NORM=0.00018293772882316262
od	O=0.9999531507492065|NORM=4.6492776164086536e-05
toga	O=0.9999845027923584|NORM=1.4689351701235864e-05
:d	O=0.9999637603759766|NORM=3.463376560830511e-05

@jedimikaru	O=0.9999877214431763|NORM=1.1925700164283626e-05
kakve	O=0.9999150037765503|NORM=8.428635192103684e-05
veze	O=0.9999492168426514|NORM=5.0475031457608566e-05
ima	O=0.9999867677688599|NORM=1.2837394024245441e-05
kopriva	O=0.9998691082000732|NORM=0.00013056852912995964
sa	O=0.9999321699142456|NORM=6.608926923945546e-05
drkanjem	O=0.9937406182289124|NORM=0.006258346606045961
?	O=0.9999842643737793|NORM=1.4401893167814706e-05

nušo	O=0.9933993816375732|NORM=0.006597911939024925
,	O=0.9999799728393555|NORM=1.8981141693075188e-05
silo	O=0.9970856308937073|NORM=0.002913075964897871
nečista	O=0.9998794794082642|NORM=0.00012023809540551156
,	O=0.9999622106552124|NORM=3.5595730878412724e-05
daj	O=0.9997960925102234|NORM=0.00020366602984722704
vamo	O=0.7942050099372864|NORM=0.20576059818267822
konjak	O=0.9465052485466003|NORM=0.05347635969519615
,	O=0.9999669790267944|NORM=3.186912726960145e-05
zame	O=0.6841209530830383|NORM=0.315670907497406
domaći	O=0.9982415437698364|NORM=0.001757233403623104
,	O=0.9999860525131226|NORM=1.2791691915481351e-05
a	O=0.9999539852142334|NORM=4.541378075373359e-05
za	O=0.9997606873512268|NORM=0.0002372417802689597
dotura	NORM=0.9756702780723572|O=0.02431388385593891
daj	O=0.9998761415481567|NORM=0.00012365628208499402
vrancuski	NORM=0.8799336552619934|O=0.12002946436405182
.	O=0.9999909400939941|NORM=7.74905947764637e-06

to	O=0.9999667406082153|NORM=3.249234941904433e-05
se	O=0.9999704360961914|NORM=2.925528860941995e-05
zove	O=0.997983455657959|NORM=0.0020156321115791798
versatilnost	O=0.9999659061431885|NORM=3.29850590787828e-05
.	O=0.9999819993972778|NORM=1.3710946404899005e-05

privilegije	O=0.9999539852142334|NORM=4.574582999339327e-05
ljudi	O=0.9999825954437256|NORM=1.7079953977372497e-05
rodjenih	NORM=0.9762781858444214|O=0.023709140717983246
u	O=0.9999778270721436|NORM=2.1806876247865148e-05
državi	O=0.9999244213104248|NORM=7.42764605092816e-05
sa	O=0.9999768733978271|NORM=2.279957516293507e-05
zrelim	O=0.9981203675270081|NORM=0.001878979499451816
legalnim	O=0.9983975291252136|NORM=0.0016015743603929877
i	O=0.9999687671661377|NORM=3.097099397564307e-05
poslovnim	O=0.9990166425704956|NORM=0.000982530415058136
sustavom	O=0.999853253364563|NORM=0.00014617954730056226
.	O=0.9999896287918091|NORM=9.467931704421062e-06

bit	O=0.9995977282524109|NORM=0.00040081521729007363
će	O=0.9999665021896362|NORM=3.3359832741552964e-05
meni	O=0.9999547004699707|NORM=4.5006068830844015e-05
opet	O=0.9998975992202759|NORM=0.00010193463822361082
prespavanja	O=0.9998893737792969|NORM=0.0001103841932490468
i	O=0.9999748468399048|NORM=2.498742651368957e-05
traženja	O=0.9978874325752258|NORM=0.00211175624281168
mobitela	O=0.999624490737915|NORM=0.00037382420850917697
pod	O=0.9996846914291382|NORM=0.00031475932337343693
krevetom	O=0.9998503923416138|NORM=0.00014922994887456298
.	O=0.9999908208847046|NORM=8.025865099625662e-06

i	O=0.9999685287475586|NORM=3.1217201467370614e-05
radosti	O=0.9999717473983765|NORM=2.8044561986462213e-05
.	O=0.9999938011169434|NORM=5.092825176689075e-06

"	O=0.9999879598617554|NORM=1.0579612535366323e-05
,	O=0.999991774559021|NORM=6.604396730836015e-06
toše	O=0.9997616410255432|NORM=0.00023780060291755944
,	O=0.9999889135360718|NORM=9.042278179549612e-06
sretan	O=0.9998763799667358|NORM=0.0001229404442710802
ti	O=0.9999690055847168|NORM=3.058027141378261e-05
rođendan	O=0.9999631643295288|NORM=3.6594621633412316e-05
gore	O=0.9972942471504211|NORM=0.0026999646797776222
na	O=0.9999746084213257|NORM=2.5083880245801993e-05
nebesima	O=0.9998970031738281|NORM=0.0001024934317683801

nastade	O=0.9994658827781677|NORM=0.0005335091846063733
opšti	O=0.9802706241607666|NORM=0.019725561141967773
haos	O=0.9693580865859985|NORM=0.030561503022909164
.	O=0.9999897480010986|NORM=8.560754395148251e-06

obavještavamo	O=0.9999603033065796|NORM=3.931451647076756e-05
našeg	O=0.9999747276306152|NORM=2.492656494723633e-05
vip-ovca	O=0.999248206615448|NORM=0.0007481332868337631
0003	O=0.9999361038208008|NORM=6.291906902333722e-05
da	O=0.999984622001648|NORM=1.4954624020901974e-05
će	O=0.999977707862854|NORM=2.2128535420051776e-05
večeras	O=0.9999808073043823|NORM=1.8759268641588278e-05
dobiti	O=0.9998683929443359|NORM=0.0001310859661316499
svoju	O=0.9999765157699585|NORM=2.3144080842030235e-05
iskaznicu	O=0.9999450445175171|NORM=5.427814903669059e-05
,	O=0.9999885559082031|NORM=8.817619345791172e-06
pa	O=0.9999545812606812|NORM=4.478927803575061e-05
ga	O=0.9999690055847168|NORM=3.0368235456990078e-05
molimo	O=0.9999346733093262|NORM=6.465181650128216e-05
da	O=0.9999676942825317|NORM=3.1837796996114776e-05
dođe	O=0.9999572038650513|NORM=4.175180947640911e-05
na	O=0.9999783039093018|NORM=2.1423806174425408e-05
clubbing	O=0.9998764991760254|NORM=0.00012250858708284795
night	O=0.9998778104782104|NORM=0.000121542856504675
:)	O=0.9999834299087524|NORM=1.4165801076160278e-05
@subzero_d	O=0.9999887943267822|NORM=1.084388350136578e-05

joj	O=0.9995139837265015|NORM=0.00048518204130232334
kad	O=0.9999891519546509|NORM=1.049784532369813e-05
bi	O=0.9959940910339355|NORM=0.0039930082857608795
mi	O=0.9999722242355347|NORM=2.7109326765639707e-05
se	O=0.999976396560669|NORM=2.333952761546243e-05
moj	O=0.9999673366546631|NORM=3.199987986590713e-05
ovnovski	O=0.997565507888794|NORM=0.002432791981846094
horoskop	O=0.9998088479042053|NORM=0.00018809287576004863
ostvario	O=0.9999872446060181|NORM=1.2141475053795148e-05
:)	O=0.9999778270721436|NORM=1.775537930370774e-05

infinum	O=0.9726033806800842|NORM=0.027390802279114723
je	O=0.9999755620956421|NORM=2.4247134206234477e-05
najbolji	O=0.9999752044677734|NORM=2.4310522348969243e-05
.	O=0.9999862909317017|NORM=1.076068110705819e-05

cc	O=0.9999570846557617|NORM=4.2657789890654385e-05
@marcec	O=0.9999895095825195|NORM=1.0128286703547928e-05
@ivanhruskovec	O=0.999984860420227|NORM=1.4956782251829281e-05
@vooneni	O=0.9999858140945435|NORM=1.382463779009413e-05
@cepodario	O=0.9999855756759644|NORM=1.4223119251255412e-05
@bulja1	O=0.9999926090240479|NORM=7.005384759395383e-06

@dakoree	O=0.9999912977218628|NORM=8.214660738303792e-06
paparazzima	O=0.9997547268867493|NORM=0.00024477727129124105
koji	O=0.9999845027923584|NORM=1.5002146938059013e-05
vas	O=0.9998434782028198|NORM=0.00015562254702672362
inače	O=0.9999806880950928|NORM=1.911423350975383e-05
ganjaju	O=0.9999545812606812|NORM=4.480410279938951e-05
je	O=0.9999476671218872|NORM=5.213499389356002e-05
praznik	O=0.999852180480957|NORM=0.0001474553282605484
pa	O=0.9999750852584839|NORM=2.463013333908748e-05
morate	O=0.9998929500579834|NORM=0.00010638243111316115
sami	O=0.999886155128479|NORM=0.00011332051508361474
opaliti	O=0.9995250701904297|NORM=0.0004744570469483733
koju	O=0.9998867511749268|NORM=0.0001127340947277844
fotku	O=0.9997695088386536|NORM=0.00022873253328725696
...	O=0.9999815225601196|NORM=1.7786169337341562e-05

il	NORM=0.9976338148117065|O=0.002236031461507082
sam	O=0.9998582601547241|NORM=0.00014115517842583358
corava	NORM=0.9854423999786377|O=0.01454467698931694
il	NORM=0.9969413876533508|O=0.002994170179590583
nema	O=0.9999836683273315|NORM=1.6093606973299757e-05
most	O=0.9999455213546753|NORM=5.4064603318693116e-05
recent	O=0.9903548955917358|NORM=0.009642898105084896
neg	NORM=0.9981620907783508|O=0.0018325274577364326
on	O=0.9995947480201721|NORM=0.00040465983329340816
meni	O=0.9999731779098511|NORM=2.6465106202522293e-05
automatski	O=0.9998438358306885|NORM=0.00015557912411168218
stavi	O=0.9998507499694824|NORM=0.00014845778059680015
samo	O=0.9999731779098511|NORM=2.6354035071562976e-05
top	O=0.9999107122421265|NORM=8.817551133688539e-05
stories	O=0.9998965263366699|NORM=0.00010245282464893535
.	O=0.9999911785125732|NORM=8.071830961853266e-06

kad	O=0.9999920129776001|NORM=7.638444913027342e-06
se	O=0.9999771118164062|NORM=2.2745765818399377e-05
nađeš	O=0.9999344348907471|NORM=6.498870061477646e-05
u	O=0.9999804496765137|NORM=1.9298477127449587e-05
krivo	O=0.9998131394386292|NORM=0.00018502009334042668
vrijeme	O=0.9998080134391785|NORM=0.00018808411550708115
na	O=0.9999649524688721|NORM=3.438209023443051e-05
krivom	O=0.9997367262840271|NORM=0.0002610560622997582
mjestu	O=0.9999558925628662|NORM=4.321407323004678e-05
,	O=0.9999829530715942|NORM=1.4606142030970659e-05
onda	O=0.9999814033508301|NORM=1.829460234148428e-05
se	O=0.9999719858169556|NORM=2.784405842248816e-05
osjećaš	O=0.999835729598999|NORM=0.0001637099776417017
blesavo	O=0.9993836879730225|NORM=0.0006134561263024807
i	O=0.9999771118164062|NORM=2.2504751541418955e-05
ne	O=0.9999475479125977|NORM=5.136034815222956e-05
znaš	O=0.9999415874481201|NORM=5.791126022813842e-05
kud	O=0.5544470548629761|NORM=0.44551882147789
bi	NORM=0.94318687915802|O=0.056806258857250214
sa	O=0.9999773502349854|NORM=2.2345386241795495e-05
sobom	O=0.9999488592147827|NORM=5.076625893707387e-05
,	O=0.9999840259552002|NORM=1.3322149243322201e-05
tako	O=0.9999192953109741|NORM=8.055959187913686e-05
i	O=0.9999728202819824|NORM=2.697353920666501e-05
ovaj	O=0.9999803304672241|NORM=1.9305762180010788e-05
snijeg	O=0.9997981190681458|NORM=0.0002003974368562922
u	O=0.9999707937240601|NORM=2.8723505238303915e-05
trećem	O=0.9994906187057495|NORM=0.0005084053263999522
mjesecu	O=0.999559223651886|NORM=0.00043536085286177695
.	O=0.9999839067459106|NORM=1.3109029168845154e-05

di	NORM=0.9936158657073975|O=0.005493422504514456
ce	NORM=0.9997988343238831|O=0.00018550068489275873
biti	O=0.7144250273704529|NORM=0.28555232286453247
apple	O=0.9998511075973511|NORM=0.00014461719547398388
,	O=0.9999852180480957|NORM=1.3613220289698802e-05
goolge	O=0.9711816906929016|NORM=0.02881464920938015
i	O=0.9999617338180542|NORM=3.7888079532422125e-05
ms	O=0.9975806474685669|NORM=0.002417544834315777
2021	O=0.9997493624687195|NORM=0.00024854668299667537
?	O=0.9999732971191406|NORM=2.275984843436163e-05

velika	O=0.9999719858169556|NORM=2.7792988475994207e-05
stopala	O=0.9999706745147705|NORM=2.8938680770806968e-05
....................	O=0.9998801946640015|NORM=0.00011808226554421708
tesko	NORM=0.9923794269561768|O=0.007602964527904987
se	O=0.9999676942825317|NORM=3.209169881301932e-05
pronalaze	O=0.9972856044769287|NORM=0.0027111642993986607
cipele	O=0.9996284246444702|NORM=0.0003699685330502689
:d	O=0.9999251365661621|NORM=7.068729610182345e-05

dec	NORM=0.99946528673172|O=0.00052790337940678
it	O=0.9998897314071655|NORM=0.00010963201930280775
!	O=0.9999902248382568|NORM=7.597036074002972e-06

no	O=0.9996442794799805|NORM=0.0003549052053131163
:	O=0.9999566078186035|NORM=4.187931335764006e-05
osvjetljenje	O=0.9999008178710938|NORM=9.842446888796985e-05
u	O=0.9999651908874512|NORM=3.443345121922903e-05
toj	O=0.9995933175086975|NORM=0.0004051417054142803
emisiji	O=0.9998619556427002|NORM=0.0001370198733638972
.	O=0.9999914169311523|NORM=7.53553786125849e-06

svugdi	NORM=0.9981176853179932|O=0.001859194366261363
parkinga	O=0.9980924725532532|NORM=0.0019065402448177338
,	O=0.9999707937240601|NORM=2.8400727387634106e-05
nigdi	NORM=0.9983289837837219|O=0.0016448355745524168
bedaka	O=0.9100232720375061|NORM=0.08996742218732834
.	O=0.9999878406524658|NORM=1.1013568837370258e-05

@afirebt	O=0.9999823570251465|NORM=1.6921709175221622e-05
znam	O=0.9999450445175171|NORM=5.407025309978053e-05
samo	O=0.999969482421875|NORM=3.033250141015742e-05
da	O=0.9999740123748779|NORM=2.58153559116181e-05
je	O=0.9999724626541138|NORM=2.7381764084566385e-05
hrvatski	O=0.9999387264251709|NORM=6.09036760579329e-05
distributer	O=0.9953711628913879|NORM=0.004626937210559845
uzas	NORM=0.9970362186431885|O=0.0029538064263761044
ali	O=0.9999052286148071|NORM=9.41893013077788e-05
i	O=0.9999774694442749|NORM=2.2360929506248794e-05
da	O=0.9999712705612183|NORM=2.856829269148875e-05
ces	NORM=0.9993385672569275|O=0.0006483193137682974
ga	O=0.9999551773071289|NORM=4.4433294533519074e-05
vjerojatno	O=0.9998458623886108|NORM=0.00015345326391980052
morati	O=0.9994450211524963|NORM=0.0005537099787034094
kontaktirati	O=0.9995495676994324|NORM=0.00044828985119238496
(	O=0.999985933303833|NORM=1.344878000963945e-05
ako	O=0.9999711513519287|NORM=2.8682728952844627e-05
nemas	NORM=0.9995026588439941|O=0.0004825589421670884
nekog	O=0.9985363483428955|NORM=0.0014630345394834876
vani	O=0.9999229907989502|NORM=7.680169073864818e-05
ili	O=0.9999750852584839|NORM=2.4715262043173425e-05
ima	O=0.9999769926071167|NORM=2.2893440473126248e-05
rabljenih	O=0.9993213415145874|NORM=0.0006781800766475499
)	O=0.9999698400497437|NORM=2.845071503543295e-05

pogledajte	O=0.9995896220207214|NORM=0.00040449551306664944
prelijep	O=0.9992765784263611|NORM=0.0007217145757749677
iphone	O=0.9999046325683594|NORM=9.472549572819844e-05
6	O=0.9999328851699829|NORM=6.587505049537867e-05
koncept	O=0.9992582201957703|NORM=0.0007324005127884448
nastao	O=0.9999605417251587|NORM=3.915370689355768e-05
na	O=0.9999881982803345|NORM=1.1606952284637373e-05
osnovu	O=0.999742329120636|NORM=0.0002568051277194172
procurjelih	O=0.872844398021698|NORM=0.12713706493377686
šema	O=0.9924883842468262|NORM=0.007505131885409355
:	O=0.999966025352478|NORM=3.2533811463508755e-05
ako	O=0.9999853372573853|NORM=1.4374287275131792e-05
postoji	O=0.9999889135360718|NORM=1.0613679478410631e-05
nešto	O=0.9999805688858032|NORM=1.9134678950649686e-05
čega	O=0.9998618364334106|NORM=0.00013745516480412334
ne	O=0.9999836683273315|NORM=1.5951363820931874e-05
nedo	O=0.7697457075119019|NORM=0.23023274540901184
...	O=0.9999123811721802|NORM=8.366419206140563e-05

ako	O=0.999990701675415|NORM=9.061959644895978e-06
se	O=0.9999798536300659|NORM=1.9919152691727504e-05
pretvaram	O=0.9998070597648621|NORM=0.00019125327526126057
da	O=0.9999850988388062|NORM=1.4570141502190381e-05
se	O=0.9999771118164062|NORM=2.251527075713966e-05
laptop	O=0.9994871616363525|NORM=0.0005107118049636483
nije	O=0.999968409538269|NORM=3.12911142827943e-05
maloprije	O=0.9998630285263062|NORM=0.00013653583300765604
ugasio	O=0.9999047517776489|NORM=9.436476102564484e-05
bez	O=0.9999665021896362|NORM=3.28248534060549e-05
ikakvog	O=0.9998149275779724|NORM=0.00018475859542377293
razloga	O=0.9999252557754517|NORM=7.340977754211053e-05
,	O=0.9999892711639404|NORM=9.457909982302226e-06
onda	O=0.9999885559082031|NORM=1.1035939678549767e-05
to	O=0.9999866485595703|NORM=1.2442284969438333e-05
neće	O=0.9999409914016724|NORM=5.832914757775143e-05
više	O=0.9999839067459106|NORM=1.5689991414546967e-05
ponoviti	O=0.9999290704727173|NORM=7.024491060292348e-05
,	O=0.9999847412109375|NORM=1.3157661669538356e-05
jel	NORM=0.9981854557991028|O=0.0015315262135118246
tako	O=0.9998857975006104|NORM=0.00011385256220819429
?	O=0.999981164932251|NORM=1.5964564227033406e-05

u	O=0.999975323677063|NORM=2.4415916414000094e-05
obrani	O=0.9983749389648438|NORM=0.001615536748431623
sam	O=0.9999405145645142|NORM=5.893637353437953e-05
jak	O=0.999710738658905|NORM=0.00028866901993751526
,	O=0.999987006187439|NORM=1.1174458450113889e-05
prođe	O=0.9999713897705078|NORM=2.8396438210620545e-05
čovjek	O=0.9998037219047546|NORM=0.00019437691662460566
-	O=0.9999616146087646|NORM=3.7748894101241603e-05
neće	O=0.9999557733535767|NORM=4.405593062983826e-05
pak	O=0.9997221827507019|NORM=0.0002776158507913351
!	O=0.9999892711639404|NORM=8.022239853744395e-06

ms	O=0.9965062737464905|NORM=0.0034922542981803417
office	O=0.9992583394050598|NORM=0.0007388858357444406
za	O=0.9997671246528625|NORM=0.00023008932475931942
ios	O=0.9990333318710327|NORM=0.0009653825545683503
na	O=0.9999881982803345|NORM=1.144294765254017e-05
vrhu	O=0.9999706745147705|NORM=2.8853170078946277e-05
appstore	O=0.9981288313865662|NORM=0.001870055333711207
ljestvice	O=0.9999614953994751|NORM=3.81862155336421e-05
?	O=0.9999722242355347|NORM=2.6712896215030923e-05

nocenje	NORM=0.999286949634552|O=0.0007057790644466877
,	O=0.9999805688858032|NORM=1.8892265870817937e-05
spavanje	O=0.9999223947525024|NORM=7.727109914412722e-05
u	O=0.9999781847000122|NORM=2.165578189305961e-05
dnevnoj	O=0.9995148181915283|NORM=0.0004850246477872133
sobi	O=0.9999223947525024|NORM=7.735220424365252e-05
ko	NORM=0.999512791633606|O=0.00046046829083934426
u	O=0.9998779296875|NORM=0.00012190412962809205
space	O=0.9994051456451416|NORM=0.0005899926763959229
shuttleu	O=0.9522795677185059|NORM=0.047652170062065125
od	O=0.999679446220398|NORM=0.000320177263347432
silnih	O=0.9997478127479553|NORM=0.0002519268891774118
standby	O=0.9998418092727661|NORM=0.00015729718143120408
lampica	O=0.9387179613113403|NORM=0.06127777695655823
raznih	O=0.9986642599105835|NORM=0.0013338476419448853
av	NORM=0.6130115389823914|O=0.38696423172950745
i	O=0.9990431666374207|NORM=0.0009564129286445677
inih	NORM=0.9679272174835205|O=0.032067522406578064
uredjaja	NORM=0.9886804819107056|O=0.011309497989714146
.	O=0.999982476234436|NORM=1.6803849575808272e-05

svida	O=0.9994773268699646|NORM=0.0005220418679527938
mi	O=0.9999822378158569|NORM=1.752749267325271e-05
se	O=0.9999767541885376|NORM=2.301558924955316e-05
mentalitet	O=0.9999608993530273|NORM=3.82423895644024e-05
ovdje	O=0.9999823570251465|NORM=1.7025924535118975e-05
.	O=0.999993085861206|NORM=5.698198037862312e-06

zm	O=0.999352753162384|NORM=0.0006415509269572794
:	O=0.9999749660491943|NORM=2.1816758817294613e-05
hrvatska	O=0.999900221824646|NORM=9.909274376695976e-05
živi	O=0.9999189376831055|NORM=7.981107773957774e-05
u	O=0.9999803304672241|NORM=1.9387181964702904e-05
takvom	O=0.9999659061431885|NORM=3.384600859135389e-05
okruženju	O=0.999948263168335|NORM=5.142650115885772e-05
anemične	O=0.9998152852058411|NORM=0.0001843536738306284
i	O=0.9999810457229614|NORM=1.8767701476463117e-05
slabe	O=0.9997721314430237|NORM=0.0002273981081089005
sjeverne	O=0.9997953772544861|NORM=0.00020411369041539729
italije	O=0.9999122619628906|NORM=8.738672477193177e-05
koja	O=0.9999821186065674|NORM=1.749926377669908e-05
pada	O=0.9999161958694458|NORM=8.256978617282584e-05
ekonomski	O=0.9996021389961243|NORM=0.0003939978778362274
,	O=0.9999825954437256|NORM=1.6705009329598397e-05
njemačke	O=0.9995474219322205|NORM=0.0004497671325225383
koja	O=0.9999790191650391|NORM=2.0557927200570703e-05
stagnira	O=0.9999486207962036|NORM=4.99330744787585e-05
i	O=0.9999879598617554|NORM=1.1850208466057666e-05
mi	O=0.9999575614929199|NORM=4.2082338040927425e-05
se	O=0.9999669790267944|NORM=3.290347012807615e-05
držimo	O=0.9999111890792847|NORM=8.780993084656075e-05
tu	O=0.9999440908432007|NORM=5.5451768275815994e-05
negdje	O=0.9999575614929199|NORM=4.19144744228106e-05

dan	O=0.9996812343597412|NORM=0.00031815702095627785
osrednjeg	O=0.9966322779655457|NORM=0.003366632852703333
gothic	O=0.9970169067382812|NORM=0.0029790145345032215
make-upa	O=0.9995580315589905|NORM=0.00043974383152090013
s	O=0.9999231100082397|NORM=7.616304355906323e-05
naglašenim	O=0.9969011545181274|NORM=0.0030981390736997128
eastern	O=0.9996864795684814|NORM=0.0003128502576146275
european	O=0.9995015859603882|NORM=0.0004977858043275774
naglaskom	O=0.997530996799469|NORM=0.0024658984038978815
oliti	O=0.838360607624054|NORM=0.16161800920963287
piđn	NORM=0.7199581861495972|O=0.27995994687080383
.	O=0.99998939037323|NORM=9.948854312824551e-06

viđu	O=0.9987412095069885|NORM=0.0012564505450427532
kozaka	O=0.9929496049880981|NORM=0.007038663141429424
kako	O=0.999969482421875|NORM=3.0044460800127126e-05
uvodi	O=0.999958872795105|NORM=4.064817039761692e-05
mir	O=0.999962568283081|NORM=3.6949353670934215e-05
i	O=0.999988317489624|NORM=1.1442719369370025e-05
red	O=0.9999585151672363|NORM=4.093657844350673e-05
na	O=0.9999655485153198|NORM=3.4252836485393345e-05
ulice	O=0.9997112154960632|NORM=0.0002879493113141507
nam	O=0.9644174575805664|NORM=0.03557862713932991
brackoga	O=0.8503237366676331|NORM=0.1496461033821106
sočija	O=0.9941723942756653|NORM=0.005825837142765522
:	O=0.999987006187439|NORM=1.23638319564634e-05
http://t.co/y5yhxctxpo	O=0.999976396560669|NORM=2.3395665266434662e-05
...	O=0.9999487400054932|NORM=5.048868479207158e-05

svaki	O=0.9999829530715942|NORM=1.6603160474915057e-05
dan	O=0.9999618530273438|NORM=3.6183038901071995e-05
sve	O=0.9999899864196777|NORM=9.693078936834354e-06
luđe	O=0.9999707937240601|NORM=2.7931391741731204e-05
i	O=0.9999798536300659|NORM=1.9883016648236662e-05
luđe	O=0.9999557733535767|NORM=4.329884541220963e-05
...	O=0.999984622001648|NORM=1.3991556443215813e-05

da	O=0.999980092048645|NORM=1.9354720279807225e-05
budemo	O=0.9997860789299011|NORM=0.0002108124317601323
sigurni	O=0.9999573230743408|NORM=4.194709617877379e-05
da	O=0.9999780654907227|NORM=2.1509600628633052e-05
ovi	O=0.999962329864502|NORM=3.702892718138173e-05
jazzeri	O=0.9512386322021484|NORM=0.04872589558362961
baš	O=0.9998980760574341|NORM=0.00010045766975963488
nikako	O=0.9996289014816284|NORM=0.00036804727278649807
ne	O=0.9999805688858032|NORM=1.8951834135805257e-05
mogu	O=0.9999797344207764|NORM=1.991100361919962e-05
stić	NORM=0.9737333059310913|O=0.02611294575035572
na	O=0.9999653100967407|NORM=3.4350570786045864e-05
pankić	O=0.7740640640258789|NORM=0.22591963410377502
veselje	O=0.9986977577209473|NORM=0.0013006023364141583
?	O=0.9999760389328003|NORM=2.1234483938314952e-05

:)	O=0.9999827146530151|NORM=1.5794734281371348e-05

@mrbarents	O=0.9999872446060181|NORM=1.227988650498446e-05
apsolutno	O=0.9998028874397278|NORM=0.00019637882360257208
!	O=0.9999909400939941|NORM=8.257087756646797e-06

iako	O=0.9999867677688599|NORM=1.3027360182604752e-05
nitko	O=0.9999886751174927|NORM=1.1123790500278119e-05
nije	O=0.9999866485595703|NORM=1.3032117749389727e-05
očekivao	O=0.9999713897705078|NORM=2.8157968699815683e-05
,	O=0.9999861717224121|NORM=1.2310452802921645e-05
ali	O=0.9999780654907227|NORM=2.1547171854763292e-05
marina	O=0.9998887777328491|NORM=0.00011067948798881844
tucaković	O=0.9994813799858093|NORM=0.0005178932333365083
i	O=0.9999887943267822|NORM=1.0958345228573307e-05
nina	O=0.9996660947799683|NORM=0.0003325334400869906
su	O=0.9999758005142212|NORM=2.3972561393748038e-05
dobitna	O=0.9999312162399292|NORM=6.863596354378387e-05
kombinacija	O=0.9998714923858643|NORM=0.00012770049215760082
http://t.co/qvdy1iylyi	O=0.9999845027923584|NORM=1.531650559627451e-05
@ninabadric7	O=0.9999911785125732|NORM=8.625572263554204e-06
@danijelpavlovic	O=0.9999734163284302|NORM=2.6336429073126055e-05
#dand	O=0.9999911785125732|NORM=8.56868973642122e-06

život	O=0.9999749660491943|NORM=2.4788367227301933e-05
nema	O=0.999975323677063|NORM=2.425092134217266e-05
kočnice	O=0.999954104423523|NORM=4.5310949644772336e-05
.	O=0.9999911785125732|NORM=6.510942057502689e-06

bingo	O=0.9970499277114868|NORM=0.0029383297078311443
.	O=0.9999891519546509|NORM=8.01623536972329e-06

:d	O=0.9999630451202393|NORM=3.541025216691196e-05
—	O=0.9999840259552002|NORM=1.5101775716175325e-05
feeling	O=0.9999814033508301|NORM=1.7556505554239266e-05
happy	O=0.9999850988388062|NORM=1.3679315998160746e-05

drago	O=0.9999667406082153|NORM=3.275840572314337e-05
mi	O=0.9999704360961914|NORM=2.9303455448825844e-05
je	O=0.9999847412109375|NORM=1.5176095985225402e-05
sto	NORM=0.9989339709281921|O=0.0009892077650874853
je	O=0.9999845027923584|NORM=1.5309422451537102e-05
na	O=0.9999825954437256|NORM=1.7169335478683934e-05
zgfestivalu	O=0.9659276008605957|NORM=0.034065213054418564
bilo	O=0.9999611377716064|NORM=3.857605770463124e-05
najvise	NORM=0.9992626309394836|O=0.0007292398368008435
fiumana	NORM=0.7954590916633606|O=0.20452246069908142
dosad	O=0.9999042749404907|NORM=9.545729699311778e-05
;	O=0.9999287128448486|NORM=7.023189391475171e-05
dijelom	O=0.9998501539230347|NORM=0.0001496166514698416
izvodjaci	NORM=0.9996768236160278|O=0.0003144415095448494
,	O=0.9999195337295532|NORM=7.998782530194148e-05
dijelom	O=0.9994111061096191|NORM=0.0005881796241737902
prateci	NORM=0.99925297498703|O=0.0007357668364420533
bend	O=0.9996991157531738|NORM=0.0003000193974003196
a	O=0.9990635514259338|NORM=0.0009357765084132552
bome	O=0.9944224953651428|NORM=0.005568785592913628
i	O=0.999935507774353|NORM=6.438317359425128e-05
u	O=0.9999775886535645|NORM=2.2163254470797256e-05
publici	O=0.999701201915741|NORM=0.00029814097797498107
!	O=0.9999605417251587|NORM=3.7677604268537834e-05

ono	O=0.9999552965164185|NORM=4.4404911022866145e-05
nee	O=0.9929211735725403|NORM=0.007077261805534363
,	O=0.9999732971191406|NORM=2.5730341803864576e-05
gdje	O=0.995653510093689|NORM=0.004345439840108156
si	O=0.9996181726455688|NORM=0.00038130406755954027
vidila	NORM=0.9975693821907043|O=0.0024216026067733765
ić	NORM=0.9964724779129028|O=0.0035224580205976963
u	O=0.9997060894966125|NORM=0.0002931593044195324
školu	O=0.9999229907989502|NORM=7.614523929078132e-05
utorkom	O=0.9986870884895325|NORM=0.0013118432834744453
,	O=0.9999825954437256|NORM=1.6643249182379805e-05
tek	O=0.999956488609314|NORM=4.3306681618560106e-05
si	O=0.9996814727783203|NORM=0.00031800087890587747
dns	NORM=0.9811362624168396|O=0.018849791958928108
dobila	O=0.9999337196350098|NORM=6.576093437615782e-05
raspored	O=0.9996187686920166|NORM=0.0003796363598667085
,	O=0.9999750852584839|NORM=2.3820515707484446e-05
božee	NORM=0.7504419684410095|O=0.2495334893465042
.	O=0.999987006187439|NORM=1.1655067282845266e-05

quick	O=0.9893892407417297|NORM=0.01060489285737276
...	O=0.9999494552612305|NORM=4.9255741032538936e-05

http://t.co/oq2dr5e2mc	O=0.9999889135360718|NORM=1.0767741514428053e-05
#znatko	O=0.9999635219573975|NORM=3.6040073609910905e-05
#web	O=0.9999886751174927|NORM=1.1065723811043426e-05

nogometna	O=0.9999741315841675|NORM=2.5531177016091533e-05
groznica	O=0.999963641166687|NORM=3.592104258132167e-05
je	O=0.9999855756759644|NORM=1.4216529052646365e-05
u	O=0.9999847412109375|NORM=1.5107721992535517e-05
tijeku	O=0.9999655485153198|NORM=3.358779213158414e-05
!	O=0.999991774559021|NORM=6.578434749826556e-06

želim	O=0.9999927282333374|NORM=6.750532065780135e-06
odgovor	O=0.9997668862342834|NORM=0.0002325412060599774
,	O=0.9999910593032837|NORM=7.60219563744613e-06
rezultat	O=0.9999089241027832|NORM=9.068762301467359e-05
odmah	O=0.9999552965164185|NORM=4.3671396269928664e-05
i	O=0.9999868869781494|NORM=1.2831496860599145e-05
sada	O=0.9999814033508301|NORM=1.7995431335293688e-05
.	O=0.9999916553497314|NORM=6.539702098962152e-06

crna	O=0.9999517202377319|NORM=4.791820902028121e-05
koso	NORM=0.959518313407898|O=0.04046566039323807
ljubim	O=0.9999247789382935|NORM=7.465785893145949e-05
ti	O=0.999976396560669|NORM=2.3300455723074265e-05
ruke	O=0.9999862909317017|NORM=1.3319079698703717e-05

muž	O=0.9999558925628662|NORM=4.35355250374414e-05
danas	O=0.9999762773513794|NORM=2.3310720280278474e-05
oblači	O=0.9999405145645142|NORM=5.8951325627276674e-05
kilt	O=0.9608525633811951|NORM=0.039108287543058395
,	O=0.9999903440475464|NORM=7.798376827850007e-06
oh	O=0.9999483823776245|NORM=5.082470670458861e-05
da	O=0.9999833106994629|NORM=1.6429872630396858e-05
!	O=0.9999939203262329|NORM=5.158871772437124e-06

al	NORM=0.9996088147163391|O=0.0003065437194891274
nije	O=0.9998911619186401|NORM=0.0001082862145267427
,	O=0.9999887943267822|NORM=1.0076312719320413e-05
tako	O=0.9999383687973022|NORM=6.151687557576224e-05
da	O=0.9999678134918213|NORM=3.197911792085506e-05
fuck	O=0.9999815225601196|NORM=1.7983544239541516e-05
my	O=0.9999775886535645|NORM=1.992864599742461e-05
life	O=0.9999916553497314|NORM=7.885859304224141e-06
..	O=0.9999909400939941|NORM=8.437435099040158e-06

dino	O=0.9974919557571411|NORM=0.0025067604146897793
dvornik	O=0.9996390342712402|NORM=0.00036035888479091227
~	O=0.9999806880950928|NORM=1.890473868115805e-05
ništa	O=0.9999713897705078|NORM=2.8394189939717762e-05
kontra	O=0.9979026317596436|NORM=0.0020958217792212963
splita	O=0.9994797110557556|NORM=0.0005182510358281434
http://t.co/xtvenokmiw	O=0.9999828338623047|NORM=1.6873662389116362e-05

zašto	O=0.9999066591262817|NORM=9.265446715289727e-05
većina	O=0.9999827146530151|NORM=1.6861740732565522e-05
"	O=0.9999771118164062|NORM=2.2138019630801864e-05
samim	O=0.999810516834259|NORM=0.00018921551236417145
tim	O=0.9999001026153564|NORM=9.947040962288156e-05
"	O=0.9999815225601196|NORM=1.785462700354401e-05
(	O=0.9999901056289673|NORM=8.749572771193925e-06
lat.	O=0.9998495578765869|NORM=0.00014953696518205106
:	O=0.9999843835830688|NORM=1.463819444325054e-05
eo	O=0.9999232292175293|NORM=7.641428237548098e-05
ipso	O=0.999962329864502|NORM=3.728292358573526e-05
,	O=0.9999887943267822|NORM=1.0368820767325815e-05
ipso	O=0.9999608993530273|NORM=3.869749343721196e-05
facto	O=0.9999207258224487|NORM=7.828194065950811e-05
)	O=0.9999816417694092|NORM=1.761083876772318e-05
ima	O=0.9999868869781494|NORM=1.2788555068254936e-05
moć	O=0.9997534155845642|NORM=0.00024393359490204602
?	O=0.9999760389328003|NORM=1.7346179447486065e-05

uživajte	O=0.9999696016311646|NORM=3.0038017939659767e-05
!	O=0.9999918937683105|NORM=5.644752945954679e-06

temperatura	O=0.9999730587005615|NORM=2.6729507226264104e-05
od	O=0.9999575614929199|NORM=4.144532431382686e-05
12	O=0.9993290901184082|NORM=0.0006478233844973147
°	O=0.9999638795852661|NORM=3.441840090090409e-05
c	O=0.99989914894104|NORM=0.00010009819379774854
na	O=0.9999688863754272|NORM=3.072825347771868e-05
kopnu	O=0.9995102882385254|NORM=0.00048859539674595
do	O=0.9999803304672241|NORM=1.9116832845611498e-05
20	O=0.9998788833618164|NORM=0.00011892405018443242
°	O=0.9999768733978271|NORM=2.2416708816308528e-05
c	O=0.9999163150787354|NORM=8.315155719174072e-05
na	O=0.9999731779098511|NORM=2.6537034500506707e-05
jadranu	O=0.9996936321258545|NORM=0.00030498713022097945
.	O=0.9999821186065674|NORM=1.478065678384155e-05

inače	O=0.9999772310256958|NORM=2.2420863388106227e-05
preferiram	O=0.9999651908874512|NORM=3.4339198464294896e-05
sixt	O=0.9598349332809448|NORM=0.04015231877565384
i	O=0.9999854564666748|NORM=1.4170288523018826e-05
amc	O=0.9959456324577332|NORM=0.004023841582238674
(	O=0.9999804496765137|NORM=1.8891327272285707e-05
oryx	O=0.9967197775840759|NORM=0.0032671221997588873
)	O=0.9998737573623657|NORM=0.000121591285278555
.	O=0.9999685287475586|NORM=2.7185033104615286e-05

@utikejt	O=0.9999836683273315|NORM=1.5731056919321418e-05
dobro	O=0.9994400143623352|NORM=0.0005593305686488748
,	O=0.9999867677688599|NORM=1.2663271263591014e-05
reci	O=0.9994237422943115|NORM=0.0005751154385507107
mi	O=0.9999802112579346|NORM=1.9534354578354396e-05
,	O=0.999984622001648|NORM=1.4935098079149611e-05
po	O=0.9998546838760376|NORM=0.0001448750263080001
metodi	O=0.999619722366333|NORM=0.0003794168005697429
,	O=0.9999706745147705|NORM=2.848272015398834e-05
koja	O=0.9999842643737793|NORM=1.533256181573961e-05
je	O=0.9999778270721436|NORM=2.2047395759727806e-05
relevantna	O=0.9999679327011108|NORM=3.1821597076486796e-05
knjiga	O=0.9997448325157166|NORM=0.00025338606792502105
za	O=0.9998687505722046|NORM=0.0001307576458202675
ii	NORM=0.9649531841278076|O=0.035017047077417374
svjetski	O=0.8454940319061279|NORM=0.15443825721740723
na	O=0.9999617338180542|NORM=3.785370063269511e-05
našim	O=0.9999721050262451|NORM=2.762832446023822e-05
područjima	O=0.999962568283081|NORM=3.7017354770796373e-05
?	O=0.9999411106109619|NORM=5.64341462450102e-05

sinoć	O=0.9999616146087646|NORM=3.824737359536812e-05
predstava	O=0.9999527931213379|NORM=4.661267303163186e-05
u	O=0.9999803304672241|NORM=1.9388198779779486e-05
hnk	O=0.9986207485198975|NORM=0.0013755602994933724
,	O=0.9999868869781494|NORM=9.854589734459296e-06
a	O=0.9999823570251465|NORM=1.6677626263117418e-05
večeras	O=0.9999701976776123|NORM=2.949983718281146e-05
balet	O=0.9993273019790649|NORM=0.0006709216395393014
-	O=0.999915361404419|NORM=8.260153117589653e-05
orašar	O=0.9998998641967773|NORM=9.94692527456209e-05
.	O=0.9999853372573853|NORM=1.1825522051367443e-05

pola	O=0.9996228218078613|NORM=0.0003750938340090215
ure	O=0.9984309077262878|NORM=0.0015675685135647655
kulture	O=0.9997127652168274|NORM=0.00028612720780074596
proslo	NORM=0.9953421354293823|O=0.004647033289074898
bez	O=0.9999657869338989|NORM=3.358776666573249e-05
spomena	O=0.9993426203727722|NORM=0.0006560689653269947
komunista	O=0.9996501207351685|NORM=0.0003488555958028883
.	O=0.9999879598617554|NORM=1.1369735148036852e-05

postoji	O=0.9999878406524658|NORM=1.1863279723911546e-05
i	O=0.99997878074646|NORM=2.0954115825588815e-05
mjesto	O=0.9999730587005615|NORM=2.6539310056250542e-05
za	O=0.9999849796295166|NORM=1.4848486898699775e-05
your	O=0.9999629259109497|NORM=3.6519380955724046e-05
deepest	O=0.999948263168335|NORM=5.1573748351074755e-05
,	O=0.9999855756759644|NORM=1.3754921383224428e-05
darkest	O=0.9998687505722046|NORM=0.0001309083600062877
bookish	O=0.9992924928665161|NORM=0.0007070916472002864
secret	O=0.9999799728393555|NORM=1.9435474314377643e-05
:	O=0.9999798536300659|NORM=1.893489206850063e-05
http://t.co/byjjmo2wi5	O=0.9999902248382568|NORM=9.486365343036596e-06
#books	O=0.999966025352478|NORM=3.334273424115963e-05
#reading	O=0.9999920129776001|NORM=7.615227332280483e-06
#shame	O=0.9999939203262329|NORM=5.616691396426177e-06

"	O=0.9999939203262329|NORM=4.831530532101169e-06
tko	O=0.9999866485595703|NORM=1.3071962712274399e-05
vam	O=0.9999426603317261|NORM=5.628803410218097e-05
ih	O=0.9999666213989258|NORM=3.245332482038066e-05
je	O=0.9999865293502808|NORM=1.2991799849260133e-05
dao	O=0.9999896287918091|NORM=9.900556506181601e-06
"	O=0.9999872446060181|NORM=1.0769252185127698e-05

misterij	O=0.9999665021896362|NORM=3.3221818739548326e-05
sličan	O=0.9990750551223755|NORM=0.0009236462065018713
onom	O=0.999785840511322|NORM=0.0002138367126462981
s	O=0.9999758005142212|NORM=2.3876367777120322e-05
čarapama	O=0.9987816214561462|NORM=0.0012171833077445626
i	O=0.9999722242355347|NORM=2.752203363343142e-05
veš	NORM=0.5776165127754211|O=0.42236340045928955
mašinom	O=0.9989562034606934|NORM=0.0010420093312859535
.	O=0.9999926090240479|NORM=6.0991324062342755e-06

http://t.co/yfnwmelhsi	O=0.9999860525131226|NORM=1.3736378605244681e-05
a	O=0.9999562501907349|NORM=4.3477994040586054e-05
mozda	NORM=0.99958735704422|O=0.00036203686613589525
je	O=0.9999736547470093|NORM=2.6091964173247106e-05
reklama	O=0.9999457597732544|NORM=5.3663992730434984e-05

svi	O=0.9999921321868896|NORM=7.626610113220522e-06
su	O=0.9999794960021973|NORM=2.0246185158612207e-05
sposobni	O=0.9999802112579346|NORM=1.930215148604475e-05
svi	O=0.9999922513961792|NORM=7.54096527089132e-06
sve	O=0.9999918937683105|NORM=7.946717232698575e-06
znaju	O=0.999993085861206|NORM=6.579949513252359e-06
a	O=0.9999892711639404|NORM=1.034855540638091e-05
rezultati	O=0.9999502897262573|NORM=4.886296301265247e-05
države	O=0.9997377991676331|NORM=0.00026134279323741794
nikakvi	O=0.9999736547470093|NORM=2.599584149720613e-05
.	O=0.9999912977218628|NORM=7.578338681923924e-06

kreće	O=0.999944806098938|NORM=5.4288440878735855e-05
od	O=0.9999659061431885|NORM=3.373940126039088e-05
istoka	O=0.9999256134033203|NORM=7.358791481237859e-05
prema	O=0.9999089241027832|NORM=8.912637713365257e-05
zapadu	O=0.99989914894104|NORM=0.00010010621190303937
i	O=0.999985933303833|NORM=1.362007242278196e-05
izaziva	O=0.9999626874923706|NORM=3.682359601953067e-05
dobro	O=0.999976634979248|NORM=2.2851419998914935e-05
raspoloženje	O=0.9999723434448242|NORM=2.7416699595050886e-05
i	O=0.9999895095825195|NORM=1.0187039151787758e-05
osjećaj	O=0.9999812841415405|NORM=1.8280368749401532e-05
topline	O=0.9999552965164185|NORM=4.3807216570712626e-05
..	O=0.9999723434448242|NORM=2.63059282588074e-05

ni	O=0.9999386072158813|NORM=6.02535656071268e-05
ona	O=0.9999743700027466|NORM=2.4814486096147448e-05
njega	O=0.9999438524246216|NORM=5.5100725148804486e-05
.	O=0.9999879598617554|NORM=9.464639333600644e-06

što	O=0.9999089241027832|NORM=9.029031207319349e-05
biste	O=0.9668111801147461|NORM=0.03312968462705612
vi	O=0.999626874923706|NORM=0.0003715445345733315
napravili	O=0.9999165534973145|NORM=8.258965681307018e-05
sa	O=0.9999427795410156|NORM=5.529880945687182e-05
5	O=0.9987803101539612|NORM=0.001205978449434042
milijuna	O=0.9999569654464722|NORM=4.221443668939173e-05
dolara	O=0.999974250793457|NORM=2.4774075427558273e-05
?	O=0.9999856948852539|NORM=1.1762067515519448e-05

začuđujući	O=0.9999690055847168|NORM=3.0462679205811583e-05
učinci	O=0.9999504089355469|NORM=4.839937173528597e-05
marihuane	O=0.9999653100967407|NORM=3.3803502446971834e-05
:	O=0.9999873638153076|NORM=1.2050334589730483e-05
pet	O=0.9998884201049805|NORM=0.00011104992154287174
novih	O=0.9999808073043823|NORM=1.8726968846749514e-05
uzbudljivih	O=0.9999532699584961|NORM=4.619965693564154e-05
otkrića	O=0.9999618530273438|NORM=3.74766495951917e-05
o	O=0.9999791383743286|NORM=2.036993100773543e-05
'	O=0.9999629259109497|NORM=3.66503227269277e-05
travi	O=0.9999332427978516|NORM=6.574064900632948e-05
'	O=0.9999568462371826|NORM=4.2497551476117224e-05
http://t.co/wifpkktrne	O=0.9999771118164062|NORM=2.268381285830401e-05
#zdravlje	O=0.9999868869781494|NORM=1.2622555004782043e-05
#novosti	O=0.9999849796295166|NORM=1.4658516192866955e-05
#medicina	O=0.9999901056289673|NORM=9.325702194473706e-06
#marihuana	O=0.9999929666519165|NORM=6.630215466429945e-06

re	NORM=0.9977923631668091|O=0.002199386479333043
je	O=0.9992693066596985|NORM=0.000730421335902065
od	O=0.9869820475578308|NORM=0.013015924021601677
krizanja	NORM=0.7023324966430664|O=0.29759296774864197
kraj	O=0.9955209493637085|NORM=0.004478101152926683
tunela	O=0.9997057318687439|NORM=0.0002936634118668735
i	O=0.9999630451202393|NORM=3.666815609904006e-05
ina	NORM=0.9925360679626465|O=0.007457751780748367
pumpe	O=0.9993478655815125|NORM=0.0006516003631986678
pa	O=0.9998737573623657|NORM=0.00012602214701473713
ravno	O=0.9977691173553467|NORM=0.0022292842622846365
u	O=0.9999243021011353|NORM=7.547586574219167e-05
lucicu	NORM=0.6963581442832947|O=0.3036293387413025
..	O=0.9999724626541138|NORM=2.694576141948346e-05
u	O=0.9999767541885376|NORM=2.308868533873465e-05
svakom	O=0.9999047517776489|NORM=9.481182496529073e-05
slucaju	NORM=0.997018575668335|O=0.002972907619550824
bio	O=0.9962174296379089|NORM=0.003781088162213564
si	O=0.9985852241516113|NORM=0.0014141914434731007
blizu	O=0.999659538269043|NORM=0.00033894352964125574
#split	O=0.9999551773071289|NORM=4.4536256609717384e-05

ako	O=0.9995771050453186|NORM=0.0004224911972414702
se	O=0.9998817443847656|NORM=0.00011786699178628623
zelite	NORM=0.9986080527305603|O=0.0013783845352008939
osjecati	NORM=0.9992973804473877|O=0.0006812376668676734
kao	O=0.9999202489852905|NORM=7.954848842928186e-05
kriminalac	O=0.9871594905853271|NORM=0.01283691730350256
na	O=0.9962592124938965|NORM=0.0037400820292532444
45	O=0.8556897640228271|NORM=0.14430274069309235
min	O=0.5937661528587341|NORM=0.4061766266822815
dodjite	NORM=0.9986604452133179|O=0.00131741922814399
na	O=0.9988552331924438|NORM=0.0011441472452133894
awrodrom	O=0.8219926953315735|NORM=0.17790807783603668
u	O=0.9994640946388245|NORM=0.0005355970351956785
izrael	NORM=0.5037733912467957|O=0.496156245470047
na	O=0.9998878240585327|NORM=0.00011171735968673602
izlazu	O=0.9849217534065247|NORM=0.015072133392095566
iz	O=0.9998724460601807|NORM=0.0001273739180760458
zemlje	O=0.9997411370277405|NORM=0.00025794419343583286
.	O=0.9999643564224243|NORM=3.48451612808276e-05

katkad	O=0.999855637550354|NORM=0.00014358964108396322
jednostavno	O=0.999970555305481|NORM=2.9042827009106986e-05
jacem	NORM=0.9624770283699036|O=0.03751134127378464
trebas	NORM=0.9993020296096802|O=0.0006877068080939353
prepustiti	O=0.9999579191207886|NORM=4.1779720049817115e-05
teritorij	O=0.9998612403869629|NORM=0.00013769320503342897
koji	O=0.9999817609786987|NORM=1.8019083654507995e-05
osvaja	O=0.9999607801437378|NORM=3.832800211966969e-05
;)	O=0.999950647354126|NORM=4.233346044202335e-05

@zivizidd	O=0.9999790191650391|NORM=1.9794249965343624e-05

"	O=0.9999823570251465|NORM=1.610791150596924e-05
odakle	O=0.6775339841842651|NORM=0.32245805859565735
vam	O=0.999843955039978|NORM=0.0001551518216729164
ta	O=0.999915599822998|NORM=8.099886326817796e-05
kolica	O=0.9963982105255127|NORM=0.0036005573347210884
"	O=0.999981164932251|NORM=1.747681562846992e-05

gledajte	O=0.999785840511322|NORM=0.00021260119683574885
,	O=0.9999812841415405|NORM=1.78187638084637e-05
uzalud	O=0.9942881464958191|NORM=0.00570504879578948
ste	O=0.9993565678596497|NORM=0.0006427046610042453
potpisali	O=0.9998699426651001|NORM=0.00012933318794239312
pročelnika	O=0.9981396198272705|NORM=0.00185879017226398
pod	O=0.9988032579421997|NORM=0.001196077442727983
taj	O=0.9999669790267944|NORM=3.261716483393684e-05
mail	O=0.9895638823509216|NORM=0.010428249835968018
,	O=0.999976396560669|NORM=2.215477616118733e-05
on	O=0.9999300241470337|NORM=6.91224995534867e-05
mi	O=0.9999325275421143|NORM=6.705307168886065e-05
se	O=0.9999690055847168|NORM=3.084028867306188e-05
nikad	O=0.9999598264694214|NORM=3.978471431764774e-05
ne	O=0.9999750852584839|NORM=2.452327862556558e-05
bi	O=0.9586560130119324|NORM=0.041237544268369675
obratio	O=0.999286949634552|NORM=0.0007116710185073316
s	O=0.9985993504524231|NORM=0.0013997603673487902
"	O=0.9999831914901733|NORM=1.623683056095615e-05
poštovani	O=0.9998881816864014|NORM=0.00011132686631754041
gospodine	O=0.9997345805168152|NORM=0.000264895090367645
krušvar	O=0.9989463686943054|NORM=0.0010520766954869032
"	O=0.9999788999557495|NORM=2.0067380319233052e-05
.	O=0.9999897480010986|NORM=8.571847502025776e-06

kad	O=0.9999521970748901|NORM=4.7560883103869855e-05
ne	O=0.9998867511749268|NORM=0.00011299004836473614
mozes	NORM=0.9995070695877075|O=0.0004862336500082165
slozit	NORM=0.9997356534004211|O=0.0002554441161919385
normalnu	O=0.9991381168365479|NORM=0.0008611273369751871
recenicu	O=0.6916726231575012|NORM=0.3083111345767975
smiju	O=0.9593200087547302|NORM=0.040674783289432526
ti	O=0.9997813105583191|NORM=0.00021764211123809218
se	O=0.999889612197876|NORM=0.00011019236262654886
pa	O=0.9997276663780212|NORM=0.00027193143614567816
ih	O=0.9999308586120605|NORM=6.884434696985409e-05
tuces	NORM=0.9996302127838135|O=0.0003633936867117882

rodilište	O=0.9994542002677917|NORM=0.0005410897429101169
našičke	O=0.9998151659965515|NORM=0.00018364613060839474
bolnice	O=0.9999444484710693|NORM=5.427868745755404e-05
postalo	O=0.9999798536300659|NORM=1.9691087800310925e-05
je	O=0.9999866485595703|NORM=1.3168571058486123e-05
"	O=0.9999916553497314|NORM=7.687096513109282e-06
rodilište	O=0.998950183391571|NORM=0.001048377831466496
prijatelj	O=0.9907066226005554|NORM=0.009292145259678364
djece	O=0.9998003840446472|NORM=0.00019897609308827668
"	O=0.9999810457229614|NORM=1.7925473002833314e-05
.	O=0.9999938011169434|NORM=4.623654604074545e-06

sekundu	O=0.9998754262924194|NORM=0.00012311914179008454
kad	O=0.9999830722808838|NORM=1.628386053198483e-05
sam	O=0.9999756813049316|NORM=2.3938975573400967e-05
ga	O=0.9999673366546631|NORM=3.153761645080522e-05
vidio	O=0.9997161030769348|NORM=0.0002821680682245642
ssm	O=0.9825233817100525|NORM=0.017458878457546234
zamislio	O=0.9992355108261108|NORM=0.0007634108187630773
kako	O=0.9999606609344482|NORM=3.879167343256995e-05
gleda	O=0.9999740123748779|NORM=2.528940240154043e-05
televiziju	O=0.9999138116836548|NORM=8.564182644477114e-05
sa	O=0.99997878074646|NORM=1.999247797357384e-05
svojim	O=0.9999148845672607|NORM=8.474625064991415e-05
bellsproutom	O=0.9774472713470459|NORM=0.02253660000860691
.	O=0.999988317489624|NORM=1.0468054824741557e-05

what	O=0.9999359846115112|NORM=6.35239775874652e-05
an	O=0.9996925592422485|NORM=0.00029961371910758317
experience	O=0.9999481439590454|NORM=4.818883098778315e-05

past	O=0.844818115234375|NORM=0.1551138460636139
ću	O=0.9999856948852539|NORM=1.3879816833650693e-05
ovo	O=0.999971866607666|NORM=2.731758650043048e-05
ka	NORM=0.9390407800674438|O=0.060941699892282486
prezrela	O=0.9998281002044678|NORM=0.00017132051289081573
kruška	O=0.9998880624771118|NORM=0.00011156758409924805
#frustracije	O=0.9999891519546509|NORM=1.053245159710059e-05

-	O=0.9999895095825195|NORM=9.634222806198522e-06
uzvrati	O=0.9999350309371948|NORM=6.472142558777705e-05
netko	O=0.9999290704727173|NORM=7.066215766826645e-05
iz	O=0.9999716281890869|NORM=2.818545908667147e-05
zelene	O=0.9999321699142456|NORM=6.770991603843868e-05
dubine	O=0.9898914098739624|NORM=0.010106910951435566
.	O=0.9999862909317017|NORM=1.1530308256624267e-05

pocastite	NORM=0.9934810400009155|O=0.0065139466896653175
matiju	O=0.9891245365142822|NORM=0.010873834602534771
nemojte	O=0.9985632300376892|NORM=0.0014363130321726203
bit	NORM=0.9993433356285095|O=0.0006128893001005054
cicije	NORM=0.9987988471984863|O=0.0011952072381973267

apsolutni	O=0.9999359846115112|NORM=6.35607575532049e-05
dobitnik	O=0.9999527931213379|NORM=4.692932270700112e-05
svake	O=0.9999825954437256|NORM=1.692815203568898e-05
godine	O=0.9999881982803345|NORM=1.1196991181350313e-05

da	O=0.9997848868370056|NORM=0.00021472727530635893
li	O=0.9999783039093018|NORM=2.1323417968233116e-05
je	O=0.9999829530715942|NORM=1.67858070199145e-05
ovo	O=0.9999754428863525|NORM=2.4118213332258165e-05
previse	NORM=0.9996188879013062|O=0.00037098745815455914
?	O=0.9999828338623047|NORM=1.3720401511818636e-05

pijemo	O=0.9999489784240723|NORM=4.999036173103377e-05
jenog	NORM=0.9542796015739441|O=0.045708391815423965
talijana	O=0.9992382526397705|NORM=0.0007584025734104216
,	O=0.9999746084213257|NORM=2.4600003598607145e-05
jednog	O=0.9998711347579956|NORM=0.00012767159205395728
portugalca	O=0.9933880567550659|NORM=0.006605382543057203
,	O=0.9999699592590332|NORM=2.9141829145373777e-05
jednog	O=0.9999606609344482|NORM=3.8882157241459936e-05
slafonca	O=0.9893804788589478|NORM=0.010605997405946255
,	O=0.9999725818634033|NORM=2.5752860892680474e-05
i	O=0.999984860420227|NORM=1.4788142834731843e-05
za	O=0.9999711513519287|NORM=2.8142927476437762e-05
kraj	O=0.9999023675918579|NORM=9.728870645631105e-05
jedan	O=0.9999659061431885|NORM=3.325390935060568e-05
istarski	O=0.999799907207489|NORM=0.00019952724687755108
cab	O=0.9675998687744141|NORM=0.03239317238330841
soufignon	O=0.8910426497459412|NORM=0.10894068330526352
#fjenovov	O=0.9999853372573853|NORM=1.4385161193786189e-05

srećom	O=0.9998061060905457|NORM=0.00019364063336979598
moje	O=0.9999595880508423|NORM=4.021434506285004e-05
fotke	O=0.9998739957809448|NORM=0.0001253522641491145
na	O=0.9999419450759888|NORM=5.773851080448367e-05
kojima	O=0.9999376535415649|NORM=6.177314935484901e-05
si	O=0.9999029636383057|NORM=9.677831985754892e-05
ti	O=0.9999295473098755|NORM=7.001861376920715e-05
@anjastanisic	O=0.9999762773513794|NORM=2.3543161660199985e-05
su	O=0.9999624490737915|NORM=3.727734292624518e-05
nejbolje	O=0.9997150301933289|NORM=0.00028458566521294415
fotke	O=0.9997555613517761|NORM=0.00024390852195210755
like	O=0.9994589686393738|NORM=0.0005405113333836198
ever-ever	NORM=0.6578567624092102|O=0.3421211242675781
koje	O=0.9999592304229736|NORM=4.021130007458851e-05
sam	O=0.9999440908432007|NORM=5.559696364798583e-05
napravil	O=0.9980291724205017|NORM=0.001967565156519413
,	O=0.9999852180480957|NORM=1.3678013601747807e-05
tako	O=0.9999160766601562|NORM=8.37323532323353e-05
da	O=0.9999723434448242|NORM=2.7460686396807432e-05
...	O=0.9999806880950928|NORM=1.870663618319668e-05

volila	O=0.9983296990394592|NORM=0.0016688354080542922
bi	NORM=0.9949249029159546|O=0.005068955942988396
da	O=0.9999227523803711|NORM=7.616628136020154e-05
sad	O=0.9999644756317139|NORM=3.51529051840771e-05
kraljici	O=0.9768199324607849|NORM=0.023174449801445007
netko	O=0.9996871948242188|NORM=0.0003124053473584354
donese	O=0.9987754225730896|NORM=0.0012235880130901933
dorucak	NORM=0.9927413463592529|O=0.007251098286360502
u	O=0.9999599456787109|NORM=3.980191468144767e-05
krevet	O=0.9989687204360962|NORM=0.0010302998125553131
.	O=0.9999880790710449|NORM=1.0732218470366206e-05

http://t.co/8o5ywbdvvb	O=0.9999909400939941|NORM=8.767020517552737e-06
#facebookads	O=0.9999890327453613|NORM=1.0658767678251024e-05
#facebooknews	O=0.9999889135360718|NORM=1.058376074070111e-05

ja	O=0.9998905658721924|NORM=0.00010908998228842393
bi	NORM=0.995508074760437|O=0.004416103940457106
na	O=0.9996052384376526|NORM=0.0003943902556784451
ove	O=0.9999723434448242|NORM=2.7198073439649306e-05
seljake	O=0.9961872696876526|NORM=0.0038079945370554924
poslao	O=0.9998881816864014|NORM=0.00011127442849101499
vojsku	O=0.999805748462677|NORM=0.0001932107552420348
.	O=0.999990701675415|NORM=8.262031769845635e-06

sanjaru	O=0.9973019361495972|NORM=0.002696005394682288
moj	O=0.996802568435669|NORM=0.003194128628820181
...	O=0.9999780654907227|NORM=2.0559868062264286e-05

uključenje	O=0.9999333620071411|NORM=6.632891017943621e-05
ide	O=0.999962329864502|NORM=3.7244892155285925e-05
unutar	O=0.9999872446060181|NORM=1.235513627761975e-05
24	O=0.99992835521698|NORM=7.045048550935462e-05
sata	O=0.999963641166687|NORM=3.560131517588161e-05
od	O=0.9999775886535645|NORM=2.1871501303394325e-05
podnošenja	O=0.9999617338180542|NORM=3.790676419157535e-05
zahtjeva	O=0.9999518394470215|NORM=4.7389497922267765e-05
.	O=0.9999881982803345|NORM=1.0323614333174191e-05

mi	O=0.9997075200080872|NORM=0.00029195580282248557
smo	O=0.9992189407348633|NORM=0.0007805560017004609
ovdje	O=0.9999735355377197|NORM=2.6080144380102865e-05
u	O=0.9998176693916321|NORM=0.0001819503668230027
istri	O=0.9673370122909546|NORM=0.0326552614569664
sretni	O=0.9999589920043945|NORM=4.018986510345712e-05
zbog	O=0.9999376535415649|NORM=6.1927450587973e-05
eu	O=0.974538266658783|NORM=0.025455057621002197

mislim	O=0.9999454021453857|NORM=5.3974752518115565e-05
ok	O=0.897564172744751|NORM=0.10243000090122223
je	O=0.9999079704284668|NORM=9.186132956529036e-05
pratit	NORM=0.9996612071990967|O=0.0003013971436303109
modu	O=0.9999401569366455|NORM=5.7904380810214207e-05
,	O=0.99998939037323|NORM=9.475145816395525e-06
ali	O=0.9999682903289795|NORM=3.1610452424502e-05
namjerno	O=0.9929112792015076|NORM=0.007073166314512491
izgledat	NORM=0.999546229839325|O=0.00040662838728167117
ko	NORM=0.9982395172119141|O=0.0016756030963733792
klaun	O=0.9984017014503479|NORM=0.0015909286448732018
...	O=0.9999878406524658|NORM=1.1356611139490269e-05

kao	O=0.9999767541885376|NORM=2.3018312276690267e-05
i	O=0.9999436140060425|NORM=5.612374661723152e-05
selfie	O=0.9966398477554321|NORM=0.0033530055079609156
,	O=0.9999916553497314|NORM=8.039108251978178e-06
twerk	O=0.8481367826461792|NORM=0.1518137902021408
,	O=0.9999924898147583|NORM=7.1063177529140376e-06
derp	O=0.9991940855979919|NORM=0.0008040231186896563
te	O=0.9996223449707031|NORM=0.000377311953343451
bitcoin	O=0.9341152310371399|NORM=0.06587279587984085
http://t.co/endx60s26v	O=0.9999866485595703|NORM=1.3142536772647873e-05
#trecasmjena	O=0.9999802112579346|NORM=1.9429269741522148e-05

nije	O=0.9999855756759644|NORM=1.4076827028475236e-05
bilo	O=0.9999743700027466|NORM=2.5235249268007465e-05
cvijeće	O=0.9998693466186523|NORM=0.00013032933929935098
,	O=0.9999854564666748|NORM=1.3160847629478667e-05
proljeće	O=0.9999405145645142|NORM=5.813508323626593e-05
..	O=0.9999872446060181|NORM=1.230046746059088e-05

@dcaric	O=0.9999868869781494|NORM=1.285750295210164e-05
usluga	O=0.9999750852584839|NORM=2.4547098291805014e-05
otključavanja	O=0.9999312162399292|NORM=6.845482130302116e-05
uređaja	O=0.999876856803894|NORM=0.00012143267667852342
ostaje	O=0.9999728202819824|NORM=2.6685487682698295e-05
nepromijenjena	O=0.9999229907989502|NORM=7.6336320489645e-05
a	O=0.9999823570251465|NORM=1.703051930235233e-05
uvjete	O=0.9999281167984009|NORM=7.14454727130942e-05
možeš	O=0.9999399185180664|NORM=5.974712621537037e-05
provjeriti	O=0.9999126195907593|NORM=8.707313099876046e-05
na	O=0.9999808073043823|NORM=1.8997438019141555e-05
sljedećoj	O=0.9998595714569092|NORM=0.0001401322369929403
stranici	O=0.9999651908874512|NORM=3.447655763011426e-05
-	O=0.9999831914901733|NORM=1.617851376067847e-05
http://t.co/ret3o9gu6h	O=0.9999839067459106|NORM=1.5726469428045675e-05
.	O=0.9999852180480957|NORM=1.3527235751098488e-05

a	O=0.9999548196792603|NORM=4.4821848860010505e-05
da	O=0.9999440908432007|NORM=5.547520049731247e-05
bojana	O=0.9625547528266907|NORM=0.03744347766041756
glavaševića	O=0.9682682156562805|NORM=0.03171902522444725
isil-ovski	O=0.5705956816673279|NORM=0.4293747544288635
skratimo	O=0.9997803568840027|NORM=0.00021883175941184163
za	O=0.9999338388442993|NORM=6.559627217939124e-05
glavu	O=0.9999678134918213|NORM=3.191568612237461e-05
?	O=0.999961256980896|NORM=3.61156853614375e-05

posljednji	O=0.9999717473983765|NORM=2.7808489903691225e-05
boem	O=0.9998037219047546|NORM=0.00019497063476592302
.	O=0.9999902248382568|NORM=6.509160357381916e-06

sreća	O=0.9999614953994751|NORM=3.7959318433422595e-05
da	O=0.9999868869781494|NORM=1.2782019439327996e-05
japanese	O=0.9994242191314697|NORM=0.0005750024574808776
hairy	O=0.9998482465744019|NORM=0.00014997093239799142
squirting	O=0.9997290968894958|NORM=0.00026831147260963917
videi	NORM=0.972969114780426|O=0.02701963298022747
to	O=0.9999768733978271|NORM=2.179340663133189e-05
uglavnom	O=0.9999551773071289|NORM=4.296469342079945e-05
nemaju	O=0.9999887943267822|NORM=1.0831089639395941e-05
.	O=0.9999914169311523|NORM=6.784859579056501e-06

nemoš	O=0.8225352764129639|NORM=0.17743371427059174
vise	NORM=0.9995682835578918|O=0.00041676900582388043
ispred	O=0.976099967956543|NORM=0.023897487670183182
random	O=0.9993284940719604|NORM=0.0006693039322271943
ljudi	O=0.999981164932251|NORM=1.861245618783869e-05
srat	NORM=0.9966804385185242|O=0.0033113344106823206
o	O=0.9998024106025696|NORM=0.00019737139518838376
random	O=0.999697208404541|NORM=0.0003009656793437898
ljudima	O=0.9999719858169556|NORM=2.767225305433385e-05
bez	O=0.9999514818191528|NORM=4.8287070967489854e-05
da	O=0.9999197721481323|NORM=7.988165452843532e-05
random	O=0.9993577599525452|NORM=0.0006404494633898139
ljudi	O=0.9999793767929077|NORM=2.0260318706277758e-05
ne	O=0.9999639987945557|NORM=3.560330151231028e-05
znaju	O=0.9999678134918213|NORM=3.19012651743833e-05
te	O=0.9999456405639648|NORM=5.3805219067726284e-05
random	O=0.9997627139091492|NORM=0.00023528178280685097
ljude	O=0.999964714050293|NORM=3.480099985608831e-05
i	O=0.999975323677063|NORM=2.436659997329116e-05
špijaju	O=0.9996196031570435|NORM=0.00037955824518576264
te	O=0.9999592304229736|NORM=4.036272002849728e-05
.	O=0.999985933303833|NORM=1.3115232832205947e-05

svi	O=0.9999858140945435|NORM=1.348540808976395e-05
frendovi	O=0.7857804894447327|NORM=0.21419066190719604
mi	O=0.9999817609786987|NORM=1.786055690899957e-05
nešto	O=0.9998025298118591|NORM=0.00019705487648025155
rade	O=0.9999775886535645|NORM=2.228320954600349e-05
,	O=0.999987006187439|NORM=1.1937570889131166e-05
veceras	NORM=0.9991129040718079|O=0.0008791094878688455
san	NORM=0.9983142614364624|O=0.0016755526885390282
osta	NORM=0.997168242931366|O=0.002803234616294503
sam	O=0.9900357127189636|NORM=0.009962716139853
.	O=0.9999891519546509|NORM=9.030017281475011e-06

kultura	O=0.9997548460960388|NORM=0.00024462491273880005
,	O=0.9999861717224121|NORM=1.3074512025923468e-05
ipak	O=0.9998575448989868|NORM=0.00014204200124368072
smo	O=0.9999611377716064|NORM=3.839360942947678e-05
u	O=0.9999698400497437|NORM=2.9866012482671067e-05
tvornici	O=0.9998962879180908|NORM=0.00010325171751901507
.	O=0.9999916553497314|NORM=6.814983862568624e-06

tito	O=0.9982220530509949|NORM=0.001773308264091611
je	O=0.9999712705612183|NORM=2.8424910851754248e-05
imao	O=0.9999507665634155|NORM=4.886858005193062e-05
muda	O=0.9996064305305481|NORM=0.0003917937574442476
,	O=0.9999666213989258|NORM=3.225111140636727e-05
kao	O=0.9999904632568359|NORM=9.324931852461305e-06
niti	O=0.9999427795410156|NORM=5.6881144701037556e-05
jedan	O=0.9999886751174927|NORM=1.0966445188387297e-05
drugi	O=0.9999861717224121|NORM=1.3538696293835528e-05
političar	O=0.9999239444732666|NORM=7.497143815271556e-05
s	O=0.9999808073043823|NORM=1.901266114145983e-05
ovih	O=0.9999662637710571|NORM=3.3316173357889056e-05
prostora	O=0.9999797344207764|NORM=1.989414704439696e-05
,	O=0.999974250793457|NORM=2.452052285661921e-05
ustrajati	O=0.9990435242652893|NORM=0.0009535198332741857
na	O=0.9999808073043823|NORM=1.881337448139675e-05
svojoj	O=0.9999778270721436|NORM=2.1815489162690938e-05
ideji	O=0.9999685287475586|NORM=3.0929044442018494e-05
i	O=0.9999809265136719|NORM=1.886575046228245e-05
odjebati	O=0.9760304689407349|NORM=0.023957230150699615
drugu	O=0.9999088048934937|NORM=9.065993799595162e-05
vojnu	O=0.9998619556427002|NORM=0.0001371371472487226
silu	O=0.9999494552612305|NORM=4.962199091096409e-05
svijeta	O=0.9999587535858154|NORM=4.084046668140218e-05
#1948	O=0.9998975992202759|NORM=9.950650564860553e-05

dal	NORM=0.9998006224632263|O=0.00017062788538169116
ti	O=0.9998437166213989|NORM=0.00015562483167741448
je	O=0.9999693632125854|NORM=3.041099444089923e-05
nepriatelj	NORM=0.9404733180999756|O=0.059513360261917114
svako	O=0.9998494386672974|NORM=0.00015029081259854138
ko	NORM=0.9994768500328064|O=0.0005050582112744451
te	O=0.9994943141937256|NORM=0.0005044343997724354
u	O=0.9993811845779419|NORM=0.0006184384110383689
govna	NORM=0.5754409432411194|O=0.4245327413082123
uvali	O=0.9691345691680908|NORM=0.030856844037771225
,	O=0.9998183846473694|NORM=0.00018112934776581824
ko	NORM=0.9997190833091736|O=0.0002581833687145263
krava	O=0.9971074461936951|NORM=0.002891343319788575
vrapca	O=0.7988571524620056|NORM=0.20111985504627228
iz	O=0.9998077750205994|NORM=0.0001918891939567402
basne	NORM=0.9950036406517029|O=0.004990971181541681
?	O=0.9999779462814331|NORM=2.005502028623596e-05

jedno	O=0.9999661445617676|NORM=3.3060554414987564e-05
od	O=0.9999667406082153|NORM=3.302758341305889e-05
stvari	O=0.99934321641922|NORM=0.0006550609832629561
koje	O=0.9999817609786987|NORM=1.784091000445187e-05
mrzim	O=0.9999632835388184|NORM=3.601044954848476e-05
je	O=0.9999877214431763|NORM=1.201869690703461e-05
prezaleđeni	O=0.9513682723045349|NORM=0.0486254021525383
sladoled	O=0.9991549253463745|NORM=0.0008385910768993199
od	O=0.9983636736869812|NORM=0.0016354948747903109
kilu	O=0.9044354557991028|NORM=0.09553834795951843
i	O=0.9999866485595703|NORM=1.2890919606434181e-05
čekanje	O=0.9999607801437378|NORM=3.8819689507363364e-05
istog	O=0.9999175071716309|NORM=8.215242269216105e-05
da	O=0.999975323677063|NORM=2.4312168534379452e-05
se	O=0.9999861717224121|NORM=1.3680361917067785e-05
otopi	O=0.9997524619102478|NORM=0.00024662126088514924
da	O=0.9999843835830688|NORM=1.5207197066047229e-05
bude	O=0.999915599822998|NORM=8.348505798494443e-05
fin	O=0.9989508390426636|NORM=0.0010479497723281384
i	O=0.9999855756759644|NORM=1.411973062204197e-05
jestiv	O=0.9939090013504028|NORM=0.0060899518430233

🎄	O=0.999976634979248|NORM=2.2455624275607988e-05
🎅	O=0.9999607801437378|NORM=3.839696728391573e-05

https://t.co/njwuhokbrz	O=0.9999908208847046|NORM=8.8871438492788e-06

život	O=0.9998062252998352|NORM=0.0001934789470396936
vaše	O=0.9997497200965881|NORM=0.0002496314118616283
fotke	O=0.9998863935470581|NORM=0.00011303603241685778
na	O=0.9999775886535645|NORM=2.2051597625249997e-05
jednom	O=0.9999442100524902|NORM=5.4892938351258636e-05
od	O=0.9999456405639648|NORM=5.37547493877355e-05
„	O=0.9999644756317139|NORM=3.5010343708563596e-05
popularnih	O=0.9998351335525513|NORM=0.00016446712834294885
“	O=0.9998995065689087|NORM=9.946845239028335e-05
#	O=0.9941049218177795|NORM=0.0058900476433336735
na	O=0.9997583031654358|NORM=0.0002412602916592732
ig	O=0.9472139477729797|NORM=0.05278152972459793
koje	O=0.9999339580535889|NORM=6.514957931358367e-05
gurate	O=0.9998925924301147|NORM=0.00010696643585106358
u	O=0.9999697208404541|NORM=3.00918982247822e-05
comment	O=0.9992839694023132|NORM=0.0007147589349187911
traje	O=0.9999786615371704|NORM=2.069934635073878e-05
cca	O=0.9997658133506775|NORM=0.00023342770873568952
1	O=0.9999911785125732|NORM=8.428059118159581e-06
-	O=0.9999361038208008|NORM=6.263815885176882e-05
3	O=0.9999798536300659|NORM=1.9730769054149278e-05
sekunde	O=0.9998761415481567|NORM=0.000123287842143327
.	O=0.9999895095825195|NORM=9.415614840690978e-06

hak	O=0.9808603525161743|NORM=0.019109606742858887
:	O=0.9999712705612183|NORM=2.5228797312593088e-05
ledena	O=0.9999682903289795|NORM=3.130221739411354e-05
kiša	O=0.9999743700027466|NORM=2.518656401662156e-05
povremeno	O=0.999920129776001|NORM=7.90965641499497e-05
pada	O=0.9999724626541138|NORM=2.6869214707403444e-05
na	O=0.9999780654907227|NORM=2.16250482480973e-05
dionicama	O=0.9994009733200073|NORM=0.0005981905851513147
autocesta	O=0.9995206594467163|NORM=0.00047810684191063046
:	O=0.9999575614929199|NORM=4.10955872212071e-05
a1	O=0.999964714050293|NORM=3.4917855373350903e-05
između	O=0.9999150037765503|NORM=8.443069236818701e-05
čvora	O=0.9998689889907837|NORM=0.00013047776883468032
bosiljevo	O=0.999812662601471|NORM=0.00018698989879339933
i	O=0.9999759197235107|NORM=2.3866536139394157e-05
tunela	O=0.9997443556785583|NORM=0.00025413348339498043
mala	O=0.999937891960144|NORM=6.165962986415252e-05
kapela	O=0.9999598264694214|NORM=3.984155409852974e-05
,	O=0.999984860420227|NORM=1.3469482837535907e-05
a6	O=0.999660849571228|NORM=0.0003382282448001206
ri-zg	O=0.9839904308319092|NORM=0.01598915085196495
od	O=0.992672860622406|NORM=0.007319161202758551
tunela	O=0.9998341798782349|NORM=0.00016490358393639326
tuhobić	O=0.9998437166213989|NORM=0.00015550493844784796
1/2	O=0.996334433555603|NORM=0.0036641769111156464

i	O=0.9999618530273438|NORM=3.766130976146087e-05
rektor	O=0.9994369149208069|NORM=0.0005616336711682379
nije	O=0.9999707937240601|NORM=2.902215055655688e-05
znanstvena	O=0.9996793270111084|NORM=0.0003193282464053482
funkcija	O=0.9999027252197266|NORM=9.639732161303982e-05
.	O=0.9999927282333374|NORM=5.988150860503083e-06

naravno	O=0.9999741315841675|NORM=2.5557998014846817e-05
da	O=0.9999511241912842|NORM=4.8543817683821544e-05
sada	O=0.9999861717224121|NORM=1.3411729014478624e-05
slijedi	O=0.9999834299087524|NORM=1.623271600692533e-05
,	O=0.9999814033508301|NORM=1.7812240912462585e-05
malo	O=0.999974250793457|NORM=2.558229061833117e-05
ranije	O=0.9999805688858032|NORM=1.9208267985959537e-05
nego	O=0.9999037981033325|NORM=9.601967758499086e-05
prijasnjih	NORM=0.9017196893692017|O=0.09826786816120148
sezona	O=0.9998672008514404|NORM=0.00013173649495001882
,	O=0.9999879598617554|NORM=1.1329655535519123e-05
standardno	O=0.9998700618743896|NORM=0.00012925440387334675
medijsko	O=0.9991378784179688|NORM=0.0008591677760705352
pljuvanje	O=0.9994069337844849|NORM=0.0005919719696976244
po	O=0.9999406337738037|NORM=5.9151931054657325e-05
hnl-u	O=0.9965446591377258|NORM=0.003442018758505583
i	O=0.9999797344207764|NORM=1.9955410607508384e-05
tumacenje	NORM=0.9992079138755798|O=0.0007792157121002674
kak	NORM=0.9997343420982361|O=0.0002345957764191553
je	O=0.9999431371688843|NORM=5.6663240684429184e-05
crno	O=0.9998863935470581|NORM=0.00011291858390904963
bijelo	O=0.9999371767044067|NORM=6.249049329198897e-05
.	O=0.9999878406524658|NORM=1.0679257684387267e-05

ne	O=0.9999831914901733|NORM=1.603010605322197e-05
bih	O=0.9994082450866699|NORM=0.0005901824333705008
nudio	O=0.9999659061431885|NORM=3.3463493309682235e-05
maloj	O=0.9999710321426392|NORM=2.8490390832303092e-05
djeci	O=0.999975323677063|NORM=2.3568769393023103e-05
ali	O=0.9999610185623169|NORM=3.853082671412267e-05
kreativno	O=0.9998365640640259|NORM=0.00016256938397418708
-	O=0.9999637603759766|NORM=3.5381723137106746e-05
nema	O=0.999984622001648|NORM=1.495901778980624e-05
što	O=0.9999563694000244|NORM=4.319316576584242e-05
!	O=0.9999879598617554|NORM=8.978287951322272e-06

lezim	NORM=0.99309241771698|O=0.0069003235548734665
u	O=0.9999815225601196|NORM=1.8182310668635182e-05
mracnoj	NORM=0.9991699457168579|O=0.0008094476070255041
sobi	O=0.9996926784515381|NORM=0.00030598673038184643
punoj	O=0.9984608888626099|NORM=0.0015381493140012026
dima	NORM=0.8138047456741333|O=0.18617558479309082
sa	O=0.9999514818191528|NORM=4.8029647587100044e-05
forrest	NORM=0.7152549028396606|O=0.2847306728363037
progressive	O=0.55250483751297|NORM=0.44745326042175293
psy	O=0.7712013721466064|NORM=0.22876159846782684
muzikom	O=0.9946718811988831|NORM=0.005327288992702961
i	O=0.999955415725708|NORM=4.4373889977578074e-05
mojim	O=0.9969395399093628|NORM=0.003059732262045145
izopacenim	NORM=0.999537467956543|O=0.00044013463775627315
,	O=0.9998708963394165|NORM=0.00012865412281826138
bolesnim	O=0.9956321120262146|NORM=0.004367168061435223
umom	O=0.9996476173400879|NORM=0.0003520989848766476
.	O=0.9999817609786987|NORM=1.7186537661473267e-05

stvarno	O=0.9999600648880005|NORM=3.964814459322952e-05
je	O=0.9999687671661377|NORM=3.11653311655391e-05
cvrsto	O=0.991981029510498|NORM=0.008017349056899548
napravljen	O=0.999932050704956|NORM=6.733948976034299e-05
telefon	O=0.9991567134857178|NORM=0.0008410072769038379
.	O=0.9999817609786987|NORM=1.680435161688365e-05

danas	O=0.999984622001648|NORM=1.5027565495984163e-05
utakmica	O=0.9999464750289917|NORM=5.296770905260928e-05
počinje	O=0.9999880790710449|NORM=1.1466137948445976e-05
u	O=0.9999923706054688|NORM=7.162434485508129e-06
16	O=0.9999821186065674|NORM=1.7269481759285554e-05
h	O=0.9999878406524658|NORM=1.187818907055771e-05
,	O=0.9999927282333374|NORM=6.228853180800797e-06
taman	O=0.9998536109924316|NORM=0.00014536660455632955
za	O=0.9999790191650391|NORM=2.057946585409809e-05
zagrijavanje	O=0.9999396800994873|NORM=5.9320725995348766e-05
prije	O=0.999985933303833|NORM=1.3601511454908177e-05
odlaska	O=0.9999687671661377|NORM=3.0753581086173654e-05
na	O=0.9998669624328613|NORM=0.00013267158647067845
@nkrijeka	O=0.9999885559082031|NORM=1.108396281779278e-05
-	O=0.9999871253967285|NORM=1.2393629731377587e-05
@nklokomotiva	O=0.999984622001648|NORM=1.5013612937764265e-05
#rukomet	O=0.9999884366989136|NORM=1.1168497621838469e-05
#zamet	O=0.9999852180480957|NORM=1.4354532140714582e-05

bravo	O=0.9998466968536377|NORM=0.00015250580327119678
!!	O=0.9999703168869019|NORM=2.7032521757064387e-05

svi	O=0.9999860525131226|NORM=1.3662315723195206e-05
koji	O=0.9999744892120361|NORM=2.5314531740150414e-05
to	O=0.9999436140060425|NORM=5.541145583265461e-05
i	O=0.9999513626098633|NORM=4.8300789785571396e-05
pokusaju	NORM=0.9985358715057373|O=0.0014578819973394275
opet	O=0.9993844032287598|NORM=0.000614567135926336
vidis	NORM=0.9578858613967896|O=0.042091503739356995
da	O=0.9999450445175171|NORM=5.479512401507236e-05
se	O=0.9999039173126221|NORM=9.58766759140417e-05
bas	NORM=0.9997175335884094|O=0.00026423000963404775
to	O=0.9998843669891357|NORM=0.00011533351062098518
trude	O=0.9992830157279968|NORM=0.0007167118019424379
da	O=0.9999196529388428|NORM=8.020178938750178e-05
zele	NORM=0.9987667798995972|O=0.001224118983373046
a	O=0.9999463558197021|NORM=5.330158455763012e-05
oni	O=0.9999239444732666|NORM=7.579602970508859e-05
to	O=0.9999444484710693|NORM=5.507953028427437e-05
nekak	NORM=0.9763655662536621|O=0.023611783981323242
ono	O=0.9966097474098206|NORM=0.0033890220802277327
leđero	NORM=0.9452502131462097|O=0.054709963500499725
izvedu	O=0.9950114488601685|NORM=0.004987160675227642

:)	O=0.9999827146530151|NORM=1.5794734281371348e-05

@vooneni	O=0.9999871253967285|NORM=1.2364304893708322e-05
yep	O=0.9965936541557312|NORM=0.0034049192909151316
.	O=0.999990701675415|NORM=7.76529577706242e-06

kako	O=0.9999822378158569|NORM=1.749474358803127e-05
obožavam	O=0.9999899864196777|NORM=9.551360562909395e-06
slučajne	O=0.9999738931655884|NORM=2.5744275262695737e-05
susrete	O=0.9999746084213257|NORM=2.444667916279286e-05
s	O=0.9999868869781494|NORM=1.2578586392919533e-05
ljudima	O=0.9999827146530151|NORM=1.6344798495993018e-05
koje	O=0.9999744892120361|NORM=2.4462113287881948e-05
nisam	O=0.9999727010726929|NORM=2.665646570676472e-05
dosta	O=0.9999620914459229|NORM=3.766893132706173e-05
dugo	O=0.9999785423278809|NORM=2.1081992599647492e-05
vidjela	O=0.999774158000946|NORM=0.00022510281996801496
...	O=0.9999775886535645|NORM=2.077146382362116e-05

ili	O=0.9999686479568481|NORM=3.090236714342609e-05
razrjedivac	NORM=0.9990717172622681|O=0.0009190950659103692
.	O=0.9999891519546509|NORM=9.424918971490115e-06

danas	O=0.9996121525764465|NORM=0.00038672343362122774
ce	NORM=0.9995023012161255|O=0.0004911177093163133
biti	O=0.9991987347602844|NORM=0.0008008349686861038
koreografije	O=0.9999275207519531|NORM=7.196624937932938e-05
,	O=0.999987006187439|NORM=1.2408613656589296e-05
jedna	O=0.9999263286590576|NORM=7.257135439431295e-05
od	O=0.9999316930770874|NORM=6.809803744545206e-05
najkompliciraniji	NORM=0.8366490602493286|O=0.16334301233291626
,	O=0.9999784231185913|NORM=2.0657278582802974e-05
zato	O=0.9999221563339233|NORM=7.745471521047875e-05
svi	O=0.9999514818191528|NORM=4.826929944101721e-05
pazite	O=0.9998950958251953|NORM=0.00010463191574672237
na	O=0.9999788999557495|NORM=2.094802403007634e-05
kartone	O=0.9998376369476318|NORM=0.00016082765068858862
!	O=0.9999853372573853|NORM=1.4112565622781403e-05

oću	NORM=0.9829527139663696|O=0.017030464485287666
uloške	O=0.9178979396820068|NORM=0.08208309859037399
koji	O=0.9999392032623291|NORM=6.023946116329171e-05
se	O=0.9999839067459106|NORM=1.593534034327604e-05
zovu	O=0.9999806880950928|NORM=1.900624374684412e-05
slayer	O=0.9987758994102478|NORM=0.0012187195243313909
!	O=0.9999889135360718|NORM=8.961811545304954e-06

kakogod	O=0.9190803170204163|NORM=0.08091212809085846
,	O=0.9999918937683105|NORM=7.527009074692614e-06
želudac	O=0.9999219179153442|NORM=7.746127084828913e-05
mi	O=0.9999663829803467|NORM=3.3195086871273816e-05
se	O=0.9999489784240723|NORM=5.078485992271453e-05
umalo	O=0.9984694123268127|NORM=0.0015277555212378502
preokrenuo	O=0.9992923736572266|NORM=0.0007059458293952048
.	O=0.9999915361404419|NORM=7.057090442685876e-06

biser	O=0.9988389611244202|NORM=0.0011570892529562116
na	O=0.9999783039093018|NORM=2.13725033972878e-05
netu	O=0.9911734461784363|NORM=0.008825385943055153
:	O=0.9999599456787109|NORM=3.5694469261216e-05
"	O=0.9999916553497314|NORM=7.641370757482946e-06
exxon	O=0.9871483445167542|NORM=0.01284170150756836
ne	O=0.9999641180038452|NORM=3.55648880940862e-05
zasluzuje	NORM=0.9991694688796997|O=0.0008098738617263734
biti	O=0.9997313618659973|NORM=0.0002683857746887952
najvrijednija	O=0.996353268623352|NORM=0.0036445395089685917
komp.	O=0.9718766212463379|NORM=0.028117602691054344
na	O=0.9994890689849854|NORM=0.0005105262971483171
wall	O=0.9697452783584595|NORM=0.03024885803461075
str.	O=0.9845824241638184|NORM=0.015396076254546642
jer	O=0.9991181492805481|NORM=0.0008812269079498947
jos	NORM=0.9984821677207947|O=0.0015037334524095058
uvijek	O=0.999829888343811|NORM=0.00016964133828878403
nisu	O=0.999816358089447|NORM=0.00018321670359000564
platili	O=0.999402642250061|NORM=0.0005962199065834284
odstetu	NORM=0.9845343828201294|O=0.015457880683243275
obiteljima	O=0.9999347925186157|NORM=6.440824654418975e-05
za	O=0.9999693632125854|NORM=3.037009810213931e-05
valdez	O=0.9011667370796204|NORM=0.09882115572690964
tragediju	O=0.9998500347137451|NORM=0.00014943082351237535
"	O=0.9999853372573853|NORM=1.3932513866166119e-05

idem	O=0.9999442100524902|NORM=5.50087024748791e-05
kupit	NORM=0.9991933703422546|O=0.0007470812415704131
vriću	NORM=0.6257845163345337|O=0.3741793930530548
cimenta	O=0.9292837381362915|NORM=0.07070386409759521
.	O=0.9999921321868896|NORM=5.861784757144051e-06

rt	O=0.9998341798782349|NORM=0.0001617532252566889
"	O=0.9999938011169434|NORM=5.06311016579275e-06
@depresseddarth	O=0.9999860525131226|NORM=1.2574005268106703e-05
:	O=0.9999881982803345|NORM=9.784656867850572e-06
life	O=0.9999786615371704|NORM=2.0433468307601288e-05
is	O=0.9999780654907227|NORM=1.9890188923454843e-05
hard	O=0.999976634979248|NORM=2.2295222152024508e-05
,	O=0.9999854564666748|NORM=1.1706180885084905e-05
unless	O=0.9999727010726929|NORM=2.438090268697124e-05
you	O=0.9997883439064026|NORM=0.00019764098396990448
have	O=0.9998774528503418|NORM=0.00011233799159526825
a	O=0.999721348285675|NORM=0.00025631062453612685
lightsaber	O=0.9998795986175537|NORM=0.0001189965259982273
"	O=0.9999874830245972|NORM=9.673975910118315e-06

ne	O=0.9999687671661377|NORM=3.0517221603076905e-05
nasjedajte	O=0.999737560749054|NORM=0.0002608141512610018
na	O=0.9999725818634033|NORM=2.709530235733837e-05
lažne	O=0.9999173879623413|NORM=8.208592771552503e-05
poruke	O=0.9998509883880615|NORM=0.00014656881103292108
o	O=0.999970555305481|NORM=2.9113458367646672e-05
naplaćivanju	O=0.9986163377761841|NORM=0.0013825324131175876
vibera	O=0.9674331545829773|NORM=0.03251342475414276
i	O=0.999972939491272|NORM=2.661775579326786e-05
whatsappa	O=0.9989885687828064|NORM=0.0010060850763693452
!	O=0.9999847412109375|NORM=1.2821915333915967e-05

dugo	O=0.9999043941497803|NORM=9.366199083160609e-05
ju	O=0.9998136162757874|NORM=0.00018470444774720818
nije	O=0.9997705817222595|NORM=0.00022609104053117335
slušao	O=0.9999744892120361|NORM=2.4942348318290897e-05
.	O=0.9999865293502808|NORM=1.2066963790857699e-05

kontakt	O=0.9999295473098755|NORM=7.009023102000356e-05
:	O=0.9999814033508301|NORM=1.7884054614114575e-05
gđa.	O=0.9999423027038574|NORM=5.681730908690952e-05
ankica	O=0.9999088048934937|NORM=9.095107816392556e-05
petrak	O=0.9994250535964966|NORM=0.0005740109481848776
,	O=0.9999908208847046|NORM=8.308120413857978e-06
6147	O=0.9985541701316833|NORM=0.0014447293942794204
-	O=0.9999680519104004|NORM=3.11408621200826e-05
001	O=0.9999382495880127|NORM=6.139630568213761e-05

dobro	O=0.9999547004699707|NORM=4.507084304350428e-05
,	O=0.9999756813049316|NORM=2.3202670490718447e-05
pretty	O=0.9921608567237854|NORM=0.0077997976914048195
hurts	O=0.9054517149925232|NORM=0.09439463913440704
je	O=0.999937891960144|NORM=6.199139897944406e-05
ok	O=0.9998738765716553|NORM=0.0001256674004253
možda	O=0.9995790123939514|NORM=0.00042032141936942935
i	O=0.9999498128890991|NORM=4.986855128663592e-05
xo	NORM=0.9880295395851135|O=0.011939354240894318
,	O=0.9999735355377197|NORM=2.5582978196325712e-05
***flawless	O=0.835680365562439|NORM=0.16430313885211945
mi	O=0.999930739402771|NORM=6.897036655573174e-05
je	O=0.9999692440032959|NORM=3.0618681194027886e-05
ok	O=0.999893307685852|NORM=0.00010645666043274105
onaj	O=0.9999852180480957|NORM=1.442853499611374e-05
drugi	O=0.9999758005142212|NORM=2.3914242774480954e-05
dio	O=0.9999721050262451|NORM=2.7456753741716966e-05
kad	O=0.9999862909317017|NORM=1.3244221008790191e-05
prestane	O=0.9994052648544312|NORM=0.0005924205179326236
serekat	NORM=0.9996215105056763|O=0.0003499845915939659
nešto	O=0.9997401833534241|NORM=0.00025924856890924275
nebitne	O=0.9998171925544739|NORM=0.0001813061098800972
.	O=0.9999865293502808|NORM=1.237305059476057e-05

umri	O=0.9994082450866699|NORM=0.0005901596741750836
,	O=0.9999843835830688|NORM=1.4447566172748338e-05
boktejebo	NORM=0.9891268610954285|O=0.010861733928322792
.	O=0.9999891519546509|NORM=8.314424121635966e-06

ali	O=0.9999487400054932|NORM=5.0433816795703024e-05
s.	O=0.9999518394470215|NORM=4.6930217649787664e-05
shepard	O=0.9996609687805176|NORM=0.00033255075686611235
i	O=0.9999860525131226|NORM=1.3719333765038755e-05
njegov	O=0.9999476671218872|NORM=5.1467686716932803e-05
odgovor	O=0.9999560117721558|NORM=4.321543747209944e-05
na	O=0.9999704360961914|NORM=2.9112981792422943e-05
komentar	O=0.9999512434005737|NORM=4.720867582364008e-05
da	O=0.999985933303833|NORM=1.373784471070394e-05
je	O=0.9999899864196777|NORM=9.764529750100337e-06
uspio	O=0.9999643564224243|NORM=3.400143759790808e-05
u	O=0.9999849796295166|NORM=1.4783265214646235e-05
životu	O=0.9999707937240601|NORM=2.8703843781840988e-05
:	O=0.9999829530715942|NORM=1.3946759281679988e-05
"	O=0.9999934434890747|NORM=5.2766322369279806e-06
but	O=0.9999799728393555|NORM=1.9061921193497255e-05
you	O=0.9999709129333496|NORM=2.754647175606806e-05
know	O=0.9999834299087524|NORM=1.4859866496408358e-05
,	O=0.9999803304672241|NORM=1.602205156814307e-05
oddly	O=0.9861674904823303|NORM=0.013764035888016224
,	O=0.9999829530715942|NORM=1.3162356481188908e-05
i	O=0.9998898506164551|NORM=0.00010865206422749907
wasn't	O=0.999985933303833|NORM=1.2966874237463344e-05
even	O=0.9999849796295166|NORM=1.4715171346324496e-05
fucking	O=0.9997813105583191|NORM=0.00021759915398433805
trying	O=0.9999622106552124|NORM=3.539006502251141e-05
.	O=0.9999852180480957|NORM=1.1098491086158901e-05
"	O=0.9999881982803345|NORM=9.291239621234126e-06

primjetio	NORM=0.9996410608291626|O=0.00034801007132045925
sam	O=0.9997273087501526|NORM=0.00027207660605199635
da	O=0.999967098236084|NORM=3.2541203836444765e-05
vecina	NORM=0.9768820405006409|O=0.023102957755327225
ljudi	O=0.9999828338623047|NORM=1.6765870896051638e-05
koji	O=0.999984622001648|NORM=1.4851611013000365e-05
su	O=0.9999693632125854|NORM=3.0401628464460373e-05
gledali	O=0.9996036887168884|NORM=0.0003958892775699496
southpark	O=0.9758795499801636|NORM=0.02410992793738842
nije	O=0.9999613761901855|NORM=3.821859718300402e-05
povezalo	O=0.9968587160110474|NORM=0.0031392539385706186
uzvik	O=0.5550804734230042|NORM=0.4448755085468292
"	O=0.9999874830245972|NORM=1.1790086318796966e-05
omg	O=0.9998593330383301|NORM=0.0001384197239531204
they	O=0.9999245405197144|NORM=7.320286385947838e-05
killed	O=0.9999467134475708|NORM=5.0981470849364996e-05
kenny	O=0.9999072551727295|NORM=9.059005242306739e-05
"	O=0.9999557733535767|NORM=4.22307348344475e-05
sa	O=0.9999719858169556|NORM=2.7297955966787413e-05
ubojstvom	O=0.999697208404541|NORM=0.00030139245791360736
jfk-a	O=0.9948896169662476|NORM=0.005107873119413853
.	O=0.9999877214431763|NORM=1.1203213034605142e-05

sto	NORM=0.9998482465744019|O=0.00013204064453020692
cemo	NORM=0.9873979091644287|O=0.012594924308359623
opet	O=0.9994586110115051|NORM=0.0005405523697845638
morat	NORM=0.9997057318687439|O=0.0002597590791992843
slusat	NORM=0.9996905326843262|O=0.0002810029254760593
/	O=0.9974749684333801|NORM=0.0025230927858501673
pjevat	NORM=0.9993657469749451|O=0.0005639753653667867
ovo	O=0.9999665021896362|NORM=3.266888597863726e-05
ljeto	O=0.9998769760131836|NORM=0.00012039361899951473
.	O=0.9999825954437256|NORM=1.6298474292852916e-05

ustvari	O=0.9993762373924255|NORM=0.0006222129450179636
,	O=0.9999858140945435|NORM=1.2616740605153609e-05
puno	O=0.9999102354049683|NORM=8.924446592573076e-05
je	O=0.9999856948852539|NORM=1.4126278074400034e-05
ljepše	O=0.999954342842102|NORM=4.506145342020318e-05
:)	O=0.9999772310256958|NORM=1.8404702132102102e-05

pažnja	O=0.9999359846115112|NORM=6.340262916637585e-05
,	O=0.9999866485595703|NORM=1.2384798537823372e-05
oko	O=0.9999892711639404|NORM=1.0459013537911233e-05
9:13	O=0.9988442659378052|NORM=0.0011542310239747167
sati	O=0.9998489618301392|NORM=0.00015070683730300516
se	O=0.9999725818634033|NORM=2.723660145420581e-05
iznad	O=0.9998842477798462|NORM=0.00011536452802829444
zagreba	O=0.9996315240859985|NORM=0.00036466497112996876
pojavio	O=0.9999105930328369|NORM=8.877830259734765e-05
svijetleći	O=0.9985947012901306|NORM=0.0014046267606317997
nlo	O=0.8794220089912415|NORM=0.12055648863315582
.	O=0.9999897480010986|NORM=9.131544175033923e-06

večernji	O=0.9999229907989502|NORM=7.674509106436744e-05
:	O=0.9999898672103882|NORM=9.301114005211275e-06
hajduk	O=0.9998522996902466|NORM=0.00014526622544508427
i	O=0.9999827146530151|NORM=1.703702400845941e-05
bez	O=0.9999858140945435|NORM=1.3966963706479874e-05
velike	O=0.9999626874923706|NORM=3.70463530998677e-05
igre	O=0.999972939491272|NORM=2.6655021429178305e-05
lako	O=0.9996708631515503|NORM=0.0003278384974692017
do	O=0.9999357461929321|NORM=6.382022547768429e-05
bodova	O=0.9998975992202759|NORM=0.0001016649475786835
u	O=0.9999704360961914|NORM=2.9386206733761355e-05
maksimiru	O=0.9996199607849121|NORM=0.00037898527807556093
http://t.co/vzwaqqbo8l	O=0.9999889135360718|NORM=1.0819877388712484e-05
#hajduk	O=0.9999895095825195|NORM=1.0081183972943109e-05
#maxtvprvaliga	O=0.9999886751174927|NORM=1.1016014468623325e-05

kad	O=0.9999762773513794|NORM=2.335727185709402e-05
na	O=0.9999679327011108|NORM=3.194333839928731e-05
vratima	O=0.9998915195465088|NORM=0.00010805692727444693
ureda	O=0.9983003735542297|NORM=0.0016966783441603184
vidim	O=0.9999363422393799|NORM=6.223346281331033e-05
natpis	O=0.9830279350280762|NORM=0.016969216987490654
"	O=0.9999915361404419|NORM=7.906943210400641e-06
kucaj	NORM=0.9929515719413757|O=0.007039184216409922
te	O=0.9994864463806152|NORM=0.0005127667682245374
"	O=0.9999796152114868|NORM=1.9530152712832205e-05
,	O=0.9999873638153076|NORM=1.1451442333054729e-05
dođe	O=0.9778123497962952|NORM=0.02218247950077057
mi	O=0.9999151229858398|NORM=8.45766335260123e-05
da	O=0.999841570854187|NORM=0.0001581510587129742
pokucam	NORM=0.9696992039680481|O=0.030223891139030457
samo	O=0.9999105930328369|NORM=8.906170114642009e-05
da	O=0.9999127388000488|NORM=8.707223605597392e-05
im	O=0.999942421913147|NORM=5.689512545359321e-05
kažem	O=0.9998364448547363|NORM=0.00016322510782629251
da	O=0.9999579191207886|NORM=4.183685450698249e-05
su	O=0.9999532699584961|NORM=4.656009696191177e-05
idioti	O=0.999863862991333|NORM=0.00013526233669836074
.	O=0.9999876022338867|NORM=1.0710507012845483e-05

macintosh	O=0.999936580657959|NORM=6.25957254669629e-05
danas	O=0.9999819993972778|NORM=1.6744508684496395e-05
slavi	O=0.9999796152114868|NORM=1.9722563592949882e-05
30.	O=0.9999867677688599|NORM=1.2569074897328392e-05
rođendan	O=0.9999876022338867|NORM=1.1834462384285871e-05
http://t.co/gb44qvsfff	O=0.9999895095825195|NORM=1.0181726793234702e-05
#novost	O=0.9999730587005615|NORM=2.6611667635734193e-05
#zabavaizanimljivosti	O=0.999987006187439|NORM=1.274146961804945e-05
#apple	O=0.9999908208847046|NORM=8.879485903889872e-06
#mac	O=0.9999748468399048|NORM=2.461378426232841e-05
#it	O=0.9999744892120361|NORM=2.513298750272952e-05
#računala	O=0.9999728202819824|NORM=2.6632404114934616e-05
#mobi	O=0.9999725818634033|NORM=2.6975383661920205e-05

fali	O=0.9998698234558105|NORM=0.00012955290731042624
mu	O=0.999968409538269|NORM=3.1135554309003055e-05
sto	NORM=0.9996032118797302|O=0.00038034503813833
i	O=0.9999622106552124|NORM=3.7293124478310347e-05
mojim	O=0.9999141693115234|NORM=8.559515117667615e-05
sisama	O=0.7161075472831726|NORM=0.28387367725372314
.	O=0.9999921321868896|NORM=6.6735756263369694e-06

hannes	O=0.9991975426673889|NORM=0.0008010921883396804
swoboda	O=0.991606593132019|NORM=0.008389532566070557
na	O=0.9999760389328003|NORM=2.3640846848138608e-05
s&d	O=0.999862551689148|NORM=0.00013636398944072425
grupi	O=0.9993882179260254|NORM=0.0006100238533690572
u	O=0.9999665021896362|NORM=3.333283166284673e-05
ep	O=0.9761993885040283|NORM=0.0237042885273695
primjećuje	O=0.9979795813560486|NORM=0.0020198014099150896
da	O=0.9999823570251465|NORM=1.7334794392809272e-05
se	O=0.9999712705612183|NORM=2.845941526175011e-05
nakon	O=0.9999872446060181|NORM=1.2269830222066958e-05
predugog	O=0.8571653962135315|NORM=0.14282365143299103
inzistiranja	O=0.9996556043624878|NORM=0.00034352217335253954
na	O=0.9999617338180542|NORM=3.80035926355049e-05
"	O=0.9999690055847168|NORM=3.0357752621057443e-05
cut	O=0.9981910586357117|NORM=0.001804491737857461
,	O=0.9999573230743408|NORM=4.135501876589842e-05
cut	O=0.9970270991325378|NORM=0.0029623708687722683
,	O=0.9999352693557739|NORM=6.32442970527336e-05
cut	O=0.9925917387008667|NORM=0.007384877186268568
"	O=0.9999208450317383|NORM=7.768497744109482e-05
u	O=0.9999713897705078|NORM=2.834581391653046e-05
eu	O=0.9986244440078735|NORM=0.0013736913679167628
sve	O=0.9999895095825195|NORM=1.0285665666742716e-05
jače	O=0.99992835521698|NORM=7.113086030585691e-05
čuje	O=0.9991347193717957|NORM=0.0008634654805064201
-	O=0.9999102354049683|NORM=8.879689266905189e-05
growth	O=0.9993724226951599|NORM=0.0006226890254765749
!	O=0.9999847412109375|NORM=1.2971917385584675e-05

jedna	O=0.9999815225601196|NORM=1.7673559341346845e-05
od	O=0.9999744892120361|NORM=2.522911745472811e-05
iritantnijih	O=0.9999203681945801|NORM=7.935188477858901e-05
stvari	O=0.9999709129333496|NORM=2.8511671189335175e-05
kad	O=0.9999749660491943|NORM=2.4597453375463374e-05
ti	O=0.9998589754104614|NORM=0.0001398191088810563
chrome	O=0.9995580315589905|NORM=0.00044061068911105394
na	O=0.9999595880508423|NORM=3.9690115954726934e-05
nekim	O=0.9999328851699829|NORM=6.620121712330729e-05
stranicama	O=0.9999412298202515|NORM=5.8295350754633546e-05
nikako	O=0.9997147917747498|NORM=0.00028103977092541754
ne	O=0.9999781847000122|NORM=2.145570033462718e-05
želi	O=0.9999814033508301|NORM=1.8226128304377198e-05
ponuditi	O=0.9998756647109985|NORM=0.00012349158350843936
spremanje	O=0.9997932314872742|NORM=0.0002058787940768525
passworda	O=0.9995631575584412|NORM=0.00043103835196234286
.	O=0.9999839067459106|NORM=1.4117417777015362e-05

@ikopric	O=0.999988317489624|NORM=1.1394185094104614e-05
@cepodario	O=0.9999887943267822|NORM=1.0913093319686595e-05
@vdulabic	O=0.9999839067459106|NORM=1.5895195247139782e-05
ako	O=0.9999858140945435|NORM=1.3843544365954585e-05
shvatih	O=0.9997745156288147|NORM=0.0002246698859380558
:	O=0.9999779462814331|NORM=2.145430516975466e-05
1	O=0.9999340772628784|NORM=6.565724470419809e-05
referendum	O=0.9999399185180664|NORM=5.900387986912392e-05
na	O=0.9999421834945679|NORM=5.749609408667311e-05
kojem	O=0.9999538660049438|NORM=4.5580258301924914e-05
svi	O=0.9999891519546509|NORM=1.0643745554261841e-05
odlucuju	NORM=0.998984158039093|O=0.0010059300111606717
o	O=0.9999840259552002|NORM=1.555079870740883e-05
svemu	O=0.9999425411224365|NORM=5.673658597515896e-05
tj.	O=0.9932263493537903|NORM=0.0067706056870520115
o	O=0.9999659061431885|NORM=3.375279266037978e-05
konceptu	O=0.9996095299720764|NORM=0.0003875568218063563
+	O=0.9999597072601318|NORM=3.982779890066013e-05
promjena	O=0.99985671043396|NORM=0.00014285057841334492
#ustav	O=0.9999806880950928|NORM=1.9120525394100696e-05
?	O=0.9999861717224121|NORM=1.305463956668973e-05

to	O=0.9999715089797974|NORM=2.821323687385302e-05
je	O=0.999974250793457|NORM=2.5596957129891962e-05
to	O=0.9999697208404541|NORM=3.0032722861506045e-05
:)	O=0.9999765157699585|NORM=1.8808397726388648e-05

ja	O=0.9998971223831177|NORM=0.00010263155127177015
pitm	NORM=0.9549031257629395|O=0.045079197734594345
sad	O=0.9998869895935059|NORM=0.00011192532838322222
i	O=0.99994957447052|NORM=5.004457852919586e-05
ona	O=0.9999418258666992|NORM=5.741843051509932e-05
mi	O=0.9999641180038452|NORM=3.547931555658579e-05
odrzi	NORM=0.7193081378936768|O=0.2806772291660309
prodike	O=0.8449965119361877|NORM=0.1549622267484665
ma	O=0.9994168281555176|NORM=0.00058262754464522
puj	O=0.9884900450706482|NORM=0.011503788642585278
ahahah	O=0.9785239696502686|NORM=0.021455861628055573
pikabuu	NORM=0.7266950011253357|O=0.2732384204864502

timbaland	O=0.9998985528945923|NORM=0.00010089215356856585
-	O=0.9999746084213257|NORM=2.4387321900576353e-05
missy	O=0.9990074038505554|NORM=0.0009919668082147837
elliott	O=0.9989056587219238|NORM=0.0010936990147456527
produkcijski	O=0.9997922778129578|NORM=0.00020747432427015156
tandem	O=0.9983201622962952|NORM=0.001675351057201624
i	O=0.9999850988388062|NORM=1.4745840417162981e-05
sve	O=0.9999858140945435|NORM=1.3906384083384182e-05
što	O=0.9999847412109375|NORM=1.5080571756698191e-05
je	O=0.9999825954437256|NORM=1.7295762518187985e-05
izašlo	O=0.9999796152114868|NORM=1.9842003894154914e-05
iz	O=0.9999624490737915|NORM=3.7289184547262266e-05
njihove	O=0.9998570680618286|NORM=0.00014247417857404798
butige	O=0.6812545657157898|NORM=0.318721741437912
.	O=0.9999896287918091|NORM=9.57297015702352e-06

jedna	O=0.9997429251670837|NORM=0.00025528453988954425
od	O=0.9807064533233643|NORM=0.019286353141069412
tocaka	NORM=0.9963726997375488|O=0.0036186957731842995
za	O=0.9932324886322021|NORM=0.006759425159543753
zakljuciti	NORM=0.9995855689048767|O=0.00040468969382345676
kako	O=0.9997407793998718|NORM=0.00025884382193908095
#eu	O=0.9998741149902344|NORM=0.000125050893984735
nije	O=0.999954104423523|NORM=4.571464887703769e-05
demokratska	O=0.9997671246528625|NORM=0.00023253659310285002
tvorevina	O=0.9811958074569702|NORM=0.018801845610141754
je	O=0.998955488204956|NORM=0.0010442015482112765
i	O=0.9999423027038574|NORM=5.737827450502664e-05
to	O=0.9999325275421143|NORM=6.597323226742446e-05
sto	NORM=0.9989493489265442|O=0.0010110985022038221
njemacka	NORM=0.8941447138786316|O=0.10584492981433868
ima	O=0.9999734163284302|NORM=2.633801159390714e-05
96	O=0.9782706499099731|NORM=0.02172759547829628
zastupnika	O=0.999907374382019|NORM=9.215232421411201e-05
u	O=0.9999531507492065|NORM=4.666944732889533e-05
#euparlamentu	O=0.9988802075386047|NORM=0.0011159770656377077
.	O=0.9999904632568359|NORM=8.77655293152202e-06

prihvatio	O=0.9999494552612305|NORM=4.94909800181631e-05
sam	O=0.9999276399612427|NORM=7.179892418207601e-05
jedan	O=0.999972939491272|NORM=2.656495780684054e-05
friend	O=0.9995490908622742|NORM=0.00044399770558811724
request	O=0.9999040365219116|NORM=9.43899794947356e-05
i	O=0.999987006187439|NORM=1.2583625903062057e-05
sad	O=0.9999852180480957|NORM=1.4357433428813238e-05
imam	O=0.9999754428863525|NORM=2.4307675630552694e-05
deset	O=0.957414448261261|NORM=0.042580511420965195
profila	O=0.9997238516807556|NORM=0.00027526865596883
ogranaka	O=0.999485969543457|NORM=0.000512471015099436
i	O=0.9999774694442749|NORM=2.2192396500031464e-05
mladeži	O=0.999885082244873|NORM=0.00011469380842754617
hdz-a	O=0.9990241527557373|NORM=0.0009744611452333629
na	O=0.999229907989502|NORM=0.0007697716355323792
people	O=0.9995424747467041|NORM=0.00045689495163969696
you	O=0.9998190999031067|NORM=0.0001782580657163635
may	O=0.9998455047607422|NORM=0.000153951725224033
know	O=0.9999794960021973|NORM=2.0199126083753072e-05
.	O=0.9999053478240967|NORM=8.952294592745602e-05

:)	O=0.9999827146530151|NORM=1.579449417477008e-05

hrvatska	O=0.9999167919158936|NORM=8.286295633297414e-05
suspendirana	O=0.9999804496765137|NORM=1.91760336747393e-05
sa	O=0.9999430179595947|NORM=5.542744474951178e-05
svjetskog	O=0.9999537467956543|NORM=4.5800778025295585e-05
prvenstva	O=0.999970555305481|NORM=2.8950380510650575e-05
,	O=0.9999845027923584|NORM=1.4644620023318566e-05
hrvatske	O=0.9982715845108032|NORM=0.0017279372550547123
pivovare	O=0.9997896552085876|NORM=0.0002098543627653271
tuže	O=0.9999661445617676|NORM=3.358810135978274e-05
šimunića	O=0.9999663829803467|NORM=3.336164081702009e-05
http://t.co/o72rfkqpj9	O=0.9999876022338867|NORM=1.2121001418563537e-05
via	O=0.9999120235443115|NORM=8.74288089107722e-05
@news_bar	O=0.9999874830245972|NORM=1.2253193744982127e-05

svaka	O=0.9999799728393555|NORM=1.9762728697969578e-05
čast	O=0.9998797178268433|NORM=0.00011912802438018844
,	O=0.9999887943267822|NORM=1.0685053894121666e-05
#hrt	O=0.9999884366989136|NORM=1.1179708053532522e-05
doveo	O=0.9997997879981995|NORM=0.0001995698403334245
osuđenog	O=0.9998917579650879|NORM=0.00010773879330372438
poticatelja	O=0.9998148083686829|NORM=0.00018475153774488717
na	O=0.9998718500137329|NORM=0.00012784700084012002
#ubojstvo	O=0.9999873638153076|NORM=1.239971061295364e-05
#bože	O=0.9999628067016602|NORM=3.701686728163622e-05
#vukušić	O=0.9999833106994629|NORM=1.6497575415996835e-05
kao	O=0.999961256980896|NORM=3.850137727567926e-05
stručnog	O=0.9998749494552612|NORM=0.0001246960018761456
komentatora	O=0.9995575547218323|NORM=0.0004386686778161675
..	O=0.9999798536300659|NORM=1.9573004465200938e-05

birajte	O=0.9993569254875183|NORM=0.0006405008025467396
prema	O=0.9526984691619873|NORM=0.047297678887844086
:)	O=0.9999585151672363|NORM=3.6762532545253634e-05

koja	O=0.9999396800994873|NORM=5.992091973894276e-05
sam	O=0.9999778270721436|NORM=2.1882209694013e-05
ja	O=0.9999871253967285|NORM=1.261619217984844e-05
budala	O=0.9999403953552246|NORM=5.7977336837211624e-05
!	O=0.9999810457229614|NORM=1.5228436495817732e-05

15	O=0.9999290704727173|NORM=7.049785926938057e-05
besplatnih	O=0.9999102354049683|NORM=8.932927448768169e-05
online	O=0.9998888969421387|NORM=0.0001107544667320326
resursa	O=0.9996349811553955|NORM=0.0003640308859758079
pomoću	O=0.9999616146087646|NORM=3.8062342355260625e-05
kojih	O=0.9999796152114868|NORM=2.00397025764687e-05
možete	O=0.9999827146530151|NORM=1.667935066507198e-05
naučiti	O=0.9999173879623413|NORM=8.176107075996697e-05
programirati	O=0.9999051094055176|NORM=9.296819189330563e-05
http://t.co/aszlkkdtp1	O=0.9999898672103882|NORM=9.876031072053593e-06
via	O=0.9998977184295654|NORM=0.00010152592585654929
@zimoonline	O=0.9999903440475464|NORM=9.234635399479885e-06

neki	O=0.9999691247940063|NORM=3.0351242457982153e-05
brđani	O=0.9997493624687195|NORM=0.00024903021403588355
očito	O=0.9999531507492065|NORM=4.5920063712401316e-05
nikad	O=0.9999746084213257|NORM=2.505241718608886e-05
neće	O=0.9999805688858032|NORM=1.9197170331608504e-05
naučiti	O=0.9999228715896606|NORM=7.673367508687079e-05
da	O=0.9999736547470093|NORM=2.5868677766993642e-05
ne	O=0.9999781847000122|NORM=2.148244129784871e-05
mora	O=0.9998403787612915|NORM=0.00015895802062004805
baš	O=0.9999014139175415|NORM=9.813304495764896e-05
pola	O=0.9999299049377441|NORM=6.967213994357735e-05
grada	O=0.9999475479125977|NORM=5.033410343457945e-05
čuti	O=0.9955778121948242|NORM=0.004419058561325073
o	O=0.9999765157699585|NORM=2.3107977540348656e-05
čemu	O=0.9995152950286865|NORM=0.00048399725346826017
razgovaraju	O=0.99993896484375|NORM=5.998709093546495e-05
preko	O=0.9998509883880615|NORM=0.00014786508108954877
mobitela	O=0.9999126195907593|NORM=8.690381946507841e-05

i	O=0.9999829530715942|NORM=1.6877173038665205e-05
svečano	O=0.9998494386672974|NORM=0.00014995181118138134
spalit	NORM=0.9579044580459595|O=0.042072780430316925
zadnji	O=0.9999631643295288|NORM=3.620983625296503e-05
list	O=0.9999146461486816|NORM=8.43145462567918e-05
:d	O=0.9999377727508545|NORM=5.9842339396709576e-05

upsss	O=0.9975690245628357|NORM=0.0024283314123749733
.	O=0.9999874830245972|NORM=1.0226343874819577e-05

dnevni	O=0.9995906949043274|NORM=0.00040724274003878236
list	O=0.9998798370361328|NORM=0.00011980844283243641
danas	O=0.9998958110809326|NORM=0.00010167242726311088
|	O=0.9999234676361084|NORM=7.501838990719989e-05

di	NORM=0.9995837807655334|O=0.0003802382561843842
sam	O=0.9999804496765137|NORM=1.92806310224114e-05
bio	O=0.9999123811721802|NORM=8.678247104398906e-05
proteklih	O=0.9997236132621765|NORM=0.0002747047692537308
godina	O=0.9999727010726929|NORM=2.6047386199934408e-05
..	O=0.9999781847000122|NORM=2.0406097974046133e-05

i	O=0.9999558925628662|NORM=4.3879994336748496e-05
really	O=0.9999864101409912|NORM=1.3043068975093774e-05
live	O=0.9999619722366333|NORM=3.782476778724231e-05
on	O=0.9999898672103882|NORM=9.833448530116584e-06
the	O=0.9999687671661377|NORM=3.0405784855247475e-05
edge	O=0.9999256134033203|NORM=7.367112266365439e-05
.	O=0.9999880790710449|NORM=1.0225871847069357e-05

osim	O=0.999961256980896|NORM=3.787903187912889e-05
toga	O=0.9999598264694214|NORM=3.9111735532060266e-05
...	O=0.9999754428863525|NORM=2.374114774283953e-05

ukoliko	O=0.9999562501907349|NORM=4.251933569321409e-05
ste	O=0.9999688863754272|NORM=3.071483297389932e-05
danas	O=0.9999793767929077|NORM=2.0093626517336816e-05
dobili	O=0.999916672706604|NORM=8.211475505959243e-05
šibe	O=0.994881272315979|NORM=0.005114703439176083
,	O=0.9999920129776001|NORM=7.0528549258597195e-06
nagradite	O=0.9999415874481201|NORM=5.79627558181528e-05
sami	O=0.999968409538269|NORM=3.133582140435465e-05
sebe	O=0.9999767541885376|NORM=2.2987664124229923e-05
izlaskom	O=0.9999332427978516|NORM=6.62707316223532e-05
u	O=0.9999682903289795|NORM=3.148424730170518e-05
#kerempuh	O=0.9999538660049438|NORM=4.542217720882036e-05
!	O=0.999991774559021|NORM=6.132524049462518e-06

zašto	O=0.9998177886009216|NORM=0.00018133198318537325
nisam	O=0.9999592304229736|NORM=4.041799184051342e-05
polupokretni	O=0.9998787641525269|NORM=0.000120841184980236
penzić	O=0.9939910769462585|NORM=0.005996866151690483
kojemu	O=0.9987474679946899|NORM=0.0012515939306467772
je	O=0.9999572038650513|NORM=4.270379213267006e-05
smisao	O=0.9999785423278809|NORM=2.0936551663908176e-05
života	O=0.9999736547470093|NORM=2.6269663067068905e-05
zavalit	NORM=0.9998131394386292|O=0.0001687985350145027
se	O=0.999582827091217|NORM=0.00041689895442686975
na	O=0.9999349117279053|NORM=6.474006659118459e-05
kauč	O=0.9958208799362183|NORM=0.004177768714725971
i	O=0.9999710321426392|NORM=2.872469303838443e-05
gledat	NORM=0.9998493194580078|O=0.00013055672752670944
serije	O=0.9995378255844116|NORM=0.00046117001329548657
.	O=0.9999916553497314|NORM=7.4518970905046444e-06

notorna	O=0.5847716927528381|NORM=0.4152173697948456
laz	NORM=0.9463614225387573|O=0.05360879376530647
kolega	O=0.9994620680809021|NORM=0.0005374046741053462
,	O=0.9999901056289673|NORM=8.36237541079754e-06
notorna	O=0.5879657864570618|NORM=0.4120219647884369
laz	NORM=0.9250375628471375|O=0.07492159307003021
.	O=0.999990701675415|NORM=7.440002718794858e-06

-	O=0.99998939037323|NORM=9.224557288689539e-06
mojima	O=0.9953131675720215|NORM=0.004685273859649897
je	O=0.999971866607666|NORM=2.778771158773452e-05
mrak	O=0.999860405921936|NORM=0.00013900377962272614
,	O=0.9999874830245972|NORM=1.0214032954536378e-05
odgovori	O=0.9993683695793152|NORM=0.0006302007823251188
nato	O=0.9999164342880249|NORM=8.286727825179696e-05
ona	O=0.9999856948852539|NORM=1.3599303201772273e-05
.	O=0.9999903440475464|NORM=7.303867278096732e-06

pa	O=0.9999840259552002|NORM=1.526691448816564e-05
ili	O=0.9999642372131348|NORM=3.455249316175468e-05
imaš	O=0.9999676942825317|NORM=3.007324630743824e-05
dobre	O=0.9999781847000122|NORM=2.1066009139758535e-05
sise	O=0.9742000699043274|NORM=0.025793928653001785
ili	O=0.9999778270721436|NORM=2.0933723135385662e-05
ti	O=0.9999693632125854|NORM=2.9857024856028147e-05
ona	O=0.9999762773513794|NORM=2.2425740098697133e-05
majica	O=0.9998500347137451|NORM=0.00014916030340828001
stvarno	O=0.9999902248382568|NORM=9.183091606246307e-06
dobro	O=0.9999829530715942|NORM=1.6396572391386144e-05
stoji	O=0.9999651908874512|NORM=3.360373739269562e-05
:d	O=0.9999293088912964|NORM=6.773987843189389e-05

holy	O=0.9999094009399414|NORM=8.991098729893565e-05
:	O=0.9999884366989136|NORM=9.916165254253428e-06
gubici	O=0.99873286485672|NORM=0.0012659786734730005
iz	O=0.9998284578323364|NORM=0.00017110911721829325
vodovodnih	O=0.9997877478599548|NORM=0.0002118410193361342
mreža	O=0.9999269247055054|NORM=7.235274824779481e-05
u	O=0.9999750852584839|NORM=2.4596098228357732e-05
hrvatskoj	O=0.9998772144317627|NORM=0.0001223826693603769
su	O=0.9999610185623169|NORM=3.824779196293093e-05
u	O=0.9999793767929077|NORM=2.0382025468279608e-05
prosjeku	O=0.9992265701293945|NORM=0.0007717224070802331
oko	O=0.9999805688858032|NORM=1.9021945263375528e-05
40	O=0.9999760389328003|NORM=2.3713781047263183e-05
posto	O=0.9999562501907349|NORM=4.341352541814558e-05
!	O=0.9999880790710449|NORM=1.0184820894210134e-05

@mrak	O=0.9999861717224121|NORM=1.3520322681870311e-05
da	O=0.9999184608459473|NORM=8.122892904793844e-05
,	O=0.999983549118042|NORM=1.491398779762676e-05
samo	O=0.9999573230743408|NORM=4.2391111492179334e-05
bi	O=0.6905994415283203|NORM=0.30935192108154297
za	O=0.9999797344207764|NORM=1.9999666619696654e-05
primjer	O=0.9989400506019592|NORM=0.0010593259939923882
onda	O=0.9991432428359985|NORM=0.0008551538339816034
trebao	O=0.9957588315010071|NORM=0.004239230882376432
uzeti	O=0.9999228715896606|NORM=7.649423787370324e-05
jednu	O=0.9999735355377197|NORM=2.599192339403089e-05
njemačku	O=0.9998248219490051|NORM=0.00017154522356577218
,	O=0.9999749660491943|NORM=2.4234173906734213e-05
irsku	O=0.9986850619316101|NORM=0.0013087702682241797
,	O=0.9999573230743408|NORM=4.1472238081041723e-05
austriju	O=0.9999128580093384|NORM=8.649010123917833e-05
sa	O=0.9999682903289795|NORM=3.121204281342216e-05
istom	O=0.9999287128448486|NORM=7.100204675225541e-05
metodom	O=0.9998422861099243|NORM=0.00015712858294136822
.	O=0.9999895095825195|NORM=8.924894245865289e-06

#evil	O=0.999963641166687|NORM=3.449719224590808e-05

rt	O=0.9999593496322632|NORM=4.0213955799117684e-05
"	O=0.999994158744812|NORM=5.002922534913523e-06
@gogopavlov	O=0.9999493360519409|NORM=5.0201022531837225e-05
staki	O=0.9642735123634338|NORM=0.03570320084691048
,	O=0.9999872446060181|NORM=1.1970920240855776e-05
jedini	O=0.9999809265136719|NORM=1.8706712580751628e-05
pivač	O=0.9868964552879333|NORM=0.01309671625494957
koji	O=0.9999749660491943|NORM=2.4704351744730957e-05
u	O=0.9999845027923584|NORM=1.5181651178863831e-05
5	O=0.9999486207962036|NORM=5.091597267892212e-05
ujutro	O=0.9999784231185913|NORM=2.1222367649897933e-05
moli	O=0.9996848106384277|NORM=0.0003124129434581846
publiku	O=0.9999394416809082|NORM=5.938676986261271e-05
za	O=0.9999909400939941|NORM=8.65903257363243e-06
još	O=0.9999861717224121|NORM=1.3215832041169051e-05
jedan	O=0.999982476234436|NORM=1.6824309568619356e-05
bis	O=0.9556859731674194|NORM=0.044267043471336365
.	O=0.9999902248382568|NORM=8.352588338311762e-06
"	O=0.999991774559021|NORM=7.054373327264329e-06

|	O=0.9999704360961914|NORM=2.9324113711481914e-05
tportal.hr	O=0.999982476234436|NORM=1.7279224266530946e-05
http://t.co/fudvwnnxno	O=0.9999803304672241|NORM=1.9446011719992384e-05
via	O=0.9999421834945679|NORM=5.76275670027826e-05
@tportal	O=0.999985933303833|NORM=1.3820051208313089e-05

on	O=0.9999291896820068|NORM=6.937538273632526e-05
jednostavno	O=0.9999772310256958|NORM=2.2158556021167897e-05
ne	O=0.9999810457229614|NORM=1.8601274859975092e-05
moze	NORM=0.9985256791114807|O=0.001449716161005199
se	O=0.9999570846557617|NORM=4.2765692342072725e-05
pomiriti	O=0.9983034133911133|NORM=0.0016951067373156548
s	O=0.9999880790710449|NORM=1.1465677744126879e-05
tim	O=0.9999556541442871|NORM=4.4061976950615644e-05
da	O=0.9999743700027466|NORM=2.5234407075913623e-05
stoji	O=0.9998133778572083|NORM=0.00018587276281323284
a	O=0.9999772310256958|NORM=2.2282776626525447e-05
svi	O=0.9999825954437256|NORM=1.7059051970136352e-05
mladji	NORM=0.8630573153495789|O=0.13691362738609314
od	O=0.9999176263809204|NORM=8.21141293272376e-05
njega	O=0.9999610185623169|NORM=3.7895209970884025e-05
se	O=0.9999661445617676|NORM=3.36320445057936e-05
ne	O=0.9999673366546631|NORM=3.193908560206182e-05
ustaju	O=0.9997346997261047|NORM=0.0002638449950609356
...	O=0.9999785423278809|NORM=2.017810220422689e-05

preporuka	O=0.999936580657959|NORM=6.304499402176589e-05
:	O=0.99996018409729|NORM=3.890832158504054e-05
u	O=0.9999697208404541|NORM=3.0071098080952652e-05
zg	O=0.9985849857330322|NORM=0.0014120610430836678
-	O=0.999612033367157|NORM=0.00038604336441494524
za	O=0.9955657124519348|NORM=0.0044324672780931
grad	O=0.999790608882904|NORM=0.00020847162522841245
,	O=0.999984622001648|NORM=1.4948293028282933e-05
u	O=0.9999371767044067|NORM=6.257583299884573e-05
st	O=0.9568808674812317|NORM=0.043087683618068695
-	O=0.9995864033699036|NORM=0.00041241315193474293
lista	O=0.9997270703315735|NORM=0.0002724462829064578
dragana	O=0.5518860220909119|NORM=0.4481028914451599
markovine	O=0.9944952130317688|NORM=0.005500982981175184
,	O=0.9999822378158569|NORM=1.719372630759608e-05
u	O=0.9999253749847412|NORM=7.442771311616525e-05
du	O=0.9376853108406067|NORM=0.062292639166116714
-	O=0.9988048076629639|NORM=0.001193070551380515
lista	O=0.9990891218185425|NORM=0.0009101720643229783
igora	O=0.9965069890022278|NORM=0.0034916107542812824
miošića	O=0.9657400250434875|NORM=0.034249067306518555
,	O=0.9999829530715942|NORM=1.6457968740724027e-05
u	O=0.9999675750732422|NORM=3.2278159778798e-05
osijeku	O=0.9743072390556335|NORM=0.025666534900665283
-	O=0.9999321699142456|NORM=6.730945460731164e-05
jaroslav	O=0.9996672868728638|NORM=0.00033225107472389936
pecnik	O=0.7327898144721985|NORM=0.267189621925354
.	O=0.9999911785125732|NORM=8.100688319245819e-06

hahahahahahah	O=0.9974759221076965|NORM=0.0025216112844645977

crazy	O=0.9999184608459473|NORM=8.046693255892023e-05
stupid	O=0.9997681975364685|NORM=0.0002308813127456233
love	O=0.9997709393501282|NORM=0.00022707018069922924
.	O=0.9999889135360718|NORM=8.18673743196996e-06

haahahahahahahahh	O=0.7446768283843994|NORM=0.25527799129486084
.	O=0.9999879598617554|NORM=9.974367458198685e-06

@eleteleiophilie	O=0.9999814033508301|NORM=1.8392005586065352e-05
ugl	NORM=0.8020983338356018|O=0.19784334301948547
dirala	NORM=0.983169674873352|O=0.016809334978461266
sam	O=0.9943729639053345|NORM=0.005623050034046173
si	O=0.9990730285644531|NORM=0.0009263555984944105
bradavice	O=0.9759328365325928|NORM=0.02406025305390358
i	O=0.9999675750732422|NORM=3.221434963052161e-05
zamisljala	NORM=0.9869658946990967|O=0.013017119839787483
da	O=0.999795138835907|NORM=0.0002045657456619665
mi	O=0.999940037727356|NORM=5.961650822428055e-05
ih	O=0.9996570348739624|NORM=0.0003426381153985858
on	O=0.6201875805854797|NORM=0.37979987263679504
licka	NORM=0.997684121131897|O=0.002308497205376625
i	O=0.9997815489768982|NORM=0.00021824409486725926
sise	NORM=0.7675264477729797|O=0.2324618548154831
i	O=0.9999785423278809|NORM=2.1258954802760854e-05
tako	O=0.9989687204360962|NORM=0.00103085080627352
sam	O=0.9996569156646729|NORM=0.0003424949536565691
se	O=0.999951958656311|NORM=4.787222496815957e-05
napalila	O=0.997661828994751|NORM=0.0023371039424091578
like	O=0.9998687505722046|NORM=0.00013103202218189836
u	O=0.9939953684806824|NORM=0.006003658287227154
have	O=0.9999709129333496|NORM=2.8757056497852318e-05
no	O=0.9999790191650391|NORM=2.063356623693835e-05
idea	O=0.9999681711196899|NORM=3.1058585591381416e-05
bez	NORM=0.6485236883163452|O=0.35145241022109985
da	O=0.999607503414154|NORM=0.00039177475264295936
sam	O=0.9982632994651794|NORM=0.0017357863252982497

scenario	O=0.9944475889205933|NORM=0.005537830293178558
već	O=0.9999743700027466|NORM=2.5153391106869094e-05
znam	O=0.9999858140945435|NORM=1.362014972983161e-05
,	O=0.9999874830245972|NORM=9.80630375124747e-06
oko	O=0.9999785423278809|NORM=2.1130543245817535e-05
ponoći	O=0.9998824596405029|NORM=0.0001171855183201842
će	O=0.9997740387916565|NORM=0.00022524774249177426
mi	O=0.9999663829803467|NORM=3.328143429826014e-05
dopizditi	O=0.6234753727912903|NORM=0.3764904737472534
gužva	O=0.9999618530273438|NORM=3.7765792512800545e-05
,	O=0.9999850988388062|NORM=1.3874435353500303e-05
buka	O=0.9371076226234436|NORM=0.06288044899702072
i	O=0.9999672174453735|NORM=3.262118480051868e-05
klinci	O=0.9998461008071899|NORM=0.00015265136607922614
i	O=0.9999862909317017|NORM=1.3419229617284145e-05
do	O=0.9999732971191406|NORM=2.6375335437478498e-05
1	O=0.9999790191650391|NORM=2.053815478575416e-05
h	O=0.999896764755249|NORM=0.00010287777695339173
sam	O=0.9997835755348206|NORM=0.00021566817304119468
doma	O=0.9999032020568848|NORM=9.592334390617907e-05
.	O=0.9999880790710449|NORM=9.917533134284895e-06

http://t.co/ahjdvtusqh	O=0.999991774559021|NORM=7.856756383262109e-06
#osijek	O=0.999985933303833|NORM=1.3855803445039783e-05

#help	O=0.9999555349349976|NORM=4.251119389664382e-05
treba	O=0.9999793767929077|NORM=2.0489331291173585e-05
mi	O=0.9999566078186035|NORM=4.322815948398784e-05
neki	O=0.9999216794967651|NORM=7.79946640250273e-05
autoelektričar	O=0.9996747970581055|NORM=0.00032451111474074423
u	O=0.9999723434448242|NORM=2.744314588198904e-05
rijeci	O=0.9481742978096008|NORM=0.05181807652115822
a	O=0.999969482421875|NORM=3.027175807801541e-05
da	O=0.9999735355377197|NORM=2.6175128368777223e-05
nije	O=0.9999679327011108|NORM=3.193614611518569e-05
onaj	O=0.9998986721038818|NORM=0.00010049834963865578
na	O=0.9999536275863647|NORM=4.582808105624281e-05
školjiću	O=0.9897157549858093|NORM=0.010225593112409115
i	O=0.9999805688858032|NORM=1.9170403902535327e-05
da	O=0.9999768733978271|NORM=2.2832215108792298e-05
nije	O=0.9998692274093628|NORM=0.00013051128189545125
neki	O=0.9997538924217224|NORM=0.000245755014475435
na	O=0.9999649524688721|NORM=3.467439455562271e-05
rubu	O=0.9996786117553711|NORM=0.00031982449581846595
županije	O=0.9999487400054932|NORM=5.086719829705544e-05
u	O=0.9999668598175049|NORM=3.2956853829091415e-05
pizdi	O=0.9921870231628418|NORM=0.007803879678249359
materinoj	O=0.9997028708457947|NORM=0.0002962193975690752

weather	O=0.9999481439590454|NORM=5.1354501920286566e-05
camera	O=0.9999731779098511|NORM=2.638670412125066e-05
spider	O=0.9999744892120361|NORM=2.529377889004536e-05
scares	O=0.9998847246170044|NORM=0.00011501184781081975
kristi	O=0.998833954334259|NORM=0.0011649614898487926
:	O=0.9999730587005615|NORM=2.5880359316943213e-05
http://t.co/cojiscpfho	O=0.9999885559082031|NORM=1.1184039067302365e-05
via	O=0.9998378753662109|NORM=0.00016097624029498547
@youtube	O=0.9999827146530151|NORM=1.6932546714087948e-05

da	O=0.9999570846557617|NORM=4.2760839278344065e-05
mogu	O=0.99996018409729|NORM=3.9717360778013244e-05
i	O=0.9999643564224243|NORM=3.5469849535729736e-05
da	O=0.9999542236328125|NORM=4.5497370592784137e-05
znam	O=0.9999673366546631|NORM=3.255499177612364e-05
kad	O=0.9999563694000244|NORM=4.33937857451383e-05
bi	O=0.9722422361373901|NORM=0.027742337435483932
se	O=0.999909520149231|NORM=9.012827649712563e-05
to	O=0.9999821186065674|NORM=1.7387392290402204e-05
desilo	O=0.7085347175598145|NORM=0.2914556860923767
,	O=0.999983549118042|NORM=1.58253860718105e-05
odjavio	O=0.9879497289657593|NORM=0.01202915608882904
bih	O=0.9794859886169434|NORM=0.02051076851785183
svoj	O=0.9998611211776733|NORM=0.0001386583171552047
zivot	NORM=0.9991210103034973|O=0.000869692419655621
sa	O=0.9684004187583923|NORM=0.031595755368471146
:	O=0.9999821186065674|NORM=1.7219044821104035e-05
"	O=0.9999902248382568|NORM=9.135495020018425e-06
thank	O=0.9999855756759644|NORM=1.3582050996774342e-05
you	O=0.9999833106994629|NORM=1.6089748896774836e-05
all	O=0.9999750852584839|NORM=2.4338123694178648e-05
for	O=0.9999723434448242|NORM=2.702192978176754e-05
watching	O=0.9999592304229736|NORM=3.927246871171519e-05
and	O=0.999963641166687|NORM=3.4125834645237774e-05
good	O=0.9999861717224121|NORM=1.3318544915819075e-05
night	O=0.9999768733978271|NORM=2.2405616618925706e-05
"	O=0.9999884366989136|NORM=1.0684571861929726e-05

http://t.co/5smox1vr85	O=0.9999901056289673|NORM=9.578289791534189e-06
#omizio	O=0.999991774559021|NORM=7.6884907684871e-06

za	O=0.9999896287918091|NORM=1.0073400517285336e-05
sada	O=0.9999845027923584|NORM=1.475808494433295e-05
samo	O=0.9999784231185913|NORM=2.0805937310797162e-05
us	O=0.9996975660324097|NORM=0.0003002078447025269
/	O=0.9999563694000244|NORM=4.2294479499105364e-05
uk	O=0.9992018342018127|NORM=0.0007969632279127836
...	O=0.9999855756759644|NORM=1.3419768947642297e-05

svi	O=0.9999815225601196|NORM=1.79665057657985e-05
koji	O=0.9999839067459106|NORM=1.5805013390490785e-05
su	O=0.9999703168869019|NORM=2.9451797672663815e-05
me	O=0.9999594688415527|NORM=3.993786231148988e-05
odpisali	O=0.9993056058883667|NORM=0.0006928442744538188
,	O=0.9999722242355347|NORM=2.7098598366137594e-05
podcjenili	O=0.9732365608215332|NORM=0.026750296354293823
ili	O=0.9999624490737915|NORM=3.7145684473216534e-05
rekli	O=0.999934196472168|NORM=6.521909381262958e-05
da	O=0.9999707937240601|NORM=2.8862807084806263e-05
sam	O=0.9999629259109497|NORM=3.676875348901376e-05
gotov	O=0.9999123811721802|NORM=8.732084097573534e-05
,	O=0.9999833106994629|NORM=1.6058018445619382e-05
su	O=0.9999706745147705|NORM=2.9016888220212422e-05
mi	O=0.9999762773513794|NORM=2.3467819119105116e-05
samo	O=0.9999556541442871|NORM=4.406088555697352e-05
pomogli	O=0.9995517134666443|NORM=0.00044439855264499784
i	O=0.9999853372573853|NORM=1.441325821360806e-05
dodatno	O=0.9998458623886108|NORM=0.0001535913033876568
me	O=0.9999735355377197|NORM=2.6192010409431532e-05
motivisali	O=0.9994577765464783|NORM=0.000540735200047493
,	O=0.9999886751174927|NORM=1.0494186426512897e-05
hvala	O=0.9999492168426514|NORM=4.975076808477752e-05
im	O=0.9999628067016602|NORM=3.692575774039142e-05
..	O=0.9999841451644897|NORM=1.5410050764330663e-05

http://t.co/gmkvluatyr	O=0.9998972415924072|NORM=0.0001014633453451097
bill	O=0.9999226331710815|NORM=7.686723984079435e-05
gates	O=0.9999604225158691|NORM=3.885152909788303e-05
se	O=0.999981164932251|NORM=1.8651744539965875e-05
vratio	O=0.999946117401123|NORM=5.3600895626004785e-05
na	O=0.999982476234436|NORM=1.7258407751796767e-05
čelo	O=0.999950647354126|NORM=4.857449675910175e-05
forbesova	O=0.9382659196853638|NORM=0.061728641390800476
popisa	O=0.9999656677246094|NORM=3.388071490917355e-05
najbogatijih	O=0.9998754262924194|NORM=0.00012411506031639874
na	O=0.9999828338623047|NORM=1.6880085240700282e-05
svijetu	O=0.9999769926071167|NORM=2.2674941646982916e-05
#billgates	O=0.9999901056289673|NORM=9.482475434197113e-06
#forbes	O=0.9999814033508301|NORM=1.798911762307398e-05

to	O=0.9999822378158569|NORM=1.5373880160041153e-05
što	O=0.9999899864196777|NORM=9.428837984160054e-06
knjiga	O=0.9999550580978394|NORM=4.4247946789255366e-05
ima	O=0.9999731779098511|NORM=2.5969688067561947e-05
happy	O=0.9986659288406372|NORM=0.0012648963602259755
end	O=0.9998120665550232|NORM=0.00018584824283607304
je	O=0.9999781847000122|NORM=2.159698306058999e-05
sam	O=0.9965654015541077|NORM=0.0034338394179940224
zato	O=0.9999758005142212|NORM=2.3861139197833836e-05
jer	O=0.9999470710754395|NORM=5.2630322898039594e-05
je	O=0.9999849796295166|NORM=1.4771258065593429e-05
za	O=0.9999856948852539|NORM=1.3978728020447306e-05
djecu	O=0.99993896484375|NORM=5.976570537313819e-05
,	O=0.9999864101409912|NORM=1.2023335330013651e-05
shvatiš	O=0.9999434947967529|NORM=5.60637163289357e-05
kasnije	O=0.9999721050262451|NORM=2.7350075470167212e-05
sve	O=0.9999889135360718|NORM=1.0844661119335797e-05
to	O=0.9999891519546509|NORM=1.0245229532301892e-05
.	O=0.9999854564666748|NORM=1.3158575711713638e-05

kreni	O=0.9998456239700317|NORM=0.0001537662756163627
-	O=0.999933123588562|NORM=6.48902787361294e-05
sad	O=0.9999604225158691|NORM=3.850435678032227e-05
!	O=0.9999908208847046|NORM=6.9721877480333205e-06

@neko_nepoznat	O=0.9998966455459595|NORM=0.00010271846258547157
da	O=0.9998782873153687|NORM=0.00012116700963815674
..	O=0.9999829530715942|NORM=1.6465646694996394e-05

želimo	O=0.9999349117279053|NORM=6.359106919262558e-05
vas	O=0.9999207258224487|NORM=7.87186945672147e-05
počastiti	O=0.998258650302887|NORM=0.0017396892653778195
i	O=0.9999728202819824|NORM=2.6914003683486953e-05
...	O=0.9999722242355347|NORM=2.703974132600706e-05

"	O=0.999988317489624|NORM=9.769115422386676e-06
bio	O=0.9998499155044556|NORM=0.00014954429934732616
sam	O=0.9999092817306519|NORM=9.047272760653868e-05
jedini	O=0.99996018409729|NORM=3.947572622564621e-05
pjevac	NORM=0.5598286986351013|O=0.44015392661094666
iz	O=0.9999477863311768|NORM=5.196979327592999e-05
istre	O=0.9986429810523987|NORM=0.0013562870444729924
tamo	O=0.9998495578765869|NORM=0.00014915909559931606
.	O=0.9999819993972778|NORM=1.5606541637680493e-05
"	O=0.9999841451644897|NORM=1.2412045180099085e-05

no	O=0.9999046325683594|NORM=9.490499360254034e-05
je	O=0.999988317489624|NORM=1.146173326560529e-05
nemoguće	O=0.9999457597732544|NORM=5.3685544116888195e-05

za	O=0.9998856782913208|NORM=0.0001137789586209692
.	O=0.9999880790710449|NORM=8.914673344406765e-06

ali	O=0.9999853372573853|NORM=1.4249033483793028e-05
ovako	O=0.9999722242355347|NORM=2.7590018362388946e-05
kada	O=0.9999886751174927|NORM=1.0994247531925794e-05
vidim	O=0.9999885559082031|NORM=1.1101703421445563e-05
imena	O=0.999969482421875|NORM=3.0003917345311493e-05
na	O=0.9999784231185913|NORM=2.1244359231786802e-05
twitteru	O=0.9983763694763184|NORM=0.001617307192645967
tipa	O=0.999923586845398|NORM=7.610020838910714e-05
:	O=0.9999881982803345|NORM=1.1091571650467813e-05
"	O=0.9999929666519165|NORM=6.669076356047299e-06
ušećerena_vagina	O=0.9998065829277039|NORM=0.00019240482652094215
"	O=0.9999802112579346|NORM=1.896220419439487e-05
,	O=0.9999899864196777|NORM=8.872223588696215e-06
"	O=0.9999912977218628|NORM=8.38756841403665e-06
ušlogirani_penis	O=0.9998807907104492|NORM=0.00011879992962349206
"	O=0.9999815225601196|NORM=1.7320369806839153e-05
,	O=0.9999852180480957|NORM=1.3668194696947467e-05
pa	O=0.9999345541000366|NORM=6.507914076792076e-05
follow	O=0.9998786449432373|NORM=0.00012067418720107526
,	O=0.9999868869781494|NORM=1.1890021596627776e-05
pa	O=0.9999549388885498|NORM=4.470428393688053e-05
mi	O=0.999977707862854|NORM=2.1957170247333124e-05
kažu	O=0.999958872795105|NORM=4.017870742245577e-05
da	O=0.9999805688858032|NORM=1.9176784917362966e-05
imaju	O=0.9999815225601196|NORM=1.7830734577728435e-05
13	O=0.9999529123306274|NORM=4.62997195427306e-05
godina	O=0.9999815225601196|NORM=1.8094953702529892e-05
:	O=0.9999737739562988|NORM=2.5479552277829498e-05
licencu	O=0.9987362027168274|NORM=0.0012580676702782512
molim	O=0.999955415725708|NORM=4.4310290832072496e-05
?	O=0.9999852180480957|NORM=1.3615050193038769e-05

croatian	O=0.9964633584022522|NORM=0.003523578168824315
railways	O=0.9997361302375793|NORM=0.0002574975660536438
,	O=0.9999855756759644|NORM=1.2981495274289045e-05
always	O=0.9999850988388062|NORM=1.434336354577681e-05
and	O=0.9999678134918213|NORM=3.1548188417218626e-05
forever	O=0.9999597072601318|NORM=3.9610407839063555e-05

dvojbe	O=0.9979783892631531|NORM=0.002019613515585661
,	O=0.9999896287918091|NORM=9.32298553379951e-06
uz	O=0.9999390840530396|NORM=6.047672650311142e-05
osmijeh	O=0.9993259906768799|NORM=0.0006733806221745908
vam	O=0.9997487664222717|NORM=0.0002502855204511434
se	O=0.9999470710754395|NORM=5.280493132886477e-05
vracam	O=0.97691810131073|NORM=0.02306085266172886
.	O=0.9999886751174927|NORM=1.0004868272517342e-05

dobila	O=0.9997066855430603|NORM=0.00029154238291084766
sam	O=0.999916672706604|NORM=8.300373156089336e-05
merci	O=0.9438398480415344|NORM=0.056151170283555984
sa	O=0.9998993873596191|NORM=0.00010033859871327877
porukom	O=0.9968740940093994|NORM=0.0031248973682522774
–	O=0.9999531507492065|NORM=4.5630717067979276e-05
'	O=0.9999849796295166|NORM=1.4666346032754518e-05
thank	O=0.9999889135360718|NORM=1.0677446880436037e-05
you	O=0.9999865293502808|NORM=1.3016204320592806e-05
for	O=0.999980092048645|NORM=1.9355495169293135e-05
being	O=0.9991928935050964|NORM=0.000796013860963285
you	O=0.9998475313186646|NORM=0.00015068276843521744
'	O=0.9999196529388428|NORM=7.964165706653148e-05
.	O=0.9999924898147583|NORM=6.477315309894038e-06

uglavnom	O=0.9999592304229736|NORM=4.036356767755933e-05
,	O=0.9999829530715942|NORM=1.5501682355534285e-05
kaže	O=0.9999773502349854|NORM=2.2375304979505017e-05
mi	O=0.9999756813049316|NORM=2.39849050558405e-05
on	O=0.9999352693557739|NORM=6.410390778910369e-05
da	O=0.9999796152114868|NORM=2.011403012147639e-05
kao	O=0.9998819828033447|NORM=0.00011779398482758552
izvođači	O=0.9999192953109741|NORM=8.007619180716574e-05
u	O=0.9999704360961914|NORM=2.9278704460011795e-05
backstageu	O=0.9811123609542847|NORM=0.01884465105831623
nisu	O=0.9999569654464722|NORM=4.260123023414053e-05
dobili	O=0.9999417066574097|NORM=5.7918005040846765e-05
niti	O=0.9992938041687012|NORM=0.0007055854075588286
(	O=0.999981164932251|NORM=1.834367139963433e-05
pazi	O=0.9919849038124084|NORM=0.00801242608577013
sad	O=0.999915599822998|NORM=8.421449456363916e-05
)	O=0.9999325275421143|NORM=6.708851287839934e-05
običnu	O=0.9998613595962524|NORM=0.00013796954590361565
vodu	O=0.9999146461486816|NORM=8.355522732017562e-05
?!?	O=0.9999302625656128|NORM=6.886151095386595e-05

thanks	O=0.9997908473014832|NORM=0.00020802659855689853
,	O=0.9999862909317017|NORM=1.0700936400098726e-05
i	O=0.9999760389328003|NORM=2.366405533393845e-05
actually	O=0.9999678134918213|NORM=3.084619311266579e-05
cried	O=0.9996827840805054|NORM=0.00031561721698381007
#thenational	O=0.9996654987335205|NORM=0.0002895691432058811

:))	O=0.9997777342796326|NORM=0.0002175073022954166

jok	O=0.999923586845398|NORM=7.6053554948885e-05
,	O=0.9999890327453613|NORM=9.770174983714242e-06
evo	O=0.9999691247940063|NORM=3.0767114367336035e-05
držin	NORM=0.999718964099884|O=0.00026837553014047444
sliku	O=0.999607264995575|NORM=0.00039137990097515285
neke	O=0.9999730587005615|NORM=2.6674428227124736e-05
random	O=0.9695363640785217|NORM=0.030459729954600334
ružne	O=0.9999105930328369|NORM=8.894355414668098e-05
žene	O=0.9999443292617798|NORM=5.4249750974122435e-05
koja	O=0.9999872446060181|NORM=1.2405125744407997e-05
liči	O=0.9998916387557983|NORM=0.00010763495083665475
na	O=0.9999672174453735|NORM=3.2496547646587715e-05
me	O=0.999969482421875|NORM=3.014315734617412e-05
.	O=0.9999898672103882|NORM=8.478255949739832e-06

riječka	O=0.9998564720153809|NORM=0.00014306241064332426
se	O=0.9999692440032959|NORM=3.064109114347957e-05
ulica	O=0.9998968839645386|NORM=0.00010276502143824473
nalazi	O=0.9999839067459106|NORM=1.570331551192794e-05
na	O=0.9999797344207764|NORM=1.98931411432568e-05
glavnom	O=0.9995220899581909|NORM=0.00047708203783258796
ulazu	O=0.9992165565490723|NORM=0.0007764592301100492
u	O=0.9999735355377197|NORM=2.623225373099558e-05
grad	O=0.9999630451202393|NORM=3.676094638649374e-05
iz	O=0.9999339580535889|NORM=6.58103235764429e-05
pravca	O=0.9992249011993408|NORM=0.0007740044966340065
mora	O=0.999799907207489|NORM=0.0001995186903513968
,	O=0.999984860420227|NORM=1.420504031557357e-05
pored	O=0.9999444484710693|NORM=5.527949906536378e-05
zloglasnog	O=0.9997608065605164|NORM=0.00023862870875746012
rotora	O=0.9998600482940674|NORM=0.00013874216529075056
,	O=0.999984860420227|NORM=1.369804704154376e-05
a	O=0.9999674558639526|NORM=3.186163303325884e-05
odmah	O=0.9999032020568848|NORM=9.546575165586546e-05
preko	O=0.9995248317718506|NORM=0.0004747436323668808
/	O=0.9802231788635254|NORM=0.01977132260799408
na	O=0.9999229907989502|NORM=7.6729578722734e-05
savi	O=0.9761633276939392|NORM=0.023829465731978416
.	O=0.9999899864196777|NORM=8.55822509038262e-06

http://t.co/bspecntdul	O=0.9999899864196777|NORM=9.726442840474192e-06
#omizio	O=0.9999915361404419|NORM=8.108243491733447e-06

pa	O=0.9998586177825928|NORM=0.00014111699420027435
onda	O=0.9997791647911072|NORM=0.00021875595848541707
why	O=0.9985139966011047|NORM=0.001480216160416603
does	O=0.9999619722366333|NORM=3.751885378733277e-05
my	O=0.999976396560669|NORM=2.1848582036909647e-05
heart	O=0.9999775886535645|NORM=2.1372694391175173e-05
feels	O=0.9999681711196899|NORM=3.14557328238152e-05
so	O=0.9999804496765137|NORM=1.831920053518843e-05
bad	O=0.9999767541885376|NORM=2.2484471628558822e-05
.	O=0.9999895095825195|NORM=8.715837793715764e-06

mislim	O=0.9999574422836304|NORM=4.1475326725048944e-05
stvarno	O=0.999940037727356|NORM=5.907629383727908e-05
koji	O=0.9999701976776123|NORM=2.9516522772610188e-05
kurac	O=0.999152421951294|NORM=0.0008448856533505023
se	O=0.999988317489624|NORM=1.1543756045284681e-05
događa	O=0.9999822378158569|NORM=1.678955595707521e-05
s	O=0.9999853372573853|NORM=1.4397376617125701e-05
hrvatskom	O=0.9999042749404907|NORM=9.374912042403594e-05
poštom	O=0.9997195601463318|NORM=0.0002799907815642655
ništa	O=0.999976634979248|NORM=2.316625432285946e-05
nije	O=0.9999874830245972|NORM=1.2141431398049463e-05
došlo	O=0.9982272982597351|NORM=0.0017719237366691232
od	O=0.9993317723274231|NORM=0.0006660651997663081
prije	O=0.9151780605316162|NORM=0.08481429517269135
krista	O=0.9751651883125305|NORM=0.024807244539260864
naručeno	O=0.9998194575309753|NORM=0.00017946239677257836

došao	O=0.9998601675033569|NORM=0.00013922888319939375
bračanin	O=0.9981504082679749|NORM=0.001848059007897973
u	O=0.9999808073043823|NORM=1.892505315481685e-05
konobu	O=0.999407172203064|NORM=0.0005913618952035904
i	O=0.9999833106994629|NORM=1.644242729526013e-05
pita	O=0.9999697208404541|NORM=2.9776621886412613e-05
čovjeka	O=0.9999663829803467|NORM=3.3244446967728436e-05
za	O=0.9999822378158569|NORM=1.7430593288736418e-05
stolom	O=0.9999310970306396|NORM=6.868002674309537e-05
:	O=0.9999643564224243|NORM=3.322326665511355e-05
-	O=0.9999139308929443|NORM=8.226541831390932e-05
jes'	NORM=0.9983319640159607|O=0.0016530033899471164
ti	O=0.9997021555900574|NORM=0.0002971086651086807
spasija	NORM=0.979386031627655|O=0.02060564234852791
mog	O=0.9999353885650635|NORM=6.395326636265963e-05
malog	O=0.9999042749404907|NORM=9.501888416707516e-05
jučer	O=0.9998792409896851|NORM=0.00011965228623012081
iz	O=0.9999388456344604|NORM=6.0754711739718914e-05
mora	O=0.9997052550315857|NORM=0.00029280586750246584
?	O=0.9999836683273315|NORM=1.3774402759736404e-05

krivo	O=0.9999014139175415|NORM=9.807719470700249e-05
sprženi	O=0.9984109401702881|NORM=0.0015797403175383806
cd-i	O=0.8903564214706421|NORM=0.10963766276836395
na	O=0.9999762773513794|NORM=2.3409455025102943e-05
prljavim	O=0.9965131878852844|NORM=0.0034862172324210405
kutijama	O=0.999891996383667|NORM=0.00010743613529484719
od	O=0.9984690546989441|NORM=0.0015289043076336384
pizze	O=0.9657073020935059|NORM=0.03428822010755539
i	O=0.9999513626098633|NORM=4.82679097331129e-05
barbie	O=0.9841654300689697|NORM=0.015827592462301254
explorer	O=0.9987078905105591|NORM=0.0012876061955466866
4	O=0.9996612071990967|NORM=0.00033756892662495375
odrasla	O=0.9996883869171143|NORM=0.0003112236736342311
muškarca	O=0.99154132604599|NORM=0.008433072827756405
u	O=0.999964714050293|NORM=3.4709653846221045e-05
4	O=0.999930739402771|NORM=6.877903797430918e-05
ujutro	O=0.9999542236328125|NORM=4.546080162981525e-05
.	O=0.9999831914901733|NORM=1.577536568220239e-05

..	O=0.9999747276306152|NORM=2.449669409543276e-05
apsolutno	O=0.9997556805610657|NORM=0.00024353503249585629
ogrocena	NORM=0.9980003237724304|O=0.0019882055930793285
kolicinom	NORM=0.9895551204681396|O=0.010423206724226475
neprofesioanlnosti	NORM=0.9884620904922485|O=0.01152899768203497
,	O=0.9999589920043945|NORM=4.0481208998244256e-05
neljubaznosti	O=0.990455687046051|NORM=0.009542092680931091
,	O=0.9999467134475708|NORM=5.245322245173156e-05
nepristupacnosti	NORM=0.99595046043396|O=0.004041966982185841
itd.	O=0.999416708946228|NORM=0.0005812605377286673
da	O=0.9999390840530396|NORM=6.062623288016766e-05
ne	O=0.9999823570251465|NORM=1.7297654267167673e-05
nabrajam	O=0.9997889399528503|NORM=0.00021018872212152928
dalje	O=0.9999639987945557|NORM=3.5503173421602696e-05
.	O=0.999984622001648|NORM=1.4359643500938546e-05

boli	O=0.9999490976333618|NORM=5.012279507354833e-05
me	O=0.999981164932251|NORM=1.8689848729991354e-05
kurac	O=0.9996545314788818|NORM=0.00034321515704505146
padni	O=0.999560534954071|NORM=0.0004392022092361003
ako	O=0.99997878074646|NORM=2.1085517801111564e-05
treba	O=0.9999794960021973|NORM=2.036856130871456e-05
,	O=0.9999887943267822|NORM=9.8797800092143e-06
ako	O=0.9999721050262451|NORM=2.756405774562154e-05
sam	O=0.9998301267623901|NORM=0.00016961889923550189
ja	O=0.9999216794967651|NORM=7.813970296410844e-05
uspjela	O=0.9998801946640015|NORM=0.0001193237621919252
ispraviti	O=0.999863862991333|NORM=0.00013575406046584249
cijelu	O=0.999971866607666|NORM=2.768822196230758e-05
godinu	O=0.999962329864502|NORM=3.670588557724841e-05
u	O=0.9999579191207886|NORM=4.187893136986531e-05
dva	O=0.9996626377105713|NORM=0.0003336227673571557
mjeseca	O=0.9999626874923706|NORM=3.7151574360905215e-05
mogla	O=0.9987785220146179|NORM=0.0012205243110656738
si	O=0.9975190162658691|NORM=0.002480538096278906
i	O=0.9999605417251587|NORM=3.913101681973785e-05
ti	O=0.9996885061264038|NORM=0.00031108720577321947
#losersaintgonnaenjoysummer	O=0.9999539852142334|NORM=4.5521439460571855e-05

denzel	O=0.9386194348335266|NORM=0.06135718151926994
wash.	O=0.9987621307373047|NORM=0.0012342389672994614
razvalio	O=0.9994736313819885|NORM=0.0005254606367088854
kao	O=0.9999427795410156|NORM=5.7063538406509906e-05
razvaljeni	O=0.9994891881942749|NORM=0.0005104606389068067
pilot	O=0.9964424967765808|NORM=0.003555373754352331
koji	O=0.9999109506607056|NORM=8.855221676640213e-05
spasi	O=0.9973887801170349|NORM=0.0026067590806633234
avion	O=0.9993208646774292|NORM=0.0006774254725314677
od	O=0.9999165534973145|NORM=8.31235884106718e-05
rusenja	NORM=0.7738013863563538|O=0.22618182003498077
i	O=0.9999188184738159|NORM=8.091859490377828e-05
nadrapa	O=0.6751847267150879|NORM=0.3247111737728119
.	O=0.9999860525131226|NORM=1.3259966181067284e-05

@hvo102	O=0.99998939037323|NORM=1.0082219887408428e-05
nema	O=0.9999887943267822|NORM=1.0862048839044292e-05
veze	O=0.9999533891677856|NORM=4.581648681778461e-05
i	O=0.9999719858169556|NORM=2.7574493287829682e-05
tmurni	O=0.999923586845398|NORM=7.599141827085987e-05
dan	O=0.9999186992645264|NORM=8.075061487033963e-05
su	O=0.9960810542106628|NORM=0.00391636835411191
ljepi	NORM=0.9529932737350464|O=0.046913351863622665
u	O=0.9999526739120483|NORM=4.687613181886263e-05
slavoniji	O=0.9998910427093506|NORM=0.00010809552622959018
;)	O=0.9999402761459351|NORM=5.626551865134388e-05

moja	O=0.9999884366989136|NORM=1.1312375136185437e-05
sestra	O=0.9998626708984375|NORM=0.00013606210995931178
je	O=0.9999433755874634|NORM=5.6255445088027045e-05
moja	O=0.9995967745780945|NORM=0.00040214345790445805
zraka	O=0.944360077381134|NORM=0.055632345378398895
sunca	O=0.9996064305305481|NORM=0.0003917007416021079
.	O=0.999993085861206|NORM=5.705712737835711e-06

pozivamo	O=0.9999786615371704|NORM=2.0794477677554823e-05
naše	O=0.9999544620513916|NORM=4.419263495947234e-05
volontere	O=0.999970555305481|NORM=2.8771448342013173e-05
i	O=0.9999837875366211|NORM=1.588041959621478e-05
članove	O=0.9999668598175049|NORM=3.256357376812957e-05
te	O=0.9999815225601196|NORM=1.7860042134998366e-05
sve	O=0.9999921321868896|NORM=7.610015472891973e-06
one	O=0.9999805688858032|NORM=1.8991400793311186e-05
zainteresirane	O=0.9999715089797974|NORM=2.7957874408457428e-05
na	O=0.9999843835830688|NORM=1.5364297723863274e-05
druženje	O=0.999935507774353|NORM=6.223180389497429e-05
u	O=0.9999802112579346|NORM=1.9376459022169e-05
petak	O=0.9999510049819946|NORM=4.8526868340559304e-05
14.	O=0.9998985528945923|NORM=0.00010009316611103714
studenog	O=0.999915361404419|NORM=8.233931293943897e-05
od	O=0.9999802112579346|NORM=1.9337159756105393e-05
17	O=0.9997748732566833|NORM=0.00022053488646633923
sati	O=0.999971866607666|NORM=2.7346650313120335e-05
u	O=0.9999860525131226|NORM=1.3734086678596213e-05
prostoru	O=0.9999589920043945|NORM=4.0478196751791984e-05
udruge	O=0.9999493360519409|NORM=4.8155536205740646e-05
.	O=0.9999856948852539|NORM=1.2134163625887595e-05

ako	O=0.9999867677688599|NORM=1.3028255125391297e-05
vas	O=0.9998200535774231|NORM=0.0001791519607650116
štucanje	O=0.977679431438446|NORM=0.022318070754408836
uhvati	O=0.9996782541275024|NORM=0.00032005441607907414
na	O=0.9999597072601318|NORM=3.97626354242675e-05
javnom	O=0.9998406171798706|NORM=0.00015905406326055527
mjestu	O=0.9999723434448242|NORM=2.7376907382858917e-05
,	O=0.9999856948852539|NORM=1.3092535482428502e-05
policija	O=0.9998725652694702|NORM=0.000126817831187509
će	O=0.9999679327011108|NORM=3.194623423041776e-05
imati	O=0.9999651908874512|NORM=3.4521206544013694e-05
razumijevanja	O=0.999956488609314|NORM=4.324918700149283e-05

ovdje	O=0.9999773502349854|NORM=2.2356025510816835e-05
lik	O=0.9997673630714417|NORM=0.00023203468299470842
spominje	O=0.9999817609786987|NORM=1.7911796021508053e-05
to	O=0.9999778270721436|NORM=2.0414927348610945e-05
,	O=0.9999896287918091|NORM=8.569190868001897e-06
pa	O=0.9999659061431885|NORM=3.3954573154915124e-05
mi	O=0.9999481439590454|NORM=5.15742831339594e-05
je	O=0.9999834299087524|NORM=1.6325149772455916e-05
funny	O=0.9997839331626892|NORM=0.00021398806711658835
!	O=0.9999897480010986|NORM=8.344693924300373e-06

al	NORM=0.9995111227035522|O=0.0004686354659497738
kome	O=0.9980971217155457|NORM=0.0019022756023332477
on	O=0.9999666213989258|NORM=3.2937616197159514e-05
sere	O=0.7890833616256714|NORM=0.2108880877494812
,	O=0.9999781847000122|NORM=2.10272100957809e-05
kao	O=0.9854853749275208|NORM=0.014512521214783192
začarale	O=0.6935478448867798|NORM=0.3064367175102234
ga	O=0.9999192953109741|NORM=8.016529318410903e-05
,	O=0.9999819993972778|NORM=1.7268162991967984e-05
pa	O=0.9999667406082153|NORM=3.294619818916544e-05
sad	O=0.9999629259109497|NORM=3.656635817606002e-05
mora	O=0.9998877048492432|NORM=0.00011202482710359618
oduzet	NORM=0.907959520816803|O=0.09202506393194199
nevinost	O=0.9998548030853271|NORM=0.00014459028898272663
ovoj	O=0.9999305009841919|NORM=6.903083703946322e-05
sisatoj	O=0.9925230145454407|NORM=0.0074753593653440475
prepički	O=0.9970555305480957|NORM=0.0029314381536096334
.	O=0.9999892711639404|NORM=9.80448839982273e-06

naravno	O=0.9999691247940063|NORM=3.0509259886457585e-05
da	O=0.999954342842102|NORM=4.534044273896143e-05
je	O=0.9999735355377197|NORM=2.635673627082724e-05
stih	O=0.9960951209068298|NORM=0.00390037358738482
'	O=0.9998397827148438|NORM=0.00015787637676112354
i'm	O=0.9999812841415405|NORM=1.8077149434247985e-05
too	O=0.9999555349349976|NORM=4.335321136750281e-05
busy	O=0.9999433755874634|NORM=5.561298894463107e-05
being	O=0.9998737573623657|NORM=0.00012246317055542022
yours	O=0.9990066885948181|NORM=0.0009814706863835454
to	O=0.9999715089797974|NORM=2.595234036562033e-05
fall	O=0.9996302127838135|NORM=0.0003674142062664032
for	O=0.9999630451202393|NORM=3.411735451663844e-05
somebody	O=0.9999639987945557|NORM=3.428399213589728e-05
new	O=0.9999762773513794|NORM=2.2578684365726076e-05
'	O=0.9994327425956726|NORM=0.0005659021553583443
imao	O=0.9998249411582947|NORM=0.00017391500296071172
veze	O=0.9998670816421509|NORM=0.000132296365336515
s	O=0.9999785423278809|NORM=2.1151892724446952e-05
njim	O=0.9999483823776245|NORM=5.0311300583416596e-05
.	O=0.9999898672103882|NORM=7.798343176546041e-06

@utikejt	O=0.9999916553497314|NORM=7.734822247584816e-06
a	O=0.9999419450759888|NORM=5.695644358638674e-05
viđe	O=0.9993684887886047|NORM=0.0006301615503616631
link	O=0.9998001456260681|NORM=0.00019827877986244857
,	O=0.9999768733978271|NORM=2.1071928131277673e-05
meta	O=0.9997376799583435|NORM=0.0002612739917822182
picture	O=0.9998989105224609|NORM=0.00010000189649872482
.	O=0.9999924898147583|NORM=6.120381840446498e-06

to	O=0.9999810457229614|NORM=1.8155862562707625e-05
kad	O=0.9999805688858032|NORM=1.919863461807836e-05
udre	NORM=0.9992783665657043|O=0.0007097438210621476
u	O=0.9999663829803467|NORM=3.331665357109159e-05
dvi	O=0.7367457151412964|NORM=0.26319313049316406
u	O=0.9999791383743286|NORM=2.051985211437568e-05
noći	O=0.9998190999031067|NORM=0.00018004192679654807
polivat	NORM=0.9996157884597778|O=0.00037569893174804747
more	O=0.9997208714485168|NORM=0.0002782972587738186
pa	O=0.99991774559021|NORM=8.186338527593762e-05
cilo	O=0.9229180812835693|NORM=0.07707121968269348
susidstvo	NORM=0.9727186560630798|O=0.02727033756673336
na	O=0.999889612197876|NORM=0.00011017492215614766
noge	O=0.9998540878295898|NORM=0.0001452131400583312
i	O=0.9999852180480957|NORM=1.4576355169992894e-05
velika	O=0.9999631643295288|NORM=3.653785461210646e-05
seoba	O=0.7408378720283508|NORM=0.2591162323951721
kompletnog	O=0.9999301433563232|NORM=6.96674978826195e-05
voznog	O=0.9998490810394287|NORM=0.00015073201211635023
parka	O=0.9998965263366699|NORM=0.00010304486932000145
ća	NORM=0.664018452167511|O=0.3359633684158325
,	O=0.9999661445617676|NORM=3.2963871490210295e-05
to	O=0.9991682767868042|NORM=0.0008294988074339926
vi	O=0.9801775217056274|NORM=0.01981523633003235
od	O=0.9370841979980469|NORM=0.06290271133184433
sniga	NORM=0.9754178524017334|O=0.024573279544711113
ne	O=0.9998477697372437|NORM=0.00015177282330114394
morete	NORM=0.9814437627792358|O=0.018547991290688515
kapit	NORM=0.998370349407196|O=0.0016179012600332499
.	O=0.9999812841415405|NORM=1.75515469891252e-05

kad	O=0.9999698400497437|NORM=2.875083009712398e-05
smo	O=0.9999327659606934|NORM=6.67542262817733e-05
kod	O=0.9998471736907959|NORM=0.00015162286581471562
frezanja	NORM=0.8873118162155151|O=0.11268087476491928
vrtla	NORM=0.8000708222389221|O=0.1999068260192871
.	O=0.9999843835830688|NORM=1.3319867321115453e-05

a	O=0.9999861717224121|NORM=1.3359608601604123e-05
kad	O=0.9999881982803345|NORM=1.0749132343335077e-05
mi	O=0.9999582767486572|NORM=4.13420821132604e-05
ekipa	O=0.9995157718658447|NORM=0.0004830356047023088
nabraja	O=0.9997647404670715|NORM=0.00023448257707059383
kraljeve	O=0.9988970756530762|NORM=0.0011016149073839188
,	O=0.999967098236084|NORM=3.2279804145218804e-05
princeve	O=0.915799617767334|NORM=0.08418316394090652
i	O=0.9999737739562988|NORM=2.6004599931184202e-05
ministre	O=0.9984655380249023|NORM=0.00153281819075346
koji	O=0.9999610185623169|NORM=3.8474980101455e-05
su	O=0.9998916387557983|NORM=0.00010803963232319802
titu	NORM=0.7759411334991455|O=0.22403046488761902
dosli	NORM=0.9986452460289001|O=0.0013484037481248379
kao	O=0.9994363188743591|NORM=0.0005630078376270831
njegovu	O=0.9998530149459839|NORM=0.00014618060959037393
zaslugu	NORM=0.733794629573822|O=0.2661439776420593
ili	O=0.9997106194496155|NORM=0.0002888788585551083
velicinu	NORM=0.998267412185669|O=0.001722227898426354
ja	O=0.9999849796295166|NORM=1.4767341781407595e-05
pomislim	O=0.9999510049819946|NORM=4.862684363615699e-05
ej	NORM=0.9704959392547607|O=0.029495490714907646
kakav	O=0.9997168183326721|NORM=0.00028269621543586254
bi	O=0.874477744102478|NORM=0.1254967600107193
dernek	O=0.9649962186813354|NORM=0.03497675433754921
1/2	O=0.6842576861381531|NORM=0.3157307505607605

jel	NORM=0.9997727274894714|O=0.00020465502166189253
to	O=0.9998286962509155|NORM=0.00017049572488758713
ka	NORM=0.9988946318626404|O=0.0010940145002678037
više	O=0.9999709129333496|NORM=2.8164373361505568e-05
ne	O=0.9999651908874512|NORM=3.443968671490438e-05
vridi	NORM=0.9789025783538818|O=0.021079694852232933
?	O=0.9999822378158569|NORM=1.4239249139791355e-05

ne	O=0.9999828338623047|NORM=1.6678413885529153e-05
glumi	O=0.9498977661132812|NORM=0.05009642243385315
mi	O=0.9999680519104004|NORM=3.1485495128436014e-05
tu	O=0.9999654293060303|NORM=3.309718886157498e-05
neku	O=0.9999840259552002|NORM=1.5444828022737056e-05
slatkicu	O=0.9993539452552795|NORM=0.0006422697333618999
.	O=0.9999897480010986|NORM=9.274407602788415e-06

jedna	O=0.999981164932251|NORM=1.8524906408856623e-05
naznaka	O=0.9999316930770874|NORM=6.783092976547778e-05
prehlade	O=0.9998733997344971|NORM=0.00012479632277972996
prije	O=0.9999828338623047|NORM=1.688090560492128e-05
puta	O=0.9997969269752502|NORM=0.00020184877212159336
.	O=0.9999904632568359|NORM=8.48451327328803e-06

#e	O=0.9999788999557495|NORM=1.9973269445472397e-05
#izzadrasiako	O=0.999987006187439|NORM=1.2283197975193616e-05

imam	O=0.9999649524688721|NORM=3.4412791137583554e-05
neku	O=0.999981164932251|NORM=1.85197131941095e-05
teoriju	O=0.9999479055404663|NORM=5.166987830307335e-05
da	O=0.9999806880950928|NORM=1.8888196791522205e-05
su	O=0.9999740123748779|NORM=2.5706372980494052e-05
svi	O=0.9999759197235107|NORM=2.3587021132698283e-05
muškarci	O=0.9999626874923706|NORM=3.669322904897854e-05
sa	O=0.9999818801879883|NORM=1.7587464753887616e-05
divnim	O=0.9997928738594055|NORM=0.00020671566016972065
glasom	O=0.9998661279678345|NORM=0.00013297029363457114
i	O=0.9999735355377197|NORM=2.5899951651808806e-05
još	O=0.9999725818634033|NORM=2.6789593903231435e-05
ljepšim	O=0.9965884685516357|NORM=0.003410759149119258
pjesmama	O=0.9997727274894714|NORM=0.00022675422951579094
ružnjikavi	O=0.999478280544281|NORM=0.0005205444758757949
.	O=0.9999896287918091|NORM=9.338825293525588e-06

malo	O=0.9999593496322632|NORM=4.035417805425823e-05
kasnim	O=0.9999085664749146|NORM=9.09357113414444e-05
,	O=0.9999884366989136|NORM=9.931685781339183e-06
ali	O=0.9999823570251465|NORM=1.7401578588760458e-05
evo	O=0.9999828338623047|NORM=1.6906553355511278e-05
napokon	O=0.999875545501709|NORM=0.0001237578981090337
i	O=0.9999709129333496|NORM=2.8881146135972813e-05
mojih	O=0.9997379183769226|NORM=0.0002616163983475417
slideova	O=0.9024994373321533|NORM=0.09748769551515579
sa	O=0.9999649524688721|NORM=3.4409775253152475e-05
ovogodišnjeg	O=0.9998303651809692|NORM=0.00016898554167710245
webcamp-a	O=0.847504734992981|NORM=0.15244990587234497
https://t.co/jmhqbxykpn	O=0.9999905824661255|NORM=9.1066012828378e-06
#wczg	O=0.999992847442627|NORM=6.828563527960796e-06

@francesmute	O=0.9999915361404419|NORM=7.95445612311596e-06
nemoguća	O=0.9999539852142334|NORM=4.5602737372973934e-05
misija	O=0.9999041557312012|NORM=9.526512440061197e-05
traženja	O=0.999377965927124|NORM=0.0006216399488039315
nekih	O=0.9999452829360962|NORM=5.4155258112587035e-05
odjevnih	O=0.9948693513870239|NORM=0.005129076074808836
predmeta	O=0.999768078327179|NORM=0.00023096386576071382
pruža	O=0.9999408721923828|NORM=5.8453715610085055e-05
čovjeku	O=0.9998270869255066|NORM=0.00017098523676395416
više	O=0.99997878074646|NORM=2.0879610019619577e-05
mogućnosti	O=0.999983549118042|NORM=1.6161386156454682e-05
za	O=0.999980092048645|NORM=1.9528484699549153e-05
uspije	O=0.9303591251373291|NORM=0.06963656097650528
od	O=0.9998927116394043|NORM=0.00010698909318307415
traženja	O=0.9998261332511902|NORM=0.00017342859064228833
zdravog	O=0.9999679327011108|NORM=3.1945837690727785e-05
razuma	O=0.999944806098938|NORM=5.455406062537804e-05

;)	O=0.999984860420227|NORM=1.3954262612969615e-05
@marija_perica	O=0.9999904632568359|NORM=9.24010691960575e-06

zasto	NORM=0.997996985912323|O=0.0019863322377204895
bas	NORM=0.9992407560348511|O=0.000677757547236979
kad	O=0.9999243021011353|NORM=7.498155173379928e-05
sam	O=0.9996973276138306|NORM=0.0003018705756403506
ka	NORM=0.998714804649353|O=0.001274352427572012
na	O=0.9999603033065796|NORM=3.935052882297896e-05
brodu	O=0.9992110729217529|NORM=0.0007821617182344198
i	O=0.9999734163284302|NORM=2.636895078467205e-05
kad	O=0.9999188184738159|NORM=8.044002606766298e-05
se	O=0.9970905780792236|NORM=0.002907097339630127
bojin	NORM=0.5215970277786255|O=0.47832822799682617
??!	O=0.9999692440032959|NORM=2.9945907954243012e-05

reenactment	O=0.9794712662696838|NORM=0.02052290365099907
i	O=0.999969482421875|NORM=3.034451037819963e-05
turnire	O=0.9999161958694458|NORM=8.323785732500255e-05
,	O=0.9999849796295166|NORM=1.3007672350795474e-05
odnosno	O=0.9983783960342407|NORM=0.001619907678104937
"	O=0.9999828338623047|NORM=1.671408062975388e-05
mogla	O=0.9982329607009888|NORM=0.001764838001690805
sam	O=0.9996161460876465|NORM=0.0003833297814708203
nać	NORM=0.9985535740852356|O=0.001432906137779355
manje	O=0.9987354874610901|NORM=0.001263424288481474
aktivni	O=0.999798595905304|NORM=0.0002011120377574116
hobby	O=0.9996318817138672|NORM=0.00036153977271169424
"	O=0.9999585151672363|NORM=3.996380837634206e-05
.	O=0.9999897480010986|NORM=8.773366062087007e-06

vidim	O=0.9998739957809448|NORM=0.00012442398292478174
sve	O=0.9999786615371704|NORM=2.095045601890888e-05
divno	O=0.999944806098938|NORM=5.4832544265082106e-05
,	O=0.9999898672103882|NORM=9.455400686420035e-06
krasno	O=0.9999651908874512|NORM=3.440961518208496e-05
,	O=0.9999880790710449|NORM=1.0860974725801498e-05
ali	O=0.9999657869338989|NORM=3.390754864085466e-05
komjuniti	O=0.9299926161766052|NORM=0.06999116390943527
meneđment	NORM=0.6980850696563721|O=0.3018666207790375
im	O=0.999803364276886|NORM=0.00019594081095419824
je	O=0.9999697208404541|NORM=2.993584166688379e-05
banana	O=0.9827996492385864|NORM=0.017194708809256554
pa	O=0.99992835521698|NORM=7.14692723704502e-05
me	O=0.999794065952301|NORM=0.00020551704801619053
struh	O=0.9992735981941223|NORM=0.0007254531956277788
!	O=0.999984622001648|NORM=1.3630074136017356e-05

zašto	O=0.9993854761123657|NORM=0.0006123151397332549
mi	O=0.9999527931213379|NORM=4.6682340325787663e-05
skype	O=0.9678618907928467|NORM=0.032133325934410095
app	O=0.9988695979118347|NORM=0.001117587205953896
na	O=0.9999768733978271|NORM=2.2637579604634084e-05
iphoneu	O=0.860296905040741|NORM=0.13967537879943848
ne	O=0.9999687671661377|NORM=3.055898559978232e-05
pokupi	O=0.9974773526191711|NORM=0.0025204054545611143
kontakte	O=0.9486793279647827|NORM=0.05130347982048988
sa	O=0.9999194145202637|NORM=7.979840302141383e-05
skypea	O=0.8745255470275879|NORM=0.12544548511505127
?	O=0.9999653100967407|NORM=2.9621052817674354e-05

i	O=0.9999663829803467|NORM=3.322051634313539e-05
tako	O=0.9999157190322876|NORM=8.41096043586731e-05
,	O=0.9999797344207764|NORM=1.9391702153370716e-05
ja	O=0.9997873902320862|NORM=0.00021234623272903264
počela	O=0.9998296499252319|NORM=0.00016991380834951997
gledat	NORM=0.9997952580451965|O=0.00018161760817747563
ljubavne	O=0.9995284080505371|NORM=0.0004712252120953053
filmiće	O=0.8929367065429688|NORM=0.10705087333917618
.	O=0.9999878406524658|NORM=1.0669891707948409e-05

love	O=0.9999872446060181|NORM=1.2154763680882752e-05
it	O=0.9999762773513794|NORM=2.230269819847308e-05
:)	O=0.9999699592590332|NORM=2.4412618586211465e-05

iskoristili	O=0.9998704195022583|NORM=0.00012886920012533665
zabunu	O=0.9999058246612549|NORM=9.288982982980087e-05
i	O=0.9999815225601196|NORM=1.8295964764547534e-05
uzeli	O=0.999832272529602|NORM=0.0001670159981586039
lovu	O=0.9988712668418884|NORM=0.0011257842415943742
.	O=0.9999896287918091|NORM=8.622433597338386e-06

osnivač	O=0.9999628067016602|NORM=3.6864079447695985e-05
applea	O=0.9991346001625061|NORM=0.0008637969149276614
tvrdi	O=0.9998639822006226|NORM=0.00013386983482632786
:	O=0.9999866485595703|NORM=1.2518530638772063e-05
iphone	O=0.9999510049819946|NORM=4.861655179411173e-05
bi	O=0.999819815158844|NORM=0.00017995244706980884
trebao	O=0.9999537467956543|NORM=4.591859760694206e-05
raditi	O=0.9999545812606812|NORM=4.478372648009099e-05
na	O=0.9999809265136719|NORM=1.8766946595860645e-05
androidu	O=0.9979981780052185|NORM=0.0019911746494472027
!	O=0.9999876022338867|NORM=1.1029784218408167e-05

ja	O=0.9999754428863525|NORM=2.4411401682300493e-05
znam	O=0.99992835521698|NORM=7.115290645742789e-05
tipa	O=0.9999278783798218|NORM=7.155497587518767e-05
koji	O=0.9999737739562988|NORM=2.5871864636428654e-05
je	O=0.9999791383743286|NORM=2.063650026684627e-05
dobio	O=0.9999780654907227|NORM=2.159084215236362e-05
kaznu	O=0.9999114274978638|NORM=8.787076512817293e-05
za	O=0.9999791383743286|NORM=2.0573914298438467e-05
mokrenje	O=0.9994491934776306|NORM=0.0005501759005710483
na	O=0.9999709129333496|NORM=2.8597723940038122e-05
javnom	O=0.9998165965080261|NORM=0.00018313185137230903
mjestu	O=0.9999570846557617|NORM=4.221520430292003e-05
.	O=0.9999911785125732|NORM=7.773242941766512e-06

silicon	O=0.9894540309906006|NORM=0.010543867945671082
valley	O=0.999954104423523|NORM=4.568501753965393e-05
ep03	O=0.8779419660568237|NORM=0.12201972305774689
.	O=0.999988317489624|NORM=1.0707225555961486e-05

ma	O=0.9993233680725098|NORM=0.0006755713257007301
mrs	O=0.8716751933097839|NORM=0.12831203639507294
u	O=0.9996032118797302|NORM=0.00039615121204406023
pm	O=0.9984682202339172|NORM=0.0015306107234209776

:d	O=0.999964714050293|NORM=3.199500497430563e-05

sheram	O=0.9976245760917664|NORM=0.002373551018536091
moj	O=0.9999489784240723|NORM=5.0545058911666274e-05
fb	O=0.9995250701904297|NORM=0.00047398623428307474
https://t.co/kh0j63wt9y	O=0.9999873638153076|NORM=1.2327067452133633e-05
#politikahr	O=0.9999884366989136|NORM=1.1224074114579707e-05
#ee	O=0.9999841451644897|NORM=1.5260904547176324e-05
#oie	O=0.9999864101409912|NORM=1.3149379810784012e-05

mazla	O=0.9149206280708313|NORM=0.08507056534290314
je	O=0.9999523162841797|NORM=4.745622936752625e-05
pogledao	O=0.9999494552612305|NORM=4.9797294195741415e-05
neki	O=0.9999748468399048|NORM=2.4738439606153406e-05
kineski	O=0.9999397993087769|NORM=5.983909795759246e-05
film	O=0.9998016953468323|NORM=0.00019353510288055986
,	O=0.9999889135360718|NORM=1.058561792888213e-05
pohvalio	O=0.9997567534446716|NORM=0.00024228758411481977
ga	O=0.9999676942825317|NORM=3.134793587378226e-05
i	O=0.9999816417694092|NORM=1.8067350538331084e-05
dodao	O=0.9999115467071533|NORM=8.780142525210977e-05
:	O=0.9999774694442749|NORM=2.1351666873670183e-05
"	O=0.9999934434890747|NORM=5.8482355598243885e-06
ne	O=0.9999850988388062|NORM=1.4269822713686153e-05
preporučam	O=0.9999454021453857|NORM=5.425048220786266e-05
ljubiteljima	O=0.9999082088470459|NORM=9.14155607460998e-05
hollywooda	O=0.9996080994606018|NORM=0.00038940980448387563
,	O=0.99998939037323|NORM=9.201213288179133e-06
nema	O=0.9999858140945435|NORM=1.3879289326723665e-05
tu	O=0.9999628067016602|NORM=3.692618338391185e-05
niš	NORM=0.7855907678604126|O=0.214391827583313
za	O=0.9999853372573853|NORM=1.4304393516795244e-05
vas	O=0.9998639822006226|NORM=0.0001349964877590537
"	O=0.9999758005142212|NORM=2.3239190340973437e-05
.	O=0.9999905824661255|NORM=7.593648660986219e-06

"	O=0.9999934434890747|NORM=4.956440989190014e-06
it	O=0.9999370574951172|NORM=6.169456901261583e-05
is	O=0.9999837875366211|NORM=1.5911724403849803e-05
my	O=0.9998817443847656|NORM=0.00011505154543556273
business	O=0.9999021291732788|NORM=9.5430325018242e-05
to	O=0.9999821186065674|NORM=1.716227052384056e-05
know	O=0.9999366998672485|NORM=6.145578663563356e-05
what	O=0.9999611377716064|NORM=3.804933658102527e-05
other	O=0.9999854564666748|NORM=1.391538626194233e-05
people	O=0.9999854564666748|NORM=1.3257049431558698e-05
don't	O=0.9999804496765137|NORM=1.9079281628364697e-05
know	O=0.9999805688858032|NORM=1.83279062184738e-05
"	O=0.9999873638153076|NORM=1.0560916962276679e-05

jebeš	O=0.9991582632064819|NORM=0.0008410334121435881
sve	O=0.9999860525131226|NORM=1.3780124390905257e-05
ako	O=0.9999845027923584|NORM=1.5218312000797596e-05
smo	O=0.9999759197235107|NORM=2.3703805709374137e-05
šnje	O=0.8418696522712708|NORM=0.1581185758113861
i	O=0.9999618530273438|NORM=3.789527909248136e-05
kukavice	O=0.9996923208236694|NORM=0.00030723109375685453
,	O=0.9999927282333374|NORM=6.804684744565748e-06
ako	O=0.9999855756759644|NORM=1.3930964087194297e-05
dopuštamo	O=0.999911904335022|NORM=8.759628690313548e-05
da	O=0.9999687671661377|NORM=3.088984885835089e-05
nas	O=0.999980092048645|NORM=1.962214446393773e-05
bijeda	O=0.9999696016311646|NORM=3.0172241167747416e-05
vodi	O=0.9996192455291748|NORM=0.0003771134652197361
,	O=0.9999865293502808|NORM=1.3087103070574813e-05
moralna	O=0.9998692274093628|NORM=0.00013004425272811204
bijeda	O=0.9999322891235352|NORM=6.66268024360761e-05
..	O=0.9999121427536011|NORM=8.740081102587283e-05
koja	O=0.9998948574066162|NORM=0.00010445362568134442
nas	O=0.9999797344207764|NORM=2.001577195187565e-05
ponižava	O=0.9999492168426514|NORM=4.9686990678310394e-05

@modestyblaise7	O=0.9999933242797852|NORM=6.221769126568688e-06
@mixerhr	O=0.9999914169311523|NORM=8.359818821190856e-06
još	O=0.9999059438705444|NORM=9.327402949566022e-05
da	O=0.9999606609344482|NORM=3.8782385672675446e-05
se	O=0.9999771118164062|NORM=2.277578278153669e-05
ne	O=0.999980092048645|NORM=1.945980875461828e-05
kuži	O=0.9998212456703186|NORM=0.00017811775614973158
kada	O=0.9999779462814331|NORM=2.1403968275990337e-05
te	O=0.99993896484375|NORM=6.0539441619766876e-05
neko	NORM=0.9735314249992371|O=0.026452654972672462
zalije	O=0.9953702092170715|NORM=0.004628243390470743
pifom	O=0.9398518204689026|NORM=0.060117125511169434
u	O=0.9999804496765137|NORM=1.9192299077985808e-05
gužvi	O=0.9998987913131714|NORM=0.00010068801930174232
...	O=0.9999877214431763|NORM=1.15403800009517e-05

help	O=0.9998248219490051|NORM=0.00017358854529447854
.	O=0.9999908208847046|NORM=7.349638053710805e-06

žena	O=0.99972003698349|NORM=0.000279233354376629
koje	O=0.9999775886535645|NORM=2.1985933926771395e-05
su	O=0.9999759197235107|NORM=2.3641609004698694e-05
pristale	O=0.9997884631156921|NORM=0.00020984570437576622
muškarcu	O=0.9986557960510254|NORM=0.00133823964279145
bilo	O=0.9999589920043945|NORM=4.0289407479576766e-05
je	O=0.9999860525131226|NORM=1.3809855772706214e-05
naravno	O=0.9999527931213379|NORM=4.6530418330803514e-05
0.	O=0.9999853372573853|NORM=1.267152856598841e-05

sad	O=0.9999693632125854|NORM=3.0028128094272688e-05
su	O=0.9999762773513794|NORM=2.3379179765470326e-05
morali	O=0.9999164342880249|NORM=8.287312812171876e-05
platiti	O=0.9999622106552124|NORM=3.7396552215795964e-05
ljetovanje	O=0.9999666213989258|NORM=3.2802603527670726e-05

#kataklizma	O=0.9999903440475464|NORM=9.137020242633298e-06
#dand	O=0.9999920129776001|NORM=7.611843557242537e-06
#umrijetćemosvi	O=0.9999736547470093|NORM=2.610722185636405e-05
#oluja	O=0.999982476234436|NORM=1.713114215817768e-05
#tornado	O=0.9999921321868896|NORM=7.156820174714085e-06
#pijavica	O=0.9999901056289673|NORM=9.399086593475658e-06

i	O=0.9999796152114868|NORM=2.006129034270998e-05
njegova	O=0.999721348285675|NORM=0.0002770929131656885
.	O=0.9999896287918091|NORM=8.280544534500223e-06

no	O=0.9998055100440979|NORM=0.00019332868396304548
to	O=0.9999688863754272|NORM=2.9256136258482002e-05
ne	O=0.9999779462814331|NORM=2.165084151783958e-05
znaci	NORM=0.9996365308761597|O=0.0003480567829683423
da	O=0.9995560050010681|NORM=0.00044337031431496143
sam	O=0.9996106028556824|NORM=0.00038878570194356143
izasao	NORM=0.9716566205024719|O=0.028319882228970528
van	O=0.9791907668113708|NORM=0.020807480439543724
.	O=0.9999852180480957|NORM=1.3036412383371498e-05

#bnppo14	O=0.9999841451644897|NORM=1.4247943909140304e-05
#indianwells	O=0.9999896287918091|NORM=9.698300345917232e-06
#gulbis	O=0.99997878074646|NORM=2.01725670194719e-05
#dimitrov	O=0.9999873638153076|NORM=1.1680531315505505e-05
#tennis	O=0.999883770942688|NORM=0.00011296923912595958
#atp	O=0.9999829530715942|NORM=1.555814014864154e-05

ne	O=0.9999794960021973|NORM=2.0103556380490772e-05
vjerujem	O=0.9999524354934692|NORM=4.652583447750658e-05
...	O=0.9999886751174927|NORM=9.883303391688969e-06

nakon	O=0.9999792575836182|NORM=2.050698094535619e-05
vartometa	O=0.9404553771018982|NORM=0.05953575670719147
i	O=0.9999657869338989|NORM=3.3950131182791665e-05
topova	O=0.9999308586120605|NORM=6.897262210259214e-05
sinoć	O=0.9999459981918335|NORM=5.337379843695089e-05
,	O=0.999985933303833|NORM=1.3156034583516885e-05
iskašljavam	O=0.9998558759689331|NORM=0.00014346111856866628
i	O=0.9999736547470093|NORM=2.6219651772407815e-05
ispuhujem	O=0.9999384880065918|NORM=6.127196684246883e-05
barut	O=0.9694241881370544|NORM=0.03051743656396866
(	O=0.999971866607666|NORM=2.7096135454485193e-05
ili	O=0.9999508857727051|NORM=4.873170837527141e-05
štoveć	O=0.9756482243537903|NORM=0.024347275495529175
)	O=0.9999024868011475|NORM=9.500783926341683e-05
.	O=0.9999915361404419|NORM=7.508709131798241e-06

#kckzg	O=0.9999673366546631|NORM=3.0238599720178172e-05

život	O=0.9999827146530151|NORM=1.6991558368317783e-05
mi	O=0.9999842643737793|NORM=1.5419902410940267e-05
je	O=0.9999878406524658|NORM=1.1898732736881357e-05
ovih	O=0.9999805688858032|NORM=1.882440847111866e-05
dana	O=0.9999898672103882|NORM=9.34434137889184e-06
i	O=0.9999781847000122|NORM=2.153713103325572e-05
težak	O=0.9998563528060913|NORM=0.00014308792015071958
i	O=0.9999781847000122|NORM=2.155444963136688e-05
prekrasan	O=0.9997547268867493|NORM=0.0002444688288960606
i	O=0.999974250793457|NORM=2.5436809664824978e-05
umorna	O=0.9972654581069946|NORM=0.002731438959017396
sam	O=0.9999432563781738|NORM=5.6350963859586045e-05
i	O=0.999984622001648|NORM=1.5025315406091977e-05
smijem	O=0.999927282333374|NORM=7.189242023741826e-05
se	O=0.999971866607666|NORM=2.7927879273192957e-05
puno	O=0.9999521970748901|NORM=4.690387868322432e-05
i	O=0.9999814033508301|NORM=1.833986425481271e-05
puno	O=0.9999505281448364|NORM=4.8944028094410896e-05
se	O=0.9999723434448242|NORM=2.752077671175357e-05
ljutim	O=0.9990189075469971|NORM=0.0009798328392207623
i	O=0.9999833106994629|NORM=1.6323965610354207e-05
tako	O=0.9992690682411194|NORM=0.0007305754697881639
sam	O=0.9999674558639526|NORM=3.235841722926125e-05
jako	O=0.9999538660049438|NORM=4.574704507831484e-05
živa	O=0.9999319314956665|NORM=6.761425902368501e-05

ali	O=0.9999810457229614|NORM=1.842704114096705e-05
nema	O=0.9999896287918091|NORM=1.0069078598462511e-05
ih	O=0.9999819993972778|NORM=1.7635382391745225e-05
kod	O=0.9999864101409912|NORM=1.3349334039958194e-05
nas	O=0.9999773502349854|NORM=2.211519495176617e-05
još	O=0.9999874830245972|NORM=1.203767806146061e-05
toliko	O=0.9999836683273315|NORM=1.6008541933842935e-05
ovdje	O=0.9999741315841675|NORM=2.51613964792341e-05
u	O=0.9999831914901733|NORM=1.6558684365008958e-05
zaljevu	O=0.9998192191123962|NORM=0.00017963153368327767
:d	O=0.9999721050262451|NORM=2.644741653057281e-05

nisam	O=0.9999701976776123|NORM=2.8962189389858395e-05
ga	O=0.999887228012085|NORM=0.00011098584218416363
citao	NORM=0.8648861050605774|O=0.13508784770965576
neke	O=0.9999099969863892|NORM=8.863815310178325e-05
3	O=0.9998283386230469|NORM=0.00016656186198815703
godine	O=0.9998595714569092|NORM=0.0001364166528219357
.	O=0.9999856948852539|NORM=1.1500694199639838e-05

uh	O=0.9999589920043945|NORM=4.071047806064598e-05
što	O=0.9999607801437378|NORM=3.860659126075916e-05
je	O=0.999987006187439|NORM=1.2748652807204053e-05
mudra	O=0.9999620914459229|NORM=3.734297933988273e-05
ta	O=0.9999692440032959|NORM=2.8559898055391386e-05
mama	O=0.9999704360961914|NORM=2.8895899959024973e-05
!	O=0.9999897480010986|NORM=7.850561814848334e-06

mnoge	O=0.9999845027923584|NORM=1.5160094335442409e-05
kuće	O=0.9998884201049805|NORM=0.00010790799569804221
na	O=0.9999580383300781|NORM=4.1734489059308544e-05
jadranu	O=0.9996533393859863|NORM=0.00034516447340138257
izgledaju	O=0.999937891960144|NORM=6.160003249533474e-05
kao	O=0.9999827146530151|NORM=1.697138031886425e-05
stare	O=0.9998236298561096|NORM=0.0001732101518427953
kamene	O=0.9998650550842285|NORM=0.00013466656673699617
kuće	O=0.9999120235443115|NORM=8.550522034056485e-05
,	O=0.9999819993972778|NORM=1.4815344002272468e-05
a	O=0.9999651908874512|NORM=3.429868593229912e-05
zapravo	O=0.9999010562896729|NORM=9.732810576679185e-05
su	O=0.9999371767044067|NORM=6.237903289729729e-05
recentno	O=0.9998610019683838|NORM=0.00013823658809997141
građene	O=0.9997562766075134|NORM=0.00024315062910318375
i	O=0.9999736547470093|NORM=2.6071889806189574e-05
pružaju	O=0.9998944997787476|NORM=0.00010498448682483286
svaku	O=0.9999638795852661|NORM=3.586556704249233e-05
udobnost	O=0.9998798370361328|NORM=0.00011946969607379287
kao	O=0.9999402761459351|NORM=5.939746552030556e-05
suvremena	O=0.9999468326568604|NORM=5.295453956932761e-05
kuća	O=0.9999408721923828|NORM=5.8276324125472456e-05
.	O=0.9999634027481079|NORM=3.318454037071206e-05

upravo	O=0.9999704360961914|NORM=2.9246417398098856e-05
sam	O=0.9999513626098633|NORM=4.8310233978554606e-05
pročitao	O=0.9999687671661377|NORM=3.077543806284666e-05
komentar	O=0.9998775720596313|NORM=0.00012138806050643325
na	O=0.9999740123748779|NORM=2.560715438448824e-05
fb	O=0.9997164607048035|NORM=0.00028240212122909725
profilu	O=0.9998793601989746|NORM=0.00011931421613553539
j.	O=0.9999096393585205|NORM=8.951786730904132e-05
albe	O=0.9960909485816956|NORM=0.00390672730281949
gdje	O=0.9999493360519409|NORM=4.999023803975433e-05
je	O=0.9999716281890869|NORM=2.817989661707543e-05
frajer	O=0.9995555281639099|NORM=0.0004437195020727813
žica	NORM=0.8711031079292297|O=0.12887978553771973
posao	O=0.9824308753013611|NORM=0.017562102526426315
.	O=0.9999881982803345|NORM=9.969947313948069e-06

banjalucanke	O=0.9341942071914673|NORM=0.06578487902879715
:)	O=0.9999526739120483|NORM=4.332659227657132e-05
.	O=0.9999860525131226|NORM=9.310050700150896e-06

great	O=0.9999567270278931|NORM=4.262865331838839e-05
concert	O=0.9987609386444092|NORM=0.0012355896178632975
,	O=0.9999852180480957|NORM=1.3928022781328764e-05
i	O=0.9999473094940186|NORM=5.2218074415577576e-05
almost	O=0.9999383687973022|NORM=6.10905044595711e-05
cried	O=0.9997817873954773|NORM=0.00021769432350993156
.	O=0.9999898672103882|NORM=9.178360414807685e-06

nou	O=0.9991132616996765|NORM=0.0008853020262904465
.	O=0.9999876022338867|NORM=1.0208931598754134e-05

cross-selling	O=0.9825202822685242|NORM=0.017476340755820274
hrvatske	O=0.999828577041626|NORM=0.00017094162467401475
pošte	O=0.995573878288269|NORM=0.004424586426466703
:	O=0.9999821186065674|NORM=1.7256787032238208e-05
šaljem	O=0.9999139308929443|NORM=8.590368088334799e-05
novac	O=0.9920791983604431|NORM=0.00791912991553545
,	O=0.9999866485595703|NORM=1.2759059245581739e-05
a	O=0.9999736547470093|NORM=2.5810224542510696e-05
usput	O=0.9991205334663391|NORM=0.0008786078542470932
mi	O=0.9999780654907227|NORM=2.165894147765357e-05
nude	O=0.9998862743377686|NORM=0.0001129075899370946
knjige	O=0.999821126461029|NORM=0.0001778841542545706
o	O=0.9999747276306152|NORM=2.499123729649e-05
zdravoj	O=0.9995916485786438|NORM=0.00040757417446002364
prehrani	O=0.9999222755432129|NORM=7.675140659557655e-05
!	O=0.999990701675415|NORM=8.684783097123727e-06

fyi	NORM=0.5273528099060059|O=0.47263047099113464
ove	O=0.9999723434448242|NORM=2.698271237022709e-05
godine	O=0.9999817609786987|NORM=1.7579463019501418e-05
je	O=0.9999586343765259|NORM=4.107792119611986e-05
windsurfing	O=0.9999254941940308|NORM=7.406194345094264e-05
world	O=0.9999397993087769|NORM=5.966495518805459e-05
championship	O=0.9999358654022217|NORM=6.336489605018869e-05
od	O=0.9999793767929077|NORM=2.0149371266597882e-05
8	O=0.9997958540916443|NORM=0.0002026366419158876
do	O=0.999987006187439|NORM=1.2347913070698269e-05
13.07.	O=0.9987718462944031|NORM=0.0012270717415958643
na	O=0.9999291896820068|NORM=7.041139178909361e-05
peljescu	O=0.9848852157592773|NORM=0.01509691309183836
(	O=0.9999804496765137|NORM=1.9002649423782714e-05
viganj	O=0.9978274703025818|NORM=0.002170294988900423
)	O=0.9999210834503174|NORM=7.698854460613802e-05
;)	O=0.9999182224273682|NORM=7.892401481512934e-05

sudan	O=0.9997462630271912|NORM=0.0002520464186090976
se	O=0.9999570846557617|NORM=4.262257061782293e-05
raspa	O=0.7336184978485107|NORM=0.2663670480251312
na	O=0.9999582767486572|NORM=4.153430199949071e-05
sudan	O=0.9998144507408142|NORM=0.00018358821398578584
i	O=0.999981164932251|NORM=1.845013139245566e-05
južni	O=0.9998955726623535|NORM=0.00010409490641904995
sudan	O=0.9999008178710938|NORM=9.816528472583741e-05
,	O=0.9999833106994629|NORM=1.5827463357709348e-05
sad	O=0.999924898147583|NORM=7.436460145981982e-05
će	O=0.9997550845146179|NORM=0.0002444516576360911
se	O=0.9999041557312012|NORM=9.540040628053248e-05
južni	O=0.9998944997787476|NORM=0.0001050639184541069
sudan	O=0.9988129138946533|NORM=0.001185606699436903
raspast	O=0.8295533657073975|NORM=0.1704249382019043
na	O=0.9994974136352539|NORM=0.0005020612152293324
južni	O=0.999850869178772|NORM=0.00014876024215482175
sudan	O=0.9998388290405273|NORM=0.00015951646491885185
i	O=0.9999871253967285|NORM=1.2488201718952041e-05
još	O=0.999947190284729|NORM=5.230943133938126e-05
južniji	O=0.9997970461845398|NORM=0.00020268443040549755
sudan	O=0.9998311996459961|NORM=0.0001673686783760786
?	O=0.9999712705612183|NORM=2.7610287361312658e-05

pa	O=0.9999614953994751|NORM=3.772848504013382e-05
dokle	O=0.8242605924606323|NORM=0.17573121190071106
vise	NORM=0.9993857145309448|O=0.0005980046698823571
?	O=0.9999723434448242|NORM=2.346571272937581e-05

nagradna	O=0.9999713897705078|NORM=2.8318849217612296e-05
igra	O=0.9999724626541138|NORM=2.728549952735193e-05
na	O=0.9999790191650391|NORM=2.068191133730579e-05
našem	O=0.9999521970748901|NORM=4.744495527120307e-05
facebooku	O=0.9996834993362427|NORM=0.0003154784208163619
http://t.co/hllgwmn0sa	O=0.9999781847000122|NORM=2.158351708203554e-05
.	O=0.9999923706054688|NORM=6.915823178132996e-06

mojoj	O=0.9999768733978271|NORM=2.254379796795547e-05
dragoj	O=0.9999078512191772|NORM=9.159110049949959e-05
uvijek	O=0.9999833106994629|NORM=1.594381501490716e-05
upali	O=0.9939432740211487|NORM=0.006050677038729191
;)	O=0.9999630451202393|NORM=3.21736115438398e-05

sad	O=0.9999812841415405|NORM=1.8334176274947822e-05
sam	O=0.9999667406082153|NORM=3.262807513237931e-05
se	O=0.9999792575836182|NORM=2.05029336939333e-05
prvi	O=0.9999756813049316|NORM=2.40665212913882e-05
put	O=0.9999861717224121|NORM=1.3673579815076664e-05
susrela	O=0.9999516010284424|NORM=4.766533675137907e-05
s	O=0.9999904632568359|NORM=9.029055945575237e-06
pojavom	O=0.9999481439590454|NORM=5.125786265125498e-05
zvanom	O=0.9997643828392029|NORM=0.0002351253933738917
'	O=0.9999855756759644|NORM=1.328840426140232e-05
ažuriranje	O=0.9999029636383057|NORM=9.634495654609054e-05
pametnog	O=0.999925971031189|NORM=7.381151954177767e-05
telefona	O=0.9999412298202515|NORM=5.742167559219524e-05
'	O=0.9999581575393677|NORM=4.074116804986261e-05
.	O=0.9999914169311523|NORM=6.9854495450272225e-06

@noonoo__	O=0.9997205138206482|NORM=0.0002734654408413917
@enterzagreb	O=0.9999876022338867|NORM=1.2052865713485517e-05
šta	NORM=0.9866055846214294|O=0.013343445956707
svi	O=0.9999586343765259|NORM=4.08871092076879e-05
zbrisali	O=0.9984050393104553|NORM=0.0015872393269091845
na	O=0.9999337196350098|NORM=6.611477874685079e-05
ručak	O=0.9995984435081482|NORM=0.000401045341277495
?	O=0.9999849796295166|NORM=1.4124369045021012e-05

@ezadar	O=0.9999898672103882|NORM=9.626281098462641e-06
morate	O=0.9997861981391907|NORM=0.00021330091112758964
malo	O=0.999815046787262|NORM=0.00018478717538528144
i	O=0.9999277591705322|NORM=7.184715650510043e-05
do	O=0.9999709129333496|NORM=2.852355464710854e-05
pašmana	O=0.9998373985290527|NORM=0.0001593982451595366
doći	O=0.9999215602874756|NORM=7.656464003957808e-05
i	O=0.9999682903289795|NORM=3.145990558550693e-05
poslikati	O=0.9998248219490051|NORM=0.0001738945720717311
predivan	O=0.9996976852416992|NORM=0.0003018548886757344
krajolik	O=0.9998663663864136|NORM=0.00013290654169395566
:)	O=0.9999856948852539|NORM=1.2802072888007388e-05
#pasman	O=0.9999728202819824|NORM=2.5243323761969805e-05
#zadar	O=0.9999744892120361|NORM=2.459939059917815e-05
#croatia	O=0.9998953342437744|NORM=9.725815471028909e-05
#ezadar	O=0.99998939037323|NORM=1.0078125342261046e-05

@ahmateja	O=0.9999896287918091|NORM=1.010398682410596e-05
danas	O=0.9999222755432129|NORM=7.622373232152313e-05
još	O=0.9999837875366211|NORM=1.5665827959310263e-05
ne	O=0.9999593496322632|NORM=4.0002127207117155e-05
:p	O=0.9999423027038574|NORM=5.727063398808241e-05

pozz	O=0.8872297406196594|NORM=0.1127258762717247
od	O=0.9953307509422302|NORM=0.004666540771722794
redakcije	O=0.9999768733978271|NORM=2.2865815481054597e-05
kao	O=0.9999700784683228|NORM=2.9256532798171975e-05
i	O=0.99997878074646|NORM=2.098140976158902e-05
svim	O=0.9999681711196899|NORM=3.139770342386328e-05
obožavateljima	O=0.9999521970748901|NORM=4.736787377623841e-05
tvojeg	O=0.9998764991760254|NORM=0.0001230876805493608
ludog	O=0.9998575448989868|NORM=0.00014197983546182513
kreativnog	O=0.999922513961792|NORM=7.714983075857162e-05
rada	O=0.9999790191650391|NORM=2.0590616259141825e-05
...	O=0.9999833106994629|NORM=1.589028943271842e-05

blentavi	O=0.9981268048286438|NORM=0.0018723133252933621
šarm	O=0.9999634027481079|NORM=3.5878922062693164e-05
i	O=0.9999884366989136|NORM=1.1227949471503962e-05
prpošnost	O=0.9998962879180908|NORM=0.00010322385787731037
karaktera	O=0.9999585151672363|NORM=4.095040276297368e-05
ti	O=0.999931812286377|NORM=6.621352076763287e-05
osiguraju	O=0.9999603033065796|NORM=3.9036367525113747e-05
samo	O=0.99998939037323|NORM=1.0230645784758963e-05
jeftine	O=0.9999337196350098|NORM=6.597803439944983e-05
emocije	O=0.9999769926071167|NORM=2.2645204808213748e-05
.	O=0.9999814033508301|NORM=1.5474894098588265e-05

ak	NORM=0.9997159838676453|O=0.0002618537691887468
bude	O=0.9998965263366699|NORM=0.00010267809557262808
,	O=0.9999850988388062|NORM=1.3776090781902894e-05
svi	O=0.999916672706604|NORM=8.29029522719793e-05
rusi	O=0.9815391898155212|NORM=0.01845664158463478
će	O=0.9989230036735535|NORM=0.0010743136517703533
doć	NORM=0.9995513558387756|O=0.0004280841094441712
k	O=0.9940630793571472|NORM=0.005934938322752714
vama	O=0.999263346195221|NORM=0.0007334247347898781
u	O=0.9999328851699829|NORM=6.676117482129484e-05
srbiju	O=0.9976820945739746|NORM=0.002315443241968751
,	O=0.9999797344207764|NORM=1.9128239728161134e-05
nećete	O=0.9976835250854492|NORM=0.0023153889924287796
imat	NORM=0.9983347058296204|O=0.0016069550765678287
dosta	O=0.999622106552124|NORM=0.00037737825186923146
mjesta	O=0.9999265670776367|NORM=7.295483374036849e-05
da	O=0.9998420476913452|NORM=0.00015720784722361714
ih	O=0.999961256980896|NORM=3.844088132609613e-05
ugostite	O=0.9989200830459595|NORM=0.0010788746876642108
.	O=0.9999828338623047|NORM=1.508897366875317e-05

kriva	O=0.9998173117637634|NORM=0.00018104763876181096
je	O=0.99998939037323|NORM=1.0391338037152309e-05
.	O=0.9999927282333374|NORM=5.828754183312412e-06

ajmo	NORM=0.9982724189758301|O=0.0017105223378166556
,	O=0.9999774694442749|NORM=1.8507726053940132e-05
e	O=0.993362545967102|NORM=0.006634598132222891
!	O=0.9999825954437256|NORM=1.4677309081889689e-05

moj	O=0.9999551773071289|NORM=4.4488497223937884e-05
frik	O=0.9998613595962524|NORM=0.00013825297355651855
!	O=0.9999895095825195|NORM=8.302628884848673e-06

članak	O=0.9998399019241333|NORM=0.0001581578835612163
o	O=0.9999445676803589|NORM=5.48650132259354e-05
navodnom	O=0.9992688298225403|NORM=0.000729998282622546
i	O=0.9999654293060303|NORM=3.4394401154713705e-05
neprovjerenom	O=0.9836734533309937|NORM=0.016321975737810135
,	O=0.9998798370361328|NORM=0.00011885092681040987
na	O=0.9999265670776367|NORM=7.310415094252676e-05
kraju	O=0.9998733997344971|NORM=0.00012601933849509805
1.	O=0.9998687505722046|NORM=0.0001297826529480517
pasusa	O=0.9987228512763977|NORM=0.0012733465991914272
-	O=0.9999803304672241|NORM=1.8847558749257587e-05
keep	O=0.9999769926071167|NORM=2.2554853785550222e-05
reading	O=0.9999825954437256|NORM=1.7038742953445762e-05
for	O=0.9999619722366333|NORM=3.7245165003696457e-05
more	O=0.9999659061431885|NORM=3.3378459193045273e-05
alleged	O=0.9999361038208008|NORM=6.33382733212784e-05
details	O=0.9999756813049316|NORM=2.3723929189145565e-05
!	O=0.9999902248382568|NORM=8.554652595194057e-06

@fotoziner	O=0.9999901056289673|NORM=9.597418284101877e-06
ne	O=0.9999876022338867|NORM=1.187533143820474e-05
bi	O=0.9993681311607361|NORM=0.0006307673174887896
smjelo	O=0.9998793601989746|NORM=0.00011980839190073311
potrajati	O=0.9998633861541748|NORM=0.00013535904872696847
duže	O=0.9999672174453735|NORM=3.2466035918332636e-05
pošto	O=0.9998773336410522|NORM=0.00012205807433929294
nisu	O=0.9999815225601196|NORM=1.7999071133090183e-05
u	O=0.999981164932251|NORM=1.8587728845886886e-05
pitanju	O=0.9999101161956787|NORM=8.883822010830045e-05
samo	O=0.99998939037323|NORM=1.0393458978796843e-05
naši	O=0.9999634027481079|NORM=3.624640157795511e-05
serveri	O=0.9999713897705078|NORM=2.8173601094749756e-05
nego	O=0.999951958656311|NORM=4.782175528816879e-05
cijeli	O=0.9999885559082031|NORM=1.1189703400305007e-05
datacentar	O=0.999340832233429|NORM=0.0006581574562005699

ili	O=0.9999819993972778|NORM=1.7464433767599985e-05
ih	O=0.9999665021896362|NORM=3.284834019723348e-05
jednostavno	O=0.999984622001648|NORM=1.4566494428436272e-05
dosta	O=0.9999755620956421|NORM=2.409012449788861e-05
dugo	O=0.9999821186065674|NORM=1.7289288734900765e-05
nisam	O=0.9999771118164062|NORM=2.222752846137155e-05
imala	O=0.9999736547470093|NORM=2.4369233869947493e-05
pa	O=0.999976634979248|NORM=2.2784875909565017e-05
imam	O=0.9999901056289673|NORM=9.245462933904491e-06
takav	O=0.9999842643737793|NORM=1.5365205399575643e-05
dojam	O=0.9999691247940063|NORM=3.0175591746228747e-05
...	O=0.999977707862854|NORM=1.9600494852056727e-05

iž	O=0.9990420937538147|NORM=0.0009574011201038957
dobila	O=0.9999496936798096|NORM=4.9411104555474594e-05
4,68	O=0.9636411666870117|NORM=0.03629426285624504
milijuna	O=0.9999182224273682|NORM=8.14638115116395e-05
kuna	O=0.9999474287033081|NORM=5.222480103839189e-05
od	O=0.9999626874923706|NORM=3.700500019476749e-05
ministarstva	O=0.9999203681945801|NORM=7.910337444627658e-05
gospodarstva	O=0.9999076128005981|NORM=9.189923730446026e-05
za	O=0.9999810457229614|NORM=1.8641445421963e-05
poticanje	O=0.9998214840888977|NORM=0.00017780635971575975
obrtništva	O=0.9998983144760132|NORM=0.00010123023093910888
i	O=0.9999722242355347|NORM=2.7561984097701497e-05
poduzetništva	O=0.9998660087585449|NORM=0.00013360328739508986
.	O=0.9999829530715942|NORM=1.5410032574436627e-05

sad	O=0.9999706745147705|NORM=2.892894008255098e-05
će	O=0.9998151659965515|NORM=0.00018452883523423225
nasa	NORM=0.6866562962532043|O=0.3133302927017212
predahnit	NORM=0.9992807507514954|O=0.0006935760611668229
,	O=0.9999713897705078|NORM=2.7335452614352107e-05
jedna	O=0.9999854564666748|NORM=1.4299935173767153e-05
osoba	O=0.9999712705612183|NORM=2.8258522434043698e-05
manje	O=0.9995399713516235|NORM=0.00045968551421537995
koja	O=0.9999889135360718|NORM=1.0755547918961383e-05
je	O=0.9999803304672241|NORM=1.946512384165544e-05
čuvala	O=0.999948263168335|NORM=5.097508255857974e-05
tajnu	O=0.9997768998146057|NORM=0.0002211764658568427
da	O=0.9999691247940063|NORM=3.035254485439509e-05
je	O=0.99997878074646|NORM=2.099341872963123e-05
odlazak	O=0.9999550580978394|NORM=4.453714063856751e-05
na	O=0.999954104423523|NORM=4.572080069920048e-05
mjesec	O=0.9997196793556213|NORM=0.00027926548500545323
bio	O=0.9999591112136841|NORM=4.045732202939689e-05
lažiran	O=0.9866820573806763|NORM=0.013308322988450527
.	O=0.9999821186065674|NORM=1.563070145493839e-05

trebaju	O=0.9999779462814331|NORM=2.0535664589260705e-05
mi	O=0.9999877214431763|NORM=1.1729172001651023e-05
novi	O=0.9999818801879883|NORM=1.7547372408444062e-05
prijatelji	O=0.999975323677063|NORM=2.37613949138904e-05

nego	O=0.9998304843902588|NORM=0.0001691156649030745
primjetio	NORM=0.9996867179870605|O=0.0003029780928045511
sam	O=0.999883770942688|NORM=0.000115823837404605
da	O=0.9999641180038452|NORM=3.550514156813733e-05
vladi	O=0.9665480852127075|NORM=0.03340243548154831
vise	NORM=0.9995414018630981|O=0.0004408895911183208
stalo	O=0.8058466911315918|NORM=0.19411425292491913
da	O=0.9999582767486572|NORM=4.144187187193893e-05
pisu	NORM=0.9960575103759766|O=0.003933647647500038
propagandu	O=0.9992820620536804|NORM=0.0007150074234232306
na	O=0.9999605417251587|NORM=3.918310540029779e-05
twiteru	O=0.7041500806808472|NORM=0.2957786023616791
neg	NORM=0.99854576587677|O=0.001392488251440227
da	O=0.999708354473114|NORM=0.00029126330628059804
rade	O=0.9999209642410278|NORM=7.829800597392023e-05
nesto	NORM=0.9991457462310791|O=0.0008226844947785139

luksuz	O=0.9997093081474304|NORM=0.00028949984698556364
ispijanja	O=0.9998394250869751|NORM=0.00015988574887160212
kave	O=0.9997039437294006|NORM=0.0002950457273982465
na	O=0.9998962879180908|NORM=0.00010337398271076381
sunčano	O=0.9998661279678345|NORM=0.0001331814710283652
jutro	O=0.9998509883880615|NORM=0.00014765426749363542
,	O=0.9999362230300903|NORM=6.278643559198827e-05
u	O=0.9999698400497437|NORM=2.9899181754444726e-05
spavaćici	O=0.9938887357711792|NORM=0.006108469795435667
na	O=0.9999674558639526|NORM=3.2194104278460145e-05
terasi	O=0.9999027252197266|NORM=9.685743134468794e-05
,	O=0.9999655485153198|NORM=3.3532742236275226e-05
ne	O=0.9999548196792603|NORM=4.462334982235916e-05
bi	NORM=0.9895002245903015|O=0.010481258854269981
zamijenila	O=0.9994069337844849|NORM=0.0005916485679335892
nikakvom	O=0.999921441078186|NORM=7.818873564247042e-05
markiranom	O=0.9995567202568054|NORM=0.00044253651867620647
i	O=0.9999760389328003|NORM=2.361531551287044e-05
skupom	O=0.9997696280479431|NORM=0.00022984383394941688
odjećom	O=0.9998730421066284|NORM=0.0001266068866243586
.	O=0.9999750852584839|NORM=2.2770482246414758e-05

e	O=0.9999747276306152|NORM=2.4989712983369827e-05
sad	O=0.9999735355377197|NORM=2.6104480639332905e-05
i	O=0.9998897314071655|NORM=0.00010910050332313403
ajfon	O=0.9882805347442627|NORM=0.011703127063810825
postaje	O=0.9999654293060303|NORM=3.432172889006324e-05
zvjerčica	O=0.9986420273780823|NORM=0.0013560885563492775
sa	O=0.9999617338180542|NORM=3.734410347533412e-05
svojim	O=0.9999120235443115|NORM=8.751622954150662e-05
tweak-ovima	NORM=0.8492243885993958|O=0.1507391631603241
.	O=0.9999867677688599|NORM=1.177269768959377e-05

sliku	O=0.9997991919517517|NORM=0.00019996371702291071
vidite	O=0.9995449185371399|NORM=0.00045403969124890864
.	O=0.9999922513961792|NORM=6.615178790525533e-06

aha	O=0.9997039437294006|NORM=0.00029519235249608755
znam	O=0.9999724626541138|NORM=2.639315243868623e-05
.	O=0.99998939037323|NORM=8.385472938243765e-06

cekat	NORM=0.9900874495506287|O=0.009343675337731838
cemo	NORM=0.9995624423027039|O=0.0004307626804802567
ove	O=0.9999517202377319|NORM=4.8017387598520145e-05
zauzete	O=0.7874201536178589|NORM=0.2125670462846756
da	O=0.9998925924301147|NORM=0.00010706757893785834
se	O=0.9999616146087646|NORM=3.8206071621971205e-05
vrate	O=0.9997625946998596|NORM=0.00023700096062384546
sa	O=0.9993693232536316|NORM=0.0006293375045061111
jebacine	NORM=0.9994401335716248|O=0.0005535433301702142
pa	O=0.9998606443405151|NORM=0.00013892549031879753
da	O=0.9999560117721558|NORM=4.3758096580859274e-05
nam	O=0.9999505281448364|NORM=4.9050006055040285e-05
pricaju	NORM=0.9995636343955994|O=0.0004303338937461376
kako	O=0.9998024106025696|NORM=0.0001972650788957253
je	O=0.9999332427978516|NORM=6.655624747509137e-05
to	O=0.9999728202819824|NORM=2.673080234671943e-05
u	O=0.9999376535415649|NORM=6.216490874066949e-05
danasnje	NORM=0.9983518123626709|O=0.0016426939982920885
vrime	NORM=0.9948959946632385|O=0.00509238988161087
.	O=0.9999748468399048|NORM=2.4268769266200252e-05

njima	O=0.9999656677246094|NORM=3.3828218874987215e-05
je	O=0.9999854564666748|NORM=1.4296443623607047e-05
ovladao	O=0.9999382495880127|NORM=6.116615986684337e-05
šejtan	O=0.9997976422309875|NORM=0.00020023228717036545
i	O=0.9999864101409912|NORM=1.3326209227670915e-05
učinio	O=0.9999573230743408|NORM=4.1878789488691837e-05
da	O=0.9999761581420898|NORM=2.3419679564540274e-05
zaborave	O=0.9999260902404785|NORM=7.309275679290295e-05
na	O=0.9999728202819824|NORM=2.6796524252858944e-05
allaha	O=0.9947472214698792|NORM=0.005237224977463484
.	O=0.9999885559082031|NORM=9.714702173369005e-06

dečko	O=0.998664140701294|NORM=0.00133155332878232
s	O=0.9999746084213257|NORM=2.4976126951514743e-05
velikim	O=0.9999080896377563|NORM=9.14899428607896e-05
plastičnim	O=0.9926080703735352|NORM=0.007390504702925682
sluškama	O=0.8212633728981018|NORM=0.17872370779514313
pušta	O=0.9981718063354492|NORM=0.0018268368439748883
lmfao	O=0.7385751008987427|NORM=0.2613791227340698
worst	O=0.9774471521377563|NORM=0.022541439160704613
of	O=0.9996055960655212|NORM=0.0003922313917428255
,	O=0.9999792575836182|NORM=1.9771821825997904e-05
dansa	O=0.9968101382255554|NORM=0.003187824273481965
kuduro	O=0.9078758955001831|NORM=0.0920686423778534
i	O=0.9999537467956543|NORM=4.612461634678766e-05
far	NORM=0.9603615999221802|O=0.03963376581668854
l'americano	O=0.9906366467475891|NORM=0.00935894250869751
shitmix	O=0.7887368202209473|NORM=0.21123342216014862
.	O=0.9999880790710449|NORM=1.0590051715553273e-05

oni	O=0.9999750852584839|NORM=2.4113305698847398e-05
ljudi	O=0.9999724626541138|NORM=2.6804234948940575e-05
koji	O=0.9999853372573853|NORM=1.4393766832654364e-05
misle	O=0.9999805688858032|NORM=1.916252585942857e-05
da	O=0.9999780654907227|NORM=2.171300002373755e-05
nekog	O=0.9999058246612549|NORM=9.365042933495715e-05
actually	O=0.9999443292617798|NORM=5.4877189541002735e-05
zanima	O=0.9999862909317017|NORM=1.3375123671721667e-05
koliko	O=0.9999486207962036|NORM=5.116207103128545e-05
ljudi	O=0.9999759197235107|NORM=2.3652368327020667e-05
ih	O=0.9999734163284302|NORM=2.6274463380104862e-05
je	O=0.9999666213989258|NORM=3.305619247839786e-05
followalo	NORM=0.7924078106880188|O=0.20757564902305603
i	O=0.9999703168869019|NORM=2.9448036002577282e-05
unfollowalo	O=0.7183865308761597|NORM=0.2815591096878052
prošli	O=0.999891996383667|NORM=0.0001048675476340577
tjedan	O=0.9999669790267944|NORM=3.144642323604785e-05
.	O=0.9999865293502808|NORM=1.2302335562708322e-05

a	O=0.9999871253967285|NORM=1.2465939107642043e-05
danas	O=0.9999837875366211|NORM=1.5659061318729073e-05
je	O=0.999982476234436|NORM=1.7397067495039664e-05
počelo	O=0.9998791217803955|NORM=0.00012016171967843547
i	O=0.9999833106994629|NORM=1.6524989405297674e-05
treće	O=0.9999667406082153|NORM=3.294670386821963e-05
izdanje	O=0.9999731779098511|NORM=2.6475228878553025e-05
writersko-glazbenog	O=0.9939473867416382|NORM=0.006051212549209595
festa	O=0.9997960925102234|NORM=0.00020312581909820437
graffiti	O=0.9561202526092529|NORM=0.0438678003847599
na	O=0.9982659220695496|NORM=0.001733817858621478
gradele	O=0.9983194470405579|NORM=0.0016784243052825332
u	O=0.9999830722808838|NORM=1.6632846381980926e-05
bolu	O=0.9990366697311401|NORM=0.0009605858940631151
na	O=0.9997666478157043|NORM=0.00023308998788706958
braču	O=0.9987119436264038|NORM=0.001287219813093543
!	O=0.9999836683273315|NORM=1.5032654118840583e-05

#osijek	O=0.9999862909317017|NORM=1.316564066655701e-05

dakle	O=0.9999579191207886|NORM=4.161358447163366e-05
,	O=0.999970555305481|NORM=2.7407368179410696e-05
da	O=0.9999715089797974|NORM=2.811069498420693e-05
oni	O=0.999946117401123|NORM=5.246104774414562e-05
"	O=0.9999818801879883|NORM=1.7671291061560623e-05
glume	O=0.9993784427642822|NORM=0.0006208125269040465
"	O=0.999962568283081|NORM=3.695833947858773e-05
lokalnu	O=0.9997957348823547|NORM=0.00020342583593446761
adresu	O=0.9998074173927307|NORM=0.00018545149941928685
i	O=0.9999825954437256|NORM=1.715843245619908e-05
prosljeđuju	O=0.9999207258224487|NORM=7.899152842583135e-05
dalje	O=0.9998199343681335|NORM=0.0001792346447473392
u	O=0.9999645948410034|NORM=3.5042150557274e-05
rh	O=0.9997473359107971|NORM=0.0002511497586965561
?	O=0.9999734163284302|NORM=2.4001052224775776e-05

:d	O=0.999964714050293|NORM=3.199491402483545e-05

sad	O=0.9999833106994629|NORM=1.5620276826666668e-05
smrdim	O=0.9999624490737915|NORM=3.681129601318389e-05
ko	NORM=0.9930148124694824|O=0.006954652722924948
inace	NORM=0.9926825165748596|O=0.007295993622392416
,	O=0.9999713897705078|NORM=2.6446110496181063e-05
ko	NORM=0.9989012479782104|O=0.00107471807859838
đubre	O=0.9982370138168335|NORM=0.0017605735920369625
.	O=0.9999887943267822|NORM=8.700103535375092e-06

:)	O=0.9999827146530151|NORM=1.5794659702805802e-05

jeste	O=0.9838323593139648|NORM=0.01616339385509491
živi	O=0.9999241828918457|NORM=7.543418905697763e-05
ili	O=0.9999760389328003|NORM=2.3580882043461315e-05
ste	O=0.9999462366104126|NORM=5.333498847903684e-05
umrli	O=0.9999443292617798|NORM=5.513985888683237e-05
od	O=0.9999634027481079|NORM=3.596703754737973e-05
umišljene	O=0.9996986389160156|NORM=0.00030012516072019935
depresije	O=0.9999806880950928|NORM=1.885902020148933e-05
?	O=0.9999808073043823|NORM=1.7475276763434522e-05

'	O=0.9999904632568359|NORM=8.6474747149623e-06
bezdušna	O=0.9999830722808838|NORM=1.659844747337047e-05
garnitura	O=0.9999852180480957|NORM=1.430875727237435e-05
na	O=0.9999884366989136|NORM=1.1273066775174811e-05
vlasti	O=0.9999624490737915|NORM=3.6787048884434626e-05
pokrenula	O=0.9999412298202515|NORM=5.796384357381612e-05
je	O=0.9999860525131226|NORM=1.3778389984508976e-05
novu	O=0.9999791383743286|NORM=2.0201276129228063e-05
agresiju	O=0.9999637603759766|NORM=3.543946877471171e-05
na	O=0.9999759197235107|NORM=2.3655367840547115e-05
vukovar	O=0.9998683929443359|NORM=0.00013075085007585585
'	O=0.9999679327011108|NORM=3.032348831766285e-05

macak	O=0.9737695455551147|NORM=0.02620532736182213
me	O=0.9999798536300659|NORM=1.9708842955878936e-05
bledo	O=0.9998152852058411|NORM=0.0001836698065744713
gleda	O=0.9998537302017212|NORM=0.00014498463133350015
zakaj	NORM=0.6523869633674622|O=0.34756743907928467
ga	O=0.9999599456787109|NORM=3.9275979361264035e-05
ne	O=0.9999427795410156|NORM=5.6711334764258936e-05
pustam	O=0.9917576909065247|NORM=0.008232717402279377
van	O=0.9316422939300537|NORM=0.06835412979125977
a	O=0.9986883997917175|NORM=0.0013102415250614285
ja	O=0.9999324083328247|NORM=6.727706204401329e-05
brijem	NORM=0.7293460369110107|O=0.270622193813324
da	O=0.9999475479125977|NORM=5.1993374654557556e-05
su	O=0.9999631643295288|NORM=3.6511864891508594e-05
mu	O=0.9999524354934692|NORM=4.6791879867669195e-05
se	O=0.9999587535858154|NORM=4.093604366062209e-05
poremetili	O=0.9793255925178528|NORM=0.02066965028643608
instinkti	O=0.999729573726654|NORM=0.0002660616301000118
jer	O=0.9984538555145264|NORM=0.001545375445857644
je	O=0.9999744892120361|NORM=2.502851202734746e-05
star	O=0.999734103679657|NORM=0.00026517550577409565

ajmo	NORM=0.998325526714325|O=0.0016660041874274611
malo	O=0.9998642206192017|NORM=0.00013553652388509363
mrdaj	O=0.9048869609832764|NORM=0.0950658842921257
guzom	O=0.9241257309913635|NORM=0.07586924731731415
,	O=0.9999821186065674|NORM=1.7178579582832754e-05
đigi	O=0.5607272982597351|NORM=0.4392254054546356
đigi	O=0.6405317783355713|NORM=0.3594416081905365
đigi	O=0.655475914478302|NORM=0.3444916009902954
đigi	O=0.6357901096343994|NORM=0.36413276195526123
,	O=0.9999700784683228|NORM=2.894081626436673e-05
di	NORM=0.9948537945747375|O=0.00497452262789011
su	O=0.9993040561676025|NORM=0.0006951656541787088
ruke	O=0.9999154806137085|NORM=8.421352686127648e-05
?!	O=0.999954104423523|NORM=4.491059735300951e-05

wrong	O=0.998127281665802|NORM=0.001870655221864581
booboo	O=0.9994831085205078|NORM=0.0005150454817339778
,	O=0.9999754428863525|NORM=2.29120378207881e-05
wrong	O=0.9952619075775146|NORM=0.004735772032290697

grbin	O=0.9970211386680603|NORM=0.002976821968331933
:	O=0.9999822378158569|NORM=1.4231782188289799e-05
"	O=0.9999926090240479|NORM=6.329731149889994e-06
svoje	O=0.9998165965080261|NORM=0.00018202394130639732
zločince	O=0.9998754262924194|NORM=0.00012316495121922344
moramo	O=0.9999762773513794|NORM=2.3106716980692e-05
sami	O=0.9999841451644897|NORM=1.5480043657589704e-05
kažnjavati	O=0.9999547004699707|NORM=4.370270107756369e-05
.	O=0.9999915361404419|NORM=6.250876140256878e-06
"	O=0.9999889135360718|NORM=8.27961503091501e-06

šiške	O=0.9994506239891052|NORM=0.0005470127216540277
zahtijevaju	O=0.9999678134918213|NORM=3.162108259857632e-05
strpljenje	O=0.9999556541442871|NORM=4.314344187150709e-05
.	O=0.9999921321868896|NORM=5.528621386474697e-06

zig	O=0.9952998161315918|NORM=0.004698930308222771
zag	O=0.8962501287460327|NORM=0.10359212011098862
na	O=0.9999411106109619|NORM=5.8681893278844655e-05
kurac	O=0.997896671295166|NORM=0.0020933193154633045
.	O=0.9999877214431763|NORM=1.0337579624319915e-05

vrag	O=0.9953998923301697|NORM=0.004596911370754242
odnija	NORM=0.990832507610321|O=0.009146388620138168
prišu	O=0.7216134667396545|NORM=0.27836599946022034
!	O=0.9999881982803345|NORM=9.818439139053226e-06

počupala	O=0.9937992691993713|NORM=0.006192815024405718
sam	O=0.9999163150787354|NORM=8.314861770486459e-05
gelirane	NORM=0.9454922676086426|O=0.05449391156435013
nokte	O=0.9997645020484924|NORM=0.0002342531952308491
jer	O=0.9997943043708801|NORM=0.0002054001233773306
sam	O=0.9998810291290283|NORM=0.00011837449710583314
se	O=0.999943733215332|NORM=5.616358248516917e-05
naživcirala	NORM=0.5111383199691772|O=0.48884713649749756
a	O=0.9999597072601318|NORM=3.991293488070369e-05
nije	O=0.999964714050293|NORM=3.504005144350231e-05
bilo	O=0.9999350309371948|NORM=6.471778033301234e-05
u	O=0.9998966455459595|NORM=0.00010272952931700274
blizini	O=0.9997937083244324|NORM=0.00020551598572637886
vrata	O=0.9999184608459473|NORM=8.122374129015952e-05
da	O=0.9999346733093262|NORM=6.46635890007019e-05
ih	O=0.9999657869338989|NORM=3.388107506907545e-05
dramatično	O=0.9998175501823425|NORM=0.00018154026474803686
zalupim	O=0.9853518605232239|NORM=0.014642938040196896
.	O=0.9999868869781494|NORM=1.0640109394444153e-05

best	O=0.9999815225601196|NORM=1.7554664736962877e-05
fight	O=0.9998065829277039|NORM=0.00019008399976883084
ever	O=0.9999790191650391|NORM=1.937985507538542e-05
!	O=0.9999889135360718|NORM=7.909495252533816e-06

govorit	O=0.9982953667640686|NORM=0.001701071858406067
ću	O=0.9999310970306396|NORM=6.83608086546883e-05
o	O=0.9999690055847168|NORM=3.045692756131757e-05
istarskom	O=0.9342377781867981|NORM=0.06574412435293198
doprinosu	O=0.9983128309249878|NORM=0.0016826762584969401
pobjedi	O=0.9996654987335205|NORM=0.00033163916668854654
antifašističke	O=0.9998602867126465|NORM=0.0001391819241689518
koalicije	O=0.999968409538269|NORM=3.121523332083598e-05
u	O=0.999951958656311|NORM=4.756663474836387e-05
2.	O=0.9999229907989502|NORM=7.627745071658865e-05
svjetskom	O=0.9989010095596313|NORM=0.0010975227924063802
ratu	O=0.9998650550842285|NORM=0.00013274043158162385
te	O=0.9999618530273438|NORM=3.715313505381346e-05
njegovanju	O=0.9998940229415894|NORM=0.0001049670172506012
antifašističkih	O=0.9997898936271667|NORM=0.00020963717543054372
tradicija	O=0.9999369382858276|NORM=6.230363214854151e-05
.	O=0.9999864101409912|NORM=1.2446804248611443e-05

prikupila	O=0.9999375343322754|NORM=6.212739390321076e-05
nova	O=0.9999902248382568|NORM=9.49449349718634e-06
iskustva	O=0.9999604225158691|NORM=3.918228321708739e-05
i	O=0.9999899864196777|NORM=9.60731540544657e-06
znam	O=0.9990684390068054|NORM=0.0009312514448538423
vratit	O=0.9847846031188965|NORM=0.015205997973680496
ću	O=0.9999129772186279|NORM=8.678517042426392e-05
se	O=0.9999778270721436|NORM=2.1938061763648875e-05
!	O=0.9999903440475464|NORM=7.684235242777504e-06

ah	O=0.9999490976333618|NORM=5.074391083326191e-05
fb	O=0.9990490078926086|NORM=0.0009481148445047438
virusu	O=0.7390071153640747|NORM=0.2609788179397583
,	O=0.999985933303833|NORM=1.2953810255567078e-05
you	O=0.9997416138648987|NORM=0.00025264182477258146
minx	O=0.9990211725234985|NORM=0.000976771698333323
.	O=0.9999914169311523|NORM=6.919655788806267e-06

dobri	O=0.9999628067016602|NORM=3.679720248328522e-05
stari	O=0.9997138381004333|NORM=0.00028531087446026504
linq	NORM=0.5013121366500854|O=0.49867549538612366
to	O=0.9454874992370605|NORM=0.05448796972632408
sql	O=0.963710367679596|NORM=0.03628105670213699
ima	O=0.999954104423523|NORM=4.572594480123371e-05
overheada	O=0.5012040138244629|NORM=0.4987289309501648
,	O=0.9999816417694092|NORM=1.7019352526403964e-05
ali	O=0.9999321699142456|NORM=6.741551624145359e-05
odolijeva	NORM=0.9322056174278259|O=0.0677785649895668
marketingu	O=0.9998216032981873|NORM=0.00017737079178914428
.	O=0.9999873638153076|NORM=1.1381456715753302e-05

#tragedies	O=0.9999632835388184|NORM=2.955127456516493e-05

http://t.co/gwg1zsukyb	O=0.9999685287475586|NORM=3.124287468381226e-05

upozarava	O=0.7582406997680664|NORM=0.2416754812002182
se	O=0.9999644756317139|NORM=3.532914706738666e-05
publika	O=0.9999176263809204|NORM=8.197493298212066e-05
na	O=0.9999796152114868|NORM=2.000952918024268e-05
sjeveru	O=0.9998507499694824|NORM=0.0001480650098528713
da	O=0.9999687671661377|NORM=3.070223465329036e-05
prestane	O=0.9999676942825317|NORM=3.174656376359053e-05
s	O=0.9999833106994629|NORM=1.6372219761251472e-05
protupravnim	O=0.9996914863586426|NORM=0.00030792338657192886
ponašanjem	O=0.9998958110809326|NORM=0.00010352104436606169
#dinamo	O=0.9999812841415405|NORM=1.831339977798052e-05

obicno	NORM=0.998706579208374|O=0.0012775436043739319
sam	O=0.9997501969337463|NORM=0.00024948493228293955
sve	O=0.9999798536300659|NORM=1.9995799448224716e-05
zvao	O=0.9024472236633301|NORM=0.09753824770450592
pojedinacno	NORM=0.9992793202400208|O=0.0007021102355793118
tipa	O=0.9998637437820435|NORM=0.00013593281619250774
"	O=0.9999879598617554|NORM=1.1615697985689621e-05
kiseli	O=0.9980772733688354|NORM=0.0019217655062675476
krastavci	O=0.9990098476409912|NORM=0.00098899332806468
"	O=0.9999711513519287|NORM=2.8169322831672616e-05
,	O=0.9999880790710449|NORM=1.1229509254917502e-05
"	O=0.9999873638153076|NORM=1.220848298544297e-05
kiseli	O=0.9994980096817017|NORM=0.0005014954367652535
papci	O=0.9621487259864807|NORM=0.03784218803048134
"	O=0.999976396560669|NORM=2.310186937393155e-05
,	O=0.9999858140945435|NORM=1.357292421744205e-05
"	O=0.9999853372573853|NORM=1.4305989679996856e-05
kiselo	O=0.9926355481147766|NORM=0.007363170385360718
grozdje	O=0.9987543821334839|NORM=0.0012444887543097138
"	O=0.9999852180480957|NORM=1.4209475011739414e-05

koji	O=0.9999804496765137|NORM=1.9280043488834053e-05
vam	O=0.9998295307159424|NORM=0.0001688077172730118
je	O=0.9999849796295166|NORM=1.477592195442412e-05
vrag	O=0.9997195601463318|NORM=0.00027964176842942834
?	O=0.9999805688858032|NORM=1.5902192899375223e-05

onda	O=0.9999799728393555|NORM=1.932961276907008e-05
kupi	O=0.9995813965797424|NORM=0.00041704706382006407
androida	O=0.9247458577156067|NORM=0.07517238706350327
ki	NORM=0.946983277797699|O=0.05288195237517357
svaki	O=0.9998495578765869|NORM=0.00015007800539024174
normalan	O=0.9996135830879211|NORM=0.0003855128597933799
middle	O=0.998184859752655|NORM=0.0018019784474745393
class	O=0.9994404911994934|NORM=0.0005584642058238387
čovik	NORM=0.9104811549186707|O=0.08948370069265366
.	O=0.9999897480010986|NORM=8.74865145306103e-06

..	O=0.9999785423278809|NORM=2.101260361087043e-05
zaboga	O=0.975623607635498|NORM=0.02436935156583786
miloga	O=0.9994497895240784|NORM=0.0005486268200911582
!	O=0.9999890327453613|NORM=9.183745532936882e-06

sudeći	O=0.9994033575057983|NORM=0.0005963530857115984
po	O=0.9999477863311768|NORM=5.19961176905781e-05
ovom	O=0.9999750852584839|NORM=2.46643085120013e-05
reviewu	O=0.9996417760848999|NORM=0.00035658112028613687
:	O=0.9999877214431763|NORM=1.1703538802976254e-05
http://t.co/gabobs6ud7	O=0.9999910593032837|NORM=8.64870071382029e-06
,	O=0.9999865293502808|NORM=1.2580788279592525e-05
ovo	O=0.9999672174453735|NORM=3.249911969760433e-05
bi	O=0.9991494417190552|NORM=0.0008501578122377396
trebao	O=0.9995689988136292|NORM=0.00043066509533673525
bit	NORM=0.9994919300079346|O=0.0004838602035306394
@zapunjara	O=0.9999817609786987|NORM=1.7985297745326534e-05
-ov(-in?)	O=0.9991487264633179|NORM=0.0008503262652084231
najdraži	O=0.9999396800994873|NORM=5.980286005069502e-05
film	O=0.9998437166213989|NORM=0.00015393206558655947
!	O=0.9999892711639404|NORM=9.326192412117962e-06

proso'	NORM=0.9994908571243286|O=0.0004961839294992387
je	O=0.9999688863754272|NORM=3.092991028097458e-05
bez	O=0.9999865293502808|NORM=1.3117780326865613e-05
nokauta	O=0.9996877908706665|NORM=0.0003115617437288165
.	O=0.9999899864196777|NORM=8.82859603734687e-06

#slavonija	O=0.9999889135360718|NORM=1.0754317372629885e-05
osječki	O=0.9997299313545227|NORM=0.0002688695676624775
noćni	O=0.9999454021453857|NORM=5.430928649730049e-05
klubovi	O=0.9999688863754272|NORM=3.0506895200232975e-05
večeras	O=0.9999746084213257|NORM=2.5105180611717515e-05
u	O=0.9999791383743286|NORM=2.0547520762193017e-05
akciji	O=0.9998853206634521|NORM=0.00011412591993575916
'	O=0.9999721050262451|NORM=2.724812293308787e-05
razmisli	O=0.9998612403869629|NORM=0.00013800174929201603
–	O=0.9999704360961914|NORM=2.8979990020161495e-05
kad	O=0.9999842643737793|NORM=1.5195205378404353e-05
piješ	O=0.9996943473815918|NORM=0.0003044387267436832
,	O=0.9999810457229614|NORM=1.832136149459984e-05
ne	O=0.999961256980896|NORM=3.809523332165554e-05
vozi	O=0.9998238682746887|NORM=0.00017456569185014814
'	O=0.9999356269836426|NORM=6.37097837170586e-05
:	O=0.99996018409729|NORM=3.9209033275255933e-05
osječki	O=0.9997730851173401|NORM=0.00022617634385824203
klubovi	O=0.9999653100967407|NORM=3.4320346458116546e-05
ol	O=0.8698283433914185|NORM=0.13012993335723877
...	O=0.9997685551643372|NORM=0.00022951699793338776

izbačen	O=0.9997541308403015|NORM=0.00024437360116280615
ios	O=0.9935024380683899|NORM=0.006494786590337753
8.1.1	O=0.9944426417350769|NORM=0.005547706037759781
:	O=0.9999834299087524|NORM=1.5080076991580427e-05
apple	O=0.9995145797729492|NORM=0.0004834514402318746
je	O=0.9999853372573853|NORM=1.454548691981472e-05
upravo	O=0.999982476234436|NORM=1.7104335711337626e-05
izbacio	O=0.9151692390441895|NORM=0.08481962978839874
ios	O=0.9798306822776794|NORM=0.02016471140086651
8.1.1	O=0.9682080745697021|NORM=0.031751904636621475
koji	O=0.9999316930770874|NORM=6.789856706745923e-05
uglavnom	O=0.9999634027481079|NORM=3.609049235819839e-05
popravlja	O=0.9999485015869141|NORM=5.104801675770432e-05
probleme	O=0.9999849796295166|NORM=1.4293056665337645e-05
s	O=0.9999775886535645|NORM=2.205458440585062e-05
iphoneom	O=0.990395724773407|NORM=0.009600759483873844
4s	O=0.9976084232330322|NORM=0.0023883592803031206
i	O=0.9999336004257202|NORM=6.610128184547648e-05
...	O=0.999919056892395|NORM=7.965361146489158e-05

dablju	O=0.986957848072052|NORM=0.013040062040090561
,	O=0.9999816417694092|NORM=1.7603166270419024e-05
dablju	O=0.9738127589225769|NORM=0.026185523718595505
,	O=0.9999797344207764|NORM=1.9585138943511993e-05
dablju	O=0.9353140592575073|NORM=0.0646810308098793
(	O=0.9999849796295166|NORM=1.439927928004181e-05
world	O=0.9998594522476196|NORM=0.00014001961972098798
wide	O=0.9999045133590698|NORM=9.515901183476672e-05
web	O=0.9997864365577698|NORM=0.00021243633818812668
)	O=0.999967098236084|NORM=3.243617175030522e-05
slavi	O=0.9999368190765381|NORM=6.261944508878514e-05
25	O=0.9998306035995483|NORM=0.00016716901154723018
godina	O=0.9999740123748779|NORM=2.511043203412555e-05
.	O=0.9999885559082031|NORM=1.0434627256472595e-05

baš	O=0.999947190284729|NORM=5.21836154803168e-05
me	O=0.9999836683273315|NORM=1.612831329111941e-05
zanima	O=0.9999845027923584|NORM=1.5191369129752275e-05
kako	O=0.9999392032623291|NORM=6.0460650274762884e-05
će	O=0.9998950958251953|NORM=0.00010450864647282287
tržišno	O=0.9998302459716797|NORM=0.0001691377256065607
progurati	O=0.9997736811637878|NORM=0.00022557076590601355
"	O=0.999983549118042|NORM=1.563782279845327e-05
all	O=0.9999116659164429|NORM=8.585925388615578e-05
day	O=0.9998880624771118|NORM=0.00010807263606693596
battery	O=0.999944806098938|NORM=5.4181375162443146e-05
life	O=0.9999761581420898|NORM=2.317189864697866e-05
"	O=0.999969482421875|NORM=2.9204247766756453e-05
fore	O=0.7040532231330872|NORM=0.2959258556365967
za	O=0.99982750415802|NORM=0.0001717893173918128
smart-watch	O=0.9977757334709167|NORM=0.0022094850428402424
pored	O=0.9949457049369812|NORM=0.005053312052041292
"	O=0.9999836683273315|NORM=1.5710111256339587e-05
3	O=0.9995549321174622|NORM=0.00043288178858347237
years	O=0.9993860721588135|NORM=0.0005907845916226506
battery	O=0.9999494552612305|NORM=4.986106796422973e-05
life	O=0.9999793767929077|NORM=2.0144529116805643e-05
"	O=0.9999754428863525|NORM=2.322453656233847e-05
navike	O=0.9999361038208008|NORM=6.344002031255513e-05
za	O=0.9999741315841675|NORM=2.5530152925057337e-05
normalne	O=0.9999536275863647|NORM=4.615079524228349e-05
satove	O=0.9999489784240723|NORM=5.043686178396456e-05
.	O=0.999984860420227|NORM=1.2447271728888154e-05

taj	O=0.9999736547470093|NORM=2.6038593205157667e-05
jedan	O=0.9999779462814331|NORM=2.1443484001792967e-05
stariji	O=0.9999148845672607|NORM=8.464690472465008e-05
gospodin	O=0.9998466968536377|NORM=0.00015168193203862756
koji	O=0.999980092048645|NORM=1.9595199773903005e-05
me	O=0.9999710321426392|NORM=2.8539638151414692e-05
followa	O=0.8691933155059814|NORM=0.13079361617565155
pa	O=0.9999595880508423|NORM=4.011222699773498e-05
za	O=0.9999823570251465|NORM=1.7352047507301904e-05
par	O=0.9998875856399536|NORM=0.00011163330054841936
dana	O=0.9999570846557617|NORM=4.248297409503721e-05
unfollowa	O=0.953976571559906|NORM=0.046008072793483734
kad	O=0.9999786615371704|NORM=2.1040277715655975e-05
ja	O=0.9999657869338989|NORM=3.4042110200971365e-05
ne	O=0.9999226331710815|NORM=7.662826828891411e-05
upratim	O=0.9994422793388367|NORM=0.0005564778693951666
natrag	O=0.9989979863166809|NORM=0.0009964891942217946
,	O=0.9999818801879883|NORM=1.593889646755997e-05
i	O=0.9999767541885376|NORM=2.3042164684738964e-05
tako	O=0.9998774528503418|NORM=0.0001223258877871558
ukrug	O=0.9673059582710266|NORM=0.03267364948987961
.	O=0.9999885559082031|NORM=9.700297596282326e-06

doživila	NORM=0.7322325110435486|O=0.2677534520626068
sam	O=0.9999397993087769|NORM=5.9975525800837204e-05
da	O=0.9999815225601196|NORM=1.8033160813502036e-05
je	O=0.9999849796295166|NORM=1.480039099988062e-05
čovjek	O=0.9999591112136841|NORM=4.051543146488257e-05
iz	O=0.9999313354492188|NORM=6.851080252090469e-05
trake	O=0.9991458654403687|NORM=0.0008533079526387155
do	NORM=0.7234607338905334|O=0.2765141725540161
spustio	O=0.9955660700798035|NORM=0.004431891720741987
prozor	O=0.9998852014541626|NORM=0.00011426540731918067
i	O=0.9999843835830688|NORM=1.5305669876397587e-05
pitao	O=0.9998937845230103|NORM=0.0001054964741342701
:	O=0.9999843835830688|NORM=1.4812552763032727e-05
cure	O=0.999482274055481|NORM=0.0005161472363397479
,	O=0.9999723434448242|NORM=2.6222143787890673e-05
mogu	O=0.9999542236328125|NORM=4.535410334938206e-05
li	O=0.9999688863754272|NORM=3.086832657572813e-05
se	O=0.9999585151672363|NORM=4.1307015635538846e-05
možda	O=0.9998385906219482|NORM=0.00016113900346681476
ubaciti	O=0.9995777010917664|NORM=0.00042119744466617703
ispred	O=0.9998248219490051|NORM=0.00017429653962608427
vas	O=0.9999523162841797|NORM=4.718100171885453e-05
?	O=0.9999878406524658|NORM=9.820861123444047e-06

sutra	O=0.9999748468399048|NORM=2.4795550416456535e-05
u	O=0.9999885559082031|NORM=1.1050937246182002e-05
ponoć	O=0.9999376535415649|NORM=6.208635022630915e-05
završava	O=0.9999799728393555|NORM=1.980954584723804e-05
poziv	O=0.9999276399612427|NORM=7.193833880592138e-05
za	O=0.999990701675415|NORM=8.989150046545547e-06
iskazivanje	O=0.9999755620956421|NORM=2.40374356508255e-05
interesa	O=0.9999755620956421|NORM=2.4078985006781295e-05
za	O=0.9999805688858032|NORM=1.9043216525460593e-05
kupare	O=0.866252064704895|NORM=0.1336849331855774
,	O=0.9999920129776001|NORM=7.1381359703082126e-06
projekt	O=0.9999605417251587|NORM=3.918370566680096e-05
vrijedan	O=0.99993896484375|NORM=6.0770707932533696e-05
oko	O=0.9999431371688843|NORM=5.6302342272829264e-05
200	O=0.9998819828033447|NORM=0.00011722111230483279
mil.	O=0.999197781085968|NORM=0.0008005001582205296
€	O=0.9994015693664551|NORM=0.0005978217232041061
http://t.co/dglnvjgv2x	O=0.9999839067459106|NORM=1.5834826626814902e-05
#investicije	O=0.9999868869781494|NORM=1.2873157174908556e-05

