"	O=0.9999550580978394|NORM_1WORD=2.8307722459430806e-05|NORM_3PLUS=8.894439815776423e-06|NORM_2WORD=3.4309214242966846e-06
Geil	O=0.9998620748519897|NORM_1WORD=7.615011418238282e-05|NORM_3PLUS=4.453100700629875e-05|NORM_2WORD=9.88658666756237e-06
,	O=0.9999536275863647|NORM_1WORD=2.960025994980242e-05|NORM_3PLUS=1.065354354068404e-05|NORM_2WORD=2.516578888389631e-06
geiler	O=0.9998836517333984|NORM_1WORD=6.525940989376977e-05|NORM_3PLUS=3.268353975727223e-05|NORM_2WORD=1.0719366400735453e-05
Kloppo	O=0.9998143315315247|NORM_1WORD=0.00015553536650259048|NORM_3PLUS=1.5755909771542065e-05|NORM_2WORD=1.0900579582084902e-05
.	O=0.9999724626541138|NORM_1WORD=1.087620694306679e-05|NORM_3PLUS=1.030145267577609e-05|NORM_2WORD=2.979034888994647e-06

schonmal	NORM_2WORD=0.9969221949577332|NORM_3PLUS=0.0020905653946101665|NORM_1WORD=0.0006687002023681998|O=0.00017722838674671948
frühstückende	O=0.9989482760429382|NORM_1WORD=0.0009511266835033894|NORM_3PLUS=5.0986789574380964e-05|NORM_2WORD=4.3067109800176695e-05
Chinesen	O=0.9999473094940186|NORM_1WORD=3.247080894652754e-05|NORM_3PLUS=1.1578959856706206e-05|NORM_2WORD=4.069996521138819e-06
im	O=0.9999186992645264|NORM_1WORD=6.923802720848471e-05|NORM_3PLUS=7.493697921745479e-06|NORM_2WORD=2.0701688754343195e-06
ICE	O=0.9993290901184082|NORM_1WORD=0.0006369363982230425|NORM_3PLUS=2.2874113710713573e-05|NORM_2WORD=6.678487352473894e-06
neben	O=0.9999427795410156|NORM_1WORD=3.512215334922075e-05|NORM_3PLUS=1.0447651220601983e-05|NORM_2WORD=5.676509772456484e-06
dir	O=0.999969482421875|NORM_1WORD=1.1414776054152753e-05|NORM_3PLUS=9.247239177057054e-06|NORM_2WORD=4.242886006977642e-06
gehabt	O=0.9999130964279175|NORM_1WORD=6.451793160522357e-05|NORM_3PLUS=9.982450137613341e-06|NORM_2WORD=9.199141459248494e-06
?	O=0.9999774694442749|NORM_1WORD=1.0914134691120125e-05|NORM_3PLUS=6.102193765400443e-06|NORM_2WORD=2.4298462903971085e-06

Lust	O=0.9999209642410278|NORM_1WORD=3.503647894831374e-05|NORM_3PLUS=2.4428773031104356e-05|NORM_2WORD=1.249077104148455e-05
auf	O=0.999936580657959|NORM_1WORD=5.184772817301564e-05|NORM_3PLUS=7.266860848176293e-06|NORM_2WORD=2.448857458148268e-06
einen	O=0.9999529123306274|NORM_1WORD=2.876696271414403e-05|NORM_3PLUS=1.0220462172583211e-05|NORM_2WORD=4.3291061047057156e-06
schönen	O=0.99993896484375|NORM_1WORD=2.065333137579728e-05|NORM_3PLUS=1.9818577129626647e-05|NORM_2WORD=1.0291523722116835e-05
Adventskalender	O=0.9996805191040039|NORM_1WORD=0.00022143033856991678|NORM_3PLUS=4.9003148888004944e-05|NORM_2WORD=2.4694412786629982e-05
?	O=0.9999682903289795|NORM_1WORD=1.4800877579546068e-05|NORM_3PLUS=8.60516320244642e-06|NORM_2WORD=2.698608795981272e-06

Die	O=0.9999179840087891|NORM_1WORD=5.704422801500186e-05|NORM_3PLUS=1.2443033483577892e-05|NORM_2WORD=8.333225196111016e-06
selben	O=0.996547281742096|NORM_1WORD=0.0030342002864927053|NORM_3PLUS=0.00019157504721079022|NORM_2WORD=0.00019045962835662067
Handwerker	O=0.9997931122779846|NORM_1WORD=0.00016523052181582898|NORM_3PLUS=2.4904858946683817e-05|NORM_2WORD=9.186308489006478e-06
,	O=0.9999489784240723|NORM_1WORD=3.0478779081022367e-05|NORM_3PLUS=1.2469565263018012e-05|NORM_2WORD=4.094898031326011e-06
die	O=0.999956488609314|NORM_1WORD=3.221955194021575e-05|NORM_3PLUS=6.090193892305251e-06|NORM_2WORD=2.925224180216901e-06
behaupten	O=0.9999185800552368|NORM_1WORD=6.085629138397053e-05|NORM_3PLUS=1.3808385119773448e-05|NORM_2WORD=3.5066391319560353e-06
,	O=0.9999467134475708|NORM_1WORD=2.902521737269126e-05|NORM_3PLUS=1.3297028090164531e-05|NORM_2WORD=5.416987278294982e-06
ich	O=0.9999619722366333|NORM_1WORD=2.4134014893206768e-05|NORM_3PLUS=6.333450073725544e-06|NORM_2WORD=3.906300207745517e-06
hätte	O=0.9999117851257324|NORM_1WORD=6.401570863090456e-05|NORM_3PLUS=1.223608160216827e-05|NORM_2WORD=7.235209523059893e-06
ihnen	O=0.9999675750732422|NORM_1WORD=1.3630244211526588e-05|NORM_3PLUS=9.485716873314232e-06|NORM_2WORD=4.709057975560427e-06
meine	O=0.9999405145645142|NORM_1WORD=2.9769702450721525e-05|NORM_3PLUS=1.4875520719215274e-05|NORM_2WORD=8.754856025916524e-06
Wohnung	O=0.9999160766601562|NORM_1WORD=2.958845470857341e-05|NORM_3PLUS=2.8210864911670797e-05|NORM_2WORD=1.4466320862993598e-05
verwehrt	O=0.9999394416809082|NORM_1WORD=3.9220412872964516e-05|NORM_3PLUS=1.2420643543009646e-05|NORM_2WORD=4.1489988689136226e-06
.	O=0.9999667406082153|NORM_1WORD=1.3868875612388365e-05|NORM_3PLUS=1.1827286471088883e-05|NORM_2WORD=3.805631649811403e-06

DVD	O=0.9994511008262634|NORM_1WORD=0.0005083844298496842|NORM_3PLUS=2.4114877305692062e-05|NORM_2WORD=9.988178135245107e-06
Robots	O=0.9998016953468323|NORM_1WORD=0.00014750962145626545|NORM_3PLUS=3.205718894605525e-05|NORM_2WORD=1.1937145245610736e-05
:	O=0.9999697208404541|NORM_1WORD=1.4347766409628093e-05|NORM_3PLUS=9.783077075553592e-06|NORM_2WORD=2.4744076654314995e-06
Sitzendorf	O=0.9998817443847656|NORM_1WORD=8.144919411279261e-05|NORM_3PLUS=1.6569279978284612e-05|NORM_2WORD=1.6408803276135586e-05
an	O=0.9999651908874512|NORM_1WORD=2.0130588382016867e-05|NORM_3PLUS=8.458155207335949e-06|NORM_2WORD=3.4502595553931314e-06
der	O=0.9999676942825317|NORM_1WORD=2.0983157810405828e-05|NORM_3PLUS=6.294635568337981e-06|NORM_2WORD=3.103418976024841e-06
Schmida	O=0.9353880882263184|NORM_1WORD=0.046387676149606705|NORM_2WORD=0.013983712531626225|NORM_3PLUS=0.003825186286121607
|	O=0.9999116659164429|NORM_1WORD=5.3509978897636756e-05|NORM_3PLUS=1.9907009118469432e-05|NORM_2WORD=7.98262954049278e-06
Von	O=0.9998770952224731|NORM_1WORD=7.944748358568177e-05|NORM_3PLUS=2.7453017537482083e-05|NORM_2WORD=6.766489605070092e-06
den	O=0.9999563694000244|NORM_1WORD=2.9547603844548576e-05|NORM_3PLUS=7.110392743925331e-06|NORM_2WORD=3.4534746191638988e-06
Machern	O=0.9998615980148315|NORM_1WORD=0.00010254514199914411|NORM_3PLUS=2.2445055947173387e-05|NORM_2WORD=7.07491881257738e-06
von	O=0.9999616146087646|NORM_1WORD=2.1797251974930987e-05|NORM_3PLUS=8.317074389196932e-06|NORM_2WORD=2.7701207727659494e-06
ICE	O=0.9986238479614258|NORM_1WORD=0.0013256800593808293|NORM_3PLUS=3.619591370807029e-05|NORM_2WORD=8.307190910272766e-06
AGE	O=0.9996001124382019|NORM_1WORD=0.00034996255999431014|NORM_3PLUS=3.376255335751921e-05|NORM_2WORD=1.0445633961353451e-05
habe	O=0.9998525381088257|NORM_1WORD=0.00012904632603749633|NORM_3PLUS=1.1063890269724652e-05|NORM_2WORD=4.125313807890052e-06
ich	O=0.9999685287475586|NORM_1WORD=2.0454433979466558e-05|NORM_3PLUS=5.069514372735284e-06|NORM_2WORD=3.401414915060741e-06
den	O=0.9999316930770874|NORM_1WORD=4.710737630375661e-05|NORM_3PLUS=1.1303213796054479e-05|NORM_2WORD=5.408781362348236e-06
Film	O=0.9998394250869751|NORM_1WORD=0.00013159822265151888|NORM_3PLUS=1.677411637501791e-05|NORM_2WORD=6.542960818478605e-06
ROBOTS	NORM_1WORD=0.6824535131454468|O=0.3155269920825958|NORM_3PLUS=0.0013216256629675627|NORM_2WORD=0.0005439299275167286
zu	O=0.9999525547027588|NORM_1WORD=3.272125104558654e-05|NORM_3PLUS=8.423170584137551e-06|NORM_2WORD=2.295929334650282e-06
verkaufen	O=0.999955415725708|NORM_1WORD=2.6730285753728822e-05|NORM_3PLUS=7.701068170717917e-06|NORM_2WORD=6.338980256259674e-06
Versan	NORM_1WORD=0.9845795631408691|NORM_2WORD=0.011769420467317104|NORM_3PLUS=0.0023987479507923126|O=0.001132152508944273
...	O=0.9999432563781738|NORM_1WORD=3.524423300405033e-05|NORM_3PLUS=1.2661233995459042e-05|NORM_2WORD=4.785827059095027e-06

Trudi	O=0.9990518689155579|NORM_1WORD=0.000690125860273838|NORM_3PLUS=0.00013334574759937823|NORM_2WORD=7.482223736587912e-05
28020	O=0.9997841715812683|NORM_3PLUS=9.329317981610075e-05|NORM_1WORD=7.883791113272309e-05|NORM_2WORD=1.952171623997856e-05
-	O=0.9999580383300781|NORM_1WORD=2.223611591034569e-05|NORM_3PLUS=1.2233976121933665e-05|NORM_2WORD=2.895503030231339e-06
Geschenkset	O=0.9996554851531982|NORM_1WORD=0.00017444544937461615|NORM_3PLUS=0.00011234390694880858|NORM_2WORD=3.9041296986397356e-05
,	O=0.999941349029541|NORM_1WORD=3.844784805551171e-05|NORM_3PLUS=1.3967101949674543e-05|NORM_2WORD=2.8303079488978256e-06
Appetit	O=0.9998469352722168|NORM_1WORD=0.00012863239680882543|NORM_3PLUS=1.5293644537450746e-05|NORM_2WORD=5.568911547015887e-06
und	O=0.999944806098938|NORM_1WORD=4.5338107156567276e-05|NORM_3PLUS=6.783573098800844e-06|NORM_2WORD=1.6657394326102803e-06
Spielen	O=0.9999657869338989|NORM_1WORD=2.2852960682939738e-05|NORM_3PLUS=7.557986464235e-06|NORM_2WORD=2.0081406546523795e-06
blau	O=0.999755322933197|NORM_1WORD=0.0002010613534366712|NORM_3PLUS=3.062603354919702e-05|NORM_2WORD=6.531070539494976e-06
:	O=0.999964714050293|NORM_1WORD=1.7165000826935284e-05|NORM_3PLUS=1.071978567779297e-05|NORM_2WORD=2.8395177196216537e-06
Trudi®	O=0.999884843826294|NORM_1WORD=8.542652358300984e-05|NORM_3PLUS=1.6660962501191534e-05|NORM_2WORD=7.44179897083086e-06
28020	O=0.9997796416282654|NORM_1WORD=8.857015200192109e-05|NORM_3PLUS=8.67775670485571e-05|NORM_2WORD=1.912322659336496e-05
Geschenkset	O=0.9998075366020203|NORM_1WORD=0.00010780854063341394|NORM_3PLUS=5.80318046559114e-05|NORM_2WORD=1.7188707715831697e-05
'	O=0.9997633099555969|NORM_1WORD=0.0002049147879006341|NORM_3PLUS=1.8927596102003008e-05|NORM_2WORD=7.2386619649478234e-06
Appetit	O=0.9998140931129456|NORM_1WORD=0.0001599042589077726|NORM_3PLUS=1.592030093888752e-05|NORM_2WORD=6.094967829994857e-06
und	O=0.999955415725708|NORM_1WORD=3.5643588489620015e-05|NORM_3PLUS=5.85617226533941e-06|NORM_2WORD=1.6027695437514922e-06
Spielen	O=0.999966025352478|NORM_1WORD=2.284453330503311e-05|NORM_3PLUS=7.354321496677585e-06|NORM_2WORD=2.05066021408129e-06
'	O=0.9999107122421265|NORM_1WORD=5.286720261210576e-05|NORM_3PLUS=2.2219292077352293e-05|NORM_2WORD=7.016906238277443e-06
blauTrudi-	O=0.9995854496955872|NORM_1WORD=0.0003805196611210704|NORM_3PLUS=2.322269938304089e-05|NORM_2WORD=5.722183232137468e-06
Ka	NORM_1WORD=0.9958963394165039|O=0.003436693921685219|NORM_3PLUS=0.0003570523695088923|NORM_2WORD=0.00024005825980566442
...	O=0.9999417066574097|NORM_1WORD=3.702148751472123e-05|NORM_3PLUS=1.294750654778909e-05|NORM_2WORD=4.123612598050386e-06

Haarewaschen	O=0.9988318085670471|NORM_1WORD=0.001043755211867392|NORM_3PLUS=8.940968837123364e-05|NORM_2WORD=2.5231407562387176e-05
sieht	O=0.9999233484268188|NORM_1WORD=3.5037162888329476e-05|NORM_3PLUS=2.052884519798681e-05|NORM_2WORD=1.1103679753432516e-05
auch	O=0.9999606609344482|NORM_1WORD=2.1540428861044347e-05|NORM_3PLUS=7.603392077726312e-06|NORM_2WORD=6.648020644206554e-06
immer	O=0.9999618530273438|NORM_1WORD=1.646333657845389e-05|NORM_3PLUS=1.0861414011742454e-05|NORM_2WORD=7.091990482877009e-06
aus	O=0.9999511241912842|NORM_1WORD=3.285124694230035e-05|NORM_3PLUS=7.990248377609532e-06|NORM_2WORD=4.6988734538899735e-06
wie	O=0.9999369382858276|NORM_1WORD=2.497633067832794e-05|NORM_3PLUS=2.3335493096965365e-05|NORM_2WORD=8.269787031167652e-06
PulsaderSchlitzSuizid	O=0.9998389482498169|NORM_1WORD=0.0001023410732159391|NORM_3PLUS=3.756500154850073e-05|NORM_2WORD=1.2226069884491153e-05
in	O=0.9999567270278931|NORM_1WORD=2.8137585104559548e-05|NORM_3PLUS=9.241593033948448e-06|NORM_2WORD=3.3299729693681e-06
der	O=0.999932050704956|NORM_1WORD=5.557228359975852e-05|NORM_3PLUS=7.251921942952322e-06|NORM_2WORD=3.3488270219095284e-06
Badewanne	O=0.9998193383216858|NORM_1WORD=0.00011156756954733282|NORM_3PLUS=4.8647154471836984e-05|NORM_2WORD=1.0847941666725092e-05
*	O=0.9997597336769104|NORM_1WORD=0.00010677102545741946|NORM_3PLUS=8.039540989557281e-05|NORM_2WORD=2.5855966669041663e-05
nerv	NORM_1WORD=0.6274477243423462|O=0.3701658546924591|NORM_3PLUS=0.0013923675287514925|NORM_2WORD=0.0008988784975372255
*	O=0.9996542930603027|NORM_3PLUS=0.00015882674779277295|NORM_1WORD=9.539858001517132e-05|NORM_2WORD=4.0951334085548297e-05

aawww	NORM_1WORD=0.9136732816696167|O=0.08275864273309708|NORM_2WORD=0.0026781701017171144|NORM_3PLUS=0.0007723714807070792
,	O=0.9999297857284546|NORM_1WORD=4.66741003037896e-05|NORM_3PLUS=1.3221742847235873e-05|NORM_2WORD=5.284912731440272e-06
ich	O=0.9997640252113342|NORM_1WORD=0.00021863858273718506|NORM_3PLUS=6.844895779067883e-06|NORM_2WORD=5.942385087109869e-06
hoff	O=0.9364800453186035|NORM_1WORD=0.06277833133935928|NORM_2WORD=0.00037940064794383943|NORM_3PLUS=0.0002781075017992407
so	O=0.999897837638855|NORM_1WORD=3.804873995250091e-05|NORM_2WORD=3.333814311190508e-05|NORM_3PLUS=2.299597872479353e-05
,	O=0.9999008178710938|NORM_1WORD=6.997228047112003e-05|NORM_3PLUS=1.717615123197902e-05|NORM_2WORD=6.948017471586354e-06
dass	O=0.9998435974121094|NORM_1WORD=0.00013428177044261247|NORM_3PLUS=1.2962766959390137e-05|NORM_2WORD=5.869181222806219e-06
es	O=0.999956488609314|NORM_1WORD=2.4509030481567606e-05|NORM_3PLUS=9.560254511598032e-06|NORM_2WORD=5.807641173305456e-06
klappt	O=0.9996833801269531|NORM_1WORD=0.0002063542342511937|NORM_3PLUS=5.3480009228223935e-05|NORM_2WORD=2.5387365894857794e-05
%PosSmiley	O=0.9999377727508545|NORM_1WORD=2.5578012355254032e-05|NORM_3PLUS=2.3774849978508428e-05|NORM_2WORD=7.106443717930233e-06
%PosSmiley	O=0.9999274015426636|NORM_3PLUS=2.868713636416942e-05|NORM_1WORD=2.7422736820881255e-05|NORM_2WORD=7.5515649768931326e-06

...	O=0.9998799562454224|NORM_1WORD=6.81347883073613e-05|NORM_3PLUS=2.8745203962898813e-05|NORM_2WORD=1.4103114153840579e-05
les	O=0.5568413138389587|NORM_1WORD=0.4417436718940735|NORM_3PLUS=0.0009156849700957537|NORM_2WORD=0.00046385981841012836
'	NORM_1WORD=0.9184235334396362|O=0.07904257625341415|NORM_2WORD=0.0017428722931072116|NORM_3PLUS=0.000732436019461602
grad	NORM_1WORD=0.999640941619873|O=0.0002601845480967313|NORM_3PLUS=4.6460492740152404e-05|NORM_2WORD=4.487988553592004e-05
.	O=0.9999512434005737|NORM_3PLUS=2.2740536223864183e-05|NORM_1WORD=1.1708190868375823e-05|NORM_2WORD=6.474676865764195e-06

bekomme	NORM_1WORD=0.9984151124954224|O=0.001512545277364552|NORM_3PLUS=4.4139793317299336e-05|NORM_2WORD=2.1420059056254104e-05
ich	O=0.9999140501022339|NORM_1WORD=7.196314982138574e-05|NORM_3PLUS=6.295294497249415e-06|NORM_2WORD=4.498087037063669e-06
einen	O=0.9998936653137207|NORM_1WORD=8.740519842831418e-05|NORM_3PLUS=1.095603784051491e-05|NORM_2WORD=3.996938630734803e-06
online	O=0.8478231430053711|NORM_1WORD=0.15130893886089325|NORM_3PLUS=0.0006051896489225328|NORM_2WORD=0.00020741013577207923
advendskalender	NORM_1WORD=0.9428580403327942|O=0.05617167055606842|NORM_3PLUS=0.0005282644997350872|NORM_2WORD=0.0003693691687658429
von	O=0.9998923540115356|NORM_1WORD=8.96419005584903e-05|NORM_3PLUS=9.6039957497851e-06|NORM_2WORD=3.1059091725182952e-06
dir	O=0.9999681711196899|NORM_1WORD=1.458178030588897e-05|NORM_3PLUS=7.818816811777651e-06|NORM_2WORD=4.1500484257994685e-06
?	O=0.9999725818634033|NORM_1WORD=1.49145216710167e-05|NORM_3PLUS=6.664191460004076e-06|NORM_2WORD=2.346140945519437e-06

oh	NORM_1WORD=0.9968975782394409|O=0.0030284372624009848|NORM_3PLUS=4.461425123736262e-05|NORM_2WORD=2.1670384739991277e-05
gott	NORM_1WORD=0.9650135636329651|O=0.034610308706760406|NORM_2WORD=0.0002142924495274201|NORM_3PLUS=0.0001377324078930542
,	O=0.9999281167984009|NORM_1WORD=4.1035473259398714e-05|NORM_3PLUS=1.9372842871234752e-05|NORM_2WORD=5.2942918955523055e-06
mir	O=0.9999371767044067|NORM_1WORD=4.779346636496484e-05|NORM_3PLUS=7.266822649398819e-06|NORM_2WORD=3.1654735721531324e-06
graust	O=0.9999185800552368|NORM_1WORD=6.186807149788365e-05|NORM_3PLUS=9.422016773896758e-06|NORM_2WORD=7.815729986759834e-06
es	O=0.9999591112136841|NORM_1WORD=2.4266097170766443e-05|NORM_3PLUS=7.78495905251475e-06|NORM_2WORD=5.489341674547177e-06
vor	O=0.9997952580451965|NORM_1WORD=0.00017110229237005115|NORM_3PLUS=2.0105431758565828e-05|NORM_2WORD=9.613472684577573e-06
unserem	O=0.9998916387557983|NORM_1WORD=7.194569479906932e-05|NORM_3PLUS=1.8117432773578912e-05|NORM_2WORD=1.1279610589554068e-05
mittelfeld	NORM_1WORD=0.9379404187202454|O=0.06178981810808182|NORM_3PLUS=0.0001336042332695797|NORM_2WORD=0.00011734231520676985
nächste	O=0.99992835521698|NORM_1WORD=5.2846964536001906e-05|NORM_2WORD=8.140479621943086e-06|NORM_3PLUS=8.020153472898528e-06
woche	NORM_1WORD=0.9152852892875671|O=0.08392151445150375|NORM_3PLUS=0.000405454688007012|NORM_2WORD=0.00033974714460782707
.	O=0.9999631643295288|NORM_1WORD=1.5888303096289746e-05|NORM_3PLUS=1.3054712326265872e-05|NORM_2WORD=3.890308107656892e-06

Und	O=0.9997522234916687|NORM_1WORD=0.00018408222240395844|NORM_3PLUS=3.633993765106425e-05|NORM_2WORD=1.2879517271358054e-05
nacher	O=0.929287850856781|NORM_2WORD=0.04509775713086128|NORM_1WORD=0.01280555222183466|NORM_3PLUS=0.01229171920567751
würd	NORM_1WORD=0.9994606375694275|NORM_2WORD=0.0002162426244467497|NORM_3PLUS=0.00015794071077834815|O=0.00014204249600879848
's	NORM_1WORD=0.9988717436790466|O=0.0005421148962341249|NORM_2WORD=0.0003288805019110441|NORM_3PLUS=0.00021296198247000575
immer	O=0.999940037727356|NORM_1WORD=3.867090345011093e-05|NORM_3PLUS=1.1967308637395035e-05|NORM_2WORD=5.35062554263277e-06
schneller	O=0.9999512434005737|NORM_1WORD=2.30321293201996e-05|NORM_3PLUS=1.3801976820104755e-05|NORM_2WORD=6.2484546106134076e-06
%PosSmiley	O=0.9999141693115234|NORM_1WORD=4.7832443669904023e-05|NORM_3PLUS=2.31539634114597e-05|NORM_2WORD=8.231231731770094e-06

ich	NORM_1WORD=0.9038617610931396|O=0.09599169343709946|NORM_3PLUS=8.48674462758936e-05|NORM_2WORD=4.300564978620969e-05
geh	NORM_1WORD=0.9980728626251221|O=0.0012150623369961977|NORM_3PLUS=0.0003549207467585802|NORM_2WORD=0.00032428011763840914
jz	NORM_1WORD=0.998788058757782|NORM_2WORD=0.0008021856192499399|NORM_3PLUS=0.0002627443172968924|O=0.00012276247434783727
dann	O=0.9999289512634277|NORM_1WORD=3.2002528314478695e-05|NORM_2WORD=1.8057200577459298e-05|NORM_3PLUS=1.3723863048653584e-05
schlafen	O=0.9996034502983093|NORM_1WORD=0.00024118289002217352|NORM_3PLUS=6.32326555205509e-05|NORM_2WORD=5.2639941714005545e-05
%PosSmiley	O=0.9999067783355713|NORM_1WORD=4.6291930630104616e-05|NORM_3PLUS=2.7252059226157144e-05|NORM_2WORD=1.0155826203117613e-05

Ich	O=0.9999164342880249|NORM_1WORD=6.543187191709876e-05|NORM_3PLUS=8.569699275540188e-06|NORM_2WORD=5.083061751065543e-06
kriegs	NORM_2WORD=0.6858866214752197|NORM_1WORD=0.30364924669265747|NORM_3PLUS=0.009708533063530922|O=0.000309366820147261
einfach	O=0.9999234676361084|NORM_1WORD=5.301631972542964e-05|NORM_3PLUS=1.0443046448926907e-05|NORM_2WORD=9.064098776434548e-06
nicht	O=0.9999486207962036|NORM_1WORD=3.5797835153061897e-05|NORM_3PLUS=7.407498742395546e-06|NORM_2WORD=3.984166141890455e-06
HIN	NORM_1WORD=0.9985101819038391|O=0.0009286723216064274|NORM_3PLUS=0.00034644329571165144|NORM_2WORD=0.00018688866111915559
,	O=0.9999220371246338|NORM_1WORD=5.7683588238433003e-05|NORM_3PLUS=1.2261111805855762e-05|NORM_2WORD=3.606008249334991e-06
mal	O=0.9998788833618164|NORM_1WORD=8.263854397227988e-05|NORM_3PLUS=1.6498966942890547e-05|NORM_2WORD=1.6008880265871994e-05
anzufangen	O=0.9998745918273926|NORM_1WORD=7.28800441720523e-05|NORM_3PLUS=2.684530227270443e-05|NORM_2WORD=1.545099075883627e-05
&gt;&lt;	O=0.9994648098945618|NORM_1WORD=0.0004422770580276847|NORM_3PLUS=4.888956755166873e-05|NORM_2WORD=3.3147978683700785e-05
""""	O=0.9998487234115601|NORM_1WORD=0.00010050003766082227|NORM_3PLUS=2.1648684196406975e-05|NORM_2WORD=1.928921847138554e-05

warum	NORM_1WORD=0.988483726978302|O=0.01106142159551382|NORM_3PLUS=0.00023038517974782735|NORM_2WORD=0.00012792294728569686
haben	O=0.99994957447052|NORM_1WORD=3.388272307347506e-05|NORM_3PLUS=8.732396054256242e-06|NORM_2WORD=3.815359832515242e-06
Weihnachtsmänner	O=0.9999381303787231|NORM_1WORD=4.15811846323777e-05|NORM_3PLUS=1.1005556189047638e-05|NORM_2WORD=3.5931072943640174e-06
Bärte	O=0.9994024038314819|NORM_1WORD=0.000548025593161583|NORM_3PLUS=3.26331501128152e-05|NORM_2WORD=1.1445463314885274e-05

meine	NORM_1WORD=0.9987874627113342|O=0.001080363872461021|NORM_3PLUS=7.752184319542721e-05|NORM_2WORD=4.153412373852916e-05
Güte	O=0.9995427131652832|NORM_1WORD=0.0004046565154567361|NORM_3PLUS=3.1822837627260014e-05|NORM_2WORD=1.2942044122610241e-05
...	O=0.999961256980896|NORM_1WORD=1.4309001016954426e-05|NORM_3PLUS=1.2543477168946993e-05|NORM_2WORD=5.5117207011790015e-06

Ach	O=0.9994854927062988|NORM_1WORD=0.00046638352796435356|NORM_2WORD=2.237189437437337e-05|NORM_3PLUS=2.0623068849090487e-05
,	O=0.9999496936798096|NORM_1WORD=2.9914153856225312e-05|NORM_3PLUS=1.2565613360493444e-05|NORM_2WORD=4.175840331299696e-06
ok	O=0.9994099140167236|NORM_1WORD=0.0005450795870274305|NORM_3PLUS=2.8752356229233555e-05|NORM_2WORD=1.1268757589277811e-05
.	O=0.9999591112136841|NORM_1WORD=1.7524931536172517e-05|NORM_3PLUS=1.4537243259837851e-05|NORM_2WORD=4.186087153357221e-06
Sollten	O=0.9999403953552246|NORM_1WORD=4.170188185526058e-05|NORM_3PLUS=9.333663911093026e-06|NORM_2WORD=4.035881829622667e-06
Sie	O=0.9999738931655884|NORM_1WORD=1.1222391549381427e-05|NORM_3PLUS=6.219690021680435e-06|NORM_2WORD=4.5315068746276665e-06
heute	O=0.9999619722366333|NORM_1WORD=1.904567761812359e-05|NORM_3PLUS=9.336999028164428e-06|NORM_2WORD=5.654411779687507e-06
oder	O=0.9999427795410156|NORM_1WORD=4.635469667846337e-05|NORM_3PLUS=5.7795600696408655e-06|NORM_2WORD=2.9299640118551906e-06
die	O=0.9998741149902344|NORM_1WORD=0.00010869056131923571|NORM_3PLUS=8.13151928014122e-06|NORM_2WORD=6.5578055910009425e-06
Tage	O=0.9999526739120483|NORM_1WORD=1.9201394025003538e-05|NORM_3PLUS=1.564444028190337e-05|NORM_2WORD=8.03712464403361e-06
wieder	O=0.9999678134918213|NORM_1WORD=1.726497066556476e-05|NORM_3PLUS=7.758632818877231e-06|NORM_2WORD=4.101712875126395e-06
in	O=0.9999666213989258|NORM_1WORD=2.4247727196780033e-05|NORM_3PLUS=4.875220838584937e-06|NORM_2WORD=2.2879223706695484e-06
Oberhausen	O=0.9997246861457825|NORM_1WORD=0.00015792880731169134|NORM_3PLUS=5.3722633310826495e-05|NORM_2WORD=3.792214920395054e-05
sein	O=0.9999403953552246|NORM_1WORD=3.584652949939482e-05|NORM_3PLUS=1.3450540791382082e-05|NORM_2WORD=5.235416210780386e-06
,	O=0.99994957447052|NORM_1WORD=3.288984589744359e-05|NORM_3PLUS=1.0854778338398319e-05|NORM_2WORD=2.822654323608731e-06
vllt	NORM_1WORD=0.9961556792259216|NORM_2WORD=0.0015892317751422524|O=0.0012801464181393385|NORM_3PLUS=0.0008803220116533339
.	O=0.9997166991233826|NORM_1WORD=0.00021623345674015582|NORM_3PLUS=4.5553588279290125e-05|NORM_2WORD=1.269698259420693e-05
können	O=0.9999295473098755|NORM_1WORD=4.9512465920997784e-05|NORM_3PLUS=1.0112893505720422e-05|NORM_2WORD=6.554942956427112e-06
Sie	O=0.9999722242355347|NORM_1WORD=1.2481919839046896e-05|NORM_3PLUS=6.218647740752203e-06|NORM_2WORD=5.450737262435723e-06
das	O=0.999671220779419|NORM_1WORD=0.0002993748348671943|NORM_3PLUS=1.4273125998442993e-05|NORM_2WORD=1.03324937299476e-05
Netz	O=0.9994381070137024|NORM_1WORD=0.0005027277511544526|NORM_3PLUS=3.46183696819935e-05|NORM_2WORD=1.4808781997999176e-05
mal	O=0.9999557733535767|NORM_1WORD=2.4830053007462993e-05|NORM_3PLUS=8.668939699418843e-06|NORM_2WORD=7.312612524401629e-06
beobachten	O=0.9999148845672607|NORM_1WORD=5.557667827815749e-05|NORM_3PLUS=1.7023929103743285e-05|NORM_2WORD=6.091288014431484e-06
&	O=0.9997996687889099|NORM_1WORD=0.00015012634685263038|NORM_3PLUS=2.8522232241812162e-05|NORM_2WORD=1.5157434972934425e-05
berichten	O=0.9999294281005859|NORM_1WORD=5.4506010201293975e-05|NORM_3PLUS=9.205136848322581e-06|NORM_2WORD=3.5236771509516984e-06
?	O=0.9999781847000122|NORM_1WORD=9.462813977734186e-06|NORM_3PLUS=7.194577392510837e-06|NORM_2WORD=2.594754960227874e-06
^ju	O=0.9993066787719727|NORM_1WORD=0.00042739140917547047|NORM_2WORD=0.00014780135825276375|NORM_3PLUS=9.463997412240133e-05

Hier	O=0.9999648332595825|NORM_1WORD=1.4848923456156626e-05|NORM_3PLUS=8.96208166523138e-06|NORM_2WORD=7.524450666096527e-06
ist	O=0.9999690055847168|NORM_1WORD=1.484779659222113e-05|NORM_3PLUS=9.443982889933977e-06|NORM_2WORD=3.967881639255211e-06
mein	O=0.9996044039726257|NORM_1WORD=0.00030911664362065494|NORM_3PLUS=3.9657177694607526e-05|NORM_2WORD=3.7890869862167165e-05
kleines	O=0.9997803568840027|NORM_1WORD=0.00012124922795919701|NORM_2WORD=4.873594662058167e-05|NORM_3PLUS=4.510602229856886e-05
Bruder	O=0.999904990196228|NORM_1WORD=6.202301301527768e-05|NORM_3PLUS=1.3832211152475793e-05|NORM_2WORD=1.0831605322891846e-05
❤	O=0.9998840093612671|NORM_1WORD=8.530303603038192e-05|NORM_3PLUS=1.616156441741623e-05|NORM_2WORD=8.962862011685502e-06
der	O=0.9998536109924316|NORM_1WORD=0.00011870168964378536|NORM_3PLUS=1.5456929759238847e-05|NORM_2WORD=5.990322733850917e-06
jüngste	O=0.9985154271125793|NORM_1WORD=0.001441238564439118|NORM_3PLUS=2.8257129088160582e-05|NORM_2WORD=9.515454621578101e-06
u	NORM_1WORD=0.9960564374923706|O=0.0037146699614822865|NORM_2WORD=0.00012424004671629518|NORM_3PLUS=8.931120828492567e-05
die	O=0.9997678399085999|NORM_1WORD=0.00018652806465979666|NORM_3PLUS=2.501617927919142e-05|NORM_2WORD=1.4628690223617014e-05
älteste	O=0.9999363422393799|NORM_1WORD=2.9400847779470496e-05|NORM_3PLUS=1.6100337234092876e-05|NORM_2WORD=1.2953167242812924e-05
:)	O=0.9999561309814453|NORM_1WORD=1.7300568288192153e-05|NORM_3PLUS=1.3378688890952617e-05|NORM_2WORD=6.460183158196742e-06

ach	NORM_1WORD=0.9974194765090942|O=0.0024536012206226587|NORM_2WORD=6.1988495872356e-05|NORM_3PLUS=5.5146698286989704e-05
,	O=0.9999299049377441|NORM_1WORD=3.56467608071398e-05|NORM_3PLUS=1.9414828784647398e-05|NORM_2WORD=6.937340913282242e-06
hört	O=0.9995601773262024|NORM_1WORD=0.00032583181746304035|NORM_2WORD=5.152364610694349e-05|NORM_3PLUS=4.452197390492074e-05
uff	O=0.8334282040596008|NORM_1WORD=0.15999256074428558|NORM_2WORD=0.005532568320631981|NORM_3PLUS=0.0008561722352169454
.	O=0.999951958656311|NORM_3PLUS=1.9474709915812127e-05|NORM_1WORD=1.3973085515317507e-05|NORM_2WORD=7.322221790673211e-06

Auf	O=0.9995396137237549|NORM_1WORD=0.0003739932144526392|NORM_3PLUS=4.6897268475731835e-05|NORM_2WORD=2.8849506634287536e-05
dem	O=0.9998643398284912|NORM_1WORD=9.199136547977105e-05|NORM_3PLUS=2.396328272880055e-05|NORM_2WORD=1.3502221918315627e-05
weg	NORM_1WORD=0.7479275465011597|O=0.24885420501232147|NORM_3PLUS=0.00148837361484766|NORM_2WORD=0.001160596264526248
nach	O=0.999930739402771|NORM_1WORD=5.266912921797484e-05|NORM_3PLUS=8.544066986360122e-06|NORM_2WORD=4.0317231650988106e-06
friedrichshafen	NORM_1WORD=0.9171968102455139|O=0.08191346377134323|NORM_3PLUS=0.00045918699470348656|NORM_2WORD=0.00038944167317822576
fuer	NORM_1WORD=0.9992372989654541|NORM_3PLUS=0.000320739607559517|NORM_2WORD=0.00027256147586740553|O=0.00014489857130683959
wetten	NORM_1WORD=0.939031720161438|O=0.05871402472257614|NORM_2WORD=0.0011555944802239537|NORM_3PLUS=0.001046572346240282
dass	O=0.9964131712913513|NORM_1WORD=0.0031726837623864412|NORM_2WORD=0.00022298796102404594|NORM_3PLUS=0.00017593831580597907
.	O=0.9999492168426514|NORM_1WORD=2.7495427275425754e-05|NORM_3PLUS=1.4790619388804771e-05|NORM_2WORD=4.087419256393332e-06

Man	O=0.9999274015426636|NORM_1WORD=3.30081456922926e-05|NORM_3PLUS=1.7126849343185313e-05|NORM_2WORD=1.573923509567976e-05
lebt	O=0.9998316764831543|NORM_1WORD=0.00010986825509462506|NORM_2WORD=2.8626864150282927e-05|NORM_3PLUS=2.1789765014545992e-05
mehr	O=0.9998947381973267|NORM_2WORD=3.753100099856965e-05|NORM_3PLUS=3.255489718867466e-05|NORM_1WORD=2.302707071066834e-05
in	O=0.9999608993530273|NORM_1WORD=2.62317498709308e-05|NORM_3PLUS=7.121248927433044e-06|NORM_2WORD=3.71855526282161e-06
der	O=0.9999628067016602|NORM_1WORD=2.838309228536673e-05|NORM_3PLUS=4.8584611249680165e-06|NORM_2WORD=2.497336481610546e-06
Uni	O=0.9997121691703796|NORM_1WORD=0.000218421351746656|NORM_3PLUS=3.340536204632372e-05|NORM_2WORD=2.2349520804709755e-05
als	O=0.9999533891677856|NORM_3PLUS=1.7517395463073626e-05|NORM_1WORD=1.7027232388500124e-05|NORM_2WORD=6.735097940691048e-06
zuhause	NORM_2WORD=0.7298074960708618|O=0.2521587908267975|NORM_3PLUS=0.008758032694458961|NORM_1WORD=0.008121900260448456
.	O=0.9999644756317139|NORM_1WORD=1.5080266166478395e-05|NORM_3PLUS=1.2315634194237646e-05|NORM_2WORD=4.292252015147824e-06

Wer	O=0.9999412298202515|NORM_1WORD=3.985061630373821e-05|NORM_3PLUS=7.546234428446041e-06|NORM_2WORD=6.710479738103459e-06
ist	O=0.9999707937240601|NORM_1WORD=1.4013304280524608e-05|NORM_3PLUS=7.90629655966768e-06|NORM_2WORD=3.234696805520798e-06
Live	O=0.9997029900550842|NORM_3PLUS=0.00012194511509733275|NORM_1WORD=0.00010588896839180961|NORM_2WORD=5.844716361025348e-05
dabei	O=0.9999685287475586|NORM_1WORD=1.2323651390033774e-05|NORM_3PLUS=9.478735591983423e-06|NORM_2WORD=5.068180144007783e-06
??	O=0.9999784231185913|NORM_1WORD=7.398703473882051e-06|NORM_3PLUS=6.047844181011897e-06|NORM_2WORD=3.5149821542290738e-06

Man	O=0.9999431371688843|NORM_1WORD=2.441718061163556e-05|NORM_3PLUS=1.4800829376326874e-05|NORM_2WORD=1.074070496542845e-05
konnte	O=0.9999480247497559|NORM_1WORD=2.7774965928983875e-05|NORM_3PLUS=1.1816152436949778e-05|NORM_2WORD=6.847709300927818e-06
sie	O=0.9999603033065796|NORM_3PLUS=1.3444690921460278e-05|NORM_1WORD=1.0509412277315278e-05|NORM_2WORD=9.741824214870576e-06
schon	O=0.9999558925628662|NORM_1WORD=1.827265259635169e-05|NORM_3PLUS=1.2683813110925257e-05|NORM_2WORD=8.491950211464427e-06
vom	O=0.9999558925628662|NORM_1WORD=2.4247583496617153e-05|NORM_3PLUS=1.1638989235507324e-05|NORM_2WORD=4.168807663518237e-06
weitem	O=0.9998579025268555|NORM_1WORD=0.00011553940566955134|NORM_3PLUS=1.4407587514142506e-05|NORM_2WORD=8.902163244783878e-06
hören	O=0.9999098777770996|NORM_1WORD=3.632408333942294e-05|NORM_3PLUS=2.42350906773936e-05|NORM_2WORD=1.4721857041877229e-05
.	O=0.9999713897705078|NORM_3PLUS=1.1560271559574176e-05|NORM_1WORD=9.477994353801478e-06|NORM_2WORD=3.972033027821453e-06

die	NORM_1WORD=0.9962738752365112|O=0.0036340944934636354|NORM_3PLUS=5.8188110415358096e-05|NORM_2WORD=2.635035889397841e-05
therme	NORM_1WORD=0.9986379742622375|O=0.0012135151773691177|NORM_2WORD=7.736527913948521e-05|NORM_3PLUS=6.104277417762205e-05
ist	O=0.9999505281448364|NORM_1WORD=2.516649146855343e-05|NORM_3PLUS=1.1782851288444363e-05|NORM_2WORD=7.060382358758943e-06
6	O=0.9999532699584961|NORM_1WORD=2.5717439712025225e-05|NORM_3PLUS=1.0570744052529335e-05|NORM_2WORD=5.859997600055067e-06
jahre	O=0.9999006986618042|NORM_1WORD=7.114856998668984e-05|NORM_3PLUS=1.2933302969031502e-05|NORM_2WORD=9.566469998389948e-06
alt	O=0.9998698234558105|NORM_1WORD=7.368029037024826e-05|NORM_3PLUS=2.7300113288220018e-05|NORM_2WORD=1.6422165572294034e-05
..	O=0.9999747276306152|NORM_1WORD=1.2700331353698857e-05|NORM_3PLUS=6.238443347683642e-06|NORM_2WORD=3.534374400260276e-06

Gleich	O=0.9998588562011719|NORM_1WORD=7.04143603798002e-05|NORM_3PLUS=3.3245687518501654e-05|NORM_2WORD=2.4979026420623995e-05
wird	O=0.9998925924301147|NORM_1WORD=8.843515388434753e-05|NORM_3PLUS=9.030696674017236e-06|NORM_2WORD=4.889731371804373e-06
's	NORM_1WORD=0.9915531277656555|O=0.005635285750031471|NORM_2WORD=0.0019738690461963415|NORM_3PLUS=0.0007720820722170174
nass	O=0.972499430179596|NORM_1WORD=0.022200601175427437|NORM_2WORD=0.0030844146385788918|NORM_3PLUS=0.0021202145144343376
.	O=0.9999263286590576|NORM_3PLUS=3.052625834243372e-05|NORM_1WORD=2.5315486709587276e-05|NORM_2WORD=9.342928024125285e-06

japp	NORM_1WORD=0.9994248151779175|O=0.00043914045090787113|NORM_2WORD=6.887804192956537e-05|NORM_3PLUS=6.136419688118622e-05
geht	O=0.9995589852333069|NORM_1WORD=0.0003454982361290604|NORM_3PLUS=4.862349669565447e-05|NORM_2WORD=3.672804814414121e-05
,	O=0.9998142123222351|NORM_1WORD=0.00013094530731905252|NORM_3PLUS=3.3070133213186637e-05|NORM_2WORD=1.0989499060087837e-05
zuviele	NORM_2WORD=0.9466726183891296|NORM_3PLUS=0.03658318892121315|NORM_1WORD=0.011546340771019459|O=0.003159143030643463
gedanken	NORM_1WORD=0.9980632662773132|O=0.001516346470452845|NORM_3PLUS=0.00021940862643532455|NORM_2WORD=0.00017676022252999246
%NegSmiley	O=0.9999158382415771|NORM_1WORD=4.4158907257951796e-05|NORM_3PLUS=2.3574157239636406e-05|NORM_2WORD=8.284340765385423e-06

gangbang	NORM_1WORD=0.9981268048286438|O=0.0017583532026037574|NORM_2WORD=5.38749955012463e-05|NORM_3PLUS=4.458733747014776e-05
erotik	NORM_1WORD=0.9960331320762634|O=0.003836555639281869|NORM_2WORD=6.0437869251472875e-05|NORM_3PLUS=5.1821465604007244e-05
Berlin	O=0.9998308420181274|NORM_1WORD=0.0001271693326998502|NORM_3PLUS=1.914639688038733e-05|NORM_2WORD=1.0575076885288581e-05

jups	NORM_1WORD=0.9990830421447754|O=0.0007498483755625784|NORM_2WORD=0.00010542802192503586|NORM_3PLUS=5.351746585802175e-05
ich	O=0.9997336268424988|NORM_1WORD=0.000250403507379815|NORM_3PLUS=6.9678426370956e-06|NORM_2WORD=6.156985818961402e-06
weiss	O=0.9999136924743652|NORM_1WORD=5.1581602747319266e-05|NORM_3PLUS=1.6282156138913706e-05|NORM_2WORD=1.2733866242342629e-05
nciht	NORM_1WORD=0.6597945690155029|NORM_2WORD=0.18592815101146698|O=0.14087355136871338|NORM_3PLUS=0.012487078085541725
wohin	O=0.9998389482498169|NORM_1WORD=0.00011354753951309249|NORM_3PLUS=2.4105516786221415e-05|NORM_2WORD=2.018604391196277e-05
mit	O=0.9999405145645142|NORM_1WORD=4.102271850570105e-05|NORM_3PLUS=1.0996433957188856e-05|NORM_2WORD=4.834909304918256e-06
mir	O=0.9999709129333496|NORM_1WORD=1.4493613889499102e-05|NORM_3PLUS=7.341589480347466e-06|NORM_2WORD=4.456629085325403e-06
..	O=0.9999576807022095|NORM_1WORD=2.8900354664074257e-05|NORM_3PLUS=7.289836503332481e-06|NORM_2WORD=3.499727426969912e-06

Nix	O=0.9111354351043701|NORM_1WORD=0.08739976584911346|NORM_3PLUS=0.0007025740924291313|NORM_2WORD=0.0006313046906143427

Und	O=0.9999120235443115|NORM_1WORD=6.042902896297164e-05|NORM_3PLUS=1.7388993001077324e-05|NORM_2WORD=4.285131126380293e-06
die	O=0.9999219179153442|NORM_1WORD=3.943647971027531e-05|NORM_3PLUS=1.845908809627872e-05|NORM_2WORD=1.456145582778845e-05
sich	O=0.9999651908874512|NORM_1WORD=1.4864911463519093e-05|NORM_3PLUS=1.0629989446897525e-05|NORM_2WORD=6.903497251187218e-06
offenbar	O=0.9999452829360962|NORM_1WORD=2.1416930394480005e-05|NORM_3PLUS=1.7322798157692887e-05|NORM_2WORD=1.2110159332223702e-05
auch	O=0.9999700784683228|NORM_1WORD=1.3060729543212801e-05|NORM_3PLUS=9.061462151294108e-06|NORM_2WORD=4.484683813643642e-06
auf	O=0.9998581409454346|NORM_1WORD=0.00010442866914672777|NORM_3PLUS=2.0553854483296163e-05|NORM_2WORD=1.1253198863414582e-05
mich	O=0.9999728202819824|NORM_3PLUS=9.766215953277424e-06|NORM_1WORD=7.463854672096204e-06|NORM_2WORD=5.8975970205210615e-06
.	O=0.9999676942825317|NORM_3PLUS=1.4458833902608603e-05|NORM_1WORD=9.408399819221813e-06|NORM_2WORD=4.3718710003304295e-06

keine	NORM_1WORD=0.9971292614936829|O=0.002773179905489087|NORM_3PLUS=5.22342961630784e-05|NORM_2WORD=3.266978092142381e-05
freunde	NORM_1WORD=0.9966421127319336|O=0.0030076932162046432|NORM_2WORD=0.0001713027450023219|NORM_3PLUS=0.00013926219253335148
?	O=0.9998875856399536|NORM_1WORD=6.979221507208422e-05|NORM_3PLUS=1.989563497772906e-05|NORM_2WORD=8.312239515362307e-06

Ich	O=0.9999330043792725|NORM_1WORD=4.1628936742199585e-05|NORM_3PLUS=1.1748959877877496e-05|NORM_2WORD=6.817210760345915e-06
muss	O=0.9999408721923828|NORM_1WORD=3.9512287912657484e-05|NORM_3PLUS=1.035988225339679e-05|NORM_2WORD=5.378949481382733e-06
jedes	O=0.998117208480835|NORM_1WORD=0.0015394635265693069|NORM_2WORD=0.00021925062173977494|NORM_3PLUS=9.921949094859883e-05
mal	O=0.9997294545173645|NORM_1WORD=0.0002101968420902267|NORM_2WORD=2.688718814169988e-05|NORM_3PLUS=2.6186764443991706e-05
wieder	O=0.9999593496322632|NORM_1WORD=2.005036367336288e-05|NORM_3PLUS=9.575373042025603e-06|NORM_2WORD=6.948238933546236e-06
lachen	O=0.999964714050293|NORM_1WORD=2.3290427634492517e-05|NORM_3PLUS=6.3203142417478375e-06|NORM_2WORD=2.6609652650222415e-06
.	O=0.999968409538269|NORM_1WORD=1.319340844929684e-05|NORM_3PLUS=1.0663927241694182e-05|NORM_2WORD=3.926340468751732e-06

geht	NORM_1WORD=0.9906845092773438|O=0.009095249697566032|NORM_2WORD=0.00010725815809564665|NORM_3PLUS=9.972040425054729e-05
nich	NORM_1WORD=0.9996334314346313|NORM_2WORD=0.0001346681237919256|O=0.000118628355266992|NORM_3PLUS=0.00010188643500441685
kann	O=0.9997654557228088|NORM_1WORD=0.00019982486264780164|NORM_2WORD=1.6880343537195586e-05|NORM_3PLUS=1.2144628271926194e-05
ich	O=0.9999371767044067|NORM_1WORD=4.698702832683921e-05|NORM_3PLUS=6.108800789661473e-06|NORM_2WORD=5.837793196405983e-06
nich	NORM_1WORD=0.9995823502540588|NORM_2WORD=0.00017895724158734083|NORM_3PLUS=0.00012055802653776482|O=0.00010456976451678202
mehr	O=0.9999055862426758|NORM_1WORD=4.502025694819167e-05|NORM_2WORD=2.9729226298513822e-05|NORM_3PLUS=1.2917304047732614e-05
hab	NORM_1WORD=0.8422338366508484|O=0.15656977891921997|NORM_2WORD=0.0006939336890354753|NORM_3PLUS=0.00044785268255509436
nich	NORM_1WORD=0.9995044469833374|NORM_2WORD=0.00023109352332539856|O=0.0001326153869740665|NORM_3PLUS=0.0001200926344608888
genug	O=0.9997796416282654|NORM_1WORD=0.00015152242849580944|NORM_2WORD=3.4841847082134336e-05|NORM_3PLUS=2.3995440642465837e-05
speicherplatz	NORM_1WORD=0.5673784017562866|O=0.4311114251613617|NORM_2WORD=0.0009376839152537286|NORM_3PLUS=0.00048322041402570903
%PosSmiley	O=0.9998340606689453|NORM_1WORD=0.00010480508353793994|NORM_3PLUS=3.639289570855908e-05|NORM_2WORD=1.3718622540181968e-05

will	NORM_1WORD=0.9176633954048157|O=0.08209103345870972|NORM_3PLUS=0.00013609786401502788|NORM_2WORD=8.985163003671914e-05
jz	NORM_1WORD=0.9931337833404541|NORM_2WORD=0.005601712502539158|O=0.0006160491029731929|NORM_3PLUS=0.0005949700134806335
nich	NORM_1WORD=0.9995597004890442|NORM_2WORD=0.00023655615223105997|NORM_3PLUS=0.0001261875731870532|O=6.091595423640683e-05
schleimen	NORM_1WORD=0.9404656887054443|O=0.05889326333999634|NORM_3PLUS=0.00043071803520433605|NORM_2WORD=0.00017649108485784382
aber	O=0.9998661279678345|NORM_1WORD=0.00011260432802373543|NORM_3PLUS=1.0945334906864446e-05|NORM_2WORD=5.215787041379372e-06
es	O=0.9999089241027832|NORM_1WORD=6.848078919574618e-05|NORM_3PLUS=1.0191407454840373e-05|NORM_2WORD=9.326385224994738e-06
is	NORM_1WORD=0.9981772899627686|NORM_2WORD=0.0015093334950506687|NORM_3PLUS=0.00022190982417669147|O=6.099460006225854e-05
so	O=0.9999475479125977|NORM_1WORD=2.736343776632566e-05|NORM_3PLUS=1.0531562111282256e-05|NORM_2WORD=1.0276165085087996e-05
%NegSmiley	O=0.9999202489852905|NORM_1WORD=4.0017577703110874e-05|NORM_3PLUS=2.2770082068745978e-05|NORM_2WORD=8.404723303101491e-06

Ich	O=0.9998544454574585|NORM_1WORD=0.00011762460053432733|NORM_3PLUS=1.5730958693893626e-05|NORM_2WORD=8.336295650224201e-06
.	O=0.9999533891677856|NORM_3PLUS=1.816595977288671e-05|NORM_1WORD=1.649744444875978e-05|NORM_2WORD=6.101621693233028e-06

Ironisch	O=0.9996470212936401|NORM_1WORD=0.0002506646851543337|NORM_3PLUS=5.5426571634598076e-05|NORM_2WORD=3.581896089599468e-05
halt	NORM_1WORD=0.8807525634765625|O=0.11512057483196259|NORM_2WORD=0.0029482850804924965|NORM_3PLUS=0.0010557903442531824
%PosSmiley	O=0.9998522996902466|NORM_1WORD=8.847122808219865e-05|NORM_3PLUS=3.315074718557298e-05|NORM_2WORD=1.3110317013342865e-05

Er	O=0.99993896484375|NORM_1WORD=3.0327990316436626e-05|NORM_3PLUS=1.5276114936568774e-05|NORM_2WORD=9.20525963010732e-06
:	O=0.9999370574951172|NORM_1WORD=2.868560841307044e-05|NORM_3PLUS=2.0740533727803268e-05|NORM_2WORD=6.628990377066657e-06
Ich	O=0.9999499320983887|NORM_1WORD=3.068357182200998e-05|NORM_3PLUS=9.202727596857585e-06|NORM_2WORD=4.201077899779193e-06
schleime	O=0.9993283748626709|NORM_1WORD=0.0005784465465694666|NORM_3PLUS=5.8475092373555526e-05|NORM_2WORD=2.65424168901518e-05
nicht	O=0.9999792575836182|NORM_1WORD=9.725921700010076e-06|NORM_3PLUS=6.1100713537598494e-06|NORM_2WORD=2.3577956653753063e-06

Es	O=0.999890923500061|NORM_1WORD=7.192663906607777e-05|NORM_3PLUS=1.6726049580029212e-05|NORM_2WORD=1.3003534149902407e-05
ist	O=0.9999309778213501|NORM_1WORD=3.873975947499275e-05|NORM_3PLUS=1.6409172530984506e-05|NORM_2WORD=8.361265827261377e-06
eine	O=0.9999446868896484|NORM_1WORD=4.302636079955846e-05|NORM_3PLUS=6.659297469013836e-06|NORM_2WORD=3.7868994695600122e-06
riesenehre	NORM_1WORD=0.9984455704689026|O=0.0008761635981500149|NORM_3PLUS=0.00038283815956674516|NORM_2WORD=0.00025034788995981216
bei	O=0.9999426603317261|NORM_1WORD=4.049456401844509e-05|NORM_3PLUS=9.570969268679619e-06|NORM_2WORD=4.512412033363944e-06
tommys	NORM_1WORD=0.9934806823730469|O=0.005225291475653648|NORM_2WORD=0.0009013352682814002|NORM_3PLUS=0.0003223537059966475
letzter	O=0.9998531341552734|NORM_1WORD=0.00011758709297282621|NORM_3PLUS=1.8679955246625468e-05|NORM_2WORD=7.199346782726934e-06
sendung	NORM_1WORD=0.9983488321304321|O=0.0012054030084982514|NORM_3PLUS=0.00026296538999304175|NORM_2WORD=0.0001361877948511392
dabei	O=0.9999204874038696|NORM_1WORD=4.9455436965217814e-05|NORM_3PLUS=1.4925641153240576e-05|NORM_2WORD=9.551571565680206e-06
sein	O=0.999945878982544|NORM_1WORD=3.080703390878625e-05|NORM_3PLUS=1.3730431419389788e-05|NORM_2WORD=6.0999177549092565e-06
zu	O=0.9999450445175171|NORM_1WORD=3.8189373299246654e-05|NORM_3PLUS=9.421240974916145e-06|NORM_2WORD=3.447782091825502e-06
duerfen	NORM_1WORD=0.9992478489875793|O=0.0003046230413019657|NORM_3PLUS=0.00022253776842262596|NORM_2WORD=0.00020601153664756566
.	O=0.9999641180038452|NORM_1WORD=1.8377642845734954e-05|NORM_3PLUS=1.122718458645977e-05|NORM_2WORD=2.6022346446552547e-06

was	NORM_1WORD=0.9970568418502808|O=0.0027861502021551132|NORM_3PLUS=8.072940545389429e-05|NORM_2WORD=6.245076656341553e-05
machst	O=0.9992795586585999|NORM_1WORD=0.0003546311054378748|NORM_2WORD=0.0002586064802017063|NORM_3PLUS=9.317453077528626e-05
heut	NORM_1WORD=0.9981569647789001|NORM_2WORD=0.001160278799943626|NORM_3PLUS=0.00037978857289999723|O=0.00027567773940972984
schönes	O=0.9980536699295044|NORM_1WORD=0.001725865644402802|NORM_3PLUS=0.00010818261216627434|NORM_2WORD=0.00010200587712461129
?	O=0.9999732971191406|NORM_1WORD=1.0791297427203972e-05|NORM_3PLUS=8.196780981961638e-06|NORM_2WORD=2.7080168365500867e-06

SG	O=0.9984910488128662|NORM_1WORD=0.0014422923559322953|NORM_3PLUS=3.0193150450941175e-05|NORM_2WORD=2.7580383175518364e-05
:	O=0.9999265670776367|NORM_1WORD=5.558501652558334e-05|NORM_3PLUS=1.1700847608153708e-05|NORM_2WORD=2.760711367955082e-06
hesch	NORM_1WORD=0.9985878467559814|NORM_2WORD=0.000894165423233062|NORM_3PLUS=0.0003929960948880762|O=0.00011383257515262812
mol	NORM_1WORD=0.9994812607765198|O=0.00029878661734983325|NORM_2WORD=0.00011541417916305363|NORM_3PLUS=9.707149001769722e-05
lust	NORM_1WORD=0.9809415340423584|O=0.014286450110375881|NORM_2WORD=0.0029776229057461023|NORM_3PLUS=0.00175985018722713
ae	NORM_1WORD=0.9280326962471008|O=0.03776375576853752|NORM_2WORD=0.017586836591362953|NORM_3PLUS=0.015239915810525417
heisse	O=0.9974291920661926|NORM_1WORD=0.0017023917753249407|NORM_2WORD=0.0004972402239218354|NORM_3PLUS=0.0003520039317663759
nummer	O=0.9988718628883362|NORM_1WORD=0.0010685143060982227|NORM_3PLUS=3.279870725236833e-05|NORM_2WORD=1.894969682325609e-05
schiebe	NORM_1WORD=0.9615644216537476|O=0.027101147919893265|NORM_2WORD=0.006701028905808926|NORM_3PLUS=0.004522724077105522
ab	O=0.9997710585594177|NORM_1WORD=0.00014566266327165067|NORM_3PLUS=4.73268300993368e-05|NORM_2WORD=2.299227526236791e-05
chf	NORM_1WORD=0.8784641623497009|O=0.11970128118991852|NORM_2WORD=0.0012989756651222706|NORM_3PLUS=0.0004707968619186431
200	O=0.9999532699584961|NORM_1WORD=2.779368696792517e-05|NORM_3PLUS=1.1898356206074823e-05|NORM_2WORD=2.8614581424335483e-06
:	O=0.9999592304229736|NORM_1WORD=2.1353718693717383e-05|NORM_3PLUS=1.161834461527178e-05|NORM_2WORD=3.1051008591020945e-06
3.12.2011	O=0.9998892545700073|NORM_1WORD=4.942409213981591e-05|NORM_3PLUS=3.7232908653095365e-05|NORM_2WORD=1.0687925168895163e-05
BIN	O=0.5952001214027405|NORM_1WORD=0.4027787148952484|NORM_3PLUS=0.001271732384338975|NORM_2WORD=0.0006557573797181249
HANNY	NORM_1WORD=0.6197441220283508|O=0.3771975338459015|NORM_3PLUS=0.0021205577068030834|NORM_2WORD=0.0006948804948478937
.	O=0.99994957447052|NORM_1WORD=2.0304669305915013e-05|NORM_3PLUS=1.988867370528169e-05|NORM_2WORD=4.557873126032064e-06

Geht	O=0.9998186230659485|NORM_1WORD=0.0001446702954126522|NORM_3PLUS=1.9822598915197887e-05|NORM_2WORD=1.0104618922923692e-05
's	NORM_1WORD=0.9959613680839539|O=0.002916805213317275|NORM_2WORD=0.000710774736944586|NORM_3PLUS=0.00037223397521302104
auch	O=0.9999650716781616|NORM_1WORD=1.9582235836423934e-05|NORM_3PLUS=6.620426120207412e-06|NORM_2WORD=4.5689284888794646e-06
ne	NORM_1WORD=0.9982055425643921|NORM_2WORD=0.0012047307100147009|NORM_3PLUS=0.000384962884709239|O=0.00012965983478352427
halbe	O=0.99309903383255|NORM_1WORD=0.005810740869492292|NORM_2WORD=0.0006165382219478488|NORM_3PLUS=0.00041905834223143756
Nummer	O=0.9996967315673828|NORM_1WORD=0.00020250199304427952|NORM_3PLUS=6.684975232928991e-05|NORM_2WORD=1.8112259567715228e-05
distanzierter	O=0.9998995065689087|NORM_3PLUS=3.467003989499062e-05|NORM_1WORD=3.3492975489934906e-05|NORM_2WORD=2.154352841898799e-05
?	O=0.9999773502349854|NORM_1WORD=8.551590326533187e-06|NORM_3PLUS=7.2661100602999795e-06|NORM_2WORD=2.3514182885264745e-06

s21	NORM_1WORD=0.9279012680053711|O=0.07026646286249161|NORM_2WORD=0.000933336210437119|NORM_3PLUS=0.0007551859016530216
jeder	O=0.9998668432235718|NORM_1WORD=9.646301623433828e-05|NORM_3PLUS=2.007146758842282e-05|NORM_2WORD=1.072373561328277e-05
besetzte	O=0.9998915195465088|NORM_1WORD=8.206532220356166e-05|NORM_3PLUS=1.5011885807325598e-05|NORM_2WORD=5.767294169345405e-06
baum	NORM_1WORD=0.9993783235549927|O=0.00036403496051207185|NORM_3PLUS=0.00013084216334391385|NORM_2WORD=0.00011338465992594138
ist	O=0.9999730587005615|NORM_1WORD=1.3435094842861872e-05|NORM_3PLUS=8.138607881846838e-06|NORM_2WORD=2.539553634051117e-06
ein	O=0.9999542236328125|NORM_1WORD=3.367028330103494e-05|NORM_3PLUS=7.773755896778312e-06|NORM_2WORD=2.536717147449963e-06
geschuetzter	O=0.9991862177848816|NORM_1WORD=0.0007317818817682564|NORM_3PLUS=5.907371451030485e-05|NORM_2WORD=1.2628648619283922e-05
baum	NORM_1WORD=0.9994507431983948|O=0.00033769183210097253|NORM_3PLUS=0.00011693311535054818|NORM_2WORD=8.391965820919722e-05
.	O=0.9999669790267944|NORM_1WORD=1.4236166862247046e-05|NORM_3PLUS=1.216368855239125e-05|NORM_2WORD=3.0732867344340775e-06

Morgens	O=0.9806089997291565|NORM_2WORD=0.01073257066309452|NORM_1WORD=0.007113425526767969|NORM_3PLUS=0.001450558309443295
um	O=0.9998455047607422|NORM_1WORD=0.00011923726560780779|NORM_3PLUS=1.842841083998792e-05|NORM_2WORD=1.244158556801267e-05
7	O=0.9998960494995117|NORM_1WORD=6.871116056572646e-05|NORM_3PLUS=1.8078091670759022e-05|NORM_2WORD=1.336986224487191e-05
aufstehen	O=0.9998049139976501|NORM_1WORD=6.237655179575086e-05|NORM_3PLUS=6.064261106075719e-05|NORM_2WORD=5.390477235778235e-05
um	O=0.999930739402771|NORM_1WORD=5.2175346354488283e-05|NORM_3PLUS=8.798034286883194e-06|NORM_2WORD=4.97257224196801e-06
irgendwelche	O=0.9986991882324219|NORM_1WORD=0.001200546626932919|NORM_2WORD=5.9752885135822e-05|NORM_3PLUS=2.1586069124168716e-05
dubiosen	O=0.9998138546943665|NORM_1WORD=0.00012491630332078785|NORM_3PLUS=3.532780101522803e-05|NORM_2WORD=1.642586721573025e-05
Physikarbeiten	O=0.9984105825424194|NORM_1WORD=0.0013530043652281165|NORM_3PLUS=0.00010629119060467929|NORM_2WORD=9.705595584819093e-05
zu	O=0.9999188184738159|NORM_1WORD=6.557858432643116e-05|NORM_3PLUS=8.49526531965239e-06|NORM_2WORD=3.2363950595026836e-06
schreiben	O=0.999862790107727|NORM_1WORD=0.00010927281255135313|NORM_3PLUS=1.2207346117065754e-05|NORM_2WORD=1.0297955668647774e-05
...	O=0.9999704360961914|NORM_1WORD=1.6985743059194647e-05|NORM_3PLUS=6.0186939663253725e-06|NORM_2WORD=3.257373919041129e-06

Ohhh	O=0.9968724846839905|NORM_1WORD=0.002812228864058852|NORM_2WORD=0.00017126425518654287|NORM_3PLUS=0.00011107856698799878
Yaaaaa	O=0.7909281253814697|NORM_1WORD=0.20837455987930298|NORM_3PLUS=0.0003344000724609941|NORM_2WORD=0.0003079347952734679
..	O=0.9999669790267944|NORM_1WORD=1.3980667063151486e-05|NORM_3PLUS=9.953604603651911e-06|NORM_2WORD=5.471984877658542e-06

Messe	O=0.9977191090583801|NORM_1WORD=0.0022051988635212183|NORM_2WORD=3.7732730561401695e-05|NORM_3PLUS=2.92285876639653e-05
doch	O=0.9999500513076782|NORM_1WORD=4.081367660546675e-05|NORM_3PLUS=5.053298991697375e-06|NORM_2WORD=2.3092088667908683e-06
bitte	O=0.999947190284729|NORM_1WORD=3.111556725343689e-05|NORM_3PLUS=1.057864665199304e-05|NORM_2WORD=6.297016625467222e-06
mal	O=0.9999723434448242|NORM_1WORD=1.413830068486277e-05|NORM_3PLUS=6.740616754541406e-06|NORM_2WORD=3.968977125623496e-06
die	O=0.9999603033065796|NORM_1WORD=3.112072226940654e-05|NORM_3PLUS=4.719413482234813e-06|NORM_2WORD=2.378927547397325e-06
Län	NORM_1WORD=0.9175360202789307|O=0.08021018654108047|NORM_3PLUS=0.0015330772148445249|NORM_2WORD=0.0006370067712850869
...	O=0.9999480247497559|NORM_1WORD=3.5108903830405325e-05|NORM_3PLUS=9.918572686729021e-06|NORM_2WORD=3.2216712497756816e-06

Geht	O=0.9998365640640259|NORM_1WORD=0.00012740810052491724|NORM_3PLUS=1.8263399397255853e-05|NORM_2WORD=7.120635018509347e-06
das	O=0.9997759461402893|NORM_1WORD=0.0001225965388584882|NORM_3PLUS=4.604610148817301e-05|NORM_2WORD=2.6711013560998254e-05
wieder	O=0.9999475479125977|NORM_1WORD=2.5783621822483838e-05|NORM_3PLUS=1.3210330507718027e-05|NORM_2WORD=6.330079941108124e-06
in	O=0.9999494552612305|NORM_1WORD=3.749945972231217e-05|NORM_3PLUS=6.54434870739351e-06|NORM_2WORD=3.2557341000938322e-06
die	O=0.9999657869338989|NORM_1WORD=2.5567071133991703e-05|NORM_3PLUS=4.616867499862565e-06|NORM_2WORD=2.4190160274883965e-06
Hose	O=0.9999269247055054|NORM_1WORD=5.001806130167097e-05|NORM_3PLUS=1.2247111953911372e-05|NORM_2WORD=4.784932116308482e-06
,	O=0.99994957447052|NORM_1WORD=2.4746897906879894e-05|NORM_3PLUS=1.4718076272401959e-05|NORM_2WORD=3.3932926726265578e-06
sägt	O=0.9745714068412781|NORM_1WORD=0.025142202153801918|NORM_3PLUS=0.00013519026106223464|NORM_2WORD=0.00011529695620993152
einer	O=0.9999340772628784|NORM_1WORD=3.2606261811451986e-05|NORM_3PLUS=1.572276232764125e-05|NORM_2WORD=1.0142089195142034e-05
weiter	O=0.9999395608901978|NORM_1WORD=2.0985729861422442e-05|NORM_3PLUS=2.020410101977177e-05|NORM_2WORD=1.2326102478255052e-05
kräftig	O=0.999873161315918|NORM_2WORD=4.989588705939241e-05|NORM_3PLUS=3.773306525545195e-05|NORM_1WORD=2.990290886373259e-05
an	O=0.9999282360076904|NORM_1WORD=4.4191307097207755e-05|NORM_3PLUS=1.2285228876862675e-05|NORM_2WORD=1.0514529094507452e-05
seinem	O=0.9999459981918335|NORM_1WORD=2.9836803150828928e-05|NORM_3PLUS=1.2154041542089544e-05|NORM_2WORD=7.770193406031467e-06
eigenen	O=0.9999485015869141|NORM_1WORD=1.777735997166019e-05|NORM_3PLUS=1.730383519316092e-05|NORM_2WORD=1.095915740734199e-05
Stuhl	O=0.999893069267273|NORM_1WORD=6.467847560998052e-05|NORM_3PLUS=2.3922528271214105e-05|NORM_2WORD=1.0372436918260064e-05
.	O=0.9999691247940063|NORM_1WORD=1.2056667401338927e-05|NORM_3PLUS=1.0848718375200406e-05|NORM_2WORD=3.2439775168313645e-06
FCB	O=0.9999030828475952|NORM_1WORD=6.63589162286371e-05|NORM_3PLUS=1.549782791698817e-05|NORM_2WORD=6.452137768064858e-06

wie	NORM_1WORD=0.9981433153152466|O=0.001711387769319117|NORM_3PLUS=8.407693530898541e-05|NORM_2WORD=4.996852658223361e-05
kommt	O=0.9980555772781372|NORM_1WORD=0.0018077956046909094|NORM_3PLUS=5.8343724958831444e-05|NORM_2WORD=5.643887197948061e-05
an	O=0.9999086856842041|NORM_1WORD=5.724926813854836e-05|NORM_2WORD=1.537679781904444e-05|NORM_3PLUS=1.2913758837385103e-05
auf	O=0.9998949766159058|NORM_1WORD=8.519852417521179e-05|NORM_3PLUS=1.0521010153752286e-05|NORM_2WORD=5.848981345479842e-06
so	O=0.9999439716339111|NORM_1WORD=2.181414674851112e-05|NORM_2WORD=1.5863182852626778e-05|NORM_3PLUS=1.3385084457695484e-05
ne	NORM_1WORD=0.9996256828308105|NORM_2WORD=0.0001668450713623315|NORM_3PLUS=0.00012864968448411673|O=5.9089099522680044e-05
wette	NORM_1WORD=0.998607337474823|O=0.0012232951121404767|NORM_3PLUS=0.00010256389214191586|NORM_2WORD=5.4036136134527624e-05
?	O=0.9999736547470093|NORM_1WORD=1.0398054655524902e-05|NORM_3PLUS=8.775367859925609e-06|NORM_2WORD=2.6534401058597723e-06

Würds	NORM_1WORD=0.9764720797538757|NORM_2WORD=0.021451566368341446|NORM_3PLUS=0.0017588023329153657|O=0.00016347214113920927
mich	O=0.9999659061431885|NORM_1WORD=1.184979009849485e-05|NORM_3PLUS=1.1345018720021471e-05|NORM_2WORD=7.372782420134172e-06
ned	NORM_1WORD=0.9990493655204773|NORM_2WORD=0.0004196113732177764|O=0.0002722660137806088|NORM_3PLUS=0.0002316129975952208
intressieren	O=0.9999181032180786|NORM_1WORD=6.33345334790647e-05|NORM_3PLUS=1.300179155805381e-05|NORM_2WORD=3.6451131109060952e-06
,	O=0.9998728036880493|NORM_1WORD=7.043999357847497e-05|NORM_3PLUS=3.582073622965254e-05|NORM_2WORD=1.0435071999381762e-05
wärs	NORM_2WORD=0.997755229473114|NORM_3PLUS=0.0014368277043104172|NORM_1WORD=0.0006812509964220226|O=1.3325226973393e-05
hart	O=0.9999043941497803|NORM_3PLUS=3.7324160075513646e-05|NORM_2WORD=2.617953396111261e-05|NORM_1WORD=2.222122930106707e-05
.	O=0.999948263168335|NORM_1WORD=2.29992456297623e-05|NORM_3PLUS=1.852146851888392e-05|NORM_2WORD=5.267615506454604e-06

scheiss	NORM_1WORD=0.9990990161895752|NORM_3PLUS=0.00041319362935610116|O=0.00023948286252561957|NORM_2WORD=0.00021722970996052027
tag	NORM_1WORD=0.9996715784072876|O=0.00019229446479585022|NORM_3PLUS=7.574121264042333e-05|NORM_2WORD=5.3805142670171335e-05
heute	O=0.9999644756317139|NORM_1WORD=1.9362578314030543e-05|NORM_3PLUS=7.94894094724441e-06|NORM_2WORD=4.660106242226902e-06
wenn	O=0.9999707937240601|NORM_1WORD=1.553058609715663e-05|NORM_3PLUS=7.3653341132740024e-06|NORM_2WORD=3.6297742553870194e-06
ich	O=0.999972939491272|NORM_1WORD=1.3940941244072746e-05|NORM_3PLUS=5.988340944895754e-06|NORM_2WORD=4.249185167282121e-06
wollte	O=0.9999611377716064|NORM_1WORD=1.9204964701202698e-05|NORM_3PLUS=1.0638728781486861e-05|NORM_2WORD=5.626832717098296e-06
wie	O=0.9999439716339111|NORM_1WORD=3.946939978050068e-05|NORM_3PLUS=9.113170563068707e-06|NORM_2WORD=4.779203209182015e-06
ich	O=0.9999768733978271|NORM_1WORD=1.2135907127230894e-05|NORM_3PLUS=5.307299034029711e-06|NORM_2WORD=3.453127419561497e-06
könnte	O=0.9999700784683228|NORM_1WORD=1.447351951355813e-05|NORM_3PLUS=6.996781394263962e-06|NORM_2WORD=5.472497832670342e-06
!	O=0.9999805688858032|NORM_1WORD=7.316037226701155e-06|NORM_3PLUS=6.0170154938532505e-06|NORM_2WORD=2.936772034445312e-06

Da	O=0.9999171495437622|NORM_1WORD=5.892560875508934e-05|NORM_3PLUS=1.1581129911064636e-05|NORM_2WORD=5.410172434494598e-06
gibts	NORM_2WORD=0.9986542463302612|NORM_3PLUS=0.0009969513630494475|NORM_1WORD=0.0001721518929116428|O=1.6981806766125374e-05
nitamol	O=0.6803101897239685|NORM_1WORD=0.3177989721298218|NORM_3PLUS=0.0010506139369681478|NORM_2WORD=0.0006332446355372667
was	O=0.9980002045631409|NORM_1WORD=0.001948784338310361|NORM_3PLUS=2.1025201931479387e-05|NORM_2WORD=2.052346826530993e-05
von	O=0.9998812675476074|NORM_1WORD=9.829160262597725e-05|NORM_3PLUS=9.990981197915971e-06|NORM_2WORD=4.588688170770183e-06
dem	O=0.9998852014541626|NORM_1WORD=9.54613060457632e-05|NORM_3PLUS=1.096809319278691e-05|NORM_2WORD=3.7056784094602335e-06
man	O=0.9999316930770874|NORM_1WORD=4.7552064643241465e-05|NORM_3PLUS=8.69186897034524e-06|NORM_2WORD=7.01269846103969e-06
angst	NORM_1WORD=0.9789798259735107|O=0.020709319040179253|NORM_2WORD=0.00015203219663817436|NORM_3PLUS=0.00013576333003584296
haben	O=0.9999581575393677|NORM_1WORD=2.6632138542481698e-05|NORM_3PLUS=8.614124453742988e-06|NORM_2WORD=2.8746255793521414e-06
könnte	O=0.9999333620071411|NORM_1WORD=3.7853456888115034e-05|NORM_3PLUS=1.2887750017398503e-05|NORM_2WORD=1.0648076568031684e-05
.	O=0.9999691247940063|NORM_1WORD=1.6212805348914117e-05|NORM_3PLUS=8.887019248504657e-06|NORM_2WORD=2.520917632864439e-06

Jeder	O=0.9999181032180786|NORM_1WORD=4.137489668210037e-05|NORM_3PLUS=1.7448119251639582e-05|NORM_2WORD=1.4026924873178359e-05
wil	O=0.999356210231781|NORM_1WORD=0.000598634360358119|NORM_3PLUS=2.9617751351906918e-05|NORM_2WORD=1.1830496987386141e-05
mich	O=0.9999712705612183|NORM_1WORD=1.2782563317159656e-05|NORM_3PLUS=7.990173799043987e-06|NORM_2WORD=4.9396689973946195e-06
nackt	O=0.9993157386779785|NORM_1WORD=0.0005443559493869543|NORM_3PLUS=9.926865459419787e-05|NORM_2WORD=2.735569614742417e-05
sehn	NORM_1WORD=0.9990066885948181|NORM_2WORD=0.0004852459824178368|NORM_3PLUS=0.00028098051552660763|O=0.0002106376487063244
,	O=0.9999374151229858|NORM_1WORD=3.446064511081204e-05|NORM_3PLUS=1.7498899978818372e-05|NORM_2WORD=5.102187515149126e-06
Laser	O=0.9996514320373535|NORM_1WORD=0.00024210801348090172|NORM_3PLUS=6.643800588790327e-05|NORM_2WORD=2.9209970307420008e-05
wie	O=0.9998952150344849|NORM_1WORD=8.542586874682456e-05|NORM_3PLUS=1.2093869372620247e-05|NORM_2WORD=4.224616077408427e-06
ich	O=0.9999734163284302|NORM_1WORD=1.5157280358835123e-05|NORM_3PLUS=5.029507519793697e-06|NORM_2WORD=3.7545355553447735e-06
abgeh	NORM_1WORD=0.9209638237953186|O=0.06595951318740845|NORM_2WORD=0.007314198650419712|NORM_3PLUS=0.005192519631236792

War	O=0.9999324083328247|NORM_1WORD=4.358751175459474e-05|NORM_3PLUS=1.0687264875741675e-05|NORM_2WORD=8.020391760510392e-06
Harz	O=0.9996453523635864|NORM_1WORD=0.00028646038845181465|NORM_3PLUS=3.0582858016714454e-05|NORM_2WORD=2.2750888092559762e-05
IV	O=0.9998689889907837|NORM_1WORD=0.00010036884486908093|NORM_3PLUS=1.5374984286609106e-05|NORM_2WORD=5.800397048005834e-06
schon	O=0.9999557733535767|NORM_1WORD=2.8538577680592425e-05|NORM_3PLUS=6.8617655415437184e-06|NORM_2WORD=4.85808823214029e-06
drauf	NORM_1WORD=0.6212414503097534|O=0.3772726356983185|NORM_2WORD=0.0007568864384666085|NORM_3PLUS=0.0006262746755965054
?	O=0.9999781847000122|NORM_1WORD=9.849063644651324e-06|NORM_3PLUS=5.785439498140477e-06|NORM_2WORD=2.0718762243632227e-06

ohh	NORM_1WORD=0.8958190083503723|O=0.10308878123760223|NORM_2WORD=0.0007157825748436153|NORM_3PLUS=0.0003055931010749191
ja	O=0.995596706867218|NORM_1WORD=0.004155379254370928|NORM_2WORD=0.00013644032878801227|NORM_3PLUS=9.268217399949208e-05
!	O=0.9999567270278931|NORM_1WORD=1.9067821995122358e-05|NORM_3PLUS=1.1714488209690899e-05|NORM_2WORD=6.754636160621885e-06

Ich	O=0.9999055862426758|NORM_1WORD=7.524519605794922e-05|NORM_3PLUS=9.16638964554295e-06|NORM_2WORD=6.0697816479660105e-06
jetzt	O=0.9998594522476196|NORM_1WORD=0.00010202664998359978|NORM_3PLUS=1.7132251741713844e-05|NORM_2WORD=1.3266811947687529e-05
auch	O=0.9999547004699707|NORM_1WORD=2.605732879601419e-05|NORM_3PLUS=9.467826203035656e-06|NORM_2WORD=5.91607431488228e-06
!	O=0.9999754428863525|NORM_1WORD=1.066387994796969e-05|NORM_3PLUS=7.0354999479604885e-06|NORM_2WORD=3.1514884994976455e-06

ich	O=0.9967235922813416|NORM_1WORD=0.003233177587389946|NORM_3PLUS=1.9820387024083175e-05|NORM_2WORD=1.2864083146268968e-05
auch	O=0.9999500513076782|NORM_1WORD=2.9729275411227718e-05|NORM_3PLUS=1.0946911061182618e-05|NORM_2WORD=5.290325134410523e-06
.	O=0.9999573230743408|NORM_1WORD=1.648231591389049e-05|NORM_3PLUS=1.6292513464577496e-05|NORM_2WORD=4.392768005345715e-06

WTF	O=0.9943580031394958|NORM_1WORD=0.005548511166125536|NORM_3PLUS=5.4173782700672746e-05|NORM_2WORD=2.3682665414526127e-05
,	O=0.9999399185180664|NORM_1WORD=4.124775659875013e-05|NORM_3PLUS=1.0524583558435552e-05|NORM_2WORD=3.4582658372528385e-06
das	O=0.9997853636741638|NORM_1WORD=0.00017875801131594926|NORM_3PLUS=1.6886186131159775e-05|NORM_2WORD=8.997766599350143e-06
ist	O=0.9999638795852661|NORM_1WORD=2.2253514543990605e-05|NORM_3PLUS=7.423382157867309e-06|NORM_2WORD=2.9961156542412937e-06
grossrtig	NORM_1WORD=0.9455559253692627|O=0.04548240825533867|NORM_2WORD=0.006926541682332754|NORM_3PLUS=0.0019549743738025427
YoureTheReason	O=0.9981772899627686|NORM_1WORD=0.0012677793856710196|NORM_3PLUS=0.0003532859846018255|NORM_2WORD=0.00015449650527443737

grandios	NORM_1WORD=0.7698101997375488|O=0.21947242319583893|NORM_2WORD=0.005481066647917032|NORM_3PLUS=0.004989393055438995
!!	O=0.9999700784683228|NORM_3PLUS=1.0151153219339903e-05|NORM_1WORD=9.222646440321114e-06|NORM_2WORD=4.4605972107092384e-06

ja	NORM_1WORD=0.9986075758934021|O=0.0012369741452857852|NORM_3PLUS=7.6572090620175e-05|NORM_2WORD=6.540563481394202e-05
,	O=0.9999585151672363|NORM_1WORD=1.8272387023898773e-05|NORM_3PLUS=1.2925504051963799e-05|NORM_2WORD=5.2733639677171595e-06
dann	O=0.9999642372131348|NORM_1WORD=1.5514762708335184e-05|NORM_3PLUS=9.759353815752547e-06|NORM_2WORD=6.475149803009117e-06
..!!	O=0.999963641166687|NORM_3PLUS=1.4354865015775431e-05|NORM_1WORD=7.972552339197136e-06|NORM_2WORD=7.27648830434191e-06

Aaah	O=0.9978072047233582|NORM_1WORD=0.0011456984793767333|NORM_3PLUS=0.0005484260618686676|NORM_2WORD=0.00035340600879862905
*-*	O=0.9997866749763489|NORM_3PLUS=8.855100895743817e-05|NORM_1WORD=5.444149792310782e-05|NORM_2WORD=3.7163670640438795e-05

Dann	O=0.9999533891677856|NORM_1WORD=2.2886441001901403e-05|NORM_3PLUS=8.693251402291935e-06|NORM_2WORD=6.9854172579653095e-06
isser	NORM_2WORD=0.9688748121261597|NORM_1WORD=0.02370954491198063|NORM_3PLUS=0.006665579974651337|O=0.00017878873040899634
erst	O=0.9999721050262451|NORM_1WORD=1.212676852446748e-05|NORM_2WORD=5.993106242385693e-06|NORM_3PLUS=5.931752639298793e-06
in	O=0.9999581575393677|NORM_1WORD=2.9857743356842548e-05|NORM_3PLUS=6.563787792401854e-06|NORM_2WORD=2.878471832445939e-06
der	O=0.9999558925628662|NORM_1WORD=3.3411342883482575e-05|NORM_3PLUS=5.908210368943401e-06|NORM_2WORD=2.7913413305213908e-06
Nacht	O=0.9999127388000488|NORM_1WORD=3.927374928025529e-05|NORM_3PLUS=2.8646965802181512e-05|NORM_2WORD=1.1044598977605347e-05
zum	O=0.9999456405639648|NORM_1WORD=3.693530379678123e-05|NORM_3PLUS=1.0330916666134726e-05|NORM_2WORD=2.9509139949368546e-06
Montag	O=0.999946117401123|NORM_1WORD=2.7959991712123156e-05|NORM_3PLUS=1.3004376341996249e-05|NORM_2WORD=5.687952125299489e-06
fertig	O=0.9996969699859619|NORM_1WORD=0.0002444339625071734|NORM_3PLUS=3.3364645787514746e-05|NORM_2WORD=1.984305345104076e-05
.	O=0.9999701976776123|NORM_1WORD=1.1815119250968564e-05|NORM_3PLUS=1.0742861377366353e-05|NORM_2WORD=2.7116343517263886e-06
%PosSmiley	O=0.9999245405197144|NORM_1WORD=3.566404484445229e-05|NORM_3PLUS=2.381831109232735e-05|NORM_2WORD=8.11856170912506e-06

Ihr	O=0.9999599456787109|NORM_1WORD=2.5978783014579676e-05|NORM_3PLUS=5.622706794383703e-06|NORM_2WORD=3.4501852042012615e-06
hattet	O=0.9999656677246094|NORM_1WORD=1.9434342902968638e-05|NORM_3PLUS=7.348653525696136e-06|NORM_2WORD=4.444373644219013e-06
Sex	O=0.9999349117279053|NORM_1WORD=2.9503435143851675e-05|NORM_3PLUS=1.97477093024645e-05|NORM_2WORD=7.183475190686295e-06
?	O=0.9999750852584839|NORM_1WORD=1.1262008229095954e-05|NORM_3PLUS=6.623226909141522e-06|NORM_2WORD=2.0760292045451934e-06
"	O=0.9999611377716064|NORM_1WORD=2.6154193619731814e-05|NORM_3PLUS=6.257491349970223e-06|NORM_2WORD=2.127208063029684e-06

Youporn	O=0.9812970757484436|NORM_1WORD=0.017303206026554108|NORM_3PLUS=0.0007597373914904892|NORM_2WORD=0.0004372107796370983
ist	O=0.9999415874481201|NORM_1WORD=3.310599640826695e-05|NORM_3PLUS=1.4173626368574332e-05|NORM_2WORD=4.879117113887332e-06
nicht	O=0.999954104423523|NORM_1WORD=2.607926398923155e-05|NORM_3PLUS=1.1303651263006032e-05|NORM_2WORD=3.5864204619429074e-06
überlastet	O=0.9999145269393921|NORM_1WORD=5.567665721173398e-05|NORM_3PLUS=1.8394039216218516e-05|NORM_2WORD=5.426233656180557e-06
%PosSmiley	O=0.999920129776001|NORM_1WORD=4.729873762698844e-05|NORM_3PLUS=2.0183313608868048e-05|NORM_2WORD=6.84953647578368e-06

Job	O=0.999383807182312|NORM_1WORD=0.000564997608307749|NORM_3PLUS=2.6721223548520356e-05|NORM_2WORD=1.4360613931785338e-05
Radiologie	O=0.9998661279678345|NORM_1WORD=0.00010879038745770231|NORM_3PLUS=1.6524645616300404e-05|NORM_2WORD=3.744010882655857e-06
Key	O=0.9999239444732666|NORM_1WORD=5.6809705711202696e-05|NORM_3PLUS=1.1759402696043253e-05|NORM_2WORD=4.284544502297649e-06
Account	O=0.9999024868011475|NORM_1WORD=6.83396210661158e-05|NORM_3PLUS=1.6519747077836655e-05|NORM_2WORD=5.603728368441807e-06
Manager	O=0.9999253749847412|NORM_1WORD=4.8217843868769705e-05|NORM_3PLUS=1.4591435501642991e-05|NORM_2WORD=5.496998710441403e-06
−	O=0.9999407529830933|NORM_1WORD=4.191093103145249e-05|NORM_3PLUS=1.0390684110461734e-05|NORM_2WORD=2.9986047138663707e-06
Karrieresprung	O=0.9999105930328369|NORM_1WORD=6.889285577926785e-05|NORM_3PLUS=1.066988170350669e-05|NORM_2WORD=6.226203822734533e-06
in	O=0.9999569654464722|NORM_1WORD=3.443283640081063e-05|NORM_3PLUS=4.9263835535384715e-06|NORM_2WORD=2.059138751064893e-06
der	O=0.9999415874481201|NORM_1WORD=4.876324237557128e-05|NORM_3PLUS=5.339577910490334e-06|NORM_2WORD=2.6563297979009803e-06
Radiologie	O=0.9999045133590698|NORM_1WORD=7.226693560369313e-05|NORM_3PLUS=1.494825028203195e-05|NORM_2WORD=3.1501531339017674e-06
Standort	O=0.9999603033065796|NORM_1WORD=2.292539647896774e-05|NORM_3PLUS=8.846775017445907e-06|NORM_2WORD=3.91053936255048e-06
Hamburg	O=0.9999488592147827|NORM_1WORD=3.381581700523384e-05|NORM_3PLUS=7.658172762603499e-06|NORM_2WORD=5.257816610537702e-06
:	O=0.9999748468399048|NORM_1WORD=1.1979201190115418e-05|NORM_3PLUS=7.390172413579421e-06|NORM_2WORD=2.201697725467966e-06
Neumann	O=0.9999599456787109|NORM_1WORD=2.0760502593475394e-05|NORM_3PLUS=1.0328631105949171e-05|NORM_2WORD=5.095703272672836e-06
Leadership	O=0.9999560117721558|NORM_1WORD=2.6903258913080208e-05|NORM_3PLUS=8.90033788891742e-06|NORM_2WORD=4.19528987549711e-06
Deu	NORM_1WORD=0.8483284711837769|O=0.14940732717514038|NORM_3PLUS=0.001587999751791358|NORM_2WORD=0.00036459663533605635
...	O=0.9999408721923828|NORM_1WORD=3.675631160149351e-05|NORM_3PLUS=1.2745255844492931e-05|NORM_2WORD=4.580994755087886e-06

Der	O=0.9997835755348206|NORM_1WORD=0.0001833028218243271|NORM_3PLUS=1.6246365703409538e-05|NORM_2WORD=1.2100466847186908e-05
Junge	O=0.9998890161514282|NORM_1WORD=8.819176582619548e-05|NORM_3PLUS=1.3683677025255747e-05|NORM_2WORD=4.088513833266916e-06
hats	NORM_2WORD=0.9987735152244568|NORM_3PLUS=0.0010067792609333992|NORM_1WORD=7.335243572015315e-05|O=1.3373051842791028e-05
drauf	NORM_1WORD=0.9989528656005859|O=0.000831614772323519|NORM_2WORD=0.00010784034384414554|NORM_3PLUS=9.46480649872683e-05
.	O=0.9998921155929565|NORM_1WORD=5.581490768236108e-05|NORM_3PLUS=3.239382931496948e-05|NORM_2WORD=1.1201885172340553e-05
wettendass	NORM_2WORD=0.9981562495231628|NORM_3PLUS=0.0015462840674445033|NORM_1WORD=0.00010379419109085575|O=1.677920954534784e-05

u	NORM_1WORD=0.9935759902000427|O=0.006306284107267857|NORM_2WORD=5.956797758699395e-05|NORM_3PLUS=4.26523074565921e-05
meine	O=0.9996654987335205|NORM_1WORD=0.00027731485897675157|NORM_3PLUS=2.8517453756649047e-05|NORM_2WORD=2.1058918719063513e-05
Lehrer	O=0.9999312162399292|NORM_1WORD=4.418279786477797e-05|NORM_3PLUS=1.22844212455675e-05|NORM_2WORD=7.022017598501407e-06
drehen	O=0.999956488609314|NORM_1WORD=2.9560966140707023e-05|NORM_3PLUS=9.19275225896854e-06|NORM_2WORD=2.2267370241024764e-06
auch	O=0.9999692440032959|NORM_1WORD=1.9070517737418413e-05|NORM_3PLUS=5.7173256209352985e-06|NORM_2WORD=3.0635435450676596e-06
durch	O=0.9999562501907349|NORM_1WORD=2.9006067052250728e-05|NORM_3PLUS=8.021715984796174e-06|NORM_2WORD=2.946940639958484e-06
,	O=0.9999562501907349|NORM_1WORD=3.0347697247634642e-05|NORM_3PLUS=7.852050657675136e-06|NORM_2WORD=2.225040361736319e-06
ehrlich	O=0.9999057054519653|NORM_1WORD=6.143959035398439e-05|NORM_3PLUS=1.53152686834801e-05|NORM_2WORD=1.1302607163088396e-05
ich	O=0.9999148845672607|NORM_1WORD=7.594714406877756e-05|NORM_3PLUS=4.008319137938088e-06|NORM_2WORD=3.697186002682429e-06
kann	O=0.9999680519104004|NORM_1WORD=2.136164766852744e-05|NORM_3PLUS=5.027734914619941e-06|NORM_2WORD=3.1480258257943206e-06
die	O=0.9999376535415649|NORM_1WORD=4.446773891686462e-05|NORM_3PLUS=9.075974048755597e-06|NORM_2WORD=5.204571607464459e-06
net	NORM_1WORD=0.9990769624710083|NORM_2WORD=0.0003568278916645795|O=0.0002992250956594944|NORM_3PLUS=0.0002350022696191445
mehr	O=0.999750554561615|NORM_2WORD=9.45467472774908e-05|NORM_1WORD=8.974294905783609e-05|NORM_3PLUS=4.3264702981105074e-05
respektieren	O=0.9999043941497803|NORM_1WORD=7.059682684484869e-05|NORM_3PLUS=1.3420944924291689e-05|NORM_2WORD=5.503471584233921e-06
%PosSmiley	O=0.9999113082885742|NORM_1WORD=4.697649637819268e-05|NORM_3PLUS=2.575678263383452e-05|NORM_2WORD=7.687799552513752e-06

Enggak	NORM_2WORD=0.894922137260437|NORM_1WORD=0.061837226152420044|NORM_3PLUS=0.0306688379496336|O=0.010250141844153404
kok	O=0.6662575006484985|NORM_1WORD=0.3175913095474243|NORM_2WORD=0.01278600748628378|NORM_3PLUS=0.0030036759562790394
di	O=0.8836401700973511|NORM_1WORD=0.08402321487665176|NORM_2WORD=0.025790657848119736|NORM_3PLUS=0.004724140744656324

wär	NORM_1WORD=0.9976693987846375|NORM_2WORD=0.0012412099167704582|NORM_3PLUS=0.0006403691950254142|O=0.0002575638936832547
ja	O=0.999772846698761|NORM_1WORD=0.00012841192074120045|NORM_2WORD=5.0954815378645435e-05|NORM_3PLUS=3.5746888897847384e-05
peinlich	O=0.9999088048934937|NORM_1WORD=4.527770943241194e-05|NORM_3PLUS=2.9139713660697453e-05|NORM_2WORD=1.3127522834111005e-05
%PosSmiley	O=0.9999043941497803|NORM_1WORD=4.889969204668887e-05|NORM_3PLUS=2.674835195648484e-05|NORM_2WORD=1.0989893780788407e-05

Der	O=0.9999409914016724|NORM_1WORD=3.4289940231246874e-05|NORM_3PLUS=1.2921901543450076e-05|NORM_2WORD=5.212452833802672e-06
kommt	O=0.9998843669891357|NORM_1WORD=7.145318522816524e-05|NORM_3PLUS=2.360923281230498e-05|NORM_2WORD=1.0843185918929521e-05
bestimmt	O=0.999950647354126|NORM_1WORD=1.598485505382996e-05|NORM_3PLUS=1.4774723240407184e-05|NORM_2WORD=1.0443241080793086e-05
erst	O=0.9999685287475586|NORM_1WORD=1.531063753645867e-05|NORM_3PLUS=6.972364644752815e-06|NORM_2WORD=4.811653980141273e-06
im	O=0.9999426603317261|NORM_1WORD=4.2373070755274966e-05|NORM_3PLUS=8.260619324573781e-06|NORM_2WORD=2.5629794890846824e-06
Januar	O=0.9998797178268433|NORM_1WORD=7.7976452303119e-05|NORM_3PLUS=1.940850415849127e-05|NORM_2WORD=8.470784450764768e-06
und	O=0.999958872795105|NORM_1WORD=2.7850544938701205e-05|NORM_3PLUS=7.21075866749743e-06|NORM_2WORD=1.8697213590712636e-06
Februar	O=0.9998353719711304|NORM_1WORD=9.770580072654411e-05|NORM_3PLUS=3.2961070246528834e-05|NORM_2WORD=1.2134411008446477e-05
.	O=0.9999557733535767|NORM_1WORD=1.779215926944744e-05|NORM_3PLUS=1.5900783182587475e-05|NORM_2WORD=4.974618150299648e-06

der	NORM_1WORD=0.9918416738510132|O=0.00805965531617403|NORM_3PLUS=5.724991933675483e-05|NORM_2WORD=3.2922427635639906e-05
spruch	NORM_1WORD=0.9968492388725281|O=0.0029408917762339115|NORM_3PLUS=0.00010168020526180044|NORM_2WORD=9.527170186629519e-05
war	O=0.9998811483383179|NORM_1WORD=7.502338121412322e-05|NORM_3PLUS=2.344409040233586e-05|NORM_2WORD=1.3114045941620134e-05
geil	O=0.999818742275238|NORM_1WORD=9.30809837882407e-05|NORM_3PLUS=5.9259833506075665e-05|NORM_2WORD=1.85080170922447e-05
.	O=0.9999628067016602|NORM_3PLUS=1.5092025023477618e-05|NORM_1WORD=1.2593105566338636e-05|NORM_2WORD=4.81753158965148e-06
"	O=0.9999580383300781|NORM_1WORD=2.7182801204617135e-05|NORM_3PLUS=7.301138339244062e-06|NORM_2WORD=3.232746394132846e-06

Die	O=0.9996343851089478|NORM_1WORD=0.0002889361639972776|NORM_3PLUS=4.4881300709676e-05|NORM_2WORD=2.0311124899308197e-05
Castings	O=0.9997310042381287|NORM_1WORD=0.0001949397410498932|NORM_3PLUS=4.524022733676247e-05|NORM_2WORD=1.9374881958356127e-05

ich	NORM_1WORD=0.9160314798355103|O=0.08381202071905136|NORM_3PLUS=9.345217404188588e-05|NORM_2WORD=4.119045115658082e-05
geh	NORM_1WORD=0.997826874256134|O=0.0013867280213162303|NORM_2WORD=0.00040720822289586067|NORM_3PLUS=0.00032956042559817433
mit	O=0.9997134804725647|NORM_1WORD=0.00021482007286977023|NORM_3PLUS=3.801720595220104e-05|NORM_2WORD=2.1115112758707255e-05
%PosSmiley	O=0.999893307685852|NORM_1WORD=6.523272168124095e-05|NORM_3PLUS=2.4464092348353006e-05|NORM_2WORD=9.08674337551929e-06

2	O=0.9998503923416138|NORM_1WORD=9.318217053078115e-05|NORM_3PLUS=3.127468880848028e-05|NORM_2WORD=1.1524125511641614e-05
:	O=0.9999511241912842|NORM_1WORD=2.375393160036765e-05|NORM_3PLUS=1.4042968359717634e-05|NORM_2WORD=4.5454135033651255e-06
Gero	O=0.998342752456665|NORM_1WORD=0.0010466882959008217|NORM_3PLUS=0.00027486111503094435|NORM_2WORD=0.00023106278968043625
von	O=0.9999680519104004|NORM_1WORD=1.592401349626016e-05|NORM_3PLUS=9.023895472637378e-06|NORM_2WORD=2.6026766590803163e-06
Wilpert	O=0.9999321699142456|NORM_1WORD=4.222438292345032e-05|NORM_3PLUS=1.529894507257268e-05|NORM_2WORD=6.544098141603172e-06
:	O=0.9999442100524902|NORM_1WORD=2.7757596399169415e-05|NORM_3PLUS=1.5955754861352034e-05|NORM_2WORD=4.9833593038783874e-06
Lexikon	O=0.9991936087608337|NORM_1WORD=0.0007194182835519314|NORM_3PLUS=4.9443951866123825e-05|NORM_2WORD=1.269626955036074e-05
der	O=0.9999508857727051|NORM_1WORD=3.998084503109567e-05|NORM_3PLUS=5.324397989170393e-06|NORM_2WORD=1.8224694713353529e-06
Weltliteratur	O=0.9996527433395386|NORM_1WORD=0.00029324795468710363|NORM_3PLUS=2.820628651534207e-05|NORM_2WORD=8.505542609782424e-06
(	O=0.9999592304229736|NORM_1WORD=2.2202661057235673e-05|NORM_3PLUS=1.0692302566894796e-05|NORM_2WORD=3.2800062399473973e-06
Digitale	O=0.9999583959579468|NORM_1WORD=3.148176983813755e-05|NORM_3PLUS=5.976455213385634e-06|NORM_2WORD=1.7940808447747258e-06
Bibliothek	O=0.999906063079834|NORM_1WORD=6.29738497082144e-05|NORM_3PLUS=1.711188815534115e-05|NORM_2WORD=6.235475666471757e-06
13	O=0.9999558925628662|NORM_1WORD=2.3831078578950837e-05|NORM_3PLUS=1.1018218174285721e-05|NORM_2WORD=4.667182111006696e-06
)	O=0.9999666213989258|NORM_1WORD=1.529761721030809e-05|NORM_3PLUS=9.915693226503208e-06|NORM_2WORD=3.2041157282947097e-06
:	O=0.9999542236328125|NORM_1WORD=2.4071194275165908e-05|NORM_3PLUS=1.2886456715932582e-05|NORM_2WORD=3.390076926734764e-06
Tweet	O=0.9995319843292236|NORM_1WORD=0.0003423808084335178|NORM_3PLUS=7.52944324631244e-05|NORM_2WORD=2.3126049200072885e-05
Gero	O=0.9993509650230408|NORM_1WORD=0.00038350155227817595|NORM_3PLUS=0.0001179006285383366|NORM_2WORD=0.00010148840374313295
von	O=0.9999690055847168|NORM_1WORD=1.4924855349818245e-05|NORM_3PLUS=8.825144504953641e-06|NORM_2WORD=2.437703415125725e-06
Wilpert	O=0.9999343156814575|NORM_1WORD=3.9824586565373465e-05|NORM_3PLUS=1.5301910025300458e-05|NORM_2WORD=6.503131771751214e-06
:	O=0.9999439716339111|NORM_1WORD=2.5246254153898917e-05|NORM_3PLUS=1.750425508362241e-05|NORM_2WORD=5.595592483587097e-06
Lexikon	O=0.9994015693664551|NORM_1WORD=0.00052825448801741|NORM_3PLUS=4.323038228903897e-05|NORM_2WORD=1.0309415301890112e-05
der	O=0.9999065399169922|NORM_1WORD=7.65934310038574e-05|NORM_3PLUS=9.979416063288227e-06|NORM_2WORD=3.821469817921752e-06
We	NORM_1WORD=0.7408937811851501|O=0.2581065893173218|NORM_3PLUS=0.0007048373809084296|NORM_2WORD=0.00021590589312836528
...	O=0.9999147653579712|NORM_1WORD=5.147904812474735e-05|NORM_3PLUS=1.915852408274077e-05|NORM_2WORD=6.749015028617578e-06

die	NORM_1WORD=0.954559326171875|O=0.045229144394397736|NORM_3PLUS=0.0001045045064529404|NORM_2WORD=8.932984201237559e-05
party	NORM_1WORD=0.9979962706565857|O=0.0016025827499106526|NORM_3PLUS=0.00018490735965315253|NORM_2WORD=0.00015957608411554247
vergessen	O=0.999817430973053|NORM_1WORD=0.0001207044260809198|NORM_2WORD=3.803240178967826e-05|NORM_3PLUS=2.0117808162467554e-05
wohl	O=0.9999470710754395|NORM_1WORD=2.9899016226409003e-05|NORM_2WORD=1.2668288036365993e-05|NORM_3PLUS=7.556504442618461e-06
eher	O=0.9999302625656128|NORM_1WORD=2.8415344786481e-05|NORM_2WORD=2.048904752882663e-05|NORM_3PLUS=1.6469239199068397e-05
..	O=0.9999399185180664|NORM_1WORD=4.812184488400817e-05|NORM_3PLUS=5.632291504298337e-06|NORM_2WORD=4.126378826185828e-06
vielleicht	O=0.9998165965080261|NORM_1WORD=0.0001569184969412163|NORM_2WORD=1.1994861779385246e-05|NORM_3PLUS=9.294829396822024e-06
wirds	NORM_2WORD=0.9982309937477112|NORM_3PLUS=0.0013245318550616503|NORM_1WORD=0.00022424837516155094|O=3.4696429793257266e-05
heute	O=0.9999663829803467|NORM_1WORD=2.197108005930204e-05|NORM_3PLUS=5.109585345053347e-06|NORM_2WORD=4.282377176423324e-06
besser	O=0.9999678134918213|NORM_1WORD=1.6996069462038577e-05|NORM_3PLUS=7.329876552830683e-06|NORM_2WORD=3.997955900558736e-06
..	O=0.9999622106552124|NORM_1WORD=2.6007795895566233e-05|NORM_3PLUS=6.235141881916206e-06|NORM_2WORD=3.186108415320632e-06

STOPP	NORM_1WORD=0.987260103225708|O=0.012066223658621311|NORM_3PLUS=0.0004331094096414745|NORM_2WORD=0.00017958528769668192
!	O=0.9999641180038452|NORM_1WORD=1.7586480680620298e-05|NORM_3PLUS=8.911688382795546e-06|NORM_2WORD=3.936874691135017e-06

Wenn	O=0.9999271631240845|NORM_1WORD=4.9675945774652064e-05|NORM_3PLUS=1.318214890488889e-05|NORM_2WORD=5.067786787549267e-06
ich	O=0.9999687671661377|NORM_1WORD=2.0756151570822112e-05|NORM_3PLUS=5.152109679329442e-06|NORM_2WORD=2.7050309654441662e-06
mein	O=0.9998446702957153|NORM_1WORD=0.00012749592133332044|NORM_3PLUS=1.4516351257043425e-05|NORM_2WORD=9.642367331252899e-06
Abi	O=0.9993628859519958|NORM_1WORD=0.0004872674762737006|NORM_3PLUS=8.40389693621546e-05|NORM_2WORD=4.0638511563884094e-05
schaffe	O=0.9998947381973267|NORM_1WORD=8.212713146349415e-05|NORM_3PLUS=1.3681589734915178e-05|NORM_2WORD=4.2674842006817926e-06
,	O=0.9999397993087769|NORM_1WORD=3.969129829783924e-05|NORM_3PLUS=1.3006303561269306e-05|NORM_2WORD=2.8006877528241603e-06
blüht	O=0.9895167946815491|NORM_1WORD=0.010310140438377857|NORM_3PLUS=0.00011468636512290686|NORM_2WORD=4.235176311340183e-05
mir	O=0.9999327659606934|NORM_1WORD=4.121305391890928e-05|NORM_3PLUS=1.2740097190544475e-05|NORM_2WORD=8.63501918502152e-06
ne	NORM_1WORD=0.9990794658660889|NORM_2WORD=0.0004304634057916701|O=0.00022836288553662598|NORM_3PLUS=0.0002162444725399837
goldene	O=0.9999667406082153|NORM_1WORD=2.4291266527143307e-05|NORM_3PLUS=5.206093646847876e-06|NORM_2WORD=1.6256014987447998e-06
Zukunft	O=0.9999493360519409|NORM_1WORD=2.5765846658032387e-05|NORM_3PLUS=1.38779223561869e-05|NORM_2WORD=5.599658379651373e-06
!	O=0.9999786615371704|NORM_1WORD=9.525174391455948e-06|NORM_3PLUS=6.570611731149256e-06|NORM_2WORD=2.3548886929347645e-06

weiste	NORM_1WORD=0.9988824725151062|NORM_2WORD=0.000576503574848175|NORM_3PLUS=0.0002628807269502431|O=0.00026048647123388946
lisa	NORM_1WORD=0.9952065348625183|O=0.0033590879756957293|NORM_2WORD=0.001159543520770967|NORM_3PLUS=0.0002459441311657429
kann	O=0.9998815059661865|NORM_1WORD=0.00010137866775039583|NORM_3PLUS=7.469154752470786e-06|NORM_2WORD=6.863559974590316e-06
kötz	NORM_1WORD=0.9985546469688416|NORM_2WORD=0.0011022180551663041|NORM_3PLUS=0.00023150007473304868|O=8.856900967657566e-05
auch	O=0.9999750852584839|NORM_1WORD=1.631522536627017e-05|NORM_3PLUS=3.7656545828212984e-06|NORM_2WORD=2.9208713385742158e-06
gut	O=0.9999711513519287|NORM_1WORD=1.79340331669664e-05|NORM_3PLUS=4.726640327135101e-06|NORM_2WORD=3.77413516616798e-06
leiden	O=0.9999598264694214|NORM_1WORD=2.4317103452631272e-05|NORM_3PLUS=7.244692369567929e-06|NORM_2WORD=5.027219231124036e-06
un	NORM_1WORD=0.9971912503242493|O=0.0023617271799594164|NORM_2WORD=0.0002172091626562178|NORM_3PLUS=0.00020072209008503705
zu	O=0.9998550415039062|NORM_1WORD=0.00012657963088713586|NORM_3PLUS=9.72225552686723e-06|NORM_2WORD=5.546044576476561e-06
der	O=0.9999673366546631|NORM_1WORD=2.040354229393415e-05|NORM_3PLUS=6.420069439627696e-06|NORM_2WORD=3.5979478525405284e-06
sagst	NORM_1WORD=0.5676892995834351|O=0.42234688997268677|NORM_2WORD=0.0065356590785086155|NORM_3PLUS=0.0031392336823046207
du	O=0.9999711513519287|NORM_1WORD=1.882570177258458e-05|NORM_3PLUS=4.161609922448406e-06|NORM_2WORD=2.8158056011307053e-06
nix	NORM_1WORD=0.9988478422164917|NORM_2WORD=0.0004618068051058799|O=0.00032996837398968637|NORM_3PLUS=0.0003292476467322558
rofl	NORM_1WORD=0.9979641437530518|O=0.0018219759222120047|NORM_3PLUS=0.00012188750406494364|NORM_2WORD=8.274326683022082e-05
!	O=0.9999792575836182|NORM_1WORD=8.992965376819484e-06|NORM_3PLUS=5.83561677558464e-06|NORM_2WORD=2.5252502382500097e-06

Ik	O=0.9986419081687927|NORM_1WORD=0.001321375253610313|NORM_3PLUS=1.9508472178131342e-05|NORM_2WORD=1.3433355888992082e-05
dacht	NORM_1WORD=0.967912495136261|O=0.031267061829566956|NORM_3PLUS=0.0004886621027253568|NORM_2WORD=0.0002759179915301502
Gijssus	O=0.9979488253593445|NORM_1WORD=0.0011427743593230844|NORM_2WORD=0.0004579645465128124|NORM_3PLUS=0.0004233809595461935
?	O=0.9999659061431885|NORM_1WORD=1.375272222503554e-05|NORM_3PLUS=1.0259873306495138e-05|NORM_2WORD=4.375617209007032e-06

Ich	O=0.9999405145645142|NORM_1WORD=3.564105281839147e-05|NORM_3PLUS=9.29634552448988e-06|NORM_2WORD=8.183475983969402e-06
hoffe	O=0.9999568462371826|NORM_1WORD=2.635745295265224e-05|NORM_3PLUS=7.068969807733083e-06|NORM_2WORD=5.107344804855529e-06
nich	NORM_1WORD=0.9994051456451416|NORM_2WORD=0.0002805869735311717|O=0.00015561055624857545|NORM_3PLUS=0.00014577580441255122
dass	O=0.999595582485199|NORM_1WORD=0.00036207109224051237|NORM_3PLUS=1.962490932783112e-05|NORM_2WORD=1.697620245977305e-05
die	O=0.9999462366104126|NORM_1WORD=2.962043072329834e-05|NORM_3PLUS=1.0247584214084782e-05|NORM_2WORD=1.02408730526804e-05
das	O=0.9995972514152527|NORM_1WORD=0.0002706162049435079|NORM_3PLUS=5.641678944812156e-05|NORM_2WORD=3.544868013705127e-05
an	O=0.999962568283081|NORM_1WORD=2.5089057089644484e-05|NORM_3PLUS=6.022958132234635e-06|NORM_2WORD=3.4226297884742962e-06
einem	O=0.9999505281448364|NORM_1WORD=2.6173078367719427e-05|NORM_3PLUS=1.3094610039843246e-05|NORM_2WORD=5.364323897083523e-06
Tag	O=0.9999474287033081|NORM_1WORD=2.21099780901568e-05|NORM_3PLUS=1.5406898455694318e-05|NORM_2WORD=8.141038051689975e-06
machen	O=0.9999649524688721|NORM_1WORD=1.9013921701116487e-05|NORM_3PLUS=8.324370355694555e-06|NORM_2WORD=2.9128859750926495e-06
..	O=0.9999774694442749|NORM_1WORD=1.0802968063217122e-05|NORM_3PLUS=5.924180641159182e-06|NORM_2WORD=3.160159849358024e-06

Wellenreiten	O=0.998561680316925|NORM_1WORD=0.0013332318048924208|NORM_3PLUS=5.895318099646829e-05|NORM_2WORD=3.345036748214625e-05
?	O=0.9999713897705078|NORM_1WORD=1.1002584869856946e-05|NORM_3PLUS=8.435741619905457e-06|NORM_2WORD=3.1955410122463945e-06

Hahn	O=0.9999277591705322|NORM_1WORD=5.3260551794664934e-05|NORM_3PLUS=9.170650628220756e-06|NORM_2WORD=6.1734990595141426e-06
:	O=0.9999706745147705|NORM_1WORD=1.604821409273427e-05|NORM_3PLUS=7.778184226481244e-06|NORM_2WORD=2.1717758045269875e-06
Ryanair	O=0.9998190999031067|NORM_1WORD=0.00014128904149401933|NORM_3PLUS=2.226368451374583e-05|NORM_2WORD=1.07595578811015e-05
baut	O=0.9970889687538147|NORM_1WORD=0.0028629261068999767|NORM_3PLUS=2.615129778860137e-05|NORM_2WORD=1.2035763575113378e-05
Engagement	O=0.999940037727356|NORM_1WORD=3.916926289093681e-05|NORM_3PLUS=1.0010280675487593e-05|NORM_2WORD=7.821520739526022e-06
aus	O=0.9999532699584961|NORM_1WORD=3.561650009942241e-05|NORM_3PLUS=5.85277120990213e-06|NORM_2WORD=2.4329503958142595e-06
:	O=0.9999736547470093|NORM_1WORD=1.524753406556556e-05|NORM_3PLUS=6.075528744986514e-06|NORM_2WORD=2.2475085188489174e-06
Der	O=0.9999017715454102|NORM_1WORD=8.384366083191708e-05|NORM_3PLUS=7.584101695101708e-06|NORM_2WORD=3.6807784908887697e-06
Billigflieger	O=0.9986993074417114|NORM_1WORD=0.0011836056364700198|NORM_3PLUS=6.76699128234759e-05|NORM_2WORD=3.6788613215321675e-05
Ryanair	O=0.9998564720153809|NORM_1WORD=0.00010866864613490179|NORM_3PLUS=1.8841827113647014e-05|NORM_2WORD=9.979962669603992e-06
hat	O=0.9999041557312012|NORM_1WORD=6.571967242052779e-05|NORM_3PLUS=1.6099373169708997e-05|NORM_2WORD=5.465403773996513e-06
für	O=0.9999343156814575|NORM_1WORD=5.128703196533024e-05|NORM_3PLUS=7.526130957558053e-06|NORM_2WORD=2.5900947093759896e-06
das	O=0.9998455047607422|NORM_1WORD=0.0001413868594681844|NORM_3PLUS=6.6090256041206885e-06|NORM_2WORD=4.371908289613202e-06
kommende	O=0.9999055862426758|NORM_1WORD=7.125518459361047e-05|NORM_3PLUS=1.1465934221632779e-05|NORM_2WORD=6.8174463194736745e-06
Jahr	O=0.9999716281890869|NORM_1WORD=1.4806078979745507e-05|NORM_3PLUS=6.095056050980929e-06|NORM_2WORD=3.0402466109080706e-06
neue	O=0.9999316930770874|NORM_1WORD=4.599568637786433e-05|NORM_3PLUS=1.028771930577932e-05|NORM_2WORD=6.78613105264958e-06
Strecken	O=0.9998892545700073|NORM_1WORD=7.295266550499946e-05|NORM_3PLUS=2.2027918021194637e-05|NORM_2WORD=6.630652933381498e-06
ab	O=0.9999216794967651|NORM_1WORD=5.042706834501587e-05|NORM_3PLUS=1.5952595276758075e-05|NORM_2WORD=5.377661182137672e-06
Hahn	O=0.9996277093887329|NORM_1WORD=0.00030345001141540706|NORM_2WORD=3.2003568776417524e-05|NORM_3PLUS=2.8934273359482177e-05
ang	NORM_1WORD=0.854415774345398|O=0.14491133391857147|NORM_3PLUS=0.00030719858477823436|NORM_2WORD=0.00029635356622748077
...	O=0.9999254941940308|NORM_1WORD=5.486736336024478e-05|NORM_3PLUS=1.107031221181387e-05|NORM_2WORD=3.892517270287499e-06

Hey	O=0.9999457597732544|NORM_1WORD=3.0057273761485703e-05|NORM_3PLUS=1.1248691407672595e-05|NORM_2WORD=6.4985310928022955e-06
...	O=0.9999606609344482|NORM_3PLUS=1.2789708307536785e-05|NORM_1WORD=1.26779359561624e-05|NORM_2WORD=6.228665370144881e-06

no	NORM_1WORD=0.9996166229248047|O=0.0002955183445010334|NORM_3PLUS=4.472813452593982e-05|NORM_2WORD=3.330693652969785e-05
_ad	O=0.8252277970314026|NORM_1WORD=0.12659677863121033|NORM_2WORD=0.04209179803729057|NORM_3PLUS=0.005374908447265625
fb	NORM_1WORD=0.9971143007278442|O=0.0026921506505459547|NORM_2WORD=9.13481053430587e-05|NORM_3PLUS=8.656232239445671e-05
in	O=0.993695080280304|NORM_1WORD=0.006196262314915657|NORM_3PLUS=5.8536326832836494e-05|NORM_2WORD=4.003741196356714e-05

Scheiss	NORM_1WORD=0.8184577822685242|O=0.17583075165748596|NORM_3PLUS=0.003708185628056526|NORM_2WORD=0.001797237666323781
auf	O=0.9991967082023621|NORM_1WORD=0.0007799341110512614|NORM_3PLUS=1.465815421397565e-05|NORM_2WORD=6.36021059108316e-06
die	O=0.9999421834945679|NORM_1WORD=4.8246529331663623e-05|NORM_3PLUS=5.262802915240172e-06|NORM_2WORD=3.0113071716186823e-06
Kanäle	O=0.9998834133148193|NORM_1WORD=8.714196155779064e-05|NORM_3PLUS=2.0177934857201762e-05|NORM_2WORD=5.023805897508282e-06
.	O=0.999962568283081|NORM_3PLUS=1.471143332310021e-05|NORM_1WORD=1.412709661963163e-05|NORM_2WORD=4.041594820591854e-06

Ich	O=0.9999345541000366|NORM_1WORD=4.47189413534943e-05|NORM_3PLUS=9.429294550500344e-06|NORM_2WORD=6.052460321370745e-06
muss	O=0.9998472929000854|NORM_1WORD=0.00012536875146906823|NORM_3PLUS=1.4061209185456391e-05|NORM_2WORD=7.609966360178078e-06
mal	O=0.9994489550590515|NORM_1WORD=0.0004518784407991916|NORM_2WORD=6.238277273951098e-05|NORM_3PLUS=2.8123644369770773e-05
ein	O=0.9989171028137207|NORM_1WORD=0.0010097583290189505|NORM_2WORD=4.329885632614605e-05|NORM_3PLUS=2.4516682969988324e-05
paar	NORM_1WORD=0.9671012163162231|O=0.027460280805826187|NORM_2WORD=0.004912986885756254|NORM_3PLUS=0.000454936787718907
Japaner	O=0.9997541308403015|NORM_1WORD=0.0001646491582505405|NORM_3PLUS=4.11555047321599e-05|NORM_2WORD=2.334288728889078e-05
töten	O=0.9999175071716309|NORM_1WORD=6.244702672120184e-05|NORM_3PLUS=1.2033795428578742e-05|NORM_2WORD=3.6741796520800563e-06
&gt;.&lt;	O=0.9998886585235596|NORM_1WORD=5.957105167908594e-05|NORM_3PLUS=2.8926455343025737e-05|NORM_2WORD=1.4720702893100679e-05

hea	NORM_1WORD=0.997610330581665|O=0.0021004925947636366|NORM_2WORD=0.00021473645756486803|NORM_3PLUS=6.532069528475404e-05
loss	NORM_1WORD=0.9972350001335144|O=0.0015398641116917133|NORM_2WORD=0.0009323501726612449|NORM_3PLUS=0.0002812268503475934
mich	O=0.9998713731765747|NORM_1WORD=0.00010979521175613627|NORM_2WORD=8.703778803464957e-06|NORM_3PLUS=8.064017492870335e-06
doch	O=0.9998372793197632|NORM_1WORD=0.00014879085938446224|NORM_3PLUS=7.163646841945592e-06|NORM_2WORD=4.374161562736845e-06
mit	O=0.9991819262504578|NORM_1WORD=0.0007683247094973922|NORM_3PLUS=2.9679082217626274e-05|NORM_2WORD=1.5307701687561348e-05
dem	O=0.9990323781967163|NORM_1WORD=0.00090991728939116|NORM_3PLUS=3.4073120332323015e-05|NORM_2WORD=1.8206970707979053e-05
goile	NORM_1WORD=0.9993420243263245|O=0.0004636837402358651|NORM_3PLUS=0.00012417550897225738|NORM_2WORD=6.284943810896948e-05
wormserisch	NORM_1WORD=0.9993077516555786|NORM_2WORD=0.00036331231240183115|O=0.0001698882842902094|NORM_3PLUS=0.00015313738549593836
nur	O=0.9996771812438965|NORM_1WORD=0.0002945752930827439|NORM_2WORD=1.3494289305526763e-05|NORM_3PLUS=1.112523750634864e-05
weil	O=0.9976898431777954|NORM_1WORD=0.0021769683808088303|NORM_2WORD=7.277033000718802e-05|NORM_3PLUS=4.6268254664028063e-05
dus	NORM_1WORD=0.9539856910705566|O=0.04248989373445511|NORM_2WORD=0.002560762921348214|NORM_3PLUS=0.0008919650572352111
ned	NORM_1WORD=0.998889148235321|O=0.0007139473455026746|NORM_2WORD=0.00025968332192860544|NORM_3PLUS=0.00012586622324306518
kapierst	NORM_1WORD=0.9870295524597168|O=0.008390857838094234|NORM_2WORD=0.002694342052564025|NORM_3PLUS=0.001807558466680348
moi	O=0.9940781593322754|NORM_1WORD=0.005727031268179417|NORM_2WORD=9.957450674846768e-05|NORM_3PLUS=8.104217704385519e-05
guddi	NORM_1WORD=0.9858308434486389|O=0.011384313926100731|NORM_2WORD=0.00200701248832047|NORM_3PLUS=0.000716710404958576
%NegSmiley	O=0.9999020099639893|NORM_1WORD=6.107638910179958e-05|NORM_3PLUS=2.218238660134375e-05|NORM_2WORD=7.072122116369428e-06

Von	O=0.999904990196228|NORM_1WORD=6.380220293067396e-05|NORM_3PLUS=1.5186613381956704e-05|NORM_2WORD=7.121522685338277e-06
Fussball	O=0.9997417330741882|NORM_1WORD=0.00019142434757668525|NORM_3PLUS=2.738375223998446e-05|NORM_2WORD=2.5842215109150857e-05
versteht	O=0.9999208450317383|NORM_1WORD=5.3384566854219884e-05|NORM_3PLUS=1.3032354218012188e-05|NORM_2WORD=7.3544515544199385e-06
sie	O=0.9999573230743408|NORM_3PLUS=1.3757116903434508e-05|NORM_2WORD=1.2660060747293755e-05|NORM_1WORD=1.026579411700368e-05
nix	NORM_1WORD=0.999320387840271|NORM_2WORD=0.000352196249878034|NORM_3PLUS=0.00020429845608305186|O=0.00010144728003069758
,	O=0.9999393224716187|NORM_1WORD=3.693429607665166e-05|NORM_3PLUS=1.4819288480794057e-05|NORM_2WORD=4.0787417674437165e-06
von	O=0.9999294281005859|NORM_1WORD=4.3305881263222545e-05|NORM_3PLUS=1.4176009244692978e-05|NORM_2WORD=6.471177130151773e-06
Musik	O=0.9996139407157898|NORM_1WORD=0.00031225199927575886|NORM_3PLUS=3.5260087315691635e-05|NORM_2WORD=2.790789949358441e-05
schon	O=0.9999203681945801|NORM_1WORD=4.087252091267146e-05|NORM_2WORD=1.7799082343117334e-05|NORM_3PLUS=1.74511042132508e-05
.	O=0.9999673366546631|NORM_1WORD=1.4157470104692038e-05|NORM_3PLUS=1.0967309208353981e-05|NORM_2WORD=3.4590732411743375e-06

jaa	NORM_1WORD=0.9986308217048645|O=0.0007398255984298885|NORM_2WORD=0.0003098513698205352|NORM_3PLUS=0.00027774288901127875
,	O=0.9999439716339111|NORM_1WORD=3.639248825493269e-05|NORM_3PLUS=1.2104150300729088e-05|NORM_2WORD=3.531934453349095e-06
schmeiss	O=0.973039448261261|NORM_1WORD=0.025857897475361824|NORM_3PLUS=0.000719664036296308|NORM_2WORD=0.0003087347431574017
dich	O=0.9999711513519287|NORM_1WORD=1.4459227713814471e-05|NORM_3PLUS=7.55477003622218e-06|NORM_2WORD=4.3647455640893895e-06
an	O=0.9999102354049683|NORM_1WORD=6.681578088318929e-05|NORM_3PLUS=1.2152796443842817e-05|NORM_2WORD=7.708802513661794e-06
ihn	O=0.9999455213546753|NORM_1WORD=2.9621371140819974e-05|NORM_3PLUS=1.433299075870309e-05|NORM_2WORD=5.840029189130291e-06
ran	NORM_1WORD=0.9994708895683289|O=0.0003687371499836445|NORM_3PLUS=9.915727423503995e-05|NORM_2WORD=5.4325668315868825e-05
%PosSmiley	O=0.999929666519165|NORM_1WORD=3.853550151688978e-05|NORM_3PLUS=2.013062476180494e-05|NORM_2WORD=5.89865294386982e-06

Grüner	O=0.9998728036880493|NORM_1WORD=6.967546505620703e-05|NORM_3PLUS=3.546958032529801e-05|NORM_2WORD=1.0079507774207741e-05
Tee	O=0.9998364448547363|NORM_1WORD=9.394098015036434e-05|NORM_3PLUS=4.0494931454304606e-05|NORM_2WORD=1.4988000657467637e-05
in	O=0.9999430179595947|NORM_1WORD=3.653642124845646e-05|NORM_3PLUS=1.2604186849785037e-05|NORM_2WORD=4.011192686448339e-06
einer	O=0.9999420642852783|NORM_1WORD=3.405650204513222e-05|NORM_3PLUS=1.2888696801383048e-05|NORM_2WORD=5.319498541211942e-06
offenen	O=0.9999566078186035|NORM_1WORD=2.6646655896911398e-05|NORM_3PLUS=1.01165242085699e-05|NORM_2WORD=2.7951659831160214e-06
Dos	O=0.9989615678787231|NORM_1WORD=0.0007116252672858536|NORM_3PLUS=0.00019288421026431024|NORM_2WORD=8.712780982023105e-05
kann	O=0.999963641166687|NORM_1WORD=1.7553715224494226e-05|NORM_3PLUS=8.997714758152142e-06|NORM_2WORD=3.979623215855099e-06
sehr	O=0.9999566078186035|NORM_1WORD=2.2268191969487816e-05|NORM_3PLUS=9.327177394879982e-06|NORM_2WORD=5.911032531003002e-06
schnell	O=0.9999426603317261|NORM_1WORD=3.1678544473834336e-05|NORM_3PLUS=1.376203272229759e-05|NORM_2WORD=6.531422059197212e-06
oxidieren	O=0.9997747540473938|NORM_1WORD=0.00017347808170598|NORM_3PLUS=2.9911570891272277e-05|NORM_2WORD=7.678638212382793e-06
(	O=0.9999691247940063|NORM_1WORD=1.6881880583241582e-05|NORM_3PLUS=8.083054126473144e-06|NORM_2WORD=2.609825514809927e-06
mit	O=0.9999338388442993|NORM_1WORD=4.422873826115392e-05|NORM_3PLUS=1.2684633475146256e-05|NORM_2WORD=4.266848918632604e-06
Sauerstoff	O=0.999862551689148|NORM_1WORD=9.113345004152507e-05|NORM_3PLUS=2.40437966567697e-05|NORM_2WORD=8.92685966391582e-06
reagieren	O=0.9999121427536011|NORM_1WORD=4.644899308914319e-05|NORM_3PLUS=2.2710410121362656e-05|NORM_2WORD=8.918690582504496e-06
)	O=0.999968409538269|NORM_1WORD=1.5787762094987556e-05|NORM_3PLUS=9.558025340083987e-06|NORM_2WORD=2.526260914237355e-06

Wenns	NORM_2WORD=0.9984373450279236|NORM_3PLUS=0.0011313690338283777|NORM_1WORD=0.00026003786479122937|O=2.0606235921150073e-05
nächste	O=0.9999011754989624|NORM_1WORD=7.436666783178225e-05|NORM_2WORD=1.1133812222396955e-05|NORM_3PLUS=9.127409612119664e-06
Woche	O=0.9999346733093262|NORM_1WORD=3.230690708733164e-05|NORM_3PLUS=1.6087706171674654e-05|NORM_2WORD=1.0415801625640597e-05
klappt	O=0.9998672008514404|NORM_1WORD=9.627217514207587e-05|NORM_3PLUS=1.878631883300841e-05|NORM_2WORD=7.526594799855957e-06
(	O=0.9999359846115112|NORM_1WORD=3.9622278563911095e-05|NORM_3PLUS=1.3885084626963362e-05|NORM_2WORD=5.1058455028396565e-06
Gott	O=0.9994279742240906|NORM_1WORD=0.000486763718072325|NORM_2WORD=3.917673529940657e-05|NORM_3PLUS=3.1192594178719446e-05
,	O=0.9999477863311768|NORM_1WORD=3.5792068956652656e-05|NORM_3PLUS=9.11910774448188e-06|NORM_2WORD=2.7713826966646593e-06
müssen	O=0.9998786449432373|NORM_1WORD=9.545504144625738e-05|NORM_3PLUS=1.2414086995704565e-05|NORM_2WORD=8.006672032934148e-06
dringend	O=0.9998937845230103|NORM_1WORD=4.8284327931469306e-05|NORM_2WORD=3.4921406040666625e-05|NORM_3PLUS=1.4680233107355889e-05
nochmal	O=0.9999421834945679|NORM_1WORD=2.8617962016141973e-05|NORM_2WORD=1.4222298887034412e-05|NORM_3PLUS=1.011142012430355e-05
drüber	NORM_1WORD=0.9936700463294983|NORM_2WORD=0.005254278425127268|NORM_3PLUS=0.000609654001891613|O=0.000408548308769241
reden	O=0.9998918771743774|NORM_1WORD=7.968959107529372e-05|NORM_3PLUS=1.564766716910526e-05|NORM_2WORD=5.351547315513017e-06
!	O=0.9999727010726929|NORM_1WORD=1.1947024177061394e-05|NORM_3PLUS=8.480309588776436e-06|NORM_2WORD=2.318259475941886e-06
Planung	O=0.9999203681945801|NORM_1WORD=4.810310201719403e-05|NORM_3PLUS=1.847466228355188e-05|NORM_2WORD=6.4040896177175455e-06
=	O=0.9999637603759766|NORM_1WORD=2.0141831555520184e-05|NORM_3PLUS=1.0360021406086162e-05|NORM_2WORD=2.074436224575038e-06
0	O=0.9999654293060303|NORM_1WORD=1.5639910998288542e-05|NORM_3PLUS=1.1514266589074396e-05|NORM_2WORD=3.1028791909193387e-06
%PosSmiley	O=0.99992835521698|NORM_1WORD=3.08340931951534e-05|NORM_3PLUS=2.7866271921084262e-05|NORM_2WORD=5.746681836171774e-06
OO	O=0.9999289512634277|NORM_1WORD=3.8574449717998505e-05|NORM_3PLUS=2.0837851479882374e-05|NORM_2WORD=4.641201940103201e-06
)	O=0.9999094009399414|NORM_1WORD=4.672619252232835e-05|NORM_3PLUS=2.8383876269799657e-05|NORM_2WORD=7.138574346754467e-06
,	O=0.999955415725708|NORM_1WORD=2.8494592697825283e-05|NORM_3PLUS=9.564402716932818e-06|NORM_2WORD=2.5357721824548207e-06
dann	O=0.9999525547027588|NORM_1WORD=2.807988494168967e-05|NORM_3PLUS=8.266438271675725e-06|NORM_2WORD=4.525916210695868e-06
bring	O=0.9564423561096191|NORM_1WORD=0.042006347328424454|NORM_3PLUS=0.0010319513967260718|NORM_2WORD=0.0003615807800088078
ich	O=0.999956488609314|NORM_1WORD=2.9096448997734115e-05|NORM_3PLUS=6.907243459863821e-06|NORM_2WORD=4.0359968807024416e-06
Dir	O=0.9999572038650513|NORM_1WORD=1.9464618162601255e-05|NORM_3PLUS=9.809355105971918e-06|NORM_2WORD=7.507163445552578e-06
welche	O=0.9996465444564819|NORM_1WORD=0.00029096321668475866|NORM_3PLUS=3.351037958054803e-05|NORM_2WORD=2.1621342966682278e-05
mit	O=0.9998937845230103|NORM_1WORD=6.509001832455397e-05|NORM_3PLUS=2.630622111610137e-05|NORM_2WORD=7.596426712552784e-06
!	O=0.9999710321426392|NORM_1WORD=1.2887879165646154e-05|NORM_3PLUS=9.089685590879526e-06|NORM_2WORD=2.586551090644207e-06
%PosSmiley	O=0.9999399185180664|NORM_1WORD=2.5443991034990177e-05|NORM_3PLUS=2.3471733584301546e-05|NORM_2WORD=4.802119292435236e-06

Nachbarin	O=0.9999452829360962|NORM_1WORD=3.2676140108378604e-05|NORM_3PLUS=1.2159133802924771e-05|NORM_2WORD=6.429994755308144e-06
+	O=0.9999079704284668|NORM_1WORD=6.389963527908549e-05|NORM_3PLUS=1.8870799976866692e-05|NORM_2WORD=3.8007401599315926e-06
Handwerker	O=0.9999598264694214|NORM_1WORD=2.2151112716528587e-05|NORM_3PLUS=1.0705613021855243e-05|NORM_2WORD=3.2520472359465202e-06
,	O=0.999956488609314|NORM_1WORD=1.8814480426954105e-05|NORM_3PLUS=1.6615947970421985e-05|NORM_2WORD=3.888656920025824e-06
die	O=0.9999582767486572|NORM_1WORD=2.756160029093735e-05|NORM_3PLUS=7.467805062333355e-06|NORM_2WORD=3.293148438388016e-06
da	O=0.9998946189880371|NORM_1WORD=5.193121251068078e-05|NORM_3PLUS=2.4942521122284234e-05|NORM_2WORD=1.914033418870531e-05
im	O=0.9999312162399292|NORM_1WORD=5.4374802857637405e-05|NORM_3PLUS=8.327003342856187e-06|NORM_2WORD=3.0100538879196392e-06
Flur	O=0.9997022747993469|NORM_1WORD=0.000257563020568341|NORM_3PLUS=2.6501853426452726e-05|NORM_2WORD=8.607100426161196e-06
rum	NORM_1WORD=0.9995762705802917|NORM_2WORD=0.00016169052105396986|O=0.0001408421667292714|NORM_3PLUS=0.00010850193211808801
standen	O=0.9996904134750366|NORM_1WORD=0.00011995871318504214|NORM_2WORD=0.00011051630281144753|NORM_3PLUS=6.903064786456525e-05
.	O=0.9999693632125854|NORM_3PLUS=1.2677465747401584e-05|NORM_1WORD=1.1230348718527239e-05|NORM_2WORD=3.0651599445263855e-06

Volgende	O=0.9702469706535339|NORM_1WORD=0.028426453471183777|NORM_2WORD=0.0007215160294435918|NORM_3PLUS=0.0005491761257871985
weak	O=0.7659515738487244|NORM_1WORD=0.2067025601863861|NORM_2WORD=0.01885027065873146|NORM_3PLUS=0.008167020976543427
wir	O=0.9999600648880005|NORM_1WORD=2.475610381225124e-05|NORM_3PLUS=7.81722610554425e-06|NORM_2WORD=4.290280685381731e-06
!	O=0.999972939491272|NORM_1WORD=1.1663598343147896e-05|NORM_3PLUS=8.481557415507268e-06|NORM_2WORD=2.546958057791926e-06
%PosSmiley	O=0.9999310970306396|NORM_1WORD=3.3006126614054665e-05|NORM_3PLUS=2.203602525696624e-05|NORM_2WORD=6.525071057694731e-06

dafür	NORM_1WORD=0.9942461848258972|O=0.005507795140147209|NORM_3PLUS=0.00013317684351932257|NORM_2WORD=8.165639883372933e-05
habt	O=0.9999431371688843|NORM_1WORD=3.844223465421237e-05|NORM_3PLUS=9.251290975953452e-06|NORM_2WORD=5.358123871701537e-06
ihr	O=0.9999620914459229|NORM_1WORD=2.1554144041147083e-05|NORM_2WORD=6.833382030890789e-06|NORM_3PLUS=5.92972492086119e-06
hier	O=0.999906063079834|NORM_1WORD=4.677694960264489e-05|NORM_2WORD=2.7592614060267806e-05|NORM_3PLUS=1.526671439933125e-05
sc	NORM_1WORD=0.99802565574646|O=0.0014007417485117912|NORM_3PLUS=0.0002630334929563105|NORM_2WORD=0.00025410266243852675
...	O=0.9997542500495911|NORM_1WORD=0.00022537521726917475|NORM_3PLUS=1.060598879121244e-05|NORM_2WORD=4.358940714155324e-06

"	O=0.9999442100524902|NORM_1WORD=3.637143163359724e-05|NORM_3PLUS=9.108809535973705e-06|NORM_2WORD=5.449087893794058e-06
Das	O=0.9996397495269775|NORM_1WORD=0.0002525861782487482|NORM_3PLUS=4.91612809128128e-05|NORM_2WORD=2.7751844754675403e-05
Touchscreen	O=0.9998262524604797|NORM_1WORD=8.392107702093199e-05|NORM_3PLUS=4.576891296892427e-05|NORM_2WORD=1.2297467037569731e-05
dieses	O=0.9998824596405029|NORM_1WORD=8.714710565982386e-05|NORM_3PLUS=1.2386590242385864e-05|NORM_2WORD=1.1810319847427309e-05
Gerätes	O=0.9997988343238831|NORM_1WORD=9.12061586859636e-05|NORM_3PLUS=5.86792484682519e-05|NORM_2WORD=2.7589601813815534e-05
ist	O=0.9999468326568604|NORM_1WORD=2.9711492970818654e-05|NORM_3PLUS=1.273722682526568e-05|NORM_2WORD=4.558277851174353e-06
kaputt	O=0.9998598098754883|NORM_1WORD=9.810968913370743e-05|NORM_3PLUS=2.7670203053276055e-05|NORM_2WORD=8.922349479689728e-06
.	O=0.9999703168869019|NORM_3PLUS=1.1451716090959962e-05|NORM_1WORD=1.08374806586653e-05|NORM_2WORD=3.293272584414808e-06
"-"	O=0.999964714050293|NORM_1WORD=1.671344398346264e-05|NORM_3PLUS=8.748091204324737e-06|NORM_2WORD=5.197426617087331e-06

Fedor	O=0.9996899366378784|NORM_1WORD=0.0002748396073002368|NORM_3PLUS=1.791017348296009e-05|NORM_2WORD=1.0313018719898537e-05
war	O=0.9998738765716553|NORM_1WORD=9.915648843161762e-05|NORM_3PLUS=1.4256280337576754e-05|NORM_2WORD=8.59353349369485e-06
fur	NORM_1WORD=0.9984303116798401|O=0.001114045036956668|NORM_2WORD=0.00023904316185507923|NORM_3PLUS=0.00015548606461379677
enige	NORM_1WORD=0.9115659594535828|O=0.04634122923016548|NORM_2WORD=0.03476065397262573|NORM_3PLUS=0.006411862559616566
wochen	NORM_1WORD=0.7219241857528687|O=0.27721846103668213|NORM_2WORD=0.0004727980413008481|NORM_3PLUS=0.0003371739585418254
zuruck	NORM_1WORD=0.9991139769554138|NORM_2WORD=0.0004897047765552998|NORM_3PLUS=0.0002851483877748251|O=9.722757386043668e-05
im	O=0.9508377313613892|NORM_1WORD=0.04795224592089653|NORM_3PLUS=0.0007079316419549286|NORM_2WORD=0.00043414259562268853
holland	NORM_1WORD=0.9772228598594666|O=0.02228410914540291|NORM_3PLUS=0.0002786427503451705|NORM_2WORD=0.0001796270371414721
bei	O=0.9999055862426758|NORM_1WORD=6.61075537209399e-05|NORM_3PLUS=1.6258487448794767e-05|NORM_2WORD=7.738022759440355e-06
hoost	NORM_1WORD=0.9979503750801086|O=0.0016838291194289923|NORM_3PLUS=0.00018958149303216487|NORM_2WORD=0.00016517483163625002
.	O=0.9999630451202393|NORM_1WORD=1.7772990759112872e-05|NORM_3PLUS=1.2002889889117796e-05|NORM_2WORD=3.466915131866699e-06

Bayern-online	O=0.9998825788497925|NORM_1WORD=6.257199856918305e-05|NORM_3PLUS=2.7813783162855543e-05|NORM_2WORD=1.6712388969608583e-05
Damals	O=0.999811589717865|NORM_2WORD=7.47741578379646e-05|NORM_3PLUS=5.818526915390976e-05|NORM_1WORD=5.0355920393485576e-05
an	O=0.9999154806137085|NORM_1WORD=5.453176345326938e-05|NORM_2WORD=1.3317527191247791e-05|NORM_3PLUS=1.2501486708060838e-05
Weihnachten	O=0.9999067783355713|NORM_1WORD=4.0763676224742085e-05|NORM_3PLUS=2.2456026272266172e-05|NORM_2WORD=2.0223467799951322e-05
:	O=0.9999668598175049|NORM_1WORD=1.4816305338172242e-05|NORM_3PLUS=1.0506715625524521e-05|NORM_2WORD=3.749422830878757e-06
Der	O=0.9999561309814453|NORM_1WORD=2.8808100978494622e-05|NORM_3PLUS=7.647529855603352e-06|NORM_2WORD=3.5560785818233853e-06
überraschend	O=0.9997044205665588|NORM_1WORD=0.0002506817108951509|NORM_3PLUS=2.2194211851456203e-05|NORM_2WORD=1.616746340005193e-05
andere	O=0.999896764755249|NORM_1WORD=8.193351823138073e-05|NORM_3PLUS=9.547820809530094e-06|NORM_2WORD=7.2565853770356625e-06
Advent	O=0.9999192953109741|NORM_1WORD=4.022588473162614e-05|NORM_3PLUS=2.0499279344221577e-05|NORM_2WORD=8.957795216701925e-06
"	O=0.9999719858169556|NORM_1WORD=1.6010370018193498e-05|NORM_3PLUS=7.001380254223477e-06|NORM_2WORD=2.064971113213687e-06
Damals	O=0.9998779296875|NORM_2WORD=4.615918442141265e-05|NORM_3PLUS=4.022138091386296e-05|NORM_1WORD=3.1496652809437364e-05
an	O=0.9999160766601562|NORM_1WORD=5.07221557199955e-05|NORM_3PLUS=1.414822691003792e-05|NORM_2WORD=1.360988972010091e-05
Weihnachten	O=0.9999299049377441|NORM_1WORD=2.8561717044794932e-05|NORM_3PLUS=1.8996905055246316e-05|NORM_2WORD=1.4537887182086706e-05
"	O=0.999966025352478|NORM_1WORD=1.3630482499138452e-05|NORM_3PLUS=1.1624452781688888e-05|NORM_2WORD=3.850763732771156e-06
:	O=0.9999579191207886|NORM_1WORD=1.8648199329618365e-05|NORM_3PLUS=1.3687739738088567e-05|NORM_2WORD=4.574529157252982e-06
Musikalische	O=0.9999494552612305|NORM_1WORD=3.664584437501617e-05|NORM_3PLUS=8.260100003099069e-06|NORM_2WORD=3.294636599093792e-06
Les	NORM_1WORD=0.980351984500885|O=0.014477714896202087|NORM_3PLUS=0.0030041264835745096|NORM_2WORD=0.001694384845905006
...	O=0.9999514818191528|NORM_1WORD=2.8136551918578334e-05|NORM_3PLUS=1.207222794619156e-05|NORM_2WORD=3.909904535248643e-06

aber	NORM_1WORD=0.9921614527702332|O=0.007721572183072567|NORM_3PLUS=7.480788917746395e-05|NORM_2WORD=2.7087293346994556e-05
ich	O=0.995203971862793|NORM_1WORD=0.004760163836181164|NORM_3PLUS=1.503849034634186e-05|NORM_2WORD=1.4405621186597273e-05
glaub	NORM_1WORD=0.9984369874000549|NORM_2WORD=0.0010531038278713822|NORM_3PLUS=0.00027784681878983974|O=0.00019425047503318638
die	O=0.9965768456459045|NORM_1WORD=0.003212574403733015|NORM_3PLUS=9.927330393111333e-05|NORM_2WORD=8.00868947408162e-05
gehn	NORM_1WORD=0.9997057318687439|O=0.00016020334442146122|NORM_2WORD=6.766424485249445e-05|NORM_3PLUS=6.041817323421128e-05
eh	NORM_1WORD=0.9994657635688782|O=0.00028321417630650103|NORM_2WORD=0.0001491041184635833|NORM_3PLUS=8.550537313567474e-05
net	NORM_1WORD=0.9988383650779724|NORM_2WORD=0.0005142464069649577|O=0.00042760849464684725|NORM_3PLUS=0.00019172379688825458
drann	NORM_1WORD=0.9990535378456116|O=0.00042778809438459575|NORM_2WORD=0.00037829435314051807|NORM_3PLUS=0.00012674838944803923
%NegSmiley	O=0.999891996383667|NORM_1WORD=6.273870531003922e-05|NORM_3PLUS=2.7609625249169767e-05|NORM_2WORD=8.723020982870366e-06

BTW	O=0.9998992681503296|NORM_1WORD=8.706085645826533e-05|NORM_3PLUS=6.433391718019266e-06|NORM_2WORD=3.1206748190015787e-06
!	O=0.9999731779098511|NORM_1WORD=1.1888769222423434e-05|NORM_3PLUS=6.845668394817039e-06|NORM_2WORD=2.9592388273158576e-06

Sooo	NORM_1WORD=0.9411696195602417|O=0.0437098853290081|NORM_2WORD=0.011505460366606712|NORM_3PLUS=0.003169957548379898
jetzt	O=0.9997550845146179|NORM_1WORD=0.0002176048728870228|NORM_3PLUS=1.1760566849261522e-05|NORM_2WORD=1.1430038284743205e-05
kann	O=0.9999295473098755|NORM_1WORD=5.767929178546183e-05|NORM_3PLUS=6.056188340153312e-06|NORM_2WORD=4.09333824791247e-06
ich	O=0.9999278783798218|NORM_1WORD=5.656940629705787e-05|NORM_3PLUS=6.9799784796487074e-06|NORM_2WORD=4.807619461644208e-06
euch	O=0.9999254941940308|NORM_1WORD=4.775445268023759e-05|NORM_3PLUS=1.0739297067630105e-05|NORM_2WORD=8.086171874310821e-06
das	NORM_1WORD=0.8061398863792419|O=0.1917019784450531|NORM_2WORD=0.0017786636017262936|NORM_3PLUS=0.0003223178500775248
fertige	O=0.9994040727615356|NORM_1WORD=0.0005744175869040191|NORM_3PLUS=1.2707716450677253e-05|NORM_2WORD=5.6207654779427685e-06
Cover-Art	O=0.9993444085121155|NORM_1WORD=0.0005888225277885795|NORM_3PLUS=4.5410422899294645e-05|NORM_2WORD=1.1729229299817234e-05
zeigen	O=0.9998725652694702|NORM_1WORD=8.918818639358506e-05|NORM_3PLUS=2.029656207014341e-05|NORM_2WORD=6.957435289223213e-06
%PosSmiley	O=0.9998970031738281|NORM_1WORD=5.9390025853645056e-05|NORM_3PLUS=2.760431198112201e-05|NORM_2WORD=8.654900739202276e-06

Momentan	O=0.9950034022331238|NORM_1WORD=0.0023746623191982508|NORM_2WORD=0.002214498119428754|NORM_3PLUS=0.00032010453287512064
steigt	O=0.999855637550354|NORM_1WORD=0.00010385931091150269|NORM_3PLUS=2.0862311430391856e-05|NORM_2WORD=1.020871422952041e-05
grad	NORM_1WORD=0.9986514449119568|NORM_2WORD=0.0010624440619722009|O=0.00013961723016109318|NORM_3PLUS=0.00010099491191795096
ne	NORM_1WORD=0.9969889521598816|NORM_2WORD=0.0019974273163825274|NORM_3PLUS=0.0006765604484826326|O=0.00018608626851346344
Hundertschaft	O=0.999863862991333|NORM_1WORD=6.436721014324576e-05|NORM_3PLUS=4.2136140109505504e-05|NORM_2WORD=1.7456210116506554e-05
von	O=0.9999241828918457|NORM_1WORD=5.695401705452241e-05|NORM_3PLUS=9.869695531961042e-06|NORM_2WORD=4.261379217496142e-06
pubertierenden	O=0.9999220371246338|NORM_1WORD=5.6004751968430355e-05|NORM_3PLUS=1.502620943938382e-05|NORM_2WORD=4.229974365443923e-06
Mädchen	O=0.9999357461929321|NORM_1WORD=3.316410584375262e-05|NORM_3PLUS=1.5412950233439915e-05|NORM_2WORD=8.232885193137918e-06
ein	O=0.9999552965164185|NORM_1WORD=2.965348721772898e-05|NORM_3PLUS=9.469178621657193e-06|NORM_2WORD=3.0370813419722253e-06
.	O=0.9999663829803467|NORM_1WORD=1.530964254925493e-05|NORM_3PLUS=1.1822658962046262e-05|NORM_2WORD=3.1504441722063348e-06

wat	NORM_1WORD=0.9970495700836182|O=0.002776416717097163|NORM_3PLUS=8.969864575192332e-05|NORM_2WORD=6.914914411026984e-05
machen	O=0.9999538660049438|NORM_1WORD=2.6570707632345147e-05|NORM_3PLUS=1.0080920219479594e-05|NORM_2WORD=3.3660944609437138e-06
die	O=0.9999493360519409|NORM_1WORD=2.9263377655297518e-05|NORM_3PLUS=1.0599159395496827e-05|NORM_2WORD=5.7097036005870905e-06
?	O=0.9999758005142212|NORM_1WORD=9.701052476884797e-06|NORM_3PLUS=7.453299986082129e-06|NORM_2WORD=2.0978657175874105e-06

DIe	NORM_1WORD=0.9763187766075134|NORM_2WORD=0.010169725865125656|O=0.008917396888136864|NORM_3PLUS=0.004420082550495863
Stelle	O=0.9997841715812683|NORM_3PLUS=8.502082346240059e-05|NORM_1WORD=8.094698569038883e-05|NORM_2WORD=3.654939791886136e-05
ab	O=0.9999539852142334|NORM_1WORD=2.7347492505214177e-05|NORM_3PLUS=1.1585577340156306e-05|NORM_2WORD=3.192223175574327e-06
12:00	O=0.9999475479125977|NORM_1WORD=2.606183807074558e-05|NORM_3PLUS=1.5325420463341288e-05|NORM_2WORD=7.164368071244098e-06
mit	O=0.9999358654022217|NORM_1WORD=4.681592690758407e-05|NORM_3PLUS=1.1279281352472026e-05|NORM_2WORD=3.4452818908903282e-06
der	O=0.9999566078186035|NORM_1WORD=3.458918945398182e-05|NORM_3PLUS=4.656279998016544e-06|NORM_2WORD=2.8992815259698546e-06
Kamera	O=0.9998714923858643|NORM_1WORD=6.633466546190903e-05|NORM_3PLUS=3.2397299946751446e-05|NORM_2WORD=1.7484751879237592e-05
,	O=0.9999533891677856|NORM_1WORD=3.018760799022857e-05|NORM_3PLUS=1.0537178241065703e-05|NORM_2WORD=2.7341648092260584e-06
zu	O=0.9999575614929199|NORM_1WORD=2.701199809962418e-05|NORM_3PLUS=8.566913493268657e-06|NORM_2WORD=3.2749278489063727e-06
Göttlich	NORM_1WORD=0.9911461472511292|O=0.003722860710695386|NORM_3PLUS=0.00307532143779099|NORM_2WORD=0.001976863481104374
,	O=0.999947190284729|NORM_1WORD=3.2755982829257846e-05|NORM_3PLUS=1.24721236716141e-05|NORM_2WORD=3.479708993836539e-06
ich	O=0.9999303817749023|NORM_1WORD=4.8868936573853716e-05|NORM_3PLUS=9.985632459574845e-06|NORM_2WORD=5.74776731809834e-06
konnt	NORM_1WORD=0.9980936646461487|NORM_2WORD=0.0007447907701134682|O=0.0005968557088635862|NORM_3PLUS=0.0005130103090777993
nich	NORM_1WORD=0.998681366443634|NORM_2WORD=0.000782703747972846|NORM_3PLUS=0.00025931972777470946|O=0.0002516257227398455
mehr	O=0.999473512172699|NORM_2WORD=0.0003339126124046743|NORM_3PLUS=9.050473454408348e-05|NORM_1WORD=6.753932393621653e-05
vor	O=0.9978863596916199|NORM_1WORD=0.001953994622454047|NORM_3PLUS=7.51646002754569e-05|NORM_2WORD=6.889477663207799e-05
lachen	O=0.999919056892395|NORM_1WORD=5.466436778078787e-05|NORM_3PLUS=1.3747306184086483e-05|NORM_2WORD=6.879919055791106e-06
(	O=0.999923586845398|NORM_1WORD=5.802769373985939e-05|NORM_3PLUS=1.0286557881045155e-05|NORM_2WORD=3.948359790229006e-06
@YouTube	O=0.999772846698761|NORM_1WORD=0.00013469974510371685|NORM_3PLUS=5.3486677643377334e-05|NORM_2WORD=2.453410706948489e-05

Da	O=0.99980229139328|NORM_1WORD=0.00013242801651358604|NORM_3PLUS=2.6943489501718432e-05|NORM_2WORD=2.5786956030060537e-05
isT	NORM_1WORD=0.9972741007804871|O=0.0010513287270441651|NORM_2WORD=0.0009430342470295727|NORM_3PLUS=0.0006902554887346923
zu	O=0.999821126461029|NORM_1WORD=0.00012082776811439544|NORM_2WORD=2.503145151422359e-05|NORM_3PLUS=2.2029693354852498e-05
wenig	O=0.999494194984436|NORM_2WORD=0.0002910748589783907|NORM_3PLUS=0.00010674786608433351|NORM_1WORD=8.470986358588561e-05
Gin	O=0.9997909665107727|NORM_1WORD=6.905563350301236e-05|NORM_3PLUS=6.840821879450232e-05|NORM_2WORD=4.331252057454549e-05
in	O=0.999961256980896|NORM_1WORD=2.702263736864552e-05|NORM_3PLUS=6.714673418173334e-06|NORM_2WORD=2.4942075924627716e-06
meinem	O=0.9998052716255188|NORM_1WORD=8.89620860107243e-05|NORM_3PLUS=5.1172497478546575e-05|NORM_2WORD=2.6013756723841652e-05
Tonic	O=0.9994080066680908|NORM_1WORD=0.00042000689427368343|NORM_3PLUS=0.0001255975803360343|NORM_2WORD=2.6453579266672023e-05
und	O=0.999968409538269|NORM_1WORD=1.7687425497570075e-05|NORM_3PLUS=8.083402462943923e-06|NORM_2WORD=2.6710997644840972e-06
zuviel	O=0.9600074887275696|NORM_2WORD=0.0347881093621254|NORM_3PLUS=0.0035772540140897036|NORM_1WORD=0.0012986799702048302
"	O=0.9999567270278931|NORM_1WORD=2.9951386750326492e-05|NORM_3PLUS=7.622224529768573e-06|NORM_2WORD=2.5996107524406398e-06
blabla	O=0.9993162155151367|NORM_1WORD=0.0003740271495189518|NORM_3PLUS=0.00014414901670534164|NORM_2WORD=0.00011709021782735363
"	O=0.9999732971191406|NORM_1WORD=1.3986795238452032e-05|NORM_3PLUS=7.355342404480325e-06|NORM_2WORD=2.268356183776632e-06
in	O=0.9999607801437378|NORM_1WORD=2.8237103833816946e-05|NORM_3PLUS=6.461981683969498e-06|NORM_2WORD=2.31479884860164e-06
der	O=0.9999537467956543|NORM_1WORD=3.661047958303243e-05|NORM_3PLUS=5.096449967822991e-06|NORM_2WORD=2.6043228444905253e-06
Unterhaltung	O=0.9999051094055176|NORM_1WORD=5.539849371416494e-05|NORM_3PLUS=2.0802450308110565e-05|NORM_2WORD=7.08089010004187e-06
.	O=0.9999715089797974|NORM_1WORD=1.3832208423991688e-05|NORM_3PLUS=8.806493497104384e-06|NORM_2WORD=2.3661975774302846e-06

Okay	O=0.999776303768158|NORM_1WORD=0.00019086948304902762|NORM_2WORD=1.543034341011662e-05|NORM_3PLUS=1.0208322237303946e-05
das	O=0.9998341798782349|NORM_1WORD=0.00014301869668997824|NORM_3PLUS=9.668758139014244e-06|NORM_2WORD=7.801600986567792e-06
kann	O=0.9999444484710693|NORM_1WORD=4.0664141124580055e-05|NORM_3PLUS=6.6171846810902935e-06|NORM_2WORD=4.875870672549354e-06
ich	O=0.9999624490737915|NORM_1WORD=2.5818528229137883e-05|NORM_3PLUS=4.999100838176673e-06|NORM_2WORD=3.1757558645040262e-06
nich	NORM_1WORD=0.9995458722114563|NORM_2WORD=0.00019604881526902318|NORM_3PLUS=0.00013477566244546324|O=0.0001068877536454238
mehr	O=0.999876856803894|NORM_2WORD=4.8591900849714875e-05|NORM_1WORD=4.37169692304451e-05|NORM_3PLUS=2.1321195163181983e-05
toppen	O=0.9998999834060669|NORM_1WORD=7.981055387062952e-05|NORM_3PLUS=1.1126188837806694e-05|NORM_2WORD=3.6260746583138825e-06
,	O=0.9999526739120483|NORM_1WORD=3.0119519578875042e-05|NORM_3PLUS=9.332683475804515e-06|NORM_2WORD=3.2079569791676477e-06
ich	O=0.9999485015869141|NORM_1WORD=4.065766916028224e-05|NORM_3PLUS=5.2590930863516405e-06|NORM_2WORD=2.2507356334244832e-06
geb	NORM_1WORD=0.9970935583114624|O=0.002575704362243414|NORM_3PLUS=0.00019621028332039714|NORM_2WORD=0.00011126977915409952
auf	O=0.99993896484375|NORM_1WORD=4.362435356597416e-05|NORM_3PLUS=9.971424333343748e-06|NORM_2WORD=4.026127498946153e-06
!	O=0.9999749660491943|NORM_1WORD=1.0937364095298108e-05|NORM_3PLUS=7.000359801168088e-06|NORM_2WORD=2.538052513045841e-06
%PosSmiley	O=0.9999151229858398|NORM_1WORD=4.357121360953897e-05|NORM_3PLUS=2.473981658113189e-05|NORM_2WORD=7.78039338911185e-06

|	O=0.9999150037765503|NORM_1WORD=6.129062967374921e-05|NORM_3PLUS=1.2157653145550285e-05|NORM_2WORD=5.698079348803731e-06
er	O=0.9989506006240845|NORM_1WORD=0.0008699940517544746|NORM_3PLUS=8.668411464896053e-05|NORM_2WORD=4.675668606068939e-05
sucht	O=0.9999608993530273|NORM_1WORD=2.7897467589355074e-05|NORM_3PLUS=6.4430414568050765e-06|NORM_2WORD=2.4353321350645274e-06
sie	O=0.9999507665634155|NORM_1WORD=1.97673562070122e-05|NORM_3PLUS=1.2662586414080579e-05|NORM_2WORD=1.2223938028910197e-05
fuer	NORM_1WORD=0.9986909031867981|NORM_2WORD=0.0006547934608533978|NORM_3PLUS=0.0004081902152393013|O=0.00021257605112623423
eine	O=0.9999103546142578|NORM_1WORD=6.702294194838032e-05|NORM_3PLUS=1.2822501957998611e-05|NORM_2WORD=5.958298970654141e-06
Partnerschaft	O=0.9998995065689087|NORM_1WORD=8.211616659536958e-05|NORM_3PLUS=1.153841549239587e-05|NORM_2WORD=4.00696580982185e-06
Beziehung	O=0.9999493360519409|NORM_1WORD=2.2065867597120814e-05|NORM_3PLUS=1.4676975297334138e-05|NORM_2WORD=6.713363745802781e-06

denn	NORM_1WORD=0.9940963983535767|O=0.005792026873677969|NORM_3PLUS=6.80834855302237e-05|NORM_2WORD=3.129721517325379e-05
kommentar	NORM_1WORD=0.9725550413131714|O=0.026623286306858063|NORM_3PLUS=0.0004114655312150717|NORM_2WORD=0.00028853220283053815
kann	O=0.9999531507492065|NORM_1WORD=3.329089668113738e-05|NORM_3PLUS=6.238487003429327e-06|NORM_2WORD=3.7239346966089215e-06
ich	O=0.9999678134918213|NORM_1WORD=1.998066909436602e-05|NORM_3PLUS=5.005897492083022e-06|NORM_2WORD=3.7163192700973013e-06
irgendwie	O=0.9999556541442871|NORM_1WORD=2.6015661205747165e-05|NORM_3PLUS=8.70839721756056e-06|NORM_2WORD=5.73213628740632e-06
nicht	O=0.9999649524688721|NORM_1WORD=2.2403832190320827e-05|NORM_3PLUS=6.582211881323019e-06|NORM_2WORD=3.1643783131585224e-06
kopieren	O=0.9999332427978516|NORM_1WORD=4.8499034164706245e-05|NORM_3PLUS=1.0947248483716976e-05|NORM_2WORD=3.769129307329422e-06

Lieba	NORM_1WORD=0.9823490977287292|NORM_2WORD=0.014161381870508194|O=0.0021357317455112934|NORM_3PLUS=0.0012901963200420141
ich	O=0.999879002571106|NORM_1WORD=0.00010887753160204738|NORM_3PLUS=5.8452797020436265e-06|NORM_2WORD=4.236712356942007e-06
bin	O=0.999968409538269|NORM_1WORD=1.5811809134902433e-05|NORM_3PLUS=9.24185042094905e-06|NORM_2WORD=3.352649173393729e-06
noch	O=0.9999666213989258|NORM_1WORD=1.7633059542276897e-05|NORM_3PLUS=9.843062798609026e-06|NORM_2WORD=2.837081638062955e-06
gnadich	NORM_1WORD=0.9929139614105225|NORM_2WORD=0.005315473303198814|NORM_3PLUS=0.0009251091978512704|O=0.0008240428869612515
..	O=0.9999722242355347|NORM_1WORD=1.5342193364631385e-05|NORM_3PLUS=6.8749654928979e-06|NORM_2WORD=2.9024583909631474e-06

Golfen	O=0.9999274015426636|NORM_1WORD=5.831689850310795e-05|NORM_3PLUS=8.70576059242012e-06|NORM_2WORD=3.341314595672884e-06
in	O=0.9999721050262451|NORM_1WORD=1.8094699044013396e-05|NORM_3PLUS=5.548640729102772e-06|NORM_2WORD=2.305778252775781e-06
Spanien	O=0.9999419450759888|NORM_1WORD=2.5250345061067492e-05|NORM_3PLUS=1.4210743756848387e-05|NORM_2WORD=1.3155430679034907e-05
Greenfees	O=0.9983837604522705|NORM_1WORD=0.0015592636773362756|NORM_3PLUS=4.052654912811704e-05|NORM_2WORD=1.0747862688731402e-05
amp	O=0.5031335949897766|NORM_1WORD=0.4941565990447998|NORM_3PLUS=0.0013854261487722397|NORM_2WORD=0.00106533442158252
Teetimes	O=0.9996989965438843|NORM_1WORD=0.00025417233700864017|NORM_3PLUS=2.838418004103005e-05|NORM_2WORD=1.0245061275782064e-05
online	O=0.999786913394928|NORM_1WORD=0.00013835953723173589|NORM_3PLUS=5.046043952461332e-05|NORM_2WORD=1.399291431880556e-05
buchen	O=0.9999217987060547|NORM_1WORD=5.705565490643494e-05|NORM_3PLUS=1.08479462141986e-05|NORM_2WORD=5.318538569554221e-06
:	O=0.999970555305481|NORM_1WORD=1.7539294276502915e-05|NORM_3PLUS=6.660231974819908e-06|NORM_2WORD=2.4109619971568463e-06
Golfen	O=0.9999622106552124|NORM_1WORD=2.6450281438883394e-05|NORM_3PLUS=6.7343798946239986e-06|NORM_2WORD=2.4260075406346004e-06
auf	O=0.9998843669891357|NORM_1WORD=8.829394209897146e-05|NORM_3PLUS=1.61741681949934e-05|NORM_2WORD=6.834226041974034e-06
Golfplatzen	O=0.9999184608459473|NORM_1WORD=5.75942758587189e-05|NORM_3PLUS=1.4833219211141113e-05|NORM_2WORD=5.7879633459378965e-06
in	O=0.9999560117721558|NORM_1WORD=2.9615128369187005e-05|NORM_3PLUS=8.883945156412665e-06|NORM_2WORD=2.9668144634342752e-06
Sudspanien	O=0.9826028347015381|NORM_1WORD=0.016858844086527824|NORM_3PLUS=0.00035680641303770244|NORM_2WORD=0.0001269618223886937
zu	O=0.9999092817306519|NORM_1WORD=6.670302536804229e-05|NORM_3PLUS=1.481087656429736e-05|NORM_2WORD=4.794476808456238e-06
Sonderkondi	NORM_1WORD=0.9976656436920166|O=0.0017505018040537834|NORM_3PLUS=0.0003282175457570702|NORM_2WORD=0.00021120680321473628
...	O=0.9999082088470459|NORM_1WORD=6.362054409692064e-05|NORM_3PLUS=1.6112078810692765e-05|NORM_2WORD=6.505641522380756e-06

Nee	NORM_1WORD=0.8588525056838989|O=0.13671447336673737|NORM_2WORD=0.0021800389513373375|NORM_3PLUS=0.002009681425988674
ich	O=0.9999325275421143|NORM_1WORD=5.5746466387063265e-05|NORM_3PLUS=4.857298790739151e-06|NORM_2WORD=3.946192464354681e-06
hab	NORM_1WORD=0.9059092998504639|O=0.09256289154291153|NORM_2WORD=0.0010728503111749887|NORM_3PLUS=0.0003976309671998024
kein	O=0.9995812773704529|NORM_1WORD=0.0003912145330104977|NORM_3PLUS=1.4149979506328236e-05|NORM_2WORD=8.714232535567135e-06
iphone	NORM_1WORD=0.9844478368759155|O=0.015178591012954712|NORM_3PLUS=0.00022177932260092348|NORM_2WORD=0.00012056887499056756
das	O=0.9945974349975586|NORM_1WORD=0.005315485410392284|NORM_2WORD=4.698628981714137e-05|NORM_3PLUS=3.0250768759287894e-05
geht	O=0.9999101161956787|NORM_1WORD=6.521926843561232e-05|NORM_2WORD=1.1504399481054861e-05|NORM_3PLUS=9.77565832727123e-06
bei	O=0.9999262094497681|NORM_1WORD=4.8551170038990676e-05|NORM_2WORD=1.2312837498029694e-05|NORM_3PLUS=9.227457667293493e-06
mir	O=0.999941349029541|NORM_1WORD=3.7398440326796845e-05|NORM_3PLUS=9.031851732288487e-06|NORM_2WORD=7.962147719808854e-06
nich	NORM_1WORD=0.9994720816612244|NORM_2WORD=0.00020261331519577652|O=0.00019195451750420034|NORM_3PLUS=0.00011792424629675224
sorrie	NORM_1WORD=0.994800329208374|O=0.004230772145092487|NORM_3PLUS=0.0006238697096705437|NORM_2WORD=0.0003122554044239223

sehr	NORM_1WORD=0.9516684412956238|O=0.047981083393096924|NORM_2WORD=0.0001912599109346047|NORM_3PLUS=0.000126140279462561
gut	O=0.9999363422393799|NORM_1WORD=3.58637553290464e-05|NORM_3PLUS=1.2317143955442589e-05|NORM_2WORD=7.740238288533874e-06
,	O=0.9999492168426514|NORM_1WORD=2.602643689897377e-05|NORM_3PLUS=1.3642178601003252e-05|NORM_2WORD=5.200925897952402e-06
also	O=0.9999306201934814|NORM_1WORD=5.521213824977167e-05|NORM_3PLUS=7.114618711057119e-06|NORM_2WORD=3.159056404911098e-06
ja	O=0.999829888343811|NORM_1WORD=0.00012747665459755808|NORM_2WORD=1.9430464817560278e-05|NORM_3PLUS=1.600186988071073e-05
,	O=0.9999368190765381|NORM_1WORD=3.193058728356846e-05|NORM_3PLUS=1.713253186608199e-05|NORM_2WORD=6.793488864786923e-06
perfekt	O=0.9999302625656128|NORM_1WORD=3.887682032654993e-05|NORM_3PLUS=1.5112143046280835e-05|NORM_2WORD=7.22411186870886e-06
.	O=0.9999701976776123|NORM_1WORD=1.2100128515157849e-05|NORM_3PLUS=1.016914757201448e-05|NORM_2WORD=3.0671537842863472e-06
%PosSmiley	O=0.9999498128890991|NORM_1WORD=2.236570799141191e-05|NORM_3PLUS=1.6394684280385263e-05|NORM_2WORD=5.608137144008651e-06

-	O=0.9998760223388672|NORM_1WORD=9.079089795704931e-05|NORM_3PLUS=1.7552580175106414e-05|NORM_2WORD=8.40998109197244e-06
hmm	O=0.9992631077766418|NORM_1WORD=0.0006872220546938479|NORM_2WORD=2.5587805794202723e-05|NORM_3PLUS=1.6142535969265737e-05
und	O=0.9999017715454102|NORM_1WORD=8.219626761274412e-05|NORM_3PLUS=9.502766260993667e-06|NORM_2WORD=3.097392891504569e-06
rote	O=0.9987499713897705|NORM_1WORD=0.0011796049075201154|NORM_3PLUS=4.917958358419128e-05|NORM_2WORD=1.496146524004871e-05
Kitte	O=0.9998980760574341|NORM_1WORD=6.165535160107538e-05|NORM_3PLUS=2.044067150563933e-05|NORM_2WORD=1.4406173249881249e-05

Ihr	O=0.9999096393585205|NORM_1WORD=6.847862096037716e-05|NORM_3PLUS=8.600466571806464e-06|NORM_2WORD=6.509467766591115e-06
wisst	O=0.9999066591262817|NORM_1WORD=6.945477798581123e-05|NORM_3PLUS=1.164878540294012e-05|NORM_2WORD=6.865218438178999e-06
ja	O=0.999958872795105|NORM_1WORD=2.3594378944835626e-05|NORM_2WORD=7.056685262796236e-06|NORM_3PLUS=6.841419235570356e-06
nicht	O=0.9999700784683228|NORM_1WORD=1.7683238183963113e-05|NORM_3PLUS=6.259039309952641e-06|NORM_2WORD=3.193562633896363e-06
wie	O=0.999900221824646|NORM_1WORD=7.841467595426366e-05|NORM_3PLUS=9.486976523476187e-06|NORM_2WORD=7.89035766501911e-06
gut	O=0.9999547004699707|NORM_1WORD=3.0176941436366178e-05|NORM_3PLUS=6.1343675952230114e-06|NORM_2WORD=5.6718695304880384e-06
ihrs	NORM_2WORD=0.9975207448005676|NORM_3PLUS=0.0019948615226894617|NORM_1WORD=0.00025362701853737235|O=4.19294556195382e-05
habt	O=0.9999227523803711|NORM_1WORD=6.264539115363732e-05|NORM_3PLUS=7.671093953831587e-06|NORM_2WORD=3.7874481222388567e-06
...	O=0.9999734163284302|NORM_1WORD=1.4365290553541854e-05|NORM_3PLUS=6.210843821463641e-06|NORM_2WORD=2.6452230486029293e-06
(	O=0.9999703168869019|NORM_1WORD=1.3795856830256525e-05|NORM_3PLUS=8.889047421689611e-06|NORM_2WORD=2.6256884666508995e-06
%PosSmiley	O=0.9999525547027588|NORM_1WORD=2.131050860043615e-05|NORM_3PLUS=1.538135802547913e-05|NORM_2WORD=4.545251158560859e-06
"	O=0.9999595880508423|NORM_1WORD=2.586266418802552e-05|NORM_3PLUS=8.074432116700336e-06|NORM_2WORD=2.5078752514673397e-06
)	O=0.9999673366546631|NORM_1WORD=1.2850483471993357e-05|NORM_3PLUS=1.0265241144225001e-05|NORM_2WORD=2.9340401397348614e-06

thx	NORM_1WORD=0.9984139204025269|O=0.001003498793579638|NORM_2WORD=0.0004332230309955776|NORM_3PLUS=0.0001235693198395893
.	O=0.9999344348907471|NORM_3PLUS=2.7908969059353694e-05|NORM_1WORD=1.7978669347940013e-05|NORM_2WORD=8.197181159630418e-06

weiss	NORM_1WORD=0.9907742142677307|O=0.00873566698282957|NORM_2WORD=0.00021360471146181226|NORM_3PLUS=0.00021160696633160114
auch	O=0.999963641166687|NORM_1WORD=1.666790194576606e-05|NORM_3PLUS=7.985511729202699e-06|NORM_2WORD=7.354619356192416e-06
nicht	O=0.9999555349349976|NORM_1WORD=1.6686644812580198e-05|NORM_3PLUS=1.4287456906458829e-05|NORM_2WORD=8.188689207599964e-06
warum	O=0.999744713306427|NORM_1WORD=0.0002011134783970192|NORM_3PLUS=1.9597051505115815e-05|NORM_2WORD=1.6151056115631945e-05

terraristik	NORM_1WORD=0.9995001554489136|O=0.0003100921167060733|NORM_2WORD=9.759864042280242e-05|NORM_3PLUS=8.642498141853139e-05
Andreas	O=0.9999347925186157|NORM_1WORD=3.916681816917844e-05|NORM_2WORD=1.2417506695783231e-05|NORM_3PLUS=1.0745565305114724e-05
!!	O=0.999976634979248|NORM_3PLUS=8.359886123798788e-06|NORM_1WORD=7.158156222430989e-06|NORM_2WORD=3.843129888991825e-06
:	O=0.9999672174453735|NORM_3PLUS=1.2825274097849615e-05|NORM_1WORD=1.0291716534993611e-05|NORM_2WORD=4.557375177682843e-06
Andreas	O=0.9997233748435974|NORM_1WORD=0.00021989559172652662|NORM_2WORD=3.1735813536215574e-05|NORM_3PLUS=1.9879964384017512e-05
ich	O=0.8323644399642944|NORM_1WORD=0.16741956770420074|NORM_3PLUS=9.238605707651004e-05|NORM_2WORD=8.895838254829869e-05
wünsch	NORM_1WORD=0.9987577199935913|O=0.0005924876895733178|NORM_3PLUS=0.0003181894717272371|NORM_2WORD=0.00031460486934520304
dir	O=0.9999514818191528|NORM_1WORD=2.48040996666532e-05|NORM_3PLUS=1.2498800970206503e-05|NORM_2WORD=5.5951913964236155e-06
alles	O=0.9999465942382812|NORM_1WORD=3.527915760059841e-05|NORM_3PLUS=8.787591468717437e-06|NORM_2WORD=5.83549353905255e-06
gute	O=0.999873161315918|NORM_1WORD=0.0001109793083742261|NORM_3PLUS=8.79613435245119e-06|NORM_2WORD=3.2858035865501733e-06
.	O=0.9999676942825317|NORM_3PLUS=1.3077263247396331e-05|NORM_1WORD=1.0882691640290432e-05|NORM_2WORD=4.204070592095377e-06

oh	NORM_1WORD=0.983700692653656|O=0.016150908544659615|NORM_3PLUS=9.722550021251664e-05|NORM_2WORD=3.289659071015194e-05
ne	NORM_1WORD=0.9996145963668823|NORM_2WORD=0.00020121813577134162|NORM_3PLUS=0.00010189919703407213|O=6.567133095813915e-05
jetz	NORM_1WORD=0.9993395209312439|O=0.0005047031445428729|NORM_3PLUS=8.04234150564298e-05|NORM_2WORD=6.703759572701529e-05
backen	O=0.9999085664749146|NORM_1WORD=8.078222163021564e-05|NORM_3PLUS=6.673997631878592e-06|NORM_2WORD=2.224666786787566e-06
die	O=0.9999465942382812|NORM_1WORD=4.084000829607248e-05|NORM_3PLUS=6.1133632698329166e-06|NORM_2WORD=3.9253941395145375e-06
da	O=0.9847400784492493|NORM_1WORD=0.01471000723540783|NORM_2WORD=0.00031915679574012756|NORM_3PLUS=0.00018649338744580746
rum	NORM_1WORD=0.9995620846748352|O=0.00036195715074427426|NORM_3PLUS=3.853742600767873e-05|NORM_2WORD=3.213820673408918e-05
oder	O=0.9999490976333618|NORM_1WORD=4.091082882951014e-05|NORM_3PLUS=4.4722164602717385e-06|NORM_2WORD=1.7884133285406278e-06
so	O=0.9999556541442871|NORM_1WORD=2.177389251301065e-05|NORM_3PLUS=9.72927318798611e-06|NORM_2WORD=8.383670319744851e-06
%NegSmiley	O=0.999909520149231|NORM_1WORD=5.711891935789026e-05|NORM_3PLUS=1.85445423994679e-05|NORM_2WORD=7.4751719694177154e-06

viel	NORM_1WORD=0.9470192193984985|O=0.05246160179376602|NORM_2WORD=0.0002536462852731347|NORM_3PLUS=0.00024174447753466666
spass	NORM_1WORD=0.9944045543670654|NORM_2WORD=0.0033218476455658674|O=0.0012932050740346313|NORM_3PLUS=0.0009533249540254474
♥	O=0.9998862743377686|NORM_1WORD=7.987867866177112e-05|NORM_3PLUS=2.0173489247099496e-05|NORM_2WORD=6.709381523251068e-06
...	O=0.9999573230743408|NORM_1WORD=1.563395380799193e-05|NORM_3PLUS=1.4568583537766244e-05|NORM_2WORD=5.7211027524317615e-06

-	O=0.9997410178184509|NORM_1WORD=0.0002153960958821699|NORM_3PLUS=2.3351021809503436e-05|NORM_2WORD=1.0616381587169599e-05
da	O=0.8031806945800781|NORM_1WORD=0.19478680193424225|NORM_2WORD=0.0009288672008551657|NORM_3PLUS=0.0007568241562694311
denk	O=0.9879623055458069|NORM_1WORD=0.011979291215538979|NORM_3PLUS=2.8192574973218143e-05|NORM_2WORD=2.001321809075307e-05
ich	O=0.9999707937240601|NORM_1WORD=1.3593174116977025e-05|NORM_3PLUS=6.397868219210068e-06|NORM_2WORD=4.538178927759873e-06
gerade	O=0.9999411106109619|NORM_1WORD=3.331377592985518e-05|NORM_3PLUS=1.0381952051830012e-05|NORM_2WORD=8.960374543676153e-06
i	O=0.6668207049369812|NORM_1WORD=0.33280542492866516|NORM_3PLUS=0.00015079935838002712|NORM_2WORD=0.0001430110860383138
wanne	NORM_1WORD=0.9617521166801453|NORM_2WORD=0.017913220450282097|O=0.015106954611837864|NORM_3PLUS=0.004655961412936449
be	O=0.9999475479125977|NORM_1WORD=3.304374331491999e-05|NORM_3PLUS=1.0954695426335093e-05|NORM_2WORD=5.107121978653595e-06
loved	O=0.9996249675750732|NORM_3PLUS=0.0001610122708370909|NORM_1WORD=8.677133882883936e-05|NORM_2WORD=7.51184779801406e-05
by	O=0.9998693466186523|NORM_1WORD=4.7335772251244634e-05|NORM_3PLUS=4.504177195485681e-05|NORM_2WORD=2.3121592676034197e-05
you	O=0.9999643564224243|NORM_3PLUS=1.121403602155624e-05|NORM_1WORD=1.004227942758007e-05|NORM_2WORD=7.069670573400799e-06
...	O=0.9999767541885376|NORM_1WORD=8.815018190944102e-06|NORM_3PLUS=7.162315796449548e-06|NORM_2WORD=3.45726880368602e-06

Das	O=0.9997988343238831|NORM_1WORD=0.00014123538858257234|NORM_3PLUS=2.450731335557066e-05|NORM_2WORD=1.7637636119616218e-05
is	NORM_1WORD=0.9937692284584045|NORM_2WORD=0.005586916580796242|NORM_3PLUS=0.0004416456795297563|O=0.00014107640890870243
grauslich	O=0.9997394680976868|NORM_1WORD=0.00015508843353018165|NORM_2WORD=5.318977127899416e-05|NORM_3PLUS=4.700668796431273e-05
zu	O=0.9996254444122314|NORM_1WORD=0.00034114846494048834|NORM_3PLUS=2.049755676125642e-05|NORM_2WORD=9.286000931751914e-06
..	O=0.9999613761901855|NORM_1WORD=2.2253776478464715e-05|NORM_3PLUS=9.158216016658116e-06|NORM_2WORD=4.022946995974053e-06

ach	NORM_1WORD=0.9864029288291931|O=0.013412609696388245|NORM_3PLUS=8.625657937955111e-05|NORM_2WORD=8.008522127056494e-05
soooo	NORM_1WORD=0.9787529706954956|NORM_2WORD=0.013154491782188416|O=0.006663191132247448|NORM_3PLUS=0.00111337227281183
das	O=0.9996803998947144|NORM_1WORD=0.000273983838269487|NORM_3PLUS=2.2361431547324173e-05|NORM_2WORD=1.384361894452013e-05
is	NORM_1WORD=0.9993482232093811|NORM_2WORD=0.00042580903391353786|NORM_3PLUS=0.00014039449160918593|O=5.958435212960467e-05
was	O=0.9756339192390442|NORM_1WORD=0.024032343178987503|NORM_2WORD=0.00026109913596883416|NORM_3PLUS=6.31868388154544e-05
anderes	O=0.9999021291732788|NORM_1WORD=5.671281542163342e-05|NORM_2WORD=2.0456413039937615e-05|NORM_3PLUS=1.5619245459674858e-05

Hilfeeee	NORM_1WORD=0.9976578950881958|O=0.001357627334073186|NORM_3PLUS=0.0006685414118692279|NORM_2WORD=0.00029235114925540984
!	O=0.9999637603759766|NORM_1WORD=1.250636069016764e-05|NORM_3PLUS=1.2294150110392366e-05|NORM_2WORD=4.2746582948893774e-06

Ich	O=0.9997722506523132|NORM_1WORD=0.00019957426411565393|NORM_3PLUS=1.339754817308858e-05|NORM_2WORD=8.186882951122243e-06
komm	NORM_1WORD=0.9944911003112793|NORM_2WORD=0.002715866547077894|O=0.002032459480687976|NORM_3PLUS=0.0006892972160130739
mal	O=0.9997946619987488|NORM_1WORD=0.00012846311437897384|NORM_2WORD=4.5135024265618995e-05|NORM_3PLUS=2.242248046968598e-05
'	O=0.9657261967658997|NORM_1WORD=0.033099766820669174|NORM_3PLUS=0.000560882268473506|NORM_2WORD=0.0004962125676684082
kurz	O=0.9989196062088013|NORM_1WORD=0.001032091211527586|NORM_3PLUS=2.401665369688999e-05|NORM_2WORD=1.764740409271326e-05
'	O=0.9995530247688293|NORM_1WORD=0.00040215099579654634|NORM_3PLUS=2.8281745471758768e-05|NORM_2WORD=8.766834071138874e-06
Online	O=0.9999450445175171|NORM_1WORD=2.7391042749513872e-05|NORM_3PLUS=1.8005162928602658e-05|NORM_2WORD=5.4280653785099275e-06
also	O=0.9997463822364807|NORM_1WORD=0.00020679575391113758|NORM_3PLUS=2.290576412633527e-05|NORM_2WORD=1.6494061128469184e-05
mitn	NORM_2WORD=0.8526805639266968|NORM_1WORD=0.09739862382411957|NORM_3PLUS=0.04638933390378952|O=0.00030558733851648867
PC	O=0.9994822144508362|NORM_1WORD=0.00043612992158159614|NORM_3PLUS=4.424617509357631e-05|NORM_2WORD=2.2564750906894915e-05
%PosSmiley	O=0.9998751878738403|NORM_1WORD=7.96970707597211e-05|NORM_3PLUS=2.8464008209994063e-05|NORM_2WORD=9.688713362265844e-06

erlich	NORM_1WORD=0.9988676309585571|NORM_2WORD=0.00044468624400906265|O=0.0004049856506753713|NORM_3PLUS=0.0002691430854611099
?	O=0.9999608993530273|NORM_1WORD=1.847245221142657e-05|NORM_3PLUS=1.1097311471530702e-05|NORM_2WORD=3.3869976050482364e-06
%PosSmiley	O=0.9999186992645264|NORM_1WORD=4.192935739411041e-05|NORM_3PLUS=2.400546145508997e-05|NORM_2WORD=7.146194093365921e-06

idd	NORM_1WORD=0.9984691739082336|NORM_2WORD=0.0008627250208519399|O=0.0004101776867173612|NORM_3PLUS=0.00020663204486481845
ik	O=0.9990229606628418|NORM_1WORD=0.0009563835337758064|NORM_3PLUS=1.169746792584192e-05|NORM_2WORD=6.496715286630206e-06
kin	NORM_1WORD=0.9980080723762512|O=0.0016464667860418558|NORM_2WORD=0.00017886326531879604|NORM_3PLUS=0.0001514499308541417
dich	O=0.9999613761901855|NORM_1WORD=2.0273679183446802e-05|NORM_2WORD=8.171277841029223e-06|NORM_3PLUS=7.1091935751610436e-06
alles	O=0.9999213218688965|NORM_1WORD=5.0387920055072755e-05|NORM_2WORD=1.372895530948881e-05|NORM_3PLUS=1.1131807696074247e-05
vertellen	O=0.9999228715896606|NORM_1WORD=5.0106093112844974e-05|NORM_3PLUS=1.2693026292254217e-05|NORM_2WORD=9.474534635955933e-06
en	O=0.9997740387916565|NORM_1WORD=0.000199835718376562|NORM_3PLUS=1.7731914340402e-05|NORM_2WORD=4.894208359473851e-06
dich	O=0.9996533393859863|NORM_1WORD=0.0003031477390322834|NORM_2WORD=1.9943818188039586e-05|NORM_3PLUS=1.977706779143773e-05
mich	O=0.9995081424713135|NORM_1WORD=0.00043368374463170767|NORM_2WORD=3.0944804166210815e-05|NORM_3PLUS=2.4016004317672923e-05

Er	O=0.9999492168426514|NORM_1WORD=1.9238666936871596e-05|NORM_3PLUS=1.4986530914029572e-05|NORM_2WORD=8.157451702572871e-06
freut	O=0.9998947381973267|NORM_1WORD=6.858635606477037e-05|NORM_3PLUS=1.70635903486982e-05|NORM_2WORD=1.3623312042909674e-05
sich	O=0.9999672174453735|NORM_1WORD=1.3842493899574038e-05|NORM_3PLUS=1.0286240467394236e-05|NORM_2WORD=5.542700819205493e-06
bestimmt	O=0.9999570846557617|NORM_1WORD=1.3862936611985788e-05|NORM_3PLUS=1.3664460311701987e-05|NORM_2WORD=9.946133104676846e-06
!!	O=0.9999687671661377|NORM_1WORD=1.0298899724148214e-05|NORM_3PLUS=1.0141357051907107e-05|NORM_2WORD=5.831315775139956e-06
**	O=0.9999066591262817|NORM_1WORD=3.752146221813746e-05|NORM_3PLUS=2.575919461378362e-05|NORM_2WORD=1.542569043522235e-05
freu	NORM_1WORD=0.9989527463912964|O=0.0008715658914297819|NORM_3PLUS=9.68116510193795e-05|NORM_2WORD=6.534898420795798e-05

Virtua	O=0.984577476978302|NORM_1WORD=0.015077803283929825|NORM_2WORD=0.00016151403542608023|NORM_3PLUS=0.0001607292942935601
Tennis	O=0.9998087286949158|NORM_1WORD=0.00014803223893977702|NORM_3PLUS=2.335850331292022e-05|NORM_2WORD=1.3018582649237942e-05
2009	O=0.9999309778213501|NORM_1WORD=4.134312257519923e-05|NORM_3PLUS=1.3578044672613032e-05|NORM_2WORD=5.7216511777369305e-06
:	O=0.999964714050293|NORM_1WORD=1.8418693798594177e-05|NORM_3PLUS=1.062311275745742e-05|NORM_2WORD=2.777557483568671e-06
Sierndorf	O=0.9999555349349976|NORM_1WORD=2.8918986572534777e-05|NORM_3PLUS=7.887860192568041e-06|NORM_2WORD=4.171935870544985e-06
|	O=0.9999508857727051|NORM_1WORD=2.670957474038005e-05|NORM_3PLUS=1.3281368410389405e-05|NORM_2WORD=4.155167971475748e-06
Spiel	O=0.9998635053634644|NORM_1WORD=0.0001059338464983739|NORM_3PLUS=1.634193176869303e-05|NORM_2WORD=6.903545909153763e-06
fuer	NORM_1WORD=0.9981070756912231|NORM_2WORD=0.0008622361347079277|NORM_3PLUS=0.0007639401010237634|O=0.0002163426688639447
XBox	O=0.9991294741630554|NORM_1WORD=0.0006959462189115584|NORM_3PLUS=8.022566180443391e-05|NORM_2WORD=6.58002172713168e-05
360	O=0.9998303651809692|NORM_1WORD=0.00012344596325419843|NORM_3PLUS=2.7392918127588928e-05|NORM_2WORD=1.0850068974832539e-05
,	O=0.9999551773071289|NORM_1WORD=2.7019637855119072e-05|NORM_3PLUS=1.1174891369591933e-05|NORM_2WORD=2.600474772407324e-06
noch	O=0.999915361404419|NORM_1WORD=6.213020969880745e-05|NORM_3PLUS=1.449017054255819e-05|NORM_2WORD=4.118120159546379e-06
original	O=0.9994538426399231|NORM_1WORD=0.0004529258294496685|NORM_3PLUS=5.0745340558933094e-05|NORM_2WORD=3.080835085711442e-05
verpackt	O=0.999869704246521|NORM_1WORD=9.167630923911929e-05|NORM_3PLUS=2.5249557438655756e-05|NORM_2WORD=6.799287803005427e-06

Wieso	O=0.9982224106788635|NORM_1WORD=0.0008067858288995922|NORM_2WORD=0.0007937964983284473|NORM_3PLUS=0.00013667679741047323
hast	O=0.9996713399887085|NORM_1WORD=0.000293960387352854|NORM_3PLUS=1.6872427295311354e-05|NORM_2WORD=1.3075943570584059e-05
du	O=0.9999446868896484|NORM_1WORD=3.856740295304917e-05|NORM_2WORD=6.580359240615508e-06|NORM_3PLUS=5.447011972137261e-06
geschrieben	O=0.9998904466629028|NORM_1WORD=8.373731543542817e-05|NORM_3PLUS=1.0118354111909866e-05|NORM_2WORD=1.0017720342148095e-05
das	NORM_1WORD=0.984874427318573|O=0.014728332869708538|NORM_2WORD=0.00027276494074612856|NORM_3PLUS=0.00010713571828091517
du	O=0.9999257326126099|NORM_1WORD=5.959638292551972e-05|NORM_2WORD=5.645526925945887e-06|NORM_3PLUS=4.969826477463357e-06
seine	O=0.9997909665107727|NORM_1WORD=0.0001735022378852591|NORM_2WORD=1.966798117791768e-05|NORM_3PLUS=1.2989518836548086e-05
wife	NORM_1WORD=0.9980582594871521|O=0.0018248258857056499|NORM_3PLUS=5.583029633271508e-05|NORM_2WORD=4.9785612645791844e-05
bist	O=0.9999608993530273|NORM_1WORD=2.337750447622966e-05|NORM_3PLUS=9.854256859398447e-06|NORM_2WORD=2.9275786346261157e-06
und	O=0.9999070167541504|NORM_1WORD=8.084106229944155e-05|NORM_3PLUS=6.809879778302275e-06|NORM_2WORD=2.487753818058991e-06
soo	NORM_1WORD=0.9987505674362183|NORM_2WORD=0.0005772991571575403|O=0.00038336587022058666|NORM_3PLUS=0.00025815278058871627
??	O=0.9997535347938538|NORM_1WORD=0.0002219177404185757|NORM_3PLUS=1.1474954590084963e-05|NORM_2WORD=7.741525223536883e-06
%PosSmiley	O=0.9999164342880249|NORM_1WORD=4.601977707352489e-05|NORM_3PLUS=2.156276059395168e-05|NORM_2WORD=7.341763648582855e-06

♥	O=0.9998453855514526|NORM_1WORD=9.148124081548303e-05|NORM_3PLUS=3.2868829293875024e-05|NORM_2WORD=1.167371647170512e-05

Uni	O=0.995557963848114|NORM_1WORD=0.004277026746422052|NORM_3PLUS=0.00010092413140228018|NORM_2WORD=4.057964906678535e-05
Druck	O=0.9984508752822876|NORM_1WORD=0.0014422164531424642|NORM_3PLUS=5.985145617160015e-05|NORM_2WORD=3.134824146400206e-05
Munchen	O=0.9996564388275146|NORM_1WORD=0.000207178047276102|NORM_3PLUS=8.117574179777876e-05|NORM_2WORD=4.457295290194452e-05
:	O=0.9999669790267944|NORM_1WORD=1.9547700503608212e-05|NORM_3PLUS=7.527639809268294e-06|NORM_2WORD=2.549463033574284e-06
Angeboten	O=0.9999288320541382|NORM_1WORD=5.4677308071404696e-05|NORM_3PLUS=9.858717930910643e-06|NORM_2WORD=3.4977542782144155e-06
werden	O=0.9999402761459351|NORM_1WORD=4.696495670941658e-05|NORM_3PLUS=6.13578276897897e-06|NORM_2WORD=2.9705531687795883e-06
Offset	O=0.9996334314346313|NORM_1WORD=0.0002950637135654688|NORM_3PLUS=5.033955676481128e-05|NORM_2WORD=1.512598100816831e-05
Digital	O=0.9998437166213989|NORM_1WORD=9.482331370236352e-05|NORM_3PLUS=3.855302929878235e-05|NORM_2WORD=1.4449873560806736e-05
und	O=0.9999428987503052|NORM_1WORD=4.715428804047406e-05|NORM_3PLUS=5.847828106197994e-06|NORM_2WORD=1.9970027551607927e-06
Buchdruck	O=0.999562680721283|NORM_1WORD=0.0003465074405539781|NORM_3PLUS=4.7610730689484626e-05|NORM_2WORD=3.133320569759235e-05

Gibts	NORM_2WORD=0.9973806738853455|NORM_3PLUS=0.0015785181894898415|NORM_1WORD=0.0008291111444123089|O=3.795672455453314e-05
hier	O=0.9999638795852661|NORM_1WORD=1.1939526302739978e-05|NORM_2WORD=1.0431743248773273e-05|NORM_3PLUS=8.832095772959292e-06
irgendwo	O=0.9999661445617676|NORM_1WORD=1.4907102922734339e-05|NORM_3PLUS=8.03806779003935e-06|NORM_2WORD=6.846318228781456e-06
ne	NORM_1WORD=0.9988481998443604|NORM_2WORD=0.0007956103072501719|NORM_3PLUS=0.0002237195149064064|O=8.994869131129235e-05
Haltestelle	O=0.9999092817306519|NORM_1WORD=3.307198130642064e-05|NORM_3PLUS=2.726569800870493e-05|NORM_2WORD=1.1900191566383e-05
?	O=0.999976396560669|NORM_1WORD=8.537460416846443e-06|NORM_3PLUS=7.453055786754703e-06|NORM_2WORD=2.9412385629257187e-06

ich	NORM_1WORD=0.9937641620635986|O=0.006142961326986551|NORM_3PLUS=5.493726348504424e-05|NORM_2WORD=2.7555992346606217e-05
will	O=0.9999544620513916|NORM_1WORD=3.2124742574524134e-05|NORM_3PLUS=7.578333679703064e-06|NORM_2WORD=2.988889946209383e-06
da	O=0.9999327659606934|NORM_1WORD=3.4940756449941546e-05|NORM_3PLUS=1.3973510249343235e-05|NORM_2WORD=1.110592347686179e-05
mitmachen	O=0.9999284744262695|NORM_1WORD=3.636236215243116e-05|NORM_3PLUS=1.9360773876542225e-05|NORM_2WORD=8.616743798484094e-06
:)	O=0.9999537467956543|NORM_1WORD=3.15713114105165e-05|NORM_3PLUS=6.888462849019561e-06|NORM_2WORD=3.262530071879155e-06

Also	O=0.9998486042022705|NORM_1WORD=0.00010795866546686739|NORM_3PLUS=1.7565509551786818e-05|NORM_2WORD=1.4480335266853217e-05
mcht	NORM_1WORD=0.9933157563209534|O=0.0062844711355865|NORM_3PLUS=0.000265869137365371|NORM_2WORD=0.00010885493247769773
kein	O=0.9998455047607422|NORM_1WORD=0.00012650300050154328|NORM_3PLUS=1.672863982093986e-05|NORM_2WORD=5.7309475778311025e-06
Blödsinn	O=0.9996280670166016|NORM_1WORD=0.00023158278781920671|NORM_3PLUS=8.225829515140504e-05|NORM_2WORD=3.0189445169526152e-05
in	O=0.9999589920043945|NORM_1WORD=3.0348590371431783e-05|NORM_3PLUS=6.143350674392423e-06|NORM_2WORD=2.280924945807783e-06
meiner	O=0.9998757839202881|NORM_1WORD=5.660315218847245e-05|NORM_3PLUS=3.2956053473753855e-05|NORM_2WORD=2.2919479306438006e-05
TL	NORM_1WORD=0.9883232712745667|O=0.01099053118377924|NORM_3PLUS=0.0004907419206574559|NORM_2WORD=0.00015224551316350698
,	O=0.9999637603759766|NORM_1WORD=2.1867694158572704e-05|NORM_3PLUS=8.308546057378408e-06|NORM_2WORD=2.5132080736511853e-06
ich	O=0.9999202489852905|NORM_1WORD=6.178361945785582e-05|NORM_3PLUS=8.920566870074254e-06|NORM_2WORD=3.823395672952756e-06
meine	O=0.9999631643295288|NORM_1WORD=2.2511219867737964e-05|NORM_3PLUS=7.73303872847464e-06|NORM_2WORD=2.755738478299463e-06
das	O=0.9997257590293884|NORM_1WORD=0.00022756286489311606|NORM_3PLUS=2.1505979020730592e-05|NORM_2WORD=1.3335816220205743e-05
Ernst	O=0.999927282333374|NORM_1WORD=4.5846500142943114e-05|NORM_3PLUS=1.5471619917661883e-05|NORM_2WORD=7.2888642534962855e-06
!	O=0.9999788999557495|NORM_1WORD=9.319001037511043e-06|NORM_3PLUS=6.202484200912295e-06|NORM_2WORD=2.3880277240095893e-06

Jetzt	O=0.9998912811279297|NORM_1WORD=6.366791058098897e-05|NORM_3PLUS=2.091006354021374e-05|NORM_2WORD=1.2659563253691886e-05
im	O=0.9998645782470703|NORM_1WORD=0.00011419768998166546|NORM_3PLUS=1.3004630091018043e-05|NORM_2WORD=4.333655397203984e-06
Stream	O=0.9991638660430908|NORM_1WORD=0.0006844914751127362|NORM_3PLUS=0.0001064945972757414|NORM_2WORD=2.3287693693418987e-05
auf	O=0.9998847246170044|NORM_1WORD=9.827309986576438e-05|NORM_3PLUS=1.072648501576623e-05|NORM_2WORD=3.304527126601897e-06
%Link	O=0.999855637550354|NORM_1WORD=6.345717702060938e-05|NORM_3PLUS=5.3421066695591435e-05|NORM_2WORD=1.8869324776460417e-05
:	O=0.999968409538269|NORM_3PLUS=1.1703892596415244e-05|NORM_1WORD=1.1230027666897513e-05|NORM_2WORD=3.3607575460337102e-06
Adonis	O=0.9994038343429565|NORM_3PLUS=0.00018873438239097595|NORM_1WORD=0.0001769777445588261|NORM_2WORD=0.0001767287903930992
-	O=0.9999603033065796|NORM_1WORD=1.9641713151941076e-05|NORM_3PLUS=1.1967071259277873e-05|NORM_2WORD=3.862621724692872e-06
No	O=0.9997783303260803|NORM_1WORD=0.00013838183076586574|NORM_3PLUS=5.0376773288007826e-05|NORM_2WORD=1.680061177466996e-05
Way	O=0.9995988011360168|NORM_1WORD=0.00019559735665097833|NORM_3PLUS=0.0001301396987400949|NORM_2WORD=4.620063555194065e-05
Back	O=0.9999529123306274|NORM_1WORD=1.9638722733361647e-05|NORM_3PLUS=1.641418202780187e-05|NORM_2WORD=5.792442607344128e-06
(	O=0.9999581575393677|NORM_1WORD=1.8072008970193565e-05|NORM_3PLUS=1.398149015585659e-05|NORM_2WORD=4.537290351436241e-06
Greg	O=0.9998348951339722|NORM_1WORD=0.00011108422768302262|NORM_3PLUS=2.427819708827883e-05|NORM_2WORD=2.0034529370605014e-05
Wilson	O=0.9999134540557861|NORM_1WORD=5.531074202735908e-05|NORM_3PLUS=1.6798076103441417e-05|NORM_2WORD=9.102851436182391e-06
Edit	O=0.9998773336410522|NORM_1WORD=7.050106069073081e-05|NORM_3PLUS=3.625987665145658e-05|NORM_2WORD=7.575603831355693e-06
)	O=0.9999603033065796|NORM_3PLUS=1.5624133084202185e-05|NORM_1WORD=1.2371498996799346e-05|NORM_2WORD=4.778133188665379e-06
fm303	O=0.9998613595962524|NORM_1WORD=0.00010360783926444128|NORM_3PLUS=1.9252907804911956e-05|NORM_2WORD=5.8700802583189216e-06

Lillehammer-Quali	O=0.9997201561927795|NORM_1WORD=0.00021709564316552132|NORM_3PLUS=3.8982841942925006e-05|NORM_2WORD=1.4122851098363753e-05
:	O=0.999969482421875|NORM_1WORD=1.2444041203707457e-05|NORM_3PLUS=1.0503527846594807e-05|NORM_2WORD=2.5650094812590396e-06
Souveräner	O=0.9999536275863647|NORM_1WORD=2.169905746995937e-05|NORM_3PLUS=1.457062808185583e-05|NORM_2WORD=3.234548557884409e-06
Auftakt	O=0.9997920393943787|NORM_1WORD=0.00012186284584458917|NORM_3PLUS=5.179546496947296e-05|NORM_2WORD=1.774717020452954e-05
für	O=0.999944806098938|NORM_1WORD=3.045775883947499e-05|NORM_3PLUS=1.2995643373869825e-05|NORM_2WORD=3.5191505958209746e-06
Schmitt	O=0.9999344348907471|NORM_1WORD=4.4909847929375246e-05|NORM_3PLUS=1.2939906810061075e-05|NORM_2WORD=3.836306859739125e-06
:	O=0.9999711513519287|NORM_1WORD=1.1238415936531965e-05|NORM_3PLUS=1.0233287866867613e-05|NORM_2WORD=2.315560095667024e-06
Lillehammer	O=0.9998170733451843|NORM_1WORD=0.00011355034803273156|NORM_3PLUS=4.0622137021273375e-05|NORM_2WORD=1.8137965525966138e-05
-	O=0.9999661445617676|NORM_1WORD=1.5366334991995245e-05|NORM_3PLUS=1.0846802979358472e-05|NORM_2WORD=2.3711002086201916e-06
Skispringer	O=0.9998859167098999|NORM_1WORD=8.11711506685242e-05|NORM_3PLUS=1.909291313495487e-05|NORM_2WORD=6.27859390078811e-06
Martin	O=0.9998598098754883|NORM_1WORD=0.00010447626118548214|NORM_3PLUS=1.6979151041596197e-05|NORM_2WORD=1.047235036821803e-05
Schmitt	O=0.9999083280563354|NORM_1WORD=6.257922359509394e-05|NORM_3PLUS=1.6669524484314024e-05|NORM_2WORD=6.113695235399064e-06
hat	O=0.9999442100524902|NORM_1WORD=3.593052315409295e-05|NORM_3PLUS=1.0772980203910265e-05|NORM_2WORD=3.85267412639223e-06
einen	O=0.9999446868896484|NORM_1WORD=3.891970482072793e-05|NORM_3PLUS=9.65462277235929e-06|NORM_2WORD=3.407768872421002e-06
gelungenen	O=0.999934196472168|NORM_1WORD=3.9966915210243315e-05|NORM_3PLUS=1.6675981896696612e-05|NORM_2WORD=3.7237505239318125e-06
...	O=0.9999539852142334|NORM_1WORD=2.8055244911229238e-05|NORM_3PLUS=1.0422192644909956e-05|NORM_2WORD=3.039192733922391e-06

Dvd	O=0.9888560175895691|NORM_1WORD=0.010010137222707272|NORM_2WORD=0.000619867816567421|NORM_3PLUS=0.00043131972779519856
Die	O=0.9999531507492065|NORM_1WORD=3.2528896554140374e-05|NORM_3PLUS=7.945652214402799e-06|NORM_2WORD=3.2647378702677088e-06
Frau	O=0.9999366998672485|NORM_1WORD=2.5993469535023905e-05|NORM_3PLUS=1.9956380128860474e-05|NORM_2WORD=9.182739631796721e-06
meiner	O=0.9999247789382935|NORM_1WORD=5.3549119911622256e-05|NORM_3PLUS=1.1921662917302456e-05|NORM_2WORD=4.8032597987912595e-06
Traume	O=0.9998700618743896|NORM_1WORD=0.00010566423588898033|NORM_3PLUS=1.544586666568648e-05|NORM_2WORD=3.4186923585366458e-06
online	O=0.9981305003166199|NORM_1WORD=0.0017317823367193341|NORM_3PLUS=0.0001042599615175277|NORM_2WORD=2.0006860722787678e-05
:	O=0.9999419450759888|NORM_1WORD=3.880555959767662e-05|NORM_3PLUS=1.0591674254101235e-05|NORM_2WORD=3.5854877751262393e-06
Die	O=0.9999560117721558|NORM_1WORD=3.5240787838120013e-05|NORM_3PLUS=4.84722340843291e-06|NORM_2WORD=1.9922374576708535e-06
Frau	O=0.9999427795410156|NORM_1WORD=2.655592470546253e-05|NORM_3PLUS=1.6226485968218185e-05|NORM_2WORD=7.058476057864027e-06
meiner	O=0.9999195337295532|NORM_1WORD=5.909733954467811e-05|NORM_3PLUS=1.1949078725592699e-05|NORM_2WORD=4.971729595126817e-06
Traume	O=0.9997155070304871|NORM_1WORD=0.00024990251404233277|NORM_3PLUS=2.3091022740118206e-05|NORM_2WORD=5.712550773750991e-06
movie	NORM_1WORD=0.9197728633880615|O=0.07935227453708649|NORM_3PLUS=0.0005975961103104055|NORM_2WORD=0.0001768409856595099
download	NORM_1WORD=0.935623049736023|O=0.06349126249551773|NORM_3PLUS=0.0005562393926084042|NORM_2WORD=0.00020210861111991107
Actors	O=0.9998049139976501|NORM_1WORD=0.00012199453340144828|NORM_3PLUS=4.769367296830751e-05|NORM_2WORD=1.658550536376424e-05
:	O=0.9999531507492065|NORM_1WORD=2.443480298097711e-05|NORM_3PLUS=1.314242217631545e-05|NORM_2WORD=4.026165242976276e-06
Victor	O=0.9993715882301331|NORM_1WORD=0.0005513752694241703|NORM_3PLUS=4.3136711610713974e-05|NORM_2WORD=2.125809078279417e-05
Janson	O=0.9997740387916565|NORM_1WORD=7.525172259192914e-05|NORM_2WORD=6.948121153982356e-05|NORM_3PLUS=6.850877980468795e-05
Karl	O=0.9996474981307983|NORM_1WORD=0.000313115626340732|NORM_3PLUS=1.7811116777011193e-05|NORM_2WORD=1.4853218090138398e-05
Etlinger	O=0.9999469518661499|NORM_1WORD=2.2970916688791476e-05|NORM_3PLUS=1.7581231077201664e-05|NORM_2WORD=7.2761035880830605e-06
Karl	O=0.9984681010246277|NORM_1WORD=0.0014592852676287293|NORM_3PLUS=3.17736848955974e-05|NORM_2WORD=2.9437860575853847e-05
...	O=0.9999427795410156|NORM_1WORD=3.687863500090316e-05|NORM_3PLUS=1.1310844456602354e-05|NORM_2WORD=4.3149075281689875e-06

%PosSmiley	O=0.9998892545700073|NORM_1WORD=5.4316911700880155e-05|NORM_3PLUS=3.4490021789679304e-05|NORM_2WORD=1.146812064689584e-05

CH	O=0.9925941824913025|NORM_1WORD=0.007329194340854883|NORM_3PLUS=4.872660065302625e-05|NORM_2WORD=2.1004248992539942e-05
:	O=0.9999352693557739|NORM_1WORD=4.653537689591758e-05|NORM_3PLUS=1.1312367860227823e-05|NORM_2WORD=2.5588965399947483e-06
ESCORT	O=0.9903391003608704|NORM_1WORD=0.009465755894780159|NORM_3PLUS=0.00012674096797127277|NORM_2WORD=3.574292713892646e-05
24	O=0.9992714524269104|NORM_1WORD=0.0006696421187371016|NORM_3PLUS=4.2491468775551766e-05|NORM_2WORD=8.083333341346588e-06
ANFANGERIN	NORM_1WORD=0.9742146730422974|O=0.02504858933389187|NORM_3PLUS=0.0004809298552572727|NORM_2WORD=0.00023741931363474578
TEENY	NORM_1WORD=0.9406369924545288|O=0.05858827382326126|NORM_3PLUS=0.0005640473682433367|NORM_2WORD=0.00015855296805966645
:	O=0.9999271631240845|NORM_1WORD=4.2255225707776845e-05|NORM_3PLUS=2.0107701857341453e-05|NORM_2WORD=4.673065177485114e-06
FRUSINA	O=0.827251672744751|NORM_1WORD=0.1711777299642563|NORM_3PLUS=0.0010315125109627843|NORM_2WORD=0.0004658802936319262
Ich	O=0.9999514818191528|NORM_1WORD=3.0096427508397028e-05|NORM_3PLUS=9.544254680804443e-06|NORM_2WORD=4.688065928348806e-06
bin	O=0.9999542236328125|NORM_1WORD=2.481195224390831e-05|NORM_3PLUS=1.2226406397530809e-05|NORM_2WORD=3.870658929372439e-06
eine	O=0.9999395608901978|NORM_1WORD=4.44690122094471e-05|NORM_3PLUS=9.074762601812836e-06|NORM_2WORD=4.1890161810442805e-06
heisse	O=0.9998106360435486|NORM_1WORD=0.00010451208072481677|NORM_3PLUS=5.274347495287657e-05|NORM_2WORD=2.01274760911474e-05
teeny18j	O=0.999504804611206|NORM_1WORD=0.0002578163403086364|NORM_3PLUS=0.00012582952331285924|NORM_2WORD=8.99658480193466e-05

Schöne	O=0.9998711347579956|NORM_1WORD=9.300866076955572e-05|NORM_3PLUS=1.9199298549210653e-05|NORM_2WORD=6.97618861522642e-06
Beispiele	O=0.9997879862785339|NORM_1WORD=0.00015291159797925502|NORM_3PLUS=3.261912934249267e-05|NORM_2WORD=9.109098755288869e-06
von	O=0.9999377727508545|NORM_1WORD=4.729433567263186e-05|NORM_3PLUS=8.254514796135481e-06|NORM_2WORD=2.569722028056276e-06
Nachtfotografier	O=0.99115389585495|NORM_1WORD=0.008740772493183613|NORM_3PLUS=6.755614595022053e-05|NORM_2WORD=2.7323774702381343e-05
im	O=0.9999293088912964|NORM_1WORD=5.733246143790893e-05|NORM_3PLUS=7.999849003681447e-06|NORM_2WORD=2.4305034003191395e-06
Nebel	O=0.9996265172958374|NORM_1WORD=0.0003127104137092829|NORM_3PLUS=3.3330048609059304e-05|NORM_2WORD=1.3562434105551802e-05
%Link	O=0.999340832233429|NORM_3PLUS=0.0002523094299249351|NORM_1WORD=0.00023218865680973977|NORM_2WORD=0.00014636863488703966
photography	O=0.9838036894798279|NORM_1WORD=0.015960747376084328|NORM_3PLUS=0.00012641206558328122|NORM_2WORD=7.17366929166019e-05

RT	O=0.9969722032546997|NORM_1WORD=0.0029533912893384695|NORM_3PLUS=3.726684735738672e-05|NORM_2WORD=2.765905264823232e-05
Nachti	NORM_1WORD=0.9984169006347656|O=0.0009941280586645007|NORM_2WORD=0.0003693235048558563|NORM_3PLUS=0.00020597963884938508
süsse	NORM_1WORD=0.9551642537117004|O=0.04393910616636276|NORM_3PLUS=0.0005005050334148109|NORM_2WORD=0.00036965496838092804
schlaf	NORM_1WORD=0.9993822574615479|O=0.0004764201876241714|NORM_3PLUS=6.501535244751722e-05|NORM_2WORD=6.12430230830796e-05
schön	O=0.9999088048934937|NORM_1WORD=4.255905878380872e-05|NORM_3PLUS=2.2387368517229334e-05|NORM_2WORD=1.6410984244430438e-05
und	O=0.9999282360076904|NORM_1WORD=5.998690539854579e-05|NORM_3PLUS=6.649047918472206e-06|NORM_2WORD=2.678328201000113e-06
träum	NORM_1WORD=0.9533677101135254|O=0.04566888138651848|NORM_3PLUS=0.0005361174116842449|NORM_2WORD=0.00036266405368223786
was	O=0.9998120665550232|NORM_1WORD=0.0001620735856704414|NORM_2WORD=1.298121060244739e-05|NORM_3PLUS=1.011407766782213e-05
süsses	O=0.8888499736785889|NORM_1WORD=0.1076793447136879|NORM_2WORD=0.002183827105909586|NORM_3PLUS=0.0012041522422805429

Oh	O=0.991367518901825|NORM_1WORD=0.008473681285977364|NORM_3PLUS=7.892933354014531e-05|NORM_2WORD=6.524776108562946e-05
,	O=0.9999569654464722|NORM_1WORD=2.651391514518764e-05|NORM_3PLUS=9.640802090871148e-06|NORM_2WORD=3.3240060020034434e-06
in	O=0.9999183416366577|NORM_1WORD=5.8733356127049774e-05|NORM_3PLUS=1.3403341654338874e-05|NORM_2WORD=5.873298505321145e-06
der	O=0.999950647354126|NORM_1WORD=3.778716563829221e-05|NORM_3PLUS=6.304867838480277e-06|NORM_2WORD=3.2372049645346124e-06
Stadthalle	O=0.999893307685852|NORM_1WORD=5.3926818509353325e-05|NORM_3PLUS=2.6715450076153502e-05|NORM_2WORD=1.4447476132772863e-05
in	O=0.9999697208404541|NORM_1WORD=1.944209543580655e-05|NORM_3PLUS=6.2992426137498114e-06|NORM_2WORD=2.2948718196857953e-06
Offenbach	O=0.9999278783798218|NORM_1WORD=4.942897430737503e-05|NORM_3PLUS=9.966132893168833e-06|NORM_2WORD=9.155254701909143e-06
scheint	O=0.9999302625656128|NORM_1WORD=3.173227378283627e-05|NORM_3PLUS=1.791972499631811e-05|NORM_2WORD=1.6141977539518848e-05
heute	O=0.9994451403617859|NORM_1WORD=0.0004428745014593005|NORM_2WORD=6.075610872358084e-05|NORM_3PLUS=4.144166814512573e-05
'	NORM_1WORD=0.9841357469558716|O=0.010947586968541145|NORM_2WORD=0.003120053093880415|NORM_3PLUS=0.0014512139605358243
Erotikmesse	O=0.9998935461044312|NORM_1WORD=3.726983050000854e-05|NORM_2WORD=3.3066320611396804e-05|NORM_3PLUS=2.5558716515661217e-05
zu	O=0.9999723434448242|NORM_1WORD=1.616829467820935e-05|NORM_3PLUS=6.939421837159898e-06|NORM_2WORD=2.2271588022704236e-06
sein	O=0.9999556541442871|NORM_1WORD=2.177731948904693e-05|NORM_3PLUS=1.454665107303299e-05|NORM_2WORD=4.466125119506614e-06
.	O=0.9999731779098511|NORM_1WORD=1.0803509212564677e-05|NORM_3PLUS=9.999038411478978e-06|NORM_2WORD=3.121331019428908e-06

Wie	O=0.9991801381111145|NORM_1WORD=0.0007022846257314086|NORM_3PLUS=6.297099753282964e-05|NORM_2WORD=4.293184247217141e-05
bei	O=0.9995895028114319|NORM_1WORD=0.0002888691669795662|NORM_3PLUS=5.8519890444586053e-05|NORM_2WORD=4.812695988221094e-05
Anon	O=0.9998794794082642|NORM_1WORD=6.444744212785736e-05|NORM_3PLUS=2.8816361009376124e-05|NORM_2WORD=1.9125483959214762e-05
gibts	NORM_2WORD=0.9987173080444336|NORM_3PLUS=0.000875141762662679|NORM_1WORD=0.0002384623949183151|O=1.046590205078246e-05
bei	O=0.999858021736145|NORM_1WORD=9.570008114678785e-05|NORM_3PLUS=2.2978994820732623e-05|NORM_2WORD=1.6633035556878895e-05
Occupy	O=0.9999150037765503|NORM_1WORD=6.183936056913808e-05|NORM_3PLUS=1.241144764208002e-05|NORM_2WORD=5.8955183703801595e-06
viele	O=0.999863862991333|NORM_1WORD=8.787288243183866e-05|NORM_3PLUS=2.2852180336485617e-05|NORM_2WORD=1.7900618331623264e-05
Initiativen	O=0.9998579025268555|NORM_1WORD=0.00010813782864715904|NORM_3PLUS=2.4102180759655312e-05|NORM_2WORD=5.5046593843144365e-06
@username	O=0.9996945858001709|NORM_1WORD=0.00015776178042870015|NORM_3PLUS=8.119339327095076e-05|NORM_2WORD=2.4861874408088624e-05

der	NORM_1WORD=0.9937014579772949|O=0.006202184595167637|NORM_3PLUS=5.7217737776227295e-05|NORM_2WORD=3.123639908153564e-05
typ	NORM_1WORD=0.9993923902511597|O=0.0004573350597638637|NORM_3PLUS=8.176733535947278e-05|NORM_2WORD=5.1199927838752046e-05
hat	O=0.9997422099113464|NORM_1WORD=0.00021144487254787236|NORM_3PLUS=2.3780312403687276e-05|NORM_2WORD=1.0922186447714921e-05
in	O=0.9998824596405029|NORM_1WORD=0.00010326063056709245|NORM_3PLUS=7.602645837323507e-06|NORM_2WORD=3.877068138535833e-06
seiner	O=0.9997641444206238|NORM_1WORD=0.00017351395217701793|NORM_3PLUS=2.929849870270118e-05|NORM_2WORD=2.048777423624415e-05
amtszeit	O=0.8804330825805664|NORM_1WORD=0.11863136291503906|NORM_3PLUS=0.0004096604243386537|NORM_2WORD=0.00035882031079381704
nix	NORM_1WORD=0.9991425275802612|NORM_2WORD=0.0005343441152945161|NORM_3PLUS=0.00021769337763544172|O=8.360432548215613e-05
hinbekommen	O=0.9996381998062134|NORM_1WORD=0.000312946765916422|NORM_3PLUS=2.829211371135898e-05|NORM_2WORD=1.547882129671052e-05
,	O=0.9999138116836548|NORM_1WORD=7.09175510564819e-05|NORM_3PLUS=9.149513971351553e-06|NORM_2WORD=2.3813615825929446e-06
labert	NORM_1WORD=0.5736825466156006|O=0.4257471263408661|NORM_3PLUS=0.00033672142308205366|NORM_2WORD=0.0001851430133683607
müll	NORM_1WORD=0.9966777563095093|O=0.0030845922883599997|NORM_3PLUS=0.00013869337271898985|NORM_2WORD=9.039258293341845e-05
in	O=0.9998576641082764|NORM_1WORD=0.0001242924336111173|NORM_3PLUS=9.970519386115484e-06|NORM_2WORD=4.671684564527823e-06
kanada	NORM_1WORD=0.99482262134552|O=0.0034786059986799955|NORM_2WORD=0.0014563295990228653|NORM_3PLUS=0.00021021065185777843
und	O=0.9998992681503296|NORM_1WORD=8.539525879314169e-05|NORM_3PLUS=8.457403964712285e-06|NORM_2WORD=3.3681585591693874e-06
dann	O=0.9999560117721558|NORM_1WORD=2.8265716537134722e-05|NORM_3PLUS=6.600521373911761e-06|NORM_2WORD=5.712977326766122e-06
will	O=0.999947190284729|NORM_1WORD=4.268703196430579e-05|NORM_3PLUS=5.734520982514368e-06|NORM_2WORD=2.6436732696311083e-06
er	O=0.9999257326126099|NORM_1WORD=4.588894444168545e-05|NORM_3PLUS=1.2818811228498816e-05|NORM_2WORD=7.777931386954151e-06
auch	O=0.9999525547027588|NORM_1WORD=3.393000224605203e-05|NORM_3PLUS=6.520925126096699e-06|NORM_2WORD=3.852600457321387e-06
noch	O=0.9999629259109497|NORM_1WORD=2.3848888304200955e-05|NORM_3PLUS=7.249344889714848e-06|NORM_2WORD=3.4818715448636794e-06
ein	O=0.9998737573623657|NORM_1WORD=0.0001117426436394453|NORM_3PLUS=7.819301572453696e-06|NORM_2WORD=4.063422693434404e-06
sinnloses	O=0.9996635913848877|NORM_1WORD=0.0002849245793186128|NORM_3PLUS=2.7653906727209687e-05|NORM_2WORD=1.2860259630542714e-05
buch	NORM_1WORD=0.9985442161560059|O=0.0009723242837935686|NORM_3PLUS=0.0002235784922959283|NORM_2WORD=0.00021455511159729213
raus	NORM_1WORD=0.9981949925422668|O=0.0015129842795431614|NORM_2WORD=0.00019032640557270497|NORM_3PLUS=9.324870188720524e-05
bringen	O=0.999821126461029|NORM_1WORD=0.00014937079686205834|NORM_3PLUS=1.5311592505895533e-05|NORM_2WORD=7.709945748501923e-06
?	O=0.9999659061431885|NORM_1WORD=2.4265591491712257e-05|NORM_3PLUS=5.287669864628697e-06|NORM_2WORD=1.931766519192024e-06

eine	NORM_1WORD=0.999060332775116|O=0.000876494450494647|NORM_3PLUS=3.6006800655741245e-05|NORM_2WORD=2.2955977328820154e-05
Kurtze	O=0.9975080490112305|NORM_1WORD=0.0023452620953321457|NORM_3PLUS=8.655720012029633e-05|NORM_2WORD=4.00196950067766e-05
Beschreibung	O=0.9999583959579468|NORM_1WORD=2.4196639060392044e-05|NORM_3PLUS=9.25353197089862e-06|NORM_2WORD=4.245295713189989e-06
dazu	O=0.9999662637710571|NORM_1WORD=1.636521119507961e-05|NORM_3PLUS=9.869781933957711e-06|NORM_2WORD=2.9465570605680114e-06
:	O=0.9999713897705078|NORM_1WORD=1.4029492376721464e-05|NORM_3PLUS=7.952915439091157e-06|NORM_2WORD=3.0078563213464804e-06
Ich	O=0.9999756813049316|NORM_1WORD=1.6357376807718538e-05|NORM_3PLUS=3.524690555423149e-06|NORM_2WORD=1.8958021428261418e-06
hab	NORM_1WORD=0.9528443217277527|O=0.04660940170288086|NORM_2WORD=0.00029829549021087587|NORM_3PLUS=0.00021030304196756333
das	O=0.9755349159240723|NORM_1WORD=0.023918095976114273|NORM_2WORD=0.0004097495402675122|NORM_3PLUS=0.00011113885557278991
Cover-Art	O=0.9785209894180298|NORM_1WORD=0.021309366449713707|NORM_3PLUS=0.00011368221748853102|NORM_2WORD=3.641647344920784e-05
...	O=0.9999548196792603|NORM_1WORD=2.8743543225573376e-05|NORM_3PLUS=8.94285949470941e-06|NORM_2WORD=3.77671290152648e-06

Ich	O=0.9997692704200745|NORM_1WORD=0.00019085795793216676|NORM_3PLUS=1.8861794160329737e-05|NORM_2WORD=9.771177246875595e-06
leg	NORM_1WORD=0.9994972944259644|O=0.0003804904699791223|NORM_3PLUS=8.046525908866897e-05|NORM_2WORD=2.9923383408458903e-05
mich	O=0.9999470710754395|NORM_1WORD=3.458223000052385e-05|NORM_3PLUS=9.120763024839107e-06|NORM_2WORD=6.43936527922051e-06
mal	O=0.9999531507492065|NORM_1WORD=2.408200452919118e-05|NORM_2WORD=9.052576388057787e-06|NORM_3PLUS=8.876188076101243e-06
hin	O=0.9988634586334229|NORM_1WORD=0.0010896300664171576|NORM_3PLUS=2.375374606344849e-05|NORM_2WORD=1.617772795725614e-05
...	O=0.9999511241912842|NORM_1WORD=3.403216760489158e-05|NORM_3PLUS=7.474021003872622e-06|NORM_2WORD=3.138401325486484e-06
%PosSmiley	O=0.9999473094940186|NORM_1WORD=2.4207771275541745e-05|NORM_3PLUS=1.661791975493543e-05|NORM_2WORD=5.51927132619312e-06

ich	NORM_1WORD=0.942386269569397|O=0.05747043341398239|NORM_3PLUS=8.933606295613572e-05|NORM_2WORD=3.453111639828421e-05
bin	O=0.9998750686645508|NORM_1WORD=9.717579087009653e-05|NORM_3PLUS=1.7792997823562473e-05|NORM_2WORD=5.819475973112276e-06
daaa	NORM_1WORD=0.9804645776748657|NORM_2WORD=0.010595881380140781|NORM_3PLUS=0.006870981305837631|O=0.0015715245390310884
andrea	NORM_1WORD=0.9934875965118408|O=0.0035901444498449564|NORM_3PLUS=0.0015515228733420372|NORM_2WORD=0.0013127606362104416
%PosSmiley	O=0.9999163150787354|NORM_1WORD=5.0193906645290554e-05|NORM_3PLUS=2.093592775054276e-05|NORM_2WORD=6.863340331619838e-06

Die	O=0.9998331069946289|NORM_1WORD=0.00011444463598309085|NORM_3PLUS=2.4789178496575914e-05|NORM_2WORD=1.8636430468177423e-05
eine	O=0.9633132815361023|NORM_1WORD=0.036341384053230286|NORM_3PLUS=0.00015363663260359317|NORM_2WORD=0.0001485367101849988
eben	O=0.9003593921661377|NORM_1WORD=0.09811817854642868|NORM_2WORD=0.0009923158213496208|NORM_3PLUS=0.00044975054333917797
war	O=0.9999353885650635|NORM_1WORD=4.01741563109681e-05|NORM_3PLUS=1.2572552805067971e-05|NORM_2WORD=8.460016942990478e-06
aber	O=0.9999666213989258|NORM_1WORD=1.9644556232378818e-05|NORM_3PLUS=6.660924100287957e-06|NORM_2WORD=4.364721917227143e-06
total	O=0.9999004602432251|NORM_1WORD=4.4598677050089464e-05|NORM_2WORD=3.320360337966122e-05|NORM_3PLUS=1.4050159734324552e-05
von	O=0.9999606609344482|NORM_1WORD=2.5685299988253973e-05|NORM_3PLUS=7.214059678517515e-06|NORM_2WORD=2.9358145638980204e-06
ihrem	O=0.9999128580093384|NORM_1WORD=4.67694662802387e-05|NORM_3PLUS=1.909524689835962e-05|NORM_2WORD=1.3150569429853931e-05
Aussehen	O=0.9997897744178772|NORM_1WORD=9.87348539638333e-05|NORM_3PLUS=4.929735223413445e-05|NORM_2WORD=2.917522579082288e-05
überzeugt	O=0.9999390840530396|NORM_1WORD=2.220600435975939e-05|NORM_3PLUS=1.795920070435386e-05|NORM_2WORD=1.2568907550303265e-05
.	O=0.9999741315841675|NORM_3PLUS=9.816727470024489e-06|NORM_1WORD=9.397537723998539e-06|NORM_2WORD=3.126908723061206e-06

in	NORM_1WORD=0.9981970191001892|O=0.0017352367285639048|NORM_3PLUS=3.9243132050614804e-05|NORM_2WORD=2.332385156478267e-05
der	O=0.9998801946640015|NORM_1WORD=0.00010974792530760169|NORM_3PLUS=5.270834208204178e-06|NORM_2WORD=3.279502834629966e-06
szene	NORM_1WORD=0.999032735824585|O=0.0006594294682145119|NORM_3PLUS=0.00017881211533676833|NORM_2WORD=0.00011553987133083865
wo	O=0.9997408986091614|NORM_1WORD=0.00023543962743133307|NORM_3PLUS=1.1195364095328841e-05|NORM_2WORD=8.621776942163706e-06
bella	NORM_1WORD=0.9782503247261047|O=0.02150845155119896|NORM_2WORD=0.0001115367776947096|NORM_3PLUS=0.00011090483894804493
und	O=0.9998873472213745|NORM_1WORD=9.648311970522627e-05|NORM_3PLUS=8.048726158449426e-06|NORM_2WORD=3.7127151699678507e-06
edward	NORM_1WORD=0.8161994218826294|O=0.18143650889396667|NORM_2WORD=0.0014968130271881819|NORM_3PLUS=0.000768559577409178
sich	O=0.9999607801437378|NORM_1WORD=2.8064239813829772e-05|NORM_3PLUS=5.884267920919228e-06|NORM_2WORD=3.354232148922165e-06
streiten	O=0.9998723268508911|NORM_1WORD=8.964668813860044e-05|NORM_3PLUS=2.4443268557661213e-05|NORM_2WORD=6.843202754680533e-06
weil	O=0.9998261332511902|NORM_1WORD=0.00015382617129944265|NORM_3PLUS=8.68235292728059e-06|NORM_2WORD=6.042386303306557e-06
das	O=0.9303274154663086|NORM_1WORD=0.06748349219560623|NORM_2WORD=0.0018859956180676818|NORM_3PLUS=0.00025343531160615385
baby	NORM_1WORD=0.9967160224914551|O=0.002871057717129588|NORM_2WORD=0.000251103745540604|NORM_3PLUS=0.00014124464360065758
bella	NORM_1WORD=0.9614552855491638|O=0.03811706602573395|NORM_2WORD=0.00024668569676578045|NORM_3PLUS=0.00015622754290234298
so	O=0.9999525547027588|NORM_1WORD=2.620759914861992e-05|NORM_3PLUS=8.061964763328433e-06|NORM_2WORD=7.970274054969195e-06
weh	O=0.9976758360862732|NORM_1WORD=0.0022074829321354628|NORM_2WORD=5.192822209210135e-05|NORM_3PLUS=5.068922837381251e-05
tut	O=0.9999434947967529|NORM_1WORD=4.3741321860579774e-05|NORM_3PLUS=6.763809778931318e-06|NORM_2WORD=2.8034796741849277e-06
%NegSmiley	O=0.9998714923858643|NORM_1WORD=6.858816050225869e-05|NORM_3PLUS=3.401135472813621e-05|NORM_2WORD=1.2252239685039967e-05

ich	NORM_1WORD=0.995873749256134|O=0.0040397499687969685|NORM_3PLUS=4.693378650699742e-05|NORM_2WORD=3.0759947549086064e-05
sag	O=0.8881791830062866|NORM_1WORD=0.10768897831439972|NORM_2WORD=0.00313620176166296|NORM_3PLUS=0.0007616655202582479
andrea	NORM_1WORD=0.9786623120307922|O=0.020480049774050713|NORM_3PLUS=0.00042983554885722697|NORM_2WORD=0.0003669635043479502
kiewel	NORM_1WORD=0.9984011054039001|O=0.0011189290089532733|NORM_2WORD=0.0003101433685515076|NORM_3PLUS=0.00016032479470595717
wirds	NORM_2WORD=0.9985393285751343|NORM_3PLUS=0.0011492562480270863|NORM_1WORD=0.00015283514221664518|O=1.696539948170539e-05
machen	O=0.9999208450317383|NORM_1WORD=6.341013067867607e-05|NORM_3PLUS=8.310653356602415e-06|NORM_2WORD=3.2305151762557216e-06

aber	NORM_1WORD=0.9934606552124023|O=0.0064162821508944035|NORM_3PLUS=6.96360002621077e-05|NORM_2WORD=3.910105078830384e-05
freut	O=0.9998354911804199|NORM_1WORD=0.00011226849164813757|NORM_3PLUS=2.2664835341856815e-05|NORM_2WORD=2.1586261937045492e-05
mich	O=0.9999366998672485|NORM_1WORD=2.6732692276709713e-05|NORM_2WORD=1.4826006918156054e-05|NORM_3PLUS=1.4299837857834063e-05
für	O=0.9998326301574707|NORM_1WORD=0.00013443392526824027|NORM_3PLUS=1.719943611533381e-05|NORM_2WORD=6.74990906190942e-06
euch	O=0.9999529123306274|NORM_1WORD=2.1940904844086617e-05|NORM_3PLUS=9.619162483431865e-06|NORM_2WORD=9.564825631969143e-06
%PosSmiley	O=0.9999217987060547|NORM_1WORD=4.6889974328223616e-05|NORM_3PLUS=1.8642509530764073e-05|NORM_2WORD=7.056766207824694e-06

Haha	O=0.999924898147583|NORM_1WORD=4.978372817276977e-05|NORM_2WORD=1.0061707143904641e-05|NORM_3PLUS=9.418886293133255e-06
..	O=0.9999481439590454|NORM_1WORD=2.7519059585756622e-05|NORM_3PLUS=1.1029285815311596e-05|NORM_2WORD=7.673687832721043e-06

Jägermeister	O=0.9995879530906677|NORM_1WORD=0.00028054032009094954|NORM_3PLUS=5.567206608247943e-05|NORM_2WORD=3.5225799365434796e-05
hat	O=0.9998922348022461|NORM_1WORD=7.95961168478243e-05|NORM_3PLUS=1.4916168765921611e-05|NORM_2WORD=7.633146196894813e-06
56	O=0.9999611377716064|NORM_1WORD=2.623695763759315e-05|NORM_3PLUS=5.680756657966413e-06|NORM_2WORD=4.253095994499745e-06
Kräuter	O=0.9998194575309753|NORM_1WORD=0.00014669366646558046|NORM_3PLUS=1.8743850887403823e-05|NORM_2WORD=6.237022716959473e-06
.	O=0.9999750852584839|NORM_1WORD=1.2490243534557521e-05|NORM_3PLUS=7.030675533314934e-06|NORM_2WORD=2.588599954833626e-06
"	O=0.9999631643295288|NORM_1WORD=2.700815639400389e-05|NORM_3PLUS=5.058630449639168e-06|NORM_2WORD=2.1918153834121767e-06

bitte	NORM_1WORD=0.9985069632530212|O=0.001277323579415679|NORM_3PLUS=0.0001163154374808073|NORM_2WORD=6.939189188415185e-05
bitte	O=0.9999047517776489|NORM_1WORD=8.099559636320919e-05|NORM_3PLUS=6.684291292913258e-06|NORM_2WORD=3.923642907466274e-06
!	O=0.999974250793457|NORM_1WORD=1.2237290320626926e-05|NORM_3PLUS=6.364887212839676e-06|NORM_2WORD=2.422584657324478e-06
%NegSmiley	O=0.9998852014541626|NORM_1WORD=7.062584336381406e-05|NORM_3PLUS=2.5997931516030803e-05|NORM_2WORD=8.628434443380684e-06

Es	O=0.9999016523361206|NORM_1WORD=5.4160074796527624e-05|NORM_3PLUS=2.0849071006523445e-05|NORM_2WORD=1.4386933798959944e-05
gibt	O=0.9999179840087891|NORM_1WORD=5.468818926601671e-05|NORM_3PLUS=1.5863755834288895e-05|NORM_2WORD=6.844285508122994e-06
sicher	O=0.9998313188552856|NORM_2WORD=6.212807784322649e-05|NORM_1WORD=5.146174953551963e-05|NORM_3PLUS=4.0598668419988826e-05
viele	O=0.9998421669006348|NORM_1WORD=8.121157588902861e-05|NORM_3PLUS=3.4257263905601576e-05|NORM_2WORD=2.8465619834605604e-05
Gruende	NORM_1WORD=0.8167702555656433|O=0.18241164088249207|NORM_3PLUS=0.0005505417939275503|NORM_2WORD=0.00020177099213469774
fuer	NORM_1WORD=0.999064028263092|NORM_3PLUS=0.00036570822703652084|NORM_2WORD=0.00035535110509954393|O=0.00019135698676109314
Scheidungen	O=0.998540997505188|NORM_1WORD=0.0013946990948170424|NORM_3PLUS=4.6173270675353706e-05|NORM_2WORD=8.130968126351945e-06
,	O=0.999942421913147|NORM_1WORD=3.3585794881219044e-05|NORM_3PLUS=1.528426946606487e-05|NORM_2WORD=3.7618810893036425e-06
aber	O=0.9999154806137085|NORM_1WORD=6.502033647848293e-05|NORM_3PLUS=1.1010693015123252e-05|NORM_2WORD=2.6051322947751032e-06
der	O=0.9999544620513916|NORM_1WORD=3.5649882192956284e-05|NORM_3PLUS=5.491033789439825e-06|NORM_2WORD=2.3830396003177157e-06
Hauptgrund	O=0.9995335340499878|NORM_1WORD=0.00027651534765027463|NORM_2WORD=9.180040069622919e-05|NORM_3PLUS=7.574121991638094e-05
ist	O=0.9999537467956543|NORM_1WORD=2.850028067769017e-05|NORM_3PLUS=1.0455361007188912e-05|NORM_2WORD=3.0967030397732742e-06
und	O=0.9998912811279297|NORM_1WORD=8.351710857823491e-05|NORM_3PLUS=1.4371564247994684e-05|NORM_2WORD=6.8529457166732755e-06
bleibt	O=0.9999136924743652|NORM_1WORD=5.696711014024913e-05|NORM_3PLUS=1.542590143799316e-05|NORM_2WORD=6.308122920017922e-06
die	O=0.999963641166687|NORM_1WORD=2.6239227736368775e-05|NORM_3PLUS=5.551488811761374e-06|NORM_2WORD=2.6557424916973105e-06
Hochzeit	O=0.9998456239700317|NORM_1WORD=9.891549416352063e-05|NORM_3PLUS=2.939066689577885e-05|NORM_2WORD=1.4742715393367689e-05
.	O=0.9999595880508423|NORM_1WORD=1.8470103896106593e-05|NORM_3PLUS=1.3820439562550746e-05|NORM_2WORD=3.7227373468340375e-06

Jessica	O=0.9999666213989258|NORM_1WORD=1.3962687262392137e-05|NORM_3PLUS=8.785219506535213e-06|NORM_2WORD=7.042567176540615e-06
?	O=0.9999516010284424|NORM_3PLUS=1.4959194231778383e-05|NORM_1WORD=1.477771183999721e-05|NORM_2WORD=7.165955139498692e-06

Ja	O=0.9999456405639648|NORM_1WORD=3.058279617107473e-05|NORM_3PLUS=9.242160558642354e-06|NORM_2WORD=8.887819603842217e-06
natürlich	O=0.9999700784683228|NORM_1WORD=1.2174705261713825e-05|NORM_3PLUS=8.491480912198313e-06|NORM_2WORD=6.084650976845296e-06
!	O=0.9999767541885376|NORM_3PLUS=7.916333743196446e-06|NORM_1WORD=6.247154487937223e-06|NORM_2WORD=4.4997250370215625e-06

gibts	NORM_2WORD=0.9970853924751282|NORM_3PLUS=0.0015389769105240703|NORM_1WORD=0.0011358032934367657|O=2.036061414401047e-05
noch	O=0.9999332427978516|NORM_1WORD=4.056689067510888e-05|NORM_3PLUS=1.3203793969296385e-05|NORM_2WORD=8.487961167702451e-06
jemanden	O=0.9998748302459717|NORM_1WORD=8.074576180661097e-05|NORM_3PLUS=2.2534833988174796e-05|NORM_2WORD=1.518312819825951e-05
der	O=0.9998793601989746|NORM_1WORD=7.753357203910127e-05|NORM_3PLUS=1.9109766071778722e-05|NORM_2WORD=1.0228143764834385e-05
das	O=0.9993913173675537|NORM_1WORD=0.0005671772523783147|NORM_3PLUS=1.6686313756508753e-05|NORM_2WORD=1.569492269481998e-05
neue	O=0.9994527697563171|NORM_1WORD=0.0005027457373216748|NORM_3PLUS=1.91460749192629e-05|NORM_2WORD=1.2350877113931347e-05
design	O=0.9523523449897766|NORM_1WORD=0.047315049916505814|NORM_3PLUS=0.00018653958977665752|NORM_2WORD=6.993274291744456e-05
von	O=0.9999065399169922|NORM_1WORD=7.079519855324179e-05|NORM_3PLUS=9.880117431748658e-06|NORM_2WORD=4.408000222611008e-06
Youtube	O=0.9990678429603577|NORM_1WORD=0.0008243087213486433|NORM_2WORD=4.404603532748297e-05|NORM_3PLUS=3.7234298360999674e-05
nicht	O=0.9999688863754272|NORM_1WORD=1.5614166841260158e-05|NORM_3PLUS=8.130646165227517e-06|NORM_2WORD=2.819461542458157e-06
mag	O=0.9999630451202393|NORM_1WORD=2.2481246560346335e-05|NORM_3PLUS=6.941124865988968e-06|NORM_2WORD=3.5479868074617116e-06
?	O=0.9999749660491943|NORM_1WORD=1.2007979421468917e-05|NORM_3PLUS=7.019037639111048e-06|NORM_2WORD=2.040366553046624e-06

-	O=0.9994414448738098|NORM_1WORD=0.0005130486679263413|NORM_3PLUS=2.699617834878154e-05|NORM_2WORD=1.0343318535888102e-05
bei	NORM_1WORD=0.9897758960723877|O=0.00999874621629715|NORM_2WORD=0.0001093247119570151|NORM_3PLUS=9.865847823675722e-05
uns	O=0.9998279809951782|NORM_1WORD=0.00014926829317118973|NORM_3PLUS=1.12867573989206e-05|NORM_2WORD=7.769572221150156e-06
gibt	O=0.9949195981025696|NORM_1WORD=0.004920500330626965|NORM_3PLUS=0.00010037751781055704|NORM_2WORD=4.6627337724203244e-05
s	NORM_1WORD=0.5079330205917358|NORM_2WORD=0.2969594895839691|O=0.15941479802131653|NORM_3PLUS=0.03089038096368313
für	O=0.9998948574066162|NORM_1WORD=8.06125026429072e-05|NORM_3PLUS=1.4083391761232633e-05|NORM_2WORD=4.920419996778946e-06
jed	NORM_1WORD=0.9957780838012695|O=0.0037238423246890306|NORM_2WORD=0.0002572176163084805|NORM_3PLUS=0.00022825735504738986
...	O=0.999825656414032|NORM_1WORD=0.00014781126810703427|NORM_3PLUS=1.675998828432057e-05|NORM_2WORD=6.147923613752937e-06

wie	O=0.6725716590881348|NORM_1WORD=0.32620763778686523|NORM_2WORD=0.000607867375947535|NORM_3PLUS=0.0005425678100436926
spät	O=0.9971730709075928|NORM_1WORD=0.0025526934769004583|NORM_2WORD=0.00015879044076427817|NORM_3PLUS=0.00010520299838390201
morgens	O=0.4878334403038025|NORM_2WORD=0.2692236304283142|NORM_1WORD=0.21489326655864716|NORM_3PLUS=0.026533009484410286
dann	O=0.999968409538269|NORM_1WORD=1.3308366760611534e-05|NORM_2WORD=7.659462426090613e-06|NORM_3PLUS=6.65559582557762e-06
so	O=0.999958872795105|NORM_1WORD=1.6907746612560004e-05|NORM_3PLUS=1.0438696335768327e-05|NORM_2WORD=9.017343472805806e-06
?	O=0.9999755620956421|NORM_1WORD=1.0481366189196706e-05|NORM_3PLUS=7.074254426697735e-06|NORM_2WORD=2.846003553713672e-06

ich	NORM_1WORD=0.9909926652908325|O=0.008918171748518944|NORM_3PLUS=5.062189666205086e-05|NORM_2WORD=2.7964786568190902e-05
kann	O=0.999891996383667|NORM_1WORD=9.05720007722266e-05|NORM_3PLUS=8.084451110335067e-06|NORM_2WORD=5.501497980731074e-06
nich	NORM_1WORD=0.9993923902511597|NORM_2WORD=0.0003347581659909338|NORM_3PLUS=0.00014071732584852725|O=0.00011985035234829411
im	O=0.9997472167015076|NORM_1WORD=0.00023194969980977476|NORM_3PLUS=1.054161930369446e-05|NORM_2WORD=5.887462066311855e-06
forum	NORM_1WORD=0.7935252785682678|O=0.20478463172912598|NORM_2WORD=0.0006464737234637141|NORM_3PLUS=0.0006248819408938289
suchen	O=0.9997320771217346|NORM_1WORD=0.0002135926770279184|NORM_3PLUS=2.40462068177294e-05|NORM_2WORD=1.4333485523820855e-05
,	O=0.9999194145202637|NORM_1WORD=5.922427590121515e-05|NORM_3PLUS=1.1799036656157114e-05|NORM_2WORD=4.2498490984144155e-06
weil	O=0.9998809099197388|NORM_1WORD=9.744874841999263e-05|NORM_3PLUS=8.68108054419281e-06|NORM_2WORD=5.7279157772427425e-06
cih	NORM_1WORD=0.9915054440498352|NORM_2WORD=0.00519930012524128|O=0.0024735601618885994|NORM_3PLUS=0.0007775485864840448
nich	NORM_1WORD=0.9990307092666626|NORM_2WORD=0.00047476630425080657|O=0.0002816319465637207|NORM_3PLUS=0.00019580376101657748
angemeldet	O=0.9998231530189514|NORM_1WORD=0.0001407739327987656|NORM_3PLUS=1.669481207500212e-05|NORM_2WORD=1.2688456081377808e-05
bin	O=0.999863862991333|NORM_1WORD=0.00010254322114633396|NORM_3PLUS=1.9890912881237455e-05|NORM_2WORD=8.838484063744545e-06
,	O=0.9998660087585449|NORM_1WORD=9.689776197774336e-05|NORM_3PLUS=2.076962118735537e-05|NORM_2WORD=7.350500254688086e-06
ich	O=0.9999340772628784|NORM_1WORD=5.364842218114063e-05|NORM_3PLUS=5.655958375427872e-06|NORM_2WORD=2.8998356356169097e-06
bekomme	O=0.9997335076332092|NORM_1WORD=0.00024775255587883294|NORM_3PLUS=1.0616049621603452e-05|NORM_2WORD=4.47059619546053e-06
nen	NORM_1WORD=0.9987643957138062|NORM_2WORD=0.0005320632481016219|NORM_3PLUS=0.0004006341041531414|O=0.0002070926857413724
zugriffsrecht-error	O=0.9974020719528198|NORM_1WORD=0.0022940924391150475|NORM_3PLUS=0.000192029241588898|NORM_2WORD=5.534071533475071e-05
%NegSmiley	O=0.999873161315918|NORM_1WORD=7.667886529816315e-05|NORM_3PLUS=3.165725138387643e-05|NORM_2WORD=1.0416262739454396e-05

Eine	O=0.9999678134918213|NORM_1WORD=1.52024631461245e-05|NORM_3PLUS=9.299268640461378e-06|NORM_2WORD=4.220331902615726e-06
Klospuelwette	O=0.9905965328216553|NORM_1WORD=0.009224862791597843|NORM_3PLUS=0.0001353971747448668|NORM_2WORD=2.5435499992454425e-05
wird	O=0.9999186992645264|NORM_1WORD=5.8215482567902654e-05|NORM_3PLUS=1.1086582162533887e-05|NORM_2WORD=5.067865004093619e-06
schon	O=0.999964714050293|NORM_1WORD=2.0381550712045282e-05|NORM_3PLUS=6.812649644416524e-06|NORM_2WORD=5.587240138993366e-06
aufgebaut	O=0.9999533891677856|NORM_1WORD=3.0098235583864152e-05|NORM_3PLUS=8.65093261381844e-06|NORM_2WORD=3.801645334533532e-06
.	O=0.9999736547470093|NORM_1WORD=1.3458635294227861e-05|NORM_3PLUS=7.656975867575966e-06|NORM_2WORD=2.535545036153053e-06

%PosSmiley	O=0.9998522996902466|NORM_1WORD=8.26220857561566e-05|NORM_3PLUS=4.142025500186719e-05|NORM_2WORD=1.3930741260992363e-05
ff	O=0.994205892086029|NORM_1WORD=0.005719614215195179|NORM_3PLUS=4.4606807932723314e-05|NORM_2WORD=1.493999661761336e-05

Türhüpfer	O=0.999786913394928|NORM_1WORD=0.00018751921015791595|NORM_3PLUS=1.4987056601967197e-05|NORM_2WORD=5.707932359655388e-06
,	O=0.9999637603759766|NORM_1WORD=1.8311453459318727e-05|NORM_3PLUS=1.1611838999669999e-05|NORM_2WORD=2.73579189524753e-06
Türhopser	O=0.9998716115951538|NORM_1WORD=9.917026181938127e-05|NORM_3PLUS=1.6209894965868443e-05|NORM_2WORD=7.812486728653312e-06
,	O=0.9999599456787109|NORM_1WORD=2.0690709789050743e-05|NORM_3PLUS=1.2663704183069058e-05|NORM_2WORD=2.9343150345084723e-06
Babyschaukel	O=0.9999415874481201|NORM_1WORD=3.701689638546668e-05|NORM_3PLUS=1.2788903404725716e-05|NORM_2WORD=5.334157322067767e-06
:	O=0.9999730587005615|NORM_1WORD=1.3297847544890828e-05|NORM_3PLUS=8.223273653129581e-06|NORM_2WORD=2.453296929161297e-06
Haag	O=0.9956581592559814|NORM_1WORD=0.003852811874821782|NORM_3PLUS=0.0002498266694601625|NORM_2WORD=0.00022651965264230967
am	O=0.9999356269836426|NORM_1WORD=4.46367084805388e-05|NORM_3PLUS=1.1469210221548565e-05|NORM_2WORD=5.538108780456241e-06
Hausruck	O=0.9996671676635742|NORM_1WORD=0.00029093289049342275|NORM_3PLUS=2.6857682314584963e-05|NORM_2WORD=1.0362363354943227e-05
|	O=0.999914288520813|NORM_1WORD=5.301476630847901e-05|NORM_3PLUS=1.8965329218190163e-05|NORM_2WORD=6.7715054683503695e-06
Verkaufe	O=0.9998430013656616|NORM_1WORD=0.00012145345681346953|NORM_3PLUS=1.8635017113410868e-05|NORM_2WORD=6.650066097790841e-06
Tuerhuepfer	O=0.9997556805610657|NORM_1WORD=0.00021183140052016824|NORM_3PLUS=1.6151416275533848e-05|NORM_2WORD=9.277853678213432e-06
fuer	NORM_1WORD=0.9983910918235779|NORM_3PLUS=0.000728906539734453|NORM_2WORD=0.00059965078253299|O=0.0002423697878839448
Babys	O=0.9997580647468567|NORM_1WORD=0.00015030174108687788|NORM_3PLUS=5.36882143933326e-05|NORM_2WORD=3.0175899155437946e-05
-	O=0.9999611377716064|NORM_1WORD=2.2806460037827492e-05|NORM_3PLUS=9.286594831792172e-06|NORM_2WORD=3.4759998470690334e-06
ist	O=0.9997628331184387|NORM_1WORD=0.00019520323257893324|NORM_3PLUS=2.6320714823668823e-05|NORM_2WORD=8.255054126493633e-06
an	O=0.9996813535690308|NORM_1WORD=0.00025422414182685316|NORM_3PLUS=3.726156865013763e-05|NORM_2WORD=1.9993889509350993e-05
der	O=0.9999330043792725|NORM_1WORD=4.228377292747609e-05|NORM_3PLUS=1.3581207895185798e-05|NORM_2WORD=7.837825251044706e-06
Tuerzarge	O=0.9975748658180237|NORM_1WORD=0.0021444817539304495|NORM_3PLUS=0.00015103118494153023|NORM_2WORD=0.00010736948024714366
zu	O=0.9999382495880127|NORM_1WORD=4.3536587327253073e-05|NORM_3PLUS=1.16304609036888e-05|NORM_2WORD=2.819611836457625e-06
...	O=0.9999479055404663|NORM_1WORD=3.660481525002979e-05|NORM_3PLUS=9.096057510760147e-06|NORM_2WORD=2.9193465707066935e-06

@username	O=0.9994162321090698|NORM_1WORD=0.0004318729043006897|NORM_3PLUS=9.091875836020336e-05|NORM_2WORD=2.263604437757749e-05
oida	NORM_1WORD=0.956216037273407|O=0.021710259839892387|NORM_2WORD=0.019294461235404015|NORM_3PLUS=0.00253553525544703
die	O=0.9996411800384521|NORM_1WORD=0.00033218946191482246|NORM_3PLUS=1.428562154615065e-05|NORM_2WORD=9.135320397035684e-06
Probe	O=0.9967767596244812|NORM_1WORD=0.0030998552683740854|NORM_3PLUS=8.138969133142382e-05|NORM_2WORD=2.5062965505640022e-05
heut	NORM_1WORD=0.9995195865631104|NORM_3PLUS=0.0001860639313235879|O=0.00015575102588627487|NORM_2WORD=0.00012519230949692428
hat	O=0.999728262424469|NORM_1WORD=0.00023617786064278334|NORM_3PLUS=1.954963408934418e-05|NORM_2WORD=9.448302989767399e-06
sich	O=0.9999415874481201|NORM_1WORD=3.8210298953345045e-05|NORM_3PLUS=1.0726051186793484e-05|NORM_2WORD=6.422476417355938e-06
ja	O=0.9999312162399292|NORM_1WORD=4.448056279215962e-05|NORM_2WORD=1.1239005289098714e-05|NORM_3PLUS=8.643417459097691e-06
ua	NORM_1WORD=0.9991981387138367|NORM_3PLUS=0.00037149465060792863|NORM_2WORD=0.0002521425485610962|O=0.00014460684906225652
zaaht	NORM_1WORD=0.997458279132843|O=0.0013050761772319674|NORM_3PLUS=0.0007766945636831224|NORM_2WORD=0.00043016389827243984
%NegSmiley	O=0.9999105930328369|NORM_1WORD=4.7294990508817136e-05|NORM_3PLUS=2.6452473321114667e-05|NORM_2WORD=7.941798685351387e-06

