tja	NORM_1WORD
,	O
ich	O
biin	NORM_1WORD
es	O
gewöhnt	O
das	NORM_1WORD
ich	O
viel	O
%NegSmiley	O
,	O
deshalb	O
trage	O
cih	NORM_1WORD
keins	O
.	O

Türchen	O
No.	O
3	O
:	O
%Link	O

Bin	O
gespannt	O
,	O
ob	O
ich	O
enttäuscht	O
werd	NORM_1WORD
oder	O
nicht	O
%PosSmiley	O

der	NORM_1WORD
Billy	O
Joel	O
wär	NORM_1WORD
jetzt	O
nicht	O
nötig	O
gewesen	O
.	O

Bei	O
Joghurt	O
aber	O
auf	O
den	O
Zuckergehalt	O
achten	O
.	O

Ähm	O
...	O

Wir	O
sind	O
musiker	NORM_1WORD
und	O
ficken	O
nur	O
dumme	O
frauen	NORM_1WORD
.	O

AKs	O
!	O

-bayern-online	O

Oh	O
,	O
top	O
!	O

war	O
grad	NORM_1WORD
weg	O

aber	NORM_1WORD
dm	O
ist	O
schöner	O

hier	NORM_1WORD
gibts	NORM_2WORD
bier	NORM_1WORD
und	O
das	O
schmeckt	O
mir	O
.	O
(	O
Bar	O
Gagarin	O
)	O

Spontant	NORM_1WORD
und	O
guenstig	NORM_1WORD
die	O
Freunde	O
im	O
Ausland	O
besuchen	O
:	O
%Link	O
%PosSmiley	O

die	NORM_1WORD
therme	NORM_1WORD
ist	O
nich	NORM_1WORD
...	O

morgens	NORM_1WORD
immer	O
grosse	O
aufräumaktion	NORM_1WORD
im	O
kopf	NORM_1WORD
.	O

ich	NORM_1WORD
habs	NORM_2WORD
versaut	O
!	O
"	O

An	O
so	O
nem	NORM_1WORD
schönen	O
Tag	O
lässt	O
Burda	O
himself	O
im	O
Erdgeschoss	O
neue	O
Barcelona-Chairs	O
durch	O
die	O
Gegend	O
schieben	O
.	O

"	O
Du	O
,	O
mein	O
Zweitschreibtisch	O
ist	O
zu	O
klein	O
!	O
"	O

Und	O
wenn	O
ich	O
nach	O
Süden	O
sehe	O
,	O
dann	O
seh	NORM_1WORD
ich	O
St	NORM_1WORD
Maximilian	O
.	O

Es	O
wär	NORM_1WORD
schön	O
,	O
man	O
könnte	O
dasselbe	O
aus	O
Russland	O
vermelden	O
,	O
dass	O
Putin	O
aufgibt	O
.	O

ich	NORM_1WORD
lad	NORM_1WORD
dich	O
dann	O
in	O
der	O
gruppe	O
ein	O
%PosSmiley	O
xx	O

ach	NORM_1WORD
was	O
,	O
nur	O
bei	O
Sozialtypen	O
,	O
FH'lern	O
und	O
anderen	O
bestimmten	O
Menschen	O

moni	NORM_1WORD
früehner	NORM_1WORD
ufstoh	NORM_1WORD
%PosSmiley	O

Ik	O
deed	O
net	NORM_1WORD
pizzabrood	O
in	O
den	O
oven	O
.	O

Land	O
Cruiser	O
J7	O
Re	O
:	O
HZJ76	O
mit	O
Klappdach	O

kingt	NORM_1WORD
schrecklich	O
...	O

Hmmm	O
,	O
Rewe	O
haben	O
wir	O
hier	O
so	O
gut	O
wie	O
garnicht	NORM_2WORD
.	O

Savas	O
war	O
2002	O
ja	O
auch	O
in	O
'	NORM_1WORD

Dafür	O
bekomm	NORM_1WORD
ich	O
alles	O
,	O
was	O
ich	O
will	O
..	O

"	O
Und	O
was	O
machst	O
du	O
heut	NORM_1WORD
noch	O
so	O
?	O
"	O

w\u00E4r	NORM_1WORD
echt	O
cool	O
cajon16	O
htt	O

Carpe	O
Diem	O
:	O
Geniesse	O
den	O
Tag	O
,	O
mach	O
das	O
Beste	O
draus	NORM_1WORD
und	O
lass	O
dich	O
nicht	O
stressen	O
.	O

|	O
Hallo	O
!!!	O

Pohh	O
man	O
,	O
zin	NORM_1WORD
in	O
'	O
t	O
weekend	O
met	NORM_1WORD
&	O
andere	O
boys	O
Sirox	O
%PosSmiley	O

acho	O
bom	O
ein	O
,	O
ahahahahha	O

die	NORM_1WORD
von	O
der	O
ARGE	O
haben	O
mich	O
gleich	O
abgewimmelt	O
,	O
ich	O
meine	O
ich	O
bekomme	O
als	O
unternehmer	NORM_1WORD
viel	O
geld	O
von	O
dennen	NORM_1WORD
aber	O
auch	O
viel	O
stress	NORM_1WORD

Er	O
:	O
Du	O
Bist	O
echt	O
hübsch	O
..	O

@username	O
hat	O
heut	NORM_1WORD
ein	O
grosses	O
Dankeschön	O
von	O
allen	O
Piraten	O
verdient	O
und	O
ff	O

Ich	O
bin	O
...	O

Euro2012	O

Also	O
hab	NORM_1WORD
ich	O
gestrickt	O
.	O
"	O

Bola	O
mulu	NORM_1WORD
..	O
%NegSmiley	O

Ergebnis	O
:	O
Merkel-Bonds	O

Hast	O
Du	O
die	O
nächsten	O
Wochenenden	O
mal	O
frei	O
?	O

Es	O
hatte	O
heute	O
12,5C	O

ich	NORM_1WORD
bastel	NORM_1WORD
dir	O
auch	O
einen	O

war	NORM_1WORD
bei	O
mir	O
in	O
der	O
schule	NORM_1WORD
auch	O
noch	O
so	O
aber	O
jetzt	O
arbeite	O
ich	O
und	O
spiele	O
nicht	O
mehr	O
mit	O
dem	O
handy	NORM_1WORD
rum	NORM_1WORD
%PosSmiley	O

aber	NORM_1WORD
wenigstens	O
hab	O
ich	O
was	NORM_1WORD
geschafft	O
...	O

Ga	NORM_1WORD
weg	O
.	O

wie	NORM_1WORD
gehts	NORM_2WORD
dir	O
de	NORM_1WORD
...	O
(	O
cont	O
)	O

ich	NORM_1WORD
find	NORM_1WORD
's	NORM_1WORD
total	O
kacke	NORM_1WORD
und	O
unübersichtlich	O
!!	O
%PosSmiley	O

Zuviel	NORM_2WORD
Spreu	O
,	O
die	O
ich	O
für	O
Weizen	O
hielt	O
!	O

ne	NORM_1WORD
,	O
nur	O
nicht	O
%PosSmiley	O

-	O
In	O
der	O
Altmark	O
ist	O
zwischen	O
Pollitz	O
und	O
Wanzer	O
ein	O
für	O
knapp	O
dr	NORM_1WORD
...	O

Haha	O
!	O

Hey	O
Apple	O
...	O

nur	NORM_1WORD
der	O
besetzte	O
park	NORM_1WORD
ist	O
der	O
geschuetzte	NORM_1WORD
park	NORM_1WORD

Meint	O
er	O
nicht	O
weis	NORM_1WORD
er	O
wenn	O
du	O
meinst	O
...	O

Ich	O
gehe	O
slafen	NORM_1WORD
...	O

hab	NORM_1WORD
grad	NORM_1WORD
bemerkt	O
,	O
dass	O
ich	O
die	O
hälfte	NORM_1WORD
deiner	O
tweets	O
ned	NORM_1WORD
mitbekommen	O
hab	NORM_1WORD
%PosSmiley	O

"	O
Sex	O
wird	O
überbewertet	O
!	O
"	O

wie	O
nacht	NORM_1WORD
?	O

für	NORM_1WORD
was	O
braust	NORM_1WORD
du	O
daa	NORM_1WORD

niall	NORM_1WORD
war	O
krank	O
??	O

Es	O
sein	O
denn	O
,	O
ihr	O
macht	O
einen	O
Umweg	O
nach	O
Gelterkinden	O
!	O
%PosSmiley	O

"	O
Das	O
verlorene	O
Labyrinth	O
"	O
von	O
Kate	O
Mosse	O
:	O
P5WD8Z6F	O

n	NORM_1WORD
bisschen	O
kannste	NORM_2WORD
doch	O
trinken	O
dann	O

jtz	NORM_1WORD
aber	O

oh	O
warte	O
...	O

Schon	O
heftig	O
-	O
,	O
was	O
z.Zt.	O
"	O

Ich	O
lerne	O
grad	NORM_1WORD
richtig	O
die	O
Angst	O
kennen	O
...	O
%PosSmiley	O
"	O

ogäj	NORM_1WORD
.	O

ihr	NORM_1WORD
muesst	NORM_1WORD
mir	O
nicht	O
"	O
gute	O
nacht	NORM_1WORD
"	O
sagen	O
oder	O
so	O
..	O

Achso	NORM_2WORD
..	O
ein	O
Buch	O
..	O
und	O
ähm	O
..	O
wie	O
bediene	O
ich	O
diese	O
...	O

Naja	NORM_2WORD
,	O
in	O
22	O
Tagen	O
ist	O
ja	O
schon	O
Weihnachten	O
...	O

meld	NORM_1WORD
dich	O
morgen	O
mal	O
bei	O
mir	O
wenn	O
du	O
da	O
bist	O
,	O
aber	O
3	O
ist	O
schon	O
arg	O
frueh	NORM_1WORD
bei	O
dem	O
wetter	O

Nur	O
Dirk	O
is	NORM_1WORD
cool	O
,	O
braucht	O
der	O
nich	NORM_1WORD

guten	NORM_1WORD
morgen	NORM_1WORD
.	O
%PosSmiley	O

Jeden	O
tag	NORM_1WORD
ein	O
Türchen	O
mit	O
...	O

Ich	O
bin	O
heut	NORM_1WORD
mal	O
kurzzeitig	O
*	O
fck	NORM_1WORD
Fan	O
%NegSmiley	O

mein	NORM_1WORD
altes	O

"	O
Ruhig	O
Blut	O
,	O
mein	O
Kind	O
,	O
ich	O
werde	O
dich	O
rächen	O
-	O
so	O
wahr	O
ic	NORM_1WORD
...	O

is	NORM_1WORD
ja	O
voll	O
stressig	O
dann	O

-	O
Kumpel	O
:	O
"	O
Dafür	O
nehm	NORM_1WORD
ich	O
kein	O
geld	NORM_1WORD
dasn	NORM_3PLUS
grundrecht	NORM_1WORD
"	O

schlaf	NORM_1WORD
gut	O
&	O
träum	NORM_1WORD
süss	O
%PosSmiley	O

Netter	O
Er	O
40	O
Jahre	O
:	O
Dortmund	O
|	O
sucht	O
eine	O
nette	O
Sie	O
die	O
Lust	O
hat	O
mich	O
im	O
Hotel	O
zu	O
besuchen	O
.	O

wir	NORM_1WORD
brauchen	O
n	NORM_1WORD
bad	NORM_1WORD
boy	NORM_1WORD
der	O
uns	O
richtig	O
ran	NORM_1WORD
nimmt	NORM_1WORD
haha	O
:D	O

Das	O
Model	O
ist	O
nicht	O
weiter	O
-	O
The	O
Voice-Bilge	O
soll	O
in	O
zwei	O
Jahren	O
wiederkommen	O
!	O
:	O

Nachher	O
muss	O
ich	O
übrigens	O
noch	O
30	O
Seiten	O
über	O
präsidentielle	O
und	O
parlamentarische	O
Systeme	O
lesen	O
.	O

Was	O
tut	O
man	O
nicht	O
alls	NORM_1WORD
für	O
sein	O
Dorf	O
!!	O

jetzt	NORM_1WORD
hab	O
ich	O
vor'm	NORM_2WORD
PC	O
geklekkert	NORM_1WORD
...	O

Parteitag	O
der	O
Piraten	O
:	O
Schlingernd	O
nach	O
backbord	NORM_1WORD
:	O
Die	O
Piraten	O
entscheiden	O
sich	O
auf	O
ihrem	O
Parteitag	O
für	O
ein	O
bedin	NORM_1WORD
...	O

ich	NORM_1WORD
hab	NORM_1WORD
grad	NORM_1WORD
einen	O
schatz	O
gefunden	O
!	O

ne	NORM_1WORD
nur	O
will	O
ich	O
keine	O
STD's	O
haben	O
ehy	NORM_1WORD
und	O
kein	O
kind	NORM_1WORD
nur	O
weil	O
du	O
die	O
pille	NORM_1WORD
vergisst	O

Wiedersehen	O
Aldi	O
am	O
Boscheler	O
Berg	O
und	O
dann	O
verfolgungtour	NORM_1WORD
Richtung	O
Herzogenrath	O
in	O
Herzogenrath	O
:	O
Hallo	O
...	O
%Link	O

B	O
:	O
"	O
Cool	O
was	O
denn	O
?	O
"	O

einfach	NORM_1WORD
mal	O
ne	NORM_1WORD
blöde	O
Frage	O
,	O
sind	O
nun	O
die	O
Staaten	O
oder	O
die	O
Banken	O
relevanter	O
?	O

:	O
Schwarze	O
Spitze	O
sieht	O
doch	O
einfach	O
nur	O
sexy	O
aus	O
.	O

Aber	O
ich	O
fine	NORM_1WORD
Deutsch	O
sehr	O
fertig	O

Neben	O
der	O
Spur	O
:	O
Ironic	O
chrismas	NORM_1WORD
%Link	O

Gesperrt	O
wegen	O
der	O
Demo	O
in	O
der	O
Stadt	O
.	O

Deutschland	O
schickt	O
nicht	O
nur	O
Soldaten	O
nach	O
Afghanistan	O
:	O
Deutschland	O
hat	O
in	O
den	O
vergangenen	O
zehn	O
Jahren	O
nicht	O
nu	NORM_1WORD
...	O

VTV	O
Versicherungen	O
Treuhand	O
Villars	O
:	O
Informationen	O
uber	NORM_1WORD
die	O
angebotenen	O
Dienstleistungen	O
und	O
Produkte	O
rund	O
um	O
di	NORM_1WORD
...	O

SOUND	O
SYSTEMS	O
Musikanlagen	O
und	O
PA	O
Systeme	O
:	O
Ihr	O
professioneller	O
Partner	O
fur	NORM_1WORD
PA	O
Systeme	O
Musikanlagen	O
PA	O
Anlagen	O
...	O

daaankeschön	NORM_2WORD
dir	O
auch	O
%PosSmiley	O

ja	NORM_1WORD
%PosSmiley	O
,	O
hab	NORM_1WORD
ich	O
auch	O
irgendwann	O
eingesehen	O
,	O
dass	O
es	O
nicht	O
jedes	O
buch	NORM_1WORD
wert	O
ist	O
,	O
wenns	NORM_2WORD
ne	NORM_1WORD
quälerei	NORM_1WORD
is	NORM_1WORD

-	O
war	O
das	O
ein	O
anderer	O
,	O
unheimlicher	O
Typ	O
mit	O
eine	NORM_1WORD
Taschenlampe	O
...	O

Jaa	NORM_1WORD
%PosSmiley	O

A	O
:	O
"	O
Ach	O
ne	NORM_1WORD
doch	O
nicht	O
,	O
das	O
darf	O
ich	O
dir	O
nicht	O
sagen	O
.	O
"	O

sag	NORM_1WORD
nicht	O
ne	NORM_1WORD
,	O
99	O
,	O
99%	O
der	O
Leute	O
wo	O
ich	O
dann	O
sagte	O
"	O
du	O
bist	O
on	O
,	O
nachrichten	NORM_1WORD
kommen	O
an	O
"	O
antworteten	O
.	O

ja	NORM_1WORD
bitte	O
block	NORM_1WORD
se	NORM_1WORD
...	O

Jaaa	NORM_1WORD
da	O
ist	O
das	O
Niveau	O
unterm	O
Keller	O
aber	O
ich	O
find	NORM_1WORD
die	O
Live-Shows	O
sind	O
ok	O
%PosSmiley	O

Petry	O
Double	O
Teil	O
1	O
...	O

Mitmachen	O
und	O
gewinnen	O
!!	O

mit	O
schmerzenden	O
Füssen	O
einfach	O
tot	O
daliegen	O
,	O
the	O
dome	O
schauen	O
und	O
mich	O
freuen	O
,	O
dass	O
endlich	O
mal	O
ne	NORM_1WORD
sendung	O
mit	O
MUSIK	NORM_1WORD
läuft	O
.	O
%PosSmiley	O

gute	NORM_1WORD
nacht	NORM_1WORD

Aber	O
was	O
solls	NORM_2WORD
?	O
"	O

-	O
Massieu	O

ach	NORM_1WORD
du	O
meine	O
Güte	O
%PosSmiley	O
einkaufen	O
,	O
einkaufen	O
,	O
einkaufen	O
.	O

Ich	O
setz	NORM_1WORD
mich	O
jetzt	O
vor	O
's	NORM_1WORD
Klavier	O
,	O
bevor	O
ich	O
noch	O
viereckige	O
Augen	O
bekomme	O
.	O

Obwohl	O
ich	O
auch	O
Makoto	O
mag	O
%PosSmiley	O

naja	NORM_2WORD
einmal	O
abholen	O
is	NORM_1WORD
ja	O
nich	NORM_1WORD
schlimm	O
..	O

Verkehrswende	O
bedeutet	O
,	O
internalisierung	NORM_1WORD
externer	O
kosten	NORM_1WORD
fuer	NORM_1WORD
spezifische	O
verkehrsarten	NORM_1WORD
,	O
auto	NORM_1WORD
fahren	O
ist	O
zu	O
billig	O
,	O
klimawandel	NORM_1WORD

Das	O
O2-Netz	O
ist	O
sogar	O
annehmbar	O
schnell	O
und	O
stabil	O
im	O
Hotelzimmer	O
.	O

ehm	NORM_1WORD
ich	O
hab	NORM_1WORD
wegen	O
deinem	O
Tweet	O
mir	O
gerade	O
halb	O
dun	NORM_1WORD
noch	O
keksteich	NORM_1WORD
gemacht	O
um	O
den	O
zu	O
futtern	O
%PosSmiley	O

Ich	O
bin	O
Naturgeil	NORM_1WORD
veranlagt	O
bei	O
mir	O
gibts	NORM_2WORD
den	O
geilen	O
Sex	O
:	O
Neu	O
,	O
Nina	O
(	O
35	O
)	O
*	O
Zürich	O
*	O

verrückt	NORM_1WORD
.	O

Thermoanzüge	O
für	O
Damen	O
und	O
Herren	O
,	O
Rucksäcke	O
,	O
Schneeschuhe	O
.	O
"	O
Versandkostenfrei	O
!!!!!!	O
"	O

Guckst	O
du	O
grad	NORM_1WORD
?	O

%Link	O
goettingen	NORM_1WORD

wäääääääh	NORM_1WORD
ich	O
renn	NORM_1WORD
gleeich	NORM_1WORD
weeg	NORM_1WORD
...	O
%PosSmiley	O

@username	O
nicht	O
erlaubt	O
!	O

B	O
:	O
"	O
Sag	O
do	NORM_1WORD
...	O

Die	O
bringen	O
die	O
Bewegung	O
voran	O
!	O

Aber	O
eh	NORM_1WORD
erstmal	O
nen	NORM_1WORD
Kaffee	O
%PosSmiley	O
%Link	O

gehts	NORM_2WORD
dir	O
eig.	O
?	O
%PosSmiley	O

(	O
Das	O
Original	O
,	O
kein	O
Fak	NORM_1WORD
...	O

ka	O
hätt	NORM_1WORD
eher	O
lust	NORM_1WORD
auf	O
nen	NORM_1WORD
guten	O
film	NORM_1WORD
grad	NORM_1WORD

Sind	O
ja	O
nicht	O
schon	O
total	O
überteuert	O
ihr	O
Lappen	O
.	O

Man	O
müsste	O
Klimaerwärmung	O
und	O
soziale	O
Kälte	O
irgendwie	O
im	O
Sinne	O
des	O
Umweltschutzes	O
gegeneinander	O
aufrechenen	NORM_1WORD
können	O
.	O

und	NORM_1WORD
Punkt	O
Freitagmittag	O
brechen	O
fast	O
alle	O
Fingernägel	O
ab	O
.	O

wenn	NORM_1WORD
's	NORM_1WORD
keinen	O
Krach	O
machen	O
würde	O
,	O
würd	NORM_1WORD
ich	O
mir	O
jetzt	O
was	NORM_1WORD
kochen	O
.	O

Freu	NORM_1WORD
mich	O
schon	O
drauf	NORM_1WORD
%PosSmiley	O

British	O
Langhaar	O
BKH	O
Zucht	O
in	O
Gold	O
&	O
Silber	O
%PosSmiley	O
in	O
Hamburg	O
:	O
Wir	O
sind	O
eine	O
liebevolle	O
und	O
seriö	NORM_1WORD
...	O
%Link	O

solche	NORM_1WORD
videos	NORM_1WORD
kannst	O
du	O
ruhig	O
öfters	O
machen	O
wenn	O
du	O
zeit	NORM_1WORD
hast	O
.	O

hmmm	O
also	O
mal	O
wieder	O
nen	NORM_1WORD
klassisches	O
Nix	NORM_1WORD

Kleinanzeigen	O
Ford	O
Mondeo	O
1	O
,	O
8l	NORM_2WORD
154200	O
Km	O
Klima	O
TÜV	O
Au	O
10-2012	O
:	O
Ich	O
Biete	NORM_1WORD
An	NORM_1WORD
Ford	O
Mondeo	O
Bei	O
We	O
...	O
%Link	O
Einbeck	O

junge	NORM_1WORD
w	NORM_1WORD
sucht	O
reife	O
Sie	O
mit	O
schöner	O
oberweite	O
:	O
Berlin	O
|	O
ich	NORM_1WORD
Jung	NORM_1WORD
schlank	O
und	O
w	NORM_1WORD
Suche	NORM_1WORD
dich	O
.	O
bis	O
45	O
mit	O
grosser	O
obe	NORM_1WORD
...	O

Ihr	O
wolltet	O
mich	O
mit	O
vollen	O
Bier	NORM_1WORD
Bechern	NORM_1WORD
treffen	O
,	O
ihr	O
elenden	O
Badenser	O
.	O

ach	NORM_1WORD
claire	NORM_1WORD
,	O
es	O
waren	O
nur	O
10	O
tage	NORM_1WORD
,	O
aber	O
es	O
waren	O
die	O
schönsten	O
meines	O
lebens	NORM_1WORD
!	O

Lischen	NORM_1WORD
redet	O
auch	O
manchmal	O
seeeehr	NORM_1WORD
viel	O
...	O

wenns	NORM_2WORD
ne	NORM_1WORD
sitzordnung	NORM_1WORD
gibt	O
,	O
würd	NORM_1WORD
mir	O
das	O
nichts	O
nützen	O
.	O

ach	NORM_1WORD
.	O

wenn	NORM_1WORD
ich	O
nen	NORM_1WORD
wunsch	NORM_1WORD
frei	O
hätte	O
würde	O
ich	O
mir	O
frieden	NORM_1WORD
auf	O
der	O
welt	NORM_1WORD
wünschen	O
[	O
mmmm	O
...	O

wie	NORM_1WORD
sieht	O
dein	O
bild	NORM_1WORD
aus	O
?	O

Ich	O
ess	NORM_1WORD
dann	O
mal	O
was	NORM_1WORD
.	O
%PosSmiley	O

ich	NORM_1WORD
kenn	NORM_1WORD
euch	O
doch	O

du	NORM_1WORD
bist	O
grad	NORM_1WORD
2	O
mal	O
an	O
mir	O
vorbeigerannt	O
,	O
du	O
musst	O
dich	O
auf	O
rufen	NORM_1WORD
reagieren	O
%PosSmiley	O

(	O
er	O
wollte	O
kein	O
Bild	O
)	O

Das	O
ist	O
unpolitisch	O
genug	O
fürs	O
Wochenende	O
.	O

Könnten	O
"	O
Wir	O
Kinder	O
vom	O
Bahnhof	O
Zoo	O
"	O
nachspielen	O
.	O

Und	O
Berlin	O
!	O

Kanns	NORM_2WORD
...	O
%Link	O

&	O

Ohoh	NORM_1WORD
,	O
ich	O
höre	O
Schritte	O
!	O

Werd	NORM_1WORD
ihn	O
auch	O
nicht	O
ganz	O
entsorgen	O
,	O
brauch	NORM_1WORD
ihn	O
ja	O
für	O
Webentwicklung	O
.	O

Hab	O
ich	O
noch	O
nix	NORM_1WORD
von	O
gehört	O
...	O

Hast	O
Du	O
eine	O
besonder	NORM_1WORD
sexuelle	O
Phantasie	O
?	O

ich	NORM_1WORD
denke	O
immer	O
an	O
dich	O
%PosSmiley	O

Ich	O
:	O
"	O
Lass	O
dich	O
dafür	O
bezahlen	O
,	O
dass	O
die	O
Leute	O
mich	O
verprügeln	O
dürfen	O
...	O
"	O

Hmm	O
,	O
vlt	NORM_1WORD
morgen	O
mal	O
fragen	O
ob	O
mir	O
ne	NORM_1WORD
Freundin	O
die	O
Haare	O
dunkler	O
tönen	O
will	O
..	O

Jetzt	O
habe	O
ich	O
mich	O
vertwittert	O
-	O
zum	O
Fernseher	O
renn	NORM_1WORD

Und	O
ich	O
dacht	NORM_1WORD
mir	O
'	O
Scheisse	O
was	O
mach	O
ich	O
jetzt	O
??	O
'	O
.	O

achso	NORM_2WORD
und	O
mein	O
Bruder	O
möchte	O
nichts	O
im	O
E-Plus	O
Netz	O
.	O
%PosSmiley	O

na	NORM_1WORD
,	O
leida	NORM_1WORD
ned	NORM_1WORD
,	O
sie	O
melden	O
sich	O
irgendwann	O
bis	O
neujahr	NORM_1WORD
,	O
also	O
könnts	NORM_2WORD
noch	O
dauern	O
%NegSmiley	O

Ga	NORM_1WORD
weg	O
.	O

wettendass	NORM_2WORD
wcwette	NORM_2WORD

-	O
Kloten	O
besiegt	O
Bern	O
dank	O
Special-Teams	O
:	O
Die	O
Kloten	O
Flyers	O
haben	O
sich	O
zuhause	NORM_2WORD
gegen	O
den	O
SC	O
Bern	O
mit	O
...	O

awaaaaaaar	NORM_1WORD
dankee	NORM_1WORD
((	O
%PosSmiley	O
ich	O
deine	O
auch	O
(	O
%PosSmiley	O

die	NORM_1WORD
fenster	NORM_1WORD
sind	O
übrigens	O
dreckig	O
.	O

Ich	O
moechte	NORM_1WORD
mit	O
dir	O
alt	O
werden	O
...	O
('☣///ゝ///☣｀)	O

Warum	O
posten	O
sies	NORM_2WORD
dann	O
?	O

klasse	NORM_1WORD
lacht	O
trotzdem	O
.	O
)	O

Vertriebsmitarbeiter/in	O
:	O
Radolfzell	O
am	O
Bodensee	O
|	O
Tätigkeits-Schwerpunkt	NORM_1WORD
...	O

nun	NORM_1WORD
muss	O
ich	O
mir	O
diesen	O
SPORT	NORM_1WORD
auch	O
noch	O
mit	O
ansehen	O
.	O

verzeitung	NORM_1WORD
...	O

weiss	NORM_1WORD
jemand	O
ob	O
die	O
jungs	NORM_1WORD
heute	O
oder	O
morgen	O
nach	O
muenchen	NORM_1WORD
fliegen	O
?!?	O
%Link	O
%Link	O
%Link	O

wir	NORM_1WORD
koenn	NORM_1WORD
aber	O
auch	O
lichtnberg	NORM_1WORD
treffn	NORM_1WORD
und	O
zusamm	NORM_1WORD
fahrn	NORM_1WORD

hab	NORM_1WORD
iwie	NORM_1WORD
bock	NORM_1WORD
dazu	O
und	O
du	O
wolltest	O
doch	O
unbedingt	O
zu	O
primark	NORM_1WORD
%PosSmiley	O

sidn	NORM_1WORD
doch	O
sicher	O
ganz	O
schöön	NORM_1WORD
EROODISCH	NORM_1WORD
%PosSmiley	O

Lookslikelink	NORM_3PLUS
.	O

ja	NORM_1WORD
wieso	O
wohl	O
:'DD	O
nur	O
wegn	NORM_1WORD
dir	O
bin	O
auch	O
so	O
gwordn	NORM_1WORD

die	NORM_1WORD
tweets	NORM_1WORD
von	O
@username	O
sind	O
geschütz	NORM_1WORD
%NegSmiley	O

vor	NORM_1WORD
2	O
stunden	NORM_1WORD
oder	O
so	O
%PosSmiley	O

Karl	NORM_1WORD
zu	O
Guttenberg	O
könnte	O
brennende	O
Waisenkinder	O
aus	O
nem	NORM_1WORD
Atomkraftwerk	O
retten	O
und	O
mit	O
seinen	O
Tränen	O
löschen	O
,	O
er	O
blie	NORM_1WORD
...	O

Haben	O
eigentlich	O
Hells	O
Angels	O
aus	O
Holland	O
grade	NORM_1WORD
Paul	O
im	O
Hotel	O
mit	O
300	O
Gramm	O
Châteaubriand	O
(	O
!	O
)	O
gefüttert	O
?	O

Sieht	O
mir	O
sehr	O
nach	O
Aufmerksamkeitsdefizit	O
aus	O
...	O

Aber	O
tzd	NORM_1WORD
zuviele	NORM_2WORD
..	O
%NegSmiley	O

Jaa	NORM_1WORD
ist	O
es	O
...	O
echt	O
krass	O
...	O
bei	O
euch	O
?	O

Nackte	O
Schlampe	O
:	O
Schlampen	O
laufen	O
am	O
liebst	NORM_1WORD
nackt	O
zuhause	NORM_2WORD
.	O

Du	O
bist	O
echt	O
toll	O
%PosSmiley	O

Konsequenter	O
sein	O
.	O

nun	NORM_1WORD
much	O
nd	NORM_1WORD
u	NORM_1WORD
B	NORM_1WORD
?	O

Syslog-RFCs	O
gibts	NORM_2WORD
wie	O
Sand	O
am	O
Meer	O
,	O
die	O
sind	O
aber	O
so	O
schlecht	O
,	O
wie	O
das	O
Protokoll	O
selbst	O
.	O
%PosSmiley	O

stellst	NORM_1WORD
du	O
videos	NORM_1WORD
rein	NORM_1WORD

Schrecklich	O
.	O

Warnung	O
vor	O
Untergang	O
der	O
SC-Fussballer	O
bringt	O
Wende	O
:	O
(	O
Friedrichshafen	O
/	O
sz	O
)	O

Justin	O
?	O

Ahhh	O
%PosSmiley	O
i-wie	NORM_1WORD
glaub	NORM_1WORD
ich	O
das	O
nicht	O
aba	NORM_1WORD
i-wie	NORM_1WORD
doch	O
%NegSmiley	O

Der	O
eine	O
kommt	O
in	O
den	O
Knast	O
und	O
der	O
Andere	O
(	O
Guttenberg	O
)	O
läuft	O
noch	O
frei	O
rum	NORM_1WORD
.	O

Ich	O
hör	NORM_1WORD
jetzt	O
auf	O
zu	O
schreiben	O
,	O
Calu	O
weiss	O
alles	O
was	O
ich	O
grad	NORM_1WORD
schreibe	O
,	O
UND	NORM_1WORD
SIE	NORM_1WORD
WEISS	NORM_1WORD
NICHT	NORM_1WORD
MAL	NORM_1WORD
UM	NORM_1WORD
WAS	NORM_1WORD
ES	NORM_1WORD
GEHT	NORM_1WORD

hab	NORM_1WORD
aber	O
heuer	O
voll	O
viel	O
hilfe	NORM_1WORD
was	O
die	O
sache	O
ungemein	O
erleichtert	O
!	O

okee	NORM_1WORD
sies	NORM_2WORD
.	O

Piraten	O
müssen	O
den	O
Saal	O
verlassen	O
-	O
weils	NORM_2WORD
auf	O
den	O
Kameras	O
der	O
Medien	O
nicht	O
gut	O
aussieht	O
nichtganzernstgemeint	NORM_3PLUS
bpt112	O

"	O
Das	O
Meer	O
ist	O
keine	O
Landschaft	O
.	O

Gelingt	O
Kehrtwende	O
in	O
Bayreuth	O
nach	O
Stunde	O
X	O
?	O
%Link	O

und	NORM_1WORD
email	NORM_1WORD
is	NORM_1WORD
schon	O
bei	O
dir	O
%PosSmiley	O

Joo	O
scheint	O
soo	NORM_1WORD
%PosSmiley	O

Fussball	O
Europameisterschaft	O
Packen	O
wir	O
das	O
?	O

ich	NORM_1WORD
guck	NORM_1WORD
gerade	O
n	NORM_1WORD
vid	NORM_1WORD

BVB	O
,	O
BMG	O
,	O
FCB	O
und	O
SVW	O
Fans	O
in	O
der	O
Timeline	O
,	O
das	O
werden	O
heut	NORM_1WORD
nette	O
Diskussionen	O
%PosSmiley	O

ich	NORM_1WORD
geb	NORM_1WORD
dem	O
jetzt	O
nochmal	O
ne	NORM_1WORD
Chance	O
..	O

Ich	O
schreibe	O
sehr	O
gern	O
für	O
Kinder	O
,	O
aber	O
auch	O
für	O
Jugendliche	O
und	O
Erwachsene	O
.	O

sooooo	NORM_1WORD
gesell-	O
schaft-	O
/	O
-mein	O
-schaftlich	O
"	O
über-all	NORM_1WORD
auf	O
unserem	O
Planeten	O
"	O
ab-geht	NORM_1WORD
"	O
..	O
%PosSmiley	O

darf	NORM_1WORD
ich	O
net	NORM_1WORD
sagen	O
!	O

Auto-News-Stream	O
:	O
Lopez	O
:	O
Mit	O
Räikkönen	O
an	O
die	O
Spitze	O
:	O

Berlin	O
Zoo	O
,	O
nur	O
Hirnies	O
um	O
mich	O
rum	NORM_1WORD
.	O

jepp	NORM_1WORD
,	O
aber	O
nen	NORM_1WORD
blaues	O
Auge	O
ist	O
jetzt	O
nicht	O
sooo	NORM_1WORD
spannend	O
%PosSmiley	O

Naja	NORM_2WORD
mitten	O
inner	NORM_2WORD
übung	NORM_1WORD
vergess	NORM_1WORD
ich	O
erstmal	O
alles	O
,	O
komm	O
mit	O
der	O
musik	NORM_1WORD
nicht	O
und	O
MORGEN	NORM_1WORD
sind	O
landesmeisterschsften	NORM_1WORD

wer	NORM_1WORD
weiss	O
..	O

Muss	O
erstmal	O
ne	NORM_1WORD
Schnur	O
finden	O
die	O
mein	O
Handy	O
und	O
mein	O
Notebook	O
verbindet	O
?	O

Durch	O
langjhrigen	NORM_1WORD
Erfahrungen	O
knnen	NORM_1WORD
wir	O
Casinos	O
empfehlen	O
,	O
die	O
Deutsches	NORM_1WORD
Online	O
Casino	O
gerecht	O
werden	O
.	O

Auf	O
dem	O
weg	O
nach	O
friedrichshafen	O
fuer	NORM_1WORD
wetten	O
dass	O
.	O

%PosSmiley	O
why	NORM_1WORD
not	O
?	O

Die	O
bekomm	NORM_1WORD
ich	O
morgen	O
abend	NORM_1WORD
frittiert	O
im	O
Backteig	O
%PosSmiley	O

Wenn	O
du	O
mir	O
nen	NORM_1WORD
Download-Link	O
geben	O
würdest	O
,	O
wäre	O
ich	O
seehr	NORM_1WORD
glü	NORM_1WORD
(	O
@YouTube	O

Warum	O
mein	O
@username	O
single	O
ist	O
,	O
weiss	O
auch	O
kein	O
Mensch	O
.	O

habe	NORM_1WORD
den	O
laptop	NORM_1WORD
seit	O
März	O
&	O
das	O
ist	O
da	NORM_1WORD
erste	O
Mal	O
das	NORM_1WORD
ich	O
ihn	O
so	O
richtig	O
benutze	O
.	O

Wie	O
unfair	O
mein	O
Handy	O
ist	O
.	O

Achso	NORM_2WORD
...	O

spielte	O

Hab	NORM_1WORD
mit	NORM_1WORD
'n	NORM_1WORD
Fingernagel	O
abgebrochen	O
.	O

aber	NORM_1WORD
ein	O
figürchen	NORM_1WORD
wär	NORM_1WORD
doch	O
auch	O
toll	O
%PosSmiley	O

pc	NORM_1WORD
ist	O
gestorben	O

Es	O
gibt	O
kein	O
"	O
Free	O
lunch	O
"	O
,	O
auch	O
wenn	O
man	O
es	O
von	O
jemandem	O
andere	O
Weg	NORM_1WORD
geschnappt	NORM_1WORD
hat	O
,	O
kommt	O
die	O
Zeit	O
wo	O
man	O
selber	O
drum	NORM_1WORD
kümmert	O
und	O
es	O
verdient	O

Aus	O
gründen	NORM_1WORD
.	O

Ick	NORM_1WORD
:	O
"	O
Easy	O
Dikka	NORM_1WORD
,	O
lass	O
ab	O
.	O
"	O

Ach	O
,	O
das	O
ist	O
vielleicht	O
ein	O
Problem	O
,	O
aber	O
kein	O
Hindernis	O
%PosSmiley	O

Find	NORM_1WORD
ich	O
nich	NORM_1WORD
schlimm	O
,	O
nur	O
seltsam	O
...	O

achso	NORM_2WORD
,	O
gut	O
.	O
dann	O
weiss	O
ich	O
auch	O
jetzt	O
wer	O
du	O
bist	O
!	O
%PosSmiley	O

Anzeigen	O

Schlechte	O
Hausisolierungen	O
spielen	O
unter	O
anderem	O
eine	O
Rolle	O
.	O

Dankbarkeit	O
ist	O
das	O
Gedaechtnis	NORM_1WORD
des	O
Herzens	O
.	O

Toll	O
,	O
T3	O
und	O
der	O
mit	O
der	O
Schlange	O
sind	O
die	O
längsten	O
%PosSmiley	O

Bercht	NORM_1WORD
Uber	NORM_1WORD
Die	O
Ausgrabungen	O
in	O
Olympia	O
:	O
1981	O
Bis	O
1999	O
(	O
German	O
Edition	O
)	O
:	O

Semoga	O
SPANYOL	O
,	O
JERMAN	O
,	O
PORTUGAL	O
,	O
PRANCIS	O
satu	O
grup	O
..	O

Ich	O
hab	NORM_1WORD
gradlust	NORM_2WORD
nochmal	O
ne	NORM_1WORD
Runde	O
zu	O
schlafen	O
.	O

ich	O
auch	O
net	NORM_1WORD
--	O
:'(	O

ich	NORM_1WORD
schreib	NORM_1WORD
dir	O
glei	NORM_1WORD
ne	NORM_1WORD
SMS	O
okay	O
?	O

Das	O
wars	NORM_2WORD
mit	O
Wetten	O
Dass	O
und	O
Thomas	O
Gottschalk	O
.	O

CSU	O
über	O
Guttenberg	O
"	O
Nicht	O
nötig	O
,	O
uns	O
eine	O
mitzugeben	O
"	O

%Link	O

So	O
jetzt	O
siehste	NORM_2WORD
ihn	O
auch	O
so	O
%PosSmiley	O
%Link	O

Zuletzt	O
war	O
die	O
Piratenpartei	O
vor	O
allem	O
mit	O
sich	O
selbst	O
beschä	NORM_1WORD
...	O

Ökologische	O
Produktgestaltung	O
:	O
Stoffstromanalysen	O
und	O
Ökobilanzen	O
als	O
Instrumente	O
der	O
Beurteilung	O
(	O
German	O
Editio	NORM_1WORD
...	O

Mhhhh	O
das	O
hört	O
sich	O
ja	O
lecker	O
an	O
,	O
wo	O
gibts	NORM_2WORD
den	O
denn	O
?	O

Es	O
ist	O
das	O
Erlebnis	O
der	O
Ewigkeit	O
...	O

Elektrogeraet	O
com	O
:	O
Ein	O
Elektrogeraet	NORM_1WORD
ist	O
ein	O
meist	O
in	O
Privathaushalten	O
verwendetes	O
Gerat	NORM_1WORD

Ich	O
ve	NORM_1WORD
...	O

war	NORM_1WORD
cake	NORM_1WORD
friends	NORM_1WORD
voll	O
%PosSmiley	O

dieses	NORM_1WORD
wütende	O
traurige	O
tippen	NORM_1WORD
hilft	O
nur	O
gerade	O

gehe	NORM_1WORD
jetzt	O
schlafen	O
..	O

frühstück	NORM_1WORD

Existenz	O
an	O
Bedingungen	O
zu	O
knüpfen	O
,	O
darf	O
heute	O
nicht	O
mehr	O
sein	O
!	O

Und	O
Jensi	O
kenn	NORM_1WORD
ich	O
ja	O
eh	NORM_1WORD
.	O

Unruhen	O
bei	O
Wahlen	O
:	O
Mindestens	O
18	O
Tote	O
im	O
Kongo	O
:	O
Schon	O
am	O
Abstimmungstag	O
war	O
von	O
Betrug	O
die	O
Rede	O
.	O

aber	O
weisste	NORM_2WORD
dann	O
würde	O
sie	O
auch	O
sofort	O
checken	O
,	O
dass	O
ich	O
ihn	O
mag	O
un	NORM_1WORD
so	O
...	O

Hier	O
Gutscheincode	O
fuer	NORM_1WORD
kostenloses	O
Hoerbuch	NORM_1WORD
einloesen	NORM_1WORD
!	O

Wie	O
heisst	O
dein	O
privater	O
Kanal	O
?	O
%PosSmiley	O

ohne	NORM_1WORD
aaron	NORM_1WORD
ist	O
das	O
nix	NORM_1WORD
.	O

bisexuel	NORM_1WORD
|	O
Ich	O
brauche	O
es	O
jetzt	O
!	O

falls	NORM_1WORD
euch	O
bekannt	O
wird	O
ob	O
und	O
wann	O
Phönix	O
oder	O
wer	O
auch	O
immer	O
streamt	O
,	O
gebt	O
das	O
dochmal	NORM_2WORD
durch	O
,	O
thx	NORM_1WORD
&	O
viel	O
Erfolg	O
!	O
bpt112	O

Die	O
Guttenberg-Geschichte	O
hat	O
die	O
schmierigen	O
Zeit-Abo	NORM_1WORD
Telefonverkäufer	O
richtig	O
aggressiv	O
werden	O
lassen	O
.	O

Preishammer	O
bei	O
Wintermode	O
und	O
Ski-	NORM_1WORD
Bekleidung	NORM_1WORD
.	O

Ich	O
dachte	O
das	O
ist	O
ein	O
kleines	O
,	O
aber	O
nein	O
,	O
es	O
ist	O
riiiiiiiiieeeeeeesiiiiiiig	NORM_1WORD
!!!	O
_	O

Spass	O
beiseite	O
...	O

Wenn	O
ich	O
der	O
Gottschalk	O
wär	NORM_1WORD
,	O
würde	O
ich	O
morgen	O
überziehen	O
,	O
bis	O
sie	O
mich	O
mit	O
nem	NORM_1WORD
Rinderschocker	O
von	O
der	O
Bühne	O
treiben	O
.	O

ARCD	O
gegen	O
Vandalismus	O
in	O
Autowerbung	O
-	O
Gute	O
Bewertung	O
selbst	O
fuer	NORM_1WORD
grosse	O
Spritschlucker	O
..	O
%Link	O
Pressemitteilung	O

Bin	O
gerade	O
aufm	NORM_2WORD
Klo	O
und	O
lese	O
Shampoo-Flaschen	O
.	O

ich	NORM_1WORD
bin	O
auf	O
nem	NORM_1WORD
Argentinischen	O
Ts	O
und	O
zeige	O
denen	O
Lalas	O
..	O

aber	NORM_1WORD
bis	O
ca.	O
um	O
6	O
beim	O
sport	NORM_1WORD
wa	NORM_1WORD

Ich	O
mache	O
ein	O
kleines	O
päckchen	NORM_1WORD
und	O
packe	O
für	O
den	O
lieben	O
MasterJam	O
was	O
gaaaanz	NORM_1WORD
besonderes	NORM_1WORD
mit	O
rein	NORM_1WORD
%PosSmiley	O

Danni	O
hat	O
nen	NORM_1WORD
schwachen	O
Rücken	O
,	O
ich	O
hoffe	O
sie	O
geht	O
nicht	O
bald	O
an	O
Krücken	O
.	O
%PosSmiley	O

zum	NORM_1WORD
glück	NORM_1WORD
twittert	O
mein	O
Browser	O
nicht	O
automatisch	O
welche	O
seiten	O
ich	O
besuche	O
...	O

Grundeinkommen	O
ist	O
schlicht	O
ein	O
Grundrecht	O
.	O

Ich	O
kenn	NORM_1WORD
Jessica	O
Biel	O
nur	O
von	O
"	O
Eine	O
himmlische	O
Familie	O
"	O
...	O

Naja	NORM_2WORD
vllt	NORM_1WORD
kommen	O
wir	O
beide	O
weiter	O
.	O

Neues	O
Album	O
"	O
Lioness	O
:	O
Hidden	O
Treasures	O
"	O
:	O
Amys	O
Erbe	O
-	O
solider	O
Soul	O
,	O
aber	O
nicht	O
überragend	O
:	O
Versteckte	O
Schätze	O
sol	NORM_1WORD
...	O

fuck	NORM_1WORD
,	O
kandidat	NORM_1WORD
1	O
hats	NORM_2WORD
bemerkt	O
..	O

Der	O
Mann	O
eskaliert	O
-	O
im	O
positiven	O
Sinne	O
%PosSmiley	O
(	O
bb	O
)	O
"	O

Ich	O
freu	NORM_1WORD
mich	O
auf	O
meinen	O
Opium	O
Dope	NORM_1WORD
.	O

Also	O
in	O
meine	O
Stiefel	O
und	O
Schuhe	O
kommt	O
mir	O
nix	NORM_1WORD
!	O

I	NORM_1WORD
weiss	O
echt	O
ned	NORM_1WORD
was	O
die	O
mir	O
schenken	O
zu	O
Weihnachten	O
.!	O

deko	NORM_1WORD
schmetterlinge	NORM_1WORD
bunt	O
:	O
Wien	O
|	O
jeder	O
schmetterling	O
hat	O
hinten	O
einen	O
draht	O
womit	O
man	O
ihn	O
an	O
regalen	NORM_1WORD
etc	O
befesti	NORM_1WORD
...	O

O.o	O
schoen	NORM_1WORD
muc	O

wer	O
weist	O
den	O
mensch	NORM_1WORD
in	O
seine	O
schranken	NORM_1WORD
?!	O

Bon	O
Matin	O
Plakat	O
/	O
Kunstdruck	O
"	O
Oktopus	O
No.	O
1	O
"	O
:	O

Von	O
ATL	O
aus	O
.	O
%PosSmiley	O

ab	NORM_1WORD
16	O
Uhr	O
Nikoaus	NORM_1WORD
im	O
Haus	O
!	O

nee	NORM_1WORD
bin	O
zuhause	NORM_2WORD
,	O
jetzt	O
hat	O
es	O
geklingelt	O
!!	O

awww	NORM_1WORD
wie	O
süss	O
%PosSmiley	O

Ich	O
sitz	NORM_1WORD
hier	O
mit	O
'	NORM_1WORD
Freundin	O
und	O
schau	NORM_1WORD
mir	O
funny	O
GD	O
vids	NORM_1WORD
an	O
%PosSmiley	O

Die	O
bereits	O
diese	O
Woche	O
angekündigten	O
Sparmassnahmen	O
bei	O
der	O
Austrian	O
Airlines	O
haben	O
auch	O
bittere	O
Kons	NORM_1WORD
...	O
%Link	O
w24	O
wien	O

ich	NORM_1WORD
jetzt	O
auch	O
:	O
twoff	O
%PosSmiley	O
s21	O

aber	NORM_1WORD
ich	O
bin	O
immer	O
die	O
jüngste	O
%PosSmiley	O
♥	O

aber	NORM_1WORD
Du	O
nicht	O
zu	O
OpenNRW	O
,	O
oder	O
?	O

Was	O
ich	O
jetzt	O
brauche	O
:	O
ganz	O
viel	O
Katzenkuscheln	O
,	O
Schokolade	O
,	O
Bett	O
,	O
Wärme	O
,	O
Kakao	O
,	O
Musik	O
,	O
Zeit	O
,	O
Ruhe	O
.	O

Aaaa	O
.	O

Mano	NORM_1WORD
seen	O
and	O
eaten	O
dallas	NORM_1WORD
hotdog	O
Und	NORM_1WORD
oh	O
mann	NORM_1WORD
der	O
typ	NORM_1WORD
vor	O
mir	O
stinkt	O
so	O
übels	NORM_1WORD
das	NORM_1WORD
der	O
dallas	NORM_1WORD
hotog	NORM_1WORD
gleich	O
wieder	O
raus	NORM_1WORD
komt	NORM_1WORD
&gt;,&lt;	O

JA	NORM_1WORD
,	O
genau	O
DORT	NORM_1WORD
!	O
%PosSmiley	O

Ne	NORM_1WORD
.	O

Brüderle	NORM_1WORD
:	O
von	O
der	O
rot	NORM_1WORD
grünen	NORM_1WORD
Derierung	NORM_1WORD
,	O
%PosSmiley	O
schon	O
wieder	O
besoffen	O
?	O

Headset	O
und	O
Programme	O
sind	O
soweit	O
,	O
eine	O
Kamera	O
suche	O
ich	O
leider	O
immer	O
...	O

dachte	NORM_1WORD
Dir	O
wär	NORM_1WORD
nach	O
ner	NORM_1WORD
alten	O
Beziehung	O
zu	O
Mute	O
.	O

ich	NORM_1WORD
hab	NORM_1WORD
heut	NORM_1WORD
gebacken	O
,	O
aber	O
ob	O
ich	O
die	O
heut	NORM_1WORD
Abend	O
noch	O
essen	O
sollte	O
..	O
%PosSmiley	O

À	O
la	O
bonne	O
heure	O
,	O
Jupp	O
!	O

Fussballfunk	O
Borussia	O
testet	O
Club	O
und	O
Darmstadt	O
%Link	O
Bundesligist	O
Borussia	O
Mönchengladbach	O
hat	O
im	O
Rahmen	O
seines	O
Wintertr	NORM_1WORD
...	O

Meine	O
jetzige	O
schule	NORM_1WORD
soll	O
mich	O
weiterbilden	O
??	O

ums	NORM_2WORD
mal	O
klarzustellen	O
,	O
ich	O
hab	NORM_1WORD
nichts	O
gegen	O
talea	NORM_1WORD
,	O
sie	O
hat	O
wie	O
jeder	O
mensch	NORM_1WORD
ihre	O
fehler	NORM_1WORD

n8	NORM_1WORD
...	O

Vorgeschichte	O
und	O
Stoff	O
auch	O
.	O

Sie	O
zwingt	O
mich	O
dazu	O
!	O
-	O

ich	NORM_1WORD
zum	O
Sohn	O
:	O
willste	NORM_2WORD
n	NORM_1WORD
Kakao	O
mit	O
Sahne	O
?	O

Probier	NORM_1WORD
's	NORM_1WORD
aus	O
!	O

Ich	O
raffs	NORM_2WORD
wieder	O
nicht	O
.	O

Ich	O
les	NORM_1WORD
ein	O
Buch	O
und	O
lache	O
,	O
bis	O
es	O
aus	O
der	O
Hand	O
fällt	O
und	O
unter	O
den	O
Sitz	O
von	O
der	O
vorderen	O
Person	O
fällt	O
..	O

Ja	O
ne	NORM_1WORD
,	O
klar	O
ersichtlich	O
.	O

Vielleicht	O
drehen	O
wir	O
ja	O
mal	O
ne	NORM_1WORD
Gassirunde	O
.	O

Und	O
dann	O
wiede	NORM_1WORD
...	O

bin	O
namlich	NORM_1WORD
mit	O
mein	NORM_1WORD
handy	NORM_1WORD
on	O

Endlose	O
Schlangen	O
junger	O
Männer	O
.	O

das	NORM_1WORD
les	NORM_1WORD
ich	O
grad	NORM_1WORD
zum	O
.	O
3.	O
ma	NORM_1WORD
in	O
meiner	O
tl	NORM_1WORD
und	O
wer	O
hat	O
das	O
jetzt	O
geklaut	O
?	O

irgendne	NORM_1WORD
hannah	O
montana	NORM_1WORD
neuaufnahme	NORM_1WORD
%PosSmiley	O

Hallo	O
,	O
nun	O
gehts	NORM_2WORD
endlich	O
auf	O
Youtube	O
los	O
.	O

auch	NORM_1WORD
wenns	NORM_2WORD
nicht	O
unbedingt	O
zur	O
aufgabe	NORM_1WORD
passt	O
...	O

mhhhh	O
:	O
%NegSmiley	O

sagt	NORM_1WORD
mir	O
bitte	O
ne	NORM_1WORD
ich	O
hab	NORM_1WORD
jedward	NORM_1WORD
gerade	O
verpasst	O
.	O

freu	NORM_1WORD
mich	O
schon	O
aufs	O
spiel	NORM_1WORD
.	O

met	O
nicht	O
jennifer	O

Mängisch	NORM_1WORD
lueg	NORM_1WORD
ich	O
ebe	NORM_1WORD
au	NORM_1WORD
so	O
ine	NORM_1WORD
egge	NORM_1WORD
ufe	NORM_1WORD
und	O
stelle	O
mer	NORM_1WORD
sachene	NORM_1WORD
vor	O

Irwie	NORM_1WORD
schlecht	O
drauf	NORM_1WORD
,	O
enttäuscht	O
und	O
mein	O
schöner	O
Plan	O
ist	O
über	O
den	O
Haufen	O
geworfen	O
worden	O
~.~	O

Aber	O
echt	O
%PosSmiley	O

Und	O
ver	NORM_1WORD
schnart	NORM_1WORD
mehr	O
vie	NORM_1WORD
du	O
..	O

Geniesse	O
den	O
Tag	O
sag	O
den	O
Sorgen	O
:	O
...	O
%PosSmiley	O

Man	O
kommt	O
nach	O
Hause	O
und	O
RTL	O
ist	O
immer	O
noch	O
ne	NORM_1WORD
Hure	O
.	O

Ich	O
hab	NORM_1WORD
übrigens	O
geträumt	O
nen	NORM_1WORD
Kippenautomaten	O
zu	O
knacken	O
.	O

und	NORM_1WORD
ja	O
mir	O
gehts	NORM_2WORD
gerade	O
voll	O
scheisse	O
...	O

JA	NORM_1WORD
-	O
Wir	O
haben	O
wieder	O
geöffnet	O
.	O
%PosSmiley	O
look	O
:	O
...	O

sorry	NORM_1WORD
%PosSmiley	O

ich	NORM_1WORD
werd	NORM_1WORD
mein	NORM_1WORD
dad	NORM_1WORD
nich	NORM_1WORD
fragen	O
weil	O
er	O
eh	NORM_1WORD
nein	O
sagt	O
%PosSmiley	O
'	O

Haha	O
,	O
es	O
ist	O
so	O
ein	O
FAIL	NORM_1WORD
,	O
wenn	O
Leute	O
denken	O
,	O
sie	O
seien	O
die	O
besten	O
Fotografen	O
,	O
'	NORM_1WORD
"	O
Label	O
"	O
bei	O
fb	NORM_1WORD
gründen	O
und	O
dann	O
mittelmässige	O
Fotos	O
posten	O

endlich	O
*-*	O
'	O

Nicht	O
fuer	NORM_1WORD
andere	O
.	O

übrigens	O
muss	O
ich	O
dir	O
was	NORM_1WORD
erzählen	O
aber	O
net	NORM_1WORD
in	O
twitter	NORM_1WORD
...	O

Bio	O
find	NORM_1WORD
ich	O
Kuh-l	O
!	O

2/2	O
nicht	O
angucken	O
,	O
weil	O
ich	O
grad	NORM_1WORD
in	O
der	O
uni	NORM_1WORD
sitze	O
...	O

Diesesmal	NORM_2WORD
Turnschuhe	O
und	O
Badetücher	O
.	O

ach	NORM_1WORD
,	O
diese	O
erinnerungen	NORM_1WORD
...	O

Jeans	O
Raffhose	O
DORTJE	O
Gr.	O
98	O
:	O
Tolle	O
Raffhose	O
nach	O
einem	O
Schnitt	O
von	O
Farbenmix	O
aus	O
weichem	O
Jeansstoff	O
mit	O
sehr	O
vi	NORM_1WORD
...	O

Mit	O
Seele	O
.	O

Ich	O
geh	NORM_1WORD
die	O
Treppe	O
rauf	NORM_1WORD
und	O
geh	NORM_1WORD
die	O
Treppe	O
und	O
geh	NORM_1WORD
die	O
Treppe	O
rauf	NORM_1WORD
und	O
geh	NORM_1WORD
die	O
Treppe	O
runter	NORM_1WORD
und	O
dann	O
geh	NORM_1WORD
ich	O
die	O
Seitentreppe	O
rauf	NORM_1WORD
...	O

ich	NORM_1WORD
hoffe	O
das	O
ist	O
nicht	O
schon	O
wieder	O
so	O
ein	O
leeres	O
Versprechen	O
!	O

DAX	O
schliesst	O
mit	O
leichten	O
Gewinnen	O
:	O
Der	O
DAX	O
hat	O
den	O
elektronischen	O
Handel	O
in	O
Frankfurt	O
am	O
Main	O
am	O
Freitag	O
mit	O
le	NORM_1WORD
...	O

Bings	O
|	O
Hallo	O
da	O
ich	O
sehr	O
hohe	O
Alimente	O
an	O
meine	O
Frau	O
und	O
Kinder	O
Zahle	NORM_1WORD
brauche	O
ic	NORM_1WORD
...	O

"	O
Och	O
,	O
erstmal	O
arbeiten	O
,	O
dann	O
einkaufen	O
,	O
bisschen	O
Brandstiftung	O
.	O

Also	O
wenn	O
du	O
noch	O
Hilfe	O
brauchst	O
,	O
schau	NORM_1WORD
ich	O
auch	O
gerne	NORM_1WORD
mal	O
drüber	NORM_1WORD
%PosSmiley	O

neiin	NORM_1WORD
die	O
sind	O
sooo	NORM_1WORD
süś	NORM_1WORD

DTN	O
Germany	O
:	O
Reaktionen	O
zur	O
EM-Auslosung	O
:	O
"	O
Das	O
ist	O
eine	O
Dynamit-Gruppe	O
:	O
:	O
Deutschland	O
,	O
Niederlande	O
,	O
Portugal	O
,	O
Dän	NORM_1WORD
...	O

ich	NORM_1WORD
wollt	NORM_1WORD
dir	O
gerade	O
meinen	O
Schicken	O
,	O
aber	O
neee	NORM_1WORD
%NegSmiley	O

mmh	O
..	O
er	O
hat	O
hier	O
noch	O
ne	NORM_1WORD
flasche	NORM_1WORD
jack	NORM_1WORD
daniels	NORM_1WORD
stehen	O
.	O

"	O
Ja	O
,	O
man	NORM_1WORD
ich	O
weiss	O
"	O
nervensäge	NORM_1WORD

jaaa	NORM_1WORD
können	O
wir	O
machen	O
und	O
wo	O
da	O
?	O
%PosSmiley	O

das	NORM_1WORD
übliche	NORM_1WORD
.	O

ok	NORM_1WORD
also	O
ubahn	NORM_1WORD
frankfurter	NORM_1WORD
allee	NORM_1WORD

'	O
Glaubst	O
du	O
an	O
das	O
Böse	O
Eddy	O
?	O
'	O
-	O
'	O
Natürlich	O
glaub	NORM_1WORD
ich	O
an	O
das	O
böse	NORM_1WORD
,	O
ich	O
arbeite	O
im	O
Immobilien	NORM_1WORD
!	O
'	O

Kurz	O
nach	NORM_1WORD
dem	NORM_1WORD
Heroine	O
ihr	O
Frühstück	O
gemampft	O
hat	O
,	O
ist	O
sie	O
iengeschlafen	NORM_1WORD
und	O
es	O
ist	O
schon	O
Sonnenuntergang	O
!	O

Sympathisch	O
und	O
smart	O
so	O
präsentiert	O
sich	O
der	O
@username	O
hier	O
auf	O
twitter	O
!	O

nix	NORM_1WORD
gibts	NORM_2WORD
.	O

Ich	O
muss	O
grad	NORM_1WORD
lachen	O
*grins*	O
@username's	O
Nachbarn	O
bellen	O
beim	O
Sex	O
%PosSmiley	O

Man	O
sollte	O
,	O
so	O
wie	O
früher	O
,	O
seine	O
Startseite	O
selber	O
gestalten	O
können	O
!	O

Hoooot	NORM_1WORD
?	O
liiike	NORM_1WORD
♥	O
Not	O
:	O
Kommi	NORM_1WORD
%PosSmiley	O

Und	O
hab	NORM_1WORD
dabei	O
bestimmt	O
mehr	O
spass	NORM_1WORD
als	O
und	O
@blastactionhero	O
bei	O
Le	O
Fly	O
!	O

Das	O
ist	O
gut	O
%PosSmiley	O

bitte	NORM_1WORD
bitte	O
!	O

sehe	O
nur	O
unsere	O
kawaii-pics	NORM_1WORD
...	O

vorhin	NORM_1WORD
hast	O
du	O
tv	NORM_1WORD
geschrieben	O
.	O
%NegSmiley	O

teigen	O
hakke	O
høl	O
i	O
hatten	O
daaa	NORM_1WORD

schwer	NORM_1WORD
zu	O
sagen	O
,	O
ich	O
würde	O
sagen	O
nix	NORM_1WORD
,	O
bis	O
überhaupt	O
nix	NORM_1WORD
.	O

Was	O
??????????	O

Ich	O
muss	O
heute	O
zu	O
dm	NORM_1WORD
.	O

ich	NORM_1WORD
kann	O
nich	NORM_1WORD
mehr	O
schreibn	NORM_1WORD
heut	NORM_1WORD
o.o	O

oder	NORM_1WORD
die	O
,	O
die	O
dann	O
fan	NORM_1WORD
von	O
der	O
mannschaft	NORM_1WORD
sind	O
,	O
die	O
grade	NORM_1WORD
meister	NORM_1WORD
ist	O
.	O

Lässt	O
sich	O
nicht	O
pauscha	NORM_1WORD
%Link	O

weiss	NORM_1WORD
jemand	O
wo	O
man	O
günstig	O
alte	O
und	O
neue	O
platten	NORM_1WORD
erwerben	O
kann	O
!?	O

Ich	O
bin	O
jetzt	O
auf	O
ner	NORM_1WORD
düsteren	O
HeavyMetal	O
Party	O
in	O
Utherverse	O
%Link	O

wettendass	NORM_2WORD

oh	NORM_1WORD
wahnsinn	NORM_1WORD
,	O
sogar	O
mit	O
nem	NORM_1WORD
Eisbecher	O
als	O
Nachtisch	O
!!	O

wettendass	NORM_2WORD

allan	NORM_1WORD
das	O
bild	NORM_1WORD
mitn	NORM_2WORD
typ	NORM_1WORD
der	O
sein	O
text	O
textmarkt	O
^^	O

Find	NORM_1WORD
ich	O
gewöhnungsbedürftig	O
und	O
zuerst	O
etwas	O
unübersichtlich	O
o0	O

deshalp	NORM_1WORD
wollte	O
die	O
tante	NORM_1WORD
forhin	NORM_1WORD
auch	O
nur	O
BGE	O
für	O
kluke	NORM_1WORD

Spiel	O
Leine	O
mit	O
Ball	O
,	O
2	O
m	O
Ø	O
6cm	O
:	O
Mit	O
dieser	O
herrlichen	O
Spielidee	O
können	O
wir	O
Hunde	O
uns	O
so	O
richtig	O
austoben	O
und	O
un	NORM_1WORD
...	O

Auch	O
bei	O
diesem	O
fiesen	O
Wetter	O
gehts	NORM_2WORD
raus	NORM_1WORD
an	O
die	O
frische	O
Luft	O
joggen	O

dann	NORM_1WORD
hab	NORM_1WORD
ichs	NORM_2WORD
mit	O
dem	O
...	O
verwechselt	O
*kopfkratz*	O

ja	NORM_1WORD
ist	O
geraten	O
worden	O
%PosSmiley	O

Hat	O
sich	O
das	O
gelohnt	O
?	O

Ich	O
find	NORM_1WORD
uns	O
episch	O
*epicface*	O
%PosSmiley	O
(	O
@YouTube	O

Grundstück	O
Sarvar	O
Berg	O
1960m2	O
,	O
:	O
Ungarn	O
|	O
Grundstueck	NORM_1WORD
am	O
Sarvar	O
Berg	O
mit	O
herrlichem	O
Panoramablick	O
1960m2	O
,	O
absolut	O
...	O

WOW	O
OO	O

NO	NORM_1WORD
HOBBYS	NORM_1WORD
!	O

nu	NORM_1WORD
kann	O
man	O
gar	O
nocht	NORM_1WORD
sehen	O
was	O
du	O
uns	O
zeigen	O
wolltest	O
%NegSmiley	O

Dafür	O
gibt	O
es	O
keinen	O
ARZT	NORM_1WORD
!!	O

Ick	NORM_1WORD
freu	NORM_1WORD
mir	NORM_1WORD
schon	O
auf	O
die	O
EM	O
!	O

Es	O
lebe	O
das	O
nerdtum	NORM_1WORD

omg	O
ich	O
musst	NORM_1WORD
grad	NORM_1WORD
so	O
lachen	O
%PosSmiley	O

Ich	O
hab	NORM_1WORD
ein	O
Fragezeichen	O
auffm	NORM_2WORD
Kopp	NORM_1WORD
,	O
ich	O
bin	O
ne	NORM_1WORD
Aaaaaani	NORM_1WORD
.	O

also	O
ist	O
noch	O
ne	NORM_1WORD
kleine	O
baustelle	NORM_1WORD
hehe	O

-	O
Willst	O
du	O
jetzt	O
so	O
tun	O
,	O
als	O
würdest	O
du	O
dich	O
immer	O
be	NORM_1WORD
...	O

Bye	O

die	NORM_1WORD
lalan	O
mit	O
%PosSmiley	O

uuh	NORM_1WORD
das	O
wird	O
lustig	O
%PosSmiley	O

Ich	O
schlaf	NORM_1WORD
jetzt	O
und	O
träum	NORM_1WORD
was	O
romantisches	NORM_1WORD
...	O

Single	O
von	O
Daniel	O
Schuhmacher	O
gibts	NORM_2WORD
hier	O
:	O
Musicload	O
:	O
%Link	O
damit	O
♪♪♪	O

Nein	O
?!	O

glaub	NORM_1WORD
mir	O
selbst	O
bei	O
ner	NORM_1WORD
20	NORM_1WORD
jährigen	NORM_1WORD
habn	NORM_1WORD
die	O
schiss	NORM_1WORD
%PosSmiley	O

Jona	O
hat	O
heut	NORM_1WORD
einen	O
Clown	O
gefrühstückt	O

musste	NORM_1WORD
einfach	O
-	O
hat	O
mich	O
überkommen	O
...	O

naturgeile	NORM_1WORD
sympathische	O
Schoenheit	NORM_1WORD
mit	O
...	O

ja	NORM_1WORD
und	O
zuviel	NORM_2WORD
babyzimmer	NORM_1WORD
iwie	NORM_1WORD
so	O
gemixt	O
%PosSmiley	O

has	NORM_2WORD
gseh	NORM_1WORD
,	O
die	O
isch	NORM_1WORD
echt	O
wüescht	NORM_1WORD
%PosSmiley	O

Schliesslich	O
wollen	O
wa	NORM_1WORD
EM	O
werden	O
!!!	O

cam	NORM_1WORD
jetzt	O
online	O
:	O
bin	O
immer	O
offen	O
fuer	NORM_1WORD
Dich	O
..	O
:	O
Alter	O
:	O
21	O
Jahre	O
Hobbys	O
:	O
kochen	O
,	O
schmusen	O
,	O
swingen	O
A	O
...	O
%Link	O

Zitronengrass-Ingwersuppe	O
Euro	O
6,50	O
Poulardenbrust	O
an	O
Rosmarinjus	O
mit	O
Karottengemüse	O
und	O
Butterkartoffeln	O
Euro	O
9,50	O
@username	O

Blasemaus	O
gesucht	O
:	O
Ulm	O
|	O
Ich	O
bin	O
Ende	O
30	O
,	O
intim	O
rasiert	O
,	O
sympathisch	O
und	O
witzig	O
.	O

Kein	O
TF2	O
?	O

@Shortyssw	O

Es	O
war	O
keine	O
dieser	O
Hauptversammlungen	O
...	O

Per	O
Abholung	O
aber	O
auch	O
Versand	O
...	O

""	O
Seid	NORM_1WORD
wir	O
Kinder	O
waren	O
hat	O
sich	O
Zelda	O
immer	O
nur	O
für	O
dich	O
interresiert	NORM_1WORD
!	O
"	O

''	O
hatte	NORM_1WORD
gerad	NORM_1WORD
ne	NORM_1WORD
bifi	NORM_1WORD
,	O
die	O
gibt	O
pföötchen	NORM_1WORD
''	O
-	O
@username	O

Morgen	O
richtig	O
schönen	O
Gammel	NORM_1WORD
,	O
Montag	O
zu	O
Jana	O
und	O
dann	O
mit	O
ihr	O
ins	O
Kino	O
!	O

Na	O
.	O

Es	O
gibt	O
Sachen	O
die	O
änder	NORM_1WORD
sich	O
nie	O
.	O

Ich	O
hab	NORM_1WORD
schonwieder	NORM_2WORD
was	NORM_1WORD
im	O
Fitnesscenter	O
vergessen	O
.	O

du	NORM_1WORD
bist	O
ja	O
süss	O

Ich	O
bin	O
nicht	O
dm	O
sondern	O
auch	O
nur	O
ein	O
Mensch	O
!!!	O

Heute	O
Finale	O
!!!	O

Ständertime	O

Darauf	O
warte	O
ich	O
schon	O
die	O
ganze	O
Zeit	O
%PosSmiley	O

hahahaaa	O
,	O
mit	O
chili	NORM_1WORD
cheese	NORM_1WORD
oda	NORM_1WORD
ohne	O
?	O
%PosSmiley	O

Mwahahaha	NORM_1WORD
...	O
wettendass	NORM_2WORD

ich	NORM_1WORD
wuenschte	NORM_1WORD
ich	O
waere	NORM_1WORD
kleiner	O
sobs	NORM_1WORD
;;	O

Mein	O
grösster	O
Traum	O
:	O
Einen	O
Knoppers-Bot	O
erstellen	O
,	O
der	O
jedesmal	NORM_2WORD
um	O
halb	O
Zehn	O
"	O
Zeit	O
für	O
's	NORM_1WORD
Frühstückchen	O
"	O
schreibt	O
.	O

Es	O
ist	O
eine	O
riesenehre	NORM_1WORD
bei	O
tommys	NORM_1WORD
letzter	O
sendung	NORM_1WORD
dabei	O
sein	O
zu	O
duerfen	NORM_1WORD
.	O

Ich	O
find	NORM_1WORD
für	O
die	O
Feiertage	O
gibts	NORM_2WORD
(	O
fast	O
)	O
nix	NORM_1WORD
besseres	NORM_1WORD
als	O
das	O
%PosSmiley	O

Also	O
,	O
ja	O
bin	O
scho	NORM_1WORD
bei	O
Pam	O
uuund	NORM_1WORD
Snows	O
Hair	O
Porn	O
schreit	O
..	O

Und	O
jetzt	O
sag	O
mir	O
wo	O
is	NORM_1WORD
Winter	O
?	O

Hell	O
naw	O
dat	NORM_1WORD
dey	O
dey	O
n	O
cok	O
roach	O
dem	O
niggas	O
der	O

Sass	O
vorhin	O
schon	O
ne	NORM_1WORD
stunde	NORM_1WORD
länger	O
in	O
der	O
bahn	NORM_1WORD
%PosSmiley	O

Glück	O
auf	O

Folge	O
3	O
is	NORM_1WORD
rum	NORM_1WORD
.	O

schnäppchen	NORM_1WORD
Leiser	O
mit	O
20-Prozent-Rabatt	O
auf	O
Lloyd-Schuhe	O
:	O
Herrenschuh	O
Lloyd	O
Rondo	O
nur	O
heu	NORM_1WORD
...	O
%Link	O
better	O
than	O
mydealz	O

sost	NORM_1WORD
würde	O
es	O
mir	O
ejtzt	NORM_1WORD
auch	O
besser	O
gehen	O
!	O

ich	NORM_1WORD
trag	NORM_1WORD
auch	O
nur	O
hüfthosen	NORM_1WORD
weil	O
ich	O
ja	O
lange	O
shirts	NORM_1WORD
und	O
pullis	NORM_1WORD
hab	O
und	O
die	O
einfach	O
bequemer	O
sind	O

Geile	O
Gruppe	O
!	O

Ich	O
hab	O
grade	NORM_1WORD
den	O
Rolladengurt	NORM_1WORD
im	O
Bad	O
ersetzt	O
.	O

Heute	O
Abend	O
ein	O
neues	O
Juli	O
Mitglied	O
gefunden	O
.	O

ich	NORM_1WORD
fahre	O
euch	O
nicht	O
..	O

gröhlchen	NORM_1WORD
%PosSmiley	O

:	O
Hallo	O
Elmer	O
Wie	O
lang	O
ist	O
das	O
Dach	O
genau	O
?	O

Ich	O
mach	NORM_1WORD
das	O
lieber	O
spannend	O
und	O
warte	O
irgendwann	O
in	O
deiner	O
Wohnung	O
auf	O
dich	O
!	O

Dieses	O
Misstrauen	O
anderen	O
Menschen	O
gegenüber	O
das	O
in	O
der	O
Ablehnung	O
eines	O
BGE	O
steckt	O
,	O
tut	O
weh	O
.	O

daran	O
glaube	O
ich	O
!!!	O

LWS	O
ist	O
ganz	O
schön	O
fies	O
....	O
von	O
der	O
Arbeit	O
?	O

Grad	NORM_1WORD
aufm	NORM_2WORD
weg	O
nach	O
nyc	NORM_1WORD
...	O

Sie	O
sind	O
kaum	O
gefahr	NORM_1WORD
...	O

%PosSmiley	O

wie	NORM_1WORD
alles	O
leuchtet	O
die	O
welt	NORM_1WORD
bleibt	O
stehen	O
.	O

aber	NORM_1WORD
die	O
werden	O
wir	O
halt	O
abholen	O
muessen	NORM_1WORD
..	O

Bin	O
sowas	NORM_2WORD
von	O
pleite	O
grad	NORM_1WORD
,	O
weil	O
ich	O
mein	O
ganzes	O
Erspartes	O
bei	O
Douglas	O
raus'gschmissen	NORM_1WORD
hab	NORM_1WORD
.	O
%PosSmiley	O

ja	NORM_1WORD
hätt	NORM_1WORD
ich	O
dauernd	O
,	O
aber	O
die	O
Lösungen	O
sind	O
immer	O
so	O
ne	NORM_1WORD
Sache	O

Massage	O
gesucht	O
:	O
Köln	O
|	O
suche	O
fuer	NORM_1WORD
Heutemittag	NORM_2WORD
eine	O
Massage	O
von	O
einer	O
Frau	O

Ich	O
biete	O
Dir	O
meine	O
an	O
;-))	O

%PosSmiley	O
ich	NORM_1WORD
muss	O
aber	O
auch	O
das	O
glück	NORM_1WORD
haben	O
,	O
dass	O
ich	O
gerade	O
zu	O
hause	NORM_1WORD
bin	O
,	O
wie	O
machen	O
die	O
ganzen	O
tage	NORM_1WORD
lang	O
irgendwelche	O
ausflüge	NORM_1WORD
..	O

-	O
"	O
Waaaaas	NORM_1WORD
?!	O
"	O

Ja	O
%PosSmiley	O

aber	NORM_1WORD
es	O
geht	O
ja	O
auch	O
um	O
@username	O

ich	NORM_1WORD
war	O
zuerst	O
hier	O
!	O
%PosSmiley	O

nich	NORM_1WORD
viel	O

ich	NORM_1WORD
hab	NORM_1WORD
dich	O
net	NORM_1WORD
geschlagen	O

danke	NORM_1WORD
%PosSmiley	O

Sind	O
doch	O
alles	O
Scheiss	NORM_1WORD
Wetten	O
!	O

jeden	NORM_1WORD
Tag	O
eine	O
gute	O
Tat	O
!	O
%PosSmiley	O

Costa	O
Rica	O
und	O
Lappland	O
siegten	O
-	O
Badische	O
Zeitung	O
:	O
Badische	O
Zeitung	O
Costa	O
Rica	O
und	O
Lappland	O
siegten	O
Badische	O
Zeit	O
...	O

Kommen	O
die	O
schon	O
noch	O
.	O
%PosSmiley	O

jaaaa	NORM_1WORD
das	O
is	NORM_1WORD
es	O
ja	O
auch	O
!	O

mal	NORM_1WORD
schaun	NORM_1WORD
ob	O
ichs	NORM_2WORD
durchhalte	O
%PosSmiley	O

Also	O
ich	O
kenne	O
nur	O
2	O
Lieder	O
von	O
dennen	NORM_1WORD
,	O
die	O
find	NORM_1WORD
ich	O
aber	O
gut	O
c	O
:	O

xD	O
sobald	O
ich	O
nicht	O
bei	O
dir	O
wär	NORM_1WORD
hyperventiliere	O
ich	O

offenbings	O
bpt112	O

Der	O
Käpt'n	NORM_1WORD
wünscht	O
einen	O
schönen	O
guten	O
Morgen	O
.	O

Wer	O
erlebt	O
versteht	O
:	O
wie	O
Salz	O
und	O
Pfeffer	O
fur	NORM_1WORD
Ihre	O
Events	O

Bravo	O
Hits	O
.	O

werds	NORM_2WORD
so	O
verkacken	O
!	O

Geschäfte	O
bis	O
24	O
Uhr	O
geöffnet	O
.	O

Yay	O
!	O

Freu	NORM_1WORD
mich	O
dich	O
mal	O
wieder	O
zu	O
sehen	O
.	O
"	O

kenn	NORM_1WORD
ich	O
%NegSmiley	O

Ich	O
will	O
auch	O
bei	O
dir	O
sein	O
mein	O
engel	NORM_1WORD

Haste	NORM_2WORD
sicher	O
im	O
bpt-Wiki	O
überlesen	O
.	O

Gute	O
nacht	NORM_1WORD
und	O
schlaf	NORM_1WORD
gut	O
!!!!!	O

news	NORM_1WORD
Sport1	O
:	O
NADA	O
:	O
Pechstein	O
seit	O
Comeback	O
sauber	O
:	O
Die	O
Agentur	O
sieht	O
nach	O
dem	O
Comeback	O
von	O
Claudia	O
Pechstein	O
ke	NORM_1WORD
...	O

keinen	NORM_1WORD
stecher	NORM_1WORD
?	O

Ich	O
fang	NORM_1WORD
gleich	O
an	O
in	O
die	O
TL	NORM_1WORD
zu	O
kotzen	O
,	O
die	O
Zeiten	O
von	O
Adenauer	O
sind	O
vorbei	O
und	O
hat	O
Ursachen	O
,	O
die	O
Im	O
System	O
begründet	O
sind	O
Piraten	O
bpt112	O

Wollt	O
ihr	O
?	O

"	O
Yeah	O
,	O
I	O
've	O
got	O
a	O
First-Class-Ticket	O
!	O
"	O

ok	NORM_1WORD
...	O

klar	NORM_1WORD
ein	O
kleines	O
feufeu	O
schöne	O
weinachtslieder	NORM_1WORD
voll	O
toll	O

Ne	NORM_1WORD
,	O
aber	O
die	O
Essensvorbereitung	O
beginnt	O
nun	O
.	O
%PosSmiley	O

Da	O
gibt	O
's	NORM_1WORD
nen	NORM_1WORD
Obstteller	O
für	O
mich	O
,	O
wenn	O
du	O
die	O
Orangen	O
schälst	O
...	O

Sonst	O
hätts	NORM_2WORD
mich	O
schon	O
längst	O
zerlegt	O
%PosSmiley	O

Gruppe	O
A	O
das	O
wärs	NORM_2WORD
gewesen	O
%PosSmiley	O

ich	NORM_1WORD
wasch	NORM_1WORD
mir	O
jetzt	O
dann	O
mal	O
die	O
haare	NORM_1WORD
mit	O
dem	O
zeug	NORM_1WORD
da	O
:D	O

Ich	O
freu	NORM_1WORD
mich	O
wie	O
Bolle	O
auf	O
meinen	O
freien	O
Tag	O
%PosSmiley	O

Bewertung	O
zu	O
China	O
Restaurant	O
Aroma	O
(	O
Charlottenburg	O
,	O
Berlin	O
,	O
von	O
tbh1976	O
)	O
:	O
5	O
von	O
5	O
Punkten	O
Ich	O
,	O
als	O
Deu	NORM_1WORD
...	O
%Link	O
berlin	O

Wenns	NORM_2WORD
beschissener	O
nicht	O
sein	O
kann	O
,	O
und	O
du	O
vor	O
lauter	O
Verzweiflung	O
laut	O
loslachst	O
.	O

Nach	O
Fund	O
von	O
Knochenmark	O
-	O
Wissenschafter	NORM_1WORD
halten	O
Klonen	O
von	O
Mammuts	O
für	O
möglich	O
:	O
Japanische	O
und	O
russische	O
Forsc	NORM_1WORD
...	O

Hallo	O
schön	O
das	NORM_1WORD
wir	O
befreuntet	NORM_1WORD
sind	O

sry	NORM_1WORD
wa	NORM_1WORD
grad	NORM_1WORD
duschen	O
.	O

D	O
:	O
Ayashii	O
desu	O
nee~	O
*Toma	O
anstarr	O

Skyrim	O

ist	O
zjhause	NORM_1WORD

Warte	O
,	O
jetzt	O
wo	O
du	O
's	NORM_1WORD
sagst	O
,	O
sie	O
war	O
im	O
1.	O
Teil	O
schon	O
dabei	O
,	O
richtig	O
?	O

cool	NORM_1WORD
.	O
Naja	NORM_2WORD
etwas	O
langweilig	O
!	O
%NegSmiley	O

Ich	O
auch	O
.	O

Ich	O
bekomm	NORM_1WORD
echt	O
die	O
Krise	O
:	O
Wie	NORM_1WORD
ham	NORM_1WORD
das	O
Geld	O
für	O
Bankenrettungen	O
NICHT	O
.	O

Träufel	NORM_1WORD
jetzt	O
zitronensaft	NORM_1WORD
auf	O
den	O
tisch	NORM_1WORD
und	O
lecke	O
das	O
gemisch	NORM_1WORD
mit	O
tequila	NORM_1WORD
vom	O
tisch	NORM_1WORD
.	O

日本からあなたの幸運を祈っています	O
.	O

So	O
Jungs	O
denn	NORM_1WORD
wollen	O
wir	O
mal	O
%PosSmiley	O
%PosSmiley	O

Kochbuch	O
-	O
Pol	O
Martin	O
:	O
Wien	O

Vielen	O
Dank	O
!	O

Loh	O
loh	O
loh	O
?	O

Find	NORM_1WORD
ich	O
aber	O
auch	O
!	O
%NegSmiley	O

welche	NORM_1WORD
Hansel	O
von	O
der	O
Presse	O
sind	O
das	O
?	O
m	O
(	O

Weib	O
schliess	NORM_1WORD
die	O
beine	O
,	O
wenn	O
du	O
sitzt	O
...	O

%PosSmiley	O
%PosSmiley	O

also	NORM_1WORD
ich	O
bin	O
da	O
gerade	O
voll	O
am	O
umbauen	NORM_1WORD
weil	O
der	O
eigentlich	O
englisch	NORM_1WORD
war	O
der	O
account	NORM_1WORD

Burosortierdienst	NORM_1WORD
Joachim	O
Tielitz	O
:	O
Das	O
deutschlandweiter	NORM_1WORD
Netzwerk	O
informiert	O
uber	NORM_1WORD
die	O
umfangreichen	O
Dienstleist	NORM_1WORD
...	O

valla	NORM_1WORD
ich	O
beneide	O
dich	O
!	O

Informationsfilm	O
"	O
Revisionssicheres	O
Berechtigungsmanagement	O
"	O
:	O
Zentrales	O
Berechtigungsmanagement	O
ist	O
die	O
Basis	O
fü	NORM_1WORD
...	O

Aber	O
eben	O
nicht	O
mehr	O
als	O
Standardbrowser	O
.	O

Rja	O
,	O
und	O
es	O
waere	NORM_1WORD
kein	O
Augsburger	O
Samstag	O
,	O
waere	NORM_1WORD
da	O
nicht	O
noch	O
:	O

schade	NORM_1WORD
,	O
aber	O
im	O
Geiste	O
spingst	NORM_1WORD
Du	O
!!	O

Ich	O
hasse	O
es	O
mit	O
frisch	O
gefärbten	O
Haaren	O
in	O
die	O
Badewanne	O
zu	O
gehen	O
,	O
sieht	O
dann	O
immer	O
aus	O
als	O
hätte	O
ich	O
nen	NORM_1WORD
Massenmord	O
begangen	O
:P	O

Endlich	O
zuhause	NORM_2WORD
aus	O
offenbings	NORM_1WORD
...	O
und	O
gleich	O
schon	O
wieder	O
hin	O
*eieiei*	O

[	O
Grundvoraussetzung	O
für	O
Erfolg	O
]	O

Find	NORM_1WORD
ich	O
nicht	O
so	O
grossartig	O
.	O
wettendass	NORM_2WORD

Meinung	O
|	O
Politische	O
Union	O
nötig	O
:	O
Wäre	O
Euroland	O
ein	O
Nationalstaat	O
,	O
stünde	O
es	O
gut	O
da	O
:	O
Der	O
Währungsunion	O
muss	O
schn	NORM_1WORD
...	O

ich	NORM_1WORD
lern	NORM_1WORD
jetzt	O
noch	O
,	O
klein	O
bisschen	O
Zeit	O
hab	NORM_1WORD
ich	O
ja	O
noch	O
.	O

ne	NORM_1WORD
noch	O
nicht	O
..	O

kanns	NORM_2WORD
gar	O
net	NORM_1WORD
erwarten	O
das	O
zu	O
guckn	NORM_1WORD
!	O
%PosSmiley	O

Holland	O
,	O
Dänemark	O
und	O
Portugal	O
!	O

Für	O
alle	O
,	O
die	O
genervt	O
davon	O
sind	O
,	O
die	O
Familie	O
an	O
Weinachten	NORM_1WORD
zu	O
sehen	O
-	O
denkt	O
man	O
drüber	NORM_1WORD
nach	O
,	O
wie	O
es	O
wäre	O
,	O
gabe	NORM_1WORD
es	O
sie	O
...	O

Sonst	O
nerv	NORM_1WORD
ich	O
die	O
so	O
lange	O
bis	O
sie	O
kommen	O
.	O
%PosSmiley	O

ich	NORM_1WORD
reklamiere	O
das	O
mal	O

Nur	O
passiert	O
das	O
Ansprechen	O
in	O
der	O
Möglichkeitsform	O
und	O
nicht	O
in	O
der	O
Wirklichkeitsfrom	NORM_1WORD
...	O

Mir	NORM_1WORD
habn	NORM_1WORD
heint	NORM_1WORD
schon	O
tietela	NORM_1WORD
mocht	NORM_1WORD
..	O

Spaetere	NORM_1WORD
dankesrede	NORM_1WORD
vorm	O
bundestag	NORM_1WORD
:	O
ich	O
moechte	NORM_1WORD
mich	O
bei	O
@username	O
und	O
@username	O
fuer	NORM_1WORD
die	O
unterstuetzung	NORM_1WORD
zum	O
kanzler	NORM_1WORD
bedanken	O
!	O

"	O
Ich	O
dich	O
nich	NORM_1WORD

Lookslikelink	NORM_3PLUS
.	O

Dann	O
stellt	O
ihm	O
eine	O
%Link	O

Kommt	O
erst	O
später	O
sagen	O
die	O
.	O

Cail	O
lägger	O
ner	O
:	O
Ach	O
guck	O
:	O
Der	O
US-Republikaner	O
Cain	O
legt	O
sein	NORM_1WORD
Präsidentschaftsbewerbung	O
auf	O
Eis	O
.	O

englishlehrerin	NORM_1WORD
würd	NORM_1WORD
mich	O
für	O
die	O
gross	NORM_1WORD
und	O
kleinschreibung	NORM_1WORD
killn	NORM_1WORD
&gt;	O
&gt;	O

moiii	NORM_1WORD
^^	O
na	O
dann	O
würd	NORM_1WORD
i	NORM_1WORD
sagn	NORM_1WORD
du	O
machsch	NORM_1WORD
es	O
dir	O
daheim	O
gemütlich	O
mit	O
kakao	NORM_1WORD
und	O
jared	NORM_1WORD
film	NORM_1WORD
?	O
%PosSmiley	O

hört	NORM_1WORD
sich	O
garnicht	NORM_2WORD
mal	O
so	O
schesse	NORM_1WORD
an	O
:	O
3	O
werd	NORM_1WORD
ich	O
nach	O
meinem	O
ersten	O
Run	O
auch	O
mal	O
testen	O
.	O

Er	NORM_1WORD
:	O
ich	O
lüge	O
%PosSmiley	O

für	NORM_1WORD
alle	O
,	O
die	O
immer	O
noch	O
rätzeln	NORM_1WORD
.	O

ich	NORM_1WORD
bin	O
der	O
spast	NORM_1WORD
der	O
auf	O
wolke	NORM_1WORD
8	O
über	O
euch	O
von	O
wolke	O
7	O
lacht	O

(	O
höhöhö	O
,	O
Ausrede	O
,	O
höhöhö	O
)	O

Nacht	O
%PosSmiley	O

Oh	O
man	NORM_1WORD
ey	O
...	O
WettenDass	NORM_2WORD

Hallo	O
?!	O
%Smiley	O

@username	O
ist	O
ja	O
gut	O
,	O
ich	O
werd	NORM_1WORD
herrschaft	NORM_1WORD
nich	NORM_1WORD
heiraten	O
%NegSmiley	O
manno	NORM_1WORD
..	O

%PosSmiley	O

genaues	NORM_1WORD
weiss	O
man	O
nicht	O
und	O
es	O
dauert	O
wieder	O
ewig	O

%PosSmiley	O

Notarzt	O
...	O

Mitmachen	O
und	O
gewinnen	O
!!	O

find	NORM_1WORD
ich	O
cool	O
sol	NORM_1WORD
(	O
@YouTube	O

Er	O
:	O
"	O
pppppffffhhhh	O
...	O

hats	NORM_2WORD
grad	NORM_1WORD
geklingelt	O
?	O

Was	NORM_2WORD
ne	NORM_1WORD
EM	O
Gruppe	O
%Link	O

elefant	NORM_1WORD
zum	O
kamel	NORM_1WORD
...	O
"	O
warum	NORM_1WORD
ist	O
dein	O
busen	NORM_1WORD
auf	O
deinem	O
rücken	NORM_1WORD
?	O
"	O
...	O

aso	NORM_1WORD
..	O
%NegSmiley	O

alverde	O
Tweetkalender	O
Adventsk	NORM_1WORD
...	O

Gelsenkirchen	O
:	O
Schönes	O
Ladenlokal	O
im	O
Herzen	O
von	O
Essen	O
Holsterhausen	O
:	O
Das	O
schöne	O
Ladenlokal	O
befind	NORM_1WORD
...	O
%Link	O
Kleinanzeige	O

WTF	O
Man	O
!	O

ich	NORM_1WORD
zu	O
meinen	O
gästen	NORM_1WORD
:	O
"	O
fühl	O
dich	O
wie	O
zuhause	NORM_2WORD
!	O

Ich	O
schreibe	O
sehr	O
gern	O
für	O
Kinder	O
,	O
aber	O
auch	O
für	O
Jugendliche	O
und	O
Erwachsene	O
.	O

naja	NORM_2WORD
ist	O
voll	O
,	O
laufend	O
GO-Anträge	O
die	O
aufhalten	O
,	O
rumgetrolle	NORM_1WORD
usw	O
.	O

böses	NORM_1WORD
c&a	NORM_1WORD
!	O

Gleich	O
gehts	NORM_2WORD
für	O
Dirk	O
Nowitzki	O
als	O
Wettpate	O
um	O
die	O
Wurst	O
wetten	O
dass	O

Und	O
wieso	O
fällt	O
die	O
Kralle	O
runter	O
,	O
wenn	O
man	O
ihn	O
mit	O
Pfeilen	O
beschiesst	O
?!	O

bei	NORM_1WORD
mir	O
im	O
kopf	NORM_1WORD
sind	O
grad	NORM_1WORD
nur	O
schöne	O
bilder	NORM_1WORD
%PosSmiley	O
%PosSmiley	O

Stereoanlagen	O
kaufen	O
TRANSONIC	O
/	O
NIKKO	O
/	O
STRATO	O
Stereo	O
Komponenten	O
in	O
Gröbenzell	O
:	O
Verkaufe	O
dr	NORM_1WORD
...	O
%Link	O
Stereoanlagen	O
hier	O

Wo	O
kommt	O
denn	O
plötzlich	O
diese	O
frühlingshafte	O
Hitze	O
her	O
?	O

:	O
annadevot	O
:	O
...	O

es	NORM_1WORD
ist	O
vorbei	O
.	O

Fuer	NORM_1WORD
sich	O
Selbst	O
u.	NORM_1WORD
Familie	O
schauen	O
.	O

So	O
,	O
der	O
Onkel	O
wird	O
nun	O
auch	O
ins	O
Bett	O
gehen	O
.	O

awww	NORM_1WORD
das	O
problem	NORM_1WORD
kenn	NORM_1WORD
ich	O
zu	O
gut	O
%PosSmiley	O

D	O
:	O
IMMER	NORM_1WORD
exakt	O
3	O
Sekunden	O
nachdem	O
die	O
automatische	O
Tastensperre	O
kommt	O
,	O
kommt	O
ne	NORM_1WORD
Sms	O
vom	O
@username	O
.	O
xx	O
Hass	O

die	NORM_1WORD
will	O
sie	O
nich	NORM_1WORD
einsehen	O
,	O
da	O
kann	O
ich	O
auch	O
nix	NORM_1WORD
für	NORM_1WORD

Irgendwie	O
kommt	O
keine	O
Kundschaft	O
.	O

zur	NORM_1WORD
not	NORM_1WORD
kann	O
man	O
dich	O
ja	O
immer	O
noch	O
blocken	O
wenns	NORM_2WORD
einem	O
zu	O
viel	O
wird	O
%PosSmiley	O

ich	NORM_1WORD
weiss	O
ja	O
nicht	O
was	O
du	O
heute	O
genau	O
machst	O
aber	O
ich	O
würd	NORM_1WORD
gern	O
...	O
%PosSmiley	O

Hatte	O
auf	O
Frankreich	O
,	O
Holland	O
,	O
Deutschland	O
gehofft	O
...	O
das	NORM_1WORD
wird	O
nix	NORM_1WORD
mehr	O
.	O

japp	NORM_1WORD
%PosSmiley	O

ich	NORM_1WORD
finde	O
es	O
wär	NORM_1WORD
mal	O
an	O
der	O
zeit	O
für	NORM_1WORD
ein	O
neues	O
profil-pic	NORM_1WORD
der	O
latte	NORM_1WORD
!	O

The	O
Voice	O
of	O
Germany	O
-	O
BossHoss	O
:	O
Wir	O
sind	O
2	O
Männer	O
und	O
brauchen	O
ne	NORM_1WORD
Frau	O

Puzzle	O
5	O
Teile	O
:	O
Bürstadt	O
|	O
Puzzle	O
5	O
Teile	O
ist	O
ein	O
Konzentrationsspielzeug	O
fuer	NORM_1WORD
Kinder	O
ab	O
4	O
Jahre	O
,	O
Hersteller	O
Rav	NORM_1WORD
...	O

das	NORM_1WORD
würde	O
dann	O
auch	O
klären	O
warum	O
du	O
mich	O
hübschfindest	NORM_2WORD
:	O
%NegSmiley	O
)	O

Zumindest	O
weiss	O
ich	O
dank	O
@username	O
,	O
dass	O
die	O
Züribergler	O
wegen	O
nem	NORM_1WORD
Laubbläser	O
die	O
Pozilei	NORM_1WORD
holen	O
.	O

Heut	NORM_1WORD
Faust	O
II	O
bei	O
Amazon	O
bestellt	O
%PosSmiley	O
.	O

So	O
,	O
so	O
..	O

Gibt	O
in	O
FFM	O
gut	O
funkt	O
.	O

okay	NORM_1WORD
%PosSmiley	O
...	O
%PosSmiley	O

Magst	O
du	O
Garnelen	O
?	O

Wie	O
geil	O
ist	O
das	O
denn	O
%PosSmiley	O

Endlich	O
ma	NORM_1WORD
ein	O
interessanter	O
Protest	O
um	O
ein	O
Heim	O
für	O
seine	O
Haustiere	O
zu	O
bekommen	O

komm	NORM_1WORD
zu	O
mir	O
!	O

Hab	NORM_1WORD
auf	NORM_1WORD
Twitter	O
auch	O
nichts	O
gefunden	O
%NegSmiley	O

werd	NORM_1WORD
das	O
auch	O
machen	O
%NegSmiley	O

yeah	NORM_1WORD
like	O
mein	O
name	NORM_1WORD
ist	O
ginanda	NORM_1WORD
mahsa	NORM_1WORD
,	O
ich	O
komme	O
aus	O
Indonesien	O
,	O
ich	O
biin	NORM_1WORD
15	O
jahre	O
alt	O
%PosSmiley	O

Also	O
es	O
gibt	O
einen	O
Fussballspieler	O
der	O
Squizzi	O
heist	NORM_1WORD
.	O

Wenn	O
's	NORM_1WORD
doch	O
auch	O
so	O
geht	O
.	O

Endlose	O
Schlangen	O
junger	O
Männer	O
.	O

Der	O
alverde	O
Tweetkalender	O
laeuft	NORM_1WORD
am	O
3.	O
Tag	O
auf	O
Hochtouren	O
.	O

hertha	O
*	O
fussball	NORM_1WORD

Wenigstens	O
wartet	O
ein	O
Wundesschöner	NORM_1WORD
Student	O
mit	O
mir	O
an	O
der	O
H	O

Niemand	O
a	O
...	O

hä	NORM_1WORD
?	O

Vogelhaus	O
im	O
Schnee	O
mit	O
Rotkehlchen	O
oder	O
so	O
...	O

Wir	O
wollen	O
alle	O
leben	O
u.	NORM_1WORD
ni	NORM_1WORD
...	O

Nur	O
,	O
Wissen	NORM_1WORD
und	O
darüber	O
reden	O
nützt	O
nix	NORM_1WORD
!	O

%Link	O
hab	NORM_1WORD
meins	O
auch	O
hochgeladen	O
und	O
auf	O
meinem	O
anderen	NORM_1WORD
lade	O
ichs	NORM_2WORD
auch	O
hoch	O
%PosSmiley	O

Orr	O
ihr	O
Menschen	O
,	O
die	O
ins	O
Bett	O
gehen	O
und	O
direkt	O
einschlafen	O
...	O

FF	O
@username	O

heute	NORM_1WORD
in	O
mathe	NORM_1WORD
:	O
"	O
darf	NORM_1WORD
ich	O
mal	O
sehen	O
wo	O
ihr	O
euren	O
g-punkt	NORM_1WORD
habt	O
?	O
"	O
(	O
ging	O
um	O
scheitelpunkte	NORM_1WORD
im	O
kos	NORM_1WORD
,	O
also	O
nix	NORM_1WORD
besonderes	NORM_1WORD

Hellboy	O
ist	O
auch	O
so	O
ne	NORM_1WORD
Figur	O
,	O
die	O
für	O
mich	O
sowas	NORM_2WORD
von	O
uninteressant	O
ist	O
.	O

Einatmen-Ausatmen	O
,	O
Augen	O
zu	O
und	O
duuuuuuuuuuurch	NORM_1WORD
!	O
%PosSmiley	O

ich	NORM_1WORD
suche	O
immernoch	NORM_2WORD
ne	NORM_1WORD
Whg	NORM_1WORD
in	O
Berlin	O
,	O
mit	O
Wanne	O
und	O
Balkon	O
,	O
bis	O
450	O
warm	O
und	O
min	O
1.	O
.	O
Etage	O
.	O

Dann	O
wirds	NORM_2WORD
noch	O
authentischer	O
,	O
aber	O
nur	O
mit	O
entsprechendem	O
outfit	O
;)	O

geraten	NORM_1WORD
ne	NORM_1WORD
ich	O
denke	O
das	O
halb	O
%PosSmiley	O

So	O
einfach	O
gehts	NORM_2WORD
!!	O

huahahaha	NORM_1WORD
&gt;D	O

Krass	O
.	O

spaeter	NORM_1WORD

Suche	O
nettes	O
Maedel	NORM_1WORD
fuer	NORM_1WORD
BJ	NORM_1WORD
gegen	O
TG	NORM_1WORD
.	O

ah	O

ich	O
freu	NORM_1WORD
mich	O
schon	O
seit	O
wochen	O
auf	O
vietnam	O
!	O
(*~*)	O

htt	NORM_1WORD

Ganz	O
ehrlich	O
:	O
ich	O
würd	NORM_1WORD
's	NORM_1WORD
nicht	O
nochmal	O
machen	O
.	O

Pff	O
ga	NORM_1WORD
weg	O
met	NORM_1WORD
die	NORM_1WORD
regen	NORM_1WORD
%NegSmiley	O

Und	O
es	O
ist	O
immer	O
noch	O
awesome	O
.	O

af	O
,	O
cade	O
@username	O
ein	O
?	O

Ich	O
liebe	O
sie	O
mittlerweile	O
einfach	O
für	O
ihre	O
Story	O
,	O
für	O
ihre	O
Art	O
,	O
ihr	O
Design	O
und	O
ihre	O
Waffe	O
%PosSmiley	O

Ich	O
weiss	O
,	O
dass	O
ich	O
am	O
schwanken	NORM_1WORD
war	O
und	O
fast	O
umgekippt	O
wäre	O
...	O

bruder	NORM_1WORD
sagt	O
,	O
dass	O
darf	O
man	O
niemandem	O
anbieten	O
,	O
das	O
wär	NORM_1WORD
körperverletzung	NORM_1WORD
..	O

So	O
,	O
ich	O
ertränk	NORM_1WORD
mich	O
jetzt	O
in	O
meinen	O
Gummibärchen	O
und	O
Aspho	O
ist	O
schuld	O

tja	NORM_1WORD
,	O
so	O
sind	O
meine	O
eltern	O
..	O

hat	NORM_1WORD
ma	NORM_1WORD
überhaupt	O
nicht	O
gemerkt	O
!!	O
%PosSmiley	O

D	O
:	O
Für	O
was	O
mach	NORM_1WORD
ich	O
dann	O
für	O
das	O
Game	O
ne	NORM_1WORD
MLP	O
Map	O
D	O
:	O
&lt;	O

Russland	O
:	O
Den	O
Wählern	O
fehlen	O
echte	O
Alternativen	O
zur	O
Kreml-Partei	O
:	O
Bei	O
der	O
Wahl	O
in	O
Russland	O
gilt	O
ein	O
Sieg	O
der	O
Put	NORM_1WORD
...	O

ich	NORM_1WORD
schau	NORM_1WORD
grad	NORM_1WORD
mal	O
rein	NORM_1WORD

Jauch	O
,	O
überleg	NORM_1WORD
dir	O
gut	O
,	O
was	O
du	O
morgen	O
von	O
dir	O
gibst	O
!	O
wettendass	NORM_2WORD

Gib	O
mir	O
den	O
voodka	NORM_1WORD

Ist	O
man	O
dann	O
SEH	NORM_1WORD
KiNG	O
OF	O
SEH	NORM_1WORD
WÖÖÖRLD	NORM_1WORD
oder	O
was	O
?	O

bei	NORM_1WORD
unserm	O
sidn	NORM_1WORD
die	O
patronen	NORM_1WORD
alle	O
und	NORM_1WORD
dad	NORM_1WORD
verpeilt	O
immer	O
neue	O
zu	O
holen	O

bin	O
grad	NORM_1WORD
midm	NORM_2WORD
audoo	NORM_1WORD
underweks	NORM_1WORD
!	O

Lass	O
dich	O
auswichsen	O
-	O
Kumpel	O
!	O

Experiment	O
bestätigt	O
den	O
Zusammenhang	O
zwischen	O
kosmischer	O
Strahlung	O
,	O
Wolkenbildung	O
:	O
Während	O
die	O
Welt	O
auf	O
den	O
ang	NORM_1WORD
...	O

So	O
auch	O
der	O
Schmutz	O
und	O
Gestank	O
auf	O
den	O
Toiletten	O
vom	O
Alex	O
cafe	O

Lehrer	O
:	O
warum	NORM_1WORD
hast	O
du	O
deine	O
Hausaufgaben	O
gemacht	O
?	O

jaa	NORM_1WORD
ist	O
es	O
auch	O
%NegSmiley	O
..	O

-	O
Jerry	O
Lewis	O

Die	O
Famiglia	O
das	O
Online	O
Rollen	O
Mafia	O
Spiel	O
%Link	O
Herausforderung	O
annehmen	O
und	O
Abenteuer	O
erleben	O

ahaha	O
so	O
typisch	O
%PosSmiley	O

süsse	NORM_1WORD
Träume	O
und	O
einen	O
schönen	O
Sonntag	O
@username	O

"	O
Ich	O
kam	O
heim	O
und	O
mein	O
Computer	O
war	O
kaputt	O
.	O

der/die/das	NORM_1WORD
hat	O
aber	O
schöne	O
augen	O
!	O
%PosSmiley	O

%PosSmiley	O
sry	NORM_1WORD
mäuschen	NORM_1WORD
,	O
das	O
wird	O
nix	NORM_1WORD
.	O

Piraten	O
zahlen	O
ihr	O
Essen	O
&	O
Trinken	O
,	O
Anfahrt	O
,	O
Hotel	O
usw	O
selber	O
.	O

So	O
nach	O
8	O
.	O

Schweiger	O
als	O
Tatort-Kommissar	O
?	O

achso	NORM_2WORD
was	O
is	NORM_1WORD
eig.	NORM_1WORD
das	NORM_1WORD
ihr	O
euer	O
wlan	NORM_1WORD
die	O
ganze	O
zeit	O
an	O
und	O
aus	O
macht	O
?	O

Ihr	O
fehlen	O
nurnoch	NORM_2WORD
12	O
zu	O
den	O
500	O

muss	NORM_1WORD
nurnoch	NORM_2WORD
mit	O
meiner	O
schwester	NORM_1WORD
reden	O
,	O
ob	O
sie	O
das	O
was	O
sie	O
versprochen	O
hat	O
auch	O
kaufen	O
wird	O
°-°	O

Falls	O
Ihr	O
Euch	O
immernoch	NORM_2WORD
fragt	O
,	O
wo	O
sich	O
unser	O
Adventskalender	O
versteckt	O
hat	O
,	O
schaut	O
mal	O
unter	O
das	O
Profilbild	O
.	O
%PosSmiley	O
...	O

Draussen	O
geht	O
die	O
Welt	O
grad	NORM_1WORD
unter	O
..	O

also	NORM_1WORD
...	O
ich	NORM_1WORD
glaub	NORM_1WORD
ich	O
werd	NORM_1WORD
noch	O
depri	NORM_1WORD
hier	O
...	O
x3	O

lust	NORM_1WORD
mal	O
wieder	O
mir	NORM_1WORD
mir	O
shoppen	O
gehn	NORM_1WORD
?	O

Um	O
als	O
Rohstoffverwerter	O
arbeiten	O
zu	O
können	O
,	O
muss	O
man	O
die	O
Silbertren-nung	NORM_1WORD
perfekt	O
beherrschen	O

10	O
oder	O
noch	O
früher	O
?	O
%PosSmiley	O

Höre	O
grad	NORM_1WORD
Evanescence	O
.	O

endlich	NORM_1WORD

ich	NORM_1WORD
habs	NORM_2WORD
gelesen	O
%PosSmiley	O

ich	NORM_1WORD
bin	O
sozial	O
..	O
%PosSmiley	O

Es	O
ist	O
eine	O
riesenehre	NORM_1WORD
bei	O
tommys	NORM_1WORD
letzter	O
sendung	NORM_1WORD
dabei	O
sein	O
zu	O
duerfen	NORM_1WORD
.	O

Verdammt	O
,	O
ich	O
hab	NORM_1WORD
ne	NORM_1WORD
Abiparty	O
vor	O
mir	O
!	O

kamel	NORM_1WORD
...	O
"	O
scheiss	NORM_1WORD
frage	NORM_1WORD
von	O
jemandem	O
...	O
dessen	O
schwanz	NORM_1WORD
im	O
gesicht	NORM_1WORD
hängt	O
!	O

aber	NORM_1WORD
ich	O
Foto	O
Freak	O
bekomm	NORM_1WORD
was	O
ich	O
will	O

ich	NORM_1WORD
habe	O
es	O
nuhr	NORM_1WORD
Dieter	O
gesagt	O
und	O
sonst	O
keinem	O
.	O

Ich	O
moechte	NORM_1WORD
gerne	O
er	O
...	O

Webkatalog	O
fur	NORM_1WORD
Welpen	O
und	O
Hunde	O
Zuchter	NORM_1WORD
DOGFUNDUS	O
com	O
:	O
Kostenloser	O
Webkatalog	O
Webverzeichnis	O
ohne	O
Backlinkpfli	NORM_1WORD
...	O

Wart	O
ab	O
bis	O
auch	O
noch	O
Schnee	O
liegt	O
.	O

essen	NORM_1WORD
kostet	O
geld	NORM_1WORD
sieht	O
komisch	O
aus	O
,	O
ist	O
wohl	O
salzig	O

morgen	NORM_1WORD
werden	O
wir	O
/	O
ich	O
es	O
erfahren	O
ob	O
die	O
das	O
mit	O
zayn	NORM_1WORD
drauf	NORM_1WORD
haben	O
.	O

ja	NORM_1WORD
letztes	O
Jahr	O
bin	O
ich	O
aber	O
nur	O
mitgekommen	O
wegen	O
@username	O
%PosSmiley	O

Auf	O
auf	O
liebes	O
Läufervolk	O
!	O

weichweizengrie\u00DF	NORM_1WORD
oder	O
hartweizengrie\u00DF	NORM_1WORD
???:	O

Leute	O
gibts	NORM_2WORD
...	O

mach	NORM_1WORD
mich	O
grade	NORM_1WORD
auf	O
den	O
weg	NORM_1WORD
nach	O
marl	NORM_1WORD
(	O
Galaxy	O
Club	O
)	O
werden	O
dort	O
fett	O
party	NORM_1WORD
machen	O
wer	O
bock	NORM_1WORD
hat	O
sollte	O
vorbei	O
...	O

hör	NORM_1WORD
auf	O
zu	O
weinen	O
,	O
sonst	O
komm	O
ich	O
rüber	NORM_1WORD
&	O
(c)	O

Salz	O
fur	NORM_1WORD
ein	O
gutes	O
Ergebnis	O

Freu'	NORM_1WORD
mich	O
.	O
%PosSmiley	O
.	O

's	O
Account	O
ist	O
die	O
beste	O
Unterhaltung	O
!	O

aber	NORM_1WORD
ich	O
find	NORM_1WORD
nix	NORM_1WORD
FUUUUUUUUUUUUUUUUUUUUUUUUUUUUUUUUUU	NORM_1WORD
auf	O
youtube	NORM_1WORD
%PosSmiley	O

wie	NORM_1WORD
können	O
solche	O
vorstellungen	O
den	O
scheisse	NORM_1WORD
sein	O
%PosSmiley	O

böse	NORM_1WORD
,,	O
aber	O
;-)	O
freu	NORM_1WORD
nich	NORM_1WORD
schon	O
auf	O
next	O
week	O

Es	O
ist	O
ja	O
nun	O
nicht	O
so	O
,	O
dass	O
die	O
Piraten	O
sich	O
an	O
Hoffnu	NORM_1WORD
...	O

Sie	O
hat	O
mich	O
in	O
der	O
Nacht	O
gebissen	O
,	O
sonst	O
hätt	NORM_1WORD
ich	O
nicht	O
bis	O
12.30	O
geschlafn	NORM_1WORD

Ich	O
werd	NORM_1WORD
dran	NORM_1WORD
denken	O
!	O

BMW	O
Felge	O
:	O
Kerpen	O

Wenn	O
ihr	O
ich	O
wärt	NORM_1WORD
,	O
wo	O
würdet	O
ihr	O
die	O
verstecken	O
?	O

Deutsche	O
Nationalelf	O
spielt	O
in	O
Gruppe	O
B	O
gegen	O
das	O
Terrortrio	O
.	O

Seit	O
Tag	O
1	O
!!	O

**	O
gib	NORM_1WORD
mir	O
bescheid	NORM_1WORD
wenn	O
du	O
von	O
ikea	NORM_1WORD
wieder	O
zuhause	NORM_2WORD
bist	O
%PosSmiley	O
&lt;3	O

was	NORM_1WORD
hörst	O
duu	NORM_1WORD
??	O
%PosSmiley	O

alverde	NORM_1WORD
Tweetkalender	O
Adventsk	NORM_1WORD
...	O

goettingen	NORM_1WORD
bundesligaherren	NORM_1WORD
basketballbundesliga	NORM_1WORD
bbcbayreuth	NORM_1WORD

werd	NORM_1WORD
erstmal	O
alles	O
lesen	O
,	O
was	O
die	O
mitgeschickt	O
haben	O
,	O
mich	O
auch	O
beim	O
Market	O
anmelden	O
.	O

ich	NORM_1WORD
hab	NORM_1WORD
gar	O
nicht	O
so	O
aufgepasst	O
war	O
zu	O
lw^^	NORM_1WORD
aber	O
echt	O
ich	O
versteh	NORM_1WORD
auch	O
ned	NORM_1WORD
was	O
da	O
so	O
toll	O
dran	NORM_1WORD
is	NORM_1WORD

pahh	NORM_1WORD
die	O
würd	NORM_1WORD
uns	O
den	O
hals	NORM_1WORD
abbeissen	O
%PosSmiley	O

In	O
11	O
tagen	NORM_1WORD
:	O
Suesser	NORM_1WORD
die	O
Glocken	O
nie	O
klingen	O
...	O

oh	NORM_1WORD
jeh	O

"	O
Ich	O
sprech'	NORM_1WORD
jetzt	O
Hochdeutsch	O
,	O
damit	O
mich	O
die	O
ganze	O
Welt	O
versteht	O
.	O
"	O
fail	O

Ich	O
liebe	O
die	O
Abwechslung	O
.	O

Wie	O
fies	O
die	O
...	O

der	NORM_1WORD
muss	O
zuhause	NORM_2WORD
auch	O
alles	O
herrichten	O
,	O
ich	O
habe	O
kein	O
zimmer	O
mehr	O
bei	O
meinem	O
papa	NORM_1WORD
zuhause	NORM_2WORD
.	O

habe	O
NATUR	NORM_1WORD
GEIL	NORM_1WORD
TITEN	NORM_1WORD
...	O

@username	O
selbst	O
die	O
taschentücher	NORM_1WORD
mit	O
deiner	O
schnodder	NORM_1WORD
sind	O
9999999x	O
mal	O
wer	NORM_1WORD
als	O
der	O
%PosSmiley	O

gangbang	NORM_1WORD
erotik	NORM_1WORD
Berlin	O
In	O
10	O
tagen	NORM_1WORD
:	O
Suesser	NORM_1WORD
die	O
Glocken	O
nie	O
klingen	O
...	O

Da	O
ging	O
er	O
in	O
den	O
Eichenwald	O
und	O
traf	O
ein	O
Eichelschwein	O
...	O

werden	O
uns	O
wirklich	O
alle	O
irgendwann	O
selbst	O
richten	O
...	O

Ich	O
ve	NORM_1WORD
...	O

also	NORM_1WORD
ich	O
gehe	O
nächstes	O
Jahr	O
aufjedenfall	NORM_3PLUS
wieder	O
hin	O
%PosSmiley	O

Ich	O
durecke	NORM_1WORD
dir	O
die	O
Daumen	O
aus	O
Japan	O
!	O

zara	NORM_1WORD
wintermäntel	NORM_1WORD
daunen	NORM_1WORD
sehr	O
schnell	O
,	O
ich	O
würd	NORM_1WORD
das	NORM_1WORD
geld	O
lieber	O
in	O
andere	O
mäntel	NORM_1WORD
investieren	O
!	O

Höfts	NORM_1WORD
ma	NORM_1WORD
!!!!!!!	O

Hab	NORM_1WORD
den	O
Flaskalender	NORM_1WORD
jetzt	O
auch	O
geupdated	O
,	O
war	O
heut	NORM_1WORD
morgen	O
einfach	O
nur	O
müde	O
und	O
hatte	O
keinen	O
Bock	O
mehr	O
den	O
noch	O
...	O

Nerdpr0n	O
am	O
Morgen	O
:	O

%PosSmiley	O
Vampire	O
erschiessen	O
?	O

Nach	O
dem	O
Brandanschlag	O
auf	O
das	O
Amtsger	NORM_1WORD
...	O

Ich	O
schätze	O
mal	O
das	NORM_1WORD
Zelda	O
erst	O
so	O
gegen	O
19-20	O
Uhr	O
kommt	O
..	O

Da	O
geht	O
ihr	O
einer	O
ab	O
...	O
(	O
Schämen	O
für	O
Partner	O
)	O

is	NORM_1WORD
das	O
strafbar	O
so	O
besoofen	NORM_1WORD
zu	O
cruisen	O
?	O

Toller	O
Abend	O
,	O
mit	O
einer	O
grandiosen	O
Frau	O
.	O

Haha	O
%PosSmiley	O

ok	NORM_1WORD
.!	O

Schöner	O
Seitenhieb	O
auf	O
die	O
Presse	O
wegen	O
zuvielen	NORM_2WORD
Frauen	O
die	O
schlecht	O
für	O
das	O
Klischee	O
sind	O
.	O

und	NORM_1WORD
selbst	O
?	O

Achso	NORM_2WORD
!	O

Schüler	O
:	O
ich	O
wusste	O
nicht	O
,	O
das	O
ich	O
sie	O
zuhause	NORM_2WORD
machen	O
musste	O
.	O

Damals	O
an	O
Weihnachten	O
:	O
Der	O
überraschend	O
andere	O
Advent	O
"	O
Damals	O
an	O
Weihnachten	O
"	O
:	O
Musikalische	O
Les	NORM_1WORD
...	O

offenbings	O
bpt112	O

Aber	O
wenn	O
ich	O
sie	O
rufe	O
,	O
ist	O
sie	O
meistens	O
gleich	O
da	O
,	O
das	O
ist	O
voll	O
süss	O
.	O

soooo	NORM_1WORD
schön	O
!	O

Heute	O
21-23	O
Uhr	O
die	O
Sendung	O
:	O
Samstag	O
Abend	O
mit	O
Jesus	O
Eure	O
Sunrise	O
http://t.co/isNxkz5u	O

Ne	NORM_1WORD
noch	O
nicht	O
,	O
aber	O
ich	O
hol	NORM_1WORD
ihn	O
vielleicht	O
noch	O
am	O
WE	NORM_1WORD
,	O
Mama	O
hat	O
heute	O
meinen	O
tollen	O
Plan	O
versaut	O
%PosSmiley	O
:D	O
:D	O

Ick	NORM_1WORD
freu	NORM_1WORD
mich	O
..!	O

danke	NORM_1WORD
für	O
das	O
update	NORM_1WORD
wo	O
man	O
nicht	O
mehr	O
in	O
die	O
waffenordner	NORM_1WORD
einsehen	O
kann	O
..	O

"	O
Wie	O
gehts	NORM_2WORD
dir	O
?	O
"	O

Cosmo	O
:	O
Geologie	O
Geometrie	O
,	O
wo	O
ist	O
da	O
das	O
Problem	O
sind	O
alles	O
Fremdwörter	O
.	O

moin	NORM_1WORD
weiss	O
jemand	O
wie	O
man	O
ein	O
&quot;	O
jojo	NORM_1WORD
deluxe	NORM_1WORD
&quot;	O
abo	NORM_1WORD
fürs	O
handy	NORM_1WORD
kündigt	O
?	O

samuel	NORM_1WORD

(	O
Hab	NORM_1WORD
sogar	O
vorhin	O
was	O
von	O
17C	O
gelesen	O
)	O

Nice	O
,	O
der	O
Rewe	O
aufm	NORM_2WORD
Schlachthof	O
hat	O
FloraPower	O
,	O
aber	O
imo	O
nicht	O
da	O
.	O
gnaaa	O

Ick	NORM_1WORD
wees	NORM_1WORD
,	O
kommt	O
aber	O
imma	NORM_1WORD
jut	NORM_1WORD
!	O

SPD-Parteitag	O
:	O
Harte	O
Kontroversen	O
beim	O
Schaulaufen	O
der	O
Kandidaten	O
:	O
Die	O
K-Frage	O
ungeklärt	O
,	O
der	O
linke	O
Parteiflüge	NORM_1WORD
...	O

%PosSmiley	O
jaa	NORM_1WORD
bestimmt	O
%PosSmiley	O

die	O
könnten	O
mich	O
da	O
hin	NORM_1WORD
fahren	NORM_1WORD
aber	O
nein	O
%PosSmiley	O

werder	O

doch	NORM_1WORD
sicher	O
%PosSmiley	O

naja	NORM_2WORD
club	NORM_1WORD
jetz	NORM_1WORD
nich	NORM_1WORD
aber	O
bei	O
meina	NORM_1WORD
freundin	NORM_1WORD
oft	O
%PosSmiley	O

Wahlberechtigte	O
Menschen	O
unterhalten	O
sich	O
im	O
Hauptabend	O
über	O
Dosenmilch	O
.	O

wär	NORM_1WORD
gut	O
wenn	O
du	O
den	O
leuten	NORM_1WORD
auch	O
die	O
addresse	NORM_1WORD
geben	O
würdest	O

Ich	O
fühl	NORM_1WORD
mich	O
immer	O
so	O
hilflos	O
,	O
wenn	O
meine	O
Mutter	O
noch	O
kurz	O
etwas	O
holen	O
will	O
und	O
ich	O
dann	O
alleine	O
an	O
der	O
Kasse	O
stehe	O
-	O
...	O

jaja	NORM_1WORD
.	O

Der	NORM_1WORD
nette	NORM_1WORD
Italiener	O
möchte	O
ich	O
auch	O
ned	NORM_1WORD
mehr	O
missen	O
!	O

herlich	NORM_1WORD
Honger	O
.	O
%PosSmiley	O

Sie	O
:	O
du	O
schleimer	NORM_1WORD
%PosSmiley	O

Nein	O
,	O
nein	O
,	O
nein	O
.	O

-	O
ich	NORM_1WORD
im	O
heissen	O
Arbeiter	NORM_1WORD
Outfit	NORM_1WORD
gehe	O
auf	O
ne	NORM_1WORD
...	O

Wei	NORM_1WORD
...	O

mimimimimi^^	O

immerhin	NORM_1WORD
kenn	NORM_1WORD
ich	O
jmd	NORM_1WORD
hier	O
%PosSmiley	O

CH	O
:	O
Liebhaber	O
frei	O
fuer	NORM_1WORD
neue	O
Geniesserin	O
:	O
..	O
war	O
10	O
Jahre	O
der	O
beste	O
Freund	O
einer	O
verheirateten	O
Frau	O
.	O

Und	O
ihr	O
lenkt	O
mich	O
eh	NORM_1WORD
grad	NORM_1WORD
sehr	O
ab	O
.	O

Beim	O
Schaelen	NORM_1WORD
einer	O
Lychee	O
.	O

ich	NORM_1WORD
kann	O
dir	O
iwie	NORM_1WORD
nicht	O
glauben	O
dass	O
du	O
13	O
bist	O
:D	O

Ich	O
muss	O
viel	O
schlafen	O
,	O
hab	O
ne	NORM_1WORD
Zwangspause	O
(	O
-	O
nicht	O
Jacke	O
)	O
,	O
wegen	O
Krankenhaus	NORM_1WORD
aufhalt	NORM_1WORD
!	O

Jop	O
,	O
sind	O
immer	O
kleine	O
Spinner	O
wie	O
wir	O
,	O
oder	O
iwelche	NORM_1WORD
Bots	O
%PosSmiley	O

Wenn	O
ich	O
der	O
Gottschalk	O
wär	NORM_1WORD
,	O
würde	O
ich	O
morgen	O
überziehen	O
,	O
bis	O
sie	O
mich	O
mit	O
nem	NORM_1WORD
Rinderschocker	O
von	O
der	O
Bühne	O
treiben	O
.	O

Nichts	O
gebrochen	O
,	O
nichts	O
...	O

Best	O
wel	O
die	O
achtergronden	O
lijken	O
net	NORM_1WORD
echt	O
hoor	O
..	O

das	NORM_1WORD
wär	NORM_1WORD
ja	O
noch	O
schöner	O
.	O

Woran	O
merkt	O
man	O
das	NORM_1WORD
@username	O
nicht	O
an	O
PC	O
sitz	NORM_1WORD
?	O

Schöner	O
wohnen	O
mit	O
Tapeten	O
:	O
Rauhfaser	NORM_1WORD
ist	O
längst	O
passee	NORM_1WORD

Noch	O
auf	O
der	O
Suche	O
nach	O
dem	O
passenden	O
Weihnachtsgeschenk	O
für	O
die	O
Freundin	O
oder	O
Frau	O
?	O

Ein	O
Mops	O
sass	O
auf	O
dem	O
Sofa	O
rum	NORM_1WORD
und	O
fand	O
sich	O
so	O
allein	O
.	O

Twilight	O
Fanfiktion	O
Adventskalender	O
FictionFans	NORM_1WORD

ich	NORM_1WORD
liebe	O
dich	O
so	O
unendlich	O
sehr	O
*dichküss*	NORM_3PLUS
%PosSmiley	O
**	O
Nachti	NORM_1WORD

Auf	O
der	O
Seite	O
werden	O
d	O
...	O

fcb	NORM_1WORD
%Link	O
%Link	O

Papierloses	O
Büro	O
-	O
Software	O
für	O
Dokumentenverwaltung	O
:	O
Ich	O
bin	O
momentan	O
auf	O
der	O
Suche	O
nach	O
einer	O
Software	O
die	O
fol	NORM_1WORD
...	O

Wenn	O
ICH	NORM_1WORD
es	O
nicht	O
vergesse	O
,	O
erinner	NORM_1WORD
ich	O
dich	O
.	O
%PosSmiley	O

er	NORM_1WORD
26	O
jahre	O
:	O
Gudensberg	O

Das	O
ist	O
doch	O
nicht	O
die	O
Mutter	O
?	O

Auch	O
'	NORM_1WORD
schöne	O
Gruppe	O
...	O
Euro2012	O

irgendwie	NORM_1WORD
werd	NORM_1WORD
ich	O
grad	NORM_1WORD
geil	O

Auf	O
dem	O
weg	NORM_1WORD
nach	O
friedrichshafen	NORM_1WORD
fuer	NORM_1WORD
wetten	NORM_1WORD
dass	O
.	O

Ne	NORM_1WORD
ne	NORM_1WORD
,	O
es	O
ist	O
viel	O

ne	NORM_1WORD
,	O
aber	O
ich	O
darf	O
ordentlich	O
flitzen	O
%NegSmiley	O

Naa	O
zack	O
Prack	O
!!	O
o:	O

Freu	NORM_1WORD
mich	O
auf	O
morgen	O
!!!	O
bpt11	O

Halloooooo	NORM_1WORD
,	O
was	O
denkt	O
ihr	O
..	O

%PosSmiley	O
bei	O
uns	O
garnicht	NORM_2WORD
%PosSmiley	O
xx	O

Das	O
Präfix	O
"	O
Neo-	O
"	O
bezeichnet	O
Kunstformen	O
,	O
die	O
sich	O
mangels	O
Kreativität	O
bei	O
Vorgefundenem	O
bedienen	O
(	O
Neogotik	O
,	O
Neobarock	O
,	O
Neobangbowwwwismus	NORM_1WORD
)	O
.	O

Handentspannung	O
und	O
Fuss-	O
/	O
Schuherotik	O
gibts	NORM_2WORD
hier	O

Vorallem	NORM_2WORD
hat	O
sie	O
so	O
voll	O
keinen	O
Plan	O
von	O
unserem	O
Leben	O
.	O

Jemand	O
schon	O
Froop	O
Joghurt	O
gegessen	O
?	O

jaa	NORM_1WORD
schon	O
..	O

-	O
"	O
%PosSmiley	O
und	O
dir	O
?	O
"	O
-	O
"	O
Mir	O
Rofl	O
.	O
"	O

also	NORM_1WORD
bewege	O
deinen	O
arsch	NORM_1WORD
hier	NORM_1WORD
her	NORM_1WORD
.	O

Endlich	O
mal	O
Sport-News	O
den	O
ganzen	O
Tach	NORM_1WORD
.	O

Kannste	NORM_2WORD
aber	O
bei	O
mir	O
abgeben	O
!	O

"	O
Was	O
würdest	O
du	O
sagen	O
wenn	O
ich	O
"	O
ich	O
liebe	O
dich	O
"	O
zu	O
dir	O
sagen	O
würde	O
?	O
"	O

hehe	O
,	O
die	O
ham	NORM_1WORD
ne	NORM_1WORD
scheiss	NORM_1WORD
gruppe	NORM_1WORD
erwischt	O
bei	O
der	O
euro12	O
-	O
fussball	NORM_1WORD
%PosSmiley	O

Xii	O
.	O

Domian	O
-	O
Janine	O
sollte	O
nächste	O
Woche	O
gaaaanz	NORM_1WORD
genau	O
zuhören	O
!	O

ok	NORM_1WORD
bin	O
jetz	NORM_1WORD
unten	O
und	O
les	NORM_1WORD
mir	O
die	O
gottverdammte	O
bedinungsanleitung	NORM_1WORD
durch	O
..!	O

Sohn	O
:	O
das	O
is	NORM_1WORD
nur	O
wenn	O
ich	O
den	O
so	O
wech	NORM_1WORD
exe	O

Befriedigung	O
der	O
Männer	O
!!!!!:	O

Ich	O
liebe	O
die	O
Abwechslung	O
.	O

was	NORM_1WORD
ist	O
denn	O
das	O
für	O
einer	O
?	O

Nach	O
Fund	O
von	O
Knochenmark	O
-	O
Wissenschafter	NORM_1WORD
halten	O
Klonen	O
von	O
Mammuts	O
für	O
möglich	O
:	O
Japanische	O
und	O
russische	O
Forsc	NORM_1WORD
...	O

An	O
nichts	O
muss	O
man	O
mehr	O
zweifeln	O
als	O
an	O
Sätzen	O
,	O
die	O
zur	O
Mode	O
geworden	O
sind	O
.	O

Vorher	O
meinte	O
sie	O
,	O
dass	O
sei	O
Justin	O
Bieber	O
.	O

Das	O
nenn	NORM_1WORD
ich	O
Selbstironie	O
vom	O
Feinsten	O
.	O

Kann	O
mir	O
jemand	O
verraten	O
wo	O
ich	O
den	O
akku-lade-zustand	NORM_1WORD
seh	NORM_1WORD
?	O

Wenn	O
Lahm	O
als	O
6er	O
spielt	O
,	O
wird	O
alaba	NORM_1WORD
dann	O
als	O
LV	O
eingesetzt	O
`	O
?	O

@username	O
ist	O
zwar	O
nur	O
ne	NORM_1WORD
kleine	O
Maschine	O
,	O
aber	O
wie	O
haben	O
die	O
nespresso	NORM_1WORD
citiz	NORM_1WORD
und	O
sind	O
begeistert	O
;	O
es	O
gibt	O
da	O
aber	O
verschiedene	O
Modelle	O

Hast	O
du	O
nich	NORM_1WORD
weil	O
du	O
pruede	NORM_1WORD
bist	O
!	O
%PosSmiley	O

Ich	O
hoffe	O
inständig	O
@username	O
hat	O
nen	NORM_1WORD
1Euro	O
Jobber	O
eingestellt	O
und	O
sitzt	O
NICHT	O
selbst	O
am	O
PC	O
und	O
antwortet	O
jedem	O
Gratulanten	O
persönlich	O
...	O

Werd	NORM_1WORD
irgendwann	O
mal	O
nach	O
Wtal	NORM_1WORD
kommen	O

Wer	O
am	O
11.	O
März	O
2011	O
im	O
japanischen	O
Atomkraftwer	NORM_1WORD
...	O

na	NORM_1WORD
kalorienmässig	O
wars	NORM_2WORD
glaub	NORM_2WORD
gut	O

Bin	O
grad	NORM_1WORD
mit	O
@username	O
im	O
Paparazzi	O
Erfurt	O

weisste	NORM_2WORD
wo	O
mir	O
ed	NORM_1WORD
am	O
meisten	O
leit	NORM_1WORD
getan	O
hat	O
?	O

Das	O
wäre	O
ja	O
echt	O
der	O
Hammer	O
.	O

Ich	O
freu	NORM_1WORD
mich	O
über	O
jedes	O
neues	NORM_1WORD
Mitglied	O
mit	O
Bewusstsein	O
über	O
unser	O
(	O
noch	O
)	O
freies	O
Netz	O

sry	NORM_1WORD
das	NORM_1WORD
ich	O
so	O
plötzlich	O
off	O
war	O
%NegSmiley	O

KEINE	NORM_1WORD
BELEIDIGUNGEN	NORM_1WORD
!	O

News	O
zu	O
Mediation	O
:	O
BRAK	O
begrüsst	O
Neuregelungen	O
zur	O
aussergerichtlichen	O
Streitschlichtung	O
-	O
Legal	O
Tr	NORM_1WORD
...	O
%Link	O

aber	NORM_1WORD
würde	O
mich	O
freuen	O
..	O
so	O
'n	NORM_1WORD
bisschen	O
..	O
nacht	NORM_1WORD
.	O

Gott	O
,	O
gehts	NORM_2WORD
mir	O
gerade	O
gut	O
.	O

ja	NORM_1WORD
,	O
schon	O
.	O

Ja	O
name	O
weiss	O
ich	O
jetzt	O
auch	O
%PosSmiley	O

Geholzt	O
wird	O
deutsche	O
EICHE	O
!	O

Freundschaft	O
muss	O
man	O
stehts	NORM_1WORD
pflegen	O
,	O
denn	O
wenn	O
man	O
die	O
besten	O
Menschen	O
vernachlässigt	O
dann	O
verschwinden	O
sie	O
nach	O
und	O
nach	O
..	O

mich	NORM_1WORD
schockt	O
hier	O
nichtsmehr	NORM_2WORD
&lt;/3	O

haha	O
,	O
aber	O
es	O
ist	O
umsonst	O
und	O
danach	O
würde	O
ich	O
sicher	O
bis	O
zur	O
Landu	NORM_1WORD
...	O

möchte	NORM_1WORD
das	O
Video	O
sehen	O
wie	O
man	O
App-	NORM_1WORD
abstürtze	NORM_1WORD
vermeiden	O
kann	O
%PosSmiley	O

Nur	O
wenn	O
ich	O
dr	NORM_1WORD
Kaffi	NORM_1WORD
darf	O
offeriere	NORM_1WORD
@username	O
ff	O

Ohrwürmle	NORM_1WORD
...	O

"	O
Eine	NORM_1WORD
wen	NORM_2WORD
,	O
Dr	O
Dällebach	O
Kari	O
"	O
von	O
Xavier	O
Koller	O
eröffnet	O
die	O
47.	O
Solothurner	O
Filmtage	O
2012	O
!	O

Die	O
ZEIT	O
sah	O
sich	O
im	O
Übrigen	O
veranlasst	O
,	O
zum	O
Thema	O
Gutti	O
und	O
DIE	O
ZEIT	O
ne	NORM_1WORD
Stellungnahme	O
abzugeben	O
:	O

guats	NORM_1WORD
Nächtle	NORM_1WORD
Ihr	O
Lieben	O
..	O

@username	O
hat	O
noch	O
ein	O
paar	NORM_1WORD
Kinderkrankheiten	O
.	O

hab	NORM_1WORD
's	NORM_1WORD
mit	O
meinen	O
öko-back-skills	NORM_1WORD
nun	O
wohl	O
so	O
langsam	O
übertrieben	O
.	O

mach	NORM_1WORD
mich	O
nich	NORM_1WORD
schwach	O
...	O

So	O
richtig	O
mit	O
Schuhe	NORM_1WORD
an	O
und	O
so	O
.	O

Auf	O
gehts	NORM_2WORD
alle	O
in	O
die	O
Halle	O
!	O

Schnee	O
im	O
Januar	O
und	O
Februar	O
,	O
wo	O
wird	O
das	O
no	NORM_1WORD
...	O

İstanbul	O
ist	O
sehr	O
ausgefallen	O
.	O

warum	O
auf	O
einmal	O
bei	O
Skype	O
off	O
?	O
%PosSmiley	O

Bilder	O
vom	O
Samstag	O
:	O
Die	O
Bombe	O
wird	O
trockengelegt	O
:	O
Am	O
Samstag	O
wurde	O
die	O
1,8-Tonnen-Bombe	O
im	O
Rhein	O
bei	O
Koblenz	O
sic	NORM_1WORD
...	O

Fliesenschneider	O
:	O
Monheim	O
am	O
Rhein	O
|	O
1	O
Fliesenschneider	O
250	O
mm	O
mit	O
Hartmetalrad	NORM_1WORD
und	O
Brechvorichtung	O
,	O
wegen	O
Ansch	NORM_1WORD
...	O

d.h.	NORM_1WORD
ich	O
muss	O
bis	O
Werbung	O
von	O
voice	NORM_1WORD
warten	O
oder	O
wird	O
meine	O
Neugier	O
garnicht	NORM_2WORD
befriedigt	O
?	O

Piraten-Parteitag	O

Folgt	O
mal	O
alle	O
der	O
@username	O
.	O

bist	NORM_1WORD
auch	O
nich	NORM_1WORD
meine	O
485.	O
wahl	NORM_1WORD

sry	NORM_1WORD
,	O
aber	O
Weinachtskarten	NORM_1WORD
und	O
Kreutzwörträsel	NORM_1WORD
kann	O
ich	O
schon	O
%PosSmiley	O

Arvel	O
ist	O
ne	NORM_1WORD
doofe	O
Kuh	O
!	O

Ihr	O
kriegt	O
auch	O
nen	NORM_1WORD
Kaffee	O
oder	O
Tee	O
!	O
%PosSmiley	O
@username	O

%PosSmiley	O
%PosSmiley	O

Nachti	NORM_1WORD
%PosSmiley	O

Nicht	O
allein	O
zuhause	NORM_2WORD
weil	O
in	O
Gesellschaft	O
einer	O
grossen	O
Portion	O
Rindsuppe	O
.	O

Ich	O
bin	O
so	O
gluecklich	NORM_1WORD
!	O

Gute	O
Besserung	O
!	O

eine	NORM_1WORD
geil	NORM_1WORD
sau	NORM_1WORD

Wieso	O
sollte	O
ich	O
son	NORM_2WORD
Team	O
haben	O
?!	O
%PosSmiley	O

ich	NORM_1WORD
hab	NORM_1WORD
nix	NORM_1WORD
bekommen	O
,	O
kann	O
das	O
sein	O
das	NORM_1WORD
das	O
ne	NORM_1WORD
andere	NORM_1WORD
war	O
:)	O
?	O

Bin	O
gespannt	O
was	O
@username	O
morgen	O
so	O
alles	O
zu	O
erzählen	O
hat	O
!	O

ich	NORM_1WORD
heirate	O
dich	O
was	O
hälste	NORM_2WORD
davon	O
??	O

nicht	O
verstanden	O
:	O
Isch	NORM_1WORD
bins	NORM_2WORD
kleen	O
&	O
ammo	O
wisse	O
ger	NORM_1WORD
.	O

Ich	O
schenk'	NORM_1WORD
euch	O
dieses	O
Weihnachtslied	O
von	O
Cagey	O
Strings	O

BKH-Kitten	O
aus	O
liebevoller	O
Hobbyzucht	O
suchen	O
einen	O
Kuschelplatz	O
:	O
Dortmund	O
|	O
Unser	O
D-Wurf	O
ist	O
am	O
3.11.2011	O
angeko	NORM_1WORD
...	O

mehr	O
dazu	O
auf	O
ht	O

Wenn	O
ich	O
nix	NORM_1WORD
höre	O
,	O
hab	NORM_1WORD
ich	O
vergessen	O
abzuziehen	O

jaaaa	NORM_1WORD
meins	O
find	NORM_1WORD
ich	O
zwar	O
nicht	O
so	O
toll	O
aber	O
ich	O
freuich	NORM_2WORD
so	O
-	O
konnte	O
eure	O
leider	O
noch	O
nich	NORM_1WORD
sehen	O
aber	O
freu	NORM_1WORD
mich	O
schon	O

X17	O
Organizer	O
Zubehoer	NORM_1WORD
A6	O
Monatskalender	O
2011	O
:	O
Die	O
Einlagen	O
sind	O
auf	O
feinem	O
,	O
weichem	O
,	O
leicht	O
elfenbeinfarbigem	O
6	O
...	O

Hilfeeee	NORM_1WORD
,	O
beschützt	O
mich	O
vor	O
dieser	O
grausamen	O
Gestalt	O
!	O

Geniesse	O
den	O
Tag	O
und	O
feier	O
ihn	O
ausgiebig	O
!	O
...	O
%Link	O
reptilien	NORM_1WORD

schmeiss	NORM_1WORD
ihn	O
nicht	O
umsonst	O
weg	O
%PosSmiley	O

Ja	O
!	O

egal	NORM_1WORD
was	O
ihr	O
jetzt	O
macht	O
,	O
ich	O
ess	NORM_1WORD
jetzt	O
so'n	NORM_2WORD
stück	NORM_1WORD
von	O
dem	O
geilen	O
stollen	NORM_1WORD
!	O

ICE2881	O
über	O
Nürnberg	O
Hbf	O
nach	O
München	O
Hbf	O
:	O
ca.	O
20	O
Min.	O
später	O

Ungewöhnliche	O
Probleme	O
erfordern	O
ungewöhnliche	O
Massnahmen	O
-	O
Die	O
Problemlöser	O
und	O
Schattenmänner	O
der	O
Manager	O
SOS	O
Frankfurt	O

Ich	O
stand	O
schonmal	NORM_2WORD
hinter	O
Bubka	O
in	O
der	O
Schlange	O
vor	O
einem	O
Buffet	O
.	O

Hergun	O
yeni	O
bir	O
macera	O
.	O
%NegSmiley	O

nun	NORM_1WORD
much	O
chillin	NORM_1WORD

Sie	O
:	O
sondern	O
?	O
:$	O

Okay	O
,	O
würd	NORM_1WORD
sagen	O
das	O
Eis	O
hätten	O
wir	O
dann	O
jetzt	O
gebrochen	O
...	O

Diverse	O
Medien	O
:	O
Marina	O
Weisband	O
als	O
"	O
Hoffungsträgerin	NORM_1WORD
"	O
.	O

Find	NORM_1WORD
aber	O
viel	O
übersichtlicher	O
als	O
das	O
alte	NORM_1WORD
!	O
%PosSmiley	O

Einer	O
bösen	O
Kundenmail	O
grade	NORM_1WORD
ganz	O
lieb	O
und	O
nett	O
gewantwortet	NORM_1WORD
ich	O

Hach	O
,	O
Mary	O
!	O
%PosSmiley	O
wettendass	NORM_2WORD

Noch	O
nicht	O
aber	O
ich	O
kanns	NORM_2WORD
ja	O
auch	O
morgen	O
lesen	O
oder	O
?	O

hab	NORM_1WORD
schon	O
gdacht	NORM_1WORD
u	NORM_1WORD
kommsch	NORM_1WORD
gar	O
neme	NORM_1WORD
(	O
ned	NORM_1WORD
scho	NORM_1WORD
wieder	O
pervers	O
denken	O
%PosSmiley	O
ich	O
...	O

Macht	O
euch	O
ge	NORM_1WORD
...	O

oooh	NORM_1WORD
vielleicht	O
muss	O
ich	O
noch	O
warten	O
%PosSmiley	O
%PosSmiley	O

Nur	O
als	O
Info	O
...	O

Weiterhin	O
Satz	O
und	O
Datenbearbeitung	O
mit	O
dem	O
...	O

Druck	O
auf	O
die	O
Tr&0228;nendr&#0252;se	NORM_1WORD
:	O
Diese	O
emotionalen	O
Szenen	O
aus	O
Games	O
bleiben	O
uns	O
f&0	O
...	O

oah	NORM_1WORD
ich	O
kann	O
nicht	O
mehr	O
grade	NORM_1WORD
--	O

Ich	O
wär	NORM_1WORD
gern	O
so	O
ein	O
scheiss	NORM_1WORD
Adoptivkind	O
von	O
nem	NORM_1WORD
Scheiss	NORM_1WORD
Star	O
!	O

%PosSmiley	O

omg	O
meine	O
Nerven	O
*	O
%PosSmiley	O
*	O

OMG	O
Ganz	O
grosses	O
Kino	O
^^	O

Vielleicht	O
kriegen	O
wir	O
@username	O
auch	O
überredet	O
.	O
%PosSmiley	O

wollte	O
ich	O
zu	NORM_1WORD
mindestens	NORM_1WORD
net	NORM_1WORD
und	O
ich	O
geh	NORM_1WORD
jetzt	O
meine	O
schuhe	O
hole	NORM_1WORD
bis	O
später	O
hdgggggggggdl	O
%PosSmiley	O
%PosSmiley	O

Ich	O
fands	NORM_2WORD
nicht	O
richtig	O
.	O

Dein	O
Blog	O
ist	O
super	O
.	O

Also	O
bei	O
mir	O
stehts	NORM_2WORD
in	O
den	O
Deutschland-Trends	O

So	O
Jetzt	NORM_1WORD
sitz	NORM_1WORD
ich	O
hier	O
schon	O
eine	O
stunde	NORM_1WORD
und	O
habe	O
eine	O
Föhnhaube	O
auf	O
!!	O

Maximal	O
aber	O
gar	O
nix	NORM_1WORD
.	O

Grosseinsatz	O
in	O
Solingen	O
:	O
Bankräuber	O
flüchtet	O
ohne	O
Beute	O
:	O
Die	O
Polizei	O
kam	O
zum	O
Grosseinsatz	O
und	O
belagerte	O
die	O
Bankf	NORM_1WORD
...	O

Suche	O
nach	O
Frauen	O
:	O
Essen	O

@EuropaJens	O
:	O
ist	O
unterwegs	O
nach	O
Berlin	O
zum	O
BPT	O
der	O
SPD	O
"	O

vor	NORM_1WORD
allem	O
machen	O
die	O
bei	O
uns	O
so	O
ein	O
Hype	O
darum	O
,	O
nur	O
weils	NORM_2WORD
heute	O
in	O
Friedrichshafen	O
ist	O

putzen	NORM_1WORD
?	O
"	O

Viel	O
Spass	O
in	O
der	O
Welt	O
draussen	O
%PosSmiley	O

Robben	O
zunächtst	NORM_1WORD
auf	O
der	O
Bank	O
.	O

@username	O
vllt	NORM_1WORD
gelegenheit	NORM_1WORD
ihn	O
mal	O
auftragen	O
zu	O
lassen	O
?	O

Luftmine	O
bei	O
Koblenz	O
:	O
Killer	O
im	O
Schlick	O
:	O
Es	O
ist	O
die	O
wohl	O
grösste	O
Evakuierung	O
seit	O
dem	O
Zweiten	O
Weltkrieg	O
:	O
In	O
Koble	NORM_1WORD
...	O

:	O

hmm	O
,	O
bei	O
mir	O
kommen	O
auch	O
böse	O
erinnerungen	NORM_1WORD
hoch	O

Nur	O
mit	O
~~	O
ON	O
A	O
NEW	O
WAVE	O
~~	O
brandneue	O
WAVE	O

Steuertipps	O
für	O
Kleinunternehmer	O
Minijobber	O
:	O
Pauschal	O
oder	O
individuell	O
?	O

ja	NORM_1WORD
ich	O
dachte	O
mir	O
auch	O
na	O
super	O
geht	O
man	O
zu	O
nem	NORM_1WORD
1d	O
fan	NORM_1WORD
event	NORM_1WORD
und	O
kennt	O
nichmal	NORM_2WORD
die	O
namen	NORM_1WORD
%PosSmiley	O

RE18321	O
über	O
Berlin	O
Hbf	O
nach	O
Berlin	O
Südkreuz	O
:	O
ca.	O
30	O
Min.	O
später	O
-	O
Notarzteinsatz	O
am	O
Gleis	O
spaeter	NORM_1WORD

Morgen	O
geht	O
's	NORM_1WORD
auf	O
nach	O
Houston	O
.	O

wertvoll	O
und	O
unverzi	NORM_1WORD
...	O

-	O
Spiegel	O
Online	O
:	O
Berliner	O
Morgenpost	O
CSU	O
über	O
Guttenberg	O
...	O

-	O
Deine	O
Auforderung	NORM_1WORD
!	O

xD	O
kenn	NORM_1WORD
das	O
mittlerweile	O

Betten	O
&	O
Wiegen	O
Bauern-Baby-Wiege	O
in	O
Kassel	O
:	O
Bauern-Baby-Wiege	O
,	O
auch	O
zu	O
Dekorationszwecke	NORM_1WORD
geei	NORM_1WORD
...	O
%Link	O

das	NORM_1WORD
ist	O
schade	O

Deutsch	O
Lichtenberg	O
Danisch	NORM_1WORD
Zitate	O
Deutschland	O

Ich	O
nutze	O
Googles	O
Blogger	O
,	O
weil	O
ich	O
es	O
als	O
erstes	O
System	O
zum	O
Bloggen	O
genutzt	O
habe	O
,	O
es	O
gut	O
und	O
übersichtlich	O
fi	NORM_1WORD
...	O

Ich	O
würde	O
gern	O
mal	O
wieder	O
'	NORM_1WORD
Runde	O
fernsehen	O
.	O

Newsfunk	O
Fukushima-Bericht	O
:	O
Als	O
das	O
Meer	O
in	O
den	O
Atommeiler	O
strömte	O
%Link	O

twoffdings	O

-	O
Das	O
wird	O
bestimmt	O
ganz	O
toll	O

Sieht	O
ja	O
nicht	O
so	O
dolle	NORM_1WORD
aus	O
beim	O
fcsp	NORM_1WORD
%NegSmiley	O

Du	O
bist	O
immer	O
so	O
aggr	NORM_1WORD
...	O
(	O
cont	O
)	O

Und	O
hillarious	O
wenn	O
diese	O
Horrorsoundscape	O
dann	O
plötzlich	O
zu	O
nem	NORM_1WORD
fröhlichen	O
Trompetenmarsch	O
wird	O
.	O

ich	O
umarm	NORM_1WORD
dann	O
eben	O
nur	O
was	O
auf	O
augenhöhe	NORM_1WORD
is	NORM_1WORD
%PosSmiley	O

Lutschen	O
find	NORM_1WORD
ich	O
gut	O
.	O

Lmao	O
..	O

das	NORM_1WORD
ist	O
okay	O
,	O
bei	O
mir	O
fällt	O
's	NORM_1WORD
momentan	O
so	O
1x	O
stündlich	O
aus	O
...	O
%PosSmiley	O

Irwie	NORM_1WORD
ist	O
meine	O
Laune	O
noch	O
recht	O
beschränkt	O
^^	O

Ich	O
kapiers	NORM_2WORD
nicht	O
wenn	O
leute	NORM_1WORD
fotots	NORM_1WORD
posten	O
und	O
dann	O
immer	O
drunter	NORM_1WORD
schreiebn	NORM_1WORD
:	O
"	O
Sieht	O
scheisse	NORM_1WORD
aus	O
.	O

sie	NORM_1WORD
meint	O
dass	O
sie	O
es	O
richtig	O
gut	O
findet	O
dass	O
ihre	O
mum	NORM_1WORD
es	O
weiss	O
weil	O
sie	O
es	O
jez	NORM_1WORD
nich	NORM_1WORD
mehr	O
verheimlichen	O
muss	O
,	O
er	O
hat	O
ihr	O
zb	NORM_2WORD
ein	O

genau	NORM_1WORD
!	O

spaass	NORM_1WORD
!	O

Portugal	O
&	O
Dänemark	O
kann	O
uns	O
mal	O
%PosSmiley	O

Wegen	O
Brandschutz	O
!	O

Werd	NORM_1WORD
ich	O
machen	O
%PosSmiley	O

Und	O
nu	NORM_1WORD
?	O

Go	O
for	O
it	O
!	O

jaaaa	NORM_1WORD
so	O
schlimm	O
hier	O
grad	NORM_1WORD
,	O
hachja	NORM_2WORD

gehen	NORM_1WORD
wir	O
heute	O
waterfront	NORM_1WORD
?	O

Heute	O
Abend	O
18.00	O
Uhr	O
Tischtennis	O
Bezirksliga	O
Topspiel	O
!	O

Ich	O
weiss	O
nix	NORM_1WORD
.	O

david	NORM_1WORD
sedaris	NORM_1WORD
kenn	NORM_1WORD
ich	O
a	NORM_1WORD
Net	NORM_1WORD
...	O

sag	NORM_1WORD
halt	O
die	O
sollen	O
auch	O
mal	O
vorbei	NORM_1WORD
schaun	NORM_1WORD
oder	O
wir	O
schaun	NORM_1WORD
vorbei	O
%PosSmiley	O

Das	O
Unternehmen	O
sucht	O
in	O
Radolfzell	O
...	O

Lass	O
mal	O
was	O
machen	O
.	O

soo	NORM_1WORD
bin	O
wech	NORM_1WORD
-	O
&gt;	O
zeichen	NORM_1WORD
kurs	NORM_1WORD
und	O
dann	O
Herr	O
der	O
Ringe	O
Marathon	O
%PosSmiley	O
bye	NORM_1WORD

GUTSCHEIN	NORM_1WORD
für	O
BOTOX	NORM_1WORD
Behandlung	O
!	O
:	O
Wien	O
|	O
Vergebe	O
Gutschein	O
fuer	NORM_1WORD
eine	O
professionelle	O
Botox	O
Behandlung	O
in	O
einem	O
Wie	NORM_1WORD
...	O

ich	NORM_1WORD
kann	O
das	O
auch	O
mit	O
dem	O
Klo	O
.	O

Aber	O
leider	O
wird	O
das	O
nicht	O
passieren	O
.	O

Um	O
diese	O
Zeit	O
wär	NORM_1WORD
ein	O
höheres	O
tweetaufkommen	NORM_1WORD
ja	O
auch	O
gar	O
nicht	O
auffassungsgaben	NORM_1WORD
angepasst	O

Angelworld	O
:	O
Das	O
Angebot	O
umfasst	O
alle	O
gangigen	NORM_1WORD
Angelartikel	O
einer	O
normalen	O
Angelausrustung	NORM_1WORD

die	NORM_1WORD
scho	NORM_1WORD
sind	O
halt	O
kuschelbedürftig	O
.	O
D	O

Luftmine	O
bei	O
Koblenz	O
:	O
Killer	O
im	O
Schlick	O
:	O
Es	O
ist	O
die	O
wohl	O
grösste	O
Evakuierung	O
seit	O
dem	O
Zweiten	O
Weltkrieg	O
:	O
In	O
Koble	NORM_1WORD
...	O

|	O
Ich	O
moechte	NORM_1WORD
mich	O
einem	O
sauberen	O
u	NORM_1WORD
netten	O
Paar	O
voll	O
u	NORM_1WORD
ganz	O
zur	O
Verfu	NORM_1WORD
...	O

Ich	O
druck	NORM_1WORD
jetzt	O
das	O
Ausmalbild	O
von	O
Lush	O
aus	O
und	O
mal	O
das	O
aus	O
.	O

nö	NORM_1WORD
noch	O
nicht	O
%PosSmiley	O

Trinke	O
fettarme	O
Milch	O
,	O
esse	O
fettarmen	O
Joghurt	O
/	O
Käse	O
.	O

Hoppla	O
.	O

Sry	NORM_1WORD
hatte	O
keinen	O
Bock	O
mehr	O
%PosSmiley	O

"	O
zum	NORM_1WORD
Start	O
in	O
den	O
Morgen	O
Marlon	O
Roudette	O
New	O
Age	O
http://t.co/rGDUVl87	NORM_1WORD
"	O

dankööö	NORM_1WORD

Daran	O
ist	O
nich	NORM_1WORD
...	O

Ich	O
muss	O
mir	O
ständig	O
ohne	O
Ende	O
Gemüse	O
reinkloppen	NORM_1WORD
.	O

Hier	O
geht	O
voll	O
die	O
Lutzi	O
ab	O
%PosSmiley	O

Na	O
mal	O
schauen	O
wie	O
ich	O
jetzt	O
von	O
hier	O
wieder	O
nachhause	NORM_2WORD
komme	O
.	O
Kreuzberg	O
-&gt;	O
Hohenschönhausen	O
bpt11	O

ok	NORM_1WORD
%PosSmiley	O

2	O
,	O
kann	O
davon	O
doch	O
nich	NORM_1WORD
so	O
viel	O
trinken	O
fructose	NORM_1WORD

Ich	O
erwähn’s	NORM_2WORD
ja	O
nur	O
,	O
weil	O
ich	O
noch	O
nen	NORM_1WORD
10	O
Monate	O
alten	O
Bug	O
auf	O
MacPorts’	O
git-core	O
offen	O
hab	NORM_1WORD
.	O

Pervers	O
viel	O
los	O
.	O

weiss	NORM_1WORD
jemand	O
über	O
die	O
unterschiede	NORM_1WORD
der	O
obengena	NORM_1WORD
stelle	NORM_1WORD
mich	O
zur	O
Verfügung	O
:	O
Mönchengladbach	O

Spielzeugküche	O
von	O
Berchet	O
:	O
Gelsenkirchen	O
|	O
Gebrauchte	O
Spielkueche	NORM_1WORD
von	O
Berchet	O
,	O
Model	O
Superjouet	O
mit	O
Zubehoer	NORM_1WORD
...	O

"	O
Kuck	NORM_1WORD
,	O
kuck	NORM_1WORD
,	O
da	O
oben	O
haben	O
wir	O
bei	O
der	O
euro1996	O
gesessen	O
"	O

schöööner	NORM_1WORD
ENGEL	O
!!!!!!!!!!!!!!!	O

ich	NORM_1WORD
glaub	NORM_1WORD
,	O
ich	O
geh	NORM_1WORD
ins	O
bett	NORM_1WORD
.	O

frag	NORM_1WORD
sie	O
doch	O
vllt	NORM_1WORD
mal	O
was	O
los	O
ist	O
.	O

ja	NORM_1WORD
,	O
ja	O
ich	O
weiss	O
...	O

Auf	O
dem	O
fReidhof	NORM_1WORD
werd'	NORM_1WORD
ich	O
herum	NORM_1WORD
schleichen	NORM_1WORD
und	O
dabei	O
tret'	NORM_1WORD
ich	O
auf	O
tote	O
Leichen	O

Sagt	O
der	O
Gottschalk	O
zu	O
nem	NORM_1WORD
blinden	O
Jungen	O
"	O
Du	O
wirst	O
es	O
gleich	O
sehen	O
"	O
.	O

nit	NORM_1WORD
nur	O
der	O
%PosSmiley	O

Ich	O
liebe	O
die	O
werbig	NORM_1WORD
vo	NORM_1WORD
Happy	O
Feet	O
2	O
,	O
wo	O
de	O
chli	O
so	O
seit	O
OKIDOKI	O
%PosSmiley	O

wie	NORM_1WORD
geht	O
's	NORM_1WORD
dir	O
?	O

Nur	O
vicodin	NORM_1WORD
fuer	NORM_1WORD
arme	NORM_1WORD
-	O
goldbrand	NORM_1WORD
und	O
beerenwein	NORM_1WORD
.	O

Niko-Fete	O
:	O
Geil	O
wars	NORM_2WORD
!	O
-	O
Grosses	O
Lob	O
an	O
die	O
Fachschaft	O
BCG	O
und	O
@username	O

Ihr	O
habt	O
ne	NORM_1WORD
Frage	O
an	O
den	O
atzigsten	NORM_1WORD
Arzt	O
auf	O
dem	O
Planeten	O
?	O

@username	O
jetzt	O
?	O

Wenn	O
du	O
dich	O
zwischen	O
Freundschaft	O
oder	O
Liebe	O
entscheiden	O
musst	O
,	O
wähle	O
stehts	NORM_1WORD
die	O
Freundschaft	O
LoveLiveLaugh_2	O

Und	O
jetzt	O
?	O

vllt	NORM_1WORD
wirst	O
du	O
ja	O
jetzt	O
bodybuilder	NORM_1WORD

voll	NORM_1WORD
der	O
spast	NORM_1WORD
der	O
Tobi	O
,	O
der	O
hat	O
kein	O
twitter	NORM_1WORD
du	O
dreckiger	O
boasti	NORM_1WORD

RNK-VERLAG	NORM_1WORD
Aufbewahrungsbox	O
Thermorollen	O
:	O
RNK-VERLAG	NORM_1WORD
RNK	O
3107N	O
ThermorollenBox	O
Zur	O
Aufbewahrung	O
von	O
Thermopap	NORM_1WORD
...	O

Altkanzler	O
:	O
Gerhard	O
Schröder	O
warnt	O
SPD	O
vor	O
Steuererhöhungen	O
:	O
Vor	O
dem	O
SPD-Parteitag	O
warnt	O
der	O
Altkanzler	O
seine	O
Pa	NORM_1WORD
...	O

und	NORM_1WORD
jz	NORM_1WORD
bist	O
du	O
seit	O
5	O
stunden	NORM_1WORD
weg	O
und	O
ich	O
vermisse	O
dich	O
so	O
sehr	O

Brauche	O
grad	NORM_1WORD
irgendwie	O
banale	O
Beschäftigung	O
um	O
nebenbei	O
nachzudenken	O
%PosSmiley	O

Das	O
kann	O
man	O
dann	O
auch	O
nicht	O
in	O
BGE	O
stecken	O
....	O

Aber	O
@username	O
haben	O
ne	NORM_1WORD
aktion	NORM_1WORD
für	O
ein	O
video	NORM_1WORD
.	O

UHH	O
**	O
Vielleicht	O
umarmst	O
du	O
ihn	O
ja	O
auch	O
umarm	NORM_1WORD
ihn	O
für	O
mich	O
mit	O
!	O

Giovanni	O
di	O
Lorenzos	O
"	O
Warum	O
dieses	O
Interview	O
?	O
"	O

:	O
"	O
Werden	O
wir	O
nicht	O
übermütig	O
!	O
"	O
:	O

naja	NORM_2WORD
...	O

letztes	NORM_1WORD
ma	NORM_1WORD
war	O
ich	O
in	O
keinem	O
Hotel	O
%PosSmiley	O

Im	O
internet	NORM_1WORD
findet	O
man	O
zwar	O
viele	O
weihnachtsbowlen	NORM_1WORD
,	O
aber	O
wenn	O
's	NORM_1WORD
schon	O
mal	O
jemand	O
ausprobiert	O
hat	O
,	O
wärs	NORM_2WORD
mir	O
lieber	O
%PosSmiley	O

Geh	O
mit	O
:''((((((((	O

Montag	O
schreibe	O
ich	O
ne	NORM_1WORD
politikklausur	NORM_1WORD
und	O
ich	O
verstehen	NORM_1WORD
einfach	O
mal	O
nichts	O
%PosSmiley	O

na	NORM_1WORD
und	O
?	O

Leider	O
auch	O
seeeehr	NORM_1WORD
weit	O
weg	O
%NegSmiley	O

75000	O
!	O

Wenn	O
Pietro	O
Lombardi	O
singt	O
,	O
dann	O
will	O
ich	O
dem	O
immer	O
eine	O
in	O
die	O
Fresse	O
haun	NORM_1WORD
.	O

Gehe	O
dem	O
Pärchenbiz	O
nach	O
und	O
mach	O
mit	O
meinem	O
Mädchen	O
ne	NORM_1WORD
kleine	O
Westküstentour	O
.	O

gut	NORM_1WORD
oder	O
schlecht	O
weiss	O
nich	NORM_1WORD
ob	O
ich	O
den	O
Futtern	NORM_1WORD
soll	O
%Link	O
%Link	O

-	O
fail	NORM_1WORD

das	NORM_1WORD
ist	O
mal	O
ne	NORM_1WORD
auskunft	NORM_1WORD
%PosSmiley	O

"	O
Nur	O
stöbern	O
"	O
sagen	O
und	O
mit	O
vier	O
neuen	O
Büchern	O
aus	O
der	O
Buchhandlung	O
rauskommen	NORM_1WORD
.	O

Tipps	O
und	O
Tricks	O
f	NORM_1WORD
den	O
Herz-	O
und	O
Thoraxchirurgen	O
:	O
Probleml	NORM_1WORD
von	O
A	O
-	O
Z	O
:	O
Tipps	O
und	O
Tricks	O
f	NORM_1WORD
den	O
Herz-	O
un	NORM_1WORD
...	O

uhhh	NORM_1WORD
maaann	NORM_1WORD
!	O

ich	NORM_1WORD
hoffe	O
so	O
!	O

wie	NORM_1WORD
die	O
welt	NORM_1WORD
leuchtet	O
,	O
wenn	O
ich	O
dich	O
seh	NORM_1WORD
.	O

ich	NORM_1WORD
wohne	O
aber	O
auch	O
in	O
son	NORM_2WORD
kleines	NORM_1WORD
dorf	NORM_1WORD

aso	NORM_1WORD
hab	NORM_1WORD
nichtt	NORM_1WORD
hingeguckt	O
sry	NORM_1WORD
%PosSmiley	O

Die	O
sind	O
doch	O
Krank	NORM_1WORD
%PosSmiley	O

bitte	NORM_1WORD
RT	O
Wohnungssuche	O

n8	NORM_1WORD
(	O
auch	O
oder	O
trotz	O
das	NORM_1WORD
ich	O
nicht	O
angesprochen	O
war	O
%PosSmiley	O
)	O

"	O
Ich	O
heisse	O
Gijs	O
%PosSmiley	O

Das	O
wäre	O
mal	O
ein	O
ganz	O
geiler	O
Traum	O

Kontakte	O

Wer	O
weiss	O
,	O
ob	O
man	O
auf	O
%Link	O
oda	NORM_1WORD
so	O
(	O
wurscht	NORM_1WORD
ob	O
man	O
was	NORM_1WORD
zahlt	O
)	O
kapfenberg-rapid	O
schaun	NORM_1WORD
kann	O
?	O

Wärmflasche	O
auf'n	NORM_2WORD
Bauch	O
und	O
ab	O
aufs	O
Sofa	O
!	O

heut	NORM_1WORD
mal	O
ein	O
ff	O
für	O
@username	O
!!	O

Zuhause	O
,	O
zeit	NORM_1WORD
für	O
einen	O
,	O
vllt	NORM_1WORD
zwei	O
Artikel	O
-	O
dann	O
auf	O
die	O
Weihnachtsfeier	O
der	O
Kanzlei	O
%PosSmiley	O

Würdest	O
mir	O
echt	O
ne	NORM_1WORD
Freude	O
machen	O
.	O

ich	NORM_1WORD
glaub	NORM_1WORD
ich	O
käm	NORM_1WORD
mir	O
da	O
komisch	O
vor	O
%PosSmiley	O

Wollte	O
morgen	O
ja	O
eigentlich	O
pause	NORM_1WORD
machen	O
%PosSmiley	O

ich	NORM_1WORD
glaube	O
ich	O
habe	O
die	O
Arbeit	O
sooo	NORM_1WORD
verhauen	O
%NegSmiley	O

ihr	NORM_1WORD
(	O
!	O
)	O
folgt	O
mir	O
(	O
!	O
)	O
.	O
so	O
isses	NORM_2WORD
ja	O
nicht	O
...	O

Ich	O
werde	O
Deinen	O
Schwanz	O
zum	O
explodieren	NORM_1WORD
bringen	O
.	O

Okostrom	NORM_1WORD
AG	O
:	O
Das	O
Unternehmen	O
handelt	O
mit	O
Strom	O
aus	O
erneuerbaren	O
Energiequellen	O
und	O
produziert	O
ihn	O
teilweise	O
selb	NORM_1WORD
...	O

Aber	O
gespannt	O
bin	O
ich	O
trotzdem	O
.	O
%PosSmiley	O

Schminken	O
von	O
Mineral	O
Make	O
up	O
-	O
so	O
gehts	NORM_2WORD
:	O
Hallo	O
,	O
ich	O
zeige	O
euch	O
heute	O
,	O
wie	O
man	O
Mineral	O
Make	O
up	O
...	O

Aber	O
der	O
Sender	O
ist	O
einfach	O
NUR	O
geil	O
.	O

Wieso	O
hängt	O
der	O
tot	O
an	O
der	O
Decke	O
?!	O

Ja	O
,	O
meine	O
leckt	O
sich	O
grade	NORM_1WORD
irgendwo	O
rum	NORM_1WORD
.	O

Frau	O
zum	O
Sohn	O
:	O
aber	O
nich	NORM_1WORD
das	O
dir	O
wieder	O
schlecht	O
wird	O

kleine	NORM_1WORD
gedichte	NORM_1WORD
grosse	O
gedanken	NORM_1WORD
,	O
alles	O
bringt	O
die	O
wellt	NORM_1WORD
ins	O
wanken	O
!	O

Da	O
wohnen	O
über	O
viele	O
krass	NORM_1WORD
Lovatics	O
!	O
%PosSmiley	O

Bete	O
grade	NORM_1WORD
zur	O
kvb	NORM_1WORD
,	O
dass	O
es	O
wenigstens	O
jetzt	O
keine	O
störungen	NORM_1WORD
gibt	O
...	O

aber	NORM_1WORD
an	O
so	O
ne	NORM_1WORD
"	O
Kuschel-Aktion	O
"	O
mit	O
ihm	O
kann	O
ich	O
mich	O
nicht	O
erinnern	O
O.o	O

Heute	O
in	O
Sport	O
schön	O
in	O
die	O
Halle	O
von	O
den	O
Jungs	O
gedrückt	O
.	O

Achso	NORM_2WORD
...	O

wann	NORM_1WORD
gibts	NORM_2WORD
endlich	O
neues	NORM_1WORD
von	O
Grüsse	O
aus	O
Gehenna	O
und	O
Das	O
dunkle	O
Meer	O
der	O
Sterne	O
?	O

und	NORM_1WORD
diesmal	O
vergess	NORM_1WORD
ich	O
NICHT	NORM_1WORD
meinen	O
Schülerausweis	O
%PosSmiley	O

Helga	O
!	O

Polofahrerin	O
prallt	O
unter	O
Alkoholeinfluss	O
mit	O
Fisch-LKW	O
zusammen	O
-	O
Fahrerin	O
wird	O
eingeklemmt	O
:	O
(	O
gs	O
)	O
Ein	O
erneut	O
sc	NORM_1WORD
...	O

Was	NORM_2WORD
ein	O
geiler	O
Bug	O
.	O

und	NORM_1WORD
vo	NORM_1WORD
wem	O
hastas	NORM_3PLUS
?	O

wie	NORM_1WORD
ich	O
wieder	O
an	O
meinen	O
Traktor	O
komme	O
?	O

Das	O
Wetter	O
ist	O
so	O
oooh	O
%PosSmiley	O

das	NORM_1WORD
ist	O
allenfalls	O
möglich	O
%PosSmiley	O

Hab	NORM_1WORD
grad	NORM_1WORD
die	O
Seite	O
mit	O
dem	O
Tweetklau	O
gelesen	O
..	O
%PosSmiley	O
u	O

Da	O
basteln	O
wir	O
was	NORM_1WORD
schönes	O
draus	NORM_1WORD
.	O
%PosSmiley	O

wie	NORM_1WORD
süss	O
findest	O
du	O
mich	O
wie	O
angel	O
?	O
,	O
habe	O
ich	O
dir	O
gefallen	O
??	O

Ich	O
darf	O
doch	O
wohl	O
selber	O
drüber	NORM_1WORD
urteilen	O
ob	O
die	O
Scene	NORM_1WORD
was	NORM_1WORD
für	O
mich	O
is	NORM_1WORD
oder	O
nicht	O
!	O

Kaufe	O
euch	O
nen	NORM_1WORD
Ticket	O
(	O
1.	O
Klasse	O
)	O
%PosSmiley	O

Gelegenheit	O
den	O
hcsmeu	O
Chat	O
zu	O
beobachten	O
gibts	NORM_2WORD
gleich	O
zb	NORM_1WORD
den	O
Hashtag	O
in	O
%Link	O
eingeben	O
&	O
mitlesen	O
hcsmat	O

Ich	O
(	O
erst	O
gekuckt	NORM_1WORD
,	O
dann	O
gelesen	O
)	O
finde	O
ja	O
dass	O
manche	O
Figuren	O
in	O
der	O
Serie	O
noch	O
besser	O
rauskommen	NORM_1WORD
als	O
im	O
Buch	O
...	O

kein	NORM_1WORD
twitter	NORM_1WORD
?	O

Was	O
ist	O
bitte	O
los	O
??	O

Frage	O
mich	O
.	O

Und	O
jetzt	O
mit	O
nem	NORM_1WORD
vierer	O
Eisen	O
den	O
Schweiger	O
abschiessen	O
!	O

Jaa	NORM_1WORD
machen	O
wa	NORM_1WORD
%PosSmiley	O

Stinkts	NORM_2WORD
da	O
alter	NORM_1WORD
Scheiss	NORM_1WORD
Hass	O
,	O
Neid	O
,	O
und	O
all	O
der	O
Mist	O
auf	O
dieser	O
Welt	O
.	O

weil	NORM_1WORD
so	O
ein	O
laden	NORM_1WORD
buyout	NORM_1WORD
das	O
geht	O
nit	NORM_1WORD
weil	O
wir	O
viele	O
leute	NORM_1WORD
brauchen	O
.	O

gute	NORM_1WORD
partynacht	NORM_1WORD
auch	O
dir	O
!	O
%PosSmiley	O

ich	NORM_1WORD
weiss	O
...	O

Bildstrecke	O
mit	O
16	O
Bildern	O
Bei	O
Th	O
...	O

das	NORM_1WORD
ist	O
nicht	O
lustig	O
,	O
Chinees	O
.	O

Interessiert	O
,	O
Scentsy-Produkte	O
GRATIS	O
zu	O
bekommen	O
?	O

Schön	O
zu	O
wissen	O
das	O
grade	NORM_1WORD
alle	O
ausgenommen	O
ich	O
wetten	O
dass	O
gucken	O
!	O

(	O
Ick	NORM_1WORD
zahl	NORM_1WORD
doch	O
nix	NORM_1WORD
fürs	O
WLAN	O
)	O
.	O

Bin	O
bisher	O
immer	O
auf	O
nichts	O
bauchbares	NORM_1WORD
gestossen	O
war	O
bishe	NORM_1WORD
rimmer	NORM_1WORD
total	O
unglücklich	O
...	O

Zur	O
Sache	O
,	O
Schatzchen	NORM_1WORD
Divx	O
:	O
Zur	O
Sache	O
,	O
Schatzchen	NORM_1WORD
movie	NORM_1WORD
download	NORM_1WORD
Actors	O
:	O
Joachim	O
Schneider	O
Horst	O
Pasderski	O
Uschi	O
G	O
...	O

ich	O
betrink	NORM_1WORD
mich	O
heut	NORM_1WORD
mit	O
rotwein	O
.	O

Haha	O
bin	O
gerade	O
bissl	NORM_2WORD
überfordert	O
%PosSmiley	O

Seit	O
gestern	O
gibts	NORM_2WORD
auf	O
dem	O
Stupidozid	O
Youtube	O
Kanal	O
den	O
alljährlichen	O
Abfallkalender	O
.	O

ich	NORM_1WORD
dich	O
auch	O
%NegSmiley	O

Geschafft	O
habt	O
ihrs	NORM_2WORD
nicht	O
!	O

es	NORM_1WORD
dauert	O
stets	O
ein	O
weilchen	NORM_1WORD
bis	O
ich	O
den	O
kater	NORM_1WORD
gefunden	O
&	O
rausgeschmissen	NORM_1WORD
habe	O
.	O

is	NORM_1WORD
das	O
pochen	NORM_1WORD
ein	O
rammbock	NORM_1WORD
?	O

Komme	O
zu	O
"	O
X-mas	O
Party	O
-	O
Weihnachtsfeiern	O
gaaaanz	NORM_1WORD
anders	O
"	O
Samstag	O
,	O
10	O
.	O
Dezember	O
,	O
19:30	O
bis	O
&lt;br/&gt;	O
Sonntag	O
,	O
11	O
...	O

Dem	O
seine	O
Frisur	O
is	NORM_1WORD
..	O

weiss	NORM_1WORD
das	O
jemand	O
?	O

My	O
mom	O
loves	O
Kyuhyun's	O
"	O
7	O
Years	O
Of	O
Love	O
"	O
.	O

%PosSmiley	O
dete	NORM_1WORD
wo	O
sie	O
ihm	O
s'zeiche	NORM_3PLUS
git	NORM_1WORD
"	O
call	O
me	O
later	O
"	O
?	O

sind	O
2stationen	NORM_2WORD
nach	O
lichtenberg	O
.	O

Fehlen	O
noch	O
Statisten	O
.	O

Brandanschlag	O
auf	O
Göttinger	O
Amtsgericht	O
:	O
Göttingen	O
(	O
dapd-nrd	O
)	O
.	O

till	NORM_1WORD
,	O
du	O
siehst	O
immer	O
aus	O
als	O
währst	NORM_1WORD
du	O
dirk	NORM_1WORD
grad	NORM_1WORD
aus	O
dem	O
ärmel	NORM_1WORD
gefallen	O
.	O
"	O
%PosSmiley	O
wettendass	NORM_2WORD

wettendass	NORM_2WORD

%PosSmiley	O

ohman	NORM_2WORD
..	O

auf	NORM_1WORD
die	O
idee	NORM_1WORD
kommen	O
grad	NORM_1WORD
mehrere	O
%PosSmiley	O

apa	O
kek	O
der	O
.	O
ampun	O
dah	NORM_1WORD
--	O
"	O

man	NORM_1WORD
..	O

Russland	O
:	O
Den	O
Wählern	O
fehlen	O
echte	O
Alternativen	O
zur	O
Kreml-Partei	O
:	O
Bei	O
der	O
Wahl	O
in	O
Russland	O
gilt	O
ein	O
Sieg	O
der	O
Put	NORM_1WORD
...	O

Jetzt	O
werd	NORM_1WORD
ich	O
erst	O
recht	O
handy	NORM_1WORD
süchtig	O
..	O

Das	O
ist	O
ein	O
Buch	O
!	O
"-"	O

Job	O
Krankenpfleger	O
Gesundheits−	O
und	O
Krankenpfleger/in	O
:	O
MEDIAN	O
Klinik	O
Grünheide	O
-	O
Grünheide	O
,	O
Brandenburg	O
-	O
MEDI	NORM_1WORD
...	O

Tipps	O
um	O
Bauchfett	O
zu	O
bekämpfen	O

Haha	O
jaa	NORM_1WORD
das	O
stimmt	O
du	O
darfst	O
das	O
%PosSmiley	O

Hier	O
,	O
nimm	O
all	O
mein	O
Geld	O
,	O
das	O
ich	O
grad	NORM_1WORD
bei	O
mir	O
habe	O
und	O
kauf	O
dir	O
so	O
viel	O
zu	O
fres	NORM_1WORD
(	O
@YouTube	O

Wir	O
hatten	O
Sex	O
!	O
-	O
"	O

X	NORM_1WORD
Mas	NORM_1WORD
Markt	O
Mönchengladbach	O
mit	O
einem	O
meiner	O
kleinen	O
Brüder	O

VfL	O
will	O
gegen	O
den	O
zweiten	O
Tabellenführung	O
verteidigen	O
!	O

Da	O
ich	O
um	O
3	O
Uhr	O
aufstehen	O
muss	O
,	O
sollte	O
ich	O
vllt	NORM_1WORD
durchmachen	O
und	O
mir	O
einen	O
ansaufen	O
%PosSmiley	O

und	O
los	O
gehts	NORM_2WORD
71	O
%PosSmiley	O

Aber	O
egal	O
:	O
Der	O
3ds	O
erkennt	O
meinen	O
Bruder	O
als	O
Mädchen	O
mit	O
7	O
Jahren	O
%PosSmiley	O

Warmblutstute	O
:	O
Dellach	O
|	O
Warmblutstute	O
1,5	O
Jahre	O
,	O
von	O
Rosengold	O
aus	O
der	O
Margold	O
S	O
von	O
Weltissimo	O
-	O
Lanthan	O
-	O
Pr	NORM_1WORD
...	O

tja	NORM_1WORD
dien	NORM_3PLUS
problem	O
:DD	O

Ich	O
feier	NORM_1WORD
hier	O
alleine	O
ne	NORM_1WORD
Party	O
in	O
meinem	O
Zimmer	O
.	O

hallo	NORM_1WORD
an	O
alle	O
!	O

Britischer	O
Premier	O
trifft	O
Sarkozy	O
:	O
Cameron	O
fordert	O
"	O
Bazooka-Einsatz	O
"	O
gegen	O
Krise	O
:	O
Auftritt	O
der	O
dritten	O
EU-Grossma	NORM_1WORD
...	O

Attentat	O
auf	O
John	O
F	NORM_1WORD
Kennedy	O
:	O
Bei	O
dem	O
Attentat	O
auf	O
John	O
F	NORM_1WORD
Kennedy	O
,	O
den	O
35.	O
Präsidenten	O
der	O
Vereini	NORM_1WORD

Was	O
Machste	NORM_2WORD
gleich	O
?	O

Weihnachtsmärchen	O
für	O
Kinder	O
:	O
Am	O
4.	O
Dezember	O
wird	O
im	O
Hamburg-Haus	O
ein	O
Wintermärchen	O
für	O
Kinder	O
ab	O
fünf	O
Jahren	O
vo	NORM_1WORD
...	O
ht	NORM_1WORD
...	O

keine	NORM_1WORD
ahnung	NORM_1WORD
...	O

wir	O
haben	O
Tag	O
der	O
offenen	O
Tür	O
in	O
der	O
schule	O
und	O
da	O
hab	NORM_1WORD
ich	O
gesungen	O
und	O
gitarre	NORM_1WORD
gespielt	O
%PosSmiley	O

@username	O
macht	O
doch	O
nix	NORM_1WORD
.	O

Bewahret	O
einander	O
vor	O
herzeleid	NORM_1WORD
denn	O
kurz	O
ist	O
die	O
zenit	NORM_1WORD
ihr	O
beisammen	O
seid	O
denn	O
wenn	O
euch	O
auch	O
vuele	NORM_1WORD
jahre	NORM_1WORD
vereinen	O
einst	O
werden	O
sie	O
minuten	NORM_1WORD

%PosSmiley	O

Haha	O
verrückte	O
total	O
gestörte	O
Menschen	O
wie	O
ich	O
,	O
die	O
grade	NORM_1WORD
mal	O
langeweie	NORM_1WORD
habn	NORM_1WORD
^^	O

Ist	O
das	O
eine	O
erfreuliche	O
Nachricht	O
?	O

Sie	O
schlägt	O
es	O
vor	O
!	O

oder	NORM_1WORD
kennt	O
jemand	O
so	O
ne	NORM_1WORD
art	NORM_1WORD
tauschbörse	NORM_1WORD
daf	O

Von	O
dr	NORM_1WORD
Albra	O
...	O
wettendass	NORM_2WORD

Muss	O
mich	O
jetzt	O
aber	O
fertig	O
machen	O
...	O

'	O
er	O
muss	O
eh	NORM_1WORD
arbeiten	O

ach	NORM_1WORD
ich	O
würd	NORM_1WORD
das	O
iwie	NORM_1WORD
hinkriegen	O
%PosSmiley	O
skiifahren	NORM_1WORD
-	O
&gt;	O
zugefährlich	NORM_2WORD
für	O
mich	O
%PosSmiley	O
♥	O

wie	NORM_1WORD
heut	NORM_1WORD
zu	O
diesem	O
Glamour-Mottotag	O
die	O
ganzen	O
"	O
geilen	O
"	O
Mädels	O
aus	O
unsrer	O
Schule	O
echt	O
mit	O
High	O
Heels	O
und	O
edlen	O
Kleidern	O
in	O
die	O
Schule	O
sind	O
.	O

luk	NORM_1WORD
dich	O
neet	NORM_1WORD
!	O
%PosSmiley	O

hui	NORM_1WORD
,	O
ne	NORM_1WORD
das	O
ist	O
noch	O
nichts	O
für	O
mich	O
^^	O
mit	O
wem	O
gehste	NORM_2WORD
los	O
?	O

"	O
Wie	O
denn	O
?	O
"	O

Liebe	O
@username	O
wir	O
drücken	O
Euch	O
ganz	O
doll	NORM_1WORD
die	O
Daumen	O
und	O
wünschen	O
viel	O
Spass	O
mit	O
@username	O
und	O
@username	O

aber	NORM_1WORD
hey	O
!	O

ich	NORM_1WORD
möchte	O
dir	O
was	O
schenkenhttp	NORM_1WORD
http://t.co/KsvTRbhL	O

Real	O
und	O
unser	O
Getränkemarkt	O
haben	O
es	O
zumindest	O
nicht	O
.	O

hilfe	NORM_1WORD

Anzeigen	O

Ich	O
hänge	O
mit	O
meinem	O
Trakker	NORM_1WORD
in	O
einer	O
Baumkrone	O
.	O

Wie	O
ich	O
es	O
hasse	O
wenn	O
man	O
auf	O
den	O
letzten	O
drücker	NORM_1WORD
absagt	O
.	O

und	NORM_1WORD
itunes	NORM_1WORD
des	O
.	O

habs	NORM_2WORD
noch	O
nicht	O
,	O
sorry	O
.	O

isch	NORM_1WORD
hätts	NORM_2WORD
auch	O
dwiddern	NORM_1WORD
könn	NORM_1WORD

Reisen	O
bis	O
350	O
Euro	O
Marmari	O
mit	O
Tiefpreisgarantie	O
TUV	NORM_1WORD
gepruft	NORM_1WORD
buchen	O
|	O
Reisegeier	O
Tiefpreisgarantie	O
...	O

ey	NORM_1WORD
,	O
isch	NORM_1WORD
das	O
jetzt	O
in	O
ordnig	NORM_1WORD
zum	O
abmache	NORM_1WORD
morn	NORM_1WORD
?	O

Nur	O
wie	O
weiss	O
ich	O
net	NORM_1WORD
mehr	O
,	O
gucke	O
mal	O
bei	O
@username	O
.	O

Ich	O
weiss	O
zwar	O
nicht	O
woher	O
der	O
alte	O
Nick	O
stammt	O
,	O
find	NORM_1WORD
den	O
aber	O
besser	O
.	O

"	O
Säfte	O
haben	O
12	O
Vitamine	O
.	O

Ja	O
man	O
kann	O
Banner	O
platzieren	O
.	O

ohh	NORM_1WORD
gooott	NORM_1WORD
ich	O
will	O
auch	O
so	O
nen	NORM_1WORD
typen	NORM_1WORD
aber	O
meiner	O
braucht	O
nen	NORM_1WORD
arschtritt	NORM_1WORD
&gt;	O
&lt;	O

Hmm	O
?!	O

vaillant	NORM_1WORD
thermen	NORM_1WORD
:	O
Wien	O
|	O
verkaufe	O
vaillant	NORM_1WORD
heiztherme	NORM_1WORD

Schwere	O
Gegners	O
aber	O
glücklich	O
auch	O
Die	NORM_1WORD
Nierlande	NORM_1WORD
!	O
ekloting	O

Hätte	O
mich	O
gewundert	O
,	O
das	O
wäre	O
innovativ	O
gewesen	O
.	O
holzfäller	NORM_1WORD
simulator	NORM_1WORD

War	O
gerade	O
draussen	O
.	O

Der	O
alverde	NORM_1WORD
Tweetkalender	O
laeuft	NORM_1WORD
am	O
3.	O
Tag	O
auf	O
Hochtouren	O
.	O

//	O

Hast	O
du	O
iwelche	NORM_1WORD
Wörter	O
aus	O
den	O
Buchstaben	O
auf	O
dem	O
Löffel	O
bilden	O
können	O
?	O
**	O
%PosSmiley	O

ein	NORM_1WORD
heisses	O
Date	O
mit	O
einem	O
Petry	O
Double	O
,	O
erst	O
unterhalten	O
wir	O
uns	O
und	O
dann	O
le	O
...	O

wenn	NORM_1WORD
du	O
willst	O
auch	O
gleich	O
hingehn	NORM_1WORD

hock	NORM_1WORD
nur	O
no	NORM_1WORD
so	O
2	O
stunden	O
hier	O

nee	NORM_1WORD
,	O
ist	O
ein	O
Freund	O

hab	NORM_1WORD
dich	O
nich	NORM_1WORD
gefunden	O
%PosSmiley	O

Soviel	O
zur	O
anderen	O
Ettikette	O
wettendass	NORM_2WORD

Ist	O
ja	O
nicht	O
der	O
Delegiertenabend	O
der	O
CSU	O
,	O
ge	NORM_1WORD
...	O

das	NORM_1WORD
sind	O
alles	O
sänger	NORM_1WORD
solln	NORM_1WORD
die	O
zu	O
dsds	NORM_1WORD

das	O
kenn	NORM_1WORD
ich	O
...	O

Merkel	O
verlogen	O
:	O
tut	O
so	O
als	O
sei	O
sie	O
gg	NORM_1WORD
gemeins.	NORM_1WORD
Haftung	O
,	O
aber	O
zwingt	O
EZB	O
mit	O
ihrem	O
Zögern	O
,	O
weiter	O
Anleihen	O
zu	O
kaufen	O
.	O

du	NORM_1WORD
bist	O
der	O
Beste	O
!	O
:	O
%NegSmiley	O

seh	NORM_1WORD
ich	O
so	O
aus	O
,	O
als	O
würd	NORM_1WORD
ich	O
türkisch	NORM_1WORD
sprechen	O
?!	O

SGE	O
Eintracht	O
Frankfurt	O
KSC	O

Da	O
wär	NORM_1WORD
dein	O
Blog	O
ja	O
schon	O
für	O
das	O
nächste	O
Jahr	O
ausgesorgt	O
%PosSmiley	O

Na	O
ich	O
freu	NORM_1WORD
mich	O
auf	O
die	O
Band	O
,	O
also	O
auch	O
in	O
persona	O
.	O

genau	NORM_1WORD
das	O
ist	O
ja	O
mein	O
Problem	O
.	O

Aktueller	O
Kopf	O
der	O
Antragskommission	O

Gestern	O
hat	O
vor	O
mir	O
jemand	O
mit	O
MCR	O
Shirt	O
gestanden	O
,	O
ich	O
hät	NORM_1WORD
die	O
gerne	O
angesprochen	O
,	O
aber	O
ich	O
trau	NORM_1WORD
mich	O
nie	O
,	O
Leute	O
anzusprechen	O
.	O
%NegSmiley	O

Paul	O
Klee	O
-	O
Katze	O
und	O
Vogel	O
Poster	O
/	O
Kunstdruck	O
(	O
80x60	O
)	O
:	O
Grosse	O
Kunst	O
für	O
kleines	O
Geld	O

no	NORM_1WORD
plan	NORM_1WORD
.	O

Wenn	O
ich	O
mein	O
Abi	O
Hab	NORM_1WORD
studier	NORM_1WORD
ih	NORM_1WORD
warschl	NORM_1WORD
...	O

elly	NORM_1WORD
!	O

Wie	O
immer	O
eben	O
.	O
"	O

aus	NORM_1WORD
der	O
aktuelle	NORM_1WORD
Zeit	O
gibts	NORM_2WORD
schon	O
online	O
:	O

hmmmmmmmm	O
wa	NORM_1WORD
das	O
Orson	O
oder	O
Hülle	O
???	O

Haha	O
,	O
ich	O
pack	NORM_1WORD
mich	O
weg	O
%PosSmiley	O

Fast	O
zu	O
gut	O
für	O
Twitter	O
.	O

Bei	O
Pokemon	O
verstehe	O
ich	O
nicht	O
:	O
Was	O
ist	O
wenn	O
man	O
alle	O
Pokemon	O
hat	O
?	O

Das	O
mach	NORM_1WORD
ich	O
grad	NORM_1WORD
!	O

I	NORM_1WORD
mog	NORM_1WORD
auuuuuu	NORM_1WORD
%PosSmiley	O

Oder	O
,	O
was	O
noch	O
vi	NORM_1WORD
...	O

er	NORM_1WORD
is	NORM_1WORD
so	O
toll	O
*-*	O

nimm	NORM_1WORD
laptop	O
nicht	O
mit	O
,	O
am	O
ende	NORM_1WORD
darfste	NORM_2WORD
nicht	O
mit	O
zur	O
klassenfahrt	NORM_1WORD
...!	O

das	NORM_1WORD
sollte	O
ne	NORM_1WORD
Ausnahme	O
bleiben	O

Unser	O
Versammlungsleiter	O
hat	O
'	NORM_1WORD
Rot-Grün-Schwäche	O
,	O
das	O
hätte	O
man	O
vor	O
der	O
Wahl	O
wissen	O
sollen	O
...	O

Der	O
Junge	O
is	NORM_1WORD
echt	O
gestört	O
..	O

follback	NORM_1WORD
aku	NORM_1WORD
wir	O

ich	NORM_1WORD
muss	O
nur	O
immer	O
für	O
alle	O
alles	O
so	O
ewig	O
erläutern	O
,	O
macht	O
der	O
gewohnheit	O
..	O
:	O
%NegSmiley	O

Wohnungen	O
Mallorca	O
Schlusslicht	O
:	O
Von	O
Bud	O
Spencer	O
zu	O
Bad	O
Spencer	O
:	O
In	O
den	O
50er	O
Jahren	O
trat	O
Carlo	O
Pedersoli	O
zwei	O
Ma	NORM_1WORD
...	O

Was	O
ist	O
mit	O
diesem	O
Hund	O
?!?	O

der	NORM_1WORD
kennt	O
da	O
ja	O
genung	NORM_1WORD
,	O
aw	O
&	O
dann	O
ging's	NORM_2WORD
hier	O
aber	O
ab	O
mit	O
meiner	O
mom	NORM_1WORD
lmao	O

Viel	O
weniger	O
hacker	NORM_1WORD
seitdem	O
..	O

Schwarze	O
Spitze	O

halt	NORM_1WORD
stopp	O

ich	O
kann	O
nich	NORM_1WORD
schlafen	O
%PosSmiley	O
'	O
%PosSmiley	O
...	O

Bist	O
der	O
beste	NORM_1WORD
!	O

mach	NORM_1WORD
du	O
dann	O
auch	O
mal	O
ein	O
foto	NORM_1WORD
wenn	O
fertisch	NORM_1WORD
is	NORM_1WORD
%PosSmiley	O

Mein	O
Headset	O
ist	O
voll	O
zu	O
laut	O
das	O
Gameplay	O
aus	O
meiner	O
sic	NORM_1WORD
(	O
@YouTube	O

Bloody	O
hell	O
m8	NORM_1WORD
der	O
so	O
annoying	O
@username	O

Kinder-Gartensessel	O
:	O
Strasshof	O
an	O
der	O
Nordbahn	O
|	O
Neuwertiger	O
Gartensessel	O
fuer	NORM_1WORD
Kinder	O
.	O

Mal	O
schaun	NORM_1WORD
%PosSmiley	O

oooh	NORM_1WORD
,	O
hab	O
ich	O
nicht	O
gesehn	NORM_1WORD
.	O

gute	NORM_1WORD
nacht	NORM_1WORD

Wer	O
retweetet	O
um	O
zu	O
retweeten	O
,	O
retweetet	O
auch	O
retweets	NORM_1WORD
und	O
retweetet	O
sich	O
selber	O
bis	O
zum	O
naechsten	NORM_1WORD
retweet	NORM_1WORD
den	O
er	O
/	O
sie	O
retweetet	O

"	O
Iiiiiiiiiiiiih	O
,	O
Gottschalk	O
hat	O
mich	O
auf	O
den	O
Mund	O
geküsst	O
!	O
"	O

ich	NORM_1WORD
drück	NORM_1WORD
dir	O
die	O
daumen	NORM_1WORD
-	O
für	O
welchen	O
weg	NORM_1WORD
auch	O
immer	O
%PosSmiley	O

die	O
liebt	O
es	O
%PosSmiley	O
wie	O

%Link	O
der	O
down	NORM_1WORD

das	NORM_1WORD
fernsehprogramm	O
bleibt	O
so	O
wie	O
es	O
ist	O
%PosSmiley	O
:D	O
:D	O

-	O
wie	NORM_1WORD
komt	NORM_1WORD
pingen	O
=$$	O
?	O

Schorrrryyy	NORM_1WORD
%PosSmiley	O
%PosSmiley	O

Ab	O
jetzt	O
macht	O
die	O
Hunziger	O
das	O
alleine	O
und	O
die	O
Gäste	O
begrabschen	NORM_1WORD
die	O
Moderatorin	O
.	O

Ich	O
bin	O
so	O
verfressen	O
%PosSmiley	O

aso	NORM_1WORD
:3	O
bin	O
aus	O
der	O
Schweiz	O
,	O
deshalb	O
.	O

Hoffentlich	O
gibts	NORM_2WORD
was	O
zu	O
feiern	O
!!!	O

"	O
Ist	O
das	O
kein	O
Nikolausticketchen	O
wert	O
:	O
Désirée	O
Nick	O
:	O
Stand-Up	O
For	O
Christmas	O
in	O
Be	NORM_1WORD
...	O
"	O
%Link	O
Berlin	O

Mein	O
Kopf	O
fühlt	O
sich	O
wieder	O
so	O
leicht	O
an	O
...	O

Jaa	NORM_1WORD
ok	O
das	O
werd	NORM_1WORD
ich	O
wohl	O
finden	O
%PosSmiley	O

Ja	O
vielleicht	O
weil	O
ich	O
blond	O
un	NORM_1WORD
blauäugig	O
bin	O
?	O
"	O

Während	O
ich	O
Heisse	O
Scheisse	O
Dave	O
zugelabert	O
hab	O
,	O
hat	O
Ka	O
dich	O
zum	O
Glück	O
auf	O
Ryan	O
gestürzt	O
%PosSmiley	O

es	NORM_1WORD
ist	O
pisswarm	O
.	O

Der	O
Feind	O
aus	O
dem	O
Internet	O
:	O
Bund	O
und	O
Länder	O
üben	O
Cyber-Abwehr	O
-	O
Internet	O
-	O
FOCUS	O
Online	O
-	O
Nachrichte	NORM_1WORD
...	O

Bin	O
ONline	NORM_1WORD
,	O
Kaffee	O
gekocht	O
,	O
Los	NORM_1WORD
gehtsmit	NORM_3PLUS
meinem	O
Saturday	O
Line-Up	O
Package	O
http://t.co/sgGxmXqp	O

%PosSmiley	O

Gibts	NORM_2WORD
in	O
anderen	O
Städten	O
eigentlich	O
auch	O
diese	O
unsinnig	O
nervige	O
Tradition	O
,	O
Samstags	NORM_1WORD
um	O
12h	O
die	O
Sirenen	O
%NegSmiley	O
en	NORM_1WORD
zu	NORM_1WORD
lassen	NORM_1WORD
?	O

hast	NORM_1WORD
gsegn	NORM_1WORD
was	O
da	O
sido	NORM_1WORD
vorher	O
alls	NORM_1WORD
gschriebn	NORM_1WORD
hat	O
am	O
flughafen	NORM_1WORD
?	O

ehm	NORM_1WORD
naja	NORM_2WORD
%PosSmiley	O

diät	NORM_1WORD

Es	O
gibt	O
vier	O
Dinge	O
im	O
Leben	O
,	O
für	O
die	O
es	O
sich	O
lohnt	O
zu	O
kämpfen	O
:	O
TräumeLiebeToleranzFrieden	NORM_3PLUS
...	O

Bleibt	O
nur	O
noch	O
Schweden	O
für	O
die	O
Gruppe	O
D	O
bei	O
der	O
Ukraine	O
und	O
Frankreich	O
über	O
.	O

Aber	O
so	O
ein	O
bisschen	O
wirkt	O
das	O
wie	O
ein	O
gemeinsamer	O
Kongress	O
von	O
Julis	O
,	O
Grüner	O
Jugend	O
und	O
Grünen	O
in	O
der	O
Gründungsphas	NORM_1WORD
...	O

fussball	NORM_1WORD
Kicker	O
Online	O
Über	O
1000	O
Anträge	O
auf	O
Unions	O
Aktien	O
Berliner	O
Morgenpost	O
Der	O
1	NORM_1WORD
FC	O
Union	O
Berlin	O
will	O
Energie	O
...	O

sag	NORM_1WORD
dir	O
dann	O
Bescheid	O

jaaaa	NORM_1WORD
!	O

ich	NORM_1WORD
hab	NORM_1WORD
aber	O
ne	NORM_1WORD
DM	O
bekommen	O

so	NORM_1WORD
nen	NORM_1WORD
Ding	O
hab	O
ich	O
auch	O
von	O
der	O
BVG	O
%PosSmiley	O

n8	NORM_1WORD
-	O
letzte	O
kipferlstange	NORM_1WORD
auf	O
morgen	O
verschoben	O
bin	O
zu	O
müde	O

Geht	O
LSD	O
als	O
TV-Ersatz	O
durch	O
?	O

Ich	O
pack	NORM_1WORD
immer	O
mit	O
den	O
Fingern	O
in	O
den	O
Wachs	O
von	O
Kerzen	O
,	O
wenn	O
sie	O
gerade	O
ausgemacht	O
wurden	O
,	O
dann	O
hab	O
ich	O
so	O
coole	O
Fingerhüte	O
.	O

sry	NORM_1WORD
aber	O
das	O
muss	O
jetzt	O
sein	O
-	O
weil	O
ich	O
's	NORM_1WORD
org	O
finde	O
...	O

selten	O
.	O

Weiss	O
nicht	O
genau	O
ob	O
ich	O
da	O
schon	O
kann	O
.	O

|	O
Ich	O
Maennlich	NORM_1WORD
23	O
Jahre	O
alt	O
aus	O
Essen	O
suche	O
auf	O
diesem	O
Wege	O
nach	O
Freundschaften	O
fuer	NORM_1WORD
g	O
...	O

Geld	O
verdienen	O
mit	O
%Link	O
anschauen	O
Gutscheincod	NORM_1WORD
:	O
8TMRCZ4Z	O
find	NORM_1WORD
ich	O
interessant	O

Nur	O
das	O
Holz	O
geht	O
nach	O
Venedig	O
.	O

fühl	NORM_1WORD
mich	O
aber	O
trz	NORM_1WORD
verarscht	O
.	O

so	O
nen	NORM_1WORD
teddy	NORM_1WORD
mit	O
'	O
mr.	O
perfect	O
'	O
mit	O
nem	NORM_1WORD
brief	O
und	O
während	O
des	O
konzerts	O
haben	O
wir	O
son	NORM_2WORD
plakat	O
hochgehalten	O
,	O
das	O
hat	O
geleuchtet	O

Ich	O
schaue	O
mir	O
grade	NORM_1WORD
ein	O
klasse	O
Video	O
auf	O
[	O
%Link	O
an	O

glaub	NORM_1WORD
ich	O
auch	O
...	O

kommste	NORM_2WORD
mit	O
mir	O
irgendwo	O
hin	O
.	O

Is	NORM_1WORD
aber	O
nicht	O
soo	NORM_1WORD
gut	O
ausgefallen	O
,	O
da	O
echt	O
stark	O
nach	O
Sek	O
II	O
Niveau	O
bewertet	O
wurde	O
o.o	O

so	NORM_1WORD
warm	O
wars	NORM_2WORD
noch	O
nie	O
im	O
Dezember	O
.	O

A	O
:	O
"	O
Ey	O
ich	O
muss	O
dir	O
was	O
erzählen	O
!	O
"	O

grade	NORM_1WORD
Doku	O
über	O
wahlfang	NORM_1WORD
gesehen	O
und	O
ich	O
bin	O
geschockt	O
.	O

Ich	O
bin	O
Gekata	O
,	O
die	O
Göttin	O
der	O
Liebe	O

Ich	O
kenne	O
@username	O
seit	O
2000	O
Abo's	NORM_1WORD
.	O

Streitbar	O
,	O
aber	O
nicht	O
nachtragend	O
.	O

supertalent	NORM_1WORD
schwachsinniger	O
gehts	NORM_2WORD
wohl	O
nicht	O

Besser	O
gehts	NORM_2WORD
kaum	O
!	O
%PosSmiley	O

das	NORM_1WORD
Buch	O
heisst	O
Scheiss	NORM_1WORD
Leben	O
..	O

Vor	O
allem	O
"	O
einfach	O
mal	O
so	O
"	O
bei	O
'	NORM_1WORD
Quasi-Kunden	O
,	O
genau	O
%PosSmiley	O

pi	O
pa	O
po	O
dies	O
das	O
ananas	NORM_1WORD
kein	O
sex	O
für	O
dich	O
.	O

Naha	O
?!	O

Free2Play	O
Browserspiel	O

Kannste	NORM_2WORD
mal	O
den	O
Typ	O
fragen	O
,	O
der	O
die	O
Ausschreibung	O
gemacht	O
hat	O
%PosSmiley	O
?	O

der	NORM_1WORD
555.	O
tweet	O
ging	O
dann	O
an	O
dich	O
,	O
herzlichen	O
glückwunsch	NORM_1WORD
.	O
kannste	NORM_2WORD
dir	O
ein	O
eis	NORM_1WORD
von	NORM_1WORD
backen	O
.	O

Ausserdem	O
isses	NORM_2WORD
meine	O
Sache	O
was	O
ich	O
mach	NORM_1WORD

Yiiha	NORM_1WORD
...	O
Chönnt	NORM_1WORD
astrengend	NORM_1WORD
werde	O
...	O

Wer	O
ist	O
eigentlich	O
dieser	O
Bolle	O
?	O

Deich	O
in	O
der	O
Altmark	O
fertig	O
:	O
Pollitz	O
/	O
Magdeburg	O

HALT	NORM_1WORD
!	O

das	NORM_1WORD
ziehe	O
ich	O
doch	O
nicht	O
wirklich	O
an	O
,	O
hab	NORM_1WORD
ich	O
mir	O
für	O
ne	NORM_1WORD
trashy	O
Weihnachtsparty	O
erworben	O
%PosSmiley	O

du	NORM_1WORD
bist	O
einfach	O
die	O
beste	NORM_1WORD
die	O
es	O
gibt	O
und	O
wieso	O
wohnst	O
du	O
nich	NORM_1WORD
mehr	O
hier	O
?	O

Zwei-Klassen	O
Recht	O
.	O

vorallem	NORM_2WORD
sind	O
ja	O
alle	O
zu	O
hause	O
an	O
dem	O
wochenende	NORM_1WORD

Schülerwettbewerb	O
ruft	O
Schüler	O
auf	O
,	O
sich	O
mit	O
Ökologischer	O
Ernährung	O
auseinanderzusetzen	O

Man	O
könnte	O
denken	O
,	O
dass	O
ihr	O
still	O
schweigend	O
vor	O
der	O
Auslosung	O
sitzt	O
und	O
nebeneinander	O
drüber	NORM_1WORD
tweetet	O
:x	O

Hätte	O
nicht	O
gedacht	O
,	O
dass	O
die	O
1.	O
Klasse	O
am	O
Samstag	O
so	O
voll	O
ist	O
.	O

Schluss-Strich	NORM_1WORD
ziehen	O
.	O

hoff	NORM_1WORD
du	O
hattest	O
einen	O
schönen	O
abend	NORM_1WORD
..	O

hätte	O
ich	O
jetzt	O
ne	NORM_1WORD
nummer	NORM_1WORD
würde	O
ich	O
die	O
sofort	O
zusammen	O
scheissen	O
!	O
:'D	O

Zuviel	NORM_2WORD
Schoki	NORM_1WORD
oder	O
kommts	NORM_2WORD
doch	O
eher	O
vom	O
Baum	O
?	O

-	O
Technische	O
Störung	O
am	O
Zug	O

ehm	NORM_1WORD
.	O

skyrim	O

Der	O
Deprifaktor	O
hier	O
ist	O
grad	NORM_1WORD
derbest	NORM_2WORD
hoch	O
.	O

-	O
"	O
Das	O
kenn	NORM_1WORD
ich	O
.	O

(L)	O
bin	O
der	O
vuur	O
dig	O
!	O

das	NORM_1WORD
will	O
ich	O
net	NORM_1WORD

Ui	O
,	O
ui	O
,	O
ui	O
...	O

baaaa	NORM_1WORD
das	O
regt	O
mich	O
auf	O
hier	O
%PosSmiley	O

Das	O
war	O
gerad	NORM_1WORD
'	O
gemein	O
von	O
mir	O
.	O

Wir	O
warten	O
auf	O
den	O
Schnee	O
.	O

kann	NORM_1WORD
jetz	NORM_1WORD
nich	NORM_1WORD
auf	O
street	NORM_1WORD
view	NORM_1WORD
%PosSmiley	O

Vorallem	NORM_2WORD
die	O
umarmung	NORM_1WORD
von	O
mir	O
und	O
sami	NORM_1WORD
war	O
im	O
fernsehn	NORM_1WORD
!	O
*-*	O

mmhm	O
...	O
klingt	O
lecker	O
..	O
aber	O
nein	O
,	O
ich	O
hab	O
eh	NORM_1WORD
nix	NORM_1WORD
Süsses	O
im	O
Haus	O
%PosSmiley	O
lustAufSüsses	NORM_3PLUS

Ofnietdan	O
?	O

Kulisse	O
hätten	O
wa	NORM_1WORD
.	O

Das	O
wird	O
wieder	O
teuer	O
.	O
%PosSmiley	O

Zum	O
Geburtstag	O
@username	O
,	O
wünsche	O
dir	O
alleee	NORM_1WORD
guteee	NORM_1WORD
,	O
semoga	O
makin	O
fashionable	O
ya	O
cin	O

hab	NORM_1WORD
ich	O
mir	O
schon	O
iwie	NORM_1WORD
gedacht	O
aber	O
ich	O
wahr	NORM_1WORD
zu	O
doof	O
%PosSmiley	O

Die	O
gesamte	O
Couch	O
wird	O
nachgepudert	O
,	O
damit	O
die	O
nicht	O
in	O
der	O
Kamera	O
glitzern	NORM_1WORD
.	O

Deutschland	O
Uber	NORM_1WORD
Alles	O
!!	O

holzfäller	NORM_1WORD
simulator	NORM_1WORD

Ein	O
Omen	O
?	O

es	O
wird	O
geknutscht	O
,	O
gesoffen	O
,	O
geschäkert	O
-	O
was	O
für	O
ne	NORM_1WORD
Couchparty	O
bei	O
wettendass	NORM_2WORD

könntest	NORM_1WORD
recht	NORM_1WORD
haben	O
!	O

Das	O
grenzt	O
schon	O
an	O
Belästigung	O
.	O

Oh	O
,	O
in	O
der	O
Stadthalle	O
in	O
Offenbach	O
scheint	O
heute	O
'	NORM_1WORD
Erotikmesse	O
zu	O
sein	O
.	O

Heute	O
:	O
Midnight-Shopping	O
Rotmain-Center	O
-	O
bayreuth	NORM_1WORD
!	O

aah	O
%PosSmiley	O

weswegen	NORM_1WORD
sie	O
so	O
drauf	NORM_1WORD
is	NORM_1WORD
in	O
letzter	O
zeit	NORM_1WORD
.	O

Sry	NORM_1WORD
für	O
Spam	O
,	O
aber	O
ich	O
muss	O
nochmal	O
darauf	O
hinweisen	O
,	O
dass	O
ich	O
für	O
@username	O
einen	O
1.	O
Sponsor	O
habe	O
:	O

ROFL	O
"	O
Wenn	O
ich	O
der	O
Gottschalk	O
wär	NORM_1WORD
,	O
würde	O
ich	O
morgen	O
überziehen	O
,	O
bis	O
sie	O
mich	O
mit	O
nem	NORM_1WORD
Rinderschocker	O
von	O
der	O
Bühne	O
treiben	O
.	O
"	O

Hilfe	O
jetzt	O
erinner	NORM_1WORD
ich	O
mich	O
wieder	O
%PosSmiley	O

Ich	O
habs	NORM_2WORD
auch	O
echt	O
verpeilt	O
dir	O
zu	O
folgen	O
%PosSmiley	O

dacht	NORM_1WORD
ich	O
schon	O
wo	O
du	O
mir	O
davon	O
erzähltest	O

Ich	O
find	NORM_1WORD
das	O
neue	O
design	O
gut	O
.	O
(	O
@YouTube	O

Also	O
ich	O
mache	O
grad	NORM_1WORD
den	O
mit	O
der	O
Schlange	O
,	O
ne	NORM_1WORD
...	O

wenn	O
Ma	NORM_1WORD
gleich	O
Zuhause	NORM_1WORD
ist	O
und	O
sich	O
wundert	O
wieso	O
ich	O
schlechte	O
Laune	O
habe	O
,	O
dann	O
raste	O
ich	O
wohl	O
möglich	O
aus	O
%PosSmiley	O

Ach	O
nee	NORM_1WORD
,	O
da	O
vermische	O
ich	O
grad	NORM_1WORD
was	O
.	O

Männerklo	O
-	O
Atze	O
:	O
"	O
Ey	O
Dikka	NORM_1WORD
is	NORM_1WORD
für	O
dich	O
kool	NORM_1WORD
wenn	O
ick	NORM_1WORD
een	NORM_1WORD
fahren	O
lasse	O
?	O
"	O

hindi	NORM_1WORD
pa	O
uso	O
nun	O
ang	NORM_1WORD
evil	O
,	O
nung	O
nabuhusan	O
kita	O
nun	O
,	O
inabuso	O
mo	O
kaya	O
dun	NORM_1WORD
nagstart	O
ang	NORM_1WORD
masasama	O
.	O
%PosSmiley	O

nun	NORM_1WORD
much	O
chillin	NORM_1WORD

dann	NORM_1WORD
könnte	O
ich	O
jetzt	O
rübergehen	NORM_1WORD
und	O

Firefox	O

Es	O
ist	O
ja	O
auch	O
so	O
scheiss	NORM_1WORD
egal	O
.	O

oh	NORM_1WORD
,	O
das	O
Heizen	O
in	O
Wales	O
ist	O
fuer	NORM_1WORD
viele	O
ein	O
grosses	O
Problem	O
.	O

Ich	O
meine	O
das	O
Gedicht	O
echt	O
nicht	O
böse	O
!	O

Wie	O
ist	O
es	O
in	O
Offenbach	O
?	O

Nicht	O
lustig	O
%NegSmiley	O

Hier	O
verkaufe	O
ich	O
meine	O
4	O
Orginalen	NORM_1WORD
BMW	O
Alufelgen	O
.	O

Hier	O
gibts	NORM_2WORD
kreative	O
Geschekideen	NORM_1WORD

längere	NORM_1WORD
Beine	O
...	O

Nach	O
13	O
Stunden	O
am	O
Tag	O
der	O
Politikwissenschaft	O
gehts	NORM_2WORD
wieder	O
ab	O
nach	O
Hause	O
.	O
%PosSmiley	O

Oder	O
teertest	O
du	O
das	O
Video	O
?	O
%PosSmiley	O

Heute	O
,	O
also	O
mit	O
heute	O
meine	O
ich	O
in	O
ner	NORM_1WORD
halben	O
Stunde	O
geht	O
's	NORM_1WORD
auf	O
nach	O
Chemnitz	O
.	O

Ahh	O
die	O
Convention	O
vom	O
8.	O
-	O
10.	O
Juni	O
wird	O
soo	NORM_1WORD
total	O
genial	O
%PosSmiley	O

Auf	NORM_1WORD
Facebook	O
such	O
ich	O
grad	NORM_1WORD
%PosSmiley	O

aufm	NORM_2WORD
Channel	O
%PosSmiley	O

omg	NORM_1WORD
was	O
denn	O
%PosSmiley	O

Aber	O
hey	O
,	O
mer	NORM_1WORD
werdeds	NORM_2WORD
öberläbe	NORM_1WORD
%PosSmiley	O
(	O
Bis	O
am	O
Donschtig	NORM_1WORD
?!	O
o.O	O
)	O

/	O

Mein	O
Freizeit-Tipp	O
1	O
:	O
Adidas	O
Retro-Umhängetasche	O
Adicolor	O
Airliner	O
,	O
38x28x12	O
cm	O
%Link	O

Würde	O
dann	O
nämlich	O
mit	O
den	O
Saarthal-Linien	O
hinfahren	O
,	O
statt	O
zu	O
laufen	O
...	O

wettendass	NORM_2WORD

aach	O
ddorf	NORM_1WORD
reicht	O
doch	O
!	O
%PosSmiley	O

stalker	O
!!	O
%PosSmiley	O

%%%%	O
kaufen	NORM_1WORD
auf	O
%Link	O
(	O
Bis	O
:	O
03.12.2011	O
16:45	O
)	O

Er	O
ist	O
fehlerfrei	O
!..	O

|	O
Ich	O
verkaufe	O
ein	O
Kochbuch	O
von	O
Pol	O
Martin	O
-	O
Schnelle	O
Gerichte	O
fuer	NORM_1WORD
jeden	O
Tag	O
.	O

moechte	NORM_1WORD
eine	O
lange	O
Reise	O
machen	O
...	O

Viel	O
fordern	O
und	O
fördern	O
:	O
Fikret	O
Gülbahar	O
will	O
endlich	O
die	O
deutsche	O
Meisterschaft	O
erringen	O
Mit	O
19	O
Jahren	O
stand	O
Fi	O
...	O

danke	NORM_1WORD
dir	O
,	O
wünsch	NORM_1WORD
dir	O
auch	O
einen	O
schönen	O
Samstag	O
%PosSmiley	O

hab	NORM_1WORD
den	O
Bericht	O
grade	NORM_1WORD
eben	O
im	O
TV	O
gesehen	O
.	O

Achso	NORM_2WORD
?	O

Machen	O
wir	O
uns	O
nix	NORM_1WORD
vor	O
,	O
am	O
heutige	NORM_1WORD
Tach	NORM_1WORD
können	O
wir	O
alle	O
live	O
dabei	O
zuguckn	NORM_1WORD
wie	O
unser	O
aller	O
Kindheit	O
endgültig	O
zu	O
End	NORM_1WORD
...	O

wie	NORM_1WORD
nennt	O
man	O
das	O
denn	O
**	O

alleine	NORM_1WORD
ist	O
doof	O
.	O

twoff	NORM_1WORD
-	O
les	NORM_1WORD
eh	NORM_1WORD
grad	NORM_1WORD
nicht	O
,	O
was	O
so	O
geschrieben	O
wird	O
.	O

Orrr	O
Leute	O
,	O
JA	NORM_1WORD
,	O
ich	O
benutze	O
bereits	O
Homebrew	O
.	O

ich	NORM_1WORD
glaub	NORM_1WORD
ich	O
muss	O
die	O
musik	NORM_1WORD
mal	O
leiser	O
machen	O
,	O
werd	NORM_1WORD
schon	O
paranoid	O
hier	O

Biete	O
fröhliche	O
hibbelige	O
8	O
Monate	O
alte	O
Labradordame	O
.	O

ne	NORM_1WORD
is	NORM_1WORD
mir	O
jz	NORM_1WORD
auch	O
egal	O
..	O

Da	O
schliess	NORM_1WORD
ich	O
mich	O
zu	O
100%	O
an	O
.	O

Wanda	O
:	O
Ich	O
hätte	O
hier	O
noch	O
ein	O
Fremdwort	O
fü	NORM_1WORD
...	O

ich	NORM_1WORD
tendier	NORM_1WORD
auch	O
dazu	O
,	O
überlege	O
noch	O
"	O
gigaspeed	NORM_1WORD
"	O
versus	O
standard	NORM_1WORD
.	O

bpt112	O
"	O
Hier	O
können	O
wir	O
nicht	O
Filmen	NORM_1WORD
,	O
hier	O
sind	O
zuviele	NORM_2WORD
Frauen	O
..	O
"	O

Einfache	O
Alltagstipps	O
zum	O
Kampf	O
gegen	O
das	O
Bauchfett	O
.	O
Nur	O
,	O
Wissen	O
und	O
darüber	O
reden	O
nützt	O
nix	NORM_1WORD
!	O

Ich	O
liebe	O
ja	O
wettendass	NORM_2WORD
und	O
so	O
,	O
aber	O
heute	O
ist	O
Poldi	O
im	O
sportstudio	NORM_1WORD
,	O
also	O
bitte	O
,	O
bitte	O
nicht	O
zuuu	NORM_1WORD
arg	O
überziehen	O
,	O
hr.	NORM_1WORD
gottschalk	NORM_1WORD
%PosSmiley	O

jaaaaaaa	NORM_1WORD
ich	O
meckere	O
nciht	NORM_1WORD
ich	O
weise	O
dich	O
nur	O
drauf	O
hin	O
%PosSmiley	O

Nu	NORM_1WORD
...	O
%Link	O
szonline	NORM_1WORD

ich	NORM_1WORD
muss	O
auf	O
klo	NORM_1WORD
..	O

