Sangkal	NORM_1WORD
Putung	NORM_1WORD
hadirr...	NORM_1WORD
?	O

Luar	NORM_1WORD
biasa	O
kak	O
.	O
padahal	O
aku	O
awalnya	O
gak	NORM_1WORD
percaya	O
kalau	O
produk	O
dari@BEAUTYANDHEALTHYY	NORM_1WORD
bisa	O
bikin	O
payudara	O
aku	O
tambah	O
besar&indah	O
ka	NORM_1WORD
padahal	O
baru	O
pakai	O
2minggu	O
kurang	O
ka	NORM_1WORD

Gw	NORM_1WORD
baru	O
stalking	O
skrg	NORM_1WORD
wkwk	O
@91tar	NORM_1WORD

@veloveputrii	NORM_1WORD
yg	NORM_1WORD
goblok	O
dan	O
gk	NORM_1WORD
ada	O
otak,	O
otak	O
udang	O
cm	NORM_1WORD
0,1%	O
itu	O
elo.	NORM_1WORD
Emang	NORM_1WORD
utk	NORM_1WORD
tau	O
smua	NORM_1WORD
hrs	NORM_1WORD
jd	NORM_1WORD
babunya	O
dhani	O
maia	O
dlu??	NORM_1WORD
Skrg	NORM_1WORD
jaman	O
udh	NORM_1WORD
canggih	O
dan	O
gampang	O
jalin	O
relasi	O
buat	O
tau	O
ttg	NORM_1WORD
sesuatu	O
gw	NORM_1WORD
mang	NORM_1WORD
ckup	NORM_1WORD
tau	O
ttg	NORM_1WORD
kbiasaan	NORM_1WORD
dhani	O
yg	NORM_1WORD
doyan	O
perempuan	O
itu	O
udh	NORM_1WORD
lama	O
tp	NORM_1WORD
yg	NORM_1WORD
difitnah	O
malah	O
maia.	O
Intinya	NORM_1WORD
ya	O
otak	O
udang	O
lo	O
liat	NORM_1WORD
aja	NORM_1WORD
skrg	NORM_1WORD
sapa	O
yg	NORM_1WORD
hdpnya	NORM_1WORD
lbh	NORM_1WORD
enak	O
dan	O
bahagia	O
dan	O
yg	NORM_1WORD
gk	NORM_1WORD
byk	NORM_1WORD
ngomong.	NORM_1WORD
Si	NORM_1WORD
dhani	O
rmh	NORM_1WORD
aja	NORM_1WORD
pake	NORM_1WORD
pny	NORM_1WORD
anknya	NORM_1WORD
Al,	NORM_1WORD
job	O
sepi,	O
cari	O
sensasi	O
mulu	O
utk	NORM_1WORD
pngalihan	O
issue,	O
dll	O
nah	O
si	NORM_1WORD
maia	O
lo	O
liat	NORM_1WORD
aja	NORM_1WORD
jd	NORM_1WORD
wanita	O
sukses	O
kaya	NORM_1WORD
raya	O
rmh	NORM_1WORD
elit	O
,	O
jalan2	NORM_1WORD
mulu	O
ke	O
eropa	O
itu	O
bukti	O
Tuhan	NORM_1WORD
gk	NORM_1WORD
prnh	NORM_1WORD
tdr.	NORM_1WORD
Org	NORM_1WORD
pintar	O
liat	NORM_1WORD
titik	O
ending	O
dr	NORM_1WORD
sbuah	NORM_1WORD
kebenaran	O
bkn	NORM_1WORD
pembenaran	O
spt	NORM_1WORD
yg	NORM_1WORD
dilakukan	O
mulan	O
dan	O
dhani.	O

Pa	NORM_1WORD
kabar	O
bu??	O
???	O
@fvtrisna	NORM_1WORD

Duh	NORM_1WORD
peengn	NORM_1WORD

Aplikasi	NORM_1WORD
ap	NORM_1WORD
nih	O
kak	O

Cantik	NORM_1WORD
bangett..	NORM_1WORD
subhanallah	O

@arthurjohntree	NORM_1WORD
berarti	O
teu	O
aya	O
nyaa	NORM_1WORD
:(	O

Emang	NORM_1WORD
yaa	NORM_1WORD
rempong	NORM_1WORD
amat	O
urus	O
org..kaya	NORM_1WORD
sndiri	NORM_1WORD
ud	NORM_1WORD
bener	NORM_1WORD
aja.	NORM_1WORD
..	O
Masi	NORM_1WORD
nonton	NORM_1WORD
porn	O
aja	NORM_1WORD
palingann	NORM_1WORD
dan	O
berjinah	NORM_1WORD
,,dasar	O
manusia	O
munaafikk!!	NORM_1WORD
Urusn	NORM_1WORD
org	NORM_1WORD
mw	NORM_1WORD
pk	NORM_1WORD
hijab	O
or	NORM_1WORD
kaga	NORM_1WORD

Hahahahaaaaa...	NORM_1WORD
mirip	O
kmu	NORM_1WORD
yg	NORM_1WORD
tengah	O
@toni_dks	NORM_1WORD

What!!!di	NORM_1WORD
surabay!!!OMg!!waduuhh	NORM_1WORD
padahal	O
suer	O
pinginnn	NORM_1WORD
buanget	NORM_1WORD
ketemuuu?!	NORM_1WORD
Ampe	NORM_1WORD
kebawa	NORM_1WORD
mimpiii	NORM_1WORD

Slm	NORM_1WORD
kenal	O
aj	NORM_1WORD
dr	NORM_1WORD
aq	NORM_1WORD
di	O
jatim	O

Cilacap	NORM_1WORD
hadirrr..karang	NORM_1WORD
suci	O
donan.	O

GA	NORM_1WORD
NYANGKA	NORM_1WORD
BANGET	NORM_1WORD
KEPUTUSAN	NORM_1WORD
AKU	NORM_1WORD
BUAT	NORM_1WORD
BELI	NORM_1WORD
ALAT	NORM_1WORD
PEMBESAR	NORM_1WORD
PAYUDARA	NORM_1WORD
MHCA	NORM_1WORD
DI@BEAUTYHEALTH_CLINIC	NORM_1WORD
SEBULAN	NORM_1WORD
YANG	NORM_1WORD
LALU	NORM_1WORD
TERNYATA	NORM_1WORD
JADI	NORM_1WORD
KEPUTUSAN	NORM_1WORD
YANG	NORM_1WORD
PALING	NORM_1WORD
TEPAT	NORM_1WORD
!!	O
AWALNYA	NORM_1WORD
SIH	NORM_1WORD
AKU	NORM_1WORD
RAGU	NORM_1WORD
TAPI	NORM_1WORD
TERNYATA	NORM_1WORD
SETELAH	NORM_1WORD
PAKE	NORM_1WORD
SELAMA	NORM_1WORD
30	O
HARI	NORM_1WORD
AKU	NORM_1WORD
UKUR	NORM_1WORD
LAGI	NORM_1WORD
PAYUDARA	NORM_1WORD
AKU	NORM_1WORD
YANG	NORM_1WORD
TADINYA	NORM_1WORD
32	O
SEKARANG	NORM_1WORD
JADI	NORM_1WORD
36B	NORM_1WORD
BENERAN	NORM_1WORD
SERIUS	NORM_1WORD
DEH	NORM_1WORD
!!!	O
KAMU	NORM_1WORD
HARUS	NORM_1WORD
COBA	NORM_1WORD
JUGA	NORM_1WORD
NIH	NORM_1WORD
HUB	NORM_1WORD
ADMINNYA	NORM_1WORD
DI	NORM_1WORD
BBM	NORM_1WORD
5EAE0CE6	NORM_1WORD
wa	O
082121840797	O

Ini	NORM_1WORD
judul	O
lgunya	NORM_1WORD
apa	O
ya??	O

kalah	O
sama	O
ade	NORM_1WORD
emeshh	NORM_1WORD
@dindalisaaa	NORM_1WORD

Iya	NORM_1WORD
yahhh	NORM_1WORD
@anifatasha	NORM_1WORD

Jadi	NORM_1WORD
pengen	NORM_1WORD
nafkahin	NORM_1WORD
km...??@nabilahjkt48	NORM_1WORD

Ga	NORM_1WORD
nyesel	NORM_1WORD
pake	NORM_1WORD
produk	O
rekomendasi	O
kaka	NORM_1WORD
buat	O
hilangin	NORM_1WORD
jerawatku@sehatidealmu	NORM_1WORD
memang	O
bener2	NORM_1WORD
solusi.	O
:)	O
pin	O
5E0D8D24	NORM_1WORD

Kalau	NORM_1WORD
liat	NORM_1WORD
poto	NORM_1WORD
kak	O
@lunamaya	NORM_1WORD
dgn	NORM_1WORD
co	NORM_1WORD
lain	O
.pst	NORM_1WORD
inggat	NORM_1WORD
ka	NORM_1WORD
ariell	O
.ya	O
kalian	O
brdua	NORM_1WORD
masing2	NORM_1WORD
sdh	NORM_1WORD
pny	NORM_1WORD
pasang	O
sh	O
.tpi	NORM_1WORD
kalian	O
brdua	NORM_1WORD
SANGGAT	NORM_1WORD
COCOK	NORM_1WORD
:)	O
LUNA?ARIEL	NORM_1WORD
FOREVER	NORM_1WORD

@dyahhanin	NORM_1WORD
banyak	O
yah	NORM_1WORD
nin.kau	O
buat	O
pulak	NORM_1WORD
perkelompok	O

Lenje	NORM_1WORD
teriak	O
lenje	NORM_1WORD
@novisyahreza	NORM_1WORD

Sa,	NORM_1WORD
kalungnya	O
pesen	NORM_1WORD
dmana?	NORM_1WORD

Haduh	NORM_1WORD
cantik2	NORM_1WORD
pakai	O
jilbab	O
kok	O
mlah	NORM_1WORD
si	NORM_1WORD
lepas	O
toh..	O

Pink	NORM_1WORD
ajaa..lebih	NORM_1WORD
lucu!!	O

HBD	NORM_1WORD
kaa	NORM_1WORD
aku	O
sayanggg	NORM_1WORD
kaa	NORM_1WORD
achaaa	O
????????	O

Kita	NORM_1WORD
hrusnya	NORM_1WORD
aniv	O
begini	O
@gendutsalembo	NORM_1WORD

Nihh	NORM_1WORD
yg	NORM_1WORD
kepo	O
sm	NORM_1WORD
jawaban	O
ttg	NORM_1WORD
video	O
itu	O
tuhh	NORM_1WORD
hehe	O
@zhrbn	NORM_1WORD
@restuuef	NORM_1WORD
@maimunahsm	NORM_1WORD

Ayooo	NORM_1WORD
ka	NORM_1WORD
@evithash	NORM_1WORD
wkwk	O

Hbd	NORM_1WORD
kaaaa?	NORM_1WORD

Lipstiknya	NORM_1WORD
syantik	NORM_1WORD
windaa	O
@yuli.winda	NORM_1WORD

Smoga	NORM_1WORD
mndap?tkan	O
yg	NORM_1WORD
terbaik	O
amin	O

Sempurnaaaaa	NORM_1WORD

Selamat	NORM_1WORD
ya	O
k	NORM_1WORD
uben	O
ma	NORM_1WORD
teh	O
wenda	O
??	O
sehat	O
trus	NORM_1WORD
dekbayi	O
nyah..	NORM_1WORD
Amin..	NORM_1WORD

Fatin	NORM_1WORD
cantik	O
bngt	NORM_1WORD
?	O

Aminnn...	NORM_1WORD

Minta	NORM_1WORD
maaf	O
tp	NORM_1WORD
gak	NORM_1WORD
ngaku	NORM_1WORD
salah	O
gmn	NORM_1WORD
sih	O
mbaa	NORM_1WORD
??	O
Gak	NORM_1WORD
salah	O
Buat	NORM_1WORD
apa	O
mnta	NORM_1WORD
maaf	O
klo	NORM_1WORD
gt	NORM_1WORD
?	O

20thn	O
dah	NORM_1WORD
jadi	O
sarjana	O
@novajayanti15	NORM_1WORD

Aminnn	NORM_1WORD

@pputriindah	NORM_1WORD
15thn	O
ka.	NORM_1WORD
Kaka	NORM_1WORD
kalah	O
:p	O
wkwkwk	O

@imririeaj	NORM_1WORD
makai	O
nuduh	NORM_1WORD
saya	O
produk	O
MCM	NORM_1WORD
,	O
anda	O
itu	O
gak	NORM_1WORD
sopan	O
dan	O
anda	O
suka	O
menuduh!	O
Sudah	NORM_1WORD
mendukung	O
kekerasan,	O
gak	NORM_1WORD
sopan,	O
suka	O
nuduh	NORM_1WORD
kalo	NORM_1WORD
ini	O
jadi	O
guru	O
bisa	O
rusak	O
mental	O
murid	O
indonesia!	O

Subahanallah	NORM_1WORD
cantikk	NORM_1WORD
bgt	NORM_1WORD
pke	NORM_1WORD
hijabb	NORM_1WORD
..	O

Lahh	NORM_1WORD
iya	O
ada	O
@aassetya	NORM_1WORD
??	O
masya	O
allaahh	NORM_1WORD
@haliaisyah	NORM_1WORD
@dwipratiwiw	NORM_1WORD
@ifa_alfahrezi	NORM_1WORD

Agama	NORM_1WORD
apapun	O
terkandang	O
ada	O
yg	NORM_1WORD
tdk	NORM_1WORD
berlogika,	O
baca	O
tu	NORM_1WORD
777el!!!!!!!	O

Gw	NORM_1WORD
pengen	NORM_1WORD
sama	O
lo	O
del	O
@adellyada	NORM_1WORD

Lucu	NORM_1WORD
bgt	NORM_1WORD

Nanti	NORM_1WORD
gw	NORM_1WORD
gambarin	NORM_1WORD
?	O
@roselinakam	NORM_1WORD

Raisanya	NORM_1WORD
gw,	NORM_1WORD
isyananya	O
elu	NORM_1WORD
wkwk	O
@syafaeka	NORM_1WORD

Kak	NORM_1WORD
ali	O
nyanyiin	NORM_1WORD
lagu	O
buat	O
kak	O
prilly	O
ya	O
cie-cie	O

Tutorial	NORM_1WORD
hijab	O
yg	NORM_1WORD
dpke	NORM_1WORD
kak	O
icha	O
ini	O
donk	NORM_1WORD

Mbaaa	NORM_1WORD
lucu	O
koh??	O

yuk	O
MAMPIR	NORM_1WORD
DULU	NORM_1WORD
!!!!SWITER	NORM_1WORD
BAJU	NORM_1WORD
JAKET	NORM_1WORD
MURAH	NORM_1WORD
BGT!!	NORM_1WORD
YAKIN	NORM_1WORD
GA	NORM_1WORD
ADA	NORM_1WORD
YG	NORM_1WORD
SEMURAH	NORM_1WORD
INI	NORM_1WORD
LOH!!	NORM_1WORD
mulai	O
dari	O
40K!!!!	NORM_1WORD
YG	NORM_1WORD
DI	NORM_1WORD
PAKE	NORM_1WORD
ARTIS2	NORM_1WORD
DAN	NORM_1WORD
SELEGRAM	NORM_1WORD
?????	O

Lebih	NORM_1WORD
tepatnya	O
@mischach	NORM_1WORD
lebih	O
imut	O
&	O
cute	O
drpd	NORM_1WORD
@marcelchandra	NORM_1WORD

Ini	NORM_1WORD
loh	O
nit	O
yg	NORM_1WORD
gw	NORM_1WORD
blg	NORM_1WORD
tamunya	O
kebykan	NORM_1WORD
pake	NORM_1WORD
batik	O
@nita_azalia	NORM_1WORD
?	O

@monicasterina	NORM_1WORD
nihhh	NORM_1WORD

@anisadece	NORM_1WORD
nisss	O
ini	O
liat	NORM_1WORD
aduHhhhhhhhh	NORM_1WORD

Ini	NORM_1WORD
orang	O
baik	O
yg	NORM_1WORD
sering	O
nolongin	NORM_1WORD

Gemeessss	NORM_1WORD
poollll	NORM_1WORD
??	O

Vid	NORM_1WORD
liat	NORM_1WORD
komenannya	NORM_1WORD
hahahah	O
@vidiany99	NORM_1WORD

Aminnnn	NORM_1WORD

Kok	NORM_1WORD
kita	O
denger	NORM_1WORD
dia	O
bilang	O
melbourne	O
kaya	NORM_1WORD
cirebon	O
ya	O
??.	O
@riskirosdiana	NORM_1WORD

@yoeriche	NORM_1WORD
nya	O
off	O
dulu...	O
ikutin	NORM_1WORD
terus	O
#YoeriChibiDay	NORM_1WORD

Keluarga	NORM_1WORD
bhgia	NORM_1WORD

Kt	NORM_1WORD
shoot	O
kyk	NORM_1WORD
gini	NORM_1WORD
aja	NORM_1WORD
@veliciahart	NORM_1WORD
@ibabellee	NORM_1WORD
@zorayaparlautan	NORM_1WORD
@agnesjap	NORM_1WORD
@avery_laird	NORM_1WORD
@michelleongah30	NORM_1WORD

lucu	O
.........	O
aku	O
suka	O
dech	NORM_1WORD
chahaha	O

Enak	NORM_1WORD
bgt	NORM_1WORD
yak	NORM_1WORD
:'v	O
@aufaasalsabil	NORM_1WORD

Thx	NORM_1WORD
ya	O
kak	O
udh	NORM_1WORD
rekomendasiin	NORM_1WORD
produk	O
pemutih	O
kulit	O
di@dr.ulfa.herbal	NORM_1WORD
kulit	O
tubuh	O
aku	O
lebih	O
putih	O
dalam	O
2	O
minggu,	O
aku	O
jd	NORM_1WORD
gak	NORM_1WORD
minder	O
lagi	O
:)	O

Samaa...eike	NORM_1WORD
juga	O
seneng	NORM_1WORD
liatnya..ngademin	NORM_1WORD
@ellieawaliawati	NORM_1WORD

Dasar	NORM_1WORD
@artisn	NORM_1WORD
Kasihan	NORM_1WORD
Bgt	NORM_1WORD
Hdp	NORM_1WORD
Lo	NORM_1WORD
Pengidap	NORM_1WORD
Anjing	NORM_1WORD
Rabies??ih	NORM_1WORD
keturunan	O
Anjing	NORM_1WORD
Rabies	NORM_1WORD

Kulit	NORM_1WORD
putih	O
bercahaya,	O
jerawat	O
hilang,	O
wajah	O
makin	O
cantik	O
+	O
BONUS	NORM_1WORD
1	O
JUTA	NORM_1WORD
BERKALI-KALI,	NORM_1WORD
MAUUUUUUU.......??	NORM_1WORD
Yuk	NORM_1WORD
intip	O
IG	NORM_1WORD
kami	O
?	O

@sylvia_agatha	NORM_1WORD
g	NORM_1WORD
gagalnya	O
karna	NORM_1WORD
males	NORM_1WORD
donk	NORM_1WORD
and	O
selalu	O
merasa	O
cape.	NORM_1WORD

Jika	NORM_1WORD
yesus	O
adlh	NORM_1WORD
Allah	NORM_1WORD
mengapa	O
saat	O
di	O
salib	O
dia	O
sebut	O
:	O
eli..eli..namasabatani	O
:	O
Ya	NORM_1WORD
Allah	NORM_1WORD
mengapa	O
Engkau	NORM_1WORD
meninggalkan	O
aku.	O
Pertanyaan	NORM_1WORD
seorang	O
yesus	O
yg	NORM_1WORD
putus	O
asa	O
di	O
kayu	O
salib	O
kpd	NORM_1WORD
Allah	NORM_1WORD
Tuhannya.	NORM_1WORD
@chrystoruan	NORM_1WORD

anak	O
tetangga	O
aku	O
gr2	NORM_1WORD
d	NORM_1WORD
cubit	NORM_1WORD
skrg	NORM_1WORD
gamau	NORM_1WORD
masuk	O
skolah	NORM_1WORD
..	O
pdahal	NORM_1WORD
msh	NORM_1WORD
klas	NORM_1WORD
1	O
sd	O
..	O
krena	NORM_1WORD
tkut	NORM_1WORD
sama	O
grunya	NORM_1WORD
..	O
dan	O
akhirnya	O
skrg	NORM_1WORD
pndah	NORM_1WORD
skolah	NORM_1WORD
tuh	O
bocah	O
nya	O
..	O

Mahal	NORM_1WORD
bgt	NORM_1WORD
mam	O
dstu	NORM_1WORD

Cie	NORM_1WORD
nge-stalk	O
uga	NORM_1WORD
@oliptheo_	NORM_1WORD

@astha_permana	NORM_1WORD
aqu	NORM_1WORD
cinta	O
ne	NORM_1WORD
prilly	O
kok,,?	O

Alhamdulillah,	NORM_1WORD
Aamiin	NORM_1WORD
ya	O
Allah	NORM_1WORD
ya	O
Rabbal	NORM_1WORD
'alamiin	O
:)	O

Kk	NORM_1WORD
cha2	O
bukan	O
mau	O
ledkin	NORM_1WORD
tpi	NORM_1WORD
yah	NORM_1WORD
kenapa	O
jilbabnya	O
dibuka???	O
@marshanda99	NORM_1WORD

kalau	O
orang	O
pintar	O
mah	O
g	NORM_1WORD
usah	O
nggali	NORM_1WORD
dosa	O
dari	O
menghujat	O
org	NORM_1WORD
lain	O
:)	O
alhamdulillah	O
saya	O
meminimalkan	O
hujatan	O
ke	O
publik	O
figur	O
yg	NORM_1WORD
g	NORM_1WORD
saya	O
suka	O
dengan	O
cara	O
g	NORM_1WORD
usah	O
stalking	O
yg	NORM_1WORD
ujungnya	O
sok	O
ikut	O
cmpur	NORM_1WORD
urusan	O
org,	NORM_1WORD
menghujat,	O
cukup	O
memuji	O
dan	O
support	O
idola	O
aja	NORM_1WORD
??	O

Mas	NORM_1WORD
tulus	O
kenapa	O
sii..	NORM_1WORD
Orangnya	NORM_1WORD
nyenengin	NORM_1WORD
bgt.	NORM_1WORD
Gemess	NORM_1WORD
akuuu	NORM_1WORD
..	O
Love	NORM_1WORD
You	NORM_1WORD
mas	O
@tulusm	NORM_1WORD
.	O
jgn	NORM_1WORD
kurus	O
yaa..	NORM_1WORD
Udah	NORM_1WORD
gitu	NORM_1WORD
aja	NORM_1WORD
ganteng	O
gemesiin.	NORM_1WORD
Menyenangkn	NORM_1WORD
dan	O
smart	O
.much	O

Kocakkkkkkkkkkkkkk	NORM_1WORD

Stalking	NORM_1WORD
sampw	NORM_1WORD
bawah	O
cuma	O
pengen	NORM_1WORD
ngeliat	NORM_1WORD
vidio	O
ini	O
???	O

Cantik	NORM_1WORD
gitu	NORM_1WORD
pakek	NORM_1WORD
kerudung....kanapa	NORM_1WORD
ngk	NORM_1WORD
pakek	NORM_1WORD
aja....lebih	NORM_1WORD
cantik	O
dan	O
menarik.....	O

Selamat	NORM_1WORD
ya	O
om	O
raffi	O
ama	NORM_1WORD
tante	O
gigi	O
udah	NORM_1WORD
punya	O
babyyy	O

Mulutnya	NORM_1WORD
pda	NORM_1WORD
ga	NORM_1WORD
bsa	NORM_1WORD
dijaga	O
semuanya....	O
???	O

Gak	NORM_1WORD
cocok	O
al	O
jadi	O
kayak	O
tiang	O
listrik	O

Tuh	NORM_1WORD
ygs	NORM_1WORD
romantis	O
kan	O
hhheee	O
@tellyfahrul	NORM_1WORD

Gmn	NORM_1WORD
kalo	NORM_1WORD
tinker	O
bell	O
kan	O
unik,apalagi	O
blm	NORM_1WORD
prnh	NORM_1WORD
ada	O
yg	NORM_1WORD
pake	NORM_1WORD
tema	O
tinker	O
bell	O

Yg	NORM_1WORD
mw	NORM_1WORD
berpenghasilan	O
jutaan	O
per	O
hari	O
join	O
bisnisku	O
yuk.	O
GARANSI.	NORM_1WORD
Yg	NORM_1WORD
cuma	O
mau	O
asal	O
nyoba	NORM_1WORD
tapi	O
ngga	NORM_1WORD
mau	O
ikutin	NORM_1WORD
sistemnya	O
jgn	NORM_1WORD
join	O
ya	O
:)	O

Besok	NORM_1WORD
mmz	NORM_1WORD
bikinin	NORM_1WORD
deh	O
@clara.wijaya36	NORM_1WORD
?	O

Pgn	NORM_1WORD
foto	O
kayak	O
gini	NORM_1WORD
@riri_risyad	NORM_1WORD

kiss2	O
buat	O
mikaa	O
ya	O
mba	NORM_1WORD
@zahratuljannah...	NORM_1WORD

BENER	NORM_1WORD
DEH	NORM_1WORD
SAY,	NORM_1WORD
SETELAH	NORM_1WORD
AKU	NORM_1WORD
ORDER	NORM_1WORD
ALATNYA@bigbreastnatural	NORM_1WORD
AKU	NORM_1WORD
MERASA	NORM_1WORD
PUAS	NORM_1WORD
BANGET.	NORM_1WORD
PAYUDARA	NORM_1WORD
JADI	NORM_1WORD
BESAR	NORM_1WORD
DAN	NORM_1WORD
KENCANG.	NORM_1WORD
PAHA	NORM_1WORD
DAN	NORM_1WORD
BETIS	NORM_1WORD
JUGA	NORM_1WORD
GAK	NORM_1WORD
KAYA	NORM_1WORD
TUKANG	NORM_1WORD
BECAK	NORM_1WORD
LAGI.	NORM_1WORD
SENENGGG	NORM_1WORD
NIH	NORM_1WORD
AKU	NORM_1WORD
KASIH	NORM_1WORD
KONTAKNYA	NORM_1WORD
Chat	NORM_1WORD
ke	O
WA	NORM_1WORD
:	O
0857-9305-1973	O
/	O
BBM	NORM_1WORD
:	O
5B8BE79E	NORM_1WORD
/	O
LINE	NORM_1WORD
:	O
@ZHB0594N	NORM_1WORD
(PAKAI	NORM_1WORD
@)	O

ini	O
bukannya	O
secara	O
tdk	NORM_1WORD
langsung	O
menyalahkan	O
bella,	O
tapi	O
ini	O
mau	O
mengklarifikasi	O
yang	O
dibilang	O
bella	O
dan	O
ibunya	O
di	O
rumpi	O
dan	O
itu	O
juga	O
SECARA	NORM_1WORD
TIDAK	NORM_1WORD
LANGSUNG	NORM_1WORD
bella	O
dan	O
ibunya	O
sangat	O
sangat	O
sangat	O
menyudutkan	O
salsha	O
dan	O
ibunya	O
salsha.	O
makanya	O
salsha	O
langsung	O
di	O
judge	O
habis	O
habisan,	O
dan	O
salsha	O
skrng	NORM_1WORD
mau	O
mengklarifikasi	O
yang	O
bener...	NORM_1WORD
@eunike.febe	NORM_1WORD
nonton	NORM_1WORD
aj	NORM_1WORD
rumpi	O
biar	O
tau	O
kalo	NORM_1WORD
scr	NORM_1WORD
tidak	O
langsung	O
banget	O
si	NORM_1WORD
bella	O
sama	O
ibunya	O
nyalahin,nyindir,menyalahkan	NORM_1WORD
salsha	O
dan	O
ibunya	O
salsha	O

Nice	NORM_1WORD
bgt	NORM_1WORD
ka	NORM_1WORD
chacha	O
@marshanda99	NORM_1WORD

Subhanalloh	NORM_1WORD
cantiknya	O
klo	NORM_1WORD
berhijab	O

Gue	NORM_1WORD
suka	O
heran	O
sama	O
agama	O
islam	O
kalo	NORM_1WORD
ada	O
artis	O
yg	NORM_1WORD
agama	O
islam	O
dipuji	O
puji	O
dibangga'in	NORM_1WORD
eh	O
kapan	O
lihat	O
artis	O
yang	O
agama	O
kristen	O
langsung	O
dibully:v,	O
dan	O
bully'an	O
nya	O
tentang	O
agama:'3	O
lucu	O
bgt	NORM_1WORD
ya?	O

Mantaff??	NORM_1WORD

@tarrakurniadi2122	NORM_1WORD
@fiqrihendra	NORM_1WORD
terrrrbaik...?	NORM_1WORD

Cantik	NORM_1WORD
bgt	NORM_1WORD
,masyaallah	O
@maudyayunda	NORM_1WORD

Wiiiihhhh	NORM_1WORD
keren...	O

@yowendru	NORM_1WORD
@catherinayw	NORM_1WORD
lanjut	O
senam	O
yooookkk.	NORM_1WORD
Huuuu	NORM_1WORD
haaa	O
huuu	O
haaaa	O

Muantteepp...	NORM_1WORD

Tas	NORM_1WORD
fashion	O
import,masker	O
kefir,,hijab	O
ootd	O
semua	O
ada	O
di	O
tempat	O
kami,,,cek	O
IG	NORM_1WORD
yuuu??????	NORM_1WORD

Ya	NORM_1WORD
Allah...mmg	NORM_1WORD
cantik	O
aslinya..	O
mirip	O
el	O

Jesika	NORM_1WORD
and	O
kevin	O
kok	O
pake	NORM_1WORD
peci	O
and	O
kilbab	O

Gampang	NORM_1WORD
bgt	NORM_1WORD
bedain	NORM_1WORD
kembar	O
yg	NORM_1WORD
ini	O
??	O
@marcelchandra	NORM_1WORD
@mischach	NORM_1WORD

@afh1802	NORM_1WORD
lipstick	O
nya	O
sukaaaaaa...	NORM_1WORD
??	O

Buat	NORM_1WORD
gini	NORM_1WORD
yuuks	NORM_1WORD
@andrianyayu	NORM_1WORD
@imaliaoktarina	NORM_1WORD
@sopiyahandayani	NORM_1WORD

Gk	NORM_1WORD
jelas	O
woy	O
bego	O
lu!!@nabil.aak	NORM_1WORD

Itu	NORM_1WORD
behel	O
mz/mb	NORM_1WORD
@kadekswandewi25	NORM_1WORD
@dirextorr	NORM_1WORD

Amin	NORM_1WORD
ya	O
robballallamin??	O

Bener	NORM_1WORD
banget	O
@yuliaaripin	NORM_1WORD

dasar	O
haters	O
para	O
ababil?	O
kurng	NORM_1WORD
menikmati	O
hidup	O
dan	O
bahagia	O
kali	O
ya	O
:)	O

Follow	NORM_1WORD
yaa	NORM_1WORD

Chat	NORM_1WORD
ke	O
WA	NORM_1WORD
:	O
0857-9305-1973	O
/	O
BBM	NORM_1WORD
:	O
5B8BE79E	NORM_1WORD
/	O
LINE	NORM_1WORD
:	O
@ZHB0594N	NORM_1WORD
(PAKAI	NORM_1WORD
@)	O
KAMU	NORM_1WORD
MAU	NORM_1WORD
PAYUDARAMU	NORM_1WORD
BESAR+KENCANG?	NORM_1WORD
GAMPANG	NORM_1WORD
BANGETT	NORM_1WORD
TINGGAL	NORM_1WORD
FOLLOW	NORM_1WORD
DAN	NORM_1WORD
KONSULTASIKAN	NORM_1WORD
DENGAN@bigbreastnatural	NORM_1WORD
AKU	NORM_1WORD
UDAH	NORM_1WORD
BUKTIIN	NORM_1WORD
SENDIRI	NORM_1WORD
SIST	NORM_1WORD
???	O
Order	NORM_1WORD
kesini	O
sis	O
BBM	NORM_1WORD
:	O
5B8BE79E	NORM_1WORD
LINE:	NORM_1WORD
@zhb0594n	NORM_1WORD
(pakai	O
@)	O

Semoga	NORM_1WORD
ttp	NORM_1WORD
istiqomah	NORM_1WORD
yaa	NORM_1WORD
teh	O
@rinanose16	NORM_1WORD

Congratss	NORM_1WORD
kakk??	NORM_1WORD

Ada	NORM_1WORD
yang	O
bisa	O
saya	O
bantu?	O
:)	O
masalah	O
tinggi	O
badan,	O
langsing,	O
menambah	O
berat	O
badan,	O
masker	O
jerawat,	O
pemutih	O
seluruh	O
tubuh,	O
penumbuh	O
rambut	O
atau	O
pembesar	O
payudara?	O
atau	O
ada	O
penyakit	O
lain?	O
silahkan	NORM_1WORD
jangan	O
ragu-ragu	O
tanya	O
kaka	NORM_1WORD
:)	O

NGAREPPPPP	NORM_1WORD
AHAHAHA	NORM_1WORD
@intanamaliahh	NORM_1WORD
Tapi	NORM_1WORD
Aamiinin	NORM_1WORD
dulu	O
aja	NORM_1WORD
ya	O

Hay	NORM_1WORD
banx	NORM_1WORD

Pala	NORM_1WORD
barbie	O
pusingggg	NORM_1WORD

Baru	NORM_1WORD
liat	NORM_1WORD
foto	O
yg	NORM_1WORD
ini.	O
Ada	NORM_1WORD
siluman	O
jamila,	O
delete	O
aj	NORM_1WORD
foto	O
ini	O
al	O
???	O
@alghazali7	NORM_1WORD

Semoga	NORM_1WORD
allah	O
meridhoi	O
stiap	NORM_1WORD
apa	O
yg	NORM_1WORD
kakak	O
lkuin	NORM_1WORD
:)	O
ttep	NORM_1WORD
dalam	O
istiqamah	NORM_1WORD
kak	O

Kak,	NORM_1WORD
bosan	O
gaji	O
2	O
sampe	NORM_1WORD
3	O
juta?	O
Pingin	NORM_1WORD
belanja	O
banyak	O
tapi	O
gak	NORM_1WORD
ada	O
uang??	O
Yuk	NORM_1WORD
join	O
di	O
awstore	O
business!!!	O
Modal	NORM_1WORD
sekali	O
ditabok	O
berkali	O
kali????!!	O
Udah	NORM_1WORD
banyak	O
yang	O
join	O
bahkan	O
tentara,	O
pegawai	O
dan	O
polisi	O
pun	O
ikut	O
join	O
loh!!!!!	O

@wulandahri_vina	NORM_1WORD
ya	O
bener	NORM_1WORD
banget	O
,	O
mereka	O
kurang	O
menikmati	O
hidup,kasian	NORM_1WORD
banget	O
selama	O
hidupnya	O
cuma	O
bisa	O
ngomentarin	NORM_1WORD
kehidupan	O
org,tuhan	NORM_1WORD
aja	NORM_1WORD
maha	O
pemaaf,	O
lah	O
ini	O
manusia	O
suka	O
nya	O
menghakimi	O
org,	NORM_1WORD
udh	NORM_1WORD
kaya	NORM_1WORD
tuhan	O
aja	NORM_1WORD
idupnya,	NORM_1WORD
awas	O
mulutmu	O
bisa	O
jadi	O
kutukan	O
tuhan	O

Kucing	NORM_1WORD
nya	O
kan	O
item	O
bang.kasi	NORM_1WORD
nama	O
yudha	O
kelling	O
aj..wkkwkwk	NORM_1WORD

cocokkk	NORM_1WORD
bgt	NORM_1WORD
ini	O
mahhhh	NORM_1WORD

Duhhhhh	NORM_1WORD
ngefly	O
gue	O
?????	O

Da	NORM_1WORD
macem	NORM_1WORD
dekor	O
orang2	NORM_1WORD
kerajaan	O
we	O
aish	O
@taniaadel	NORM_1WORD
@shelsanikitaa	NORM_1WORD

@rizqy_adhimy	NORM_1WORD
kue	O
nya	O
dokter	O
banget	O
yaaa	NORM_1WORD
hahaha	O
nihh	NORM_1WORD
calon	O
dokter	O
hewan	O
hahahahahahahahaha	O

Bisa	NORM_1WORD
usul,please	O
difotoin	NORM_1WORD
dong	O
Jessica	NORM_1WORD
Mila&Kevin	NORM_1WORD
Julio,mreka	NORM_1WORD
psangan	NORM_1WORD
yg	NORM_1WORD
romantis	O
skali,	NORM_1WORD
@dierabachir	NORM_1WORD
sama	O
kayak	O
Audi	NORM_1WORD
Billy	NORM_1WORD

kirain	NORM_1WORD
kylie	O
??	O

Naura	NORM_1WORD
Kamu	NORM_1WORD
Pingin	NORM_1WORD
punya	O
adek	O
lagi	O
gk?	NORM_1WORD
@aku_naura	NORM_1WORD
#nauraqna	NORM_1WORD

Cantikkk	NORM_1WORD
parahh	NORM_1WORD
dong	O
@zaishaqonitaaa	NORM_1WORD
@aviraputrii_	NORM_1WORD

Paling	NORM_1WORD
suka	O
dgn	NORM_1WORD
caption	O
yg	NORM_1WORD
ini..	O

Ya	NORM_1WORD
ampun	O
ga	NORM_1WORD
nyangka	NORM_1WORD
banget	O
sama	O
produknya@QUEEN_BEAUTY_NATURAL	NORM_1WORD
tubuh	O
aku	O
jadi	O
putih	O
alami	O
dan	O
permanen	O
lagi,aku	O
banyak	O
terimakasih	O
nih	O
sama@QUEEN_BEAUTY_NATURAL	NORM_1WORD
,kalian	O
jangan	O
mau	O
kalah	O
sama	O
aku	O
buruan	O
kalian	O
yg	NORM_1WORD
belum	O
coba,sekaeang	NORM_1WORD
waktunya	O
buat	O
coba,aku	O
udah	NORM_1WORD
buktiin	NORM_1WORD
ko,giliran	NORM_1WORD
kalian	O
yg	NORM_1WORD
ngebuktiin	NORM_1WORD
:)	O
nih	O
aku	O
punya	O
pinnya	O
5D885B1C	NORM_1WORD

Kok	NORM_1WORD
jadi	O
serem	NORM_1WORD
ya	O

Waaaaw	NORM_1WORD
cantik	O
bngt	NORM_1WORD
ka	NORM_1WORD
@jscmila	NORM_1WORD
???	O

Cock	NORM_1WORD

#All	NORM_1WORD
mau	O
nanya	NORM_1WORD
yang	O
lawan	O
maenya	NORM_1WORD
di	O
sinet	NORM_1WORD
bulan	O
dan	O
bintang	O
yang	O
jadi	O
bulan	O
itu	O
siapa	O
ya	O
?	O

Luar	NORM_1WORD
biasa	O
kak	O
@cita_citata	NORM_1WORD
aku	O
trasa	NORM_1WORD
minpi	NORM_1WORD
bner2	NORM_1WORD
gak	NORM_1WORD
nyangka	NORM_1WORD
produknya,	O
padahal	O
awalnya	O
aku	O
gak	NORM_1WORD
percaya	O
kalo	NORM_1WORD
produk	O
dari@dr.anita.herbal	NORM_1WORD
bisa	O
mutihin	NORM_1WORD
kulit	O
aku,	O
kini	O
kulit	O
ak	NORM_1WORD
jadi	O
lebih	O
putih	O
dan	O
gak	NORM_1WORD
kusam	O
lagi	O
ka	NORM_1WORD
:)	O

Natural	NORM_1WORD
itu	O
yang	O
kyak	NORM_1WORD
gni	NORM_1WORD
bgun	NORM_1WORD
tidur	O
aja	NORM_1WORD
cntik	NORM_1WORD
apa	O
lg	NORM_1WORD
kalau	O
lagi	O
tdur.....	NORM_1WORD

Siti	NORM_1WORD
kadijah	O
ajah	NORM_1WORD

mirippp?	NORM_1WORD

Apa	NORM_1WORD
cita2	NORM_1WORD
temen-temen?,	NORM_1WORD
TNI,	NORM_1WORD
Model,	NORM_1WORD
Pramugari?	NORM_1WORD
udah	NORM_1WORD
cek	O
tubuh	O
mu..	O
udah	NORM_1WORD
ideal	O
belum?	O
salah	O
stu	NORM_1WORD
syratnya	NORM_1WORD
Tubuh	NORM_1WORD
Harus	NORM_1WORD
Ideal.	NORM_1WORD
klo	NORM_1WORD
belum	O
ayo	O
mampir	O
dan	O
follow@Raja.beauty.Shop	NORM_1WORD
ada	O
solusi	O
teraman	O
dan	O
terbaik	O
???	O

Bungkuuuuuuuuusss	NORM_1WORD

Mau	NORM_1WORD
nanya,	NORM_1WORD
orangtua	O
laki2	NORM_1WORD
wilona	O
Yang	NORM_1WORD
mana	O
ya,	O
gag	NORM_1WORD
pernah	O
dipost	O
ya	O
fhotonya??	NORM_1WORD
penasaran	O
aja,	NORM_1WORD
yang	O
tau	O
bleh	NORM_1WORD
jawab	O
dong????	O

9	O
hiri	NORM_1WORD
yang	O
lalu	O
nya	O

Cuaaantikk	NORM_1WORD

Apasih	NORM_1WORD
kebanggaan	O
kamu	O
bisa	O
sukses	O
ngadain	NORM_1WORD
#konserdongeng1	NORM_1WORD
,	O
dengan	O
umur	O
kamu	O
yg	NORM_1WORD
masih	O
10	O
thn	NORM_1WORD
,	O
dan	O
knp	NORM_1WORD
kamu	O
pengan	NORM_1WORD
ngadain	NORM_1WORD
konser	O
lagi.	O
#nauraQnA	NORM_1WORD

Cantik	NORM_1WORD
dan	O
berbakat	O
sekali	O
??@gitagut	NORM_1WORD
salut	O
sm	NORM_1WORD
km!!	NORM_1WORD

@teguhkrisw	NORM_1WORD
download	O
ginian	NORM_1WORD

Cantik	NORM_1WORD
bgt....	NORM_1WORD

Cocok	NORM_1WORD
memang	O
mereka	O
iniw	NORM_1WORD

Klo	NORM_1WORD
anak	O
kucing'y	NORM_1WORD
jantan	O
nama'in	NORM_1WORD
nurhalil,	O
panggilan'ya	NORM_1WORD
ALIL..	NORM_1WORD
klo	NORM_1WORD
anak	O
kucing'y	NORM_1WORD
betina	O
nama'in	NORM_1WORD
putri,	O
panggilan'y	NORM_1WORD
APUT..	NORM_1WORD
heeee	NORM_1WORD
#kereen	NORM_1WORD
gak	NORM_1WORD
ka	NORM_1WORD
@raditya_dika	NORM_1WORD

Cantik	NORM_1WORD
full.,pengen	NORM_1WORD
bgt	NORM_1WORD
knl	NORM_1WORD
mbak	O
aura	O

Sebaik"	NORM_1WORD
org	NORM_1WORD
itu	O
DIAM	NORM_1WORD
atas	O
perlakuan	O
org	NORM_1WORD
laen,	NORM_1WORD
selagi	O
itu	O
ga	NORM_1WORD
merugikan	O
diri	O
kita	O
sendiri	O
kenapa	O
harus	O
ngomentarin	NORM_1WORD
hidup	O
org	NORM_1WORD
laen.....	NORM_1WORD
yg	NORM_1WORD
suka	O
menghujat	O
juga	O
blm	NORM_1WORD
tentu	O
dirinya	O
selalu	O
bener...	NORM_1WORD
1x	O
kalian	O
menghujat	O
ajah	NORM_1WORD
udh	NORM_1WORD
dpt	NORM_1WORD
dosa,	O
jd	NORM_1WORD
jangan	O
pada	O
SOK	NORM_1WORD
alim	O
semua,	O
urus	O
diri	O
masing"..	NORM_1WORD
?	O

Cantik	NORM_1WORD
bangat	NORM_1WORD
kalau	O
pake	NORM_1WORD
hijab...	O

Mika	NORM_1WORD
akan	O
menjadi	O
anak	O
yang	O
luarbiasa	O
,	O
amiin...	NORM_1WORD
Super	NORM_1WORD
dasyat	NORM_1WORD
buat	O
bunda	O

@danakitri	NORM_1WORD
duhh	NORM_1WORD
hae	O

Aneh	NORM_1WORD
ko	NORM_1WORD
cd	NORM_1WORD
di	NORM_1WORD
perlihatkan	NORM_1WORD

??????	O
Apaaan	NORM_1WORD
lagiii	NORM_1WORD
ini	O
ampuuunn	NORM_1WORD
daaah	NORM_1WORD
???	O

Lah	NORM_1WORD
dikira	O
mah	O
casie	O
20thn	O
baru	O
15thn	O
udah	NORM_1WORD
kaya	NORM_1WORD
tante"	NORM_1WORD
boros	O
amat	O

Bisaa	NORM_1WORD
apa	O
yang?	O
@dias_prayoga	NORM_1WORD

@afrianidr	NORM_1WORD
aku	O
ndak	NORM_1WORD
bandel	O
ya	O
maak	NORM_1WORD
?	O

Yayaya	NORM_1WORD
betul	O
betul	O
like	O
banget	O
lanjut	O
trus	NORM_1WORD
princes	O
@princessyahrini	NORM_1WORD
???	O
we	O
love	O
you	O

Pinter	NORM_1WORD
banget	O
gempi	O
nya	O
@gadiiing	NORM_1WORD
@gisel_la	NORM_1WORD

@nerafarfalla	NORM_1WORD
gini	NORM_1WORD
dong	O
mi	O
sekali-kali	O
wkwkwk	O

Kak	NORM_1WORD
mischa	O
lbh	NORM_1WORD
tinggi,,,trs	NORM_1WORD
jidad	NORM_1WORD
nya	O
lbh	NORM_1WORD
lebar	O
hhehehe	O

Envy	NORM_1WORD
deh	O
ahhhh	NORM_1WORD

SUCInya	NORM_1WORD
Bayi	NORM_1WORD
kecil	O
mungil	O
itu.	O
.	O
.	O
?	O
Smoga	NORM_1WORD
jd	NORM_1WORD
anak	O
yg	NORM_1WORD
Sholeh	NORM_1WORD
berguna	O
dimasa	O
depan,	O
agar	O
kelak	O
bs	NORM_1WORD
jd	NORM_1WORD
Kebanggan	NORM_1WORD
u'	NORM_1WORD
Sang	NORM_1WORD
Bunda	NORM_1WORD
dan	O
Ayahnya.	NORM_1WORD
Amin	NORM_1WORD

Naturalllll	NORM_1WORD

Haha	NORM_1WORD
tuhanya	O
males	NORM_1WORD
:D	O
@novaluiz	NORM_1WORD

Coba	NORM_1WORD
ada	O
yg	NORM_1WORD
bisa	O
bikin	O
aku	O
begini	O
@vs_si.la	NORM_1WORD

@nisachusna	NORM_1WORD
emang	NORM_1WORD
yo	NORM_1WORD
beb	O
baru	O
20	O
th,	NORM_1WORD
aku	O
kan	O
dah	NORM_1WORD
bilang	O
uga	NORM_1WORD
kmren	NORM_1WORD

Takuuuuut	NORM_1WORD

Aamiin	NORM_1WORD
yra	O

@yolandinasphr	NORM_1WORD
@hafidha6699	NORM_1WORD
lucuu	NORM_1WORD
banget	O
aaaak	O

G	NORM_1WORD
tau	O
knp	NORM_1WORD
suka	O
bngt	NORM_1WORD
kl	NORM_1WORD
lht	NORM_1WORD
@bramastavrl	NORM_1WORD
sama	O
natasa	O
wilona	O

Profil	NORM_1WORD
fto	NORM_1WORD
pke	NORM_1WORD
hijab	O
tp	NORM_1WORD
blg	NORM_1WORD
ya	O
ampun	O
islam	O
kw	NORM_1WORD
lu@2diniku	NORM_1WORD

@yulianilansya	NORM_1WORD
abis	NORM_1WORD
nonton	NORM_1WORD
aadc	O
langsung	O
started	O
following	O
@nicholassaputra	NORM_1WORD
?	O

Tapi	NORM_1WORD
fany	O
udah	NORM_1WORD
unfoll	O
ka	NORM_1WORD
raisa	O
gegra	NORM_1WORD
kmrin	NORM_1WORD

@ahmaddhaniprast	NORM_1WORD
putri	O
kecilnya	O
digituin	NORM_1WORD
kok	O
dibiarin	NORM_1WORD
aja	NORM_1WORD
sich.aq	NORM_1WORD
yg	NORM_1WORD
gk	NORM_1WORD
ikut	O
pny	NORM_1WORD
ank	NORM_1WORD
aja	NORM_1WORD
ikut	O
geram.org	NORM_1WORD
gk	NORM_1WORD
tau	O
apa	O
yg	NORM_1WORD
sbnrny	NORM_1WORD
trjd	NORM_1WORD
dlm	NORM_1WORD
kehidupan	O
m.dhani,mrk	NORM_1WORD
gk	NORM_1WORD
mkir	NORM_1WORD
bhw	NORM_1WORD
sebuah	O
permasalahan	O
itu	O
gk	NORM_1WORD
mgkn	NORM_1WORD
hny	NORM_1WORD
slah	NORM_1WORD
1	O
yg	NORM_1WORD
slah.pasti	NORM_1WORD
22nya	NORM_1WORD
slah.seenaknya	NORM_1WORD
ngatain	NORM_1WORD
ini	O
itu.apalai	NORM_1WORD
ini	O
fea	O
yg	NORM_1WORD
dikata2in.tega	NORM_1WORD
banget	O
tuh	O
@septi_ayu86	NORM_1WORD
...ya	O
allah....	O

Pasangan	NORM_1WORD
serasi...yang	O
satu	O
sholeh	O
yang	O
satu	O
sholihah	NORM_1WORD
suka	O
bangett	NORM_1WORD
lihatnya	O
@ichasoebandono	NORM_1WORD
????	O

Bunda	NORM_1WORD
maia	O
chantik	O
nya	O
pake	NORM_1WORD
bangget	NORM_1WORD
deh...love	O
u	NORM_1WORD
bundaa....?????	NORM_1WORD

Kmaren	NORM_1WORD
mbak	O
fatin	O
saya	O
ambilin	NORM_1WORD
tiket	O
mobil	O
nya	O
pas	O
mau	O
ke	O
LSPR..	NORM_1WORD

Judul	NORM_1WORD
lagu	O
nya	O
ada	O
yg	NORM_1WORD
tau	O
gk	NORM_1WORD
bantu	O
jawab	O
dong	O
klo	NORM_1WORD
tau	O

Pertahankan	NORM_1WORD
yah	NORM_1WORD
teteh	O
rina.	O
Semoga	NORM_1WORD
semakin	O
istiqomah	NORM_1WORD
dan	O
bila	O
perlu	O
pke	NORM_1WORD
syar'i	O
teh	O
@rinanose16	NORM_1WORD

yang	O
kek	NORM_1WORD
perut	O
aku	O
ya???	O
@mfahmifachrudin	NORM_1WORD

Lucuk	NORM_1WORD
mbak	O
@harni78	NORM_1WORD

Kalo	NORM_1WORD
kelewat	O
ya	O
nyebur	NORM_1WORD

@valrifqia	NORM_1WORD
yukkkk	NORM_1WORD

@yeremiakrisanto	NORM_1WORD
ya	O
emang	NORM_1WORD
itu	O
sindiran,	O
msh	NORM_1WORD
dlm	NORM_1WORD
koridor	O
wajar	O
kok	O

Ente	NORM_1WORD
hobi	O
skali	NORM_1WORD
stalking	O
mantan	O
ane	O
hehee	O
@topansupertramp	NORM_1WORD

Gokillllll	NORM_1WORD

Msh	NORM_1WORD
mending	O
diingetin	NORM_1WORD
sesama	O
manusia.	O
Ntar	NORM_1WORD
kalo	NORM_1WORD
udah	NORM_1WORD
ALLAH	NORM_1WORD
yg	NORM_1WORD
ngingetin,	NORM_1WORD
NGERIIIIII.	NORM_1WORD

Kasih	NORM_1WORD
nama	O
zero	O
bang...	O
Karena	NORM_1WORD
wajahnya	O
bentuk	O
topeng	O
zero...	O
Utk	NORM_1WORD
yg	NORM_1WORD
cwo...klo	NORM_1WORD
cwe	NORM_1WORD
zebra...	O
Panggil	NORM_1WORD
z	NORM_1WORD
brara	O

Gx	NORM_1WORD
lhat	NORM_1WORD
ja	NORM_1WORD
dah	NORM_1WORD
naksir	NORM_1WORD

Tetep	NORM_1WORD
cantik	O
kok	O

@putrapratama27	NORM_1WORD
Agnezmo	NORM_1WORD
cepet	NORM_1WORD
keriput	O
karena	O
kalo	NORM_1WORD
nyanyi	O
ekspresi	O
wajahnya	O
berlebihan,	O
pantes	NORM_1WORD
aja	NORM_1WORD
gampang	O
kerut,	O
liat	NORM_1WORD
kalo	NORM_1WORD
nyanyi	O
urat2nya	NORM_1WORD
ketarik	NORM_1WORD
gitu	NORM_1WORD
,teknik	O
vokalnya	O
emang	NORM_1WORD
bagus	O
banget	O
tapi	O
ngorbanin	NORM_1WORD
wajah	O
jadi	O
tambah	O
kerut	O
makanya	O
cepet	NORM_1WORD
keriput,	O
jarang	O
banget	O
juga	O
dia	O
kalo	NORM_1WORD
di	O
photo	O
dengan	O
eksprsi	NORM_1WORD
muka	O
ketawa	O
di	O
IGnya	NORM_1WORD
karena	O
kelihatan	O
jelas	O
kerutnya	O

Kok	NORM_1WORD
aq	NORM_1WORD
ga	NORM_1WORD
tau	O
y....	NORM_1WORD
padahal	O
aq	NORM_1WORD
nonton	NORM_1WORD
#aadc2	NORM_1WORD
di	O
cgvblitz	O
tgl	NORM_1WORD
30042016	O

Aminnn	NORM_1WORD
ya	O
rabbal	O
alamin,,,,	O

@dhexanggit	NORM_1WORD
emm	O
gak	NORM_1WORD
mirip	O
sama	O
pacarmu	O

@im.jemavers	NORM_1WORD
kn	NORM_1WORD
udh	NORM_1WORD
gnti	NORM_1WORD
ig	O

@sabithanurul24	NORM_1WORD
@nadia_evelyn09	NORM_1WORD
gantengg	NORM_1WORD
banget,pengen!	NORM_1WORD

So	NORM_1WORD
swet	O
bingit	NORM_1WORD

Lihatnya	NORM_1WORD
macam	O
gerakan	O
"Pahlawan	NORM_1WORD
Bertopeng",	NORM_1WORD
tapi	O
SERU	NORM_1WORD
LAAAAH	NORM_1WORD
???	O

Kk	NORM_1WORD
icha	O
sweet	O
bangett	NORM_1WORD
yaaa,,,	NORM_1WORD

Ade	NORM_1WORD
pusing	O
liatnya	NORM_1WORD
@ginadwiwahyuni	NORM_1WORD

Terimah	NORM_1WORD
kasih	O
fatin,,,udh	NORM_1WORD
brkunjun	NORM_1WORD
d	NORM_1WORD
kab.Kepulauan	NORM_1WORD
aru.	O

Komennya	NORM_1WORD
pada	O
sadis2??	NORM_1WORD

Njiirr	NORM_1WORD
kok	O
tau	O
kau?	O
@adewulansh	NORM_1WORD

gk	NORM_1WORD
ada	O
yg	NORM_1WORD
lbih	NORM_1WORD
lucu	O
lagi	O
tah	NORM_1WORD
bk	O
hahaha	O

makin	O
cantik	O
kak	O
rina	O
pake	NORM_1WORD
hijab...	O
??	O

cantik	O
bgttttttt	NORM_1WORD

Mantan	NORM_1WORD
sahabat	O
mereka	O
dululag	O
masak	O
gk	NORM_1WORD
kenal	O

Pindah	NORM_1WORD
ke	O
lain	O
hatii	NORM_1WORD
aja	NORM_1WORD
laa	NORM_1WORD
???	O
@hasiahfebriyanti	NORM_1WORD

Cantik	NORM_1WORD
mba	NORM_1WORD
lbh	NORM_1WORD
adem	O
liat	NORM_1WORD
nya	O
n	NORM_1WORD
manisss	NORM_1WORD

Lipstiknya	NORM_1WORD
kereenn	NORM_1WORD
..	O
merek	O
apa	O
y	NORM_1WORD

Emesshhh	NORM_1WORD
gempii	O

@veloveputrii	NORM_1WORD
lo	O
liat	NORM_1WORD
jg	NORM_1WORD
anak2nya	NORM_1WORD
yg	NORM_1WORD
tdnya	NORM_1WORD
si	NORM_1WORD
dhani	O
bersih	O
keras	O
bkin	NORM_1WORD
maia	O
jauh	O
dr	NORM_1WORD
ank2nya	NORM_1WORD
tp	NORM_1WORD
akhirnya	O
ank2nya	NORM_1WORD
yg	NORM_1WORD
milih	NORM_1WORD
kembali	O
ke	O
ibunya	O
sndiri	NORM_1WORD
kn	NORM_1WORD
stelah	NORM_1WORD
mrk	NORM_1WORD
branjak	NORM_1WORD
besar	O
dan	O
sdh	NORM_1WORD
mulai	O
mengerti..	O
Ank2	NORM_1WORD
tuh	O
gk	NORM_1WORD
bs	NORM_1WORD
bohong	O
masyarakay	NORM_1WORD
yg	NORM_1WORD
lht	NORM_1WORD
jg	NORM_1WORD
bs	NORM_1WORD
nilai	O
dr	NORM_1WORD
situ	O
ya	O
otak	O
udang	O
mudah2an	NORM_1WORD
otak	O
lo	O
nyampe	NORM_1WORD
utk	NORM_1WORD
menegerti	NORM_1WORD
itu	O
jgn	NORM_1WORD
kyk	NORM_1WORD
majikan	O
lo	O
si	NORM_1WORD
mulan	O
yg	NORM_1WORD
gk	NORM_1WORD
nyampe	NORM_1WORD
pikirannya	O
makanya	O
suami	O
temen	NORM_1WORD
yg	NORM_1WORD
bkin	NORM_1WORD
hdpnya	NORM_1WORD
enak	O
diembat	O
juga	O

KANGEN	NORM_1WORD
KA	NORM_1WORD
LUNA,ALMARHUM	NORM_1WORD
KA	NORM_1WORD
OLGA.	NORM_1WORD
CUMA	NORM_1WORD
BISA	NORM_1WORD
KEBAYANG	NORM_1WORD
KA	NORM_1WORD
LUNA.KA	NORM_1WORD
OLGA	NORM_1WORD
DAN	NORM_1WORD
KA	NORM_1WORD
RAFFI	NORM_1WORD
BISA	NORM_1WORD
BERTIGA	NORM_1WORD
LAGI	NORM_1WORD
DI	NORM_1WORD
DAHSYAT.	NORM_1WORD
YG	NORM_1WORD
LUCU.YG	NORM_1WORD
BIKIN	NORM_1WORD
SEMANGAT	NORM_1WORD
HARI	NORM_1WORD
HARI	NORM_1WORD
?	O

Sabar	NORM_1WORD
aja	NORM_1WORD
kak	O
salsa	O
gak	NORM_1WORD
ush	NORM_1WORD
dimasukin	NORM_1WORD
hati	O
klo	NORM_1WORD
ada	O
yg	NORM_1WORD
jelekin	NORM_1WORD
elovii	O
sabar	O
aja	NORM_1WORD
berarti	O
orng	NORM_1WORD
yg	NORM_1WORD
mau	O
jahatin	NORM_1WORD
elovii	O
dan	O
jelekin	NORM_1WORD
elovii	O
adalah	O
orng	NORM_1WORD
iri	O
gak	NORM_1WORD
ush	NORM_1WORD
masukin	NORM_1WORD
dalam	O
hati	O
"DON'T	NORM_1WORD
WORRY	NORM_1WORD
AND	NORM_1WORD
SAD	NORM_1WORD
BUT	NORM_1WORD
WE	NORM_1WORD
ARE	NORM_1WORD
LOVE	NORM_1WORD
YOU	NORM_1WORD
AND	NORM_1WORD
BE	NORM_1WORD
HAPPY	NORM_1WORD
KAK	NORM_1WORD
@salshabillaadr"	NORM_1WORD
KAMI	NORM_1WORD
SEMUA	NORM_1WORD
SAYANG	NORM_1WORD
SAMA	NORM_1WORD
KAK	NORM_1WORD
SALSA	NORM_1WORD
?????????	O

Salehah	NORM_1WORD
ya	O
Kakak	NORM_1WORD
@rinanose16	NORM_1WORD

In	NORM_1WORD
jilbb	NORM_1WORD
d	NORM_1WORD
robani	O
kok	O
g	NORM_1WORD
ada	O
ya	O
:(	O

@mfatihulihsan	NORM_1WORD
mattihhh	NORM_1WORD
koenn	O

ayoook.	NORM_1WORD
kalo	NORM_1WORD
udah	NORM_1WORD
nikah	O
yah	NORM_1WORD
sayang	O
@apriliani_gita	NORM_1WORD
??	O

Kediri	NORM_1WORD
yaakk...	NORM_1WORD
^^	O

Udo	NORM_1WORD
@tulusm	NORM_1WORD
happy	O
milad	O
ya..??	O
smga	NORM_1WORD
diberi	O
kesehatan,	O
kebaikan	O
dan	O
sukses	O
slalu.	NORM_1WORD
amiin.	NORM_1WORD

@emilia.ap	NORM_1WORD
gendut	O
bets	NORM_1WORD
ya	O
setelah	O
beranak	O
(?)	O

Jual	NORM_1WORD
Converse	NORM_1WORD
,	O
jaket	O
Nike,	NORM_1WORD
Adidas,	NORM_1WORD
Puma.	NORM_1WORD
Grade	NORM_1WORD
ori.	NORM_1WORD
Harga	NORM_1WORD
pelajar.	O
Cek	NORM_1WORD
ig	O
ku	O
yu	NORM_1WORD
:)	O
@dicky_kw	NORM_1WORD
@bimodwiputra_	NORM_1WORD
@indahkurnia9	NORM_1WORD
@ernalingg	NORM_1WORD
@yusmanyamaha	NORM_1WORD
@emillyeleonora	NORM_1WORD
@riaa228	NORM_1WORD
@teriadiwiranata	NORM_1WORD
@maa_hismaa	NORM_1WORD

Udh	NORM_1WORD
cocok	O
bgt,	NORM_1WORD
mukanya	O
mirip,	O
senyumnya	O
mirip	O
banget	O
tp	NORM_1WORD
sayang	O
kalian	O
ga	NORM_1WORD
jodoh	O
?	O
@septriasaacha	NORM_1WORD
@irwansyah_15	NORM_1WORD

@cheesti	NORM_1WORD
kaya	NORM_1WORD
di	O
negeri	O
berbiiiiiihhh	NORM_1WORD

Happy	NORM_1WORD
birthday	O
tehhhh?????	NORM_1WORD

mo	NORM_1WORD
muntah	O
wueeekkk	O

INGIN	NORM_1WORD
TAU	NORM_1WORD
RAHASIA	NORM_1WORD
CANTIK	NORM_1WORD
DAN	NORM_1WORD
LANGSING	NORM_1WORD
PARA	NORM_1WORD
ARTIS	NORM_1WORD
DAN	NORM_1WORD
MODEL2	NORM_1WORD
TERNAMA?	NORM_1WORD
CEK	NORM_1WORD
THIS	NORM_1WORD
OUT@DOKTER.TUBUHIDEAL	NORM_1WORD
PIN:	NORM_1WORD
5FC26236	NORM_1WORD
SEMUA	NORM_1WORD
PRODUK	NORM_1WORD
ASLI	NORM_1WORD
DAN	NORM_1WORD
BERGARANSI!!	NORM_1WORD

cantiknnnnyaaaaaaa	NORM_1WORD
@arie_ansyah	NORM_1WORD

Ga	NORM_1WORD
ada	O
yg	NORM_1WORD
bisa	O
ngegantiin	NORM_1WORD
sosok	O
yoga	O
saputra	O
?	O

Kaya	NORM_1WORD
@je_jjee	NORM_1WORD
kalo	NORM_1WORD
uda	NORM_1WORD
makan,,	O
hahah	O
@aigaptry	NORM_1WORD
@refirendra	NORM_1WORD
@sijimet	NORM_1WORD

Lucu	NORM_1WORD
abiz,bkin	NORM_1WORD
kangen	O
dan	O
gemes	NORM_1WORD
tiap	O
hari	O
i	O
love	O
Gempi	NORM_1WORD

Mau	NORM_1WORD
gtu	NORM_1WORD
juga	O
kaliii	NORM_1WORD
@damanikyoga	NORM_1WORD

Aku	NORM_1WORD
Mau	NORM_1WORD
kek	NORM_1WORD
gitu	NORM_1WORD
@gracenitapatricia	NORM_1WORD
@zhafirarefanza	NORM_1WORD
@riskaoktavianti	NORM_1WORD
@afriliaflora	NORM_1WORD
@nurfadillaar	NORM_1WORD

@ririzaloebis	NORM_1WORD
sip	O
mbak.	O
:)	O
tp	NORM_1WORD
memang	O
biar	O
jadi	O
urusanny	NORM_1WORD
Allah	NORM_1WORD
aja	NORM_1WORD
deh.	O
Krn	NORM_1WORD
balik	O
lg	NORM_1WORD
urusan	O
seorang	O
hamba	O
dg	NORM_1WORD
Tuhanny.	NORM_1WORD
Gitu	NORM_1WORD
aja.	NORM_1WORD
Malah	NORM_1WORD
yg	NORM_1WORD
miris	O
ini	O
saya	O
baca	O
komen	O
saling	O
brtngkar	NORM_1WORD
ini	O
knp	NORM_1WORD
sih???:(	O
sllu	NORM_1WORD
hny	NORM_1WORD
krn	NORM_1WORD
beda	O
pndapat	NORM_1WORD
hmm..sabar	O
ya	O
teman2	NORM_1WORD
yg	NORM_1WORD
komen	O
sling	NORM_1WORD
beda.	O
Mnding	NORM_1WORD
nmbah	NORM_1WORD
temen	NORM_1WORD
looh	NORM_1WORD
drpd	NORM_1WORD
nambah	NORM_1WORD
musuh	O
:)	O
^^	O

@nnaanna_	NORM_1WORD
@wiwiendz	NORM_1WORD
amiin	NORM_1WORD
ya	O
Allah,	NORM_1WORD
many	O
thanks	O
dear	O
???	O
alhamdulillah	O
byk	NORM_1WORD
yg	NORM_1WORD
sayang	O
sama	O
mika	O
:')	O

Tak	NORM_1WORD
ada	O
ayah	O
yang	O
tak	O
tersentuh	O
dgn	NORM_1WORD
karakter	O
sosok	O
@marshanda99.	NORM_1WORD
Satu	NORM_1WORD
artikel	O
yg	NORM_1WORD
pernah	O
sy	NORM_1WORD
tulis	O
ttg	NORM_1WORD
figur	O
publik	O
ini	O
mdh2an	NORM_1WORD
bisa	O
menginspirasi	O
anak2	NORM_1WORD
masa	O
depan,	O
bahwa	O
kebaikan	O
itu	O
bukan	O
dongeng	O
tapi	O
mmg	NORM_1WORD
ada	O
dalam	O
realita.	O
@marshanda99	NORM_1WORD
sudah	O
mendidik	O
anak2	NORM_1WORD
masa	O
depan	O
dgn	NORM_1WORD
karakternya	O
ini.	O

Converse	NORM_1WORD
160	O
ribu	O
dan	O
vans	O
190	O
ribu,	O
semua	O
kualitas	O
grade	O
ori	NORM_1WORD
dan	O
include	O
box	O
&	O
tag.	O
Silahkan	NORM_1WORD
cek	O
ig	O
@sfashion_shop	NORM_1WORD
atau	O
@murah_converse_shoes	NORM_1WORD

Selamat	NORM_1WORD
y	NORM_1WORD
to	NORM_1WORD
kk	NORM_1WORD
uben	O
n	NORM_1WORD
mb	NORM_1WORD
wenda....	O
Ats	NORM_1WORD
klahiran	NORM_1WORD
putri	O
cantiknya....	O

Uda	NORM_1WORD
celotehya...seburuk2	NORM_1WORD
ya	O
marshanda	O
psti	NORM_1WORD
dy	NORM_1WORD
akan	O
kembali	O
sperti	NORM_1WORD
dlu	NORM_1WORD
ini	O
pengaruh	O
rumah	O
tanggayajdi	O
dy	NORM_1WORD
seperti	O
ini...	O

Manusia	NORM_1WORD
Paling	NORM_1WORD
Kocak	NORM_1WORD
Itu,	NORM_1WORD
Asal	NORM_1WORD
Liat	NORM_1WORD
Mang	NORM_1WORD
Uus	NORM_1WORD
Pasti	NORM_1WORD
Sakit	NORM_1WORD
Perut	NORM_1WORD
Gara''	NORM_1WORD
ketawa	O
teruss,	NORM_1WORD
SukSes	NORM_1WORD
Buat	NORM_1WORD
Mang	NORM_1WORD
Uus	NORM_1WORD
?	O
@uus__	NORM_1WORD
Good	NORM_1WORD
Job	NORM_1WORD
Pokok'a	NORM_1WORD
Mang	NORM_1WORD
@uus__	NORM_1WORD

Lucu	NORM_1WORD
bgt?.	NORM_1WORD

PENGEN	NORM_1WORD
MEMPERBESAR	NORM_1WORD
PAYUDARA	NORM_1WORD
TAPI	NORM_1WORD
UANG	NORM_1WORD
MASIH	NORM_1WORD
KURANG?	NORM_1WORD
BELI	NORM_1WORD
NYA	NORM_1WORD
DI@DELTABREASTCARE	NORM_1WORD
DEH,	NORM_1WORD
KAMU	NORM_1WORD
BISA	NORM_1WORD
DAPETIN	NORM_1WORD
ALAT	NORM_1WORD
AMPUH	NORM_1WORD
PEMBESAR	NORM_1WORD
PAYUDARA	NORM_1WORD
DENGAN	NORM_1WORD
CARA	NORM_1WORD
DICICIL.	NORM_1WORD
INFO	NORM_1WORD
BBM	NORM_1WORD
5F645D8A	NORM_1WORD
ATAU	NORM_1WORD
KLIK	NORM_1WORD
LINK	NORM_1WORD
DI	NORM_1WORD
BIO	NORM_1WORD

Suka	NORM_1WORD
banget	O
sama	O
mbak	O
@dewisandra	NORM_1WORD
..	O
Gk	NORM_1WORD
bosen2	NORM_1WORD
?	O

Aku	NORM_1WORD
malu	O
banget	O
sama@dr.fauzi_herbal.therapy	NORM_1WORD
.	O
Dulu	NORM_1WORD
aku	O
DC	NORM_1WORD
BBM	NORM_1WORD
nya	O
karna	NORM_1WORD
ngga	NORM_1WORD
percaya	O
sama	O
sekali	O
sama	O
produknya?	O
Tapi	NORM_1WORD
aku	O
invite	O
lagi	O
karna	NORM_1WORD
penasaran?	O
waktu	O
aku	O
coba	O
pemutih	O
seluruh	O
badan	O
sama	O
pelangsing	O
nya,	O
takjub	O
banget	O
perubahannya?	O
Bener2	NORM_1WORD
rubah	O
total?	O
gak	NORM_1WORD
nyesel	NORM_1WORD
deh.	O
?	O
Ayooo	NORM_1WORD
patut	O
dicoba!	O
Langsung	NORM_1WORD
aja	NORM_1WORD
cek@dr.fauzi_herbal.therapy	NORM_1WORD
mumpung	O
ada	O
promo	O
hihi?	O

Manis	NORM_1WORD
bgt	NORM_1WORD
ka	NORM_1WORD
???	O

Ya	NORM_1WORD
amploppp	NORM_1WORD
??	O
@shufia_kennedy	NORM_1WORD

Imuuttt	NORM_1WORD

.	O
Slmat	NORM_1WORD
ya	O
ko	NORM_1WORD
uben	O
and	O
cce	O
wenda	O

Ke	NORM_1WORD
tempat	O
kyk	NORM_1WORD
gt	NORM_1WORD
pake	NORM_1WORD
rok	O
panjang.	O
Geeelaakk	NORM_1WORD
@winaspt	NORM_1WORD
@junitari	NORM_1WORD
wkwk	O

cantik	O
bgt	NORM_1WORD
di	O
belakang	O
kaya	NORM_1WORD
yg	NORM_1WORD
mirip	O

A	NORM_1WORD
beeii	O
gini	NORM_1WORD
engga	NORM_1WORD
nantiii??	NORM_1WORD
??@mujamil.mutaali10	NORM_1WORD

Mirip	NORM_1WORD
banget	O
qaqaaaa	NORM_1WORD
@mainetris	NORM_1WORD
???	O

Au	NORM_1WORD
nih	O
foto	O
doangam	NORM_1WORD
juga	O
jadi	O
tebir"	NORM_1WORD
amad,-	NORM_1WORD

Lutu	NORM_1WORD
na	NORM_1WORD
dul	O
waktu	O
kecil	O

Begh	NORM_1WORD
jan	NORM_1WORD
emboh	O
pokok	O
wong	O
loro	O
kuwi.	O
Terbaeeeek..	NORM_1WORD
@aprilina25	NORM_1WORD

@dianferdin	NORM_1WORD
tahan	O
aja	NORM_1WORD
dulu	O
?	O

Kak	NORM_1WORD
olgaaaa	O
kangennnn	NORM_1WORD

Haid	NORM_1WORD
tdk	NORM_1WORD
lancar,	O
Miom,	NORM_1WORD
Kista,	NORM_1WORD
peymbtan	O
TuBa	NORM_1WORD
dll.	O
Konsultasi,	NORM_1WORD
BBM.	NORM_1WORD
5ABE53FC	NORM_1WORD

Maaf	NORM_1WORD
ya	O
mba.	NORM_1WORD
Aku	NORM_1WORD
bukan	O
sok	O
tau	O
.	O
Tapi,	NORM_1WORD
brhijab	O
itu	O
wajib	O
bagi	O
muslim.	O
Urusan	NORM_1WORD
sikap	O
dan	O
sifat	O
itu	O
gak	NORM_1WORD
ada	O
kaitannya	O
dg	NORM_1WORD
hijab.	O
*cuma	O
mengingatkan	O
sebagai	O
saudra.	NORM_1WORD
?	O
maaf	O
jika	O
trganggu	NORM_1WORD
kk.	NORM_1WORD

Nda	NORM_1WORD
maauuu...	NORM_1WORD
jd	NORM_1WORD
ke	O
embemen	O
@ndani25	NORM_1WORD
..hihii	O

kemaren	NORM_1WORD
sempet	NORM_1WORD
nangis	NORM_1WORD
karna	NORM_1WORD
ada	O
yg	NORM_1WORD
ngaku"	NORM_1WORD
coklat	O
itu	O
dari	O
diaa	NORM_1WORD
padahal	O
dari	O
aku	O
@yoeriche	NORM_1WORD
followback	O
donkk	NORM_1WORD
kak	O

Here..first	NORM_1WORD
time	O
we	O
met????	NORM_1WORD
kapan2	NORM_1WORD
ke	O
Surabaya	NORM_1WORD
lagi	O
ya	O
mas??	O

@chaz_leo_	NORM_1WORD
israel	O
luh	NORM_1WORD

Wkwkkw	NORM_1WORD
sabal	NORM_1WORD
ya	O
lak.	O
Udahlah	NORM_1WORD
stop	O
bermimpi	O
kauuuu	NORM_1WORD
@cmsihotang	NORM_1WORD

wisudanya	O
sederhana	O
bgt	NORM_1WORD
make	NORM_1WORD
up	O
sm	NORM_1WORD
style	O
nya..	O
bedanyaaa	NORM_1WORD
sm	NORM_1WORD
wisuda	O
di	O
Indonesia...	NORM_1WORD

Kangennnn	NORM_1WORD
olgaa	O
syahputraa	O
?????	O

Di@herbalpedia_shop	NORM_1WORD
Kini	NORM_1WORD
telah	O
hadir	O
alat	O
pembesar	O
payudara	O
multifungsi	O
yang	O
bisa	O
bikin	O
payudara	O
kamu	O
jadi	O
tambah	O
besar	O
dan	O
kancang	NORM_1WORD
hanya	O
dalam	O
waktu	O
kurang	O
dari	O
1	O
minggu!!!!	O
untuk	O
selengkapnya	O
invite	O
bbm	O
5FC3A968	NORM_1WORD

@melia442	NORM_1WORD
kaa	NORM_1WORD

dhani	O
yg	NORM_1WORD
ceraikan	O
maia	O
LEWAT	NORM_1WORD
SMS	NORM_1WORD
malahan	O
@ayujuariserizha	NORM_1WORD

Liatiii	NORM_1WORD
jombsss	NORM_1WORD
?	O
@idaamaliaa	NORM_1WORD

@aliya_373	NORM_1WORD
pengen	NORM_1WORD
ini,,	O
pengen	NORM_1WORD
ini..	O
Suerrr	NORM_1WORD
deh	O
??	O
gk	NORM_1WORD
akan	O
mnta	NORM_1WORD
yg	NORM_1WORD
lain	O
lg	NORM_1WORD
syg	NORM_1WORD
???	O

Gue	NORM_1WORD
awalnya	O
gak	NORM_1WORD
percaya,	O
setelah	O
ke	O
fantasypanel.id	O
rupanya	O
emang	NORM_1WORD
beneran!	NORM_1WORD
followers	O
dan	O
like	O
gue	O
nambah	NORM_1WORD
banyak!	O

Mereka	NORM_1WORD
mirip	O
.	O
Lah	NORM_1WORD
aku	O
ga	NORM_1WORD
ada	O
mirip	O
sama	O
keluarga	O
@fitriramadhani_95	NORM_1WORD

Anjaayy	NORM_1WORD
@arieagha	NORM_1WORD

Dede	NORM_1WORD
mimpimu	O
mngkin	NORM_1WORD
klau	NORM_1WORD
saya	O
mau	O
diksi	NORM_1WORD
bgini!??	NORM_1WORD
@shlsabl	NORM_1WORD
@nrulftmh	NORM_1WORD

Wkwkw	NORM_1WORD
kaku	O
ya	O
paaak	NORM_1WORD

Gooo	NORM_1WORD
ahok	O
anak	O
hokiii	NORM_1WORD
!!	O
?	O

Kaya	NORM_1WORD
gini	NORM_1WORD
aku	O
nantiii	NORM_1WORD
yeayyyy	O
@adindamayass	NORM_1WORD
@mindanasution31	NORM_1WORD
@sitifeliafelaa	NORM_1WORD
@anggrainisiregar13	NORM_1WORD
@novitaasari19	NORM_1WORD
@ryandnst	NORM_1WORD
@baskoroaditya	NORM_1WORD
@anggapraditya31	NORM_1WORD
@misbahhayati06	NORM_1WORD

Kak	NORM_1WORD
fatin,	O
kan	O
papa	O
nya	O
kakak	O
ngajar	NORM_1WORD
di	O
sma	NORM_1WORD
aku	O
hahaha	O
;;)	O

Cantik	NORM_1WORD
gak	NORM_1WORD
kuatttt	NORM_1WORD
@	O

Marshanda	NORM_1WORD
tuh	O
keliatan	NORM_1WORD
bgt	NORM_1WORD
wataknya,	O
keras	O
gk	NORM_1WORD
mau	O
ngalah,	NORM_1WORD
ngelawan	NORM_1WORD
sm	NORM_1WORD
mamanya..	O

ini	O
pasti	O
diajarin	NORM_1WORD
lu	O
fix	O
@tristanjulianos	NORM_1WORD

Mereka	NORM_1WORD
bukan	O
musuhan.	O
Itu	NORM_1WORD
memang	O
cara	O
bunda	O
memaafkan.	O
Setiap	NORM_1WORD
orang	O
beda2	NORM_1WORD
toh.	O
Semangat	NORM_1WORD
bun	O
!	O
????	O

Lagi	NORM_1WORD
nyari	NORM_1WORD
seragam	O
buat	O
foto,	O
kondangan,	O
kantor	O
?	O
Yuk	NORM_1WORD
cek	O
ig	O
kami	O
kain	O
batiknya	O
cocok	O
banget,	O
kualitas	O
premium,	O
murah	O
banget	O
??	O

Lagian	NORM_1WORD
cuma	O
foto	O
jadi	O
pada	O
tebir	NORM_1WORD
hahah	O

Aamiin	NORM_1WORD
ya	O
rabbal'alamin	O

Eh	NORM_1WORD
ga	NORM_1WORD
usah	O
ngomong	NORM_1WORD
kayak	O
gitu	NORM_1WORD
keles	NORM_1WORD
emang	NORM_1WORD
loh	O
islam	O
ga	NORM_1WORD
berdosa	O
?	O
Sok	NORM_1WORD
tau	O
aja	NORM_1WORD
loh	O
hina	O
hina	O
agama	O
orang	O
!	O
Kayak	NORM_1WORD
loh	O
ga	NORM_1WORD
berdosa	O
aja	NORM_1WORD
!	O
Emang	NORM_1WORD
tuhan	O
loh	O
?!!!!	O
@muhammad_ridho_edho	NORM_1WORD

Canttttikkk	NORM_1WORD
@rinanose16	NORM_1WORD

mamanya	O
mirip	O
bngt	NORM_1WORD
sma	NORM_1WORD
wilona?	O

Keren	NORM_1WORD
kata2nya	NORM_1WORD
ynk	NORM_1WORD
@ekkahondatrioraya	NORM_1WORD
??	O

Love	NORM_1WORD
syg	NORM_1WORD
@rinanose16	NORM_1WORD
bersyukur	O
skali	NORM_1WORD
kaka	NORM_1WORD
dapat	O
hidayah	O

@benycahyadin	NORM_1WORD
?	O
jalan2	NORM_1WORD
abis	NORM_1WORD
nikah	O
amin	O

@yoeriche	NORM_1WORD
yor	O
lagi	O
dimana?	O
Meet	NORM_1WORD
up	O
bole	NORM_1WORD
lahhh	NORM_1WORD
?	O
#eh	NORM_1WORD
#sokkenal	NORM_1WORD

rambute	O
sampek	NORM_1WORD
morat	O
marit	O
pak??	O

@oliviachyn	NORM_1WORD
@dinmuth	NORM_1WORD
@helvaindriani	NORM_1WORD
seungriii	O
genggg	NORM_1WORD

Iri	NORM_1WORD
tanda	O
tak	O
mampu	O
kak.	O
Sabar	NORM_1WORD
ajaa	NORM_1WORD

MAUU?????	NORM_1WORD
@vannisafajr	NORM_1WORD

INVITE	NORM_1WORD
5E8CA768	NORM_1WORD
"	O
MALU	NORM_1WORD
ITU	NORM_1WORD
KETIKA	NORM_1WORD
SUAMI	NORM_1WORD
BILANG	NORM_1WORD
MAH	NORM_1WORD
PUNYA	NORM_1WORD
MU	NORM_1WORD
KO	NORM_1WORD
#KECIL~	NORM_1WORD
SKRG	NORM_1WORD
JANGAN	NORM_1WORD
KHAWATIR	NORM_1WORD
AKU	NORM_1WORD
ADA	NORM_1WORD
SOLUSI	NORM_1WORD
UNTUK	NORM_1WORD
#PEMBESAR	NORM_1WORD
#PAYUDARA	NORM_1WORD
PIN	NORM_1WORD
BBM	NORM_1WORD
:	O
5E8CA768	NORM_1WORD
/	O
IG@DR.BEAUTYBREAST	NORM_1WORD

Ngefans	NORM_1WORD
dr	NORM_1WORD
dulu	O
pas	O
maen	NORM_1WORD
film	O
my	O
heart	O
?	O

@mhellena2	NORM_1WORD
alhamdulillah	O
,	O
tapi	O
yang	O
ini	O
lebih	O
imutt	NORM_1WORD

@jkt48	NORM_1WORD
bkln	NORM_1WORD
ada	O
di	O
hut	O
nya	O
@officialrcti	NORM_1WORD
ya	O

@nurzafaozy	NORM_1WORD
janganlah	O
juga	O
menutupi	O
dengan	O
pertanyaan...mohon	O
maaf	O
ya,	O
anjing	O
mmg	NORM_1WORD
ga	NORM_1WORD
pernah	O
menggonggong	O
kalau	O
semua	O
baik2...anjing	NORM_1WORD
hanya	O
menggonggong	O
saat	O
suasana	O
tidak	O
baik.	O
Silahkan	NORM_1WORD
cek	O
ilmiahnya.	O
Anda	NORM_1WORD
juga	O
harus	O
belajar	O

ini	O
beneran?@shafiraalya_m	NORM_1WORD

@aldodarwinmadika	NORM_1WORD
iyaa	NORM_1WORD
kenapa	O
ya	O

Folowback	NORM_1WORD
aku	O
kk	NORM_1WORD

Knp	NORM_1WORD
mst	NORM_1WORD
add	NORM_1WORD
aliando	O
see	NORM_1WORD

15th	O
ree	O
u	NORM_1WORD
kalah	O
wkw	O
@renaap94	NORM_1WORD

Ngmng	NORM_1WORD
Taekk	NORM_1WORD
lahhhhhh.....	NORM_1WORD
Muna	NORM_1WORD
Akhirnyapun	NORM_1WORD
ketahuan	O
kedokk	NORM_1WORD
dasar	O
PEREBUT	NORM_1WORD
SUAMI	NORM_1WORD
ORANG	NORM_1WORD

MAU	NORM_1WORD
DAPET	NORM_1WORD
FOLLOWERS	NORM_1WORD
LIKERS	NORM_1WORD
BANYAK	NORM_1WORD
KAYA	NORM_1WORD
ARTIS?	NORM_1WORD
YUK	NORM_1WORD
BELI	NORM_1WORD
DI	NORM_1WORD
KITA,	NORM_1WORD
BAKAL	NORM_1WORD
MAKIN	NORM_1WORD
MURAH	NORM_1WORD
KALO	NORM_1WORD
BELI	NORM_1WORD
DUA2NYA?	NORM_1WORD

@ladysirait	NORM_1WORD
anak	O
ini	O
ngomong	NORM_1WORD
apaaa	NORM_1WORD
ya	O
ampuunn	NORM_1WORD

Hikz	NORM_1WORD
hikz	O
???	O
pengen	NORM_1WORD
@hasiahfebriyanti	NORM_1WORD

Lu	NORM_1WORD
mw	NORM_1WORD
liat	NORM_1WORD
kembaran	O
lu	O
dek	O
@fatin30	NORM_1WORD
,cek	O
aj	NORM_1WORD
ig	O
tmn	NORM_1WORD
gue	O
@indahelkarim	NORM_1WORD

INVITE	NORM_1WORD
5E8CA768	NORM_1WORD
"	O
MAU	NORM_1WORD
PUNYA	NORM_1WORD
PAYUDARA	NORM_1WORD
BESAR	NORM_1WORD
PADAT	NORM_1WORD
DAN	NORM_1WORD
IDEAL	NORM_1WORD
?	O
AKU	NORM_1WORD
SIH	NORM_1WORD
SARANIN	NORM_1WORD
KAMU	NORM_1WORD
CARI	NORM_1WORD
TAHU	NORM_1WORD
SOLUSINYA	NORM_1WORD
DI@DR.BEAUTYBREAST	NORM_1WORD
KARENA	NORM_1WORD
2	O
MINGGU	NORM_1WORD
YANG	NORM_1WORD
LALU	NORM_1WORD
AKU	NORM_1WORD
BELI	NORM_1WORD
ALAT	NORM_1WORD
MHCA	NORM_1WORD
DISANA	NORM_1WORD
DAN	NORM_1WORD
HASILNYA	NORM_1WORD
SKRG	NORM_1WORD
PAYUDARA	NORM_1WORD
AKU	NORM_1WORD
JAUH	NORM_1WORD
LEBIH	NORM_1WORD
KENCANG	NORM_1WORD
DAN	NORM_1WORD
UKURANNYA	NORM_1WORD
PUN	NORM_1WORD
SUDAH	NORM_1WORD
MULAI	NORM_1WORD
MEMBESAR	NORM_1WORD
NIH	NORM_1WORD
GA	NORM_1WORD
NYESEL	NORM_1WORD
DEH	NORM_1WORD
^_^	O
NIH	NORM_1WORD
ADD	NORM_1WORD
AJA	NORM_1WORD
BBM	NORM_1WORD
NYA	NORM_1WORD
5E8CA768	NORM_1WORD
wa	O
+621322083838	O

Kocakkk	NORM_1WORD
Kristen	NORM_1WORD
pake	NORM_1WORD
hijabb	NORM_1WORD
dasarrr	NORM_1WORD
mempermainkan	O
agama	O
Islam	NORM_1WORD
ajaaa	NORM_1WORD
nih...!!!!!	O

Hahaha	NORM_1WORD
aku	O
sih	O
masih	O
newbie	O
joo.	O
Baru	NORM_1WORD
dari	O
semester	O
akhir	O
kuliah	O
kmrn.	NORM_1WORD
Klo	NORM_1WORD
kamu?	O
@yuyunesel	NORM_1WORD

Follback	NORM_1WORD
Donk	NORM_1WORD
KAK	NORM_1WORD

@aeinieaeinie	NORM_1WORD
iya	O
mba...	NORM_1WORD
Hihihi	NORM_1WORD
lucu	O
bnget	NORM_1WORD
ya	O

@sampoerno_	NORM_1WORD
lo	O
mucikari	O
anak	O
lo	O
cabenya,	O
dahh	NORM_1WORD
elo	NORM_1WORD
dehh	NORM_1WORD
sekeluarga	O
cabe2an	NORM_1WORD
Dan	NORM_1WORD
terong2an	NORM_1WORD
sekalian	O
emak	O
lo,	O
nenek	O
lo	O
seklian	NORM_1WORD
lo	O
sekeluarga	O

Kk	NORM_1WORD
rina	O
polback	O

@darevezel	NORM_1WORD
duh	O
pagi-pagi	O
ada	O
yg	NORM_1WORD
beginian	O
re	O
rasanya....	O

Happy	NORM_1WORD
birthday	O
kak	O
..	O
Sukses	NORM_1WORD
trussss	NORM_1WORD

sblm	NORM_1WORD
off	O
jawab	O
punyaku	O
dulu	O
yah..	NORM_1WORD
@yoeriche	NORM_1WORD

Duh	NORM_1WORD
kaya	NORM_1WORD
tukang	O
cuci	O
tuh	O
cwe	NORM_1WORD
?	O

semangat	O
terus	O
ya	O
kak,	O
terharu	O
bacanya	O
sampek	NORM_1WORD
nangis.	NORM_1WORD
salam	O
sayang	O
buat	O
mikaa	O

@maityaulia	NORM_1WORD
apaan	O
dh	NORM_1WORD
orng	NORM_1WORD
kk	NORM_1WORD
juga	O
wkwkwk	O

Apaa,	NORM_1WORD
15	O
?	O

Nd	NORM_1WORD
ush	NORM_1WORD
bwa"	NORM_1WORD
agma	NORM_1WORD

@eviwlan	NORM_1WORD
luar	O
biasaaaa	NORM_1WORD

Love	NORM_1WORD
you	O
kak	O
??	O
semoga	O
slalu	NORM_1WORD
diberi	O
kesehatan	O
kaka	NORM_1WORD
cha"	NORM_1WORD
sama	O
papanya	O
????	O

astaga,	O
teteknya	O
ngalahin	NORM_1WORD
emaknya	O

Hepi	NORM_1WORD
bday	O
kokohh,,;)	NORM_1WORD

Yg	NORM_1WORD
nomor	O
1	O

Ternyata	NORM_1WORD
5	O
mei	O
ke	O
surabaya	O
inii	NORM_1WORD
hmm	O
@anggeradita	NORM_1WORD

Sama	NORM_1WORD
gagahx	NORM_1WORD

Jangan	NORM_1WORD
pada	O
menghina	O
juga	O
lah,	O
kalau	O
pun	O
agamamu	O
benar	O
belum	O
tentu	O
u	NORM_1WORD
org	NORM_1WORD
yg	NORM_1WORD
benar	O

Pengen	NORM_1WORD
y	NORM_1WORD
@falfazahra	NORM_1WORD

Mntn	NORM_1WORD
terindah	O
tetap	O
dlm	NORM_1WORD
jiwa	O
@karuniamukti	NORM_1WORD
?	O

Lucunaaa	NORM_1WORD
@naza_syakira	NORM_1WORD

@gede.sudarma	NORM_1WORD
dijewer	O
jdi	NORM_1WORD
kekerasan?	O
Jgn2	NORM_1WORD
anda	O
produk	O
dari	O
didikan	O
mcm	NORM_1WORD
bgni	NORM_1WORD
ya,	O
makanya	O
ngomong	NORM_1WORD
sj	NORM_1WORD
ga	NORM_1WORD
sopan.	O
Kamu-kamu..	NORM_1WORD
emg	NORM_1WORD
situ	O
kenal	O
sm	NORM_1WORD
sy,	NORM_1WORD
main	O
kamu2.	NORM_1WORD
Kampungan.	NORM_1WORD

Nggak	NORM_1WORD
mau	O
melek	O
ini	O
gimana	NORM_1WORD
@diahptanti	NORM_1WORD
@ferlianameydikaa	NORM_1WORD
@umaro2320	NORM_1WORD

kayak	O
pacar	O
sayaa	NORM_1WORD
wendel's	NORM_1WORD
?	O

?	O
?	O
?	O
?	O
UMUR	NORM_1WORD
30	O
TAHUN	NORM_1WORD
KEATAS	NORM_1WORD
GAK	NORM_1WORD
BISA	NORM_1WORD
TINGGI???	NORM_1WORD
?	O
FAKTA	NORM_1WORD
VS	NORM_1WORD
TAHAYUL???	NORM_1WORD
?	O
Cek	NORM_1WORD
ig	O
Kita	NORM_1WORD
yok,	NORM_1WORD
TIPS	NORM_1WORD
TINGGI	NORM_1WORD
AMAN	NORM_1WORD
????	O

bagus	O
teh	O
kl	NORM_1WORD
foto	O
yg	NORM_1WORD
ngumbar	NORM_1WORD
auratnya	O
dhpusin	NORM_1WORD
smua,,soalnya	NORM_1WORD
dosa	O
akan	O
terus	O
mengalir	O
meski	O
kita	O
sudah	O
mati!	O
semoga	O
tteh	NORM_1WORD
bsa	NORM_1WORD
lebih	O
istiqomah.aamiin	NORM_1WORD

Tetep	NORM_1WORD
ganteng	O
kok	O
bangg	NORM_1WORD
@aliandooo	NORM_1WORD

Lar	NORM_1WORD
nih	O
yg	NORM_1WORD
gw	NORM_1WORD
kasih	O
tau	O
wkwkkwkwkwkwkwkwkw	O
@la.ras	NORM_1WORD

Subhanallah	NORM_1WORD
teh	O
@rinanose16	NORM_1WORD
..	O
moga	O
hijabnya	O
bertahan	O
smpai	NORM_1WORD
akhir	O
hayat..	O
meni	O
geulis	O
pisan	O
atuh?	O

Yg	NORM_1WORD
tatoan	O
marcel	O

Semuanya	NORM_1WORD
PERENCANAAN	NORM_1WORD
dan	O
namanya	O
perencanaan	O
kadang	O
suka	O
berubah	O
sama	O
yg	NORM_1WORD
udah	NORM_1WORD
direncanakan	O
sebelumbya.	NORM_1WORD
Tp	NORM_1WORD
yg	NORM_1WORD
bener2	NORM_1WORD
progress	O
adalah	O
Juara	NORM_1WORD
Kota	NORM_1WORD
paling	O
macet	O
dan	O
kota	O
dg	NORM_1WORD
warga	O
tunawisma	O
terbanyak,	O
padahal	O
yg	NORM_1WORD
tunawisma	O
itu	O
KKnya	NORM_1WORD
Jakarta	NORM_1WORD

Selamat	NORM_1WORD
ulang	O
tahun	O
kaakk,	NORM_1WORD
semoga	O
kedepannya	O
makin	O
baaiikkk??	NORM_1WORD
@tulusm	NORM_1WORD
maaf	O
telaatt?	NORM_1WORD

Mau	NORM_1WORD
kulit	O
bersih	O
cantik	O
alami	O
tanpa	O
harus	O
bolak	O
balik	O
ke	O
Kecantikan	NORM_1WORD
???	O
Kami	NORM_1WORD
punya	O
produk	O
yg	NORM_1WORD
Khasiat	NORM_1WORD
nya	O
bisa	O
lebih	O
!	O
Herbal	NORM_1WORD
Alami	NORM_1WORD
Tanpa	NORM_1WORD
Efek	NORM_1WORD
Samping	NORM_1WORD
.HALAL	NORM_1WORD
&	O
BPOM	NORM_1WORD
:)	O
ikuti	O
juga	O
tips2	NORM_1WORD
kecantikan	O
pin	O
:598EA2AF.	NORM_1WORD

@dearasiodika	NORM_1WORD
ciyusss	NORM_1WORD
de	NORM_1WORD
mirip	O

@fanistep	NORM_1WORD
bae2	NORM_1WORD
dikomen	O
lg?	NORM_1WORD

Nau	NORM_1WORD
kamu	O
klo	NORM_1WORD
bisa	O
ngadain	NORM_1WORD
konser	O
dongeng	O
di	O
3	O
negara	O
kamu	O
mau	O
di	O
negara	O
apa?semoga	O
bisa	O
tercapai	O
ya	O
nau,amin	O
#nauraQnA7#ARNA#nauratv#nauraQnA	NORM_1WORD
@aku_naura	NORM_1WORD

Yang	NORM_1WORD
cunong	O
potong	O
rambut	O
kek	NORM_1WORD
gini	NORM_1WORD
boleh	O
ga	NORM_1WORD
?	O
buang	O
stres	O
jugaakk	NORM_1WORD
yang	O
?	O
@agus.dap	NORM_1WORD

Pengen	NORM_1WORD
nyatakan	NORM_1WORD
perasaan	O
ke	O
gebetan	O
lewat	O
gambar??Cek	NORM_1WORD
IG	NORM_1WORD
@dalamkata	NORM_1WORD
Save	NORM_1WORD
gambar	O
Graaatiiiis.	NORM_1WORD

Mnjijikaaaaaan......	NORM_1WORD

Kok	NORM_1WORD
bsa	NORM_1WORD
sehh?	NORM_1WORD
Deket	NORM_1WORD
bgt	NORM_1WORD
?	O
Temen	NORM_1WORD
dekt?	NORM_1WORD
Ihh	NORM_1WORD
sumpah	O
envy	O
bgtt	NORM_1WORD
????	O

Pusing	NORM_1WORD
dengan	O
kulit	O
kusam?	O
Pusing	NORM_1WORD
karna	NORM_1WORD
kurang	O
tinggi	O
badan	O
anda	O
sulit	O
mencari	O
pekerjaan?	O
Atau	NORM_1WORD
ingin	O
berat	O
badan	O
ideal?	O
?????	O
?????	O
Temukan	NORM_1WORD
rahasia	O
tubuh	O
ideal	O
para	O
artis2	NORM_1WORD
indonesia	O
di	O
kami@DOKTER.HERBAL	NORM_1WORD
follow@DOKTER.HERBAL	NORM_1WORD
/	O
BBM	NORM_1WORD
:	O
5FF31219	NORM_1WORD
ATAU	NORM_1WORD
WA	NORM_1WORD
:	O
083822352668	O
produknya	O
aman	O
banget	O
ga	NORM_1WORD
ada	O
efek	O
samping	O
dan	O
ketergantungan,	O
Udah	NORM_1WORD
dapat	O
sertifikat	O
BPOM	NORM_1WORD
dan	O
Halal	NORM_1WORD
MUI	NORM_1WORD
juga	O
(y)??	NORM_1WORD
Ingin	NORM_1WORD
tau	O
tips	O
tinggi	O
&	O
langsing	O
secara	O
gratis?	O
kami	O
dan	O
temukan	O
rahasianya,	O
ada	O
cara	O
memutihkan	O
secara	O
alami	O
juga	O
loh	O
;)	O
?????	O
??????info@DOKTER.HERBAL	NORM_1WORD
/	O
BBM	NORM_1WORD
:	O
5FF31219	NORM_1WORD
ATAU	NORM_1WORD
WA	NORM_1WORD
:	O
083822352668	O
?	O
produknya	O
aman	O
banget	O
?	O
ga	NORM_1WORD
ada	O
efek	O
samping	O
dan	O
ketergantungan?	O
,	O
Udah	NORM_1WORD
dapat	O
sertifikat	O
?	O
BPOM	NORM_1WORD
dan	O
?	O
Halal	NORM_1WORD
MUI	NORM_1WORD
juga	O
(y)	NORM_1WORD

klo	NORM_1WORD
cwo	NORM_1WORD
nurgafita	O
artix	NORM_1WORD
anugrah	NORM_1WORD
buT	NORM_1WORD
raffi	O
nagita	O

@gadiiing	NORM_1WORD
om	O
punya	O
anak	O
gini	NORM_1WORD
cakep	O
nya	O
doa	O
nya	O
apa	O
yak?	NORM_1WORD
Pacar	NORM_1WORD
ngefans	NORM_1WORD
banget	O
nih	O
:((	O
@claudyayu	NORM_1WORD

Borong	NORM_1WORD
hijab	O
nya	O
yuu	NORM_1WORD
cantik	O
..	O
yg	NORM_1WORD
mau	O
berbisnis	O
gabung	O
ig	O
aqu	NORM_1WORD
yuuu	NORM_1WORD

Kamu	NORM_1WORD
Bosan	NORM_1WORD
dengan	O
kulit	O
mu	O
yang	O
kusam,	O
berjerawat	O
atau	O
banyak	O
kerutan??	O
gak	NORM_1WORD
salah	O
lagi	O
ini	O
banget	O
tempatnya	O
yu	NORM_1WORD
visit@Herbs_skinfood	NORM_1WORD
add	NORM_1WORD
aja	NORM_1WORD
D0DAC374	NORM_1WORD
/	O
WA	NORM_1WORD
087822104572	O

@fitrifulfah	NORM_1WORD
mulusssss	NORM_1WORD

@	O
melisa.	O
Lu	NORM_1WORD
ke	O
korea	O
aja,	NORM_1WORD
jngn	NORM_1WORD
di	O
indo,	NORM_1WORD
lagian	O
lu	O
di	O
indo	NORM_1WORD
jg	NORM_1WORD
ga	NORM_1WORD
bikin	O
bagus,	O
malah	O
gw	NORM_1WORD
liat	NORM_1WORD
lu	O
ky	NORM_1WORD
sampah	O

Masya	NORM_1WORD
Allah	NORM_1WORD
cntiknya	NORM_1WORD
gempi	O

@mochmalle	NORM_1WORD
yank	NORM_1WORD
mirip	O
winter	O
banget	O

Mngkin	NORM_1WORD
dian	O
lelah	O
mas	O
jd	NORM_1WORD
salah	O
tulis!!!	O
Hahahah!!!	NORM_1WORD
@roman_diyas	NORM_1WORD
@adin_ash	NORM_1WORD

Niihga	NORM_1WORD
putus	O
kokkk	NORM_1WORD
?	O
dasar	O
gosip	O
muluuu	NORM_1WORD
-_-	O
maafkan	O
mereka	O
ya	O
kaka	NORM_1WORD
??	O
@raisa6690	NORM_1WORD
@keenanpearce	NORM_1WORD

Lucuuuu	NORM_1WORD
???	O
@fikohwidodo	NORM_1WORD
@ramadiantifanny	NORM_1WORD

Lucu,	NORM_1WORD
liat	NORM_1WORD
ni	NORM_1WORD
@danafilmore_	NORM_1WORD

Fotonya	NORM_1WORD
bnyk	NORM_1WORD
dihapus	O
knp	NORM_1WORD

Suka	NORM_1WORD
bgt	NORM_1WORD
@okaahmad_	NORM_1WORD

Kepala	NORM_1WORD
lo	O
pusing	O
gk	NORM_1WORD
mak	O
@enchiiiz	NORM_1WORD
@aya.eka	NORM_1WORD
eeem	O
@toritoribilia	NORM_1WORD
???	O

@theresiasinto	NORM_1WORD
@adheliaasa	NORM_1WORD
ini	O
yg	NORM_1WORD
kita	O
cari	O
kmrn	NORM_1WORD

Udah	NORM_1WORD
bagus	O
bagus	O
tutup	O
aurat	O
kak.	O
Jadi	NORM_1WORD
lebih	O
dekat	O
sama	O
Allah	NORM_1WORD
dan	O
dapat	O
tiket	O
masuk	O
surga.	O
Tp	NORM_1WORD
skrg	NORM_1WORD
kakak	O
malah	O
nyia2in	NORM_1WORD
tiket	O
itu	O
dan	O
makin	O
jauh	O
dari	O
Allah.	NORM_1WORD
Jadi	NORM_1WORD
yg	NORM_1WORD
kakak	O
maksud	O
'orang	O
berpikir	O
itu	O
intropeksi	O
diri	O
sendiri'	O
adalah	O
kayak	O
gini?	NORM_1WORD
Keluar	NORM_1WORD
dari	O
kebenaran	O
dan	O
menuju	O
kerusakan,	O
kesalahan	O
??	O

Pengenn	NORM_1WORD
gigit..lucu	O
bgttt	NORM_1WORD

Ga	NORM_1WORD
laku	O
lagi	O
ya	O
sampai	O
ngerebut	NORM_1WORD
laki	O
temen	NORM_1WORD

Gk	NORM_1WORD
ccok	NORM_1WORD

Sekarang	NORM_1WORD
berhijab	O
karna,,	NORM_1WORD
ka	NORM_1WORD
fakhrul	O
kah	O
@rinanose16	NORM_1WORD

Alhamdulillaaaaah...	NORM_1WORD
dokter	O
sholehah	O
ya	O
teh..	O

?	O
HANYA	NORM_1WORD
BUAT	NORM_1WORD
KAMU	NORM_1WORD
YG	NORM_1WORD
INGIN	NORM_1WORD
TAMPIL	NORM_1WORD
CANTIK	NORM_1WORD
dan	O
MENARIK	NORM_1WORD
??Kini	NORM_1WORD
masalah	O
anda	O
semua	O
ada	O
SOLUSI.	NORM_1WORD
untuk	O
wajah	O
KUSAM,	NORM_1WORD
BERJERAWAT,	NORM_1WORD
dan	O
ingin	O
TAMBAH	NORM_1WORD
TINGGI	NORM_1WORD
?	O
/	O
LANGSING	NORM_1WORD
?	O
Mengencangkan	NORM_1WORD
Payudara,	NORM_1WORD
Lepas	NORM_1WORD
Kacamata	NORM_1WORD
Minus,	NORM_1WORD
Meningkatkan	NORM_1WORD
Hormon	NORM_1WORD
Kehamilan.	NORM_1WORD
Konsultasikan	NORM_1WORD
langsung@solusisehatmu.	NORM_1WORD
pin	O
5B780FF0/	NORM_1WORD
add	NORM_1WORD
idline	O
herbaltianjin.	O
ada	O
BPOM,	NORM_1WORD
HALAL	NORM_1WORD
MUI,Tanpaefek	NORM_1WORD
samping	O
loh	O
.....	O

Pengen	NORM_1WORD
nyoba	NORM_1WORD

Ganteng	NORM_1WORD
nian	O
tauuu..	NORM_1WORD
awk	NORM_1WORD
lgi	NORM_1WORD
suko	NORM_1WORD
sm	NORM_1WORD
org	NORM_1WORD
2	O
niih	NORM_1WORD
@ridyadara	NORM_1WORD

Inggrisnya	NORM_1WORD
lancar	O
bngettt...salut	NORM_1WORD

Iiiiiiiiii	NORM_1WORD
serasi	O

Hbs	NORM_1WORD
ditinggal	O
kabur	O
ya	O
lo	O
@artisn	NORM_1WORD
si	NORM_1WORD
Anjing	NORM_1WORD
Gembel	NORM_1WORD
sama	O
Pasangan	NORM_1WORD
Lo??	NORM_1WORD
Gara2	NORM_1WORD
itiL	NORM_1WORD
lo	O
Rabies??Makanya	NORM_1WORD
kyak	NORM_1WORD
orang	O
gila	O
Marah2	NORM_1WORD
ma	NORM_1WORD
Gw,ih	NORM_1WORD
Ngeri	NORM_1WORD
ih	O
lo	O
Gila	NORM_1WORD
ih,Kasihan	NORM_1WORD
De	NORM_1WORD
Lo	NORM_1WORD
itil	O
rabies	O
Emang	NORM_1WORD
wenak	NORM_1WORD

Udh	NORM_1WORD
cakep,pinter,berbakat	NORM_1WORD
pula	O
???	O

Baru	NORM_1WORD
nyadar	NORM_1WORD

@yaya.caem.33	NORM_1WORD
pengen	NORM_1WORD
hubungan	O
yg	NORM_1WORD
kya	NORM_1WORD
gini	NORM_1WORD
anniv	O
teruss	NORM_1WORD

Makin	NORM_1WORD
cantik	O
ka	NORM_1WORD

Kd	NORM_1WORD
hahaaa...	O
bagus	O
sederhana	O
bejilbbnya	NORM_1WORD
kytu	O
aja	NORM_1WORD
te	O
@vithapriani	NORM_1WORD
@rocky_lin	NORM_1WORD

Kok	NORM_1WORD
gitu	NORM_1WORD
sih	O
nyanyinya	O

bagus	O
suaranya.	O
tp	NORM_1WORD
lbh	NORM_1WORD
baik	O
jd	NORM_1WORD
aktor	O
aja.	NORM_1WORD
mungkin	O
bs	NORM_1WORD
sekalian	O
jd	NORM_1WORD
penyanyi	O
soundtrack	O
filmnya.	O
hehe	O

Nah	NORM_1WORD
trus	NORM_1WORD
giliran	O
kita	O
kapan	O
mbak	O
@nurulyks_fitcoach	NORM_1WORD
?	O

Kangen	NORM_1WORD
berat	O
sma	NORM_1WORD
bang	O
ali	O

Meskipun	NORM_1WORD
kak	O
prilly	O
botak	O
tp	NORM_1WORD
ttp	NORM_1WORD
cantik	O
kok.....	O

Kuliah	NORM_1WORD
Lse,	NORM_1WORD
beasiswa	O
umur	O
22	O
udah	NORM_1WORD
s2	O
njirr	NORM_1WORD
mau	O
iri	O
macam	O
ala	O
kalo	NORM_1WORD
gini,	NORM_1WORD
ngerasa	NORM_1WORD
gagal	O
bgt	NORM_1WORD
jd'y	NORM_1WORD
tp	NORM_1WORD
ini	O
iri	O
yg	NORM_1WORD
terkagum	O
kagum	O
ko,	NORM_1WORD
luar	O
biasa	O
bgt!!	NORM_1WORD
@gitagut	NORM_1WORD

???	O
kagumi	O
sj	NORM_1WORD
@daisy__29	NORM_1WORD

Pacaran	NORM_1WORD
beneran	NORM_1WORD
aja	NORM_1WORD
sma	NORM_1WORD
kak	O
@giorgino_abraham	NORM_1WORD

@jasa_hack_facebook	NORM_1WORD
sy	NORM_1WORD
minat	O

Frozen	NORM_1WORD
aja	NORM_1WORD
aurel	O
syg	NORM_1WORD

Njir	NORM_1WORD
suaranya	O
ngakak	NORM_1WORD
aku	O
?	O

@meilisa_kyungsoo_	NORM_1WORD
kamu	O
uda	NORM_1WORD
ngaca?	NORM_1WORD

Gak	NORM_1WORD
tau	O
diri	O

Tampil	NORM_1WORD
berdua	O
@aurelie.hermansyah	NORM_1WORD
@ananghijau	NORM_1WORD
Amiga	NORM_1WORD
Dia	NORM_1WORD
kluarga	NORM_1WORD
baikbaik	O
semua.	O
Luv	NORM_1WORD
loli	O
Mimi	NORM_1WORD
Dan	NORM_1WORD
bunda	O

???zara	O
hnm	O
f21	O
murah..	O
Cantik	NORM_1WORD
ngets	NORM_1WORD
kak	O

Sapi	NORM_1WORD
aja	NORM_1WORD
kan	O
warna	O
nya	O
kayak	O
sapi..	O

Mirip	NORM_1WORD
apanya	O
emang	NORM_1WORD
sygkuu?	NORM_1WORD
Haha	NORM_1WORD
@syafiranadiaaa	NORM_1WORD

Amiiiin	NORM_1WORD
Al	NORM_1WORD
Fatihah	NORM_1WORD

Nerusin	NORM_1WORD
S2	NORM_1WORD
di	O
Indo	NORM_1WORD
aja	NORM_1WORD
mod,univ	NORM_1WORD
di	O
Indonesia	NORM_1WORD
gak	NORM_1WORD
kalah	O
sistem	O
dan	O
mutu	O
kok	O
Mod	NORM_1WORD
hehe	O

Serang-Banten	NORM_1WORD
donk	NORM_1WORD
min	O
@cherrybelleid	NORM_1WORD

Wihhh	NORM_1WORD
walaupun	O
hijab	O
tetep	NORM_1WORD
style	O

@gede.sudarma	NORM_1WORD
anda	O
duluan	O
tdk	NORM_1WORD
sopan	O
ngapain	NORM_1WORD
sy	NORM_1WORD
sopan.	O
Pakai	NORM_1WORD
kata	O
kamu	O
itu	O
ke	O
org	NORM_1WORD
yg	NORM_1WORD
sdh	NORM_1WORD
kenal.	O
Lagian	NORM_1WORD
beropini	O
itu	O
pakai	O
bahasa	O
yg	NORM_1WORD
baik	O
ya,	O
bung.	O
Baca	NORM_1WORD
semua	O
jwban	NORM_1WORD
anda	O
ke	O
org2	NORM_1WORD
di	O
atas.	O
Mmg	NORM_1WORD
kampungan	O
kok.	O
Lagian	NORM_1WORD
ini	O
postingan	O
dari	O
bulan	O
Mei.	NORM_1WORD
Baru	NORM_1WORD
bangun	O
ya?	O

Mampir	NORM_1WORD
yuks	NORM_1WORD
ke	O
olshop	O
baru	O
ku	O
:)	O
BAJU	NORM_1WORD
WANITA	NORM_1WORD
DRESS	NORM_1WORD
,	O
SKIRT	NORM_1WORD
,	O
SWEATER	NORM_1WORD
,	O
SHIRT	NORM_1WORD
,	O
ETC	NORM_1WORD
PRICE	NORM_1WORD
BEGIN	NORM_1WORD
FROM	NORM_1WORD
30K	NORM_1WORD
@CULLUNCOLLECTION	NORM_1WORD

Klo	NORM_1WORD
cwek	NORM_1WORD
namax	NORM_1WORD
fita	O
ahmad	O
klo	NORM_1WORD
cwo	NORM_1WORD
namax	NORM_1WORD
ahmad	O
fahri	O

U	NORM_1WORD
tau	O
ga	NORM_1WORD
itu	O
lagu	O
apa	O
ren?	O
Cb	NORM_1WORD
cari	O
tau	O
dlu	NORM_1WORD
@prcirene	NORM_1WORD
@evalinamagdalen	NORM_1WORD

Knpp	NORM_1WORD
sherrr?	O
Udh	NORM_1WORD
ga	NORM_1WORD
ad	NORM_1WORD
lggi	NORM_1WORD
ei	O
kan?	O
@sherlytrst	NORM_1WORD

Kyk	NORM_1WORD
gini	NORM_1WORD
umm	O
?@syajaroh_hijab	NORM_1WORD

kaka	NORM_1WORD
cantik	O

@annasyaalika	NORM_1WORD
kek	NORM_1WORD
giniii	NORM_1WORD
looo	NORM_1WORD

Gokill	NORM_1WORD

@gede.sudarma	NORM_1WORD
ckckck..	O
produk	O
jaman	O
dodol	O
itu	O
yg	NORM_1WORD
gmna	NORM_1WORD
ya?	O
Dodol	NORM_1WORD
msih	NORM_1WORD
laku	O
loh	O
sampe	NORM_1WORD
skrg...	NORM_1WORD
mental	O
desa	O
itu	O
bagus	O
kok.	O
Org	NORM_1WORD
desa	O
rajin2.	NORM_1WORD
Sy	NORM_1WORD
produk	O
kekerasan,	O
tpi	NORM_1WORD
anda	O
request	O
mau	O
folloow	O
sy.	NORM_1WORD
Aiih..	NORM_1WORD
sy	NORM_1WORD
terharu.	O
Assalamualaikum	NORM_1WORD
ya..	O

Ihhh	NORM_1WORD
tau	O
aje	NORM_1WORD
luhhh	NORM_1WORD
nyet	NORM_1WORD
@ayleenaurelia	NORM_1WORD

Naura	NORM_1WORD
kapan	O
pertama	O
kalinya	O
kamu	O
nangis	NORM_1WORD
terharu	O
karena	O
hasil	O
kerja	O
kerasmu?	O

11	O
?@algaeslovania_premiumskincare1	NORM_1WORD
#SETIAP	NORM_1WORD
WANITA	NORM_1WORD
APAPUN	NORM_1WORD
FROFESI	NORM_1WORD
NYA	NORM_1WORD
PASTI	NORM_1WORD
MENGINGINKAN	NORM_1WORD
KULIT	NORM_1WORD
WAJAH	NORM_1WORD
CANTIK	NORM_1WORD
SEHAT	NORM_1WORD
DAN	NORM_1WORD
TERAWAT,,,	NORM_1WORD
BYK	NORM_1WORD
PRODUK	NORM_1WORD
PRWTN	NORM_1WORD
KECANTIKAN	NORM_1WORD
YG	NORM_1WORD
DITAWARKAN,,,	NORM_1WORD
KALO	NORM_1WORD
UTK	NORM_1WORD
WAJAH	NORM_1WORD
SEBAIKNYA	NORM_1WORD
JGN	NORM_1WORD
ASAL	NORM_1WORD
PILIH	NORM_1WORD
YAH,,	NORM_1WORD
SKINCARE	NORM_1WORD
YG	NORM_1WORD
RINGAN	NORM_1WORD
DAN	NORM_1WORD
AMAN	NORM_1WORD
UTK	NORM_1WORD
DIPAKE	NORM_1WORD
JANGKA	NORM_1WORD
PANJANG	NORM_1WORD
DAN	NORM_1WORD
GA	NORM_1WORD
BKIN	NORM_1WORD
KTERGANTUNGAN	NORM_1WORD
ITU	NORM_1WORD
SUSAH	NORM_1WORD
LOH	NORM_1WORD
DAPET	NORM_1WORD
NYA,,	NORM_1WORD
TP	NORM_1WORD
YG	NORM_1WORD
AKU	NORM_1WORD
PAKE	NORM_1WORD
INI	NORM_1WORD
BISA	NORM_1WORD
MENJADI	NORM_1WORD
PILIHAN	NORM_1WORD
TERBAIK	NORM_1WORD
UTK	NORM_1WORD
TEMEN	NORM_1WORD
TEMEN	NORM_1WORD
SEMUA,	NORM_1WORD
ALGAE	NORM_1WORD
SLOVENIA	NORM_1WORD
PREMIUM	NORM_1WORD
SKINCARE	NORM_1WORD
,	O
CREAM	NORM_1WORD
PRWATN	NORM_1WORD
WJH	NORM_1WORD
RACIKAN	NORM_1WORD
DOKTER	NORM_1WORD
DR	NORM_1WORD
SINGAPORE...	NORM_1WORD
RIBUAN	NORM_1WORD
ORG	NORM_1WORD
JG	NORM_1WORD
UDA	NORM_1WORD
PAKE	NORM_1WORD
DAN	NORM_1WORD
NGEBUKTIIN	NORM_1WORD
HSLNYA.	NORM_1WORD
CEK	NORM_1WORD
IG	NORM_1WORD
AKU	NORM_1WORD
AJA	NORM_1WORD
,	O
SEMUA	NORM_1WORD
TESTIMONI	NORM_1WORD
ASLI	NORM_1WORD
DR	NORM_1WORD
MRK	NORM_1WORD
YG	NORM_1WORD
UDA	NORM_1WORD
PAKE	NORM_1WORD
SENDIRI,,	NORM_1WORD
FOLLOW	NORM_1WORD
@ALGAESLOVANIA_PREMIUMSKINCARE1	NORM_1WORD
AND	NORM_1WORD
ADDMY	NORM_1WORD
PIN	NORM_1WORD
5E3E04F5	NORM_1WORD
UTK	NORM_1WORD
INFO	NORM_1WORD
LEBIH	NORM_1WORD
LGKAP..	NORM_1WORD
WA:081210238087	NORM_1WORD

Ahhh	NORM_1WORD
mirip	O
dong	O
sma	NORM_1WORD
abii	O
@niiol14	NORM_1WORD
@herdianivaan	NORM_1WORD

Mana	NORM_1WORD
mungkin	O
shot	O
di	O
bali,	O
rame	O
org	NORM_1WORD

Kangennnnnnnnnnnnnnnn	NORM_1WORD
kebersamaan	O
kalian?	O

Kerenn	NORM_1WORD
mbok	O
kayu	O
..ngneh	O
dolan	O
ming	O
purwokerto	O

Iyah..	NORM_1WORD
paling	O
klop	O

Booming	NORM_1WORD
!	O
alat	O
pembesar	O
payudara	O
yg	NORM_1WORD
digunakan	O
artis"	NORM_1WORD
julia	O
perez	O
,	O
Baby	NORM_1WORD
Margareta	NORM_1WORD
,	O
nikita	O
mirzani@QUEEN_BEAUTY_NATURAL	NORM_1WORD
atau	O
invite	O
PIN:	NORM_1WORD
5D885B1C.	NORM_1WORD

Amiiin...	NORM_1WORD

Yellow...cerah	NORM_1WORD
bs	NORM_1WORD
d	NORM_1WORD
mix	O
n	NORM_1WORD
macth	O
dg	NORM_1WORD
apapun	O
warnany	NORM_1WORD

@yurikeeltonp	NORM_1WORD
@kartiikawulaan	NORM_1WORD
@iratriyantii	NORM_1WORD
ntar	NORM_1WORD
pas	O
aku	O
ulang	O
tahun	O
kek	NORM_1WORD
gini	NORM_1WORD
ya	O
guysss	O

jgn	NORM_1WORD
salah	O
fokus	O
tay	NORM_1WORD
@egydsavitri	NORM_1WORD

Keren	NORM_1WORD
bor,	O
sampe	NORM_1WORD
ngikutin	NORM_1WORD
gayany	NORM_1WORD
hahaha	O

Anak	NORM_1WORD
abal"	NORM_1WORD

U	NORM_1WORD
r	O
a	O
great	O
mom	O
@zahratuljannah	NORM_1WORD
...sll	NORM_1WORD
smangat	NORM_1WORD
ya	O
mb..sedih	NORM_1WORD
bc	NORM_1WORD
nya	O

Bisaan	NORM_1WORD
amat	O
yah	NORM_1WORD
itu	O
yang	O
nge	O
make	NORM_1WORD
up	O
ny!!	NORM_1WORD

yg	NORM_1WORD
keliatan	NORM_1WORD
tatonya	O
kak	O
marcel,	O
yg	NORM_1WORD
rambut	O
panjang	O
itu	O
mischa	O

Mas	NORM_1WORD
dhani	O
lgi	NORM_1WORD
hamil	O
yuh..wkwk	NORM_1WORD

Uih	NORM_1WORD
komenx	NORM_1WORD
serem"	NORM_1WORD
yg	NORM_1WORD
di	O
komen	O
happi"	NORM_1WORD
aza	NORM_1WORD
sm	NORM_1WORD
keluarga	O

@rirhyn_jhuliani	NORM_1WORD
jgn	NORM_1WORD
jealous	O
yak	NORM_1WORD
hihihi	O
?	O

Klo	NORM_1WORD
kangen	O
fany	O
indonesia	O
suka	O
liat	NORM_1WORD
ig	O
nya	O
ka	NORM_1WORD
raisa.	O
Soalnya	NORM_1WORD
berasa	O
tiffany	O
ada	O
di	O
indonesia	O
??	O

Pipi..	NORM_1WORD
Rame	NORM_1WORD
bgt	NORM_1WORD
antara	O
pembela	O
Mimi	NORM_1WORD
Dan	NORM_1WORD
Bunda..	NORM_1WORD
Sebenernya	NORM_1WORD
sih	O
simple	O
untuk	O
meredakan	O
semuanya..	O
Kasih	NORM_1WORD
bukti	O
Sama	NORM_1WORD
mrka	NORM_1WORD
untuk	O
realisasikan	O
liburan	O
bareng	O
Antarakeluarga	NORM_1WORD
pipi	O
skrg	NORM_1WORD
dgn	NORM_1WORD
keluarga	O
Mimi	NORM_1WORD
skrg..	NORM_1WORD
Agar	NORM_1WORD
silsturahmi	NORM_1WORD
anak	O
Dan	NORM_1WORD
miminya	O
jg	NORM_1WORD
tdk	NORM_1WORD
Kaku..	NORM_1WORD
Kasih	NORM_1WORD
kesempatan	O
yg	NORM_1WORD
Sama	NORM_1WORD
untuk	O
Mimi	NORM_1WORD
dgn	NORM_1WORD
ank2nya	NORM_1WORD
agar	O
hubungannya	O
tdk	NORM_1WORD
Kaku.	NORM_1WORD
Aurel	NORM_1WORD
ank	NORM_1WORD
yg	NORM_1WORD
baik	O
Dan	NORM_1WORD
punyaperasaan	O
yg	NORM_1WORD
halusdia	O
tdk	NORM_1WORD
mau	O
menyakitihati	O
Bunda	NORM_1WORD
sambungnya	O
yg	NORM_1WORD
sdh	NORM_1WORD
membesarkannya	O
Dan	NORM_1WORD
sgt	NORM_1WORD
berjasa	O
kepada	O
mrka.disaat	NORM_1WORD
ultahnya	O
Mimi	NORM_1WORD
moments	O
pas	O
sekalidgn	O
ank2nya	NORM_1WORD
tdk	NORM_1WORD
Ada	NORM_1WORD
dijkt..	NORM_1WORD
Mautdk	NORM_1WORD
may	NORM_1WORD
memang	O
pastitdk	O
bs	NORM_1WORD
hai	O

Mas	NORM_1WORD
@prandokosigit	NORM_1WORD
kalo	NORM_1WORD
kek	NORM_1WORD
gini	NORM_1WORD
mirip	O
kamu	O
beneran	NORM_1WORD
???	O

Aku	NORM_1WORD
udah	NORM_1WORD
buktiin	NORM_1WORD
dan	O
emang	NORM_1WORD
bener	NORM_1WORD
ADMIN	NORM_1WORD
CEWEK!?	NORM_1WORD
Pembesar	NORM_1WORD
Payudaranya	NORM_1WORD
cepet	NORM_1WORD
bangettttt,	NORM_1WORD
alatnya	O
juga	O
bisa	O
dipakai	O
untuk	O
keperluan	O
kesehatan	O
yang	O
lain@bigbreastnatural.	NORM_1WORD
Aku	NORM_1WORD
rekomendasiin	NORM_1WORD
deh	O
buat	O
kamu	O
nih	O
Chat	NORM_1WORD
ke	O
WA	NORM_1WORD
:	O
0857-9305-1973	O
/	O
BBM	NORM_1WORD
:	O
5B8BE79E	NORM_1WORD
/	O
LINE	NORM_1WORD
:	O
@ZHB0594N	NORM_1WORD
(PAKAI	NORM_1WORD
@)	O

Yelow	NORM_1WORD
seger	NORM_1WORD
klo	NORM_1WORD
bwt	NORM_1WORD
dapur	O
biar	O
mkn	NORM_1WORD
senangat	NORM_1WORD
msknya	NORM_1WORD
ba..	O

Cakepan	NORM_1WORD
raisa	O
lah	O
@sishideaa	NORM_1WORD
,	O
yang	O
ini	O
mayan	NORM_1WORD
sih	O

I	NORM_1WORD
know	O
that	O
it's	NORM_1WORD
rude	O
but	O
i	O
just	O
curious.	O
Vidi	NORM_1WORD
aldiano	O
islam	O
atau	O
bukan?	O
Ngmngnya	NORM_1WORD
puji	O
tuhan	O
trs	NORM_1WORD
alhamdulillah	O
hehe	O

nabilah	O
jkt48	O
costume	O
yang	O
kamu	O
pake	NORM_1WORD
itu	O
judul	O
lagu	O
nya	O
apa	O

Ini	NORM_1WORD
yg	NORM_1WORD
aku	O
blg	NORM_1WORD
@miaadelinaa	NORM_1WORD

Kenape	NORM_1WORD
ya?	O

@deaprill	NORM_1WORD
jd	NORM_1WORD
@raisa6690	NORM_1WORD
lbih	NORM_1WORD
tua	O
dr	NORM_1WORD
@keenanpevarce	NORM_1WORD
?	O

Nampak	NORM_1WORD
yak	NORM_1WORD
ndak	NORM_1WORD
mukenye	O
pedek	O
wkwk	O
@frederikasalsablaptri	NORM_1WORD

cocok.bingiit	NORM_1WORD
deh	O
sama	O
baby	O

@assailaputri_29	NORM_1WORD
ucul	NORM_1WORD
yahh	NORM_1WORD
kek	NORM_1WORD
gw	NORM_1WORD

Caca	NORM_1WORD
cntik	NORM_1WORD

Lucuu	NORM_1WORD
@monicasvtr	NORM_1WORD

Kasus	NORM_1WORD
yg	NORM_1WORD
ini,	O
anaknya	O
udah	NORM_1WORD
gak	NORM_1WORD
bisa	O
diingatkan	O
lewat	O
lisan	O
lagi	O
mbak	O
sofia	O
lat	O
juba.	O
Beda	NORM_1WORD
sm	NORM_1WORD
anak	O
mbak	O
sofia	O
yg	NORM_1WORD
baik.	O
Mungkin	NORM_1WORD
anak	O
mbak	O
sofia	O
tidak	O
perlu	O
diingatkan	O
dgn	NORM_1WORD
"cubit"	O
an.	O
Saya	NORM_1WORD
rasa	O
cubit	O
an	O
ibu	O
guru	O
jg	NORM_1WORD
biasa	O
saja.	O
Bahkan,	NORM_1WORD
sebagai	O
org	NORM_1WORD
yg	NORM_1WORD
mempelajari	O
tentang	O
perkembangan	O
anak,	O
saya	O
tau	O
mencubit	O
bukan	O
solusi	O
yg	NORM_1WORD
baik,	O
--jika	O
dilakukan	O
setiap	O
kali--	O
anak	O
salah.	O
Boleh	NORM_1WORD
dilakukan	O
sesekali,	O
utk	NORM_1WORD
shock	O
terapi.	O
Apalagi	NORM_1WORD
anak	O
yg	NORM_1WORD
sudah	O
tidak	O
bs	NORM_1WORD
diingatkan	O
dengan	O
lisan.	O
Justru,	NORM_1WORD
anak	O
akan	O
terlalu	O
manja,	O
kalau	O
terlalu	O
sering	O
dimanja.	O
Jaman	NORM_1WORD
sekarang	O
pun	O
hidup	O
sudah	O
makin	O
keras,	O
pasti	O
mbak	O
Sofia	NORM_1WORD
Lat	NORM_1WORD
Juba	NORM_1WORD
tau.	O
Tapi	NORM_1WORD
bagaimana	O
anak	O
bs	NORM_1WORD
menghadapi	O
dunia	O
kalau	O
sm	NORM_1WORD
sekali	O
gk	NORM_1WORD
pernah	O
belajar	O
utk	NORM_1WORD
itu.	O
Intinya,	NORM_1WORD
boleh2	NORM_1WORD
saja	O
dgn	NORM_1WORD
mencubit,	O
asalkan	O
mencubit	O
ini	O
bukan	O
jadi	O
hukuman	O
wajib	O
yg	NORM_1WORD
harus	O
diberikan	O
setiap	O
kali	O
anak	O
salah.	O
@sophia_latjuba88	NORM_1WORD

Wkwkwk	NORM_1WORD
ada	O
yg	NORM_1WORD
blg	NORM_1WORD
bunda	O
@maiaestiantyreal	NORM_1WORD
plg	NORM_1WORD
kerja	O
main	O
extravaganza	O
larut	O
malam	O
smbil	NORM_1WORD
mabuk	O
bikin	O
kesel	O
pakde?	O
Hellooooooo	NORM_1WORD
?	O
daripada	O
jadi	O
pecun	O
ngrebut	NORM_1WORD
suami	O
majikannya?mendingan	O
mana?	O

Selamat	NORM_1WORD
kak	O
vidii,	O
sukses	O
selaluu	NORM_1WORD
ya	O
:)	O

@nandamochamad	NORM_1WORD
ahhh.	NORM_1WORD

seterong	NORM_1WORD
teyuss?	NORM_1WORD

@athifmzain	NORM_1WORD
main	O
ngetag	O
aja	NORM_1WORD
lu	O

@ramdhansumit	NORM_1WORD
selera	O
km	NORM_1WORD
bgt	NORM_1WORD

Nggak	NORM_1WORD
cocok	O
cocok	O
nya	O
sma	NORM_1WORD
kk	NORM_1WORD

Ca	NORM_1WORD
kaya	NORM_1WORD
gini	NORM_1WORD
ahaha	O
@cacassb	NORM_1WORD

Njrittt	NORM_1WORD
???	O
@virginiaaul	NORM_1WORD

Mirip	NORM_1WORD
cuyy	NORM_1WORD
@raffafitra	NORM_1WORD
@ghinanrftn	NORM_1WORD
@aarizkia	NORM_1WORD
@sawsanls	NORM_1WORD

Bikin	NORM_1WORD
ngiri.....?	NORM_1WORD

@mryansah	NORM_1WORD
mau	O
gini	NORM_1WORD
beb	O
??	O

Haha	NORM_1WORD
kka	NORM_1WORD
ngalah	NORM_1WORD
de	NORM_1WORD
klo	NORM_1WORD
sama	O
yg	NORM_1WORD
begituan	O
wkwkw	O
@utsukushi._	NORM_1WORD

Buat	NORM_1WORD
kraya	NORM_1WORD
brg	NORM_1WORD
bang	O
aliando	O
lg	NORM_1WORD
donk	NORM_1WORD
ka	NORM_1WORD
prilly...	O

Trteh	NORM_1WORD
cantik	O
banget	O
sichhhhhhhhhh	NORM_1WORD

@jordiawaaan	NORM_1WORD
naha	O
w	NORM_1WORD
terharu	O

7	O
?@algaeslovania_premiumskincare1	NORM_1WORD
#PEREMPUAN	NORM_1WORD
MANA	NORM_1WORD
YG	NORM_1WORD
GAK	NORM_1WORD
MO	NORM_1WORD
CANTIK,,	NORM_1WORD
PNYA	NORM_1WORD
WAJAH	NORM_1WORD
KINCLONG	NORM_1WORD
SEHAT	NORM_1WORD
DAN	NORM_1WORD
BERSERI..	NORM_1WORD
TERKADANG	NORM_1WORD
UANG	NORM_1WORD
GAK	NORM_1WORD
MENJADI	NORM_1WORD
MSLH	NORM_1WORD
ASALKAN	NORM_1WORD
DAPAT	NORM_1WORD
YANG	NORM_1WORD
DIMAO..	NORM_1WORD
TAPI	NORM_1WORD
GAK	NORM_1WORD
HRS	NORM_1WORD
JUTAAN	NORM_1WORD
RUPIAH	NORM_1WORD
KLO	NORM_1WORD
CM	NORM_1WORD
UTK	NORM_1WORD
DAPETIN	NORM_1WORD
WJH	NORM_1WORD
SEHAT	NORM_1WORD
KINCLONG	NORM_1WORD
DAN	NORM_1WORD
TERAWAT...	NORM_1WORD
INI	NORM_1WORD
LOH	NORM_1WORD
CREAM	NORM_1WORD
TERBAIK	NORM_1WORD
YANG	NORM_1WORD
PANTES	NORM_1WORD
DIJADIIN	NORM_1WORD
PILIHAN	NORM_1WORD
..	O
CREAM	NORM_1WORD
PRWTN	NORM_1WORD
RACIKAN	NORM_1WORD
DOKTER	NORM_1WORD
DR	NORM_1WORD
SINGAPORE.	NORM_1WORD
ALGAE	NORM_1WORD
SLOVENIA	NORM_1WORD
PREMIUM	NORM_1WORD
SKINCARE,,	NORM_1WORD
AKU	NORM_1WORD
UDAH	NORM_1WORD
CARI	NORM_1WORD
CREAM	NORM_1WORD
YG	NORM_1WORD
OKE	NORM_1WORD
ITU	NORM_1WORD
SUSAH	NORM_1WORD
LOH,,	NORM_1WORD
APALAGI	NORM_1WORD
YG	NORM_1WORD
TERBUKTI	NORM_1WORD
KWALITAS	NORM_1WORD
NY	NORM_1WORD
,	O
SEBAGAI	NORM_1WORD
BUKTI	NORM_1WORD
RIBUAN	NORM_1WORD
CUSTUMER	NORM_1WORD
AKU	NORM_1WORD
UDA	NORM_1WORD
PD	NORM_1WORD
PAKE	NORM_1WORD
DAN	NORM_1WORD
SILAHKN	NORM_1WORD
CEK	NORM_1WORD
TESTI	NORM_1WORD
NYA	NORM_1WORD
DL,	NORM_1WORD
CEK	NORM_1WORD
IG	NORM_1WORD
AK	NORM_1WORD
AJHA	NORM_1WORD
UTK	NORM_1WORD
INFO	NORM_1WORD
LEBIH	NORM_1WORD
LENGKAP	NORM_1WORD
ADD	NORM_1WORD
PIN	NORM_1WORD
5E3E04F5	NORM_1WORD
@algaeslovania_premiumskincare1	NORM_1WORD
WA:081210238087	NORM_1WORD

Ginsul	NORM_1WORD
nya	O
tuna	O
yg	NORM_1WORD
bikin	O
tambah	O
cuanti....	NORM_1WORD

Suksess	NORM_1WORD
slalu.	NORM_1WORD
Ka	NORM_1WORD

Lebih	NORM_1WORD
cantik	O
n	NORM_1WORD
keren	O
Bunda	NORM_1WORD
Maia	NORM_1WORD
pastinya??kelas	O
atas	O
naik	O
jet	O
pribadi,	O
hermes,	O
disukai	O
orang	O
banyak	O
n	NORM_1WORD
byk	NORM_1WORD
berkah-nah	O
yg	NORM_1WORD
suka	O
nikung	O
temen	NORM_1WORD
nangis	NORM_1WORD
terus	O
hatersnya	O
banyak	O
duh	O
muljem	O
karmanya	O
bejibun?jualan	O
cireng	O
aja	NORM_1WORD
lah	O
pantes?	NORM_1WORD

@ikaaapratiwi	NORM_1WORD
hahaha	O
kalah	O
bgt	NORM_1WORD
mbaak	NORM_1WORD

Liaatt	NORM_1WORD
iniiiii	NORM_1WORD
?????	O
@antynovia	NORM_1WORD

so?	NORM_1WORD
@wahyudi2012	NORM_1WORD
nanti	O
aku	O
tag	O
semua	O
foto	O
nha	NORM_1WORD

@dinatrirantini	NORM_1WORD
kek	NORM_1WORD
bangke	NORM_1WORD
lah	O

Dari	NORM_1WORD
dlu	NORM_1WORD
@nabilahjkt48	NORM_1WORD

Amiin	NORM_1WORD
ya	O
robbal	O
alamin	O

@veloveputrii	NORM_1WORD
dibayar	O
brp	NORM_1WORD
lo	O
sm	NORM_1WORD
nyai	O
cireng	O
ati	O
si	NORM_1WORD
botak??	O
Dasar	NORM_1WORD
cewek	O
gk	NORM_1WORD
punya	O
hati.	O
Gw	NORM_1WORD
rasa	O
jgn2	NORM_1WORD
lo	O
perebut	O
suami	O
org	NORM_1WORD
lg	NORM_1WORD
kyk	NORM_1WORD
si	NORM_1WORD
cireng.Sbaiknya	NORM_1WORD
lo	O
mngerti	NORM_1WORD
dan	O
blajar	NORM_1WORD
dlu	NORM_1WORD
dr	NORM_1WORD
fakta2	NORM_1WORD
yg	NORM_1WORD
ada	O
slama	NORM_1WORD
ini	O
spt	NORM_1WORD
apa.	O
Udh	NORM_1WORD
ckup	NORM_1WORD
sabar	O
al	O
el	O
dul	O
ibunya	O
diperlakukan	O
kyk	NORM_1WORD
gitu.	NORM_1WORD
Msh	NORM_1WORD
mnding	NORM_1WORD
si	NORM_1WORD
maia	O
cm	NORM_1WORD
nyinyir	O
klo	NORM_1WORD
gw	NORM_1WORD
mah	O
lgsg	NORM_1WORD
gw	NORM_1WORD
bakar	O
tuh	O
nyai	O
cireng	O
sm	NORM_1WORD
si	NORM_1WORD
botak	O
bego.	O
Bikin	NORM_1WORD
rusak	O
nilai2	NORM_1WORD
masyarakat	O
kita	O
aja	NORM_1WORD
udh	NORM_1WORD
giti	NORM_1WORD
gk	NORM_1WORD
malu	O
lg	NORM_1WORD
buka2	NORM_1WORD
aibnya	O
dan	O
nyinyirin	NORM_1WORD
di	O
media	O
pdhl	NORM_1WORD
bunmai	O
udh	NORM_1WORD
closebook.	O
Klo	NORM_1WORD
haters	O
pd	NORM_1WORD
nyerang	NORM_1WORD
mulan	O
ma	NORM_1WORD
si	NORM_1WORD
borak	O
yaitu	O
hukuman	O
moral	O
yg	NORM_1WORD
hrs	NORM_1WORD
mrk	NORM_1WORD
trima	NORM_1WORD
apalagi	O
mrk	NORM_1WORD
public	O
figure	O
mau	O
gk	NORM_1WORD
mau	O
hrs	NORM_1WORD
bs	NORM_1WORD
ksh	NORM_1WORD
contoh.	O

Cocok	NORM_1WORD
banget	O
kk	NORM_1WORD

Ka...	NORM_1WORD
hidup	O
d	NORM_1WORD
dunia	O
cuma	O
smentara	NORM_1WORD
ka...	NORM_1WORD
bahagia	O
d	NORM_1WORD
dunia	O
hanya	O
sebatas	O
umur	O
kita	O
aja,	NORM_1WORD
bahagia	O
d	NORM_1WORD
akhirat	O
itu	O
kekal...	O
carilah	O
yg	NORM_1WORD
kekal	O
ka...	NORM_1WORD
ga	NORM_1WORD
ada	O
kata	O
terlambat	O
ka,	NORM_1WORD
Allah	NORM_1WORD
maha	O
pengampun,	O
ka	NORM_1WORD
jangan	O
pernah	O
dengerin	NORM_1WORD
apa	O
kata	O
org,	NORM_1WORD
sekali	O
kali	O
jangan	O
ka,	NORM_1WORD
biarin	NORM_1WORD
apa	O
kata	O
mereka	O
yg	NORM_1WORD
penting	O
kaka	NORM_1WORD
d	NORM_1WORD
hadapan	O
Allah	NORM_1WORD
itu	O
ka,	NORM_1WORD
ayo	O
ka	NORM_1WORD
jadi	O
diri	O
sendiri	O
yaitu	O
sesuai	O
fitrah	O
hati	O
kaka,	NORM_1WORD
hati	O
yg	NORM_1WORD
mengakui	O
akan	O
syariat	O
Allah....	NORM_1WORD
kaka	NORM_1WORD
org	NORM_1WORD
hebat	O
kaka	NORM_1WORD
pasti	O
bisa...	O

@thatitocctavia	NORM_1WORD
kapan	O
kita	O
foto	O
bareng	O
lagi	O
kayak	O
gini?	NORM_1WORD
Sekalian	NORM_1WORD
nyanyi	O
bareng	O
yah	NORM_1WORD
?	O
jangan	O
lupa	O
ajakin	NORM_1WORD
@permatasariayu_	NORM_1WORD
ntar	NORM_1WORD
kalo	NORM_1WORD
gak	NORM_1WORD
di	O
ajak	O
gondok	O

mbk	NORM_1WORD
cita	O
yang	O
tabah	O
aj	NORM_1WORD
y	NORM_1WORD

Aduhh	NORM_1WORD
yg	NORM_1WORD
masih	O
sibuk	O
cari	O
kado,	O
intip	O
IG	NORM_1WORD
ku,	O
serba	O
kado	O
unik,	O
sesuai	O
keinginanmu	O
malah	O
?	O

@cindyclaudyaong	NORM_1WORD
nanti	O
ta	O
beliin	NORM_1WORD

Happy	NORM_1WORD
Birthday	NORM_1WORD
teh.	O
I	NORM_1WORD
love	O
you!	O
Next	NORM_1WORD
time	O
,	O
smg	NORM_1WORD
bisa	O
ketemu	O
ya	O
teh	O
?	O
@odywoody	NORM_1WORD

Yg	NORM_1WORD
namanya	O
@novisyahreza	NORM_1WORD
tu	NORM_1WORD
selalu	O
ada	O
di	O
hampir	O
semua	O
foto	O
nagita	O
dan	O
komen	O
nya	O
yg	NORM_1WORD
ga	NORM_1WORD
baik	O
bahasanya.	O
Entah	NORM_1WORD
sirik	O
atau	O
apalah	O
tu	NORM_1WORD
cewe.	NORM_1WORD
Maklumin	NORM_1WORD
aja	NORM_1WORD
haters	O
kan	O
begitu.	O

Pusat	NORM_1WORD
Tas	NORM_1WORD
&	O
Jam	NORM_1WORD
Branded	NORM_1WORD
Harga	NORM_1WORD
Mahasiswa,	NORM_1WORD
silahkan	NORM_1WORD
mampir.	O

mana	O
uitnya	NORM_1WORD
sekalian	O
buat	O
k	NORM_1WORD
lombok	O
kmrn	NORM_1WORD
haha	O
@emiliyaatari	NORM_1WORD

GROSIR	NORM_1WORD
&	O
ECER	NORM_1WORD
pakaian,	O
tas,	O
flatshoes,	O
aksesoris	O
dll.	O
Cuss	NORM_1WORD
follow	O
dan	O
Cek	NORM_1WORD
ig	O
kita	O
yuuk!!	NORM_1WORD
Harga	NORM_1WORD
super	O
murah	O
banyak	O
SALE	NORM_1WORD
di	O
akhir	O
bulan	O
juga	O
loh	O

Keren	NORM_1WORD
bnget	NORM_1WORD
!!	O
Ungu	NORM_1WORD
smua	NORM_1WORD
@tantri24	NORM_1WORD
@finphotograph	NORM_1WORD

Ka	NORM_1WORD
rina	O
putus	O
dengan	O
fakhrul	O
apa	O
karena	O
keluarga	O
ka	NORM_1WORD
fakhrul	O
ga	NORM_1WORD
stju	NORM_1WORD
krna	NORM_1WORD
belum	O
memakai	O
hijab	O
@rinanose16	NORM_1WORD

Lagu	NORM_1WORD
yg	NORM_1WORD
bikin	O
gue	O
abis	NORM_1WORD
liat	NORM_1WORD
aliily	O
duet	O
langsung	O
download	O
wkwk	O

Kereeeen....	NORM_1WORD

KEREN	NORM_1WORD
GILS	NORM_1WORD

hahaha	O
ngakak	NORM_1WORD
asliii	NORM_1WORD
kocak	O
nih	O
konten2	NORM_1WORD
@akumahapa	NORM_1WORD
coba	O
deh	O
rasain	NORM_1WORD
lucunya	O
@akumahapa	NORM_1WORD
dijamin	O
ngakak	NORM_1WORD
daaaah	NORM_1WORD
asliiii	NORM_1WORD

Ciyeeee....	NORM_1WORD
cocok	O
serasi	O

Cantik	NORM_1WORD
pake	NORM_1WORD
banget	O

Siipp	NORM_1WORD
laa	NORM_1WORD

follow	O
saya	O
guys,	O
nnti	NORM_1WORD
folbak	O

Nasehat	NORM_1WORD
kok	O
dibilang	O
mengirusi	NORM_1WORD
khdpn	NORM_1WORD
orang	O
lain,	O
kadang	O
kalo	NORM_1WORD
hati	O
sudah	O
mengeras	O
susah	O
untuk	O
mendapat	O
hal	O
baik	O
#miris	NORM_1WORD

Sukses	NORM_1WORD
yaa	NORM_1WORD
bunda	O

@astri_elma	NORM_1WORD
amiin	NORM_1WORD

Io	NORM_1WORD
@rose_geor	NORM_1WORD
qta	NORM_1WORD
mo	NORM_1WORD
tag	O
lalu	O
nda	NORM_1WORD
mo	NORM_1WORD
ta	O
tag....	O
nentau	O
qapaaa	O
stou	O

Snsd	NORM_1WORD
bingitsss	NORM_1WORD

Senang	NORM_1WORD
lht	NORM_1WORD
klu	NORM_1WORD
berhijab	O

Hahahaaahaha	NORM_1WORD
pen	NORM_1WORD
gw	NORM_1WORD
catokin	NORM_1WORD
gak	NORM_1WORD
poni	O
nya?	O
@anshilalala	NORM_1WORD
xD	NORM_1WORD

Lucu	NORM_1WORD
kak	O
@yukikt	NORM_1WORD
kngen	NORM_1WORD
pngen	NORM_1WORD
lihat	O
tteh	NORM_1WORD
main	O
sintron	NORM_1WORD
lagi	O

Astauviruloh	NORM_1WORD
cantik	O
binggo	NORM_1WORD

muka	O
ayah	O
nya	O
bangeett	NORM_1WORD
???	O

Cantiikk	NORM_1WORD
bngett	NORM_1WORD
kli	NORM_1WORD
poninya	O
kya	NORM_1WORD
gt..@aurakasih	NORM_1WORD

PUCING	NORM_1WORD
ALAK	NORM_1WORD
EBI	NORM_1WORD
YA	NORM_1WORD
KAK	NORM_1WORD
ALI	NORM_1WORD
?#(kidding)	O

Iya	NORM_1WORD
dong	O
mulai	O
nungguin	NORM_1WORD
nih	O
BAB	NORM_1WORD
part	O
2	O

Klau	NORM_1WORD
d	NORM_1WORD
lombok	O
kapan	O
ya	O
??	O
@karinasalim	NORM_1WORD

bukanya	O
kak	O
mila	O
dan	O
Kevin	NORM_1WORD
Kristen	NORM_1WORD
protestin	NORM_1WORD

Apa	NORM_1WORD
bgtttt__-	O
itu	O
mah	O
sodara	O
gua	O
=))	O
(ngarep)@riris_ita	NORM_1WORD

Hahahaha....yaa	NORM_1WORD
jelashh	NORM_1WORD
@monicaadistya	NORM_1WORD
*geget	O
nyong	O
yakin	O

Kereenn..	NORM_1WORD

Di	NORM_1WORD
ruqiyah	O
aja	NORM_1WORD

Dasar	NORM_1WORD
xlian	NORM_1WORD
b3	NORM_1WORD
lucu	O
bnget...asli..pa	NORM_1WORD
lg	NORM_1WORD
kang	O
sule	O
tuh...ihhh	NORM_1WORD
muka	O
nya	O
nyebelin	NORM_1WORD
bnget	NORM_1WORD
lcu...wkkkkk?	NORM_1WORD

Suka	NORM_1WORD
banget	O
sama	O
lagu	O
ini	O
sumpah,	O
video	O
clip'a	O
supercool	O
@nikitawillyofficial94	NORM_1WORD
@aliandooo	NORM_1WORD
@tengkurassya	NORM_1WORD
@calvinjaremy	NORM_1WORD
.	O
Dibuat	NORM_1WORD
jadi	O
film	O
pendek	O
kaya'a	NORM_1WORD
oke	O
tuh	O
ckck..	O
pendapat	O
aja	NORM_1WORD
sih	O
?????	O
3	O
cowok	O
1	O
cewek	O
kuyyy...	NORM_1WORD
???	O
good	O
luck	O
buat	O
kalian	O
??????	O

Gini	NORM_1WORD
yu	NORM_1WORD
ma	NORM_1WORD
wkk	O
@nurrachmaniahm	NORM_1WORD

Menuntut	NORM_1WORD
ilmu	O
setinggi	O
langit,	O
bagus,	O
bagus	O
banget,	O
dunia	O
dunia	O
dunia	O
menjulang	O
tinggi,	O
akhiratnya	O
kliatan,	NORM_1WORD
belajar	O
aqidah	O
nya	O
minus,	O
what	O
the	O
maksud	O
puji	O
Tuhan!!!	NORM_1WORD

Liat	NORM_1WORD
yg	NORM_1WORD
ini	O
ngegemesin...hahaa	NORM_1WORD
@hapsa_26	NORM_1WORD

Kk.dulu	NORM_1WORD
di	O
Kalimantan	NORM_1WORD
Selatan	NORM_1WORD
ya	O

Kak	NORM_1WORD
marcel	O
happy	O
birthday	O
yaaaa!	NORM_1WORD
Berharap	NORM_1WORD
bgt	NORM_1WORD
commentnya	O
dibales,	O
apalagi	O
ampe	NORM_1WORD
ketemu	O
lgsg.	NORM_1WORD
Aaaaaaakkk	NORM_1WORD
mauuuu:'(	NORM_1WORD

Dulu	NORM_1WORD
sering	O
banget	O
nonton	NORM_1WORD
duo	O
ini	O
di	O
trans7	O
haha	O

Kak	NORM_1WORD
ichaa...	O
Cantiik	NORM_1WORD
banget,	O
@ichasoebandono	NORM_1WORD

k	NORM_1WORD
prlilly	O
kok	O
itu	O
rambutnya	O
gk	NORM_1WORD
ada	O
kk	NORM_1WORD
sakit	O
apa	O
kk	NORM_1WORD
itu?	O

Liat	NORM_1WORD
lg	NORM_1WORD
nek	O
di	O
ignya	O
dian	O
pelangi	O
ada	O
2	O
foto	O
kalo	NORM_1WORD
ga	NORM_1WORD
salah.	O
Pengen	NORM_1WORD
banget	O
kaan,	NORM_1WORD
cari	O
taulah	O
tempatnya	O
dimanaa	O
@muthiaf_	NORM_1WORD

ka	NORM_1WORD
klo	NORM_1WORD
pke	NORM_1WORD
hijab	O
cntik	NORM_1WORD
tau	O
syngnya	NORM_1WORD
non	O
muslim	O

Punya	NORM_1WORD
suami	O
ganteng,	O
suka	O
ngajak	NORM_1WORD
travelling	O
keliling	O
dunia	O
ternyata	O
bukan	O
mitos	O
yakk..	NORM_1WORD
@mamiavicenna	NORM_1WORD

@fiddiafitasari	NORM_1WORD
canteek	NORM_1WORD
yahh	NORM_1WORD
??	O

Kapan	NORM_1WORD
km	NORM_1WORD
bikin	O
caption	O
kek	NORM_1WORD
gini	NORM_1WORD
buat	O
aku	O
??	O
@reinazhafez	NORM_1WORD

Miripp	NORM_1WORD

Yaelah	NORM_1WORD
followers	O
gue	O
udah	NORM_1WORD
banyak,	O
masa	O
elo	NORM_1WORD
belum?	O
ke	O
fantasypanel.id	O
kalau	O
mau	O
followers	O
banyak!	O

Wah	NORM_1WORD
slamt	NORM_1WORD
ya	O
buat	O
nagita	O
n	NORM_1WORD
raffi	O
kalian	O
pasangan	O
yg	NORM_1WORD
menyenangkan	O
...	O

?mau	O
penghasilan	O
1-5	O
jt	NORM_1WORD
perhari	O
modal	O
receh,	O
serta	O
mau	O
buka	O
olshop	O
sendiri	O
buat	O
nambah	NORM_1WORD
uang	O
jajan,?add	NORM_1WORD
line	O
=	O
@pte2486u	NORM_1WORD
(pakai@)?	O

Gak	NORM_1WORD
ajak	O
tante	O

@mahnazrramadhah	NORM_1WORD
SAMPE	NORM_1WORD
NGEDUBSMASH	NORM_1WORD
BARENG	NORM_1WORD
COBA	NORM_1WORD
AJKFJSHL	NORM_1WORD

Lama	NORM_1WORD
lama	O
mnjadi	NORM_1WORD
bukit	O
?..tikcantikcantik?aku	O
suka	O
@rinanose16	NORM_1WORD

astafirullah	NORM_1WORD
wkwk	O
@farzaff	NORM_1WORD

Jgn	NORM_1WORD
pada	O
ribut	O
,	O
lebih	O
baik	O
baca	O
AL-QURAN	NORM_1WORD
.	O
muslim	O
or	NORM_1WORD
non	O
muslim	O
baca	O
qur'an	O
biar	O
dapet	NORM_1WORD
mujizat	O
semua	O
.	O
Amiin	NORM_1WORD
.	O

@arthurjohntree	NORM_1WORD
jon	O
pilih	O
yg	NORM_1WORD
mana	O
jon	O
:')	O

BAGI	NORM_1WORD
ANDA	NORM_1WORD
YANG	NORM_1WORD
MERASA	NORM_1WORD
KEPUTIHAN	NORM_1WORD
SERING	NORM_1WORD
MENGGANGU	NORM_1WORD
AKTIVITAS	NORM_1WORD
ANDA	NORM_1WORD
YU	NORM_1WORD
MULAI	NORM_1WORD
KONSUL	NORM_1WORD
SAMA	NORM_1WORD
AHLINYA	NORM_1WORD
MASALAH	NORM_1WORD
KEWANITAAN	NORM_1WORD
PENGALAM	NORM_1WORD
BERTAHUN	NORM_1WORD
TAHUN	NORM_1WORD
ONLY@CARASEHATID	NORM_1WORD
CP	NORM_1WORD
5FB2512C.	NORM_1WORD

Subhannallah	NORM_1WORD
?	O
bener	NORM_1WORD
banget	O
mb	NORM_1WORD
@ririzaloebis?	NORM_1WORD
kl	NORM_1WORD
ada	O
yg	NORM_1WORD
gk	NORM_1WORD
bisa	O
ngebedain	NORM_1WORD
antara	O
nasehat	O
dan	O
ngurusin	NORM_1WORD
orang	O
ya	O
susah	O
juga	O
sih	O
mb	NORM_1WORD
Hehehe....	NORM_1WORD
sesama	O
muslimah	O
memang	O
lebih	O
baik	O
mengingatkan	O
sebelum	O
semuanya	O
terlambat	O
dan	O
menyesal	O
diakhir	O
cerita	O
?	O

Mirip	NORM_1WORD
El....	NORM_1WORD
cantik	O
bgt	NORM_1WORD
mbaaass	NORM_1WORD

Loh	NORM_1WORD
kok	O
gtu	NORM_1WORD
si	NORM_1WORD

Aku	NORM_1WORD
kra	NORM_1WORD
bantal	O
@ratihdwitya	NORM_1WORD

GA	NORM_1WORD
NYANGKA	NORM_1WORD
BANGET	NORM_1WORD
KEPUTUSAN	NORM_1WORD
AKU	NORM_1WORD
BUAT	NORM_1WORD
BELI	NORM_1WORD
ALAT	NORM_1WORD
PEMBESAR	NORM_1WORD
PAYUDARA	NORM_1WORD
MHCA	NORM_1WORD
DI@QUEEN_BEAUTY_NATURAL	NORM_1WORD
SEBULAN	NORM_1WORD
YANG	NORM_1WORD
LALU	NORM_1WORD
TERNYATA	NORM_1WORD
JADI	NORM_1WORD
KEPUTUSAN	NORM_1WORD
YANG	NORM_1WORD
PALING	NORM_1WORD
TEPAT	NORM_1WORD
!!	O
AWALNYA	NORM_1WORD
SIH	NORM_1WORD
AKU	NORM_1WORD
RAGU	NORM_1WORD
TAPI	NORM_1WORD
TERNYATA	NORM_1WORD
SETELAH	NORM_1WORD
PAKE	NORM_1WORD
SELAMA	NORM_1WORD
30	O
HARI	NORM_1WORD
AKU	NORM_1WORD
UKUR	NORM_1WORD
LAGI	NORM_1WORD
PAYUDARA	NORM_1WORD
AKU	NORM_1WORD
YANG	NORM_1WORD
TADINYA	NORM_1WORD
32	O
SEKARANG	NORM_1WORD
JADI	NORM_1WORD
36B	NORM_1WORD
BENERAN	NORM_1WORD
SERIUS	NORM_1WORD
DEH	NORM_1WORD
!!!	O
KAMU	NORM_1WORD
HARUS	NORM_1WORD
COBA	NORM_1WORD
JUGA	NORM_1WORD
NIH	NORM_1WORD
HUB	NORM_1WORD
ADMINNYA	NORM_1WORD
DI	NORM_1WORD
BBM	NORM_1WORD
PIN:	NORM_1WORD
5D885B1C.	NORM_1WORD

wewww	NORM_1WORD
@laspoets	NORM_1WORD

Cieeeee...	NORM_1WORD
Kuenya	NORM_1WORD
@marcelchandra	NORM_1WORD
sukaaa...	NORM_1WORD
Pdhal	NORM_1WORD
dah	NORM_1WORD
takuttt	NORM_1WORD
tuh..	O
Hahahahaaa	NORM_1WORD
@deasypriscilla	NORM_1WORD
???	O

Alkhamdulilah,	NORM_1WORD
selamat	O
kak	O
vidi,	O
semoga	O
kedepannya	O
memperoleh	O
pencapaian	O
yang	O
lebih	O
baik	O
lagi...	O

Happy	NORM_1WORD
anniversary	O
yaaa...	NORM_1WORD
||	O
jadi	O
pengen	NORM_1WORD
seromantis	O
itu	O

Bangeett	NORM_1WORD
??	O
@antynovia	NORM_1WORD

ah	O
byk	NORM_1WORD
x	NORM_1WORD
critamu,	NORM_1WORD
kw	NORM_1WORD
urus	O
ja	NORM_1WORD
dl	NORM_1WORD
isis	O
tu	NORM_1WORD
tol,	O
kl	NORM_1WORD
dh	NORM_1WORD
bres	NORM_1WORD
agama	O
mu	O
ku	O
akui	O
agama	O
mu.	O
cmkn	NORM_1WORD
tu	NORM_1WORD

Kakak	NORM_1WORD
milla	O
cantik	O
banget	O
kalau	O
pakek	NORM_1WORD
jilbab	O
sayang	O
nya	O
non	O
muslim	O

Lo	NORM_1WORD
semua	O
bisax	NORM_1WORD
cmn	NORM_1WORD
nyerocos	NORM_1WORD
aja	NORM_1WORD
emang	NORM_1WORD
hidup	O
lo	O
uda	NORM_1WORD
pada	O
bener	NORM_1WORD
apa	O
ngapain	NORM_1WORD
ngefollow	O
marshanda	O
klo	NORM_1WORD
kalian	O
cmn	NORM_1WORD
mw	NORM_1WORD
ngatain	NORM_1WORD
marshanda	O
kampungan	O
amat	O

wado	NORM_1WORD
ini	O
mah	O
fat	O
sama	O
ade	NORM_1WORD
@fathinasma	NORM_1WORD
@nauraqila	NORM_1WORD

22nya	NORM_1WORD
cantik	O
dan	O
suaranya	O
Bagus	NORM_1WORD
?	O

Nyindir	NORM_1WORD
bgt	NORM_1WORD
ya	O
bun	O
hahaha..yg	NORM_1WORD
onoh	NORM_1WORD
drama	O

Payudara	NORM_1WORD
kendur	O
dan	O
kurang	O
menarik???	O
mungkin	O
anda	O
pun	O
tidak	O
percaya	O
diri	O
dgn	NORM_1WORD
keadaan	O
tersebut,oleh	O
sebab	O
itu	O
solusinya	O
di@KECANTIKAN_SAHABAT_ARTIS	NORM_1WORD
menyedia	O
kan	O
alat	O
PEMBESAR	NORM_1WORD
PAYUDARA	NORM_1WORD
yg	NORM_1WORD
alat	O
tersebut	O
hasilnya	O
hanya	O
dgn	NORM_1WORD
pemakaian	O
kurang	O
dari	O
satu	O
bulan	O
payudara	O
anda	O
akan	O
mengencang	O
dan	O
menarik	O
untuk	O
info	O
silahkan	NORM_1WORD
invite	O
BBM	NORM_1WORD
:	O
5FA808D5	NORM_1WORD
ingat	O
kesempatan	O
tidak	O
datang	O
dua	O
kali	O

@bangkipli.aw	NORM_1WORD
@marhaendra.surya	NORM_1WORD
Besok	NORM_1WORD
aku	O
di	O
BLOK	NORM_1WORD
M	NORM_1WORD
Square	NORM_1WORD
jam	O
19.00	O
kl	NORM_1WORD
ada	O
yg	NORM_1WORD
blm	NORM_1WORD
ntn,	NORM_1WORD
bareng	O
yuk!	O
@ervitarestiaa	NORM_1WORD
@agustinusdcn	NORM_1WORD
@ratnalingg	NORM_1WORD
@niasuseno	NORM_1WORD

@mpokkepo	NORM_1WORD
gw	NORM_1WORD
tau	O
lo	O
muljembut,	O
tongolin	NORM_1WORD
muka	O
lo	O
yg	NORM_1WORD
asli!!!	O
sirik	O
lo	O
ya	O
sm	NORM_1WORD
bunmay?	O
haha	O
perek	O
recahan	O
mimpi	O
jd	NORM_1WORD
artis	O
berkelas.	O
jgn	NORM_1WORD
ngehalu	O
lo	O
ahhh	NORM_1WORD
cabol!	NORM_1WORD

Mulan	NORM_1WORD
cantik	O
dan	O
suaranya	O
tidak	O
dipungkiri.	O
Jahat	NORM_1WORD
n	NORM_1WORD
biadabnya	O
juga	O
tdk	NORM_1WORD
dipungkiri	O
@dianrisdiani21	NORM_1WORD
@bie_ntang97	NORM_1WORD
@	O
Tega	NORM_1WORD
m	NORM_1WORD
gkhianati	NORM_1WORD
Maia	NORM_1WORD
org	NORM_1WORD
yg	NORM_1WORD
bjasa	O
kpd	NORM_1WORD
Mulan	NORM_1WORD
demi	O
hdup	NORM_1WORD
kaya	NORM_1WORD
raya	O
krn	NORM_1WORD
sdh	NORM_1WORD
bosan	O
hdup	NORM_1WORD
miskin	O
dg	NORM_1WORD
ayahnya	O
Tiara	NORM_1WORD
Dafi.	NORM_1WORD
Tapi	NORM_1WORD
yg	NORM_1WORD
dipetik	O
Mulan	NORM_1WORD
skr	NORM_1WORD
tiap	O
hr	NORM_1WORD
dihujat	O
sp	NORM_1WORD
Tiara	NORM_1WORD
Dafi	NORM_1WORD
depresi.	O
Itu	NORM_1WORD
pljaran	NORM_1WORD
utk	NORM_1WORD
org	NORM_1WORD
lain	O
spy	NORM_1WORD
tdk	NORM_1WORD
mngikuti	NORM_1WORD
klkuan	NORM_1WORD
Mulan	NORM_1WORD
spy	NORM_1WORD
tdk	NORM_1WORD
dihujat	O
n	NORM_1WORD
anak2nya	NORM_1WORD
tdk	NORM_1WORD
terbebani	O
dosa	O
ibunya.	O

@feliciarany	NORM_1WORD
exercise	O
dunk	NORM_1WORD
pasti	O
lose	O
weight.	O
Hahaa	NORM_1WORD

Kalw	NORM_1WORD
beneran	NORM_1WORD
kayak	O
gt	NORM_1WORD
gimana.	NORM_1WORD

Yakin	NORM_1WORD
ndut	NORM_1WORD
@indahelkarim	NORM_1WORD
,psti	NORM_1WORD
penasarn	NORM_1WORD
jg	NORM_1WORD
si	NORM_1WORD
@fatin30	NORM_1WORD

?	O
?	O
?	O
?	O
Langkah	NORM_1WORD
?	O
AMAN	NORM_1WORD
TANPA	NORM_1WORD
EFEKSAMPING,	NORM_1WORD
terbukti	O
dan	O
terjamin	O
kasiatnya	NORM_1WORD
lirik	O
yuk	O
langsung	O
saja	O
invite	O
BBM	NORM_1WORD
;	O
5CCF5874whats	NORM_1WORD
app	O
:	O
081222798256	O
Add	NORM_1WORD
line	O
@eau2931e	NORM_1WORD
.	O
Yuk	NORM_1WORD
order	O
:)	O
?	O
O?KIR	NORM_1WORD
?	O
?R???	NORM_1WORD
BESAR	NORM_1WORD
BESARAN	NORM_1WORD
?	O

Tuh	NORM_1WORD
baru	O
15tahun,	O
kan	O
masih	O
bocah!!	O
Seumuran	NORM_1WORD
anak	O
smp!!	NORM_1WORD
Tapi	NORM_1WORD
lagaknya	O
macam	O
suami	O
istri,kalian	O
memberi	O
contoh	O
buruk	O
pada	O
anak"	NORM_1WORD
indonesia!!!	O

Ihh,comel	NORM_1WORD
betul	O
la.....	NORM_1WORD

Tifanny	NORM_1WORD
udh	NORM_1WORD
unfollow	O
ka	NORM_1WORD
raisa	O

Masya	NORM_1WORD
Allah	NORM_1WORD
umur	O
brapa	NORM_1WORD
sihh	NORM_1WORD
bunda	O
????	O

Keren	NORM_1WORD
nih	O
tmpt	NORM_1WORD
..	O

Kali	NORM_1WORD
ini	O
nontonx	NORM_1WORD
ga	NORM_1WORD
perlu	O
pake	NORM_1WORD
bolos	O
sekolah	O
buat	O
ngantri	NORM_1WORD
bli	NORM_1WORD
tiket..	O
Tp	NORM_1WORD
ga	NORM_1WORD
ada	O
8	O
org	NORM_1WORD
gebetan	O
lg	NORM_1WORD
yg	NORM_1WORD
nraktir	NORM_1WORD
nonton	NORM_1WORD
sbnyak	NORM_1WORD
8	O
kali..	O
Penasaraaann	NORM_1WORD
ga	NORM_1WORD
sabar	O
liat	NORM_1WORD
kak	O
@therealdisastr	NORM_1WORD
????	O

PUCING	NORM_1WORD
PALA	NORM_1WORD
ABANG	NORM_1WORD
NENG??	NORM_1WORD

Cantiik2	NORM_1WORD
dech	NORM_1WORD

Balikan	NORM_1WORD
gituuu	NORM_1WORD
?	O

SAYA	NORM_1WORD
SERING	NORM_1WORD
NGERASA	NORM_1WORD
KECEWA	NORM_1WORD
OLEH	NORM_1WORD
PRODUK	NORM_1WORD
DARI	NORM_1WORD
OL-SHOP	NORM_1WORD
LAEN,	NORM_1WORD
TAPI	NORM_1WORD
SETELAH	NORM_1WORD
SAYA	NORM_1WORD
COBA	NORM_1WORD
DI@WOMANBEAUTY.CARE	NORM_1WORD
KEKECEWAAN	NORM_1WORD
ITU	NORM_1WORD
HILANG,	NORM_1WORD
KARENA	NORM_1WORD
PRODUK	NORM_1WORD
PEMBESAR	NORM_1WORD
PAYUDARA	NORM_1WORD
DARI@WOMANBEAUTY.CARE	NORM_1WORD
ITU	NORM_1WORD
THRUSTED	NORM_1WORD
BANGET,	NORM_1WORD
SELAMA	NORM_1WORD
3	O
MINGGU	NORM_1WORD
SAYA	NORM_1WORD
PAKAI,	NORM_1WORD
DAN	NORM_1WORD
HASILNYA	NORM_1WORD
SANGAT	NORM_1WORD
KEREN	NORM_1WORD
SEKALI	NORM_1WORD
LOH,	NORM_1WORD
KALIAN	NORM_1WORD
JUGA	NORM_1WORD
MAU??	NORM_1WORD
NIH	NORM_1WORD
AKU	NORM_1WORD
KASIH	NORM_1WORD
PIN	NORM_1WORD
D30054B4	NORM_1WORD
whatsapp	O
082240956605	O

Lucu	NORM_1WORD
banget	O
kaj	NORM_1WORD

Malah	NORM_1WORD
aku	O
ik	O
:v	O
@dhesta21_	NORM_1WORD
itu	O
kan	O
sodaramu	O
yg	NORM_1WORD
terpisah	O
selama	O
10	O
taun	NORM_1WORD
to	NORM_1WORD
dhes	O
@shelmasalsabila	NORM_1WORD

Misterius....	NORM_1WORD
Satupunn	NORM_1WORD
gak	NORM_1WORD
ada	O
photo	O
yg	NORM_1WORD
motret...	NORM_1WORD
Subhanallah......	NORM_1WORD
@nicholassaputra	NORM_1WORD
?	O

Lucu	NORM_1WORD
merekaaaa	NORM_1WORD
@odywoody	NORM_1WORD

Subhanallah..ka	NORM_1WORD
@dewisandra	NORM_1WORD
cantik	O
banged..persis	NORM_1WORD
kaya	NORM_1WORD
barbie	O
??	O

Aakkk	NORM_1WORD
stalking	O
again	O
n	NORM_1WORD
again	O
trs	NORM_1WORD
dan	O
trs	NORM_1WORD
nyampe	NORM_1WORD
sini	O
lagi	O
dan	O
lagi	O
??????	O
@muz_ayu	NORM_1WORD
g	NORM_1WORD
bosen	NORM_1WORD
liatnya	NORM_1WORD

Pantes	NORM_1WORD
lho	O
Kak	NORM_1WORD
jadi	O
islam,tapi	O
kakak	O
emang	NORM_1WORD
kris	O
ten	O
ya	O
tetep	NORM_1WORD
lurusin	NORM_1WORD
agamanya	O
ya	O
kak	O

Kalian	NORM_1WORD
ber2	NORM_1WORD
cocok	O
banget..	O
Serasi	NORM_1WORD
deh??	O

Semoga	NORM_1WORD
aku	O
umur	O
15	O
atau	O
14	O
kek	NORM_1WORD
gini	NORM_1WORD
amin	O
ya	O
we??	O
@verenmarshandaa	NORM_1WORD
@rentyrahmadani	NORM_1WORD

Wow	NORM_1WORD
masih	O
15thn	O
?	O

HAHAH	NORM_1WORD
nonton	NORM_1WORD
sampe	NORM_1WORD
akhir!!	O
@ablatgade	NORM_1WORD

Dua	NORM_1WORD
diva	O
niyyyyhhhh	NORM_1WORD

Nau,apa	NORM_1WORD
sih	O
yang	O
ingin	O
kamu	O
bagiin	NORM_1WORD
ke	O
temannaura	O
atas	O
terimakasihnya...?	O
Nau,apa	NORM_1WORD
yang	O
bikin	O
kamu	O
bangga	O
sama	O
temannaura...?	O
#nauraQnA	NORM_1WORD

Aku	NORM_1WORD
maluu	NORM_1WORD
banget	O
sama@dr.elsik.herbal	NORM_1WORD
,	O
dulu	O
saya	O
sempet	NORM_1WORD
DC	NORM_1WORD
bbm	O
nya	O
karna	NORM_1WORD
aku	O
gk	NORM_1WORD
percaya	O
sama	O
sekali	O
sama	O
produknya,	O
tapi	O
pas	O
saya	O
invite	O
lagi	O
dan	O
cobaaaa	NORM_1WORD
produknya	O
,	O
ngerii	NORM_1WORD
banget	O
perubahannya,masa	O
cuma	O
dalam	O
waktu	O
7	O
hari	O
kulit	O
aku	O
jadi	O
putih	O
waw	NORM_1WORD
bangett	NORM_1WORD
dehhh	NORM_1WORD
gak	NORM_1WORD
akn	NORM_1WORD
nyesel	NORM_1WORD
:),kalian	O
coba	O
cepetan	NORM_1WORD
jangan	O
mau	O
kalah	O
sama	O
aku	O
cek	O
aja	NORM_1WORD
langsung	O
ig	O
nya@dr.elsik.herbal	NORM_1WORD
ga	NORM_1WORD
akan	O
nyesel	NORM_1WORD
aku	O
udah	NORM_1WORD
buktiin	NORM_1WORD
sekarang	O
giliran	O
kalian	O
:)	O

Mas	NORM_1WORD
bram	O
masyaAllah	NORM_1WORD
ntar	NORM_1WORD
suami	O
gua	O
gitu	NORM_1WORD
nis	O
tenang	O
ae	NORM_1WORD
wkwk	O
@annisadas	NORM_1WORD

??	O
kapan	O
para	O
pria	O
cuek	O
ini	O
bisa	O
jadi	O
kaya	NORM_1WORD
gini	NORM_1WORD
@xx.cyn0607ssie	NORM_1WORD

YaAlloh	NORM_1WORD
kasian	NORM_1WORD
banget	O
bayinya	O
udah	NORM_1WORD
dikata2in	NORM_1WORD
?	O

doain	O
yaa??	NORM_1WORD
@annisaaulfa	NORM_1WORD

Oke	NORM_1WORD
kak	O
dtunggu	NORM_1WORD
kok	O
:))	O
@karinasalim	NORM_1WORD

Cha"	NORM_1WORD
perlu	O
banyak	O
diingatkan...tp	NORM_1WORD
dgn	NORM_1WORD
klmbutan,cha	NORM_1WORD
jgn	NORM_1WORD
salah	O
jalan	O
cha	O
gw	NORM_1WORD
pgn	NORM_1WORD
lo	O
yg	NORM_1WORD
dlu	NORM_1WORD

Gantenggg	NORM_1WORD

Ya	NORM_1WORD
ampunnnnn.ka	NORM_1WORD
?	O
Cantik	NORM_1WORD
bgt	NORM_1WORD
kmu	NORM_1WORD

Sukam	NORM_1WORD
sama	O
safea	O
tapi	O
ngga	NORM_1WORD
suka	O
sm	NORM_1WORD
mamanya	O
maaf	O
yach	NORM_1WORD
ngga	NORM_1WORD
tau	O
kenapa	O
ngga	NORM_1WORD
suka	O
banget	O
sm	NORM_1WORD
mamanya	O
padahal	O
dulu	O
ngefans	NORM_1WORD
banget	O
wkt	NORM_1WORD
di	O
ratu...	O

Follback	NORM_1WORD
dongg	NORM_1WORD
kakk	NORM_1WORD
@mischach	NORM_1WORD

Fake	NORM_1WORD
Account	NORM_1WORD
ini	O
yang	O
bener	NORM_1WORD
@_officialjkt48	NORM_1WORD

Keluarin	NORM_1WORD
m4	O

Pdhl	NORM_1WORD
udh	NORM_1WORD
pcrn	NORM_1WORD
tahun2	NORM_1WORD
nan	O
tp	NORM_1WORD
gk	NORM_1WORD
jodoh	O
ya,,,	O

Aq	NORM_1WORD
mau	O
jacketnya	O
donk	NORM_1WORD

Cantikan	NORM_1WORD
bunda	O
@maiaestiantyreal	NORM_1WORD
bgt....	NORM_1WORD

Teteh	NORM_1WORD
mkn	NORM_1WORD
cantik	O
pake	NORM_1WORD
hijab	O
?	O

Cantik	NORM_1WORD
bgt	NORM_1WORD
icha	O

bangga	O
lah	O
menjadi	O
warga	O
dki	O
jkt	NORM_1WORD
dan	O
punya	O
pemimpin	O
seperti	O
pak	O
ahok......jakarta	O
memang	O
butuh	O
pemimpin	O
kayak	O
pak	O
ahok....jakarta	O
banyak	O
mafia	O
anggaran...go	O
go	O
go	O
ahok	O

Blh	NORM_1WORD
plk	O
x	NORM_1WORD
pkai	NORM_1WORD
tudung	O
blik...haiya	NORM_1WORD

Bulu	NORM_1WORD
Mata	NORM_1WORD
astagaaaa	NORM_1WORD

Romantis...	NORM_1WORD
pengin	O
suatu	O
saat	O
nanti	O
foto	O
sama	O
suami	O
seperti	O
ini...	O
mauuuuu....	NORM_1WORD

Amiend	NORM_1WORD
ya	O
Allah	NORM_1WORD

wihh	NORM_1WORD
gara-gara	O
aku	O
pakai	O
www.regram.net	O
sekarang	O
followers	O
aku	O
semakin	O
banyak	O
loh	O
semua	O
nya	O
hanya	O
di	O
www.regram.net	O

Uhhh.....its	NORM_1WORD
beautiful.....	O

Ni	NORM_1WORD
elahh	NORM_1WORD
@nabil.aak	NORM_1WORD

Emang	NORM_1WORD
beneran	NORM_1WORD
ini,nnti	NORM_1WORD
editannn	NORM_1WORD

Alhamdulillah....	NORM_1WORD
semoga	O
istiqomah	NORM_1WORD
ya	O
mba,	NORM_1WORD
salut	O
sama	O
mba	NORM_1WORD
rina..	O
berani	O
berubah	O
dan	O
berhijrah,	O
sampai	O
foto2nya	NORM_1WORD
sebelum	O
pakai	O
jilbab	O
ga	NORM_1WORD
tanggung2	NORM_1WORD
dihapus	O
semua	O
??@rinanose16	NORM_1WORD

Tak	NORM_1WORD
caya	NORM_1WORD
kali:p	O
@likamalika_n	NORM_1WORD

Suka	NORM_1WORD
bgt	NORM_1WORD
sama	O
postingan	O
luna	O
yg	NORM_1WORD
ini..persahabatan..	O
Real	NORM_1WORD
best	O
friend	O

makin	O
cantik	O
kk	NORM_1WORD
:-)	O
@rinanose16	NORM_1WORD

Pgin	NORM_1WORD
fto	NORM_1WORD
studio	O
gini	NORM_1WORD
put	O
heee	O
@utamputri	NORM_1WORD

<--	O
PAYUNGPELANGI	NORM_1WORD
3DIMENSI..	NORM_1WORD
PayungCantikBikinKitaMakinCantik	NORM_1WORD
.	O
Ajaib	NORM_1WORD
bisa	O
MUNCUL	NORM_1WORD
MOTIF	NORM_1WORD
bunga	O
kalo	NORM_1WORD
kena	O
air	O
hujan..	O
Pokonya	NORM_1WORD
CANTIK	NORM_1WORD
and	O
Lucuu	NORM_1WORD

Hi	NORM_1WORD
sis,	O
Aku	NORM_1WORD
dari	O
AccessorizeID	NORM_1WORD
and	O
i'm	NORM_1WORD
such	O
a	O
big	O
fan	O
of	O
you.	O
Aku	NORM_1WORD
mau	O
tanya	O
kalo	NORM_1WORD
aku	O
boleh	O
endorse	O
for	O
u.	NORM_1WORD
Pls	NORM_1WORD
line	O
me	O
yah	NORM_1WORD
at	O
Accessorize_id	NORM_1WORD
:)	O
Thankyou	NORM_1WORD

@nuruldhimas	NORM_1WORD
bun	O
mau	O
yg	NORM_1WORD
kyk	NORM_1WORD
gini..	NORM_1WORD
Yg	NORM_1WORD
mana	O
aja	NORM_1WORD
boleh	O
dah..	NORM_1WORD
Bungkusin	NORM_1WORD
atu..	NORM_1WORD

Buat	NORM_1WORD
sista&agan	O
yg	NORM_1WORD
mau	O
langsing,	O
tinggi,	O
wajah	O
mulus,	O
kulit	O
putih	O
bersinar,	O
yukk	NORM_1WORD
cek	O
ig@istanahealth.care	NORM_1WORD
aku	O
punya	O
solusinya	O
semua	O
terbuat	O
dr	NORM_1WORD
bahan	O
herbal	O
alami	O
..	O
invite	O
:	O
D280F617	NORM_1WORD
/whatsapp	O
082220522227	O
(BIG	NORM_1WORD
PROMO+FREE	NORM_1WORD
ONGKIR)	NORM_1WORD

Mba	NORM_1WORD
KD	NORM_1WORD
lengkap.anak	O
nya	O
cantik	O
dn	NORM_1WORD
ganteung.	NORM_1WORD

Senyum	NORM_1WORD
nya	O
kyak	NORM_1WORD
si	NORM_1WORD
@igarolesyaputry	NORM_1WORD

Kak	NORM_1WORD
cooooooocok	NORM_1WORD
klw	NORM_1WORD
pkk	NORM_1WORD
hijab	O
kak	O
mila	O

ini	O
boleh	O
jg	NORM_1WORD
ya?	O
@dyzkafadela	NORM_1WORD
oke	O
jerewi	NORM_1WORD
nanti	O
ilang	NORM_1WORD
haha	O

Kk	NORM_1WORD
,	O
aku	O
tantang	O
kk	NORM_1WORD
nyanyi	O
di	O
ig	O
..	O
Mau	NORM_1WORD
y	NORM_1WORD
kak	O
!!	O
Biar	NORM_1WORD
smua	NORM_1WORD
tau	O
bakat	O
kk	NORM_1WORD
tu	NORM_1WORD
di	O
sgla	NORM_1WORD
bidang	O
...	O
I	NORM_1WORD
like	O
you	O
kak	O
..	O

Suka	NORM_1WORD
sama	O
squishy	O
ngak?	NORM_1WORD
Alasanya?	NORM_1WORD

@hasiahfebriyanti	NORM_1WORD
besook	NORM_1WORD
ke	O
Korea	NORM_1WORD
ahh	NORM_1WORD
..	O
aq	NORM_1WORD
juga	O
mauu	NORM_1WORD
gtuu	NORM_1WORD
..??	O

Congrats	NORM_1WORD
kak!!	O
Lanjut	NORM_1WORD
S2	NORM_1WORD
ajah	NORM_1WORD
kak	O

Sist	NORM_1WORD
asalnya	O
aku	O
gk	NORM_1WORD
percaya	O
sama	O
produk@DR.ALAMSYAH.HERBAL	NORM_1WORD
yg	NORM_1WORD
katanya	O
bisa	O
memutihkan	O
dan	O
melangsingkan	O
badan,	O
pas	O
aku	O
coba	O
8	O
hari	O
aku	O
pangling	O
sama	O
muka	O
aku,	O
ngerii	NORM_1WORD
bangett	NORM_1WORD
dahh,temen-temen	NORM_1WORD
aku	O
jadi	O
pada	O
ngiri	NORM_1WORD
sampe	NORM_1WORD
orang	O
tua	O
aku	O
aja	NORM_1WORD
pangling	O
banget	O
liat	NORM_1WORD
perubahan	O
tubuh	O
aku	O
jadi	O
lebih	O
sexy	O
dan	O
putih,kalian	O
mau	O
kalah	O
sama	O
aku??	O
pasti	O
ga	NORM_1WORD
akan	O
kan	O
sekarang	O
cek	O
aja	NORM_1WORD
ignya@DR.ALAMSYAH.HERBAL	NORM_1WORD
pasti	O
tubuh	O
kalian	O
bakalan	O
lebih	O
indah	O
:)	O

Om	NORM_1WORD
dhani	O
makin	O
kesini	O
kok	O
wajahnya	O
makin	O
kusem	NORM_1WORD
dan	O
kucel	O
ya	O

Kyk	NORM_1WORD
Q	NORM_1WORD
gingsulnya	O

Wouww	NORM_1WORD
cantiknya	O

Yg	NORM_1WORD
jelas	O
kalian	O
milik	O
aku.	O
Wkwkwk	NORM_1WORD
*mimpi	O

Oiya	NORM_1WORD
Ternyata	NORM_1WORD
dhani	O
bopir	O
yah	NORM_1WORD
(	O
botak	O
pinggir)	O
??,	O
banyak	O
pikiran	O
Apa	NORM_1WORD
Emang	NORM_1WORD
rontok	O
Mas	NORM_1WORD
dhani	O
?	O

@aina.ayu	NORM_1WORD
iya	O
yank.,	NORM_1WORD

Salut	NORM_1WORD
bngt	NORM_1WORD
sma	NORM_1WORD
kak	O
caca..	O

Apa	NORM_1WORD
mksd	NORM_1WORD
mengirimi	O
foto	O
ini,	O
kyne	O
kah	O
kena	O
model	O
seragam	O
kami	O
@ana_rrr29	NORM_1WORD
@rocky_lin	NORM_1WORD

Cantiknyaaa	NORM_1WORD
bikin	O
pgn	NORM_1WORD
ikut	O
hijab..	O
..	O
:)	O
@mutiaraannisa	NORM_1WORD
@gendiswibisana	NORM_1WORD
@vitriiskandar	NORM_1WORD
@keyfalevana	NORM_1WORD
@hanydahirzy	NORM_1WORD

9	O
?@algaeslovania_premiumskincare1	NORM_1WORD
#UTK	NORM_1WORD
WAJAH	NORM_1WORD
JGN	NORM_1WORD
ASAL	NORM_1WORD
PILIH	NORM_1WORD
YAH,,	NORM_1WORD
ALGAE	NORM_1WORD
SLOVENIA	NORM_1WORD
CREAM	NORM_1WORD
WAJAH	NORM_1WORD
YG	NORM_1WORD
BERKWALITAS	NORM_1WORD
DIJAMIN	NORM_1WORD
AMAN	NORM_1WORD
DAN	NORM_1WORD
JELAS	NORM_1WORD
ASAL	NORM_1WORD
USULNYA,,	NORM_1WORD
RACIKAN	NORM_1WORD
DOKTER	NORM_1WORD
DR	NORM_1WORD
SINGAPORE,,	NORM_1WORD
BKN	NORM_1WORD
ASAL	NORM_1WORD
CREAM	NORM_1WORD
PRWTN,,,	NORM_1WORD
AKU	NORM_1WORD
SENDIRI	NORM_1WORD
JG	NORM_1WORD
PAKE	NORM_1WORD
LOH,,	NORM_1WORD
RIBUAN	NORM_1WORD
CUST	NORM_1WORD
AK	NORM_1WORD
JUGA	NORM_1WORD
UDH	NORM_1WORD
PADA	NORM_1WORD
PAKE,,	NORM_1WORD
BYK	NORM_1WORD
YG	NORM_1WORD
UDH	NORM_1WORD
NGEBUKTIIN	NORM_1WORD
HASILNYA.	NORM_1WORD
TERBUKTI	NORM_1WORD
DARI	NORM_1WORD
TESTIMONI	NORM_1WORD
NYA,,	NORM_1WORD
CEK	NORM_1WORD
IG	NORM_1WORD
AKU	NORM_1WORD
YAH,,	NORM_1WORD
TESTIMONI	NORM_1WORD
ASLI	NORM_1WORD
DR	NORM_1WORD
CUST	NORM_1WORD
AK	NORM_1WORD
SENDIRI...	NORM_1WORD
PILIHAN	NORM_1WORD
PRAWATAN	NORM_1WORD
WAJAH	NORM_1WORD
TERBAIK	NORM_1WORD
,ALGAE	NORM_1WORD
SLOVENIA	NORM_1WORD
PREMIUM	NORM_1WORD
SKINCARE	NORM_1WORD
BUKTI	NORM_1WORD
NYATA.	NORM_1WORD
UTK	NORM_1WORD
INFO	NORM_1WORD
LBH	NORM_1WORD
LENGKAP	NORM_1WORD
follow	O
@algaeslovania_premiumskincare1	NORM_1WORD
and	O
info	O
lebih	O
lengkap	O
add	NORM_1WORD
my	O
pin	O
5e3e04f5	O
WA:081210238087	NORM_1WORD

Ingin	NORM_1WORD
menarik	O
disetiap	O
penampilanmu?	O
Lengkapi	NORM_1WORD
dengan	O
barang2	NORM_1WORD
custom	O
dari	O
droplets_solo.	O
Semua	NORM_1WORD
dari	O
kulit	O
asli	O
berkualitas,	O
mulai	O
dari	O
gelang	O
kulit,	O
sabuk,	O
strap	O
jam,	O
id	O
card,	O
dompet	O
sampai	O
tas.	O
Bisa	NORM_1WORD
pesan	O
sesuai	O
seleramu.	O
Check	NORM_1WORD
it	NORM_1WORD
out	O
>>>	O
droplets_solo	O

Aduuhhh	NORM_1WORD
kakak	O
kakak	O
ku	O
wkwkk	O

Itu	NORM_1WORD
botak	O
bnrn	NORM_1WORD
dan	O
skrg	NORM_1WORD
pake	NORM_1WORD
week	NORM_1WORD

Ciieeeeeee?	NORM_1WORD
HBD	NORM_1WORD
my	O
sweatheart	O
??	O
@marcelchandra	NORM_1WORD

Cuaantik	NORM_1WORD

1	O
jam	O
setengah	O
lg	NORM_1WORD
GA	NORM_1WORD
nya	O
akan	O
ditutup!!Buruan	NORM_1WORD
ikutan	O
GA	NORM_1WORD
nya	O
@hadiblacksite	NORM_1WORD
hadiahnya	O
banyak	O
dan	O
menarik	O
rulesya	O
jg	NORM_1WORD
gampang	O
ayo	O
sebelum	O
dituutup	NORM_1WORD

Subhanallah,	NORM_1WORD
kakak	O
cantik	O
bnget..	NORM_1WORD
I	NORM_1WORD
love	O
you	O
kak	O
@fatin30	NORM_1WORD

Bujukk	NORM_1WORD
itu	O
pala	NORM_1WORD
apa	O
bohlam	O
terang	O
bener??	NORM_1WORD

@jaquelinekasna	NORM_1WORD
mayann	NORM_1WORD
mayan	NORM_1WORD

ALAT	NORM_1WORD
PEMBESAR	NORM_1WORD
PAYUDARA	NORM_1WORD
ALAMI,mau	NORM_1WORD
menambah	O
ukuran	O
payudara	O
atau	O
mau	O
mengencangkan	O
payudara	O
?	O
agar	O
bisa	O
menarik	O
perhatian	O
pasangan	O
kamu	O
?	O
yuuuk	NORM_1WORD
cek	O
IG@QUEEN_BEAUTY_NATURAL	NORM_1WORD
atau	O
bisa	O
langsung	O
konsultasi	O
via	O
BBM	NORM_1WORD
PIN:	NORM_1WORD
5E51CC82	NORM_1WORD
.	O

No	NORM_1WORD
dramaa	NORM_1WORD
:v	O

Yampun	NORM_1WORD
taraaaaa,	O
udah	NORM_1WORD
aktingnya	O
paling	O
bisa	O
bgt,	NORM_1WORD
suaranya	O
oke	O
pake	NORM_1WORD
bangettt	NORM_1WORD
pulaa	NORM_1WORD
ckck...	O
kalah	O
sama	O
penyanyi2	NORM_1WORD
beneran	NORM_1WORD
yg	NORM_1WORD
terkadang	O
hanyalah	O
aji	O
mumpung	O
hahaha	O

@erikamulya.28	NORM_1WORD
aku	O
ga	NORM_1WORD
bisa	O
kasar	O
ama.kamu	NORM_1WORD
erika	O
?????	O

Kakak	NORM_1WORD
yang	O
di	NORM_1WORD
undang	NORM_1WORD
ke	NORM_1WORD
ultha	NORM_1WORD
arsy	O
siapa	O
yang	O
idenya	O
ke	O
pakai	O
??	O
@aurelie.hermansyah	NORM_1WORD

S	NORM_1WORD
cinta	O
ini	O
muslim	O
guys	O
mamahnya	O
muslim	O
dia	O
ska	NORM_1WORD
puasa	O
ko..	NORM_1WORD
Pernah	NORM_1WORD
ada	O
d	NORM_1WORD
infoteimen	O

Ini	NORM_1WORD
mbak2	NORM_1WORD
yg	NORM_1WORD
cantik	O
pada	O
pedes	NORM_1WORD
smua	NORM_1WORD
komentnya	NORM_1WORD
???	O

Punya	NORM_1WORD
kaca	O
gk	NORM_1WORD
sih	O
yang	O
pada	O
ngebuli!!!	O
Diri	NORM_1WORD
lu	O
uda	NORM_1WORD
bersih??	O
Fuck	NORM_1WORD
bisa	O
ny	NORM_1WORD
omongin	NORM_1WORD
orang.NGACA	NORM_1WORD
dulu.diri	O
lu	O
pada	O
gk	NORM_1WORD
sesuci	O
anak	O
itu	O
!!!	O

Sexy	NORM_1WORD
bgt	NORM_1WORD
ya....	O
@faza_15	NORM_1WORD

@msyen1211	NORM_1WORD
yg	NORM_1WORD
patut	O
dicontoh	O
ya	O
Nabi	NORM_1WORD
Muhammad	NORM_1WORD
SAW	NORM_1WORD

Aku	NORM_1WORD
suka	O
banget	O
sinetron	O
ini,,sumpah,,,cuma	O
sinetron	O
ini	O
yg	NORM_1WORD
bikin	O
ht	NORM_1WORD
happy,,,,di	O
saat	O
galau,,,,kapany	O
bisa	O
ketemu	O
pemainy,,,,,,	NORM_1WORD

SEPATU	NORM_1WORD
MURAH	NORM_1WORD
DAN	NORM_1WORD
BERKUALITAS	NORM_1WORD
untuk	O
pria/wanita	O
dan	O
anak2.	NORM_1WORD
Yuk	NORM_1WORD
lihat	O
koleksinya	O
sist,	O
gan,	O
cek	O
IG	NORM_1WORD
kita	O
yaaaa	NORM_1WORD

Kak	NORM_1WORD
follback	O
yah	NORM_1WORD
,aku	O
yng	NORM_1WORD
kmrn	NORM_1WORD
di	O
pontianak	O
yang	O
sama	O
bg	NORM_1WORD
rafly	O
di	O
mercure	O
kmrn	NORM_1WORD
@marcelchandra	NORM_1WORD

Keren	NORM_1WORD
kerennnnn	NORM_1WORD

Kak	NORM_1WORD
raissaaa	O
kecantikan	O
paripurnahh	NORM_1WORD
wanitah	NORM_1WORD
indonesiaah	NORM_1WORD
kak	O
???	O
xx	O

Jerapah	NORM_1WORD
kalo	NORM_1WORD
ga	NORM_1WORD
xinga	NORM_1WORD

Raisa	NORM_1WORD
cantik	O
gitu	NORM_1WORD
aja	NORM_1WORD
putus.	O
Apalagi	NORM_1WORD
yang	O
mukanya	O
pas2an	NORM_1WORD
dan	O
sok	O
kepedean...	O

@chiaraaveril_	NORM_1WORD
lu	O
ngapain	NORM_1WORD
ra	O
joget	O
joget	O
di	O
belakang	O

KUNINGGG	NORM_1WORD

Sukaa	NORM_1WORD
wee	O
haha	O
@dindadelfi	NORM_1WORD
@retnowulaandarii	NORM_1WORD

Cocoknya	NORM_1WORD
sma	NORM_1WORD
@_irishbella_	NORM_1WORD
kak	O
@giorgino_abraham	NORM_1WORD
smoga	NORM_1WORD
pacaran	O

Segerrrr	NORM_1WORD
@achy_r	NORM_1WORD

Ini	NORM_1WORD
eskrim	O
taiiii	NORM_1WORD
#diperjelas	NORM_1WORD
@manullangtuit	NORM_1WORD
@rks_95	NORM_1WORD

Kakak	NORM_1WORD
pembina	O
lg	NORM_1WORD
sakit....	O
Sesuatu	NORM_1WORD
yachhh...	NORM_1WORD
???	O

Inilah	NORM_1WORD
bedanya	O
kolom	O
komen	O
insta	O
fi	NORM_1WORD
artis	O
indo	NORM_1WORD
sm	NORM_1WORD
luar	O
negeri?	O
di	O
indo	NORM_1WORD
komennya	O
ttg	NORM_1WORD
pembelaan	O
agama	O
masing2	NORM_1WORD
individu	O
yg	NORM_1WORD
terlihat	O
kyk	NORM_1WORD
kurang	O
pendidikan	O
soal	O
bhineka	O
tunggal	O
ika,	O
kl	NORM_1WORD
di	O
luar	O
negeri	O
rata2	NORM_1WORD
komen	O
semangat	O
buat	O
si	NORM_1WORD
artis	O
itu	O
sendiri	O
tanpa	O
MANDANG	NORM_1WORD
Agama	NORM_1WORD
yg	NORM_1WORD
dianut	O
artis	O
itu	O
sendiri.	O
Netizen	NORM_1WORD
insta,	O
coba	O
lbih	NORM_1WORD
open	O
minded	O
lagi,	O
biar	O
maju	O
negara	O

Engga	NORM_1WORD
eh	O
herey	O
we	O
wkwk	O
@arie_angga96	NORM_1WORD

Bilangin	NORM_1WORD
papa	O
dani	O
dong	O
olahraga..	O
Perut	NORM_1WORD
buncit	O
amit	O

Pasti	NORM_1WORD
akn	NORM_1WORD
slalu	NORM_1WORD
kita	O
dukung	O
da	NORM_1WORD
n	NORM_1WORD
smua	NORM_1WORD
doa	O
yg	NORM_1WORD
terbaik	O
untuk	O
kaka,	NORM_1WORD
semangaatt	NORM_1WORD
trus	NORM_1WORD
yaah	NORM_1WORD
kak	O
@rharyantoracing	NORM_1WORD
???	O

Kak	NORM_1WORD
Kpan	NORM_1WORD
Konser	NORM_1WORD
Di	NORM_1WORD
Surabaya	NORM_1WORD

Terima	NORM_1WORD
kasih	O
yaa@dr.rekti_fashion.kesehatan	NORM_1WORD
?	O
saranmu	O
berhasil	O
dok,	O
akhirnya	O
aku	O
turun	O
10kg	O
dan	O
putihnya	O
seluruh	O
tubuh	O
ini	O
yaa	NORM_1WORD
allah	O
seneng	NORM_1WORD
banget??	O

Lah	NORM_1WORD
elo?	NORM_1WORD
Islam?	NORM_1WORD
Ngerasa	NORM_1WORD
bener?	NORM_1WORD
Ga	NORM_1WORD
berdosa?	O
Jgn	NORM_1WORD
judge	O
agama	O
orang	O
donks.lo	NORM_1WORD
ga	NORM_1WORD
mau	O
kn	NORM_1WORD
agama	O
lo	O
di	O
judge..	O
HAHAHA	NORM_1WORD
@muhammad_ridho_edho	NORM_1WORD

KaFatin	NORM_1WORD
pake	NORM_1WORD
kerudung	O
itu	O
makin	O
imut.?	O
@fatin30	NORM_1WORD

ya	O
ampun	O
lutuna	NORM_1WORD
anak	O
ciapa	NORM_1WORD
itu	O

Sabar	NORM_1WORD
aja	NORM_1WORD
sal	O

Aku	NORM_1WORD
aja	NORM_1WORD
ngakak	NORM_1WORD
??	O
@_amelia_putri	NORM_1WORD

?	O
?????	O
????????	O
?	O
INGIN	NORM_1WORD
TAU	NORM_1WORD
KENAPA	NORM_1WORD
Dewi	NORM_1WORD
Persik,	NORM_1WORD
Julia	NORM_1WORD
Perez,	NORM_1WORD
Nikita	NORM_1WORD
Mirzani,	NORM_1WORD
Aura	NORM_1WORD
Kasih	NORM_1WORD
MEMPUNYAI	NORM_1WORD
PAYUDARA	NORM_1WORD
BESAR	NORM_1WORD
DAN	NORM_1WORD
CANTIK.	NORM_1WORD
YU	NORM_1WORD
CEK	NORM_1WORD
AJA	NORM_1WORD
PAKARNYA@METRO.HERBAL	NORM_1WORD
atau	O
langsung	O
aja	NORM_1WORD
hub	NORM_1WORD
?	O
BBM	NORM_1WORD
PIN:	NORM_1WORD
D19C05BA	NORM_1WORD
?	O
?????	O
????????	O
?	O
INGIN	NORM_1WORD
TAU	NORM_1WORD
KENAPA	NORM_1WORD
dewi	O
persik	O
MEMPUNYAI	NORM_1WORD
PAYUDARA	NORM_1WORD
BESAR	NORM_1WORD
DAN	NORM_1WORD
CANTIK.	NORM_1WORD
YU	NORM_1WORD
CEK	NORM_1WORD
AJA	NORM_1WORD
PAKARNYA@METRO.HERBAL	NORM_1WORD
atau	O
langsung	O
aja	NORM_1WORD
hub	NORM_1WORD
?	O
BBM	NORM_1WORD
PIN:	NORM_1WORD
D19C05BA	NORM_1WORD
?	O
?????	O
????????	O
?	O
INGIN	NORM_1WORD
TAU	NORM_1WORD
KENAPA	NORM_1WORD
dewi	O
persik	O
MEMPUNYAI	NORM_1WORD
PAYUDARA	NORM_1WORD
BESAR	NORM_1WORD
DAN	NORM_1WORD
CANTIK.	NORM_1WORD
YU	NORM_1WORD
CEK	NORM_1WORD
AJA	NORM_1WORD
PAKARNYA	NORM_1WORD
add	NORM_1WORD
langsung	O
aja	NORM_1WORD
hub	NORM_1WORD
?	O
BBM	NORM_1WORD
PIN:	NORM_1WORD
D19C05BA	NORM_1WORD
/	O
WA:	NORM_1WORD
089675232492	O
Aman	NORM_1WORD
bgt	NORM_1WORD
kak..	O
Ga	NORM_1WORD
ada	O
efek	O
samping	O
dan	O
ketergantungan.	O
Udah	NORM_1WORD
dapat	O
sertifikat	O
dan	O
Lolos	NORM_1WORD
uji	O
Lab	NORM_1WORD
juga	O
(y)	NORM_1WORD

YANG	NORM_1WORD
MAU	NORM_1WORD
PENGHASILAN	NORM_1WORD
RATUSAN	NORM_1WORD
RIBU	NORM_1WORD
HINGGA	NORM_1WORD
JUTAAN	NORM_1WORD
TIAP	NORM_1WORD
HARINYA	NORM_1WORD
CEK	NORM_1WORD
IG	NORM_1WORD
Q	NORM_1WORD
YA	NORM_1WORD
KK...	NORM_1WORD

Ada	NORM_1WORD
yang	O
tw	NORM_1WORD
ni	NORM_1WORD
lagu	O
jdulnya	NORM_1WORD
ap	NORM_1WORD
ya???	O

HBD	NORM_1WORD
kakakuuu	NORM_1WORD
?	O
panjang	O
umur,sehat,makin	O
cantik,tambah	O
sukses.	O
Aamiin.	NORM_1WORD
Love	NORM_1WORD
love	O

Ya	NORM_1WORD
allah	O
lucu	O
inget	NORM_1WORD
anak	O
pas	O
baru	O
lahir	O
nangis	NORM_1WORD
kenceng	NORM_1WORD
bnget????	NORM_1WORD

@zena_listiana	NORM_1WORD
semua	O
agama	O
tuh	O
punya	O
kitab	O
suci	O
sendiri!!n	NORM_1WORD
km	NORM_1WORD
suruh	O
semua	O
orang	O
baca	O
quran?gmn	NORM_1WORD
agamanya?but..aku	O
ngak	NORM_1WORD
mau	O
ada	O
yg	NORM_1WORD
marah	O
ato	NORM_1WORD
ribut	O
lah!!!yg	NORM_1WORD
bilang	O
kak	O
Sandra	NORM_1WORD
islam,apakah	O
kalian	O
tau??dia	O
jg	NORM_1WORD
mendirikan	O
gereja	O
di	O
ntt,trus	NORM_1WORD
dia	O
jg	NORM_1WORD
ngeshare	O
tentang	O
Tuhan	NORM_1WORD
pas	O
paskah	O
kan??nah	O
kita	O
kan	O
harus	O
bersatu	O
walau	O
pun	O
ber	O
beda	O
beda...kita	O
percayai	O
saja	O
agama	O
masing	O
masing	O
ok??	O

Cantik	NORM_1WORD
bangeeet	NORM_1WORD
:'v	O

smoga	NORM_1WORD
bahagia	O
selalu.....	O

Serasi	NORM_1WORD
bgt	NORM_1WORD

Cup	NORM_1WORD
cup	O
cup	O
@nindya.auliya	NORM_1WORD
sabar	O
y	NORM_1WORD
istri	O
ke	O
3,	O
gue	O
gk	NORM_1WORD
kenal	O
elo,	NORM_1WORD
utk	NORM_1WORD
apa	O
jg	NORM_1WORD
gue	O
dgr	NORM_1WORD
kata	O
elo,	NORM_1WORD
kalau	O
dia	O
gk	NORM_1WORD
mau	O
punya	O
haters	O
y	NORM_1WORD
gak	NORM_1WORD
usah	O
punya	O
sosmedlah.	O
GITU	NORM_1WORD
AJA	NORM_1WORD
KOK	NORM_1WORD
REPOT,	NORM_1WORD
wkwkwk	O

Sebelum	NORM_1WORD
berhijab	O
aku	O
ga	NORM_1WORD
follow	O
kakak	O
tp	NORM_1WORD
stlh	NORM_1WORD
berhijab	O
aku	O
malah	O
follow	O
soalx	NORM_1WORD
smpt	NORM_1WORD
liat	NORM_1WORD
di	O
salah	O
satu	O
stasiun	O
tv	O
ternyata	O
tambah	O
cantik,	O
istiqomah	NORM_1WORD
ya	O

Aq	NORM_1WORD
paling	O
suka	O
lht	NORM_1WORD
fhoto	NORM_1WORD
baby	O
gempi	O
yg	NORM_1WORD
ini,,????#lucubanget	NORM_1WORD
+	O
imuutt	NORM_1WORD
abizzz?	NORM_1WORD

Hopefully	NORM_1WORD
kak	O
@karinasalim	NORM_1WORD
dapet	NORM_1WORD
cast	O
lagi,seruan	O
mana	O
acting	O
sama	O
nari	NORM_1WORD
balet	O
kak	O
:D	O

Paling	NORM_1WORD
booming	O
dan	O
kekinian...	O
karpet	O
motif	O
dari	O
bahan	O
rasfur	O
atau	O
bahan	O
bulu	O
boneka	O
sangat	O
nyaman	O
dan	O
lembut.	O
gambar	O
dan	O
warna	O
variasi	O
sesuai	O
keinginan.	O
yukk	NORM_1WORD
di	O
order	O
bunda	O
sekarang	O
cocok	O
untuk	O
hadiah	O
dan	O
arisan	O
baraang.	NORM_1WORD

@jasa_hack_fb	NORM_1WORD
kmu	NORM_1WORD
penipuan	O
ya..smoga	NORM_1WORD
dpt	NORM_1WORD
hidiyah..	NORM_1WORD

@claudoci	NORM_1WORD
GAG	NORM_1WORD
USAH	NORM_1WORD
NAWARIN	NORM_1WORD
-__-	O

gak	NORM_1WORD
tau	O
dirinya	O
dimana??	O
jangan	O
pada	O
komen	O
gak	NORM_1WORD
bener	NORM_1WORD
klo	NORM_1WORD
gak	NORM_1WORD
tau	O
yg	NORM_1WORD
sebenernya	NORM_1WORD
mah,	O
udah	NORM_1WORD
kaya	NORM_1WORD
anjing	O
aja	NORM_1WORD
pada	O
ngegonggong	O
gak	NORM_1WORD
tau	O
salahnya	O
apa	O

@aldyprimananda	NORM_1WORD
jangan	O
nyari	NORM_1WORD
debat	O
kata	O
"apa	O
itu	O
perencanaan	O
yg	NORM_1WORD
bagus"	O
bernada	O
sindiran	O

Soalnya	NORM_1WORD
videonya	O
lucuuu	NORM_1WORD
.	O
Biar	NORM_1WORD
rileks	O
dikerjaan	O
??@rizkimukti	NORM_1WORD

Kak	NORM_1WORD
maudy	O
cantik	O
bangett	NORM_1WORD

@aamelela	NORM_1WORD
aminnnnn	NORM_1WORD
??	O

Skrg	NORM_1WORD
pk	NORM_1WORD
hijab	O
kk	NORM_1WORD

@ja.nnice	NORM_1WORD
@khevani_pangalinan	NORM_1WORD
yg	NORM_1WORD
keduaa	NORM_1WORD

Nangis	NORM_1WORD
dah,,	NORM_1WORD
sumpahh	NORM_1WORD

Lu	NORM_1WORD
aja	NORM_1WORD
kali!	O
@sitimasyitah__	NORM_1WORD

hayukk	NORM_1WORD
@firrrra	NORM_1WORD

Gk	NORM_1WORD
mboizzz	NORM_1WORD
muljem	O

Kgn	NORM_1WORD

Pait	NORM_1WORD
pait	NORM_1WORD
pait	NORM_1WORD

Sumpah	NORM_1WORD
actingnyaaa	O
para2	NORM_1WORD
keren	O

Makanya	NORM_1WORD
jangan	O
yg	NORM_1WORD
aneh	O
lu	O
ca....dasar	O
artis	O
sensasi....	O

Tunik	NORM_1WORD
murahhh	NORM_1WORD

kak	O
jessica	O
itu	O
bukan	O
menghina	O
tp	NORM_1WORD
dia	O
menghargai	O
idul	O
fitri	O
makannya	O
cari	O
dulu	O
info	O
jgn	NORM_1WORD
langsung	O
tuduh	O

Allah	NORM_1WORD
memberi	O
hidayah	O
pd	NORM_1WORD
org2	NORM_1WORD
yg	NORM_1WORD
dikehendakiNya	NORM_1WORD
termasuk	O
@rinanose16..	NORM_1WORD

Pasti	NORM_1WORD
yang	O
fotoin	NORM_1WORD
nya	O
ka	NORM_1WORD
@jscmila	NORM_1WORD
ya	O
ngaku	NORM_1WORD
aja	NORM_1WORD
kaaa,	NORM_1WORD
hahahhaaah	O

Good	NORM_1WORD
kk	NORM_1WORD
agnes	O

Pengen	NORM_1WORD
foto	O
kayak	O
gini	NORM_1WORD
@taufikhidayatt	NORM_1WORD

@mhardikaji	NORM_1WORD
pecahhg	NORM_1WORD

Minta	NORM_1WORD
pin	O
nya	O
blh	NORM_1WORD
ga	NORM_1WORD

Foolback	NORM_1WORD
ka	NORM_1WORD
naura..	O
Kaka	NORM_1WORD
cantik	O
plisss	O
dong	O
kaaa	NORM_1WORD

@agricis	NORM_1WORD
kyk	NORM_1WORD
ako	O
:)	O

@riyan_dul	NORM_1WORD
@aprial.nurhaidi	NORM_1WORD
ini	O
ismi	O
yaak?	NORM_1WORD
Hahhahahahahaa	NORM_1WORD

Yg	NORM_1WORD
tengah	O
deasy	O

Amiiiiiiiiiiin	NORM_1WORD
ya	O
allah	O

Jadi	NORM_1WORD
mau	O
ke	O
korea	O
trus	NORM_1WORD
bw	NORM_1WORD
pulang	O
brownya??	O
@angdhona	NORM_1WORD

Suka	NORM_1WORD
lagu2nya	NORM_1WORD
?@nikitawillyofficial94	NORM_1WORD

Asyikkkkk???	NORM_1WORD
@ikaniaputriberliana	NORM_1WORD

Meleleh	NORM_1WORD
ngeliatnya	NORM_1WORD
?	O

Canyk	NORM_1WORD
bukan	O
main	O

Paling	NORM_1WORD
suka	O
sama	O
video	O
inii	NORM_1WORD

Wkwkwk..	NORM_1WORD
minta	NORM_1WORD
@luqik	NORM_1WORD
jiejie	O
@she_margaretta	NORM_1WORD
???	O

Selalu	NORM_1WORD
ngfans	NORM_1WORD
sama	O
mimi	O
@krisdayantilemos	NORM_1WORD
???	O
aku	O
yakinn	NORM_1WORD
suatu	O
saat	O
kita	O
bisa	O
satu	O
pentass.	NORM_1WORD
Haaa	NORM_1WORD
#ngarepbanget	NORM_1WORD

Nggak	NORM_1WORD
cocok	O
,	O
cocokny	NORM_1WORD
sama	O
kinta(	O
@angelagilsha	NORM_1WORD
)	O

Iki	NORM_1WORD
lebih	O
jelase	NORM_1WORD
@oktaviajr	NORM_1WORD

Aku	NORM_1WORD
jg	NORM_1WORD
mau	O
@ghechantika	NORM_1WORD
@gracenitapatricia	NORM_1WORD
@riskaoktavianti	NORM_1WORD
@zhafirarefanza	NORM_1WORD
@nurfadillaar	NORM_1WORD

yg	NORM_1WORD
lme	O
kan??	O
@nur_aqilahkalil	NORM_1WORD

AEH	NORM_1WORD
MATEEEEK	NORM_1WORD
@namira_alfiani	NORM_1WORD

Halahh	NORM_1WORD
luu	NORM_1WORD
komen	O
post	O
aku	O
di	O
line	O
cuk	O
@srisavitriritonga	NORM_1WORD
@sriritonga152	NORM_1WORD
@mindanasution31	NORM_1WORD

Suka	NORM_1WORD
dgn	NORM_1WORD
pemikiran2	O
om	O
adie,sukses	O
trs	NORM_1WORD
om	O
dan	O
selalu	O
memihak	O
pada	O
org2	NORM_1WORD
benar	O
ya	O
om	O

@hadi.niic	NORM_1WORD
kejadian	O
gini	NORM_1WORD
mah	O
biasa,	O
pas	O
foto	O
yg	NORM_1WORD
upload	O
foto	O
ini	O
kelihatan	O
cantik,	O
ga	NORM_1WORD
ngurus	NORM_1WORD
teman	O
fotonya	O
jelek	O
apa	O
ga	NORM_1WORD
di	O
foto.	O
Atau	NORM_1WORD
biar	O
di	O
bully???	O
Biarlah,	NORM_1WORD
jadi	O
bahan	O
bullyan	O
buat	O
org	NORM_1WORD
kayak	O
mas	O
ini.	O
Kan	NORM_1WORD
aneh	O
klo	NORM_1WORD
kd	O
yg	NORM_1WORD
upload	O
foto	O
trus	NORM_1WORD
yg	NORM_1WORD
difoto	O
agnez	O
kelihatan	O
lebih	O
cantik.	O
Hiihiihii.	NORM_1WORD
Pamit	NORM_1WORD
yah	NORM_1WORD
mas,	O
lanjutin	NORM_1WORD
aja	NORM_1WORD
soal	O
keriputnya	O

Selow	NORM_1WORD
lagi	O
proses	O
yaa?	NORM_1WORD
@geareani08	NORM_1WORD

Omg	NORM_1WORD
cantik	O
ngettt	NORM_1WORD
???	O
@ayangnadya	NORM_1WORD

Jgn	NORM_1WORD
terpengaruh	O
dengan	O
komentarnya	O
mereka	O
ka	NORM_1WORD
tetap	O
berpeganggang	O
selalu	O
di	O
agama	O
nya	O
kaka	NORM_1WORD
ya...	O
kaka	NORM_1WORD
bagus	O
sling	NORM_1WORD
peduli	O
sesama	O
orang	O
beragama:)	O

Ini	NORM_1WORD
pasangan	O
ngeselin	NORM_1WORD
banget	O
sumpah...	O
Bkin	NORM_1WORD
iri	O
??	O

Jelas	NORM_1WORD
Safea	NORM_1WORD
dia	O
anak	O
pelacur	O
ga	NORM_1WORD
berkelas,	O
anak	O
garut	O
ga	NORM_1WORD
ada	O
cantik2nya	NORM_1WORD
??????	O

Pengen	NORM_1WORD
dipeluk	O
daddy	O
ya	O
el...sabar	O
ya	O
naaaak...?????	NORM_1WORD

Ternyata	NORM_1WORD
kaka	NORM_1WORD
bener	NORM_1WORD
banget,	O
produk	O
dari@duniaherbalbeauty.id	NORM_1WORD
yg	NORM_1WORD
kaka	NORM_1WORD
saranin	NORM_1WORD
wow	O
banget	O
deh,	O
seluruh	O
tubuh	O
aku	O
jadi	O
putih	O
banget,	O
gak	NORM_1WORD
kusam	O
lagi	O
:)	O

jorok	O
amat	O
sih	O
lo	O
agama	O
nya	O
ap	NORM_1WORD
sih	O
mungkin	O
ajah	NORM_1WORD
baju	O
nya	O
bgt	NORM_1WORD
ke	O
kecilan	O

Haha	NORM_1WORD
kalo	NORM_1WORD
prewedingnya	O
kaya	NORM_1WORD
gini	NORM_1WORD
mah	O
ntar	NORM_1WORD
ressanya	O
minta	NORM_1WORD
ga	NORM_1WORD
ya	O
ti	O
?	O
?	O
@mhmresa	NORM_1WORD
@slstia	NORM_1WORD

Bantu	NORM_1WORD
makup	O
gw	NORM_1WORD
kaya	NORM_1WORD
gini	NORM_1WORD
@xrryte	NORM_1WORD
?	O

Mana	NORM_1WORD
ada	O
lagiiii	NORM_1WORD
@sherlytrst	NORM_1WORD

Tidakkkk	NORM_1WORD
kemuh	NORM_1WORD
da	NORM_1WORD
berubah	O
:(	O
@dg_freya	NORM_1WORD

Udah	NORM_1WORD
coba	O
banyak	O
produk	O
kaya	NORM_1WORD
cream	O
atau	O
minyak"an	NORM_1WORD
gitu	NORM_1WORD
tapi	O
selalu	O
ga	NORM_1WORD
ada	O
hasil?	O
Setelah	NORM_1WORD
coba	O
pake	NORM_1WORD
alat	O
pembesar	O
payudara	O
dari@DR.FAUZI_HERBAL.THERAPY	NORM_1WORD
malah	O
bikin	O
kaget	O
dari	O
32	O
jadi	O
35E	NORM_1WORD
cup	O
nih?	O
Salut	NORM_1WORD
bgt	NORM_1WORD
alatnya	O
gak	NORM_1WORD
nipu?	O
Hub?D04E19DC	NORM_1WORD

@rezaaaaya	NORM_1WORD
Lucu	NORM_1WORD
yaaa	NORM_1WORD
kyk	NORM_1WORD
aku	O
???	O

kereenn	NORM_1WORD
bgt	NORM_1WORD
terharu	O
caca	O
????bangga	O
bgtt	NORM_1WORD
ma	NORM_1WORD
km	NORM_1WORD
@marshanda99	NORM_1WORD

Ini	NORM_1WORD
yang	O
gua	O
mauuuuu	NORM_1WORD
??	O
@raquellyndaf	NORM_1WORD
@nisaaxs	NORM_1WORD

Sukaaaa	NORM_1WORD
@mulyamutawaqqil	NORM_1WORD
@ayumarwanda	NORM_1WORD
@muslahatuljafar	NORM_1WORD
@sucimarfirah	NORM_1WORD

Tetep	NORM_1WORD
cantik	O
ka	NORM_1WORD
@raisa6690	NORM_1WORD
???	O

Ah	NORM_1WORD
nggak	NORM_1WORD
artsy	O
wkwk	O
@missawanda	NORM_1WORD

Mkin	NORM_1WORD
cntk	NORM_1WORD
sj	NORM_1WORD

Teteh	NORM_1WORD
@zahratuljannah	NORM_1WORD
aku	O
baru	O
baca.	O
Doaku,	NORM_1WORD
mudah2an	NORM_1WORD
semua	O
doa2	NORM_1WORD
orang	O
yg	NORM_1WORD
comment	O
dan	O
berdoa	O
buat	O
putranya	O
teteh	O
dan	O
keluarga	O
teteh,	O
dikabulkan	O
oleh	O
Allah	NORM_1WORD
SWT.	NORM_1WORD
Amin	NORM_1WORD
Ya	NORM_1WORD
Rabbal	NORM_1WORD
alamiiiin..	O
Peluk	NORM_1WORD
cium	O
utk	NORM_1WORD
mika	O
dan	O
malik	O
????	O

Padahal	NORM_1WORD
aku	O
kan	O
gak	NORM_1WORD
akan	O
komen	O
yg	NORM_1WORD
jelek	O
jelek	O
.cuma	O
mau	O
liat	NORM_1WORD
liat	NORM_1WORD
foto	O
Ny	NORM_1WORD
aja	NORM_1WORD

Suka	NORM_1WORD
bgt	NORM_1WORD
sm	NORM_1WORD
anak	O
ini...	O
???	O
pinginnn...	NORM_1WORD
@shintanike	NORM_1WORD
@veny_ambar	NORM_1WORD

cantik	O
bgt	NORM_1WORD
ka	NORM_1WORD
achaaa	O
????	O

Anjirrrr	NORM_1WORD
emosi	O
kali	O
liat	NORM_1WORD
foto	O
ini	O
??	O
@cynthia23_	NORM_1WORD

Jadi	NORM_1WORD
manusia	O
tuuu	NORM_1WORD
jgn	NORM_1WORD
bersifat	O
iri	O
dan	O
dengki.	O
Pada	NORM_1WORD
ngurusan	NORM_1WORD
org.	NORM_1WORD
Ngaca	NORM_1WORD
dulu	O
donk	NORM_1WORD

Nanti	NORM_1WORD
juga	O
tau	O
tuhan	O
sebenarnya	O
siapa	O
nanti	O
kiamat	O
nabi	O
isa	O
dateng	NORM_1WORD
ngomong	NORM_1WORD
bahwa	O
allah	O
adalah	O
tuhan	O
nya	O

Haddeh	NORM_1WORD
dek	O
cak	O
lah	O
km	NORM_1WORD
tengok	O
@miftahfurqon1	NORM_1WORD

Tapi	NORM_1WORD
aku	O
udah	NORM_1WORD
lucu	O
sih	O

Oh	NORM_1WORD
my	O
god,	O
klo	NORM_1WORD
masalah	O
agama	O
gk	NORM_1WORD
usah	O
diurusin	NORM_1WORD
keles	NORM_1WORD
yg	NORM_1WORD
penting	O
kita	O
tetap	O
satu.	O
Biarin	NORM_1WORD
aja	NORM_1WORD
dia	O
milih	NORM_1WORD
agamanya	O
ntar	NORM_1WORD
kan	O
TUHAN	NORM_1WORD
juga	O
bukakan	O
pintu	O
hatinya	O
utk	NORM_1WORD
memilih	O
mana	O
agama	O
yg	NORM_1WORD
tepat	O
utk	NORM_1WORD
dia...	O

>>>CANTIK	NORM_1WORD
UDAH<>SEKSI	NORM_1WORD
UDAH<>PAYUDARA	NORM_1WORD
KAMU	NORM_1WORD
BAGAIMANA???	NORM_1WORD
MAU	NORM_1WORD
PAYUDARA	NORM_1WORD
SEHAT	NORM_1WORD
DAN	NORM_1WORD
KENCENG	NORM_1WORD
INFO	NORM_1WORD
ADD	NORM_1WORD
BBM	NORM_1WORD
5E8CA768	NORM_1WORD
CEK@DR.BEAUTYBREAST	NORM_1WORD
OWNER	NORM_1WORD
WANITA	NORM_1WORD
!!	O

Make	NORM_1WORD
up	O
nya	O
baguss	NORM_1WORD
ka???	NORM_1WORD
sirik	O
aku	O
@marlenehariman	NORM_1WORD

@irma_febriyanti	NORM_1WORD
huaa	O
irmaa	O
maafkan	O
baru	O
baca..	O
Terharu	NORM_1WORD
bgt..	NORM_1WORD
Kata	NORM_1WORD
dokter,	O
aku	O
bisa	O
dan	O
harus	O
berharap	O
banyak	O
pd	NORM_1WORD
mika,	O
dia	O
bisa	O
jadi	O
apa	O
aja	NORM_1WORD
yg	NORM_1WORD
dia	O
mau,	O
tp	NORM_1WORD
aku	O
hrs	NORM_1WORD
sabar	O
bgt..	NORM_1WORD
Kalo	NORM_1WORD
anak	O
lain	O
lari	O
dr	NORM_1WORD
satu	O
tempat	O
ke	O
tempat	O
lain	O
perlu	O
waktu	O
30	O
detik,	O
buat	O
mika	O
bisa	O
4-5x	O
lebih	O
lama..	O
Iya	NORM_1WORD
ma,	NORM_1WORD
aku	O
nyesel	NORM_1WORD
bgt	NORM_1WORD
ga	NORM_1WORD
sempet	NORM_1WORD
ketemu	O
sblm	NORM_1WORD
pindah..	O
Thanks	NORM_1WORD
for	O
trusting	O
me,	O
pdhl	NORM_1WORD
aku	O
ngerasa	NORM_1WORD
ga	NORM_1WORD
bantu	O
byk..	NORM_1WORD
Pgnnya	NORM_1WORD
meluk,	NORM_1WORD
tp	NORM_1WORD
ga	NORM_1WORD
bisa..	O
Mudah2an	NORM_1WORD
nanti	O
abis	NORM_1WORD
lebaran	O
bisa	O
ketemu..	O
Be	NORM_1WORD
strong,	O
be	O
patient,	O
u're	NORM_1WORD
a	O
great	O
mom	O
for	O
anei,	O
she	O
is	O
lucky	O
to	NORM_1WORD
have	O
you,	O
you	O
are	O
lucky	O
to	NORM_1WORD
have	O
her..	O
We	NORM_1WORD
miss	O
you	O
a	O
lot!	O
Big	NORM_1WORD
hug	O
and	O
kisses	O
???	O

Kakak	NORM_1WORD
cantik	O
klau	NORM_1WORD
pakek	NORM_1WORD
hijab	O

Ucullllll	NORM_1WORD
@thasyaanandita	NORM_1WORD

biar	O
item	O
ga	NORM_1WORD
akn	NORM_1WORD
hilangv	NORM_1WORD
di	O
hati	O
aku....	O

I	NORM_1WORD
support	O
her	O
?	O
semua	O
orang	O
pernah	O
melakukan	O
kesalahan	O
cuma	O
ada	O
yg	NORM_1WORD
terlihat	O
oleh	O
org	NORM_1WORD
banyak	O
dan	O
ada	O
jga	NORM_1WORD
yg	NORM_1WORD
tak	O
terlihat..	O

YANG	NORM_1WORD
KIRIII	NORM_1WORD
?	O

Slmt	NORM_1WORD
ya	O
k	NORM_1WORD
ruben	O
n	NORM_1WORD
k	NORM_1WORD
wenda..!!!cantik	O
ke	O
mamax.	NORM_1WORD

Subhanallah..	NORM_1WORD
tmbh	NORM_1WORD
cntik	NORM_1WORD
?.	O
Moga	NORM_1WORD
istiqomah	NORM_1WORD
teh	O
@rinanose16	NORM_1WORD

Ayoooo	NORM_1WORD
@vienaparamitha	NORM_1WORD
...	O
Harus	NORM_1WORD
nonton	NORM_1WORD
...	O
Sekarang	NORM_1WORD
udah	NORM_1WORD
gaya	O
nii	NORM_1WORD
nontonya	NORM_1WORD
k	NORM_1WORD
bioskop,,kl	NORM_1WORD
dulu	O
nunggu	NORM_1WORD
dpt	NORM_1WORD
vcd,wkkwkk..	O

Kdg	NORM_1WORD
nyesel	NORM_1WORD
knp	NORM_1WORD
baru	O
skrg	NORM_1WORD
baru	O
ngerasa	NORM_1WORD
kehadiran	O
Maudy,semangatdan	NORM_1WORD
prinsip	O
pendidikanmu	O
nular	O
sampai	O
sini	O
mod	O
jadi	O
semangat	O
walaupun	O
skrg	NORM_1WORD
kuliah	O
busa	O
dibilang	O
banyak	O
kebagi	NORM_1WORD
fokus	O
:)	O

Eh	NORM_1WORD
ada	O
@ghessawarsana	NORM_1WORD
.	O
Eeeehhhh	NORM_1WORD

Miss	NORM_1WORD
you	O
kak	O
olga...	O
smoga	NORM_1WORD
kak	O
tnang	NORM_1WORD
di	O
sana	O

jos	O
temen	NORM_1WORD
yuu??	NORM_1WORD

GA	NORM_1WORD
NYANGKA	NORM_1WORD
BANGET	NORM_1WORD
KEPUTUSAN	NORM_1WORD
AKU	NORM_1WORD
BUAT	NORM_1WORD
BELI	NORM_1WORD
ALAT	NORM_1WORD
PEMBESAR	NORM_1WORD
PAYUDARA	NORM_1WORD
MHCA	NORM_1WORD
DI@HERBALINDOSEHAT_	NORM_1WORD
SEBULAN	NORM_1WORD
YANG	NORM_1WORD
LALU	NORM_1WORD
TERNYATA	NORM_1WORD
JADI	NORM_1WORD
KEPUTUSAN	NORM_1WORD
YANG	NORM_1WORD
PALING	NORM_1WORD
TEPAT	NORM_1WORD
!!	O
AWALNYA	NORM_1WORD
SIH	NORM_1WORD
AKU	NORM_1WORD
RAGU	NORM_1WORD
TAPI	NORM_1WORD
TERNYATA	NORM_1WORD
SETELAH	NORM_1WORD
PAKE	NORM_1WORD
SELAMA	NORM_1WORD
30	O
HARI	NORM_1WORD
AKU	NORM_1WORD
UKUR	NORM_1WORD
LAGI	NORM_1WORD
PAYUDARA	NORM_1WORD
AKU	NORM_1WORD
YANG	NORM_1WORD
TADINYA	NORM_1WORD
32	O
SEKARANG	NORM_1WORD
JADI	NORM_1WORD
36B	NORM_1WORD
BENERAN	NORM_1WORD
SERIUS	NORM_1WORD
DEH	NORM_1WORD
!!!	O
KAMU	NORM_1WORD
HARUS	NORM_1WORD
COBA	NORM_1WORD
JUGA	NORM_1WORD
NIH	NORM_1WORD
HUB	NORM_1WORD
ADMINNYA	NORM_1WORD
DI	NORM_1WORD
BBM	NORM_1WORD
572EC80B.	NORM_1WORD

@raisa6690	NORM_1WORD
kaka	NORM_1WORD
kulit	O
aku	O
sama	O
kaya	NORM_1WORD
kaka	NORM_1WORD
,	O
sama	O
sama	O
putih,	O
aku	O
juga	O
pake	NORM_1WORD
produkl@DR.NATASYA_TUBUHIDEAL	NORM_1WORD
gak	NORM_1WORD
nyesel	NORM_1WORD
deh	O
ka	NORM_1WORD
:)	O

Sebenarnya	NORM_1WORD
sama	O
antara	O
puji	O
tuhan	O
sama	O
alhamdulillah,	O
sama	O
artinya	O
beda	O
bahasa	O
arab,	O
sm	NORM_1WORD
bahasa	O
indo,,	NORM_1WORD
but	O
di	O
lafalz	O
alhamdulillah	O
itu	O
ada	O
lafalz	O
Allah,,	NORM_1WORD
"segala	O
puji	O
bagi	O
Allah"	NORM_1WORD
jelas	O
buat	O
orang	O
muslim,,	O
Nahhh	NORM_1WORD
kalo	NORM_1WORD
puji	O
tuhan,,??	O
Tuhan	NORM_1WORD
yg	NORM_1WORD
mana	O
yg	NORM_1WORD
kau	O
puji	O
dan	O
kau	O
muliakan??	O
Ambigu	NORM_1WORD
jadinya	O
Bener	NORM_1WORD
gak	NORM_1WORD
@indriwulan_np	NORM_1WORD

Kek	NORM_1WORD
gua	O
hahahaha	O
@mutiaranovashadiqah	NORM_1WORD

Sabar	NORM_1WORD
ya	O
mbak	O
mulan.....	O
Gk	NORM_1WORD
da	NORM_1WORD
kok	O
manusia	O
yg	NORM_1WORD
sempurna	O
n	NORM_1WORD
g	NORM_1WORD
prnh	NORM_1WORD
berbuat	O
salah....	O
tetep	NORM_1WORD
semangat	O
ya	O
mbak....	O
??	O

15	O
th	NORM_1WORD
cau,	O
ktp	O
aja	NORM_1WORD
belum	O
punya	O
pacaranya	NORM_1WORD
udah	NORM_1WORD
luarbiasa..	O
Kalah	NORM_1WORD
ngana	O
@desihanarumi	NORM_1WORD

Men,ni	NORM_1WORD
beneran	NORM_1WORD
klasik	O
ni	NORM_1WORD
banyolannya	O
???	O
@aingmacan_	NORM_1WORD

I	NORM_1WORD
like	O
it	NORM_1WORD
@rinanose16	NORM_1WORD
dlm	NORM_1WORD
proses	O
hijrah	O
nya	O
?	O
tampil	O
lebih	O
cantik	O
dengan	O
hijab	O
nya.	O

Dr	NORM_1WORD
kecil	O
emg	NORM_1WORD
udh	NORM_1WORD
cakep	O
nikita	O
mah	O
...	O

Widihh	NORM_1WORD
keren	O
ya	O
dutt	O
@nunnazharaa_	NORM_1WORD

IYHA	NORM_1WORD
KAN	NORM_1WORD
HAHAHA	NORM_1WORD
@sarahharimurti	NORM_1WORD
@jyotinarayani	NORM_1WORD
@chiandr.a	NORM_1WORD

@hokyintan	NORM_1WORD
kereeen	NORM_1WORD

Hanya	NORM_1WORD
di	O
@louveclothing	NORM_1WORD
bisa	O
dapetin	NORM_1WORD
sweater	O
dan	O
jacket	O
murah	O
pas	O
kantong	O
pelajar	O

"She"	NORM_1WORD
nya	O
itu	O
kira2	NORM_1WORD
ke	O
sapa	O
ya???	O
Lgsg	NORM_1WORD
ke	O
@natashawilona12	NORM_1WORD
nih	O
pikiran.	O
?	O

@lighthouse._	NORM_1WORD
benar	O
menurutmu	O
belum	O
tentu	O
benar	O
menurut	O
orang	O
lain.	O
Sebutan	NORM_1WORD
itu	O
semua	O
ada	O
asal	O
usulnya,	O
coba	O
baca2	NORM_1WORD
alkitab	O
dan	O
tanya	O
pendeta	O
biar	O
tau	O
dan	O
ga	NORM_1WORD
asal	O
mendoktrin	O
orang	O
lain	O
dengan	O
agamamu	O
di	O
akun	O
orang	O
lain	O
yg	NORM_1WORD
punya	O
keyakinan	O
berbeda	O
denganmu.	O
Kalau	NORM_1WORD
kamu	O
begitu	O
mencintai	O
agamamu	O
seharusnya	O
kamu	O
bisa	O
menghargai	O
orang	O
lain	O
dgn	NORM_1WORD
lbh	NORM_1WORD
baik	O
dengan	O
tidak	O
sembarangan	O
memposting	O
komen	O
SARA.	NORM_1WORD

Kak	NORM_1WORD
liat	NORM_1WORD
badan	O
badan	O
aku	O
udah	NORM_1WORD
langsing	O
loh	O
skarang	NORM_1WORD
kaya	NORM_1WORD
kakak	O
hah??@fashionsehat_herbal	NORM_1WORD
yang	O
waktu	O
itu	O
kaka	NORM_1WORD
rekomendasi	O
in	NORM_1WORD
ke	O
aku	O
itu	O
loh	O
?	O
kapan	O
kita	O
ketemu	O
lagi	O
kak	O
heheh	O
skrang	NORM_1WORD
kaka	NORM_1WORD
ada	O
saingannya	O
lohh.	NORM_1WORD

@syafiralubis	NORM_1WORD
hai	O
ira,	O
maaf	O
bgt	NORM_1WORD
aku	O
baru	O
baca	O
komenmu..	O
Terimakasih	NORM_1WORD
byk	NORM_1WORD
doanya	O
:)	O
amiin	NORM_1WORD
ya	O
Allah...	NORM_1WORD
semoga	O
Allah	NORM_1WORD
membalas	O
kebaikanmu	O
dear	O
?	O

@raissalimbong	NORM_1WORD
matanya	O
coklat	O
bgtttt	NORM_1WORD

Sama2	NORM_1WORD
flat	O
haha	O

Sweet	NORM_1WORD
kaaan	NORM_1WORD
@febri.rahmadi	NORM_1WORD

Kak	NORM_1WORD
wilona	O
lucu	O
eakyu	NORM_1WORD
kecil	O

Penting	NORM_1WORD
banget	O
sampe	NORM_1WORD
caption	O
ke	O
gue?	O
Haha	NORM_1WORD
alay	O
@mysielo	NORM_1WORD

@nurift02	NORM_1WORD
tokayyy	NORM_1WORD

Kpop	NORM_1WORD
luar	O
kmu	NORM_1WORD
bangga"in,tpi	NORM_1WORD
krya	NORM_1WORD
indonesia	O
kmu	NORM_1WORD
bilang"	NORM_1WORD
jiplak,tinggall	NORM_1WORD
dmna	NORM_1WORD
sih	O
kamu?	O

<--	O
PAYUNGPELANGI	NORM_1WORD
3DIMENSI..	NORM_1WORD
PayungCantikBikinKitaMakinCantik	NORM_1WORD
.	O
Ajaib	NORM_1WORD
bisa	O
MUNCUL	NORM_1WORD
MOTIF	NORM_1WORD
bunga	O
kalo	NORM_1WORD
kena	O
air	O
hujan..	O
Pokonya	NORM_1WORD
CANTIK	NORM_1WORD
and	O
Lucuuuu	NORM_1WORD
:)	O

Kak	NORM_1WORD
fatin	O
cantik	O
banget	O
!!!	O
Udah	NORM_1WORD
suara	O
nyaa	NORM_1WORD
bagus	O
cantik	O
pula	O
!!!	O

Cantik	NORM_1WORD
bgt	NORM_1WORD
kakakaaaaaaaaaaaaaa......	NORM_1WORD
@julstelle	NORM_1WORD

Ihhh,	NORM_1WORD
soo	O
sweet	O
banged,..langgeng	NORM_1WORD
n	NORM_1WORD
bahagia	O
selalu	O
untuk	O
keluarga	O
teh	O
cantik	O
@zahratuljannah	NORM_1WORD
n	NORM_1WORD
@bayuningrat	NORM_1WORD

Lucu	NORM_1WORD
bgt	NORM_1WORD
?	O

@farhannalarask	NORM_1WORD
akur	O
yha	NORM_1WORD

Kak	NORM_1WORD
nagita	O
Nice	NORM_1WORD
Bnget	NORM_1WORD

Njir	NORM_1WORD
pink	O
haha	O
@standy.gigih	NORM_1WORD

Smua	NORM_1WORD
yg	NORM_1WORD
ekspresi	O
mukanya	O
kaya	NORM_1WORD
gtu	NORM_1WORD
pasti	O
akan	O
bergaris	O
daerah	O
matanya	O
@hadi.niic	NORM_1WORD

@shiena_handmade	NORM_1WORD
ini	O
een	O
bunga2	NORM_1WORD
haha	O

@ahmad_faishal14	NORM_1WORD
lucu	O
yank	NORM_1WORD
kamu	O
jadi	O
anaknya?????	O

Lihaatttt	NORM_1WORD
juga	O
ini	O
@adityapernanda	NORM_1WORD

Yang	NORM_1WORD
sabar	O
ya	O
kak...	O
kakak	O
pasti	O
akn	NORM_1WORD
menemukan	O
jalan	O
keluarnya	O
dari	O
masalah	O
yang	O
kakak	O
hadapi	O

Enak	NORM_1WORD
banget	O
lagunya	O
suka	O
bangetttt	NORM_1WORD
@nikitawillyofficial94	NORM_1WORD

ayoook	NORM_1WORD
@helenamithya	NORM_1WORD

@addiems999	NORM_1WORD
aku	O
jg	NORM_1WORD
dr	NORM_1WORD
keluarga	O
soemaatmadja	O
loh	O
om.	O
Cucunya	NORM_1WORD
kakek	O
achjadi	O
soemaatmadja	O
hehehe	O

Ya	NORM_1WORD
Allah...	NORM_1WORD
aku	O
nangis	NORM_1WORD
bacanya	O
teh,	O
teringat	O
mamaku	O
yg	NORM_1WORD
dlu	NORM_1WORD
berjuang	O
untukku	O
karna	NORM_1WORD
aku	O
punya	O
kelainan	O
pada	O
otak.	O
Cairan	NORM_1WORD
otak	O
kananku	O
kosong	O
sejak	O
dallam	NORM_1WORD
kandungan.	O
mungkin	O
kalau	O
saja	O
terlambat	O
diobati	O
aku	O
bisa	O
tak	O
seberuntung	O
mika..	O
aku	O
didiagnosa	O
bisa	O
gila..	O
tp	NORM_1WORD
alhamdulillah	O
Allah	NORM_1WORD
punya	O
bantuan	O
untuk	O
hambaNya	NORM_1WORD
yg	NORM_1WORD
bersabar..	O
semoga	O
mika	O
dapat	O
sembuh,	O
seperti	O
aku	O
yg	NORM_1WORD
sekarang	O
sudh	NORM_1WORD
sembuh	O
dan	O
menikmati	O
hidup	O
dgn	NORM_1WORD
indah.	O
Dan	NORM_1WORD
semoga	O
teteh	O
selalu	O
diberi	O
kesabaran	O
atas	O
cobaan	O
dan	O
pertanyaan	O
orang2	NORM_1WORD
tentanh	NORM_1WORD
mika.	O
Love	NORM_1WORD
you	O
mika,	O
love	O
you	O
teh	O
zahra	O
???@zahratuljannah	NORM_1WORD
@zahratuljannah	NORM_1WORD

Akhirnya	NORM_1WORD
foto	O
deh	O
d	NORM_1WORD
spotnya	O
hidup	O
itu	O
jgn	NORM_1WORD
terlalu	O
serius	O
shay	NORM_1WORD
hahaha	O

Mauuu	NORM_1WORD
nontoonnn	NORM_1WORD
cepet2!!!!!!	NORM_1WORD

Ribut	NORM_1WORD
kalian...	O
Keputusan	NORM_1WORD
ada	O
ditangan	O
aurel...	O
Jangan	NORM_1WORD
campurin	NORM_1WORD
masalah	O
pribadinya......emnknya	NORM_1WORD
kalian	O
itu	O
udah	NORM_1WORD
sempurna...	O
Bagaimana	NORM_1WORD
tingkah	O
kalian	O
sama	O
ibu	O
kandung	O
kalian	O
sendiri....	O
Pernah	NORM_1WORD
tanya	O
ini	O
itu	O
gak	NORM_1WORD
sama	O
emak	O
kalian...	O
Pernah	NORM_1WORD
bawa	O
jjl	O
gak...	NORM_1WORD
Pernah	NORM_1WORD
tanya	O
ibu	O
kalian	O
mau	O
makan	O
apa	O
apa	O
gk.....	NORM_1WORD

Aku	NORM_1WORD
udah	NORM_1WORD
nntn	NORM_1WORD
kak	O
bgus	NORM_1WORD
bgt	NORM_1WORD
filmny	NORM_1WORD
???	O

Amienn	NORM_1WORD

K	NORM_1WORD
Cinta	NORM_1WORD
mirip	O
ariana	O
grande	O
klo	NORM_1WORD
lg	NORM_1WORD
kaya	NORM_1WORD
gini..	NORM_1WORD

Cantik	NORM_1WORD
bgt	NORM_1WORD
kakak@nabilahjkt48	NORM_1WORD

Lh-lho	NORM_1WORD
berarto	NORM_1WORD
snsd	O
ke	O
indo?	NORM_1WORD
@bethaniamaureen	NORM_1WORD

Celana	NORM_1WORD
putihnya	O
gk	NORM_1WORD
jual	O
yh	NORM_1WORD
@odywoody	NORM_1WORD

K	NORM_1WORD
nabila	O
apa	O
benar	O
main	O
CLASH	NORM_1WORD
OF	NORM_1WORD
CLANS	NORM_1WORD

Beda	NORM_1WORD
budaya	O
mbk	NORM_1WORD
caee	O
@ayusesary	NORM_1WORD

@alesyhrx	NORM_1WORD
buseett	NORM_1WORD

Selamat	NORM_1WORD
ats	NORM_1WORD
kelahuran	NORM_1WORD
ank	NORM_1WORD
pertamany	NORM_1WORD
BENSU	NORM_1WORD

Dr	NORM_1WORD
alis	O
ny	NORM_1WORD
saja	O
kk	NORM_1WORD
@natashawilona12	NORM_1WORD
sudah	O
kelihatan	O
aura	O
,	O
kecantikan	O
pokok	O
ny	NORM_1WORD
klo	NORM_1WORD
lht	NORM_1WORD
wajah	O
@natashawilona12	NORM_1WORD
itu	O
gak	NORM_1WORD
bosenin	NORM_1WORD
..	O

@akerun97	NORM_1WORD
makin	O
pusing	O
iya	O
kaaa	NORM_1WORD
-____-	O

Udah	NORM_1WORD
liat?	NORM_1WORD
@iindahriyana	NORM_1WORD
@nurizkycahyati	NORM_1WORD

Princess	NORM_1WORD
aja	NORM_1WORD
kak	O
buat	O
arsi	O
bagus	O
deh	O
kagaxdeh..	O

BOSAAN	NORM_1WORD
DENGAN	NORM_1WORD
PENAMPILAN	NORM_1WORD
PAYUDARA	NORM_1WORD
KAMU	NORM_1WORD
YANG	NORM_1WORD
KECIL	NORM_1WORD
DAN	NORM_1WORD
KURANG	NORM_1WORD
MENARIK,	NORM_1WORD
UDAH	NORM_1WORD
PAKE	NORM_1WORD
OBAT	NORM_1WORD
DAN	NORM_1WORD
ALAT	NORM_1WORD
KEMANA	NORM_1WORD
MANA	NORM_1WORD
GAK	NORM_1WORD
ADA	NORM_1WORD
PERUBAHAN..	NORM_1WORD
YUUKK	NORM_1WORD
SISTA	NORM_1WORD
CEK	NORM_1WORD
IG	NORM_1WORD
KITAAA@dr.beautybreast	NORM_1WORD
PIN	NORM_1WORD
7C769CC4.	NORM_1WORD

Ka	NORM_1WORD
@mischach	NORM_1WORD
imut	O
kalo	NORM_1WORD
Ka	NORM_1WORD
@marcelchandra	NORM_1WORD
maskulin	O
bangeet	NORM_1WORD
??	O

Kamu	NORM_1WORD
yang	O
ngikutin	NORM_1WORD
dia	O
kali	O
?	O
@helloamay	NORM_1WORD

harus	O
terus	O
berharap	O
dan	O
yakin	O
ky	NORM_1WORD
gini	NORM_1WORD
yah	NORM_1WORD
a?	O
@islamincomic	NORM_1WORD

Sukses	NORM_1WORD
yah	NORM_1WORD
broio	O

Njayyy	NORM_1WORD
@ayleenaurelia	NORM_1WORD
?????	O
ngakak	NORM_1WORD
bego	O

Kmu	NORM_1WORD
teh	O
kaya	NORM_1WORD
ini	O
ca	O
??@cyesome_	NORM_1WORD
@cysm_	NORM_1WORD

mickey	O
n	NORM_1WORD
minnie	O
baguss..	NORM_1WORD
?	O

Jaga	NORM_1WORD
kesehatan	O
mbk	NORM_1WORD
yach	NORM_1WORD

Ariana	NORM_1WORD
grande	O
bet	NORM_1WORD
njerr	NORM_1WORD
@rmutiaram	NORM_1WORD

@hananbanaem	NORM_1WORD
skrg	NORM_1WORD
ini	O
jadi	O
tagline	O
gue	O

Bolehnga	NORM_1WORD
kenalan	O

Kya	NORM_1WORD
gini	NORM_1WORD
keq	NORM_1WORD
ganteng	O
@ergaprbowo	NORM_1WORD

ini	O
loh	O
yg	NORM_1WORD
nama.a	NORM_1WORD
diet	O
mayo	O
dan	O
berhasil	O
@filaandika	NORM_1WORD
@riskachan96	NORM_1WORD
semangat	O
in	NORM_1WORD
aku	O
kak	O

PENGEN	NORM_1WORD
PAYUDARA	NORM_1WORD
KAMU	NORM_1WORD
KENCANG	NORM_1WORD
BESAR	NORM_1WORD
DAN	NORM_1WORD
PADAT	NORM_1WORD
TANPA	NORM_1WORD
HARUS	NORM_1WORD
OPERASI	NORM_1WORD
?	O
SEKARANG	NORM_1WORD
KAMU	NORM_1WORD
BISA	NORM_1WORD
DAPETIN	NORM_1WORD
PAYUDARA	NORM_1WORD
KAYA	NORM_1WORD
ARTIS	NORM_1WORD
ARTIS	NORM_1WORD
HANYA	NORM_1WORD
DALAM	NORM_1WORD
WAKTU	NORM_1WORD
2	O
MINGGU	NORM_1WORD
Invite	NORM_1WORD
Wa	NORM_1WORD
+6287822196828	O
pin	O
bbm	O
5E0D7B81	NORM_1WORD
di@sari_nature	NORM_1WORD

Kenapa	NORM_1WORD
@ahmaddhaniprast	NORM_1WORD
lebih	O
pilih	O
@mulanjameela1	NORM_1WORD
duh	O
heran,	O
jd	NORM_1WORD
kamu	O
dan	O
anak2mu	NORM_1WORD
yg	NORM_1WORD
tidak	O
berdosa	O
jg	NORM_1WORD
kena	O
hujatan	O

Happy	NORM_1WORD
birthday	O
teteh	O
sayang??	O
panjang	O
umur	O
ya	O
teh:*	O
sehat	O
selalu,	O
lebih	O
baik	O
untuk	O
kedepannya?	O
suksess	NORM_1WORD
selalu	O
teh	O
@odywoody	NORM_1WORD

Emang	NORM_1WORD
misha	O
itu	O
kurus..tap8	NORM_1WORD
imoet/ihh	NORM_1WORD
nggak	NORM_1WORD
bosen	NORM_1WORD
pandanginya,,kalo	NORM_1WORD
marcel	O
ferpect/elegant	O

Cantikkk	NORM_1WORD

Yg	NORM_1WORD
genduut	NORM_1WORD
@marcelchandra	NORM_1WORD
hhahaha...	O
?	O

Cuantikkk	NORM_1WORD

Udah	NORM_1WORD
nonton	NORM_1WORD
???sukak	NORM_1WORD
filmnyaa	O
pengen	NORM_1WORD
nonton	NORM_1WORD
lagi	O
kak??????	O

Yang	NORM_1WORD
ngomong	NORM_1WORD
durhaka	O
berlaga	O
kaya	NORM_1WORD
tuhan	O
Yang	NORM_1WORD
tau	O
semuanya	O
yg	NORM_1WORD
tau	O
hati	O
manusia..	O
#please	NORM_1WORD
haters	O
shut	O
up..	O

Nangis	NORM_1WORD
bacanya	O
mba,	NORM_1WORD
,,	O
bunda	O
yg	NORM_1WORD
hebat,	O
jagoan	O
mika	O
jg	NORM_1WORD
sama	O
hebatnya	O
pastinya	O

Angeli	NORM_1WORD
dak	NORM_1WORD
sopan	O
ngatai	NORM_1WORD
fatin?	O

liat	NORM_1WORD
dri	NORM_1WORD
kalimatnya	O
org	NORM_1WORD
juga	O
sudah	O
mengerti	O
@gurlxxs	NORM_1WORD

Kak	NORM_1WORD
@raisa6690	NORM_1WORD
suaranya	O
kayak	O
taylor	O
swift	O
baguss	NORM_1WORD
bngt	NORM_1WORD
bibirnya	O
kak	O
raisa	O
juga	O
sama	O
kaya	NORM_1WORD
@taylorswift	NORM_1WORD
sexy?	O

Nike	NORM_1WORD
ardila	O
bngeeeetttt	NORM_1WORD

Ayooo	NORM_1WORD
nontonx	NORM_1WORD
bareng	O
kalian	O
yach	NORM_1WORD
@innaaslm	NORM_1WORD
@riniarini27	NORM_1WORD
@nny_syifa	NORM_1WORD
@santihasmarani	NORM_1WORD

Yg	NORM_1WORD
tengah	O
pcarny	NORM_1WORD
kak	O
marcel,	O
kak	O
marcel	O
yg	NORM_1WORD
kanan??	O

Fashion	NORM_1WORD
ootd	O
lengkap	O
dan	O
murah.	O
Lagi	NORM_1WORD
jaman2nya	NORM_1WORD
nih	O
kualitas	O
oke	O

@frankfardhufirdaus	NORM_1WORD
partai	O
boleh	O
partai	O
sapi	O
tp	NORM_1WORD
hasil	O
dan	O
kinerja	O
yg	NORM_1WORD
membuktikan..	O

deg2an	NORM_1WORD
liatnya	NORM_1WORD

Duuhhh	NORM_1WORD
tetep	NORM_1WORD
ganteng	O
kok	O

Happy	NORM_1WORD
birthday	O
kak..	O
Long	NORM_1WORD
life	O
and	O
healthy	O
always	O
yaaa	NORM_1WORD
kak..	O
God	NORM_1WORD
bless	O
you	O

Bener	NORM_1WORD
tu	NORM_1WORD
kata	O
PRINCESS	NORM_1WORD
SYHAHRINI	NORM_1WORD

Tema	NORM_1WORD
binatang	O
aja	NORM_1WORD
?	O

Beb	NORM_1WORD
mo	NORM_1WORD
kek	NORM_1WORD
gini	NORM_1WORD
beb	O
??	O
@dalviandre	NORM_1WORD

Cobaa	NORM_1WORD
bikin	O
beginian	O
geuraa	O
??	O
@kulakuliramen	NORM_1WORD

Ada	NORM_1WORD
yg	NORM_1WORD
ngikutin	NORM_1WORD
kita	O
nih	O
wkwk	O
@azhaaa_61	NORM_1WORD
@andrynmitha	NORM_1WORD
@meldass2000	NORM_1WORD
@ajengpangesti11	NORM_1WORD

@desimegantari	NORM_1WORD
km	NORM_1WORD
tahun	O
brp	NORM_1WORD

Aku	NORM_1WORD
sungguh	O
mengagumi	O
mu	O
kak...q	NORM_1WORD
pgen	NORM_1WORD
jd	NORM_1WORD
istri,ibu	O
kyk	NORM_1WORD
kakak,.km	NORM_1WORD
benar2	NORM_1WORD
menginspirasi	O
ku.	O

ntaf	NORM_1WORD
@beckhammirza	NORM_1WORD
@risaldyss	NORM_1WORD
@whendiadi	NORM_1WORD

Haaahaaahaaaa	NORM_1WORD
kocakkkkkk	NORM_1WORD
@nsyakieb85	NORM_1WORD

Ciee	NORM_1WORD
yg	NORM_1WORD
mu	O
nikah	O
bln	NORM_1WORD
novembr	NORM_1WORD
lancar	O
yaa	NORM_1WORD
ka	NORM_1WORD
smga	NORM_1WORD
smpe	NORM_1WORD
hri	NORM_1WORD
H	NORM_1WORD

Wkwkwk	NORM_1WORD
yaa	NORM_1WORD
allah	O
gw	NORM_1WORD
@citrasiw	NORM_1WORD

@bunda_ayyie	NORM_1WORD
kita	O
ngingetin	NORM_1WORD
bukan	O
berarti	O
kita	O
sok	O
suci,	O
sok	O
bijaksana.	O
Itulah	NORM_1WORD
akhlah	NORM_1WORD
muslimah,	O
saling	O
mengingatkan,	O
saling	O
menasihati.	O
Aneh	NORM_1WORD
aja	NORM_1WORD
klo	NORM_1WORD
ada	O
org	NORM_1WORD
yg	NORM_1WORD
blg	NORM_1WORD
ngapain	NORM_1WORD
ngurusin	NORM_1WORD
org?!	NORM_1WORD
Lah	NORM_1WORD
ntar	NORM_1WORD
elo2	NORM_1WORD
pada	O
pas	O
meninggal	O
sapa	O
yg	NORM_1WORD
mandiin?	NORM_1WORD
Sapa	NORM_1WORD
yg	NORM_1WORD
nguburin?	NORM_1WORD
Emg	NORM_1WORD
bisa	O
ngurus	NORM_1WORD
diri	O
sendiri?	O

Meskipun	NORM_1WORD
dibentuk	O
apa	O
aja	NORM_1WORD
tetep	NORM_1WORD
cantik	O
kok	O
:D	O

15thn	O
udh	NORM_1WORD
begini	O
mennn?	O
@wnyaasiintha	NORM_1WORD
@fitrahadel	NORM_1WORD

Kak	NORM_1WORD
syahrini	O
cantik	O
bangetttttt:-D	NORM_1WORD

bella	O
mah	O
tai?	NORM_1WORD
-2	O

Mauuuuu	NORM_1WORD
@qtyez_pynk	NORM_1WORD

maudy	O
ayunda	O
mirip	O
kokomu	O
nih	O
versi	O
prempuan	NORM_1WORD
@liza_margareta	NORM_1WORD

ada	O
yang	O
perlu	O
teguran	O
suara	O
keras	O
hingga	O
teguran	O
fisik.	O
Dan	NORM_1WORD
sifat	O
anak	O
pun	O
bisa	O
berbeda	O
di	O
rumah	O
maupun	O
di	O
sekolah.	O
Ada	NORM_1WORD
yang	O
pasif	O
di	O
sekolah	O
dan	O
aktif	O
di	O
rumah	O
begitu	O
juga	O
sebaliknya.	O
Tapi	NORM_1WORD
ingat..zaman	O
dulu	O
perkembangan	O
informasi	O
tidak	O
terbuka	O
dan	O
luas	O
seperti	O
sekarang.	O
Resapan	NORM_1WORD
informasi	O
dari	O
luar	O
mudah	O
sekali	O
dijangkau.	O
Dulu	NORM_1WORD
dengan	O
teguran	O
guru	O
kita	O
takut.	O
Sekarang	NORM_1WORD
banyak	O
anak2	NORM_1WORD
dengan	O
mudah	O
menjawab	O
bahkan	O
mengancam	O
dari	O
hasil	O
teguran	O
guru	O
dan	O
mudahnya	O
memutar-balikan	O
fakta	O
dari	O
apa	O
yang	O
terjadi	O
di	O
sekolah.	O
Hal	NORM_1WORD
ini	O
bisa	O
dipraktekan	O
oleh	O
anak2	NORM_1WORD
bisa	O
melalui	O
film	O
atau	O
sinetron.	O
Bisa	NORM_1WORD
diliat	NORM_1WORD
juga	O
kan	O
perbedaan	O
sinetron	O
atau	O
film	O
dulu	O
dan	O
sekarang?	O
Jadi	NORM_1WORD
liatlah	NORM_1WORD
tipe	O
anak	O
juga.	O
Teguran	NORM_1WORD
fisik	O
mungkin	O
bisa	O
jadi	O
luapan	O
kesabaran	O
dari	O
teguran2	NORM_1WORD
yg	NORM_1WORD
tidak	O
diindahkan	O
oleh	O
anak	O
berkali-kali.	O
Buatlah	NORM_1WORD
koordinasi	O
kerjasama	O
antara	O
orang	O
tua	O
dan	O
guru.	O
Zaman	NORM_1WORD
sekarang	O
banyak	O
orang	O
tua	O
sibuk	O
dengan	O
pekerjaan	O
dan	O
menyerahkan	O
pendidikan	O
kepada	O
guru.	O
Padahal	NORM_1WORD
pendidikan	O
akarnya	O
dari	O
keluarga.	O
Jadi	NORM_1WORD
yang	O
terpenting	O
adalah	O
sikap	O
kooperatif	O
dan	O
kerjasama	O
antara	O
guru-orangtua	O
agar	O
tidak	O
sampai	O
terjadi	O
teguran	O
fisik.	O
Dan	NORM_1WORD
orang	O
tua	O
pun	O
harus	O
memperhatikan	O
sifat	O
dan	O
sikap	O
anaknya	O
baik	O
diluar	O
maupun	O
di	O
dalam	O
rumah.	O
Itu	NORM_1WORD
saja	O
seh	NORM_1WORD
menurut	O
saya?	O

?	O
?	O
?	O
?	O
Barang	NORM_1WORD
kali	O
kaka	NORM_1WORD
kaka	NORM_1WORD
mau	O
coba	O
produk	O
?	O
TIENS	NORM_1WORD
HERBAL	NORM_1WORD
ALAMI,	NORM_1WORD
MENGATASI	NORM_1WORD
KELUHAN	NORM_1WORD
PADA	NORM_1WORD
SELURUH	NORM_1WORD
BADAN,	NORM_1WORD
HINGGA	NORM_1WORD
WAKTU	NORM_1WORD
CEPAT,	NORM_1WORD
10-15	O
HARI,?	NORM_1WORD
AMAN	NORM_1WORD
TANPA	NORM_1WORD
EFEKSAMPING	NORM_1WORD
?	O
langsung	O
saja	O
invite	O
BBM	NORM_1WORD
;	O
D1597027	NORM_1WORD
whats	O
app	O
:089507115991.	O
Yuk	NORM_1WORD
order	O
:)	O
?	O
O?KIR	NORM_1WORD
?	O
?R???	NORM_1WORD
BESAR	NORM_1WORD
BESARAN.	NORM_1WORD

Ka	NORM_1WORD
@rinanose16	NORM_1WORD
subhanallah	O
cantik	O
bngatt	NORM_1WORD
kaaa	NORM_1WORD

Ilov	NORM_1WORD
bunda	O
maia	O
pollll	NORM_1WORD
begete...cantik	NORM_1WORD
muachhh	O

@artisn	NORM_1WORD
Situ	NORM_1WORD
Kali	NORM_1WORD
Yg	NORM_1WORD
Gak	NORM_1WORD
Jelas	NORM_1WORD
Asal	NORM_1WORD
Mu	NORM_1WORD
asal	O
Anjing	NORM_1WORD
Liar	NORM_1WORD
Keluarga	NORM_1WORD
Stres	NORM_1WORD
Akibat	NORM_1WORD
Terkena	NORM_1WORD
Penyakit	NORM_1WORD
Rabies?????	NORM_1WORD
wkwkwkwkw	O

Cloningan.	NORM_1WORD
Mudah-mudah	NORM_1WORD
ga	NORM_1WORD
niru	NORM_1WORD
tingkah	O
bpknya	NORM_1WORD
?	O

INGIN	NORM_1WORD
PAYUDARA	NORM_1WORD
MU	NORM_1WORD
BESAR	NORM_1WORD
DALAM	NORM_1WORD
WAKTU	NORM_1WORD
CEPAT@indoherbal_juara	NORM_1WORD
MASA	NORM_1WORD
SIH	NORM_1WORD
MAU	NORM_1WORD
KALAH	NORM_1WORD
SAMA	NORM_1WORD
YG	NORM_1WORD
LAIN.	NORM_1WORD
KAMU	NORM_1WORD
PASTI	NORM_1WORD
BISA	NORM_1WORD
KOK.	NORM_1WORD
NIH	NORM_1WORD
ADA	NORM_1WORD
PRODUK	NORM_1WORD
YG	NORM_1WORD
BAGUS	NORM_1WORD
DAN	NORM_1WORD
BERKUALITAS	NORM_1WORD
DENGAN	NORM_1WORD
TEKNOLOGI	NORM_1WORD
CANGGIH	NORM_1WORD
LAGI	NORM_1WORD
AMAN	NORM_1WORD
LINE	NORM_1WORD
:	O
SMART_HERBAL	NORM_1WORD
.	O
WA:08156277853	NORM_1WORD
/	O
BBM	NORM_1WORD
:	O
?D186C6B8	NORM_1WORD

@ansf_29	NORM_1WORD
@achaaslp23	NORM_1WORD
uwahhhhh...	NORM_1WORD
hahahh	O

@ariel_nazril_irham	NORM_1WORD
tidak	O
ada	O
yg	NORM_1WORD
bisa	O
nyamain	NORM_1WORD
.	O
Mentok	NORM_1WORD

Itu	NORM_1WORD
kak	O
prilly	O
pake	NORM_1WORD
wik	NORM_1WORD

Kok	NORM_1WORD
puji	O
tuhan	O
ktnya..	NORM_1WORD

lucu	O
bangett	NORM_1WORD
iiii:3	NORM_1WORD
@nabilaa.an	NORM_1WORD

amiiin	NORM_1WORD
ya	O
rob	O

Rambut	NORM_1WORD
nyaaa	NORM_1WORD
cakepp	NORM_1WORD
bgt	NORM_1WORD
bunda	O

Gilzz	NORM_1WORD
@michellekrstn	NORM_1WORD

Molly	NORM_1WORD
kaaaaaaaaaakkkkkkkkkkk	NORM_1WORD

Ya	NORM_1WORD
betul	O
kalo	NORM_1WORD
liat	NORM_1WORD
loly	O
yg	NORM_1WORD
terekam	O
adalah	O
kisah	O
dulu	O
masih	O
kecil	O
gak	NORM_1WORD
tau	O
apa	O
apa	O
swmntara	NORM_1WORD
kala	O
itu	O
pemberitaan	O
dimana	O
mana....kamu	O
itu	O
trmasuk	NORM_1WORD
anak	O
yg	NORM_1WORD
kuat	O
hebat	O
benar	O
bener	NORM_1WORD
menata	O
diri	O
sendiri	O
u	NORM_1WORD
bangkit.kamu	O
anak	O
jadi	O
aku	O
bisa	O
merasakan	O
apa	O
yg	NORM_1WORD
kamu	O
cintai	O
dan	O
gak	NORM_1WORD
apa	O
yg	NORM_1WORD
kamu	O
benci	O
dan	O
gak....kamu	NORM_1WORD
saat	O
ini	O
benar	O
berada	O
dlm	NORM_1WORD
orang2	NORM_1WORD
yg	NORM_1WORD
sgt	NORM_1WORD
memperdulikan	O
kamu	O
dan	O
memperhatikanmu...anak	O
yg	NORM_1WORD
no	O
1	O
bagi	O
mereka	O

Olgaaa.pengen	NORM_1WORD
dgr	NORM_1WORD
lucu	O
lo	O
lagii.dasyat	NORM_1WORD
itu	O
ngak	NORM_1WORD
asyik	O
sekarang	O
karna	NORM_1WORD
ngak	NORM_1WORD
ada	O
lo	O
olga.?	O

follow	O
saya,nnti	NORM_1WORD
di	O
follbach	O

Proud	NORM_1WORD
of	O
you	O
bunda	O
@zahratuljannah	NORM_1WORD
....Allah	NORM_1WORD
memberikan	O
keistimewaan	O
pd	NORM_1WORD
msg2	NORM_1WORD
anak.	O
Dan	NORM_1WORD
bunda	O
telah	O
melakukan	O
yg	NORM_1WORD
terbaik	O
buat	O
Mika.	NORM_1WORD
Smg	NORM_1WORD
Mika	NORM_1WORD
tumbuh	O
menjadi	O
anak	O
yg	NORM_1WORD
soleh	O
yg	NORM_1WORD
menjadi	O
kebanggaan	O
org	NORM_1WORD
tuanya.	O
Selamat	NORM_1WORD
ulang	O
tahun	O
buat	O
Mika	NORM_1WORD
tersayang.....	O

mas	O
jangan	O
syuting	O
outdoor	O
suaranya	O
ga	NORM_1WORD
kedengeran	NORM_1WORD

Gg	NORM_1WORD
bisa	O
move	O
on	O
dtinggl	NORM_1WORD
kk	NORM_1WORD
olga..?	O

Smoga	NORM_1WORD
tuhan	O
yesus	O
memberkati	O

Ka	NORM_1WORD
@marcelchandra	NORM_1WORD
yg	NORM_1WORD
tatto	O
dan	O
ka	NORM_1WORD
@mischach	NORM_1WORD
yg	NORM_1WORD
cadel	O
?	O

Mf	NORM_1WORD
bru	NORM_1WORD
ngcpin	NORM_1WORD
nih	O
hehe	O

Agar	NORM_1WORD
pasangan	O
lebih	O
sayang	O
maka	O
tidak	O
ada	O
salahnya	O
kita	O
memperindah	O
diri,salah	O
satunya	O
di	O
bagian	O
dada	O
kita,untuk	O
itu	O
di@HERBALL_ALAMICINA	NORM_1WORD
ada	O
alat	O
PEMBESAR	NORM_1WORD
PAYUDARA	NORM_1WORD
yg	NORM_1WORD
hanya	O
dgn	NORM_1WORD
pemakaian	O
3	O
minggu	O
saja	O
payudara	O
anda	O
akan	O
mengncang	NORM_1WORD
dan	O
menarik	O
maka	O
pasangan	O
akan	O
lebih	O
sayang,untuk	O
info	O
silahkan	NORM_1WORD
invit	O
aja	NORM_1WORD
BBM:D2538B6C	NORM_1WORD

Ngiriii	NORM_1WORD
?	O

baru	O
kali	O
ini	O
dia	O
mau	O
liatin	NORM_1WORD
muka	O
ny	NORM_1WORD
d	NORM_1WORD
ig	O
@farydha_kenchon	NORM_1WORD
??	O

Semoga	NORM_1WORD
kita	O
selalu	O
dalam	O
lindungannya	O
aminn	NORM_1WORD
?????	O

Gua	NORM_1WORD
kr	NORM_1WORD
td	NORM_1WORD
nenek2	NORM_1WORD
taux	NORM_1WORD
agnes	O
hihihhi	O

Amiin	NORM_1WORD
Allahuma	NORM_1WORD
Amiin..	NORM_1WORD
Smg	NORM_1WORD
kita	O
mendapatkn	NORM_1WORD
akhir	O
Hidup	NORM_1WORD
yg	NORM_1WORD
terbaik..khusnul	O
Khotimah..	NORM_1WORD

cocok	O
banget	O
sumpahh	NORM_1WORD

Subahanallah	NORM_1WORD

Mantaaap	NORM_1WORD
bingits	NORM_1WORD
??@rtsgta	NORM_1WORD

Wihhh	NORM_1WORD
gila	O
gila	O

Slmt	NORM_1WORD
jln	NORM_1WORD
olga	O
mudh"an..olga	NORM_1WORD
tenny	NORM_1WORD
d	NORM_1WORD
sisi	O
allah..	O

Itu	NORM_1WORD
beneran	NORM_1WORD
botak	O
ya	O

ngakak	NORM_1WORD
muka	O
seungri	O
ya	O
lord	O
gitu	NORM_1WORD
bgt	NORM_1WORD

Wkwkwk	NORM_1WORD
ngakaaaakkk	NORM_1WORD
???	O

Ka	NORM_1WORD
prilly	O
beneran	NORM_1WORD
botak?	O
@prillylatuconsina96	NORM_1WORD
Dijawab	NORM_1WORD
yak	NORM_1WORD
ka??	NORM_1WORD

Amiin...mdh"	NORM_1WORD
an	O
qt	NORM_1WORD
umat	O
rasulullah	O
bz	NORM_1WORD
berkumpul	O
bersama	O
dibarisannya....	O

<<	O
NYATAKAN	NORM_1WORD
CINTA	NORM_1WORD
/	O
MOMENT	NORM_1WORD
SPECIAL	NORM_1WORD
DENGAN	NORM_1WORD
ALPHABET	NORM_1WORD
FOIL	NORM_1WORD
BALON	NORM_1WORD
HARGA	NORM_1WORD
MURAH	NORM_1WORD
MERIAHH	NORM_1WORD
?	O

Sama	NORM_1WORD
@jscmila	NORM_1WORD
ajaa	NORM_1WORD
cocok	O

@nathanaella_keisha	NORM_1WORD
hai	O
adiik	NORM_1WORD
kecil	O
manisss...	NORM_1WORD
suka	O
deh	O
sama	O
komentar	O
nya	O
:)	O
#meredamkan	NORM_1WORD
...	O
yg	NORM_1WORD
kecil	O
aja	NORM_1WORD
bisa	O
ngerti	NORM_1WORD
untuk	O
saling	O
toleransi	O
kenapa	O
yg	NORM_1WORD
besar"	NORM_1WORD
nya	O
pada	O
sibuk	O
menyalahkan.	O
Masing"	NORM_1WORD
aja..	NORM_1WORD
hidup	O
berdampingan	O
jauh	O
lebih	O
indah	O
..	O
agamaku	O
agamaku	O
agamamu	O
agamamu...	O
kepercayaan	O
masing"	NORM_1WORD
aja	NORM_1WORD
yaaa	NORM_1WORD
??	O
#jessii	NORM_1WORD
cantik	O
nya	O
maksimal	O
yah	NORM_1WORD
:*	O

FOLLOW	NORM_1WORD
IG@DR.BEAUTYBREAST	NORM_1WORD
"	O
BOSAAN	NORM_1WORD
DENGAN	NORM_1WORD
PENAMPILAN	NORM_1WORD
PAYUDARA	NORM_1WORD
KAMU	NORM_1WORD
YANG	NORM_1WORD
KECIL	NORM_1WORD
DAN	NORM_1WORD
KURANG	NORM_1WORD
MENARIK,	NORM_1WORD
UDAH	NORM_1WORD
PAKE	NORM_1WORD
OBAT	NORM_1WORD
DAN	NORM_1WORD
ALAT	NORM_1WORD
KEMANA	NORM_1WORD
MANA	NORM_1WORD
GAK	NORM_1WORD
ADA	NORM_1WORD
PERUBAHAN..	NORM_1WORD
YUUKK	NORM_1WORD
SISTA	NORM_1WORD
CEK	NORM_1WORD
IG	NORM_1WORD
KITAAA@DR.BEAUTYBREAST	NORM_1WORD
PIN	NORM_1WORD
5E8CA768.	NORM_1WORD

Ultahnya	NORM_1WORD
samaaaa	NORM_1WORD
kak	O
marcellll	O
sama	O
aku	O
happy	O
birthday	O
to	NORM_1WORD
you	O
wakakaka	O
gak	NORM_1WORD
nyangka???	NORM_1WORD

Ahhhh	NORM_1WORD
oksigen	O
oksigen....	O
Bang...	NORM_1WORD
Usap	NORM_1WORD
rambut	O
itu....	O
W	NORM_1WORD
tergoda	O
cut	O
*eh	O

@r.andono.p	NORM_1WORD
lihaat	NORM_1WORD
!	O
aku	O
boleh	O
ya	O
mayoo	O

Kasihan	NORM_1WORD
liat	NORM_1WORD
dani	O
skg,	NORM_1WORD
sngt	NORM_1WORD
tdk	NORM_1WORD
terawat,	O
rambut,	O
muka	O
...	O
Pdhl	NORM_1WORD
dl	NORM_1WORD
wk	NORM_1WORD
sm	NORM_1WORD
bunda	O
@maiaestiantyreal	NORM_1WORD
bersih	O
ganteng,	O
skg	NORM_1WORD
kok	O
ky	NORM_1WORD
gini	NORM_1WORD

Malang	NORM_1WORD
kak	O
malangg,	NORM_1WORD
malang	O
belooomm	NORM_1WORD
?	O

kak..	O
Pake	NORM_1WORD
next	O
say:	NORM_1WORD
Tuhan	NORM_1WORD
Yesus	NORM_1WORD
aja	NORM_1WORD
biar	O
gk	NORM_1WORD
keluar	O
berita	O
yg	NORM_1WORD
aneh2-_-	NORM_1WORD
@sandradewi88	NORM_1WORD

Setuju	NORM_1WORD
daripada	O
suka	O
ngurusin	NORM_1WORD
orang	O
kalo	NORM_1WORD
nda	NORM_1WORD
suka	O
lebih	O
baik	O
ngurusin	NORM_1WORD
diri	O
sendiri!!!	O

@johnduallo	NORM_1WORD
ini	O
mah	O
hoax,	O
iklan	O
di	O
thailand	O
itu	O
cuma	O
tipu2nya	NORM_1WORD
doaang	NORM_1WORD

Nau	NORM_1WORD
apa	O
sih	O
suka	O
dukanya	O
kalau	O
jadi	O
penyanyi	O
kaya	NORM_1WORD
kamu,	O
kamu	O
nanggepin	NORM_1WORD
haters	O
gk??	NORM_1WORD
#NauraQnA	NORM_1WORD

Kamu	NORM_1WORD
sepupunya	O
ka	NORM_1WORD
raka	O
ya	O

Kek	NORM_1WORD
guaa	NORM_1WORD
yaakkk	NORM_1WORD
hahaha	O
@mutiahzrl	NORM_1WORD

Molly	NORM_1WORD
aja	NORM_1WORD
bang	O

Kanan	NORM_1WORD
huhuhu*knpa	NORM_1WORD
pda	NORM_1WORD
salah	O
cmn	NORM_1WORD
gara2	NORM_1WORD
tangan	O
--'	O

Hati2	NORM_1WORD
jangan2	NORM_1WORD
al	O
el	O
dul	O
nanti	O
ditaksir	O
jg	NORM_1WORD
sama	O
jamelahhhh	O
atau	O
anakny,	NORM_1WORD

Emg	NORM_1WORD
dasar	O
y	NORM_1WORD
cantik	O
dr	NORM_1WORD
lahir.beda	O
sm	NORM_1WORD
yg	NORM_1WORD
satu	O
y	NORM_1WORD
cantik	O
pakai	O
dempul	O
or	NORM_1WORD
make	NORM_1WORD
up	O
entr	NORM_1WORD
tua	O
kyax	NORM_1WORD
ap	NORM_1WORD
ea	NORM_1WORD

Kk	NORM_1WORD
nab	O

Ntih	NORM_1WORD
ini	O
yg	NORM_1WORD
opi	O
bilang	O
model	O
jilbabnyaah	NORM_1WORD
tadi	O
@rabiahidayantiarnan	NORM_1WORD
@megaiskanti	NORM_1WORD
@mutiaapriyeni	NORM_1WORD
@rozaliafransisca	NORM_1WORD

?Sakitnya	NORM_1WORD
bunda	O
ke	O
om	O
dhani	O
ud	NORM_1WORD
jd	NORM_1WORD
ikhlas	O
krn	NORM_1WORD
anak	O
anaknya..namun	O
klo	NORM_1WORD
utk	NORM_1WORD
temenan	NORM_1WORD
sm	NORM_1WORD
mb	NORM_1WORD
mulan	O
mungkin	O
enggak!!!	O
Logika	NORM_1WORD
aja	NORM_1WORD
kita	O
manusia	O
biasa	O
bukan	O
malaikat	O
yg	NORM_1WORD
bisa	O
nahan	NORM_1WORD
rasa	O
sakit	O
yg	NORM_1WORD
luar	O
biasa	O
dan	O
harus	O
jd	NORM_1WORD
pemaaf..lov	O
u	NORM_1WORD
@maiaestiantyreal	NORM_1WORD
??????terus	O
jd	NORM_1WORD
wanita	O
yg	NORM_1WORD
tegar	O
dan	O
kuat.	O

Nyusul	NORM_1WORD
nyok	NORM_1WORD
kk	NORM_1WORD
gni	NORM_1WORD
@lilysitorus	NORM_1WORD

WAWW	NORM_1WORD
MANTAPP	NORM_1WORD
BANGET	NORM_1WORD
PERUBAHAN	NORM_1WORD
TUBUH	NORM_1WORD
AKU,	NORM_1WORD
BERKAT	NORM_1WORD
PRODUK@DR.FRANZ.FASHION	NORM_1WORD
ASALNYA	NORM_1WORD
AKU	NORM_1WORD
TAKUT	NORM_1WORD
PAKE	NORM_1WORD
GITUAN,	NORM_1WORD
TAPI	NORM_1WORD
SETELAH	NORM_1WORD
AKU	NORM_1WORD
COBAAA,	NORM_1WORD
GAK	NORM_1WORD
NYESEL	NORM_1WORD
DEH,PRODUKNYA	NORM_1WORD
TANPA	NORM_1WORD
EFEK	NORM_1WORD
SAMPING	NORM_1WORD
DAN	NORM_1WORD
HASILNYA	NORM_1WORD
PERMANEN	NORM_1WORD
CEPET	NORM_1WORD
LAGI	NORM_1WORD
BERKEMBANGANYA,KALIAN	NORM_1WORD
GA	NORM_1WORD
MAU	NORM_1WORD
COBAA???	NORM_1WORD
MASA	NORM_1WORD
AKU	NORM_1WORD
AJA	NORM_1WORD
BISA	NORM_1WORD
BUKTIIN	NORM_1WORD
KALIAN	NORM_1WORD
GA	NORM_1WORD
MAU	NORM_1WORD
NGEBUKTIIN??	NORM_1WORD
SEKARANG	NORM_1WORD
BURUAN	NORM_1WORD
CEK	NORM_1WORD
IGNYA@DR.FRANZ.FASHION	NORM_1WORD
INVITE	NORM_1WORD
BBM	NORM_1WORD
:	O
D26EF557	NORM_1WORD

Cantik	NORM_1WORD
bgt	NORM_1WORD
kakkkk	NORM_1WORD

@rinanose16	NORM_1WORD
wahhh	NORM_1WORD
kita	O
samaan	O
nih	O
mba	NORM_1WORD
rina...aku	O
juga	O
baru	O
2	O
bulan	O
mutuain	NORM_1WORD
hijab	O
dan	O
udh	NORM_1WORD
hapus	O
smw	NORM_1WORD
foto2	NORM_1WORD
di	O
IG	NORM_1WORD
yg	NORM_1WORD
blm	NORM_1WORD
pake	NORM_1WORD
hijab	O
???	O
semoga	O
ttp	NORM_1WORD
istiqomah	NORM_1WORD
ya	O
mba	NORM_1WORD
???	O

Aq	NORM_1WORD
pasti	O
liyat	NORM_1WORD
sinetron	O
ini	O
krn	NORM_1WORD
aku	O
sk	NORM_1WORD
bgt	NORM_1WORD
sm	NORM_1WORD
kluarga	NORM_1WORD
sering	O
nonton	NORM_1WORD
bareng.	O

Poke	NORM_1WORD
@she_margaretta	NORM_1WORD
jgn	NORM_1WORD
ngiler	O
ya	O
wkwkwk	O

Cntik	NORM_1WORD
bgt	NORM_1WORD

akademi	O
malam	O
ini	O
,itu	O
live	O
atau	O
ulangan	O
kox	NORM_1WORD
gak	NORM_1WORD
pake	NORM_1WORD
jilbab	O
mbak	O
rina	O
:(	O

Followback	NORM_1WORD
donk	NORM_1WORD
kakak	O
cantikkk?	NORM_1WORD

@mariamarizka	NORM_1WORD
ya	O
cocokan	O
audi	O
lah...michel	O
mh	NORM_1WORD
kan	O
udah	NORM_1WORD
punya	O
marcell	O
darwin	O
...	O
lagian	O
body	O
audi	O
lebih	O
bohay	O
dripada	NORM_1WORD
michel	O
kerempeng	O

@tegarsatria	NORM_1WORD
Gar	NORM_1WORD
bella	O
pengen	NORM_1WORD
nih,	O
dr	NORM_1WORD
td	NORM_1WORD
ngomongin	NORM_1WORD
kek	NORM_1WORD
gini	NORM_1WORD
ya	O
Vi	NORM_1WORD
si	NORM_1WORD
bella	O
di	O
chat	O
hmmm	O
@sorayess_	NORM_1WORD

Hahahahaha	NORM_1WORD
lcu	NORM_1WORD
bngt	NORM_1WORD

hiii	NORM_1WORD
cium	O
ciumman	NORM_1WORD
lagi	O
aurot	NORM_1WORD
kak	O
allah	O
akan	O
murka	O
kepada	O
kakak	O
sama	O
suami	O
kakak	O

Iya	NORM_1WORD
kak	O
sama"	NORM_1WORD

@imririeaj	NORM_1WORD
hahaha	O
?	O
Emang	NORM_1WORD
cewer	NORM_1WORD
dan	O
cubit	O
termasuk	O
apa	O
dong?	O
Nah	NORM_1WORD
mending	O
saya	O
bilanh	NORM_1WORD
kamu,	O
kamu	O
termasuk	O
bahasa	O
indonesia	O
lo	O
mbak.	O
Dari	NORM_1WORD
pada	O
anda	O
bilang	O
situ?	O
Dan	NORM_1WORD
bilang	O
saya	O
kampungan?	O
Mana	NORM_1WORD
lebih	O
gak	NORM_1WORD
sopan?	O
Hahaha	NORM_1WORD
kamu	O
sok	O
sopan	O
tapi	O
mendukung	O
kekerasan!	O
Cubit	NORM_1WORD
aja	NORM_1WORD
anak	O
mu	O
sendiri	O

Ih	NORM_1WORD
kaka	NORM_1WORD
cantikkkkkkkk	NORM_1WORD
banget....	O

Aaaaa	NORM_1WORD
imutttttt	NORM_1WORD
aku	O
mau	O
satuuuuu	NORM_1WORD
????	O

KEEEERRRREEEENNNNNNNNN	NORM_1WORD
setelah	O
aku	O
pake	NORM_1WORD
alat	O
pembesar	O
payudara	O
dari@bigbreastnatural	NORM_1WORD
payudaraku	O
ga	NORM_1WORD
kendur	O
lagi	O
???	O
Chat	NORM_1WORD
ke	O
WA	NORM_1WORD
:	O
0857-9305-1973	O
/	O
BBM	NORM_1WORD
:	O
5B8BE79E	NORM_1WORD
/	O
LINE	NORM_1WORD
:	O
@ZHB0594N	NORM_1WORD
(PAKAI	NORM_1WORD
@)	O

Nyusahin	NORM_1WORD
aku?	O
Emg	NORM_1WORD
aku	O
makan	O
ikut	O
dia	O
apa??	O
yg	NORM_1WORD
pasti	O
bukan	O
nyusahin,	NORM_1WORD
cmn	NORM_1WORD
malu2in	NORM_1WORD
indo	NORM_1WORD
aja.	NORM_1WORD
Karya	NORM_1WORD
itu	O
bukan	O
dari	O
hasil	O
jiplak,	O
karya	O
buatan	O
sendiri	O
*tauartikaryagak?	O
Gue	NORM_1WORD
emg	NORM_1WORD
punya	O
karya,	O
dan	O
gak	NORM_1WORD
lebih	O
baik	O
dan	O
blm	NORM_1WORD
bisa	O
dibanggain.	NORM_1WORD
Tpi	NORM_1WORD
itu	O
hasil	O
buatan	O
sendiri.	O
Dan	NORM_1WORD
gue	O
bangga	O
sma	NORM_1WORD
diri	O
sendiri	O
wlau	NORM_1WORD
karya	O
gue	O
masih	O
kurang	O
tpi	NORM_1WORD
itu	O
tahap	O
awal	O
buat	O
bikin	O
karya.	O
Dan	NORM_1WORD
baca	O
lagi	O
dong	O
komenan	NORM_1WORD
gue	O
dari	O
awal!!	O
Emg	NORM_1WORD
komenan	NORM_1WORD
gue	O
ada	O
ya	O
yg	NORM_1WORD
nikita	O
jiplak	O
karya	O
gue???	O
@herra09	NORM_1WORD

Itu	NORM_1WORD
simple	O
banget	O
kebayane	O
jugaa	NORM_1WORD
wkwk	O
@ridhanisabrina	NORM_1WORD

@xocacola	NORM_1WORD
adek	O
jgn	NORM_1WORD
sampe	NORM_1WORD
masuk	O
angin	O
yaa	NORM_1WORD
?	O

Baru	NORM_1WORD
aku	O
sadar	O
dia	O
cantik	O
beudd	NORM_1WORD
@dianputri929	NORM_1WORD
diantak	O
termiribkan	NORM_1WORD

Kamu	NORM_1WORD
ituu	NORM_1WORD
,	O
,	O

Kunjungi	NORM_1WORD
IG	NORM_1WORD
kamiiii	NORM_1WORD
batiknya	O
cantik	O

Hbd	NORM_1WORD
@septriasaacha	NORM_1WORD
semoga	O
panjang	O
umur	O
dilimpahkan	O
rezekinya	O
&	O
dehat	NORM_1WORD
selalu	O
aminnnnn	NORM_1WORD

Kenaliiin.	NORM_1WORD
Pacar	NORM_1WORD
sm	NORM_1WORD
mantan	O
qu	NORM_1WORD
@ridyadara	NORM_1WORD

Gua	NORM_1WORD
ss	O
gua	O
print	O
ah	O
fotonya	O
10R	NORM_1WORD
trs	NORM_1WORD
tempel	O
di	O
kamar	O
tulisannya	O
"C'MON	NORM_1WORD
GIRL	NORM_1WORD
U'R	NORM_1WORD
BODY	NORM_1WORD
CAN	NORM_1WORD
BE	NORM_1WORD
LIKE	NORM_1WORD
THEM"	NORM_1WORD
WKWKWKWK	NORM_1WORD
@niluhpinkan	NORM_1WORD

Hdk	NORM_1WORD
yg	NORM_1WORD
simple	O
kyne	O
z	NORM_1WORD
@fvtrisna	NORM_1WORD

Masyallah..	NORM_1WORD
istiqomah	NORM_1WORD
@missnyctagina	NORM_1WORD
Allahumma	NORM_1WORD
aamiin	NORM_1WORD

Uhhh????	NORM_1WORD

Mau	NORM_1WORD
cantik	O
kyk	NORM_1WORD
raisa	O
:3	O
@mc.square	NORM_1WORD

Ati2	NORM_1WORD
neng	O
ada	O
kang	O
ojek	O
lokal	O
ntar	NORM_1WORD
diapa2in	NORM_1WORD
lgi	NORM_1WORD
-_-	O

@elmaqirazi	NORM_1WORD
mika	O
ga	NORM_1WORD
sekolah	O
di	O
tmpt	NORM_1WORD
anak2	NORM_1WORD
berkebutuhan	O
khusus,	O
dia	O
di	O
sekolah	O
biasa	O
tp	NORM_1WORD
sekolahnya	O
inklusi,	O
artinya	O
dia	O
menerima	O
anak2	NORM_1WORD
berkebutuhan	O
khusus,	O
disatukan	O
dgn	NORM_1WORD
anak2	NORM_1WORD
yg	NORM_1WORD
normal,	O
dgn	NORM_1WORD
begitu	O
si	NORM_1WORD
anak	O
spesial	O
ini	O
termotivasi	O
utk	NORM_1WORD
seperti	O
tmn2nya,	NORM_1WORD
bahkan	O
lebih	O

folback	O
donk	NORM_1WORD
kak	O
ruben	O

Kangen	NORM_1WORD
mereka,	O
pengganti	O
triplets	O
sumpah	O
gk	NORM_1WORD
lucu	O
bgt,	NORM_1WORD
jdi	NORM_1WORD
males	NORM_1WORD
nonton	NORM_1WORD
TROS	NORM_1WORD

Selamat	NORM_1WORD
utk	NORM_1WORD
Gubernur	NORM_1WORD
saya	O
dan	O
saya	O
sbg	NORM_1WORD
warga	O
DKI	NORM_1WORD
tentunya!	O
Yeaayy??????	NORM_1WORD

Tempo	NORM_1WORD
doeloe?	NORM_1WORD

cantikkkkkk	NORM_1WORD
bangetttt	NORM_1WORD

Zonk	NORM_1WORD
ko	NORM_1WORD
ada	O
itu	O
sih...	O

Iyuuuhhhh	NORM_1WORD
iewww	O
@ity_cantik	NORM_1WORD

Waaa	NORM_1WORD
kereenn	NORM_1WORD
banget	O
kak	O
nabila	O
@nsyakieb85	NORM_1WORD

Yaa..	NORM_1WORD
semoga	O
kita	O
para	O
saudara	O
seiman..kalo	NORM_1WORD
bisa	O
liht	NORM_1WORD
dr	NORM_1WORD
berbagai	O
sisi	O
sudut	O
pndang	NORM_1WORD
aja..	NORM_1WORD
untuk	O
sbagai	NORM_1WORD
pmbelajaran	NORM_1WORD
nantinya.	O
Jugaa...	NORM_1WORD
Apa	NORM_1WORD
lagi	O
ini	O
urusan	O
privasi	O
orng	NORM_1WORD
lain	O
yg	NORM_1WORD
sensitif	O
bgt...bgt...	NORM_1WORD
dan	O
ingat,,	O
Tuhan	NORM_1WORD
menciptakan	O
manusia	O
gak	NORM_1WORD
mungkin	O
jahat	O
100%	O
ataupun	O
baik	O
100%	O
...	O
jadi	O
jangan	O
suka	O
ngejelek	NORM_1WORD
in	NORM_1WORD
orang..	O
intinya	O
Kendalikan	NORM_1WORD
Ke_KEPO_an	NORM_1WORD
kita	O
yg	NORM_1WORD
sering	O
muncul	O
ketika	O
ada	O
orang	O
kena	O
maslah.	NORM_1WORD
.	O
.	O
Fokus	NORM_1WORD
pake	NORM_1WORD
kacamata	O
kuda	O
lihat	O
depan...mmperbaiki	NORM_1WORD
kehidupan	O
diri	O
sendiri	O
aja..	NORM_1WORD
biar	O
better	O

mischa	O
itu	O
lbih	NORM_1WORD
krus	NORM_1WORD
dri	NORM_1WORD
pda	NORM_1WORD
marcell	O
.	O
bner	NORM_1WORD
gaa	NORM_1WORD

Thx	NORM_1WORD
ya	O
kak	O
udah	NORM_1WORD
rekomendasiin	NORM_1WORD
produk	O
pelangsing	O
di@BEAUTYANDHEALTHYY	NORM_1WORD
berat	O
badan	O
aku	O
turun	O
7kg	O
dalam	O
2	O
minggu	O
nih	O
kak	O
,	O
aku	O
jadi	O
ga	NORM_1WORD
minder	O
lagi	O
thx	O
ya	O
kak	O

gk	NORM_1WORD
naksir	NORM_1WORD
coeg	O
wes	O
dwe	O
pdkt	O
an	O
@wildn9	NORM_1WORD

@usamahsams	NORM_1WORD
wah	O
orang	O
kayak	O
gini	NORM_1WORD
yang	O
terlalu	O
bodoh	O
untuk	O
menanggapi	O
suatu	O
masalah	O
hingga	O
bawa	O
masalah	O
pribadi.,mas	O
nya	O
seperti	O
kayak	O
paling	O
tua	O
aja	NORM_1WORD
ya,saya	O
sudah	O
punya	O
anak	O
mas..,dan	O
apa	O
hubungannya	O
opini	O
saya	O
sama	O
wajah	O
saya??hahaha	O
lucu	O
anda..terlihat	O
sekali	O
anda	O
tidak	O
dewasa	O
dalam	O
beropini,saya	O
tekankan	O
lagi	O
ya..semua	O
tindakan	O
di	O
negara	O
ini	O
ada	O
UNDANG	NORM_1WORD
UNDANG	NORM_1WORD
yang	O
mengaturnya..guru	O
sebelum	O
bertindak	O
harus	O
ta	O
konsekuensinya,apalagi	O
ini	O
"Guru"	NORM_1WORD
yang	O
paham	O
dan	O
mengerti	O
tentang	O
ilmu..dan	O
sorry	O
aja	NORM_1WORD
bro,klo	NORM_1WORD
saya	O
lihat	O
juga	O
dri	NORM_1WORD
wajah	O
anda..anda	O
penganut	O
paham	O
ISIS..,dan	NORM_1WORD
apa	O
hubungannya	O
juga	O
sama	O
korupsi???opini	O
anda	O
terlalu	O
nyeleneh	O
jauh..ini	O
ttg	NORM_1WORD
bullying	O
kok	O
mempernya	O
ke	O
korupsi..hahahahah	O
LUCU!	NORM_1WORD

Cek	NORM_1WORD
IG	NORM_1WORD
kami	O
yuuuukkk	NORM_1WORD

fashion	O
harga	O
RESELLER!	NORM_1WORD
banyak	O
kortingan,	O
sampe	NORM_1WORD
free	O
ongkir	O
:3	O
happy	O
shopping	O
darl	O
^^	O

Ntikk	NORM_1WORD

?????????????????????????	O
rumah	O
tangga	O
apabila	O
di	O
tengah2	NORM_1WORD
kita	O
hadir	O
sang	O
buah	O
hati	O
???	O
akan	O
tetapi	O
terhalang	O
dengan	O
penyakit	O
dan	O
virus	O
seperti:MIOM,PCOS,KISTA,TORCH,APS,KANKER	NORM_1WORD
SERVIK,OBESITAS,dll	NORM_1WORD
dikonsultasikan	O
segera	O
kami	O
akan	O
membantu	O
MENEMUKAN	NORM_1WORD
SOLUSINYA????...!!!pin	NORM_1WORD
bb7C271F22	NORM_1WORD

Kangennn	NORM_1WORD
kaliannnnnnn	NORM_1WORD
@prillylatuconsina96	NORM_1WORD
@aliandooo	NORM_1WORD

CEK	NORM_1WORD
IG@CARASEHATID	NORM_1WORD
YUK	NORM_1WORD
LADIES2	NORM_1WORD
CANTIK,	NORM_1WORD
MELANGSINGKAN	NORM_1WORD
TUBUH	NORM_1WORD
TURUN	NORM_1WORD
5KG	NORM_1WORD
DAN	NORM_1WORD
KULIT	NORM_1WORD
JADI	NORM_1WORD
GLOWING	NORM_1WORD
DALAM	NORM_1WORD
SEMINGGU	NORM_1WORD
,	O
BANYAK	NORM_1WORD
BUKTI	NORM_1WORD
BUKAN	NORM_1WORD
JANJI,	NORM_1WORD
CEK	NORM_1WORD
BBM	NORM_1WORD
KITA	NORM_1WORD
5FB2512C	NORM_1WORD
KONSULTASI	NORM_1WORD
GRATISS...!!	NORM_1WORD

@st_awaliyah	NORM_1WORD
mirip	O
syp	NORM_1WORD
?	O
aku	O
!?	O
SUBHANALLAH	NORM_1WORD
PUJIAN	NORM_1WORD
YG	NORM_1WORD
MENYESATKAN	NORM_1WORD
wkwwkw	O
bcnda	NORM_1WORD
ay	O

Ka	NORM_1WORD
memangnya	O
kk	NORM_1WORD
ngak	NORM_1WORD
benci	O
sama	O
ADRIANA	NORM_1WORD

Amiin	NORM_1WORD
yra	O
//	O
aduh	O
jadi	O
takut?	O
@nadyaaisha_zau	NORM_1WORD
@athiarania	NORM_1WORD

Kangen	NORM_1WORD
kalian	O
bangettttt	NORM_1WORD
@aliandooo	NORM_1WORD
@prillylatuconsina96	NORM_1WORD
????	O

Pin	NORM_1WORD
bbm	O
tu	NORM_1WORD
apa	O
ya	O
@dude2harlino	NORM_1WORD

Kaka	NORM_1WORD
gk	NORM_1WORD
cocok	O
sama	O
ka	NORM_1WORD
celene	O
mending	O
sama	O
ka	NORM_1WORD
natasya	O
apaan	O
sama	O
ka	NORM_1WORD
celene	O
janda	O

Mrip	NORM_1WORD
bgt	NORM_1WORD
sma	NORM_1WORD
mama.nyy	NORM_1WORD
uhhhh	O

@desyfitra	NORM_1WORD
udh	NORM_1WORD
mas	O
bram	O
begini	O
aja	NORM_1WORD
bagus	O
xD	NORM_1WORD

g	NORM_1WORD
bs	NORM_1WORD
lbh	NORM_1WORD
perfect	O
lg.	NORM_1WORD
bnr2	NORM_1WORD
psgn	NORM_1WORD
yg	NORM_1WORD
cocokkk	NORM_1WORD
dr	NORM_1WORD
ujg	NORM_1WORD
rmbut	NORM_1WORD
smp	NORM_1WORD
kki	NORM_1WORD
hehe	O
???	O

Loh?knp	NORM_1WORD
cha?kita	O
sambung	O
di	O
path	O
yoo..sek	NORM_1WORD
biso	O
ra?@ichabilal	NORM_1WORD

Yg	NORM_1WORD
sbelah	NORM_1WORD
kanan	O
cew	NORM_1WORD
it	NORM_1WORD
mischa	O
&	O
yg	NORM_1WORD
sblah	NORM_1WORD
kirinya	O
marcel.	O

Kak	NORM_1WORD
modii	O
selamat	O
iaa	NORM_1WORD
kak	O
:)	O
sukses	O
trus	NORM_1WORD
miss	O
u	NORM_1WORD
kak	O
modiii	O
:*	O

Ngapain	NORM_1WORD
ehh	NORM_1WORD

Semangaatt	NORM_1WORD
?	O
mudah2	NORM_1WORD
diberi	O
kemudahan	O
dlm	NORM_1WORD
istiqomahnya	O
ya	O
teh..??@rinanose16	NORM_1WORD

Next	NORM_1WORD
year!!	O
Amen..	NORM_1WORD

Bangettt	NORM_1WORD
@iliviav	NORM_1WORD
aahaha	O

Mampuussss	NORM_1WORD
Bella	NORM_1WORD
ketahuan	O
bgt	NORM_1WORD
diihhhh	NORM_1WORD
?	O
@bella.deviyani	NORM_1WORD
@tegarsatria	NORM_1WORD
@sorayess_	NORM_1WORD

Kk	NORM_1WORD
kok	O
gk	NORM_1WORD
brubah..	NORM_1WORD

Proud	NORM_1WORD
of	O
you	O
@vidialdiano...	NORM_1WORD
semoga	O
bs	NORM_1WORD
menular	O
ke	O
aku	O
????	O

ya	O
ampun	O
gemes	NORM_1WORD
lohh	NORM_1WORD

Nantik	NORM_1WORD
kita	O
pergi	O
ksitu	NORM_1WORD
yng	NORM_1WORD
@dinnahasan	NORM_1WORD

@imeldagsiregar	NORM_1WORD
aku	O
udah	NORM_1WORD
jadi	O
anak	O
baek	NORM_1WORD
mak	O

Cinta	NORM_1WORD
laura	O
itu	O
islam	O
...tuh	O
ad	NORM_1WORD
d	NORM_1WORD
inseklopedia.y	NORM_1WORD

Lucu	NORM_1WORD
bgt	NORM_1WORD
gempiii	O

Mata	NORM_1WORD
ku	O
yang	O
seleng	O
atau	O
gimana	NORM_1WORD
ya....	O
kok	O
kayak	O
ngeliat	NORM_1WORD
mulan	O
yg	NORM_1WORD
pake	NORM_1WORD
mukena...	O
sktika	NORM_1WORD
lupa	O
wajah	O
bunda	O
maia	O

Kamu	NORM_1WORD
itu	O
beruntung	O
bgt.	NORM_1WORD
Aku	NORM_1WORD
akn	NORM_1WORD
ndukung	NORM_1WORD
kamu	O
naura.	O
Please	NORM_1WORD
follow	O
aku	O
ya	O

AKU	NORM_1WORD
REKOMENDASIIN	NORM_1WORD
DEH	NORM_1WORD
SAY	NORM_1WORD
OLSHOP	NORM_1WORD
YANG	NORM_1WORD
TRUSTED!	NORM_1WORD
JUAL	NORM_1WORD
ALAT	NORM_1WORD
AJAIB!!!!	NORM_1WORD
BISA	NORM_1WORD
BIKIN	NORM_1WORD
LANGSING	NORM_1WORD
+	O
PEMBESAR	NORM_1WORD
PAYUDARA,	NORM_1WORD
PENGECIL	NORM_1WORD
PAHA	NORM_1WORD
DAN	NORM_1WORD
BETIS@bigbreastnatural.	NORM_1WORD
Chat	NORM_1WORD
ke	O
WA	NORM_1WORD
:	O
0857-9305-1973	O
/	O
BBM	NORM_1WORD
:	O
5B8BE79E	NORM_1WORD
/	O
LINE	NORM_1WORD
:	O
@ZHB0594N	NORM_1WORD
(PAKAI	NORM_1WORD
@)	O

Jalarta	NORM_1WORD
barat	O
donk	NORM_1WORD
di	O
jl	O
gotong	O
royong	O
dpr	O
1	O

captionnya	O
bkin	NORM_1WORD
meleleh	O
?	O

Subhanallah	NORM_1WORD
Sunggu	NORM_1WORD
luar	O
biasa	O
ciptaan	O
-MU	NORM_1WORD
TUHAN	NORM_1WORD
.mmm	O
udh	NORM_1WORD
sholeh	O
beprestasi	O
lagiii....	NORM_1WORD
??????	O

Alhamdulillah..smoga	NORM_1WORD
berkekalan	O

Teteh	NORM_1WORD
rina..	O
Semoga	NORM_1WORD
istiqomah	NORM_1WORD
tehh,	NORM_1WORD
teteh	O
lbih	NORM_1WORD
cantik	O
pake	NORM_1WORD
hijabb.	NORM_1WORD
???	O

Dlm	NORM_1WORD
hdup	NORM_1WORD
tak	O
ada	O
yg	NORM_1WORD
abadi,namun	O
sejatinya	O
itulah	O
yg	NORM_1WORD
sulit...krn	NORM_1WORD
hdp	NORM_1WORD
trus	NORM_1WORD
berputar	O
dan	O
maju	O
kedpan...	NORM_1WORD

Saya	NORM_1WORD
bukan	O
pembela	O
sapa2.	NORM_1WORD
Tp	NORM_1WORD
menurut	O
saya	O
maia	O
mmg	NORM_1WORD
bukan	O
cm	NORM_1WORD
lebih	O
cantik	O
to	NORM_1WORD
jg	NORM_1WORD
jauh	O
lebih	O
cerdas	O
ketimbang	O
mulan.	O
Terlihat	NORM_1WORD
dari	O
gaya	O
dan	O
cara	O
berbicaranya,	O
bahasanya	O
teratur	O
dan	O
lebih	O
sustematis.	O
Meskipun	NORM_1WORD
sedang	O
sama2	NORM_1WORD
emosi.	O
Salut	NORM_1WORD
maia!	O
Untuk	NORM_1WORD
mulan,	O
mgkn	NORM_1WORD
jalan	O
supaya	O
haters	O
mereda	O
kyknya	NORM_1WORD
kamu	O
perlu	O
tindakan	O
bercerai	O
dgn	NORM_1WORD
dhani.	O
Mgkn	NORM_1WORD
itu	O
yg	NORM_1WORD
diinginkan	O
haters.	O
Tunjukkan	NORM_1WORD
bhwa	NORM_1WORD
kamu	O
mampu	O
dan	O
pnya	NORM_1WORD
pendirian.	O
Sukses	NORM_1WORD
juga	O
buat	O
mulan.	O
@maiaestiantyreal	NORM_1WORD
@realmulanjamela	NORM_1WORD
@mulanjameela1	NORM_1WORD
@tiaransvtr	NORM_1WORD
@tyaraa	NORM_1WORD

Cantik	NORM_1WORD
jelita	O
mulan	O
jameela..	O
cowo	NORM_1WORD
mana	O
yg	NORM_1WORD
ga	NORM_1WORD
maksir	NORM_1WORD
sama	O
mulan..	O
udh	NORM_1WORD
punya	O
anak	O
3.	O
Tp	NORM_1WORD
tetep	NORM_1WORD
Langsing.	NORM_1WORD
Hebatt	NORM_1WORD

DARI	NORM_1WORD
PADA	NORM_1WORD
HARUS	NORM_1WORD
MAHAL-MAHAL	NORM_1WORD
PERAWATAN	NORM_1WORD
KE	NORM_1WORD
DOKTER,	NORM_1WORD
NIH	NORM_1WORD
AKU	NORM_1WORD
SARANIN	NORM_1WORD
PAKAI	NORM_1WORD
PRODUK	NORM_1WORD
DARI@QUEEN_BEAUTY_NATURAL	NORM_1WORD
DI	NORM_1WORD
SINI	NORM_1WORD
HERBAL	NORM_1WORD
100	O
GA	NORM_1WORD
ADA	NORM_1WORD
EFEK	NORM_1WORD
SAMPING	NORM_1WORD
NYA,	NORM_1WORD
DAN	NORM_1WORD
EFEKNYA	NORM_1WORD
SANGAT	NORM_1WORD
SAMA	NORM_1WORD
DENGAN	NORM_1WORD
HASIL	NORM_1WORD
PERAWATAN	NORM_1WORD
DARI	NORM_1WORD
DOKTER,	NORM_1WORD
AKU	NORM_1WORD
CUMA	NORM_1WORD
PAKE	NORM_1WORD
2	O
MINGGU,	NORM_1WORD
BEKAS	NORM_1WORD
JERAWAT	NORM_1WORD
DI	NORM_1WORD
MUKA	NORM_1WORD
AKU	NORM_1WORD
PADA	NORM_1WORD
ILANG,	NORM_1WORD
DAN	NORM_1WORD
BIKIN	NORM_1WORD
PUTIH	NORM_1WORD
JUGA	NORM_1WORD
MUKA,	NORM_1WORD
JANGAN	NORM_1WORD
TAKUT,	NORM_1WORD
INI	NORM_1WORD
GA	NORM_1WORD
ADA	NORM_1WORD
BAHAN	NORM_1WORD
KIMIANYA	NORM_1WORD
LOH,	NORM_1WORD
COBAIN	NORM_1WORD
DEH	NORM_1WORD
INVITE	NORM_1WORD
5D885B1C	NORM_1WORD

@arumsaric	NORM_1WORD
@bella.deviyani	NORM_1WORD
@tegarsatria	NORM_1WORD
ngakak	NORM_1WORD
anjir	O
gue	O
udah	NORM_1WORD
kek.	NORM_1WORD
Tp	NORM_1WORD
emg	NORM_1WORD
iya	O
gar	O
dia	O
ngirim	NORM_1WORD
foto	O
itu	O
sambil	O
bilang	O
ngidam	NORM_1WORD

Ya	NORM_1WORD
benar	O
mbak	O
,	O
karna	NORM_1WORD
semua	O
anak	O
itu	O
uniqe	O
,	O
coba	O
deh	O
mbak	O
nnton	NORM_1WORD
film	O
taare	O
zameen	O
par	O
,	O
kejadianny	NORM_1WORD
hampir	O
sama	O
tp	NORM_1WORD
ada	O
penyelesaian	O
kalo	NORM_1WORD
kita	O
ada	O
kemauan	O
@zahratuljannah	NORM_1WORD
..	O
?	O

Itu	NORM_1WORD
baju	O
kokona	O
kerenn	NORM_1WORD
binggo	NORM_1WORD
rekomndd	NORM_1WORD
donk	NORM_1WORD
beli	O
dmn...pngn	NORM_1WORD
bli2n	NORM_1WORD
bwt	NORM_1WORD
suami	O
jg..	NORM_1WORD

someday	O
yah	NORM_1WORD
didi...	O
aamiin...	NORM_1WORD
@badibastian	NORM_1WORD

Indah	NORM_1WORD
bangettt	NORM_1WORD
???	O

Ngak	NORM_1WORD
cocok	O
and	O
gak	NORM_1WORD
setuju	O
bnget	NORM_1WORD
klow	NORM_1WORD
al	O
sama	O
jesica	O
mila	O

Aahh.	NORM_1WORD
.	O
.	O
Ngiri	NORM_1WORD
banget.	O
.	O

@ariya_dinata	NORM_1WORD
aku	O
pngen	NORM_1WORD
poto	NORM_1WORD
koyok	O
ngene	O

MansyoAllah	NORM_1WORD
cantik	O
skali	NORM_1WORD
?	O

Marcel	NORM_1WORD
yg	NORM_1WORD
bertato	O
donk	NORM_1WORD
@marcelchandra	NORM_1WORD
tetap	O
Ada	NORM_1WORD
bedanya.aku	O
dari	O
dulu	O
bisa	O
bedain	NORM_1WORD
kok	O

Ngak	NORM_1WORD
cocok	O

K	NORM_1WORD
jullee,,fllbck	O
yaa	NORM_1WORD
:)	O

Tdk	NORM_1WORD
usah	O
mmposting	O
sprti	NORM_1WORD
ini	O
mb	NORM_1WORD
maia	O

Cantik	NORM_1WORD
bgt	NORM_1WORD
bunda...	O

Aku	NORM_1WORD
senang	O
sama	O
kakak	O
@fatin30	NORM_1WORD
soalnya	O
kakak	O
mah	O
gk	NORM_1WORD
bnyk	NORM_1WORD
gaya	O

Wahai	NORM_1WORD
pujangga	O
cintaaaaaaa?	NORM_1WORD
@sakinaahsly	NORM_1WORD
@nicholassaputra	NORM_1WORD

@nandashrd	NORM_1WORD
mirip	O
bgt	NORM_1WORD
ya	O
sma	NORM_1WORD
harley	O
quin	O
nya:v	O

Malah	NORM_1WORD
jadi	O
kek	NORM_1WORD
orang	O
linglung..	O
mendingan	O
dari	O
gak	NORM_1WORD
berjilbab	O
jadi	O
berjilbab	O
dari	O
pada	O
habis	O
berjilbab	O
buka	O
jilbab	O
pakai	O
baju	O
sexi2..	NORM_1WORD

Buonanotte	NORM_1WORD
@maiaestiantyreal	NORM_1WORD
??...	O
come	O
stai	O
BUNMAI	NORM_1WORD
?	O
Pulang	NORM_1WORD
Indo	NORM_1WORD
dr	NORM_1WORD
liburan	O
br	NORM_1WORD
denger	NORM_1WORD
berita	O
heboh	O
+	O
lucu	O
skaligus	NORM_1WORD
bulshit	O
dr	NORM_1WORD
"	O
pihak	O
sana".	O
BKIN	NORM_1WORD
GREGET	NORM_1WORD
BUAT	NORM_1WORD
COMMENT.	NORM_1WORD
HEHE..	NORM_1WORD
Jg	NORM_1WORD
$y	NORM_1WORD
bkn	NORM_1WORD
type	O
crazy	O
of	O
medsos.	O
Jd	NORM_1WORD
ada	O
waktu	O
br	NORM_1WORD
buka	O
n	NORM_1WORD
cek2	NORM_1WORD
aja.?..	NORM_1WORD
whatever..	O
INNALLAHA	NORM_1WORD
MA'ASSOBBIRRIIIINNN..	NORM_1WORD
?ya	O
Bun..	NORM_1WORD
pasrah	O
aja.	NORM_1WORD
Allah	NORM_1WORD
maha	O
adil.	O
SOAL	NORM_1WORD
MEMA'AFKAN	NORM_1WORD
ITU	NORM_1WORD
HAK	NORM_1WORD
BUNMAI.	NORM_1WORD
KL	NORM_1WORD
PUN	NORM_1WORD
UDH	NORM_1WORD
MEMA'AFKAN	NORM_1WORD
,	O
TP	NORM_1WORD
G'	NORM_1WORD
MAU	NORM_1WORD
DEKAT	NORM_1WORD
SPTI	NORM_1WORD
DL	NORM_1WORD
ITU	NORM_1WORD
PUN	NORM_1WORD
WAJAR	NORM_1WORD
AJA.	NORM_1WORD
Bunmai	NORM_1WORD
hanya	O
seorang	O
manusia	O
yg	NORM_1WORD
jelas	O
punya	O
PERASAAN..	NORM_1WORD
TP	NORM_1WORD
SMAKIN	NORM_1WORD
IKHLAS	NORM_1WORD
QTA	NORM_1WORD
MERELAKAN	NORM_1WORD
NYA	NORM_1WORD
MAKA	NORM_1WORD
INSYAALAH	NORM_1WORD
ALLAH	NORM_1WORD
AKAN	NORM_1WORD
MENGGANTIKAN	NORM_1WORD
DG	NORM_1WORD
SESUATU	NORM_1WORD
YG	NORM_1WORD
LEBIH	NORM_1WORD
INDAH..	NORM_1WORD
SUBHANALLAH..	NORM_1WORD
JGN	NORM_1WORD
TERPANCING	NORM_1WORD
HAL	NORM_1WORD
BULSHIT	NORM_1WORD
GTU	NORM_1WORD
BUNMAI	NORM_1WORD
@maiaestiantyreal	NORM_1WORD
..	O
?.	O
n	NORM_1WORD
buat	O
yg	NORM_1WORD
lain	O
:	O
COBA	NORM_1WORD
POSISIKAN	NORM_1WORD
DIRI	NORM_1WORD
ANDA	NORM_1WORD
SBGAI	NORM_1WORD
BUNMAI..	NORM_1WORD
mgk	NORM_1WORD
baru	O
anda	O
semua	O
bisa	O
tau	O
n	NORM_1WORD
bs	NORM_1WORD
merasakan	O
,	O
bgmn	NORM_1WORD
kl	NORM_1WORD
spti	NORM_1WORD
bunmai..	O
Ok.	NORM_1WORD
BUON	NORM_1WORD
FORTUNA	NORM_1WORD
BUAT	NORM_1WORD
BUNMAI	NORM_1WORD
@maiaestiantyreal	NORM_1WORD
??.	O

Gak	NORM_1WORD
ah!	O
Kya	NORM_1WORD
poni	O
nya	O
si	NORM_1WORD
bencong	O
njir	NORM_1WORD
wkwkwk	O
@anshilalala	NORM_1WORD

Uh	NORM_1WORD
cantik	O
banget	O
pake	NORM_1WORD
hijab	O
ka	NORM_1WORD
?	O
@rinanose16	NORM_1WORD

@nessiadaulay	NORM_1WORD
banyak2	NORM_1WORD
tabah	O
yo	NORM_1WORD
nessssz:)))	O

Yg	NORM_1WORD
sabar	O
ya	O
kak	O
jangan	O
dengerin	NORM_1WORD
apa	O
kata	O
haters	O

Hadeuuh	NORM_1WORD
.	O
Kalo	NORM_1WORD
artis	O
ngomong	NORM_1WORD
soal	O
agama	O
aja	NORM_1WORD
pada	O
ngejudge	O
dia	O
.	O
Terus	NORM_1WORD
agama	O
sendiri	O
"dikemanain"	NORM_1WORD
?!?!	O
.	O
MIKIR	NORM_1WORD
DONG	NORM_1WORD
.	O
jangan	O
pada	O
bisanya	O
NGEJUDGE	NORM_1WORD
orang	O
.	O
?	O

Semoga	NORM_1WORD
menjadi	O
anak	O
yg	NORM_1WORD
soleh	O
dan	O
berhati	O
mulia..	O

Cinta	NORM_1WORD
laura	O
itu	O
islam	O
ap	NORM_1WORD
kristen	O
siiihh	NORM_1WORD
krpoooo	NORM_1WORD

@auliaoktaviyani	NORM_1WORD
kata2nya	NORM_1WORD
ul	O
bnr	NORM_1WORD
anget	O

Hehhmmm	NORM_1WORD
harusnya	O
sadar	O
to	NORM_1WORD
mulan...dulu	O
mati"an	NORM_1WORD
menyangkal	O
sekarang	O
dengan	O
bangga	O
nya	O

Wah	NORM_1WORD
kak	O
mila	O
cantik	O
bgt	NORM_1WORD
kalau	O
pakai	O
hijab	O
subhanallah	O

jd	NORM_1WORD
sok	O
sexy	O
gitu	NORM_1WORD
dia	O
@agustarrifa	NORM_1WORD
kebarat2an	NORM_1WORD
umur	O
masih	O
kecil	O
juga	O
????	O

@imririeaj	NORM_1WORD
saya	O
ada	O
bilang	O
kamu	O
sama	O
anda	O
mbak?	O
Mana	NORM_1WORD
postingannsaya	O
bilang	O
kamu	O
sama	O
anda?	O
Bisa	NORM_1WORD
BACA?	NORM_1WORD
Anda	NORM_1WORD
sekolah	O
gak?	NORM_1WORD
???	O
gini	NORM_1WORD
dah	NORM_1WORD
produk	O
manusia	O
yang	O
di	O
kuasai	O
oleh	O
kekerasan.	O
Dasar	NORM_1WORD
gak	NORM_1WORD
sopan!	O

aku	O
pling	NORM_1WORD
ska	NORM_1WORD
denger	NORM_1WORD
kak	O
yuki	O
ktawa	NORM_1WORD

15	O
thn	NORM_1WORD
tapi	O
tuwek	NORM_1WORD
mukae,	NORM_1WORD
disikan	O
kene	O
tapi	O
ultahe	NORM_1WORD
@okesabella	NORM_1WORD

Liattt	NORM_1WORD
cuyyy	NORM_1WORD
@amyypratiwi	NORM_1WORD
@alba_veronica	NORM_1WORD

@fanisaindr	NORM_1WORD
goals	O
yha	NORM_1WORD

@novisyahreza	NORM_1WORD
kok	O
omongannya	O
gak	NORM_1WORD
sopan,	O
perkataan	O
sama	O
jilbabnya	O
gak	NORM_1WORD
sesuai	O
percuma	O
tuh	O
aurat	O
ditutupin	NORM_1WORD
tp	NORM_1WORD
mulut	O
diumbar,	O
walau	O
@lidyaaputrii	NORM_1WORD
gk	NORM_1WORD
pake	NORM_1WORD
jilbab	O
tp	NORM_1WORD
lebih	O
menjaga	O
sama	O
omongan	O
disosmednya	O

@erikamulya.28	NORM_1WORD
ga	NORM_1WORD
seneng	NORM_1WORD
bilang	O
ae??	NORM_1WORD

Ini	NORM_1WORD
baru	O
namnya	NORM_1WORD
Janda	NORM_1WORD
semakin	O
di	O
depan	O
hahahahha	O

Asli	NORM_1WORD
lebih	O
baik	O
dari	O
pada	O
palsu	O
.	O
ayo	O
sisst	O
yg	NORM_1WORD
mau	O
putih,	O
langsing.	O
konsultasikan	O
langsung	O
deh	O
ke@DR_CANTIK.ID	NORM_1WORD
kalo	NORM_1WORD
masih	O
bisa	O
di	NORM_1WORD
rubah	NORM_1WORD
rubah	NORM_1WORD
dari	NORM_1WORD
sekarang	NORM_1WORD
sisst.	NORM_1WORD
poko	NORM_1WORD
nya	NORM_1WORD
produk	NORM_1WORD
ny	NORM_1WORD
bner	NORM_1WORD
bner	NORM_1WORD
bagus	NORM_1WORD
deh	NORM_1WORD
15	NORM_1WORD
hari	NORM_1WORD
aja	NORM_1WORD
aku	NORM_1WORD
udah	NORM_1WORD
putih	NORM_1WORD
bnget.	NORM_1WORD
BB	NORM_1WORD
aku	O
udah	NORM_1WORD
trun	NORM_1WORD
20kg	O
poko	NORM_1WORD
nya	O
mantepp	NORM_1WORD
banget	O
dehh.	NORM_1WORD

Pengen	NORM_1WORD
punya	O
dinding	O
kamar	O
&	O
dinding	O
rumah	O
yang	O
cantik?	O
Tapi	NORM_1WORD
harganya	O
mahal?	O
Tidak	NORM_1WORD
perlu	O
khawatir,	O
langsung	O
saja	O
follow	O
IG	NORM_1WORD
@meervallertie	NORM_1WORD
pusat	O
wallsticker	O
termurah	O
seIG	NORM_1WORD
&	O
banyak	O
pilihan	O
motifnya.	O
Dijamin	NORM_1WORD
kamu	O
bakalan	O
punya	O
dinding	O
kamar	O
&	O
dinding	O
rumah	O
mu	O
pasti	O
terlihat	O
cantik	O
dengan	O
harga	O
yang	O
murah	O
meriah.	O

Mangkanya	NORM_1WORD
wkwkwkkw	O
@la.ras	NORM_1WORD
mukanya	O
mirip	O
elu	NORM_1WORD
???	O

Ig	NORM_1WORD
zama	NORM_1WORD
dulu	O

Diet	NORM_1WORD
pak	O
.	O
dah	NORM_1WORD
montok	O
tu	NORM_1WORD
.	O
hihi	O
.	O
love	O
4	O
voice	O
tulus	O

Sis	NORM_1WORD
@ridhanisabrina	NORM_1WORD
wisudamu	O
kaya	NORM_1WORD
gni	NORM_1WORD
aja	NORM_1WORD
simple	O

Subhanallah	NORM_1WORD
kk	NORM_1WORD

Kangen	NORM_1WORD
ma	NORM_1WORD
olga..kangen	O
ma	NORM_1WORD
candaan	O
dan	O
celotehan	O
nya	O

Lucu	NORM_1WORD
bgt	NORM_1WORD
gambarnya	O
tp	NORM_1WORD
gw	NORM_1WORD
kog	NORM_1WORD
jd	NORM_1WORD
agak	O
ngeri	O
yha	NORM_1WORD
liatnya	NORM_1WORD

Kak	NORM_1WORD
bkin	NORM_1WORD
video	O
mail	O
time	O
bareng	O
kak	O
cassy	O
dongg	NORM_1WORD

@duljaelani	NORM_1WORD
kamu	O
dulunya	O
ganteng	O
bgt,imut2	NORM_1WORD
gimana	NORM_1WORD
gtu	NORM_1WORD
wkwk	O

Master	NORM_1WORD
@mastercorbuzier	NORM_1WORD
tuh	O
tangkep	NORM_1WORD
jg	NORM_1WORD
si	NORM_1WORD
ity	O
cantik,	O
commentnya	O
d	NORM_1WORD
atas	O
masa	O
kaya	NORM_1WORD
gitu...	NORM_1WORD
sosmed	O
masa	O
dipake	NORM_1WORD
bt	NORM_1WORD
ngomong	NORM_1WORD
kaya	NORM_1WORD
gitu	NORM_1WORD

Pada	NORM_1WORD
istighfar	O
coba,,haduh	NORM_1WORD
comen2nya	NORM_1WORD
pedesssss	NORM_1WORD
semua.	O

Payudara	NORM_1WORD
kamu	O
kurang	O
kencang	O
??	O
pasti	O
belum	O
follow@KECANTIKAN_SAHABAT_ARTIS,	NORM_1WORD
yuuk	NORM_1WORD
temukan	O
rahasiannya,	O
atau	O
invite	O
langsung	O
pinnya	O
:	O
5FA808D5	NORM_1WORD
w.a:081236464927	NORM_1WORD

ih	O
rin	O
itu	O
mata	O
nya	O
kemn	NORM_1WORD
y?	NORM_1WORD
lihat	O
g	NORM_1WORD
@karinakhansa2_	NORM_1WORD

15?tp	NORM_1WORD
kua	O
udh	NORM_1WORD
20	O
:v	O
udh	NORM_1WORD
nikah	O
mlh	NORM_1WORD
kliatanya._.	NORM_1WORD

Follbck	NORM_1WORD
kakak	O
yg	NORM_1WORD
cantik	O
@fatin30,	NORM_1WORD

kk	NORM_1WORD
cantik	O
bangeet,aku	NORM_1WORD
ngfans	NORM_1WORD
banget	O
sama	O
kk..	NORM_1WORD

Cpt	NORM_1WORD
mrit	NORM_1WORD
y	NORM_1WORD
luna	O

Gimna	NORM_1WORD
caranya	O
ka?	NORM_1WORD

Cantikan	NORM_1WORD
@raisa6690	NORM_1WORD
jauhhh,	NORM_1WORD
padahal	O
pose	O
udh	NORM_1WORD
monyong	O
&	O
rambut	O
disanggul	O
?	O

Ciyeeeeeee	NORM_1WORD
ka	NORM_1WORD
raffi	O

Keche	NORM_1WORD
Badaii	NORM_1WORD
teh	O
rina	O
love	O
you	O
???	O

PUNYA	NORM_1WORD
PAYUDARA	NORM_1WORD
BESAR	NORM_1WORD
KENCQNG	NORM_1WORD
BIAR	NORM_1WORD
JADI	NORM_1WORD
PERHATIAN	NORM_1WORD
LAWAN	NORM_1WORD
JENIS	NORM_1WORD
?	O
KEPOIN	NORM_1WORD
AJA	NORM_1WORD
NIH	NORM_1WORD
IG	NORM_1WORD
@dr_payudara_sehat	NORM_1WORD
DAN	NORM_1WORD
BBM	NORM_1WORD
AKU	NORM_1WORD
5eae0ce6	O

Wahh	NORM_1WORD
persis	O
bgt	NORM_1WORD
yakk	NORM_1WORD
....	O

Info	NORM_1WORD
lebih	O
lanjut	O
follow@PROF.CANTIK	NORM_1WORD
/	O
pin.bbm.com/7c735050	O
/	O
TLP	NORM_1WORD
:	O
089609859219	O
follow@PROF.CANTIK	NORM_1WORD
/	O
pin.bbm.com/7c735050	O
/	O
TLP	NORM_1WORD
:	O
089609859219	O
follow@PROF.CANTIK	NORM_1WORD
/pin.bbm.com/7c735050	O
/	O
TLP	NORM_1WORD
:	O
089609859219	O
Mau	NORM_1WORD
tambah	O
TINGGI	NORM_1WORD
6-15cm?	O
Berat	NORM_1WORD
badan	O
turun	O
16-25	O
kg?	O
Berat	NORM_1WORD
badan	O
bertambah	O
10-25	O
kg?	O
Kulit	NORM_1WORD
putih	O
sehat	O
alami?	O
Butuh	NORM_1WORD
Obat	NORM_1WORD
herbal	O
berbagai	O
penyakit??	O
?????	O
?????	O
Produk	NORM_1WORD
BEST	NORM_1WORD
SELLER	NORM_1WORD
dunia	O
sudah	O
teruji	O
khasiatnya?Mau	NORM_1WORD
tambah	O
TINGGI	NORM_1WORD
6-15cm?	O
Berat	NORM_1WORD
badan	O
turun	O
16-25	O
kg?	O
Berat	NORM_1WORD
badan	O
bertambah	O
10-25	O
kg?	O
Kulit	NORM_1WORD
putih	O
sehat	O
alami?	O
Butuh	NORM_1WORD
Obat	NORM_1WORD
herbal	O
berbagai	O
penyakit??	O
?????	O
?????	O
Produk	NORM_1WORD
BEST	NORM_1WORD
SELLER	NORM_1WORD
dunia	O
sudah	O
teruji	O
khasiatnya?Mau	NORM_1WORD
tambah	O
TINGGI	NORM_1WORD
6-15cm?	O
Berat	NORM_1WORD
badan	O
turun	O
16-25	O
kg?	O
Berat	NORM_1WORD
badan	O
bertambah	O
10-25	O
kg?	O
Kulit	NORM_1WORD
putih	O
sehat	O
alami?	O
Butuh	NORM_1WORD
Obat	NORM_1WORD
herbal	O
berbagai	O
penyakit??	O
?????	O
?????	O
Produk	NORM_1WORD
BEST	NORM_1WORD
SELLER	NORM_1WORD
dunia	O
sudah	O
teruji	O
khasiatnya?	O
?	O
produknya	O
aman	O
banget	O
?	O
ga	NORM_1WORD
ada	O
efek	O
samping	O
dan	O
ketergantungan?	O
,	O
Udah	NORM_1WORD
dapat	O
sertifikat	O
?	O
BPOM	NORM_1WORD
dan	O
?	O
Halal	NORM_1WORD
MUI	NORM_1WORD
juga	O
(y)	NORM_1WORD

"PERENCANAAN"	NORM_1WORD
Rencana	NORM_1WORD
kdg2	NORM_1WORD
bisa	O
ga	NORM_1WORD
jalan	O
looohh...	NORM_1WORD

Luaarrr	NORM_1WORD
biasaaa	NORM_1WORD
kaka	NORM_1WORD
@marshanda99	NORM_1WORD
..jadilh	NORM_1WORD
artis	O
panutan	O
dan	O
inspirasi	O
org**	NORM_1WORD
yg	NORM_1WORD
malu	O
terhadap	O
org	NORM_1WORD
tua	O
na	NORM_1WORD
sendiri...	O

Lucuuuuu	NORM_1WORD
pngn	NORM_1WORD
cubit	O
pipi'y	NORM_1WORD
?	O
gemmeeezzz	NORM_1WORD
???	O

Berani	NORM_1WORD
upload	O
gni	NORM_1WORD
mbok??	O
??	O
@rahmizulfi	NORM_1WORD

jogetin	NORM_1WORD
dulu	O
shaay?	NORM_1WORD
@karinaamaliaa	NORM_1WORD
@ratulaila	NORM_1WORD
@karbianca	NORM_1WORD
@ennorizkya	NORM_1WORD

Pliss	NORM_1WORD
ini	O
lucu	O
banget	O
Ruk,	NORM_1WORD
ga	NORM_1WORD
kuaaatt	NORM_1WORD
@farouck_	NORM_1WORD

Beda	NORM_1WORD
setahun	O
sama	O
gua	O
sipp....	NORM_1WORD
masi	NORM_1WORD
smp	NORM_1WORD
cas?	O
@cassandraslee	NORM_1WORD

ganteng	O
euy	O
,	O
bdan	NORM_1WORD
nyaaa	NORM_1WORD
gemesin	NORM_1WORD
@dhillee	NORM_1WORD

Kangen	NORM_1WORD
almarhum	O
kk	NORM_1WORD
olga	O

@bellagap	NORM_1WORD
????	O
ternyata	O
gak	NORM_1WORD
sebaik	O
yg	NORM_1WORD
ku	O
kira,	O
sabar	O
sal	O
@salshabillaadr	NORM_1WORD

Yaiyalah..semua	NORM_1WORD
bisa	O
terjadi	O
klo	NORM_1WORD
banyak	O
duitnya..hihiiii	O

Hehe	NORM_1WORD
yauda	O
nanti	O
mas	O
buat	O
gitu	NORM_1WORD
@likamalika_n	NORM_1WORD

Iih	NORM_1WORD
bujur	O
@ruthdolken	NORM_1WORD
??	O
ayoo	NORM_1WORD
sapa	O
tau	O
km	NORM_1WORD
bs	NORM_1WORD
jd	NORM_1WORD
artis	O
jua	O

@kristianayunis	NORM_1WORD
bagaikan	O
bumi	O
dan	O
langit	O
yhaaa??	NORM_1WORD

Garuk2	NORM_1WORD
tembokk	NORM_1WORD
@nrisdiana	NORM_1WORD

Ngeri	NORM_1WORD
yaa	NORM_1WORD
ini	O
masih	O
cobaan??	O
@ernibudiani	NORM_1WORD

Nau	NORM_1WORD
folow	O
aku	O
plis	O
aku	O
pengen	NORM_1WORD
banget	O
di	O
folow	O
orang	O
berbakanmt	O
tapi	O
gk	NORM_1WORD
pernah	O
ya	O
ALLAH	NORM_1WORD
MUDAH	NORM_1WORD
MUDAHAN	NORM_1WORD
NAURA	NORM_1WORD
FOLBACK	NORM_1WORD
AKU	NORM_1WORD
AMINNNNN	NORM_1WORD

Ko	NORM_1WORD
yang	O
ini	O
mah	O
mukanya	O
kampungan	O
gtu	NORM_1WORD
ya,	O
ga	NORM_1WORD
kaya	NORM_1WORD
aleldul	O
kaya	NORM_1WORD
org	NORM_1WORD
bule	O

Dul	NORM_1WORD
jadi	O
anak	O
yg	NORM_1WORD
sholeh	O
yaa,	NORM_1WORD
dul	O
ingat	O
jgn	NORM_1WORD
terikut	O
aliran	O
freemason.	O

Sm	NORM_1WORD
mba	NORM_1WORD
kd	O
ny	NORM_1WORD
cm	NORM_1WORD
1	O
foto,,ayo	O
dong	O
posting	O
lg	NORM_1WORD
sm	NORM_1WORD
mba	NORM_1WORD
kd	O
,,itu	O
ibu	O
kndung	NORM_1WORD
mu	O
lho,,,	O

@amrinaafani	NORM_1WORD
ada	O
bbrp	NORM_1WORD
sih	O
yg	NORM_1WORD
blg	NORM_1WORD
gt.	NORM_1WORD
Wkwkwwk.	NORM_1WORD
Mirip	NORM_1WORD
upilnya	O
ya	O
na	NORM_1WORD

Masker	NORM_1WORD
jerawatnya	O
keren	O
loh,	O
cuma	O
1minggu	O
udh	NORM_1WORD
bisa	O
ngilangin	NORM_1WORD
jerawat	O
yang	O
ada	O
di	O
wajah!!!	O
Penasaran???	NORM_1WORD
Kepoin@solusisehatherbal	NORM_1WORD
yuk.	O
Invite	NORM_1WORD
BBM:	NORM_1WORD
5894B9C1	NORM_1WORD
???	O

@endang_setyowati88	NORM_1WORD
so	NORM_1WORD
sweet	O
ya	O
mereka.	O
Semoga	NORM_1WORD
nanti	O
kita	O
bisa	O
gini	NORM_1WORD

FOLLOW	NORM_1WORD
IG@CARASEHATID	NORM_1WORD
LANGSING	NORM_1WORD
TANPA	NORM_1WORD
MENAHAN	NORM_1WORD
LAPAR?	NORM_1WORD
SUPLEMEN	NORM_1WORD
TANPA	NORM_1WORD
EFEK	NORM_1WORD
SAMPING??	NORM_1WORD
?POTENSI	NORM_1WORD
TURUN	NORM_1WORD
BERAT	NORM_1WORD
BADAN	NORM_1WORD
15KG	NORM_1WORD
DLM	NORM_1WORD
20	O
HARI	NORM_1WORD
?	O
INFO	NORM_1WORD
LENGKAP	NORM_1WORD
?	O
PIN	NORM_1WORD
:	O
5FB2512C.	NORM_1WORD

Klw	NORM_1WORD
liat	NORM_1WORD
loly	O
pasti	O
teringt	NORM_1WORD
kisahnya	O
dulu...km	NORM_1WORD
trmsuk	NORM_1WORD
ank	NORM_1WORD
yg	NORM_1WORD
kuat....dn	NORM_1WORD
pilihnmu	NORM_1WORD
tepat	O
ikut	O
pipinya....	O

Ini	NORM_1WORD
kita	O
ni	NORM_1WORD
@rdinikartika	NORM_1WORD

Someday	NORM_1WORD
ya	O
be	O
@syahrezapohan	NORM_1WORD
.	O
.	O
amiin	NORM_1WORD

Cantik	NORM_1WORD
bangettttt	NORM_1WORD

Aamiin..	NORM_1WORD

Yok	NORM_1WORD
@inezamelinda	NORM_1WORD

masyaallah	O
teh	O
rina	O
geuliiiiiiis	NORM_1WORD

Pengen	NORM_1WORD
ciuuuummmm	NORM_1WORD
mbil	NORM_1WORD
ngmng	NORM_1WORD
'oposehh,	O
ngemeng	NORM_1WORD
epe	NORM_1WORD
seehh'	NORM_1WORD
??	O
@blacktiak	NORM_1WORD

Seluru	NORM_1WORD
anak	O
RIAU	NORM_1WORD
mendoakan	O
olga	O

Bazengg	NORM_1WORD
cakep	O
banget	O

@veliciahart	NORM_1WORD
I	NORM_1WORD
muntah	O
dlu	NORM_1WORD
ya	O

Kapan	NORM_1WORD
bisa	O
ktmu	NORM_1WORD
cita	O

Enak	NORM_1WORD
padahall	NORM_1WORD
ciganaa	O
??	O
@deanahanifaaa	NORM_1WORD

Awalnya	NORM_1WORD
Emang	NORM_1WORD
Pusing	NORM_1WORD
Ya	NORM_1WORD
Sis	NORM_1WORD
untuk	O
memilih	O
Mana	NORM_1WORD
Distributor	NORM_1WORD
yang	O
terbaik	O
aman	O
dan	O
dapat	O
dipercaya	O
waktu	O
temen	NORM_1WORD
akau	NORM_1WORD
saranin	NORM_1WORD
ke@DR.AKBAR.FASHIONHERBALL	NORM_1WORD
Eh	NORM_1WORD
malah	O
nemuin	NORM_1WORD
hasil	O
yang	O
terbaik	O
dari@DR.AKBAR.FASHIONHERBALL	NORM_1WORD
ya	O
udah	NORM_1WORD
aku	O
tanpa	O
lama	O
lama	O
lagi	O
waktu	O
habis	O
suplementnya	O
aku	O
tambah	O
lagi	O
hihi...	O
langsung	O
aja	NORM_1WORD
admin	O
Pin	NORM_1WORD
Bbm:	NORM_1WORD
D0545049	NORM_1WORD
line:@HRX9934Z	NORM_1WORD
pake	NORM_1WORD
@	O
yah..	NORM_1WORD

woowwww	NORM_1WORD
semenjak	O
aku	O
gabung	O
di	O
www.regram.net	O
sekarang	O
instagramku	O
banyak	O
followers	O
nya	O
..	O
terimakasih	O
www.regram.net	O

aamiinnn...	NORM_1WORD
Smga	NORM_1WORD
sehat	O
slalu	NORM_1WORD
skluarga	NORM_1WORD
teteh	O
@missnyctagina	NORM_1WORD
???	O

?	O
????	O
????????	O
?	O
TERAMPUH,	NORM_1WORD
ALAT	NORM_1WORD
PEMBESAR	NORM_1WORD
PAYUDARA	NORM_1WORD
HANYA	NORM_1WORD
DALAM	NORM_1WORD
JANGKA	NORM_1WORD
WAKTU	NORM_1WORD
2	O
MINGGU,	NORM_1WORD
PAYU	NORM_1WORD
DARA	NORM_1WORD
UDAH	NORM_1WORD
BESAR	NORM_1WORD
DAN	NORM_1WORD
KENCANG	NORM_1WORD
!!!	O
MAU	NORM_1WORD
COBA	NORM_1WORD
CEK	NORM_1WORD
AJA	NORM_1WORD
PAKARNYA	NORM_1WORD
?	O
di@DR.DEENAN_FASHION.KESEHATAN	NORM_1WORD
?	O
pin	O
:	O
D1087EA8.	NORM_1WORD

Semoga	NORM_1WORD
teteh	O
@zahratuljannah	NORM_1WORD
dapat	O
menjalankan	O
amanah	O
dr	NORM_1WORD
allah	O
aminnn	NORM_1WORD
semangat	O
teh	O

Indo	NORM_1WORD
punya	O
@govur_abdl	NORM_1WORD

Ihhhhh	NORM_1WORD
houwatak	O
aaaa	O
bang@andreastaulany?????	NORM_1WORD

Pinter..	NORM_1WORD

Jujur	NORM_1WORD
aku	O
jatuh	O
cinta	O
sma	NORM_1WORD
alis	O
matamu	O
itu	O
lhoo...	NORM_1WORD

two	O
of	O
my	O
most	O
faves	O
in	NORM_1WORD
Indonesiaaa	NORM_1WORD
??	O

Haiii	NORM_1WORD
cantik	O
bangat	NORM_1WORD
dirimu	O
...????	O

Harus	NORM_1WORD
liat	NORM_1WORD
hahahaha	O
@kurniasindi	NORM_1WORD

Ko	NORM_1WORD
bangcat	NORM_1WORD
yha	NORM_1WORD
:')	O
@bilavkcb	NORM_1WORD

@pputriindah	NORM_1WORD
mendadak	O
jadi	O
haters	O
gitu	NORM_1WORD
ka	NORM_1WORD
?wkwkwk	O
:p	O

Yg	NORM_1WORD
tengah	O
pacarnya	O
marcel	O
kali...?	O

Ga	NORM_1WORD
cocok	O
banget	O
kk	NORM_1WORD
milla	O
kalo	NORM_1WORD
pake	NORM_1WORD
hijab	O

nnti	NORM_1WORD
aku	O
bikin	O
yaa,	NORM_1WORD
love	O
challange	O
ya?	O
@meliagustn	NORM_1WORD

Waw...oc	NORM_1WORD
banget...	O

ternyata	O
masih	O
ada	O
toh	O
yang	O
ngebela	NORM_1WORD
ahmad	O
dhani?	O

Kepoin	NORM_1WORD
my	O
instagram	O
yuk	O
guys	O
banyak	O
baju2	NORM_1WORD
trendy	O
loh,,	O
ayoooo	NORM_1WORD
buruannn	NORM_1WORD
sebelum	O
kehabisan.	O

s2	O
umur	O
22	O
thun	NORM_1WORD
kita	O
s1	O
umur	O
brp	NORM_1WORD
ya	O
@amirmuhamad631	NORM_1WORD

Alhamdulillahirobbilalamin	NORM_1WORD
,	O
ikut	O
seneng	NORM_1WORD
kaka	NORM_1WORD
.	O
Keep	NORM_1WORD
istiqomah	NORM_1WORD
to	NORM_1WORD
jannah	O
??	O

Tuh	NORM_1WORD
kaan,	NORM_1WORD
apalagi	O
photo	O
ini.	O
Kaya	NORM_1WORD
barbie	O
bgt	NORM_1WORD
kaa	NORM_1WORD
@dewisandra	NORM_1WORD

Ini	NORM_1WORD
anak	O
pinter	NORM_1WORD
sekali..bahagianya	O
keluarga	O
ini	O

Kamu	NORM_1WORD
kreative	NORM_1WORD
bangrt	NORM_1WORD
sih	O
dek,	O
aku	O
senang	O
liat	NORM_1WORD
anak	O
pintar	O
sepertimu	O
,:*	O

Cucokkk	NORM_1WORD
@hartsahanif	NORM_1WORD

iya	O
pil	O
liat	NORM_1WORD
aja	NORM_1WORD
semua	O
itu	O
bkal	NORM_1WORD
jd	NORM_1WORD
knyataan	NORM_1WORD
semua	O
??	O
@yupitaolpiani26	NORM_1WORD

Suruh	NORM_1WORD
pahamin	NORM_1WORD
omongannya	O
apa	O
pantengin	O
mukanya?	O
Kiw	NORM_1WORD
@thiafdljh	NORM_1WORD

maksutku	NORM_1WORD
cantik	O
yang	O
gitu	NORM_1WORD
byy	O
:3	O
@dienfahmi	NORM_1WORD

Memang	NORM_1WORD
turunan	O
cantik	O
slm	NORM_1WORD
knl	NORM_1WORD

Unyuuk	NORM_1WORD
bgd	NORM_1WORD
kamu	O
dedek	NORM_1WORD
??????	O

@marshanda99	NORM_1WORD
udah	NORM_1WORD
lupa	O

Bunda	NORM_1WORD
maya	O
itu	O
selain	O
sabaarrr	NORM_1WORD
CANTIIIIKK	NORM_1WORD
bangeeeeetttt	NORM_1WORD

Kan	NORM_1WORD
ku	O
ukir	O
namamu	O
se	O
dalam	O
dalam	O
dan	O
se	O
banyak	O
banyak	O
nyaaaaaaaaaaaaa	NORM_1WORD
???	O

Gilaaa	NORM_1WORD
cocok	O
bgt	NORM_1WORD
@billydavidson_	NORM_1WORD
@audimarissa	NORM_1WORD

Ya	NORM_1WORD
ka	NORM_1WORD
thanks	O
juga	O
bls	NORM_1WORD
an	O
dari	O
ka	NORM_1WORD
@yoeriche	NORM_1WORD
dan	O
salam	O
buat	O
semuannya	O
@cherrybelleid	NORM_1WORD
@yoeriche	NORM_1WORD

Nah	NORM_1WORD
iklan	O
yg	NORM_1WORD
kece	O
itu	O
ini	O
gan	O
@jalingyudha	NORM_1WORD
?	O

Wah	NORM_1WORD
ini	O
masadepanmu	O
yha??	NORM_1WORD
@gustifdlah	NORM_1WORD

Amiennn	NORM_1WORD

Pengen	NORM_1WORD
punya	O
kulit	O
kinclong	O
bebas	O
jerawat	O
?	O
mau	O
punya	O
tinggi	O
badan	O
yg	NORM_1WORD
ideal	O
?	O
ayoo	NORM_1WORD
konsultasikan	O
langsung	O
ke	O
ahlinya	O
follow	O
ig	O
nya@montirherbal	NORM_1WORD
dan	O
invite	O
pin	O
:D098054A	NORM_1WORD
konsultasi	O
gratis	O
dan	O
free	O
ongkir	O
untuk	O
minggu	O
ini	O
???	O

GA	NORM_1WORD
HARUS	NORM_1WORD
MEMAKAN	NORM_1WORD
WAKTU	NORM_1WORD
YANG	NORM_1WORD
LAMA	NORM_1WORD
UNTUK	NORM_1WORD
BISA	NORM_1WORD
MENGUBAH	NORM_1WORD
TAMPILAN	NORM_1WORD
PAYUDARA	NORM_1WORD
SISTA	NORM_1WORD
BIAR	NORM_1WORD
JADI	NORM_1WORD
INDAH,	NORM_1WORD
SEKARANG	NORM_1WORD
ADA	NORM_1WORD
ALAT	NORM_1WORD
PEMBESAR	NORM_1WORD
PAYUDARA	NORM_1WORD
YANG	NORM_1WORD
SANGAT	NORM_1WORD
AMPUH	NORM_1WORD
DAN	NORM_1WORD
AMAN	NORM_1WORD
DI@WOMANBEAUTY.CARE	NORM_1WORD
INVITE	NORM_1WORD
BBM	NORM_1WORD
NYA	NORM_1WORD
D30054B4	NORM_1WORD
whatsapp	O
082240956605	O

Aminn	NORM_1WORD
YRA???Terima	NORM_1WORD
kasih	O
Allah	NORM_1WORD
SWT..Alhamdulillah	NORM_1WORD
Terima	NORM_1WORD
ksh	NORM_1WORD
@addiems999	NORM_1WORD
sll	NORM_1WORD
setia	O
mendampingi	O
&	O
membimbingku	O
jg	NORM_1WORD
@kevinaprilio	NORM_1WORD
@tristanjulianos	NORM_1WORD
..	O
TQ	NORM_1WORD
utk	NORM_1WORD
semua	O
doa	O
dan	O
comment2nya	NORM_1WORD
jg	NORM_1WORD
teman2	NORM_1WORD
ig	O
???	O

Krenbabget	NORM_1WORD

ka	NORM_1WORD
marcel	O
maen	NORM_1WORD
dung	NORM_1WORD
kegaruda	O
martial	O
arts	O
mampir	O
latian	NORM_1WORD
ajak	O
ka	NORM_1WORD
catty	O
dll	O
oke	O
@marcelchandra	NORM_1WORD
happy	O
bday	O
u	NORM_1WORD
all	O
the	O
best	O

Congratulation	NORM_1WORD
kk	NORM_1WORD
mod...impian	O
kk	NORM_1WORD
akhirnya	O
tercapai...kk	NORM_1WORD
udah	NORM_1WORD
mendapatkan	O
gelar	O
yang	O
kk	NORM_1WORD
ingin?an...tetep	NORM_1WORD
semangat	O
kk@maudyayunda	NORM_1WORD

@wilsonivandy	NORM_1WORD
tar	NORM_1WORD
i	O
di	O
sana	O
kek	NORM_1WORD
gini	NORM_1WORD
???	O

@deaprill	NORM_1WORD
salah	O
ngetik	NORM_1WORD
?	O

Sm2	NORM_1WORD
nau	O
km	NORM_1WORD
cantik	O
bgt	NORM_1WORD

jgn	NORM_1WORD
mngasi	NORM_1WORD
kmbang	NORM_1WORD
awal	O
pg	NORM_1WORD
@me_latng31	NORM_1WORD
@beecarlsen	NORM_1WORD
tp	NORM_1WORD
islam	O
ka	NORM_1WORD
pulak	NORM_1WORD
dia	O
nie	NORM_1WORD

TAU	NORM_1WORD
GAK	NORM_1WORD
AKU	NORM_1WORD
UDAH	NORM_1WORD
PAKE	NORM_1WORD
BANYAK	NORM_1WORD
SEKALI	NORM_1WORD
PRODUK	NORM_1WORD
PEMBESAR	NORM_1WORD
PAYUDARA	NORM_1WORD
MULAI	NORM_1WORD
DARI	NORM_1WORD
KRIM	NORM_1WORD
SAMPE	NORM_1WORD
SEGALA	NORM_1WORD
MACAM	NORM_1WORD
UDAH	NORM_1WORD
AKU	NORM_1WORD
COBA	NORM_1WORD
TAPI	NORM_1WORD
GAK	NORM_1WORD
ADA	NORM_1WORD
YANG	NORM_1WORD
BERHASIL	NORM_1WORD
SAMA	NORM_1WORD
SEKALI	NORM_1WORD
:(	O
TAPI	NORM_1WORD
SEMENJAK	NORM_1WORD
AKU	NORM_1WORD
PAKE	NORM_1WORD
ALAT	NORM_1WORD
MHCA	NORM_1WORD
DARI@DR.BEAUTYBREAST	NORM_1WORD
AKHIRNYA	NORM_1WORD
SEMUANYA	NORM_1WORD
BERUBAH	NORM_1WORD
HANYA	NORM_1WORD
DALAM	NORM_1WORD
WAKTU	NORM_1WORD
3	O
MINGGU	NORM_1WORD
AKU	NORM_1WORD
BERHASIL	NORM_1WORD
DAPETIN	NORM_1WORD
PAYUDARA	NORM_1WORD
YANG	NORM_1WORD
IDEAL	NORM_1WORD
BESAR	NORM_1WORD
DAN	NORM_1WORD
PADET	NORM_1WORD
KALO	NORM_1WORD
GA	NORM_1WORD
PERCAYA	NORM_1WORD
BUKTIIN	NORM_1WORD
SENDIRI	NORM_1WORD
DEH	NORM_1WORD
NIH	NORM_1WORD
PIN	NORM_1WORD
NYA	NORM_1WORD
BBM:	NORM_1WORD
5E8CA768	NORM_1WORD

Kalau	NORM_1WORD
sekarang	O
wulan	O
sari	O
uda	NORM_1WORD
lebih	O
baik???	O
MASA	NORM_1WORD
SIH.....yg	NORM_1WORD
ada	O
makin	O
sering	O
bikin	O
sensasi,	O
bajunya	O
aja	NORM_1WORD
sllu	NORM_1WORD
kekurangan	O
bahan,	O
minta	NORM_1WORD
maaf	O
di	O
YouTube,	NORM_1WORD
org	NORM_1WORD
goblok	O
pun	O
tahu	O
cara	O
minta	NORM_1WORD
maaf	O
tu	NORM_1WORD
scra	NORM_1WORD
langsung.	O
Cium	NORM_1WORD
dulu	O
kaki	O
bunda	O
@maiaestiantyreal	NORM_1WORD

Jujur	NORM_1WORD
ka..	NORM_1WORD
aku	O
kagum	O
bgt	NORM_1WORD
sama	O
kaka.!!!??	NORM_1WORD

Selamat	NORM_1WORD
iyah	NORM_1WORD
kak	O
atas	O
kelahiran	O
putri	O
pertama	O
nya	O
Thalia	NORM_1WORD
Putri	NORM_1WORD
Onsu	NORM_1WORD
Tuhan	NORM_1WORD
Jesus	NORM_1WORD
Memberkati	NORM_1WORD

BBM	NORM_1WORD
INVITE	NORM_1WORD
:5EACED78	NORM_1WORD
TERBONGKAR	NORM_1WORD
!	O
MODEL2	NORM_1WORD
GUNAKAN	NORM_1WORD
ALAT	NORM_1WORD
PEMBESAR	NORM_1WORD
PAYUDARA	NORM_1WORD
DARI@dr.inneke.sp.h	NORM_1WORD
BBM	NORM_1WORD
INVITE	NORM_1WORD
:	O
5F5DBA70.	NORM_1WORD
/	O
whatsapp	O
083837109602	O

Cantikk...	NORM_1WORD

Ahhiihi,kluar	NORM_1WORD
aslinya	O
@avry_sitohang	NORM_1WORD
,....	O

Cwo	NORM_1WORD
sama	O
cwo	NORM_1WORD
brantem	NORM_1WORD
di	O
ig	O
gara2	NORM_1WORD
belain	NORM_1WORD
artis	O
??	O
ya	O
Allah	NORM_1WORD
dunia	O
oh	O
dunia	O

@lalecindynp_	NORM_1WORD
bsok	NORM_1WORD
kita	O
sama	O
jinyoung	O
gtu	NORM_1WORD

@yoeriche	NORM_1WORD
salam	O
buat	O
chibii	O
yang	O
lain	O
yaa,	NORM_1WORD
dulu	O
aku	O
pernah	O
ngelive,	O
tp	NORM_1WORD
blm	NORM_1WORD
dapet	NORM_1WORD
foto	O
bareng?,	O
jd	NORM_1WORD
foto	O
sm	NORM_1WORD
patungnya?	O

Sudah	NORM_1WORD
lah	O
jangan	O
musuhan	O
mulu.	O
Maluuuu...sudah	NORM_1WORD
tua	O
!!	O

Kangem	NORM_1WORD
canda	O
tawa	O
kak	O
olga	O

Yg	NORM_1WORD
di	O
tag	O
namax	NORM_1WORD
@marcelchandra	NORM_1WORD

Wanjiir	NORM_1WORD
@rizkiardini	NORM_1WORD

Emessss	NORM_1WORD
@honiaisya	NORM_1WORD

Tapi	NORM_1WORD
sama	O
@irwansyah	NORM_1WORD
gak	NORM_1WORD
di	O
post	O
takut	O
sang	O
wife	O
cemburu	O
dan	O
nganbek	NORM_1WORD
ya	O
wkwkw	O
hihi	O

@lunamaya	NORM_1WORD
hik..hik..ikutan	O
tumpah..sakit	O
rasanya	O
ditinggal	O
ama	NORM_1WORD
org	NORM_1WORD
yg	NORM_1WORD
kita	O
sayang	O
spt	NORM_1WORD
alm	NORM_1WORD
@olgasyahputra89	NORM_1WORD
#MissOlga	NORM_1WORD

Iyak	NORM_1WORD
kak	O
kakak	O
dari	O
kecil	O
dah	NORM_1WORD
cantik	O
malh	NORM_1WORD
sekarang	O
mlah	NORM_1WORD
jadi	O
lebih	O
cantik	O

Aku	NORM_1WORD
bisa	O
mengerti	O
perasaan	O
aurel	O
yg	NORM_1WORD
ditinggalkan	O
ibu	O
nya	O
demi	O
laki	O
laki	O
lain,	O
pasti	O
terluka	O
dan	O
gak	NORM_1WORD
mudah	O
untuk	O
mengobati	O
luka	O
itu,	O
seorang	O
anak	O
juga	O
py	NORM_1WORD
hati	O

Hi	NORM_1WORD
guys	O
yang	O
lagi	O
cari	O
penghasilan	O
tambahan	O
cocok	O
bgt	NORM_1WORD
bisnis	O
ini	O
buat	O
kalian	O
pelajar	O
mahasiswa	O
dan	O
ibu	O
rumah	O
tangga	O
yukk	NORM_1WORD
langsung	O
kepoin@fyn_databank	NORM_1WORD
atm	O
ngalir	NORM_1WORD
teruss??	NORM_1WORD

@zena_listiana	NORM_1WORD
iya	O
mba	NORM_1WORD
.	O
ayuk	NORM_1WORD
kita	O
baca	O
alquran	O
.	O
dan	O
fahami	O
maksudnya	O
..	O
Islam	NORM_1WORD
sangat	O
sempurna	O
..	O
Jika	NORM_1WORD
banyak	O
yg	NORM_1WORD
mngira	NORM_1WORD
islam	O
kurang	O
bertolernsi	NORM_1WORD
.	O
slahkan	NORM_1WORD
lah	O
orangnya	O
..	O
Krna	NORM_1WORD
islam	O
sangat	O
mengajarkan	O
tolernsi	NORM_1WORD
.	O
dalam	O
sifat	O
allah	O
.	O
seperti	O
Arrahman	NORM_1WORD
dan	O
arrahim	O

@yukikt	NORM_1WORD
:yuki	O
nama	O
snapchat	O
kmu	NORM_1WORD
apa	O

Mbak	NORM_1WORD
@mulanjameela1	NORM_1WORD
yg	NORM_1WORD
selalu	O
dihujat	O
haters	O
dan	O
mbak	O
@maiaestiantyreal	NORM_1WORD
yg	NORM_1WORD
selalu	O
dpt	NORM_1WORD
dukungan	O
lovers...	O
bagaimanapun	O
keedaannya	NORM_1WORD
duo	O
ratu	O
tetap	O
dihatiku..	O
entah	O
waktu	O
voc.pinkan	O
atau	O
pun	O
voc.mulan..	O
lagu2	NORM_1WORD
dan	O
penampilan	O
ratu	O
selalu	O
saya2	NORM_1WORD
tunggu2	NORM_1WORD
setiap	O
tampil	O
di	O
tv..	O
entahlah	O
sekrng	NORM_1WORD
mngkin	NORM_1WORD
sudah	O
ga	NORM_1WORD
ada	O
lg	NORM_1WORD
tp	NORM_1WORD
lagu2nya	NORM_1WORD
ttap	NORM_1WORD
masih	O
bsa	NORM_1WORD
didengar...	O
semangat	O
buat	O
bunda	O
maia.	O
Dan	NORM_1WORD
sabar	O
buat	O
mbak	O
mulan...	O

Wowwww	NORM_1WORD

Yorieche	NORM_1WORD
biasanya	O
d	NORM_1WORD
gereja	O
apa?	O
Sdh	NORM_1WORD
ada	O
yg	NORM_1WORD
tnya	NORM_1WORD
ini	O
blm	NORM_1WORD
td	NORM_1WORD
@yoeriche	NORM_1WORD

Wajah	NORM_1WORD
putih,	O
glowing	O
tanpa	O
jerawat	O
dan	O
flek..rugi	O
klo	NORM_1WORD
blm	NORM_1WORD
nyoba	NORM_1WORD
adeeva	O
skincare.	O
Aman	NORM_1WORD
dan	O
testi	NORM_1WORD
sudah	O
banyaak	NORM_1WORD
?	O

Kecr	NORM_1WORD

Cantiq...?	NORM_1WORD

Kok	NORM_1WORD
ngitem	NORM_1WORD
ya	O
@nabilahjkt48	NORM_1WORD

Duch	NORM_1WORD
kakak	O
Al	NORM_1WORD
..Mantabs	NORM_1WORD
bingits	NORM_1WORD
captionnya..	O

Adem	NORM_1WORD
banget	O
ya	O
liatnya	NORM_1WORD
@ijezsyelsin	NORM_1WORD
@kanahsagita	NORM_1WORD

Bisa	NORM_1WORD
nggak	NORM_1WORD
@hilya.im	NORM_1WORD

Cantik	NORM_1WORD
aned	NORM_1WORD
bilbil	O
?	O

Ig	NORM_1WORD
bunmai	O
kok	O
elo	NORM_1WORD
yg	NORM_1WORD
sibuk	O
urusin	NORM_1WORD
@mulanjameelaahmed	NORM_1WORD
kurang	O
kerjaan	NORM_1WORD
apah	NORM_1WORD

@stellavckh	NORM_1WORD
nanti	O
gn	NORM_1WORD
yaahhh	NORM_1WORD

Ka	NORM_1WORD
fatin	O
suarranya	NORM_1WORD
terbuat	O
dri	NORM_1WORD
apa	O
sihh	NORM_1WORD
bagus	O
bgt	NORM_1WORD
apa	O
lagi	O
Klo	NORM_1WORD
nyanyi	O
kaulah	O
kamuku	O
feat	O
ka	NORM_1WORD
mikha	O
ya	O
allah	O
bner"	NORM_1WORD
suarranya	NORM_1WORD
iu	NORM_1WORD
bgussss	NORM_1WORD

Ato	NORM_1WORD
dak	NORM_1WORD
iko	O
a	O
@widyamustikaweni	NORM_1WORD
???	O

Yg	NORM_1WORD
marcell	O
yg	NORM_1WORD
ganteng	O
n	NORM_1WORD
laki	O
bngt,yg	NORM_1WORD
ada	O
tatonya,	O
yg	NORM_1WORD
tngh	NORM_1WORD
pacarnya	O
ko	NORM_1WORD
marcell,	O
yg	NORM_1WORD
kiri	O
ko	NORM_1WORD
mischa,	O
klw	NORM_1WORD
mischa	O
mknya	NORM_1WORD
sdkit	NORM_1WORD
kyk	NORM_1WORD
prmpuan	NORM_1WORD
@marcelchandra	NORM_1WORD

EL	NORM_1WORD
sayang	O
jgn	NORM_1WORD
sedih	O
kan	O
ada	O
tuhan	O
yesus	O
yang	O
selalu	O
sayang	O
sama	O
EL.	NORM_1WORD

Wihh	NORM_1WORD
gak	NORM_1WORD
nyangka	NORM_1WORD
banget	O
produk	O
dari@DR.ALAMSYAH.HERBAL	NORM_1WORD
bisa	O
membuat	O
aku	O
putih	O
dan	O
tinggi	O
dalam	O
waktu	O
15	O
hari	O
,	O
mantap	O
bangett	NORM_1WORD
deh,ga	NORM_1WORD
nyesel	NORM_1WORD
dehh	NORM_1WORD
sama	O
produknya	O
sangat	O
cepet	NORM_1WORD
banget	O
hasilnya,dan	O
pengirimanya	O
juga	O
sangat	O
cepat,cuma	O
di@DR.ALAMSYAH.HERBAL	NORM_1WORD
yg	NORM_1WORD
hasilnya	O
sangat	O
memuaskan	O
dan	O
termurah	O
terpercaya,jangan	O
sampai	O
kalian	O
ga	NORM_1WORD
coba,buruan	O
cek	O
aja	NORM_1WORD
langsung	O
ig	O
nya@DR.ALAMSYAH.HERBAL	NORM_1WORD

@rererevita	NORM_1WORD
amiiinn	NORM_1WORD
yaa	NORM_1WORD
Rabbal	NORM_1WORD
alamiin,	O
many	O
thanks	O
dear	O
???	O

Msih	NORM_1WORD
lama	O
6thn	O
lg	NORM_1WORD
@derisaad03	NORM_1WORD
@achaaslp23	NORM_1WORD

@amalliamn48	NORM_1WORD
yg	NORM_1WORD
bru	NORM_1WORD
apa	O
namanya?	O

@hadi.niic	NORM_1WORD
gitulah	NORM_1WORD
klo	NORM_1WORD
nyanyi	O
yg	NORM_1WORD
totalitas	O
gtu,	NORM_1WORD
ga	NORM_1WORD
jaim	O
di	O
atas	O
panggung,	O
ga	NORM_1WORD
mesti	O
jadi	O
kyk	NORM_1WORD
putri	O
kan	O
klo	NORM_1WORD
nyanyi,	O
terlalu	O
banyak	O
sih	O
yg	NORM_1WORD
foto"	NORM_1WORD
agnez	O
pas	O
nyanyi,	O
makanya	O
pas	O
agnez	O
jelekpun	O
di	O
jepret.	O
Sorry	NORM_1WORD
yah	NORM_1WORD
mamas	NORM_1WORD
ane	O
bukan	O
hatersnya	O
KD	NORM_1WORD

Pengen	NORM_1WORD
mas	O
@mochhilfi	NORM_1WORD

Editan	NORM_1WORD
ketara	NORM_1WORD
bgt	NORM_1WORD
tapi	O
cantik	O
kok	O
?	O

Lucuuu	NORM_1WORD
lucuu	NORM_1WORD

Sumpah..	NORM_1WORD
kirain	NORM_1WORD
oma..	O
atau	O
neneknya	O
@krisdayantilemos	NORM_1WORD
..dadakman	O
@agnezmo	NORM_1WORD
..maaf..	O
?	O

@debio_khalisa	NORM_1WORD
bini	O
den	O
maso	NORM_1WORD
dpn	NORM_1WORD

Hati.a	NORM_1WORD
blm	NORM_1WORD
di	O
jilbab	O
mk.a	NORM_1WORD
gt,mlt.a	NORM_1WORD
nyerocooooos	NORM_1WORD
trus	NORM_1WORD
blg	NORM_1WORD
tuk	NORM_1WORD
org...kyk.a	NORM_1WORD
wkt	NORM_1WORD
sklh	NORM_1WORD
dl	NORM_1WORD
pljrn	NORM_1WORD
aqidah	O
akhlak	O
srng	NORM_1WORD
ga	NORM_1WORD
msk	NORM_1WORD
yaaa?	NORM_1WORD
@maiakaiama	NORM_1WORD

Yukk	NORM_1WORD
buruan	O
join	O
bisnis	O
database...mumpung	O
masih	O
PROMO	NORM_1WORD
250	O
.	O
.	O
.	O
akhirbulan	O
udh	NORM_1WORD
hrga	O
normal	O
ya	O
sis/gan	O
500	O
.	O
.	O
.	O

Aq	NORM_1WORD
boleh	O
giniin	NORM_1WORD
ayank	NORM_1WORD
@wlm.y	NORM_1WORD
pliiisssssss	O
?	O

Itu	NORM_1WORD
sok	O
bijak	O
bgt	NORM_1WORD
bahasanya	O
wkwk	O
miris	O
deh!!!	O
Sukses	NORM_1WORD
yak	NORM_1WORD
buat	O
@nikitawillyofficial94	NORM_1WORD

Udah	NORM_1WORD
liat	NORM_1WORD
?	O
@nasyawalia	NORM_1WORD

Mau	NORM_1WORD
dianterin	NORM_1WORD
kmn??	NORM_1WORD
@nisfupane	NORM_1WORD
@zenri.herlangga	NORM_1WORD
@co_abay	NORM_1WORD
@co_beim	NORM_1WORD
@ardiansihombing	NORM_1WORD
@kolak_serabi	NORM_1WORD

@tia_husain	NORM_1WORD
insyaaAllah	NORM_1WORD
yaah	NORM_1WORD
Bidadarikuu	NORM_1WORD

15	O
tahun	O
?	O
whaatt	O
ngerasa	NORM_1WORD
tua	O
banget	O
gw	NORM_1WORD
?	O

@imadesuhartasena	NORM_1WORD
cb	NORM_1WORD
besok	O
tanya	O
anak2	NORM_1WORD
apakah	O
kangen	O
daddynya	O
wkwkk	O

Cute	NORM_1WORD
gilaaaa	NORM_1WORD
????	O
@n.ainnur	NORM_1WORD

Gingsulnya	NORM_1WORD
kaya	NORM_1WORD
kmu	NORM_1WORD
beb	O
@nur_nabiilah2202	NORM_1WORD

@rinanose16	NORM_1WORD
teh	O
nose	O
subahanallah	NORM_1WORD
banget.	O
Gegara	NORM_1WORD
kemaren	NORM_1WORD
aku	O
liat	NORM_1WORD
cerita	O
teh	O
nose	O
diacara	O
no	O
secret.	O
Semoga	NORM_1WORD
istiqomah	NORM_1WORD
teh	O
muaach???	O

Ingeet,	NORM_1WORD
waktu	O
kondangan	O
tempat	O
mantan	O
kan???	O
@hanumdelfitaa	NORM_1WORD

elaaaaaaah	O
kalo	NORM_1WORD
gini	NORM_1WORD
caranya	O
mah,	O
minta	NORM_1WORD
kawinin	NORM_1WORD
wqwqwq	O

Kentut	NORM_1WORD
aja	NORM_1WORD

Iyayaa	NORM_1WORD
aku	O
juga	O
kangen	O
liat	NORM_1WORD
mereka	O
@hidaynt_	NORM_1WORD

@melafbry	NORM_1WORD
kata2nya	NORM_1WORD
gak	NORM_1WORD
gombal	O
lg..	NORM_1WORD
Duh	NORM_1WORD

Cntk	NORM_1WORD
kk	NORM_1WORD
@salshabillaadr	NORM_1WORD

Kak	NORM_1WORD
nagita	O
cntik	NORM_1WORD
bgt	NORM_1WORD
sih..	O

Miss	NORM_1WORD
you	O
kk	NORM_1WORD
olga?	O

In	NORM_1WORD
omanya	O
kellen	NORM_1WORD
y	NORM_1WORD

Aminn	NORM_1WORD
ya	O
alloh	NORM_1WORD

Bun	NORM_1WORD
mirip	O
almh	NORM_1WORD
nike	O
ardila	O

lha	NORM_1WORD
masih	O
tuaan	O
gue	O
lak:'v	O
kapan	O
gue	O
kek	NORM_1WORD
gini?	NORM_1WORD
@lailanuur_	NORM_1WORD

Amiiiin	NORM_1WORD
ya	O
robal	O
alamin.	O

dtg	NORM_1WORD
doong	NORM_1WORD
ke	O
pungo	O

Siapa	NORM_1WORD
sih	O
yg	NORM_1WORD
kampung	O
sebenernya.	NORM_1WORD
Ada	NORM_1WORD
yg	NORM_1WORD
punya	O
kaca	O
ga?	NORM_1WORD
Haha	NORM_1WORD
please	O

Ini	NORM_1WORD
mereka	O
2	O
klo	NORM_1WORD
nda	NORM_1WORD
niat	O
nyanyi	O
nda	NORM_1WORD
usah	O
karoke	O
d	NORM_1WORD
smule	O
sdh??	NORM_1WORD
@ms.setiagung	NORM_1WORD
@leepongg	NORM_1WORD
@rereandro.id	NORM_1WORD

Hihiii	NORM_1WORD
bikin	O
iri	O
ajaaahhhhh	NORM_1WORD
:D	O
@sophia_latjuba88	NORM_1WORD

Miripp	NORM_1WORD
ka	NORM_1WORD
angell	O
@libainiassyifa	NORM_1WORD

Gara2	NORM_1WORD
ka	NORM_1WORD
raline,	O
riri	O
jd	NORM_1WORD
sering	O
maen	NORM_1WORD
ke	O
INA.	NORM_1WORD
:v	O

Mirip	NORM_1WORD
sangt	NORM_1WORD

Iooo?	NORM_1WORD
dy	NORM_1WORD
kw	NORM_1WORD
d	NORM_1WORD
mslh	NORM_1WORD
laeng	O
in	NORM_1WORD
kong	O
qt	NORM_1WORD
jdi	NORM_1WORD
plampiasannn??	NORM_1WORD
@juvinkainka	NORM_1WORD

Helooooo	NORM_1WORD
yang	O
ngaku	NORM_1WORD
arab	O
siapa	O
bego	O
@chaz_leo_	NORM_1WORD
makan	O
aja	NORM_1WORD
tuh	O
daging	O
babi	O
biar	O
gak	NORM_1WORD
tolol	O
hidup	O
lu	O

lenje	NORM_1WORD
ngatain	NORM_1WORD
lenje	NORM_1WORD

@sya_17	NORM_1WORD
ini	O
yg	NORM_1WORD
kk	NORM_1WORD
bilang	O
jah	O

Tw	NORM_1WORD
aja	NORM_1WORD

Favorite	NORM_1WORD
nya	O
@adislevana	NORM_1WORD
nih	O
kakk	NORM_1WORD

Sebenernya	NORM_1WORD
ini	O
cums	NORM_1WORD
Bunda	NORM_1WORD
Dan	NORM_1WORD
pipinya	O
yg	NORM_1WORD
bs	NORM_1WORD
menetralkan..	O
@aurelie.hermansyah	NORM_1WORD
@ananghijau	NORM_1WORD

Puji	NORM_1WORD
tuhan	O
?	O
Abis	NORM_1WORD
itu	O
ngomong	NORM_1WORD
alhamdulillah	O
?	O
Kan	NORM_1WORD
puji	O
tuhan	O
hanya	O
untuk	O
orang	O
kristen	O
dsb	O

Ini	NORM_1WORD
kyak	NORM_1WORD
nya	O
foto	O
abang	O
yg	NORM_1WORD
pling	NORM_1WORD
byk	NORM_1WORD
di	O
comment	O
deh	O
?	O

Sip	NORM_1WORD
kk	NORM_1WORD

Yellow	NORM_1WORD
lab	O
lbh	NORM_1WORD
fresh	O

Siapa	NORM_1WORD
yg	NORM_1WORD
mendam	NORM_1WORD
rasa	O
?	O
Dina	NORM_1WORD
?	O
OMG	NORM_1WORD
?	O
@niaasaniaaa	NORM_1WORD

Ankx	NORM_1WORD
cantip	NORM_1WORD

Njirr	NORM_1WORD

5EAE0FBE	NORM_1WORD
konsul	NORM_1WORD
gratis	O
yuk	O
bunda..	O

@desta80s	NORM_1WORD
video	O
yg	NORM_1WORD
paling	O
konyol	O
:)	O

@ity_cantik	NORM_1WORD
yeeee	NORM_1WORD
ityl	NORM_1WORD
perek	O

Kenapa	NORM_1WORD
bisa	O
temenan	NORM_1WORD
sama	O
seungri	O
ka	NORM_1WORD
wk	NORM_1WORD
wk	NORM_1WORD

@inisarah	NORM_1WORD
makkk	NORM_1WORD
ngapain	NORM_1WORD
ngetag	O
guee!!!	NORM_1WORD
Jadi	NORM_1WORD
pengennn?????	NORM_1WORD

Arianaaa	NORM_1WORD
bingiiittttzzzz......	NORM_1WORD

Beda	NORM_1WORD
atuh	O
do	NORM_1WORD
diamah	O
lebih	O
cantik	O
?tapi	O
mudah2	NORM_1WORD
karir	O
nya	O
sama	O
kaya	NORM_1WORD
gua	O
?@masihkuper_	NORM_1WORD

Folback	NORM_1WORD
om	O
ruben....undang	O
yg	NORM_1WORD
lainnya	O
donk	NORM_1WORD
artis�	O

@hadi.niic	NORM_1WORD
ya	O
iyalah,	O
KD	NORM_1WORD
kebanyakan	O
ke	O
salon,	O
lifting	O
wajah	O
jd	NORM_1WORD
kencang.	O
Agnez	NORM_1WORD
kebanyakan	O
olahraga	O
jd	NORM_1WORD
wajar	O
wajahnya	O
kerut.	O
Agnez	NORM_1WORD
cuek	O
soal	O
kek	NORM_1WORD
gtu"an,	NORM_1WORD
klo	NORM_1WORD
cantik	O
mah	O
mau	O
gmanapun	NORM_1WORD
tetep	NORM_1WORD
aja	NORM_1WORD
cantik	O

Senang	NORM_1WORD
itu	O
ketika	O
ngelihat	NORM_1WORD
bang	O
andre,	O
sule,	O
parto	O
sama	O
neng	O
nunung	O
dalam	O
1	O
stage.	O
Konyol	NORM_1WORD
lah	O
pokok	O
nya.	O
Apalagi	NORM_1WORD
ada	O
di	O
net.tv	O
haha	O
jadi	O
pngn	NORM_1WORD
gabung	O
ngelawak	NORM_1WORD
bang,	O
ajarin	NORM_1WORD
lah	O
haha	O
@andreastaulany	NORM_1WORD

Bukan	NORM_1WORD
hanya	O
membesarkan	O
dan	O
mengencangkan	O
payudara	O
:*	O
tapi	O
merapatkan	O
miss	O
V	NORM_1WORD
juga	O
ternyata	O
:O	NORM_1WORD
bener2	NORM_1WORD
salut	O
:)	O
nih	O
di@BEAUTYHEALTHCARE.ID	NORM_1WORD
5EAE0CE6	NORM_1WORD
JAMINAN	NORM_1WORD
HARGA	NORM_1WORD
DISTRIBUTOR	NORM_1WORD
!!	O
D291BB84	NORM_1WORD
whatsapp	O
081563733977	O

@febriyantjalu	NORM_1WORD
cyiiin	NORM_1WORD

Fikrul	NORM_1WORD
kalo	NORM_1WORD
bandel	O
lu	O
giniin	NORM_1WORD
aja	NORM_1WORD
dam	O
@saddaamf	NORM_1WORD

Kubarikan	NORM_1WORD
gajih	O
ku	O
setahun	O
asal	O
@dhea.anastasya	NORM_1WORD
tapak	O
akan	O
om	O
ian	O
kytu	O
wk	NORM_1WORD

Ttp	NORM_1WORD
ganteng	O

@ariel_nazril_irham	NORM_1WORD
bener2	NORM_1WORD
kharismanya	NORM_1WORD
harga	O
mati..!!	O
Senyumnya...nyengirnya...gayanya	NORM_1WORD
pas	O
di	O
panggung...	O

Menurur	NORM_1WORD
saya	O
ada	O
tipe2	NORM_1WORD
cara	O
untuk	O
mendidik	O
anak.	O
Ada	NORM_1WORD
anak	O
yang	O
hanya	O
delikan	O
mata	O
bisa	O
tahu	O
kalo	NORM_1WORD
dia	O
berbuat	O
salah	O

Dimana	NORM_1WORD
tu	NORM_1WORD
ka	NORM_1WORD

Teh	NORM_1WORD
rina	O
geulis	O
euyyyyy	NORM_1WORD

Enak	NORM_1WORD
tuch..	NORM_1WORD

Kangeeeeeeeeennnnnnnn	NORM_1WORD
kaliannnnnn	NORM_1WORD
@aliandooo	NORM_1WORD
@prillylatuconsina96	NORM_1WORD
(7035)	O

Mau	NORM_1WORD
tambah	O
tinggi,	O
Putih,	NORM_1WORD
Bebas	NORM_1WORD
Jerawat,	NORM_1WORD
Langsing,	NORM_1WORD
penggemuk	O
badan,	O
buat	O
kesehatan	O
lainnya	O
?	O
?	O
Vitamin	NORM_1WORD
Mata	NORM_1WORD
Minus,	NORM_1WORD
Alat	NORM_1WORD
Pembesar	NORM_1WORD
&	O
Pengencang	NORM_1WORD
Payudara	NORM_1WORD
?	O
?????	O
ter	O
?????	O
Yuk	NORM_1WORD
Konsultasikan	NORM_1WORD
dgn	NORM_1WORD
Consultant	NORM_1WORD
Herbal	NORM_1WORD
di@FARMASIHERBAL	NORM_1WORD
?	O
Pin	NORM_1WORD
:	O
D049B167	NORM_1WORD
Wa	NORM_1WORD
:	O
081321297275	O
LINE	NORM_1WORD
:	O
@qcl5848n	NORM_1WORD
ada	O
BPOM,	NORM_1WORD
HALAL	NORM_1WORD
MUI.	NORM_1WORD
Herbal	NORM_1WORD
100Alami.(HARGA	NORM_1WORD
PROMO	NORM_1WORD
DAN	NORM_1WORD
FREE	NORM_1WORD
ONGKIIR)	NORM_1WORD

MEREKA	NORM_1WORD
EMANG	NORM_1WORD
PADA	NORM_1WORD
JUAL	NORM_1WORD
ALAT	NORM_1WORD
PEMBESAR,	NORM_1WORD
TAPI	NORM_1WORD
EMANG	NORM_1WORD
TAU	NORM_1WORD
CARANYA?	NORM_1WORD
JANGAN	NORM_1WORD
SAMPE	NORM_1WORD
BELI	NORM_1WORD
ALATNYA	NORM_1WORD
DI	NORM_1WORD
TEMPAT	NORM_1WORD
YANG	NORM_1WORD
SALAH.	NORM_1WORD
CUMA@DELTABREASTCARE	NORM_1WORD
AHLINYA.	NORM_1WORD
HARGA	NORM_1WORD
LEBIH	NORM_1WORD
MURAH	NORM_1WORD
DARI	NORM_1WORD
YANG	NORM_1WORD
DIATAS.	NORM_1WORD
BBM	NORM_1WORD
5F645D8A	NORM_1WORD

Pengen	NORM_1WORD
ini	O
@gmaustofah	NORM_1WORD

Mantabs	NORM_1WORD

Thx	NORM_1WORD
ya	O
ka	NORM_1WORD
@natashawilona12	NORM_1WORD
udh	NORM_1WORD
rekomendasiin	NORM_1WORD
produk	O
pemutih	O
kulit	O
di	O
@dr.ardian.fashion	NORM_1WORD
kulit	O
tubuh	O
aku	O
lebih	O
putih	O
dalam	O
2	O
minggu,	O
aku	O
jd	NORM_1WORD
gak	NORM_1WORD
minder	O
lagi	O
:)	O

pengen	NORM_1WORD
ketemu	O
sama	O
kk	NORM_1WORD
@dewisandra	NORM_1WORD
....	O
tapi	O
itu	O
mustahil...	O
gak	NORM_1WORD
mungkin	O
bsa....	NORM_1WORD
:(	O

Kok	NORM_1WORD
kyk	NORM_1WORD
tampangmu	O
jrnk	NORM_1WORD
@jessica_riyanti	NORM_1WORD

Aamiin	NORM_1WORD
allahumma	O
aamiin	NORM_1WORD

Biarpun	NORM_1WORD
begitu	O
tetep	NORM_1WORD
suka	O
deh	O

Sebenarnya	NORM_1WORD
kmu	NORM_1WORD
itu	O
asli	O
banjarmasin	O
bukn	NORM_1WORD
sey	NORM_1WORD

?!!	O
???	O
wkwk	O
baru	O
ngepoin	NORM_1WORD
google	O
tentang	O
bigbang	O
?	O
ternyata	O
uuhh	NORM_1WORD
...	O
@anisyardm	NORM_1WORD

Kak	NORM_1WORD
jessica	O
sebener'nya	O
agama'ny	NORM_1WORD
apa	O
?	O
Kok	NORM_1WORD
ada	O
yg	NORM_1WORD
bilng	NORM_1WORD
kak	O
jessica	O
kristen	O
tp,aq	NORM_1WORD
gk	NORM_1WORD
prcy	NORM_1WORD
klw	NORM_1WORD
kk	NORM_1WORD
jsc	O
kristen	O
setauku	O
kk	NORM_1WORD
jsc	O
org	NORM_1WORD
islam?	O

@nitnot5917	NORM_1WORD
ksukaanmuuu	NORM_1WORD
nih	O

Mudah2n	NORM_1WORD
istiqomah,	NORM_1WORD
dan	O
jalan	O
itu	O
semakin	O
bercahaya	O

Pusing	NORM_1WORD
dengan	O
kulit	O
kusam?	O
Pusing	NORM_1WORD
karna	NORM_1WORD
kurang	O
tinggi	O
badan	O
anda	O
sulit	O
pekerjaan?	O
Atau	NORM_1WORD
ingin	O
berat	O
badan	O
ideal?	O
Temukan	NORM_1WORD
rahasia	O
tubuh	O
ideal	O
para	O
artis2	NORM_1WORD
indonesia	O
di	O
kami	O
ig@PERS.HERBAL	NORM_1WORD
pin.bbm.com/D2403E47	NORM_1WORD
.D2403E47	NORM_1WORD
WA:	NORM_1WORD
081224384206	O

?	O
Masih	NORM_1WORD
ketergantungan	O
dgn	NORM_1WORD
perawatan	O
kecantikan	O
yg	NORM_1WORD
saat	O
ini	O
kamu	O
pakai,	O
pengen	NORM_1WORD
lepas	O
tapi	O
takut	O
kusam	O
dan	O
rusak,	O
Cek	NORM_1WORD
IG	NORM_1WORD
kita	O
yuk	O
kakIG@FARMASIHERBAL	NORM_1WORD
Pin	NORM_1WORD
:	O
D049B167	NORM_1WORD
Wa	NORM_1WORD
:	O
081321297275	O
LINE	NORM_1WORD
:	O
@qcl5848n	NORM_1WORD
beralih	O
ke	O
Herbal	NORM_1WORD
Alami,	NORM_1WORD
tanpa	O
efek	O
samping,	O
tidak	O
ketergantungan	O
?	O
bebas	O
jerawat,	O
komedo,	O
flek	O
hitam,	O
putih	O
seluruh	O
tubuh.	O
TERBUKTI	NORM_1WORD
!!!	O
?	O
Halal	NORM_1WORD
MUI	NORM_1WORD
dijamin	O
AMAN,	NORM_1WORD
ada	O
BPOM.(HARGA	NORM_1WORD
PROMO+FREE	NORM_1WORD
ONGKIR	NORM_1WORD
SELURUH	NORM_1WORD
INDONESIA)	NORM_1WORD

Beliiin	NORM_1WORD
yaaah	NORM_1WORD
hhehee	O
@suryanii19	NORM_1WORD

Yuki	NORM_1WORD
cntik	NORM_1WORD
bgtt	NORM_1WORD

cantikx....	NORM_1WORD

semoga	O
langgeng	O
dan	O
bahagia	O
selalu	O
mba	NORM_1WORD
#kd	NORM_1WORD
...	O

Nangiiiiis	NORM_1WORD
...	O
Bagus	NORM_1WORD
sekali	O
tuh	O
anak	O
,	O
takut	O
dosa	O
....	O
makanya	O
nangiiis	NORM_1WORD

Buahahaha	NORM_1WORD
seperti	O
orang	O
lagi	O
boker	NORM_1WORD

Naaaaahh	NORM_1WORD
@dindamoe2th	NORM_1WORD

@okidms	NORM_1WORD
kuy	NORM_1WORD

Ciusss	NORM_1WORD
lucu	O
banget..palinf	NORM_1WORD
fav	NORM_1WORD
nih	O

Wih	NORM_1WORD
Kezia	NORM_1WORD
Knp	NORM_1WORD
ad	NORM_1WORD
Ko??	NORM_1WORD
@kezia_utama15	NORM_1WORD

Kyk	NORM_1WORD
ariana	O
grande..cntiknya	NORM_1WORD

Kereeen	NORM_1WORD
banget	O
?	O

Bunda	NORM_1WORD
cantikkk	NORM_1WORD
bgttt....,?	NORM_1WORD

Ni	NORM_1WORD
dmna??	NORM_1WORD
Mw	NORM_1WORD
jg...	NORM_1WORD

Ehhh	NORM_1WORD
btw	O
tattoan	O
smua	NORM_1WORD
gak	NORM_1WORD
yaa.	NORM_1WORD
Kl	NORM_1WORD
yg	NORM_1WORD
satu	O
g	NORM_1WORD
bertatto	NORM_1WORD
brrt	NORM_1WORD
ak	NORM_1WORD
suka	O
yg	NORM_1WORD
itu.hehheeh	O

Cantikk	NORM_1WORD
pake	NORM_1WORD
bgt..	NORM_1WORD

Aduh	NORM_1WORD
ngmngin	NORM_1WORD
logika,nabi	O
isa	O
juga	O
lahir	O
dr	NORM_1WORD
maria	O
yg	NORM_1WORD
perawan	O
,	O
logika	O
nya	O
dmn	NORM_1WORD
tuch,nwkwkkwk	NORM_1WORD

Itu	NORM_1WORD
btulan	NORM_1WORD
kha	NORM_1WORD
kak	O
@prillylatuconsina96	NORM_1WORD

Cantik	NORM_1WORD
banget	O
tapi	O
lebih	O
cantik	O
lagi	O
kalau	O
kebaya	O
y	NORM_1WORD
agak	O
nutupin	NORM_1WORD
dada	O
dikit..?sukses	O
ya	O
untuk	O
your	O
family	O
semoga	O
always	O
healthy	O
and	O
long	O
life	O
amiin..	NORM_1WORD

Hdk	NORM_1WORD
ke	O
tempt	NORM_1WORD
ny	NORM_1WORD
kh	NORM_1WORD
hdk	NORM_1WORD
gayanya	O
haha	O
@tyafatyaa	NORM_1WORD

Cuman	NORM_1WORD
di	O
IG@LAPAK.DOKTER.HERBAL	NORM_1WORD
/	O
kamu	O
bisa	O
dapetin	NORM_1WORD
tips	O
tinggi,	O
langsing,	O
dan	O
putih	O
secara	O
alami,	O
masker	O
jerawat	O
dan	O
PROMO	NORM_1WORD
ALAT	NORM_1WORD
PEMBESAR	NORM_1WORD
PAYUDARA	NORM_1WORD
banyak	O
artis	O
yg	NORM_1WORD
sudah	O
coba	O
loh	O
:D	O
Pin:	NORM_1WORD
D221FC8D	NORM_1WORD
Aman	NORM_1WORD
bgt..	NORM_1WORD
Ga	NORM_1WORD
ada	O
efek	O
samping	O
dan	O
ketergantungan,	O
krn	NORM_1WORD
produk	O
organik/alami.	O
Udah	NORM_1WORD
dapat	O
sertifikat	O
BPOM	NORM_1WORD
dan	O
Halal	NORM_1WORD
MUI	NORM_1WORD
juga	O
(y)	NORM_1WORD
HARGA	NORM_1WORD
paling	O
MURAH	NORM_1WORD
D221FC8D	NORM_1WORD
Ingin	NORM_1WORD
tau	O
rahasia	O
cantik	O
dan	O
langsing	O
para	O
artis	O
dan	O
model2	NORM_1WORD
ternama?	O
yuk	O
cek	O
ig@LAPAK.DOKTER.HERBAL	NORM_1WORD
/	O
D221FC8D	NORM_1WORD
Aman	NORM_1WORD
bgt..	NORM_1WORD
Ga	NORM_1WORD
ada	O
efek	O
samping	O
dan	O
ketergantungan,	O
krn	NORM_1WORD
produk	O
organik/alami.	O
Udah	NORM_1WORD
dapat	O
sertifikat	O
BPOM	NORM_1WORD
dan	O
Halal	NORM_1WORD
MUI	NORM_1WORD
juga	O
(y)	NORM_1WORD
,	O
HARGA	NORM_1WORD
paling	O
MURAH	NORM_1WORD
/D221FC8D	NORM_1WORD
/	O
WA:	NORM_1WORD
087714743635	O

Subhanallah	NORM_1WORD
bule	O
abeees	NORM_1WORD

Iiiiiiiii?lucuuu	NORM_1WORD
kaliiiiiii????	NORM_1WORD

@vaaaasola8	NORM_1WORD
yah	NORM_1WORD
mending	O
putih	O
tulang	O
+	O
maroon	O

AAmiin	NORM_1WORD
??	O
@odywoody	NORM_1WORD

.tmbah	NORM_1WORD
cntikk	NORM_1WORD
kak	O
rin	O
pkee	NORM_1WORD
hijabnya..	O
????@rinanose16	NORM_1WORD

Aminn..	NORM_1WORD
mba	NORM_1WORD
jupe?	O
@juliaperrezz	NORM_1WORD

???	O
k	NORM_1WORD
aurel	O
bisa	O
sabar	O
y..aku	NORM_1WORD
aja	NORM_1WORD
gk	NORM_1WORD

yang	O
menghina	O
belum	O
tentu	O
lbh	NORM_1WORD
baik	O
drpada	NORM_1WORD
yg	NORM_1WORD
dihina	O

KAK	NORM_1WORD
ICEEE	NORM_1WORD
SECEPETNYA	NORM_1WORD
KE	NORM_1WORD
MAAKASSAR	NORM_1WORD
WAJIIIB:(	NORM_1WORD

Tp	NORM_1WORD
ngak	NORM_1WORD
apa2	NORM_1WORD
kok	O
kak	O
jdi	NORM_1WORD
kya	NORM_1WORD
org	NORM_1WORD
ambon	O
hitam	O
manis	O
hahaha!!!!!!????	O

Kepingin	NORM_1WORD
nontonnnn	NORM_1WORD

baru	O
rencana	O
aja	NORM_1WORD
udh	NORM_1WORD
seneng	NORM_1WORD
gila,	O
hasilnya	O
dong	O
tunjukin	NORM_1WORD
noh	O
kya	NORM_1WORD
bandung.	O

Jan	NORM_1WORD
dipotong	O
atuh,	O
cita	O
citaku	O
juga	O
jd	NORM_1WORD
dokter	O
gigi	O

Ngegemesin	NORM_1WORD
Gempi	NORM_1WORD

Ngapain	NORM_1WORD
aku	O
d	NORM_1WORD
tag	O
ini	O
yang	O
@rezakusakti	NORM_1WORD
?	O

Uhhh	NORM_1WORD

@isafitriani	NORM_1WORD
@nisaayuasmara	NORM_1WORD
@unie_emilia	NORM_1WORD
@nabilanatasya9	NORM_1WORD
@sasmirayanti	NORM_1WORD
mau	O
kalung	O
murah	O
&	O
cantik?	O
cek	O
ig	O
kita	O
yaaa??	NORM_1WORD

Aku	NORM_1WORD
bilang	O
k	NORM_1WORD
Dewi	NORM_1WORD
Sandra	NORM_1WORD
itu	O
mirip	O
bgt	NORM_1WORD
kyk	NORM_1WORD
barbie...	O
beneraan.	NORM_1WORD
cantiiik	NORM_1WORD
bgtt...	NORM_1WORD
:3	O
:3	O
:3	O

Cocok	NORM_1WORD
bingittzz	NORM_1WORD
ka	NORM_1WORD
jesica	O
dgn	NORM_1WORD
ka	NORM_1WORD
al	O
???	O

Krenn	NORM_1WORD
banget	O

@adissasauri	NORM_1WORD
hahahaha!	O
Hmmm	NORM_1WORD
gimana	NORM_1WORD
yaa???	NORM_1WORD

Ce	NORM_1WORD
kalau	O
di	O
twitter	O
scrool	O
jgn	NORM_1WORD
dalam	O
dalam	O
yaaa	NORM_1WORD
hahaha	O
kasian	NORM_1WORD
kamu	O
@yoeriche	NORM_1WORD
??	O

si	NORM_1WORD
chelsea	O
cantik	O
bngt	NORM_1WORD
ya	O
@st_awaliyah	NORM_1WORD

Bunda,	NORM_1WORD
setelah	O
selesai	O
menyusui	O
biasanya	O
payudara	O
kita	O
akan	O
mengendur	O
dan	O
kurang	O
menarik	O
utk	NORM_1WORD
itu	O
saya	O
mau	O
berbagi	O
pengalaman	O
nih	O
bunda	O
di@dr.inneke.sp.h	NORM_1WORD
ada	O
alat	O
yang	O
namanya	O
M.H.C.A	NORM_1WORD
yaitu	O
alat	O
PENGENCANG	NORM_1WORD
DAN	NORM_1WORD
PEMBESAR	NORM_1WORD
PAYUDARA	NORM_1WORD
bunda	O
mungkin	O
ingin	O
tampil	O
menarik	O
walau	O
pun	O
sudah	O
mempunyai	O
anak	O
begitu	O
juga	O
dngan	NORM_1WORD
saya	O
bun,dan	O
dg	NORM_1WORD
alat	O
tersebut	O
solusi	O
saya	O
teratasi	O
.bunda	O
mau	O
juga	O
???	O
invit	O
aja	NORM_1WORD
5EACED78	NORM_1WORD

Ya	NORM_1WORD
alloh	NORM_1WORD
lucunya	O
q	NORM_1WORD
jdi	NORM_1WORD
gemes	NORM_1WORD
yakin	O

Hhhh	NORM_1WORD
kekel	O
aq	NORM_1WORD
guyu	O
hadeh	O
banget	O
mirip	O
nya	O
dul	O

Kok	NORM_1WORD
bisa	O
yah	NORM_1WORD
...??	O

ngakak	NORM_1WORD
@nisatiani_27	NORM_1WORD
@mayasaniah	NORM_1WORD

Idolaku	NORM_1WORD
tp	NORM_1WORD
dlu	NORM_1WORD
??	O

Sa	NORM_1WORD
fea	O
anak	O
si	NORM_1WORD
pembantu,,,,	O
gk	NORM_1WORD
ada	O
muka"	NORM_1WORD
juragan,	O
dr	NORM_1WORD
kecil	O
dh	NORM_1WORD
jlek	NORM_1WORD
sma	NORM_1WORD
ky	NORM_1WORD
emaknya,,,,	O

Hair	NORM_1WORD
goals	O
njir	NORM_1WORD

Temenan	NORM_1WORD
....?	O

Tdk	NORM_1WORD
ada	O
yg	NORM_1WORD
salah	O
atas	O
posting	O
mba	NORM_1WORD
dewi,	O
tp	NORM_1WORD
saya	O
mempertanyakan	O
komen2	NORM_1WORD
yg	NORM_1WORD
sebut	O
Tuhannya	NORM_1WORD
dgn	NORM_1WORD
berbeda2	NORM_1WORD
pdhl	NORM_1WORD
dlm	NORM_1WORD
1	O
agama	O
yg	NORM_1WORD
sama.	O
Tuhan	NORM_1WORD
yesus,	O
Tuhan	NORM_1WORD
Allah..yesus	NORM_1WORD
adlh	NORM_1WORD
Allah??	NORM_1WORD
@chrystoruan	NORM_1WORD

Lah	NORM_1WORD
kan	O
situ	O
yg	NORM_1WORD
bilang	O
stupid	O
ke	O
org	NORM_1WORD
lain,...mkanya	NORM_1WORD
jgn	NORM_1WORD
suka	O
mulai	O
neng,...koreksi	O
dlu	NORM_1WORD
sblm	NORM_1WORD
komen	O
hay	NORM_1WORD
@avry_sitohang	NORM_1WORD
....mreka	NORM_1WORD
sudah	O
bhagia	NORM_1WORD
km	NORM_1WORD
aja	NORM_1WORD
yg	NORM_1WORD
suka	O
korek2	NORM_1WORD
aib	O
org	NORM_1WORD
lain,.....apa	O
pngen	NORM_1WORD
dipoligami	O
anang	O
yak?!...	NORM_1WORD

Di	NORM_1WORD
instagram	O
banyaaaak	NORM_1WORD
banget	O
yang	O
jual	O
alat	O
pembesar	O
payudara	O
dengan	O
harga	O
murah,	O
tapi	O
apa	O
kalian	O
gak	NORM_1WORD
takut	O
kualitasnya?	O
yuk	O
sama"	NORM_1WORD
main	O
ke@DR.FIRZA_HEALTHY.HERBAL	NORM_1WORD
dan	O
dapatkan	O
alat	O
pembesar	O
payudara	O
teknologi	O
jerman	O
+	O
titik	O
akupuntur	O
tiongkok	O
yang	O
harganya	O
masuk	O
akal?	O
BBM	NORM_1WORD
:	O
D29B2BB8.	NORM_1WORD

Hahaa	NORM_1WORD
dasyat	NORM_1WORD

Apikkkk	NORM_1WORD
ma	NORM_1WORD
@gysmayeyo	NORM_1WORD
.	O
Ndang	NORM_1WORD
golek	O
o	O
info	O

Benci	NORM_1WORD
benci	O
kw	NORM_1WORD
bilangg..	NORM_1WORD
bisa	O
juga	O
yah	NORM_1WORD
kw	NORM_1WORD
punya	O
anak	O
dri	NORM_1WORD
dy..	NORM_1WORD
itu	O
pun	O
suami	O
org	NORM_1WORD
..olllaalhahh..	O

Paling	NORM_1WORD
suka	O
sm	NORM_1WORD
foto	O
yg	NORM_1WORD
ini,	O
anggun	O
banget	O
??	O

Kak	NORM_1WORD
kapan	O
ada	O
chibi	O
di	O
super	O
family	O
100?	O
Soalnya	NORM_1WORD
ak	NORM_1WORD
barusan	O
lht	NORM_1WORD
iklannya	O
di	O
antv	O
@yoeriche	NORM_1WORD

Love	NORM_1WORD
u	NORM_1WORD
ka	NORM_1WORD
??@chelseaislan	NORM_1WORD

Waduhhh	NORM_1WORD
..kasian	NORM_1WORD
ya	O
org2	NORM_1WORD
yg	NORM_1WORD
ikut	O
campur	O
ursan	NORM_1WORD
org	NORM_1WORD
lain	O
.	O
dia	O
sudab	NORM_1WORD
dwsa	NORM_1WORD
dan	O
pnya	NORM_1WORD
agma	NORM_1WORD
pasti	O
dia	O
tau	O
ap	NORM_1WORD
yg	NORM_1WORD
baik	O
.	O
jd	NORM_1WORD
jgn	NORM_1WORD
rpt2	NORM_1WORD
komen	O
sana	O
sini	O
.	O
sbr	NORM_1WORD
aja	NORM_1WORD
y	NORM_1WORD
@marshanda99	NORM_1WORD

Gemesss	NORM_1WORD
wkwk	O

@virakysh	NORM_1WORD
ntar	NORM_1WORD
kita	O
bs	NORM_1WORD
gini	NORM_1WORD

Bangat	NORM_1WORD
?	O
@nadyaronhaziza	NORM_1WORD

Hahaaaaa	NORM_1WORD
mff	NORM_1WORD
y	NORM_1WORD
al.q	NORM_1WORD
jd	NORM_1WORD
ktwa	NORM_1WORD
pas	O
liat	NORM_1WORD
fto	NORM_1WORD
yg	NORM_1WORD
ini..	O
yg	NORM_1WORD
pke	NORM_1WORD
rok	O
panjang	O
lucu	O
bngt,slh	NORM_1WORD
kostum	O
x	NORM_1WORD
yeee..	NORM_1WORD
norak	O
abizzz.bnr2	NORM_1WORD
malu2in	NORM_1WORD
aj.beda	NORM_1WORD
sm	NORM_1WORD
bun	O
maia.elegan	O
cantik.yg	NORM_1WORD
ini	O
mah	O
wkwkwkkkkk	O
bkin	NORM_1WORD
ngakak.mff	NORM_1WORD
y	NORM_1WORD
all.q	NORM_1WORD
trlalu	NORM_1WORD
jjur	NORM_1WORD
klo	NORM_1WORD
ngmg.	NORM_1WORD
@alghazali7	NORM_1WORD

their	O
ways	O
to	NORM_1WORD
keep	O
the	O
gold	O
a.k.a	NORM_1WORD
nyari	NORM_1WORD
sponsor	O
nyari	NORM_1WORD
uang	O
cuy	O
huff	O
?	O
@ikasrnmrd	NORM_1WORD

Comment	NORM_1WORD
atas	O
gua	O
sok	O
suci..	O
lihat	O
fotonya...	O
ga	NORM_1WORD
berhijab	O
juga.....	O
ga	NORM_1WORD
usah	O
urus	O
prinadi	NORM_1WORD
org	NORM_1WORD
lahh	NORM_1WORD

Gmpg	NORM_1WORD
bgt	NORM_1WORD
yg	NORM_1WORD
bertato	O
@marcelchandra	NORM_1WORD
yg	NORM_1WORD
engk	NORM_1WORD
br	NORM_1WORD
mischa	O
yg	NORM_1WORD
tengah	O
mah	O
gk	NORM_1WORD
penting	O
????	O

@heyhanata	NORM_1WORD
@bosmaltal	NORM_1WORD
@rizqyajuwita	NORM_1WORD
wiih	NORM_1WORD
iyaa	NORM_1WORD
demi	O
apaa	NORM_1WORD
miriip	NORM_1WORD
euy	O
?	O
wkwkwk	O

@syafiralubis	NORM_1WORD
amiiinnn	NORM_1WORD
yaa	NORM_1WORD
Rabb,	NORM_1WORD
thanks	O
dear	O

TOD	NORM_1WORD
SI	NORM_1WORD
ABANG	NORM_1WORD
KE	NORM_1WORD
BLITZ!	NORM_1WORD
TUH	NORM_1WORD
KAANNNN	NORM_1WORD
@antoonei	NORM_1WORD

Iyaa	NORM_1WORD
ntar	NORM_1WORD
dbuat	NORM_1WORD
gituu?	NORM_1WORD
@stfazrn	NORM_1WORD

Yg	NORM_1WORD
kiri	O
mischa	O
yg	NORM_1WORD
kanan	O
marcel	O

Cantiik	NORM_1WORD

Yg	NORM_1WORD
kiri	O
ka	NORM_1WORD
marcel	O
.	O
Org	NORM_1WORD
itu	O
di	O
pungopg	O
kn	NORM_1WORD
.	O
Ps	NORM_1WORD
itu	O
jg	NORM_1WORD
liat	NORM_1WORD
kk	NORM_1WORD
di	O
situ	O
abis	NORM_1WORD
dri	NORM_1WORD
pungpg	O
k.	NORM_1WORD
Dllyst	NORM_1WORD
kn	NORM_1WORD
nongkrong	O
hee	O

Kalau	NORM_1WORD
di	O
luar	O
negri	NORM_1WORD
wisuda	O
gak	NORM_1WORD
ada	O
yg	NORM_1WORD
sanggulan	O
ya??	O
@yantiiyan	NORM_1WORD
@retnorekso	NORM_1WORD
@si_tia	NORM_1WORD

Yok	NORM_1WORD
suruh	O
buatin	NORM_1WORD
gini	NORM_1WORD
@dwizubir	NORM_1WORD

Subahanallah	NORM_1WORD
cantik	O
banhet	NORM_1WORD

@nindya.auliya	NORM_1WORD
??	O
pahala	O
ngalir	NORM_1WORD
terus	O
yaa	NORM_1WORD
meski	O
pernah	O
ngrusak	NORM_1WORD
rumah	O
tangga	O
orang	O
,	O
merebut	O
kebahagiaan	O
bunmai	O
dan	O
anak2nya	NORM_1WORD
,	O

Ini	NORM_1WORD
yang	O
kemaren	NORM_1WORD
di	O
expo	O
nih	O
kak	O
@vino69	NORM_1WORD

Sebel	NORM_1WORD
liat	NORM_1WORD
ini	O
org	NORM_1WORD
cocok	O
lah	O
sama	O
penggoda	O
kaya	NORM_1WORD
mulan	O
jamela	O

Deuhh	NORM_1WORD
foto	O
ramean	O
bolehlah	O
ya	O
foto	O
b2an	NORM_1WORD
begini?	O
Project	NORM_1WORD
si	NORM_1WORD
project	O
tapi	O
teteplah	O
dihargain	NORM_1WORD
itu	O
perasaan	O
nya	O
kan	O
yg	NORM_1WORD
comment	O
jadi	O
engga"	NORM_1WORD
soal	O
kalian,	O
coba	O
situ	O
yg	NORM_1WORD
jadi	O
@zaskiasungkar15	NORM_1WORD
,	O
plis	O
deh	O
@septriasaacha	NORM_1WORD

Temen	NORM_1WORD
tpa	O
qt	NORM_1WORD
@purrihapsari	NORM_1WORD

bagussss	NORM_1WORD
bang	O
@aliandooo	NORM_1WORD

Baru	NORM_1WORD
15thn?	O
haha	O
gue	O
kira	O
udh	NORM_1WORD
20an?	O

@sampoerno_	NORM_1WORD
siapa	O
yg	NORM_1WORD
suka	O
korek	O
aib	O
org?	NORM_1WORD
Baca	NORM_1WORD
dulu	O
dong	O
yg	NORM_1WORD
jelas	O
itu	O
kan	O
w	NORM_1WORD
ngebales	NORM_1WORD
krna	NORM_1WORD
dia	O
duluan	O
yg	NORM_1WORD
menghujat	O
aurel.	O
W	NORM_1WORD
sihh	NORM_1WORD
gak	NORM_1WORD
menghujat	O
kalo	NORM_1WORD
w	NORM_1WORD
ngomong	NORM_1WORD
sesuai	O
FAKTA	NORM_1WORD
alias	O
KENYATAAN.	NORM_1WORD
Udahh	NORM_1WORD
males	NORM_1WORD
w	NORM_1WORD
debat	O
sama	O
lo,	O
GAK	NORM_1WORD
PENTING!!!!!!!	NORM_1WORD

Ka	NORM_1WORD
marcel	O
yg	NORM_1WORD
lbh	NORM_1WORD
tinggi	O

beli	O
ginian	NORM_1WORD
buat	O
di	O
air	O
mahal	O
ga	NORM_1WORD
ya?	O
@nfakhrotun	NORM_1WORD

Bayangin	NORM_1WORD
ami	O
begini	O
@stutmgstn	NORM_1WORD
@seavhiradm	NORM_1WORD

Terus	NORM_1WORD
yng	NORM_1WORD
ini	O
@sylviarivian	NORM_1WORD

Jasa	NORM_1WORD
desain	O
murah	O
tapi	O
ga	NORM_1WORD
murahan	O
yuk	O
cek	O
ig	O
aku	O
!	O
Start	NORM_1WORD
from	O
40k	O

Aamiin	NORM_1WORD
ya	O
robb..	O

Yey	NORM_1WORD
ulang	O
tahun	O
kak	O
marcel	O
sama	O
kayak	O
aku	O
loo	NORM_1WORD
????	O
@marcelchandra	NORM_1WORD
@mischach	NORM_1WORD

@okta_oktaria	NORM_1WORD
sm	NORM_1WORD
tiffany	O
snsd.hehe	O

yup	NORM_1WORD
aku	O
setuju	O
@intankumala.s1990	NORM_1WORD
krn	NORM_1WORD
sebenarnya	O
tdk	NORM_1WORD
ada	O
bekas	O
ibu	O
n	NORM_1WORD
bekas	O
anak,	O
mb	NORM_1WORD
kd	O
tetaplaah	NORM_1WORD
ibu	O
aurel	O
dan	O
surganya	O
ada	O
dtelapak	O
kaki	O
mb	NORM_1WORD
kd.	O

Cantik	NORM_1WORD
bgt	NORM_1WORD
kak	O
@chelseaislan	NORM_1WORD

kapan	O
yaaa	NORM_1WORD
@santiaafriska18	NORM_1WORD

@dianrisdiani21	NORM_1WORD
iya	O
betul	O
mbg..	NORM_1WORD
yang	O
jelas	O
kita	O
jangan	O
menghakimi	O
seseorang	O
sendiri..	O
kita	O
manusia	O
kan	O
juga	O
tidak	O
luput	O
dr	NORM_1WORD
kesalahan...	O
menghujat	O
orangpun	O
gk	NORM_1WORD
ada	O
manfaatnya	O
.	O
Jadi	NORM_1WORD
ngomentnya	NORM_1WORD
yang	O
sopan	O
n	NORM_1WORD
bermanfaat	O
.	O

Aku	NORM_1WORD
baru	O
ngeuh	NORM_1WORD
klo	NORM_1WORD
th	NORM_1WORD
@rinanose16	NORM_1WORD
telah	O
berhijab..selamat	O
teh	O
yaah..sama	NORM_1WORD
kaya	NORM_1WORD
Aku	NORM_1WORD
juga	O
sedang	O
proses	O
pendeletan	O
..semoga	O
kita	O
berkumpul	O
nnti	NORM_1WORD
d	NORM_1WORD
surganya	O
Allah...	NORM_1WORD

Pengen	NORM_1WORD
duet	O
Tapi	NORM_1WORD
kapan?	O

Aaamin	NORM_1WORD

sia	O
anyeng	NORM_1WORD
soakkkk	O
atuh	O

Beneran	NORM_1WORD
mbk	NORM_1WORD
kd	O
kyk	NORM_1WORD
sm	NORM_1WORD
nenek	O
nya..	O

Semoga	NORM_1WORD
Allah	NORM_1WORD
selalu	O
membimbing	O
dan	O
semoga	O
istiqomah	NORM_1WORD
yaa	NORM_1WORD
:-)	O
@rinanose16	NORM_1WORD

Lucuuuuu	NORM_1WORD
@lutfianurna	NORM_1WORD

Subhanallah	NORM_1WORD
teh	O
rina	O
cantiikkkk	NORM_1WORD
bgttt	NORM_1WORD
klo	NORM_1WORD
mengenakan	O
hijab??Smga	NORM_1WORD
setelah	O
teh	O
rina	O
mengenakan	O
hijab,smkin	NORM_1WORD
bnyk	NORM_1WORD
rezeki	O
buat	O
teteh	O
amiiiiinnn???	NORM_1WORD

Sampe	NORM_1WORD
nangis	NORM_1WORD
liat	NORM_1WORD
filmnya	O
@karinasalim	NORM_1WORD

Kangen	NORM_1WORD
sm	NORM_1WORD
olga..met	NORM_1WORD
jln	NORM_1WORD
ka	NORM_1WORD
olga	O

Kalo'	NORM_1WORD
ngebales	NORM_1WORD
ngetag	O
uname	O
mbak!!	O
Dripda	NORM_1WORD
dikira	O
pengecut!!!	O
Btw,	NORM_1WORD
lagian	O
emg	NORM_1WORD
gue	O
pernah	O
bilang	O
kalo'	O
gue	O
gk	NORM_1WORD
pernah	O
bangga2in	NORM_1WORD
karya	O
indonesia??	O
Emg	NORM_1WORD
klo'	NORM_1WORD
suka	O
kpop	O
yg	NORM_1WORD
dibnggain	NORM_1WORD
cmn	NORM_1WORD
kpop	O
doang	O
ya??	O
Kalo'	NORM_1WORD
kyk	NORM_1WORD
gitu	NORM_1WORD
sekalian	O
aja	NORM_1WORD
tinggal	O
di	O
korea?	O
wlaupun	NORM_1WORD
gue	O
kpop,	O
gue	O
masih	O
bangga	O
dgn	NORM_1WORD
karya	O
indonesia	O
yg	NORM_1WORD
lain!!	O
Kyk	NORM_1WORD
karyanya	O
maudy	O
ayunda,	O
agnez,raisa,isyana,dll.	O
Jadi	NORM_1WORD
kalo'	O
nilai	O
ank	NORM_1WORD
kpop	O
jgn	NORM_1WORD
krn	NORM_1WORD
idolnya	O
org	NORM_1WORD
korea.	O
Tpi	NORM_1WORD
ank	NORM_1WORD
kpop	O
juga	O
bangga	O
sma	NORM_1WORD
karya2	NORM_1WORD
indonesia	O
yg	NORM_1WORD
bukan	O
jiplak	O
an!!!	O
Dan	NORM_1WORD
gk	NORM_1WORD
semua	O
ank	NORM_1WORD
kpop	O
gk	NORM_1WORD
suka	O
dgn	NORM_1WORD
karya2	NORM_1WORD
indonesia!!	O
@herra09	NORM_1WORD

Astagfirullah	NORM_1WORD
segtu	NORM_1WORD
ngebenci	NORM_1WORD
kalian	O
sama	O
mulan..	O
hhmm	O
apa	O
untung	O
ny	NORM_1WORD
coba?	O
?	O

Ya	NORM_1WORD
Allah	NORM_1WORD
kangen	O
sma	NORM_1WORD
bang	O
Olga	NORM_1WORD
???	O

Jekry	NORM_1WORD
versi	O
indo	NORM_1WORD
lah	O
ni	NORM_1WORD
@eummutz	NORM_1WORD
wkwk	O

Manisnyaaaa	NORM_1WORD

Yang	NORM_1WORD
kata	O
bg	NORM_1WORD
rafly	O
aku	O
pnjual	NORM_1WORD
tiket	O
terbanyak	O
,	O
plisee	O
follback	O
yh	NORM_1WORD
kak	O
@marcelchandra	NORM_1WORD

Kak	NORM_1WORD
@bramastavrl	NORM_1WORD
liat	NORM_1WORD
dong	O
aku	O
ga	NORM_1WORD
pendek	O
lagi	O
skrang	NORM_1WORD
pake	NORM_1WORD
produk	O
peninggi	O
badan	O
di@consultanthealty	NORM_1WORD
tinggi	O
badan	O
aku	O
nambah	NORM_1WORD
7cm	O
dalam	O
2	O
minggu,	O
yang	O
mba	NORM_1WORD
saranin	NORM_1WORD
kmarin	NORM_1WORD
aku	O
jd	NORM_1WORD
gak	NORM_1WORD
minder	O
lg	NORM_1WORD
??	O

Itu	NORM_1WORD
bneran	NORM_1WORD
suara	O
anjingnya,bkn	NORM_1WORD
kyanya	NORM_1WORD
tuh	O
@andria_riasih	NORM_1WORD

Temen2.	NORM_1WORD
Yang	NORM_1WORD
mau	O
tau	O
harga	O
murah	O
dan	O
mudahnya	O
sewa	O
yicam	O
untuk	O
wilayah	O
surabaya	O
DM	NORM_1WORD
ya.	O
Stock	NORM_1WORD
msh	NORM_1WORD
ready	O
5	O
unit?	O

Em	NORM_1WORD
lairannya	NORM_1WORD
sama	O
sama	O
cesar	O
sasa	O
hari	O
tanggal	O
cuma	O
beda	O
jmnya	NORM_1WORD
ajha..	NORM_1WORD
Bedanya	NORM_1WORD
lagi	O
rafatar	O
(co)	NORM_1WORD
anak	O
aris	O
dan	O
sahakila	O
(ce)	O
anak	O
orang	O
biasa..	O
15.8.15	O

Sabar	NORM_1WORD
ya	O
kaka??	NORM_1WORD

upin	O
ipin	O
luco	NORM_1WORD
loh	O
hhe	O
@aurelie.hermansyah	NORM_1WORD
@asha	NORM_1WORD

@efendinurulhuda	NORM_1WORD
plen	O
bhnya	NORM_1WORD

@gede.sudarma	NORM_1WORD
hey	O
ini	O
media	O
sosial	O
semua	O
orang	O
berhak	O
berpendapat	O
sama	O
sesuatu	O
hal,	O
kalau	O
pendapat	O
lo	O
beda	O
sm	NORM_1WORD
gue,	O
itu	O
terserah	O
lo!!	O
ga	NORM_1WORD
perlu	O
lo	O
mention	O
gue	O
supaya	O
pendapat	O
lo	O
di	O
bacaaaa!!!!!	NORM_1WORD
mau	O
gw	NORM_1WORD
berasumsi	O
kekk	NORM_1WORD
jungkiir	NORM_1WORD
balik	O
kekk,	NORM_1WORD
ga	NORM_1WORD
gunaa	NORM_1WORD
lo	O
bales2in	NORM_1WORD
komen	O
orangg!	NORM_1WORD
kaya	NORM_1WORD
ga	NORM_1WORD
ada	O
kerjaan	NORM_1WORD
laen	NORM_1WORD
ajaa,	NORM_1WORD
dan	O
yg	NORM_1WORD
terakhir	O
nih	O
yaaaa..	NORM_1WORD
itu	O
komen	O
dr	NORM_1WORD
kapan	O
tauuuu,	NORM_1WORD
lo	O
bls	NORM_1WORD
baru	O
skg,	NORM_1WORD
kaya	NORM_1WORD
ga	NORM_1WORD
sehat	O
yaa	NORM_1WORD
hidup	O
lo!!!	O

Smoga	NORM_1WORD
ttp	NORM_1WORD
langgeng	O
till	O
jannah.	O
Aminn	NORM_1WORD

Gw	NORM_1WORD
liat	NORM_1WORD
ada	O
yg	NORM_1WORD
mirip	O
lw	NORM_1WORD
di	O
york	O
kmaren,	NORM_1WORD
70%	O
dah	NORM_1WORD

Lebih	NORM_1WORD
cocok	O
bertiga	O
aja	NORM_1WORD
ka	NORM_1WORD
dari	O
pada	O
berempat	O
?	O

Pacaran	NORM_1WORD
geh	NORM_1WORD
ma	NORM_1WORD
janda	O

Dmana	NORM_1WORD
ne	NORM_1WORD
?	O
@vinastiara	NORM_1WORD

Ummm	NORM_1WORD
mauu	NORM_1WORD
atuhhh	NORM_1WORD
@znursyifa	NORM_1WORD

15	O
taun	NORM_1WORD
?	O
@krtkcndr	NORM_1WORD
@tyrakrn_	NORM_1WORD
@laksitawp_	NORM_1WORD

Luan	NORM_1WORD
lah	O
dekkk...@frisjuntak	NORM_1WORD
???	O

Kapan	NORM_1WORD
kuliahnya	O
dan	O
berapa	O
lama?	O
S1	NORM_1WORD
kah?	O
Woww....aku	NORM_1WORD
aja	NORM_1WORD
yg	NORM_1WORD
d3	O
lulus	O
ntar	NORM_1WORD
pas	O
umur	O
21.	O
?????	O

Aurel	NORM_1WORD
hatinya	O
baik	O
bgt...makanya	NORM_1WORD
aura	O
wajah	O
aurel	O
cantik	O
bgt,	NORM_1WORD
menerima	O
seorang	O
ibu	O
tiri	O
dg	NORM_1WORD
tullus.	NORM_1WORD
Suka	NORM_1WORD
bgt	NORM_1WORD
sm	NORM_1WORD
pribadi	O
aurel.	O

Mirip	NORM_1WORD
@elelrumi	NORM_1WORD
dan	O
mirip	O
alm.nike	NORM_1WORD
ardila	O

Cocokkkk	NORM_1WORD
syekaliii	NORM_1WORD

Kuci	NORM_1WORD
kuci	O
ini	O
mksdku	NORM_1WORD
@dennyprayitno	NORM_1WORD

Inih	NORM_1WORD
yg	NORM_1WORD
asli	O
jahh...	O
Liat	NORM_1WORD
tuhh	NORM_1WORD
kecil	O
kan	O
*upss	O
wkwkwkkk	O
@amelyachristina	NORM_1WORD

Eh	NORM_1WORD
ini	O
yaa	NORM_1WORD
the	O
freakss	O
yg	NORM_1WORD
katanyaa	NORM_1WORD
mvnya	O
plagiat	O
exo	O
mama?	O
?	O

Kangennn?nnmnnnnnnnnnnnnnnnnn	NORM_1WORD
kaliannnnnm	NORM_1WORD

GA	NORM_1WORD
NYANGKA	NORM_1WORD
BANGET	NORM_1WORD
KEPUTUSAN	NORM_1WORD
AKU	NORM_1WORD
BUAT	NORM_1WORD
BELI	NORM_1WORD
ALAT	NORM_1WORD
PEMBESAR	NORM_1WORD
PAYUDARA	NORM_1WORD
MHCA	NORM_1WORD
DI@QUEEN_BEAUTY_NATURAL	NORM_1WORD
SEBULAN	NORM_1WORD
YANG	NORM_1WORD
LALU	NORM_1WORD
TERNYATA	NORM_1WORD
JADI	NORM_1WORD
KEPUTUSAN	NORM_1WORD
YANG	NORM_1WORD
PALING	NORM_1WORD
TEPAT	NORM_1WORD
!!	O
AWALNYA	NORM_1WORD
SIH	NORM_1WORD
AKU	NORM_1WORD
RAGU	NORM_1WORD
TAPI	NORM_1WORD
TERNYATA	NORM_1WORD
SETELAH	NORM_1WORD
PAKE	NORM_1WORD
SELAMA	NORM_1WORD
30	O
HARI	NORM_1WORD
AKU	NORM_1WORD
UKUR	NORM_1WORD
LAGI	NORM_1WORD
PAYUDARA	NORM_1WORD
AKU	NORM_1WORD
YANG	NORM_1WORD
TADINYA	NORM_1WORD
32	O
SEKARANG	NORM_1WORD
JADI	NORM_1WORD
36B	NORM_1WORD
BENERAN	NORM_1WORD
SERIUS	NORM_1WORD
DEH	NORM_1WORD
!!!	O
KAMU	NORM_1WORD
HARUS	NORM_1WORD
COBA	NORM_1WORD
JUGA	NORM_1WORD
NIH	NORM_1WORD
HUB	NORM_1WORD
ADMINNYA	NORM_1WORD
DI	NORM_1WORD
BBM	NORM_1WORD
PIN:	NORM_1WORD
5D885B1C	NORM_1WORD

@efendinurulhuda	NORM_1WORD
wkwkkw	O
dlu	NORM_1WORD
Aku	NORM_1WORD
rjun	O
stkl	O
ini	O
a	O

Setuju	NORM_1WORD
banget	O
sama	O
kata2	NORM_1WORD
nya	O
kak	O
@marshanda99	NORM_1WORD
kalau	O
kita	O
harus	O
intropeksi	O
diri	O
kita	O
sendiri	O
sebelum	O
men	O
judge	O
orang	O
lain....	O

Tau	NORM_1WORD
dah	NORM_1WORD
yg	NORM_1WORD
ngepen	O
sma	NORM_1WORD
sosiologi,	O
eh..	O
sosialita	O
haha	O
@topansupertramp	NORM_1WORD

Kakak	NORM_1WORD
meninggal	O
bertepatan	O
pada	O
rajanya	O
Hari	NORM_1WORD
yaitu	O
di	O
hari	O
:-)	O
Jum'at	NORM_1WORD
:)	O
masih	O
gak	NORM_1WORD
percaya	O
kalo	NORM_1WORD
kak	O
Yoga	NORM_1WORD
pergi	O
ninggalin	NORM_1WORD
dunia	O
hiburan	O
:'(	O

Kayak	NORM_1WORD
bisa	O
beneran	NORM_1WORD
ballet	O
aja	NORM_1WORD

Kapan	NORM_1WORD
sinetron	O
x	NORM_1WORD
an	O
SB	NORM_1WORD
tayang	O
?@dude2harlino	NORM_1WORD
@ichasoebandono	NORM_1WORD
kt	NORM_1WORD
dah	NORM_1WORD
kangen	O
bgt	NORM_1WORD
nih	O
?	O

Cek	NORM_1WORD
ig	O
aq	NORM_1WORD
yuk	O
..sepatu	O
murah	O
&cantik..	O

@rivanyaayu_31	NORM_1WORD
haha	O
berarti	O
anda	O
yg	NORM_1WORD
salah	O
presepsi	O

Ameen	NORM_1WORD

Happy	NORM_1WORD
anniversary	O
yaaaa	NORM_1WORD

Barber	NORM_1WORD
Shop	NORM_1WORD
Hnyar	NORM_1WORD
nah	O
,	O
Ksini	NORM_1WORD
kah	O
@yoga_lengo	NORM_1WORD

Dul	NORM_1WORD
jagain	NORM_1WORD
bundanya	O
yahbh	NORM_1WORD

READY?	NORM_1WORD
?PENGHILANG	NORM_1WORD
JERAWAT	NORM_1WORD
?FLEK	NORM_1WORD
HITAM	NORM_1WORD
?PEMUTIH	NORM_1WORD
BADAN	NORM_1WORD
?PEMBESAR	NORM_1WORD
PAYUDARA	NORM_1WORD
??????	O
??????	O
HALAL	NORM_1WORD
MUI	NORM_1WORD
TERDAFTAR	NORM_1WORD
DI	NORM_1WORD
BPOM	NORM_1WORD
,	O
PRODUK	NORM_1WORD
GA	NORM_1WORD
USAH	NORM_1WORD
KUATIR	NORM_1WORD
?	O
AMAN,	NORM_1WORD
FOR	NORM_1WORD
INFO	NORM_1WORD
PROMO@HERBAL.DIGITAL	NORM_1WORD
/	O
PIN	NORM_1WORD
D2ACDC61	NORM_1WORD
/	O
WA	NORM_1WORD
085846101940	O
PROMO@HERBAL.DIGITAL	NORM_1WORD
/	O
Pin	NORM_1WORD
D2ACDC61	NORM_1WORD
/	O
Wa	NORM_1WORD
085846101940.	O
????	O
?????????????????????????	O

Aku	NORM_1WORD
tauuu	NORM_1WORD

Tapi	NORM_1WORD
asli	O
kocak	O
bgt	NORM_1WORD
mulan..	O
Pake	NORM_1WORD
rok	O
bgtuu	NORM_1WORD
apa	O
ga	NORM_1WORD
ribet	O
yaa	NORM_1WORD
?	O

@jesslynmercylia177	NORM_1WORD
maap	NORM_1WORD
ya	O
sosmed	O
yg	NORM_1WORD
gk	NORM_1WORD
d	NORM_1WORD
private	O
cm	NORM_1WORD
ig	O
and	O
twitter	O
hoho.	O
Follow	NORM_1WORD
ga	NORM_1WORD
twitter	O
ku??	O
@witri_gustiani	NORM_1WORD
thank	O
you	O
kak	O
amin	O
moga	O
semakin	O
banyak	O
Twibi	NORM_1WORD
Twiboy	NORM_1WORD
yg	NORM_1WORD
syg	NORM_1WORD
Cherrybelle	NORM_1WORD
selalu	O
hohoho	O
@yoericheofc_fc	NORM_1WORD
kmrn	NORM_1WORD
aja	NORM_1WORD
wkt	NORM_1WORD
d	NORM_1WORD
malang	O
aku	O
ketemu	O
ama	NORM_1WORD
imyoers	O
malang	O
yihaaa?	O

Intinya	NORM_1WORD
semua	O
jng	NORM_1WORD
sembarangan	O
ngumung	NORM_1WORD
walau	O
berhijab	O

Baju	NORM_1WORD
anak	O
koleksi	O
baru2.	NORM_1WORD
Cek	NORM_1WORD
ig	O
kita	O
ya	O

Cantik	NORM_1WORD
nya	O
msh	NORM_1WORD
kaya	NORM_1WORD
dulu	O
aja	NORM_1WORD

Emang	NORM_1WORD
gt	NORM_1WORD
dia	O
viii	O
ruuummm,	O
maapin	NORM_1WORD
yak	NORM_1WORD
kalo	NORM_1WORD
dia	O
suka	O
ngebala??	NORM_1WORD
@sorayess_	NORM_1WORD
@arumsaric	NORM_1WORD

Serem	NORM_1WORD
tp	NORM_1WORD
ttp	NORM_1WORD
cantik	O

Ini	NORM_1WORD
baru	O
bener	NORM_1WORD
@nathania.valencia	NORM_1WORD
@livia_margaretha11	NORM_1WORD

@vienesayn	NORM_1WORD
mirip	O
bgt	NORM_1WORD
yaa..	NORM_1WORD

Kami	NORM_1WORD
menjual	O
bantal	O
foto	O
printing	O
full	O
color	O
dan	O
ga	NORM_1WORD
gampang	O
luntur,	O
ada	O
GKM,	NORM_1WORD
bando	O
TV/kipas	NORM_1WORD
,	O
tas	O
foto..	O

Kangeenn	NORM_1WORD
sama	O
alm	NORM_1WORD
kak	O
olga..	O

Senengg	NORM_1WORD
yaa	NORM_1WORD
@stefannwilliam	NORM_1WORD
goyang	O
bang	O
jalii	O
teruzzz	NORM_1WORD
..	O

Kaka	NORM_1WORD

Kapan	NORM_1WORD
sitayngin	NORM_1WORD
di	O
pantai	O
nya	O
@anugerahcinta_rcti	NORM_1WORD

Klo	NORM_1WORD
mischa	O
matanya	O
bule	O
bgt	NORM_1WORD

Nah	NORM_1WORD
ini	O
lucu	O
kalo	NORM_1WORD
yg	NORM_1WORD
bener2	NORM_1WORD
polosan	O
ngerii	NORM_1WORD
lucu	O
digambarin	NORM_1WORD
hehehe	O
?	O
@nisvilailany	NORM_1WORD

Sabar	NORM_1WORD
terus	O
semangaatttt	NORM_1WORD

Iya	NORM_1WORD
ndak	NORM_1WORD
pa2	NORM_1WORD
kak	O
yang	O
penting	O
harus	O
maen	NORM_1WORD
ke	O
lombok	O
pokoknya	O
:))	O
@karinasalim	NORM_1WORD

Kalau	NORM_1WORD
nambah	NORM_1WORD
tua	O
emang	NORM_1WORD
selalu	O
lupa	O
ya	O
?	O
@laurakennenbudi	NORM_1WORD

Lucuuuu..	NORM_1WORD
hahahaha	O

Hari	NORM_1WORD
gini	NORM_1WORD
kostum	O
ny	NORM_1WORD
kayak	O
gituan??	NORM_1WORD

@mutiahalidrus	NORM_1WORD
@andi_febriani	NORM_1WORD
hidup	O
itu	O
jgan	NORM_1WORD
terlalu	O
serius	O
shayy,	NORM_1WORD
sebentar	O
dilingkas	O
sebentar	O
di	O
karjo,	O
sebentar	O
di	O
selumit	O
,	O
sebentar	O
di	O
sebengkok	O
apa	O
sih	O
.	O
Hempas	NORM_1WORD
datang	O
lagi	O
????	O
syantiek	NORM_1WORD

Ngasih	NORM_1WORD
buktinya	O
enak	O
banget@dr.asharisukma.herbal	NORM_1WORD
?	O
langsing	O
dan	O
tinggi	O
bukan	O
lagi	O
impian,	O
jadi	O
kenyataan??	O
big	O
thanks	O
ya@dr.asharisukma.herbal	NORM_1WORD
?	O

Niiiihh	NORM_1WORD
sweeet	O
banget	O
wkwwks	O
@firmanandip	NORM_1WORD

#cinta	NORM_1WORD
cantik	O
bngt....	NORM_1WORD

gue	O
kapan	O
gini	NORM_1WORD
sama	O
chanyeol	O
we?	O
dan	O
lo	O
kapan	O
gini	NORM_1WORD
sama	O
mingyu	O
we?	O
@vnkngl_27	NORM_1WORD
dan	O
lo	O
kapan	O
balikan	O
sama	O
hans	O
we?	O
@indriani.merry	NORM_1WORD

@bellahasan	NORM_1WORD
hahahaha	O
lucu	O
amaattt,	NORM_1WORD
nama	O
nya	O
jenaka	O
lucu	O
ye	O
kalo	NORM_1WORD
anak	O
lo	O
namain	NORM_1WORD
kocak	O
aje	NORM_1WORD
be	O
haha	O

Lucu	NORM_1WORD
bgt	NORM_1WORD
@jscmila	NORM_1WORD

hempaass	NORM_1WORD
dtg	NORM_1WORD
lagi	O
@saidakbaryazi21	NORM_1WORD

Hasil	NORM_1WORD
stalking	O
un	O
@tickatiqoush	NORM_1WORD
,	O
pengeeenn.........	NORM_1WORD

Nonton	NORM_1WORD
aja	NORM_1WORD
om	O
,	O
lucu	O
sama	O
org	NORM_1WORD
kita	O
ini.pesen	NORM_1WORD
aja	NORM_1WORD
buat	O
kalian	O
semua,	O
jangan	O
sampai	O
gosong	O
tempe	O
di	O
atas	O
penggorengan	O
hanya	O
karna	NORM_1WORD
sibuk	O
ngurusin	NORM_1WORD
urusan	O
orang	O
.	O
Tetap	NORM_1WORD
berkarya	O
kalian	O
anak	O
bangsa.	O
Thks	NORM_1WORD
u	NORM_1WORD
@mastercorbuzier	NORM_1WORD

Kalo	NORM_1WORD
cari	O
pembesar	O
dan	O
pengencang	O
payudara	O
yaa	NORM_1WORD
ini	O
nih	O
solusinya@DR.FAUZI_HERBAL.THERAPY??	NORM_1WORD
ukuran	O
punyaku	O
juga	O
udah	NORM_1WORD
mulai	O
besar	O
loh?	O
aman	O
dan	O
terpercaya	O
deh	O
pokonya..	NORM_1WORD
Yuk	NORM_1WORD
add?D04E19DC	NORM_1WORD

Amin....kan	NORM_1WORD
sdh	NORM_1WORD
tercapai	O
jadi	O
drg	O
nya	O
@odywoody	NORM_1WORD

Happy	NORM_1WORD
birthday	O
ka	NORM_1WORD
@tulusm	NORM_1WORD
idolaa	NORM_1WORD
bangett???	NORM_1WORD

Gila	NORM_1WORD
cewenya	O
15	O
thn	NORM_1WORD
ca??	O
@keishans_	NORM_1WORD

cntikk	NORM_1WORD
kak	O
@fatin30	NORM_1WORD
??	O

BOSAAN????	NORM_1WORD
DENGAN	NORM_1WORD
PENAMPILAN	NORM_1WORD
PAYUDARA	NORM_1WORD
KAMU	NORM_1WORD
YANG	NORM_1WORD
KECIL	NORM_1WORD
DAN	NORM_1WORD
GITU2	NORM_1WORD
AJA???	NORM_1WORD
,	O
UDAH	NORM_1WORD
PAKE	NORM_1WORD
OBAT	NORM_1WORD
DAN	NORM_1WORD
ALAT	NORM_1WORD
KMANA2	NORM_1WORD
GAK	NORM_1WORD
ADA	NORM_1WORD
PERUBAHAN..	NORM_1WORD
YUUK	NORM_1WORD
SISTA	NORM_1WORD
CEK	NORM_1WORD
IG@QUEEN_BEAUTY_NATURAL	NORM_1WORD
BBM	NORM_1WORD
PIN:	NORM_1WORD
5D885B1C.	NORM_1WORD

@juliaperrezz	NORM_1WORD
insyaa	O
Allah	NORM_1WORD
bisa	O
mbak..	O
kita	O
ndak	NORM_1WORD
tau	O
bgmna	NORM_1WORD
nilai	O
ssorg	NORM_1WORD
d	NORM_1WORD
hdpn	NORM_1WORD
Allah..	NORM_1WORD
kalau	O
Allah	NORM_1WORD
sayang	O
maka	O
Allah	NORM_1WORD
terus	O
menunjukkan	O
jalan	O
mnuju	O
hidayah	O
tinggal	O
kita	O
yg	NORM_1WORD
menyambut	O
hidayah	O
tsb..	NORM_1WORD
Allah	NORM_1WORD
sayang	O
dg	NORM_1WORD
smua	NORM_1WORD
hambaNya..	NORM_1WORD
semangat	O
ya	O
mbakyuu..	O
semoga	O
segera	O
kukuh	O
niat	O
baiknya	O
?	O
mbak	O
@rinanose16	NORM_1WORD
selamat	O
nggih..	O
semoga	O
semakin	O
mantap	O
berhijrahnya..	O
senang	O
liat	NORM_1WORD
mbak	O
langsung	O
hapus	O
foto2	NORM_1WORD
yg	NORM_1WORD
terbuka	O
auratnya,	O
selamat	O
menikmati	O
proses	O
hijrah	O
yg	NORM_1WORD
lezat	O
luar	O
biasa..	O
barakallaahu	O
fiikunna..	O
?	O

Wihhhhhh...	NORM_1WORD

Lucu	NORM_1WORD
bat	NORM_1WORD
:D	O

Kak	NORM_1WORD
salsha	O
sabar	O
yha	NORM_1WORD
kak...	O

GALAU	NORM_1WORD
DIPUTUSIN	NORM_1WORD
PACAR	NORM_1WORD
GARA2	NORM_1WORD
KM	NORM_1WORD
PENDEK?	NORM_1WORD
GARA2	NORM_1WORD
KAMU	NORM_1WORD
HITAM?	NORM_1WORD
GARA2	NORM_1WORD
KAMU	NORM_1WORD
GEMUK?	NORM_1WORD
YUK	NORM_1WORD
KONSULTASI	NORM_1WORD
KE@HERBALCONSULTANT	NORM_1WORD
|	O
TEMUKAN	NORM_1WORD
RAHASIA	NORM_1WORD
TUBUH	NORM_1WORD
IDEAL	NORM_1WORD
PARA	NORM_1WORD
ARTIS	NORM_1WORD
DISANA.	NORM_1WORD
PIN	NORM_1WORD
:	O
5CF3A833	NORM_1WORD
WA:	NORM_1WORD
082352735219	O

Only	NORM_1WORD
today..get	O
special	O
proces	O
stp	NORM_1WORD
penbelian	NORM_1WORD
aksesoris	O
kalung	O
:)	O

Bang	NORM_1WORD
ali	O
mau	O
item	O
manis	O
,	O
mau	O
putih.	O
Bang	NORM_1WORD
ali	O
ttp	NORM_1WORD
ganteng	O
dan	O
selalu	O
di	O
hati	O
qu......?	NORM_1WORD

@caturjurgen	NORM_1WORD
kuat	O
kam	NORM_1WORD
liat	NORM_1WORD
ini?	O

Nih	NORM_1WORD
orang	O
engga	NORM_1WORD
pernah	O
ikut	O
pramuka	O
kayanye	NORM_1WORD
??	O
@dwijulistn	NORM_1WORD
@riskameidakrismonika	NORM_1WORD

Gingsungny	NORM_1WORD
sma	NORM_1WORD
kyk	NORM_1WORD
aku@nabilahjkt48	NORM_1WORD

ya	O
iya	O
paling	O
pas	O
sama	O
ariel	O
g	NORM_1WORD
ada	O
yng	NORM_1WORD
pas	O
ke	O
cuali	O
sama	O
arel	O
noah	O

Hay...	NORM_1WORD
km...	NORM_1WORD

Suka	NORM_1WORD
bgt	NORM_1WORD
liat	NORM_1WORD
kak	O
@agnezmo	NORM_1WORD
kyk	NORM_1WORD
gini	NORM_1WORD

Apa	NORM_1WORD
ini	O
gara"	NORM_1WORD
sehari	O
kak	O
prilly	O
ga	NORM_1WORD
pake	NORM_1WORD
shampoo	O
beauty	O
girl?	O

Ntr	NORM_1WORD
ak	NORM_1WORD
beliin	NORM_1WORD
balonnya	O
aja	NORM_1WORD
ya..@niongky	NORM_1WORD

Ngk	NORM_1WORD
jadi	O
ahh?	NORM_1WORD
@nabilahandraa	NORM_1WORD

Ini	NORM_1WORD
akun	O
resmi	O
ofc	O
jkt48	O
bkn?	NORM_1WORD

Masha	NORM_1WORD
arsy	O
cantik	O
dan	O
luchu	NORM_1WORD
pake	NORM_1WORD
baju	O
masha	O

Udh	NORM_1WORD
putus	O
ama	NORM_1WORD
kak	O
wilona??	O
@vyanevertary_	NORM_1WORD

beh	O
badai	O
bet	NORM_1WORD
@dylaavels	NORM_1WORD

@forever_lu2	NORM_1WORD
kalo	NORM_1WORD
sama	O
mbak	O
KD	NORM_1WORD
lebih	O
banyak	O
Agnezmo	NORM_1WORD
keriputnya,	O
Mbak	NORM_1WORD
KD	NORM_1WORD
masih	O
kenceng	NORM_1WORD
kalo	NORM_1WORD
ketawa	O
juga	O
mukanya	O

Kok	NORM_1WORD
mirip	O
jangan2	NORM_1WORD
kembar	O
?	O
mau	O
satu	O
dong	O
?	O

Keren	NORM_1WORD
baget	NORM_1WORD
kk	NORM_1WORD

Dia	NORM_1WORD
kok	O
matanya	O
ngikutin	NORM_1WORD
aku	O
boo	O
?	O
@debyanjani	NORM_1WORD

@ruthnancy96	NORM_1WORD
yg	NORM_1WORD
ga	NORM_1WORD
punya	O
hati	O
itu	O
eloo.	NORM_1WORD
Apa2nya	NORM_1WORD
bukan	O
,	O
kenal	O
juga	O
nggak,	NORM_1WORD
tapi	O
SOK	NORM_1WORD
MENGHAKIMI	NORM_1WORD
manusia.	O
Dasar	NORM_1WORD
goblokkk.	NORM_1WORD
Otak	NORM_1WORD
sesatt,	NORM_1WORD
hati	O
ibliss.	NORM_1WORD
sok	O
taunya	O
uda	NORM_1WORD
kayak	O
elo	NORM_1WORD
pernah	O
jadi	O
babunya	O
dani	O
&	O
bunda	O
aje	NORM_1WORD
?	O

???	O
pak	O
ahok,majuuu	NORM_1WORD
teruuss?	NORM_1WORD

Ya	NORM_1WORD
aurly	O
suru	NORM_1WORD
cari	O
pacar	O
sek	O
too	O
wkwkwk	O
@adhy.1993	NORM_1WORD

@feliciarany	NORM_1WORD
mana	O
bisaa	NORM_1WORD
no	O
salt	O
no	O
ice.	O
Mati	NORM_1WORD
lha	NORM_1WORD

Mirip	NORM_1WORD
bgtttt?	NORM_1WORD

Kgeeeen	NORM_1WORD

Intip	NORM_1WORD
koleksi	O
choker2	NORM_1WORD
kita	O
yuks!?	NORM_1WORD
kita	O
memang	O
olshop	O
baru,	O
tp	NORM_1WORD
kita	O
jujur??	O

Kakak	NORM_1WORD
cantik	O
banget.	O
Kak	NORM_1WORD
minta	NORM_1WORD
donk	NORM_1WORD
pin	O
bbm	O
nya	O

Selmt	NORM_1WORD
taz	NORM_1WORD
klhran	NORM_1WORD
ank	NORM_1WORD
pertma	NORM_1WORD
ya	O
kk	NORM_1WORD

Bagus	NORM_1WORD
bngt	NORM_1WORD
rambunya	O
jadi	O
keliatan	NORM_1WORD
awet	O
muda	O
@dude2harlino	NORM_1WORD

setuju	O
bgt	NORM_1WORD
ma	NORM_1WORD
captionnya	O
@marshanda99	NORM_1WORD

Hey	NORM_1WORD
kalian	O
mau	O
tau	O
produk	O
herbal	O
peninggi	O
badan	O
yg	NORM_1WORD
lg	NORM_1WORD
top	O
sekarang	O
?	O
cari	O
tau	O
skarang	NORM_1WORD
juga	O
follow	O
ig@montirherbal	NORM_1WORD
dan	O
INVITE	NORM_1WORD
PIN	NORM_1WORD
:	O
D098054A	NORM_1WORD

Ngerrrriiii	NORM_1WORD

pdhl	NORM_1WORD
cantikan	O
berhijab..lebih	O
disayang	O
ALLAH	NORM_1WORD
?...sayang	O
memilih	O
meninggalkan	O
perintah	O
ALLAH	NORM_1WORD
?	O

love	O
u	NORM_1WORD
cantiks	NORM_1WORD
???	O

ini	O
akun	O
yg	NORM_1WORD
bikin	O
si	NORM_1WORD
jendess	NORM_1WORD
@celine_evangelista	NORM_1WORD
perasaan	O
dulu	O
waktu	O
sama	O
wilona	O
ga	NORM_1WORD
se	O
alay	O
ini	O
dh...????	NORM_1WORD

@oll_shop_sby	NORM_1WORD
Yg	NORM_1WORD
lbh	NORM_1WORD
tinggi	O
kak	O
marcel	O
?	O

Adik	NORM_1WORD
kakak'an	O
sama	O
chelsea	O
islan	O
cocok	O
bgt	NORM_1WORD
mirippp	NORM_1WORD
mukax	NORM_1WORD
sama"	NORM_1WORD
cute	O
cantik~~	O
@rrieschaicha	NORM_1WORD

uuuuuaaaaaaaaaappppppppppiiiiiiiiiiiiiiiiiikkkkkkkkkkkkkkkk	NORM_1WORD

Heii	NORM_1WORD
kamu..	O
yg	NORM_1WORD
diputusin	NORM_1WORD
sama	O
pcrnya	NORM_1WORD
gara2	NORM_1WORD
kurang	O
tinggi.	O
nih	O
beauty.herbal.id	O
bisa	O
membantu	O
anda	O
!	O
saya	O
pun	O
nambah	NORM_1WORD
tinggi	O
10cm	O
harga	O
lumayan	O
lah	O
karena	O
kualitas	O
tinggi	O
READY	NORM_1WORD
STOCK	NORM_1WORD
:	O
peninggi	O
,	O
pelangsing	O
,	O
penggemuk	O
,	O
pemutih	O
,	O
masker	O
jerawat	O
Langsung	NORM_1WORD
invite	O
pin	O
bbm	O
:	O
D201CCE7	NORM_1WORD

Coxok	NORM_1WORD
bgt	NORM_1WORD
kak	O
@audimarissa	NORM_1WORD
&	O
kak	O
@billydavidson_	NORM_1WORD

@naomistella	NORM_1WORD
sellow	NORM_1WORD
dong	O
mbak.	O
Baru	NORM_1WORD
juga	O
sekali	O
ini	O
saya	O
komen	O
idup	NORM_1WORD
orang	O
krn	NORM_1WORD
saking	O
prihatinnya	O
hahaha.	O
Intropeksi	NORM_1WORD
diri	O
dulu	O
ya	O
mbak	O
sapa	O
sbbrnya	NORM_1WORD
yg	NORM_1WORD
suka	O
idup	NORM_1WORD
org	NORM_1WORD
hahaha	O

Subhanallah	NORM_1WORD
...	O
Ka	NORM_1WORD
cinta	O
bener"	NORM_1WORD
cantik	O
banget	O
kalau	O
pake	NORM_1WORD
jilbab	O

Ia	NORM_1WORD
ini	O
pritt	O
@goprittz	NORM_1WORD
,	O
sebelum	O
qta	NORM_1WORD
ke	O
jogja	O
gw	NORM_1WORD
peen	NORM_1WORD
tag	O
in	NORM_1WORD
ini	O
ke	O
lw.	NORM_1WORD
Gga	NORM_1WORD
sabar	O
buat	O
nunggu	NORM_1WORD
sekuel	O
nya	O
yaah..	NORM_1WORD

Ya	NORM_1WORD
allah	O
kngenn	NORM_1WORD
bngett	NORM_1WORD

yg	NORM_1WORD
booth	O
nya	O
di	O
tengah	O
n	NORM_1WORD
rame	O
y?	NORM_1WORD
wo	O
nya	O
yg	NORM_1WORD
emejing	O
si	NORM_1WORD
mel	O
big	O
enterprise	O
@erfasarimelati	NORM_1WORD

Lu	NORM_1WORD
boleh	O
sombong	O
klo	NORM_1WORD
lu	O
gn	NORM_1WORD
@kazuaenima	NORM_1WORD

??GELISAH,	NORM_1WORD
KEPIKIRAN,	NORM_1WORD
STEESS,	NORM_1WORD
JENUH	NORM_1WORD
gara"	NORM_1WORD
tak	O
punya	O
momongan,	O
..!!??	O
Jngan	NORM_1WORD
kwatir	NORM_1WORD
kami	O
punya	O
solusinya..?	O
DAN	NORM_1WORD
Mengatasi	NORM_1WORD
:	O
Kista,	NORM_1WORD
Miom,	NORM_1WORD
Penyumbatan	NORM_1WORD
Tuba,	NORM_1WORD
Pcos,	NORM_1WORD
Troch,	NORM_1WORD
Oligosperma,	NORM_1WORD
Astheno,	NORM_1WORD
dll.????	O

@sandrigani	NORM_1WORD
@faramihta	NORM_1WORD
@tia_rafebrina	NORM_1WORD
ini	O
lengkap	O
ny	NORM_1WORD
???	O

@heni.hasibuan	NORM_1WORD
ngefans	NORM_1WORD
ma	NORM_1WORD
om	O
nicholas	O
dah	NORM_1WORD
lama	O

Rinduuuuuuuuuu	NORM_1WORD
@prillylatuconsina96	NORM_1WORD
@aliandooo	NORM_1WORD

Kak	NORM_1WORD
kamu	O
cantik	O
dh	NORM_1WORD

Bah!	NORM_1WORD
Jorookknya	NORM_1WORD
haha	O

Gilaaaaaa	NORM_1WORD
kamu	O
aja	NORM_1WORD
duluan	O
nanti	O
aku	O
yah	NORM_1WORD
@lusiana_bolus	NORM_1WORD
???	O

Ya	NORM_1WORD
allah	O
kangen	O
bangat	NORM_1WORD
dgn	NORM_1WORD
kalian...	O
kapan	O
ya	O
berkumpul	O
lagi	O

Lawaaaas	NORM_1WORD

@jscmila	NORM_1WORD
bangga	O
punya	O
idola	O
seperti	O
kamu	O
kak,yang	O
selalu	O
sabar	O
hadapin	NORM_1WORD
haters,,,pokoknya	O
buat	O
kak	O
@jscmila	NORM_1WORD
jangan	O
pernah	O
dengarin	NORM_1WORD
haters	O
kak,,,.masih	O
banyak	O
kok	O
yg	NORM_1WORD
sayang	O
sama	O
kaka,,JMunity	NORM_1WORD
selalu	O
ada	O
buat	O
kaka	NORM_1WORD

Kenapa	NORM_1WORD
kamu	O
lepasin	NORM_1WORD
jilbab	O
kamu	O

Apa	NORM_1WORD
yg	NORM_1WORD
selalu	O
buat	O
hati	O
kamu	O
seneng???	NORM_1WORD
Dan	NORM_1WORD
apa	O
juga	O
yg	NORM_1WORD
kqmu	NORM_1WORD
banggain	NORM_1WORD
dari	O
mama	O
papa	O
kamu	O
naura?	O
mohon	O
jawab	O
ok	O

aplikasi	O
ap	NORM_1WORD
tu	NORM_1WORD

@princesscia	NORM_1WORD
iya	O
say...	NORM_1WORD
tp	NORM_1WORD
lihat	O
keadaannya	O
yg	NORM_1WORD
sekarng	NORM_1WORD
mb	NORM_1WORD
@mulanjameela1	NORM_1WORD
ma	NORM_1WORD
mbk	NORM_1WORD
@maiaestiantyreal	NORM_1WORD
jd	NORM_1WORD
kangen	O
bgt	NORM_1WORD
ma	NORM_1WORD
duo	O
ratu..	O
saya	O
sbg	NORM_1WORD
fans	NORM_1WORD
beratnya	O
ratu	O
ga	NORM_1WORD
mau	O
mmbela	NORM_1WORD
mb	NORM_1WORD
mulan	O
ataupun	O
mb	NORM_1WORD
maia..apapun	O
mslhnya	NORM_1WORD
hnya	NORM_1WORD
mereka	O
dan	O
allahlah	O
yg	NORM_1WORD
tau	O
biar	O
diselesaikan	O
dgn	NORM_1WORD
cara	O
mereka	O
sndri..	NORM_1WORD

Kelincinya	NORM_1WORD
kaka	NORM_1WORD
unyuu	NORM_1WORD
lo	O
hehehe	O

Kitaa...	NORM_1WORD
@lintadwiwardani	NORM_1WORD
@hannitsaaqi	NORM_1WORD
@dinanurrizkiana	NORM_1WORD
@aryanti.rina	NORM_1WORD
???	O

Hidupppp	NORM_1WORD
ngapak	O

Aku	NORM_1WORD
udah	NORM_1WORD
ngescreenshot	O
ini	O
lama	O
bgt	NORM_1WORD
padahal	O
wkwk	O
@ayichanja	NORM_1WORD

Sayangkuuuuu	NORM_1WORD
kakakuuu	NORM_1WORD
@maudyayunda	NORM_1WORD

Iiihhhhh	NORM_1WORD
gokil	NORM_1WORD
kak	O
sule..muka_nya	O
nyolotinnnn	NORM_1WORD
ckckckckc	O
ngeFANS	NORM_1WORD
beratttttttt	NORM_1WORD

Yokkk	NORM_1WORD
buat	O
@salsa_nafita	NORM_1WORD
@ersakusumara	NORM_1WORD

Di	NORM_1WORD
antara	O
77	O
korban	O
AIRASIA	NORM_1WORD
yg	NORM_1WORD
warga	O
Surabaya,	NORM_1WORD
6	O
orang	O
(	O
5	O
dewasa,	O
1	O
anak	O
SD,	NORM_1WORD
dalam	O
1	O
keluarga)	O
adalah	O
tetangga	O
saya,	O
Semoga	NORM_1WORD
arwah	O
mereka	O
semua	O
diterima	O
dgn	NORM_1WORD
baik	O
di	O
sisi	O
Tuhan,,	NORM_1WORD
Amin	NORM_1WORD

cantikk	NORM_1WORD
tehh	NORM_1WORD
?	O

Verrell	NORM_1WORD
ko	NORM_1WORD
ga	NORM_1WORD
ada	O
foto	O
sama	O
wilona,	O
verrell	O
cocokan	O
sama	O
wilona	O
dri	NORM_1WORD
pada	O
nasya	O
kata	O
gua	O
ya.	O

Inia	NORM_1WORD
lho	O
cantik	O
indonesia?	O

@dhisavalen	NORM_1WORD
yaaa	NORM_1WORD
sayangg''	O
suatu	O
saat	O
nantii.	NORM_1WORD
Amin	NORM_1WORD
aminnnn	NORM_1WORD

Gubernur	NORM_1WORD
jawa	O
barat	O
bukannya	O
dr	NORM_1WORD
partai	O
korupsi	O
sapi?	O

?????????	O
?????	O
makin	O
cantik	O
bingit	NORM_1WORD
teh	O
rina	O
mah	O

Salah	NORM_1WORD
pake	NORM_1WORD
kostom	NORM_1WORD
loo	NORM_1WORD
muljampeyot??	O

Jilbabnya	NORM_1WORD
diapain	NORM_1WORD
kak?	O

Minta	NORM_1WORD
anterin	NORM_1WORD
ke	O
tng	O
mau	O
gak	NORM_1WORD
ya	O
doi?	O
@cantikarahayu	NORM_1WORD

@istiqamahpaey	NORM_1WORD
td	NORM_1WORD
malam	O
kaya	NORM_1WORD
begini	O
???	O

@twibiid_	NORM_1WORD
sabar	O
dong	O
min	O
heehehe	O
mangkanya	O
trs	NORM_1WORD
ikutin	NORM_1WORD
update	O
nya	O
jdwl	NORM_1WORD
kita	O
yaaa	NORM_1WORD

Ngomong	NORM_1WORD
ape	NORM_1WORD
lo	O
nyet?	NORM_1WORD
@queenshop	NORM_1WORD

Ya	NORM_1WORD
allah	O
sedih	O
bgtttt	NORM_1WORD

Eehhh	NORM_1WORD
ja	NORM_1WORD
romantis	O
@febrihasudungan	NORM_1WORD

Kaka	NORM_1WORD
gita	O
cantikk	NORM_1WORD
bangeet...???	NORM_1WORD

Woow	NORM_1WORD

duh	O
cntik	NORM_1WORD
bngt	NORM_1WORD
happy	O
birthday	O
ya	O
...	O

Ka	NORM_1WORD
olga	O
kangeeeeennn	NORM_1WORD

@firdarizkyaa	NORM_1WORD
lucuuu??	NORM_1WORD

Tahun	NORM_1WORD
dpn	NORM_1WORD
pi	NORM_1WORD
tu	NORM_1WORD
iya	O
ti	O
@rihahchan	NORM_1WORD

Liattt!!	NORM_1WORD
Triplets	NORM_1WORD
masih	O
unyu	O
lucu	O
bangeettt	NORM_1WORD
gemesshh??	NORM_1WORD
@defierfatimah	NORM_1WORD

Keren	NORM_1WORD
bgt	NORM_1WORD
dekornya,	O
pingin	NORM_1WORD

Lo	NORM_1WORD
mamer	NORM_1WORD
aurat	O
lebih	O
dosa	O
keles	NORM_1WORD

Seneng	NORM_1WORD
banget	O
sama	O
pasangan	O
ini,@ichasoebandono	NORM_1WORD
sopan	O
banget	O
ke	O
suami	O
manggil	O
ke	O
@dude_harlino	NORM_1WORD
juga	O
adem	O
dengan	O
sebutan	O
kaka...	NORM_1WORD

Ihhh	NORM_1WORD
ada	O
jamelontehhh	O
dasar	O
perek	O
ema	NORM_1WORD
nya	O
jamelonte	O
mungkin	O
perek	O
makanya	O
si	NORM_1WORD
jamelonte	O
nya	O
perek	O
dasar	O
mulan	O
perek.liat	NORM_1WORD
aja	NORM_1WORD
gayany	NORM_1WORD
engk	NORM_1WORD
bgt	NORM_1WORD

Aplikasi	NORM_1WORD
apa	O
kk???	NORM_1WORD
@jscmila	NORM_1WORD

Hahahah	NORM_1WORD
lol	O
efek	O
nya	O
gagal	O
astagaa	NORM_1WORD
ke	O
waktu	O
itu	O
w	NORM_1WORD
bikin	O
ancurrr??	NORM_1WORD

Ya	NORM_1WORD
alloh	NORM_1WORD
cantik	O
pisan	O
ihh???	NORM_1WORD

@michellee_ren	NORM_1WORD
nyari	NORM_1WORD
yg	NORM_1WORD
model	O
bgini	NORM_1WORD
dimana	O
ya?	O

@herahumairah	NORM_1WORD
aminnnn	NORM_1WORD
yaAllah	NORM_1WORD
???	O

Alisnya	NORM_1WORD
g	NORM_1WORD
dicukur	O
kok	O
tetep	NORM_1WORD
cantik	O
bangeeettt	NORM_1WORD

Emngnya	NORM_1WORD
kak	O
Mila	NORM_1WORD
Islam?	NORM_1WORD

Menghargai	NORM_1WORD
nya	O
saja	O
jadi	O
di	O
posting	O
foto	O
ini,	O
kurus	O
banget	O
udah	NORM_1WORD
kagak	O
ada	O
aura	O
banget,..	O
Kasian	NORM_1WORD
banget	O
kayak	O
tertekan..	O

sabar	O
ya	O
ka	NORM_1WORD
sal,	O
@salshabillaadr	NORM_1WORD
iya	O
gak	NORM_1WORD
ka	NORM_1WORD
@_dumaii	NORM_1WORD

wajah	O
nya	O
@julstelle	NORM_1WORD
klasik	O
sekali...	O
suka	O
liat	NORM_1WORD
nya	O
ga	NORM_1WORD
bosan..	O

Rindu	NORM_1WORD
sekangen	O
kangeeeeeeeenya	NORM_1WORD
sm	NORM_1WORD
olga	O
saputra	O

Kak	NORM_1WORD
cantik	O
banget	O
sich	NORM_1WORD

Alhamdulillah	NORM_1WORD
ka	NORM_1WORD
yukiiiii	O
asli	O
beautiful	O
face	O
banget,	O
inerbeautynya	O
keluar	O
banget,	O
ahhhh	NORM_1WORD
cocok	O
banget	O
pokoknya	O
pake	NORM_1WORD
jilbab,	O
aku	O
mendungkungmu	O
kak	O
*yuhuuuu	O
@yukikt	NORM_1WORD

Cantik	NORM_1WORD
banget	O
sih	O
nagita	O
aku	O
pengen	NORM_1WORD
deh	O

Proud	NORM_1WORD
bgt	NORM_1WORD
deh	O
sm	NORM_1WORD
teh	O
rina??	O

Diliat	NORM_1WORD
dr	NORM_1WORD
penonton,	O
Misya	NORM_1WORD
kiri,	O
marcel	O
kanan.	O
Ak	NORM_1WORD
mah	O
apal	NORM_1WORD

Cantik	NORM_1WORD
bunda...	O
Rahasia	NORM_1WORD
nya	O
apa	O
biar	O
tetep	NORM_1WORD
cantik	O
awet	O
mudaa	NORM_1WORD

Manteep	NORM_1WORD
@jezzy.oktavia	NORM_1WORD

Awesome,	NORM_1WORD
lain	O
dari	O
pada	O
yg	NORM_1WORD
lain..	O
Creative	NORM_1WORD

Bunda	NORM_1WORD
cantikkkm	NORM_1WORD
bangett	NORM_1WORD
parahh	NORM_1WORD

Tapi	NORM_1WORD
emg	NORM_1WORD
mirip	O
oma2?	NORM_1WORD
@yugimellasih	NORM_1WORD

Selalu	NORM_1WORD
buat	O
iri	O
iya	O
gak	NORM_1WORD
@nissanaflah	NORM_1WORD
@ryn_raizel	NORM_1WORD
@irma_syah10	NORM_1WORD
..	O

Arsitek.	NORM_1WORD
Yg	NORM_1WORD
difoto	O
bangunan	O
dan	O
nyeniii	NORM_1WORD
bget.	NORM_1WORD
:)	O

Huahahahhahahahahahahaha	NORM_1WORD
......	O
saket	O
perutku	O
ketawakkkk	NORM_1WORD
@ayundadharmawan	NORM_1WORD

China	NORM_1WORD
banjar	O
nah	O
ce,,	O
tanteny	NORM_1WORD
segereja	O
sm	NORM_1WORD
ce	O
Oliv	NORM_1WORD
di	O
Bethany	NORM_1WORD
@elisabethoct_	NORM_1WORD

Lucuu	NORM_1WORD

Si	NORM_1WORD
adek	O
lagi	O
usaha	O
mancungin	NORM_1WORD
idung	NORM_1WORD
?	O

Cocok	NORM_1WORD
bngt	NORM_1WORD
?	O

Kkak	NORM_1WORD
dari	O
banjarmasin	O
ya	O

caption'e	O
lucuuu	NORM_1WORD
?hhhh	O

Lagu	NORM_1WORD
kesukaan	O
aq	NORM_1WORD
banget	O
@ariel_nazril_irham	NORM_1WORD

Kngen	NORM_1WORD
Fillm	NORM_1WORD
bulan	O
bintang	O

Bener2	NORM_1WORD
idoolaaa	NORM_1WORD

Hidup	NORM_1WORD
bunda#maiaestiantyreal	NORM_1WORD
love	O
u	NORM_1WORD
bunda?????	O
alami	O
dan	O
asli	O
nggk	NORM_1WORD
seperti	O
#mulanjameela	NORM_1WORD
hidung	O
pesek	O
mancung	O
bikinan	O
kebukti	NORM_1WORD
anak2e	NORM_1WORD
pesek	O
Kabeh	NORM_1WORD
hidunge	O

AAAAMMMIIIINNNN..	NORM_1WORD
Dtnggu	NORM_1WORD
yah	NORM_1WORD
ceh:))	O
happy	O
birthdaaay	O
cehhh	O
sekali	O
lagi!	O
Wish	NORM_1WORD
you	O
all	O
the	O
best	O
jbu	O
@yoeriche	NORM_1WORD

@kanadeva**	NORM_1WORD
namany	NORM_1WORD
gk	NORM_1WORD
jels	NORM_1WORD
bgt	NORM_1WORD
...itulah	O
kekurangan	O
kita	O
saat	O
ini	O
saling	O
menjatuhkan	O
sampai	O
kita	O
tdk	NORM_1WORD
bisa	O
melihat	O
kebaikan	O
dn	NORM_1WORD
kebenaran	O
diakibtkn	NORM_1WORD
iri	O
dengki	O
..biarlah	O
haters	O
itu	O
..	O
Gk	NORM_1WORD
ad	NORM_1WORD
kerjaan	NORM_1WORD
emng	NORM_1WORD
suk	NORM_1WORD
jelek2	NORM_1WORD
in	NORM_1WORD
.	O
emng	NORM_1WORD
dsrny	NORM_1WORD
dia	O
ny	NORM_1WORD
nol	O
besar	O
.	O
walaupun	O
sy	NORM_1WORD
bukan	O
warga	O
DKI	NORM_1WORD
jkrta	NORM_1WORD
bahkan	O
Jabar	NORM_1WORD
.	O
St	NORM_1WORD
tetap	O
tau	O
mna	NORM_1WORD
kinerja	O
yg	NORM_1WORD
baik	O
.	O
selamat	O
buat	O
Ahok	NORM_1WORD
.dn	NORM_1WORD
presiden	O
kita	O
Jokowi.	NORM_1WORD
Pembangun	NORM_1WORD
an	O
sdh	NORM_1WORD
nampak	NORM_1WORD

Ini	NORM_1WORD
namanya	O
kembar	O
3.	O
Mirip	NORM_1WORD
bgt	NORM_1WORD

Didik	NORM_1WORD
sendiri	O
aja	NORM_1WORD
kanal	O
anak	O
anda	O
gk	NORM_1WORD
bol3h	NORM_1WORD
dicubit	O
kalau	O
nakal.	O
Jaman	NORM_1WORD
sekolah	O
saya	O
dulu	O
di	NORM_1WORD
cubit	NORM_1WORD
dipukul	NORM_1WORD
pake	NORM_1WORD
roll	NORM_1WORD
gak	NORM_1WORD
ada	NORM_1WORD
org	NORM_1WORD
tua	NORM_1WORD
saya	NORM_1WORD
ngadu	NORM_1WORD
kepolisi	NORM_1WORD
malah	O
kalau	O
ketauan	NORM_1WORD
ma	NORM_1WORD
org	NORM_1WORD
tua	O
malah	O
tambah	O
dimarahin	NORM_1WORD
lagi..jaman	O
sekarang	O
terlalu	O
manjain	NORM_1WORD
anak	O
org	NORM_1WORD
tua	O
sendiri	O
berani	O
dilawan..	O

Cantik	NORM_1WORD
banget	O
lohhh,sumpah!!???	NORM_1WORD
@rinanose16	NORM_1WORD

??	O
waktu	O
itu	O
sempat	O
minder	O
gara"	NORM_1WORD
ukuran	O
payudara	O
ku	O
yg	NORM_1WORD
kecil	O
tapi	O
sekarang	O
setelah	O
coba	O
alat	O
canggih	O
di@Beauty_health.store	NORM_1WORD
??	O
MHCA	NORM_1WORD
untuk	O
memperbesar	O
&	O
mengencangkan	O
payudara	O
benar"	NORM_1WORD
terbukti	O
hasilny@Beauty_health.store	NORM_1WORD
??gratis	O
ongkos	O
kirim,	O
aman	O
&	O
terpercaya	O
nih	O
pinnya	O
D2B8O63E	NORM_1WORD
????	O

SETELAH	NORM_1WORD
AKU	NORM_1WORD
KONSULTASI	NORM_1WORD
SAMA@CARASEHATID	NORM_1WORD
SEKARANG	NORM_1WORD
KEPUTIHAN	NORM_1WORD
AKU	NORM_1WORD
UDAH	NORM_1WORD
ENGGA	NORM_1WORD
ADA	NORM_1WORD
,	O
POKONYA	NORM_1WORD
BEST	NORM_1WORD
BANGET	NORM_1WORD
DEH	NORM_1WORD
PRODAKNYA	NORM_1WORD
AMAN	NORM_1WORD
BGT..	NORM_1WORD
GA	NORM_1WORD
ADA	NORM_1WORD
EFEK	NORM_1WORD
SAMPING	NORM_1WORD
DAN	NORM_1WORD
KETERGANTUNGAN,	NORM_1WORD
KRN	NORM_1WORD
PRODUK	NORM_1WORD
ORGANIK/ALAMI.	NORM_1WORD
UDAH	NORM_1WORD
DAPAT	NORM_1WORD
SERTIFIKAT	NORM_1WORD
BPOM	NORM_1WORD
DAN	NORM_1WORD
HALAL	NORM_1WORD
MUI	NORM_1WORD
JUGA	NORM_1WORD
(Y)	NORM_1WORD
BBM	NORM_1WORD
5FB2512C.	NORM_1WORD

Ammiiin	NORM_1WORD

Elmo	NORM_1WORD
donk	NORM_1WORD
arsy	O
tema	O
nya	O
@aurelie.hermansyah	NORM_1WORD

Haters	NORM_1WORD
mulan	O
bilang	O
maia	O
lebih	O
cantik	O
dari	O
mulan,nah	O
kalo	NORM_1WORD
maia	O
lbh	NORM_1WORD
cantik	O
dri	NORM_1WORD
mulan	O
knp	NORM_1WORD
seorang	O
ahmad	O
dhani	O
ceraikan	O
maia	O
dan	O
nikahi	O
mulan?	O
Yg	NORM_1WORD
idiot	O
haters	O
mulan	O
apa	O
ahmad	O
dhani?	O
@mastercorbuzier	NORM_1WORD

Aaaaaaaa	NORM_1WORD
??????	O
aktor	O
dan	O
artis	O
yg	NORM_1WORD
pertama	O
kali	O
ane	O
fans	NORM_1WORD
nii	NORM_1WORD
waktu	O
jaman	O
ny	NORM_1WORD
msih	NORM_1WORD
sekolah	O
SMP	NORM_1WORD
,kka	NORM_1WORD
@csugiono	NORM_1WORD
@titi_kamall	NORM_1WORD
lofyu	O
lofyuuu	O
dah	NORM_1WORD
jgn	NORM_1WORD
berantem	O
yak	NORM_1WORD
ttep	NORM_1WORD
sperti	NORM_1WORD
ini	O
yg	NORM_1WORD
jrang	NORM_1WORD
msuk	NORM_1WORD
di	O
berita	O
gossip2.an	NORM_1WORD
???	O

Liat	NORM_1WORD
loh	O
uwakk	NORM_1WORD
@graciags	NORM_1WORD

Princess	NORM_1WORD
yasmin	O
yg	NORM_1WORD
dari	O
disney	O
aja,	NORM_1WORD
pake	NORM_1WORD
baju	O
ala	O
ke-arab2	NORM_1WORD
an	O
gitu	NORM_1WORD
dan	O
tema	O
istananya	O
kaya	NORM_1WORD
di	O
film	O
aladin	O
pasti	O
lucu	O
deh,	O
kan	O
cocok	O
sm	NORM_1WORD
muka	O
arsy	O
yg	NORM_1WORD
mirip	O
arab2	NORM_1WORD
gitu.	NORM_1WORD
Unik	NORM_1WORD
juga,	O
kl	NORM_1WORD
karakter	O
princess	O
lain	O
udah	NORM_1WORD
banyak	O
yg	NORM_1WORD
pernah	O
pake.	NORM_1WORD

Mnisss	NORM_1WORD

@angga_fabiyan	NORM_1WORD
tega	O
u?	NORM_1WORD
Nenek	NORM_1WORD
moyang	O
loe	NORM_1WORD
gua	O
makan?	O
Haha..	NORM_1WORD

@talithaimanuella	NORM_1WORD
kalo	NORM_1WORD
ketuker	NORM_1WORD
gmana?	NORM_1WORD
???	O

Jelas"	NORM_1WORD
itu	O
cow	NORM_1WORD
kayax	NORM_1WORD
km	NORM_1WORD
@hakimjailz	NORM_1WORD

Lgi	NORM_1WORD
ngapain	NORM_1WORD
tuh...	O
?kya	NORM_1WORD
orang	O
gx	NORM_1WORD
waras...	O
haha	O
lucu	O
lu	O
bos...??	O

Dan	NORM_1WORD
satu	O
hal	O
ngmngin	NORM_1WORD
logika,berarti	O
isa	O
gak	NORM_1WORD
berlogika	O
tu,lahir	NORM_1WORD
dr	NORM_1WORD
mariyam	O
,	O
n	NORM_1WORD
mariyam	O
nya	O
perawan	O

Agama	NORM_1WORD
aja	NORM_1WORD
didebatkan	O
mending	O
perbaikin	NORM_1WORD
dan	O
koreksi	O
diri	O
sikap	O
supaya	O
jadi	O
lebih	O
baik.	O
Seram	NORM_1WORD
sekali	O

oalah	O
si	NORM_1WORD
abigail	O
ngikutin	NORM_1WORD
dia	O
tis	O
hahahah	O
@mijtrisha	NORM_1WORD

Pas	NORM_1WORD
di	O
bali	O
ya	O
kakk?	NORM_1WORD
ke	O
bali	O
lagi	O
dongg??????	NORM_1WORD
@salshabillaadr	NORM_1WORD

Atutt	NORM_1WORD
wkwk	O
@livia_margaretha11	NORM_1WORD

Pgn	NORM_1WORD
cium	O
pipi	O
mika	O
,,	O
salaam	NORM_1WORD
buat	O
mika	O
y	NORM_1WORD
kakk	NORM_1WORD

Filmnya	NORM_1WORD
keren	O
banget	O
kak,	O
kaka	NORM_1WORD
cantik	O
bgt,	NORM_1WORD
filmnya	O
memotivasi,lucuuuu	NORM_1WORD
bgt,terharu	NORM_1WORD
dll	O
kak???	O

@ralineshah	NORM_1WORD
kak	O
,	O
seungri	O
oppa	O
gimana	NORM_1WORD
orangnya	O
asik	O
gak	NORM_1WORD
,	O
baik	O
gak	NORM_1WORD
.	O
Hehe	NORM_1WORD

TUH	NORM_1WORD
KAN	NORM_1WORD
MEREKA	NORM_1WORD
PADA	NORM_1WORD
JUAL	NORM_1WORD
ALAT	NORM_1WORD
PEMBESAR,	NORM_1WORD
TAPI	NORM_1WORD
YANG	NORM_1WORD
TERBUKTI	NORM_1WORD
TETEP	NORM_1WORD
CUMA	NORM_1WORD
ALAT	NORM_1WORD
DARI@KAWASAN.SEHAT	NORM_1WORD
BBM	NORM_1WORD
D0DAC374	NORM_1WORD
WA:	NORM_1WORD
+6287822104572	O
#AWASBARANGPALSU	NORM_1WORD

Febhi	NORM_1WORD
yanckh	NORM_1WORD
chelalyyu	NORM_1WORD
therchakitty	NORM_1WORD
@juvinkainka	NORM_1WORD

Muak	NORM_1WORD
pulak	NORM_1WORD
isi	O
notif	O
asik	O
nengok	NORM_1WORD
muka	O
jessica	O
mila	O
terus	O
!	O
Bante	NORM_1WORD
la	NORM_1WORD
,	O
mau	O
ngomong	NORM_1WORD
apa	O
..	O
Aku	NORM_1WORD
muak	O
liat	NORM_1WORD
foto	O
nya	O
hahahaha	O

pengen	NORM_1WORD
nyanyi	O
juga	O
mas	O
Seungri,,	NORM_1WORD
@atinwidha	NORM_1WORD

kak	O
gigi	O
tu	NORM_1WORD
cantik	O
ap	NORM_1WORD
ada	O
nya	O
..walaupun	O
badan	O
nya	O
kk	NORM_1WORD
gigi	O
agak	O
brisi	NORM_1WORD
tp	NORM_1WORD
ttp	NORM_1WORD
kk	NORM_1WORD
gigi	O
cntik	NORM_1WORD
ap	NORM_1WORD
ada	O
nya	O
.	O
ga	NORM_1WORD
pake	NORM_1WORD
make	NORM_1WORD
up	O
aja	NORM_1WORD
cantik	O
loo..	NORM_1WORD
kk	NORM_1WORD
gigi	O
the	O
best	O
laa	NORM_1WORD
pkoknya	NORM_1WORD

bagiii	NORM_1WORD
@amalio_a	NORM_1WORD

@rusydinajib	NORM_1WORD
emg	NORM_1WORD
kemplu	O

Bagusss,	NORM_1WORD
bangat	NORM_1WORD
@julstelle	NORM_1WORD

Lebih	NORM_1WORD
tepatnya	O
ngayal	NORM_1WORD
@mochfh	NORM_1WORD

Kapan	NORM_1WORD
lagi	O
punya	O
karpet	O
motif	O
yg	NORM_1WORD
sesuai	O
keinginan	O
kamu.	O
Order	NORM_1WORD
yuk.	O

Hidup	NORM_1WORD
jangan	O
terlalu	O
serius	O
shaaaay	NORM_1WORD
@betgprm	NORM_1WORD

Alhamdulillah	NORM_1WORD
teteh..	O
?	O
senang	O
liat	NORM_1WORD
teteh	O
udah	NORM_1WORD
mnutup	NORM_1WORD
auratnya..	O
Semoga	NORM_1WORD
selalu	O
istiqomah	NORM_1WORD
ya	O
teh..	O
Insyaallah	NORM_1WORD
Secepatnya	NORM_1WORD
dipertemukan	O
dengan	O
jodoh	O
yg	NORM_1WORD
baik	O
pula	O
?	O

subhannallah,cantik,segerr	NORM_1WORD
seperti	O
buah	O
ranum.	O

Para	NORM_1WORD
pekerja	O
kerass	NORM_1WORD
?????	O

Wah	NORM_1WORD
20th	O
udh	NORM_1WORD
jd	NORM_1WORD
drg,	O
20th	O
msh	NORM_1WORD
smster	NORM_1WORD
4	O
@anikaindah22	NORM_1WORD
@ahadaov	NORM_1WORD

Biarkan	NORM_1WORD
saja	O
mereka	O
berbicara	O
apa?	O
Toh	NORM_1WORD
kalian	O
engga	NORM_1WORD
minta	NORM_1WORD
makan,	O
dan	O
engga	NORM_1WORD
bikin	O
ribet	O
orang,	O
namanya	O
juga	O
Haters	NORM_1WORD
dia	O
selalu	O
iri	O
sma	NORM_1WORD
orang	O
yg	NORM_1WORD
mempunyai	O
segalanya,	O
jadi	O
hiduplah	O
sebagaimananya	O

Kita	NORM_1WORD
liht	NORM_1WORD
aj	NORM_1WORD
y	NORM_1WORD
klo	NORM_1WORD
suaminy	NORM_1WORD
skrg	NORM_1WORD
tidak	O
selalu	O
sukses	O
terus,apakah	O
msh	NORM_1WORD
setia	O
atau	O
kembali	O
selingkuh.....	O
Dulu	NORM_1WORD
kn	NORM_1WORD
sm	NORM_1WORD
tohpati..	O

Pengen	NORM_1WORD
dh	NORM_1WORD
kesana	O

Lucu	NORM_1WORD
bingit	NORM_1WORD

Ayoookkkkkk	NORM_1WORD
bgt	NORM_1WORD
@mercyanafriska	NORM_1WORD

lucukkkkk	NORM_1WORD

Iye	NORM_1WORD
betul	O
bunda	O
maia...ada	O
yg	NORM_1WORD
lg	NORM_1WORD
drama	O
cari	O
perhatian	O
hehe...basi"..	NORM_1WORD
dlu	NORM_1WORD
drama	O
skrg	NORM_1WORD
drama..masyarakat	O
indo	NORM_1WORD
jg	NORM_1WORD
tau...sapa	O
yg	NORM_1WORD
suka	O
bo'ong	NORM_1WORD
dri	NORM_1WORD
dlu..sapa	NORM_1WORD
lg	NORM_1WORD
klo	NORM_1WORD
bkn	NORM_1WORD
nyai	O
cireng...hahaii...	O

Masya	NORM_1WORD
awoohhh	NORM_1WORD

Mau	NORM_1WORD
followersmu	O
banyak?	O
gampang	O
aja!	NORM_1WORD
ke	O
fantasypanel.id	O
aja.	NORM_1WORD

Anak	NORM_1WORD
yg	NORM_1WORD
cantik	O
Sehat	NORM_1WORD
selalu,	O
panjang	O
umur,	O
banyak	O
rezeki.	O

Cie	NORM_1WORD
cantikkk	NORM_1WORD
banger	NORM_1WORD
kaa	NORM_1WORD
natasha	O

Ingat	NORM_1WORD
Hanya	NORM_1WORD
di@BEAUTYHEALTHCARE.ID	NORM_1WORD
kamu	O
bisa	O
lihat	O
bukti2	NORM_1WORD
real	O
PEMBESAR	NORM_1WORD
PAYUDARA,	NORM_1WORD
PENINGGI,	NORM_1WORD
PEMUTIH	NORM_1WORD
BADAN,	NORM_1WORD
PELANGSING/GEMUK,	NORM_1WORD
MASKER	NORM_1WORD
TERBAIK	NORM_1WORD
dll	O
invite	O
ajaa	NORM_1WORD
BBM	NORM_1WORD
:	O
D291BB84	NORM_1WORD
whatsapp	O
081563733977	O

selamat	O
jadi	O
bapa	O
yah	NORM_1WORD

LOGIKA	NORM_1WORD
lg	NORM_1WORD
mas	O
bro..kl	NORM_1WORD
yesus	O
adlh	NORM_1WORD
Tuhan,	NORM_1WORD
selama	O
yesus	O
mati	O
di	O
kayu	O
salib	O
3hari	O
alam	O
semesta	O
beserta	O
isi	O
nya	O
ini	O
atas	O
kontrol	O
siapa??	O
Apakah	NORM_1WORD
alam	O
semesta	O
beserta	O
isinya	O
dlm	NORM_1WORD
status	O
quo	O
selama	O
3hari??	O
Hrsnya	NORM_1WORD
sdh	NORM_1WORD
hancur	O
alam	O
semesta	O
ini	O
bertabrakan	O
antar	O
planet	O
krn	NORM_1WORD
sang	O
pengaturnya	O
sedang	O
mati..ini	O
menjelaskan	O
bhw	NORM_1WORD
ada	O
ALLAH	NORM_1WORD
SWT	NORM_1WORD
yg	NORM_1WORD
pegang	O
kendali	O
dan	O
itu	O
bkn	NORM_1WORD
yesus	O
yg	NORM_1WORD
sdg	NORM_1WORD
mati	O
di	O
kayu	O
salib	O
?	O
@kevinfdez25	NORM_1WORD

Emang	NORM_1WORD
beneran	NORM_1WORD
pacaran?	O

Tuhan	NORM_1WORD
cantik	O
bangett...	NORM_1WORD

Lucu	NORM_1WORD
yaaa?	NORM_1WORD
@ajengsasqiap	NORM_1WORD

Follow	NORM_1WORD
nih	O
ig	O
nya	O
andalan	O
gue@DR.FIRZA_HEALTHY.HERBAL	NORM_1WORD
??	O
ada	O
alat	O
pengencang	O
dan	O
pembesar	O
payudara?	O
bisa	O
bgt	NORM_1WORD
jadi	O
solusi	O
untuk	O
wanita	O
yg	NORM_1WORD
payudara	O
kendor	O
dan	O
gak	NORM_1WORD
kenceng	NORM_1WORD
lagi??	O
Nih	NORM_1WORD
BBM	NORM_1WORD
nya?D29B2BB8.	NORM_1WORD

Yaa	NORM_1WORD
Robb...	NORM_1WORD
cantikkk	NORM_1WORD
bangetttttttt	NORM_1WORD

Catiiiiik	NORM_1WORD

Hallo	NORM_1WORD
kakak	O
tulus	O

Ntr	NORM_1WORD
ya	O
ya	O
@coriedenamawarti	NORM_1WORD
suatu	O
saat	O
nanti	O
ntah	NORM_1WORD
itu	O
kapan	O

Dulu	NORM_1WORD
benci	O
bgt	NORM_1WORD
eh	O
sekrang	NORM_1WORD
smpe	NORM_1WORD
ngerebut	NORM_1WORD
gitu	NORM_1WORD
haha	O
munafiik	O

Hdup	NORM_1WORD
mati	O
kita.	O
Kita	NORM_1WORD
g	NORM_1WORD
pernah	O
tau.	O
Entah	NORM_1WORD
nanti	O
bsok	NORM_1WORD
atau	O
hbis	NORM_1WORD
ini	O
kita	O
mti	NORM_1WORD
kita	O
g	NORM_1WORD
tau..	O

Kayanya	NORM_1WORD
tuh	O
orang	O
nyanyi	O
sambil	O
boker	NORM_1WORD

ngga	NORM_1WORD
jelas....kek	NORM_1WORD
gini	NORM_1WORD
ngehina	NORM_1WORD
mulan....ckxkck..bahasa	O
lo	O
aja	NORM_1WORD
sampah	O
punya...pemulung	O
jg	NORM_1WORD
kelas'a	NORM_1WORD
diatas	O
lo....hadeeehhh	NORM_1WORD
@ity_cantik	NORM_1WORD

Ka	NORM_1WORD
kl	NORM_1WORD
boleh	O
tau	O
liptsk	NORM_1WORD
nya	O
dr	NORM_1WORD
brand	O
apa?kode	O
nya	O
apa?love	O
this	O
makeup	O
ka?	NORM_1WORD

-,-	O
ya	O
gak	NORM_1WORD
harus	O
sama	O
dia	O
jugak.	NORM_1WORD
Nek	NORM_1WORD
sama	O
dia,	O
Kayak	NORM_1WORD
nungguin	NORM_1WORD
siput	O
ngeluarin	NORM_1WORD
lagu	O
pop?	O
@esy_fanesy	NORM_1WORD

Ada	NORM_1WORD
nyamuk	O
hinggap	O
ntr	NORM_1WORD
lgsg	NORM_1WORD
kepeleset	NORM_1WORD
@febbyoe	NORM_1WORD

@nadianadjib	NORM_1WORD
amiin	NORM_1WORD

Menganti	NORM_1WORD
hadirrr	NORM_1WORD
@vickyshu	NORM_1WORD

@cindy_reswita	NORM_1WORD
iya.	O
Blm	NORM_1WORD
bisa	O
move	O
on	O
dr	NORM_1WORD
film	O
itu	O
yah..huhu	NORM_1WORD

@ananasution97	NORM_1WORD
kan	O
gara	O
gara	O
brita	NORM_1WORD
bendera	O
jepang.	O
following	O
tiffany	O
hanya	O
ada	O
15	O

Kok	NORM_1WORD
KK	NORM_1WORD
@jscmila	NORM_1WORD
pakek	NORM_1WORD
jilbab	O
sih	O
kan	O
orng	NORM_1WORD
Kristen	NORM_1WORD
dosa	O
loh	O
kalau	O
orng	NORM_1WORD
Kristen	NORM_1WORD
pakek	NORM_1WORD
kudung	O
maaf	O
yah	NORM_1WORD
KK	NORM_1WORD
@jscmila	NORM_1WORD

Mau	NORM_1WORD
1	O
aja	NORM_1WORD
@andimalarangeng	NORM_1WORD

Yukss?	NORM_1WORD
@cyntiadls	NORM_1WORD

Leh	NORM_1WORD
uga	NORM_1WORD
@pietapanjaitan	NORM_1WORD

Kak	NORM_1WORD
buatin	NORM_1WORD
lg	NORM_1WORD
napa	NORM_1WORD
photoshoot	O
@audimarissa	NORM_1WORD
@billydavidson_	NORM_1WORD
@ijunalkaff	NORM_1WORD
plisss	O
yahhh	NORM_1WORD
kak??	O

Cleopatra	NORM_1WORD
mksdnya:'(	NORM_1WORD

Dul	NORM_1WORD
imoet	NORM_1WORD
bgt	NORM_1WORD
nak	O
@duljaelani	NORM_1WORD

Penasarannnn	NORM_1WORD
gilakkkkkk	NORM_1WORD
@mayleenazzahra	NORM_1WORD

Ingin	NORM_1WORD
punya	O
rambut	O
bagus	O
seperti	O
artis	O
awkarin,aisyah	O
aqilah,rasyifap,salsabila	O
dll???	O
Yuk	NORM_1WORD
mampir	O
ada	O
MASKER	NORM_1WORD
MURAH	NORM_1WORD
!!!	O
Masker	NORM_1WORD
nya	O
biasa	O
dipakai	O
di	O
salon	O
dan	O
sering	O
dipakai	O
artis	O
lohh	NORM_1WORD
!	O
Kualitas	NORM_1WORD
terjamin	O
!	O
Merk	NORM_1WORD
berkualitas,merk	O
masker	O
makarizo	O
terjamin	O
bangt	NORM_1WORD
kualitasnya	O
!!	O
Ada	NORM_1WORD
juga	O
vitamin	O
rambut	O
yang	O
murah	O
loh	O
??	O

Mirip	NORM_1WORD
bgt	NORM_1WORD
mbg	NORM_1WORD
gigi	O
@raffinagita1717	NORM_1WORD

@hadi.niic	NORM_1WORD
agnez	O
klo	NORM_1WORD
mau	O
ngilangin	NORM_1WORD
keriput	O
jg	NORM_1WORD
gampang	O
banget,	O
artis	O
terkaya	O
di	O
Indonesia	NORM_1WORD
nomor	O
1.hiihiihi.	O

PUNYA	NORM_1WORD
PAYUDARA	NORM_1WORD
BESAR	NORM_1WORD
KENCANG	NORM_1WORD
BIAR	NORM_1WORD
JADI	NORM_1WORD
PERHATIAN	NORM_1WORD
LAWAN	NORM_1WORD
JENIS	NORM_1WORD
?	O
KEPOIN	NORM_1WORD
AJA	NORM_1WORD
NIH	NORM_1WORD
IG@istanahealth.care	NORM_1WORD
DAN	NORM_1WORD
BBM	NORM_1WORD
AKU	NORM_1WORD
D280F617	NORM_1WORD
whatsapp	O
082220522227	O

Pd	NORM_1WORD
marahan	O
ga	NORM_1WORD
pnting,	NORM_1WORD
situ	O
pnya	NORM_1WORD
didikan	O
dlm	NORM_1WORD
agama	O
ga?	NORM_1WORD
Ga	NORM_1WORD
malu?	O
bela2in	NORM_1WORD
agama	O
nya	O
smpe	NORM_1WORD
marah2an	NORM_1WORD
??	O
prnh	NORM_1WORD
di	NORM_1WORD
didik	NORM_1WORD
tentang	NORM_1WORD
menghormati	NORM_1WORD
sesama	NORM_1WORD
wlaupun	NORM_1WORD
berbeda	NORM_1WORD
agama,gasih?(:	NORM_1WORD

Aminn	NORM_1WORD

Gila	NORM_1WORD
gua	O
liatnyaaa	NORM_1WORD
aaaa	O
@mrna.bacher	NORM_1WORD

Cantik	NORM_1WORD
yahh	NORM_1WORD
@soim_	NORM_1WORD
@da_faridah	NORM_1WORD

Ni	NORM_1WORD
emak	O
emak	O
tapi	O
kek	NORM_1WORD
abg	NORM_1WORD
cyin..	NORM_1WORD
@sucyrahmadhani	NORM_1WORD

Wowww	NORM_1WORD
@rizkyfbian	NORM_1WORD

Ttap	NORM_1WORD
cantik	O
kak	O
prilly	O

Barbie	NORM_1WORD
aja	NORM_1WORD

Selebihnya	NORM_1WORD
bagus,	O
cuman	O
agak	O
sayang	O
baru	O
30	O
tahun	O
dia	O
Agnezmo,	NORM_1WORD
keriputnya	O
kaya	NORM_1WORD
60tahun,	O
kan	O
kasian	NORM_1WORD
cantik2,	NORM_1WORD
salah	O
dari	O
teknik	O
vokal	O
yg	NORM_1WORD
terlalu	O
berlebihan	O
apalagi	O
kaya	NORM_1WORD
whistle	O
register	O
Lagu	NORM_1WORD
Rindu,	NORM_1WORD
itu	O
otot	O
mukanya	O
ketarik	NORM_1WORD
kebawah	O
kaya	NORM_1WORD
pake	NORM_1WORD
tambang	O
kalo	NORM_1WORD
terus2an	NORM_1WORD
begitu	O
bakalan	O
cepet	NORM_1WORD
lebih	O
kendor	O
mukanya,	O
keriputnya	O
banyak,waktu	O
mulai	O
keriput	O
dari	O
2010	O
udah	NORM_1WORD
jelas,	O
waktu	O
2008	O
masih	O
dikit	O
dan	O
2012	O
udah	NORM_1WORD
jelas	O
banget	O
keriputnya	O
@putrapratama27	NORM_1WORD
,saya	O
gak	NORM_1WORD
liat2	NORM_1WORD
wajah	O
Agnezmo	NORM_1WORD
ya,	O
cuman	O
dulu	O
waktu	O
di	O
idol	O
kamera	O
kan	O
di	O
Zoom	NORM_1WORD
jelas	O
banget	O
keriputnya	O
sampe	NORM_1WORD
Ahmad	NORM_1WORD
Dhani	NORM_1WORD
bengong	O
liatnya	NORM_1WORD
ke	O
bagian	O
kerut	O
Agnezmo	NORM_1WORD
waktu	O
Idol	NORM_1WORD
2012	O

Sukakkk	NORM_1WORD
bgt	NORM_1WORD
m	NORM_1WORD
julie,,,,,,	O

Sabar	NORM_1WORD
kkak	NORM_1WORD
cha2	O
syg	NORM_1WORD
,	O
jgn	NORM_1WORD
ladenin	NORM_1WORD
org	NORM_1WORD
yg	NORM_1WORD
bkin	NORM_1WORD
kkak	NORM_1WORD
cha2	O
jdi	NORM_1WORD
skit	NORM_1WORD
hat	NORM_1WORD
,	O
jadikan	O
itu	O
pembelajaran	O
ya	O
kkak	NORM_1WORD
cha2	O
syg	NORM_1WORD
.	O
kkak	NORM_1WORD
bnyak	NORM_1WORD
bersabar	O
ya	O
kkak	NORM_1WORD
,	O
ini	O
bulan	O
ramadhan	O
@marshanda99	NORM_1WORD

@hildiarahmadani	NORM_1WORD
nope..	O
i	O
dont	O
like	O
her	O
at	O
all	O
but	O
i	O
dont	O
hate	O
her..smpe	NORM_1WORD
bs	NORM_1WORD
bkn	NORM_1WORD
komen2	NORM_1WORD
kasar2	NORM_1WORD
bgt.	NORM_1WORD
sapalah	O
qt	NORM_1WORD
bisa	O
menilai	O
diri	O
lbh	NORM_1WORD
baik	O
dr	NORM_1WORD
org	NORM_1WORD
lain~~	O

Setuju	NORM_1WORD
ma	NORM_1WORD
commentnya	O
@ririzaloebis	NORM_1WORD
?	O
Baca	NORM_1WORD
nich	NORM_1WORD
Bu	NORM_1WORD
@marshanda99	NORM_1WORD
buat	O
bekal	O
sienna	O
juga	O
loh	O
?	O

@yoeriche	NORM_1WORD
kemaren	NORM_1WORD
yg	NORM_1WORD
kasih	O
coklat	O
bukan	O
ivonna	O
tapi	O
aku..	O
Aku	NORM_1WORD
lupa	O
namain	NORM_1WORD
??	O

@usamahsams	NORM_1WORD
,saya	O
ga	NORM_1WORD
sakit	O
hati	O
hahaha	O
cuman	O
saya	O
mencotohkan	O
sikap	O
anda	O
yg	NORM_1WORD
kurang	O
dewasa	O
dalam	O
beropini	O
sehingga	O
masuk	O
ke	O
rana	NORM_1WORD
pribadi	O
saya,tolong	O
fokus	O
ke	O
pokok	O
masalah	O
kalo	NORM_1WORD
sedang	O
beropini,jangan	O
mencla	O
mencle	O
kesana	O
kesini	O
sampw	NORM_1WORD
masuk	O
rana	NORM_1WORD
pribadi,jelas	O
terbukti	O
anda	O
yang	O
sakit	O
hati	O
hahaha,yang	O
saya	O
tau	O
tentang	O
ISIS	NORM_1WORD
adalah	O
mereka	O
melegalkan	O
kekerasaan	O
terhadap	O
ANAK,WANITA,dan	NORM_1WORD
ORANG	NORM_1WORD
TUA..STOP	NORM_1WORD
VIOLENCE..apapun	NORM_1WORD
bentuk	O
dan	O
alasannya	O
Bung	NORM_1WORD
@usamahsams	NORM_1WORD

Ngakak	NORM_1WORD
wee	O
@johannawihardi	NORM_1WORD
@vera_giraffe	NORM_1WORD
@jasminesuteja	NORM_1WORD
@davinpresley	NORM_1WORD
@nicoprawitok	NORM_1WORD
@sasa_tanara	NORM_1WORD
@deslylie	NORM_1WORD

Ithu	NORM_1WORD
botak	O
asli?	O

Ya	NORM_1WORD
de	NORM_1WORD
@aurelie.hermansyah	NORM_1WORD
baik	O
buruk	O
seorang	O
ibu...	O
dy	NORM_1WORD
tetap	O
ibu	O
kita	O

Cocok	NORM_1WORD
an	O
ma	NORM_1WORD
kak	O
ariel	O
dong	O
kak	O
lunaaa	O
balikan	O
dong	O
kakkk	NORM_1WORD

@andinamuhdi	NORM_1WORD
kgn	NORM_1WORD
liat	NORM_1WORD
ini	O

Betul	NORM_1WORD
bgt...agaknya	NORM_1WORD

Kata2nyaaa	NORM_1WORD
?	O

@afraalaydrus	NORM_1WORD
itu	O
emg	NORM_1WORD
giginya	O
bego!	O
behelnya	O
keliatan	NORM_1WORD
putih	O

Fix	NORM_1WORD
-_-	O
yang	O
mirip	O
Tatjana	NORM_1WORD
kan	O
akuuu	NORM_1WORD
@thalitaaldila	NORM_1WORD
@eastereaa	NORM_1WORD

Yg	NORM_1WORD
sebelah	O
kanan	O
kak	O
mischa	O
yg	NORM_1WORD
sebelah	O
kiri	O
kak	O
marcel	O
yg	NORM_1WORD
tengaj	NORM_1WORD

Kerennnn...????	NORM_1WORD

Hy	NORM_1WORD
kami	O
Distributor	NORM_1WORD
Resmi	NORM_1WORD
Senegence	NORM_1WORD
Indonesia.	NORM_1WORD
Lipstick	NORM_1WORD
Tahan	NORM_1WORD
Lama	NORM_1WORD
Tahan	NORM_1WORD
Luntur	NORM_1WORD
hingga	O
18	O
jam.	O
TANPA	NORM_1WORD
SULAM	NORM_1WORD
bibir.	O
Banyak	NORM_1WORD
teman2	NORM_1WORD
artist	O
pake	NORM_1WORD
lho	O
cek	O
aja	NORM_1WORD
testinya	NORM_1WORD
di	O
IG	NORM_1WORD
kami	O
yaa	NORM_1WORD
tq	O

Kangeeeeeeeeeeennnnn	NORM_1WORD

Kak	NORM_1WORD
@aliandooo	NORM_1WORD
gans	NORM_1WORD
banget	O
sih	O
?	O

Ntik	NORM_1WORD
lek	O
anjing	O
e	O
kko	O
pny	NORM_1WORD
anak	O
dapet	NORM_1WORD
kek	NORM_1WORD
gini	NORM_1WORD
!!	O
@evaristakharisma	NORM_1WORD

Cek	NORM_1WORD
IG	NORM_1WORD
kita	O
yukk@klinikbeauty	NORM_1WORD
?	O
Ready	NORM_1WORD
:	O
Peninggi	NORM_1WORD
Badan,	NORM_1WORD
Pemutih	NORM_1WORD
Seluruh	NORM_1WORD
Tubuh,	NORM_1WORD
Pelangsing,	NORM_1WORD
Vitamin	NORM_1WORD
Mata	NORM_1WORD
Minus,	NORM_1WORD
Invite	NORM_1WORD
?	O
5F994EE7	NORM_1WORD
|	O
WA	NORM_1WORD
+6282240984333.	O
BOOMING	NORM_1WORD
PEMBESAR	NORM_1WORD
&	O
PENGENCANG	NORM_1WORD
PAYUDARA	NORM_1WORD
?	O
cek	O
Bio	NORM_1WORD
utk	NORM_1WORD
Line.	NORM_1WORD

Hahaha	NORM_1WORD
lu	O
mah	O
ndut	NORM_1WORD
kepedean	O
@indahelkarim	NORM_1WORD
hahaha,,si	NORM_1WORD
fatin	O
udh	NORM_1WORD
ngecek	NORM_1WORD
blom	NORM_1WORD
yah	NORM_1WORD
ig	O
lu	O
hahaha	O

Amiiiiin	NORM_1WORD
amin	O
@yaumilhusna	NORM_1WORD

Qo..nulis	NORM_1WORD
nya	O
kata	O
"dia"(?)...klu	NORM_1WORD
gk	NORM_1WORD
ada	O
masalah	O
knp	NORM_1WORD
gk	NORM_1WORD
tulis	O
aja	NORM_1WORD
nama	O
orangnya!!!!	O

Difoto	NORM_1WORD
in	NORM_1WORD
kk	NORM_1WORD
@chelseaislan	NORM_1WORD
mirip	O
kyk	NORM_1WORD
@sandradewi88	NORM_1WORD

Koplakkk	NORM_1WORD

Haii	NORM_1WORD
kaka,	NORM_1WORD
diintip	O
yuuk.	NORM_1WORD
Barang	NORM_1WORD
store,	O
harga	O
miring!!	O

Yg	NORM_1WORD
kana	NORM_1WORD
marchel	O
yg	NORM_1WORD
kiri	O
mischa	O

Sayang	NORM_1WORD
nya	O
ane	O
skrang	NORM_1WORD
banyak	O
sibuk	O
nya.	O
Sbnarnya	NORM_1WORD
ane	O
ingi	NORM_1WORD
mengungkap	O
kekeliruan	O
dlm	NORM_1WORD
aga	O
kristen.	O

Al..kamu	NORM_1WORD
memang	O
anak	O
baik..msh	NORM_1WORD
bisa	O
bdampingan	NORM_1WORD
sm	NORM_1WORD
org	NORM_1WORD
yg	NORM_1WORD
sdh	NORM_1WORD
menyakiti	O
bunda..akan	O
lebih	O
baik	O
klo	NORM_1WORD
tdk	NORM_1WORD
hrs	NORM_1WORD
difoto	O
dengan	O
orang	O
itu..liatnya	NORM_1WORD
enek	O

Ntapsss	NORM_1WORD

Lucuu????	NORM_1WORD

Ngahhahaha	NORM_1WORD
muke	NORM_1WORD
nya	O
bang	O
andre	O
????	O

@park_han_byul_0706	NORM_1WORD
ah	O
kamu	O
juga	O
ada	O
mbanya	NORM_1WORD

hu	O
kak	O
iki	O
,aku	O
airin	O
umur	O
6	O
tahun	O
aku	O
suka	O
banget	O
nonton	NORM_1WORD
video	O
video	O
kaka	NORM_1WORD

Kangen	NORM_1WORD
Gokilnya	NORM_1WORD
@aliandooo	NORM_1WORD
yang	O
dulu..	O
Kangen	NORM_1WORD
mesranya	O
sma	NORM_1WORD
@prillylatuconsina96	NORM_1WORD
yang	O
duluuu.	NORM_1WORD

@andiislah.a	NORM_1WORD
maaf	O
cuma	O
mau	O
ngasih	NORM_1WORD
tau	O
say..	NORM_1WORD
Ini	NORM_1WORD
mah	O
lagunya	O
tompi-menghujam	O
jantungku..	O
Bkan	NORM_1WORD
ciptan	O
ali..	O

@melyagustin07	NORM_1WORD
udah	NORM_1WORD
mulai	O
berhijab,	O
cantikk	NORM_1WORD
yah	NORM_1WORD
mell	O
??	O

Alaami	NORM_1WORD

Aku	NORM_1WORD
cuma	O
pgn	NORM_1WORD
tau	O
kakak	O
graduate	O
di	O
major	O
apa	O
tapi	O
kenapa	O
komen	O
isinya	O
iklan	O
semua?	O
btw	O
congrats	O
on	O
your	O
graduation!!	O

Rina,...terus	NORM_1WORD
smangat,terus	NORM_1WORD
taft,..terus	O
ceria	O
dan	O
slalu	NORM_1WORD
lakukan	O
yg	NORM_1WORD
terbaik	O
tuk	NORM_1WORD
semua,..	O

Hidupmu	NORM_1WORD
sendiri	O
dibikin2	NORM_1WORD
trus	NORM_1WORD
gimana	NORM_1WORD
nnt	NORM_1WORD
ngurusin	NORM_1WORD
Jakarta,,,,	NORM_1WORD
cew	NORM_1WORD
cow	NORM_1WORD
sm	NORM_1WORD
aja.....	NORM_1WORD

Bangshad	NORM_1WORD
@salisaokta	NORM_1WORD

@shintyln	NORM_1WORD
prewed	O
kaya	NORM_1WORD
gini	NORM_1WORD
cowok	O
nya	O
menang	O
banyak:D	O
@slstia	NORM_1WORD

Ih	NORM_1WORD
yg	NORM_1WORD
bner	NORM_1WORD
ajh	NORM_1WORD
@rks_95	NORM_1WORD
@wulan.reny	NORM_1WORD
@handayaniiria	NORM_1WORD
@chitradoloksaribu	NORM_1WORD
??	O

Luar	NORM_1WORD
biasa	O
kak	O
ayu	O
aku	O
trasa	NORM_1WORD
minpi	NORM_1WORD
bner2	NORM_1WORD
gak	NORM_1WORD
nyangka	NORM_1WORD
produknya,	O
padahal	O
awalnya	O
aku	O
gak	NORM_1WORD
percaya	O
kalo	NORM_1WORD
produk	O
dari@dr.inneke.sp.h	NORM_1WORD
bisa	O
mnjdkan	NORM_1WORD
payudara	O
aku	O
jd	NORM_1WORD
sehat.kencang	O
padatkini	O
kulit	O
ak	NORM_1WORD
jadi	O
lebih	O
putih	O
dan	O
gak	NORM_1WORD
kusam	O
lagi	O
ka	NORM_1WORD
:)	O
5EACED78	NORM_1WORD

Pengn	NORM_1WORD
gni	NORM_1WORD
@ety.simanjuntak	NORM_1WORD
.@fenesasimanjuntak	NORM_1WORD
.@ziaulfasitumorang	NORM_1WORD

Wong	NORM_1WORD
dani	O
jg	NORM_1WORD
suka	O
ngatain	NORM_1WORD
orang	O
ya	O
wajarrr	NORM_1WORD
diganti	O
dikata2in	NORM_1WORD
orang	O

BANYAK	NORM_1WORD
ORANG	NORM_1WORD
YANG	NORM_1WORD
PAKE	NORM_1WORD
MHCA	NORM_1WORD
DAN	NORM_1WORD
EMANG	NORM_1WORD
BANYAK	NORM_1WORD
JUGA	NORM_1WORD
YANG	NORM_1WORD
JUAL	NORM_1WORD
ALATNYA.	NORM_1WORD
TAPI	NORM_1WORD
CUMA@DELTABREASTCARE	NORM_1WORD
YANG	NORM_1WORD
PALING	NORM_1WORD
TERPERCAYA.	NORM_1WORD
HARGA	NORM_1WORD
MURAH	NORM_1WORD
BERGARANSI,	NORM_1WORD
INFO	NORM_1WORD
BBM	NORM_1WORD
5F645D8A	NORM_1WORD
#TOPSELLER	NORM_1WORD

Bang	NORM_1WORD
@mischach	NORM_1WORD
mirip	O
si	NORM_1WORD
jacob	O
,	O
meleleh	O
dehhh	NORM_1WORD
?	O

Kak	NORM_1WORD
fitri	O
dkm	O
13	O
hari	O
mknnya	O
apa	O
aja,bagi	NORM_1WORD
dong	O
kak	O
rahasianya,aq	NORM_1WORD
juga	O
mai	NORM_1WORD
diet	O

@arini3112	NORM_1WORD
hallo	NORM_1WORD
kalo	NORM_1WORD
menjawab	O
pertanyaan	O
itu	O
hak	O
manusia	O
broo	O
mau	O
jawab	O
apa	O
bukan	O
komitmen.	O
Aneh	NORM_1WORD
juga	O
ya	O
asumsi	O
kamu!	O
???	O
dimana	O
mana	O
kekerasan	O
gak	NORM_1WORD
nyelesain	NORM_1WORD
masalah!	O

Ini	NORM_1WORD
kita	O
berdua.	O
Inget	NORM_1WORD
momen	O
ini	O
beeel?	O
:3	O
@bellanadyannisa	NORM_1WORD

mirippp	NORM_1WORD
sangattt	NORM_1WORD
????	O
@grace.trisya	NORM_1WORD
@shaneb353	NORM_1WORD

Hahahah	NORM_1WORD
@artisn	NORM_1WORD
Berarti	NORM_1WORD
Bnr	NORM_1WORD
Donk	NORM_1WORD
Hahhahah	NORM_1WORD
Ditinggal	NORM_1WORD
Pasangan	NORM_1WORD
Gara2	NORM_1WORD
itil	O
Busuk	NORM_1WORD
and	O
Rabies?????	NORM_1WORD

Subhanallah,	NORM_1WORD
semoga	O
tetep	NORM_1WORD
istiqomah	NORM_1WORD
ya	O
kaaa	NORM_1WORD
@missnyctagina	NORM_1WORD

@clarawinacw	NORM_1WORD
"yaoloh	NORM_1WORD
gue"	O

Beda	NORM_1WORD
dikit	O
wkwk,	O
ngomong"	NORM_1WORD
mau	O
lah	O
nad	O
@nadavaar	NORM_1WORD

Naura	NORM_1WORD
kalau	O
ada	O
kesempatan	O
lagi	O
untuk	O
konser	O
kamu	O
akan	O
bertemakan	O
apa	O
?	O
Hal	NORM_1WORD
apa	O
yang	O
kamu	O
senengin	NORM_1WORD
kalau	O
lagi	O
menyanyi?	O
#NauraQnA	NORM_1WORD

@imririeaj	NORM_1WORD
balas	O
komen	O
saya	O
stetmen	O
saya	O
yang	O
mana	O
bilang	O
kamu	O
sama	O
anda	O
mbak??	O
????	O
jangan	O
Ke	NORM_1WORD
GR	NORM_1WORD
an	O
ya.	O
Saya	NORM_1WORD
juga	O
malas	O
kenal	O
sama	O
orang	O
yg	NORM_1WORD
mendukung	O
kekerasan	O
pada	O
murid	O
seperti	O
anda.	O
Jaman	NORM_1WORD
skg	NORM_1WORD
masih	O
main	O
kekerasan?	O
Yang	NORM_1WORD
kampungan	O
itu	O
anda	O
atau	O
saya	O
???	O
dasar	O
mental	O
desa!	O

Yaa	NORM_1WORD
ampun	O
cucokkk	NORM_1WORD
bngettt	NORM_1WORD
bkin	NORM_1WORD
meleleh	O
lyt	NORM_1WORD
expresi	NORM_1WORD
@billydavidson_	NORM_1WORD
natap	NORM_1WORD
audi	O

Cantik	NORM_1WORD
bgt	NORM_1WORD
bun,	O
awet	O
muda:	O
)	O

Wkwkwk,,,???lcu	NORM_1WORD
bngtzt!!	NORM_1WORD

@sitinabillaj	NORM_1WORD
so	NORM_1WORD
sweet	O
ow	O
mrekaaaa	NORM_1WORD

Brarti	NORM_1WORD
caca	O
org	NORM_1WORD
yg	NORM_1WORD
gk	NORM_1WORD
mampu	O
berkembang	O
dong	O
.	O
Krn	NORM_1WORD
dgn	NORM_1WORD
caca	O
melepas	O
hijab	O
.	O
Caca	NORM_1WORD
mudah	O
mndpat	NORM_1WORD
kpuasan	NORM_1WORD
dr	NORM_1WORD
situ	O
pdahal	NORM_1WORD
gk	NORM_1WORD
sgampang	NORM_1WORD
itu	O
mlepaskan	NORM_1WORD
hijab	O
..	O
@marshanda99	NORM_1WORD

Cantikkk	NORM_1WORD
bgt	NORM_1WORD

I	NORM_1WORD
love	O
u	NORM_1WORD
@maiaestiantyreal	NORM_1WORD
...	O
Bunda	NORM_1WORD
strong	O
n	NORM_1WORD
sekarang	O
sukses..lupain	NORM_1WORD
masalalu	O
yang	O
sudah	O
mulai	O
bangkret...love	NORM_1WORD
u	NORM_1WORD
bunda	O

@diananasution_	NORM_1WORD
cantik	O
wajah	O
itu	O
bisa	O
pudar	O
tp	NORM_1WORD
cantik	O
hati	O
itu	O
kekal...	O
love	O
u	NORM_1WORD
bunda	O
maia	O

Ihhh	NORM_1WORD
lucu	O
banget	O
kak	O
ricky	O
cuara:-D	O

@chatrinepricillia	NORM_1WORD
iya	O
kaya	NORM_1WORD
gituh	NORM_1WORD
gua	O
yang	O
tenggah	NORM_1WORD
ya	O

Ini	NORM_1WORD
iklan	O
clear	O
itu	O
yaa	NORM_1WORD
hahaha	O
??	O

Amin..	NORM_1WORD
Sedih	NORM_1WORD
sdh	NORM_1WORD
gk	NORM_1WORD
ada	O
koca	O

Jeh	NORM_1WORD
cimot	O
bisa	O
aja?	NORM_1WORD
@niafiany	NORM_1WORD

Bang	NORM_1WORD
@nicholassaputra	NORM_1WORD
Sempat	NORM_1WORD
ke	O
Surabaya	NORM_1WORD
ya?	O
Pengen	NORM_1WORD
ketemuuu	NORM_1WORD
?	O

Modal	NORM_1WORD
SEKALI	NORM_1WORD
untung	O
BERKALI-KALI!!gaji	NORM_1WORD
sehari	O
Rp.300.000??emang	NORM_1WORD
bisa??bisa!!bisnis	O
database	O
supplier	O
solusinya.Bisnis	NORM_1WORD
yg	NORM_1WORD
mudah,simpel,real,	O
dan	O
HALAL,bahkan	NORM_1WORD
ank	NORM_1WORD
SMP	NORM_1WORD
juga	O
bisa.cek	O
ig	O
kita	O
kk	NORM_1WORD
:D	O
buruan	O
join,slot	O
tinggal	O
8.	O

gila	O
udh	NORM_1WORD
56w	O
serasanya	O
msh	NORM_1WORD
baru	O
wkwkw	O
@olgabelinda	NORM_1WORD

Nyimak	NORM_1WORD
doank	NORM_1WORD
lbh	NORM_1WORD
seru	O
baca	O
komen	O
nya	O
orang2	NORM_1WORD
naif	O
vs	O
orang2	NORM_1WORD
ababil	O

Pingin	NORM_1WORD
punya	O
tutu	O
skirt	O
keren	O
yg	NORM_1WORD
bisa	O
di	O
costum	O
made?	O
Check	NORM_1WORD
ig	O
kita.	O
Don't	NORM_1WORD
miss	O
it!!	NORM_1WORD

hihi	O
@suryanihennie	NORM_1WORD
tanya	O
lgsg	NORM_1WORD
aja	NORM_1WORD
ke	O
kak	O
nico	O
di	O
cini.	NORM_1WORD
hhe..	O

Iya	NORM_1WORD
udah	NORM_1WORD
lama,	O
udah	NORM_1WORD
lama	O
gak	NORM_1WORD
nonton	NORM_1WORD
mereka	O
jugaaa	NORM_1WORD
@isnaarrifahh	NORM_1WORD

Cakepp	NORM_1WORD
@karenshuang_	NORM_1WORD
??	O

Smg	NORM_1WORD
dikabulkan	O
teh	O
?	O
@odywoody	NORM_1WORD

mirip	O
kmu	NORM_1WORD
Wekawekaweka	NORM_1WORD
@ientandw	NORM_1WORD

Ya	NORM_1WORD
punyaaa	NORM_1WORD
lah	O
gila	O
aja	NORM_1WORD
gk	NORM_1WORD
punya	O
yg	NORM_1WORD
duluan	O
tuh	O
@nabil.aak	NORM_1WORD
tau	O
@virginiaveronicaa	NORM_1WORD

hiii	NORM_1WORD
kk	NORM_1WORD
ganteng..I	NORM_1WORD
realy	O
love	O
you	O
somuch..sukses	O
trus	NORM_1WORD
ya	O
kk..	NORM_1WORD

Massss	NORM_1WORD
mau	O
kesiniii	NORM_1WORD
@garwijk	NORM_1WORD
you	O
know	O
why	O
???	O

Dri	NORM_1WORD
kecil	O
sudah	O
kelihatan	O
kecantikannya	O
.	O
.	O
.	O
Cntik	NORM_1WORD
bgt	NORM_1WORD
.	O
.	O
.	O

Congrats	NORM_1WORD
kakk!!!	NORM_1WORD

irwannya	O
kaku	O
kaya	NORM_1WORD
canggung	O
gtu	NORM_1WORD

Dian	NORM_1WORD
pelangi	O
fotonya	O
keren"	NORM_1WORD
mewah	O
bener	NORM_1WORD
jalan"nya	NORM_1WORD
@finphotograph	NORM_1WORD
@zezemrg	NORM_1WORD

@ristiakartika_u	NORM_1WORD
pasti	O
bisa	O
asal	O
ada	O
kmauan^^	NORM_1WORD

Memang	NORM_1WORD
kalau	O
pakai	O
cream	O
wajah	O
abal"	NORM_1WORD
bikin	O
wajah	O
jadi	O
rusak.akhirnya	O
disarankan	O
pakai	O
produk	O
herbal	O
perawatan	O
wajah	O
di@FARMASIHERBAL	NORM_1WORD
hasilnya	O
jerawat	O
kecil"	NORM_1WORD
&	O
merah	O
di	O
wajahku	O
berangsur	O
membaik	O
malah	O
jadi	O
bersih	O
nih	O
pinnya@FARMASIHERBAL	NORM_1WORD
Pin	NORM_1WORD
:	O
D049B167	NORM_1WORD
Wa	NORM_1WORD
:	O
081321297275	O
LINE	NORM_1WORD
:	O
@qcl5848n	NORM_1WORD
pelayanan	O
ramah	O
ada	O
harga	O
promo	O
+	O
free	O
ongkos	O
kirim	O
semoga	O
bermanfaat	O
#sorrycurhat	NORM_1WORD
#indahnyaberbagi	NORM_1WORD
????	O

.harusnya	O
malah	O
jd	NORM_1WORD
lebih	O
baik	O
bukan	O
malah	O
kaya	NORM_1WORD
orang	O
depresi	O
akut	O

Gmn	NORM_1WORD
sih	O
kok	O
punya	O
aku	O
blom	NORM_1WORD
di	O
repost	O
tuh	O
A	NORM_1WORD
raffi	O
@raffinagita1717	NORM_1WORD
@kingkong.snack	NORM_1WORD
@chipstaro	NORM_1WORD

dari	O
dlu	NORM_1WORD
belum	O
kesampean	NORM_1WORD
poto	NORM_1WORD
kayak	O
beginiiii....@wigihprasetyo	NORM_1WORD

Kalo	NORM_1WORD
aku	O
kelamaan	O
dandan	O
plis	O
nyanyiin	NORM_1WORD
ini	O
ya	O
HAHAHAHA	NORM_1WORD
@randytivana	NORM_1WORD

privasi	O
itu	O
mah	O
trsrh	NORM_1WORD
dia	O
mau	O
ksih	NORM_1WORD
tau	O
apa	O
engga?	NORM_1WORD
jgn	NORM_1WORD
kepo	O
urusan	O
Hidup	NORM_1WORD
orng	NORM_1WORD
lain	O

Astagfirullh	NORM_1WORD

Sipiit	NORM_1WORD
?	O

emang	NORM_1WORD
lu	O
cantik	O
apah?	NORM_1WORD
@angelicaphatricia	NORM_1WORD

Tteh	NORM_1WORD
knpa	NORM_1WORD
gak	NORM_1WORD
loncatt	NORM_1WORD
aja????	NORM_1WORD

@astryd__	NORM_1WORD
pusing	O
ih	O
liatnya	NORM_1WORD
cantik	O
beud	NORM_1WORD

Cantikkkkkk.	NORM_1WORD
Semoga	NORM_1WORD
ga	NORM_1WORD
akan	O
dilepas2	NORM_1WORD
jilbabnya	O
@rinanose16.	NORM_1WORD

Jangan	NORM_1WORD
liat	NORM_1WORD
liat	NORM_1WORD
ntar	NORM_1WORD
naksir	NORM_1WORD

Ayoo	NORM_1WORD
yang	O
@melidwii_	NORM_1WORD

ntappp	NORM_1WORD
??	O
@amishf	NORM_1WORD

@yunisartika.dew	NORM_1WORD
udh	NORM_1WORD
jelas	O
dia	O
gk	NORM_1WORD
mau	O
karier	O
"orang	O
itu"	O
jatuh	O

Suka	NORM_1WORD
bgt	NORM_1WORD
sma	NORM_1WORD
kluarga	NORM_1WORD
ka	NORM_1WORD
ica	O
ama	NORM_1WORD
ka	NORM_1WORD
dude	O

Alhamdulillah	NORM_1WORD
ka	NORM_1WORD
nycta	O
cantik	O
bgt	NORM_1WORD
smga	NORM_1WORD
istiqomah	NORM_1WORD
terus	O
kaka	NORM_1WORD
@missnyctagina	NORM_1WORD

FOLLOW	NORM_1WORD
IG@HERBALBESTBRAND	NORM_1WORD
Awas	NORM_1WORD
yah	NORM_1WORD
nanti	O
jadi	O
kebayang-bayang	NORM_1WORD
sama	O
prodak	NORM_1WORD
peninggi	O
ajaib	O
ini	O
?	O
Yang	NORM_1WORD
bisa	O
ninggiin	NORM_1WORD
badan	O
3-15cm	O
dalam	O
1	O
-	O
2	O
bulan.	O
?KEREN	NORM_1WORD
BUKAN	NORM_1WORD
??	O
info	O
lengkap	O
PIN	NORM_1WORD
5B2D93F3	NORM_1WORD
(Harga	NORM_1WORD
Promo)	NORM_1WORD

Selalu	NORM_1WORD
sukaaa	NORM_1WORD
dgn	NORM_1WORD
hasil	O
riasan	O
alisnya	O
mba	NORM_1WORD
@marlenehariman	NORM_1WORD
?	O

Nutup"in	NORM_1WORD
muka	O
gitu,	NORM_1WORD
liatin	NORM_1WORD
dong	O
tampang	O
nya	O

@iva_khofifah	NORM_1WORD
bukan	O
yng	NORM_1WORD
gendut	O
itu	O
kakaknya	O
natasha	O
wilona	O

@mindillaga_25	NORM_1WORD
njay	NORM_1WORD
hehh	NORM_1WORD
??	O

Kemarin	NORM_1WORD
aku	O
Kepoin@solusisehatherbal	NORM_1WORD
coba	O
aja	NORM_1WORD
order	O
Masker	NORM_1WORD
Anti	NORM_1WORD
Jerawatnya.	NORM_1WORD
Edannn,	NORM_1WORD
baru	O
2hari	O
pake	NORM_1WORD
udah	NORM_1WORD
mulai	O
kempes	O
jerawatnya.	O
Nggk	NORM_1WORD
percaya	O
pasti???	O
Coba	NORM_1WORD
aja	NORM_1WORD
sendiri	O
deh	O
mendingan.	O
Nih	NORM_1WORD
invite	O
BBM:	NORM_1WORD
5894B9C1	NORM_1WORD
!!!	O

Klepto	NORM_1WORD
style	O
nya	O
udh	NORM_1WORD
ky	NORM_1WORD
di	O
video	O
klip	O
selena	O
gomez	O
yg	NORM_1WORD
judulnya	O
kill	O
em	O
with	O
kindness	O
huuu	O
payahh	NORM_1WORD

@jelitaaps	NORM_1WORD
jgn	NORM_1WORD
ngaco	NORM_1WORD
sis	O
:)	O

Cantik	NORM_1WORD
klo	NORM_1WORD
pke	NORM_1WORD
hijab,darpada	NORM_1WORD
enggak	O

Jan	NORM_1WORD
iri	O
mblooo	NORM_1WORD
@rnovitad	NORM_1WORD
wkwk	O

@yoeriche	NORM_1WORD
iya	O
kak	O
mirip	O
bangett,	NORM_1WORD
sm?	NORM_1WORD
cantik,baik,manis,imut,ketengilan'nya	O
sm	NORM_1WORD
gk	NORM_1WORD
kak??	O
hahaha	O

Q	NORM_1WORD
setuju	O
yg	NORM_1WORD
baek	NORM_1WORD
baek	NORM_1WORD
ajja	NORM_1WORD
dech...	NORM_1WORD
Insyaallah	NORM_1WORD
kedepannya	O
juga	O
baek...	NORM_1WORD
Amiiinnn...yarobbal	NORM_1WORD
aallamin	O

Kangen	NORM_1WORD
kebersamaan	O
ROL	NORM_1WORD
raffi	O
olga	O
luna	O
,kangen	O
bgect	NORM_1WORD

Dan	NORM_1WORD
tanya	O
sama	O
teman	O
anda	O
yang	O
dulu	O
pernah	O
dihukum	O
keras	O
oleh	O
guru	O
anda,apa	O
semua	O
jadi	O
orang	O
sukses???Ga	NORM_1WORD
kan	O
??!!!	O
Kesuksesan	NORM_1WORD
ga	NORM_1WORD
diukur	O
dari	O
sistem	O
hukuman	O
broo,yang	O
ada	O
menimbulkan	O
psikologis	O
kekerasaan	O
juga	O
yg	NORM_1WORD
lama2	NORM_1WORD
menjamur	O
dan	O
traumatik	O
awal	O
pada	O
anak,ingat..yg	NORM_1WORD
dihukum	O
anak	O
masih	O
dalam	O
tahap	O
pertumbuhan..Guru	NORM_1WORD
juga	O
harus	O
diberi	O
pelajaran	O
seperti	O
ini	O
biar	O
tidak	O
seenaknya	O
melukai	O
anak	O
orang,kalo	NORM_1WORD
tidak	O
mau	O
nerima	NORM_1WORD
resiko	O
ketemu	O
anak	O
nakal..ya	O
GA	NORM_1WORD
USAH	NORM_1WORD
JADI	NORM_1WORD
GURU!	NORM_1WORD
@usamahsams	NORM_1WORD

Subhanallah.cantik	NORM_1WORD
nya	O
mila	O
pake	NORM_1WORD
jilbab	O

@iqbalmhmmd_	NORM_1WORD
ucul	NORM_1WORD
bnr	NORM_1WORD
?	O

muljem	O
udah	NORM_1WORD
di	O
bullli	O
masih	O
aja	NORM_1WORD
angkuh	O
and	O
sombong..ngaca	NORM_1WORD
donk	NORM_1WORD
muljem	O
jg	NORM_1WORD
makin	O
benci	O
dah	NORM_1WORD
wuekkkkkkk	O

@afahalwa	NORM_1WORD
pingin	NORM_1WORD
aku	O

@uus__	NORM_1WORD
dahlia	O
pasti	O
niiihh	NORM_1WORD
@raditya_dika	NORM_1WORD

Salam	NORM_1WORD
fans	NORM_1WORD
berat	O
em	O
kpn	NORM_1WORD
yach	NORM_1WORD
bs	NORM_1WORD
ketemu	O
ma	NORM_1WORD
mbk	NORM_1WORD
cita	O
citata.	O
Muga	NORM_1WORD
sehat	O
sllu	NORM_1WORD
dpt	NORM_1WORD
jodoh	O
yg	NORM_1WORD
soleh	O
amin	O

Enakan	NORM_1WORD
juga	O
muslim	O
sudah	O
pasti	O
dijamin	O
masuk	O
surga,	O
ngaji	NORM_1WORD
sholat	O
hidup	O
ini	O
akan	O
tentram	O
@marshanda99	NORM_1WORD

Envy	NORM_1WORD
binggo	NORM_1WORD
cak	O
kapan	O
aku	O
ro	O
dimas	O
koyo	O
ngono	O
uhuk	O
@ocaak_	NORM_1WORD

Luna	NORM_1WORD
n	NORM_1WORD
ariel	O
saling	O
sayang	O
n	NORM_1WORD
cinta	O
udah	NORM_1WORD
cepet	NORM_1WORD
nikah	O
za,,jangan	NORM_1WORD
peduli	O
kan	O
mulut2	NORM_1WORD
orang	O
yg	NORM_1WORD
sok	O
suci	O
,,	O
yg	NORM_1WORD
penting	O
luna	O
ariel	O
bersatu	O
nikah	O

Ya	NORM_1WORD
olga...	O
knp	NORM_1WORD
pergi	O
sih	O
k	NORM_1WORD
tuk	NORM_1WORD
slama	NORM_1WORD
lamanya...	O
padahal	O
semua	O
orng	NORM_1WORD
membutuhkanmu	O
k	NORM_1WORD
bngunlah	NORM_1WORD
k	NORM_1WORD
bngun...	NORM_1WORD
????	O
@olgasyahputra89	NORM_1WORD

@arindajuanda	NORM_1WORD
judulnyaa	NORM_1WORD
ape	NORM_1WORD
nihh..	NORM_1WORD

Tetap	NORM_1WORD
profesional	O
yaa	NORM_1WORD
kak	O
@stefannwilliam	NORM_1WORD
dlam	NORM_1WORD
berakting,	O
jangan	O
terpancing	O
dengan	O
smua	NORM_1WORD
masalah	O
diluarann	NORM_1WORD
,	O
tunjukan	NORM_1WORD
yg	NORM_1WORD
trbaik	NORM_1WORD
untuk	O
karirMu	NORM_1WORD

Iya,	NORM_1WORD
kalo	NORM_1WORD
dngerin	NORM_1WORD
suaranya	O
brrti	NORM_1WORD
dngerin	NORM_1WORD
lagunya	O
beb	O
@prcirene	NORM_1WORD

Aamiin	NORM_1WORD

-_-	O
lucuuuk	NORM_1WORD

Emang	NORM_1WORD
jodoh	O
ya	O
om	O
wajahnya	O
mirip	O
namanyapun	O
agak	O
mirip	O
memes	O
dan	O
adi	O
ms	NORM_1WORD
hihi	O
semoga	O
slalu	NORM_1WORD
di	O
berkahi	O
ya	O
om	O
adi	O
amin	O
hihi	O

@ocirstaa	NORM_1WORD
@yikprl	NORM_1WORD
njir	NORM_1WORD
99,8%	O

Cantika	NORM_1WORD
bgt	NORM_1WORD
ka	NORM_1WORD
nabila	O
jkt	NORM_1WORD
48	O

Matanya	NORM_1WORD
ilang?	NORM_1WORD

@hanakamilaaa07:papa	NORM_1WORD
nya	O
kak	O
@jscmila	NORM_1WORD
itu	O
kristen	O
kmu	NORM_1WORD
gk	NORM_1WORD
bisa	O
lihat	O
tah	NORM_1WORD
makam	O
nya,indah	O

Lucuuuu	NORM_1WORD
@enclissa_	NORM_1WORD

@setyorini_78	NORM_1WORD
semua	O
bayi	O
kalo	NORM_1WORD
baru	O
lahir	O
pasti	O
nangis..	NORM_1WORD
Kalo	NORM_1WORD
gak	NORM_1WORD
nangis	NORM_1WORD
itu	O
berarti	O
bayi	O
nya	O
cacat	O
!!	O

Kk	NORM_1WORD
cantik??kk	NORM_1WORD
flbkc	O
aku	O
ya	O
aku	O
sangat	O
ngefans	NORM_1WORD
lagu	O
kk	NORM_1WORD
bagus	O

Jegeg	NORM_1WORD
yaaa	NORM_1WORD
@mariapristi	NORM_1WORD

tema	O
1001	O
malam	O
pasti	O
lucuuuu!	NORM_1WORD

Pingkan	NORM_1WORD
mulan	O
meican	O
&	O
maia	O
bisa	O
ga	NORM_1WORD
ya	O
pada	O
duet	O
....	O
Seru	NORM_1WORD
x	NORM_1WORD
ya	O
dgn	NORM_1WORD
karakter	O
suara	O
masing2	NORM_1WORD
bakalan	O
laris	O
tuh	O
lagu2nya	NORM_1WORD
....	O
Ditunggu	NORM_1WORD
ya	O
albumnya	O
heheheee	O
...	O

Semangattt	NORM_1WORD
teruss	NORM_1WORD
caca	O
:)	O

@cantiekmarsya	NORM_1WORD
ehh	NORM_1WORD
stupid,	O
masa	O
lalu	O
cuma	O
masa	O
lalu,	O
boleh	O
jadi	O
ibu	O
kandung,	O
tetapi	O
terkadang	O
dalam	O
situasi	O
tertentu	O
wanita	O
yg	NORM_1WORD
bertanggung	O
jawab	O
terhadap	O
anaknya	O
lahir	O
dan	O
batin	O
sampai	O
ia	O
besar,	O
maka	O
itulah	O
yg	NORM_1WORD
disebut	O
sbg	NORM_1WORD
Ibu	NORM_1WORD
yg	NORM_1WORD
sesungguhnya.	O
Bukan	NORM_1WORD
hanya	O
untuk	O
melahirkan	O
saja,	O
tetapi	O
bertanggung	O
jawab	O
juga.	O
Come	NORM_1WORD
on,	O
Don't	NORM_1WORD
be	O
stupid	O
please!!!!	O

Hy	NORM_1WORD
ka	NORM_1WORD
nabilah	O
q	NORM_1WORD
lh	NORM_1WORD
knlan	NORM_1WORD
g...???!!!	NORM_1WORD

Siapa	NORM_1WORD
yg	NORM_1WORD
sangka,	O
kalau	O
film	O
layar	O
lebar	O
yg	NORM_1WORD
fenomenal	O
ini	O
bakalan	O
main	O
seri	O
ke	O
2nya.	O
Secara	NORM_1WORD
udah	NORM_1WORD
lewat	O
puluhan	O
tahun.	O
Kureeeen.	NORM_1WORD
Muantaap	NORM_1WORD

@inrive_store	NORM_1WORD
betuuuuulllllllllllllllll	NORM_1WORD

@ohsnapitsdin_	NORM_1WORD
kulit	O
gue	O
tar	NORM_1WORD
keq	NORM_1WORD
gini	NORM_1WORD
din	O

@hermaa08	NORM_1WORD
iki	O
saaiiii...woi....akhhggtthhhh..asikkk	NORM_1WORD

Waktu	NORM_1WORD
sd	O
taon	NORM_1WORD
2005	O
klau	NORM_1WORD
nd	NORM_1WORD
slah	NORM_1WORD
@nikitawillyofficial94	NORM_1WORD
rela	O
nangis"	NORM_1WORD
minta	NORM_1WORD
ke	O
ortu	NORM_1WORD
di	NORM_1WORD
beliin	NORM_1WORD
majalah	O
demi	O
liat	NORM_1WORD
kamu	O
?	O

Seru	NORM_1WORD
nih	O
macam	O
foto	O
prewed	O
lg?	NORM_1WORD

Jujur...dulu	NORM_1WORD
sebelum	O
nikah	O
christian	O
keliatannya	NORM_1WORD
keren	O
dan	O
berkarisma....tapi	O
begitu	O
udah	NORM_1WORD
nikah	O
kok	O
keliatannya	NORM_1WORD
ilang	NORM_1WORD
karismanya/auranya....tetep	NORM_1WORD
ganteng	O
siih,	NORM_1WORD
tapi	O
udah	NORM_1WORD
gak	NORM_1WORD
segreget	O
duluuu...	NORM_1WORD

Jd	NORM_1WORD
pengen	NORM_1WORD
namain	NORM_1WORD
ank	NORM_1WORD
aku	O
alyssa	O
boleh	O
ya	O
mbak	O
@ichasoebandono	NORM_1WORD

Cuantik	NORM_1WORD
bgt,,,msh	NORM_1WORD
seger	NORM_1WORD
ky	NORM_1WORD
umur	O
20an	O
bunda	O

@hestygandhi	NORM_1WORD
mudah2an	NORM_1WORD
anakmu	O
sehat	O
selalu	O
tidak	O
kekurangan	O
apapun,amiin..	NORM_1WORD
Despite	NORM_1WORD
of	O
his	O
condition,	O
aku	O
belajar	O
byk	NORM_1WORD
dr	NORM_1WORD
mika,	O
he's	NORM_1WORD
my	O
teacher	O
?	O

@_777el	NORM_1WORD
tunggu	O
lo	O
jadi	O
ustad	O
paling	O
sukses	O
baru	O
gua	O
mau	O
percaya	O
sama	O
omongan	O
sampah	O
lo.	O

Ngomongnya	NORM_1WORD
gak	NORM_1WORD
bisa	O
dijaga	O
percuma	O
pake	NORM_1WORD
jilbab	O
@novisyahreza	NORM_1WORD

Cantik	NORM_1WORD
yuk	O
di	O
order	O
produk	O
kecantikanga,	NORM_1WORD
sedia	O
macam-macam	O
produk	O
kecantikan	O
loh	O
yuk	O
mempercantik	O
kulitmu	O
???	O
pin	O
BBM:	NORM_1WORD
D19ED84E	NORM_1WORD
,	O
id	O
line:	O
dwiningrum111	O
.	O
Welcome	NORM_1WORD
reseler	O
????	O

Iih	NORM_1WORD
lucuuu	NORM_1WORD
?	O

Makin	NORM_1WORD
loveee	O
daah.	NORM_1WORD
Sukses	NORM_1WORD
buat	O
suaminga	NORM_1WORD
kak	O
@missnyctagina	NORM_1WORD
yang	O
udah	NORM_1WORD
menuntun	O
istri	O
buat	O
berhijap.	NORM_1WORD
Smgaa	NORM_1WORD
istiqamah.	NORM_1WORD

Mong	NORM_1WORD
minta	NORM_1WORD
aja	NORM_1WORD
ono	NORM_1WORD
ama	NORM_1WORD
tembok	O
@zacky_dwyanda	NORM_1WORD

Hmmm	NORM_1WORD
suruh	O
shn	O
lahh	NORM_1WORD
bikin	O
#ilovechallange	NORM_1WORD
wkwkwkwk	O
@ching_meichu	NORM_1WORD
,	O
iya	O
juga	O
sih..	O
Andai	NORM_1WORD
aja	NORM_1WORD
ada	O
yg	NORM_1WORD
bs	NORM_1WORD
bikinin	NORM_1WORD
aku	O
begituan	O
yah	NORM_1WORD
wkkwk	O

Cantik	NORM_1WORD
kaya	NORM_1WORD
org	NORM_1WORD
manado	O

???maau	NORM_1WORD
video	O
ini...lagu	O
kesukaan	O
eyke	NORM_1WORD
@its.regdp	NORM_1WORD

Biasa	NORM_1WORD
ajah	NORM_1WORD
keles,	NORM_1WORD

Cewe	NORM_1WORD
aja	NORM_1WORD
wajahnya	O
kah	O
licin	O
sm	NORM_1WORD
rio	O
?	O

aq	NORM_1WORD
jga	NORM_1WORD
suka	O
bnget	NORM_1WORD
kak	O
ama	NORM_1WORD
sinetron	O
ini	O

Amiiinnn	NORM_1WORD

Terhaaru	NORM_1WORD

@nadashfra	NORM_1WORD
hempas	O
sayyy	NORM_1WORD

Slh	NORM_1WORD
marh	NORM_1WORD
nya	O
kk	NORM_1WORD
mila	O
islam	O
lu	O
kristen	O
hii	O
kasihan	O
dia	O
memang	O
islam	O
malu	O
@theofilia_monica_parera	NORM_1WORD

Memang	NORM_1WORD
cntk	NORM_1WORD
artis	O
kt	NORM_1WORD
ini	O

Cantik	NORM_1WORD
bangetttt	NORM_1WORD

Sabarrr???	NORM_1WORD

walaupun	O
ga	NORM_1WORD
pakek	NORM_1WORD
360	O
uda	NORM_1WORD
kliatan	NORM_1WORD
cantiknya	O
@aurakasih	NORM_1WORD

Bukan	NORM_1WORD
main	O
pemutih	O
&	O
pelangsing	O
yang	O
ada	O
di@QUEEN_BEAUTY_NATURAL	NORM_1WORD
bner"	NORM_1WORD
keren	O
bgt	NORM_1WORD
udah	NORM_1WORD
produk	O
nya	O
halal,	O
100herbal,	O
dan	O
PERMANEN	NORM_1WORD
pula	O
poko	NORM_1WORD
nya	O
bagi	O
sisstt	O
yang	O
masih	O
cari	O
cari	O
prodac	NORM_1WORD
yg	NORM_1WORD
aman	O
konsultasikan	O
langsung	O
deh	O
ke@QUEEN_BEAUTY_NATURAL	NORM_1WORD
ga	NORM_1WORD
bkal	NORM_1WORD
nyesell	NORM_1WORD
dehh.	NORM_1WORD
PUAS	NORM_1WORD
BANGET	NORM_1WORD
poko	NORM_1WORD
nya.	O

Amiinnnn	NORM_1WORD
@defindaikaa	NORM_1WORD

ngriii	NORM_1WORD
amatt	NORM_1WORD

Aku	NORM_1WORD
ga	NORM_1WORD
nyangka	NORM_1WORD
itu	O
korea	O

Judul	NORM_1WORD
lagi	O
y	NORM_1WORD
apa	O
sih,	O

.sarua	O
jelema	O
hirup	O
mh	NORM_1WORD
geus	O
masing2	NORM_1WORD
ulah	O
sok	O
nga	NORM_1WORD
hina	O
btr	O
endk	O
kitu	O
endk	O
kiyeu	O
g	NORM_1WORD
keun	O
da	NORM_1WORD
mneh	O
na	NORM_1WORD
ulah	O
sok	O
ngahina	O
intro	O
fexsi	O
diri	O
sorangan	O
w	NORM_1WORD
atuh	O
apa	O
anu	O
?oment	O
sadis	O
geus	O
ngarasa	O
bener....hah...ustad	NORM_1WORD
g	NORM_1WORD
anu	O
sorban	O
na	NORM_1WORD
2	O
meter	O
belum	O
tentu	O
mneh	O
na	NORM_1WORD
geus	O
sempur	O
na...pikir	NORM_1WORD
gra	O
euyyh	O
pikir	O

Kangeen	NORM_1WORD
kak	O
olga	O

keren	O
banget	O
mbak	O
fotony....sweet	NORM_1WORD
pict	O
n	NORM_1WORD
sweet	O
couple	O

Yg	NORM_1WORD
sabar	O
ya	O
kk	NORM_1WORD
@zahratuljannah	NORM_1WORD
insyaallah	O
smua	NORM_1WORD
jalan	O
slalu	NORM_1WORD
dipermudah	O
ALLAH	NORM_1WORD
SWT	NORM_1WORD
jika	O
kita	O
ikhlas,yg	NORM_1WORD
penting	O
mika	O
slalu	NORM_1WORD
didampingi	O
oleh	O
kk	NORM_1WORD
n	NORM_1WORD
klg	NORM_1WORD
#bahagianya	NORM_1WORD
jd	NORM_1WORD
#kk	NORM_1WORD
@zahratuljannah	NORM_1WORD
ibu	O
yg	NORM_1WORD
hebat	O
,,semangat	O
kk,,titip	NORM_1WORD
cium	O
sayaang	NORM_1WORD
buat	O
de'mika	NORM_1WORD
smoga	NORM_1WORD
panjang	O
umur	O
,slalu	NORM_1WORD
jd	NORM_1WORD
kebanggan	NORM_1WORD
klg	NORM_1WORD
dan	O
jd	NORM_1WORD
anak	O
yg	NORM_1WORD
soleh	O
yg	NORM_1WORD
slalu	NORM_1WORD
mendoakan	O
kedua	O
org	NORM_1WORD
tuanya,amien	O
ya	O
robb	O

Masyaallah	NORM_1WORD
@rinanose16	NORM_1WORD
suka	O
xxx	O
lht	NORM_1WORD
kmu	NORM_1WORD
skrg	NORM_1WORD
pake	NORM_1WORD
hijab	O
alhamdulillah...	O
Makin	NORM_1WORD
love	O
deh	O
sm	NORM_1WORD
kmu..<3	NORM_1WORD

Astagaa	NORM_1WORD
ngakak	NORM_1WORD
akuuu	NORM_1WORD
??@titi_xiaochun	NORM_1WORD
,@gusmeg	NORM_1WORD

Kayaknya	NORM_1WORD
ga	NORM_1WORD
ada	O
yg	NORM_1WORD
suka	O
ya	O
ama	NORM_1WORD
siwulan	O
sari	O

@shamirashahnun	NORM_1WORD
@syahirahshahnun	NORM_1WORD
ingat	O
dak	NORM_1WORD
artis	O
ni	NORM_1WORD
.	O
rupa2nya	NORM_1WORD
ada	O
kembaq	NORM_1WORD
????	O

Lucuuu	NORM_1WORD
tpii	NORM_1WORD

Mksud	NORM_1WORD
x	NORM_1WORD
jilbab	O
n	NORM_1WORD
makeup	O
x	NORM_1WORD
simple..	O
Cuma	NORM_1WORD
1	O
aj	NORM_1WORD
ka..	NORM_1WORD
Dia	NORM_1WORD
cantik	O
gue	O
kagak..	O
Sesimpel	NORM_1WORD
itu	O
?	O
@fvtrisna	NORM_1WORD

Sedihh...	NORM_1WORD

Inget	NORM_1WORD
banget	O
ini	O
lagu	O
pas	O
awal	O
awal	O
mereka	O
deket,ini	NORM_1WORD
lagu	O
kebangsaan	O
banget	O
pas	O
waktu	O
itu	O
haha	O
bang	O
bang	O
@aliandooo	NORM_1WORD

Happy	NORM_1WORD
anniversary	O
jg	NORM_1WORD
om	O
addie	O
dan	O
tante	O
memes?	O

Hy	NORM_1WORD
kak	O
salsa	O

Hampasss	NORM_1WORD
Datang	NORM_1WORD
Lagiii	NORM_1WORD
Cantiiik	NORM_1WORD
@princessyahrini	NORM_1WORD

Kaya	NORM_1WORD
nama	O
anak	O
gue	O
aja	NORM_1WORD
klo	NORM_1WORD
cwe,	NORM_1WORD
Mikayla	NORM_1WORD
Maureen	NORM_1WORD
Zahsy	NORM_1WORD
artinya	O
Perempuan	NORM_1WORD
ahli	O
surga	O
yang	O
cerdas	O
dan	O
hebat?	O
alamat	O
:	O
royal	O
residence	O
blok	O
c3	O
no2	O
jaktim	O

Ya	NORM_1WORD
allah	O
cantik	O
dan	O
ganteng	O
bener	NORM_1WORD
2	O
pasangan	O
yg	NORM_1WORD
sangat	O
serasi	O
bangetttttyt	NORM_1WORD

Buat	NORM_1WORD
lagi	O
donk....	NORM_1WORD

Yg	NORM_1WORD
kiri	O
ka	NORM_1WORD
mischa	O
yg	NORM_1WORD
kanan	O
ka	NORM_1WORD
marcel	O

Ih	NORM_1WORD
manusia	O
menjijikan,	O
pembantu	O
yang	O
ga	NORM_1WORD
tau	O
diri	O
nusuk	NORM_1WORD
majikan	O
dr	NORM_1WORD
belakang	O
gak	NORM_1WORD
sopan?	O

Klo	NORM_1WORD
anak	O
ku	O
digituin	NORM_1WORD
juga	O
akan	O
ku	O
lapor	O
polisi	O
...	O

Tuh	NORM_1WORD
kak	O
rina	O
aj	NORM_1WORD
udah	NORM_1WORD
pake	NORM_1WORD
hijab	O
kalian	O
kapan??	O

Pemenangnya	NORM_1WORD
udh	NORM_1WORD
ada	O

Kakanya	NORM_1WORD
yg	NORM_1WORD
mana	O
sih	O

Smoga	NORM_1WORD
kekal	O
hgga	NORM_1WORD
ke	O
syurga	O

Subhanallah....Alhamdulillah	NORM_1WORD
cantik	O
banget	O
mba	NORM_1WORD
Rina	NORM_1WORD
semoga	O
istiqomah	NORM_1WORD
yaa	NORM_1WORD
??	O

congrats	O
ya	O
kakk	NORM_1WORD
modd	O
@maudyayunda	NORM_1WORD

Setujuuu	NORM_1WORD

Cantiiillx	NORM_1WORD
bundaaaa	NORM_1WORD

MENJUAL	NORM_1WORD
SEPATU	NORM_1WORD
DAN	NORM_1WORD
SENDAL	NORM_1WORD
DENGAN	NORM_1WORD
HARGA	NORM_1WORD
DI	NORM_1WORD
BAWAH	NORM_1WORD
90.000	O
LHOOO	NORM_1WORD
....	O
?????????????????YUK	NORM_1WORD
BURUANN	NORM_1WORD
D	NORM_1WORD
FOLOW	NORM_1WORD
IG	NORM_1WORD
KITA	NORM_1WORD
SIST	NORM_1WORD
...	O
?????	O

Wajahnya	NORM_1WORD
sama	O
ky	NORM_1WORD
daddy,	O
tapi	O
hati	O
copy	O
paste	O
bunda	O
maia	O
ya,	O
dul.	O
?	O
@duljaelani	NORM_1WORD

3	O
?@algaeslovania_premiumskincare1	NORM_1WORD
#HAY	NORM_1WORD
TEMEN2	NORM_1WORD
SEMUA..MAO	NORM_1WORD
PRODUK	NORM_1WORD
BAGUS,,	NORM_1WORD
TP	NORM_1WORD
YG	NORM_1WORD
GAK	NORM_1WORD
MURHAN	NORM_1WORD
YAH..	NORM_1WORD
CREAM?PRWTN	NORM_1WORD
WJH	NORM_1WORD
YG	NORM_1WORD
OKE	NORM_1WORD
BGETTT,,	NORM_1WORD
CREAM?	NORM_1WORD
RACIKAN?	NORM_1WORD
DOKTER?	NORM_1WORD
DR	NORM_1WORD
LUAR	NORM_1WORD
NEGRI,,	NORM_1WORD
INI	NORM_1WORD
LOH	NORM_1WORD
CREAM	NORM_1WORD
YG	NORM_1WORD
MEMBUAT	NORM_1WORD
IMPIAN	NORM_1WORD
KITA	NORM_1WORD
UTK	NORM_1WORD
MEMILIKI?	NORM_1WORD
KULIT	NORM_1WORD
CANTIK	NORM_1WORD
BS	NORM_1WORD
MENJADI	NORM_1WORD
KENYATAAN,	NORM_1WORD
ALGAE	NORM_1WORD
SLOVANIA	NORM_1WORD
PREMIUM	NORM_1WORD
SKINCARE,	NORM_1WORD
CREAM	NORM_1WORD
PRWTN	NORM_1WORD
WAJAH	NORM_1WORD
DARI	NORM_1WORD
SINGAPORE..	NORM_1WORD
AMAN,	NORM_1WORD
RINGAN	NORM_1WORD
N	NORM_1WORD
TERJAMIN?	NORM_1WORD
KWALITAS?	NORM_1WORD
NY,,	NORM_1WORD
UTK	NORM_1WORD
MEREKA2	NORM_1WORD
YG	NORM_1WORD
TAU	NORM_1WORD
KWALITAS	NORM_1WORD
JG	NORM_1WORD
TENTUNYA,,	NORM_1WORD
AKU	NORM_1WORD
JUGA	NORM_1WORD
PAKKE	NORM_1WORD
LOH	NORM_1WORD
N	NORM_1WORD
RIBUAN?	NORM_1WORD
CUSTUMER?	NORM_1WORD
KU	NORM_1WORD
JUGA	NORM_1WORD
UDA	NORM_1WORD
PD	NORM_1WORD
PAKE,,	NORM_1WORD
CEK	NORM_1WORD
IG	NORM_1WORD
AKU	NORM_1WORD
YA..	NORM_1WORD
RIBUAN?	NORM_1WORD
TESTIMONI?	NORM_1WORD
N	NORM_1WORD
TERBUKTI,	NORM_1WORD
INFO	NORM_1WORD
ADD	NORM_1WORD
MY	NORM_1WORD
PIN.5E3E04F5	NORM_1WORD
FOLLOW?	NORM_1WORD
MY	NORM_1WORD
IG:	NORM_1WORD
@algaeslovania_premiumskincare1	NORM_1WORD
WA:081210238087	NORM_1WORD

Montoknya	NORM_1WORD
kakak	O
ini	O
yaaa?????	NORM_1WORD

@miaznr	NORM_1WORD
awas	O
lo	O
ga	NORM_1WORD
konsisten	O

@mandekyluu	NORM_1WORD
cntk	NORM_1WORD
ya	O
nda	NORM_1WORD

Mau	NORM_1WORD
bgt	NORM_1WORD
kagitu	O
@jusinidelashlifah	NORM_1WORD

Ko	NORM_1WORD
suka	O
upload	O
ini	O
terus	O
sih	O
sedih	O
banget	O
orang	O
orang	O
yang	O
sayang	O
ama	NORM_1WORD
beliau	O
rd	O
juga	O
sedih	O
yah	NORM_1WORD
ikhlas	O
ajah	NORM_1WORD
sahabat	O
rd	O
aja	NORM_1WORD
tak	O
ada	O
rd	O
juga	O
wajib	O
ikhlas	O
ajah	NORM_1WORD
sama	O
tuhan.	O

Ih	NORM_1WORD
skrng	NORM_1WORD
jelek	O
bgt	NORM_1WORD
knp	NORM_1WORD
ya	O
rambut	O
agnez	O
d	NORM_1WORD
semir	O
putih	O
kyk	NORM_1WORD
nenek2	NORM_1WORD
maaf	O
bukan	O
ngebully	O
ini	O
kenyataan	O

Yoiii..	NORM_1WORD
kendal	O
look	O
gituuu	NORM_1WORD
@tiararachma	NORM_1WORD

Weeeh	NORM_1WORD
@awna.fitr	NORM_1WORD
bagiin	NORM_1WORD
tips	O
suksea	NORM_1WORD
jadi	O
selebgram	O
loh!	O
Mau?	NORM_1WORD
Yuk	NORM_1WORD
join!	O

Cek	NORM_1WORD
IG	NORM_1WORD
kita@FARMASIHERBAL	NORM_1WORD
?	O
Ready	NORM_1WORD
:	O
Peninggi	NORM_1WORD
Badan,	NORM_1WORD
Pemutih	NORM_1WORD
Seluruh	NORM_1WORD
Tubuh,	NORM_1WORD
Pelangsing,	NORM_1WORD
Vitamin	NORM_1WORD
Mata	NORM_1WORD
Minus,	NORM_1WORD
pengencang	O
&	O
pembesar	O
PAYUDARA	NORM_1WORD
Invite	NORM_1WORD
?	O
Pin	NORM_1WORD
:	O
D049B167	NORM_1WORD
Wa	NORM_1WORD
:	O
081321297275	O
LINE	NORM_1WORD
:	O
@qcl5848n	NORM_1WORD
|	O
sedia	O
juga	O
Suplement	NORM_1WORD
Herbal	NORM_1WORD
utk,	NORM_1WORD
??	O
menyembuhkan	O
kanker	O
payudara,	O
kolesterol,	O
asma,	O
stroke,	O
diabetes,	O
asam	O
urat,	O
penyakit	O
paru,	O
ginjal,	O
dll.	O
Herbal	NORM_1WORD
100Alami,	NORM_1WORD
ada	O
BPOM,	NORM_1WORD
HALAL	NORM_1WORD
MUI.	NORM_1WORD
(HARGA	NORM_1WORD
PROMO	NORM_1WORD
DAN	NORM_1WORD
FREE	NORM_1WORD
ONGKIIR)	NORM_1WORD

Fallback	NORM_1WORD
donk	NORM_1WORD

Ap	NORM_1WORD

Aku	NORM_1WORD
kiri	O
kanan	O
yg	NORM_1WORD
mana	O
aja	NORM_1WORD
daah	NORM_1WORD
???	O
@risnaais	NORM_1WORD

langgeng	O
trus	NORM_1WORD
yaa,best	NORM_1WORD
couple	O
@riodewanto	NORM_1WORD
@atiqahhasiholan	NORM_1WORD

Ya	NORM_1WORD
allah	O
kejadiannya	O
begini	O
amat	O
yah,	NORM_1WORD
rabb	O
saya	O
titip	O
perempuan	O
salih	O
yg	NORM_1WORD
telah	O
melahirkan	O
saya	O
dan	O
laki2	NORM_1WORD
salih	O
yg	NORM_1WORD
telah	O
menafkahi	O
saya	O
sedang	O
memenuhi	O
panggilanMu	NORM_1WORD
di	O
baitullah....	O

bg	NORM_1WORD
uus	O
weleh-weleh....hehe...justkid	O
bg	NORM_1WORD
@uus__	NORM_1WORD

Cantik	NORM_1WORD
banget	O
sihh	NORM_1WORD
kk	NORM_1WORD
@aurakasih	NORM_1WORD
?????	O

Kak	NORM_1WORD
@natashawilona12	NORM_1WORD
dari	O
kecil	O
udh	NORM_1WORD
cantikkkk	NORM_1WORD
bngtt	NORM_1WORD
apalagi	O
udh	NORM_1WORD
besar	O

Kangen	NORM_1WORD
sekangen2	NORM_1WORD
nya	O
sumpah	O

Ga	NORM_1WORD
sakit	O
apa	O
tu	NORM_1WORD
pala?	NORM_1WORD

Happy	NORM_1WORD
birthday	O
abanggku	NORM_1WORD
sayanggg	NORM_1WORD
@marcelchandra	NORM_1WORD

wanita	O
paling	O
cantik	O
menurut	O
sya?	NORM_1WORD

cinta	O
Mirip	NORM_1WORD
Ariana	NORM_1WORD
Grande,,,Cantik	NORM_1WORD
ga	NORM_1WORD
bosan	O
Ngeliatnya,,,Sehat	NORM_1WORD
sll.cinta	NORM_1WORD

Jadi	NORM_1WORD
ngapain	NORM_1WORD
kau	O
tag	O
sama	O
aku	O
cik	O
@tiaragazr	NORM_1WORD

Mbuh	NORM_1WORD
pie	O
carane	O
bsk	NORM_1WORD
weedingku	O
kudu	O
ngene	O
@ivanakosmetik	NORM_1WORD

Pke	NORM_1WORD
aja	NORM_1WORD

@desyfitra	NORM_1WORD
oh	O
mungkin	O
si	NORM_1WORD
bencong	O
ngikutin	NORM_1WORD
mas	O
bram	O
kali	O
nih	O
wkakkwka	O

Aaaa	NORM_1WORD
hahaa	O
ngakak	NORM_1WORD
bangett?	NORM_1WORD

Beli	NORM_1WORD
dulu	O
@calvinklein	NORM_1WORD
nya	O
baru	O
foto	O
kek	NORM_1WORD
gini	NORM_1WORD
@vanessadjobul	NORM_1WORD

Selamat	NORM_1WORD
ya	O
kak	O
@vidialdiano	NORM_1WORD
:)	O
sukses	O
terus	O
aamiin	NORM_1WORD

Aamiiin	NORM_1WORD
yuk	O
moms	O
?	O
order	O
lipstik	O
/	O
kosmetik	O
DISSY	NORM_1WORD
nya	O
?	O
udh	NORM_1WORD
terdaftar	O
BPOM	NORM_1WORD
&	O
MUI	NORM_1WORD
loh.	O
100%	O
Halal	NORM_1WORD

Nama	NORM_1WORD
mimin	NORM_1WORD
nya	O
adit..yg	NORM_1WORD
coment	NORM_1WORD
di	O
atas	O
mbak	O
natalie.	O

@septi_ayu86	NORM_1WORD
hrs	NORM_1WORD
nya	O
lo	O
nyadar.fea	NORM_1WORD
itu	O
ank	NORM_1WORD
yg	NORM_1WORD
gk	NORM_1WORD
tau	O
apa2,ngapain	NORM_1WORD
lo	O
ngomong	NORM_1WORD
/ngeluarin	NORM_1WORD
kta	NORM_1WORD
yg	NORM_1WORD
sangat	O
gk	NORM_1WORD
pantas	O
utk	NORM_1WORD
ank	NORM_1WORD
sekecil	O
itu.dmn	NORM_1WORD
hati	O
nurani	O
lo...	O

@rositanurdia	NORM_1WORD
KOK	NORM_1WORD
LU	NORM_1WORD
TAU	NORM_1WORD
GUA	NORM_1WORD
NGOMEN	NORM_1WORD

Kak	NORM_1WORD
mila	O
cantik	O
kl	NORM_1WORD
pakai	O
jilbab	O

Tetap	NORM_1WORD
profesional	O
yaa	NORM_1WORD
kak	O
@steeffawilliam	NORM_1WORD
dlam	NORM_1WORD
berakting,	O
jangan	O
terpancing	O
dengan	O
smua	NORM_1WORD
masalah	O
diluarann	NORM_1WORD
,	O
tunjukan	NORM_1WORD
yg	NORM_1WORD
trbaik	NORM_1WORD
untuk	O
karirMu	NORM_1WORD

Hi	NORM_1WORD
cha.	O
Hope	NORM_1WORD
you	O
read	O
this.	O
You	NORM_1WORD
seem	O
have	O
a	O
wide	O
and	O
strong	O
heart.	O
Gue	NORM_1WORD
tau	O
rasanya	O
perbedaan	O
pakai	O
jilbab	O
dan	O
tidak	O
memakainya.	O
Gue	NORM_1WORD
envy	O
sama	O
lu	O
bisa	O
berani	O
ambil	O
tindakan	O
sesuai	O
hati	O
nurani	O
lu	O
padahal	O
lu	O
artis	O
yg	NORM_1WORD
dikenal	O
banyak	O
orang.	O
Gue	NORM_1WORD
yakin	O
lu	O
makin	O
bahagia	O
skrg.	NORM_1WORD

Duhh	NORM_1WORD
?	O
yaAllah?	NORM_1WORD
kenapa	O
harus	O
bercerai	O
berai	O
coba	O
?	O
@ferarosyita	NORM_1WORD

Gak	NORM_1WORD
maksud	O

Semoga	NORM_1WORD
jiwa	O
kepeduliannya	O
kak	O
olga	O
jd	NORM_1WORD
suriteladan	O
buat	O
kt	NORM_1WORD
semua,amin.	O

@deryabidin	NORM_1WORD
baju	O
brownnya	O
macem2	NORM_1WORD

Ya	NORM_1WORD
piiik,	O
kek	NORM_1WORD
gini	NORM_1WORD
aja	NORM_1WORD
dah	NORM_1WORD
cantik,.	O
@novitaresti	NORM_1WORD
@rozaliafransisca	NORM_1WORD
@mutiaapriyeni	NORM_1WORD

@treswaluya	NORM_1WORD
@sukma.hidayat	NORM_1WORD
WKWKWKWKWKWKWKW	NORM_1WORD
ngakak	NORM_1WORD
tengah	O
malam	O

Q	NORM_1WORD
awal	O
liat	NORM_1WORD
cessi	O
di	O
tv	O
dulu	O
waktu	O
sinetron	O
eneng	O
cakep	O
bingiit..	NORM_1WORD

Selamat	NORM_1WORD
y	NORM_1WORD
Pak	NORM_1WORD
Ahok	NORM_1WORD

Walaupun	NORM_1WORD
telat	O
tapi	O
sampein	NORM_1WORD
salam	O
ira	O
bwt	NORM_1WORD
mika	O
yach..happy	NORM_1WORD
birthday	O
nak..smoga	NORM_1WORD
mika	O
slalu	NORM_1WORD
jdi	NORM_1WORD
anak	O
yg	NORM_1WORD
terhebat	O
bwt	NORM_1WORD
orang	O
tuany	NORM_1WORD
n	NORM_1WORD
jdi	NORM_1WORD
anak	O
yg	NORM_1WORD
sholeh	O
n	NORM_1WORD
disayang	O
Allah..amiiinn	NORM_1WORD
ya	O
rabbal	O
alamin...	O

Sangat	NORM_1WORD
mendukung	O
sama	O
yg	NORM_1WORD
ini	O
,semoga	O
sampai	O
ijap	NORM_1WORD
kobul	NORM_1WORD

@elisabetswanda	NORM_1WORD
mirip	O
ariana	O
baget	NORM_1WORD
pingin	NORM_1WORD
bettt	NORM_1WORD
cantik	O
ya	O

Cantinya	NORM_1WORD
bunda	O
@maiaestiantyreal	NORM_1WORD
...awet	O
muda	O
gx	NORM_1WORD
kyk	NORM_1WORD
tetangga	O
sebelah...kyk	NORM_1WORD
mak	O
lampir	O

Lucuuu	NORM_1WORD
bgt	NORM_1WORD
@mugirachmawati	NORM_1WORD

15	O
tahun??	O
pcaranya	NORM_1WORD
udah	NORM_1WORD
kyk	NORM_1WORD
25an	O
ya???	O

Yallah	NORM_1WORD
so	NORM_1WORD
sweet	O
bgt	NORM_1WORD
liat	NORM_1WORD
dahh	NORM_1WORD
@a.janilia30	NORM_1WORD
@ratna.mey1205	NORM_1WORD
@febryfeby9000	NORM_1WORD
@rahmawaty5527	NORM_1WORD

Cantik	NORM_1WORD
kak..aku	O
mau	O
dong	O
bunga	O
melati	O
nyaaa	NORM_1WORD
..	O

Jangan	NORM_1WORD
follow	O
akun	O
ini,	O
Akun	NORM_1WORD
ini	O
sudah	O
tidak	O
dipakai.	O
Akun	NORM_1WORD
IG	NORM_1WORD
JKT48	NORM_1WORD
adalah	O
ini	O
?	O
@_officialjkt48	NORM_1WORD
silahkan	NORM_1WORD
cek	O
kalo	NORM_1WORD
tidak	O
percaya.	O

Y	NORM_1WORD
tunggu	O
adek	O
operasi	O
pelastik	NORM_1WORD
keak	NORM_1WORD
dia	O
dulu	O
y	NORM_1WORD
bg	NORM_1WORD
?wkwkwk	O
@arthuriski	NORM_1WORD

RIndu	NORM_1WORD
k	NORM_1WORD
olga:(	O

Banyak	NORM_1WORD
yg	NORM_1WORD
bilang	O
mirip,mirip	O
drimnanya?jauh	NORM_1WORD
bgt	NORM_1WORD
cntikan	NORM_1WORD
dia	O
huu-_-	O
@nikitabalqiis	NORM_1WORD

Gak	NORM_1WORD
usah	O
tag	O
video	O
ke	O
aku	O
percuma	O
gak	NORM_1WORD
akan	O
bisa	O
diliat	NORM_1WORD
beda	O
hp	O
nya	O
sama	O
hp	O
km	NORM_1WORD
mah	O
ngabret	O
liat	NORM_1WORD
apa	O
apa	O
juga	O
???	O
@chitra.nabila	NORM_1WORD

@rinanose16	NORM_1WORD
keren,	O
salluutt,	NORM_1WORD
bahagia	O
terus	O
yaa...	NORM_1WORD

Edaaaan	NORM_1WORD
cantiknya	O

Aamiin	NORM_1WORD
..	O
Foto	NORM_1WORD
yg	NORM_1WORD
gk	NORM_1WORD
pake	NORM_1WORD
hijab	O
dihapus	O
lbh	NORM_1WORD
baik	O
mba	NORM_1WORD

NOAH	NORM_1WORD
sekarang	O
d	NORM_1WORD
kota	O
kediri..kk	NORM_1WORD
sofi	O
ikut	O
gak	NORM_1WORD
ya.aq	NORM_1WORD
ngefan	O
nget	NORM_1WORD
sama	O
kalian	O
berdua.kususnya	NORM_1WORD
ariel..tapi	O
sayang	O
..gak	NORM_1WORD
bisa	O
liat..habis	NORM_1WORD
dinas	O
malam...oh	O
seandainya..bisa	O
ketemu..	O

Hari	NORM_1WORD
gini	NORM_1WORD
followers	O
lu	O
dikit?	O
yaelah	O
pakai	O
aja	NORM_1WORD
fantasypanel.id	O
gratis	O
kok	O
:)	O

Bagi	NORM_1WORD
aku	O
bagaimana	O
pun	O
bg	NORM_1WORD
Ali	NORM_1WORD
tetap	O
aja	NORM_1WORD
ganteng	O
dan	O
keceee	NORM_1WORD
nyaa	NORM_1WORD
apalagi	O
klu	NORM_1WORD
shalat	O
hhhmmm	O
gilaa	NORM_1WORD
banget	O
ganteng	O
nya	O
sampai	O
gak	NORM_1WORD
berkedip	O
mata	O
aku	O
kk???	NORM_1WORD
@aliandooo	NORM_1WORD

Chat	NORM_1WORD
ke	O
WA	NORM_1WORD
:	O
0857-9305-1973	O
/	O
BBM	NORM_1WORD
:	O
5B8BE79E	NORM_1WORD
/	O
LINE	NORM_1WORD
:	O
@ZHB0594N	NORM_1WORD
(PAKAI	NORM_1WORD
@)	O
BETIS	NORM_1WORD
BESAR?	NORM_1WORD
KAYA	NORM_1WORD
TUKANG	NORM_1WORD
BECAK?	NORM_1WORD
GA	NORM_1WORD
COCOK	NORM_1WORD
DEH	NORM_1WORD
SIS.	NORM_1WORD
KINI	NORM_1WORD
ADA	NORM_1WORD
ALAT	NORM_1WORD
AJAIB	NORM_1WORD
DARI@bigbreastnatural	NORM_1WORD
SEKARANG	NORM_1WORD
BETIS	NORM_1WORD
AKU	NORM_1WORD
SUDAH	NORM_1WORD
GA	NORM_1WORD
BESAR	NORM_1WORD
LAGI	NORM_1WORD
LOH,	NORM_1WORD
MALAH	NORM_1WORD
PAYUDARA	NORM_1WORD
YANG	NORM_1WORD
JADI	NORM_1WORD
BESAR	NORM_1WORD
HEHEHEHE	NORM_1WORD
KARNA	NORM_1WORD
ALATNYA	NORM_1WORD
MULTIFUNGSI	NORM_1WORD
BANGET	NORM_1WORD
SIS.	NORM_1WORD
CEPET	NORM_1WORD
PESEN	NORM_1WORD
KESINI	NORM_1WORD
BBM	NORM_1WORD
:	O
5B8BE79E.	NORM_1WORD
LINE:	NORM_1WORD
@ZHB0594N	NORM_1WORD
(PAKAI	NORM_1WORD
@)	O

Slamat	NORM_1WORD
ulan	NORM_1WORD
tahun	O
buat	O
ka	NORM_1WORD
cassi	O

Q	NORM_1WORD
ngefans	NORM_1WORD
banget	O
sama	O
kk	NORM_1WORD
gigi	O
n	NORM_1WORD
kk	NORM_1WORD
rafi,moga	O
langgeng	O
n	NORM_1WORD
lahiran	O
nya	O
lancar	O
y	NORM_1WORD
kak...Amiin...Amiin	NORM_1WORD
Ya	NORM_1WORD
Robb...	NORM_1WORD

Hoamz	NORM_1WORD
nged:((((	NORM_1WORD
@rizasptri	NORM_1WORD

Masi	NORM_1WORD
cantikan	O
@claurakiehl	NORM_1WORD
daripada	O
ari..	O
ari	O
is	O
toooooo	O
cute	O
i	O
think...	O

Mas	NORM_1WORD
@ahmaddhaniprast	NORM_1WORD
salam	O
buat	O
teh	O
mulan	O
sm	NORM_1WORD
cium	O
utk	NORM_1WORD
safea	O
..semoga	O
kehamilan	O
teh	O
mulan	O
lancar	O
dan	O
selalu	O
diberi	O
kesehatan	O
dan	O
kekuatan..	O

Gila	NORM_1WORD
nh	NORM_1WORD
orang	O
@ly.lindax	NORM_1WORD
@gusti_aiyhuamba	NORM_1WORD

Selfie	NORM_1WORD
bareng	O
@arianagrande	NORM_1WORD
dooong	NORM_1WORD

?	O
Cek	NORM_1WORD
IG	NORM_1WORD
kami	O
yuk..	O
Ada	NORM_1WORD
cookies,	O
kue	O
kering	O
dan	O
berkarakter	O
dijamin	O
lucu	O
dan	O
enak..	O
Ada	NORM_1WORD
juga	O
accesories,	O
boneka	O
LINE,	NORM_1WORD
boneka	O
hello	O
kitty	O
import,	O
souvenir	O
pernikahan	O
dll.	O
Dijamin	NORM_1WORD
lucu	O
bangeett..	NORM_1WORD
??????????	O

Kk	NORM_1WORD
@mischach	NORM_1WORD
jg	NORM_1WORD
maskulin	O
bgt...liat	NORM_1WORD
aja	NORM_1WORD
gayanya	O
di	O
serial	O
anak	O
jalanan...macho	O
ok	O
bgt!??	NORM_1WORD

Tu	NORM_1WORD
cik	O
dia	O
baru	O
20	O
thn	NORM_1WORD
yo	NORM_1WORD
@nashriatul	NORM_1WORD

@rchlho	NORM_1WORD
pinter	NORM_1WORD
loh	O

Lah	NORM_1WORD
lo	O
kok	O
nyolot?	NORM_1WORD
@dirextorr	NORM_1WORD

Amiin	NORM_1WORD
@sandradewi88	NORM_1WORD

Ngiri	NORM_1WORD
??	O
@lovnitarsyla	NORM_1WORD

Tetep	NORM_1WORD
call	O
saya	O
mah,	O
tp	NORM_1WORD
ya	O
itu	O
mbakx	NORM_1WORD
senatural	O
n	NORM_1WORD
simpel	O
itu	O
aja	NORM_1WORD
syantik,	NORM_1WORD
la	NORM_1WORD
kite	NORM_1WORD
@una_wardhani	NORM_1WORD
hahahhaa	O

Kak	NORM_1WORD
@karinasalim	NORM_1WORD
ngga	NORM_1WORD
ada	O
kata	O
cuma	O
Wow	NORM_1WORD
:)	O

kita	O
hanya	O
tau	O
berkomentar.	O
Tp	NORM_1WORD
cobalah	O
jadi	O
guru	O
dulu	O
selama	O
setahun	O
supaya	O
bisa	O
tau	O
jadi	O
seorang	O
guru	O
itu	O
bgmn.	NORM_1WORD
Apalg	NORM_1WORD
hadapi	O
yg	NORM_1WORD
naka.	NORM_1WORD
tdk	NORM_1WORD
gampang	O
Loh	NORM_1WORD
jd	NORM_1WORD
guru.	O

Aamiin	NORM_1WORD
@sriritonga152	NORM_1WORD

Bukan	NORM_1WORD
main	O
PEMUTIH	NORM_1WORD
,&,	O
PELANGSING	NORM_1WORD
yang	O
ada	O
di@FARMASIHERBAL	NORM_1WORD
kesehatan	O
bner	NORM_1WORD
bner	NORM_1WORD
keren	O
bnget.	NORM_1WORD
udah	NORM_1WORD
prodaknya	NORM_1WORD
halal,	O
100herbal,	O
dan	O
PERMANEN	NORM_1WORD
pula.	O
poko	NORM_1WORD
nya	O
bagi	O
agan	O
dan	O
sista	O
yang	O
masih	O
cari	O
cari	O
prodak	NORM_1WORD
yg	NORM_1WORD
aman	O
konsultasikan	O
langsung	O
ke	O
ahlinya	O
ga	NORM_1WORD
bkal	NORM_1WORD
nyesell	NORM_1WORD
dehh.	NORM_1WORD
PUAS	NORM_1WORD
BANGET	NORM_1WORD
poko	NORM_1WORD
nya.invite	O
Pin	NORM_1WORD
:	O
D049B167	NORM_1WORD
Wa	NORM_1WORD
:	O
081321297275	O
LINE	NORM_1WORD
:	O
@qcl5848n	NORM_1WORD
(BIG	NORM_1WORD
PROMO+FREE	NORM_1WORD
ONGKIR)	NORM_1WORD

Pas	NORM_1WORD
msuk	NORM_1WORD
kelas	O
gek	O
kita	O
peragain	NORM_1WORD
ya	O
shayyy???	NORM_1WORD
@iralestarii20	NORM_1WORD
@karsytamaya	NORM_1WORD
@wandatriagustini	NORM_1WORD
@shintiawulandari28	NORM_1WORD
@antika_29	NORM_1WORD
@devasentiya	NORM_1WORD
@yuniprht04	NORM_1WORD

Lanjutkaaaaan	NORM_1WORD
ncek?	NORM_1WORD
hiduppp	NORM_1WORD
ncek	NORM_1WORD

Makin	NORM_1WORD
dewasa	O
yaaa	NORM_1WORD
teh..	O
Jadi	NORM_1WORD
pribadi	O
yg	NORM_1WORD
lebih	O
baik	O
happy	O
milad	O
??	O

Dan	NORM_1WORD
lagi,	O
emg	NORM_1WORD
kalo'	O
tinggal	O
di	O
indonesia	O
gk	NORM_1WORD
boleh	O
suka	O
sma	NORM_1WORD
karya	O
luar	O
ya??	O
Sedangkan	NORM_1WORD
idola	O
lo	O
sendiri	O
suka	O
sma	NORM_1WORD
artis	O
luar!!	O
Gimana	NORM_1WORD
dong???	O
@herra09	NORM_1WORD

Lucuuu	NORM_1WORD
bngttt	NORM_1WORD
ngegmesin	NORM_1WORD

Kita	NORM_1WORD
kapan	O
kaya	NORM_1WORD
gini	NORM_1WORD
sama	O
seungri	O
??	O
@popywf	NORM_1WORD
@widy_sr	NORM_1WORD

Aamiin	NORM_1WORD
amiinn	NORM_1WORD
ya	O
Rabbal	NORM_1WORD
allamin	O

Mba,	NORM_1WORD
apakah	O
harus	O
di	O
sekolah	O
kebutuhan	O
khusus	O
bila	O
kondisinya	O
spt	NORM_1WORD
Mika,	NORM_1WORD
adik	O
ipar	O
ku	O
tanda2nya	NORM_1WORD
spt	NORM_1WORD
Mika.	NORM_1WORD
Mohon	NORM_1WORD
dijwb.	NORM_1WORD
Tks	NORM_1WORD

TOP	NORM_1WORD
bnk	NORM_1WORD
ariel...	O
gaya	O
g	NORM_1WORD

Ka	NORM_1WORD
jesica	O
katanya	O
orang	O
kristen	O

@ulanandari	NORM_1WORD
iaa	NORM_1WORD
wkwkwk	O
??	O

Jadu	NORM_1WORD
flashback	O
waktu	O
ali	O
prilly	O
diundang	O
ke	O
inbox	O
pertama	O
kali?	O
@citra_152696	NORM_1WORD

astgfrullah?	NORM_1WORD

Duetin	NORM_1WORD
aurel	O
sama	O
KRISDAYANTI	NORM_1WORD
dongg	NORM_1WORD

G	NORM_1WORD
bosen	NORM_1WORD
liat	NORM_1WORD
ini...?	O

Lucuuu	NORM_1WORD
iiii????	NORM_1WORD
@sarahns_14	NORM_1WORD
@kunti_ayu_sekarini	NORM_1WORD
@rismamelatiii	NORM_1WORD

?Vitamin	NORM_1WORD
mata	O
minus	O
keren	O
itu	O
ga	NORM_1WORD
pake	NORM_1WORD
kacamata	O
?buktiin	NORM_1WORD
deh	O
tapi	O
lepas	O
kaca	O
mata	O
malah	O
burem	NORM_1WORD
luar	O
biasa?	O
chat	O
order	O
yu	NORM_1WORD
biar	O
ga	NORM_1WORD
bingung?pelangsing,pemutih,peninggi,	O
penggemuk,dan	O
pembesar	O
payudara	O
juga	O
ada	O
loh	O
(	O
HARGA	NORM_1WORD
TERMURAH	NORM_1WORD
SE-INDONESIA	NORM_1WORD
DAN	NORM_1WORD
FREE	NORM_1WORD
ONGKIR)	NORM_1WORD
Ingin	NORM_1WORD
tau	O
tips	O
tinggi	O
&	O
langsing	O
secara	O
gratis?	O
Cek	NORM_1WORD
ig	O
kami	O
dan	O
temukan	O
rahasianya,	O
ada	O
cara	O
memutihkan	O
secara	O
alami	O
,	O
PENAWARAN	NORM_1WORD
SPECIAL	NORM_1WORD
ADA	NORM_1WORD
PEMBESAR	NORM_1WORD
PAYUDARA	NORM_1WORD
loh	O
;)	O
Ingin	NORM_1WORD
tau	O
tips	O
tinggi	O
&	O
langsing	O
secara	O
gratis?	O
Cek	NORM_1WORD
ig	O
kami	O
dan	O
temukan	O
rahasianya,	O
ada	O
cara	O
memutihkan	O
secara	O
alami	O
,	O
PENAWARAN	NORM_1WORD
SPECIAL	NORM_1WORD
ADA	NORM_1WORD
PEMBESAR	NORM_1WORD
PAYUDARA	NORM_1WORD
loh	O
;)	O
?????	O
?????	O
!!!	O
Herbal	NORM_1WORD
Alami	NORM_1WORD
aman	O
tanpa	O
efek	O
samping.	O
Ada	NORM_1WORD
BPOM,	NORM_1WORD
HALAL	NORM_1WORD
MUI.(	NORM_1WORD
HARGA	NORM_1WORD
PROMO	NORM_1WORD
DAN	NORM_1WORD
FREE	NORM_1WORD
ONGKIR	NORM_1WORD
SE-INDONESIA)	NORM_1WORD
Follow	NORM_1WORD
utk	NORM_1WORD
Testimoni	NORM_1WORD
???	O
Info@PASAR.HERBAL	NORM_1WORD
Info@PASAR.HERBAL	NORM_1WORD
Info@PASAR.HERBAL	NORM_1WORD
Pin:	NORM_1WORD
D0CEFD9B	NORM_1WORD
/	O
Wa:	NORM_1WORD
081564794890	O
Pin:	NORM_1WORD
D0CEFD9B	NORM_1WORD
/	O
Wa:	NORM_1WORD
081564794890	O
Pin:	NORM_1WORD
D0CEFD9B	NORM_1WORD
/	O
Wa:	NORM_1WORD
081564794890	O
?	O
produknya	O
aman	O
banget	O
?	O
ga	NORM_1WORD
ada	O
efek	O
samping	O
dan	O
ketergantungan?	O
,	O
Udah	NORM_1WORD
dapat	O
sertifikat	O
?	O
BPOM	NORM_1WORD
dan	O
?	O
Halal	NORM_1WORD
MUI	NORM_1WORD
juga	O
(y	NORM_1WORD

Nek	NORM_1WORD
iki	O
pasang	O
wajah	O
iriiiii	NORM_1WORD
banget	O
@dindamoe2th	NORM_1WORD

yg	NORM_1WORD
berbehel	O
memang	O
mematikan	O
@ernalailars	NORM_1WORD

Ga	NORM_1WORD
nyangka	NORM_1WORD
,	O
tinggi	O
ku	O
nambah	NORM_1WORD
6cm	O
dalam	O
waktu	O
15	O
hari	O
,	O
widih	O
mantap	O
abis	NORM_1WORD
prodak	NORM_1WORD
dari@DR.FIRZA_HEALTHY.HERBAL	NORM_1WORD
.	O
bener	NORM_1WORD
bener	NORM_1WORD
deh	O
prodak	NORM_1WORD
nya	O
sangat	O
ampuh	O
banget	O
,	O
ga	NORM_1WORD
nyesel	NORM_1WORD
aku	O
konsultasi	O
sama@DR.FIRZA_HEALTHY.HERBAL	NORM_1WORD
ga	NORM_1WORD
sia	O
sia	O
deh	O
dengan	O
hasil	O
nya	O
yang	O
memuaskan	O
.	O
thanks	O
banget	O
ya@DR.FIRZA_HEALTHY.HERBAL	NORM_1WORD

Hhahaa	NORM_1WORD
sibukx	NORM_1WORD
semua	O
in	NORM_1WORD
haters	O

@cutiemochi_	NORM_1WORD
satu	O
lg,	NORM_1WORD
gw	NORM_1WORD
ksh	NORM_1WORD
lu	O
satu	O
ayat	O
yg	NORM_1WORD
ada	O
di	O
alkitab	O
lu,	O
yohannes	O
17:3	O
itu	O
jg	NORM_1WORD
menurut	O
lu	O
sampah???...??	O
baek2	NORM_1WORD
lu..	O

Ngaca	NORM_1WORD
woy!	O
?	O
@its.indira.fd	NORM_1WORD

@mutiadevii	NORM_1WORD
ntab	NORM_1WORD

@cuttiffannyy	NORM_1WORD
gilaaa	NORM_1WORD

@mulanjameela1	NORM_1WORD
kalo	NORM_1WORD
mau	O
minta	NORM_1WORD
maaf	O
..temui	O
bunda	O
@maiaestiantyreal	NORM_1WORD
,	O
tatap	O
matany	NORM_1WORD
.bukan	O
tatap	O
kamera	O
?klo	NORM_1WORD
kyk	NORM_1WORD
gni	NORM_1WORD
makin	O
byk	NORM_1WORD
haters	O
..	O
bukan	O
simpati	O
.	O

Terharuuu???	NORM_1WORD

Aplks	NORM_1WORD
apa	O
ini	O

Dr	NORM_1WORD
kecil	O
udah	NORM_1WORD
cantik	O
bgtt	NORM_1WORD

Follow	NORM_1WORD
?	O
IG@HERBALL_ALAMICINA??	NORM_1WORD
Ingin	NORM_1WORD
muka	O
putih	O
senatural	O
mngkin	NORM_1WORD
?	O
?	O
Menghilangkn	NORM_1WORD
bekas	O
jerawat	O
?	O
NUTRISI	NORM_1WORD
utk	NORM_1WORD
kulit	O
?di	O
sini	O
ada	O
??Product	NORM_1WORD
Herbal	NORM_1WORD
Alami	NORM_1WORD
utk	NORM_1WORD
masalah	O
Anda	NORM_1WORD
:)	O
untuk	O
info	O
lebih	O
lanjut??	O
invite	O
PIN	NORM_1WORD
:	O
D2538B6C	NORM_1WORD
,	O
LINE	NORM_1WORD
:	O
herball_alamicina	O
dan	O
WHATSAPP	NORM_1WORD
:	O
085871398440	O

Jd	NORM_1WORD
rmbut	NORM_1WORD
s	NORM_1WORD
prilli	O
g	NORM_1WORD
botak	O
?	O
Kok	NORM_1WORD
kayak	O
asli	O
itu	O
ya..	O
rambutnya	O
kan	O
pjg	NORM_1WORD
mna	NORM_1WORD
bisa	O
s	NORM_1WORD
tutupin	NORM_1WORD
@teresadinanovitalia	NORM_1WORD

Kereen	NORM_1WORD

Nyanyi	NORM_1WORD
bareng	O
lagi	O
di	O
Bandung	NORM_1WORD
dong	O
ka?	NORM_1WORD
@aliandooo	NORM_1WORD
jadiin	NORM_1WORD
pliss!	O

Yg	NORM_1WORD
marcel	O
yg	NORM_1WORD
pakai	O
kalung	O
,	O
yg	NORM_1WORD
mischa	O
yg	NORM_1WORD
ga	NORM_1WORD
pakai	O
kalung	O
,	O
yg	NORM_1WORD
tengah	O
pacar	O
kak	O
marcel	O
@marcelchandra	NORM_1WORD

Seorang	NORM_1WORD
'	O
Tuhan'	NORM_1WORD
putus	O
asa?	O
Mengapa	NORM_1WORD
tdk	NORM_1WORD
dia	O
pakai	O
kekuasaannya	O
sbg	NORM_1WORD
Tuhan	NORM_1WORD
utk	NORM_1WORD
melepaskannya	O
dr	NORM_1WORD
kayu	O
salib??..mengapa	O
dia	O
menjerit	O
meminta	O
pertolongan	O
Allah??	NORM_1WORD
Itulah	NORM_1WORD
logika	O
?	O
@chrystoruan	NORM_1WORD

Pasangan	NORM_1WORD
idaman	O
gua	O
bgt	NORM_1WORD
nih..	O
??	O

Nico...mau	NORM_1WORD
no	O
hp	O
nya	O
donk	NORM_1WORD

wihhh	NORM_1WORD
kakakkk	NORM_1WORD
cantik	O
bgt	NORM_1WORD

Nah	NORM_1WORD
sanmar	O
ky	NORM_1WORD
qt	NORM_1WORD
je	O
dlu	NORM_1WORD
sklinyaa	NORM_1WORD
@rebecca.olivia22	NORM_1WORD

@imririeaj	NORM_1WORD
suk	NORM_1WORD
suka	O
saya	O
dong	O
mau	O
komen	O
kapan.	O
Emang	NORM_1WORD
sosial	O
media	O
dan	O
hak	O
komen	O
saya	O
harus	O
ditentukan	O
oleh	O
anda?	O
Emang	NORM_1WORD
anda	O
siapa	O
boleh	O
ngatur	NORM_1WORD
saya	O
komen	O
kapan	O
dan	O
dimana?	O
Jangan	NORM_1WORD
SOK	NORM_1WORD
sopan	O
jadi	O
orang	O
kalo	NORM_1WORD
belum	O
paham	O
apa	O
itu	O
sopan!	O

Ko	NORM_1WORD
kaya	NORM_1WORD
ngikutin	NORM_1WORD
kendalljenner	O
ya	O

irwansyah	O
terlihat	O
lebih	O
bahagia	O
yaaa	NORM_1WORD
wkwkkwwkwk	O
@khusnanl	NORM_1WORD

Arsy	NORM_1WORD
muka	O
nya	O
cantik	O
n	NORM_1WORD
lucu	O
bgt,	NORM_1WORD
she's	NORM_1WORD
like	O
an	O
angel,,	O
jd	NORM_1WORD
tema	O
nya	O
angel	O
from	O
heaven	O
?	O

MashaAllah,	NORM_1WORD
selamat	O
ya	O
teteh	O
@rinanose16,	NORM_1WORD
semoga	O
dg	NORM_1WORD
berhijabnya	O
smakin	NORM_1WORD
mnambh	NORM_1WORD
ktaatan	NORM_1WORD
pd	NORM_1WORD
Allah,	NORM_1WORD
dijauhkan	O
dr	NORM_1WORD
panasnya	O
api	O
neraka,	O
didekatkan	O
dg	NORM_1WORD
jodohnya...Amin.	NORM_1WORD
Kudukung	NORM_1WORD
perjuanganmu	O
memakai	O
hijab,	O
keep	O
istiqomah	NORM_1WORD
fisabilillah!	O

klo	NORM_1WORD
cwek	NORM_1WORD
namax	NORM_1WORD
ranafita	O
rafi	O
nagita	O

Uhh?	NORM_1WORD

@desypurbawati	NORM_1WORD
@rensyokta	NORM_1WORD
gw	NORM_1WORD
mau	O
komen	O
lg	NORM_1WORD
nih	O
?	O

pake	NORM_1WORD
ganteng	O
mb,,kalok	NORM_1WORD
adek2	NORM_1WORD
mu,,mirip	O
ibumu	O
jd	NORM_1WORD
beda	O
sndri	NORM_1WORD
dr	NORM_1WORD
km,,km	NORM_1WORD
cantik	O
mancung	O

Kk	NORM_1WORD
@jscmila	NORM_1WORD
klau	NORM_1WORD
pakai	O
jilbab	O
cannnnntikkkkkkk	NORM_1WORD
bangettt	NORM_1WORD
,	O
mukax	NORM_1WORD
kayak	O
bercahaya	O
gitu	NORM_1WORD

Hahahaha,,,	NORM_1WORD
lucu	O
bnget	NORM_1WORD
muka	O
kang	O
sule.	O
Ko	NORM_1WORD
baju	O
om	O
andre	O
klpat.	O

Terharu	NORM_1WORD
semangat	O
cha	O
syg	NORM_1WORD
:')	O

Aamiin	NORM_1WORD
yaa	NORM_1WORD
Allah...	NORM_1WORD

Cantik	NORM_1WORD
bgt	NORM_1WORD

Mirip	NORM_1WORD
g?	NORM_1WORD
@putdevd	NORM_1WORD

Jelek	NORM_1WORD
gitu	NORM_1WORD
kalian.	O
Bilang	NORM_1WORD
cantik	O

Mau	NORM_1WORD
dianter	NORM_1WORD
kemana	O
mas?	O
Ke	NORM_1WORD
pelaminan?	O
@irsyadabdillah	NORM_1WORD

Safeak	NORM_1WORD
beda	O
bingiittt	NORM_1WORD
sm	NORM_1WORD
Amora	NORM_1WORD
anak	O
KD...Amora	NORM_1WORD
dr	NORM_1WORD
kecil	O
aja	NORM_1WORD
sudh	NORM_1WORD
kelihatan	O
santun	O
dan	O
berkelas..tp	NORM_1WORD
klu	NORM_1WORD
sapiah	O
anak	O
cireng	O
ini	O
dr	NORM_1WORD
kecil	O
dah	NORM_1WORD
kelihatan	O
kasar	O
(nampar	NORM_1WORD
anak	O
bebi	O
romeo)	O
dan	O
tukan	NORM_1WORD
rebut	O
mainan	O
teman	O
persis	O
mbok	O
e	O
tukang	O
rebut	O
laki	O
majikan	O
???	O
buah	O
jatoh	NORM_1WORD
gk	NORM_1WORD
jauh	O
dr	NORM_1WORD
pohonnya	O

mas	O
anang,	O
ko	NORM_1WORD
di	O
snapchatnya	O
aurel,	O
mereka	O
lg	NORM_1WORD
pergi	O
bersama	O
mba	NORM_1WORD
ashanty	O
juga,	O
tp	NORM_1WORD
yang	O
nyupir	NORM_1WORD
ko	NORM_1WORD
azriel?	O
bukannya	O
dia	O
baru	O
15	O
tahun	O
ya?	O

?	O
?	O
?	O
?	O
Langkah	NORM_1WORD
?	O
AMAN	NORM_1WORD
TANPA	NORM_1WORD
EFEKSAMPING,	NORM_1WORD
terbukti	O
dan	O
terjamin	O
kasiatnya	NORM_1WORD
lirik	O
yuk	O
langsung	O
saja	O
invite	O
BBM	NORM_1WORD
;	O
D327B6D7	NORM_1WORD
whats	O
app	O
:	O
081222798256	O
Add	NORM_1WORD
line	O
@eau2931e	NORM_1WORD
.	O
Yuk	NORM_1WORD
order	O
:)	O
?	O
O?KIR	NORM_1WORD
?	O
?R???	NORM_1WORD
BESAR	NORM_1WORD
BESARAN	NORM_1WORD
?	O

Isyana	NORM_1WORD
alisnya	O
ga	NORM_1WORD
prnh	NORM_1WORD
diapa2in	NORM_1WORD
yaak	NORM_1WORD

Emang	NORM_1WORD
bagus	O
ternyata	O
suaranya	O
@ayavailable90	NORM_1WORD

@a_rosyidin	NORM_1WORD
@rpramudiarta	NORM_1WORD
@ashimadzorif	NORM_1WORD
yoooiii	NORM_1WORD
insyaAllah	NORM_1WORD
daah	NORM_1WORD

Cantik	NORM_1WORD
ya	O
kLo	NORM_1WORD
make	NORM_1WORD
kerudung	O

Wow	NORM_1WORD
pengen	NORM_1WORD
foto	O
bareng	O
sama	O
tiffany	O
snsd	O

Atau	NORM_1WORD
sama	O
artis	O
muda	O
kyk	NORM_1WORD
PRILLY/ALIANDO/AED	NORM_1WORD

PAYUDARA	NORM_1WORD
KECIL,	NORM_1WORD
KENDUR,	NORM_1WORD
BESAR	NORM_1WORD
SEBELAH	NORM_1WORD
SETELAH	NORM_1WORD
MENYUSUI??	NORM_1WORD
PASTI	NORM_1WORD
BELUM	NORM_1WORD
FOLLOW@CARASEHATID	NORM_1WORD
,	O
YUUK	NORM_1WORD
TEMUKAN	NORM_1WORD
RAHASIANNYA,	NORM_1WORD
ATAU	NORM_1WORD
INVITE	NORM_1WORD
BBM	NORM_1WORD
:	O
5FB2512C.	NORM_1WORD

Teteh	NORM_1WORD
makin	O
cantik	O
pake	NORM_1WORD
jilbab..	O
congrat	O
teten..	O
@rinanose16	NORM_1WORD

Kak	NORM_1WORD
mod,	O
congrats	O
yaaaa	NORM_1WORD

PELOPOR	NORM_1WORD
YUKENSI	NORM_1WORD
DRESS	NORM_1WORD
DASTER	NORM_1WORD
TERMURAHHH	NORM_1WORD
DI	NORM_1WORD
@dcottonism	NORM_1WORD
@dcottonism	NORM_1WORD

Iya	NORM_1WORD
betul	O
jangan	O
kaya	NORM_1WORD
bgitu	NORM_1WORD
yaa	NORM_1WORD
kak	O
@novisyahreza	NORM_1WORD

Bulet,	NORM_1WORD
gede	O
pula.	O
mahkotanya	O
?	O

Baguuuuus	NORM_1WORD
banget....	O

KALIAN	NORM_1WORD
LAGI	NORM_1WORD
MENCARI	NORM_1WORD
ALAT	NORM_1WORD
PEMBESAR	NORM_1WORD
PAYUDARA	NORM_1WORD
YANG	NORM_1WORD
AMPUH??	NORM_1WORD
YANG	NORM_1WORD
BISA	NORM_1WORD
BENER-BENER	NORM_1WORD
MERUBAH	NORM_1WORD
PAYUDARA	NORM_1WORD
KALIAN	NORM_1WORD
JADI	NORM_1WORD
BESAR	NORM_1WORD
DAN	NORM_1WORD
KENCANG??	NORM_1WORD
NIH	NORM_1WORD
AKU	NORM_1WORD
KASIH	NORM_1WORD
REKOMENDASINYA,	NORM_1WORD
ITU	NORM_1WORD
ADA	NORM_1WORD
DI@BIGBOOBSBEAUTY	NORM_1WORD
JAWABANYA	NORM_1WORD
SEMUA,	NORM_1WORD
PRODUKNYA	NORM_1WORD
AJAIB	NORM_1WORD
BANGET,	NORM_1WORD
CUMA	NORM_1WORD
DALAM	NORM_1WORD
KURUNG	NORM_1WORD
WAKTU	NORM_1WORD
ITUNGAN	NORM_1WORD
MINGGU,	NORM_1WORD
SUDAH	NORM_1WORD
TERLIHAT	NORM_1WORD
PERUBAHANYA	NORM_1WORD
PADA	NORM_1WORD
PAYUDARA	NORM_1WORD
SAYA,	NORM_1WORD
KALIAN	NORM_1WORD
MAU	NORM_1WORD
JUGA??	NORM_1WORD
PIN	NORM_1WORD
BBMNYA	NORM_1WORD
NIH	NORM_1WORD
5F3A981A	NORM_1WORD
WA:	NORM_1WORD
087823694432	O

Hy	NORM_1WORD
kak	O
salsa	O
cantik	O

Lebih	NORM_1WORD
cantik	O
pake	NORM_1WORD
jilbab	O
kak	O
@maudyayunda	NORM_1WORD

ini	O
kan	O
kita	O
ya	O
del,inget	NORM_1WORD
ga?WKWKWK	NORM_1WORD
@snowdhel	NORM_1WORD

Kata	NORM_1WORD
someonenya	O
hrs	NORM_1WORD
dicapslock	O
buat	O
aku	O
deh	O
juy,	O
hehe	O
aamiin	NORM_1WORD
yaa	NORM_1WORD
?	O
#jodohpastibertemu	NORM_1WORD
@junisapatricia	NORM_1WORD

God	NORM_1WORD
Is	NORM_1WORD
Love	NORM_1WORD
?	O
itu	O
dkuburnya	NORM_1WORD
daerah	O
mana	O
iya..	O

Keren	NORM_1WORD
banger	NORM_1WORD

Kapan	NORM_1WORD
gini?@vanissazera	NORM_1WORD

@oryzzay	NORM_1WORD
ga	NORM_1WORD
bisa	O
ga	NORM_1WORD
keren	O
kayanya	O

Cantik	NORM_1WORD
banget	O
dan	O
cooocok	NORM_1WORD

Keren	NORM_1WORD
jago	O
bhet	NORM_1WORD
bhs	NORM_1WORD
inggrisny	NORM_1WORD

Hahahah	NORM_1WORD
@devinurin_mrsimran	NORM_1WORD
lha	NORM_1WORD
iya??ini	O
post	O
nya	O
sharusnya	NORM_1WORD
jg	NORM_1WORD
buat	O
dia	O
sndiri	NORM_1WORD

Benet	NORM_1WORD
bangetttt	NORM_1WORD
tuu	NORM_1WORD

gak	NORM_1WORD
mau	O
kebukaaa	NORM_1WORD
@intansetyawatii	NORM_1WORD

yaaAllahhhhhhh	NORM_1WORD
gemesnya	NORM_1WORD
tirrr????	O
@mutiarasantika17	NORM_1WORD

Aamiin	NORM_1WORD
ya	O
allah	O

Foto	NORM_1WORD
kaya	NORM_1WORD
gini	NORM_1WORD
dong	O
hon	O
@ekasundana	NORM_1WORD

Hmpir	NORM_1WORD
Kyak	NORM_1WORD
kak	O
chel	O
ama	NORM_1WORD
kak	O
glen?beneran	NORM_1WORD
dehh	NORM_1WORD

Elah	NORM_1WORD
ini	O
yg	NORM_1WORD
spam	O
produk	O
ngeselin	NORM_1WORD

Langsung	NORM_1WORD
jatuh	O
hati	O
sama	O
kak	O
@karinasalim	NORM_1WORD
setelah	O
nonton	NORM_1WORD
film	O
ini	O
.	O
cantik	O
dan	O
imut	O
bgt	NORM_1WORD
.	O
filmnya	O
juga	O
bagusss	NORM_1WORD
bgt	NORM_1WORD
.	O
sampe	NORM_1WORD
nonton	NORM_1WORD
2	O
kali	O

@chrystoruan	NORM_1WORD
hrsnya	NORM_1WORD
jwb	NORM_1WORD
komen	O
sy	NORM_1WORD
dgn	NORM_1WORD
menjelaskan	O
pertanyaan	O
saya,	O
bkn	NORM_1WORD
seolah	O
bijaksana	O
tp	NORM_1WORD
tdk	NORM_1WORD
menjelaskan	O
perkara.	O
Sy	NORM_1WORD
kan	O
bertanya	O
yg	NORM_1WORD
benar	O
Tuhan	NORM_1WORD
yesus	O
atau	O
Tuhan	NORM_1WORD
Allah?	NORM_1WORD
Mrk	NORM_1WORD
dua	O
pribadi	O
yg	NORM_1WORD
berbeda	O
kan?	O
3	O
malah..3	O
pribadi	O
berbeda	O
tapi	O
1,	O
kan	O
gk	NORM_1WORD
masuk	O
akal.	O
Budi,	NORM_1WORD
rudi,	O
andi	O
tapi	O
mrk	NORM_1WORD
adlh	NORM_1WORD
1.	O
Agama	NORM_1WORD
itu	O
bkn	NORM_1WORD
cm	NORM_1WORD
iman	O
tp	NORM_1WORD
jg	NORM_1WORD
logika.	O
Bagaimana	NORM_1WORD
org	NORM_1WORD
bs	NORM_1WORD
beriman	O
kl	NORM_1WORD
tdk	NORM_1WORD
masuk	O
logika?	O
Itu	NORM_1WORD
tdk	NORM_1WORD
lbh	NORM_1WORD
dgn	NORM_1WORD
doktrin,	O
dipaksakan.	O

Aku	NORM_1WORD
malu	O
banget	O
sama@DR.DEENAN_FASHION.KESEHATAN.	NORM_1WORD
Dulu	NORM_1WORD
aku	O
DC	NORM_1WORD
BBM	NORM_1WORD
nya	O
karna	NORM_1WORD
ngga	NORM_1WORD
percaya	O
sama	O
sekali	O
sama	O
produknya?	O
Tapi	NORM_1WORD
aku	O
invite	O
lagi	O
karna	NORM_1WORD
penasaran?	O
waktu	O
aku	O
coba	O
pemutih	O
seluruh	O
badan	O
sama	O
pelangsing	O
nya,	O
takjub	O
banget	O
perubahannya?	O
Bener2	NORM_1WORD
rubah	O
total?	O
gak	NORM_1WORD
nyesel	NORM_1WORD
deh.	O
?	O
Ayooo	NORM_1WORD
patut	O
dicoba!	O
Langsung	NORM_1WORD
aja	NORM_1WORD
cek@DR.DEENAN_FASHION.KESEHATAN	NORM_1WORD
mumpung	O
ada	O
promo	O
hihi?	O
:	O

anjir	O
masih	O
bayi	O
aja	NORM_1WORD
bnyk	NORM_1WORD
yg	NORM_1WORD
ngehina,	NORM_1WORD
gmna	NORM_1WORD
makin	O
gede.	O
nyahaha.	O

@anggara_ta2626	NORM_1WORD
luar	O
biasahhh	NORM_1WORD

Yuppss	NORM_1WORD
Bunda	NORM_1WORD
Maia..	NORM_1WORD
idolaku..	O

Cantik	NORM_1WORD
bngt	NORM_1WORD

Ato	NORM_1WORD
neneng	O

Tgl	NORM_1WORD
9-15	O
akan	O
ke	O
lombok	O
kok	O
:)	O
@angga_dwitya	NORM_1WORD

Apapun	NORM_1WORD
profesi	O
kita...seyogyanya	O
menghindari	O
kekerasan	O
thdp	NORM_1WORD
anak...senakal	O
apapun	O
anak...dan	O
apapun	O
kenakalannya...kita	O
perlu	O
aware	O
knp	NORM_1WORD
anak	O
tsb	NORM_1WORD
nakal...anak	O
nakal	O
adalah	O
stigma	O
yg	NORM_1WORD
terkadang	O
menyesatkan...bisa	O
jadi	O
krn	NORM_1WORD
salah	O
pola	O
asuh	O
atau	O
lingkungan...tentu	O
bukan	O
salah	O
anak	O
scr	NORM_1WORD
mutlak	O
bukan...saya	O
pernah	O
mengajar	O
yg	NORM_1WORD
1	O
kelas	O
anaknya	O
super	O
duper	O
nakal...hampir	O
semua	O
tdk	NORM_1WORD
bisa	O
mengatasi...akhirnya	O
saya	O
tertantang	O
utk	NORM_1WORD
memegang	O
kelas	O
tsb...hasilnya	NORM_1WORD
adalah...yg	NORM_1WORD
tadinya	O
liar...mrk	NORM_1WORD
bisa	O
saya	O
kontrol...kuncinya	O
adalah	O
tulus	O
dan	O
sabar...pdhl	NORM_1WORD
ada	O
yg	NORM_1WORD
kurang	O
ajar	O
bhkn	NORM_1WORD
provokator	O
utk	NORM_1WORD
mnyerang	O
saya	O
spy	NORM_1WORD
tdk	NORM_1WORD
betah	O
di	O
kelas	O
mrk...yg	NORM_1WORD
penting	O
kita	O
ikhlas	O
dan	O
jgn	NORM_1WORD
membuat	O
tembok	O
kpd	NORM_1WORD
mrk...hasilnya	NORM_1WORD
mencengangkan...bahkan	O
mrk	NORM_1WORD
akhirnya	O
mau	O
terbuka	O
knp	NORM_1WORD
mrk	NORM_1WORD
nakal	O
dll...dari	O
situ	O
saya	O
justeru	NORM_1WORD
bisa	O
membantu	O
menolong	O
sbg	NORM_1WORD
tempat	O
share	O
dan	O
terapi...mengarahkan	O
mereka...boleh	O
percaya	O
atau	O
tidak...saya	O
hanya	O
butuh	O
waktu	O
2	O
hari	O
utk	NORM_1WORD
menakhlukan	O
mereka...yg	NORM_1WORD
penting	O
hati	O
kita	O
adem...aura	O
pasti	O
sampai	O
pada	O
mereka	O
klo	NORM_1WORD
kita	O
t	O

Knp	NORM_1WORD
Bocah	NORM_1WORD
Gendeng	NORM_1WORD
@ahmad.adha	NORM_1WORD

nice	O
iyah	NORM_1WORD

aku	O
bisa	O
bedain.	NORM_1WORD
aku	O
ngefans	NORM_1WORD
sama	O
yang	O
kanan	O
kak	O
@marcelchandra	NORM_1WORD

Azekkkk	NORM_1WORD
,kak	O
Encis.	NORM_1WORD
@kristisetiawan	NORM_1WORD

Gilakkkkk	NORM_1WORD
awk	NORM_1WORD
fly	O
@riskymonikaa	NORM_1WORD

Ganteng	NORM_1WORD
bangetsi	O
duaduanya	O
elaaaahhhh??	NORM_1WORD

Susah	NORM_1WORD
bgt	NORM_1WORD
bedainnya!!dari	NORM_1WORD
muka	O
sih	O
sama	O
tapi	O
dari	O
sifat	O
agak	O
berbeda	O

MasyaAllah	NORM_1WORD
cantik	O
bgt	NORM_1WORD

kalo	NORM_1WORD
nambah	NORM_1WORD
umur	O
@novantari	NORM_1WORD
@siskeik	NORM_1WORD
@yennilena	NORM_1WORD
LOL	NORM_1WORD

Met	NORM_1WORD
hari	O
netaas	NORM_1WORD
kak!?	O
Wish	NORM_1WORD
you	O
all	O
the	O
best	O
@tulusm	NORM_1WORD

Pibesdey	NORM_1WORD
tetehh....	NORM_1WORD
sukses	O
selalu	O
tehhh	NORM_1WORD
???????	O

Gak	NORM_1WORD
diajari	O
etika	O
yah	NORM_1WORD
mas	O
oleh	O
orang	O
tua	O
nya	O
haha	O
@nikodemusbkristian	NORM_1WORD

Ammin.....ya	NORM_1WORD
allah	O

Emg	NORM_1WORD
smua	NORM_1WORD
hal	O
btuh	NORM_1WORD
proses.	O
Yg	NORM_1WORD
pnting	NORM_1WORD
niat	O
n	NORM_1WORD
usaha.	O
Mie	NORM_1WORD
yg	NORM_1WORD
ktanya	NORM_1WORD
instan	O
aja	NORM_1WORD
msh	NORM_1WORD
perlu	O
bebrp	NORM_1WORD
step	O
sblum	NORM_1WORD
siap	O
santab	NORM_1WORD
d	NORM_1WORD
atas	O
piring.	O
Iya	NORM_1WORD
kan?!	O
:)	O
moga	O
@rinanose16	NORM_1WORD
diistiqomahkan	O
dlm	NORM_1WORD
kebaikan	O
ya	O
Robb..Aamiin..	NORM_1WORD

Congrats	NORM_1WORD
kakkkk!	NORM_1WORD

aaahh	NORM_1WORD
kangen	O
kak,	O
mau	O
nonton	NORM_1WORD
bareng	O
lagii	NORM_1WORD
u,u	NORM_1WORD
@karinasalim	NORM_1WORD

Ngga	NORM_1WORD
pang	O
@dessypuspits	NORM_1WORD

@wdydara	NORM_1WORD
woconen	O
komen2an	NORM_1WORD
e	O
wkwkwkkwkwkw	O

Stevan	NORM_1WORD
kok	O
mau	O
sichh	NORM_1WORD

ngtain	NORM_1WORD
org	NORM_1WORD
najis	O
kya	NORM_1WORD
g	NORM_1WORD
pernah	O
beol	O
aja	NORM_1WORD
lo	O
@ranurainih	NORM_1WORD

Sipit	NORM_1WORD
bgt?	NORM_1WORD

yuuk	NORM_1WORD
ukhtii	O
yg	NORM_1WORD
mau	O
cari	O
berbagai	O
hijab,	O
ada	O
khimar	O
2	O
warna,	O
khimar	O
wolfis	O
..gamis,	O
kaos	O
murah..	O
harga	O
terjangkau,	O
tersedia	O
berbagai	O
ukuran,	O
bahan	O
adem,	O
gak	NORM_1WORD
nerawang,	NORM_1WORD
insyaa	O
alloh	NORM_1WORD
kualitas	O
gak	NORM_1WORD
mengecewakan	O

@ashleycarmen28	NORM_1WORD
i	O
ketemunya	O
yang	O
Mischa...	NORM_1WORD
Udah	NORM_1WORD
fix	O
banget??	O

syantiiiiikkkkkkkkkkkk	NORM_1WORD
??????	O

Bagusnyeee	NORM_1WORD
?	O
@hafidmiftahul	NORM_1WORD

Mirip	NORM_1WORD
suami'y...	NORM_1WORD

Aamiin...	NORM_1WORD

Nau	NORM_1WORD
kamu	O
ingin	O
ngasih	NORM_1WORD
tiket	O
ke	O
mami	O
papi	O
kamu	O
haji	O
gk?	NORM_1WORD
#nauraQnA	NORM_1WORD

Nih	NORM_1WORD
gar,	O
mba	NORM_1WORD
mba	NORM_1WORD
gojek	O
cantik	O
bgt.	NORM_1WORD
Lo	NORM_1WORD
mau	O
ga	NORM_1WORD
dianterin?	NORM_1WORD
@ryanhegar	NORM_1WORD

Hanya	NORM_1WORD
org	NORM_1WORD
yg	NORM_1WORD
beriman	O
yg	NORM_1WORD
bisa	O
memahami	O
jd	NORM_1WORD
kamu	O
tdk	NORM_1WORD
perlu	O
menjelaskan	O
secara	O
teori,	O
itu	O
soal	O
kepercayaan	O
seseorang	O
krn	NORM_1WORD
kepercayaan	O
itu	O
bukan	O
logika,	O
Ok	NORM_1WORD
@_777el	NORM_1WORD

Emang	NORM_1WORD
nyeplak	NORM_1WORD
bgt	NORM_1WORD
kyk	NORM_1WORD
miminya	O
nih	O
si	NORM_1WORD
aurel.	O
KD	NORM_1WORD
Jr.	NORM_1WORD
Wkwk	NORM_1WORD

Mau	NORM_1WORD
hidup	O
SEHAT	NORM_1WORD
bonusnya	O
langsing	O
dan	O
cantik..	O
Mau	NORM_1WORD
turun	O
berat	O
badan	O
3-50	O
kg	O
tanpa	O
efek	O
samping	O
serta	O
bergaransi..	O
Yukk	NORM_1WORD
follow	O
IG	NORM_1WORD
ku	O
dan	O
temukan	O
solusinya.	O

Selamat	NORM_1WORD
ya	O
Icha...semoga	NORM_1WORD
sehat	O
selalu	O
dgn	NORM_1WORD
babynya.slm.	NORM_1WORD

Kak	NORM_1WORD
olga	O
saputtra...	O
Smog	NORM_1WORD
allah	O
mnerima	NORM_1WORD
amal	O
baikxa...	NORM_1WORD
dan	O
membawa	O
iman..	O

Dan	NORM_1WORD
si	NORM_1WORD
exo	O
L	NORM_1WORD
tdi	NORM_1WORD
plagiat	O
seluruh	O
hasil	O
karya	O
exo.	O
Dan	NORM_1WORD
waktu	O
3	O
member	O
itu	O
keluar	O
dri	NORM_1WORD
exo,	O
si	NORM_1WORD
exo	O
L	NORM_1WORD
juga	O
ngeluarin	NORM_1WORD
3	O
member	O
dari	O
grup!!	O

Aku	NORM_1WORD
do.ain	NORM_1WORD
kakak	O
terus	O
kayak	O
gini	NORM_1WORD
ya	O
@rinanose16	NORM_1WORD
selalu	O
pake	NORM_1WORD
hijab,,pakaian	O
tertutup,,,dan	O
istiqomah	NORM_1WORD
amin	O
amin	O
amin	O

Ngefans	NORM_1WORD
banget	O
sama	O
kaka?	NORM_1WORD
sukses	O
selalu	O
ka?	NORM_1WORD
@tulusm	NORM_1WORD

Sy	NORM_1WORD
pernah	O
jd	NORM_1WORD
guru	O
walau	O
hanya	O
sebentar,	O
memang	O
jd	NORM_1WORD
guru	O
harus	O
punya	O
hati	O
seluas	O
samudera	O
(kalo	NORM_1WORD
lebaynya	O
mah)	O
dan	O
itu	O
tidak	O
mudah.	O
Dan	NORM_1WORD
jika	O
anak	O
sy	NORM_1WORD
mndpt	NORM_1WORD
kekerasan,	O
mau	O
dr	NORM_1WORD
siapapun	O
itu	O
pst	NORM_1WORD
sy	NORM_1WORD
akan	O
skt	NORM_1WORD
hati.	O
Mungkin	NORM_1WORD
hanya	O
dicubit,	O
tp	NORM_1WORD
seorang	O
ibu	O
melahirkan	O
anak	O
dengan	O
mempertaruhkan	O
nyawa.	O
Tdk	NORM_1WORD
sedikit	O
juga	O
yang	O
menunggu	O
untuk	O
punya	O
anak.	O

Ya	NORM_1WORD
tuhan	O
,	O
sampe	NORM_1WORD
lupa	O
kalo	NORM_1WORD
kak	O
olga	O
uda	NORM_1WORD
kaga	NORM_1WORD
ada	O
...	O
Tadi	NORM_1WORD
bru	NORM_1WORD
nton	NORM_1WORD
film	O
"mengejar	O
cinta	O
olga"	O
liat	NORM_1WORD
film	O
itu	O
jdi	NORM_1WORD
keinget	NORM_1WORD
sama	O
kak	O
olga	O
...	O

ANJIRRR	NORM_1WORD
UDAH	NORM_1WORD
S2	NORM_1WORD
-___-	O
baru	O
ngeh	NORM_1WORD

Itu	NORM_1WORD
gua	O
apa	O
gmana	NORM_1WORD
sih?	O
@syifawt	NORM_1WORD

Nyanyi	NORM_1WORD
nya	O
lucu,,,	O
nex	O
serius	O
amatt	NORM_1WORD
ngk	NORM_1WORD
tau	O
tau	O
nya	O
hilang	O
kosentrasi,,,	O
senyum	O
gt,,,	NORM_1WORD
hahaha	O
,,,tetep	NORM_1WORD
gokilll	NORM_1WORD
hehehehe	O

@bayoespeed	NORM_1WORD
baguuus	NORM_1WORD
nih	O
jepretannya	O

Tpi	NORM_1WORD
kocak	O

Mocha	NORM_1WORD
aja	NORM_1WORD
kak..	O

Muraaaaah!!!	NORM_1WORD
Stock	NORM_1WORD
ready,	O
no	O
PO!!!	NORM_1WORD
Hijab	NORM_1WORD
saudia	O
pashmina	O
dan	O
square,	O
beli	O
5	O
pcs	O
100rb,	NORM_1WORD
cek	NORM_1WORD
aja,	NORM_1WORD
ig	NORM_1WORD
gk	NORM_1WORD
di	NORM_1WORD
gembok	NORM_1WORD

mungkin	O
kalau	O
kesalahannya	O
hanya	O
bandel	O
karena	O
tidak	O
mengerjakan	O
PR	NORM_1WORD
atau	O
mencontek	O
saat	O
ulangan,	O
nah	O
jaman	O
sekarang	O
nakalnya	O
anak	O
sekolah	O
udah	NORM_1WORD
beda,	O
udah	NORM_1WORD
berani	O
ngumpat2	NORM_1WORD
sama	O
gurunya,	O
itu	O
sudah	O
merupakan	O
pelecehan	O
juga	O
kan,	O
masih	O
banyak	O
lagi	O
yang	O
lebih	O
parah,	O
murid	O
nantangin	NORM_1WORD
gurunya	O
buat	O
ribut,	O
kan	O
memang	O
sudah	O
diluar	O
batas,	O
bukan	O
cuman	O
gurunya	O
aja	NORM_1WORD
yang	O
bakal	O
mukul	O
kalo	NORM_1WORD
kayak	O
gtu,	NORM_1WORD
siapapun	O
juga	O
bakalan	O
tega	O
ngegampar	NORM_1WORD
tuh	O
anak2	NORM_1WORD
yang	O
kayak	O
gitu,	NORM_1WORD

Duet	NORM_1WORD
sm	NORM_1WORD
bunda	O
ajah???	NORM_1WORD

Parah	NORM_1WORD
emg	NORM_1WORD
@yuliffaa	NORM_1WORD

Kaka	NORM_1WORD
cita	O
gak	NORM_1WORD
salah	O
udah	NORM_1WORD
rekomendasiin	NORM_1WORD
soal	O
pelangsingnya@dr.arief.herbal	NORM_1WORD
,	O
baru	O
juga	O
20	O
hari	O
udah	NORM_1WORD
turun	O
6kg,	O
tanpa	O
olahraga	O
berlebihan	O
:)	O

Daripada	NORM_1WORD
gak	NORM_1WORD
ada	O
kerjaan,	NORM_1WORD
tambahin	NORM_1WORD
aja	NORM_1WORD
followersmu	O
di	O
fantasypanel.id	O
,	O
gratis	O
kok	O
:)	O

Coba	NORM_1WORD
pas	O
aku	O
msh	NORM_1WORD
hamil	O
diginikan	NORM_1WORD
@brigitayol	NORM_1WORD

@amaliamandasari	NORM_1WORD
untuk	O
nakutin	NORM_1WORD
malingg	NORM_1WORD
cocokk	NORM_1WORD
niihh	NORM_1WORD
wkwkkw	O

Postingan	NORM_1WORD
pertama	O
ini	O
tanda	O
kesedihan	O
bagi	O
diriku	O
karena	O
idolaku	O
telah	O
hilang	O
dan	O
digabtikan	NORM_1WORD
oleh	O
aisyah	O
radiallahuanhu	O

Kerennn	NORM_1WORD
?	O

Yg	NORM_1WORD
inii	NORM_1WORD
cannntikk	NORM_1WORD
banggett?	NORM_1WORD

Gx	NORM_1WORD
ngerti	NORM_1WORD
aku	O
mah....coba	O
ada	O
yg	NORM_1WORD
bisa	O
terjemahan...	O

Hari	NORM_1WORD
ini	O
belum	O
disuntik	O
Jing??	NORM_1WORD
Suntik	NORM_1WORD
Anjing	NORM_1WORD
rabies	O
makanya	O
gila	O
Lo	NORM_1WORD
kambuh	O
lg	NORM_1WORD
ya????????	O
@artisn	NORM_1WORD

Jilbabnya	NORM_1WORD
kek	NORM_1WORD
gini	NORM_1WORD
aja	NORM_1WORD
@andinadarsono	NORM_1WORD

@_777el	NORM_1WORD
semua	O
agama	O
itu	O
baik	O
adanya	O
hati2	NORM_1WORD
sma	NORM_1WORD
perkataanmu	O
menghina	O
yg	NORM_1WORD
menciptakan	O
manusia	O
hahahah	O
smua	NORM_1WORD
agama	O
itu	O
sma	NORM_1WORD
cma	NORM_1WORD
caranya	O
aja	NORM_1WORD
yg	NORM_1WORD
berbeda	O
gak	NORM_1WORD
usah	O
sok	O
nasehatin	NORM_1WORD
blm	NORM_1WORD
tentu	O
situ	O
jg	NORM_1WORD
menjalankan	O
agamanya	O
dgn	NORM_1WORD
baik	O
kan???	O
Jgn	NORM_1WORD
menghakimi	O
sesama	O
manusia	O
krna	NORM_1WORD
sesungguhnya	O
penghakiman	O
itu	O
hnya	NORM_1WORD
milik	O
Tuhan	NORM_1WORD
??	O

hbd	O
kak...sorry	O
ya	O
kak	O
bru	NORM_1WORD
ngucapin?	NORM_1WORD

Cantik	NORM_1WORD
kak	O
pake	NORM_1WORD
hijab	O
??	O
@maudyayunda	NORM_1WORD

Untuk	NORM_1WORD
yg	NORM_1WORD
cwe	NORM_1WORD
kitty	O
aja	NORM_1WORD
klo	NORM_1WORD
yg	NORM_1WORD
cwo	NORM_1WORD
bruno	O

Mikaaa	NORM_1WORD
cakep	O
arabian	O
baby	O
bgttt	NORM_1WORD
@zahratuljannah	NORM_1WORD
semoga	O
pjg	NORM_1WORD
umur	O
yahhh	NORM_1WORD
syg	NORM_1WORD
adeeek	NORM_1WORD
jd	NORM_1WORD
anak	O
soleh	O
amin	O
yra	O

Serem	NORM_1WORD
serem	NORM_1WORD
bgt	NORM_1WORD
komennya	O
???	O

Nggak,	NORM_1WORD
itu	O
cuma	O
film?	O
@revinnasafdaniimanu	NORM_1WORD
#bantujawab	NORM_1WORD

Dressya	NORM_1WORD
buat	O
cowo	NORM_1WORD
vanessa	O
buat	O
cewe?	NORM_1WORD

Ahhh	NORM_1WORD
my	O
fav???	NORM_1WORD

MasyaAllah	NORM_1WORD
@maudyayunda	NORM_1WORD
cantik	O
sekali	O
klau	NORM_1WORD
mnutup	NORM_1WORD
aurot	NORM_1WORD

ALLAHUAKBAR	NORM_1WORD
.	O
SALUT	NORM_1WORD
!	O
Bener2	NORM_1WORD
Bela	NORM_1WORD
agama	O
islam	O
dengan	O
pengetahuan	O
yg	NORM_1WORD
dalam.	O
Ga	NORM_1WORD
cuma	O
asal	O
ngomong	NORM_1WORD
tong	O
kosong	O
nyaring	O
bunyi,	O
tapi	O
emang	NORM_1WORD
betul2	NORM_1WORD
paham	O
dan	O
mendalami	O
pengetahuan	O
agama	O
islam	O
dan	O
agama	O
lain	O
dan	O
membela	O
islam	O
karna	NORM_1WORD
BENAR.	NORM_1WORD
Sudah	NORM_1WORD
saya	O
liat	NORM_1WORD
semua	O
komen	O
@khamadbahadi	NORM_1WORD
dari	O
awal	O
komen	O
sampe	NORM_1WORD
akhir.	O
Allahuakbar!	NORM_1WORD

Sweger	NORM_1WORD
@irfaul.izzi	NORM_1WORD

Helleh,kalian	NORM_1WORD
koment	NORM_1WORD
negatif.	O
Udah	NORM_1WORD
ksh	NORM_1WORD
prestasi	O
apa	O
k	NORM_1WORD
jakarta??	O
Mulut	NORM_1WORD
kayak	O
pantat,sukanya	O
koment	NORM_1WORD
yg	NORM_1WORD
negatif	O

Wajar	NORM_1WORD
klau	NORM_1WORD
naksir	NORM_1WORD
kmu	NORM_1WORD
cwek	NORM_1WORD
ak	NORM_1WORD
laki2	NORM_1WORD

Kpn	NORM_1WORD
d.bikinin	NORM_1WORD
kya	NORM_1WORD
gini	NORM_1WORD
yah	NORM_1WORD
@wisnu_widjaya	NORM_1WORD

Hai	NORM_1WORD
zahra	O
syg..aq	NORM_1WORD
beneran	NORM_1WORD
terharu	O
baca	O
postingan	O
qmu..aq	NORM_1WORD
dokter	O
jdi	NORM_1WORD
tw	NORM_1WORD
gimana	NORM_1WORD
sdkit2	NORM_1WORD
tntg	NORM_1WORD
penyakitny	NORM_1WORD
si	NORM_1WORD
jagoan	O
mika..InsyaAllah	NORM_1WORD
gak	NORM_1WORD
da	NORM_1WORD
yg	NORM_1WORD
gak	NORM_1WORD
mgkin	NORM_1WORD
klo	NORM_1WORD
Allah	NORM_1WORD
sudah	O
berkehendak..yg	NORM_1WORD
penting	O
qmu	NORM_1WORD
n	NORM_1WORD
mika	O
slalu	NORM_1WORD
sabar..kuat	O
n	NORM_1WORD
slalu	NORM_1WORD
rajin	O
bwt	NORM_1WORD
ngajarin	NORM_1WORD
mika	O
tntg	NORM_1WORD
pa	NORM_1WORD
pun..krn	NORM_1WORD
smakin	NORM_1WORD
rajin	O
qmu	NORM_1WORD
ajak	O
dy	NORM_1WORD
interaksi	O
spt	NORM_1WORD
anak	O
laenny	NORM_1WORD
maka	O
mika	O
jga	NORM_1WORD
InsyaAllah	NORM_1WORD
bisa	O
lebih	O
baik	O
dri	NORM_1WORD
anak	O
laenny	NORM_1WORD
jga..doakan	NORM_1WORD
ira	O
jga	NORM_1WORD
yach	NORM_1WORD
smoga	NORM_1WORD
bsa	NORM_1WORD
dapet	NORM_1WORD
momongan	O
scpatny..amiinnn	NORM_1WORD
trus	NORM_1WORD
semangat	O
yach	NORM_1WORD
bwt	NORM_1WORD
mika..	O

Ajaib	NORM_1WORD
produknya	O
ka	NORM_1WORD
,	O
banyak	O
orang	O
yg	NORM_1WORD
bilang	O
ke	O
aku	O
muka	O
aku	O
lebih	O
bersih	O
dan	O
putih	O
garagara	NORM_1WORD
produk	O
MASKER	NORM_1WORD
JERAWAT	NORM_1WORD
daril@DR_BEAUTY_FASHION	NORM_1WORD
yg	NORM_1WORD
di	NORM_1WORD
rekomendain	NORM_1WORD
kaka	NORM_1WORD
,	NORM_1WORD
makasih	NORM_1WORD
ya	O
ka.	NORM_1WORD

amiiiiiiiiiinnnnnnn????	NORM_1WORD

God	NORM_1WORD
job	O
for	O
Pak	NORM_1WORD
Ahok,	NORM_1WORD
pengen	NORM_1WORD
lihat	O
Jakarta	NORM_1WORD
makin	O
kece	O
di	O
tangan	O
beliau	O
di	O
tahun"	NORM_1WORD
mendatang	O
biar	O
makin	O
betah	O
tinggal	O
di	O
Jakarta	NORM_1WORD

Cute	NORM_1WORD
bgt	NORM_1WORD
kuenya	O
biasa	O
aja	NORM_1WORD
yang	O
bkn!!!	NORM_1WORD

Sesekk	NORM_1WORD
Nafass	NORM_1WORD
mas	O
nick	O
sumpah.	O
Love	NORM_1WORD
you	O
bgtt	NORM_1WORD
lah..	O
?	O

Hahaha	NORM_1WORD
kk	NORM_1WORD
lucu	O

Ak	NORM_1WORD
kra	NORM_1WORD
balon	O
@sindymikelaa	NORM_1WORD

Gaya	NORM_1WORD
nya	O
g	NORM_1WORD
nahannnn???????	NORM_1WORD

Ti	NORM_1WORD
plis	O
bgt	NORM_1WORD
ini	O
knp	NORM_1WORD
@anshilalala	NORM_1WORD
?	O
XD	NORM_1WORD

Tinggal	NORM_1WORD
tambahim	NORM_1WORD
cadar	O
aja	NORM_1WORD

Yaaang??@febriiade	NORM_1WORD

Wkwkkwkwk	NORM_1WORD
gak	NORM_1WORD
logika	O
kan????????????????	O

Tapi	NORM_1WORD
tetep	NORM_1WORD
ganteng	O
kok	O
bng	NORM_1WORD
@aliandoo	NORM_1WORD

Ini	NORM_1WORD
Ariana	NORM_1WORD
apa	O
cincha	O
loowrrr	O
?????	O
Miripp	NORM_1WORD
banget	O
yakk	NORM_1WORD
??	O

@achaaslp23	NORM_1WORD
@ansf_29	NORM_1WORD
yappp???	NORM_1WORD

Nyesel	NORM_1WORD
nge-tag	O
kmu,	NORM_1WORD
maen	NORM_1WORD
ngaku"	NORM_1WORD
aja	NORM_1WORD
@shoopyah	NORM_1WORD
?	O

Hahaha	NORM_1WORD
lucuu...kocak	NORM_1WORD

Akun	NORM_1WORD
haters	O
membawaku	O
kesini????	O
gilsss	NORM_1WORD
@rpusta	NORM_1WORD

allhamdulillah	O
msih	NORM_1WORD
ada	O
pria	O
kyak	NORM_1WORD
gini	NORM_1WORD
??	O

Iiiihhhhhj	NORM_1WORD
emeessss	NORM_1WORD
@wisnu.anjani	NORM_1WORD

kak	O
@karinasalim	NORM_1WORD
keren	O
actingnya,,,	O
aku	O
suka	O
banget	O
filmnya	O
#raksasadarijogja	NORM_1WORD
jadi	O
mengobati	O
masa2	NORM_1WORD
rindu	O
kuliah	O
di	O
jogja,	O
the	O
best	O
?	O

Ya	NORM_1WORD
Allah	NORM_1WORD
anak	O
kecil	O
ngk	NORM_1WORD
punya	O
salah	O
sama	O
kalian	O
kok	O
pda	NORM_1WORD
menghujat,sdgkn	NORM_1WORD
family	O
pak	O
@ahmaddhaniprast	NORM_1WORD
jgk	NORM_1WORD
ngk	NORM_1WORD
meminta	O
apa"dari	NORM_1WORD
kalian	O
kn,	NORM_1WORD

Mirip	NORM_1WORD
bgt	NORM_1WORD
sama	O
kak	O
@zahratuljannah	NORM_1WORD
..	O
Semoga	NORM_1WORD
sehat	O
selalu	O
yaa	NORM_1WORD
mika	O
??	O

Ubur2	NORM_1WORD

Cantik	NORM_1WORD
sekali	O
kak	O
cinta?	O
aku	O
salah	O
satu	O
fans	NORM_1WORD
yg	NORM_1WORD
terinspirasi	O
dg	NORM_1WORD
prestasi	O
dan	O
semangat	O
kak	O
cinta	O
dan	O
kak	O
cinta	O
salah	O
satu	O
role	O
model	O
aku	O
yeay.	O
Semoga	NORM_1WORD
banyak	O
org	NORM_1WORD
islam	O
yg	NORM_1WORD
seperti	O
kak	O
cinta	O
yg	NORM_1WORD
open	O
minded.	O
Love	NORM_1WORD
you!?	O

Alhamdulillah,slmt	NORM_1WORD
utk	NORM_1WORD
teh	O
rina	O

Sumpah	NORM_1WORD
ini	O
malah	O
suaminya	O
yg	NORM_1WORD
romantis	O
bgt	NORM_1WORD
@_kikiyzakiah	NORM_1WORD

Roti	NORM_1WORD
sobeknya	O
pengen	NORM_1WORD
bgt	NORM_1WORD
bisa	O
megang	NORM_1WORD
?????	O

@inesnugroho	NORM_1WORD
gak	NORM_1WORD
nes.	O
Miripan	NORM_1WORD
tadi.	O
Wkwkwk	NORM_1WORD

@gitasihombing6.	NORM_1WORD
Sirik	NORM_1WORD
aja	NORM_1WORD
lu	O
.	O
Lagian	NORM_1WORD
beda	O
keles	NORM_1WORD
.	O
.kan	O
nabila	O
arab	O
jadi	O
konsep	O
nya	O
begitu	O
.	O
Bnyak	NORM_1WORD
bunga	O
.	O
Saya	NORM_1WORD
aja	NORM_1WORD
tingal	NORM_1WORD
di	O
arab	O
.pernikahn	NORM_1WORD
orang	O
arab	O
pada	O
gitu	NORM_1WORD
semua	O
.konsep	O
nya	O
...jadi	O
ga	NORM_1WORD
usah	O
ngtain	NORM_1WORD
Kaya	NORM_1WORD
g	NORM_1WORD

Itu	NORM_1WORD
pcarny	NORM_1WORD
kak	O
marcel..hahah	O
yg	NORM_1WORD
kri	NORM_1WORD
lah	O
kak..	O
??	O

?	O
jgn	NORM_1WORD
sampai	O
Tinggi	NORM_1WORD
Badan	NORM_1WORD
kamu	O
menghambat	O
Cita-cita	NORM_1WORD
pgn	NORM_1WORD
jd	NORM_1WORD
Polisi,	NORM_1WORD
Polwan,	NORM_1WORD
TNI,	NORM_1WORD
Pramugari,	NORM_1WORD
dll.	O
Ready	NORM_1WORD
?	O
Suplement	NORM_1WORD
Peninggi	NORM_1WORD
Badan	NORM_1WORD
Terbaik	NORM_1WORD
Dunia	NORM_1WORD
??	O
Terbuat	NORM_1WORD
dari	O
bahan	O
Herbal	NORM_1WORD
Alami.	NORM_1WORD
Follow@dokterbeauty/	NORM_1WORD
Konsultasikan	NORM_1WORD
?	O
Pin	NORM_1WORD
5FB42757	NORM_1WORD
WA	NORM_1WORD
&	O
Line	NORM_1WORD
cek	O
di	O
Bio.	NORM_1WORD
Tanpa	NORM_1WORD
efek	O
samping,	O
ada	O
BPOM,	NORM_1WORD
HALAL	NORM_1WORD
MUI.	NORM_1WORD

hi	O
kak,	O
kita	O
mau	O
endorse	O
bisa	O
hub	NORM_1WORD
kmn	NORM_1WORD
ya?	O
hehe	O
klo	NORM_1WORD
bs	NORM_1WORD
respon	O
ya??	O

?	O
FOLLOWIG@CANTIK_SIMPLE	NORM_1WORD
Ga	NORM_1WORD
perlu	O
repot2	NORM_1WORD
oles2	NORM_1WORD
pakai	O
cream,	O
putih	O
nya	O
pun	O
ga	NORM_1WORD
merata?	O
Ckup	NORM_1WORD
minum	O
vitaline	O
dptkan	NORM_1WORD
kulit	O
mulus	O
putih	O
merata	O
?	O
Yuk	NORM_1WORD
order	O
vitaline	O
nya	O
always	O
ready	O
stock	O
?	O
PIN	NORM_1WORD
583AD19E	NORM_1WORD
WA+6289666342881	NORM_1WORD
add	NORM_1WORD
IdLine	NORM_1WORD
Cantik_simple	NORM_1WORD

WAWWWWW	NORM_1WORD
WAAAWW	NORM_1WORD
WAAAWWWW	NORM_1WORD
MANTAPP	NORM_1WORD
BANGETTTT	NORM_1WORD
PERUBAHAN	NORM_1WORD
TUBUH	NORM_1WORD
AKU	NORM_1WORD
BERKAT	NORM_1WORD
PRODUK@QUEEN_BEAUTY_NATURAL	NORM_1WORD
ASALNYA	NORM_1WORD
AKU	NORM_1WORD
TAKUT	NORM_1WORD
PAKE	NORM_1WORD
PRODUK	NORM_1WORD
NYA,	NORM_1WORD
TAPI	NORM_1WORD
SETELAH	NORM_1WORD
AKU	NORM_1WORD
COBAAA,	NORM_1WORD
GAK	NORM_1WORD
NYESEL	NORM_1WORD
DEHHH	NORM_1WORD
AKU	NORM_1WORD
PAKE	NORM_1WORD
PRODUK	NORM_1WORD
NYA	NORM_1WORD
KEREN	NORM_1WORD
BANGET.	NORM_1WORD
ADD	NORM_1WORD
5D885B1C	NORM_1WORD
JAMINAN	NORM_1WORD
HARGA	NORM_1WORD
DISTRIBUTOR	NORM_1WORD
!!	O

Cantik	NORM_1WORD
nya	O
mba	NORM_1WORD
@therealdisastr	NORM_1WORD
?	O

kapan	O
kita	O
foto	O
kayak	O
begini	O
kak?	O
pke	NORM_1WORD
calvin	O
klein	O
@zalinnnn_	NORM_1WORD
???	O

Astagfirrullah	NORM_1WORD
te-,	O
@anamaghfiroh82	NORM_1WORD

Hahahhaa	NORM_1WORD
@vincentrompies	NORM_1WORD
lu	O
senang	O
banget	O
kek	NORM_1WORD
nya	O
bang	O
@desta80s	NORM_1WORD

HARI	NORM_1WORD
GINI	NORM_1WORD
MASIH	NORM_1WORD
DIET	NORM_1WORD
KETAT	NORM_1WORD
BUAT	NORM_1WORD
JADI	NORM_1WORD
LANGSING?	NORM_1WORD
UDH	NORM_1WORD
GA	NORM_1WORD
JAMAN	NORM_1WORD
KALII	NORM_1WORD
,	O
SOLUSI	NORM_1WORD
TERBAIK	NORM_1WORD
DAN	NORM_1WORD
TERCEPAT	NORM_1WORD
PAKE	NORM_1WORD
PRODUK	NORM_1WORD
DARI@QUEEN_BEAUTY_NATURAL	NORM_1WORD
AJAA	NORM_1WORD
CEK	NORM_1WORD
IGNYA	NORM_1WORD
INFO	NORM_1WORD
LENGKAP	NORM_1WORD
HUBUNGI	NORM_1WORD
LANGSUNG	NORM_1WORD
5D885B1C	NORM_1WORD
JAMINAN	NORM_1WORD
HARGA	NORM_1WORD
DISTRIBUTOR	NORM_1WORD
!!	O

15	O
tahun	O
su	O
pacarn	NORM_1WORD
model	O
bgni	NORM_1WORD
.	O
Kalah	NORM_1WORD
ktg	NORM_1WORD
@ronald_knoxville	NORM_1WORD
.	O
Hahahhahahha	NORM_1WORD

Sexi	NORM_1WORD
bundaaaa	NORM_1WORD

Siippp	NORM_1WORD
siippp	NORM_1WORD

ngejudge	O
hidup	O
org	NORM_1WORD
lahh	NORM_1WORD
hidup	O
loh?	O
Lebih	NORM_1WORD
baik	O
dri	NORM_1WORD
Mulan	NORM_1WORD
?	O
Lebih	NORM_1WORD
bahagia	O
gtu?	NORM_1WORD
Mending	NORM_1WORD
lu	O
masuk	O
kmar,	NORM_1WORD
duduk	O
diemm,	NORM_1WORD
Dan	NORM_1WORD
tnggu	NORM_1WORD
karma	O
lohh	NORM_1WORD
dteng.	NORM_1WORD
Hahaha	NORM_1WORD
maaf	O
nihhh	NORM_1WORD
anjing	O
guee	NORM_1WORD
ketawain	NORM_1WORD
lohh	NORM_1WORD
tuh	O

kemana	O
org	NORM_1WORD
nya	O
ngilang	NORM_1WORD
dikatain	NORM_1WORD
buluk	O
hahahhaha	O
@maiakaiama	NORM_1WORD
maluuu	NORM_1WORD
yaaaa	NORM_1WORD
banyak	O
yg	NORM_1WORD
hujat	O
lu	O
ternyata	O

AWALNYA	NORM_1WORD
SIH	NORM_1WORD
RAGU	NORM_1WORD
tapi	O
sekarang	O
AKU	NORM_1WORD
YAKIN	NORM_1WORD
BANGET	NORM_1WORD
karena	O
di@KECANTIKAN_SAHABAT_ARTIS	NORM_1WORD
keinginan	O
aku	O
punya	O
WAJAH	NORM_1WORD
YG	NORM_1WORD
MULUS	NORM_1WORD
bener2	NORM_1WORD
jadi	O
KENYATAAN.	NORM_1WORD
pin	O
bbm:	O
5FA808D5	NORM_1WORD

@danlee48	NORM_1WORD
ada	O
yg	NORM_1WORD
sakit	O
hati	O
nie	NORM_1WORD
hehe	O
ISIS?	NORM_1WORD
tau	O
apa	O
kmu	NORM_1WORD
soal	O
isis?	O
Ah	NORM_1WORD
ga	NORM_1WORD
percaya	O
saya	O
klo	NORM_1WORD
Anda	NORM_1WORD
udh	NORM_1WORD
punya	O
anak.	O
Pengalaman	NORM_1WORD
hidup	O
dan	O
lingkungan	O
itu	O
ksh	NORM_1WORD
pengaruh	O
besar	O
seseorang	O
dlm	NORM_1WORD
berpendapat	O
atas	O
suatu	O
kasus	O
mas.	O
Kaitannha	NORM_1WORD
ama	NORM_1WORD
koruptor	O
ya	O
soal	O
hukuman	O
yg	NORM_1WORD
diberikan	O
pd	NORM_1WORD
ibu	O
Guru	NORM_1WORD
itu.	O
Ya	NORM_1WORD
sud,	NORM_1WORD
silahkan	NORM_1WORD
mas	O
Danlee	NORM_1WORD
yg	NORM_1WORD
pinter	NORM_1WORD
dgn	NORM_1WORD
pendapatnya.	O

@archeldodotz	NORM_1WORD
pake	NORM_1WORD
hair	O
clip	O
kyknya	NORM_1WORD

Purwakarta	NORM_1WORD
dong	O
ka?kali	NORM_1WORD
kali	O
aja	NORM_1WORD
ChiBi	NORM_1WORD
kn	NORM_1WORD
blom	NORM_1WORD
ke	O
purwakarta	O
jawa	O
barat	O
ChiBi?	NORM_1WORD

Dimana	NORM_1WORD
ini	O
bgs	NORM_1WORD
bgt	NORM_1WORD

Para	NORM_1WORD
judgement	O
muncul	O
semua	O
dah....oalaaaa...#tepokjidataja	NORM_1WORD

gtu	NORM_1WORD

banget.....	O
y	NORM_1WORD
alloh	NORM_1WORD
smpe	NORM_1WORD
saat	O
ini	O
msh	NORM_1WORD
trsa...	NORM_1WORD
khadirannyA	NORM_1WORD

Pengen	NORM_1WORD
kurus	O
kayak	O
niki	O
ka	NORM_1WORD
:(	O
@nabilagadry	NORM_1WORD

Besuk	NORM_1WORD
pankapan:vv	NORM_1WORD
@savitriazahra	NORM_1WORD

Aldo	NORM_1WORD
aldi	O
kalo	NORM_1WORD
udh	NORM_1WORD
gede	O
@stefanietjandra	NORM_1WORD
@niaclauu	NORM_1WORD

JUJUR,	NORM_1WORD
AWALNYA	NORM_1WORD
SUAMI	NORM_1WORD
NGELARANG	NORM_1WORD
BELI	NORM_1WORD
ALAT	NORM_1WORD
PENGENCANG	NORM_1WORD
PAYUDARA	NORM_1WORD
DI@onbeautyherbal	NORM_1WORD
,	O
AKHIRNYA	NORM_1WORD
NGOTOT	NORM_1WORD
BELI	NORM_1WORD
DAN	NORM_1WORD
SETELAH	NORM_1WORD
BEBERAPA	NORM_1WORD
HARI	NORM_1WORD
PAKE	NORM_1WORD
SUAMI	NORM_1WORD
MALAH	NORM_1WORD
TAMBAH	NORM_1WORD
SENENG	NORM_1WORD
&	O
SUKA	NORM_1WORD
SAMA	NORM_1WORD
PERUBAHANNYA	NORM_1WORD
;)	O
ADMINNYA	NORM_1WORD
NIH	NORM_1WORD
-->	O
NIH	NORM_1WORD
HUB	NORM_1WORD
ADMINNYA	NORM_1WORD
BBM	NORM_1WORD
D08E90DE	NORM_1WORD
WA	NORM_1WORD
+6281917776959	O
.	O

Baiklah...	NORM_1WORD
terima	O
kasih	O
untuk	O
yang	O
udah	NORM_1WORD
seru2an	NORM_1WORD
di	O
love	O
comment..	O
sekali	O
lagi	O
mohom	NORM_1WORD
maaf	O
jika	O
gak	NORM_1WORD
bisa	O
kebalas	NORM_1WORD
semua...	O
thank	O
you	O
yaaa	NORM_1WORD

G	NORM_1WORD
da	NORM_1WORD
yg	NORM_1WORD
mw	NORM_1WORD
kk	NORM_1WORD

Cantikkkk..	NORM_1WORD
Mirip	NORM_1WORD
arianegrande	O

Aslinya	NORM_1WORD
cntik	NORM_1WORD
sekali....pingin	NORM_1WORD
peluk	O
lgsung	NORM_1WORD
.....	O

Harus	NORM_1WORD
nya	O
@mulanjameela1	NORM_1WORD
meminta	O
maaf	O
kepada	O
Maia	NORM_1WORD
@maiaestiantyreal	NORM_1WORD
khususnya	O
dan	O
publik	O
umumnya	O
krn	NORM_1WORD
sudah	O
melakukan	O
pembohongan	O
publik	O
loh.	O
Jelas2	NORM_1WORD
di	O
media	O
pernah	O
Mulan	NORM_1WORD
menyangkal.	O
Skg	NORM_1WORD
sdh	NORM_1WORD
terlihat	O
jelas	O
kl	NORM_1WORD
mulan	O
istri	O
Dhani.	NORM_1WORD
Makanya	NORM_1WORD
banyak	O
yg	NORM_1WORD
menghujat.	O
Sebaiknya	NORM_1WORD
meminta	O
maaf	O
utk	NORM_1WORD
closure	O
juga	O
buat	O
diri	O
sendiri	O
dan	O
masyarakat	O
luas.	O
saya	O
mah	O
kepikiran	O
efek	O
ke	O
anak2nya.	NORM_1WORD
Percuma	NORM_1WORD
nyebut2	NORM_1WORD
nama	O
Tuhan	NORM_1WORD
tetapi	O
menyakiti	O
hati	O
orang	O
lain.	O
I	NORM_1WORD
seriously	O
have	O
no	O
respect	O
towards	O
women	O
who	O
take	O
away	O
another	O
women's	NORM_1WORD
happiness.	O
It's	NORM_1WORD
unspeakable	O
and	O
horrible	O
thing	O
to	NORM_1WORD
do.	NORM_1WORD
But	NORM_1WORD
I	NORM_1WORD
pray	O
for	O
you,	O
Mulan,	NORM_1WORD
semoga	O
anak2mu	NORM_1WORD
tetap	O
penuh	O
sukacita	O
menjalani	O
kehidupan	O
mereka	O
dan	O
tegar.	O

Kk	NORM_1WORD
ganteng	O
bgtt	NORM_1WORD
sihhhh	NORM_1WORD

GR	NORM_1WORD
banget	O
lau	NORM_1WORD
@davinasria	NORM_1WORD

Kngen	NORM_1WORD

BANYAK	NORM_1WORD
YANG	NORM_1WORD
JUAL	NORM_1WORD
ALAT	NORM_1WORD
PEMBESAR	NORM_1WORD
PAYUDARA	NORM_1WORD
MHCA	NORM_1WORD
TAPI	NORM_1WORD
HANYA	NORM_1WORD
DI@WOMANBEAUTY.CARE	NORM_1WORD
KAMU	NORM_1WORD
BISA	NORM_1WORD
DAPETIN	NORM_1WORD
ALAT	NORM_1WORD
PEMBESAR	NORM_1WORD
PAYUDARA	NORM_1WORD
TERMURAH	NORM_1WORD
TERCEPAT	NORM_1WORD
DAN	NORM_1WORD
TERBAIK	NORM_1WORD
BBM	NORM_1WORD
D30054B4	NORM_1WORD
whatsapp	O
082240956605	O

Alhamdulillah..	NORM_1WORD
Ka	NORM_1WORD
gina	O
makin	O
cantik	O
make	NORM_1WORD
hijab	O
?	O
@missnyctagina	NORM_1WORD
inshaAllah	NORM_1WORD
istiqomah	NORM_1WORD
ya	O
kaaaaa?	NORM_1WORD

Mau	NORM_1WORD
ditabok	O
duit	O
tiap	O
hari?	O
Mau	NORM_1WORD
dapat	O
duit	O
banyak	O
hanya	O
dengan	O
main	O
hp?	O
Yuk	NORM_1WORD
join	O
bareng	O
aku.di	O
database	O
supplier	O
,,,kepoin	NORM_1WORD
ig	O
aku	O
yuk,,dibimbing	O
sampe	NORM_1WORD
bisa	O
loh	O
kak,,	O
kapan	O
lagi	O
bisa	O
jadi	O
jutawan	O
muda	O
???	O

Serasi	NORM_1WORD
bgt?@ichasoebandono	NORM_1WORD

@im.jemavers	NORM_1WORD
nmnya	NORM_1WORD
@_officialjkt48	NORM_1WORD

Omaigattt???	NORM_1WORD
ayah	O
stress	NORM_1WORD
nih	O
gegara	O
bunda	O
nikah	O
sm	NORM_1WORD
mas	O
wisnu??	O
@ashrafsinclair	NORM_1WORD
@dewisandra	NORM_1WORD

Ah	NORM_1WORD
udah	NORM_1WORD
berkali	O
kali	O
ngocok	NORM_1WORD
tetep	NORM_1WORD
keluar	O
lit	O
ni	NORM_1WORD
foto	O

Iseng	NORM_1WORD
aja	NORM_1WORD
yaa	NORM_1WORD

Pingin	NORM_1WORD
daftar	O
nih	O

Iya	NORM_1WORD
modelnya	O
gthu	NORM_1WORD
...	O
tp	NORM_1WORD
diriku	O
lebih	O
panjang	O
@ndani25	NORM_1WORD
?	O

@nadanad2	NORM_1WORD
imuttzz	NORM_1WORD

Allah,	NORM_1WORD
merinding	O
liatnya	NORM_1WORD
?	O

@aymliasr	NORM_1WORD
kalo	NORM_1WORD
iya	O
foto	O
bareng,	O
nambahh	NORM_1WORD
item	O
kalah	O
putih????	O

Keren	NORM_1WORD
gk	NORM_1WORD
no	O
@mutiaranovashadiqah	NORM_1WORD

Kakak	NORM_1WORD
cantik	O
bgt	NORM_1WORD

Aduhhh	NORM_1WORD
all	O
hpus	NORM_1WORD
dong	O
fto	NORM_1WORD
si	NORM_1WORD
mulan	O
ini...coba	O
pjang	NORM_1WORD
bunda	O
maia	O
all	O

Hahahahhahaa..	NORM_1WORD
Btw	NORM_1WORD
anak	O
e	O
tora	O
ayu	O
jg	NORM_1WORD
yaaa..	NORM_1WORD
@magdalena_marpaung	NORM_1WORD

@muharramfajar	NORM_1WORD
ngakak	NORM_1WORD
nih	O
des	O
haha	O

UNYU	NORM_1WORD
BANGETTT	NORM_1WORD
?	O

it	NORM_1WORD
di	O
qatar	O
begok	NORM_1WORD
bkan	NORM_1WORD
di	O
banda	O
??@sarita.sarita	NORM_1WORD

Cp	NORM_1WORD
ny	NORM_1WORD
bikin	O
ngkkkkkk,,yg	NORM_1WORD
ad	NORM_1WORD
pengikut	O
makny	NORM_1WORD
perebut	O
suami	O
orng,,,,,wdooohhh,,ank	NORM_1WORD
ap	NORM_1WORD
y,,,ehemmmm	NORM_1WORD

@mncnct	NORM_1WORD
kpn	NORM_1WORD
mon	O
kek	NORM_1WORD
gni	NORM_1WORD
wkwk	O

Hy	NORM_1WORD
kak	O

Kendall	NORM_1WORD
bgt	NORM_1WORD
yak?!	NORM_1WORD
Ayoook!!!	NORM_1WORD
@rurymegan029	NORM_1WORD

Cantik	NORM_1WORD
bgttt	NORM_1WORD

teteh	O
alis	O
kita	O
mirip	O
ya.	O
cmn	NORM_1WORD
nasibnya	O
doang	O
yg	NORM_1WORD
beda...	O

Hehee.	NORM_1WORD
Kan	NORM_1WORD
aku	O
udah	NORM_1WORD
ke	O
Solo	NORM_1WORD
sama	O
Surabaya	NORM_1WORD
kemariin	NORM_1WORD
?	O
Next	NORM_1WORD
film	O
yaaaa	NORM_1WORD
sama	O
@filmsalawaku	NORM_1WORD
coming	O
soon..	O
|	O
@ariestaneneng	NORM_1WORD
@niasuseno	NORM_1WORD

nike	O
ardila???	O
sekilas	O
bund	NORM_1WORD
??	O

mab	O
@rinanose16	NORM_1WORD
makin	O
cantik	O
mbk..	NORM_1WORD

Suara	NORM_1WORD
nya	O
kak	O
niki	O
bagus	O
bgt	NORM_1WORD
keren	O
??	O

Kakak	NORM_1WORD
wkt	NORM_1WORD
kecil	O
kig	O
gendut??	O
@natashawilona12	NORM_1WORD
...	O
Mirip	NORM_1WORD
bgt	NORM_1WORD
sama	O
adik	O
kelasku	O
namanya	O
angel	O

@oggyyusta	NORM_1WORD
apanya	O
ya	O
yg	NORM_1WORD
mirip	O
ngeliat	NORM_1WORD
foto	O
ini	O
ngerasa	NORM_1WORD
mirip	O
km	NORM_1WORD

Kalo	NORM_1WORD
aku	O
sih	O
lebih	O
perhatiam	NORM_1WORD
sm	NORM_1WORD
karyanya	O
aj,	NORM_1WORD
dri	NORM_1WORD
pd	NORM_1WORD
kehidupan	O
pribadinya	O
bagaimanapun	O
jg	NORM_1WORD
mas	O
dhani	O
ttp	NORM_1WORD
orang	O
yg	NORM_1WORD
hebat,smpe	NORM_1WORD
detik	O
ini	O
aku	O
ttp	NORM_1WORD
ngefens	O
sm	NORM_1WORD
mas	O
dhani,	O
hidup	O
ahmad	O
dhani..	O

Pipine	NORM_1WORD
glembeeeer	NORM_1WORD
@yunitatriwar_	NORM_1WORD

FOLLOWERSSS	NORM_1WORD
CUMA5RIBUAN	NORM_1WORD
AJAHHH	NORM_1WORD
JOOX	NORM_1WORD
VIPPP	NORM_1WORD
10RIBUA	NORM_1WORD
AJAAA	NORM_1WORD
????	O

Rokok	NORM_1WORD
slalu	NORM_1WORD
membuat	O
ariel	O
semakin	O
lakik	NORM_1WORD

Cantik	NORM_1WORD
dan	O
imut	O
banget	O
sihhh	NORM_1WORD
kak	O
wilona	O

Bgs	NORM_1WORD

@herrubowh	NORM_1WORD
ih	O
suka	O
bet	NORM_1WORD
suaranya	O

aamiin	NORM_1WORD

Hahhahaha	NORM_1WORD
aduh	O
pada	O
ributin	NORM_1WORD
pepesan	O
kosong...???	O

Ah	NORM_1WORD
mau	O
kesinii	NORM_1WORD
gemay	NORM_1WORD
@zuldinayaka	NORM_1WORD

Njirrr	NORM_1WORD
teu	O
sopan	O
@axelfrdrk	NORM_1WORD
@dioapriliyanto	NORM_1WORD

Wanita	NORM_1WORD
gak,tau	NORM_1WORD
malu	O
senang	O
bget	NORM_1WORD
hancurin	NORM_1WORD
rmh	NORM_1WORD
tangga	O
orang	O

Manta	NORM_1WORD
terasa	O
pacar	O
??	O

@omahketje	NORM_1WORD
jiaah	O
gebleg	NORM_1WORD
hahaha	O
tp	NORM_1WORD
asli	O
nih	O
gojek	O
ya,	O
gw	NORM_1WORD
mau	O
dong	O
dianterin	NORM_1WORD
:(	O

Cocok	NORM_1WORD
bangets	NORM_1WORD

Aku	NORM_1WORD
wes	O
roh	O
gambar	O
iki	O
@dhestyindah	NORM_1WORD
syediiihhh	NORM_1WORD
akuuu.	NORM_1WORD
Ahahahah	NORM_1WORD

Yeuh	NORM_1WORD
biar	O
ga	NORM_1WORD
kesepian	O
@wanaanugerah	NORM_1WORD

Bismillah	NORM_1WORD
yaa	NORM_1WORD
tehhh	NORM_1WORD
semoga	O
Istiqomahhh	NORM_1WORD
tehhhh	NORM_1WORD

Cantiikk...	NORM_1WORD

Amora	NORM_1WORD
lucu	O
bgt	NORM_1WORD

Hndak	NORM_1WORD
kh	NORM_1WORD
?	O
@_hairunnisaasri	NORM_1WORD

Kesini	NORM_1WORD
yuuuuk	NORM_1WORD
@davirizky_mlg	NORM_1WORD
@adityalol_lol	NORM_1WORD
@cici_nufaa	NORM_1WORD
@diadjeng_	NORM_1WORD
@khusnunnajibsofyan	NORM_1WORD

Pipinyaaa	NORM_1WORD

Sama..	NORM_1WORD
aku	O
juga	O
dari	O
duluu..	NORM_1WORD
dari	O
dia	O
masih	O
kinclong	O
mukanya..	O
sampe	NORM_1WORD
dia	O
jadi	O
gagah	O
dan	O
tangguh	O
kayak	O
gini..	NORM_1WORD
???	O
@aries6737	NORM_1WORD

KALIAN	NORM_1WORD
LAGI	NORM_1WORD
MENCARI	NORM_1WORD
ALAT	NORM_1WORD
PEMBESAR	NORM_1WORD
PAYUDARA	NORM_1WORD
YANG	NORM_1WORD
AMPUH??	NORM_1WORD
YANG	NORM_1WORD
BISA	NORM_1WORD
BENER-BENER	NORM_1WORD
MERUBAH	NORM_1WORD
PAYUDARA	NORM_1WORD
KALIAN	NORM_1WORD
JADI	NORM_1WORD
BESAR	NORM_1WORD
DAN	NORM_1WORD
KENCANG??	NORM_1WORD
NIH	NORM_1WORD
AKU	NORM_1WORD
KASIH	NORM_1WORD
REKOMENDASINYA,	NORM_1WORD
ITU	NORM_1WORD
ADA	NORM_1WORD
DI@QUEEN_BEAUTY_NATURAL	NORM_1WORD
JAWABANYA	NORM_1WORD
SEMUA,	NORM_1WORD
PRODUKNYA	NORM_1WORD
AJAIB	NORM_1WORD
BANGET,	NORM_1WORD
CUMA	NORM_1WORD
DALAM	NORM_1WORD
KURUNG	NORM_1WORD
WAKTU	NORM_1WORD
ITUNGAN	NORM_1WORD
MINGGU,	NORM_1WORD
SUDAH	NORM_1WORD
TERLIHAT	NORM_1WORD
PERUBAHANYA	NORM_1WORD
PADA	NORM_1WORD
PAYUDARA	NORM_1WORD
SAYA,	NORM_1WORD
KALIAN	NORM_1WORD
MAU	NORM_1WORD
JUGA??	NORM_1WORD
PIN	NORM_1WORD
BBMNYA	NORM_1WORD
NIH	NORM_1WORD
5E51CC82.	NORM_1WORD

@apriliabudi_a	NORM_1WORD
wenakk	NORM_1WORD

@jelitamrs	NORM_1WORD
ttp	NORM_1WORD
ayu?	O

Pusing	NORM_1WORD
Mikirin	NORM_1WORD
Tagihan	NORM_1WORD
Credit	NORM_1WORD
Card	NORM_1WORD

Kita	NORM_1WORD
nonton	NORM_1WORD
bareng	O
lagi	O
yuk	O
kyk	NORM_1WORD
dulu	O
@fitripuspitavidyarini	NORM_1WORD
:D	O

Follback	NORM_1WORD
dong	O
kk	NORM_1WORD

Ad	NORM_1WORD
yg	NORM_1WORD
tau	O
ga	NORM_1WORD
seeh	NORM_1WORD
info	O
ttg	NORM_1WORD
keluarga	O
@nicholassaputra	NORM_1WORD

Pake	NORM_1WORD
lipstick	O
apa	O
yach?	NORM_1WORD

@thisistjrashid	NORM_1WORD
every	O
time	O
tgk	NORM_1WORD
mo	NORM_1WORD
I	NORM_1WORD
tgk	NORM_1WORD
u.	NORM_1WORD

Tiii	NORM_1WORD
aku	O
makeupin	O
ginii	NORM_1WORD
asik	O
kayanya	O
@tiararachma	NORM_1WORD

Fakta	NORM_1WORD
fersi	O
lu	O
@avry_sitohang	NORM_1WORD
,......ok	O
lah	O
aurel.	O
Pan	NORM_1WORD
cabe	O
juga	O
saling	O
suprt	O
sasama	NORM_1WORD
cabe	O
....beda	O
nya	O
lu	O
cabe	O
ga	NORM_1WORD
jelas	O
klo	NORM_1WORD
aurel	O
cabe	O
MALINKUNDANG	NORM_1WORD

Ka	NORM_1WORD
mw	NORM_1WORD
share.lo	O
thu	NORM_1WORD
sutra	O
dah	NORM_1WORD
gurih...tu	NORM_1WORD
boleh	O
g	NORM_1WORD
z....	NORM_1WORD

Nike	NORM_1WORD
Ardilla	NORM_1WORD
cakep	O
bgt	NORM_1WORD

Comment	NORM_1WORD
nya	O
16k	NORM_1WORD
lebih	NORM_1WORD
edaaan,	NORM_1WORD
emg	NORM_1WORD
bener2	NORM_1WORD
kelahiran	NORM_1WORD
yg	NORM_1WORD
di	NORM_1WORD
tunggu2	NORM_1WORD
sama	O
Indonesia	NORM_1WORD
nih.	O
Sehat2	NORM_1WORD
ya	O
a	O
sama	O
teh	O
nagita	O
dan	O
dede	NORM_1WORD
Rafathar	NORM_1WORD
nya	O
:)	O

Masyaallahhh...kerennn	NORM_1WORD

Ini	NORM_1WORD
org	NORM_1WORD
nih	O
yg	NORM_1WORD
dulu	O
ngajak	NORM_1WORD
pilih	O
Jokowi.	NORM_1WORD
MENGECEWAKAN	NORM_1WORD

Mirip	NORM_1WORD
harley	O
quinn	O
bgt	NORM_1WORD
?	O
Indonesia	NORM_1WORD
punya	O
@afda_nadjib	NORM_1WORD

Ka	NORM_1WORD
mila	O
cantik	O
pk	NORM_1WORD
jilbab	O

@mohdabirafdi	NORM_1WORD
udah	NORM_1WORD
dong	O

1	O
menit	O
lagiiii	NORM_1WORD
aaaaaaaaa??	O
pokok	O
nya	O
yg	NORM_1WORD
tanya	O
harapan	O
buat	O
kedepan	O
yg	NORM_1WORD
pasti	O
pingin	NORM_1WORD
bisa	O
lebih	O
baik	O
lagi	O
yg	NORM_1WORD
pasti	O
belajar	O
menjadi	O
pribadi	O
yg	NORM_1WORD
kuat	O
sayang	O
Tuhan	NORM_1WORD
keluarga	O
sahabat	O
orang	O
lain.	O
Yg	NORM_1WORD
terpenting	O
ingin	O
lebih	O
istimewa.	O
Muacc	NORM_1WORD
see	NORM_1WORD
you	O
bhayy	O
bhaay????	O

Fotonya	NORM_1WORD
emang	NORM_1WORD
pantes	NORM_1WORD
diposting	O

Kok	NORM_1WORD
jam	O
segini	O
kak	O
@riko_0013	NORM_1WORD
blm	NORM_1WORD
kasi	NORM_1WORD
kabar	O
ya?	O

Pgen	NORM_1WORD
ya	O
@vnatalio_	NORM_1WORD

Lah	NORM_1WORD
gua	O
suka	O
korea	O
jg	NORM_1WORD
ga	NORM_1WORD
gitu2	NORM_1WORD
amat,	O
biarin	NORM_1WORD
ajalah	O
org	NORM_1WORD
mau	O
kaya	NORM_1WORD
gimana	NORM_1WORD
hahhaa	O
aneh	O
ada	O
aja	NORM_1WORD
orang	O
kaya	NORM_1WORD
lo	O
@meilisa_kyungsoo_	NORM_1WORD
???????????????????????????	O

Mau	NORM_1WORD
gimana	NORM_1WORD
pun	O
tetep	NORM_1WORD
nganteng	NORM_1WORD
?	O

Amiien	NORM_1WORD
smoga	NORM_1WORD
ganteng	O
kayak	O
bapak	O
nya...ha	O
ha	O

Jgn	NORM_1WORD
percya	NORM_1WORD
kepada	O
jasa	O
hack	O
facebook	O
itu...mohon	O
bgi	NORM_1WORD
yg	NORM_1WORD
follow	O
dia,tlg	NORM_1WORD
comment	O
di	O
ig	O
dia,bahwa	O
dia	O
itu	O
menipu...sya	NORM_1WORD
sdri	NORM_1WORD
sdh	NORM_1WORD
kena	O
tdi	NORM_1WORD
siang,ikhlas	O
aja	NORM_1WORD
mgkin	NORM_1WORD
bkn	NORM_1WORD
rezeki	O
sya	NORM_1WORD
duet	O
nya	O
itu..	O
@natalie.susanto	NORM_1WORD
@mayaariaa	NORM_1WORD
@riana_sitha	NORM_1WORD
@fransroebie	NORM_1WORD
@frencha_always	NORM_1WORD
@matalentik	NORM_1WORD
@rusmini_ayu,,tlg	NORM_1WORD
ya	O
sist,coment	NORM_1WORD
di	O
ig	O
dia,blg	NORM_1WORD
bhwa	NORM_1WORD
itu	O
penipuan,kasian	NORM_1WORD
dgn	NORM_1WORD
yg	NORM_1WORD
lain	O
nya,ig	O
sya	NORM_1WORD
sdh	NORM_1WORD
di	O
blocknya..	O

Wkwk	NORM_1WORD
suipit	NORM_1WORD
jan..	NORM_1WORD
y	NORM_1WORD
wkwk	O
ngomong	NORM_1WORD
aj	NORM_1WORD
matanya	O
gk	NORM_1WORD
kelihatan	O
bk	O
ketawa	O
piye??	O
@ditaapdh	NORM_1WORD

ini	O
orang	O
apa	O
bkn?	NORM_1WORD
busetdah:(	O
@fikriyyahnf	NORM_1WORD

Semenjak	NORM_1WORD
ada	O
mulan	O
jameela,al	O
el	O
dul	O
suka	O
macem2.kl	NORM_1WORD
sama	O
bunda	O
maia	O
keliatan	NORM_1WORD
ga	NORM_1WORD
neko2	NORM_1WORD

ada	O
...	O
Father	NORM_1WORD
?	O
ya	O
Allah	NORM_1WORD
el	O
,	O
anak	O
pinter	NORM_1WORD
anak	O
manis	O
aku	O
sayang	O
kamu	O
?	O
aku	O
bangga	O
sm	NORM_1WORD
kak	O
jedar	O

Cumn	NORM_1WORD
mau	O
kasi	NORM_1WORD
tau	O
aja	NORM_1WORD
@agsa.12340	NORM_1WORD

Lah	NORM_1WORD
itu	O
ada	O
mbak"	NORM_1WORD
konter	O
hp	O
ngatain	NORM_1WORD
si	NORM_1WORD
gigi	O
lenjeh???lucuu	NORM_1WORD
bgt	NORM_1WORD
deh	O
mbaknyaahh	NORM_1WORD

Kasihn	NORM_1WORD
bru	NORM_1WORD
lhirr,,dpt	NORM_1WORD
bulian...nd	NORM_1WORD
hujatann	NORM_1WORD
palgi	NORM_1WORD
kl	NORM_1WORD
dh	NORM_1WORD
besar,,,	O

Kereen	NORM_1WORD
suaranyaaaaaa	NORM_1WORD

Minta	NORM_1WORD
sama	O
Allah	NORM_1WORD
smga	NORM_1WORD
keluarga	O
saya	O
dijauhkan	O
dari	O
perempuan	O
seperti	O
muljem	O
ini,amin	O
yra	O

Qu	NORM_1WORD
suka	O
qu	NORM_1WORD
suka	O

Aaaaahhhh	NORM_1WORD
@tulusm	NORM_1WORD
,aku	O
suka	O
banget	O
sama	O
pria	O
ini	O
yaa	NORM_1WORD
Allah....??	NORM_1WORD

Kak	NORM_1WORD
kok	O
aku	O
check	O
efeknya	O
gak	NORM_1WORD
ada	O
yg	NORM_1WORD
kayak	O
gitu	NORM_1WORD
Kak?	NORM_1WORD

@atyrasarlis	NORM_1WORD
pong	O
mcm	NORM_1WORD
muka	O
mu	O
blng	NORM_1WORD
c	NORM_1WORD
@beecarlsen	NORM_1WORD

TERBAIKKK	NORM_1WORD

lg	NORM_1WORD
cari	O
botol	O
minum	O
unik?	O
coba	O
liat	NORM_1WORD
ig	O
kita,	O
bs	NORM_1WORD
buat	O
sovenir,	O
kado	O
dll	O

Spertinya	NORM_1WORD
curhat	O
ma	NORM_1WORD
dedi	O
itu	O
kyk	NORM_1WORD
cm	NORM_1WORD
drama,kmrn	NORM_1WORD
ad	NORM_1WORD
mrah	NORM_1WORD
gra2	NORM_1WORD
mj	O
curhat	O
skrg	NORM_1WORD
dy	NORM_1WORD
ikutan	O
curhat.sngaja	NORM_1WORD
kyk	NORM_1WORD
nya	O
biar	O
image	O
jlek	NORM_1WORD
nya	O
mj	O
bs	NORM_1WORD
jd	NORM_1WORD
baik.	O

Power	NORM_1WORD
ranger	O
aja	NORM_1WORD
harusnya	O

Duhh	NORM_1WORD
@fusvillayu27	NORM_1WORD

Yaampun	NORM_1WORD
kalian	NORM_1WORD
org	NORM_1WORD
indo	NORM_1WORD
ini	NORM_1WORD
masalah	NORM_1WORD
agama	NORM_1WORD
lgsg	NORM_1WORD
kyk	NORM_1WORD
gini:')	NORM_1WORD
ga	NORM_1WORD
malu	NORM_1WORD
apa?	NORM_1WORD
Terserah	NORM_1WORD
cinta	NORM_1WORD
islam	NORM_1WORD
apa	NORM_1WORD
kristen	NORM_1WORD
semua	NORM_1WORD
agama	NORM_1WORD
itu	NORM_1WORD
benar	NORM_1WORD
ga	NORM_1WORD
ada	NORM_1WORD
yg	NORM_1WORD
salah.	NORM_1WORD
Malu	NORM_1WORD
duh	NORM_1WORD
di	NORM_1WORD
liat	NORM_1WORD
org	NORM_1WORD
luar	O
sana	O
komen	O
komen	O
kalian:')	O

Jd	NORM_1WORD
inget	NORM_1WORD
si	NORM_1WORD
joel	O
tetangga	O
sbelah	NORM_1WORD
hahaha	O
@preloved.lemariku	NORM_1WORD

Netter	NORM_1WORD
pada	O
lebayy!	NORM_1WORD
Saskianya	NORM_1WORD
aja	NORM_1WORD
biasa	O
aja!	NORM_1WORD
Biasa	NORM_1WORD
banget	O
foto	O
kya	NORM_1WORD
gini	NORM_1WORD
doang	O
mah	O

Aq	NORM_1WORD
jg	NORM_1WORD
kak....	O

Aminnnn2	NORM_1WORD
@fendi_dbonno9414	NORM_1WORD

@jsljung	NORM_1WORD
Guaa	NORM_1WORD
setuju	O
bgt	NORM_1WORD
kaa?yang	NORM_1WORD
lo	O
omongin	NORM_1WORD
itu	O
bener	NORM_1WORD
semua??buat	O
apa	O
bikin	O
karya??kalo	NORM_1WORD
cuma	O
hasil	O
jiplakan	O
kpop?malu	O
maluin	O
indo?	NORM_1WORD

@angga_fabiyan	NORM_1WORD
yep.	NORM_1WORD
Gua	NORM_1WORD
israel..	O
dri	NORM_1WORD
pada	O
u..	NORM_1WORD
ngaku"	NORM_1WORD
arab..	O
mirip	O
arab	O
aja	NORM_1WORD
kagak..	O
hahaha...	O

Maaf	NORM_1WORD
gak	NORM_1WORD
bisa	O
kejawab	NORM_1WORD
semua	O
yaaaa	NORM_1WORD
hohoooo	O
yg	NORM_1WORD
terpenting	O
love	O
you	O
all	O
kikikikikikkk	O
c	NORM_1WORD
u	NORM_1WORD
bhay	O
??	O

Pngen	NORM_1WORD
kyk	NORM_1WORD
gtu??	NORM_1WORD
@kartiikawulaan	NORM_1WORD
@nurulhardiyantii	NORM_1WORD
@iratriyantii	NORM_1WORD

INVITE	NORM_1WORD
5E8CA768	NORM_1WORD
"	O
WOOOWWW..WOOOWWW	NORM_1WORD
PAYUDARA	NORM_1WORD
MONTOK	NORM_1WORD
HANYA	NORM_1WORD
DALAM	NORM_1WORD
10	O
HARI,	NORM_1WORD
TANPA	NORM_1WORD
SUNTIK,	NORM_1WORD
TANPA	NORM_1WORD
BAHAN	NORM_1WORD
KIMIA.	NORM_1WORD
CEK	NORM_1WORD
IG@DR.BEAUTYBREAST	NORM_1WORD
BBM:	NORM_1WORD
5E8CA768	NORM_1WORD
WA:	NORM_1WORD
0813-2208-3838	O

Kln	NORM_1WORD
sukak	NORM_1WORD
kali	O
kayaknya	O
banggai	O
fatin	O

@wiwin_aswini	NORM_1WORD
iya..	O
Wilo	NORM_1WORD
pas	O
masih	O
kecil	O
mirip	O
ama	NORM_1WORD
mami	O
nya..	O
Tapi	NORM_1WORD
menurut	O
aku	O
pas	O
udah	NORM_1WORD
besar	O
malah	O
kakanya	NORM_1WORD
yang	O
mirip	O
maminya...	O
Kayanya	NORM_1WORD
sekarang	O
wilo	O
udah	NORM_1WORD
besar	O
mirip	O
papinya	O
deh...	O
#mungkin	NORM_1WORD
menurut	O
kaka?	NORM_1WORD
@wiwin_aswini	NORM_1WORD

Gilaaaa	NORM_1WORD
canttikkk	NORM_1WORD
baanggeettt	NORM_1WORD

Kayak	NORM_1WORD
cita	O
sendiri	O
pernah	O
boong	NORM_1WORD
soal	O
statusnya	O
ya.	O

Masya	NORM_1WORD
Allah	NORM_1WORD
teteh	O
rina,	O
ini	O
bagian	O
dri	NORM_1WORD
proses	O
slmt	NORM_1WORD
berproses,	O
smoga	NORM_1WORD
istiqomah,	NORM_1WORD
mmg	NORM_1WORD
tdk	NORM_1WORD
mudah	O
tpi	NORM_1WORD
teteh	O
bisa	O
kok..yg	NORM_1WORD
namanya	O
org	NORM_1WORD
mau	O
berbuat	O

Bacot	NORM_1WORD
durhaka2...	NORM_1WORD
Ibunya	NORM_1WORD
yg	NORM_1WORD
brengsek	O
kurang	O
ajar	O
ko..	NORM_1WORD

Lucuuuuu	NORM_1WORD

Cantiiiiiiik	NORM_1WORD

Mana	NORM_1WORD
lagi	O
kabar	O
terbaru	O
ttg	NORM_1WORD
papahnya	O

yukk	NORM_1WORD
cek	O
ig	O
kita	O
brayy,	O
ada	O
wristband	O
kerennn..	NORM_1WORD
yg	NORM_1WORD
anak	O
band,kpop,	O
gawul,	NORM_1WORD
modes,	NORM_1WORD
rock,	O
pop,metal,	O
anak	O
papa	O
mama,	O
dll..	O
kitaa	NORM_1WORD
ada	O
wristband	O
idol	O
klian	NORM_1WORD
brayyy,	NORM_1WORD
yg	NORM_1WORD
menambah	O
kegantengan	O
dan	O
kcantikan	NORM_1WORD
klian	NORM_1WORD
brayyy,	NORM_1WORD
cocok	O
dipakai	O
jalan2	NORM_1WORD
..	O
:)	O

?	O
????????	O
???????	O
?	O
GAK	NORM_1WORD
TAKUT	NORM_1WORD
SUNTIK	NORM_1WORD
SILIKON	NORM_1WORD
!!!	O
BAHAYA	NORM_1WORD
LOH	NORM_1WORD
!!!	O
MENDING	NORM_1WORD
CARI	NORM_1WORD
AMAN	NORM_1WORD
AJA	NORM_1WORD
DI	NORM_1WORD
PAKARNYA,	NORM_1WORD
TANPA	NORM_1WORD
EFEKSAMPING	NORM_1WORD
di@dr.inneke.sp.h	NORM_1WORD
atau	O
langsung	O
aja	NORM_1WORD
hub	NORM_1WORD
?	O
BBM	NORM_1WORD
(5EACED78	NORM_1WORD
)	O

Anjir	NORM_1WORD
lah	O
ngakak	NORM_1WORD
@vanessatriamandaa	NORM_1WORD

Cantik	NORM_1WORD
bgt	NORM_1WORD
klo	NORM_1WORD
pake	NORM_1WORD
hijab	O
??	O

Ntr	NORM_1WORD
klo	NORM_1WORD
gw	NORM_1WORD
hamil	O
qt	NORM_1WORD
foto	O
ky	NORM_1WORD
gini	NORM_1WORD
y	NORM_1WORD
ca	O
@siska_jayanti	NORM_1WORD
???	O

Kangennn	NORM_1WORD
olga	O
.ya	O
allah	O
kangen	O
bangeeeet	NORM_1WORD

Cantiiiik	NORM_1WORD
banget	O
alysa	O

So	NORM_1WORD
sweet	O
bnget	NORM_1WORD
kak	O
ash	O

Pin	NORM_1WORD
bbm	O
kmu	NORM_1WORD
brpa	NORM_1WORD

Ya	NORM_1WORD
ampuun,	NORM_1WORD
itu	O
agnes	O
yya	NORM_1WORD
@agnezmo	NORM_1WORD
.	O
.	O
sya	NORM_1WORD
pikir	O
mba	NORM_1WORD
kd	O
fto	NORM_1WORD
sm	NORM_1WORD
nenek"	NORM_1WORD
.	O
.	O
bneraan	NORM_1WORD
???	O
kageeet	NORM_1WORD
sangaaattt	NORM_1WORD
?,	O
faktor	O
rmbuut	NORM_1WORD
nya	O
.	O
.	O
?	O

Pasti	NORM_1WORD
dia	O
ada	O
alasan	O
nya	O
sendiri	O
untuk	O
tidak	O
bhijab	NORM_1WORD
lgi..	NORM_1WORD

sma	NORM_1WORD
ariel	O
noah	O
sja,,	NORM_1WORD

masyaAllah	NORM_1WORD
20th	O
udah	NORM_1WORD
jadi	O
drg?	O

@astuti120	NORM_1WORD
kl	NORM_1WORD
teh	O
@raisa6690	NORM_1WORD
mah	O
tulisannya	O
diatas	O
kolam	O
renang	O
lo	O
mah	O
disepanjang	O
kali	O
cisadane	O
tii..	O
lebih	O
greget	O
gimana	NORM_1WORD
geetoo	NORM_1WORD

Gak	NORM_1WORD
menor	O
n	NORM_1WORD
norak!!	O
Gk	NORM_1WORD
ky	NORM_1WORD
lu.	O
Lu	NORM_1WORD
yg	NORM_1WORD
lenje	NORM_1WORD
?	O

Pingin	NORM_1WORD
nangiss..	NORM_1WORD
bangga	O
bgt	NORM_1WORD
juga.	O
Salut	NORM_1WORD
buat	O
kak	O
@zahratuljannah	NORM_1WORD
yg	NORM_1WORD
jd	NORM_1WORD
bunda	O
sabar	O
bgt..	NORM_1WORD

Cantiq	NORM_1WORD
batwc	NORM_1WORD
kamyuhhh	NORM_1WORD

Duetin	NORM_1WORD
AUREL	NORM_1WORD
SAMA	NORM_1WORD
MIMInya	NORM_1WORD
dongg	NORM_1WORD
atau	O
sama	O
artis	O
mudaa	NORM_1WORD

Q	NORM_1WORD
setju	NORM_1WORD
bngt	NORM_1WORD
kalau	O
kak	O
@_irishbella_	NORM_1WORD
sma	NORM_1WORD
kak	O
@giorgino_abraham.	NORM_1WORD
Bnern	NORM_1WORD
pcrn	NORM_1WORD
klian	NORM_1WORD
cocok	O
berdua	O

So	NORM_1WORD
sweet	O
bngtt	NORM_1WORD

semut	O
jg	NORM_1WORD
kpleset	NORM_1WORD
itu?	O
@fikriyyahnf	NORM_1WORD

Hijab	NORM_1WORD
aja	NORM_1WORD
lau	NORM_1WORD

Sedih,	NORM_1WORD
islam	O
suka	O
dipermainin	NORM_1WORD
cuma	O
buat	O
peran.	O

Lebih	NORM_1WORD
baik	O
gk	NORM_1WORD
pak	O
makeup,	O
kliatan	NORM_1WORD
lebih	O
cantik	O

Klo	NORM_1WORD
kristen	O
nya	O
bnr	NORM_1WORD
mah	O
pake	NORM_1WORD
hijab	O
tauu	NORM_1WORD

Kakak	NORM_1WORD
tuhh...	NORM_1WORD

BANYAK	NORM_1WORD
ORANG	NORM_1WORD
MENGABAIKAN	NORM_1WORD
KELUAR	NORM_1WORD
NYA	NORM_1WORD
KEPUTIHAN	NORM_1WORD
DI	NORM_1WORD
ORGAN	NORM_1WORD
MISS	NORM_1WORD
V	NORM_1WORD
!	O
HATI	NORM_1WORD
HATI	NORM_1WORD
KARNA	NORM_1WORD
ITU	NORM_1WORD
BISA	NORM_1WORD
JADI	NORM_1WORD
GEJALA	NORM_1WORD
KANKER	NORM_1WORD
SERVIKS	NORM_1WORD
YANG	NORM_1WORD
BISA	NORM_1WORD
MEREBUT	NORM_1WORD
NYAWA	NORM_1WORD
ANDA	NORM_1WORD
YU	NORM_1WORD
SEGERA	NORM_1WORD
KONSULTASIKAN	NORM_1WORD
MASALAH	NORM_1WORD
KEWANITAAN	NORM_1WORD
ANDA	NORM_1WORD
ONLY@CARASEHATID	NORM_1WORD
PIN	NORM_1WORD
5FB2512C.	NORM_1WORD

Kereennn	NORM_1WORD
@septianhadipurnama	NORM_1WORD

@nindyellisa	NORM_1WORD
ini	O
ce	O
coba	O
liat	NORM_1WORD
XD	NORM_1WORD

Bner	NORM_1WORD
tuh	O
@zizi_fitri	NORM_1WORD
,	O
klo	NORM_1WORD
minta	NORM_1WORD
maaf	O
dteng	NORM_1WORD
k	NORM_1WORD
rumahnya	O
tatap	O
mata'y	NORM_1WORD
(bunda),	O
bukan	O
tatap	O
kamera,	O
apalagi	O
tatap	O
mata	O
saya	O
(mas	O
dedi)	O
..	O
Hehehehe	NORM_1WORD
(semangat	O
ya	O
bunda,	O
sayang	O
bunda	O
?)	O

Abes:0	NORM_1WORD

15	O
tahun..	O
Udh	NORM_1WORD
kayak	O
suami	O
istri	O
cara	O
pacaran	O
nya	O
behh	O

Wisma	NORM_1WORD
keiai	O
lt.2	NORM_1WORD

aku	O
berharap	O
kek	NORM_1WORD
gini	NORM_1WORD
lah,	O
tp	NORM_1WORD
sama	O
siapa	O
?	O
?	O
@yundanila.s	NORM_1WORD

ka	NORM_1WORD
alu	NORM_1WORD
nge	O
fans	NORM_1WORD
bgt	NORM_1WORD

Lehernya	NORM_1WORD
panjang	O
bingit	NORM_1WORD
@danangyudhap	NORM_1WORD

Jd?!	NORM_1WORD
Apa	NORM_1WORD
maksud	O
anda	O
dgn	NORM_1WORD
semua	O
komentar2	NORM_1WORD
yg	NORM_1WORD
ada	O
ini??	O

Cek	NORM_1WORD
ig	O
kami	O
yuuuk	NORM_1WORD
banyak	O
hijab	O
cantik	O
berbagai	O
warnaaa	NORM_1WORD
?	O
dengan	O
kualitas	O
oke	O
punyaaa	NORM_1WORD
??	O

Lipstik	NORM_1WORD
e	O
@kyliejenner	NORM_1WORD
paling	O
ma	NORM_1WORD
@gysmayeyo	NORM_1WORD
.	O
Tp	NORM_1WORD
mehoonggggg	NORM_1WORD

Lbh	NORM_1WORD
cantik	O
waktu	O
kecil	O
@nikitawillyofficial94	NORM_1WORD

Carikan	NORM_1WORD
ka	NORM_1WORD
ayahh??	NORM_1WORD
@michelle_tene	NORM_1WORD

Lu	NORM_1WORD
bgt	NORM_1WORD
nih	O
keknya	NORM_1WORD
wkwk	O
@rhakamitslazb	NORM_1WORD
@rhikimitslazabadilbachri	NORM_1WORD

??	O
Mau	NORM_1WORD
tauu	NORM_1WORD
Rahasia	NORM_1WORD
Artis	NORM_1WORD
Memiliki	NORM_1WORD
tubuh	O
PUTIH	NORM_1WORD
TINGGI	NORM_1WORD
LANGSING	NORM_1WORD
BEBAS	NORM_1WORD
JERAWAT	NORM_1WORD
DAN	NORM_1WORD
SEHAT	NORM_1WORD
.	O
Yuk	NORM_1WORD
TEMUKAN	NORM_1WORD
Rahasianya	NORM_1WORD
@Herbal_latte	NORM_1WORD
.	O
Segera	NORM_1WORD
konsultasikan	O
BBM	NORM_1WORD
(	O
D06D9155	NORM_1WORD
)??	O
Dapatkan	NORM_1WORD
Special	NORM_1WORD
PROMO	NORM_1WORD
+	O
FreeONGKIR	NORM_1WORD
Se-indonesia	NORM_1WORD
!!?????????	O

Jauh	NORM_1WORD
bgt	NORM_1WORD
geo	O
sma	NORM_1WORD
boriel,	O
mirip	O
suaranya	O
sdkit	NORM_1WORD
paling	O
ya	O

@mayrasadiya_	NORM_1WORD
mirror	O
atuh	O
mbaa	NORM_1WORD

Pacarnyaa	NORM_1WORD
siapaa	NORM_1WORD
inii	NORM_1WORD
ya	O
allah	O
@rereandro.id	NORM_1WORD
@ms.setiagung	NORM_1WORD
@fitrimutzz	NORM_1WORD
sungguh	O
matii	NORM_1WORD
traa	O
bisa	O
tahan	O
ketawaa	NORM_1WORD
???	O

Haha...	NORM_1WORD
Wktu	NORM_1WORD
kecil	O
imut	O
juga	O
ya	O
@nikitawillyofficial94	NORM_1WORD

seneng	NORM_1WORD
banget	O
liat	NORM_1WORD
kak	O
raisa	O
foto	O
sama	O
tiffany	O
GG.	NORM_1WORD
sukses	O
terus	O
kak	O
@raisa6690	NORM_1WORD

Hahahaha...gk	NORM_1WORD
nyambung	NORM_1WORD
tuh	O

Kakinya	NORM_1WORD
stagahhhh	NORM_1WORD

Y-ALLAH	NORM_1WORD
kangen	O
kak	O
bgtt	NORM_1WORD
sma	NORM_1WORD
kak	O
olga,,,,gaa	NORM_1WORD
akn	NORM_1WORD
ada	O
yg	NORM_1WORD
bisa	O
ganti'kn	NORM_1WORD
kak	O
olga...smg	NORM_1WORD
kak	O
olga	O
tnang	NORM_1WORD
d'sisi-NYA	NORM_1WORD
AMIIIIIIIIIIIIIIIIIN	NORM_1WORD

Nyaru	NORM_1WORD
aja	NORM_1WORD
kk	NORM_1WORD
@arieltatum	NORM_1WORD

Iyah	NORM_1WORD
gue	O
naksir	NORM_1WORD
bangt"	NORM_1WORD
ini	O
nama	O
fb	O
gue	O
abdul	O
basit	O
un	O
beremteman	O
y	NORM_1WORD

Keren	NORM_1WORD
kayak	O
gadis	O
Arab	NORM_1WORD
gtu	NORM_1WORD

@myaayesha	NORM_1WORD
she's	NORM_1WORD
so	NORM_1WORD
pretty	O
tho.	O
Mcm	NORM_1WORD
anak	O
dara	O
lagi	O
?	O

@zorayaparlautan	NORM_1WORD
siapa	O
yaa	NORM_1WORD
?	O

Semoga	NORM_1WORD
membawa	O
pengaruh	O
juga	O
untuk	O
orang2	NORM_1WORD
disekitarmu	O
teh	O
@rinanose16	NORM_1WORD
cantikkkk????	NORM_1WORD

@indistagram	NORM_1WORD
dicubit	O
bisa	O
bikin	O
efek	O
troma	NORM_1WORD
pada	O
murid	O
dan	O
membuat	O
mental	O
dia	O
jadi	O
down.	O
Banyak	NORM_1WORD
kok	O
murid	O
jadi	O
balas	O
dendam	O
ke	O
orang	O
lain	O
karena	O
di	O
kerasin	NORM_1WORD
oleh	O
guru.	O
Kamu	NORM_1WORD
mendukung	O
kekerasan	O
ya?	O
Aneh!	NORM_1WORD

Anjay	NORM_1WORD
km	NORM_1WORD
stalk	O
-.-	O
@trianitadillacarolinna	NORM_1WORD

Smvk	NORM_1WORD
lu	O
?	O
@nadiapananda	NORM_1WORD

Udh	NORM_1WORD
ky	NORM_1WORD
20an	O
tahun..	O

asli	O
cantik	O
bgt	NORM_1WORD

Pernikahan	NORM_1WORD
yg	NORM_1WORD
megah	O
mewah	O
&	O
jdi	NORM_1WORD
impian	O
para	O
wanita..beruntung	O
ya	O
udh	NORM_1WORD
artis	O
nikah	O
megah	O
bahagia	O
pula?sempurna	O

amiennn	NORM_1WORD
ya	O
robbb...	O

Enak	NORM_1WORD
nya	O
jg	NORM_1WORD
lagu'y	NORM_1WORD

tambah	O
cantik	O
kk	NORM_1WORD
rina	O
pkai	NORM_1WORD
kerudungnya	O

Pyudara	NORM_1WORD
terlihat	O
attgfirullahhal	O
azim	O

Aamiin	NORM_1WORD
mba,	NORM_1WORD
semoga	O
Istiqomah,	NORM_1WORD
menutup	O
aurat	O
jauh	O
lebih	O
baik	O

Cantik	NORM_1WORD
kaakk??	NORM_1WORD

Perempuan	NORM_1WORD
gak	NORM_1WORD
tau	O
malu	O
seperti	O
km	NORM_1WORD

Nda	NORM_1WORD
tau	O
pla	NORM_1WORD
muslim	O
kh	NORM_1WORD
apa	O
dea	O
ne	NORM_1WORD
@me_latng31	NORM_1WORD
@atyrasarlis	NORM_1WORD
tpi	NORM_1WORD
sma	NORM_1WORD
ne	NORM_1WORD
cm	NORM_1WORD
muka	O
kw	NORM_1WORD
tyra	O
.	O
Ada	NORM_1WORD
movie	O
dea	O
.	O
This	NORM_1WORD
is	O
cinta	O
.	O
Mcm	NORM_1WORD
kw	NORM_1WORD
pla	NORM_1WORD
yg	NORM_1WORD
blakon	NORM_1WORD
sy	NORM_1WORD
nmpk	NORM_1WORD
.	O
Haha	NORM_1WORD

PEMBESAR	NORM_1WORD
PAYUDARA	NORM_1WORD
TERAMPUH	NORM_1WORD
DAN	NORM_1WORD
TERLARIS	NORM_1WORD
HANYA	NORM_1WORD
DI@MITRA.SEHAT	NORM_1WORD
AKU	NORM_1WORD
SENDIRI	NORM_1WORD
SUDAH	NORM_1WORD
BUKTIIN	NORM_1WORD
LOH	NORM_1WORD
KAMU	NORM_1WORD
JADI	NORM_1WORD
BUKTI	NORM_1WORD
BERIKUTNYA	NORM_1WORD
YUK	NORM_1WORD
,	O
BBM	NORM_1WORD
5F08540E	NORM_1WORD

Fatanik	NORM_1WORD
bngt	NORM_1WORD
mba	NORM_1WORD
@namira_maniz.22	NORM_1WORD
jgn	NORM_1WORD
terlalu	O
fanatik	O
bisa	O
ketulah	O
loh	O
hahah	O

??.	O
Tahukah	NORM_1WORD
Bunda	NORM_1WORD
Kenapa	NORM_1WORD
SUSAH	NORM_1WORD
HAMIL?	NORM_1WORD
Apakah	NORM_1WORD
Haid	NORM_1WORD
Tdk	NORM_1WORD
Teratur,	NORM_1WORD
Pcos,	NORM_1WORD
Kista,	NORM_1WORD
Sperma	NORM_1WORD
Buruk	NORM_1WORD
Dll.	NORM_1WORD
Konsultasi	NORM_1WORD
dan	O
Temukan	NORM_1WORD
Solusinya	NORM_1WORD
??	O

.	O
Rela	NORM_1WORD
ninggalin	NORM_1WORD
ka	NORM_1WORD
natasya	O
demi	O
orng	NORM_1WORD
ini,	O
aduh	O
kastefen	O
kurang	O
apa	O
natasyaa	O
(?)	O

Mantabb..	NORM_1WORD
pilihan	O
smart..	O
@stefannwilliam	NORM_1WORD
?	O

gingsulnya	O
ko	NORM_1WORD
mirip	O
aq	NORM_1WORD
yah,	NORM_1WORD
mungkin	O
kita	O
jodoh	O
:v	O

Iyaaa	NORM_1WORD
bagus	O
is	O
@iisyarifah	NORM_1WORD

@abdul_rasyidi	NORM_1WORD
liat	NORM_1WORD
ini	O
kak	O
sedihhh	NORM_1WORD
yeee	NORM_1WORD

yank	NORM_1WORD
liat	NORM_1WORD
fhoto	NORM_1WORD
ini	O
@raizchicharito	NORM_1WORD
??	O

Kok	NORM_1WORD
bisa	O
botakkkk	NORM_1WORD
gitu	NORM_1WORD

Harusnya	NORM_1WORD
berubah	O
menjadi	O
yg	NORM_1WORD
lbh	NORM_1WORD
baik...	O

Beda	NORM_1WORD
ya	O
cantik	O
ny...anugrah	NORM_1WORD
terindah	O

Bahagia	NORM_1WORD
nyaaaa	NORM_1WORD

Ihh	NORM_1WORD
ga	NORM_1WORD
relaaaa	NORM_1WORD
???	O

Cantik	NORM_1WORD
tp	NORM_1WORD
kliatan	NORM_1WORD
tua	O
than	NORM_1WORD
bride	O
boy	O
nya	O

Mudah2an	NORM_1WORD
kamu	O
lebih	O
baik	O
dari	O
bpkmu	NORM_1WORD

kamu	O
nggausah	O
mikirin	NORM_1WORD
cantik,	O
mikir	O
pendidikan	O
ajaa.	NORM_1WORD
dijamin	O
tambah	O
cantik	O
?	O
@ikaorisanti	NORM_1WORD

Piiink	NORM_1WORD

Jangan	NORM_1WORD
terlalu	O
serius	O
shay	NORM_1WORD
...	O
Sebentar	NORM_1WORD
ga	NORM_1WORD
ada	O
duit	O
sebentar	O
kaya	NORM_1WORD
sebentar	O
pas	O
pas	O
an	O
...	O
Apasih	NORM_1WORD
semua	O
ini	O
hempas	O
datang	O
lagi	O
hempas	O
datang	O
lagi	O
hahaha	O
??	O
@armandokomo	NORM_1WORD
@achelmarcela	NORM_1WORD
@syurirachell	NORM_1WORD
@gracia_wahab	NORM_1WORD
@mita._	NORM_1WORD

Kanan	NORM_1WORD
marcel	O
(yg	NORM_1WORD
ad	NORM_1WORD
tattoo)...	O
Kiri	NORM_1WORD
mischa	O
with	O
his	O
charming	O
smile	O

Hahaha........	NORM_1WORD
ini	O
lucu	O
baget	NORM_1WORD

Birthday	NORM_1WORD
yg	NORM_1WORD
keberpa	NORM_1WORD
kak?	O

Gawl	NORM_1WORD

Hahah,malah	NORM_1WORD
pada	O
berantem	O
yak	NORM_1WORD

Hahaha..gila	NORM_1WORD
gokil	NORM_1WORD
bgt	NORM_1WORD
???	O

Anjirrrr	NORM_1WORD

Jangan	NORM_1WORD
biarkan	O
?kista...	O
miom...	O
haid	O
tdk	NORM_1WORD
teratur...	O
sperma	O
buruk...	O
PCOS..	NORM_1WORD
tuba	O
falopi...	O
Menunda	NORM_1WORD
si	NORM_1WORD
kecil	O
?hadir	O
ya	O
bunda	O
??ayo	O
knsul	NORM_1WORD
dg	NORM_1WORD
kami	O
dn	NORM_1WORD
temukan	O
solusinya	O
dg	NORM_1WORD
metode	O
yg	NORM_1WORD
sdh	NORM_1WORD
terbukti	O
brhasil	NORM_1WORD
dlm	NORM_1WORD
wktu	NORM_1WORD
RELATIF	NORM_1WORD
SINGKAT,	NORM_1WORD
Konsul	NORM_1WORD
Gratisss!!	NORM_1WORD
Pin:	NORM_1WORD
D2ADC76C	NORM_1WORD

Amiinn	NORM_1WORD
ya	O
allaaahh...semoga	O
semoga	O
@lisaa_anggraini	NORM_1WORD

Kya	NORM_1WORD
@zeezeeshahab	NORM_1WORD
yaaa..cantik	NORM_1WORD

Cie..ciee..	NORM_1WORD
Bunda	NORM_1WORD
@maiaestiantyreal	NORM_1WORD
meskipun	O
make	NORM_1WORD
up	O
an..	O
Tp	NORM_1WORD
gayanya	O
ttp	NORM_1WORD
kyk	NORM_1WORD
anak	O
abg..	NORM_1WORD
I	NORM_1WORD
like	O
you	O
Bunda	NORM_1WORD
:	O

@diananasution_	NORM_1WORD
maia	O
kale	NORM_1WORD
yg	NORM_1WORD
gugat	O
cerai	O
dani,	O
iyuuhhh	NORM_1WORD

@terawaty	NORM_1WORD
iya	O
kebayang	NORM_1WORD
kalo	NORM_1WORD
lebih	O
dr	NORM_1WORD
itu	O
-_-	O

Bella	NORM_1WORD
mah	O
tai?	NORM_1WORD

Sexxi	NORM_1WORD
bgt.........	NORM_1WORD

Ori	NORM_1WORD
bgt..	NORM_1WORD

Nggk	NORM_1WORD
apa	O
apa	O
skli	NORM_1WORD
kli...ali	NORM_1WORD
yg	NORM_1WORD
penting	O
km	NORM_1WORD
ttp	NORM_1WORD
smart..	O
@aliandooo	NORM_1WORD

Iyap	NORM_1WORD
@jaquelinekasna	NORM_1WORD

Hidungnya	NORM_1WORD
mulan	O
aneh.	O
pgn	NORM_1WORD
lihat	O
masa	O
tuwanya	NORM_1WORD
Gmn	NORM_1WORD

Ada	NORM_1WORD
mnis2nya	NORM_1WORD
gtu	NORM_1WORD
?	O

Cantikk	NORM_1WORD
cantikk	NORM_1WORD
cantiiikk	NORM_1WORD
:)	O

oh	O
jdi	NORM_1WORD
it	NORM_1WORD
di	O
prancis	O
bkan	NORM_1WORD
di	O
qatar	O
wkwkwkwk	O
@sarita.sarita	NORM_1WORD
nti	NORM_1WORD
kita	O
pgi	NORM_1WORD
ya	O
sayang	O
???	O

Melakukan	NORM_1WORD
Olahraga	NORM_1WORD
sudah,	O
pola	O
makan	O
sehat	O
sudah,	O
tapi	O
masih	O
tetep	NORM_1WORD
PAYUDARA	NORM_1WORD
anda	O
kurang	O
indah?	O
coba	O
deh	O
konsultasi	O
ke@HEALTHWOMAN.CARE	NORM_1WORD
cuma	O
di	O
klinik	O
itu	O
sayapun	O
mendapatkan	O
kepuasan	O
dengan	O
alat	O
ajaibnya,	O
cuma	O
kurung	O
waktu	O
bbrpa	NORM_1WORD
minggu	O
itu	O
hasil	O
nya	O
sudah	O
terlihat	O
banget	O
loh,	O
bisa	O
chat	O
langsung	O
aja	NORM_1WORD
ke	O
BBM	NORM_1WORD
D07F822C	NORM_1WORD
/	O
whatsapp	O
089523966548	O

Di	NORM_1WORD
video	O
kok	O
merem	O
terus	O
?	O
Malu	NORM_1WORD
y?	NORM_1WORD

Lucuuu	NORM_1WORD
bngtt	NORM_1WORD
,	O
selmat	NORM_1WORD
ae	NORM_1WORD
dah	NORM_1WORD
mnjdi	NORM_1WORD
ayah	O
bnda	NORM_1WORD

Kok	NORM_1WORD
gkk	NORM_1WORD
update	O
lg	NORM_1WORD

Dih	NORM_1WORD
stress	NORM_1WORD
ia	O
@ity_cantik	NORM_1WORD
itil	O
buluk	O
sukak	NORM_1WORD
ngarang	NORM_1WORD
cerita...	O

Aq	NORM_1WORD
nyimak	NORM_1WORD
ajalah..ehehe	O
komenx	NORM_1WORD
kok	O
serem2	NORM_1WORD

Mereka	NORM_1WORD
mau	O
berkarya?	O
Berkarya	NORM_1WORD
apa?	O
Karya	NORM_1WORD
asil	O
jiplak	O
atau	O
buatan	O
sendiri	O
mbaakk???	NORM_1WORD
@herra09	NORM_1WORD

Anjir	NORM_1WORD
fitnah	O
bgt	NORM_1WORD
nih	O
ya	O
gue	O
kutuk	O
lu	O
berdua	O
@arumsaric	NORM_1WORD
@sorayess_	NORM_1WORD

Udah	NORM_1WORD
cantik,	O
pinter,	NORM_1WORD
msh	NORM_1WORD
muda	O
pula,	O
keren	O
kaaakk???	NORM_1WORD

Iyaa	NORM_1WORD
kerenn	NORM_1WORD
cingg??nanti	O
kek	NORM_1WORD
gitu	NORM_1WORD
@raditya_rahagi	NORM_1WORD

Kaloo	NORM_1WORD
Kelewat	NORM_1WORD
Gimna	NORM_1WORD
Tuuh	NORM_1WORD

kupikir	O
tadinya	O
yg	NORM_1WORD
sebelah	O
Raisa	NORM_1WORD
itu	O
si	NORM_1WORD
Vaness	NORM_1WORD
Wu	NORM_1WORD
dari	O
F4,	NORM_1WORD
tapi	O
kok	O
pake	NORM_1WORD
baju	O
cewek	O
ya...	O
Mukanya	NORM_1WORD
mirip	O
bgt	NORM_1WORD
Vaness	NORM_1WORD
Wu	NORM_1WORD
member	O
F4....	NORM_1WORD
eh	O
ternyata	O
anggota	O
SNSD	NORM_1WORD
namanya	O
Tiffany,	NORM_1WORD
maklum	O
gak	NORM_1WORD
begitu	O
ngerti	NORM_1WORD
K-Pop....	NORM_1WORD

So	NORM_1WORD
sweet	O
bgt,bikin	NORM_1WORD
ngiri.	NORM_1WORD

I'm	NORM_1WORD
your	O
fans	NORM_1WORD
kka??	NORM_1WORD

Ucull	NORM_1WORD
@vilaafr	NORM_1WORD

Klu	NORM_1WORD
pose	O
ini	O
jatuhnyaa	NORM_1WORD
mirip	O
artis	O
korea	O
kka	NORM_1WORD
moo	O
?	O

Kmu	NORM_1WORD
gokillllll	NORM_1WORD

Pengen	NORM_1WORD
pi	NORM_1WORD
@hary_tris_diawan	NORM_1WORD

@mayaovia14	NORM_1WORD
ntar	NORM_1WORD
yeee	NORM_1WORD
klo	NORM_1WORD
udh	NORM_1WORD
sah	O
???	O

Cantikan	NORM_1WORD
kaya	NORM_1WORD
gini	NORM_1WORD
kak	O

Cantinya	NORM_1WORD
nagita	O

@sorayess_	NORM_1WORD
@arumsaric	NORM_1WORD
uuh	NORM_1WORD

Liat	NORM_1WORD
aja	NORM_1WORD
uda	NORM_1WORD
ngekeh	NORM_1WORD
mau	O
ketawa,hadeeeee	O
bg	NORM_1WORD
bg,...???	NORM_1WORD

@aureliabashiira67	NORM_1WORD
begini	O
ya..	O
jika	O
si	NORM_1WORD
@salshabillaadr	NORM_1WORD
nyebutin	NORM_1WORD
langsung	O
nama	O
seseorang	O
yg	NORM_1WORD
dia	O
maksud.	O
Itu	NORM_1WORD
seperti	O
dia	O
menghakimi	O
orang	O
tersebut.	O
Sudah	NORM_1WORD
benar	O
jika	O
salsa	O
menyebut	O
dengan	O
kata	O
"dia"	O
dan	O
bukan	O
menyebut	O
dengan	O
namanya.	O

Ihh	NORM_1WORD
gemes	NORM_1WORD

Pantat	NORM_1WORD
ayam	O
lah.	O
Sama	NORM_1WORD
siapa?	O
Lama	NORM_1WORD
lagi	O
dah.	NORM_1WORD
Kenapa	NORM_1WORD
gak	NORM_1WORD
klen	NORM_1WORD
aja?	NORM_1WORD
@dinatrirantini	NORM_1WORD
@dina_dondi	NORM_1WORD
@ginatamaranaibaho	NORM_1WORD
@shanensinagaa	NORM_1WORD
@florentinadolorosa	NORM_1WORD

Smua	NORM_1WORD
manusia	O
pasti	O
akan	O
menyusul	O
yoga	O
ka	NORM_1WORD
ruben	O
?.	O
Sampai	NORM_1WORD
ketemu	O
di	O
sisi	O
allah	O
ya	O
ka	NORM_1WORD
yoga	O
?	O

Jorokkkk...wekkk..	NORM_1WORD
Mualll	NORM_1WORD

Kalau	NORM_1WORD
isyana	O
nggak	NORM_1WORD
pakai	O
alis	O
lagi	O

Miko	NORM_1WORD
aja	NORM_1WORD

Kapan2	NORM_1WORD
adain	NORM_1WORD
M	NORM_1WORD
A	NORM_1WORD
G	NORM_1WORD
di	O
bekasi	O
dong	O
bun	O

@velin_kumiko	NORM_1WORD
:	O
males	NORM_1WORD
aja	NORM_1WORD
mbak	O
gw	NORM_1WORD
ngajuin	NORM_1WORD
diri	O
buat	O
jadi	O
gub	O
jakarta.	O
Ada	NORM_1WORD
jokowi	O
yg	NORM_1WORD
tiba2	NORM_1WORD
jadi	O
media's	NORM_1WORD
darling.	O
Dan	NORM_1WORD
gw	NORM_1WORD
lupa	O
mendingan	O
mendompleng	O
jokowi	O
yak	NORM_1WORD
supaya	O
bisa	O
jd	NORM_1WORD
gub	O
jkt	NORM_1WORD
kyk	NORM_1WORD
ni	NORM_1WORD
orang	O
hahahaahaa....	O

Miriiiip	NORM_1WORD
bgt	NORM_1WORD

@ekkyjorgi	NORM_1WORD
gue	O
gini	NORM_1WORD
lo	O
naksir	NORM_1WORD
banget	O
kali	O
ya	O
ky?	NORM_1WORD
Wkwk	NORM_1WORD

Bitipul	NORM_1WORD
skli	NORM_1WORD
kk..	NORM_1WORD

Hai	NORM_1WORD
kk	NORM_1WORD
gigi	O
slm	NORM_1WORD
knl,	NORM_1WORD
canti	NORM_1WORD
y	NORM_1WORD

@sefisetiana	NORM_1WORD
dengerin	NORM_1WORD
nih,	O
i-am-hope	NORM_1WORD

Sorong	NORM_1WORD
plisssss	O
@cherrybelleid	NORM_1WORD
ajak	O
@margareth_angelina	NORM_1WORD
yaaa...	NORM_1WORD
@canon.indonesia	NORM_1WORD

Lebih	NORM_1WORD
kasian	NORM_1WORD
elo!!	NORM_1WORD
Coba	NORM_1WORD
deh	O
baca	O
komenan	NORM_1WORD
lo	O
sendiri,	O
ngatain	NORM_1WORD
komenan	NORM_1WORD
org	NORM_1WORD
lain	O
lucu,	O
tpi	NORM_1WORD
lo	O
gk	NORM_1WORD
sadar	O
komenan	NORM_1WORD
lo	O
kyk	NORM_1WORD
gimana???	NORM_1WORD
@pamungkasgautama	NORM_1WORD

hahaha	O
muka2	NORM_1WORD
kalian	O
tuh	O
kayak	O
apa?ngaca	NORM_1WORD
dulu	O
dong	O
kalo	NORM_1WORD
mau	O
ngatain	NORM_1WORD
orang	O
eey,	NORM_1WORD
emang	NORM_1WORD
lu	O
nggk	NORM_1WORD
prnh	NORM_1WORD
buat	O
kslahan,	NORM_1WORD
dasar	O
cangkem	O
embongan	O
hahaha	O

azeeeek	NORM_1WORD
kalii	NORM_1WORD
@ybreza	NORM_1WORD
aku	O
bejuta	O
kali	O
udh	NORM_1WORD
aku	O
tonton	O
video	O
ini	O
:v	O

bahagia	O
skli	NORM_1WORD
kluarga	NORM_1WORD
kak	O
ruben,,,kpn	NORM_1WORD
ak	NORM_1WORD
pnya	NORM_1WORD
si	NORM_1WORD
kecil	O
lagi	O

Ngomong	NORM_1WORD
taek	NORM_1WORD
laan	O

Lihatlah	NORM_1WORD
km	NORM_1WORD
yg	NORM_1WORD
cantiq	NORM_1WORD
Luna	NORM_1WORD
Maya??	NORM_1WORD
Jangan	NORM_1WORD
suka	O
gampang	O
tersinggung...klo	NORM_1WORD
ak	NORM_1WORD
lihat	O
km	NORM_1WORD
dibalik	O
layar,	O
mereka	O
smua	NORM_1WORD
nya	O
hanya	O
bercanda...harus	O
bisa	O
berbesar	O
hati	O
ya	O
..beauty...	O

Happy	NORM_1WORD
birthday	O
ka	NORM_1WORD
acha	O
,	O
cantik	O
bgt	NORM_1WORD

Dua	NORM_1WORD
duanya	O
hitz	O
bgt	NORM_1WORD

@dodi_nardo	NORM_1WORD
coba	O
skali	NORM_1WORD
bng	NORM_1WORD

@yunitawiidya	NORM_1WORD
ini	O
yg	NORM_1WORD
gw	NORM_1WORD
mksd	NORM_1WORD
makhluk	O
makhluk	O
yg	NORM_1WORD
sering	O
nongol	O
d	NORM_1WORD
lampu	O
merah	O
hahahahaha	O

Yg	NORM_1WORD
no	O
1	O

Selamat	NORM_1WORD
ya	O
menjadi	O
org	NORM_1WORD
terpilih	O
dan	O
berhijrah	O
menuju	O
lebih	O
baik,	O
keren	O
bgt	NORM_1WORD
fotonya	O
dihapus	O
smua...semoga	NORM_1WORD
makin	O
istiqomah....	NORM_1WORD

teh	O
bisa	O
goride	O
engga?	NORM_1WORD
@nabilagardena	NORM_1WORD

Ka	NORM_1WORD
rina	O
baju2	NORM_1WORD
nya	O
pakai	O
merek	O
apa	O

Kakak	NORM_1WORD
cantik	O
pake	NORM_1WORD
jilbab.	O
Semoga	NORM_1WORD
langgenh	NORM_1WORD
sama	O
jilbabnya..	O
??????@rinanose16	NORM_1WORD

Suru	NORM_1WORD
telanjang	O
@anindhitakarani	NORM_1WORD

@mulanjameela_1	NORM_1WORD
kaLo	NORM_1WORD
gateL,	NORM_1WORD
jangan	O
gateL	NORM_1WORD
sama	O
sama	O
suami	O
sahabat	O
sendirir	NORM_1WORD
dong..	O
itu	O
namanya	O
brengsekk..	NORM_1WORD
#Lonte	NORM_1WORD

Booming	NORM_1WORD
!	O
alat	O
pembesar	O
payudara	O
yg	NORM_1WORD
digunakan	O
artis"	NORM_1WORD
julia	O
perez	O
,	O
Baby	NORM_1WORD
Margareta	NORM_1WORD
,	O
nikita	O
mirzani@miss_beauty_natural.	NORM_1WORD
atau	O
invite	O
pin	O
:	O
D251D44A	NORM_1WORD

@luthfi.aminulloh	NORM_1WORD
ya	O
ga	NORM_1WORD
boleh	O
terus	O
semua	O
di	O
judge	O
sama	O
mz,	NORM_1WORD
emg	NORM_1WORD
kenal	O
mbaknya?	O
Tau	NORM_1WORD
tujuan	O
mbaknya	O
nerima	NORM_1WORD
tawaran	O
dari	O
gojek?	O

Mantes	NORM_1WORD
di	O
kamu	O
euy	O
potongan	O
kitu	O
mah	O
@tlatifaah	NORM_1WORD
mun	O
aku	O
mah	O
katinggali	O
lemakna	O
mereeen	O
wkwkwk	O

Jamannya	NORM_1WORD
sinet	NORM_1WORD
bulan	O
&	O
bintang	O

Males	NORM_1WORD
liat	NORM_1WORD
pasangan	O
ini,	O
sweet	O
banget	O
jd	NORM_1WORD
iri	O
??sisain	NORM_1WORD
satu	O
yg	NORM_1WORD
kayak	O
aa	O
raffi	O
?	O

@marcelchandra	NORM_1WORD
yg	NORM_1WORD
pke	NORM_1WORD
tato	O
kk	NORM_1WORD
y	NORM_1WORD

nyadar?	NORM_1WORD
@hizradwiaprilianti	NORM_1WORD

Terbaeq	NORM_1WORD
kan	O
@derizadd	NORM_1WORD
hhhaa	O

Cantikan	NORM_1WORD
raisa	O
klo	NORM_1WORD
diliat	NORM_1WORD
seksama.	O

Cantik	NORM_1WORD
bngt??	NORM_1WORD
@chelseaislan	NORM_1WORD

@mulanjameela1	NORM_1WORD
drama	O
of	O
queen	O
kata	O
alghazli	O
udah	NORM_1WORD
main	O
sinetron	O
aja	NORM_1WORD
lu	O
kan	O
jago	O
actong	O

Adem	NORM_1WORD
ngelihat	NORM_1WORD
kalian	O
:)	O

Harus	NORM_1WORD
pake	NORM_1WORD
email	O
dulu	O
kah	O
itu	O
@abigaiill_roxx	NORM_1WORD

Kaka	NORM_1WORD
kulit	O
aku	O
sama	O
kaya	NORM_1WORD
kaka	NORM_1WORD
,	O
sama	O
sama	O
putih,	O
aku	O
juga	O
pake	NORM_1WORD
produkl@DR.NATASYA_TUBUHIDEAL	NORM_1WORD
gak	NORM_1WORD
nyesel	NORM_1WORD
deh	O
ka	NORM_1WORD
:)	O

Cans	NORM_1WORD

Wadaaw	NORM_1WORD
@kerenjrmh	NORM_1WORD

Apaan	NORM_1WORD
bgt	NORM_1WORD
si	NORM_1WORD
wkwkwk@miripmantanlu	NORM_1WORD

Ini	NORM_1WORD
nyindir	NORM_1WORD
bgt	NORM_1WORD
si	NORM_1WORD
muljen	O
@mulanjameelaqueen	NORM_1WORD

@ity_cantik	NORM_1WORD
ikh	NORM_1WORD
seorang	O
ibu	O
n	NORM_1WORD
seorang	O
istri	O
kok	O
bicaranya	O
kyk	NORM_1WORD
gt	NORM_1WORD
g	NORM_1WORD
pantes..pake	NORM_1WORD
bahasa	O
yg	NORM_1WORD
g	NORM_1WORD
enak	O
buat	O
di	O
bacanya..gmn	NORM_1WORD
klo	NORM_1WORD
smpe	NORM_1WORD
anak	O
kamu	O
nnti	NORM_1WORD
yg	NORM_1WORD
baca	O
ampun	O
kok	O
nyokap	O
gue	O
ngomongnya	NORM_1WORD
kayak	O
gt..malu	NORM_1WORD
kali	O
tu	NORM_1WORD
anak	O

Subhanallah	NORM_1WORD
cantiknyaaa..	NORM_1WORD
Semangat	NORM_1WORD
ya	O

LUCU	NORM_1WORD
BGT	NORM_1WORD
deh	O
skitar	NORM_1WORD
2	O
minggu	O
lalu	O
ktmu	NORM_1WORD
sma	NORM_1WORD
tmen	NORM_1WORD
sekolah..dia	O
bengong	O
liat	NORM_1WORD
aku	O
yg	NORM_1WORD
skrg..hahah	NORM_1WORD
maklum	O
dlu	NORM_1WORD
aku	O
pendek	O
dan	O
dekil.skrg	NORM_1WORD
aku	O
putih	O
dan	O
tumbuh	O
ke	O
ats	NORM_1WORD
donk	NORM_1WORD
berkat	O
produk	O
dr@LUKITAHERBAL	NORM_1WORD
pin	O
D2F78F9F	NORM_1WORD
wa	O
083820140366	O

Info	NORM_1WORD
lebih	O
lanjut	O
follow@DOKTERHERBALID	NORM_1WORD
/	O
pin.bbm.com/5F8E28D1	NORM_1WORD
/	O
WA	NORM_1WORD
:	O
083820039062	O
follow@DOKTERHERBALID	NORM_1WORD
/	O
pin.bbm.com/5F8E28D1	NORM_1WORD
/	O
WA	NORM_1WORD
:	O
083820039062	O
follow@DOKTERHERBALID	NORM_1WORD
/pin.bbm.com/5F8E28D1	NORM_1WORD
/	O
WA	NORM_1WORD
:	O
083820039062	O
Mau	NORM_1WORD
tambah	O
TINGGI	NORM_1WORD
6-15cm?	O
Berat	NORM_1WORD
badan	O
turun	O
16-25	O
kg?	O
Berat	NORM_1WORD
badan	O
bertambah	O
10-25	O
kg?	O
Kulit	NORM_1WORD
putih	O
sehat	O
alami?	O
Butuh	NORM_1WORD
Obat	NORM_1WORD
herbal	O
berbagai	O
penyakit??	O
?????	O
?????	O
Produk	NORM_1WORD
BEST	NORM_1WORD
SELLER	NORM_1WORD
dunia	O
sudah	O
teruji	O
khasiatnya?Mau	NORM_1WORD
tambah	O
TINGGI	NORM_1WORD
6-15cm?	O
Berat	NORM_1WORD
badan	O
turun	O
16-25	O
kg?	O
Berat	NORM_1WORD
badan	O
bertambah	O
10-25	O
kg?	O
Kulit	NORM_1WORD
putih	O
sehat	O
alami?	O
Butuh	NORM_1WORD
Obat	NORM_1WORD
herbal	O
berbagai	O
penyakit??	O
?????	O
?????	O
Produk	NORM_1WORD
BEST	NORM_1WORD
SELLER	NORM_1WORD
dunia	O
sudah	O
teruji	O
khasiatnya?Mau	NORM_1WORD
tambah	O
TINGGI	NORM_1WORD
6-15cm?	O
Berat	NORM_1WORD
badan	O
turun	O
16-25	O
kg?	O
Berat	NORM_1WORD
badan	O
bertambah	O
10-25	O
kg?	O
Kulit	NORM_1WORD
putih	O
sehat	O
alami?	O
Butuh	NORM_1WORD
Obat	NORM_1WORD
herbal	O
berbagai	O
penyakit??	O
?????	O
?????	O
Produk	NORM_1WORD
BEST	NORM_1WORD
SELLER	NORM_1WORD
dunia	O
sudah	O
teruji	O
khasiatnya?	O
?	O
produknya	O
aman	O
banget	O
?	O
ga	NORM_1WORD
ada	O
efek	O
samping	O
dan	O
ketergantungan?	O
,	O
Udah	NORM_1WORD
dapat	O
sertifikat	O
?	O
BPOM	NORM_1WORD
dan	O
?	O
Halal	NORM_1WORD
MUI	NORM_1WORD
juga	O
(y)	NORM_1WORD

@ersaardio	NORM_1WORD
km	NORM_1WORD
sabaro	NORM_1WORD
yaa	NORM_1WORD

Cek	NORM_1WORD
Ig	NORM_1WORD
ak	NORM_1WORD
yukk?	NORM_1WORD
jual	O
app	O
termurah	O
dan	O
fast	O
respon	O
lohhh	NORM_1WORD
20	O
pembeli	O
pertama	O
dapat	O
diskon	O
besar2an	NORM_1WORD

@nike_ansiy_yoonseong	NORM_1WORD
,mungkin	O
bunda	O
maia	O
mabuk,karena	O
dia	O
udah	NORM_1WORD
tau	O
ahmad	O
dhani	O
selingkuh	O
sm	NORM_1WORD
mulan,coba	O
klo	NORM_1WORD
km	NORM_1WORD
lg	NORM_1WORD
di	O
pihak	O
maia,blim	NORM_1WORD
tentu	O
km	NORM_1WORD
sekuat	O
beliau...	O

Biarkan	NORM_1WORD
mereka	O
yg	NORM_1WORD
menjalani	O
@amma_dheaa	NORM_1WORD

Subhanalloh	NORM_1WORD
Cantiknya	NORM_1WORD
teh	O
@rinanose16	NORM_1WORD

Bahagianya	NORM_1WORD
jd	NORM_1WORD
de	NORM_1WORD
mika	O
punya	O
ibu	O
yg	NORM_1WORD
cantik	O
dan	O
sayaang	NORM_1WORD
sama	O
klg	NORM_1WORD

@vionyjesycaa	NORM_1WORD
ayo	O
sis	O
kurus	O
trus	NORM_1WORD
foto	O
sama	O
aku	O
kayak	O
gini????	NORM_1WORD

Cantiikkkk	NORM_1WORD
bgt	NORM_1WORD
kaa...	NORM_1WORD
support	O
you	O
wearing	O
hijaabbb	NORM_1WORD

@lokitadevia	NORM_1WORD
anaknya	O
dude	O
pake	NORM_1WORD
motercare	O
juga	O
mba	NORM_1WORD

Iyuh	NORM_1WORD
bngt	NORM_1WORD
sih	O
komen	O
loh	O
@ity_cantik	NORM_1WORD

Bobo	NORM_1WORD
seperti	O
ituh-_-	NORM_1WORD

MAU	NORM_1WORD
JADI	NORM_1WORD
SELEBGRAM	NORM_1WORD
TAPO	NORM_1WORD
BINGUNG	NORM_1WORD
KUY	NORM_1WORD
CEK	NORM_1WORD
IG	NORM_1WORD
DIJAMIN	NORM_1WORD
MURAH	NORM_1WORD
DAN	NORM_1WORD
BERKUALITAS..	NORM_1WORD

Kok	NORM_1WORD
gk	NORM_1WORD
nge-post	O
lagi?	O

@ilhamalhafis16	NORM_1WORD
haha	O
masi	NORM_1WORD
lama	O
kaya	NORM_1WORD
gitu	NORM_1WORD
mah	O
??sabar?	O

@aparwati	NORM_1WORD
sempet	NORM_1WORD
ke	O
sby,	NORM_1WORD
meet	O
n	NORM_1WORD
greet?	O

Coba	NORM_1WORD
ini	O
yuwkkk	NORM_1WORD
@anggieangelina	NORM_1WORD
@enny.rosalina	NORM_1WORD

@rivanyaayu_31	NORM_1WORD
helloo	NORM_1WORD
kan	O
pendapat	O
orang	O
masing	O
masing	O

aku	O
udh	NORM_1WORD
dari	O
dulu	O
naksir	NORM_1WORD

Cek	NORM_1WORD
ig	O
ku	O
ya	O
Kaka...	NORM_1WORD
banyak	O
yg	NORM_1WORD
bru	NORM_1WORD
lho...	O

Ini	NORM_1WORD
mimpi	O
bukan	O
ea???	NORM_1WORD
Y	NORM_1WORD
allah	O
olga	O
bangun	O
dong?pangeran	O
surga	O
qu,,,,	NORM_1WORD

K	NORM_1WORD
boleh	O
tahu	O
ga	NORM_1WORD
ini	O
blush	O
on	O
tomford	O
bukan	O
ya	O
kalau	O
iya	O
shade	O
apa	O
aku	O
pgn	NORM_1WORD
beli	O

..gemesinnnnn	NORM_1WORD

Uhhh	NORM_1WORD
kek	NORM_1WORD
kulit	O
kamu	O
kak	O
@faridarfnt	NORM_1WORD
??	O
kasih	O
rahasianya	O
dumsss	NORM_1WORD

hancuuuuuy	NORM_1WORD
liyuuuuy	O
dapat	O
mwuachnya	O
mas	O
ai	O
@kuman__	NORM_1WORD
???	O

@shadrinaarfan	NORM_1WORD
miriiiip	NORM_1WORD
kaliiii??	NORM_1WORD

Lucuuuu	NORM_1WORD
bangettttt	NORM_1WORD
gempi...	O
mau	O
kyk	NORM_1WORD
gini	NORM_1WORD
atuu	NORM_1WORD
hehe	O

Menurut	NORM_1WORD
aku	O
cantikan	O
kk	NORM_1WORD
dri	NORM_1WORD
pda	NORM_1WORD
bella	O

Cntik	NORM_1WORD
n	NORM_1WORD
ganteng	O
bgt...	NORM_1WORD

PENGEN	NORM_1WORD
TINGGI	NORM_1WORD
BADAN	NORM_1WORD
3-10cm	O
JANKA	NORM_1WORD
WAKTU	NORM_1WORD
10-15	O
HARI	NORM_1WORD
HERBAL	NORM_1WORD
ALAMI	NORM_1WORD
TANPA	NORM_1WORD
EFEK	NORM_1WORD
SAMPING	NORM_1WORD
,,,,	O
YUK	NORM_1WORD
BURUAN	NORM_1WORD
ORDER,,,,	NORM_1WORD
BBM	NORM_1WORD
:D0E5559F	NORM_1WORD
LINE	NORM_1WORD
ID	NORM_1WORD
:	O
@lef6490b,,	NORM_1WORD

@vincentmarvin	NORM_1WORD
@mayo99	NORM_1WORD
@yennyxu	NORM_1WORD
diet	O
mayo	O
bisa	O
begini	O
niiih	NORM_1WORD

Happy	NORM_1WORD
birthday	O
kakak	O
ganteng	O
dengan	O
kembarannya	O
yg	NORM_1WORD
ganteng	O
ya	O
ga	NORM_1WORD
ketinggalan.	O
Sukses	NORM_1WORD
terus	O
ya	O
kak.	O
Soga	NORM_1WORD
bisa	O
jumpa	O
sama	O
kalian	O
berdua	O
kak	O
@mischach	NORM_1WORD
@marcelchandra	NORM_1WORD
Tuhan	NORM_1WORD
memberkati?????	O

Huhu	NORM_1WORD
kok	O
jadi	O
gini	NORM_1WORD
si	NORM_1WORD
steff?ga	NORM_1WORD
asikkk_-	O

Follback	NORM_1WORD
donk	NORM_1WORD
kak???	O

Bosen	NORM_1WORD
sama	O
jajanan	O
yg	NORM_1WORD
itu	O
itu	O
aja?	NORM_1WORD
cobain	NORM_1WORD
deh	O
"Kebab	NORM_1WORD
Mini	NORM_1WORD
Pasundan"	NORM_1WORD
frozen.	O
Dijamin	NORM_1WORD
ketagihan!	O
Tersedia	NORM_1WORD
dua	O
rasa:	O
original	O
dan	O
pedas.	O
Isi	NORM_1WORD
10	O
pcs.	O
Yuk	NORM_1WORD
langsung	O
cek	O
ig	O
kita	O
?	O

Aku	NORM_1WORD
yg	NORM_1WORD
kanan	O
dehhhh	NORM_1WORD
@anggitayuning	NORM_1WORD
@fitzaamelya	NORM_1WORD
?	O

Dri	NORM_1WORD
org	NORM_1WORD
biasa	O
mnjdi	NORM_1WORD
sprti	NORM_1WORD
skg	NORM_1WORD
itu	O
krna	NORM_1WORD
siapa	O
ya??,,,,	O
ckckckck	O

AKu	NORM_1WORD
donk	NORM_1WORD

Kak	NORM_1WORD
luna	O
terima	O
kasih	O
sudah	O
jadi	O
sahabat	O
terbaiiikkkkk	NORM_1WORD
almarhum	O
olga	O
by	O
dian	O
olgalovers	O

@arsy_r	NORM_1WORD
kapan	O
gitu	NORM_1WORD
mblo?	NORM_1WORD

coba	O
di	O
dunia	O
nyata	O
jga	NORM_1WORD
benar	O
pacaran.	O

Nama	NORM_1WORD
sc	O
nya	O
ap	NORM_1WORD

Kapan	NORM_1WORD
sih	O
episode	O
yang	O
ini..sudh	NORM_1WORD
ga	NORM_1WORD
sbr	NORM_1WORD
pngen	NORM_1WORD
nntn..	NORM_1WORD

Pala	NORM_1WORD
ikan	O
kakap	O
berbadan	O
ubur2..	NORM_1WORD

Kangen	NORM_1WORD
banget	O
ka	NORM_1WORD
olga	O
syahputra	O
sumpah,	O
jauhkan	O
ka	NORM_1WORD
olga	O
dari	O
api	O
neraka	O
ya	O
allah?	O
@lunamaya	NORM_1WORD
@bilsky16	NORM_1WORD

Setuju	NORM_1WORD
sm	NORM_1WORD
@danish_vinolta	NORM_1WORD
aku	O
juga	O
kangen	O
duo	O
ratu	O
itu	O
karya	O
nya	O
bagus2	NORM_1WORD

@tha_farida	NORM_1WORD
yg	NORM_1WORD
d	NORM_1WORD
tag	O
sih	O
bunda	O
maia...	O
tapi	O
mataku	O
dr	NORM_1WORD
td	NORM_1WORD
liatnya	NORM_1WORD
sih	O
si	NORM_1WORD
mulan	O

Cewe	NORM_1WORD
:	O
Kimmy	NORM_1WORD
cowo	NORM_1WORD
Matthew	NORM_1WORD

kangen	O
bngetttt	NORM_1WORD

Gw	NORM_1WORD
baru	O
tau	O
kl	NORM_1WORD
@nagita.slavina	NORM_1WORD
punya	O
haters.	O
Krn	NORM_1WORD
yg	NORM_1WORD
gw	NORM_1WORD
tau,	O
gigi	O
tuh	O
artis	O
sederhana,	O
ga	NORM_1WORD
aneh2	NORM_1WORD
n	NORM_1WORD
selama	O
ini	O
ga	NORM_1WORD
pernah	O
buat	O
macam2	NORM_1WORD
sensasi.	O
Ga	NORM_1WORD
pernah	O
juga	O
mengusik	O
yg	NORM_1WORD
lain.	O

Cantiiikkk	NORM_1WORD
bunda	O

Hahhahaa....lucuu	NORM_1WORD
bagaatt	NORM_1WORD
gayannxa.	NORM_1WORD

Aaaaaa....suaranya	NORM_1WORD
keren	O
abizzzz	NORM_1WORD
kak	O
ariel....kerrrrennnn...alwayz	NORM_1WORD
support	O
you	O

Klo	NORM_1WORD
cowok:	O
ahmat	O
pangeran	O
putra...	O

taekk	NORM_1WORD
@rizkiardini	NORM_1WORD

I	NORM_1WORD
like	O
it	NORM_1WORD
ka	NORM_1WORD
Caca	NORM_1WORD
:*	O
bangga	O
deh	O
ama	NORM_1WORD
ka	NORM_1WORD
Caca	NORM_1WORD
berbakti	O
ama	NORM_1WORD
orang	O
tua	O
:D	O

Mantaap	NORM_1WORD
pak	O
Ahok...maju	NORM_1WORD
terus,	O
biarkan	O
para	O
anjing	O
menggonggong,	O
hanya	O
manusia	O
"berakal"	O
dan	O
"benar2	NORM_1WORD
manusia"	O
yg	NORM_1WORD
dapat	O
membedakan	O
mana	O
baik	O
dan	O
buruk	O
anda	O
sebagai	O
gubernur...Bravo	NORM_1WORD
Pak	NORM_1WORD
Ahok!!!	NORM_1WORD

Iih	NORM_1WORD
jd	NORM_1WORD
rasa	O
hndk	NORM_1WORD
?	O
@rfhakimm	NORM_1WORD

Sumpah	NORM_1WORD
kocak	O
g	NORM_1WORD
ad	NORM_1WORD
matinya	O
@vincentrompies	NORM_1WORD

???CUMA	NORM_1WORD
ORANG	NORM_1WORD
TERTENTU	NORM_1WORD
AJA	NORM_1WORD
YG	NORM_1WORD
BERANI	NORM_1WORD
LIHAT	NORM_1WORD
AKSI	NORM_1WORD
VIDEO	NORM_1WORD
TESTIMONI	NORM_1WORD
YANG	NORM_1WORD
TIBA2	NORM_1WORD
LANGSUNG	NORM_1WORD
PUTIH???CEK	NORM_1WORD
IG	NORM_1WORD
SAYA	NORM_1WORD
KALAU	NORM_1WORD
ANDA	NORM_1WORD
MEMANG	NORM_1WORD
BENAR"	NORM_1WORD
PUNYA	NORM_1WORD
NYALI	NORM_1WORD
BESAR???SARAN	NORM_1WORD
SAYA	NORM_1WORD
TOLONG	NORM_1WORD
JANGAN	NORM_1WORD
KAGET	NORM_1WORD

cb	NORM_1WORD
ingat	O
saat	O
pertama	O
kali	O
memutuskan	O
berhijab	O
@marshanda99	NORM_1WORD

@hildiarahmadani	NORM_1WORD
rude	O
bgt	NORM_1WORD
loh..	O
kasar.	O
prnh	NORM_1WORD
sekolah	O
dl?	NORM_1WORD
jgn	NORM_1WORD
trll	NORM_1WORD
sk	NORM_1WORD
comment	O
hdp	NORM_1WORD
org..	NORM_1WORD
perbaiki	O
hdp	NORM_1WORD
sndr	NORM_1WORD
dl	NORM_1WORD
lah~~	O

Amiin	NORM_1WORD
ya	O
allah	O

Pengen	NORM_1WORD
banget	O
gua	O
bales	NORM_1WORD
satu-satu	O
komen	O
para	O
haters	O
"ngehina	NORM_1WORD
sampe	NORM_1WORD
segitunya	NORM_1WORD
?	O
Pada	NORM_1WORD
punya	O
kepribadian	O
yang	O
sangat	O
baik	O
yah	NORM_1WORD
atau	O
ga	NORM_1WORD
punya	O
dosa	O
dan	O
kesalahan	O
sama	O
sekali	O
selama	O
hidup?????	O
Ya	NORM_1WORD
ampuun,	NORM_1WORD
kamu	O
hebat	O
ih	O
bisa	O
ngehina	NORM_1WORD
orang	O
sampe	NORM_1WORD
mati-matian	O
supaya	O
bisa	O
ngejatuhin	NORM_1WORD
orang	O
tanpa	O
mikir	O
balasan	O
dari	O
sang	O
maha	O
Esa,	NORM_1WORD
dan	O
kamu	O
pada	O
ga	NORM_1WORD
takut	O
ya	O
klo	NORM_1WORD
nanti	O
seumur	O
hidup	O
kalian	O
ga	NORM_1WORD
pernah	O
ngelakuin	NORM_1WORD
dosa	O
eh	O
tiba-tiba	O
dapet	NORM_1WORD
dosa	O
karena	O
ngehina	NORM_1WORD
orang	O
lain.	O
Apa	NORM_1WORD
ga	NORM_1WORD
takut	O
kamu?	O
Sayang	NORM_1WORD
lo	O
pahalanya	O
selama	O
ini	O
,,".	O
Gedeg	NORM_1WORD
gua	O
ama	NORM_1WORD
haters	O

Mirip	NORM_1WORD
@arianagrande	NORM_1WORD
bgt!!!!	NORM_1WORD
??	O

Wahhhhhh.....lucu	NORM_1WORD
bngt	NORM_1WORD

mirip	O
bnget	NORM_1WORD
ma	NORM_1WORD
el	O
bun	O

Ambil	NORM_1WORD
line	O
foto	O
nya	O
keren2	NORM_1WORD
bang.	O
Gak	NORM_1WORD
nyangka,	NORM_1WORD
kirain	NORM_1WORD
cuma	O
pajangan	O
tuh	O
kamera	O
di	O
film	O
aadc,	O
curiga	O
punya	O
sendiri.	O
Foto	NORM_1WORD
di	O
NY	NORM_1WORD
nya	O
kayanya	O
juga	O
abang	O
@nicholassaputra	NORM_1WORD
yg	NORM_1WORD
ambil	O
kah?	O

@de_caths	NORM_1WORD
saya	O
setuju	O
dng	NORM_1WORD
pndapat	NORM_1WORD
km	NORM_1WORD

Mb	NORM_1WORD
irish	O
sm	NORM_1WORD
mas	O
gino	O
smga	NORM_1WORD
jadian	O
yaaa...amiiinnnn	NORM_1WORD

Lek	NORM_1WORD
selebgram	O
kok	O
mesti	O
apik	O
apik	O
ae	NORM_1WORD
yo	NORM_1WORD
lek	O
masio	NORM_1WORD
simple	O
jilbab	O
e	O
@shovamardia	NORM_1WORD

Sukaaak	NORM_1WORD
kebayanyaaa	NORM_1WORD
dan	O
mua	O
nya	O
@tlatifaah	NORM_1WORD
:33	O

Toketnya	NORM_1WORD
sampe	NORM_1WORD
tumpe2	NORM_1WORD
tuuuuh.	NORM_1WORD
Lenje	NORM_1WORD
sih	O
lu	O

Pingin:(	NORM_1WORD
aihhh	O

Kangen	NORM_1WORD
bangg.	NORM_1WORD

Kocaaaak????	NORM_1WORD

Karena	NORM_1WORD
apa	O
yg	NORM_1WORD
kita	O
posting	O
akan	O
kita	O
bawa	O
sampai	O
mati	O
lho....	O
meskipun	O
misal	O
kita	O
sudah	O
meninggal,	O
dosa	O
akan	O
tetap	O
mengalir	O
ketika	O
banyak	O
foto	O
kita	O
yg	NORM_1WORD
tersebar	O
di	O
sosmed	O
(dalam	O
keadaan	O
memamerkan	O
aurat)	O
??	O

Yo	NORM_1WORD
yo	NORM_1WORD
yo....	NORM_1WORD
Kuyy	NORM_1WORD
lah	O
kita	O
ikutan	O
BGA	NORM_1WORD
nya@heyitsmaliqaaa????,	NORM_1WORD
dijamin	O
100%	O
real!!???	O
Waktu	NORM_1WORD
pengumumannya	O
bentarr	NORM_1WORD
lagi	O
loh!	O
(1oktober2k16)	O
kuyy	NORM_1WORD
kita	O
ikutan!????	O
klw	NORM_1WORD
kamu	O
ga	NORM_1WORD
ikut	O
kamu	O
bakal	O
rugi	O
bgtt?????	NORM_1WORD
YUK	NORM_1WORD
IKUTAN!?	NORM_1WORD
#maafspam:))	NORM_1WORD

Hai	NORM_1WORD
girls,	O
yu	NORM_1WORD
Follow	NORM_1WORD
n	NORM_1WORD
order	O
Softlens	NORM_1WORD
dari	O
@harajukusoftlens	NORM_1WORD
Softlens	NORM_1WORD
nya	O
Kece2	NORM_1WORD
badaaiii.	NORM_1WORD
Banyak	NORM_1WORD
pilihan	O
warna	O
merk	O
n	NORM_1WORD
Motif	NORM_1WORD
yg	NORM_1WORD
super	O
keren.	O
Bikin	NORM_1WORD
Mata	NORM_1WORD
makin	O
cantik	O
memukau	O
shine	O
Maksimal.	NORM_1WORD
Harga	NORM_1WORD
terjangkau	O
gak	NORM_1WORD
bikin	O
kantong	O
Bolong.	NORM_1WORD
Paket	NORM_1WORD
lengkap	O
juga	O
ada.	O
Free	NORM_1WORD
Ongkir	NORM_1WORD
pula	O
seluruh	O
indonesia	O
kakak.	O
Yu	NORM_1WORD
order	O
girls!!?	O

@yeremiakrisanto	NORM_1WORD
pilih	O
ga	NORM_1WORD
pilih	O
itu	O
gak	NORM_1WORD
saya.	O
Saya	NORM_1WORD
warga	O
DKI,	NORM_1WORD
dia	O
gubernur	O
DKI,	NORM_1WORD
wajar	O
sya	NORM_1WORD
komplain	O
nyampein	NORM_1WORD
masalah	O
yg	NORM_1WORD
ada,	O
sya	NORM_1WORD
punya	O
hak	O
nyampein	NORM_1WORD
aspirasi	O
saya.	O
Saya	NORM_1WORD
justru	O
dukung	O
beliau	O
biar	O
Jakarta	NORM_1WORD
lebih	O
baik.	O
Bkn	NORM_1WORD
masalah	O
piala.	O
Tolong	NORM_1WORD
jgn	NORM_1WORD
salah	O
faham	O

paraah	NORM_1WORD
ni???	NORM_1WORD

Mauuu	NORM_1WORD
@dwikartikaaaa	NORM_1WORD

Kayakk	NORM_1WORD
ariana	O
asliii	NORM_1WORD

Ya	NORM_1WORD
ngemben,	O
usah	O
krudungan?	NORM_1WORD
Haha	NORM_1WORD
@ciyanlutfi	NORM_1WORD

@diananasution_	NORM_1WORD
cwo	NORM_1WORD
udah	NORM_1WORD
brengsek	O
mah	O
apapun	O
dijatuhkan	O
yg	NORM_1WORD
udah	NORM_1WORD
bukan	O
mnjadi	NORM_1WORD
milik	O
dia,	O
ktika	NORM_1WORD
masih	O
dipuja2	NORM_1WORD
sudah	O
ga	NORM_1WORD
cinta	O
dibuang,	O
kam	NORM_1WORD
kan	O
cwe	NORM_1WORD
smoga	NORM_1WORD
km	NORM_1WORD
ngrasain	NORM_1WORD
apa	O
yg	NORM_1WORD
bunda	O
cantik	O
rasain	NORM_1WORD

