ถ้า	O
ตอบ	O
มา	O
แบบ	O
นี้	O
พอ	O
จะ	O
เข้าใจ	O
ได้	O
อยู่	O
ครับ	O
_	O
แต่	O
ก็	O
ยัง	O
กังขา	O
ว่า	O
เค้า	NORM_1WORD
จะ	O
ไม่	O
สามารถ	O
บรีฟ	O
ทีม	O
ตัดต่อ	O
ได้	O
เลย	O
หรอ	NORM_1WORD
_	O
เค้า	NORM_1WORD
จะ	O
ไม่	O
บอก	O
ให้	O
ตัด	O
ตาม	O
ลำดับ	O
ได้	O
เลย	O
หรอ	NORM_1WORD
คับ	NORM_1WORD
_	O
ที่	O
จริง	O
หลายๆ	NORM_2WORD
ซิง	NORM_1WORD
ที่	O
ผ่าน	O
มา	O
ตั้งแต่	O
คุกกี้	O
_	O
เฟสติวัล	O
_	O
ผม	O
ก็	O
ไม่	O
เคย	O
อะไร	O
นะ	O
เพราะ	O
นั่น	O
อฟช.	NORM_1WORD
เลือก	O
แต่	O
นี่	O
ซิง	NORM_1WORD
เลือกตั้ง	O
ที่	O
มา	O
จาก	O
แฟนคลับ	O
คน	O
มัน	O
ก็	O
ต้อง	O
มี	O
ความคาดหวัง	O
อยู่แล้ว	O
ครับ	O

รีวิว	O
คร่าวๆ	NORM_2WORD
ไว้	O
ก่อน	O
ผ่าน	O
ไป	O
สัก	O
พัก	O
จะ	O
มา	O
อัพเดท	NORM_1WORD
จมูก	O
ใหม่	O
เรื่อยๆ	NORM_2WORD
_	O
มี	O
แต่	O
คน	O
ถาม	O
ว่า	O
จมูก	O
โด่ง	O
อยู่แล้ว	O
ทำ	O
ทำไม	O
_	O
มัน	O
โด่ง	O
แต่	O
ทรง	O
ไม่	O
สวย	O
ค่อนข้าง	O
งุ้ม	O
คล้าย	O
แม่มด	O
ฮัมพ์	O
ใหญ่	O
_	O
ไวน์	O
เลย	O
ปรึกษา	O
คุณ	O
หมอ	O
ที่	O
รณภีร์	O
คลีนิค	O
คุณ	O
หมอ	O
แนะนำ	O
ดี	O
มาก	O
_	O
ของ	O
ไวน์	O
คือ	O
ตะไบ	O
ฮัมพ์	O
อแก	NORM_1WORD
เพิ่ม	O
ปลาย	O
ใฟ้	NORM_1WORD
เชิด	O
ขึ้น	O
ข้าง	O
บน	O
เสริม	O
เล็กน้อย	O
_	O
ทรง	O
อเมริกันบาร์บี้	O
_	O
(	O
ต่อ	O
)	O

รีวิว	O
_	O
การอยู่คนเดียว	O
เว้ยยย	NORM_1WORD
_	O
การไม่มีแฟน	O
หรือ	O
ไม่	O
มี	O
คน	O
คุย	O
มัน	O
ก็	O
เหมือน	O
ตัวเอง	O
โดดเดียว	NORM_1WORD
เหงา	O
วะ	O
แต่	O
บางที	O
พอ	O
อยู่	O
กับ	O
เพื่อน	O
แม่ง	O
ก็	O
ลืม	O
เรื่อง	O
แบบ	O
นี้	O
ไป	O
เลย	O
_	O
เมื่อถึงเวลา	O
ต้อง	O
พักผ่อน	O
เรา	O
มี	O
เวลา	O
พักผ่อน	O
มาก	O
ไม่	O
ต้อง	O
เสียเวลา	O
คุย	O
กับ	O
ใคร	O
เลย	O
_	O
แม้กระทั้ง	NORM_1WORD
เงิน	O
เว้ย	O
555	O
ไม่	O
ต้อง	O
ไป	O
จ่าย	O
ไร	NORM_1WORD
ให้	O
ใคร	O
_	O
#แต่เมื่อถึงเวลาจะเจอเองอะคนที่ใช่	O

ไม่	O
เคย	O
ด่า	O
อฟช	NORM_1WORD
เลย	O
นะ	O
_	O
แต่	O
ครั้ง	O
นี้	O
ไม่	O
ไหว	O
อ่ะ	NORM_1WORD
_	O
ก็	O
จ่าย	O
เงิน	O
ไป	O
แล้ว	O
อ่ะ	NORM_1WORD
_	O
แล้ว	O
จะ	O
ให้	O
จ่าย	O
อีก	O
_	O
ยกเลิก	O
แต่	O
เงิน	O
ก็	O
ยัง	O
ไม่	O
คืน	O
_	O
ถ้า	O
ยัง	O
อยาก	O
ได้	O
สินค้า	O
ก็	O
ต้อง	O
ไป	O
เจียด	O
เงิน	O
จาก	O
แพลน	NORM_1WORD
ที่	O
วาง	O
ไว้	O
หรอ	NORM_1WORD
?	O
_	O
จะ	O
เที่ยว	O
_	O
จะ	O
ซื้อ	O
อย่าง	O
อื่น	O
ช่วง	O
ปีใหม่	O
_	O
ให้	O
ทำ	O
ไง	O
อ่ะ	NORM_1WORD
?	O
_	O
#BNK48	O
_	O
bnk48official	O
_	O
ใส่ใจ	O
ลูกค้า	O
หน่อย	O
_	O
มาตรฐาน	O
ยัง	O
ต่ำ	O
ก็	O
เข้าใจ	O
_	O
แต่	O
นี่	O
เกิน	O
ไป	O
.	O

รีวิว	O
_	O
#แดงเดือด	O
_	O
24	O
_	O
ก.พ.	O
_	O
62	O
_	O
แมนเชสเตอร์	O
ยูไนเต็ด	O
_	O
Vs	O
_	O
ลิเวอร์พลู	O
_	O
ฝั่ง	O
เจ้าบ้าน	O
_	O
-	O
แค่	O
รายชื่อ	O
11	O
ตัวจริง	O
ออก	O
มา	O
_	O
ก็	O
เฟลๆ	O
ล่ะ	NORM_1WORD
_	O
--	O
_	O
-	O
ลูกากู	O
_	O
ไม่	O
มี	O
อะไร	O
สร้างสรรค์	O
รูป	O
เกมส์	O
เลย	O
_	O
-	O
โทมิเน่	O
_	O
ช้า	O
มาก	O
นะ	O
แต่	O
มาติช	O
เจ็บ	O
ไง	O
_	O
-	O
เอเรร่า	O
เจ็บ	O
_	O
คือ	O
_	O
เกมส์	O
เริ่ม	O
ฝืด	O
แล้ว	O
_	O
-	O
มาต้า	O
เจ็บ	O
อีก	O
ตัว	O
_	O
คือแบบ	O
_	O
ตัวหลัก	O
เจ็บ	O
หมด	O
อ่ะ	NORM_1WORD
_	O
สถานณ์	NORM_1WORD
ฝั่ง	O
เรา	O
คือ	O

พอ	O
เห็น	O
บุ๊ก	O
เหมือน	O
เห็น	O
ตัวเอง	O
สมัย	O
ก่อน	O
_	O
พ่อแม่	O
ทำ	O
งาน	O
บริษัท	O
พอ	O
กลับ	O
บ้าน	O
ก็	O
ไม่	O
มี	O
ใคร	O
อยู่	O
_	O
ยิ่ง	O
ผญ.	NORM_1WORD
พ่อ	O
กำชับ	O
ไม่	O
ให้	O
ไป	O
ไหน	O
กลับ	O
บ้าน	O
เลย	O
_	O
ปิด	O
บ้าน	O
ให้	O
หมด	O
_	O
เหมือน	O
ไม่	O
มี	O
ใคร	O
อยู่	O
_	O
และ	O
รอ	O
อยู่	O
บ้าน	O
จนกว่า	O
พ่อแม่	O
จะ	O
มา	O
_	O
มัน	O
เหงา	O
นะ	O
_	O
มัน	O
รู้สึก	O
โหวง	O
ที่	O
ต้อง	O
อยู่	O
คน	O
เดียว	O
_	O
โคตร	O
เกลียด	O
เวลา	O
รอ	O
_	O
พอ	O
บอก	O
พ่อแม่	O
_	O
เค้า	NORM_1WORD
ก็	O
แก้	O
ด้วย	O
การซื้อ	O
โทรศัพท์	O
มา	O

ตอน	O
นี้	O
นึก	O
ไม่	O
ออก	O
แล้ว	O
ว่า	O
มี	O
คำถาม	O
อะไร	O
อีก	O
_	O
ใคร	O
มี	O
คำถาม	O
อะไร	O
ยินดี	O
ตอบ	O
_	O
ฝาก	O
ทิ้งท้าย	O
ไว้	O
ว่า	O
_	O
เรา	O
ใช้	O
แล้ว	O
ดี	O
ไม่	O
ได้	O
แปล	O
ว่า	O
ทุก	O
คน	O
ต้อง	O
ใช้	O
แล้ว	O
ดี	O
ด้วย	O
_	O
อ่าน	O
รีวิว	O
ไว้	O
ประกอบ	O
การตัดสินใจ	O
_	O
ที่สำคัญ	O
คือ	O
_	O
คุณ	O
ต้อง	O
สำรวจ	O
และ	O
ทำความรู้จึก	NORM_1WORD
ผิว	O
ตัวเอง	O
ให้	O
ดี	O
ว่า	O
พื้นเพ	O
เป็น	O
ยังไง	O
_	O
มี	O
ปัญหา	O
อะไร	O
_	O
แล้ว	O
เลือก	O
ใช้	O
สกินแคร์	O
ให้	O
ถูกต้อง	O
ตาม	O
สภาพ	O

มัน	O
อาจ	O
มอง	O
ได้	O
สอง	O
มุม	O
ครับ	O
_	O
คือ	O
น้อง	O
ที่	O
แชท	NORM_1WORD
_	O
กับ	O
นิว	O
เอง	O
_	O
แต่	O
ผม	O
อ่าน	O
ดู	O
แชท	NORM_1WORD
น้อง	O
มัน	O
เป็น	O
สิ่ง	O
ที่	O
คน	O
รอบ	O
ตัว	O
ของ	O
ดารา	O
พึง	O
ทำ	O
ครับ	O
_	O
ที่	O
น้อง	O
แท	O
มา	O
ไม่	O
ได้	O
มี	O
เนื้อหา	O
จะ	O
คุกคาม	O
ความเป็นส่วนตัว	O
ของ	O
หมอ	O
เลย	O
_	O
เป็น	O
ให้	O
คำแนะนำ	O
ซึ่ง	O
หลายๆ	NORM_2WORD
_	O
คน	O
ก็	O
น่า	O
จะ	O
เห็น	O
ว่า	O
ทั้ง	O
สอง	O
ควร	O
แก้ไข	O
_	O
ดัง	O
นั้น	O
ข้อความ	O
ของ	O
พี่	O
อลิส	O
น่า	O
จะ	O
ลง	O
ไป	O
ที่	O
พฤติกรรม	O
นิว	O
โดย	O
ตรง	O
เลย	O
ครับ	O

#เรื่องมันช่างน่าอาย	O
_	O
นี่	O
เมื่อคืน	O
พึ่ง	NORM_1WORD
กลับ	O
จาก	O
ตจว.	NORM_1WORD
_	O
และ	O
ด้วยความ	O
นอน	O
มา	O
ใน	O
รถ	O
_	O
พึ่ง	NORM_1WORD
ตื่น	O
_	O
ลง	O
มา	O
เข้า	O
เซเว่น	O
หา	O
ของกิน	O
_	O
เดิน	O
ออก	O
มา	O
เจอ	O
ผช.	NORM_1WORD
กลุ่ม	O
หนึ่ง	O
_	O
แบบ	O
โอ้ยย	NORM_1WORD
หล่ออออ	NORM_1WORD
_	O
เรา	O
ก็	O
มอง	O
หน้า	O
เค้า	NORM_1WORD
_	O
เขา	O
ก็	O
มอง	O
หน้า	O
เรา	O
_	O
ไอ	NORM_1WORD
นี่	O
ก็	O
เดิน	O
ไป	O
เขิน	O
ไป	O
_	O
จังหวะ	O
สวน	O
กัน	O
_	O
สรุป	O
เดิน	O
ชน	O
ถังขยะ	O
เซเว่น	O
จ้า	NORM_1WORD
_	O
ต้อง	O
ไป	O
จัด	O
ให้	O
เค้า	NORM_1WORD
ใหม่	O
_	O
พร้อม	O
กับ	O
รีบ	O
เดิน	O
ออก	O
มา	O

#BNK48	O
_	O
เคย	O
เจอ	O
พวก	O
ชอบ	O
บลัฟ	O
กัน	O
ไหม	O
ครับ	O
_	O
แบบ	O
_	O
เวลา	O
ไป	O
ดู	O
คอนฯ	NORM_1WORD
น้อง	O
_	O
กำลัง	O
คุย	O
กับ	O
เพื่อน	O
เรา	O
_	O
เรื่อง	O
_	O
ซิงเกิ้ล	NORM_1WORD
ถัด	O
ไป	O
_	O
ระหว่าง	O
รอ	O
_	O
เหมือน	O
เขา	O
ได้	O
ยิน	O
เลย	O
เข้า	O
มา	O
คุย	O
ด้วย	O
_	O
แล้ว	O
_	O
เขา	O
ก็	O
บลัฟ	O
_	O
ว่า	O
_	O
เพลง	O
ใหม่	O
หรอ	O
_	O
รู้	O
ว่า	O
เพลง	O
อะไร	O
_	O
ผม	O
ก็	O
ถาม	O
ว่า	O
_	O
เพลง	O
ไร	O
ล่ะ	O
ฮะ	O
(	O
ด้วย	O
ความสุภาพ	O
)	O
_	O
พี่	O
แก	O
จะ	O
บอกว่า	O
_	O
บอก	O
ไม่	O
ได้	O
_	O
แล้ว	O
ก็	O
จาก	O
ไป	O
_	O
ทิ้ง	O
ให้	O
ผม	O
กะ	O
เพื่อน	O
_	O
งง	O

เคย	O
เปิด	O
ตู้เย็น	O
อยู่	O
_	O
พ่อ	O
ก็	O
เลย	O
ให้	O
เอา	O
น้ำแข็ง	O
ใส่	O
แก้ว	O
ให้	O
_	O
เสร็จ	O
หัน	O
มา	O
หา	O
โทรศัพท์	O
_	O
ไม่	O
เจอ	O
_	O
พ่อ	O
เป็น	O
คน	O
ชอบ	O
แกล้ง	O
เลย	O
หัน	O
ไป	O
ถาม	O
ว่า	O
แกล้ง	O
ใช่	O
มั้ย	O
_	O
พ่อ	O
ก็	O
บอก	O
ไม่	O
ได้	O
แกล้ง	O
_	O
แต่	O
หน้า	O
ดู	O
มี	O
พิรุธ	O
_	O
ถาม	O
อยู่	O
หลาย	O
รอบ	O
_	O
ค้นตัว	O
พ่อ	O
ด้วย	O
_	O
เปิด	O
ตู้เย็น	O
หยิบ	O
น้ำ	O
อีก	O
ที	O
_	O
โทรศัพท์	O
อยู่	O
ใน	O
ตู้เย็น	O
_	O
หัน	O
ไป	O
มอง	O
หน้า	O
พ่อ	O
แล้ว	O
ขำ	O
..	O
_	O
#เรื่องมันช่างน่าอาย	O

เห็น	O
หลาย	O
คน	O
ถาม	O
มา	O
_	O
#แอดยืนหนึ่งเรื่องไม่ซูมนะคะ	O
555	O
_	O
กล้อง	O
แอด	NORM_1WORD
ค่อนข้าง	O
แย่	O
เมื่อ	O
ถ่าย	O
ตอน	O
กลางคืน	O
_	O
เสียใจ	O
อ่า	O
_	O
ถ่าย	O
ออก	O
มา	O
ดู	O
ไกล	O
มาก	O
เลย	O
ใช่	O
มั้ย	NORM_1WORD
_	O
แต่	O
ความจริง	O
ใกล้	O
อยู่	O
นะ	O
_	O
เห็น	O
หน้า	O
ทุก	O
คน	O
ชัด	O
มาก	O
_	O
(	O
6800	O
รีวิว	O
นะ	O
คะ	O
)	O
_	O
โดยเฉพาะ	O
ยุนกิ	O
ขาว	O
มาก	O
จริงๆ	NORM_2WORD
_	O
ลอง	O
ถ่าย	O
ภาพ	O
แล้ว	O
ไม่	O
เห็น	O
หน้า	O
เลย	O
_	O
ขาว	O
ไป	O
หมด	O
_	O
#BTSLoveYourSelfinBKK	O
_	O
#รอคอน5อซ	O

สระแก้ว	O
เป็น	O
จังหวัด	O
ชายแดน	O
ที่	O
ควร	O
จะ	O
ไป	O
ได้	O
ไกล	O
กว่า	O
นี้	O
มี	O
ตลาด	O
เก่าๆ	O
ที่	O
สามารถ	O
เอา	O
มา	O
ทำ	O
ที่เที่ยว	O
ได้	O
แม่ง	O
ก็	O
คือ	O
ไม่	O
ทำ	O
เลย	O
เหงาๆ	O
เงียบๆ	O
ซบเซา	O
_	O
นี่	O
คือ	O
อำเภอ	O
วัฒนานคร	O
ที่	O
เป็น	O
บ้านเกิด	O
_	O
บอก	O
เลย	O
ว่า	O
เหงา	O
มาก	O
ทั้งๆที่	O
รถไฟ	O
ผ่าน	O
_	O
ไม่	O
มี	O
การกระตุ้น	O
เศรษฐกิจ	O
ยัง	O
ไม่	O
รู้สึก	O
ว่า	O
พวก	O
เทียนทอง	O
ทำ	O
อะไร	O
ได้	O
เลย	O
นอกจาก	O
มา	O
ทวง	O
บุญคุณ	O
ก่อน	O
เลือกตั้ง	O

3	O
.	O
_	O
รีวิว	O
_	O
#บริการโรงพยาบาลรัฐ	O
_	O
วันก่อน	O
ไป	O
_	O
ขนส่ง	O
_	O
จนท	NORM_1WORD
_	O
ก็	O
พูด	O
ไม่	O
มี	O
หางเสียง	O
_	O
ขัดหู	O
_	O
ปกติ	O
ติดต่อ	O
เอกชน	O
ต่างๆ	NORM_2WORD
ก็	O
พูด	O
แบบ	O
มี	O
มารยาท	O
_	O
คือ	O
_	O
ราชการ	O
ต้อง	O
เป็น	O
แบบ	O
นี้	O
หรอ	NORM_1WORD
_	O
มัน	O
เหมาะสม	O
อะไร	O
ยังไง	NORM_1WORD
วะ	O
_	O
ถ้า	O
ขั้น	O
ต้น	O
เริ่ม	O
จาก	O
หงุดหงิด	O
ตรง	O
นี้	O
_	O
ที่	O
มี	O
ข่าว	O
แย่ๆ	O
ของ	O
_	O
รพ	NORM_1WORD
_	O
ก็	O
ไม่	O
แปลก	O
_	O
เพราะ	O
การทรีท	NORM_1WORD
_	O
คน	O
ไม่	O
เท่า	O
กัน	O
_	O
มัน	O
คือ	O
ต้นเหตุ	O
แห่ง	O
ความไม่พอใจ	O

เป็น	O
เหมือน	O
กัน	O
เลย	O
ค่ะ	O
_	O
แต่	O
เขา	O
มา	O
บอก	O
เรา	O
ว่า	O
ชอบ	O
เรา	O
เหมือน	O
กัน	O
หลอก	O
ให้	O
เรา	O
มี	O
ความหวัง	O
ทั้งๆที่	O
เขา	O
ก็	O
ชอบ	O
อีก	O
คน	O
นึง	NORM_1WORD
ที่	O
ไม่	O
ใช่	O
เรา	O
_	O
เรา	O
ก็	O
เปย์	O
เขา	O
ซื้อ	O
นู้น	NORM_1WORD
ซืิ้	NORM_1WORD
นี้	NORM_1WORD
ให้	O
เขา	O
แต่	O
สุดท้าย	O
เขา	O
ก็	O
ทิ้ง	O
เรา	O
ไป	O
หา	O
ผู้หญิง	O
คน	O
ที่	O
เขา	O
ชอบ	O
_	O
เขา	O
มา	O
บอก	O
เรา	O
ว่า	O
เขา	O
ไม่	O
เคย	O
ชอบ	O
เรา	O
เลย	O
_	O
จะ	O
ให้	O
เรา	O
รู้สึก	O
ยังไง	NORM_1WORD
คือ	O
มัน	O
รัก	O
ไป	O
แล้ว	O
อ่ะ	NORM_1WORD
_	O
ทุกวันนี้	O
ทำใจ	O
ได้	O
ค่ะ	O

อยาก	O
บอก	O
อร	O
ว่า	O
_	O
ปกติ	O
พี่	O
ไม่	O
ได้	O
โอชิ	O
อร	O
_	O
อาจ	O
จะ	O
ด้วย	O
เพราะ	O
ไม่	O
ใช่	O
_	O
Style	O
_	O
แบบ	O
ที่	O
ชอบ	O
_	O
แต่	O
บอก	O
เลย	O
เอาใจช่วย	O
ทุก	O
ครั้ง	O
ที่	O
มี	O
เรื่อง	O
ไม่	O
ดี	O
เข้า	O
มา	O
หา	O
น้อง	O
_	O
รอบ	O
นี้	O
คิด	O
ว่า	O
อร	O
คง	O
ไม่	O
ร้องไห้	O
แล้ว	O
เนาะ	O
_	O
เรื่อง	O
กระจอกๆ	O
แบบ	O
นี้	O
ทำ	O
อะไร	O
อุ๋ง	O
ที่	O
แข็งแกร่ง	O
ขึ้น	O
แล้ว	O
ไม่	O
ได้	O
หรอก	O
_	O
ถ้า	O
ผ่าน	O
มา	O
อ่าน	O
เจอ	O
_	O
เอา	O
กำลังใจ	O
ไป	O
_	O
1	O
_	O
ea	O
_	O
จาก	O
พี่	O
นะ	O
_	O
#	O
Orn	O
BNK48	O
_	O
#	O
BNK48	O

บ้า	O
จีง	NORM_1WORD
หนัง	O
ผี	O
เลิก	O
คุย	O
_	O
กล้า	O
ดู	O
แค่	O
อิท	O
_	O
เรื่อง	O
อื่น	O
ต้อง	O
ดู	O
กับ	O
เพื่อน	O
ไม่ก็	O
ให้	O
เพื่อน	O
เล่า	O
ให้	O
ฟัง	O
แทน	O
_	O
งั้น	NORM_1WORD
หนัง	O
รัก	O
_	O
เรื่อง	O
นี้	O
เรื่อง	O
โปรด	O
ของ	O
น้อง	O
เลย	O
_	O
love	O
rosie	O
_	O
เพื่อนรัก	O
กั๊ก	O
เป็น	O
แฟน	O
_	O
รีวิว	O
ว่า	O
ร้องไห้	O
จน	O
ตาบงม	NORM_1WORD
_	O
ความรัก	O
ยาวนาน	O
ระหว่าง	O
เพื่อนสนิท	O
ตั้งแต่	O
เด็ก	O
กว่า	O
จะ	O
ลงเอย	O
กัน	O
จน	O
ต่าง	O
คน	O
ต่าง	O
ผ่าน	O
เรื่อง	O
เจ็บปวด	O
กัน	O
มา	O
เยอะ	O
_	O
-	O

รีวิว	O
แบรนด์	O
_	O
JERGENS	O
_	O
สี	O
ม่วง	O
_	O
ตอน	O
แรก	O
ที่	O
เปิด	O
ฝา	O
และ	O
บีบ	O
ออก	O
มา	O
คือ	O
แบบ	O
หอม	O
มาก	O
หอม	O
จน	O
นึก	O
ว่า	O
อยู่	O
ท่ามกลาง	O
ทุ่ง	O
ดอกไม้	O
_	O
เนื้อ	O
ครีม	O
เหนอะ	O
แต่	O
ทา	O
แล้ว	O
ชุ่มชื้น	O
ดี	O
มาก	O
เวอร์	O
ตื่น	O
เช้า	O
มา	O
รู้สึก	O
ผิว	O
นุ่ม	O
กว่า	O
ตอน	O
ใช้	O
วาสลีน	O
อีก	O
ง่ะ	O
_	O
อยาก	O
ให้	O
ทุก	O
คน	O
ได้	O
ลอง	O
_	O
แบรนด์	O
นี้	O
มี	O
หลาย	O
สูตร	O
มาก	O
_	O
ราคา	O
90	O
,	O
160	O
,	O
200	O
+	O
แล้ว	O
แต่	O
ขนาด	O
_	O
#ไว้รีวิวห้ามขายของโว้ยยย	O

ทำไม	O
โอตะ	O
ต้อง	O
คอย	O
เป็น	O
กำแพงเหล็ก	O
ให้	O
กับ	O
idol	O
ใน	O
ทุกๆ	NORM_2WORD
เรื่อง	O
และ	O
ผลัก	O
คนวิจารณ์	O
เป็น	O
คนนอก	O
ตลอด	O
เวลา	O
_	O
ถ้า	O
respect	O
เขา	O
จริงๆ	NORM_2WORD
ก็	O
ต้อง	O
วิจารณ์	O
ตาม	O
ความคิดเห็น	O
ของ	O
เรา	O
ได้	O
สิ	O
_	O
พี่น้อง	O
โต	O
มา	O
ด้วยกัน	O
ยัง	O
เห็น	O
ไม่	O
เหมือนกัน	O
ทุก	O
เรื่อง	O
เลย	O
นับประสา	O
อะไร	O
กับ	O
idol	O
ที่	O
เพิ่ง	O
เห็น	O
มา	O
ไม่	O
กี่	O
ปี	O
_	O
#BNK48	O
_	O
#ก็ไม่ได้หมายความว่าให้ไปนั่งจับผิดนะ	O

อร	O
จะ	O
ทำ	O
กับ	O
แจน	O
แบบนี้	O
ไม่	O
ด้ายยยยยยยยยยยยยยยยยยยยยยยยยยยยยยยยยยยยยยยยยยยยยยยยยยยยยยยยยยยยยยยยยยยยยยยยยยยยยยยยยยยยยยยยยยยยยยยยยยยยยยยยยยยยยยยยยยยยยยยยยยยยยยยยยยยยยยยยยยยยยยยยยยยยยยยยยยยยยยยยยยยยยยยยยยยยยยยยยยยยยยยยยยยยยยยยยยยยยยยยยยยยยยยยยยยยยยยยยยยยยยยยยยยยย	NORM_1WORD
_	O
#JanBNK48	O
_	O
#OrnBNK48	O
_	O
#BNK48	O

จริง	O
ค่ะ	O
จาก	O
ใจ	O
คน	O
ติ่ง	O
วง	O
เกิร์ลกรุ๊ป	O
เกาหลี	O
มา	O
ตลอดดดด	NORM_1WORD
_	O
สมัย	O
เกิร์ลเจน	O
เลย	O
_	O
ปัจจุบัน	O
ยัง	O
ติ่ง	O
อยู่	O
5555	O
_	O
ไม่	O
เคย	O
มอง	O
ผช	NORM_1WORD
วง	O
ไหน	O
เลย	O
จน	O
มา	O
เจอ	O
nct	O
นี่ละ	NORM_1WORD
เปิดใจ	O
ไป	O
งาน	O
มาชิตะ	O
ที่	O
สยาม	O
ตั้งแต่	O
วัน	O
นั้น	O
จน	O
ปัจจุบัน	O
สาหัส	O
มาก	O
ค่ะ	O
เงิน	O
ไม่	O
ค่อย	O
จะ	O
พอใช้	O
5555555	O
_	O
เรา	O
เมน	O
แจฮยอน	O
ค่ะ	O
_	O
รัก	O
ทุก	O
คน	O
แต่	O
คีพ	NORM_1WORD
เมน	O
คน	O
เดียว	O
ไม่	O
มี	O
เมน	O
ย่อย	O
เดี๋ยว	O
ต้อง	O
ขาย	O
ไต	O
55555	O

แก	O
คือ	O
ดี	O
ทุก	O
คน	O
เลย	O
อ่ะ	O
_	O
นี่	O
ชอบ	O
ท่อน	O
แบมแบม	O
มากๆ	NORM_2WORD
_	O
ท่อน	O
ฮุค	O
เสียง	O
ยจ	O
คือ	O
มัน	O
สุดยอด	O
มาก	O
เว่ย	O
_	O
เจอ	O
เสียง	O
หลบ	O
พี่	O
บี	O
ต่อ	O
คือ	O
เริ่ด	O
มาก	O
_	O
แร็ป	NORM_1WORD
ไลน์	O
ก็	O
คือ	O
แร็ป	NORM_1WORD
กัน	O
ปั๊ว	O
มาก	O
_	O
ชอบ	O
_	O
เบรค	NORM_1WORD
แดนซ์	O
คือ	O
เต็ม	O
สิบ	O
ให้	O
ร้อย	O
อ่ะ	O
_	O
ชอบ	O
ท่า	O
_	O
ยูค	O
ร้อง	O
เพลง	O
เพราะ	O
ขึ้น	O
มากๆ	NORM_2WORD
เลย	O
นะ	O
_	O
เทียบ	O
กับ	O
เมื่อ	O
ก่อน	O
_	O
ส่วน	O
นยอง	O
ก็	O
คือ	O
ร้อง	O
เปิด	O
อเกน	O
_	O
ดี	O
เหมือน	O
เดิม	O
_	O
รัก	O
_	O
#GOT7_ECLIPSE	O

เป็น	O
กลุ่ม	O
_	O
3	O
_	O
ที่	O
ไม่	O
ได้	O
ไป	O
งาน	O
_	O
ใช้	O
ชื่อ	O
เรา	O
สั่ง	O
_	O
หาร	O
ค่าส่ง	O
กับ	O
น้อง	O
_	O
พอ	O
รู้	O
ว่า	O
รับ	O
เข็ม	O
หน้า	O
งาน	O
ได้	O
_	O
ก็	O
ถาม	O
ใน	O
msg	O
เพจ	O
ว่า	O
รับ	O
แทน	O
กัน	O
ได้	O
ไหม	O
_	O
เพจ	O
บอก	O
ว่า	O
ต้อง	O
มา	O
รับ	O
ด้วย	O
ตัวเอง	O
_	O
เมื่อ	O
เย็น	O
วาน	O
ก็	O
นัด	O
เอา	O
บัตร	O
ให้	O
น้อง	O
_	O
พอ	O
กลางคืน	O
เพจ	O
ประกาศ	O
เรื่อง	O
รับ	O
แทน	O
กัน	O
ได้	O
_	O
ไม่	O
เหมือน	O
ที่	O
คุย	O
กัน	O
ไว้	O
นี่	O
นา	NORM_1WORD
_	O
ไม่	O
งั้น	NORM_1WORD
จะ	O
ได้	O
ฝาก	O
สำเนา	O
บัตร	O
ไป	O
ไง	O
_	O
#BNK48	O

รีวิว	O
ความพัง	O
เปลี่ยน	O
มา	O
ปัง	O
_	O
สภาพ	O
หน้า	O
ผิว	O
มัน	O
ขาด	O
น้ำ	O
เป้น	NORM_1WORD
สิว	O
อักเสบ	O
/	O
อุดตัน	O
ผิว	O
หมองคล้ำ	O
มี	O
รอย	O
ดำ	O
/	O
แดง	O
_	O
(	O
เดือน	O
กพ	NORM_1WORD
)	O
_	O
รีวิว	O
ได้	O
มั้ย	NORM_1WORD
เพราะ	O
ว่า	O
นี่	O
ก้	NORM_1WORD
ไป	O
หา	O
หมอ	O
มา	O
ด้วย	O
ให้	O
หมอ	O
ช่วย	O
กด	O
สิว	O
/	O
ฉีด	O
สิว	O
/	O
เลเซอร์	O
/	O
ทา	O
ลด	O
ความมัน	O
ด้วย	O
_	O
คือ	O
แนะนำ	O
ให้	O
ไป	O
ให้	O
หมอ	O
อะ	O
เอา	O
จริงๆ	NORM_2WORD
คือ	O
มัน	O
จะ	O
ค่อยๆ	O
หาย	O
มัน	O
ไม่	O
ได้	O
แบบ	O
ปุบปับ	NORM_1WORD
หาย	O
เลย	O
ไป	O
แค่	O
ครั้ง	O
สอง	O
ครั้ง	O
หาย	O
ไร	NORM_1WORD
งี้	O

ฟิค	NORM_1WORD
พี่	O
ตาม	O
อ่าน	O
หลาย	O
เรื่อง	O
เลย	O
ค่ะ	O
_	O
ขอบคุณ	O
ที่	O
แต่ง	O
ฟิค	NORM_1WORD
ดีๆๆๆๆ	NORM_1WORD
_	O
นะ	O
คะ	O
_	O
ถ้า	O
ไม่	O
ได้	O
ของ	O
คุณ	O
เรา	O
เหงา	O
แย่	O
เลย	O
...	O
_	O
ดังนั้น	O
_	O
มี	O
เรื่อง	O
ไม่	O
สบายใจ	O
_	O
ก็	O
หา	O
คน	O
คอย	O
ระบาย	O
นะ	O
คะ	O
_	O
อย่า	O
เก็บ	O
ไว้	O
คน	O
เดียว	O
_	O
คือ	O
คุณ	O
อยาก	O
ลง	O
ฟิค	NORM_1WORD
ตอน	O
ไหน	O
ก็	O
ได้ด้ด้	NORM_1WORD
_	O
เพราะ	O
เรา	O
คิด	O
ว่า	O
_	O
งานเขียน	O
ต้อง	O
ทำ	O
ตอน	O
ที่	O
มี	O
ความสุข	O
_	O
ดังนั้น	O
อย่า	O
เศร้า	O
ไป	O
เลย	O
นะ	O
คะ	O
สู้ๆ	O
_	O
เป็น	O
กำไลจัง	O
ให้	O
ค่ะ	O

คน	O
เกาหลี	O
เค้า	NORM_1WORD
ทราบ	O
ดี	O
ค่ะ	O
_	O
นักข่าว	O
ก็	O
เขียน	O
_	O
ว่า	O
หน่วย	O
คอมมานโด	O
_	O
702	O
_	O
ที่	O
_	O
ยงฮวา	O
_	O
ไป	O
อยู่	O
_	O
คือ	O
โหด	O
ที่สุด	O
_	O
ยาก	O
ที่สุด	O
_	O
ได้	O
รับ	O
ยกย่อง	O
ว่า	O
รวม	O
สุด	O
ยอด	O
ทหาร	O
ที่	O
เป็น	O
จุด	O
สูงสุด	O
ของ	O
กองทัพ	O
แล้ว	O
_	O
เป็น	O
คอมมานโด	O
หน่วย	O
แรก	O
ของ	O
กองทัพ	O
ด้วย	O
_	O
ไม่	O
ว่า	O
พวก	O
มี	O
อคติ	O
จะ	O
ว่า	O
อะไร	O
_	O
มัน	O
ก็	O
เปลี่ยน	O
ความจริง	O
ข้าง	O
บน	O
ไม่	O
ได้	O
ค่ะ	O
_	O
ให้	O
ภูมิใจ	O
ใน	O
ตัวยง	O
ให้	O
มากๆ	NORM_2WORD
ค่ะ	O

ได้	O
อ่าน	O
คอนเทนต์	O
ของ	O
ทีมงาน	O
ที่	O
ทำ	O
โปรเจค	NORM_1WORD
ห้องสมุด	O
เฌอปราง	O
แล้ว	O
รู้สึก	O
ภูมิใจ	O
ที่	O
มี	O
คน	O
รัก	O
น้อง	O
มากมาย	O
ขนาด	O
นี้	O
และ	O
รู้สึก	O
ขอบคุณ	O
แฟนคลับ	O
เฌอปราง	O
สร้างสรรค์	O
สิ่ง	O
ดี	O
ให้	O
แก	NORM_1WORD
สังคม	O
ไทย	O
_	O
เนี้ยแหละ	NORM_1WORD
คือ	O
ที่มา	O
_	O
แฟนคลับ	O
คือ	O
หน้าตา	O
ของ	O
ไอดอล	O
ที่	O
แท้จริง	O
_	O
ขอบคุณ	O
ที่	O
ทำ	O
ทุก	O
อย่าง	O
ให้	O
กับ	O
น้อง	O
และ	O
สังคม	O
_	O
พวก	O
คุณ	O
สุดยอด	O
_	O
#CherprangBNK48	O
_	O
#bnk48	O

กู	O
แค่	O
ชอบ	O
แนว	O
ดาร์กๆ	O
อาจ	O
ดู	O
อะไร	O
ที่	O
มัน	O
โหด	O
_	O
เลือด	O
สาด	O
_	O
ชอบ	O
ดู	O
เลือด	O
แต่	O
ก็	O
ไม่	O
ได้	O
ฆ่า	O
ใคร	O
ไม่	O
ได้	O
ทำร้าย	O
ร่างก่ย	NORM_1WORD
ตัวเอง	O
นี่หว่า	O
เลิก	O
มอง	O
ว่า	O
กู	O
เป็น	O
โรคจิต	O
ได้	O
ละ	NORM_1WORD
_	O
คิด	O
ว่า	O
กู	O
จะ	O
ดู	O
แนว	O
เดียว	O
รึ	NORM_1WORD
ไง	NORM_1WORD
วะ	O
_	O
ใคร	O
จะ	O
เหมือน	O
มึง	O
ชวน	O
คุย	O
แต่	O
เกี่ยวกับ	O
หนัง	O
โป๊	O
กู	O
รู้	O
อยู่	O
หรอก	O
ว่า	O
มัน	O
ก็	O
ปกติ	O
แจ่	NORM_1WORD
พูด	O
บ่อย	O
แบบ	O
เนี้ย	NORM_1WORD
มึง	O
อวด	O
หรอ	NORM_1WORD
_	O
กลัว	O
คน	O
ไม่	O
รู้	O
หรอ	NORM_1WORD
ว่า	O
ดู	O
อะ	O
_	O
ถุ้ย	O
!!	O

ยืนยัน	O
อีก	O
เสียง	O
ถ้า	O
จะ	O
เขียน	O
นิยาย	O
ให้	O
แมส	NORM_1WORD
ควร	O
เริ่ม	O
จาก	O
แนว	O
มหาลัย	NORM_1WORD
หรือ	O
ฟีลกู๊ด	O
_	O
เรา	O
ก็	O
เริ่ม	O
มา	O
จาก	O
ตรง	O
นั้น	O
แหละ	O
_	O
จัสมิน	O
เพราะจีบจึงรักงี้	O
_	O
ได้	O
คอมเม้นท์	NORM_1WORD
ปา	O
ไป	O
สองสาม	O
พัน	O
_	O
แต่	O
หลังๆ	O
_	O
มา	O
เขียน	O
นิยาย	O
แนว	O
ผู้ใหญ่	O
ตัวละคร	O
โต	O
หน่อย	O
ก็	O
กริบ	O
ลง	O
อย่างที่	O
เห็น	O
_	O
แต่	O
ถาม	O
ว่า	O
เขียน	O
ต่อ	O
มั้ย	NORM_1WORD
_	O
ก็	O
จะ	O
เขียน	O
อยู่ดี	O
เพราะ	O
เรา	O
เน้น	O
เซอวิส	NORM_1WORD
ตัวเอง	O
_	O
5555	O

ลืม	O
บอก	O
ว่า	O
_	O
MRT	O
_	O
ก็	O
ถูก	O
มาก	O
_	O
นั่ง	O
เป็น	O
สิบ	O
สถานี	O
ไป	O
สนามบิน	O
_	O
ตั๋ว	O
ประมาณ	O
_	O
20	O
กว่า	O
บาท	O
มั้ง	O
_	O
โอเค	O
ภาษี	O
มัน	O
แพง	O
_	O
ค่าครองชีพ	O
เค้า	NORM_1WORD
โหด	O
_	O
แต่	O
เค้า	NORM_1WORD
ทำให้	O
พวก	O
รถไฟ	O
_	O
รถเมล์	O
_	O
มัน	O
ถูกๆ	O
เข้า	O
ไว้	O
_	O
เพื่อ	O
ให้	O
คน	O
ไม่	O
ใช้	O
รถส่วนตัว	O
_	O
แล้ว	O
หัน	O
มา	O
ใช้	O
การขนส่งสาธารณะ	O
แทน	O
_	O
ลด	O
ปัญหา	O
รถ	O
ติด	O
และ	O
มลภาวะ	O
ไป	O
อีก	O
_	O
แต่	O
บาง	O
ประเทศ	O
ขึ้น	O
ภาษี	O
เพื่อ	O
ไป	O
จ่าย	O
ค่าคลอดลูก	O
_	O
อี	O
สัส	NORM_1WORD

อัน	O
นี้	O
คือ	O
สภาพ	O
หน้า	O
เรา	O
หลัง	O
มาส์ก	O
เลย	O
นะ	O
_	O
แกะ	O
มา	O
สดๆ	O
_	O
แล้ว	O
ถ่าย	O
เลย	O
_	O
จะ	O
รีวิว	O
ว่า	O
คือ	O
หน้า	O
มัน	O
นุ่ม	O
ขึ้น	O
_	O
แล้ว	O
เรา	O
เป็น	O
คนผิวแห้ง	O
อะ	O
_	O
มัน	O
ชุ่มชื่น	O
ดี	O
_	O
คือ	O
สบาย	O
หน้า	O
_	O
เอาเป็นว่า	O
ชอบ	O
_	O
ไม่	O
อยาก	O
ทิ้ง	O
ที่	O
ตัวเอง	O
มาส์ก	O
อะ	O
_	O
เสียดาย	O
_	O
55555555555	O
ถือ	O
ว่า	O
ตอบโจทย์	O
คนผิวแห้ง	O
_	O
#ตลาดนัด	O
บังทัน	O
_	O
#ตลาดนัดรถไฟ	O
บังทัน	O
_	O
#BT21	O
_	O
#ปล่อยของสะสม	O
บังทัน	O

น่าสงสาร	O
_	O
นิยาย	O
ที่	O
เขา	O
แต่ง	O
มา	O
ดี	O
มากๆ	NORM_2WORD
_	O
แนว	O
ละมุนๆ	NORM_2WORD
_	O
แต่	O
มา	O
ปรับ	O
เปลี่ยน	O
บท	O
ไป	O
หมด	O
_	O
ตัว	O
แสดง	O
ก็	O
......	O
_	O
คนละ	O
ทิศ	O
เลย	O
_	O
ตลก	O
ตรง	O
ไหน	O
?	O
_	O
#ดื่มด่ำกับตัวอักษรในนิยายและจินตนาการที่กว้างไกลในโลกของนิยายดีกว่าเยอะ	O
_	O
เป็น	O
_	O
1	O
_	O
เรื่อง	O
ที่	O
ไม่	O
ตาม	O
ดู	O
_	O
ถึง	O
จะ	O
โปรโมท	NORM_1WORD
มาก	O
ขนาด	O
ไหน	O
_	O
ดัน	O
เท่าไร	O
_	O
คน	O
อ่าน	O
_	O
ต่าง	O
จาก	O
_	O
คน	O
ตาม	O
_	O
แน่นอน	O
_	O
#สงสารนักเขียน	O

รีวิว	O
หนัง	O
Homestay	O
(	O
เฉพาะ	O
ส่วน	O
ของ	O
เฌอ	O
)	O
บอก	O
เลย	O
ว่า	O
จิกหมอน	O
จริง	O
ไร	NORM_1WORD
จริง	O
55	O
_	O
รู้สึก	O
อิน	O
ไป	O
กับ	O
พี่	O
พาย	O
_	O
แล้ว	O
ก็	O
ภูมิใจ	O
ใน	O
การแสดง	O
ของ	O
เฌอ	O
มาก	O
_	O
เฌอ	O
ก้าว	O
มา	O
อีกขั้น	O
แล้ว	O
น้า	NORM_1WORD
_	O
ป.ล.	O
ดีใจ	O
ที่	O
ไม่	O
ว่า	O
จะ	O
ฉาก	O
นั้น	O
หรือ	O
ฉาก	O
ไหน	O
_	O
ที่	O
ทำให้	O
ผู้ชม	O
เขิน	O
จริง	O
หรือ	O
โกรธ	O
จริง	O
_	O
มัน	O
ทำให้	O
รู้	O
ว่า	O
เฌอ	O
เข้า	O
ถึง	O
บท	O
พาย	O
และ	O
แสดง	O
ได้	O
ดี	O
มาก	O
_	O
รัก	O
คุณ	O
นะ	O
#	O
Cherprang	O
BNK48	O

เรา	O
มี	O
บัตรแคมปัส	O
อยู่	O
แล้ว	O
แต่	O
เรา	O
ไป	O
ลง	O
สุ่ม	O
เธียเตอร์	O
เป็น	O
ผู้ติดตาม	O
เพื่อน	O
เพราะ	O
นึก	O
ว่า	O
ใช้	O
บัตรแคมปัส	O
จ่าย	O
เงิน	O
ได้	O
แต่	O
สรุป	O
ว่า	O
มัน	O
จ่าย	O
ไม่	O
ได้	O
แล้ว	O
ตอน	O
นี้	O
โค้ด	O
เรา	O
ค้าง	O
อยู่	O
กับ	O
ยูส	NORM_1WORD
เพื่อน	O
_	O
สามารถ	O
ทำ	O
ยังไง	NORM_1WORD
ได้	O
มั่ง	NORM_1WORD
ค่ะ	NORM_1WORD
_	O
เพราะ	O
ติดต่อ	O
อฟช.	NORM_1WORD
ไป	O
แล้ว	O
เงียบ	O
มากกก	NORM_1WORD
_	O
ขาย	O
ต่อ	O
เพื่อน	O
ก็	O
ไม่	O
ได้	O
เพราะ	O
เพื่อน	O
ก็	O
ไม่	O
ได้	O
อยาก	O
ไป	O
ดู	O
คนเดียว	O
_	O
#BNK48	O

ฮื่อ	O
ตอน	O
นี้	O
บ้า	O
พาเลท	O
ตา	O
ของ	O
colourpop	O
มาก	O
_	O
สี	O
น้อง	O
ติด	O
ชัด	O
ดี	O
_	O
ราคา	O
ตัว	O
นี้	O
ตอน	O
พรี	O
มา	O
มัน	O
ลด	O
อยู่	O
600	O
กว่า	O
_	O
คิด	O
ว่า	O
ทุกคน	O
ที่	O
ชอบ	O
พาเลท	O
ตา	O
ต้อง	O
มี	O
_	O
colourpop	O
อยู่	O
ใน	O
คอนเลคชั่น	NORM_1WORD
นะ	O
_	O
น้อง	O
สวย	O
ทุก	O
พาเลท	O
เลย	O
นี่	O
ซื้อ	O
มา	O
3	O
_	O
จะ	O
มา	O
นั่ง	O
รีวิว	O
ทุก	O
อัน	O
เลย	O
555	O
_	O
ตัว	O
นี้	O
ใคร	O
ขอบ	O
สี	O
โทน	O
ร้อน	O
แนะนำ	O
มากๆ	NORM_2WORD
_	O
#หมีขอรีวิว	O
_	O
#ไว้ขายของห้ามรีวิวโว้ยย	O
_	O
#colourpop	O

LFC	O
_	O
Tonight	O
_	O
I	O
_	O
will	O
_	O
watch	O
_	O
the	O
_	O
big	O
_	O
match	O
_	O
between	O
_	O
Liverpool	O
_	O
vs	O
_	O
Bayern	O
_	O
Munchen	O
_	O
live	O
_	O
on	O
_	O
Goal	O
_	O
Thailand's	O
_	O
Twitter.	O
_	O
The	O
_	O
coach	O
_	O
Klopp	O
_	O
will	O
_	O
meet	O
_	O
again	O
_	O
the	O
_	O
rival	O
_	O
from	O
_	O
Germany.	O
_	O
Well,	O
_	O
Natherine	O
_	O
as	O
_	O
a	O
_	O
member	O
_	O
of	O
_	O
BNK48	O
_	O
she	O
_	O
wore	O
_	O
a	O
_	O
jersey	O
_	O
of	O
_	O
Liverpool	O
_	O
FC	O
_	O
in	O
_	O
the	O
_	O
Handshake	O
_	O
event,	O
_	O
TH	O
_	O
on	O
_	O
last	O
_	O
Saturday.	O

ไม่	O
ได้	O
ออก	O
มา	O
ร้อน	O
เพราะ	O
กู	O
ก็	O
เล่น	O
เฝ้า	O
หรอก	O
นะ	O
_	O
เวลา	O
เล่น	O
กู	O
ก็	O
ไม่	O
ได้	O
เฝ้า	O
แต่	O
กู	O
ก็	O
มี	O
ปัญญา	O
จะ	O
เก็บ	O
สี่	O
ได้	O
เหมือน	O
กัน	O
_	O
ที่	O
พูด	O
เพราะ	O
กู	O
รำคาญ	O
มาก	O
จะ	O
บ่น	O
อะไร	O
ทุก	O
วัน	O
วะ	O
_	O
ไม่	O
รู้จัก	O
ปล่อยวาง	O
_	O
ไม่	O
รู้จัก	O
deal	O
_	O
with	O
_	O
it	O
_	O
มึง	O
หวัง	O
อะไร	O
จาก	O
แรงค์	O
working	O
_	O
bee	O
_	O
ไม่	O
ทราบ?	O
_	O
ฮันเตอร์	O
สุด	O
โหด	O
มี	O
ชั้นเชิง	O
ตบ	O
เรียบ	O
ตั้งแต่	O
สอง	O
นาที	O
แรก	O
ไร	O
งี้	O
ป้ะ	O
_	O
ห่านจิก	O

10	O
_	O
กว่า	O
ปี	O
_	O
การเมือง	O
การปกครอง	O
ประเทศ	O
ไทย	O
เข้าเกียร์ถอยหลัง	O
เต็มที่	O
ไร้	O
พัฒนาการ	O
แม้แต่	O
เด็ก	O
8	O
-	O
10	O
ขวบ	O
เค้า	NORM_1WORD
ยัง	O
รับรู้	O
ได้	O
ว่า	O
_	O
การใช้อำนาจ	O
บังคับ	O
ข่มขู่	O
เป็น	O
อัณตพาล	NORM_1WORD
เกเร	O
พ่อแม่	O
เค้า	NORM_1WORD
สอน	O
ให้	O
เป็น	O
อัณตพาล	NORM_1WORD
เกเร	O
แล้ว	O
เค้า	NORM_1WORD
จะ	O
มา	O
เลือกตั้ง	O
อย่าง	O
ไม่	O
ยุตธรรม	NORM_1WORD
และ	O
การบังคับ	O
ให้	O
ผู้ใต้อาณัฐ	NORM_1WORD
ทั้งหมด	O
_	O
ย้ำ	O
ว่า	O
ทั้งหมด	O
ต้อง	O
เลือก	O
ไอ้	O
เกเร	O
หรอ	NORM_1WORD

17	O
)	O
_	O
fic	O
_	O
naruto	O
_	O
-	O
_	O
resasuke	O
_	O
คือ	O
มี	O
วิญญาน	O
_	O
มา	O
บอก	O
อนาคต	O
ซาสึเกะ	O
_	O
คือ	O
เกะ	O
ไม่	O
เบียว	O
อะ	O
_	O
เป็น	O
คนดี	O
จน	O
น้อง	O
งง	O
_	O
น้อง	O
คือ	O
กุ	NORM_1WORD
เอง	O
_	O
อิอิ	O
_	O
แล้ว	O
สกิล	O
แบบ	O
โหด	O
สัส	NORM_1WORD
_	O
โหด	O
กว่า	O
ใน	O
เรื่อง	O
อีก	O
แม่งงง	NORM_1WORD
_	O
ตอนจบ	O
คือ	O
_	O
อห	NORM_1WORD
!!	O
อย่าง	O
นี้	O
ก็	O
ได้	O
_	O
ไป	O
ให้	O
สุด	O
_	O
ทุก	O
คน	O
คิด	O
ไม่	O
ถึง	O
แน่นอน	O
_	O
ปล.	NORM_1WORD
เกะ	O
เรียก	O
โตะ	O
_	O
ว่า	O
น้อง	O
นารุโตะ	O
_	O
โตะ	O
เรียก	O
เกะ	O
ว่า	O
_	O
พี่	O
ซาสึเกะ	O
_	O
ไอสัส	NORM_1WORD
_	O
กุ	NORM_1WORD
ร้องไห้	O

นี่	O
คือ	O
_	O
การใช้สิทธิ	O
ของ	O
ประชาชนพลเมือง	O
อินเดีย	O
ผู้มีสิทธิเลือกตั้ง	O
เกือบ	O
_	O
900	O
_	O
ล้าน	O
คน	O
_	O
โดย	O
ถือ	O
ว่า	O
เป็น	O
การเลือกตั้ง	O
ตามประชาธิปไตย	O
ครั้ง	O
ใหญ่	O
ที่	O
สุด	O
ใน	O
โลก	O
_	O
ที่	O
สำคัญ	O
ที่สุด	O
การนับผลคะแนนเลือกตั้ง	O
ใช้	O
เวลา	O
เสร็จสิ้น	O
ภายใน	O
เวลา	O
ไม่	O
นาน	O
_	O
หัน	O
มา	O
ดู	O
ประเทศ	O
ไทย	O
_	O
การเลือกตั้ง	O
ที่	O
ผ่าน	O
มา	O
เป็น	O
เช่นใด	O
?	O
การนับผลคะแนน	O
เป็น	O
เช่นใด	O
?	O

บันทึก	O
ความรู้สึก	O
_	O
ไลฟ์	O
คุณ	O
แก้ว	O
bnk48	O
_	O
จาก	O
ไลฟ์	O
ครั้ง	O
นี้	O
คุณ	O
แก้ว	O
เป็น	O
อีก	O
หนึ่ง	O
คน	O
ที่	O
ทำให้	O
ผม	O
เห็น	O
ว่า	O
แฟนคลับ	O
เป็น	O
กำลังใจ	O
ให้	O
กับ	O
ไอดอล	O
ได้	O
เช่น	O
กัน	O
_	O
แต่	O
ก็	O
มี	O
อีก	O
สิ่ง	O
ที่	O
ผม	O
มอง	O
เห็น	O
คือ	O
คุณ	O
แก้ว	O
เป็น	O
คน	O
ตรงๆ	O
_	O
มี	O
ความมั่นใจ	O
ใน	O
ตัวเอง	O
และ	O
มุ่งมั่น	O
ที่	O
สูง	O
_	O
แต่	O
ก็	O
อ่อนไหว	O
ใน	O
บาง	O
ที	O
_	O
จบ	O
_	O
ป.ล.	O
ภาพ	O
ที่	O
ใช้	O
นี้	O
ผม	O
ชอบ	O
มาก	O
_	O
#KaewBNK48	O
_	O
#BNK48	O

สปอยล์	O
endgame	O
_	O
(	O
อารมณ์	O
ส่วนตัว	O
ล้วน	O
)	O
_	O
.	O
_	O
.	O
_	O
.	O
_	O
ตอน	O
แรก	O
ก็	O
คิด	O
ว่า	O
ที่	O
มาเวร	O
มอบ	O
จุดจบ	O
นี้	O
ให้	O
กับ	O
โทนี่	O
_	O
มัน	O
ดี	O
แล้ว	O
_	O
จบ	O
ยังไง	O
ให้	O
ชื่อ	O
นี้	O
กลาย	O
เป็น	O
ตำนาน	O
_	O
พยายาม	O
ยอมรับ	O
_	O
แม้	O
น้ำตา	O
จะ	O
ไหล	O
ยัน	O
ข้อ	O
ตั้งแต่	O
สาม	O
นาที	O
แรก	O
จน	O
นาที	O
สุดท้าย	O
_	O
แต่	O
เมื่อ	O
กลับ	O
มา	O
นอน	O
ก่าย	O
หน้าผาก	O
คิด	O
อีก	O
ที	O
_	O
จริง	O
ดิ	O
_	O
มึง	O
เอา	O
จริง	O
ดิ	O
อี	O
มาเวร	O
_	O
โทนี่	O
ที่	O
กู	O
รัก	O
มา	O
เป็น	O
ปีๆ!!	NORM_1WORD

คือ	O
อบอุ่น	O
มาก	O
เลย	O
อ่ะ	O
นุช	O
_	O
นี้	O
เรา	O
ไม่	O
ได้	O
อยู่	O
ใน	O
สถานะ	O
ศิลปิน	O
กับ	O
แฟนคลับ	O
นะ	O
เรา	O
อยู่	O
ใน	O
สถานะ	O
ครอบครัว	O
จริงๆ	NORM_2WORD
เห็น	O
นุช	O
ทัพ	O
หน้า	O
ไป	O
ซัพพอร์ต	O
คุณ	O
พ่อ	O
แล้ว	O
_	O
เรา	O
แบบ	O
ตื้นตัน	O
แทน	O
เฮีย	O
และ	O
ครอบครัว	O
เฮีย	O
มากๆ	NORM_2WORD
เลย	O
อ่ะ	O
และ	O
ชื่นชม	O
นุช	O
มากๆ	NORM_2WORD
เลย	O
_	O
เรา	O
โครต	NORM_1WORD
รัก	O
บ้าน	O
หลัง	O
นี้	O
เลย	O
อ่ะ	O
ขอบคุณ	O
ที่	O
ทุก	O
คน	O
ทำ	O
ความสุข	O
ให้	O
บ้าน	O
เรา	O
นะ	O
_	O
#	O
เป๊กผลิตโชค	O
_	O
#AutumnCottage	O

รีวิว	O
_	O
2018	O
_	O
ปี	O
ชง	O
ของ	O
เรา	O
_	O
1	O
)	O
_	O
เริ่ม	O
ออกกำลัง	O
กาย	O
_	O
2	O
)	O
_	O
วางแผน	O
การใช้จ่าย	O
และ	O
เก็บ	O
เงิน	O
อย่าง	O
จริงจัง	O
_	O
และ	O
อยาก	O
เริ่มต้น	O
ทำ	O
ธุรกิจ	O
ส่วนตัว	O
_	O
3	O
)	O
_	O
เสียใจ	O
หลาย	O
ครั้ง	O
กับ	O
หลาย	O
เรื่อง	O
_	O
4	O
)	O
_	O
มี	O
ความรู้สึก	O
ว่า	O
ตัวเอง	O
ล้มเหลว	O
ทาง	O
การศึกษา	O
_	O
5	O
)	O
_	O
อยาก	O
หาย	O
ไป	O
จาก	O
โลก	O
นี้	O
หลาย	O
ครั้ง	O
_	O
แต่	O
ไม่	O
ได้	O
อยาก	O
ตาย	O
นะ	O
_	O
5	O
)	O
_	O
เรา	O
รู้ตัว	O
ว่า	O
เรา	O
หนี	O
ไป	O
จาก	O
ตรง	O
นี้	O
ไม่	O
ได้	O

ลิซ่า	O
เล่า	O
เรื่อง	O
ผี	O
ค่ะ	O
_	O
ลิซ	O
บอก	O
ว่า	O
วัน	O
นั้น	O
เหนื่อย	O
มากๆ	NORM_2WORD
_	O
พอ	O
หลับ	O
ไป	O
ก็	O
ได้ยิน	O
เสียง	O
เหมือน	O
ตู้เสื้อผ้า	O
ปิด	O
ดัง	O
ปัง	O
!!	O
_	O
แล้ว	O
มี	O
เสียง	O
หัวเราะ	O
แบบ	O
สยอง	O
อยู่	O
ข้างๆ	O
หู	O
_	O
ลิซ่า	O
พยายาม	O
จะ	O
ลืมตา	O
แต่	O
ก็	O
ลืม	O
ไม่	O
ได้	O
ไม่	O
รู้	O
ทำไม	O
_	O
ลิซ	O
ไม่	O
สามารถ	O
ทำ	O
ไร	NORM_1WORD
ได้	O
แม้แต่	O
ขยับ	O
ตัว	O
_	O
จนกระทั่ง	O
ตื่น	O
ลิซ	O
เลย	O
ตัดสินใจ	O
ไป	O
นอน	O
ที่	O
ห้องนั่งเล่น	O
_	O
#LISA	O
_	O
#BLACKPINK	O

ผม	O
บอก	O
เคย	O
บอก	O
น้ะ	O
ว่า	O
ผม	O
ไม่	O
ได้	O
เกลียด	O
มาร์ค	O
จน	O
สุด	O
ขั้ว	O
ทั้ง	O
สอง	O
คน	O
น้ะ	O
ทั้ง	O
มาร์ค	O
และ	O
เฒ่า	O
ชวน	O
ผม	O
เคย	O
รัก	O
และ	O
ชอบ	O
มา	O
ก่อน	O
แต่	O
เหตุ	O
ที่	O
ให้	O
ไม่	O
ชอบ	O
คือ	O
การเหยียบ	O
อุดมการณ์	O
ไว้	O
ใต้	O
เท้า	O
เพื่อ	O
เอา	O
ผลประโยชน์	O
ก่อน	O
นี่	O
ต่างหาก	O
ครับ	O
ที่	O
ไม่	O
ชอบ	O
_	O
คุณ	O
อาจ	O
จะ	O
เกลียด	O
ทักกี้	O
_	O
เอา	O
ว่า	O
คุณ	O
ว่า	O
ชั่ว	O
_	O
แล้ว	O
คุณ	O
เอง	O
ต่าง	O
กัน	O
ตรง	O
ไหน	O
เมื่อ	O
คุณ	O
ยืน	O
ฝั่ง	O
เผด็จการ	O
ทหาร	O

รอ	O
อยู่	O
_	O
รอ	O
วัน	O
ที่	O
จะ	O
มี	O
คนๆ	O
นึง	NORM_1WORD
เข้า	O
มา	O
ทำ	O
ให้	O
เรา	O
กล้า	O
ที่	O
จะ	O
เปิดใจ	O
ให้	O
เขา	O
_	O
อาจ	O
จะ	O
ยัง	O
ไม่	O
ถึง	O
เวลา	O
เจอ	O
กัน	O
ของ	O
เรา	O
สอง	O
คน	O
_	O
อาจ	O
เพราะ	O
เรา	O
ยัง	O
จัดการ	O
ตัวเอง	O
ไม่	O
ได้	O
และ	O
ไม่	O
ดี	O
พอ	O
_	O
แต่	O
เรา	O
เชื่อ	O
ถ้า	O
เรา	O
พอใจ	O
กับ	O
ตัว	O
เรา	O
และ	O
ชีวิต	O
เรา	O
เมื่อ	O
ไหร่	O
คนๆ	O
นั้น	O
คง	O
จะ	O
มา	O
เอง	O
_	O
และ	O
จะ	O
ไม่	O
เปิดใจ	O
ให้	O
กับ	O
อะไร	O
ที่	O
ไม่	O
ใช่	O
เด็ด	O
ขาด	O
_	O
จะ	O
ไม่	O
ให้	O
ความหวัง	O
ใคร	O
แค่	O
เพราะ	O
เหงา	O

วันนี้	O
จะ	O
มา	O
รีวิว	O
ความน่ารัก	O
ของ	O
สายการบิน	O
แอร์เอเชีย	O
_	O
ปกติ	O
แล้ว	O
นั่ง	O
สายการบิน	O
นาง	O
ตลอด	O
แต่	O
ไม่	O
เคย	O
เห็น	O
ทุกอย่าง	O
ดู	O
ปกติ	O
มาก	O
_	O
แต่	O
ระหว่าง	O
ที่	O
เครื่อง	O
กำลัง	O
เคลื่อน	O
ออก	O
มา	O
บวก	O
กับ	O
สจ๊วต	O
และ	O
แอร์	NORM_1WORD
กำลัง	O
สาธิต	O
การใช้เครื่องมือ	O
ต่างๆ	NORM_2WORD
เวลา	O
เครื่อง	O
เกิด	O
มี	O
ปัญหา	O
_	O
สายตา	O
เรา	O
ก็	O
มอง	O
ออก	O
ไป	O
นอก	O
หน้าต่าง	O
ตรง	O
gate	O
ที่	O
เดิน	O
ออก	O
มา	O
_	O
เห็น	O
พนักงาน	O
_	O
ต่อ	O

เป็น	O
ตัวแทน	O
เดิน	O
สวนสนาม	O
ของ	O
รร.	O
ไป	O
แข่ง	O
ที่	O
อื่น	O
_	O
ตอน	O
พัก	O
แม่ง	O
เล่น	O
ปลา	O
เป็น	O
ตาย	O
_	O
ได้	O
เป็น	O
คน	O
ปิด	O
ตา	O
เพื่อน	O
เป็น	O
ปลาเป็น	O
พอ	O
หมุน	O
เสร็จ	O
_	O
กู	O
นี่	O
เดิน	O
มุ่ง	O
ไป	O
ข้าง	O
หน้า	O
แบบ	O
มั่นใจ	O
ว่า	O
เพื่อน	O
กู	O
อยู่	O
ทาง	O
นี้	O
แน่ๆ	NORM_2WORD
_	O
เดิน	O
ไป	O
ถึง	O
ชู	O
นิ้วกลาง	O
ใส่	O
สักพัก	O
เสียง	O
เด็ก	O
ผช.	O
โห่	O
เต็ม	O
เลย	O
แต่	O
รร.	O
กู	O
มี	O
แต่	O
ผญ.	O
ไง	O
ที่	O
ไป	O
แข่ง	O
_	O
อิ	NORM_1WORD
เวร	O
อาย	O
ชิบหาย	O
_	O
#เรื่องมันช่างน่าอาย	O

วันนี้	O
ต้อง	O
กลับ	O
โคราช	O
คน	O
เดียว	O
เพื่อ	O
ไป	O
เลือกตั้ง	O
_	O
ทั้ง	O
บ้าน	O
มี	O
อยู่	O
คน	O
เดียว	O
พวก	O
น้า	O
กับ	O
ยาย	O
ก็	O
บ่น	O
ว่า	O
บอก	O
แล้ว	O
ให้	O
ย้าย	O
ทะเบียนบ้าน	O
มา	O
แต่	O
แรก	O
_	O
นี่	O
ดื้อ	O
ไง	O
ยัง	O
อยาก	O
เป็น	O
สาว	O
โคราช	O
อยู่	O
_	O
กลัว	O
แม่	O
กับ	O
ป้า	O
เหงา	O
ก็	O
เลย	O
ไม่	O
ย้าย	O
_	O
ลืม	O
ลงทะเบียน	O
เลือกตั้ง	O
นอก	O
เขต	O
เพราะ	O
ใจเย็น	O
เกินไป	O
_	O
แต่	O
ยังไง	NORM_1WORD
ก็	O
จะ	O
ไป	O
เลือก	O
!	O
_	O
คน	O
เดียว	O
ก็	O
จะ	O
กลับ	O
ของ	O
ยัง	O
ไม่	O
เก็บ	O
555	O

เนี้ย	O
เรา	O
ว่า	O
นะ	O
ควร	O
มี	O
การแคตากอไรซ์	O
นิยาย	O
วาย	O
ให้	O
เป็น	O
หมวดหมู่	O
นะ	O
_	O
แบบ	O
_	O
แนว	O
มหาลัย	O
_	O
วัย	O
ทำงาน	O
_	O
วัย	O
นักเรียน	O
_	O
แล้ว	O
แต่	O
ละ	O
หมวด	O
ก็	O
จะ	O
มี	O
แยก	O
ไป	O
อีก	O
_	O
แฟนซี	O
_	O
เรียลิซึม	NORM_1WORD
(	O
ที่	O
จริงๆ	NORM_2WORD
เป็น	O
เซอร์เรียล	O
)	O
_	O
ฟีลกู๊ด	O
_	O
ดราม่า	O
_	O
นิยาย	O
แปล	O
_	O
แนว	O
เพื่อน	O
_	O
แนว	O
พระเอก	O
รวย	O
_	O
แนว	O
นายเอก	O
โดน	O
เปรียบ	O
เป็น	O
แมว	O
_	O
กระต่าย	O
_	O
หนู	O
_	O
นก	O
_	O
งู	O
_	O
กิ้งคือ	NORM_1WORD
_	O
พระเอก	O
เป็น	O
หมา	O
เป็น	O
ควาย	O

#แรกพบในนิยาย	O
_	O
นายเอก	O
เป็น	O
นักเขียน	O
นิยาย	O
_	O
เวลา	O
เขียน	O
ก็	O
จะ	O
มี	O
ภาพ	O
พระเอก	O
ใน	O
นิยาย	O
ที่	O
ตัวเอง	O
ออก	O
มา	O
คุย	O
ด้วย	O
_	O
แต่	O
พระเอก	O
ใน	O
นิยาย	O
กับ	O
พระเอก	O
ตัว	O
จริง	O
ดัน	O
หน้า	O
เหมือน	O
กัน	O
_	O
น่ารัก	O
มาก	O
_	O
#ฟิคหุ่นยนต์ชบ	O
_	O
แบคฮยอน	O
โดน	O
เพื่อน	O
แกล้ง	O
ใน	O
โรงเรียน	O
_	O
คยองซู	O
เลย	O
แนะนำ	O
ตลาดมืด	O
ให้	O
ลอง	O
ไป	O
หา	O
คน	O
ที่	O
จะ	O
ช่วย	O
ได้	O
_	O
เลย	O
ได้	O
หุ่นยนต์	O
มา	O
หนึ่ง	O
ตัว	O
_	O
เกียม	NORM_1WORD
ทิชชู่	O

หลักๆ	NORM_2WORD
ชอบ	O
เพราะ	O
นักเขียน	O
ตาม	O
มา	O
จาก	O
บูรพาฯ	O
_	O
พอ	O
อ่าน	O
จบ	O
แล้ว	O
พบ	O
ว่า	O
โคตร	O
สนุก	O
เลย	O
เลย	O
คิด	O
ว่า	O
เห้ย	NORM_1WORD
_	O
ทำไม	O
เค้า	O
เขียน	O
สนุก	O
ทุก	O
เรื่อง	O
เลย	O
_	O
หลัง	O
จาก	O
นั้น	O
ก็	O
ติด	O
นิยาย	O
คุณ	O
ทุก	O
เรื่อง	O
มัน	O
ถูก	O
จริต	O
กับ	O
ตัวเรา	O
ทุกๆ	NORM_2WORD
อย่าง	O
บอก	O
ไม่	O
ถูก	O
_	O
เรา	O
อิน	O
มาก	O
เป็น	O
พิเศษ	O
ถ้า	O
เป็น	O
นิยาย	O
คุณ	O
_	O
ใน	O
นิยาย	O
คุณ	O
มัน	O
มัก	O
จะ	O
มี	O
อะไรๆ	NORM_2WORD
ซ่อน	O
อยู่	O
ให้	O
ได้	O
คิด	O
ตลอด	O
อ่าน	O
แล้ว	O
มัน	O
อิ่มๆ	NORM_2WORD
ใน	O
ใจ	O

ถ้า	O
เรา	O
เป็น	O
โบน	O
ก็	O
จะ	O
ปลอบ	O
เติร์ด	O
ว่า	O
การที่	O
เรา	O
รัก	O
ใคร	O
สัก	O
คน	O
ไม่	O
ว่า	O
เป็น	O
เพื่อนสนิท	O
หรือ	O
ใคร	O
ก็	O
ตาม	O
เรา	O
ควร	O
บอก	O
ความรู้สึก	O
ของ	O
เรา	O
ออก	O
ไป	O
ก่อน	O
ที่	O
จะ	O
ไม่	O
มี	O
โอกาส	O
ได้	O
บอก	O
ไม่	O
ว่า	O
ผล	O
ที่	O
ตาม	O
มา	O
จะ	O
เป็น	O
ยังไง	O
เรา	O
ต้อง	O
รับ	O
ความจริง	O
อยู่	O
กับ	O
ปัจจุบัน	O
ให้	O
ได้	O
อย่า	O
ยึดติด	O
กับ	O
เรื่อง	O
ที่	O
ผ่าน	O
มา	O
_	O
#ช่วย	O
โบน	O
ปลอบใจ	O
เติร์ด	O
_	O
#โหดมาดนิ่ง	O
_	O
#	O
ทฤษฎีจีบเธอ	O

วันนี้	O
จะ	O
มา	O
รีวิว	O
สำลี	O
ที่	O
เคย	O
ใช้	O
_	O
มี	O
4	O
ยี่ห้อ	O
ด้วยกัน	O
_	O
1.	O
_	O
Aime	O
_	O
รู้สึก	O
มัน	O
ยุ่ย	O
ง่าย	O
_	O
เวลา	O
โดน	O
คลีนซิ่ง	O
หรือ	O
น้ำเกลือ	O
สำลี	O
จะ	O
แอบ	O
ติดๆ	O
หน้า	O
_	O
2.	O
_	O
Karisma	O
_	O
แผ่น	O
บาง	O
_	O
อัน	O
นี้	O
แอบ	O
บาด	O
หน้า	O
นิดนึง	NORM_1WORD
_	O
หรือ	O
เรา	O
เช็ด	O
แรง	O
ไปไม่รู้	O
_	O
3.	O
_	O
Rii	O
_	O
อัน	O
นี้	O
ก็	O
โอเค	O
อยู่	O
_	O
เรา	O
เคย	O
ใช้	O
สี	O
ชมพู	O
กับ	O
ฟ้า	O
_	O
สี	O
ฟ้า	O
จะ	O
ใช้	O
โทนเนอร์	O
น้อย	O
ลง	O
_	O
แต่	O
ยัง	O
มี	O
บาด	O
หน้า	O
บาง	O
ครั้ง	O
(	O
1	O
)	O

ขอ	O
ยุติ	O
การเป็น	O
นักเขียน	O
แต่	O
เพียง	O
เท่า	O
นี้	O
_	O
เนื่องจาก	O
เหตุผล	O
ส่วนตัว	O
บาง	O
ประการ	O
ที่	O
ไม่	O
สามารถ	O
ทำ	O
ต่อ	O
ไป	O
ได้	O
_	O
ส่วน	O
นิยาย	O
_	O
#เฌอโม	O
_	O
เรื่อง	O
ใหม่	O
ที่	O
เคย	O
บอก	O
ไว้	O
ว่า	O
เริ่ม	O
แต่ง	O
แล้ว	O
นั้น	O
_	O
ก็	O
ขอ	O
หยุด	O
ไว้	O
แต่	O
เพียง	O
เท่า	O
นี้	O
_	O
ส่วนตัว	O
คิด	O
ว่า	O
ยัง	O
ดี	O
ที่	O
ยัง	O
ไม่	O
ได้	O
ตัดสินใจ	O
เปิด	O
เรื่อง	O
_	O
ไม่	O
ฉะนั้น	O
คง	O
ทำให้	O
รีด	O
ต้อง	O
ผิดหวัง	O
ใน	O
การหยุด	O
กลางคัน	O
เป็น	O
แน่	O

ภาษา	O
ไทย	O
วันนี้	O
_	O
.	O
_	O
อมพะนำ	O
_	O
พะนำ	O
คือ	O
ไร	NORM_1WORD
_	O
ทำไม	O
ต้อง	O
อมพะนำ	O
_	O
ทำไม	O
เวลา	O
คน	O
ไม่	O
พูด	O
ไม่	O
ไร	NORM_1WORD
_	O
ทำไม	O
ต้อง	O
เปรียบ	O
ว่า	O
ปาก	O
อม	O
อยู่	O
_	O
ทำไม	O
ไม่	O
เปรียบ	O
แบบ	O
_	O
ปิด	O
ทำไม	O
ปาก	O
อะ	O
_	O
ทำไม	O
ต้อง	O
พูด	O
อม	O
ไร	NORM_1WORD
อยู่	O
ทำไม	O
ไม่	O
พูด	O
_	O
ตอน	O
หลัง	O
ถึง	O
รู้	O
ต้นตอ	O
_	O
วัน	O
นึง	NORM_1WORD
ตอน	O
แม่	O
โมโห	O
ใคร	O
ไม่	O
รู้	O
ละ	O
พูด	O
ว่า	O
_	O
ไม่	O
รู้	O
ปาก	O
อม	O
กระดอ	O
อยู่	O
เปล่า	O
_	O
ฉัน	O
ถึง	O
ร้อง	O
อ๋อ	O
_	O
นอก	O
จาก	O
อมพะนำ	O
_	O
ยัง	O
มี	O
อม	O
กระดอ	O
ด้วย	O

ใคร	O
เดิน	O
รอบ	O
นี่	O
เลย	O
_	O
นี่	O
ก็	O
แอบ	O
มอง	O
ตลอด	O
ไม่	O
เป็น	O
อัน	O
สวด	O
_	O
แล้ว	O
เพื่อน	O
ที่	O
มี	O
เซ้น	NORM_1WORD
นั่ง	O
ข้าง	O
นี่	O
พอดี	O
_	O
พอ	O
เงย	O
ขึ้น	O
_	O
มัน	O
ก็	O
พูด	O
ว่า	O
_	O
หนาว	O
แปลกๆ	NORM_2WORD
เน้อะ	NORM_1WORD
_	O
แบบ	O
_	O
เอออออออออออ	NORM_1WORD
_	O
หนาว	O
ก็	O
หนาววว	NORM_1WORD
_	O
ไม่	O
ต้อง	O
บอกกกก	NORM_1WORD
_	O
พอ	O
เสร็จ	O
พระอาจารย์	O
ก็	O
เล่า	O
นู่นนี่	NORM_1WORD
ให้	O
ฟัง	O
ตาม	O
ปกติ	O
อ่ะ	NORM_1WORD
_	O
ที่	O
พระ	O
ท่าน	O
ชอบ	O
เล่า	O
เรื่อง	O
ผี	O
ไร	NORM_1WORD
งี้	NORM_1WORD
_	O
ทีนี้	O
ท่าน	O
ก็	O
เล่า	O
ว่า	O
_	O
มี	O
เด็ก	O
เคย	O
มา	O
แล้ว	O
เจอ	O

คือ	O
ถ้า	O
เฌอปราง	O
มี	O
ลุค	NORM_1WORD
ผู้ใหญ่	O
เป็น	O
นิสัย	O
_	O
ทำไม	O
คน	O
อื่นๆ	NORM_2WORD
จะ	O
ทำตัว	O
โลกสวย	O
ไม่	O
ได้	O
_	O
ทำตัว	O
แอ๊บ	O
ไม่	O
ได้	O
_	O
ทำตัว	O
ระเบียบ	O
จัด	O
ก็	O
ไม่	O
ได้	O
_	O
ทำตัว	O
ตลกร้าย	O
ก็	O
ไม่	O
ได้	O
_	O
ทำตัว	O
แซบ	NORM_1WORD
เกิน	O
ไป	O
ก็	O
ไม่	O
ได้	O
_	O
ต้อง	O
เป็น	O
คน	O
จริงจัง	O
หมด	O
_	O
ต้อง	O
เป็น	O
แบบที่	O
สังคม	O
ไทย	O
อยาก	O
ให้	O
เป็น	O
_	O
แบบ	O
นี้	O
แสดง	O
ว่า	O
สังคม	O
ไทย	O
ยัง	O
ไม่	O
ยอมรับ	O
ความแตกต่าง	O
ใน	O
เรื่อง	O
บุคลิก	O
ของ	O
บุคคล	O
นะ	O
_	O
#BNK48	O

นับถือ	O
คน	O
ที่	O
แต่ง	O
นิยาย	O
ไป	O
ด้วย	O
_	O
เรียน	O
หรือ	O
ทำ	O
งาน	O
ไป	O
ด้วย	O
จริงๆ	NORM_2WORD
_	O
ค่ะ	O
_	O
นับถือ	O
ความสม่ำเสมอ	O
ต่อ	O
งาน	O
_	O
ตัว	O
ชาล	O
ตอน	O
นี้	O
คือ	O
ยัง	O
ทำ	O
แบบ	O
นั้น	O
ไม่	O
ได้	O
จริงๆ	NORM_2WORD
_	O
มัน	O
มี	O
ปัจจัย	O
หลาย	O
อย่าง	O
ที่	O
ไม่	O
เอื้อ	O
_	O
แล้ว	O
ช่วง	O
นี้	O
สุขภาพ	O
ไม่	O
ค่อย	O
ดี	O
เพราะ	O
เครียด	O
เกิน	O
ไป	O
จน	O
นอน	O
ไม่	O
หลับ	O
_	O
น่า	O
จะ	O
ต้อง	O
ไป	O
หา	O
หมอ	O
อีก	O
รอบ	O
ก่อน	O
ฝึก	O
งาน	O
_	O
ไม่	O
งั้น	NORM_1WORD
มัน	O
ต้อง	O
แย่	O
และ	O
ส่ง	O
ผล	O
ต่อ	O
งาน	O
แน่ๆ	O

กางเกง5ส่วน	NORM_1WORD
ใส่	O
สบาย	O
มากกกกก	NORM_1WORD
_	O
ฟรีไซส์	O
เอว	O
ยืด	O
ได้	O
เยอะ	O
_	O
ตัว	O
ละ	O
80	O
บาท	O
_	O
(	O
รีทวีต	O
ส่ง	O
ฟรี	O
)	O
_	O
ซื้อ	O
2	O
ตัว	O
130	O
ส่ง	O
ฟรี	O
จ้า	NORM_1WORD
#ไว้ส่งต่อห้ามรีวิวของ	O
โว้ยย	NORM_1WORD
_	O
#rip	O
ไอดอ	NORM_1WORD
_	O
#ส่งต่อเครื่องสําอางมือสอง	O
_	O
#ส่งต่อเสื้อผ้า	O
มือ2	NORM_1WORD
_	O
#ส่งต่อเสื้อผ้า	O
_	O
#ถูกบอกต่อ	O
_	O
#rip	O
ไอดอ	NORM_1WORD
_	O
#เสื้อผ้าสไตล์	O
เกาหลี	O
_	O
#ส่งต่อ	O
คสอ	NORM_1WORD
_	O
#ส่งต่อรองเท้า	O
_	O
#ตลาดนัดblackpink	O

คนละ	O
ร้าน	O
กัน	O
กับ	O
นายโส่ย	O
ถนน	O
พระอาทิตย์	O
นะ	O
คะ	O
_	O
ร้าน	O
นายโส่ย	O
มี	O
สาขา	O
แค่	O
_	O
26braisedbeef	O
_	O
ถนน	O
เจริญกรุง	O
_	O
เข้าใจ	O
ว่า	O
ร้าน	O
ที่	O
เกาหลี	O
ตั้งชื่อ	O
ตาม	O
เพราะ	O
คน	O
เกาหลี	O
ที่	O
มา	O
เมือง	O
ไทย	O
ชอบ	O
ไป	O
ทาน	O
ที่	O
ร้าน	O
นายโส่ย	O
_	O
แต่	O
อัน	O
นี้	O
ตัด	O
_	O
e	O
_	O
ออก	O
_	O
ภาษา	O
ไทย	O
เป็น	O
ในซอย	O
_	O
แต่	O
เกาหลี	O
_	O
สะกด	O
เหมือนกัน	O
เลย	O
_	O
ดู	O
ตั้งใจ	O
สื่อสาร	O
ให้	O
คน	O
เข้าใจ	O
ผิด	O
_	O
at	O
_	O
26	O
Yih	O
Sahp	O
Luhk	O

A	O
_	O
Chrismas	O
_	O
Carol	O
_	O
ภาษา	O
อังกฤษ	O
_	O
150	O
฿	O
_	O
ส่ง	O
ฟรี	O
ลทบ.	NORM_1WORD
_	O
#นิยาย	O
_	O
#นิยายมือหนึ่ง	O
_	O
#นิยายมือ2	O
_	O
#นิยายมือสอง	O
_	O
#นิยายมือสองสภาพดี	O
_	O
#หนังสือนิทาน	O
_	O
#นิทานภาษา	O
อังกฤษ	O
_	O
#ส่งต่อ	O
_	O
#ส่งต่อหนังสือ	O
_	O
#หนังสือดีบอกต่อ	O
_	O
#หนังสือน่าอ่าน	O
_	O
#หนังสือสอนภาษา	O
_	O
#ภาษา	O
อังกฤษ	O
_	O
#ฝึกภาษา	O
อังกฤษ	O
_	O
#นิทาน	O
_	O
#นิทานแนะนำ	O
_	O
#นิทานสอนภาษา	O
อังกฤษ	O

เพิ่ง	O
เคย	O
ได้	O
ลอง	O
แบรนด์	O
นี้	O
_	O
เป็น	O
น้ำหอม	O
ผู้ชาย	O
_	O
แต่	O
สำหรับ	O
เรา	O
_	O
มัน	O
Unisex	O
มาก	O
_	O
แนว	O
เฟรชสไปซี่	NORM_1WORD
_	O
สมุนไพร	O
_	O
เครื่องเทศ	O
_	O
ซิกตรัส	O
_	O
อโรมาติก	O
_	O
หอม	O
สัสสส	NORM_1WORD
_	O
เซอร์ไพร้	NORM_1WORD
เลย	O
_	O
เพราะ	O
ไม่	O
คาดหวัง	O
_	O
ว่า	O
จะ	O
หอม	O
ขนาด	O
นี้	O
_	O
สดชื่น	O
_	O
สะอาด	O
_	O
รู้สึก	O
Sexy	O
_	O
ไม่	O
ฉุน	O
เลย	O
_	O
สูด	O
แล้ว	O
สบาย	O
โพรงจมูก	O
_	O
กลิ่น	O
โคด	NORM_1WORD
แน่น	O
_	O
ไม่	O
ขาย	O
จ้า	NORM_1WORD
_	O
รีวิว	O
เฉยๆ	O
_	O
#	O
อาจุมม่า	O
บ้าน้ําหอม	O

เฌอปราง	O
นี่	O
เผลอๆ	O
_	O
มี	O
ปาก	O
มี	O
เสียง	O
พาวเวอร์	O
เป็น	O
รอง	O
แค่	O
ผู้จัดการ	O
วง	O
อย่าง	O
จ๊อบซัง	O
ด้วยซ้ำ	O
มั้ง	NORM_1WORD
_	O
ดู	O
หลายๆ	NORM_2WORD
ครั้ง	O
ก็	O
เหมือน	O
จะ	O
เข้าถึง	O
ข้อมูล	O
ได้	O
ก่อน	O
_	O
หรือ	O
เรื่อง	O
ที่	O
ลึก	O
กว่า	O
นั้น	O
ไป	O
เยอะ	O
_	O
จ๊อบซัง	O
บาง	O
ที	O
ยัง	O
บอก	O
เอง	O
เลย	O
ว่า	O
เฌอปราง	O
ช่วย	O
ไว้	O
เยอะ	O
มาก	O
ใน	O
การทำงาน	O
_	O
เป็น	O
กัปตัน	O
เนี่ยะ	NORM_1WORD
ไม่	O
รู้	O
ว่า	O
แบก	O
อะไร	O
เอา	O
ไว้	O
บ้าง	O
_	O
#BNK48	O
_	O
#	O
cherprang	O
bnk48	O

เป็น	O
ตัวอย่าง	O
ที่	O
ดี	O
_	O
ทำ	O
คน	O
ไทย	O
ให้	O
รัก	O
สามัคคี	O
กัน	O
ให้อภัย	O
กัน	O
_	O
เขา	O
ก็	O
จะ	O
ได้	O
รับ	O
ความรัก	O
_	O
ความนับถือ	O
จาก	O
ประชาชน	O
คน	O
ไทย	O
อีก	O
มาก	O
_	O
แต่	O
นี่	O
เสือก	O
เป็น	O
ตัวอย่าง	O
ของ	O
ความเลว	O
_	O
และ	O
นำ	O
ทหาร	O
ชั่ว	O
ทำการ	O
รัฐประหาร	O
_	O
ประเทศ	O
ของ	O
ตนเอง	O
อีก	O
_	O
แบบ	O
นี้	O
จะ	O
ให้	O
เคารพนับถือ	O
ได้	O
อย่างไร	O
_	O
คนระยำ	O
ที่	O
ทำร้าย	O
ประเทศ	O
ตัวเอง	O
ด้วย	O
การทำรัฐประหาร	O
_	O
แม่ง	O
เลว	O
ทุก	O
คน	O
แหละ	O

จุดเริ่มต้น	O
เล็กๆ	NORM_2WORD
ที่	O
ยิ่งใหญ่	O
_	O
ไม่	O
เคย	O
คิด	O
เลย	O
ว่า	O
จะ	O
มี	O
วันนี้	O
_	O
วัน	O
ที่	O
ผู้ชาย	O
ที่	O
ฟัง	O
แต่	O
เพลง	O
ร็อค	NORM_1WORD
จะ	O
มา	O
ตาม	O
_	O
วงไอดอล	O
อย่าง	O
จริงจัง	O
_	O
แต่	O
ผม	O
ก็	O
มี	O
ความสุข	O
มากๆ	NORM_2WORD
_	O
ทุก	O
ครั้ง	O
ที่	O
ได้	O
มา	O
ดู	O
เป้	O
_	O
เชียร์	O
เป้	O
_	O
ผม	O
ว่า	O
เป้	O
มี	O
เสน่	NORM_1WORD
บาง	O
อย่าง	O
ที่	O
น่าดึงดูด	O
มากๆ	NORM_2WORD
_	O
(	O
มี	O
ต่อ	O
ข้างล่าง	O
อีก	O
)	O
_	O
#Fighto	O
Pupe	O
_	O
#pupe	O
bnk48	O
_	O
#bnk48	O
_	O
#bnk48starto	O
_	O
#ฝูงเป็ดแฟมิลี่	O

สุดท้าย	O
นี้	O
สำหรับ	O
คน	O
ที่	O
เป็น	O
_	O
#โรคซึมเศร้า	O
_	O
การที่	O
เรา	O
จะ	O
ก้าวข้าว	NORM_1WORD
ผ่าน	O
จุด	O
ที่	O
ดิ่ง	O
ที่สุด	O
ได้	O
เรา	O
ต้อง	O
_	O
1	O
.	O
_	O
ไป	O
หา	O
หมอ	O
_	O
ไม่	O
ต้อง	O
กลัว	O
ค่ะ	O
_	O
คุณหมอ	O
จะ	O
ช่วย	O
เรา	O
ได้	O
มาก	O
จริงๆ	NORM_2WORD
_	O
2	O
.	O
_	O
รัก	O
ตัวเอง	O
ให้	O
มาก	O
ขึ้น	O
กว่า	O
รัก	O
คน	O
อื่น	O
_	O
3	O
.	O
_	O
ถ้า	O
สิ่งแวดล้อม	O
รอบๆ	NORM_2WORD
ตัว	O
มัน	O
แย่	O
มาก	O
...	O
ลอง	O
เปลี่ยน	O
บรรยากาศ	O
รอบ	O
ตัว	O
ดู	O
ค่ะ	O
_	O
อย่าง	O
เรา	O
ก็	O
ไป	O
ทำ	O
กิจกรรม	O
เพื่อ	O
สังคม	O
มา	O

อิโนะจัง	O
เพลง	O
นี้	O
โคตร	O
เท่	O
_	O
โหยยยย	NORM_1WORD
_	O
เด่น	O
มาก	O
แบบ	O
เท	O
ให้	O
ทั้งใจ	O
_	O
ยิ้ม	O
มา	O
แต่ละ	O
ที	O
ก็	O
ได้	O
แต่	O
คิด	O
ว่า	O
คน	O
เรา	O
มัน	O
จะ	O
ทั้ง	O
น่ารัก	O
ทั้ง	O
หล่อ	O
ได้	O
เพียงแค่	O
ยก	O
มุมปาก	O
นิดเดียว	O
นี่	O
น่ะ	O
เหรอ	O
_	O
เกิน	O
กว่า	O
ที่	O
คาด	O
มากๆ	NORM_2WORD
_	O
เพลง	O
นี้	O
ยก	O
ให้	O
เลย	O
_	O
ฮือ	O
_	O
ประทับใจ	O
ใน	O
ตำแหน่ง	O
นี้	O
สุดๆ	NORM_2WORD
_	O
ทำ	O
ได้	O
ดี	O
มาก	O
พี่	O
คน	O
เก่ง	O
_	O
เป็น	O
เพลง	O
ที่	O
แสดง	O
เสน่ห์	O
ออก	O
มา	O
เยอะมาก	O
จน	O
รัก	O
แล้ว	O
รัก	O
อีก	O
เลย	O

มา	O
แล้ว	O
_	O
รีวิว	O
_	O
wax	O
_	O
ขนหน้าแข้ง	O
ยังไง	NORM_1WORD
ไม่	O
ให้	O
ขนคุด	O
_	O
บอก	O
เลย	O
ว่า	O
เรา	O
เคย	O
ขุนคุด	O
ทั้ง	O
ขา	O
มา	O
ช่วง	O
นึง	NORM_1WORD
_	O
เพราะ	O
ว่า	O
ใช้	O
_	O
wax	O
_	O
น้ำผึ้ง	O
กับ	O
ผ้า	O
_	O
แต่	O
ดึง	O
แล้ว	O
มัน	O
ไม่	O
หลุด	O
_	O
เรา	O
ก็	O
จะ	O
แปะ	O
ผ้า	O
ย้ำ	O
ที่เดิม	O
แล้ว	O
ดึง	O
ซ้ำๆ	NORM_2WORD
_	O
ซึ่ง	O
มัน	O
เป็น	O
การรบกวน	O
รูขุมขน	O
หนัก	O
มาก	O
_	O
เคล็ดลับ	O
ใน	O
การ	O
_	O
wax	O
_	O
ขน	O
_	O
คือ	O
ต้อง	O
ดึง	O
ให้	O
หลุด	O
ใน	O
รอบเดียว	O
_	O
และ	O
ต้อง	O
สครับ	O
ผิว	O
ก่อน	O
_	O
wax	O
_	O
1	O
_	O
คืน	O

3	O
.	O
Mola	O
_	O
นี่	O
เธอ	O
ไม่	O
รู้	O
จริงๆ	NORM_2WORD
หรอ	NORM_1WORD
_	O
ว่า	O
ฉัน	O
เนี่ย	NORM_1WORD
ชอบ	O
เธอ	O
ขนาด	O
ไหน	O
_	O
ถ้า	O
ไม่	O
รัก	O
ก็	O
ทำให้	O
มัน	O
ชัดเจน	O
ดิ	NORM_1WORD
_	O
ไม่	O
ใช่	O
ทำ	O
แบบ	O
นี้	O
ทำ	O
เหมือน	O
จะ	O
รู้	O
แต่	O
ก็	O
บอก	O
ไม่	O
รู้	O
อะไร	O
เลย	O
เอา	O
ยังไง	NORM_1WORD
หะ	O
_	O
4	O
.	O
BOOM	O
_	O
ไม่	O
ทน	O
อีกแล้ว	O
_	O
ที่	O
ผ่าน	O
มา	O
คิด	O
ว่า	O
จะ	O
ทน	O
ไหว	O
จริงๆ	O
คือ	O
จะ	O
ล้ม	O
แล้ว	O
สุดท้าย	O
ก็	O
ระเบิด	O
อารม	NORM_1WORD
ความรู้สึก	O
ออก	O
มา	O
_	O
แต่	O
หลังจาก	O
นี้	O
ก็	O
ให้	O
มัน	O
จบ	O
ไป	O
ไม่	O
สนใจ	O
เธอ	O
อีก	O
ต่อ	O
ไป	O

เพจ	O
ผม	O
ก็	O
แค่	O
หลัก	O
ร้อย	O
กว่าๆ	NORM_2WORD
บาง	O
รูป	O
เมม	NORM_1WORD
ก็	O
มอง	O
กล้อง	O
_	O
บาง	O
รูป	O
ก็	O
ไม่	O
มอง	O
_	O
อาศัย	O
จังหวะ	O
จับ	O
เอา	O
_	O
กว่า	O
จะ	O
ได้	O
รูป	O
สวยๆ	NORM_2WORD
ที่	O
พวก	O
คุณ	O
เสพ	O
กัน	O
มัน	O
ยาก	O
นะ	O
เว่ยย	NORM_1WORD
_	O
ยืน	O
รอ	O
ถ่าย	O
หลัง	O
แข็ง	O
กัน	O
ตั้ง	O
หลาย	O
ชม.	O
_	O
บางที	O
รอ	O
ประตู	O
นี้	O
_	O
อ่าว	O
เมม	NORM_1WORD
ไป	O
ออก	O
อีก	O
ทาง	O
_	O
กลับ	O
บ้าน	O
พร้อม	O
น้ำตา	O
ก็	O
มี	O
_	O
อย่า	O
โยน	O
อะไร	O
แบบ	O
นี้	O
ให้	O
ตากล้อง	O
เลย	O
_	O
พวก	O
เค้า	NORM_1WORD
ก็	O
เป็น	O
ฟค	NORM_1WORD
เหมือน	O
เราๆ	NORM_2WORD
นี่ละ	NORM_1WORD
_	O
#BNK48	O

ดี	O
จน	O
อยาก	O
ให้	O
ไป	O
อ่าน	O
กัน	O
_	O
#บตบก	O
_	O
สาย	O
_	O
skincare	O
_	O
ให้	O
ความรู้	O
_	O
Ingrediant	O
_	O
อยาก	O
ผิว	O
สวย	O
_	O
เรา	O
ว่า	O
_	O
ทฤษฎี	O
ก็	O
สำคัญ	O
_	O
พี่	O
ข้าว	O
_	O
ig	O
_	O
plea.surely	O
_	O
พี่	O
เค้า	NORM_1WORD
ชอบ	O
อธิบาย	O
เรื่อง	O
_	O
สิว	O
_	O
เรื่อง	O
ผิว	O
_	O
ทฤษฎี	O
ต่างๆ	NORM_2WORD
_	O
อ่าน	O
ง่าย	O
_	O
ย่อย	O
ง่าย	O
_	O
เรา	O
ชอบ	O
มาก	O
_	O
แถม	O
พี่	O
เค้า	NORM_1WORD
ยัง	O
รีวิว	O
_	O
deeply	O
_	O
skincare	O
_	O
มากมาย	O
_	O
เข้า	O
ไป	O
อ่าน	O
ไป	O
ฟอล	NORM_1WORD
กัน	O
_	O
#ไว้รีวิวห้ามขายของ	O
โว้ยย	NORM_1WORD

ถ้า	O
ชาว	O
ไทย	O
ไม่	O
เว้น	O
แม้แต่	O
ราชวงศ์	O
อยู่	O
ใต้	O
รัฐธรรมนูญ	O
เท่า	O
กัน	O
_	O
ก็	O
จะ	O
ไม่	O
เกิด	O
การอ้าง	O
เจ้า	O
แล้ว	O
รัฐประหาร	O
ชง	O
ให้	O
เจ้า	O
ลง	O
ปรมาภิไธย	O
>	O
ทหาร	O
มา	O
บริการ	NORM_1WORD
ไม่	O
เป็น	O
+	O
โกง	O
/	O
เจ้า	O
ไม่	O
ควร	O
มี	O
อำนาจ	O
พิเศษ	O
ที่	O
สั่ง	O
แล้ว	O
เป็น	O
กฎหมาย	O
_	O
ปกครอง	O
แบบ	O
ญี่ปุ่น	O
จะ	O
ดู	O
มี	O
เกียรติ	O
กว่า	O
_	O
ประเทศ	O
ไทย	O
กษัตริย์	O
ยัง	O
ถือ	O
หางเสือ	O
อยู่	O
ถึง	O
ท่าน	O
จะ	O
ไม่	O
ได้	O
จับ	O
พวงมาลัย	O
เรือ	O

แต่	O
อ่าน	O
ฟิค	O
ได้	O
หมด	O
เลย	O
ทุก	O
เรื่อง	O
_	O
แทบ	O
ทุก	O
คู่	O
_	O
จริงๆ	NORM_2WORD
_	O
ยกเว้น	O
_	O
คู่	O
พี่	O
ก้า	O
กับ	O
คน	O
อื่น	O
อ่ะ	NORM_1WORD
_	O
ไม่	O
อ่าน	O
เด็ดขาด	O
_	O
ผูกขาด	O
ไว้	O
เฉพาะ	O
_	O
จินก้า	O
ยุนจิน	O
เท่านั้น	O
_	O
*	O
สำหรับ	O
เรา	O
*	O
_	O
นัมจินนี่	O
มี	O
อ่าน	O
บ้าง	O
_	O
ของ	O
นักเขียน	O
บาง	O
คน	O
เท่านั้น	O
_	O
แล้ว	O
ก็	O
ที่	O
เหลือ	O
_	O
มักเน่	O
ไลน์	O
_	O
x	O
_	O
ซอกจิน	O
_	O
คือ	O
เลิ้ป	NORM_1WORD
นะ	O
_	O
แต่	O
ก็	O
จกุก	O
ยืน	O
1	O
_	O
พี่	O
โฮป	O
ก็	O
น่ารัก	O
_	O
แต่	O
ใดๆ	NORM_2WORD
ก็	O
ม่อนโฮป	O
อยู่	O
ดี	O

จะ	O
พยาม	NORM_1WORD
กัน	O
ใหม่	O
_	O
ขอโทษ	O
ใน	O
สิ่ง	O
ที่	O
แล้ว	O
มา	O
ที่	O
พลาด	O
ไป	O
ทำให้	O
ใจ	O
เทอ	NORM_1WORD
ต้อง	O
ทุกข์	O
ทรมาน	O
_	O
รัก	O
เสมอ	O
_	O
และ	O
จะ	O
รัก	O
ไป	O
ตลอด	O
จน	O
เทอ	NORM_1WORD
จะ	O
ปล่อยมือ	O
เค้า	NORM_1WORD
ไป	O
เอง	O
.	O
ขอบคุณ	O
ที่	O
ไม่	O
เคย	O
ลืม	O
เรื่องราว	O
ดีๆ	NORM_2WORD
หรือ	O
ความทุกข์ยาก	O
ที่	O
ผ่าน	O
มา	O
ด้วย	O
กัน	O
_	O
จะ	O
มี	O
ใคร	O
รัก	O
เค้า	NORM_1WORD
ได้	O
แบบ	O
เทอ	NORM_1WORD
อีก	O
_	O
เค้า	NORM_1WORD
นอน	O
ไม่	O
หลับ	O
_	O
เพราะ	O
เค้า	NORM_1WORD
เอง	O
ก้	NORM_1WORD
ทุกข์ใจ	O
_	O
สงสาร	O
ที่รัก	O
_	O
และ	O
เอา	O
แต่	O
โทษ	O
ตัวเอง	O
...	O
รัก	O

ชีวิต	O
ตัวเอง	O
นี่	O
อยาก	O
ขอบคุณ	O
แค่	O
เรื่อง	O
เดียว	O
จริงๆ	NORM_2WORD
_	O
ขอบคุณ	O
ที่	O
ตั้งแต่	O
ประถม	O
จน	O
ถึง	O
ชีวิต	O
วัยทำงาน	O
_	O
เพื่อน	O
ที่	O
ล้อมรอบ	O
ตัว	O
กู	O
มี	O
แต่	O
คน	O
ที่	O
ดี	O
_	O
ทั้ง	O
ได้ยิน	O
จาก	O
คนใกล้ตัว	O
และ	O
ไกล	O
ตัว	O
_	O
คือ	O
กู	O
ไม่	O
เคย	O
เจอ	O
เรื่อง	O
อิจฉาริษยา	O
เพื่อนรัก	O
หัก	O
เหลี่ยม	O
โหด	O
อะไร	O
แบบ	O
นั้น	O
เลย	O
_	O
ทั้งๆที่	O
ตัว	O
กู	O
เอง	O
ก็	O
เหี้ย	O
มาก	O
_	O
5555	O
_	O
พูดจา	O
เหี้ย	O
ทำตัว	O
ร่าน	O
_	O
อืม	O
_	O
ดี	O
จัง	O

มี	O
พี่	O
คน	O
นึง	NORM_1WORD
ไป	O
ยื่น	O
ใบลาออก	O
ทั้งที่	O
ยัง	O
ไม่	O
ได้	O
งาน	O
ใหม่	O
_	O
แต่	O
ด้วยความที่	O
อยู่	O
มา	O
7	O
ปี	O
_	O
และ	O
บอส	O
ก็	O
ดี	O
มาก	O
ด้วย	O
_	O
บอส	O
ไม่	O
เซ็น	O
ให้	O
บอก	O
เหตุผล	O
ว่า	O
_	O
ผม	O
ไม่	O
อยาก	O
ให้	O
ลูกน้อง	O
ออก	O
_	O
ขาด	O
ใคร	O
สัก	O
คน	O
ก็	O
เหงา	O
_	O
และ	O
คุณ	O
ก็	O
ไม่	O
มี	O
ปัญหา	O
กับ	O
ใคร	O
_	O
อยาก	O
ให้	O
ได้	O
งาน	O
ก่อน	O
_	O
แก	O
_	O
พี่	O
คน	O
นั้น	O
ร้องไห้	O
ออก	O
มา	O
เลย	O
_	O
เพราะ	O
ผูกพันธ์	NORM_1WORD
กับ	O
บอส	O
มาก	O
_	O
และ	O
ทุก	O
คน	O
ใน	O
แผนก	O
ก็	O
น้ำตา	O
ซึม	O
จ้า	NORM_1WORD

กลุ่น	O
คน	O
ส่วน	O
หนึ่ง	O
กลัว	O
การเปลี่ยนแปลง	O
เพราะ	O
เคยชิน	O
ใน	O
สิ่ง	O
ที่	O
เคย	O
ได้	O
และ	O
เคย	O
เป็น	O
แต่	O
ใน	O
ใจ	O
ลึกๆ	O
รู้	O
ดี	O
ว่า	O
ทุก	O
วัน	O
นี้	O
มัน	O
ไม่	O
ดี	O
ต่อ	O
บ้านเมือง	O
แต่	O
ด้วย	O
อคติ	O
คน	O
นั้น	O
ไม่	O
ดี	O
คน	O
นี้	O
ไม่	O
ดี	O
ถาม	O
ว่า	O
ไม่	O
ดี	O
แล้ว	O
ทำไม	O
ไม่	O
กล้า	O
ลอง	O
ของ	O
ใหม่	O
ก็	O
ตอบ	O
แบ	O
สีข้าง	O
ต่อ	O
ให้	O
รู้	O
ว่า	O
ไม่	O
ดี	O
ก็	O
ต้อง	O
เลือก	O
เหมือน	O
เดิม	O
_	O
ประเทศ	O
ไทย	O
จะ	O
ยัง	O
คง	O
อยู่	O
แบบ	O
นี้	O
ตลอด	O
ไป	O
เหนื่อยใจ	O

โอเคๆ	O
_	O
ไม่	O
ลง	O
รูป	O
ก็	O
ได้	O
_	O
แต่	O
อะไร	O
คือ	O
_	O
#	O
โอตะ	O
VIP	O
_	O
ข้าม	O
ประเด็น	O
คนป่วย	O
คนพิการ	O
ไป	O
_	O
การกระทำ	O
แบบ	O
นี้	O
มัน	O
ไม่	O
ใช่	O
แล้ว	O
_	O
จับ	O
มือ	O
ได้	O
ตามใจ	O
_	O
อยาก	O
ถ่าย	O
รูป	O
ได้	O
ด้วย	O
_	O
จะ	O
แต่งตัว	O
แบบ	O
ไหน	O
ก็	O
ได้	O
_	O
แล้ว	O
จะ	O
มี	O
กฎ	O
ไว้	O
เพื่อ	O
อะไร	O
_	O
ถ้า	O
คุณ	O
ไม่	O
เคารพ	O
กฎ	O
เอง	O
_	O
อฟช	O
_	O
รอ	O
ดู	O
ว่า	O
จะ	O
ตอบ	O
ยังไง	O
_	O
คง	O
ไม่	O
ให้	O
น้อง	O
มา	O
แก้หน้า	O
อีก	O
นะ	O
_	O
#BNK48	O
_	O
#bnk48handshake	O
_	O
bnk48official	O

(	O
1	O
)	O
อ่าน	O
แท๊ก	NORM_1WORD
_	O
#GreeneryChallenge	O
_	O
แล้ว	O
รู้สึก	O
ดี	O
จัง	O
_	O
แล้ว	O
ก็	O
รู้สึก	O
มี	O
ค.ตั้งใจ	NORM_1WORD
_	O
จริงจัง	O
กับ	O
มัน	O
มาก	O
ขึ้น	O
ด้วย	O
_	O
เรา	O
เคย	O
เป็น	O
คน	O
ที่	O
จริงจัง	O
กับ	O
ปัญหา	O
นี้	O
มาก	O
กว่า	O
นี้	O
นะ	O
_	O
ไม่	O
เอา	O
ถุงพลาสติก	O
_	O
ไม่	O
เอา	O
โฟม	O
_	O
ลด	O
ใช้	O
กระดาษ	O
_	O
พยายาม	O
กิน	O
ที่	O
ร้าน	O
ไม่	O
ซื้อ	O
กลับ	O
มา	O
กิน	O
เพราะ	O
ต้อง	O
ใส่	O
ถุง	O
_	O
ใส่	O
กล่อง	O
รัด	O
ยาง	O
_	O
คือ	O
โลก	O
ร้อน	O
มัน	O
ไม่	O
ไกล	O
ตัว	O
เลย	O
_	O
..	O
_	O
แต่	O
...	O

14	O
_	O
ก.ค.	O
_	O
2559	O
_	O
ศาล	O
ฎีกา	O
แผนก	O
คดี	O
สิ่งแวดล้อม	O
_	O
พิพากษา	O
ให้	O
บริษัท	O
ตะกั่วคอนเซนเตรทส์	O
_	O
(	O
ประเทศ	O
ไทย	O
)	O
_	O
จำกัด	O
_	O
และ	O
นาย	O
คงศักดิ์	O
กลีบบัว	O
_	O
กรรมการ	O
ผู้จัดการ	O
บริษัท	O
ที่	O
เป็น	O
ผู้ควบคุม	O
สาร	O
ตะกั่ว	O
_	O
จ่าย	O
เงิน	O
ชดใช้	O
ค่า	O
เสียหาย	O
แก่	O
ชาวบ้าน	O
คลิตี้	O
ล่าง	O
ทั้ง	O
_	O
8	O
_	O
ราย	O
_	O
เป็น	O
เงิน	O
_	O
20.2	O
_	O
ล้าน	O
บาท	O
_	O
พร้อม	O
ฟื้นฟู	O
ลำห้วย	O
คลิตี้	O
ให้	O
กลับ	O
มา	O
ใช้	O
ได้	O

เรื่อง	O
แต่	O
ตอน	O
อยู่	O
_	O
ม.	O
2	O
_	O
ตอนนี้	O
อยู่	O
_	O
ม.	O
4	O
_	O
ละ	O
_	O
คือ	O
มัน	O
เปน	NORM_1WORD
คาบ	O
ว่าง	O
ไง	O
_	O
ก็	O
ยอก	NORM_1WORD
เร่น	NORM_1WORD
กับ	O
เพื่อน	O
อยู่	O
หน้า	O
ห้อง	O
ละ	O
กะ	O
จะ	O
วิ่ง	O
เข้า	O
ห้อง	O
อิ	NORM_1WORD
สัส	NORM_1WORD
วิ่ง	O
ไป	O
แบบ	O
หัวเราะ	O
พอ	O
กู	O
เงย	O
ฟน้า	NORM_1WORD
ขึ้น	O
เท่านั้น	O
แหละ	O
ครู	O
ก็	O
สอน	O
ละ	O
เด็ก	O
เต็ม	O
ห้อง	O
อิ	NORM_1WORD
นี้	O
ก็	O
หน้าเหว๋อ	NORM_1WORD
โท่ๆๆๆ	NORM_1WORD
_	O
คือ	O
กุ	NORM_1WORD
วิ่ง	O
เข้า	O
ห้อง	O
น้อง	O
ม.	O
1	O
ไง	O
_	O
หลังจาก	O
นั้น	O
ไม่	O
ต้อง	O
พูด	O
ถึง	O
ครับ	O
อาย	O
_	O
#เรื่องมันช่างน่าอาย	O

เริ่ม	O
เห็น	O
พฤติกรรม	O
และ	O
คำพูด	O
ที่	O
ไม่	O
_	O
ok	O
_	O
ขึ้น	O
เรื่อย	O
_	O
นาง	O
ขี้อวด	O
_	O
อวย	O
ตัวเอง	O
ตลอด	O
_	O
ไม่	O
เคย	O
ให้	O
เครดิต	O
ใคร	O
_	O
เล่น	O
กระแส	O
_	O
คู่จิ้น	O
_	O
คู่	O
จริง	O
_	O
แอ๊บแบ๊ว	O
_	O
โอ๊ย	O
สารพัด	O
_	O
บอก	O
เลย	O
ผิดหวัง	O
มาก	O
_	O
งง	O
มาก	O
ไม่	O
เคย	O
คิด	O
ว่า	O
จะ	O
มี	O
คน	O
แบบ	O
นี้	O
_	O
พูด	O
ให้	O
ตัวเอง	O
ดูดี	O
ดู	O
นางเอก	O
_	O
เรา	O
ว่า	O
นาง	O
เหมือน	O
นางร้าย	O
ใน	O
นิยาย	O
จริงๆ	NORM_2WORD
_	O
เรา	O
เท	O
เลย	O
ค่ะ	O
_	O
ไม่	O
ไหว	O
_	O
ตอน	O
นี้	O
เกลียด	O
มากๆ	O

ผม	O
เป็น	O
หนึ่ง	O
ใน	O
แอดมิน	O
กลุ่ม	O
ปูเป้	O
ใน	O
เฟส	O
_	O
แล้ว	O
หนึ่ง	O
ใน	O
คำถาม	O
ก่อน	O
เข้า	O
กลุ่ม	O
คือ	O
_	O
ทำไม	O
ถึง	O
ชอบ	O
ปูเป้	O
?	O
_	O
รู้	O
มั้ย	NORM_1WORD
_	O
คน	O
ที่	O
เขา	O
ตอบ	O
ส่วน	O
ใหญ่	O
จะ	O
ตอบ	O
ว่า	O
อะไร	O
_	O
เขา	O
ตอบ	O
ว่า	O
ชอบ	O
ปูเป้	O
ที่	O
เป็นตัวของตัวเอง	O
_	O
ไม่ว่า	O
จะ	O
เรื่อง	O
ซึน	O
_	O
หน้า	O
นิ่ง	O
_	O
เรื่อง	O
เกรี้ยวกราด	O
_	O
เขี้ยว	O
_	O
ไม่	O
ต้อง	O
กังวล	O
นะ	O
ปูเป้	O
_	O
เรา	O
ชอบ	O
ปูเป้	O
ใน	O
แบบที่	O
เป็น	O
นะ	O
_	O
#PupeBNK48	O
_	O
#BNK48	O

เป็น	O
ติ่ง	O
เกาหลี	O
ที่	O
ชอบ	O
ความเป็น	O
เกาหลี	O
_	O
หลงไหล	NORM_1WORD
ใน	O
วัฒนธรรม	O
_	O
หลงไหล	NORM_1WORD
ใน	O
ธรรมชาติ	O
_	O
อยาก	O
ลอง	O
ให้	O
ชีวิต	O
อยู่	O
ที่	O
เกาหลี	O
_	O
อยาก	O
ไป	O
เรียน	O
ที่	O
เกาหลี	O
_	O
ถึง	O
จะ	O
ชอบ	O
เกาหลี	O
สัก	O
แค่	O
ไหน	O
แต่	O
สิ่ง	O
ที่	O
ไม่	O
เคย	O
คิด	O
จะ	O
ทำ	O
เลย	O
ก็	O
คือ	O
เปลี่ยน	O
สัญชาติ	O
เป็น	O
คน	O
เกาหลี	O
_	O
ไม่	O
เคย	O
เลย	O
สัก	O
นิด	O
_	O
เห็น	O
แบบ	O
นี้	O
ก็	O
รัก	O
แผ่นดิน	O
ไทย	O
นะ	O
เว้ย	O
_	O
#ติ่ง	O
เกาหลี	O
_	O
#ประเทศ	O
ไทย	O
_	O
#เกาหลี	O

เห็น	O
งาน	O
ตรัง	O
ปี	O
นี้	O
แล้ว	O
คิดถึง	O
งาน	O
ตรัง	O
ปี	O
ที่	O
แล้ว	O
_	O
ที่	O
เมม	NORM_1WORD
ทุก	O
คน	O
นั่ง	O
เครื่อง	NORM_1WORD
ไป	O
ตรัง	O
_	O
และ	O
มี	O
แอบ	O
เห็น	O
เมม	NORM_1WORD
ลง	O
สตอรี่	O
_	O
บรรยากาศ	O
ถ่ายรูป	O
บน	O
เรือ	O
_	O
แบบ	O
ฉาย	O
แฟรช	NORM_1WORD
เป็น	O
สตู	O
เคลื่อนที่	O
เลย	O
_	O
ก็	O
มี	O
พวก	O
มโน	O
ต่างๆนา	NORM_3PLUS
ว่ว	NORM_1WORD
ถ่าย	O
ฟตซ.	O
ซัมเมอร์	O
ฤดู	O
ร้อน	O
บลาๆ	NORM_2WORD
(	O
งาน	O
ตรัง	O
ปี	O
ที่	O
แล้ว	O
เป็น	O
ช่วง	O
มีนา	NORM_1WORD
)	O
_	O
ทุก	O
วัน	O
นี้	O
ยัง	O
ไม่	O
เห็น	O
รูป	O
เซต	O
นั้น	O
เลย	O
_	O
55555555555	O
_	O
#BNK48	O

มี	O
ค่าย	O
ดีๆ	NORM_2WORD
มา	O
บอก	O
_	O
จะ	O
ดี	O
กว่า	O
ไหม	O
_	O
ถ้า	O
เลือก	O
เรียน	O
สิ่ง	O
ที่	O
ชอบ	O
ได้	O
ไม่	O
จำกัด	O
?	O
_	O
แห่ง	O
แรก	O
ใน	O
ประเทศ	O
ไทย	O
_	O
ที่	O
นักศึกษา	O
ออกแบบ	O
ชีวิต	O
ได้	O
ตั้งแต่	O
การเรียน	O
_	O
กับ	O
_	O
คณะ	O
สหวิทยาการ	O
เทคโนโลยีและนวัตกรรม	O
_	O
เลือก	O
เรียน	O
ได้	O
จาก	O
_	O
12	O
_	O
คณะ	O
_	O
ฟิวส์ชั่น	NORM_1WORD
ทุก	O
ความชอบ	O
_	O
ฉีก	O
กฏ	NORM_1WORD
กรอบ	O
เดิมๆ	NORM_2WORD
_	O
เพิ่ม	O
ความสามารถ	O
ให้	O
ตนเอง	O
ได้	O
หลายหลาย	NORM_2WORD
_	O
#dek62	O
_	O
#tcas62	O
_	O
#เด็กซิ่ว	O

ไทย	O
อาจ	O
จะ	O
แย่	O
หลายๆ	NORM_2WORD
อย่าง	O
_	O
อาจ	O
จะ	O
เป็น	O
ประเทศ	O
ไม่	O
พัฒนา	O
_	O
รัฐบาล	O
อาจ	O
จะ	O
โกงกิน	O
เรา	O
_	O
แต่	O
ประเทศ	O
ไทย	O
ทำ	O
สำเร็จ	O
อย่าง	O
_	O
รู้	O
ไหม	O
ครับ	O
_	O
มัน	O
คือ	O
อะไร	O
_	O
คือ	O
การล้างสมอง	O
และ	O
ปลูกฝัง	O
ให้	O
คน	O
ไทย	O
เกิด	O
มา	O
ต้อง	O
บูชา	O
_	O
ต้อง	O
รัก	O
แผ่นดิน	O
ไทย	O
ที่	O
ไม่	O
เคย	O
ให้	O
อะไร	O
ที่	O
คน	O
ใน	O
ประเทศ	O
ควร	O
ได้	O
เลย	O
นี่แหละ	O
_	O
เวลา	O
คน	O
บ่น	O
ประเทศ	O
ไทย	O
_	O
จะ	O
เห็น	O
คนรักชาติ	O
แบบ	O
ผิด	O
ปกติ	O
โผล่	O
มา	O
ตลอด	O

เรา	O
จะ	O
รัก	O
ใคร	O
ชอบ	O
ใคร	O
ก็	O
ได้	O
_	O
แต่	O
เรา	O
จะ	O
บังคับ	O
ให้	O
คน	O
อื่น	O
รู้สึก	O
เหมือน	O
เรา	O
ไม่	O
ได้	O
_	O
บางสิ่งบางอย่าง	O
เรา	O
รับ	O
ได้	O
_	O
แต่	O
ใช่	O
ว่า	O
คน	O
อื่น	O
จะ	O
รับ	O
ได้	O
ด้วย	O
_	O
ความดี	O
มี	O
ก็	O
ยอมรับ	O
_	O
แต่	O
ไม่	O
ดี	O
มัน	O
มี	O
ก็	O
ต้อง	O
ยอมรับ	O
เช่นกัน	O
_	O
ชั้น	NORM_1WORD
ก็	O
ชอบ	O
ชอร์น	O
เหมือนเดิม	O
ใน	O
ด้าน	O
ร้องเพลง	O
_	O
อิมเมจ	O
_	O
อื่นๆ	NORM_2WORD
_	O
แต่	O
ถ้า	O
พูด	O
ถึง	O
เรื่อง	O
อื่น	O
_	O
ฉัน	O
ก็	O
อาจ	O
ไม่	O
ชอบ	O
ก็	O
ได้	O
_	O
#ShawnMendes	O

กู	O
ควร	O
โกรธ	O
คน	O
โง่	O
มั้ย	O
วะ	O
_	O
หรือ	O
กู	O
บ้า	O
ไป	O
เอง	O
ที่	O
มี	O
ผัว	O
เป็น	O
คน	O
โง่	O
ซ้ำซ้อน	O
_	O
บางที	O
ก็	O
คิด	O
ว่า	O
มัน	O
เรียน	O
จบ	O
ป.	O
6	O
มา	O
ได้	O
ยังไง	O
ภาษา	O
ไทย	O
ยัง	O
ใช้	O
คำ	O
ไม่	O
ถูก	O
เลย	O
_	O
นี่	O
เปน	NORM_1WORD
การบ่งชี้	O
ได้	O
ถึง	O
ความพินาศ	O
ด้าน	O
การศึกษา	O
ไทย	O
เลย	O
นะ	O
_	O
โง่	O
เลข	O
พอ	O
เข้าใจ	O
_	O
แต่	O
โง่	O
ภาษา	O
ไทย	O
นี่	O
มัน	O
คือ	O
อะไร	O
วะ	O
_	O
เรียก	O
กู	O
ว่า	O
อีตาม๊า	NORM_1WORD
_	O
เพราะ	O
กู	O
เคย	O
เรียก	O
มัน	O
อีตาป๊า	O
_	O
คือ	O
ไร	O
!!!	O
_	O
ยัย	NORM_1WORD
มั้ย	O
มึงง	NORM_1WORD

กำลังใจ	O
ที่	O
ดี	O
ที่สุด	O
ของ	O
ไรท์เตอร์	NORM_1WORD
คือ	O
มี	O
คน	O
รอ	O
อ่าน	O
ผลงาน	O
ของ	O
เรา	O
_	O
พอ	O
ได้	O
เห็น	O
ยอด	O
ไลค์	NORM_1WORD
_	O
แต่ละ	O
ตอน	O
_	O
ยอด	O
จอย	O
ที่	O
เพิ่มขึ้นๆ	O
ทุกๆ	O
_	O
คอมเม้นต์	NORM_1WORD
ก็	O
ด้วย	O
_	O
และ	O
ที่สุด	O
คือ	O
ยอด	O
รีวิว	O
เรื่อง	O
ที่	O
รีดเดอร์	O
กด	O
ให้	O
_	O
ครบ	O
_	O
5	O
_	O
ดาว	O
ทุก	O
ครั้ง	O
_	O
มัน	O
ชื่นใจ	O
ที่สุด	O
เลย	O
ค่ะ	O
_	O
ดี	O
ต่อ	O
ใจ	O
มาก	O
ค่ะ	O
_	O
ชอบ	O
อะ	O
ชอบ	O
เวลา	O
เห็น	O
ยอด	O
รีวิว	O
เยอะๆ	O
_	O
แม้	O
ว่า	O
จะ	O
ไม่	O
ค่อย	O
ได้	O
ก็	O
เถอะ	O
_	O
555555	O

จาก	O
การประกาศ	O
อัลบั้ม	O
ที่	O
_	O
2	O
_	O
ที่	O
ผ่าน	O
มา	O
_	O
ถ้า	O
เรียง	O
ไทม์ไลน์	O
ปี	O
นี้	O
กับ	O
ปี	O
ที่	O
แล้ว	O
_	O
31	O
/	O
3	O
/	O
2018	O
_	O
(	O
ประกาศ	O
เพลง	O
_	O
15	O
/	O
2	O
/	O
2018	O
_	O
ใน	O
งาน	O
ฮอนด้า	O
)	O
_	O
เปิดตัว	O
เพลง	O
และ	O
เซ็มบัตสึ	O
_	O
River	O
_	O
29	O
/	O
4	O
/	O
2018	O
_	O
เปิดตัว	O
_	O
MV	O
_	O
เท่ากับ	O
ว่า	O
ใช้	O
เวลา	O
ไม่	O
ถึง	O
เดือน	O
_	O
ปี	O
นี้	O
_	O
7	O
/	O
4	O
/	O
2019	O
_	O
ประกาศ	O
เพลง	O
อัลบั้ม	O
ที่	O
_	O
2	O
_	O
MV	O
_	O
จะ	O
ออก	O
ภาย	O
ใน	O
_	O
1	O
_	O
เดือน	O
หรือ	O
ไม่	O
_	O
#JabajaTH	O
_	O
#BNK48	O

ขนาด	O
ตอน	O
นั้น	O
_	O
สมัคร	O
ออก	O
มา	O
โวยวาย	O
ที่	O
คน	O
ของ	O
พรรค	O
ตัวเอง	O
ไป	O
โหวต	O
ให้	O
ชวน	O
_	O
เรา	O
ยัง	O
เกลียด	O
สมัคร	O
ไป	O
ด้วย	O
_	O
เพราะ	O
ตอน	O
นั้น	O
สมัคร	O
หนุน	O
ชวลิต	O
_	O
แต่	O
สมาชิก	O
พรรค	O
บาง	O
คน	O
ดัน	O
ไป	O
ยก	O
มือ	O
ให้	O
ชวน	O
.	O
เลย	O
กลาย	O
เป็น	O
ตำนาน	O
_	O
งูเห่า	O
_	O
ตั้งแต่	O
ตอน	O
นั้น	O
_	O
อ้อ	NORM_1WORD
_	O
ลืม	O
เล่า	O
ตอน	O
พฤษภาทมิฬ	O
35	O
_	O
ปชป.	O
ต่อต้าน	O
เผด็จการ	O
นะ	O
_	O
ออก	O
มา	O
ร่วม	O
กับ	O
จำลอง	O
ไล่	O
สุจินดา	O
_	O
นั่นแหละ	O
เรา	O
ถึง	O
ชอบ	O

ไม่	O
เป็นไร	O
นะ	O
คะ	O
_	O
สักวัน	O
อาจ	O
จะ	O
เจอ	O
คน	O
ที่	O
สนิท	O
ด้วย	O
และ	O
สบายใจ	O
ที่	O
จะ	O
อยู่	O
ด้วยกัน	O
นะ	O
คะ	O
_	O
จริงๆ	NORM_2WORD
_	O
บ่น	O
บน	O
พื้นที่	O
ตัวเอง	O
เป็น	O
เรื่อง	O
ปกติ	O
นะ	O
คะ	O
_	O
นี่	O
แค่	O
ผ่าน	O
มา	O
เห็น	O
_	O
ต้อง	O
ขอโทษ	O
เช่นกัน	O
นะ	O
คะ	O
_	O
บาง	O
คน	O
ก็	O
ไม่	O
คิด	O
มาก	O
ไม่	O
แคร์	O
_	O
บาง	O
คน	O
อาจ	O
จะ	O
ยัง	O
คิด	O
มาก	O
อยู่	O
_	O
จริงๆ	NORM_2WORD
_	O
เรา	O
กิน	O
ข้าว	O
คน	O
เดียว	O
แทบ	O
ทุก	O
วัน	O
ที่ทำงาน	O
_	O
ชีวิต	O
จริง	O
ก็	O
เพื่อน	O
น้อย	O
_	O
เหงา	O
แต่	O
ไร้	O
ทางออก	O

ผิด	O
ป่ะ	NORM_1WORD
วะ	O
ถ้า	O
กู	O
ชอบ	O
บ้าน	O
เล็ก	O
ของ	O
พ่อ	O
มาก	O
กว่า	O
บ้าน	O
ที่	O
อยู่	O
ด้วย	O
อยาก	O
ให้	O
พ่อ	O
เลิกๆ	NORM_2WORD
ไป	O
อ่ะ	NORM_1WORD
_	O
ทำไม	O
วะ	O
_	O
ไม่	O
รัก	O
พ่อ	O
แล้ว	O
ก็	O
เลิกๆ	NORM_2WORD
กับ	O
พ่อ	O
ไป	O
ดิ	NORM_1WORD
_	O
ห่วง	O
แต่	O
เงิน	O
แล้ว	O
พ่อ	O
อ่ะ	NORM_1WORD
_	O
เห็นแก่ตัว	O
ว่ะ	O
แม่ง	O
_	O
ลูกชาย	O
น้องชาย	O
ตัวเอง	O
แท้ๆ	NORM_2WORD
ยัง	O
ไม่	O
ดู	O
เลย	O
อ่ะ	NORM_1WORD
_	O
โมโห	O
สุด	O
คือ	O
พ่อ	O
ให้	O
มึง	O
ช่วย	O
ขับ	O
รถ	O
ให้	O
แล้ว	O
มึง	O
บอก	O
ต้อง	O
เอา	O
เงิน	O
มา	O
แลก	O
มึง	O
เป็น	O
ลูก	O
เขา	O
อ่ะ	NORM_1WORD
ที	O
ผช.	NORM_1WORD
มึง	O
ขับ	O
รถ	O
ไป	O
รับ	O

ถ้า	O
ไม้	O
มัน	O
เสียบ	O
คอ	O
หมา	O
เรา	O
คุณ	O
จะ	O
หวังดี	O
จ่าย	O
ค่ารักษา	O
ให้	O
เรา	O
มั้ย	NORM_1WORD
คะ	O
_	O
หมา	O
ใคร	O
ใคร	O
ก็	O
รัก	O
_	O
อย่า	O
ทำ	O
นิสัย	O
ใจบุญ	O
แบบ	O
ไม่	O
คิด	O
อะ	NORM_1WORD
เลย	O
_	O
หมา	O
เรา	O
ไม่	O
ได้	O
ถูก	O
เลี้ยง	O
ให้	O
กิน	O
ไก่	O
จาก	O
ไม้	O
_	O
มัน	O
แยก	O
ไม่	O
ออก	O
ค่ะ	O
จริงๆ	O
แล้ว	O
_	O
คุณ	O
ไม่	O
ควร	O
โยน	O
ไก่	O
เสียบ	O
ไม้	O
ให้	O
หมา	O
ตัว	O
ไหน	O
เลย	O
_	O
ไม่	O
ควร	O
ให้	O
มัน	O
กิน	O
ทั้ง	O
กระดูก	O
โดยเฉพาะ	O
หมา	O
เล็ก	O
_	O
อย่า	O
ทำ	O
อย่าง	O
นี้	O
ไม่ว่า	O
กับ	O
หมา	O
ตัว	O
ไหน	O

ไดอารี่	O
ล่าสุด	O
น้อง	O
ตี๋	O
บอก	O
ว่า	O
พอ	O
ไม่	O
มี	O
งาน	O
_	O
ไม่	O
มี	O
โชว์	O
เคส	O
_	O
ไม่	O
ได้	O
โปรโมท	NORM_1WORD
_	O
ไม่	O
ได้	O
เจอ	O
แฟนๆ	NORM_2WORD
แบบ	O
นี้	O
แล้ว	O
รู้สึก	O
ว่างเปล่า	O
_	O
เหงา	O
เลย	O
_	O
รู้สึก	O
เหมือนกัน	O
ใช่	O
ไหม	O
?	O
_	O
น้อง	O
ตี๋	O
บอก	O
ว่า	O
อยากจะ	O
เจอกัน	O
ให้	O
เร็ว	O
ที่สุด	O
เลย	O
นะ	O
_	O
แล้ว	O
ก็	O
บอก	O
ว่า	O
อยู่	O
แอลเอ	O
ก็	O
มี	O
เรื่อง	O
สนุกๆ	NORM_2WORD
เยอะ	O
_	O
ได้	O
กิน	O
ของ	O
ดีๆ	NORM_2WORD
ด้วย	O
_	O
แค่	O
นี้	O
เอง	O
ฉัน	O
ก็	O
มี	O
ความสุข	O
แล้ว	O
ที่	O
น้อง	O
มี	O
ความสุข	O

อุแงงง	NORM_1WORD
_	O
พอ	O
ถึง	O
ตอนจบ	O
แล้ว	O
เป็น	O
เศร้า	O
มาก	O
เลย	O
_	O
มัน	O
ไม่	O
เศร้าเสียใจ	O
_	O
แต่	O
เศร้า	O
ที่	O
จบ	O
แล้ว	O
_	O
รู้สึก	O
เหมือน	O
แม่	O
ที่	O
ลูก	O
มี	O
สามี	O
_	O
มี	O
ครอบครัว	O
ที่	O
สมบูรณ์	O
แล้ว	O
_	O
ตอนแรก	O
ที่	O
อ่าน	O
_	O
น่าจะ	O
ทุกคน	O
ที่	O
จะ	O
เกลียด	O
คุณสามี	O
มาก	O
อะ	O
_	O
นี่	O
ก็	O
หนึ่ง	O
ใน	O
นั้น	O
_	O
คิด	O
ไม่	O
ออก	O
เลย	O
ว่า	O
จะ	O
รัก	O
กัน	O
ได้	O
ยังไง	NORM_1WORD
_	O
คิด	O
ไม่	O
ออก	O
เหมือนกัน	O
ว่า	O
จะ	O
เลิก	O
เกลียด	O
จงอิน	O
ได้	O
ยังไง	NORM_1WORD
_	O
#ทะนงKH	O

ไม่	O
ได้	O
โอชิ	O
เคท	O
_	O
แต่	O
เรา	O
ว่า	O
น้อง	O
น่ารัก	O
มาก	O
_	O
ถ้า	O
ไป	O
เป็น	O
ดารา	O
เด็ก	O
ท่า	O
ทาง	O
จะรุ่ง	O
_	O
สวย	O
_	O
โต	O
ขึ้น	O
แบบ	O
_	O
charming	O
_	O
แน่ๆ	NORM_2WORD
_	O
เห็น	O
แล้ว	O
นึก	O
ถึง	O
ญาญ่า	O
_	O
เสียดาย	O
ทาง	O
อฟช	O
ไม่	O
ดัน	O
_	O
อีก	O
คน	O
คือ	O
ซัทจัง	O
_	O
ใน	O
รูป	O
ดู	O
เด็กๆ	NORM_2WORD
แต่	O
ตัว	O
จริง	O
น่ารัก	O
มาก	O
_	O
มี	O
เสน่ห์	O
_	O
พอ	O
เข้า	O
มหาลัย	NORM_1WORD
แล้ว	O
เปรี้ยง	O
แน่	O
สงสัย	O
อฟช	O
เก็บ	O
ไว้	O
หลัง	O
รุ่น	O
ใหญ่	O
แกรด	O
_	O
#KateBNK48	O
_	O
#BNK48	O
_	O
#SatchanBNK48	O

เคมี	O
ออก	O
น่ารักๆ	O
_	O
ใสๆ	O
_	O
เหมือน	O
รุ่น	O
พี่	O
รุ่น	O
น้อง	O
ทั่วไป	O
_	O
แต่	O
ถาม	O
ว่า	O
ทำไม	O
ชิป	O
_	O
ฮือ	O
_	O
จะ	O
ว่า	O
ไง	O
ดี	O
_	O
เพราะ	O
แตะเนื้อต้องตัว	O
กัน	O
บ่อย	O
สุด	O
(...)	O
_	O
เป็น	O
คู่	O
ที่	O
นึก	O
ภาพ	O
กอด	O
หงุงๆ	O
_	O
กัน	O
แล้ว	O
ฟีล	O
Good	O
ที่สุด	O
แล้ว	O
_	O
ไร้	O
ซึ่ง	O
ดราม่า	O
_	O
ว่า	O
ไง	O
ดี	O
_	O
ชง	O
แรง	O
มาก	O
ตอน	O
ภาค	O
Revolution	O
ตอน	O
ที่	O
4	O
_	O
ฮือ	O
_	O
ทุก	O
คน	O
ไม่	O
เห็น	O
แต่	O
เรา	O
เห็น	O
_	O
ดู	O
ภาพ	O
2	O
ไว้	O
เลย	O
_	O
ทำไม	O
ต้อง	O
โฟกัส	O
ขนาด	O
เน้	NORM_1WORD

แต่	O
ก็	O
เข้าใจ	O
ทุก	O
คน	O
นะ	O
_	O
ถ้า	O
อิบัง	O
ไม่	O
เพิ่ม	O
รอบ	O
ก็	O
คง	O
ไม่	O
ได้	O
เห็น	O
คุณ	O
วี	O
อุ้ม	O
จองกุก	O
_	O
แล้ว	O
เดี๋ยว	O
ก็	O
จะ	O
เข้าใจ	O
ว่า	O
คุณ	O
วี	O
กับ	O
จองกุก	O
ทะเลาะ	O
กัน	O
_	O
อาจ	O
จะ	O
ไม่	O
ได้	O
เห็น	O
พี่	O
จิน	O
ใส่	O
แว่น	O
อัน	O
สุด	O
แสน	O
น่ารัก	O
ด้วย	O
_	O
โอเค	O
_	O
ทั้งหมด	O
นี้	O
คหสต.	NORM_1WORD
นะ	O
_	O
ไม่	O
ดราม่า	O
_	O
#BTSLoveYourSelfinBKK	O
_	O
#BTSinBangkokDay2	O
_	O
#BTSLoveYourselfBKK	O
_	O
#BTSLoveYourSelfinBKK	O

รีวิว	O
ฉีด	O
ฟิลเลอร์	O
ที่	O
_	O
Nirvarna	O
Clinic	O
rayong	O
_	O
ละมุน	O
มาก	O
หวาน	O
จริงงง	NORM_1WORD
_	O
คือ	O
ประทับใจ	O
จริง	O
จน	O
ต้อง	O
บอก	O
ต่อ	O
_	O
ทั้งหมด	O
นี้	O
ใช้	O
ฟิลเลอร์	O
แค่	O
_	O
1	O
_	O
CC	O
_	O
น้อย	O
มาก	O
_	O
แค่	O
เปลี่ยน	O
ชัด	O
มาก	O
_	O
คุณหมอ	O
เก่ง	O
จริง	O
ใคร	O
คางตัด	O
คางทู่	O
คือ	O
ต้อง	O
ไป	O
ทำ	O
ด่วน	O
!!!	O
_	O
#รีวิวศัลยกรรม	O
_	O
#ฉีดฟิลเลอร์	O
_	O
#filer	O
_	O
#ฉีดคาง	O
_	O
#เสริมคาง	O
_	O
#ปรับแต่งรูปหน้า	O
_	O
#ออกแบบรูปหน้า	O

ผม	O
จึง	O
เห็น	O
รายการ	O
ทีวี	O
ของ	O
ต่างประเทศ	O
มา	O
ตั้งแต่	O
เด็กๆ	NORM_2WORD
_	O
และ	O
ซึมซับ	O
ใน	O
เรื่อง	O
ของ	O
การทำโปรดักชั่น	O
ของ	O
ทาง	O
โน้น	O
มา	O
ตั้งแต่	O
เด็กๆ	NORM_2WORD
_	O
ผม	O
ได้	O
อีก	O
อย่าง	O
นึง	NORM_1WORD
คือ	O
ภาษา	O
อังกฤษ	O
_	O
คุณ	O
พ่อ	O
ผม	O
จะ	O
แปล	O
ให้	O
ฟัง	O
ก่อน	O
_	O
ต่อ	O
มา	O
ก็	O
ปล่อย	O
ให้	O
ดู	O
เอง	O
_	O
คุณ	O
แม่	O
ผม	O
ไม่	O
ค่อย	O
ชอบ	O
เท่า	O
ไหร่	O
_	O
บอก	O
ให้	O
ผม	O
พูด	O
ภาษา	O
ไทย	O
ให้	O
ชัดถ้อยชัดคำ	O
_	O
คุณ	O
แม่	O
ไม่	O
สนับสนุน	O
ผม	O
เรื่อง	O
เป็น	O
คน	O
หัวนอก	O

งง	O
ว่า	O
_	O
river	O
_	O
เป็น	O
เพลง	O
เชียร์	O
มัน	O
ไม่	O
ดี	O
ตรง	O
ไหน	O
_	O
ก็	O
พอ	O
รู้	O
ว่า	O
เป็น	O
เพลง	O
ตำนาน	O
ของ	O
วง	O
พี่	O
_	O
แต่	O
ถ้า	O
เวอร์ชั่น	NORM_1WORD
ไทย	O
แม่ง	O
เจ๋ง	O
จริง	O
ยังไง	NORM_1WORD
ก็	O
ดัง	O
_	O
ที่	O
เอา	O
เพลง	O
นี้	O
มา	O
ใช้	O
คือ	O
คน	O
จ้าง	O
เค้า	NORM_1WORD
เชื่อ	O
ป่ะ	NORM_1WORD
วะ	O
ว่า	O
เพลง	O
นี้	O
ทำให้	O
ของ	O
เค้า	NORM_1WORD
เป็น	O
ที่	O
รู้จัก	O
ได้	O
_	O
หรือ	O
จะ	O
ให้	O
_	O
อฟช.	NORM_1WORD
_	O
บอก	O
ว่า	O
คุณ	O
จะ	O
ใช้	O
_	O
river	O
_	O
ไม่	O
ได้	O
นะ	O
เพลง	O
นี้	O
มัน	O
ตำนาน	O
_	O
ไป	O
จ้าง	O
วง	O
อื่น	O
เถอะ	O
สัส	NORM_1WORD
หรอ	NORM_1WORD
วะ	O

ขอ	O
รวบ	O
ทั้งหมด	O
มัด	O
ไว้	O
ใน	O
เมนชั่น	NORM_1WORD
นี้	O
_	O
1	O
.	O
_	O
เยี่ยชิว	O
_	O
/	O
_	O
เยี่ยซิว	O
_	O
คือ	O
พระเอก	O
!!	O
_	O
ทั่น	NORM_1WORD
เทพเยี่ย	O
_	O
สุด	O
หล่อ	O
_	O
2	O
.	O
_	O
เยี่ยหลาน	O
คือ	O
คุ่ชิป	NORM_1WORD
_	O
เยี่ยซิว	O
_	O
x	O
_	O
หลานเหอ	O
_	O
สุด	O
สะคราญ	O
_	O
3	O
.	O
_	O
การ์ตูน	O
สนุก	O
มากกกกก	NORM_1WORD
_	O
มี	O
_	O
12	O
_	O
ตอน	O
เอง	O
แงะ	NORM_1WORD
_	O
ปี	O
นี้	O
มี	O
ซีรีย์	NORM_1WORD
_	O
คนเล่น	O
โคด	NORM_1WORD
หล่อ	O
_	O
4	O
.	O
_	O
นิยาย	O
หนุ	NORM_1WORD
ยัง	O
ม่าย	NORM_1WORD
อ่าน	O
_	O
แต่	O
ว่า	O
ตะ	NORM_1WORD
ไป	O
ซื้อ	O
มา	O
อ่าน	O
บ้าง	O
แระ	NORM_1WORD
_	O
เยี่ยหลาน	O
โมเม้น	NORM_1WORD
เยอะ	O
อิ	O
อิ	O

#	O
เต๋อ	O
ใหม่	O
_	O
สังเกต	O
การทรีท	NORM_1WORD
ผู้หญิง	O
ของ	O
ลุง	O
เต๋อ	O
ไม่	O
ธรรมดา	O
_	O
มัน	O
ละมุน	O
ใจ	O
_	O
ไม่	O
ได้	O
สปอยล์	O
น้อง	O
_	O
แต่	O
คอย	O
ซัพพอร์ต	NORM_1WORD
ใน	O
เรื่อง	O
ดีๆ	NORM_2WORD
_	O
พา	O
ดาวิ	O
ไป	O
วัด	O
_	O
ได้	O
เข้า	O
เฝ้า	O
สมเด็จพระสังฆราช	O
_	O
จัดการ	O
ให้	O
น้อง	O
หมด	O
_	O
นี่	O
เรา	O
แอบ	O
ทึ่ง	O
พี่แก	O
นะ	O
_	O
รัก	O
ไม่	O
ซับซ้อน	O
_	O
ชัดเจน	O
ตั้งแต่	O
วัน	O
แรก	O
_	O
แล้ว	O
ก็	O
ชัด	O
ขึ้น	O
เรื่อยๆ	NORM_2WORD
_	O
อะไร	O
ที่	O
เกี่ยว	O
กับ	O
ดาวิ	NORM_1WORD
_	O
ลุง	O
เต๋อ	O
จะ	O
เซฟ	O
น้อง	O
ตลอด	O

#เป๊กผลิตโชค	O
_	O
ตอน	O
อยู่	O
ดูไบ	O
อากาศ	O
49	O
_	O
องศา	O
_	O
ว่า	O
ร้อน	O
แล้ว	O
แต่	O
ที่	O
นั่น	O
ทุก	O
อย่าง	O
ติด	O
แอร์	O
หมด	O
แม้กระทั่ง	O
ป้ายรถเมล์	O
ไป	O
ไหน	O
คือ	O
แอร์	O
เย็น	O
มาก	O
แทบ	O
ไม่	O
ได้	O
เจอ	O
แสงแดด	O
นอกจาก	O
ไป	O
แคมปิ้ง	NORM_1WORD
ที่	O
ทะเลทราย	O
ตอน	O
นี้	O
ที่	O
ไทย	O
คสูงสุด	NORM_1WORD
44	O
กทม	O
นี่	O
40	O
แต่	O
รู้สึก	O
ร้อน	O
เหมือน	O
ซ้อม	O
ลง	O
นรก	O
อีก	O
5	O
ปี	O
ข้าง	O
หน้า	O
จะ	O
อยู่	O
ยังไง	NORM_1WORD
นี่	O
ไง	O
เหตุผล	O
ที่	O
ต้อง	O
หา	O
_	O
ฝ	O
_	O
ย้าย	O
ประเทศ	O
หนี	O

อยาก	O
ขอบคุณ	O
ทีม	O
แปล	O
เพลง	O
มากๆ	NORM_2WORD
_	O
จาก	O
กังวล	O
sakura	O
_	O
no	O
_	O
hanabiratachi	O
ยังไง	NORM_1WORD
ให้	O
ไพเราะ	O
_	O
พอ	O
เมื่อวาน	O
ฟัง	O
แล้ว	O
คือ	O
ร้องไห้	O
ออก	O
มา	O
เลย	O
อะ	O
_	O
แปล	O
ดี	O
มาก	O
_	O
เนื้อเพลง	O
ครบ	O
เท่า	O
ฉบับ	O
ญี่ปุ่น	O
ด้วย	O
_	O
อีก	O
เพลง	O
ก็	O
river	O
_	O
ตอน	O
แรก	O
กังวล	O
ท่อน	O
เปิด	O
มาก	O
_	O
เพราะ	O
เนื้อ	O
ไทย	O
ต้อง	O
ไม่	O
เข้า	O
จังหวะ	O
แน่ๆ	NORM_2WORD
_	O
แต่	O
ทีม	O
ทำ	O
เพลง	O
ทำ	O
ได้	O
_	O
#BNK48	O
_	O
#BNK481stCONCERT	O
_	O
#BNK48STARTO	O

มา	O
รีวิว	O
_	O
โฟมล้างหน้า	O
Shokubutau	O
_	O
Daily	O
_	O
Detox	O
_	O
&	O
_	O
Anti	O
_	O
Acne	O
_	O
ค่ะ	O
_	O
ใช้	O
มา	O
2	O
เดือน	O
ค่ะ	O
_	O
บีบ	O
นิดเดียว	O
แต่	O
โฟม	O
เยอะ	O
_	O
ล้าง	O
ออก	O
ยาก	O
_	O
ล้าง	O
ไม่	O
ค่อย	O
สะอาด	O
_	O
เครื่องสำอาง	O
ไม่	O
ค่อย	O
ออก	O
_	O
หน้า	O
แห้ง	O
_	O
ส่วนตัว	O
ใช้	O
แล้ว	O
หน้า	O
ไม่	O
ชุ่มชื่น	O
_	O
ไม่	O
เรียบเนียน	O
ค่ะ	O
_	O
ให้	O
คะแนน	O
(	O
ส่วนตัว	O
)	O
_	O
4	O
/	O
10	O
_	O
#ไว้รีวิวห้ามขายของของ	O
โว้ยย	NORM_1WORD
_	O
#howtopefect	O
_	O
#howtobeauty	O

#งานออนไลน์	O
_	O
สนใจ	O
เก็บ	O
เงิน	O
ไป	O
คอน	NORM_1WORD
_	O
ไป	O
มีต	O
_	O
ช็อปปิ้ง	O
กัน	O
_	O
DM	O
สอบถาม	O
_	O
ขอ	O
ดู	O
รีวิวว	O
ได้	O
_	O
#WannaOne1TheWorldinBKK	O
_	O
#IKON2018CONTINUETOURinBANGKOK	O
_	O
#TiffanyYoungFanMeetingTourBKK	O
_	O
#2018LJSCrankUpinBKK	O
_	O
#KwonHyunBin1stFMinBKK	O
_	O
#SJxOshopping	O
_	O
#NatureRepublicxEXO	O
_	O
#kcon2018thailand	O
_	O
#ใส้กรอกซีพีเพื่อนซี้	O
แบมแบม	O

คน	O
เรา	O
ถ้า	O
ได้	O
รัก	O
ไค	NORM_1WORD
แล้ว	O
เรา	O
ก็	O
รัก	O
หมด	O
ใจ	O
อยู่	O
ที่	O
..	O
คน	O
ที่	O
เรา	O
มอบ	O
ความรัก	O
ให้	O
ว่า	O
เขา	O
จะ	O
รักษา	O
มัน	O
ไว้	O
ไหม	O
ถ้า	O
เขา	O
ไม่	O
ถนอม	O
รัก	O
นั้น	O
ไว้	O
มัน	O
ก็	O
จะ	O
หมด	O
ไป	O
ใน	O
วัน	O
หนึ่ง	O
_	O
หาก	O
คิด	O
ได้	O
แล้ว	O
ย้อน	O
กลับ	O
มา	O
ถาม	O
ว่า	O
ทำ	O
ได้	O
ไหม	O
ตอบ	O
ได้	O
เลย	O
ว่า	O
ทำ	O
ได้	O
แต่	O
ความเชื่อใจ	O
ไว้วางใจ	O
มัน	O
หมด	O
ไป	O
แล้ว	O
เพราะ	O
เรา	O
ไม่	O
อาจ	O
รู้	O
ได้	O
ว่า	O
กลับ	O
มา	O
แล้ว	O
จะ	O
มั่นคง	O
ไหม	O
.	O
ลอง	O
ถาม	O
ใจ	O
ตัวเอง	O
ดู	O

การ	O
ที่	O
เป็น	O
ตัว	O
ของ	O
ตัว	O
เอง	O
มาก	O
เกิน	O
ไป	O
ก็	O
ลำบาก	O
และ	O
การ	O
ที่	O
ไม่	O
เป็น	O
ตัว	O
ของ	O
ตัว	O
เอง	O
มาก	O
เกิน	O
ไป	O
ก็	O
ลำบาก	O
เช่น	O
กัน	O
สุด	O
ท้าย	O
ก็	O
อยู่	O
ที่	O
ว่า	O
ใคร	O
จะ	O
ก้าว	O
ผ่าน	O
สิ่ง	O
เหล่า	O
นี้	O
ไป	O
ได้	O
หรือ	O
จะ	O
เจอ	O
ตัวตน	O
ของ	O
ตัว	O
เอง	O
ได้	O
เร็ว	O
เพียง	O
ใด	O
_	O
ขอ	O
ให้	O
เจ้า	O
แคน	O
ได้	O
เจอ	O
เส้นทาง	O
ที่	O
ตัว	O
เอง	O
ชอบ	O
_	O
ขอบคุณ	O
ที่	O
เข้า	O
มา	O
อยู่	O
_	O
bnk	O
_	O
นะ	O
ลูก	O
_	O
รัก	O
_	O
#BNK48	O
_	O
ทุก	O
คน	O
เหมือน	O
ลูก	O
_	O
#CanBNK48	O

จนถึง	O
วัน	O
ที่	O
ฉัน	O
เดินทาง	O
ไป	O
ชลบุรี	O
ไป	O
หา	O
งาน	O
ทำ	O
ฉัน	O
ไม่	O
เคย	O
นั่ง	O
รถ	O
ไป	O
ไหน	O
มา	O
ไปน	NORM_1WORD
คน	O
เดียว	O
เลย	O
และ	O
ครั้ง	O
นี้	O
ฉัน	O
ต้อง	O
เดินทาง	O
คน	O
เดียว	O
พี่	O
เค้า	NORM_1WORD
ก็	O
ไม่	O
ว่าง	O
คุย	O
จน	O
ดึก	O
เข้า	O
พี่	O
เค้า	NORM_1WORD
โทร	NORM_1WORD
มา	O
เรา	O
รุ้สึก	NORM_1WORD
ดีใจ	O
มากๆ	NORM_2WORD
พี่	O
เค้า	NORM_1WORD
บอก	O
ง่วง	O
น่ะ	O
แต่	O
พี่	O
เปนห่วง	NORM_1WORD
เรา	O
เดินทาง	O
คน	O
เดียว	O
ด้วย	O
พี่	O
จะ	O
คุย	O
เป็น	O
เพื่อน	O
เรา	O
นะ	O
ค่ะ	NORM_1WORD
จะ	O
ได้	O
ไม่	O
เหงา	O
ไม่	O
ต้อง	O
กลัว	O
น่ะ	O
พี่	O
จะ	O
คุย	O
ด้วย	O

ชั้น	NORM_1WORD
ชม	O
น้อง	O
เค้า	NORM_1WORD
_	O
วันนี้	O
คิ้ว	O
สวย	O
นะ	O
เนี่ย	NORM_1WORD
_	O
น้อง	O
ก็	O
บอก	O
_	O
พี่	O
อะ	O
ชอบ	O
มา	O
ล้อ	O
หนู	O
_	O
โกรธ	O
แล่ว	NORM_1WORD
_	O
/	O
ทำ	O
ท่า	O
เด็ก	O
โกรธ	O
_	O
พิ	NORM_1WORD
ขอท่ด	NORM_1WORD
ลู้ก	NORM_1WORD
_	O
นี่	O
โกรธ	O
จริง	O
ป่ะ	NORM_1WORD
_	O
น้อง	O
บอก	O
_	O
ไม่	O
ได้	O
โกรธๆ	O
_	O
พี่	O
เอา	O
เลย	O
_	O
ง่ะ	O
_	O
ยุ	O
ส่ง	O
_	O
ละ	NORM_1WORD
แอบ	O
บอก	O
น้อง	O
ว่า	O
ชั้น	NORM_1WORD
จะ	O
เปิด	O
กิจการ	O
ใหม่	O
_	O
น้อง	O
เค้า	NORM_1WORD
ก็	O
แบบ	O
_	O
ชวน	O
หนู	O
ไป	O
ด้วย	O
_	O
ให้	O
หนู	O
กิน	O
ฟรี	O
ด้วย	O
_	O
ชั้น	NORM_1WORD
อยาก	O
เซ็น	O
มอบ	O
ให้	O
เลย	O
_	O
เอา	O
ไป๊	NORM_1WORD
_	O
#KaewBNK48	O
_	O
#BNK48	O

รีวิว	O
มา	O
อีก	O
แล้ว	O
จ้า	NORM_1WORD
_	O
น้อง	O
เพิ่ง	O
ทำ	O
งาน	O
ไม่	O
ถึง	O
1	O
วัน	O
_	O
น้อง	O
ได้	O
มา	O
พัน	O
กว่า	O
บาท	O
แล้วว	NORM_1WORD
_	O
น้อง	O
เพิ่ง	O
เคย	O
สมัคร	O
งาน	O
ออนไลน์	O
ครั้ง	O
แรก	O
น้า	NORM_1WORD
_	O
ยินดี	O
สอน	O
งาน	O
จนกว่า	O
จะ	O
เป็น	O
จ้า	NORM_1WORD
_	O
น้อง	O
สมัคร	O
ทุก	O
งาน	O
นะ	O
คะ	O
_	O
ย้ำ	O
ว่า	O
สมัคร	O
ทุก	O
งาน	O
จ้า	NORM_1WORD
_	O
ลงทุน	O
ร้อย	O
กว่า	O
บาท	O
_	O
วัน	O
เดียว	O
ได้	O
เงิน	O
พัน	O
กว่า	O
บาท	O
_	O
เอา	O
มั้ย	NORM_1WORD
คะ	O
_	O
แบบ	O
นี้	O
?	O
_	O
#งานออนไลน์ได้เงินจริง	O
_	O
#งานออนไลน์รายได้ดี	O

ด่วน	O
!	O
_	O
สภา	O
ไต้หวัน	O
ผ่าน	O
_	O
กม.	NORM_1WORD
แต่งงาน	O
ของ	O
คนเพศเดียวกัน	O
แล้ว	O
_	O
กลายเป็น	O
ประเทศ	O
แรก	O
ใน	O
เอเชีย	O
ที่	O
จะ	O
มี	O
_	O
กม.	NORM_1WORD
นี้	O
_	O
หลัง	O
ศาล	O
ตัดสิน	O
_	O
2	O
_	O
ปี	O
ก่อน	O
ว่า	O
การไม่อนุญาต	O
ให้	O
คนเพศเดียวกัน	O
แต่งงาน	O
ถือ	O
ว่า	O
ขัด	O
_	O
รธน.	NORM_1WORD
_	O
วันนี้	O
_	O
(	O
17	O
_	O
พ.ค.	O
)	O
_	O
ยัง	O
ตรง	O
กับ	O
วัน	O
สากล	O
ยุติ	O
ความเกลียดกลัว	O
คนรักเพศเดียวกัน	O
_	O
คนข้ามเพศ	O
_	O
และ	O
คนรักสองเพศ	O
_	O
(	O
IDAHOT	O
)	O
_	O
พอดี	O
ด้วย	O

ยัง	O
ดู	O
ดวง	O
ได้	O
นะ	O
ครับ	O
_	O
ใคร	O
ร้อนใจ	O
เรื่อง	O
เรียน	O
_	O
เรื่อง	O
รัก	O
_	O
เรื่อง	O
อื่นๆ	NORM_2WORD
_	O
DM	O
_	O
ได้	O
เลย	O
_	O
ไม่	O
ต้อง	O
จอง	O
คิว	O
_	O
เรื่อง	O
ด่วน	O
ดู	O
ได้	O
ครับ	O
_	O
รับ	O
_	O
SCB	O
_	O
พร้อมเพย์	O
_	O
วอลเลต	O
_	O
ราคา	O
ไม่	O
แพง	O
_	O
มี	O
คำแนะนำ	O
และ	O
กำลังใจ	O
ให้	O
_	O
แพ็คเกจ	NORM_1WORD
เนื้อคู่	O
ทวิน	O
เฟลม	O
ก็	O
มี	O
_	O
รีวิว	O
_	O
#BlackAnchorFortune	O
_	O
#ดูดวง	O
_	O
#ดูดวงฟรี	O
_	O
#ดูดวง	O
ไพ่	O
ยิปซี	O
_	O
#ดูดวงความรัก	O
_	O
#ดูดวงการเรียน	O

การเขียน	O
งานเขียน	O
หรือ	O
นิยาย	O
ซัก	NORM_1WORD
เรื่อง	O
มัน	O
ไม่	O
ใช่	O
ว่า	O
จะ	O
เขียน	O
ได้	O
เลย	O
บางที	O
พล๊อต	NORM_1WORD
มี	O
แล้ว	O
แต่	O
อารมณ์	O
มัน	O
ไม่	O
มา	O
มัน	O
ก็	O
เขียน	O
ไม่	O
ได้	O
_	O
แต่	O
ถ้า	O
จะ	O
ฝืน	O
เขียน	O
มัน	O
ก็	O
ได้	O
อยู่	O
หรอก	O
แต่	O
เนื้อหา	O
ทั้ง	O
ตอน	O
คนอ่าน	O
อาจ	O
จะ	O
ไม่	O
เข้าถึง	O
ความรู้สึก	O
ที่	O
เรา	O
ต้องการ	O
จะ	O
สื่อ	O
เลย	O
ก็	O
ได้	O
_	O
แล้ว	O
ใช่	O
ว่า	O
สอง	O
สาม	O
วัน	O
มัน	O
จะ	O
มี	O
อารมณ์	O
เขียน	O
ได้	O
นะ	O
บางที	O
อาจ	O
เป็น	O
เดือนๆ	NORM_2WORD
เลย	O

คือ	O
ไม่	O
ได้	O
หมายความ	O
ว่า	O
_	O
เช็คอิน	O
ผ่าน	O
แล้ว	O
จะ	O
รอด	O
น่ะ	NORM_1WORD
ค่ะ	NORM_1WORD
_	O
เพราะ	O
มาตรการ	O
จะ	O
โหด	O
ขึ้น	O
เรื่อยๆ	NORM_2WORD
เนื่องจาก	O
คน	O
ที่	O
หนี	O
ไป	O
ทำงาน	O
นี่	O
แหละ	O
ค่ะ	O
_	O
คือ	O
หนี	O
กัน	O
เยอะ	O
จริงๆ	NORM_2WORD
_	O
แล้ว	O
ถ้า	O
ไป	O
โดน	O
ต.ม.	O
ที่	O
นู่น	O
จับ	O
ได้	O
_	O
สกบ.	O
ก็	O
โดน	O
หนัก	O
อีก	O
_	O
เรา	O
ว่า	O
ทาง	O
สกบ.	O
เขา	O
ก็	O
เซฟ	O
ทาง	O
เขา	O
ด้วย	O
แหละ	O
ค่ะ	O
_	O
แต่	O
กลาย	O
เป็น	O
ทาง	O
เรา	O
ก็	O
เสียเวลา	O
เพิ่ม	O
ขึ้น	O
ซะ	O
งั้น	O
_	O
เห็นใจ	O
ตัวเอง	O
เลย	O
ค่ะ	O

ขอ	O
รีวิว	O
บ้าน	O
ซับ	O
บ้าน	O
นี้	O
หน่อย	O
ค่า	O
_	O
.12starthaisub	O
_	O
ใคร	O
ยัง	O
ไม่	O
ได้	O
_	O
dvd	O
_	O
happiness	O
_	O
มา	O
รวม	O
กัน	O
ทาง	O
นี้	O
ได้	O
น้า	O
555555555555	O
_	O
อัน	O
นี้	O
คือ	O
ไม่	O
ได้	O
จะ	O
บอก	O
ว่า	O
โกง	O
หรือ	O
อะไร	O
นะ	O
คะ	O
_	O
เพราะ	O
แอดมิน	O
เค้า	NORM_1WORD
ตอบ	O
ตลอด	O
_	O
ช้า	O
บ้าง	O
_	O
ไม่	O
อัปเดต	O
บ้าง	O
เรา	O
เข้าใจ	O
_	O
แต่	O
อยาก	O
ให้	O
ส่ง	O
ของ	O
เร็วๆ	O
หน่อย	O
555555555	O
_	O
#ตลาดนัด	O
EXO	O
_	O
#ขายของสะสม	O
exo	O
_	O
#ของสะสม	O
exo	O
_	O
#	O
EXO	O

วันนี้	O
โคตร	O
จะ	O
เป็น	O
วัน	O
ที่	O
เซ็ง	O
ที่	O
สุด	O
แทบ	O
จะ	O
ใน	O
ชีวิต	O
ละ	O
_	O
เพราะว่า	O
วันนี้	O
มัน	O
มี	O
หลาย	O
เรื่อง	O
มา	O
รุมเร้า	O
ทำให้	O
เซ็ง	O
_	O
เซ็ง	O
เรื่อง	O
บิ๊ก	O
วัน	O
นั้น	O
ไม่	O
หาย	O
_	O
เซ็ง	O
เรื่อง	O
ชีวิต	O
ที่	O
ไม่	O
มี	O
คน	O
คุย	O
_	O
ไม่	O
มี	O
แฟน	O
_	O
เหงา	O
_	O
ดู	O
คอน	NORM_1WORD
คน	O
เดียว	O
_	O
แถม	O
เพื่อน	O
ที่	O
เรา	O
ไม่	O
คิด	O
ว่า	O
จะ	O
มี	O
คน	O
คุย	O
ที่	O
สุด	O
อย่าง	O
ร้อบ	O
ยัง	O
มี	O
เลย	O
_	O
แง	O
_	O
ชีวิต	O
ที่	O
แสน	O
เซ็ง	O
_	O
อยาก	O
หาย	O
เซ็ง	O
ได้	O
แล้ว	O
สัก	O
ที	O
TT	O

เรา	O
เคย	O
หน้า	O
พัง	O
จาก	O
การใช้	O
ทุก	O
สิ่ง	O
ตาม	O
รีวิว	O
แบบ	O
ไม่	O
ศึกษา	O
_	O
เรา	O
ผิว	O
แพ้	O
ง่าย	O
แต่	O
ลอง	O
ตาม	O
หมด	O
_	O
ตั้งแต่	O
ถูก	O
ยัน	O
แพงๆ	O
_	O
และ	O
ก็	O
หน้า	O
พัง	O
_	O
เรา	O
ไม่	O
โทษ	O
คน	O
รีวิว	O
นะ	O
_	O
เพราะ	O
แล้ว	O
ผิว	O
แต่ละ	O
คน	O
ไม่	O
มี	O
วัน	O
เหมือน	O
กัน	O
_	O
จะ	O
ใช้	O
อะไร	O
ควร	O
เอา	O
ที่	O
เหมาะ	O
กับ	O
ผิว	O
ตัวเอง	O
_	O
อะไร	O
ที่	O
เขา	O
ว่า	O
ดี	O
เรา	O
อาจ	O
แพ้	O
_	O
อะไร	O
ที่	O
เขา	O
แพ้	O
เรา	O
ใช้	O
แล้ว	O
ดี	O
ก็	O
ได้	O
_	O
เลิก	O
โทษ	O
คน	O
รีวิว	O
เถอะ	O
น้า	NORM_1WORD
จริงๆ	O

Gel	O
_	O
mask	O
_	O
จาก	O
Atomy	O
_	O
มี	O
โอกาส	O
ได้	O
เข้า	O
ร่วม	O
ฟัง	O
การสัมมนา	O
_	O
และ	O
ได้	O
แผ่นมาส์กหน้า	O
มา	O
_	O
เลย	O
ถือ	O
โอกาส	O
ลอง	O
และ	O
จะ	O
มา	O
รีวิว	O
ให้	O
นะ	O
คะ	O
_	O
/	O
/	O
แอบ	O
บอก	O
ว่า	O
กลิ่น	O
หอม	O
อ่อนๆ	NORM_2WORD
_	O
แผ่นเจล	O
ติด	O
หน้า	O
มาก	O
_	O
สบาย	O
หน้า	O
สุด	O
_	O
แบรนด์	O
เค้า	NORM_1WORD
เครม	O
ว่า	O
มาส์ก	O
ทิ้ง	O
ไว้	O
ทั้ง	O
คืน	O
ได้	O
เลย	O
_	O
เพราะ	O
แผ่นเจล	O
จะ	O
ค่อยๆ	NORM_2WORD
ลดลง	O
ซึม	O
ไป	O
กับ	O
หน้า	O
_	O
#ไว้รีวิวห้ามขายของของโว้ย	O
_	O
#Howtoperfect	O

ช่วง	O
นี้	O
ยอมรับ	O
ว่า	O
จิตตก	O
เพราะ	O
เรื่อง	O
ดราม่า	O
หลายๆ	NORM_2WORD
เรื่อง	O
ของ	O
_	O
#bnk48	O
_	O
แต่	O
ก็	O
ยอมรับ	O
ว่า	O
เมมเบอร์	O
ก็	O
ทำ	O
ให้	O
รู้สึก	O
ดี	O
ยัง	O
รัก	O
และ	O
คอย	O
สนับสนุน	O
ทุก	O
คน	O
ถึง	O
จะ	O
พึ่ง	NORM_1WORD
เข้า	O
มา	O
ชอบ	O
ได้	O
ไม่	O
นาน	O
แต่	O
ก็	O
ผูกพันธ์	NORM_1WORD
_	O
#	O
Cherprang	O
BNK4	O
_	O
#	O
Music	O
BNK48	O
_	O
#	O
Pun	O
BNK48	O
_	O
#	O
Jennis	O
BNK48	O
_	O
#	O
Namsai	O
BNK48	O
_	O
#	O
Mobile	O
BNK48	O
_	O
#	O
Kaew	O
BNK48	O
_	O
#	O
Korn	O
BNK48	O
_	O
อยาก	O
แท็ก	O
ให้	O
ครบ	O
นะ	O

คือ	O
คน	O
ไทย	O
มี	O
ปัญหา	O
เรื่อง	O
อ้วน	O
เรื่อง	O
ผอม	O
_	O
เรื่อง	O
ดำ	O
เรื่อง	O
ขาว	O
จริงๆ	NORM_2WORD
_	O
ไป	O
อยู่	O
เมือง	O
ฝรั่ง	O
เพื่อน	O
ทุก	O
คน	O
พูด	O
ถึง	O
แต่	O
ข้อดี	O
ทั้งนั้น	O
_	O
ไม่ว่า	O
เรา	O
จะ	O
บอก	O
ว่า	O
เรา	O
อ้วน	O
แค่	O
ไหน	O
_	O
เพื่อน	O
ก็	O
จะ	O
บอก	O
ว่า	O
น่ารัก	O
_	O
ไม่	O
ต้อง	O
ลด	O
นะ	O
แบบ	O
นี้	O
น่ารัก	O
มาก	O
เลย	O
งี้	NORM_1WORD
_	O
ตัวเราเอง	O
ก็	O
ติด	O
ทัศนคติ	O
แบบ	O
นั้น	O
ไป	O
ด้วย	O
_	O
กลับ	O
กัน	O
_	O
กู	O
กลับ	O
มา	O
ไทย	O
วัน	O
แรก	O
_	O
โดน	O
ทัก	O
ทำไม	O
อ้วน	O
ขึ้น	O
....	O

ถึง	O
ประกาศ	O
ไป	O
ก็	O
ไม่	O
มี	O
ใคร	O
เชื่อ	O
หรอก	O
น่า	NORM_1WORD
แซม	O
_	O
ผม	O
พูด	O
อีก	O
มา	O
_	O
กลอกตา	O
อย่าง	O
ระอาใจ	O
_	O
ใช่	O
แล้ว	O
_	O
เหล่า	O
ปวง	O
เทพ	O
กรีก	O
นั้น	O
ไม่	O
ได้	O
เป็น	O
เรื่อง	O
ใน	O
ตำนาน	O
_	O
เพราะ	O
ว่า	O
พวก	O
เรา	O
มี	O
อยู่	O
จริง	O
ยังไง	NORM_1WORD
ล่ะ	O
_	O
ไม่ว่าจะเป็น	O
เหล่า	O
ไททั่น	O
_	O
มหาเทพ	O
_	O
อสูรกาย	O
_	O
นางไม้	O
_	O
ทุก	O
เรื่องราว	O
ที่	O
มนุษย์	O
ยัดเยียด	O
ให้	O
เป็น	O
ตำนาน	O
นั้นแหละ	NORM_1WORD
_	O
มี	O
อยู่	O
จริง	O
ทั้งนั้น	O
_	O
ทั้งหมด	O
เลย	O
!	O

แก	O
..	O
_	O
คือ	O
ฉัน	O
อ่าน	O
นิยาย	O
เรื่อง	O
หัวใจศิลา	O
จบ	O
แล้ว	O
_	O
นางเอก	O
ใน	O
นิยาย	O
คือ	O
เวอร์ชั่น	NORM_1WORD
ที่	O
น่ารำคาญ	O
อย่าง	O
แท้จริง	O
_	O
ใคร	O
บอก	O
ว่า	O
นาวเอก	NORM_1WORD
ใน	O
ละคร	O
น่านำคาญ	NORM_1WORD
วะ	O
_	O
ถ้า	O
คิด	O
แบบ	O
นั้น	O
คือ	O
อยาก	O
กวัก	O
มือ	O
เรียก	O
มา	O
นั่ง	O
ข้างๆ	O
แล้ว	O
บอก	O
_	O
เธอ	O
ดู	O
!	O
_	O
เนี่ย	NORM_1WORD
..	O
_	O
ใน	O
นิยาย	O
เนี่ยถ	NORM_1WORD
เรียก	O
ว่า	O
น่ารำคาญ	O
_	O
ใน	O
ละคร	O
คือ	O
ทำ	O
มา	O
กระทัดรัด	O
ดี	O
แล้ว	O
อะ	O
_	O
ไม่	O
ได้	O
ยืดเยื้อ	O
อะไร	O
เลย	O
เอา	O
จริง	O

จะ	O
ว่า	O
ไป	O
ค่ารถ	O
เรา	O
ทุกวันนี้	O
ก็	O
โหด	O
นะ	O
_	O
ค่ามอไซด์	NORM_1WORD
จาก	O
บ้าน	O
ไป	O
_	O
MRT	O
_	O
50	O
บาท	O
_	O
ค่า	O
_	O
MRT	O
_	O
ลง	O
ศาลาแดง	O
ไป	O
กลับ	O
80	O
_	O
บาท	O
วัน	O
ไหน	O
สาย	O
มาก	O
ก็	O
ค่ามอไซด์วิน	NORM_1WORD
จาก	O
MRT	O
ลง	O
ที่ทำงาน	O
ก็	O
_	O
50	O
_	O
บาท	O
นี่	O
วันๆ	O
เรา	O
จ่าย	O
ค่ารถ	O
เรา	O
ก็	O
ไม่	O
เหลือ	O
กิน	O
แล้ว	O
อะ	O
แล้ว	O
ทุก	O
คน	O
ก็	O
ทัก	O
ว่า	O
ทำไม	O
ผอม	O
ไม่	O
อ้วน	O
ซะ	NORM_1WORD
ที	O
_	O
บอก	O
ว่า	O
ไม่	O
มี	O
จะ	O
กิน	O
ก็	O
ไม่	O
เชื่อ	O
กัน	O
นิ	NORM_1WORD
ค่ารถ	O
เกือบๆ	O
สอง	O
ร้อย	O
ทุก	O
วัน	O
ร้องง	NORM_1WORD

นี่	O
ไม่	O
ชอบ	O
คน	O
ที่	O
ด่า	O
ว่า	O
ประเทศ	O
ไทย	O
กับ	O
ด่า	O
ว่า	O
คน	O
ไทย	O
อะ	O
_	O
คือ	O
ตอน	O
นี้	O
อยู่	O
ประเทศ	O
อะไร	O
กัน	O
อะ	O
_	O
แล้ว	O
ตัวเอง	O
เป็น	O
คน	O
ไทย	O
ปะ	O
_	O
พ่อ	O
แม่	O
ญาติ	O
พี่	O
น้อง	O
_	O
บรรพบุรุษ	O
ไม่	O
ใช่	O
คน	O
ไทย	O
หรอ	O
_	O
ถ้า	O
ด่า	O
แบบ	O
นี้	O
ก็	O
คือ	O
เหมือน	O
ด่า	O
เค้า	NORM_1WORD
ไป	O
กัน	O
ด้วย	O
_	O
ถ้า	O
จะ	O
ด่า	O
ใคร	O
_	O
ไม่	O
ชอบ	O
ใคร	O
_	O
เอ่ย	O
ชื่อ	O
มัน	O
ไป	O
เลย	O
_	O
แล้ว	O
คำ	O
ว่า	O
ไอ้	O
ประเทศ	O
...	O
อะ	O
เลิก	O
ด่า	O
เหอะ	O
_	O
ถ้า	O
ยัง	O
อยู่	O
ใน	O
แผ่นดิน	O
นี้	O
อยู่	O

รีวิว	O
อาหาร	O
มื้อ	O
แรก	O
_	O
คือ	O
มี	O
แค่	O
ผัก	O
ตอน	O
แรก	O
ก็	O
กลัว	O
ว่า	O
จะ	O
กิน	O
ไม่	O
ได้	O
เพราะ	O
ไม่	O
ชอบ	O
ผัก	O
เลยยยยย	NORM_1WORD
_	O
แต่	O
ทีนี้	O
มารีน	O
บอก	O
ให้	O
กิน	O
ผัก	O
คู่	O
กับ	O
เนื้อ	O
beef	O
และ	O
ตาม	O
ด้วย	O
ถัวลันเตา	NORM_1WORD
_	O
ตอน	O
แรก	O
ไม่	O
กล้า	O
กิน	O
แต่	O
ด้วย	O
ความกลัว	O
เขา	O
น้อยใจ	O
เลย	O
กิน	O
ไป	O
คือ	O
มัน	O
อร่อย	O
มากกกกก	NORM_1WORD
อร่อย	O
แบบ	O
มี	O
ความผัก	O
กรุบๆ	NORM_2WORD
และ	O
ความเหม็น	O
เขียว	O
นิดๆ	NORM_2WORD
คือ	O
ดี	O
_	O
และ	O
ขนมปัง	O
ที่	O
นี้	NORM_1WORD
อร่อย	O
มากกกกกก	NORM_1WORD

เปิด	O
หาร	O
โปสการ์ด	O
เนื้อ	O
เพลง	O
BNK	O
_	O
Festival	O
_	O
+ซองใส	O
_	O
เหลือ	O
ตาม	O
ภาพ	O
_	O
ค่า	O
ส่ง	O
_	O
ลทบ	NORM_1WORD
30	O
/	O
EMS	O
50	O
_	O
#BNK48	O
_	O
#PunBNK48	O
_	O
#cherprangbnk48	O
_	O
#MusicBNK48	O
_	O
#OrnBNK48	O
_	O
#JennisBNK48	O
_	O
#NoeyBNK48	O
_	O
#MobileBNK48	O
_	O
#KaewBNK48	O
_	O
#TarwaanBNK48	O
_	O
#KaimookBNK48	O
_	O
#PupeBNK48	O
_	O
#NamneuengBNK48	O
_	O
#MewnichBNK48	O
_	O
#weebnk48	O
_	O
#FondBNK48	O
_	O
#JuneBNK48	O

อ้ะล่ะ	O
ตอน	O
ม.	O
2	O
เทอม	O
1	O
เพื่อน	O
มัน	O
ซื้อ	O
ก๋วยเตี๋ยว	O
กิน	O
ตอน	O
พัก	O
เที่ยง	O
ของ	O
รร.	NORM_1WORD
พอ	O
ซื้อ	O
เสร็จ	O
มัร	NORM_1WORD
ก้	NORM_1WORD
มา	O
ปรุง	O
แล้ว	O
จะ	O
มี	O
รุ่นพี่	O
ม.	O
3	O
คน	O
นึง	NORM_1WORD
เป็น	O
ผช.	NORM_1WORD
เค้า	NORM_1WORD
ยืน	O
ปรุง	O
อยุ่	NORM_1WORD
_	O
ด้วยความที่	O
อิ	NORM_1WORD
เพื่อน	O
คิด	O
ว่า	O
เพื่อน	O
อีก	O
คน	O
มา	O
แล้ว	O
_	O
มัน	O
เอา	O
ตะเกียบ	O
จิ้มๆ	O
ใน	O
ขาม	NORM_1WORD
ก๋วยเตี๋ยว	O
พี่	O
เค้า	NORM_1WORD
_	O
ละ	NORM_1WORD
พี่	O
เค้า	NORM_1WORD
มอง	O
หน้า	O
มัน	O
_	O
ละ	NORM_1WORD
มัน	O
ก้	NORM_1WORD
ยก	O
มือ	O
ไหว้	O
ขำ	O
5555	O
_	O
#เรื่องมันช่างน่าอาย	O

โน	O
สปอนเซอร์	O
ยังไง	NORM_1WORD
วะ	O
_	O
ทาง	O
แบรนด์	O
ส่ง	O
มา	O
ให้	O
ทดลอง	O
ใช้	O
ฟรี	O
_	O
ก็	O
คือ	O
สปอนเซอร์	O
ปะ	NORM_1WORD
_	O
แต่	O
คือ	O
ให้	O
ใน	O
รูปแบบ	O
ของ	O
โปรดัก	O
ไม่	O
ใช่	O
เงิน	O
_	O
พอ	O
คุณ	O
ใช้	O
คุณ	O
ก็	O
รีวิว	O
ค.พอใจ	NORM_1WORD
_	O
คน	O
อื่น	O
รับรู้	O
_	O
สนใจ	O
_	O
เกิด	O
การซื้อ	O
_	O
มัน	O
ก็	O
คือ	O
การโฆษณา	O
อ้อมๆ	O
แบบ	O
ไม่	O
ต้อง	O
ลงทุน	O
อะไร	O
มาก	O
เลย	O
_	O
แต่	O
การที่	O
คุณ	O
ซื้อ	O
มา	O
ใช้	O
เอง	O
_	O
จ่าย	O
เงิน	O
ของ	O
คุณ	O
เอง	O
_	O
นี่	O
คือ	O
การไม่	O
มี	O
สปอนเซอร์	O
ต่างหาก	O

จาก	O
ใน	O
หนังสือ	O
_	O
พี่	O
อยาก	O
จะ	O
บอก	O
ว่า	O
_	O
สิ่ง	O
ที่	O
เรา	O
รัก	O
ที่	O
จะ	O
ทำ	O
_	O
ใน	O
บาง	O
ครั้ง	O
พอ	O
มัน	O
กลายเป็น	O
หน้าที่	O
ที่	O
ต้อง	O
ทำ	O
แล้ว	O
จำเจ	O
_	O
มัน	O
น่าเบื่อ	O
หมด	O
แหละ	O
_	O
แต่	O
สิ่ง	O
ที่	O
ทำให้	O
เรา	O
ยัง	O
สนุก	O
_	O
และ	O
รัก	O
ที่	O
จะ	O
ทำ	O
มัน	O
_	O
ก็	O
คือ	O
ร้อยยิ้ม	NORM_1WORD
ตอบกลับ	O
มา	O
จาก	O
คน	O
ที่	O
ได้รับ	O
ความสุข	O
จาก	O
สิ่ง	O
ที่	O
เรา	O
ทำ	O
ยังไง	NORM_1WORD
ล่ะ	O
_	O
ฝัน	O
ดี	O
นะ	O
จ๊ะ	O
_	O
เจอ	O
กัน	O
หาดใหญ่	O
_	O
#BNK48	O
_	O
#MindBNK48	O
_	O
#MyMind	O

#PlayStation4Pro	O
_	O
Marvels	O
_	O
Spider-Man	O
_	O
Limited	O
_	O
Edition	O
_	O
สวย	O
มากๆ	NORM_2WORD
_	O
แถม	O
เป็น	O
รุ่น	O
โปร	O
ด้วย	O
_	O
นี่	O
สิ	O
ที่	O
แฟนๆ	NORM_2WORD
รอ	O
คอย	O
_	O
ราคา	O
น่าสนใจ	O
_	O
17	O
,	O
690	O
_	O
บาท	O
_	O
มา	O
พร้อม	O
แผ่น	O
เกม	O
_	O
#MarvelsSpiderMan	O
_	O
และ	O
มี	O
ส่วนเสริม	O
เกม	O
พิเศษ	O
มา	O
ให้	O
_	O
3	O
_	O
ตอน	O
ด้วย	O
ครับ	O
_	O
อยาก	O
ได้	O
มากๆ	NORM_2WORD
_	O
วาง	O
จำหน่าย	O
ช่วง	O
เดือน	O
กันยายน	O
_	O
(	O
อยาก	O
ให้	O
มี	O
รุ่น	O
พิเศษ	O
_	O
#BNK48	O
_	O
หรือ	O
_	O
#Sweat16	O
_	O
จัง	O
)	O

ดู	O
_	O
#แฟนจ๋าเดอะมิวสิคัล	O
_	O
รอบ	O
พรีวิว	O
มา	O
_	O
เข้าใจ	O
แล้ว	O
ว่า	O
ทำไม	O
รัชดาลัยเธียร์เตอร์	O
ถึง	O
เป็น	O
นิยาม	O
ของ	O
คำ	O
ว่า	O
เล่นใหญ่	O
_	O
ชุด	O
ใหญ่	O
ไฟ	O
ส่อง	O
ตา	O
สุด	O
_	O
ร้องไห้	O
ดู	O
ซีน	O
พ่อ	O
กับ	O
ลูกสาว	O
ด้วย	O
ฟิลเตอร์	O
โบเก้	O
_	O
เมดเล่ย์	NORM_1WORD
เพลง	O
พี่	O
เบิร์ด	O
น่ารัก	O
ดี	O
จริง	O
ๆ	O
_	O
ถ้า	O
ตอน	O
จบ	O
เฉลย	O
ว่า	O
พี่	O
เบิร์ด	O
เล่น	O
ด้วย	O
จะ	O
พีค	NORM_1WORD
มาก	O
_	O
หน้ากาก	O
ตู่นันทิดา	O
_	O
เปิด	O
ออก	O
มา	O
เป็น	O
พี่	O
เบิร์ด	O

จะ	O
ไป	O
งาน	O
น้อง	O
_	O
#BNK48	O
_	O
ถ้า	O
เป็น	O
ผู้หญิง	O
ต้อง	O
เตรียม	O
ร่างกาย	O
ไป	O
ให้	O
ดี	O
เพราะ	O
เหนื่อย	O
มาก	O
_	O
คือ	O
ต้อง	O
ไป	O
เจอ	O
บาง	O
คน	O
ที่	O
ไร้	O
มารยาท	O
_	O
ที่	O
ส่วน	O
ใหญ่	O
ก็	O
เป็น	O
ผู้ชาย	O
อ่ะ	NORM_1WORD
_	O
ทำให้	O
ต้อง	O
เหนื่อย	O
ขึ้น	O
_	O
2	O
-	O
3	O
_	O
เท่า	O
เลย	O
_	O
555	O
_	O
ก็	O
ต้อง	O
ปรับตัว	O
กัน	O
ไป	O
เพราะ	O
รัก	O
น้องๆ	NORM_2WORD
ถ้า	O
ไม่	O
ไป	O
ก็	O
ไม่	O
ได้	O
เจอ	O
_	O
กลาย	O
เป็น	O
ว่า	O
คน	O
ดีๆ	NORM_2WORD
ต้อง	O
เป็น	O
ฝ่าย	O
ปรับตัว	O
ให้	O
อยู่	O
ร่วม	O
กับ	O
คน	O
แย่ๆ	O
ได้	O
แทน	O

ผม	O
อึดอัด	O
กับ	O
การเมือง	O
ครั้ง	O
นี้	O
_	O
-	O
ผม	O
เห็น	O
การทำงาน	O
ที่	O
ไม่	O
โปร่งใส	O
ของ	O
กกต.	O
_	O
-	O
ผม	O
ผิดหวัง	O
กับ	O
คน	O
ที่	O
ผม	O
เลือก	O
เข้า	O
ไป	O
ไม่	O
ทัน	O
พ้น	O
สัปดาห์	O
_	O
-	O
ผม	O
อยาก	O
ให้	O
นักการเมือง	O
ทุกคน	O
นึกถึง	O
ประชาชน	O
ก่อน	O
นึกถึง	O
ตัวเอง	O
_	O
เพราะ	O
คำพูด	O
ที่	O
ทุกคน	O
ออก	O
มา	O
ดู	O
ดี	O
_	O
แต่	O
จริงๆ	NORM_2WORD
แล้ว	O
พวกมึง	O
ไม่	O
แคร์	O
กู	O
เลย	O
!	O
_	O
-	O
ผม	O
แค่	O
อยาก	O
เห็น	O
ประเทศ	O
ไทย	O
ดีขึ้น	O
_	O
#thailandelcetion2019	O

#Vans	O
_	O
รัดส้น	O
สี	O
ขาว	O
_	O
ลด	O
ราคา	O
_	O
จาก	O
_	O
2990	O
฿	O
_	O
เหลือ	O
_	O
1690	O
฿	O
_	O
รวม	O
ส่ง	O
_	O
มี	O
สี	O
เดียว	O
_	O
#พรีออเดอร์	O
_	O
#พรีออเดอร์	O
เกาหลี	O
_	O
#รับหิ้ว	O
_	O
#รีวิว	O
_	O
#ใช้ดีบอกต่อ	O
_	O
#howtoperfect	O
_	O
#รองเท้า	O
_	O
#รองเท้าผ้าใบ	O
_	O
#fila	O
_	O
#nike	O
_	O
#	O
เกาหลี	O
_	O
#preoroder	O
_	O
#ชี้เป้าโปรถูก	O
_	O
#ของแท้	O
_	O
#ของดีบอกต่อ	O
_	O
#ถูกและดี	O
_	O
#ของมันต้องมี	O
_	O
#ของดีราคาถูก	O
_	O
#vansthailand	O

จริง	O
อ่ะ	NORM_1WORD
คุณ	O
นวล	O
_	O
น้อง	O
กับ	O
พี่	O
ดู	O
กังวล	O
เรื่อง	O
คน	O
ซื้อ	O
บัตร	O
มากๆ	NORM_2WORD
_	O
กลัว	O
ขาย	O
ไม่	O
หมด	O
ไร	O
งี้	NORM_1WORD
_	O
เหมือน	O
กับ	O
ที่	O
บาง	O
คน	O
โพสต์	O
ใน	O
ทวิต	O
_	O
ว่า	O
แฟน	O
รูม	O
สาย	O
ชิลล์	NORM_1WORD
_	O
รูมิ	O
ก็	O
คง	O
คิด	O
ว่า	O
เรา	O
ชิลล์	NORM_1WORD
ด้วย	O
_	O
รึ	NORM_1WORD
อาจ	O
จะ	O
เป็น	O
เพราะ	O
มี	O
ชน	O
กับ	O
_	O
bnk48	O
_	O
ด้วย	O
มั้ง	O
_	O
เลย	O
กลัว	O
ขาย	O
ไม่	O
หมด	O
_	O
/	O
/	O
_	O
ตัด	O
ภาพ	O
มา	O
ที่	O
แม่ๆ	NORM_2WORD
_	O
พร้อม	O
ไฟว้	NORM_1WORD
บัตร	O
_	O
4,000	O
_	O
กัน	O
มาก	O
_	O
สาย	O
ซุ่ม	O
กับ	O
งาน	O
กลาง	O
คืน	O
จะ	O
รู้กัน	O
ดี	O

อัน	O
นี้	O
ต้อง	O
บอก	O
ตรงๆ	O
ว่า	O
ไม่	O
ได้	O
ชอบ	O
แนวเพลง	O
แบบ	O
_	O
BNK48	O
_	O
เลย	O
ไม่	O
ค่อย	O
สนใจ	O
ฟัง	O
จริงจัง	O
อะไร	O
_	O
ก็	O
เหมือน	O
ที่	O
รู้สึก	O
กับ	O
นักร้อง	O
(	O
หญิง	O
)	O
ค่าย	O
กามิกาเซ่	O
แหละ	O
_	O
ถ้า	O
พูด	O
ตรงๆ	O
คือ	O
สนใจ	O
เป็น	O
ตัว	O
คน	O
มาก	O
กว่า	O
_	O
คน	O
นี้	O
หน้าตา	O
น่ารัก	O
_	O
โดนใจ	O
_	O
(	O
แต่	O
วง	O
นี้	O
แทบ	O
ไม่	O
ค่อย	O
โดนใจ	O
เท่าไร	O
)	O
_	O
ไม่	O
ก็	O
ต้อง	O
มี	O
บาง	O
อย่าง	O
ที่	O
โดนใจ	O
_	O
เช่น	O
_	O
ไลฟ์สไตล์	O
_	O
แนวคิด	O
_	O
เอกลักษณ์	O
_	O
ฯลฯ	O

นี่	O
วิว	O
บัตร	O
_	O
VIP	O
_	O
แพง	O
สุด	O
นะ	O
คะ	O
_	O
ได้	O
เห็น	O
แบบ	O
นี้	O
_	O
นี่	O
ยก	O
มือถือ	O
ขึ้น	O
มา	O
ซูม	O
ดู	O
ด้วย	O
ความเกรงใจ	O
คน	O
ข้างหลัง	O
_	O
ยัง	O
โผล่	O
พ้น	O
หัว	O
คน	O
ข้างหน้า	O
มา	O
นิดเดียว	O
_	O
รบกวน	O
ช่วย	O
กัน	O
รี	O
ไป	O
ให้	O
ถึง	O
คน	O
จัด	O
ผัง	O
ปี	O
นี้	O
_	O
บัตร	O
แพง	O
ไม่	O
ว่า	O
_	O
ขอ	O
ให้	O
เห็น	O
ชัดๆ	O
สม	O
ราคา	O
และ	O
ไม่	O
เน้น	O
ผัง	O
สี	O
สวย	O
กับ	O
แขกรับเชิญ	O
เยอะๆ	O
_	O
นี่	O
อยาก	O
ดู	O
แค่	O
เป๊ก	O
_	O
มา	O
ยืน	O
ร้อง	O
เพลง	O
เฉยๆ	O
ก็	O
ได้	O
_	O
#	O
เป๊กผลิตโชค	O

ยัง	O
เปิด	O
หาร	O
อยู่	O
นะ	O
คะ	O
_	O
เปิด	O
หาร	O
_	O
Photo	O
_	O
Essay	O
_	O
นะ	O
คะ	O
_	O
สั่ง	O
กับ	O
_	O
/	O
sisters_vi	O
_	O
จินยอง	O
_	O
แดฮวี	O
_	O
อูจิน	O
_	O
110	O
_	O
จีซอง	O
_	O
ซองอุน	O
_	O
90	O
_	O
ส่ง	O
ฟรี	O
ลงทะเบียน	O
/	O
ems	O
_	O
20+	O
_	O
ค่ะ	O
_	O
เช็ค	NORM_1WORD
รีวิว	O
ที่	O
_	O
#รีวิวchugbog	O
_	O
สนใจ	O
สอบถาม	O
ได้	O
ค่ะ	O
_	O
สามารถ	O
ทัก	O
มา	O
ขอ	O
ช่องทาง	O
การติดต่อ	O
อื่น	O
ได้	O
ค่ะ	O
_	O
#ตลาดนัดWANNAONE	O
_	O
#ตลาดนัดวนว	O
_	O
#ตลาดนัด	O
วอนนาวัน	O
_	O
#ตลาดนัด	O
วันนาวัน	O

มี	O
คน	O
บอก	O
ว่า	O
รอ	O
ประกาศ	O
ผล	O
รอบ	O
สุดท้าย	O
_	O
ถ้า	O
ไม่	O
พอใจ	O
ค่อย	O
ไป	O
ท้วง	O
อฟซ	O
_	O
จะ	O
บอก	O
ว่า	O
ไม่	O
ทัน	O
แล้ว	O
_	O
วง	O
ลงทุน	O
เทรน	O
เด็ก	O
ไป	O
แล้ว	O
และ	O
จะ	O
ไล่	O
เด็ก	O
ออก	O
ต้อง	O
จ่าย	O
เงิน	O
ชดเชย	O
_	O
จะ	O
เรียก	O
สำรอง	O
ก็	O
ลำบาก	O
แล้ว	O
เพราะ	O
คน	O
ที่	O
เข้า	O
มา	O
ใหม่	O
มี	O
เวลา	O
ฝึก	O
น้อย	O
กว่า	O
คน	O
อื่น	O
_	O
เว้น	O
ว่าง	O
ไว้	O
วง	O
ก็	O
ขาด	O
คน	O
_	O
เด็ก	O
ที่	O
เหลือ	O
ต้อง	O
ทำงาน	O
หนัก	O
ขึ้น	O
_	O
คัด	O
เด็ก	O
ออก	O
ตอน	O
นี้	O
แค่	O
ปฏิเสธ	O
_	O
#BNK48	O

#ก็เพราะว่าชอบเธอ	O
_	O
ยก	O
ให้	O
เป็น	O
เพลงโปรด	O
ใน	O
_	O
#BNK48	O
_	O
ตอน	O
นี้	O
เลย	O
_	O
ทั้ง	O
การเรียบเรียง	O
เนื้อร้อง	O
_	O
ความสดใส	O
ตอน	O
แสดง	O
_	O
เสียงร้อง	O
ของ	O
น้องๆ	NORM_2WORD
ที่	O
เข้ากัน	O
_	O
ชุด	O
ที่	O
โคตรๆๆๆ	NORM_2WORD
น่ารัก	O
_	O
ทุก	O
อย่าง	O
มัน	O
ส่ง	O
ให้	O
น้อง	O
ดู	O
น่ารัก	O
ไป	O
หมด	O
_	O
มัน	O
ดี	O
มาก	O
จริงๆ	NORM_2WORD
_	O
ขอบคุณ	O
ที่	O
ทำ	O
เพลง	O
นี้	O
ออก	O
มา	O
ดี	O
มากๆ	NORM_2WORD
_	O
เป็น	O
การแสดง	O
ที่	O
ใช้	O
คำ	O
ว่า	O
น่ารัก	O
เปลือง	O
มาก	O
_	O
#BNK486thSingle	O

จะ	O
ไม่	O
บอก	O
ว่า	O
รัก	O
นะ	O
_	O
#NoeyBNK48	O
_	O
ถ้า	O
หนู	O
รัก	O
แฟนคลับ	O
หนู	O
ก็	O
ต้อง	O
รัก	O
ตัวเอง	O
_	O
เพราะ	O
หนู	O
คือ	O
สิ่ง	O
เดียว	O
ที่	O
แฟนคลับ	O
รัก	O
นะ	O
คะ	O
_	O
พักผ่อน	O
ให้	O
เพียงพอ	O
_	O
อย่า	O
หักโหม	O
_	O
เนย	O
bnk48	O
_	O
มี	O
แค่	O
คน	O
เดียว	O
_	O
และ	O
ไม่	O
มี	O
ใคร	O
แทนที่	O
หนู	O
ได้	O
_	O
ถ้า	O
หนู	O
รัก	O
พวก	O
เรา	O
หนู	O
ต้อง	O
รัก	O
และ	O
ดูแล	O
สุขภาพ	O
ตัวเอง	O
ให้	O
มากๆ	NORM_2WORD
นั่น	O
คือ	O
สิ่ง	O
ที่	O
เรา	O
ปรารถนา	O
อยาก	O
ได้	O
จาก	O
หนู	O
_	O
#กำลังใจของ	O
เนย	O

มัว	O
แต่	O
ก	O
ดบัตร	O
คอน	NORM_1WORD
_	O
เลย	O
ไม่	O
ได้	O
ไป	O
ดู	O
เจ้า	O
มิ่น	O
กับ	O
เจ้า	O
กระเบน	O
_	O
แต่	O
ก็	O
มี	O
โอกาส	O
ได้	O
ดู	O
FANCAM	O
_	O
สิ่ง	O
ที่	O
แฟนคลับ	O
อย่าง	O
เรา	O
ดีใจ	O
เลย	O
_	O
คือ	O
ทั้ง	O
สอน	NORM_1WORD
คน	O
มี	O
พัฒนาการ	O
ดี	O
ขึ้น	O
และ	O
มี	O
คน	O
รัก	O
น้องๆ	NORM_2WORD
เพิ่ม	O
ขึ้น	O
ด้วย	O
_	O
ไม่ว่า	O
อะไร	O
จะ	O
เกิด	O
ขึ้น	O
_	O
เรา	O
ก็	O
อยาก	O
เห็น	O
แก๊ง	O
กระเพาะเหล็ก	O
_	O
ติด	O
เซม	O
ต่อ	O
ไป	O
_	O
#BNK48	O
_	O
#KhaminBNK48	O
_	O
#MairaBNK48	O
_	O
#BNK48GeneralElection	O

ทวิต	NORM_1WORD
สุดท้าย	O
ของ	O
วัน	O
ละ	NORM_1WORD
_	O
แสดง	O
จุดยืน	O
ว่า	O
การเพิ่ม	O
รอบ	O
เป็น	O
เรื่อง	O
ดี	O
หาก	O
น้อง	O
ไหว	O
_	O
ให้	O
น้องๆ	NORM_2WORD
ได้	O
แสดง	O
พลัง	O
ของ	O
ตัวเอง	O
_	O
ให้	O
แฟนคลับ	O
ได้	O
ชม	O
ไอดอล	O
ที่	O
ตัวเอง	O
ชอบ	O
ทำ	O
การแสดง	O
_	O
ให้	O
ได้	O
เป็น	O
ความทรงจำ	O
ของ	O
กัน	O
และ	O
กัน	O
_	O
การที่	O
เรา	O
เข้า	O
ชม	O
คอนเสิร์ต	O
ก็	O
เพื่อ	O
สิ่ง	O
เหล่า	O
นี้	O
_	O
ปล.	NORM_1WORD
ขอ	O
_	O
DVD	O
หรือ	O
_	O
Bluray	O
_	O
Boxset	O
_	O
ด้วย	O
จะ	O
ดี	O
มาก	O
ฮะ	O
_	O
#BNK48	O
_	O
#BNK481stConcert	O

ส่วนตัว	O
ไม่	O
ค่อย	O
ได้	O
ฝึก	O
ภาษา	O
อังกฤษ	O
จาก	O
หนังสือ	O
เรียน	O
เท่าไหร่	NORM_1WORD
ครับ	O
_	O
ยกเว้น	O
พวก	O
แกรมเม	NORM_1WORD
อะ	O
_	O
5555	O
_	O
ดู	O
_	O
youtube	O
_	O
ดู	O
หนัง	O
_	O
อ่าน	O
ข่าว	O
กีฬา	O
_	O
บันเทิง	O
_	O
อ่าน	O
บทความ	O
วิทยาศาสตร์	O
_	O
อ่าน	O
รีวิว	O
หนัง	O
_	O
คือ	O
ที่	O
ฝึกๆ	NORM_2WORD
ทุก	O
วัน	O
จริงๆ	NORM_2WORD
_	O
แทบ	O
ไม่	O
ได้	O
เกี่ยว	O
กับ	O
หนังสือ	O
เรียน	O
เลย	O
ครับ	O
_	O
มัน	O
ก็	O
ภาษา	O
เหมือนกัน	O
_	O
ยังไง	NORM_1WORD
หา	O
หนทาง	O
ที่	O
เรา	O
ฝึก	O
แล้ว	O
เรา	O
จะ	O
ไม่	O
เบื่อ	O
นะ	O
ครับ	O

อฟช.	NORM_1WORD
แถลง	O
_	O
=	O
โกหก	O
ตอแหล	O
เขียน	O
สคริป	NORM_1WORD
_	O
เตี้ยม	NORM_1WORD
น้อง	O
_	O
อฟช	NORM_1WORD
ไม่	O
แถลง	O
=	O
เป็น	O
เรื่องจริง	O
ยอมรับ	O
ความจริง	O
_	O
ตระกะ	NORM_1WORD
แอนตี้	NORM_1WORD
ถ้า	O
คิด	O
แบบ	O
นั้น	O
จะ	O
เรียกร้อง	O
ให้	O
เขา	O
มา	O
แถลง	O
หาพระแสง	O
อะไร	O
ก็	O
นาย	O
เชื่อ	O
ไป	O
แล้ว	O
ไม่	O
คิด	O
ว่า	O
นวย	O
ที่	O
เด้ง	O
ไป	O
2	O
แล้ว	O
แต่	O
กลับ	O
ไม่	O
รู้	O
ความจริง	O
แสดง	O
ว่า	O
นวย	O
กับ	O
เจ็ด	O
ไม่	O
มี	O
สาย	O
เป็น	O
ทีมงาน	O
แน่นอน	O
_	O
#BNK48โป๊ะแตก	O
_	O
#bnk48	O
_	O
#MairaBNK48	O

ความจริง	O
ก็	O
เดา	O
ยาก	O
จริงๆ	NORM_2WORD
นะ	O
คะ	O
สำหรับ	O
คำถาม	O
นี้	O
_	O
เพราะ	O
ทุก	O
คน	O
ชอบ	O
สิ่ง	O
ต่างๆ	NORM_2WORD
ใน	O
เหตุผล	O
ที่	O
ต่างๆ	NORM_2WORD
กัน	O
_	O
บาง	O
สิ่ง	O
บาง	O
อย่าง	O
หา	O
คำตอบ	O
ไม่	O
ได้	O
ว่า	O
ชอบ	O
ทำไม	O
_	O
แต่	O
ก็	O
รัก	O
มากๆ	NORM_2WORD
และ	O
หลง	O
มากๆ	NORM_2WORD
_	O
สำหรับ	O
Bp	O
หนู	O
คิด	O
ว่า	O
แอด	NORM_1WORD
ชอบ	O
เพราะ	O
เป็น	O
วง	O
ที่	O
น่ารัก	O
_	O
น่าหลงใหล	O
_	O
คอย	O
เอาใจใส่	O
แฟนคลับ	O
_	O
เก่ง	O
_	O
และ	O
เหตุผล	O
ต่างๆ	NORM_2WORD
อีก	O
มากมาย	O
_	O
ให้	O
อธิบาย	O
ก็	O
คง	O
ไม่	O
หมด	O
_	O
เพราะ	O
รัก	O
จริงๆ	O

คิว	O
ยัง	O
ว่าง	O
อยู่	O
นะ	O
_	O
#BNK48	O
_	O
#BNK48Market	O
_	O
#ตลาดนัดBNK48	O
_	O
#bnk48trade	O
_	O
#KimiwaMelodyTH	O
_	O
#bnk482shot	O
_	O
#MioriBNK48	O
_	O
#BNK482ndGeneration	O
_	O
#KateBNK48	O
_	O
#JaaBNK48	O
_	O
#NatherineBNK48	O
_	O
#MyyuBNK48	O
_	O
#DeeneeBNK48	O
_	O
#PandaBNK48	O
_	O
#viewbnk48	O
_	O
#JibBNK48	O
_	O
#MindBNK48	O
_	O
#IzurinaBNK48	O
_	O
#ninebnk48	O
_	O
#NikyBNK48	O
_	O
#BambooBNK48	O

หลาย	O
คน	O
เคย	O
โดน	O
ตอน	O
เด็ก	O
_	O
ผม	O
นี่	O
เคย	O
โดน	O
ตอน	O
โต	O
_	O
5555	O
.	O
_	O
ด้วยความที่	O
ทาง	O
บ้าน	O
ใช้	O
แต่	O
รถ	O
คัน	O
เก่า	O
ซึ่ง	O
มัน	O
เสีย	O
_	O
พอ	O
ได้	O
นั่ง	O
รถ	O
คัน	O
ใหม่	O
ก็	O
เลย	O
อยาก	O
รู้	O
ว่า	O
มัน	O
ใช้	O
ยังไง	NORM_1WORD
_	O
ก็	O
ลองๆ	O
ดู	O
ไม่	O
เห็น	O
มัน	O
จะ	O
แดง	O
เนี่ยแหละ	NORM_1WORD
_	O
เลย	O
เอา	O
นิ้ว	O
แหย่	O
ดู	O
_	O
ผล	O
ที่	O
ได้	O
คือ	O
ควัน	O
เต็ม	O
รถ	O
เลย	O
จ้า	NORM_1WORD
_	O
5555	O
_	O
ทั้ง	O
เจ็บ	O
_	O
ทั้ง	O
กลัว	O
พี่ชาย	O
รู้	O
_	O
ทั้ง	O
แสบ	O
_	O
น้ำแข็ง	O
ก็	O
เอา	O
ไม่	O
อยู่	O
_	O
จำ	O
เลย	O
ครับ	O

หยวนซ่วย	O
_	O
ผู้	O
ซึ่ง	O
พยายาม	O
ดิ้นรน	O
ให้	O
ตัวเอง	O
หลุดพ้น	O
จาก	O
ฐานะ	O
การเงิน	O
ที่	O
ย่ำแย่	O
_	O
โดย	O
การนัดบอด	O
กับ	O
คน	O
รวย	O
_	O
เขา	O
ไม่	O
คาด	O
คิด	O
ว่า	O
จะ	O
มา	O
ตก	O
หลุม	O
รัก	O
ปีศาจจิ้งจอก	O
เสี่ยวป๋าย	O
_	O
ปีศาจจิ้งจอก	O
ที่	O
พยายาม	O
ตอบแทน	O
บุญคุณ	O
ของ	O
เขา	O
_	O
อย่าง	O
ไร	O
ก็	O
ตาม	O
ความรัก	O
ระหว่าง	O
ปีศาจ	O
กับ	O
มนุษย์	O
เป็น	O
เรื่อง	O
ต้อง	O
ห้าม	O
_	O
นำ	O
พา	O
เขา	O
ทั้ง	O
คู่	O
เผชิญหน้า	O
กับ	O
โลก	O
ที่	O
โหดร้าย	O

ร้าน	O
นี้	O
ดี	O
จริงๆ	NORM_2WORD
นะ	O
_	O
อร่อย	O
ทุก	O
เมนู	O
_	O
ทั้ง	O
หมูสามชั้น	O
ทอด	O
พริก	O
เกลือ	O
(	O
150	O
.-),	O
_	O
ยำ	O
ปลา	O
สลิด	O
(	O
200	O
.-)	O
_	O
ส่วน	O
ไข่ตุ๋น	O
หมูสับ	O
กุ้ง	O
แห้ง	O
(	O
150	O
.-)	O
_	O
เด็ด	O
มาก	O
_	O
ละมุน	O
สุด	O
_	O
ชอบ	O
ข้าว	O
ต้ม	O
ด้วย	O
เป็น	O
ข้าว	O
ต้ม	O
ข้าวกล้อง	O
ใส่	O
ลูกเดือย	O
_	O
ดีย์	NORM_1WORD
_	O
ร้าน	O
ใหม่	O
เอี่ยม	O
_	O
สามย่าน	O
_	O
#bonappetitbkk	O
_	O
#อร่อยไปแดก	O
_	O
#อร่อยนะรู้ยัง	O
_	O
#อร่อยบอกต่อ	O
_	O
#รีวิว	O
_	O
aroii	O
_	O
at	O
_	O
ใหม่เอี่ยม	O
_	O
(	O
MAI-IAM	O
)	O

รีวิว	O
รองพื้น	O
ที่	O
ใช้	O
หมด	O
ใน	O
ปี	O
นี้	O
_	O
-	O
boujois	O
_	O
healthy	O
_	O
mix	O
_	O
serum	O
_	O
เนื้อ	O
เบา	O
_	O
ไม่	O
คุม	O
มัน	O
_	O
ปกปิด	O
กลางๆ	O
_	O
ที่	O
ชอบ	O
คือ	O
ผิว	O
สวย	O
มากกก	NORM_1WORD
_	O
โกลว	O
สุขภาพ	O
ดี	O
_	O
แบบ	O
เห้ย	O
กิน	O
น้ำ	O
เยอะ	O
แก	O
_	O
ซื้อ	O
ต่อ	O
ค่ะ	O
_	O
-	O
maybelline	O
_	O
super	O
_	O
mineral	O
_	O
24	O
_	O
ชอบ	O
ที่	O
คุม	O
มัน	O
ดี	O
_	O
ไม่	O
ดร๊อป	NORM_1WORD
_	O
ทน	O
_	O
หน้า	O
เนียน	O
ทั้ง	O
วัน	O
_	O
ปกปิด	O
ดี	O
_	O
ใช้	O
วัน	O
อยาก	O
หน้า	O
แน่น	O
_	O
#ใช้จริงรีวิวจริง	O
_	O
#ถูกและดี	O

โพสต์	O
ที่	O
เป็น	O
อัลบั้ม	O
แต่	O
อยาก	O
แชร์	O
แค่	O
รูป	O
ใด	O
รูป	O
หนึ่ง	O
ก็	O
แค่	O
กด	O
เข้า	O
ไป	O
แล้ว	O
ก็	O
กด	O
แชร์	O
มา	O
มัน	O
ก็	O
จะ	O
แชร์	O
มา	O
แค่	O
รูป	O
เดียว	O
_	O
หรือ	O
ถ้า	O
อยาก	O
เขียน	O
อะไร	O
เพิ่มเติม	O
ตอน	O
กด	O
แชร์	O
โพสต์	O
มัน	O
ก็	O
มี	O
ให้	O
เขียน	O
ข้อความ	O
อยู่	O
นะ	O
_	O
สรุป	O
ก็	O
คือ	O
มัน	O
ไม่	O
มี	O
ความจำเป็น	O
ใดๆ	O
ที่	O
จะ	O
ต้อง	O
ทำ	O
ให้	O
ยุ่งยาก	O
โดย	O
การกดเซฟ	O
รูป	O
แล้ว	O
มา	O
รี	O
โพสต์	O
ใหม่	O
แล้ว	O
ค่อย	O
ให้	O
เครดิต	O
อะ	O
_	O
#BNK48	O

รีวิว	O
_	O
netflix	O
_	O
เรื่อง	O
_	O
Better	O
_	O
call	O
_	O
saul	O
_	O
เป็น	O
_	O
spin-off	O
_	O
ของ	O
_	O
Breaking	O
_	O
Bad	O
_	O
เล่า	O
เรื่อง	O
_	O
ทนาย	O
จิมมี่	O
แมคกิลล์	O
_	O
ก่อน	O
จะ	O
มา	O
เป็น	O
ซอล	O
กู๊ดแมน	O
สลับ	O
กับ	O
เส้นเรื่อง	O
ของ	O
ลุง	O
ไมค์	O
_	O
และ	O
แก๊งค้ายา	O
_	O
โดย	O
รวม	O
สนุก	O
ดี	O
แต่	O
ไม่	O
ชอบ	O
จิมมี่	O
เลย	O
_	O
นิสัยโกหก	O
ไป	O
เรื่อย	O
ๆ	O
_	O
จน	O
คน	O
เดือดร้อน	O
กัน	O
ไป	O
หมด	O
_	O
ชอบ	O
ไมค์	O
มาก	O
กว่า	O
เพราะ	O
เรื่อง	O
แก๊ง	O
มัน	O
ตื่นเต้น	O
ดี	O

ตราบ	O
ใด	O
ชีวิตคู่	O
มัน	O
ไม่	O
แน่	O
ไม่	O
นอน	O
ตราบ	O
ใด	O
ยัง	O
ไม่	O
ยึดติด	O
กับ	O
ตัวเอง	O
มาก	O
เกินไป	O
_	O
หรือ	O
ปล่อยวาง	O
ชีวิต	O
ว่าง	O
นาน	O
ก็	O
คง	O
จะ	O
มี	O
ความสุข	O
กว่า	O
นี้	O
_	O
แต่	O
ตัว	O
ของ	O
นาง	O
ก็	O
รัก	O
อิสระ	O
_	O
กลัว	O
น้อง	O
จะ	O
เป็น	O
อะไร	O
อยู่	O
_	O
ถึง	O
หน้า	O
จะ	O
เข้มแข็ง	O
กับ	O
สิ่ง	O
ที่	O
รับ	O
มัน	O
ร้าย	O
เหลือเกิน	O
และ	O
รุนแรง	O
ยิ่ง	O
กว่า	O
ตอน	O
แต่ง	O
งาน	O
ซะ	NORM_1WORD
อีก	O
_	O
จะ	O
เกิด	O
อะไร	O
ขึ้น	O
จะ	O
ให้	O
กำลังใจ	O
นะ	O
คะ	O
_	O
#SongHyeKyo	O

#SatchanBNK48	O
_	O
หนู	O
ซัทจัง	O
วันนี้	O
น่า	O
จะ	O
เต็ม	O
ร้อย	O
แล้ว	O
_	O
ใส่	O
เต็ม	O
มาก	O
_	O
รับ	O
ท่อน	O
โซโล่	O
ใ	O
นskirt	O
ได้	O
ดี	O
มากกก	NORM_1WORD
_	O
รอยยิ้ม	O
สดใส	O
มาก	O
วันนี้	O
_	O
ยัง	O
คอย	O
ช่วย	O
ซัพพอร์ต	NORM_1WORD
ส่วน	O
ต่างๆ	NORM_2WORD
ได้	O
ดี	O
_	O
#ViewBNK48	O
_	O
หนู	O
วิว	O
มี	O
perf	O
ดี	O
ขึ้น	O
ตาม	O
ลำดับ	O
_	O
กล้า	O
แสดงออก	O
มาก	O
ขึ้น	O
_	O
แต่	O
ช่วง	O
mc	O
ยัง	O
เคอะเขิน	O
พอควร	O
ค่อยๆ	O
ปรับ	O
กัน	O
ไป	O
นะ	O
หนู	O
สู้ๆ	O
_	O
#BNK48	O
_	O
#PartygaHajimaruyoTH	O

ประเทศ	O
ไทย	O
แมร่ง	NORM_1WORD
รวย	O
สัสๆ	NORM_2WORD
_	O
แต่	O
คน	O
ไทย	O
ยัง	O
ยากจน	O
_	O
ก็	O
งบประมาณ	O
มหาศาล	O
โดน	O
พวกเหลือบ	O
ผลาญ	O
ทุก	O
วัน	O
_	O
แล้ว	O
โยน	O
เศษๆ	NORM_2WORD
ให้	O
ประชาชน	O
แดก	O
_	O
นี่	O
ถ้า	O
ประเทศชาติ	O
มัน	O
แบ่งสันปันส่วน	O
เงินภาษี	O
และ	O
รายได้	O
ของ	O
ประเทศ	O
ดีๆ	NORM_2WORD
_	O
คุณภาพชีวิต	O
คน	O
ไทย	O
จะ	O
ดี	O
กว่า	O
นี้	O
เยอะ	O
_	O
และ	O
ไม่	O
ต้อง	O
พึ่ง	O
โชคชะตา	O
ใดๆ	NORM_2WORD
_	O
#	O
ไทยรัฐ	O
_	O
#ควยแลนด์	O
_	O
#ดินแดนแห่งทาส	O
_	O
#รัฐสวัสดิการ	O
_	O
#พุ่มพวง	O

#เล่าเรื่องผี	O
_	O
-	O
1	O
-	O
_	O
ตึก	O
วิทยาศาสตร์	O
_	O
สวัสดี	O
ค่ะ	O
วันนี้	O
จะ	O
มา	O
เล่า	O
เรื่อง	O
ที่	O
รร.	O
ให้	O
ฟัง	O
นะ	O
คะ	O
เมื่อ	O
2	O
ปี	O
ที่	O
แล้ว	O
ตอน	O
นั้น	O
พึ่ง	NORM_1WORD
เข้า	O
ม.	O
1	O
ได้	O
หมาดๆ	O
เลย	O
แหละ	O
ค่ะ	O
รร.	O
นี้	O
อยู่	O
จังหวัด	O
ชลบุรี	O
นะ	O
คะ	O
ใน	O
เมือง	O
มา	O
เริ่ม	O
กัน	O
เลย	O
นะ	O
คะ	O
_	O
คือ	O
ตอน	O
นั้น	O
ขึ้น	O
ไป	O
ทำ	O
เวร	O
บน	O
ห้อง	O
ที่	O
ตึก	O
วิท	NORM_1WORD
ที	O
แรก	O
ก็	O
ไม่	O
อะไร	O
หรอก	O
ค่ะ	O
มา	O
ทำ	O
ตอน	O
เย็น	O
แทน	O
กับ	O
เพื่อน	O
2	O
คน	O
ตอน	O
นั้น	O
ก็	O
5	O
โมง	O

เอ้า	O
มา	O
สิ	O
_	O
BNK	O
_	O
Festival	O
_	O
มา	O
สิ	O
_	O
มา	O
ร้อง	O
ไป	O
ด้วย	O
กัน	O
_	O
มา	O
ปลดปล่อย	O
ใจ	O
_	O
แค่	O
เธอ	O
ร้อง	O
เสียง	O
ดังๆ	O
_	O
ให้	O
โลก	O
ได้	O
รับรู้	O
_	O
#ตัดสินใจแล้วกับการเดิมพันครั้งนี้	O
_	O
มา	O
ช่วย	O
กัน	O
สนับสนุน	O
คุณ	O
หมูนุ่ม	O
กัน	O
เถอะ	O
_	O
แล้ว	O
มา	O
สนุก	O
ด้วย	O
กัน	O
ใน	O
_	O
Music	O
_	O
Festival	O
!!	O
_	O
#MusicBNK48	O
_	O
#MusicWeVoteYou	O
_	O
#BNK48	O
_	O
#BNK485thSingle	O
_	O
#BNKFestival	O
_	O
#GeneralElection	O

#รีวิว	O
_	O
จาก	O
ลูกค้า	O
ที่	O
ใช้	O
ต่อเนื่อง	O
มา	O
_	O
9	O
_	O
หลอด	O
_	O
ผิว	O
หน้า	O
ดี	O
เหมือน	O
ไม่	O
เคย	O
ติด	O
สาร	O
มา	O
ก่อน	O
_	O
ถ้า	O
วัน	O
นั้น	O
เลิก	O
ใช้	O
ไป	O
ก่อน	O
_	O
วันนี้	O
ก็	O
คง	O
จะ	O
ไม่	O
ได้	O
หน้า	O
ใส	O
กลับคืน	O
มา	O
_	O
เป็น	O
กำลังใจ	O
ให้	O
คน	O
ที่	O
ยัง	O
ไม่	O
หาย	O
นะ	O
คะ	O
_	O
ทุก	O
อย่าง	O
ต้อง	O
ใช้	O
เวลา	O
จริงๆ	NORM_2WORD
_	O
ขอ	O
แค่	O
เรา	O
อดทน	O
_	O
ใช้	O
ธรรมชาติ	O
ดี	O
กว่า	O
_	O
อาจ	O
จะ	O
หาย	O
ช้า	O
หน่อย	O
_	O
แต่	O
ว่า	O
ปลอดภัย	O
ต่อ	O
ผิว	O
หน้า	O
เรา	O
_	O
#สิว	O
_	O
#howto	O

เมื่อ	O
_	O
8	O
ชม.	O
_	O
ที่	O
แล้ว	O
ขอ	O
เลิก	O
กับ	O
แฟน	O
_	O
คือ	O
คิด	O
มา	O
ดี	O
แล้ว	O
_	O
มี	O
สติ	O
ครบ	O
แล้ว	O
เดิน	O
ออก	O
มา	O
_	O
แฟน	O
วิ่ง	O
ตาม	O
จ้อง	O
หน้า	O
โครต	NORM_1WORD
โหด	O
_	O
จะ	O
เอา	O
แบบ	O
นี้	O
ใช่	O
ไหม	O
_	O
บอก	O
มา	O
คําเดียว	O
_	O
อัน	O
เฟรน	NORM_1WORD
จบ	O
ทุก	O
อย่าง	O
ไม่	O
ต้อง	O
เหลือ	O
ความทรงจํา	O
_	O
yes	O
_	O
or	O
_	O
no	O
_	O
จ้อง	O
หน้า	O
มัน	O
ประมาณ	O
5	O
นาที	O
_	O
ภาพ	O
ความทรงจํา	O
เกือบ	O
3	O
ปี	O
หลั่งไหล	O
แล้ว	O
ตอบ	O
ไป	O
NO	O
!	O
แฟน	O
เดิน	O
หนี	O
กลับ	O
มา	O
พร้อม	O
ทิชชู่	O
เช็ด	O
ขี้มูก	O
ให้	O

ไม่ว่า	O
ผลคะแนน	O
ทั้ง	O
10	O
คน	O
จะ	O
เป็น	O
ยังใง	NORM_1WORD
_	O
แต่	O
วันนี้	O
เห็น	O
แล้ว	O
ว่า	O
ทุก	O
คน	O
ทำ	O
เต็มที่	O
แล้ว	O
จริงๆ	NORM_2WORD
_	O
เป็น	O
กำลังใจ	O
ให้	O
ทุก	O
คน	O
สู้	O
กัน	O
ต่อ	O
ไป	O
นะ	O
_	O
#CherprangBNK48	O
_	O
#JennisBNK48	O
_	O
#KaimookBNK48	O
_	O
#KateBNK48	O
_	O
#MusicBNK48	O
_	O
#NinkBNK48	O
_	O
#MioriBNK48	O
_	O
#IzurinaBNK48	O
_	O
#JaaBNK48	O
_	O
#SatchanBNK48	O
_	O
#BNK48	O
_	O
#WorldSenbatsuTH	O
_	O
#AKB4853rdSingle	O

เรื่อง	O
มโน	O
วันนี้	O
คือ	O
_	O
พี่	O
ที่	O
คุย	O
ด้วย	O
_	O
ทำ	O
บีบิมบับ	O
_	O
ซึ่ง	O
เรา	O
เคย	O
คุย	O
กัน	O
ว่า	O
นี่	O
ชอบ	O
กิน	O
มากๆ	NORM_2WORD
_	O
แล้ว	O
นาง	O
ก็	O
ทัก	O
มา	O
ถาม	O
ว่า	O
กิน	O
ข้าว	O
ยัง	O
_	O
นาง	O
บอก	O
กะ	O
จะ	O
แกล้ง	O
_	O
แล้ว	O
นาง	O
ก็	O
บอก	O
โพส	NORM_1WORD
รูป	O
ไป	O
แล้ว	O
_	O
เรา	O
ก็	O
ไป	O
ดู	O
_	O
นาง	O
ถ่าย	O
รูป	O
ทำ	O
บีบิมบับ	O
_	O
แล้ว	O
แคปชั่น	NORM_1WORD
ก็	O
ประมาณ	O
ว่า	O
ต้อง	O
โดน	O
กด	O
โกรธ	O
แน่ๆ	NORM_2WORD
_	O
แต่	O
เรา	O
รัก	O
เธอ	O
นะ	O
_	O
ซึ่ง	O
ความมโน	O
คือ	O
_	O
อี	O
นี่	O
ชอบ	O
กด	O
โกรธ	O
ใส่	O
รูป	O
อาหาร	O
นาง	O

อันดับ	O
_	O
#BNK48	O
_	O
รุ่น	O
_	O
1	O
_	O
วัน	O
ที่	O
_	O
4	O
_	O
ต.ค.	O
_	O
61	O
_	O
0600	NORM_1WORD
_	O
1	O
_	O
#CherprangBNK48	O
_	O
5717	O
_	O
2	O
_	O
#MusicBNK48	O
_	O
4651	O
_	O
3	O
_	O
#PunBNK48	O
_	O
3956	O
_	O
4	O
_	O
#NoeyBNK48	O
_	O
2633	O
_	O
5	O
_	O
#JennisBNK48	O
_	O
2317	O
_	O
6	O
_	O
#MobileBNK48	O
_	O
2122	O
_	O
7	O
_	O
#OrnBNK48	O
_	O
1801	O
_	O
8	O
_	O
#NamneungBNK48	O
_	O
1326	O
_	O
9	O
_	O
#KaewBNK48	O
_	O
1186	O
_	O
10	O
_	O
#PupeBNK48	O
_	O
1182	O
_	O
11	O
_	O
#TarwaanBNK48	O
_	O
823	O
_	O
12	O
_	O
#KaimookBNK48	O
_	O
672	O

#	O
ม่านหมอกสีฟ้า	O
_	O
feel	O
_	O
good	O
_	O
ต่าง	O
คน	O
ต่าง	O
แอบ	O
ชอบ	O
กัน	O
ตั้งแต่	O
มัธยม	O
แต่	O
ไม่	O
บอก	O
_	O
พอ	O
เข้า	O
มหาลัย	NORM_1WORD
_	O
นายเอก	O
ลง	O
ประกวด	O
เดือน	O
เพื่อ	O
หวัง	O
ได้	O
เจอ	O
พระเอก	O
_	O
หวัง	O
พา	O
ตัวเอง	O
เข้า	O
ใกล้	O
_	O
แต่	O
เหมือน	O
โดน	O
รุก	O
จีบ	O
เสีย	O
เอง	O
_	O
เนื้อเรื่อง	O
เรื่อยๆ	NORM_2WORD
จีบ	O
กัน	O
น่ารัก	O
_	O
ไม่	O
ดราม่า	O
_	O
แค่	O
หม่น	O
นิดๆ	NORM_2WORD
เรื่อง	O
ของ	O
ความคิด	O
ที่	O
ไม่	O
ยอม	O
พูด	O
_	O
#รีวิวนิยายวาย	O
_	O
#แนะนำนิยายวาย	O

รีวิว	O
_	O
BL	O
_	O
คิว	O
_	O
2xx	O
_	O
-	O
_	O
เบียด	O
มากกกก	NORM_1WORD
_	O
ดัน	O
เก่ง	O
_	O
ยิ่ง	O
กว่า	O
บ่อ	O
ปลา	O
สวาย	O
_	O
เรา	O
สูง	O
_	O
160	O
ต้นๆ	O
ไม่	O
เสริม	O
ส้น	O
ต้อง	O
คอย	O
เขย่ง	O
ถึง	O
จะ	O
เห็น	O
ผู้	O
ตรง	O
เมนสเตจ	O
_	O
แต่	O
เขย่ง	O
ตลอด	O
ไม่	O
ไหว	O
เพราะ	O
โดน	O
ดัน	O
ตลอด	O
เวลา	O
_	O
คนรอบตัว	O
เรา	O
เป็นลม	O
โดน	O
หาม	O
ออก	O
ไป	O
หลาย	O
คน	O
_	O
-	O
_	O
สต๊าฟ	NORM_1WORD
เกา	NORM_1WORD
ใจดี	O
มาก	O
_	O
ไว	O
กว่า	O
การ์ด	O
ไทย	O
_	O
แจก	O
น้ำ	O
_	O
คอย	O
พัด	O
ตลอด	O
_	O
อาจ	O
จะ	O
เพราะ	O
เรา	O
อยู่	O
แถว	O
ต้นๆ	O
เลย	O
โดน	O
ลม	O
บ่อย	O

ความประทับใจ	O
วัน	O
นี้	O
ตอน	O
ยืน	O
รอ	O
กล่อง	O
_	O
FD	O
_	O
พนักงาน	O
เดิน	O
มา	O
รับ	O
คิว	O
ออเดอร์	O
_	O
แล้ว	O
เห็น	O
เรา	O
มี	O
เลข	O
เรียง	O
กัน	O
_	O
2	O
ใบ	O
เลย	O
ถาม	O
ว่า	O
โอชิ	O
ใคร	O
เนี้ย	NORM_1WORD
เรา	O
ก็	O
ตอบ	O
ไป	O
ว่า	O
น้อง	O
มายด์	O
พี่	O
พนักงาน	O
_	O
กรี้ด	O
ใหญj	NORM_1WORD
บอก	O
ดีใจ	O
มี	O
คน	O
เลือก	O
น้อง	O
_	O
ปลิ้มๆๆ	NORM_2WORD
_	O
ดีใจ	O
ที่	O
พี่	O
พนักงาน	O
โอชิ	O
น้อง	O
เช่นกันนน	NORM_1WORD
_	O
วันนี้	O
เดินทาง	O
มา	O
ดู	O
น้อง	O
ที่	O
งาน	O
TIF	O
ทัน	O
ด้วยย	NORM_1WORD
#BNK48	O
_	O
#	O
Mind	O
BNK48	O
_	O
#BNK48	O

พอ	O
ฆ่า	O
บอส	NORM_1WORD
(	O
?	O
)	O
จบ	O
แล้ว	O
นี่	O
กะ	NORM_1WORD
เพื่อน	O
เลย	O
จะ	O
โดน	O
เล่นงาน	O
ข้อหา	O
ฝืน	O
คำสั่ง	O
_	O
น้อง	O
ปีศาจ	NORM_1WORD
แก	O
ตื่น	O
ขึ้น	O
มา	O
เห็น	O
เรา	O
ตก	O
อยู่	O
ใน	O
อันตราย	O
แก	O
เลย	O
ไล่	O
ฆ่า	O
คน	O
ใน	O
กอ	O
เดินทาง	O
แทน	O
..	O
_	O
โหด	O
ชิบหัย	NORM_1WORD
..	O
_	O
นี่	O
เลย	O
รีบ	O
หนี	O
เข้า	O
เต้นท์	NORM_1WORD
ก่อน	O
จะ	O
โดน	O
ลูกหลง	O
..	O
_	O
ละ	NORM_1WORD
ฝัน	O
ก็	O
จบ	O
ที่	O
ตรง	O
นั้น	O
..	O
_	O
หน้า	O
น้อง	O
เค้า	NORM_1WORD
เอกลักษณ์	O
มาก	O
อะ	O
ค่ะ	O
_	O
คือ	O
พี่	O
กลัว	O
แล้ว	O
_	O
อย่า	O
สบตา	O
พี่	O
ทั้ง	O
หน้า	O
งั้น	NORM_1WORD
เรย	NORM_1WORD
..	O

อันดับ	O
_	O
#BNK48	O
_	O
รุ่น	O
_	O
1	O
_	O
วัน	O
ที่	O
_	O
19	O
_	O
ก.ย.	O
_	O
61	O
_	O
1200	NORM_1WORD
_	O
1	O
_	O
#BNK48	O
_	O
40769	O
_	O
2	O
_	O
#CherprangBNK48	O
_	O
24506	O
_	O
3	O
_	O
#MobileBNK48	O
_	O
12119	O
_	O
4	O
_	O
#MusicBNK48	O
_	O
11654	O
_	O
5	O
_	O
#NoeyBNK48	O
_	O
6905	O
_	O
6	O
_	O
#JennisBNK48	O
_	O
6789	O
_	O
7	O
_	O
#NamneungBNK48	O
_	O
6075	O
_	O
8	O
_	O
#PunBNK48	O
_	O
5292	O
_	O
9	O
_	O
#OrnBNK48	O
_	O
4010	O
_	O
10	O
_	O
#MindBNK48	O
_	O
2923	O
_	O
11	O
_	O
#KaewBNK48	O
_	O
2851	O
_	O
12	O
_	O
#KaimookBNK48	O
_	O
2605	O

27	O
/	O
02	O
/	O
19	O
น้องๆ	O
_	O
BNK48	O
_	O
รวมไปถึง	O
ขมิ้น	O
_	O
ได้	O
ไป	O
ร่วม	O
ให้	O
กำลังใจ	O
_	O
และ	O
ส่ง	O
คณะ	O
นักกีฬา	O
สเปเชี่ยล	NORM_1WORD
_	O
โอลิมปิก	O
ไทย	O
_	O
ลง	O
แข่งขัน	O
ทัวร์นาเมนต์	O
_	O
สเปเชี่ยล	NORM_1WORD
_	O
โอลิมปิก	O
เวิลด์	O
ซัมเมอร์เกม	O
_	O
อาบูดาบี	O
2019	O
_	O
งาน	O
ดี	O
_	O
งาน	O
น่าชื่นชม	O
แบบ	O
นี้	O
_	O
ต้อง	O
ปรบมือ	O
จ้า	O
_	O
ปล.	NORM_1WORD
_	O
ขอ	O
ขอบคุณ	O
พี่	O
ๆ	O
_	O
สื่อมวลชน	O
ที่	O
ช่วย	O
เก็บ	O
ภาพ	O
บรรยากาศ	O
มา	O
ฝาก	O
_	O
#KhaminBNK48	O
_	O
#BNK48	O

ปิด	O
พรีออเดอร์	NORM_1WORD
วันพรุ่งนี้	O
แล้ว	O
น๊า	NORM_1WORD
_	O
เพราะ	O
จะ	O
ได้	O
สั่ง	O
สินค้า	O
ไว	NORM_1WORD
สนใจ	O
DM	O
_	O
มา	O
คุย	O
กัน	O
ได้	O
ครับ	O
ของ	O
มัน	O
ต้อง	O
มี	O
!!	O
_	O
#BNK48	O
_	O
#BNK48Market	O
_	O
#ตลาดนัดBNK48	O
_	O
#CherPrangBNK48	O
_	O
#PunBNK48	O
_	O
#JennisBNK48	O
_	O
#NamneungBNK48	O
_	O
#KornBNK48	O
_	O
#CanBNK48	O
_	O
#NoeyBNK48	O
_	O
#OrnBNK48	O
_	O
#MobileBNK48	O
_	O
#MusicBNK48	O
_	O
#JaaBNK48	O
_	O
#PupeBNK48	O
_	O
#JaneBNK48	O

ธรรมชาติ	O
_	O
เป็น	O
_	O
สิ่ง	O
สวยงาม	O
และ	O
ไม่	O
สร้าง	O
มลพิษ	O
ให้	O
แก่	O
สังคม	O
_	O
พวงหรีดดอกไม้สด	O
_	O
ช่วย	O
สร้าง	O
งาน	O
ให้	O
แก่	O
เกษตรกร	O
และ	O
อีก	O
หลาย	O
อาชีพ	O
_	O
อีกทั้ง	O
ไม่	O
เพิ่ม	O
ปัญหา	O
โลกร้อน	O
_	O
ดอกไม้สด	O
และ	O
กระดาษไม้อัด	O
_	O
สามารถ	O
ย่อยสลาย	O
ได้	O
_	O
#ลดโลกร้อน	O
_	O
#พวงหรีด	O
_	O
#ธรรมชาติ	O
_	O
#สวยงาม	O
_	O
#ช่วยเกษตรกร	O
_	O
#สร้างรายได้	O
_	O
#สร้างอาชีพ	O
_	O
#เศรษฐกิจแย่	O
_	O
#ย่อยสลาย	O

จาก	O
ความสงสัย	O
ใน	O
ใจ	O
ก็	O
เลย	O
เป็น	O
แรงบันดาลใจ	O
ให้	O
เขียน	O
นิยาย	O
ขึ้น	O
มา	O
_	O
เล่า	O
เรื่อง	O
ประมาณ	O
ว่า	O
_	O
มี	O
คน	O
แอบ	O
เข้า	O
ไป	O
อยู่	O
ใน	O
ตู้หนังสือ	O
ใน	O
ห้อง	O
ที่	O
ปิด	O
ตาย	O
นั่น	O
_	O
เพื่อ	O
รอ	O
อะไร	O
บาง	O
อย่าง	O
ให้	O
ออก	O
มา	O
ปรากฏ	O
ตัว	O
ใน	O
คืน	O
วันเพ็ญ	O
_	O
และ	O
ก็	O
ได้	O
เจอ	O
จริงๆ	NORM_2WORD
_	O
(	O
ขณะ	O
อ่าน	O
นี่	O
ก็	O
เลิ่กลั่ก	O
ไปมา	O
เพราะ	O
ว่า	O
ห้อง	O
เงียบ	O
มาก	O
_	O
ถ้า	O
มา	O
คน	O
เดียว	O
คง	O
วิ่ง	O
อะ	O
เอา	O
จริง	O
_	O
กลัว	O
เจอ	O
ด้วย	O
)	O

แต่	O
สุด	O
ท้าย	O
ก็	O
ตี	O
ป้อม	O
ไม่	O
แตก	O
วะ	O
_	O
jc	O
_	O
แม่ง	O
คะแนน	O
มัน	O
โหด	O
จริง	O
_	O
และ	O
โหด	O
ขึ้น	O
ทุก	O
ปี	O
_	O
ยิ่ง	O
ปี	O
เรา	O
ปรับ	O
เกณฑ์	O
บาง	O
อย่าง	O
ยิ่ง	O
แบบ	O
ไม่	O
รอด	O
อ่ะ	O
_	O
วัน	O
ที่	O
ผล	O
ประกาศ	O
ออก	O
มา	O
_	O
คือ	O
ใจ	O
สลาย	O
มาก	O
_	O
มัน	O
ร้องไห้	O
จน	O
ไม่	O
เหลือ	O
แรง	O
จะ	O
ทำ	O
อะไร	O
แล้ว	O
อ่ะ	O
_	O
แต่	O
ชีวิต	O
เรา	O
แม่ง	O
ต้อง	O
ก้าว	O
ต่อ	O
ไป	O
อ่ะ	O
_	O
เงื่อนไข	O
ใน	O
ชีวิต	O
เรา	O
ไม่	O
เหลือ	O
หนทาง	O
ให้	O
เรา	O
ย้อน	O
กลับ	O
ไป	O
เริ่มต้น	O
ใหม่	O
แล้ว	O
อ่ะ	O

ใคร	O
ที่	O
มา	O
_	O
BNK48	O
_	O
1st	O
_	O
Album	O
_	O
River	O
_	O
2-Shot	O
_	O
ใน	O
วัน	O
ที่	O
_	O
30	O
_	O
ก.ย.	O
_	O
61	O
_	O
กับ	O
น้อง	O
ฟ้อนด์	O
อย่า	O
มา	O
ลืม	O
รับ	O
ของที่ระลึก	O
จาก	O
เพจ	O
_	O
Fond	O
BNK48	O
Thailand	O
Fanclub	O
_	O
และ	O
ชาวสวนพริก	O
_	O
ที่	O
หน้า	O
เลน	O
ด้วย	O
นะ	O
_	O
จำนวน	O
รอบ	O
_	O
4	O
_	O
รอบ	O
_	O
ดังนี้	O
_	O
Round	O
_	O
1	O
_	O
9	O
.	O
00	O
-	O
10	O
.	O
30	O
_	O
Round	O
_	O
3	O
_	O
12	O
.	O
00	O
-	O
13	O
.	O
30	O
_	O
Round	O
_	O
5	O
_	O
15	O
.	O
00	O
-	O
16	O
.	O
30	O
_	O
Round	O
_	O
7	O
_	O
18	O
.	O
00	O
-	O
19	O
.	O
30	O
_	O
#Fondbnk48	O
_	O
#BNK48	O

อั้ว	O
เป็น	O
คน	O
พูด	O
ไม่	O
เก่ง	O
_	O
ถ้า	O
จะ	O
ให้	O
ดี	O
ควร	O
เป็น	O
เพศ	O
หญิง	O
_	O
เพราะ	O
เล่น	O
กับ	O
ผู้หญิง	O
มา	O
เยอะ	O
...	O
เลย	O
สนิท	O
ง่าย	O
และ	O
คุย	O
ได้	O
...	O
แต่	O
เป็น	O
พ่อ	O
...	O
เพศ	O
ชาย	O
_	O
ตำรวจ	O
...	O
หน้าโหดๆ	O
อยู่	O
ตรง	O
คนขับ	O
...	O
อิ	NORM_1WORD
ห่าน	NORM_1WORD
เอ๋ยย	NORM_1WORD
...	O
แล้ว	O
ผู้ชาย	O
เป็น	O
เพศ	O
ไม่	O
มี	O
อารมณ์	O
ที่	O
อยาก	O
คุย	O
ถ้า	O
อยู่	O
ด้วยกัน	O
และ	O
ไม่	O
สนิท	O
...	O
เจอ	O
กับ	O
เพศ	O
ผู้	O
อีก	O
คน	O
ที่	O
เล่น	O
กับ	O
ผู้หญิง	O
มา	O
เยอะ	O
อย่าง	O
อั้ว	O
.	O
ซัซ	NORM_1WORD

#ถ้าเราติดtagนี้แล้วทำให้เจ้าของtagไม่พอใจเราก็ขออะไพด้วยนะ	O
_	O
ที่	O
เรา	O
ติด	O
เพราะ	O
คิด	O
ว่า	O
ทุก	O
คน	O
ที่	O
ติดตาม	O
นิยาย	O
เรื่อง	O
นี่	O
จะ	O
ได้	O
อ่าน	O
_	O
นิยาย	O
ที้	NORM_1WORD
นายเอก	O
ชื่อ	O
_	O
เครียร่า	O
_	O
ชื่อ	O
อะไร	O
_	O
ใคร	O
ได้	O
อ่าน	O
ช่วย	O
ตอบ	O
หน่อย	O
นะ	O
_	O
#รบกวนนักอ่านทุกท่านด้วย	O
_	O
#รีวิวนิยาย	O
_	O
#ไนน์อย่ายั่ว	O
_	O
#ต้นฟ้าไต้ฝุ่น	O
_	O
#ลูกแมวของเฮีย	O
สิน	O
_	O
#กี่หมื่นฟ้า	O

อยาก	O
รัก	O
เขา	O
ไป	O
ให้	O
สุดๆ	O
_	O
ดี	O
ให้	O
สุดๆ	O
ไป	O
เลย	O
กับ	O
เขา	O
_	O
ต่อ	O
ให้	O
ตอน	O
นี้	O
ใจ	O
เขา	O
มี	O
ให้	O
ไม่	O
เท่า	O
เราๆ	O
ก็	O
จะ	O
ยัง	O
ทำ	O
ต่อไป	O
_	O
ทำ	O
ให้	O
สุดๆ	O
กำลัง	O
ของ	O
เรา	O
อะ	O
_	O
ถ้า	O
จะ	O
เจ็บ	O
ก็	O
เจ็บ	O
ไป	O
รัก	O
ไป	O
นี่	O
แหละ	O
_	O
แต่	O
ทุก	O
คน	O
มี	O
ลิมิต	O
เป็น	O
ของ	O
ตัวเอง	O
ทุก	O
คน	O
_	O
ถึง	O
วัน	O
ที่	O
มัน	O
สุดๆ	O
แล้ว	O
ที่	O
คนๆ	O
นี้	O
จะ	O
รัก	O
ได้	O
แต่	O
ถ้า	O
เทอ	NORM_1WORD
ยัง	O
ไม่	O
สน	O
_	O
เรา	O
ก็	O
คง	O
ต้อง	O
ไป	O
นะ	O
เพราะ	O
ที่	O
ให้	O
ใจ	O
ไป	O
อะ	O
คือ	O
ที่สุด	O
แล้ว	O
นะ	O

ครอบครัว	O
ไม่	O
สนับสนุน	O
_	O
นาง	O
ต้อง	O
ผ่าน	O
อะไร	O
เยอะแยะ	O
_	O
ทั้ง	O
แอนตี้	O
นาง	O
และ	O
วง	O
_	O
จีมิน	O
ที่	O
ต้อง	O
ฟิต	O
หุ่น	O
ตัวเอง	O
ซ้อม	O
หนัก	O
จน	O
ไม่	O
มี	O
เวลา	O
พักผ่อน	O
เพราะ	O
กลัว	O
ตัวเอง	O
เป็น	O
ตัวถ่วง	O
ของ	O
วง	O
_	O
โดน	O
ค่าย	O
ไล่	O
หลาย	O
ครั้ง	O
แต่	O
นาง	O
ก็	O
ไม่	O
ยอมแพ้	O
_	O
และ	O
ทุก	O
คน	O
ก็	O
ไม่	O
ยอมแพ้	O
_	O
การเดินทาง	O
มา	O
ที่	O
ประเทศ	O
ไทย	O
ทำ	O
ให้	O
พวก	O
นาง	O
ปลื้ม	O
และ	O
ดีใจ	O
มากๆ	NORM_2WORD
พวก	O
นาง	O
ได้	O
บอก	O
ใน	O
คอน	NORM_1WORD
ไทย	O
ว่า	O
....	O

เคย	O
รู้สึก	O
ไม่	O
โอเค	O
กับ	O
ใคร	O
เพียง	O
เพราะ	O
คน	O
รอบ	O
ข้าง	O
เรา	O
อวย	O
เขา	O
เกิน	O
ไป	O
ไหม	O
_	O
เรา	O
เคย	O
นะ	O
_	O
เรา	O
ชอบ	O
นิยาย	O
เรื่อง	O
นึง	NORM_1WORD
พอ	O
ได้	O
ข่าว	O
ว่า	O
นิยาย	O
เรื่อง	O
นั้น	O
จะ	O
ได้	O
ทำ	O
เป็น	O
หนัง	O
เรา	O
ก็	O
ดีใจ	O
มาก	O
ตั้งตา	O
รอ	O
ดู	O
เพื่อน	O
เรา	O
ตาม	O
มา	O
ชอบ	O
ที่หลัง	NORM_1WORD
เพราะ	O
นักแสดง	O
หล่อ	O
แล้ว	O
อวย	O
หนัง	O
เรื่อง	O
นี้	O
จน	O
จาก	O
ที่	O
เรา	O
ชอบ	O
มาก	O
จน	O
กระทั่ง	O
เรา	O
รู้สึก	O
เฉยๆ	NORM_2WORD
อ่ะ	NORM_1WORD
มัน	O
ก็	O
ไม่	O
ได้	O
ดี	O
ขนาด	O
นั้น	O
ป่ะ	O

รับ	O
ทำ	O
เสื้อยืด	O
สกรีน	O
ตาม	O
สั่ง	O
ทุก	O
ศลป	NORM_1WORD
_	O
250	O
บ	NORM_1WORD
_	O
ทุก	O
ไซต์	NORM_1WORD
,	O
สี	O
_	O
ผ้า	O
tk	O
หนา	O
_	O
ลด	O
10	O
บ	NORM_1WORD
/	O
1	O
ตัว	O
_	O
ถึง	O
30	O
กค	O
_	O
แถม	O
8	O
รูป	O
ศลป	NORM_1WORD
/	O
1	O
ตัว	O
_	O
สั่ง	O
2	O
ตัว	O
แถม	O
18	O
รูป	O
_	O
ส่ง	O
ลทบ	NORM_1WORD
30	O
,	O
ems	O
50	O
_	O
รอ	O
7	O
วัน	O
ส่ง	O
_	O
หา	O
รูป	O
ฟรี	O
_	O
ออกแบบ	O
ให้	O
_	O
ไลน์	O
ร้าน	O
ayq8876a	O
_	O
ร้าน	O
จดทบ	NORM_1WORD
พาณิชย์	O
ออนไลน์	O
_	O
มี	O
รีวิว	O
_	O
เปิด	O
มา	O
นาน	O
3	O
ปี	O
_	O
#ตลาดนัด	O
อากาเซ่	O
_	O
#ตลาด	O
กัซ	O
_	O
#ตลาดนัด	O
อากาเซ่	O
got7	O
_	O
#MarkTuan	O
_	O
#MarkBam	O

ลูป	O
นรก	O
ของ	O
คน	O
ติ่ง	O
สาม	O
วง	O
_	O
BNK48	O
_	O
Music	O
_	O
Nogizaka	O
_	O
46	O
_	O
นาจัง	O
_	O
Keyakizaka	O
_	O
46	O
_	O
เนรุจัง	O
_	O
ประเด็น	O
คือ	O
เรา	O
บ้า	O
ใคร	O
ก็	O
จะ	O
บ้า	O
เป็น	O
ช่วงๆ	NORM_2WORD
แล้ว	O
จะ	O
อยู่	O
ลูป	O
นี้	O
แหละ	O
_	O
ตอน	O
แรก	O
บ้า	O
มิวมิว	O
_	O
สัก	O
พัก	O
ไป	O
เจอ	O
เนรุน่า	O
รัก	O
ก็	O
อวย	O
เนรุ	O
_	O
ไป	O
รู้จัก	O
นาจัง	O
ก็	O
บ้า	O
เห่อ	O
นาจัง	O
_	O
ตอน	O
นี้	O
ได้	O
จับ	O
มือ	O
มิวมิว	O
ก็	O
กลับ	O
มา	O
บ้า	O
มิวมิว	O
ใหม่	O
ละ	O
_	O
เพราะ	O
อะไร	O
เพราะ	O
เรา	O
รัก	O
มิวมิว	O
ไง	O
ละ	O

มี	O
หนัง	O
พี่	O
เบน	O
มา	O
แนะนำ	O
อีก	O
แล้ว	O
คร่า	O
เรื่อง	O
_	O
Inseperable	O
_	O
อัน	O
นี้	O
เป็น	O
เรื่องสั้น	O
ค่ะ	O
สั้น	O
จริงๆ	NORM_2WORD
_	O
11	O
_	O
นาที	O
แต่	O
ช้า	O
แต่	O
เต็ม	O
คุณภาพ	O
มาก	O
แทบ	O
ไม่	O
มี	O
บท	O
พูด	O
แค่	O
แอคติ้ง	O
พี่	O
เบน	O
ก็	O
เอาอยู่	O
ค่ะ	O
(	O
อวย	O
)	O
_	O
...	O
เรื่อง	O
ก็	O
เกี่ยวกับ	O
คุณพี่	O
เบน	O
1	O
พบ	O
ว่า	O
ตัวเอง	O
กำลัง	O
จะ	O
ตาย	O
แต่	O
มี	O
ครอบครัว	O
ที่	O
ต้อง	O
ดูแล	O
ก็	O
เลย	O
ตาม	O
แฝด	O
คุณพี่	O
เบน	O
2	O
มา	O
เป็น	O
พี่	O
เบน	O
1	O
แทน	O
_	O
เส้า	NORM_1WORD
จุง	NORM_1WORD

พยายาม	O
ใช้	O
ทุก	O
วัน	O
ให้	O
ชิน	O
เหมือน	O
ที่	O
เรา	O
ใช้	O
ภาษา	O
ไทย	O
นั่นแหละ	O
ค่ะ	O
_	O
ไม่	O
จำเป็น	O
ต้อง	O
เป็น	O
เรื่อง	O
serious	O
มาก	O
ก็	O
ได้	O
ค่ะ	O
_	O
เอา	O
แต่	O
เรื่อง	O
ที่	O
เรา	O
สนใจ	O
ก่อน	O
แล้ว	O
มัน	O
จะ	O
ลาม	O
ไป	O
เรื่อง	O
อื่น	O
เอง	O
_	O
ส่วน	O
พวก	O
คำศัพท์	O
เรา	O
เอง	O
จะ	O
ไม่	O
ค่อย	O
แปล	O
_	O
คือ	O
นึก	O
ภาพ	O
เอา	O
ค่ะ	O
_	O
เช่น	O
_	O
รูป	O
5	O
แฉก	O
ไทย	O
เรียก	O
ดาว	O
_	O
Eng	O
เรียก	O
star	O
_	O
ไม่ใช่	O
star	O
=	O
ดาว	O
_	O
เพราะ	O
บาง	O
คำ	O
ความหมาย	O
ไม่	O
ตายตัว	O

ทีม	O
ดี	O
&ทีม	O
นู้นห่วงคิล	O
_	O
เป็น	O
เกมส์	NORM_1WORD
สุ่ม	O
ทีม	O
ที่	O
ดุ	O
เดือด	O
มาก	O
_	O
เสียดาย	O
ไม่	O
ได้	O
rec	O
_	O
ทีม	O
นู้น	O
จังหวะ	O
โจมตี	O
รัว	O
มาก	O
_	O
ไม่ให้	O
พัก	O
เลย	O
_	O
เขา	O
มัว	O
แต่	O
ไล่	O
คิล	O
ตัว	O
ดาเมจ	O
ทีม	O
เรา	O
_	O
ลืม	O
ตัว	O
ด๋อยๆ	NORM_2WORD
ไร้	O
ดาเมจ	O
อย่าง	O
เรา	O
_	O
นี่	O
ก็	O
ดัน	O
คีป	O
ตี	O
ป้อม	O
สิ	O
คะ	O
_	O
mina	O
เก่ง	O
มาก	O
อ่ะ	O
เปิด	O
ไว	O
ถอย	O
ดี	O
_	O
ลิน	O
ก็	O
ดุ	O
_	O
ลัม	O
จังหวะ	O
ดี	O
_	O
แวน	O
โหด	O
_	O
เขาแพ้	O
เพราะ	O
ประมาท	O
ว่า	O
ทีม	O
เรา	O
ตัว	O
บาง	O
กว่า	O
_	O
#rov	O

ภาพ	O
นี้	O
คือ	O
ภาพ	O
แรก	O
ที่	O
บันทึก	O
ลง	O
มือถือ	O
_	O
ถ้า	O
มี	O
คน	O
ถาม	O
ผม	O
ว่า	O
ทำมัย	NORM_1WORD
คุณ	O
ต้อง	O
เสีย	O
ตัง	NORM_1WORD
ซื้อ	O
ของ	O
ที่	O
เป็น	O
ได้	O
แค่	O
ที่พึ่ง	O
ทาง	O
ใจ	O
ผม	O
จะ	O
บอก	O
คุณ	O
เลย	O
ผู้หญิง	O
คน	O
ใน	O
รูป	O
ที่	O
ผม	O
ซื้อ	O
มา	O
คือ	O
สิ่ง	O
ที่	O
สวยงาม	O
ที่สุด	O
ที่	O
เคย	O
เข้า	O
มา	O
ใน	O
ชีวิต	O
ผม	O
แล้ว	O
_	O
ชีวิต	O
ผ่าน	O
อะไร	O
มา	O
มากมาย	O
นี้	NORM_1WORD
คือ	O
สิ่ง	O
ที่	O
ผม	O
รัก	O
มาก	O
ที่สุด	O
สำหรับ	O
ผม	O
_	O
#BNK48	O
_	O
คือ	O
สิ่ง	O
สวยงาม	O
_	O
#CherprangBNK48	O

Pagcounting	O
_	O
na	O
_	O
ng	O
_	O
votes	O
_	O
dapat	O
_	O
may	O
_	O
2	O
-	O
3	O
_	O
representatives	O
_	O
(	O
kasama	O
_	O
yun	O
_	O
nakapirma	O
_	O
sa	O
_	O
sealed	O
_	O
ballot	O
_	O
boxes	O
)	O
_	O
yun	O
_	O
mga	O
_	O
MNL48	O
_	O
members	O
_	O
and	O
_	O
2nd	O
_	O
gen	O
_	O
aspirants	O
.	O
_	O
Alam	O
_	O
ko	O
_	O
matrabaho	O
_	O
pero	O
_	O
diskartehan	O
_	O
kung	O
_	O
paano	O
_	O
mapapabilis	O
_	O
yun	O
_	O
manual	O
_	O
counting	O
.	O
_	O
Hindi	O
_	O
nman	O
_	O
tayo	O
_	O
mala	O
-	O
BNK48	O
_	O
pra	O
_	O
umabot	O
_	O
ng	O
_	O
100	O
k	O
_	O
yun	O
_	O
votes	O
.	O

เล่ม	O
นี้	O
อ่าน	O
ข้าม	O
ปี	O
...	O
_	O
นิยาย	O
แนว	O
ประวัติศาสตร์	O
เป็น	O
อีก	O
เล่ม	O
หนึ่ง	O
ที่	O
อ่าน	O
แล้ว	O
มัก	O
จะ	O
วาง	O
ไม่	O
ลง	O
จริงๆ	NORM_2WORD
_	O
แม่นาย	O
นกยูง	O
คือ	O
ต้น	O
แบบ	O
ความงาม	O
อย่าง	O
อยุธยา	O
แต่	O
แฝง	O
ด้วย	O
ความฉลาดเฉลียว	O
_	O
ไม่	O
ยอม	O
คน	O
และ	O
ทันคน	O
_	O
ชอบ	O
บุคลลิก	NORM_1WORD
ตัวละคร	O
หญิง	O
แบบ	O
นี้	O
จัง	O
_	O
รวม	O
ทั้ง	O
นกยูง	O
สำริด	O
ตัว	O
นั้น	O
ที่	O
ทำ	O
ให้	O
ฉัน	O
หลงใหล	O
ใน	O
กฤตยามนต์	O
จน	O
ถอดตัว	NORM_1WORD
ไม่	O
ขึ้น	O
_	O
#เล่าหนังสือ	O

แฟม	O
พี่	O
เก้ทอิท	O
ครับ	O
_	O
getitgenx	O
_	O
ออจิต	O
ง่ายๆ	NORM_2WORD
เลย	O
_	O
อยาก	O
ให้	O
เธอ	O
ได้	O
เข้า	O
มาก	NORM_1WORD
ดู	O
_	O
อยาก	O
ได้	O
จอห์นนี่	O
มาก	O
_	O
ถาม	O
ว่า	O
ใคร	O
เป็น	O
คน	O
ที่	O
อยาก	O
ได้	O
บอก	O
เลย	O
ว่า	O
เป็น	O
ผม	O
เอง	O
_	O
เข้า	O
มา	O
ดู	O
รีวิว	O
แฟม	O
ก่อน	O
ได้	O
สุดท้าย	O
นี้	O
รัก	O
นะ	O
ครับ	O
น้อง	O
แจฮยอน	O
ถ้า	O
เอา	O
จอห์นนี่	O
เข้า	O
มา	O
ก็	O
จะ	O
บอก	O
ว่า	O
รัก	O
นะ	O
จอห์นนี่	O
_	O
ไม่	O
เข้า	O
ไม่เป็นไร	O
แต่	O
อยาก	O
ให้	O
รู้	O
ไว้	O
ว่า	O
คนๆ	NORM_1WORD
นี้	O
รัก	O
นะ	O
อยาก	O
ได้	O

มัน	O
คง	O
ยาก	O
มากๆ	NORM_2WORD
กว่า	O
จะ	O
ตัดสินใจ	O
ออก	O
มา	O
บอก	O
แบบ	O
นี้	O
_	O
ให้	O
กำลังใจ	O
ทั้ง	O
คู่	O
นะ	O
_	O
ชอบ	O
ทั้ง	O
ตอนที่	O
เล่น	O
ละคร	O
ด้วย	O
กัน	O
_	O
แต่งงาน	O
กัน	O
_	O
และ	O
ถึงจะ	O
หย่า	O
กัน	O
ด้วย	O
เหตุผล	O
อะไรก็ตาม	O
ก็	O
เป็น	O
เรื่อง	O
ที่	O
เขา	O
ได้	O
ตัดสินใจ	O
กัน	O
มา	O
แล้ว	O
_	O
เชื่อ	O
ว่า	O
วัน	O
นั้น	O
เค้า	NORM_1WORD
ก็	O
ต้อง	O
รัก	O
กัน	O
จริงๆ	NORM_2WORD
แหละ	O
_	O
เพียง	O
แต่	O
วันนี้	O
มัน	O
ไม่	O
สามารถ	O
เหมือน	O
เดิม	O
ได้	O
_	O
#ซงจุงกิ	O
_	O
#SongSongCouple	O

ดู	O
แค่	O
นี่	NORM_1WORD
ฮ่ะ	NORM_1WORD
_	O
3	O
คน	O
นี้	O
คือ	O
_	O
my	O
_	O
favorite	O
_	O
of	O
_	O
my	O
_	O
life	O
_	O
พี่	O
แน็ค	O
รีวิว	O
ดี	O
จริง	O
อะไร	O
ดี	O
คือ	O
ดี	O
อะไร	O
ไม่	O
ดี	O
คือ	O
ไม่	O
ดี	O
_	O
ชอบ	O
ความตลก	O
ของ	O
พี่	O
เขา	O
มาก	O
_	O
จริต	O
พี่	O
เขา	O
ได้	O
อ่ะ	NORM_1WORD
555	O
_	O
หน่อง	NORM_1WORD
เมย์	O
คน	O
นี้	O
เกิน	O
คำ	O
ว่า	O
_	O
บตบก.	NORM_1WORD
แล้ว	O
ไลฟสไตล์	O
ชีวิต	O
เขา	O
คือ	O
น่าสนใจ	O
สุดๆ	O
_	O
พี่	O
ฟ้า	O
_	O
ตลก	O
ชิบหาย	NORM_1WORD
คน	O
อะไร	O
รีวิว	O
กึ่ง	O
โวยวาย	O
555	O
_	O
พี่	O
เขา	O
น่ารัก	O
ดี	O
รีวิว	O
ก็	O
จริงใจ	O
มาก	O
_	O
#บตบก	NORM_1WORD

เนื่องด้วย	O
โอกาส	O
วันเกิด	O
ครบ	O
รอบ	O
อายุ	O
_	O
16	O
_	O
ปี	O
ครั้ง	O
ที่	O
_	O
9	O
_	O
ของ	O
นิโกะจัง	O
_	O
ไม่	O
รู้	O
ตั้งแต่	O
เมื่อไหร่	NORM_1WORD
เหมือน	O
กัน	O
ที่	O
เริ่ม	O
จะ	O
คอย	O
เฝ้า	O
ดู	O
นิโกะจัง	O
_	O
ด้วย	O
เพราะ	O
ว่า	O
อยาก	O
จะ	O
ให้	O
กำลังใจ	O
น้อง	O
_	O
น้อง	O
น่ะ	O
ต้องการ	O
กำลังใจ	O
มาก	O
กว่า	O
คน	O
อื่นๆ	NORM_2WORD
ใน	O
วง	O
_	O
การที่	O
ตัดสินใจ	O
มา	O
เดบิวต์	O
ที่	O
ต่างประเทศ	O
_	O
ภาษา	O
ไทย	O
ก็	O
ยัง	O
ไม่	O
ค่อย	O
ได้	O
_	O
ฐาน	O
แฟน	O
เริ่ม	O
แรก	O
ก็	O
ยัง	O
ไม่	O
มี	O

คุณ	O
ไข่	O
-	O
พิ	NORM_1WORD
ไท	O
คือ	O
ใคร	O
อะ	O
_	O
จน	O
-	O
ร่าง	O
หลัว	O
ของ	O
พิ	NORM_1WORD
เฌอ	O
ไง	O
_	O
คุณ	O
นุ้ย	O
-	O
พิ	NORM_1WORD
ไท	O
คือ	O
พี่ชาย	O
พิ	NORM_1WORD
เฌอ	O
//	O
ทำ	O
เสียง	O
จริงจัง	O
_	O
คุณ	O
ไข่	O
-	O
จริง	O
อะ	O
...	O
ไม่	O
จริง	O
พี่	O
เฌอ	O
ไม่	O
มี	O
พี่ชาย	O
_	O
//	O
คุณ	O
ไข่	O
คือ	O
คน	O
สุดท้าย	O
ใน	O
จักรวาล	O
_	O
BNK	O
_	O
ที่	O
เพิ่ง	O
จะ	O
รู้จัก	O
พิ	NORM_1WORD
ไท	O
_	O
พลีสเรสเปค	O
โอ้ปป้า	NORM_1WORD
ไข่	O
_	O
#RespectOppaKai	O
_	O
#KaimookBNK48	O
_	O
#JennisBNK48	O
_	O
#CherprangBNK48	O
_	O
#NoeyBNK48	O
_	O
#BNK48	O

เสียดาย	O
ภาพ	O
ทวีท	O
ต้นเรื่อง	O
ถูก	O
ลบ	O
ไป	O
แล้ว	O
_	O
คือ	O
_	O
คนไข้	O
ถูก	O
ฟัน	O
เข้า	O
มา	O
รัก	O
ตัว	O
ใน	O
_	O
ER	O
_	O
แต่	O
คู่อริ	O
ตาม	O
มา	O
ฟัน	O
ต่อ	O
_	O
จน	O
เครื่องมือ	O
แพทย์	O
เสียหาย	O
_	O
ซึ่ง	O
ราคา	O
ของ	O
เครื่องมือ	O
แพทย์	O
นั่น	O
หลาย	O
แสน	O
บาท	O
_	O
รวม	O
ไป	O
ถึง	O
ขวัญ	O
ของ	O
_	O
จนท	NORM_1WORD
_	O
ที่	O
ถูก	O
บั่นทอน	O
_	O
ซึ่ง	O
มูลค่า	O
ประเมิน	O
ไม่	O
ได้	O
_	O
อาจ	O
สร้าง	O
บาทแผล	NORM_1WORD
ทาง	O
ใจ	O
ไป	O
ตลอด	O
กาล	O
_	O
มัน	O
ต้อง	O
โกรธแค้น	O
แค่	O
ไหน	O
_	O
ถึง	O
ต้อง	O
ทำ	O
ขนาด	O
นี้	O

ก็	O
ติดตาม	O
ดราม่า	O
_	O
#	O
Wee	O
BNK48	O
_	O
บ้าง	O
_	O
แต่	O
ขอ	O
พูด	O
ตรงๆ	O
_	O
แบบ	O
ไม่	O
ได้	O
เข้าข้าง	O
น้อง	O
ว่า	O
_	O
อฟซ	O
_	O
#	O
BNK48	O
_	O
ไม่	O
ควร	O
ยัดเยียด	O
แขกรับเชิญ	O
เข้า	O
มา	O
ใน	O
ไลฟ์	O
ตู้ปลา	O
_	O
เอา	O
จริงๆ	NORM_2WORD
_	O
คือ	O
ตอน	O
นี้	O
วง	O
ไม่	O
จำเป็น	O
ต้อง	O
แสวงหา	O
ผลประโยชน์	O
ใดๆ	O
_	O
จาก	O
แขกรับเชิญ	O
_	O
ครั้ง	O
ก่อน	O
ก็	O
เอา	O
นักแสดง	O
สาว	O
มา	O
ขาย	O
รองเท้าส้นสูง	O
_	O
สรุป	O
แล้ว	O
วัตถุประสงค์	O
ของ	O
ไลฟ์	O
ตู้ปลา	O
คือ	O
อะไร	O
กัน	O
แน่?	O

การ	O
ที่	O
เรา	O
กลับ	O
ไป	O
อ่าน	O
แชท	O
เก่าๆ	NORM_2WORD
มัน	O
ทำ	O
ให้	O
รู้สึก	O
ว่า	O
เมื่อ	O
เขา	O
เป็น	O
ยังไง	O
_	O
ตอนนี้	O
เขา	O
ก็	O
ยัง	O
เป็น	O
แบบ	O
นั้น	O
เหมือน	O
เดิม	O
ไม่	O
เคย	O
เปลี่ยน	O
_	O
เขา	O
เป็น	O
คน	O
ที่	O
พยายาม	O
เข้า	O
หา	O
เรา	O
ก่อน	O
ตลอด	O
แม้ว่า	O
จะ	O
ปฏิเสธ	O
เขา	O
_	O
แต่	O
เขา	O
ก็	O
ยัง	O
พยายาม	O
ที่	O
จะ	O
อยู่	O
กับ	O
เรา	O
_	O
อยาก	O
อยู่	O
ด้วย	O
_	O
อ้อน	O
ขอ	O
ให้	O
กอด	O
_	O
ถึง	O
แม้	O
บาง	O
ครั้ง	O
จะ	O
รู้สึก	O
ว่า	O
เขา	O
คุย	O
กับ	O
เรา	O
เพื่อ	O
แก้	O
เหงา	O
ก็	O
ตาม	O
...	O

วันนี้	O
ตอน	O
ซื้อ	O
เข็มกลัด	O
จาก	O
มือ	O
เมมเบอร์	O
_	O
เรา	O
ไม่	O
รู้	O
ว่า	O
น้อง	O
เป็น	O
แบบ	O
นี้	O
อยู่แล้ว	O
รึ	NORM_1WORD
ป่าว	NORM_1WORD
เรา	O
ได้รับ	O
เข็มกลัด	O
จาก	O
มือ	O
มายู	O
_	O
แต่	O
มายู	O
ไม่	O
ได้	O
สนใจ	O
เรา	O
ที่	O
ยืน	O
อยู่	O
ตรง	O
หน้า	O
รับ	O
ของ	O
เลย	O
ยัง	O
เล่นๆ	O
กับ	O
ตากล้อง	O
ด้าน	O
หลัง	O
อยู่	O
จน	O
พี่	O
สตาฟ	O
สะกิด	O
มายู	O
ให้	O
มา	O
ยื่น	O
เข็มกลัด	O
ให้	O
เรา	O
คือ	O
เรา	O
บอก	O
ตรงๆ	O
ว่า	O
เสียความรู้สึก	O
กับ	O
น้อง	O
มากๆ	NORM_2WORD
_	O
#	O
Myyu	O
BNK48	O
_	O
#	O
bnk48	O

Cruel	O
Intentions	O
_	O
สนุก	O
มาก	O
_	O
นิยาย	O
แจ่มใส	O
สุด	O
_	O
เกี่ยว	O
ผู้ชาย	O
เจ้าชู้	O
_	O
แบด	O
เหี้ยๆ	NORM_2WORD
_	O
เอา	O
ผู้หญิง	O
ไป	O
ทั่ว	O
เพื่อ	O
เก็บ	O
แต้ม	O
_	O
แล้ว	O
ไป	O
พนัน	O
ว่า	O
ถ้า	O
ได้	O
กับ	O
สาว	O
เนิร์ด	O
_	O
ลูก	O
ผอ.	O
_	O
จะ	O
ได้	O
แอ้ม	O
ตัว	O
ร้าย	O
_	O
ไปๆ	NORM_2WORD
มาๆ	NORM_2WORD
เกิด	O
ตก	O
หลุม	O
รัก	O
สาว	O
เนิร์ด	O
เว้ย	O
_	O
เรื่อง	O
เลย	O
วุ่นๆ	NORM_2WORD
_	O
ตัว	O
ร้าย	O
แซ่บ	O
เว่อร์	NORM_1WORD
_	O
เพลง	O
_	O
Britpop	O
_	O
มา	O
เต็ม	O
ทั้ง	O
_	O
Blur	O
,	O
The	O
Verve	O
_	O
ดี	O
งาม	O
_	O
#แนะนำNetflix	O

อันดับ	O
_	O
Hashtags	O
_	O
BNK48	O
_	O
วัน	O
ที่	O
_	O
23	O
_	O
ม.ค.	O
_	O
62	O
_	O
1200	NORM_1WORD
_	O
1	O
_	O
#BNK48	O
_	O
14759	O
_	O
2	O
_	O
#MusicBNK48	O
_	O
14133	O
_	O
3	O
_	O
#CherprangBNK48	O
_	O
7738	O
_	O
4	O
_	O
#TarwaanBNK48	O
_	O
5997	O
_	O
5	O
_	O
#JennisBNK48	O
_	O
4726	O
_	O
6	O
_	O
#NamneungBNK48	O
_	O
4583	O
_	O
7	O
_	O
#OrnBNK48	O
_	O
4326	O
_	O
8	O
_	O
#MobileBNK48	O
_	O
4162	O
_	O
9	O
_	O
#NoeyBNK48	O
_	O
3426	O
_	O
10	O
_	O
#PunBNK48	O
_	O
2796	O
_	O
11	O
_	O
#PupeBNK48	O
_	O
2120	O
_	O
12	O
_	O
#MioriBNK48	O
_	O
1782	O

เรื่อง	O
นึง	NORM_1WORD
ของ	O
ทิศทาง	O
_	O
#BNK48	O
_	O
ที่	O
รู้สึก	O
ว่า	O
ดี	O
_	O
คือ	O
_	O
เพลง	O
ส่วน	O
ใหญ่	O
ของ	O
วง	O
นี้	O
_	O
จะ	O
เน้น	O
ไป	O
ที่	O
เรื่อง	O
การส่งเสริม	O
ความมุ่งมั่น	O
พยายาม	O
_	O
ให้	O
กำลังใจ	O
_	O
ค้นหา	O
ตัวเอง	O
_	O
สู้	O
ต่อ	O
ไป	O
_	O
หรือ	O
แนว	O
สดใส	O
มี	O
พลัง	O
_	O
ซึ่ง	O
ช่วง	O
วัยรุ่น	O
มัน	O
ก็	O
ควร	O
จะ	O
แบบ	O
นี้	O
นะ	O
_	O
ไม่	O
ใช่	O
มุ่งเน้น	O
แต่	O
เรื่อง	O
รักๆ	O
ใคร่ๆ	O
_	O
กัน	O
อย่าง	O
เดียว	O
_	O
ใน	O
ชีวิต	O
จริงๆ	NORM_2WORD
_	O
มี	O
อะไร	O
ที่	O
สำคัญ	O
กว่า	O
นั้น	O

PSG_inside	O
_	O
-	O
group	O
_	O
will	O
_	O
perform	O
_	O
live	O
_	O
in	O
_	O
Digital	O
_	O
Live	O
_	O
Studio	O
,	O
_	O
the	O
_	O
EmQuartier	O
_	O
department	O
_	O
store	O
_	O
on	O
_	O
the	O
_	O
1st	O
_	O
floor	O
,	O
_	O
Bangkok	O
_	O
at	O
_	O
1600	O
_	O
P.M.	O
_	O
Charaline	O
_	O
is	O
_	O
the	O
_	O
senior	O
_	O
group	O
_	O
of	O
_	O
BNK48	O
_	O
be	O
_	O
the	O
_	O
no.1	O
_	O
girl	O
_	O
group	O
_	O
of	O
_	O
Thailand	O
_	O
today	O
.	O
_	O
I	O
_	O
heard	O
_	O
that	O
_	O
some	O
_	O
French	O
_	O
people	O
_	O
like	O
_	O
idol	O
_	O
culture	O
_	O
from	O
_	O
Japan	O
_	O
too	O
.	O

ตอน	O
อยู่	O
ญี่ปุ่น	O
แรกๆ	NORM_2WORD
คิด	O
ว่า	O
บ้าน	O
เค้า	NORM_1WORD
โหด	O
จัง	O
_	O
ถ้า	O
ที่อยู่อาศัย	O
ไม่	O
มี	O
ที่จอดรถ	O
_	O
ซื้อ	O
รถ	O
ไม่	O
ได้	O
นะ	O
_	O
ต้อง	O
มี	O
ใบยืนยัน	O
/	O
_	O
จอด	O
ริม	O
ทาง	O
ไม่	O
ได้	O
ถ้า	O
ไม่	O
มี	O
คนขับ	O
อยู่	O
บน	O
รถ	O
_	O
ตำรวจ	O
จับ	O
_	O
และ	O
เร็ว	O
มาก	O
_	O
/	O
_	O
ที่จอดรถ	O
ใน	O
เมือง	O
แพง	O
หูฉี่	O
_	O
ถ้า	O
ไม่	O
นั่ง	O
รถไฟ	O
_	O
ก็	O
ไป	O
แท็กซี่	O
ยัง	O
ดี	O
กว่า	O
_	O
/	O
_	O
ไม่	O
มี	O
ใคร	O
ทำ	O
ใคร	O
เดือดร้อน	O
_	O
#ป้าทุบรถ	O
_	O
มี	O
ปัญญา	O
ซื้อ	O
รถ	O
ขับ	O
ต้อง	O
มี	O
สมอง	O

เมื่อวาน	O
อัพ	NORM_1WORD
สถานะ	O
ที่อยู่	O
เมน	O
เรา	O
ทั้ง	O
_	O
2	O
คน	O
ไป	O
แล้ว	O
_	O
วันนี้	O
เรา	O
จะ	O
มา	O
อัพเดท	NORM_1WORD
สถานะ	O
ที่	O
อยู่	O
เมน	O
เรา	O
อีก	O
ครั้ง	O
...	O
_	O
#CanNayika	O
_	O
>	O
_	O
บิน	O
ไป	O
เที่ยว	O
ตรุกี	O
_	O
(	O
หลัง	O
โดน	O
เท	O
ทริป	O
นี้	O
มา	O
_	O
1	O
รอบ	O
)	O
_	O
#NoeyBNK48	O
_	O
>	O
_	O
อ่าน	O
เจอ	O
แฟน	O
แอค	NORM_1WORD
_	O
บอก	O
ว่า	O
คุณ	O
เนย	O
ไป	O
มหาลัย	NORM_1WORD
_	O
+	O
_	O
ใส่	O
ชุดชอป	O
_	O
บาง	O
คน	O
บอก	O
น้อง	O
ไป	O
บรรยาย	O
_	O
(	O
อัน	O
นี้	O
ไม่	O
แน่ใจ	O
นะ	O
)	O
_	O
#BNK48	O
_	O
#ชอบ	O
ความโพสท่า	NORM_1WORD
ค่ะ	O
!!!	O

มี	O
คน	O
บอก	O
ว่า	O
ตาม	O
ไอดอล	O
ไร้	O
สาระ	O
_	O
นี่	O
เป็น	O
คน	O
ที่	O
อยาก	O
ฆ่า	O
ตัว	O
ตาย	O
มา	O
ตลอด	O
_	O
แต่	O
มี	O
ความฝัน	O
ว่า	O
อยาก	O
เห็น	O
ไอดอล	O
ที่	O
ตัวเอง	O
ชื่นชอบ	O
ได้	O
ดี	O
_	O
เลย	O
อยาก	O
อยู่	O
ผลักดัน	O
เขา	O
มา	O
ตลอด	O
_	O
จน	O
ทุก	O
วันนี้	O
มา	O
ตาม	O
BNK	O
48	O
_	O
ยิ่ง	O
อยาก	O
เห็น	O
ความสำเร็จ	O
ของ	O
สาวๆ	O
_	O
โดย	O
เฉพาะ	O
พี่	O
ตาหวาน	O
กับ	O
พี่	O
น้ำหนึ่ง	O
_	O
เพราะ	O
ฉะนั้น	O
มัน	O
ไม่	O
ไร้	O
สาระ	O
นะ	O
_	O
มัน	O
สามารถ	O
ต่อ	O
ชีวิต	O
คน	O
คน	O
นึง	NORM_1WORD
ได้	O
จริงๆ	O

รู้สึก	O
ได้	O
ว่า	O
เรื่อง	O
นี้	O
เหมือน	O
ได้	O
มอง	O
bnk48	O
_	O
อีก	O
มุม	O
_	O
คือ	O
มุม	O
ทำงาน	O
_	O
มุมมอง	O
ของ	O
ตลาด	O
ธุรกิจ	O
_	O
บวก	O
กับ	O
ความอัดอั้น	O
ของ	O
น้องๆ	NORM_2WORD
_	O
และ	O
คำตอบ	O
ที่	O
ไม่	O
เคย	O
ตอบ	O
ที่	O
ไหน	O
_	O
ส่วนตัว	O
_	O
ฉาก	O
เฌอปราง	O
_	O
ทุก	O
ฉาก	O
_	O
ล้วน	O
แน่	O
หนัก	O
อึ้ง	O
_	O
และ	O
เรา	O
เขื่อ	NORM_1WORD
ว่า	O
น้อง	O
ทำ	O
เต็ม	O
ที่	O
พยายาม	O
มาก	O
จริงๆ	NORM_2WORD
_	O
ส่วน	O
เหล่า	O
นัอง	NORM_1WORD
อันเดอร์	O
_	O
เรา	O
อยาก	O
กอด	O
ปลอบ	O
มาก	O
_	O
มาก	O
ที่สุด	O
_	O
#GirlDontCry	O

นี่	O
รู้	O
แหละ	O
ว่า	O
โทรศัพท์	O
ตัวเอง	O
กัน	O
น้ำ	O
ตาม	O
มาตรฐาน	O
_	O
IP68	O
_	O
แต่	O
ก็	O
คือ	O
โคตร	O
ระวัง	O
ไม่	O
ให้	O
โดน	O
น้ำ	O
อะ	O
_	O
ไม่	O
มั่นใจ	O
ใน	O
อะไร	O
ทั้งนั้น	O
_	O
ของ	O
แบบ	O
นี้	O
มัน	O
ไม่	O
ถูก	O
กับ	O
น้ำ	O
อยู่แล้ว	O
_	O
ใช้	O
มา	O
ตั้ง	O
หลาย	O
เดือน	O
_	O
บวก	O
กับ	O
ความร้อน	O
ประเทศ	O
ไทย	O
_	O
ซีล	O
กัน	O
น้ำ	O
ใน	O
เครื่อง	O
จะ	O
อยู่	O
ดี	O
หรือ	O
เปล่า	O
ก็	O
ไม่	O
รู้	O
_	O
อีก	O
อย่าง	O
คือ	O
เรื่อง	O
ไอน้ำ	O
อีก	O
_	O
กัน	O
น้ำ	O
จริง	O
_	O
แต่	O
ไอน้ำ	O
ไม่	O
กัน	O
งี้	O

รีวิว	O
แล้วกัน	O
_	O
8	O
.	O
5	O
/	O
10	O
_	O
โหมด	O
นี้	O
ไม่	O
ค่อย	O
วุ่นวาย	O
เท่าไหร่	NORM_1WORD
สำหรับ	O
ใจ๋	O
อะ	O
นะ	O
_	O
เพลิน	O
ดี	O
_	O
เก็บ	O
เหรียญ	O
อัพ	NORM_1WORD
สกิล	NORM_1WORD
_	O
แต่	O
เหมือน	O
โหมด	O
นี้	O
มัน	O
ยัง	O
ไม่	O
สมบูรณ์	O
เท่าไหร่	NORM_1WORD
_	O
ซื้อ	O
ของ	O
ได้	O
แปด	O
ชิ้น	O
_	O
รึ	NORM_1WORD
ป่ะ	NORM_1WORD
_	O
ลืม	O
แล้ว	O
_	O
แล้ว	O
ก็	O
บัฟ	NORM_1WORD
สกิล	NORM_1WORD
_	O
เช่น	O
ลิเลียน่า	O
สกิล	NORM_1WORD
แรก	O
ระเบิด	O
ได้	O
สอง	O
ครั้ง	O
_	O
ตอน	O
แปลงร่าง	O
แล้ว	O
_	O
สกิล	NORM_1WORD
แดช	O
ที่	O
ต้อง	O
แดช	O
โดน	O
ตัว	O
ศัตรู	O
ถึง	O
จะ	O
ปล่อย	O
บอล	O
_	O
อัพ	NORM_1WORD
เป็น	O

ถ้า	O
_	O
#ประเทศไทย	O
_	O
คือ	O
สุเทพ	O
_	O
ส.ส.	O
เก่า	O
_	O
#ปชป.	O
ทำเรื่องอื้อฉาวมากมาย	O
_	O
ส.ป.ก	NORM_1WORD
_	O
โรงพัก	O
_	O
ปาล์ม	O
_	O
ฯลฯ	O
แล้ว	O
ออก	O
มา	O
เป็น	O
_	O
#กปปส	O
_	O
หยุด	O
การ	O
_	O
#เลือกตั้ง	O
_	O
แบบ	O
นักเลง	O
คุม	O
ซอย	O
!	O
แถม	O
_	O
กวัก	O
มือ	O
เรียก	O
ทหาร	O
เข้า	O
มา	O
_	O
โดย	O
อ้างถึง	O
_	O
#ปฎิรูป	O
_	O
แล้ว	O
ไป	O
แอบ	O
ผ้าเหลือง	O
บอก	O
ยุติ	O
บทบาท	O
_	O
#การเมือง	O
_	O
เรา	O
สูญ	O
_	O
#สิทธิเสรีภาพ	O
_	O
เพราะ	O
_	O
#กำนัน	O
_	O
ผู้	O
นี้	O
_	O
วันนี้	O
!	O
พลิกลิ้น	O

อยาก	O
เล่น	O
ด้วย	O
_	O
#เรื่องมันช่างน่าอาย	O
_	O
มี	O
ช่วง	O
นึง	NORM_1WORD
พูด	O
ผิด	O
บ่อย	O
มาก	O
_	O
ผิด	O
ที่	O
ว่า	O
คือ	O
ชอบ	O
แปลง	O
ทุก	O
อย่าง	O
เป็น	O
ของกิน	O
_	O
มี	O
ที	O
นึง	NORM_1WORD
ไป	O
เที่ยว	O
สวน	O
สนุก	O
_	O
จะ	O
ชวน	O
เพื่อน	O
นั่ง	O
เรือ	O
_	O
กอนโดลา	O
_	O
ดัน	O
พูด	O
ว่า	O
_	O
ไป	O
นั่ง	O
กาโนล่า	O
กัน	O
_	O
อีก	O
ที	O
นึง	NORM_1WORD
_	O
คุย	O
กับ	O
เพื่อน	O
เรื่อง	O
ชมรม	O
_	O
จะ	O
พูด	O
ว่า	O
เคย	O
ตี	O
ระนาด	O
_	O
แต่	O
ดัน	O
พูด	O
ว่า	O
_	O
เคย	O
ตี	O
ราดหน้า	O
_	O
เพื่อน	O
หัวเราะ	O
ก๊าก	O
_	O
ล้อ	O
ยาว	O
ไป	O
ดิ	O

ไป	O
เจอ	O
บันทึก	O
เก่าๆ	O
ใน	O
ทรศ.	NORM_1WORD
_	O
อิ	NORM_1WORD
เหี้ยยย	NORM_1WORD
_	O
ชีวิต	O
กู	O
ยิ่ง	O
กว่า	O
นิยาย	O
_	O
โคตร	O
อิน	O
_	O
โคตร	O
น้ำเน่า	O
สัด	NORM_1WORD
55555	O
_	O
ไม่	O
น่าเชื่อ	O
ว่า	O
กู	O
จะ	O
ติด	O
อยู่	O
ใน	O
เฟรนด์โซน	O
ขนาด	O
นั้น	O
_	O
เชรดดดด	NORM_1WORD
_	O
เหมือน	O
ใน	O
หนัง	O
เลย	O
ว่ะ	O
_	O
แต่	O
ที่	O
กู	O
ไม่	O
อิน	O
หนัง	O
คือ	O
มัน	O
คง	O
ห่าง	O
ความรู้สึก	O
นั้น	O
มา	O
นาน	O
แล้ว	O
_	O
และ	O
ใน	O
หนัง	O
จบ	O
แบ	NORM_1WORD
แฮปปี้เอนด์	NORM_1WORD
_	O
ส่วน	O
ชีวิตจริง	O
ก็	O
ตาม	O
นั้น	O
_	O
..	O
ลืม	O
ได้	O
จริงๆ	NORM_2WORD
แล้ว	O
สิ	O
นะ	O

ฝั่ง	O
น้อน	NORM_1WORD
เอิ้น	O
พอ	O
แฟน	O
เก่า	O
ทัก	O
มา	O
หา	O
เรื่อง	O
หมา	O
ป่วย	O
_	O
คือ	O
น้อน	NORM_1WORD
กะ	NORM_1WORD
เฮิร์ต	O
อะ	O
_	O
แม่ง	O
เอ้ยย	NORM_1WORD
_	O
หมา	O
ป่วย	O
ก้	NORM_1WORD
พา	O
ปัย	NORM_1WORD
หา	O
หมอ	O
มะ	NORM_1WORD
จะ	O
ทัก	O
กุ	NORM_1WORD
มา	O
มัย	NORM_1WORD
_	O
กุ	NORM_1WORD
รักษา	O
ดั้ย	NORM_1WORD
มาก	O
มั้ง	O
_	O
เหงา	O
ว่ะ	O
ปัย	NORM_1WORD
เกาะ	O
เพิ่ล	NORM_1WORD
จะรวย	O
ดี	O
กว่า	O
_	O
เพิ่ล	NORM_1WORD
จะรวย	O
ก้	NORM_1WORD
จะ	O
ปัย	NORM_1WORD
กับ	O
แฟน	O
_	O
จะ	O
พบ	O
ทิ	NORM_1WORD
ด่าๆ	NORM_2WORD
น้อน	NORM_1WORD
เรื่อง	O
คุย	O
ปัย	NORM_1WORD
ทั่ว	O
ก้	NORM_1WORD
อาสา	O
พา	O
น้อน	NORM_1WORD
ออก	O
ปัย	NORM_1WORD
กิน	O
มุทะ	NORM_1WORD
แก้	O
เหงา	O
_	O
เนี่ย	O
มุง	NORM_1WORD
กุ	NORM_1WORD
นัด	O
สตางค์	O
วั้ย	NORM_1WORD
_	O
มา	O
เร้ววววววววว	NORM_1WORD

นุช	O
รู้	O
ป่ะ	NORM_1WORD
_	O
เพื่อน	O
เรา	O
บอก	O
ว่า	O
_	O
แท๊ก	NORM_1WORD
ที่	O
สร้าง	O
มา	O
ใน	O
Tw	O
จะ	O
สร้าง	O
กี่	O
แท๊ก	NORM_1WORD
_	O
กี่	O
เรื่องราว	O
ก็	O
ได้	O
_	O
แต่	O
แท๊ก	NORM_1WORD
ที่	O
จะ	O
อยู่	O
คงกระพัน	O
อ่ะ	NORM_1WORD
หา	O
ได้	O
ยาก	O
มาก	O
_	O
แต่	O
แท๊ก	NORM_1WORD
_	O
#เป๊กผลิตโชค	O
_	O
เป็น	O
แท๊ก	NORM_1WORD
ภาษา	O
ไทย	O
ที่	O
ยัง	O
วิ่ง	O
อยู่	O
ใน	O
เทรน	NORM_1WORD
Tw	O
_	O
รู้	O
มั้ย	NORM_1WORD
แก	O
มัน	O
สื่อ	O
ถึง	O
ค.มั่นคง	NORM_1WORD
ของ	O
ฟค.	NORM_1WORD
ที่	O
มี	O
ต่อ	O
ศลป.	NORM_1WORD
ได้	O
ชัดเจน	O
_	O
นุช	O
คือ	O
ฟค.	NORM_1WORD
ที่	O
ใช้	O
ตัวอักษร	O
คุ้ม	O
มาก	O
ใน	O
Tw	O
ดูแล	O
ศลป	NORM_1WORD
_	O
ใน	O
ทาง	O
ดีๆ	NORM_2WORD

อัน	O
นี้	O
มี	O
_	O
spoil	O
_	O
นะ	O
_	O
หลัง	O
ดู	O
_	O
dragon	O
_	O
ball	O
_	O
super	O
_	O
broly	O
_	O
จบ	O
บอก	O
เลย	O
สุด	O
จัด	O
ปลัด	O
บอก	O
ลืม	O
_	O
broly	O
_	O
ภาค	O
เก่าๆ	O
ที่	O
กากๆ	O
ไป	O
เลย	O
เพราะ	O
รอบ	O
นี้	O
มา	O
โหด	O
จริง	O
_	O
ร่าง	O
ธรรมดา	O
แบบ	O
ยัง	O
ไม่	O
เป็น	O
_	O
ss	O
_	O
ก็	O
ซัด	O
กะ	NORM_1WORD
_	O
ssg	O
_	O
จน	O
ปาง	O
ตาย	O
ละ	O
_	O
freiza	O
_	O
เป็น	O
กระสอบทราย	O
กะ	NORM_1WORD
ตัว	O
_	O
joke	O
_	O
อะ	O
ภาค	O
นี้	O
_	O
ส่วน	O
นางเอก	O
ก็	O
เป็น	O
คน	O
ใน	O
กองทัพ	O
_	O
ภาค	O
นี้	O
บทพูด	O
ดู	O
เอา	O
ฮา	O
มาก	O
กว่า	O
ที่	O
เหลือ	O
ก็	O
_	O
ย้ากก	NORM_1WORD

เพิ่ง	O
ดู	O
_	O
youtube	O
_	O
ช่อง	O
วิทยาศาสตร์	O
ที่	O
บอก	O
ว่า	O
ใน	O
ปี	O
_	O
2100	O
_	O
เป็นต้นไป	O
โลก	O
จะ	O
เจอ	O
กับ	O
ภัยพิบัติ	O
นานา	O
ชนิด	O
ถ้า	O
ยัง	O
ไม่	O
สามารถ	O
แก้ไข	O
ภาวะ	O
โลกร้อน	O
ได้	O
_	O
นี่	O
ไป	O
อ่าน	O
ความคิดเห็น	O
หลาย	O
คน	O
บอก	O
คง	O
ตาย	O
ไป	O
แล้ว	O
จะ	O
แคร์	O
อะไร	O
_	O
คือ	O
แบบ	O
..	O
มึงงง	NORM_1WORD
_	O
แล้ว	O
ลูกหลาน	O
พวก	O
แก	O
จะ	O
อยู่	O
ยังไง	O
อ่ะ	NORM_1WORD
_	O
ถ้า	O
บรรพบุรุษ	O
ของ	O
พวก	O
เรา	O
คิด	O
แบบ	O
นี้	O
แต่แรก	O
พวก	O
เรา	O
คง	O
ไม่	O
มี	O
แผ่นดิน	O
จะ	O
อยู่	O

รีวิว	O
โรงหนัง	O
ใหม่	O
_	O
ณ	O
_	O
ICONSIAM	O
_	O
โรง	O
_	O
IMAX	O
_	O
ที่	O
นี่	O
แม้	O
จอ	O
ไม่	O
ใหญ่	O
สะใจ	O
เท่า	O
_	O
Paragon	O
_	O
แต่	O
เก้าอี้	O
ดี	O
กว่า	O
มากกกก	NORM_1WORD
_	O
ไม่	O
มี	O
หัว	O
คน	O
หน้า	O
บัง	O
_	O
กว้าง	O
สบาย	O
พอ	O
ไม่	O
ให้	O
เข่า	O
ไป	O
สะกิด	O
เบาะ	O
ใคร	O
_	O
ภาพ	O
ใส	O
_	O
ระบบ	O
เสียง	O
กระหึ่ม	O
_	O
ช่วง	O
นี้	O
โปร	NORM_1WORD
ตั๋ว	O
ถูก	O
ถือ	O
ว่า	O
คุ้ม	O
มาก	O
_	O
ชาวฝั่งธน	O
ดีใจ	O
ไม่	O
ต้อง	O
ข้าม	O
ไป	O
ไกล	O
แล้ว	O
_	O
#ICONSIAM	O
_	O
#ICONCINECONIC	O
_	O
#IMAX	O
_	O
#movietwit	O

น้ำ	O
มี	O
เรื่อง	O
จะ	O
บอก	O
พี่	O
โชน	O
_	O
คือ	O
น้ำ	O
ชอบ	O
พี่	O
โชน	O
มาก	O
ชอบ	O
มา	O
_	O
3	O
_	O
ปี	O
แล้ว	O
น้ำ	O
ทำ	O
ทุก	O
อย่าง	O
_	O
เปลี่ยนแปลง	O
ตัวเอง	O
ทุก	O
อย่าง	O
ก็	O
เพื่อ	O
พี่	O
_	O
เล่น	O
ละครเวที	O
_	O
ไป	O
เป็น	O
ดรัมเมเยอร์	O
_	O
เรียน	O
หนังสือ	O
ให้	O
เก่ง	O
ก็	O
เพื่อ	O
พี่	O
_	O
แต่	O
ตอน	O
นี้	O
น้ำ	O
รู้	O
แล้ว	O
ว่า	O
_	O
สิ่ง	O
ที่	O
น้ำ	O
ควร	O
จะ	O
ทำ	O
มาก	O
ที่	O
สุด	O
และ	O
น่าจะ	O
ทำ	O
มา	O
ตั้ง	O
นาน	O
แล้ว	O
_	O
คือ	O
บอก	O
กับ	O
พี่	O
โชน	O
ตรงๆ	O
ว่า	O
_	O
เหงา	O
มาก	O
ไป	O
นอน	O
นะ	O
ต้ะ	NORM_1WORD

แม่	O
อินเตอร์	O
ส่วน	O
ใหญ่	O
ชิป	O
ใน	O
ไอจี	O
ค่ะ	O
_	O
ใน	O
ทวิต	O
คือ	O
น้อย	O
มาก	O
_	O
เอา	O
สั้นๆ	O
ปัญหา	O
เรา	O
คือ	O
_	O
คน	O
ไทย	O
ยึด	O
แท็ก	O
หลัก	O
ไป	O
แล้ว	O
_	O
ตอน	O
นี้	O
เหมือน	O
จะ	O
ชิป	O
เป็น	O
หลัก	O
ประจำ	O
ใน	O
แท็ก	O
นี้	O
แล้ว	O
_	O
ทวิต	NORM_1WORD
เป็น	O
platform	O
เปิด	O
มากกก	NORM_1WORD
_	O
คน	O
เข้า	O
มา	O
ดู	O
เขา	O
เห็น	O
คน	O
ไทย	O
ชิป	O
เยอะ	O
_	O
ลิซ	O
ซวย	O
_	O
จบ	O
_	O
ชิป	O
อิ๊ง	O
มัน	O
แยก	O
ไม่	O
ได้	O
จาก	O
ประเทศ	O
ไหน	O
_	O
แต่	O
ภาษา	O
ไทย	O
คือ	O
ชัด	O
_	O
และ	O
เขา	O
เหมา	O
ว่า	O
เป็น	O
แฟนคลับ	O
ลิซ	O
ชง	O

วันนี้	O
ไป	O
สอน	O
ภาษา	O
ไทย	O
ให้	O
นักเรียน	O
ชาวต่างชาติ	O
_	O
นักเรียน	O
บอก	O
ว่า	O
เขา	O
ได้	O
คุย	O
กับ	O
คนขับรถแท็กซี่	O
คน	O
หนึ่ง	O
_	O
คข.	NORM_1WORD
บอก	O
ว่า	O
เขา	O
ชอบ	O
รัฐบาล	O
ทหาร	O
_	O
เพราะ	O
ประเทศ	O
สงบดี	O
_	O
เขา	O
ไม่	O
ชอบ	O
ความวุ่นวาย	O
_	O
คือ	O
ถ้า	O
คน	O
ส่วน	O
ใหญ่	O
คิด	O
ได้	O
แค่	O
นี้	O
_	O
ประเทศ	O
เรา	O
คง	O
เดิน	O
ต่อ	O
ยาก	O
นะ	O
_	O
เรา	O
ยอม	O
ให้	O
คน	O
กลุ่ม	O
นึง	NORM_1WORD
หา	O
ประโยชน์	O
จาก	O
ประเทศ	O
_	O
โดยที่	O
เรา	O
ไม่	O
สนใจ	O
องค์ประกอบ	O
อย่าง	O
อื่น	O

HNY	O
_	O
2019	O
_	O
ครับ	O
เพื่อนๆ	O
ชาวฝูง	O
ทุก	O
ท่าน	O
_	O
ขอให้	O
ปี	O
นี้	O
เป็น	O
ปี	O
ที่	O
ดี	O
นะ	O
ครับ	O
_	O
คิด	O
อะไร	O
ก็	O
ขอให้	O
ได้	O
สิ่ง	O
นั้น	O
_	O
และ	O
ยิ่ง	O
ร่วม	O
กัน	O
โดเนท	NORM_1WORD
ให้	O
บอส	O
แล้ว	O
_	O
จะ	O
ได้	O
สิ่ง	O
ดีดี	NORM_1WORD
กลับ	O
มา	O
แน่นอน	O
_	O
ส่วน	O
ภารกิจ	O
ของ	O
พวก	O
เรา	O
ใน	O
ปี	O
นี้	O
ก็	O
ดู	O
จะ	O
ชาเลนจ์	O
กว่า	O
เดิม	O
นะ	O
ครับ	O
_	O
เพราะ	O
ใคร	O
จะ	O
อยู่	O
แถว	O
ไหน	O
ไม่	O
รู้	O
แต่	O
_	O
ปูเป้	O
ต้อง	O
อยู่	O
แถว	O
หน้า	O
_	O
ขอบคุณ	O
ครับ	O
_	O
#PupeBNK48	O
_	O
#BNK48	O

วันนี้	O
ได้	O
นายกฯ	O
_	O
ยินดี	O
ด้วย	O
กับ	O
ประเทศ	O
ไทย	O
_	O
!!	O
_	O
แล้ว	O
พวก	O
เรา	O
ละ	O
ต้อง	O
ทำ	O
มา	O
หา	O
กิน	O
เหมือน	O
เดิม	O
นะ	O
จ๊ะ	O
_	O
จะ	O
จน	O
จะ	O
รวย	O
อยู่	O
ที่	O
ตัว	O
ตัว	O
พวก	O
เรา	O
_	O
ถ้า	O
งอ	O
มือ	O
งอ	O
เท้า	O
_	O
ไม่	O
รู้จัก	O
ประหยัด	O
_	O
ให้	O
ตาย	O
ก็	O
มี	O
วัน	O
ไม่	O
รวย	O
_	O
#ที่ผ่านก็บ่นกันแบบนี้	O
_	O
วันๆ	O
_	O
มัว	O
แต่	O
นั้ง	NORM_1WORD
ส่อง	O
เฟส	NORM_1WORD
_	O
ทวิส	NORM_1WORD
_	O
กับ	O
พวก	O
โซเชี่ยล	NORM_1WORD
_	O
คอมเมนท์	NORM_1WORD
ตอบโต้	O
_	O
งานการ	O
ไม่	O
ทำ	O
_	O
คง	O
จะ	O
มี	O
เงิน	O
มี	O
ทอง	O
ใช้	O
หรอก	O
นะ	O

รีวิว	O
ดอย	O
ธันเดอร์โดม	O
+	O
มบ.	NORM_1WORD
คอน	NORM_1WORD
iKON	O
_	O
บัตร	O
4500	O
_	O
โซน	O
_	O
D	O
_	O
แถว	O
F	O
นะ	O
_	O
อยู่	O
เกือบๆ	NORM_2WORD
กลาง	O
ฮอล	NORM_1WORD
_	O
เก็บ	O
ไว้	O
เป็น	O
เมมโม	NORM_1WORD
ให้	O
ตัวเอง	O
ด้วย	O
_	O
#PzftCONCERT	O
_	O
-	O
เอา	O
มบ.	NORM_1WORD
ก่อน	O
เรียง	O
ตาม	O
เมน	O
กับ	O
ที่	O
นึก	O
ออก	O
เหมือน	O
เดิม	O
_	O
1	O
.	O
ยุนฮยอง	O
_	O
ยิ้ม	O
น่ารัก	O
มากๆๆ	NORM_2WORD
_	O
เป็น	O
คน	O
ที่	O
ยิ้ม	O
โลก	O
สดใส	O
สุดๆ	NORM_2WORD
_	O
แล้ว	O
คือ	O
ยิ้ม	O
เกือบ	O
ทั้ง	O
คอน	NORM_1WORD
_	O
เซอร์วิส	O
ดี	O
มากก	NORM_1WORD
_	O
ชิด	O
ขอบ	O
เวที	O
จน	O
จะ	O
ตก	O
หลุม	O
อยู่	O
แล้ว	O

เรา	O
เป็น	O
โอตะ	O
BNK	O
48	O
_	O
นะ	O
ใน	O
มุม	O
ของ	O
เรา	O
_	O
อฟช	O
_	O
พยายาม	O
กัน	O
มัยร่า	O
ออก	O
จาก	O
พื้นที่	O
สื่อ	O
นะ	O
_	O
มัยร่า	O
เป็น	O
คน	O
เดียว	O
ใน	O
เมมเบอร์	O
_	O
51	O
_	O
คน	O
ที่	O
ไม่	O
เคย	O
ติด	O
เซมบัตสึ	O
_	O
เลย	O
_	O
ทั้ง	O
เพลง	O
หลัก	O
และ	O
รอง	O
_	O
ใน	O
ความคิด	O
ของ	O
เรา	O
การที่	O
เมมเบอร์	O
คน	O
นั้นๆ	O
_	O
ติด	O
เพลง	O
ใด	O
ก็	O
ตาม	O
_	O
ก็	O
จะ	O
ไป	O
โปรโมท	O
เพลง	O
ตาม	O
รายการ	O
ข่าว	O
_	O
วาไรตี้	O
ต่างๆ	NORM_2WORD
_	O
ก็	O
อาจ	O
เสี่ยง	O
ต่อ	O
การโดน	O
ถาม	O
_	O
#BNK48	O
โป๊ะแตก	O

อันดับ	O
_	O
Hashtags	O
_	O
BNK48	O
_	O
รุ่น	O
_	O
1	O
_	O
วัน	O
ที่	O
_	O
5	O
_	O
มิ.ย.	O
_	O
62	O
_	O
0600	NORM_1WORD
_	O
1	O
_	O
#MusicBNK48	O
_	O
2413	O
_	O
2	O
_	O
#CherprangBNK48	O
_	O
2318	O
_	O
3	O
_	O
#JennisBNK48	O
_	O
1040	O
_	O
4	O
_	O
#PunBNK48	O
_	O
848	O
_	O
5	O
_	O
#MobileBNK48	O
_	O
800	O
_	O
6	O
_	O
#KaewBNK48	O
_	O
741	O
_	O
7	O
_	O
#NamneungBNK48	O
_	O
721	O
_	O
8	O
_	O
#PupeBNK48	O
_	O
621	O
_	O
9	O
_	O
#NoeyBNK48	O
_	O
490	O
_	O
10	O
_	O
#OrnBNK48	O
_	O
432	O
_	O
11	O
_	O
#TarwaanBNK48	O
_	O
419	O
_	O
12	O
_	O
#JaneBNK48	O
_	O
212	O

เป็น	O
ต้น	O
ปี	O
และ	O
เทอม	O
ใหม่	O
ที่	O
....	O
หนักหน่วง	O
มาก	O
..	O
สอง	O
วิชา	O
ที่	O
เจอ	O
มา	O
คือ	O
แทบ	O
กรี๊ด	O
_	O
งานๆๆ	NORM_1WORD
_	O
ก็	O
ตั้งใจ	O
ว่า	O
จะ	O
ตั้งใจ	O
เรียน	O
อย่าง	O
เดียว	O
...	O
นิยาย	O
ที่	O
อ่าน	O
ก็	O
ทยอย	O
จบ	O
แล้ว	O
_	O
สอง	O
สาม	O
เดือน	O
ออก	O
ที	O
อ่าน	O
ทัน	O
อยู่	O
_	O
แต่	O
เป็น	O
บ้า	O
ไง	O
เวลา	O
นิยาย	O
ที่	O
อ่าน	O
เริ่ม	O
จบ	O
หมด	O
ชอบ	O
หา	O
ใหม่	O
อ่าน	O
_	O
ละ	O
ดัน	O
เจอ	O
_	O
รัชศก	O
...	O
อืม	O
7	O
เล่ม	O
_	O
ยัฃ	NORM_1WORD
ไม่	O
หมด	O
อีเว้น	NORM_1WORD
เกม	O
โคตร	O
น่าเล่น	O
อีก	O
...	O

เรา	O
เป็น	O
เด็ก	O
ดี	O
_	O
เด็ก	O
เรียน	O
_	O
เด็ก	O
เรียบร้อย	O
_	O
และ	O
ไม่	O
เคย	O
ทำ	O
ผิด	O
กฎระเบียบ	O
ของ	O
โรงเรียน	O
เลย	O
ค่ะ	O
_	O
เรา	O
ชอบ	O
ชุดนักเรียน	O
สมัย	O
เรียน	O
อนุบาล	O
ถึง	O
ม.	O
3	O
_	O
มาก	O
กว่า	O
ค่ะ	O
_	O
ไม่	O
ชอบ	O
ชุด	O
ของ	O
ม.	O
ปลาย	O
_	O
ตอน	O
นี้	O
ประเทศ	O
ไทย	O
อยู่	O
ใน	O
ยุค	O
ไทยแลนด์	O
4.0	O
_	O
แล้ว	O
นะ	O
คะ	O
_	O
ไม่	O
ใช่	O
ประเทศ	O
ไทย	O
ใน	O
ยุคจอมพล	O
ป.	O
พิบูลสงคราม	O
_	O
บางที	O
ก็	O
ควร	O
จะ	O
ให้	O
พวก	O
เด็กๆ	NORM_2WORD
ใส่	O
_	O
#ชุดไปรเวท	O
_	O
มา	O
เรียน	O

งงใจ	O
มาก	O
_	O
พูด	O
แบบ	O
นี้	O
ปกติ	O
ใน	O
คลิป	O
_	O
ไม่	O
แปลก	O
หรอก	O
ที่	O
จะ	O
สร้าง	O
คาแลคเตอร์	NORM_1WORD
ให้	O
ตัวเอง	O
_	O
แต่	O
การพูด	O
แบบ	O
นี้	O
ใน	O
คลิป	O
แล้ว	O
จำเป็น	O
ต้อง	O
พูด	O
แบบ	O
นี้	O
กับ	O
แฟนคลับ	O
มั้ย	NORM_1WORD
อ่ะ	O
_	O
55	O
_	O
ตลก	O
คน	O
เข้าข้าง	O
บอก	O
ว่า	O
พี่	O
เค้า	NORM_1WORD
พูด	O
ปกติ	O
นะ	O
_	O
แฟนคลับ	O
ยังไง	O
ไม่	O
รู้	O
ว่า	O
รีวิว	O
อะไร	O
ไป	O
บ้าง	O
_	O
อ้าว	O
_	O
บางที	O
กู	O
พึ่ง	NORM_1WORD
ติดตาม	O
ไง	O
_	O
จะ	O
ให้	O
กู	O
ไป	O
นั่ง	O
ดู	O
รีวิว	O
ทุก	O
คลิป	O
เลย	O
หรอ	O
_	O
ไม่	O
ว่าง	O
ว้อย	O

พอ	O
เพื่อน	O
คน	O
นั้น	O
รู้	O
_	O
เหรียญ	O
ที่	O
มัน	O
กำ	O
อยู่	O
ใน	O
มือ	O
ก็	O
ร่วง	O
_	O
เคร้งง	NORM_1WORD
_	O
มือ	O
สั่น	O
_	O
แล้ว	O
ยัง	O
ไป	O
ด่า	O
เพื่อน	O
ที่	O
ชี้ๆ	O
บอก	O
ว่า	O
ทำไม	O
ไม่	O
บอก	O
กรู	NORM_1WORD
_	O
เพื่อน	O
ที่	O
ชี้	O
ก็	O
บอก	O
ว่า	O
กรู	NORM_1WORD
พยายาม	O
แล้ว	O
_	O
ตอน	O
นั้น	O
เรา	O
รอด	O
เพราะ	O
ความโง่	O
ภาษา	O
ไทย	O
แต่	O
โดน	O
ตี	O
สอง	O
ที	O
เพราะ	O
ไม่	O
ห้าม	O
เพื่อน	O
_	O
ขอบคุณ	O
ความโง่	O
ภาษา	O
ไทย	O
55555	O
แต่	O
เล่น	O
กัน	O
สนุกๆ	O
บาท	O
สอง	O
บาท	O
นะ	O
ปั่น	O
แปะ	O
_	O
#นี่เพื่อนเอง	O

รับ	O
scb	O
,	O
kbank	O
_	O
ค่า	O
ส่ง	O
ลทบ	NORM_1WORD
40	O
/	O
ems	O
60	O
_	O
นัดรับ	O
Fashion	O
Island	O
_	O
ทัก	O
เดม	O
ได้	O
เลย	O
ค่ะ	O
_	O
มี	O
รีวิว	O
ให้	O
ดู	O
ค่ะ	O
_	O
#namneungbnk48	O
_	O
#Noeybnk48	O
_	O
#Kaimookbnk48	O
_	O
#TawaanBNK48	O
_	O
#KornBNK48	O
_	O
#NinkBNK48	O
_	O
#MobileBNK48	O
_	O
#JaneBNK48	O
_	O
#JaaBNK48	O
_	O
#MindBNK48	O
_	O
#KateBNK48	O
_	O
#IzurinaBNK48	O
_	O
#MusicBNK48	O
_	O
#ตลาดนัดBNK48	O
_	O
#	O
ตลาดนัท	NORM_1WORD
bnk	O
_	O
#BNK48Market	O

ทำ	O
รับน้อง	O
ทั้งๆที่	O
รู้	O
ว่า	O
มอ	O
ตัวเอง	O
มี	O
โซตัส	O
_	O
รู้	O
ทุก	O
อย่าง	O
แต่	O
ต้อง	O
ปั้น	O
หน้า	O
บอก	O
ว่า	O
สร้างสรรค์	O
_	O
คือ	O
อยาก	O
ทำ	O
เพราะ	O
เพื่อน	O
ฝั่ง	O
ไม่	O
เอา	O
โซตัส	O
มัน	O
ทำ	O
งาน	O
ด้วย	O
แล้ว	O
สนุก	O
มาก	O
จริงๆ	NORM_2WORD
ส่วน	O
อี	O
พวก	O
อยาก	O
จะ	O
ว้าก	O
ก็	O
ไม่	O
อยาก	O
เกี่ยวข้อง	O
หรอก	O
_	O
แต่	O
ต้อง	O
ทำ	O
งาน	O
ร่วม	O
กัน	O
อีก	O
_	O
อ้าง	O
ประเพณี	O
จ้า	NORM_1WORD
_	O
กุ	NORM_1WORD
แทบ	O
จะ	O
จิก	O
ตีน	O
_	O
รังเกียจ	O
_	O
ไม่	O
รู้	O
จะ	O
เหยียบ	O
เสนียด	O
ตัว	O
ไหน	O
บ้าง	O

รีวิว	O
ไหว้เจ้า	O
ตรุษจีน	O
_	O
ควัน	O
ธูป	O
นี่	O
ทำ	O
เรา	O
น้ำตา	O
ไหล	O
เลย	O
_	O
โดยเฉพาะ	O
ที่	O
ศาล	O
เจ้าพ่อ	O
เสือ	O
_	O
มัน	O
เล็ก	O
_	O
เบียด	O
กัน	O
สุดๆ	O
_	O
แต่	O
บ้าน	O
เรา	O
ไม่	O
จุด	O
นะ	O
_	O
วัด	O
เล่งเน่ยยี่	O
ไป	O
ไหว้	O
แก้	O
ชง	O
_	O
ความคูล	O
คือ	O
ไป	O
เสี่ยง	O
เซียมซี	O
แล้ว	O
ใบ	O
หมด	O
_	O
เค้า	NORM_1WORD
มี	O
qr	O
_	O
code	O
_	O
โหลด	NORM_1WORD
ออนไลน์	O
ได้	O
ด้วย	O
_	O
ทันสมัย	O
มาก	O
นานๆ	O
ไป	O
กับ	O
ที่	O
บ้าน	O
ที	O
นึง	NORM_1WORD
ก็	O
ได้	O
เห็น	O
อะไร	O
ที่	O
ไม่	O
ได้	O
เห็น	O
นาน	O
แล้ว	O
_	O
สนุก	O
ดี	O

รับ	O
บัตร	O
จับ	O
มือ	O
ซิง	NORM_1WORD
_	O
4	O
_	O
310	O
_	O
บาท	O
_	O
นัด	O
รับ	O
สยาม	O
,	O
จุฬา	O
_	O
ตาม	O
แนว	O
บีทีเอส	O
_	O
หรือ	O
อื่นๆ	NORM_2WORD
dm	O
_	O
มา	O
คุย	O
ได้	O
ครับ	O
_	O
#	O
BNK	O
Festival	O
_	O
#	O
bnk48	O
2shot	O
_	O
#	O
bnk48	O
_	O
#	O
BNK48	O
maket	O
_	O
#	O
BNK48	O
Market	O
_	O
#	O
bnk4	O
8trade	O
_	O
#	O
BNK48	O
GeneralElection	O
_	O
#	O
Orn	O
BNK48	O
_	O
#	O
CherPrang	O
BNK48	O
_	O
#	O
Jennis	O
BNK48	O
_	O
#4จตุรเทพ	O
BNK48	O
_	O
#	O
BNK48	O
5thSingle	O
_	O
#ตลาดนัด	O
bnk48	O
_	O
#	O
Music	O
BNK48	O
_	O
#	O
pun	O
bnk48	O

เฌอ	O
เคย	O
บอก	O
ไว้	O
_	O
ตอน	O
ได้	O
รับ	O
_	O
เลือก	O
ให้	O
เป็น	O
กัปตัน	O
วง	O
_	O
#BNK48	O
_	O
เฌอ	O
จะ	O
ทำ	O
ทุก	O
อย่าง	O
เพื่อ	O
ให้	O
BNK	O
โด่ง	O
ดัง	O
ใน	O
ประเทศ	O
..	O
แต่	O
อีก	O
1	O
ปี	O
ต่อ	O
มา	O
...	O
เฌอ	O
ก็	O
มา	O
บอก	O
อีก	O
_	O
จะ	O
ทำให้	O
_	O
BNK	O
_	O
เป็น	O
ทึ่	O
รู้จัก	O
และ	O
มี	O
อยู่	O
ที่	O
ประเทศ	O
ไทย	O
...	O
ขอบคุณ	O
ที่	O
การสนับสนุน	O
ของ	O
โอตะ	O
และ	O
แฟนคลับ	O
ทุก	O
คน	O
...	O
ถ้า	O
ไม่	O
มี	O
พวก	O
เรา	O
_	O
ไม่	O
เมมเบอร์	O
_	O
ก็	O
คง	O
ไม่	O
มี	O
_	O
BNK48	O
_	O
#CherprangBNK48	O

ไม่	O
รู้	O
เหมือน	O
กัน	O
ว่า	O
เมน	O
เป็น	O
คน	O
ยังไง	O
แต่	O
ใน	O
สิ่ง	O
ที่	O
ฉัน	O
เห็น	O
ฉัน	O
สัมผัส	O
สิ่ง	O
ที่	O
คน	O
ใน	O
วงการ	O
บันเทิง	O
คน	O
ร่วม	O
งาน	O
กับ	O
แดน	O
บอก	O
ทุก	O
คน	O
ยืนยัน	O
และ	O
ชื่นชม	O
นิสัย	O
เมน	O
ฉัน	O
_	O
แล้ว	O
เธอ	O
เป็น	O
ใคร	O
วงใน	O
แค่	O
ไหน	O
รู้จัก	O
เค้า	NORM_1WORD
ดี	O
หรอ	O
_	O
ไม่	O
ว่า	O
จะ	O
อะไร	O
_	O
สติ	O
นะ	O
คิด	O
ดีๆ	NORM_2WORD
นี้	O
ชีวิต	O
จริง	O
_	O
ไม่	O
ใช่	O
จอย	O
ไม่	O
ใช่	O
นิยาย	O
หรือ	O
ละคร	O
_	O
เมน	O
ใคร	O
เค้า	NORM_1WORD
ก็	O
รัก	O
_	O
#KangDaniel	O
_	O
#	O
คังแดเนียล	O

รีล่า	O
_	O
บรรยายกาศ	NORM_1WORD
ดี	O
มากกก	NORM_1WORD
_	O
แอร์	O
เย็นนน	NORM_1WORD
_	O
ข้าง	O
ใน	O
มี	O
พิพิธภัณฑ์	O
(	O
?	O
)	O
มี	O
หลาย	O
โซน	O
_	O
ศก.	O
อดีต	O
-	O
ปจบ.	O
_	O
การผลิต	O
เหรียญ	O
_	O
เกิด	O
ธนบัตร	O
_	O
มี	O
ห้อง	O
เก็บ	O
เครื่อง	O
ผลิต	O
เหรียญ	O
อะไร	O
พวก	O
นี้	O
_	O
ที่	O
อ่าน	O
หนังสือ	O
โคตร	O
ดี	O
_	O
มี	O
โซน	O
vip	O
_	O
เงียบ	O
มากกกกกกก	NORM_1WORD
_	O
แค่	O
ย่อง	O
ยัง	O
คิดด	NORM_1WORD
ว่า	O
ดัง	O
เกิน	O
ไป	O
เลย	O
อะ	NORM_1WORD
_	O
ที่	O
นั่ง	O
อ่าน	O
หนังสือ	O
ข้าง	O
ล่าง	O
มี	O
วิว	O
แม่น้ำ	O
เจ้าพระยา	O
_	O
ติด	O
สะพาน	O
พระราม8	O

ขออนุญาต	O
ท้วง	O
นิดนึง	O
นะ	O
คะ	O
_	O
ถ้า	O
จะ	O
แปล	O
หรือ	O
ทวีต	O
อะไร	O
เกี่ยวกับ	O
ด้อม	O
เรา	O
ก็	O
ช่วย	O
เขียน	O
ชื่อ	O
ให้	O
มัน	O
ถูก	O
หน่อย	O
นะ	O
คะ	O
_	O
ด้อม	O
ชื่อ	O
EXO-L	O
ค่ะ	O
_	O
ภาษา	O
ไทย	O
เขียน	O
ว่า	O
เอ็กโซแอล	O
_	O
เรียก	O
สั้นๆ	O
ว่า	O
แอล	O
_	O
ย่อ	O
ว่า	O
อซอ.	O
_	O
พิมพ์	O
ง่าย	O
กว่า	O
แอ๋ว	O
เยอะ	O
เลย	O
นะ	O
คะ	O
_	O
เรา	O
ไม่	O
ชอบ	O
คำ	O
ว่า	O
แอ๋ว	O
เลย	O
ค่ะ	O
_	O
แก่	O
_	O
เข้าใจ	O
ว่า	O
นี่	O
เป็น	O
ทวิต	O
ของ	O
คุณ	O
นะ	O
_	O
แต่	O
ขอร้อง	O
ล่ะ	O
_	O
ไหนๆ	O
ก็	O
พูด	O
ถึง	O
เรา	O
ละ	O

ตาม	O
สเต็ป	O
นี้	O
ทุก	O
ประการ	O
_	O
แก๊ง	O
พวก	O
นี้	O
มี	O
อยู่	O
หลาย	O
คน	O
_	O
ดู	O
สเต๊ป	NORM_1WORD
เพื่อนสนิท	O
สอง	O
คน	O
นี้	O
_	O
เหมือนกัน	O
เป๊ะ	O
ทุกอย่าง	O
_	O
ไม่	O
ได้	O
เงิน	O
ก็	O
ได้	O
พื้นที่	O
สื่อ	O
ก็	O
ยัง	O
ดี	O
_	O
เผื่อ	O
มี	O
งาน	O
รีวิว	O
สินค้า	O
_	O
มี	O
งาน	O
โชว์	O
ตัว	O
ถูกๆ	NORM_2WORD
เข้า	O
มา	O
ก็	O
ยัง	O
ดี	O
_	O
เท่า	O
ที่	O
รู้	O
มี	O
คน	O
ยอม	O
ให้	O
ตัวเอง	O
ฉาว	O
เพื่อ	O
ให้	O
สื่อ	O
ตีข่าว	O
ดัง	O
_	O
ผู้ชาย	O
โดน	O
ประณาม	O
ทั้ง	O
ที่	O
โดน	O
ใส่ร้าย	O
_	O
#หมวยลี่โป๊ะแตก	O

รีวิว	O
เลย	O
ก็	O
ได้	O
_	O
รายการ	O
นี้	O
เป็น	O
การตามติด	O
ชีวิต	O
ชาวเรือ	O
ล่า	O
ปลาทูน่า	O
อัน	O
ได้แก่	O
_	O
เรือ	O
_	O
TNT	O
_	O
/	O
_	O
OP-POR-TUNA-TY	O
_	O
/	O
_	O
JUDY	O
_	O
S	O
_	O
/	O
_	O
Ashley	O
_	O
nicole	O
_	O
และ	O
_	O
INTREPID	O
_	O
เรือ	O
_	O
5	O
_	O
ลำ	O
ที่	O
เรา	O
จะ	O
ได้	O
ช่วย	O
ลุ้น	O
ว่า	O
เรือ	O
แต่	O
ละ	O
ลำ	O
จะ	O
จับ	O
ปลา	O
ได้	O
มาก	O
แค่	O
ไหน	O
_	O
ทำ	O
เงิน	O
ได้	O
มาก	O
เท่า	O
ไหร่	O
เพียงพอ	O
ที่	O
จะ	O
เลี้ยงปากเลี้ยงท้อง	O
/	O
ทำ	O
ทุน	O
หรือ	O
ไม่	O
_	O
#	O
Netflix	O
ReviewTH	O

ก่อน	O
หน้า	O
นี้	O
ชอบ	O
เต	O
นิว	O
มาก	O
จิ้น	O
มากกก	NORM_1WORD
_	O
แต่	O
พอ	O
มา	O
วันนี้	O
_	O
ตอน	O
นี้	O
_	O
บอก	O
เลย	O
ว่า	O
ชอบ	O
แค่	O
_	O
#	O
เตตะวัน	O
คนเดียว	O
_	O
นิววี่	O
หล่อน	O
นิสัย	O
เสีย	O
_	O
นี่	O
ดู	O
ออก	O
มา	O
หลาย	O
ครั้ง	O
ล่ะ	O
_	O
ดู	O
ไม่	O
ค่อย	O
แคร์	O
_	O
ฟค	NORM_1WORD
_	O
เท่า	O
ไหร่	O
_	O
เอา	O
แต่	O
ตัวเอง	O
อ่ะ	O
ง่ายๆ	NORM_2WORD
_	O
แต่	O
ตะวัน	O
นาง	O
น่ารัก	O
ซื่อๆ	O
จริงใจ	O
_	O
มี	O
รีวิว	O
ของ	O
ให้	O
ด้วย	O
_	O
นิว	O
หล่อน	O
ไม่	O
มี	O
คู่จิ้น	O
_	O
ฟค	NORM_1WORD
_	O
ซพ	O
_	O
คง	O
ไม่	O
มา	O
ถึง	O
จุด	O
นี้	O
หรอก	O
_	O
#	O
นิว	O
กิ๊ก	O

4	O
วัน	O
ก่อน	O
_	O
150000	O
พ้อย	NORM_1WORD
_	O
วันนี้	O
300000	O
_	O
คิด	O
เป็น	O
บาท	O
ก็	O
ประมาณ	O
1000	O
บาท	O
แอพ	NORM_1WORD
_	O
#veeu	O
_	O
ไป	O
โหลดดด	NORM_1WORD
_	O
เดี๋ยว	O
ขอตัว	O
ไป	O
สมัคร	O
paypal	O
ก่อน	O
_	O
จะ	O
มา	O
รีวิว	O
วิธี	O
แลก	O
เงิน	O
_	O
ใส่	O
รหัสแนะนำ	O
_	O
HH96E3	O
_	O
ได้	O
5000	O
coins	O
ฟรี	O
ด้วย	O
เด้อออ	NORM_1WORD
_	O
#	O
แอพ	NORM_1WORD
ดีบอกต่อ	O
_	O
#	O
แอพ	NORM_1WORD
ดีบอกต่อ	O
_	O
#รีวิว	O
แอพ	NORM_1WORD
_	O
#ใช้จริงรีวิวจริง	O
_	O
#ไว้รีวิวห้ามขายของ	O
โว้ยย	NORM_1WORD
_	O
#ไว้รีวิวห้ามขายของ	O
โว้ยยย	NORM_1WORD

อัน	O
นี้	O
จริง	O
ค่ะ	O
นอกจาก	O
เรื่อง	O
ขี้หึง	O
คือ	O
เป็น	O
นิสัย	O
ที่	O
รับ	O
ไม่	O
ได้	O
เหมือน	O
กัน	O
_	O
ยิ่ง	O
การดูถูก	O
คน	O
อื่น	O
ตลอด	O
เวลา	O
ยิ่ง	O
ไม่	O
โอเค	O
เลย	O
ค่ะ	O
_	O
แต่	O
ที่	O
เรา	O
โพส	NORM_1WORD
เรา	O
มอง	O
แต่	O
ประเด็น	O
เรื่อง	O
ขี้หึง	O
เพราะ	O
เรา	O
เป็น	O
_	O
แฮ่ะๆ	NORM_1WORD
จริงๆ	O
เรา	O
ก็	O
อยาก	O
รู้	O
นะ	O
ว่า	O
เมื่อก่อน	O
นาง	O
เป็น	O
ยังไง	NORM_1WORD
_	O
ชัช	O
ถึง	O
ตัดสินใจ	O
แต่งงาน	O
กับ	O
นาง	O
+	O
ที่	O
ชัช	O
บอก	O
ว่า	O
เมื่อก่อน	O
นาง	O
น่ารัก	O
กว่า	O
นี้	O

16291	O
ความจริง	O
_	O
ธรรมะ	O
_	O
ธรรมชาติ	O
_	O
จัดการ	O
เรื่อง	O
จิกซอส์	NORM_1WORD
ที	NORM_1WORD
วาง	O
ไว้	O
เหมือน	O
กับ	O
ฮวงจุ้ย	O
ของ	O
จีน	O
ที่	O
เป็น	O
ทำเล	O
ทอง	O
คือ	O
ด้าน	O
หน้า	O
คือ	O
ติด	O
ทะเล	O
_	O
บ้าน	O
ที่	O
พักผ่อน	O
_	O
ด้าน	O
หลัง	O
เป็น	O
ภูเขา	O
ทะเล	O
หมายถึง	O
เรื่อง	O
สามก๊ก	O
ภาค	O
ประเทศ	O
ไทย	O
_	O
บ้าน	O
ที่	O
พักผ่อน	O
คือ	O
เรื่อง	O
around	O
_	O
the	O
_	O
world	O
_	O
ภูเขา	O
หมายถึง	O
เรื่อง	O
หลุมดำ	O
ใน	O
จักรวาล	O
ที่	O
มอง	O
ภูเขา	O
เห็น	O
ท้องฟ้า	O

ความแค้น	O
อ่ะ	NORM_1WORD
_	O
มัน	O
รัก	O
เจ้าของ	O
มัน	O
มาก	O
เลย	O
นะ	O
_	O
ตอน	O
ผู้ชาย	O
เสียใจ	O
มัน	O
ก็	O
พยายาม	O
ไป	O
อยู่	O
ด้วย	O
_	O
ชวน	O
เล่น	O
_	O
แต่	O
ว่า	O
สิ่ง	O
ที่	O
มัน	O
ได้	O
รับ	O
กลับ	O
อ่ะ	NORM_1WORD
_	O
คือ	O
การตาย	O
อย่าง	O
ทรมาน	O
_	O
จน	O
เวลา	O
ผ่าน	O
ไป	O
หลาย	O
ปี	O
_	O
พ่อแม่	O
ผู้ชาย	O
ก็	O
มา	O
เปิด	O
บ้าน	O
หลัง	O
นั้น	O
ให้	O
เช่า	O
_	O
และ	O
ใช่	O
บ้าน	O
หลัง	O
นั้น	O
อ่ะ	NORM_1WORD
มี	O
ผีหมา	O
ที่	O
เต็มไปด้วย	O
ความแค้น	O
อยู่	O
_	O
(	O
ตอน	O
อ่าน	O
คือ	O
สงสาร	O
คน	O
ที่	O
มา	O
เช่า	O
มาก	O
อ่ะ	NORM_1WORD
)	O

เคย	O
อ่าน	O
นิยาย	O
เรื่อง	O
หนึ่ง	O
ซึ่ง	O
มัน	O
จบ	O
ภาค	O
แรก	O
พระเอก	O
นางเอก	O
รัก	O
กัน	O
ดี	O
พอ	O
มี	O
ภาค	O
สอง	O
ปุ้บ	O
เลย	O
บ่น	O
ลอยๆ	O
กับ	O
เพื่อน	O
ว่า	O
_	O
ไม่	O
อยาก	O
อ่าน	O
ภาค	O
ต่อไป	O
ว่ะ	O
มึง	O
กุ	NORM_1WORD
รับ	O
ไม่	O
ได้	O
ที่	O
ต้อง	O
มี	O
ตัวร้าย	O
มา	O
แทรก	O
ทำ	O
ให้	O
พระเอก	O
แม่ง	O
เปลี่ยน	O
ไป	O
_	O
เพื่อน	O
ตอบ	O
_	O
มึง	O
อย่า	O
ลืม	O
ดิ	O
ต่อให้	O
แทรก	O
ยังไง	O
สุดท้าย	O
พระเอก	O
ก็	O
ต้อง	O
คู่	O
กับ	O
นางเอก	O
ปะ	O
วะ	O
_	O
เออ	O
_	O
ชอบ	O
_	O
กุ	NORM_1WORD
ซื้อ	O
_	O
#แคปชั่นเพื่อน	O

ตอน	O
แรก	O
เรา	O
เป็น	O
คน	O
นึง	O
ที่	O
ไม่	O
คิด	O
อะไร	O
มาก	O
_	O
แค่	O
คิด	O
ว่า	O
_	O
ใคร	O
อยาก	O
ทำ	O
อะไร	O
ก็	O
ทำ	O
_	O
อยาก	O
บริหาร	O
ยังไง	O
ก็	O
เชิญ	O
_	O
หน้าที่	O
ใคร	O
หน้าที่	O
มัน	O
_	O
พอ	O
มา	O
ทุก	O
วัน	O
นี้	O
_	O
ได้	O
อ่าน	O
ข่าว	O
เศรษฐกิจ	O
_	O
ได้	O
บรรลุ	O
อะไร	O
หลายๆ	NORM_2WORD
อย่าง	O
_	O
คือ	O
แบบ	O
ว่า	O
_	O
ประเทศ	O
ไทย	O
ถดถอย	O
ลง	O
ทุก	O
วัน	O
_	O
จน	O
รู้สึก	O
อยาก	O
ร้องไห้	O
อ่ะ	NORM_1WORD
_	O
ความรู้สึก	O
เหมือน	O
เช่า	O
แผ่นดิน	O
อยู่	O
_	O
เขา	O
จะ	O
ขึ้น	O
ค่า	O
เช่า	O
ตอน	O
ไหน	O
ก็	O
ไม่	O
รุ	NORM_1WORD

แท็กซี่	O
!!	O
_	O
สายโหด	O
_	O
ไม้	O
ปะทะ	O
มีด	O
_	O
กะ	O
เอา	O
ตาย	O
วัด	O
เดี่ยว	O
_	O
กะ	O
เอา	O
ให้	O
ตาย	O
_	O
อีก	O
คน	O
ถือ	O
ไม้	O
อีก	O
คน	O
ถือ	O
ดาบ	O
โชคดี	O
มี	O
คน	O
มา	O
_	O
ห้าม	O
ทัน	O
_	O
เหตุ	O
เกิด	O
_	O
ณ	O
.	O
ซอยABAC	O
_	O
*	O
ชอบ	O
เพลง	O
ที่	O
อยู่	O
ใน	O
คลิป	O
จัง	O
*	O
_	O
#แท็กซี่	O
#สายโหด	O
#ไม้ปะทะมีด	O
_	O
#ข่าวชาวบ้าน	O
#ทีวีพูล	O
_	O
********************************************	O
_	O
(	O
ขอ	O
ขอบคุณ	O
เรื่อง	O
จาก	O
_	O
คลิป	O
สุด	O
hot	O
_	O
แชร์	O
วน	O
ไป	O
)	O

จะว่าไป	O
ก็	O
มี	O
บางเรื่อง	O
นะ	O
ที่	O
ความสามารถ	O
ไม่	O
ถึง	O
_	O
ประมาณ	O
ว่า	O
อ่าน	O
ไม่	O
รู้	O
เรื่อง	O
_	O
เขา	O
ใช้	O
คำ	O
แปลกๆ	NORM_2WORD
ที่	O
เรา	O
ไม่	O
เคย	O
เจอ	O
มาก	O
ไป	O
_	O
สุดท้าย	O
เลย	O
อ่าน	O
ได้	O
ไม่	O
กี่	O
เล่ม	O
_	O
ส่วนใหญ่	O
จะ	O
เป็น	O
นิยายพีเรียด	O
จีน	O
ที่	O
ค่อนข้าง	O
อ่าน	O
ยาก	O
นิดนึง	NORM_1WORD
_	O
พวก	O
กำลังภายใน	O
ที่	O
ไม่	O
ใช่	O
นิยายรัก	O
อะ	O
_	O
อยาก	O
อ่าน	O
รู้	O
เรื่อง	O
แต่	O
ความสามารถ	O
ไม่	O
ถึง	O
จริงๆ	NORM_2WORD
_	O
ขอโทษ	O
ที่	O
อ่าน	O
มา	O
น้อย	O
ค่ะ	O

พึ่ง	NORM_1WORD
รู้	O
ว่า	O
ที่	O
เห็น	O
รัก	O
กัน	O
นี่	O
แสดง	O
ละคร	O
เหรอ	O
วะ	O
คิด	O
ว่า	O
จะ	O
เป็น	O
เพื่อน	O
กัน	O
จริงๆ	NORM_2WORD
ที่	O
ไหน	O
ได้	O
อ่อ	O
แสดง	O
ละคร	O
_	O
ตลอด	O
เวลา	O
ที่	O
เป็น	O
เพื่อน	O
กัน	O
ไม่	O
ได้	O
รู้สึก	O
อะไร	O
ใน	O
ความเป็นเพื่อน	O
กัน	O
เลย	O
เหรอ	O
วะ	O
ถึง	O
ว่า	O
เวลา	O
ทัก	O
ไป	O
ใน	O
กลุ่ม	O
รวม	O
ไม่	O
ค่อย	O
ตอบ	O
กัน	O
อ่อ	O
มี	O
อีก	O
กลุ่ม	O
ที่	O
ไม่	O
มี	O
กู	O
การที่	O
ไม่	O
มี	O
กู	O
มัน	O
ดี	O
จริงๆ	NORM_2WORD
เหรอ	O
วะ	O
ถ้า	O
มัน	O
ดี	O
จริง	O
บอก	O
บอก	O
กู	O
มา	O
ก็	O
ได้	O
_	O
#เพื่อน	O

เรา	O
ชอบ	O
ที่	O
เรา	O
ได้	O
รู้จัก	O
_	O
Riley	O
_	O
จาก	O
มุม	O
ของ	O
คน	O
สอง	O
คน	O
ที่	O
รัก	O
_	O
Riley	O
_	O
มาก	O
_	O
คน	O
นึง	NORM_1WORD
คือ	O
พ่อ	O
ส่วน	O
อีก	O
คน	O
ก็	O
คือ	O
เพื่อน	O
ที่	O
จับ	O
มือ	O
_	O
Riley	O
_	O
ใน	O
วินาที	O
ที่	O
จาก	O
โลก	O
ไป	O
_	O
แล้ว	O
สอง	O
คน	O
นี้	O
มา	O
ผูกพัน	O
_	O
เยียวยา	O
จิตใจ	O
ของ	O
กัน	O
และ	O
กัน	O
ผ่าน	O
เรื่องราว	O
ของ	O
_	O
Riley	O
_	O
นิยาย	O
ยาว	O
มาก	O
สี่	O
ร้อย	O
กว่า	O
หน้า	O
_	O
แต่	O
เขียน	O
ให้	O
เรา	O
ร้องไห้	O
ได้	O
เกือบ	O
ทุก	O
หน้า	O
อ่ะ	NORM_1WORD
_	O
เจ๋ง	O
มั้ย	NORM_1WORD
_	O
55555555	O

เชื่อ	O
แล้ว	O
นะ	O
ครับ	O
_	O
อย่า	O
เท	O
เมน	O
ผม	O
เลย	O
นะ	O
ผม	O
อยาก	O
คุย	O
ด้วย	O
_	O
จริง	O
ครับ	O
ตอบ	O
เมน	NORM_1WORD
ยาว	O
มาก	O
แต่	O
ผม	O
ชอบ	O
นะ	O
_	O
ชอบ	O
ตอบ	O
ยาว	O
หรอ	O
_	O
อ่อ	O
เปล่า	O
_	O
ชอบ	O
พี่	O
ริป	O
อิอิ	O
_	O
แต่	O
ถ้า	O
พี่	O
เหนื่อยๆ	O
ตอบ	O
สั้น	O
ก็	O
ได้	O
คับ	NORM_1WORD
ทาง	O
นี้	O
สบาย	O
มาก	O
_	O
ตอบ	O
สั้น	O
ตอบ	O
ยาว	O
ได้	O
หมด	O
อยู่	O
แล้ว	O
_	O
เมื่อ	O
เมน	NORM_1WORD
ที่	O
แล้ว	O
พี่	O
ก็	O
น่ารัก	O
_	O
มา	O
เมน	NORM_1WORD
นี้	O
รู้	O
เลย	O
ว่า	O
น่ารัก	O
กว่า	O
เดิม	O
อีก	O
_	O
เอา	O
ไป	O
เลย	O
ครับ	O
โล่	O
ความนารัก	O
_	O
ยก	O
ให้	O

บทส่งท้าย	O
ให้	O
กับ	O
ความรัก	O
ที่	O
ผ่าน	O
มา	O
_	O
มัน	O
ทำให้	O
เรา	O
ไม่	O
กล้า	O
มอบ	O
ความรัก	O
ให้	O
กับ	O
ใคร	O
_	O
เพราะ	O
เรา	O
ไม่	O
สามารถ	O
รู้	O
ได้	O
เลย	O
ว่า	O
เขา	O
จริงใจ	O
หรือ	O
เขา	O
มา	O
หลอก	O
เรา	O
กัน	O
แน่	O
_	O
เมื่อ	O
เรา	O
ทุ่มเท	O
มอบ	O
ใจ	O
ให้	O
เขา	O
เท่า	O
กับ	O
เรา	O
ทิ้ง	O
ชีวิต	O
ตัวเอง	O
ให้	O
คน	O
อื่น	O
_	O
เมื่อ	O
พลาด	O
มัน	O
ย่อม	O
เจ็บปวด	O
_	O
เรา	O
รู้	O
ดี	O
ว่า	O
มัน	O
เจ็บ	O
มาก	O
แค่	O
ไหน	O
จาก	O
ความรัก	O
ที่	O
ผ่าน	O
มา	O
_	O
มัน	O
ทำให้	O
เรา	O
กลัว	O

ประเด็น	O
มัน	O
อยู่	O
ตรง	O
นี้	O
..	O
_	O
เมื่อ	O
ก้าว	O
เข้า	O
มา	O
เป็น	O
แฟนคลับ	O
ไป	O
แล้ว	O
_	O
รู้สึก	O
ว่า	O
หา	O
ทางออก	O
ไม่	O
เจอ	O
_	O
ไม่	O
ได้	O
หลง	O
ทาง	O
แต่	O
หลง	O
พวก	O
เธอ	O
!!!	O
_	O
#BNK48	O
_	O
หนัก	O
มาก	O
_	O
เปย์	O
ไป	O
เท่าไหร่	NORM_1WORD
แล้ว	O
รู้สึก	O
เหมือน	O
ยัง	O
ไม่	O
พอ	O
_	O
...	O
_	O
ขอบคุณ	O
ที่	O
ทำให้	O
มี	O
ความสุข	O
ขนาด	O
นี้	O
_	O
ไม่	O
มี	O
แฟน	O
เป็น	O
ของ	O
ตัวเอง	O
ก็	O
ไม่	O
เหงา	O
อ่ะ	NORM_1WORD
_	O
5555	O
_	O
#Sweat16	O
_	O
เรา	O
ให้	O
กำลังใจ	O
นะ	O
_	O
ทำ	O
ตาม	O
ฝัน	O
ให้	O
สุด	O
นะ	O

สำหรับ	O
แฟน	O
อาร์ตเตอร์	O
ทุก	O
คน	O
ที่	O
เข้า	O
มา	O
ตาม	O
ก็	O
_	O
เรา	O
ขอ	O
เป็น	O
อีก	O
หนึ่ง	O
กำลังใจ	O
ให้	O
นักวาด	O
ทุก	O
คน	O
เลย	O
นะ	O
คะ	O
_	O
พวก	O
คุณ	O
ทุก	O
คน	O
เก่ง	O
มาก	O
_	O
เชื่อมั่น	O
ใน	O
ผลงาน	O
ของ	O
ตัวเอง	O
และ	O
รัก	O
มัน	O
ไป	O
พร้อมๆ	NORM_2WORD
กัน	O
นะ	O
คะ	O
_	O
มี	O
เรื่อง	O
อะไร	O
ไม่	O
สบายใจ	O
_	O
อยาก	O
ปรึกษา	O
_	O
หรือ	O
อยาก	O
มา	O
คุย	O
เล่น	O
ทำความรู้จัก	O
กัน	O
ก็	O
เข้า	O
มา	O
ทักทาย	O
ได้	O
เสมอ	O
เลย	O
เพราะ	O
เรา	O
เอง	O
ก็	O
อยาก	O
มี	O
เพื่อน	O
เยอะๆ	NORM_2WORD
_	O
(	O
5555	O
)	O

คน	O
ที่	O
บอก	O
นางเอก	O
ใน	O
เรื่อง	O
herpri	O
พอ	O
คบ	O
กะ	NORM_1WORD
พระเอก	O
ละ	NORM_1WORD
ทำไม	O
เลิก	O
ติ่ง	O
_	O
ดู	O
สนใจ	O
คน	O
อื่น	O
มาก	O
กว่า	O
ชีอัน	O
(	O
หมายถึง	O
พระเอก	O
มั้ง	NORM_1WORD
)	O
_	O
นี่	O
เคย	O
มี	O
แฟน	O
ยัง	NORM_1WORD
_	O
แฟน	O
มี	O
ปม	O
_	O
ช่วย	O
แฟน	O
ตาม	O
หา	O
แม่	O
อยู่	O
_	O
นี่	O
คือ	O
ต้อง	O
มา	O
นั่ง	O
กี้ด	NORM_1WORD
ดารา	O
หรอ	NORM_1WORD
_	O
คนรัก	O
ใน	O
ชีวิตจริง	O
กะ	NORM_1WORD
คนรัก	O
ใน	O
โปสเตอร์	O
เค้า	NORM_1WORD
ก็	O
แยกแยะ	O
กัน	O
บ่	O
_	O
คือ	O
นางเอก	O
ไม่	O
ได้	O
อยาก	O
ให้	O
ชีอัน	O
รู้	O
ไง	O
ว่า	O
ติ่ง	O
ก็	O
ต้อง	O
เก็บอาการ	O
มั้ย	NORM_1WORD

เรา	O
ว่า	O
ซิลวี่	O
สมัย	O
เดอะสตาร์	O
กับ	O
ปัจจุบัน	O
_	O
นาง	O
พัฒนา	O
เรื่อง	O
การร้องเพลง	O
มา	O
เยอะ	O
เหมือน	O
กัน	O
_	O
จำ	O
ได้	O
ว่า	O
_	O
สมัย	O
นั้น	O
เสียง	O
นาง	O
ก็	O
ทรง	O
พลัง	O
อยู่	O
แล้ว	O
นะ	O
_	O
แต่	O
ก็	O
ยัง	O
มี	O
ไม่	O
ถึง	O
อยู่	O
บ้าง	O
_	O
แต่	O
ตอน	O
นี้	O
โหด	O
กว่า	O
ตอน	O
นั้น	O
อีก	O
_	O
แล้ว	O
ก็	O
สไตล์	O
การร้องเพลง	O
เปลี่ยน	O
ด้วย	O
_	O
จาก	O
เมื่อ	O
ก่อน	O
จะ	O
หวานๆ	NORM_2WORD
หน่อย	O
_	O
ตอนนี้	O
มา	O
แนว	O
อินเตอร์	O
เลย	O
_	O
เคย	O
ไป	O
ดู	O
นาง	O
ร้อง	O
สด	O
_	O
คือ	O
สุด	O

ไม่	O
รีวิว	O
ไม่	O
ได้	O
แล้ว	O
_	O
เกิด	O
กับ	O
ตัวเอง	O
ล้วนๆ	O
_	O
สกินแคร์	O
ใช้	O
ดี	O
ช่วง	O
นี้	O
_	O
สุด	O
จริง	O
_	O
หลัง	O
หน้า	O
แหก	O
_	O
หน้า	O
พัง	O
มา	O
_	O
สิว	O
บุก	O
ตรึม	O
_	O
ได้	O
กอง	O
นี้	O
ช่วย	O
ไว้	O
_	O
คือแบบ	O
หน้า	O
ดี	O
ขึ้น	O
_	O
ไม่	O
แห้ง	O
_	O
ไม่	O
ลอก	O
_	O
ผิว	O
อิ่มฟู	O
_	O
ละ	NORM_1WORD
สิว	O
ก็	O
คือ	O
ยุบ	O
ดี	O
ง่ะ	NORM_1WORD
_	O
ไม่	O
บวม	O
ไม่	O
อักเสบ	O
แล้ว	O
_	O
สิว	O
ผด	O
สิว	O
อุดตัน	O
หาย	O
ไป	O
เยอะ	O
เลย	O
_	O
หน้า	O
คือ	O
ใสๆ	O
ขึ้น	O
_	O
ให้	O
9	O
/	O
10	O
_	O
มี	O
ต่อ	O
_	O
#ไว้รีวิวห้ามขายของ	O
โว้ยยย	NORM_1WORD

เวลา	O
ขึ้น	O
รถเมล์	O
ก็	O
จะ	O
ชอบ	O
ไป	O
นั่ง	O
ให้	O
ใกล้ๆ	NORM_2WORD
กระเป๋ารถเมล์	O
อะ	O
จะ	O
ได้	O
จ่าย	O
เงิน	O
ได้	O
เลย	O
_	O
นี่	O
ก็	O
ไป	O
นั่ง	O
เหมือน	O
ทุก	O
ที	O
หัน	O
ไป	O
ถาม	O
ว่า	O
เท่าไร	O
คะ	O
?	O
ลุง	O
เค้า	NORM_1WORD
ก็	O
ก้ม	O
ดู	O
นาฬิกา	O
แล้ว	O
ตอบ	O
มา	O
ว่า	O
เอ่อ	O
บ่าย	O
โมง	O
ลูก	O
_	O
นี่	O
ก็	O
งง	O
ว่า	O
ทำไม	O
ไม่	O
เก็บ	O
ตัง	NORM_1WORD
_	O
แต่	O
เหลือบ	O
ไป	O
เห็น	O
ร่ม	O
ใน	O
มือ	O
ลุง	O
_	O
อ๋อ	O
นี่	O
สิ	O
นะ	O
ที่	O
กู	O
คิด	O
ว่า	O
เป็น	O
กระเป๋า	O
รถเมล์	O
555555555	O
_	O
#เรื่องมันช่างน่าอาย	O

ใน	O
ฐานะ	O
คน	O
อ่าน	O
นิยาย	O
มา	O
ก่อน	O
และ	O
หลงรัก	O
ธัน	O
ใน	O
นิยาย	O
หนัก	O
มาก	O
เลย	O
_	O
ธัน	O
และ	O
เมษ	O
คา	NORM_1WORD
ไม่	O
ตรง	O
แอบ	O
ผิดหวัง	O
นะ	O
_	O
แต่	O
ก็	O
เข้าใจ	O
ใน	O
มุม	O
การสร้างซีรีส์	O
_	O
เริ่ม	O
ดู	O
เพราะ	O
สิง	O
_	O
ดู	O
ต่อ	O
เพราะ	O
ชีวิต	O
มัน	O
เครียด	O
ขอ	O
อะไร	O
ที่	O
มัน	O
ไร้สาระ	O
ไม่	O
ต้อง	O
คิด	O
มาก	O
บ้าง	O
_	O
ตอน	O
ฟซ	O
ก็	O
มี	O
ช่วง	O
ไม่	O
ดู	O
เพราะ	O
มัน	O
เครียด	O
_	O
ดู	O
แล้ว	O
ทุกข์	O
ไม่	O
ควร	O
ดู	O
ต่อ	O
ค่ะ	O
_	O
ไม่	O
เกี่ยว	O
กับ	O
รัก	O
ไม่	O
รัก	O
สิง	O
เลย	O
อะ	O

Dead	O
_	O
to	O
_	O
Me	O
(	O
2019	O
)	O
หนึ่ง	O
ใน	O
_	O
Netflix	O
_	O
ออริจิ	NORM_1WORD
ที่	O
รู้สึก	O
ว่า	O
ทำ	O
ออก	O
มา	O
ได้	O
ดี	O
มาก	O
_	O
เกี่ยว	O
กับ	O
แม่ม่าย	O
ที่	O
สามี	O
พึ่ง	O
เสีย	O
_	O
แล้ว	O
มา	O
เจอ	O
กับ	O
เพื่อนใหม่	O
คน	O
นึง	O
ที่	O
มี	O
พิรุธ	O
มากๆ	NORM_2WORD
_	O
เป็น	O
_	O
Dark	O
_	O
comedy	O
อารมณ์	O
เหมือน	O
เรื่อง	O
_	O
A	O
_	O
Simple	O
_	O
Flavor	O
_	O
แต่	O
สนุก	O
กว่า	O
_	O
เดิน	O
เรือง	O
เร็ว	O
_	O
ดู	O
จบ	O
ใน	O
คืน	O
เดียว	O
_	O
นักแสดง	O
โหด	O
#NetflixTH	O
_	O
#รีวิวNetflixTH	O
_	O
#movietwit	O

จริงๆ	O
ไม่	O
เข้าใจ	O
ว่า	O
ทำไม	O
ช่อง	O
_	O
one	O
_	O
ต้อง	O
ซื้อ	O
ลิขสิทธิ์	O
ไต้หวัน	O
มา	O
ทำ	O
_	O
พล็อต	O
แบบ	O
นี้	O
พื้นๆ	O
มาก	O
มี	O
ให้	O
เห็น	O
บ่อยๆ	O
ใน	O
ละคร	O
ไทย	O
_	O
ผัว	O
มี	O
เมียน้อย	O
_	O
พ่อ	O
แม่	O
เลิกกัน	O
ลูก	O
ทำตัว	O
มี	O
ปัญหา	O
_	O
คือ	O
สร้าง	O
เอง	O
ก็	O
ได้	O
เพราะ	O
ความน่าสนใจ	O
เรื่อง	O
นี้	O
ต้อง	O
ให้	O
เครดิต	O
คน	O
เขียน	O
บท	O
ภาษา	O
ไทย	O
ที่	O
หา	O
คำ	O
คมๆ	O
_	O
มา	O
ดึงดูด	O
ใจ	O
คน	O
ดู	O
_	O
และ	O
นักแสดง	O
หลัก	O
ที่	O
แสดง	O
ได้	O
ดี	O
_	O
#เมีย2018	O

วันนี้	O
นายกฯ	NORM_1WORD
_	O
ยัง	O
คง	O
ทำงาน	O
ตาม	O
ปกติ	O
_	O
โดย	O
เฉพาะ	O
งาน	O
เอกสาร	O
ที่	O
มี	O
เข้า	O
มา	O
ให้	O
พิจารณา	O
ทุก	O
วัน	O
_	O
และ	O
ยัง	O
ฝาก	O
แนะนำ	O
ให้	O
อ่าน	O
หนังสือ	O
_	O
Animal	O
_	O
Farm	O
_	O
ฉบับ	O
ภาษาไทย	O
_	O
ซึ่ง	O
เป็น	O
หนังสือ	O
น่าอ่าน	O
ที่	O
ให้	O
ข้อคิด	O
เกี่ยวกับ	O
การดำเนินชีวิต	O
ได้	O
เป็น	O
อย่าง	O
ดี	O
_	O
มึง	O
_	O
ประยุทธ์	O
บอก	O
ให้	O
อ่าน	O
_	O
Animal	O
_	O
Farm	O
_	O
มึ้งงงงงง	NORM_1WORD
_	O
อิ	O
เหี้ยยยย	NORM_1WORD
_	O
มึง	O
กล้า	O
มาก	O
นะ	O
ไอ้	O
ยุทธ์!	O

นี่	O
แบบ	O
ไป	O
ไล่	O
ย้อน	O
มา	O
ตั้งแต่	O
แรก	O
ๆ	O
_	O
แล้ว	O
แบบ	O
เธอ	O
ได้	O
ทำ	O
สิ่ง	O
ที่	O
อยาก	O
ทำ	O
_	O
และ	O
ทำ	O
มัน	O
อย่าง	O
ตั้งใจ	O
_	O
ยิ่ง	O
เห็น	O
ว่า	O
มี	O
ส่วนร่วม	O
มาก	O
แค่	O
ไหน	O
ยิ่ง	O
รู้	O
เลย	O
ว่า	O
แจฮวาน	O
ทุ่ม	O
ให้	O
กับ	O
อัลบั้ม	O
นี้	O
มาก	O
ๆ	O
_	O
แล้ว	O
มัน	O
ก็	O
ดี	O
มาก	O
ๆ	O
_	O
มี	O
ความเป็น	O
แจฮวาน	O
เต็ม	O
ไป	O
หมด	O
_	O
เก่ง	O
มาก	O
จริง	O
ๆ	O
_	O
แล้ว	O
มัน	O
ต้อง	O
ดี	O
ยิ่ง	O
ขึ้น	O
เรื่อย	O
ๆ	O
_	O
มีต	O
ที่	O
จะ	O
ถึง	O
ก็	O
ต้อง	O
ดี	O
มาก	O
_	O
รัก	O
นะ	O
ครับ	O
คน	O
เก่ง	O

เป็น	O
คน	O
ที่	O
เคย	O
ถูก	O
คาดหวัง	O
พอ	O
สมควร	O
_	O
อาจ	O
เพราะ	O
เป็น	O
พี่	O
คน	O
โต	O
ด้วย	O
แหละ	O
_	O
ญาติ	O
_	O
ครอบครัว	O
ก็	O
สนับสนุน	O
เรา	O
ใน	O
เรื่อง	O
ของ	O
อนาคต	O
_	O
เพราะ	O
เห็น	O
มี	O
ความสามารถ	O
ด้าน	O
การแสดง	O
และ	O
ร้อง	O
เพลง	O
_	O
เต้น	O
ด้วย	O
_	O
ชอบ	O
แต่ง	O
หน้า	O
บลาๆ	NORM_2WORD
_	O
อยาก	O
ให้	O
เรา	O
เป็น	O
นักแสดง	O
_	O
นักร้อง	O
_	O
ทำงาน	O
เสริม	O
สวย	O
_	O
แต่	O
เรา	O
แค่	O
ไม่	O
เผย	O
อีก	O
ด้าน	O
ที่	O
มี	O
พรแสวง	O
เช่น	O
กัน	O
_	O
นั่น	O
ก็	O
คือ	O
การเขียน	O
นิยาย	O

เรา	O
ไม่	O
รู้	O
ด้วย	O
ซ้ำ	O
ว่า	O
ใคร	O
ผิด	O
ที่	O
แท้	O
จริง	O
_	O
คิด	O
ให้	O
ดี	O
ถ้า	O
เรา	O
รัก	O
และ	O
หวัง	O
ว่า	O
จะ	O
แต่งงาน	O
กับ	O
คน	O
คน	O
หนึ่ง	O
มัน	O
ไม่	O
ใช่	O
หมด	O
รัก	O
หรอก	O
แล้ว	O
จะ	O
เลิก	O
_	O
มัน	O
มี	O
มาก	O
กว่า	O
นั้น	O
_	O
ที่	O
ทำ	O
ให้	O
เรา	O
ต้อง	O
เดิน	O
ออก	O
จาก	O
คน	O
ที่	O
เรา	O
คิด	O
ว่า	O
จะ	O
อยู่	O
ด้วย	O
กัน	O
ไป	O
ตลอด	O
_	O
คน	O
ที่	O
ต้อง	O
บอก	O
จบ	O
ไม่	O
ได้	O
หมายความ	O
ว่า	O
จะ	O
เจ็บ	O
น้อย	O
กว่า	O
คน	O
ที	NORM_1WORD
ถูก	O
บอก	O
เลิก	O
_	O
อาจ	O
จะ	O
เจ็บ	O
กว่า	O
เพราะ	O
ต้อง	O
พูด	O
ก่อน	O

อยาก	O
อยู่	O
กับ	O
พี่สาว	O
แต่	O
สภาพ	O
บ้าน	O
นั้น	O
_	O
เรียก	O
ได้	O
ประมาน	NORM_1WORD
ว่า	O
_	O
ผี	O
เข้า	O
ผี	O
ออก	O
_	O
ถ้า	O
พ่อ	O
ไม่	O
โมโห	O
_	O
แม่	O
ก็	O
ทำ	O
ตัว	O
กวน	O
ประสาท	O
_	O
ทำให้	O
อยู่	O
ด้วย	O
กัน	O
ได้	O
ไม่	O
นาน	O
_	O
ก็	O
ต้อง	O
กลับ	O
มา	O
บ้าน	O
ใหม่	O
_	O
ตอน	O
นั้น	O
ที่นอน	O
กับ	O
พี่	O
รูสึก	NORM_1WORD
เหมือน	O
ไม่	O
ได้	O
อยู่	O
ตัว	O
คน	O
เดียว	O
_	O
มี	O
คน	O
กอด	O
มี	O
คน	O
หอม	O
_	O
พี่สาว	O
น่ารัก	O
มาก	O
_	O
ตอน	O
นี้	O
กลับ	O
มา	O
ก็	O
ติดต่อ	O
คุย	O
กัน	O
ดี	O
_	O
จะ	O
ดี	O
ที่สุด	O
ถ้า	O
มา	O
อยู่	O
ด้วย	O

แล้ว	O
จะ	O
มี	O
ซีน	O
ที่	O
ลุง	O
มา	O
คุย	O
กับ	O
สุ	O
หลัง	O
ศึก	O
นึง	NORM_1WORD
ที่	O
ยุโรป	O
_	O
น้อง	O
สุ	O
กวาด	O
ทั้ง	O
กองทัพ	O
ด้วย	O
ตัว	O
คนเดียว	O
อย่าง	O
โหด	O
_	O
เห็น	O
สุ	O
นั่ง	O
มอง	O
ตราอัศวิน	O
ตัวเอง	O
_	O
ลุง	O
บอก	O
ว่า	O
ถ้า	O
มี	O
อะไร	O
อยาก	O
เล่า	O
ให้	O
เพื่อนร่วมงาน	O
ฟัง	O
ก็	O
ดี	O
นะ	O
_	O
สุ	O
บอก	O
ว่า	O
เขา	O
ทำ	O
หน้าที่	O
ตัวเอง	O
ก็	O
ดี	O
แล้ว	O
ไม่	O
ใช่	O
เหรอ	O
_	O
ลุง	O
เลย	O
บอก	O
ว่า	O
ถ้า	O
งั้น	O
เล่า	O
ให้	O
หัวหน้า	O
อย่าง	O
ฉัน	O
ฟัง	O
ก็	O
ได้	O
_	O
ฉัน	O
เข้าใจ	O
นาย	O
นะ	O

ขอ	O
รีวิว	O
ฮะ	O
_	O
รู้สึก	O
ว่า	O
ตั้งแต่	O
เริ่ม	O
สั่ง	O
เครื่องราง	O
โชคดี	O
_	O
(	O
_	O
หลัง	O
จาก	O
โอน	O
เงิน	O
)	O
_	O
จน	O
ถึง	O
ตอน	O
นี้	O
ที่	O
พก	O
ติด	O
ตัว	O
_	O
รู้สึก	O
ว่า	O
จะ	O
มี	O
โชค	O
ด้าน	O
การเงิน	O
บ่อยๆ	O
_	O
เช่น	O
_	O
พ่อ	O
ถูกหวย	O
ละ	O
ก็	O
เอา	O
เงิน	O
มา	O
แบ่ง	O
ให้	O
_	O
,	O
_	O
แม่	O
กับ	O
พ่อ	O
ให้	O
เงิน	O
มา	O
แบบ	O
ไม่	O
มี	O
เหตุผล	O
_	O
เค้า	NORM_1WORD
แค่	O
บอก	O
ว่า	O
อยาก	O
ให้	O
55	O
_	O
ปล.	O
เป็น	O
ความเชื่อ	O
ส่วนบุคคล	O
นะ	O
ฮะ	O
_	O
+	O
_	O
แม่ค้า	O
น่ารัก	O
_	O
#รีวิวcherbelle	O

อ่ะแห่มมมม	NORM_1WORD
...	O
มา	O
รีวิว	O
งาน	O
_	O
#	O
อาร์มี่	NORM_1WORD
ปาร์ตี้	NORM_1WORD
TH2	O
_	O
กัน	O
หน่อยยยยย	NORM_1WORD
งาน	O
นี้	O
ก็	O
เป็น	O
งาน	O
ที่	O
สาม	O
แล้ว	O
ที่	O
_	O
armypartyTH	O
_	O
จัด	O
_	O
แล้ว	O
คูม	NORM_1WORD
โฮป	O
ไป	O
_	O
จา	NORM_1WORD
บอก	O
ว่า	O
ใคร	O
ที่	O
ไม่	O
ได้	O
มา	O
เสียดาย	O
มากกกก	NORM_1WORD
_	O
ก.	O
ไก่	O
ล้าน	O
ตัว	O
_	O
คือ	O
ราคา	O
บัตร	O
กับ	O
ของ	O
ที่	O
ได้	O
มา	O
เนี่ย	NORM_1WORD
สำ	O
หรับ	O
คูม	NORM_1WORD
โฮป	O
มัน	O
คุ้ม	O
มากๆ	NORM_2WORD
เลย	O
_	O
ถ้า	O
มี	O
ครั้ง	O
หน้า	O
ก็	O
จะ	O
ไป	O
อีก	O
_	O
จนกว่า	O
แอดมิน	O
จะ	O
เบื่อ	O
นะ	O
ฮับ	NORM_1WORD
_	O
..	O
แปะ	O
รูป	O
..	O

นี่	O
ชอบ	O
ที่	O
พี่	O
ว่านไฉ	O
พูด	O
มาก	O
เลย	O
_	O
ว่า	O
ถ้า	O
เรา	O
ได้	O
ไป	O
เที่ยว	O
ฟรี	O
เงี้ย	NORM_1WORD
_	O
เรา	O
ชอบ	O
หรอ	NORM_1WORD
_	O
เออ	O
มัน	O
ก็	O
ดี	O
นะ	O
_	O
สะดวกสบาย	O
_	O
แต่	O
มัน	O
ใช่	O
ความสุข	O
เรา	O
หรอ	NORM_1WORD
_	O
เออ	O
จริง	O
มาก	O
_	O
นี่	O
คิด	O
กับ	O
ตัวเอง	O
เลย	O
_	O
เป็น	O
เรา	O
ก็	O
ชอบ	O
แบบ	O
ลุย	O
เอง	O
_	O
มัน	O
ไม่	O
ต้อง	O
_	O
comfortable	O
_	O
หมด	O
หรอก	O
_	O
ช่วง	O
เวลา	O
ลุยๆ	O
ผีๆ	O
_	O
นี่แหละ	O
_	O
มี	O
เรื่อง	O
ให้	O
เล่า	O
_	O
มี	O
เรื่อง	O
ให้	O
จำ	O
_	O
ไม่	O
ใช่	O
แค่	O
ความสวย	O
ของ	O
สถานที่	O

คุณ	O
แพรวา	O
ชอบ	O
เชียงใหม่	O
ใช่	O
มั้ย	NORM_1WORD
ล่า	O
_	O
เพราะ	O
ที่	O
นี่	O
_	O
คุณ	O
ยิ้ม	O
เก่ง	O
มาก	O
_	O
เพลง	O
_	O
365	O
_	O
ที่	O
_	O
center	O
_	O
สวย	O
ๆ	O
_	O
น่ะ	O
_	O
ตก	O
เรา	O
อยู่หมัด	O
เลย	O
_	O
แล้ว	O
ก็	O
เล่น	O
กับ	O
แฟน	O
ๆ	O
_	O
เยอะ	O
มาก	O
โบก	O
มือ	O
แรง	O
เชียว	O
_	O
ตอน	O
เรา	O
ไป	O
จับ	O
มือ	O
แล้ว	O
บอก	O
ว่า	O
โอชิ	O
_	O
คุณ	O
แพรวา	O
ทำ	O
มีม	O
ใส่	O
เรา	O
_	O
ตา	O
โต	O
เชียว	O
_	O
น่ารัก	O
_	O
เพราะ	O
งั้น	O
เป็น	O
ตัว	O
ของ	O
คุณ	O
นั่น	O
แหละ	O
_	O
ดี	O
ที่สุด	O
แล้ว	O
ค่า	O
_	O
#	O
Music	O
BNK48	O
_	O
#	O
BNK48	O

ตอน	O
อยู่	O
_	O
ป.	O
6	O
_	O
จะ	O
มี	O
กลุ่ม	O
เพื่อน	O
_	O
ผช	NORM_1WORD
_	O
ที่	O
ชอบ	O
มา	O
แซวๆ	O
_	O
จน	O
เรา	O
รำคาญ	O
แต่	O
ก็	O
เดิน	O
ผ่านๆ	O
_	O
ไป	O
_	O
ซัก	NORM_1WORD
พัก	O
เรา	O
เดิน	O
ลง	O
บันได	O
รู้สึก	O
ว่า	O
มี	O
คน	O
มา	O
จับ	O
ไหล่	O
เรา	O
ก็	O
นึก	O
ว่า	O
เพื่อน	O
_	O
ผช	NORM_1WORD
_	O
พวก	O
นั้น	O
เลย	O
หัน	O
หน้า	O
กลับ	O
ไป	O
ด่า	O
_	O
ไอ้	O
สัส	NORM_1WORD
!!!	O
_	O
แต่	O
ประเด็น	O
คือ	O
ที่	O
จับ	O
ไหล่	O
คือ	O
ครู	O
พละ	O
ค่ะ	O
_	O
ฮือออออ	NORM_1WORD
_	O
อิ	NORM_1WORD
พวก	O
เพื่อน	O
ผช	NORM_1WORD
_	O
แม่ง	O
ยืน	O
หัวเราะ	O
อยู่	O
หลัง	O
ครู	O
_	O
#เรื่องมันช่างน่าอาย	O

รีวิว	O
คอน	NORM_1WORD
_	O
แบคดรอป	NORM_1WORD
ไม่	O
มี	O
_	O
เข้า	O
ไป	O
รอ	O
คอน	NORM_1WORD
เริ่ม	O
เปิด	O
เพลง	O
ให้	O
ฟัง	O
เสียง	O
ยืด	O
มาก	O
55555	O
_	O
การ์ด	O
คุม	O
เข้ม	O
กว่า	O
เดิม	O
_	O
จอ	O
ชัด	O
แสง	O
สวย	O
อัน	O
นี้	O
พอใจ	O
มาก	O
_	O
พี่	O
ยู	O
เป็น	O
ทั้ง	O
ล่าม	O
เป็น	O
พิธีกร	O
เอง	O
ใน	O
ตัว	O
สนุก	O
มาก	O
_	O
เอฟเฟค	NORM_1WORD
สะดุ้ง	O
ทุก	O
ครั้ง	O
ที่	O
พุ่ง	O
ขึ้น	O
มา	O
_	O
ตอน	O
ไฮทัช	O
ตั้ง	O
คูหา	O
กั้น	O
แต่	O
ใกล้	O
กว่า	O
เดิม	O
_	O
ไม่	O
เร็ว	O
ไป	O
_	O
พิ	NORM_1WORD
ยองมิน	O
เต็มที่	O
มาก	O
_	O
น้อง	O
ดง	O
น่ารัก	O
_	O
#MXMinBKK	O

อฟช.	NORM_1WORD
คือ	O
มึง	O
เป็น	O
เหี้ย	O
ไร	NORM_1WORD
อะ	O
_	O
พวก	O
กู	O
เสีย	O
ตังค์	NORM_1WORD
กัน	O
กี่	O
พัน	O
_	O
บัตรจับมือ	O
_	O
บัตร	O
2shot	O
_	O
พวก	O
กู	O
ทำ	O
ตาม	O
กติกา	O
ทุก	O
อย่าง	O
_	O
ไม่	O
นับ	O
คน	O
ที่	O
ซื้อ	O
ฟาวเดอร์	O
อีก	O
เป็น	O
หมื่นๆ	O
นะ	O
_	O
แล้ว	O
นี่	O
อะไร	O
_	O
แค่	O
มี	O
ตัว	O
ขาเป๋	O
ไฮโซ	O
ตัว	O
นึง	NORM_1WORD
มา	O
จาก	O
ไหน	O
ไม่	O
รู้	O
ฟาด	O
เงิน	O
อัด	O
ปาก	O
อ้าง	O
ขาเป๋	O
มา	O
ขอ	O
_	O
vip	O
_	O
ได้	O
ถ่าย	O
รูป	O
_	O
จับ	O
มือ	O
ไม่	O
อั้น	O
_	O
มึง	O
เห็น	O
เป็น	O
ควย	O
ไร	NORM_1WORD
อะ	O
_	O
หมา	O
หรอ	NORM_1WORD
_	O
#โอตะvip	O
_	O
#BNK48	O

เรื่องนี้	O
เป็น	O
แนว	O
พีเรียด	O
จีน	O
_	O
แบม	O
เสียชีวิต	O
_	O
ระหว่าง	O
ที่	O
รอ	O
คำพิพากษาบุญบาป	O
_	O
มี	O
องค์หญิง	O
ยุค	O
จีน	O
แสนร้ายกาจ	O
ที่	O
เป็น	O
ฮูหยิน	O
ที่	O
มาร์ค	O
ไม่	O
รัก	O
ตาย	O
พอดี	O
_	O
เลย	O
มี	O
การประมูล	O
เข้า	O
ร่างนั้น	O
_	O
และ	O
แบม	O
ก็	O
โดน	O
ผี	O
ตัวอื่น	O
เบียด	O
จน	O
ตก	O
ลง	O
ไป	O
ใน	O
บ่อเกิด	O
ได้	O
เข้า	O
ร่าง	O
ของ	O
องค์หญิง	O
_	O
#องค์หญิงผีผลัก	O
_	O
#markbam	O
_	O
#ficmarkbam	O
_	O
#MTBB	O
_	O
#markbamfiction	O

ส่วน	O
พวก	O
ที่	O
ไป	O
ซื้อ	O
ของ	O
หน้า	O
คอน	NORM_1WORD
แก้ว	O
_	O
แล้ว	O
เอา	O
มา	O
โก่ง	O
ราคา	O
ขาย	O
แบบ	O
แพง	O
โคตร	O
_	O
จะ	O
ไม่	O
ทำ	O
งาน	O
อย่าง	O
อื่น	O
กัน	O
เลย	O
ใช่	O
ป่ะ	O
_	O
หากิน	O
กับ	O
ตรง	O
นี้	O
ตลอด	O
_	O
ขอร้อง	O
คน	O
ที่	O
อยาก	O
ได้	O
_	O
ของ	O
มัน	O
ไม่	O
จำเป็น	O
ต้อง	O
มี	O
ทุก	O
อย่าง	O
_	O
อย่า	O
ไป	O
ซื้อ	O
พวก	O
โก่ง	O
ราคา	O
ขาย	O
แบบ	O
สุด	O
โต่ง	O
เลย	O
ค่ะ	O
_	O
ปล่อย	O
ให้	O
แม่ม	O
ขาดทุน	O
ไป	O
เลย	O
_	O
เอา	O
ไป	O
ซื้อ	O
บัตร	O
จับ	O
มือ	O
มา	O
จับ	O
แก้ว	O
ดี	O
กว่า	O
_	O
#BNK48	O
_	O
#KaewBNK48	O

ภาพ	O
รวม	O
ปี	O
1	O
ทันตะ	NORM_1WORD
_	O
มช	O
_	O
1	O
)	O
เทอม	O
1	O
_	O
เรียน	O
วิชา	O
เลือก	O
เยอะ	O
_	O
ง่าย	O
_	O
เก็บ	O
เกรด	O
_	O
เรียน	O
อิ้ง	O
1	O
-	O
2	O
(	O
เบสิค	NORM_1WORD
มาก	O
)	O
_	O
ภาพรวม	O
อาจ	O
น่าเบื่อ	O
บ้าง	O
สำหรับ	O
คน	O
ชอบ	O
academic	O
_	O
เรียน	O
รวม	O
กับ	O
เพื่อนคณะ	O
แค่	O
_	O
ชีวะ	NORM_1WORD
_	O
แลบชีวะ	NORM_1WORD
_	O
และ	O
ฟิสิกสื	NORM_1WORD
_	O
เป็น	O
พื้นฐาน	O
อาจ	O
มี	O
เกิน	O
ม.	O
ปลาย	O
เล็กน้อย	O
_	O
2	O
)	O
เทอม	O
2	O
_	O
เคมี	O
พื้นฐาน	O
_	O
ออเคม	O
กับ	O
ไบโอเค็ม	NORM_1WORD
โหด	O
มาก	O
เป็น	O
ร้อย	O
ปฏิกริยา	NORM_1WORD
_	O
#dek61	O
_	O
#ทีม	O
มช	O

774310	O
_	O
PILZ	O
_	O
#774310Pilz	O
_	O
#Pilz774310	O
_	O
#Relays	O
_	O
#RelayThai	O
_	O
#Relay	O
_	O
#RelaysThai	O
_	O
#RelayThailanD	O
_	O
#RelaysThailanD	O
_	O
#Electric	O
_	O
#Electrical	O
_	O
#538ThailanD	O
_	O
#538Co	O
_	O
#538CoLtd	O
_	O
#RelayShop	O
_	O
#RelaySShoP	O
_	O
#อุปกรณ์	O
_	O
#อุปกรณ์ไฟฟ้า	O
_	O
#ไฟฟ้า	O
_	O
#Best	O
_	O
#Good	O
_	O
#Price	O
_	O
#ราคาถูก	O
_	O
#ราคาดี	O
_	O
#ประเทศ	O
ไทย	O
_	O
#Safety	O
_	O
#SafetyRelays	O

Emelie	O
_	O
(	O
2015	O
)	O
_	O
#MovieTwit	O
_	O
#MovieReview	O
_	O
#รีวิวหนัง	O
_	O
#ดูหนัง	O
_	O
เรื่อง	O
นี้	O
มี	O
คน	O
รีวิว	O
_	O
เรา	O
ดู	O
ของ	O
คน	O
ที่	O
รีวิว	O
เหมือนกัน	O
มา	O
_	O
ยืนยัน	O
อีก	O
เสียง	O
ว่า	O
สนุก	O
มากก	NORM_1WORD
_	O
พี่	O
คน	O
โต	O
ฉลาด	O
มาก	O
เวอร์	O
_	O
พี่เลี้ยงเด็ก	O
ที่	O
มี	O
ท่าทาง	O
แปลกๆ	NORM_2WORD
บุคคลิก	NORM_1WORD
แปลกๆ	NORM_2WORD
ทำให้	O
พี่ชาย	O
คน	O
โต	O
ได้	O
รู้	O
ว่า	O
นี่	O
ไม่	O
ใช่	O
พี่เลี้ยง	O
ที่	O
แม่	O
ให้	O
มา	O
แต่	O
เป็น	O
คน	O
ที่	O
จะ	O
มา	O
เอา	O
น้องชาย	O
เขา	O
ไป	O

ไม่	O
ต้อง	O
เป็น	O
_	O
bnk48	O
_	O
หรอก	O
_	O
ถ้า	O
เป็น	O
แขก	O
รับ	O
เชิญ	O
ทาง	O
บ้าน	O
มา	O
โดน	O
กอด	O
ไซร้	O
คอ	O
กลาง	O
รายการ	O
_	O
ผม	O
ก็	O
ไม่	O
ชอบ	O
เหมือนกัน	O
_	O
ถาม	O
ว่า	O
ออกตัว	O
ปกป้อง	O
ใหม	NORM_1WORD
_	O
ปกป้อง	O
แน่นอน	O
ครับ	O
_	O
ปกป้อง	O
ใน	O
ระดับ	O
เท่า	O
ที่	O
ทำ	O
ได้	O
_	O
ไม่	O
ใช่	O
คน	O
รู้จัก	O
_	O
กลัว	O
เขา	O
หา	O
ว่า	O
ผม	O
รุ่มร่าม	O
_	O
แต่	O
เรื่อง	O
ด่า	O
ตลก	O
แตะอั๋ง	NORM_1WORD
_	O
ถ้า	O
ผม	O
เห็น	O
ผม	O
ก็	O
จะ	O
ด่า	O
ของ	O
ผม	O
อยู่	O
แล้ว	O
_	O
เป็น	O
เรื่อง	O
ที่	O
ไม่	O
เคย	O
เห็น	O
ด้วย	O
เลย	O

โพสต์	O
ขาย	O
หนังสือ	O
ให้	O
อ่าน	O
ตั้งแต่	O
เรื่อง	O
พี่	O
หมอ	O
ฮิล	O
เลย	O
ค่ะ	O
_	O
ไม่	O
ได้	O
ตาม	O
ตั้งแต่	O
เรื่อง	O
แรกๆ	NORM_2WORD
แล้ว	O
มา	O
ตัดสิน	O
_	O
บ้าบอ	O
_	O
พี่	O
หมอ	O
ไม่	O
เคย	O
เบื่อ	O
แฟน	O
ตัวเอง	O
จ้า	O
_	O
ทั้ง	O
รัก	O
ทั้ง	O
หลง	O
_	O
แฟน	O
ตัวเอง	O
ถูก	O
ทำร้าย	O
นะ	O
_	O
จะ	O
ให้	O
ไม่	O
ทำ	O
อะไร	O
เลย	O
ก็	O
ไม่	O
ได้	O
_	O
ยิ่ง	O
เป็น	O
คน	O
หัวดื้อ	O
_	O
ทำร้าย	O
จิตใจ	O
คน	O
อื่น	O
เหมือน	O
พ่อ	O
ของ	O
น้อง	O
ฝุ่น	O
_	O
เอา	O
ไม้เรียว	O
ตี	O
ก้น	O
เขา	O
ก็	O
ไม่	O
สำนึก	O
หรอก	O
จ้า	O

บอก	O
ตรงๆ	O
ว่า	O
ไม่	O
เคย	O
อ่าน	O
เรื่อง	O
นี้	O
_	O
จน	O
เห็น	O
เทรน	NORM_1WORD
_	O
#	O
นมตรา	O
หมี	O
ดีที่สุด	O
_	O
มัน	O
คือ	O
อะไร	O
_	O
/	O
_	O
เข้า	O
ไป	O
อ่าน	O
ปุ๊บ	O
_	O
เจอ	O
ประโยค	O
_	O
'	O
ดูแล	O
ดี	O
กว่า	O
นี้	O
ไม่	O
ได้	O
แล้ว	O
'	O
_	O
'	O
ก็	O
สัญญา	O
แล้ว	O
'	O
_	O
'	O
รัก	O
มา	O
ตลอด	O
'	O
_	O
'	O
มัน	O
ก็	O
ดีใจ	O
แต่	O
เรา	O
ห่วย	O
'	O
_	O
/	O
_	O
โผล๊ะ	NORM_1WORD
_	O
น้ำตา	O
แตก	O
_	O
คือ	O
เข้าใจ	O
ทั้ง	O
ตัว	O
ลุง	O
เข้าใจ	O
ทั้ง	O
ตรา	O
หมี	O
_	O
เพราะ	O
มี	O
ความรู้สึก	O
แบบ	O
นี้	O
มา	O
ก่อน	O
_	O
มัน	O
โคตร	O
อึน	O
และ	O
อึดอัด	O
เลย	O
นะ	O

เลือกตั้ง	O
_	O
BNK48	O
_	O
นี่	O
เชียร์	O
มิวสิค	O
ให้	O
ได้	O
เป็น	O
เซ็นเตอร์	O
นะ	O
_	O
ถ้า	O
ถาม	O
ว่า	O
จะ	O
โหวต	O
ให้	O
มิวสิค	O
ไหม	O
_	O
ก็	O
ไม่	O
_	O
เพราะ	O
จะ	O
โหวต	O
ให้	O
อุ้ม	O
_	O
อย่าง	O
น้อย	O
ติด	O
อันเดอร์เกิร์ล	O
ก็	O
ยัง	O
ดี	O
_	O
ถ้า	O
ไม่	O
ติด	O
ก็	O
ไม่	O
เป็นไร	O
_	O
ถือ	O
ว่า	O
ได้	O
ช่วย	O
แล้ว	O
_	O
ส่วนตัว	O
ประเมิน	O
ว่า	O
เฌอปราง	O
น่าจ	O
ะมา	O
วิน	O
แบบ	O
นอน	O
มา	O
_	O
คามิ	O
_	O
7	O
_	O
ก็	O
น่าจะ	O
นอน	O
มา	O
ทุก	O
คน	O
_	O
เฌอ	O
_	O
มิวสิค	O
_	O
เนย	O
_	O
ปัญ	O
_	O
อร	O
_	O
จอนอ	O
_	O
โมบาย	O

การที่	O
เรา	O
อยาก	O
ถอย	O
นั่นแหละ	O
ที่	O
ทำให้	O
เรา	O
อยาก	O
สู้	O
_	O
นี่	O
ถ้า	O
ธนาธร	O
ตัว	O
คน	O
เดียว	O
โลก	O
คง	O
จะ	O
โหดร้าย	O
เกิน	O
ไป	O
_	O
ธนาธร	O
มี	O
พวก	O
เรา	O
และ	O
เขา	O
ก็	O
รู้	O
ว่า	O
มี	O
คนรัก	O
มี	O
คนสนับสนุน	O
เป็น	O
จำนวน	O
มาก	O
_	O
ใคร	O
ที่	O
ตอน	O
นี้	O
ต้องการ	O
ปชต.	NORM_1WORD
_	O
ต้องการ	O
ให้	O
ปทช.	O
มี	O
อนาคตใหม่	O
_	O
ไม่	O
มี	O
ใคร	O
เกลียด	O
หรอก	O
_	O
เพียง	O
แต่	O
มัน	O
ต้อง	O
ต่อสู้	O
_	O
การก้ม	O
ย่อม	O
มี	O
การเงย	O
เสมอ	O
_	O
#ธนาธรจึงรุ่งเรืองกิจ	O

ขอ	O
เป็น	O
กำลังใจ	O
ให้	O
น้อง	O
แบงค์	O
ด้วย	O
ครับ	O
_	O
น้อง	O
แบงค์	O
เป็น	O
โรค	O
TIC	O
ซึ่ง	O
เป็น	O
โรค	O
ผิด	O
ปกติ	O
ทาง	O
ระบบ	O
ประสาท	O
ทำให้	O
น้อง	O
มี	O
อาการ	O
เปล่ง	O
เสียง	O
ดัง	O
เป็น	O
อาการ	O
จะ	O
เป็นๆ	O
หายๆ	O
ไม่	O
สามารถ	O
ควบคุม	O
ได้	O
จน	O
น้อง	O
โดน	O
โอตะ	O
ที่	O
ไม่	O
รู้	O
อาการ	O
ของ	O
โรค	O
ด่า	O
ใน	O
งานจับมือ	O
ว่า	O
เสียง	O
ดัง	O
เกินไป	O
_	O
น้อง	O
เขา	O
ตัน	O
โอชิ	O
ตาหวาน	O
และ	O
นี่	O
คือ	O
Story	O
_	O
ตาหวาน	O
_	O
#TarwaanBNK48	O
_	O
#BNK48	O

มา	O
รีวิว	O
หนังปลากรอบไข่เค็ม	O
_	O
ของ	O
กินเล่น	O
ตัว	O
ดัง	O
ของ	O
สิงคโปร์	O
_	O
ได้	O
ลอง	O
มา	O
หลาย	O
ยี่ห้อ	O
_	O
แต่	O
ให้	O
เดอะเบสด์	O
ยี่ห้อ	O
นี้	O
ไพ	NORM_1WORD
เรย	NORM_1WORD
_	O
สม	O
คำร่ำลือ	O
ว่า	O
อร่อย	O
มากๆ	NORM_2WORD
_	O
หนังปลา	O
กรอบ	O
มากๆ	NORM_2WORD
_	O
ไม่	O
เหนียว	O
_	O
ไม่	O
แข็ง	O
_	O
มี	O
แต่	O
ความกรอบ	O
_	O
ได้	O
รสชาติ	O
หนังปลา	O
+	O
ไข่เค็ม	O
แบบ	O
กลมกล่อม	O
_	O
ไม่	O
โดด	O
เลียน	NORM_1WORD
ความมัน	O
ของ	O
ไข่เค็ม	O
เลย	O
_	O
#รีวิวของกิน	O
_	O
#อร่อยบอกต่อ	O
_	O
#อร่อยไปแดก	O

ยินดี	O
ต้อนรับ	O
ค่ะ	O
_	O
ไม่	O
รู้	O
ตอน	O
นี้	O
ถึง	O
ยัง	O
_	O
แต่	O
ยินดี	O
ต้อนรับ	O
น้า	NORM_1WORD
_	O
ประเทศ	O
ไทย	O
อาจ	O
มี	O
อะไร	O
ไม่	O
ดี	O
บ้าง	O
_	O
แต่	O
ก็	O
มี	O
หลาย	O
อย่าง	O
ที่	O
ดี	O
_	O
อยาก	O
ให้	O
บังทัน	O
สนุก	O
กับ	O
การมา	O
คอน	NORM_1WORD
ครั้ง	O
นี้	O
_	O
และ	O
ประทับใจ	O
ใน	O
มี่	O
ไทย	O
_	O
ยังไง	NORM_1WORD
ก็	O
โชคดี	O
และ	O
มี	O
ค.สุข	NORM_1WORD
มากๆ	NORM_2WORD
นะ	O
คะ	O
_	O
รัก	O
บังทัน	O
_	O
รัก	O
บฮ.	O
_	O
#WelcomeBTStoThailand	O
_	O
#BTS	O
_	O
#BTSLoveYourselfBKK	O
_	O
#BTSLoveYourSelfinBKK	O

พร้อม	O
ช้อน	O
อุ้ม	O
คน	O
ตัว	O
เล็ก	O
ขึ้น	O
มา	O
อย่าง	O
เบา	O
มือ	O
_	O
ก่อน	O
จะ	O
พา	O
คน	O
รัก	O
ที่	O
ได้	O
กลับ	O
คืน	O
วายวับ	NORM_1WORD
ไป	O
ท่าม	O
กลาง	O
คืน	O
เดือน	O
ดับ	O
_	O
คน	O
ตัว	O
เล็ก	O
ใน	O
อ้อม	O
กอด	O
ซบ	O
ใบหน้า	O
ลง	O
กับ	O
อก	O
_	O
แม้	O
จะ	O
เจ็บ	O
อยู่	O
มาก	O
แต่	O
ถ้า	O
หาก	O
ให้	O
อยู่	O
ใน	O
อ้อมกอด	O
อบอุ่น	O
นี่	O
ก็	O
คง	O
ไม่	O
เป็น	O
ไร	O
_	O
ความรู้สึก	O
โหยหา	O
นี้	O
ใน	O
ที่	O
สุด	O
ก็	O
เติมเต็ม	O
เสีย	O
ที	O
นับ	O
แต่	O
นี้	O
เรา	O
ทั้ง	O
คู่	O
จะ	O
ไม่	O
แยกจาก	O
กัน	O
ชั่วนิรันดร์	O

ใช้	O
มา	O
นาน	O
มาก	O
_	O
เอา	O
มา	O
รีวิว	O
หน่อย	O
_	O
ใคร	O
ที่	O
อยาก	O
ได้	O
ความชุ่มชื้น	O
_	O
ผิว	O
ฟู	O
แบบ	O
แน่นๆ	NORM_2WORD
_	O
รูขุมขน	O
กระชับ	O
ขึ้น	O
(	O
จาก	O
ผิว	O
ชุ่มชื้น	O
สุขภาพ	O
ดี	O
)	O
_	O
แนะนำ	O
อัน	O
นี้	O
ของ	O
_	O
The	O
Face	O
shop	O
_	O
เลย	O
_	O
เห็น	O
มี	O
คน	O
บอก	O
ว่า	O
_	O
DUPE	O
_	O
กับ	O
_	O
history	O
of	O
whoo	O
_	O
ตอน	O
แรก	O
ใน	O
ใจ	O
ก็	O
แย้ง	O
นะ	O
_	O
ราคา	O
ต่าง	O
ขนาด	O
นี้	O
_	O
จะ	O
คล้าย	O
ได้	O
ไง	NORM_1WORD
_	O
555555	O
_	O
สรุป	O
คือ	O
ยอม	O
ให้	O
นะ	O
_	O
เรื่อง	O
ชุ่มชื้น	O
อะ	O
_	O
แน่น	O
เท่า	O

คือ	O
ฉัน	O
ก็	O
เป็น	O
คน	O
ธรรมดา	O
_	O
ที่	O
_	O
ชอบ	O
_	O
ศลป	NORM_1WORD
_	O
ใน	O
มุมมอง	O
คน	O
ๆ	NORM_1WORD
นึ่ง	NORM_1WORD
ชอบ	O
เขา	O
เหมือน	O
ผ฿ชาย	NORM_1WORD
ทั่วไป	O
ที่	O
ไม่	O
ใช่	O
_	O
ฟค	O
_	O
ชอบ	O
และ	O
รัก	O
แบบ	O
ติ่ง	O
อ่ะ	NORM_1WORD
_	O
ชอบ	O
แบบ	O
_	O
อยาก	O
เข้า	O
ไป	O
ทัก	O
ไป	O
จีบ	O
อะไร	O
แบบ	O
นี้	O
_	O
ถาม	O
ว่า	O
จะ	O
ติด	O
ไหม	O
_	O
ก็	O
ไม่	O
แต่	O
อยาก	O
จีบ	O
อยาก	O
ไป	O
หยอด	O
มุก	NORM_1WORD
ใส่	O
เหมือน	O
คน	O
ตาม	O
จีบ	O
และ	O
_	O
เขา	O
ก็	O
เป็น	O
ผู้ชาย	O
ใน	O
สเป็ค	NORM_1WORD
ฉัน	O
อ่ะ	NORM_1WORD
_	O
ฉัน	O
ก็	O
อยาก	O
สัมผัน	NORM_1WORD
เขา	O
บ้างงงงง	NORM_1WORD
_	O
เป็น	O
_	O
ฟค.	NORM_1WORD
มัน	O
ต้อง	O
ระวัง	O

พี่	O
ตา	O
คะ	O
_	O
คือ	O
น้อง	O
ไม่	O
โอเค	O
อ่ะ	NORM_1WORD
_	O
น้อง	O
เจ็บ	O
_	O
เพราะ	O
ที่	O
ตรงนั้น	O
มัน	O
ไม่	O
ใช่	O
ของ	O
น้อง	O
_	O
เหมือน	O
อยู่	O
ผิด	O
ที่	O
_	O
น้อง	O
เจ็บ	O
ค่ะ	O
พี่	O
ตา	O
_	O
น้อง	O
ไม่	O
โอแค	NORM_1WORD
_	O
//	O
_	O
ไรท์	NORM_1WORD
เก่ง	O
มากๆ	NORM_2WORD
เลย	O
ค่ะ	O
_	O
สื่อ	O
-	O
ออก	O
มา	O
ได้	O
ดีจ	O
ริงๆ	O
_	O
คนอ่าน	O
อย่าง	O
เราๆ	NORM_2WORD
คือ	O
เข้าใจ	O
ใน	O
สิ่ง	O
ที่	O
ไรท์	NORM_1WORD
จะ	O
สื่อ	O
ถึง	O
อารมณ์	O
ของ	O
ตัวละคร	O
ทั้ง	O
หลาย	O
_	O
คือ	O
มัน	O
เจ็บ	O
มาก	O
_	O
คิดถึง	O
ไรท์	NORM_1WORD
นะ	O
คะ	O
_	O
อยาก	O
กระโดด	O
กอด	O
_	O
จบ	O
การรีวิว	O

ปัญ	O
เป็น	O
center	O
ที่	O
ดี	O
_	O
เป็น	O
กัปตันทีม	O
ที่	O
ดี	O
_	O
และ	O
น่ารัก	O
เสมอ	O
สำหรับ	O
พี่	O
_	O
ดีใจ	O
ที่	O
ปัญ	O
ทำ	O
หน้าที่	O
ของ	O
ตัวเอง	O
ได้	O
ดี	O
มาก	O
_	O
ไม่	O
ต้อง	O
เสียใจ	O
ไม่ว่า	O
ปัญ	O
จะ	O
อยู่	O
ตรง	O
ไหน	O
พี่	O
จะ	O
มองเห็น	O
ปัญ	O
เสมอ	O
_	O
ไม่ว่า	O
ปัญ	O
จะ	O
เป็น	O
center	O
หรือ	O
ไม่	O
ได้	O
เป็น	O
_	O
ยืน	O
แถว	O
หน้า	O
หรือ	O
แถว	O
หลัง	O
พี่	O
มอง	O
ไป	O
ก็	O
เจอ	O
_	O
#	O
Pun	O
bnk48	O
_	O
#BNKFestival	O
_	O
#	O
BNK48	O
_	O
#9ใหม่ไปกับ	O
ปัญ	O
_	O
#รักนะ	O
ปัญ	O

#	O
BNK48	O
_	O
เมื่อ	O
วาน	O
มี	O
ประกาศ	O
พรีฯ	NORM_1WORD
_	O
PS	O
_	O
debut	O
_	O
รุ่น	O
_	O
2	O
_	O
แล้ว	O
_	O
เลย	O
นึก	O
ขึ้น	O
ได้	O
ว่า	O
_	O
ได้	O
ของ	O
_	O
PS	O
_	O
changsuek	O
_	O
รุ่น	O
_	O
1	O
_	O
มา	O
_	O
แต่	O
ยัง	O
ไม่	O
ได้	O
เชค	NORM_1WORD
ของ	O
นี่	O
น่า	O
_	O
(	O
ลืม	O
จริง	O
)	O
พอ	O
มา	O
เชค	NORM_1WORD
ดู	O
..	O
_	O
มี	O
ใคร	O
สนใจ	O
เทรด	O
_	O
หรือ	O
รับ	O
บาง	O
ใบ	O
มั้ย	NORM_1WORD
ครับ	O
_	O
ได้	O
มา	O
ซ้ำ	O
อยู่	O
และ	O
หลาย	O
คน	O
ผม	O
ไม่	O
คอมพ์	O
อะ	O
_	O
แต่	O
_	O
#	O
Cherprang	O
BNK48	O
_	O
คอมพ์	O
_	O
ก็	O
แฮปปี้	O
_	O
ละ	O
_	O
3	O
_	O
#	O
BNK48	O
xChangsuek	O
_	O
#Photoset	O

สวัสดี	O
ชาว	O
ทวิต	O
_	O
ผม	O
มา	O
บอก	O
ความในใจ	O
กับ	O
พี่พี่	NORM_1WORD
ครับ	O
_	O
เขา	O
เป็น	O
รุ่นพี่	O
คน	O
แรกๆ	NORM_2WORD
ที่	O
ผม	O
รู้จัก	O
_	O
ตอน	O
แรก	O
เขา	O
ก็	O
โหดๆ	NORM_2WORD
นะ	O
แต่	O
ผม	O
ดันทุรัง	O
คุย	O
กับ	O
เขา	O
ได้	O
จน	O
ตอน	O
นี้	O
_	O
ผม	O
เก่ง	O
_	O
เขา	O
คุย	O
ง่าย	O
กว่า	O
ที่	O
ผม	O
คิด	O
นะ	O
ครับ	O
_	O
แต่	O
เสีย	O
อย่าง	O
เดียว	O
พี่	O
เขา	O
เป็น	O
เสี่ย	O
ที่	O
ไม่	O
เปย์	O
อิ	NORM_1WORD
หนู	O
ไม่	O
ยอม	O
ซื้อ	O
ชานมไข่มุก	O
ให้	O
หนู	O
ครับ	O
_	O
เสียดาย	O
เสียใจ	O
มากๆ	NORM_2WORD
_	O
เลย	O
เลิกรา	O
กัน	O
ไป	O
แล้ว	O
ครับ	O

อัญญา	O
น่ารัก	O
_	O
ใจดี	O
_	O
สวย	O
_	O
และ	O
ดูแล	O
ใบพัด	O
ดี	O
มาก	O
_	O
เป็น	O
ผู้หญิง	O
ที่	O
ปกป้อง	O
ใบพัด	O
ได้	O
ดี	O
มากๆ	NORM_2WORD
_	O
ฆ้องวง	O
(	O
ผัว	O
รอง	O
)	O
ตอน	O
แรก	O
_	O
นิสัย	O
ไม่	O
ดี	O
เลย	O
_	O
ชอบ	O
แกล้ง	O
คนอื่น	O
เหมือน	O
เรียกร้อง	O
ความสนใจ	O
_	O
ใคร	O
นึก	O
ไม่	O
ออก	O
ให้	O
นึก	O
ถึง	O
เมะ	O
ใน	O
นิยาย	O
วาย	O
_	O
นิสัย	O
เหมือน	O
เมะ	O
มาเฟีย	O
_	O
คาแรคเตอร์	NORM_1WORD
แบบ	O
นี้	O
เลย	O
_	O
พอ	O
เห็น	O
ใบพัด	O
ร้องไห้	O
ก็	O
กลับใจ	O
//	O
มโน	O
_	O
#	O
วัยแสบสาแหรกขาด	O
2ตอนจบ	O

เป็น	O
คน	O
ที่	O
พูด	O
คำหยาบ	O
นะ	O
_	O
พูด	O
กับ	O
เพื่อน	O
สนิท	O
บาง	O
คน	O
_	O
บาง	O
คน	O
ที่	O
สนิท	O
เรา	O
ก็	O
ไม่	O
พูด	O
หยาบ	O
อะ	O
_	O
แต่	O
สำหรับ	O
คน	O
ที่	O
เรา	O
ไป	O
เมคเฟรน	O
เค้า	O
_	O
แล้ว	O
ครั้ง	O
ต่อ	O
มา	O
_	O
ก็	O
พูด	O
คำหยาบ	O
ใส่	O
เรา	O
_	O
ทั้ง	O
ที่	O
เรา	O
ก็	O
ไม่	O
ได้	O
พูด	O
หยาบ	O
กับ	O
เค้า	O
นี่	O
รู้สึก	O
แปลก	O
เหมือน	O
กัน	O
อะ	O
_	O
แต่	O
ก็	O
ไม่	O
ได้	O
คิด	O
อะไร	O
มาก	O
_	O
เพราะ	O
บาง	O
คน	O
น่ารัก	O
_	O
พูด	O
ไป	O
ยิ้ม	O
ไป	O
งี้	O
_	O
ให้	O
อภัย	O
ได้	O
_	O
555555555555555555555	O

รีวิว	O
จับมือ	O
_	O
#NikyBNK48	O
_	O
(	O
1	O
/	O
3	O
)	O
_	O
10	O
_	O
ใบ	O
_	O
ไม่	O
มี	O
รอบ	O
พิเศษ	O
_	O
-	O
_	O
แรกๆ	NORM_2WORD
ก็	O
ทักทาย	O
ปกติ	O
_	O
จำ	O
ไม่	O
ค่อย	O
ได้	O
ว่า	O
คุย	O
ไร	NORM_1WORD
ไป	O
บ้าง	O
_	O
-	O
_	O
คุย	O
เรื่อง	O
วงไอดอล	O
อีก	O
วง	O
นึง	NORM_1WORD
ที่	O
พึ่ง	O
เปิดตัว	O
ไป	O
ไม่	O
นาน	O
_	O
ก็	O
คุย	O
เรื่อง	O
เพลง	O
วง	O
นั้น	O
_	O
คน	O
รู้จัก	O
ใน	O
วง	O
นั้น	O
_	O
แล้วก็	O
สถาบัน	O
ที่	O
เคย	O
เรียน	O
_	O
-	O
_	O
เพลง	O
วง	O
นั้น	O
น้อง	O
ฟัง	O
แล้ว	O
_	O
น้อง	O
บอก	O
ชอบ	O
เพลง	O
แรก	O
_	O
#Bnk48HandShakeEvent	O
_	O
#BNK48	O
_	O
at	O
_	O
BITEC	O
_	O
(	O
ศูนย์นิทรรศการและการประชุมไบเทค	O
)	O

มี	O
เครดิต	O
ขอ	O
ดู	O
รูป	O
เพิ่มเติม	O
ได้	O
คุย	O
ก่อน	O
ได้	O
ค่ะ	O
_	O
เดบิ้ว	NORM_1WORD
รุ่น	O
2	O
_	O
เซมิ	O
ดีนี่	NORM_1WORD
_	O
90	O
฿	O
_	O
เดี่ยว	O
มัยร่า	O
_	O
50	O
฿	O
_	O
เดี่ยว	O
เค้ก	O
_	O
50	O
฿	O
_	O
Kimiwamelody	O
_	O
คอมพ์	O
แบมบู	O
_	O
300	O
฿	O
_	O
คอมพ์	O
จ๋า	O
_	O
250	O
฿	O
_	O
เดี่ยว	O
ออม	O
_	O
100	O
฿	O
_	O
ที่รองแก้ว	O
v.	O
2	O
+	O
ฟตซ.	NORM_1WORD
9	O
_	O
มิโอริ	O
+	O
เมษา	O
_	O
100	O
฿	O
_	O
ลทบ.	O
30	O
฿	O
_	O
ems	O
.	O
50	O
฿	O
_	O
#BNK48GeneralElection	O
_	O
#BNK48	O
_	O
#BNKFestival	O
_	O
#BNK48maket	O
_	O
#ตลาดนัดbnk48	O

ฟค.	NORM_1WORD
ที่	O
ตาม	O
_	O
bnk48	O
_	O
จะ	O
รู้จัก	O
ดี	O
ครับ	O
ว่า	O
ด้อม	O
มล	O
(	O
พิษ	O
)	O
ภาวะ	O
คือ	O
ด้อม	O
ไหน	O
_	O
ผม	O
เคย	O
โอชิ	O
มา	O
ก่อน	O
_	O
เห็น	O
ได้	O
ง่าย	O
ตาม	O
_	O
fb	O
_	O
ยูทูป	NORM_1WORD
_	O
แต่	O
ที่	O
น่าเกลียด	O
ที่สุด	O
คือ	O
ไป	O
ด่า	O
ว่า	O
โฆษณา	O
ทรู	O
ฉบับ	O
พนักงาน	O
_	O
ว่า	O
เมม	NORM_1WORD
ตัวเอง	O
มี	O
แอร์ไทม์	O
น้อย	O
_	O
จน	O
เขา	O
ต้อง	O
ลบ	O
คลิป	O
ออก	O
จาก	O
ยูทูป	NORM_1WORD
_	O
หรือ	O
ถ้า	O
งาน	O
ไหน	O
ไม่	O
มี	O
เมม	NORM_1WORD
ตัวเอง	O
ไป	O
ออก	O
_	O
ก็	O
จะ	O
มา	O
เมนท์	NORM_1WORD
ไม่	O
มี	O
เมม	NORM_1WORD
ตัวเอง	O
ไม่	O
ดู	O
_	O
ถ้า	O
มี	O
ก็	O
อวย	O

ชอบ	O
รอยยิ้ม	O
ของ	O
พวก	O
แก	O
สอง	O
คน	O
จัง	O
เพราะ	O
แบบ	O
นี้	O
ไง	O
ข้า	O
ถึง	O
อยู่	O
ด้อม	O
นี้	O
มา	O
จน	O
ทุก	O
วัน	O
นี้	O
_	O
ติดตาม	O
มา	O
ตั้งแต่	O
วัน	O
แรก	O
ที่	O
พวก	O
แก	O
สอง	O
คน	O
เข้า	O
บีเอ็นเค	O
มา	O
_	O
บอก	O
เลย	O
ไม่	O
มี	O
สิ่ง	O
ใหน	NORM_1WORD
เท่า	O
พวก	O
แก	O
แล้ว	O
_	O
ข้า	O
บอก	O
เลย	O
ว่า	O
ข้า	O
ไม่	O
ได้	O
ชิป	O
แบบ	O
.	O
_	O
แต่	O
ข้า	O
อยู่	O
และ	O
รัก	O
ปจน	O
ได้	O
เพราะ	O
ความรัก	O
ของ	O
พวก	O
แก	O
สอง	O
คน	O
จริงๆ	NORM_2WORD
ต่าง	O
หาก	O
_	O
เรา	O
จะ	O
ผ่าน	O
มัน	O
ไป	O
ให้	O
ได้	O
ทั้ง	O
ปต	O
#ปัญเจนนิษฐ์	O

ตอน	O
นั้น	O
ครู	O
ให้	O
ออก	O
มา	O
ทำ	O
ลบ	O
_	O
อี	O
นี่	O
ก็	O
งงๆ	NORM_2WORD
เบลอๆ	O
แต่	O
จริงๆ	NORM_2WORD
มัน	O
ง่าย	O
มาก	O
_	O
พอ	O
ถึง	O
10	O
-	O
3	O
_	O
อี	O
นี่	O
ก็	O
นึก	O
ว่า	O
5	O
+	O
3	O
ก็	O
เลย	O
เขียน	O
8	O
บน	O
กระดาน	O
_	O
ไม่	O
มั่นใจ	O
เลย	O
_	O
พอ	O
กลับ	O
มา	O
ถึง	O
บ้าน	O
ตอน	O
อาบน้ำ	O
ลอง	O
คิด	O
ใหม่	O
ชู	O
ขึ้น	O
มา	O
10	O
นิ้ว	O
ลบ	O
ออก	O
ไป	O
3	O
อ้าว	O
ได้	O
7	O
นี่ว่า	NORM_1WORD
_	O
รู้สึก	O
อาย	O
มาก	O
_	O
ครู	O
ถึง	O
กับ	O
ปวด	O
หัว	O
เลย	O
_	O
ถึงว่า	O
ทำไม	O
เพื่อน	O
มัน	O
ได้	O
7	O
กัน	O
_	O
#เบลอแต่เช้า	O
_	O
#เรื่องมันช่างน่าอาย	O

เวลา	O
เขียน	O
เหมือนกัน	O
_	O
ถ้า	O
ให้	O
เขียน	O
essay	O
เป็น	O
อิ้ง	O
คือ	O
จะ	O
ชิล	O
มาก	O
_	O
แต่	O
ถ้า	O
ต้อง	O
เขียน	O
เป็น	O
ภาษา	O
ไทย	O
_	O
เรา	O
น่า	O
จะ	O
_	O
sounds	O
_	O
like	O
_	O
เด็ก	O
ประถม	O
_	O
อัน	O
นี้	O
คือ	O
ข้อ	O
เสีย	O
มากๆ	NORM_2WORD
ของ	O
เรา	O
_	O
ไม่	O
ได้	O
กระแดะ	O
ว่า	O
เรียน	O
นอก	O
/	O
อินเตอร์	O
แล้ว	O
พูด	O
ไทย	O
ไม่	O
ได้	O
_	O
คือ	O
ระดับ	O
ทั่วไป	O
พูด	O
ได้	O
ชัด	O
เหมือน	O
เดิม	O
(	O
มี	O
ลืม	O
คำศัพท์	O
บ้าง	O
)	O
_	O
แต่	O
ระดับ	O
academic	O
นี่	O
ห่วย	O
มาก	O
_	O
อยาก	O
ร้องไห้	O

หนัง	O
ใน	O
_	O
#Netflix	O
_	O
นี่	O
มัน	O
นิยาย	O
แจ่มใส	O
ชัดๆ	NORM_2WORD
_	O
ถาม	O
ว่า	O
ชอบ	O
มั้ย	NORM_1WORD
ก็	O
ชอบ	O
_	O
แต่	O
ชอบ	O
แบบ	O
ต้อง	O
กรอก	O
ตา	O
บ่อยๆ	NORM_2WORD
_	O
เพราะ	O
เนื้อ	O
เรื่อง	O
คือ	O
บั่บ	NORM_1WORD
ชีวิต	O
นี้	O
ทั้ง	O
ชีวิต	O
ฉัน	O
ก็	O
ไม่	O
มี	O
วัน	O
ได้	O
เจอ	O
อย่าง	O
ยัย	O
_	O
#SierraBurgessIsALoser	O
_	O
แน่นอน	O
_	O
หรือ	O
อย่าง	O
นัง	O
ลาร่า	O
จีน	O
_	O
#ToAllTheBoysIHaveLoveBefore	O
_	O
น่ะ	O
เหรอ	O
_	O
อย่า	O
หวัง	O
_	O
เพราะ	O
ชีวิต	O
จริง	O
มัน	O
ยาก	O
เกิน	O
โว้ยยยยย	NORM_1WORD

*	O
ขอ	O
ระบาย	O
อะไร	O
บาง	O
อย่าง	O
_	O
เหตุการณ์	O
บาง	O
อย่าง	O
ที่	O
เกิด	O
ขึ้น	O
ใน	O
วันนี้	O
ทำให้	O
เรา	O
รู้สึก	O
แย่	O
กับ	O
การแต่ง	O
ฟิค	NORM_1WORD
มากๆ	NORM_2WORD
_	O
เพราะ	O
อะไร	O
_	O
เพราะ	O
เรา	O
เอา	O
ประเด็น	O
ซึมเศร้า	O
มา	O
ใส่	O
ใน	O
ฟิค	NORM_1WORD
_	O
แต่	O
พอ	O
เจอ	O
อะไร	O
แนว	O
นั้น	O
จริงๆ	NORM_2WORD
_	O
กลับ	O
ทำ	O
อะไร	O
ไม่	O
ถูก	O
เลย	O
_	O
รู้สึก	O
ไม่	O
ดี	O
ที่	O
เรา	O
เขียน	O
นิยาย	O
เรื่อง	O
นี้	O
แต่	O
เรา	O
ไม่	O
สามารถ	O
ทำ	O
อะไร	O
ได้	O
_	O
กลัว	O
ข้อมูล	O
ที่	O
เสิร์ช	O
มา	O
ผิดพลาด	O
มากๆ	O

รีวิว	O
ไป	O
หา	O
พี่	O
ไอซ์	O
_	O
แบบ	O
งาน	O
เดี่ยว	O
_	O
ที่	O
ไม่ใช่	O
งาน	O
9	O
x	O
9	O
_	O
ครั้งแรก	O
!!!	O
_	O
คือ	O
ให้	O
เพื่อน	O
ต่อ	O
คิว	O
ลายเซ็น	O
ให้	O
_	O
ละ	O
ตัวเอง	O
ไป	O
รอ	O
หน้าเวที	O
_	O
ยืน	O
รอ	O
อยู่	O
1	O
ชม.	O
20	O
นาที	O
_	O
พี่	O
ไอซ์	O
ก็	O
มา	O
!	O
คือ	O
ข้าง	O
เรา	O
ซ้าย	O
ขวา	O
_	O
มี	O
แต่	O
คน	O
ถือ	O
กล้อง	O
คือ	O
ชัตเตอร์	O
รัว	O
สุด	O
ชีวิต	O
_	O
จังหวะ	O
นั้น	O
คือ	O
_	O
#IcePariss	O
_	O
#งานสัปดาห์หนังสือแห่งชาติครั้งที่47	O
_	O
#มาหา	O
พี่	O
ไอซ์	O
ครั้งที่2	O

เราๆ	NORM_2WORD
อาจ	O
จะ	O
โดน	O
จุดโมเอะ	O
บาง	O
อย่าง	O
ที่	O
มาก	O
น้อย	O
แตกต่าง	O
กัน	O
ไป	O
ค่ะ	O
_	O
555	O
_	O
เพราะ	O
ทุก	O
คน	O
น่าจะ	O
รู้สึก	O
ว่า	O
แก	O
ควร	O
มี	O
คน	O
ปกป้อง	O
ดูแล	O
บ้าง	O
_	O
พอ	O
กับ	O
ท่านรอง	O
_	O
จะ	O
โดน	O
กอด	O
ก็	O
ดี	O
หรือ	O
กอด	O
เขา	O
ก็	O
ดี	O
_	O
ไม่	O
ว่า	O
จะ	O
ใน	O
ฐานะ	O
อะไร	O
_	O
ทุก	O
คน	O
ก็	O
ยัง	O
อยาก	O
เห็น	O
คุณ	O
กิน	O
มี	O
ความสุข	O
เหมือน	O
กัน	O
_	O
มุมมอง	O
ที่	O
เห็น	O
เขา	O
ถูก	O
รัก	O
และ	O
ได้	O
รัก	O
_	O
ต่าง	O
แค่	O
ประทับใจ	O
แบบ	O
ไหน	O
มาก	O
กว่า	O
เท่า	O
นั้น	O
เอง	O

บะละหื้อ	O
บะละเห้อ	O
_	O
ส่วน	O
งาน	O
มาม่า	O
นี่	O
โวย	O
ไม่	O
ได้	O
หรอก	O
เรื่อง	O
รางวัล	O
_	O
ต่อให้	O
ยอด	O
ชาร์ต	O
ยอด	O
โหวต	O
อะไร	O
ดี	O
_	O
แต่	O
ไม่	O
ไป	O
_	O
+	O
_	O
ความทะเลาะ	O
ของ	O
วายจี	O
อะ	O
_	O
ไม่	O
ได้	O
หรอก	O
_	O
ตอน	O
ข่าว	O
บม	O
ตอน	O
นั้น	O
_	O
อัลบั้ม	O
ครัช	NORM_1WORD
โหด	O
จะ	O
ตาย	O
ยัง	O
ไม่	O
ได้	O
เลย	O
_	O
รายการ	O
มัน	O
สนุก	O
น้อย	O
ลง	O
ใน	O
ความเห็น	O
นะ	O
พอ	O
มัน	O
ไม่	O
ค่อย	O
_	O
collab	O
_	O
อะ	O
_	O
แต่	O
นี่	O
ก็	O
สนุก	O
นะ	O
_	O
มี	O
คุกกี้เสี่ยงทาย	O
555555555555555	O

6	O
.	O
#	O
พี่	O
แทน	O
ช่างกล	O
_	O
เป็น	O
ฟิค	NORM_1WORD
_	O
#แทเตนล์	O
_	O
น่ารัก	O
มากกก	NORM_1WORD
_	O
เหมือน	O
นายเอก	O
ชอบ	O
พระเอก	O
พอ	O
รู้	O
ว่า	O
พี่	O
สนใจ	O
เลย	O
ขอ	O
เป็น	O
แฟน	O
เลย	O
555	O
_	O
พี่แก	O
ทั้ง	O
หลง	O
เมีย	O
ทั้ง	O
กลัว	O
เมีย	O
และ	O
สปอย	NORM_1WORD
น้อง	O
มากก	NORM_1WORD
มีความ	O
เรียก	O
กัน	O
พี่	O
จ๋า	O
กับ	O
น้อง	O
หมวย	O
_	O
-	O
นายเอก	O
น่ารัก	O
แบบ	O
นว้องงงง	NORM_1WORD
!	O
_	O
-	O
พระเอก	O
คือ	O
สายบวก	O
มาก	O
เวอร์	O
_	O
-	O
ถึง	O
เป็น	O
ฟิค	NORM_1WORD
แต่	O
พอ	O
อ่าน	O
เหมือน	O
นิยาย	O
เลย	O
_	O
-	O
ไรท์	NORM_1WORD
หา	O
รูป	O
มา	O
ดี	O
มากก	NORM_1WORD

อย่าง	O
แบบ	O
_	O
บตบก.	O
_	O
มี	O
สินค้า	O
รีวิว	O
เหมือน	O
กัน	O
_	O
สไตล์	O
แต่	O
ละ	O
คน	O
ไม่	O
เหมือน	O
กัน	O
_	O
แฟชั่น	O
นิสต้า	O
_	O
หรือ	O
คน	O
ชอบ	O
โน้ต	O
_	O
หรือ	O
คน	O
ที่	O
มี	O
ปสก.	O
_	O
อะไร	O
สัก	O
อย่าง	O
มากๆ	NORM_2WORD
_	O
มี	O
สิ่ง	O
ที่	O
ได้	O
กลับ	O
มา	O
เพื่อ	O
แชร์	O
ต่อ	O
_	O
(	O
ใน	O
ที่	O
นี้	O
อาจ	O
จะ	O
เป็น	O
ความคิด	O
หรือ	O
คำ	O
แนะนำ	O
ที่ผ่าน	O
ตัว	O
คน	O
แชร์	O
มา	O
แล้ว	O
)	O
แล้ว	O
มัน	O
ถูก	O
กับ	O
ใจ	O
คน	O
_	O
อัน	O
ที่	O
จริง	O
ก็	O
บอก	O
ไม่	O
ถูก	O
_	O
แมส	O
ของ	O
แต่	O
ละ	O
คน	O
คง	O
ไม่	O
เหมือน	O
กัน	O

ปวด	O
หัว	O
กับ	O
การสอบ	O
แล้ว	O
_	O
ส่ง	O
การบ้าน	O
มา	O
ให้	O
เรา	O
ทาง	O
นี้	O
เลย	O
_	O
ทีมงาน	O
คุณภาพ	O
พร้อม	O
ให้	O
บริการ	O
_	O
งานดี	O
_	O
รีวิว	O
แน่น	O
_	O
ทัก	O
DM	O
_	O
#รับทำการบ้าน	O
_	O
#รับจ้างทำการบ้าน	O
_	O
#รับทำรายงาน	O
_	O
#รับแปลงาน	O
_	O
#รับพิมพ์งาน	O
_	O
#รับทำแผ่นพับ	O
_	O
#รับแต่งกลอน	O
_	O
#การบ้าน	O
_	O
#ฝากร้าน	O
_	O
#dek62	O
_	O
#dek63	O
_	O
#dek64	O
_	O
#dek65	O
_	O
#dek66	O
_	O
#9สามัญ	O
_	O
#9วิชาสามัญ	O
_	O
#ตลาดนัดBNK48	O

ปัญหาความเหลื่อมล้ำ	O
ใน	O
ประเทศ	O
ไทย	O
นับวัน	O
จะ	O
ยิ่ง	O
ทวี	O
ความรุนแรง	O
เพิ่ม	O
มาก	O
ขึ้น	O
_	O
เพราะ	O
ระบบอุปถัมภ์	O
_	O
กลุ่ม	O
อภิสิทธิ์ชน	O
กุม	O
อำนาจ	O
ไว้	O
_	O
แนวทาง	O
พรรค	O
ไทยรักษาชาติ	O
_	O
คือ	O
_	O
ลด	O
รายจ่าย	O
_	O
เพิ่ม	O
รายได้	O
_	O
ขยาย	O
โอกาส	O
_	O
ใน	O
การแก้	O
ปัญหา	O
ความเหลื่อมล้ำ	O
_	O
คือ	O
_	O
ต้อง	O
เริ่ม	O
แก้	O
ปัญหาเศรษฐกิจ	O
_	O
-	O
_	O
ร.ท.	O
ปรีชาพล	O
พงษ์พานิช	O
_	O
หัวหน้า	O
พรรค	O
ไทยรักษาชาติ	O
_	O
at	O
_	O
มหาวิทยาลัย	O
ศรีนครินทรวิโรฒ	O
_	O
(	O
Srinakharinwirot	O
University	O
)	O

ด้วย	O
ความเคารพ	O
นะ	O
คับ	NORM_1WORD
_	O
ผม	O
เอง	O
ก็	O
เคย	O
โดน	O
การ์ด	O
เสื้อ	O
แดง	O
ทำร้าย	O
และ	O
ไม่	O
ได้	O
ลืม	O
การเผา	O
..	O
การที่	O
ไม่	O
หนุน	O
ลุง	O
_	O
ตู่	O
_	O
ไม่	O
ใช่	O
_	O
=	O
_	O
รัก	O
_	O
พท.	O
_	O
ชาว	O
_	O
#	O
ประชาธิปัตย์	O
_	O
ส่วน	O
ใหญ่	O
_	O
รู้จัก	O
แบ่ง	O
แยก	O
ชั่ว	O
ดี	O
_	O
ใคร	O
ทำ	O
ผิด	O
เรา	O
ก็	O
ไม่	O
หนุน	O
_	O
ไม่	O
ว่า	O
จะ	O
ฝ่าย	O
ไหน	O
_	O
การเอาเปรียบ	O
ด้วย	O
_	O
สว	O
_	O
250	O
_	O
เป็น	O
เหตผล	NORM_1WORD
หลีก	NORM_1WORD
ที่	O
ผม	O
หนุน	O
ให้	O
_	O
ค.	NORM_1WORD
_	O
อภิสิทธิ์	O
_	O
รับ	O
เป็น	O
_	O
นายก	O
_	O
#democratis	O

ไม่	O
รู้	O
อะ	O
_	O
อ่าน	O
เจอ	O
มา	O
_	O
แฮร่	NORM_1WORD
_	O
แล้ว	O
ฟัง	O
เพลง	O
ก็	O
แปลกๆ	NORM_2WORD
_	O
แต่	O
โดย	O
รวม	O
น่ารัก	O
(	O
เรา	O
เฉยๆ	O
กับ	O
อัน	O
นั้น	O
_	O
ในขณะที่	O
เรา	O
ไม่	O
ชอบ	O
เพลง	O
โชนิจิ	O
เลย	O
)	O
_	O
เรา	O
ว่า	O
มัน	O
บิด	O
ได้	O
_	O
มัน	O
ไม่	O
ได้	O
ต้อง	O
ใช้	O
คำ	O
เป๊ะ	O
ขนาด	O
นั้น	O
_	O
ภาษา	O
ไทย	O
มี	O
คำ	O
ให้	O
เลือก	O
เยอะ	O
มาก	O
_	O
ถ้า	O
ญี่ปุ่น	O
โอเค	O
กับ	O
อัน	O
นี้	O
_	O
ก็	O
เข้าใจ	O
_	O
เพราะ	O
เค้า	NORM_1WORD
เป็น	O
คน	O
ตัดสิน	O
_	O
แต่	O
เรา	O
ว่า	O
มัน	O
ไม่	O
โอเค	O
ใน	O
มุมมอง	O
ภาษา	O
เพลง	O
ค่ะ	O

4	O
ปี	O
_	O
และ	O
ตลอด	O
เวลา	O
4	O
ปี	O
พยายาม	O
ตัดใจ	O
ตลอด	O
เพราะ	O
เป็น	O
เพื่อน	O
กัน	O
_	O
แต่	O
วัน	O
เวลา	O
ผ่าน	O
ไป	O
เรา	O
ยิ่ง	O
ผูกพัน	O
กับ	O
เขา	O
_	O
อยู่ๆ	O
วัน	O
นึง	NORM_1WORD
เขา	O
ก็	O
หาย	O
ไป	O
แบบ	O
ไม่	O
ได้	O
บอก	O
กล่าว	O
ว่า	O
ที่	O
ไป	O
เพราะ	O
อะไร	O
_	O
สรุป	O
เขา	O
มอฟ	O
ออน	O
ไป	O
ตาม	O
สิ่ง	O
ที่	O
เขา	O
ต้องการ	O
_	O
และ	O
ใช่	O
เรา	O
ไม่	O
ใช่	O
สิ่ง	O
ที่	O
เขา	O
ต้องการ	O
_	O
อีก	O
ต่อ	O
ไป	O
_	O
และ	O
สิ่ง	O
ที่	O
ยัง	O
ค้าง	O
อยู่	O
ใน	O
ใจ	O
เรา	O
ตลอด	O
มา	O
คือ	O
_	O
เขา	O
เคย	O
รัก	O
เรา	O
บ้าง	O
ไหม	O

เป็น	O
เมมเบอร์	O
_	O
#BNK48	O
_	O
นอกจาก	O
ต้อง	O
สละ	O
ชีวิต	O
ส่วนตัว	O
ออก	O
ไป	O
เกือบ	O
หมด	O
แล้ว	O
_	O
ยัง	O
ต้อง	O
เผชิญ	O
ความกดดัน	O
อีก	O
มากมาย	O
_	O
ทั้ง	O
ต้อง	O
แข่งขัน	O
_	O
ต้อง	O
อดทน	O
_	O
การเป็น	O
เมมเบอร์	O
วง	O
นี้	O
ต้อง	O
ทน	O
ต่อ	O
แรง	O
เสียดทาน	O
ได้	O
มาก	O
จริงๆ	NORM_2WORD
เหมือน	O
การเลือกตั้ง	O
ครั้ง	O
นี้	O
ทุก	O
คน	O
ก็	O
เต็มที่	O
กัน	O
หมด	O
จริงๆ	NORM_2WORD
_	O
พยายาม	O
กัน	O
ทุก	O
ทาง	O
_	O
ไม่	O
มี	O
ใคร	O
อยาก	O
เห็น	O
น้ำตา	O
ของ	O
เมมเบอร์	O
หรอก	O
เนอะ	O

คดี	O
นี้	O
คือ	O
โหด	O
มาก	O
อะ	O
ผญ.	O
อายุ	O
19	O
ท้อง	O
ได้	O
9	O
เดือน	O
แล้ว	O
ที่	O
บ้าน	O
ไม่	O
ค่อย	O
มี	O
เงิน	O
เธอ	O
เลย	O
โพสต์	O
ใน	O
กลุ่ม	O
ช่วยเหลือ	O
เพื่อนหญิง	O
ขอ	O
รับ	O
บริจาค	O
พวก	O
เสื้อผ้า	O
เด็ก	O
_	O
ละ	NORM_1WORD
มี	O
คน	O
ติดต่อ	O
มา	O
จะ	O
บริจาค	O
ให้	O
แต่	O
กลาย	O
เป็น	O
ว่า	O
คน	O
ที่	O
ติดต่อ	O
มา	O
พา	O
ไป	O
ฆ่า	O
แล้ว	O
ควัก	O
ลูก	O
ออก	O
เนื่องจาก	O
เพิ่ง	O
เสีย	O
ลูก	O
ไป	O
พร้อม	O
พา	O
ไป	O
รพ.	O
บอก	O
ว่า	O
คลอด	O
เอง	O
_	O
อัมหิต	NORM_1WORD
มากๆ	NORM_2WORD
_	O
แต่	O
ก็	O
ถูก	O
จับ	O
ใน	O
ที่สุด	O

ใน	O
วัน	O
แรก	O
ที่	O
ผม	O
เป็น	O
เพียง	O
แค่	O
ผู้	O
ชม	O
ทั่วไป	O
_	O
ที่	O
ไม่	O
รู้จัก	O
_	O
#BNK48	O
_	O
นี่	O
คือ	O
ภาพ	O
ที่	O
ผม	O
ถ่าย	O
เก็บ	O
ไว้	O
ใน	O
วัน	O
นั้น	O
_	O
เวลา	O
ผ่าน	O
มา	O
เกิน	O
ครึ่ง	O
ปี	O
_	O
และ	O
น้อง	O
ที่	O
สร้าง	O
ความประทับใจ	O
ให้	O
ผม	O
ได้	O
ตั้งแต่	O
วัน	O
แรก	O
จนถึง	O
ตอน	O
นี้	O
ก็	O
คือ	O
_	O
#NamsaiBNK48	O
_	O
=	O
=	O
=	O
=	O
=	O
=	O
=	O
=	O
=	O
=	O
=	O
=	O
=	O
=	O
=	O
=	O
=	O
=	O
=	O
=	O
=	O
=	O
=	O
=	O
=	O
=	O
=	O
=	O
=	O
=	O
=	O
=	O
=	O
=	O
=	O
=	O
=	O
=	O
_	O
ปล.	NORM_1WORD
เฝ้า	O
รอ	O
วัน	O
ที่	O
จะ	O
ได้	O
เห็น	O
น้อง	O
เฉิดฉาย	O
อยู่	O
เสมอ	O
ครับ	O

นึก	O
ถึง	O
วัน	O
ที่	O
เนย	O
ยัง	O
เป็น	O
แค่	O
สมาชิก	O
คน	O
หนึ่ง	O
ใน	O
_	O
BNK48	O
_	O
ที่	O
ไม่	O
โดดเด่น	O
อะไร	O
มากมาย	O
_	O
แล้ว	O
ก็	O
สงสัย	O
นะ	O
_	O
ว่า	O
ทำไม	O
รู้สึก	O
ชอบ	O
จน	O
ยก	O
เป็น	O
_	O
คามิ	O
_	O
แต่	O
ยิ่ง	O
ผ่าน	O
วัน	O
ที่	O
มี	O
ความสุข	O
และ	O
น้ำตา	O
มา	O
ด้วย	O
กัน	O
_	O
ยิ่ง	O
ผูกพัน	O
_	O
เนย	O
ก้าว	O
ไป	O
ข้าง	O
หน้า	O
เสมอ	O
_	O
แต่	O
ไม่	O
เคย	O
ลืม	O
หัน	O
กลับ	O
มา	O
มอง	O
คน	O
ที่	O
อยู่	O
ข้าง	O
หลัง	O
_	O
คน	O
นี้	O
แหละ	O
คามิ	O
_	O
และ	O
คง	O
ไม่	O
มี	O
ใคร	O
มา	O
แทน	O
ได้	O
_	O
#	O
Noey	O
BNK48	O

สรุป	O
ลำดับ	O
ผล	O
ด่วน	O
_	O
เริ่ม	O
โหวต	O
1200	O
วัน	O
ที่	O
11	O
/	O
12	O
/	O
61	O
_	O
ปิด	O
นับ	O
ผล	O
ด่วน	O
1200	O
วัน	O
ที่	O
12	O
/	O
12	O
/	O
61	O
_	O
(	O
24	O
ชม	NORM_1WORD
หลัง	O
เริ่ม	O
โหวต	O
)	O
_	O
1	O
_	O
เฌอปราง	O
_	O
2	O
_	O
โมบาย	O
_	O
3	O
_	O
มิวสิค	O
_	O
4	O
_	O
เนย	O
_	O
5	O
_	O
เจน	O
_	O
6	O
_	O
เจนนิษฐ์	O
_	O
7	O
_	O
ปัญ	O
_	O
8	O
_	O
น้ำหนึ่ง	O
_	O
9	O
_	O
วี	O
_	O
10	O
_	O
แก้ว	O
_	O
11	O
ปูเป้	O
_	O
12	O
_	O
ตาหวาน	O
_	O
13	O
_	O
อร	O
_	O
14	O
_	O
แนท	O
_	O
15	O
_	O
มายด์	O
_	O
16	O
_	O
มิโอริ	O
_	O
#BNK48	O
_	O
#BNK485thSingle	O
_	O
#BNKFestival	O
_	O
#GeneralElection	O

#JaneTheTelenovela	O
_	O
Spinoff	O
_	O
ของ	O
_	O
Jane	O
_	O
The	O
_	O
Virgin	O
_	O
แต่ละ	O
ซีซั่น	O
จะ	O
เล่า	O
เรื่อง	O
คน	O
ละ	O
เรื่อง	O
_	O
แต่	O
ทุก	O
ซีซั่น	O
จะ	O
ดัดแปลง	O
มา	O
จาก	O
นิยาย	O
ของ	O
_	O
Jane	O
_	O
ตัวเอก	O
ของ	O
_	O
Jane	O
_	O
The	O
_	O
Virgin	O
_	O
ซีซั่น	O
แรก	O
_	O
เล่า	O
เรื่อง	O
ของ	O
ครอบครัว	O
ที่	O
อาศัยอยู่	O
ที่	O
ไร่	O
ไวน์	O
ใน	O
_	O
Napa	O
_	O
Valley	O
_	O
ความลับ	O
ของ	O
ครอบครัว	O
_	O
และ	O
สมาชิก	O
ครอบครัว	O
ที่	O
หาย	O
ไป	O
อาจ	O
กลับ	O
มา	O
หลอกหลอน	O

มา	O
มโน	O
Kimi	O
_	O
wa	O
_	O
melody	O
ดี	O
กว่า	O
ถ้า	O
ประกาศ	O
2	O
วันนี้	O
อ่ะ	O
น่ะ	O
_	O
ดู	O
แล้ว	O
ถ้า	O
ประกาศ	O
จริง	O
น่าจะ	O
วัน	O
อาทิตย์	O
เพราะ	O
ถ้า	O
ประกาศ	O
วัน	O
เสาร์	O
งานจับมือ	O
วัน	O
อาทิตย์	O
จะ	O
เป็น	O
งาน	O
เศร้า	O
+	O
ดีใจ	O
ทันที	O
_	O
มายด์	O
_	O
น้ำใส	O
ติด	O
เซม	O
ครั้ง	O
แรก	O
(	O
ไม่	O
รวม	O
ริเวอร์	O
ของ	O
น้ำใส	O
)	O
_	O
รุ่น	O
2	O
ติด	O
_	O
2	O
-	O
3	O
คน	O
_	O
คน	O
หลุด	O
กู	O
ไม่	O
มโน	O
_	O
#	O
Mind	O
BNK48	O
_	O
#	O
Namsai	O
BNK48	O
_	O
#	O
BNK48	O
_	O
#	O
BNK48	O
2ndGeneration	O

งง	O
ใจ	O
_	O
เล่า	O
เรื่อง	O
ดราม่า	O
แบม	O
ให้	O
แม่	O
ฟัง	O
_	O
แม่	O
เรา	O
ยัง	O
บอก	O
ว่า	O
_	O
น้อง	O
ไม่	O
รู้	O
หรือ	O
เปล่า	O
_	O
แม่	O
บอก	O
นิสัย	O
อย่าง	O
น้อง	O
_	O
ไม่	O
ได้	O
จะ	O
สื่อ	O
แบบ	O
นั้น	O
แน่นอน	O
_	O
น้อง	O
ถ่อม	O
ตัว	O
จะ	O
ตาย	O
ไป	O
_	O
ภาษา	O
ไทย	O
มัน	O
ยาก	O
นะ	O
_	O
แล้ว	O
น้อง	O
ไป	O
อยู่	O
ตปท	NORM_1WORD
ตั้งแต่	O
เด็ก	O
อ่ะ	NORM_1WORD
_	O
แรกๆ	NORM_2WORD
ยัง	O
เรียง	O
คำ	O
ไม่	O
ค่อย	O
ถูก	O
เลย	O
_	O
นี่	O
ขนาด	O
แม่	O
เรา	O
อ่ะ	NORM_1WORD
_	O
ที่	O
รู้จัก	O
น้อง	O
จาก	O
การที่	O
เรา	O
ติ่ง	O
ยัง	O
เข้าใจ	O
น้อง	O
เลย	O
อ่ะ	NORM_1WORD

ไม่	O
รู้	O
จะ	O
โทษ	O
อะไร	O
ดี	O
_	O
โทษ	O
ที่	O
จุด	O
เริ่มต้น	O
แต่	O
แรก	O
ก็	O
คือ	O
การเลือก	O
นิยาย	O
_	O
คือ	O
ตอน	O
เป็น	O
นิยาย	O
เรา	O
อ่าน	O
อาจจะ	O
ไม่	O
อะไร	O
_	O
แต่	O
นึก	O
ภาพ	O
เป็น	O
ละคร	O
ออก	O
ไหม	O
_	O
นางเอกละคร	O
ที่	O
ไม่	O
มี	O
เหตุผล	O
อะไร	O
_	O
แค่	O
ไม่	O
ชอบ	O
บท	O
ก็	O
เที่ยว	O
บอก	O
ให้	O
คนเขียน	O
_	O
ผู้กำกับ	O
แก้	O
บทละคร	O
ที่	O
เขา	O
เขียน	O
เสร็จ	O
แล้ว	O
_	O
เพราะ	O
ตัวเอง	O
รู้สึก	O
ว่า	O
มัน	O
ไม่	O
ใช่	O
_	O
มัน	O
ก็	O
ไม่	O
น่ารัก	O
แล้ว	O
_	O
#บ่วงนฤมิต	O

ผช.	NORM_1WORD
_	O
ทั้ง	O
_	O
7	O
_	O
คน	O
นี้	O
เหนื่อย	O
กัน	O
มา	O
มาก	O
เลย	O
นะ	O
_	O
กว่า	O
จะ	O
มา	O
เป็น	O
_	O
iKON	O
_	O
ทั้ง	O
อดทน	O
_	O
ทั้ง	O
สู้	O
และ	O
ฟัน	O
ฝ่า	O
อุปสรรค	O
ด้วย	O
กัน	O
มา	O
เยอะแยะ	O
มาก	O
มาย	O
เลย	O
นะ	O
ใน	O
ช่วง	O
เวลา	O
ที่	O
ผ่าน	O
มา	O
_	O
ถ้า	O
กลับ	O
มา	O
เป็น	O
เหมือน	O
เดิม	O
ได้	O
ก็	O
คง	O
จะ	O
ดี	O
_	O
ถึง	O
แม้	O
มัน	O
อาจจะ	O
ไม่	O
เหมือน	O
เดิม	O
_	O
แต่	O
ใจ	O
เรา	O
ต่าง	O
ก็	O
รู้	O
กัน	O
ดี	O
ว่า	O
พวก	O
เค้า	NORM_1WORD
จะ	O
ยัง	O
คง	O
รัก	O
กัน	O
เหมือน	O
เดิม	O
ไม่	O
เปลี่ยน	O
แปลง	O
_	O
#Discover7KON	O

จะ	O
เป็นลม	O
แล้ว	O
ค่ะ	O
คือ	O
ฟตซ	NORM_1WORD
รุ่น	O
2	O
พึ่ง	O
มา	O
ซิง	NORM_1WORD
4	O
ยัง	O
ไม่	O
ส่ง	O
_	O
ทูช็อท	NORM_1WORD
พึ่ง	O
เริ่ม	O
จับ	O
มือ	O
พฤษจิ	NORM_1WORD
_	O
ซิง	NORM_1WORD
5	O
เปิด	O
พรี	NORM_1WORD
พฤษจิ	NORM_1WORD
ซิง	NORM_1WORD
6	O
เลือกตั้ง	O
ต่อ	O
เลย	O
_	O
คือ	O
น้ำหอม	O
ดู	O
แล้ว	O
น่า	O
จะ	O
ไม่	O
ได้	O
ซื้อ	O
ละ	O
_	O
ซีดี	O
คอน	NORM_1WORD
,	O
ฟตซ	NORM_1WORD
_	O
มัน	O
ถี่	O
มาก	O
นะ	O
_	O
แต่	O
แน่นอน	O
แฟนคลับ	O
ซื้อ	O
ทุ่ม	O
ให้	O
ศิลปิน	O
ที่	O
รัก	O
อยู่	O
แล้ว	O
คือ	O
แก	O
ควร	O
เห็นใจ	O
กัน	O
บ้าง	O
อ่ะ	NORM_1WORD
เอาจีง	NORM_1WORD
_	O
#BNK48	O
_	O
#BNK485thSingle	O
_	O
#BNKFestival	O

อยาก	O
รู้	O
รายละเอียด	O
_	O
khino	O
_	O
ของ	O
_	O
nct	O
_	O
มาก	O
_	O
เพราะ	O
ไล่	O
ดู	O
คลิป	O
ที่	O
เค้า	O
รีวิว	O
มา	O
_	O
sm	O
_	O
ทำ	O
ไม่	O
เหมือน	O
กัน	O
เลย	O
_	O
ของ	O
รวว	O
มี	O
การ์ด	O
แรนด้อม	O
_	O
+	O
_	O
การ์ด	O
แต่	O
ละ	O
เมม	O
_	O
2	O
_	O
ใบ	O
_	O
โซชิ	O
ก็	O
เหมือน	O
กัน	O
_	O
ของ	O
เอสเจ	O
ไม่	O
มี	O
การ์ด	O
แรนด้อม	O
_	O
มี	O
การ์ด	O
แต่	O
ละ	O
เมม	O
_	O
2	O
_	O
ใบ	O
_	O
/	O
_	O
แทมิน	O
,	O
คีย์	O
_	O
มี	O
การ์ด	O
เซลฟี่	O
_	O
2/1	O
_	O
ใบ	O
_	O
/	O
_	O
เฉิน	O
มา	O
เป็น	O
สมุด	O
ภาพ	O
เล่ม	O
เล็ก	O
_	O
แล้ว	O
ก็	O
การ์ด	O
_	O
1	O
_	O
ใบ	O
_	O
เห้อ	O
_	O
55555	O

คอนซิลเลอร์	NORM_1WORD
สำหรับ	O
คน	O
เป็น	O
สิว	O
_	O
ปกปิด	O
แล้ว	O
ก็	O
ยัง	O
ช่วย	O
รักษา	O
สิว	O
ด้วย	O
น้า	NORM_1WORD
_	O
ปกปิด	O
ได้	O
ใน	O
ระดับ	O
นึง	NORM_1WORD
เลย	O
ละ	O
_	O
แท้ง	NORM_1WORD
นึง	NORM_1WORD
ให้	O
เยอะ	O
อยู่	O
นะ	O
_	O
คุ้ม	O
_	O
#ถูกและดี	O
_	O
#ถูกบอกต่อ	O
_	O
#ถูกและดีบอกต่อ	O
_	O
#ลิปสติก	O
_	O
#ไว้รีวิวห้ามขายของโว้ยย	O
_	O
#สิวหาย	O
_	O
#ใช้จริงรีวิวจริง	O
_	O
#ใช้ดีบอกต่อ	O
_	O
#ใช้เองรีวิวเอง	O
_	O
#ใช้ดีบอกต่อสิว	O
_	O
#ใช้เองเลยมารีวิว	O
_	O
#รีวิว	O

รีวิว	O
มีต	O
น้อง	O
มัน	O
เหมือน	O
ความฝัน	O
เลย	O
เรา	O
รอ	O
วัน	O
ที่	O
จะ	O
ได้	O
ไป	O
นั่ง	O
นับ	O
ชม.	O
รอ	O
ไป	O
ถึง	O
ตอน	O
เกือบ	O
บ่ายๆ	O
พอ	O
เข้า	O
ไป	O
ข้าง	O
ใน	O
ใจ	O
เต้น	O
แรง	O
มาก	O
พอ	O
น้อง	O
ออก	O
มา	O
ตอน	O
แรก	O
กรี้ด	NORM_1WORD
จน	O
คอ	O
แทบ	O
แตก	O
พอ	O
น้อง	O
ร้อง	O
เพลง	O
อยู่ๆ	O
น้ำตา	O
ก็	O
ไหล	O
รู้สึก	O
เหมือน	O
แม่	O
ที่	O
เห็น	O
ลูก	O
ประสบ	O
ความสำเร็จ	O
รอ	O
ทัช	O
น้อง	O
นาน	O
มาก	O
น้อง	O
ขาว	O
แล้ว	O
ก็	O
สูง	O
มาก	O
น้อง	O
อ๊องๆ	O
ด้วย	O
_	O
#2019KJHFanMeetinginBKK	O

ข้อเท็จจริง	O
เกี่ยวกับ	O
การโดเนท	O
_	O
1	O
.	O
จะ	O
กด	O
เอง	O
ก็	O
ได้	O
แต่	O
ถ้า	O
ขี้เกียจ	O
จัดการ	O
ก็	O
โดเนท	O
เอา	O
_	O
2	O
.	O
โดเนท	O
เมื่อไหร่	O
ก็	O
ได้	O
_	O
แต่	O
ถ้า	O
ได้	O
ยอด	O
เร็ว	O
จะ	O
ได้	O
ราคา	O
ต่อ	O
โหวต	O
ที่	O
ถูก	O
_	O
3	O
.	O
ไม่	O
มี	O
ตังค์	O
แต่	O
อยาก	O
ช่วย	O
ก็	O
โดเนท	O
_	O
50	O
_	O
100	O
_	O
ก็	O
ได้	O
นะ	O
_	O
รวมๆ	NORM_2WORD
กัน	O
ก็	O
เยอะ	O
แล้ว	O
_	O
4	O
.	O
โหวต	O
เอง	O
แต่	O
อยาก	O
ช่วย	O
แจ้ง	O
คะแนนโหวต	O
ก็	O
มา	O
บอก	O
ได้	O
_	O
#	O
Music	O
BNK48	O
_	O
#BNK48	O
_	O
#	O
Music	O
WeChooseYou	O

เชิญ	O
ร่วม	O
กิจกรรม	O
ทดลอง	O
ขับ	O
_	O
Toyota	O
_	O
Beat	O
_	O
The	O
_	O
Challenge	O
_	O
พบ	O
กับ	O
ความสนุกสนาน	O
ใน	O
การขับ	O
รถยนต์	O
_	O
ATIV	O
_	O
จาก	O
_	O
6	O
_	O
สมาชิก	O
_	O
#BNK48	O
_	O
#MobileBNK48	O
_	O
#CherprangBNK48	O
_	O
#PunBNK48	O
_	O
#KaimookBNK48	O
_	O
#KaewBNK48	O
_	O
#KateBNK48	O
_	O
วัน	O
อาทิตย์	O
ที่	O
_	O
12	O
_	O
พ.ค.	O
_	O
62	O
_	O
นี้	O
_	O
10.00	O
-	O
12.00	O
_	O
น.	O
_	O
Toyota	O
_	O
Driving	O
_	O
Experience	O
_	O
Park	O
_	O
#Toyota	O
_	O
#ATIVUPTOYOU	O

คือ	O
ช่วง	O
ม.	O
3	O
เนี่ย	O
ก็	O
ทำงาน	O
หา	O
ราย	O
ได้	O
เสริม	O
_	O
และ	O
วัน	O
หนึ่ง	O
ไป	O
ดู	O
งาน	O
กลับ	O
ถึง	O
อุดร	O
ก็	O
ตี	O
4	O
-	O
5	O
แบต	NORM_1WORD
หมด	O
โทร	O
หา	O
ที่	O
บ้าน	O
ไม่	O
ได้	O
_	O
เลย	O
ไป	O
หา	O
เพื่อน	O
ซึ่ง	O
เป็น	O
บ้าน	O
จัดสรร	O
เรา	O
ก็	O
ไม่	O
ได้	O
บอก	O
เพื่อน	O
ไว้	O
_	O
ร้อง	O
เรียก	O
มัน	O
อยู่	O
หน้า	O
บ้าน	O
ตัดสิน	O
ใจ	O
ปีน	O
บ้าน	O
มัน	O
เข้าไป	O
คน	O
ข้าง	O
บ้าน	O
เห็น	O
โทร	O
ไป	O
บอก	O
ป้า	O
มัน	O
ว่า	O
เป็น	O
โจร	O
_	O
เกือบ	O
เอา	O
ปืน	O
ออก	O
มา	O
ยิง	O
_	O
#เรื่องมันช่างน่าอาย	O

อยาก	O
เตือน	O
น้องๆ	NORM_2WORD
ใน	O
ฐานะ	O
คนเคยเที่ยว	O
มา	O
ก่อน	O
_	O
รู้สึก	O
ว่า	O
ผับบาร์	O
_	O
ถ้า	O
ไม่	O
ใช่	O
ที่	O
ไทย	O
_	O
ไม่	O
ควร	O
ไป	O
_	O
เพราะ	O
_	O
1	O
.	O
ภาษา	O
ไม่	O
ได้	O
_	O
ไม่	O
เข้าใจ	O
_	O
ใน	O
ผับ	O
น่ะ	O
_	O
เสียง	O
ดัง	O
จะ	O
ตาย	O
_	O
คุย	O
ภาษา	O
ไทย	O
ยัง	O
ไม่	O
รู้	O
เรื่อง	O
เลย	O
_	O
2	O
.	O
รสนิยม	O
_	O
เหล้า	O
_	O
กับแกล้ม	O
_	O
คน	O
ละ	O
อย่าง	O
_	O
คน	O
ไทย	O
มัน	O
ต้อง	O
ไทย	O
อะ	O
_	O
ของ	O
_	O
ROUTE66	O
_	O
มัน	O
ยัง	O
มี	O
แยก	O
โซน	O
เลย	O
_	O
อะไร	O
ก็	O
ตาม	O
ที่	O
มืด	O
มัน	O
มี	O
ความน่ากลัว	O
เสมอ	O

กรี๊ด	O
บ้านแตก	O
ไป	O
เป็น	O
ที่	O
เรียบร้อย	O
ค่ะ	O
_	O
งาน	O
ดี	O
จริงๆๆ	NORM_1WORD
_	O
เอริค	O
โหด	O
ดิบเถื่อน	O
มาก	O
_	O
แต่	O
ก็	O
ให้	O
ฟิล	NORM_1WORD
เหมือน	O
อยาก	O
เก็บ	O
พี่	O
นางฟ้า	O
ไว้	O
คน	O
เดียว	O
_	O
ขัง	O
ไว้	O
กับ	O
ตัวเอง	O
อะไร	O
ประมาณ	O
นั้น	O
_	O
ส่วน	O
พี่	O
นางฟ้า	O
นี้	O
อยาก	O
จะ	O
วิ่ง	O
ไป	O
ซับ	O
น้ำตา	O
ทำ	O
แผล	O
ให้	O
มากกกเว่อ	NORM_1WORD
_	O
ฮืออ	NORM_1WORD
_	O
ฉาก	O
เด็ด	O
ปีก	O
คือ	O
OMG	O
_	O
คิด	O
ภาพ	O
ตาม	O
แล้ว	O
สุด	O
จริง	O
อะไร	O
จริง	O
_	O
ชอบๆๆๆ	NORM_1WORD
ค่า	NORM_1WORD
_	O
ปัก	O
ธง	O
รอ	O
เลย	O
สู้ๆ	O
นะ	O
คะ	O

อิ	NORM_1WORD
ดอก	O
ข่าว	O
นี้	O
ก็	O
คือ	O
โหด	O
ที่สุด	O
ที่	O
กู	O
เคย	O
เจอ	O
มา	O
_	O
ตำรวจ	O
ก็	O
ตีมึน	O
ทำ	O
บันทึกประจำวัน	O
หาย	O
พร้อม	O
กับ	O
ความยุติธรรม	O
.	O
_	O
อี	O
คนทำผิด	O
ก็	O
ไม่	O
รู้สึก	O
หีแตด	O
ไร	NORM_1WORD
กับ	O
สิ่ง	O
ที่	O
ทำ	O
_	O
ถ้า	O
กู	O
ย้าย	O
สัญชาติ	O
ก็	O
อย่า	O
ด่า	O
กู	O
ว่า	O
กู	O
ไม่	O
รัก	O
ประเทศ	O
ละกัน	O
ไอ้	O
คน	O
ที่	O
มัน	O
เป็น	O
นายก	NORM_1WORD
_	O
เป็น	O
ตำรวจ	O
มัน	O
ยัง	O
เห็น	O
เงิน	O
สำคัญ	O
กว่า	O
คน	O
ใน	O
ประเทศ	O
แล้ว	O
กู	O
จะ	O
รัก	O
ประเทศ	O
ไป	O
เพื่อ	O
_	O
#วัด	O
สิงห์	O

แปะ	O
พล็อต	O
โทโดบาคุ	O
_	O
คัตจัง	O
เป็น	O
นร.	NORM_1WORD
ที่้	NORM_1WORD
ชอบ	O
มี	O
เรื่อง	O
ชกต่อย	O
งู้นงี้	NORM_1WORD
_	O
ชื่อเสียง	O
ไม่	O
ค่อย	O
ดี	O
งี้	NORM_1WORD
_	O
แต่	O
จริงๆ	NORM_2WORD
คือ	O
ไม่	O
ได้	O
หา	O
เรื่อง	O
เขาว	NORM_1WORD
_	O
โดน	O
หา	O
เรื่อง	O
เอง	O
เลย	O
ชก	O
กลับ	O
_	O
ซึ่ง	O
มาด	O
มัน	O
ถ่อย	O
จน	O
โดน	O
เข้าใจ	O
ผิด	O
_	O
ทีนี้	O
ไป	O
สารภาพ	O
รัก	O
สาว	O
ละ	NORM_1WORD
โดน	O
ปฏิเสธ	O
มา	O
_	O
สาว	O
คน	O
นั้น	O
บอก	O
ว่า	O
มี	O
คน	O
ที่	O
ชอบ	O
อยู่แล้ว	O
_	O
อกหัก	O
ไม่	O
พอ	O
_	O
ต้อง	O
มา	O
ฟัง	O
เขา	O
อวย	O
คน	O
ที่	O
ชอบ	O
ใส่	O
อีก	O
_	O
อิ	NORM_1WORD
เห้	NORM_1WORD

ไม่	O
มี	O
มคร	NORM_1WORD
สมบูรณ์แบบ	O
_	O
แม้แต่	O
องค์พระ	O
ที่	O
สวยงาม	O
_	O
ก็	O
ยัง	O
มี	O
นก	O
_	O
มี	O
จิ้งจก	O
มา	O
ขี้	O
ใส่	O
_	O
ทำให้	O
มี	O
ตำหนิ	O
_	O
มี	O
มลทิน	O
_	O
ชีวิต	O
คนเรา	O
ก็	O
เหมือน	O
กัน	O
_	O
ทุก	O
คน	O
เกิด	O
มา	O
มี	O
บททดสอบ	O
ด้วย	O
กัน	O
ทั้งนั้น	O
_	O
อยู่	O
ที่	O
ใคร	O
จะ	O
ก้าวข้าม	O
ไป	O
ได้	O
_	O
หา	O
ตัวเอง	O
ให้	O
เจอ	O
_	O
หา	O
เป้าหมาย	O
ให้	O
พบ	O
_	O
ทำ	O
เพื่อ	O
ใคร	O
_	O
เพื่อ	O
ตัวเอง	O
หรือ	O
คน	O
ที่	O
เรา	O
รัก	O
_	O
#หัวใจลูกผู้ชาย	O
_	O
#	O
หัวใจลูกผู้ชาย	O
ep2	O

กลับ	O
กัน	O
พอ	O
เป็น	O
ไฮคิว	O
ที่	O
เข้า	O
ด้อม	O
ไป	O
เต็มๆ	O
_	O
ก็	O
ไป	O
ซื้อ	O
มังงะ	O
มา	O
จน	O
จะ	O
เล่ม	O
ปจบ.	NORM_1WORD
_	O
นิยาย	O
อีก	O
_	O
ทั้ง	O
เล่ม	O
ไทย	O
เล่ม	O
ญป.	NORM_1WORD
บาง	O
_	O
ตอน	O
นั้น	O
มี	O
กำลัง	O
ซื้อ	O
และ	O
บ้า	O
มากๆ	NORM_2WORD
_	O
ส่วน	O
เพดัล	O
ด้อม	O
ตอน	O
นี้	O
ก็	O
ซื้อ	O
กู้ดส์	O
นะ	O
แต่	O
มือสอง	O
ทั้งนั้น	O
_	O
อฟช	NORM_1WORD
เพิ่ง	O
ซื้อ	O
แค่	O
แอนโธ	O
ไป	O
เล่ม	O
เดียว	O
_	O
แต่	O
ถาม	O
ว่า	O
อยาก	O
ซื้อ	O
อีก	O
ไหม	O
_	O
อยาก	O
นะ	O
_	O
ปัญหา	O
ห้อง	O
คือ	O
ไม่	O
มี	O
ที่	O
เก็บ	O
แล้ว	O
เลย	O
พัก	O
ก่อน	O

สุดยอด	O
_	O
2	O
_	O
ผลงาน	O
จาก	O
คณะ	O
นิเทศ	O
และ	O
คณะ	O
เทคโนโลยีสารสนเทศ	O
_	O
ร่วม	O
แสดง	O
ผลงาน	O
สร้างสรรค์	O
ใน	O
งาน	O
_	O
การแสดง	O
ศิลปะ	O
และ	O
การออกแบบ	O
แห่ง	O
ประเทศ	O
ไทย	O
_	O
ครั้ง	O
ที่	O
_	O
1	O
_	O
วัน	O
ที่	O
_	O
1	O
-	O
15	O
_	O
มี.ค.	O
_	O
อาคาร	O
สถาบัน	O
ศิลปะและวัฒนธรรม	O
_	O
ม.	O
เทคโนโลยีราชมงคลรัตนโกสินทร์	O
_	O
ศาลายา	O
_	O
#เรียน	O
ศรีปทุม	O
ชลบุรี	O
_	O
#เรียน	O
นิเทศ	O
_	O
#เรียน	O
คณะ	O
เทคโน	O
_	O
#DynamicUniversity	O

มี	O
คน	O
ถาม	O
ว่า	O
_	O
ช่วง	O
นี้	O
มึง	O
ดู	O
เบาๆ	O
เรื่อง	O
BNK	O
นะ	O
_	O
เออ	O
_	O
เอา	O
จริง	O
ป้ะ	NORM_1WORD
_	O
ฉัน	O
หมด	O
ศรัทธา	O
อฟช.	NORM_1WORD
ถึง	O
แม้	O
ฉัน	O
จะ	O
รัก	O
มบ.	O
ของ	O
ตัวเอง	O
ขนาด	O
ไหน	O
_	O
คน	O
มัน	O
โดน	O
กระทำ	O
ซ้ำๆ	O
มัน	O
ก็	O
ถอดใจ	O
_	O
ที่	O
เจ็บ	O
หนัก	O
จน	O
เป็น	O
แผล	O
สุด	O
คือ	O
บัตรคอน	NORM_1WORD
แก้ว	O
ที่	O
กด	O
ไม่	O
ได้	O
+	O
กับ	O
การคัม	NORM_1WORD
ของ	O
BP	O
และ	O
โดน	O
น้อง	O
อจว.	O
ซื้อ	O
ตัว	O
ไป	O
ด้วย	O
ความสดใส	O
_	O
ขอ	O
เวลา	O
ฉัน	O
ฮีล	O
ตัวเอง	O
สัก	O
พัก	O
แล้ว	O
ฉัน	O
จะ	O
กลับ	O
ไป	O
_	O
#BNK48	O

คิด	O
ว่า	O
จะ	O
รวม	O
ฟิค	O
ที่	O
เขียน	O
ปี	O
นี้	O
_	O
ปรากฏ	O
ไป	O
ส่องๆ	NORM_2WORD
ก็	O
มี	O
ไม่	O
กี่	O
เรื่อง	O
อยู่ดี	O
555555	O
_	O
แต่	O
ยัง	O
ดี	O
ได้	O
เขียน	O
เรื่องสั้น	O
(	O
ออริ	O
)	O
ตั้ง	O
2	O
เรื่อง	O
หลังจาก	O
ไม่	O
ได้	O
เขียน	O
มา	O
นาน	O
_	O
เป็น	O
พล็อต	O
ที่	O
หมก	O
ไว้	O
เพราะ	O
ไม่	O
เหมาะ	O
กับ	O
การเป็นแฟนฟิค	O
เพราะ	O
ooc	O
แน่นอน	O
_	O
เลย	O
ทำ	O
เป็น	O
ออริ	O
ละ	O
กัน	O
_	O
ซึ่ง	O
ก็	O
ดีใจ	O
เขียน	O
ได้	O
ตาม	O
ที่	O
คิด	O
เลย	O
_	O
เหมือน	O
ปลด	O
ล็อก	O
อะไร	O
บาง	O
อย่าง	O
ได้	O
ด้วย	O

ถ้า	O
ปล่อย	O
เธียเตอร์	O
ว่าง	O
ไว้	O
_	O
5	O
_	O
วัน	O
_	O
ใช้	O
งาน	O
ที	O
แค่	O
เสาร์	O
อาทิตย์	O
แบบ	O
นี้	O
_	O
น่าจะ	O
ทำ	O
แบบ	O
ที่	O
_	O
AKB48	O
_	O
Caf	O
_	O
เคย	O
ทำ	O
คือ	O
มี	O
พวก	O
จัด	O
รายการ	O
สด	O
แบบ	O
_	O
Anta	O
_	O
Dare	O
_	O
ที่	O
ต้อง	O
เสีย	O
เงิน	O
เข้า	O
ไป	O
ดู	O
_	O
ใช้	O
เมมเบอร์	O
_	O
5	O
-	O
6	O
_	O
คน	O
_	O
(	O
คล้าย	O
กับ	O
ที่	O
_	O
#	O
BNK48	O
_	O
จัด	O
ตู้ปลา	O
)	O
_	O
+	O
_	O
พิธีกร	O
_	O
ไหนๆ	O
_	O
ก็	O
มี	O
เธียเตอร์	O
_	O
มี	O
ที่นั่ง	O
ดีๆ	NORM_2WORD
_	O
แล้ว	O
น่าจะ	O
ใช้	O
ที่	O
เดียว	O
ไป	O
เลย	O
_	O
#มโนไปเรื่อยๆ	O

มา	O
ฮับ	NORM_1WORD
.	O
_	O
วันนี้	O
เรา	O
จะ	O
มา	O
รีวิว	O
_	O
ฟิค	O
เรื่อง	O
คืนละฝัน	O
_	O
ของ	O
_	O
#	O
มินฮวาน	O
_	O
#	O
นยอนแจน	O
_	O
คือ	O
เรื่อง	O
ดี	O
มาก	O
ฮับ	NORM_1WORD
_	O
เป็น	O
เรื่อง	O
ที่	O
ไม่	O
เครียด	O
_	O
ส่วนตัว	O
ชอบ	O
พลอต	O
เรื่อง	O
มสก	O
เลย	O
ฮับ	NORM_1WORD
_	O
เหมือน	O
ทำ	O
ให้	O
ลุ้น	O
_	O
แค่	O
แอบ	O
หมั่นไส้	O
พระเอก	O
เรา	O
นิดหน่อย	O
555	O
_	O
แต่	O
นายเอก	O
เรา	O
ก็	O
ไม่	O
ใช่	O
ย่อย	O
_	O
แสบ	O
มาก	O
จ้า	O
_	O
ส่วนตัว	O
คือ	O
มาก	O
ค่ะ	O
_	O
ต้อง	O
อ้าน	NORM_1WORD
แล้ว	O
นะ	O
สำหรับ	O
ชาว	O
เรือ	O
_	O
#คืนละฝันมฮ	O

มี่	O
เห็น	O
แล้ว	O
........	O
555555555555555555555555555555555555555555555555555555555555555555555555555555555555555555555555555555555555555555555555555555555555555555555555555555555555555555555555555555555555555555555555555555555555555555555555555555555555555555555555555555555555555555555	O

หงูว	NORM_1WORD
_	O
พอ	O
มี	O
คำ	O
ว่า	O
ซื่อ	O
แล้ว	O
ดู	O
น่ารัก	O
ขึ้น	O
เลย	O
_	O
จาก	O
ที่	O
น่ารัก	O
มาก	O
ๆ	O
_	O
อยู่แล้ว	O
ก็	O
เถอะ	O
_	O
//	O
จับ	O
พี่	O
เยี่ย	O
อม	O
ทั้ง	O
ตัว	O
_	O
เป็น	O
คำติดปาก	O
ที่	O
น่ารัก	O
มาก	O
(	O
ทำเป็น	O
คน	O
ที่	O
ใช้	O
คำ	O
ว่า	O
น่ารัก	O
ได้	O
สิ้นเปลือง	O
ขนาด	O
นี้	O
นะ	O
_	O
แว	O
)	O
_	O
เหมือน	O
แม่	O
ที่	O
รู้สึก	O
หนักอกหนักใจ	O
เรื่อง	O
ลูก	O
เข้า	O
วัยต่อต้าน	O
_	O
มา	O
ปรึกษา	O
สามี	O
ใหม่	O
ที่	O
กำลัง	O
จะ	O
แต่ง	O
เข้า	O
ไป	O
อยู่	O
ด้วย	O
_	O
แค่ก	O
ๆๆๆ	NORM_1WORD

ชอบ	O
ที่	O
บังทัน	O
ทำ	O
เพลง	O
ได้	O
แบบ	O
โครต	NORM_1WORD
ครบรส	O
_	O
คือแบบ	O
เอา	O
จริง	O
นี่	O
ไม่	O
ได้	O
อวย	O
นะ	O
_	O
มี	O
เพลง	O
ไหน	O
บ้าง	O
ที่	O
ทำให้	O
เรา	O
รู้สึก	O
cheer	O
_	O
up	O
ได้	O
แต่	O
ก็	O
ไม่	O
เศร้า	O
_	O
เรา	O
รู้สึก	O
ว่า	O
มี	O
แค่	O
บังทัน	O
นะ	O
_	O
นาง	O
เอา	O
ชีวิตจริง	O
ของ	O
นาง	O
มา	O
ทำ	O
เพลง	O
สะท้อน	O
ความคิด	O
_	O
ชีวิต	O
_	O
ความรู้สึก	O
_	O
ได้	O
แบบ	O
ดี	O
มากๆ	NORM_2WORD
อ่ะ	NORM_1WORD
_	O
จะ	O
ไม่	O
ให้	O
รัก	O
ได้	O
ไง	NORM_1WORD
อ่ะ	NORM_1WORD
_	O
รัก	O
จริงๆ	NORM_2WORD
_	O
ส่วน	O
เรา	O
เมน	O
พี่	O
จิน	O
ครับ	O
/	O
6s	O
ครับป๋ม	NORM_1WORD

เฟื่องนคร	O
เป็น	O
นิยาย	O
ที่	O
เปลี่ยน	O
โลก	O
ของ	O
เรา	O
เลย	O
_	O
เรา	O
รัก	O
เรื่อง	O
นี้	O
มากๆ	NORM_2WORD
_	O
พี่	O
เฟื่อง	O
เป็น	O
แบบ	O
อย่าง	O
ให้	O
เรา	O
รัก	O
คน	O
อื่น	O
ให้	O
มาก	O
_	O
เกลียด	O
ความ	O
แตก	O
ต่าง	O
ให้	O
น้อย	O
_	O
เข้าใจ	O
โลก	O
มาก	O
ขึ้น	O
กว่า	O
เดิม	O
เยอะ	O
เลย	O
_	O
เรา	O
อยาก	O
ขอบ	O
คุณ	O
มากๆ	NORM_2WORD
ที่	O
แต่ง	O
นิยาย	O
ดีๆ	NORM_2WORD
แบบ	O
นี้	O
ขึ้น	O
มา	O
_	O
เรา	O
อยาก	O
ให้	O
ทุก	O
คน	O
ได้	O
อ่าน	O
_	O
และ	O
ส่ง	O
ต่อ	O
พลัง	O
บวก	O
ให้	O
กัน	O
เย้อเยอะ	NORM_1WORD
นะ	O
!	O
_	O
#พี่เฟื่องพลังบวก	O

ใน	O
ขณะ	O
ที่	O
ลูก	O
บ่น	O
เหงา	O
_	O
อยาก	O
ได้	O
โลก	O
อีก	O
ใบ	O
กับ	O
ใคร	O
สัก	O
คน	O
เพื่อ	O
เป็น	O
เซฟโซน	O
_	O
แต่	O
กลาย	O
เป็น	O
ชัก	O
ศึก	O
เข้า	O
บ้าน	O
_	O
ตั้งแต่	O
เห็น	O
น้อง	O
คบ	O
ใคร	O
มา	O
_	O
แม่	O
ยัง	O
หา	O
คน	O
ดี	O
ไม่	O
เจอ	O
เลย	O
ลูก	O
_	O
กี่	O
คน	O
แล้ว	O
อ่ะ	NORM_1WORD
ที่	O
ทะเลาะ	O
แล้ว	O
ต้อง	O
ออก	O
สื่อ	O
_	O
ต้อง	O
บอก	O
โลก	O
ให้	O
รู้	O
ว่า	O
กุ	NORM_1WORD
คือ	O
แฟน	O
เค้า	NORM_1WORD
อ่อ	NORM_1WORD
_	O
น้อง	O
ต้อง	O
เลิก	O
เหงา	O
นะ	O
ลูก	O
นะ	O
_	O
ถ้า	O
เลิก	O
เหงา	O
ไม่	O
ได้	O
_	O
หนู	O
รู้	O
ใช่	O
ไหม	O
ยัง	O
พี่	O
เค้า	NORM_1WORD
ที่	O
รอ	O
อยู่	O

ใช่	O
ฉัน	O
รัก	O
เธอ	O
มาก	O
รัก	O
มาก	O
ที่สุด	O
มาก	O
จน	O
บาง	O
ที	O
มัน	O
มาก	O
ไป	O
สำหรับ	O
เขา	O
มัน	O
ทำ	O
ให้	O
เขา	O
อึดอัด	O
ทำ	O
ให้	O
ทุกอย่าง	O
แย่	O
_	O
แต่	O
สุดท้าย	O
ความรู้	O
ฉัน	O
ก็	O
ยัง	O
เหมือน	O
เดิม	O
รัก	O
เขา	O
มาก	O
เหมือน	O
เดิม	O
และ	O
ยัง	O
ไม่	O
รู้	O
เลย	O
ว่า	O
จะ	O
อยู่	O
กับ	O
มัน	O
ยังไง	O
_	O
ฉัน	O
อ่าน	O
สิ่ง	O
ที่	O
เขา	O
บอก	O
ฉัน	O
รู้สึก	O
ได้	O
เลย	O
ว่า	O
เขา	O
ไม่	O
มี	O
ค.สุข	NORM_1WORD
เหมือน	O
ฉัน	O
เยอะ	O
ใส่	O
จน	O
เขา	O
ต้อง	O
บอกว่า	O
จะ	O
ไม่	O
ทำ	O
นู่นนี่	O
_	O
ขอโทษ	O

เรา	O
เป็น	O
_	O
ผญ	NORM_1WORD
_	O
คน	O
นึง	NORM_1WORD
_	O
ที่	O
กลัว	O
_	O
#เรื่องความรัก	O
_	O
กลัว	O
ใน	O
ที่	O
นี้	O
คือ	O
.	O
_	O
กลัว	O
การโดนทิ้ง	O
_	O
กลัว	O
การโดนเล่น	O
ความรู้สึก	O
_	O
#คำว่าเลิก	O
_	O
ยิ่ง	O
เกลียด	O
ไม่	O
ชอบ	O
_	O
กลัว	O
เค้า	NORM_1WORD
เบื่อ	O
ใน	O
สิ่ง	O
ที่	O
เรา	O
เป็น	O
เช่น	O
_	O
นิสัย	O
_	O
เอาแต่ใจ	O
_	O
ข้อเสีย	O
หลายๆ	NORM_2WORD
อย่าง	O
แต่	O
เรา	O
รัก	O
มาก	O
นะ	O
คน	O
ที่	O
เรา	O
มอบ	O
ความรุ้สึก	NORM_1WORD
ว่า	O
รัก	O
และ	O
ดี	O
ไป	O
ให้	O
_	O
แค่	O
ไม่	O
ทิ้ง	O
ไม่	O
เบื่อ	O
กัน	O
ก็	O
พอ	O
_	O
อยาก	O
ให้	O
ยุ	NORM_1WORD

เงื่อนไข	O
ของ	O
_	O
sleeping	O
beauty	O
_	O
ใน	O
เรื่อง	O
คือ	O
นอนหลับ	O
ค่ะ	O
_	O
แล้ว	O
ลูกค้า	O
ที่	O
เข้า	O
มา	O
คือ	O
ใคร	O
ก็	O
ไม่รู้	O
จะ	O
มา	O
ทำ	O
อะไร	O
กับ	O
ร่างกาย	O
ก็	O
ได้	O
_	O
ยกเว้น	O
sex	O
_	O
นางเอก	O
ก็	O
ทำ	O
ไป	O
เรื่อยๆ	NORM_2WORD
จน	O
วันนึง	NORM_1WORD
อยาก	O
รู้	O
เหมือนกัน	O
_	O
แล้ว	O
สุดท้าย	O
คือ	O
คน	O
ที่	O
มา	O
ก็	O
ตาย	O
อยู่	O
ข้างๆ	O
ประมาณนั้น	O
ค่ะ	O
_	O
ไม่	O
เหมือน	O
นิยาย	O
หรอก	O
ค่ะ	O
_	O
เพียงแต่	O
อาชีพ	O
นางเอก	O
กับ	O
ใน	O
นิยาย	O
อาจจะ	O
คล้าย	O
ใน	O
บริบท	O

เนื่องจาก	O
มี	O
ทาง	O
บ้าน	O
ถาม	O
มา	O
ว่า	O
_	O
3	O
_	O
สาว	O
แฮรี่พอร์ตเตอร์	NORM_1WORD
แห่ง	O
_	O
#BNK48	O
_	O
ใส่	O
รองเท้า	O
อะไร	O
กัน	O
บ้าง	O
ทาง	O
เรา	O
ก็	O
เลย	O
จัด	O
ให้	O
ตาม	O
นี้	O
เลย	O
ฮะ	O
_	O
#OrnBNK48	O
_	O
with	O
_	O
Adidas	O
_	O
Yeezy	O
_	O
Boost	O
_	O
350	O
_	O
V2	O
_	O
Static	O
_	O
#MusicBNK48	O
_	O
with	O
_	O
Adidas	O
_	O
Yeezy	O
_	O
Boost	O
_	O
350	O
_	O
V2	O
_	O
CreamWhite	O
_	O
#NinkBNK48	O
_	O
with	O
_	O
Vans	O
_	O
UA	O
_	O
Old	O
_	O
Skool	O
_	O
36	O
_	O
DX	O
_	O
Anaheim	O
_	O
Factory	O
_	O
OG	O
_	O
Black/Red	O

รีวิว	O
ไฮทัช	O
_	O
เก็บ	O
ไว้	O
กลัว	O
ลืม	O
_	O
คือ	O
ก่อน	O
ตอน	O
เข้า	O
ไป	O
ทัช	O
อะ	O
กำลัง	O
คิด	O
ว่า	O
ใคร	O
จะ	O
อยู่	O
ตรง	O
ไหน	O
_	O
นี่	O
ก็	O
เอา	O
ล่ะ	O
พนมมือ	O
แรง	O
แล้ว	O
ขอ	O
เลย	O
ว่า	O
ขอ	O
ให้	O
พี่	O
กี	O
กับ	O
ไอเอ็ม	O
อยู่	O
ห่าง	O
กัน	O
ไม่	O
งั้น	NORM_1WORD
อาจ	O
จะ	O
ช็อค	O
ได้	O
_	O
พอ	O
เข้า	O
ไป	O
นั้นแหละ	NORM_1WORD
พี่	O
นู	O
อยู่	O
คน	O
แรก	O
ก็	O
จริง	O
แต่	O
ตา	O
ไป	O
แล้ววว	NORM_1WORD
โว้ยยย	NORM_1WORD
!!!	O
เพราะ	O
ไร๊	NORM_1WORD
!!!	O
_	O
คน	O
ที่	O
สอง	O
ไอเอ็ม	O
!!!	O
ชั้น	NORM_1WORD
กรีดร้อง	O
ใน	O
จัย	NORM_1WORD
!!	O
_	O
มอง	O
ไป	O
นู้น	O
แล้ว	O
!	O

ทุก	O
วันนี้	O
รู้สึก	O
bnk	O
_	O
หลอกหลอน	O
กุ	NORM_1WORD
มาก	O
_	O
ไม่	O
ว่า	O
จะ	O
ขึ้น	O
bts	O
ก็	O
เจอ	O
_	O
ลง	O
จาก	O
bts	O
ไป	O
ขึ้น	O
รถเมย์	NORM_1WORD
_	O
ก็	O
เจอ	O
_	O
พอ	O
รถ	O
ผ่าน	O
ป้ายโฆษณา	O
_	O
ก็	O
เจอ	O
_	O
ก้ม	O
ลง	O
มา	O
เล่น	O
โทรศัพท์	O
_	O
ก็	O
เจอ	O
_	O
เปิด	O
ยูทูป	O
ก็	O
เจอ	O
_	O
เปิด	O
ทีวี	O
ก็	O
เจอ	O
_	O
แม้แต่	O
ไป	O
ดู	O
หนัง	O
_	O
ยัง	O
เจอ	O
โฆษณา	O
แลคตาซอย	O
5555	O
_	O
แต่	O
ก็	O
ดีใจ	O
น้ะ	NORM_1WORD
_	O
จาก	O
ที่	O
แบบ	O
ไม่	O
มี	O
ไร	NORM_1WORD
เลย	O
จริงๆ	NORM_2WORD
มา	O
ถึง	O
จุด	O
นี้	O
ได้	O
_	O
ไม่	O
เสียแรง	O
ที่	O
เปย์	O
55555	O
_	O
#BNK48	O

แทนที่	O
จะ	O
กลาย	O
เป็น	O
แข่ง	O
คุณภาพ	O
ใน	O
การทำ	O
วง	O
ให้	O
อยู่	O
ได้	O
นานๆ	O
_	O
กลาย	O
เป็น	O
ดัน	O
เด็ก	O
เก่ง	O
_	O
ดัน	O
เด็ก	O
มี	O
คาแรกเตอร์	NORM_1WORD
ไป	O
ออก	O
_	O
ซวว	O
_	O
แทน	O
_	O
แล้ว	O
วง	O
ก็	O
จบ	O
ไป	O
ใน	O
_	O
1	O
-	O
2	O
_	O
ปี	O
_	O
แล้ว	O
ก็	O
วน	O
มา	O
ใหม่	O
_	O
รางวัล	O
รุกกี้	O
ที่	O
แทนที่	O
จะ	O
ได้	O
แข่งขัน	O
กัน	O
อย่าง	O
แฟร์	O
_	O
วง	O
อื่น	O
แทบ	O
ไม่	O
ต้อง	O
ลุ้น	O
_	O
หรือ	O
ถ้า	O
จะ	O
ลุ้น	O
ได้	O
_	O
ผลงาน	O
คุณ	O
ก็	O
ต้อง	O
โหด	O
จริง	O
_	O
เพราะ	O
มัน	O
ไม่	O
ได้	O
มี	O
คน	O
โปรโมท	NORM_1WORD
_	O
คน	O
รู้จัก	O

#RocketMan	O
_	O
ใน	O
มุม	O
หนัง	O
_	O
ชีวประวัติ	O
ของ	O
_	O
#EltonJohn	O
_	O
ไม่	O
ได้	O
พิเศษ	O
กว่า	O
เรื่อง	O
ไหน	O
_	O
แต่	O
ใน	O
ฐานะ	O
มนุษย์	O
คน	O
นึง	NORM_1WORD
ปรบ	O
มือ	O
ให้	O
เลย	O
_	O
ลูกเล่น	O
แฟนตาซี	O
ของ	O
หนัง	O
มี	O
ความเป็น	O
เอลตัน	O
ดี	O
_	O
คอสตูม	O
อลัง	O
ขึ้น	O
เท่าไหร่	NORM_1WORD
ยิ่ง	O
รู้สึก	O
เหงา	O
ขึ้น	O
เท่านั้น	O
_	O
เห็น	O
ได้	O
ชัด	O
ว่า	O
ทารอน	O
พยายาม	O
กับ	O
บท	O
นี้	O
มาก	O
_	O
กำไร	O
มาก	O
และ	O
เข้าใจ	O
เพลง	O
มาก	O
ขึ้น	O
_	O
#movietwit	O
_	O
#moviereview	O

สนใจ	O
_	O
DM	O
_	O
มา	O
สอบถาม	O
รายละเอียด	O
ได้	O
เลย	O
จ้า	NORM_1WORD
_	O
-	O
มี	O
รีวิว	O
นะ	O
คะ	O
_	O
-	O
เปิด	O
ร้าน	O
ใหม่	O
ขอ	O
ดู	O
ประวัติ	O
ก่อน	O
ได้	O
ค่ะ	O
_	O
-	O
ค่า	O
กด	O
กันเอง	O
จ้า	NORM_1WORD
_	O
#SS7EncoreinBKK	O
_	O
#IUinBangkok2018	O
_	O
#SEOHYUNmemoriesBKK	O
_	O
#JinLongGuoFridaynNightinBKK	O
_	O
#VIXXLRCONCERTEclipseinBangkok	O
_	O
#BTOB1stConcertinBKK	O
_	O
#AOMGinBangkok2018	O
_	O
#รับกดบัตร	O
_	O
#รับกดบัตร	O
คอน	NORM_1WORD

กรี้ดดดดด!	NORM_1WORD
_	O
cutepress	O
_	O
x	O
_	O
mymelody	O
_	O
&	O
_	O
kuromi	O
_	O
เป็น	O
ลิมิเตด	O
ด้วย	O
นะ	O
_	O
หมด	O
แล้ว	O
หมด	O
เลย	O
_	O
วางจำหน่าย	O
ตั้งแต่	O
_	O
30	O
มิ.ย.	O
_	O
เป็นต้นไป	O
_	O
มา	O
ประเดิม	O
กัน	O
ที่	O
บลัช	O
เลย	O
ค่ะ	O
_	O
เบอร์	O
04	O
_	O
kissed	O
_	O
by	O
_	O
the	O
_	O
sun	O
_	O
สี	O
จะ	O
ออก	O
ส้มๆ	O
ตุ่นๆ	O
ราคา	O
_	O
279	O
_	O
บาท	O
_	O
คือ	O
คุ้ม	O
จริง	O
ไป	O
ตำ	O
กัน	O
เถอะ	O
ที่	O
_	O
#cutepress	O
_	O
และ	O
_	O
#eveandboy	O
_	O
#ของมันต้องมี	O
_	O
#loveandharmony	O
_	O
#รีวิว	O

แฟนคลับ	O
กลุ่ม	O
นึง	O
บ่น	O
คิดถึง	O
พวก	O
เค้า	O
ทุก	O
วัน	O
_	O
นับ	O
วัน	O
รอ	O
พวก	O
เค้า	O
ออก	O
มา	O
พวก	O
เค้า	O
ห้า	O
คน	O
ที่	O
ใน	O
ไทม์ไลน์	O
ชีวิต	O
ของ	O
เรา	O
ทุก	O
วัน	O
มัน	O
แสน	O
เหงา	O
เพราะ	O
เลื่อน	O
เท่าไหร่	O
ก็	O
ยัง	O
ไม่	O
เจอ	O
ข่าว	O
คราว	O
ของ	O
เค้า	O
เพราะ	O
ต่าง	O
คน	O
ต่าง	O
ไป	O
ปฏิบัติ	O
หน้าที่	O
ของ	O
ตัวเอง	O
กัน	O
_	O
จน	O
วัน	O
ที่	O
ข่าว	O
คราว	O
วง	O
มัน	O
กลับ	O
มา	O
อีกครั้ง	O
แต่	O
มัน	O
กลับ	O
ไม่	O
ใช่	O
เรื่อง	O
ที่	O
ทำ	O
ให้	O
ยิ้ม	O
ได้	O
เลย	O
สัก	O
นิด	O

ต้อนรับ	O
นายก	NORM_1WORD
(	O
ใหม่	O
?	O
)	O
_	O
ไม่	O
ได้	O
ออก	O
ตลาด	O
สอง	O
อาทิตย์	O
ได้	O
_	O
ไม่	O
ทัน	O
ไร	NORM_1WORD
เล้ยยย	NORM_1WORD
_	O
ค่าแกงถุง	O
ตลาด	O
เย็น	O
_	O
จากที่	O
ขาย	O
30	O
_	O
กลายเป็น	O
40	O
_	O
ร้าน	O
ลาบถุง	O
จาก	O
40	O
กลายเป็น	O
50	O
_	O
เว้ย	O
_	O
โหด	O
สุด	O
คือ	O
ร้าน	O
ยัย	NORM_1WORD
ป้า	O
ที่	O
ขาย	O
ดี	O
สุด	O
_	O
แกงส้มแป๊ะซะ	O
ชุด	O
นึง	NORM_1WORD
_	O
ไม่	O
ได้	O
เยอะ	O
มาก	O
_	O
ชุด	O
ละ	O
100	O
_	O
ดี	O
นะ	O
ทำ	O
กับข้าว	O
เป็น	O
_	O
ถึง	O
ไม่	O
อร่อย	O
ขนาด	O
นั้น	O
_	O
แต่	O
ก็	O
กิน	O
ได้	O
_	O
สงสาร	O
ปชช.	NORM_1WORD
+	O
ตัวเอง	O
ด้วย	O

มากๆ	NORM_2WORD
น้า	NORM_1WORD
_	O
รัก	O
ที่	O
เขา	O
เป็น	O
ตัว	O
เขา	O
_	O
ไม่	O
ถือตัว	O
_	O
น่ารัก	O
_	O
ตลก	O
_	O
เก่ง	O
_	O
ชอบ	O
มากๆ	NORM_2WORD
_	O
ติดตาม	O
มา	O
นาน	O
แต่	O
ก็	O
ไม่	O
เคย	O
เจอ	O
ตัว	O
จริง	O
ทั้งๆ	NORM_2WORD
ที่	O
พี่	O
เขา	O
ไม่	O
เคย	O
ทำตัว	O
ให้	O
เข้า	O
ถึง	O
ยาก	O
แต่	O
อยู่	O
ที่	O
ตัว	O
เรา	O
แค่	O
ได้	O
ชอบ	O
และ	O
ติดตาม	O
ผ่าน	O
ไอจี	O
แค่	O
นั่น	O
ก็	O
มี	O
ความสุข	O
อบาก	NORM_1WORD
จะ	O
ไป	O
หา	O
ตาม	O
งาน	O
อีเว้นท์	NORM_1WORD
ต่างๆ	NORM_2WORD
น่ะ	O
_	O
แต่	O
ติด	O
ที่	O
ว่า	O
บ้าน	O
เรา	O
อยู่	O
ปัตตานี	O
_	O
ไป	O
หา	O
ลำบาก	O
+	O
กับ	O
เรียน	O
อีก	O

ตอน	O
ป.	O
6	O
สนิท	O
กับ	O
เพื่อน	O
ผช	NORM_1WORD
คน	O
นึง	NORM_1WORD
มาก	O
แล้ว	O
มี	O
อยู่	O
วัน	O
นึง	NORM_1WORD
ใส่	O
ชุดพละ	O
พัก	O
เที่ยง	O
พอดี	O
ก้	NORM_1WORD
ยืน	O
อยู่	O
บน	O
ที่นั่ง	O
ที	NORM_1WORD
ระเบียง	O
แล้ว	O
เพื่อน	O
ผช	NORM_1WORD
ก้	NORM_1WORD
เดิน	O
มา	O
ด้าน	O
หลัง	O
มัน	O
ดึง	O
กางเกง	O
ล้ะ	NORM_1WORD
คือ	O
อี	O
นี่	O
ไม่	O
ได้	O
ใส่	O
กางเกงซับ	O
ไง	O
พอ	O
ดึง	O
ปุ้บ	NORM_1WORD
เห้น	NORM_1WORD
เลย	O
จ้า	NORM_1WORD
ลาย	O
หมี	O
สีส้ม	O
ก้	NORM_1WORD
กลาย	O
เป้น	NORM_1WORD
ฉายา	O
เลย	O
_	O
ณ	O
_	O
ปัจจุบัน	O
นี้	O
เจอ	O
หน้า	O
มัน	O
มัน	O
ยัง	O
ไม่	O
เลิก	O
ล้อ	O
กู	O
เลย	O
_	O
#เรื่องมันช่างน่าอาย	O

แล้ว	O
ก็	O
บอก	O
ว่า	O
สื่อ	O
_	O
ตปท.	O
_	O
แทนที่	O
จะ	O
ให้	O
ถาม	O
เป็น	O
ภาษา	O
ไทย	O
น้องๆ	O
จะ	O
ได้	O
มี	O
อารมณ์	O
ร่วม	O
_	O
ปฏิสัมพันธ์	O
มัน	O
จะ	O
ไหลลื่น	O
กว่า	O
_	O
ละ	NORM_1WORD
ก็	O
ค่อย	O
ไป	O
ทำ	O
ซับ	O
เอา	O
_	O
แต่	O
กลับ	O
มา	O
ถาม	O
ภาษา	O
อังกฤษ	O
แบบ	O
สด	O
_	O
เด็ก	O
มัน	O
ไม่	O
ได้	O
ภาษา	O
_	O
มัน	O
ก็	O
งงๆ	NORM_2WORD
_	O
คนแปล	O
ก็	O
ไม่	O
รู้	O
ว่า	O
แปล	O
ตรง	O
ไหม	O
_	O
ทั้ง	O
เรื่อง	O
สื่อ	O
ไทย	O
เอง	O
อีก	O
_	O
ทั้ง	O
เรื่อง	O
ผปค.	NORM_1WORD
บาง	O
คน	O
_	O
(	O
ขอ	O
ไม่	O
พูด	O
ถึง	O
ประเด็น	O
นี้	O
นะ	O
คะ	O
)	O
_	O
#โค้ช	O
เอก	O

ลาจาก	O
วัน	O
สิ้นปี	O
ไป	O
ด้วย	O
ความเหงา	O
_	O
แต่	O
ไม่	O
เดียวดาย	O
_	O
มี	O
หนังสือ	O
_	O
ชายร้อยปีผู้ปีนออกทางหน้าต่างแล้วหายตัวไป	O
_	O
อยู่	O
เป็น	O
เพื่อน	O
_	O
พึ่ง	NORM_1WORD
อ่าน	O
จบ	O
บท	O
7	O
ไป	O
_	O
หวัง	O
ว่า	O
จะ	O
อ่าน	O
จบ	O
ก่อน	O
เปิด	O
เทอม	O
และ	O
ส่ง	O
รีวิว	O
ให้	O
สนพ.	NORM_1WORD
ได้	O
เร็วๆ	O
นี้	O
_	O
สิ่ง	O
ที่	O
จะ	O
พูด	O
ส่งท้าย	O
ไป	O
ตลอด	O
คือ	O
_	O
Nothin	O
_	O
but	O
_	O
the	O
_	O
best	O
_	O
wishes	O
_	O
for	O
_	O
2019	O
_	O
and	O
_	O
another	O
_	O
#HappyNewYear2019	O

เมื่อคืน	O
ฝัน	O
แบบ	O
โคตร	O
เขิน	O
_	O
คือ	O
ฝัน	O
ว่า	O
ได้	O
ไป	O
งานมีต	O
คุณ	O
อง	O
_	O
แล้ว	O
เรา	O
ได้	O
เป็น	O
ลักกี้แฟน	O
คือ	O
คุณ	O
อง	O
คุย	O
ภาษา	O
ไทย	O
กับ	O
เรา	O
_	O
แล้ว	O
เรา	O
อ่ะ	NORM_1WORD
เขิน	O
ตัว	O
ม้วน	O
เลย	O
_	O
พอ	O
จบ	O
งาน	O
หรือ	O
อะไร	O
ซัก	NORM_1WORD
อย่าง	O
อยู่ๆ	NORM_2WORD
คุณ	O
อง	O
มา	O
นั่ง	O
ข้างๆ	NORM_2WORD
แล้ว	O
ชวน	O
คุย	O
_	O
คือ	O
ตอน	O
นั้น	O
เหมือน	O
จะ	O
เป็น	O
บ้า	O
ตาย	O
ชวน	O
คุย	O
เลย	O
นะ	O
เว้ย	O
ฮือออ	NORM_1WORD
คุย	O
อะไร	O
ไม่	O
รู้	O
อยู่ๆ	NORM_2WORD
สะดุ้ง	O
ตื่น	O
ฮือออ	NORM_1WORD
_	O
ทำไม	O
เป็น	O
ได้	O
แค่	O
ฝันนน	NORM_1WORD

ช่วง	O
นี้	O
เรา	O
ป่วย	O
_	O
แล้ว	O
พรุ่งนี้	O
คุณ	O
หมอ	O
ก็	O
นัด	O
ตอน	O
ค่ำ	O
_	O
ตอน	O
แรก	O
ก็	O
ลังเล	O
เพราะ	O
อยาก	O
อยู่	O
จับ	O
มือ	O
มิวสิค	O
รอบ	O
รวม	O
บัตร	O
วัน	O
อาทิตย์	O
ด้วย	O
_	O
แต่	O
ก็	O
รู้สึก	O
ว่า	O
อาการ	O
เรา	O
ยัง	O
ไม่	O
เสถียร	O
ดี	O
_	O
เลย	O
มา	O
รอบ	O
รวม	O
วันนี้	O
_	O
เอา	O
ตรงๆ	O
ตอน	O
คุย	O
ก็	O
มึน	O
ๆ	O
ลอย	O
ๆ	O
_	O
แต่	O
จับ	O
มือ	O
น้อง	O
แล้ว	O
มัน	O
ตื้นตัน	O
แบบที่	O
ไม่	O
เคย	O
เป็น	O
_	O
ทั้งๆที่	O
ก็	O
จับ	O
มา	O
หลาย	O
งาน	O
แล้ว	O
_	O
#bnk48	O
_	O
#MusicBNK48	O

เรา	O
รู้สึก	O
ว่า	O
นักเขียน	O
หลาย	O
คน	O
_	O
#	O
ฟิค	NORM_1WORD
ดงบัง	O
_	O
มี	O
ความสามารถ	O
มี	O
พรสวรรค์	O
ใน	O
การแต่ง	O
มากๆ	NORM_2WORD
ไม่	O
แพ้	O
นักเขียน	O
นิยาย	O
ตาม	O
สำนักพิมพ์	O
ดังๆ	NORM_2WORD
_	O
เลย	O
_	O
พลอต	NORM_1WORD
บาง	O
เรื่อง	O
นำ	O
ไป	O
สร้าง	O
เป็น	O
ซีรีย์	NORM_1WORD
ได้	O
เลย	O
คง	O
ดังพลุแตก	O
_	O
และ	O
ที่	O
น่าเสียดาย	O
คือ	O
_	O
คนแต่ง	O
ค่อยๆ	NORM_2WORD
หาย	O
ไป	O
ที	O
ละ	O
ราย	O
_	O
เพราะ	O
ต่าง	O
มี	O
หน้าที่	O
รับผิดชอบ	O
ของ	O
ตัวเอง	O
_	O
นี่	O
ก็	O
นั่ง	O
ไล่	O
อ่าน	O
ฟิค	NORM_1WORD
เก่าๆ	NORM_2WORD
ไป	O
_	O
น้ำตา	O
ไหลล	NORM_1WORD

เห็น	O
ตัว	O
กะเปี๊ยก	O
_	O
แต่	O
ลูก	O
สาว	O
ชั้น	NORM_1WORD
ก็	O
เป็น	O
นักสู้	O
_	O
เหนื่อย	O
แต่	O
นาง	O
สู้	O
มา	O
ตลอด	O
_	O
ที่	O
พูด	O
นี่	O
ไม่	O
ได้	O
จะ	O
กดดัน	O
_	O
ห้าม	O
ท้อถอย	O
_	O
ห้าม	O
แกรด	O
_	O
หรือ	O
อะไร	O
_	O
แค่	O
จะ	O
บอก	O
ว่า	O
_	O
ชั้น	NORM_1WORD
เชื่อมั่น	O
ใน	O
หัวใจ	O
_	O
ความฝัน	O
_	O
ความสามารถ	O
_	O
ความพยายาม	O
_	O
ของ	O
เด็ก	O
คน	O
นี้	O
เสมอ	O
_	O
เค้า	NORM_1WORD
จะ	O
ทาง	O
ไหน	O
อะไร	O
ยังไง	O
_	O
ชั้น	NORM_1WORD
ก็	O
สุขใจ	O
ที่	O
ได้	O
สนับสนุน	O
เค้า	NORM_1WORD
_	O
ชั้น	NORM_1WORD
คือ	O
พฤษภา	O
_	O
#MaysaBNK48	O
_	O
#BNK48	O

ที่	O
บ้าน	O
เดือดร้อน	O
ค่ะ	O
_	O
#PunBNK48	O
_	O
บัตร	O
ปัญ	O
300	O
_	O
#IzurinaBNK48	O
_	O
ส.ค.ส.	O
450	O
_	O
#PiamBNK48	O
_	O
พกจ.ยูกาตะ	O
200	O
_	O
#JennisBNK48	O
_	O
บัตร	O
_	O
Ver.	O
2	O
_	O
250	O
_	O
CompSet	O
12	O
_	O
400	O
_	O
#NewBNK48	O
_	O
ปก	O
ฤดู	O
ใหม่	O
150	O
_	O
#FondBNK48	O
_	O
ปก	O
เดบิ้ว	NORM_1WORD
A	O
250	O
_	O
#BambooBNK48	O
_	O
ปก	O
ซิง	O
5	O
_	O
100	O
_	O
#TarwaanBNK48	O
_	O
13	O
H	O
_	O
150	O
_	O
#DeeneeBNK48	O
_	O
13	O
H	O
_	O
100	O
_	O
#BNK48Market	O
_	O
#ตลาดนัดBNK48	O
_	O
#BNK48	O

เคย	O
ไป	O
คาเฟ่	O
แมว	O
ร้าน	O
หนึ่ง	O
แมว	O
มา	O
เล่น	O
ด้วย	O
มา	O
นอน	O
ตัก	O
นอน	O
นาน	O
มาก	O
จน	O
เรา	O
กับ	O
เพื่อน	O
กิน	O
ขนม	O
หมด	O
จ่าย	O
เงิน	O
เสร็จ	O
ก็	O
ยัง	O
ไม่	O
ไป	O
แล้ว	O
ตอน	O
นั้น	O
ฝน	O
จะ	O
ตก	O
ก็	O
เลย	O
สไลค์	NORM_1WORD
แมว	O
ออก	O
จาก	O
กระโปรง	O
แบบ	O
เบามือ	O
ที่สุด	O
โดน	O
แมว	O
ข่วน	O
จ้า	NORM_1WORD
เลือด	O
ก็	O
ออก	O
ด้วย	O
ไม่	O
พอ	O
โดน	O
เจ้าของร้าน	O
ว่า	O
อีก	O
ว่า	O
ไม่	O
ทำ	O
ตาม	O
กฏ	O
ทั้งๆที่	O
เห็น	O
เหตุการณ์	O
_	O
ไล่	O
ออก	O
จาก	O
ร้าน	O
แถม	O
ไม่	O
ทำ	O
แผล	O
อะไร	O
ให้	O
เลย	O

น้อง	O
ก็	O
มี	O
ส่วน	O
พูด	O
ถูก	O
นะ	O
คับ	NORM_1WORD
ถึง	O
จะ	O
แรง	O
หน้าตา	O
น้อง	O
ไม่	O
สวย	O
_	O
แต่	O
ผม	O
ก็	O
มี	O
ความคิด	O
แบบ	O
น้อง	O
ถ้า	O
เรา	O
มี	O
เมีย	O
_	O
แต่	O
เรา	O
นอกใจ	O
_	O
ก็	O
ควร	O
ป้องกัน	O
นะ	O
คับ	NORM_1WORD
_	O
ถ้า	O
เกิด	O
เหตุการ์ณ	NORM_1WORD
ติด	O
โรค	O
มา	O
จริงๆ	NORM_2WORD
_	O
ถาม	O
ว่า	O
ความผิด	O
ใคร	O
_	O
แล้ว	O
คุณ	O
จะ	O
แก้ไข	O
อย่าง	O
ไง	O
.	O
_	O
มี	O
เซ็กร์	NORM_1WORD
ได้	O
แต่	O
ก็	O
เซฟ	O
คับ	NORM_1WORD
_	O
เมีย	O
คือ	O
รน	NORM_1WORD
ที่	O
เรา	O
รัก	O
เรา	O
จะ	O
ทำร้าย	O
เขา	O
รึ	NORM_1WORD
คับ	NORM_1WORD
_	O
ไม่	O
ได้	O
โลกสวย	O
แค่	O
เคย	O
เห็น	O
คน	O
ฆ่าตัวตาย	O

#รักทวนเข็ม	O
_	O
นี่	O
ก็	O
อ่าน	O
บ่อย	O
_	O
เป็น	O
ฟิค	NORM_1WORD
ที่	O
โคตร	O
ใช่	O
_	O
เหมือน	O
คน	O
แต่ง	O
รู้	O
ค.คิด	NORM_1WORD
นี่	O
หลาย	O
เรื่อง	O
มาก	O
_	O
ประทับใจ	O
_	O
หลง	O
รัก	O
เจ้า	O
ทานตะวัน	O
น้อง	O
ชีส	O
_	O
น้อง	O
คือ	O
ค.สดใส	NORM_1WORD
และ	O
ค.อบอุ่น	NORM_1WORD
ของ	O
โลก	O
ใบ	O
นี้	O
จริงๆ	NORM_2WORD
_	O
ไม่	O
รู้	O
ว่า	O
จะ	O
อิจ	NORM_1WORD
พี่	O
เบ	O
ที่	O
ได้	O
เจอ	O
ชีส	O
_	O
หรือ	O
อิจ	NORM_1WORD
ชีส	O
ที่	O
มี	O
พี่	O
เบ	O
เป็น	O
ของ	O
ตัวเอง	O
ดี	O
_	O
ลูก้า	O
น้อย	O
เวลา	O
วี๊ดๆ	NORM_1WORD
_	O
กับ	O
เจ้า	O
แซ็ก	O
ยิ่ง	O
ตลก	O
_	O
บ้าบอ	O
แต่	O
น่ารักกกก	NORM_1WORD

อ่าน	O
เมนต์	O
ใต้	O
รูป	O
แอฟ	NORM_1WORD
ใน	O
โพสต์	O
ต่างๆ	NORM_2WORD
_	O
แล้ว	O
แต่	O
ละ	O
คน	O
เหมือน	O
หลุด	O
ออก	O
มา	O
จาก	O
นิยาย	O
ประโลม	O
โลก	O
ห้า	O
สิบ	O
ปี	O
ก่อน	O
มาก	O
_	O
มี	O
นางเอก	O
นางร้าย	O
ชัดเจน	O
_	O
นางเอก	O
คือ	O
นางฟ้า	O
ใคร	O
เลิก	O
คือ	O
บาป	O
_	O
คือ	O
แบบ	O
ว่า	O
นี่	O
ชีวิต	O
จริง	O
ไง	O
_	O
ไม่	O
มี	O
นางเอก	O
นางร้าย	O
_	O
คน	O
ที่	O
เลิก	O
กับ	O
นางเอก	O
ก็	O
ไม่	O
ใช่	O
คน	O
เลว	O
_	O
เป็น	O
คน	O
ดี	O
ไม่	O
ได้	O
หมายความ	O
ว่า	O
รัก	O
จะ	O
ยืนยาว	O
หรือ	O
ทุก	O
คน	O
จะ	O
ต้อง	O
รัก	O
สัก	O
หน่อย	O

just	O
_	O
passing	O
_	O
by	O
_	O
around	O
_	O
a	O
_	O
mall	O
_	O
few	O
_	O
hours	O
_	O
ago	O
_	O
and	O
_	O
i	O
_	O
saw	O
_	O
this	O
.	O
_	O
If	O
_	O
you're	O
_	O
a	O
_	O
fan	O
_	O
of	O
_	O
bnk48official	O
_	O
cherprang	O
_	O
or	O
_	O
jamyjamess	O
_	O
and	O
_	O
you're	O
_	O
a	O
_	O
filipino	O
,	O
_	O
it's	O
_	O
your	O
_	O
time	O
_	O
to	O
_	O
watch	O
_	O
#HOMESTAY	O
_	O
in	O
_	O
cinema	O
_	O
Mar	O
_	O
20	O
_	O
p.s	O
_	O
i	O
_	O
took	O
_	O
this	O
_	O
at	O
_	O
SMNE	O
,	O
_	O
idk	O
_	O
if	O
_	O
they	O
_	O
will	O
_	O
release	O
_	O
this	O
_	O
nationwide	O
_	O
or	O
_	O
only	O
_	O
few	O
_	O
cinemas	O
.	O

วัน	O
ครบ	O
รอบ	O
เดือน	O
ที่	O
2	O
_	O
ก็	O
มี	O
การเขียน	O
ความในใจ	O
_	O
แบบ	O
_	O
วันนี้	O
ก็	O
2	O
เดือน	O
ละ	NORM_1WORD
นะ	O
_	O
เป็น	O
ไง	NORM_1WORD
บ้าง	O
_	O
เดี๋ยว	O
เอา	O
มา	O
แปะ	O
ให้	O
อ่านๆ	O
_	O
ก็	O
ก่อน	O
วัน	O
ครบ	O
รอบ	O
1	O
วัน	O
_	O
ได้	O
ไป	O
ดู	O
หนัง	O
มังกร	O
เรา	O
อะ	O
_	O
แต่	O
เป็น	O
ภาษา	O
ไทย	O
ที่	O
เมเจอร์ปิ่นเกล้า	O
_	O
เป็น	O
ที่นั่ง	O
แบบ	O
โซฟา	O
_	O
ก็	O
มี	O
การกอด	O
แบบ	O
กอด	O
แน่นๆ	O
_	O
การโอบ	O
_	O
การหอมแก้ม	O
_	O
แล้ว	O
ก็	O
มี	O
การจูบ	O
แบบที่	O
เคย	O
ลง	O
ไว้	O
อะ	O
_	O
ก็	O
ฟินๆ	O
ดี	O
เขินๆ	O

เอา	O
จริงๆ	NORM_2WORD
_	O
ก่อน	O
จะ	O
คุย	O
เรื่อง	O
เน็ตฟลิก	O
ควร	O
คง	O
ระบบ	O
รีวิว	O
ไว้	O
อยู่	O
มั้ย	NORM_1WORD
_	O
ตอน	O
นี้	O
ระบบ	O
แนะนำ	O
หนัง	O
ที่	O
หน้า	O
หลัก	O
ของ	O
เนฌตฟลิก	O
เรียก	O
ได้	O
ว่า	O
ห่วย	O
สัส	NORM_1WORD
หมา	O
นรกแตก	O
_	O
ชอบ	O
ดัน	O
แต่	O
เรื่อง	O
เดิมๆ	O
_	O
ดัน	O
หนัง	O
ไม่	O
ตรง	O
ความสนใจ	O
_	O
เสิร์ช	O
หา	O
หนัง	O
ก็	O
ไม่	O
เจอ	O
_	O
คนดู	O
ก็	O
จะ	O
ไม่	O
รู้	O
เลย	O
ว่า	O
ชั้น	NORM_1WORD
ควร	O
ดู	O
อะไร	O
_	O
ดู	O
เรื่อง	O
ไหน	O
_	O
เรื่อง	O
นี้	O
ดี	O
มั้ย	NORM_1WORD
_	O
ก็	O
เลย	O
หา	O
เรื่อง	O
ที่	O
ถูกใจ	O
ยาก	O
มาก	O

ตอน	O
ไป	O
เอเวอร์แลนด์	O
ปี	O
ที่	O
แล้ว	O
เพื่อน	O
แม่ง	O
ลง	O
ไป	O
นั่ง	O
ถ่ายรูป	O
กับ	O
ถัง	O
ขยะ	O
แบบ	O
นี้	O
(	O
แนบ	O
รูป	O
)	O
ผู้หญิง	O
กลุ่ม	O
นึง	NORM_1WORD
ก็	O
มองๆ	NORM_2WORD
แล้ว	O
ยิ้ม	O
เหล่า	O
สาว	O
แทกุก	O
ก็	O
ยัง	O
ถ่าย	O
ต่อ	O
ไป	O
จน	O
ผ่าน	O
ไป	O
สัก	O
พัก	O
ได้ยิน	O
เสียง	O
หัวเราะ	O
มา	O
จาก	O
ข้าง	O
หลัง	O
ค่อนข้าง	O
ดัง	O
เป็น	O
_	O
ผช	NORM_1WORD
_	O
ม.	O
ปลาย	O
ทั้ง	O
กลุ่ม	O
อีเวนนนน	NORM_1WORD
เค้า	NORM_1WORD
จะ	O
มอง	O
พวก	O
กู	O
ที่	O
ถ่ายรูป	O
กับ	O
อี	O
ถัง	O
นี่	O
ยังไง	NORM_1WORD
_	O
#เรื่องมันช่างน่าอาย	O

ถ้า	O
ตาม	O
มังงะ	O
ก็	O
เตรียม	O
กระดาษ	O
จด	O
คู่ชิป	O
ได้	O
เลย	O
_	O
พี่	O
บอก	O
แค่	O
นี้	O
_	O
555	O
_	O
จริงๆ	NORM_2WORD
_	O
ด้อม	O
ไม่	O
เงียบ	O
_	O
แต่	O
ใน	O
ความคิด	O
พี่	O
คือ	O
สนิท	O
ยาก	O
_	O
พี่	O
มี	O
เพื่อน	O
ใน	O
ด้อม	O
แค่	O
_	O
2	O
_	O
คน	O
เอง	O
_	O
ชวน	O
คุย	O
แล้ว	O
เขา	O
สานต่อ	O
_	O
ที	O
เหลือ	O
ล่ม	O
อะ	O
_	O
555	O
_	O
พี่	O
ฝาก	O
เรา	O
หา	O
เพื่อน	O
และ	O
ลาก	O
พี่	O
ดี	O
กว่า	O
_	O
พี่	O
ล่ม	O
มา	O
เยอะ	O
และ	O
_	O
ส่วน	O
เรื่อง	O
ลายเส้น	O
จริง	O
มากๆ	NORM_2WORD
_	O
แม่	O
ญี่ปุ่น	O
เกาหลี	O
อินเตอร์	O
ก็	O
โหด	O
มากๆ	O

ผู้ชาย	O
ตัว	O
เล็กๆ	O
ที่	O
เลือก	O
เสื้อ	O
โอเว่อ	NORM_1WORD
ไซส์	O
ใส่	O
_	O
เลือก	O
โดย	O
ไม่	O
ดู	O
ขนาด	O
ตัว	O
ของ	O
ตัวเอง	O
_	O
พอ	O
ใส่	O
ออก	O
มา	O
คือ	O
เสื้อ	O
ทั้ง	O
ใหญ่	O
แขนเสื้อ	O
นี่	O
ก็	O
กินมือ	O
พี่	O
จีม	O
ได้	O
อ่ะ	NORM_1WORD
ถ้า	O
ดึง	O
ลง	O
มา	O
_	O
นุ	NORM_1WORD
ใจบาง	O
มาก	O
พี่	O
บอก	O
ตรง	O
ผิว	O
นี่	O
จะ	O
ขาว	O
ไป	O
ไหน	O
หน้า	O
ก็	O
ไม่	O
แต่ง	O
ผม	O
ก็	O
ไม่	O
ได้	O
จัด	O
ทรง	O
อีก	O
_	O
ไม่	O
ไหว	O
นาที	O
นี้	O
คือ	O
ตาย	O
อ่ะ	NORM_1WORD
น่ารัก	O
น่าฟัด	O
มาก	O
ถ้า	O
ผัว	O
ไม่	O
ดุ	O
คง	O
ไม่	O
รอด	O
หึ่ยยยย	NORM_1WORD
_	O
#JIMIN	O

minhyunsomadx	O
_	O
คน	O
นี้	O
พิเศษ	O
มี	O
หลาย	O
อย่าง	O
ที่	O
ชอบ	O
เลย	O
_	O
อย่าง	O
แรก	O
ชอบ	O
ชื่อ	O
พี่	O
ตอน	O
ชื่อ	O
เฟลิส	O
_	O
ชอบ	O
เมจ	O
พี่	O
_	O
ชอบ	O
ความรุนแรง	O
ด่า	O
เจ็บ	O
กว่า	O
พริก	O
ทั้ง	O
สวน	O
_	O
ความโหด	O
ทั้ง	O
ตอน	O
เป็น	O
พี่	O
เตี๋ยว	O
และ	O
ตอน	O
เป็น	O
พี่	O
แม้ด	O
_	O
ความตลก	O
ของ	O
พี่	O
เวลา	O
ที่	O
นน	O
เรียก	O
ว่า	O
_	O
เตี่ยว	O
หรือ	O
เตี๊ยว	O
เรียก	O
ทุก	O
อย่าง	O
ยกเว้น	O
คำ	O
ว่า	O
เตี๋ยว	O
_	O
ความอ่อนโยน	O
ใน	O
แบบ	O
ฉบับ	O
คน	O
เป็น	O
พ่อ	O
ด้วย	O

ดู	O
เพราะ	O
โปสเตอร์	O
_	O
คิด	O
ว่า	O
หนัง	O
วาย	O
_	O
แต่	O
เปิด	O
เรื่อง	O
มา	O
ก็	O
ไม่	O
ใช่	O
ละ	NORM_1WORD
_	O
คือ	O
นาง	O
เป็น	O
พี่น้อง	O
กัน	O
_	O
พี่	O
ถูก	O
ลักพาตัว	O
หาย	O
ไป	O
19	O
วัน	O
_	O
แล้ว	O
กลับ	O
บ้าน	O
มา	O
เหมือน	O
ไม่	O
มี	O
อะไร	O
เกิดขึ้น	O
_	O
แต่	O
หลังจาก	O
นั้น	O
คน	O
น้อง	O
เริ่ม	O
ระแคะระคาย	O
ว่า	O
พี่ชาย	O
_	O
ไม่	O
ใช่	O
คน	O
เดิม	O
_	O
หนัง	O
ยาว	O
หน่อย	O
_	O
แต่	O
สนุก	O
ทุก	O
วินาที	O
_	O
บท	O
หนัง	O
ดี	O
มาก	O
ค่ะ	O
_	O
ต้อง	O
ดู	O
_	O
นี่	O
คือ	O
การบังคับ	O
_	O
ไม่	O
ได้	O
มา	O
รีวิว	O

เอา	O
ตาม	O
ตรง	O
เลย	O
นะ	O
_	O
คือ	O
แบบ	O
ภูมิใจ	O
แทน	O
นาย	O
เลย	O
อะ	O
_	O
รู้	O
เลย	O
ว่า	O
ต้อง	O
พยายาม	O
เพื่อ	O
ฟิต	O
หุ่น	O
แค่	O
ไหน	O
_	O
ทำ	O
ดี	O
มาก	O
เลย	O
นะ	O
รู้	O
ไหม	O
_	O
ตอนนี้	O
หุ่น	O
นาย	O
มัน	O
ดี	O
มากๆ	NORM_2WORD
_	O
ไม่	O
ใช่	O
อินจุน	O
คน	O
ตัว	O
เล็ก	O
อีก	O
ต่อ	O
ไป	O
แล้ว	O
_	O
แต่	O
ไม่ว่า	O
นาย	O
จะ	O
เป็น	O
ยังไง	NORM_1WORD
เรา	O
ก็	O
ยัง	O
รัก	O
นาย	O
อยู่ดี	O
_	O
ไม่ว่า	O
นาย	O
กำลัง	O
พยายาม	O
ทำ	O
อะไร	O
อยู่	O
_	O
อยาก	O
ให้	O
นาย	O
รู้	O
ว่า	O
ทุก	O
อย่าง	O
ที่	O
นาย	O
ทำ	O
มัน	O
ออก	O
มา	O
ดี	O
หมด	O
เลย	O
นะ	O

London	O
_	O
pt1	O
_	O
4	O
-	O
13	O
_	O
June	O
_	O
*	O
THE	O
_	O
GENTLE	O
_	O
INDIFFERENCE	O
_	O
OF	O
_	O
THE	O
_	O
WORLD	O
_	O
*	O
Taiwanese	O
_	O
avantgarde	O
_	O
programme	O
_	O
*	O
KULDESAK	O
_	O
*	O
THE	O
_	O
SWEET	O
_	O
REQUIEM	O
_	O
*	O
NAKORN	O
_	O
SAWAN	O
_	O
*	O
Workshop	O
/	O
shorts	O
_	O
*	O
A	O
_	O
TOUCH	O
_	O
OF	O
_	O
ZEN	O
_	O
*	O
PICNIC	O
_	O
AT	O
_	O
HANGING	O
_	O
ROCK	O
_	O
*	O
NERVOUS	O
_	O
TRANSLATION	O
_	O
*	O
AYKA	O
_	O
*	O
AUTUMN	O
_	O
AUTUMN	O
_	O
*	O
KABUL	O
_	O
CITY	O
_	O
ON	O
_	O
THE	O
_	O
WIND	O
_	O
*	O
BNK48	O
_	O
GIRLS	O
_	O
DON'T	O
_	O
CRY	O

คุณ	O
จะ	O
ด่า	O
ว่า	O
วง	O
เต้น	O
ไม่	O
ดี	O
_	O
ร้อง	O
ไม่	O
เพราะ	O
_	O
ไม่	O
สวย	O
_	O
ไม่	O
น่ารัก	O
_	O
อัน	O
นั้น	O
อาจ	O
เถียง	O
ได้	O
ไม่	O
เต็ม	O
ปาก	O
_	O
อย่า	O
ด่า	O
ว่า	O
ไม่	O
ดัง	O
ก็	O
พอ	O
_	O
5555	O
_	O
ส่วน	O
เรื่อง	O
ไป	O
ได้	O
กี่	O
น้ำ	O
_	O
เฉพาะ	O
ทาง	O
ธุรกิจ	O
ละ	NORM_1WORD
กัน	O
_	O
คง	O
ไป	O
ได้	O
อีก	O
ยาวๆ	NORM_2WORD
_	O
ไม่	O
เจ๊ง	O
ง่ายๆ	NORM_2WORD
_	O
เพราะ	O
พาร์ทเนอร์	NORM_1WORD
มี	O
แต่	O
ขา	O
โหด	O
ด้าน	O
บันเทิง	O
(	O
WP	O
)	O
_	O
และ	O
สื่อ	O
โฆษณา	O
(	O
PB	O
)	O
ทั้ง	O
นั้น	O
_	O
ยัง	O
ไม่	O
รวม	O
พาร์ทเนอร์	NORM_1WORD
จาก	O
สินค้า	O
โฆษณา	O
อีก	O

พิมพ์	O
ภาษา	O
ไทย	O
ให้	O
มัน	O
รู้	O
เรื่อง	O
ก่อน	O
มั้ย	NORM_1WORD
อี	O
สัด	NORM_1WORD
_	O
ถ้า	O
จะ	O
กัด	O
แฟนคลับ	O
ด้อม	O
นั้น	O
ด้อม	O
นี้	O
_	O
มึง	O
มา	O
แค่	O
กระแส	O
อย่า	O
ทำตัว	O
เป็น	O
ศูนย์กลาง	O
ของ	O
โลก	O
_	O
คำ	O
ว่า	O
ไม่	O
ใช่	O
อาร์มี่	O
จริง	O
ค่ะ	O
แค่	O
ตาม	O
กระแส	O
_	O
เรา	O
ไม่	O
ว่า	O
นะ	O
_	O
แต่	O
มารยาท	O
อ่ะ	NORM_1WORD
_	O
มัน	O
ไม่	O
ควร	O
มา	O
โพส	NORM_1WORD
ว่า	O
มี่	O
คน	O
อื่นๆ	NORM_2WORD
ป้ะ	NORM_1WORD
_	O
ไหน	O
จะ	O
ด้อม	O
ไอคอนนิค	NORM_1WORD
มึง	O
ก็	O
ไป	O
กัด	O
เขา	O
_	O
สงสาร	O
ลุง	O
ก้า	O
ที่	O
มี	O
มึง	O
เป็น	O
แฟนคลับ	O
อะ	O
อี	O
ฟริ้น	O
!	O

ของ	O
ฝั่ง	O
_	O
#BNK48	O
_	O
นี่	O
ยัง	O
ไม่	O
ต้อง	O
คิด	O
บ่น	O
เรื่อง	O
คุณภาพ	O
เข็มกลัด	O
กาก	O
อะไร	O
งี้	NORM_1WORD
เลย	O
นะ	O
_	O
นี่	O
ของ	O
ยัง	O
ไม่	O
ได้	O
เลย	O
จ้า	NORM_1WORD
_	O
รอ	O
กัน	O
ต่อ	O
ไป	O
_	O
อาทิตย์	O
นี้	O
จะ	O
ได้	O
หรือ	O
ป่าว	NORM_1WORD
นะ	O
_	O
เดาใจ	O
ไม่	O
ถูก	O
แล้ว	O
_	O
ยิ่ง	O
ลูกผีลูกคน	O
อยู่	O
ด้วย	O
_	O
ไม่	O
รู้	O
ไป	O
จ้าง	O
_	O
Supplier	O
_	O
เจ้า	O
ไหน	O
ผลิต	O
_	O
แพค	NORM_1WORD
ของ	O
_	O
ส่ง	O
ของ	O
ให้	O
_	O
ทำไม	O
_	O
Late	O
_	O
ได้	O
ขนาด	O
นี้	O
จริงๆ	O
ควร	O
เสร็จ	O
ตั้งแต่	O
เดือน	O
ที่	O
แล้ว	O
ด้วยซ้ำ	O

พยายาม	O
แล้ว	O
ทุกทาง	O
ที่	O
ทำ	O
ได้	O
_	O
เพื่อ	O
ให้	O
เค้า	O
รับรู้	O
ถึง	O
ความรู้สึก	O
เรา	O
_	O
พยายาม	O
ทำ	O
เพือ	NORM_1WORD
ต้องการ	O
ให้	O
เค้า	O
รับฟัง	O
เรา	O
บ้าง	O
_	O
ทำ	O
เพื่อ	O
ให้	O
เค้า	O
คิดถึง	O
ความรู้สึก	O
เรา	O
บ้าง	O
สักนิด	O
_	O
แต่	O
มัน	O
ช่างดู	O
ไร้ค่า	O
เหลือเกิน	O
_	O
เหมือน	O
อากาศ	O
ที่	O
มอง	O
ไม่	O
เห็น	O
_	O
เรา	O
ไม่	O
รู้	O
จะ	O
ทำ	O
ยังไง	O
แล้ว	O
_	O
เค้า	O
รู้	O
ว่า	O
เรา	O
รัก	O
เค้า	O
จริง	O
_	O
แต่	O
มัน	O
คง	O
ไม่	O
มี	O
ค่า	O
สำหรับ	O
เค้า	O
เลย	O
จริงๆ	NORM_2WORD

รีวิว	O
สอบ	O
วัน	O
แรก	O
_	O
math	O
_	O
กู	O
ทำ	O
ไม่	O
ได้	O
_	O
lang,gram	O
,	O
จีน	O
_	O
คิด	O
ว่า	O
ได้	O
เพราะ	O
ตอน	O
ทำ	O
ก็	O
ทำ	O
ได้	O
_	O
แต่	O
_	O
math	O
_	O
คือ	O
ปกติ	O
ถ้า	O
ทำ	O
ไม่	O
ได้	O
จะ	O
เครียด	O
จะ	O
แบบ	O
จะเป็นจะตาย	O
กลัว	O
ตก	O
มาก	O
_	O
แต่	O
วันนี้	O
นั่ง	O
ทำ	O
เลย	O
ไม่	O
ได้	O
ก็	O
คือ	O
ไม่	O
_	O
ใน	O
หัว	O
มัน	O
ยิ่ง	O
กว่า	O
โล่ง	O
_	O
คือ	O
เหมือน	O
กู	O
กำลัง	O
วิ่ง	O
ใน	O
ทุ่ง	O
ขี้เลื่อย	O
อยู่	O
ใน	O
สมอง	O
นั่นล่ะ	NORM_1WORD
_	O
เออ	O
_	O
อ่าน	O
หนังสือ	O
เถอะ	O
_	O
เดะ	NORM_1WORD
เกรด	O
จะ	O
เหี้ย	O
เอา	O

อ่ะ	O
ต่อ	O
_	O
ตั้งแต่	O
รู้จัก	O
พี่	O
ตาล	O
เรื่อง	O
แรก	O
จาก	O
เรื่อง	O
ของ	O
โสม	O
กับ	O
ขิง	O
คือ	O
ตาม	O
นิยาย	O
พี่	O
ตาล	O
มา	O
ตลอด	O
_	O
ไม่	O
เคย	O
รู้สึก	O
ใคร	O
เขียน	O
นิยาย	O
สมูท	O
ขนาด	O
พี่	O
ตาล	O
มา	O
ก่อน	O
เลย	O
อ่ะ	O
(	O
หรือ	O
เพราะ	O
ถูก	O
จริต	O
)	O
_	O
อัน	O
นี้	O
ส่วนตัว	O
นะ	O
คือ	O
นิยาย	O
พี่	O
ตาล	O
แนว	O
ไหน	O
ที่	O
ไม่	O
ชอบ	O
แต่	O
พี่	O
ทำ	O
ให้	O
เรา	O
อ่าน	O
ได้	O
_	O
และ	O
ติด	O
ด้วย	O
55555555	O
เป็น	O
กำลังใจ	O
ให้	O
นะ	O
คะ	O
_	O
ชอบ	O
งานเขียน	O
พี่	O
ตาล	O
มาก	O
เลย	O
ฮืออ	NORM_1WORD

สำหรับ	O
ใคร	O
ที่	O
พึ่ง	O
ตาม	O
แคนฯ	O
นะ	O
ฮะ	O
_	O
แล้ว	O
สงสัย	O
ว่า	O
ทำไม	O
_	O
แคนฯ	O
_	O
ไม่	O
รีพอร์ต	O
งาน	O
จับ	O
มือ	O
_	O
อยาก	O
บอก	O
ว่า	O
ถ้า	O
_	O
แคนฯ	O
_	O
ทำ	O
สิ่ง	O
เหล่า	O
นี้	O
คือ	O
_	O
ปรากฏการณ์	O
_	O
ปรากฏการณ์	O
โซเชียล	O
ของ	O
แคนฯ	O
มี	O
เยอะ	O
นะ	O
_	O
เช่น	O
_	O
อัฟ	O
_	O
IG	O
_	O
บ่อย	O
_	O
,	O
_	O
เปลี่ยน	O
_	O
รูป	O
โปรไฟล์	NORM_1WORD
ไม่	O
พร้อม	O
กัน	O
_	O
มี	O
ไร	O
เพิ่ม	O
อีก	O
มั้ย	NORM_1WORD
_	O
#CanBNK48	O
_	O
#BNK48	O
_	O
#BNK48CampusHS	O
_	O
#BNK48TheCampus	O
_	O
#BNK48Campus	O

ลูก	O
มึง	O
เป็น	O
ผู้ชาย	O
_	O
กู	O
รู้	O
_	O
ลูก	O
กู	O
ก็	O
เป็น	O
ผู้ชาย	O
_	O
กู	O
ก็	O
รู้	O
_	O
แต่	O
คน	O
มัน	O
รัก	O
กัน	O
_	O
มัน	O
แปลก	O
ตรง	O
ไหน	O
_	O
ชาย	O
ไม่	O
ได้	O
สร้าง	O
มา	O
เพื่อ	O
คู่	O
หญิง	O
เสมอไป	O
_	O
วงในวงนอก	O
จะ	O
ยังใง	O
กู	O
ไม่	O
รู้	O
กู	O
รู้	O
แค่	O
เห็น	O
เขา	O
มี	O
ความรัก	O
ที่	O
ดี	O
ให้	O
กัน	O
ไม่	O
เสแสร้ง	O
_	O
รัก	O
ไม่	O
จำเป็น	O
ต้อง	O
ครอบครอง	O
อย่า	O
ฉอด	O
นัก	O
เลย	O
มึง	O
กับ	O
กู	O
ก็	O
ได้ยิน	O
เขา	O
เล่า	O
มา	O
เหมือนกัน	O
_	O
แต่	O
เขา	O
เป็น	O
แฟน	O
กัน	O
เชื่อ	O
กู	O

หรือ	O
เธอ	O
แค่	O
ผู้หญิง	O
โกหก	O
เรียก	O
ความสนใจ	O
ให้	O
ติดตาม	O
ให้	O
ดู	O
เธอ	O
ซื้อ	O
ของ	O
เธอ	O
ซื้อ	O
อะไร	O
จาก	O
เธอ	O
ที่	O
เธอ	O
ขาย	O
นะ	O
โปรโมท	NORM_1WORD
โฆษณา	O
อยู่และ	O
เธอ	O
ไม่	O
รู้	O
จะ	O
หา	O
แคปชั่น	NORM_1WORD
อะไร	O
ให้	O
คน	O
ติดตาม	O
ดู	O
สนใจ	O
และ	O
ซื้อ	O
ของ	O
และ	O
ใช้	O
บริการ	O
สินค้าโฆษณา	O
ที่	O
เธอ	O
โปรโมท	NORM_1WORD
อยู่	O
_	O
รัก	O
นะ	O
_	O
คิดถึง	O
นะ	O
_	O
จุ๊บ	O
นะ	O
_	O
เหงา	O
_	O
โสด	O
_	O
ไม่	O
มี	O
แฟน	O
_	O
ไม่	O
มี	O
คนรัก	O
_	O
รักแรก	O
อยู่	O
ที่	O
ไหน	O
ทั้งหมด	O
นี้	O
จริง	O
มะ	NORM_1WORD

รีวิว	O
ชีวิต	O
ที่	O
ไม่	O
มี	O
แพสชั่น	NORM_1WORD
_	O
กับ	O
งาน	O
ที่	O
ไม่	O
ชอบ	O
_	O
-	O
_	O
เลิก	O
งาน	O
มา	O
นั่ง	O
เฉย	O
ๆ	O
_	O
ไม่	O
อยาก	O
ทำ	O
อะไร	O
เลย	O
_	O
ทั้งที่	O
มี	O
งาน	O
ท่วม	O
หัว	O
และ	O
สำคัญ	O
ทั้ง	O
นั้น	O
_	O
-	O
_	O
นอน	O
ทั้งที่	O
งาน	O
ไม่	O
เสร็จ	O
_	O
แต่	O
ไม่	O
สน	O
_	O
แม้	O
มี	O
ผล	O
กับ	O
ความมั่นคง	O
และ	O
ก้าวหน้า	O
ใน	O
หน้าที่	O
_	O
-	O
_	O
ตื่น	O
สาย	O
_	O
ถึง	O
ที่	O
ทำ	O
งาน	O
สาย	O
ทั้งที่	O
ต้อง	O
ลง	O
เวลา	O
เข้า	O
งาน	O
_	O
-	O
_	O
ใช้	O
ชีวิต	O
แบบ	O
เอาตัว	O
รอด	O
ไป	O
วัน	O
ๆ	O
_	O
ใน	O
ที่	O
ทำ	O
งาน	O

#VictoryBNK48	O
_	O
ไม่	O
รู้ว่า	O
ทิศทาง	O
ต่อไป	O
ของ	O
รายการ	O
จะ	O
เป็น	O
ยังไง	NORM_1WORD
_	O
แต่	O
ขอ	O
เสนอแนะ	O
ใน	O
เรื่อง	O
เกม	O
นิดนึง	NORM_1WORD
ให้	O
สม	O
ชื่อ	O
_	O
Victory	O
BNK48	O
_	O
อยาก	O
ให้	O
การแข่งขัน	O
มัน	O
มี	O
ความหมาย	O
กว่า	O
นี้	O
_	O
แข่งกัน	O
จริงจัง	O
_	O
เกม	O
โหดๆ	O
ไป	O
เลย	O
_	O
หา	O
ทีม	O
ชนะ	O
เพื่อ	O
รางวัล	O
_	O
จัด	O
ทีม	O
เดิม	O
แบบ	O
ถาวร	O
_	O
คละ	O
เมม	O
สอง	O
รุ่น	O
_	O
แข่งกัน	O
เป็น	O
ซีซั่น	O
อะไร	O
งี้	O
_	O
เรา	O
ว่า	O
มัน	O
น่าติดตาม	O
ดี	O
นะ	O
_	O
#BNK48	O

รัก	O
เพร้บ	O
_	O
รัก	O
เพร้บ	O
_	O
รัก	O
เพร้บ	O
_	O
รัก	O
เพร้บ	O
_	O
รัก	O
เพร้บ	O
_	O
รัก	O
เพร้บ	O
_	O
รัก	O
เพร้บ	O
_	O
รัก	O
เพร้บ	O
รัก	O
เพร้บ	O
_	O
รัก	O
เพร้บ	O
_	O
รัก	O
เพร้บ	O
_	O
รัก	O
เพร้บ	O
รัก	O
เพร้บ	O
_	O
รัก	O
เพร้บ	O
_	O
รัก	O
เพร้บ	O
_	O
รัก	O
เพร้บ	O
รัก	O
เพร้บ	O
_	O
รัก	O
เพร้บ	O
_	O
รัก	O
เพร้บ	O
_	O
รัก	O
เพร้บ	O
รัก	O
เพร้บ	O
_	O
รัก	O
เพร้บ	O
_	O
รัก	O
เพร้บ	O
_	O
รัก	O
เพร้บ	O
รัก	O
เพร้บ	O
_	O
รัก	O
เพร้บ	O
_	O
รัก	O
เพร้บ	O
_	O
รัก	O
เพร้บ	O
รัก	O
เพร้บ	O
_	O
รัก	O
เพร้บ	O
_	O
รัก	O
เพร้บ	O
_	O
+	O
ล้าน	O
คำ	O

เด็ม	O
เพียบ	O
!	O
จริงๆ	O
มัน	O
ก็	O
ไม่	O
มี	O
อะไร	O
_	O
เพลง	O
นี้	O
เป็น	O
เพลง	O
ที่	O
ดี	O
มากๆ	NORM_2WORD
_	O
รวม	O
เอา	O
ตำนาน	O
_	O
สัญชาติญาณ	NORM_1WORD
_	O
ความสัมพันธ์	O
_	O
ความเป็นจริง	O
_	O
จิตวิญญาณ	O
และ	O
อารมณ์	O
_	O
การเดินทาง	O
ของ	O
วันเวลา	O
_	O
จิตใจ	O
มนุษย์	O
ถูก	O
ควบคุม	O
โดย	O
ธรรมชาติ	O
_	O
ธรรมชาติ	O
ถูก	O
มนุษย์	O
ทำให้	O
เกิด	O
เรื่องราว	O
_	O
ทุก	O
อย่าง	O
รวม	O
อยู่	O
ใน	O
เพลง	O
เดียว	O
_	O
#AnimalSJ	O
_	O
#SuperJunior	O
_	O
#PCAs	O
_	O
#TheGroup	O

ตบเท้า	O
มา	O
เป็น	O
ผลงาน	O
เขย่า	O
ขวัญ	O
ภาค	O
ต่อ	O
น่าดู	O
ใน	O
ปี	O
นี้	O
_	O
อีก	O
เรื่อง	O
_	O
สำหรับ	O
_	O
#DoctorSleep	O
_	O
ผลงาน	O
ดัดแปลง	O
จาก	O
นิยาย	O
ภาค	O
ต่อ	O
_	O
The	O
_	O
Shining	O
_	O
ของ	O
_	O
Stephen	O
_	O
King	O
_	O
หนัง	O
สยอง	O
ขึ้น	O
หิ้ง	O
ใน	O
ดวงใจ	O
ใคร	O
หลาย	O
คน	O
_	O
ที่	O
ได้	O
_	O
Ewan	O
_	O
McGregor	O
_	O
รับ	O
บท	O
เป็น	O
_	O
Danny	O
_	O
ตอน	O
โต	O
_	O
จาก	O
เดิม	O
วาง	O
คิว	O
ฉาย	O
ไว้	O
มกราคม	O
ปี	O
หน้า	O
_	O
ตอน	O
นี้	O
เลื่อน	O
มา	O
_	O
8	O
_	O
พฤศจิกายน	O
ปี	O
นี้	O
เรียบร้อย	O

ซื้อ	O
ใช้	O
ตาม	O
รีวิว	O
ใน	O
ทวิต	O
_	O
อัน	O
ไหน	O
ดี	O
ก็	O
ว่า	O
ดี	O
_	O
กันแดด	O
_	O
Aura	O
_	O
Me	O
_	O
ดีงาม	O
มาก	O
แกร	NORM_1WORD
_	O
คือ	O
หน้า	O
ผ่อง	O
ตั้งแต่	O
ทา	O
ครั้ง	O
แรก	O
เลย	O
นะ	O
_	O
ยิ่ง	O
เกลี่ย	O
ผิว	O
ยิ่ง	O
เนียน	O
_	O
พอ	O
เซทตัว	NORM_1WORD
แล้ว	O
แห้ง	O
สนิท	O
เป็น	O
แป้ง	O
_	O
ไม่	O
ต้อง	O
ห่วง	O
ว่า	O
จะ	O
ไหล	O
เยิ้ม	O
เป็น	O
คราบ	O
_	O
เพราะ	O
น้อง	O
เค้า	NORM_1WORD
กันน้ำ	O
ดี	O
มาก	O
_	O
เรา	O
ใช้	O
ทุก	O
วัน	O
แทน	O
รองพื้น	O
เลย	O
_	O
ครบ	O
จบ	O
_	O
ทั้ง	O
กันแดด	O
_	O
รองพื้น	O
_	O
แป้ง	O
_	O
อยาก	O
แนะนำ	O
มากๆ	O

ช่วง	O
หลัง	O
สนใจ	O
เรื่อง	O
ศาสนาเปรียบเทียบ	O
_	O
หยิบ	O
หนังสือ	O
เก่า	O
ปี	O
_	O
2551	O
_	O
ของ	O
_	O
openbooks	O
_	O
มา	O
อ่าน	O
อีก	O
ครั้ง	O
_	O
พระเจ้า	O
และ	O
ผีห่าซาตาน	O
_	O
โดย	O
_	O
นพพร	O
สุวรรณพานิช	O
_	O
ทุก	O
สังคม	O
/	O
วัฒนธรรม	O
ล้วน	O
มี	O
ผี	O
_	O
แตกต่าง	O
เพียง	O
เรื่องเล่า	O
และ	O
รูปแบบ	O
ความเชื่อ	O
_	O
โลก	O
จะ	O
เจริญ	O
ไป	O
ไกล	O
แค่	O
ไหน	O
ผี	O
ก็	O
จะ	O
ยังคง	O
อยู่	O
เพื่อ	O
ทำ	O
หน้าที่	O
และ	O
ด้วย	O
เหตุผล	O
บาง	O
อย่าง	O
_	O
#wtnbooks	O

เมื่อ	O
เสร็จสิ้น	O
ฟิค	O
เรื่อง	O
แรก	O
ที่	O
ได้รับ	O
ผลตอบรับ	O
เกิน	O
คาด	O
_	O
เรา	O
ไม่	O
เคย	O
หวัง	O
ว่า	O
จะ	O
มี	O
คน	O
ชอบ	O
ผลงาน	O
เรา	O
เยอะ	O
ขนาด	O
นี้	O
_	O
เพราะ	O
เรา	O
เคย	O
เขียน	O
นิยาย	O
มา	O
ก่อน	O
_	O
และ	O
มัน	O
ก็	O
ไม่	O
ได้	O
ดี	O
มาก	O
นัก	O
_	O
เรา	O
รู้ตัว	O
_	O
แต่	O
เรา	O
ก็	O
ทิ้ง	O
ความฝัน	O
ที่	O
อยาก	O
จะ	O
เป็น	O
นักเขียน	O
ของ	O
เรา	O
ไม่	O
ได้	O
_	O
เรา	O
จึง	O
ตอบสนอง	O
ตัวเอง	O
ด้วย	O
การสร้างงาน	O
ต่อไป	O
เรื่อยๆ	NORM_2WORD
_	O
จน	O
เรา	O
คลอด	O
อีก	O
เรื่อง	O
หนึ่ง	O

ก่อน	O
คุณ	O
ซื้อ	O
คุณ	O
ได้	O
ตัดสิน	O
ใจ	O
ที่	O
จะ	O
ยอมรับ	O
แล้ว	O
ว่า	O
มัน	O
จะ	O
ตรง	O
กับ	O
ที่	O
คุณ	O
คาดหวัง	O
หรือ	O
ไม่	O
ครับ	O
_	O
ซื้อ	O
นิยาย	O
สิบ	O
เล่ม	O
มา	O
มัน	O
ต้อง	O
มี	O
สัก	O
เล่ม	O
ดิ	O
วะ	O
ที่	O
ไม่	O
ถูก	O
ใจ	O
_	O
แต่	O
เหนือ	O
สิ่ง	O
อื่น	O
ใด	O
คือ	O
ไม่	O
ใช่	O
นำ	O
มัน	O
มา	O
ด่า	O
อะไร	O
ทำนอง	O
นั้น	O
_	O
ฝาก	O
ทุก	O
คน	O
ด้วย	O
นะ	O
ครับ	O
_	O
ก่อน	O
จะ	O
ชี้	O
นิ้ว	O
ด่า	O
หรือ	O
ว่า	O
ใคร	O
_	O
อยาก	O
ให้	O
ดู	O
นิ้ว	O
ตัวเอง	O
ก่อน	O
ด้วย	O
ว่า	O
มัน	O
สะอาด	O
ดี	O
ไหม	O
_	O
ขอบคุณ	O
ครับ	O

Badiou	O
_	O
เสนอ	O
ว่า	O
รักแท้	O
คือ	O
การสร้าง	O
_	O
เริ่มต้น	O
ด้วย	O
ความกล้าหาญ	O
_	O
สร้าง	O
ด้วย	O
ความอดทน	O
_	O
เรา	O
หลงรัก	O
คน	O
ที่	O
เรา	O
แทบ	O
ไม่	O
รู้	O
อะไร	O
เกี่ยวกับ	O
ตัว	O
เขา	O
_	O
ความเล้นรับ	O
น่าค้นหา	O
_	O
สิ่ง	O
นี้	O
ไม่	O
ใช่	O
ความปลอดภัย	O
_	O
แต่	O
เรา	O
กระโดด	O
ลง	O
ไป	O
ติ่ง	O
ด้วย	O
ความกล้าหาญ	O
โดยที่	O
ไม่	O
รู้	O
ว่า	O
จะ	O
เจอ	O
อะไร	O
_	O
เจ็บปวด	O
ไหม	O
_	O
แต่	O
ความเจ็บปวด	O
คือ	O
สิ่ง	O
ที่	O
ยืนยัน	O
ว่า	O
_	O
กำลัง	O
รัก	O

ตั้งแต่	O
โต	O
มา	O
ก็	O
ไม่	O
กลัว	O
คุณครู	O
ที่	O
โหดๆ	O
เลย	O
นะ	O
_	O
แต่	O
ทุกวันนี้	O
ที่	O
เงียบ	O
ไม่	O
ออก	O
ความคิดเห็น	O
เพราะ	O
เกรงใจ	O
_	O
แต่	O
เรื่อง	O
วันนี้	O
ที่	O
เกิดขึ้น	O
ยอมรับ	O
ว่า	O
ผิด	O
จริงๆ	NORM_2WORD
_	O
จะ	O
ลงโทษ	O
ก็	O
ยินดี	O
_	O
แต่	O
ถ้า	O
อยาก	O
ให้	O
บอก	O
เหตุผล	O
จริงๆ	NORM_2WORD
เลย	O
ก็	O
คือ	O
เพื่อนๆ	O
คน	O
อื่นๆ	NORM_2WORD
ก็	O
เล่น	O
กัน	O
ทำไม	O
ว่า	O
แค่	O
เรา	O
ที่	O
ที่	O
ผ่าน	O
มา	O
ไม่	O
เคย	O
เล่น	O
เลย	O
_	O
แต่	O
หยิบ	O
มา	O
เล่น	O
วันนี้	O
วัน	O
เดียว	O
_	O
ซวย	O

#	O
เพื่อไทย	O
_	O
129	O
_	O
พลังประชารัฐ	O
_	O
120	O
_	O
#	O
อนาคตใหม่	O
_	O
75	O
_	O
ภูมิใจไทย	O
_	O
53	O
_	O
ประชาธิปัตย์	O
_	O
49	O
_	O
ชาติไทยพัฒนา	O
_	O
11	O
_	O
#	O
เสรีรวมไทย	O
_	O
10	O
_	O
#	O
เศรษฐกิจใหม่	O
_	O
6	O
_	O
เพื่อชาติ	O
_	O
5	O
_	O
รวมพลังประชาชาติไทย	O
_	O
5	O
_	O
ประชาชาติ	O
_	O
4	O
_	O
ชาติพัฒนา	O
_	O
3	O
_	O
พลังท้องถิ่นไท	O
_	O
3	O
_	O
รักษ์ผืนป่าประเทศไทย	O
_	O
2	O
_	O
เพื่อนไทย	O
_	O
2	O
_	O
ประชาภิวัฒน์	O
_	O
2	O
_	O
#เลือกตั้ง62	O
_	O
#ThailandElection2019	O

ใบ	O
6	O
_	O
Y	O
อยาก	O
ดู	O
คอน	NORM_1WORD
ต้อง	O
ทำ	O
ไง	NORM_1WORD
_	O
K	O
ต้อง	O
รัก	O
พี่	O
ให้	O
มากๆ	NORM_2WORD
_	O
Y	O
รัก	O
มาก	O
แล้ว	O
นะ	O
_	O
K	O
ไม่ๆ	O
ต้อง	O
มาก	O
กว่า	O
นี้	O
(	O
ทำ	O
หน้า	O
ทำ	O
ตา	O
)	O
_	O
ใบ	O
7	O
_	O
Y	O
จะ	O
กลับ	O
ละ	NORM_1WORD
นะ	O
ดูแล	O
ตัวเอง	O
ดีๆ	NORM_2WORD
นะ	O
_	O
ถ่าย	O
หนัง	O
อากาศ	O
ร้อน	O
ดื่ม	O
น้ำ	O
เยอะๆ	O
_	O
K	O
_	O
กลับ	O
ดีๆ	NORM_2WORD
นะ	O
_	O
คิดถึง	O
แก้ว	O
เยอะๆ	O
นะ	O
_	O
มา	O
หา	O
แก้ว	O
อีก	O
นะ	O
บ๊ายบาย	O
จน	O
เดิน	O
ออก	O
ไป	O
ถึง	O
โต๊ะ	O
ตรวจ	O
ของ	O
_	O
ใบ	O
8	O
_	O
Y	O
ใบ	O
สุดท้าย	O
ละ	NORM_1WORD
นะ	O
_	O
K	O
กลับ	O
จริงๆ	NORM_2WORD
ละ	NORM_1WORD
อ่อ	O
_	O
Y	O
เดือน	O
หน้า	O
จะ	O
มา	O
หา	O
ใหม่	O

ประโยค	O
นั้น	O
ทัช	O
ใจ	O
จน	O
น้ำตา	O
คลอ	O
_	O
เอา	O
จริง	O
มัน	O
ก็	O
คิดถึง	O
แหละ	O
_	O
คิดถึง	O
อยู่	O
ตลอด	O
_	O
แต่	O
วันนี้	O
คน	O
ที่	O
ยืน	O
อยู่	O
ตรง	O
นั้น	O
ไม่	O
ใช่	O
ที่	O
ของ	O
เรา	O
สอง	O
คน	O
แล้ว	O
_	O
มัน	O
หวัง	O
ไม่	O
ได้	O
ด้วย	O
ว่า	O
แก	O
จะ	O
วก	O
มา	O
เจอ	O
ฉัน	O
ไหม	O
_	O
แก	O
จะ	O
ยัง	O
สูบ	O
บุหรี่	O
เพราะ	O
เครียด	O
มากๆ	NORM_2WORD
หรือ	O
เปล่า	O
_	O
แก	O
จะ	O
เรียน	O
จบ	O
หรือ	O
ยัง	O
_	O
จะ	O
ทะเลาะ	O
กับ	O
แม่	O
ไหม	O
_	O
แต่	O
ถึง	O
ยังไง	O
แก	O
ก็	O
ยัง	O
เป็น	O
คน	O
ที่	O
น่ารัก	O
กับ	O
ใจ	O
เรา	O
เสมอ	O

คือ	O
พวก	O
นาง	O
คิด	O
ได้	O
ไง	NORM_1WORD
อ่ะ	NORM_1WORD
_	O
คือ	O
ไรท์	NORM_1WORD
เค้า	NORM_1WORD
ก็	O
แต่ง	O
เต็มที่	O
แล้ว	O
ป่ะ	NORM_1WORD
_	O
เรา	O
เป็น	O
คน	O
นึง	NORM_1WORD
ที่	O
อ่าน	O
มา	O
ตั้งแต่	O
นิยาย	O
ไรท์	NORM_1WORD
ยัง	O
ไม่	O
ได้	O
ดัง	O
_	O
ไรท์	NORM_1WORD
ก็	O
อัพ	NORM_1WORD
ประมาณ	O
นี้	O
ป่ะ	NORM_1WORD
เธอ	O
_	O
ถึงจะ	O
ถี่	O
กว่า	O
นี้	O
ก็	O
เหอะ	O
_	O
โปรด	O
เข้าใจ	O
ไรท์	NORM_1WORD
เค้า	NORM_1WORD
ด้วย	O
ค่ะ	O
_	O
พวก	O
ที่	O
มา	O
ท้วง	O
แบบ	O
นี้	O
อ่ะ	NORM_1WORD
ไรท์	NORM_1WORD
เค้า	NORM_1WORD
ลง	O
ให้	O
อ่าน	O
ก็	O
ดี	O
แค่	O
ไหน	O
แล้ว	O
คือ	O
เข้าใจ	O
นะ	O
ว่า	O
ไรท์	NORM_1WORD
ไม่	O
ค่อย	O
อัพ	NORM_1WORD
เพราะ	O
เรียน	O
_	O
ยังไง	NORM_1WORD
ก็	O
สู้ๆ	O

หวัดดี	NORM_1WORD
ครับ	O
ผม	O
ก็	O
เริ่ม	O
ติดตาม	O
วง	O
_	O
#BNK48	O
_	O
ได้	O
ไม่	O
นาน	O
_	O
เคย	O
ได้	O
ยิน	O
ชื่อ	O
วง	O
ผ่านๆ	NORM_2WORD
มา	O
ละ	O
แต่	O
ไม่	O
เคย	O
ค้น	O
ดู	O
_	O
จน	O
มา	O
ถึง	O
ตอน	O
ที่	O
พี่	O
_	O
คิมมี้	O
_	O
Creativekim	O
_	O
เป็น	O
ใส้ติ่ง	NORM_1WORD
_	O
ที่	O
พวก	O
พี่	O
กาน	O
_	O
KNN	O
_	O
ไป	O
เยี่ยม	O
แล้ว	O
พูด	O
ว่า	O
_	O
นี่ๆ	NORM_2WORD
น้อง	O
_	O
BNK48	O
_	O
ส่ง	O
กำลังใจ	O
มา	O
ให้	O
ด้วย	O
_	O
ผม	O
ก็	O
คิด	O
มัน	O
คือ	O
อะไร	O
น้า	O
ผม	O
ก็	O
ลอง	O
ไป	O
ค้น	O
ดู	O
_	O
เอิ่มมมม	NORM_1WORD
...	O
มา	O
เล่า	O
การที่	O
ได้	O
ติดตาม	O
_	O
มี	O
ep	O
2	O

รู้จัก	O
_	O
Dark	O
_	O
soul	O
_	O
ไหม	O
?	O
_	O
เกม	O
นี้	O
ลึกๆ	O
แล้ว	O
ดี	O
นะ	O
_	O
เมื่อ	O
ยาม	O
ที่	O
เรา	O
มี	O
ฝัน	O
แต่	O
ไร้	O
แพชชั่น	O
ที่	O
จะ	O
ไป	O
ต่อ	O
ก็	O
ไม่	O
ต่าง	O
ไร	NORM_1WORD
กับ	O
คน	O
หมดหวัง	O
_	O
คน	O
ไม่	O
มี	O
ความหวัง	O
_	O
ต่อ	O
ให้	O
ใน	O
ใจ	O
ยัง	O
มี	O
ฝัน	O
ที่	O
ยิ่งใหญ่	O
_	O
แม่ง	O
ก็	O
แค่	O
ไม้	O
ผุๆ	O
_	O
ผม	O
ว่า	O
ใดๆ	O
ใน	O
โลก	O
มัน	O
สุ่ม	O
แม้	O
ความรัก	O
เหมือนกัน	O
_	O
ดังนั้น	O
ผม	O
ไม่	O
เคย	O
หมดหวัง	O
นะ	O
_	O
ต่อ	O
ให้	O
เจ็บปวด	O
ต่อไป	O
_	O
แต่	O
ยัง	O
ดี	O
กว่า	O
เป็น	O
ฮอลโลว์	O
นะ	O

อ่าน	O
แร้ว	NORM_1WORD
คือ	O
ฮือ	O
_	O
แบบ	O
ดี	O
งาน	O
ละเอียด	O
มาก	O
_	O
พระเอก	O
โต	O
กว่า	O
เยอะ	O
_	O
แต่	O
อบอุ่น	O
มาก	O
_	O
ไม่	O
พอร์น	O
_	O
เป็น	O
ผู้ใหญ่	O
_	O
มี	O
สเตป	NORM_1WORD
ชวน	O
เขิน	O
ตลอด	O
_	O
น้อง	O
ฟีฟ่า	O
ก็	O
น้อง	O
มาก	O
_	O
น่ารัก	O
มาก	O
ไม่	O
ใช่	O
แค่	O
ตัว	O
_	O
นิสัย	O
_	O
ค.คิด	NORM_1WORD
น้อง	O
ด้วย	O
_	O
เด็ก	O
ดี	O
_	O
น่ารัก	O
มากๆ	NORM_2WORD
_	O
เหมือน	O
หลง	O
อยู่	O
ใน	O
ป่า	O
แฟนซี	O
_	O
บรรยากาศ	O
ดี	O
สดชื่น	O
_	O
ชวน	O
ฝัน	O
_	O
รัก	O
เพื่อนๆ	NORM_2WORD
สัตว์	O
ด้วย	O
_	O
บรรยาย	O
ดี	O
มากๆ	NORM_2WORD
เลย	O
ค่ะ	O
#ฤดูหลงป่า	O

ฉัน	O
ไม่	O
อยาก	O
อ่าน	O
หนังสือ	O
แล้ว	O
อะ	O
_	O
ฉัน	O
เหนื่อย	O
ชีวิต	O
ที่	O
ตอน	O
เมื่อก่อน	O
ดู	O
ซีรีย์	NORM_1WORD
เล่น	O
เกม	O
หาย	O
ไป	O
หมด	O
แล้ว	O
_	O
ตื่น	O
มา	O
ใน	O
วัน	O
ที่	O
ไม่	O
มี	O
เรียน	O
สมอง	O
สั่ง	O
ไป	O
ว่า	O
อ่าน	O
วิชา	O
อะไร	O
_	O
คณะ	O
นี้	O
โหด	O
กับ	O
เรา	O
เหลือเกิน	O
เรียน	O
อยู่	O
ก็	O
ต้อง	O
อ่าน	O
_	O
ตอน	O
สอบ	O
ไม่	O
ต้อง	O
พูด	O
ถึง	O
_	O
เคย	O
ชวน	O
เพืิ่อน	NORM_1WORD
มา	O
เรียน	O
แล้ว	O
มัน	O
บอก	O
ว่า	O
ไม่	O
เอา	O
ขี้เกียจ	O
อ่าน	O
หนังสือ	O
_	O
ตอน	O
นี้	O
เรา	O
เข้าใจ	O
แล้ว	O

อิ	NORM_1WORD
เพื่อน	O
คน	O
ตะกี้	O
ไป	O
กิน	O
บอนชอน	O
ด้วย	O
กัน	O
โต๊ะ	O
ก็	O
เล็กๆ	O
เนาะ	NORM_1WORD
_	O
นั่ง	O
2	O
คน	O
ติด	O
กับ	O
ผู้	O
นิสิต	O
4	O
คน	O
ข้างๆ	O
_	O
อิ	NORM_1WORD
เพื่อน	O
ฝาก	O
วาง	O
กระเป๋า	O
ซึ่ง	O
เรา	O
นั่ง	O
ฝั่ง	O
โซฟา	O
ซัก	NORM_1WORD
พัก	O
มัน	O
บอก	O
หยิบ	O
เป๋าตังค์	NORM_1WORD
ให้	O
หน่อย	O
นี่	O
ก็	O
เปิด	O
เป๋า	NORM_1WORD
มัน	O
ละ	NORM_1WORD
หยิบ	O
ให้	O
_	O
น้อง	O
นิสิต	O
ข้างๆ	O
หัน	O
มา	O
ละ	NORM_1WORD
ก็	O
ขำ	O
นี่	O
ก็	O
งง	O
_	O
พอ	O
ก้ม	O
ดู	O
เท่านั้นล่ะ	NORM_1WORD
_	O
อิ	NORM_1WORD
เวงงงง	NORM_1WORD
มิง	NORM_1WORD
พก	O
เตารีด	O
มา	O
ทำไมมมม	NORM_1WORD
_	O
#เรื่องมันช่างน่าอาย	O

คน	O
แรก	O
ใน	O
48	O
_	O
ที่	O
ได้	O
เป็น	O
_	O
เซ็นเตอร์	O
เพลง	O
เดียว	O
กัน	O
_	O
2	O
ภาษา	O
_	O
2	O
ประเทศ	O
_	O
ดีใจ	O
กับ	O
คามิ	O
ตัวเอง	O
_	O
จริงๆ	NORM_2WORD
_	O
อยู่	O
ด้วย	O
กัน	O
ไป	O
นานๆ	O
นะ	O
รินะ	O
จัง	O
_	O
หวัง	O
ว่า	O
ต่อไป	O
_	O
อฟช.	O
จะ	O
มองเห็น	O
ศักยภาพ	O
ของ	O
มิโอริ	O
บ้าง	O
_	O
น้อง	O
เป็น	O
คน	O
เก่ง	O
และ	O
เป็น	O
คน	O
กล้า	O
ที่	O
จะ	O
ทำ	O
อะไร	O
ใหม่ๆ	NORM_2WORD
เฉพาะตัว	O
มาก	O
_	O
อย่าง	O
โพส	NORM_1WORD
รูป	O
ตื่น	O
_	O
5	O
.	O
55	O
_	O
น.	O
ทุก	O
วัน	O
_	O
/Live	O
_	O
วัน	O
ที่	O
5	O
/	O
15	O
/	O
25	O
_	O
อังกฤษ	O
/	O
ไทย	O
/	O
ญี่ปุ่น	O

เพื่อนๆ	NORM_2WORD
มา	O
เดิน	O
_	O
มา	O
ช็อป	O
_	O
มา	O
กิน	O
ที่	O
kvillage	O
_	O
อย่า	O
ลืม	O
แวะ	O
มา	O
ทัก	O
_	O
แวะ	O
มา	O
อุดหนุน	O
_	O
บูธ	O
_	O
Daifuku	O
_	O
by	O
_	O
Langhua	O
_	O
ด้วย	O
นะ	O
คะ	O
_	O
Photo	O
_	O
by	O
_	O
kvillage	O
_	O
#langhua	O
_	O
#ลั้งฮวา	O
_	O
#daifuku	O
_	O
#ไดฟูกุ	O
_	O
#ขนมไดฟูกุ	O
_	O
#ของฝาก	O
_	O
#ของขวัญ	O
_	O
#ของทานเล่น	O
_	O
#ต้องไปลอง	O
_	O
#รีวิววนไป	O
_	O
#อร่อย	O
_	O
#รีวิว	O
_	O
#kvillage	O
_	O
#farmersmarket	O
_	O
#weekend	O
_	O
#weekendmarket	O
_	O
at	O
_	O
K	O
Village	O
_	O
(	O
เค	O
วิลเลจ	O
)	O

เห็น	O
หลายในหลายโพส	O
บอก	O
ว่า	O
คุณ	O
ต.	O
เป็น	O
คน	O
ทำ	O
ภาพพี่ม่อน	O
เอง	O
_	O
จะ	O
เป็น	O
อะไร	O
ไหม	O
คะ	O
_	O
ถ้า	O
จะ	O
ฝาก	O
คุณ	O
_	O
ฝาก	O
บอก	O
ถึง	O
คุณ	O
ต.	O
ว่า	O
_	O
เรา	O
รัก	O
พี่ม่อน	O
มาก	O
และ	O
เรา	O
รัก	O
สำนวน	O
การเขียน	O
ของ	O
คุณ	O
ต.	O
ใน	O
รูป	O
พี่ม่อน	O
มาก	O
เช่นกัน	O
_	O
มี	O
แรงใจ	O
ใน	O
ทุกวัน	O
เพราะ	O
รูป	O
พี่ม่อน	O
เลย	O
ค่ะ	O
_	O
พี่ม่อน	O
ทำให้	O
ชีวิต	O
ของ	O
เรา	O
สดใส	O
ขึ้น	O
เยอะ	O
เลย	O
_	O
แต่	O
ถ้า	O
ไม่	O
สะดวก	O
ก็	O
ไม่เป็นไร	O
นะคะ	O
_	O
ขอบคุณค่ะ	O

ส่วนตัว	O
ว่า	O
มัน	O
ก็	O
เมกเซ้น	NORM_1WORD
นะ	O
_	O
ตอน	O
นี้	O
อาจ	O
ดู	O
ว่า	O
น้อง	O
อีก	O
แค่	O
ไม่	O
กี่	O
คน	O
เอง	O
ทำไม	O
ปริ้น	O
ไม่	O
ได้	O
_	O
แต่	O
ถ้า	O
ไม่	O
เริ่ม	O
ระบบ	O
นี้	O
_	O
ใน	O
อนาคต	O
มี	O
รุ่น	O
_	O
3	O
_	O
4	O
_	O
5	O
_	O
เข้า	O
มา	O
_	O
ไม่	O
ต้อง	O
ทำ	O
_	O
4	O
-	O
5	O
ร้อย	O
ใบ	O
เลย	O
หรอ	O
ต่อ	O
หนึ่ง	O
อัลบั้ม	O
_	O
แฟนคลับ	O
อันเดอร์	O
รุ่น	O
1	O
_	O
ยัง	O
พอ	O
มี	O
เก็บ	O
กัน	O
บ้าง	O
_	O
แต่	O
แฟนคลับ	O
อันเดอร์	O
รุ่น	O
2	O
_	O
คือ	O
.......	O
_	O
ร้องไห้	O
วน	O
ไป	O
_	O
TT	O
_	O
//me	O
_	O
ชี้	O
ตัวเอง	O
_	O
#	O
BNK48	O

เฮ้อ	O
เธอ	O
แล้ว	O
ก็	O
กลับ	O
กลาย	O
เป็น	O
ว่า	O
โฟร์	O
ที่	O
ได้	O
กลาย	O
เป็น	O
เด็ก	O
มี	O
ปัญหา	O
ช่วย	O
ไม่	O
ได้	O
เลย	O
เธอ	O
โมส	O
เคย	O
รู้	O
บ้าง	O
หรือ	O
เปล่า	O
ว่า	O
ทั้งหมด	O
มัน	O
เกิดขึ้น	O
ก็	O
เพราะว่า	O
โมส	O
นั่นแหละ	O
จน	O
วัน	O
นั้น	O
ผู้ชาย	O
คน	O
นั้น	O
เขา	O
กลับ	O
มา	O
หา	O
โฟร์	O
แล้ว	O
ซัก	O
ถาม	O
ว่า	O
อยาก	O
ได้	O
แฟน	O
เก่า	O
เพิ่ม	O
มั้ย	O
ซึ่ง	O
โฟร์	O
ก็	O
ปฏิเสธ	O
ทันควัน	O
ว่า	O
รัก	O
ได้	O
รัก	O
ไป	O
แล้ว	O
ล่ะ	NORM_1WORD
มัน	O
เจ็บ	O
เพราะ	O
เขา	O
เหงา	O
เพราะ	O
เธอ	O

บตบก	O
_	O
ไม่	O
ได้	O
ทำ	O
ง่ายๆ	NORM_2WORD
_	O
เมื่อก่อน	O
_	O
ใช้	O
อะไร	O
ดี	O
ไม่	O
ดี	O
_	O
รีวิว	O
หมด	O
_	O
แล้ว	O
เป็น	O
ไง	NORM_1WORD
_	O
บาง	O
แบรนด์	O
รับ	O
ไม่	O
ได้	O
_	O
เขา	O
ก็	O
จด	O
ชื่อ	O
ติด	O
_	O
แบลคลิส	NORM_1WORD
ไว้	O
_	O
อัน	O
นี้	O
ไม่	O
ซี	NORM_1WORD
_	O
แต่	O
บาง	O
แบรนด์	O
ส่ง	O
เมล์	NORM_1WORD
มา	O
จะ	O
ฟ้อง	O
งี้	NORM_1WORD
_	O
แล้ว	O
สมมุติ	NORM_1WORD
โดน	O
ฟ้อง	O
ใคร	O
จะ	O
ช่วย	O
เรา	O
อ่ะ	NORM_1WORD
_	O
ก็	O
ต้อง	O
ช่วย	O
ตัวเอง	O
ใช่	O
ปะ	NORM_1WORD
ละ	NORM_1WORD
_	O
ตอน	O
นี้	O
เจอ	O
อะไร	O
ไม่	O
ดี	O
ก็	O
บอก	O
แบบ	O
ส่วนตัว	O
เฉพาะ	O
คน	O
ที่	O
มา	O
ถาม	O
_	O
ไม่	O
โพส	NORM_1WORD
ลง	O
_	O
Social	O
_	O
แล้ว	O

Sana	O
_	O
naiintindihan	O
_	O
mo	O
_	O
yung	O
_	O
status	O
_	O
ng	O
_	O
MNL48	O
_	O
sa	O
_	O
bansa	O
_	O
natin,	O
_	O
hindi	O
_	O
tayo	O
_	O
katulad	O
_	O
ng	O
_	O
BNK48,	O
_	O
JKT48	O
_	O
na	O
_	O
expert	O
_	O
na	O
_	O
yung	O
_	O
mga	O
_	O
naghahandle	O
_	O
at	O
_	O
tanggap	O
_	O
ng	O
_	O
mga	O
_	O
tao	O
_	O
dahil	O
_	O
sanay	O
_	O
na	O
_	O
sila	O
_	O
sa	O
_	O
groups.	O
_	O
Yung	O
_	O
Management	O
_	O
natin	O
_	O
palpak	O
_	O
kase	O
_	O
nga	O
_	O
wala	O
_	O
namang	O
_	O
idol	O
_	O
groups	O
_	O
dito	O
_	O
kaya	O
_	O
kumakapit	O
_	O
sa	O
_	O
AKS	O
_	O
for	O
_	O
advise	O

อีเวนท์	O
ใน	O
พีเอสพี	O
ก็	O
เดิน	O
ตาม	O
เรื่อง	O
หลัก	O
ตอนแรก	O
_	O
แต่	O
รายละเอียด	O
จะ	O
แตกต่าง	O
แล้ว	O
ก็	O
เยอะ	O
ขึ้น	O
ไป	O
อีก	O
_	O
กลาย	O
เป็น	O
อีเวนท์	O
ขำๆ	NORM_2WORD
_	O
แล้ว	O
ยิ่ง	O
พอ	O
เป็น	O
เวนท์	O
เข้า	O
ค่าย	O
แล้ว	O
โรงเรียน	O
อื่น	O
มา	O
แจม	O
_	O
เจอ	O
พวก	O
คิเซกิ	O
ก็	O
ยิ่ง	O
ฮา	O
กว่า	O
เดิม	O
_	O
นี่	O
ดู	O
ไป	O
นิดเดียว	O
ก็	O
คลายเครียด	O
ละ	O
_	O
เสร็จงาน	O
รีวิว	O
คง	O
ได้	O
รั่ว	O
กับ	O
บาส	O
เต็มที่	O
หน่อย	O
_	O
เดดไลน์	O
บทความ	O
ก็	O
ยัง	O
อีก	O
หลาย	O
วัน	O

วิเคราะห์	O
รูป	O
ใคร	O
นอน	O
ห้อง	O
นี้	O
นะ	O
คะ	O
_	O
(	O
ขำๆ	O
เนอะ	NORM_1WORD
)	O
_	O
1.	O
แจมิน	O
กับ	O
โดยอง	O
นอน	O
ห้อง	O
เดียว	O
กัน	O
_	O
(	O
ดู	O
จาก	O
ลักษณะท่าทาง	O
การนอน	O
แล้ว	O
_	O
ทั้ง	O
สอง	O
คน	O
นี้	O
น่า	O
จะ	O
เป็น	O
เจ้าของ	O
เตียง	O
)	O
_	O
2.	O
เจโน่	O
ต้อง	O
เหงา	O
มากๆ	NORM_2WORD
_	O
(	O
รูมเมท	NORM_1WORD
น้อง	O
อาจ	O
จะ	O
ทิ้ง	O
น้อง	O
ไป	O
นอน	O
เล่น	O
เกม	O
กับ	O
อีก	O
ห้อง	O
หนึ่ง	O
)	O
_	O
3.	O
เจโน่	O
จึง	O
มา	O
หา	O
พี่	O
ของ	O
เค้า	NORM_1WORD
_	O
(	O
นั้น	NORM_1WORD
ก็	O
คือ	O
โดยอง	O
_	O
)	O
_	O
4.	O
แจมิน	O
ไม่	O
ใช่	O
เพื่อน	O
...	O
(	O
แฟน	O
)	O

เอา	O
จริง	O
คือ	O
เรื่อง	O
งาน	O
ที่	O
ม.	O
_	O
มัน	O
พาล	O
ให้	O
รู้สึก	O
เหนื่อย	O
มาก	O
_	O
ไม่	O
มี	O
เวลา	O
ตาม	O
_	O
จน	O
มัน	O
กด	O
ให้	O
ครส.	NORM_1WORD
อยาก	O
ตาม	O
มัน	O
น้อย	O
ลง	O
_	O
วันนี้	O
พี่	O
ทำให้	O
มัน	O
กลับ	O
มา	O
เติมเต็ม	O
อีก	O
ครั้ง	O
_	O
ขอบคุณ	O
อะไร	O
ก็ตาม	O
ที่	O
ทำให้	O
ตัดสินใจ	O
ไป	O
งาน	O
นี้	O
_	O
เป็น	O
การไปหา	O
พี่	O
ครั้ง	O
แรก	O
_	O
และ	O
ก็	O
ไป	O
คน	O
เดียว	O
ด้วย	O
_	O
แต่	O
ไม่	O
เหงา	O
เลย	O
_	O
เบบี๋	O
น่ารัก	O
มากๆ	NORM_2WORD
มา	O
ชวน	O
คุย	O
ตลอด	O
_	O
รู้สึก	O
ดี	O
อบอุ่น	O
มากๆ	O

ชีวิต	O
ของ	O
เอลตัน	O
จอห์น	O
ใน	O
ตอน	O
เด็ก	O
_	O
ไม่	O
ได้	O
รับ	O
ความรัก	O
จาก	O
พ่อแม่	O
_	O
เขา	O
เก่ง	O
แต่	O
ก็	O
ต้อง	O
ฟันฝ่า	O
กว่า	O
จะ	O
มี	O
ชื่อเสียง	O
_	O
พอ	O
มี	O
ชื่อเสียง	O
_	O
ทุก	O
อย่าง	O
ก็	O
เข้า	O
มา	O
แต่	O
ไม่	O
จีรัง	O
_	O
และ	O
ติด	O
เหล้า	O
ติด	O
ยา	O
ติด	O
เซ็กซ์	O
หนักมาก	O
_	O
กว่า	O
จะ	O
เลิก	O
ได้	O
ก็	O
นาน	O
อยู่	O
_	O
ตอน	O
นี้	O
เลิก	O
ได้	O
ยี่สิบ	O
กว่า	O
ปี	O
_	O
มี	O
สามี	O
ที่	O
รัก	O
และ	O
ดูแล	O
กันและกัน	O
_	O
มี	O
ลูก	O
สอง	O
คน	O
_	O
ให้	O
เวลา	O
อยู่	O
กับ	O
ลูกๆ	O

#ไข่ต้มแก้บนหลวงพ่อโสธร	O
_	O
#รีวิว	O
_	O
#ร้านไข่ต้ม	O
_	O
#ไข่ต้มแก้บน	O
_	O
#แปดริ้ว	O
_	O
#ฉะเชิงเทรา	O
_	O
#บริการดี	O
_	O
#ไม่มีไข่วน	O
_	O
เรา	O
มี	O
พนักงาน	O
คอย	O
ช่วย	O
ยก	O
ไข่	O
ให้	O
_	O
เป็น	O
หมื่น	O
ฟอง	O
ก็	O
รับ	O
ไหว	O
_	O
คุณ	O
ลูกค้า	O
มา	O
ถึง	O
วัด	O
แก้บน	O
ได้	O
เลย	O
_	O
เรา	O
จัด	O
การ	O
หา	O
ที่	O
วาง	O
ไข่	O
ให้	O
เรียบร้อย	O
_	O
บอก	O
ขั้น	O
ตอน	O
การ	O
แก้บน	O
_	O
บริการ	O
เกิน	O
ความหมาย	O
_	O
สนใจ	O
ไข่ต้ม	O
แก้บน	O
_	O
0992626416	O
_	O
at	O
_	O
วัดโสธรวรารามวรวิหาร	O

ตำนาน	O
_	O
'	O
ดาบ	O
ดูเรนดอล	O
'	O
_	O
(	O
Durendal	O
_	O
Sword	O
)	O
_	O
คือ	O
ดาบ	O
ที่	O
เกิด	O
จาก	O
ของศักดิ์สิทธิ์	O
_	O
4	O
_	O
อย่าง	O
_	O
จน	O
เป็น	O
ดาบ	O
ที่	O
ได้	O
ชื่อ	O
ว่า	O
ทนทาน	O
และ	O
ไม่	O
มี	O
วัน	O
ถูก	O
ทำลาย	O
_	O
ว่า	O
กัน	O
ว่า	O
คือ	O
ดาบ	O
ถูก	O
เสียบ	O
อยู่	O
กลาง	O
หน้าผา	O
เล่ม	O
นี้	O
_	O
ซึ่ง	O
ปัจจุบัน	O
ได้	O
ถูก	O
ทางการ	O
นำ	O
ไป	O
จัดแสดง	O
อยู่	O
ที่	O
พิพิธภัที่ณฑ์	NORM_1WORD
แห่ง	O
ชาติ	O
ของ	O
ฝรั่งเศส	O
แล้ว	O
_	O
ภาพ	O
_	O
WIKIPEDIA	O
_	O
CC	O
_	O
PATRICK	O
_	O
CLENET	O

Official	O
_	O
#BNK48	O
_	O
แก้	O
ปัญหา	O
การส่งของ	O
ไม่	O
ถึง	O
พร้อม	O
กัน	O
โดย	O
การส่ง	O
ให้	O
ถึง	O
มือ	O
ทุก	O
คน	O
_	O
ทุก	O
ออเดอร์	O
_	O
วัน	O
สุดท้าย	O
แม่ง	O
เลย	O
ครับ	O
_	O
แบบ	O
ของ	O
ถึง	O
_	O
SCG	O
_	O
นาน	O
แล้ว	O
ให้	O
เก็บ	O
ไว้	O
ก่อน	O
_	O
รอ	O
ฤกษ์	O
งาม	O
ยาม	O
ดี	O
ค่อย	O
เอา	O
ให้	O
เวลา	O
_	O
9.09	O
_	O
ของ	O
วัน	O
สุด	O
ท้าย	O
ก็	O
ส่ง	O
เลย	O
_	O
เย้ๆ	NORM_2WORD
_	O
เอา	O
จริงๆ	NORM_2WORD
_	O
มัน	O
ก็	O
ยัง	O
ไม่	O
เลย	O
วัน	O
นะ	O
_	O
จะ	O
ว่า	O
ก็	O
ไม่	O
ได้	O
_	O
แต่	O
ก็	O
เห็น	O
ด้วย	O
ว่า	O
ควร	O
แจก	O
_	O
tracking	O
_	O
No.	O

เรื่อง	O
นี้	O
เนี่ยน	O
อยาก	O
เล่า	O
มาก	O
เลย	O
_	O
ป๊า	O
ม๊า	NORM_1WORD
เนี่ยน	O
ถาม	O
ว่า	O
เนี่ยน	O
ทำไม	O
ชอบ	O
มิวสิค	O
bnk48	O
_	O
เรา	O
ก็	O
ตอบ	O
ป๊า	O
ม๊า	NORM_1WORD
ไป	O
ว่า	O
เนี่ยน	O
ไม่	O
รู้	O
หรอก	O
_	O
ป๊า	O
ม๊า	NORM_1WORD
ก็	O
ตอบ	O
ว่า	O
เอ้า	NORM_1WORD
ต้อง	O
มี	O
เหตุผล	O
สิ	O
_	O
เรา	O
ก็	O
ตอบ	O
ไป	O
ว่า	O
เหตุผล	O
ที่	O
เนี่ยน	O
ชอบ	O
พี่	O
สิค	O
อะ	O
มัน	O
อาจ	O
จะ	O
เข้าใจ	O
แค่	O
เนี่ยน	O
ก็	O
ได้	O
ป๊า	O
ม๊า	NORM_1WORD
อาจ	O
จะ	O
ไม่	O
เข้าใจ	O
หรอก	O
เพราะ	O
คนเรา	O
สิ่ง	O
ที่	O
ชอบ	O
ไม่	O
เหมือน	O
กัน	O
_	O
#MusicBNK48	O

เมื่อกี้	O
ไป	O
เซเว่น	O
_	O
ได้ยิน	O
พนักงาน	O
คุย	O
กัน	O
ว่า	O
ประเทศ	O
เรา	O
เริ่ม	O
ปกครอง	O
ระบอบ	O
ประชาธิปไตย	O
ตั้งแต่	O
เมื่อไหร่	NORM_1WORD
_	O
ทำไม	O
ถึง	O
เลือก	O
ระบอบ	O
นี้	O
แทน	O
ระบอบ	O
เก่า	O
_	O
แล้ว	O
ประชาธิปไตย	O
ที่	O
แท้จริง	O
คือ	O
อะไร	O
_	O
ประเทศ	O
ไทย	O
เคย	O
มี	O
ประชาธิปไตย	O
จริงๆ	NORM_2WORD
มั้ย	NORM_1WORD
_	O
เออ	O
เนี่ย	NORM_1WORD
....	O
สถานการณ์	O
ทาง	O
การเมือง	O
ช่วง	O
ที่	O
ผ่าน	O
มา	O
นี้	O
ทำให้	O
ชาว	O
ไทย	O
ทุก	O
สายอาชีพ	O
ตื่นตัว	O
จริงๆ	NORM_2WORD
นะ	O

ปกติ	O
ก็	O
ใช้	O
เป็น	O
ประจำ	O
อยู่	O
แล้ว	O
ค่ะ	O
แล้ว	O
ชอบ	O
มากๆ	NORM_2WORD
เจ้า	O
เซรั่มบูสต์ผิว	O
ของ	O
_	O
#ClearNose	O
_	O
ตัว	O
เนี่ย	O
จะ	O
ช่วย	O
ใน	O
เรื่อง	O
การฟื้นฟู	O
สภาพ	O
ผิว	O
หน้า	O
ให้	O
แข็งแรง	O
และ	O
ทำ	O
ให้	O
ผิว	O
หน้า	O
กระจ่างใส	O
ลด	O
จุดด่างดำ	O
และ	O
ที่สำคัญ	O
ที่	O
ชอบ	O
มากๆ	NORM_2WORD
เลย	O
ก็	O
คือ	O
การขจัดสิว	O
ต่างๆ	NORM_2WORD
และ	O
ควบคุม	O
ความมัน	O
บน	O
ใบหน้า	O
ได้	O
ดี	O
มาก	O
และ	O
ที่	O
เลิฟ	O
ที่สุด	O
เลย	O
ก็	O
คือ	O
ไม่	O
มี	O
แอลกอฮอล์	O
ค่ะ	O

นิทรรศการ	O
_	O
1	O
.	O
_	O
Alone	O
_	O
land	O
_	O
โดย	O
_	O
วิชชุตา	O
ลิมปณะวัสส์	O
_	O
05	O
/	O
01	O
-	O
04	O
/	O
02	O
/	O
2019	O
_	O
ความเหงา	O
เป็น	O
เรื่อง	O
ใกล้ตัว	O
ที่	O
เกิด	O
ขึ้น	O
ได้	O
กับ	O
ทุก	O
คน	O
_	O
เหมือน	O
การมีโลก	O
อีก	O
ใบ	O
ซ้อนทับ	O
โลก	O
แห่ง	O
ความเป็นจริง	O
_	O
ความแปลกแยก	O
จาก	O
สภาพแวดล้อม	O
_	O
ความโดดเดี่ยว	O
ท่ามกลาง	O
ผู้คน	O
มากมาย	O
_	O
ความโดดเดี่ยว	O
เมื่อ	O
ต้อง	O
อยู่	O
เพียง	O
ลำพัง	O
_	O
และ	O
มี	O
เพียง	O
ฉัน	O
ที่	O
รู้สึก	O

ขอ	O
ฝาก	O
ถึง	O
ทีม	O
ออกแบบ	O
ไฟ	O
ใน	O
เธียเตอร์	O
_	O
#BNK48	O
_	O
หน่อย	O
_	O
ไม่	O
รู้	O
จะ	O
ได้	O
อ่าน	O
หรือ	O
เปล่า	O
_	O
เอาเป็นว่า	O
ใน	O
ฐานะ	O
ที่	O
เคย	O
ทำงาน	O
ด้าน	O
นี้	O
มา	O
เหมือนกัน	O
_	O
เรา	O
เคย	O
ดูถูก	O
คุณ	O
ตอน	O
รอบ	O
ฟาวเดอร์	O
ว่า	O
งาน	O
นักศึกษา	O
ยัง	O
โปร	O
กว่า	O
เธียเตอร์	O
_	O
bnk	O
_	O
เลย	O
_	O
แต่	O
พอ	O
ได้	O
ดู	O
รอบ	O
วันนี้	O
แล้ว	O
คุณ	O
พัฒนา	O
ว่ะ	O
_	O
มู้ดโทน	O
แต่ละ	O
เพลง	O
ชัด	O
ขึ้น	O
มาก	O
_	O
คิว	O
ไหลลื่น	O
ดี	O
_	O
ไม่	O
มี	O
สะดุด	O
หรือ	O
ลั่น	O
ละ	O

ทุก	O
คน	O
มี	O
ตัวตน	O
ค่ะ	O
_	O
ถ้า	O
ไม่	O
มี	O
ตัวตน	O
คง	O
พิมพ์	O
ไม่	O
ได้	O
หรอก	O
_	O
เอา	O
เป็น	O
ว่า	O
ทุก	O
ด้อม	O
มี	O
ทั้ง	O
คน	O
ดี	O
และ	O
คน	O
ไม่	O
ดี	O
นะ	O
_	O
น้อง	O
ยัง	O
โกรธ	O
ที่	O
เขา	O
ว่า	O
ศิลปิน	O
น้อง	O
_	O
พวก	O
พี่	O
ก็	O
โกรธ	O
ค่ะ	O
ที่	O
น้อง	O
คิด	O
จะ	O
มา	O
สอน	O
ศิลปิน	O
ของ	O
ด้อม	O
พี่	O
_	O
ที	O
หลัง	O
จะ	O
ว่า	O
ใคร	O
เจาะจง	O
เลย	O
ค่ะ	O
_	O
อย่า	O
พิมพ์	O
ลอยๆ	NORM_2WORD
แล้ว	O
แท็ก	O
ไป	O
หา	O
ศิลปิน	O
ที่	O
เขา	O
ไม่	O
รู้	O
เรื่อง	O
_	O
อ้อ!	O
!	O
_	O
เรียน	O
ภาษา	O
ไทย	O
แก้ไข	O
ด้วย	O
ค่ะ	O
_	O
พี่	O
งง	O

วัน	O
นี้	O
เป็น	O
คิว	O
ของ	O
หมวก	O
บัตเก็ต	NORM_1WORD
บ้าน	O
ตาหวาน	O
สี	O
เหลือง	O
ที่	O
ใคร	O
หลายๆ	NORM_2WORD
คน	O
เคย	O
ถาม	O
หา	O
!	O
_	O
โดเนท	O
เข้า	O
_	O
#STARwaan48	O
_	O
129	O
บาท	O
ขึ้น	O
ไป	O
_	O
ต่อ	O
_	O
1	O
สลิป	O
_	O
*	O
ต้อง	O
เป็น	O
สลิป	O
ที่	O
โอน	O
ตั้งแต่	O
_	O
1400	O
_	O
น.	O
ของ	O
วัน	O
นี้	O
เป็น	O
ต้น	O
ไป	O
*	O
_	O
แล้ว	O
ปา	O
สลิป	O
มา	O
ที่	O
ใต้	O
ทวิต	O
นี้	O
_	O
ครบ	O
_	O
20	O
สลิป	O
สุ่ม	O
แจก	O
ทันที	O
!	O
_	O
เล่น	O
ได้	O
ถึง	O
_	O
17	O
/	O
01	O
_	O
1400	O
_	O
น.	O
_	O
#TheChosenWaan	O
_	O
#TarwaanBNK48	O
_	O
#BNK48	O

A	O
_	O
Quite	O
_	O
Place	O
_	O
นี่	O
ว่า	O
ไม่	O
ถึง	O
ขนาด	O
ที่	O
รีวิว	O
กัน	O
อ่ะ	O
_	O
อาจ	O
จะ	O
ไม่	O
ใช่	O
แนว	O
ที่	O
ตรง	O
กับ	O
ตัวเอง	O
ด้วย	O
แหละ	O
มั้ง	O
_	O
ไม่	O
ได้	O
มี	O
อะไร	O
แย่	O
นะ	O
ตื่นเต้น	O
ลุ้น	O
ไป	O
ด้วย	O
แต่	O
ก็	O
รู้สึก	O
ว่า	O
มัน	O
ดี	O
ได้	O
กว่า	O
นี้	O
อ่ะ	O
ดู	O
พยายาม	O
ยืด	O
ให้	O
เรื่อง	O
มัน	O
ยาว	O
ทั้งๆ	O
ที่	O
ไม่	O
มี	O
เนื้อหา	O
ไร	NORM_1WORD
เลย	O
_	O
ละ	O
คน	O
ที่	O
บอก	O
ว่า	O
มัน	O
เงียบ	O
โคตร	O
แสดง	O
ว่า	O
ยัง	O
ไม่	O
ได้	O
ดู	O
_	O
die	O
_	O
tomorrow	O
_	O
ค่ะ	O
_	O
#opaltkttmt	O

แงงงง	NORM_1WORD
_	O
พูด	O
ยาก	O
เลย	O
พี่	O
มดดี้	O
_	O
ไปๆมาๆ	NORM_3PLUS
ดู	O
หลาย	O
คน	O
อยาก	O
เป็น	O
_	O
ส่วน	O
อี	O
คน	O
ที่	O
เป็น	O
ก็	O
ไม่	O
ได้	O
อยาก	O
เป็น	O
เล๊ยยย	NORM_1WORD
_	O
55555555555	O
_	O
นี่	O
เป็น	O
_	O
แล้ว	O
ตอน	O
ไป	O
หา	O
หมอ	O
_	O
พอ	O
หมอ	O
บอกว่า	O
เป็น	O
_	O
เจอ	O
หน้า	O
แม่	O
คือ	O
เบะ	O
เลย	O
_	O
ร้องไห้โฮ	O
_	O
เอา	O
จริง	O
นี่	O
กว่า	O
จะ	O
ยอมรับ	O
ได้	O
ว่า	O
ตัวเอง	O
ป่วย	O
_	O
ก็	O
ยาก	O
นะ	O
_	O
แล้ว	O
วันๆ	NORM_2WORD
ถ้า	O
ซึม	O
แล้ว	O
ไม่	O
ยอม	O
เอา	O
ตัวเอง	O
ออก	O
จาก	O
ความเศร้า	O
_	O
ยิ่ง	O
ไป	O
กัน	O
ใหญ่	O
_	O
ฮือ	O

1	O
โอ๊ต	O
ไม่	O
ได้	O
ใช้	O
คำหยาบ	O
กับ	O
น้อง	O
_	O
เค้า	NORM_1WORD
ใช้	O
เล่า	O
เรื่อง	O
และ	O
ใช้	O
พูด	O
กับ	O
เพื่อน	O
_	O
แยกแยะ	O
บ้าง	O
_	O
2	O
น้องๆ	NORM_2WORD
มี	O
สมอง	O
ครับ	O
น้อง	O
เค้า	O
คิด	O
ได้	O
ว่า	O
ตอน	O
ไหน	O
ควร	O
ใช้	O
คำ	O
ยังไง	NORM_1WORD
_	O
3	O
ถ้า	O
โอ๊ต	O
เลิก	O
ทำ	O
เพราะ	O
แค่	O
นี้	O
ก็	O
คิด	O
ดู	O
นะ	O
ครับ	O
รายการ	O
น้า	O
เนก	O
โดน	O
ปิด	O
มา	O
หลาย	O
รอบ	O
ยัง	O
หา	O
ช่องทาง	O
ทำ	O
ไม่	O
ละทิ้ง	O
ตัวเอง	O
ง่ายๆ	NORM_2WORD
_	O
4	O
วง	O
ไม่	O
ได้	O
ดรามา	NORM_1WORD
เยอะ	O
หรอก	O
โอตะ	O
นี่แหละ	O
_	O
#BNK48	O
_	O
#TheDriver	O

#NESTIVAL2018inBangkokDay3	O
_	O
#NESTIVALINBKK2018	O
_	O
#NESTIVAL2018	O
_	O
1	O
.	O
รีวิว	O
การไป	O
คอน	NORM_1WORD
ครั้ง	O
แรก	O
ใน	O
ชีวิต	O
สิ่ง	O
ที่	O
ไม่	O
ค่อย	O
โอเค	O
เลย	O
อย่าง	O
แรก	O
ก็	O
คน	O
ใน	O
คอน	NORM_1WORD
นั่น	O
แหล่ะ	O
เรา	O
ไป	O
บัตร	O
นั่ง	O
ตอน	O
บอก	O
ว่า	O
ยืน	O
ได้	O
ก็	O
นึก	O
ว่า	O
ยืน	O
ปกติ	O
ไม่	O
นึก	O
ว่า	O
จะ	O
ยืน	O
บน	O
เก้าอี้	O
ตอน	O
แรก	O
ก็	O
ไม่	O
ยืน	O
ตาม	O
แต่	O
ถ้า	O
ไม่	O
ยืน	O
ก็	O
คือ	O
ไม่	O
เห็น	O
อะไร	O
เลย	O
น้อง	O
เดิน	O
ไป	O
แล้ว	O
ก็	O
ไม่	O
ยอม	O
นั่ง	O
ลง	O

ขอบคุณ	O
ฟากฟ้า	O
ที่	O
ทำ	O
ให้	O
เรา	O
ได้	O
เจอ	O
กัน	O
_	O
1	O
_	O
ปี	O
ที่	O
ผ่าน	O
มา	O
(	O
แบบ	O
เป็น	O
ทางการ	O
)	O
_	O
1	O
_	O
ปี	O
นี้	O
_	O
เรา	O
ก็	O
ผ่าน	O
เหตุการณ์	O
ต่างๆ	NORM_2WORD
_	O
ได้	O
เข้า	O
อีเวนท์	NORM_1WORD
สำคัญ	O
ใน	O
ชีวิต	O
_	O
เช่น	O
การบวช	O
_	O
เป็นต้น	O
_	O
อีก	O
เรื่อง	O
คือ	O
การได้	O
เข้า	O
ไป	O
สัมผัส	O
โลก	O
แห่ง	O
การเงิน	O
นี่	O
แหละ	O
นะ	O
_	O
ส่วน	O
หนึ่ง	O
ที่	O
ทำ	O
ให้	O
เรา	O
ได้	O
ก้าว	O
ไป	O
พบ	O
ก็	O
คือ	O
พวก	O
เธอ	O
เลย	O
_	O
รัก	O
นะ	O
_	O
#cincinirada	O
_	O
#	O
bnk48	O
_	O
#	O
cincin	O
bnk48	O

ด้วย	O
วุฒิการศึกษา	O
นึก	O
ว่า	O
จะ	O
แสดงออก	O
เป็น	O
ผู้ใหญ่	O
มาก	O
กว่า	O
นี้	O
_	O
นี่	O
เหมือน	O
เด็ก	O
วัยรุ่น	O
พิมพ์	O
_	O
หรือ	O
เค้า	NORM_1WORD
ใช้	O
ชีวิต	O
อยู่	O
ที่	O
ต่างประเทศ	O
นาน	O
จน	O
ลืม	O
ภาษา	O
ไทย	O
?	O
_	O
การเรียบเรียง	O
ความคิด	O
ก็	O
ดู	O
ไม่	O
เป็น	O
ระบบระเบียบ	O
เท่า	O
ไหร่	O
_	O
เค้า	NORM_1WORD
อาจ	O
จะ	O
เป็น	O
คน	O
ดี	O
และ	O
ไม่	O
ได้	O
ทำ	O
อะไร	O
ผิด	O
อัน	O
นี้	O
ไม่	O
ได้	O
วิจารณ์	O
_	O
ที่	O
พูด	O
คือ	O
แค่	O
สิ่ง	O
ที่	O
เค้า	NORM_1WORD
พิมพ์	O
ออก	O
มา	O
แค่	O
นั้น	O
..	O

ความประทับใจ	O
มา	O
จาก	O
งาน	O
_	O
ฟดพต.	O
_	O
เลย	O
ค่ะ	O
_	O
ถึง	O
จะ	O
ไม่	O
ได้	O
เจอ	O
กัน	O
นาน	O
ปี	O
นึง	O
แต่	O
ก็	O
พยายาม	O
พูด	O
ภาษา	O
ไทย	O
มาก	O
ขึ้น	O
_	O
ยัง	O
เอนเตอร์เทรน	NORM_1WORD
คน	O
ดู	O
ได้	O
ดีเหมือน	O
เดิม	O
ไม่	O
ว่า	O
จะ	O
มี	O
แค่	O
ด้อม	O
เรา	O
หรือ	O
มี	O
ร่วม	O
งาน	O
กับ	O
ด้อม	O
อื่น	O
ด้วย	O
_	O
ก็	O
ยัง	O
ทำ	O
ให้	O
เขา	O
รู้สึก	O
สนุก	O
และ	O
อิน	O
ไป	O
กับ	O
การแสดง	O
ไม่	O
มาก	O
ก็	O
น้อย	O
_	O
(	O
ความรู้สึก	O
หลังจาก	O
ที่	O
ได้	O
อ่าน	O
ความเห็น	O
จาก	O
_	O
พี่	O
นุช	O
_	O
และ	O
โอตะ	O
)	O

18	O
.	O
_	O
รีวิว	O
คน	O
ถาม	O
_	O
-	O
_	O
มักเน่	O
ปลอม	O
ของ	O
แก๊ง	O
บาน่า	O
_	O
15	O
_	O
พา	O
โบ	O
ต่อ	O
ให้	O
อายุ	O
ไม่	O
ใช่	O
มักเน่	O
แต่	O
นิสัย	O
น้อง	O
น้อย	O
มาก	O
_	O
ชอบ	O
ทำ	O
เสียง	O
ประหลาดๆ	O
งุ้งงิ้งๆ	O
เวลา	O
นินทา	O
คน	O
แบบ	O
ตั้ลล้าคคค	NORM_1WORD
_	O
555	O
_	O
เป็น	O
คน	O
ย้ำคิดย้ำทำ	O
_	O
มี	O
ความรับผิดชอบ	O
สูง	O
ทำให้	O
ชอบ	O
คิด	O
ว่า	O
แบก	O
ไร	NORM_1WORD
ไว้	O
เยอะแยะ	O
_	O
เป็น	O
น้อง	O
ที่	O
ดี	O
_	O
มี	O
น้ำใจ	O
_	O
บาง	O
เรื่อง	O
ขาด	O
ค.มั่นใจ	NORM_1WORD
_	O
แคร์	O
คน	O
อื่น	O
ก่อน	O
ตัวเอง	O
เสมอ	O

มี	O
รถหาเสียง	O
วิ่ง	O
ผ่าน	O
_	O
นี่	O
พูด	O
กับ	O
แม่	O
_	O
พรรค	O
X	O
หรอ	NORM_1WORD
?	O
_	O
ไม่	O
เลือก	O
แล้ว	O
_	O
แม่	O
บอก	O
อย่า	O
ออกตัว	O
แรง	O
_	O
เดี๋ยว	O
คน	O
จะ	O
เกลียด	O
เอา	O
_	O
รู้	O
ว่า	O
เป็น	O
ลูก	O
พ่อ	O
_	O
แต่	O
ไม่	O
ต้อง	O
ทำ	O
เหมือน	O
พ่อ	O
ทุกอย่าง	O
ก็	O
ได้	O
55	O
_	O
เวน	NORM_1WORD
เอ้ย	O
!	O
_	O
เพราะ	O
ที่	O
บ้าน	O
ให้	O
อิสระ	O
ทาง	O
ความคิด	O
ชัดเจน	O
มาก	O
_	O
แต่	O
คนข้างบ้าน	O
อาจ	O
ไม่	O
ใช่	O
_	O
และ	O
นี่	O
คือ	O
ประเทศ	O
ไทย	O
_	O
เห้อ	O
..	O
_	O
พรรค	O
ไหน	O
ที่	O
มา	O
จาก	O
ราก	O
เก่าๆ	NORM_2WORD
_	O
บาย	O
จ้า	O
!	O

อยาก	O
ย้าย	O
ประเทศ	O
ต้อง	O
ทำ	O
ไง	O
คะ	O
_	O
ต้อง	O
มี	O
ตัง	NORM_1WORD
กี่	O
บาท	O
_	O
ไม่	O
อยาก	O
อยู่	O
ประเทศ	O
ไทย	O
แล้ว	O
ค่ะ	O
_	O
มี	O
ผู้นำ	O
ประเทศ	O
ที่	O
บริหาร	O
ประเทศ	O
ไม่	O
ได้	O
_	O
กฎหมาย	O
ไม่	O
แข็ง	O
พอ	O
_	O
มี	O
ข่าว	O
ร้ายแรง	O
อะไร	O
มา	O
ที	O
_	O
ก็	O
ไม่	O
เห็น	O
ว่า	O
จะ	O
เอา	O
จริง	O
เอา	O
จัง	O
สักที	O
_	O
ประเทศ	O
มึง	O
เป็น	O
ของเล่น	O
มั้ง	O
อิ	NORM_1WORD
สัส	NORM_1WORD
เดี่ยว	NORM_1WORD
เขา	O
ก็	O
กลับตัว	O
กลับใจ	O
ได้	O
เอง	O
_	O
ไม่	O
ใช่	O
หนัง	O
นะ	O
อิ	NORM_1WORD
ควาย	O
_	O
ทำ	O
ไม่	O
ได้	O
ก็	O
ให้	O
คน	O
ที่	O
ทำ	O
ได้	O
ทำ	O

เรา	O
ตั้งค่า	O
เกม	O
_	O
RoV	O
_	O
หรือ	O
_	O
moba	O
_	O
เกม	O
อื่นๆ	NORM_2WORD
_	O
เป็น	O
ภาษา	O
อังกฤษ	O
ตลอด	O
_	O
เหตุผล	O
สำคัญ	O
คือ	O
เวลา	O
อ่าน	O
คำ	O
อธิบาย	O
สกิล	O
ของ	O
ฮีโร่	O
แต่ละ	O
ตัว	O
_	O
มัน	O
ต่าง	O
กัน	O
มาก	O
ระหว่าง	O
_	O
enemy	O
_	O
และ	O
_	O
enemies	O
_	O
บาง	O
ท่า	O
ไม่	O
แน่ใจ	O
ว่า	O
สกิล	O
มัน	O
ล็อค	O
โดน	O
ฝั่ง	O
ตรงข้าม	O
ได้	O
แค่	O
คน	O
เดียว	O
ไหม	O
หรือ	O
โดน	O
ได้	O
หลาย	O
คน	O
_	O
เติม	O
/	O
ไม่	O
เติม	O
_	O
s	O
_	O
ช่วย	O
ได้	O
เยอะ	O
_	O
ถ้า	O
ภาษา	O
ไทย	O
มัน	O
_	O
ศัตรู	O
_	O
เหมือน	O
กัน	O
หมด	O

บาง	O
ที	O
การเรียน	O
หญิง	O
ล้วน	O
_	O
ก็	O
ไม่	O
ใช่	O
ปัจจัย	O
ใน	O
การเป็น	O
เลส	NORM_1WORD
_	O
เป็น	O
ทอม	O
...	O
_	O
ถาม	O
กัน	O
ว่า	O
เรียน	O
ที่	O
ไหน	O
_	O
พอ	O
บอก	O
ว่า	O
เคย	O
เรียน	O
หญิง	O
ล้วน	O
มา	O
ตอน	O
เด็ก	O
_	O
ทุก	O
คน	O
ก็	O
แบบ	O
_	O
อ๋อออออออ	NORM_1WORD
...	O
_	O
อ๋อ	O
อะไร	O
ถาม	O
หน่อย	O
_	O
เพื้อน	NORM_1WORD
ที่	O
เรียน	O
ด้วย	O
กัน	O
มา	O
_	O
ก็	O
มี	O
แฟน	O
_	O
มี	O
ผัว	O
กัน	O
ม่ะ	NORM_1WORD
_	O
กู	O
แค่	O
เลือก	O
เอง	O
ว่ะ	O
ค่ะ	O
_	O
#ทีมมีแฟนเป็นผู้หญิงแต่โคตรมีความสุข	O
_	O
#เลสเบี้ยน	NORM_1WORD
_	O
#เหงา	O
_	O
#โสด	O

มัน	O
ไม่	O
ได้	O
เรียก	O
ว่า	O
สงบ	O
หรอก	O
ครับ	O
_	O
ที่	O
เป็น	O
อยู่	O
ตอน	O
นี้	O
มัน	O
เรียก	O
ว่า	O
การกดขี่	O
_	O
ประเทศ	O
ไทย	O
ปกครอง	O
ด้วย	O
ระบอบ	O
ประชาธิปไตย	O
_	O
เพราะฉะนั้น	O
ทุกคน	O
มี	O
สิทธิ	O
พูด	O
ออก	O
เสียง	O
เห็น	O
ต่าง	O
ได้	O
แต่	O
เมื่อ	O
คสช.	O
อยู่	O
พวกเรา	O
เห็น	O
ต่าง	O
มัน	O
ก็	O
จับ	O
เรา	O
ติด	O
คุก	O
ครับ	O
คน	O
โดน	O
มา	O
เยอะ	O
แล้ว	O
ที่	O
ชุมนุม	O
แล้ว	O
โดน	O
จับ	O
ใน	O
ยุค	O
_	O
คสช.	O
แล้ว	O
แบบ	O
นี่	NORM_1WORD
จะ	O
ให้	O
เรียก	O
ว่า	O
สงบ	O
หรือ	O
กดขี่	O
คับ	NORM_1WORD

คิด	O
เล่นๆ	O
ว่า	O
ถ้า	O
_	O
บบ.	O
_	O
คัมแบ็ค	NORM_1WORD
แล้ว	O
จัด	O
คอน	NORM_1WORD
_	O
เมื่อ	O
ปี	O
นั้น	O
บัตร	O
_	O
8500	O
_	O
ต่ำ	O
สุด	O
นี่	O
น่า	NORM_1WORD
จะ	O
_	O
2500	O
_	O
จำ	O
ไม่	O
ค่อย	O
ได้	O
_	O
แต่	O
ราคา	O
โดด	O
มาก	O
_	O
แล้ว	O
ถ้า	O
คัม	NORM_1WORD
รอบ	O
นี้	O
จัด	O
คอน	NORM_1WORD
..	O
_	O
ถ้า	O
สูง	O
ขึ้น	O
ไป	O
กว่า	O
_	O
8500	O
_	O
บัตร	O
ช่วง	O
กลาง	O
ราคา	O
จะ	O
โหด	O
พอๆ	O
กัน	O
_	O
คือแบบ	O
_	O
โอ่ย	NORM_1WORD
_	O
หยาง	O
_	O
มี	O
ผ่อน	O
จ่าย	O
มั้ย	NORM_1WORD
_	O
.	O
_	O
.	O
_	O
อ่ะ	NORM_1WORD
คนเรา	O
คิดถึง	O
มาก	O
จน	O
เพ้อ	O
ล่ะ	NORM_1WORD
_	O
ฮื่อ	NORM_1WORD
_	O
ฟัง	O
เพลง	O
เก่า	O
วนไป	O
_	O
#ตีแผ่bigbang	O

คน	O
รีวิว	O
เครื่องเล่น	O
กัน	O
เยอะ	O
แล้ว	O
เลย	O
จะ	O
ขอ	O
แหวก	O
แนว	O
รีวิว	O
เมนู	O
ใน	O
Tokyo	O
_	O
#Disneyland	O
_	O
มัน	O
ก็	O
จะ	O
น่ารัก	O
เข้า	O
กับ	O
โลเคชั่น	O
หน่อย	O
_	O
มี	O
หลากหลาย	O
มาก	O
อร่อย	O
กว่า	O
ที่	O
คิด	O
_	O
แต่ละ	O
โซน	O
จะ	O
ดีไซน์	O
เมนู	O
ให้	O
เข้า	O
กับ	O
บรรยากาศ	O
_	O
ราคา	O
โหด	O
หน่อย	O
ตาม	O
สไตล์	O
อาหาร	O
ใน	O
สวน	O
สนุก	O
_	O
#อร่อยไปแดก	O
_	O
#อร่อยบอกต่อ	O
_	O
#อร่อยนะรู้ยัง	O
_	O
#อร่อยจนต้องรีวิว	O
_	O
#รีวิว	O
ญี่ปุ่น	O

รีวิว	O
_	O
#TheHauntingOfHillHouse	O
_	O
(	O
2018	O
)	O
_	O
ซีรี่ย์	NORM_1WORD
สยองขวัญ	O
จาก	O
_	O
Netflix	O
_	O
ขอ	O
แจก	O
10	O
คะแนน	O
ให้	O
อย่าง	O
ไม่	O
ต้อง	O
อธิบาย	O
เยอะ	O
_	O
เคย	O
ดู	O
ซีรี่ย์	NORM_1WORD
เรื่อง	O
ไหน	O
มั้ย	NORM_1WORD
ที่	O
ให้	O
ความน่ากลัว	O
และ	O
ความงดงาม	O
ไป	O
พร้อมๆ	O
กัน	O
_	O
บท	O
จะ	O
น่ากลัว	O
ก็	O
สะดุ้ง	O
สุด	O
ตัว	O
_	O
บท	O
จะ	O
ซึ้ง	O
ก็	O
น้ำหูน้ำตา	O
ไหล	O
ไม่	O
หยุด	O
_	O
ขอ	O
ยก	O
ให้	O
เป็น	O
ซีรี่ย์	NORM_1WORD
สยองขวัญ	O
ที่	O
ดี	O
ที่สุด	O
ของ	O
ปี	O
_	O
#NetflixTH	O

เรา	O
ขอ	O
ใช้	O
คำ	O
ว่า	O
หลง	O
ยัน	O
เงา	O
อะ	O
คน	O
อะไร	O
เก่ง	O
ทุก	O
ด้าน	O
เรย	NORM_1WORD
_	O
การแสดง	O
_	O
ร้อง	O
เพลง	O
_	O
เต้น	O
_	O
ดนตรี	O
ก้	NORM_1WORD
เล่น	O
ได้	O
_	O
เป็น	O
นักสืบ	O
ก็	O
เก่ง	O
นาง	O
วิเคราะห์	O
เก่ง	O
_	O
ศิลปะ	O
ก็	O
เวิร์ค	NORM_1WORD
นาง	O
วาด	O
รูป	O
สวย	O
แต่	O
เด็ก	O
_	O
มี	O
อะไร	O
ที่	O
หลุน	O
ทำ	O
ไม่	O
ได้	O
อีก	O
ไหม	O
_	O
เป็น	O
ผู้ชาย	O
ที่	O
เรา	O
ยก	O
ว่า	O
หลุด	O
มา	O
จาก	O
นิยาย	O
แจ่มใส	O
ที่	O
เรา	O
ชอบ	O
อ่าน	O
สมัย	O
เป็น	O
นร.	NORM_1WORD
มอ.	NORM_1WORD
ปลาย	O
_	O
พวก	O
7s	O
'	O
ที่	O
เค้า	NORM_1WORD
มี	O
ความสามารถ	O
พิเศษ	O

ตอน	O
นั้น	O
คือ	O
กู	O
อยู่	O
ชั้น	O
_	O
2	O
_	O
ของ	O
อาคาร	O
_	O
กู	O
มอง	O
ไป	O
ข้าง	O
ล่าง	O
เห็น	O
รุ่น	O
พี่	O
ที่	O
แอบ	O
ชอบ	O
เดิน	O
เข้า	O
มา	O
ใน	O
ตึก	O
นี้	O
_	O
ความดีใจ	O
กู	O
วิ่ง	O
ไป	O
ตรง	O
บรรได	O
_	O
ด้วย	O
ความใส่	O
ถุงเท้า	O
และ	O
พื้น	O
มัน	O
ลื่น	O
ไง	O
_	O
กู	O
จะ	O
ลื่น	O
_	O
เลย	O
ตะโกน	O
ออก	O
ไป	O
ว่า	O
ไอ้	O
เหี้ย	O
_	O
ใน	O
ตอน	O
นั้น	O
พี่	O
เขา	O
ขึ้น	O
มา	O
พอดี	O
_	O
และ	O
มอง	O
หน้า	O
เรา	O
_	O
หลังจาก	O
นั้น	O
กู	O
ก็	O
ไม่	O
กล้า	O
มอง	O
หน้า	O
พี่	O
ตรงๆ	NORM_2WORD
_	O
#เรื่องมันช่างน่าอาย	O

รีวิว	O
การเข้า	O
ทหารยาม	O
ประจำ	O
กองร้อย	O
ใน	O
_	O
1	O
วัน	O
_	O
0500	NORM_1WORD
_	O
ตื่น	O
นอน	O
_	O
0600	NORM_1WORD
_	O
ทำ	O
ความสะอาด	O
เขต	O
รับผิดชอบ	O
_	O
0700	NORM_1WORD
_	O
รับประทาน	O
อาหารเช้า	O
_	O
0745	NORM_1WORD
_	O
เปลี่ยน	O
เวรยาม	O
ทหาร	O
_	O
0800	NORM_1WORD
_	O
แถว	O
รับ	O
ธง	O
_	O
ทำ	O
ความสะอาด	O
รอบ	O
กองร้อย	O
_	O
1200	NORM_1WORD
_	O
รับประทาน	O
อาหารกลางวัน	O
_	O
1300	NORM_1WORD
_	O
แถว	O
ตรวจ	O
ยอด	O
บัญชี	O
พล	O
/	O
ทำ	O
ความสะอาด	O
เขต	O
รับผิดชอบ	O
_	O
1700	NORM_1WORD
_	O
รับประทาน	O
อาหาร	O
_	O
1900	NORM_1WORD
_	O
แถว	O
ตรวจ	O
บัญชี	O
พล	O

รีวิว	O
วันนี้	O
_	O
งานดี	O
เพราะ	O
น้อง	O
_	O
ดีเจ	O
นุ้ย	O
และ	O
ล่าม	O
_	O
ส่วน	O
ผู้จัด	O
นั้น	O
เบลอๆ	O
ไป	O
_	O
ยังไง	O
พจฮ	O
ก็	O
เหมาะ	O
กับ	O
คำ	O
ว่า	O
_	O
talento	O
มากๆ	O
เลย	O
นะ	O
_	O
ร้อง	O
_	O
เล่น	O
_	O
เต้น	O
_	O
วันนี้	O
ก็	O
ถือ	O
ว่า	O
สนุก	O
มาก	O
_	O
และ	O
สามารถ	O
คุม	O
เสตจ	O
ไหว	O
แม้	O
คน	O
เดียว	O
_	O
(	O
ใคร	O
ก็	O
ได้	O
_	O
คิด	O
ท่า	O
เพลง	O
young	O
20	O
ให้	O
น้อง	O
เถอะ	O
_	O
ถึง	O
การแสดง	O
น้อง	O
มัน	O
จะ	O
ใจเต้น	O
ตึกตัก	O
มาก	O
ก็	O
ตาม	O
)	O
_	O
(	O
1	O
)	O
_	O
#PARKJIHOONinBANGKOK	O

XI	O
.	O
_	O
ขึ้น	O
ปี	O
_	O
4	O
_	O
ปุ๊ป	NORM_1WORD
ก็	O
เป็น	O
ปี	O
แห่ง	O
ความลำบาก	O
มากๆ	NORM_2WORD
_	O
เพราะ	O
ต้อง	O
ทำ	O
วิจัย	O
_	O
555	O
_	O
เป็น	O
เรียน	O
ที่	O
สุด	O
โหด	O
จริงๆ	NORM_2WORD
_	O
โดย	O
การเลือก	O
หัวข้อ	O
ที่	O
ต้องการ	O
จะ	O
ทำ	O
วิจัย	O
ไป	O
เนอ	NORM_1WORD
อาจารย์	O
_	O
ถ้า	O
อาจารย์	O
บอก	O
ผ่าน	O
ก็	O
เริ่ม	O
ทำ	O
ได้	O
_	O
หา	O
ข้อมูล	O
อะไร	O
ต่างๆ	NORM_2WORD
_	O
แต่	O
ความโหด	O
ของ	O
มัน	O
คือ	O
ไม่	O
ใช่	O
เรื่อง	O
ของมูล	NORM_1WORD
หมด	O
_	O
แต่	O
เป็น	O
เพราะ	O
การเรียบเรียง	O
_	O
จัด	O
ย่อหน้า	O
_	O
เว้น	O
วรรค	O
ไร	NORM_1WORD
งี้	NORM_1WORD

รู้สึก	O
ตอน	O
นี้	O
มี	O
ความสนใจ	O
รายการ	O
_	O
Perspective	O
_	O
ช่อง	O
_	O
9	O
_	O
อ่า	O
_	O
วันนี้	O
ได้	O
มี	O
โอกาส	O
บังเอิญ	O
ดู	O
เป็น	O
ครั้ง	O
ที่	O
2	O
_	O
เป็น	O
รายการ	O
ที่	O
นำเสนอ	O
มุมมอง	O
ของ	O
คน	O
ที่	O
ทำ	O
ธุรกิจ	O
แต่ละ	O
คน	O
จาก	O
จุดเริ่มต้น	O
จน	O
ประสบ	O
ความสำเร็จ	O
_	O
(	O
รายการ	O
ดี	O
แนะนำ	O
ไม่	O
เบื่อ	O
)	O
_	O
//	O
วันนี้	O
รายการ	O
นำเสนอ	O
มุมมอง	O
เบื้องหลัง	O
ของ	O
คน	O
ที่	O
นำ	O
ธุรกิจ	O
ของ	O
วง	O
_	O
BNK48	O
_	O
มา	O
ทำ	O
ที่	O
ประเทศ	O
ไทย	O
//	O

ตามหา	O
นิยาย	O
เรื่อง	O
นึง	O
_	O
พระเอก	O
กับ	O
นายเอก	O
เป็น	O
แฟน	O
กัน	O
พระเอก	O
จะ	O
เรียน	O
แพทย์	O
_	O
ละ	O
มัน	O
คิด	O
ว่า	O
มัน	O
ไม่	O
ได้	O
รัก	O
นายเอก	O
แล้ว	O
_	O
เลย	O
ชอบ	O
พา	O
คน	O
อื่น	O
ขึ้น	O
ห้อง	O
_	O
แล้ว	O
ก้	O
ไป	O
ชอบ	O
คนๆ	O
นึง	NORM_1WORD
_	O
ละ	O
ก้	NORM_1WORD
รัก	O
เขา	O
_	O
นายเอก	O
เลย	O
ขอ	O
เลิก	O
_	O
แล้ว	O
ก้	O
มี	O
คน	O
มา	O
จีบ	O
นายเอก	O
_	O
คน	O
นึง	NORM_1WORD
เป็น	O
พี่	O
พระเอก	O
_	O
อีก	O
คน	O
เป็น	O
แฟน	O
เก่า	O
ชื่อ	O
ฟ้า	O
_	O
ละ	O
ก้	NORM_1WORD
เพื่อน	O
นายเอก	O
เหมือน	O
จะ	O
เรียน	O
วิศวะ	O
_	O
#ตามหานิยายวาย	O

เรา	O
บอก	O
ว่า	O
ถ้า	O
เพื่อน	O
ชวน	O
คนอื่น	O
ป่าน	O
นี้	O
ขึ้น	O
คอน	NORM_1WORD
ไป	O
แล้ว	O
_	O
เรา	O
มา	O
ไกล	O
ได้	O
แต่	NORM_1WORD
นี้	O
จริงๆ	NORM_2WORD
_	O
เขา	O
พูด	O
ว่า	O
ทำไม	O
คิด	O
แบบ	O
นั้น	O
ละ	O
_	O
แล้ว	O
ก็	O
เล่น	O
มุก	O
ตลกๆ	NORM_2WORD
ให้	O
เรา	O
ฟัง	O
ตลอด	O
_	O
ไม่	O
ให้	O
คิดมาก	O
_	O
เขา	O
ไม่	O
เคย	O
โยน	O
เกม	O
เลย	O
นะ	O
_	O
เล่น	O
ป่า	O
โหด	O
แต่	O
ถ้า	O
เจอ	O
คน	O
จะ	O
ป่า	O
เขา	O
ก็	O
ให้	O
_	O
ไป	O
เล่น	O
ตน.	NORM_1WORD
ที่	O
ขาด	O
เอง	O
และ	O
เล่น	O
เก่ง	O
มาก	O
_	O
เขา	O
บอก	O
ว่า	O
เกม	O
นี้	O
ต้อง	O
มี	O
น้ำใจ	O
นะ	O
_	O
เล่น	O
ตามใจ	O
ตัวเอง	O
ไม่	O
ได้	O

Favorite	O
_	O
Meatloaf	O
_	O
,	O
_	O
#losdodgers	O
,	O
_	O
#dodgers	O
,	O
_	O
#premiosmvtmiaw	O
,	O
_	O
#legendbambamday	O
,	O
_	O
#infinite	O
,	O
_	O
#free	O
,	O
_	O
#vegasborn	O
,	O
_	O
#hadith	O
,	O
_	O
#mobilebnk48	O
,	O
_	O
#jaehyun	O
,	O
_	O
#jk	O
,	O
_	O
#btsarmyxstarwars	O
,	O
_	O
#seventeen	O
,	O
_	O
#mexicoseries	O
,	O
_	O
#pentagon	O
,	O
_	O
#aldubtiwalalang	O
,	O
_	O
#bnk48	O
,	O
_	O
#nintendoswitch	O
_	O
#mla3isacrowd	O
,	O
_	O
#poshmark	O
,	O
_	O
#micomida	O

#สายโลหิต	O
_	O
CG	O
อย่าง	O
โหด	O
_	O
บท	O
ดี	O
_	O
ทุก	O
คน	O
เล่น	O
ดี	O
อีก	O
_	O
เรียบร้อย	O
_	O
ติด	O
เลย	O
555	O
_	O
ตัวละคร	O
ที่	O
ชอบ	O
คือ	O
พี่	O
ลำดวน	O
_	O
เรียบร้อย	O
แต่	O
ก็	O
เป็น	O
คน	O
ตรง	O
_	O
(	O
ดู	O
ฉาก	O
อิกนอร์	O
แม่	O
หมื่น	O
ทิพย์	O
)	O
_	O
อีก	O
อย่าง	O
ที่	O
ไม่	O
เหมือน	O
ละคร	O
แนว	O
ไทย	O
รบ	O
พม่า	O
เรื่อง	O
อื่น	O
คือ	O
มี	O
ความปรองดอง	O
จาก	O
ยุค	O
หลัง	O
มา	O
เป็น	O
บทสรุป	O
_	O
ชอต	O
ที่	O
ขึ้น	O
พระราชดำรัส	O
_	O
ร.9	O
_	O
กับ	O
speech	O
_	O
ฯ	O
พณ	O
ฯ	O
_	O
อูนุ	O
_	O
คือ	O
ชนะ	O
ไป	O
เลย	O

คณะผู้พิพากษา	O
ไป	O
ดูงาน	O
ที่	O
ประเทศ	O
ลาว	O
_	O
ขับ	O
รถ	O
ผ่าน	O
ตึก	O
สูง	O
ใหญ่	O
_	O
จึง	O
ถาม	O
ไกด์	O
ว่า	O
เป็น	O
ตึก	O
อะไร	O
_	O
ไกด์	O
ก็	O
ตอบ	O
ว่า	O
_	O
เป็น	O
ตึก	O
กองบัญชาการกองทัพเรือ	O
_	O
ผู้พิพากษา	O
หัวเราะ	O
_	O
แล้ว	O
ก็	O
ว่า	O
_	O
ประเทศ	O
ลาว	O
ไม่	O
มี	O
ทะเล	O
_	O
ทำไม	O
ยัง	O
มี	O
กองทัพเรือ	O
_	O
ไกด์	O
ก็	O
ตอบ	O
_	O
ก็	O
เหมือน	O
ประเทศ	O
ไทย	O
นั่น	O
แหละ	O
_	O
ไม่	O
มี	O
ความยุติธรรม	O
_	O
ยัง	O
มีก	O
ระทรวงยุติธรรมเลย	O
_	O
#copyเขามาชอบ	O

สุขสันต์	O
วันเกิด	O
เจ้า	O
ตะเร้ก	O
_	O
22	O
ขวบ	O
ละ	O
น้า	NORM_1WORD
_	O
เรา	O
รู้จัก	O
แก	O
มา	O
หลาย	O
ปี	O
ละ	O
เนอะ	NORM_1WORD
_	O
แก	O
ยัง	O
น่ารัก	O
เหมือนเดิม	O
_	O
เหมือน	O
วัน	O
แรก	O
ที่	O
รู้จัก	O
แก	O
เลย	O
_	O
ไม่	O
ต้อง	O
คิด	O
มาก	O
นะ	O
คับ	NORM_1WORD
_	O
ยิ้ม	O
เยอะๆ	O
_	O
ขอ	O
ให้	O
แก	O
มี	O
ความสุข	O
ใน	O
ทุกๆ	O
วัน	O
_	O
อยู่	O
ท่ามกลาง	O
คน	O
ดีๆ	NORM_2WORD
_	O
มี	O
เงิน	O
ใช้	O
ทั้ง	O
ปี	O
ไป	O
เร้ย	NORM_1WORD
!!!	O
_	O
รัก	O
แก	O
ที่สุด	O
เลย	O
นะ	O
_	O
#HappyTarwaanDay	O
_	O
#TheChosenWaan	O
_	O
#TarwaanBNK48	O
_	O
#BNK48	O

ลุ้น	O
รับ	O
มาส์ก	O
แดง	O
_	O
#สุ่มแจก	O
_	O
#แจกฟรี	O
_	O
#แจกฟรีไม่รีได้	O
ไง	NORM_1WORD
_	O
#howtobeauty	O
_	O
#howtobeauty	O
_	O
#สกินแคร์	O
_	O
#ส่งต่อสกินแคร์	O
_	O
#คสอ	NORM_1WORD
_	O
#TheOrdinary	O
_	O
#theordinaryพร้อมส่ง	O
_	O
#มาส์กแดง	O
_	O
#รักษาสิว	O
_	O
#บำรุงผิวหน้า	O
_	O
#ผลัดเซลล์ผิว	O
_	O
#ของมันต้องมี	O
_	O
#ของดีบอกต่อ	O
_	O
#ฝากรี	O
ทวิต	NORM_1WORD
ด้วยนะ	O
_	O
#ถูกและดี	O
_	O
#ผิวหน้า	O
_	O
#บตบก	O
_	O
#เมอา	O
_	O
#พิมฐา	O
_	O
#รีวิว	O

ก็	O
น่าใจหาย	O
อยู่	O
เหมือน	O
กัน	O
นะ	O
_	O
กว่า	O
เรา	O
จะ	O
เจอ	O
กัน	O
_	O
รู้จัก	O
กัน	O
_	O
เป็น	O
เพื่อน	O
กัน	O
_	O
มี	O
ความรู้สึก	O
ดีๆ	NORM_2WORD
ให้	O
กัน	O
_	O
รัก	O
กัน	O
_	O
คบ	O
กัน	O
_	O
ตาก	O
แดด	O
_	O
ตาก	O
ลม	O
_	O
ตาก	O
ฝน	O
_	O
ขึ้น	O
เขา	O
_	O
ฝ่า	O
น้ำ	O
_	O
ฝ่า	O
ทะเล	O
_	O
ผ่าน	O
ทั้ง	O
ความสุข	O
_	O
ความทุกข์	O
_	O
สมหวัง	O
_	O
ผิดหวัง	O
_	O
สุดท้าย	O
คน	O
ที่	O
ไม่	O
ใช่	O
คู่	O
กัน	O
_	O
ก็	O
คง	O
ต้อง	O
ลาจาก	O
กัน	O
ไป	O
_	O
กว่า	O
ที่	O
จะ	O
ไม่	O
ต้อง	O
รู้สึก	O
อะไร	O
_	O
จะ	O
ใช้	O
เวลา	O
นาน	O
แค่	O
ไหน	O
กัน	O

23	O
/	O
9	O
/	O
18	O
_	O
วัน	O
ที่	O
7	O
ของ	O
เจ้า	O
โม	O
กับ	O
การไป	O
เมดคาเฟ่	O
ครั้ง	O
แรก	O
_	O
ครบ	O
1	O
ปี	O
เจ้า	O
โม	O
เป็น	O
เซ็นตี้	NORM_1WORD
_	O
วินาที	O
ประกาศ	O
แทบ	O
ใจหาย	O
_	O
ลุ้น	O
ระทึก	O
ทุก	O
ที	O
ใจ	O
แทบ	O
วาย	O
_	O
เจ้า	O
โมบายล์	O
เป็น	O
เซ็นฯ	O
สุด	O
ดีใจ	O
_	O
ปล.	NORM_1WORD
วันนี้	O
เจ้า	O
A	O
,	O
B	O
หลบ	O
ไป	O
_	O
โอตะ	O
ออกโรง	O
เอง	O
_	O
#7วันที่คิดถึง	O
_	O
#Mobilebnk48	O
_	O
#Bnk48	O
_	O
#โอตะ	O
ตจว	NORM_1WORD
_	O
ระยอง	O
_	O
#1stAnniversaryCenty	O
_	O
#365วันกับ	O
คุกกี้เสี่ยงทาย	O

16	O
ปี	O
แล้ว	O
_	O
จาก	O
เด็ก	O
มัธยม	O
ตอน	O
นี้	O
เรา	O
เป็น	O
ผู้ใหญ่	O
วัย	O
30	O
_	O
จาก	O
ที่	O
กรี๊ด	O
แบบ	O
เหมือน	O
จะ	O
ไม่	O
มี	O
วันพรุ่งนี้	O
_	O
กลายเป็น	O
สายสล็อต	O
_	O
เก็บ	O
รายละเอียด	O
_	O
เหมือน	O
ไม่	O
แอคทีฟ	NORM_1WORD
แต่	O
ใน	O
ใจ	O
ตื้นเต้น	NORM_1WORD
มาก	O
_	O
หลาย	O
อย่าง	O
เปลี่ยน	O
ไป	O
_	O
แต่	O
มี	O
สิ่ง	O
หนึ่ง	O
ที่	O
ไม่	O
เปลี่ยน	O
_	O
คือ	O
เรา	O
ยัง	O
ยืน	O
อยู่	O
ตรง	O
นี้	O
เสมอ	O
_	O
คิดถึง	O
เสมอ	O
_	O
รัก	O
เสมอ	O
_	O
พี่	O
ยืนหนึ่ง	O
นะ	O
คะ	O
_	O
#TVXQCIRCLEINBKK	O

Kiehl's	O
_	O
dermatologist	O
_	O
solutions	O
_	O
เซรั่ม	NORM_1WORD
ลด	O
รอยแผลเป็น	O
ช่วย	O
ให้	O
ผิว	O
กระจ่างใส	O
กว่าจะ	O
ตัดสินใจ	O
ซื้อ	O
ได้	O
แต่	O
ซื้อ	O
มา	O
แล้ว	O
ไม่	O
ผิดหวัง	O
จริง	O
ดี	O
สม	O
คำล้ำลือ	NORM_1WORD
เป็น	O
หลอดบีบ	O
ขวด	O
แก้ว	O
เขา	O
ใส่ใจ	O
กับ	O
ผลิตภัณฑ์	O
มาก	O
_	O
ราคา	O
279	O
บ.	O
_	O
พิกัด	O
_	O
#testerbykornkarn	O
_	O
#ใช้ดีบอกต่อ	O
_	O
#สกินแคร์	O
เกาหลี	O
_	O
#howtobeauty	O
_	O
#ไว้ขายของห้ามรีวิว	O
โว้ยย	NORM_1WORD
_	O
#รีวิว	O

เรียบร้อย	O
แล้ว	O
สำหรับ	O
การทำบุญ	O
ในนาม	O
แฟนคลับ	O
โป๊ปธนวรรธน์	O
_	O
ขอบคุณ	O
สอง	O
สาว	O
ที่	O
ทั้ง	O
สวย	O
แล้ว	O
ก็	O
ใจบุญ	O
ที่	O
อัพเดท	NORM_1WORD
ข้อมูล	O
มา	O
ให้	O
_	O
สุขสันต์	O
วันเกิด	O
ขอ	O
ให้	O
มี	O
ความสุข	O
แล้ว	O
อยู่	O
รัก	O
กับ	O
พี่	O
โป๊ป	O
ไป	O
ด้วย	O
กัน	O
นานๆ	O
นะ	O
คะ	O
ขอ	O
ขอบคุณ	O
แฟนคลับ	O
ทุก	O
คน	O
ที่	O
ร่วม	O
บริจาค	O
มา	O
ใน	O
ครั้ง	O
นี้	O
ด้วย	O
พอ	O
บอก	O
ว่า	O
ทำบุญ	O
ปุ๊ป	O
สายธาร	O
บุญ	O
หลั่งไหล	O
มา	O
ไม่	O
ขาด	O
สาย	O
_	O
#popezaap	O

Sweeney	O
Todd	O
The	O
Demon	O
Barber	O
of	O
Fleet	O
Street	O
(2007)	O
_	O
หนัง	O
รวม	O
ตัวละคร	O
และ	O
นักแสดง	O
จาก	O
โลก	O
เวทมนตร์	O
_	O
อาทิ	O
_	O
กรินเดอวัลด์	O
_	O
(	O
ทั้ง	O
สอง	O
วัย	O
)	O
_	O
สเนป	O
เบลลาทริกซ์	O
_	O
เพ็ตติกรูว์	O
_	O
เป็น	O
หนัง	O
เกี่ยวกับ	O
ช่างตัดผม	O
_	O
ความแค้น	O
ฝังหุ่น	O
_	O
หมอกควัน	O
ใน	O
ลอนดอน	O
_	O
ใคร	O
ชอบ	O
ดู	O
หนัง	O
มิวสิคคัล	O
_	O
กับ	O
หนัง	O
โหด	O
เลือด	O
สาด	O
_	O
ควร	O
ดู	O
เรื่อง	O
นี้	O
เป็น	O
อย่าง	O
มาก	O

รัก	O
นะ	O
ครับ	O
ตาหวาน	O
_	O
อย่า	O
ไป	O
คิด	O
มาก	O
เลย	O
เรื่อง	O
ร่างกาย	O
หนะ	NORM_1WORD
_	O
ปล่อยวาง	O
บ้าง	O
จะ	O
ได้	O
สบายใจ	O
_	O
เรื่อง	O
แฟนคลับ	O
ด้วย	O
_	O
โดน	O
ตาหวาน	O
สวด	O
ไป	O
วันนี้	O
หลายๆ	O
คน	O
คง	O
คิด	O
ได้	O
เอง	O
แหละ	O
_	O
จู้ๆ	NORM_1WORD
เน้อ	NORM_1WORD
_	O
ส่วน	O
พวก	O
คน	O
ที่	O
ไป	O
ล้อ	O
เนี่ย	NORM_1WORD
_	O
ให้	O
เกียรติ	O
คน	O
อื่น	O
บ้าง	O
ก็	O
ดี	O
นะ	O
ครับ	O
_	O
ถึง	O
เขา	O
เป็น	O
ไอดอล	O
_	O
เขา	O
ก็	O
ยัง	O
มี	O
จิตใจ	O
นะ	O
ครับ	O
_	O
ไม่	O
ใช่	O
จะ	O
พูด	O
อะไร	O
ก็	O
ได้	O
_	O
หึ	O
_	O
#TarwaanBNK48	O
_	O
#BNK48	O

ขั้น	O
กว่า	O
ของ	O
คำ	O
ว่า	O
สนุก	O
สำหรับ	O
เรา	O
คือ	O
..	O
_	O
การที่	O
นิยาย	O
เรื่อง	O
นั้น	O
ถูก	O
หยิบ	O
มา	O
อ่าน	O
เกิน	O
สอง	O
ถึง	O
สาม	O
รอบ	O
_	O
ซึ่ง	O
นิยาย	O
เรื่อง	O
นี้	O
ทำ	O
ได้	O
_	O
สามารถ	O
ทำให้	O
เรา	O
หยิบ	O
ขึ้น	O
มา	O
อ่าน	O
ซ้ำๆ	O
_	O
ซึมซับ	O
เนื้อหา	O
ซ้ำ	O
ไปมา	O
_	O
เกิน	O
ห้าหก	O
รอบ	O
จบ	O
ไป	O
แล้ว	O
ก็	O
ไม่	O
เบื่อ	O
_	O
และ	O
คาด	O
ว่า	O
ยังคง	O
สามารถ	O
อ่าน	O
ต่อ	O
ไป	O
ซ้ำๆ	O
ใน	O
อนาคต	O
ได้	O
อีก	O
เรื่อยๆ	NORM_2WORD
_	O
นิยาย	O
คุณภาพ	O
จริงๆ	NORM_2WORD
#	O
โจฮัน	O
นอร์ธ	O

หลาย	O
คน	O
บ่นว่า	O
เพลง	O
_	O
#คุกกี้เสี่ยงทาย	O
_	O
ฟัง	O
แล้ว	O
หลอน	O
หู	O
_	O
จึง	O
มา	O
บอก	O
วิธี	O
แก้ไข	O
ใน	O
ซิงเกิ้ล	NORM_1WORD
ที่	O
2	O
_	O
นี้	O
มี	O
เพลง	O
อื่น	O
อีก	O
_	O
คือ	O
_	O
เพลง	O
BNK48	O
_	O
(	O
เมื่อ	O
คุณ	O
ฟัง	O
แล้ว	O
จะ	O
โบกสะบัดมือ	O
พร้อม	O
ร้องว่า	O
_	O
เสาชิงช้า	O
,	O
วุ้นมะพร้าวว	NORM_1WORD
)	O
_	O
สอง	O
_	O
เพลงพลิ้ว	O
_	O
(	O
เมื่อ	O
ฟัง	O
แล้ว	O
คุณ	O
จะ	O
สะบัดนิ้ว	O
แล้ว	O
พูดว่า	O
_	O
ก็	O
เด็ก	O
ผู้หญิง	O
อย่าง	O
เรา	O
ชอบ	O
)	O
_	O
หลอน	O
หู	O
เพลง	O
อื่น	O
แทน	O
_	O
#BNK48	O

ด้วยความที่	O
เพื่อน	O
ไม่	O
รู้จัก	O
_	O
bnk	O
_	O
เลย	O
เปิด	O
ไอจี	O
เด็กแสบ	O
ที่	O
เรา	O
ติดตาม	O
อยู่	O
ให้	O
ดู	O
_	O
เพื่อน	O
บอก	O
_	O
อ๋อออออ	NORM_1WORD
_	O
น้อง	O
คน	O
นี้	O
เห็น	O
ตาม	O
โฆษณา	O
บ่อยๆ	O
_	O
อยู่	O
วง	O
นี้	O
เหรอ	O
_	O
หน้าตา	O
น่ารัก	O
นะ	O
_	O
เห็น	O
แว๊บ	NORM_1WORD
แรก	O
จำ	O
หน้า	O
ได้	O
เลย	O
_	O
ไม่	O
รู้	O
ว่า	O
น้อง	O
อยู่	O
วง	O
นี้	O
_	O
อย่าง	O
น้อย	O
เอ็ง	O
ก็	O
เป็น	O
หนึ่ง	O
ใน	O
คน	O
ที่	O
ทำให้	O
วง	O
เป็น	O
ที่	O
รู้จัก	O
ตามที่	O
เคย	O
ตั้งใจ	O
ไว้	O
นะ	O
ปัญ	O
_	O
#PunBNK48	O

7	O
_	O
Apr	O
_	O
2019	O
_	O
ลาน	O
สกี	O
_	O
Gala	O
_	O
Yuzawa	O
_	O
ยัง	O
มี	O
หิมะ	O
หนา	O
ให้	O
เล่น	O
เยอะ	O
อยู่	O
_	O
และ	O
เป็น	O
ลาน	O
สกี	O
ที่	O
มา	O
ง่าย	O
สุดๆ	O
จาก	O
โตเกียว	O
_	O
เพราะ	O
ลาน	O
สกี	O
ติด	O
กับ	O
สถานี	O
_	O
shinkansen	O
_	O
กิจกรรม	O
มี	O
ให้	O
ทำ	O
เยอะ	O
_	O
วิว	O
ก็	O
สวย	O
_	O
ป้าย	O
หรือ	O
โบรชัวร์	O
ต่างๆ	NORM_2WORD
มี	O
ภาษา	O
ไทย	O
ด้วย	O
_	O
คน	O
ไทย	O
มา	O
เพียบ	O
_	O
#galayuzawa	O
_	O
#japan	O
_	O
#jjontheway	O
_	O
#japan	O
_	O
#traveljapan	O
_	O
#ญี่ปุ่น	O
_	O
#เที่ยว	O
ญี่ปุ่น	O

*	O
เดี๋ยวนี้	O
ประเทศ	O
ไทย	O
ใช้	O
พวก	O
ไม่	O
มี	O
สมอง	O
,	O
เรียน	O
มหาลัย	NORM_1WORD
ดี	O
แต่	O
ไม่	O
ช่วย	O
ให้	O
เลิก	O
ปัญญาอ่อน	O
เป็น	O
ครู	O
กัน	O
ง๊ายง่าย	NORM_1WORD
_	O
คน	O
ไทย	O
มัก	O
จะ	O
คิด	O
ว่า	O
ทำ	O
ห่า	O
อะไร	O
ไม่	O
ได้	O
ก็	O
ไป	O
เป็น	O
ครู	O
มัน	O
ง่าย	O
กว่า	O
_	O
ไม่	O
ต้อง	O
ใช้	O
เซลล์	O
สมอง	O
เยอเ	NORM_1WORD
แต่	O
ได้	O
เงิน	O
_	O
ดู	O
ดิ	NORM_1WORD
_	O
เกลื่อน	O
จน	O
สงสาร	O
โคตรเหง้า	O
พวก	O
มัน	O
เลย	O
ดีๆ	O
ก็	O
มี	O
นะ	O
_	O
แต่	O
สันดาร	NORM_1WORD
เอา	O
ความง่าย	O
มัน	O
เยอะ	O
กว่า	O
ชร่ะ	NORM_1WORD
_	O
นัง	NORM_1WORD
เกตุวดี	O
?	O

และ	O
อีแฝด	O
ที่	O
อยู่	O
เคียงข้าง	O
ตลอดๆๆๆๆ	NORM_2WORD
_	O
ผ่าน	O
เรื่อง	O
มา	O
ด้วย	O
กัน	O
ก็	O
เยอะ	O
_	O
สลับ	O
กัน	O
คอย	O
ให้	O
กำลังใจ	O
และ	O
คำปรึกษา	O
กัน	O
และ	O
กัน	O
_	O
กี่	O
เดือน	O
แล้ว	O
นะ	O
ที่	O
รู้จัก	O
กัน	O
_	O
เร็ว	O
จัง	O
เนอะ	O
มึง	O
55	O
_	O
แต้งกิ้ว	NORM_1WORD
ยะ	NORM_1WORD
มึง	O
วำหรับ	NORM_1WORD
ทุก	O
เรื่อง	O
_	O
มัย	NORM_1WORD
แปลก	O
ที่	O
คนแปลกหน้า	O
มา	O
สนิท	O
กัน	O
รู้	O
เรื่อง	O
กัน	O
ทุก	O
เรื่อง	O
_	O
ตั้งใจ	O
เรียน	O
ละ	O
อิดอก	NORM_1WORD
_	O
อยู่	O
กะ	O
กู	O
ไป	O
นานๆ	NORM_2WORD
รัก	O
มึง	O
นะ	O
ม๊วฟๆ	NORM_2WORD
_	O
ZZnll29	O

และ	O
อัน	O
ที่	O
(	O
อาจ	O
จะ	O
)	O
ไม่	O
จำเป็น	O
เอา	O
มา	O
ทำ	O
มัน	O
ก็	O
มี	O
เด้อ	O
ค่า	NORM_1WORD
_	O
ฟฟฟฟ	O
_	O
หลังจาก	O
ความชิบหาย	NORM_1WORD
และ	O
เสียง	O
สรรเสริญ	O
(	O
แกม	O
ก่นด่า	O
ใน	O
เว็บ	NORM_1WORD
รีวิว	O
หนัง	O
)	O
ใน	O
เดอะลาส	O
แล้ว	O
_	O
ก็	O
มี	O
การกลับมาทวง	O
บัลลังก์	O
ใน	O
โบรูโตะเดอะมูฟวี่	O
ค่ะ	O
_	O
อะไร	O
ที่	O
อจ.	O
กลับ	O
มา	O
คุม	O
ก็	O
จะ	O
รู้	O
เลย	O
ว่า	O
มัน	O
วิเศษ	O
ขนาด	O
ไหน	O
_	O
ตัว	O
หนัง	O
ที่	O
ทำ	O
ออก	O
มา	O
ฉาก	O
ต่อสู้	O
และ	O
หลายๆ	NORM_2WORD
อย่าง	O
ที่	O
คิดถึง	O
มัน	O
กลับ	O
มา	O

การได้ไปดู	O
เธียเตอร์	O
_	O
วันนี้	O
เป็น	O
ครั้ง	O
แรก	O
ที่	O
ได้	O
ไป	O
ดู	O
_	O
และ	O
มัน	O
เป็น	O
ครั้ง	O
แรก	O
ที่	O
พิเศษ	O
มากๆ	NORM_2WORD
_	O
เพราะ	O
_	O
เป็น	O
_	O
การดู	O
เธียเตอร์	O
ครั้ง	O
แรก	O
_	O
ที่	O
_	O
ได้	O
ดู	O
_	O
ซัทจัง	O
_	O
เต้น	O
_	O
เพลง	O
_	O
kiss	O
wa	O
dame	O
yo	O
_	O
ถึงแม้	O
จะ	O
ไม่	O
ได้	O
ดู	O
ใน	O
สเตจ	O
วันเกิด	O
ก็ตาม	O
_	O
หนู	O
ทำ	O
ออก	O
มา	O
ได้	O
ดี	O
มาก	O
ใน	O
การเต้น	O
เพลง	O
นี้	O
เซ็กซี่	NORM_1WORD
เบาๆ	O
เสยผม	O
หน่อยๆ	O
_	O
#Mykami	O
_	O
#BNK48	O
_	O
#SatchanBNK48	O

กู	O
เป็น	O
คน	O
เดียว	O
รึ	NORM_1WORD
เปล่า	O
ที่	O
ใช้	O
แอนดรอยด์	O
ได้	O
นาน	O
มาก	O
_	O
เครื่อง	O
นึง	NORM_1WORD
เกือบ	O
_	O
5	O
_	O
ปี	O
_	O
ก็	O
ไม่	O
เคย	O
มี	O
งอแง	O
_	O
เคย	O
ใช้	O
ไอโฟน	O
_	O
2	O
_	O
ครั้ง	O
_	O
ก็	O
เหมือน	O
กัน	O
กะ	O
ทว.	O
นั้น	O
คือ	O
_	O
ไม่	O
จำเป็น	O
ก็	O
จะ	O
ไม่	O
ใช้	O
อีก	O
เลย	O
_	O
55555	O
_	O
แต่	O
นี่	O
ชอบ	O
ฟังเพลง	O
ตลอด	O
เวลา	O
_	O
รัก	O
ชุดเครื่องเสียง	O
_	O
samsung	O
_	O
สุด	O
_	O
ลอง	NORM_1WORD
จาก	O
_	O
sony	O
_	O
ละ	O
กัน	O
_	O
แต่	O
สมัย	O
นี้	O
ก็	O
ไม่	O
คุ้ม	O
ที่	O
จะ	O
ซื้อ	O
มา	O
ฟังเพลง	O
อย่าง	O
เดียว	O
ละ	O

บัดดี้	NORM_1WORD
ไป	O
ช่วย	O
กัน	O
ปั่น	O
ให้	O
แซง	O
เพลง	O
_	O
#Rough	O
_	O
กัน	O
ทำลาย	O
สถิติ	O
เก่า	O
ของ	O
ตัวเอง	O
_	O
#IOI	O
_	O
#SHINee	O
_	O
#BUDDY	O
_	O
AND	O
_	O
OTHER	O
_	O
DORM	O
_	O
PLEASE	O
_	O
STREAMING	O
_	O
#GFRIEND	O
_	O
#EXO	O
_	O
#Time_for_the_moon_night	O
_	O
#BTS	O
_	O
#iKON	O
_	O
#BLACKPINK	O
_	O
#RedVelvet	O
_	O
#TWICE	O
_	O
#MAMAMOO	O
_	O
#GOT7	O
_	O
#GIDLE	O
_	O
#SEVENTEEN	O
_	O
#PENTAGON	O
_	O
#CLC	O
_	O
#WANNAONE	O
_	O
#BTOB	O
_	O
#EXID	O
_	O
#BNK48	O
_	O
#AKB48	O

จิง	NORM_1WORD
ค่ะ	O
_	O
เป็น	O
คอน	O
ที่	O
แค่	O
จะ	O
หยิบ	O
มือถือ	O
มา	O
เล่น	O
ยัง	O
โดน	O
ลาก	O
ออก	O
ไป	O
ข้างนอก	O
...	O
_	O
ตาม	O
ที่	O
ประกาศ	O
ตอน	O
เข้า	O
งาน	O
_	O
Using	O
_	O
mobile	O
_	O
phone	O
_	O
is	O
_	O
strictly	O
_	O
fobidden	O
.	O
_	O
มัน	O
strict	O
ของ	O
จิง	NORM_1WORD
_	O
guard	O
โหด	O
ทุกคน	O
.	O
_	O
เห็น	O
แฟน	O
เกา	NORM_1WORD
หลาย	O
คน	O
ที่	O
เข้า	O
มา	O
(	O
ก่อน	O
คอน	NORM_1WORD
เริ่ม	O
)	O
_	O
ถ่าย	O
รูป	O
รอบๆ	NORM_2WORD
พิมพ์	O
คุย	O
กะ	O
เพื่อน	O
ยัง	O
โดน	O
เชิญ	O
ออก	O
ไป	O
เตือน	O
_	O
รอบ	O
สอง	O
เห็น	O
ยัง	O
แชก	O
อยู่	O
คือ	O
ลาก	O
ออก	O
ไป	O
เลย	O

31	O
_	O
ม.ค.	O
_	O
62	O
_	O
ลุง	O
ยัง	O
ดี	O
ขึ้น	O
อยู่	O
เลย	O
อะ	O
ไข่ลวก	O
2	O
ฟอง	O
ก็	O
กิน	O
หมด	O
_	O
ให้	O
กิน	O
เอนชัว	O
ก็	O
กิน	O
หมด	O
_	O
นม	O
ไวตามิ้ว	O
ครึ่ง	O
ขวด	O
หมด	O
_	O
ทำไม	O
อะ	O
ลุง	O
ยุท	O
วัน	O
ที่	O
2	O
_	O
ม.ค.	O
62	O
_	O
ตอน	O
เที่ยง	O
ลุง	O
ยุท	O
จาก	O
หนู	O
ไป	O
แล้ว	O
ที่	O
บ้าน	O
แม่	O
คง	O
เหงา	O
น่าดู	O
_	O
หมา	O
มัน	O
คน	NORM_1WORD
คิดถึง	O
มาก	O
เลย	O
ละ	NORM_1WORD
_	O
แล้ว	O
ใคร	O
จะ	O
เป็น	O
คน	O
ช่างทำโน่นนี้	NORM_1WORD
ได้	O
หมด	O
ถูก	NORM_1WORD
อย่าง	O
ลุง	O
หนู	O
เก่ง	O
ที่สุด	O
เลย	O
_	O
หนู	O
รัก	O
และ	O
คิดถึง	O
ลุง	O
ยุท	O
นะ	O

สวัสดี	O
ค่ะ	O
วันนี้	O
จะ	O
มา	O
รีวิว	O
นิยาย	O
วาย	O
ชื่อ	O
เรื่อง	O
_	O
#	O
ร้ายเดียงสา	O
_	O
อยาก	O
จะ	O
บอก	O
ว่า	O
เป็น	O
เรื่อง	O
ที่	O
งดงาม	O
มาก	O
นักเขียน	O
บรรยาย	O
ความรู้สึก	O
ได้	O
ดี	O
มาก	O
ใคร	O
ที่	O
ไม่	O
ชอบ	O
แนว	O
ดราม่า	O
ไม่	O
แนะนำ	O
นะ	O
คะ	O
เป็น	O
เรื่อง	O
ที่	O
หน่วง	O
มาก	O
ร้อง	O
ตั้งแต่	O
บท	O
แรก	O
ยัน	O
บท	O
สุดท้าย	O
ร้อง	O
ทุก	O
ตอน	O
_	O
สำหรับ	O
ใคร	O
ที่	O
ชอบ	O
แนว	O
ดราม่า	O
อยาก	O
แนะนำ	O
เรื่อง	O
นี้	O
จริงๆ	NORM_2WORD
ค่ะ	O
_	O
#รีวิวนิยายวาย	O

เมื่อก่อน	O
มี	O
คน	O
เคย	O
พูด	O
กับ	O
ผม	O
ถึงขนาด	O
ที่	O
ว่า	O
ไป	O
ตู้ปลา	O
ครั้ง	O
แรก	O
_	O
ต้อง	O
ได้	O
ตั้ง	O
แถว	O
_	O
รับ	O
-	O
ส่ง	O
_	O
น้อง	O
ให้	O
ได้	O
สัก	O
ครั้ง	O
_	O
มัน	O
จะ	O
เป็น	O
ความทรงจำ	O
ที่	O
เรา	O
ประทับใจ	O
ไป	O
ตลอด	O
_	O
วันนี้	O
_	O
สิ่ง	O
นั้น	O
ได้	O
ย้อน	O
มา	O
ทำให้	O
เมมเบอร์	NORM_1WORD
ที่	O
เรา	O
รัก	O
เสียใจ	O
_	O
เพราะ	O
พฤติกรรม	O
ของ	O
บาง	O
คน	O
ทำให้	O
มัน	O
เกิด	O
ขึ้น	O
_	O
อย่า	O
ทำให้	O
คน	O
ที่	O
เรา	O
รัก	O
ร้องไห้	O
อีก	O
นะ	O
_	O
#NamsaiBNK48	O
_	O
#BNK48	O

เรา	O
เป็น	O
บ่อย	O
มาก	O
เธอ	O
_	O
ปัญหา	O
ของ	O
คน	O
ขี้ใส่ใจ	O
เลย	O
_	O
เรา	O
เป็น	O
ประเภท	O
ใส่ใจ	O
คน	O
อื่น	O
มากๆ	NORM_2WORD
อะ	NORM_1WORD
_	O
ยิ่ง	O
คน	O
ที่	O
สนิท	O
คือ	O
ทรีต	O
ดี	O
ยิ่ง	O
กว่า	O
แฟน	O
_	O
เวลา	O
เศร้า	O
ก็	O
คอย	O
ฟัง	O
_	O
แล้ว	O
เคย	O
เจอ	O
แบบ	O
ว่า	O
เจอ	O
เรื่อง	O
แย่	O
มา	O
แล้ว	O
ดราม่า	O
_	O
สุด	O
ท้าย	O
ตัวเอง	O
ก็	O
กลับ	O
ไป	O
ทำ	O
อีก	O
_	O
ก็	O
เลย	O
คิด	O
ว่า	O
เอ้อะ	NORM_1WORD
_	O
รอบ	O
หน้า	O
ก็	O
ไม่	O
ต้อง	O
เป็นห่วง	O
ละ	NORM_1WORD
นี่	O
เนอะ	NORM_1WORD
_	O
ใน	O
เมื่อ	O
พูด	O
ไป	O
ไม่	O
ฟัง	O
แล้ว	O
ดูแล	O
ตัวเอง	O
ได้	O
น่ะ	O

รีวิว	O
เสื้อ	O
_	O
#GOT7RealThai	O
_	O
ตัว	O
ใหญ่	O
มากกกกกกกกกกกกกกกกกกกกกกกกกกกกกกกกกกกกกกกกกกกกกกกกกกกกกกกกกกกกกกกกกกกกกกกกกกกกกกกกกกกกกกกกกกกกกกกกกกกกกกกกกกกกกกกกกกกกกกกกกกกกกกกกกกกกกกกกกกกกกกกกกกกกกกกกกกกกกกกกกกกกกกกกกกกกกกกกกกกกกกกกกกกกกกกกกกกกกกกกกกกกกกกกกกกกกกกกกกกกกกกกกกกกกกกกกกกกกกกกกกกก	NORM_1WORD

คน	O
ไหน	O
ที่	O
รอ	O
ซื้อ	O
_	O
Boxset	O
_	O
BNK	O
_	O
48	O
_	O
x	O
_	O
ช้างศึก	O
_	O
ใน	O
เว็บ	NORM_1WORD
ไทยทิคเก็ตเมเจอร์	O
_	O
เปิด	O
ให้	O
กด	O
จอง	O
เวลา	O
_	O
10	O
.	O
00	O
_	O
น.	O
_	O
ของ	O
วัน	O
ที่	O
_	O
9	O
_	O
นะ	O
ครับ	O
_	O
สำหรับ	O
เสื้อ	O
ลิขสิทธิ์	O
ใน	O
_	O
box	O
_	O
นั้น	O
จะ	O
ไม่	O
มี	O
การแยก	O
ขาย	O
ภาย	O
หลัง	O
_	O
อยาก	O
ได้	O
ให้	O
ซื้อ	O
box	O
_	O
ของ	O
ที่	O
ขาย	O
ใน	O
เว็บ	NORM_1WORD
อื่น	O
คือ	O
ของ	O
ก๊อป	NORM_1WORD
นา	NORM_1WORD
จา	NORM_1WORD
_	O
อุดหนุน	O
ของ	O
ลิขสิทธิ์	O
กัน	O
นะ	O
_	O
#ช้างศึก	O
_	O
#บอล	O
ไทย	O
_	O
#BNK48	O
_	O
#BNK48x	O
ช้างศึก	O

เมื่อ	O
_	O
2	O
_	O
วัน	O
ก่อน	O
_	O
สส.	NORM_1WORD
#อนาคตใหม่	O
_	O
เรียกร้อง	O
ผ่าน	O
ที่	O
_	O
#ประชุมสภา	O
_	O
ช่วย	O
เร่งรัด	O
คดี	O
ทำ	O
ร้าย	O
นักกิจกรรม	O
_	O
วันนี้	O
_	O
#จ่า	O
นิว	O
_	O
โดน	O
ชายฉกรรจ์	O
_	O
(	O
ซึ่ง	O
คาด	O
ว่า	O
เป็น	O
กลุ่ม	O
เดิม	O
)	O
_	O
ดัก	O
รุม	O
ทำ	O
ร้าย	O
ปาง	O
ตาย	O
_	O
นี่	O
มัน	O
เรื่อง	O
บ้า	O
อะไร	O
คะ	O
เนี่ย	NORM_1WORD
?	O
_	O
สามัญสำนึก	O
ผิดชอบชั่วดี	O
ยัง	O
มี	O
อยู่	O
มั้ย	NORM_1WORD
_	O
หรือ	O
แค่	O
ปาก	O
บอก	O
รัก	O
สถาบัน	O
ก็	O
เป็น	O
คน	O
ดี	O
แล้ว	O
?	O
_	O
#StandWithJanew	O

อัน	O
นี้	O
คือ	O
หน้า	O
เรา	O
เอง	O
_	O
ใช้	O
เซรั่ม	O
amplen	O
_	O
peptide	O
_	O
ได้	O
_	O
2	O
_	O
วัน	O
อ่ะ	O
ดู	O
ดิ	O
_	O
คือ	O
มัน	O
ดี	O
มากๆๆๆๆๆ	NORM_1WORD
อ่ะ	O
_	O
เรา	O
ใช้	O
เช้า	O
-	O
เย็น	O
_	O
ก่อน	O
นอน	O
ใช้	O
คู่	O
กะ	NORM_1WORD
_	O
laneige	O
_	O
ปุก	NORM_1WORD
ฟ้า	O
_	O
กะปุก	NORM_1WORD
ชมพู	O
เป็น	O
ลิป	O
มาร์ก	O
_	O
คือ	O
มัน	O
ดี	O
อ่ะ	O
_	O
ขาย	O
เอง	O
ใช้	O
เอง	O
จริงๆ	NORM_2WORD
นะ	O
มา	O
รีวิว	O
ให้	O
ดู	O
_	O
ถ้า	O
ใคร	O
สนใจ	O
เปปไทด์	O
สั่ง	O
ได้	O
น้า	O
_	O
320	O
฿	O
_	O
ส่วน	O
ลาเนจ	O
กระปุก	O
ละ	O
_	O
100	O
฿	O
_	O
#อนาคอลลี่	O
_	O
#amplen	O
_	O
#laneige	O

ดราม่า	O
คน	O
นั้น	O
ไม่	O
ชอบ	O
คน	O
นี้	O
ก็	O
เห็น	O
น้อง	O
52	O
คน	O
มัน	O
ก็	O
รัก	O
กัน	O
ดี	O
แล้ว	O
ก็	O
ออก	O
มา	O
พูด	O
ออกสื่อ	O
ออก	O
ไลฟ์	O
บ่อย	O
ไป	O
มี	O
แต่	O
ไอ้	O
คน	O
ที่	O
เรียก	O
ตัวเอง	O
ว่า	O
แฟนคลับ	O
ไม่	O
ก็	O
โอตะ	O
นี่	O
ละ	O
ที่	O
เที่ยว	O
ยุ	O
ให้	O
น้อง	O
มัน	O
ผิดใจ	O
กัน	O
โตๆ	O
กัน	O
แล้ว	O
ไป	O
คิด	O
เอา	O
เอง	O
ละ	O
กัน	O
ว่า	O
จะ	O
เชื่อ	O
คน	O
ที่	O
กล้า	O
ออก	O
มา	O
พูด	O
โดย	O
เปิดเผย	O
หน้าตา	O
รึ	NORM_1WORD
จะ	O
เชื่อ	O
ใคร	O
ก็	O
ไม่	O
รู้	O
ที่	O
ดี	O
แต่	O
เก่ง	O
หลัง	O
คีบ	O
รอด	O
_	O
#	O
BNK48	O

พีเจ	O
ตัก	O
ก้อน	O
สี่เหลี่ยม	O
นั่น	O
มา	O
แต่	O
ยัง	O
ไม่	O
ทัน	O
จะ	O
ได้	O
เอา	O
เข้า	O
ปาก	O
_	O
พอ	O
เห็น	O
เครน	O
กิน	O
เข้า	O
ไป	O
เลย	O
คิด	O
ว่า	O
จะ	O
ฟัง	O
อีก	O
ฝ่าย	O
รีวิว	O
รสชาติ	O
ก่อน	O
_	O
ซึ่ง	O
ก็	O
แทบ	O
ไม่	O
ต้อง	O
รอ	O
นาน	O
_	O
เอา	O
แก้ว	O
ผม	O
ไป	O
_	O
เด็กเสิร์ฟ	O
ดู	O
จะ	O
ไม่	O
เข้าใจ	O
(	O
หรือ	O
ไม่	O
ได้ยิน	O
)	O
สิ่ง	O
ที่	O
ชายหนุ่ม	O
พยายาม	O
สื่อสาร	O
ออก	O
มา	O
_	O
พีเจ	O
เลย	O
ยื่น	O
แก้วน้ำ	O
ใส่	O
มือ	O
เครน	O
_	O
แล้ว	O
ทำท่า	O
จะ	O
คว้า	O
แก้ว	O
เคนนี่	O
มา	O
ด้วย	O

karaky_	O
_	O
เจ็บ	O
แล้ว	O
ครับ	O
_	O
คำ	O
ว่า	O
รัก	O
ของ	O
คุณ	O
ที่	O
พูด	O
กับ	O
ผม	O
แค่	O
ฟัง	O
ก็	O
เจ็บ	O
จะ	O
ตาย	O
_	O
ไม่	O
ต้อง	O
ฝืน	O
ไม่	O
ต้อง	O
ทน	O
อยู่	O
ตรง	O
นี้	O
แล้ว	O
ครับ	O
_	O
ถ้า	O
คุณ	O
อยู่	O
ตรง	O
นี้	O
เพราะ	O
สงสาร	O
ผม	O
_	O
ผม	O
สมเพช	O
ตัวเอง	O
จะ	O
ตาย	O
แล้ว	O
ครับ	O
_	O
ไม่	O
ต้อง	O
สงสาร	O
ผม	O
แล้ว	O
_	O
ไป	O
ได้	O
เลย	O
ครับ	O
_	O
ผม	O
อยู่	O
ได้	O
ถึง	O
จะ	O
ยัง	O
รัก	O
คุณ	O
มากๆ	NORM_2WORD
แต่	O
อย่า	O
เอา	O
ความใจดี	O
ของ	O
คุณ	O
มา	O
ทำร้าย	O
ผม	O
เลย	O
ครับ	O
_	O
รัก	O
คุณ	O
แต่	O
เลิก	O
กัน	O
นะ	O

op	O
เล่า	O
ว่า	O
_	O
ฮยอนบิน	O
ตอน	O
อยู่	O
บน	O
เวที	O
จะ	O
แฟน	O
เซอร์วิส	O
แบบ	O
เขินอาย	O
_	O
เพราะอย่างนั้น	O
ถึง	O
ได้	O
น่ารัก	O
_	O
ตอน	O
อัด	O
ครั้ง	O
แรก	O
เสร็จ	O
จะ	O
ได้	O
ไป	O
ดู	O
ว่า	O
ตัวเอง	O
ต้อง	O
แก้	O
ตรง	O
ไหน	O
บ้าง	O
_	O
ก็	O
ไป	O
เช็ค	NORM_1WORD
มอนิเตอร์	O
แต่	O
ว่า	O
ฮยอนบิน	O
มอง	O
ไม่	O
เห็น	O
หน้าจอ	O
_	O
เลย	O
ขยับ	O
ไปมา	O
เพื่อ	O
จะ	O
ดู	O
_	O
แต่	O
ก็	O
ยัง	O
ไม่	O
เห็น	O
อยู่ดี	O
_	O
สตาฟ	NORM_1WORD
ที่	O
อยู่	O
ข้างๆ	O
เลย	O
บอก	O
ให้	O
น้อง	O
มุน	O
ไป	O
ทาง	O
นู้น	NORM_1WORD
(	O
จะ	O
ได้	O
เห็น	O
)	O

เลิก	O
เรียน	O
แล้ว	O
_	O
มี	O
การบ้าน	O
ทัก	O
DM	O
มา	O
เลย	O
จ้า	NORM_1WORD
_	O
งาน	O
ดี	O
_	O
รีวิว	O
แน่น	O
_	O
ลูกค้า	O
ไม่	O
ผิดหวัง	O
_	O
ราคา	O
ถูก	O
_	O
คุ้มค่า	O
_	O
เรท	NORM_1WORD
นักเรียน	O
_	O
คิด	O
ตาม	O
งบ	O
จ้า	NORM_1WORD
_	O
#รับทำการบ้าน	O
_	O
#รับจ้างทำการบ้าน	O
_	O
#รับเขียนงาน	O
_	O
#รับทำรายงาน	O
_	O
#รับแปลงาน	O
_	O
#รับพิมพ์งาน	O
_	O
#ทำการบ้าน	O
_	O
#ฝากร้าน	O
_	O
#พื้นที่ขายของ	O
_	O
#dek62	O
_	O
#dek63	O
_	O
#dek64	O
_	O
#PresentYOU	O
_	O
#ตลาดนัดWANNAONE	O

อยู่	O
คน	O
เดียว	O
แบบ	O
นี้	O
มัน	O
ก็	O
ดี	O
ไปอีก	O
แบบ	O
ทำให้	O
มี	O
เวลา	O
ทบทวน	O
ตัวเอง	O
_	O
อยู่	O
กับ	O
ตัวเอง	O
มาก	O
ขึ้น	O
_	O
แต่	O
มัน	O
ก็	O
เหงา	O
นะ	O
อยาก	O
มี	O
ใคร	O
สัก	O
คน	O
ที่	O
เข้าใจ	O
ใคร	O
สัก	O
คน	O
ที่	O
คุย	O
ได้	O
ทุก	O
อย่าง	O
ทุก	O
เรื่อง	O
_	O
บาง	O
ครั้ง	O
ท้อ	O
_	O
เหนื่อย	O
_	O
ร้องไห้	O
_	O
ไม่	O
มี	O
ใคร	O
ที่	O
คุย	O
กับ	O
ตัวเรา	O
ได้	O
เลย	O
_	O
มัน	O
ทำให้	O
คิดถึง	O
เธอ	O
ขึ้น	O
มา	O
ทุก	O
ที	O
เลย	O
_	O
แต่	O
ก็	O
คุย	O
ไม่	O
ได้	O
เพราะ	O
มัน	O
ไม่	O
เหมือน	O
เดิม	O
แล้ว	O

จะ	O
ทำ	O
ยังไง	NORM_1WORD
ดี	O
กับ	O
พรรค	O
ที่	O
ไม่	O
โปร่งใส	O
_	O
และ	O
ชาวบ้าน	O
บาง	O
พื้นที่	O
เห็นแก่เงิน	O
_	O
ประเทศ	O
ไทย	O
เรา	O
จะ	O
เป็น	O
ยังไง	NORM_1WORD
กัน	O
ต่อ	O
ถ้า	O
บาง	O
กลุ่ม	O
เห็น	O
เงิน	O
สำคัญ	O
กว่า	O
อนาคต	O
ประเทศชาติ	O
_	O
สนับสนุน	O
_	O
#	O
พรรค	O
อนาคตใหม่	O
_	O
กว่า	O
พรรค	O
โกง	O
กัน	O
ซึ่งๆ	NORM_2WORD
หน้า	O
_	O
จับ	O
เบอร์	O
กัน	O
ยัง	O
โกง	O
เลย	O
_	O
เล่น	O
สกปรก	O
_	O
บาง	O
พรรค	O
มา	O
ชู	O
ป้าย	O
_	O
ซึ่ง	O
ผิด	O
กฎ	O
_	O
กกต.	O
_	O
แต่	O
เขา	O
ทำ	O
ไร	NORM_1WORD
ไม่ได้	O
_	O
เพราะ	O
เขา	O
มี	O
อำนาจ	O

ที่นั่ง	O
ของ	O
_	O
JJ	O
_	O
Seat	O
_	O
ดีงาม	O
สม	O
กับ	O
ที่	O
แพง	O
จริงๆ	NORM_2WORD
_	O
อยู่	O
ชิด	O
ขอบ	O
รั้ว	O
ได้	O
มอง	O
แจจุง	O
แบบ	O
เต็มอิ่ม	O
สุดๆ	O
_	O
ข้าง	O
หน้า	O
ไม่	O
มี	O
ใคร	O
บัง	O
เลย	O
_	O
มอง	O
เห็น	O
กระทั่ง	O
ตอน	O
ที่	O
แจจุง	O
เหงื่อหยด	O
_	O
แซว	O
แฟนคลับ	O
เก่ง	O
_	O
หา	O
เรื่อง	O
มา	O
คุย	O
ได้	O
ตลอด	O
_	O
ร้อง	O
เพลง	O
ห้า	O
นาที	O
คุย	O
ไป	O
แล้ว	O
ครึ่ง	O
ชั่วโมง	O
_	O
เสียง	O
ร้องสด	O
ไม่	O
ต้อง	O
ห่วง	O
ดี	O
ยิ่ง	O
กว่า	O
แผ่นซีดี	O
อีก	O
_	O
เต้น	O
ดุ๊กดิ๊ก	O
น่ารัก	O
สุด	O

ฟ่า	O
รู้	O
ไหม	O
_	O
ฟ่า	O
คือ	O
ตัวแทน	O
ผู้สืบทอด	O
มรดก	O
เพลง	O
ลูกทุ่ง	O
ไทย	O
_	O
น้อย	O
นัก	O
ที่	O
วัย	O
นี้	O
จะ	O
สนใจ	O
และ	O
สืบทอด	O
แต่	O
มี	O
ฟีฟ่า	O
ที่	O
รัก	O
ใน	O
เพลงลูกทุ่ง	O
และ	O
รู้สึก	O
อิน	O
ใน	O
บทเพลง	O
เวลา	O
ที่	O
น้อง	O
ร้อง	O
_	O
ลูกเอื้อน	O
อักขระ	O
ชัด	O
ทุก	O
คำ	O
_	O
นี่แหละ	O
เนื้อแท้	O
_	O
ลูกทุ่ง	O
ไทย	O
โก๋เก๋	O
_	O
ขอบคุณ	O
ลุง	O
โน้ต	O
ครับ	O
กับ	O
โพส	NORM_1WORD
นี้	O
กับ	O
คำแนะนำ	O
ที่	O
ดีงาม	O
_	O
#FifaBNK48	O
_	O
#BNK48	O
_	O
#VictoryBNK48	O

ที่	O
น่าสนใจ	O
คือ	O
_	O
ประเทศ	O
ใน	O
อาเซียน	O
มี	O
เพียง	O
เวียดนาม	O
ที่	O
ได้	O
รับ	O
การ	O
รับ	O
เชิญ	O
โดย	O
ตรง	O
จาก	O
นายก	NORM_1WORD
ญี่ปุ่น	O
ใน	O
ฐานะ	O
ประเทศ	O
เวียดนาม	O
_	O
ขณะ	O
ที่	O
ไทย	O
ไป	O
ใน	O
ฐานะ	O
ประธาน	O
อาเซียน	O
ไม่	O
ใช่	O
ใน	O
นาม	O
ของ	O
ประเทศ	O
ไทย	O
_	O
G20	O
_	O
คือ	O
การ	O
ประชุม	O
ของ	O
กลุ่ม	O
ประเทศ	O
เศรษฐกิจ	O
ชั้น	O
นำ	O
_	O
คง	O
ต้อง	O
ตั้ง	O
คำ	O
ถาม	O
แทน	O
ว่า	O
ไทย	O
ถูก	O
จัด	O
อันดับ	O
ความน่าสนใจ	O
เรื่อง	O
เศรษฐกิจ	O
อยู่	O
ระดับ	O
ไหน	O
กัน	O

อยาก	O
เขียน	O
ฟิค	O
แนว	O
ผีๆ	NORM_2WORD
_	O
แบบ	O
จริงจัง	O
_	O
เป็น	O
แนว	O
แบบ	O
ห้อง	O
แชท	O
แชร์	O
ประสบการณ์	O
ขน	O
หัว	O
ลุก	O
ของ	O
กลุ่ม	O
เพื่อน	O
เก่า	O
_	O
และ	O
ทุก	O
ครั้ง	O
ที่	O
มี	O
เรื่อง	O
เล่า	O
_	O
จะ	O
มี	O
เหตุการณ์	O
แปลกๆ	NORM_2WORD
_	O
เกิด	O
ขึ้น	O
เสมอ	O
_	O
และ	O
ยุนกิ	O
คือ	O
คน	O
ที่	O
จะ	O
รับ	O
รู้	O
ถึง	O
สิ่ง	O
ที่	O
จะ	O
เกิด	O
ขึ้น	O
ผ่าน	O
ความฝัน	O
_	O
ไม่	O
ใช่	O
แค่	O
ใน	O
เวลา	O
กลาง	O
คืน	O
_	O
แต่	O
เวลา	O
กลาง	O
วัน	O
ก็	O
ด้วย	O
_	O
หรือ	O
บาง	O
ครั้ง	O
ก็	O
ถูก	O
ทำ	O
ให้	O
หลับ	O
ไป	O
ดื้อๆ	NORM_2WORD

แนะนำ	O
เรื่อง	O
นี้	O
อีก	O
เรื่อง	O
_	O
เหมาะ	O
สำหรับ	O
สาม	O
พี	O
ใน	O
นำตาล	NORM_1WORD
_	O
#องแดนฮุน	O
_	O
ก็	O
คือ	O
นายเอก	O
(	O
มโน	O
ว่า	O
น้อง	O
ฮุน	O
)	O
มี	O
รสนิยม	O
ทาง	O
เพศ	O
แบบ	O
รุนแรง	O
_	O
มี	O
รัก	O
แรก	O
เป็น	O
พี่	O
หัว	O
ทอง	O
_	O
เพื่อน	O
ตอน	O
เด็ก	O
(	O
เรา	O
มโน	O
ว่า	O
แดน	O
)	O
แต่	O
ต้อง	O
ห่าง	O
กัน	O
เพราะ	O
เรื่อง	O
บาง	O
อย่าง	O
_	O
ผ่าน	O
มา	O
นาย	O
เอก	O
มี	O
แฟน	O
ใหม่	O
เป็น	O
ผม	O
ดำ	O
(	O
มโน	O
ว่า	O
พี่	O
อง	O
)	O
_	O
แล้ว	O
หัว	O
ทอง	O
ก็	O
กลับ	O
มา	O
_	O
ไม่	O
รู้	O
ว่า	O
จะ	O
จบ	O
คู่	O
ใคร	O
_	O
แต่	O
สนุก	O

นี่	O
คุณ	O
ไม่	O
ได้	O
ดู	O
หนัง	O
_	O
app	O
_	O
war	O
_	O
หรอ	NORM_1WORD
_	O
ที่	O
อร	O
เล่น	O
_	O
App	O
_	O
มัน	O
ไม่	O
ได้	O
_	O
run	O
_	O
ทุก	O
วัน	O
นิ่งๆ	NORM_2WORD
_	O
มัน	O
ต้อง	O
มี	O
ทีม	O
ดูแล	O
_	O
แต่ละ	O
คน	O
ค่าตัว	O
ไม่	O
ได้	O
ถูก	O
_	O
แรงงาน	O
ขั้น	O
ต่ำ	O
นะ	O
_	O
เหมือน	O
ดูถูก	O
กัน	O
เกิน	O
ไป	O
_	O
แอพ	NORM_1WORD
_	O
7-11	O
_	O
ที่	O
คุณ	O
ว่า	O
ฟรี	O
ที่	O
จริง	O
กิน	O
เงิน	O
คุณ	O
ไป	O
เท่าไหร่	NORM_1WORD
_	O
70,000	O
_	O
ล้าน	O
ได้เปรียบ	O
ทาง	O
บช	NORM_1WORD
_	O
มาก	O
กว่า	O
_	O
8000	O
_	O
ล้าน	O
_	O
#ดังเพราะ	O
คุกกี้	O
ดับเพราะ	O
คุกกี้	O
_	O
#BNK48	O

รีวิว	O
เลิก	O
กิน	O
ยา	O
ได้	O
_	O
2	O
_	O
อาทิตย์	O
_	O
หลังจาก	O
กิน	O
เพราะ	O
รักษา	O
อาการ	O
ประจำตัว	O
มา	O
_	O
1	O
_	O
ปี	O
เต็ม	O
_	O
ปวด	O
หัว	O
ชิบหาย	NORM_1WORD
วายวอด	O
_	O
1	O
_	O
อาทิตย์	O
เต็มๆ	O
_	O
แบบ	O
ต้อง	O
พึ่ง	O
พารา	O
ทุก	O
วัน	O
_	O
แต่	O
น้ำหนัก	O
ลง	O
เร็ว	O
มาก	O
_	O
แบบ	O
ลง	O
คงที่	O
ละ	O
_	O
นน.	NORM_1WORD
ปกติ	O
ที่	O
เคย	O
เมื่อ	O
ปี	O
ก่อนๆ	O
_	O
(	O
หมอ	O
เคย	O
บอก	O
ว่า	O
ยา	O
ที่	O
กิน	O
อยู่	O
_	O
มัน	O
มี	O
ผล	O
ต่อ	O
การเผาผลาญ	O
_	O
ต้อง	O
ออกกำลังกาย	O
ด้วย	O
_	O
แต่	O
นี่	O
ไม่	O
ค่อย	O
ออก	O
เลย	O
)	O
_	O
จบ	O

สังเกต	O
หลาย	O
ที่	O
แล้ว	O
แหละ	O
_	O
ไม่	O
รู้	O
คิด	O
มาก	O
ไป	O
มั้ย	NORM_1WORD
_	O
เวลา	O
มี	O
คอนเสริต	NORM_1WORD
_	O
บอค	O
_	O
โดยเฉพาะ	O
คอน	NORM_1WORD
ใหญ่	O
ที่	O
ผ่าน	O
มา	O
_	O
สื่อ	O
ที่	O
ถ่าย	O
บรรยากาศ	O
มา	O
ก็	O
เห็น	O
อยู่	O
ว่า	O
มี	O
แฟนคลับ	O
_	O
ผญ.	O
_	O
เยอะ	O
ขนาด	O
ไหน	O
_	O
แต่	O
สื่อ	O
ก็	O
ยัง	O
ชอบ	O
พรีเซนต์	O
ว่า	O
ผู้ชาย	O
เยอะ	O
มากกกกกกกก	NORM_1WORD
+	O
เวลา	O
ไป	O
วัมภาษณ์	NORM_1WORD
เหล่า	O
อฟนคลับ	NORM_1WORD
ก็	O
ชอบ	O
เลือก	O
คน	O
ที่	O
ลุค	NORM_1WORD
แบบ	O
โอตาคุ	O
_	O
อ้วนๆ	NORM_2WORD
_	O
ใส่	O
แว่น	O
งี้	O
ตลอด	O
_	O
เพราะ	O
?	O
_	O
#BNK48	O

กู	O
จะ	O
ลง	O
บัญชีหนังหมา	O
ไว้	O
ว่า	O
นาย	O
เมธิน	O
แม่ง	O
ปลุก	O
กู	O
ขึ้น	O
มา	O
เพื่อ	O
มา	O
ฟัง	O
มัน	O
บ่น	O
ว่า	O
เหงา	O
_	O
ไอ	NORM_1WORD
สัส	NORM_1WORD
_	O
ก่อน	O
ปิด	O
เทอม	O
นะ	O
โอเค	O
ที่	O
แม่ง	O
ทัก	O
มา	O
ตอน	O
ทุ่ม	O
กว่าๆ	O
ช่วง	O
งีบ	O
พัก	O
พอดี	O
_	O
แต่	O
นี่	O
_	O
ห่า	O
_	O
แม่ง	O
จะ	O
วัน	O
ใหม่	O
อยู่แล้ง	NORM_1WORD
_	O
ทัก	O
มา	O
ตอน	O
เช้า	O
เลย	O
ไม่	O
ได้	O
ไง๊	NORM_1WORD
_	O
แล้ว	O
กู	O
จะ	O
หลับ	O
ยังไง	NORM_1WORD
ต่อ	O
ละ	NORM_1WORD
เนี่ย	NORM_1WORD
_	O
ตื่น	O
แล้ว	O
ตื่น	O
ยาว	O
ด้วย	O
รอบ	O
นี้	O
_	O
งอน	O
ไอ	NORM_1WORD
สัส	NORM_1WORD
งอนน	NORM_1WORD
_	O
เปิด	O
เทอม	O
นะ	O
มึง	O
_	O
ตาย	O
แน่ๆ	O

ด้วย	O
ความที่	O
เมื่อ	O
วาน	O
ไป	O
งาน	O
จับ	O
มือ	O
มา	O
_	O
ไม่	O
รู้	O
ไป	O
_	O
hype	O
_	O
อะไร	O
มา	O
_	O
นอน	O
จน	O
ฝัน	O
ว่า	O
_	O
เรา	O
ไป	O
ประกาศ	O
ให้	O
คน	O
แถว	O
บ้าน	O
รู้	O
ว่า	O
นี่	O
เป็น	O
โอตะ	O
นะ	O
_	O
เท่านั้น	O
แหละ	O
คน	O
ทั้ง	O
หมู่บ้าน	O
ก็	O
แห่	O
มา	O
หา	O
ที่	O
บ้าน	O
แล้ว	O
เอา	O
_	O
ฟตซ	NORM_1WORD
_	O
full	O
_	O
comp	O
_	O
มี	O
ทั้ง	O
_	O
ssr	O
_	O
ยัน	O
แบบ	O
ธรรมดา	O
_	O
มา	O
แจก	O
ให้	O
นี่	O
ฟรีๆ	NORM_2WORD
_	O
คือ	O
กู	O
คิด	O
อะไร	O
อยู่	O
ถึง	O
ฝัน	O
แบบ	O
นี้	O
_	O
แต่	O
ถ้า	O
มัน	O
เป็น	O
จริง	O
ก็	O
ดี	O
_	O
555555	O
_	O
#BNK48	O

คือ	O
ปกติ	O
ก็	O
เป็น	O
คน	O
บ่น	O
เรื่อง	O
อฟช.	NORM_1WORD
_	O
#BNK48	O
_	O
นะ	O
_	O
แต่	O
เคสตู้ปลา	O
คือ	O
ก็	O
มอง	O
ว่า	O
เค้า	O
ก็	O
ทำ	O
ดี	O
ที่สุด	O
เท่า	O
ที่	O
จะ	O
ทำ	O
ได้	O
แล้ว	O
_	O
นี่	O
ก็	O
สุ่ม	O
สิทธิ์	O
แล้ว	O
_	O
อาจ	O
จะ	O
ใช้	O
วิธี	O
แปลกๆ	NORM_2WORD
บ้าง	O
_	O
ก็	O
คือ	O
เค้า	O
พยายาม	O
ไม่	O
ใช้	O
การสุ่ม	O
อย่าง	O
เดียว	O
_	O
เดี๋ยว	O
หา	O
ว่า	O
เลือก	O
ชื่อ	O
_	O
นี่	O
ก็	O
นับ	O
ยอด	O
ไลค์	NORM_1WORD
_	O
ก็	O
ไป	O
หา	O
มา	O
ดิ	O
_	O
ไอ้การโพส	NORM_1WORD
ชื่อนามสกุลจริง	O
บน	O
เฟส	NORM_1WORD
มัน	O
ก็	O
ไม่	O
ได้	O
หนักหนา	O
อะไร	O
นะ	O

ตอน	O
นี้	O
อิน	O
_	O
Before	O
_	O
Sunset	O
_	O
มาก	O
กว่า	O
_	O
Before	O
_	O
Sunrise	O
_	O
แล้ว	O
_	O
รู้สึก	O
ว่า	O
ซันเซท	NORM_1WORD
บาลานซ์	O
ทุก	O
อย่าง	O
ให้	O
อยู่	O
ใน	O
ระดับ	O
เดียว	O
กัน	O
ได้	O
ดี	O
_	O
เซลีน	O
กับ	O
เจส	O
เรียนรู้	O
โลก	O
มาก	O
ขึ้น	O
_	O
มี	O
สติ	O
_	O
ถึง	O
จะ	O
รัก	O
กัน	O
แต่	O
ก็	O
ยัง	O
ไม่	O
ได้	O
ครอบครอง	O
เลย	O
ไม่	O
มี	O
อคติ	O
ต่อ	O
ตัว	O
อีก	O
ฝ่าย	O
_	O
กลาย	O
เป็น	O
ว่า	O
สิ่ง	O
ที่	O
ทั้ง	O
คู่	O
พูด	O
ออก	O
มา	O
เป็น	O
ความรู้สึก	O
จริงๆ	NORM_2WORD
_	O
ไม่	O
มี	O
อะไร	O
มา	O
เจือปน	O
เลย	O

เธอ	O
คิด	O
บ้าง	O
ไหม	O
ถ้า	O
ชาติ	O
หนึ่ง	O
เธอ	O
รัก	O
ใคร	O
มาก	O
ต้องการ	O
มาก	O
คิดถึง	O
มาก	O
ใคร	O
ไม่	O
เห็น	O
ค่า	O
เหมือน	O
ดัง	O
เช่น	O
เธอ	O
ทำ	O
กับ	O
เรา	O
ปิด	O
กั้น	O
ทุก	O
ทาง	O
ไม่	O
พบ	O
ไม่	O
เจอ	O
ไม่	O
คุย	O
ไม่	O
สาน	O
สัมพันธ์	O
แต่	O
สื่อสาร	O
มา	O
แค่ว่า	O
ให้	O
ปล่อยวาง	O
ซะ	O
จาก	O
ใจ	O
คน	O
ที่	O
เคย	O
ป่วย	O
เหมือน	O
กัน	O
_	O
และ	O
ให้	O
ไป	O
รัก	O
พ่อ	O
รัก	O
แม่	O
นะ	O
_	O
ถ้า	O
ไม่	O
มี	O
ก็	O
หา	O
สุนัข	O
แมว	O
มา	O
เลี้ยง	O
เป็น	O
เพื่อน	O
เธอ	O
จะ	O
คิด	O
และ	O
รู้สึก	O
อย่างไร	O

มา	O
ที่	O
สาว	O
คน	O
นี้	O
กัน	O
บ้าง	O
_	O
รับ	O
บท	O
หนัก	O
ไม่	O
น้อย	O
_	O
มุกดา	O
นรินทร์รักษ์	O
_	O
กับ	O
การถ่ายทอด	O
_	O
3	O
_	O
คาแรคเตอร์	NORM_1WORD
_	O
ใน	O
บท	O
_	O
ปริตตา	O
_	O
เอะอะ	O
โดน	O
เข้าสิง	O
_	O
ทั้ง	O
จาก	O
_	O
ทิพฉาย	O
_	O
และ	O
นางฟ้า	O
รวิปรียา	O
_	O
ก็	O
จะ	O
งง	O
ๆ	O
หน่อย	O
ๆ	O
_	O
เดี๋ยว	O
ยิ้ม	O
เดี๋ยว	O
ตึง	O
_	O
โดยเฉพาะ	O
เวลา	O
อยู่	O
ใน	O
โหมด	O
โหด	O
ละ	NORM_1WORD
ก็	O
ทุก	O
คน	O
กลัว	O
เลย	O
จ้า	NORM_1WORD
_	O
แต่	O
ถ้า	O
เป็น	O
มาด	O
ปริตตา	O
_	O
สาวน้อย	O
สดใส	O
_	O
ที่	O
ยิ้ม	O
ละลายใจ	O
แฟนๆ	O

เฌอ	O
_	O
น้อง	O
อาจ	O
จะ	O
หา	O
คฑา	O
ไม่	O
เจอ	O
_	O
พี่	O
ขอโทษ	O
.	O
.	O
.	O
.	O
_	O
พี่	O
เอา	O
ไป	O
เอง	O
_	O
555555555	O
_	O
ยินดีด้วยนะ	O
_	O
เด็ก	O
เด๋อ	O
ของ	O
พี่	O
_	O
รอย	O
ยิ้ม	O
แห่ง	O
ความสุข	O
ของ	O
ใน	O
วัน	O
นี้	O
_	O
พี่	O
จะ	O
จดจำ	O
มัน	O
ไว้	O
นะ	O
_	O
ว่า	O
ครั้ง	O
นึง	NORM_1WORD
เรา	O
เดินทาง	O
มา	O
ด้วย	O
กัน	O
ได้	O
ไกล	O
แค่	O
ไหน	O
_	O
รัก	O
นะ	O
คะ	O
_	O
อยู่	O
เป็น	O
กำลังใจ	O
ให้	O
พี่	O
ไป	O
นานๆ	NORM_2WORD
_	O
นะ	O
_	O
คนดี	O
_	O
#CherPrangBNK48	O
_	O
#BNK48GeneralElection	O
_	O
#bnk48	O
_	O
#ทีมเมีย	O
เฌอ	O

หลาน	O
เป็น	O
คน	O
กลัว	O
ผี	O
_	O
แล้ว	O
วันนี้	O
นึก	O
ยังไง	O
ไม่	O
รู้	O
หัวข้อ	O
การสนทนา	O
คือ	O
พา	O
กัน	O
เล่าสู่กันฟัง	O
เรื่อง	O
ผี	O
_	O
แม่	O
ก็	O
เล่า	O
_	O
ตาม	O
มา	O
ด้วย	O
พี่	O
สะใภ้	O
_	O
ตบท้าย	O
ด้วย	O
พี่	O
ชาย	O
_	O
หลาน	O
ที่	O
กลัว	O
ผี	O
คือ	O
ทำ	O
เสียง	O
แบบ	O
_	O
อืมมมมม...	NORM_1WORD
_	O
ใน	O
หัว	O
อ่ะ	NORM_1WORD
_	O
555555	O
_	O
สงสาร	O
_	O
แล้ว	O
ไม่	O
มี	O
ทีท่า	O
ว่า	O
จะ	O
หยุด	O
พูด	O
ง่ายๆ	NORM_2WORD
_	O
ด้วย	O
_	O
จบ	O
ที่	O
พี่	O
ชาย	O
อาบน้ำ	O
เสร็จ	O
ต้อง	O
พา	O
ลูก	O
ชาย	O
ที่	O
กลัว	O
ผี	O
ไป	O
นอน	O
_	O
5555	O

แต่	O
ตอน	O
นี้	O
_	O
เรา	O
อยาก	O
ให้	O
เจย์	O
ยึดติด	O
กับ	O
น้องๆ	NORM_2WORD
เอา	O
ไว้	O
_	O
รู้	O
แล้ว	O
ว่า	O
ควมสุข	NORM_1WORD
ของ	O
เจย์	O
คือ	O
ไอค่อน	O
_	O
ถึงจะ	O
เหนื่อน	NORM_1WORD
แค่	O
ไหน	O
ยินดี	O
เสมอ	O
_	O
เรา	O
ไม่	O
อยาก	O
ให้	O
เจย์	O
เหนื่อย	O
หรือ	O
ลำบาก	O
เลย	O
_	O
ไม่เป็นไร	O
นะ	O
คะ	O
คนเก่ง	O
_	O
อดทน	O
มา	O
ได้	O
ดี	O
มาก	O
แล้ว	O
_	O
อย่า	O
แอบ	O
ไป	O
ร้องไห้	O
คน	O
เดียว	O
_	O
ไม่	O
ไหว	O
ก็	O
นอน	O
ห้อง	O
บั๊บ	O
นะ	O
_	O
ดื่ม	O
ก็	O
เพลาๆ	O
ลง	O
บ้าง	O
_	O
รัก	O
และ	O
เป็นห่วง	O
เสมอ	O
_	O
พิมพ์	O
ไป	O
ร้อง	O
ไป	O

#	O
GDH	O
_	O
#	O
Homestay	O
_	O
#	O
BNK48	O
_	O
#	O
Cherprang	O
BNK48	O
_	O
ดู	O
แล้ว	O
หน่วงๆ	O
_	O
เนื้อเรื่อง	O
ค่อนข้าง	O
ดาร์ก	O
_	O
ชอบ	O
การขมวดปม	O
ใน	O
ตอน	O
แรก	O
_	O
แล้ว	O
ค่อยๆ	O
_	O
คลาย	O
ออก	O
_	O
ทำ	O
ให้	O
เข้าใจ	O
ว่า	O
ทำไม	O
มิน	O
ต้อง	O
ฆ่าตัวตาย	O
_	O
แคป	O
เฌอ	O
เด่น	O
ช่วง	O
บน	O
ดาดฟ้า	O
และ	O
กำ	O
แก้ว	O
_	O
อินเนอร์	O
พาย	O
มา	O
เต็ม	O
_	O
นางเอก	O
ไม่	O
ใช่	O
เฌอ	O
_	O
แต่	O
เป็น	O
ลี้	O
_	O
5555!	O
_	O
เจมส์	O
ก็	O
เล่น	O
ดี	O
_	O
เด่น	O
ตั้งแต่	O
เปิด	O
เรื่อง	O
ยัน	O
หนัง	O
จบ	O

รักทวนเข็ม	O
_	O
อัน	O
นี้	O
เนียลอง	O
จ้า	NORM_1WORD
_	O
เรื่อง	O
นี้	O
ทำให้	O
กลับ	O
มา	O
ทวิต	NORM_1WORD
จอย	O
อีก	O
รอบ	O
_	O
เพราะ	O
อัดอั้นตันใจ	O
มาก	O
_	O
ชอบ	O
ความสดใส	O
ของ	O
น้อง	O
ชีส	O
_	O
น้อง	O
เป็น	O
เหมือน	O
แสงสว่าง	O
_	O
ในขณะที่	O
พี่	O
เบ	O
กำลัง	O
หมองหม่น	O
ก็	O
เจอ	O
เจ้า	O
ชีส	O
เนี่ยแหล่ะ	NORM_1WORD
_	O
ที่	O
คอย	O
ช่วย	O
ทำให้	O
ทุก	O
อย่าง	O
ดี	O
ขึ้น	O
_	O
ชอบ	O
การเขียน	O
ของ	O
ไรท์	NORM_1WORD
_	O
มัน	O
ทำให้	O
เห็น	O
ใน	O
สิ่ง	O
ที่	O
ไรท์	NORM_1WORD
จะ	O
สื่อ	O
ออก	O
มา	O
ได้	O
จริงๆ	NORM_2WORD
_	O
ต้อง	O
ลอง	O

ถึง	O
วันนี้	O
จะ	O
ไม่	O
ได้	O
ไป	O
ชม	O
คอน	NORM_1WORD
หน้า	O
เวที	O
แต่	O
ก็	O
จะ	O
เฝ้า	O
หน้าจอ	O
ทั้งวัน	O
นะ	O
เพราะ	O
วันนี้	O
มี	O
แต่	O
งาน	O
ของ	O
ยัย	NORM_1WORD
หนู	O
และ	O
น้องๆ	NORM_2WORD
BNK48	O
แทบ	O
ทั้ง	O
วัน	O
เลย	O
_	O
เป็นห่วง	O
สุดๆ	O
ก็	O
คง	O
คอน	NORM_1WORD
เย็น	O
นี้	O
_	O
หวัง	O
ว่า	O
สภาพ	O
อากาศ	O
จะ	O
ดี	O
และ	O
ไม่	O
มี	O
ฝน	O
ไม่	O
อยาก	O
ให้	O
น้องๆ	NORM_2WORD
ไม่	O
สบาย	O
แต่	O
ก็	O
รู้	O
น้องๆ	NORM_2WORD
เอง	O
ก็	O
คง	O
เต็มที่	O
สุด	O
ยังไง	NORM_1WORD
ก็	O
จะ	O
เป็น	O
กำลังใจ	O
ให้	O
ทุก	O
คน	O
นะ	O
คับ	NORM_1WORD
_	O
#CherprangBNK48	O
_	O
#BNK48	O

#voxlux	O
_	O
เป็น	O
หนัง	O
ดาร์ค	NORM_1WORD
ดราม่า	O
ดิบๆ	O
_	O
แต่	O
เล่น	O
เบอร์	O
ใหญ่	O
_	O
เปิด	O
ฉาก	O
ได้	O
โหด	O
ดี	O
_	O
แต่	O
หลังจาก	O
นั้น	O
จะ	O
เอา	O
หนัง	O
ไม่	O
อยู่	O
_	O
โชค	O
ดี	O
ครึ่ง	O
หลัง	O
มี	O
_	O
นาตาลี	O
พอร์ตแมน	O
_	O
ที่	O
แสดง	O
ได้	O
โคตร	O
เชื่อ	O
และ	O
แบก	O
ที่เหลือ	O
จน	O
จบ	O
_	O
น่าเสียดาย	O
พลอต	NORM_1WORD
และ	O
ประเด็น	O
หลาย	O
อย่าง	O
_	O
และ	O
ไม่	O
น่า	O
ใช้	O
นักแสดง	O
ซ้ำ	O
สอง	O
ช่วง	O
เวลา	O
เลย	O
_	O
ควร	O
หา	O
คน	O
ที่	O
ฟัด	O
กับ	O
แนท	O
ได้	O
ดี	O
กว่า	O
_	O
#movietwit	O

ตอน	O
ป.	O
3	O
กิน	O
คอ	O
ไก่	O
อัน	O
ละ	O
บาท	O
_	O
กระดูก	O
ไก่	O
ติด	O
คอ	O
_	O
ร้องไห้	O
จน	O
ครู	O
ต้อง	O
พา	O
ไป	O
คีบ	O
ออก	O
ที่	O
โรงพยาบาล	O
_	O
ครู	O
พา	O
นั่ง	O
ซ้อน	O
มอไซด์	NORM_1WORD
ไป	O
ภาพเบื้องหลัง	O
ที่	O
หัน	O
กลับ	O
มา	O
ดู	O
คือ	O
พี่น้องผองเพื่อน	O
ทั้ง	O
รร.	O
ยืน	O
มอง	O
กุ	NORM_1WORD
อยู่	O
..	O
มัน	O
คือ	O
เรื่อง	O
เม้ามอย	NORM_1WORD
ของ	O
เด็ก	O
ประถม	O
_	O
ตอน	O
นี้	O
30	O
แล้ว	O
เพื่อน	O
สมัย	O
ประถม	O
ยัง	O
ล้อ	O
เรื่อง	O
กระดูก	O
ไก่	O
ติด	O
คอ	O
...	O
เศร้า	O
_	O
#เรื่องมันช่างน่าอาย	O

TonSun_TS	O
_	O
ซัน	O
ผู้คู่ควร	O
แก่	O
การได้รับ	O
ความรัก	O
จาก	O
คน	O
ทั้ง	O
โลก	O
_	O
ถ้าหาก	O
หยุด	O
กิน	O
หรือ	O
กิน	O
ให้	O
น้อย	O
ลง	O
กว่าจะ	O
นี้	O
จะ	O
เป็น	O
การดี	O
มาก	O
เพราะ	O
กระผม	O
นั้น	O
คิด	O
ว่า	O
หลายหลาย	NORM_1WORD
คน	O
คง	O
จะ	O
เลี้ยง	O
ไม่	O
ไหว	O
_	O
แต่	O
ลืม	O
ไป	O
เลย	O
ว่า	O
มี	O
คน	O
นึง	NORM_1WORD
ที่	O
น่า	O
จะ	O
เลี้ยง	O
ไหว	O
_	O
ขอให้	O
มี	O
แฟน	O
เร็วๆ	O
นะ	O
เพื่อน	O
กับ	O
คน	O
นั้น	O
นั่นแหละ	O
_	O
อย่า	O
ใจร้าย	O
ให้	O
มาก	O
_	O
สุด	O
แล้ว	O
นั้น	O
ผม	O
น่ะ	O
รัก	O
พี่	O
จู	O
มาก	O

มา	O
ละ	O
จ้า	O
_	O
#ถูกและดี	O
_	O
จาก	O
ที่	O
แต่ก่อน	O
หน้า	O
เป็น	O
สิว	O
ผด	O
เยอะ	O
มากๆ	NORM_2WORD
ละ	O
ก็	O
ขึ้น	O
อยู่	O
บ่อยๆ	O
_	O
ใช้	O
ได้	O
สัก	O
พัก	O
เริ่ม	O
รู้สึก	O
หน้า	O
ดี	O
ขึ้น	O
_	O
สิว	O
ผด	O
น้อย	O
ลง	O
_	O
แต่งหน้า	O
ติดทน	O
_	O
แต่	O
จะ	O
ไม่	O
ได้	O
ห็น	NORM_1WORD
ผล	O
ไว้	O
ขนาด	O
นั้น	O
นะ	O
_	O
อย่า	O
หวัง	O
ว่า	O
มัน	O
จะ	O
หน้า	O
ดี	O
ขึ้น	O
ไว้	NORM_1WORD
ขนาด	O
นั้น	O
_	O
ทา	O
ปุ๊บ	O
ใส	O
ปั๊บ	O
_	O
เรื่อง	O
ผิวๆ	O
ต้อง	O
ใช้	O
เวลา	O
นะ	O
_	O
#รีวิวใช้จริง	O
_	O
#รีวิวห้ามขายของโว้ยย	O
_	O
#รีวิว	O

เห้ย	O
มัน	O
ไม่	O
ใช่	O
นะ	O
แบบ	O
นี้	O
คือ	O
ที่	O
สั่ง	O
ตั้งแต่	O
ชั่วโมง	O
แรกๆ	NORM_2WORD
เพื่อที่	O
อยากได้	O
ของ	O
ก่อน	O
_	O
แต่	O
นี่	O
อะไร	O
วะ	O
ไม่	O
ได้	O
นับ	O
ตาม	O
ลำดับ	O
ออเดอร์	O
แต่	O
จัดการ	O
กัน	O
เอง	O
แล้ว	O
ส่ง	O
มั่วๆ	O
แบบ	O
นี้	O
ไม่	O
โอเค	O
ว่ะ	O
หนัก	O
สุด	O
คือ	O
โทร	O
มา	O
บอก	O
ให้	O
ยกเลิก	O
รายการ	O
ที่	O
ชำระเงินปลายทาง	O
แล้ว	O
กด	O
สั่ง	O
ใหม่	O
ก่อน	O
ปิด	O
พรี	NORM_1WORD
แค่	O
4	O
วัน	O
_	O
เวลา	O
ตั้ง	O
เยอะ	O
ไม่	O
บอก	O
_	O
#BNK48	O
_	O
#BNK48Market	O
_	O
#Shopee	O

กลุ่ม	O
ใหม่	O
_	O
#EnaloktedK	O
_	O
เน้น	O
เมจ	NORM_1WORD
ช.	NORM_1WORD
/	O
เมจ	NORM_1WORD
ญ.	NORM_1WORD
คัด	O
!	O
_	O
ขอ	O
หยาบ	O
_	O
เหี้ย	O
_	O
เถื่อน	O
_	O
โหด	O
_	O
กวนตีน	O
_	O
เคารพ	O
มาส	NORM_1WORD
_	O
ทะเลาะ	O
ได้	O
แต่	O
เคลีย	NORM_1WORD
เอง	O
_	O
เอา	O
สัญ	NORM_1WORD
/	O
แท๊ก	NORM_1WORD
_	O
ขึ้น	O
ไบโอ	O
(	O
เช็ค	NORM_1WORD
)	O
_	O
*	O
ไม่	O
เอา	O
เรื่อง	O
ใน	O
กลุ่ม	O
ไป	O
คุย	O
ต่อ	O
*	O
_	O
#รีลากเข้ากลุ่ม	O
_	O
#บอทใหม่	O
_	O
#rtลากเข้ากลุ่ม	O
_	O
#ยืมเมจforesx	O
_	O
#ยืมเมจfosrex	O
_	O
#บอทหาเดมประจํา	O
_	O
#ยืมเมจforeverything	O
_	O
#บอทหาทุกอย่าง	O

ซิงเกิ้ล	NORM_1WORD
ที่	O
_	O
5	O
_	O
ของ	O
_	O
BNK48	O
_	O
ฟ้อนด์	O
ของ	O
เรา	O
นั้น	O
_	O
ได้	O
ติด	O
เซ็มบัตสึ	O
ซิงเกิ้ล	NORM_1WORD
ที่	O
_	O
5	O
_	O
ทาง	O
แอดมิน	O
จึง	O
เชิญชวน	O
ชาวพลพริก	O
ทุกคน	O
_	O
ร่วม	O
แสดง	O
ความยินดี	O
กับ	O
น้อง	O
ด้วยการ	O
โพส	NORM_1WORD
ภาพ	O
นี้	O
ลง	O
ใน	O
_	O
IG	O
_	O
แท็ก	O
น้อง	O
ใน	O
ภาพ	O
_	O
พร้อม	O
ใส่	O
แฮชแท็ก	O
เหล่านี้	O
ลง	O
ใน	O
แคปชั่น	O
_	O
#Fondgratulations	O
_	O
#FirstTimeSenbatsu	O
_	O
#BNKFestival	O
_	O
#สวนพริกของ	O
ฟ้อนด์	O
_	O
#	O
Fond	O
BNK48	O

แต่ก่อน	O
ไม่	O
เคย	O
คิด	O
จะ	O
ซื้อ	O
หนังสือ	O
นิยาย	O
ชช	NORM_1WORD
มา	O
อ่าน	O
คือ	O
ความคิด	O
นี้	O
ไม่	O
เคย	O
มี	O
ใน	O
หัว	O
เลย	O
สัก	O
นิด	O
_	O
แต่	O
มา	O
วันนี้	O
วัน	O
ที่	O
เรา	O
ได้	O
เข้าใจ	O
แล้ว	O
ว่า	O
_	O
ช	NORM_1WORD
รัก	O
ช	NORM_1WORD
คือ	O
อะไร	O
_	O
ถึง	O
ได้	O
ลอง	O
ซื้อ	O
มา	O
อ่าน	O
ที่	O
สำคัญ	O
คือ	O
เขา	O
นำ	O
มา	O
เป็น	O
ซร	O
_	O
แล้ว	O
เมน	O
เรา	O
ก็	O
แคส	O
ผ่าน	O
ก็	O
เลย	O
ทำให้	O
มีใจ	O
อยาก	O
ลอง	O
อ่าน	O
ดู	O
จน	O
วันนี้	O
ได้	O
อ่าน	O
ก็	O
รู้สึก	O
ว่า	O
มัน	O
ดจีย์	NORM_1WORD
จริงๆ	NORM_2WORD
อยาก	O
ได้	O
อีก	O
สัก	O
เล่ม	O
คง	O
ดี	O

OMG	O
_	O
มาก	O
_	O
I	O
_	O
love	O
_	O
ลึ่ม	O
_	O
ดก	O
_	O
รุงรัง	O
!!!	O
_	O
ปกติ	O
จะ	O
_	O
Wax	O
_	O
ทุก	O
เดือน	O
ก็	O
ใช้	O
กรรไกร	O
_	O
แต่	O
..	O
ไม่	O
Work	O
_	O
จน	O
เจอ	O
หวี	O
อัน	O
นี้	O
_	O
อื้อหือ	O
!	O
_	O
หวี	O
ง่าย	O
สบาย	O
แฮร์	O
ซอกหลืบ	O
ไหน	O
_	O
เอาอยู่	O
_	O
เหลือ	O
บางๆ	O
_	O
จะ	O
_	O
Wax	O
/	O
Laser	O
_	O
คราว	O
นี้	O
ดวก	NORM_1WORD
เลย	O
_	O
ลอง	O
ดู	O
ค่ะ	O
ไม่	O
ถึง	O
ร้อย	O
_	O
ลืม	O
ไป	O
เลย	O
ว่า	O
เคย	O
มี	O
หมอย	O
..	O
จบ	O
รีวิว	O
!	O
_	O
#HowtoPerfect	O
_	O
#ไว้รีวิวห้ามขายของ	O
โว้ยย	NORM_1WORD
_	O
#ไว้รีวิวห้ามขายของ	O

ตอน	O
ม.	O
6	O
เคย	O
นั่ง	O
กิน	O
อาหารตามสั่ง	O
แถว	O
รร	NORM_1WORD
พิเศษ	O
_	O
มี	O
นักท่องเที่ยว	O
ชาว	O
จีน	O
มา	O
ขอ	O
ความช่วยเหลือ	O
ให้	O
เขียน	O
สั่ง	O
อาหาร	O
ให้	O
_	O
มี	O
ต้มยำกุ้ง	O
กับ	O
ข้าวผัด	O
_	O
นี่	O
เขียน	O
ผิด	O
ไป	O
ว่า	O
ตุ้มยัมกุ้ง	O
เลย	O
ขีด	O
ฆ่า	O
เขียน	O
ใหม่	O
_	O
ลุง	O
พนักงาน	O
_	O
โอ้โห	O
_	O
มา	O
อยู่	O
ไทย	O
แปป	NORM_1WORD
เดียว	O
เขียน	O
ไทย	O
สวย	O
เลย	O
นะ	O
_	O
...	O
ลุง	O
หนู	O
เขียน	O
ค่ะ	O
_	O
ขอโทษ	O
ที่	O
เขียน	O
ผิด	O
_	O
อายยย	NORM_1WORD
_	O
#เรื่องมันช่างน่าอาย	O

/	O
อ่าน	O
ข้อความ	O
แล้ว	O
ก็	O
หัวเราะ	O
ว่า	O
เข้าใจ	O
ล่ะ	NORM_1WORD
คน	O
เดียว	O
_	O
อะไร	O
ที่	O
น่ารัก	O
สิ	O
นะ	O
..	O
จำ	O
เอา	O
ไว้	O
แล้ว	O
พอ	O
มี	O
เวลา	O
ให้	O
ไป	O
ดู	O
ของ	O
เพิ่ม	O
ด้วย	O
_	O
ก่อน	O
ตอบ	O
ก็	O
อ่าน	O
อีก	O
ที	O
แล้ว	O
เพิ่ง	O
รู้สึก	O
ว่า	O
หรือ	O
เป็น	O
คน	O
ที่	O
เพิ่ง	O
ย้าย	O
มา	O
/	O
_	O
ถ้า	O
อย่าง	O
นั้น	O
ก็	O
ได้	O
เลย	O
_	O
น่า	O
จะ	O
เริ่มต้น	O
จาก	O
สวนสาธารณะ	O
ได้	O
นะ	O
จะ	O
ได้	O
ไม่	O
หลง	O
_	O
ถ้า	O
เลือก	O
ร้าน	O
ได้	O
บาง	O
ที	O
อาจ	O
จะ	O
มา	O
ส่ง	O
รีวิว	O
ให้	O
ดู	O
ก่อน	O
ด้วย	O
+	O

ไมร่า	O
ผู้ถูกลืม	O
555	O
_	O
คนรู้จัก	O
_	O
เป็น	O
คน	O
*	O
กวนตีน	O
*	O
_	O
มี	O
เกเร	O
บ้าง	O
ตาม	O
เด็ก	O
ทั่วไป	O
_	O
แต่	O
ไม่	O
มี	O
พิษ	O
มี	O
ภัย	O
กับ	O
ใคร	O
และ	O
ไม่	O
มี	O
อะไร	O
ให้	O
ขุด	O
_	O
ใน	O
ไลฟ์	O
ยัง	O
ดู	O
อายๆ	O
แต่	O
ปกติ	O
เป็น	O
คน	O
ตลก	O
ฮาๆ	O
_	O
*	O
ตัว	O
เตี้ยๆ	O
*	O
_	O
ผับ	O
บาร์	O
ไม่	O
เคย	O
เข้า	O
_	O
แต่งตัง	NORM_1WORD
โป๊	O
ไม่	O
มี	O
_	O
มี	O
แค่	O
รูป	O
เฟค	NORM_1WORD
_	O
ปล.	NORM_1WORD
รูป	O
ใน	O
ไอจี	O
น่ารัก	O
_	O
#maira	O
_	O
#BNK482ndGeneration	O
_	O
ไมร่า	O
_	O
#bnk48	O
_	O
#BNK482ndGeneration	O

อี	O
นี่	O
ก็	O
เป็น	O
คน	O
นึง	NORM_1WORD
ที่	O
เวลา	O
ร้อน	O
_	O
อยู่	O
บ้าน	O
จะ	O
ถก	O
เสื้อ	O
ขึ้น	O
_	O
แล้ว	O
พัด	O
ขึ้น	O
ลง	O
อ่ะ	O
_	O
ทำ	O
ทุก	O
วัน	O
มัน	O
ชิน	O
_	O
พอ	O
ไป	O
_	O
รร	NORM_1WORD
_	O
เรียน	O
คาบ	O
เที่ยง	O
มัน	O
ก็	O
ร้อน	O
_	O
อยู่ๆ	NORM_2WORD
อี	O
นี่	O
ก็	O
ถก	O
เสื้อ	O
ขึ้น	O
มา	O
แล้ว	O
ทำ	O
ตาม	O
ปกติ	O
ของ	O
กู	O
_	O
เดิน	O
เข้า	O
ห้อง	O
ไป	O
ป๊าบ	O
เท่านั้น	O
ล่ะ	O
หะ	O
_	O
ทุก	O
คน	O
มอง	O
มา	O
_	O
กู	O
ก็	O
ยัง	O
ไม่	O
หยุด	O
_	O
จน	O
เพื่อน	O
บอก	O
_	O
อ่าว	O
มึง	O
จะ	O
โช	NORM_1WORD
แบบ	O
นี้	O
ก็	O
ได้	O
หรอ	O
_	O
อาย	O
ดิ	O
_	O
#เรื่องมันช่างน่าอาย	O

รีวิว	O
เจาะหู	O
ตำแหน่ง	O
_	O
Tragus	O
_	O
ร้าน	O
ที่	O
เรา	O
ไป	O
เจาะ	O
ชื่อ	O
ร้าน	O
_	O
Pa&O	O
_	O
Sterling	O
_	O
Silver	O
_	O
925	O
_	O
ตรง	O
สยาม	O
ซอย	O
3	O
_	O
แนะนำ	O
โดย	O
คุณ	O
_	O
/jeffnotood	O
_	O
ช่าง	O
ที่	O
เจาะ	O
เฟรนด์ลี่	O
เป็นกันเอง	O
รวดเร็ว	O
ทันใจ	O
_	O
แต่	O
ถาม	O
ว่า	O
เจ็บ	O
มั้ย	NORM_1WORD
บอก	O
ตรงๆ	O
เจ็บ	O
มาก	O
_	O
คือ	O
เนื้อ	O
หู	O
เรา	O
หนา	O
ด้วย	O
_	O
ไป	O
เจาะ	O
เตรียมใจ	O
ไป	O
อย่าง	O
เดียว	O
ค่ะ	O
_	O
เรา	O
เสีย	O
ค่า	O
จิว	O
+	O
เจาะ	O
รวม	O
599	O
฿	O
_	O
ใคร	O
สนใจ	O
ไป	O
โล้ด	O

ตอน	O
ประถม	O
_	O
ไป	O
รร.	O
กับ	O
น้อง	O
_	O
แม่	O
จะ	O
ส่ง	O
ปาก	O
ทาง	O
แล้ว	O
นั่ง	O
มอไซค์	NORM_1WORD
ต่อ	O
กับ	O
น้อง	O
จ้า	NORM_1WORD
_	O
แล้ว	O
จะ	O
ชอบ	O
นั้ง	NORM_1WORD
ซ้อน	O
ไป	O
ด้วย	O
กัน	O
_	O
มี	O
วัน	O
นึง	NORM_1WORD
_	O
พี่	O
วิน	O
ก็	O
ส่ง	O
หมวก	O
ให้	O
เสร็จ	O
_	O
น้อง	O
ขึ้น	O
_	O
แล้ว	O
พี่	O
วิน	O
ก็	O
_	O
บรื๊นนน	NORM_1WORD
_	O
ไป	O
เลย	O
จ้ะ	O
_	O
อี	O
นี่	O
ยืน	O
งง	O
_	O
ถือ	O
หมวก	O
อยู่	O
ที่	O
วิน	O
_	O
ท่ามกลาง	O
ผู้คน	O
มากมาย	O
_	O
รู้สึก	O
เศร้า	O
มาก	O
_	O
ไม่	O
มี	O
ใคร	O
สนใจ	O
กู	O
เลย	O
แม้แต่	O
พี่	O
วิน	O
_	O
#เรื่องมันช่างน่าอาย	O

เป็น	O
ช่วง	O
โปรโมต	O
สอง	O
วัน	O
ติด	O
ที่	O
เห็น	O
น้องๆ	NORM_2WORD
_	O
เหนื่อย	O
แต่	O
ชื่นใจ	O
_	O
ว่า	O
น้อง	O
พยายาม	O
ทุ่มเท	O
ทำ	O
งาน	O
อย่าง	O
หนัก	O
_	O
ชื่นใจ	O
เข้าไป	O
อีก	O
เมื่อ	O
เห็น	O
ผล	O
ตอบรับ	O
ที่	O
น้องๆ	NORM_2WORD
_	O
ได้	O
กลับ	O
มา	O
_	O
มัน	O
ดี	O
อย่าง	O
ที่	O
น้อง	O
ตั้งใจ	O
_	O
คน	O
เริ่ม	O
รู้จัก	O
มาก	O
ขึ้น	O
เรื่อยๆ	NORM_2WORD
_	O
พี่	O
ก็	O
ขอ	O
ให้	O
น้องๆ	NORM_2WORD
_	O
ก้าว	O
เดิน	O
ต่อ	O
ไป	O
บน	O
เส้นทาง	O
สาย	O
นี้	O
อย่าง	O
ตั้งใจ	O
นะ	O
_	O
พี่	O
คอย	O
เชียร์	O
พวก	O
เรา	O
เสมอ	O
_	O
#bnk48	O

ย้อน	O
ดู	O
การแกรด	O
ของ	O
อดีต	O
เมมเบอร์	O
4	O
คน	O
คน	O
ที่	O
เรา	O
รู้สึก	O
เศร้า	O
มาก	O
ที่	O
สุด	O
ก็	O
_	O
#Janchan	O
_	O
เพราะ	O
แจน	O
ทำ	O
ให้	O
เรา	O
รู้จัก	O
_	O
#BNK48	O
_	O
ด้วย	O
โมเม้นท์	O
ต่างๆ	NORM_2WORD
ของ	O
แจน	O
ที่	O
ตก	O
เรา	O
ใน	O
ทัน	O
ที	O
ก็	O
เป็น	O
ตันโอ	O
แจน	O
เลย	O
_	O
เรา	O
ติดตาม	O
แจน	O
ได้	O
ไม่	O
นาน	O
แจน	O
ก็	O
แกรด	O
_	O
ก็	O
ผัน	O
เปน	NORM_1WORD
DD	O
จน	O
โดน	O
ความพยายาม	O
_	O
#KaimookBNK48	O
_	O
ตก	O
_	O
เป็น	O
DD	O
ที่	O
คามิ	O
คุณ	O
ไข่	O
_	O
ก็	O
ไม่	O
ลืม	O
แจน	O
นะ	O
ยัง	O
คง	O
ติดตาม	O
เสมอ	O

หาก	O
มี	O
ผู้ใด	O
มา	O
ลิขิต	O
ทาง	O
เดิน	O
ไว้	O
ให้	O
ข้า	O
ก้าวเดิน	O
ไป	O
ใน	O
ทิศทาง	O
นั้น	O
_	O
มัน	O
ก็	O
ยัง	O
คง	O
จะ	O
ดี	O
กว่า	O
การหลงทาง	O
ใน	O
ทิศทาง	O
ที่	O
ไม่	O
รู้	O
เหนือ	O
ใต้	O
_	O
มิ	O
รู้	O
ว่า	O
ทางออก	O
อยู่	O
ที่	O
ใด	O
_	O
มิ	O
รู้	O
ว่า	O
สอง	O
เท้า	O
นี้	O
จัก	O
ก้าว	O
ไป	O
ที่	O
ไหน	O
_	O
ตัว	O
ข้า	O
ใน	O
ยาม	O
นี้	O
นั้น	O
ก้าว	O
ออก	O
จาก	O
อดีต	O
หรือ	O
ย่ำ	O
อยู่	O
ที่	O
ปัจจุบัน	O
กัน	O
แน่	O
หนา?	O
_	O
ข้า	O
มิ	O
อาจ	O
ทราบ	O
ได้	O
_	O
ด้วย	O
เพราะ	O
ใจ	O
ข้า	O
ยัง	O
ผูกพัน	O
ด้วย	O
รัก	O

#BNK48	O
_	O
ส่วนตัว	O
คิด	O
ว่า	O
_	O
BNK	O
48	O
_	O
คือ	O
วง	O
_	O
crowd-funding	O
_	O
นะ	O
_	O
อยาก	O
ให้	O
วง	O
ไม่	O
เจ๊ง	O
เพื่อ	O
ให้	O
เรา	O
เสพ	O
ต่อ	O
ถึง	O
ได้	O
เปย์	O
ให้	O
_	O
คน	O
ที่	O
มา	O
ชอบ	O
ก็	O
คง	O
มี	O
หลากหลาย	O
เหตุผล	O
_	O
แต่	O
ส่วนตัว	O
คือ	O
ชื่นชม	O
ใน	O
สิ่ง	O
ที่	O
น้องๆ	NORM_2WORD
_	O
ทำ	O
_	O
รู้สึก	O
เหมือน	O
ดู	O
ลูก	O
สาว	O
ไป	O
ออก	O
งาน	O
_	O
รอคอย	O
การเติบโต	O
อยาก	O
ให้	O
โด่งดัง	O
ขึ้น	O
ไป	O
เรื่อยๆ	NORM_2WORD
_	O
นี่	O
คือ	O
สิ่ง	O
ที่	O
นักดนตรี	O
บาง	O
คน	O
คิด	O
ว่า	O
อุบาทว์	O
เหรอ	O

banilaco_th	O
_	O
ออก	O
คอลฯ	NORM_1WORD
ใหม่	O
_	O
เป็น	O
กลุ่ม	O
ต่อต้าน	O
ริ้วรอย	O
_	O
เขา	O
บอก	O
ว่า	O
มี	O
คอลลาเจน	O
มากกว่า	O
ทั่วไป	O
ถึง	O
5	O
เท่า	O
_	O
เนื้อ	O
ผลิตภัณฑ์	O
มี	O
ความเข้มข้น	O
มาก	O
_	O
ตัว	O
ครีม	O
สามารถ	O
ทา	O
ทับ	O
เมคอัพ	O
ได้	O
ไม่	O
เป็น	O
คราบ	O
_	O
คือ	O
ชอบ	O
มากก	NORM_1WORD
_	O
เดี๋ยว	O
จะ	O
ลอง	O
เต็มๆ	NORM_2WORD
แล้ว	O
มา	O
รีวิว	O
อีก	O
ที	O
นึง	NORM_1WORD
นะ	O
_	O
แต่	O
โดย	O
รวม	O
แล้ว	O
ชอบ	O
มากกกกก	NORM_1WORD
_	O
ไร้	O
สาร	O
อันตราย	O
ใดๆ	NORM_2WORD
_	O
#VVcollagen	O
_	O
#BanilaCoThailand	O

พ่อหมอ	O
คะ	O
_	O
!!	O
_	O
น้อง	O
กิ	O
อยาก	O
ให้	O
ม๊า	O
รัก	O
ม๊า	O
หลง	O
_	O
เห็น	O
น้อง	O
กิ	O
เป็น	O
ลูกสะใภ้	O
ที่	O
ดี	O
คน	O
นึง	NORM_1WORD
_	O
กิ	O
ไม่	O
อยาก	O
ให้	O
พี่	O
ท้อ	O
ต้อง	O
ถูก	O
ไล่ออก	O
จาก	O
บ้าน	O
มา	O
ลำบาก	O
กับ	O
กิ	O
_	O
พ่อหมอ	O
ได้ยิน	O
เสียง	O
สะอื้น	O
ก็	O
ใจอ่อน	O
บอก	O
ราคา	O
ค่าครู	O
มา	O
_	O
10	O
_	O
บาท	O
ส่วน	O
ที่เหลือ	O
จ่าย	O
ด้วย	O
อย่าง	O
อื่น	O
นะ	O
_	O
น้อง	O
กิ	O
ดีใจ	O
เลย	O
ให้	O
ตระกร้า	O
ขนม	O
เทสเซอแรค	O
ไป	O
หลาย	O
ห่อ	O
_	O
หวัง	O
ให้	O
พ่อหมอ	O
รีวิว	O
ลง	O
แฟนเพจ	O

อ๋ออ	NORM_1WORD
_	O
แล้ว	O
มัน	O
หักหน้า	O
ตรง	O
ไหน	O
อ่ะ	O
_	O
ก่อน	O
แบม	O
พูด	O
พี่	O
คุณ	O
ก็	O
พูด	O
ไทย	O
ป่าว	NORM_1WORD
อ่ะ	O
_	O
ก็	O
เล่น	O
มุข	O
ภาษา	O
ไทย	O
สมบัติ	O
งั้น	O
งี้	O
_	O
มัน	O
เป็น	O
การแซว	O
มาก	O
กว่า	O
ป่าว	NORM_1WORD
ว่ะ	O
_	O
เหมือน	O
เวลา	O
เรา	O
อยู่	O
กับ	O
เพื่อน	O
อ่ะ	O
_	O
ก็	O
คุย	O
กัน	O
อยู่	O
ดีๆ	NORM_2WORD
_	O
มัน	O
ดัน	O
พูด	O
สำเนียง	O
ใต้	O
ใส่	O
เรา	O
ก็	O
พูด	O
กับ	O
เพื่อน	O
เหมือน	O
แบม	O
เลย	O
นะ	O
_	O
อยู่	O
ดีๆ	NORM_2WORD
ก็	O
พูด	O
ใต้	O
ใส่	O
กุ	NORM_1WORD
ซะ	NORM_1WORD
งั้น	O
แล้ว	O
มัน	O
ขำๆ	O
น่ารักๆ	O
ดี	O
ป่ะ	O
คิด	O
เยอะ	O
อ่ะ	O

Laughter	O
in	O
the	O
dark	O
_	O
เต็มอิ่ม	O
มาก	O
_	O
ถึง	O
จะ	O
ไม่	O
ได้	O
ฟัง	O
เพลง	O
ที่	O
อยาก	O
ฟัง	O
บาง	O
เพลง	O
_	O
เพราะ	O
ชอบ	O
หลาย	O
เพลง	O
เกิน	O
_	O
ชอบ	O
หัวข้อ	O
ที่	O
คุย	O
กัน	O
ใน	O
ช่วง	O
_	O
vtr	O
_	O
มาก	O
_	O
ถึง	O
มุก	O
จะ	O
แปลกๆ	NORM_2WORD
_	O
แต่	O
ได้	O
เห็น	O
อุทาดะ	O
ท	NORM_1WORD
อะไร	O
แบบ	O
นี้	O
ก็	O
ตลก	O
ดี	O
_	O
หลาย	O
เพลง	O
จำ	O
ไม่	O
ได้	O
ว่า	O
เศร้า	O
ขนาด	O
นี้	O
_	O
ช่วง	O
_	O
mc	O
_	O
ซึ้ง	O
ดี	O
_	O
ถึง	O
จะ	O
เรียบๆ	O
_	O
ชอบ	O
การขอบคุณ	O
ผู้คน	O
ของ	O
อุทาดะ	O
มาก	O
_	O
ดู	O
น่ารัก	O
และ	O
จริงใจ	O

นึก	O
ว่า	O
เดือน	O
นี้	O
จะ	O
โดน	O
แค่	O
ค่า	O
นิตยสาร	O
ของ	O
เฮีย	O
กับ	O
คุณ	O
อิศ	O
_	O
(	O
ซึ่ง	O
ก็	O
หลาย	O
ร้อย	O
แล้ว	O
)	O
_	O
และ	O
เล่ม	O
ที่	O
มี	O
เปี่ยม	O
_	O
(	O
รวม	O
ก็	O
เกือบ	O
พัน	O
---	O
ยัง	O
ไม่	O
ได้	O
ซื้อ	O
)	O
_	O
นี่	O
เจอ	O
อัน	O
นี้	O
อีก	O
_	O
3	O
_	O
สาว	O
_	O
#BNK48	O
_	O
ขึ้น	O
ปก	O
เลย	O
นะ	O
_	O
!!	O
_	O
คือ	O
ก็	O
ชอบ	O
ทั้ง	O
_	O
3	O
_	O
คน	O
เลย	O
อ่ะ	O
_	O
แต่	O
ก็	O
ยัง	O
ลังเล	O
เพราะ	O
งบ	O
หมด	O
แล้ว	O
_	O
ฮือออ	NORM_1WORD
_	O
/	O
แต่	O
ถ้า	O
ใน	O
เล่ม	O
มี	O
เปี่ยม	O
ด้วย	O
นี่	O
_	O
จะ	O
ซื้อ	O
แบบ	O
ไม่	O
คิด	O
เลย	O
ค่ะ	O
_	O
พรากก	NORM_1WORD

เดี๋ยว	O
อว.	O
คาสิโน	O
จะ	O
รีวิว	O
พี่	O
วิล	O
ให้	O
นะ	O
คะ	O
_	O
แค่	O
พี่	O
วิล	O
นะ	O
เพราะ	O
กด	O
ได้	O
แต่	O
พี่	O
วิล	O
_	O
เอลเฟน	O
ไม่	O
ออก	O
อ่ะ	NORM_1WORD
.......	O
ไม่	O
เอา	O
ไม่	O
เส้า	NORM_1WORD
สิ	O
_	O
เอาเป็นว่า	O
เดี๋ยว	O
ถึง	O
วัน	O
นั้น	O
ถ้า	O
นาง	O
ยัง	O
สิง	O
อยู่	O
ใน	O
กลุ่ม	O
จะ	O
รีบ	O
เอา	O
รีวิว	O
พี่	O
วิล	O
สอง	O
ร่าง	O
ของ	O
หนู	O
ไป	O
แปะ	O
ตัด	O
หน้า	O
ค่ะ	O
_	O
รีวิว	O
จาก	O
ผู้ใช้	O
จริง	O
จน	O
นิ้ว	O
เปื่อย	O
ยังไง	O
ก็	O
ดี	O
กว่า	O
รีวิว	O
จาก	O
คน	O
ใช้	O
วิกิพีเดีย	O
(	O
โลก	O
)	O
ส่วนตัว	O

ขอ	O
แยก	O
ประเด็น	O
หน่อย	O
_	O
(	O
เสพ	O
ข่าว	O
อย่าง	O
มี	O
สติ	O
)	O
_	O
1	O
_	O
มุมมอง	O
_	O
สำหรับ	O
_	O
โอตะ	O
_	O
VIP	O
_	O
1	O
.	O
เลย	O
โครต	NORM_1WORD
ห่วง	O
ความรู้สึก	O
ปัญ	O
เลย	O
_	O
ทั้ง	O
ต้อง	O
กดดัน	O
ใน	O
ซิง	O
นี้	O
_	O
ไหน	O
จะ	O
เซ็นเตอร์	O
_	O
ไหน	O
จะ	O
เลือกตั้ง	O
อีก	O
_	O
ดู	O
สิ่ง	O
ที่	O
พวก	O
คุณ	O
ทำ	O
สิ	O
_	O
จะ	O
เท	O
เลือกตั้ง	O
_	O
จะ	O
เท	O
บัตร	O
_	O
จะ	O
เฮน	O
_	O
นึก	O
ถึง	O
ใจ	O
เมมเบอร์	O
ด้วย	O
เว้ย	O
_	O
นี้	O
_	O
เรา	O
ไม่	O
โทษ	O
ที่	O
คุณ	O
เลือก	O
ที่	O
จะ	O
เฮน	O
จะ	O
เท	O
_	O
ต่อ	O
_	O
#BNK48	O
_	O
#	O
โอตะ	O
vip	O

10	O
_	O
จาก	O
รีวิว	O
ข้าง	O
ต้น	O
_	O
เรา	O
ไม่	O
ได้	O
บอก	O
ให้	O
ทำ	O
ตาม	O
นะ	O
_	O
เพราะ	O
ที่	O
เรา	O
ทำ	O
มัน	O
ก็	O
ไม่	O
ดี	O
_	O
ขี้เกียจ	O
มาก	O
ไป	O
ด้วย	O
ซ้ำ	O
55	O
_	O
แต่	O
ก็	O
อยาก	O
บอก	O
น้องๆ	NORM_2WORD
_	O
#dek63	O
_	O
ที่	O
เข้า	O
มา	O
อ่าน	O
ว่า	O
อย่า	O
ไป	O
เครียด	O
_	O
อย่า	O
กดดัน	O
ตัวเอง	O
มาก	O
_	O
พี่ๆ	NORM_2WORD
หลาย	O
คน	O
บอก	O
ว่า	O
รีบ	O
อ่าน	O
_	O
เดี๋ยว	O
จะ	O
อ่าน	O
ไม่	O
ทัน	O
_	O
แต่	O
เรา	O
ว่า	O
ถ้า	O
เรา	O
ยัง	O
ไม่	O
พร้อม	O
ก็	O
_	O
take	O
_	O
it	O
_	O
slow	O
_	O
ครับ	O
ผม	O
_	O
แต่	O
ต้อง	O
_	O
be	O
_	O
honest	O
_	O
ด้วย	O
นะ	O

นี่	O
คือ	O
หนังสือชีท	NORM_1WORD
ทั้งหมด	O
ที่	O
ผม	O
อ่าน	O
นะ	O
ครับ	O
_	O
ที่	O
จริง	O
จะ	O
มี	O
เล่มเต่าทองสีน้ำเงิน	O
ของ	O
พี่	O
tent	O
_	O
แล้ว	O
ก็	O
หนังสือชีววิทยาสสวท.	O
อีก	O
5	O
เล่ม	O
ด้วย	O
ครับ	O
_	O
ส่วน	O
text	O
ผม	O
จะ	O
อ่าน	O
ของ	O
campbell	O
เพิ่มเติม	O
_	O
ส่วน	O
สรุป	O
ผม	O
ได้	O
ไฟล์	O
มา	O
จาก	O
พี่ๆ	NORM_2WORD
ที่	O
ติด	O
ค่าย	O
2	O
_	O
และ	O
TBO	O
มา	O
ด้วย	O
ครับ	O
_	O
ใคร	O
อยาก	O
ได้	O
ทัก	O
มา	O
ได้	O
เลย	O
นะ	O
ครับ	O
_	O
จะ	O
รีวิว	O
แยก	O
เป็น	O
เล่ม	O
ให้	O
นะ	O
ครับ	O
_	O
#สอวน	O

ศลป	NORM_1WORD
เป็น	O
ไง	NORM_1WORD
_	O
ก็	O
จะ	O
ได้	O
ฟค.	NORM_1WORD
หัวใจ	O
คล้ายๆ	NORM_2WORD
กัน	O
มา	O
..	O
โมบาย	O
บุคลิก	O
สดใส	O
ดึงดูด	O
พลังงาน	O
บวก	O
_	O
ก็	O
จะ	O
มี	O
ฟค.	NORM_1WORD
ที่	O
มี	O
ค.คิด	NORM_1WORD
สร้างสรรค์	O
ทำ	O
อะไร	O
สนุกๆ	NORM_2WORD
ใน	O
แบบ	O
ตัวตน	O
น้อง	O
เช่น	O
บัวบาน	O
_	O
และ	O
เท่าที่	O
เห็น	O
เปน	NORM_1WORD
ด้อม	O
ที่	O
แฟน	O
ซอง	O
เยอะ	O
มาก	O
หลาย	O
แนว	O
มี	O
สายร้อค	NORM_1WORD
เยอะ	O
สุดๆ	NORM_2WORD
_	O
ถ้า	O
ใจ	O
คุณ	O
ไม่	O
คลิ้ก	NORM_1WORD
ตรง	O
กับ	O
ตัวตน	O
โมบาย	O
_	O
ก็	O
คง	O
ไม่	O
รวมตัว	O
ได้	O
บังเอิญ	O
ขนาด	O
นี้	O
_	O
#	O
Mobilebnk48	O
_	O
#	O
bnk48	O

แต่	O
ละ	O
ครั้ง	O
ที่	O
มี	O
ใคร	O
มา	O
ด่า	O
ลูก	O
เรา	O
_	O
ลูก	O
เรา	O
ยิ่ง	O
แต่	O
จะ	O
ได้	O
รับ	O
ความสนใจ	O
มาก	O
ขึ้น	O
_	O
มี	O
ชื่อเสียง	O
_	O
มี	O
งาน	O
_	O
มี	O
คน	O
รัก	O
มาก	O
ขึ้น	O
_	O
ชีวิต	O
ลูก	O
ดี	O
ขึ้น	O
_	O
อดทน	O
_	O
อย่า	O
ไป	O
สนใจ	O
มัน	O
นะ	O
ลูก	O
_	O
เขา	O
คง	O
แค่	O
อิจฉา	O
หรือ	O
ขาด	O
โอกาส	O
ที่	O
จะ	O
มี	O
ชีวิต	O
ที่	O
ดี	O
แบบ	O
ลูก	O
_	O
ส่วน	O
พวก	O
ที่	O
ว่า	O
ลูก	O
เรา	O
โง่	O
_	O
ศึกษา	O
ข้อมูล	O
มา	O
ให้	O
ดี	O
ก่อน	O
ค่อย	O
มา	O
ว่า	O
_	O
หน้าแตก	O
แล้ว	O
ดู	O
โง่	O
กว่า	O
_	O
#RespectBamBam	O

คน	O
ไทย	O
ก็	O
ย้อนแย้ง	O
นะ	O
_	O
พอ	O
ใน	O
วง	O
มี	O
คน	O
หน้าตา	O
ดี	O
ก็	O
บอก	O
ว่า	O
ดู	O
เข้าถึง	O
ไม่	O
ได้	O
_	O
ไม่	O
เห็น	O
จะ	O
เหมือน	O
สไตล์	O
48	O
_	O
แต่	O
ก็	O
ยัง	O
มี	O
คน	O
ชอบ	O
ด่า	O
ว่า	O
_	O
หน้าตา	O
งั้นๆ	O
บ้านๆ	O
_	O
หน้าตา	O
แบบ	O
นี้	O
มา	O
เป็น	O
ไอดอล	O
ได้	O
ไง	NORM_1WORD
_	O
พอ	O
ใส่	O
กระโปรง	O
สั้น	O
_	O
มี	O
งาน	O
จับ	O
มือ	O
ก็	O
โดน	O
ด่า	O
ว่า	O
เป็น	O
sexual	O
_	O
object	O
_	O
พอ	O
น้อง	O
แต่งตัว	O
เรียบร้อย	O
_	O
วางตัว	O
ดี	O
ก็	O
โดน	O
หา	O
ว่า	O
ตั้ง	O
ค่านิยม	O
เหยียด	O
ผญ	NORM_1WORD
....	O
_	O
#BNK48	O

สภาพ	O
สะสม	O
#ขายของสะสม	O
_	O
#นิยาย	O
_	O
#	O
แจ่มใส	O
_	O
#นิยาย	O
แจ่มใส	O
มือสอง	O
_	O
#jamsai	O
_	O
#หนังสือมือสอง	O
_	O
#หนังสือ	O
_	O
#ขายฟิค	O
_	O
#ฟิคมือสอง	O
_	O
#หนังสือมือสองสภาพดี	O
_	O
#หนังสือมือสองราคาถูก	O
_	O
#หนังสือดีบอกต่อ	O
_	O
#หนังสือน่าอ่าน	O
_	O
#หนังสือเตรียมสอบมือสอง	O
_	O
#ราคาถูก	O
_	O
#ตลาดนัดรวมด้อม	O
_	O
#นิยายมือสองสภาพดี	O
_	O
#หนังสือนิยาย	O
_	O
#ตามหา	O
_	O
#ตลาดฟิค	O

รัก	O
ถึงทางตัน	O
!	O
_	O
ช็อก	O
วงการ	O
_	O
#SongCouple	O
_	O
#ซงจุงกิ	O
_	O
#ซงฮเยคโย	O
_	O
#songjoongki	O
_	O
#songhyokyo	O
_	O
ใคร	O
จะ	O
คิด	O
ว่า	O
คู่รัก	O
สุด	O
ฮอต	O
ที่	O
เพิ่ง	O
จูง	O
มือ	O
เข้า	O
สู่	O
ประตู	O
วิวาห์	O
เมื่อ	O
_	O
31	O
_	O
ตุลาคม	O
_	O
ปี	O
_	O
2017	O
_	O
จะ	O
ออก	O
มา	O
เผย	O
ว่า	O
กำลัง	O
อยู่	O
ใน	O
ขั้นตอน	O
ยื่น	O
คำร้อง	O
หย่า	O
_	O
โดย	O
ซงจุงกิ	O
ได้	O
ขอโทษ	O
แฟนๆ	NORM_2WORD
_	O
ผ่าน	O
ตัวแทน	O
ถึง	O
การตัดสินใจ	O
ครั้ง	O
นี้	O
_	O
#okmagazinethailand	O

มา	O
รีวิว	O
เฮด	O
น่ารักๆ	NORM_2WORD
ของ	O
ร้าน	O
พี่	O
แพนเตอร์	O
_	O
ลาย	O
เส้น	O
นี้	O
ความน่ารัก	O
แบบ	O
เกิน	O
คำ	O
บรรยาย	O
_	O
ใคร	O
สนใจ	O
ขอ	O
แนะนำ	O
ให้	O
เฝ้า	O
รอ	O
จังหวะ	O
อย่าง	O
มุ่นมั่น	O
และ	O
ตั้งใจ	O
_	O
เพราะ	O
หนึ่ง	O
วินาที	O
อาจ	O
ช้า	O
ไป	O
_	O
งาน	O
ดี	O
จริง	O
_	O
ชอบ	O
มากๆ	NORM_2WORD
มี	O
หลาย	O
ลาย	O
เส้น	O
ให้	O
เลือกสรร	O
_	O
และ	O
คือ	O
น่ารัก	O
ทุก	O
แบบ	O
เลย	O
_	O
คุณค่า	O
ที่	O
คุณ	O
คู่ควร	O
_	O
ขอบคุณ	O
ที่	O
ตั้งใจ	O
และ	O
ใส่ใจ	O
นะ	O
คะ	O
_	O
#พี่	O
แพนเตอร์	O
ค่ดคูล	O

ประกาศ	O
วันนี้	O
_	O
ทำให้	O
รู้	O
ว่า	O
เป็น	O
ติ่ง	O
_	O
บอค	O
_	O
ก็	O
เหมือน	O
เป็น	O
_	O
ผปค	NORM_1WORD
_	O
รร	NORM_1WORD
_	O
ของ	O
ลูก	O
มี	O
กิจกรรม	O
อะไร	O
_	O
ก็	O
ต้อง	O
เข้า	O
ร่วม	O
ไม่	O
ให้	O
ขาดตกบกพร่อง	O
_	O
เพื่อ	O
สนับสนุน	O
ลูก	O
_	O
ผลงาน	O
ลูก	O
จะ	O
ได้	O
เข้าตา	O
_	O
ผอ	NORM_1WORD
_	O
รอง	O
_	O
ผอ	NORM_1WORD
_	O
และ	O
คุณครู	O
_	O
ลูก	O
จะ	O
ได้	O
มา	O
ยืน	O
แถว	O
หน้า	O
ตอน	O
ร้อง	O
เพลงชาติ	O
หน้า	O
เสาธง	O
_	O
คน	O
เป็น	O
พ่อแม่	O
ก็	O
ปลื้มใจ	O
_	O
จ้า	NORM_1WORD
_	O
ได้	O
จ้า	NORM_1WORD
..	O
เพื่อ	O
ลูกหมี	O
_	O
#NamneungBNK48	O
_	O
#BNK48	O

มี	O
แต่	O
คน	O
รีวิว	O
ผับ	O
NB2	O
_	O
นี่	O
ก็	O
เลย	O
ไป	O
บ้าง	O
_	O
เข้า	O
ไป	O
ปุ๊บ	O
_	O
ชั้น	O
2	O
อืม	O
คน	O
เยอะ	O
จัง	O
ว่ะ	O
_	O
ไหน	O
ลง	O
ไป	O
ข้าง	O
ล่าง	O
ดิ	NORM_1WORD
_	O
คน	O
โครต	NORM_1WORD
แน่น	O
_	O
แต่	O
ฮา	O
สุด	O
ไร	NORM_1WORD
รู้	O
ป่ะ	NORM_1WORD
จะ	O
มี	O
พวก	O
นักเต้น	O
ที่	O
มัน	O
ใส่	O
หมวกตกปลา	O
มา	O
เต้น	O
เว้ย	O
_	O
เต้น	O
เกือบ	O
ตก	O
เวที	O
_	O
เรา	O
กะ	NORM_1WORD
เพื่อน	O
ยืน	O
ขำ	O
หนัก	O
มาก	O
_	O
คือ	O
มันส์	NORM_1WORD
อะไร	O
เบอร์	O
นั้น	O
_	O
มัน	O
เป็น	O
เพลง	O
แนว	O
EDM	O
_	O
นี่	O
รอ	O
เพลง	O
ฮิปฮอป	O
ถึง	O
เต้น	O
ได้	O
_	O
(	O
ต่อ	O
_	O
#รีวิว	O
ผับ	O
เกาหลี	O

แอค	NORM_1WORD
นี้	O
ถูก	O
สร้าง	O
ขึ้น	O
เพื่อ	O
ทำ	O
โปรเจค	NORM_1WORD
วันเกิด	O
ให้	O
คุณ	O
ปาร์ค	O
_	O
และ	O
ได้	O
บล็อค	NORM_1WORD
ดู	O
มัน	O
ดิ	NORM_1WORD
_	O
6	O
คน	O
_	O
รวม	O
ถึง	O
พี่	O
อ็อฟ	O
_	O
โกอะเกน	O
_	O
และ	O
แอดมิน	O
อีก	O
คน	O
ไว้	O
แล้ว	O
_	O
(	O
ใคร	O
มี	O
เบาะแส	O
แอค	NORM_1WORD
ส่วนตัว	O
K	O
วิว	O
K	O
จิม	O
โปรด	O
แจ้ง	O
)	O
_	O
สิ่ง	O
ที่	O
แอค	NORM_1WORD
นี้	O
กำลัง	O
จะ	O
ทำ	O
ต่อ	O
ไป	O
_	O
และ	O
ตอน	O
นี้	O
_	O
ใคร	O
แคป	O
ไป	O
โดย	O
ไม่	O
ขอ	O
อนุญาติ	NORM_1WORD
ก่อน	O
_	O
อัน	O
เป็นเหตุให้	O
โป๊ะแตก	O
_	O
จะ	O
ถูก	O
สาปแช่ง	O
!	O
_	O
เป็น	O
คน	O
โหดๆ	O
_	O
รั๊กส์	NORM_1WORD

ขอ	O
สอบถาม	O
เพื่อนๆ	O
ที่	O
กิน	O
อาหารเสริม	O
อยู่	O
ค่ะ	O
_	O
ใคร	O
ที่	O
กิน	O
อาหารเสริม	O
จำพวก	O
บำรุง	O
ผิว	O
_	O
หน้า	O
ใส	O
_	O
เช่น	O
_	O
น้ำมันพริมโรส	O
_	O
เชอร์รี่	NORM_1WORD
_	O
วิตามินซี	O
_	O
แล้ว	O
ได้	O
รับ	O
ผลข้างเคียง	O
จาก	O
ยา	O
เหล่า	O
นี้	O
บ้าง	O
มั้ย	NORM_1WORD
คะ	O
_	O
พอดี	O
เรา	O
กิน	O
พวก	O
นี้	O
อยู่แล้ว	O
หมอ	O
ที่	O
คลินิก	O
ทัก	O
ว่า	O
อย่า	O
กิน	O
เยอะ	O
โดยเฉพาะ	O
น้ำมันพริมโรส	O
เพราะ	O
มี	O
คน	O
เป็น	O
ซีสต์	O
_	O
#howtopefect	O
_	O
#ฉันจะสวย	O

ส่วน	O
ไอ้ที่	O
แตก	O
ออก	O
มา	O
อีก	O
หน่อ	O
คือ	O
นิยายสืบสวน	O
_	O
อัน	O
นี้	O
จำ	O
ไม่	O
ได้	O
จริงๆ	NORM_2WORD
ว่า	O
ราก	O
มัน	O
มา	O
ยังไง	O
_	O
ทำไม	O
ถึง	O
ชอบ	O
อ่าน	O
_	O
คนในบ้าน	O
ไม่	O
มึ	O
ใคร	O
อ่าน	O
_	O
แล้ว	O
มัน	O
มา	O
จาก	O
ไหน	O
_	O
ติด	O
มา	O
จาก	O
ใคร	O
_	O
ความทรงจำ	O
ส่วน	O
นี้	O
คือ	O
ว่างเปล่า	O
มากๆ	NORM_2WORD
_	O
เหมือน	O
มัน	O
งอก	O
ออก	O
มา	O
จาก	O
out	O
_	O
of	O
_	O
nowhere	O
_	O
รู้ตัว	O
อีก	O
ที	O
คือ	O
มี	O
นิยายสืบสวน	O
เต็ม	O
บ้าน	O
ไป	O
หมด	O
_	O
งอก	O
แล้ว	O
งอก	O
อีก	O
อย่าง	O
น่าอัศจรรย์	O

มา	O
คิดๆ	O
ดู	O
พี่	O
ยูอิจิ	O
อยู่	O
แต่	O
โรงบาล	NORM_1WORD
_	O
ต้อง	O
นั่ง	O
อยู่	O
ที่	O
เตียง	O
เดิมๆ	O
_	O
ห้อง	O
เดิมๆ	O
_	O
ชีวิต	O
ลูป	O
เดิมๆ	O
_	O
จะ	O
เดิน	O
ไป	O
ไหน	O
ก็	O
ไม่	O
ได้	O
_	O
มัน	O
ดู	O
เหงาๆ	O
เนาะ	NORM_1WORD
_	O
ตั้ง	O
5	O
ปี	O
อ่ะ	NORM_1WORD
_	O
อย่าง	O
น้อง	O
ยูกะ	O
คือ	O
น้อง	O
หลับ	O
ไป	O
ไม่	O
ได้	O
รู้สึก	O
อะไร	O
_	O
แต่	O
พี่	O
ยู	O
คือ	O
ไป	O
ไหน	O
ไม่	O
ได้	O
_	O
จะ	O
วิ่งเล่น	O
แบบ	O
ไทโย	O
ก็	O
ไม่	O
ได้	O
_	O
แง	O
_	O
แค่	O
คิด	O
ก็	O
อยาก	O
ดูแล	O
ใกล้ๆ	NORM_2WORD
ตลอด	O
แล้ว	O
อ่ะ	NORM_1WORD
_	O
อยาก	O
ให้	O
ยิ้ม	O
สดใส	O
ทุกๆ	O
วัน	O

Vanilla	O
_	O
มี	O
ม้า	O
แอบแฝง	O
นะ	O
_	O
เยอะ	O
ด้วย	O
_	O
สังเกต	O
คือ	O
เข้า	O
ไป	O
ดู	O
ประวัติ	O
การรีวิว	O
_	O
หลายๆ	NORM_2WORD
ID	O
_	O
จะ	O
มี	O
สินค้า	O
สปอนเซอร์	O
ยี่ห้อ	O
เหมือนๆ	NORM_2WORD
กัน	O
_	O
แต่	O
รีวิว	O
ได้	O
เนียน	O
สุด	O
_	O
เนียน	O
เหมือน	O
เป็น	O
_	O
user	O
_	O
ทั่วไป	O
_	O
หลังๆ	NORM_2WORD
เลย	O
ไม่	O
ค่อย	O
เชื่อ	O
แล้ว	O
ค่ะ	O
_	O
ไม่	O
งั้น	O
ก่อน	O
เชื่อ	O
ก็	O
ขอ	O
กรอง	O
พวก	O
ความเห็น	O
อวยๆ	NORM_2WORD
ไว้	O
ก่อน	O
_	O
คิดถึง	O
ยุค	O
_	O
pantip	O
_	O
โต๊ะ	O
เครื่อง	O
แป้ง	O
_	O
bloggang	O
_	O
มากๆ	NORM_2WORD
ค่ะ	O

#วันแรกที่รัก	O
อร	O
_	O
ตอน	O
แรก	O
ก็	O
ไป	O
เข้าใจ	O
หรอก	O
ว่า	O
ทำไม	O
คน	O
ถึง	O
ชอบ	O
_	O
บอค.	O
_	O
แต่	O
พอ	O
เริ่ม	O
ดู	O
คลิป	O
_	O
เริ่ม	O
ติดตาม	O
_	O
และ	O
โดน	O
แม่	O
อร	O
ตก	O
มา	O
เรื่อยๆ	NORM_2WORD
_	O
เข้าใจ	O
แล้ว	O
อ่ะ	NORM_1WORD
ยอมรับ	O
ว่า	O
เพิ่ง	O
มา	O
ชอบ	O
จริงจัง	O
เมื่อ	O
ตอน	O
24	O
_	O
ก.พ.	O
_	O
61	O
_	O
เสียใจ	O
มาก	O
_	O
เสียใจ	O
ที่	O
ทำไม	O
ไม่	O
ติดตาม	O
_	O
#OrnBNK48	O
_	O
#BNK48	O
_	O
ตั้ง	O
นาน	O
แต่	O
สิ่ง	O
นึง	NORM_1WORD
ที่	O
ไม่	O
เคย	O
เสียใจ	O
เลย	O
คือ	O
_	O
ไม่	O
เคย	O
เสียใจ	O
ที่	O
'	O
รัก	O
อร	O
'	O

หนทาง	O
ประชาธิปไตย	O
เป็น	O
หนทาง	O
แห่ง	O
ความอดทน	O
เรา	O
จะ	O
ต้อง	O
ทำ	O
ให้	O
พวก	O
ที่	O
มอง	O
ไม่	O
เห็น	O
หัว	O
ประชาชน	O
ได้	O
บทเรียน	O
เขา	O
จะ	O
รู้	O
ว่า	O
เกม	O
นี้	O
ยัง	O
มี	O
ต่อ	O
พวก	O
เรา	O
ต้อง	O
รวม	O
ตัว	O
กัน	O
เพื่อ	O
_	O
ปฏิบัติการ	O
End	O
_	O
game	O
_	O
ดีด	O
นิ้ว	O
ส่ง	O
ลุง	O
และ	O
พวก	O
สนับสนุน	O
เผด็จการ	O
ให้	O
สูญพันธ์	O
_	O
เรา	O
จะ	O
สู้	O
ต่อไป	O
ด้วย	O
กัน	O
เพื่อ	O
_	O
การรัฐประหาร	O
ไม่	O
มี	O
อีก	O
แล้ว	O
ใน	O
ประเทศ	O
ไทย	O
_	O
#รัก	O
ประธิปไตย	O

เอ่อ	O
_	O
ก็	O
ได้	O
ค่ะ	O
จะ	O
ตอบ	O
แบบ	O
รวบรัด	O
_	O
1)	O
Agust	O
D	O
_	O
แต่	O
ตัว	O
แซด	O
เท่	O
ดี	O
เลย	O
เปลี่ยน	O
เป็น	O
AGUZD	O
_	O
2)	O
เขียน	O
จริงจัง	O
แบบ	O
ลง	O
ให้	O
อ่าน	O
คือ	O
อายุ	O
15	O
_	O
3)	O
เกี่ยวกับ	O
เด็ก	O
ผู้หญิง	O
ที่	O
เย็นชา	O
คน	O
นึง	NORM_1WORD
กับ	O
พี่ชาย	O
เพื่อน	O
(	O
ลืม	O
)	O
_	O
4)	O
แรก	O
ก็	O
ฆ่า	O
เลา	NORM_1WORD
หลังๆ	NORM_2WORD
เพราะ	O
ติดใจ	O
_	O
5)	O
เอ่อ	O
_	O
นับ	O
เรื่องสั้น	O
ไหม	O
_	O
ถ้า	O
นับ	O
ก็	O
ราวๆ	NORM_2WORD
70	O
เรื่อง	O
หรือ	O
มาก	O
กว่า	O
_	O
6)	O
เยอะ	O
ทากๆ	NORM_1WORD
แต่	O
ชอบ	O
พวก	O
เวิร์ส	O
_	O
7)	O
ผี	O

เดา	O
เล่น	O
กะ	NORM_1WORD
เพื่อนๆ	O
_	O
พี่	O
วิน	O
-	O
หวัง	O
คือ	O
ฝาแฝด	O
_	O
พ่อแม่	O
เช่า	O
บ้าน	O
อยู่	O
ที่	O
นี่	O
แล้ว	O
อาจ	O
มี	O
เรื่อง	O
ต้อง	O
แยก	O
ทาง	O
กัน	O
พ่อ	O
กลับ	O
ฮก	O
แม่	O
ไม่	O
ไป	O
(	O
หรือ	O
แม่	O
ไป	O
ฮก	O
ด้วย	O
แต่	O
พอ	O
เลิก	O
กัน	O
แม่	O
กลับ	O
ไทย	O
)	O
แบ่ง	O
ลูก	O
ฝ่าย	O
ละ	O
1	O
_	O
พ่อ	O
บอก	O
หวัง	O
แม่	O
ไม่	O
รัก	O
เลย	O
ทิ้ง	O
/	O
แม่	O
บอก	O
วิน	O
พ่อ	O
ตาย	O
นาน	O
แล้ว	O
_	O
แม่	O
เช่า	O
บ้าน	O
เสี่ย	O
ต่อ	O
มา	O
_	O
#	O
อุบัติรักข้ามขอบฟ้า	O
EP8	O
_	O
#KristPerawat	O
_	O
kristtps	O

จริงๆ	O
ที่	O
บ่น	O
ไป	O
ทั้งหมด	O
ทั้งมวล	O
สรุป	O
เรา	O
ก็	O
เอนจอย	NORM_1WORD
กับ	O
งาน	O
_	O
SCBXWTF	O
_	O
วันนี้	O
นะ	O
_	O
รวมถึง	O
การดู	O
โชว์	O
_	O
#BNK48	O
_	O
แบบ	O
สด	O
ครั้ง	O
แรก	O
_	O
แต่	O
สิ่ง	O
ที่	O
ไม่	O
ค่อย	O
สบายใจ	O
คือ	O
การที่	O
แฟน	O
เรา	O
ไม่	O
ค่อย	O
จอย	O
กับ	O
งาน	O
เท่าไหร่	NORM_1WORD
_	O
ที่	O
มา	O
ด้วย	O
แค่	O
ไม่	O
อยาก	O
ให้	O
มา	O
คน	O
เดียว	O
_	O
ถ้า	O
เรา	O
มี	O
ความสุข	O
_	O
เค้า	NORM_1WORD
ก็	O
จะ	O
มี	O
ความสุข	O
ด้วย	O
_	O
เป็น	O
โมเม้น	NORM_1WORD
ที่	O
น่ารัก	O
พอๆ	O
กับ	O
กระอักกระอ่วน	O
ใจ	O
แหะ	O

อีผี	O
!!!!	O
_	O
มึงงงงง	NORM_1WORD
อร่อย	O
โคตร	O
พึ่ง	O
เคย	O
กิน	O
อ่ะ	NORM_1WORD
_	O
ปกติ	O
คิด	O
ว่า	O
มัน	O
ม่วง	O
มัน	O
จะ	O
เอา	O
มา	O
ทำ	O
เป็น	O
เครื่องดื่ม	O
ได้	O
ไง	O
วะ	O
อย่าง	O
มาก	O
ก็	O
ใส่	O
สี	O
ให้	O
มัน	O
ม่วงๆ	NORM_2WORD
งี้	O
แต่	O
ชื้อ	O
มา	O
ชิม	O
_	O
นี่	O
ไม่	O
ใช่	O
เลย	O
จ้า	NORM_1WORD
_	O
มี	O
ความดูด	O
ไป	O
สัมผัส	O
ได้	O
ถึง	O
ชิ้น	O
มัน	O
เล็กๆๆๆๆๆ	NORM_2WORD
_	O
หอม	O
ด้วย	O
แบบ	O
กลิ่น	O
มัน	O
เลย	O
อ่ะ	NORM_1WORD
_	O
ไม่	O
หวาน	O
มาก	O
_	O
อร่อย	O
_	O
กู	O
จะ	O
กิน	O
จนกว่า	O
กว่า	O
มัน	O
จะ	O
เลิก	O
ขาย	O
_	O
#รีวิว	O
_	O
#familymart	O

ถาม	O
ตัวเอง	O
อยู่	O
บ่อยๆ	NORM_2WORD
ว่า	O
เรา	O
เกิด	O
มา	O
ทำไม	O
_	O
เกิด	O
แล้ว	O
ก็	O
ตาย	O
_	O
เกิด	O
มา	O
ก็	O
เป็น	O
ทุกข์	O
_	O
บางที	O
ก็	O
ไป	O
สร้าง	O
ทุกข์	O
ให้	O
คน	O
อื่น	O
เขา	O
อีก	O
_	O
เรา	O
อยาก	O
ได้	O
ความสุข	O
แบบ	O
ไหน	O
_	O
รู้	O
ว่า	O
ตัด	O
_	O
รัก	O
_	O
โลภ	O
_	O
โกรธ	O
_	O
หลง	O
_	O
ยัง	O
ไม่	O
หมด	O
_	O
กิเลส	O
ยัง	O
มี	O
ตอน	O
นี้	O
พยายาม	O
ลด	O
อยู่	O
_	O
เท่า	O
ที่	O
ทำได้	O
_	O
..	O
ภาวนา	O
ว่า	O
_	O
ขอ	O
ให้	O
พบ	O
แต่	O
คน	O
ดี	O
เข้า	O
มา	O
ใน	O
ชีวิต	O
_	O
ขอ	O
ให้	O
มี	O
ความสุข	O
_	O
วัน	O
ที่	O
มี	O
ทุกข์	O
ขอ	O
ให้	O
ใจ	O

ปกติ	O
เก็บ	O
_	O
goods	O
_	O
อะไร	O
ก็	O
จะ	O
เก็บ	O
แจน	O
ด้วย	O
_	O
1	O
_	O
ea	O
_	O
เสมอ	O
_	O
เพราะ	O
คิด	O
ว่า	O
อยาก	O
เก็บ	O
ให้	O
ครบ	O
คู่	O
_	O
#	O
แจนแก้ว	O
_	O
แต่	O
รูป	O
ซิง	NORM_1WORD
_	O
2	O
_	O
นี้	O
คง	O
ต้อง	O
เก็บ	O
หมด	O
สิ	O
นะ	O
_	O
#JanBNK48	O
_	O
/	O
/	O
ไม่	O
ขาย	O
เด้อ	O
_	O
ยินดี	O
ด้วย	O
จริงๆ	NORM_2WORD
นะ	O
คะ	O
เชเช่	O
_	O
เรา	O
รู้	O
ว่า	O
เช่	O
จะ	O
ยัง	O
อยู่	O
กับ	O
แฟนๆ	NORM_2WORD
ตรง	O
นี้	O
เสมอ	O
_	O
สู้ๆ	NORM_2WORD
นะ	O
คะ	O
_	O
จะ	O
ติดตาม	O
ผลงาน	O
ของ	O
แจน	O
ไป	O
เรื่อยๆ	NORM_2WORD
น้า	NORM_1WORD
_	O
แม้	O
จะ	O
ไม่	O
มี	O
_	O
#BNK48	O
_	O
ต่อ	O
ท้าย	O
แล้ว	O
ก็	O
ตาม	O

ตอน	O
_	O
ป.	O
4	O
_	O
ตอน	O
นั้น	O
อยู่	O
ที่	O
_	O
ร.ร.	NORM_1WORD
_	O
เคย	O
ขอ	O
เบอร์	O
พ่อ	O
เพื่อน	O
ใน	O
ห้อง	O
ไว้	O
_	O
ก็	O
ไม่	O
รู้	O
ว่า	O
กู	O
ขอ	O
มา	O
ทำไม	O
_	O
ละ	O
มี	O
เพื่อน	O
คน	O
นึง	NORM_1WORD
_	O
ทำ	O
ไร	NORM_1WORD
ผิด	O
ไม่	O
รู้	O
โดน	O
ครู	O
เรียก	O
ไป	O
คุย	O
หน้า	O
ห้อง	O
ละ	O
ครู	O
ก็	O
ขอ	O
เบอร์	O
พ่อ	O
เพื่อน	O
จะ	O
โทร	O
ไป	O
คุย	O
_	O
อี	O
เพื่อน	O
ก็	O
บอก	O
ว่า	O
จำ	O
ไม่	O
ได้	O
ครับ	O
_	O
กู	O
นี่	O
ก็	O
งง	O
_	O
เอ้า	O
วัน	O
นั้น	O
มึง	O
ยัง	O
ให้	O
เบอร์	O
พ่อ	O
มึง	O
กับ	O
กู	O
อยู่	O
เลย	O
_	O
ลืม	O
ได้	O
ไง	O
_	O
#เรื่องมันช่างน่าอาย	O

เรื่อง	O
อื่น	O
ไม่	O
รู้	O
แต่	O
นี่	O
รู้จัก	O
พี่	O
ออย	O
_	O
อร	O
_	O
มา	O
สิบ	O
ปี	O
_	O
นาง	O
เป็น	O
คน	O
ดี	O
มาก	O
_	O
ขยัน	O
_	O
อดทน	O
_	O
ตอน	O
มา	O
อยู่	O
กับ	O
อฟ	O
เรา	O
ก็	O
ดีใจ	O
เออ	O
พี่	O
คง	O
จะ	O
สบาย	O
ขึ้น	O
หา	O
เงิน	O
ได้	O
_	O
แต่	O
ความจริง	O
มัน	O
ไม่	O
ใช่	O
เลย	O
_	O
ความจริง	O
ก็	O
คือ	O
เหมือน	O
ที่	O
พี่ซญ	O
บอก	O
_	O
อฟ	O
ไม่	O
ได้	O
ให้	O
มา	O
อยู่	O
ฟรีๆ	NORM_2WORD
แบบ	O
ลูก	O
_	O
พี่	O
ออย	O
ทำ	O
งาน	O
แลก	O
ตลอด	O
เหมือน	O
เป็น	O
สตาฟ	O
_	O
เนี่ย	O
หรอ	O
รัก	O
เหมือน	O
ลูก	O
_	O
งง	O
_	O
#ออฟฟี่แม็กซิม	O

#เรื่องมันช่างน่าอาย	O
_	O
วัน	O
นั้น	O
เล่น	O
กับ	O
เพื่อน	O
อยู่	O
ใน	O
ห้องเรียน	O
_	O
มี	O
เพื่อน	O
ห้อง	O
ข้างๆ	O
เดิน	O
ผ่าน	O
มา	O
เลย	O
ด่า	O
ชื่อ	O
พ่อ	O
มัน	O
_	O
ไอ	NORM_1WORD
เรา	O
ก็	O
ตะโกน	O
ไป	O
อย่าง	O
ดัง	O
เลย	O
จน	O
เพื่อน	O
ข้างๆ	O
สะกิด	O
ว่า	O
_	O
พ่อ	O
มัน	O
ชื่อ	O
เดียว	O
กับ	O
_	O
อาจารย์	O
ที่	O
กำลัง	O
สอน	O
_	O
เรา	O
อยู่	O
_	O
ก็	O
เลย	O
บอก	O
ไป	O
ว่า	O
ไอ	NORM_1WORD
...	O
อะ	O
น้ะ	NORM_1WORD
_	O
กู	O
ไม่	O
กลัว	O
หรอก	O
(	O
ชื่อ	O
พ่อ	O
เพื่อน	O
)	O
_	O
อาจารย์	O
ก็	O
เลย	O
จัด	O
ให้	O
วิ่ง	O
รอบ	O
สนาม	O
จ้า	NORM_1WORD

Pan's	O
_	O
labyrinth	O
_	O
คำเตือน	O
คือ	O
เรื่อง	O
นี้	O
ต้อง	O
ดู	O
ตอน	O
ชีวิต	O
กำลัง	O
สดใส	O
มี	O
ความสุข	O
เท่านั้น	O
!	O
_	O
ระวัง	O
จิต	O
ตก	O
_	O
และ	O
อย่า	O
โดน	O
ชื่อ	O
หนัง	O
ภาษา	O
ไทย	O
_	O
(	O
อัศจรรย์แดนฝัน	O
มหัศจรรย์เขาวงกต	O
)	O
_	O
หลอก	O
!	O
_	O
เรื่องราว	O
ของ	O
เด็กน้อย	O
ที่	O
วัน	O
นึง	NORM_1WORD
มี	O
เทพ	O
ฟอน	O
มา	O
บอก	O
ว่า	O
จริงๆ	NORM_2WORD
แล้ว	O
ตัวเอง	O
เป็น	O
เจ้าหญิง	O
แต่	O
ต้อง	O
ผ่าน	O
บททดสอบ	O
3	O
ข้อ	O
ถึง	O
จะ	O
กลับ	O
อาณาจักร	O
ได้	O
_	O
หักมุม	O
ดี	O

เมื่อวาน	O
คือ	O
วัน	O
เรือหลวงแห่งชาติ	O
ไปอี๊ก	NORM_1WORD
_	O
#	O
เฌอ	O
สิค	O
_	O
คือ	O
ไม่	O
พูด	O
มาก	O
_	O
เจ็บคอ	O
_	O
พิ	NORM_1WORD
ไท	O
คืน	O
สังเวียน	O
_	O
#	O
ปัญ	O
เจนนิษฐ์	O
_	O
น้อง	O
เต็น	NORM_1WORD
รัว	O
มาก	O
_	O
เมื่อคืน	O
นอน	O
ไหน	O
นะ	O
_	O
แถม	O
เช้า	O
นี่	O
อี๊ก	NORM_1WORD
_	O
#	O
อร	O
ตาหวาน	O
_	O
กรุบกริบ	O
_	O
แซว	O
งี้	NORM_1WORD
_	O
อัพ	NORM_1WORD
สตร	NORM_1WORD
ด้วย	O
กัน	O
ก่อน	O
นอน	O
งี้	NORM_1WORD
_	O
หุ	O
_	O
//	O
ตัด	O
ภาพ	O
มา	O
ที่	O
_	O
#	O
น้ำหนึ่ง	O
เนย	O
_	O
เอ่อ	O
..	O
_	O
คือ	O
..	O
_	O
นน	O
_	O
คือ	O
..	O
_	O
เมา	O
กาว	O
_	O
และ	O
คุณ	O
นุ้ย	O
ที่	O
หาย	O
ไป	O
_	O
55	O
_	O
#BNK48	O

วัน	O
นี้	O
ไป	O
ซื้อ	O
sticker	O
ระหว่าง	O
รอ	O
_	O
เด็กๆ	NORM_2WORD
ใน	O
ร้าน	O
น่าจะ	O
_	O
ป	O
.	O
2	O
ป	O
.	O
3	O
ได้	O
มั้ง	O
เปิด	O
_	O
#KimiwaMelodyTH	O
_	O
แล้ว	O
ร้อง	O
ตาม	O
_	O
เรา	O
ก็	O
แอบ	O
ยิ้ม	O
_	O
และ	O
แม่	O
น้อง	O
ก็	O
เหลือบ	O
มอง	O
MV	O
_	O
คง	O
เพราะ	O
ภาพ	O
สวย	O
สาวๆ	NORM_2WORD
แต่งตัว	O
สวยๆ	NORM_2WORD
_	O
แล้ว	O
เด็กๆ	NORM_2WORD
ก็	O
คุย	O
กัน	O
ว่า	O
เค้า	NORM_1WORD
ชอบ	O
พี่	O
เนย	O
มาก	O
_	O
แล้ว	O
แก	O
ชอบ	O
ใคร	O
_	O
โอ้ย	O
คุณ	O
นุ้ย	O
ตก	O
เด็กๆ	NORM_2WORD
ไป	O
หมด	O
แหล่วววว	NORM_1WORD
_	O
#	O
Noey	O
BNK48	O
_	O
#	O
Noey	O
TheLittleFin9er	O
_	O
#BNK48	O

เกร็ด	O
เล็กๆ	O
_	O
#bnk48	O
_	O
คิด	O
ว่า	O
หลาย	O
คน	O
คง	O
รู้	O
แล้ว	O
มั้ง	NORM_1WORD
_	O
ตอน	O
นี้	O
_	O
รินะ	O
_	O
กะ	NORM_1WORD
_	O
ครู	O
แก้ว	O
_	O
คือ	O
สมาชิก	O
ที่	O
อายุ	O
มาก	O
สุด	O
_	O
23	O
_	O
ขวบ	O
_	O
ปัญ	O
_	O
หลาม	O
น้อย	O
เป็น	O
ลูกเสี้ยว	O
จีน	O
_	O
-	O
_	O
สิงคโปร์	O
_	O
ลูกพี่	O
_	O
จอนอ	O
_	O
เป็น	O
ลูกครึ่ง	O
ไทย	O
_	O
-	O
_	O
ลาว	O
_	O
ซัทจัง	O
อายุ	O
น้อย	O
สุด	O
_	O
มายด์	O
เป็น	O
คน	O
เดียว	O
ที่	O
มา	O
จาก	O
โคราช	O
_	O
สมาชิก	O
ใน	O
วง	O
_	O
ภาค	O
กลาง	O
เยอะ	O
สุด	O
_	O
ไม่	O
มี	O
ภาค	O
ไต้	NORM_1WORD
เลย	O
หวัง	O
ว่า	O
_	O
รุ่น	O
_	O
2	O
_	O
คง	O
มี	O
นะ	O

ตอน	O
คณะ	O
อื่นๆ	NORM_2WORD
ก็	O
มี	O
มุม	O
ที่	O
แตกต่าง	O
และ	O
ตัวละคร	O
ที่	O
มี	O
เสน่ห์	O
แตกต่าง	O
ออก	O
ไป	O
_	O
เรา	O
ชอบ	O
มาก	O
_	O
จน	O
แบบ	O
พอ	O
เจอ	O
ตัว	O
หนังสือ	O
คำ	O
ว่า	O
_	O
THE	O
_	O
END	O
_	O
เป็น	O
อะไร	O
ที่	O
ใจหาย	O
เข้าใจ	O
ที่	O
ว่า	O
ด้วยความ	O
เป็น	O
เรื่องสั้น	O
เลย	O
ไม่	O
ค่อย	O
มี	O
การเท้าความ	O
_	O
หรือ	O
อาจ	O
จะ	O
ดู	O
รวบรัด	O
ไป	O
บ้าง	O
_	O
และ	O
จบ	O
แบบ	O
ค้างคา	O
หรือ	O
จบ	O
แบบ	O
หน้าใจหาย	NORM_1WORD
_	O
จน	O
อยาก	O
จะ	O
ให้	O
ทุก	O
เรื่อง	O
นำ	O
มา	O
ทำ	O
เป็น	O
เรื่อง	O
ยาว	O
เลย	O

ขอบคุณ	O
ที่	O
ทำให้	O
โลก	O
เรา	O
สดใส	O
ตลอด	O
เวลา	O
_	O
ชอบ	O
ความสัมพันธ์	O
ของ	O
ทั้ง	O
4	O
คน	O
มากๆ	NORM_2WORD
_	O
ดู	O
รัก	O
กัน	O
มาก	O
เหมือน	O
เป็น	O
ครอบครัว	O
เดียว	O
กัน	O
_	O
คง	O
จะ	O
เพราะ	O
ผ่าน	O
อะไร	O
หลายๆ	NORM_2WORD
อย่าง	O
มา	O
ด้วย	O
กัน	O
เกือบๆ	O
10	O
ปี	O
_	O
ผ่าน	O
ร้อน	O
_	O
ผ่าน	O
หนาว	O
_	O
ผ่าน	O
ความกดดัน	O
_	O
ผ่าน	O
การแข่งขัน	O
_	O
จน	O
ทำให้	O
มี	O
วันนี้	O
_	O
ขอบคุณ	O
ที่	O
ทั้ง	O
4	O
อดทน	O
จน	O
มา	O
เป็น	O
_	O
#BLACKPINK	O
_	O
นะ	O
จะ	O
รัก	O
ตลอด	O
ไป	O
_	O
ygofficialblink	O

อันดับ	O
_	O
#BNK48	O
_	O
รุ่น	O
_	O
1	O
_	O
วัน	O
ที่	O
_	O
18	O
_	O
พ.ย.	O
_	O
61	O
_	O
1	O
_	O
#CherprangBNK48	O
_	O
51604	O
_	O
2	O
_	O
#MobileBNK48	O
_	O
35688	O
_	O
3	O
_	O
#MusicBNK48	O
_	O
31489	O
_	O
4	O
_	O
#NoeyBNK48	O
_	O
25380	O
_	O
5	O
_	O
#KaewBNK48	O
_	O
25028	O
_	O
6	O
_	O
#PunBNK48	O
_	O
24675	O
_	O
7	O
_	O
#NamneungBNK48	O
_	O
22677	O
_	O
8	O
_	O
#JennisBNK48	O
_	O
21577	O
_	O
9	O
_	O
#PupeBNK48	O
_	O
18357	O
_	O
10	O
_	O
#OrnBNK48	O
_	O
10395	O
_	O
11	O
_	O
#JaneBNK48	O
_	O
6798	O
_	O
12	O
_	O
#JaaBNK48	O
_	O
6200	O

ต้น	O
กระบาก	O
ใหญ่	O
ที่สุด	O
ใน	O
ประเทศ	O
ไทย	O
_	O
1	O
ใน	O
_	O
6	O
_	O
พันธุ์	O
ไม้	O
มหัศจรรย์	O
ของ	O
ไทย	O
_	O
พบ	O
และ	O
สัมผัส	O
ได้	O
ที่	O
อุทยานแห่งชาติ	O
ตากสินมหาราช	O
_	O
จ.	O
ตาก	O
_	O
สอบถาม	O
_	O
ททท.	O
สำนักงาน	O
ตาก	O
_	O
โทรศัพท์	O
_	O
๐๕๕๕๑๔๓๔๑	O
_	O
FB	O
_	O
taktravel	O
_	O
#	O
ตาก	O
มีมากกว่าที่คุณคิด	O
_	O
#taktravel	O
_	O
#	O
ต้น	O
กระบาก	O
ใหญ่	O
_	O
#อุทยานแห่งชาติ	O
ตากสินมหาราช	O
_	O
#tourismthailand	O
_	O
#amazingthailand	O

ตอน	O
เรียน	O
ม.	O
ต้น	O
จะ	O
มี	O
บท	O
เรียน	O
หนึ่ง	O
ใน	O
วิชา	O
ภาษา	O
ไทย	O
เรื่อง	O
การพูด	O
ใน	O
ที่	O
ประชุม	O
เรียน	O
ตั้งแต่	O
จัด	O
ห้อง	O
แบบ	O
ล้อม	O
_	O
แบบ	O
ครึ่ง	O
_	O
ทำ	O
เอกสาร	O
_	O
วาระ	O
ที่	O
ประชุม	O
_	O
มารยาท	O
ใน	O
ที่	O
ประชุม	O
วัน	O
นี้	O
ได้	O
เห็น	O
แล้ว	O
ว่า	O
ของ	O
จริง	O
เขา	O
ทำ	O
กัน	O
ยังไง	NORM_1WORD
555	O
ตลก	O
ที่	O
ครู	O
สอน	O
มา	O
ผิด	O
หมด	O
กระทรงศึกษาธิการ	NORM_1WORD
ควร	O
ปรับปรุง	O
หลักสูตร	O
ใหม่	O
นะ	O
คะ	O
เพราะ	O
อัน	O
เก่า	O
มัน	O
ล้มเหลว	O
_	O
#ประชุมสภา	O

#น้ำตาลเดอะสตาร์	O
_	O
ทำไม	O
คน	O
ดีๆ	NORM_2WORD
ถึง	O
ได้	O
ด่วน	O
จาก	O
ไป	O
แบบ	O
นี้	O
_	O
แต่	O
การ	O
จาก	O
ไป	O
ของ	O
น้อง	O
น้ำตาล	O
เป็น	O
ที่	O
น่าจดจำ	O
_	O
#โรคน้ำตาล	O
_	O
หมอ	O
ยัง	O
หา	O
สาเหตุ	O
ไม่	O
ได้	O
จน	O
มา	O
เสีย	O
ชีวิต	O
ไป	O
_	O
เป็น	O
เคส	O
แรก	O
ใน	O
ประเทศ	O
ไทย	O
ที่	O
เคย	O
เจอ	O
_	O
นึก	O
ถึง	O
นักร้อง	O
อีก	O
คน	O
_	O
บิ๊ก	O
_	O
D2B	O
ตก	O
น้ำ	O
คลำ	O
แล้ว	O
เชื้อ	O
รา	O
ขึ้น	O
สมอง	O
ไม่	O
เคย	O
เจอ	O
ใน	O
ไทย	O
_	O
คน	O
ดีๆ	NORM_2WORD
มัก	O
จะ	O
จาก	O
ไป	O
ด้วย	O
โรค	O
ประหลาด	O
แต่	O
เป็น	O
ที่	O
น่าจดจำ	O

โอกาส	O
สุดท้าย	O
_	O
ที่	O
จะ	O
สั่ง	O
ซื้อ	O
_	O
Music	O
_	O
Card	O
_	O
มา	O
ร่วม	O
ส่ง	O
น้อง	O
ไป	O
ด้วย	O
กัน	O
นะ	O
คะ	O
_	O
!!	O
_	O
Real	O
_	O
Vote	O
_	O
for	O
_	O
Real	O
_	O
Award	O
_	O
มา	O
ร่วม	O
_	O
โหวต	O
_	O
(	O
Vote	O
)	O
_	O
กับ	O
พวกเรา	O
_	O
(	O
We	O
)	O
_	O
เพื่อ	O
พา	O
น้อง	O
แก้ว	O
ไป	O
สู่	O
เป้าหมาย	O
ของ	O
เธอ	O
ใน	O
งาน	O
เลือก	O
ตั้ง	O
_	O
BNK48	O
_	O
ครั้งนี้	O
!	O
_	O
มา	O
เป็น	O
ส่วนหนึ่ง	O
ของ	O
_	O
#VforNatruja	O
_	O
ด้วย	O
กัน	O
นะ	O
คะ	O
!	O
_	O
V	O
_	O
Need	O
_	O
You	O
!	O
_	O
#ควีนส์การ์ด	O
_	O
#KaewBNK48	O
_	O
#BNK48	O

ความปลื้มใจ	O
นอกจาก	O
มา	O
ให้	O
กำลังใจ	O
เมม	NORM_1WORD
วันนี้	O
_	O
คือ	O
_	O
ได้	O
เจอ	O
พี่	O
จอย	O
ที่	O
เป็น	O
แขกรับเชิญ	O
ใน	O
รายการ	O
WoodyWorld	O
EP.	O
4	O
ครั้ง	O
แรก	O
_	O
ที่	O
พี่	O
เขา	O
มี	O
ปัญหา	O
สุขภาพ	O
ใน	O
ตอน	O
นั้น	O
แล้ว	O
ได้	O
มา	O
เจอ	O
พี่	O
เขา	O
ยืน	O
เชิญชวน	O
บริจาค	O
ช่วย	O
งาน	O
ตั้งไข่	O
Season2	O
อยู่	O
ถึง	O
สุขภาพ	O
ยัง	O
ไม่	O
เต็ม	O
ร้อย	O
_	O
สีหน้า	O
เขา	O
ดี	O
ขึ้น	O
กว่า	O
เดิม	O
เยอะ	O
เลย	O
_	O
ปลื้ม	O
มาก	O
_	O
#KaimookBNK48	O
_	O
#BNK48	O

สุดท้าย	O
แล้ว	O
ภาพ	O
สะท้อน	O
ทาง	O
การเมือง	O
_	O
ไม่	O
ใช่	O
การแบ่ง	O
ว่า	O
พรรค	O
ไหน	O
รัก	O
หรือ	O
จ้อง	O
ล้มล้าง	O
ทำลาย	O
สถาบัน	O
หรอก	O
_	O
แต่	O
มัน	O
คือ	O
การพิสูจน์	O
ว่า	O
_	O
พรรค	O
ไหน	O
ยึดมั่น	O
ต่อ	O
คำมั่นสัญญา	O
ที่	O
ให้	O
ไว้	O
กับ	O
ประชาชน	O
_	O
กับ	O
พรรค	O
ที่	O
ไม่	O
แยแส	O
ต่อ	O
คำสัญญา	O
ที่	O
ให้	O
ไว้	O
เพียง	O
เพื่อ	O
แลก	O
กับ	O
ผลประโยชน์	O
ที่	O
ตน	O
จะ	O
ได้	O
_	O
#การเมือง	O
ไทย	O
_	O
ฝาก	O
ถึง	O
_	O
#ภูมิใจไทย	O
_	O
#ประชาธิปัตย์	O

90	O
รวม	O
ส่ง	O
ลทบ	NORM_1WORD
_	O
ยาง	O
ของ	O
invisibobble	O
_	O
รุ่น	O
slim	O
_	O
สี	O
true	O
_	O
black	O
_	O
น้า	NORM_1WORD
_	O
ของ	O
ดี	O
รีวิว	O
เยอะ	O
มัด	O
แน่น	O
ไม่	O
เป็น	O
รอย	O
_	O
ถ้า	O
ยืด	O
ก็	O
เอา	O
ไป	O
แช่	O
น้ำอุ่น	O
มัน	O
จะ	O
หด	O
กลับ	O
_	O
ใช้	O
อัน	O
เดียว	O
จบ	O
_	O
#ส่งต่อ	O
_	O
#เสื้อกันหนาว	O
_	O
#ส่งต่อเสื้อผ้า	O
_	O
#เสื้อผ้ามือสอง	O
_	O
#ไว้ส่งต่อห้ามขายของ	O
โว้ยย	NORM_1WORD
_	O
#ไว้ส่งต่อห้ามรีวิวของ	O
โว้ยย	NORM_1WORD
_	O
#ส่งต่อคสอ	O
_	O
#ส่งต่อเสื้อผ้าราคาถูก	O

ถ้า	O
คุณค่า	O
ของ	O
คุณ	O
คือ	O
การเขียนนิยาย	O
ได้	O
ดี	O
_	O
จะ	O
เกิด	O
อะไร	O
ขึ้น	O
ถ้า	O
วันหนึ่ง	O
คุณ	O
สร้าง	O
ผลงาน	O
ไม่	O
ได้	O
?	O
_	O
หรือ	O
ถ้า	O
คุณค่า	O
ของ	O
คุณ	O
คือ	O
การ	O
ได้	O
คอมเม้น	NORM_1WORD
เยอะ	O
ๆ	O
_	O
ใน	O
นิยาย	O
_	O
จะ	O
เกิด	O
อะไร	O
ขึ้น	O
ถ้า	O
วันหนึ่ง	O
คอมเม้น	NORM_1WORD
เหล่า	O
นั้น	O
หายไป	O
?	O
_	O
เมื่อ	O
คุณ	O
เอา	O
ชีวิต	O
ตนเอง	O
ไป	O
ผูกมัด	O
กับ	O
สิ่ง	O
เหล่า	O
นี้	O
_	O
การกระทบกระเทือน	O
นิดหน่อย	O
ก็	O
อาจจะ	O
ทำ	O
ให้	O
คุณ	O
เสียศูนย์	O
ไป	O
เลย	O

หมด	O
แรง	O
_	O
รอย	O
ยิ้ม	O
กว้าง	O
แปรเปลี่ยน	O
เป็น	O
รอยยิ้ม	O
ที่	O
แสน	O
เหนื่อยล้า	O
_	O
เขา	O
หัวเราะ	O
ออกมา	O
เบาๆ	NORM_2WORD
_	O
ใน	O
ใจ	O
ทั้ง	O
สุขสม	O
และ	O
เศร้าสร้อย	O
_	O
วันนี้	O
เด็กน้อย	O
ที่	O
เคย	O
ดื้อ	O
แสน	O
ดื้อ	O
แต่	O
กลับ	O
ยอม	O
ทำ	O
ตาม	O
ที่	O
เขา	O
บอก	O
ทุก	O
อย่าง	O
_	O
เด็กน้อย	O
ที่	O
เคย	O
ยิ้ม	O
ยาก	O
แต่	O
ก็	O
มี	O
รอยยิ้ม	O
ให้	O
เขา	O
เสมอ	O
_	O
เด็กน้อย	O
ที่	O
เขา	O
ตก	O
หลุม	O
รัก	O
ไป	O
โดย	O
ไม่	O
รู้	O
ตัว	O
_	O
วัน	O
นี้	O
เด็ก	O
คน	O
นั้น	O
...	O
_	O
กำลัง	O
จะ	O

ช่วง	O
นี้	O
ของ	O
ปี	O
เป็น	O
ช่วง	O
ฟ้า	O
เปิด	O
_	O
ไอ้	O
อ้วน	O
ไป	O
ทำ	O
งาน	O
ทุก	O
วัน	O
ทุก	O
คืน	O
_	O
ไป	O
ตจว	NORM_1WORD
_	O
ตปท	NORM_1WORD
ตลอด	O
_	O
โคตร	O
เหงา	O
_	O
ใจ	O
นึก	O
อยาก	O
เลี้ยง	O
แมว	O
ขึ้น	O
มา	O
_	O
คิดถึง	O
ตอน	O
เด็ก	O
ที่	O
นอน	O
กับ	O
แมว	O
_	O
แม่	O
ทิ้ง	O
อยู่	O
บ้าน	O
คน	O
เดียว	O
กับ	O
แมว	O
หลาย	O
ตัว	O
_	O
อย่าง	O
น้อย	O
ก็	O
มี	O
แมว	O
มา	O
คอย	O
อ้อน	O
_	O
แต่	O
ก็	O
กลัว	O
ดูแล	O
ไม่	O
ดี	O
_	O
ขนาด	O
เรา	O
ยัง	O
ไม่	O
มี	O
เวลา	O
ให้	O
กัน	O
จน	O
เหงา	O
ขนาด	O
นี้	O
_	O
แล้ว	O
แมว	O
มัน	O
จะ	O
เหงา	O
ขนาด	O
ไหน	O
_	O
เฮ้อออ	NORM_1WORD

รีวิว	O
บัตรหลุม	O
_	O
BR	O
_	O
ไม่	O
ขอ	O
พูด	O
ถึง	O
ศิลปิน	O
มาก	O
_	O
เพราะ	O
....	O
_	O
มอง	O
ไม่	O
เห็น	O
เลย	O
เว้ยยยย	NORM_1WORD
_	O
โกด	NORM_1WORD
ตัวเอง	O
ที่	O
เกิด	O
มา	O
เตี้ย	O
_	O
และ	O
ไม่	O
มี	O
ความอดทน	O
กับ	O
แรงเบียด	O
ที่	O
กลายเป็น	O
คลื่นมนุษย์	O
_	O
แนะนำ	O
ใคร	O
ลง	O
หลุม	O
สูง	O
ไม่	O
ถึง	O
_	O
165	O
_	O
อยู่	O
ข้างหลัง	O
รับ	O
อากาศ	O
เย็นๆ	NORM_2WORD
_	O
แถม	O
มอง	O
เห็น	O
เด็กๆ	NORM_2WORD
มาก	O
กว่า	O
ไป	O
เบียด	O
กับ	O
คน	O
อื่น	O
ให้	O
อยู่	O
ติด	O
เวที	O
_	O
(	O
ต่อ	O
)	O
_	O
#WannaOne1TheWorldinBKK	O

หลังจาก	O
ที่	O
ได้	O
ดู	O
รูป	O
นี่	O
แล้ว	O
_	O
ตู	NORM_1WORD
นี่	O
โกรธ	O
ตัวเอง	O
แทบ	O
ตาย	O
_	O
เพราะ	O
อะไร	O
น่ะ	O
หรอ	O
_	O
เพราะ	O
น้องๆ	NORM_2WORD
มา	O
โปรโหมด	NORM_1WORD
เพลง	O
ที่	O
บริษัท	O
Sanook	O
_	O
และ	O
บริษัท	O
นี้	O
ตู	NORM_1WORD
แม่ง	O
ดัน	O
เป็น	O
ที่	O
ทำงาน	O
ตู	NORM_1WORD
_	O
แต่	O
ตู	NORM_1WORD
ทำไม	O
ไม่	O
เจอ	O
น้องๆ	NORM_2WORD
หว้า	NORM_1WORD
_	O
ณ	O
_	O
ตอน	O
นั้น	O
ตู	NORM_1WORD
ก็	O
อยู่	O
ส่วน	O
ไหน	O
ใน	O
ออฟฟิต	NORM_1WORD
เดิน	O
ไป	O
เดิน	O
มา	O
เกือบ	O
ทั้ง	O
วัน	O
_	O
แต่	O
ดัน	O
ไม่	O
ได้	O
เจอ	O
_	O
ไม่	O
พอ	O
โดน	O
พี่	O
นั่ง	O
หน้า	O
เคาท์เตอร์	O
ขิง	O
อีก	O
_	O
#BNK48	O

มาส์ก	NORM_1WORD
สิว	O
ใน	O
ตำนาน	O
x	O
2	O
_	O
เรา	O
ใช้	O
ประจำ	O
เลย	O
_	O
ชอบ	O
แต้มๆ	NORM_2WORD
_	O
ไว้	O
_	O
วัน	O
สอง	O
วัน	O
ก็	O
ยุบ	O
_	O
ตัว	O
นี้	O
มี	O
สาร	O
สกัด	O
จาก	O
ธรรมชาติ	O
ให้	O
ผิว	O
แข็งแรง	O
ขึ้น	O
ด้วย	O
_	O
ปรับ	O
สูตร	O
ใหม่	O
_	O
ดี	O
กว่า	O
เดิม	O
X	O
2	O
_	O
วิธี	O
ใช้	O
มาส์ก	NORM_1WORD
ไว้	O
_	O
15	O
-	O
20	O
_	O
นาที	O
แล้ว	O
ล้าง	O
ออก	O
_	O
แบบ	O
หลอด	O
นี่	O
_	O
389	O
_	O
฿	O
_	O
หา	O
ซื้อ	O
ได้	O
ที่	O
_	O
Watsons	O
_	O
Konvy	O
_	O
คอสเม่	O
สโตร์	O
น้า	NORM_1WORD
_	O
#ไอเทมปราบสิว	O
_	O
#มาส์กสิวในตำนานx2	O
_	O
#ใช้ดีบอกต่อ	O

เขียน	O
นิยาย	O
แต่	O
ละ	O
เรื่อง	O
เล่ม	O
หนึ่ง	O
ไม่	O
ต่ำ	O
กว่า	O
แปด	O
ร้อย	O
หน้า	O
สำหรับ	O
เธอ	O
คน	O
นี้	O
_	O
il_LoVe_li	O
_	O
คน	O
พรู๊ฟ	O
ก็	O
ต้อง	O
เพ่ง	O
ตรวจ	O
ทุก	O
ตัว	O
_	O
ทุก	O
ประโยค	O
ให้	O
คน	O
อ่าน	O
อ่าน	O
ง่าย	O
ที่	O
สุด	O
_	O
เคย	O
ด่า	O
ไป	O
แล้ว	O
ว่า	O
เขียน	O
เพื่อ	O
ความสนุก	O
เท่า	O
นั้น	O
เหรอ	O
_	O
เวลา	O
เธอ	O
เขียน	O
เธอ	O
จะ	O
ให้	O
มัน	O
จบ	O
ตาม	O
ความคิด	O
เธอ	O
ไม่	O
ได้	O
สน	O
จำนวน	O
หน้า	O
แต่	O
คน	O
พรู๊ฟ	O
ก็	O
ยอม	O
ทำ	O
ให้	O
ด้วย	O
รัก	O
และ	O
ชอบ	O
ใน	O
ผลงาน	O

แก๊ง	O
ด้าน	O
หลัง	O
คือ	O
ยังไง	O
คะ	O
_	O
จะ	O
ตบ	O
อ่อ	O
คะ	O
_	O
มอง	O
เล็บ	O
เป่า	O
เล็บ	O
ก็	O
มา	O
_	O
โน	O
สน	O
โน	O
แคร์	O
_	O
ใคร	O
จะ	O
กล้า	O
หือ	O
กับ	O
พวก	O
หนู	O
ลูก	O
_	O
พี่	O
ยัง	O
ไม่	O
กล้า	O
เลย	O
_	O
ไหน	O
ใคร	O
ก็	O
ได้	O
จับ	O
คู่	O
ตำแหน่ง	O
เด็ก	O
หลัง	O
ห้อง	O
ให้	O
ชั้น	NORM_1WORD
ที	O
แก	O
_	O
หัวหน้า	O
แก๊ง	O
ตำแหน่ง	O
มือ	O
ตบ	O
_	O
มือ	O
ขวา	O
ตำแหน่ง	O
ล็อก	O
_	O
มือ	O
ซ้าย	O
เป็น	O
มือ	O
เป็น	O
ไม้	O
_	O
คน	O
ดู	O
ต้นทาง	O
_	O
ตำแหน่ง	O
ที่	O
เหมือน	O
จะ	O
ใจดี	O
แต่	O
บีบ	O
แขน	O
และ	O
ยิ้ม	O
เย็น	O
_	O
#BNK48	O

สำหรับ	O
คน	O
แบบ	O
ชิงซี่เหยียน	O
น่ะ	O
นะ	O
_	O
แค่	O
ความรู้สึก	O
ดี	O
เวลา	O
ที่	O
อยู่	O
ด้วย	O
กัน	O
มัน	O
ก็	O
มาก	O
เกิน	O
พอ	O
แล้ว	O
_	O
ยัง	O
ไม่	O
ต้อง	O
ถึง	O
รัก	O
แค่	O
รู้สึก	O
ดี	O
ก็	O
ถือ	O
เป็น	O
การเปลี่ยนแปลง	O
ที่	O
ยิ่งใหญ่	O
สำหรับ	O
คน	O
ที่	O
แสน	O
หยิ่ง	O
_	O
ไม่	O
เคย	O
รัก	O
ใคร	O
_	O
และ	O
พร้อม	O
จะ	O
ปฏิเสธ	O
อย่าง	O
ชัดเจน	O
กับ	O
สิ่ง	O
ที่	O
ตัวเอง	O
ไม่	O
ต้องการ	O
เสมอ	O
_	O
แต่	O
นี่	O
ไม่	O
มี	O
การปฏิเสธ	O
เลย	O
_	O
#ปลายพู่กันเขียนคิ้ว	O

แต่	O
โมเมนต์	O
อาบ	O
น้ำ	O
แล้ว	O
จู่ๆ	O
มี	O
อะไร	O
ออก	O
มา	O
จาก	O
ตัว	O
_	O
เป็น	O
ลิ่มเลือด	O
มี	O
เนื้อเยื่อ	O
หน่อยๆ	O
ออก	O
มา	O
คา	O
มือ	O
_	O
คือ	O
ตกใจ	O
เหี้ยๆ	O
_	O
ดี	O
ที่	O
แม่	O
มา	O
หา	O
พอดี	O
_	O
นี่	O
ตะโกน	O
เรียก	O
แม่	O
ให้	O
มา	O
ดู	O
_	O
รุ่งเช้า	O
หา	O
หมอ	O
_	O
ให้	O
ดู	O
เนื้อเยื่อ	O
_	O
หมอ	O
บอก	O
มัน	O
คือ	O
รก	O
_	O
เพิ่ง	O
เริ่ม	O
มี	O
_	O
ตัว	O
เด็ก	O
ยัง	O
ไม่	O
มี	O
_	O
ไม่	O
น่ากังวล	O
อะไร	O
_	O
อาจ	O
จะ	O
มี	O
หลุด	O
ออก	O
มา	O
อีก	O
ซัก	NORM_1WORD
อาทิตย์	O
นึง	NORM_1WORD
_	O
ก็	O
ใช้	O
ชีวิต	O
ปกติ	O
ไป	O

อ่าน	O
เรื่องราว	O
_	O
#ดังเพราะ	O
คุกกี้	O
ดับเพราะ	O
คุกกี้	O
_	O
#BNK48	O
_	O
ทำไม	O
เรา	O
แอบ	O
ห่วงๆ	O
อฟช.	NORM_1WORD
นะ	O
_	O
อาจ	O
เพราะ	O
เป็น	O
_	O
project	O
_	O
manager	O
_	O
เคย	O
ทำ	O
โครงการ	O
ที่	O
บาง	O
ที	O
ลืม	O
คิด	O
ต้นทุน	O
บาง	O
อย่าง	O
(	O
ที่	O
ใหญ่	O
พอ	O
จะ	O
ทำให้	O
โครงการ	O
ขาดทุน	O
ได้	O
)	O
_	O
ก่อน	O
เสนอ	O
งาน	O
...	O
_	O
บริษัท	O
ก็	O
ต้อง	O
อธิบาย	O
ตรงไปตรงมา	O
_	O
ขอ	O
ใช้	O
วิธี	O
อื่น	O
แทน	O
_	O
ส่วน	O
อฟช.	NORM_1WORD
_	O
การโอน	O
เงิน	O
หรือ	O
สินค้า	O
มัน	O
(	O
มี	O
ต่อ	O
)	O

เพิ่ง	O
อ่าน	O
_	O
#ที่ป่าสน	O
_	O
จบ	O
(	O
ใน	O
ป่า	O
สน	O
)	O
ใช้	O
เวลา	O
ทั้งหมด	O
3	O
วัน	O
_	O
เป็น	O
นิยาย	O
ที่	O
ดี	O
มากๆ	NORM_2WORD
_	O
รู้สึก	O
เหมือน	O
เรา	O
ได้	O
เติบโต	O
ไป	O
พร้อม	O
กัน	O
_	O
น้อง	O
จันทร์	O
เก่ง	O
มากๆ	NORM_2WORD
เข้มแข็ง	O
มากๆ	NORM_2WORD
_	O
ขอบคุณ	O
พี่	O
ภัทร	O
ที่	O
คอย	O
อยู่	O
เคียงข้าง	O
ตลอด	O
_	O
มี	O
ช่วง	O
ที่	O
อ่าน	O
แล้ว	O
ไม่	O
กล้า	O
หลับ	O
ด้วย	O
_	O
กลัว	O
ตื่น	O
ขึ้น	O
มา	O
แล้ว	O
เรา	O
ไม่	O
ใช่	O
เรา	O
_	O
คือ	O
กลัว	O
จริงจัง	O
มาก	O
_	O
ขอบคุณ	O
นักเขียน	O
มาก	O
ค่ะ	O
_	O
รักก	NORM_1WORD

เมม	O
ดู	O
มี	O
ความสุข	O
กว่า	O
ตอน	O
อยู่	O
ไทย	O
อย่าง	O
เห็น	O
ได้	O
ชัด	O
ใน	O
ญี่ปุ่น	O
_	O
ไม่	O
ใช่	O
เพราะ	O
ได้	O
ไป	O
เที่ยว	O
หรือ	O
อะไร	O
นะ	O
_	O
เพราะ	O
มัน	O
ได้	O
โมเมนต์	O
ความเป็นส่วนตัว	O
กลับ	O
คืน	O
มา	O
มาก	O
กว่า	O
_	O
นาน	O
แค่	O
ไหน	O
แล้ว	O
ที่	O
เมม	O
ได้	O
เดินเล่น	O
,	O
กิน	O
ข้าว	O
กัน	O
โดย	O
ไม่	O
มี	O
คน	O
แอบ	O
ถ่าย	O
อ่ะ	O
_	O
#bnk48	O
_	O
#RinaBNK48	O
_	O
#MobileBNK48	O
_	O
#CherprangBNK48	O
_	O
#MusicBNK48	O
_	O
#PunBNK48	O
_	O
#JennisBNK48	O

กำลัง	O
มอง	O
หา	O
งาน	O
หา	O
เงิน	O
ใช้	O
ทัก	O
มา	O
_	O
#eyesonyouinbkk	O
_	O
#TheFaceAllStars	O
_	O
#กาหลมหรทึก	O
_	O
#จงอธิบายเมนตัวเองให้ฮาที่สุด	O
_	O
#bnk48	O
_	O
#อะไรคือsignatureของฉัน	O
_	O
#ถ้าเราเป็นแฟนในความคิดคุณ	O
_	O
#สายเลือดมายา	O
_	O
#	O
ก็อต	O
บาส	O
_	O
#	O
เต้ย	O
เชียร์	O
_	O
#	O
มาร์ค	O
มีน	O
_	O
#	O
หลิน	O
ฮุน	O
_	O
#	O
อง	O
เนียล	O
_	O
#bambam	O
_	O
#markbam	O
_	O
#jacksonwang	O
_	O
#ทีม	O
มศว	O
_	O
#รีวิว	O
เกาหลี	O
_	O
#exo	O

นี่	O
ก็	O
ประสบการณ์	O
ใหม่	O
เพราะ	O
นครสวรรค์	O
ก็	O
อยู่	O
แต่	O
กับ	O
เพื่อน	O
ไป	O
ไหน	O
ก็	O
ไป	O
กับ	O
เพื่อน	O
แต่	O
ต้อง	O
ขึ้น	O
รถ	O
กลับ	O
เอง	O
กว่า	O
จะ	O
ถึง	O
หอ	O
เพื่อน	O
5	O
ทุ่ม	O
กว่า	O
คือ	O
เพลีย	O
มาก	O
ต่อ	O
รถ	O
กว่า	O
จะ	O
ถึง	O
พอ	O
มัน	O
นั่ง	O
คิด	O
ดู	O
ก็	O
สนุก	O
เหมือนกัน	O
เนาะ	O
ได้	O
เจอ	O
พี่ๆ	NORM_2WORD
เดอะบี	O
โคตร	O
น่ารัก	O
อยาก	O
ให้	O
มี	O
คอน	O
เด็กๆ	NORM_2WORD
อีก	O
ไวๆ	NORM_2WORD
อยาก	O
เจอ	O
อีก	O
แล้ว	O
เป็น	O
โมเม้น	NORM_1WORD
ที่	O
โคตร	O
ดี	O
ไว้	O
เจอกัน	O
อีก	O
นะ	O
งับ	NORM_1WORD
_	O
รักๆ	NORM_2WORD

เห็น	O
ภาพ	O
นี้	O
แล้ว	O
แบบ	O
ยิ่งใหญ่	O
ใน	O
ความรู้สึก	O
เรา	O
มาก	O
เลย	O
อ่ะ	NORM_1WORD
_	O
นี่	O
เผลอ	O
คิด	O
ไป	O
แล้ว	O
ว่า	O
เขา	O
คือ	O
_	O
นายกรัฐมนตรี	O
_	O
คน	O
ใหม่	O
ของ	O
ประเทศ	O
ไทย	O
_	O
#ธนาธรจึงรุ่งเรืองกิจ	O
_	O
คน	O
ดีๆ	NORM_2WORD
ขอให้	O
เขา	O
ได้	O
เข้า	O
มา	O
มี	O
บทบาท	O
ไม่	O
ทาง	O
ใด	O
ก็	O
ทาง	O
หนึ่ง	O
ถูก	O
ระงับ	O
บทบาท	O
ทาง	O
การเมือง	O
แต่	O
ยืนยัน	O
จะ	O
ช่วย	O
ปชช.	O
ใน	O
รูปแบบ	O
อื่นๆ	NORM_2WORD
เพื่อ	O
สนับสนุน	O
_	O
#พรรค	O
อนาคตใหม่	O
_	O
พวก	O
เรา	O
ต้องการ	O
คุณ	O

-	O
_	O
ส่วน	O
พัมโดลี	O
_	O
หมา	O
อีก	O
ตัว	O
_	O
สบายดี	O
_	O
แต่	O
ก็	O
แอบ	O
เป็นห่วง	O
เพราะ	O
ว่า	O
มัน	O
เหงา	O
_	O
ที่	O
อีก	O
ตัว	O
จากไป	O
_	O
-	O
_	O
พูด	O
ถึง	O
อายุกแด	O
_	O
โซอี	O
บอก	O
ไม่	O
ถนัด	O
กีฬา	O
_	O
แต่	O
ชอบ	O
เล่น	O
พิลาทิส	O
_	O
กับ	O
ว่ายน้ำ	O
_	O
-	O
คุยๆ	O
อยู่	O
_	O
แฟน	O
หาย	O
ไป	O
7	O
คน	O
_	O
โซอี	O
เลย	O
ถาม	O
ว่า	O
ไป	O
ไหน	O
กัน	O
_	O
ไป	O
ตาม	O
กลับ	O
มา	O
_	O
อย่า	O
ไป	O
นะ	O
5555	O
แฟนๆ	O
ใน	O
ห้อง	O
เลย	O
ช่วย	O
กัน	O
บอก	O
ว่า	O
_	O
จะ	O
เติมเต็ม	O
คน	O
ที่	O
หาย	O
ไป	O
เอง	O
_	O
แล้ว	O
มี	O
แฟน	O
คน	O
นึง	NORM_1WORD
บอก	O

เพื่อน	O
กรุ๊ป	O
ผู้ชาย	O
เรา	O
มี	O
20	O
คน	O
เป็น	O
แบบ	O
_	O
#รี	O
ล่า	NORM_1WORD
_	O
ไป	O
แล้ว	O
เกือบ	O
10	O
คน	O
_	O
ใน	O
กรุ๊ป	O
จะ	O
มี	O
รายชื่อ	O
ติดต่อ	O
เลย	O
เด็ก	O
ร้าน	O
ไหน	O
สวย	O
ร้าน	O
ไหน	O
เด็ด	O
พวก	O
ที่	O
โปรไฟล์	O
เฟสบุ๊ค	NORM_1WORD
รัก	O
ครอบครัว	O
พอ	O
อยู่	O
ใน	O
ไลน์กรุ๊ป	O
คือ	O
คนละ	O
คน	O
_	O
บางที	O
มี	O
รีวิว	O
เด็กไซน์ไลน์	NORM_1WORD
มา	O
เป็น	O
คลิป	O
ด้วย	O
_	O
เห็น	O
แบบ	O
นี้	O
จะ	O
สงสาร	O
ผู้หญิง	O
ตลอด	O
_	O
เพราะ	O
สุดท้าย	O
กลาย	O
เป็น	O
เค้า	NORM_1WORD
ผิด	O
ที่	O
สนอง	O
คนรัก	O
ไม่	O
ได้	O

ทุกๆ	NORM_2WORD
ครั้ง	O
ที่	O
เพจ	O
ต่างๆ	NORM_2WORD
ลง	O
ข่าว	O
_	O
BNK48	O
_	O
ไม่	O
ว่า	O
จะ	O
ข่าว	O
ดี	O
หรือ	O
ปั่น	O
ดราม่า	O
_	O
ผม	O
เลี่ยง	O
ที่	O
จะ	O
อ่าน	O
เม้น	O
ตลอด	O
_	O
เพราะ	O
รู้	O
ว่า	O
พวก	O
ที่	O
คิด	O
แต่	O
เรื่อง	O
ต่ำๆ	NORM_2WORD
มัน	O
ต้อง	O
มา	O
_	O
แต่	O
วันนี้	O
ดิ	O
มือ	O
เผลอ	O
ไป	O
โดน	O
เม้น	O
ข่าว	O
เฌอปราง	O
_	O
แล้ว	O
เจอ	O
เม้น	O
นึง	NORM_1WORD
บอก	O
ว่า	O
_	O
มา	O
อยู่	O
กับ	O
พี่	O
ดิ	O
_	O
ได้	O
ร้อง	O
ทั้ง	O
คืน	O
_	O
โอ้	O
โห	O
_	O
โคตร	O
เกลียด	O
เลย	O
เอา	O
จริง	O
_	O
ให้	O
เกียรติ	O
ผู้หญิง	O
บ้าง	O
เถอะ	O
_	O
#BNK48	O

1.	O
_	O
เรื่อง	O
ตำแหน่งงาน	O
ว่า	O
อยาก	O
ทำ	O
จริงๆ	NORM_2WORD
ไหม	O
กลัว	O
จะ	O
เบื่อ	O
เอา	O
_	O
2.	O
_	O
เรื่อง	O
การเดินทาง	O
เพราะ	O
ไกล	O
มาก	O
แต่	O
ถ้า	O
สะดวก	O
ก็	O
ไม่	O
ว่า	O
กัน	O
_	O
ปล.	NORM_1WORD
ไป	O
กลับ	O
_	O
300	O
_	O
บาท	O
จ้า	O
แพง	O
ชิบหาย	NORM_1WORD
วายวอด	O
และ	O
ที่	O
ประทับใจ	O
คือ	O
เขา	O
ไม่	O
ถาม	O
เรื่อง	O
เงินเดือน	O
ที่	O
เรา	O
เรียก	O
ไป	O
ด้วย	O
แกร้	NORM_1WORD
_	O
!!!!!!	O
_	O
ชั้น	NORM_1WORD
ทับจัย	NORM_1WORD
_	O
เป็น	O
กำลังใจ	O
ให้	O
ได้	O
งาน	O
ด้วย	O
นะ	O
คะ	O
_	O
จบ	O
จ้า	O
รีวิว	O
การสัมภาษณ์งาน	O
ของ	O
ข้า	O

ตัว	O
นี้	O
ไป	O
เจอ	O
มา	O
ที่	O
ร้าน	O
อีฟ	O
_	O
เห็น	O
คน	O
รีวิว	O
เยอะ	O
ดี	O
_	O
เป็น	O
หัวเชื้อ	O
_	O
Hyaluronic	O
_	O
ยี่ห้อ	O
_	O
skinplants	O
_	O
ไอเท็ม	O
ที่	O
ขาด	O
ไม่	O
ได้	O
_	O
โดยเฉพาะ	O
ช่วง	O
นี้	O
เจอ	O
ทั้ง	O
แสงแดด	O
_	O
มลภาวะ	O
ทำร้าย	O
ผิว	O
_	O
หน้า	O
จะ	O
แห้ง	O
_	O
และ	O
พวก	O
ผดผื่น	O
ก็	O
ขึ้น	O
ตาม	O
มา	O
_	O
ให้	O
โบก	O
ตัว	O
นี้	O
ไป	O
เลย	O
เพราะ	O
จะ	O
ช่วย	O
เติม	O
น้ำ	O
ให้	O
ผิว	O
เรา	O
ชุ่มชื้น	NORM_1WORD
_	O
และ	O
ลด	O
อาการ	O
แพ้	O
ระคายเคือง	O
ได้	O
ดี	O
_	O
#ใช้ดีบอกต่อ	O

ที่	O
พูด	O
มา	O
ทั้งหมด	O
_	O
ไม่	O
ได้	O
บอก	O
ว่า	O
หนัง	O
แย่	O
_	O
บท	O
ยอดเยี่ยม	O
_	O
กำกับ	O
ยอด	O
_	O
และ	O
จริง	O
จน	O
ทำให้	O
คน	O
จี๊ด	O
_	O
dejavoovoo11	O
_	O
และ	O
ขอ	O
ชื่นชม	O
_	O
#BNK48	O
_	O
ที่	O
กล้า	O
ให้	O
อิสระ	O
กับ	O
หนัง	O
_	O
จน	O
ทำให้	O
น้องๆ	NORM_2WORD
ได้	O
แสดง	O
ฝีมือ	O
อย่าง	O
เต็มที่	O
_	O
#JennisBNK48	O
_	O
#MusicBNK48	O
_	O
#tarwaanbkn48	O
_	O
#NamneungBNK48	O
_	O
#FaiiBNK48	O
_	O
#OrnBNK48	O
_	O
#PandaBNK48	O
_	O
#PupeBNK48	O
_	O
สุดยอด	O
มาก	O

แต่	O
บาง	O
อย่าง	O
มัน	O
ก็	O
มา	O
จาก	O
_	O
experiences	O
_	O
จริงๆ	NORM_2WORD
แหละ	O
_	O
ทุก	O
วัน	O
นี้	O
เรา	O
ทำงาน	O
_	O
เรา	O
พยายาม	O
ทำ	O
ทุก	O
อย่าง	O
เป็น	O
ภาษา	O
อังกฤษ	O
_	O
เรา	O
ไม่	O
เคย	O
เสริช	NORM_1WORD
หา	O
ข้อมูล	O
ด้วย	O
ภาษา	O
ไทย	O
_	O
อยาก	O
รู้	O
วิธี	O
ทำ	O
นู่น	O
นี่	O
_	O
เรา	O
เสริช	NORM_1WORD
ว่า	O
_	O
how	O
_	O
to	O
_	O
พร้อม	O
กับ	O
คีย์เวิด	NORM_1WORD
โง่ๆ	NORM_2WORD
อะ	O
_	O
แล้ว	O
เดี๋ยว	O
อะไร	O
ที่	O
ชาวบ้าน	O
เค้า	NORM_1WORD
ใช้	O
กัน	O
มัน	O
ก็	O
ขึ้น	O
มา	O
เอง	O
_	O
แต่	O
ตอน	O
นั้น	O
ก็	O
จำ	O
ไม่	O
ได้	O
นะ	O
_	O
มัน	O
ต้อง	O
_	O
repeat	O

ขอบคุณ	O
อะไร	O
ไม่	O
รู้	O
ที่	O
ตอน	O
นั้น	O
กล้า	O
ดื้อ	O
แม่	O
เพื่อ	O
มา	O
เจอ	O
พวก	O
เขา	O
_	O
เด็ก	O
_	O
ม.	O
3	O
_	O
นั่ง	O
รถ	O
จาก	O
ต่างจังหวัด	O
มา	O
รอ	O
หน้า	O
mbk	O
ตั้งแต่	O
_	O
6	O
_	O
โมง	O
เช้า	O
_	O
ขอบคุณ	O
จริงๆ	NORM_2WORD
_	O
ขอบคุณ	O
ที่	O
เป็น	O
บอย	O
_	O
ขอบคุณ	O
ที่	O
เรา	O
ได้	O
เจอ	O
กัน	O
_	O
ขอบคุณ	O
ที่	O
เป็น	O
แรงผลักดัน	O
สำคัญ	O
ของ	O
ชีวิต	O
_	O
อีก	O
สอง	O
ปี	O
ก็	O
เรียน	O
จบ	O
แล้ว	O
_	O
พี่	O
คอย	O
ดู	O
ความสำเร็จ	O
ของ	O
เรา	O
ด้วย	O
นะ	O
_	O
รัก	O
_	O
#JourneyWithBOYFRIEND	O

Peppermint	O
,	O
_	O
กันยายน	O
_	O
กะ	NORM_1WORD
คือ	O
ล่า	O
เวอร์ชั่น	NORM_1WORD
หนัง	O
ฮอลลีวู้ด	NORM_1WORD
ที่	O
แท้ทรู	O
_	O
แต่	O
แค่	O
ไม่	O
ต้อง	O
มี	O
เซนเซย์	O
_	O
555555	O
_	O
นางเอก	O
คือ	O
โหด	O
สัส	NORM_1WORD
_	O
โหด	O
เกิน	O
เบอร์	O
มาก	O
_	O
ตัว	O
คน	O
เดียว	O
แม่ง	O
ฆ่า	O
มสเฟีย	NORM_1WORD
ยก	O
แก๊ง	O
_	O
แต่	O
ชีวิต	O
ก็	O
น่าสงสาร	O
มาก	O
จริงๆ	NORM_2WORD
แหละ	O
_	O
ฉาก	O
จบ	O
ที่	O
นางเอก	O
แก้แค้น	O
สำเร็จ	O
กุ	NORM_1WORD
นั่ง	O
ร้องไห้	O
คน	O
เดียว	O
ทั้ง	O
โรง	O
_	O
สะอึกสะอื้น	O
_	O
คน	O
อื่น	O
คง	O
งง	O
แบบ	O
ร้อง	O
ทำไม	O
วะ	O
_	O
555555	O

เชฟ	O
มิชลิน	O
_	O
Jeff	O
Ramsey	O
_	O
แห่ง	O
ร้าน	O
_	O
Babe	O
_	O
ร่วม	O
กับ	O
ห้องอาหาร	O
_	O
The	O
Reflexion,	O
The	O
Athenee	O
Bangkok	O
_	O
คอร์ส	O
สุด	O
พิเศษ	O
_	O
รับ	O
เพียง	O
_	O
12	O
_	O
คน	O
ต่อ	O
รอบ	O
_	O
ถึง	O
วันที่	O
_	O
24	O
_	O
ม.ค.	O
นี้	O
เท่านั้น	O
_	O
รายละเอียด	O
โทร	O
_	O
02-650-8800	O
_	O
ปล.	O
_	O
เชฟ	O
เท่	O
มาก	O
เป็น	O
ลูกครึ่ง	O
ญี่ปุ่น	O
_	O
อเมริกัน	O
ค่ะ	O
_	O
#bonappetitbkk	O
_	O
#อร่อยนะรู้ยัง	O
_	O
#อร่อยบอกต่อ	O
_	O
#รีวิว	O
_	O
aroii	O
_	O
at	O
_	O
The	O
Reflexions	O
Modern	O
French	O
Restaurant	O

รีวิว	O
4	O
_	O
วัน	O
กับ	O
_	O
วนว	NORM_1WORD
_	O
หน่อย	O
เป็น	O
4	O
วัน	O
ที่	O
โคตร	O
จะ	O
เหนื่อย	O
สูบ	O
พลัง	O
ชีวิต	O
ไป	O
มหาศาล	O
แต่	O
มัน	O
เป็น	O
4	O
_	O
วัน	O
ที่	O
ไม่	O
รู้	O
จะ	O
เป็น	O
ครั้ง	O
สุดท้าย	O
มั้ย	NORM_1WORD
ที่	O
ได้	O
เจอ	O
_	O
แบบ	O
นี้	O
มัน	O
เหนื่อย	O
มาก	O
_	O
แต่	O
แค่	O
เห็น	O
หน้า	O
ทุกคน	O
ก็	O
มี	O
ความสุข	O
มากๆ	NORM_2WORD
แล้ว	O
_	O
มัน	O
คือ	O
พลังบวก	O
ของ	O
เรา	O
ที่	O
ทำให้	O
มี	O
กำลังใจ	O
ที่	O
จะ	O
ทำ	O
ทุกๆ	NORM_2WORD
อย่าง	O
_	O
#Happy_Wannaone_Day	O
_	O
#wannaone1theworldinbkk	O

บาง	O
ครั้ง	O
พวก	O
นาย	O
อาจ	O
จะ	O
ให้	O
อะไร	O
_	O
หรือ	O
_	O
ใกล้ชิด	O
กับ	O
มี่	O
ประเทศ	O
อื่น	O
ก้	NORM_1WORD
ไม่เป็นไร	O
นะ	O
_	O
เรา	O
รู้	O
ว่า	O
มัน	O
เป็น	O
หน้าที่ๆ	NORM_1WORD
ต้อง	O
ทำ	O
_	O
เรา	O
ไม่	O
สน	O
_	O
แค่	O
ได้	O
เห็น	O
เธอ	O
ได้	O
สนับสนุน	O
เธอ	O
_	O
ได้	O
รัก	O
เธอ	O
อย่างที่	O
เธอ	O
เป็น	O
ก้	NORM_1WORD
พอ	O
แล้ว	O
ไม่	O
ใช่	O
ใน	O
นาม	O
ของ	O
วี	O
bts	O
_	O
แต่	O
รัก	O
เธอ	O
ที่	O
เป็น	O
เธอ	O
_	O
เธอ	O
ที่	O
เป็น	O
คิม	O
แทฮยอง	O
และ	O
แน่นอน	O
ว่า	O
เรา	O
รัก	O
พวก	O
นาย	O
ทั้ง	O
7	O
ไป	O
พร้อมๆ	O
กัน	O
และ	O
เท่าๆ	O
กัน	O

อ้อ	O
_	O
5555555	O
_	O
เห็น	O
ที่	O
เขา	O
บ่น	O
กัน	O
เต็ม	O
เลย	O
_	O
เอา	O
จริงๆ	NORM_2WORD
_	O
ก็	O
แล้ว	O
แต่	O
คน	O
ละเนอะ	O
_	O
นี่	O
ก็	O
เข้าใจ	O
แฟน	O
นิยาย	O
นะ	O
ว่า	O
อาจ	O
จะ	O
รับ	O
ไม่	O
ได้	O
หลายๆ	NORM_2WORD
_	O
จุด	O
_	O
ทั้ง	O
พล็อต	O
_	O
ทั้ง	O
cg	O
_	O
และ	O
อื่นๆ	NORM_2WORD
_	O
แต่	O
นี่	O
ชิลๆ	NORM_2WORD
_	O
อ่ะ	NORM_1WORD
_	O
ได้	O
ดู	O
นักแสดง	O
นำ	O
วั่งเซี่ยน	O
ก็	O
อิ่ม	O
แระ	NORM_1WORD
5555555	O
_	O
เคมี	O
หวังอี้ป๋อ	O
กับ	O
เซียวจ้าน	O
ดี	O
มาก	O
_	O
มอง	O
จาก	O
ดวงจันทร์	O
ก็	O
รู้	O
ว่า	O
รัก	O
กัน	O
_	O
เขินนนนนนนนน	NORM_1WORD
!!	O
_	O
5555555	O

เวนดี้	O
จาก	O
หัวข้อ	O
_	O
คนดัง	O
ที่	O
เปิดเผย	O
การ	O
'	O
ไดเอท	NORM_1WORD
สุด	O
โหด	O
'	O
ที่	O
ทำให้	O
ลด	O
น้ำหนัก	O
สำเร็จ	O
_	O
เวนดี้	O
ได้	O
เปิดเผย	O
ว่า	O
เธอ	O
จะ	O
รู้สึก	O
แย่	O
เวลา	O
อิ่ม	O
ท้อง	O
_	O
แล้ว	O
ก็	O
จะ	O
รู้สึก	O
ดี	O
เวลา	O
มอง	O
เมมเบอร์	NORM_1WORD
กิน	O
ข้าว	O
เผื่อ	O
เธอ	O
_	O
ก่อนหน้า	O
ก็	O
มี	O
แฟนๆ	NORM_2WORD
สังเกต	O
ท่าที	O
ที่	O
กังวล	O
ของ	O
เธอ	O
เวลา	O
จะ	O
กิน	O
อะไร	O
ซัก	NORM_1WORD
อย่าง	O
ใน	O
รายการ	O
_	O
ทำให้	O
แฟนๆ	NORM_2WORD
อด	O
เป็นห่วง	O
ไม่	O
ได้	O
_	O
#Wendy	O
_	O
#RedVelvet	O

เรา	O
ไป	O
ทำ	O
เวร	O
ทำ	O
กรรม	O
กับ	O
แต	O
ไว้	O
ป่าว	O
ว่ะ	O
_	O
ทำไม	O
เรา	O
สู้	O
อะไร	O
แต	O
ไม่	O
ได้	O
เลย	O
_	O
ขนาด	O
คำขวัญ	O
ที่	O
เรา	O
แต่ง	O
เอง	O
ทั้ง	O
คู่	O
_	O
แต่	O
แต	O
ได้	O
ที่	O
3	O
_	O
เรา	O
ได้	O
ชมเชย	O
..	O
มัน	O
ต่าง	O
กัน	O
มาก	O
นะ	O
คิด	O
ว่า	O
เรา	O
ทำ	O
บุญ	O
ละ	O
กัน	O
_	O
แล้ว	O
ก็	O
ขอ	O
ให้หยุด	O
ตั้งแต่	O
จบ	O
ม.	O
3	O
เป็น	O
ต้น	O
ไป	O
เหอะ	O
_	O
เรา	O
อยาก	O
หมด	O
เวร	O
นี้	O
แล้ว	O
_	O
ไม่	O
ใช่	O
ไม่	O
รัก	O
เพื่อน	O
นะ	O
แต่	O
มัน	O
นอย	O
อ่ะ	O
_	O
มัน	O
ควร	O
เป็น	O
เรา	O
ที่ได้	O
_	O
แต่	O
กลับ	O
ไม่	O
ใช่	O
..	O

ยอมรับ	O
ว่า	O
แต่ก่อน	O
คิด	O
ว่า	O
รัฐบาล	O
ใคร	O
จะ	O
ได้	O
ก็	O
ไม่	O
เดือดร้อน	O
หรอก	O
_	O
แต่	O
ที่	O
คิด	O
เพราะ	O
คน	O
ที่	O
เป็น	O
รัฐบาล	O
ก็	O
คือ	O
นักการเมือง	O
_	O
แต่	O
ช่วง	O
หลังๆ	O
สัก	O
สี่ห้า	O
ปี	O
ที่	O
ผ่าน	O
มา	O
ทุก	O
อย่าง	O
มัน	O
เห็น	O
ได้	O
ชัด	O
ว่า	O
รัฐบาล	O
มัน	O
มี	O
ผล	O
อย่าง	O
เห็น	O
ได้	O
ชัด	O
และ	O
มี	O
นัย	O
สำคัญ	O
จริงๆ	NORM_2WORD
_	O
สุดท้าย	O
ก็	O
ขอให้	O
ประเทศ	O
ไทย	O
เดิน	O
ไป	O
ข้าง	O
หน้า	O
จริงๆ	NORM_2WORD
เถอะ	O
อย่า	O
วนลูป	O
แบบ	O
นี้	O
เลย	O
_	O
เบื่อ	O
แล้ว	O

กราบ	O
เรียน	O
ถึง	O
คุณ	O
มิลิน	O
ดอกเทียน	O
_	O
โปรด	O
ปล่อย	O
ตัว	O
_	O
และ	O
/	O
หรือ	O
_	O
แจ้ง	O
ให้	O
คุณ	O
_	O
กานต์ธีรา	O
_	O
มา	O
ทำ	O
การแสดง	O
สด	O
ใน	O
แอปพลิเคชัน	O
_	O
Voov	O
_	O
ภาย	O
ใน	O
วัน	O
นี้	O
ด้วย	O
ครับ	O
_	O
เนื่องจาก	O
มี	O
แฟนๆ	NORM_2WORD
ที่	O
รัก	O
_	O
และ	O
เป็น	O
ห่วง	O
อยาก	O
รอ	O
ชม	O
พัฒนาการ	O
ความน่ารัก	O
ของ	O
คุณ	O
_	O
กานต์ธีรา	O
_	O
อยู่	O
เป็น	O
จำนวน	O
มาก	O
_	O
/	O
/	O
ด้วย	O
รัก	O
_	O
และ	O
อยาก	O
ดู	O
_	O
555555	O
_	O
#BNK48	O
_	O
#NoeyBNK48	O
_	O
#NamneungBNK48	O

บรรยาย	O
_	O
ความรู้สึก	O
งาน	O
_	O
2	O
_	O
shot	O
_	O
รอบ	O
นี้	O
ถือ	O
ว่า	O
เป็น	O
รอบ	O
ที่	O
ชิว	O
ที่	O
สุด	O
_	O
เท่า	O
ที่	O
เคย	O
ร่วม	O
_	O
event	O
_	O
มา	O
ใน	O
รอบ	O
ปี	O
เลย	O
_	O
คน	O
ไม่	O
เยอะ	O
_	O
กำลังดี	O
_	O
เข้า	O
งาน	O
ได้	O
รวดเร็ว	O
_	O
สตาฟ	O
เพียงพอ	O
_	O
มี	O
เสื้อ	O
กั๊ก	O
สี	O
เขียว	O
ให้	O
แยก	O
ออก	O
ด้วย	O
_	O
สตาฟ	O
หน้า	O
เลน	O
_	O
เรียก	O
แถว	O
ค่อนข้าง	O
ไว	O
_	O
แต่	O
ติด	O
ตรง	O
ที่	O
แถว	O
รอ	O
จัด	O
ได้	O
งงๆ	NORM_2WORD
หน่อย	O
_	O
สตาฟ	O
หน้า	O
เลน	O
สิ	O
ค	NORM_1WORD
_	O
น่ารัก	O
มาก	O
_	O
#MusicBNK48	O
_	O
#bnk48	O

เคย	O
รัก	O
เพื่อน	O
มาก	O
ขนาด	O
นี้	O
มั้ย???	NORM_1WORD
_	O
ยอม	O
ทำ	O
ทุก	O
อย่าง	O
เพื่อ	O
ไม่	O
ให้	O
แม่ง	O
รำคาญ	O
_	O
ทำ	O
ทุก	O
อย่าง	O
เพื่อ	O
ให้	O
แม่ง	O
สนใจ	O
_	O
แต่	O
พวก	O
มัน	O
กลับ	O
มองข้าม	O
ไป	O
_	O
ทำ	O
เหมือน	O
กู	O
ไร้	O
ประโยชน์	O
_	O
แต่	O
แค่	O
กู	O
รู้	O
ว่า	O
อีก	O
ไม่	O
นาน	O
เรา	O
ก็	O
อาจ	O
จะ	O
ไม่	O
ได้	O
อยู่	O
ด้วย	O
กัน	O
แบบ	O
นี้	O
แล้ว	O
_	O
กู	O
ก็	O
เริ่ม	O
อยาก	O
จะ	O
ใช้	O
เวลา	O
อยู่	O
กับ	O
พวก	O
มึง	O
ให้	O
มาก	O
ที่สุด	O
_	O
สร้าง	O
ความทรงจำ	O
ดีๆ	NORM_2WORD
ด้วย	O
กัน	O
..	O
รัก	O
พวก	O
มึง	O

เพื่อน	O
กัน	O
ไม่	O
ได้	O
อยู่	O
ที่	O
เวลา	O
จริงๆ	NORM_2WORD
ว่ะ	O
_	O
นี่	O
มา	O
อยู่	O
นี่	O
เพื่อน	O
สนิท	O
คบ	O
กัน	O
ไม่	O
ถึง	O
2	O
ปี	O
_	O
สนิท	O
เหมือน	O
คบ	O
มา	O
แล้ว	O
เป็น	O
10	O
ปี	O
_	O
อีก	O
คน	O
เพิ่ง	O
เจอ	O
กัน	O
ได้	O
2	O
เทอม	O
_	O
คุย	O
กัน	O
ดี	O
ปขนาด	O
ปัญหา	O
ครอบครัว	O
ที่	O
แทบ	O
ไม่	O
มี	O
คน	O
รู้	O
_	O
เรา	O
เป็น	O
คน	O
เพื่อน	O
น้อย	O
_	O
แต่	O
ทุก	O
คน	O
คือ	O
เพื่อน	O
ที่	O
เวลา	O
เจอ	O
ปัญหา	O
พร้อม	O
ที่	O
จะ	O
ช่วย	O
กัน	O
ตลอด	O
เวลา	O
_	O
มา	O
ที่	O
นี่	O
คุ้ม	O
เรื่อง	O
เพื่อน	O
จริงๆ	NORM_2WORD
ว่ะ	O

แล้ว	O
ถาม	O
ว่า	O
รู้สึก	O
ผิด	O
กับ	O
คนคุยปัจจุบัน	O
มั้ย	NORM_1WORD
_	O
รู้สึก	O
ผิด	O
สิ่	NORM_1WORD
_	O
รู้สึก	O
ผิด	O
มากๆ	NORM_2WORD
ที่	O
ยัง	O
เป็นห่วง	O
พี่	O
โบว์	O
เหมือนเดิม	O
_	O
แต่	O
ใน	O
เวลา	O
เดียวกัน	O
ก็	O
รัก	O
แล้ว	O
ก็	O
รู้สึก	O
ดี	O
กับ	O
คนปัจจุบัน	O
มากๆ	NORM_2WORD
_	O
สับสน	O
จริงๆ	NORM_2WORD
นะ	O
_	O
พี่	O
โบว์	O
เป็น	O
เหมือน	O
อะไร	O
สัก	O
อย่าง	O
ที่	O
ดึงใจ	O
ไว้	O
ไม่	O
ให้	O
ไป	O
ไหน	O
_	O
น้อง	O
ยีนส์	O
ก็	O
เหมือน	O
เข้า	O
มา	O
เป็น	O
ความสุข	O
ให้	O
ตัวเอง	O
_	O
คิด	O
แล้ว	O
ก็	O
อยาก	O
ร้อง	O

เออ	O
_	O
ไม่	O
เคย	O
เกท	NORM_1WORD
คอนเซป	NORM_1WORD
ค่าย	O
ธรรม	O
ที่	O
พยายาม	O
เปิด	O
คลิป	O
แม่	O
คลอด	O
ลูก	O
ให้	O
กู	O
ดู	O
เลย	O
_	O
กี	O
ปี่ๆ	NORM_2WORD
ก็	O
ยัง	O
เห็น	O
กลีบ	O
เดิมๆ	NORM_2WORD
_	O
คือ	O
นึก	O
ออก	O
ป่ะ	NORM_1WORD
ว่า	O
บาง	O
คน	O
แบบ	O
ฉัน	O
กลัว	O
เลือด	O
ตรง	O
นั้น	O
มากๆ	NORM_2WORD
_	O
มัน	O
ดู	O
ไม่	O
คลีน	O
_	O
ไม่	O
เข้าใจ	O
ว่า	O
เรา	O
จะ	O
สอน	O
ให้	O
เด็ก	O
รัก	O
แม่	O
ได้	O
โดย	O
เรื่อง	O
อื่นๆ	NORM_2WORD
ไม่	O
ได้	O
เหรอ	O
_	O
คือ	O
แม่	O
กู	O
ไม่	O
ได้	O
ดี	O
กับ	O
กู	O
แค่	O
เพราะ	O
ยอม	O
เจ็บ	O
คลอด	O
กู	O
ออก	O
นะ	O
โว้ย	O
_	O
โคตร	O
ไม่	O
เมคเซ้นท์	NORM_1WORD
!	O

เยอะ	O
ฉิบหาย	O
กับ	O
เรื่อง	O
หมอ	O
_	O
แต่	O
หมอ	O
ไทรอย	O
ด์กู	O
นี่	O
ก็	O
ขั้น	O
สุด	O
_	O
โหด	O
สุด	O
_	O
ระเบียบ	O
สุด	O
_	O
เผด็จการ	O
สุด	O
(	O
ชอบ	O
)	O
_	O
ดู	O
ผล	O
เลือด	O
ปั๊บ	O
รู้	O
เลย	O
ว่า	O
กิน	O
ยา	O
ไม่	O
สม่ำเสมอ	O
ไม่	O
ตรงเวลา	O
บาง	O
วัน	O
9	O
โมง	O
_	O
วัน	O
ต่อมา	O
เลท	NORM_1WORD
ไป	O
สี่	O
ทุ่ม	O
_	O
หมอ	O
ได้รับ	O
ข่าว	O
ว่า	O
มารดา	O
รอ	O
อยู่	O
หน้า	O
ห้องตรวจ	O
เลย	O
เชิญ	O
เข้า	O
มา	O
คุย	O
_	O
สรุป	O
ให้	O
แม่	O
เป็น	O
คน	O
ถือ	O
ยา	O
_	O
ให้	O
ไม่	O
ตรงเวลา	O
ลูก	O
ไม่	O
หาย	O
ใคร	O
ผิด	O
/	O
กราบ	O
หมอ	O

สดใส	O
_	O
นุ่มนวล	O
_	O
น่ารัก	O
ได้	O
แค่	O
สอง	O
เพลง	O
_	O
มา	O
เพลง	O
ที่	O
4	O
นี่	O
เหมือน	O
อัดอั้น	O
ฉัน	O
จะ	O
ปล่อย	O
ผี	O
5555	O
_	O
IKIJIBIKI	O
_	O
กับ	O
ยัยทาก	NORM_1WORD
นั้นเอง	NORM_1WORD
_	O
เพลง	O
จังหวะ	O
เร็ว	O
ของ	O
แรด	O
สไตล์	O
เดียว	O
กับ	O
_	O
Dugout	O
_	O
แถม	O
ได้	O
ไลน์	O
กีตาร์	O
โหดๆ	NORM_2WORD
_	O
จาก	O
คูวะ	O
_	O
ไม่	O
ได้	O
ฟัง	O
สไตล์	O
แบบ	O
นี้	O
มา	O
ตั้งแต่	O
_	O
บั้ม	NORM_1WORD
_	O
Zettaizetsumei	O
_	O
แล้ว	O
_	O
เรื่อง	O
เนื้อเพลง	O
เรา	O
จะ	O
ไม่	O
พูด	O
ถึง	O
มัน	O
นะ	O
_	O
เรท	NORM_1WORD
กว่า	O
_	O
G	O
Koui	O
_	O
55	O

Rina	O
Izuta	O
_	O
you	O
_	O
are	O
_	O
the	O
_	O
best	O
.	O
_	O
เข้าใจ	O
เลย	O
ทำไม	O
น้องๆ	NORM_2WORD
ใน	O
_	O
#BNK48	O
_	O
ถึง	O
รัก	O
พี่สาว	O
คน	O
นี้	O
มาก	O
รวม	O
ถึง	O
เมมเบอร์	NORM_1WORD
คน	O
อื่นๆ	NORM_2WORD
ที่	O
ญี่ปุ่น	O
ด้วย	O
_	O
หลังจาก	O
ได้	O
ดู	O
งานเลือกตั้ง	O
วันนี้	O
รู้สึก	O
ดีใจ	O
และ	O
ขอบคุณ	O
จริงๆ	NORM_2WORD
ที่	O
รินะ	O
เลือก	O
ที่	O
จะ	O
มา	O
อยู่	O
กับ	O
BNK48	O
_	O
ถึง	O
จะ	O
ไม่	O
ได้	O
อันดับ	O
แต่	O
น่า	O
จะ	O
ได้	O
ใจ	O
ใคร	O
หลายๆ	NORM_2WORD
คน	O
ไป	O
นะ	O
ครับ	O
_	O
#RinaIzutaBNK48	O
_	O
#WorldSenbatsuTH	O

ติด	O
เพื่อน	O
มาก	O
_	O
ชอบ	O
โมเมนต์	O
ที่	O
วันเกิด	O
เพื่อน	O
แล้ว	O
ทุก	O
คน	O
มี	O
งาน	O
_	O
บ้าน	O
ก็	O
ไกล	O
กัน	O
_	O
บาง	O
คน	O
ไม่	O
มี	O
รถ	O
_	O
แต่	O
เคลียร์	O
งาน	O
ทุก	O
อย่าง	O
ของ	O
ตัวเอง	O
ทันที	O
ที่	O
เพื่อน	O
เจ้าของ	O
วันเกิด	O
บอก	O
ว่า	O
ว่าง	O
_	O
เหงา	O
_	O
แต่	O
มี	O
เวลา	O
แค่	O
2	O
ชม.	O
จะ	O
ไป	O
กินเลี้ยง	O
กับ	O
ครอบครัว	O
_	O
แล้ว	O
ทุก	O
คน	O
ก็	O
ไป	O
ที่	O
บ้าน	O
เพื่อน	O
คน	O
นั้น	O
_	O
แค่	O
ไป	O
นั่ง	O
คุย	O
_	O
หา	O
อะไร	O
กิน	O
_	O
ไม่	O
มี	O
อะไร	O
พิเศษ	O
_	O
แต่	O
อบอุ่น	O
โคตร	O

วัน	O
เข้าค่าย	O
ลูกเสือ	O
_	O
ไป	O
เข้า	O
ห้องน้ำ	O
กะ	NORM_1WORD
เพื่อน	O
ตอน	O
กลาง	O
คืน	O
โดย	O
ที่	O
เพื่อน	O
เรา	O
ก็	O
อยู่	O
ใน	O
ห้องน้ำ	O
ด้วย	O
เพราะ	O
กลัว	O
ผี	O
ไม่	O
กล้า	O
เข้า	O
คน	O
เดียว	O
_	O
ประเด็น	O
คือ	O
_	O
ประตู	O
ห้องน้ำ	O
พัง	O
_	O
เลย	O
ให้	O
เพื่อน	O
มัน	O
คอย	O
ดู	O
ให้	O
_	O
แต่	O
เพื่อน	O
แม่ง	O
เสือก	O
แกล้ง	O
เปิด	O
ประตู	O
_	O
แล้ว	O
สำคัญ	O
คือ	O
รุ่น	O
พี่	O
ที่	O
ชอบ	O
ผ่าน	O
มา	O
พอดี	O
จ้า	O
_	O
ดี	O
นะ	O
มัน	O
มืด	O
ไม่	O
งั้น	O
...	O
#เรื่องมันช่างน่าอาย	O

ทริก	O
สำหรับ	O
คน	O
ที่	O
เล่น	O
เอ็มม่า	O
นะ	O
คะ	O
_	O
อย่า	O
เน้น	O
ถอน	O
เก้าอี้	O
_	O
และ	O
ห้าม	O
ถอน	O
ใกล้	O
เพื่อน	O
ที่	O
กำลัง	O
ถอด	O
รหัส	O
เด็ดขาด	O
_	O
ให้	O
เอา	O
เอมม่า	O
ไป	O
ดีโค้ด	O
แทน	O
เพราะ	O
เรา	O
ชนะ	O
เกม	O
ได้	O
ก็ต่อเมื่อ	O
ดีโค้ด	O
ครบ	O
5	O
เครื่อง	O
_	O
เน้น	O
เกม	O
เร็ว	O
_	O
อย่า	O
เสีย	O
เวลา	O
ถอน	O
เก้าอี้	O
เลย	O
_	O
ยิ่ง	O
เลท	NORM_1WORD
เกม	O
ฮัน	O
ก็	O
ยิ่ง	O
โหด	O
_	O
เรา	O
ถอน	O
ไป	O
ถ้า	O
ฮัน	O
เอา	O
สกิล	NORM_1WORD
ซ่อม	O
มา	O
ก็	O
เสีย	O
เวลา	O
เปล่า	O
นะ	O
_	O
#IdentityVTH	O

รีวิว	O
_	O
Lucidol	O
_	O
-	O
_	O
L	O
_	O
Argan	O
_	O
Oil	O
_	O
hair	O
_	O
เป็น	O
ออย	O
ที่	O
ได้	O
แจก	O
_	O
ใช้	O
ไป	O
งั้นๆ	O
_	O
แบบ	O
ทดลอง	O
_	O
8ml	O
_	O
ตอน	O
ใช้	O
ชอบ	O
มาก	O
เพราะ	O
หอม	O
_	O
ผม	O
ลื่น	O
นิ่ม	O
และ	O
เบา	O
_	O
แล้ว	O
เสีย	O
น้อย	O
ลง	O
_	O
เพราะ	O
เป็น	O
คน	O
ไดร์	O
ผม	O
_	O
หนีบ	O
ผม	O
_	O
ผม	O
จะ	O
เสีย	O
หนัก	O
มาก	O
พอใช้	O
หมด	O
_	O
อยาก	O
ซื้อ	O
เลย	O
ไป	O
_	O
รีเสริท	O
ขอมูล	NORM_1WORD
เพิ่ง	O
รู้	O
ว่า	O
มัน	O
เป็น	O
แบรนด์	O
จาก	O
ญี่ปุ่น	O
_	O
ได้รับ	O
รางวัล	O
_	O
Cosme	O
_	O
Award	O
_	O
ด้วย	O
_	O
#HowtoPerfect	O

ยืนยัน	O
อีก	O
เสียง	O
ว่า	O
ควร	O
ใช้	O
_	O
ไอเท็ม	NORM_1WORD
รักษา	O
สิว	O
ราคา	O
หลัก	O
ร้อย	O
ที่	O
คน	O
รีวิว	O
เยอะ	O
มาก	O
_	O
ทุก	O
ครั้ง	O
ที่	O
หน้า	O
พัง	O
_	O
เรา	O
ก็	O
จะ	O
กลับ	O
มา	O
ซบ	O
นาง	O
555	O
_	O
สิว	O
ยุบ	O
ผด	O
หาย	O
_	O
รอยดำ	O
จาง	O
_	O
ผิว	O
เนียนฉ่ำวาว	O
ดู	O
สุขภาพ	O
ดี	O
ขึ้น	O
_	O
จาก	O
หน้า	O
ศพ	O
กลับ	O
มา	O
หน้า	O
ปัง	O
ได้	O
อะ	O
_	O
แต่ง	O
หน้า	O
ติด	O
ทน	O
ด้วย	O
ไม่	O
ต้อง	O
ถาม	O
ว่า	O
กี่	O
ขวด	O
แล้ว	O
คือ	O
รัก	O
มาก	O
_	O
ไม่ดีจริงให้ตบ	O
_	O
#howtobeauty	O
_	O
ไม่	O
รับ	O
ฝาก	O
ร้าน	O

ตาม	O
หลัก	O
ถ้า	O
แกรด	O
ออก	O
ไป	O
แล้ว	O
ก็	O
ยัง	O
สามารถ	O
กลับ	O
มา	O
ใด้	NORM_1WORD
อีก	O
นะ	O
ใน	O
รุ่น	O
อื่นๆ	NORM_2WORD
_	O
akb48	O
_	O
ก็	O
เคย	O
มี	O
เหตุการ	NORM_1WORD
อย่าง	O
นี้	O
นี่	O
_	O
ถ้า	O
ยังไง	NORM_1WORD
ก้	NORM_1WORD
กลับ	O
มา	O
นะ	O
เช่	O
_	O
กลัว	O
ใจ	O
อย่าง	O
เดียว	O
_	O
ถ้า	O
มี	O
คน	O
อื่น	O
โดน	O
ยื่น	O
ข้อเสนอ	O
แบบ	O
นี้	O
มา	O
อีก	O
_	O
อย่าง	O
พวก	O
ที่	O
ความสามารถ	O
สูงๆ	O
_	O
ปัญ	O
_	O
ปราง	O
_	O
เจนิส	O
_	O
ทีนี้	O
จะ	O
เกิด	O
อะไร	O
ขึ้น	O
_	O
ต้อง	O
โดน	O
แบบ	O
นี้	O
อีก	O
มั้ย	NORM_1WORD
#JanBNK48	O
_	O
#BNK48	O
_	O
โอตะ	O
สู้ๆ	O
!!	O

ที่	O
เริ่ม	O
ชอบ	O
_	O
ผ	O
_	O
เหรอ	O
_	O
เห็น	O
คลิป	O
นี้	O
เลย	O
เริ่ม	O
สนใจ	O
_	O
ว่า	O
ดู	O
นิสัย	O
ดี	O
_	O
แล้ว	O
หลัง	O
วัน	O
_	O
9	O
en	O
_	O
เห็น	O
กระทู้	O
ใน	O
พันทิป	O
เรื่อง	O
รางวัล	O
เลย	O
ไป	O
อ่าน	O
_	O
เห็น	O
คลิป	O
สาบาน	O
ตน	O
ว่า	O
จะ	O
เป็น	O
สามี	O
ที่	O
ดี	O
_	O
(	O
คิด	O
ใน	O
ใจ	O
_	O
เห้ยย	NORM_1WORD
_	O
หล่อ	O
งี้	O
เลย	O
เหรอ	O
)	O
_	O
เลย	O
ตาม	O
ไป	O
ดู	O
ไลฟ์	O
เก่า	O
_	O
เจอ	O
รีวิว	O
อาหาร	O
_	O
รพ	NORM_1WORD
_	O
คิด	O
อีก	O
..	O
ป่วย	O
ยัง	O
หล่อ	O
ขนาด	O
นี้	O
..	O
เลย	O
เป็น	O
นุช	O
เลย	O
_	O
555	O
_	O
ใช่	O
ค่ะ	O
_	O
บ้า	O
_	O
ผช	NORM_1WORD
_	O
มากก	NORM_1WORD

ไม่	O
ใช่	O
Fc	O
วง	O
นี้	O
แต่	O
เข้าใจ	O
ฟิว	NORM_1WORD
แบบ	O
นี้	O
ดี	O
_	O
จากที่	O
ดู	O
มิวสิค	O
มี	O
ความสามารถ	O
ด้าน	O
การเต้น	O
นะ	O
_	O
โดดเด่น	O
กว่า	O
ทุก	O
คน	O
_	O
ทำ	O
ใน	O
ส่วน	O
ที่	O
ถนัด	O
ที่	O
เป็นตัวของตัวเอง	O
ให้	O
สุดๆ	O
จะ	O
ได้	O
มี	O
ค.สุข	NORM_1WORD
ใน	O
การสู้	O
ต่อ	O
_	O
โอกาส	O
มัน	O
อาจ	O
จะ	O
มา	O
ช้า	O
หน่อย	O
_	O
อดทน	O
นะ	O
สู้ๆ	O
_	O
คนเก่ง	O
ก็	O
คือ	O
พยายาม	O
มาก	O
มา	O
แล้ว	O
_	O
มัน	O
มี	O
คน	O
เห็น	O
_	O
ขนาด	O
คนนอก	O
อย่าง	O
เรา	O
ยัง	O
เห็น	O
เลย	O
_	O
#MusicBNK48	O
_	O
#bnk48	O

ใน	O
หัว	O
กู	O
คิด	O
แต่	O
อะไร	O
วิจิตร	O
พิศดาร	O
พวก	O
นี้	O
จริงๆ	NORM_2WORD
หรอ	O
วะ	O
_	O
แบบ	O
_	O
ตอน	O
นั้น	O
เจมส์	O
กับ	O
เฌอ	O
มา	O
เล่น	O
ภาพยนตร์	O
ด้วย	O
กัน	O
_	O
#	O
เจมส์	O
เฌอ	O
_	O
มัน	O
ไม่	O
ค่อย	O
โอ	NORM_1WORD
อ่ะ	O
_	O
เพราะ	O
พิ	NORM_1WORD
เฌอ	O
แมน	O
กว่า	O
_	O
เลย	O
เป็น	O
_	O
#	O
เฌอ	O
เจมส์	O
_	O
ตอน	O
นี้	O
เติร์ด	O
กับ	O
วี	O
มา	O
เล่น	O
ภาพยนตร์	O
ด้วย	O
กัน	O
_	O
บับ	NORM_1WORD
_	O
#	O
เติร์ด	O
วี	O
_	O
มัน	O
ก็	O
ได้	O
_	O
แต่	O
_	O
#	O
วี	O
เติร์ด	O
_	O
มัน	O
ดี	O
กว่า	O
อ่ะ	O
_	O
คือ	O
หนู	O
จะ	O
แมน	O
ไป	O
ไหน	O
วี๊!!!	NORM_1WORD
_	O
#	O
bnk48	O
_	O
#	O
9by9	O
TH	O

มา	O
ถึง	O
รอบ	O
คอนเส็ป	NORM_1WORD
ใน	O
รายการ	O
คือ	O
โหด	O
มากๆ	NORM_2WORD
โน	O
กล้อง	O
_	O
โน	O
นู้นนี่	NORM_1WORD
เต็ม	O
ไป	O
หมด	O
_	O
แต่	O
ก็	O
นะ	O
พีดี	O
101	O
กับ	O
สปอย	NORM_1WORD
คือ	O
ของ	O
คู่	O
กัน	O
555	O
สุดท้าย	O
ก็	O
มี	O
รูป	O
หลุด	O
มา	O
จน	O
ได้	O
แต่	O
อน.	O
นัง	NORM_1WORD
ก็	O
ขู่	O
ว่า	O
ถ้า	O
มี	O
รูป	O
เด็ก	O
คน	O
ไหน	O
ใน	O
รอบ	O
คส.	NORM_1WORD
หลุด	O
มา	O
เด็ก	O
คน	O
นั้น	O
จะ	O
โดน	O
ตัด	O
แอร์ไทม์	O
_	O
เลย	O
ต้อง	O
หวีด	O
แบบ	O
เงียบๆ	O
กัน	O
พี่	O
อยาก	O
หวีด	O
ใส่	O
ทล.	NORM_1WORD
มาก	O
แต่	O
ทำ	O
ได้	O
แค่	O
เซฟ	O
รูป	O
แล้ว	O
นั่ง	O
กรี๊ด	O
คน	O
เดียว	O
5555	O

ช่วง	O
นึง	O
ผม	O
ได้	O
ยิน	O
ข่าว	O
เกี่ยวกับ	O
เบอร์โทร	NORM_1WORD
แปลกๆ	NORM_2WORD
_	O
ละ	O
มา	O
วัน	O
นึง	O
ก็	O
มี	O
เบอร์	NORM_1WORD
แปลก	O
โทร	O
มา	O
ขึ้น	O
ด้วย	O
0	O
1	O
0	O
_	O
ถ้า	O
จำ	O
ไม่	O
ผิด	O
_	O
ผม	O
ก็	O
ไม่	O
รับ	O
ไง	O
แบบ	O
กลัว	O
ด้วย	O
_	O
โทร	O
ครั้ง	O
แรก	O
ตอน	O
เที่ยง	O
_	O
อีก	O
รอบ	O
ตอน	O
เกือบ	O
บ่าย	O
รอบ	O
สุดท้าย	O
คือ	O
บ่ายครึ่ง	O
ตอนนั้น	O
โทร	O
มา	O
3	O
ครั้ง	O
ติด	O
_	O
ผม	O
ก็	O
เลย	O
เออ	O
รับ	O
ละ	O
ปรากฏ	O
ว่า	O
ไปรษณี	NORM_1WORD
มา	O
ส่ง	O
ของ	O
แต่	O
ไม่	O
มี	O
คน	O
อยู่	O
บ้าน	O
..	O
_	O
#เรื่องมันช่างน่าอาย	O

กู	O
ไม่	O
เข้าใจ	O
ทำไม้	NORM_1WORD
วบา	O
เพจ	O
เค้า	NORM_1WORD
รีวิว	O
หนัง	O
_	O
แล้ว	O
แบบ	O
เพจ	O
ให้	O
คะแนน	O
น้อย	O
_	O
ก็	O
ไป	O
บ่น	O
ไป	O
ว่า	O
_	O
แอดมิน	O
เค้า	NORM_1WORD
วะ	O
_	O
เค้า	NORM_1WORD
ก็	O
รีวิว	O
ใน	O
มุมมอง	O
เค้า	NORM_1WORD
ป้ะ	NORM_1WORD
_	O
ล่าสุด	O
_	O
end	O
_	O
game	O
_	O
เพจ	O
ให้	O
น้อย	O
_	O
ก็	O
มี	O
คน	O
ไป	O
บ่น	O
_	O
นู่นนี่	O
_	O
เอ้า	O
_	O
เขา	O
ผิด	O
ไร	O
_	O
กู	O
แฟน	O
มาเวล	O
กู	O
ยัง	O
ไม่	O
รู้สึก	O
อะไร	O
เลย	O
_	O
เห็น	O
ด้วย	O
กับ	O
เค้า	NORM_1WORD
บาง	O
ฉาก	O
ด้วย	O
ซ้ำ	O
_	O
มึง	O
ชอบ	O
ก็	O
คือ	O
มึง	O
ชอบ	O
สิ	O
_	O
จะ	O
เอา	O
ความชอบ	O
ของ	O
แต่	O
ละ	O
คน	O
ไป	O

ตอนนี้	O
มี	O
นุช	O
บาง	O
กลุ่ม	O
เท่า	O
นั้น	O
ที่	O
ตื่นตัว	O
_	O
และ	O
กำลัง	O
คน	O
เรา	O
ไม่	O
พอ	O
_	O
จะ	O
ทำ	O
ยังไง	O
ให้	O
เทรน	O
มัน	O
ขึ้น	O
เร็ว	O
_	O
1	O
.	O
เรา	O
ต้อง	O
ขอ	O
กำลัง	O
จาก	O
แอค	O
ใหญ่	O
ที่	O
มี	O
ยอด	O
ฟอล	NORM_1WORD
เยอะ	O
_	O
ให้	O
เขา	O
ช่วย	O
ติด	O
2	O
#	O
และ	O
อยาก	O
ให้	O
เรา	O
ไป	O
ฟอล	NORM_1WORD
เขา	O
เพื่อ	O
ช่วย	O
ไป	O
รีทวิต	O
ให้	O
เขา	O
_	O
เดี๋ยว	O
อันนี้	O
นุช	O
จะ	O
โควท	O
ทวิต	NORM_1WORD
นี้	O
ขอ	O
ความ	O
ช่วย	O
เหลือ	O
จาก	O
เขา	O
_	O
แล้ว	O
นุช	O
สาย	O
ปั่น	O
ตาม	O
ไป	O
ฟอล	NORM_1WORD
นะ	O
_	O
(	O
4	O
)	O
_	O
#เป๊กผลิตโชค	O

#ขายหนังสือมือสอง	O
_	O
#gatpat	O
_	O
#onet	O
_	O
#กสพท	O
_	O
#9วิชาสามัญ	O
_	O
#เด็กซิ่ว	O
_	O
#สังคมศึกษา	O
_	O
#หนังสือมือสองสภาพดี	O
_	O
#หนังสือเตรียมสอบ	O
_	O
#หนังสือมือสอง	O
_	O
#หนังสือมือ2	O
_	O
#หนังสือเรียน	O
_	O
#dek63	O
_	O
#หนังสือสังคม	O
_	O
#หนังสือสภาพดี	O
_	O
#ขายหนังสือ	O
_	O
#หนังสือเรียนพิเศษ	O
_	O
#หนังสือกวดวิชา	O
_	O
#สอบตรง	O
_	O
#ภาษา	O
ไทย	O
_	O
#เตรียมสอบ	O
_	O
#สอบครูผู้ช่วย	O

เป็น	O
เรื่อง	O
ของ	O
เพื่อน	O
อิ	O
นี่	O
เอง	O
_	O
คือ	O
ตอน	O
เด็กๆ	NORM_2WORD
_	O
มัน	O
บอก	O
มัน	O
สงสาร	O
แมงเม่า	O
_	O
เห็น	O
มัน	O
บิน	O
ไม่	O
ได้	O
_	O
มัน	O
เลย	O
เก็บ	O
มา	O
เลี้ยง	O
_	O
เอา	O
ไป	O
ใส่	O
ไว้	O
ใน	O
ลิ้นชัก	O
ใน	O
ห้องนอน	O
มัน	O
_	O
ห่ม	O
ผ้า	O
ให้	O
ด้วย	O
นะ	O
_	O
(	O
ไม่	O
มั่นใจ	O
ว่า	O
มัน	O
ใช้	O
อะไร	O
ห่ม	O
)	O
_	O
แล้ว	O
พอ	O
เช้า	O
มา	O
มัน	O
ก็	O
หาย	O
ไป	O
_	O
จน	O
ปัจจุบัน	O
นี้	O
มัน	O
ยัง	O
ไม่	O
รู้เลย	O
ว่า	O
หาย	O
ไป	O
อยู่	O
ไหน	O
_	O
กู	O
ละ	O
วงวาร	NORM_1WORD
แมงเม่า	O
_	O
#เรื่องมันช่างน่าอาย	O

ไป	O
อ่าน	O
นส	NORM_1WORD
ที่	O
หอสมุด	O
_	O
มี	O
กลุ่ม	O
นึง	NORM_1WORD
ลุก	O
ไป	O
นั่ง	O
อีก	O
โต๊ะ	O
แต่	O
เหลือ	O
ขวดน้ำ	O
เอา	O
ไว้	O
เพื่อน	O
ก็	O
แบบ	O
นั่ง	O
ได้	O
ปะ	NORM_1WORD
วะ	O
คง	O
ได้	O
แหละ	O
สรุป	O
ก็	O
ย้าย	O
ไป	O
แต่	O
พอ	O
นั่ง	O
ปุ๊ป	NORM_1WORD
กลุ่ม	O
ที่	O
ลุก	O
ออก	O
ไป	O
เมื่อกี้	O
ชี้	O
มา	O
ที่	O
โต๊ะ	O
เรา	O
แล้ว	O
หัวเราะ	O
กับ	O
เพื่อน	O
ที่	O
มา	O
ใหม่	O
_	O
นี่	O
ก็	O
ยก	O
มือ	O
ไหว้	O
ตรง	O
นั้น	O
เลย	O
ว่า	O
หนู	O
ขอโทษ	O
ค่า	NORM_1WORD
เขิน	O
กว่า	O
เดิม	O
เพราะ	O
เป็น	O
วิศวะ	O
55555	O
_	O
#เรื่องมันช่างน่าอาย	O

เคย	O
อ่าน	O
นิยาย	O
เรื่อง	O
นึง	NORM_1WORD
หรือ	O
ฟิค	NORM_1WORD
นี่	O
แหละ	O
นาน	O
มาก	O
แล้ว	O
_	O
นายเอก	O
เป็น	O
โรคซึมเศร้า	O
แต่	O
อาการ	O
ก็	O
ดี	O
ขึ้น	O
เรื่อยๆ	NORM_2WORD
_	O
ตอนจบ	O
นายเอก	O
ฆ่าตัวตาย	O
ทั้งๆที่	NORM_3PLUS
วัน	O
นั้น	O
เป็น	O
วัน	O
ที่	O
ดี	O
มากๆ	NORM_2WORD
_	O
วัน	O
ที่	O
สดใส	O
_	O
วัน	O
ที่	O
แม้	O
กระทั่ง	O
ท้องฟ้า	O
ยัง	O
ปลอดโปร่ง	O
_	O
วัน	O
ที่	O
น่า	O
จะ	O
ต้อง	O
มี	O
ความสุข	O
ที่สุด	O
_	O
แต่	O
วัน	O
สุดท้าย	O
ก็	O
คง	O
ไม่	O
มี	O
สัญญาณเตือน	O
หรอก	O
_	O
วัน	O
นั้น	O
ก็	O
คือ	O
วัน	O
นั้น	O

ปกติ	O
ก็	O
รู้	O
ว่า	O
ตัวเอง	O
เป็น	O
คน	O
อ่าน	O
หนังสือ	O
(	O
นิยาย	O
)	O
เยอะ	O
มากๆ	NORM_2WORD
อยู่	O
แล้ว	O
_	O
แต่	O
ไม่	O
เคย	O
นับ	O
ว่า	O
ซื้อ	O
ไป	O
เท่าไร	O
บ้าง	O
_	O
จน	O
ล่าสุด	O
คือ	O
ชอบ	O
ซื้อ	O
ผ่าน	O
ออนไล	NORM_1WORD
มากก	NORM_1WORD
_	O
แล้ว	O
ตัด	O
ผ่าน	O
บัตร	O
แม่	O
ตลอดๆ	NORM_2WORD
_	O
จน	O
แม่	O
บอก	O
หยุด	O
เถอะ	O
_	O
นี่	O
ก็	O
แบบ	O
มัน	O
เยอะ	O
ขนาด	O
นั้น	O
เลย	O
หรอ	O
_	O
เลย	O
เอา	O
บิล	O
มา	O
ดู	O
_	O
เออ	O
ค่ะ	O
_	O
เยอะ	O
จริง	O
_	O
บาง	O
เดือน	O
แบบ	O
ค่า	O
หนังสือ	O
ครึ่ง	O
หมื่น	O
_	O
แล้ว	O
คือ	O
อ่าน	O
ไม่	O
จบ	O
55555555	O

Queen	O
_	O
of	O
_	O
mystery	O
2	O
_	O
10	O
/	O
10	O
แนะนำ	O
ให้	O
ดู	O
ภาค	O
แรก	O
ก่อน	O
จ้า	O
(	O
รีวิว	O
ไว้	O
แล้ว	O
)	O
_	O
สนุก	O
ทั้ง	O
สอง	O
ภาค	O
แน่นอน	O
_	O
ภาค	O
นี้	O
คดี	O
จะ	O
ตื่นเต้น	O
กว่า	O
นะ	O
_	O
คือ	O
อยาก	O
ให้	O
ดู	O
จีงๆ	NORM_1WORD
อ่ะ	O
_	O
มัน	O
อาจ	O
จะ	O
ไม่	O
ดัง	O
มาก	O
นะ	O
_	O
แต่	O
โคตร	O
สนุก	O
ภาค	O
นี้	O
จะ	O
เฉลย	O
ปม	O
จาก	O
ภาค	O
แรก	O
มา	O
ด้วย	O
นะ	O
_	O
มี	O
นักแสดง	O
ใหม่	O
เพิ่ม	O
ขึ้น	O
_	O
สนุก	O
มาก	O
จริงๆ	NORM_2WORD
_	O
#รีวิวซีรี่ย์	O
เกาหลี	O
_	O
#รีวิวซีรี่ย์	O
_	O
ทั้ง	O
สอง	O
ดู	O
ใน	O
viu	O
จ้า	O

อ่ะ	NORM_1WORD
_	O
มา	O
ถึง	O
สเตชั่น	NORM_1WORD
สุดท้าย	O
ละ	NORM_1WORD
_	O
สเตชั่น	NORM_1WORD
ที่	O
_	O
4	O
_	O
ชื่อ	O
ว่า	O
_	O
Cocoon	O
_	O
จะ	O
เป็น	O
เสมือน	O
ถ้ำต้นไม้	O
_	O
ให้	O
เรา	O
มุด	O
เข้า	O
ไป	O
นอน	O
ข้าง	O
ใน	O
_	O
แล้ว	O
พอ	O
มอง	O
ขึ้น	O
ไป	O
ด้าน	O
_	O
ลืม	O
ตา	O
นะ	O
ขึ้น	O
นะ	O
_	O
จะ	O
รู้สึก	O
แบบ	O
_	O
โพคาฮอนทัส	O
มากกกก	NORM_1WORD
_	O
กู	O
อยู่	O
ใน	O
ป่า	O
มาก	O
_	O
สบายตา	O
มาก	O
_	O
สดชื่น	O
สุด	O
ขีด	O
_	O
อ่ะ	NORM_1WORD
_	O
แทบ	O
จะ	O
อยาก	O
นอน	O
ใน	O
นั้น	O
ไป	O
เลย	O
จน	O
ห้าง	O
ปิด	O
_	O
555	O
_	O
อ่ะ	NORM_1WORD
_	O
จบ	O
การรีวิว	O
ละ	NORM_1WORD
_	O
มา	O
ลอง	O
เล่น	O
กัน	O
ได้	O
เด้อ	O

เธอ	O
รู้	O
ไหม	O
ทำไม	O
ฉัน	O
จึง	O
รัก	O
เขา	O
เธอ	O
รู้ตัว	O
หรือ	O
เปล่า	O
ว่า	O
เธอ	O
เอง	O
ก็	O
ห่างเหิน	O
_	O
เธอ	O
รู้	O
ไหม	O
ว่า	O
การที่	O
ถูก	O
หมางเมิน	O
และ	O
การต้อง	O
ทน	O
เผชิญ	O
ควาเหงา	NORM_1WORD
เปล่าเปลี่ยว	O
ทุก	O
วัน	O
มัน	O
เกิน	O
จะ	O
ทน	O
_	O
เขา	O
คน	O
เดียว	O
_	O
ห่วงใย	O
ใกล้ชิด	O
เขา	O
คน	O
เดียว	O
ติดตาม	O
เหมือดัง	NORM_1WORD
เป็น	O
เงา	O
_	O
เมื่อ	O
เธอ	O
ห่างเหิน	O
เขา	O
เป็น	O
คน	O
ที่	O
คลาย	O
เหงา	O
ปลอบประโลม	O
เมื่อยาม	O
ที่	O
เศร้า	O
เมื่อ	O
ไม่	O
มี	O
ผู้	O
ใด	O

รับ	O
กด	O
บัตรคอน	NORM_1WORD
_	O
#TWICE	O
_	O
เหลือ	O
ไม่กี่	O
คิว	O
_	O
รับ	O
ไม่	O
เยอะ	O
ค่ะ	O
_	O
กด	O
หน้า	O
เคาเตอร์	NORM_1WORD
_	O
มี	O
ประสบการณ์	O
หลาย	O
คอน	NORM_1WORD
_	O
รัน	O
คิว	O
หน้า	O
เคาเตอร์	NORM_1WORD
ไม่	O
เคย	O
เกิน	O
10	O
_	O
มี	O
รีวิว	O
_	O
ขอ	O
ดู	O
หลักฐาน	O
การมี	O
ตัวตน	O
ได้	O
ค่ะ	O
_	O
ราคา	O
ไม่	O
แพง	O
_	O
คุย	O
กัน	O
ก่อน	O
ได้	O
_	O
*	O
ไม่	O
ออก	O
ให้	O
ก่อน	O
ทุก	O
กรณี	O
_	O
#รีวิวmxxkki	O
_	O
#TWICEWORLDTOUR2019	O
_	O
#TWICEWORLDTOUR2019inBKK	O
_	O
#TWICELIGHTSinBANGKOK	O

มา	O
รีวิว	O
หลัง	O
ได้	O
รับ	O
บัตร	O
เป็น	O
ที่	O
เรียบร้อย	O
_	O
เรา	O
ซื้อ	O
บัตร	O
ต่อ	O
จาก	O
พี่	O
เค้า	NORM_1WORD
_	O
ใน	O
ที่	O
ราคา	O
เท่า	O
ทุน	O
เลย	O
_	O
พี่	O
เค้า	NORM_1WORD
ใจดี	O
ไม่	O
บวก	O
เพิ่ม	O
ไร	O
เลย	O
_	O
แถม	O
เป็น	O
คน	O
เชียงใหม่	O
ด้วย	O
กัน	O
อีก	O
_	O
ดี	O
คะ	O
_	O
ได้	O
บัตร	O
_	O
แถม	O
ได้	O
เพื่อน	O
ใหม่	O
ด้วย	O
_	O
ขอ	O
อานิสงค์	NORM_1WORD
จาก	O
การแบ่งกัน	NORM_1WORD
ความสุข	O
นี้	O
_	O
ช่วย	O
พี่	O
เค้า	NORM_1WORD
ได้	O
_	O
sound	O
รอบ	O
ซ้อม	O
บังทัน	O
ด้วย	O
นะ	O
คะ	O
_	O
ปล	NORM_1WORD
เอา	O
น้อง	O
ไป	O
ด้วย	O
winedecember	O

เวลา	O
ที่	O
เรา	O
จอง	O
โฮส	O
_	O
เรา	O
รับรู้	O
ได้	O
นะ	O
ว่า	O
_	O
โฮส	O
บริการ	O
เรา	O
ด้วย	O
ฟีลลิ่ง	O
ไหน	O
_	O
55555	O
_	O
อยาก	O
บริการ	O
หรือ	O
แค่	O
ทำ	O
ส่งๆ	O
ไป	O
_	O
แน่นอน	O
ว่า	O
ตอน	O
เรา	O
เป็น	O
โฮส	O
_	O
เรา	O
ก็	O
ไม่	O
ได้	O
เต็มที่	O
ทุก	O
ครั้ง	O
หรอก	O
_	O
ใน	O
ฐานะ	O
ลูกค้า	O
ที่	O
จอง	O
โฮส	O
_	O
ถ้า	O
โฮส	O
สื่อ	O
ให้	O
รู้สึก	O
จริงๆ	NORM_2WORD
ว่า	O
เขา	O
อยาก	O
ทำ	O
ให้	O
เรา	O
มี	O
ความสุข	O
_	O
รีวิว	O
ยี่	O
สิบ	O
บรรทัด	O
เรา	O
ก็	O
อยาก	O
ให้	O
อ่ะ	O
_	O
ยกตัวอย่าง	O
คุณ	O
ดีน	O
_	O
555555	O

เหนื่อย	O
เป็น	O
บาง	O
ครั้ง	O
...	O
เนือยๆ	O
เอื่อยๆ	O
_	O
เปิด	O
เวิร์ด	O
มา	O
วาง	O
พล็อต	O
แต่	O
นึก	O
ดีเทล	O
ไม่	O
ออก	O
ก็	O
ต้อง	O
ไป	O
หา	O
เพลง	O
ฟัง	O
หา	O
ซีรีย์	NORM_1WORD
ดู	O
เพื่อ	O
สร้าง	O
อารมณ์	O
ให้	O
กับ	O
ตัวเอง	O
_	O
เขียน	O
นิยาย	O
แต่ง	O
เรื่อง	O
ใครๆ	O
ก็	O
ทำ	O
ได้	O
แต่	O
การวาง	O
ดีเทล	O
การคัด	O
คำ	O
ใช้	O
ภาษา	O
มัน	O
ไม่	O
ง่าย	O
เลย	O
ใน	O
แต่ละ	O
ตอน	O
_	O
อยาก	O
บอก	O
ว่า	O
ไรท์	NORM_1WORD
ทุก	O
คน	O
อาจ	O
_	O
ใช้	O
เวลา	O
หน่อย	O
แต่	O
ไม่	O
ทิ้ง	O
นะ	O
คะ	O
_	O
ขอบคุณ	O
ที่	O
รอ	O
กัน	O

ขอ	O
อนุญาต	O
ตอบ	O
นะ	O
ครับ	O
_	O
ผม	O
เป็น	O
แฟน	O
_	O
bnk48	O
_	O
ครับ	O
_	O
ถ้า	O
ตาม	O
ที่	O
ผม	O
คิด	O
จาก	O
เหตุผล	O
ที่	O
น่า	O
จะ	O
เป็น	O
ไป	O
ได้	O
คือ	O
_	O
-	O
ผช	NORM_1WORD
_	O
ไทย	O
โต	O
มา	O
กับ	O
วัฒนธรรม	O
ญี่ปุ่น	O
(	O
อาหาร	O
และ	O
สื่อบันเทิง	O
)	O
_	O
จึง	O
ถูก	O
จริต	O
อะไรๆ	NORM_2WORD
ที่	O
มัน	O
เป็น	O
ญี่ปุ่น	O
มาก	O
กว่า	O
แนว	O
อื่น	O
_	O
-	O
เพราะ	O
สมาชิก	O
แต่ละ	O
คน	O
มีมี	NORM_1WORD
คาแร็คเตอร์	NORM_1WORD
ที่	O
ต่าง	O
กัน	O
มาก	O
แบบ	O
ชัดเจน	O
_	O
(	O
สาวมั่น	O
_	O
นักวิชาการ	O
_	O
จริงจัง	O
กับ	O
ชีวิต	O
ก็	O
มี	O
)	O

ลตม.	O
_	O
บอก	O
ว่า	O
ไม่	O
เคย	O
เจอ	O
ยอด	O
โหด	O
เท่า	O
นี้	O
_	O
ฮนบ.	O
_	O
บอก	O
ว่า	O
ขอ	O
ปิด	O
รับ	O
ก่อน	O
_	O
อีก	O
ร้าน	O
บอก	O
ยอด	O
เกิน	O
_	O
1,000	O
_	O
แค่	O
_	O
3	O
_	O
ร้าน	O
ที่	O
เห็น	O
_	O
ยัง	O
มี	O
ร้าน	O
อื่นๆ	NORM_2WORD
อีก	O
_	O
เชื่อ	O
แล้ว	O
ว่า	O
_	O
อซอ.	O
_	O
เก็บกด	O
กัน	O
จริงๆ	NORM_2WORD
_	O
นี่	O
ขนาด	O
ยัง	O
ไม่	O
รู้	O
รายละเอียด	O
อัลบั้ม	O
_	O
เพิ่ง	O
ประกาศ	O
วัน	O
แรก	O
_	O
แต่	O
รู้	O
กัน	O
แค่	O
มี	O
_	O
3	O
_	O
เวอชั่น	NORM_1WORD
_	O
ยัง	O
โหด	O
กัน	O
ขนาด	O
นี้	O
_	O
ยอมใจ	O
จ้า	NORM_1WORD
_	O
#DONT_MESS_UP_MY_TEMPO	O

เมื่อ	O
ถึง	O
วัย	O
หนึ่ง	O
_	O
เรา	O
จะ	O
จีบ	O
ใคร	O
สัก	O
คน	O
ยาก	O
ขึ้น	O
_	O
ไม่	O
ใช่	O
เพราะ	O
ว่า	O
เรา	O
ชอบ	O
ใคร	O
ยาก	O
ขึ้น	O
_	O
แต่	O
เป็น	O
เพราะ	O
เรา	O
รู้	O
ดี	O
ว่า	O
_	O
การคบ	O
กับ	O
ใคร	O
สัก	O
คน	O
ไม่	O
ใช่	O
เรื่อง	O
เล่นๆ	NORM_2WORD
_	O
และ	O
ถ้า	O
คบ	O
กับ	O
ใคร	O
ก็	O
อยาก	O
คบ	O
ไป	O
ตลอด	O
_	O
เพราะ	O
ความสัมพันธ์	O
เป็น	O
เรื่อง	O
ที่	O
ต้อง	O
ใช้	O
พลัง	O
เยอะ	O
_	O
เมื่อ	O
รัก	O
ใคร	O
ก็	O
เท	O
ไป	O
ทั้ง	O
ใจ	O
_	O
ยิ่ง	O
อายุ	O
มาก	O
ขึ้น	O
เวลา	O
ยิ่ง	O
เหลือ	O
น้อย	O
_	O
คบ	O
ใคร	O
ก็	O
ไม่	O
อยาก	O
เลิก	O

ไม่	O
รู้	O
ว่า	O
คน	O
อื่น	O
เป็น	O
มั๊ย	NORM_1WORD
_	O
แต่	O
ใน	O
งาน	O
เปิด	O
ตัว	O
วัน	O
นั้น	O
_	O
เจ้า	O
มายด์	O
ที่	O
เรา	O
ยัง	O
ไม่	O
รู้จัก	O
น้อง	O
มัน	O
ดี	O
_	O
คือ	O
มัน	O
มี	O
แพชชั่น	NORM_1WORD
ที่	O
ดึงดูด	O
เอา	O
มากๆ	NORM_2WORD
_	O
ผม	O
สั้น	O
ประมาณ	O
นี้	O
_	O
หน้าตา	O
น่ารัก	O
_	O
แต่	O
ให้	O
ฟีล	O
แบบ	O
น้องสาว	O
_	O
แบบ	O
น้องสาว	O
จริงๆ	NORM_2WORD
_	O
ไม่	O
รู้	O
เป็น	O
คน	O
เดียว	O
มั๊ย	NORM_1WORD
_	O
แต่	O
เด็ก	O
ผู้หญิง	O
อย่าง	O
ที่	O
ว่า	O
มา	O
ใน	O
วง	O
ไอดอล	O
มัก	O
จะ	O
มี	O
แรงดึงดูด	O
เสมอ	O
_	O
#MindBNK48	O
_	O
#BNK48	O

4	O
-	O
Escalate	O
_	O
(	O
Nagabe	O
)	O
เรื่องสั้น	O
ตอนเดียว	O
จบ	O
(	O
แต่	O
อยาก	O
ให้	O
มี	O
ต่อ	O
)	O
เกี่ยวกับ	O
มนุษย์	O
ตะกวด	O
ที่	O
ย้าย	O
เข้า	O
มา	O
อยู่	O
โรงเรียน	O
ใหม่	O
_	O
ซึ่ง	O
เป็น	O
ที่	O
ฮือฮา	O
มาก	O
เพราะ	O
นี่	O
เป็น	O
ครั้งแรก	O
ที่	O
ได้	O
เจอ	O
ตัว	O
เป็นๆ	NORM_2WORD
ของ	O
อมนุษย์	O
ตัว	O
อื่นๆ	NORM_2WORD
_	O
รวมไปถึง	O
มนุษย์	O
แมว	O
ที่	O
แอบ	O
มอง	O
อยู่	O
นะ	O
จ๊ะ	O
แต่	O
ไม่	O
เข้า	O
ไป	O
คุย	O
ด้วย	O
หลอก	NORM_1WORD
_	O
55	O
_	O
#CartoonYbyHarryWave987	O
_	O
#การ์ตูนวาย	O

รีวิว	O
ร้านอาหาร	O
เกาหลี	O
แถว	O
เมืองทอง	O
ตึก	O
ป๊อบปูล่า	NORM_1WORD
T8	O
_	O
คน	O
เกาหลี	O
แท้ๆ	O
_	O
อาจุมม่า	O
น่ารัก	O
มาก	O
พูด	O
อิ้ง	O
ได้	O
อาหาร	O
อร่อย	O
มาก	O
เพื่อน	O
ที่	O
ไป	O
กิน	O
ด้วย	O
ชม	O
ไม่	O
หยุด	O
เลย	O
_	O
บริการ	O
ดี	O
ให้	O
10	O
เต็ม	O
_	O
ราคา	O
ไม่	O
แพง	O
มาก	O
ขนาด	O
อาจุมม่า	O
เป็น	O
คน	O
ทำ	O
อาหาร	O
เอง	O
มี	O
คน	O
ช่วย	O
นะ	O
แต่	O
ยัง	O
มา	O
รับ	O
ออเดอร์	NORM_1WORD
เอง	O
ประทับใจ	O
_	O
ปล.	NORM_1WORD
ป้าย	O
หน้า	O
ร้าน	O
เป็น	O
รูป	O
เจสสิก้า	O
ด้วย	O
_	O
#อร่อยบอกต่อ	O

ประเทศ	O
ไทย	O
มา	O
ถึง	O
จุด	O
ที่	O
_	O
พรรคการเมือง	O
หนึ่ง	O
โกง	O
สุดๆ	NORM_2WORD
_	O
กกต.	O
_	O
ก็	O
โกง	O
_	O
โกง	O
แม่ง	O
ทุก	O
อย่าง	O
_	O
ประชาชน	O
รับรู้	O
_	O
พูด	O
ถึง	O
กัน	O
เยอะ	O
_	O
แต่	O
เอาผิด	O
ทำ	O
อะไร	O
ไม่	O
ได้	O
สัก	O
อย่าง	O
_	O
ไม่	O
ยอม	O
อะ	O
_	O
จะ	O
เอา	O
ประชาธิปไตย	O
กลับ	O
คืน	O
มา	O
_	O
สอน	O
ดี	O
นัก	O
โต	O
ไป	O
ไม่	O
โกง	O
_	O
แต่	O
ดัน	O
โกง	O
เอง	O
_	O
กลืนน้ำลายตัวเอง	O
ชิปหาย	NORM_1WORD
_	O
#ThaiElections2019	O
_	O
#กกตโป๊ะแตก	O
_	O
#โกงเลือกตั้ง62	O
_	O
#ประเทศกูมี	O

ไม่	O
รู้	O
ว่า	O
ตอน	O
ไหน	O
และ	O
ช่วง	O
เวลา	O
ไหน	O
จะ	O
เสีย	O
มึง	O
ไป	O
_	O
กู	O
ทำ	O
ตัว	O
แต่	O
มัน	O
ไป	O
กระทบ	O
จิตใจ	O
คน	O
ข้างๆ	NORM_2WORD
โดย	O
ที่	O
กู	O
ไม่	O
รู้	O
อะไร	O
เลย	O
_	O
เรา	O
อยู่	O
ด้วย	O
กัน	O
เพราะ	O
ความรัก	O
_	O
มัน	O
รัก	O
จริงๆ	NORM_2WORD
_	O
จน	O
กู	O
ยอม	O
รับ	O
เลย	O
ว่า	O
ถ้า	O
ตัว	O
กู	O
เอง	O
ขาด	O
มึง	O
ไป	O
แล้ว	O
_	O
กู	O
จะ	O
ไม่	O
ร่าเริง	O
กับ	O
อะไร	O
เลย	O
_	O
กู	O
ไม่	O
อยาก	O
ทำ	O
อะไร	O
เลย	O
_	O
ความรู้สึก	O
ที่	O
กู	O
ไม่	O
อยาก	O
กิน	O
ข้าว	O
_	O
แต่	O
กู	O
หิว	O
มัน	O
มี	O
จริงๆ	NORM_2WORD
นะ	O
_	O
กู	O
ประสบ	O
แล้ว	O

ชอบ	O
มา	O
ทำให้	O
หวั่นไหว	O
_	O
นิสัย	O
อ่ะ	NORM_1WORD
!	O
_	O
..	O
ประโยค	O
นี้	O
จาก	O
ig	O
เฮีย	O
_	O
เรา	O
มา	O
ไม่	O
ทัน	O
รู้	O
แค่	O
pfc	O
จีบ	O
เฮีย	O
หนักมาก	O
_	O
พ่อ	O
เสือน้อย	O
ถึง	O
ได้	O
เขิน	O
ตัวบิด	O
หลุกหลิกๆ	O
_	O
สายตา	O
หวาน	O
หยด	O
_	O
กลั้น	O
ยิ้ม	O
แทบ	O
ไม่	O
ได้	O
_	O
มือ	O
นึง	NORM_1WORD
ปิด	O
พุง	O
_	O
มือ	O
นึง	NORM_1WORD
เขียน	O
i	O
_	O
love	O
_	O
u	O
_	O
too	O
_	O
นี่	O
ขนาด	O
เรา	O
ดู	O
แค่	O
คลิป	O
ยัง	O
สุข	O
จน	O
ล้นใจ	O
_	O
คน	O
ถูก	O
บอก	O
รัก	O
คง	O
พองโต	O
_	O
#กว่าจะรักเท่าวันนี้	O
_	O
#เป๊กผลิตโชค	O

คือ	O
ที่	O
เรา	O
พูด	O
กับ	O
เพื่อน	O
เมื่อวาน	O
_	O
เกี่ยวกับ	O
เรื่อง	O
ศัพท์	O
ก็	O
คล้ายคลับคลา	NORM_1WORD
ว่า	O
เรา	O
เล่า	O
ถึง	O
คอร์ส	O
_	O
รีวิว	O
cu	O
_	O
tep	O
ไป	O
ครึ่ง	O
ขา	O
ละ	NORM_1WORD
ประเด็น	O
ก็	O
อยู่	O
ที่	O
ตรง	O
นั้น	O
ส่วน	O
นึง	NORM_1WORD
ของ	O
พาร์ท	NORM_1WORD
_	O
reading	O
_	O
ละ	NORM_1WORD
_	O
มี	O
_	O
listening	O
_	O
อีก	O
_	O
ซึ่ง	O
_	O
มี	O
เรื่อง	O
ที่	O
นอก	O
เรื่อง	O
นิดหน่อย	O
_	O
เดะ	NORM_1WORD
จะ	O
เล่า	O
_	O
ไม่	O
รู้	O
ตอน	O
ไหน	O
อาจ	O
จะ	O
เล่า	O
_	O
อีก	O
พัก	O
หรือ	O
อาจ	O
จะ	O
ไม่	O
เล่า	O
เลย	O
_	O
ตาม	O
อารมณ์	O
ชั้น	NORM_1WORD
_	O
55	O

แบบ	O
ที่	O
ดู	O
สะอาด	O
ตา	O
_	O
มี	O
โต๊ะเขียนหนังสือ	O
,	O
เครื่อง	O
แป้ง	O
_	O
โคม	O
ไฟ	O
สี	O
อุ่นๆ	O
_	O
แล้ว	O
ก็	O
มี	O
ต้นไม้	O
เพิ่ม	O
ความสดชื่น	O
นิดหน่อย	O
ค่ะ	O
ให้	O
ความรู้สึก	O
ที่	O
อยาก	O
พักผ่อน	O
อยาก	O
อยู่	O
ใน	O
ห้อง	O
ทั้ง	O
วัน	O
_	O
อีก	O
อย่าง	O
คือ	O
สามารถ	O
จัด	O
ห้อง	O
ให้	O
มี	O
หลายๆ	NORM_2WORD
มุม	O
ได้	O
_	O
อาทิ	O
_	O
มุม	O
อ่าน	O
หนังสือ	O
ข้าง	O
หน้าต่าง	O
_	O
มี	O
โซฟา	O
นุ่มๆ	O
อะไร	O
แบบ	O
นี้	O
ค่ะ	O
_	O
(	O
ไฟ	O
กระจุ๊กกระจิ๊ก	O
น่ารักๆ	O
ด้วย	O
ค่ะ	O
)	O

ครบ	O
ชุด	O
พร้อม	O
ส่ง	O
กัน	O
แล้ว	O
จ้า	NORM_1WORD
_	O
กับ	O
แนว	O
ทะเลทราย	O
ใน	O
ตำนาน	O
_	O
#อมีรานาดา	O
_	O
#ภาคต้น	O
_	O
#ภาคสมบูรณ์	O
_	O
#โสภาค_สุวรรณ	O
_	O
#สำนักพิมพ์	O
คลังวิทยา	O
_	O
#จำปาคาลี	O
_	O
#ชุด	O
สายโลหิต	O
_	O
#สายโลหิต	O
_	O
#ญาติกา	O
_	O
#อุษาสวาท	O
_	O
#ร้านน้ำชาชื่อดูฌอนเบ	O
_	O
#บาลาไลก้า	O
_	O
#คามาเอน่า	O
_	O
#ความลับบนแหลมไซไน	O
_	O
#ปุลากง	O
_	O
#เลฬีฬา	O
_	O
#ร้านนิยายรัก	O
_	O
นิยายรัก	O
.	O
com	O
/	O
p	O
/	O
12031	O

เพื่อน	O
ถาม	O
ว่า	O
คิด	O
ว่า	O
ตัวเอง	O
เป็น	O
คน	O
โลกส่วนตัว	O
สูง	O
ไหม	O
นี่	O
ตอบ	O
เลย	O
ว่า	O
ไม่	O
นะ	O
คิด	O
ว่า	O
ตัวเอง	O
เป็น	O
คน	O
ขี้เกียจ	O
มาก	O
กว่า	O
บาง	O
วัน	O
เหนื่อย	O
ไม่	O
อยาก	O
พูด	O
อยาก	O
อยู่	O
เงียบๆ	O
ยิ่ง	O
เวลา	O
กิน	O
ข้าว	O
จะ	O
ไม่	O
พูด	O
เลย	O
ขี้เกียจ	O
พูด	O
ขี้เกียจ	O
คิด	O
ว่า	O
ต้อง	O
หา	O
เรื่อง	O
อะไร	O
มา	O
พูด	O
อยาก	O
อยู่	O
เงียบ	O
อยาก	O
นอน	O
อ่าน	O
นิยาย	O
แต่	O
ถ้า	O
วัน	O
ไหน	O
อยาก	O
พูด	O
ก็	O
พูด	O
ทัก	O
คน	O
อื่น	O
ไป	O
ทั่ว	O
แค่	O
นั่น	NORM_1WORD

ขอ	O
สารภาพ	O
เลย	O
ว่า	O
ยัง	O
ไม่	O
ได้	O
อ่าน	O
ตอน	O
พิเศษ	O
เลย	O
ค่ะ	O
_	O
ตั้งใจ	O
จะ	O
อ่าน	O
ใหม่	O
ตั้งแต่	O
แรก	O
แต่	O
ก็	O
ไม่	O
กล้า	O
เปิด	O
หนังสือ	O
แรง	O
เลย	O
ค่ะ	O
กลัว	O
ยับ	O
_	O
แต่	O
สัญญา	O
นะ	O
คะ	O
ว่า	O
ถ้า	O
อ่าน	O
ตอน	O
พิเศษ	O
แล้ว	O
จะ	O
มา	O
รีวิว	O
แน่ๆ	NORM_2WORD
ค่ะ	O
_	O
ที่	O
จริง	O
การ์ด	O
แชท	NORM_1WORD
ที่	O
เป็น	O
ปีๆ	O
นี่	O
แอบ	O
อ่าน	O
ไป	O
แล้ว	O
_	O
คือ	O
แค่	O
อ่าน	O
แค่	O
นี้	O
ก็	O
หน่วง	O
หัวใจ	O
ไป	O
แล้ว	O
ค่ะ	O
_	O
ต้อง	O
ทำ	O
หัวใจ	O
ให้	O
แข็งแรง	O
จริงๆ	NORM_2WORD
นะ	O
คะ	O
ถ้า	O
จะ	O
อ่าน	O

หวัง	O
ว่า	O
สิ่ง	O
นั้น	O
จะ	O
ปลด	O
ล็อค	NORM_1WORD
เรา	O
ได้	O
_	O
อาจ	O
ดู	O
ไม่	O
มี	O
เหตุผล	O
ที่	O
เรา	O
พยายาม	O
เดิน	O
ต่อ	O
เพื่อ	O
กลับ	O
ไป	O
จุด	O
เดิม	O
_	O
ก่อน	O
คิด	O
ว่า	O
ตอน	O
มี	O
ชีวิต	O
เรา	O
มี	O
ทาง	O
เลือก	O
มาก	O
ก็	O
จริง	O
_	O
แต่	O
หลังจาก	O
ชีวิต	O
เรา	O
อาจ	O
จะ	O
ไม่	O
ได้	O
เลือก	O
อะไร	O
เลย	O
_	O
จาก	O
นี้	O
คง	O
ไม่	O
เหงา	O
เพราะ	O
เขา	O
กลับ	O
มา	O
อยู่	O
กับ	O
เรา	O
_	O
เคียงข้าง	O
และ	O
คอย	O
ถามไถ่	O
ว่า	O
ทำ	O
อะไร	O
ต่อ	O
ไป	O
_	O
ทุก	O
การตัดสินใจ	O
จะ	O
เป็น	O
ของ	O
เขา	O
คน	O
เดียว	O

เรา	O
ยอม	O
คุย	O
กับ	O
เค้า	NORM_1WORD
ไม่	O
ใช่	O
เพราะ	O
เหงา	O
เลย	O
อะ	NORM_1WORD
_	O
เพราะ	O
เรา	O
ไม่	O
รู้สึก	O
ขาด	O
อะไร	O
เลย	O
_	O
แต่	O
เพราะ	O
มี	O
แก	O
เข้า	O
มา	O
แล้ว	O
มัน	O
กลับ	O
เพิ่ม	O
สีสัน	O
ให้	O
ชีวิต	O
เรา	O
มาก	O
ขึ้น	O
_	O
แล้ว	O
บาง	O
ที	O
ก็	O
มี	O
ความสุข	O
ที่	O
รู้	O
ว่า	O
มี	O
อีก	O
คน	O
ที่	O
จะ	O
อยู่	O
เป็น	O
เพื่อน	O
_	O
แต่	O
เรา	O
ก็	O
ยัง	O
มี	O
เวลา	O
ให้	O
เพื่อนๆ	O
และ	O
ครอบครัว	O
เหมือน	O
เดิม	O
_	O
บาง	O
ที	O
รัก	O
เพื่อน	O
กับ	O
ครอบครัว	O
มาก	O
ขึ้น	O
อีก	O
เพราะ	O
รู้สึก	O
มี	O
ค่า	O

รีวิว	O
_	O
เปลี่ยน	O
แบต	NORM_1WORD
ไอโฟน	O
ที่	O
_	O
Icare	O
_	O
จ้า	O
_	O
ด้วย	O
ความ	O
ที่	O
ไม่	O
อยาก	O
รอ	O
ของ	O
ทาง	O
เรา	O
โทร	O
ถาม	O
ก่อน	O
วอล์คอิน	NORM_1WORD
ไป	O
3	O
สาขา	O
_	O
มี	O
บางกะปิ	O
_	O
เวสเกต	O
_	O
ฟิวเจอร์	O
_	O
สรุป	O
ทั้ง	O
สาม	O
ที่	O
บอก	O
ต้อง	O
รอ	O
ของ	O
1	O
อาทิตย์	O
_	O
สรุป	O
ว่า	O
รอ	O
ของ	O
ก็	O
ได้	O
วุ้ย	NORM_1WORD
_	O
เรา	O
เลย	O
มา	O
ที่	O
เดอะมอลล์บางกะปิ	O
_	O
พอ	O
มา	O
ถึง	O
สรุป	O
มี	O
แบต	NORM_1WORD
ของ	O
รุ่น	O
เรา	O
พอ	O
ดี	O
_	O
งง	O
จ้า	O
_	O
ไหน	O
ตอน	O
แรก	O
บอก	O
ไม่	O
มี	O
_	O
at	O
_	O
The	O
Mall	O
Bangkapi	O
_	O
(	O
เดอะมอลล์	O
บางกะปิ	O
)	O

งาน	O
ด่วน	O
_	O
งาน	O
เร่ง	O
_	O
การบ้าน	O
ทุก	O
ชนิด	O
_	O
ทุก	O
วิชา	O
_	O
ทุก	O
รูปแบบ	O
_	O
ทัก	O
DM	O
ได้	O
เลย	O
จ้า	O
_	O
งาน	O
ดี	O
รีวิว	O
แน่น	O
_	O
คุณภาพ	O
คุ้ม	O
ค่า	O
คุ้ม	O
ราคา	O
_	O
#รับทำการบ้าน	O
_	O
#รับจ้างทำการบ้าน	O
_	O
#รับทำรายงาน	O
_	O
#รับแปลงาน	O
_	O
#รับพิมพ์งาน	O
_	O
#รับทำแผ่นพับ	O
_	O
#รับแต่งกลอน	O
_	O
#การบ้าน	O
_	O
#ฝากร้าน	O
_	O
#dek62	O
_	O
#dek63	O
_	O
#dek64	O
_	O
#dek65	O
_	O
#เยริอซทพ่อมึงสิ	O
_	O
#Dispacth	O
_	O
#ตลาดนัดบพ	O

การเขียน	O
ภาษา	O
ไทย	O
ให้	O
ถูก	O
ต้อง	O
นี่	O
_	O
เรา	O
ว่า	O
แสดง	O
ความ	O
เป็น	O
มือ	O
อาชีพ	O
มาก	O
ๆ	O
_	O
เลย	O
นะคะ	O
_	O
ไม่	O
ว่า	O
จะ	O
เป็น	O
เรื่อง	O
เล็ก	O
ๆ	O
น้อย	O
ๆ	O
_	O
อย่าง	O
การเขียน	O
_	O
คะ	O
_	O
ค่ะ	O
_	O
ให้	O
ถูก	O
เอย	O
_	O
การเว้นวรรค	O
เวลา	O
เขียน	O
เครื่องหมาย	O
ต่าง	O
ๆ	O
_	O
เอย	O
_	O
ถ้า	O
ใช้	O
ได้	O
อย่าง	O
ถูกต้อง	O
นี่	O
มัน	O
เท่	O
สุด	O
ๆ	O
_	O
ไป	O
เลย	O
นะคะ	O
_	O
#สนับสนุนการเขียนภาษาไทยให้ถูกต้อง	O
_	O
#เขียนผิดช่วยแนะนำด้วยนะ	O

รัก	O
เจโน่	O
ของ	O
ไทม์เม่อ	NORM_1WORD
ม่ก	NORM_1WORD
ที่สุด	O
เลย	O
ครับ	O
_	O
แบบ	O
น่ารัก	O
มาก	O
_	O
รัก	O
เจโน่	O
นะ	O
ครับ	O
_	O
รัก	O
มาก	O
จน	O
ผม	O
ไม่	O
รู้	O
จะ	O
บรรยาย	O
ยังไง	NORM_1WORD
ให้	O
ครบ	O
_	O
240	O
_	O
ตัวอักษร	O
เลย	O
อ่ะ	NORM_1WORD
_	O
รัก	O
จนนนนนนนนนนนนนนนนนนนนนนนนนนนนนนนนนนนนนนนน	O
_	O
รัก	O
มาก	O
ครับ	O
ผม	O
หน่ะ	NORM_1WORD
เครียด	O
มาก	O
จน	O
ไม่	O
รู้	O
จะ	O
ยังไง	NORM_1WORD
_	O
แต่	O
บัด	O
น่ารัก	O
มา	NORM_1WORD
ครับ	O
!!!!!!!!!!	O
_	O
น่ารัก	O
มาก	O
!!!!!!!!!!!!!!!!!!!!!!!!!!!!!!!!	O
มากๆ	O

Essence	O
_	O
มา	O
แบบ	O
หอมๆ	O
อีกแล้ว	O
_	O
อัน	O
นี้	O
เป็น	O
สูตร	O
ใหม่	O
_	O
Essence	O
_	O
Aloe	O
_	O
Vera	O
_	O
อ่อนโยน	O
ต่อ	O
ผิว	O
และ	O
ผ้า	O
_	O
ใคร	O
ที่	O
ซัก	O
ผ้า	O
แล้ว	O
ชอบ	O
คัน	O
หรือ	O
แพ้	O
ง่าย	O
_	O
ตัว	O
นี้	O
เอาอยู่	O
_	O
ช่วย	O
ถนอม	O
ผ้า	O
ที่	O
เรา	O
ซัก	O
ด้วย	O
_	O
กลิ่น	O
ยัง	O
หอม	O
เหมือน	O
เดิมม	NORM_1WORD
_	O
ชอบบ	NORM_1WORD
มากกก	NORM_1WORD
_	O
แถม	O
ยัง	O
ละลาย	O
น้ำ	O
ง่าย	O
_	O
ไม่	O
ทิ้ง	O
คราบ	O
ขาว	O
บน	O
ผ้า	O
ตาม	O
แบบฉบับ	O
ของ	O
_	O
Essence	O
_	O
เค้า	NORM_1WORD
แหละ	O
จา	NORM_1WORD
_	O
#ของดีบอกต่อ	O
_	O
#รีวิว	O

วันนี้	O
เป็น	O
ที่	O
ได้ยิน	O
ข่าว	O
จาก	O
_	O
โอตะ	O
หลายๆ	NORM_2WORD
คน	O
ว่า	O
_	O
พี่	O
แคน	O
_	O
หรือ	O
_	O
แคนๆ	O
_	O
Bnk48	O
_	O
ได้	O
ประกาศ	O
จบ	O
การศึกษา	O
_	O
ใน	O
เธียเตอร์	O
_	O
เรา	O
คิด	O
ว่า	O
จะ	O
ไม่	O
ร้อง	O
_	O
และ	O
_	O
คิด	O
ว่า	O
จะ	O
ไม่	O
ได้	O
เห็น	O
ข่าว	O
แบบ	O
นี้	O
อีก	O
_	O
ตั้งแต่	O
_	O
เชเช่	O
_	O
ออก	O
ไป	O
_	O
พอ	O
มา	O
เจอ	O
แบบ	O
นี้	O
ก็	O
นะ	O
_	O
เป็น	O
ไง	NORM_1WORD
เป็น	O
กัน	O
_	O
ขอบคุณ	O
ที่	O
ทำให้	O
พวก	O
เรา	O
เหล่า	O
โอตะ	O
มี	O
ความสุข	O
ค่า	NORM_1WORD
_	O
#CanBNK48	O
_	O
มี	O
ความสุข	O
มากๆ	NORM_2WORD
นะ	O
ค่ะ	NORM_1WORD
พี่	O
แคน	O

ไม่	O
ค่อย	O
ชอบ	O
ความรู้สึก	O
นี้	O
เท่า	O
ไร	NORM_1WORD
...	O
_	O
คือ	O
เขียน	O
นิยาย	O
ได้	O
จบ	O
ตอน	O
แล้ว	O
นะ	O
_	O
ควร	O
ลง	O
เว็บ	O
ได้	O
แล้ว	O
_	O
แต่	O
ไม่	O
อยาก	O
ลง	O
_	O
แบบ	O
ว่า	O
ใน	O
ใจ	O
มัน	O
บอก	O
ว่า	O
_	O
มัน	O
ยัง	O
ดี	O
ไม่	O
พอ	O
...	O
_	O
แล้ว	O
ไม่	O
ยอม	O
ลง	O
ยื้อ	O
ไป	O
อยู่	O
นั่น	O
แหละ	O
_	O
แก้	O
ไป	O
ไม่	O
มี	O
ที่	O
สิ้นสุด	O
_	O
มัน	O
ก็	O
แค่	O
ร่าง	O
แรก	O
เปล่า	O
วะ	O
_	O
...	O
_	O
ยัง	O
ไม่	O
ถึง	O
เวลา	O
รีไรท์	O
สัก	O
หน่อย	O
_	O
จริงจัง	O
ไป	O
ไหม	O
...	O
_	O
ส่วน	O
คน	O
อ่าน	O
ก็	O
รอ	O
ไป	O
ดิ	O
...	O
ไม่	O
ok	O

พี่แจ็ค	O
ได้	O
ร่วม	O
เหตุการณ์	O
วัน	O
สำคัญ	O
ของ	O
คู่รัก	O
มา	O
เยอะ	O
มาก	O
_	O
ตอน	O
นั้น	O
ไป	O
เยี่ยม	O
_	O
AIS	O
_	O
โรงเรียน	O
เก่า	O
ก็	O
ไป	O
เจอ	O
คู่	O
หนุ่มสาว	O
_	O
แฟน	O
กัน	O
_	O
ก็	O
ไป	O
แซว	O
เขา	O
_	O
เป็น	O
สักขีพยาน	O
รัก	O
_	O
ครั้ง	O
ก่อน	O
งานแต่ง	O
_	O
เค้า	O
ก็	O
เอา	O
เพลง	O
Papillon	O
_	O
เปิด	O
ใน	O
งาน	O
_	O
คราว	O
นี้	O
ก็	O
ส่ง	O
วิดีโอ	O
ไป	O
ร่วม	O
งานแต่ง	O
ของ	O
_	O
Mingxi	O
_	O
เอ้อ	O
_	O
อย่า	O
เพิ่ง	O
แต่ง	O
ของ	O
งาน	O
ตัวเอง	O
น	O
ะคะ	O
_	O
ขอ	O
ก่อน	O
555555555555	O

เหงา	O
โว้ยยยยยยยยยยยยยยยยยยยยยยยยยยยยยยยยยยยยยยยยยยยยยยยยยยยยยยยยยยยยยยบยยยยยยยยยยยยยยยยยยยยยยยยยยยยยยยยยยยยยยยยยยยยยยยยยยยยยยยยยยยยยยยยยบยยยยยยยยยยยยยยยยยยยยยยยยยยยยยยยยยยยยยยยยยยยยยยยยยยยยยยยยยยยยยยยยยบยยยยยยยยยยยยยยยยยยยยยยยยยยยยยยยยยยยยยยยยยยยยยยยยยยยยยยยยยยยยยยยยยบยยยยยยยยยยยย	NORM_1WORD

จ๊ะ	NORM_1WORD
ไลฟ์	O
แล้ว	O
เหรอ	O
กำลัง	O
เข้า	O
ดู	O
นะ	O
ครับ	O
อยู่	O
หน้า	O
คอม	NORM_1WORD
เลย	O
ครับ	O
ดู	O
2	O
ที่	O
เลย	O
คอม	NORM_1WORD
ด้วย	O
โทรศัพท์	O
ด้วย	O
_	O
เรา	O
รัก	O
เธอ	O
ไง	O
มินตัน	O
เหงา	O
ไร	O
อีก	O
อะ	O
ครับ	O
_	O
ไม่	O
พอ	O
เหรอ	O
จะ	O
เอา	O
อีก	O
กี่	O
คน	O
อะ	O
ครับ	O
ถ้า	O
ไม่	O
หาย	O
เหงา	O
และ	O
อยาก	O
หาย	O
บอก	O
ที่อยู่	O
เบอร์	O
มา	O
ครับ	O
เดี๋ยว	O
เรา	O
ไป	O
หา	O
ทุก	O
วัน	O
เลย	O
นะ	O
_	O
กล้า	O
ให้	O
เรา	O
โทร	O
ไป	O
หา	O
สาน	O
สัมพัน์	O
เป็น	O
คน	O
รัก	O
แฟน	O
สามี	O
ภรรยา	O
ไหม	O
ครับ	O
ขอ	O
ท้า	O
ครับ	O
กล้า	O
ไหม	O

ต้อง	O
มั่นหน้า	O
มั่นโหนก	O
มาก	O
แน่ๆ	NORM_2WORD
ใช่	O
มั้ย	NORM_1WORD
ว่า	O
แค่	O
_	O
5	O
_	O
หมื่น	O
จะ	O
ไม่	O
ล่ม	O
_	O
มึง	O
ไม่	O
เคย	O
เจอ	O
เว็บ	NORM_1WORD
_	O
Interpark	O
_	O
ล่ม	O
สิ	O
นะ	O
_	O
แล้ว	O
คิด	O
ว่า	O
เป็น	O
บ.	NORM_1WORD
ใหญ่	O
_	O
มี	O
กำลัง	O
_	O
มี	O
เม็ดเงิน	O
_	O
ประมูล	O
งาน	O
ผู้	O
เรา	O
แต่	O
ไม่	O
มี	O
ปัญญา	O
จัดการ	O
และ	O
รับมือ	O
_	O
..	O
_	O
เค้า	NORM_1WORD
เรียก	O
ว่า	O
อะไร	O
นะ	O
?	O
_	O
มี	O
อะไร	O
แล้ว	O
ไม่	O
มี	O
อะไร	O
นะ	O
_	O
....	O
_	O
เว็บ	NORM_1WORD
ห่วย	O
_	O
นี่	O
คือ	O
รีวิว	O
_	O
สวัสดี	O
!	O
_	O
#wannaone1theworldinbkk	O

มึง	O
กู	O
จะ	O
รีวิว	O
อี	O
แฟร์	O
ตอน	O
เล่น	O
เครื่องเล่น	O
_	O
ไวกิ้ง	O
คน	O
เหี้ย	O
ไร	NORM_1WORD
ยัง	O
ไม่ทันไร	O
ก็	O
เสียว	O
แล้ว	O
เป็น	O
คน	O
รัก	O
สัตว์	O
มาก	O
ออก	O
มา	O
ทุก	O
สัตว์	O
_	O
แบล็คโฮล	NORM_1WORD
ตอน	O
แรก	O
คิด	O
ว่า	O
มัน	O
จะ	O
ไม่	O
ร้อง	O
แล้ว	O
แต่	O
สุดท้าย	O
ก็	O
ร้อง	O
จน	O
ได้	O
แล้ว	O
กลัว	O
คน	O
อื่น	O
ไม่	O
รู้	O
ชื่อ	O
กู	O
มั้ง	NORM_1WORD
อี	O
เจ้	NORM_1WORD
เรียก	O
แต่	O
ไอ้	O
หมิ่นๆ	O
จน	O
จบ	O
_	O
เฮอริเคน	O
_	O
เจ้	NORM_1WORD
จะ	O
ตาย	O
ตั้งแต่	O
ด่าน	O
แรก	O
เลย	O
_	O
มัน	O
บอก	O
กู	O
ว่า	O
กู	O
พา	O
มัน	O
มา	O
ฆ่า	O

รีวิว	O
หมวก	O
หูกระต่าย	O
_	O
ขอบคุณ	O
รีวิว	O
จาก	O
ลูกค้า	O
มาก	O
นะ	O
คะ	O
_	O
#reviewtesterkorea_bysnow	O
_	O
#หมวกหู	O
กะดิก	NORM_1WORD
_	O
#หมวกหูกระต่ายมีไฟ	O
_	O
#หมวกหูกระต่ายเด็ก	O
_	O
#หมวกหูกระต่ายแบบศิลปิน	O
_	O
#หมวกหูกระต่ายดุ๊กดิ๊กมีไฟ	O
_	O
#หมวกหูกระต่ายดิ้นดุ๊กดิ๊ก	O
_	O
#หมวกหูกระต่าย	O
ดุ้กดิ้ก	NORM_1WORD
ได้	O
_	O
#หมวกหูกระต่ายกระดิกหูได้	O
_	O
#หมวกหูกระต่ายดึงหูกระดิก	O

#งานออนไลน์	O
_	O
อยาก	O
มี	O
เงิน	O
ไว้	O
ซื้อ	O
_	O
ไว้	O
ช็อป	O
_	O
DM	O
สอบถาม	O
ดู	O
รีวิว	O
ก่อน	O
ได้	O
ค่ะ	O
_	O
#งานออนไลน์ได้เงินจริง	O
_	O
#GOT7WORLDTOUR	O
_	O
#UNB1stFanmeetinginBKK	O
_	O
#ChoiSooyoung1stFMinBkk	O
_	O
#BNK48Market	O
_	O
#ตลาดนัด	O
อากาเซ	O
_	O
#WannaOne1TheWorldinBKK	O
_	O
#ตลาดรถไฟ	O
บังทัน	O
_	O
#ตลาดนัดEXO	O
_	O
#CrushAsiaShowcaseinBangkok	O
_	O
#NEXTthefirsttourinBKK	O

คุยเล่น	O
กับ	O
เพื่อน	O
เรื่อง	O
อาหาร	O
ที่	O
ชอบ	O
_	O
เฮา	O
ก็	O
บอก	O
ว่า	O
ชอบ	O
กิน	O
จับฉ่าย	O
_	O
เพื่อน	O
ก็	O
งง	O
ว่า	O
ทำไม	O
ชอบ	O
_	O
เพราะ	O
เฮา	O
ไม่	O
แดก	O
ผัก	O
_	O
แต่	O
จับฉ่าย	O
ผัก	O
เยอะ	O
มาก	O
_	O
นี่	O
ก็	O
งง	O
_	O
จับฉ่าย	O
มัน	O
มี	O
แค่	O
ตำลึง	O
เอง	O
_	O
คุย	O
ไป	O
คุย	O
มา	O
_	O
ที่	O
เฮา	O
เข้าใจ	O
ว่า	O
เป็น	O
จับฉ่าย	O
มา	O
ตลอด	O
ชีวิต	O
_	O
มัน	O
คือ	O
ต้มจืด	O
_	O
เพื่อน	O
เรียก	O
ว่า	O
ไอ้	O
จับฉ่ายสังเคราะห์	O
ไป	O
ครึ่ง	O
ปี	O
_	O
#เรื่องมันช่างน่าอาย	O

#FinalScore	O
_	O
เดือด	O
_	O
ดิบ	O
_	O
ดุ	O
!	O
_	O
ดู	O
เอา	O
มันส์	NORM_1WORD
ได้	O
เลย	O
!	O
_	O
หนัง	O
บู๊	O
สไตล์	O
ยุค	O
_	O
90	O
ที่	O
เหมือน	O
เรฟ	O
มา	O
จาก	O
_	O
DieHard	O
_	O
กับ	O
_	O
SuddenDeath	O
_	O
แต่	O
อัดฉีด	O
เสิร์ฟ	O
ฉาก	O
แอ็คชั่น	NORM_1WORD
มันส์ๆ	NORM_2WORD
โหด	O
เลือด	O
สาด	O
โดย	O
มี	O
_	O
บาทิสต้า	O
มา	O
เป็น	O
พ่อครัว	O
ใหญ่	O
แถม	O
ใส่	O
เครื่องเคียง	O
ฮาๆ	O
ด้วย	O
ตัวละคร	O
ไซด์	O
คิ๊ก	O
เป็น	O
หนุ่ม	O
ภารตะ	O
ช่าง	O
จ้อ	O
_	O
ไฟร์ซอล	O
_	O
ป๋า	O
เพียร์ซ	O
หล่อ	O
โฮก	O
!	O
_	O
#movietwit	O

ช่วง	O
_	O
#	O
ยูมี	O
ขี้อวย	O
_	O
เป็น	O
แท็ค	NORM_1WORD
ที่	O
ใช้	O
รีวิว	O
สินค้า	O
จาก	O
official	O
_	O
บ้าน	O
แฟน	O
ไซต์	O
_	O
ของ	O
ติ่ง	O
ทั้งหลาย	O
_	O
อาหาร	O
_	O
ของใช้	O
รวมถึง	O
เครื่องสำอาง	O
ต่างๆ	NORM_2WORD
_	O
ขอ	O
ออกตัว	O
ก่อน	O
ว่า	O
ทุก	O
การรีวิว	O
เป็น	O
แค่	O
ความคิดเห็น	O
ของ	O
เรา	O
เท่านั้น	O
_	O
โปรด	O
ใช้	O
วิจารณญาณ	O
ใน	O
การอ่าน	O
นะ	O
จุ้บๆ	NORM_1WORD
_	O
ขอ	O
ประเดิม	O
อัน	O
แรก	O
ด้วย	O
การรีวิว	O
สโลแกน	O
ควานลิน	O
จาก	O
บ้าน	O
.	O
HeartPround0923	O
_	O
(	O
1	O
)	O

#XMenDarkPhoenix	O
_	O
หมดกัน	O
ความเป็น	O
เอ็กซ์-เม้น	O
ที่	O
ดี	O
มา	O
ตลอด	O
กลับ	O
มา	O
ภาค	O
นี้	O
เหมือน	O
พลัง	O
ทำลาย	O
ล้าง	O
ของ	O
ฟีนิกซ์	O
ก็	O
ละลาย	O
หาย	O
ไป	O
โดย	O
เฉพาะ	O
การเติม	O
ความดราม่า	O
_	O
แล้ว	O
ลด	O
_	O
แอ็คชั่น	NORM_1WORD
_	O
ให้	O
น้อย	O
นิด	O
ส่ง	O
ผล	O
ให้	O
เสน่ห์	O
ใน	O
ตัว	O
หนัง	O
ดั่ง	O
ที่	O
กล่าว	O
ไม่	O
ช่วย	O
ให้	O
หนัง	O
ออก	O
มา	O
ดู	O
เด่น	O
กลับ	O
กลาย	O
เป็น	O
ความเสียหาย	O
ที่	O
ไม่	O
น่าให้	O
อภัย	O
เสีย	O
จริงๆ	NORM_2WORD
เสียใจ	O
(	O
B	O
-	O
)	O

ผลงาน	O
เขียน	O
คน	O
เดียว	O
กับ	O
_	O
#มนต์วิฬาร์	O
_	O
#ศักดินาอากาศ	O
_	O
ชอบ	O
มากกก	NORM_1WORD
_	O
ตอน	O
นี้	O
อัพ	NORM_1WORD
แค่	O
_	O
6	O
_	O
ตอน	O
รวม	O
ปฐมบท	O
_	O
ตอน	O
ล่าสุด	O
ที่	O
อัพ	NORM_1WORD
ก็	O
คือ	O
ค้าง	O
เติ่ง	O
มาก	O
_	O
เหมือน	O
คุณ	O
ชิววี่	O
หลอก	O
ให้	O
ไป	O
นั่ง	O
ชิงช้าสวรรค์	O
ชม	O
วิว	O
ก่อน	O
ละ	NORM_1WORD
พอ	O
ถึง	O
จุดสูงสุด	O
เครื่อง	O
ดัน	O
มา	O
พัง	O
_	O
ลง	O
ไม่	O
ได้	O
!	O
_	O
รอ	O
อัพ	NORM_1WORD
จ้า	NORM_1WORD
_	O
ถ้า	O
จบ	O
แล้ว	O
ค่อย	O
รีวิว	O
อีก	O
ที	O
เลย	O
ละกัน	O
_	O
ตอน	O
นี้	O
_	O
ไป	O
ตำ	O
จ้า	NORM_1WORD
!	O
_	O
#	O
ละ	NORM_1WORD
มาปัจจุบัน	O

วิธี	O
แก้ปัญหา	O
_	O
คือ	O
การทำให้ชิน	O
และ	O
คิด	O
ใน	O
ทาง	O
บวก	O
ครับ	O
_	O
การทำให้ชิน	O
และ	O
ติด	NORM_1WORD
ใน	O
ทาง	O
บวก	O
ค	NORM_1WORD
จะ	O
ทำ	O
ให้	O
มองข้าม	O
ความเหงา	O
ไป	O
ได้	O
ครับ	O
_	O
เช่น	O
_	O
การคิด	O
ว่า	O
แยู่	NORM_1WORD
คน	O
เดียว	O
ไม่	O
เห๋น	NORM_1WORD
น่าอาย	O
เลย	O
เพราะ	O
มัน	O
ไม่	O
มี	O
เพื่อนแท้	O
เลย	O
สัก	O
คน	O
หรือ	O
อยู่	O
คน	O
เดียว	O
ไว่	NORM_1WORD
น่ากลัว	O
หรอก	O
_	O
เรา	O
ไม่	O
ได้	O
ฆ่า	O
ใคร	O
นิ	NORM_1WORD
นา	O
แต่	O
ถ้า	O
หาก	O
เหงา	O
มากๆ	NORM_2WORD
ควร	O
_	O
ไป	O
เที่ยว	O
หรือ	O
เล่น	O
นู้น	O
เล่น	O
นี้	O
ครับ	O
.	O

ลูคัส	O
นี่	O
เวลา	O
อยู่	O
กับ	O
เมมเบอร์	O
จีน	O
จะ	O
ชอบ	O
พูด	O
ถาม	O
จีน	O
ตอบ	O
เกาหลี	O
พอ	O
ถาม	O
เกาหลี	O
ก็	O
จะ	O
ตอบ	O
จีน	O
_	O
เวลา	O
อยู่	O
กับ	O
มาร์	O
หรือ	O
จอนห์นี่	O
ก็	O
จะ	O
ชอบ	O
พูด	O
เกาหลี	O
คำ	O
อังกฤษ	O
คำ	O
หรือ	O
ไม่	O
ก็	O
ปน	O
ไป	O
เลย	O
มี	O
ทั้ง	O
สอง	O
ภาษา	O
ใน	O
หนึ่ง	O
คำ	O
_	O
อยู่	O
กับ	O
เตนล์	O
ก็	O
อาจ	O
จะ	O
พูด	O
ไทย	O
ผสม	O
เกาหลี	O
_	O
ดู	O
อย่าง	O
ใน	O
วีไลฟ์	O
ก็	O
ชม	O
เตนล์	O
เป็น	O
ภาษา	O
ไทย	O
ออก	O
มา	O
_	O
เริ่ม	O
เข้าใจ	O
ภาษา	O
ลูคัส	O
ของ	O
จองอู	O
ล่ะ	NORM_1WORD
_	O
55555	O

เฮีย	O
จั๋น	O
ของ	O
น้องงงงง	NORM_1WORD
_	O
โอ้ยยย	NORM_1WORD
_	O
ตาย	O
ไป	O
เร้ยยย	NORM_1WORD
_	O
ลุค	NORM_1WORD
เฮีย	O
คือ	O
พระเอก	O
นิยาย	O
มั่กกก	NORM_1WORD
_	O
เดิน	O
ถือ	O
ซอง	O
แดง	O
มา	O
บับบบบ	NORM_1WORD
_	O
แด๊ดดี้	O
ที่	O
ไม่	O
ได้	O
แปล	O
ว่า	O
พ่อ	O
มากกกกกก	NORM_1WORD
_	O
มัน	O
บั่บบบบ	NORM_1WORD
_	O
ฟวดสนยปสมวำบสใยยดมอฝวแย	O
_	O
พี่	O
ดุ	O
นะ	O
หนู	O
ไหว	O
หรออออ	NORM_1WORD
_	O
แงงงงง	NORM_1WORD
_	O
ใจ	O
นุ	NORM_1WORD
บาง	O
เหมือน	O
ทิชชู	O
เปียก	O
น้ำ	O
แร้ววววว	NORM_1WORD
_	O
นุ	NORM_1WORD
ไม่	O
ชอบ	O
อากาศ	O
ร้อน	O
หรอ	NORM_1WORD
_	O
เดี๋ยว	O
พี่	O
ซื้อ	O
บ้าน	O
ใต้	O
น้ำ	O
ให้	O
_	O
555555	O
_	O
#GOT7	O

คนโพสต์	O
น่า	O
จะ	O
ตัวจริง	O
เสียงจริง	O
_	O
อยู่	O
มา	O
ตั้งแต่	O
ม๊อบ	NORM_1WORD
เสื้อเหลือง	O
_	O
สมัย	O
พันธมิตร	O
_	O
โดย	O
กุนซื้อ	NORM_1WORD
สนธิ	O
ลิ้ม	O
แน่นอน	O
_	O
จะ	O
เล่า	O
ให้	O
เด็กๆ	NORM_2WORD
ฟัง	O
ก็	O
ต้อง	O
เล่า	O
ให้	O
ครบ	O
สิ	O
น้า	O
_	O
ไม่	O
ใช่	O
เล่า	O
เฉพาะ	O
ที่	O
ตัวเอง	O
ไป	O
นั่ง	O
ฟัง	O
ฝั่ง	O
ที่	O
ชอบ	O
มา	O
_	O
เรา	O
อยู่	O
ใน	O
วัย	O
ที่	O
เห็น	O
มา	O
ทุก	O
ม๊อบ	NORM_1WORD
_	O
ไม่	O
เคย	O
อุทิศ	O
ตัว	O
ให้	O
กับ	O
สี	O
ไหน	O
_	O
บอก	O
เลย	O
ประเทศ	O
ไทย	O
ต้องการ	O
คน	O
แบบ	O
คุณ	O
ธนาธร	O
มากกกก	NORM_1WORD

ทริค	NORM_1WORD
สำหรับ	O
คนผิวแห้ง	O
!	O
_	O
แม่	O
บอก	O
ทริค	NORM_1WORD
ว่า	O
หลัง	O
อาบ	O
น้ำ	O
เสร็จ	O
ตัว	O
เปียกๆ	O
_	O
ให้	O
เอา	O
ออยล์	O
ใส่	O
บน	O
ฝ่ามือ	O
ใน	O
ปริมาณ	O
ที่	O
พอดี	O
แล้ว	O
ทา	O
ตัว	O
_	O
มัน	O
จะ	O
ทำให้	O
ผิว	O
นุ่ม	O
ชุ่มชื้น	NORM_1WORD
_	O
ไม่	O
แห้ง	O
_	O
แล้ว	O
ตาม	O
ด้วย	O
ทา	O
ครีม	O
_	O
เห้ย	O
แกร	NORM_1WORD
_	O
มัน	O
เวิร์ค	NORM_1WORD
จริงๆ	NORM_2WORD
นะ	O
_	O
ผิว	O
ตอน	O
นี้	O
คือดี	O
_	O
ไม่	O
แห้ง	O
แบบ	O
เก่า	O
แล้ว	O
จ้า	NORM_1WORD
_	O
#รีวิว	O
_	O
#ของดีบอกต่อ	O
_	O
#ของมันต้องมี	O
_	O
#ไว้รีวิวห้ามขายของโว้ย	O

ซึ่ง	O
ที่	O
แนะนำ	O
ให้	O
เน้นๆ	O
คือ	O
_	O
ขนตา	O
ปลอม	O
&	O
ปาก	O
ต้อง	O
ไม่	O
ซีด	O
_	O
ให้	O
ดี	O
หา	O
มาสคาร่า	NORM_1WORD
ที่	O
ดี	O
ที่สุด	O
แล้ว	O
เรียง	O
ขนตา	O
ล่าง	O
ไป	O
แน่นๆ	O
_	O
แก้ม	O
นี่	O
ส่วนตัว	O
ชอบ	O
แบบ	O
ใสๆ	O
อ่ะ	NORM_1WORD
(	O
ไม่	O
ชอบ	O
แป้งๆ	O
หนาๆ	O
)	O
_	O
คอนทัวร์	O
คือ	O
เพื่อนๆ	O
แรง	O
มากก	NORM_1WORD
_	O
โหด	O
มาก	O
จีๆๆๆ	NORM_1WORD
_	O
อ้อ	NORM_1WORD
_	O
อย่า	O
ลืม	O
ทา	O
สี	O
เข้มๆ	O
ปิด	O
เหม่ง	O
_	O
ผม	O
นี่	O
ปล่อย	O
หน้าม้า	O
ไป	O
_	O
เวน	NORM_1WORD
มาก	O
_	O
เดิน	O
แปบ	NORM_1WORD
เดียว	O
ก็	O
เหงื่อ	O
ออก	O
_	O
เละ	O
จ้า	NORM_1WORD
555555555555	O

อ่าน	O
แท็ก	O
แล้ว	O
สงสาร	O
มิเรียม	O
เลย	O
อ่ะ	O
_	O
นาง	O
ฉลาด	O
นะ	O
_	O
ตอน	O
รอบ	O
ประเมิน	O
ตอบ	O
คำถาม	O
ได้	O
ดี	O
จน	O
กรรมการ	O
ยก	O
Gloden	O
_	O
Tiara	O
ให้	O
เลย	O
_	O
แสดง	O
ว่า	O
เป็น	O
คน	O
ฉลาด	O
_	O
รอบรู้	O
อ่ะ	O
_	O
ตอบ	O
เก่ง	O
_	O
เพียง	O
แต่	O
ตอน	O
บน	O
เวที	O
เวลา	O
ที่	O
ตอบ	O
มัน	O
น้อย	O
ไป	O
หน่อย	O
_	O
แล้ว	O
พอ	O
ใช้	O
ภาษา	O
ไทย	O
_	O
ก็	O
ไม่	O
ถนัด	O
อีก	O
_	O
เรา	O
พอ	O
มอง	O
ออก	O
นะ	O
ทำไม	O
กรรมการ	O
ให้	O
เข้ารอบ	O
_	O
คือ	O
ส่ง	O
ไป	O
ประกวด	O
เวที	O
อินเตอร์	O
เวที	O
อื่น	O
ได้	O
อ่ะ	O

พี่	O
ก็	O
ต้อง	O
ยิ้ม	O
เยอะ	O
ๆ	O
_	O
พี่	O
ก็	O
ต้อง	O
มี	O
ความสุข	O
_	O
พี่	O
ก็	O
ต้อง	O
อยู่	O
ให้	O
ได้	O
_	O
ขอให้	O
ตัวเอง	O
ด้วย	O
ไม่	O
ใช่	O
ให้	O
ผม	O
คน	O
เดียว	O
_	O
เพราะ	O
ผม	O
ก็	O
รัก	O
_	O
ผม	O
ก็	O
คิดถึง	O
พี่	O
_	O
ผม	O
เป็น	O
ห่วง	O
_	O
และ	O
ผม	O
ก็	O
อยาก	O
เห็น	O
พี่	O
มี	O
ความสุข	O
เหมือนกัน	O
_	O
ผม	O
อยาก	O
เห็น	O
รอยยิ้ม	O
ของ	O
พี่	O
_	O
ผม	O
ไม่	O
ยาก	NORM_1WORD
ให้	O
พี่	O
เศร้า	O
เลย	O
_	O
เลิก	O
เศร้า	O
ได้	O
แล้ว	O
นะ	O
ครับ	O
_	O
วันนี้	O
วัน	O
ดี	O
_	O
วัน	O
สุข	O
ของ	O
พี่	O
_	O
อย่า	O
เศร้า	O
นะ	O
_	O
ผม	O
ขอ	O

caf	O
_	O
สุดหวาน	O
_	O
ซอย	O
_	O
อารีย์	O
_	O
1	O
_	O
กัน	O
_	O
นั้น	O
ก็	O
คือ	O
_	O
ร้าน	O
_	O
Itt's	O
_	O
cafe	O
_	O
นั้น	O
เอง	O
_	O
มี	O
สไตล์	O
การแต่ง	O
ร้าน	O
_	O
นี่	O
คือ	O
เหมาะ	O
กับ	O
การไป	O
ถ่าย	O
รูป	O
เป็น	O
ที่สุด	O
_	O
ส่วน	O
การสั่ง	O
เครื่องดื่ม	O
ก็	O
แนะนำ	O
ว่า	O
ให้	O
ดู	O
จาก	O
_	O
instagram	O
_	O
ของ	O
ร้าน	O
ไป	O
ก่อน	O
เลย	O
ไม่	O
งั้น	NORM_1WORD
อาจ	O
จะ	O
เกิด	O
เหตุการณ์	O
ไม่	O
คาดฝัน	O
ขึ้น	O
_	O
#รีวิวคาเฟ่	O
_	O
#รีวิวของกิน	O
_	O
#คาเฟ่	O
_	O
#รีวิว	O
_	O
#ของดีบอกต่อ	O

ขอบคุณ	O
คุณ	O
อ้อม	O
_	O
ออเดอร์	O
ขนม	O
จาก	O
ร้านจ๊ะจ๋า	O
นะ	O
คะ	O
_	O
คุณ	O
อ้อม	O
ได้	O
รับ	O
เซต	O
นี้	O
จาก	O
คุณ	O
มะนาว	O
_	O
แล้ว	O
กลับ	O
มา	O
ซื้อ	O
อีกครั้ง	O
_	O
ขอบคุณ	O
ลูกค้า	O
ที่	O
น่ารัก	O
ทั้ง	O
สอง	O
คน	O
ด้วย	O
นะ	O
คะ	O
_	O
#จ๊ะจ๋าขนมหวาน	O
_	O
#ขนมไทย	O
_	O
#ขนมมงคล	O
_	O
#จ่ามงกุฎ	O
_	O
#ทองเอก	O
_	O
#เสน่ห์จันทร์	O
_	O
#เม็ดขนุนเผือก	O
_	O
#เม็ดขนุนมันม่วง	O
_	O
#จีบนก	O
_	O
#ช่อม่วง	O
_	O
#อาลัวมะลิ	O
_	O
#ฝอยทอง	O
_	O
#อร่อยบอกต่อ	O

ทุก	O
ครั้ง	O
ที่	O
มี	O
โอกาส	O
ไป	O
งาน	O
ที่	O
ผ.	O
ไป	O
_	O
จะ	O
กลับ	O
มา	O
พร้อม	O
ความสุขใจ	O
ทุก	O
ครั้ง	O
_	O
ถึงแม้	O
แต่ละ	O
งาน	O
จะ	O
ไม่	O
เคย	O
ได้	O
ใกล้	O
ผ.	O
เลย	O
_	O
และ	O
ส่วนใหญ่	O
ก็	O
เป็น	O
นุช	O
หน้าจอ	O
_	O
แต่	O
เรา	O
ภูมิใจ	O
ใน	O
การเป็น	O
นุช	O
และ	O
_	O
support	O
ผ.	O
เสมอ	O
_	O
อยาก	O
เห็น	O
ผลิต	O
ทำ	O
ใน	O
สิ่ง	O
ที่	O
รัก	O
_	O
มี	O
นุช	O
อีก	O
เยอะ	O
ที่	O
เป็น	O
แบบ	O
เรา	O
_	O
รัก	O
แบบ	O
ไม่	O
มี	O
เงื่อนไข	O
_	O
อยาก	O
รักษา	O
รอยยิ้ม	O
นี้	O
ไป	O
นานๆ	NORM_2WORD
_	O
#	O
เป๊กผลิตโชค	O

รีวิว	O
คาเฟ่	O
น่าไป	O
_	O
ย่า	O
นItaewon,	O
_	O
เกาหลี	O
_	O
ชั้น	O
บน	O
สุด	O
วิว	O
สวย	O
_	O
ถ่าย	O
รูป	O
ออก	O
มา	O
นึก	O
ว่า	O
อยู่	O
ยุโรป	O
_	O
บ้า	O
ไป	O
แล้ว!	O
_	O
มี	O
เค้ก	O
_	O
เครื่องดื่ม	O
_	O
รสชาติ	O
โอเค	O
_	O
ไม่	O
หวาน	O
มาก	O
_	O
แนะนำ	O
ให้	O
รีบ	O
ไป	O
_	O
ช่วง	O
ก่อน	O
พระอาทิต	NORM_1WORD
ตก	O
แสง	O
สวย	O
ดี	O
_	O
วิธี	O
ไป	O
คือ	O
ลง	O
ตรง	O
สถานีรถไฟ	O
_	O
hangangjin	O
_	O
เดิน	O
ไป	O
อีก	O
3	O
นาที	O
ถึง	O
เลย	O
_	O
#รีวิว	O
เกาหลี	O
_	O
#ไว้รีวิวห้ามขายของโว้ยย	O
_	O
#อร่อยไปแดก	O

มา	O
รีวิว	O
การออกกำลังกาย	O
_	O
คือ	O
เรา	O
ออกกำลังกาย	O
เพื่อ	O
ลด	O
น้ำหยัก	NORM_1WORD
+	O
หุ่น	O
ฟิต	O
กระชับ	O
_	O
กิน	O
ปกติ	O
นะ	O
_	O
แค่	O
คุม	O
แคล	O
_	O
ก็	O
ดี	O
_	O
ลด	O
มา	O
หน่อย	O
_	O
แต่	O
ผล	O
จริงๆ	NORM_2WORD
ที่	O
ปลื้ม	O
จน	O
น้ำตา	O
ไหล	O
คือ	O
_	O
หาย	O
ปวด	O
เมนส์!!!	NORM_1WORD
_	O
ปกติ	O
ปวด	O
จน	O
จะ	O
เป็นลม	O
_	O
แนะนำ	O
เถอะ	O
_	O
ออกกำลังกาย	O
_	O
ไม่	O
ต้อง	O
ไป	O
กิน	O
ยาบำรุงมดลูก	O
หรอก	O
_	O
เรา	O
ลอง	O
มา	O
เยอะ	O
แล้ว	O
_	O
#ไว้รีวิวห้ามขายของโว้ยย	O
_	O
#ใช้จริงรีวิวจริง	O

เหมือน	O
เธอ	O
กำลัง	O
ปั่นหัว	O
เรา	O
เรา	O
มี	O
ค่า	O
หรือ	O
ไม่	O
มี	O
ค่า	O
ต้องการ	O
เรา	O
หรือ	O
ไม่	O
ต้องการ	O
เรา	O
เรา	O
อยาก	O
จะ	O
รู้เห็น	O
ได้	O
พบ	O
ได้	O
เจอ	O
ได้	O
สัมผัส	O
จัง	O
ว่า	O
ถ้า	O
เธอ	O
ต้อง	O
มา	O
เป็น	O
เรา	O
เหมือน	O
เรา	O
ทุก	O
อย่าง	O
ทั้ง	O
คิด	O
พูด	O
_	O
ทำ	O
และ	O
ถูก	O
กระทำ	O
เหมือน	O
กัน	O
ทุก	O
ประการ	O
ทุก	O
เรื่อง	O
_	O
เธอ	O
จะ	O
คิด	O
และ	O
รู้สึก	O
อย่างไร	O
เธอ	O
จะ	O
ปล่อยวาง	O
รัก	O
พ่อ	O
รัก	O
แม่	O
รัก	O
ตนเอง	O
หา	O
สุนัขแมว	O
มา	O
เลี้ยง	O
ไหม	O

วันเกิด	O
เพื่อน	O
ใน	O
กลุ่ม	O
_	O
เพื่อน	O
อีก	O
คน	O
ทัก	O
มา	O
_	O
มึง	O
พ.น	NORM_1WORD
วันเกิด	O
มัน	O
นะ	O
_	O
ไอ	NORM_1WORD
เรา	O
ก็	O
แบบ	O
ใช่	O
เรอะ	NORM_1WORD
ไม่	O
แน่ใจ	O
วัน	O
แต่	O
ก็	O
เชื่อ	O
อยู่	O
_	O
เตรียม	O
ตัว	O
ทุก	O
อย่าง	O
_	O
ตื่น	O
แต่	O
เช้า	O
รีบ	O
ไป	O
ซื้อ	O
เค้ก	O
_	O
กะ	O
ว่า	O
เพื่อน	O
ร้อง	O
แน่	O
_	O
สรุป	O
กู	O
ร้อง	O
เพลง	O
แฮป	O
ดัง	O
ลั่น	O
_	O
เพื่อน	O
บอก	O
กู	O
ไม่	O
ได้	O
เกิด	O
วันนี้	O
_	O
มึง	O
มา	O
เร็ว	O
ไป	O
5	O
วัน	O
_	O
โถ่ว	NORM_1WORD
อิ	NORM_1WORD
สัส	NORM_1WORD
ใจสะลาย	O
555555555	O
_	O
#เรื่องมันช่างน่าอาย	O

รีวิว	O
ลิป	O
ปาล์ม	O
_	O
marry	O
_	O
rose	O
_	O
สี	O
_	O
walnut	O
_	O
ครับ	O
_	O
อย่าง	O
แรก	O
แพคเกจ	NORM_1WORD
ก็	O
กิ๊กก๊อก	O
_	O
แต่	O
น่ารัก	O
ดี	O
_	O
ส่วน	O
กลิ่น	O
คือ	O
แย่	O
แต่	O
ตอน	O
ทา	O
ก็	O
เฉยๆ	O
_	O
ส่วน	O
สี	O
ค่อนข้าง	O
ชัด	O
เลย	O
_	O
แต่	O
แบบ	O
ก็	O
ไม่	O
ได้	O
ชัด	O
เป็น	O
ลิป	O
แมต	O
แบบ	O
ที่	O
หลายๆ	NORM_2WORD
คน	O
พูด	O
_	O
เนื้อ	O
ก็	O
แห้ง	O
แต่	O
ไม่	O
ได้	O
แห้ง	O
ขนาด	O
นั้น	O
_	O
สี	O
สวย	O
พอ	O
สมควร	O
ปาด	O
2	O
-	O
3	O
รอบ	O
สี	O
ก็	O
ชัด	O
ละ	O
_	O
ถ้า	O
ลง	O
ลิป	O
ปาล์ม	O
ก่อน	O
ลง	O
นี่	O
ก็	O
คือ	O
ปาด	O
หลาย	O
รอบ	O
หน่อย	O

ก็	O
ว่า	O
อยู่	O
ทำไม	O
ถึง	O
มี	O
คน	O
รีทวีต	O
ประมาณ	O
ว่า	O
_	O
อ๋อ	O
กับ	O
แบม	O
ไม่	O
ได้	O
คบ	O
กัน	O
เพราะ	O
ว่า	O
รัก	O
กัน	O
_	O
แต่	O
เป็น	O
เพราะ	O
ว่า	O
อ๋อ	O
เมา	O
ถึง	O
ได้	O
กับ	O
แบม	O
_	O
(	O
ใน	O
ใจ	O
ตัวเอง	O
คิด	O
_	O
เอ้า	NORM_1WORD
!	O
_	O
นี่	O
ไป	O
อยู่	O
ไหน	O
มา	O
ทำไม	O
ถึง	O
พึ่ง	NORM_1WORD
รู้	O
ว่า	O
อ๋อ	O
มัน	O
เมา	O
)	O
_	O
เอา	O
ง่ายๆ	NORM_2WORD
คือ	O
ตัวเอง	O
ลืม	O
_	O
ลืม	O
ว่า	O
ไป	O
ซื้อ	O
หนังสือ	O
มา	O
อ่าน	O
ไง	O
คือ	O
รู้	O
ก่อน	O
แล้ว	O
_	O
#ลืมว่าทุกคนไม่ได้ซื้อมาอ่าน	O
_	O
#มนตร์กาลบันดาลรัก	O

มอง	O
กริช	O
ตา	O
โต	O
ปริบๆ	O
ตรง	O
วางแผน	O
มา	O
ร่วม	O
เดือน	O
_	O
อย่า	O
นะ	O
ครับ	O
--	O
_	O
คนขาย	O
ตอบ	O
ว่า	O
_	O
1,300	O
_	O
ค่า	NORM_1WORD
_	O
คริส	O
หัน	O
ควับ	NORM_1WORD
_	O
มอง	O
ราคา	O
แพง	O
อัพ	NORM_1WORD
แรง	O
หยั่ง	NORM_1WORD
กะ	NORM_1WORD
บัตรคอน	NORM_1WORD
--	O
_	O
มือ	O
ทาบ	O
อก	O
ตัวเอง	O
แล้ว	O
บอก	O
กริช	O
ว่า	O
เลทมี	NORM_1WORD
..	O
_	O
เห็น	O
ว่า	O
มี	O
ฝรั่ง	O
แล้ว	O
บังอาจ	O
อัพ	NORM_1WORD
ราคา	O
ขาย	O
ฝอ	O
--	O
_	O
หัว	O
ทอง	O
ไม่	O
ได้	O
รวย	O
เหมือน	O
ขาย	O
ทอง	O
ทุก	O
คน	O
นะ	O
เฮ้ย	O
!	O
--	O
_	O
ยืน	O
หล่อๆ	O
ต่อ	O
ราคา	O
แม่ค้า	O
ด้วย	O
ภาษา	O
ไทย	O
สำเนียง	O
ไท๊ยไทย	NORM_1WORD

ตอน	O
_	O
#Credence	O
_	O
ชายแปลกหน้า	O
กับ	O
เด็กแจกใบปลิว	O
ที่	O
พบกัน	O
ใน	O
วัน	O
ฝนพรำ	O
_	O
มัน	O
คือ	O
เรื่องสั้น	O
ที่	O
เต็มอิ่ม	O
ไป	O
ด้วย	O
Sensuality	O
_	O
ห้องพัก	O
ชั้น	O
17	O
อัน	O
หรูหรา	O
งดงาม	O
ไม่	O
แพ้	O
เจ้าของห้อง	O
ผู้ลึกลับ	O
_	O
เสียง	O
ฝน	O
_	O
กลิ่น	O
ถุงมือหนัง	O
_	O
รสชาติ	O
หอม	O
หวาน	O
ของ	O
โกโก้	O
_	O
สัมผัส	O
ที่	O
แผดเผา	O
ผิวกาย	O
เหมือน	O
ไฟ	O
_	O
Feeling	O
!	O
_	O
อ่าน	O
แล้ว	O
อิน	O
และ	O
เต็มอิ่ม	O
ใน	O
วรรณกรรม	O
มาก	O
!	O

อดทน	O
เวลา	O
ที่	O
ฝน	O
พรำ	O
อย่าง	O
น้อย	O
ก็	O
ทำให้	O
เรา	O
ได้	O
เห็น	O
ถึง	O
ความแตกต่าง	O
_	O
อดทน	O
เวลา	O
ที่	O
ฝน	O
จาง	O
_	O
ฟ้า	O
ก็	O
คง	O
สว่าง	O
และ	O
ทำให้	O
เรา	O
ได้	O
เข้าใจ	O
ว่า	O
มัน	O
คุ้มค่า	O
แค่	O
ไหน	O
ที่	O
เฝ้ารอ	O
_	O
จำ	O
ไว้	O
ทำให้	O
เต็มที่	O
ไม่	O
ต้อง	O
ไป	O
ให้	O
ค่า	O
กับ	O
ขยะ	O
ที่	O
ไม่	O
ทำให้	O
เรา	O
ดี	O
ขึ้น	O
_	O
มั่นใจ	O
ไว้	O
เรา	O
มี	O
ดี	O
มาก	O
พอ	O
_	O
และ	O
ไม่	O
เคย	O
ทำ	O
พี่	O
ผิดหวัง	O
เลย	O
_	O
#MobileBNK48	O
_	O
#BNK48	O
_	O
#KeepGoingMobile	O

ตั้งแต่	O
เรียน	O
หมอ	O
มา	O
ไม่	O
เคย	O
เจอ	O
ผี	O
_	O
แต่	O
มี	O
เรื่อง	O
หลอนๆ	O
มา	O
เล่า	O
ให้	O
ฟัง	O
บ้าง	O
_	O
1	O
.	O
ถาม	O
หา	O
ลูก	O
_	O
ปี	O
ห้า	O
ได้	O
อยู่	O
เวร	O
ใน	O
ห้องคลอด	O
_	O
เรา	O
นอน	O
น้อย	O
มา	O
หลาย	O
วัน	O
เลย	O
นอน	O
หลับ	O
รอ	O
รับ	O
เคส	O
ใหม่	O
ที่	O
เก้าอี้ยาว	O
_	O
ระหว่าง	O
ที่	O
กำลัง	O
เคลิ้มๆ	O
ได้ยิน	O
เสียง	O
ผู้ชาย	O
มา	O
กระซิบ	O
ว่า	O
_	O
ลูก	O
ผม	O
เป็น	O
ยังไง	NORM_1WORD
บ้าง	O
ครับ	O
_	O
แล้ว	O
เรา	O
ก็	O
สะดุ้งสะเด็น	O
ตา	O
ตื่น	O
_	O
สรุป	O
ได้	O
ว่า	O
น่า	O
จะ	O
ฝัน	O
_	O
555	O

รีวิว	O
_	O
#TheFavourite	O
_	O
#อีเสน่ห์ร้าย	O
_	O
หนัง	O
ที่	O
พูด	O
ถึง	O
ราชินี	O
ผู้	O
อ่อนแอ	O
และ	O
สาวใช้	O
อีงูพิษ	O
!	O
_	O
ให้	O
_	O
7	O
/	O
10	O
_	O
หนัง	O
พูด	O
ถึง	O
ความร้ายกาจ	O
เมื่อ	O
หญิง	O
ร้าย	O
สอง	O
คน	O
มา	O
รับใช้	O
ใน	O
วัง	O
เดียวกัน	O
_	O
สู้	O
กัน	O
ด้วย	O
จังหวะ	O
,	O
ไหวพริบ	O
,	O
มารยา	O
_	O
รวมถึง	O
สเน่ห์	O
กวนตีน	O
แบบ	O
สุภาพ	O
_	O
และ	O
ความวิปริตจิตเสีย	O
ของ	O
ราชินี	O
_	O
เรื่อง	O
นี้	O
คน	O
ดู	O
เสียงแตก	O
แน่นอน	O
!!!	O
_	O
#movietwit	O
_	O
at	O
_	O
Esplanade	O
Cineplex	O
Ratchadapisek	O
_	O
(	O
เอสพลานาด	O
ซีนีเพล็กซ์	O
รัชดาภิเษก	O
)	O

ไม่	O
เคย	O
อ่าน	O
นิยาย	O
เนื่องจาก	O
ไม่	O
มี	O
ฉ.	NORM_1WORD
ที่	O
แปล	O
ลง	O
เว็บ	O
(	O
หรือ	O
มี	O
วะ	O
)	O
_	O
แต่	O
ว่า	O
เคย	O
ดู	O
ซีรี่ย์	NORM_1WORD
เนื่องจาก	O
มี	O
ช่องออนไลน์	O
ของ	O
จีน	O
เอา	O
มา	O
ทำ	O
ซีรีย์	NORM_1WORD
_	O
แต่	O
เป็น	O
แนว	O
โบรมานซ์	NORM_1WORD
_	O
ไม่	O
ใช่	O
วาย	O
_	O
ส่วนตัว	O
รู้สึก	O
ชอบ	O
เพราะ	O
อิน	O
กับ	O
อะไร	O
จีนๆ	O
อยู่	O
แล้ว	O
อ่ะ	NORM_1WORD
_	O
การ์เดี้ยน	O
เป็น	O
นิยานแฟนตาซี	NORM_1WORD
ที่	O
กล่าว	O
ถึง	O
โลก	O
ที่	O
ถูก	O
แบ่ง	O
เป็น	O
2	O
ส่วน	O
คือ	O
โลกบนพื้นพิภพ	O
และ	O
โลกใต้พิภพ	O

อัน	O
นี้	O
เป็น	O
หนัง	O
สงคราม	O
ที่	O
เรา	O
กลัว	O
มาก	O
ที่สุด	O
_	O
Men	O
_	O
Behind	O
_	O
the	O
_	O
Sun	O
_	O
(1988)	O
_	O
หรือ	O
ชื่อ	O
ไทย	O
ว่า	O
_	O
จับ	O
คน	O
มา	O
ทำ	O
เชื้อโรค	O
_	O
เป็น	O
หนัง	O
เกี่ยวกับ	O
หน่วย	O
_	O
731	O
_	O
เป็น	O
หน่วยงาน	O
ของ	O
ทหาร	O
ญี่ปุ่น	O
_	O
ทำ	O
การทดลอง	O
ค้นคว้า	O
อาวุธ	O
ชีวภาพ	O
_	O
โดย	O
ทดลอง	O
กับ	O
คน	O
จริงๆ	NORM_2WORD
_	O
ซึ่ง	O
เป็น	O
คน	O
จีน	O
และ	O
รัสเซีย	O
_	O
หนัง	O
เรื่อง	O
นี้	O
โหด	O
มาก	O
_	O
ว่ากันว่า	O
บาง	O
ฉาก	O
ถ่ายทำ	O
กับ	O
ศพ	O
จริงๆ	NORM_2WORD
_	O
ฮือ	O

คัย	NORM_1WORD
ยัง	O
ไม่	O
ได้	O
ดู	O
appwar	O
ก็	O
คือ	O
ต้อง	O
ดู	O
แล้ว	O
หนัง	O
ก็	O
มัน	O
ดี	O
อะ	O
แก	O
_	O
ยัง	O
ไม่	O
อยาก	O
รีวิว	O
อะไร	O
เยอะ	O
เพราะ	O
วันนี้	O
ที่	O
ไป	O
ดู	O
ไม่	O
ได้	O
ใส่ใจ	O
รายละเอียด	O
หนัง	O
เท่าที่	O
ควร	O
มัว	O
แต่	O
หวีด	O
อร	O
_	O
อร	O
คือ	O
ดี	O
มาก	O
น่ารัก	O
น่าบีบ	O
คือ	O
ใคร	O
ชอบ	O
อร	O
ใน	O
ร่าง	O
ขี้อ้อน	O
คือ	O
ตาย	O
ไป	O
เลย	O
ละลาย	O
ลง	O
ตรง	O
นั้น	O
เลย	O
_	O
ฉาก	O
ร้องไห้	O
ก็	O
บีบ	O
หัวใจ	O
ละเกิน	NORM_1WORD
แต่	O
พอ	O
ร้องไห้	O
ปุ๊ป	NORM_1WORD
กลายเปง	NORM_1WORD
น้อง	O
อร	O
4	O
ขวบ	O
เลย	O

บาง	O
คน	O
เป็น	O
คน	O
ไทย	O
ยัง	O
พิมพ์	O
ภาษา	O
ไทย	O
ผิด	O
เลย	O
แล้ว	O
ทำไม	O
คน	O
ไทย	O
จะ	O
พิมพ์	O
ภาษา	O
อื่น	O
ผิด	O
ไม่	O
ได้	O
_	O
มัน	O
อาจ	O
เป็น	O
ความตั้งใจ	O
พิมพ์	O
แบบ	O
นั้น	O
ก็	O
ได้	O
ใคร	O
จะ	O
ไป	O
รู้	O
เพราะ	O
บาง	O
ครั้ง	O
มัน	O
ก็	O
อยู่	O
ที่	O
ความเคยชิน	O
และ	O
ตาม	O
สบาย	O
ตา	O
ใน	O
การเห็น	O
รูปแบบ	O
ของ	O
คำ	O
เช่น	O
คำ	O
ว่า	O
ม้า	O
ที่	O
แปล	O
ว่า	O
แม่	O
ที่	O
ถูก	O
จริงๆ	NORM_2WORD
คือ	O
ม้า	O
ถึง	O
จะ	O
รู้	O
แต่	O
บาง	O
คน	O
ก็	O
ยัง	O
พิมพ์	O
ม๊า	O
อยู่	O
เลย	O
_	O
#respectBamBam	O

รีวิว	O
_	O
มนุด	NORM_1WORD
หลายๆ	O
อย่าง	O
อาจ	O
ไม่	O
ลงตัว	O
อย่าง	O
ใคร	O
ว่า	O
_	O
แต่	O
สิ่ง	O
หนึ่ง	O
ที่	O
นี่	O
รู้	O
คือ	O
มี	O
คน	O
ที่	O
นอน	O
ดึก	O
กว่า	O
ตื่น	O
เช้า	O
กว่า	O
หรือ	O
ไม่	O
ได้	O
นอน	O
_	O
มา	O
คอย	O
ดูแล	O
_	O
รู้	O
ว่า	O
คน	O
ทำ	O
หน้าที่	O
เบื้องหลัง	O
มัน	O
เหนื่อย	O
_	O
จะ	O
เอาใจ	O
ใคร	O
ให้	O
ได้	O
หมด	O
ก็	O
ยาก	O
_	O
อย่า	O
ท้อ	O
นะ	O
_	O
ห้าม	O
ท้อ	O
เลย	O
_	O
คน	O
ด่า	O
มี	O
_	O
คน	O
ชม	O
มี	O
_	O
ใคร	O
ไม่	O
รัก	O
แต่	O
นี่	O
รัก	O
นะ	O
_	O
เรา	O
เข้าใจ	O
_	O
คน	O
ที่	O
ไม่	O
เข้าใจ	O
สัก	O
วัน	O
จะ	O
เข้าใจ	O

ตัด	O
มา	O
ที่	O
นางเอก	O
_	O
ก็	O
เสียใจ	O
แหละ	O
เพราะ	O
เอา	O
จริงๆ	NORM_2WORD
นาง	O
ก็	O
แพลน	O
ชีวิต	O
รัก	O
ของ	O
นาง	O
ไว้	O
เหมือน	O
กัน	O
ว่า	O
จะ	O
แต่งงาน	O
ตอน	O
ไหน	O
มี	O
ลูก	O
ตอน	O
ไหน	O
นั่นนี่	O
_	O
ที่นี้	NORM_1WORD
นาง	O
ก็	O
ไป	O
เที่ยว	O
ที่	O
เกาะๆ	NORM_1WORD
นึง	NORM_1WORD
แล้ว	O
พระเอก	O
ก็	O
ไป	O
ทำ	O
งาน	O
ที่	O
นั่น	O
พอดี	O
_	O
เลย	O
บังเอิญ	O
เจอ	O
กัน	O
_	O
ด้วยความที่	O
นางเอก	O
เป็น	O
รัก	O
แรก	O
ตั้งแต่	O
สมัย	O
มหาลัย	NORM_1WORD
_	O
พระเอก	O
ก็	O
ดีใจ	O
ใหญ่	O
ทิ้ง	O
งาน	O
ไป	O
หา	O
นางเอก	O
เลย	O
555	O
_	O
(	O
2	O
)	O

Bitan	O
_	O
สำหรับ	O
นี่	O
คือ	O
_	O
Central	O
_	O
Park	O
_	O
ของ	O
ไทเป	O
เป็น	O
ทะเลสาบ	O
ใหญ่	O
มากกกก	NORM_1WORD
ไว้	O
ปั่น	O
เรือเป็ด	O
_	O
กลางคืน	O
มี	O
ร้านอาหาร	O
ริมน้ำ	O
_	O
มี	O
ดนตรี	O
สด	O
ข้างๆ	O
เป็น	O
night	O
_	O
market	O
_	O
ซื้อ	O
มา	O
นั่ง	O
ทาน	O
ใน	O
สวน	O
ชิวๆ	NORM_1WORD
ก็	O
ได้	O
_	O
วิว	O
สะพานข้ามแม่น้ำ	O
สวย	O
ดี	O
_	O
นี่	O
ไป	O
แล้ว	O
อด	O
ปั่น	O
เรือ	O
เพราะ	O
เขา	O
ปิด	O
เร็ว	O
_	O
เสียดาย	O
มาก	O
_	O
Mrt	O
_	O
Xingdian	O
_	O
ออก	O
มา	O
ก็	O
เจอ	O
สวน	O
เลย	O
ค่ะ	O
_	O
#รีวิว	O
ไต้หวัน	O

ป้าย	O
10	O
ปี	O
2PM	O
_	O
ที่	O
MRT	O
_	O
มี	O
ภาษา	O
ไทย	O
_	O
ให้	O
ร่วม	O
กัน	O
บริจาค	O
เงิน	O
ทำบุญ	O
ด้วย	O
_	O
ซึ่ง	O
คน	O
ผ่าน	O
ไป	O
ผ่าน	O
มา	O
_	O
เค้า	NORM_1WORD
เห็น	O
_	O
เค้า	NORM_1WORD
จะ	O
รู้สึก	O
ว่า	O
_	O
เอ้อ	O
..	O
มี	O
ชวน	O
ทำบุญ	O
ทำ	O
อะไร	O
ให้	O
สังคม	O
ด้วย	O
_	O
จะ	O
ได้	O
เลิก	O
มอง	O
แฟนคลับ	O
เกาหลี	O
ไร้	O
ประโยชน์	O
สัก	O
ที	O
_	O
อยาก	O
ทำบุญ	O
หรอ	O
_	O
อ่ะ	O
สแกน	O
บาร์โค้ด	O
ใต้	O
รูป	O
บริจาค	O
กัน	O
_	O
ระหว่าง	O
รอ	O
ก็	O
สแกน	O
บาร์โค้ด	O
ข้าง	O
ล่าง	O
ดู	O
เอ็มวี	O
ไป	O
ก่อน	O
นะ	O
คะ	O
_	O
555555	O

ไม่	O
เท	O
เฮีย	O
นะ	O
คะ	O
รัก	O
เหมือน	O
เดิม	O
แต่	O
ช่วง	O
นี้	O
ต้อง	O
งด	O
ตาม	O
ข่าว	O
สัก	O
พัก	O
(	O
จะ	O
ทำ	O
ได้	O
มั้ย	NORM_1WORD
)	O
_	O
มี	O
เหตุ	O
ให้	O
ห้าม	O
เครียด	O
ด้วย	O
ทำ	O
_	O
ivf	O
_	O
มา	O
_	O
5	O
_	O
รอบ	O
แล้ว	O
ไม่	O
ติด	O
_	O
ป่วย	O
ผ่าตัด	O
พัก	O
ร่างกาย	O
ไป	O
_	O
3	O
_	O
เดือน	O
_	O
หมอ	O
อนุญาต	O
ให้	O
มี	O
น้อง	O
ได้	O
จะ	O
เริ่ม	O
รอบ	O
ใหม่	O
_	O
แล้ว	O
นี่	O
ตาม	O
ข่าว	O
ตลอด	O
สงสาร	O
ยช	O
แอบ	O
ร้องไห้	O
นอน	O
ไม่	O
หลับ	O
นอน	O
ดึก	O
มา	O
เป็น	O
เดือน	O
_	O
โดน	O
ดุ	O
เลย	O
ฮือ	O
ห้าม	O
ใจ	O
ไม่	O
ได้	O
อ่ะ	NORM_1WORD
ทำ	O
ไง	O

รีวิว	O
_	O
การรักษา	O
หน้า	O
มา	O
_	O
1	O
_	O
เดือน	O
_	O
สำหรับ	O
คน	O
อยาก	O
ให้	O
รูขุมขน	O
เล็ก	O
ลง	O
_	O
สิว	O
ผด	O
หาย	O
_	O
-	O
_	O
การล้าง	O
หน้า	O
ตาม	O
รูขุมขน	O
_	O
=	O
_	O
ดี	O
!!	O
ทำ	O
เลย	O
_	O
-	O
_	O
การทา	O
ครีม	O
ตาม	O
รูขุมขน	O
_	O
=	O
_	O
ดี	O
!!	O
ทำ	O
เลย	O
_	O
-	O
_	O
กันแดด	O
_	O
บีโอเร	O
_	O
ขวด	O
สี	O
ฟ้า	O
_	O
=	O
_	O
ดี	O
!!	O
ซื้อ	O
เลย	O
_	O
-	O
_	O
เซรั่ม	O
_	O
39	O
_	O
บาท	O
_	O
ใน	O
7	O
ของ	O
เกาหลี	O
_	O
=	O
_	O
ดี	O
!!	O
ซื้อ	O
เลย	O
_	O
(	O
จำ	O
ชื่อ	O
ไม่	O
ได้	O
ขี้เกียด	NORM_1WORD
เดิน	O
ไป	O
อ่าน	O
_	O
อัน	O
ที่	O
แจก	O
แสตมป์	O
อยู่	O
อะ	O
)	O
_	O
#	O
บตบก	NORM_1WORD

Flipaclip	O
_	O
โหด	O
มาก	O
_	O
ไม่	O
ต้อง	O
ทำ	O
ใน	O
คอม	O
ให้	O
หลังแข็ง	O
อีก	O
ต่อ	O
ไป	O
_	O
ทำ	O
ใน	O
โทรศัพท์	O
ที	O
เดียว	O
จบ	O
_	O
ใคร	O
ที่	O
ไม่	O
อยาก	O
ได้	O
ลายน้ำ	O
ก็	O
ซื้อ	O
แบบ	O
พรีเมี่ยม	NORM_1WORD
ได้	O
เลย	O
_	O
แถม	O
แอพ	NORM_1WORD
นี้	O
ยัง	O
เซฟ	O
วิดีโอ	O
ได้	O
ชัด	O
อีก	O
ด้วย	O
_	O
ปล.	NORM_1WORD
จริงๆ	NORM_2WORD
วาด	O
ใน	O
แอป	NORM_1WORD
เลย	O
ก็	O
ได้	O
_	O
แต่	O
ส่วนตัว	O
เรา	O
ไม่	O
ถนัด	O
เลย	O
วาด	O
ใน	O
sketchbook	O
แล้ว	O
เอา	O
มา	O
รัน	O
เป็น	O
คลิป	O
ใน	O
แอป	NORM_1WORD
นี้	O
อีก	O
ที	O
ค่า	NORM_1WORD
_	O
#	O
แอพ	NORM_1WORD
ดีบอกต่อ	O
_	O
#BLACKPINK	O

EP	NORM_1WORD
3	O
_	O
Where	O
_	O
Stars	O
_	O
Land	O
_	O
หรือ	O
_	O
Fox	O
_	O
Bride	O
_	O
Star	O
_	O
เป็น	O
อีก	O
ซีรี่ย์	NORM_1WORD
ที่	O
ผม	O
พึ่ง	O
ดู	O
จบ	O
ไป	O
แล้ว	O
อยาก	O
จะ	O
มา	O
รีวิว	O
_	O
เรื่อง	O
นี้	O
_	O
พูด	O
ถึง	O
คน	O
สอง	O
คน	O
ที่	O
มี	O
นิสัย	O
ที่	O
แตกต่าง	O
กัน	O
สิ้นเชิง	O
_	O
บอก	O
เลย	O
ว่า	O
_	O
เรื่อง	O
นี้	O
จะ	O
ได้	O
เห็น	O
มุมมอง	O
_	O
ของ	O
อาชีพ	O
ที่	O
อยู่	O
ใน	O
สนามบิน	O
_	O
ปัญหา	O
บน	O
สนามบิน	O
_	O
ให้	O
_	O
7.5	O
/	O
10	O
_	O
#wherestarsland	O
_	O
#foxbridestar	O
_	O
#รีวิวซีรี่ย์	O
เกาหลี	O

ส่วน	O
นึง	NORM_1WORD
ที่	O
นี่	O
ดอง	O
หนังสือ	O
เป็น	O
ตั้งๆ	O
หลัง	O
งาน	O
หนังสือ	O
ทุก	O
ที	O
เพราะ	O
ไม่	O
มี	O
เวลา	O
อ่าน	O
_	O
ต้อง	O
หัน	O
มา	O
อ่าน	O
e-book	O
หรือ	O
นิยาย	O
ใน	O
เวป	NORM_1WORD
แทน	O
_	O
แต่	O
สุดท้าย	O
ยังไง	O
ก็	O
ชอบ	O
ฟิลลิ่ง	O
หนังสือ	O
อยู่ดี	O
_	O
แต่	O
หลังๆ	O
เหมือน	O
เริ่ม	O
สมาธิสั้น	O
แตะ	O
หนังสือ	O
ได้	O
แปป	NORM_1WORD
นึง	NORM_1WORD
ก็	O
ต้อง	O
หยิบ	O
มือถือ	O
มา	O
ไถ	O
_	O
เพราะ	O
งั้น	O
วัน	O
ไหน	O
ที่	O
เกือบ	O
จะ	O
ไม่	O
ได้	O
จับ	O
มือถือ	O
เลย	O
จะ	O
อเมซิ่ง	O
ตัวเอง	O
มาก	O

ก็	O
เลย	O
กลัว	O
จะ	O
ไป	O
_	O
do	O
_	O
injustice	O
_	O
ใส่	O
อาชีพ	O
ทั้งหลาย	O
เหล่า	O
นั้น	O
_	O
(	O
โดย	O
เฉพาะ	O
ปธ.	NORM_1WORD
บริษัท	O
_	O
เรฟ	O
ที่	O
มี	O
ทำ	O
ให้	O
หญิง	O
_	O
Romance	O
_	O
ไม่	O
ออก	O
จริง	O
ๆ	O
)	O
_	O
แล้ว	O
ยิ่ง	O
ถ้า	O
มี	O
นางเอก	O
_	O
เรา	O
มั่น	O
ใจ	O
ว่า	O
_	O
95	O
_	O
ใน	O
_	O
100	O
_	O
นางเอก	O
เรา	O
ต้อง	O
ทิ้ง	O
พระเอก	O
แล้ว	O
เดิน	O
เข้า	O
วัด	O
ไป	O
บวช	O
แน่นอน	O
ค่ะ	O
_	O
ผู้ชาย	O
ไม่	O
ดี	O
หรือ	O
งี่เง่า	O
จะ	O
ทน	O
ทำไม	O
_	O
//	O
กราบ	O
ขออภัย	O
นิยาย	O
ตบ	O
จูบ	O
ทั่ว	O
โลก	O
ด้วย	O
เจ้าค่ะ	O

รายชื่อ	O
องค์กร	O
เพื่อ	O
การกุศล	O
และ	O
สาธารณะประโยชน์	NORM_1WORD
_	O
รวบรวม	O
เพื่อ	O
_	O
#JamieTobyFansForCharity	O
_	O
(	O
ชื่อ	O
นี้	O
แหละ	O
_	O
ยัง	O
ไม่	O
ได้	O
คิด	O
_	O
-	O
_	O
ใคร	O
อยาก	O
เสนอ	O
ชื่อ	O
โปรเจกต์	O
บอก	O
ได้	O
เลย	O
นะ	O
คะ	O
_	O
อิอิ	O
)	O
_	O
ใน	O
นี้	O
เป็น	O
_	O
list	O
_	O
ที่	O
รวบรวม	O
มา	O
_	O
แต่	O
ว่า	O
เสนอ	O
ให้	O
นำออก	O
ได้	O
นะ	O
คะ	O
_	O
1	O
.	O
_	O
มูลนิธิ	O
เพื่อ	O
คนตาบอด	O
แห่ง	O
ประเทศ	O
ไทย	O
_	O
2	O
.	O
_	O
วัด	O
พระบาทน้ำพุ	O
_	O
3.	O
_	O
มูลนิธิ	O
ของ	O
ศิริราช	O

เรื่อง	O
ตัวร้าย	O
3	O
เล่ม	O
จบ	O
ค่ะ	O
_	O
ตอน	O
นี้	O
ออก	O
มา	O
สอง	O
เล่ม	O
แล้ว	O
_	O
ค่อยๆ	O
ตาม	O
เก็บ	O
ยัง	O
ทัน	O
นะคะ	O
_	O
มัน	O
ดียยยย	NORM_1WORD
_	O
ส่วน	O
เรื่อง	O
รัชศก	O
_	O
จำ	O
ไม่	O
ได้	O
ว่า	O
7	O
หรือ	O
8	O
เล่ม	O
นี่	O
แหละ	O
_	O
ออก	O
มา	O
ครบ	O
หมด	O
แล้ว	O
ค่ะ	O
_	O
เรา	O
ว่า	O
นิยาย	O
จีน	O
น่าสนุกๆ	O
หลาย	O
เรื่อง	O
เลย	O
_	O
เรา	O
ก็	O
อยาก	O
ซื้อ	O
อ่าน	O
หลาย	O
เล่ม	O
เลย	O
แต่	O
ไม่	O
มี	O
เงิน	O
_	O
ก๊ากก	NORM_1WORD
_	O
เห็น	O
หลายๆ	NORM_2WORD
คน	O
อ่าน	O
เรื่อง	O
_	O
glory	O
_	O
ด้วย	O
_	O
อัน	O
นี้	O
จะ	O
เล่ม	O
18	O
แล้ว	O

วิธี	O
ใช้งาน	O
เครื่องซัก	O
จิ๋ว	O
ง่าย	O
มาก	O
ค่ะ	O
200	O
฿	O
ส่ง	O
ฟรี	O
_	O
-	O
ใส่	O
น้ำ	O
ได้	O
มี	O
สายระบายน้ำ	O
ออก	O
_	O
-	O
ล้าง	O
แปรงแต่งหน้า	O
,	O
พัพ	O
,	O
ฟองน้ำ	O
_	O
-	O
ใช้	O
ถ่าน	O
AAA	O
_	O
2	O
ก้อน	O
(	O
เพิ่มถ่าน	O
+	O
20	O
/	O
40	O
)	O
_	O
-	O
น้ำยาล้าง	O
แบบ	O
ใน	O
คลิป	O
60	O
฿	O
_	O
#พร้อมส่ง	O
_	O
#ส่งต่อเสื้อผ้า	O
_	O
#ส่งต่อเสื้อผ้ามือสอง	O
_	O
#ส่งต่อสกินแคร์	O
_	O
#ส่งต่อคสอ	O
_	O
#ส่งต่อเครื่องสําอางค์	O
_	O
#เครื่องสําอาง	O
เกาหลี	O

น่ารัก	O
_	O
น่ารัก	O
_	O
น่ารัก	O
_	O
น่ารัก	O
_	O
น่ารัก	O
_	O
น่ารัก	O
_	O
น่ารัก	O
_	O
น่ารัก	O
_	O
น่ารัก	O
_	O
น่ารัก	O
_	O
น่ารัก	O
_	O
น่ารัก	O
_	O
น่ารัก	O
_	O
น่ารัก	O
_	O
น่ารัก	O
_	O
น่ารัก	O
_	O
น่ารัก	O
_	O
น่ารัก	O
_	O
น่ารัก	O
_	O
น่ารัก	O
_	O
น่ารัก	O
_	O
น่ารัก	O
_	O
น่ารัก	O
_	O
น่ารัก	O
_	O
น่ารัก	O
_	O
น่ารัก	O
_	O
น่ารัก	O
_	O
น่ารัก	O
_	O
น่ารัก	O
_	O
น่ารัก	O
_	O
นารัก	NORM_1WORD
_	O
น่ารัก	O
_	O
น่ารัก	O
_	O
น่ารัก	O
_	O
น่ารัก	O
_	O
น่ารัก	O
น่ารัก	O
_	O
น่ารัก	O
_	O
น่ารัก	O
_	O
น่ารัก	O

ลืม	O
เล่า	O
ไป	O
อย่าง	O
...	O
_	O
มี	O
เมม	O
คน	O
นึง	NORM_1WORD
เว้ย	O
ตอน	O
คอน	NORM_1WORD
วัน	O
ที่	O
31	O
_	O
น้อง	O
แก	O
มา	O
เต้น	O
อยู่	O
ข้าง	O
หน้า	O
ไง	O
เลย	O
เห็น	O
_	O
ฝุ่น	O
แม่ง	O
เข้า	O
ตา	O
น้อง	O
ตอน	O
กลาง	O
เพลง	O
_	O
ท่อน	O
ไหน	O
หัน	O
หลัง	O
ก็	O
แอบ	O
ขยี้	O
ตา	O
เรื่อยๆ	NORM_2WORD
_	O
แต่	O
ท่อน	O
ไหน	O
หัน	O
หน้า	O
ก็	O
ยิ้ม	O
แล้ว	O
เต้น	O
ตาม	O
ปกติ	O
_	O
จน	O
จบ	O
เพลง	O
ก็	O
ยัง	O
เขี่ย	O
ไม่	O
ออก	O
_	O
พอ	O
จบ	O
เพลง	O
นี่	O
รัก	O
เลย	O
อะ	O
_	O
ความอดทน	O
ดี	O
มาก	O
_	O
ใบ้	O
ว่า	O
ตัว	O
สูงๆ	O
_	O
ชื่อ	O
พยางค์	O
เดียว	O
_	O
#bnk48	O

อภิสิทธิ์	O
จาก	O
ยูนิท	NORM_1WORD
ประชาธิปัตย์	O
และ	O
อดีต	O
เซ็นเตอร์	O
คน	O
ที่	O
_	O
27	O
_	O
ประกาศ	O
แกรด	O
ผล	O
หลัง	O
การเลือกตั้ง	O
เซมบัสซึ	O
ไม่	O
น่าพอใจ	O
_	O
โดย	O
คะแนน	O
แพ้	O
ยูนิท	NORM_1WORD
เคงคิวเซ	O
อย่าง	O
อนาคตใหม่	O
_	O
นำ	O
โดย	O
ธนาธร	O
ที่ก้าว	O
ขึ้น	O
เป็น	O
เมมเบอร์	NORM_1WORD
แถวหน้า	O
จาก	O
การสนับสนุน	O
ของ	O
แฟนคลับ	O
ด้อม	O
ฟ้า	O
_	O
หลัง	O
ประกาศ	O
เดบิ้ว	NORM_1WORD
ได้	O
เพียง	O
ปี	O
เดียว	O
_	O
(	O
1	O
)	O
_	O
#ThailandElections2019	O
_	O
#bnk48	O

เสาร์	O
ที่	O
_	O
18	O
_	O
นี้	O
_	O
มี	O
_	O
พิธี	O
เปิด	O
_	O
#เอเชียนเกมส์2018	O
_	O
อย่าง	O
เป็น	O
ทางการ	O
_	O
และ	O
ก็	O
เป็น	O
วัน	O
แรก	O
ของ	O
งาน	O
จับ	O
มือ	O
_	O
#BNK48	O
_	O
ที่	O
เลน	NORM_1WORD
เยอะ	O
ที่	O
สุด	O
เท่า	O
ที่	O
เคย	O
จัด	O
มา	O
_	O
เป็น	O
งาน	O
ที่	O
รุ่น	O
สอง	O
จะ	O
ได้	O
รับ	O
รู้	O
ความกดดัน	O
_	O
และ	O
การแข่งขัน	O
กัน	O
อย่าง	O
เป็น	O
ทางการ	O
_	O
และ	O
แน่นอน	O
เป็น	O
เสาร์	O
แรก	O
ของ	O
_	O
#GirlsDontCry	O
_	O
ที่	O
จะ	O
เข้า	O
ฉาย	O
ด้วย	O
แหละ	O
นะ	O
_	O
จะ	O
ปัง	O
แค่	O
ไหน	O
ก็	O
รอ	O
ดู	O

รีวิว	O
theater	O
_	O
วัน	O
นี้	O
_	O
ตอน	O
แรก	O
ได้	O
ที่นั่ง	O
ริมๆ	NORM_2WORD
_	O
ด้วย	O
ความที่	O
ไม่	O
เคย	O
ไง	O
_	O
เลย	O
แอบ	O
หวั่นๆ	NORM_2WORD
_	O
กลัว	O
ไม่	O
เห็น	O
น้อง	O
_	O
แต่	O
ว่า	O
!!!	O
_	O
กลาย	O
เป็น	O
ที่นั่ง	O
ที่	O
โคตร	O
ดี	O
_	O
คือ	O
น้อง	O
แก้ว	O
มา	O
ยืน	O
ตรงหน้า	O
_	O
eye	O
_	O
contact	O
_	O
บ่อย	O
มากกกกก	NORM_1WORD
_	O
น้อง	O
เขา	O
ยิ้ม	O
ให้	O
_	O
ส่ง	O
จูบ	O
ให้	O
_	O
อะไร	O
มา	O
ทาง	O
คนดู	O
ก็	O
ตรงหน้า	O
_	O
ประหนึ่ง	O
ส่ง	O
ให้	O
เรา	O
โดย	O
ตรง	O
_	O
กรี๊ดดดดดด	NORM_1WORD
_	O
เป็น	O
ศพ	O
วน	O
ไป	O
สิ	O
_	O
#	O
Kaew	O
BNK48	O

ตอน	O
แรก	O
ไม่	O
เคย	O
รู้ตัว	O
ว่า	O
ชอบ	O
ภาษา	O
_	O
เพราะ	O
ส่วนตัว	O
ไม่	O
เก่ง	O
ภาษา	O
อังกฤษ	O
_	O
แต่	O
เพราะ	O
ตอน	O
มัธยม	O
ต้น	O
สอบ	O
ติด	O
ก็	O
เลย	O
ได้	O
เรียน	O
สาย	O
วิทย์คณิต	O
ที่	O
มี	O
ภาษา	O
จีน	O
ด้วย	O
_	O
ตอน	O
เริ่ม	O
เรียน	O
มัน	O
ยาก	O
มากๆ	NORM_2WORD
_	O
แต่	O
เหล่าชือ	O
ที่	O
สอน	O
ตลอด	O
สาม	O
ปี	O
ทำให้	O
รู้สึก	O
รัก	O
ภาษา	O
จีน	O
_	O
เพราะ	O
เหล่าชือ	O
ตั้งใจ	O
สอน	O
มากๆ	NORM_2WORD
_	O
อยาก	O
ให้	O
เด็ก	O
เก่ง	O
จริงๆ	NORM_2WORD
_	O
และ	O
ก็	O
โหด	O
จริง	O
55555	O
_	O
แต่	O
เฉพาะ	O
ตอน	O
เรียน	O

ค่อยๆ	O
_	O
ก้าว	O
ขึ้น	O
บันได	O
ไป	O
ทีละ	O
ขั้น	O
อย่าง	O
ระมัดระวัง	O
_	O
ความสูง	O
ของ	O
มัน	O
คง	O
ทำให้	O
เรา	O
เหนื่อยล้า	O
ท้อ	O
จน	O
หมด	O
แรง	O
ไป	O
บ้าง	O
_	O
เรา	O
ก็	O
แค่	O
หยุดพัก	O
_	O
และ	O
ก้าว	O
จน	O
กว่า	O
จะ	O
ถึง	O
ขั้น	O
ใน	O
ระดับ	O
ที่	O
เรา	O
ก้ม	O
ลง	O
มา	O
มอง	O
เบื้อง	O
ล่าง	O
_	O
และ	O
เห็น	O
ใน	O
สิ่ง	O
ที่	O
ทำให้	O
เรา	O
ภาคภูมิใจ	O
ก็	O
พอ	O
_	O
มัน	O
ต้อง	O
ถึง	O
จุด	O
ที่	O
ฉัน	O
อยาก	O
เป็น	O
_	O
เขียน	O
นิยาย	O
มา	O
ตั้งแต่	O
ประถม	O
หก	O
_	O
ไม่	O
ท้อ	O
สิ	O
_	O
21	O
แล้ว	O
นะ	O

Pokemon	O
_	O
Detective	O
_	O
Pikachu	O
_	O
น้อง	O
_	O
Psyduck	O
_	O
ผู้น่ารัก	O
คือ	O
สิ่ง	O
เดียว	O
ที่	O
เยียวยา	O
เรา	O
จาก	O
หนัง	O
ครอบครัว	O
พลังงาน	O
ต่ำ	O
_	O
โลก	O
ที่	O
สร้าง	O
จาก	O
เกม	O
ฮิต	O
ไม่	O
ดึงดูด	O
ให้	O
อยาก	O
เข้า	O
ไป	O
เล่น	O
สนุก	O
_	O
ง่าย	O
เกิน	O
สำหรับ	O
ผู้ใหญ่	O
_	O
สับสน	O
ไป	O
สำหรับ	O
เด็ก	O
?	O
_	O
หนัง	O
ฝาก	O
ความหวัง	O
กับ	O
เสียง	O
กวน	O
ของ	O
_	O
Ryan	O
_	O
Reynolds	O
_	O
มาก	O
ไป	O
_	O
นักแสดง	O
นำ	O
_	O
Justice	O
_	O
Smith	O
_	O
ปลอม	O
กว่า	O
_	O
CG	O

ทำไม	O
_	O
?	O
_	O
ต้อง	O
มี	O
กิจกรรม	O
_	O
#คำนิยมชมชอบ	O
_	O
ทำไม	O
?	O
_	O
เรา	O
ถึง	O
อยาก	O
ให้	O
_	O
'	O
รีวิว	O
'	O
_	O
ของ	O
ทุก	O
คน	O
ได้	O
ไป	O
แปะ	O
อยู่	O
ที่	O
หน้า	O
ร้าน	O
ซีเอ็ด	O
ทุก	O
สาขา	O
_	O
ลอง	O
จินตนาการ	O
ว่า	O
เรา	O
จะ	O
แฮปปี้	NORM_1WORD
กับ	O
การเดิน	O
ร้านหนังสือ	O
มาก	O
ขึ้น	O
แค่	O
ไหน	O
_	O
มัน	O
จะ	O
รู้สึก	O
ดี	O
แค่	O
ไหน	O
ที่	O
คำนิยม	O
ของ	O
เรา	O
_	O
จะ	O
มี	O
ส่วน	O
ให้	O
เพื่อนๆ	O
นักอ่าน	O
_	O
เลือก	O
หนังสือ	O
ได้	O
อย่าง	O
สนุก	O
_	O
และ	O
ตรงใจ	O
ของ	O
ตัวเอง	O
มาก	O
ขึ้น	O

พี่	O
เขา	O
แบก	O
ของ	O
เขา	O
ไหว	O
อยู่	O
นะ	O
_	O
ไปกลับ	O
_	O
2	O
_	O
นาที	O
กว่า	O
_	O
แข็งแรง	O
มาก	O
_	O
555555	O
_	O
ส่วน	O
น้อง	O
ก็	O
มี	O
อุ้ม	O
พี่	O
ได้	O
เหมือน	O
กัน	O
จ้า	NORM_1WORD
_	O
5555	O
_	O
แข็งแรง	O
_	O
ในขณะที่	O
คู่	O
นั้น	O
แกล้ง	O
กัน	O
ฮาร์ทคอ	NORM_1WORD
เหลือบ	O
มา	O
มอง	O
จิมมี่	O
ทอมมี่	O
คือแบบ	O
...	O
_	O
เอ็นดู	O
จ้า	NORM_1WORD
ลูก	O
_	O
ความนอนตัก	O
_	O
ความมุ้งมิ้งกระดิ่งกร่องแก้ว	O
_	O
แบบ	O
เออ	O
โลกส่วนตัว	O
สูง	O
มาก	O
_	O
อยาก	O
ตะโกน	O
ถาม	O
ว่า	O
รัก	O
กัน	O
มาก	O
ไหม	O
จ้า	NORM_1WORD

#BNK48	O
_	O
#BNK48Market	O
_	O
#ตลาดนัดBNK48	O
_	O
#bnk48trade	O
_	O
#KimiwaMelodyTH	O
_	O
#bnk482shot	O
_	O
#bnk48fanart	O
_	O
#BNK482ndGeneration	O
_	O
#cherprangbnk48	O
_	O
#PunBNK48	O
_	O
#PupeBNK48	O
_	O
#MobileBNK48	O
_	O
#MusicBNK48	O
_	O
#NoeyBNK48	O
_	O
#NatherineBNK48	O
_	O
#NamneungBNK48	O
_	O
#MirindaMixitXBNK48	O
_	O
#jennisbnk48	O
_	O
#JunBNK48	O
_	O
#OrnBNK48	O
_	O
#PhukkhomBNK48	O

คุณ	O
อาจ	O
คิด	O
....	O
เอา	O
เวลา	O
ไป	O
ห่วง	O
ตัวเอง	O
เถ้อะ	NORM_1WORD
5555555555	O
_	O
#เออก็จริง	O
_	O
ตัวเอง	O
ก็	O
ไม่	O
ค่อย	O
ไหว	O
หรอก	O
5555555	O
_	O
โคตร	O
คิดถึง	O
คุณ	O
เลย	O
_	O
ไม่	O
ไหว	O
ก็	O
ต้อง	O
ไหว	O
_	O
ฉัน	O
ก็	O
เป็น	O
แบบ	O
นี้	O
แหละ	O
_	O
...	O
_	O
วันๆ	O
เอา	O
แต่	O
พร่ำเพ้อ	O
หา	O
คุณ	O
...	O
_	O
ไม่	O
ไหว	O
ก็	O
นั่ง	O
เหงาๆ	O
ร้องไห้	O
สัก	O
ที	O
_	O
ก็	O
ดี	O
ขึ้น	O
แล้ว	O
_	O
ฉัน	O
ยัง	O
มี	O
ที่	O
นี่	O
ไว้	O
ระบาย	O
_	O
คุณ	O
คุย	O
กับ	O
เพื่อน	O
นะ	O
_	O
รู้	O
เปล่า	O
_	O
จะ	O
ได้	O
ไม่	O
เหงา	O

ทับศัพท์	O
นี่	O
เอา	O
จริง	O
ๆ	O
_	O
ใน	O
วงการ	O
แปล	O
ถือ	O
ว่า	O
ยาก	O
ฮะ	O
_	O
ยิ่ง	O
เป็น	O
ชื่อ	O
หนัง	O
ที่	O
ต้อง	O
เป็น	O
ตัวขาย	O
(	O
ต้อง	O
เข้าใจ	O
ก่อน	O
ว่า	O
บ้าน	O
เรา	O
ภาษา	O
หลัก	O
และ	O
ทางการ	O
อันดับ	O
_	O
1	O
_	O
ยัง	O
เป็น	O
_	O
ภาษา	O
ไทย	O
)	O
_	O
แถม	O
คน	O
ที่	O
ไม่	O
เก่ง	O
ภาษา	O
อังกฤษ	O
(	O
หรือ	O
ไม่	O
รู้	O
เลย	O
)	O
ก็	O
ยัง	O
มี	O
_	O
ดังนั้น	O
_	O
มัน	O
ต้อง	O
เป็น	O
ชื่อ	O
ไทย	O
ที่	O
เข้าถึง	O
ง่าย	O
_	O
ยิ่ง	O
ต้นฉบับ	O
สั้น	O
_	O
แปล	O
ก็	O
ต้อง	O
สั้น	O
ตาม	O
และ	O
ความหมาย	O
ตรง	O

วันนี้	O
วัน	O
สุดท้าย	O
ของ	O
_	O
แคน	O
_	O
ใน	O
นามสกุล	O
BNK48	O
_	O
และ	O
ต้อง	O
เปลี่ยน	O
เป็น	O
_	O
Can	O
_	O
Nayika	O
_	O
แล้ว	O
_	O
แต่	O
ยังไง	NORM_1WORD
_	O
แคน	O
ก็	O
ยัง	O
เป็น	O
แคน	O
คน	O
เดิม	O
ของ	O
เรา	O
_	O
แคน	O
ที่	O
ชอบ	O
เล่น	O
กีต้าร์	NORM_1WORD
_	O
แคน	O
ที่	O
ชอบ	O
เดินทาง	O
_	O
แคน	O
ที่	O
มี	O
สไตล์	O
ฟัง	O
เพลง	O
เป็น	O
ของ	O
ตัวเอง	O
_	O
แคน	O
ที่	O
แก้ม	O
เยอะๆ	O
_	O
เรา	O
จะ	O
รอ	O
ศิลปินเดี่ยว	O
ชื่อ	O
_	O
แคน	O
นายิกา	O
_	O
มา	O
ที่	O
งาน	O
_	O
Cat	O
_	O
นะ	O
_	O
#CanBNK48	O
_	O
#CanNayika	O
_	O
#BNK48	O

ภาระหน้าที่	O
_	O
มัน	O
บีบบังคับ	O
ให้	O
เรา	O
ต้อง	O
เติบโต	O
_	O
แต่	O
ภาระหน้าที่	O
ที่	O
ต้อง	O
แบกรับ	O
เกิน	O
กว่า	O
ความรับผิดชอบ	O
ตาม	O
วัย	O
_	O
มัน	O
ลดทอน	O
ช่วง	O
เวลา	O
แห่ง	O
ความสดใส	O
ที่	O
ควร	O
จะ	O
เกิดขึ้น	O
_	O
.	O
_	O
..	O
_	O
นัย	O
หนึ่ง	O
...	O
_	O
มัน	O
ทำให้	O
เรา	O
มี	O
ประสบการณ์	O
ชีวิต	O
ที่	O
มาก	O
กว่า	O
คน	O
อื่นๆ	NORM_2WORD
_	O
แต่	O
อีก	O
นัย	O
หนึ่ง	O
_	O
มัน	O
ก็	O
ทำให้	O
เรา	O
รู้สึก	O
_	O
เหงา	O
...	O
_	O
เป็น	O
ความเหงา	O
ลึกๆ	O
ที่	O
อยู่	O
ข้าง	O
ใน	O

นี่	O
มัน	O
จริง	O
มาก	O
...	O
คือ	O
ฟัง	O
_	O
พูด	O
_	O
อ่าน	O
_	O
เขียน	O
อังกฤษ	O
ได้	O
_	O
แต่	O
แปล	O
ให้	O
เป็น	O
ไทย	O
เป็น	O
ประโยค	O
ไม่	O
ได้	O
ไหม	O
ล่ะ	O
...	O
เรียบเรียง	O
ประโยค	O
ภาษา	O
ไทย	O
ไม่	O
ได้	O
อ่ะ	NORM_1WORD
_	O
เวลา	O
มา	O
ขอให้	O
ช่วย	O
แปล	O
ไร	NORM_1WORD
ให้	O
นี่	O
_	O
อยาก	O
ร้องไห้	O
มาก	O
_	O
ขอ	O
เป็น	O
เล่า	O
ให้	O
ฟัง	O
แล้ว	O
แก	O
ไป	O
เขียน	O
กัน	O
เอง	O
ได้	O
ไหมมมมมม	NORM_1WORD
_	O
//	O
ความจริง	O
คือ	O
ไม่	O
ได้	O
_	O
ส่ง	O
กัน	O
มา	O
เป็น	O
หน้าๆ	O
เอสี่	O
_	O
แล้ว	O
ให้	O
พิมพ์	O
ส่ง	O
กลับ	O
ไป	O
...	O

ตอบ	O
คำถาม	O
ให้	O
เท่าที่	O
รู้	O
_	O
ใน	O
ฐานะ	O
_	O
1	O
_	O
ใน	O
ผู้โชคดี	O
และ	O
หมกมุ่น	O
กับ	O
_	O
ssr	O
_	O
พอ	O
สมควร	O
_	O
1	O
.	O
สั่ง	O
มา	O
กี่	O
เซต	NORM_1WORD
_	O
-	O
_	O
เรา	O
_	O
52	O
_	O
แต่	O
คน	O
สั่ง	O
_	O
3	O
-	O
4	O
_	O
เซต	NORM_1WORD
ได้	O
ก็	O
มี	O
เยอะแยะ	O
_	O
ไม่	O
เกี่ยวกับ	O
จำนวน	O
หรอก	O
_	O
ปก	O
กับ	O
ssr	O
อาจ	O
คน	O
ละ	O
เมม	NORM_1WORD
กัน	O
ก็	O
ได้	O
_	O
2	O
.	O
_	O
ถ้า	O
จะ	O
ให้	O
เดา	O
เมม	NORM_1WORD
นึง	NORM_1WORD
หลัก	O
สิบ	O
ใบ	O
แน่นอน	O
_	O
เพราะ	O
หลาย	O
คน	O
ออก	O
มา	O
7	O
_	O
แล้ว	O
_	O
ของ	O
ส่ง	O
แค่	O
ลอต	O
เดียว	O
_	O
3	O
.	O
ลายน้ำ	O
_	O
bnk48	O
_	O
ปกติ	O
เลย	O
_	O
#bnk48	O

รอ	O
ไป	O
ก่อน	O
นะ	O
คะ	O
_	O
แงงง	NORM_1WORD
_	O
โหด	O
บ้าบอ	O
_	O
แง	O
_	O
ท่า	O
นั้น	O
ยัง	O
โอเค	O
นะ	O
_	O
แต่	O
ท่า	O
อื่น	O
แบบ	O
_	O
แง้	O
_	O
รู้สึก	O
อ่อนแอ	O
--	O
_	O
แค่ก	O
ๆๆๆ	NORM_1WORD
_	O
รู้	O
ว่า	O
เลี้ยง	O
แบ	NORM_1WORD
ไหน	O
_	O
แงง	NORM_1WORD
_	O
เดี๋ยว	O
ก่อ	NORM_1WORD
--	O
_	O
แงง	NORM_1WORD
_	O
ให้	O
ไม่	O
กังวล	O
เกิน	O
ไป	O
สิ	O
นะ	O
_	O
เอา	O
นะ	O
--	O
_	O
แงงง	NORM_1WORD
_	O
ธรรมดา	O
เลยยยย	NORM_1WORD
_	O
แง	O
_	O
นาย	O
ปล่อย	O
ให้	O
เรา	O
แล้ว	O
นะ	O
_	O
แง	O
_	O
ป่ะ	O
_	O
งี้	NORM_1WORD
เห็น	O
ภาพ	O
มา	O
หา	O
แบบ	O
ไหน	O
เลย	O
--	O
แค่ก	O
ๆๆๆ	NORM_1WORD
_	O
ดู	O
ของกิน	O
อร่อย	O
--	O
แค่ก	O
ๆๆ	NORM_1WORD
_	O
เด็ก	O
ผู้ชาย	O
เหรอ	O

ไม่	O
รู้	O
จะ	O
รีวิว	O
ไร	NORM_1WORD
เพราะ	O
ไม่	O
อยาก	O
จะ	O
รีวิว	O
ให้	O
คน	O
อื่น	O
รู้จัก	O
มากนัก	O
_	O
ไม่	O
อยาก	O
ดึง	O
คน	O
อื่น	O
เข้า	O
มา	O
ใน	O
วังวน	O
ที่	O
น่าสงสาร	O
เหมือน	O
ผม	O
_	O
คน	O
อะไร	O
ขี้เถียง	O
ชิบเป๋ง	O
เถียงคำไม่ตกฝาก	NORM_1WORD
_	O
ปากหมา	O
ท้า	O
ตีน	O
_	O
เรียน	O
จบ	O
มา	O
งาน	O
ไม่	O
หา	O
คง	O
หา	O
แต่	O
เรื่อง	O
อะไร	O
ทำนอง	O
นั้น	O
_	O
ดู	O
เป็น	O
คน	O
เข้าถึง	O
ยาก	O
_	O
คุย	O
จริงๆ	NORM_2WORD
ก็	O
เข้าถึง	O
ยาก	O
จริงๆ	NORM_2WORD
นั่นแหละ	O
เพราะ	O
นานๆ	NORM_2WORD
จะ	O
โผล่	O
มา	O
ให้	O
เข้า	O
ที	O
นึง	NORM_1WORD

เพิ่ง	O
ได้	O
ดู	O
เวอร์	NORM_1WORD
ละคร	O
_	O
ก็	O
สนุก	O
ไป	O
อีก	O
แบบ	O
นะ	O
_	O
อย่าง	O
น้อยๆ	O
ก็	O
ได้	O
เห็น	O
พระนาง	O
มาก	O
ขึ้น	O
_	O
นิยาย	O
มี	O
กระจึ๋ง	O
นึง	NORM_1WORD
จาง	O
ใน	O
จาง	O
_	O
เสียดาย	O
ใน	O
ละคร	O
หนูดี	O
เป็น	O
แฟน	O
กับ	O
โจ้	O
แป๊บ	O
เดียว	O
แล้ว	O
ถูก	O
บอกเลิก	O
เลย	O
_	O
มัน	O
ก็	O
เจ็บ	O
แต่	O
ไม่	O
จุก	O
เท่า	O
คบ	O
นาน	O
จน	O
จะ	O
แต่ง	O
แต่	O
ถูก	O
เพื่อน	O
รัก	O
ฉก	O
ไป	O
_	O
หมอ	O
ดี	O
ใน	O
นิยาย	O
ดู	O
แกร่ง	O
ดี	O
_	O
ชอบ	O
ที่	O
บอก	O
ถ้า	O
ดี	O
ดี	O
เกิน	O
ไป	O
โจ้	O
ก็	O
สาระเลว	NORM_1WORD
_	O
อิ	O
โจ้	O
หน้าชา	O
เลย	O

รีวิว	O
หลัง	O
ลอก	O
_	O
คือ	O
มัน	O
ก็	O
ต้อง	O
ดี	O
อ่ะ	NORM_1WORD
แก	O
เพราะ	O
มัน	O
เอา	O
หนัง	O
ด้านๆ	O
เรา	O
ออก	O
มัน	O
ต้อง	O
นุ่ม	O
ขึ้น	O
อยู่แล้ว	O
ซึ้ง	NORM_1WORD
นี่	O
พอใจ	O
มาก	O
เพราะ	O
ไป	O
ฝึกงาน	O
มา	O
ลุย	O
สุด	O
เท้า	O
ด้าน	O
สุด	O
_	O
พอ	O
ลอก	O
เออ	O
รู้สึก	O
มัน	O
กลับ	O
มา	O
สวยงาม	O
อีก	O
ครั้ง	O
55555	O
_	O
แต่	O
แอบ	O
ไม่	O
ชอบ	O
ที่	O
มัน	O
ลอก	O
หลาย	O
วัน	O
ไป	O
หน่อย	O
เหมือน	O
คน	O
เป็น	O
โรค	O
_	O
แต่	O
นั่ง	O
แกะ	O
มัน	O
มือ	O
ดี	O
_	O
(	O
ปล.	NORM_1WORD
ไม่	O
ควร	O
ทำ	O
5555555	O
)	O
_	O
#ขออภัยตีนบานมาก	O

#movietwit	O
_	O
#DetectivePikachu	O
_	O
7.5	O
/	O
10	O
_	O
ข้อดี	O
_	O
-	O
cg	O
สวย	O
_	O
เหล่า	O
ปกม.	NORM_1WORD
น่ารัก	O
มาก	O
_	O
-	O
ไรอัน	O
พากย์	O
ก็	O
ดี	O
_	O
ไม่	O
ได้	O
แย่	O
_	O
-	O
เนื้อเรื่อง	O
ดำเนิน	O
เข้าใจ	O
ง่าย	O
_	O
เหมาะ	O
สำหรับ	O
ทุก	O
เพศ	O
ทุก	O
วัย	O
_	O
ข้อเสีย	O
_	O
-	O
ปม	O
ตัวร้าย	O
ดู	O
ไม่	O
มี	O
มิติ	O
เท่า	O
ไหร่	O
_	O
รู้สึก	O
อิหยัง	NORM_1WORD
วะ	O
กับ	O
การกระทำ	O
_	O
-	O
มี	O
หลาย	O
จุด	O
ที่	O
ไม่	O
make	O
_	O
sense	O
_	O
แต่	O
ก็	O
ต้อง	O
เข้าใจ	O
ว่า	O
หนัง	O
เด็ก	O
+	O
บีบ	O
เนื้อเรื่อง	O

พี่	O
เล่า	O
ให้	O
ฟัง	O
ว่า	O
เคย	O
ไป	O
นั่ง	O
กิน	O
เหล้า	O
ที่	O
บ้านร้าง	O
ใน	O
ป่า	O
กับ	O
เพื่อน	O
อีก	O
3	O
คน	O
_	O
ซื้อ	O
เบียร์	O
มา	O
กิน	O
3	O
ขวด	O
นั่ง	O
กิน	O
ได้	O
ไม่	O
นาน	O
_	O
เห็น	O
แสงไฟ	O
ดวง	O
ใหญ่	O
ลอย	O
เข้า	O
มา	O
ใกล้ๆ	NORM_2WORD
แล้ว	O
ก็	O
ผ่าน	O
หัว	O
ไป	O
ทุก	O
คน	O
ใน	O
วง	O
เห็น	O
เหมือน	O
กัน	O
หมด	O
ว่า	O
เป็น	O
หัว	O
คน	O
_	O
พี่	O
บอก	O
จังหวะ	O
นั้น	O
วิ่ง	O
หนี	O
ลืม	O
ตาย	O
กระจาย	O
คน	O
ละ	O
ทิศทาง	O
_	O
ทุก	O
วัน	O
ยัง	O
สงสัย	O
ว่า	O
ที่	O
เห็น	O
คือ	O
อะไร	O
แน่	O
_	O
#เล่าเรื่องผี	O

.....	O
_	O
ไม่	O
หมดรัก	O
แต่	O
หมด	O
แรง	O
เลย	O
ครับ	O
นาย	O
_	O
.....	O
_	O
**	O
ชอบ	O
ไว้	O
ผม	O
ยาว	O
ครับ	O
_	O
**	O
เกิด	O
มา	O
18	O
ปี	O
เคย	O
มี	O
แฟน	O
คน	O
เดียว	O
_	O
**	O
ชอบ	O
อ่าน	O
หนังสือ	O
เกี่ยวกับ	O
พวก	O
ทัศนคติ	O
ความคิด	O
ประสบการณ์	O
ปรัชญา	O
_	O
**	O
อยาก	O
ไป	O
ญี่ปุ่น	O
มาก	O
มากๆๆๆ	NORM_1WORD
_	O
**	O
คะน้าหมูกรอบ	O
คือ	O
เดอะเบส	NORM_1WORD
_	O
**	O
หลาย	O
คน	O
นะ	O
ครับ	O
_	O
แต่	O
ถ้า	O
คุย	O
ได้	O
ทุก	O
เรื่อง	O
จริงๆ	NORM_2WORD
คน	O
เดียว	O
_	O
**	O
โพนี่	O
ค้าบบ	NORM_1WORD
_	O
**	O
ขอบคุณ	O
นะ	O
_	O
**	O
ผม	O
สีดำ	O

รีวิว	O
การล้างจมูก	O
ครั้ง	O
แรก	O
ใน	O
ชีวิต	O
_	O
แบบ	O
ขวด	O
ยัง	O
ไม่	O
แห้ง	O
และ	O
พึ่ง	O
เดิน	O
ออก	O
จาก	O
ห้องน้ำ	O
_	O
..	O
มัน	O
OMG	O
จมูก	O
โล่ง	O
สุดยอด	O
มาก	O
_	O
หลังจาก	O
ที่	O
เผชิญ	O
PM2.5	O
ต่างๆ	NORM_2WORD
_	O
จน	O
น้ำมูก	O
น้ำตา	O
ไหล	O
ไม่	O
หยุด	O
มา	O
เจอ	O
อัน	O
นี้	O
เหมือน	O
ได้รับ	O
การปลอบประโลมจิตใจ	O
_	O
กลิ่น	O
ขี้มูก	O
ที่	O
ได้	O
กลิ่น	O
อยู่	O
ทุก	O
วัน	O
หาย	O
ไป	O
_	O
รสชาติ	O
ค่อนข้าง	O
เค็ม	O
_	O
กิน	O
ไป	O
เยอะ	O
เลย	O
_	O
ล้างปาก	O
ไป	O
ด้วย	O
_	O
ดี	O
อ่ะ	NORM_1WORD

รีวิว	O
แอพ	NORM_1WORD
_	O
CP	O
_	O
Freshmart	O
_	O
สมัคร	O
แล้ว	O
ไม่	O
ขึ้น	O
ใน	O
ระบบ	O
_	O
(	O
แต่	O
มี	O
อีเมล์	NORM_1WORD
ยืนยัน	O
ว่า	O
สมัคร	O
)	O
_	O
กด	O
สั่ง	O
ของ	O
ตัด	O
บัตรเครดิต	O
เรียบร้อย	O
_	O
แต่	O
ถ้า	O
กด	O
เข้า	O
แอพ	NORM_1WORD
แล้ว	O
กด	O
ตกลง	O
ตาม	O
นี้	O
_	O
ประวัติ	O
การสั่งซื้อ	O
จะ	O
หาย	O
ไป	O
เลย	O
หาย	O
ไป	O
ใน	O
อากาศ	O
_	O
แอพ	NORM_1WORD
ไม่	O
เสถียร	O
_	O
ทำ	O
ออก	O
มา	O
เพื่อ	O
ใคร	O
ไม่	O
รู้	O
_	O
ใช้	O
ครั้ง	O
เดียว	O
พอ	O
_	O
คืน	O
เงิน	O
ภายใน	O
_	O
7	O
_	O
วัน	O
แต่	O
ตัด	O
เงิน	O
กู	O
ไป	O
ใน	O
1	O
_	O
นาที	O
_	O
ขอบคุณ	O
ค่า	NORM_1WORD

The	O
_	O
cluelessness	O
_	O
of	O
_	O
everyone	O
_	O
involved	O
_	O
at	O
_	O
this	O
_	O
specific	O
_	O
moment	O
_	O
speaks	O
_	O
to	O
_	O
just	O
_	O
how	O
_	O
little	O
_	O
this	O
_	O
film	O
_	O
is	O
_	O
really	O
_	O
interested	O
_	O
in	O
_	O
being	O
_	O
a	O
_	O
piece	O
_	O
of	O
_	O
promotional	O
_	O
material	O
_	O
for	O
_	O
AKB..instead	O
_	O
presents	O
_	O
a	O
_	O
platform	O
_	O
for	O
_	O
the	O
_	O
women	O
_	O
of	O
_	O
BNK48	O
_	O
to	O
_	O
define	O
_	O
what	O
_	O
it	O
_	O
means	O
_	O
to	O
_	O
be	O
_	O
an	O
_	O
idol,	O
_	O
on	O
_	O
their	O
_	O
own	O
_	O
terms.	O

รอยยิ้มมมม	NORM_1WORD
_	O
ฮ่อล	O
_	O
หลง	O
ร้อยยิ้ม	O
นี้	O
มากๆ	NORM_2WORD
_	O
อยาก	O
เห็น	O
ไป	O
นานๆ	NORM_2WORD
_	O
ใน	O
ส่วน	O
ของ	O
วันนี้	O
ตอน	O
ดู	O
อยู่	O
ก็	O
แอบ	O
ลุ้น	O
ตาม	O
ตลอด	O
_	O
เพราะ	O
เห็น	O
ปิด	O
หู	O
ตัวเอง	O
_	O
แต่	O
ก็	O
ถือ	O
ว่า	O
ทำ	O
ได้	O
ดี	O
มาก	O
ใน	O
การ	O
ขึ้น	O
ครั้งแรก	O
ล่ะ	O
_	O
พยายาม	O
ต่อ	O
ไป	O
นะ	O
คน	O
เก่ง	O
_	O
หนึ่ง	O
เรื่อง	O
ตอนนี้	O
คือ	O
กรอบ	O
ดอกไม้	O
นี่	O
_	O
พิ	NORM_1WORD
ถาม	O
จีง	NORM_1WORD
_	O
เจนนิ๊ด	O
_	O
พิ	NORM_1WORD
ถาม	O
จี๊ง	NORM_1WORD
_	O
โอ๊ย	O
_	O
ไอ่	NORM_1WORD
เด็ก	O
เด๋อ	O
_	O
ถถถถถถถ	O
_	O
#JennisBNK48	O
_	O
#BNK48	O

จาก	O
_	O
OTAStory	O
_	O
#	O
BNK48	O
_	O
1	O
.	O
เอา	O
_	O
Serial	O
_	O
Code	O
_	O
1	O
_	O
ใบ	O
_	O
ที่	O
แถม	O
มา	O
กับ	O
แผ่น	O
ที่	O
เรา	O
สั่ง	O
ซื้อ	O
_	O
(	O
1	O
_	O
แผ่น	O
_	O
/	O
_	O
1	O
_	O
โค้ด	O
)	O
_	O
ไป	O
กรอก	O
_	O
2	O
.	O
วัน	O
จันทร์	O
ที่	O
_	O
28	O
_	O
สิงหาคม	O
_	O
เปิด	O
ระบบ	O
ให้	O
ทำ	O
การสุ่ม	O
_	O
และ	O
เลือก	O
สมาชิก	O
ที่	O
ต้องการ	O
_	O
16	O
_	O
อันดับ	O
_	O
3	O
.	O
ระบบ	O
จะ	O
สุ่ม	O
สมาชิก	O
ให้	O
_	O
และ	O
แจ้ง	O
เป็น	O
รอบ	O
_	O
ใน	O
แต่	O
ละ	O
รอบ	O
จะ	O
แจ้ง	O
ด้วย	O
ว่า	O
_	O
สมาชิก	O
คน	O
ไหน	O
ยัง	O
ว่าง	O
_	O
และ	O
สามารถ	O
กด	O
สุ่ม	O
ได้	O

เป็น	O
เพลงชาติ	O
ของ	O
คน	O
กรุงเทพ	O
_	O
ตอน	O
แรก	O
ยัง	O
นึก	O
ว่า	O
_	O
ททท	O
_	O
จ้าง	O
ทำ	O
เอง	O
_	O
ก็	O
สะท้อน	O
ภาพ	O
ดี	O
_	O
กรุงเทพ	O
_	O
ส่วนใหญ่	O
ก็	O
มี	O
แต่	O
_	O
วัด	O
_	O
กับ	O
_	O
วัง	O
_	O
ที่	O
คน	O
ไป	O
เที่ยว	O
ชื่นชม	O
ได้	O
บ้านเมือง	O
เก่าๆ	NORM_2WORD
ก็	O
ไม่	O
ค่อย	O
มี	O
_	O
ททท	O
_	O
ควร	O
จ้าง	O
ทำ	O
_	O
#BNK48	O
_	O
MV	O
_	O
ไป	O
เลย	O
_	O
ใส่	O
ซับ	NORM_1WORD
_	O
จีน	O
_	O
ญี่ปุ่น	O
_	O
ให้	O
_	O
นทท	NORM_1WORD
_	O
ค้นหา	O
_	O
เหมาะ	O
สำหรับ	O
เค้า	NORM_1WORD
_	O
ส่วน	O
ที่	O
บอก	O
ว่า	O
..	O
กลวง	O
อะไร	O
นี้	O
_	O
ใน	O
ฐานะ	O
คน	O
_	O
กทม	NORM_1WORD
_	O
เห็น	O
ด้วย	O

#รีวิว	O
_	O
ภาพ	O
จาก	O
_	O
กล้อง	O
ฟิล์ม	O
ใช้	O
แล้ว	O
ทิ้ง	O
ฟูจิ	O
_	O
รุ่น	O
_	O
hispeed	O
_	O
iso	O
_	O
1600	O
_	O
ฟลิ์ม	NORM_1WORD
หมด	O
อายุ	O
มา	O
_	O
4	O
_	O
ปี	O
_	O
หมด	O
2014	O
_	O
แต่	O
เพิ่ง	O
ซื้อ	O
ใช้	O
ตอน	O
_	O
2018	O
_	O
ถ่าย	O
ด้วย	O
ความลุ้น	O
_	O
แต่	O
สุดท้าย	O
ภาพ	O
สวย	O
เสีย	O
แค่	O
_	O
3	O
_	O
ภาพ	O
_	O
ชอบ	O
จัง	O
จะ	O
ซื้อ	O
มา	O
ใช้	O
อีก	O
_	O
#กล้องฟิล์มใช้แล้วทิ้ง	O
_	O
#ยีร๊าฟแอ่นอ้วน	O
_	O
#กล้องฟิล์ม	O
_	O
#รีวิวกล้องฟิล์มใช้แล้วทิ้ง	O
_	O
#fujifilm	O
_	O
#กล้อง	O

#งานออนไลน์	O
_	O
สนใจ	O
เก็บ	O
เงิน	O
ไป	O
คอน	NORM_1WORD
_	O
ไป	O
มีต	NORM_1WORD
_	O
ชอปปิ้ง	O
กัน	O
_	O
DM	O
สอบ	O
ถาม	O
_	O
ดู	O
รีวิว	O
ก่อน	O
ได้	O
_	O
#ตลาดนัด	O
อากาเซ	O
_	O
#iKON2018CONTINUETOURinBANGKOK	O
_	O
#ตลาดนัดWANNAONE	O
_	O
#HappyChenDay	O
_	O
#KCON2018THAILAND	O
_	O
#IUinBangkok2018	O
_	O
#SS7EncoreinBKK	O
_	O
#KwonHyunBin1stFMinBKK	O
_	O
#ตลาดนัดnct	O
_	O
#TiffanyYoungFanMeetingTourBKK	O
_	O
#ตลาดนัดบังทัน	O

การแต่งงาน	O
มัน	O
เกิด	O
จาก	O
ความรัก	O
ของ	O
คน	O
สอง	O
คน	O
_	O
ไม่	O
ควร	O
จำกัด	O
เพศ	O
_	O
ใคร	O
จะ	O
แต่งงาน	O
กับ	O
ใคร	O
_	O
ใคร	O
จะ	O
จดทะเบียนสมรส	O
กับ	O
ใคร	O
_	O
มัน	O
ก็	O
เรื่อง	O
ของ	O
เขา	O
ความรัก	O
มัน	O
ไม่	O
ได้	O
ใช้	O
เพศ	O
เลือก	O
_	O
แต่	O
ความรัก	O
มัน	O
ใช้	O
ใจ	O
เลือก	O
_	O
โลก	O
นี้	O
ควร	O
เปลี่ยนแปลง	O
เพื่อ	O
เพศที่สาม	O
_	O
ไม่	O
ใช่	O
มี	O
กฏ	O
แค่	O
เพศ	O
ชาย	O
เพศ	O
หญิง	O
_	O
เพราะ	O
ทุก	O
คน	O
ที่	O
อยู่	O
บน	O
โลก	O
ใบ	O
นี้	O
ควร	O
เท่าเทียม	O
กัน	O
_	O
#IDAHOT	O

เพิ่ม	O
_	O
คอมมิค	NORM_1WORD
ล่า	O
สุด	O
_	O
เหมือน	O
น่อม	O
รัก	O
เอ็ดดี้	O
มาก	O
จน	O
เปลี่ยน	O
ความทรงจำ	O
ของ	O
เอ็ดดี้	O
_	O
ให้	O
เอ็ดดี้	O
ลืม	O
ว่า	O
ตัวเอง	O
มี	O
ลูก	O
_	O
เพราะ	O
กลัว	O
เอ็ดดี้	O
จะ	O
ทิ้ง	O
น่อม	O
ไป	O
_	O
พอ	O
เอ็ดดี้	O
รู้	O
ความจริง	O
เลย	O
โกรธ	O
น่อม	O
ขอ	O
แยกทาง	O
_	O
ละ	O
น่อม	O
ก็	O
คือ	O
ทั้ง	O
เสียใจ	O
ทั้ง	O
พระเอก	O
_	O
มาก	O
จ้า	O
_	O
ลูก	O
เอ็ดดี้	O
อยู่	O
ใน	O
อันตราย	O
ก็	O
แอบ	O
ไป	O
ช่วย	O
ชีวิต	O
_	O
รัก	O
ระทม	O
ผิดใจ	O
ยิ่ง	O
กว่า	O
ซีรี่ย์	NORM_1WORD
เกาหลี	O

พี่	O
คนนี้	O
_	O
ชอบ	O
พี่	O
ทั้ง	O
ใน	O
สถานะ	O
ไรท์	O
และ	O
พี่	O
เลย	O
_	O
พี่	O
เป็น	O
คน	O
ที่	O
น่ารัก	O
มากๆ	NORM_2WORD
_	O
ชอบ	O
รูป	O
ที่	O
พี่	O
ถ่าย	O
มาก	O
_	O
ชอบ	O
ความชวน	O
น้อง	O
ไป	O
เที่ยว	O
นิมมาน	O
ตลอด	O
เลย	O
_	O
รู้จัก	O
พี่	O
จาก	O
นิยาย	O
ของ	O
พี่	O
เรื่องนึง	NORM_1WORD
_	O
เป็น	O
หนึ่ง	O
ใน	O
เรื่องโปรด	O
ของ	O
น้อง	O
เลย	O
_	O
เคย	O
มี	O
โอกาส	O
ได้	O
เมนชั่น	O
คุย	O
กับ	O
พี่	O
_	O
พี่	O
เป็น	O
คน	O
ที่	O
คุย	O
ง่าย	O
มากๆ	NORM_2WORD
_	O
เจอกัน	O
ที่	O
คอน	NORM_1WORD
นะ	O
คะ	O
_	O
น้อง	O
จะ	O
ขอ	O
ลายเซ็น	O
ด้วย	O
_	O
อิ	O
อิ	O

ใน	O
ที่สุด	O
ก็	O
มี	O
เวลา	O
มา	O
รีวิว	O
ให้	O
แล้ว	O
_	O
ต้อง	O
ขอ	O
เวลา	O
จริงๆ	NORM_2WORD
_	O
เพราะ	O
สั่ง	O
เยอะ	O
มาก	O
!!	O
_	O
แบบ	O
หมดตัว	O
กะ	NORM_1WORD
ร้าน	O
นี้	O
เลย	O
_	O
แต่	O
ชุด	O
น่ารัก	O
ไง	O
_	O
ยอม	O
เลย	O
_	O
แบบ	O
เงิน	O
ปลิว	O
ไม่	O
รู้ตัว	O
อ่ะ	NORM_1WORD
_	O
555	O
_	O
ชุด	O
ทุก	O
ตัว	O
สภาพ	O
ดี	O
มาก	O
_	O
เนื้อผ้า	O
ก็	O
ดี	O
_	O
ยัยอ้วน	NORM_1WORD
_	O
20	O
cm	O
_	O
ของ	O
เรา	O
ใส่	O
ได้	O
สบาย	O
เลย	O
_	O
ขนาด	O
เอี๊ยม	O
ไม่	O
ใช่	O
ตีนตุ๊กแก	O
ยัง	O
ไม่	O
มี	O
ปัญหา	O
_	O
เริ่ด	O
มาก	O
!	O
_	O
pinicstore	O
_	O
#pinicstore_rv	O

อ๋อ	O
_	O
เข้าใจ	O
แล้ว	O
ล่ะ	O
_	O
(	O
พยักหน้า	O
)	O
_	O
นั้น	O
สิ	O
นะ	O
..	O
_	O
แต่	O
สำหรับ	O
ฉัน	O
มัน	O
ทำ	O
ให้	O
กลัว	O
มาก	O
กว่า	O
_	O
..	O
_	O
(	O
พึมพำ	O
เบาๆ	NORM_2WORD
)	O
_	O
คิดถึง	O
ย่า	O
สิ	O
นะ	O
คะ	O
_	O
(	O
ตบ	O
แขน	O
อีก	O
คน	O
ปุๆ	NORM_2WORD
)	O
_	O
สู้ๆ	NORM_2WORD
นะ	O
ไอรา	O
_	O
ความ	O
คิดถึง	O
น่ะ	O
มี	O
ได้	O
ล่ะ	O
_	O
แต่	O
ฉัน	O
เชื่อ	O
ว่า	O
_	O
คุณ	O
ย่า	O
เขา	O
ไม่	O
ต้องการ	O
ให้	O
ไอรา	O
เหงา	O
อยู่	O
ตลอด	O
เพราะ	O
เขา	O
หรอก	O
นะ	O
_	O
(	O
หัน	O
ไป	O
ยิ้ม	O
ให้	O
อย่าง	O
เต็มใจ	O
)	O
อะ	O
_	O
อีก	O
นิดเดียว	O
ก็	O
จะ	O
ถึง	O
บ้าน	O
ฉัน	O
แล้ว	O
ล่ะ	O

จาก	O
ที่	O
เจ็บช้ำ	O
จาก	O
ฉาก	O
จูบ	O
ตาย	O
แล้ว	O
ฟื้นๆๆ	NORM_1WORD
ล้าน	O
ตลบ	O
_	O
ขอ	O
รีวิว	O
หน่อย	O
ละ	O
กัน	O
ถึง	O
จะ	O
ขัดใจ	O
ก็	O
เหอะ	O
5555	O
อี	O
ผี	O
อยาก	O
จก	O
ลูกตา	O
ทิ้ง	O
_	O
ชอบ	O
เนื้อเรื่อง	O
นะ	O
อ่าน	O
เว็ปตูน	O
มา	O
ก่อน	O
ไง	O
แต่	O
พอ	O
เป็น	O
ซีรี่ส์	NORM_1WORD
รู้สึก	O
สนุก	O
ไป	O
อิก	NORM_1WORD
แบบ	O
นะ	O
_	O
ตัวละคร	O
โดคยองซอก	O
คือ	O
ดี	O
เสมอต้นเสมอปลาย	O
มาก	O
รวมๆ	NORM_2WORD
แล้ว	O
ก็	O
คือ	O
ดี	O
นั่น	O
แหละ	O
_	O
จบ	O
การรีวิว	O
_	O
#MyIDIsGangNamBeauty	O
_	O
#CHAEUNWOO	O

รีวิว	O
เธียร์เตอร์	O
เมื่อ	O
วาน	O
สเตจ	O
รุ่น	O
สอง	O
ได้	O
นั่ง	O
หน้า	O
สุด	O
lady	O
_	O
zone	O
ใกล้	O
มาก	O
_	O
สบ	O
ตา	O
กับ	O
เมมเบอร์	O
บ่อย	O
มาก	O
หลาย	O
คน	O
โดย	O
เฉพาะ	O
น้อง	O
สตางค์	O
_	O
ฟ้อนด์	O
_	O
ผักขม	O
_	O
น่ารัก	O
มาก	O
มอง	O
มา	O
บ่อย	O
ไม่	O
รู้	O
คิด	O
ไป	O
เอง	O
รึ	NORM_1WORD
เปล่า	O
โอชิ	O
น้อง	O
วี	O
แต่	O
เริ่ม	O
ปันใจ	O
ให้	O
น้อง	O
สตางค์	O
กับ	O
ฟ้อนด์	O
_	O
การแสดง	O
จบ	O
น้อง	O
สตางค์	O
หัน	O
มา	O
บ๊ายบ่าย	NORM_1WORD
เรา	O
ด้วย	O
น่ารัก	O
มาก	O
_	O
#BNK48	O
_	O
#StangBNK48	O

หนู	O
เข้าใจ	O
ที่	O
พี่	O
สื่อ	O
นะ	O
_	O
เพื่อน	O
หนู	O
เวลา	O
พูด	O
ภาษา	O
ไทย	O
ก็	O
ปกติ	O
_	O
แต่	O
พอ	O
ฟาด	O
ภาษา	O
อังกฤษ	O
ปุ๊ป	NORM_1WORD
จริต	O
บริทนีย์	O
สเปียร์	O
จ้า	NORM_1WORD
_	O
อาจารย์	O
เคย	O
สอน	O
ว่า	O
เรา	O
จะ	O
สลับ	O
บุคลิก	O
โดย	O
อ้อมๆ	O
แบบ	O
ไม่	O
รู้ตัว	O
เมื่อ	O
เปลี่ยน	O
ภาษา	O
เพราะ	O
มัน	O
จะ	O
สะกิด	O
ให้	O
เรา	O
นึก	O
ถึง	O
วัฒนธรรม	O
ของ	O
ภาษา	O
นั้นๆ	O
แล้ว	O
แสดงออก	O
มา	O
เป็น	O
น้ำเสียง	O
หรือ	O
ท่าทาง	O
ค่ะ	O
_	O
จำ	O
แบบ	O
แม่นๆ	O
ไม่	O
ได้	O
จบ	O
มา	O
สี่	O
ปี	O
แล้ว	O

ต้อง	O
ยอมรับ	O
วิธี	O
คืด	NORM_1WORD
แบบ	O
นี้	O
รับมือ	O
ยาก	O
จริงๆ	NORM_2WORD
_	O
เดิม	O
ประเทศ	O
ไทย	O
ประท้วง	O
_	O
จะ	O
ตั้ง	O
เวที	O
ยึด	O
เป็น	O
ที่	O
มัน	NORM_1WORD
_	O
แต่	O
ฮ่องกง	O
_	O
ไม่	O
มี	O
เวที	O
_	O
มี	O
การเดิน	O
ประท้วง	O
_	O
เดิน	O
วน	O
_	O
มี	O
ผู้คน	O
ปราศรัย	O
แลกเปลี่ยน	O
ความคิด	O
จับ	O
กลุ่ม	O
วง	O
กลม	O
_	O
แล้ว	O
เดิน	O
ไป	O
เรื่อยๆ	NORM_2WORD
_	O
วิธี	O
นี้	O
คือ	O
วิธี	O
แนวคิด	O
ใหม่	O
_	O
มี	O
ทั้ง	O
เดิน	O
ไป	O
จีบ	O
กลุ่ม	O
คุย	O
ปราศรัย	O
แวะ	O
ไป	O
ใน	O
ห้าง	O
_	O
แล้ว	O
ก็	O
ออก	O
มา	O
เดิน	O
ต่อ	O
สุดๆ	O

เคย	O
อ่าน	O
จาก	O
ใน	O
พันทิป	O
มา	O
อ่ะค่ะ	NORM_1WORD
_	O
คน	O
ที่	O
เคย	O
ฝึก	O
มา	O
เขา	O
มา	O
เล่า	O
เป็น	O
กระทู้	O
_	O
เห็น	O
ว่า	O
พวก	O
หน่วย	O
รบ	O
พิเศษ	O
เนี่ย	O
ก่อน	O
ฝึก	O
ต้อง	O
เซ็น	O
ชื่อ	O
ด้วย	O
ว่า	O
ถ้า	O
ระหว่าง	O
ฝึก	O
มี	O
การ	O
เสีย	O
ชีวิต	O
จะ	O
ไม่เอา	NORM_1WORD
เรื่อง	O
หน่วย	O
ฝึก	O
_	O
รีคอน	O
_	O
เสือคาบดาบ	O
_	O
ทหารเสือราชินี	O
_	O
ซีล	O
_	O
ฯลฯ	O
_	O
พวกนี้	O
ฝึก	O
โหด	O
จริงๆ	NORM_2WORD
_	O
แต่	O
คน	O
ที่	O
เคยฝึก	O
รีคอน	O
มา	O
บอก	O
ซีล	O
โหด	O
สุด	O
แล้ว	O
_	O
แต่	O
ค่าตอบแทน	O
ก็	O
เยอะค่ะ	NORM_1WORD

รีวิว	O
จับ	O
มือ	O
พี่	O
ฝ้าย	O
(	O
แบบ	O
รวม	O
)	O
_	O
ตอน	O
ก่อน	O
จะ	O
เข้า	O
ไป	O
จับ	O
มือ	O
พี่	O
เขา	O
ก็	O
คิด	O
ว่า	O
จะ	O
คุย	O
ให้	O
เยอะ	O
ดี	O
กลัว	O
สตั้น	NORM_1WORD
นาน	O
_	O
แต่	O
พอ	O
เข้า	O
กลับกลาย	O
เป็น	O
กลัว	O
คุย	O
ไม่	O
ทัน	O
จ้า	NORM_1WORD
_	O
พี่	O
ฝ้าย	O
ชวน	O
คุย	O
เก่ง	O
มากกกก	NORM_1WORD
_	O
บาง	O
ที	O
ยัง	O
ถาม	O
เรา	O
กลับ	O
เลย	O
_	O
ปกติ	O
เรา	O
เป็น	O
คนพูดน้อย	O
ด้วย	O
_	O
พอ	O
ลอง	O
เข้า	O
ไป	O
คุย	O
กลับ	O
ประทับใจ	O
มาก	O
จ้า	NORM_1WORD
_	O
ตอน	O
แรก	O
กะ	O
จะ	O
จับ	O
ใบ	O
เดียว	O
_	O
ตู้ม	O
_	O
3	O
ใบ	O
ไป	O
เลย	O
จ้า	NORM_1WORD
_	O
#FaiiBNK48	O

ใน	O
นิยาย	O
โรแมนติก	O
_	O
เนื้อเรื่อง	O
ดี	O
_	O
ดู	O
เป็น	O
ธรรมชาติ	O
_	O
แต่	O
ซีรี่ย์	O
ทำ	O
ออก	O
มา	O
แล้ว	O
แบบ	O
_	O
เห้ย	O
_	O
มัน	O
ไม่	O
ใช่	O
อ่ะ	O
_	O
บาง	O
จุด	O
ที่	O
มัน	O
ไม่	O
เหมือน	O
ใน	O
นิยาย	O
มัน	O
ดัน	O
เป็น	O
จุด	O
เล็กๆ	O
ที่	O
ทำ	O
ให้	O
เรื่อง	O
นี้	O
มี	O
ความเป็นธรรมชาติ	O
อ่ะ	O
_	O
ความชอบ	O
จาก	O
ที่	O
มี	O
น้อย	O
มัน	O
น้อย	O
ลง	O
ไป	O
อีก	O
อ่ะ	O
เมื่อ	O
เจอ	O
fc	O
_	O
ยิ่ง	O
ทำ	O
ให้	O
รู้สึก	O
ว่า	O
เรา	O
อยู่	O
ถูก	O
ด้อม	O
แล้ว	O
_	O
ด้อม	O
เรา	O
ค่อยๆ	O
โต	O
ไป	O
ด้วย	O
กัน	O

ก็	O
คือ	O
ทำ	O
เพจ	O
เพราะ	O
ใจ	O
มัน	O
รัก	O
_	O
พอ	O
มี	O
คน	O
จะ	O
ส่ง	O
นิยาย	O
มา	O
ให้	O
รีวิว	O
ก็	O
ไม่	O
เรียก	O
เงิน	O
_	O
แต่	O
ถาม	O
ว่า	O
กำลัง	O
ทรัพย์	O
มาก	O
ขนาด	O
นั้น	O
มั้ย	NORM_1WORD
ก็	O
ไม่	O
_	O
ยิ่ง	O
หลังๆ	O
ขยัน	O
เปย์	O
จน	O
เริ่ม	O
กังวล	O
_	O
ทำไม	O
ใช้	O
เงิน	O
เก่ง	O
ขนาด	O
นี้	O
_	O
มี	O
เพจ	O
ก็	O
ไม่	O
รู้จัก	O
ใช้	O
หากิน	O
_	O
เพราะ	O
รู้สึก	O
ว่า	O
เพจ	O
ยัง	O
เล็ก	O
อยู่	O
_	O
แล้ว	O
มัน	O
ดู	O
ไม่	O
ใช่	O
แนว	O
ทำ	O
เงิน	O
เท่าไหร่	NORM_1WORD
_	O
เริ่มต้น	O
ทำ	O
ด้วย	O
ความอยากแชร์	O
ด้วย	O
สิ	O

วันนี้	O
ลอง	O
ใส่	O
ที่รัดเข่า	O
ไป	O
ตี	O
แบด	NORM_1WORD
_	O
ก็	O
ไม่	O
ได้	O
เล่น	O
โหด	O
แบบ	O
ตอน	O
เล่น	O
ทีา	NORM_1WORD
มช.	O
_	O
ลูก	O
ไหน	O
รับ	O
ไม่	O
ไหว	O
ก็	O
ไม่	O
ไป	O
รับ	O
ให้	O
เจ็บ	O
_	O
ตอน	O
เล่น	O
มัน	O
ก็	O
จี๊ดๆ	O
_	O
บ้าง	O
_	O
ตาม	O
ลูก	O
ที่	O
ไป	O
รับ	O
_	O
ด้วย	O
ท่า	O
นั้น	O
_	O
ก็	O
รู้สึก	O
ดี	O
ขึ้น	O
เวลา	O
ใส่	O
มัน	O
_	O
แต่	O
หลังจาก	O
เล่น	O
เสร็จ	O
นี่	O
ดิ	NORM_1WORD
_	O
รู้ตัว	O
เลย	O
_	O
งื้อ	O
_	O
ต้อง	O
กัดฟัน	O
อดทน	O
_	O
อยาก	O
ตี	O
เทนนิส	O
_	O
อยาก	O
ลง	O
แข่ง	O
กับ	O
ไอ่	NORM_1WORD
เด็ก	O
พวก	O
นี้	O
_	O
ต้อง	O
หาย	O
สิ	O
ว่ะ	NORM_1WORD

คือ	O
เล่ม	O
นี้	O
เรา	O
ได้	O
มา	O
จาก	O
การหลวมตัว	O
ไป	O
ฟัง	O
_	O
Readery	O
postcast	O
_	O
เข้า	O
ไป	O
ช่วง	O
ตอน	O
นิยาย	O
สืบสวน	O
ของ	O
คุณ	O
เคโงะ	O
_	O
นักเขียน	O
นวนิยาย	O
ญี่ปุ่น	O
ชั้น	O
ครู	O
ที่	O
กวาด	O
รางวัล	O
มา	O
มากมาย	O
_	O
ฟัง	O
ทุก	O
วัน	O
_	O
ซื้อ	O
ตาม	O
ทุก	O
วัน	O
_	O
วัน	O
ละ	O
เล่ม	O
สอง	O
เล่ม	O
555	O
_	O
ตอน	O
นี้	O
จะ	O
เลิก	O
ฟัง	O
แล้ว	O
_	O
แต่	O
ก็	O
ไม่	O
หยุด	O
ชะแง้	O
ดู	O
ตอน	O
ใหม่	O
มา	O
ยัง	O
_	O
ไม่	O
มา	O
เหรอ	O
_	O
ฟัง	O
ตอน	O
เก่า	O
วน	O
ไป	O
ค่ะ	O
555	O
_	O
readery_co	O

ขอบคุณ	O
เฮด	O
จาก	O
ร้าน	O
_	O
Orikxstorex	O
_	O
เฮด	O
พี่	O
เขา	O
สวย	O
มาก	O
ครับ	O
_	O
สวย	O
มาก	O
จริงๆ	NORM_2WORD
_	O
คือ	O
คุ้ม	O
เกิน	O
ราคา	O
มากๆ	NORM_2WORD
_	O
สวย	O
กว่า	O
ที่	O
ผม	O
คาด	O
ไว้	O
ด้วย	O
_	O
แถม	O
พ่อค้า	O
ก็	O
น่ารัก	O
มาก!	O
_	O
คุย	O
ด้วย	O
ดี	O
ตลอด	O
เลย	O
ครับ	O
_	O
งาน	O
ได้	O
ไว	O
มาก	O
เพราะ	O
คุณภาพ	O
ออก	O
มา	O
ดี	O
สุดๆ	O
_	O
บรีฟ	O
ไป	O
แบบ	O
ไหน	O
ขอ	O
ให้	O
มี	O
อะไร	O
ก็	O
คือ	O
ได้	O
ตรง	O
ตาม	O
นั้น	O
_	O
ดี	O
กว่า	O
ที่	O
บรีฟ	O
ด้วย	O
ซ้ำ	O
_	O
อุดหนุน	O
อีก	O
แน่นอน	O
ครับ!!	NORM_1WORD
_	O
#PAYFORNYORI	O

ใน	O
ส่วน	O
ของ	O
ผล	O
กำไร	O
_	O
และ	O
อัตรา	O
การเติบโต	O
ของ	O
_	O
big	O
_	O
hit	O
_	O
ก้าว	O
กระโดด	O
มาก	O
_	O
ถ้า	O
ถาม	O
ว่า	O
_	O
revenue	O
_	O
,	O
net	O
_	O
profit	O
_	O
>	O
>	O
_	O
ต้อง	O
ยอม	O
ให้	O
_	O
big	O
_	O
hit	O
_	O
ครับ	O
_	O
เหลือ	O
แค่	O
_	O
big	O
_	O
hit	O
_	O
จด	O
ทะเบียน	O
ใน	O
ตลาดหลักทรัพย์	O
_	O
ก็	O
จะ	O
สามารถ	O
วัดผล	O
ได้	O
อย่าง	O
จริงจรัง	NORM_1WORD
_	O
เทียบ	O
_	O
ณ	O
_	O
ปัจจุบัน	O
ก็	O
เปรียบเสมือน	O
ธุรกิจ	O
น้อง	O
ใหม่	O
_	O
ที่	O
เข้า	O
มา	O
ใน	O
ระดับ	O
_	O
Unicorn	O
_	O
ถือว่า	O
โหด	O
มาก	O
ครับ	O

ใช่	O
ค่ะ	O
_	O
เนตฟลิก	O
_	O
บัตรของขวัญ	O
_	O
เป็น	O
การบ้าน	O
ใหม่	O
ของ	O
หนู	O
_	O
งม	O
ฮาวทู	O
มา	O
สอง	O
วัน	O
แล้ว	O
_	O
เหน่ย	NORM_1WORD
มาก	O
_	O
ยิ่ง	O
ง่าวๆ	O
ภาษา	O
อังกฤษ	O
แปล	O
วน	O
ไป	O
มา	O
อยู่	O
นั้น	O
_	O
เหี้ย	O
มาก	O
กู	O
_	O
อิ	NORM_1WORD
โง่วว	NORM_1WORD
_	O
สรุป	O
ง่ายๆ	NORM_2WORD
คือ	O
_	O
น่า	O
จะ	O
ต้อง	O
สมัคร	O
ยูส	NORM_1WORD
ใหม่	O
ใน	O
โซน	O
ยุโรป	O
เท่านั้น	O
_	O
ถึง	O
ใช้	O
บัตร	O
_	O
US	O
_	O
/	O
_	O
EU	O
_	O
ได้	O
_	O
(	O
?	O
)	O
_	O
สมัคร	O
ยูส	NORM_1WORD
ประเทศ	O
เหล่า	O
นั้น	O
อย่างไร	O
ใน	O
เมื่อ	O
กายหยาบ	O
อยู่	O
ประเทศ	O
ไทย	O
?	O
_	O
VPN	O
_	O
?	O

ต้อง	O
เข้าใจ	O
นะ	O
ครับ	O
ว่า	O
ประเทศ	O
ไทย	O
ตอน	O
นี้	O
อยู่	O
ใน	O
สภาวะ	O
อะไร	O
_	O
รัฐบาล	O
มา	O
จาก	O
ไหน	O
_	O
ผู้	O
ที่	O
ร่าง	O
รัฐธรรมนูญ	O
มี	O
ที่มา	O
อย่าง	O
ไร	O
_	O
ลง	O
ประชามติ	O
ก็	O
ห้าม	O
รณรงค์	O
โหวต	O
โน	O
_	O
บอก	O
ว่า	O
ให้	O
รับๆ	NORM_2WORD
ไป	O
จะ	O
ได้	O
เลือกตั้ง	O
_	O
องค์กร	O
อิสระ	O
ก็	O
ตั้ง	O
เอง	O
_	O
ต่อ	O
อายุ	O
เอง	O
_	O
จัด	O
เอง	O
ทุก	O
เรื่อง	O
_	O
แล้ว	O
จะ	O
ให้	O
ปชช.	NORM_1WORD
เค้า	NORM_1WORD
ไว้	O
ใจ	O
ได้	O
อย่าง	O
ไร	O
_	O
แค่	O
ที่มา	O
มัน	O
ก็	O
ไม่	O
โปร่งใส	O
_	O
#เห็นหัวกูบ้าง	O

เมื่อ	O
เช้า	O
น้อง	O
ที่	O
รู้จัก	O
ก็	O
ไป	O
รับ	O
พี่	O
แทค	O
มา	O
_	O
นาง	O
ไลน์	O
มา	O
งอแง	O
ตั้งแต่	O
ตี	O
สี่	O
ครึ่ง	O
ไทย	O
(	O
ประมาณ	O
หก	O
โมง	O
ครึ่ง	O
เกาหลี	O
)	O
ว่า	O
คน	O
ไป	O
รอ	O
เยอะ	O
มาก	O
_	O
นักข่าว	O
ก็	O
เยอะ	O
_	O
พรุ่งนี้	O
นาง	O
ก็	O
จะ	O
ต้อง	O
ตื่น	O
เช้า	O
ไป	O
ติ่ง	O
มิว	O
แบงค์	O
ต่อ	O
_	O
5555	O
_	O
เอ็นดู	O
นาง	O
_	O
ไป	O
คน	O
เดียว	O
น่า	O
จะ	O
เหงา	O
_	O
ไป	O
ไหน	O
ก็	O
ไลน์	O
มา	O
บอก	O
ว่า	O
อยู่นี่นะๆ	O
_	O
คง	O
เห็น	O
ว่า	O
เรา	O
คุย	O
ได้	O
ทุก	O
วง	O
_	O
แต่	O
เรา	O
เมน	O
แค่	O
ไม่กี่	O
วง	O

วัน	O
นี้	O
เจอ	O
เพื่อน	O
เก่า	O
แม่	O
_	O
ที่	O
พีค	O
คือ	O
เป็น	O
เจ้าของ	O
เรือ	O
ที่	O
เรา	O
นั่ง	O
ไป	O
_	O
แต่	O
ที่	O
พีค	O
กว่า	O
นั้น	O
คือ	O
_	O
แม่	O
เรียก	O
ว่า	O
_	O
ไอ	NORM_1WORD
หมุด	O
ลาย	O
ไทย	O
_	O
เรา	O
ก็	O
งง	O
_	O
พอ	O
ขึ้น	O
เรือ	O
ก็	O
ถาม	O
แม่	O
ว่า	O
ไม	NORM_1WORD
เรียก	O
แบบ	O
นั้น	O
_	O
แม่	O
เล่า	O
ว่า	O
_	O
ตอน	O
สมัย	O
เรียน	O
ลุง	O
แก	O
แอบชอบ	O
แม่	O
_	O
แล้ว	O
ไป	O
เขียน	O
ที่	O
กำแพง	O
ว่า	O
_	O
เป็น	O
แฟน	O
กับ	O
แม่	O
_	O
แม่	O
หวิบ	O
เดิน	O
ถือ	O
สมุด	O
ลาย	O
ไทย	O
ไป	O
ตบ	O
ถึง	O
ห้องเรียน	O
เลย	O
_	O
โหด	O
555555	O

สวัสดี	O
_	O
เรา	O
มา	O
จาก	O
โลก	O
อนาคต	O
_	O
วันนี้	O
เป็น	O
วัน	O
เปิด	O
อภิปราย	O
ไม่	O
ไว้วางใจ	O
ของ	O
ประเทศ	O
ไทย	O
บรรยากาศ	O
ตอน	O
นี้	O
ฝ่าย	O
ค้าน	O
ซัด	O
เอา	O
ซัด	O
เอา	O
_	O
ลุง	O
ที่	O
เป็น	O
นายก	O
_	O
มี	O
อาการ	O
หงุดหงิด	O
_	O
งุ่นง่าน	O
_	O
แม่ง	O
ตอบ	O
คำถาม	O
ไม่	O
ได้	O
_	O
ลุก	O
หนี	O
ก็	O
ไม่	O
ได้	O
_	O
ครั้น	O
จะ	O
หัน	O
ไป	O
หา	O
ตัวช่วย	O
ก็	O
เป็น	O
แค่	O
บ็อท	O
ที่	O
พูด	O
ได้	O
แค่	O
_	O
ท่าน	O
นายก	O
เป็น	O
คน	O
รัก	O
ชาติ	O
_	O
เฮ้อ!	O
_	O
#เลือกนายกฯ	O
_	O
#ตั้งรัฐบาล	O

เคย	O
อ่าน	O
นิยาย	O
ข้าง	O
ถุง	O
กล้วย	O
_	O
อาม่า	O
สอน	O
ว่า	O
_	O
มี	O
แต่	O
คน	O
โง่	O
เท่านั้น	O
ล่ะ	O
ที่	O
จะ	O
ตัด	O
คน	O
ไม่	O
ชอบ	O
ออก	O
ไป	O
จาก	O
ชีวิต	O
_	O
คน	O
เรา	O
ยิ่ง	O
รู้จัก	O
คน	O
มาก	O
_	O
ยิ่ง	O
จะ	O
เพิ่ม	O
เครือข่าย	O
ให้	O
กลาย	O
เป็น	O
ร่างแห	O
ที่	O
เกิด	O
ประโยชน์	O
กับ	O
ตน	O
_	O
แม้กระทั่ง	O
คนร้ายๆ	O
ก็	O
จัดวาง	O
ไว้	O
ให้	O
เหมาะสม	O
_	O
เพื่อ	O
จะ	O
ไม่	O
ได้	O
กลายเป็น	O
ศัตรู	O
มา	O
ทำร้าย	O
กัน	O
_	O
บอก	O
เสยๆ	O
กล้วยแขก	O
อร่อย	O
ดี	O
_	O
#	O
เป๊กผลิตโชค	O

ขอบคุณ	O
นะ	O
คะ	O
_	O
เดี๋ยว	O
จะ	O
ลอง	O
หา	O
ข้อมูล	O
ค่ะ	O
_	O
แต่	O
อายุ	O
_	O
66	O
_	O
น่าจะ	O
ไม่	O
ได้	O
_	O
คือ	O
_	O
ทำ	O
_	O
PA	O
_	O
ให้	O
แม่	O
มา	O
_	O
5	O
_	O
ปี	O
แล้ว	O
_	O
จ่าย	O
เบี้ย	O
ปี	O
ละ	O
1700	O
รักษา	O
ได้	O
_	O
2	O
_	O
หมื่น	O
_	O
ชดเชย	O
กระดูก	O
_	O
4	O
_	O
หมื่น	O
_	O
เบี้ย	O
ปี	O
นี้	O
มา	O
แล้ว	O
เพิ่ม	O
_	O
500	O
_	O
บาท	O
_	O
เพราะ	O
แม่	O
เลย	O
_	O
65	O
_	O
แล้ว	O
ค่ะ	O
_	O
มี	O
_	O
PA	O
_	O
เวิร์ค	NORM_1WORD
จริง	O
ค่ะ	O
_	O
แม่	O
เพิ่ง	O
ตก	O
บันได	O
เข้าเฝือก	O
ก็	O
ใช้	O
_	O
PA	O
_	O
นี่	O
แหล่ะ	O
ค่ะ	O
_	O
แต่	O
_	O
ค่า	O
_	O
รพ	NORM_1WORD
_	O
เอกชน	O
โหด	O
มาก	O

โค้ด	O
โหวต	O
_	O
แท้	O
_	O
-	O
_	O
มี	O
_	O
16	O
_	O
หลัก	O
_	O
-	O
_	O
ขึ้น	O
ต้น	O
ด้วย	O
_	O
57	O
_	O
/	O
_	O
58	O
_	O
/	O
_	O
5a	O
_	O
/	O
_	O
5c	O
_	O
-	O
_	O
ต้อง	O
ไม่	O
มี	O
_	O
1	O
_	O
(หนึ่ง)	O
_	O
/	O
_	O
0	O
_	O
(ศูนย์)	O
_	O
/	O
_	O
l	O
_	O
(แอล)	O
_	O
/	O
_	O
o	O
_	O
(โอ)	O
_	O
-	O
_	O
วาง	O
แยก	O
ช่อง	O
ละ	O
โค้ด	O
ก็	O
ได้	O
_	O
-	O
_	O
วาง	O
ที	O
เดียว	O
หลาย	O
โค้ด	O
ก็	O
ได้	O
_	O
บรรทัด	O
ละ	O
โค้ด	O
_	O
-	O
_	O
หรือ	O
พิมพ์	O
ทุก	O
โค้ด	O
ติด	O
กัน	O
เลย	O
ก็	O
ได้	O
_	O
ห้าม	O
มี	O
เว้นวรรค	O
_	O
-	O
_	O
ดู	O
ประวัติ	O
การโหวต	O
ย้อนหลัง	O
ได้	O
_	O
#BNK48GeneralElection	O
_	O
#BNK48	O

เอาจริง	O
ไม่	O
ได้	O
โลกสวย	O
_	O
คือ	O
ประเทศ	O
ไทย	O
โครต	NORM_1WORD
ดี	O
_	O
มี	O
ทุก	O
อย่าง	O
ภูมิประเทศ	O
คือ	O
โครต	NORM_1WORD
ดี	O
มาก	O
_	O
ทุก	O
อย่าง	O
พูด	O
เลย	O
ว่า	O
ดี	O
_	O
คน	O
ที่	O
โทษ	O
ประเทศ	O
ไม่	O
ดี	O
_	O
คือ	O
คน	O
ที่	O
ไม่	O
มอง	O
ตัวเอง	O
_	O
โทษ	O
แวดล้อม	O
_	O
โทษ	O
รอบๆ	O
แต่	O
ไม่	O
มอง	O
ตัวเอง	O
_	O
สิ่ง	O
ที่	O
ทำราย	NORM_1WORD
ประเทศ	O
ก็	O
คือ	O
คน	O
แบบ	O
พวก	O
คุณ	O
นั้นแหละ	NORM_1WORD
_	O
จะ	O
เอา	O
นั้น	O
จะ	O
เอา	O
นี้	O
แต่	O
นิสัย	O
ยัง	O
ไม่	O
เคย	O
ปรับเปลี่ยน	O
ผู้นำ	O
จะ	O
ดี	O
แค่	O
ไหน	O
_	O
คน	O
แย่	O
_	O
จบ	O
!	O

ยังไม่	O
จบ	O
จาก	O
ควัม	NORM_1WORD
วิ้งค์วับ	NORM_1WORD
ฉ่ำวาว	O
_	O
#น้องแก้วพาเพลิน	O
_	O
ทั้งที	O
_	O
เรา	O
จะ	O
แวววาว	O
แค่	O
ที่	O
หน้า	O
มัน	O
ไม่	O
ได้	O
แก	O
_	O
มัน	O
ต้อง	O
_	O
sparkling	O
_	O
twinkling	O
_	O
shining	O
_	O
ที่	O
ตา	O
ด้วย	O
_	O
3CE	O
MOOD	O
RECIPE	O
TRIPLE	O
SHADOW	O
,SWOON	O
_	O
$22	O
_	O
ราคา	O
โอ	O
นะ	O
แก	O
_	O
คุ้ม	O
และ	O
สี	O
ดี	O
งัม	NORM_1WORD
_	O
และ	O
ถือว่า	O
น้อง	O
เค้า	NORM_1WORD
ตกใจ	O
เบา	O
มาก	O
ที่	O
มัน	O
แตก	O
_	O
ถ้า	O
เป็น	O
ชั้น	NORM_1WORD
จะ	O
กรี๊ดดด	NORM_1WORD
แลงๆ	NORM_1WORD
_	O
#KaewBNK48	O
_	O
#BNK48	O

ฮึ่ย	O
_	O
แบบ	O
นี้	O
เรียก	O
พรหมลิขิต	O
ได้	O
ไหม	O
ค้าบ	NORM_1WORD
เขิน	O
จัง	O
555555555	O
_	O
ดี	O
แล้ว	O
ครับ	O
พี่	O
จะ	O
ได้	O
คุย	O
กับ	O
เรา	O
บ่อยๆ	NORM_2WORD
เพราะ	O
เรา	O
ก็	O
ตอบ	O
เมน	O
บ่อย	O
กัน	O
ทั้ง	O
คู่	O
เลย	O
เนอะ	O
_	O
ถ้า	O
กล่อง	O
เมน	O
พี่	O
ไม่	O
มี	O
เรา	O
ต้อง	O
เหงา	O
มาก	O
แน่ๆ	NORM_2WORD
เลย	O
ครับ	O
_	O
ใช่	O
ครับ	O
พี่	O
ก็	O
คิด	O
แบบ	O
นั้น	O
เลย	O
คิด	O
ว่า	O
เอ้อ	O
ตอบ	O
บ่อยๆ	NORM_2WORD
ดี	O
กว่า	O
มัน	O
จะ	O
ได้	O
น้อย	O
จะ	O
ได้	O
ไม่	O
รู้สึก	O
ท้อ	O
_	O
ใช่	O
ครับ	O
พี่	O
เป็น	O
สเมิร์ฟ	O
!	O
_	O
แต่	O
ใจ	O
โต	O
นะ	O

55555555555555	O
_	O
สนุก	O
พี่	O
อีฟฟฟฟฟ	O
_	O
หนู	O
เริ่ม	O
จาก	O
เมะ	NORM_1WORD
อะ	NORM_1WORD
_	O
แต่	O
เขา	O
บอก	O
นิยาย	O
ดี	O
มาก	O
_	O
คือ	O
ตอน	O
นี้	O
หนู	O
ดู	O
ซีรีย์	NORM_1WORD
ละ	NORM_1WORD
_	O
เพิ่ง	O
มา	O
14	O
ตอน	O
_	O
จาก	O
50	O
ตอน	O
_	O
แต่	O
ใน	O
นิยาย	O
เวลา	O
จบ	O
ภาค	O
จะ	O
ต่าง	O
กับ	O
เมะ	NORM_1WORD
นิด	O
นึง	NORM_1WORD
_	O
แต่	O
เมะ	NORM_1WORD
ภาพ	O
สวย	O
_	O
ละ	NORM_1WORD
ก็	O
ถ้า	O
เทียบ	O
นิยาย	O
กับ	O
ซีรีย์	NORM_1WORD
ก็	O
จะ	O
สเต็ป	O
นั้น	O
อะ	NORM_1WORD
_	O
แบบ	O
_	O
คัท	NORM_1WORD
ออก	O
เยอะ	O
_	O
ดีเทล	O
หาย	O
เยอะ	O
หน่อย	O
_	O
แต่	O
โดย	O
รวม	O
หนู	O
คอนเฟิมๆๆๆ	NORM_1WORD
_	O
สนุกกกกกก	NORM_1WORD
_	O
ไปดูๆๆๆๆๆ	NORM_1WORD

ปรากฎ	NORM_1WORD
หา	O
ตรง	O
ถุง	O
ตรง	O
บิล	O
ไม่	O
มี	O
เขียน	O
นะ	O
_	O
หน้า	O
เว็บ	O
ก็	O
ไม่	O
มี	O
เบอร์	O
เหมือน	O
ตั้งใจ	O
ให้	O
ติดต่อ	O
ยาก	O
_	O
สุดท้าย	O
เลย	O
ต้อง	O
แชท	NORM_1WORD
เฟส	O
ไป	O
ถาม	O
เบอร์	O
(	O
1639	O
)	O
ก็	O
โทร	O
ไป	O
แจ้ง	O
ว่า	O
ของ	O
ไม่	O
ครบ	O
_	O
พนักงาน	O
ก็	O
รับ	O
เรื่อง	O
บอก	O
ขอ	O
เช็ค	O
ทีม	O
จัด	O
ส่ง	O
ก่อน	O
ซึ่ง	O
ใช้	O
เวลา	O
_	O
2	O
-	O
3	O
วัน	O
ทำการ	O
(	O
ไม่	O
รู้	O
นับ	O
ส.	O
อา.	O
มั้ย	NORM_1WORD
)	O
_	O
นี่	O
ก็	O
รอ	O
ลุ้น	O
ว่า	O
จะ	O
ยังไง	NORM_1WORD
_	O
ตอน	O
นี้	O
เซ็ง	O
กัน	O
เป็น	O
แถว	O
_	O
ไม่	O
แฮปปี้	O
_	O
#รีวิว	O

โอ่ย	NORM_1WORD
_	O
ดู	O
รูป	O
+	O
รีวิว	O
_	O
งานจับมือ	O
แล้ว	O
_	O
ฮือ	O
..	O
_	O
ดี	O
จริงๆ	NORM_2WORD
_	O
ดาเมจ	NORM_1WORD
แต่	O
ละคน	O
แรง	O
มากก	NORM_1WORD
....	O
_	O
#BNK48CampusCardHandshake	O
_	O
#BNK48Handshake	O
_	O
#BNK48	O
_	O
#CherprangBNK48	O
_	O
#PunBNK48	O
_	O
#OrnBNK48	O
_	O
#CanBNK48	O
_	O
#JennisBNK48	O
_	O
#KaewBNK48	O
_	O
#MobileBNK48	O
_	O
#NamneungBNK48	O
_	O
#IzurinaBNK48	O
_	O
#TarwaanBNK48	O
_	O
#KaimookBNK48	O
_	O
#NamsaiBNK48	O
_	O
#JaaBNK48	O

เพื่อน	O
เรา	O
บอก	O
_	O
ส่อง	O
ด้อม	O
มา	O
นาน	O
_	O
คำว่า	O
ชวน	O
ปั่น	O
แท๊ก	NORM_1WORD
บ้าน	O
_	O
มัน	O
อด	O
ยิ้ม	O
ไม่	O
ได้	O
_	O
บาง	O
ขค.	NORM_1WORD
พิมพ์	O
ว่า	O
กลัว	O
เฮีย	O
เหงา	O
_	O
อ่าน	O
แล้ว	O
ซึ้ง	O
ดี	O
_	O
มัน	O
อยาก	O
บอก	O
ว่า	O
_	O
แท๊ก	NORM_1WORD
ที่	O
สร้าง	O
มา	O
จาก	O
ฟค.	NORM_1WORD
เพื่อ	O
ศลป	O
_	O
จะ	O
รู้สึก	O
ภูมิใจ	O
มี	O
ค่า	O
ก็	O
เมื่อ	O
ศลป.	NORM_1WORD
เข้า	O
มา	O
เล่น	O
ด้วย	O
_	O
#เป๊กผลิตโชค	O
_	O
เป็น	O
คน	O
ที่	O
เข้า	O
บ้าน	O
บ่อย	O
มาก	O
_	O
เพราะ	O
เขา	O
ไถ	O
เหมือน	O
พวก	O
เธอ	O
แร่ะ	NORM_1WORD
_	O
กลัว	O
เธอ	O
เหงา	O
เหมือน	O
กัน	O

คคหสต.	NORM_1WORD
_	O
เห็น	O
เพื่อน	O
บอก	O
เพลง	O
ออก	O
ถี่	O
ช่วง	O
นี้	O
..	O
_	O
ยอมรับ	O
ว่า	O
ถี่	O
จริงๆ	NORM_2WORD
_	O
นั้น	O
แหละ	O
_	O
แต่	O
_	O
RIVER	O
_	O
ของ	O
บั้ม	NORM_1WORD
แรก	O
ก็	O
ประกาศ	O
ช่วง	O
นี้	O
นี่	O
_	O
ถึง	O
จะ	O
ประกาศ	O
บั้ม	NORM_1WORD
อีก	O
สัก	O
พัก	O
ก็	O
เถอะ	O
_	O
แสดง	O
ว่า	O
ตอน	O
นี้	O
กำลัง	O
ปรับ	O
เวลา	O
ก็ได้	O
_	O
เพราะ	O
ซิง	NORM_1WORD
นึง	NORM_1WORD
โปรโมท	NORM_1WORD
_	O
3	O
-	O
4	O
_	O
เดือน	O
_	O
แต่	O
มี	O
อะไร	O
สัก	O
อย่าง	O
ทำ	O
ให้	O
ช่วง	O
เวลา	O
บ่อย	O
ซิง	NORM_1WORD
_	O
4?	O
_	O
ปล่อย	O
ช้า	O
_	O
หรือ	O
ซิง	NORM_1WORD
เลือกตั้ง	O
มัน	O
ลาก	O
ยาว?	O
_	O
#	O
BNK48	O

ตอน	O
นี้	O
คือ	O
สิ้นหวัง	O
กับ	O
ประเทศ	O
ไทย	O
มาก	O
อะ	O
_	O
คือ	O
มัน	O
แบบ	O
_	O
อะไร	O
ก็	O
เกิด	O
ขึ้น	O
ได้	O
ง่าย	O
เลย	O
_	O
บัตรดี	O
กลาย	O
เป็น	O
บัตรเสีย	O
ได้	O
_	O
จำนวน	O
คะแนน	O
เสียง	O
มาก	O
กว่า	O
คน	O
เลือก	O
_	O
ไม่	O
อยาก	O
จะ	O
คิด	O
เลย	O
อะ	O
_	O
ว่า	O
ถ้า	O
เขา	O
จะ	O
ยึด	O
อำนาจ	O
แล้ว	O
เป็น	O
นายก	NORM_1WORD
ต่อ	O
_	O
มัน	O
ก็	O
ไม่	O
น่า	O
จะ	O
ใช่	O
เรื่อง	O
ยาก	O
แล้ว	O
_	O
คือ	O
เขา	O
กล้า	O
ทำ	O
มา	O
ขนาด	O
นี้	O
แล้ว	O
_	O
จังหวะ	O
นี้	O
กู	O
อยาก	O
ตาย	O
แล้ว	O
อะ	O
_	O
ไอ	NORM_1WORD
เหี้ย	O
_	O
#บัตรเสีย	O

เมื่อ	O
คืน	O
สนุก	O
มากกก	NORM_1WORD
_	O
ตัดต่อ	O
ดี	O
ขึ้น	O
อย่าง	O
เห็น	O
ได้	O
ชัด	O
_	O
ชอบ	O
หลาย	O
ฉาก	O
เลย	O
เมื่อ	O
คืน	O
_	O
ขอบคุณ	O
ทีมงาน	O
ที่	O
รับฟัง	O
เสียง	O
แฟนๆ	NORM_2WORD
นะ	O
คะ	O
และ	O
ขอ	O
อวย	O
น้อง	O
โด	O
หน่อย	O
พัฒนาการ	O
ด้าน	O
การแสดง	O
ขึ้น	O
เยอะ	O
มากกก	NORM_1WORD
ฉาก	O
ที่	O
ด่า	O
หนูนิ	O
นี่	O
อินเนอร์	O
มา	O
เต็ม	O
โหด	O
ดุ	O
สุด	O
_	O
แต่	O
บท	O
จะ	O
หวาน	O
ก็	O
ละมุน	O
เหลือเกินน	NORM_1WORD
พ่อ	O
เอ้ยย	NORM_1WORD
_	O
มา	O
ถูก	O
ทาง	O
แล้ว	O
โด	O
ค่อยๆ	O
พัฒนา	O
ต่อ	O
ไป	O
นะ	O
_	O
#พ่อมดเจ้าเสน่ห์	O

เอา	O
หล่ะ	O
_	O
ที	O
นี้	O
ก็	O
เต็มที่	O
กับ	O
การเรียน	O
เพราะ	O
มัน	O
เป็น	O
สิ่ง	O
ที่	O
เรา	O
เลือก	O
เอง	O
_	O
ทำ	O
ให้	O
สุด	O
ความสามารถ	O
นะ	O
_	O
เรา	O
ทำ	O
ได้	O
เว้ย	O
_	O
ไม่	O
ว่า	O
ข้างหน้า	O
มัน	O
จะ	O
เป็น	O
ยังไง	O
_	O
สู้	O
ก่อน	O
นะ	O
_	O
อยาก	O
เตือน	O
ตัวเอง	O
เลย	O
ว่า	O
โฟกัส	O
เรื่อง	O
เรียน	O
ให้	O
มากๆ	NORM_2WORD
_	O
เพราะ	O
ผล	O
ที่	O
ได้	O
กลับ	O
มา	O
_	O
เกิด	O
จาก	O
การกระทำ	O
ของ	O
เรา	O
เอง	O
นะ	O
_	O
ส่วน	O
คนอื่น	O
รัก	O
ได้	O
แต่	O
อย่า	O
มาก	O
ไป	O
นะ	O
_	O
รัก	O
ตัวเอง	O
คือ	O
ที่สุด	O

ตัวละคร	O
สุดท้าย	O
ที่	O
กรี๊ด	O
มาก	O
ตอน	O
นี้	O
_	O
Villanelle	O
_	O
นักฆ่า	O
ผู้น่ารัก	O
จาก	O
_	O
Killing	O
eve	O
_	O
เรา	O
ว่า	O
ตัวละคร	O
นี้	O
เป็น	O
เคส	O
ของ	O
คน	O
_	O
Psychopath	O
_	O
ได้	O
ชัดเจน	O
ที่สุด	O
เลย	O
เท่าที่	O
เคย	O
ดู	O
มา	O
_	O
มี	O
จุดเด่น	O
อย่าง	O
การขาด	O
ความรู้สึก	O
ผิด	O
_	O
การไม่รู้สึก	O
อะไร	O
เลย	O
_	O
จิตใจ	O
ด้านชา	O
_	O
เออ	NORM_1WORD
แต่	O
นาง	O
แอบ	O
ฉลาด	O
อ่ะ	NORM_1WORD
_	O
เอาตัวรอด	O
เก่ง	O
และ	O
ปั่น	O
ประสาท	O
เก่ง	O
เว่อ	NORM_1WORD
_	O
ฉัน	O
รัก	O
เค้า	NORM_1WORD

ถ้า	O
_	O
เมม	NORM_1WORD
ตู้ปลา	O
_	O
วัน	O
ที่	O
_	O
ติ๊กเจษ	O
_	O
มา	O
_	O
นั่ง	O
เรียบร้อย	O
แบบ	O
ผ้า	O
พับ	O
ไว้	O
ค่ะๆ	O
_	O
กัน	O
หมด	O
_	O
ไม่	O
เล่น	O
มุก	O
แซว	O
เลย	O
_	O
บาง	O
คน	O
ก็	O
ด่า	O
ว่า	O
จาง	O
_	O
พอ	O
เล่น	O
มุก	O
ขำๆ	O
_	O
หน่อย	O
_	O
บาง	O
คน	O
ก็	O
ด่า	O
ว่า	O
ลามปาม	O
_	O
จำ	O
แพนด้า	O
ได้	O
ไหม	O
_	O
แล้ว	O
ต่อ	O
มา	O
เป็น	O
ไง	NORM_1WORD
_	O
นาง	O
เงียบ	O
ไม่	O
กล้า	O
เล่น	O
อีกเลย	O
_	O
พอ	O
เฟรนด์ลี่	NORM_1WORD
แล้ว	O
กลาย	O
เป็น	O
โดน	O
หา	O
ว่า	O
ไม่	O
มี	O
มารยาท	O
ทั้งๆ	O
_	O
ที่	O
แค่	O
ไม่	O
อยาก	O
ให้	O
มัน	O
จืด	O
_	O
#bnk48	O

ตอน	O
_	O
#ธนาธรจึงรุ่งเรืองกิจ	O
_	O
พูด	O
จบ	O
แล้ว	O
เดิน	O
ไป	O
ก้ม	O
หยิบ	O
กระเป๋า	O
คือ	O
สงสาร	O
มากก	NORM_1WORD
_	O
อีก	O
ฝ่าย	O
คือ	O
ไม่	O
รู้จัก	O
ให้เกียรติ	O
คน	O
อื่น	O
เลย	O
_	O
เขา	O
ก็	O
ได้	O
รับ	O
การเลือก	O
จาก	O
ปชช	NORM_1WORD
มา	O
เหมือน	O
คุณ	O
_	O
สงสาร	O
ตัวเอง	O
ด้วย	O
_	O
เสียง	O
เรา	O
ไม่	O
มี	O
ความหมาย	O
เลย	O
_	O
เขา	O
ไม่	O
เห็นหัว	O
ประชาชน	O
_	O
ช่วย	O
อะไร	O
พ่อ	O
ไม่	O
ได้	O
เลย	O
_	O
แต่	O
พ่อ	O
คือ	O
เข้มแข็ง	O
มากก	NORM_1WORD
_	O
ฉัน	O
รัก	O
เขา	O
_	O
ยิ้ม	O
ที	O
สยบ	O
มาร	O
_	O
โลก	O
ฉดใฉ	NORM_1WORD

รีวิว	O
ฉ่ำๆ	O
กัน	O
ไป	O
เลย	O
จ้า	NORM_1WORD
_	O
#รับทำวิจัย	O
_	O
#รับจ้างทำวิจัย	O
_	O
#วิจัย5บท	O
_	O
#วิชาวิจัย	O
_	O
#spss	O
_	O
#รับแปลผลspss	O
_	O
#แบบสอบถาม	O
_	O
#รับทำแบบสอบถาม	O
_	O
#วิจัยปตรี	O
_	O
#วิจัย	O
_	O
#รับจ้างทำวิจัย	O
_	O
#ร้านได้เอวิจัย	O
_	O
#รับรันผลspss	O
_	O
#รับทำวิจัยทุกประเภท	O
_	O
#5บท	O
_	O
#วิจัยราคาถูก	O
_	O
#วิจัยในชั้นเรียน	O
_	O
#รับแปลผลจากโปรแกรมspss	O
_	O
#วิจัยในชั้นเรียน	O

ความพยายาม	O
ของ	O
บ้าน	O
รวม	O
กับ	O
ความตั้งใจ	O
และ	O
ใฝ่	O
ดี	O
ของ	O
เอ็ง	O
_	O
ทำให้	O
มิลิน	O
แลนด์	O
ใหญ่	O
ขึ้น	O
_	O
ใหญ่	O
ขึ้น	O
ทุก	O
วัน	O
_	O
เรา	O
ดีใจ	O
และ	O
ภูมิใจ	O
เวลา	O
ที่	O
ได้	O
ยืน	O
รอ	O
จับ	O
มือ	O
เอ็ง	O
นานๆ	O
_	O
อยาก	O
ยืน	O
มอง	O
คน	O
วิ่ง	O
เข้า	O
มา	O
ใน	O
เลน	O
เรื่อยๆ	NORM_2WORD
เสียง	O
เจื้อยแจ้ว	O
ท้าย	O
เลน	O
_	O
ทั้ง	O
เรียก	O
ทั้ง	O
สร้าง	O
รอยยิ้ม	O
ชวน	O
_	O
ให้	O
เขา	O
ได้	O
รัก	O
เอ็ง	O
เหมือน	O
ที่	O
เรา	O
รัก	O
_	O
#milinland	O
_	O
#NamneungBNK48	O

สัก	O
วัน	O
หนึ่ง	O
เซ้นต์	O
ต้อง	O
โต	O
มาก	O
กว่า	O
นี้	O
_	O
มี	O
อะไร	O
ถาโถม	O
เข้า	O
มา	O
เยอะ	O
_	O
หมิงเอ๋อ	O
จะ	O
อยู่	O
กับ	O
เซ้นต์	O
จน	O
วัน	O
ที่	O
เซ้นต์	O
ประสบ	O
ความสำเร็จ	O
ที่สุด	O
_	O
บาง	O
ครั้ง	O
เรา	O
ทำตัว	O
ไม่	O
น่ารัก	O
_	O
ก็	O
ยอมรับ	O
เพราะ	O
อยาก	O
ปกป้อง	O
น้อง	O
_	O
อยาก	O
ถนอม	O
หัวใจ	O
คน	O
ที่	O
เรา	O
รัก	O
_	O
ถึง	O
อย่าง	O
นั้น	O
ก็	O
ยืนยัน	O
คำ	O
เดิม	O
ว่า	O
จะ	O
พยายาม	O
เป็น	O
_	O
ฟค.	NORM_1WORD
น้อง	O
ให้	O
ดี	O
ที่สุด	O
_	O
#จากใจหมิงเอ๋อสู่หมิงหมิง	O

รีวิว	O
คอน	NORM_1WORD
วันนี้	O
ก็	O
คือ	O
ทุก	O
คน	O
หล่อ	O
มากกกก	NORM_1WORD
x	O
100000000000000000000	O
_	O
แทนี่	O
แบบ	O
แกกก๊	NORM_1WORD
คือ	O
ที่สุด	O
ของ	O
ที่สุด	O
ใัน	NORM_1WORD
จักรวาล	O
_	O
และ	O
น่ารัก	O
มาก	O
ตอน	O
พูด	O
ไทย	O
กรี้ดกร้าดๆๆๆๆ	NORM_1WORD
_	O
จีมิน	O
ก็	O
คือ	O
น่ารัก	O
มากกกกกก	O
_	O
หล่อ	O
ทากกกกก	NORM_1WORD
_	O
เท่ห์	NORM_1WORD
ทากกกกกก	NORM_1WORD
_	O
ตอน	O
พูด	O
ว่า	O
เป็นห่วง	O
มี่	O
ที่	O
นั่ง	O
ข้าง	O
บน	O
คือ	O
แบ่บบบบ	NORM_1WORD
ฮื่อออ	NORM_1WORD
น้องงงง	NORM_1WORD
น่ารัก	O
ม๊ากกกกกก	NORM_1WORD
_	O
#	O
BTS	O
LoveYourselfBKK	O

คน	O
เมา	O
ว่า	O
ไม่	O
น่ารัก	O
แล้ว	O
_	O
+	O
_	O
กับ	O
คน	O
เป็น	O
ตลาดล่าง	O
ที่	O
ไม่	O
มี	O
สมอง	O
แล้ว	O
_	O
น่ากลัว	O
_	O
x	O
2	O
_	O
เลย	O
นะ	O
_	O
ดี	O
แล้ว	O
ที่	O
หนู	O
ลง	O
มา	O
ถ้า	O
อยู่	O
ต่อ	O
ต้อง	O
มี	O
เจ็บตัว	O
_	O
เพราะ	O
คน	O
ไม่	O
มี	O
สติ	O
และ	O
ไม่	O
มี	O
สมอง	O
จะ	O
ไม่	O
คิดถึง	O
การกระทำ	O
ตัวเอง	O
_	O
ถ้า	O
เกิด	O
อะไร	O
ขึ้น	O
ก็	O
หงาย	O
การ์ด	O
รู้เท่าไม่ถึงการณ์	O
_	O
เป็น	O
คน	O
จน	O
ภาระ	O
เยอะ	O
บลาๆ	NORM_2WORD
_	O
กอด	O
นะ	O
ธันวา	O
_	O
ใจเย็น	O
ที่	O
ไม่	O
สวน	O
กลับ	O
คนบ้า	O
_	O
#thetoys	O

โหด	O
แท้	O
_	O
เปิด	O
ตัว	O
ไม่	O
ถึง	O
สัปดาห์	O
_	O
Avengers	O
_	O
Infinity	O
_	O
War	O
_	O
ทำ	O
เงิน	O
ไป	O
แล้ว	O
_	O
630	O
_	O
ล้าน	O
_	O
ไม่	O
รู้	O
จะ	O
มี	O
ลุ้น	O
ถึง	O
_	O
2	O
พัน	O
ล้าน	O
มั้ย	NORM_1WORD
_	O
แต่	O
น่าจะ	O
เกิน	O
_	O
Avengers	O
_	O
1	O
_	O
ได้	O
ไม่	O
ยาก	O
_	O
ส่วน	O
ฝ่าบาท	O
แมว	O
ดำ	O
ก็	O
แตะ	O
_	O
1,300	O
_	O
ล้าน	O
_	O
แถม	O
กระแส	O
ยัง	O
ไป	O
ได้	O
เรื่อยๆ	NORM_2WORD
_	O
มาร์เวล	O
รวย	O
รัวๆ	NORM_2WORD
ไม่	O
หยุด	O
ยั้ง	O
_	O
ส่วน	O
แฟนๆ	NORM_2WORD
ก็	O
_	O
Infinity	O
_	O
Pay	O
_	O
กัน	O
ต่อ	O
ไป	O
_	O
#InfinityWarTH	O
_	O
#Movietwit	O

ดู	O
แล้ว	O
คิด	O
เลย	O
ว่า	O
แบบ	O
นี่	O
คน	O
จริงๆ	NORM_2WORD
หรอ	NORM_1WORD
_	O
นึก	O
ว่า	O
พระเอก	O
หลุด	O
ออก	O
มา	O
จาก	O
หนังสือ	O
การ์ตูน	O
ตา	O
หวาน	O
อะไร	O
เทือก	O
นั้น	O
_	O
แบบ	O
อะไร	O
จะ	O
น่ารัก	O
สดใส	O
ได้	O
ขนาด	O
นี้	O
_	O
หน้าตา	O
ก็	O
น่ารัก	O
แล้ว	O
ท่า	O
เต้น	O
ก็	O
จะ	O
ยัง	O
ให้	O
น่ารัก	O
ทุก	O
ท่วงท่า	O
เลย	O
ใช่	O
มั้ย	NORM_1WORD
_	O
โดย	O
เฉพาะ	O
เด็ก	O
หัว	O
ทองๆ	NORM_2WORD
เนี่ย	O
จะ	O
เด่น	O
สะดุด	O
ไป	O
ไหน	O
_	O
หน้า	O
หวานๆ	NORM_2WORD
_	O
ยิ้ม	O
สวยๆ	NORM_2WORD
_	O
ดึงดูด	O
สายตา	O
สุด	O
_	O
#8YearsWithBOYFRIEND	O

ว่า	O
ด้วย	O
เรื่อง	O
_	O
2-Shot	O
_	O
กับ	O
ข้อกฏหมาย	O
_	O
รายละเอียด	O
ของ	O
การ	O
_	O
2Shot	O
_	O
ที่	O
_	O
อฟช.	O
_	O
เคย	O
ประกาศ	O
_	O
คือ	O
_	O
ใน	O
แผ่น	O
ที่	O
เรา	O
ซื้อ	O
จะ	O
มี	O
_	O
Serial	O
_	O
Code	O
_	O
1	O
_	O
ใบ	O
_	O
ซึ่ง	O
จะ	O
เปิด	O
ทำการ	O
สุ่ม	O
วัน	O
จันทร์	O
ที่	O
_	O
28	O
_	O
ส.ค.	O
_	O
นี้	O
_	O
เรา	O
ต้อง	O
ใช้	O
_	O
Serial	O
_	O
Code	O
_	O
ไป	O
ใช้	O
และ	O
เลือก	O
สมาชิก	O
ที่	O
เรา	O
ต้องการ	O
ถ่ายรูป	O
ด้วย	O
_	O
16	O
_	O
อันดับ	O
_	O
ระบบ	O
ถึง	O
จะ	O
ทำการ	O
สุ่ม	O
สมาชิก	O
เป็น	O
รอบๆ	O
_	O
#BNK48	O

ความรู้สึก	O
วัน	O
นั้น	O
_	O
กับ	O
ความผิดหวัง	O
ใน	O
วันนี้	O
_	O
พวก	O
คุณ	O
กำลัง	O
เล่น	O
อะไร	O
กัน	O
อยู่	O
?	O
_	O
290	O
_	O
ได้	O
ของแถม	O
_	O
ขาย	O
แผ่นน้ำหอม	O
เลือก	O
ได้	O
_	O
1250	O
_	O
ให้	O
โหลด	O
รูป	O
เล่น	O
กับ	O
แผ่นสุ่มลาย	O
_	O
What?	O
_	O
เอา	O
จริง	O
ดิ	O
_	O
หักหลัง	O
กัน	O
แบบ	O
นี้	O
_	O
คิด	O
ไร	O
อยู่	O
_	O
ส่ง	O
ไดอารี่	O
มา	O
ชดเชย	O
_	O
ตาม	O
ออเดอร์	O
หน่อย	O
ก็ได้	O
_	O
รักษา	O
ฐาน	O
ลูกค้า	O
บ้าง	O
_	O
ก่อน	O
ลูกค้า	O
จะ	O
หมด	O
ศรัทธา	O
_	O
#TwelvePlus	O
_	O
#BNK48	O

ผม	O
คุย	O
กับ	O
_	O
account	O
_	O
นั้น	O
บ่อย	O
เหมือน	O
กัน	O
ครับ	O
_	O
อัน	O
นั้น	O
ให้	O
มา	O
10	O
ชื่อ	O
เพราะ	O
ขอ	O
ชื่อ	O
เขา	O
10	O
ชื่อ	O
_	O
แต่	O
ความจริงแล้ว	O
ที่	O
รู้จัก	O
จริงๆ	NORM_2WORD
มัน	O
มี	O
แค่	O
ไม่	O
กี่	O
คน	O
จริงๆ	NORM_2WORD
_	O
แล้ว	O
ที่	O
จะ	O
รู้จัก	O
นี่	O
คือ	O
คน	O
กลุ่ม	O
น้อย	O
ที่	O
เป็น	O
แฟนคลับ	O
_	O
BNK	O
_	O
จริงๆ	NORM_2WORD
_	O
แต่	O
ถ้า	O
รู้จัก	O
แบบ	O
ห่างๆ	NORM_2WORD
ก็	O
จะ	O
รู้จัก	O
แค่	O
4	O
คน	O
ที่	O
พูด	O
ถึง	O
_	O
แบบ	O
_	O
มิวสิค	O
>	O
เฌอปราง	O
>	O
โมบาย	O
>>	O
จูเน่	O
>>>>>>>>>	O
ที่	O
เหลือ	O

ขอ	O
_	O
พท.	NORM_1WORD
รีวิว	O
หน่อย	O
_	O
ลิป	O
แมท	NORM_1WORD
_	O
all	O
_	O
about	O
_	O
face	O
_	O
no.03	O
_	O
เรา	O
ไม่	O
ได้	O
ใช้	O
ทา	O
ปาก	O
_	O
เพราะ	O
สี	O
นี้	O
ไม่	O
เหมาะ	O
กับ	O
ปาก	O
เรา	O
_	O
แต่	O
ลอง	O
มา	O
ทา	O
แก้ม	O
กับ	O
ตา	O
ดู	O
มัน	O
ได้	O
หวะ	NORM_1WORD
_	O
เนื้อ	O
เกลี่ย	O
ง่าย	O
_	O
ติด	O
ทน	O
นาน	O
_	O
ตา	O
_	O
ปาก	O
_	O
แก้ม	O
_	O
ได้	O
หมด	O
_	O
ไม่	O
หลุด	O
ง่ายๆ	NORM_2WORD
เด้อ	O
_	O
ราคา	O
ที่	O
ซื้อ	O
มา	O
ประมาณ	O
_	O
109	O
B	O
_	O
นี่แหละ	O
_	O
ลอง	O
ไป	O
ตำ	O
ดู	O
_	O
#ไว้รีวิวห้ามขายของ	O
โว้ยย	NORM_1WORD
_	O
#ของดีบอกต่อ	O
_	O
#ของมันต้องมี	O

ไป	O
เจอ	O
มา	O
ว่า	O
_	O
Real	O
_	O
Onigokko	O
_	O
(Chasing	O
_	O
World	O
_	O
/Tag)	O
_	O
แบบ	O
นิยาย	O
มี	O
แปล	O
ไทย	O
แล้ว	O
_	O
เรื่อง	O
เกี่ยวกับ	O
_	O
ท่าน	O
ผู้นำ	O
_	O
ที่	O
ไม่	O
พอใจ	O
ว่า	O
ทำไม	O
มี	O
คน	O
นามสกุล	O
ซาโต้	O
เหมือน	O
ตัวเอง	O
เยอะ	O
จัง	O
_	O
เลย	O
คิด	O
เกม	O
วิ่ง	O
ซ่อนหา	O
_	O
ถ้า	O
ซาโต้	O
คน	O
ไหน	O
โดน	O
จับ	O
ได้	O
จะ	O
ต้อง	O
ตาย	O
_	O
มี	O
เป็น	O
หนัง	O
หลาย	O
เวอร์ชั่น	NORM_1WORD
และ	O
เนื้อเรื่อง	O
หลาย	O
แบบ	O
มาก	O
_	O
ใคร	O
ชอบ	O
แนว	O
ดิสโทเปีย	O
ญี่ปุ่น	O
ต้อง	O
ลอง	O

ละ	NORM_1WORD
จอง	O
ใน	O
แอพ	NORM_1WORD
มัน	O
จะ	O
มี	O
ให้	O
คะแนน	O
รีวิว	O
ช้ะ	NORM_1WORD
_	O
คะแนน	O
ห้อง	O
ก็	O
ไม่	O
ลด	O
เพราะ	O
ลูกค้า	O
บาง	O
คน	O
ก็	O
ได้	O
พัก	O
จริง	O
ละ	NORM_1WORD
ห้อง	O
มัน	O
ดี	O
จริง	O
ที่	O
รีสอร์ท	NORM_1WORD
_	O
คะแนน	O
มี	O
แต่	O
เพิ่มๆๆ	O
_	O
ส่วน	O
รร	NORM_1WORD
_	O
ที่	O
ส่ง	O
ลูกค้า	O
ไป	O
มัน	O
ก็	O
ไม่	O
ได้	O
จอง	O
ใน	O
ระบบ	O
อยู่แล้ว	O
อ่ะ	NORM_1WORD
_	O
เข้า	O
ไป	O
รีวิว	O
คอมเพลน	O
อะไร	O
ก็	O
ไม่	O
ได้	O
_	O
ละ	O
คะแนน	O
เลย	O
ไม่	O
ลด	O
ไง	O
_	O
ลูกค้า	O
ก็	O
ไม่	O
เสีย	O
_	O
มี	O
แต่	O
ได้	O
กับ	O
ได้	O
มัน	O
คือ	O
การโกง	O
ใน	O
โกง	O
ใน	O
โกง	O
(	O
8	O
)	O

จะ	O
ล้อเล่น	O
ยังไง	NORM_1WORD
_	O
ช่วย	O
ดู	O
กาลเทศะ	O
_	O
คง	O
ไม่	O
เป็น	O
อัน	O
เสียเวลา	O
ชีวิต	O
มาก	O
นะ	O
ครับ	O
_	O
.	O
_	O
คิด	O
กัน	O
นิดนึง	NORM_1WORD
เนอะ	O
_	O
.	O
_	O
ช่วย	O
ใส่ใจ	O
ใน	O
คำ	O
แต่ละคำ	O
เยอะๆ	NORM_2WORD
นะ	O
_	O
เรา	O
คนพิมพ์	O
ไม่	O
ได้	O
ใส่ใจ	O
อะไร	O
_	O
เรา	O
ไม่	O
เห็น	O
หน้า	O
_	O
น้ำเสียง	O
_	O
คนพิมพ์	O
อย่าง	O
เรา	O
รู้	O
ว่า	O
เรา	O
ไม่	O
ได้	O
อะไร	O
_	O
แต่	O
คนอ่าน	O
เขา	O
ไม่	O
ได้	O
รับรู้	O
แบบคุณ	O
นะ	O
_	O
.	O
_	O
คำ	O
แต่ละคำ	O
_	O
มัน	O
เป็น	O
อาวุธ	O
ได้	O
นะ	O
_	O
.	O
_	O
#BNK48	O
_	O
#	O
Orn	O
BNK48	O

#งานออนไลน์	O
_	O
สนใจ	O
เก็บ	O
เงิน	O
ไป	O
คอน	NORM_1WORD
_	O
ไป	O
มีท	NORM_1WORD
_	O
ช็อปปิ้ง	O
กัน	O
_	O
DM	O
สอบถาม	O
_	O
ดู	O
รีวิว	O
ได้	O
ค่ะ	O
_	O
#ตลาดนัดnct	O
_	O
#togetherwithme	O
_	O
#ตลาดนัดexo	O
_	O
#iKON2018CONTINUETOURinBANGKOK	O
_	O
#ตลาดนัดWANNAONE	O
_	O
#HECKOREACONCERT	O
_	O
#SS7EncoreinBKK	O
_	O
#ตลาดนัด	O
อากาเซ่	O
_	O
#ตลาดนัด	O
บังทัน	O
_	O
#taeny	O
_	O
#MayaMusicFestival	O
_	O
#Lullaby5thWin	O
_	O
#EXO_ComingSoon	O

จาก	O
ตอน	O
นั้น	O
กลาย	O
เป็น	O
ชอบ	O
การันต์	O
ขึ้น	O
มา	O
เฉย	O
แบบ	O
ไม่	O
มี	O
เหตุผล	O
_	O
ถถถถถถถ	O
_	O
สุดท้าย	O
ทั้ง	O
สอง	O
ก็	O
ได้	O
อยู่	O
ด้วย	O
กัน	O
_	O
ดีใจ	O
แทน	O
ทั้ง	O
สอง	O
คน	O
_	O
tt	O
_	O
คือ	O
เดี๋ยวนี้	O
เวลา	O
อ่าน	O
นิยาย	O
วาย	O
แทบ	O
จะ	O
หา	O
อ่าน	O
ที่	O
ตัวเอง	O
ชอบ	O
ไม่	O
ได้	O
เลย	O
เพราะ	O
ชอบ	O
อ่าน	O
แนว	O
แฟนตาซี	O
_	O
ขอบคุณ	O
ไรท์	NORM_1WORD
มากๆๆๆๆ	NORM_1WORD
_	O
ที่	O
แต่ง	O
เรื่อง	O
นี้	O
ขึ้น	O
มา	O
ไม่	O
งั้น	NORM_1WORD
นี่	O
คง	O
นั่งแห้ง	O
ไม่	O
มี	O
นิยาย	O
อ่าน	O
_	O
เรื่อง	O
นี้	O
-	O

เรา	O
ว่า	O
คน	O
ที่	O
เขียน	O
นี่	O
เข้าใจ	O
แต่	O
จุงกิ	O
มาก	O
กว่า	O
_	O
เรา	O
ไม่	O
ใช่	O
วงใน	O
ใต้เตียง	O
เขา	O
รู้	O
นิสัยใจคอ	O
พวก	O
เขา	O
ก็	O
จาก	O
ข่าว	O
จาก	O
ข้อมูล	O
ที่	O
มี	O
ออก	O
มา	O
หรือ	O
อาจ	O
ได้	O
เจอ	O
ตัวจริง	O
ก็	O
นิดๆ	O
หน่อยๆ	O
_	O
ตอน	O
นี้	O
มัน	O
มี	O
ข่าว	O
ด้วย	O
ว่า	O
ฝ่าย	O
หญิง	O
น้ำหนัก	O
ลด	O
มา	O
_	O
5	O
_	O
กิโล	NORM_1WORD
_	O
ร้องไห้	O
และ	O
บอก	O
ว่า	O
ยัง	O
รัก	O
เขา	O
อยู่	O
_	O
การบอก	O
ว่า	O
ฝ่าย	O
ชาย	O
ปรับตัว	O
อยู่	O
ฝ่าย	O
เดียว	O
มัน	O
ก็	O
ดู	O
ไม่	O
ยุติธรรม	O

คุณ	O
หลีดเดอร์	NORM_1WORD
คนเก่ง	O
_	O
พี่	O
คอย	O
ดูแล	O
สมาชิก	O
ใน	O
วง	O
อย่าง	O
ดี	O
มา	O
ตลอด	O
_	O
เป็น	O
ผู้นำ	O
ที่	O
ดี	O
_	O
ฉลาด	O
_	O
พี่	O
ต้อง	O
รับ	O
ภาระ	O
ที่	O
มาก	O
กว่า	O
คน	O
อื่น	O
แต่	O
พี่	O
ก็	O
ทำ	O
ออก	O
มา	O
ได้	O
ดี	O
_	O
พี่	O
เก่ง	O
มาก	O
เลย	O
นะ	O
รู้	O
มั้ย	NORM_1WORD
_	O
ร้อง	O
ก็	O
เก่ง	O
เต้น	O
ก็	O
เก่ง	O
_	O
เรา	O
รัก	O
พี่	O
มากๆ	NORM_2WORD
_	O
แน่นอน	O
ว่า	O
เรา	O
จะ	O
สนับสนุน	O
พี่	O
ตลอด	O
ไป	O
_	O
สุดท้าย	O
นี้	O
ขอให้	O
พี่	O
มี	O
ความสุข	O
เท่าที่	O
คนๆ	NORM_1WORD
นึง	NORM_1WORD
จะ	O
มี	O
ได้	O
_	O
#KIMJUNCOTTONDAY	O

ช่วงนี้	O
เหมือน	O
สื่อ	O
ตปท.	NORM_1WORD
หลายๆ	NORM_2WORD
เจ้า	O
พยายาม	O
เข็น	O
รีวิว	O
_	O
Pixel	O
_	O
3	O
_	O
ออก	O
มา	O
ให้เร็ว	O
ที่	O
สุด	O
_	O
แต่	O
เหมือน	O
ยัง	O
ไม่	O
มี	O
ใคร	O
ทำ	O
เสร็จ	O
เลย	O
มี	O
อะไร	O
ตลกๆ	NORM_2WORD
ออก	O
มา	O
_	O
เช่น	O
_	O
-	O
_	O
Android	O
_	O
Authority	O
_	O
บอก	O
กั๊ก	O
ว่า	O
รีวิว	O
ยัง	O
ไม่เสร็จ	O
นะ	O
_	O
อยาก	O
ใช้	O
เวลา	O
กับ	O
มัน	O
เต็มๆ	NORM_2WORD
_	O
หน่อย	O
_	O
-	O
_	O
CNET	O
_	O
โชว์	O
รูป	O
ที่	O
ถ่าย	O
จาก	O
กล้อง	O
มา	O
ก่อน	O
_	O
-	O
_	O
MKBHD	O
_	O
ออก	O
วิดีโอ	O
_	O
impressions	O
_	O
มา	O
แล้ว	O
_	O
2	O
_	O
อัน	O

ซีน	O
แบบ	O
นี้	O
หละ	NORM_1WORD
นิ่ง	O
เชียะ	NORM_1WORD
นะ	O
รู้	O
ไหม	O
ว่า	O
ต้อง	O
ใช้	O
พลัง	O
ใน	O
การบิ้วท์	NORM_1WORD
อารมณ์	O
มาก	O
แค่	O
ไหน	O
_	O
ผัว	O
ก็	O
ไม่	O
เคย	O
มี	O
_	O
แถม	O
ยัง	O
ต้อง	O
มา	O
นั่ง	O
มโน	O
ให้	O
เข้าถึง	O
อารมณ์	O
พวก	O
นี้	O
เนี่ย	O
มา	O
รับผิดชอบ	O
ด้วย	O
_	O
ลุก	O
ไป	O
กิน	O
น้ำ	O
หลาย	O
รอบ	O
ละ	NORM_1WORD
นะ	O
_	O
เหนื่อย	O
ตาม	O
ยัย	NORM_1WORD
อัง	O
_	O
เรื่อง	O
หื่น	O
หนะ	NORM_1WORD
เก่ง	O
อดหลับอดนอน	O
ได้	O
เสมอ	O
แถม	O
ซุ่ม	O
เก่ง	O
ด้วย	O
_	O
น่าตีตาย	O
_	O
คราว	O
หน้า	O
จะ	O
แต่ง	O
นิยาย	O
แนว	O
แสวงบุญ	O
ละ	NORM_1WORD
555	O

review	O
_	O
#	O
girldontcry	O
_	O
คือ	O
ภาพรวม	O
ของ	O
หนัง	O
โอเค	O
นะ	O
ที่	O
ว่า	O
แบบ	O
_	O
เชื่อม	O
เรื่องราว	O
ได้	O
ดี	O
_	O
แต่	O
บาง	O
คน	O
เค้า	NORM_1WORD
มา	O
เพื่อ	O
ดู	O
เมมเบอร์	O
คน	O
นี้	O
อ่ะ	O
_	O
แต่	O
_	O
air	O
_	O
time	O
_	O
ของ	O
เมมเบอร์	O
คน	O
นี้	O
น้อย	O
เกิน	O
ไป	O
ทำ	O
ให้	O
รู้สึก	O
ยังไง	O
ดี	O
ละ	O
_	O
ยัง	O
ไม่	O
โอ	O
ใน	O
ส่วน	O
นี้	O
อ่ะ	O
_	O
เรา	O
มา	O
เพื่อ	O
ดู	O
ว่า	O
เค้า	NORM_1WORD
จะ	O
พูด	O
ความรู้สึก	O
อะไร	O
แต่	O
กลับ	O
ไม่	O
มี	O
เลย	O
ยัง	O
ไม่	O
โอ	O
นิดนึง	O
#	O
BNK48	O
_	O
ter_nawapol	O

Yes	O
_	O
สิ	O
คะ	O
_	O
จะ	O
เหลือ	O
เหรอ	O
_	O
(	O
ถ้า	O
เรา	O
เป็น	O
อรุณา	O
นะ	O
)	O
_	O
บอส	O
ไม่	O
รังเกียจ	O
_	O
ที่	O
มี	O
อดีต	O
_	O
ที่	O
มี	O
ลูก	O
แล้ว	O
_	O
แถม	O
ลูก	O
ยัง	O
เข้า	O
กัน	O
ได้	O
ดี	O
กับ	O
บอส	O
ไป	O
อีก	O
_	O
ทุก	O
อย่าง	O
ลง	O
ล็อค	NORM_1WORD
_	O
ลงตัว	O
_	O
งานการ	O
ก็	O
ดี	O
_	O
มั่นคง	O
_	O
ฐานะ	O
ก็	O
(	O
รวย	O
โคตร	O
)	O
_	O
นิสัย	O
ดี	O
_	O
รัก	O
จริง	O
ปล่อย	O
บอส	O
ไป	O
_	O
เท่ากับ	O
_	O
ปล่อย	O
เนื้อ	O
ชั้น	O
ดี	O
ไป	O
ให้	O
หมา	O
ตัว	O
อื่น	O
แดร๊ก	NORM_1WORD
สิ	O
คะ	O
_	O
โท่ดๆ	NORM_1WORD
อิน	O
ค่ะ	O
_	O
#	O
อรุณา	O
2019ep1	O
_	O
film_tnp	O
20	O

รีวิว	O
_	O
tambutins	O
_	O
dance	O
_	O
enhance	O
_	O
cream	O
_	O
เปิด	O
มา	O
ปุ๊บ	O
สิ่ง	O
ที่	O
โชย	O
มา	O
คือ	O
กลิ่นไม้หอม	O
เพราะ	O
ส่วนผสม	O
ส่วนใหญ่	O
เป็น	O
น้ำมัน	O
สกัด	O
จาก	O
พืช	O
_	O
เนื้อครีม	O
บางเบา	O
_	O
ไม่	O
หนา	O
_	O
ช่วย	O
เรื่อง	O
ความชุ่มชื้น	O
_	O
ให้	O
หน้า	O
นุ่ม	O
_	O
นิ่ม	O
_	O
ราคา	O
_	O
38000	O
_	O
วอน	O
_	O
เห็น	O
ทางแบรนด์	O
เคลม	O
ว่า	O
ผิวแพ้ง่าย	O
บอบบาง	O
ใช้	O
ได้	O
_	O
แต่แล้ว	O
แต่	O
คน	O
เลย	O
นะ	O
งับ	NORM_1WORD
_	O
#ไว้รีวิวห้ามขายของโว้ยย	O

งาน	O
ง่ายๆ	NORM_2WORD
_	O
แค่	O
สมัคร	O
ก็	O
ได้	O
25	O
$	O
=	O
800	O
บาท	O
_	O
แล้ว	O
จร้า	NORM_1WORD
_	O
ไม่	O
มี	O
ค่า	NORM_1WORD
สมัคร	O
ด้วย	O
_	O
อยาก	O
มี	O
เงิน	O
ไป	O
เที่ยว	O
_	O
หรือ	O
_	O
ไป	O
คอน	NORM_1WORD
_	O
อยาก	O
มี	O
เงิน	O
ไม่	O
ต้อง	O
ของ	O
พ่อ	O
แม่	O
_	O
ทัก	O
มา	O
เลย	O
จ้า	NORM_1WORD
_	O
#งานออนไลน์ได้เงินจริง	O
_	O
#งานออนไลน์ฟรี	O
_	O
#ตลาดนัดblackpink	O
_	O
#งานออนไลน์ฟรี	O
_	O
#เลือกตั้ง62	O
_	O
#dek62	O
_	O
#หางานเสริมทําที่บ้าน	O
_	O
#ตลาดนัดWIND	O
_	O
#	O
ประเทศ	O
ไทย	O
_	O
#งาน	O
พาร์ทไท	NORM_1WORD

รับ	O
เรื่อยๆ	NORM_2WORD
_	O
ครับผม	O
_	O
DM	O
_	O
ได้	O
เลย	O
_	O
รายละเอียด	O
ราคา	O
ต่อ	O
_	O
1	O
_	O
คำถาม	O
อยู่	O
ข้าง	O
ล่าง	O
ครับ	O
_	O
รับ	O
ดู	O
ทั้ง	O
ความรัก	O
ทุก	O
สถานะ	O
_	O
การเรียน	O
_	O
การงาน	O
_	O
การเงิน	O
_	O
คนรอบตัว	O
_	O
และ	O
เรื่อง	O
อื่น	O
_	O
มี	O
แพ็คเกจ	O
เนื้อคู่	O
ด้วย	O
_	O
ดู	O
รีวิว	O
ได้	O
ที่	O
_	O
#BlackAnchorFortune	O
_	O
ครับ	O
_	O
#ดูดวง	O
_	O
#ดูดวงไพ่ยิปซี	O
_	O
#ดูดวงฟรี	O
_	O
#ดูดวงความรัก	O
_	O
#ดูดวงการเรียน	O
_	O
#ดูดวงออนไลน์	O

คน	O
นี้	O
เป็น	O
พี่	O
ครับ	O
เป็น	O
พี่	O
ที่	O
รู้จัก	O
กัน	O
มา	O
ก่อน	O
ที่	O
จะ	O
เข้า	O
ทรบ	NORM_1WORD
อีก	O
รัก	O
กัน	O
มาก	O
แบบ	O
ตาม	O
หวง	O
กัน	O
แบบ	O
แฟน	O
นะ	O
แต่	O
ไม่	O
ใช่	O
ทะเลาะ	O
กัน	O
บ่อย	O
อยู่	O
เหมือนกัน	O
นะ	O
แต่	O
ก็	O
เหมือน	O
ยิ่ง	O
ทะเลาะ	O
ยิ่ง	O
สนิท	O
แถม	O
ตอน	O
มี	O
เรื่อง	O
ฉอด	O
มัน	O
จะ	O
เป็น	O
คน	O
ที่	O
ใจเย็น	O
ที่	O
สุด	O
แบบ	O
มากๆ	NORM_2WORD
เหมือน	O
พี่	O
มัน	O
เป็น	O
น้ำ	O
(?)	O
ผม	O
เป็น	O
ไฟ	O
ไร	O
งี้	O
อ่ะ	NORM_1WORD
แต่	O
มัน	O
ก็	O
ดับ	O
ความ	O
โมโห	O
ของ	O
ผม	O
ไม่	O
ได้	O
เลย	O
สัก	O
ครั้ง	O

7	O
)	O
_	O
Mr.Sunshine	O
_	O
9	O
/	O
10	O
_	O
-	O
_	O
ใน	O
เน็ตฟลิกซ์	O
อัพ	NORM_1WORD
ทุก	O
เสาร์	O
-	O
อาทิตย์	O
_	O
-	O
_	O
เล่า	O
เรื่องราว	O
ใน	O
สมัย	O
โซชอน	O
_	O
มี	O
การแบ่งชนชั้น	O
แทรก	O
เข้า	O
มา	O
ด้วย	O
_	O
อย่าง	O
นางเอก	O
เป็น	O
คุณหนู	O
_	O
แล้ว	O
พระเอก	O
เป็น	O
ลูก	O
ทาส	O
อะไร	O
แบบ	O
นี้	O
_	O
-	O
_	O
หนัง	O
โรแมนติก	O
ที่	O
ไม่	O
ได้	O
มี	O
ดี	O
แค่	O
นั้น	O
_	O
ใน	O
เรื่อง	O
มี	O
อะไร	O
ที่	O
นอก	O
เหนือ	O
จาก	O
ที่	O
รีวิว	O
เยอะ	O
มาก	O
_	O
ไม่	O
แพ้	O
ซีรีส์	O
เรื่อง	O
อื่น	O
เลย	O
_	O
แนะนำ	O
จริงๆ	NORM_2WORD

เหงาๆ	NORM_2WORD
ไป	O
จน	O
ถึง	O
รัน	O
คิว	O
เข้า	O
หลุม	O
_	O
ไป	O
เจอ	O
น้อง	O
นุ่นซูจู	O
_	O
น้อง	O
คิด	O
ว่า	O
เรา	O
คือ	O
พี่	O
แป้ง	O
_	O
เอ็นดูว	NORM_1WORD
555	O
_	O
จน	O
ฝน	O
ตก	O
จะ	O
เข้า	O
คอน	NORM_1WORD
พี่	O
คน	O
ข้าง	O
หน้า	O
3	O
คน	O
มา	O
คุย	O
ด้วย	O
_	O
พอ	O
รู้	O
ว่า	O
เรา	O
มา	O
คน	O
เดียว	O
ก็	O
ชวน	O
ไป	O
อยู่	O
ด้วย	O
_	O
เข้า	O
คอน	NORM_1WORD
ก็	O
รอ	O
เรา	O
ติ๊ด	O
บัตร	O
แล้ว	O
เรียก	O
ไป	O
ยืน	O
ด้วย	O
กัน	O
_	O
บอก	O
เรา	O
ด้วย	O
ว่า	O
คิว	O
ไหน	O
ไม่	O
รู้	O
_	O
แต่	O
คอน	NORM_1WORD
ลุก	O
ยืน	O
ตอน	O
แรก	O
ต้อง	O
สู้	O
นะ	O
_	O
ถาม	O
เรา	O
ด้วย	O
ว่า	O
โดน	O
เบียด	O
ไหม	O

ซูจิน	O
_	O
#SOOJIN	O
_	O
น้อง	O
น่ารัก	O
_	O
อ่อนโยน	O
_	O
นิ่งๆ	NORM_2WORD
_	O
ขยับ	O
โพส	NORM_1WORD
ท่า	O
นิดหน่อย	O
_	O
เรา	O
บอก	O
น้อง	O
ว่า	O
เรา	O
มา	O
จาก	O
ไทย	O
_	O
เอา	O
ปืนฟองสบู	NORM_1WORD
มา	O
ให้	O
เล่น	O
แล้ว	O
นี่	O
ป้ายชื่อ	O
_	O
เขียน	O
ว่า	O
ซูจิน	O
เป็น	O
ภาษา	O
ไทย	O
นะ	O
_	O
ชาว	O
ไทย	O
รอ	O
เจอ	O
อยู่	O
นะ	O
คะ	O
_	O
มี	O
ฟค	NORM_1WORD
เยอะ	O
นะ	O
รู้	O
มั้ย	NORM_1WORD
?	O
_	O
น้อง	O
ก็	O
ยิ้มมมม	NORM_1WORD
_	O
ยิ้ม	O
เยอะ	O
มาก	O
แก้ม	O
ปริ	O
เลย	O
บอก	O
ว่า	O
_	O
Oh	O
_	O
my	O
_	O
god	O
_	O
Thanks	O
_	O
so	O
_	O
much	O
_	O
แล้ว	O
ก็	O
ใส่	O
ป้ายห้อยคอ	O
เอง	O
(	O
6	O
)	O

ส่วน	O
เช่	O
หรอ	O
.	O
.	O
_	O
เช่	O
ที่	O
ไอคิว	O
_	O
200	O
_	O
เช่	O
ที่	O
ชอบ	O
ข่ม	O
คน	O
อื่น	O
ว่า	O
_	O
You	O
_	O
so	O
_	O
กระจอก	O
มาก	O
อะ	O
นะ	O
.	O
.	O
_	O
เรียก	O
ด้วย	O
ความรู้สึก	O
อยาก	O
แกล้ง	O
ล้วนๆ	NORM_2WORD
_	O
มัน	O
แบบ	O
.	O
.	O
_	O
บอก	O
ไม่	O
ถูก	O
_	O
แต่	O
รัก	O
เช่	O
นะ	O
_	O
ถ้า	O
บอก	O
เช่	O
ได้	O
ก็	O
อยาก	O
บอก	O
ว่า	O
_	O
ร่าง	O
เซนท์แจน	O
ของ	O
เช่	O
ได้	O
ตาย	O
ไป	O
แล้ว	O
_	O
เหลือ	O
แต่	O
ความเช่	O
แล้ว	O
จริงๆ	NORM_2WORD
_	O
55555555555555555	O
_	O
#JanBNK48	O
_	O
#BNK48	O
_	O
*	O
ชื่อ	O
ภาพ	O
_	O
เชเช่	O
คน	O
ไร้	O
บ้าน	O
*	O

ไป	O
หา	O
อุ้ม	O
มา	O
ล่าสุด	O
_	O
คุย	O
เรื่อง	O
รีวิว	O
_	O
ธต	O
_	O
แล้ว	O
อุ้ม	O
ก็	O
บอก	O
ว่า	O
_	O
ขอ	O
ให้	O
สุ่ม	O
ได้	O
บ่อยๆ	O
_	O
หลัง	O
งาน	O
จับมือ	O
_	O
ธต	O
_	O
แรก	O
ที่	O
อุ้ม	O
ขึ้น	O
_	O
หลังจาก	O
สุ่ม	O
ได้	O
มา	O
_	O
6	O
_	O
เดือน	O
ต่อเนื่อง	O
_	O
ก็	O
สุ่ม	O
ไม่	O
ได้	O
เฉย	O
เลย	O
_	O
555	O
_	O
เอ๊ะ	O
_	O
มัน	O
ต้อง	O
มี	O
อะไร	O
ผิด	O
ไป	O
แน่ๆ	NORM_2WORD
_	O
เอาเป็นว่า	O
สัปดาห์	O
นี้	O
ไม่	O
มี	O
รีวิว	O
นะ	O
ครับ	O
_	O
แต่	O
ถ้า	O
มี	O
คน	O
อื่น	O
เขียน	O
ให้	O
น้อง	O
ได้	O
อ่าน	O
_	O
จะ	O
ขอบคุณ	O
มากๆ	NORM_2WORD
_	O
#OomBNK48	O

#PetSematary	O
_	O
เวอร์ชั่น	NORM_1WORD
รีเมค	NORM_1WORD
ที่	O
ปรับ	O
โฉม	O
ให้	O
มี	O
ความทันสมัย	O
ขึ้น	O
_	O
หรรษา	O
ขึ้น	O
_	O
ได้รับ	O
เสียง	O
วิจารณ์	O
จาก	O
_	O
#SXSW2019	O
_	O
โอเค	O
เลย	O
_	O
บ้าง	O
ก็	O
ว่า	O
ดัดแปลง	O
นิยาย	O
สตีเวน	O
คิง	O
_	O
เป็น	O
หนัง	O
สยองขวัญ	O
ยุค	O
ใหม่	O
ได้	O
ชาญฉลาด	O
_	O
บ้าง	O
ก็	O
ว่า	O
มี	O
การทวิสต์	O
ซึ่ง	O
นำ	O
ไป	O
สู่	O
ตอนจบ	O
แบบ	O
ใหม่	O
ที่	O
สนุก	O
น่าติดตาม	O
_	O
โอ้ย	NORM_1WORD
!	O
_	O
ตอน	O
นี้	O
อยาก	O
ดู	O
พอๆ	O
กับ	O
_	O
Us	O
_	O
เลย	O
ค่ะ	O
_	O
#MovieTwit	O

สงกรานต์	O
ปี	O
นี้	O
แม่ง	O
พล็อต	O
นิยาย	O
เว่อร์	NORM_1WORD
_	O
นั่ง	O
รถ	O
กำลัง	O
จะ	O
ไป	O
เล่น	O
น้ำ	O
ส่วน	O
น้อง	O
ฝรั่ง	O
หัว	O
ทอง	O
จะ	O
กลับ	O
_	O
พอ	O
ฉัน	O
เห็น	O
นาง	O
สัญชาตญาณ	O
ก็	O
สั่ง	O
ให้	O
ฉีด	O
น้ำ	O
ใส่	O
_	O
ละ	O
นาง	O
ก็	O
หัน	O
มา	O
มอง	O
ยิ้มๆ	O
แบบ	O
จะ	O
เอา	O
ช้ะ	O
แต่	O
ไม่	O
ได้	O
ทำ	O
อะไร	O
ก็	O
คลาด	O
กัน	O
ไป	O
_	O
แก	O
แบบ	O
_	O
สบ	O
ตา	O
ละ	O
ใจ	O
หยุด	O
เต้น	O
คือ	O
ถ้า	O
นี่	O
เป็น	O
นิยาย	O
ปี	O
หน้า	O
นาง	O
คง	O
มา	O
เที่ยว	O
ใหม่	O
_	O
แล้ว	O
เจอ	O
กัน	O
อีก	O
55	O
_	O
#Songkranfestival	O

จริงๆ	O
คือ	O
คิด	O
จะ	O
ทำ	O
คลิป	O
แบบ	O
นี้	O
เหมือน	O
กัน	O
นะ	O
_	O
คือ	O
เห็น	O
มา	O
เยอะ	O
จริงๆ	NORM_2WORD
โมเมนท์	NORM_1WORD
ที่	O
หลาม	O
คอย	O
ปลอบ	O
เพื่อน	O
ร่วม	O
วง	O
_	O
คอย	O
ให้	O
กำลังใจ	O
_	O
หลาม	O
เป็น	O
คน	O
ที่	O
อบอุ่น	O
แล้ว	O
ก็	O
รู้สึก	O
ได้	O
เลย	O
ว่า	O
หวังดี	O
จริงๆ	NORM_2WORD
_	O
จาก	O
ใจ	O
_	O
ไม่	O
งั้น	NORM_1WORD
คง	O
ไม่	O
ได้	O
เป็น	O
กัปตัน	O
ทีม	O
B3	O
_	O
กับ	O
ถูก	O
โหวต	O
ว่า	O
เป็น	O
คน	O
ที่	O
อยู่	O
ด้วย	O
แล้ว	O
สบายใจ	O
ที่สุด	O
หรอก	O
_	O
ยิ่ง	O
รู้จัก	O
ยิ่ง	O
รัก	O
_	O
#PunBNK48	O
_	O
#BNK48	O

ขอ	O
ขอบคุณ	O
บริษัท	O
บายดีซีน	O
อินซ์	O
_	O
(	O
ประเทศ	O
ไทย	O
)	O
_	O
จำกัด	O
_	O
ใช้	O
บริการ	O
เช่า	O
เครื่อง	O
ถ่าย	O
เอกสาร	O
มัลติฟังก์ชั่น	NORM_1WORD
ขาว	O
ดำ	O
ยี่ห้อ	O
_	O
Canon	O
_	O
รุ่น	O
_	O
iR	O
_	O
Advance4235	O
กับ	O
ทาง	O
GCS	O
_	O
ป.ล.	O
_	O
ออฟฟิศ	O
ลูกค้า	O
สวย	O
มาก	O
เลย	O
คร้าบ	NORM_1WORD
_	O
#GCS	O
_	O
#จำหน่าย	O
_	O
#ให้เช่า	O
_	O
#เครื่องถ่ายเอกสาร	O
_	O
#ปริ้นท์เตอร์	O
_	O
#พร้อมทีมช่างมืออาชีพ	O
_	O
#บริการหลังการขาย	O
_	O
at	O
_	O
GCS	O
Sales&Service	O
Co.,Ltd	O

มี	O
ความรู้สึก	O
ว่า	O
ถ้า	O
จออ	O
อยาก	O
สร้าง	O
คู่จิ้น	O
ให้	O
เป็น	O
คู่	O
ที่	O
เป็น	O
ตำนาน	O
_	O
ควร	O
เอา	O
เต๋าคชา	O
ยุค	O
แรก	O
เป็น	O
ตัวอย่าง	O
_	O
มี	O
กระแส	O
หรอ	NORM_1WORD
_	O
ปา	O
โมเม้น	NORM_1WORD
เพิ่ม	O
ให้	O
เพลงคู่	O
ตอน	O
อยู่	O
ใน	O
บ้าน	O
_	O
อยาก	O
ได้	O
งานคู่	O
หรอ	NORM_1WORD
_	O
เอา	O
อีเว้น	NORM_1WORD
ไป	O
_	O
พซต	O
ไป	O
_	O
อยาก	O
มี	O
มีต	NORM_1WORD
หรอ	NORM_1WORD
_	O
เอา	O
คอนเสิร์ต	O
คู่	O
ไป	O
_	O
3	O
ปี	O
ซ้อน	O
_	O
ขนาด	O
ตอน	O
นั้น	O
วาย	O
มัน	O
ยัง	O
ไม่	O
ได้	O
บูม	O
เท่า	O
ตอน	O
นี้	O
ะ	NORM_1WORD
_	O
แต่	O
หลังจากนั้น	O
หรอ	NORM_1WORD
_	O
เหอะ	O
..	O

รีวิว	O
ดู	O
ลายมือ	O
กับ	O
ป้า	O
รัตน์	O
_	O
แม่น	O
จริง	O
_	O
ป้า	O
ดู	O
ตาม	O
ลายมือ	O
แล้ว	O
บอก	O
เรา	O
ก่อน	O
_	O
คือ	O
ตรง	O
ทั้งหมด	O
_	O
ชัดเจน	O
_	O
อยาก	O
รู้	O
อะไร	O
ถาม	O
เลย	O
_	O
ป้า	O
บอก	O
นี่	O
ขี้กังวล	O
ไป	O
เอง	O
_	O
อย่า	O
ไป	O
คิด	O
ล่วงหน้า	O
จะ	O
เครียด	O
_	O
ละ	NORM_1WORD
นี่	O
คิด	O
และ	O
กังวล	O
ทุก	O
อย่าง	O
ไป	O
ก่อน	O
ล่วงหน้า	O
จริงๆ	NORM_2WORD
_	O
ที่	O
ดูดวง	O
ก็	O
เพราะ	O
กังวล	O
_	O
สรุป	O
ป้า	O
ดู	O
ลายมือ	O
บอก	O
อดีต	O
_	O
ปัจจุบัน	O
ตรง	O
_	O
แต่	O
อนค.	NORM_1WORD
_	O
จะ	O
ตรง	O
มั้ย	NORM_1WORD
รอ	O
ดู	O
ผล	O
ต่อ	O
ไป	O

วันนี้	O
ผม	O
มี	O
อะไร	O
จะ	O
บอก	O
คนๆ	O
นึง	NORM_1WORD
ครับ	O
_	O
ผม	O
ใจเต้น	O
ตั้งแต่	O
เห็น	O
หน้า	O
คุณ	O
ครั้ง	O
แรก	O
_	O
รู้สึก	O
ไม่	O
เป็น	O
ตัวเอง	O
กระสับกระส่าย	O
เหมือน	O
ตอน	O
กิน	O
กาแฟ	O
ครั้ง	O
แรก	O
_	O
ยิ่ง	O
พอ	O
ได้	O
คุย	O
กับ	O
พี่	O
ผม	O
ตัว	O
สั่น	O
เหมือน	O
เจ้า	O
เข้า	O
ตลอด	O
_	O
อยาก	O
เอา	O
ติ่มซำ	O
ที่	O
บ้าน	O
ไป	O
ถวาย	O
ให้	O
คุณ	O
_	O
อยาก	O
พา	O
ไป	O
จีน	O
_	O
พา	O
ไป	O
เจอ	O
เตี่ย	O
กับ	O
ม๊า	O
_	O
พา	O
ไป	O
ไหว้	O
บรรพบุรุษ	O
_	O
รัก	O
ที่สุด	O
เลย	O
ครับ	O
พี่	O
เจน	O
เนตรๆๆๆๆ	NORM_1WORD

ใน	O
ทวีต	O
(	O
ภาษา	O
ไทย	O
)	O
ก็	O
แฟนคลับ	O
bigbang	O
_	O
เยอะ	O
_	O
คน	O
ส่วน	O
ใหญ่	O
ไม่	O
ค่อย	O
รู้จัก	O
_	O
จุนยอง	O
ไง	O
_	O
เลย	O
เหมือน	O
คน	O
ด่า	O
ซึง	O
รี	O
น้อย	O
กว่า	O
_	O
แต่	O
ใน	O
เกาหลี	O
โดน	O
ไม่	O
ต่าง	O
กัน	O
_	O
ซึง	O
รี	O
โดน	O
ด่า	O
หนัก	O
กว่า	O
มาก	O
_	O
และ	O
แรง	O
มาก	O
ด้วย	O
_	O
จาก	O
ที่	O
น้อง	O
เรา	O
แปล	O
ให้	O
ฟัง	O
นะ	O
_	O
คือ	O
ด่า	O
ไป	O
ถึง	O
ตระกูล	O
_	O
พ่อแม่	O
_	O
บอก	O
ให้	O
ไป	O
ถอน	O
สัญชาติ	O
_	O
ย้าย	O
ออก	O
ไป	O
จาก	O
ประเทศ	O
_	O
ยังไง	O
ก็	O
ไร้	O
ที่ยืน	O
ใน	O
เกาหลี	O
ทั้ง	O
คู่	O

ทาง	O
ด้าน	O
_	O
แฟนคลับ	O
_	O
#	O
ไทยรักษาชาติ	O
_	O
ผู้อกหัก	O
ที่	O
พรรค	O
ที่	O
ตัว	O
รัก	O
ถูก	O
ยุบ	O
หลัง	O
พยายาม	O
พึ่งพา	O
บารมี	O
เจ้า	O
_	O
และ	O
ยัง	O
ทำใจ	O
รับ	O
ไม่	O
ได้	O
ว่า	O
ได้	O
มี	O
พรรค	O
_	O
#	O
อนาคตใหม่	O
_	O
เกิด	O
ขึ้น	O
_	O
และ	O
ครอง	O
ใจ	O
คน	O
รุ่น	O
ใหม่	O
อย่าง	O
ล้นหลาม	O
_	O
หา	O
ได้	O
มี	O
แต่	O
พรรค	O
ของ	O
แม้ว	O
ต่อไป	O
_	O
ยัง	O
คง	O
เดินหน้า	O
โจมตี	O
พรรค	O
อนาคตใหม่	O
ไม่	O
หยุด	O
_	O
ส่วน	O
ใหญ่	O
ก็	O
หน้า	O
เดิมๆ	O
_	O
เงิบ	O
แล้ว	O
เงิบ	O
อีก	O
ก็	O
ยัง	O
เห่า	O

ศูนย์สื่อสาร	O
กรุงเทพมหานคร	O
_	O
(	O
อัมรินทร์	O
_	O
เสาวภา	O
_	O
อ่อนนุช	O
_	O
เพชรเกษม	O
)	O
ร่วม	O
รณรงค์	O
ปิด	O
ไฟ	O
ดวง	O
ที่	O
ไม่	O
จำเป็น	O
ใน	O
กิจกรรม	O
_	O
ปิด	O
ไฟ	O
_	O
1	O
_	O
ชั่วโมง	O
_	O
เพื่อ	O
ลดโลกร้อน	O
_	O
(	O
60+	O
Earth	O
Hour	O
2019	O
)	O
_	O
พร้อมกัน	O
ใน	O
วันเสาร์	O
ที่	O
_	O
30	O
_	O
มีนาคม	O
_	O
2562	O
_	O
เวลา	O
_	O
20	O
.	O
30	O
-	O
21	O
.	O
30	O
น	O
.	O
_	O
#connect2earth	O
_	O
#ปิดเพื่อโลกเปลี่ยนเพื่ออนาคต	O
_	O
#ลดเพราะรักษ์	O
_	O
#earthHour	O

หลังจาก	O
ดู	O
รอบ	O
แบทเทิล	O
ทุก	O
ทีม	O
จบ	O
_	O
จาก	O
ที่	O
เคย	O
คิด	O
ว่า	O
สมาชิก	O
ของ	O
แต่ละ	O
ทีม	O
แบ่ง	O
ตัว	O
โหด	O
ไม่	O
ค่อย	O
แฟร์	O
_	O
ตอน	O
นี้	O
เริ่ม	O
คิด	O
ว่า	O
เกม	O
มัน	O
สนุก	O
และ	O
สูสี	O
สัสๆ	NORM_2WORD
_	O
สมาชิก	O
รอบ	O
PlayOff	O
แต่ละ	O
ทีม	O
ไม่	O
น่าเกลียด	O
อะ	O
_	O
แล้ว	O
พวก	O
หน้าใหม่	O
ก็	O
เดือด	O
แทบ	O
ทุก	O
คน	O
_	O
แบบ	O
มึง	O
โชว์	O
สปิริต	O
ไม่	O
แพ้	O
พวก	O
มืออาชีพ	O
เลย	O
อะ	O
_	O
ชอบ	O
มาก	O
_	O
เล่น	O
เต็ม	O
แบบ	O
ไม่	O
มี	O
อะไร	O
จะ	O
เสีย	O
(	O
1	O
)	O
_	O
#TheRapper2	O

อิ	O
เหี้ย	O
กู	O
รัก	O
มึง	O
อิ	O
ดอก	O
มึง	O
ทำ	O
กู	O
ร้องไห้	O
หนัก	O
มาก	O
ใน	O
รอบ	O
5	O
ปี	O
นะ	O
จำ	O
ไว้	O
_	O
อิ	O
เหี้ย	O
รัก	O
แรก	O
ควายๆ	O
_	O
กู	O
เกลียด	O
เฟรน	O
โซน	O
_	O
กู	O
เกลียด	O
การแอบรัก	O
_	O
กู	O
เกลียด	O
ความรัก	O
_	O
แต่	O
กู	O
รัก	O
มึง	O
อิ	O
เหี้ย	O
_	O
พอ	O
จะ	O
จบ	O
ที	O
ไร	O
แม่ง	O
มี	O
แต่	O
คน	O
ถาม	O
ถึง	O
มึง	O
ตลอด	O
จะ	O
ไม่	O
ให้	O
นึก	O
ถึง	O
ได้	O
ไง	O
วะ	O
_	O
จะ	O
ตัดใจ	O
ตั้งแต่	O
แรกๆ	NORM_2WORD
ที่	O
มั่นใจ	O
ว่า	O
ชอบ	O
มึง	O
แล้ว	O
แต่	O
พอ	O
สนิท	O
มาก	O
ขึ้น	O
กู	O
ก็	O
ยิ่ง	O
ชอบ	O
จน	O
เริ่ม	O
รัก	O

ตอน	O
นี้	O
มี	O
ความ	O
ว่า	O
สนใจ	O
มาร์ก	NORM_1WORD
ตัว	O
นี่	NORM_1WORD
อยู่	O
_	O
อยาก	O
พรี	O
_	O
เห็น	O
รีวิว	O
มา	O
นาน	O
ละ	NORM_1WORD
_	O
หน้ากาก	O
ลด	O
สิว	O
_	O
ชื่อ	O
ว่า	O
_	O
Neutrogena	O
_	O
light	O
_	O
therapy	O
_	O
acne	O
_	O
mask	O
_	O
เห็น	O
ร้าน	O
ใน	O
แอพ	NORM_1WORD
สีส้ม	O
_	O
ราคา	O
1,800	O
-	O
2,900	O
เลย	O
_	O
แพง	O
ม้ากก	NORM_1WORD
_	O
เลย	O
ให้	O
พี่	O
เช็ค	NORM_1WORD
ราคา	O
ที่	O
เมกา	O
ให้	O
_	O
ไม่	O
แพง	O
ขนาด	O
นั้น	O
เด้ออ	NORM_1WORD
_	O
แค่	O
หลัก	O
พัน	O
ต้นๆ	O
เอง	O
จ้า	NORM_1WORD
_	O
#รีวิวสกินแคร์	O
_	O
#สิวหาย	O
_	O
#ไว้ขายของห้ามรีวิว	O
โว้ยย	NORM_1WORD

คือๆๆๆ	NORM_1WORD
_	O
แบบ	O
_	O
ตอน	O
นี้	O
วางแผน	O
_	O
จะ	O
ไป	O
เที่ยว	O
เสียมเรียบ	O
กะ	NORM_1WORD
พี่	O
_	O
ก็	O
เปิด	O
ๆ	O
_	O
ดู	O
รีวิว	O
ไป	O
_	O
ก็	O
เห็น	O
มี	O
วัด	O
นึง	NORM_1WORD
ชื่อ	O
ว่า	O
_	O
Ta	O
_	O
Prohm	O
_	O
คน	O
รีวิว	O
เค้า	NORM_1WORD
ถ่าย	O
รูป	O
ที่	O
มี	O
ต้นไม้	O
อยู่	O
บน	O
ปราสาท	O
มา	O
_	O
แต่	O
!!!!	O
_	O
ด้วย	O
ความอยากรู้	O
กู	O
เลย	O
เอา	O
ไป	O
เสิร์ช	O
_	O
ไอ่	NORM_1WORD
เหี้ยย	NORM_1WORD
!!	O
_	O
ขอ	O
ยาด	NORM_1WORD
พับ	O
เก็บ	O
โครงการ	O
เที่ยว	O
ทัน	O
ม้ะๆๆๆๆๆๆๆ	NORM_1WORD
_	O
น้องบ่เอาแล้วๆๆๆๆๆ	NORM_1WORD
_	O
ลอง	O
เอา	O
ไป	O
เสิร์ช	O
กัน	O
ดู	O
5555	O

#mindhunter	O
_	O
ภาพ	O
สวย	O
_	O
บาง	O
ส่วน	O
มา	O
จาก	O
เรื่อง	O
จริง	O
_	O
ช่วง	O
ยุค	O
ที่	O
_	O
FBI	O
_	O
ก่อตั้ง	O
แผนก	O
วิเคราะห์	O
ความคิด	O
และ	O
พฤติกรรม	O
ของ	O
ฆาตกร	O
_	O
ตอน	O
แรก	O
ที่	O
ไม่	O
ค่อย	O
มี	O
คน	O
ยอมรับ	O
การทำงาน	O
_	O
ตอน	O
นี้	O
เรา	O
เพิ่ง	O
ได้	O
ดู	O
ตอน	O
แรก	O
_	O
ชอบ	O
มาก	O
_	O
ให้	O
ความรู้สึก	O
ของ	O
_	O
David	O
_	O
Fincher	O
_	O
ใคร	O
เป็น	O
แฟน	O
_	O
ผกก	NORM_1WORD
_	O
ก็	O
ไม่	O
ควร	O
พลาด	O
_	O
เดียว	NORM_1WORD
รอ	O
ดู	O
จน	O
จบ	O
เดียว	NORM_1WORD
มา	O
รีวิว	O
อีก	O
ที	O
_	O
#NetflixReviewTH	O

ขอ	O
อนุญาต	O
เจ้าของ	O
คอมเมนท์	NORM_1WORD
ใน	O
พันทิป	O
นะ	O
คะ	O
_	O
อ่าน	O
แล้ว	O
ชอบ	O
ค่ะ	O
เลย	O
เซฟ	O
ต่อ	O
มา	O
จาก	O
ใน	O
TW	O
_	O
เขียน	O
ได้	O
น่ารัก	O
_	O
ทำให้	O
คนอ่าน	O
รู้	O
ว่า	O
_	O
#เป๊กผลิตโชค	O
_	O
เป็น	O
คน	O
น่ารัก	O
ขนาด	O
ไหน	O
_	O
มี	O
ความหลากหลาย	O
อยู่	O
ใน	O
ตัว	O
_	O
ไม่	O
เบื่อ	O
เลย	O
ที่	O
จะ	O
ติดตาม	O
ชีวิต	O
เค้า	NORM_1WORD
_	O
อยาก	O
รู้	O
ว่า	O
พรุ่งนี้	O
จะ	O
มี	O
สิ่ง	O
ดีๆ	NORM_2WORD
อะไร	O
นะ	O
เข้ามา	O
ใน	O
ชีวิต	O
อีก	O
_	O
เหมือน	O
หนังสือ	O
ที่	O
เรา	O
ยัง	O
อ่าน	O
ไม่	O
จบ	O
ค่ะ	O

อัน	O
นี้	O
เป็น	O
การบ่น	O
รอบ	O
ดึก	O
_	O
บ่น	O
โดย	O
ทั่วไป	O
_	O
ด้วย	O
ความอัดอั้นตันใจ	O
,	O
_	O
ออกตัว	O
แปะ	O
ป้าย	O
ก่อน	O
ไม่	O
ได้	O
การบ่น	O
นี้	O
ไม่	O
ได้	O
มี	O
เพื่อ	O
การบอก	O
ว่า	O
_	O
'	O
ดี	O
หรือ	O
ไม่	O
ดี	O
'	O
_	O
หรือ	O
ยกหาง	O
ตัวเอง	O
ว่า	O
เก่ง	O
,	O
_	O
ช่วง	O
ที่	O
ผ่าน	O
มา	O
เรา	O
แวะเวียน	O
อ่าน	O
นิยาย	O
วาย	O
ค่อนข้าง	O
เยอะ	O
_	O
ส่วน	O
มาก	O
เป็น	O
เรื่อง	O
ดัง	O
_	O
เรื่อง	O
ฮิต	O
_	O
แต่	O
เป็น	O
การอ่าน	O
แบบ	O
ฉาบฉวย	O
_	O
คือ	O
ไม่	O
ได้	O
ละเลียด	O
ไป	O
ที	O
ละ	O
บท	O
+	O

พี่	O
จินนี่	O
พูด	O
ตรงๆ	O
ว่า	O
เสียง	O
สูง	O
กว่า	O
นี้	O
ได้	O
อีก	O
_	O
พี่	O
เขา	O
เสียง	O
สูง	O
แบบ	O
ลอยๆ	O
_	O
แบบ	O
เวลา	O
ฟัง	O
จะ	O
หลอก	O
หู	O
คน	O
ได้	O
ดี	O
_	O
เทคนิค	NORM_1WORD
นี้	O
ไม่	O
ง่าย	O
นะ	O
บอก	O
เลย	O
_	O
แต่	O
สไตล์	O
จีมิน	O
เน้น	O
โหด	O
มาก	O
_	O
เข้ม	O
มาก	O
_	O
แบบ	O
ฟาด	O
เลย	O
_	O
ส่วน	O
จองกุก	O
นี่	O
เอาอยู่	O
หมด	O
_	O
แทฮยอง	O
หรอ	NORM_1WORD
_	O
กรี๊ดดดดด	NORM_1WORD
_	O
รอ	O
บิ๊กฮิ๊ต	O
ดึง	O
ทาเลนจ์	O
น้อง	O
มา	O
นาน	O
_	O
น้อง	O
ได้	O
พรสวรรค์	O
กับ	O
เสียง	O
นี้	O
ก็	O
ปู	O
ทาง	O
ให้	O
น้อง	O
_	O
รักส์	NORM_1WORD

#bnk48	O
_	O
ถ้า	O
การที่	O
bnk48	O
_	O
มี	O
ควีน	O
แก้ว	O
ตำแหน่ง	O
KING	O
_	O
เฌอ	O
น่า	O
จะ	O
เหมาะ	O
เพราะ	O
โดย	O
ตำแหน่ง	O
จะ	O
เป็น	O
ทาง	O
การสื่อสาร	O
กับ	O
คน	O
ภาย	O
นอก	O
_	O
เคร่งขรึม	O
เป็นการ	O
เป็นงาน	O
ไม่	O
มี	O
เล่นหัว	O
_	O
แค่	O
นาง	O
ไป	O
อัด	O
เสียง	O
sweet	O
_	O
call	O
_	O
ชุด	O
ใหม่	O
_	O
เป็น	O
มุกเสี่ยว	O
นาง	O
บอก	O
ทำ	O
เอา	O
อร	O
หน้า	O
แดง	O
_	O
นาง	O
บอก	O
ไม่	O
เอา	O
แล้ว	O
ไม่	O
ขอ	O
ทำ	O
อีก	O
_	O
จะ	O
หวัง	O
ให้	O
เล่น	O
ตลก	O
คง	O
ยาก	O
เพราะ	O
นาง	O
จะ	O
หัวเราะ	O
ซะ	NORM_1WORD
เอง	O

คนเรา	O
ควร	O
พูด	O
ความจริง	O
_	O
แต่	O
ไม่	O
จำเป็น	O
ต้อง	O
พูด	O
ทุกสิ่ง	O
ที่	O
ตัวเอง	O
คิด	O
ก็	O
ได้	O
_	O
จริง	O
ไหม	O
?	O
_	O
.	O
_	O
เพราะ	O
บางที	O
สิ่ง	O
ที่	O
คิด	O
_	O
มัน	O
ก็	O
ไม่	O
ได้	O
เป็น	O
ดัง	O
ฝัน	O
_	O
คนเรา	O
ต่าง	O
อยู่	O
โลก	O
แห่ง	O
ความเป็นจริง	O
_	O
ที่	O
บางที่	O
ที่	O
เรา	O
คิด	O
ว่า	O
มัน	O
เป็น	O
ที่	O
ของ	O
เรา	O
_	O
แต่	O
ใน	O
ความเป็นจริง	O
_	O
ที่	O
แห่ง	O
นั้น	O
อาจจะ	O
เป็น	O
ที่	O
ย่ำแย่	O
กว่า	O
เก่า	O
ก็	O
ได้	O
_	O
Thanot	O
_	O
#WhereWeBelong	O
_	O
#BNK48	O

ถ้า	O
หมอ	O
ตัดสินใจ	O
มูฟออน	O
แล้ว	O
_	O
อยาก	O
ให้	O
หมอ	O
สู้ๆ	O
นะ	O
ครับ	O
_	O
ลอง	O
อยู่	O
กับ	O
ตัวเอง	O
ดู	O
ก่อน	O
สัก	O
พัก	O
นึง	NORM_1WORD
_	O
ทั้ง	O
เรา	O
และ	O
เค้า	NORM_1WORD
ตอน	O
นี้	O
ก็	O
เสียใจ	O
พอๆ	O
กัน	O
_	O
เวลา	O
ที่	O
เรา	O
ต้อง	O
ไป	O
กิน	O
ข้าว	O
_	O
ดู	O
หนัง	O
_	O
ไป	O
ไหน	O
มา	O
ไหน	O
ด้วย	O
กัน	O
สอง	O
คน	O
_	O
ตอน	O
นี้	O
ต้อง	O
ไป	O
คน	O
เดียว	O
_	O
มัน	O
จะ	O
เหงาๆ	O
_	O
แต่	O
อยาก	O
ให้	O
หมอ	O
อยู่	O
กับ	O
ตัวเอง	O
จริงๆ	NORM_2WORD
นะ	O
_	O
อย่า	O
ไป	O
ดึง	O
ใคร	O
มา	O
เลย	O
_	O
#FriendZone	O
_	O
#friendzoneseries	O

ชอบ	O
นิยาย	O
เรื่อง	O
นี้	O
ก็	O
เพราะ	O
ว่า	O
_	O
เนื้อเรื่อง	O
สนุก	O
มากๆ	NORM_2WORD
มัน	O
ทำให้	O
ไม่	O
น่าเบื่อ	O
เลย	O
เวลา	O
อ่าน	O
_	O
การแต่ง	O
ของ	O
ไรท์	NORM_1WORD
คือ	O
ดี	O
มากๆ	NORM_2WORD
_	O
ชอบ	O
แนว	O
การแต่ง	O
แบบ	O
นี้	O
อยู่แล้ว	O
_	O
มัน	O
ดี	O
มากๆ	NORM_2WORD
เลย	O
_	O
ความคิด	O
ที่	O
จะ	O
แต่ง	O
ออก	O
มา	O
ยังไง	NORM_1WORD
ให้	O
ไม่	O
น่าเบื่อ	O
และ	O
ให้	O
มัน	O
สนุก	O
มัน	O
ยาก	O
มากๆ	NORM_2WORD
เลย	O
_	O
ถ้า	O
แต่ง	O
ไม่	O
ดี	O
มัน	O
จะ	O
ทำให้	O
ดู	O
น่าเบื่อ	O
ไป	O
เลย	O
_	O
แต่	O
ไรท์	NORM_1WORD
แต่ง	O
ดี	O
มาก	O
จริงๆ	NORM_2WORD
สนุก	O
มากๆ	O

ว่า	O
จะ	O
พิมพ์	O
อะไร	O
ลง	O
ไป	O
ดี	O
_	O
ยิ่ง	O
เห็น	O
นิยาย	O
ที่	O
เรา	O
เปิดๆ	O
_	O
ไว้	O
แล้ว	O
ไม่	O
มี	O
ความคืบหน้า	O
_	O
เรา	O
ก็	O
ยิ่ง	O
ท้อ	O
ค่ะ	O
_	O
คิด	O
ได้	O
แค่	O
ว่า	O
_	O
เหลือ	O
ตั้ง	O
เยอะ	O
จะ	O
แต่ง	O
จบ	O
ได้	O
ไง	O
_	O
อยาก	O
ปิด	O
ทุก	O
เรื่อง	O
จะ	O
ได้	O
ไม่	O
ต้อง	O
กังวล	O
อีก	O
_	O
แต่	O
สุดท้าย	O
ก็	O
ปิด	O
ไม่	O
ลง	O
_	O
เพราะ	O
ถ้า	O
แบบ	O
นั้น	O
_	O
นักอ่าน	O
ก็	O
อาจ	O
ไม่	O
มี	O
อะไร	O
อ่าน	O
(	O
ถึง	O
จะ	O
ยัง	O
ไม่	O
จบ	O
เป็น	O
ส่วนใหญ่	O
ก็	O
เถอะ	O
)	O
_	O
ท้าย	O
ที่สุด	O
ก็	O
เลย	O
(	O
4	O
)	O

#BNK48	O
_	O
ถ้า	O
เรา	O
รัก	O
แคป	O
_	O
จะ	O
ยืน	O
อยู่	O
มุม	O
ไหน	O
เรา	O
ก็	O
เห็น	O
แคป	O
ชัดเจน	O
_	O
จาก	O
ใจ	O
ตัน	O
โอชิ	O
เนย	O
_	O
ตอน	O
เพลง	O
คุกกี้	O
_	O
เรา	O
แทบ	O
หา	O
เนย	O
ไม่	O
เจอ	O
_	O
แต่	O
ไม่	O
เป็น	O
ประเด็น	O
_	O
เพราะ	O
เวลา	O
ดู	O
_	O
คน	O
ที่	O
รัก	O
เนย	O
ก็	O
เห็น	O
เนย	O
ชัดเจน	O
ที่สุด	O
อยู่ดี	O
_	O
อีก	O
อย่าง	O
ใน	O
_	O
MV	O
_	O
ตอน	O
ซีน	O
เฌอ	O
สวย	O
ทุก	O
ช็อต	O
_	O
ไม่	O
มี	O
พลาด	O
_	O
Impact	O
_	O
ใน	O
แต่ละ	O
วินาที	O
ที่	O
เฌอ	O
_	O
crossed	O
_	O
scence	O
_	O
คือดี	O
_	O
อลัง	NORM_1WORD
_	O
สง่า	O
_	O
สม	O
แคป	O

ประเทศ	O
ไทย	O
ปกครอง	O
_	O
มี	O
การเมือง	O
อัน	O
ลอกเลียน	O
/	O
อ้างอิง	O
จาก	O
ประเทศ	O
อังกฤษ	O
_	O
คือ	O
_	O
การเมือง	O
ใน	O
ระบอบ	O
รัฐสภา	O
_	O
อัน	O
มี	O
พระมหากษัตริย์	O
อัน	O
ทรงเป็น	O
ประมุข	O
_	O
จึง	O
เป็น	O
ช่องทาง	O
หนึ่ง	O
_	O
ให้	O
ประเทศ	O
ไทย	O
น้อมนำ	O
วัฒนธรรม	O
การแข่งขัน	O
กีฬา	O
ฟุตบอล	O
_	O
อย่าง	O
_	O
'	O
พรีเมียร์	O
ลึก	NORM_1WORD
'	O
_	O
จาก	O
ประเทศ	O
อังกฤษ	O
_	O
จึง	O
เป็นที่	O
นิยม	O
ทั่ว	O
ประเทศ	O
ไทย	O
_	O
โดยเฉพาะ	O
ชาย	O
ไทย	O
บ้า	O
บ้า	O
บอล	O
!	O

ผม	O
ขอบคุณ	O
ทุกคน	O
แหละ	O
ครับ	O
_	O
ถ้า	O
เกิด	O
ไม่	O
มี	O
ทุกคน	O
ผม	O
คิด	O
ว่า	O
คง	O
ไม่	O
มี	O
นิว	O
เกิด	O
มา	O
ตรง	O
นี้	O
_	O
ผม	O
พูด	O
ได้	O
เลย	O
ว่า	O
ผม	O
เกิด	O
มา	O
จาก	O
โซตัส	O
_	O
หลายๆ	NORM_2WORD
คน	O
เกิด	O
จาก	O
โซตัส	O
_	O
ถ้า	O
ไม่	O
มี	O
เรื่อง	O
นี้	O
ผม	O
ก็	O
คง	O
ไม่	O
ได้	O
มา	O
ยืน	O
ตรง	O
นี้	O
_	O
ไม่	O
มา	O
ทำ	O
คอนเสิร์ต	O
ไม่	O
ได้	O
มา	O
จัด	O
แฟนมีท	NORM_1WORD
ไม่	O
ได้	O
มา	O
เจอ	O
ทุกคน	O
ตรง	O
นี้	O
_	O
New_Thitipoom	O
_	O
ขอบคุณ	O
ซีรี่ย์	NORM_1WORD
เรื่อง	O
นี้	O
ทำให้	O
เรา	O
ได้	O
รู้จัก	O
นิววี่	O

รีวิว	O
ร้าน	O
บุฟเฟ่ต์	O
แซลมอน	O
ร้าน	O
หนึ่ง	O
ใน	O
ห้าง	O
แถว	O
สวนหลวง	O
จะ	O
บอก	O
ว่า	O
ซาชิมิ	O
แซลมอน	O
ไม่	O
อร่อย	O
_	O
แซลมอน	O
เนื้อ	O
ยุ่ย	O
เหมือน	O
ของ	O
เก่า	O
_	O
กัด	O
เข้า	O
ไป	O
ยัง	O
เป็น	O
น้ำแข็ง	O
อยู่	O
เลย	O
_	O
สี	O
ก็	O
ซีด	O
_	O
เชฟ	O
แล่	O
แซลมอน	O
ไม่	O
เป็น	O
_	O
ยำปลาแซลมอน	O
พอ	O
ได้	O
แต่	O
แซลมอน	O
ชิ้น	O
หนา	O
จน	O
ไม่	O
อร่อย	O
_	O
ซูชิ	O
ปลา	O
ซาบะ	O
เหม็น	O
น้ำส้มสายชู	O
_	O
แซลมอน	O
เบิร์น	O
อร่อย	O
ดี	O
_	O
โดย	O
รวม	O
_	O
#ไม่อร่อยอย่าแดก	O

1922	O
_	O
หนัง	O
อัน	O
นี้	O
ดัดแปลง	O
มา	O
จาก	O
นิยาย	O
ของ	O
สตีเฟ่น	O
คิง	O
_	O
ค่ะ	O
_	O
เรื่อง	O
คือ	O
ชาวไร่	O
คน	O
หนึ่ง	O
เขียน	O
จดหมาย	O
สารภาพ	O
ว่า	O
ฆ่า	O
เมีย	O
ตัวเอง	O
_	O
โดย	O
มี	O
ลูกชาย	O
คอย	O
ช่วย	O
ด้วย	O
_	O
ต่อ	O
จาก	O
นั้น	O
จึง	O
เกิด	O
เรื่อง	O
หลอนๆ	O
ตาม	O
มา	O
_	O
ซึ่ง	O
ส่วนตัว	O
เรา	O
ว่า	O
เรื่อง	O
นี้	O
ก็	O
ดี	O
อยู่	O
นะ	O
_	O
ถึง	O
ไม่	O
ได้	O
มี	O
ช่วง	O
ตกใจ	O
ตื่นเต้น	O
เหมือน	O
ที่	O
คิด	O
ไว้	O
ก่อน	O
ดู	O
_	O
แต่	O
เนื้อหา	O
ดี	O
เลย	O
_	O
#รีวิว	O
netflix	O

Considering	O
_	O
being	O
_	O
a	O
_	O
big	O
_	O
group,	O
_	O
every	O
_	O
sec	O
_	O
is	O
_	O
precious	O
,	O
_	O
yet	O
_	O
there's	O
_	O
still	O
_	O
wasted	O
_	O
shots	O
_	O
that	O
_	O
their	O
_	O
faces	O
_	O
aren't	O
_	O
that	O
_	O
clear	O
.	O
_	O
Personally	O
_	O
I'd	O
_	O
say	O
_	O
#AKB48	O
_	O
still	O
_	O
does	O
_	O
better	O
_	O
in	O
_	O
making	O
_	O
the	O
_	O
scenes	O
_	O
with	O
_	O
1-3	O
_	O
ppl	O
_	O
more	O
_	O
memorable	O
.	O
_	O
#BNK48	O
_	O
girls	O
_	O
did	O
_	O
very	O
_	O
well	O
_	O
as	O
_	O
you	O
_	O
guys	O
_	O
said	O
,	O
_	O
though	O
.	O
_	O
#BeginnerTH	O

การ์นิเย่	O
_	O
ซากุระไวท์	O
_	O
คือ	O
พึ่ง	NORM_1WORD
ได้	O
ลอง	O
เลย	O
_	O
วัน	O
ก่อน	O
นอน	O
น้อย	O
ตื่น	O
มา	O
แล้ว	O
ผิว	O
โทรมๆ	O
ซีดๆ	O
เลย	O
ทา	O
_	O
เขา	O
จะ	O
ปรับ	O
ผิว	O
เรา	O
ให้	O
สดใส	O
_	O
อมชมพู	O
ขึ้น	O
ทันที่	NORM_1WORD
แต่	O
ไม่	O
วอก	O
นะ	O
_	O
เป็น	O
_	O
#กันแดดสีชมพู	O
_	O
ไม่	O
เหนอะ	O
ดี	O
_	O
อัน	O
นี้	O
บำรุง	O
ผิว	O
ด้วย	O
แล้ว	O
ก็	O
กัน	O
แดด	O
ไป	O
ใน	O
ตัว	O
เดียว	O
เลย	O
_	O
มี	O
_	O
SPF	O
50	O
_	O
PA++++	O
_	O
ราคา	O
เบาๆ	O
_	O
25	O
_	O
บาท	O
_	O
มี	O
ขาย	O
ที่	O
_	O
7	O
/	O
11	O
นะ	O
_	O
#รีวิวเซเว่น	O
_	O
#ของดีบอกต่อ	O

#กมฟแชร์	O
_	O
มี	O
กิจกรรม	O
ดีๆ	NORM_2WORD
มา	O
ให้	O
คุณ	O
ลูกค้า	O
ที่	O
น่ารัก	O
ได้	O
ร่วม	O
สนุก	O
กัน	O
อีกแล้ว	O
ค่า	NORM_1WORD
_	O
กิจกรรม	O
นี้	O
มี	O
ชื่อ	O
ว่า	O
_	O
'	O
รีวิว	O
นี้	O
ให้	O
โชค	O
'	O
_	O
-	O
_	O
แจก	O
_	O
2	O
รางวัล	O
_	O
PINK	O
_	O
&	O
_	O
BLACK	O
_	O
SET	O
_	O
-	O
_	O
สำหรับ	O
ลูกค้า	O
ที่	O
รีวิว	O
สินค้า	O
โดย	O
ติด	O
แท็ก	O
_	O
#กมฟรีวิว	O
_	O
ตลอด	O
เดือน	O
พฤษภา	O
-	O
มิถุนา	O
_	O
-	O
_	O
1	O
ออเดอร์	NORM_1WORD
_	O
1	O
รีวิว	O
_	O
=	O
_	O
รับ	O
_	O
1	O
สิทธิ์	O
_	O
(	O
2	O
ออเดอร์	NORM_1WORD
_	O
2	O
รีวิว	O
_	O
=	O
_	O
2	O
สิทธิ์	O
)	O
_	O
(	O
มี	O
ต่อ	O
..	O
)	O

จอนอ	O
ยัง	O
ไมา	NORM_1WORD
ได้	O
แขวะ	O
_	O
candidates	O
_	O
(	O
ช่วย	O
ใช้	O
ให้	O
ถูก	O
ด้วย	O
จูเน่	O
ยัง	O
ไม่	O
ได้	O
เป็น	O
รุ่นน้อง	O
)	O
_	O
ตอน	O
ไหน	O
เลย	O
แค่	O
เตือน	O
สติ	O
โอตะ	O
ให้	O
กลับ	O
มา	O
คิด	O
บ้าง	O
_	O
ทำตัว	O
เหมือน	O
พวก	O
ได้	O
ใหม่	O
ละ	NORM_1WORD
ลืม	O
เก่า	O
ฉายา	O
นั้น	O
ก็	O
เป็น	O
ของ	O
เจนนิษฐ์	O
แต่	O
พวก	O
โอตะ	O
ขยะ	O
เสือก	O
เอา	O
ไป	O
ใช้	O
กับ	O
candidate	O
_	O
ที่	O
ชือ	NORM_1WORD
จูเน่	O
_	O
ละ	NORM_1WORD
เจนนิษฐ์	O
จะ	O
รู้สึก	O
ยังไง	NORM_1WORD
_	O
เคย	O
คิดถึง	O
ครส	NORM_1WORD
เมม	NORM_1WORD
_	O
#BNK48	O
_	O
บ้าง	O
มั้ย	NORM_1WORD

มี	O
เพื่อน	O
มี	O
แฟน	O
เป็น	O
ทอม	O
_	O
ที่	O
ตั้งแต่	O
คบ	O
กัน	O
ตั้งแต่	O
ม.	O
ต้น	O
จน	O
บัดนี้	O
_	O
และ	O
รัก	O
กัน	O
ดี	O
อยู่	O
_	O
กู	O
ชอบ	O
มากกกกกก	NORM_1WORD
_	O
เพราะ	O
มี	O
โมเม้นต์	O
หลาย	O
โมเม้นต์	O
ที่	O
กู	O
ร่วม	O
เห็น	O
และ	O
เป็น	O
กลจ	NORM_1WORD
ให้	O
ตั้งแต่	O
ตอน	O
นั้น	O
_	O
ยินดี	O
กับ	O
เพื่อน	O
มาก	O
_	O
แม้	O
ช่วง	O
ม.	O
ปลาย	O
จะ	O
ไม่	O
ได้	O
ขลุก	O
อยู่	O
ด้วย	O
กัน	O
_	O
จน	O
มหาลัย	NORM_1WORD
ก็	O
แยก	O
กัน	O
ไป	O
_	O
แต่	O
ติดตาม	O
อยู่	O
เสมอ	O
_	O
รัก	O
กัน	O
ดี	O
ดี	O
แบบ	O
นี้	O
ตลอด	O
ไป	O
นะ	O
_	O
ดี	O
จัง	O
_	O
)	O

อยาก	O
พูด	O
ถึง	O
การแกรด	O
ของ	O
_	O
#NamhomBNK48	O
_	O
สัก	O
หน่อย	O
_	O
ที่	O
มา	O
ประเด็น	O
ดราม่า	O
มาก	O
ว่า	O
สายฟ้าแลบ	O
และ	O
จัด	O
แบบ	O
ไม่	O
สม	O
ศักดิ์ศรี	O
_	O
เทียบ	O
กับ	O
ของ	O
คน	O
อื่น	O
ที่	O
แกรด	O
ไป	O
ดู	O
มี	O
เหตุผล	O
ชัด	O
หมด	O
_	O
ใช่	O
ค่ะ	O
_	O
น้อง	O
ไป	O
แบบ	O
ฉุกละหุก	O
ก็	O
จริง	O
_	O
แต่	O
การใช้	O
ตู้ปลา	O
เป็น	O
เสตจ	NORM_1WORD
จบ	O
เลย	O
_	O
แล้ว	O
คน	O
ที่	O
เพิ่ง	O
รู้	O
ข่าว	O
แกรด	O
วัน	O
นั้น	O
ละ	NORM_1WORD
_	O
ไป	O
ดู	O
เสตจ	NORM_1WORD
จบ	O
ไม่	O
ทัน	O
แล้ว	O
_	O
มัน	O
เศร้า	O
มาก	O
นะ	O
_	O
#bnk48	O

1	O
.	O
_	O
ควร	O
ลด	O
สิทธิ์	O
การซื้อ	O
บัตร	O
เหลือ	O
_	O
21	O
_	O
ตาม	O
เดิม	O
_	O
เพราะ	O
ปัญหา	O
_	O
คิว	O
ผี	O
_	O
2	O
.	O
_	O
ควร	O
จัด	O
ทำ	O
_	O
Full	O
_	O
Concert	O
_	O
DVD	O
_	O
Version	O
_	O
และ	O
ลง	O
_	O
Trailer	O
_	O
5	O
-	O
8	O
_	O
นาที	O
_	O
ใน	O
ช่องทาง	O
ต่างๆ	NORM_2WORD
_	O
3	O
.	O
_	O
ควร	O
ตรวจสอบ	O
_	O
ID	O
_	O
ของ	O
ผู้จอง	O
/	O
ผู้ซื้อ	O
ได้	O
_	O
ป้องกัน	O
การซื้อ	O
ซ้ำซ้อน	O
_	O
หรือ	O
_	O
ซื้อ	O
ไป	O
แล้ว	O
_	O
แต่	O
ยัง	O
มา	O
จอง	O
คิว	O
เพิ่ม	O
อีก	O
_	O
บาง	O
คน	O
ใส่	O
ชื่อ	O
ซ้ำ	O
_	O
(	O
4	O
_	O
ที่นั่ง	O
_	O
ชื่อ	O
เดียว	O
กัน	O
หมด	O
)	O
..	O

ริคุ	O
ขอ	O
อนุญาต	O
เปิด	O
รับ	O
ฟีดแบค	O
จาก	O
คุณผู้อ่าน	O
ที่	O
ซื้อ	O
หนังสือ	O
ไป	O
ค่ะ	O
_	O
โดย	O
มี	O
ของขวัญ	O
ตอบแทน	O
เล็กๆน้อยๆ	NORM_3PLUS
ให้	O
สำหรับ	O
ผู้	O
ที่	O
สละ	O
เวลา	O
มา	O
เขียน	O
ให้	O
_	O
นั่น	O
ก็	O
คือ	O
โปสเตอร์	O
ขนาด	O
A3	O
_	O
ของ	O
ฟิค	O
เรื่อง	O
นี้	O
_	O
โดย	O
จะ	O
มอบ	O
ให้	O
จำนวน	O
2	O
รางวัล	O
_	O
1	O
รางวัล	O
มา	O
จาก	O
การสุ่ม	O
_	O
ส่วน	O
อีก	O
รางวัล	O
มา	O
จาก	O
ผู้	O
ที่	O
อุตส่าห์	O
เขียน	O
รีวิว	O
มา	O
ยาวๆ	NORM_2WORD
แล้ว	O
ริคุ	O
ประทับใจ	O
ค่ะ	O
_	O
(	O
มี	O
ต่อ	O
)	O

DD	O
_	O
เหมือน	O
มะเร็ง	O
ร้าย	O
ครับ	O
_	O
ทุก	O
คน	O
มี	O
อยู่	O
ใน	O
ตัว	O
_	O
เพียง	O
แค่	O
รอ	O
จาก	O
การเก็บ	O
สะสม	O
อาหาร	O
(	O
รูป	O
/	O
ไลฟ์	O
เมม	O
)	O
ทั้ง	O
หลาย	O
แหล่	O
_	O
พอ	O
สะสม	O
มาก	O
ขึ้น	O
_	O
ก็	O
จะ	O
แพร่	O
กระจาย	O
(	O
ไป	O
ตาม	O
ไลน์	O
ต่างๆ	NORM_2WORD
)	O
อย่าง	O
ช้าๆ	NORM_2WORD
_	O
จึง	O
ต้องการ	O
คีโม	O
(	O
ตัน	O
โอชิ	O
)	O
มา	O
ยับยั้ง	O
เอา	O
ไว้	O
_	O
ซึ่ง	O
ใช้	O
เวลา	O
นาน	O
กว่า	O
จะ	O
หาย	O
กลับ	O
มา	O
ปกติ	O
เช่น	O
กัน	O
..	O
_	O
#BNK48	O
_	O
#DD	O
_	O
#รักษาตำแหน่งตันโอชิ	O
_	O
#CherprangBNK48	O

ขอบคุณ	O
รีวิว	O
เอ็กซ์ตรอว์ดินารี่	NORM_1WORD
ออยล์	O
_	O
จาก	O
คุณ	O
_	O
fernnnfernnfern	O
_	O
เพียง	O
ใช้	O
ทุก	O
ครั้ง	O
หลัง	O
เป่า	O
ผม	O
หมาดๆ	O
_	O
ผม	O
ก็	O
พริ้ว	NORM_1WORD
สวย	O
กว่า	O
ใคร	O
_	O
เนื้อออยล์	O
บางเบา	O
_	O
แต่	O
บำรุง	O
ล้ำลึก	O
ให้	O
ผม	O
นุ่มสลวย	O
_	O
จัด	O
ทรง	O
ง่าย	O
_	O
เพียง	O
หยิบ	O
ออยล์	O
มา	O
ลูบ	O
_	O
ผม	O
ก็	O
นุ่มสวย	O
ได้	O
ตลอด	O
ทั้ง	O
วัน	O
_	O
ตาม	O
หา	O
ไอเท็ม	O
เด็ด	O
ตัว	O
นี้	O
ได้	O
แล้ว	O
ที่	O
เซเว่น	O
_	O
#LOrealParisTH	O
_	O
#รีวิว	O
เซเว่น	O

ส่วนตัว	O
ใช้	O
น้ำหอม	O
ผู้ชาย	O
มา	O
ตลอด	O
_	O
เพราะ	O
ชอบ	O
ความนัว	O
_	O
เท่	O
_	O
จะ	O
มา	O
รีวิว	O
น้ำหอม	O
ผู้ชาย	O
ที่	O
เรา	O
ว่า	O
มัน	O
บลั่ก	O
อั่ก	O
อั่ก	O
มากๆ	NORM_2WORD
_	O
เริ่ม	O
ที่	O
_	O
John	O
_	O
Varvatos	O
_	O
Artisan	O
_	O
Aqua	O
_	O
กลิ่น	O
นี้	O
นั่ง	O
อยู่	O
ใน	O
รถ	O
กับ	O
เพื่อน	O
ผญ	NORM_1WORD
_	O
นาง	O
หัน	O
มา	O
ทำ	O
จมูก	O
ฟุดฟิด	O
_	O
แล้ว	O
สบถ	O
เหี้ยยยย	NORM_1WORD
_	O
โคตร	O
เซ็กซี่	O
_	O
หอม	O
สัสส	NORM_1WORD
_	O
ชอบ	O
มาก	O
_	O
จบ	O
เลย	O
_	O
กู	O
ก็	O
ชอบ	O
_	O
มัน	O
แบบ	O
_	O
ฟีล	O
หนุ่ม	O
เมดิเตอเรเนี่ยน	NORM_1WORD
มาก	O

แต่ง	O
นิยาย	O
มา	O
ประมาณ	O
เจ็ด	O
ปี	O
_	O
คือ	O
ไม่	O
ยอม	O
บอก	O
คน	O
ใน	O
บ้าน	O
_	O
เป็น	O
ความลับ	O
มา	O
ตลอด	O
_	O
เพราะ	O
แบบ	O
เวลา	O
เข้า	O
ร้าน	O
หนังสือ	O
_	O
คน	O
ใน	O
บ้าน	O
จะ	O
เดิน	O
ตาม	O
_	O
พอ	O
หยิบ	O
นิยาย	O
_	O
ก็	O
จะ	O
ไม่	O
ให้	O
อ่าน	O
_	O
ละ	O
ก็	O
ไล่	O
ไป	O
มุม	O
อื่น	O
_	O
ไม่	O
ให้	O
ซื้อ	O
ทั้งๆ	NORM_2WORD
ที่	O
เป็น	O
เงิน	O
ตัวเอง	O
_	O
จะ	O
เปิด	O
อ่าน	O
ก็	O
คือ	O
โดน	O
ด่า	O
_	O
รู้	O
เลย	O
ว่า	O
ที่บ้าน	O
แอนตี้	O
นิยาย	O
มาก	O
แค่	O
ไหน	O
_	O
แต่	O
น่าจะ	O
ปิด	O
ได้	O
ถึง	O
แค่	O
ปี	O
นี้	O
_	O
ตาย	O
แน่	O
...	O

ผลประกอบการ	O
การดู	O
ไลฟ์	O
พี่	O
เป้	O
วันนี้	O
...	O
ทำให้	O
ต้อง	O
กลับ	O
ไป	O
ดู	O
_	O
senpai	O
_	O
ตั้งแต่	O
อีพี	O
แรก	O
อ่ะ	NORM_1WORD
555	O
_	O
ดู	O
เพลิน	O
ยาวๆ	O
เลย	O
จ้า	NORM_1WORD
_	O
แต่	O
พอ	O
ได้	O
กลับ	O
ไป	O
ย้อน	O
ดู	O
_	O
ทำให้	O
รู้สึก	O
คิดถึง	O
วัน	O
เก่าๆ	O
_	O
วัน	O
แรกๆ	NORM_2WORD
ที่	O
ทุก	O
คน	O
เข้า	O
มา	O
ใน	O
วง	O
_	O
ทุก	O
คน	O
ต้อง	O
ใช้	O
ความพยายาม	O
มาก	O
กว่า	O
จะ	O
มา	O
ถึง	O
วันนี้	O
ได้	O
_	O
ขอบคุณ	O
BNK48	O
ที่	O
คอย	O
มอบ	O
ความสุข	O
ให้	O
กัน	O
เสมอ	O
มา	O
นะ	O
_	O
#PupeBNK48	O
_	O
#BNK48	O

ใน	O
ที่	O
สุด	O
ก็	O
ได้	O
ดู	O
ซะ	O
ที	O
_	O
#WhereWeBelong	O
_	O
กับ	O
รอบ	O
เกือบๆ	NORM_2WORD
สุดท้าย	O
_	O
หนัง	O
มี	O
ความคงเดช	O
สูง	O
มาก	O
_	O
อุดม	O
ไป	O
ด้วย	O
การแช่เฟรมเดิม	O
นานๆ	NORM_2WORD
_	O
คน	O
ที่	O
ไม่	O
ชิน	O
พาล	O
จะ	O
เบื่อ	O
เอา	O
ง่ายๆ	NORM_2WORD
_	O
ส่วน	O
ตัว	O
ชอบ	O
นะ	O
_	O
ดู	O
จบ	O
แล้ว	O
อารมณ์	O
ยัง	O
ค้าง	O
อยู่	O
_	O
ฉาก	O
ลอง	O
เทค	O
ของ	O
_	O
#JennisBNK48	O
_	O
ก็	O
ทำ	O
ได้	O
ดี	O
ที	O
เดียว	O
_	O
น้อง	O
คน	O
อื่นๆ	NORM_2WORD
ก็	O
โอเค	O
แต่	O
เนื่องจาก	O
บท	O
ไม่	O
ได้	O
เอื้อ	O
ให้	O
เท่าไหร่	O
_	O
#BNK48	O

(	O
ต่อ	O
)	O
_	O
ถึง	O
จะ	O
เปลี่ยน	O
ไดอา	O
มา	O
ร้อง	O
woowa	O
_	O
กระแส	O
ไดอา	O
ก้	NORM_1WORD
พุ่ง	O
แรง	O
มากๆ	NORM_2WORD
อยู่ดี	O
แบบ	O
เหมือน	O
อาจุมม่า	O
ใน	O
ตลาด	O
ปลา	O
ก้	NORM_1WORD
เปิด	O
woowa	O
ฟัง	O
กัน	O
ทุก	O
เช้า	O
_	O
เอา	O
ง่ายๆ	NORM_2WORD
คือ	O
เป็น	O
วง	O
แรก	O
ที่	O
สามารถ	O
เจาะ	O
ตลาด	O
คนสูงอายุ	O
ได้	O
_	O
เพื่อน	O
บอก	O
ว่า	O
คน	O
เต้น	O
เพลง	O
นี้	O
ได้	O
เกือบ	O
ทั้ง	O
ประเทด	NORM_1WORD
_	O
แบบ	O
ไป	O
นั่ง	O
คาเฟ่	O
ไหน	O
ก้	NORM_1WORD
เปิด	O
แต่	O
ไดอา	O
_	O
อี	O
เกา	O
ขนาน	O
นาม	O
ไดอา	O
ว่า	O
_	O
ลูกรัก	O
แห่ง	O
โชซอน	O
เลย	O
อะ	O

เขียน	O
กลับ	O
ได้	O
ไหม	O
เนี่ย	NORM_1WORD
_	O
ได้	O
ไม่	O
ได้	O
ก็	O
คือ	O
เขียน	O
แล้ว	O
นะ	O
_	O
เธอ	O
เหมือน	O
เด็ก	O
อะ	O
เวลา	O
คุย	O
ด้วย	O
_	O
ดู	O
งุ้งงิ้งๆๆๆๆๆ	NORM_1WORD
_	O
แต่	O
พอ	O
ร้อง	O
เพลง	O
ก็	O
จะ	O
เป็น	O
คน	O
ละ	O
คน	O
ไป	O
เลย	O
_	O
ดู	O
หล่อ	O
_	O
น่าหลงใหล	O
มาก	O
_	O
เวลา	O
เธอ	O
บ่น	O
มัน	O
แบบ	O
เหมือน	O
แมว	O
ขู่	O
_	O
น่ารัก	O
_	O
5555	O
_	O
เธอ	O
ก็	O
เป็น	O
คน	O
ที่	O
ขยัน	O
มาก	O
นะ	O
_	O
ทุก	O
คน	O
ใน	O
ทีม	O
ขยัน	O
หมด	O
เลย	O
นั่นแหละ	O
_	O
เห็น	O
บอก	O
ช่วง	O
นี้	O
เหนื่อย	O
สู้ๆ	O
_	O
keep	O
_	O
fighting	O

เสียดาย	O
งาน	O
JOOX	O
_	O
#BNK48	O
_	O
แค่	O
ประกาศ	O
รางวัล	O
_	O
ถ้า	O
มี	O
โชว์	O
ต้อง	O
มา	O
แบบ	O
เซม	O
16	O
คน	O
_	O
ถึง	O
เวลา	O
นั้น	O
_	O
เรา	O
คง	O
ตาย	O
ตา	O
หลับ	O
แล้ว	O
_	O
ทั้ง	O
ชราไลน์	O
และ	O
ลูก	O
แม่	O
4	O
คน	O
ใน	O
งาน	O
เดียว	O
กัน	O
_	O
#JanChan	O
_	O
#CanNayika	O
_	O
#maysa_officially	O
_	O
#kidcatmew	O
_	O
#cincinirada	O
_	O
#CherprangBNK48	O
_	O
#JennisBNK48	O
_	O
#MusicBNK48	O
_	O
#MobileBNK48	O
_	O
#JaneBNK48	O
_	O
#OrnBNK48	O
_	O
#NoeyBNK48	O

รีวิว	O
แบบ	O
ไม่	O
อวย	O
_	O
(	O
แต่	O
ก็	O
อวย	O
นิดนึง	NORM_1WORD
)	O
_	O
-	O
เนื้อเรื่อง	O
ไม่	O
ได้	O
หลุด	O
ไป	O
จาก	O
ที่	O
คิด	O
ไว้	O
เท่าไหร่	O
แต่	O
บิด	O
เรื่อง	O
ดี	O
ลง	O
ดีเทล	O
ใน	O
บาง	O
เรื่อง	O
ที่	O
คาด	O
ไม่	O
ถึง	O
_	O
-	O
ยัง	O
เรียก	O
น้ำตา	O
ได้	O
อยู่	O
แต่	O
ไม่	O
เท่า	O
ภาคแรก	O
_	O
-	O
ยิ้ม	O
ได้	O
ทั้ง	O
น้ำตา	O
_	O
**	O
คยองซู	O
พัฒนา	O
ขึ้น	O
เยอะ	O
มาก	O
_	O
น่า	O
จะ	O
เป็น	O
การแสดง	O
ที่	O
ดี	O
ที่สุด	O
แล้ว	O
ถ้า	O
เทียบ	O
กับ	O
บท	O
อื่นๆ	NORM_2WORD
ที่	O
ผ่าน	O
มา	O
_	O
#AlongWithTheGods2	O

ตอน	O
ปอ	NORM_1WORD
หก	O
เรา	O
แต่ง	O
กลอน	O
จำ	O
ไม่	O
ได้	O
ว่า	O
วัน	O
อะไร	O
ได้	O
ที่	O
1	O
_	O
ครู	O
ภาษา	O
ไทย	O
เดิน	O
มา	O
พูด	O
กับ	O
เรา	O
ว่า	O
คุณ	O
แม่	O
แต่ง	O
กลอน	O
เก่ง	O
มาก	O
ค่ะ	O
_	O
เรา	O
ก็	O
บอก	O
ป่าว	NORM_1WORD
_	O
เรา	O
แต่ง	O
เอง	O
_	O
เค้า	NORM_1WORD
ก็	O
แบบ	O
ไม่เป็นไรๆ	O
_	O
ฝาก	O
บอก	O
คุณ	O
แม่	O
ว่า	O
แต่ง	O
เก่ง	O
มาก	O
_	O
เรา	O
คือ	O
งง	O
เลย	O
_	O
ว่า	O
เอา	O
อะไร	O
มา	O
ตัดสิน	O
อ่ะ	NORM_1WORD
_	O
นี่	O
คือ	O
คน	O
เป็น	O
ครู	O
นะ	O
_	O
ถ้า	O
เรา	O
เป็น	O
เด็ก	O
ขี้นอยด์	O
ป่าน	O
นี้	O
เรา	O
เสีย	O
ความมั่นใจ	O
ไป	O
แล้ว	O
อ่ะ	NORM_1WORD

ไป	O
นั่ง	O
มอง	O
เค้า	NORM_1WORD
ยิ้ม	O
มอง	O
เค้า	NORM_1WORD
หัวเราะ	O
มอง	O
เค้า	NORM_1WORD
ร้อง	O
เพลง	O
มอง	O
เค้า	NORM_1WORD
เต้น	O
มอง	O
เค้า	NORM_1WORD
แสดง	O
ละคร	O
ให้	O
ดู	O
มอง	O
จินยอง	O
กู	O
คง	O
ฟิน	O
ตาย	O
ใน	O
นั้น	O
แน่ๆ	NORM_2WORD
_	O
ใคร	O
จะ	O
คิด	O
เมน	O
ชั้น	NORM_1WORD
จะ	O
มี	O
มีต	O
เดี่ยว	O
ที่	O
รอคอย	O
_	O
ฟิน	O
แล้ว	O
นะ	O
_	O
อย่า	O
นก	O
นะ	O
ขอร้อง	O
_	O
อยาก	O
เห็น	O
ความหล่อ	O
ผัว	O
แบบ	O
ใกล้ๆ	NORM_2WORD
ไม่	O
ได้	O
เจอ	O
มา	O
นาน	O
_	O
หนู	O
รัก	O
พี่	O
นะ	O
คะ	O
_	O
หนู	O
จะ	O
ทำ	O
ทุก	O
อย่าง	O
เพื่อ	O
นั่ง	O
ใน	O
งาน	O
ให้	O
ได้	O
_	O
#HeIsPsychometric	O

ไป	O
อ่าน	O
ข้อความ	O
เก่า	O
ของ	O
เพื่อน	O
มา	O
พบ	O
ว่า	O
_	O
คุย	O
อย่าง	O
กับ	O
เขา	O
เปง	NORM_1WORD
เมีย	O
.....	O
แบบ	O
อะไร	O
คือ	O
กุ	NORM_1WORD
เล่า	O
เรื่อง	O
ผี	O
ใน	O
นาง	O
_	O
นาง	O
ก็	O
เล่า	O
ต่อ	O
อีก	O
_	O
ไหน	O
จะ	O
ถาม	O
ตอน	O
เช้า	O
ว่า	O
ถึง	O
ม.	O
ยัง	O
_	O
ไหน	O
จะ	O
บอก	O
ฝัน	O
ดี	O
_	O
เอ๊ะ	O
_	O
ปี	O
ก่อน	O
เรา	O
ด้าน	O
ขนาด	O
นั้น	O
เลย	O
เรอะ	NORM_1WORD
_	O
ถาม	O
ว่า	O
ตอน	O
นี้	O
คุย	O
ได้	O
เท่า	O
นั้น	O
ไหม	O
ตอบ	O
ว่า	O
ยาก	O
...	O
ฮรือ	O
_	O
แต่	O
สนุก	O
จริง	O
นะ	O
_	O
เสียดาย	O
อยู่	O
กว่า	O
จะ	O
เจอ	O
คน	O
ที่	O
คุย	O
ได้	O
แบบ	O
นั้น	O

36	O
.	O
#เงาdt	O
_	O
น้ำตา	O
มา	O
เป็น	O
ถัง	O
เลย	O
จ้า	O
_	O
ตอน	O
เลือก	O
อ่าน	O
ไม่	O
ได้	O
อ่าน	O
รีวิว	O
_	O
แล้ว	O
ไม่	O
คิด	O
ว่า	O
มัน	O
จะ	O
เศร้า	O
ขนาด	O
นี้	O
_	O
ไม่	O
ได้	O
เตรียม	O
ใจ	O
ไว้	O
เลย	O
_	O
บีบ	O
ใจ	O
สุดๆ	O
_	O
โดยอง	O
มี	O
แฝด	O
_	O
ละ	O
แฝด	O
น้อง	O
ที่	O
เป็น	O
แฟน	O
กับ	O
เตนล์	O
เสีย	O
_	O
แฝด	O
พี่	O
เลย	O
สวม	O
ตัว	O
เข้า	O
มา	O
ดูแล	O
เตนล์	O
แทน	O
เพราะ	O
น้อง	O
ขอ	O
ไว้	O
_	O
โดย	O
ที่	O
เตนล์	O
ไม่	O
รู้	O
ว่า	O
แฟน	O
จริงๆ	NORM_2WORD
เสีย	O
แล้ว	O
_	O
แฝด	O
พี่	O
ก็	O
ดัน	O
เผลอ	O
ใจ	O
ไป	O
รัก	O
เตนล์	O
อีก	O

(	O
รีวิว	O
)	O
_	O
ตัว	O
ที่	O
_	O
2	O
_	O
ที่	O
กำลัง	O
เริ่ม	O
ใช้	O
ของ	O
_	O
The	O
ordinary	O
.	O
_	O
วิตามิน	O
ซี	O
เข้มข้น	O
เว่อออร์	NORM_1WORD
_	O
สะใจ	O
ตอน	O
ทา	O
แล้ว	O
มัน	O
ยิบๆ	O
_	O
5555	O
_	O
ตัว	O
นี้	O
ค่อนข้าง	O
ไม่	O
เหมาะ	O
กัน	NORM_1WORD
คน	O
หน้า	O
มัน	O
_	O
เพราะ	O
ทา	O
เสร็จ	O
แล้ว	O
มัน	O
ได้	O
อีก	O
_	O
ห้าม	O
ทา	O
พร้อม	O
_	O
niacinamide	O
_	O
ด้วย	O
_	O
เค้า	NORM_1WORD
เคลม	O
ว่า	O
ช่วย	O
เรื่อง	O
ความกระจ่างใส	O
_	O
ลด	O
รอย	O
สิว	O
_	O
ขอ	O
ลอง	O
อีก	O
ซัก	NORM_1WORD
พัก	O
ว่า	O
เวิร์ค	NORM_1WORD
จริง	O
ไหม	O
_	O
#theordinary	O

วันนี้	O
แฮปปี้	NORM_1WORD
มี	O
ความสุข	O
_	O
งาน	O
เข้า	O
แน่น	O
มากๆ	NORM_2WORD
_	O
ทั้ง	O
_	O
#ลูกค้าดูดวง	O
_	O
ตั้งแต่	O
เช้า	O
จรด	O
เย็น	O
_	O
#ลูกค้าเปลี่ยนเบอร์มงคลเสริมดวง	O
_	O
หลายเบอร์	O
_	O
เลย	O
มี	O
เงิน	O
_	O
พา	O
แม่	O
และ	O
น้อง	O
พีร์	O
_	O
มา	O
กิน	O
สเต็ก	O
อร่อยๆ	O
มาๆ	O
_	O
มา	O
กิน	O
ด้วย	O
กัน	O
ครับ	O
_	O
#ดูดวง	O
_	O
#ดูฮวงจุ้ย	O
_	O
#สอนไพ่	O
_	O
#เบอร์มงคลเสริมดวง	O
_	O
สนใจ	O
_	O
#ดูดวงแม่นๆ	O
_	O
โทร.	O
0949697829	O
_	O
ไลน์	O
_	O
aumyantep2424	O

1.	O
วินเซนต์	O
_	O
2.	O
ชอบ	O
เพราะ	O
วินเซนต์	O
มี	O
เสน่ห์	O
มาก	O
ทั้ง	O
ด้าน	O
ความคิด	O
ความฉลาด	O
อ่าน	O
เกมส์	NORM_1WORD
และ	O
วาง	O
เกมส์	NORM_1WORD
เก่ง	O
เช่นกัน	O
รัก	O
ครอบครัว	O
และ	O
ซื่อสัตย์	O
กับ	O
ความรัก	O
และ	O
มี	O
ความเป็น	O
ผู้นำ	O
สูง	O
_	O
3.	O
นิยาย	O
เรื่อง	O
คือ	O
ให้	O
หลาย	O
แง่มุม	O
ใน	O
ด้าน	O
ความรัก	O
ของ	O
ทั้ง	O
มิลิน	O
และ	O
วินเซนต์	O
สถาบันครอบครัว	O
และ	O
แง่มุม	O
สะท้อน	O
สังคม	O
ของ	O
ความเป็น	O
จริง	O
_	O
4.	O
ไม่	O
ต้อง	O
ปรับ	O
ค่ะ	O

นั่ง	O
ทำ	O
งาน	O
จริงๆ	NORM_2WORD
_	O
นั่นแหละ	O
_	O
/	O
ทวิต	O
เรา	O
มัน	O
ไม่	O
ใช่	O
_	O
official	O
_	O
อะไร	O
นี่	O
_	O
จะ	O
หวีด	O
รีวิว	O
แนะนำ	O
นิยาย	O
อะไร	O
ก็	O
เป็น	O
งานอดิเรก	O
ทั้งนั้น	O
_	O
มัน	O
เป็น	O
แอค	NORM_1WORD
ส่วนตัว	O
_	O
เรา	O
จะ	O
หวีด	O
นิยาย	O
ช่วง	O
นึง	NORM_1WORD
แล้ว	O
เปลี่ยน	O
ไป	O
หวีด	O
อย่าง	O
อื่น	O
บ้าง	O
ก็	O
ได้	O
นี่	O
นา	NORM_1WORD
_	O
ทุก	O
คน	O
มี	O
ทางเลือก	O
ถ้า	O
รำคาญ	O
ไม่	O
อยาก	O
เห็น	O
ก็	O
แค่	O
_	O
mute	O
_	O
หรือ	O
_	O
block	O
_	O
ไป	O
_	O
ไม่	O
ได้	O
ไป	O
ฝืนใจ	O
ใคร	O
ให้	O
ตาม	O
เรา	O
นี่	O
นา	NORM_1WORD

เรื่อง	O
ต่อ	O
แถว	O
ส่ง	O
น้อง	O
นี่	O
บ่น	O
ไป	O
ใน	O
กรุ๊ป	O
ใหญ่	O
คุณ	O
ตะพาบ	O
กรุ๊ป	O
นึง	O
ไป	O
ตั้งแต่	O
ยุค	O
บรรพกาล	O
_	O
ตั้งแต่	O
มี	O
ตู้	O
ปลา	O
ครั้งแรกๆ	O
แล้ว	O
_	O
แต่	O
ก็	O
โดน	O
ตอก	O
กลับ	O
มา	O
_	O
รู้	O
ว่า	O
มัน	O
ห้าม	O
ใจ	O
ตัวเอง	O
ยาก	O
อยาก	O
ใกล้	O
ชิด	O
เมม	O
_	O
ตอน	O
นี้	O
เป็น	O
ไง	O
ล่ะ	O
_	O
มี	O
มือ	O
ที่	O
มอง	O
ไม่	O
เห็น	O
เอื้อม	O
มา	O
เกือบ	O
โดน	O
อ๊ป	O
ไป	O
_	O
ถ้า	O
ต่อไป	O
เป็น	O
เฮทเตอร์	O
แทน	O
พวก	O
โม่ย	O
ล่ะ	O
ฮึ	O
_	O
ปล	O
_	O
แต่	O
กู	O
ก็	O
ต่อ	O
แหละ	O
บิบิ	O
_	O
#	O
bnk48	O

เอา	O
ตรงๆ	O
ติ่ง	O
ฮิ	O
ไม่	O
อาย	O
บ้าง	O
หรอ	NORM_1WORD
มา	O
ว่า	O
ซากุระ	O
ไร้	O
ประโยชน์	O
อะ	O
ช่วย	O
คน	O
ใน	O
หมู่บ้าน	O
ตั้ง	O
เยอะ	O
เป็น	O
หนึ่ง	O
ใน	O
ผู้	O
ร่วม	O
กอบกู้	O
สงคราม	O
ตั้ง	O
คลีนิก	NORM_1WORD
เพื่อ	O
ฟื้นฟู่	NORM_1WORD
จิตใจ	O
เด็กๆ	NORM_2WORD
ทำ	O
ประโยชน์	O
ให้	O
หมู่บ้าน	O
ตั้ง	O
เยอะ	O
ตัด	O
มา	O
ที่	O
ฮิ	O
แทบ	O
ไม่	O
ได้	O
ทำ	O
ไร	NORM_1WORD
เลย	O
นอกจาก	O
เรียก	O
_	O
นารูโตะคูง	O
ฉัน	O
รัก	O
นารูโตะคุง	O
แค่	O
นี้	O
หละ	NORM_1WORD
ขอโทษ	O
พยายาม	O
หา	O
ความมี	O
_	O
ปย.	NORM_1WORD
ของ	O
ฮิ	O
นะ	O
แต่	O
มัน	O
ไม่	O
มี	O

ส่วนตัว	O
ชอบ	O
หนัง	O
แนว	O
นี้	O
อยู่	O
_	O
แรกๆ	NORM_2WORD
ที่	O
ดู	O
คิด	O
ว่า	O
หนังผี	O
_	O
มี	O
ความฝันร้าย	O
ผี	O
กัด	O
คอ	O
งี้	NORM_1WORD
_	O
คิด	O
ว่า	O
ดู	O
ผิด	O
เรื่อง	O
_	O
แต่	O
ด้วย	O
ความหนัง	O
เกาหลี	O
ก็	O
ไม่	O
ได้	O
ทำให้	O
ผิดหวัง	O
_	O
เรา	O
คิด	O
ว่า	O
ใน	O
เรื่อง	O
มัน	O
เล่า	O
ถึง	O
ความผิดหวัง	O
สิ้นหวัง	O
อ่ะ	NORM_1WORD
_	O
ก็	O
ด้วย	O
แนวเรื่อง	O
ของ	O
หนัง	O
อยู่	O
แล้ว	O
ด้วย	O
ที่	O
เป็น	O
แนว	O
สืบสวน	O
สอบสวน	O
เลย	O
เป็น	O
พอร์ต	NORM_1WORD
เรื่อง	O
ที่	O
แก้แค้น	O
อะไร	O
ประมาณ	O
นี้	O

รีวิวๆ	O
_	O
ใคร	O
อยาก	O
แต่ง	O
หน้า	O
เหมือน	O
ไม่	O
ได้	O
แต่ง	O
_	O
แนะนำ	O
_	O
Pond's	O
_	O
Tone	O
_	O
up	O
_	O
สูตร	O
น้ำนม	O
ตัว	O
นี้	O
เด้อ	O
_	O
ปรับ	O
ผิว	O
ให้	O
ดู	O
กระจ่างใส	O
_	O
กระชับ	O
รูขุมขน	O
สุดๆ	O
_	O
เบลอ	O
จุดด่างดำ	O
ไปอีกกก	NORM_1WORD
_	O
ปกติ	O
ดี	O
อ่ะ	NORM_1WORD
ใช้	O
เป็น	O
รองพื้น	O
ก่อน	O
แต่ง	O
หน้า	O
ก็	O
ได้	O
เด้อ	O
_	O
ราคา	O
น่ารัก	O
มากเวอร์	O
_	O
ซอง	O
ละ	O
20	O
฿	O
_	O
เอง	O
แก๊กกก	NORM_1WORD
พิกัด	O
เซเว่น	O
เลย	O
จ้า	NORM_1WORD
_	O
#ไว้รีวิวห้ามขายของ	O
โว้ยย	NORM_1WORD
_	O
#รีวิว	O
เซเว่น	O

จริงๆ	O
ผู้กำกับ	O
ไม่น่า	O
ใส่	O
ฉาก	O
รัก	O
บริแอน	O
เจมี่	O
เลย	O
_	O
ให้	O
รัก	O
กัน	O
ใสใจ	NORM_1WORD
แล้ว	O
เจมี่	O
กลับ	O
ไป	O
หา	O
เซอซี	O
ดี	O
กว่า	O
_	O
นี่	O
ว่า	O
นาง	O
รัก	O
2	O
คน	O
พร้อม	O
กัน	O
_	O
แต่	O
รัก	O
กับ	O
เซอซี	O
มัน	O
เหมือน	O
ถูก	O
ดึง	O
ลง	O
น้ำ	O
_	O
ส่ง	O
นรัก	NORM_1WORD
บริแอน	O
เหมือน	O
ว่าย	O
ขึ้น	O
ไป	O
หา	O
อากาศ	O
_	O
แต่	O
สุดท้าย	O
ก็	O
เลือก	O
โดด	O
น้ำ	O
เอง	O
_	O
นี่	O
ว่า	O
นาง	O
ทิ้ง	O
เซอซี่	O
ไม่	O
ได้	O
จริงๆ	NORM_2WORD
_	O
ขนาด	O
เชีย	NORM_1WORD
บริแอน	O
_	O
ตอน	O
คน	O
คิด	O
ว่า	O
เจมี่	O
จะ	O
กลับ	O
ไป	O

เอา	O
จริงๆ	NORM_2WORD
แล้ว	O
พี่	O
อึดอัด	O
หลายๆ	NORM_2WORD
อย่าง	O
เลย	O
แหละ	O
_	O
ไม่ว่า	O
จะ	O
เป็น	O
เรื่อง	O
โพ	O
ที่	O
ใครๆ	O
บอก	O
โพ	O
ไม่	O
สำคัญ	O
มัน	O
ไม่	O
จริง	O
แต่	O
ที่	O
จริง	O
มัน	O
สำคัญ	O
กับ	O
พี่	O
มากๆ	NORM_2WORD
นะ	O
แรกๆ	O
เรา	O
อาจ	O
จะ	O
ยอม	O
กัน	O
ได้	O
แหละ	O
ว่า	O
ใคร	O
จะ	O
เป็น	O
เมีย	O
_	O
แต่	O
พอ	O
เวลา	O
ผ่าน	O
ไป	O
มัน	O
จะ	O
รู้สึก	O
อึดอัด	O
_	O
ข้อ	O
นี้	O
ใคร	O
เป็น	O
เมะ	O
มา	O
ก่อน	O
จะ	O
เข้าใจ	O
_	O
ว่า	O
เรา	O
ก็	O
อยาก	O
มี	O
เมีย	O
น่ารักๆ	O
งุ้งงิ้งๆ	O
ซึ่ง	O
พี่	O
เป็น	O
ไม่	O
ได้	O
-	O

มัน	O
เคย	O
มี	O
โมเมนต์	O
หนึ่ง	O
ที่	O
ไม่รู้	O
สึก	O
เหงา	O
เลย	O
_	O
เพราะ	O
มี	O
ซีรี่ส์	NORM_1WORD
อยู่	O
เป็น	O
เพื่อน	O
_	O
>	O
>	O
วัน	O
เสาร์	O
-	O
อาทิตย์	O
_	O
#MemoriesOfTheAlhambra	O
_	O
>	O
>	O
วัน	O
จันทร์	O
-	O
อังคาร	O
_	O
#LessThanEvil	O
_	O
>	O
>	O
วัน	O
พุธ	O
-	O
พฤหัส	O
_	O
#childrenofnobody	O
_	O
>	O
>	O
วัน	O
ศุกร์	O
-	O
เสาร์	O
_	O
#SKYCastle	O
_	O
แต่	O
ตอน	O
นี้	O
ซีรี่ส์	NORM_1WORD
ทยอย	O
จบ	O
หมด	O
เลยยยย	NORM_1WORD
_	O
ฮือออ	NORM_1WORD
_	O
เคว้ง	O
เลย	O
กู	O
_	O
ไม่	O
รู้	O
จะ	O
หา	O
เรื่อง	O
ไหน	O
ดู	O
ดี	O

ชื่นชม	O
คุณ	O
หนู	O
_	O
#KateBNK48	O
_	O
มากๆ	NORM_2WORD
_	O
ผ่าน	O
ไป	O
2	O
สัปดาห์	O
เอง	O
มั้ง	O
จาก	O
ที่	O
คุณ	O
หนู	O
ขึ้น	O
สเตจ	O
ครั้ง	O
แรก	O
_	O
รอบ	O
นี้	O
เห็น	O
พัฒนาการ	O
ชัด	O
_	O
ไม่	O
ค่อย	O
เกร็ง	O
แล้ว	O
_	O
ยิ้มแย้ม	O
ขึ้น	O
_	O
ดู	O
มี	O
ความสุข	O
ตลอด	O
_	O
คน	O
ดู	O
ก็	O
มี	O
ความสุข	O
ตาม	O
ไป	O
ด้วย	O
นะ	O
คะ	O
_	O
มี	O
eye	O
_	O
contact	O
ดี	O
ขึ้น	O
_	O
ท่อน	O
ร้อง	O
เดี่ยว	O
ก็	O
ชัด	O
ถ้อย	O
ชัด	O
คำ	O
มั่นใจ	O
ดี	O
_	O
แต่	O
ยัง	O
ติด	O
ยืน	O
หลัง	O
ค่อม	O
อยู่	O
บ้าง	O
บาง	O
ช่วง	O
นะ	O
คะ	O
_	O
#BNK48	O

รีวิว	O
_	O
เธีย	NORM_1WORD
สเตจ	O
วันเกิด	O
ปัญ	O
_	O
.	O
_	O
.	O
_	O
.	O
_	O
.	O
_	O
.	O
_	O
.	O
_	O
.	O
_	O
.	O
_	O
.	O
_	O
.	O
_	O
.	O
_	O
.	O
_	O
.	O
_	O
.	O
_	O
.	O
_	O
ข้า	O
รีวิว	O
ไม่	O
ได้	O
_	O
เปิด	O
ม่าน	O
มา	O
ข้า	O
ก็	O
ช็อค	NORM_1WORD
กะ	NORM_1WORD
ทรงผม	O
_	O
เอ็ง	O
_	O
#JennisBNK48	O
_	O
แล้ว	O
สมอง	O
ก็	O
โล่ง	O
ไป	O
เลย	O
ใน	O
ใจ	O
แบบ	O
_	O
น้องงงงง	NORM_1WORD
_	O
น้องง	NORM_1WORD
น่ารักก	NORM_1WORD
ใจ	O
ข้า	O
ฟิ้ววววว	NORM_1WORD
_	O
ไป	O
แล้ววว	NORM_1WORD
ใจลอย	O
ไป	O
หา	O
เอ็ง	O
แล้ววว	NORM_1WORD
_	O
คามงคามิ	O
ไม่	O
ได้	O
มอง	O
เลย	O
ช่วง	O
แรก	O
_	O
บ้าบอออ	NORM_1WORD
_	O
ตัดสินใจ	O
แล้ว	O
ข้า	O
โอชิ	O
เอ็ง	O
ก้	NORM_1WORD
ได้	O
_	O
ยอม	O
แล้วว	NORM_1WORD

ไหนๆ	NORM_2WORD
ก็	O
ว่าง	O
_	O
จะ	O
มา	O
รีวิว	O
สูตร	O
ขัด	O
ผิว	O
ใน	O
ตำนาน	O
เด้อออ	NORM_1WORD
_	O
4	O
สิ่ง	O
ที่	O
ใช้	O
คือ	O
_	O
ขมิ้น	O
_	O
มะขามเปียก	O
_	O
น้ำผึ้ง	O
_	O
ใย	O
บวบ	O
ขัด	O
ผิว	O
_	O
แต่	O
ถ้า	O
ใคร	O
ขี้เกียจ	O
ใช้	O
ครีม	O
มะขาม	O
ขัด	O
ผิว	O
กับ	O
ขมิ้น	O
ผง	O
_	O
ก็	O
ได้	O
จ้า	O
_	O
แต่	O
พอดี	O
ที่	O
บ้าน	O
เรา	O
มี	O
ขมิ้น	O
เลย	O
จัดการ	O
ปลอก	O
เปลือก	O
ตำ	O
_	O
คลุก	O
เอง	O
ซะ	NORM_1WORD
เลยยย	NORM_1WORD
_	O
#howtoperfect	O
_	O
#ไว้รีวิวห้ามขายของโว้ยย	O
_	O
#ใช้ดีบอกต่อ	O
_	O
#ถูกและดีบอกต่อ	O

ทุก	O
คน	O
เรา	O
อยาก	O
จะ	O
ขอ	O
คำ	O
แนะนำ	O
_	O
เรา	O
มี	O
รอย	O
ดำ	O
เยอะ	O
มาก	O
_	O
ไม่	O
หาย	O
สัก	O
ที	O
_	O
แพ้	O
น้ำ	O
ง่าย	O
_	O
แพ้	O
ทุก	O
อย่าง	O
_	O
ตอน	O
นี้	O
ใช้	O
สบู่	O
เด็ก	O
_	O
ขอ	O
ความช่วยเหลือ	O
หน่อย	O
ค่ะ	O
_	O
หา	O
หมอ	O
แล้ว	O
ไม่	O
หาย	O
เลย	O
ค่ะ	O
_	O
ขอ	O
ยา	O
ดีๆ	NORM_2WORD
ราคา	O
ไม่	O
แรง	O
หน่อย	O
ค่ะ	O
_	O
ปล.	NORM_1WORD
ใช้	O
ว่านหาง	NORM_1WORD
ทา	O
_	O
#howtoperfect	O
_	O
#ฉันจะสวย	O
_	O
#HowtoPerfect	O
_	O
#howtobeauty	O
_	O
#howtoperfact	O
_	O
#สิวหาย	O
_	O
#สิวผด	O
_	O
#สิวอุดตัน	O
_	O
#สิว	O

จาก	O
รีวิว	O
ผู้ใช้	O
_	O
#Huawei	O
_	O
จริงๆ	NORM_2WORD
รอบ	O
ตัว	O
บอก	O
ว่า	O
เป็น	O
โทรศัพท์	O
ที่	O
ห่วย	O
มาก	O
_	O
เรา	O
คิด	O
ว่า	O
_	O
เพราะ	O
_	O
UX	O
/	O
UI	O
_	O
ที่	O
ห่วย	O
แตก	O
_	O
และ	O
ฟังก์ชั่น	O
ที่	O
ไม่	O
สามารถ	O
อำนวย	O
ความสะดวก	O
ให้	O
ผู้ใช้	O
_	O
เช่น	O
_	O
การเว้นวรรค	O
_	O
การกรอกฟอร์ม	O
_	O
หลาย	O
คน	O
ต้อง	O
มา	O
นั่ง	O
เสีย	O
เวลา	O
กับ	O
เรื่อง	O
โง่ๆ	NORM_2WORD
_	O
ที่	O
โทรศัพท์	O
เรือธง	O
ไม่	O
ควร	O
จะ	O
มี	O
ปัญหา	O
..	O
_	O
คิด	O
ให้	O
เยอะๆ	NORM_2WORD
มาก	O
กว่า	O
เรื่อง	O
กล้อง	O
นะ	O
คะ	O

ไม่	O
รู้	O
หรอก	O
ครับ	O
ว่า	O
ที่	O
ผม	O
เห็น	O
น้อง	O
แสดง	O
ออก	O
มา	O
เป็น	O
การแสดง	O
มากน้อย	O
แค่	O
ไหน	O
_	O
ถ้า	O
มัน	O
คือ	O
การแสดง	O
ทั้งหมด	O
_	O
ก็	O
ถือ	O
ว่า	O
เรา	O
ชื่นชอบ	O
ผลงาน	O
จาก	O
ความพยายาม	O
ของ	O
เขา	O
ละกัน	O
_	O
แต่	O
ถ้า	O
มัน	O
คือ	O
ความเรียล	O
ของ	O
เขา	O
_	O
ก็	O
ถือ	O
ว่า	O
เป็น	O
เรื่อง	O
ที่	O
โคตร	O
จะ	O
ดี	O
เลย	O
_	O
ไม่ว่า	O
ปี	O
นี้	O
หรือ	O
ปี	O
ไหนๆ	O
ก็ตาม	O
_	O
#RememberWithPunJennis	O
_	O
#PunBNK48	O
_	O
#JennisBNK48	O
_	O
#BNK48	O

มย	O
_	O
นี่	O
แถว	O
ต่อ	O
ซื้อ	O
น้ำ	O
ใช่	O
มั้ย	NORM_1WORD
คะ	O
_	O
Me	O
_	O
ใช่	O
ครับ	O
_	O
แล้ว	O
น้อง	O
ก็	O
มา	O
ต่อ	O
แถว	O
ข้าง	O
หลัง	O
เรา	O
_	O
จากนั้น	O
ก็	O
ยืน	O
ช็อก	O
กัน	O
อยู่	O
กะ	NORM_1WORD
เพื่อน	O
เล่น	O
มือถือ	O
แก้	O
เขิลล	NORM_1WORD
_	O
พอ	O
ถึง	O
คิว	O
ก็	O
สั่ง	O
คาปู	NORM_1WORD
เย็น	O
ไป	O
_	O
พนง.	NORM_1WORD
ก็	O
ยื่น	O
ปากกา	O
มา	O
ให้	O
เขียน	O
ชื่อ	O
รอ	O
เรียก	O
คิว	O
_	O
เขียน	O
เสร็จ	O
ก็	O
ส่ง	O
ปากกา	O
ให้	O
น้อง	O
เขียน	O
ต่อ	O
_	O
แล้ว	O
ก็	O
ออก	O
มา	O
รอ	O
น้ำ	O
ข้าง	O
ร้าน	O
_	O
ระหว่าง	O
นั้น	O
ก็	O
คุย	O
เรื่อง	O
_	O
#BNK48	O
_	O
ไป	O

ช่วง	O
_	O
MC	O
_	O
ถาม	O
คน	O
ที่	O
ไป	O
ออดิชั่น	NORM_1WORD
เพลง	O
_	O
Mata	O
_	O
Anata	O
_	O
no	O
_	O
Koto	O
_	O
wo	O
_	O
Kangaeteta	O
_	O
ว่า	O
รู้สึก	O
ยังไง	NORM_1WORD
บ้าง	O
_	O
มินมิน	O
ตอบ	O
ว่า	O
สนุก	O
กับ	O
การร้อง	O
และ	O
ไม่	O
รู้สึก	O
กดดัน	O
_	O
ได้ยิน	O
แบบ	O
นี้	O
พี่	O
ก็	O
ดีใจ	O
นะ	O
_	O
พี่	O
รู้	O
ว่า	O
หนู	O
ไม่	O
ใช่	O
สายร้อง	O
_	O
แต่	O
พี่	O
เชื่อ	O
ว่า	O
หนู	O
ทำ	O
เต็มที่	O
แล้ว	O
_	O
เพราะ	O
งั้น	NORM_1WORD
ขอ	O
แค่	O
หนู	O
สนุก	O
กับ	O
สิ่ง	O
ที่	O
ทำ	O
_	O
พี่	O
ก็	O
ดีใจ	O
แล้ว	O
ละ	NORM_1WORD
_	O
#MinminBNK48	O
_	O
#BNK48	O

#BNK48	O
_	O
ทำไม	O
ซิง	O
_	O
5	O
_	O
มี	O
แต่	O
เพลง	O
ง่อยๆ	NORM_2WORD
_	O
เพลง	O
มี	O
มาก	O
กว่า	O
1000	O
_	O
เพลง	O
_	O
หยิบ	O
เอา	O
เพลง	O
ดีๆ	NORM_2WORD
มา	O
สัก	O
เพลง	O
ไม่	O
ได้	O
เหรอ	O
ว่ะ	NORM_1WORD
_	O
#บางที่เพลงที่มันควรอยู่ในเธียเตอร์ก็ไม่จำเป็นต้องพยายามยัดมาซิงหลักก็ได้นะ	O
_	O
#เดี๋ยวพวกยูก็ทำอัลบั้มเธียเตอร์ขายอีกไม่ใช่เหรอ	O
_	O
#มาไวเกินเพลงก้ไม่โดนใครไปเร่งเหรอ	O
_	O
#ไปเร่งไอ้ที่ควรเร่งดีไหม	O

แล้ว	O
ก็	O
ไม่	O
ใช่	O
ว่า	O
หนัง	O
มี	O
ดีเทล	O
เยอะ	O
เกินไป	O
แค่นั้น	O
หรอก	O
_	O
คน	O
รีวิว	O
เอง	O
น่าจะ	O
ไม่	O
เปิดใจ	O
ด้วย	O
หรือ	O
ป่ะ	NORM_1WORD
_	O
บอก	O
ว่า	O
หนัง	O
เหมาะ	O
สำหรับ	O
คน	O
ที่	O
อ่าน	O
หนังสือ	O
มา	O
งี้	O
บ้าง	O
_	O
ซึ่ง	O
ถ้า	O
มอง	O
จาก	O
มุมมอง	O
คน	O
ที่	O
อ่าน	O
หนังสือ	O
มา	O
_	O
บอก	O
ได้	O
เลย	O
ว่า	O
แค่	O
ดู	O
ภาคแรก	O
แล้ว	O
มา	O
ต่อ	O
ภาคสอง	O
ก็	O
รู้เรื่อง	O
นะ	O
เพราะ	O
เอา	O
จริงๆ	NORM_2WORD
แฟนบีสต์	O
ไม่	O
ได้	O
เกี่ยวกับ	O
แฮร์รี่	O
โดยตรง	O
แบบจังๆ	NORM_2WORD
อ่ะ	NORM_1WORD

ถ้า	O
_	O
#LALISA	O
_	O
ไม่	O
ได้	O
เป็น	O
ศิลปิน	O
เกาฯ	O
น้อง	O
ก็	O
มี	O
แผน	O
ไป	O
เรียน	O
ต่อ	O
ที่	O
ออสฯ	O
และ	O
ถ้า	O
_	O
#ROSE	O
_	O
ไม่	O
ได้	O
ร้อง	O
เพลง	O
จน	O
ป้า	O
เริ่ม	O
ทน	O
ไม่	O
ไหว	O
แนะ	O
ให้	O
ไป	O
ออฯ	NORM_1WORD
ที่	O
เกาฯ	O
_	O
ยังไง	NORM_1WORD
ทั้ง	O
คู่	O
ก็	O
มี	O
โอกาส	O
เจอ	O
กัน	O
เพียง	O
แต่	O
โชคชะตา	O
นำพา	O
ให้	O
ทั้ง	O
สอง	O
มา	O
พบ	O
กัน	O
ใน	O
ต่างแดน	O
_	O
มอบ	O
ต้นทุน	O
ความเหงา	O
&	O
ความคิดถึง	O
บ้าน	O
ให้	O
ทั้ง	O
คู่	O
กลายเป็น	O
เพื่อนรัก	O
กัน	O
ในที่สุด	O
_	O
#CHAELISA	O

ไม่	O
ได้	O
เป็น	O
ติ่ง	O
_	O
แต่	O
ถ้า	O
เล่น	O
ประเด็น	O
นี้	O
ก็	O
สงสาร	O
ผญ	NORM_1WORD
_	O
ฮเยเคียว	O
ไม่	O
ได้	O
คบ	O
พระเอก	O
ทุก	O
เรื่อง	O
ที่	O
แสดง	O
ด้วย	O
นะ	O
_	O
โจอินซอง	O
_	O
ซงซึงฮอน	O
ก็	O
ไม่	O
ได้	O
เดท	O
กัน	O
_	O
เรน	O
ก็	O
แค่	O
ข่าวลือ	O
เพราะ	O
จิ้น	O
_	O
นาง	O
มี	O
แฟน	O
แค่	O
_	O
2	O
_	O
คน	O
เอง	O
คือ	O
ฮยอนบิน	O
_	O
บยองฮอน	O
_	O
ซึ่ง	O
มัน	O
ก็	O
เรื่อง	O
ปกติ	O
ไหม	O
แก	O
ที่	O
เคย	O
มี	O
แฟน	O
มา	O
ก่อน	O
_	O
น้อย	O
คน	O
นะ	O
ที่	O
แต่งงาน	O
กับ	O
รัก	O
แรก	O
_	O
#	O
ซงจุงกิ	O
_	O
#SongSongCouple	O

เดรส	O
_	O
ผญ	NORM_1WORD
_	O
3400	O
_	O
สอง	O
สี	O
_	O
#adidas	O
_	O
#พรีออเดอร์	O
_	O
#พรีออเดอร์	O
เกาหลี	O
_	O
#รับหิ้ว	O
_	O
#รีวิว	O
_	O
#preorderkorea	O
_	O
#รองเท้า	O
_	O
#รองเท้าผ้าใบ	O
_	O
#เกาหลี	O
_	O
#preoroder	O
_	O
#รับหิ้วสินค้า	O
_	O
#fila	O
_	O
#nike	O
_	O
#รองเท้า	O
เกาหลี	O
_	O
#พรี	O
เกาหลี	O
_	O
#รับหิ้ว	O
เกาหลี	O
_	O
#รีวิว	O
เกาหลี	O
_	O
#หิ้ว	O
เกาหลี	O
_	O
#รีวิว	O
เกาหลี	O
_	O
#สินค้า	O
เกาหลี	O
_	O
#boylondon	O
_	O
#korea	O
_	O
#ติ่ง	O
เกาหลี	O

กลับ	O
ไป	O
นั่ง	O
อ่าน	O
แชท	NORM_1WORD
เก่าๆ	O
ทำไม	O
ถึง	O
รัก	O
เขา	O
ได้	O
ขนาด	O
นั้น	O
_	O
ตอน	O
นี้	O
คิด	O
ว่า	O
ตัวเอง	O
ลืม	O
เขา	O
ได้	O
แล้ว	O
แต่	O
เปล่า	O
เลย	O
_	O
ก็	O
รัก	O
เหมือน	O
เดิม	O
ถึง	O
คุณ	O
คน	O
นั้น	O
เขา	O
จะ	O
เกลียด	O
เรา	O
ไป	O
แล้ว	O
ก็	O
เถอะ	O
_	O
ทำไม	O
ถึง	O
โกรธ	O
คุณ	O
ไม่	O
ได้	O
ประโยค	O
วัน	O
นั้น	O
มัน	O
แรง	O
มาก	O
เลย	O
นะ	O
_	O
แต่	O
เรา	O
ก็	O
โกรธ	O
คุณ	O
ไม่	O
ลง	O
_	O
ขอบคุณ	O
ที่	O
ครั้ง	O
หนึ่ง	O
ยอม	O
คุย	O
กับ	O
เรา	O
_	O
หนู	O
รัก	O
พี่	O
นะ	O
_	O
รัก	O
มากๆ	NORM_2WORD
_	O
กลับ	O
มา	O
ได้	O
ไหม	O
(	O

2	O
-	O
3	O
_	O
ปี	O
ก่อน	O
นี่	O
ซื้อ	O
_	O
BL	O
_	O
ส่วน	O
นึง	NORM_1WORD
แบบ	O
ไร้	O
สาระ	O
มาก	O
_	O
แค่	O
กล่อง	O
สวย	O
_	O
ปก	O
มี	O
แมว	O
ด้วย	O
ก็	O
ซื้อ	O
แล้ว	O
_	O
ไม่	O
ได้	O
สนใจ	O
เนื้อหา	O
หรือ	O
ชื่อ	O
นักเขียน	O
เลย	O
_	O
อีก	O
ส่วน	O
คือ	O
_	O
ซื้อ	O
ให้	O
ได้	O
โปร	NORM_1WORD
_	O
จะ	O
ของแถม	O
หรือ	O
ส่วน	O
ลด	O
ก็	O
ได้	O
ทั้งนั้น	O
_	O
พอ	O
อ่าน	O
วาย	O
แต่ง	O
มา	O
หลาย	O
ร้อย	O
เรื่อง	O
(	O
คาดเดา	O
)	O
_	O
และ	O
เวลา	O
ผ่าน	O
ไป	O
_	O
ก็	O
พบ	O
ว่า	O
มี	O
ที่	O
ถูกใจ	O
แบบ	O
อ่าน	O
ซ้ำ	O
_	O
เก็บ	O
ไว้	O
ใกล้	O
มือ	O
แค่	O
ไม่กี่	O
เรื่อง	O

คน	O
พวก	O
นี้	O
เค้า	NORM_1WORD
ไม่	O
รัก	O
น้อง	O
หรอก	O
ค่ะ	O
เค้า	NORM_1WORD
แค่	O
อยาก	O
ให้	O
น้อง	O
ทำ	O
ใน	O
สิ่ง	O
ที่	O
เค้า	NORM_1WORD
ต้องการ	O
ถ้า	O
รัก	O
จริงๆ	NORM_2WORD
จะ	O
ต้อง	O
ให้	O
เกียรติ	O
น้อง	O
และ	O
คน	O
รอบ	O
ข้าง	O
น้อง	O
แต่	O
นี่	O
คือ	O
กดดัน	O
ให้	O
น้อง	O
มา	O
ทำ	O
ตาม	O
ที่	O
เค้า	NORM_1WORD
ต้องการ	O
น้อง	O
ชัดเจน	O
แต่	O
แรก	O
ว่า	O
ไม่	O
ยึดติด	O
คู่จิ้น	O
ก้อ	NORM_1WORD
ยัง	O
จะ	O
ยัด	O
ให้	O
น้อง	O
อาศัย	O
ฝีมือ	O
ก็	O
ดัง	O
ได้	O
กระแส	O
ดี	O
มัน	O
มี	O
อย่าง	O
อื่น	O
รวม	O
ด้วย	O
ไม่	O
ใช่	O
แค่	O
จิ้น	O
อย่าง	O
เดียว	O

รีวิว	O
ร้านอาหาร	O
ยี่ปุ่น	NORM_1WORD
ที่	O
เพื่อน	O
พา	O
มา	O
_	O
เคลม	O
ว่า	O
รสชาติ	O
แบบ	O
ยี่ปุ่นๆ	NORM_1WORD
_	O
ข้าวปั้น	O
อร่อย	O
ดี	O
_	O
ซาซึมิ	O
เค็ม	O
น้ำเกลือ	O
แบบ	O
กลัว	O
นี่	O
ขาด	O
ไอโอดีน	O
_	O
ลาบแซลม่อน	NORM_1WORD
ใส่	O
พริกสด	O
_	O
มี	O
เชฟ	O
คน	O
เดียว	O
_	O
กิน	O
หมด	O
ไป	O
สาม	O
จาน	O
_	O
จาน	O
ที่	O
สี่	O
ยัง	O
ไม่	O
มา	O
_	O
พีค	NORM_1WORD
สุด	O
คือ	O
เปิด	O
เพลง	O
หมอลำ	O
_	O
อยาก	O
เซิ้ง	O
แต่	O
เพื่อน	O
หน้าบาง	O
_	O
ห้องน้ำ	O
มี	O
ตุ๊กแก	O
2	O
ตัว	O
_	O
ทับจาย	NORM_1WORD
มาก	O
_	O
แต่	O
เพิ่ล	NORM_1WORD
ไม่	O
ฮา	O
ด้วย	O

#เรื่องมันช่างน่าอาย	O
_	O
#สงกรานต์2018	O
_	O
ตอน	O
เด็กๆ	NORM_2WORD
เล่น	O
สงกรานต์	O
หน้า	O
บ้าน	O
กับ	O
น้อง	O
_	O
บอก	O
น้อง	O
ว่า	O
ให้	O
สาด	O
น้ำ	O
ใน	O
ขัน	O
ใส่	O
รถ	O
ที่	O
ผ่าน	O
มา	O
_	O
แล้ว	O
พอ	O
รถ	O
ผ่าน	O
มา	O
_	O
บอก	O
ให้	O
น้อง	O
สาด	O
เลยๆ	NORM_2WORD
_	O
แล้ว	O
น้อง	O
ก็	O
สาด	O
ไป	O
หมด	O
ขัน	O
อะ	O
_	O
ขัน	O
ก็	O
สาด	O
ไป	O
555	O
_	O
คน	O
ที่	O
เห็น	O
อะ	O
พา	O
กัน	O
หัวเราะ	O
เรา	O
กับ	O
น้อง	O
กัน	O
หมด	O
_	O
เรา	O
เลย	O
บอก	O
น้อง	O
ว่า	O
กลับ	O
บ้าน	O
ไป	O
หา	O
แม่	O
_	O
ไม่	O
ต้อง	O
เล่น	O
แล้ว	O
สงกรานต์	O
อะ	O
55	O

วันนี้	O
อยาก	O
รีวิว	O
ตัว	O
นี้	O
_	O
The	O
_	O
history	O
_	O
of	O
_	O
whoo	O
_	O
self-generating	O
_	O
anti-aging	O
_	O
serum	O
_	O
เนื้อ	O
สัมผัส	O
คล้าย	O
เยฮวาดัม	O
แต่	O
รู้สึก	O
ว่า	O
ข้น	O
กว่า	O
_	O
หลัง	O
ทา	O
รู้สึก	O
ผิว	O
ตึงกระชับ	O
_	O
รูขุมขน	O
เล็ก	O
ลง	O
_	O
ผิว	O
นุ่ม	O
_	O
ตื่น	O
มา	O
คือ	O
ผิว	O
ดี	O
อ่า	O
_	O
อัน	O
นี้	O
ขนาด	O
ทดลอง	O
นะ	O
คะ	O
_	O
ราคา	O
เต็ม	O
ค่อนข้าง	O
แพง	O
_	O
50	O
_	O
ml	O
_	O
ประมาณ	O
5000	O
กว่า	O
บาท	O
_	O
งืออ	NORM_1WORD
_	O
#ไว้รีวิวห้ามขายของ	O
โว้ยย	NORM_1WORD

คือ	O
วันนี้	O
ทำ	O
งาน	O
อยู่	O
เว้ย	O
ละ	NORM_1WORD
แบบ	O
นึก	O
ถึง	O
โชว์	O
_	O
#shonichi	O
_	O
เมื่อคืน	O
_	O
นี่	O
เลย	O
คิด	O
เนื้อเพลง	O
_	O
อยาก	O
แต่ง	O
เพลง	O
ให้	O
กำลังใจ	O
พวก	O
เธอ	O
บ้าง	O
_	O
แล้ว	O
สมอง	O
มัน	O
โฟลว	NORM_1WORD
มาก	O
_	O
คิด	O
คล้อง	O
กัน	O
จน	O
ขน	O
ลุก	O
หนัก	O
มาก	O
บวก	O
กับ	O
โชว์	O
เมื่อคืน	O
อีก	O
_	O
พี่	O
ข้าง	O
เลย	O
บอก	O
น้องๆ	O
ถ้า	O
ปวดท้อง	O
ไป	O
เข้า	O
ห้องน้ำ	O
ก่อน	O
ก็	O
ได้	O
นะ	O
_	O
คือ	O
ไร๊	NORM_1WORD
5555	O
_	O
หนู	O
ไม่	O
ได้	O
ปวด	O
ค่า	NORM_1WORD
หนู	O
ตื้นตัน	O
55555	O
_	O
#BNK48	O

JJksnp	O
_	O
เจเจ	O
พูด	O
เรื่อง	O
ครอบครัว	O
คือ	O
จริง	O
มาก	O
_	O
ขอบคุณ	O
ที่	O
ทำให้	O
รู้	O
ว่า	O
มี	O
เด็ก	O
ต่างจังหวัด	O
เข้า	O
มา	O
อยู่	O
ใน	O
กรุงเทพ	O
อีก	O
คน	O
ที่	O
เป็น	O
แบบ	O
เดียวกัน	O
คือ	O
_	O
เบื่อ	O
_	O
เหงา	O
_	O
แล้ว	O
มอง	O
เห็น	O
คุณค่า	O
ของ	O
ครอบครัว	O
มาก	O
ขึ้น	O
_	O
เรื่องราว	O
ของ	O
เจเจ	O
อาจ	O
จะ	O
ทำให้	O
เด็ก	O
ที่	O
ไม่	O
เห็น	O
ความสำคัญ	O
ของ	O
ครอบครัว	O
_	O
กลับ	O
มา	O
มอง	O
ตัวเอง	O
ใหม่	O
อะ	O
_	O
ขอบคุณ	O
ที่	O
แชร์	O
อะไร	O
ดีๆ	NORM_2WORD
แบบ	O
นี้	O

#รับหิ้ว	O
เกาหลี	O
_	O
รับ	O
ทุก	O
อย่าง	O
_	O
ทุก	O
แบรนด์	O
_	O
ทุก	O
ช้อป	O
_	O
จะ	O
สตรีท	O
แบรนด์	O
_	O
ร้าน	O
ตาม	O
ย่าน	O
ต่างๆ	NORM_2WORD
รับ	O
หมด	O
เลย	O
ค่า	O
_	O
สนใจ	O
ร้าน	O
ไหน	O
/	O
เห็น	O
รีวิว	O
ไหน	O
ที่	O
สนใจ	O
_	O
ส่ง	O
มา	O
ทาง	O
เดม	O
ได้	O
เลย	O
ค่ะ	O
_	O
ไป	O
ดู	O
ให้	O
ได้	O
วัน	O
ที่	O
1	O
นี้	O
ค่ะ	O
_	O
เรท	O
0	O
.	O
037	O
_	O
โอน	O
แล้ว	O
ซื้อ	O
ให้	O
ภาย	O
ใน	O
วัน	O
ถัด	O
ไป	O
เลย	O
จ้า	O
_	O
#รับหิ้วสินค้า	O
เกาหลี	O
_	O
#รับหิ้ว	O
_	O
#พรี	O
เกาหลี	O
_	O
#พรีออเดอร์	O
เกาหลี	O
_	O
#หิ้ว	O
เกาหลี	O

รีวิว	O
_	O
atudio	O
_	O
ก็	O
คือ	O
_	O
ถ่าย	O
รูป	O
อย่าง	O
เดียว	O
_	O
เข้า	O
ไป	O
เลือก	O
เมม	NORM_1WORD
_	O
แล้ว	O
รีบ	O
ถอย	O
ไป	O
นั่ง	O
_	O
นั่ง	O
แล้ว	O
จับ	O
_	O
5	O
_	O
วิ	NORM_1WORD
_	O
รอ	O
ถ่าย	O
_	O
เปลี่ยน	O
ท่า	O
_	O
รอ	O
_	O
5	O
_	O
วิ	NORM_1WORD
_	O
ถ่าย	O
_	O
เมน	O
บอก	O
ลา	O
_	O
เดิน	O
ออก	O
ไป	O
_	O
ลุก	O
ไป	O
จิ้ม	O
รูป	O
ที่	O
ชอบ	O
ที่สุด	O
_	O
1	O
_	O
รูป	O
_	O
(	O
เรา	O
จิ้ม	O
ไม่	O
ทัน	O
โปรแกรม	O
เลือก	O
ให้	O
เลย	O
)	O
_	O
แล้ว	O
รอ	O
ปริ้น	NORM_1WORD
_	O
ปริ้น	NORM_1WORD
ดูด	O
รูป	O
_	O
4	O
_	O
รอบ	O
_	O
คือ	O
ยืน	O
รอ	O
รูป	O
ปริ้น	NORM_1WORD
นาน	O
กว่า	O
ถ่าย	O
_	O
#BTSLoveYourselfBKK	O

นักข่าว	O
ฝรั่ง	O
บาง	O
คน	O
แก	O
ก็	O
ไม่	O
ได้	O
ชอบ	O
ทรัมป์	O
หรอก	O
_	O
แต่	O
พอ	O
แก	O
ทวีต	O
ข่าว	O
ทรัมป์	O
_	O
แล้ว	O
มี	O
ผีบ้า	O
มา	O
รีพลาย	O
/	O
โควต	O
ทวีต	O
ของ	O
แก	O
แบบ	O
หยาบคาย	O
ไร้สาระ	O
ตีความ	O
ใน	O
ทาง	O
ดูหมิ่น	O
เหยียดหยาม	O
เลยเถิด	O
_	O
แก	O
ก็	O
ต้อง	O
ออก	O
มา	O
ทวิต	O
อธิบาย	O
ว่า	O
ใส่ร้าย	O
เกิน	O
จริง	O
_	O
ก็	O
กลาย	O
เป็น	O
รุม	O
ด่า	O
นักข่าว	O
หาว่า	O
เข้าข้าง	O
ทรัมป์	O
อีก	O
_	O
ทั้งที่	O
เขา	O
ทำ	O
เพราะ	O
เรา	O
เอา	O
ทวีต	O
เขา	O
ไป	O
อ้าง	O
ผิดๆ	O

อ่าน	O
คอมเม้น	NORM_1WORD
ข่าว	O
ถ้ำ	O
หลวง	O
ใน	O
เฟส	O
_	O
หลาย	O
คอมเม้น	NORM_1WORD
นี่	O
เพลีย	O
มาก	O
_	O
โต	O
มา	O
ใน	O
สังคม	O
แบบ	O
ไหน	O
วะ	O
_	O
พวก	O
นึง	NORM_1WORD
ก็	O
พูด	O
ถึง	O
แต่	O
เรื่อง	O
ผีสาง	O
,	O
นั่ง	O
ญาณ	O
ทำนาย	O
_	O
พวก	O
นึง	NORM_1WORD
ก็	O
เอา	O
แต่	O
บั่นทอน	O
ว่า	O
จนท.	NORM_1WORD
หน่วย	O
ซีล	O
จะ	O
ได้	O
เรื่อง	O
สัก	O
แค่	O
ไหน	O
งี้	NORM_1WORD
_	O
เอ้ออออ	NORM_1WORD
_	O
หน่วย	O
ซีล	O
นี่	O
คือ	O
หน่วยรบ	O
พิเศษ	O
ละ	NORM_1WORD
นะ	O
_	O
เค้า	NORM_1WORD
ฝึก	O
โหด	O
สัส	NORM_1WORD
แบบ	O
ไม่	O
ใช่	O
มนุษย์	O
อ่ะ	NORM_1WORD
_	O
เก่ง	O
กว่า	O
นี้	O
ก็	O
อเวนเจอร์	O
แล้ว	O
ค่ะ	O
มุง	NORM_1WORD

กุ	NORM_1WORD
เส้า	NORM_1WORD
_	O
เมน	O
พี่	O
สึงยอน	O
เค้า	NORM_1WORD
มอง	O
ว่า	O
กุ	NORM_1WORD
เปน	NORM_1WORD
ตัวร้าย	O
กัน	O
หมด	O
ละ	NORM_1WORD
มั้งงง	NORM_1WORD
_	O
ชั้น	NORM_1WORD
ก้	NORM_1WORD
แค่	O
ต้องการ	O
ความยุติธรรม	O
ให้	O
คน	O
ที่	O
มา	O
ตาม	O
ที	O
หลัง	O
_	O
แปลก	O
ตง	NORM_1WORD
ไหน	O
อ่ะ	NORM_1WORD
_	O
กุ	NORM_1WORD
ก้	NORM_1WORD
คนน	NORM_1WORD
ค่ะ	O
_	O
รัก	O
เค้า	NORM_1WORD
เหมือน	O
กัน	O
มา	O
บอก	O
ว่า	O
ไม่	O
ใช่	O
ลูก	O
ป๊า	O
ก็	O
เสีย	O
ความรู้สึก	O
ป้ะ	NORM_1WORD
_	O
อยาก	O
ให้	O
คน	O
เห็น	O
ความสามารถ	O
เค้า	NORM_1WORD
แต่	O
ไม่	O
อยาก	O
ให้	O
แมส	O
_	O
ถ้า	O
รัก	O
ศลป	NORM_1WORD
จิง	O
คง	O
ไม่	O
คิด	O
งี้	NORM_1WORD
_	O
เค้า	NORM_1WORD
มา	O
ตรง	O
นี้	O
เพราะ	O
อะไร	O
คิด	O
ดีๆ	O

เรื่อง	O
เมน	O
จะ	O
คบ	O
ใคร	O
_	O
ยก	O
ไว้	O
ใน	O
ฐาน	O
ที่	O
เข้าใจ	O
_	O
สิ่ง	O
ที่	O
มา	O
ช่วย	O
ฮีล	O
ใจ	O
ใน	O
วันนี้	O
คือ	O
...	O
มิตรภาพ	O
_	O
และ	O
ความรัก	O
ของ	O
ครอบครัว	O
หมี	O
_	O
สุข	O
ก็	O
สุข	O
ด้วย	O
กัน	O
_	O
พัง	O
ก็	O
พัง	O
ด้วย	O
กัน	O
...	O
ขอบคุณ	O
วัน	O
แย่ๆ	O
ที่	O
ทำ	O
ให้	O
รู้	O
ว่า	O
_	O
ครอบครัว	O
เรา	O
รัก	O
กัน	O
มาก	O
ขนาด	O
ไหน	O
_	O
#	O
เต้ย	O
เชียร์	O
_	O
#ที่เห็นเงียบคือกำลังรีดความฉลาดน้อยในหัวขมองออกอยู่	O
_	O
#ซ้ำได้ช้อยสำนึกผิดทัน	O

ตอน	O
ประถม	NORM_1WORD
ครู	O
ก็	O
สั่ง	O
ให้	O
เอา	O
ต้นไม้	O
มา	O
คนละ	O
ต้น	O
_	O
ละ	O
บ้าน	O
คือ	O
ไม่	O
ค่อย	O
มี	O
ต้นไม้	O
ไง	O
แถม	O
รถ	O
ไม่	O
มี	O
ด้วย	O
_	O
สุดท้าย	O
แบก	O
ต้นลำไย	O
ที่	O
ขึ้น	O
เอง	O
เพราะ	O
เอา	O
เม็ด	O
ทิ้ง	O
ใน	O
กระถาง	O
ขึ้น	O
ตึกเรียน	O
_	O
ทั้ง	O
หนัก	O
ทั้ง	O
อาย	O
อะ	O
_	O
ต้น	O
โคตร	O
สูง	O
_	O
ละ	O
เรียน	O
ระบบคายน้ำ	O
_	O
อิเวง	NORM_1WORD
_	O
คุ้ม	O
กับ	O
การแบก	O
มาก	O
_	O
คราวหลัง	O
จะ	O
เอา	O
แค่	O
นี้	O
ก็	O
บอก	O
เดี๋ยว	O
ถอน	O
ข้าง	O
ทาง	O
ให้	O
_	O
#เรื่องมันช่างน่าอาย	O

รีวิว	O
แบบ	O
ไม่	O
อวย	O
เลย	O
นะ	O
_	O
ไม่	O
ควร	O
ให้	O
จองอิน	O
ร้อง	O
ต่อ	O
ชางบิน	O
มัน	O
ฟัง	O
แปล่งๆ	NORM_1WORD
_	O
ช่วง	O
แรก	O
ให้	O
มินโฮ	O
ร้อง	O
ฮุค	NORM_1WORD
ก่อน	O
ค่อย	O
ต่อ	O
ด้วย	O
อูจิน	O
น่า	O
จะ	O
เหมาะ	O
กว่า	O
_	O
ช่วง	O
แรก	O
ของ	O
เพลง	O
เรียง	O
ลำดับ	O
เสียง	O
คนร้อง	O
แปลกๆ	NORM_2WORD
_	O
ฟัง	O
แล้ว	O
ไม่	O
เข้า	O
กัน	O
_	O
ช่วง	O
หลัง	O
เพลง	O
โอเค	O
เลย	O
เรียง	O
ลำดับ	O
เสียง	O
คนร้อง	O
โอเค	O
ไม่	O
รู้สึก	O
สะดุด	O
เวลา	O
ฟัง	O
_	O
ชอบ	O
ช่วง	O
หลัง	O
ของ	O
เพลง	O
มาก	O
กว่า	O
_	O
#straykids	O

รีวิว	O
_	O
#Polar	O
_	O
ฉบับ	O
สั้น	O
ๆ	O
_	O
นักฆ่า	O
_	O
เลือด	O
_	O
โป๊เปลือย	O
วน	O
ๆ	O
_	O
ไป	O
_	O
พล็อต	O
โคตร	O
_	O
cliche	O
_	O
อย่า	O
ใส่ใจ	O
เนื้อเรื่อง	O
(	O
ที่	O
แทบ	O
ไม่	O
มี	O
)	O
เพราะ	O
มัน	O
ขาย	O
แค่	O
สาม	O
คำ	O
ที่	O
ว่า	O
ไว้	O
_	O
ทิศทาง	O
อารมณ์	O
มั่ว	O
จน	O
ไป	O
ไม่	O
ถึง	O
สัก	O
ทาง	O
_	O
ทน	O
ดู	O
จบ	O
เพราะ	O
แม้ดส์ซัง	O
ล้วน	O
ๆ	O
_	O
เป็น	O
หนัง	O
แนว	O
_	O
WTF	O
_	O
ที่	O
เรา	O
เข้า	O
ไม่	O
ถึง	O
_	O
อาจ	O
จะ	O
มี	O
คน	O
ชอบ	O
_	O
แต่	O
เรา	O
ไม่	O
_	O
#NetflixReviewTH	O
_	O
#movietwit	O

พอ	O
โต	O
ขึ้น	O
มา	O
_	O
ดู	O
รีบอร์น	O
อีก	O
ที	O
_	O
แม่ว	NORM_1WORD
เป็น	O
การ์ตูน	O
ที่	O
อวย	O
พระเอก	O
ฉิบหาย	O
_	O
5555555	O
_	O
อย่าง	O
วาเรีย	O
_	O
บรรยาย	O
มา	O
อย่าง	O
โหด	O
_	O
แต่	O
ก็	O
แพ้	O
พวก	O
สึนะ	O
_	O
มุคุโร่	O
นี่	O
โคตร	O
เทพ	O
_	O
ชนะ	O
ฮิบาริ	O
_	O
แต่	O
ก็	O
แพ้	O
สึนะ	O
_	O
หน้าตา	O
ก็	O
เหมือน	O
รุ่น	O
แรก	O
ทุก	O
คน	O
_	O
แบบ	O
_	O
เหมือน	O
เกิด	O
มา	O
เพื่อน	NORM_1WORD
สิ่ง	O
นี้	O
_	O
5555555555	O
_	O
นี่	O
ยัง	O
ไม่	O
นัย	NORM_1WORD
เรื่อง	O
ตำแหน่ง	O
วิธีการ	O
ต่อสู้	O
ที่	O
ประเคน	O
ใส่	O
มือ	O
อีก	O
นะ	O

น้ำยาปลูกคิ้ว	O
/	O
ผม	O
/	O
ไรผม	O
NEOHAIR	O
_	O
600	O
บ.	O
ems	O
+	O
40	O
ลทบ	NORM_1WORD
+	O
25	O
_	O
อัน	O
นี้	O
ใช้	O
เอง	O
รีวิว	O
เอง	O
_	O
2	O
รูป	O
บน	O
สมัย	O
ป.	O
6	O
กับ	O
ม.	O
4	O
_	O
ถ่าย	O
รูป	O
ที	O
เหมือน	O
ไป	O
บวช	O
มา	O
_	O
ม.	O
6	O
ก็	O
เริ่ม	O
ทดลอง	O
ใช้	O
ยาปลูกคิ้ว	O
ตัว	O
ไหน	O
ก็	O
ไม่	O
ขึ้น	O
จน	O
มา	O
ใช้	O
neohair	O
แล้ว	O
เห็น	O
ผล	O
_	O
ตรง	O
คิ้ว	O
ใช้	O
มา	O
เรื่อยๆ	NORM_2WORD
_	O
ส่วน	O
ไรผม	O
ตรง	O
หน้าผาก	O
ประมาณ	O
1	O
เดือน	O
เห็น	O
ผล	O
ค่ะ	O
(	O
ต่อ	O
ใน	O
เม้น	NORM_1WORD
)	O
_	O
#ปลูกคิ้ว	O
_	O
#ปลูกไรผม	O
_	O
#ปลูกผม	O

ขอ	O
ฝาก	O
_	O
สำหรับ	O
คน	O
ที่	O
จะ	O
แลก	O
ผ่าน	O
ไปร	O
นะ	O
คะ	O
_	O
ช่วย	O
เข้าใจ	O
ไปรษณีย์	O
บ้าน	O
เรา	O
นิดนึง	NORM_1WORD
นะ	O
_	O
เวลา	O
เรา	O
บอก	O
ดาม	O
หนา	O
_	O
คือ	O
คุณ	O
ต้อง	O
หนา	O
มากๆ	NORM_2WORD
อ่ะ	NORM_1WORD
_	O
ไม่	O
ใช่	O
_	O
ดาม	O
ด้วย	O
กระดาษกล่อง	O
ประกบ	O
กัน	O
_	O
คือ	O
_	O
กล่อง	O
ประเทศ	O
ไทย	O
_	O
ไม่	O
ใช่	O
เกาหลี	O
_	O
มัน	O
ไม่	O
แข็ง	O
_	O
ไม่	O
หนา	O
ไง	O
_	O
เรา	O
เจอ	O
_	O
2	O
_	O
เคส	O
แล้ว	O
ค่ะ	O
_	O
เรา	O
ดาม	O
ให้	O
หลายๆ	NORM_2WORD
ชั้น	O
_	O
แต่	O
เจอ	O
เค้า	NORM_1WORD
ตอบแทน	O
มา	O
แบบ	O
นี้	O
_	O
เฟล	O
_	O
#แลกการ์ดwannaone	O

แม้	O
ว่า	O
จะ	O
ต้อง	O
เสีย	O
ความรัก	O
ไป	O
_	O
แม้	O
ว่า	O
ไม่	O
เหลือ	O
ใคร	O
สัก	O
คน	O
_	O
มัน	O
จะ	O
เจ็บ	O
จะ	O
ช้ำ	O
กี่	O
หน	O
_	O
แต่	O
คน	O
คน	O
นี้	O
ไม่	O
ท้อ	O
ใจ	O
_	O
.	O
_	O
แม้	O
ว่า	O
ใน	O
วัน	O
นี้	O
มี	O
น้ำตา	O
_	O
จะ	O
ข่ม	O
มัน	O
ให้	O
ไหล	O
อยู่	O
ข้าง	O
ใน	O
_	O
ความฝัน	O
เพิ่ง	O
จบ	O
ไป	O
_	O
แต่	O
ยัง	O
เหลือ	O
ตัว	O
ฉัน	O
_	O
.	O
_	O
ตอน	O
นี้	O
เรา	O
ปกติ	O
มาก	O
เลย	O
นะ	O
_	O
ชีวิต	O
ไม่	O
เครียด	O
_	O
ออก	O
จะ	O
แฮปปี้	O
ด้วย	O
ซ้ำ	O
_	O
แต่	O
เมื่อ	O
เช้า	O
เพลง	O
นี้	O
เปิด	O
ทาง	O
วิทยุ	O
_	O
ทำไม	O
น้ำตา	O
คลอ	O
ไม่	O
รู้	O

สนใจ	O
ดู	O
ดวง	O
Dm	O
มา	O
เลย	O
ครับผม	O
_	O
สามารถ	O
ดู	O
รีวิว	O
ได้	O
ที่	O
#รีวิว	O
นาย	O
พีซี	O
_	O
มา	O
ดู	O
ดวง	O
กัน	O
เยอะๆ	O
นะ	O
ครับ	O
_	O
ยพท.	NORM_1WORD
_	O
#rtฟอลฟรี	O
_	O
#	O
บอท	NORM_1WORD
ใหม่หาทุกอย่าง	O
_	O
#รี	O
ฟอล	NORM_1WORD
ฟรี	O
_	O
#ยืมเมจfortalk	O
_	O
#	O
ฟอล	NORM_1WORD
ฟรี	O
_	O
#	O
บอท	NORM_1WORD
เหงา	O
_	O
#ยืมเมจforลั่น	O
_	O
#	O
บอท	NORM_1WORD
ใหม่	O
_	O
#ยืมเมจforsex	O
_	O
#	O
บอท	NORM_1WORD
หาเพื่อนคุย	O
_	O
#	O
บอท	NORM_1WORD
โสด	O
_	O
#	O
บอท	NORM_1WORD
หาทุกอย่าง	O
_	O
#เรียลชาย	O
_	O
#เรียลหญิง	O
_	O
#เรียลมัธยม	O
_	O
#เรียล	O
มหาลัย	NORM_1WORD

ความรัก	O
_	O
บาง	O
ครั้ง	O
ก็	O
ทำให้	O
เจ็บ	O
และ	O
มี	O
ความสุข	O
แต่	O
ถ้า	O
อยู่	O
แล้ว	O
ไม่	O
มี	O
ความสุข	O
นั้น	O
ไม่	O
ใช่	O
รัก	O
_	O
แต่	O
คือ	O
การทน	O
_	O
คน	O
ที่	O
ทน	O
มา	O
นาน	O
นั้น	O
คือ	O
ก็	O
คือ	O
การปิด	O
โอกาส	O
ไม่	O
ให้	O
ตัวเอง	O
เจอ	O
สิ่ง	O
ดีๆ	NORM_2WORD
_	O
อย่า	O
กล่าว	O
ที่	O
จะ	O
ลอง	O
สิ่ง	O
ใหม่ๆ	NORM_2WORD
_	O
เพราะ	O
เรา	O
ไม่	O
สามารถ	O
รู้	O
อนาคต	O
ได้	O
_	O
สิ่ง	O
ที่	O
เรา	O
คิด	O
ว่า	O
มัน	O
ดี	O
อาจ	O
จะ	O
ไม่	O
ดี	O
ก็	O
ได้	O
_	O
ตรงกันข้าม	O
สิ่ง	O
ที่	O
ไม่	O
ดี	O
ใช่	O
ว่า	O
จะจะ	O
ไม่	O
ดี	O

มา	O
ใน	O
วัน	O
ที่	O
ตัดสิน	O
ฟุตบอลโลก	O
รอบ	O
รอง	O
ชนะเลิศ	O
คู่	O
สุดท้าย	O
พอดี	O
_	O
ค่ำคืน	O
นี้	O
วิเคราะห์	O
บอล	O
กัน	O
ยาวๆ	O
ไป	O
_	O
ก่อน	O
ที่	O
_	O
#แม่หมอ	O
แคน	O
_	O
จะ	O
ปิด	O
สำนัก	O
เพื่อ	O
ไป	O
เตรียมตัว	O
สอบ	O
Final	O
_	O
และ	O
ฝาก	O
ไว้	O
นิดนึง	NORM_1WORD
_	O
อย่า	O
ถาม	O
แม่หมอ	O
จน	O
เข้า	O
ข่าย	O
ไป	O
เกี่ยวกับ	O
การพนัน	O
นะ	O
_	O
มัน	O
ไม่	O
ดีๆ	NORM_2WORD
_	O
คืน	O
นี้	O
_	O
3	O
ทุ่ม	O
รอ	O
ดู	O
และ	NORM_1WORD
รอ	O
ฟัง	O
_	O
(	O
ถ้า	O
พี่	O
เสร็จ	O
ธุระ	O
ทัน	O
นะ	O
_	O
T_T	O
)	O
_	O
#CanBNK48	O
_	O
#BNK48	O

อยู่	O
คน	O
เดียว	O
มัน	O
มัน	O
ได้	O
แย่	O
..	O
มัน	O
อิสระ	O
ดี	O
_	O
แต่	O
ก็	O
มี	O
เหงา	O
บ้าง	O
_	O
บาง	O
เวลา	O
ก็	O
คิด	O
อยาก	O
จะ	O
เริ่มต้น	O
ใหม่	O
_	O
แต่	O
พอ	O
เอา	O
เข้า	O
จริงๆ	NORM_2WORD
_	O
คิด	O
ว่า	O
อยู่	O
แบบ	O
นี้	O
มัน	O
ที่สุด	O
แล้ว	O
_	O
อยู่	O
คน	O
เดียว	O
ก็	O
ไม่	O
ได้	O
แย่	O
มากมาย	O
_	O
มี	O
เวลา	O
ให้	O
ตัวเอง	O
ให้	O
เพื่อน	O
และ	O
ครอบครัว	O
อย่าง	O
เต็มที่	O
_	O
พอ	O
ถึง	O
เวลา	O
ที่	O
มัน	O
ใช่	O
จริงๆ	NORM_2WORD
เรา	O
ก็	O
คง	O
จะ	O
ได้	O
โคจร	O
มา	O
พบ	O
กับ	O
ใคร	O
สัก	O
คน	O
อย่าง	O
ไม่	O
ข้อแม้	O

#งานออนไลน์	O
_	O
สนใจ	O
เก็บ	O
เงิน	O
ไป	O
คอน	NORM_1WORD
_	O
ไป	O
มีท	NORM_1WORD
_	O
ชอปปิ้ง	NORM_1WORD
กัน	O
_	O
DM	O
สอบถาม	O
ขอ	O
ดู	O
รีวิว	O
ได้	O
_	O
#ตลาดนัด	O
บังทัน	O
_	O
#iKON2018CONTINUETOURinBANGKOK	O
_	O
#ตลาดนัดWANNAONE	O
_	O
#ตลาดนัด	O
อากาเซ	O
_	O
#KwonHyunBin1stFMinBKK	O
_	O
#KCON2018THAILAND	O
_	O
#TiffanyYoungFanMeetingTourBKK	O
_	O
#	O
มิ้ง	O
โป๊ะแตก	O
_	O
#PRODUCE48	O
_	O
#SB48Bangkok	O
_	O
#RedVelVet_REDMAREinBKK	O

NEWS	O
_	O
ข่าว	O
ล่า	O
มาแรง	O
_	O
#	O
เฌอ	O
หวาน	O
_	O
#	O
เฌอ	O
ตาหวาน	O
_	O
-	O
หวาน	O
ย้ำ	O
พี่	O
เฌอ	O
ให้	O
ขับ	O
รถ	O
บ่อย	O
ช่วย	O
แบ่งเบา	O
กันและกัน	O
_	O
-	O
ไลฟ์	O
voov	O
ปล่อย	O
เรือ	O
หลัก	O
คน	O
ถาม	O
หา	O
พี่	O
เฌอ	O
กัน	O
วุ่น	O
_	O
ตอบ	O
สั้นๆ	O
ยัง	O
ไม่	O
มา	O
_	O
-	O
เฌอปราง	O
เช็คอิน	NORM_1WORD
_	O
ถึง	O
แล้ว	O
?	O
_	O
-	O
พร้อม	O
ตอบ	O
ชัด	O
ทุก	O
สื่อ	O
ตาหวาน	O
คือ	O
ความบันเทิง	O
คืน	O
นี้	O
_	O
#CherprangBNK48	O
_	O
#TarwaanBNK48	O
_	O
#BNK48	O
_	O
เรื่อง	O
ขี้ชิป	O
วางใจ	O
พี่	O
นะ	O
ฮะ	O

เข้า	O
โรง	O
คือ	O
ดู	O
ไม่	O
รู้เรื่อง	O
เลย	O
นะ	O
เพราะ	O
แมร่ง	NORM_1WORD
นึกถึง	O
พี่	O
อยู่	O
ตลอด	O
แล้ว	O
นี้	NORM_1WORD
ก็	O
คือ	O
ข่ม	O
ใจ	O
ให้	O
ไม่	O
ทัก	O
ไป	O
หา	O
พี่	O
แต่	O
มัน	O
ก็	O
ไม่	O
ไหว	O
นี้	NORM_1WORD
ก็	O
ทัก	O
ไป	O
บอก	O
ว่า	O
หนัง	O
ไม่	O
หนุก	NORM_1WORD
เลย	O
คิดถึง	O
พี่	O
_	O
แล้ว	O
ก็	O
ปิด	O
แชท	NORM_1WORD
นั้น	O
ดู	O
ต่อ	O
จน	O
จบ	O
คือ	O
หนัง	O
สนุก	O
นะ	O
สนุก	O
มากๆ	NORM_2WORD
แต่	O
แมร่ง	NORM_1WORD
ก็	O
ดู	O
คน	O
เดียว	O
นี้	NORM_1WORD
เหงา	O
อ่ะ	NORM_1WORD
คิดถึง	O
พี่	O
จริงๆ	NORM_2WORD
อยาก	O
ให้	O
พี่	O
ได้	O
มา	O
ดู	O
ด้วย	O
อยาก	O
จับ	O
มือ	O
พี่	O
เวลา	O
ดู	O
หนัง	O
นะ	O

แล้ว	O
เรื่อง	O
วิ่ง	O
วุ่นวาย	O
อีก	O
อย่าง	O
_	O
ตอนเช้า	O
ก็	O
คือ	O
วิ่ง	O
ด้วยกัน	O
หมด	O
ทั้ง	O
4	O
คน	O
ป่ะ	NORM_1WORD
_	O
เห็น	O
มี	O
คลิป	O
วิ่ง	O
โหด	O
อยู่	O
_	O
เห็นหน้าเห็นตา	O
_	O
น่าจะ	O
รู้	O
ว่า	O
ส่วนใหญ่	O
วิ่ง	O
ไป	O
หา	O
ใคร	O
นะ	O
แต่	O
ก็	O
จับมือ	O
ใคร	O
ดม	O
ไม่	O
ได้	O
_	O
เรื่อง	O
รวม	O
ก็	O
อยู่	O
ที่	O
การประสานงาน	O
ของ	O
บ้าน	O
และ	O
การให้	O
ความร่วมมือ	O
ของ	O
ฟค.	NORM_1WORD
ก็	O
ลอง	O
ดู	O
จาก	O
ที่	O
ผ่าน	O
มา	O
ว่า	O
แอด	O
บ้าน	O
ไหน	O
ปวดหัว	O
กะ	O
แฟนคลับ	O
มาก	O
กว่า	O
กัน	O

อยาก	O
จะ	O
ขอบคุณ	O
คริส	O
ที่	O
เข้า	O
มา	O
เปลี่ยน	O
อะไร	O
หลายๆ	NORM_2WORD
อย่าง	O
ใน	O
ชีวิต	O
_	O
จาก	O
คน	O
ที่	O
ไม่	O
ชอบ	O
อ่าน	O
หนังสือ	O
_	O
ก็	O
มา	O
อ่าน	O
หนังสือ	O
โซตัส	O
_	O
ได้	O
ทำให้	O
มา	O
เจอ	O
เพื่อน	O
ใหม่ๆ	NORM_2WORD
ที่	O
เป็น	O
กลุ่ม	O
แฟนคลับ	O
_	O
และ	O
สุดท้าย	O
อยาก	O
ขอบคุณ	O
รอยยิ้ม	O
ของ	O
เทอ	NORM_1WORD
ที่	O
มา	O
ช่วย	O
ทำให้	O
เรา	O
หาย	O
เหนื่อย	O
และ	O
มี	O
กำลังใจ	O
ใน	O
การทำ	O
งาน	O
ใน	O
วัน	O
ต่อๆ	O
ไป	O
_	O
รัก	O
เทอ	NORM_1WORD
นะ	O
_	O
#kristperawat	O
_	O
#sotusStheseries	O

มี	O
แฟน	O
_	O
#BNK48	O
_	O
ถาม	O
ถึง	O
เพลง	O
_	O
Namida	O
Surprise	O
_	O
อีก	O
แล้ว	O
_	O
สำหรับ	O
ผม	O
_	O
เพลง	O
นี้	O
สามารถ	O
เล่น	O
ได้	O
สนุก	O
ทุก	O
งาน	O
ครับ	O
_	O
ไม่	O
จำเป็น	O
ต้อง	O
ร้อง	O
แค่	O
งาน	O
วันเกิด	O
_	O
ดู	O
จาก	O
ต้นตำหรับ	NORM_1WORD
_	O
#AKB48	O
_	O
เค้า	O
เล่น	O
หมด	O
ทุก	O
งาน	O
_	O
และ	O
เล่น	O
บ่อย	O
มาก	O
ด้วย	O
_	O
โดยเฉพาะ	O
เวลา	O
ไป	O
ออก	O
ทีวี	O
ตอน	O
ปีใหม่	O
_	O
จะ	O
ต้อง	O
เล่น	O
เพลง	O
นี้	O
ทุก	O
ปี	O
เลย	O
ครับ	O
_	O
เห็น	O
มา	O
_	O
4	O
_	O
ปี	O
แล้ว	O
_	O
ทำไม	O
นะ	O
ครับ	O
_	O
ใคร	O
รู้	O
มั่ง	NORM_1WORD

***	O
รูป	O
ยืม	O
มา	O
ค่ะ	O
_	O
หาก	O
ปล่อย	O
น้อง	O
พีชชี่	O
_	O
แจฮยอน	O
ตัว	O
นี้	O
มี	O
คน	O
สนใจ	O
จะ	O
รับ	O
น้อง	O
ไป	O
ดูแล	O
เล่น	O
ต่อ	O
ไหม	O
ค่ะ	NORM_1WORD
_	O
สภาพ	O
น้อง	O
ดี	O
ค่ะ	O
_	O
เรา	O
ซัก	O
น้อง	O
เก็บ	O
ไว้	O
อย่าง	O
ดี	O
_	O
ได้	O
ชุด	O
+	O
หมวก	O
ตาม	O
ภาพ	O
เลย	O
ค่ะ	O
_	O
ราคา	O
อาจ	O
จะ	O
แรง	O
1000	O
อัพ	NORM_1WORD
_	O
หน่อย	O
นะ	O
คะ	O
_	O
เนื่องจาก	O
หา	O
ยาก	O
แล้ว	O
จริงๆ	NORM_2WORD
_	O
ตัดใจ	O
ปล่อย	O
ด้วย	O
ขอ	O
คน	O
สนใจ	O
จะ	O
รับ	O
น้อง	O
จริงๆ	NORM_2WORD
_	O
ไม่	O
ดราม่า	O
_	O
#ตลาดนัดnct	O
_	O
#ตลาดนัดอซท	O
_	O
#แจฮยอน	O

โครงการ	O
งด	O
ใช้	O
ถุง	O
พลาสติก	O
ลด	O
โลกร้อน	O
ของ	O
เซเว่น	O
ใน	O
ม.	O
นี่	O
ก็	O
ดี	O
นะ	O
_	O
แต่	O
ก็	O
ควร	O
พิจารณา	O
เป็น	O
รายๆ	O
ไป	O
ปะ	NORM_1WORD
_	O
ถ้า	O
ของ	O
2	O
-	O
3	O
อย่าง	O
ไม่	O
ใส่	O
ถุง	O
ก็	O
โอเค	O
_	O
แต่	O
นี่	O
คือ	O
กุ	NORM_1WORD
ซื้อ	O
6	O
อย่าง	O
จะ	O
ให้	O
หอบ	O
ยังไง	NORM_1WORD
อ่ะ	NORM_1WORD
_	O
น้ำ	O
อีก	O
สอง	O
ขวด	O
แถม	O
มี	O
ขวด	O
แก้ว	O
ซีวิต	O
ด้วย	O
แต่	O
บอก	O
ไม่	O
ใส่	O
ถุง	O
ให้	O
เพราะ	O
ทำ	O
โครงการ	O
นะ	O
ครับ	O
คือ	O
เชี่ย	NORM_1WORD
ไร๊	NORM_1WORD
_	O
สรุป	O
กุ	NORM_1WORD
เดิน	O
มา	O
แปบเดียว	NORM_1WORD
ทำ	O
ขวด	O
หล่น	O
แตก	O
อด	O
แดก	O
ไปอีก	O
_	O
โมโห	O

ปล่อย	O
_	O
#	O
Cherprang	O
BNK48	O
_	O
ทำ	O
หน้าที่	O
รายการ	O
_	O
คืน	O
ความสุข	O
_	O
ให้	O
ประเทศ	O
ไทย	O
ไป	O
_	O
เรา	O
เชื่อ	O
ว่า	O
_	O
คน	O
ไทย	O
_	O
รู้	O
ดี	O
_	O
ว่า	O
อะไร	O
เป็น	O
อะไร	O
_	O
ประยุทธ์	O
_	O
ควร	O
อยู่	O
ต่อ	O
_	O
หรือ	O
จะ	O
ไม่	O
ควร	O
อยู่	O
ต่อ	O
ไป	O
_	O
มัน	O
อยู่	O
ที่	O
ประชาชน	O
_	O
ไม่	O
ใช่	O
เอา	O
ความนิยม	O
_	O
#BNK48	O
_	O
มา	O
เปลี่ยนใจ	O
คน	O
ได้	O
หรอก	O
_	O
เพราะ	O
คน	O
สมัย	O
นี้	O
_	O
ตกผลึก	O
กัน	O
หมด	O
แล้ว	O
_	O
ว่า	O
ชอบ	O
_	O
หรือ	O
ไม่	O
ชอบ	O
_	O
รัฐบาลทหาร	O
ลุง	O
ตู่	O
_	O
นี้	O

baekdcem	O
_	O
พี่	O
คน	O
นี้	O
น่ารัก	O
มาก	O
_	O
ความตลก	O
ให้	O
_	O
100	O
/	O
10	O
_	O
เลย	O
_	O
คุย	O
กัน	O
ที	O
ไร	O
ผม	O
ขำ	O
มุก	O
พี่	O
ตลอด	O
_	O
เป็น	O
คน	O
ที่	O
ชวน	O
คุย	O
เก่ง	O
ด้วย	O
_	O
คุย	O
กับ	O
พี่	O
แล้ว	O
ไม่	O
เคย	O
เบื่อ	O
เลย	O
_	O
พี่	O
สดใส	O
มากๆ	NORM_2WORD
_	O
เหมือน	O
มี	O
พลังงาน	O
บวก	O
ที่	O
ปล่อย	O
ออก	O
มา	O
ทำให้	O
คน	O
รอบ	O
ข้าง	O
มี	O
ความสุข	O
ซึ่ง	O
มัน	O
ดี	O
มากๆ	NORM_2WORD
เลย	O
_	O
พี่	O
เป็น	O
อีก	O
หนึ่ง	O
คน	O
ที่	O
คอย	O
มา	O
ปลอบ	O
ผม	O
ตลอด	O
_	O
ขอบคุณ	O
นะ	O
ครับ	O
_	O
กิน	O
ข้าว	O
ให้	O
ตรง	O
เวลา	O
ด้วย	O

ใกล้	O
จะ	O
วาเลนไทน์	O
แล้ววว	NORM_1WORD
_	O
ใคร	O
สนใจ	O
ดูดวง	O
_	O
DM	O
_	O
มา	O
เลย	O
_	O
ดู	O
ได้	O
ทุก	O
เรื่อง	O
เลย	O
นะ	O
ครับ	O
_	O
ราคา	O
ต่อ	O
_	O
1	O
_	O
คำถาม	O
ข้างล่าง	O
_	O
มี	O
แพ็คเกจ	NORM_1WORD
เนื้อคู่	O
_	O
ดวง	O
ราย	O
ปี	O
_	O
ราย	O
วัน	O
ด้วย	O
น้า	O
_	O
พร้อม	O
เป็น	O
ที่ปรึกษา	O
และ	O
ให้	O
กำลังใจ	O
กับ	O
ทุก	O
คน	O
ครับ	O
ผม	O
_	O
ดู	O
รีวิว	O
ได้	O
ที่	O
_	O
#BlackAnchorFortune	O
_	O
ครับ	O
_	O
#ดูดวง	O
_	O
#ดูดวงฟรี	O
_	O
#ดูดวงความรัก	O
_	O
#ดูดวงการเรียน	O
_	O
#ดูดวงไพ่ยิปซี	O

อีก	O
ทฤษฎี	O
คือ	O
แกน	O
โลก	O
หยุด	O
หมุน	O
_	O
หมายถึง	O
โลก	O
จะ	O
ไร้	O
แรงโน้มถ่วง	O
ไร้	O
สนามแม่เหล็ก	O
_	O
และ	O
อีก	O
เรื่อง	O
คือ	O
การเคลื่อนที	NORM_1WORD
ออก	O
ห่าง	O
จาก	O
ดวงอาทิตย์	O
ทีละนิด	O
ก็	O
มี	O
ผล	O
ทำ	O
ให้	O
โลก	O
เย็น	O
ลง	O
เรื่อยๆ	NORM_2WORD
_	O
หรือ	O
การเคลื่อนที	NORM_1WORD
ออก	O
จาก	O
ดวงจันทร์	O
ทีละนิด	O
ทำ	O
ให้	O
ภาวะ	O
น้ำ	O
ขึ้น	O
น้ำ	O
ลง	O
หาย	O
ไป	O
อีก	O
_	O
มี	O
หลาย	O
ทฤษฎี	O
มาก	O
_	O
ที่	O
จะ	O
มี	O
ผล	O
ทำ	O
ให้	O
มนุษย์	O
อยู่	O
ต่อ	O
ไม่	O
ได้	O
_	O
ไม่	O
นับ	O
โลก	O
ร้อน	O

ถ้า	O
คุณ	O
เลือก	O
_	O
2	O
.	O
ปล่อย	O
มัน	O
ไป	O
_	O
อย่าง	O
น้อย	O
ก็	O
ไม่	O
เจ็บ	O
มือ	O
_	O
แปล	O
ว่า	O
_	O
เมื่อ	O
คุณ	O
มี	O
ความรัก	O
_	O
คุณ	O
จะ	O
ทุ่มเท	O
กับ	O
มัน	O
อย่าง	O
เต็ม	O
ที่	O
_	O
แต่	O
ถ้า	O
ถึง	O
จุด	O
ที่	O
ความรัก	O
ต่อ	O
ไม่	O
ได้	O
_	O
ถึง	O
คุณ	O
จะ	O
เสียใจ	O
กับ	O
มัน	O
มาก	O
_	O
สุดท้าย	O
คุณ	O
ก็	O
ยอม	O
ปล่อย	O
มัน	O
ไป	O
_	O
และ	O
_	O
พยายาม	O
ทำ	O
ความเข้าใจ	O
กับ	O
มัน	O
_	O
ว่า	O
ที่	O
ผ่าน	O
มา	O
คุณ	O
ทำ	O
ดี	O
ที่สุด	O
แล้ว	O
_	O
ที่	O
เหลือ	O
คือ	O
ต้อง	O
กลับ	O
มา	O
รักษา	O
หัวใจ	O
ตัวเอง	O

รอ	O
การเลือกตั้ง	O
มา	O
5	O
ปี	O
_	O
เสียเวลา	O
ลางาน	O
เสีย	O
ค่า	O
น้ำมัน	O
กลับ	O
ตจว	NORM_1WORD
ไป	O
เลือกตั้ง	O
_	O
เพื่อ	O
พบ	O
ว่า	O
แม่ง	O
มี	O
การซื้อเสียง	O
อยู่	O
หลัง	O
หน่วยเลือกตั้ง	O
และ	O
มหากาพย์	O
การนับคะแนน	O
ของ	O
กกต.	O
ที่	O
โคตร	O
โง่	O
ที่สุด	O
ใน	O
จักรวาล	O
_	O
นับ	O
มา	O
เป็น	O
เดือน	O
ก็	O
สรุป	O
คะแนน	O
ไม่	O
ได้	O
_	O
แถม	O
กลโกง	O
ทุก	O
รูปแบบ	O
เพื่อ	O
โกง	O
คะแนน	O
อีก	O
_	O
โคตร	O
สิ้นหวัง	O
แล้ว	O
ประเทศ	O
ไทย	O
_	O
#เลือกตั้ง62	O
_	O
#กกต	O

จะ	O
ปั่น	O
แท็ก	O
ด้วย	O
การเล่า	O
ละกัน	O
ว่า	O
ทำไม	O
ถึง	O
ชอบ	O
_	O
#ลักยิ้มกินพีช	O
_	O
#giftedtheseries	O
_	O
เรื่อง	O
นี้	O
แหล่ะ	NORM_1WORD
ที่	O
ทำให้	O
เรา	O
ชอบ	O
คู่	O
นี้	O
_	O
ตอน	O
แรก	O
นี่	O
หัวเสีย	O
กะ	NORM_1WORD
ตา	O
เวฟ	O
มาก	O
_	O
คือ	O
พ่อมด	O
อ่ะ	NORM_1WORD
_	O
พ่อมด	O
ชั่ว	O
จริงๆ	NORM_2WORD
_	O
(	O
เสียง	O
แคลร์	O
)	O
_	O
แต่	O
พอ	O
แปง	O
กะ	NORM_1WORD
เวฟ	O
เริ่ม	O
ร่วมมือ	O
กัน	O
พัง	O
รร.	O
_	O
เอ้ย	O
_	O
ล้ม	O
ผอ.	O
_	O
เริ่ม	O
หวีด	O
ละ	NORM_1WORD
_	O
ยิ่ง	O
ฉาก	O
ปา	O
กระดาษ	O
และ	O
ฉาก	O
ล้ม	O
ตัว	O
นอน	O
ใน	O
ตำนาน	O
_	O
(	O
ต่อ	O
)	O

#ชื่อนี้ท่านได้แต่ใดมา	O
_	O
ชื่อจริง	O
พ่อ	O
เปิด	O
ตำรา	O
ตั้ง	O
เอา	O
ตาม	O
วันเกิด	O
เลย	O
_	O
555	O
_	O
แปล	O
ว่า	O
_	O
เป็นใหญ่	O
ได้	O
ด้วย	O
ความรู้	O
_	O
พ่อ	O
บอก	O
ว่า	O
จะ	O
ได้	O
สม	O
กับ	O
นามสกุล	O
_	O
ที่	O
แปล	O
ว่า	O
_	O
อุดม	O
ไป	O
ด้วย	O
ความเพียร	O
_	O
--	O
_	O
คือ	O
ต้อง	O
มี	O
ความรู้	O
_	O
ถึง	O
จะ	O
เป็นใหญ่	O
ได้	O
_	O
แต่	O
จะ	O
มี	O
ความรู้	O
ได้	O
ต้อง	O
ขยัน	O
_	O
โอ๊ย	O
_	O
พ่อ	O
_	O
5555	O
_	O
(	O
สถานะ	O
ปัจจุบัน	O
_	O
เอ่อ	O
_	O
ลูซเซอร์	O
_	O
ขี้เกียจ	O
ตัว	O
เป็น	O
คน	NORM_1WORD
)	O

น่ารัก	O
_	O
น่ารัก	O
_	O
น่ารัก	O
_	O
น่ารัก	O
_	O
น่ารัก	O
_	O
น่ารัก	O
_	O
น่ารัก	O
_	O
น่ารัก	O
_	O
น่ารัก	O
_	O
น่ารัก	O
_	O
น่ารัก	O
_	O
น่ารัก	O
_	O
น่ารัก	O
_	O
น่ารัก	O
_	O
น่ารัก	O
_	O
น่ารัก	O
_	O
น่ารัก	O
_	O
น่ารัก	O
_	O
น่ารัก	O
_	O
น่ารัก	O
_	O
น่ารัก	O
_	O
น่ารัก	O
_	O
น่ารัก	O
_	O
น่ารัก	O
_	O
น่ารัก	O
_	O
น่ารัก	O
_	O
น่ารัก	O
_	O
น่ารัก	O
_	O
น่ารัก	O
_	O
น่ารัก	O
_	O
น่ารัก	O
_	O
น่ารัก	O
_	O
น่ารัก	O
_	O
น่ารัก	O
_	O
น่ารัก	O
_	O
น่ารัก	O
_	O
น่ารัก	O
_	O
#	O
Mobile	O
BNK48	O
_	O
#BNK48	O

วันนี้	O
ความถี่	O
โหด	O
มาก	O
แต่	O
2	O
-	O
3	O
_	O
วัน	O
นี้	O
_	O
ทวิต	O
เหมือน	O
ดึง	O
เกม	O
แปลกๆ	NORM_2WORD
หา	O
กลยุทธ์	O
มา	O
ไฟว้	NORM_1WORD
กัน	O
ทุก	O
วัน	O
_	O
หลาย	O
ครั้ง	O
เรา	O
เห็น	O
ยอด	O
น้อย	O
ทำไม	O
ติด	O
เทรนด์	O
อัน	O
นั้น	O
มี	O
แอค	NORM_1WORD
ยอด	O
ฟอล	NORM_1WORD
หลาย	O
หมื่น	O
หลาย	O
แสน	O
เล่น	O
อยู่	O
_	O
แต่	O
พวก	O
เรา	O
อาศัย	O
สู้ยิบตา	O
จริงๆ	NORM_2WORD
_	O
ขอบคุณ	O
สำหรับ	O
ที่	O
ร่วม	O
กัน	O
ปั่น	O
หลังชนฝา	O
มา	O
ด้วย	O
กัน	O
ทั้ง	O
สัปดาห์	O
ค่ะ	O
_	O
รัก	O
_	O
#	O
สามีตีตรา	O
รีรันep12	O
_	O
#popezaap	O

แหม	O
_	O
อี	O
เฟื่อง	O
_	O
มึง	O
บอก	O
ส่า	NORM_1WORD
จุดประสงค์	O
ที่	O
เปิด	O
แอค	O
นี้	O
มา	O
เล่น	O
คือ	O
รัก	O
ทไวซ์	O
_	O
สนับสนุน	O
ทไวซ์	O
_	O
ใช่	O
หรอออ	NORM_1WORD
_	O
ไม่	O
ใช่	O
เปิด	O
มา	O
เพื่อ	O
ด่า	O
ศลป.	NORM_1WORD
คน	O
อื่น	O
ด้วย	O
หรอออ	NORM_1WORD
_	O
เห็น	O
ด่า	O
ลูก	O
กู	O
ไม่	O
หนุด	NORM_1WORD
ไม่	O
หย่อน	O
เลย	O
นะ	O
จ๊ะ	O
_	O
แน่ใจ	O
หรอ	O
ว่า	O
เปิด	O
เพราะ	O
รัก	O
ทไวซ์	O
_	O
ไม่	O
ใช่	O
เปิด	O
เพราะ	O
หมั่นไส้	O
บพ.	O
แล้ว	O
จะ	O
เอา	O
ทไวซ์	O
มา	O
ข่ม	O
บพ.	O
มัน	O
อ่ะ	O
_	O
เห็น	O
ตาม	O
ด่า	O
ตาม	O
แซะ	O
ลูก	O
กู	O
ตลอด	O
เลย	O
น้า	O

ปฏิเสธ	O
คน	O
หนึ่ง	O
เพื่อ	O
ถูก	O
ปฏิเสธ	O
กับ	O
อีก	O
คน	O
ที่	O
เรา	O
รัก	O
ที่สุด	O
และ	O
ไว้ใจ	O
ที่สุด	O
_	O
มัน	O
เจ็บปวด	O
นะ	O
_	O
#ไม่เป็นไร	O
_	O
เรา	O
เลือก	O
แล้ว	O
นี้	NORM_1WORD
_	O
ก้ม	O
หน้า	O
ยอมรับ	O
ไป	O
_	O
มัน	O
อาจ	O
จะ	O
ทำให้	O
เรา	O
แข็งแกร่ง	O
ขึ้น	O
มาก	O
กว่า	O
นี้	O
_	O
ต่อ	O
ไป	O
เรา	O
คง	O
ไม่	O
เชื่อ	O
ใน	O
การตัดสินใจ	O
ตัวเอง	O
แล้ว	O
ล่ะ	NORM_1WORD
_	O
ขนาด	O
คน	O
ที่	O
เรา	O
รัก	O
ยัง	O
ปฏิเสธ	O
ได้	O
เพียง	O
นี้	O
_	O
#ที่ผ่านมาฉันคิดเองเออเองมาตลอดใช่ไหม	O

ชีวิต	O
นี้	O
ก็	O
ไม่	O
คิด	O
ไป	O
มี	O
เรื่อง	O
หรือ	O
ต้อง	O
ทวีต	O
ด่า	O
ด้อม	O
อื่น	O
_	O
ทั้งที่	O
เฉย	O
กับ	O
ดราม่า	O
ตั้ง	O
เยอะ	O
ไม่	O
คิด	O
ว่า	O
ต้อง	O
มา	O
ทะเลาะ	O
_	O
เพราะ	O
เรื่อง	O
น้อง	O
พิมพ์	O
ภาษา	O
ไทย	O
เว้นวรรค	O
_	O
ทุก	O
เรื่อง	O
ของ	O
น้อง	O
แบม	O
ล้วน	O
ไป	O
หนักหัว	O
ของ	O
คน	O
ต่าง	O
ด้อม	O
ว่าง	O
มาก	O
สิ	O
นะ	O
ถึง	O
ขยัน	O
มา	O
ยุ้ง	NORM_1WORD
เรื่อง	O
ด้อม	O
คน	O
อื่น	O
เนี่ย	O
ลำบาก	O
หน่อย	O
นะ	O
ที่	O
ออก	O
ไป	O
ไหน	O
ก็	O
เจอ	O
แต่	O
น้อง	O
เรา	O
ทุก	O
ที่	O
ยิ้มอ่อน	O
555	O

ว่าด้วย	O
เรื่อง	O
ความเป็นตัวของตัวเอง	O
_	O
สุดท้าย	O
เรา	O
ก็	O
ชอบ	O
แคน	O
ที่	O
นาง	O
เปน	NORM_1WORD
ตัวเอง	O
_	O
ที่	O
เล่า	O
เรื่อง	O
ที่	O
ตัวเอง	O
อิน	O
ได้	O
เปน	NORM_1WORD
วรรค	O
เปน	NORM_1WORD
เวร	O
โดย	O
ไม่	O
รู้	O
ว่า	O
ใคร	O
จะ	O
ชอบ	O
เรื่อง	O
นั้น	O
ไหม	O
_	O
แต่	O
ฉัน	O
อิน	O
_	O
ให้	O
ฉัน	O
พูด	O
อย่าง	O
อื่น	O
ฉัน	O
ก็	O
ไม่	O
อิน	O
แล้ว	O
_	O
เนี่ย	NORM_1WORD
_	O
มัน	O
ต้อง	O
งี้	NORM_1WORD
_	O
น้อง	O
ตก	O
เรา	O
ได้	O
จาก	O
สีหน้า	O
แววตา	O
ที่	O
สดใส	O
เวลา	O
เล่า	O
เรื่อง	O
เหล่า	O
นั้น	O
_	O
#CanBNK48	O
_	O
#BNK48	O

I'm	O
_	O
Agree	O
..	O
!	O
,	O
As	O
_	O
be	O
_	O
Friendship's	O
_	O
&	O
_	O
Relation's	O
_	O
between	O
_	O
JKT48	O
_	O
-	O
_	O
Indonesia	O
_	O
&	O
_	O
BNK48	O
_	O
Thailand	O
,	O
_	O
So	O
_	O
With	O
_	O
be	O
_	O
it's	O
_	O
Girlband's	O
_	O
Relationship	O
_	O
&	O
_	O
Entertainership	O
_	O
on	O
_	O
Asian's	O
_	O
is	O
_	O
Priorities	O
..	O
!	O
,	O
Be	O
_	O
implemntation	O
_	O
on	O
_	O
Cordination's	O
,	O
Communi	O
_	O
cation's	O
_	O
&	O
_	O
Connection's	O
..	O
!	O
Congratulation's	O
..	O
!	O
_	O
See	O
_	O
U	O
..	O
,	O
_	O
Bye's	O
_	O
.	O

รีวิว	O
เจ้า	O
โฮจอง	O
ลูกชาย	O
มี๊	O
_	O
โฮจอง	O
ยัง	O
หล่อ	O
เหมือน	O
เดิม	O
แต่	O
แค่	O
กลับ	O
ร่าง	O
โฮมุง	O
_	O
คือ	O
ตอน	O
อยู่	O
_	O
unb	O
_	O
น้อง	O
ไม่	O
ได้	O
เด็ก	O
สุด	O
เลย	O
อาจจะ	O
เกรงๆ	O
อะ	O
_	O
พอ	O
กลับ	O
ฮช	O
มี	O
มักเน่	O
ไลน์	O
ทีม	O
เลย	O
งุ้งงิ้ง	O
มาก	O
_	O
พี่	O
ตามใจ	O
มาก	O
_	O
แถม	O
ขี้	O
ดุ	O
พี่	O
มาก	O
_	O
แย่ง	O
ไมค์	O
มา	O
เป็น	O
เอ็มซี	O
ตลอด	O
_	O
ร้อน	O
ไม่	O
ได้	O
_	O
หิว	O
ไม่	O
ได้	O
หน้า	O
จะ	O
เบะ	O
คุณชาย	O
โฮมุง	O
ของ	O
พี่	O
_	O
นี่	O
โดน	O
ยัย	O
อ้อน	O
ใส่	O
ด้วย	O
_	O
ตกใจ	O
_	O
555	O

กล่องสุ่ม	O
สุด	O
คุ้ม	O
_	O
รอบ	O
นี้	O
ทำ	O
_	O
8	O
_	O
กล่อง	O
ตอน	O
นี้	O
เหลือ	O
_	O
6	O
_	O
กล่อง	O
ลิ้วว	NORM_1WORD
_	O
มี	O
_	O
BTS	O
_	O
ล้วน	O
_	O
3	O
_	O
กล่อง	O
_	O
กับ	O
รวม	O
ด้อม	O
_	O
BTS	O
-	O
EXO	O
_	O
,	O
_	O
BTS	O
-	O
GOT7	O
_	O
,	O
_	O
GOT7	O
-	O
EXO	O
_	O
อีก	O
_	O
3	O
_	O
กล่อง	O
_	O
สินค้า	O
พร้อม	O
ส่ง	O
_	O
ได้	O
ของ	O
คุ้ม	O
จริง	O
ไม่	O
จกตา	O
_	O
ของ	O
ใน	O
กล่อง	O
_	O
200	O
++	O
_	O
แต่	O
เรา	O
ขาย	O
ราคา	O
_	O
150	O
_	O
บาท	O
รวม	O
ส่ง	O
ลทบ.	NORM_1WORD
_	O
มี	O
ของ	O
แถม	O
ทุก	O
กล่อง	O
_	O
เข้า	O
มา	O
ดู	O
รีวิว	O
ร้าน	O
ได้	O
_	O
#รีวิวร้านติ่งเลือดผสม	O

ขอบคุณ	O
มากๆ	NORM_2WORD
_	O
ค่ะ	O
_	O
ดีใจ	O
ที่	O
ได้	O
คุย	O
กัน	O
เหมือนกัน	O
ฮะ	O
_	O
คุณ	O
โอ๊ค	O
ช่วย	O
ให้	O
ทาง	O
นี้	O
ไม่	O
เหงา	O
ตอน	O
อยู่	O
แคนาดา	O
เช่นกัน	O
_	O
จริงๆ	NORM_2WORD
เจื้อย	O
ก็	O
_	O
positive	O
บ้าง	O
บ่น	O
บ้าง	O
สลับ	O
กัน	O
ไป	O
_	O
แต่	O
ก็	O
อยาก	O
positive	O
แหละ	O
ค่ะ	O
55	O
_	O
นี่	O
เหมือน	O
ยัง	O
ติด	O
วาดรูป	O
พืช	O
ที่	O
ขึ้น	O
ต้น	O
ด้วย	O
ตัวIให้	O
คุณ	O
โอ๊ค	O
จาก	O
แท็ก	O
ที่	O
บอก	O
จาก	O
วาด	O
ตั้งแต่	O
หลาย	O
เดือน	O
ก่อน	O
อยู่	O
เลย	O
ฮะ	O
/	O
สู้ๆ	NORM_2WORD
กับ	O
ดิสเซอร์	NORM_1WORD
ค่า	NORM_1WORD

ตอน	O
_	O
ม.	O
1	O
_	O
มี	O
ตอน	O
เย็น	O
มี	O
เรียน	O
เสริม	O
_	O
เรา	O
ก็	O
ไม่	O
รู้	O
จะ	O
ทำ	O
ไร	O
_	O
งนอน	NORM_1WORD
รอ	O
ครู	O
เข้า	O
_	O
ก็	O
เลย	O
ฟุบ	O
ไป	O
กับ	O
โต๊ะ	O
แล้ว	O
เอา	O
ฮูด	O
คลุม	O
หัว	O
ไว้	O
ด้วย	O
_	O
สัก	O
พัก	O
ก็	O
รู้สึก	O
ว่า	O
มี	O
คน	O
สกิด	O
_	O
นั้น	NORM_1WORD
ไง	O
เพื่อน	O
แกล้ง	O
อีก	O
แหละ	O
_	O
ด้วย	O
ความรำคาญ	O
เลย	O
ยก	O
มือ	O
ขึ้น	O
ชู	O
นิ้ว	O
กลาง	O
จาก	O
นั้น	O
ก็	O
หมุน	O
จาก	O
นั้น	O
ก็	O
ได้ยิน	O
เพื่อน	O
หัวเราะ	O
เลย	O
เงย	O
มา	O
_	O
สรุป	O
คน	O
สกิด	O
คือ	O
ครู	O
_	O
#เรื่องมันช่างน่าอาย	O

อิจฉา	O
คน	O
ที่	O
เค้า	NORM_1WORD
มี	O
เงิน	O
เปย์	O
กัซ	O
เนอะ	O
_	O
กัซ	O
มี	O
ไร	O
มา	O
ก็	O
ซื้อ	O
ได้	O
หมด	O
_	O
ทั้ง	O
ไป	O
คอน	NORM_1WORD
_	O
ซื้อ	O
บั้ม	NORM_1WORD
_	O
ซื้อ	O
พรี	O
กู๊ด	O
ตั่งต่าง	NORM_1WORD
_	O
อยาก	O
เปย์	O
ได้	O
แบบ	O
นั้น	O
บ้าง	O
จัง	O
_	O
ทำ	O
ได้	O
แค่	O
ส่อง	O
_	O
ส่อง	O
_	O
ส่อง	O
_	O
แล้ว	O
ก็	O
ส่อง	O
_	O
ถ้า	O
มี	O
เงิน	O
คง	O
เปย์	O
ไป	O
แล้ว	O
_	O
ทำ	O
ได้	O
มาก	O
สุด	O
ก็	O
ซื้อ	O
ของ	O
เข็กๆ	NORM_1WORD
น้อยๆ	O
ไว้	O
เป็น	O
กำลังใจ	O
_	O
โหวต	O
_	O
ปั่น	O
วิว	O
_	O
ทำ	O
ได้	O
แค่	O
นี้	O
จริงๆ	NORM_2WORD
_	O
อยาก	O
ทำ	O
ให้	O
ได้	O
มาก	O
กว่า	O
นี้	O
_	O
#GOT7	O

เพิ่ง	O
ดู	O
ซีรีส์	O
_	O
Hospital	O
_	O
Ship	O
_	O
จบ	O
_	O
บอก	O
เรย	NORM_1WORD
ว่า	O
ดู	O
เรื่อง	O
นี้	O
ไม่	O
ผิดหวัง	O
แน่นอน	O
_	O
บีบ	O
หัวใจ	O
ตั้งแต่	O
_	O
ep.	O
แรก	O
จนถึง	O
ep.	O
สุดท้าย	O
_	O
(	O
ep.1	O
-	O
40	O
_	O
ดูกัน	O
ไป	O
ยาวๆ	NORM_2WORD
เลย	O
จ้า	O
)	O
_	O
คนเขียนบท	O
โหด	O
มาก	O
อิ	O
ด้อน	O
_	O
สำหรับ	O
คน	O
ที่	O
ชอบ	O
ดู	O
แนวหมอ	O
อ่ะ	NORM_1WORD
ดู	O
เหอะ	O
_	O
หมอ	O
ซง	O
กับ	O
หมอ	O
กวัก	O
น่ารัก	O
มาก	O
_	O
นี่	O
ติด	O
เรื่อง	O
นี้	O
จน	O
โดน	O
ครู	O
เรียก	O
ไป	O
ปรับ	O
ทัศนคติ	O
อ่ะ	NORM_1WORD
_	O
เอา	O
ไป	O
_	O
10000	O
/	O
10	O
_	O
กะโหลก	O

วัน	O
นี้	O
ตั้งหน้าตั้งตา	O
รอ	O
ไป	O
ดู	O
สไปดี้	O
พากย์	O
ไทย	O
มาก	O
ๆ	O
_	O
คือ	O
ชอบ	O
เสียง	O
งุ้งๆงิ้งๆ	NORM_3PLUS
ของ	O
น้อง	O
ทอม	O
นะ	O
_	O
แต่	O
พอ	O
พากย์	O
ไทย	O
โดย	O
โชกุน	O
The	O
Voice	O
_	O
ยิ่ง	O
น่ารัก	O
ไป	O
อี๊กก	NORM_1WORD
_	O
โทนเสียง	O
ก็	O
คล้าย	O
มาก	O
_	O
งุ้งงิ้ง	O
คูณ	O
10	O
_	O
วัน	O
นี้	O
จะ	O
ได้	O
ยิน	O
คำ	O
ว่า	O
_	O
โอ้แม่เจ้า	O
_	O
มั้ย	NORM_1WORD
นะ	O
_	O
แต่	O
ที่	O
น่าเศร้า	O
คือ	O
_	O
เรา	O
น่า	O
จะ	O
ไม่	O
ได้	O
ยิน	O
_	O
คุณ	O
สตาร์ค	O
ฮะ	O
_	O
อีก	O
แล้ว	O
_	O
#SpiderManFarFromHome	O

อ่าน	O
ใน	O
รีพลาย	O
ส่วนใหญ่	O
แอบ	O
เสียใจ	O
นะคะ	O
ที่	O
หลายคน	O
บอก	O
ว่า	O
รัก	O
ศลป	NORM_1WORD
เหมือน	O
ครอบครัว	O
เห็น	O
การเติบโต	O
ของ	O
ศลป	NORM_1WORD
_	O
วง	O
ตัวเอง	O
กัน	O
มา	O
ยังไง	O
ก็	O
รัก	O
ไม่	O
ว่า	O
จะ	O
ดัง	O
หรือ	O
ไม่	O
ดัง	O
_	O
ใน	O
ฐานะ	O
มี่	O
อยาก	O
บอก	O
ว่า	O
พวกเรา	O
ก็	O
รัก	O
บัง	O
เหมือน	O
พี่น้อง	O
เห็น	O
การเติบโต	O
ความยากลำบาก	O
มา	O
ไม่	O
แพ้	O
กัน	O
แล้ว	O
พวกเรา	O
ก็	O
รัก	O
ที่	O
ความสามารถ	O
ความพยายาม	O
ของ	O
เขา	O
คะ	O
_	O
ไม่	O
ใช่	O
เพราะ	O
ดัง	O
เลย	O

วันนี้	O
ขอ	O
_	O
#รีวิว	O
_	O
หนึ่ง	O
ใน	O
สิ่ง	O
ที่	O
ดี	O
งาม	O
ที่สุด	O
ใน	O
_	O
#ญี่ปุ่น	O
_	O
มัน	O
คือ	O
_	O
ATM	O
_	O
ที่	O
ฝาก	O
เงิน	O
เป็น	O
เหรียญ	O
ได้	O
_	O
ตั้งแต่	O
เหรียญ	O
_	O
1	O
_	O
เยน	O
_	O
ไป	O
ถึง	O
_	O
500	O
_	O
เยน	O
ใส่	O
ได้	O
หมด	O
เลย	O
!!!	O
_	O
คือ	O
ดี	O
แบบ	O
จะ	O
ร้องไห้	O
_	O
/	O
ปาด	O
_	O
แต่	O
!!!	O
_	O
ไม่	O
ใช่	O
ว่า	O
ช่อง	O
ใส่	O
เหรียญ	O
จะ	O
ใช้	O
ได้	O
ทุก	O
ตู้	O
_	O
ส่วนใหญ่	O
มี	O
แต่	O
ใช้	O
ไม่	O
ได้	O
_	O
แต่	O
พอดี	O
เรา	O
รู้	O
_	O
SMBC	O
_	O
สาขา	O
นึ	NORM_1WORD
งตรง	O
อุเมดะ	O
ใคร	O
อยาก	O
รู้	O
ทัก	O
มา	O
จ้า	O

ใน	O
ฐานะ	O
ฟค.	NORM_1WORD
เรา	O
เอง	O
ก็	O
ไม่	O
รู้	O
จะ	O
ไง	NORM_1WORD
ให้	O
น้อง	O
หาย	O
เศร้า	O
หาย	O
เหงา	O
ได้	O
_	O
เพราะ	O
ถ้า	O
พูด	O
ตาม	O
จริง	O
_	O
เรา	O
ก็	O
คือ	O
คน	O
นอก	O
อยู่	O
ดี	O
_	O
คน	O
ที่	O
น้อง	O
ต้องการ	O
คือ	O
ครอบครัว	O
/	O
เพื่อน	O
_	O
ถึง	O
เรา	O
จะ	O
เศร้า	O
จะ	O
ร้องไห้	O
เพราะ	O
สงสาร	O
น้อง	O
_	O
แต่	O
เรา	O
ก็	O
มั่นใจ	O
อยู่	O
อย่าง	O
นึง	NORM_1WORD
คือ	O
น้อง	O
มี	O
คุณ	O
เต	O
อยู่	O
ข้างๆ	NORM_2WORD
_	O
ฉะนั้น	O
ไม่	O
ว่า	O
จะ	O
เกิด	O
อะไร	O
ขึ้น	O
_	O
น้อง	O
ไม่	O
ได้	O
เผชิญ	O
เพียง	O
ลำพัง	O
แน่นอน	O
_	O
#	O
เต	O
นิว	O

ทอง	O
ไทย	O
ทุบ	O
สถิติ	O
สูง	O
สุด	O
รอบ	O
_	O
21	O
_	O
เดือน	O
_	O
เปิด	O
ตลาด	O
ศุกร์	O
_	O
21	O
_	O
มิ.ย.	O
_	O
ขึ้น	O
พรวด	O
_	O
250	O
บาท	O
_	O
ดังนี้	O
_	O
รูปพรรรณ	O
ขาย	O
_	O
20,950	O
_	O
รับ	O
ซื้อ	O
_	O
19,980	O
_	O
ทองแท่ง	O
ขาย	O
_	O
20,450	O
_	O
รับ	O
ซื้อ	O
_	O
20,350	O
_	O
เงิน	O
บาท	O
แข็ง	O
ค่า	O
โหด	O
มาก	O
แตะ	O
30	O
.	O
80	O
_	O
บาท	O
แล้ว	O
_	O
ยังไง	NORM_1WORD
ก็	O
แล้วแต่	O
_	O
ทอง	O
โลก	O
ก็	O
ดีด	O
ตัว	O
หนี	O
_	O
1,400	O
$	O
_	O
แล้ว	O
ใน	O
เช้า	O
นี้	O
_	O
ไม่	O
พูด	O
มาก	O
_	O
น้ำตา	O
จะ	O
ไหล	O
โชค	O
ดี	O
ทุก	O
ท่าน	O
_	O
#ราคาทอง	O

flearthip	O
_	O
เป็น	O
ไร	NORM_1WORD
คะ	O
_	O
เป็น	O
ไร	NORM_1WORD
มาก	O
ปะ	O
_	O
คุณ	O
ต้องการ	O
เรียกร้อง	O
ความสนใจ	O
หรอ	NORM_1WORD
_	O
ต้องการ	O
อะไร	O
จาก	O
สังคม	O
โง่	O
ยัง	O
อวด	O
อีก	O
มา	O
ว่า	O
คน	O
อื่น	O
ดู	O
ตัวเอง	O
ดี	O
แล้ว	O
รึ	O
ยัง	O
_	O
ทำ	O
มา	O
เป็น	O
ขอโทษ	O
_	O
และ	O
ทำไม	O
ตอน	O
ทำ	O
ไม่	O
คิด	O
ก่อน	O
_	O
เก่ง	O
แต่	O
พิมพ์	O
เป็น	O
นักเลงคีย์บอร์ด	O
_	O
ปล.	NORM_1WORD
อย่า	O
มา	O
ด่า	O
วง	O
ที่	O
ฉัน	O
รัก	O
_	O
วง	O
ของ	O
เรา	O
เรา	O
ก็	O
รัก	O
_	O
ถ้า	O
ใคร	O
ด่า	O
วง	O
นี้	O
บอก	O
เลย	O
คุณ	O
อยู่	O
ไม่	O
สุข	O
แน่	O
_	O
เกลียด	O
!	O

น้ำใส	O
นี่	O
จะ	O
รู้	O
มั้ย	NORM_1WORD
ว่า	O
การกระทำ	O
เช่น	O
นั้น	O
มัน	O
ส่ง	O
ผลกระทบ	O
ต่อ	O
ความรู้สึก	O
คน	O
หลาย	O
ล้าน	O
คน	O
_	O
ทั่ว	O
ทั้ง	O
โลก	O
_	O
ผลกระทบ	O
ที่	O
ตาม	O
มา	O
มัน	O
มาก	O
มาย	O
_	O
สถานทูต	O
มี	O
สิทธิ์	O
จะ	O
แถลงการ	NORM_1WORD
ประนาม	O
การกระทำ	O
อัน	O
แย่ๆ	NORM_2WORD
นี้	O
_	O
ประเทศ	O
ไทย	O
จาก	O
ที่	O
ภาพลักษณ์	O
เป็น	O
ลบ	O
อยู่	O
แล้ว	O
ยิ่ง	O
ลบ	O
หนัก	O
มาก	O
กว่า	O
เดิม	O
_	O
กี่	O
ครั้ง	O
แล้ว	O
ที่	O
เกิด	O
จาก	O
ความไม่รู้ๆ	NORM_2WORD
_	O
ต้อง	O
ตั้ง	O
คำถาม	O
ตัว	O
โตๆ	NORM_2WORD
นะ	O
ครับ	O

(	O
เพราะ	O
ตั้งแต่	O
เริ่ม	O
ติ่ง	O
มี	O
ความคิด	O
ที่	O
ว่า	O
จะ	O
ไม่	O
รัก	O
ตลอด	O
ไป	O
แต่	O
จะ	O
รัก	O
ให้	O
นาน	O
ที่	O
สุด	O
เพราะ	O
ยังไง	O
เมื่อ	O
เรา	O
เติบโต	O
ไป	O
ใน	O
วัน	O
ข้าง	O
หน้า	O
มัน	O
ก็	O
ต้อง	O
มี	O
หลายๆ	NORM_2WORD
อย่าง	O
ให้	O
เรา	O
ต้อง	O
คิด	O
ต้อง	O
ทำ	O
แล้ว	O
มัน	O
ก็	O
มี	O
เวลา	O
ให้	O
กับ	O
การ	O
ติดตาม	O
เค้า	NORM_1WORD
น้อย	O
ลง	O
)	O
คืด	NORM_1WORD
มา	O
แล้ว	O
ก็	O
รู้สึก	O
ใจ	O
หาย	O
สุดๆ	NORM_2WORD
แต่	O
ก็	O
ไม่	O
ได้	O
บังคับ	O
ตัวเอง	O
นะ	O
ว่า	O
ต้อง	O
กลับ	O
มา	O
รู้สึก	O
ตาม	O
เดิม	O
เดี๋ยว	O
นี้	O
เลย	O

คือ	O
อฟช.	O
คิด	O
อะไร	O
อยู่	O
วะ	NORM_1WORD
_	O
น้อง	O
ทำ	O
เพื่อ	O
วง	O
ขนาด	O
ไหน	O
ดู	O
สิ่ง	O
ที่	O
น้อง	O
ได้	O
ดิ	NORM_1WORD
_	O
หน้าเงิน	O
ไป	O
ป่าว	NORM_1WORD
_	O
วัน	O
ของ	O
เฌอ	O
เต็มๆ	O
ยัง	O
ไม่	O
ให้	O
เลย	O
_	O
ใคร	O
ว่า	O
เฌอ	O
เด็กดัน	O
อฟช.	O
ฟาด	O
ปากแตก	O
แม่ม	NORM_1WORD
_	O
ดัน	O
มากกกก	NORM_1WORD
ดัน	O
จน	O
เกือบ	O
ตก	O
เวที	O
เลยยย	NORM_1WORD
_	O
ถ้า	O
เฌอ	O
จะ	O
เป็น	O
เซ็นเตอร์	O
ได้	O
ก็	O
พวก	O
เรา	O
นี่แหละ	O
ช่วยกัน	O
_	O
เพราะ	O
อฟช.	O
คง	O
ไม่	O
ให้	O
เฌอ	O
เป็น	O
แน่ๆ	NORM_2WORD
_	O
อฟช.	O
ดัน	O
ใคร	O
ก็	O
น่าจะ	O
รู้ๆ	O
กัน	O
อยู่	O
_	O
#BNK48	O

หา	O
ตังค์	NORM_1WORD
_	O
Comp	O
_	O
Korn	O
_	O
Set	O
_	O
2	O
_	O
1,500	O
_	O
Hamburger	O
_	O
500	O
_	O
-	O
_	O
เทรด	O
_	O
คอมพ์	O
ก่อน	O
เซต	O
11	O
+	O
พกจ.	NORM_1WORD
ก่อน	O
_	O
Shonichi	O
_	O
(	O
เทรด	O
2	O
อย่าง	O
แถม	O
CD	O
ซิง	NORM_1WORD
3	O
)	O
_	O
CD	O
_	O
Single	O
_	O
1	O
_	O
900	O
_	O
(	O
+	O
Poster	O
)	O
_	O
CD	O
_	O
Single	O
_	O
3	O
_	O
A	O
+	O
B	O
_	O
100	O
_	O
EMS	O
+	O
60	O
(	O
EMS	O
อย่างเดียว	O
จ้า	NORM_1WORD
)	O
_	O
Pitanee	O
_	O
Armeen	O
_	O
=	O
_	O
FB	O
เรา	O
เอง	O
ทัก	O
ไป	O
ถาม	O
ดู	O
ได้	O
_	O
สนใจ	O
DM	O
มา	O
เลย	O
จ้า	NORM_1WORD
_	O
#BNK48Market	O
_	O
#bnk48	O
_	O
#bnk48tread	O
_	O
#bnk48treadfree	O

เล่ม	O
นี้	O
ขาย	O
70	O
บาท	O
งับ	NORM_1WORD
_	O
ดี	O
มาก	O
นะ	O
_	O
เอา	O
ไว้	O
ดู	O
ควบคู่	O
กับ	O
ตอน	O
ทำ	O
โจทย์	O
ได้	O
เลย	O
_	O
ครบ	O
มาก	O
สรุป	O
เนื้อหา	O
ภาษา	O
ไทย	O
ไว้	O
ได้	O
ครบ	O
มาก	O
เลยย	O
_	O
ลทบ	O
30	O
_	O
เล่ม	O
ต่อ	O
ไป	O
+	O
10	O
_	O
อีเอมเอส	O
_	O
50	O
บาท	O
ค่า	O
_	O
#หนังสือเรียนมือสอง	O
_	O
#หนังสือมือสอง	O
_	O
#หนังสือมือสองราคาถูก	O
_	O
#dek63	O
_	O
#tcas63	O
_	O
#หนังสือมือสองสภาพดี	O
_	O
#หนังสือเตรียมสอบมือสอง	O
_	O
#หนังสือเตรียมสอบราคาถูก	O

1	O
.	O
ไพ่	O
ยัง	O
ขึ้น	O
ไม่	O
ดี	O
เท่าไหร่	NORM_1WORD
นัก	O
_	O
คาด	O
ว่า	O
โอกาส	O
ที่	O
จะ	O
ได้	O
ตาม	O
ที่	O
หวัง	O
ใน	O
ปี	O
นี้	O
ยัง	O
ค่อนข้าง	O
น้อย	O
_	O
2	O
.	O
ใน	O
เรื่อง	O
ความรัก	O
เสี่ยง	O
ที่	O
จะ	O
มี	O
คน	O
มา	O
ชอบ	O
คุณ	O
แต่	O
คุณ	O
ไม่	O
ชอบ	O
เขา	O
_	O
หรือ	O
คน	O
ที่	O
คุณ	O
ชอบ	O
เขา	O
_	O
เขา	O
ก็	O
ไม่	O
ได้	O
ชอบ	O
คุณ	O
ค่ะ	O
_	O
ใน	O
เรื่อบ	NORM_1WORD
ความรัก	O
ยัง	O
ไม่	O
ราบรื่น	O
_	O
เสี่ยง	O
พบ	O
เจอ	O
ความเครียด	O
_	O
หรือ	O
_	O
เรื่อง	O
หนักใจ	O
ได้	O
_	O
3	O
.	O
มี	O
แนวโน้ม	O
ไป	O
ใน	O
ทิศทาง	O
ที่	O
ดี	O
ค่ะ	O

1	O
.	O
อยาก	O
เป็น	O
พี่	O
ไทเกอร	O
์	O
2	O
.	O
เพราะ	O
ความน่ารัก	O
ของ	O
พี่	O
ไทเกอร์	O
และ	O
ความอ่อนโยน	O
ที่	O
มี	O
ให้	O
กับ	O
เดือนหนาว	O
แค่	O
คน	O
เดียว	O
อ่ะ	NORM_1WORD
เพราะ	O
ถ้า	O
ไม่	O
ใช่	O
เดือนหนาว	O
พี่	O
เกอร์	O
ก็	O
ไม่	O
อ่อนโยน	O
ไง	O
คิด	O
ว่า	O
ตัวเอง	O
เหมาะ	O
กับ	O
บท	O
นี้	O
เพราะ	O
บุคลิค	NORM_1WORD
คล้ายๆ	NORM_2WORD
กัน	O
คือ	O
เรา	O
จะ	O
สนใจ	O
แค่	O
คน	O
ที่	O
เรา	O
แคร์	O
จริงๆ	NORM_2WORD
_	O
3	O
.	O
เหตุการณ์	O
ที่	O
ไทเกอร์	O
ฝาก	O
ขนม	O
ไป	O
ให้	O
เดือนหนาว	O
ค่ะ	O
_	O
#	O
โจฮันนอร์ธ	O

รีวิว	O
_	O
an	O
_	O
elephant	O
_	O
sitting	O
_	O
still	O
_	O
ชอบ	O
การใช้	O
Long-take	O
ถ่าย	O
แล้ว	O
ได้	O
องค์ประกอบ	O
ภาพ	O
ที่	O
เป๊ะ	O
ขนาด	O
นี้	O
_	O
ใน	O
ส่วน	O
เนื้อเรื่อง	O
คน	O
ที่	O
ชอบ	O
ดู	O
หนัง	O
ย่อย	O
ง่าย	O
อาจ	O
จะ	O
ไม่	O
ชอบ	O
_	O
มนุษย์	O
อยู่	O
คู่	O
กับ	O
ความเห็นแก่ตัว	O
มัก	O
เย็นชา	O
ต่อ	O
เรื่อง	O
ผู้	O
อื่น	O
เพราะ	O
เห็น	O
เป็น	O
เรื่อง	O
ยุ่งยาก	O
และ	O
ไม่	O
เกี่ยวกับ	O
ตัวเอง	O
แต่	O
ลึกๆ	O
ดัน	O
หวัง	O
จะ	O
ได้	O
รับคืน	O
ช่าง	O
ย้อนแย้ง	O

ชุด	O
ที่	O
_	O
4	O
_	O
จาก	O
ดินแดน	O
มัมมี่	O
_	O
อีเหยปปปต์	O
นานๆ	O
ที	O
จะ	O
มี	O
ชุด	O
อียิปต์	O
ที่	O
เข้าตา	O
_	O
ปกติ	O
ส่ง	O
ชุด	O
สายโหด	O
มา	O
ตลอด	O
(	O
เช่น	O
ปี	O
_	O
2008	O
_	O
ชุด	O
โบว์	O
เหลือง	O
แสลง	O
ใจ	O
เวอร์	O
)	O
_	O
แต่	O
ชุด	O
นี้	O
เหมือน	O
องค์	O
คลีโอพัตรา	O
มา	O
ประทับ	O
_	O
ทำไม	O
ส่ง	O
มา	O
สวย	O
จัง	O
แหะ	O
_	O
นางงาม	O
หน้า	O
สวย	O
_	O
ชุด	O
ก็	O
สวย	O
ดู	O
ทำ	O
การบ้าน	O
มา	O
ดี	O
_	O
ชุด	O
มีความ	O
เล่นไฟ	O
และ	O
แอบ	O
เซ็กซี่	NORM_1WORD
เบาๆ	O
_	O
แต่	O
กลบ	O
ความบดเอว	O
ร่าน	O
ด้วย	O

ทูลกระหม่อมหญิง	O
อุบลรัตนราชกัญญา	O
สิริวัฒนาพรรณวดี	O
_	O
ทรงโพสต์	O
ข้อความ	O
ผ่าน	O
บน	O
อินสตาแกรม	O
ส่วนพระองค์	O
_	O
ขอบคุณ	O
คน	O
ไทย	O
ทุก	O
คน	O
_	O
ยืนยัน	O
_	O
อยาก	O
เห็น	O
ประเทศ	O
ไทย	O
เดิน	O
ไป	O
ข้าง	O
หน้า	O
_	O
เป็น	O
ที่	O
ชื่นชม	O
_	O
และ	O
ยอมรับ	O
ของ	O
นานา	O
ประเทศ	O
_	O
มี	O
สิทธิ	O
และ	O
โอกาส	O
_	O
มี	O
ความกินดีอยู่ดี	O
_	O
มี	O
ความสุข	O
ทั่วถึง	O
กัน	O
_	O
ขอ	O
อวยพร	O
ให้	O
ทุก	O
คน	O
โชคดี	O
มี	O
ความสุข	O
_	O
#ILoveYou	O

จะ	O
รู	NORM_1WORD
ตัว	O
บ้าง	O
มั้ย	O
ว่า	O
ทำ	O
ตัว	O
น่าเบื่อ	O
_	O
มี	O
เพื่อน	O
ร่วม	O
งาน	O
ดี	O
_	O
แต่	O
ถ้า	O
ไม่	O
ดราม่า	O
_	O
ไม่	O
พารานอยด์	O
_	O
พูด	O
จา	O
หา	O
เรื่อง	O
_	O
คลื่น	O
ใต้	O
น้ำ	O
_	O
ตอแหล	O
_	O
นี่	O
ชัก	O
หมด	O
ความอดทน	O
ละ	O
นะ	O
_	O
นี่	O
ก็	O
เป็น	O
ผู้ใหญ่	O
_	O
แต่	O
ไม่	O
ไร้สาระ	O
_	O
ไม่	O
ดราม่า	O
_	O
ไม่	O
ปัญญา	O
อ่อน	O
ใส่	O
กัน	O
_	O
คิด	O
ว่า	O
สิ่ง	O
ที่	O
ทำ	O
เหี้ย	O
ๆ	O
_	O
ใส่คน	O
อื่น	O
_	O
หาก	O
ดี	O
ก็	O
คิด	O
ไป	O
_	O
นี่	O
จะ	O
ไม่	O
คล้อย	O
ตาม	O
หรือ	O
อะไร	O
แล้ว	O
นะ	O
_	O
เพราะ	O
เบื่อ	O

ไม่	O
ได้	O
คุย	O
นาน	O
มา	O
ที	O
เล่น	O
เอา	O
ตกใจ	O
เลย	O
ค่ะ	O
_	O
เขียน	O
สนอง	O
นี๊ด	O
ตัวเอง	O
ทั้ง	O
นั้น	O
เลย	O
เรื่อง	O
นี้	O
_	O
55	O
_	O
อยาก	O
อ่าน	O
ที่	O
คริส	O
เมะ	O
แบบ	O
เดือด	O
ไป	O
เลย	O
_	O
โหด	O
ไป	O
เลย	O
_	O
ฆ่า	O
คือ	O
ฆ่า	O
_	O
แล้ว	O
สิง	O
อยาก	O
ให้	O
เคะ	O
แบบ	O
_	O
สิง	O
จริงๆ	NORM_2WORD
_	O
ไม่	O
ต้อง	O
ปรับ	O
อะไร	O
ใน	O
ตัว	O
สิง	O
เลย	O
_	O
สิง	O
คือ	O
สิง	O
_	O
สิง	O
ที่	O
บุคลิค	NORM_1WORD
นิ่งๆ	NORM_2WORD
น่าค้นหา	O
_	O
สิง	O
ที่	O
ตอน	O
นี้	O
มัน	O
ช่าง	O
น่า	O
...	O
_	O
(	O
ละ	O
ไว้	O
ฐาน	O
ที่	O
เกาหลี	O
ทำ	O
เรา	O
เข้าใจ	O
)	O
_	O
-	O
1	O

อยาก	O
รีวิว	O
จาก	O
การใช้	O
เอง	O
_	O
เห็น	O
รีวิว	O
ขวด	O
ขวา	O
ใน	O
ทวิต	O
เลย	O
ตาม	O
ไป	O
ซื้อ	O
จน	O
ได้	O
ลอง	O
ใช้	O
แรกๆ	O
ยัง	O
ไม่	O
รู้สึก	O
อะไร	O
หลังๆ	O
ผม	O
แห้ง	O
มาก	O
(	O
มี	O
ใคร	O
เป็น	O
เหมือน	O
กัน	O
มั้ย	NORM_1WORD
)	O
_	O
แต่	O
ยอมรับ	O
ว่า	O
ครีมนวดผม	O
หอม	O
และ	O
ช่วย	O
ได้	O
นิดหน่อย	O
_	O
อาจ	O
จะ	O
ชำระล้าง	O
หมดจด	O
จน	O
ผม	O
แห้ง	O
เลย	O
_	O
แต่	O
ข้อดี	O
คือ	O
ใช้	O
ได้	O
นาน	O
และ	O
เรา	O
ว่า	O
เหมาะ	O
กับ	O
คนผมมัน	O
นะ	O
(	O
ต่อ	O
)	O
#ไว้รีวิวห้ามขายของของ	O
โว้ยย	NORM_1WORD

รู้สึก	O
ดี	O
เวลา	O
ที่	O
เห็น	O
_	O
ศลปต่างชาติ	NORM_1WORD
_	O
ร้องเพลง	O
ไทย	O
ให้	O
_	O
ฟค	NORM_1WORD
_	O
ใน	O
งาน	O
ของ	O
เค้า	NORM_1WORD
_	O
เพราะ	O
หมายถึง	O
ความพยายาม	O
และ	O
ตั้งใจ	O
_	O
เค้า	NORM_1WORD
ต้อง	O
เลือก	O
เพลง	O
ที่	O
มี	O
ความหมาย	O
ที่	O
เค้า	NORM_1WORD
อยาก	O
สื่อ	O
กับ	O
_	O
ฟค	NORM_1WORD
_	O
มัน	O
ซึ้ง	O
นะ	O
_	O
มัน	O
ไม่	O
ใช่	O
แค่	O
ร้อง	O
ให้	O
ฟัง	O
เฉยๆ	NORM_2WORD
_	O
แต่	O
รู้สึก	O
ถึง	O
ความใส่ใจ	O
_	O
ใน	O
การพยายาม	O
ที่	O
จะ	O
สื่อ	O
กลับ	O
ให้	O
_	O
ฟค	NORM_1WORD
_	O
เค้า	NORM_1WORD
รู้	O
ว่า	O
เค้า	NORM_1WORD
รู้สึก	O
อย่างไร	O
_	O
ด้วย	O
ภาษา	O
ไทย	O

ตื่นเต้น	O
กับ	O
ละคร	O
เรื่อง	O
นี้	O
สุดๆ	O
แล้ว	O
_	O
ตอน	O
อ่าน	O
เป็น	O
นิยาย	O
ก็	O
คือ	O
ยก	O
ขึ้น	O
หิ้ง	O
_	O
น้ำหูน้ำตา	O
เรี่ยราด	O
มาก	O
_	O
พอ	O
วันนี้	O
เป็น	O
ละคร	O
ให้	O
ได้	O
ดู	O
แล้ว	O
_	O
ยิ่ง	O
แคสติ้ง	NORM_1WORD
เป็น	O
ศิลปิน	O
ที่	O
เรา	O
ชื่นชอบ	O
_	O
และ	O
แคส	NORM_1WORD
ตรง	O
มากๆ	NORM_2WORD
แบบ	O
นี้	O
_	O
ส่วน	O
ใหญ่	O
จะ	O
เจอ	O
แบบ	O
แคส	NORM_1WORD
ไม่	O
ตรง	O
_	O
ก็	O
คือ	O
ไม่	O
ดู	O
แล้ว	O
_	O
แต่	O
_	O
#	O
ออฟ	O
กัน	O
_	O
คือ	O
ค่าย	O
เติร์ด	O
ที่	O
หลุด	O
ออก	O
มา	O
จาก	O
หนังสือ	O
จริงๆ	NORM_2WORD
_	O
#ทฤษฎีจีบเธอ	O

เหมาะ	O
แก่	O
การเป็น	O
ที่พึ่ง	O
ทาง	O
ใจ	O
_	O
สำหรับ	O
การสอบ	O
มาก	O
_	O
#dek62	O
_	O
#dek63	O
_	O
#เด็กใหม่	O
_	O
#เด็กซิ่ว	O
_	O
#TCAS	O
_	O
#หนังสือสอบ	O
_	O
#หนังสือเรียน	O
_	O
#TheGiftedSeries	O
_	O
#พื้นที่ขายของ	O
_	O
#ขายของ	O
_	O
#ของมันต้องมี	O
_	O
#ของดีบอกต่อ	O
_	O
#item	O
_	O
#รีวิว	O
_	O
#รีวิวเครื่องเขียน	O
_	O
#เครื่องเขียน	O
_	O
#ปากกา	O
_	O
#ดินสอ	O
_	O
#ยางลบ	O
_	O
#ของดีมีอยู่จริง	O
_	O
#ของขวัญ	O
_	O
#ของสะสม	O

แต่	O
เดิม	O
ที	O
_	O
ถ้า	O
ไม่	O
ใช่	O
กษัตริย์	O
และ	O
ทหาร	O
ของ	O
พระราชา	O
_	O
หมา	O
ที่	O
ไหน	O
_	O
เขา	O
จะ	O
ไป	O
กู้	O
กรุงศรีฯ	O
_	O
กู้	O
ชาติบ้านเมือง	O
_	O
มา	O
ให้	O
น้อง	O
ใช้	O
ภาษา	O
ไทย	O
ทุกวันนี้	O
_	O
ห๊ะ	NORM_1WORD
_	O
ก็	O
ไอ้	O
พวก	O
_	O
หัวนอก	O
_	O
เลว	O
_	O
ล้ม	O
เจ้า	O
_	O
คณะราษ	O
_	O
ไม่	O
ใช่	O
งัย	NORM_1WORD
!	O
_	O
ที่	O
มา	O
ทำให้	O
นักการเมือง	O
เข้า	O
มา	O
โกงกิน	O
แผ่นดิน	O
_	O
โถ	O
ควายแดงน้อย	O
_	O
เอ้ย	O
_	O
ควายส้ม	O
_	O
ก็	O
ไอ้	O
พวก	O
ที่	O
น้อง	O
เชียร์	O
_	O
มัน	O
ยึด	O
อำนาจ	O
ในหลวง	O
ไง	O

รับ	O
ทำ	O
โพลารอยด์	O
เลือก	O
รูป	O
ได้	O
ตาม	O
ต้องการ	O
_	O
2	O
*	O
3	O
_	O
นิ้ว	O
-->	O
1	O
฿	O
_	O
3	O
*	O
4	O
_	O
นิ้ว	O
-->	O
2	O
฿	O
_	O
ลทบ.	O
_	O
25	O
฿	O
_	O
Ems.	O
_	O
40	O
฿	O
_	O
โปร	O
เปิด	O
ร้าน	O
50	O
_	O
รูป	O
ขึ้น	O
ไป	O
ส่ง	O
ลทบ.	O
ฟรี	O
(	O
ถึง	O
30	O
_	O
พ.ย	O
_	O
61	O
)	O
_	O
#BTS	O
_	O
#BLACKPINK	O
_	O
#WANNAONE	O
_	O
#iKON	O
_	O
#NCT	O
_	O
#GOT7	O
_	O
#RedVelvet	O
_	O
#G_I_DLE	O
_	O
#AOA	O
_	O
#BNK48	O
_	O
#ตลาดรถไฟ	O
บังทัน	O
_	O
#ตลาดนัดblackpink	O
_	O
#ตลาดนัดBNK48	O
_	O
#ตลาดนัด	O
อากาเซ	O
_	O
#ตลาดนัดnct	O

คือ	O
ชั้น	NORM_1WORD
เนี่ย	O
อยาก	O
จะ	O
รีวิว	O
สโลแกน	O
_	O
&	O
_	O
ซซกต	O
_	O
มา	O
นาน	O
แล้ว	O
แต่	O
ที่	O
ไม่	O
ได้	O
เพราะ	O
ต้อง	O
รอ	O
ให้	O
ครบ	O
ก่อน	O
จะ	O
ได้	O
ถ่ายรูป	O
ที	O
เดียว	O
_	O
ซึ่ง	O
_	O
!!!!	O
_	O
ยัง	O
ทำ	O
ไม่	O
ได้	O
_	O
เพราะ	O
สั่ง	O
ของ	O
บ่อย	O
มากก	NORM_1WORD
_	O
มา	O
ครบ	O
แล้ว	O
ก็	O
นึก	O
ได้	O
ว่า	O
ที่	O
สั่ง	O
ไป	O
ยัง	O
ไม่	O
ได้	O
นี่	O
หน่า	O
_	O
....	O
_	O
ก็	O
เลย	O
ไม่	O
ได้	O
ทำ	O
สัก	O
ที	O
_	O
ที่	O
ถ่าย	O
ไป	O
เมื่อ	O
วาน	O
ยัง	O
เหลือ	O
ที่	O
ยัง	O
ไม่	O
ได้	O
ของ	O
ประมาณ	O
_	O
8	O
_	O
ผืน	O
_	O
นี่	O
แค่	O
สโลแกน	O

เมน	O
น้อง	O
แชง	O
ชอบ	O
blackpink	O
ตั้งแต่	O
เด	O
แรกๆ	NORM_2WORD
เลย	O
ยิ่ง	O
รู้	O
ว่า	O
น้อง	O
ลิซ่า	O
เป็น	O
คน	O
ไทย	O
ยิ่ง	O
ชอบ	O
และ	O
ภูมิใจ	O
อยาก	O
สนับสนุน	O
_	O
ชอบ	O
เพลง	O
_	O
boombayah	O
_	O
เพลง	O
แรก	O
ที่	O
ทำ	O
ให้	O
ยิ่ง	O
หลง	O
รัก	O
ความสดใส	O
ของ	O
น้อง	O
เพลง	O
ก็	O
สนุก	O
_	O
อยาก	O
ไป	O
คอน	NORM_1WORD
อยาก	O
ไป	O
เต้น	O
สบัด	O
หัว	O
สุด	O
เหวี่ยง	O
กับ	O
เพลง	O
_	O
blackpink	O
_	O
อยาก	O
ไป	O
กรี๊ด	O
ให้	O
เสียง	O
แหบ	O
ไป	O
เลย	O
_	O
อยาก	O
บอก	O
รัก	O
ลูก	O
สาว	O
_	O
4	O
ก้อน	O
มากกกกกกกกก	NORM_1WORD

We	O
_	O
Are	O
_	O
One	O
_	O
เป็น	O
สโลแกน	O
ที่	O
ได้ยิน	O
มา	O
_	O
7	O
ปี	O
_	O
วัน	O
นี้	O
ก็	O
ได้	O
พิสูจน์	O
แล้ว	O
ว่า	O
มัน	O
ไม่	O
ใช่	O
แค่	O
สโลแกน	O
ที่	O
พูด	O
ออก	O
มา	O
เฉยๆ	NORM_2WORD
_	O
แต่	O
มัน	O
ยัง	O
สื่อ	O
ถึง	O
_	O
ความรัก	O
_	O
การกระทำ	O
ที่	O
อบอุ่น	O
ใจ	O
_	O
ทุก	O
อย่าง	O
ที่	O
เอ็กโซ	O
และ	O
เอ็กโซแอล	O
_	O
รวม	O
กัน	O
เป็น	O
หนึ่ง	O
เดียว	O
จริงๆ	NORM_2WORD
_	O
ต่อ	O
จาก	O
นี้	O
_	O
ไม่	O
ว่า	O
จะ	O
เกิด	O
อะไร	O
ขึ้น	O
_	O
เรา	O
ก็	O
จะ	O
อยู่	O
ตรง	O
นี้	O
_	O
ซับพอร์ต	NORM_1WORD
ตลอด	O
ไป	O
_	O
always	O
_	O
we	O
_	O
are	O
_	O
one	O

ส่วนตัว	O
นะ	O
_	O
เรา	O
ว่า	O
ต่อ	O
ให้	O
โปรโมท	NORM_1WORD
_	O
shonichi	O
_	O
ไป	O
แล้ว	O
_	O
แต่	O
กระแส	O
คุกกี้	O
ก็	O
ยัง	O
ต้อง	O
เลี้ยง	O
ไว้	O
อยู่	O
_	O
เพราะ	O
มัน	O
ติดลม	O
ไป	O
แล้ว	O
_	O
แต่	O
อาจ	O
จะ	O
กระจาย	O
ไป	O
ภูธร	O
แทน	O
ไร	NORM_1WORD
งี้	NORM_1WORD
อ่ะ	NORM_1WORD
_	O
เดี๋ยว	O
ก็	O
รุ่น	O
สอง	O
มา	O
เสริม	O
อีก	O
_	O
ดังนั้น	O
_	O
ซิง	NORM_1WORD
สอง	O
ก็	O
ยัง	O
ต้อง	O
ออก	O
งาน	O
อยู่	O
นั่นแหละ	O
_	O
นี่	O
ก็	O
เป็น	O
โอกาส	O
ของ	O
เด็ก	O
อันเดอร์	O
หรือ	O
คน	O
ที่	O
ไม่	O
ติด	O
ซิง	NORM_1WORD
สาม	O
อยู่	O
_	O
คง	O
ไม่	O
ทิ้ง	O
หรอก	O
นะ	O
_	O
#BNK48	O

ค่า	O
ไฟ	O
เพิ่ม	O
ขึ้น	O
แบบ	O
นี้	O
ทุก	O
ปี	O
ล่ะ	O
ค่ะ	O
_	O
จะ	O
ขึ้น	O
ช่วง	O
_	O
มกรา	O
-	O
เมษา	O
_	O
เป็น	O
ช่วง	O
ฤดู	O
ร้อน	O
_	O
ซึ่ง	O
ตัว	O
ปั่น	O
ไฟ	O
ต้อง	O
จ่าย	O
ไฟ	O
มาก	O
เกิน	O
กว่า	O
ปกติ	O
_	O
เพราะ	O
อากาศ	O
ร้อน	O
_	O
เครื่องปั่นไฟ	O
ทำ	O
งาน	O
หนัก	O
_	O
เขา	O
ก็	O
ต้อง	O
มี	O
การนำ	O
เงิน	O
ไป	O
ซ่อม	O
บำรุง	O
_	O
จะ	O
อะไร	O
กัน	O
นักหนา	O
_	O
จะ	O
เอา	O
ไอ	O
นู่น	O
นี่	O
_	O
ก็	O
ไป	O
สร้าง	O
ประเทศ	O
สร้าง	O
โลก	O
อยู่	O
เอง	O
สิ	O
คะ	O
_	O
จบ	O
แยก	O
_	O
#	O
ประเทศไทย	O
_	O
ไม่	O
ม่า	NORM_1WORD
นะ	O
ปัญญาอ่อน!	O

ข้า	O
รู้	O
ว่า	O
เจ้า	O
เหนื่อย	O
มา	O
มาก	O
_	O
เจ้า	O
เหนื่อย	O
มา	O
เยอะ	O
_	O
ขอให้	O
เจ้า	O
จง	O
พยายาม	O
ต่อ	O
ไป	O
_	O
ไม่ว่า	O
พรุ่งนี้	O
ผล	O
จะ	O
เป็น	O
ยังไง	NORM_1WORD
_	O
ชาว	O
หวี	O
ก็	O
จะ	O
ยังคง	O
รัก	O
และ	O
สนับสนุน	O
เจ้า	O
ต่อ	O
ไป	O
เสมอๆ	O
_	O
อย่า	O
ได้	O
น้อยใจ	O
ใน	O
ผล	O
ที่	O
จะ	O
เกิด	O
ขึ้น	O
_	O
ชาว	O
หวี	O
ได้	O
พยายาม	O
กัน	O
มาก	O
จนถึง	O
ที่สุด	O
แล้ว	O
_	O
เจ้า	O
จง	O
เชื่อมั่น	O
_	O
และ	O
ภูมิใจ	O
ใน	O
หวี	O
ของ	O
เจ้า	O
_	O
#KornBNK48	O
_	O
#BNK48	O
_	O
#ก้าวไปกับ	O
ก่อน	O

สายตา	O
พี่	O
อะ	O
มัน	O
ฆ่า	O
คน	O
ชัดๆ	NORM_2WORD
เวลา	O
พี่	O
มอง	O
ด้วย	O
สายตา	O
แบบ	O
ฟวดสกสก	O
มัน	O
ไม่	O
ไหว	O
อะ	O
แล้ว	O
คือ	O
ไม่	O
ใช่	O
ว่า	O
พี่	O
ไม่	O
รู้	O
ว่า	O
ที่	O
ทำ	O
มัน	O
รุนแรง	O
กับ	O
ใจ	O
มาก	O
_	O
เหมือน	O
ชอบ	O
เล่น	O
กับ	O
ใจ	O
คน	O
_	O
ชอบ	O
มา	O
ทำ	O
ให้	O
รัก	O
มาก	O
ขึ้น	O
เป็น	O
ล้าน	O
เท่า	O
_	O
เคย	O
คิด	O
จะ	O
เลิก	O
ชอบ	O
ไม่	O
อยาก	O
เสียตัว	O
เอ้ย	O
เสียตัง	NORM_1WORD
ไป	O
มากกว่า	O
นี้	O
แต่	O
ก็	O
นั่น	O
แหละ	O
แพ้	O
พี่	O
ตลอด	O
เลย	O
เหมือน	O
ชีวิต	O
นี้	O
หนู	O
เกิด	O
มา	O
เพื่อ	O
รัก	O
พี่	O

เหนื่อย	O
มั้ย	NORM_1WORD
_	O
วันนี้	O
เธอ	O
ทำ	O
ดี	O
ที่	O
สุด	O
แล้ว	O
นะ	O
_	O
รีบ	O
กลับ	O
บ้าน	O
อาบน้ำ	O
พักผ่อน	O
ไป	O
นอน	O
บน	O
เตียง	O
โปรด	O
_	O
เธอ	O
ยัง	O
มี	O
ท้องฟ้า	O
แสนสวย	O
ก้อนเมฆ	O
น่ารัก	O
อาหาร	O
ที่	O
แสน	O
อร่อย	O
_	O
ยัง	O
มี	O
อีก	O
หลาย	O
คน	O
ที่	O
พร้อม	O
จะ	O
กอด	O
เธอ	O
นะ	O
_	O
สายลม	O
จะ	O
คอย	O
โอบ	O
กอด	O
เธอ	O
ไว้	O
เอง	O
_	O
เลิก	O
ร้องไห้	O
เลิก	O
โทษ	O
ตัวเอง	O
ได้	O
แล้ว	O
คน	O
เก่ง	O
_	O
รัก	O
ตัวเอง	O
ให้	O
มาก	O
_	O
พรุ่ง	O
นี้	O
มัน	O
จะ	O
ดี	O
กว่า	O
นี้	O
นะ	O
เชื่อ	O
เรา	O
สิ	O
=	O
_	O
)	O

(	O
5	O
)	O
_	O
มาร์คสัน	O
_	O
อ่าน	O
มา	O
ถึง	O
ตรงๆ	O
นี้	O
น่า	O
จะ	O
จับทาง	O
ถูก	O
ว่า	O
นี่	O
จะ	O
ชอบ	O
คู่	O
ที่	O
เป็น	O
เฟรนด์ๆ	O
บอยๆ	O
_	O
แหะๆ	O
_	O
แล้ว	O
มาร์คสัน	O
ก็	O
ตอบโจทย์	O
มาก	O
จริงๆ	NORM_2WORD
_	O
ถึง	O
เจีย	O
จะ	O
ไม่	O
ชอบ	O
แสดง	O
ความรัก	O
กับ	O
พี่	O
ต่อหน้า	O
แฟนๆ	NORM_2WORD
ก็	O
เถอะ	O
_	O
ฮึก	O
_	O
แต่	O
มาร์ค	O
ไม่	O
เคย	O
อาย	O
ที่	O
จะ	O
แสดงออก	O
เลย	O
_	O
คือ	O
ไม่	O
รู้	O
ว่า	O
รัก	O
เจีย	O
มากกกกกกกก	NORM_1WORD
_	O
หรือ	O
สนุก	O
ที่	O
ได้	O
แกล้ง	O
ให้	O
น้อง	O
หนี	O
เอาจริงๆ	O
นะ	O
มาร์ค	O
ต้วน	O

รีวิว	O
_	O
wax	O
_	O
สีผม	O
ของ	O
_	O
LimeCrime	O
Unicorn	O
Hair	O
_	O
สีส้ม	O
ทั้งคู่	O
_	O
neon	O
peach	O
_	O
กับ	O
_	O
leeloo	O
_	O
พื้นผม	O
แรก	O
ของ	O
เรา	O
เป็น	O
neon	O
peach	O
_	O
ที่	O
เฟด	O
แล้ว	O
_	O
แต่	O
อยากได้	O
ส้ม	O
ที่	O
เข้ม	O
ขึ้น	O
_	O
ก็	O
เลย	O
ซื้อ	O
leeloo	O
มา	O
ผสม	O
_	O
ได้	O
สีส้มออกแดง	O
ที่	O
เข้ม	O
ขึ้น	O
หลาย	O
_	O
step	O
_	O
อยู่	O
_	O
ชอบ	O
มากกกกกก	NORM_1WORD
_	O
สีทน	O
ดี	O
ใน	O
ระดับ	O
นึง	NORM_1WORD
เลย	O
_	O
กระปุก	O
ก็	O
ใหญ่	O
_	O
ราคา	O
กระปุก	O
ละ	O
_	O
690	O
฿	O
_	O
#HowtoPerfect	O

เอา	O
จริงๆ	NORM_2WORD
_	O
ทีม	O
เบคอน	O
เป็น	O
ที่	O
หนึ่ง	O
ใน	O
ใจ	O
เรา	O
อะ	O
_	O
เก่ง	O
มาก	O
_	O
โหด	O
มาก	O
_	O
ตลอด	O
การแข่ง	O
ก็	O
นำ	O
โด่ง	O
มา	O
ตลอด	O
_	O
ไม่	O
เคย	O
ทำ	O
อะไร	O
ผิดพลาด	O
_	O
แต่	O
กลายเป็น	O
ว่า	O
พอ	O
แพ้	O
แค่	O
ครั้ง	O
เดียว	O
กลับ	O
พลาด	O
ให้	O
ฝั่ง	O
ที่	O
เคย	O
แพ้	O
เรา	O
ชนะ	O
ไป	O
_	O
มัน	O
คือ	O
ไร	NORM_1WORD
วะ	O
_	O
ไม่	O
ยุติธรรม	O
อะ	O
_	O
คนแพ้	O
มี	O
โอกาส	O
แก้ตัว	O
_	O
แล้ว	O
ฝั่ง	O
คน	O
ชนะ	O
อะ	O
_	O
งี้	NORM_1WORD
จะ	O
เล่น	O
ชนะ	O
มา	O
ตลอด	O
ไป	O
เพื่อ	O
อะไร	O
_	O
พลาด	O
ไม่	O
ได้	O
เลย	O
เหรอ	O
_	O
โว้ย	O

บลัชออน	O
ตัว	O
ใหม่	O
จาก	O
_	O
Cosluxe	O
_	O
รุ่น	O
_	O
In	O
_	O
the	O
_	O
mood	O
_	O
เห็น	O
รีวิว	O
เยอะ	O
มาก	O
เลย	O
ต้อง	O
ตำ	O
มา	O
เล่น	O
ซัก	NORM_1WORD
หน่อย	O
_	O
และ	O
คือ	O
นาง	O
ขาย	O
ดี	O
จัด	O
_	O
เลย	O
ได้	O
มา	O
ลอง	O
แค่	O
4	O
สี	O
_	O
ไตเติ้ล	O
ชอบ	O
06	O
_	O
Like	O
_	O
a	O
_	O
virgin	O
_	O
จะ	O
บอก	O
ว่า	O
เป็น	O
ตัว	O
ที่	O
แนะนำ	O
สำหรับ	O
ผู้ชาย	O
เลย	O
_	O
ทำให้	O
ดู	O
เป็น	O
งาน	O
ผิว	O
_	O
รีบ	O
ไป	O
สอย	O
ด่วน	O
เลย	O
งับบ	NORM_1WORD
_	O
#COSLUXE	O
_	O
#YourMoodOnYourCheek	O
_	O
#Beauty	O
_	O
#Blushon	O
_	O
#บลัชออน	O

Congratulations	O
!	O
_	O
#KimiWaMelodyTH	O
_	O
(	O
เธอคือ..เมโลดี้	O
)	O
_	O
ครบ	O
_	O
10	O
_	O
ล้าน	O
วิว	O
_	O
!	O
_	O
และ	O
เพลง	O
เธอคือ..เมโลดี้	O
_	O
เป็น	O
_	O
Music	O
_	O
Video	O
_	O
ลำดับ	O
ที่	O
_	O
5	O
_	O
ของ	O
_	O
#BNK48	O
_	O
ที่	O
ยอด	O
ผู้เข้าชม	O
เกิน	O
_	O
10	O
_	O
ล้าน	O
วิว	O
_	O
และ	O
ขึ้นแท่น	O
_	O
MV	O
_	O
ที่	O
ใช้	O
เวลา	O
น้อย	O
ที่สุด	O
ของ	O
_	O
#BNK48	O
_	O
ที่	O
เข้า	O
สู่	O
_	O
10	O
_	O
ล้าน	O
วิว	O
ได้	O
สำเร็จ	O
...	O
_	O
(	O
ใช้	O
เวลา	O
_	O
1	O
_	O
เดือน	O
_	O
กับ	O
อีก	O
_	O
1	O
_	O
ชั่วโมง	O
นิดๆ	O
)	O

แจ้ง	O
คน	O
ที่	O
ซื้อ	O
ขาย	O
สินค้า	O
ออนไลน์	O
_	O
ก่อน	O
โอน	O
เงิน	O
ให้	O
นำ	O
ชื่อ	O
_	O
บัตร	O
ปชช.	NORM_1WORD
_	O
และ	O
_	O
ชื่อ	O
เจ้าของ	O
บัญชี	O
_	O
ไป	O
เสิร์ช	O
ใน	O
_	O
Google	O
_	O
หรือ	O
_	O
Facebook	O
_	O
ก่อน	O
_	O
ส่วน	O
ใหญ่	O
โจร	O
ใช้	O
บัตร	O
-	O
บัญชี	O
เดิมๆ	O
_	O
ปล.	NORM_1WORD
ต้อง	O
ดู	O
อย่าง	O
อื่น	O
ประกอบ	O
ด้วย	O
นะ	O
_	O
ราคา	O
ถูก	O
ไป	O
_	O
โปรไฟล์	O
หรือ	O
เพจ	O
_	O
อายุ	O
น้อย	O
_	O
ไม่	O
ใช้	O
รูป	O
คน	O
_	O
ฯ	O
_	O
#BLACKPINKinBANGKOK	O
_	O
#BLACKPINK	O
_	O
#Bnk48	O
_	O
##bnk48market	O

รีวิว	O
หลุม	O
_	O
AL	O
_	O
งง	O
คิด	O
ว่า	O
ตัวเอง	O
ไป	O
คน	O
ละ	O
คอน	NORM_1WORD
กะ	O
คน	O
อื่น	O
_	O
AL	O
_	O
ของ	O
เรา	O
คือ	O
ชิล	NORM_1WORD
เว่อ	NORM_1WORD
_	O
ยืน	O
สวยๆ	NORM_2WORD
เป็น	O
คราฟ	NORM_1WORD
_	O
มี	O
ความได้แหวกว่าย	O
ตาม	O
ผู้	O
ได้	O
บ้าง	O
_	O
แบบ	O
ชิล	NORM_1WORD
มาก	O
_	O
ก็	O
คือ	O
นี่	O
ไม่	O
ได้	O
ไป	O
รัน	O
คิว	O
เข้า	O
ไป	O
ท้ายๆ	O
_	O
แล้ว	O
ไป	O
ยืน	O
หลังๆ	O
แล้ว	O
_	O
คือ	O
ไป	O
เบียด	O
กัน	O
หน้าๆ	O
อะ	O
_	O
ข้าง	O
หลัง	O
สบาย	O
เว่อ	NORM_1WORD
55	O
_	O
(	O
ขอ	O
อภัย	O
ค่ะ	O
กล้อง	O
กาก	O
)	O
_	O
เมน	O
จีฮุน	O
ไม่	O
ควร	O
พลาด	O
_	O
#WannaOne1TheWorldinBKK	O

ไม่	O
อยาก	O
เห็น	O
_	O
ฟค	NORM_1WORD
_	O
ออก	O
มา	O
แสดง	O
ค.คิดเห็น	NORM_1WORD
ที่	O
_	O
อฟช	NORM_1WORD
_	O
ซัพ	NORM_1WORD
น้อง	O
แบบ	O
ไม่	O
เป็นกลาง	O
นะ	O
_	O
เพราะ	O
มัน	O
ส่ง	O
ผล	O
ถึง	O
ค.รู้สึก	NORM_1WORD
ของ	O
ทั้ง	O
_	O
ฟค	NORM_1WORD
_	O
และ	O
ตัว	O
น้อง	O
เอง	O
_	O
และ	O
อาจ	O
ดู	O
ก้าวก่าย	O
การทำ	O
งาน	O
_	O
แต่	O
ที่	O
เค้า	NORM_1WORD
พูด	O
_	O
เพราะ	O
รัก	O
_	O
อยาก	O
เห็น	O
น้อง	O
ไป	O
ได้	O
ไกล	O
และ	O
มั่นคง	O
_	O
มี	O
ค.สามารถ	NORM_1WORD
_	O
ก็	O
ต้อง	O
ได้	O
การซัพ	NORM_1WORD
ที่	O
ดี	O
ด้วย	O
_	O
ถ้า	O
ไม่	O
พูด	O
_	O
ปัญหา	O
มัน	O
ก็	O
ไม่	O
ถูก	O
แก้ไข	O
ไง	O
_	O
#starhunterstudio	O

มี	O
บาง	O
คน	O
มอง	O
ว่า	O
อี้ชิง	O
เหมาะ	O
มั้ย	NORM_1WORD
_	O
ให้	O
เรา	O
ซึ่ง	O
เป็น	O
_	O
ฟค	NORM_1WORD
_	O
พูด	O
ก็	O
เหมือน	O
อวย	O
แต่	O
จะ	O
อวย	O
_	O
คือ	O
เรื่อง	O
ของ	O
อี้ชิง	O
ตั้งแต่	O
สมัย	O
เป็น	O
เด็กฝึก	O
_	O
พี่	O
แก	O
ฝึก	O
หนัก	O
_	O
ฝึก	O
โหด	O
_	O
อย่าง	O
ผูก	O
กระสอบทราย	O
ไว้	O
กับ	O
ตัว	O
แล้ว	O
ซ้อม	O
เต้น	O
งี้	NORM_1WORD
_	O
ไม่	O
กังวล	O
นะ	O
ว่า	O
อี้ชิง	O
จะ	O
ทำ	O
งาน	O
ใน	O
บทบาท	O
ไหน	O
_	O
ยิ่ง	O
เกี่ยวกับ	O
เพลง	O
ที่	O
เขา	O
รัก	O
ด้วย	O
คือ	O
ถวาย	O
ชีวิต	O
แน่นอน	O
_	O
โปรดิวเซอร์	O
จาง	O
ของ	O
เรา	O

มัน	O
จะ	O
_	O
mint	O
_	O
ตุ่นๆ	NORM_2WORD
หน่อย	O
_	O
ชอบ	O
โทน	O
นี้	O
มาก	O
_	O
เข้า	O
กับ	O
ความ	O
ฝน	O
จะ	O
มา	O
_	O
ร้าน	O
อยู่	O
ชั้น	O
ดาดฟ้า	O
_	O
victorymall	O
_	O
เป็น	O
_	O
cafe	O
_	O
ถึง	O
ห้า	O
โมง	O
เย็น	O
หลังจาก	O
นั้น	O
มี	O
_	O
พวก	O
_	O
cocktail	O
_	O
ถึง	O
ตี	O
หนึ่ง	O
_	O
ร้าน	O
ดู	O
ลึกลับ	O
หน่อย	O
แต่	O
เงียบ	O
ดี	O
_	O
เพราะ	O
ความเขียว	O
_	O
ทำให้	O
บรรยากาศ	O
ดี	O
ไป	O
กว่า	O
ครึ่ง	O
_	O
สรุป	O
ว่า	O
เลิฟ	O
ว่ะ	NORM_1WORD
จ๊อด	O
_	O
#รีวิว	O
_	O
#PEAKABOOCAFE	O
_	O
#แดกย่านอนุ	O
_	O
#อร่อยไปแดก	O

แต่ๆ	O
_	O
จะ	O
ลง	O
ได้	O
ตาม	O
ตาราง	O
ใน	O
ฝัน	O
ได้	O
_	O
ให้	O
ทำ	O
บุญ	O
และ	O
พึ่ง	O
ดวง	O
_	O
55	O
_	O
เพราะ	O
มี	O
โควต้า	NORM_1WORD
จำกัด	O
และ	O
สุ่ม	O
จ้า	NORM_1WORD
_	O
(	O
มี	O
ให้	O
ขอ	O
หลาย	O
รอบ	O
อยู่	O
)	O
_	O
สุดท้าย	O
ก็	O
เหลือ	O
แต่	O
เซค	NORM_1WORD
โหด	O
/	O
เรียน	O
ไม่	O
รู้	O
เรื่อง	O
_	O
ก็	O
แล้วแต่	O
เรา	O
เลย	O
ว่า	O
จะ	O
กด	O
ลง	O
หรือ	O
ไว้	O
ลง	O
เทอม	O
หน้า	O
ได้	O
จย้า	NORM_1WORD
_	O
ตามใจ	O
ฉัน	O
สุดๆ	O
_	O
การให้	O
โควต้า	NORM_1WORD
ก็	O
จะ	O
ให้	O
ปี	O
สูง	O
ก่อน	O
ไล่	O
มา	O
เรื่อยๆ	NORM_2WORD
_	O
เทอม	O
สุดท้าย	O
ฉัน	O
ยัง	O
หลุด	O
โควต้า	NORM_1WORD
เลย	O

#บัตรเกิดใหม่ในหีบ	O
_	O
#เลือกตั้ง62	O
_	O
#	O
กกต	O
โป๊ะแตก	O
_	O
#ThailandElection2019	O
_	O
อย่า	O
ให้	O
คน	O
เพียง	O
ไม่กี่	O
คน	O
มา	O
กำหนด	O
อนาคต	O
ประเทศ	O
_	O
#ประเทศ	O
ไทย	O
_	O
เป็น	O
ของ	O
ทุก	O
คน	O
_	O
และ	O
ประชาชน	O
เลือก	O
แล้ว	O
ว่า	O
ต้องการ	O
แบบ	O
ไหน	O
โดย	O
การเลือก	O
_	O
ส.ส	O
_	O
เป็น	O
ตัวแทน	O
ของ	O
พวก	O
เรา	O
ไป	O
ทำ	O
หน้าที่	O
ใน	O
สภา	O
จึง	O
ควร	O
เคารพ	O
ระบบ	O
รัฐสภา	O
เสียง	O
ข้าง	O
มาก	O
วัด	O
กัน	O
ที่	O
จำนวน	O
_	O
ส.ส.	O
ชนะ	O
_	O
#พปชร	O

เพื่อน	O
เคย	O
บอก	O
ว่า	O
บุคลิก	O
เรา	O
ตอน	O
พิมพ์	O
คุย	O
ด้วย	O
ภาษา	O
อังกฤษ	O
กับ	O
ภาษา	O
ไทย	O
แตกต่าง	O
กัน	O
_	O
555+	O
_	O
เรื่อง	O
นั้น	O
ไม่	O
น่าตกใจ	O
_	O
ที่	O
น่าตกใจ	O
คือ	O
มัน	O
บอก	O
ว่า	O
ภาษา	O
อังกฤษ	O
เรา	O
_	O
kinky	O
_	O
กว่า	O
ภาษา	O
ไทย	O
...	O
_	O
โบ้ย	O
ว่า	O
เป็น	O
เพราะ	O
การอยู่	O
ใน	O
ด้อม	O
_	O
SPN	O
_	O
ละกัน	O
_	O
ถถถ	O
_	O
(	O
จริงๆ	NORM_2WORD
ภูมิใจ	O
หรอก	O
นะ	O
_	O
-	O
_	O
kinky	O
_	O
and	O
_	O
proud	O
)	O
_	O
//	O
ความจริง	O
คือ	O
คุย	O
กับ	O
มัน	O
นั่นแหละ	O
ถึง	O
_	O
kinky	O
...	O

เมื่อกี้	O
ตอน	O
กลับ	O
หอ	O
_	O
ตอน	O
ที่	O
เดิน	O
ขึ้น	O
ห้อง	O
อ่ะ	NORM_1WORD
จู่ๆ	O
ก็	O
ได้ยิน	O
เสียง	O
แก้ว	O
กระทบ	O
กัน	O
ดัง	O
เกร๊ง	O
_	O
เกร๊ง	O
_	O
นี่	O
ก็	O
แบบ	O
_	O
เอาล่ะ	O
_	O
รีบ	O
เดิน	O
ใหญ่	O
เลย	O
_	O
เสียง	O
ก็	O
ดัง	O
ขึ้น	O
มากๆ	NORM_2WORD
เหมือน	O
อยู่	O
ใกล้ๆ	NORM_2WORD
ทีนี้	O
กู	O
วิ่ง	O
เลยยยยย	NORM_1WORD
_	O
เสียง	O
ก็	O
ดัง	O
สนั่น	O
เลย	O
_	O
น้ำตา	O
จะ	O
ไหล	O
ล่ะ	NORM_1WORD
_	O
พอ	O
มา	O
ถึง	O
ห้อง	O
_	O
อ้าว	O
กู	O
ซื้อ	O
เรดดี้บูท	O
มา	O
2	O
ขวด	O
_	O
แล้ว	O
ใส่	O
เป๋าผ้า	NORM_1WORD
มา	O
เพราะ	O
ลด	O
โลกร้อน	O
55555	O
_	O
อิ	NORM_1WORD
เวร	O

รีวิว	O
การไป	O
คอน	NORM_1WORD
ครั้ง	O
แรก	O
_	O
ตลอด	O
ระยะ	O
เวลา	O
_	O
1	O
_	O
ปี	O
กว่า	O
ที่	O
ติ่ง	O
มา	O
ไม่	O
เคย	O
มี	O
เหนือ	O
เมน	O
หรือ	O
โดน	O
ใคร	O
ตก	O
เลย	O
_	O
แต่	O
เมื่อวาน	O
คือ	O
ติดบ่วง	O
น้อง	O
แบม	O
หนัก	O
มาก	O
_	O
การทัช	O
กับ	O
เจบี	O
ก็	O
ดึง	O
สติ	O
ชุน	O
กลับ	O
มา	O
ไม่	O
ได้	O
_	O
เคย	O
เจอ	O
ตอน	O
ไป	O
รับ	O
แล้ว	O
ครั้ง	O
นึง	NORM_1WORD
ก็	O
ตกใจ	O
ว่า	O
ทำไม	O
หล่อ	O
ออร่า	O
ขนาด	O
นั้น	O
_	O
คือ	O
น้อง	O
น่ารัก	O
มาก	O
แบบ	O
มากกกก	NORM_1WORD
_	O
เอ็นดู	O
มากๆ	NORM_2WORD
_	O
#Jus2_FOCUSTOURin	O
BANGKOK	O
_Day3	O

ที่	O
ผ่านๆ	O
มา	O
ใคร	O
จะ	O
มอง	O
เฌอปราง	O
แบบ	O
ไหน	O
ใน	O
ภาพ	O
อะไร	O
_	O
ส่วนตัว	O
ก็	O
ยัง	O
มอง	O
เฌอ	O
เป็น	O
เด็กสาว	O
คน	O
หนึ่ง	O
อยู่ดี	O
_	O
ทำไม	O
ถึง	O
มอง	O
แบบ	O
นั้น	O
เพราะ	O
เชื่อ	O
ว่า	O
_	O
ตะหนู	O
ก็	O
อยาก	O
มี	O
ช่วง	O
เวลา	O
แบบ	O
เด็กผู้หญิง	O
ทั่วไป	O
_	O
ได้	O
ไป	O
เที่ยวเล่น	O
อยู่	O
กับ	O
เพื่อน	O
_	O
แต่	O
เชื่อ	O
ว่า	O
สิ่ง	O
ที่	O
ขาดหาย	O
แฟนคลับ	O
ของ	O
หนู	O
คง	O
ช่วย	O
เติมเต็ม	O
ให้	O
พอเพียง	O
แล้ว	O
ละนะ	NORM_1WORD
_	O
#CherprangBNK48	O
_	O
#BNK48	O

ผล	O
จาก	O
การแตกแยก	O
ของ	O
_	O
ประชาชน	O
ชาติ	O
ไทย	O
_	O
ครั้ง	O
นี้	O
_	O
ไม่	O
ควร	O
ทะเลาะ	O
กัน	O
เอง	O
แต่	O
ควร	O
พรุ่ง	NORM_1WORD
เป้า	O
ไป	O
ที่	O
_	O
มีชัย	O
_	O
และ	O
_	O
สปท	NORM_1WORD
_	O
ควร	O
ออก	O
มา	O
รับผิดชอบ	O
_	O
ประเทศ	O
ไทย	O
เสีย	O
โอกาส	O
_	O
เพราะ	O
_	O
คน	O
กลุ่ม	O
_	O
นี้	O
_	O
ถัด	O
มาก	O
_	O
กกต.	O
_	O
ที่	O
จัดการ	O
เรื่อง	O
ตั้ง	O
แบบ	O
ไม่	O
น่ส	NORM_1WORD
เชื่อถือ	O
_	O
ถาม	O
ว่า	O
เงินเดือน	O
และ	O
ผลประโยชน์	O
ที่	O
คน	O
เหล่านี้	O
ได้	O
ควร	O
ไหม	O
_	O
และ	O
จะ	O
ทำ	O
อย่างไร	O
ให้	O
เขา	O
ได้	O
รับ	O
โทษ	O

เอาจริง	O
นะ	O
_	O
ขอ	O
ทวิต	NORM_1WORD
ยาวๆ	NORM_2WORD
_	O
หน่อย	O
_	O
#stupidgame2park	O
_	O
ขอ	O
ต่อ	O
ทวิต	NORM_1WORD
ที่	O
ด้านล่าง	O
เมนชัน	O
เลย	O
_	O
คือ	O
เพิ่ง	O
มา	O
ได้	O
อ่าน	O
เำราะ	NORM_1WORD
รู้ว่า	O
ฟิค	NORM_1WORD
น้อง	O
น้ำ	O
อ่าน	O
แล้ว	O
ฉัน	O
ต้อง	O
ติด	O
หนัก	O
มาก	O
แน่ๆ	NORM_2WORD
_	O
เลย	O
ยัง	O
ไม่	O
เคย	O
อ่าน	O
เลย	O
จน	O
วัน	O
นี้	O
เห็น	O
ว่า	O
ตอน	O
เยอะ	O
+	O
ว่าง	O
อ่ะ	NORM_1WORD
ค่ะ	O
เลย	O
เริ่ม	O
เปิด	O
อ่าน	O
พบ	O
ว่า	O
_	O
..	O
ตู	O
ควร	O
รอ	O
ให้	O
จบ	O
ก่อน	O
ฮืออ	NORM_1WORD
เพราะ	O
ค้าง	O
จริง	O
ไม่	O
อิง	O
นิยาย	O
แบบ	O
น้ำ	O
ค่ะ	NORM_1WORD
มา	O
ต่อ	O
เร็ว	O

เก่ง	O
_	O
ขยัน	O
_	O
มี	O
วินัย	O
_	O
ใครๆ	NORM_2WORD
ก็	O
ชื่นชม	O
_	O
จะ	O
ไม่	O
ให้	O
ติ่ง	O
รัก	O
มาก	O
ได้	O
ไง	NORM_1WORD
_	O
คนดี	O
_	O
คนน่ารัก	O
แบบนี้	O
_	O
ไม่	O
ต้อง	O
พูดถึง	O
หน้าตา	O
ที่	O
สวยหล่อ	O
มาแต่กำเนิด	O
_	O
คิด	O
ดู	O
สิ	O
_	O
คนเก่ง	O
_	O
คนน่ารัก	O
_	O
คน	O
มี	O
ความสามารถ	O
_	O
คนดี	O
_	O
2	O
คน	O
_	O
มา	O
อยู่	O
ด้วยกัน	O
_	O
ยิ่ง	O
เพิ่ม	O
ความทวีคูณ	O
สิ่งดีๆ	NORM_2WORD
เข้า	O
ไป	O
อีก	O
_	O
เกิด	O
มา	O
เพื่อ	O
คู่กัน	O
_	O
เป็น	O
แรง	O
สนับสนุน	O
ซึ่งกันและกัน	O
โดยแท้	O
_	O
#	O
ณเดชน์	O
ญาญ่า	O

พี่	O
เฌอ	O
เมมเบอร์	O
คน	O
แรก	O
ที่	O
ทำให้	O
ติดตาม	O
_	O
#BNK48	O
_	O
และ	O
เป็น	O
โอชิ	O
คน	O
แรก	O
_	O
วัน	O
นี้ก็	O
วัน	O
เกิด	O
พี่	O
เฌอ	O
_	O
Happy	O
_	O
birthday	O
_	O
นะ	O
คะ	O
มี	O
ความสุข	O
มากๆ	NORM_2WORD
สุขภาพ	O
ร่างกาย	O
แข็งแรง	O
_	O
พักผ่อน	O
เยอะๆ	NORM_2WORD
_	O
เป็น	O
กำลังใจ	O
ให้	O
คน	O
คน	O
นี้	O
ด้วย	O
_	O
ฮรือ	NORM_1WORD
แล้ว	O
ก็	O
ทุกๆ	NORM_2WORD
คน	O
_	O
อยู่	O
ด้วย	O
กัน	O
ไป	O
นานๆๆ	NORM_2WORD
เลย	O
นะ	O
_	O
#CherprangBNK48	O
_	O
#CHERDay2019	O
_	O
(รูป	O
สุดท้าย	O
ก็	O
คือ	O
คามิ	O
กับ	O
โอชิ	O
แหละ	O
ค้าบ	NORM_1WORD
)	O

คุณ	O
ควร	O
ปกป้อง	O
สิ่ง	O
ที่	O
รัก	O
ด้วย	O
ความรัก	O
_	O
ไม่	O
ใช่	O
ปกป้อง	O
ด้วย	O
ความเกลียด	O
_	O
ตอน	O
นี้	O
มี	O
ดราม่า	O
อย่าง	O
นัก	NORM_1WORD
มาก	O
ของ	O
BNK48	O
_	O
เพราะ	O
มี	O
โอตะ	O
บาง	O
พวก	O
ไป	O
เปิด	O
วอร์	O
หา	O
เรื่อง	O
ชาวบ้าน	O
เขา	O
แบบ	O
ผิด	O
ประเด็น	O
และ	O
_	O
ผม	O
ขอให้	O
โอตะ	O
ทุก	O
คน	O
นึก	O
ถึง	O
หน้า	O
เมมเบอร์	NORM_1WORD
ที่	O
เรา	O
โอชิ	O
นะ	O
ครับ	O
เขา	O
ฝึก	O
มา	O
นาน	O
ขนาด	O
ไหน	O
กว่า	O
จะ	O
มา	O
ถึง	O
วันนี้	O
ได้	O
_	O
วง	O
จะ	O
ดับ	O
จะ	O
ร่วง	O
อยู่	O
ที่	O
พวก	O
คุณ	O
_	O
#BNK48	O

รีวิว	O
เทียเตอร์	NORM_1WORD
ตั้งแต่	O
รอบ	O
ปฐมทัศน์	O
ยัน	O
วันนี้	O
_	O
(	O
1	O
)	O
ไม่	O
รู้	O
ว่า	O
โชค	O
ดี	O
หรือ	O
โชค	O
ร้าย	O
ที่	O
เป็น	O
คนชอบมองภาพรวม	O
แต่	O
กลับ	O
ได้	O
นั่ง	O
แถว	O
A	O
เกือบ	O
ตลอด	O
น้องๆ	O
มี	O
การพัฒนา	O
ขึ้น	O
ทั้ง	O
ร้อง	O
ทั้ง	O
เต้น	O
อย่าง	O
เห็น	O
ได้	O
ชัด	O
_	O
รวมถึง	O
สกิล	NORM_1WORD
mc	O
ด้วย	O
_	O
สรุป	O
คือ	O
มัน	O
_	O
ดจีย์	NORM_1WORD
_	O
ดจีย์	NORM_1WORD
_	O
ดจีย์	NORM_1WORD
_	O
ทุก	O
รอบ	O
เลย	O
ค่ะ	O
_	O
พัฒนา	O
กัน	O
ต่อไป	O
เน้อออ	NORM_1WORD
_	O
มี	O
ต่อ	O
...	O
_	O
#bnk48	O
_	O
#BNK48Theater	O

เจอ	O
นิยาย	O
เรื่อง	O
นึง	O
_	O
นาย	O
เอก	O
เป็น	O
ใบ้	O
กับ	O
น้อง	O
ชาย	O
ที่	O
ไม่	O
อยาก	O
ให้	O
นาย	O
เอก	O
อยู่	O
กับ	O
ครอบครัว	O
_	O
พอ	O
นาย	O
เอก	O
จะ	O
ไป	O
มี	O
แฟน	O
ก็	O
ไป	O
ข่ม	O
ขืน	O
_	O
ตื่น	O
เช้า	O
มา	O
เสือก	O
ง้อ	O
งอน	O
กัน	O
ซะ	O
งั้น	O
_	O
งง	O
ว่ะ	O
_	O
แล้ว	O
ก็	O
เหมือน	O
หวงๆ	NORM_2WORD
นาย	O
เอก	O
_	O
นาย	O
เอก	O
ก็	O
รัก	O
น้อง	O
_	O
แต่	O
ก็	O
ปล่อย	O
ตัว	O
ให้	O
คน	O
อื่น	O
_	O
ที	O
นี้	O
นาย	O
เอก	O
เรียน	O
จบ	O
เลย	O
หนี	O
ออก	O
จาก	O
บ้าน	O
_	O
พ่อ	O
แม่	O
ก็	O
ดู	O
ไม่	O
สน	O
ใจ	O
_	O
มัน	O
กลวง	O
มาก	O
อ่ะ	O
นิยาย	O
อัน	O
นี้	O

ซีรี่ย์	NORM_1WORD
จบ	O
พร้อม	O
รอยยิ้ม	O
_	O
แรก	O
ดู	O
แบบ	O
ผ่านๆ	O
_	O
ไปมา	O
ติด	O
จ้า	NORM_1WORD
_	O
แพ้	O
รอยยิ้ม	O
ผอ.	O
โดมินอิก	O
_	O
บาง	O
ตอน	O
มี	O
หักมุม	O
แบบ	O
คาด	O
ไม่	O
ถึง	O
นะ	O
เออ	O
_	O
นอกจาก	O
พระเอก	O
แล้ว	O
ที่	O
ไม่	O
พูด	O
ถึง	O
ไม่	O
ได้	O
ดู	O
ไป	O
ยิ้ม	O
ไป	O
ก็	O
แวโรนิก้า	O
พัค	O
_	O
หละ	NORM_1WORD
จ้า	NORM_1WORD
_	O
นาง	O
สวย	O
นาง	O
น่ารัก	O
นาง	O
ฉลาด	O
_	O
สรุป	O
ซีรี่ย์	NORM_1WORD
ทั้ง	O
สนุก	O
ทั้ง	O
ฟิน	O
_	O
แนะนำ	O
ให้	O
ดู	O
จะ	O
ได้	O
ฟีลกู๊ด	O
ไป	O
ด้วย	O
กัน	O
_	O
#TheSecretLifeofMySecretary	O

#1234แห่งวัชรธารา	O
_	O
เรื่อง	O
นี้	O
น่ารัก	O
มักมาก	NORM_2WORD
เลย	O
โดยอง	O
ใน	O
เรื่อง	O
น้องสี่	O
น่ารัก	O
น่าหยิก	O
มาก	O
จริงๆๆ	NORM_2WORD
ไม่	O
ใช่	O
เฉพาะๆๆ	NORM_2WORD
พี่	O
พ่อ	O
อาๆๆ	NORM_2WORD
ยัง	O
ร่วมไปถึง	NORM_1WORD
คน	O
อื่นๆๆ	NORM_2WORD
ด้วย	O
ที่	O
รู้จัก	O
ที่	O
เจอ	O
คือ	O
ถ้า	O
ใคร	O
โดยอง	O
สายน้อง	O
สายลูก	O
นี้	O
แบบ	O
ต้อง	O
ชอบ	O
รัก	O
เรื่อง	O
นี้	O
มาก	O
อะ	O
เหมือน	O
นี้	O
ตอน	O
อ่าน	O
ก้	NORM_1WORD
หลุด	O
อุทาน	O
ตลอด	O
น้อง	O
ลูก	O
เอ็นดู	O
ลูก	O
เอ๋ย	O
แนะนำ	O
เลย	O
ไป	O
อ่าน	O
กัน	O
นะ	O
ใน	O
จอย	O

เรื่องสั้น	O
_	O
#krisyeol	O
_	O
Omegaverse	O
_	O
คือ	O
_	O
จักรวาล	O
โลก	O
คู่ขนาน	O
ขนาด	O
ใหญ่	O
_	O
เป็น	O
โลก	O
ที่	O
เหล่า	O
มนุษย์	O
จินตนาการ	O
ขึ้น	O
มา	O
_	O
พวก	O
เขา	O
คิด	O
ว่า	O
มัน	O
เป็น	O
เพียงแค่	O
เรื่อง	O
สมมติ	O
_	O
แต่	O
เปล่า	O
เลย	O
_	O
มัน	O
มี	O
อยู่	O
จริง	O
_	O
ทำไม	O
ผม	O
ถึง	O
รู้	O
น่ะ	O
เหรอ	O
_	O
ก็	O
เพราะ	O
ว่า	O
ผม	O
มา	O
จาก	O
โอเมก้าเวิร์ส	O
น่ะ	O
สิ	O
ใช่	O
แล้ว	O
ครับ	O
_	O
ผม	O
ไม่	O
ใช่	O
ชาวมนุษย์โลก	O
_	O
แต่	O
ผม	O
เป็น	O
ชาวโอเมก้าเวิร์ส	O
#1	O

ตอนนี้	O
เห็น	O
อยู่	O
คน	O
เดียว	O
อ่ะ	NORM_1WORD
_	O
ย้อนแย้ง	O
ไปมา	O
_	O
เดี๋ยว	O
รอ	O
หลักฐาน	O
_	O
เดี๋ยว	O
บอก	O
ว่า	O
ถ้า	O
ชี	O
แม่	O
ไม่	O
ได้	O
ท้อง	O
จริง	O
ก็	O
ให้	O
ฟ้อง	O
พวก	O
ปากพล่อย	O
ไป	O
จ่าย	O
ฝช.	O
_	O
เข้าใจ	O
เจตนา	O
นาง	O
ว่า	O
ไม่	O
อยาก	O
ให้	O
ไป	O
ด่า	O
ชี	O
แม่	O
มาก	O
เกินไป	O
_	O
แต่	O
ชี	O
แม่	O
ของ	O
นาง	O
ปั่นกระแส	O
เอง	O
รึ	NORM_1WORD
เปล่า	O
_	O
ท้อง	O
อยู่	O
แต่	O
รับ	O
รีวิว	O
อะไร	O
ที่	O
ไม่	O
เหมาะสม	O
_	O
ถ้า	O
บอก	O
ว่า	O
ไม่	O
ได้	O
ลอง	O
กิน	O
เอง	O
ก็	O
แสดง	O
ว่า	O
หลอกลวง	O
ไง	O

อี	O
ค่าย	O
ลูกบาศก์	O
ห่า	O
เมิงงงงงงงงงงงงงงงงงงงงงงงงงงงงงงงงงงงงงงงงงงง	NORM_1WORD
ฮยอนอา	O
_	O
อี	O
ดอน	O
กู้ววววววววววววววววววววววววววววววว	NORM_1WORD
จีจี	O
รี้ววววววววววววววววววววววววววววววววววววววววววววววววววววววววววววววววววววววววววววววววววววววววววววววววววววววว	NORM_1WORD
_	O
โหด	O
ไป	O
เว้ย	O
_	O
เชือด	O
โหด	O
ไป	O
โว้ยยยยยยยยยยยยยยยยยยยยยยยยยยยยยยยยยย	NORM_1WORD

คือ	O
จะ	O
บอก	O
ว่า	O
_	O
คน	O
ไทย	O
ที่	O
เป็น	O
ศลป	NORM_1WORD
_	O
ที่	O
อยู่	O
ใน	O
ตปท	NORM_1WORD
_	O
ไม่	O
ได้	O
สร้าง	O
ชื่อเสียง	O
หรือ	O
ไม่	O
ได้	O
ช่วย	O
อะไร	O
ประเทศ	O
เลย	O
นี่	O
ไม่	O
ถูก	O
นะ	O
_	O
ไม่	O
ใช่	O
แค่	O
ที่	O
เกา	O
นะ	O
_	O
หมายถึง	O
ทุก	O
คน	O
ทุก	O
ประเทศ	O
_	O
อย่าง	O
น้อยๆ	O
อะ	O
_	O
มัน	O
จะ	O
มี	O
แฟนคลับ	O
ที่	O
อยาก	O
ไป	O
เที่ยว	O
ประเทศ	O
ไทย	O
เพราะ	O
อยาก	O
รู้	O
ความเป็นอยู่	O
ของ	O
เขา	O
นึก	O
ออก	O
ไหม	O
_	O
เหมือน	O
นี่	O
ชอบ	O
จส.	O
got7	O
_	O
ก็	O
อยาก	O
ไป	O
เที่ยว	O
ฮ่องกง	O
_	O
แบบ	O
นี้	O
อะ	O

#	O
รีวิว	O
หนัง	O
_	O
เหมือน	O
ไม่	O
ได้	O
ดู	O
หนัง	O
นาน	O
มาก	O
_	O
เรื่อง	O
_	O
#	O
SpyWhoDumpedMe	O
_	O
เรา	O
ว่า	O
มุก	O
มัน	O
ก็	O
ตลก	O
ดี	O
นะ	O
มี	O
ความลื่นไหล	O
_	O
น่ารัก	O
ดี	O
ระหว่าง	O
เพื่อน	O
สอง	O
คน	O
_	O
แต่	O
ที่	O
ทำให้	O
ความตลก	O
มัน	O
ดร๊อฟ	NORM_1WORD
ไป	O
มาก	O
_	O
คือ	O
หนัง	O
แมร่ง	NORM_1WORD
โหด	O
ไป	O
ว่ะ	O
_	O
ยิง	O
กัน	O
จริงจัง	O
มาก	O
_	O
หนัง	O
ทำลายล้าง	O
ที่	O
แท้ทรู	O
_	O
ขนาด	O
คนขับอูเบอร์	O
ยัง	O
สมอง	O
กระจาย	O
_	O
มัน	O
เลย	O
ไม่	O
สมจริง	O
ที่	O
นางเอก	O
รอด	O
มา	O
ได้	O
_	O
(	O
1	O
)	O

เมน	O
จีมิน	O
งับ	O
_	O
ไม่	O
รู้	O
เหมือนกัน	O
ว่า	O
ทำไม	O
ถึง	O
รัก	O
_	O
รู้	O
ว่า	O
โดน	O
จีมิน	O
ตก	O
เข้า	O
ด้อม	O
ตั้งแต่	O
5	O
ปี	O
ที่	O
แล้ว	O
_	O
รู้ตัว	O
อีก	O
ที	O
ก็	O
รัก	O
จน	O
ไม่	O
อยาก	O
ตาย	O
เลย	O
อ่ะ	NORM_1WORD
กลัว	O
ไม่	O
ได้	O
เจอ	O
เค้า	NORM_1WORD
_	O
รอง	O
จาก	O
พ่อแม่	O
คือ	O
บังทัน	O
เลย	O
ที่	O
ทำให้	O
อยาก	O
มี	O
ชีวิต	O
ต่อ	O
_	O
ไม่	O
เหมือน	O
ศิลปิน	O
กับ	O
แฟนคลับ	O
อ่ะ	NORM_1WORD
_	O
เหมือน	O
พี่น้อง	O
เหมือน	O
ครอบครัว	O
มาก	O
กว่า	O
_	O
อบอุ่น	O
มาก	O
ด้อม	O
นี้	O
_	O
รัก	O
มากๆ	NORM_2WORD
_	O
BTS_twt	O

ชอบ	O
คัตซีน	O
ตอน	O
ใช้	O
สกิล	NORM_1WORD
แก๊ง	O
บุไรฮะ	O
+	O
ชูยะ	O
ธีม	O
ฤดู	O
หนาว	O
ใน	O
บก.	O
มาโยย	O
อะ	O
_	O
ดาไซ	O
->	O
ปั้น	O
ตุ๊กตาหิมะ	O
อดซค	O
_	O
อังโกะ	O
_	O
น้อง	O
เสือ	O
_	O
ชูยะ	O
(	O
จิ๋ว	O
)	O
_	O
(	O
เหล่า	O
คน	O
สำคัญ	O
?	O
)	O
_	O
ชูยะ	O
->	O
เห็น	O
ชูยะจิ๋ว	O
แล้ว	O
ปรี๊ด	O
_	O
(	O
น่ารัก	O
ดี	O
ออก	O
น้า	NORM_1WORD
55	O
)	O
_	O
โอดะซาคุ	O
->	O
เดิน	O
มา	O
ทักทาย	O
อรุณสวัสดิ์	O
ดาไซ	O
_	O
ยิ้ม	O
ให้	O
กัน	O
_	O
(	O
เดต	O
?	O
)	O
_	O
อังโกะ	O
->	O
เป็น	O
พยาน	O
เห็น	O
เหตุการณ์	O
ข้าง	O
บน	O
_	O
(	O
เหม็น	O
ความรัก	O
55	O
)	O

่วิชา	NORM_1WORD
ภาษา	O
ไทย	O
ให้	O
แต่ง	O
โคลง	O
_	O
ฉันท์	O
_	O
กาพย์	O
_	O
กลอน	O
_	O
อ่าน	O
ร้อยแก้ว	O
ร้อยกรอง	O
_	O
ขับเสภา	O
_	O
อ่าน	O
ทำนองเสนาะ	O
_	O
เขียน	O
เรียงความ	O
_	O
ของ	O
พวก	O
นี้	O
มัน	O
ก็	O
ยาก	O
สำหรับ	O
บาง	O
คน	O
_	O
พอ	O
ทำ	O
ไม่	O
ได้	O
สิ่ง	O
ที่	O
โดน	O
คือ	O
คำด่า	O
ที่	O
รุนแรง	O
จน	O
เรา	O
เกิด	O
ความกดดัน	O
อย่าง	O
หนัก	O
_	O
บาง	O
คน	O
คิด	O
ว่า	O
มัน	O
ขนาด	O
นั้น	O
เลย	O
หรอ	NORM_1WORD
_	O
ตอบ	O
เลย	O
ว่า	O
โรงเรียน	O
เรา	O
เป็น	O
เช่น	O
นั้า	NORM_1WORD
_	O
#นี่มัน2018แล้วนะเฮ้ย	O

สั่ง	O
_	O
CD	O
_	O
BNK48	O
_	O
จาก	O
shopee	O
มา	O
หนึ่ง	O
เดือน	O
_	O
(	O
03	O
-	O
03	O
-	O
2562	O
)	O
_	O
อยู่ๆ	NORM_2WORD
โดน	O
แคนเซิล	O
แจ้ง	O
คืน	O
เงิน	O
ให้	O
(	O
26	O
-	O
04	O
-	O
2562	O
)	O
inbox	O
_	O
ถาม	O
ร้านค้า	O
เมื่อวาน	O
ร้านค้า	O
ให้	O
ถาม	O
shopee	O
_	O
shopee	O
ให้	O
เบอร์	O
kerry	O
_	O
1217	O
_	O
โทร	O
ไป	O
_	O
kerry	O
_	O
บอก	O
ว่า	O
shopee	O
_	O
ให้	O
มา	O
ถาม	O
_	O
kerry	O
_	O
ถาม	O
ว่า	O
เค้า	O
ให้	O
ถาม	O
แบบ	O
นี้	O
เหรอ	O
_	O
นี่	O
เริ่ม	O
_	O
งง	O
ใจ	O
_	O
kerry	O
_	O
บอก	O
ว่า	O
ที่	O
อยู่	O
อาจ	O
จะ	O
ผิด	O
มัน	O
ก็	O
ไม่	O
ผิด	O

หาก	O
สำนึก	O
คุณ	O
แผ่นดิน	O
ที่	O
ให้	O
มี	O
ที่อยู่	O
ที่ทำกิน	O
_	O
ก็	O
จง	O
ใช้	O
ชีวิต	O
_	O
Eco	O
_	O
รัก	O
สิ่งแวดล้อม	O
_	O
ใช้	O
อย่าง	O
รู้	O
คุณค่า	O
_	O
ให้	O
มัน	O
อยู่	O
ต่อ	O
ไป	O
ได้	O
อีก	O
นาน	O
ๆ	O
_	O
จ่าย	O
ภาษี	O
ไป	O
_	O
เลือกตั้ง	O
ไป	O
_	O
ก็	O
เพื่อ	O
จ้าง	O
ให้	O
คน	O
เอา	O
เงิน	O
ภาษี	O
มา	O
บริหาร	O
ทรัพยากร	O
ของ	O
ส่วนรวม	O
_	O
ทำ	O
นโยบาย	O
ที่	O
ยังยืน	NORM_1WORD
ต่อ	O
สิ่งแวดล้อม	O
_	O
ไม่	O
ใช่	O
เอา	O
ไป	O
ถาง	O
ป่า	O
สร้าง	O
บ้านพัก	O
หรือ	O
เซ็น	O
ยก	O
ให้	O
นายทุน	O

ใช้	O
จน	O
หมด	O
แล้ว	O
_	O
ขอ	O
รีวิว	O
ส่งท้าย	O
หน่อย	O
_	O
เป็น	O
แป้ง	O
ที่	O
ทับใจ	NORM_1WORD
อีก	O
ตัว	O
_	O
งานผิวดี	O
ไม่	O
แมท	NORM_1WORD
เกิน	O
_	O
มี	O
ชิมเมอร์	O
วิ้งๆ	NORM_2WORD
ด้วย	O
_	O
กัน	O
เหงื่อ	O
ด้วย	O
นะ	O
_	O
เหงื่อ	O
ผุด	O
เป็น	O
เม็ดๆ	NORM_2WORD
แบบ	O
หน้า	O
ไม่	O
ไหล	O
_	O
ปกปิด	O
นิดหน่อย	O
_	O
ที่	O
สำคัญ	O
เหมาะ	O
กับ	O
คน	O
เป็น	O
สิว	O
_	O
อ้อ	O
ใช้	O
เป็น	O
รุ่นเก่า	O
_	O
มี	O
สีเดียว	O
_	O
ตอน	O
นี้	O
ออก	O
รุ่นใหม่	O
มา	O
ละ	O
_	O
มี	O
_	O
3	O
_	O
สี	O
_	O
อาจจะ	O
ซื้อ	O
ซ้ำ	O
_	O
#ไว้รีวิวห้ามขายของโว้ยย	O

เพลง	O
ก้	NORM_1WORD
ยัง	O
สไตล์	O
เอสเอ็ม	O
เหมือน	O
เดิม	O
นะ	O
คะ	O
_	O
ต้อง	O
ฟัง	O
หลายๆ	NORM_2WORD
รอบ	O
55	O
_	O
แต่	O
คือ	O
ชอบ	O
ฮุค	O
มากๆ	NORM_2WORD
พวก	O
ท่อน	O
ร้อง	O
งี้	O
_	O
ท่อน	O
แร็ป	O
นี่	O
อาจ	O
จะ	O
ยัง	O
เข้า	O
ไม่	O
ถึง	O
_	O
เหมือน	O
เพลง	O
มี	O
ความเก่า	O
เบาๆ	O
ด้วย	O
_	O
เปิด	O
เพลง	O
มา	O
เจอ	O
แจมิน	O
ก้	NORM_1WORD
ตาย	O
ละ	O
จ้า	O
_	O
นี่	O
ว่า	O
แจมิน	O
ท่อน	O
เยอะ	O
ขึ้น	O
_	O
เจโน่	O
กะ	NORM_1WORD
จีซอง	O
ด้วย	O
_	O
แต่	O
ไม่	O
ค่อย	O
เหน	NORM_1WORD
จวิ้น	O
เลย	O
_	O
ส่วน	O
มาร์ค	O
หล่อ	O
ค่ะ	O
_	O
จบ	O
รีวิว	O
55	O
_	O
#NCTDREAM_WeGoUp	O

พล็อต	O
แหวก	O
ดี	O
_	O
นายเอก	O
เป็น	O
คุณหมอ	O
ตะเร็ก	NORM_1WORD
นิสัย	O
ดี	O
เพิ่ง	O
จะ	O
มี	O
แฟน	O
คน	O
แรก	O
เป็น	O
รุ่นพี่	O
ที่	O
เคย	O
แอบชอบ	O
_	O
รู้จัก	O
พระเอก	O
หนุ่ม	O
วิน	O
หล่อ	O
เข้ม	O
แต่	O
ซื่อบื้อ	O
_	O
ตอน	O
นั่ง	O
ไป	O
คอนโด	NORM_1WORD
หลัว	NORM_1WORD
_	O
คุย	O
ถูกคอ	O
เลย	O
เป็น	O
เพื่อน	O
กัน	O
_	O
พระเอก	O
จีบ	O
ด้วยการ	O
ซื้อ	O
ข้าวมันไก่	O
ใส่	O
แต่	O
หัวใจ	O
ไป	O
ให้	O
ตอน	O
เข้าเวร	O
_	O
รู้	O
ว่า	O
ไม่	O
คู่ควร	O
ก็	O
ไม่	O
คิด	O
หวัง	O
_	O
จน	O
นายเอก	O
เลิก	O
กะ	NORM_1WORD
แฟน	O
ถึง	O
ได้	O
สมหวัง	O

ขาย	O
_	O
set	O
10	O
(	O
ช้างศึก	O
)	O
_	O
เฌอปราง	O
300	O
_	O
ครู	O
แก้ว	O
120	O
_	O
เจนนิษฐ์	O
180	O
_	O
ซัทจัง	O
100	O
_	O
เปี่ยม	O
50	O
_	O
จิ๊บ	O
50	O
_	O
มายด์	O
80	O
_	O
เจน	O
80	O
_	O
เมษา	O
50	O
_	O
(	O
ค่าส่ง	O
30	O
/	O
50	O
)	O
_	O
**	O
โอน	O
เงิน	O
พร้อมเพย์	O
**	O
_	O
#BNK48Market	O
_	O
#BNK48	O
_	O
#ตลาดนัดBNK48	O
_	O
#cherprangbnk48	O
_	O
#KaewBNK48	O
_	O
#JennisBNK48	O
_	O
#SatchanBNK48	O
_	O
#PiamBNK48	O
_	O
#JibBNK48	O
_	O
#MindBNK48	O
_	O
#JaneBNK48	O
_	O
#MaysaBNK48	O

ลอง	O
แกล้ง	O
ให้	O
เด็ก	O
ม.	O
1	O
_	O
ผู้ชาย	O
ใช้	O
คะ	O
ค่ะ	O
_	O
ปรากฏ	O
ว่า	O
เซอร์ไพรส์	O
!!!!!	O
_	O
ใช้	O
ถูกต้อง	O
แบบ	O
ต้อง	O
มอบ	O
มง	O
ให้	O
_	O
/	O
_	O
ที	O
แรก	O
ไม่	O
คาดหวัง	O
อะไร	O
เพราะ	O
ส่วน	O
ใหญ่	O
ใช้	O
ผิด	O
_	O
ผล	O
คือ	O
ผิด	O
คาด	O
ค่ะ	O
_	O
ใช้	O
ถูกต้อง	O
แบบ	O
ฮืออออ	NORM_1WORD
_	O
รู้กกกกกก	NORM_1WORD
_	O
ในขณะที่	O
นักเรียน	O
หญิง	O
และ	O
ครู	O
(	O
แม้แต่	O
ครู	O
สอน	O
ภาษา	O
ไทย	O
)	O
หลาย	O
คน	O
ยัง	O
ใช้	O
ไม่	O
ถูก	O
เลย	O
_	O
คุณครู	O
คะ	O
หนู	O
ลง	O
แข่ง	O
ฟุตซอล	O
ค่ะ	O
_	O
/	O
เอ็นดูววว	NORM_1WORD

สำหรับ	O
ชั้น	NORM_1WORD
เรื่อง	O
นี้	O
เป็น	O
หนึ่ง	O
ใน	O
ดวงใจ	O
เลย	O
(	O
ไม่ใช่	O
แค่	O
หนัง	O
นะ	O
_	O
แต่	O
นิยาย	O
ก็	O
ด้วย	O
_	O
มังงะ	O
ขอ	O
บาย	O
เพราะ	O
ภาพ	O
รุนแรง	O
เหี้ยๆ	O
แต่	O
อ่าน	O
ครั้งแรก	O
ตอน	O
ประถม	NORM_1WORD
_	O
เนี่ย	O
_	O
โต	O
มา	O
ถึง	O
ได้	O
เป็น	O
แบบนี้	O
555	O
)	O
_	O
ชอบ	O
ปม	O
ตัวละคร	O
ทุกตัว	O
(	O
ดู	O
ได้	O
จาก	O
Ver.	O
นิยาย	O
_	O
Ver.	O
หนัง	O
มี	O
แค่	O
บางตัว	O
)	O
_	O
คือ	O
ครบรส	O
มาก	O
_	O
เออ	O
ว่ะ	O
ตอน	O
ที่	O
คิด	O
จะ	O
ทำ	O
วิจัย	O
เรื่อง	O
แรก	O
ทำไม	O
ไม่	O
นึก	O
ถึง	O
เรื่อง	O
นี้	O

ซาลาเปา	O
ขอนแก่น	O
ที่	O
รีวิว	O
คน	O
รี	O
เยอะๆ	NORM_2WORD
อะ	O
_	O
รสชาด	NORM_1WORD
ธรรมดา	O
ทั่ว	O
ไป	O
มากกกก	NORM_1WORD
_	O
บาง	O
อัน	O
คล้าย	O
ซาลาเปา	O
แช่	O
แข็ง	O
ด้วย	O
ซ้ำ	O
_	O
เป็น	O
แฉะๆ	NORM_2WORD
_	O
คือ	O
มัน	O
อร่อย	O
ขนาด	O
นั้น	O
เลย	O
หรอ	O
วะ	O
_	O
เล่น	O
ใหญ่	O
มาก	O
_	O
หรือ	O
ดิชั้น	NORM_1WORD
เข้า	O
ไม่	O
ถึง	O
รสชาด	NORM_1WORD
ที่	O
นาง	O
อวย	O
_	O
สรุป	O
_	O
ซาลาเปา	O
รสชาด	NORM_1WORD
ธรรมดา	O
_	O
แต่	O
ขนมจีบ	O
นาง	O
เด็ด	O
มากๆๆๆ	NORM_1WORD
_	O
ถ้า	O
จะ	O
อวย	O
อวย	O
หนมจีบ	NORM_1WORD
เถอะ	O
_	O
รีวิว	O
บาง	O
อัน	O
อุปทานหมู่	O
ไป	O
เอง	O
ว่า	O
อร่อย	O
ปะ	O

ไป	O
ไหน	O
ก็	O
มี	O
ของฝาก	O
นุช	O
_	O
จะ	O
ไป	O
ไหน	O
ก็	O
ถาม	O
นุช	O
ว่า	O
เอา	O
อะไร	O
ไหม	O
_	O
จะ	O
ทำ	O
อะไร	O
ก็	O
บอก	O
นุช	O
ขอ	O
กำลังใจ	O
ด้วย	O
นะ	O
_	O
นุช	O
วอแว	O
_	O
งอแง	O
แค่	O
ไหน	O
_	O
คำ	O
น้อย	O
คำ	O
ว่า	O
ไม่	O
เคย	O
จะ	O
ให้	O
นุช	O
เสียใจ	O
_	O
เวลา	O
คุย	O
กับ	O
เพื่อน	O
_	O
รึ	NORM_1WORD
ต่อหน้า	O
เพื่อน	O
_	O
กู	O
รู้	O
_	O
ว่า	O
เค้า	NORM_1WORD
รัก	O
กู	O
มาก	O
_	O
กู	O
ก็	O
รัก	O
เค้า	NORM_1WORD
อ่ะ	NORM_1WORD
มึง	O
_	O
ห้าม	O
ว่า	O
นุช	O
_	O
อย่า	O
ดุ	O
นุช	O
_	O
#ในโลกนี้ไม่มีใครรัก	O
นุช	O
ได้เท่า	O
เป๊ก	O
อีกแล้ว	O
_	O
#เป๊กผลิดโชค	O

นิยาย	O
วาย	O
ที่	O
ควร	O
นำ	O
มา	O
ทำ	O
เป็น	O
ซีรีย์	NORM_1WORD
ที่	O
สุด	O
_	O
ใน	O
2019	O
นี้	O
_	O
ขอ	O
ตอบ	O
แบบ	O
ไม่	O
คิด	O
เลย	O
ว่า	O
เรื่อง	O
_	O
#แค่ที่	O
แกง	O
_	O
นักเขียน	O
ถ่ายทอด	O
ออก	O
มา	O
ได้	O
ลึกซึ้ง	O
มาก	O
_	O
ถ่ายทอด	O
มุมมอง	O
ความรัก	O
ที่	O
ไม่	O
หวัง	O
อะไร	O
เลย	O
ของ	O
แกง	O
ได้	O
เป็น	O
อย่าง	O
ดี	O
_	O
เป็น	O
ความรัก	O
ที่	O
มี	O
แต่	O
ให้	O
ของ	O
แกง	O
_	O
เป็น	O
ความรัก	O
ที่	O
แกง	O
ต้องการ	O
ให้	O
หมู	O
มี	O
ความสุข	O
_	O
กินใจ	O
จริงๆ	NORM_2WORD
_	O
#รีวิวนิยายวาย	O
_	O
#หมู	O
แกง	O

Thanathorn_FWP	O
_	O
ซ้าย	O
จัด	O
น่า	O
จะ	O
มอบ	O
ให้	O
คุณ	O
พิชัย	O
พืชมงคล	O
_	O
คุณ	O
ไพศาล	O
พืชมงคล	O
คง	O
จะ	O
สนับสนุน	O
เส้นทาง	O
ประชาธิปไตย	O
ลึกๆ	NORM_2WORD
แล้ว	O
พี่	O
น้อง	O
กัน	O
จะ	O
ไม่	O
ทอดทิ้ง	O
กัน	O
อยู่	O
แล้ว	O
นี้	O
คือ	O
เรื่อง	O
จริงๆ	NORM_2WORD
ผู้จัดการ	O
ใหญ่	O
คือ	O
ธนาธรจึงรุ่งเรืองกิจ	O
ผม	O
สนับสนุน	O
คุณ	O
ด้วย	O
หัวใจ	O
ตลอด	O
มา	O
ด้วย	O
อุดมการณ์	O
อัน	O
แน่วแน่	O
ใน	O
ชีวิต	O
นี้	O
ได้	O
เห็น	O
ประเทศ	O
ไทย	O
ไป	O
สู่	O
เสรีภาพ	O

ทุกวันนี้	O
อ่าน	O
อะไร	O
เรา	O
พยายาม	O
คอมเม้น	NORM_1WORD
ให้	O
กำลังใจ	O
ไรท์	NORM_1WORD
ตลอด	O
เลย	O
_	O
อยาก	O
ตอบแทน	O
พลัง	O
การแต่ง	O
เขา	O
_	O
ถ้า	O
คุณ	O
ไม่	O
ชอบ	O
ก็	O
ข้าม	O
ไป	O
_	O
ถ้า	O
คุณ	O
ไม่	O
ชิป	O
คู่	O
ที่	O
เขา	O
เขียน	O
ก็	O
ไป	O
หา	O
อ่าน	O
คู่	O
ที่	O
คุณ	O
ชิป	O
_	O
ถ้า	O
เขา	O
ลง	O
ช้า	O
ก็	O
รอ	O
จน	O
เขา	O
ลง	O
เอง	O
_	O
รู้	O
ดี	O
ว่า	O
กว่า	O
จะ	O
กลั่น	O
ออก	O
มา	O
แต่ละ	O
ตอน	O
มัน	O
ยาก	O
_	O
อย่า	O
บั่นทอน	O
เขา	O
_	O
เรา	O
รัก	O
ไรท์	NORM_1WORD
ทุก	O
คน	O
นะ	O
คะ	O
_	O
#จากรีดถึง	O
ไรท์	NORM_1WORD
_	O
#9by9Fictions	O

เปิด	O
รับ	O
คิว	O
_	O
#MonstaXWeAreHereinBKK	O
_	O
-	O
_	O
ค่ากด	O
ใบ	O
ละ	O
_	O
250	O
฿	O
_	O
มัดจำ	O
ใบ	O
ละ	O
_	O
50	O
฿	O
_	O
กด	O
ไม่	O
ได้	O
คืน	O
ทั้งหมด	O
_	O
ถ้า	O
กด	O
ได้	O
แล้ว	O
ลูกค้า	O
ไม่	O
เอา	O
หรือ	O
ยกเลิก	O
คิว	O
ไม่	O
คืน	O
มัดจำ	O
น้า	NORM_1WORD
_	O
*	O
รับ	O
เฉพาะ	O
บัตรหลุม	O
เท่านั้น	O
*	O
_	O
-	O
ลูกค้า	O
ต้อง	O
โอน	O
ค่าบัตร	O
+	O
บัตรแข็ง	O
ก่อน	O
วัน	O
กด	O
_	O
1	O
_	O
วัน	O
นะ	O
คะ	O
_	O
-	O
_	O
ดู	O
รีวิว	O
ได้	O
ที่	O
_	O
#reviewsnooktickets	O
_	O
นะ	O
คะ	O
_	O
สนใจ	O
จอง	O
คิว	O
_	O
dm	O
_	O
ได้	O
เลย	O
ค่ะ	O

รีวิว	O
เพิ่มเติม	O
ฮับ	NORM_1WORD
_	O
สี	O
_	O
PK	O
04	O
_	O
สี	O
นี้	O
จะ	O
เป็น	O
สี	O
ชมพู	O
น้า	O
_	O
ใคร	O
ชอบ	O
บลัช	O
สี	O
ชมพู	O
ก็	O
ควร	O
มี	O
,	O
_	O
ต่อ	O
มา	O
_	O
RD	O
02	O
_	O
บลัช	O
สี	O
แดง	O
ตุ่นๆ	O
ที่	O
มี	O
รีวิว	O
เยอะ	O
มากกกกกกก	NORM_1WORD
,	O
_	O
อีก	O
อัน	O
ก็	O
_	O
RD	O
04	O
_	O
อัน	O
นี้	O
เป็น	O
บลัช	O
สี	O
แดง	O
อม	O
ส้ม	O
_	O
ทา	O
แล้ว	O
ดู	O
บ่ม	O
แดด	O
จริงจัง	O
_	O
555555555555	O
,	O
_	O
สี	O
สุดท้าย	O
_	O
CR	O
03	O
_	O
สี	O
ชมพู	O
อม	O
ส้ม	O
อ่อนๆ	O
_	O
ส่วนตัว	O
นี่	O
ชอบ	O
สี	O
นี้	O
_	O
ดู	O
ลุค	O
คุณหนู	O
ใสใส	O
กำลัง	O
น่ารัก	O
เลย	O

เรา	O
ไม่	O
อยาก	O
เห็น	O
รัฐประหาร	O
เกิด	O
ขึ้น	O
อีก	O
ใช่	O
ไหม	O
_	O
เรา	O
รู้	O
ใช่	O
ไหม	O
ว่า	O
การยึด	O
อำนาจ	O
มัน	O
ชะลอ	O
การพัฒนา	O
ประเทศ	O
ยังไง	NORM_1WORD
_	O
เรา	O
รู้	O
_	O
วังวน	O
ปัญหา	O
เดิมๆ	O
_	O
ใช่	O
ไหม	O
_	O
แต่	O
ที่	O
ผ่าน	O
มา	O
เรา	O
ไม่	O
รู้	O
ทางออก	O
_	O
เชื่อ	O
ว่า	O
เวลา	O
นี้	O
ทุก	O
คน	O
พอ	O
มอง	O
เห็น	O
ทางออก	O
_	O
อยู่	O
ที่	O
ว่า	O
เรา	O
จะ	O
จูง	O
มือ	O
กัน	O
ไป	O
ออก	O
ทาง	O
ไหน	O
_	O
24	O
_	O
มีนาคม	O
คือ	O
วัน	O
ตัดสิน	O
เซ็นเตอร์	NORM_1WORD
ประเทศ	O
ไทย	O
_	O
#เลือกตั้ง62	O

การที่	O
เห็น	O
ข่าว	O
เวลา	O
ที่	O
ผู้เสียหาย	O
เป็น	O
เด็ก	O
ผู้หญิง	O
ใน	O
กรณี	O
ข่มขืน	O
_	O
หรือ	O
กรณี	O
หนี	O
ออก	O
จาก	O
บ้าน	O
_	O
จะ	O
รีบรู้	NORM_1WORD
เลย	O
ว่า	O
ประเทศ	O
ไทย	O
แม่ง	O
จะ	O
มี	O
พวก	O
ไดโนเสา	NORM_1WORD
เต่า	O
ล้าน	O
ปี	O
ที่	O
ตรรกะ	O
ป่วยๆ	O
มา	O
ด่า	O
ว่า	O
หนี	O
ตาม	O
ผู้ชาย	O
แต่งตัว	O
ยั่ว	O
_	O
บลาๆๆๆ	NORM_1WORD
_	O
และ	O
ไดโนเสา	NORM_1WORD
ส่วน	O
มาก	O
นั้น	O
เป็น	O
ผญ	NORM_1WORD
ที่	O
พร้อม	O
ซ้ำเติม	O
ผญ	NORM_1WORD
เหมือน	O
กัน	O
_	O
อี	O
เหี้ย	O
ปวด	O
ปสด	NORM_1WORD
_	O
ประเด็น	O
คือ	O
พวก	O
นี้	O
แม่ง	O
เยอะ	O
ชห	NORM_1WORD

มัน	O
เป็น	O
อะไร	O
ที่	O
ดี	O
มากๆ	NORM_2WORD
เลย	O
นะ	O
คะ	O
_	O
เวลา	O
ที่	O
เรา	O
อัพ	NORM_1WORD
นิยาย	O
_	O
แล้ว	O
ได้	O
คอมเม้นต์	NORM_1WORD
_	O
ได้	O
ไลก์	O
_	O
ได้	O
รีวิว	O
_	O
มัน	O
ทำให้	O
เรา	O
รู้สึก	O
ไม่	O
เหนื่อย	O
เลย	O
อ่ะ	NORM_1WORD
ที่	O
ทำ	O
แบบ	O
นี้	O
_	O
รู้สึก	O
ไม่	O
เสียดาย	O
เวลา	O
ที่	O
ทำ	O
ไป	O
_	O
มัน	O
รู้สึก	O
ดี	O
มากๆ	NORM_2WORD
เวลา	O
คน	O
อิน	O
ตาม	O
เนื้อเรื่อง	O
และ	O
เข้าใจ	O
ใน	O
เรื่อง	O
ที่	O
เรา	O
จะ	O
สื่อ	O
_	O
ฮือ	O
_	O
ทุก	O
คน	O
น่ารัก	O
อ่า	O
_	O
น่ารัก	O
ที่สุด	O
เลย	O
เว้ย	O
แก	O
_	O
รวั้ก	NORM_1WORD
จัง	O
เลย	O
!!!	O

เมื่อวาน	O
ไป	O
ศรีสุวรรณโภชนา	O
_	O
สมุทรสาคร	O
_	O
แกงเหลืองยอดมะพร้าวอ่อน	O
_	O
ยัง	O
คง	O
อร่อย	O
เข้มข้น	O
_	O
มี	O
เอกลักษณ์	O
ที่	O
คุ้น	O
ลิ้น	O
เหมือน	O
เดิม	O
_	O
ด้วย	O
ความหิว	O
จัด	O
เลย	O
ลืม	O
ถ่าย	O
รูป	O
ไว้	O
_	O
55	O
_	O
บรรยากาศ	O
ก็	O
ดี	O
เงียบๆ	O
_	O
ลม	O
เย็นๆ	NORM_2WORD
_	O
วันหยุด	O
จะ	O
ตะลุย	O
ไป	O
กิน	O
ร้านอาหาร	O
_	O
local	O
_	O
ที่	O
เคย	O
กิน	O
สมัย	O
เด็กๆ	NORM_2WORD
_	O
รีวิว	O
รสชาติ	O
ใน	O
ความทรงจำ	O
_	O
เก็บ	O
ใน	O
_	O
blog	O
_	O
หน่อย	O
_	O
#อร่อยบอกต่อ	O

ร้านกาแฟ	O
นรสิงห์	O
_	O
วังพญาไท	O
_	O
เป็น	O
ร้านกาแฟ	O
แห่ง	O
แรก	O
ของ	O
ประเทศ	O
ไทย	O
_	O
ตั้ง	O
อยู่	O
ภายใน	O
พระราชวังพญาไท	O
_	O
ถนน	O
ราชวิถี	O
มี	O
อายุ	O
กว่า	O
_	O
100	O
_	O
สร้าง	O
ขึ้น	O
ใน	O
ปลายสมัย	O
รัชกาล	O
ที่	O
_	O
6	O
_	O
เป็น	O
ร้านยอดนิยม	O
ของ	O
ชาวต่างชาติ	O
_	O
ต่อ	O
มา	O
ใน	O
รัชกาล	O
ที่	O
_	O
7	O
_	O
ร้านกาแฟ	O
ได้	O
ปิด	O
ลง	O
_	O
และ	O
ได้	O
เปิด	O
ให้	O
บริการ	O
อีก	O
ครั้ง	O
_	O
เมื่อ	O
วันที่	O
_	O
1	O
_	O
สิงหาคม	O
_	O
2553	O
_	O
มา	O
จน	O
ถึง	O
ทุก	O
วัน	O
นี้	O

แบม	O
ชอบ	O
คน	O
อ้อน	O
_	O
แต่	O
ต้อง	O
อ้อน	O
น้อง	O
คน	O
เดียว	O
เลย	O
เลี้ยง	O
แมว	O
_	O
มาร์ค	O
ชอบ	O
คน	O
ที่	O
สามารถ	O
อยู่	O
ด้วย	O
แล้ว	O
ไม่	O
เหงา	O
_	O
แค่	O
นั่ง	O
ดู	O
เค้า	NORM_1WORD
ดุ๊กดิ๊ก	O
ก็	O
มี	O
ความสุข	O
เลย	O
เลี้ยง	O
หมา	O
_	O
แต่	O
ดู	O
ก็	O
รู้	O
ว่า	O
สอง	O
บุคลิก	O
นี้	O
คือ	O
เค้า	NORM_1WORD
สอง	O
คน	O
เวลา	O
อยู่	O
ด้วย	O
_	O
น้อง	O
จะ	O
เล่น	O
ซน	O
พี่	O
ก็	O
ได้	O
แต่	O
นั่ง	O
ยิ้ม	O
_	O
พี่	O
ก็	O
จะ	O
มี	O
มุม	O
อ้อน	O
เป็น	O
น้อง	O
มาร์ค	O
แบบที่	O
น้อง	O
ชอบ	O
ได้	O
ใน	O
บาง	O
ครั้ง	O
_	O
#MARKBAM	O

เจอ	O
ของ	O
ดี	O
ราคา	O
น่ารัก	O
อีก	O
แล้ว	O
_	O
VER	O
88	O
_	O
Holiday	O
_	O
Lip	O
_	O
Tint	O
_	O
ลิป	O
เนื้อ	O
แมทท์	NORM_1WORD
ที่	O
เบา	O
มาก	O
_	O
แต่	O
สี	O
ชัด	O
เวอร์	O
_	O
ทา	O
แล้ว	O
แห้ง	O
แบบ	O
แป้ง	O
แต่	O
ชุ่มชื้น	O
_	O
ตัวแปรง	O
นุ่ม	O
เกลี่ย	O
ลิป	O
ได้	O
ดี	O
_	O
เบอร์	O
4	O
,	O
8	O
คัด	O
มา	O
แล้ว	O
ว่า	O
เด็ด	O
_	O
ตำ	O
ได้	O
ที่	O
_	O
eveandboy	O
_	O
ราคา	O
_	O
189	O
฿	O
_	O
รี	O
+	O
ฟอล	O
+	O
เม้น	NORM_1WORD
_	O
ครบ	O
600	O
ฟอล	O
_	O
#แจกฟรี	O
_	O
#แจก	O
_	O
#ไว้รีวิวห้ามขายของโว้ยย	O
_	O
#HolidayLiptint	O
_	O
#ver88	O

รายละเอียด	O
กิจกรรม	O
สำหรับ	O
_	O
AKB48	O
_	O
Group	O
_	O
Asia	O
_	O
Festival	O
_	O
วัน	O
ที่	O
_	O
27	O
_	O
มกราคม	O
_	O
2562	O
_	O
Part	O
_	O
1	O
_	O
กิจกรรม	O
_	O
High-5	O
_	O
Event	O
_	O
กับ	O
สมาชิก	O
_	O
AKB48	O
_	O
Group	O
_	O
วิธี	O
เข้า	O
ร่วม	O
_	O
ใช้	O
_	O
Enjoy	O
_	O
Ticket	O
_	O
จำนวน	O
_	O
5	O
_	O
ใบ	O
_	O
(	O
_	O
Enjoy	O
_	O
Ticket	O
_	O
จำหน่าย	O
เป็น	O
เซต	NORM_1WORD
_	O
1000	O
_	O
บาท	O
/	O
10	O
_	O
ใบ	O
_	O
)	O
_	O
-	O
จำกัด	O
การ	O
_	O
High-5	O
_	O
เฉพาะ	O
_	O
8000	O
_	O
ท่าน	O
แรก	O
ที่	O
ใช้	O
บัตร	O
-	O
_	O
#BNK48	O
_	O
#AKB48AsiaFes	O

โกรธ	O
_	O
โกรธ	O
ที่	O
น้อง	O
บอก	O
ว่า	O
รัก	O
พี่	O
แต่	O
ไม่เคย	O
รับรู้	O
ความรัก	O
ของ	O
พี่	O
ผ่าน	O
การกระทำ	O
ที่	O
ทำ	O
ให้	O
น้อง	O
มาโดยตลอด	O
_	O
โกรธ	O
ที่	O
น้อง	O
เด็ก	O
เกินไป	O
ที่	O
จะ	O
รับรู้	O
_	O
โกรธ	O
ที่	O
กล้า	O
พูด	O
เต็มปากเต็มคำ	O
ว่า	O
คนอื่น	O
รัก	O
ตัวเอง	O
มากกว่า	O
ที่	O
พี่	O
รัก	O
เพียง	O
เพราะ	O
เค้า	NORM_1WORD
ให้	O
ทำ	O
ใน	O
สิ่งที่พี่ห้าม	O
_	O
โกรธ	O
ที่	O
น้อง	O
พา	O
ตัวเอง	O
ไป	O
เสี่ยง	O
ทั้งๆ	O
ที่	O
พี่	O
เฝ้า	O
ถนอม	O
มาโดยตลอด	O
_	O
โกรธ	O

#เรื่องมันช่างน่าอาย	O
_	O
อัน	O
นี้	O
ไม่	O
อาย	O
แต่	O
ตลก	O
_	O
ตอน	O
ไป	O
ค่าย	O
ที่	O
สกลฯ	O
_	O
แล้ว	O
มี	O
เกม	O
ส่ง	O
กะหล่ำปลี	O
_	O
มี	O
เพื่อน	O
จับ	O
ได้	O
แล่ว	NORM_1WORD
ต้อง	O
ออก	O
มา	O
ด่า	O
พี่	O
ค่าย	O
ยังไง	NORM_1WORD
ก็	O
ได้	O
ให้	O
พี่	O
เขา	O
เจ็บ	O
_	O
นาง	O
ก็	O
ด่าๆ	O
_	O
ไป	O
_	O
เลย	O
มี	O
คำ	O
นึง	NORM_1WORD
ว่า	O
_	O
ปอบถั่ง	O
_	O
แล้ว	O
แบบ	O
เรา	O
คน	O
อีสาน	O
ก็	O
เข้าใจ	O
ไง	O
_	O
แต่	O
เพื่อน	O
เป็น	O
คน	O
ภาค	O
กลาง	O
นาง	O
ถาม	O
ว่า	O
_	O
มัน	O
แปล	O
ว่า	O
อะไร	O
_	O
โอ้ยย	NORM_1WORD
_	O
ต้อง	O
คิด	O
คำแปล	O
กัน	O
ว่า	O
ไง	NORM_1WORD
วะ	O

Merry	O
_	O
christmas	O
_	O
mnl48official	O
_	O
and	O
_	O
sana	O
_	O
upload	O
_	O
niyo	O
_	O
performance	O
_	O
nila	O
_	O
sa	O
_	O
concert	O
_	O
sa	O
_	O
yt	O
_	O
tulad	O
_	O
ng	O
_	O
bnk48	O
_	O
para	O
_	O
po	O
_	O
more	O
_	O
promotions	O
_	O
at	O
_	O
nang	O
_	O
makahakot	O
_	O
tayo	O
_	O
ng	O
_	O
fans	O
_	O
hehe	O
_	O
please	O
_	O
management	O
_	O
tsaka	O
_	O
for	O
_	O
the	O
_	O
team	O
_	O
bahay	O
_	O
narin	O
_	O
po	O
_	O
yung	O
_	O
mga	O
_	O
nasa	O
_	O
province	O
_	O
na	O
_	O
hindi	O
_	O
afford	O
_	O
pumunta	O
_	O
kasi	O
_	O
malayo	O
_	O
pa	O
_	O
sila	O

ตอน	O
นั้น	O
ครู	O
กำลัง	O
ให้	O
นั่ง	O
เคลีย	NORM_1WORD
การงาน	O
ทั้งหมด	O
และ	O
ส่ง	O
ใน	O
คาบ	O
_	O
เรา	O
กับ	O
เพื่อน	O
ก็	O
ส่ง	O
แล้ว	O
_	O
เลย	O
ลง	O
มา	O
นั่ง	O
พื้น	O
_	O
นั่ง	O
พับ	O
กระดาษ	O
เล่น	O
_	O
เพื่อน	O
มัน	O
ก็	O
กระดาษ	O
ที่	O
ตี	O
แล้ว	O
ดัง	O
_	O
ปั๊บ	O
!!	O
_	O
ไอ้	O
เรา	O
ก็	O
นั่ง	O
พับ	O
ไป	O
เล่น	O
อยู่	O
_	O
เพื่อน	O
แม่ง	O
ตี	O
ดัง	O
_	O
ป้าบ	O
!!!!	O
_	O
ลั่น	O
ห้อง	O
_	O
ครู	O
มอง	O
หา	O
ต้นเสียง	O
_	O
แล้ว	O
ก็	O
ถาม	O
ว่า	O
_	O
แม่	O
ไม่	O
รัก	O
หรอ	NORM_1WORD
ลูก	O
_	O
555555	O
_	O
#เรื่องมันช่างน่าอาย	O

ใช้	O
ชีวิต	O
บน	O
เตียง	O
ม้า	O
เป็น	O
ส่วน	O
มาก	O
_	O
อยู่	O
กับ	O
ทีวี	O
มาก	O
เหลือเกิน	O
_	O
ลง	O
จาก	O
เตียง	O
ตอน	O
หิว	O
_	O
กับ	O
ออก	O
นอก	O
บ้าน	O
_	O
ไป	O
เดอะมอล	O
บ่อย	O
ราว	O
กับ	O
บ้าน	O
หลัง	O
ที่	O
สอง	O
_	O
ตาม	O
ส่อง	O
ไอจี	O
เพื่อนๆ	NORM_2WORD
อย่าง	O
ใกล้ชิด	O
_	O
เหงา	O
สุด	O
_	O
เร่ม	NORM_1WORD
รัก	O
หน้าฝน	O
มาก	O
กว่า	O
หน้าร้อน	O
แล้ว	O
_	O
แต่	O
ก่อน	O
ไม่	O
ชอบ	O
หน้าฝน	O
ที่สุด	O
เพราะ	O
ทำให้	O
ออก	O
นอก	O
บ้าน	O
ลำบาก	O
_	O
แต่	O
ตอน	O
นี้	O
แค่	O
มัน	O
เย็น	O
กว่า	O
หน้าร้อน	O
ก็	O
พอ	O

#	O
เทียนหอม	O
พูด	O
ไม่	O
ได้	O
_	O
เรื่อง	O
นี้	O
ตอน	O
แรก	O
มา	O
น้อง	O
เทียนหอม	O
ก็	O
โดน	O
พี่	O
จอมขวัญ	O
กับ	O
จอมทัพ	O
ว๊าก	O
ใส่	O
เลย	O
ฮือออ	NORM_1WORD
_	O
แต่	O
น้อง	O
ตอบโต้	O
ไม่	O
ได้	O
_	O
แต่	O
พี่ชาย	O
น้อง	O
โหด	O
มาก	O
จ้า	O
ฝาก	O
บอก	O
_	O
#พี่	O
กุก	O
ไม่	O
ชอบ	O
แท	O
หรอก	O
_	O
ยัง	O
ไม่	O
ไม่	O
จบ	O
เลย	O
จบ	O
แล้ว	O
เดี๋ยว	O
ม	NORM_1WORD
รีวิว	O
ให้	O
อ่าน	O
5555	O
_	O
(	O
อ่าน	O
ตอน	O
แรก	O
ไป	O
ละ	O
ตลก	O
ตัวละคร	O
ดี	O
คือ	O
ต้อง	O
คีพ	O
ลุก	O
อ่ะ	O
ว๊อย	NORM_1WORD
)	O
_	O
#แฝด	O
วิว	O
เวีย	O
_	O
เรื่อง	O
นี้	O
คือ	O
น่ารัก	O

น้ำตบ	O
_	O
marryrose	O
_	O
*	O
ซื้อ	O
ตาม	O
รีวิว	O
*	O
_	O
ตอน	O
แรก	O
ไม่	O
ค่อย	O
เชื่อ	O
_	O
แต่	O
ต้อง	O
เชื่อ	O
ละ	NORM_1WORD
_	O
ให้	O
ความชุ่มชื้น	NORM_1WORD
ดี	O
มากก	NORM_1WORD
_	O
ซึม	O
ไว	O
มากก	NORM_1WORD
_	O
ปริมาณ	O
เยอะ	O
มาก	O
_	O
แต่	O
ใช้	O
แบบ	O
หัวฉีด	O
จะ	O
ประหยัด	O
กว่า	O
มากๆ	NORM_2WORD
_	O
สิว	O
ลดลง	O
_	O
รอย	O
แดง	O
เรา	O
จาง	O
ลง	O
ระดับ	O
หนึ่ง	O
_	O
อยู่	O
โรงยิม	O
ฉีด	O
อัน	O
นี้	O
หน้า	O
ไม่	O
เยิ้ม	O
ไม่	O
มัน	O
เลย	O
_	O
ควร	O
มี	O
มากก	NORM_1WORD
_	O
#ไว้รีวิวห้ามขายของ	O
โว้ยย	NORM_1WORD
_	O
#howtoperfect	O
_	O
#ของดีบอกต่อ	O

เปลี่ยน	O
บราวเซอร์	O
ก็แล้ว	O
_	O
ล็อคอิน	NORM_1WORD
FB	O
ใหม่	O
ก็แล้ว	O
_	O
ใช้	O
มือถือ	O
ก็แล้ว	O
_	O
จน	O
บัดนี้	O
ก็	O
ยัง	O
เข้า	O
เว็บ	NORM_1WORD
_	O
Ticket	O
_	O
ไม่	O
ได้	O
เลย	O
เด้อ	O
_	O
T	O
_	O
T	O
_	O
ใคร	O
พอ	O
รู้	O
วิธี	O
แก้	O
มั่ง	NORM_1WORD
คะ	O
_	O
นี่	O
ส่ง	O
เมล์	NORM_1WORD
ไป	O
ถาม	O
ทุก	O
ช่องทาง	O
แล้ว	O
_	O
รอ	O
เค้า	NORM_1WORD
ตอบกลับ	O
อย่าง	O
มี	O
ความหวัง	O
_	O
ฮืออ	NORM_1WORD
_	O
#pupebnk48	O
_	O
#JiradapaProducedConcert	O
_	O
#BNK48	O
_	O
ปูเป้	O
ถ้า	O
ส่อง	O
อยู่	O
_	O
ช่วย	O
สะกิด	O
ทีมงาน	O
ให้	O
หน่อย	O
_	O
TT	O

มาก	O
ค่ะ	O
_	O
เรา	O
ตาม	O
อ่าน	O
นิยาย	O
อย่าง	O
เดียว	O
ไม่	O
ได้	O
เข้า	O
ไป	O
อยู่	O
ใน	O
ด้อม	O
_	O
แต่	O
เห็น	O
ดราม่า	O
มา	O
เป็น	O
พักๆ	NORM_2WORD
หลาย	O
เดือน	O
แล้ว	O
_	O
ถ้า	O
เป็น	O
คู่	O
ชิป	O
ทั่วๆ	NORM_2WORD
ไป	O
ยัง	O
พูด	O
ได้	O
ว่า	O
เรือ	O
ใคร	O
เรือ	O
มัน	O
_	O
หรือ	O
เรือ	O
ทุก	O
เรือ	O
ก็	O
กาส	O
เหมือน	O
กัน	O
หมด	O
ได้	O
_	O
แต่	O
นี่	O
มัน	O
มี	O
คู่	O
หลัก	O
อยู่	O
_	O
และ	O
คน	O
เขียน	O
ก็	O
บอก	O
แล้ว	O
ว่า	O
ไม่	O
โอเค	O
กับ	O
การ	O
แยก	O
คู่	O
_	O
ถึง	O
จะ	O
ช้ำ	O
ใจ	O
แค่	O
ไหน	O
ก็	O
ต้อง	O
อดทน	O
ไม่	O
ใช่	O
ทำ	O
แบบ	O
นี้	O

#	O
ThePool	O
_	O
#	O
นรก6เมตร	O
_	O
(	O
2	O
_	O
ดาว	O
ครึ่ง	O
)	O
_	O
เป็น	O
หนัง	O
ไทย	O
ที่	O
ดู	O
สนุก	O
และ	O
บันเทิง	O
เรื่อง	O
หนึ่ง	O
ของ	O
ปี	O
นี้	O
เลย	O
_	O
มี	O
ลุ้น	O
ตื่นเต้น	O
ไป	O
กับ	O
สถานการณ์	O
ใน	O
หนัง	O
แม้	O
บาง	O
อย่าง	O
จะ	O
น่าเหลือเชื่อ	O
แต่	O
มัน	O
ก็	O
มี	O
ความเป็นไปได้	O
ใน	O
ความเป็นจริง	O
_	O
มี	O
หวัง	O
-	O
หมด	O
หวัง	O
อย	NORM_1WORD
ตลอด	O
_	O
ฉาก	O
โหด	O
สุด	O
ตอน	O
ท้าย	O
ไม่	O
รู้	O
จะ	O
อึ้ง	O
ด้วย	O
อารมณ์	O
ไหน	O
ดี	O
_	O
แต่	O
ตอน	O
จบ	O
นี่	O
เรา	O
ไม่	O
ซื้อ	O
อย่าง	O
แรง	O

ถึง	O
ทุก	O
ท่าน	O
ที่	O
เข้า	O
มา	O
ใน	O
แท๊ก	NORM_1WORD
_	O
#BNK48	O
พบ	O
ลุง	O
ตู่	O
_	O
และ	O
สนใจ	O
เรื่อง	O
การจับมือ	O
กับ	O
สมาชิก	O
วง	O
_	O
BNK48	O
_	O
นั้น	O
_	O
ขอ	O
เรียน	O
ให้	O
ทราบ	O
ว่า	O
_	O
การจับมือ	O
ของ	O
_	O
BNK48	O
_	O
จัด	O
ประจำ	O
ทุกๆ	O
เดือน	O
_	O
3	O
_	O
เดือน	O
(	O
โดย	O
การประมาณ	O
)	O
และ	O
ไม่	O
ได้	O
ขาย	O
บัตรจับมือ	O
โดย	O
ตรง	O
_	O
แต่	O
เป็น	O
_	O
ของแถม	O
_	O
ใน	O
CD	O
_	O
หรือ	O
สินค้า	O
ของ	O
_	O
BNK48	O
_	O
ถือ	O
เป็น	O
การขอบคุณ	O
ที่	O
ทุก	O
ท่าน	O
มา	O
ซื้อ	O
สินค้า	O
ของ	O
_	O
BNK48	O

ตัดสินใจ	O
ละ	NORM_1WORD
แต่ง	O
ฟิค	NORM_1WORD
โม	O
แก้ว	O
ละกัน	O
_	O
แต่ง	O
แบบ	O
นิยาย	O
จริงๆ	NORM_2WORD
_	O
ไม่	O
ลง	O
จอย	O
แต่	O
ลง	O
ใน	O
เด็กดี	O
แทน	O
_	O
ส่วน	O
นิยาย	O
ใน	O
จอย	O
ก็	O
ไม่	O
ได้	O
ทิ้ง	O
นะ	O
สลับ	O
กัน	O
ลง	O
ตาม	O
โอกาส	O
เอา	O
_	O
ยังไง	NORM_1WORD
ก็	O
ชอบ	O
แบบ	O
นิยาย	O
นั่ง	O
พิมพ์	O
มาก	O
กว่า	O
นั่ง	O
กด	O
ใน	O
โทรศัพท์	O
แฮะ	O
_	O
รู้สึก	O
ชิน	O
กว่า	O
และ	O
พรรณนา	O
ได้	O
ดี	O
กว่า	O
_	O
ตอน	O
นี้	O
ขอ	O
เวลา	O
เตรียม	O
พล็อต	O
แปป	NORM_1WORD
_	O
คง	O
ไม่	O
อะไร	O
มาก	O
แค่	O
พล็อต	O
ง่ายๆ	NORM_2WORD
_	O
แค่	O
อยาก	O
เขียน	O
โม	O
แก้ว	O

Not	O
_	O
SUPER	O
_	O
onboard	O
_	O
with	O
_	O
Jabaja	O
_	O
either,	O
_	O
but	O
_	O
still	O
_	O
interested	O
_	O
to	O
_	O
see	O
_	O
what	O
_	O
they	O
_	O
do	O
_	O
with	O
_	O
it	O
_	O
as	O
_	O
well.	O
_	O
Reborn	O
_	O
on	O
_	O
the	O
_	O
other	O
_	O
hand	O
_	O
is	O
_	O
awesome,	O
_	O
both	O
_	O
the	O
_	O
lyrics	O
_	O
&	O
_	O
the	O
_	O
context	O
_	O
fits	O
_	O
Izurina	O
_	O
so	O
_	O
well.	O
_	O
She	O
_	O
really	O
_	O
has	O
_	O
been	O
_	O
'reborn'	O
_	O
in	O
_	O
Thailand	O
_	O
&	O
_	O
BNK48.	O
_	O
On	O
_	O
the	O
_	O
other	O
_	O
hand,	O
_	O
I'm	O
_	O
also	O
_	O
a	O
_	O
bit	O
_	O
worried...	O

#รีวิวเซเว่น	O
_	O
#ShopeeTH	O
_	O
#lazadath	O
_	O
#GOT7	O
_	O
#BTS	O
_	O
#BamBam	O
_	O
#YILoveYou2019	O
_	O
#BNK48	O
_	O
#Lisa14MParty	O
_	O
#นั่งเล่นmusicfestival4	O
_	O
#กินกันกับเตนิว	O
_	O
#NCT127_1stTour	O
_	O
#2019NAMJOOHYUKinBKK	O
_	O
#กูจะฮาก็ตรงคอมเม้นนี่แหละ	O
_	O
#กรุงเทพคริสเตียน	O
_	O
#กูจะไม่ยอมเห็นรูปนี้คนเดียว	O
_	O
#HowtoPerfect	O
_	O
#NadechYaya	O
_	O
#PeckPalitchoke	O

ใจ	O
เย็นๆ	NORM_2WORD
เด้อออ	NORM_1WORD
_	O
ไม่	O
ใช่	O
ว่า	O
ประกาศ	O
วันนี้	O
อาทิตย์	O
หน้า	O
เอ็มวี	O
ออก	O
ซะ	NORM_1WORD
เมื่อไหร่	NORM_1WORD
_	O
กว่า	O
จะ	O
ซ้อม	O
กว่า	O
จะ	O
อัด	O
เอ็มวี	O
_	O
มัน	O
คือ	O
การบริหาร	O
งาน	O
อย่าง	O
เป็น	O
ระบบ	O
_	O
พอ	O
หมด	O
ช่วง	O
โปรโมต	O
ซิง	NORM_1WORD
_	O
4	O
_	O
ก็	O
ออก	O
ซิง	NORM_1WORD
_	O
5	O
_	O
ต่อ	O
ได้	O
เลย	O
_	O
ถ้า	O
ไป	O
ประกาศ	O
หลัง	O
หมด	O
ช่วง	O
โปรโมต	O
ซิง	NORM_1WORD
4	O
_	O
มัน	O
ทิ้ง	O
นาน	O
ไป	O
_	O
พรี	NORM_1WORD
ก็	O
คง	O
เปิด	O
นาน	O
อยู่	O
แหละ	O
เพราะ	O
จะ	O
ขาย	O
โค้ด	O
เลือกตั้ง	O
_	O
#BNK48	O
_	O
#BNK5thSingle	O

หนู	O
รู้	O
ไหม	O
พี่	O
ฟัง	O
เพลง	O
นี้	O
ที่	O
หนู	O
ร้อง	O
พี่	O
มี	O
กำลังใจ	O
ทุก	O
ครั้ง	O
เพราะ	O
พี่	O
ชอบ	O
เพลง	O
โชนิจิ	O
เวอร์ชั่น	NORM_1WORD
ที่	O
หนู	O
ร้อง	O
มาก	O
และ	O
หนู	O
เป็น	O
เซนเตอร์	NORM_1WORD
เพลง	O
นี้	O
อีก	O
ด้วย	O
ยัง	O
มี	O
อีก	O
หลาย	O
คน	O
ที่	O
เป็น	O
กำลังใจ	O
ให้	O
หนู	O
อยู่	O
ข้างๆ	O
หนู	O
เพราะฉะนั้น	O
วันนี้	O
มัน	O
อาจ	O
จะ	O
มี	O
เมฆ	O
ดำ	O
มา	O
บดบัง	O
แสง	O
อาทิตย์	O
แต่	O
อีก	O
ไม่	O
นาน	O
เมฆ	O
นั้น	O
ก็	O
จะ	O
จางหาย	O
ไป	O
สู้ๆ	O
_	O
นะ	O
_	O
#MusicBNK48	O
_	O
#BNK48	O

จะ	O
ไม่	O
ตัดสิน	O
ใคร	O
จน	O
กว่า	O
จะ	O
ได้	O
เห็น	O
น้องๆ	NORM_2WORD
รุ่น	O
2	O
มาก	O
กว่า	O
นี้	O
_	O
ฌ	O
_	O
ม	O
_	O
นส	O
_	O
นห	O
_	O
มี	O
แค่	O
ฌ	O
คน	O
เดียว	O
ที่	O
เรา	O
เก็บ	O
เป็น	O
โอชิ	O
ตั้งแต่	O
เซน	O
ไป	O
_	O
ที่	O
เหลือ	O
มา	O
โดน	O
ตก	O
ที	O
หลัง	O
หมด	O
_	O
เหย	O
แก	O
มัน	O
เพิ่ง	O
เริ่ม	O
ออ	O
_	O
ใจเย็น	O
_	O
ดู	O
กัน	O
ไป	O
นานๆ	O
_	O
ใคร	O
เป็น	O
ไง	O
_	O
จริงจัง	O
แค่	O
ไหน	O
เรา	O
ว่า	O
เวลา	O
มัน	O
จะ	O
พิสูจน์	O
ให้	O
เห็น	O
เอง	O
_	O
วัน	O
นั้น	O
ค่อย	O
ด่า	O
ก็	O
ยัง	O
ไม่	O
สาย	O
_	O
#	O
BNK48	O
2ndGeneration	O
_	O
#	O
BNK48	O

เจอ	O
เชเช่เช้เช๊เช๋	O
ครั้ง	O
แรก	O
ที่	O
งาน	O
โร้ดโชว์	O
เดอะมอลล์บางแค	O
ก็	O
รู้	O
เลย	O
ว่า	O
คือ	O
คามิ	O
โอชิ	O
หลัง	O
จาก	O
นั้น	O
ก็	O
คอย	O
ติดตาม	O
สนับสนุน	O
ตลอด	O
เลวา	NORM_1WORD
ติด	O
เซม	O
แล้ว	O
มีชื่อ	O
ของ	O
แจน	O
ติด	O
ก็	O
ดีใจ	O
มา	O
ถึง	O
วันนี้	O
พอ	O
แจน	O
ประกาศ	O
แกรด	O
และ	O
ได้รับ	O
โอกาส	O
ก็	O
รู้สึก	O
ดีใจ	O
และ	O
เศร้า	O
ปน	O
กัน	O
ไป	O
_	O
ก็	O
ยินดี	O
ด้วย	O
ยัง	O
คง	O
สนับสนุน	O
ติดตาม	O
เหมือน	O
เดิม	O
คามิ	O
ตลอด	O
กาล	O
_	O
#	O
Jan	O
BNK48	O
_	O
#	O
BNK48	O

ที่จริง	O
ครู	O
ภาษา	O
ไทย	O
หลาย	O
คน	O
_	O
หรือ	O
แม้แต่	O
ราชบัณฑิตยสถาน	O
เอง	O
ก็	O
ปรับตัว	O
กับ	O
ภาษา	O
มา	O
ตลอด	O
นะ	O
ครับ	O
_	O
คำ	O
ที่	O
สมัย	O
อดีต	O
เคย	O
สะกด	O
แบบ	O
นึง	NORM_1WORD
_	O
แต่	O
ตอน	O
หลัง	O
สะกด	O
อีก	O
แบบ	O
นึง	NORM_1WORD
_	O
มี	O
ให้	O
เห็น	O
เป็น	O
ร้อย	O
เป็น	O
พัน	O
คำ	O
_	O
ซึ่ง	O
ผม	O
เคย	O
วิจารณ์	O
การสะกด	O
คำทับศัพท์	O
ของ	O
ราชบัณฑิตฯ	NORM_1WORD
ไว้	O
นาน	O
แล้ว	O
ว่า	O
ผิดหลัก	O
การออกเสียง	O
_	O
ทำให้	O
คน	O
เข้าใจ	O
ผิด	O
_	O
แต่	O
จอนอ	NORM_1WORD
ก็	O
ยึด	O
ตาม	O
ราชบัณฑิตฯ	NORM_1WORD

ลอง	O
เปิดใจ	O
อ่าน	O
ฟิค	NORM_1WORD
ละ	NORM_1WORD
_	O
น่ารัก	O
ดี	O
...	O
_	O
แต่	O
ซีน	O
ผู้ใหญ่	O
ๆ	O
_	O
หน่อย	O
นี่	O
ไม่	O
กล้า	O
อ่าน	O
เลย	O
...	O
_	O
ลูก	O
แม่	O
_	O
แม่	O
ทำใจ	O
ไม่	O
ได้	O
ที่	O
จะ	O
นึก	O
ภาพ	O
หนู	O
แบบ	O
นั้น	O
_	O
ปกติ	O
อ่าน	O
นิยาย	O
นะ	O
_	O
แต่	O
นิยาย	O
เขา	O
เป็น	O
อิเมจิ้น	NORM_1WORD
ของ	O
คนเขียน	O
ที่	O
ไม่	O
ได้	O
เอา	O
ภาพ	O
ใคร	O
มา	O
แปะ	O
_	O
เลย	O
โอเค	O
_	O
(	O
แต่	O
ฉาก	O
แบบ	O
นั้น	O
ถ้า	O
หนัก	O
หน่อย	O
ก็	O
ไม่	O
กล้า	O
อ่าน	O
เหมือน	O
กัน	O
)	O
_	O
ไอ	NORM_1WORD
บ้า	O
เอ้ย	NORM_1WORD
_	O
อายุ	O
_	O
26	O
_	O
ไม่	O
เด็ก	O
แล้ว	O
!	O

แล้ว	O
คุณ	O
อ่ะ	NORM_1WORD
ใช้	O
ตา	O
หรือ	O
ใช้	O
ของลับ	O
คุณ	O
ดู	O
ไม่	O
ทราบ	O
_	O
ตา	O
เขา	O
ทา	O
แค่	O
นิดเดียว	O
ไม่	O
ได้	O
ทา	O
หนา	O
เตอะ	O
แบบ	O
รูป	O
ปก	O
คุณ	O
_	O
หน้า	O
หนา	O
เหมือน	O
รูป	O
ปก	O
ดี	O
นะ	O
คะ	O
_	O
พิมพ์	O
คำ	O
ว่า	O
เป็น	O
ไม่	O
เป็น	O
หรอ	NORM_1WORD
คะ	O
_	O
ลิ้น	O
ด้วน	O
หรือ	O
ไม่	O
มี	O
ลิ้นไก่	O
คะ	O
หรือ	O
มือ	O
พิการ	O
เลย	O
พิมพ์	O
ผิด	O
ถ้า	O
จะ	O
ด่า	O
คน	O
อื่น	O
หัด	O
ใช้	O
ภาษา	O
ไทย	O
ให้	O
ถูก	O
ก่อน	O
ดี	O
ไหม	O
คะ	O
หรือ	O
ไป	O
เรียน	O
ไหม	O
ก็	O
ดี	O
นะ	O
คะ	O
จะ	O
ได้	O
มี	O
ความคิด	O
ที่	O
ดี	O
กว่า	O
นี้	O

8	O
.	O
_	O
ก่อน	O
นอน	O
พี่	O
ชอบ	O
พา	O
ตัวเอง	O
ไป	O
อยู่	O
ใน	O
ยูทูป	NORM_1WORD
แหละ	O
_	O
ดู	O
อะไร	O
ก็	O
ได้	O
ที่	O
ขึ้น	O
มา	O
หน้า	O
ฟีต	NORM_1WORD
_	O
แบบ	O
อะไร	O
ก็	O
ได้	O
จริงๆ	NORM_2WORD
นะ	O
_	O
รีวิว	O
เครื่องสำอางค์	NORM_1WORD
_	O
vlog	O
เที่ยว	O
_	O
แคสเกมส์	NORM_1WORD
_	O
อะไร	O
ก็	O
ได้	O
ที่	O
ทำให้	O
หยุด	O
คิด	O
เรื่อง	O
งาน	O
...	O
_	O
lol	O
_	O
20	O
.	O
จริงๆ	O
ฟัง	O
ได้	O
ทุก	O
แนว	O
นะ	O
_	O
โดยเฉพาะ	O
_	O
K-POP	O
_	O
แล้ว	O
ก็	O
ชอบ	O
_	O
POP	O
เบาๆ	O
สมัย	O
พี่	O
อยู่	O
มัธยม	O
อย่าง	O
_	O
scrubb	O
,	O
tattoo	O
colour	O
,	O
etc	O
บลาๆ	O

อย่า	O
คิด	O
ว่า	O
นักข่าว	O
ต่างชาติ	O
เขา	O
ไม่	O
รู้	O
ภาษา	O
ไทย	O
ก็	O
เลย	O
เสนอ	O
แต่	O
มุม	O
ดีๆ	NORM_2WORD
_	O
แต่	O
อาจ	O
เพราะ	O
แง่มุม	O
แย่ๆ	NORM_2WORD
ต่างๆ	NORM_2WORD
โดยเฉพาะ	O
ดราม่า	O
โซเชียล	O
_	O
มัน	O
ไร้	O
ประโยชน์	O
ต่อ	O
มนุษย์ชาติ	O
และ	O
จะ	O
ลดทอน	O
คุณค่า	O
ของ	O
ภารกิจ	O
นี้	O
ลง	O
_	O
หลายๆ	NORM_2WORD
ประเทศ	O
การนำเสนอ	O
และ	O
การรักษาภาพลักษณ์	O
ของ	O
ชาติ	O
เขา	O
มอง	O
เป็น	O
เรื่อง	O
สำคัญ	O
มาก	O
_	O
และ	O
มา	O
ก่อน	O
ความรู้สึก	O
ส่วนตัว	O
_	O
#ThaiCaveRescue	O

และ	O
พวก	O
ที่	O
ยึดติด	O
กับ	O
ระบบ	O
ทักษิณ	O
หรือ	O
อะไร	O
ก็	O
ทักษิณๆ	O
นี่	O
ตื่น	O
สัก	O
ที	O
นะ	O
คะ	O
_	O
ประเทศ	O
ไทย	O
ต้อง	O
เดินหน้า	O
ค่ะ	O
_	O
ประชาชน	O
ต้องการ	O
มี	O
คุณภาพ	O
ชีวิต	O
ที่	O
ดี	O
กว่า	O
ทุก	O
วันนี้	O
_	O
คน	O
ที่	O
อยู่	O
ฝั่ง	O
ประชาธิปไตย	O
_	O
เลือก	O
พรรค	O
ที่	O
เป็น	O
ประชาธิปไตย	O
ไม่	O
ได้	O
หมายความ	O
ว่า	O
_	O
อยู่	O
เสื้อแดง	O
_	O
เป็น	O
พวก	O
ที	NORM_1WORD
ทักษิณ	O
หรือ	O
พวก	O
ล้ม	O
เจ้า	O
ค่ะ	O
_	O
ตื่นนน	NORM_1WORD
_	O
#เลือกตั้งประเทศไทย2562	O

เป้าหมาย	O
ปี	O
นี้	O
_	O
1	O
.	O
_	O
เขียน	O
นิยาย	O
สัก	O
_	O
3	O
_	O
เล่ม	O
_	O
2	O
.	O
_	O
ต้อง	O
จบ	O
ซีรี่ย์	NORM_1WORD
แวมไพร์	O
_	O
PASSIONATE	O
_	O
FANGS	O
_	O
ให้	O
ได้	O
_	O
3	O
.	O
_	O
ผอม	O
สัก	O
ที	O
_	O
55	O
_	O
หรือ	O
ลง	O
สัก	O
ห้า	O
โล	O
ก็	O
ได้	O
_	O
4	O
.	O
_	O
เก็บ	O
ตังค์	O
_	O
5	O
.	O
_	O
ไป	O
เที่ยว	O
เยอะๆ	O
_	O
6	O
.	O
_	O
ดื่ม	O
เบียร์	O
ให้	O
น้อย	O
ลง	O
_	O
(	O
เน้น	O
วอดก้า	O
แทน	O
)	O
_	O
7	O
.	O
_	O
เริ่ม	O
เรียน	O
ภาษา	O
เพิ่ม	O
อีก	O
สัก	O
ภาษา	O
_	O
8	O
.	O
_	O
เตรียมตัว	O
เรียน	O
ต่อ	O
โท	O
_	O
ดู	O
ซิ	O
ว่า	O
จะ	O
ทำ	O
ได้	O
สัก	O
กี่	O
ข้อ	O
_	O
กรี๊ดดด	NORM_1WORD

Mv	O
_	O
นี้	O
จะ	O
ไม่	O
ค่อย	O
มี	O
ฉาก	O
เดี่ยว	O
สัก	O
เท่าไหร่	NORM_1WORD
_	O
แต่	O
จะ	O
มี	O
ฉาก	O
หนึ่ง	O
ที่	O
เป็น	O
_	O
#JanBNK48	O
_	O
เดิน	O
ออก	O
มา	O
จาก	O
ฉาก	O
ที่	O
เคย	O
ยื่น	O
ร้อง	O
คู่	O
กับ	O
แก้ว	O
_	O
เพียง	O
คน	O
เดียว	O
_	O
และ	O
ใน	O
ฉาก	O
ที่	O
ต้อง	O
ร้อง	O
คู่	O
กัน	O
ท่อน	O
_	O
Merry	O
_	O
Christmas	O
_	O
ปกติ	O
จะ	O
ต้อง	O
หัน	O
หา	O
กัน	O
_	O
แต่	O
ใน	O
ตอน	O
ใกล้	O
จบ	O
เพียง	O
แจน	O
คน	O
เดียว	O
ที่	O
หันกลับ	O
ไป	O
มอง	O
_	O
#KaewBNK48	O
_	O
เพียง	O
ฝ่าย	O
เดียว	O
_	O
..	O
_	O
ร้องไห้	O
_	O
#BNK48	O

บาง	O
ที	O
ก็	O
คิด	O
นะ	O
ว่า	O
ควร	O
เป็น	O
_	O
รัก	O
ชาติ	O
_	O
ศาสน์	O
_	O
กษัตริย์	O
_	O
ประชาชน	O
เพราะ	O
สิ่ง	O
ที่	O
ต้อง	O
คอย	O
ปกป้อง	O
รักษา	O
ไม่	O
ได้	O
มี	O
เพียง	O
แค่	O
3	O
สิ่ง	O
แต่	O
สิ่ง	O
ที่	O
สำคัญ	O
อีก	O
สิ่ง	O
คือ	O
ประชาชน	O
ใน	O
ชาติ	O
ต้อง	O
รัก	O
และ	O
เคารพ	O
ใน	O
สิทธิ์	O
กัน	O
ไม่	O
ใช่	O
แบบ	O
เอะอะ	O
รัก	O
3	O
สิ่ง	O
=	O
คน	O
ดี	O
ไม่	O
ใช่	O
นึก	O
ถึง	O
แต่	O
ประเทศ	O
ชาติ	O
จน	O
ไม่	O
ดู	O
เสียง	O
จาก	O
ประชาชน	O
มัว	O
แต่	O
บ้า	O
อำนาจ	O
พ่าม	NORM_1WORD
ปกป้อง	O
ชาติ	O
ไอ้	O
ประเยด	O

เพิ่ง	O
ตาม	O
ดู	O
อนิเม	NORM_1WORD
จาก	O
เพลง	O
ของ	O
_	O
Kenshi	O
_	O
ชื่อ	O
เพลง	O
_	O
Uchiagehanabi	O
_	O
คิด	O
ว่า	O
เป็น	O
เพลง	O
แรกๆ	NORM_2WORD
ที่	O
เริ่ม	O
ฟัง	O
เพลง	O
เขา	O
_	O
ส่วน	O
หนัง	O
เรื่อง	O
_	O
Fireworks	O
(	O
2017	O
)	O
_	O
ขอ	O
รีวิว	O
สั้นๆ	NORM_2WORD
ว่า	O
_	O
มัน	O
_	O
งง	O
_	O
มาก	O
_	O
รู้	O
ที	O
หลัง	O
ว่า	O
มี	O
มังงะ	O
มา	O
ก่อน	O
_	O
สรุป	O
คือ	O
เรา	O
ขี้เกียจ	O
คิด	O
ตอน	O
จบ	O
ต่อ	O
_	O
อิ	NORM_1WORD
พระ	O
-	O
นาง	O
มัน	O
ไป	O
ไหน	O
_	O
แต่	O
ok	O
ก็	O
พอ	O
จะ	O
เข้าใจ	O
ว่า	O
_	O
ดอกไม้ไฟ	O
_	O
=	O
_	O
ค.ปรารถนา	NORM_1WORD
ของ	O
วัย	O
หนุ่มสาว	O

มี	O
คน	O
ถาม	O
ว่า	O
วิธี	O
ดู	O
แท่งไฟ	O
แท้	O
ดู	O
ยังไง	NORM_1WORD
?	O
_	O
มี	O
ก๊อป	NORM_1WORD
ด้วย	O
เหรอ	O
คะ	O
_	O
ดู	O
น่า	O
จะ	O
ก๊อป	NORM_1WORD
ยาก	O
อยู่	O
นะ	O
คะ	O
_	O
*0*	O
_	O
ยังไง	NORM_1WORD
ลอง	O
เทียบ	O
รูป	O
จากที่	O
เคย	O
รีวิว	O
ดู	O
นะ	O
คะ	O
_	O
แต่ละ	O
ส่วน	O
_	O
หรือ	O
เทียบ	O
สี	O
_	O
และ	O
การทำงาน	O
ของ	O
แท่งไฟ	O
_	O
ปล.	NORM_1WORD
มี	O
คน	O
เจอ	O
สี	O
เพี้ยน	O
เป็น	O
น้ำเงิน	O
_	O
ม่วง	O
บลาๆ	O
_	O
ด้วย	O
ค่ะ	O
_	O
แต่	O
เป็น	O
ของแท้	O
ที่	O
สี	O
เพี้ยน	O
เฉยๆ	O
_	O
ค่ะ	O
_	O
ลอง	O
พา	O
ไป	O
เจอ	O
ระบบ	O
เปลี่ยน	O
สี	O
_	O
เผื่อ	O
กลับ	O
มา	O
ชมพู	O

อี	O
แก้ว	O
เอาตัวรอด	O
ได้	O
ตลอด	O
_	O
แต่ง	O
เรื่อง	O
ก็	O
เก่ง	O
_	O
น่า	O
เป็น	O
นักแต่งนิยาย	O
น้ำเน่า	O
จริงๆ	NORM_2WORD
ใครๆ	O
_	O
ก็	O
ตาม	O
ไม่	O
ทัน	O
_	O
โกหก	O
เก่ง	O
ขนาด	O
นี้	O
_	O
ไม่	O
มี	O
ความเมตตา	O
_	O
ปราณี	NORM_1WORD
_	O
ยัง	O
อยาก	O
เป็นใหญ่เป็นโต	O
ได้	O
อีก	O
_	O
คิดถึง	O
_	O
#เล่ห์รักบุษบา	O
_	O
จังเลย	O
_	O
ไม่	O
เครียด	O
_	O
ไม่	O
เน่า	O
_	O
ขนาด	O
นี้	O
เลย	O
_	O
#บ่วงสไบ	O
_	O
#กด35	O
_	O
#Ch7HDDramaSociety	O
_	O
ดู	O
แล้ว	O
ต้อง	O
พูด	O
หยาบ	O
เครียด	O
ไม่	O
ดี	O
เลย	O

คุณ	O
ไผ่	O
มี	O
ปัญหา	O
สิว	O
และ	O
รอยสิว	O
_	O
เคย	O
หา	O
หมอ	O
คลินิก	O
_	O
หา	O
ข้อมูล	O
ตาม	O
เว็บ	NORM_1WORD
ต่างๆ	NORM_2WORD
_	O
เพื่อ	O
ที่	O
จะ	O
หาย	O
_	O
ครีมเคาเตอร์แบรนด์	NORM_1WORD
ก็	O
ใช้	O
แต่	O
สิว	O
ไม่	O
หาย	O
จน	O
ท้อ	O
_	O
เลย	O
หัน	O
มา	O
ตามหา	O
รองพื้น	O
ขั้น	O
เทพ	O
เพื่อ	O
กลบ	O
สิว	O
แทน	O
สุดท้าย	O
เปิดใจ	O
มา	O
ใช้	O
เรเวียร์	O
เพราะ	O
เห็น	O
ผู้ใช้จริง	O
มา	O
รีวิว	O
กัน	O
เยอะ	O
_	O
ผลลัพธ์	O
ก็	O
ตาม	O
รูป	O
เลย	O
ค่ะ	O
_	O
#ถ้าคุณมีปัญหาสิว_ฝ้า_กระ_แค่ลองเปิดใจ	O

หน้า	O
นุ๊ก	O
เป็น	O
สิว	O
_	O
รอย	O
เยอะ	O
_	O
พอ	O
แต่ง	O
หน้า	O
ปกปิด	O
ก็	O
ได้	O
ชั่วคราว	O
_	O
สิว	O
ก็	O
ขึ้น	O
มา	O
ใหม่	O
เนื่องจาก	O
การอุดตัน	O
ของ	O
เครื่องสำอาง	O
แต่	O
หลังจาก	O
ได้	O
ทดลอง	O
แป้งฝุ่น	O
เจ้านาง	O
ก่อน	O
แต่งหน้า	O
กับ	O
หลัง	O
แต่งหน้า	O
_	O
ปกปิด	O
ได้	O
ดี	O
เลย	O
ทีเดียว	O
_	O
แถม	O
สิว	O
ไม่	O
มี	O
มา	O
ขึ้น	O
กวน	O
ใจ	O
อีก	O
เลย	O
_	O
สิว	O
อุดตัน	O
น้อย	O
ลง	O
#ใช้จริงรีวิวจริง	O
#ไว้ขายของห้ามรีวิวโว้ยย	O
#แป้ง	O
เจ้านาง	O

ขาย	O
นิยาย	O
มือสอง	O
ค่ะ	O
_	O
เนื่องจาก	O
อยู่	O
หอ	O
ไม่	O
มี	O
ที่	O
เก็บ	O
แล้ว	O
ส่ง	O
_	O
ลทบ.	NORM_1WORD
30	O
/	O
ems	O
50	O
_	O
สนใจ	O
dm	O
สอบถาบถาม	NORM_1WORD
เพิ่มเติม	O
ได้	O
ค่ะ	O
_	O
7	O
'	O
s	O
_	O
สุด	O
หล่อ	O
จ๋า	O
อยาก	O
สวย	O
ช่วย	O
ฉัน	O
ที	O
_	O
ขาย	O
_	O
150	O
_	O
7	O
'	O
s	O
_	O
บทเรียน	O
รัก	O
กั๊ก	O
หัวใจ	O
ยัยวายร้ายฝึกหัด	NORM_1WORD
_	O
ขาย	O
_	O
120	O
_	O
ใส่สีตีไข่	O
กระชาก	O
หัวใจ	O
นาย	O
แบดบอย	O
_	O
ขาย	O
_	O
80	O
_	O
#นิยายมือสองสภาพดี	O
_	O
#นิยายมือสอง	O
_	O
#นิยาย	O
แจ่มใส	O
มือสอง	O
_	O
#นิยาย	O

เห็น	O
คน	O
รีวิว	O
_	O
Maxilip	O
_	O
ลิป	O
แก้	O
ปาก	O
คล้ำ	O
เลย	O
ไป	O
ซื้อ	O
มา	O
ใช้	O
_	O
นาง	O
ดีย์	NORM_1WORD
จริง	O
_	O
ปาก	O
นุ่ม	O
ชุ่มชื่น	O
แต่	O
ไม่	O
เหนอะหนะ	O
_	O
แล้ว	O
อยู่	O
ทน	O
ด้วย	O
_	O
หลังจาก	O
ใช้	O
มา	O
สักพัก	O
ก็	O
ดู	O
เหมือน	O
ปาก	O
จะ	O
ชมพู	O
ขึ้น	O
นะ	O
_	O
เป็น	O
ลิป	O
ติด	O
กระเป๋า	O
ไป	O
แล้ว	O
_	O
ตอน	O
นี้	O
_	O
7	O
-	O
11	O
_	O
ลด	O
เหลือ	O
_	O
149	O
_	O
บาท	O
_	O
จาก	O
_	O
189	O
_	O
เลย	O
ต้อง	O
ไป	O
ซื้อ	O
มา	O
ตุน	O
ก่อน	O
_	O
อิ	O
อิ	O
_	O
#ลิปแก้ปากคล้ำ	O
_	O
#howtoperfect	O
_	O
#รีวิวเซเว่น	O

750105	O
_	O
PILZ	O
_	O
#750105Pilz	O
_	O
#Pilz750105	O
_	O
#Relays	O
_	O
#RelayThai	O
_	O
#Relay	O
_	O
#RelaysThai	O
_	O
#RelayThailanD	O
_	O
#RelaysThailanD	O
_	O
#Electric	O
_	O
#Electrical	O
_	O
#538ThailanD	O
_	O
#538Co	O
_	O
#538CoLtd	O
_	O
#RelayShop	O
_	O
#RelaySShoP	O
_	O
#อุปกรณ์	O
_	O
#อุปกรณ์ไฟฟ้า	O
_	O
#ไฟฟ้า	O
_	O
#Best	O
_	O
#Good	O
_	O
#Price	O
_	O
#ราคาถูก	O
_	O
#ราคาดี	O
_	O
#ประเทศ	O
ไทย	O
_	O
#Safety	O
_	O
#SafetyRelays	O

เล่น	O
คน	O
เดียว	O
ก็	O
ได้	O
_	O
เล่น	O
กับ	O
ครอบครัว	O
หรือ	O
กลุ่ม	O
เพื่อน	O
ยิ่ง	O
ดี	O
_	O
เพราะ	O
จะ	O
รู้สึก	O
รัก	O
ใคร่	O
กลมเกลียว	O
กัน	O
มาก	O
ขึ้น	O
จาก	O
การกลัว	O
ตาย	O
_	O
55555	O
_	O
ใคร	O
อยาก	O
ลอง	O
เล่น	O
_	O
ใน	O
ไทย	O
มี	O
อยู่	O
_	O
3	O
_	O
ที่	O
ใหญ่ๆ	NORM_2WORD
คือ	O
ที่	O
อ่าวลึก	O
_	O
กระบี่	O
(	O
ใหญ่	O
สุด	O
_	O
โหด	O
สุด	O
)	O
,	O
_	O
โฮมพุเตย	O
รีสอร์ท	O
_	O
กาญจนบุรี	O
(	O
เซฟ	O
สุด	O
_	O
โหน	O
สริง	O
ผ่าน	O
น้ำ	O
ด้วย	O
)	O
_	O
และ	O
ดอยตุง	O
_	O
เชียงราย	O
(	O
ชิว	NORM_1WORD
สุด	O
_	O
เดิน	O
ตาม	O
สะพาน	O
)	O

หลัง	O
จบ	O
สเตจ	O
ตอน	O
น้อง	O
มา	O
ยืน	O
ส่ง	O
ตั้งใจ	O
จะ	O
เรียก	O
ชื่อ	O
ผักขม	O
เพื่อ	O
ให้	O
กำลังใจ	O
_	O
แต่	O
_	O
#CanBNK48	O
_	O
ประกาศ	O
แกรด	NORM_1WORD
ตอน	O
นั้น	O
เลย	O
เปลี่ยนใจ	O
เดิน	O
ออก	O
มา	O
เห็น	O
แคน	O
ยืน	O
ตรง	O
กลาง	O
แถว	O
เลย	O
พูด	O
ออก	O
ไป	O
ว่า	O
_	O
#	O
แคนแคน	O
สู้ๆนะ	O
_	O
แคน	O
หัน	O
มา	O
ยิ้ม	O
และ	O
โบก	O
มือ	O
ให้	O
ดีใจ	O
ที่	O
ได้	O
พูด	O
และ	O
แคน	O
รับรู้	O
_	O
และ	O
ขอโทษ	O
นะ	O
_	O
#PhakkhomBNK48	O
_	O
ที่	O
ไม่	O
ได้	O
เรียก	O
ชื่อ	O
_	O
#BNK48	O
_	O
#BNK48Theater	O

บริษัท	O
บีทีเอส	O
กรุ๊ป	O
โฮลดิ้งส์	O
จำกัด	O
_	O
(	O
มหาชน	O
)	O
_	O
หรือ	O
_	O
BTS	O
_	O
เปิดเผย	O
ผ่าน	O
ตลาดหลักทรัพย์แห่งประเทศ	O
ไทย	O
ว่า	O
_	O
คณะกรรมการ	O
มี	O
มติ	O
_	O
จ่าย	O
ปันผล	O
เป็น	O
เงินสด	O
_	O
งวด	O
ดำเนิน	O
งาน	O
วัน	O
ที่	O
_	O
01	O
_	O
เม.ย.	O
_	O
2561	O
_	O
ถึง	O
วัน	O
ที่	O
_	O
30	O
_	O
ก.ย.	O
_	O
2561	O
_	O
จำนวน	O
_	O
0	O
.	O
17	O
_	O
บาท	O
/	O
หุ้น	O
_	O
วัน	O
ที่	O
ไม่	O
ได้	O
รับ	O
สิทธิ	O
ปันผล	O
(XD)	O
_	O
18	O
_	O
ม.ค.	O
_	O
2562	O
_	O
วัน	O
ที่	O
จ่าย	O
ปันผล	O
_	O
01	O
_	O
ก.พ.	O
_	O
2562	O

ตอน	O
_	O
1	O
_	O
ชอบ	O
ที่	O
บรรยาย	O
ใน	O
ฝั่ง	O
เติร์ด	O
ก่อน	O
_	O
ที่	O
ไรท์	NORM_1WORD
ตั้ง	O
ชื่อ	O
ตอน	O
ว่า	O
แสง	O
_	O
น่า	O
จะ	O
ล้อ	O
ไป	O
กับ	O
ตัว	O
เช่	O
ใน	O
สายตา	O
ที่	O
เติร์ด	O
มอง	O
รึ	NORM_1WORD
เปล่า	O
คะ	O
_	O
ชอบ	O
ฉาก	O
ใน	O
ฝน	O
มาก	O
_	O
มี	O
เสน่ห์	O
_	O
บทสนทนา	O
ระหว่าง	O
กัน	O
ก็	O
อิมแพค	NORM_1WORD
ใจ	O
_	O
เหมือน	O
เช่	O
มอง	O
ขาด	O
ว่า	O
เติร์ด	O
รู้สึก	O
อะไร	O
_	O
เหงา	O
หรือ	O
ไม่	O
มั่นใจ	O
เพราะ	O
อะไร	O
_	O
กับ	O
ตอน	O
ภูชี้ฟ้า	O
ที่	O
เติร์ด	O
รู้สึก	O
ขอบคุณ	O
และ	O
ดีใจ	O
ที่	O
มี	O
เช่	O
_	O
#lsxx3	O

ใน	O
ส่วน	O
ของ	O
_	O
MC	O
_	O
เรา	O
ชอบ	O
น้อง	O
ฟ้อนด์	O
_	O
#FondBNK48	O
_	O
ที่	O
_	O
Alert	O
_	O
พลัง	O
เยอะ	O
มาก	O
_	O
น้อง	O
แนทเธอรีน	O
_	O
#NatherineBNK48	O
_	O
มี	O
ความเอ็นดู	O
ที่	O
จะ	O
จำ	O
ชื่อ	O
เพลง	O
ยูนิตคู่	O
บวก	O
กับ	O
การเล่น	O
มุก	O
_	O
และ	O
หนุ่มโส่ย	O
_	O
#NamsaiBNK48	O
_	O
ที่	O
พูดจา	O
ไหลลื่น	O
มาก	O
_	O
มี	O
ความลื่น	O
ปรื๊ดๆ	O
_	O
เป็น	O
คน	O
เดียว	O
ที่	O
พูด	O
ไม่	O
สะดุด	O
เลย	O
_	O
เอา	O
เวที	O
อยู่	O
มาก	O
(	O
4	O
)	O
_	O
#BNK48	O
_	O
#1st2getherConcert	O

อยาก	O
เห็น	O
ประเทศ	O
ไทย	O
ดี	O
ขึ้น	O
_	O
ข้าราชการ	O
ไม่	O
รับ	O
สินบน	O
_	O
ทหารตำรวจ	O
ไม่	O
กร่าง	O
_	O
นักการเมือง	O
รักษา	O
คำพูด	O
_	O
ลูกหลาน	O
มี	O
อนาคต	O
ที่	O
ดี	O
เป็น	O
ตัว	O
ของ	O
ตัวเอง	O
_	O
ไม่	O
ใช่	O
มี	O
แต่	O
มาเฟีย	O
_	O
มี	O
แต่	O
คนเห็นแก่ตัว	O
เอาเปรียบ	O
กัน	O
_	O
ตอแหล	O
ได้	O
แทง	O
ได้	O
แทง	O
_	O
ลูกหลาน	O
เป็น	O
ก๊อยแว๊น	O
ติด	O
ยา	O
_	O
ประเทศ	O
นี้	O
พอ	O
จะ	O
ไป	O
จุด	O
นั้น	O
_	O
ไม่	O
รู้	O
ผีห่าซาตาน	O
ตน	O
ใด	O
มัน	O
ฉุด	O
ให้	O
ต่ำ	O
ลง	O
_	O
ลอง	O
คิด	O
ดู	O
สิ	O

ทุก	O
คำ	O
ที่	O
พูด	O
ออก	O
มา	O
_	O
มัน	O
_	O
ตราตรึง	O
_	O
เหมือน	O
การเล่น	O
เพลง	O
ซ้ำ	O
ใน	O
หัวใจ	O
_	O
ทุก	O
การเคลื่อนไหว	O
_	O
มัน	O
ประทับ	O
อยู่	O
ใน	O
โสตประสาท	O
_	O
ฉาย	O
ซ้ำ	O
_	O
เล่น	O
ซ้ำ	O
_	O
ยิ่ง	O
ห้าม	O
_	O
ยิ่ง	O
_	O
ชัดเจน	O
_	O
#คําคม	O
_	O
#อกหัก	O
_	O
#ความรัก	O
_	O
#ภาพจำ	O
_	O
#ณัฏฐ์ดูดวงเจาะชีวิต	O
_	O
#คิดถึง	O
_	O
#ดูดวง	O
_	O
#เพ้อ	O
_	O
#ความรู้สึก	O
_	O
#รัก	O
_	O
#คําคมโดนๆ	O
_	O
#คําคมคนโสด	O
_	O
#อกหักมันเจ็บ	O

ครั้ง	O
แรก	O
กับ	O
วาไรตี้	O
โชว์	O
ระดับ	O
โลก	O
_	O
#TheBlueCarpetShowforUNICEF	O
_	O
ที่	O
ให้	O
คุณ	O
มี	O
ส่วนร่วม	O
ใน	O
การขับเคลื่อน	O
โลก	O
ให้	O
น่าอยู่	O
_	O
พบ	O
กับ	O
_	O
#	O
ชีวอน	O
_	O
#	O
นิชคุณ	O
_	O
#	O
มินพีชญา	O
_	O
#	O
เป๊กผลิตโชค	O
_	O
#	O
ดา	O
เอ็นโดรฟิน	O
_	O
#BNK48	O
_	O
พร้อม	O
2	O
พิธีกร	O
_	O
#	O
ป๋อมแป๋มนิติ	O
_	O
และ	O
_	O
#	O
ตุ๊ยตุ่ยพุทธชาด	O
_	O
วัน	O
อาทิตย์	O
ที่	O
_	O
16	O
_	O
ธ.ค.	O
นี้	O
_	O
เวลา	O
_	O
18	O
.	O
20	O
_	O
น.	O
_	O
ทาง	O
_	O
#ช่อง7HD	O
_	O
#UNICEF	O

หลังจาก	O
ดู	O
_	O
#Girlsdontcry	O
_	O
ก็	O
ตั้งใจ	O
ว่า	O
จะ	O
ไป	O
จับ	O
มือ	O
_	O
#BNK48	O
_	O
ให้	O
ครบ	O
ทุก	O
คน	O
ก่อน	O
จะ	O
มี	O
ใคร	O
แกรด	O
อีก	O
_	O
เมื่อ	O
วาน	O
นี้	O
เก็บ	O
ไป	O
ได้	O
_	O
12	O
_	O
คน	O
แล้ว	O
_	O
ที่	O
ยัง	O
ไม่	O
ได้	O
รีวิว	O
คือ	O
_	O
#MaysaBNK48	O
_	O
เหมือน	O
จะ	O
เดทแอร์	NORM_1WORD
หน่อยๆ	NORM_2WORD
_	O
#JibBNK48	O
_	O
บอก	O
น้อง	O
ว่า	O
ไม่	O
ว่า	O
จะ	O
อยู่	O
ตรง	O
ไหน	O
คน	O
ที่	O
รัก	O
เรา	O
จะ	O
มอง	O
เห็น	O
เรา	O
เสมอ	O
_	O
#MinminBNK48	O
_	O
เป็น	O
รุ่น	O
2	O
ที่	O
สะดุดตา	O
เรา	O
ที่	O
สุด	O
แล้ว	O

ไฮยาลูรอน	O
จาก	O
ญป	O
_	O
ซึ่ง	O
ถาม	O
ว่า	O
แพ็คเกจ	NORM_1WORD
เหมือน	O
ยาหยอดตา	O
ขนาด	O
นี้	O
_	O
กู	O
รู้	O
ได้	O
ยังไง	NORM_1WORD
_	O
อ่าน	O
รีวิว	O
เอา	O
ค่ะ	O
55555	O
_	O
มัน	O
ใช้	O
ดี	O
นัก	O
มึง	O
_	O
คือ	O
ตอน	O
กลับ	O
บ้าน	O
หน้า	O
แห้ง	O
เป็น	O
ขุย	O
มาก	O
_	O
พยาม	NORM_1WORD
มาส์ก	O
หน้า	O
ก็	O
ไม่	O
ได้	O
ผล	O
_	O
พอ	O
กู	O
หยิบ	O
จาก	O
โต๊ะ	O
แม่	O
มา	O
ใช้	O
เท่านั้นแหละ	O
1	O
หยด	O
_	O
โอ่โห้	NORM_1WORD
_	O
ผิว	O
กลับ	O
มา	O
เนียน	O
เหมือน	O
ตอน	O
ยัง	O
ไม่	O
ขึ้น	O
มหาลัย	NORM_1WORD
_	O
1	O
หยด	O
มัน	O
เข้มข้น	O
มาก	O
มึง	O
_	O
ปัย	NORM_1WORD
ซื้อ	O
!!	O

สโลแกน	O
อูจิน	O
ผม	O
บลอนด์	O
ของ	O
_	O
/epiquewoojin	O
_	O
อีก	O
ผืน	O
ที่	O
เล็ง	O
ไว้	O
_	O
แล้ว	O
ก็	O
ดีใจ	O
ที่	O
เค้า	NORM_1WORD
มา	O
_	O
KCON	O
_	O
ด้วย	O
_	O
เลย	O
ได้	O
ไป	O
รับ	O
ผ่าน	O
ร้านกาว	O
พร้อม	O
กับ	O
_	O
2	O
_	O
ผืน	O
ที่	O
รีวิว	O
ไป	O
ก่อนหน้า	O
_	O
สโลแกน	O
ดีงาม	O
ตาม	O
แบบฉบับ	O
ของ	O
บ้าน	O
นี้	O
_	O
ออก	O
มา	O
คือ	O
ดี	O
ทุก	O
ผืน	O
_	O
แต่	O
ผืน	O
นี้	O
เนื้อผ้า	O
จะ	O
หนา	O
/	O
แข็ง	O
ขึ้น	O
หน่อย	O
นึง	NORM_1WORD
นะ	O
คะ	O
_	O
มาส	O
บ้าน	O
นี้	O
ก็	O
น่ารัก	O
มาก	O
ด้วย	O
_	O
#รีวิว	O
โคเรีย	O
แฟนช็อป	O

ตอน	O
นี้	O
ก็	O
เข้าใจ	O
แล้ว	O
หละ	NORM_1WORD
ว่า	O
ยิ่ง	O
ดัง	O
ยิ่ง	O
มี	O
คน	O
อิจฉา	O
แต่	O
มัน	O
ก็	O
มี	O
น้อย	O
กว่า	O
คน	O
ที่	O
รัก	O
พวก	O
เขา	O
ทั้ง	O
7	O
คน	O
อะ	O
_	O
มา	O
ว่า	O
ว่า	O
เต้น	O
ไม่	O
เก่ง	O
เธอ	O
รู้จัก	O
บังทัน	O
สับ	O
ขา	O
เป๊ะ	O
ทุก	O
มุม	O
ปะ	NORM_1WORD
_	O
เต้น	O
ก็	O
พร้อม	O
กัน	O
_	O
ท่าเต้น	O
ก็	O
แข็งแรง	O
_	O
ใส่	O
เต็ม	O
กัน	O
ทุก	O
เวที	O
_	O
ฉัน	O
รัก	O
เพราะ	O
ความสามารถ	O
ที่	O
ได้	O
แถม	O
มา	O
คือ	O
หน้าตา	O
และ	O
ความรัก	O
ที่	O
เขา	O
มี	O
ให้	O
อาร์มี่	O
_	O
#NamjinBestDancers	O

+++++	O
มา	O
บ่น	O
เรื่อง	O
คน	O
แชร์	O
วิธี	O
เอา	O
อิ้ง	O
มา	O
ใช้	O
ใน	O
ชีวิต	O
ประจำวัน	O
อีก	O
ละ	O
_	O
เห็น	O
ไอจี	O
นึง	NORM_1WORD
บอก	O
ว่า	O
_	O
ให้	O
ล	NORM_1WORD
เปลี่ยน	O
เซตติ้ง	O
ใน	O
ทรศ	NORM_1WORD
ให้	O
เป็น	O
ภาษา	O
อังกิด	NORM_1WORD
_	O
++++	O
กู	O
พึ่ง	O
รู้	O
ว่า	O
คน	O
ปกติ	O
ไม่	O
ได้	O
ตั้ง	O
เป็น	O
อิ้ง	NORM_1WORD
5555555	O
_	O
พ่อ	O
บังคับ	O
ให้	O
ตั้ง	O
อิ้ง	NORM_1WORD
มา	O
ตลอด	O
ตั้งแต่	O
ทรศ	NORM_1WORD
เครื่อง	O
แรก	O
อะ	NORM_1WORD
_	O
เหตุผล	O
คือ	O
ถ้า	O
ตั้ง	O
ภาษา	O
ไทย	O
มัน	O
แปล	O
ตรงตัว	O
เกิน	O
_	O
อ่าน	O
ไม่	O
รู้	O
เรื่อง	O
55555555	O

เพลงคุกกี้ฯ	NORM_1WORD
_	O
ความหมาย	O
ดี	O
มาก	O
เลย	O
นะ	O
_	O
อยาก	O
ลงมือ	O
ทำ	O
อะไร	O
ก็	O
ต้อง	O
ลอง	O
เสี่ยง	O
_	O
ไม่	O
เสี่ยง	O
ก็	O
ไม่	O
รู้	O
_	O
อย่า	O
เอา	O
แต่	O
คิด	O
เยอะ	O
_	O
กลัว	O
ไป	O
เอง	O
จน	O
ไม่	O
ลงมือ	O
ทำ	O
_	O
ลอง	O
เสี่ยง	O
_	O
ลุ้น	O
_	O
ถึง	O
ล้มเหลว	O
สุดท้าย	O
ก็	O
แค่	O
มี	O
น้ำตา	O
_	O
แต่	O
ก็	O
ได้	O
เรียนรู้	O
_	O
จากนั้น	O
ก็	O
ยิ้ม	O
ก็	O
สู้	O
กัน	O
ไป	O
_	O
เลย	O
ไม่	O
เข้าใจ	O
คน	O
ที่	O
โจมตี	O
ว่า	O
ปัญญาอ่อน	O
_	O
หรือ	O
เรา	O
ตีความ	O
ลึกซึ้ง	O
ไป	O
เอง	O
หว่า	O
_	O
#BNK48	O

2	O
_	O
ปี	O
จาก	O
วัน	O
เปิดตัว	O
ที่	O
_	O
Japan	O
_	O
expo	O
_	O
จาก	O
เวที	O
เล็กๆ	O
ที่	O
_	O
MBK	O
_	O
จาก	O
ที่	O
งานมอร์เตอร์โชว	NORM_1WORD
คนดู	O
ไม่	O
ถึง	O
100	O
วง	O
ก้าวกระโดด	O
ไป	O
ไกล	O
มาก	O
อยาก	O
ให้	O
พัฒนา	O
ไป	O
ให้	O
ไกล	O
มาก	O
กว่า	O
_	O
KFC	O
_	O
และ	O
ตอน	O
นี้	O
ต้อง	O
ให้	O
กำลังใจ	O
_	O
#PiamBNK48	O
_	O
ขอให้	O
น้อง	O
หาย	O
ดี	O
จริงๆ	NORM_2WORD
ก่อน	O
ค่อย	O
กลับ	O
มา	O
เติม	O
ความสุข	O
ให้	O
กับ	O
แฟนคลับ	O
สม	O
ชื่อ	O
_	O
เปี่ยม	O
_	O
ที่	O
เปี่ยมล้น	O
ไป	O
ด้วย	O
ความสุข	O
นะ	O
_	O
#BNK48	O

ผม	O
ประ	O
บ่า	O
,	O
_	O
1	O
,	O
_	O
นิยาย	O
,	O
ชิลล์ๆ	O
,	O
_	O
เนื้อย่าง	O
,	O
_	O
ไม่	O
เกิน	O
_	O
10	O
,	O
_	O
อนิเมะ	O
ญี่ปุ่น	O
_	O
ดิสนี่ย์	NORM_1WORD
_	O
ดู	O
หมด	O
,	O
_	O
ลด	O
ความอ้วน	O
จริงจัง	O
ได้	O
แล้ว	O
,	O
_	O
ดำ	O
_	O
น้ำตาล	O
_	O
ทอง	O
_	O
และ	O
อีก	O
หลาย	O
สี	O
,	O
_	O
น่าจะ	O
_	O
2	O
_	O
คน	O
,	O
_	O
มี	O
,	O
_	O
นาฬิกา	O
,	O
_	O
ผช	NORM_1WORD
,	O
_	O
โดดเรียน	O
ตอน	O
มหาลัย	NORM_1WORD
เพราะ	O
ไป	O
สาย	O
เช็ก	O
ชื่อ	O
ไม่	O
ทัน	O
เลย	O
โดด	O
เลย	O
,	O
_	O
สุภาพบุรุษ	O
,	O
ง่ายๆ	O
_	O
ไม่	O
เรื่อง	O
มาก	O
_	O
นอน	O
ดึก	O
ตื่น	O
สาย	O
,	O
_	O
แฟน	O
_	O
ติ่ง	O
ไป	O
เรื่อย	O

Movie	O
_	O
Day	O
_	O
เปิด	O
มา	O
ก็	O
เป็น	O
วัน	O
แห่ง	O
การดู	O
หนัง	O
ราคา	O
พิเศษ	O
เลย	O
ที	O
เดียว	O
_	O
-	O
ไป	O
ฝ่า	O
นรก	O
พร้อม	O
ยมทูต	O
สุด	O
เท่	O
ใน	O
_	O
#AlongWithTheGods	O
_	O
-	O
หรือ	O
อยาก	O
แซ่บ	O
แบบ	O
ตัว	O
แม่	O
ใน	O
_	O
#ABadMomsChristmas	O
_	O
-	O
ชีวิต	O
ดีๆ	NORM_2WORD
มอง	O
โลก	O
บวก	O
แบบ	O
_	O
#Wonder	O
_	O
-	O
การเดินทาง	O
ที่	O
ไม่	O
มี	O
ทาง	O
ถึง	O
ที่	O
ที่	O
เรียก	O
ว่า	O
บ้าน	O
กับ	O
พวก	O
เขา	O
_	O
#HumenFlow	O
_	O
-	O
โหดๆ	NORM_2WORD
รับ	O
ต้น	O
ปี	O
ไป	O
กับ	O
_	O
#JeepersCreepers3	O

#ConspiracyTheory	O
_	O
#BNK48	O
_	O
คิดๆ	NORM_2WORD
ว่า	O
มัน	O
น่า	O
จะ	O
เป็น	O
แค่	O
การสร้าง	O
ดราม่า	O
เบอร์	O
ใหญ่	O
ของ	O
วง	O
ที่	O
แต่ละ	O
48	O
G	O
สามารถ	O
ทำ	O
ได้	O
ไม่ว่า	O
จะ	O
วง	O
ไหน	O
_	O
ผล	O
กำไร	O
ทาง	O
การตลาด	O
มัน	O
ช่าง	O
ทำร้าย	O
คน	O
จริงๆ	NORM_2WORD
_	O
ทำร้าย	O
กัน	O
หมด	O
_	O
ทำร้าย	O
จน	O
ไม่	O
รู้	O
ว่า	O
ผล	O
ที่	O
ออก	O
มา	O
มัน	O
จะ	O
เป็น	O
ยังไง	NORM_1WORD
_	O
เหมือน	O
เป็น	O
แผนสำรอง	O
เผื่อ	O
ข่าว	O
ต๋า	O
ไม่	O
ปัง	O
เลย	O
ซ้ำ	O
ที่	O
แจน	O
อีก	O
คน	O
_	O
ซึ่ง	O
แม่ง	O
.....	O
แย่	O
เอา	O
มากๆ	NORM_2WORD

ต้อง	O
ไป	O
ดู	O
สัญญา	O
ที่	O
พี่	O
โชค	O
ทำ	O
กับ	O
_	O
GMM	O
_	O
อ่ะ	NORM_1WORD
สิ	O
ว่า	O
รวม	O
ถึง	O
ขนาด	O
ไหน	O
_	O
อย่าง	O
_	O
BNK48	O
_	O
นี่	O
ทั้ง	O
ชุด	O
และ	O
คาแรคเตอร์	NORM_1WORD
นี่	O
เหมา	O
หมด	O
_	O
จะ	O
ไป	O
ตัด	O
ชุด	O
เหมือน	O
เป๊ะๆ	NORM_2WORD
_	O
ทำ	O
ทรง	O
ผม	O
_	O
คาแรคเตอร์	NORM_1WORD
นิสัย	O
_	O
ให้	O
เหมือน	O
นี่	O
ไม่	O
ได้	O
เลย	O
นะ	O
_	O
ถ้า	O
ทำ	O
คอส	O
เล่นๆ	NORM_2WORD
_	O
ก็	O
ไม่	O
เป็นไร	O
_	O
แต่	O
ถ้า	O
มี	O
เรื่อง	O
เงิน	O
มา	O
เกี่ยว	O
ปัญหา	O
มา	O
แน่	O
_	O
ล่าสุด	O
ก็	O
มี	O
คน	O
ไป	O
คอส	O
แล้ว	O
ถือ	O
ผลิตภัณฑ์	O
ใน	O
มือ	O
_	O
โดน	O
เลย	O

1	O
_	O
แฟน	O
คุณ	O
_	O
2	O
_	O
เบื่อ	O
ง่าย	O
_	O
3	O
_	O
เรียล	NORM_1WORD
มัธยม	O
ต้น	O
_	O
4	O
_	O
ทำงาน	O
แล้ว	O
_	O
5	O
_	O
ไม่	O
ค่อย	O
มี	O
เวลาว่าง	O
ให้	O
_	O
6	O
_	O
แต่	O
ว่าง	O
ตอน	O
กลาง	O
คืน	O
_	O
7	O
_	O
เรียน	O
สาย	O
คณิต	O
อังกฤษ	O
_	O
8	O
_	O
โง่	O
คณิต	O
ชิบหาย	NORM_1WORD
_	O
9	O
_	O
ชอบ	O
คน	O
ฉลาด	O
กว่า	O
_	O
10	O
_	O
กรุ้ป	O
_	O
O	O
_	O
11	O
_	O
ชอบ	O
ฟัง	O
เพลง	O
มากๆ	NORM_2WORD
_	O
ส่ง	O
เพลง	O
มา	O
ได้	O
เลย	O
ครับ	O
ถ้า	O
อยาก	O
ให้	O
ผม	O
ฟัง	O
_	O
12	O
_	O
ผม	O
ขี้เหงา	O
แต่	O
ชอบ	O
อยู่	O
คน	O
เดียว	O
_	O
13	O
_	O
พิมพ์	O
ภาษา	O
ไทย	O
ให้	O
ถูก	O
ค่อย	O
มา	O
คุย	O
กัน	O
นะ	O
ครับ	O

นอน	O
มา	O
อยู่แล้ว	O
อ่ะ	NORM_1WORD
_	O
ไป	O
ไฟนอลวอล์ค	NORM_1WORD
ชัวร์	O
_	O
การตลาด	O
จีดับเบิ้ลเอ็ม	O
_	O
ยังไง	NORM_1WORD
เอา	O
วง	O
นี้	O
มา	O
เรียก	O
คนดู	O
อยู่แล้ว	O
_	O
แค่	O
ลง	O
คลิป	O
เมื่อวาน	O
วัน	O
เดียว	O
ใน	O
เฟซ	O
_	O
คน	O
ดู	O
วง	O
นี้	O
สี่	O
แสน	O
วิว	O
_	O
กับ	O
ยอดไลค์	NORM_1WORD
อีก	O
เกือบ	O
สอง	O
หมื่น	O
_	O
แต่	O
อาจ	O
จะ	O
ไม่	O
ชนะ	O
ก็	O
ได้	O
_	O
เพราะ	O
วง	O
ของ	O
ที่	O
อื่น	O
ก็	O
โหด	O
_	O
ถ้า	O
อยาก	O
ชนะ	O
ก็	O
คือ	O
ต้อง	O
ทำให้	O
โหด	O
สุด	O
_	O
อย่า	O
พลาด	O
แม้แต่	O
นิดเดียว	O
_	O
ต้อง	O
สม	O
มง	O
อ่ะ	NORM_1WORD
ค่	NORM_1WORD

Little	O
_	O
mermaid	O
_	O
เจ้าชายเงือก	O
องค์	O
สุดท้อง	O
ที่	O
ไม่	O
ปรากฎ	O
ใน	O
นิยาย	O
เพราะ	O
เป็น	O
ลูก	O
สนม	O
ถูก	O
ส่ง	O
ขึ้น	O
มา	O
บน	O
โลก	O
เพื่อ	O
ตาม	O
พี่สาว	O
ที่	O
แรด	O
มา	O
หา	O
ผช	NORM_1WORD
ให้	O
กลับ	O
ทะเล	O
_	O
กลายเปน	NORM_1WORD
เจ้าชาย	O
มา	O
ชอบ	O
ตัวเอง	O
_	O
แต่	O
ตัวเอง	O
ไม่	O
ได้	O
ชอบ	O
เจ้าชาย	O
_	O
ชอบ	O
องครักษ์	O
เจ้าชาย	O
ที่	O
เกลียด	O
ทะเล	O
และ	O
ทุกสิ่ง	O
เกี่ยวกับ	O
ทะเล	O
เพราะ	O
พ่อแม่	O
ตาย	O
ใน	O
ทะเล	O
และ	O
ตัวเอง	O
ก็	O
เกือบ	O
ตาย	O
_	O
ดรามา	NORM_1WORD
*	O

ช่วง	O
นี้	O
เรา	O
กำลัง	O
ใช้	O
สกินแคร์	O
ใหม่	O
ทั้งหมด	O
จาก	O
เดิม	O
ที่	O
เคย	O
รีวิว	O
ไป	O
ก่อน	O
หน้า	O
นี้	O
นาน	O
มากๆ	NORM_2WORD
ประมาณ	O
ปลาย	O
ปี	O
ที่	O
แล้ว	O
คราว	O
นี้	O
จะ	O
กลับ	O
มา	O
รีวิว	O
ทั้งหมด	O
เหมือนเดิม	O
ตั้งแต่	O
morning	O
/	O
night	O
_	O
skincare	O
_	O
สภาพ	O
ผิว	O
ตอน	O
นี้	O
จาก	O
ที่	O
เคย	O
แห้ง	O
มากๆ	NORM_2WORD
แบบ	O
เป็น	O
ขลุย	NORM_1WORD
ตอน	O
นี้	O
กลับ	O
มา	O
เป็น	O
ผิว	O
ผสม	O
ที่	O
ค่อนข้าง	O
จะ	O
ไป	O
ทาง	O
แห้ง	O
อยู่	O
_	O
#ไว้รีวิวห้ามขายของของโว้ยย	O

อัน	O
ที่	O
จริง	O
ภาวะ	O
ความเครียด	O
ของ	O
น้อง	O
เคย	O
พูดๆ	O
ไว้	O
หน่อยๆ	O
แล้ว	O
นะ	O
เมื่อ	O
ปลาย	O
ปี	O
ที่	O
แล้ว	O
_	O
แต่	O
ตอน	O
นั้น	O
ทุก	O
อย่าง	O
ยัง	O
ดู	O
หอมหวาน	O
_	O
ดู	O
สดใส	O
ไป	O
หมด	O
_	O
เรา	O
เลย	O
ไม่	O
ได้	O
คิดถึง	O
ใน	O
จุด	O
นี้	O
มาก	O
นัก	O
_	O
แต่	O
พอ	O
มา	O
ถึง	O
วันนี้	O
หลาย	O
อย่าง	O
มัน	O
หนัก	O
มาก	O
ขึ้น	O
_	O
ไม่	O
ว่า	O
จะ	O
ใคร	O
ก็	O
ตาม	O
_	O
กำลังใจ	O
เป็น	O
สิ่ง	O
สำคัญ	O
มาก	O
_	O
สู้ๆ	O
นะ	O
หนู	O
_	O
หนู	O
ทำ	O
ดี	O
มาก	O
แล้ว	O
นะ	O
_	O
#CherprangBNK48	O
_	O
#BNK48	O

คน	O
ที่	O
อยู่	O
กับ	O
คุณ	O
ตอน	O
ที่	O
คุณ	O
ด่า	O
ว่า	O
_	O
เค้า	NORM_1WORD
สารพัด	O
_	O
พูด	O
ทำร้าย	O
จิตใจ	O
เค้า	NORM_1WORD
นับ	O
ครั้ง	O
ไม่	O
ถ้วน	O
_	O
ไล่	O
เค้า	NORM_1WORD
ไป	O
ไกลๆ	O
_	O
แต่	O
เค้า	NORM_1WORD
ไม่	O
ไป	O
ไหน	O
เค้า	NORM_1WORD
อยู่	O
ข้างๆ	O
คุณ	O
_	O
ที่	O
เค้า	NORM_1WORD
อยู่	O
ไม่	O
ใช่	O
เพราะ	O
เค้า	NORM_1WORD
ทน	O
อยู่	O
_	O
แต่	O
เป็น	O
เพราะ	O
เค้า	NORM_1WORD
ยัง	O
รัก	O
คุณ	O
_	O
เค้า	NORM_1WORD
ถึง	O
ไม่	O
_	O
ไป	O
ไหน	O
_	O
แต่	O
ว่า	O
ไม่	O
มี	O
ใคร	O
อยู่	O
กับ	O
คน	O
ที่	O
ทำร้าย	O
เค้า	NORM_1WORD
ไม่	O
เห็น	O
ค่า	O
เค้า	NORM_1WORD
ได้	O
ตลอด	O
ไป	O
หรอก	O
ค่ะ	O
_	O
#ฝากไว้ให้คิด	O

ไม่	O
ได้	O
รังเกียจ	O
น้อง	O
_	O
แม้	O
ตอน	O
แรก	O
จะ	O
ไม่	O
โอเค	O
_	O
เรื่อง	O
ที่	O
เห็น	O
คือ	O
อยาก	O
ให้	O
มัน	O
มี	O
น้ำหนัก	O
กว่า	O
นี้	O
_	O
ขอ	O
ยืม	O
โควต	O
ของ	O
มิตรสหาย	O
ท่าน	O
นึง	NORM_1WORD
ที่	O
เจอ	O
เมืี่อกี้	NORM_1WORD
_	O
น้อง	O
มัน	O
จะ	O
จบ	O
ก็	O
ให้	O
มัน	O
จบ	O
ด้วย	O
ตัวเอง	O
_	O
น้อง	O
มัน	O
จะ	O
ได้	O
มี	O
บทเรียน	O
เอง	O
_	O
แต่	O
ถ้า	O
มา	O
ทำให้	O
ชีวิต	O
คน	O
อื่น	O
ล่มจม	O
_	O
ถาม	O
ตัวเอง	O
ดู	O
ชนะ	O
แล้ว	O
ได้	O
อะไร	O
_	O
โล่ห์	O
_	O
เกียรติบัตร	O
หรอ	NORM_1WORD
?	O
_	O
#bnk48	O
_	O
#MaysaBNK48	O

ตอน	O
นี้	O
นั่ง	O
กิน	O
เบียร	NORM_1WORD
คน	O
เดี่ยว	NORM_1WORD
_	O
2	O
_	O
ขวด	O
ละ	O
_	O
รู้สึก	O
เศร้า	O
_	O
เหงา	O
_	O
เหนื่อย	O
_	O
ใจ	O
มัน	O
หวิว	O
_	O
อยาก	O
พัก	O
_	O
แต่	O
นอน	O
ไม่	O
หลับ	O
_	O
เป็น	O
ทุก	O
วัน	O
_	O
อยาก	O
จะ	O
ทำ	O
งาน	O
ให้	O
เหนื่อย	O
แล้ว	O
หลับ	O
ไป	O
เลย	O
_	O
เหมือน	O
สมาธิ	O
ตอน	O
นี้	O
สั้น	O
_	O
เบื่อ!!!	NORM_1WORD
_	O
ไม่	O
รู้	O
ทำไม	O
_	O
เป็น	O
ทาง	O
เดี่ยว	NORM_1WORD
ที่	O
ได้	O
ระบาย	O
_	O
โดย	O
ไม่	O
มี	O
ใคร	O
รู้	O
_	O
บาง	O
ที	O
ก็	O
อยาก	O
ไป	O
ทะเล	O
คน	O
เดี่ยว	NORM_1WORD
_	O
ตะโกน	O
ดังๆ	O
_	O
มี	O
หลาย	O
หน้าที่	O
_	O
รับ	O
ไม่	O
ไหว	O

เรา	O
อาจจะ	O
โหด	O
_	O
แต่	O
แมว	O
เรา	O
ไม่	O
วอแว	O
อาหาร	O
หรือ	O
คน	O
ที่	O
กำลัง	O
ทาน	NORM_1WORD
อาหาร	O
อยู่	O
_	O
เรื่อง	O
คือ	O
_	O
เมื่อ	O
แมว	O
มา	O
ดม	O
อาหาร	O
ครั้งแรก	O
_	O
ไม่	O
พูด	O
ไม่	O
เตือน	O
แต่	O
เรา	O
จะ	O
ดีด	O
หู	O
แมว	O
_	O
ไม่	O
ต้อง	O
แรง	O
_	O
แมว	O
จะ	O
รู้	O
ทันที	O
_	O
ว่า	O
คือ	O
พฤติกรรม	O
ที่	O
ห้าม	O
ทำ	O
_	O
รีพีท	O
ไม่	O
เกิน	O
_	O
3	O
_	O
ครั้ง	O
_	O
แมว	O
จำ	O
ไป	O
ตลอด	O
_	O
ถ้า	O
จะ	O
ห้าม	O
แมว	O
ทำ	O
อย่าง	O
อื่น	O
_	O
แค่	O
ทำ	O
นิ้ว	O
จะ	O
ดีด	O
หู	O
_	O
แล้ว	O
เรียก	O
ชื่อ	O
แมว	O
_	O
จะ	O
รู้	O
ได้	O
เอง	O

ปัญ	O
_	O
เด็ก	O
ที่	O
เฌอ	O
สอนพิเศษ	O
_	O
ขี้เล่น	O
_	O
ขี้เต๊าะ	O
_	O
ต้อง	O
มี	O
คน	O
คอย	O
ดุ	O
_	O
ปุญ	O
_	O
เพื่อน	O
แตม	O
_	O
หัวอ่อน	O
ก็	O
ไม่	O
ใช่	O
_	O
ร้าย	O
ก็	O
ไม่เชิง	O
_	O
ทัน	O
พี่	O
ไท	O
_	O
พี่	O
ปัง	O
_	O
เฟรนลี่	O
เข้าขั้น	O
_	O
รู้จัก	O
คน	O
ทั่ว	O
หล้า	O
_	O
รับมือ	O
ได้	O
กับ	O
ทุก	O
สถานการณ์	O
_	O
แต่	O
มา	O
เอ๋อ	O
กิน	O
กับ	O
คน	O
สื่อสารไม่	O
รู้เรื่อง	O
_	O
พี่	O
กรณ์	O
_	O
โหด	O
_	O
เย็นชา	O
_	O
แต่	O
เป็น	O
โลลิค่อ	NORM_1WORD
---	O
_	O
ซิสค่อน	O
_	O
เลย	O
ยอม	O
ติม	O
_	O
(	O
วิถี	O
ชิป	O
กับ	O
คามิ	O
)	O

ตอน	O
นั้น	O
กู	O
ยุ	NORM_1WORD
ประมาณ	O
_	O
ป.	O
4	O
ได้	O
_	O
แล้ว	O
มัน	O
มี	O
งานวัด	O
อี	O
นี่	O
อยาก	O
ได้	O
ตุ๊กตา	O
_	O
จะ	O
ไป	O
ซื้อ	O
ลูกดอก	O
มา	O
ปา	O
โป่ง	O
_	O
พอ	O
ถึง	O
เห็น	O
พี่	O
เค้า	NORM_1WORD
_	O
ผม	O
ยาวๆ	O
สะพาย	O
กระเป๋าย่าม	O
_	O
สะกิด	O
เลย	O
จ้า	NORM_1WORD
''	O
พี่คะๆ	O
เอา	O
ลูกดอก	O
20	O
บาท	O
คะ	O
''	O
พอ	O
พี่	O
เค้า	NORM_1WORD
หัน	O
มา	O
หน้า	O
เหว๋อ	NORM_1WORD
_	O
ไอ่	NORM_1WORD
สัส	NORM_1WORD
ไม่	O
ใช่	O
คนขาย	O
นี่	O
หว่า	O
_	O
รีบ	O
เดิน	O
ออก	O
มา	O
จาก	O
ตรง	O
นั้น	O
อย่าง	O
เร็ว	O
จ้า	NORM_1WORD
_	O
สุดท้าย	O
หน้าแตก	O
_	O
#เรื่องมันช่างน่าอาย	O

ตลอด	O
ระยะ	O
เวลา	O
_	O
6	O
_	O
เดือน	O
ทำ	O
ทุก	O
อย่าง	O
ให้	O
กลุ่ม	O
ไม่	O
เงียบ	O
หา	O
นู้น	O
หา	O
นี้	O
มา	O
คอย	O
ให้	O
กลุ่ม	O
ได้	O
คึกคัก	O
_	O
ไม่	O
เงียบเหงา	O
ตั้งใจ	O
จะ	O
สร้าง	O
กลุ่ม	O
ที่	O
เป็น	O
มิตรภาพ	O
ที่	O
ดี	O
ไม่	O
เถือน	NORM_1WORD
ไม่	O
โหด	O
_	O
ไม่	O
แว๊น	O
_	O
คุย	O
กัน	O
อย่าง	O
สุภาพ	O
_	O
เจอ	O
กัน	O
ได้	O
_	O
นัด	O
กัน	O
ได้	O
_	O
สนุก	O
กัน	O
ได้	O
_	O
วันนี้	O
ทุก	O
คน	O
อยาก	O
มา	O
อยู่	O
สร้าง	O
มิตรภาพ	O
ด้วย	O
กัน	O
ทั้ง	O
_	O
500	O
_	O
คน	O
_	O
ขอบคุณ	O
ครับ	O
_	O
#เฟส2ต่อเลยดีมั้ย	O

ขอ	O
บ่น	O
_	O
..	O
_	O
ส่วนตัว	O
ล้วนๆ	NORM_2WORD
_	O
!!	O
_	O
งาน	O
วัน	O
นี้	O
_	O
ยกเลิก	O
_	O
โมบาย	O
_	O
ที่	O
ได้	O
อันดับ	O
_	O
4	O
_	O
ไม่	O
มี	O
_	O
เจน	O
_	O
ที่	O
ได้	O
_	O
อันดับ	O
_	O
5	O
_	O
!!	O
_	O
อฟช	NORM_1WORD
_	O
..	O
_	O
คน	O
ได้	O
อันดับ	O
ดีๆ	NORM_2WORD
_	O
เพราะ	O
แฟนคลับ	O
เขา	O
อยาก	O
ให้	O
น้องๆ	NORM_2WORD
ที่	O
เขา	O
เชียร์	O
_	O
อุส่าห์	NORM_1WORD
เสีย	O
เงิน	O
โหวต	O
ให้	O
ได้	O
ออกงาน	O
_	O
ได้	O
งาน	O
ดีๆ	NORM_2WORD
_	O
สรุป	O
ไม่	O
มี	O
อะไร	O
เปลี่ยน	O
ไป	O
เลย	O
_	O
#	O
อฟช	NORM_1WORD
_	O
ก็	O
แค่	O
ส่ง	O
คน	O
ที่	O
อยาก	O
ดัน	O
ไป	O
ออกงาน	O
_	O
#BNK48	O
_	O
โปสเตอร์	O
ส้นตีน	O

เริ่ม	O
กลับ	O
มา	O
อ่าน	O
นิยาย	O
เพราะ	O
เรื่อง	O
นี้	O
#คุณชีขยี้เสือ	O
_	O
แล้ว	O
ก็	O
ไป	O
ตาม	O
อ่าน	O
เล่ม	O
ก่อนๆ	O
_	O
ที่	O
ลง	O
ใน	O
_	O
meb	O
_	O
พอ	O
มา	O
เช็ค	NORM_1WORD
ใน	O
เด็กดี	O
อีก	O
ที	O
_	O
เล่ม	O
ก่อนๆ	O
มี	O
ตอน	O
_	O
special	O
_	O
ที่	O
ลง	O
ใน	O
_	O
dekd	O
แต่	O
ตอน	O
นี้	O
เปิด	O
อ่าน	O
ไม่	O
ได้	O
แล้ว	O
_	O
เสียใจ	O
มาก	O
ง่ะ	NORM_1WORD
_	O
สนใจ	O
เอา	O
มา	O
ลง	O
e-book	O
_	O
บ้าง	O
มั๊ย	NORM_1WORD
_	O
อัน	O
นี้	O
จริงจัง	O
สุด	O
_	O
แง๊	NORM_1WORD
_	O
realbabylinlin	O
_	O
คิด	O
ตัง	NORM_1WORD
ไม่	O
ว่า	O
_	O
หนู	O
อยาก	O
อ่าน	O
สุดดดดดด	NORM_1WORD

สำหรับ	O
เรา	O
คุณ	O
ไข่	O
เป็น	O
เพนกิ้น	NORM_1WORD
ที่	O
แข็งแรง	O
จริงๆ	NORM_2WORD
นะ	O
_	O
ที่	O
เจอ	O
เรื่อง	O
ขนาด	O
นี้	O
แล้ว	O
ยัง	O
มี	O
ทัศนคติ	O
ที่	O
ดี	O
อยู่	O
สู้ๆ	O
นะ	O
คุณ	O
เพนกิ้น	O
เป็น	O
กำลังใจ	O
เสมอ	O
_	O
รู้สึก	O
ดี	O
ที่	O
วันนี้	O
คุณ	O
ไข่	O
ออก	O
มา	O
พูด	O
เรื่อง	O
นี้	O
เหมือน	O
ได้	O
ระบาย	O
หลังจาก	O
เก็บ	O
ไว้	O
คน	O
เดียว	O
_	O
ขอให้	O
ไม่	O
เจอ	O
เรื่อง	O
แย่ๆ	O
อีก	O
น๊า	NORM_1WORD
_	O
#KaimookBNK48	O
_	O
#BNK48	O
_	O
#วิ่งไปเลย	O
เจ้า	O
เพนกิ้น	O
ที่แข็งแรง	O

The	O
_	O
Mule	O
โดน	O
ถอด	O
ไป	O
_	O
น่า	O
จะ	O
เพราะ	O
ใน	O
รีวิว	O
มัน	O
ไม่	O
ใช่	O
หนัง	O
action	O
_	O
thriller	O
_	O
แต่	O
เป็น	O
หนัง	O
ชีวิต	O
เล่า	O
เรื่อง	O
เรียบๆ	O
ไม่	O
หวือหวา	O
_	O
ชีวิต	O
บั้นปลาย	O
ชาย	O
ชรา	O
วัย	O
เกือบ	O
90	O
อดีต	O
ทหารผ่านศึก	O
ที่	O
ครอบครัว	O
ไม่	O
ยอมรับ	O
_	O
พอ	O
ไม่	O
มี	O
ที่	O
ไป	O
เลย	O
ขับ	O
รถ	O
ส่ง	O
ยา	O
มี	O
DEA	O
ตาม	O
ล่า	O
_	O
Clint	O
แสดง	O
เอง	O
กำกับ	O
เอง	O
_	O
พอ	O
ไม่	O
อยู่	O
ใน	O
เวที	O
รางวัล	O
ก็	O
ไม่	O
ใช่	O
หนัง	O
แนว	O
ทำ	O
เงิน	O
ใน	O
บ้าน	O
เรา	O

รีวิว	O
ท้า	O
แดด	O
ไป	O
เลย	O
!!	O
_	O
กันแดด	O
_	O
SKIN	O
_	O
AQUA	O
_	O
จาก	O
ญี่ปุ่น	O
แท้ๆ	NORM_2WORD
ดีงาม	O
มากๆ	NORM_2WORD
_	O
เนื้อ	O
กันแดด	O
อม	O
ชมพู	O
เบาๆ	NORM_2WORD
_	O
ทา	O
แล้ว	O
หน้า	O
ไม่	O
ลอย	O
_	O
แถม	O
ดู	O
กระจ่าง	O
ใส	O
มากๆ	NORM_2WORD
_	O
ที่	O
สำคัญ	O
ราคา	O
ไม่	O
แพง	O
เลยย	NORM_1WORD
_	O
700	O
_	O
เยน	O
เอ๊งง	NORM_1WORD
....	O
เทียบ	O
เป็น	O
เงิน	O
ไทย	O
ก็	O
ราวๆ	NORM_2WORD
_	O
200	O
_	O
นิดๆ	NORM_2WORD
_	O
เอ้า	NORM_1WORD
ฝาก	O
เพื่อน	O
หิ้ว	O
ด่วนนน!!	NORM_1WORD
_	O
#ไว้รีวิวห้ามขายของของ	O
โว้ยย	NORM_1WORD
_	O
#กันแดดสีชมพู	O
_	O
#กันแดด	O
_	O
#กันน้ำ	O
สาดดด	NORM_1WORD

มา	O
รีวิว	O
_	O
ไม่	O
คิด	O
ว่า	O
ผล	O
จะ	O
แรง	O
จริงๆ	NORM_2WORD
_	O
ห้อง	O
มี	O
ปีเตอร์	O
ตัว	O
เล็ก	O
ตัว	O
น้อย	O
เยอะ	O
มาก	O
_	O
ใช้	O
ที่	O
ดัก	O
ใช้	O
บ้าน	O
แมลงสาบ	O
ก็	O
แล้ว	O
_	O
ก็	O
ชอบ	O
มี	O
มา	O
ใหม่	O
ทุก	O
วัน	O
_	O
ทั้ง	O
ที่	O
ไม่	O
มี	O
อาหาร	O
อะไร	O
ให้	O
กิน	O
_	O
เลย	O
ลอง	O
สั่ง	O
ตัว	O
นี้	O
มา	O
_	O
รูป	O
2	O
,	O
3	O
_	O
นี่	O
_	O
ประมาน	NORM_1WORD
4	O
ชม.	O
_	O
ตื่นเช้า	O
มา	O
รูป	O
สุดท้าย	O
_	O
คือ	O
_	O
เหย	O
แก	O
_	O
มัน	O
เริ่ด	O
มาก	O
_	O
พวก	O
นาง	O
สลบ	O
ไป	O
เอง	O
เลย	O
_	O
#รีวิวห้ามขายของโว้ย	O
_	O
#ใช้ดีบอกต่อ	O

ติ่ง	O
ทงบัง	O
ช่วง	O
น้อง	O
เก็บตัว	O
ก็	O
จะ	O
เงียบๆ	O
_	O
รอ	O
ดู	O
รูป	O
สนบ.	O
เพราะ	O
รูป	O
หรือ	O
คลิป	O
จาก	O
คอน	NORM_1WORD
ญี่ปุ่น	O
ก็	O
จะ	O
ไม่	O
ค่อย	O
มี	O
_	O
ถ้า	O
คอน	NORM_1WORD
ที่	O
เกา	NORM_1WORD
หรือ	O
จีน	O
ก็	O
จะ	O
มี	O
รูป	O
ให้	O
เสพ	O
มาก	O
หน่อย	O
_	O
เวลา	O
หายๆ	O
ไป	O
ก็	O
เหงา	O
แต่	O
ก็	O
ชิน	O
_	O
พอ	O
มา	O
ติ่ง	O
กัซ	O
ยุคสมัย	O
เปลี่ยน	O
ไป	O
_	O
มี	O
ช่องทาง	O
โปรโมท	NORM_1WORD
หลาย	O
ทาง	O
วันดีคืนดี	O
เด็กๆ	NORM_2WORD
ก็	O
มา	O
ไลฟ์	O
ใน	O
วีไลฟ์	O
บ้าง	O
_	O
ไลฟ์	O
ที่	O
จบ	O
ไป	O
แล้ว	O
ก็	O
มี	O
รีรัน	O
ให้	O
ตาม	O
ดู	O
ได้	O

หีบหญิง	O
พรหมจรรย์	O
เหล็ก	O
_	O
รีด	O
เลือด	O
ชั่วๆ	NORM_2WORD
_	O
ออก	O
มา	O
จน	O
เกลี้ยง	O
_	O
ก่อน	O
จะ	O
ถีบ	O
ลง	O
ทะเลสาบ	O
ไป	O
ล้าง	O
ตัว	O
สัก	O
รอบ	O
_	O
แล้ว	O
ค่อย	O
ยัด	O
ตับไตไส้พุง	O
กลับ	O
เข้า	O
ไป	O
ใหม่	O
_	O
เธอ	O
คือ	O
ผู้สร้าง	O
สุด	O
โหด	O
ที่	O
ทำให้	O
_	O
ลีโอเนล	O
เอลเดอร์	O
_	O
กลาย	O
มา	O
เป็น	O
สุดยอด	O
สายลับ	O
อย่างเช่น	O
ทุกวัน	O
นี้	O
_	O
แต่	O
นั่น	O
ก็	O
ไม่	O
ได้	O
ทำให้	O
เขา	O
รู้สึก	O
ขอบคุณ	O
แต่อย่างใด	O
_	O
กับ	O
สิ่ง	O
ที่	O
เธอ	O
ทำให้	O
เขา	O
_	O
-	O

ฝัน	O
ว่า	O
_	O
ได้	O
ไป	O
จับ	O
มือ	O
กะ	O
เช่	O
_	O
จ.	O
_	O
สวัสดี	O
จ้า	O
_	O
ช.	O
_	O
สวัสดี	O
จ๊ะ	O
_	O
ไป	O
ดู	O
_	O
endgame	O
_	O
กะ	O
เรา	O
ม่ะ	NORM_1WORD
_	O
จ.	O
_	O
(	O
ตกใจ	O
)	O
_	O
ยัง	O
ไม่	O
ได้	O
ดู	O
หรอ	NORM_1WORD
_	O
ช.	O
_	O
ยัง	O
เลย	O
_	O
ชวน	O
ใคร	O
ไป	O
ดู	O
มี	O
แต่	O
คน	O
ดู	O
แล้ว	O
_	O
จ.	O
_	O
แล้ว	O
รู้	O
ได้	O
ไง	NORM_1WORD
ว่า	O
เรา	O
ยัง	O
ไม่	O
ได้	O
ดู	O
_	O
ช.	O
_	O
ก็	O
ทวิตเตอร์	O
ไง	O
_	O
เลิก	O
นี้	O
ไป	O
กัน	O
นะ	O
_	O
(	O
มี	O
การรู้	O
จาก	O
ทวิตเตอร์	O
ด้วย	O
)	O
_	O
_	O
_	O
หมดเวลา	O
_	O
ตื่น	O
มา	O
_	O
อยาก	O
ดู	O
_	O
endgame	O
_	O
กะ	O
เช่	O
เลย	O
อ่า	NORM_1WORD
_	O
เสียง	O
น่ารัก	O

เข้าใจ	O
นะ	O
กับ	O
บั้ม	NORM_1WORD
นี้	O
_	O
อย่าง	O
ที่	O
พี่	O
บี	O
บอก	O
ว่า	O
เตรียม	O
ไป	O
พร้อมกับ	O
จัสทู	O
_	O
ไม่	O
ได้	O
พัก	O
_	O
ประกาศ	O
คัม	NORM_1WORD
ก็	O
สงสัย	O
เอา	O
เวลา	O
ไหน	O
ไป	O
เตรียม	O
ทั้งๆที่	O
ยัง	O
แยก	O
กัน	O
ทำงาน	O
_	O
ประกาศ	O
เสร็จ	O
ก็	O
หาย	O
เงียบ	O
_	O
ยัง	O
มา	O
พร้อมกับ	O
ทัวร์	O
_	O
แล้ว	O
คน	O
จะ	O
เอา	O
เงิน	O
ไป	O
ทุ่ม	O
กับ	O
ตรง	O
ไหน	O
_	O
ไม่	O
เข้าใจ	O
JYP	O
_	O
ถ้า	O
ไม่	O
รัก	O
ศิลปิน	O
ของ	O
เรา	O
ก็	O
อย่า	O
ทำร้าย	O
แบบ	O
นี้	O
เห็นใจ	O
ศิลปิน	O
ที่	O
ทำงาน	O
หนัก	O
หน่อย	O

ที่	O
จริง	O
เป็น	O
พวก	O
ชอบ	O
อ่าน	O
หนังสือ	O
มาก	O
_	O
พวก	O
แบบ	O
...	O
_	O
ปรัชญา	O
(	O
แต่	O
ไม่	O
เคย	O
มี	O
สัก	O
เล่ม	O
-.-	O
)	O
_	O
นิยาย	O
_	O
วรรณกรรม	O
อะไร	O
พวก	O
นี้	O
_	O
แต่	O
แบบ	O
ตอน	O
นี้	O
แทบ	O
ไม่	O
ได้	O
อ่าน	O
แล้ว	O
_	O
ห้องสมุด	O
แถว	O
บ้าน	O
ก็	O
ไม่	O
มี	O
_	O
ที่	O
วิทลัย	O
ก็	O
ไม่	O
ค่อย	O
ได้	O
เข้า	O
_	O
มี	O
แต่	O
คน	O
ใช้	O
ห้องสมุด	O
เรียน	O
_	O
เป็น	O
คน	O
ที่	O
ชอบ	O
การมี	O
หนังสือ	O
ติดตัว	O
อ่าน	O
ตาม	O
ที่	O
ต่างๆ	NORM_2WORD
มาก	O
กว่า	O
ไป	O
ยืน	O
นั่ง	O
อ่าน	O
ที่	O
ร้าน	O
-.-	O
_	O
..	O

เห็นใจ	O
ไรท์	NORM_1WORD
มาก	O
_	O
ที่	O
ต้อง	O
มา	O
เจอ	O
กับ	O
ความปสด	NORM_1WORD
ของ	O
รีด	O
บาง	O
คน	O
_	O
ซึ่ง	O
ถาม	O
ว่า	O
ไรท์	NORM_1WORD
ผิด	O
อะไร	O
_	O
ก็	O
ไม่	O
เลย	O
_	O
เค้า	NORM_1WORD
สละ	O
เวลา	O
ส่วน	O
นึง	NORM_1WORD
ใน	O
ชีวิต	O
เค้า	NORM_1WORD
มา	O
แต่ง	O
ให้	O
คุณ	O
อ่าน	O
แล้ว	O
_	O
เพราะ	O
งั้น	NORM_1WORD
ตอบแทน	O
เค้า	NORM_1WORD
ด้วย	O
คอมเมนต์	O
_	O
/	O
_	O
รีวิว	O
ดีๆ	O
หรือ	O
กำลังใจ	O
ให้	O
เค้า	NORM_1WORD
เถอะ	O
นะ	O
_	O
อย่า	O
ปสด	NORM_1WORD
ใส่	O
ไรท์	NORM_1WORD
เลย	O
นะ	O
_	O
รีด	O
สามารถ	O
เลือก	O
เรื่อง	O
ที่	O
อ่าน	O
ได้	O
แต่	O
กลับ	O
กัน	O
ไรท์	NORM_1WORD
เลือก	O
รีด	O
ไม่	O
ได้	O
นะ	O

ขาย	O
ถูกๆ	O
_	O
เทกระจาด	O
กัน	O
ไป	O
เลย	O
จ้า	NORM_1WORD
!!	O
_	O
-	O
โปสการ์ด	O
_	O
BNK	O
_	O
Festival	O
_	O
-	O
น้ำหอม	O
_	O
แผ่นน้ำหอม	O
_	O
ไดอารี่	O
_	O
ที่คั่นหนังสือ	O
_	O
ทเวลพลัส	O
_	O
-	O
แมกเนต	NORM_1WORD
_	O
แม่เหล็กติดตู้เย็น	O
v	O
.	O
2	O
_	O
-	O
ปก	O
ซิง	NORM_1WORD
5	O
_	O
เข่ง	O
_	O
มิโอริ	O
_	O
20	O
บาท	O
ทุก	O
ใบ	O
_	O
-	O
บัตร	O
จับ	O
มือ	O
ซิง	NORM_1WORD
5	O
_	O
มี	O
ทุก	O
วัน	O
_	O
340	O
บาท	O
ทุก	O
ใบ	O
_	O
**	O
มี	O
เครดิต	O
เชค	NORM_1WORD
ได้	O
_	O
เน้น	O
ซื้อขาย	O
ใน	O
เฟส	NORM_1WORD
**	O
_	O
**	O
สนใจ	O
DM	O
มา	O
ถาม	O
ได้	O
เลย	O
_	O
#ตลาดนัดBNK48	O
_	O
#BNK48	O

ห้อง	O
สมควร	O
ตาย	O
..	O
บริษัท	O
รับ	O
สมัคร	O
12	O
คน	O
ทดลอง	O
อยู่	O
ใน	O
ห้องใต้ดิน	O
_	O
ถูก	O
จับตาดู	O
ผ่าน	O
จอ	O
24	O
ชม.	O
ใน	O
เวลา	O
7	O
วัน	O
_	O
อาหาร	O
3	O
มื้อ	O
มี	O
ห้องส่วนตัว	O
_	O
ให้	O
อาวุธ	O
คน	O
ละ	O
ชิ้น	O
_	O
ฆ่า	O
ใคร	O
ตาย	O
หรือ	O
ชี้	O
ตัว	O
คนร้าย	O
ได้	O
เงิน	O
เพิ่ม	O
_	O
ห้องนอน	O
ล็อก	O
ไม่	O
ได้	O
_	O
กลางคืน	O
ห้าม	O
ออก	O
จาก	O
ห้อง	O
หรือ	O
นอน	O
รวม	O
กัน	O
_	O
รายได้	O
ชม.	NORM_1WORD
ละ	O
112,000	O
เยน	O
..	O
โหด	O
มาก	O
_	O
เล่ม	O
67	O
/	O
18	O
_	O
#	O
คน	O
ไทย	O
อ่านปีละ50เล่ม	O

ช่วย	O
เจ้า	O
ทอย	O
ทำมาหากิน	O
_	O
G.	O
พรรคนี้พรี่โสด	O
_	O
-	O
เมจ	O
ไร	NORM_1WORD
ก็	O
ได้	O
_	O
-	O
โพ	O
ไหน	O
ก็	O
เอา	O
หมด	O
_	O
-	O
รับ	O
เฉพาะ	O
คน	O
โสด	O
!!	O
_	O
-	O
เต๊าะ	O
กัน	O
ได้	O
_	O
หา	O
ไร	NORM_1WORD
ก็	O
ได้	O
หา	O
ไป	O
เถอะ	O
_	O
-	O
ขอ	O
คน	O
กวนตีน	O
นิดๆ	O
_	O
-	O
ไม่	O
ทะเลาะ	O
กัน	O
_	O
-	O
ซุ่ม	O
ไป	O
เถอะ	O
_	O
แต่	O
ออก	O
มา	O
คุย	O
บ้าง	O
_	O
ผม	O
เหงา	O
_	O
#รี	O
ทวิต	NORM_1WORD
ลาก	O
เข้า	O
กลุ่ม	O
_	O
#rtลากเข้ากลุ่ม	O
_	O
#	O
บอท	NORM_1WORD
โสด	O
_	O
#	O
บอท	NORM_1WORD
หาคนคุย	O
_	O
#ยืมเมจforeverything	O
_	O
#ยืมเมจforLB	O
_	O
#	O
บอท	NORM_1WORD
เหงา	O

จะ	O
มา	O
รีวิว	O
!!!!	O
Bernova	O
_	O
gel	O
_	O
plus	O
_	O
ตัว	O
นี้	O
คือ	O
ดี	O
มากกกก	NORM_1WORD
_	O
ไก่	O
ล้าน	O
ตัว	O
คือ	O
เรา	O
หน้า	O
เป็น	O
รอยสิว	O
_	O
ตอน	O
ซื้อ	O
มา	O
ครั้ง	O
แรก	O
ก็	O
คิด	O
_	O
เอ๊	O
_	O
จะ	O
หาย	O
มั้ย	NORM_1WORD
_	O
เอ๊	O
_	O
จะ	O
แพ้	O
มั้ย	NORM_1WORD
_	O
อะไร	O
แบบ	O
นี้	O
_	O
สรุป	O
ไม่	O
แพ้	O
จ้า	NORM_1WORD
_	O
ใช้	O
มา	O
คือ	O
ดี	O
รอยสิว	O
จาง	O
_	O
ถ้า	O
ใช้	O
ไป	O
นานๆ	O
คือ	O
รอยสิว	O
หาย	O
ช่วย	O
เรื่อง	O
ความชุ่มชื้น	NORM_1WORD
ด้วย	O
_	O
ผิว	O
แพ้	O
ง่าย	O
ใช้	O
ได้	O
_	O
อัน	O
นี้	O
หลอด	O
ที่	O
_	O
5	O
เด้อ	O
_	O
คะแนน	O
ให้	O
_	O
10	O
/	O
10	O

กู	O
อยาก	O
จะ	O
โวย	O
อยาก	O
จะ	O
ฟ้อง	O
ขนส่ง	O
หมอชิต	O
มาก	O
เลย	O
นะ	O
_	O
ขอ	O
ไม่	O
เหมารวม	O
นะ	O
_	O
บาง	O
คน	O
เขา	O
หากิน	O
สุจริต	O
จริง	O
_	O
แต่	O
แบบ	O
หลาย	O
คน	O
นี่	O
คือ	O
เหี้ย	O
อ่ะ	O
_	O
เหี้ย	O
เลย	O
_	O
แดก	O
เงิน	O
ชิบหาย	NORM_1WORD
_	O
ขับ	O
ไป	O
นิด	O
เดียว	O
40	O
_	O
60	O
_	O
มอไซ	NORM_1WORD
_	O
เกิน	O
ไป	O
มาก	O
_	O
นี่	O
เข้าข่าย	O
มิจฉาชีพ	O
เลย	O
นะ	O
_	O
นี่	O
ถาม	O
ว่า	O
ราคา	O
นี้	O
เลย	O
หรอ	O
พี่	O
_	O
แม่ง	O
ก็	O
อ้าง	O
นู่น	O
อ้าง	O
นี่	O
_	O
แล้ว	O
คือ	O
ฝน	O
มัน	O
ก็	O
ตก	O
ไง	O
_	O
ไม่	O
อยาก	O
เถียง	O
กับ	O
มัน	O
นาน	O

เมื่อก่อน	O
อยาก	O
เรียน	O
ภาษา	O
เกาหลี	O
ด้วย	O
ตัวเอง	O
_	O
เลย	O
ตั้ง	O
คอนแท็ก	O
ทุก	O
คน	O
ใน	O
ทรศ	NORM_1WORD
_	O
มี	O
วัน	O
หนึ่ง	O
ทํา	O
การบ้าย	NORM_1WORD
ไม่	O
เป็น	O
เลย	O
จะ	O
โทร	O
ไป	O
หา	O
เพื่อน	O
_	O
พอ	O
เขา	O
รับ	O
ทรศ	NORM_1WORD
ก็	O
ถาม	O
ว่า	O
ว่าง	O
ป่ะ	NORM_1WORD
_	O
เขา	O
ก็	O
ตอบ	O
ว่า	O
ว่าง	O
เลย	O
บอก	O
ว่า	O
ช่วย	O
สอน	O
การบ้าน	O
หน่อย	O
_	O
คนในสาย	O
ก็	O
แบบ	O
_	O
โทร	O
ผิด	O
คน	O
ป่าว	NORM_1WORD
_	O
นี่	O
ก็	O
แบบ	O
ตกใจ	O
มาก	O
รีบ	O
ดู	O
สรุป	O
เป็น	O
คน	O
ที่	O
เคย	O
อยู่	O
ใน	O
รร	NORM_1WORD
_	O
อาย	O
มาก	O
_	O
#เรื่องมันช่างน่าอาย	O

คือ	O
วันนี้	O
ลืม	O
พก	O
ลิป	O
ใส่	O
กระเป๋า	O
มา	O
ด้วย	O
_	O
แล้ว	O
ด้วยความ	O
ที่	O
ไม่	O
เคย	O
ไม่	O
ทา	O
ลิป	O
ออก	O
จาก	O
บ้าน	O
เลย	O
เพราะ	O
หน้า	O
ซีด	O
ดู	O
ป่วย	O
_	O
เลย	O
แวะ	O
7-11	O
_	O
แล้ว	O
ค้นพบ	O
ว่า	O
มี	O
ลิป	O
sasi	O
ขาย	O
_	O
เบอร์	O
#204	O
_	O
Summer	O
_	O
Terracotta	O
_	O
สี	O
ที่	O
ดู	O
รีวิว	O
มา	O
ว่า	O
อยาก	O
ได้	O
พอดี	O
_	O
ชอบ	O
มากกก	NORM_1WORD
_	O
เนื้อ	O
สี	O
แน่น	O
_	O
กลบ	O
สี	O
ปาก	O
ได้	O
ดี	O
มาก	O
_	O
เป็น	O
เนื้อ	O
แมท	NORM_1WORD
แต่	O
ไม่	O
ตกร่อง	O
_	O
139	O
บาท	O
ก็	O
คือ	O
คุ้ม	O
_	O
#รีวิว	O
เซเว่น	O

THEDeVil_1407	O
_	O
1	O
.	O
_	O
เคย	O
เก็บ	O
เงิน	O
ได้	O
_	O
10	O
_	O
บาท	O
แล้ว	O
หา	O
เจ้าของ	O
ไม่	O
เจอ	O
_	O
สุดท้าย	O
ฝ่าย	O
ประชาสัมพันธ์	O
บอก	O
ให้	O
เรา	O
เก็บ	O
เงิน	O
กลับ	O
ไป	O
ได้	O
เลย	O
แบบ	O
งง	O
ๆ	O
_	O
ค่ะ	O
_	O
2	O
.	O
_	O
เคย	O
เลี้ยง	O
เต่า	O
ตัว	O
เล็ก	O
ๆ	O
_	O
ไว้	O
สอง	O
ตัว	O
ค่ะ	O
_	O
แต่	O
สัก	O
พัก	O
ก็	O
เอา	O
ไป	O
ฝาก	O
คน	O
อื่น	O
เลี้ยง	O
_	O
ตอน	O
นี้	O
ตาย	O
ไป	O
แล้ว	O
ค่ะ	O
_	O
3	O
.	O
_	O
เคย	O
ลอง	O
เขียน	O
เรื่องสั้น	O
ส่ง	O
ประกวด	O
ไป	O
เรื่อง	O
นึง	NORM_1WORD
_	O
แต่	O
ไม่	O
ได้	O
รางวัล	O
ค่ะ	O

เท่	O
มาก	O
ทุกๆ	NORM_2WORD
คน	O
เลย	O
_	O
ชอบ	O
ใน	O
การ	O
ครีเอท	O
_	O
ของ	O
_	O
PDPUPE	O
_	O
จัง	O
_	O
#JiradapaProducedConcert	O
_	O
#BNK48DDAY	O
_	O
#BNK48	O
_	O
#PupeBNK48	O
_	O
#JibBNK48	O
_	O
#JennisBNK48	O
_	O
#JaaBNK48	O
_	O
#JaneBNK48	O
_	O
#namnuengbnk48	O
_	O
#NamsaiBNK48	O
_	O
#KornBNK48	O
_	O
#KaimookBNK48	O
_	O
#KateBNK48	O
_	O
#NinkBNK48	O
_	O
#IzurinaBNK48	O
_	O
#MioriBNK48	O
_	O
#MindBNK48	O
_	O
#PiamBNK48	O
_	O
#SatchanBNK48	O

4	O
.	O
_	O
Nanatsu	O
_	O
no	O
_	O
Taizai	O
_	O
(	O
ชื่อ	O
ไทย	O
_	O
ศึกตำนาน	O
7	O
อัศวิน	O
)	O
_	O
เป็น	O
กลุ่ม	O
อัศวิน	O
ชั่ว	O
ทั้ง	O
7	O
_	O
ที่	O
ถูก	O
บอก	O
ว่า	O
จะ	O
ถูก	O
กำจัด	O
ให้	O
สิ้น	O
ซาก	O
โดย	O
อัศวิน	O
ศักดิ์สิทธิ์	O
ของ	O
อาณาจักร	O
_	O
แท้จริง	O
แล้ว	O
คน	O
ที่	O
ชั่ว	O
จริงๆ	NORM_2WORD
คือ	O
อัศวิน	O
ศักดิ์สิทธิ์	O
_	O
ที่	O
ไป	O
ยึด	O
อำนาจ	O
กษัตริย์	O
ไว้	O
_	O
กลุ่ม	O
พระเอก	O
ทั้ง	O
7	O
ไม่	O
เห็นด้วย	O
เลย	O
ถูก	O
ใส่ร้าย	O
เป็น	O
อาชญากร	O
ที่	O
ทรยศ	O
อาณาจักร	O

#กระเป๋า	O
_	O
#กระเป๋าCoach	O
_	O
#กระเป๋าผ้า	O
_	O
#กระเป๋าคาดอก	O
_	O
#กระเป๋าเป้	O
_	O
#กระเป๋าพร้อมส่ง	O
_	O
#กระเป๋าFila	O
_	O
#กระเป๋าราคาถูก	O
_	O
#ของมันต้องมี	O
_	O
#กระเป๋าสะพายข้าง	O
_	O
#ตลาดนัดEXO	O
_	O
#ตลาดนัดblackpink	O
_	O
#ตลาดนัดgot7	O
_	O
#หิ้ว	O
เกาหลี	O
_	O
#4Gทีดีที่สุด	O
_	O
#กระเป๋าสาน	O
_	O
#กระเป๋าadidas	O
_	O
#ตลาดนัดWANNAONE	O
_	O
#BNK48	O
_	O
#เกาะโต๊ะ	O
_	O
#ทักษิณ	O

นัด	O
รับ	O
หรือ	O
ส่ง	O
30	O
/	O
50	O
_	O
Set	O
_	O
9	O
_	O
แก้ว	O
_	O
500	O
_	O
เปี่ยม	O
_	O
200	O
_	O
Set	O
_	O
13	O
_	O
จิ๊บ	O
_	O
100	O
_	O
ดีนี่	O
_	O
100	O
_	O
(	O
2	O
)	O
_	O
ฟีฟ่า	O
_	O
100	O
_	O
นาย	O
_	O
100	O
_	O
เมษา	O
_	O
100	O
_	O
คามิ	O
แจก	O
ฟรี	O
_	O
นิ้ง	O
_	O
100	O
_	O
รินนะ	O
_	O
100	O
_	O
สุ่ม	O
จูเน่	O
_	O
400	O
_	O
D-day	O
เปี่ยม	O
_	O
100	O
_	O
ที่รองแก้ว	O
_	O
v.3	O
_	O
ก่อน	O
_	O
50	O
_	O
เคท	O
_	O
50	O
_	O
จ๋า	O
_	O
50	O
_	O
#BNK48	O
_	O
#BNK48GeneralElection	O
_	O
#BNK48Market	O
_	O
#Bnk48HandShakeEvent	O
_	O
#ตลาดนัดBNK48	O
_	O
at	O
_	O
BITEC	O
_	O
(	O
ศูนย์นิทรรศการและการประชุม	O
ไบเทค	O
)	O

ทุก	O
ครั้ง	O
ที่	O
กล้อง	O
ตัด	O
ไป	O
ที่นั่ง	O
ของ	O
รุ่น	O
หนึ่ง	O
_	O
เรา	O
ก็	O
จะ	O
น้ำตา	O
คลอ	O
ทุก	O
ครั้ง	O
_	O
มัน	O
คง	O
เป็น	O
ความรู้สึก	O
ภูมิใจ	O
ใน	O
ตัว	O
รุ่น	O
_	O
1	O
_	O
มาก	O
ที่	O
รุ่น	O
_	O
1	O
_	O
สร้าง	O
_	O
BNK	O
_	O
มา	O
ได้	O
ขนาด	O
นี้	O
_	O
และ	O
อีก	O
ความรู้สึก	O
นึง	NORM_1WORD
คง	O
เป็น	O
ความรู้สึก	O
ใจหาย	O
หน่อยๆ	O
_	O
แต่	O
ยังไงก็ตาม	NORM_1WORD
_	O
BNK48	O
_	O
เริ่มต้น	O
จาก	O
รุ่น	O
ที่	O
_	O
1	O
_	O
และ	O
วันนี้	O
ยินดี	O
กับ	O
รุ่น	O
2	O
_	O
ด้วย	O
นะ	O
_	O
#CherprangBNK48	O
_	O
#BNK48	O

เขียน	O
ซะ	O
ยาว	O
_	O
สรุป	O
คือ	O
_	O
ขอบคุณ	O
ที่	O
สนับสนุน	O
เรา	O
นะ	O
คะ	O
_	O
เรา	O
จะ	O
ไม่	O
ลืม	O
ว่า	O
ตั้ง	O
แอคเคาท์	O
นี้	O
มา	O
เพื่อ	O
อะไร	O
_	O
เรา	O
อยาก	O
ให้	O
คน	O
ที่	O
สนับสนุน	O
เรา	O
_	O
ได้	O
รับ	O
ประโยชน์	O
จาก	O
ตรง	O
นี้	O
ด้วย	O
ค่ะ	O
_	O
ยังไง	O
จะ	O
พยายาม	O
รับผิดชอบ	O
ให้	O
มาก	O
ขึ้น	O
ค่ะ	O
_	O
บาง	O
ที	O
ใช้	O
ภาษา	O
หยาบ	O
_	O
ก็	O
จะ	O
พยายาม	O
ยั้ง	O
สติ	O
ไม่	O
ใช้	O
นะ	O
คะ	O
_	O
เรา	O
จะ	O
ใช้	O
ทวิต	O
แค่	O
เรื่อง	O
งาน	O
รีวิว	O
_	O
งาน	O
แปล	O
_	O
จะ	O
ไม่	O
นอก	O
เรื่อง	O
นะ	O
คะ	O

#BLACKPINK	O
_	O
#LALISA	O
_	O
#LiSA	O
_	O
ygofficialblink	O
_	O
การที่	O
ไป	O
ไหน	O
ใคร	O
ก็	O
รัก	O
และ	O
ชื่นชม	O
ตาม	O
หลัง	O
นั่น	O
มัน	O
ก็	O
แน่นอน	O
ว่า	O
เด็ก	O
คน	O
นี้	O
มัน	O
ต้อง	O
น่ารัก	O
และ	O
เป็น	O
คนดี	O
ที	NORM_1WORD
เรา	O
ไม่	O
ต้อง	O
รอ	O
ให้	O
น้อง	O
ออก	O
มา	O
บอก	O
ว่า	O
ฉัน	O
เป็น	O
คนดี	O
นะ	O
และ	O
ไอ้	O
พวก	O
แอนตี้	NORM_1WORD
ทั้งหลาย	O
ที	NORM_1WORD
มัน	O
คอย	O
ที่	O
จะ	O
กด	O
น้อง	O
อยู่	O
เชื่อ	O
เถอะ	O
ว่า	O
พวก	O
มัน	O
ไม่	O
มี	O
วัน	O
ทำ	O
สำเร็ฐ	NORM_1WORD
หรอก	O
ความดี	O
มัน	O
จะ	O
ออก	O
มา	O
จาก	O
คน	O
ที	NORM_1WORD

เล่า	O
เรื่อง	O
น้องสาว	O
ป่วย	O
เป็น	O
ไบโพล่า	NORM_1WORD
_	O
กับ	O
การรักษา	O
_	O
มา	O
กว่า	O
_	O
20	O
_	O
ปี	O
_	O
ปั่น	O
_	O
#เป๊กผลิตโชค	O
_	O
โรค	O
นี้	O
คน	O
อาจ	O
จะ	O
เคย	O
ได้ยิน	O
ความจริง	O
มัน	O
โหด	O
มาก	O
_	O
อาการ	O
เริ่มต้น	O
_	O
หมอ	O
บอก	O
น้อง	O
เป็น	O
ซึมเศร้า	O
_	O
รักษา	O
มา	O
นาน	O
พึ่ง	NORM_1WORD
มา	O
รู้	O
เมื่อ	O
สัก	O
_	O
5	O
_	O
ปี	O
ย้อนหลัง	O
ว่า	O
เป็น	O
ไบโพล่า	NORM_1WORD
_	O
ชื่อ	O
มัน	O
ก็	O
ยาก	O
ที่	O
จะ	O
เข้าใจ	O
สำหรับ	O
ครอบครัว	O
บ้านนอก	O
อย่าง	O
เรา	O
_	O
#PeckPalitchoke	O

รีวิว	O
และ	O
สังคม	O
ใน	O
ทวิต	O
ที่	O
เกี่ยวกับ	O
_	O
#GirlDontCry	O
_	O
นี่	O
สะอาด	O
ตา	O
มาก	O
_	O
ใน	O
เฟซ	O
แซะ	O
จน	O
กร่อน	O
ละ	NORM_1WORD
_	O
เปิด	O
มา	O
สวย	O
_	O
แต่	O
มี	O
อะไร	O
มา	O
เปิด	O
ทาง	O
ให้	O
ย่ำ	O
_	O
ก็	O
ต้อง	O
ทำใจ	O
แล้ว	O
ว่า	O
เรา	O
ทำ	O
อะไร	O
เขา	O
ไม่	O
ได้	O
_	O
เป็น	O
แบบ	O
นี้	O
ไป	O
ไม่	O
จบ	O
_	O
อ่ะ	NORM_1WORD
ไป	O
ดู	O
แน่นอน	O
_	O
ใน	O
ฐานะ	O
ของ	O
ที่	O
ไม่	O
ใช่	O
โอตะ	O
_	O
แต่	O
รัก	O
น้อง	O
_	O
อยาก	O
ซัพพอร์ต	NORM_1WORD
น้อง	O
ต่อ	O
ไป	O
ค่ะ	O
_	O
don't	O
_	O
cry	O
_	O
and	O
_	O
don't	O
_	O
give	O
_	O
a	O
_	O
shit	O
_	O
at	O
_	O
all	O

รีวิว	O
_	O
ร้าน	O
กาแฟ	O
_	O
มากาด	O
_	O
กาดหลวง	O
_	O
ชม.	O
ข่ะ	NORM_1WORD
_	O
สารพัด	O
กาแฟ	O
-	O
ชาเขียว	O
-	O
ชานม	O
_	O
ไม่	O
แพง	O
_	O
40	O
-	O
50	O
_	O
บาท	O
_	O
รสชาด	NORM_1WORD
โอเค	O
นะ	O
_	O
บรรยากาศ	O
ร้าน	O
_	O
เหมาะ	O
สำรับ	O
วัยรุ่น	O
ข่ะ	NORM_1WORD
_	O
แก่ๆ	NORM_2WORD
_	O
แบบ	O
มนุด	NORM_1WORD
ป้า	O
เดิน	O
ขึ้น	O
ไป	O
ถ่าย	O
รูป	O
ชั้น	O
_	O
5	O
_	O
ข้อ	O
เข่า	O
แทบ	O
ทรุด	O
_	O
และ	O
แดด	O
แรง	O
มาก	O
_	O
คุย	O
กับ	O
เพื่อน	O
มา	O
อีก	O
มั้ย	O
_	O
ไม่	O
ขึ้น	O
มา	O
ข่ะ	NORM_1WORD
_	O
ถ้า	O
จะ	O
กิน	O
ชา	O
กาแฟ	O
_	O
เดิน	O
ขึ้น	O
มา	O
ชั้น	O
_	O
2	O
แค่	O
นั้น	O
พอ	O
(	O
รูป	O
แต่ง	O
สี	O
ข่ะ	NORM_1WORD
)	O
_	O
at	O
_	O
มากาด	O
_	O
(	O
Makad	O
_	O
)	O

รู้จัก	O
น้อง	O
จาก	O
เตร็ดเตร่เฟส	O
_	O
ชอบ	O
น้อง	O
เพราะ	O
น้อง	O
เป็น	O
เด็ก	O
น่ารัก	O
_	O
ยิ้ม	O
เก่ง	O
_	O
แม้	O
จะ	O
ขี้อาย	O
ไป	O
บ้าง	O
_	O
แต่	O
ฟร้อง	O
ก็	O
ยิ้ม	O
มี	O
เสน่ห์	O
เสมอ	O
_	O
บอก	O
ตรงๆ	O
ตอน	O
เห็น	O
รอยยิ้ม	O
ใน	O
หน้าจอ	O
ว่า	O
น่ารัก	O
แล้ว	O
_	O
เจอ	O
ตัว	O
จริง	O
น่ารัก	O
กว่า	O
มาก	O
_	O
น้อง	O
เป็น	O
เด็ก	O
ที่	O
น่าเอ็นดู	O
_	O
เวลา	O
อยู่	O
ด้วย	O
แล้ว	O
รู้สึก	O
ได้	O
ถึง	O
ความสุข	O
ที่	O
น้อง	O
ส่ง	O
มา	O
ให้	O
คน	O
รอบ	O
ข้าง	O
_	O
#รอยยิ้มของ	O
ฟร้อง	O

เห้อ	O
ซีน	O
เห็น	O
มั้ย	NORM_1WORD
ว่า	O
การใช้	O
ชีวิต	O
แบบ	O
หลงระเริง	O
ผล	O
ที่	O
ตาม	O
มา	O
มัน	O
เป็น	O
ยังไง	NORM_1WORD
_	O
แต่	O
เรา	O
ก็	O
ยัง	O
เชื่อ	O
นะ	O
ว่า	O
ที่	O
ผ่าน	O
มา	O
ซีน	O
กับ	O
ท็อป	O
มัน	O
คือ	O
รัก	O
จริงๆ	NORM_2WORD
_	O
มัน	O
ถูก	O
แล้ว	O
ที่	O
ซีน	O
เลือก	O
จะ	O
ตัด	O
ทั้ง	O
คู่	O
เพราะ	O
ถ้า	O
ซีน	O
มี	O
คน	O
อื่น	O
ได้	O
แปล	O
ว่า	O
ซีน	O
ควร	O
กลับ	O
มา	O
คิด	O
ว่า	O
ยัง	O
รัก	O
ท็อป	O
อยู่	O
ไหม	O
ไม่	O
ใช่	O
เอา	O
ควสมผูกพันธ์	NORM_1WORD
ที่	O
คบ	O
กัน	O
มา	O
นาน	O
แล้ว	O
จะ	O
เลือก	O
ท็อป	O
_	O
#แฟนเด็ก	O
พี่	O
ซีน	O

__sugarhoney__	O
_	O
สุขสันต์	O
วันเกิด	O
ซิส	O
_	O
ไม่	O
มี	O
ไร	O
ดี	O
กว่า	O
วันนี้	O
ที	O
เรา	O
ยัง	O
มี	O
โอกาส	O
เบิรธเดย์	NORM_1WORD
กัน	O
_	O
ขอ	O
ให้	O
ซิส	O
มี	O
ค.สุข	NORM_1WORD
มากๆ	NORM_2WORD
โดย	O
เฉพาะ	O
ใจ	O
_	O
ใจ	O
มา	O
ทุก	O
เรื่อง	O
ก็	O
เก่ง	O
ยืนหนึ่ง	O
_	O
สุขภาพ	O
แข็งแรง	O
_	O
เอว	O
เอส	O
_	O
อารยาเอ	O
ฮะ	O
_	O
พบเจอ	O
ค.รัก	NORM_1WORD
ดีๆ	NORM_2WORD
_	O
ผู้ใหญ่	O
เอ็นดู	O
_	O
ล้อม	O
รอบ	O
ด้วย	O
คน	O
ดีๆ	NORM_2WORD
_	O
เป็น	O
ที่รัก	O
_	O
มี	O
สติ	O
กับ	O
ทุก	O
เรื่อง	O
_	O
ค.สามารถ	NORM_1WORD
ซิส	O
ช่วยเหลือ	O
ผู้คน	O
ได้	O
มากมาย	O

เพราะ	O
ว่า	O
เป็น	O
สัตว์	O
ที่	O
ไม่	O
มี	O
อยู่	O
จริง	O
บน	O
โลก	O
_	O
น้อง	O
เชส	O
ก็	O
คือ	O
เป็น	O
แมว	O
ตัว	O
โปรด	O
ของ	O
เรา	O
อยู่	O
แล้ว	O
_	O
แถม	O
พูด	O
ได้	O
อีก	O
_	O
รู้สึก	O
ว่า	O
ไม่	O
เหงา	O
_	O
ส่วน	O
น้อง	O
ขาว	O
เขี้ยว	O
เยอะ	O
_	O
รู้สึก	O
ว่า	O
จริงๆ	NORM_2WORD
น้อง	O
ไม่	O
ได้	O
ร้าย	O
_	O
น้อง	O
แค่	O
ไป	O
อยู่	O
กับ	O
คนไม่ดี	O
มา	O
ก่อน	O
_	O
ตอนอ	O
_	O
ลิซ	O
ขี่	O
แล้ว	O
เท่ห์	O
ดี	O
ด้วย	O
ค่ะ	O
_	O
พอ	O
ขึ้น	O
มา	O
จาก	O
โพรง	O
กระต่าย	O
แล้ว	O
ไม่	O
มี	O
ทาง	O
ได้	O
ขี่	O
แมว	O
ยักษ์	O
แบบ	O
นั้น	O
แน่ๆ	O

มี	O
ปัญหา	O
กับ	O
การเขียน	O
ฟิค	O
ที่	O
ตัวเอก	O
_	O
fall	O
_	O
in	O
_	O
love	O
_	O
แบบ	O
ทัน	O
ที	O
ทัน	O
ใด	O
หรือ	O
_	O
love	O
_	O
at	O
_	O
firstsight	O
_	O
มากๆ	NORM_2WORD
_	O
อาจ	O
เพราะ	O
เรา	O
ไม่	O
เชื่อ	O
เรื่อง	O
นี้	O
_	O
จะ	O
เห็น	O
ว่า	O
ฟิค	O
เรา	O
ทุก	O
เรื่อง	O
จะ	O
บิ้ว	NORM_1WORD
มา	O
ยาว	O
มาก	O
กว่า	O
จะ	O
เห็น	O
ว่า	O
สอง	O
คน	O
นี้	O
รัก	O
กัน	O
_	O
หรือ	O
ต้อง	O
มี	O
_	O
background	O
_	O
พิเศษ	O
_	O
เช่น	O
_	O
ตามหา	O
กัน	O
มา	O
ตั้งแต่	O
ชาติ	O
ที่	O
แล้ว	O
ไร	NORM_1WORD
งี้	O
_	O
ไม่	O
ใช่	O
ไม่	O
อยาก	O
เขียน	O
แต่	O
นึก	O
ไม่	O
ออก	O

สามารถ	O
เป็น	O
สีสัน	O
ของ	O
ชีวิต	O
คุณ	O
ได้	O
_	O
ติดตาม	O
หนูรัตน์สุวิมล	O
และ	O
อื่นๆ	NORM_2WORD
_	O
ว่า	O
ที่	O
_	O
bnk48	O
_	O
รุ่น	O
ต่อ	O
ไป	O
ใน	O
ตำแหน่ง	O
กัปตัน	O
ที่	O
สามารถ	O
รัก	O
กัป	NORM_1WORD
คุณ	O
ได้	O
แม้	O
ใน	O
วัน	O
มา	O
มาก	O
_	O
มี	O
หลากหลาย	O
เมจ	O
ให้	O
เลือกสรร	O
_	O
บอส	NORM_1WORD
แห่ง	O
สุด	O
ของ	O
รุ่น	O
พร้อม	O
เลขา	NORM_1WORD
คุณธรรม	O
_	O
หาก	O
คุณ	O
ชอบ	O
คน	O
ดื้อๆ	O
แล้ว	O
อยาก	O
ปราบ	O
ให้	O
เป็น	O
น้อง	O
เอิ้ด	O
ใน	O
โอวาท	O
_	O
รัก	O
พี่	O
โดยอง	O
_	O
พี่	O
ตู่	O
_	O
เป็นพิเศษ	O
_	O
เลือก	O
ชม	O

อ่ะ	NORM_1WORD
เห็น	O
เด็ก	O
มัน	O
เล่น	O
งั้น	NORM_1WORD
เล่น	O
กลับ	O
ให้	O
มัน	O
หน่อย	O
อ่าน	O
ให้	O
หมด	O
นะ	O
เมิง	NORM_1WORD
_	O
รีวิว	O
หนู	O
น้อย	O
อิมๆ	O
_	O
รู้จัก	O
มัน	O
ผ่าน	O
เพื่อน	O
อีก	O
ที	O
_	O
แต่	O
คุย	O
กัน	O
ถูกคอ	O
มาก	O
เพราะ	O
เรื่อย	NORM_1WORD
รัย	NORM_1WORD
คะ	O
เรื่อง	O
จอย	O
_	O
เจอ	O
กัน	O
ครั้ง	O
เดียว	O
และ	O
ไม่	O
เหลียว	O
มา	O
อีก	O
_	O
ทำ	O
ท่า	O
จะ	O
นัด	O
กัน	O
ก็	O
ล่ม	O
มา	O
จน	O
ปัจจุบัน	O
นี้	O
_	O
รู้จัก	O
กี่	O
เดือน	O
ไม่	O
รู้	O
รู้	O
แค่	O
ไม่	O
สนิท	O
กัน	O
เลย	O
_	O
ร้อเร่น	NORM_1WORD
_	O
สนิท	O
เหมือน	O
รู้จัก	O
มา	O

ใช่	O
ค่ะ	O
_	O
อีก	O
อย่าง	O
คือ	O
เป็น	O
แม่	O
คน	O
เค้า	NORM_1WORD
ไม่	O
รับ	O
ยา	O
ที่	O
ไม่	O
ได้	O
จาก	O
หมอ	O
มา	O
รีวิว	O
หรอก	O
ค่ะ	O
_	O
จิตสำนึก	O
ความเป็น	O
แม่	O
ที่	O
มี	O
ต่อ	O
ลูก	O
มัน	O
ต้อง	O
มี	O
อยู่แล้ว	O
ว่า	O
ไม่	O
ควร	O
กิน	O
อะไร	O
มั่วๆ	O
_	O
เดี๋ยว	O
ทำร้าย	O
เด็ก	O
_	O
แต่	O
อัน	O
นี้	O
คือ	O
...	O
_	O
ถาม	O
จริง	O
ว่า	O
เธอ	O
ห่วง	O
ลูก	O
ใน	O
ท้อง	O
บ้าง	O
ไหม	O
อะ	O
_	O
อ่อ	O
_	O
อีก	O
เรื่อง	O
คือ	O
ตาม	O
เผือก	O
คน	O
อื่น	O
ซะ	NORM_1WORD
ละเอียด	O
ยิบ	O
_	O
ไม่	O
เครียด	O
บ้าง	O
เหรอ	O
คะ	O
คุณแม่	O
มิ้ง	O

#HBDNOEYBNK48	O
_	O
ขอ	O
ให้	O
เนย	O
เก่งๆ	NORM_2WORD
ขึ้น	O
เรื่อยๆ	NORM_2WORD
_	O
ได้	O
ทำ	O
สิ่ง	O
ที่	O
อยาก	O
ทำ	O
ไป	O
เรื่อยๆ	NORM_2WORD
_	O
มี	O
ความสุข	O
กับ	O
สิ่ง	O
ที่	O
ทำ	O
ไป	O
เรื่อยๆ	NORM_2WORD
_	O
ช่วง	O
นี้	O
มัน	O
ก็	O
จะ	O
เหนื่อย	O
มาก	O
หน่อย	O
_	O
ถ้า	O
ได้	O
พัก	O
ก็	O
พัก	O
เยอะๆ	NORM_2WORD
ถ้า	O
มัน	O
ไม่	O
ได้	O
พัก	O
จริงๆ	NORM_2WORD
ก็	O
สู้	O
ให้	O
สุด	O
แรง	O
ไป	O
เล้ยย	NORM_1WORD
_	O
#NoeyBNK48	O
_	O
#BNK48	O
_	O
รูปถ่าย	O
เก็บ	O
ไว้	O
นาน	O
แล้ว	O
มัน	O
ก็	O
จะ	O
แปลกๆ	NORM_2WORD
หน่อย	O
เพราะ	O
กล้องฟิล์ม	O
เรา	O
ได้	O
แค่	O
นี้	O
จริงๆ	NORM_2WORD

เอาจริง	O
สงสัย	O
ว่า	O
_	O
ไอดอล	O
มี	O
หน้าที่	O
ต้อง	O
เป็น	O
แบบอย่าง	O
ตั้งแต่	O
เมื่อไหร่	NORM_1WORD
_	O
ที่	O
ญี่ปุ่น	O
ไอดอล	O
ก็	O
ไม่	O
ได้	O
เป็น	O
แบบ	O
นี้	O
หนิ	NORM_1WORD
_	O
แต่	O
ดู	O
คน	O
ไทย	O
ชอบ	O
คาดหวัง	O
ให้	O
คนดัง	O
_	O
(ไม่	O
ใช่	O
แค่	O
ไอดอล	O
)	O
_	O
มี	O
หน้าที่	O
เหนือ	O
มนุษย์มนา	O
_	O
หรือ	O
มัน	O
เป็น	O
เพราะ	O
วัฒนธรรม	O
ไทย	O
ที่	O
ชอบ	O
สอน	O
ลูกหลาน	O
ให้	O
ทำ	O
ตาม	O
_	O
แทนที่จะ	O
สอน	O
ให้	O
คิด	O
เอง	O
/	O
แยกแยะ	O
เอง	O
_	O
#BNK48	O
_	O
#BNK482ndGeneration	O

เวลา	O
อยู่	O
ทำ	O
แลป	O
คณะ	O
ดึกๆ	NORM_2WORD
อี	O
นี่	O
ก็	O
กลัว	O
นะ	O
_	O
พี่	O
ชอบ	O
เล่า	O
เรื่อง	O
ผีที่	O
คณะ	O
ให้	O
ฟัง	O
_	O
ตอน	O
แรก	O
นี่	O
ไม่	O
เคย	O
รู้	O
เรื่อง	O
อะไร	O
เลย	O
แล้ว	O
ชอบ	O
ไป	O
เข้า	O
ห้องน้ำ	O
ใน	O
ตึก	O
แพคเกจ	O
คน	O
เดียว	O
_	O
ตอน	O
เย็นๆ	NORM_2WORD
_	O
พอ	O
พี่	O
เล่า	O
ให้	O
ฟัง	O
นี่	O
ไม่	O
เคย	O
เข้า	O
อีก	O
เลย	O
จ้า	O
_	O
เช้า	O
ก็	O
ไม่ยกเว้น	O
มี	O
เพื่อน	O
ไป	O
_	O
แล้ว	O
ที่	O
สำคัญ	O
นี่	O
ทำ	O
แลป	O
กลับ	O
_	O
สอง	O
สาม	O
ทุ่ม	O
ทุก	O
วัน	O
_	O
แล้ว	O
แม่ง	O
บางที	O
ทั้ง	O
ตึก	O
ไม่	O
มี	O
คน	O
เลย	O

แต่	O
กฎ	O
ออก	O
มา	O
จริงๆ	NORM_2WORD
คือ	O
ถ้า	O
ขอ	O
แปล	O
จาก	O
เจ้าของ	O
ลขส	NORM_1WORD
จะ	O
ยอม	O
ให้	O
นิยาย	O
ติด	O
อันดับ	O
ได้	O
ตาม	O
ปกติ	O
_	O
แต่	O
ถ้า	O
แปล	O
แบบ	O
ไพเรท	NORM_1WORD
ถึง	O
คนอ่าน	O
เป็น	O
ล้าน	O
ก็	O
ไม่	O
ให้	O
ติด	O
อันดับ	O
แนะนำ	O
เฉยๆ	O
ค่ะ	O
_	O
เพราะ	O
คน	O
ที่	O
ออก	O
มา	O
เรียกร้อง	O
กลุ่ม	O
แรก	O
มา	O
เรียกร้อง	O
เพราะ	O
นิยาย	O
แต่ง	O
โดน	O
เบียด	O
ตก	O
อันดับ	O
_	O
ทำให้	O
นิยาย	O
แต่ง	O
โดน	O
แย่ง	O
โอกาส	O
โชว์ตัว	O
น่ะ	O
ค่ะ	O
_	O
เหมือน	O
แบบ	O
นิยาย	O
แปล	O
มัน	O
มี	O
ตุน	O
ไว้	O

ยืนยัน	O
คำเดิม	O
_	O
ส่วน	O
แม่	O
จนค.	O
เวลา	O
สไลด์	O
ฮี	NORM_1WORD
เรื่อง	O
ลบ	O
ก็	O
ชอบ	O
บอก	O
ไม่	O
ใช่	O
เมน	O
แบบ	O
นี้	O
แหละ	O
_	O
โยน	O
ขี้	O
เก่ง	O
_	O
แฟน	O
เวียร์	O
13	O
ปี	O
แต่	O
ทวิต	NORM_1WORD
ด่า	O
ot	O
3	O
รัวๆ	NORM_2WORD
_	O
ให้	O
ค่า	O
กว่า	O
พี่	O
เวียร์	O
อีก	O
_	O
เข้าใจ	O
มนุษย์ป้า	O
ที่	O
ชอบ	O
ส่ง	O
สวัสดีวันจันทร์	O
เพราะ	O
เหงา	O
แถม	O
เข้าใจ	O
ยาก	O
_	O
เพราะ	O
เป็น	O
มนุษย์ป้า	O
มหาภัย	O
_	O
ฉัน	O
นะ	O
แฟน	O
เวียร์	O
มา	O
13	O
ปี	O
_	O
แต่	O
ทวิต	NORM_1WORD
ด่า	O
ot	O
3	O
มา	O
สอง	O
วัน	O
ติด	O
แค่	O
30	O
+	O
ทวิต	NORM_1WORD
เอง	O

ขอ	O
อนุญาต	O
ค่ะ	O
_	O
Netflix	O
จ่าย	O
ครั้ง	O
เดียว	O
ดู	O
ตลอดชีพ	O
ไม่	O
ต้อง	O
จ่าย	O
ราย	O
เดือน	O
จาก	O
ปกติ	O
เดือน	O
ละ	O
420	O
฿	O
_	O
-	O
990	O
฿	O
หาร	O
กัน	O
คน	O
ละ	O
248	O
฿	O
_	O
-	O
ดู	O
ฟรี	O
ตลอดชีพ	O
_	O
-	O
ความคมชัด	O
ระดับ	O
4	O
K	O
_	O
-	O
ลอคอิน	NORM_1WORD
พร้อม	O
กัน	O
สูง	O
สุด	O
ได้	O
4	O
เครือง	NORM_1WORD
_	O
-	O
มี	O
ปัญหา	O
เปลี่ยน	O
ไอดี	O
ให้	O
_	O
-	O
หา	O
คนหาร	O
ให้	O
ได้	O
_	O
#CTYL2018in	O
Bangkok	O
_	O
#BeauticoolBeautyMegaSale	O
_	O
#BNK48	O
_	O
#BNK48maket	O
_	O
#ตลาดนัด	O
IZONE	O

ตอน	O
นี้	O
ใจ	O
มัน	O
แห้งแล้ง	O
จริงๆ	NORM_2WORD
นะ	O
_	O
ยิ่ง	O
คน	O
ที่	O
ติ่ง	O
อซ.	O
วง	O
เดียว	O
แล้ว	O
ด้วย	O
_	O
มัน	O
แบบ	O
คิดถึง	O
มากๆ	NORM_2WORD
_	O
เนี่ย	O
เห็น	O
หน้า	O
แค่	O
สาม	O
สี่	O
คน	O
_	O
มัน	O
ก็	O
ไม่	O
หาย	O
คิดถึง	O
อ่ะ	O
_	O
อยาก	O
เห็น	O
หน้า	O
ทุก	O
คน	O
ทั้ง	O
วง	O
_	O
อยาก	O
เห็น	O
งาน	O
วง	O
อ่ะ	O
_	O
แต่	O
ตอน	O
นี้	O
คือ	O
เงียบ	O
มากๆ	NORM_2WORD
_	O
ยิ่ง	O
อีก	O
ไม่	O
กี่	O
วัน	O
พี่	O
หมิน	O
จะ	O
เข้า	O
กรม	O
แล้ว	O
ด้วย	O
_	O
ใจ	O
ชั้น	NORM_1WORD
นี่	O
เหมือน	O
ดอกไม้	O
โดน	O
แดด	O
ประเทศ	O
ไทย	O
_	O
แห้งเหี่ยว	O
มาก	O
แม่	O

NXPHRINE__	O
_	O
แล้ว	O
คือ	O
ใจเย็น	O
ด้วย	O
เพราะ	O
นี่	O
ถาม	O
แบบ	O
_	O
ถาม	O
ต่อ	O
อ่ะ	O
_	O
ถ้า	O
ทำ	O
งี้	NORM_1WORD
ล่ะ	O
_	O
ถ้า	O
อย่าง	O
งั้น	O
ล่ะ	O
_	O
แต่	O
พี่	O
เขา	O
ยัง	O
ดู	O
ใจเย็น	O
กับ	O
นี่	O
ตอบ	O
ทุก	O
คำถาม	O
อย่าง	O
ดี	O
เลย	O
ครับ	O
_	O
คือ	O
สงสาร	O
มาก	O
แล้ว	O
วัน	O
นั้น	O
ตี	O
สอง	O
อ่ะ	O
ยัง	O
ดู	O
ให้	O
เลย	O
ต้อง	O
ยอม	O
เขา	O
จริง	O
ครับ	O
คน	O
นี้	O
_	O
รัก	O
มาก	O
_	O
ไม่	O
ค่อย	O
ชอบ	O
พิมพ์	O
อะไร	O
ยาวๆ	O
แต่	O
พี่	O
เขา	O
น่ารัก	O
จริง	O
_	O
ไม่	O
ดูดวง	O
ก็	O
ไป	O
คุย	O
เล่น	O
ได้	O
ครับ	O
_	O
จริง	O

(	O
6	O
)	O
พอ	O
มา	O
เจอ	O
_	O
#nontdiary	O
_	O
ถึง	O
ไม่	O
มี	O
โอกาส	O
ได้	O
อ่าน	O
_	O
ก็	O
พอ	O
รู้	O
เลย	O
ว่า	O
_	O
ใน	O
จดหมาย	O
ฉบับ	O
นั้น	O
_	O
ต้อง	O
อัด	O
แน่น	O
ไป	O
ด้วย	O
ข้อความ	O
ดี	O
งาม	O
_	O
ทัศนคติ	O
ดีๆ	NORM_2WORD
_	O
กำลังใจ	O
_	O
และ	O
ขุม	O
พลังงาน	O
ที่	O
แสน	O
วิเศษ	O
ตาม	O
แบบ	O
ฉบับ	O
คุณธนนท์	O
_	O
ขอบคุณ	O
นะ	O
ครับ	O
_	O
ใน	O
ความ	O
เป็น	O
นนท์	O
_	O
ธนนท์	O
แบบ	O
นี้	O
รัก	O
และ	O
เป็น	O
ห่วง	O
ใน	O
สุขภาพ	O
น้อง	O
มากๆ	NORM_2WORD
_	O
แม้	O
เรา	O
จะ	O
ไม่	O
ได้	O
รู้จัก	O
_	O
แต่	O
พี่	O
รู้สึก	O
แบบ	O
นี้	O
จริงๆ	NORM_2WORD

ปกติ	O
ก็	O
ไม่	O
เห็น	O
จะ	O
ยี่หระ	O
อะไร	O
กับ	O
คำด่า	O
เลย	O
นะ	O
คะ	O
_	O
ด่า	O
มิกซ์	O
เสียง	O
_	O
ด่า	O
เรื่อง	O
ดูแล	O
น้อง	O
_	O
ด่า	O
การส่ง	O
ของ	O
_	O
ด่า	O
แพ็กเกจจิ้ง	NORM_1WORD
_	O
สิ่ง	O
ที่	O
ทำ	O
คือ	O
นิ่งเฉย	O
_	O
แต่	O
พอ	O
มี	O
คน	O
ด่า	O
อัน	O
นี้	O
_	O
จัดการ	O
ไว	O
มาก	O
เลย	O
_	O
เพราะ	O
มี	O
คน	O
dm	O
ไป	O
ด่า	O
ผู้บริหาร	O
ถึง	O
จัดการ	O
ไว	O
_	O
งั้น	NORM_1WORD
วันหลัง	O
ไป	O
ด่า	O
เรื่อง	O
อื่น	O
ใน	O
dm	O
บ้าง	O
ได้	O
ไหม	O
_	O
อยาก	O
ให้	O
จัดการ	O
ไว	O
แบบ	O
นี้	O
เหมือน	O
กัน	O
_	O
bnk48official	O

จริง	O
ค่ะ	O
_	O
เขา	O
ไม่	O
รัก	O
เขา	O
ไม่	O
เอ็นดู	O
น้อง	O
เหมือน	O
พวก	O
เรา	O
_	O
ไม่	O
โกรธ	O
นะ	O
คะ	O
_	O
แต่	O
อย่า	O
มา	O
ว่า	O
ร้าย	O
ดูถูก	O
น้อง	O
อะ	O
_	O
เพิ่ง	O
จะ	O
ได้	O
ซีน	O
_	O
2	O
อีพี	O
เอง	O
_	O
บาง	O
คน	O
เหม็น	O
เหมือน	O
น้อง	O
ได้	O
อท.	O
มา	O
ตลอด	O
อะ	NORM_1WORD
_	O
ถึง	O
จะ	O
ได้	O
มา	O
ตลอด	O
ก็	O
แล้ว	O
ไง	NORM_1WORD
_	O
พีดี	O
นิม	O
เป็น	O
คน	O
ตัดต่อ	O
ใส่	O
_	O
ไม่	O
ใช่	O
น้อง	O
มัดมือชก	O
เขา	O
ให้	O
ทำ	O
สักหน่อย	O
_	O
เฮ้อ	O
_	O
เด็ก	O
ชิป	O
นี่	O
สนามอารมณ์	O
ทุก	O
ซซ.	NORM_1WORD
เลย	O
ค่ะ	O
_	O
ใจร้าย	O
อคติ	O
ใส่	O
เกิน	O

ขอ	O
รีวิย	NORM_1WORD
สั้นๆ	NORM_2WORD
หน่อย	O
นะ	O
_	O
ซูยอง	O
_	O
ซูยอง	O
ทำ	O
ได้	O
ดี	O
มาก	O
ใน	O
หน้าที่	O
_	O
เอนเตอร์เทรน	NORM_1WORD
ทุก	O
คน	O
ได้	O
_	O
ทุก	O
คน	O
สนุก	O
ไป	O
กับ	O
งาน	O
_	O
ล่าม	O
_	O
ล่าม	O
เก่ง	O
มาก	O
_	O
แปล	O
ไฟ	O
แล่บ	O
_	O
ส่วนตัว	O
ปลื้ม	O
มาก	O
_	O
MC	O
_	O
มัน	O
กระอักกระอ่วน	O
ง่า	NORM_1WORD
_	O
เดทแอร์	NORM_1WORD
เยอะ	O
พอ	O
สมควร	O
_	O
พอ	O
นอก	O
สคริป	O
แล้ว	O
เหมือน	O
ทำ	O
อะไร	O
ต่อ	O
ไม่	O
เป็น	O
เลย	O
_	O
อึดอัด	O
มากๆ	NORM_2WORD
ตอน	O
หา	O
ผู้โชคดี	O
เรื่อง	O
ใคร	O
มา	O
ไกล	O
สุด	O
_	O
#ChoiSooyoung1stFMinBkk	O

นี่	O
นั่ง	O
ร้องไห้	O
ตั้งแต่	O
เพลง	O
ฝืนตัวเองไม่เป็น	O
คือ	O
มัน	O
ร้องไห้	O
เพราะ	O
เรา	O
ปลื้ม	O
ใจ	O
แทน	O
นนท์	O
ที่	O
มี	O
คน	O
มา	O
รัก	O
เธอ	O
มาก	O
ขนาด	O
นี้	O
_	O
เรา	O
มอง	O
บรรยากาศ	O
งาน	O
ใน	O
จอ	O
ที่	O
มี	O
แท่งไฟ	O
สี	O
เขียว	O
โบก	O
สลับ	O
กับ	O
ไฟ	O
มือถือ	O
แล้ว	O
ข้าง	O
หลัง	O
สุด	O
มี	O
ป้ายไฟ	O
ตั้ง	O
หลาย	O
ป้าย	O
_	O
มัน	O
สวย	O
มาก	O
_	O
สวย	O
เพราะ	O
คน	O
หลาย	O
คน	O
ทำ	O
มัน	O
ออก	O
มา	O
พร้อม	O
กัน	O
อะ	O
_	O
#NONTTANONT	O
_	O
#ทำดีปีละหนwith	O
นนท์ธนนท์	O

รีวิว	O
_	O
Kingdom	O
_	O
มี	O
เมือง	O
เมือง	O
หนึ่ง	O
ตก	O
อยู่	O
สภาวะ	O
ที่	O
ทุกข์ยาก	O
_	O
หลัง	O
เกิด	O
การยึดอำนาจ	O
_	O
พี่สาว	O
ของ	O
องค์ราชา	O
ของ	O
เมือง	O
_	O
อาสา	O
มา	O
บริหาร	O
ประเทศ	O
_	O
แต่	O
เมือ	NORM_1WORD
องค์ราชา	O
เอง	O
เห็น	O
จึง	O
ไม่	O
โปรดปราน	O
เลือก	O
ที่	O
จะ	O
ปฎิเสธ	O
การเข้ามา	O
ของ	O
พี่สาว	O
ตน	O
_	O
แม้กระทั่ง	O
ยัง	O
ไม่	O
ได้	O
รับ	O
เลือก	O
จาก	O
ประชาชน	O
ด้วยซ้ำ	O
_	O
แล้ว	O
ประเทศ	O
นี้	O
ยัง	O
มี	O
เสียง	O
ของ	O
ประชาชน	O
ไว้	O
ทำไม	O

ฉัน	O
มา	O
จาก	O
ประเทศ	O
ไทย	O
_	O
นิยาย	O
_	O
Overlord	O
_	O
และ	O
ผู้แต่ง	O
คือ	O
แรงบันดาลใจ	O
ของ	O
ฉัน	O
_	O
คุณ	O
ทำ	O
ให้	O
ฉัน	O
อยาก	O
เรียน	O
ภาษา	O
ญี่ปุ่น	O
เพื่อ	O
ที่	O
จะ	O
อ่าน	O
นิยาย	O
ของ	O
คุณ	O
ได้	O
โดย	O
ตรง	O
_	O
คุณ	O
ทำ	O
ให้	O
ฉัน	O
อยาก	O
เขียน	O
นิยาย	O
ที่	O
สนุกสนาน	O
เหมือน	O
กับ	O
คุณ	O
_	O
เพราะ	O
อย่าง	O
นั้น	O
ได้	O
โปรด	O
อย่า	O
จบ	O
นิยาย	O
Overlord	O
_	O
ใน	O
เวลา	O
อัน	O
ใกล้	O
นี้	O
เลย	O
นะ	O
_	O
ฉัน	O
จะ	O
คอย	O
สนับสนุน	O
ของ	O
มี	O
ลิขสิทธิ์	O
ของ	O
คุณ	O

งาน	O
นุ่ง	O
น้อย	O
ห่ม	O
น้อย	O
ใส่	O
เที่ยว	O
ยั่วๆ	NORM_2WORD
จ้า	O
เสื้อผ้า	O
ของ	O
แอด	O
เอง	O
_	O
เซ็ต	O
นี้	O
ใส่	O
แค่	O
ครั้ง	O
เดียว	O
ค่ะ	O
_	O
รูป	O
เพิ่มเติม	O
หรือ	O
ไซส์	NORM_1WORD
รบกวน	O
เดม	O
ถาม	O
ค่ะ	O
_	O
#เสื้อผ้า	O
เกาหลี	O
_	O
#เสื้อผ้ามือสอง	O
_	O
#เสื้อผ้าแฟชั่น	O
_	O
#เสื้อผ้า	O
_	O
#เสื้อผ้าราคาถูก	O
_	O
#เสื้อผ้าพร้อมส่ง	O
_	O
#เสื้อผ้าวัยรุ่น	O
_	O
#เสื้อผ้าน่ารักๆ	O
_	O
#เสื้อผ้าผู้หญิง	O
_	O
#เสื้อผ้าสไตล์	O
เกาหลี	O

ไป	O
ถนนคนเดิน	O
ที่	O
ชม.	NORM_1WORD
ละ	NORM_1WORD
มี	O
เพื่อน	O
นาง	O
นึง	NORM_1WORD
ซื้อ	O
เสื้อ	O
_	O
ที่	O
เหลือ	O
เลย	O
รอ	O
หน้า	O
ร้าน	O
_	O
นี่	O
ก็	O
บอก	O
เพื่อน	O
อีก	O
คน	O
ว่า	O
อยาก	O
กิน	O
ไส้อั่ว	O
_	O
มึง	O
พา	O
ไป	O
ซื้อ	O
หน่อย	O
_	O
แล้ว	O
ก็	O
จูง	O
มือ	O
เพื่อน	O
ไป	O
_	O
พัก	O
นึง	NORM_1WORD
ได้ยิน	O
เสียง	O
เพื่อน	O
เรียก	O
เลย	O
หัน	O
ไป	O
มอง	O
_	O
อ้าว!	O
อี	O
เหี้ย	O
จูง	O
มือ	O
ใคร	O
มา	O
_	O
ประเด็น	O
มี	O
การบอก	O
กิน	O
ไหม	O
เดี๋ยว	O
พา	O
ไป	O
ซื้อ	O
_	O
เจ้า	O
นี้	O
อร่อย	O
นะ	O
_	O
555	O
_	O
#เรื่องมันช่างน่าอาย	O

ชอบ	O
_	O
BNK48	O
_	O
ก็	O
เพราะ	O
ว่า	O
ทุก	O
คน	O
มี	O
ความน่ารัก	O
และ	O
ก็	O
เห็น	O
ความพยายาม	O
ที่	O
จะ	O
ทำ	O
ตาม	O
ความฝัน	O
ของ	O
เมมเบอร์	NORM_1WORD
แต่ละ	O
คน	O
_	O
ผม	O
เป็น	O
คน	O
ที่	O
ไม่	O
คิ่อย	NORM_1WORD
มี	O
ความพยายาม	O
พอ	O
ติดตาม	O
BNK48	O
ก็	O
เลย	O
เห็น	O
ความพยายาม	O
ของ	O
แต่ละ	O
คน	O
เลย	O
อยาก	O
เป็น	O
กําลังใจ	O
ให้	O
_	O
สโอชิ	NORM_1WORD
ซัทจัง	O
เพราะ	O
อายุ	O
พอๆ	O
กัน	O
และ	O
เห็น	O
ว่า	O
น้อง	O
เค้า	NORM_1WORD
อายุ	O
น้อย	O
ที่สุด	O
จึง	O
เป็น	O
กำลังใจ	O
ให้	O
_	O
+	O
น้อง	O
น่ารัก	O
ดี	O

สาย	O
วิชาชีพ	O
ครู	O
_	O
วิชาชีพ	O
หมอ	O
_	O
คน	O
ที่	O
ไป	O
ลง	O
พื้นที่	O
ห่างไกล	O
ทุรกันดาน	NORM_1WORD
_	O
ความเสียสละ	O
ของ	O
เขา	O
มัน	O
ควร	O
ได้	O
รับ	O
การตอบแทน	O
ที่	O
มาก	O
กว่า	O
แค่	O
นามธรรม	O
_	O
แล้ว	O
ที่	O
รู้สึก	O
แย่	O
ที่สุด	O
คือ	O
ปท	NORM_1WORD
นี้	O
ไม่	O
ได้	O
ไม่	O
มี	O
งบประมาณ	O
สนับสนุน	O
_	O
ไม่	O
ได้	O
ยากจน	O
_	O
แต่	O
เงินภาษี	O
จม	O
ไป	O
กับ	O
เรื่อง	O
เหี้ย	O
อะไร	O
ก็	O
ไม่	O
รู้	O
_	O
ทั้งๆที่	O
การศึกษา	O
ที่	O
เป็น	O
ต้นน้ำ	O
แม่ง	O
ควร	O
ได้	O
มาก	O
กว่า	O
...	O

อาร์มี่	NORM_1WORD
ไทย	O
และ	O
อาร์มี่	NORM_1WORD
ทั่วโลก	O
โหด	O
มากๆ	NORM_2WORD
_	O
อาร์มี่	NORM_1WORD
ไทย	O
ทำ	O
ใหม่	O
_	O
FAKE	O
LOVE	O
_	O
ติด	O
อันดับ	O
สอง	O
ใน	O
มา	O
แรง	O
_	O
ส่วน	O
อาร์มี่	NORM_1WORD
ทั่วโลก	O
ทำให้	O
_	O
FAKE	O
LOVE	O
_	O
-	O
_	O
BTS	O
_	O
ได้	O
_	O
40	O
_	O
กว่า	O
ล้าน	O
วิว	O
ใน	O
วัน	O
เดียว	O
และ	O
ยอด	O
คน	O
กด	O
ไลค์	NORM_1WORD
เกือบ	O
_	O
4	O
_	O
ล้าน	O
คน	O
ใน	O
วัน	O
เดียว	O
_	O
สุด	O
ยอดดดดดด	NORM_1WORD
!!!!	O
_	O
#FAKELOVE	O
_	O
#BTS	O
_	O
#ARMY	O
_	O
#	O
Tha	O
iARMY	O
_	O
#LoveYourselfTear	O
_	O
#TrendingNumber2in	O
Thailand	O

รัก	O
ฟร้อง	O
รัก	O
ฟร้อง	O
รัก	O
ฟร้อง	O
รัก	O
ฟร้อง	O
รัก	O
ฟร้อง	O
รัก	O
ฟร้อง	O
รัก	O
ฟร้อง	O
รัก	O
ฟร้อง	O
รัก	O
ฟร้อง	O
รัก	O
ฟร้อง	O
รัก	O
ฟร้อง	O
รัก	O
ฟร้อง	O
รัก	O
ฟร้อง	O
รัก	O
ฟร้อง	O
รัก	O
ฟร้อง	O
รัก	O
ฟร้อง	O
รัก	O
ฟร้อง	O
รัก	O
ฟร้อง	O
รัก	O
ฟร้อง	O
รัก	O
ฟร้อง	O
รัก	O
ฟร้อง	O
รัก	O
ฟร้อง	O
รัก	O
ฟร้อง	O
รัก	O
ฟร้อง	O
รัก	O
ฟร้อง	O
รัก	O
ฟร้อง	O
รัก	O
ฟร้อง	O
รัก	O
ฟร้อง	O
รัก	O
ฟร้อง	O
รัก	O
ฟร้อง	O
รัก	O
ฟร้อง	O
รัก	O
ฟร้อง	O
รัก	O
ฟร้อง	O
รัก	O
ฟร้อง	O
รัก	O
ฟร้อง	O

66	O
.	O
#รางวัล	O
พานแว่นฟ้า	O
_	O
หมวด	O
_	O
วรรณกรรมการเมือง	O
_	O
รีวิว	O
_	O
เล่ม	O
นี้	O
ปี	O
2554	O
_	O
แต่	O
คน	O
เขียน	O
เขียน	O
ดี	O
มาก	O
_	O
ชอบ	O
เรื่อง	O
_	O
ทานตะวันดอกหนึ่ง	O
_	O
สะท้อน	O
ความคิด	O
ความเชื่อ	O
ของ	O
คน	O
บาง	O
ส่วน	O
ใน	O
สังคม	O
ได้	O
ดี	O
_	O
เช่น	O
_	O
ชาวบ้าน	O
ใน	O
เรื่อง	O
ไม่	O
เคย	O
เห็น	O
ดอก	O
ทานตะวัน	O
มาก่อน	O
_	O
แต่	O
มี	O
ชาย	O
คน	O
หนึ่ง	O
เอา	O
มา	O
ปลูก	O
ใน	O
บ้าน	O
_	O
ชาวบ้าน	O
ก็	O
คิด	O
ว่า	O
เป็น	O
สิ่งศักดิ์สิทธิ์	O
_	O
ขอ	O
หวย	O

เรา	O
เขียน	O
นิยาย	O
มา	O
ได้	O
สัก	O
3	O
ปี	O
_	O
แต่	O
ไม่	O
เคย	O
จบ	O
สัก	O
เรื่อง	O
_	O
555	O
_	O
บางที	O
ก็	O
ขยัน	O
เขียน	O
3	O
วัน	O
ติด	O
กัน	O
_	O
บาง	O
ก็	O
ขี้เกียจ	O
ลง	O
เดือน	O
ละ	O
ครั้ง	O
_	O
นานๆ	NORM_2WORD
ไป	O
บาง	O
เรื่อง	O
ปี	O
ละ	O
ครั้ง	O
ก็	O
มี	O
_	O
บางที	O
ก็	O
ท้อ	O
คิด	O
ว่า	O
นิยาย	O
ตัวเอง	O
ไม่	O
มี	O
คน	O
อ่าน	O
หรอก	O
_	O
แต่	O
ใคร	O
จะ	O
ไป	O
รู้	O
ทุกๆ	NORM_2WORD
ครั้ง	O
ที่	O
คิด	O
จะ	O
เลิก	O
เขียน	O
นิยาย	O
จะ	O
มี	O
คอมเมนท์	O
นักอ่าน	O
ที่	O
เป็น	O
กำลังใจ	O
ให้	O
เรา	O
เสมอ	O
_	O
ขอบคุณ	O
_	O
#ธัญวลัย	O

อย่า	O
เอา	O
ไป	O
เที่ยบ	NORM_1WORD
กับ	O
โซตัส	O
_	O
อัน	O
นั้น	O
มัน	O
แท็ก	O
สาธารณะ	O
ที่	O
ดัง	O
จน	O
เค้า	NORM_1WORD
แต่ง	O
กัน	O
เป็น	O
สิบๆ	O
ร้อยๆ	O
_	O
นี่	O
ก็	O
ยัง	O
แต่ง	O
_	O
ปัญหา	O
มัน	O
ไม่	O
ได้	O
อยู่	O
ที่	O
คำ	O
ว่า	O
โซตัส	O
_	O
มัน	O
คือ	O
พล็อต	O
ว่า	O
ใคร	O
ตีโจทย์	O
โซตัส	O
ต่าง	O
กัน	O
ยังไง	NORM_1WORD
_	O
พระเอก	O
เป็น	O
แวมไพร์	O
เหมือนกัน	O
_	O
เรื่อง	O
นึง	NORM_1WORD
อาจ	O
จะ	O
เจอ	O
นางเอก	O
เพราะ	O
ช่วย	O
ชีวิต	O
_	O
อีก	O
เรื่อง	O
อาจ	O
จะ	O
เจอ	O
เพราะ	O
เป็น	O
คู่หมั้น	O
_	O
แค่	O
นี้	O
ก็	O
ต่าง	O
ละ	NORM_1WORD

อยาก	O
แนะนำ	O
ลิป	O
ทิ้น	NORM_1WORD
ของ	O
thefaceshop	O
_	O
ตัว	O
นี้	O
มาก	O
คือ	O
ดี	O
สุดๆ	NORM_2WORD
สำหรับ	O
คน	O
ชอบ	O
ทิ้น	NORM_1WORD
_	O
เนื้อ	O
บางเบา	O
_	O
สี	O
สวย	O
มาก	O
ที่สำคัญ	O
คือ	O
มัน	O
มี	O
กลิ่น	O
โคล่า	O
ด้วย	O
เว้ยย	NORM_1WORD
_	O
เหมาะ	O
กับ	O
น้องๆ	NORM_2WORD
นักเรียน	O
เบาๆ	NORM_2WORD
เพราะ	O
ไม่	O
ค่อย	O
ติด	O
ทน	O
เท่าไหร่	NORM_1WORD
_	O
ถ้า	O
ลง	O
ก่อน	O
ลง	O
ลิป	O
น่าจะ	O
เวิร์ค	O
_	O
ทา	O
แก้ม	O
เบาๆ	NORM_2WORD
ก็	O
รอด	O
_	O
เนื้อ	O
น้อง	O
เหมือน	O
เจล	O
นะ	O
เรา	O
ว่า	O
ไป	O
ลอง	O
เถอะ	O
น่ารัก	O
_	O
#ไว้รีวิวห้ามขายของโว้ยย	O

ถึง	O
เรือ	O
จะ	O
พัง	O
แต่	O
ก็	O
รัก	O
ทั้ง	O
คู่	O
ตาม	O
รัก	O
ห่วง	O
หวง	O
มา	O
นาน	O
รู้	O
ว่า	O
ยัย	NORM_1WORD
เกี๊ยว	O
จะ	O
มี	O
ผช	NORM_1WORD
ที่	O
อบอุ่น	O
กว่า	O
แดด	O
ประเทศ	O
ไทย	O
มา	O
ดูแล	O
รู้	O
ว่า	O
พี่	O
หมี	O
ดำ	O
จะ	O
ได้	O
ผญ	NORM_1WORD
ที่	O
น่ารัก	O
น่าเอ็นดู	O
มา	O
อยู่	O
ข้างๆ	NORM_2WORD
มา	O
ทำให้	O
เค้า	NORM_1WORD
มี	O
ความสุข	O
ก็	O
ดี	O
กว่า	O
เค้า	NORM_1WORD
ไป	O
ได้	O
กับ	O
คน	O
อื่น	O
แล้ว	O
อิ	NORM_1WORD
นี่	O
ต้อง	O
ไป	O
ดู	O
ใหม่	O
ว่า	O
คน	O
ที่	O
กุ	NORM_1WORD
รัก	O
จะ	O
ได้	O
คน	O
ที่	O
ดี	O
มา	O
ให้	O
เค้า	NORM_1WORD
รัก	O
มั้ย	NORM_1WORD
_	O
#จนคที่แปลว่า	O
เจนนี่ไค	O

ที่	O
ไม่	O
เล่น	O
สักที	O
เพราะ	O
ไม่	O
รู้	O
จะ	O
รีวิว	O
อะไร	O
_	O
คบ	O
นาน	O
จน	O
ลืม	O
ไป	O
แล้ว	O
ว่า	O
ตอน	O
ก่อน	O
รู้จัก	O
เป็น	O
ไง	O
_	O
จำ	O
ได้	O
แค่	O
ว่า	O
เจอ	O
กัน	O
ครั้ง	O
แรก	O
หนู	O
ไม่	O
กล้า	O
มอง	O
หน้า	O
พี่	O
_	O
กิน	O
น้อย	O
_	O
ไม่	O
รู้	O
ว่า	O
เขิน	O
หรือ	O
ทำ	O
ตัว	O
ไม่	O
ถูก	O
_	O
สำหรับ	O
พี่	O
หนู	O
ก็	O
ยัง	O
เหมือนเดิม	O
ตั้งแต่	O
ที่	O
รู้จัก	O
_	O
ยัง	O
น่ารัก	O
ที่สุด	O
สำหรับ	O
พี่	O
เหมือนเดิม	O
_	O
เพิ่มเติม	O
คือ	O
กิน	O
เก่ง	O
กว่า	O
ครั้ง	O
แรก	O
ที่	O
เจอ	O
กัน	O

ขอบคุณ	O
ค่ะ	O
ที่	O
เข้าใจ	O
_	O
ยอมรับ	O
ว่า	O
ทวิต	NORM_1WORD
นั้น	O
เรา	O
เข้า	O
ไป	O
ดู	O
เพราะ	O
อยาก	O
รู้	O
ว่า	O
ทอย	O
ทำ	O
อะไร	O
_	O
จั่วหัว	O
ทวิต	NORM_1WORD
ได้	O
แบ่บ	NORM_1WORD
...	O
ปกติ	O
ที่	O
เรา	O
เคย	O
ไป	O
ดู	O
ทอย	O
น้อง	O
คือ	O
น่ารัก	O
มาก	O
_	O
พอ	O
ดู	O
จาก	O
หลายๆ	NORM_2WORD
คน	O
ที่	O
เข้า	O
มา	O
ตอบ	O
_	O
ภาพ	O
หลายๆ	NORM_2WORD
มุม	O
_	O
ถ้า	O
เรา	O
เป็น	O
ทอย	O
เรา	O
เอา	O
กีต้าร์	NORM_1WORD
ฟาด	O
ปาก	O
ไป	O
แล้ว	O
ค่ะ	O
_	O
ส่วน	O
แอค	NORM_1WORD
ต้นทาง	O
นั้น	O
คือ	O
_	O
คิด	O
ได้	O
แค่	O
นี้	O
ก็	O
_	O
น่า	O
จะ	O
โดน	O
กีต้าร์	NORM_1WORD
ฟาด	O
ปาก	O
เช่น	O
กัน	O
..	O

28	O
.	O
4	O
.	O
19	O
_	O
เธีย	NORM_1WORD
รอบ	O
บ่าย	O
_	O
#ตาคลีรุมบ้า	O
_	O
stage	O
_	O
#PunBNK48	O
_	O
ที่	O
ดี	O
_	O
ดี	O
มาก	O
_	O
ยูนิต	O
แยก	O
_	O
ขึ้น	O
_	O
classmate	O
_	O
คิด	O
ว่า	O
อด	O
ดู	O
ของ	O
แรร์	O
ละ	NORM_1WORD
_	O
แต่	O
ไม่	O
จ้า	NORM_1WORD
_	O
เกราะทอง	O
ก็	O
มา	O
_	O
คู่	O
มินมิน	O
และ	O
ออม	O
_	O
ชีวิต	O
พี่	O
คอมพลีต	O
ละ	NORM_1WORD
_	O
แถม	O
ปัญ	O
ยัง	O
เสียอาการ	O
ตอน	O
ซากุระอังกอร์	O
_	O
เพราะ	O
โดน	O
มิน	O
กะ	NORM_1WORD
ออม	O
กอด	O
รวบ	O
_	O
โอย	NORM_1WORD
_	O
พี่	O
เข้าใจ	O
หนู	O
นะ	O
_	O
#BNK48	O
_	O
ดู	O
เธีย	NORM_1WORD
มา	O
ห้า	O
รอบ	O
วันนี้	O
ดี	O
สุด	O
_	O
รัก	O
นะ	O

ตอน	O
นี้	O
รู้สึก	O
ประเทศ	O
เรา	O
ไร้	O
ความศักดิ์สิทธิ์	O
_	O
ทั้งปวง	O
_	O
ศาล	O
ก็	O
ไม่	O
มี	O
ความยุติธรรม	O
_	O
ทั้ง	O
กกต.	O
_	O
ที่	O
แม่ง	O
ไม่	O
ละอาย	O
ต่อ	O
หน้าที่	O
มัน	O
เอง	O
_	O
ตรวจสอบ	O
เห้	NORM_1WORD
ไร	NORM_1WORD
ก็	O
ไม่	O
ได้	O
_	O
ก็	O
พวก	O
มัน	O
เอง	O
ทั้งนั้น	O
_	O
ฟ้อง	O
ศาลโลก	O
ได้	O
มั้ย	NORM_1WORD
ให้	O
เค้า	NORM_1WORD
มา	O
ช่วย	O
เรา	O
ที	O
_	O
ประเทศ	O
ไทย	O
กำลัง	O
แย่	O
_	O
#เลือกตั้งประเทศไทย2562	O
_	O
#เลือกตั้ง2562	O
_	O
#เลือกตั้ง2562ล่วงหน้า	O
_	O
#เลือกตั้ง	O

อ่อ	O
อีก	O
อัน	O
ที่	O
ดู	O
ไป	O
ยิ้ม	O
ไป	O
ที่	O
_	O
นน	O
_	O
เปิด	O
ของขวัญ	O
วัน	O
เกิด	O
อะ	O
_	O
ชอบ	O
มาก	O
_	O
นิยาม	O
ของ	O
คำ	O
ว่า	O
_	O
ไอดอล	O
เป็น	O
ยังไง	O
_	O
แฟนคลับ	O
ก็	O
เป็น	O
อย่าง	O
นั้น	O
ของ	O
จริง	O
_	O
โมเม้น	NORM_1WORD
กล่อง	O
_	O
Music	O
_	O
box	O
_	O
ของ	O
_	O
มลล	O
_	O
คือ	O
ฮา	O
ไป	O
ซึ้ง	O
ไป	O
_	O
ใคร	O
ไม่	O
เคย	O
ดู	O
ไป	O
หา	O
คลิป	O
_	O
ดู	O
น่ารัก	O
มาก	O
_	O
แล้ว	O
หมี	O
มัน	O
ก็	O
เปิด	O
ไป	O
แซว	O
ไป	O
ทุก	O
อัน	O
_	O
5555	O
_	O
//	O
แปบๆ	NORM_1WORD
จะ	O
วัน	O
เกิด	O
อีก	O
รอบ	O
แล้ว	O
แห่ะ	O
_	O
#NamneungBNK48	O
_	O
#BNK48	O

V7online	O
_	O
แตก	O
ทุก	O
วัน	O
แอพพลิเคชั่น	NORM_1WORD
พุซซี่	O
888	O
_	O
มี	O
ทั้ง	O
แจ็คพอต	O
_	O
บิ๊กวิน	O
_	O
อั่งเปา	O
_	O
โบนัส	O
แจก	O
กัน	O
รัวๆ	NORM_2WORD
รีวิว	O
เพียบ	O
_	O
ต้อง	O
มา	O
ลอง	O
ลุ้น	O
กัน	O
_	O
ไม่	O
ต้อง	O
ทำ	O
อะไร	O
เหนื่อย	O
มากมาย	O
_	O
แค่	O
กด	O
ง่ายๆ	NORM_2WORD
ก็	O
ได้	O
เงิน	O
ใช้	O
ง่ายดาย	O
สมัคร	O
ฟรี	O
_	O
ลุ้น	O
รวย	O
กัน	O
ได้	O
ง่ายๆ	NORM_2WORD
_	O
สมัคร	O
พุซซี่	O
888	O
_	O
LINE	O
_	O
IDV7online	O
_	O
#918kiss	O
_	O
#918kiss	O
ไทย	O
_	O
#918kissสล็อต	O
_	O
#918kissมือถือ	O

แต่	O
เรา	O
สนุก	O
_	O
นี่	O
ว่า	O
ก็	O
ขำ	O
ดี	O
ดู	O
วน	O
รอบ	O
3	O
ละ	O
_	O
มัน	O
ดี	O
ที่	O
เห็น	O
ธรรมชาติ	O
เด็ก	O
นี่	O
ล่ะ	O
_	O
ขนาด	O
ไม่	O
ได้	O
เตรียม	O
อะไร	O
มาก	O
_	O
ด้น	O
สด	O
ก็	O
ยัง	O
ไป	O
รอด	O
นะ	O
_	O
โอ้ต	O
ว่าน	O
_	O
ตบ	O
มุข	O
น้อง	O
ลื่นไหล	O
ดี	O
_	O
แค่	O
น้อง	O
บาง	O
คน	O
มือใหม่	O
อาจ	O
รับ	O
ไม่	O
ทัน	O
บ้าง	O
_	O
แต่	O
ก็	O
ไม่	O
ถึง	O
กับ	O
แย่	O
_	O
ขนาด	O
เรา	O
เฉยๆ	O
ไม่	O
ชอบ	O
รุ่น	O
2	O
_	O
วันนี้	O
ยัง	O
ค่อยๆ	O
เปิดใจ	O
เลย	O
_	O
ว่า	O
ดู	O
ไป	O
ก็	O
น่าเอ็นดู	O
ดี	O
นะ	O
_	O
#VictoryBNK48	O
_	O
#bnk48	O

สุด	O
เก่ง	O
สุด	O
เท่	O
_	O
ชั้น	NORM_1WORD
ภูมิใจ	O
ใน	O
ตัว	O
แก	O
มาก	O
พลอย	O
!!	O
_	O
ความพยายาม	O
ไม่	O
เคย	O
ทำ	O
ร้าย	O
ใคร	O
แก	O
เห็น	O
มั้ย	NORM_1WORD
_	O
อย่า	O
ลืม	O
ขอบคุณ	O
ตัวเอง	O
ที่	O
ทำให้	O
มี	O
วันนี้	O
นะ	O
_	O
แล้ว	O
สิ่ง	O
ที่	O
อยาก	O
ให้	O
มี	O
ก็	O
คือ	O
ความตั้งใจ	O
_	O
วันนี้	O
ติด	O
แล้ว	O
ก็	O
อย่า	O
ลืม	O
ว่า	O
เรา	O
ตั้งใจ	O
ขนาด	O
ไหน	O
ให้	O
ได้	O
ที่	O
นี่	O
นี่	O
มัน	O
แค่	O
เริ่มต้น	O
เอง	O
เว้ยยย	NORM_1WORD
สู้ๆ	O
นะ	O
_	O
ต่อ	O
จาก	O
นี้	O
ก็	O
ขอให้	O
มี	O
ความสุข	O
ใน	O
ชีวิต	O
ม.	O
จ้า	NORM_1WORD
_	O
รัก	O

ดึก	O
แล้ว	O
พอ	O
รีวิว	O
นิยาย	O
ที่	O
เพิ่ง	O
อ่าน	O
ไป	O
หน่อย	O
_	O
จาก	O
ตอน	O
เล่ม1	O
_	O
ก็	O
จะ	O
รู้	O
อยู่แล้ว	O
ว่า	O
พระเอก	O
อ่ะ	NORM_1WORD
ค่อนข้าง	O
บิดเบี้ยว	O
_	O
แต่	O
ตอน	O
นั้น	O
เรา	O
ยัง	O
ไม่	O
อคย	NORM_1WORD
เจอ	O
เหตุการณ์	O
ไง	O
ก็	O
เลย	O
ได้	O
แต่	O
รู้	O
_	O
พอ	O
เล่ม	O
2	O
ฉาก	O
ที่	O
บุก	O
ไป	O
สู้	O
พระเอก	O
ใน	O
ห้องนอน	O
คือ	O
ทำ	O
ชั้น	NORM_1WORD
พูด	O
ไม่	O
ออก	O
อ่ะ	NORM_1WORD
_	O
แบบ	O
พระเอก	O
นั่ง	O
บน	O
เตียง	O
ละ	NORM_1WORD
ก็	O
กอด	O
ศพ	O
นายเอก	O
ไว้	O
อ่ะ	NORM_1WORD
_	O
มา	O
ตลอด	O
5	O
ปี	O
อ่ะ	NORM_1WORD
_	O
กุ	NORM_1WORD
บั่บ	NORM_1WORD
_	O
พุด	NORM_1WORD
ไม่	O
ออก	O
...	O

ดู	O
ดวง	O
กับ	O
_	O
NutchyS	O
_	O
มา	O
_	O
คือ	O
แบบ	O
_	O
ตรง	O
มาก	O
_	O
เหมือน	O
มา	O
นั่ง	O
อ่าน	O
ใจ	O
_	O
แล้ว	O
พี่	O
นัช	O
ตอบ	O
แต่ละ	O
คำถาม	O
ยาว	O
มากกก	NORM_1WORD
_	O
คุ้ม	O
ค่าดู	O
สุด	O
_	O
นอกจาก	O
จะ	O
ดู	O
ดวง	O
แล้ว	O
ยัง	O
แนะนำ	O
วิธี	O
รับมือ	O
ปัญหา	O
_	O
ตักเตือน	O
เรื่อง	O
สุขภาพ	O
อีก	O
ต่างหาก	O
_	O
เอาเป็นว่า	O
ประทับใจ	O
และ	O
โคตร	O
คุ้ม	O
ราคา	O
555555	O
_	O
ใคร	O
อยาก	O
ดู	O
ก็	O
ทัก	O
ไป	O
ได้	O
เลย	O
นะ	O
คะ	O
_	O
จอง	O
คิว	O
เลยยย	NORM_1WORD
_	O
มา	O
รีวิว	O
ให้	O
เพราะ	O
ประทับใจ	O
จริงๆ	O

ขอ	O
รีวิว	O
_	O
mr.sunshine	O
_	O
หน่อย	O
เหอะ	O
_	O
อัดอั้น	O
มาก	O
แม่	O
_	O
เป็น	O
ซีรีย์	NORM_1WORD
ที่	O
โคตร	O
ภาพ	O
สวยย	NORM_1WORD
_	O
สวย	O
มากๆๆๆๆ	NORM_2WORD
_	O
ประทับใจ	O
เรื่อง	O
การลำดับ	O
ภาพ	O
_	O
จัด	O
องค์ประกอบ	O
ภาพ	O
มาก	O
สุด	O
ไร	O
สุด	O
_	O
เป็น	O
ซีรีย์	NORM_1WORD
เกาหลี	O
เรื่อง	O
แรก	O
ที่	O
รู้สึก	O
คุ้ม	O
กับ	O
การดู	O
มากๆ	NORM_2WORD
_	O
แล้ว	O
ประทับใจ	O
อีก	O
อย่าง	O
คือ	O
เนื้อเรื่อง	O
ดี	O
มากก	NORM_1WORD
แม่	O
!	O
_	O
เป็น	O
ยุค	O
ที่	O
เกาหลี	O
กำลัง	O
ตกต่ำ	O
ญี่ปุ่น	O
_	O
เมกา	O
ต่าง	O
เข้า	O
มา	O

ใช่	O
ค่ะ	O
หมดแรง	O
แต่	O
รัก	O
ก็	O
ยัง	O
มี	O
ใย	NORM_1WORD
อยู่	O
ขอ	O
ดู	O
อยู่	O
ห่างๆ	O
จาก	O
ที่เดิมๆ	O
ที่	O
เคย	O
เดิน	O
เข้า	O
มา	O
ชื่นชม	O
ผลงาน	O
แล้ว	O
กัน	O
อย่าง	O
นักแสดง	O
ทั่วๆไป	O
เช่นเดิม	O
อาจ	O
มี	O
บ้าง	O
ตาม	O
ความรู้สึก	O
ห่วงของใย	NORM_1WORD
ที่	O
เคย	O
มี	O
ไม่	O
ฟูมฟาย	O
กล่าวโทษ	O
ใคร	O
หรอก	O
เรา	O
มอง	O
ความรู้สึก	O
+	O
ผิด	O
เอง	O
แต่	O
ก็	O
ยินดี	O
กับ	O
เค้า	NORM_1WORD
นะ	O
ค่ะ	NORM_1WORD
ปล่อยวาง	O
ความรู้สึก	O
ส่วนตัว	O
เรื่อง	O
เค้า	NORM_1WORD
แล้ว	O
มอง	O
ตรง	O
การแสดง	O
ค่ะ	O

เคย	O
อ่าน	O
นิยาย	O
ตาม	O
อารมณ์	O
ป่ะ	O
_	O
แบบ	O
วันนี้	O
ต้อง	O
อ่าน	O
แนว	O
นี้	O
จริงๆ	NORM_2WORD
_	O
แนว	O
อื่น	O
ไม่	O
ได้	O
ฟิล	O
อ่ะ	O
_	O
สมมติ	O
อารมณ์	O
วัน	O
นั้น	O
อึมครึม	O
ก็	O
อยาก	O
อ่าน	O
นิยาย	O
แนว	O
ลึกลับๆ	O
หน่อย	O
_	O
วัน	O
ต่อ	O
มา	O
อยาก	O
อ่าน	O
แต่	O
แนว	O
พีเรียด	O
จีน	O
จะ	O
ให้	O
อ่าน	O
แนว	O
รัก	O
ใน	O
วัย	O
เรียน	O
อารมณ์	O
ก็	O
ไม่	O
ได้	O
_	O
คือ	O
จะ	O
นั่ง	O
ไถ	O
หา	O
จน	O
กว่า	O
จะ	O
เจอ	O
แนว	O
ที่	O
ใช่	O
_	O
พอ	O
วัน	O
ต่อ	O
มา	O
ก็	O
อีก	O
อารมณ์	O
นึง	NORM_1WORD
(	O
ทำไม	O
วก	O
ไป	O
วน	O
มา	O
555)	O

ย้อน	O
กับ	NORM_1WORD
ที่	O
ตั้งใจ	O
หวีด	O
ที่	O
ผ่านๆ	NORM_2WORD
มา	O
มาก	O
_	O
55555	O
_	O
แต่	O
เรา	O
ชอบ	O
ที่	O
คุณ	O
ใหญ่	O
ดู	O
โหด	O
กับ	O
คุณ	O
โอบาไดซ์	O
และ	O
ก็	O
เข้มงวด	O
กับ	O
ทุก	O
คน	O
มากๆ	NORM_2WORD
ตอน	O
มา	O
เจอ	O
คุณ	O
โรส	O
อยู่	O
ใน	O
ห้อง	O
_	O
พออยู่	O
กับ	O
คุม	NORM_1WORD
โรส	O
ก็	O
นุ่ม	O
เกิน	O
_	O
จัย	NORM_1WORD
รับ	O
มั่ย	NORM_1WORD
หวัย	NORM_1WORD
/นอน	O
ล้อง	NORM_1WORD
_	O
เป็น	O
ส่วน	O
ที่	O
ชอบ	O
มากๆ	NORM_2WORD
เลย	O
ค่ะ	O
_	O
หวั่นไหว	O
ไป	O
หมด	O
_	O
คุณ	O
ใหญ่	O
คน	O
โหด	O
คือ	O
อะไร	O
มั่ย	NORM_1WORD
มี	O
_	O
ยิ่ง	O
ตอน	O
คุณ	O
ใหญ่	O
บอก	O
ให้	O
ที่	O
เหลือ	O
หัน	O
หลัง	O
_	O
(4)	O

แม่	O
ใช้	O
ไป	O
ซื้อ	O
ของ	O
_	O
ด้วย	O
ความเร็ว	O
แสง	O
_	O
ก็	O
รีบ	O
ใส่	O
รองเท้า	O
ออก	O
ไป	O
ซื้อ	O
ของ	O
ที่	O
ตลาด	O
_	O
ป้า	O
ที่	O
ตลาด	O
ทัก	O
ว่า	O
_	O
เทรน	NORM_1WORD
ใหม่	O
หรอ	NORM_1WORD
ลูก	O
_	O
หัน	O
ไป	O
ตอบ	O
_	O
คะ	O
_	O
?	O
_	O
ป้า	O
บอก	O
_	O
รองเท้า	O
หนู	O
อะ	O
_	O
หัน	O
มา	O
มอง	O
_	O
เอ๋า	NORM_1WORD
ตาย	O
แล้ว	O
_	O
รองเท้า	O
คนละ	O
สี	O
_	O
ข้าง	O
นึก	NORM_1WORD
แดง	O
ข้าง	O
นึง	NORM_1WORD
เขียว	O
เรือง	O
แสง	O
_	O
555555555555	O
_	O
ได้	O
แต่	O
หัน	O
กลับ	O
ไป	O
ตอบ	O
ป้า	O
_	O
อ่อ	NORM_1WORD
แฟชั่น	O
กำลัง	O
มา	O
เลย	O
ค่ะ	O
_	O
#เรื่องมันช่างน่าอาย	O

ภาพ	O
เซ็ต	O
แรก	O
จาก	O
_	O
#	O
LittleWoman	O
_	O
หรือ	O
_	O
สี่ดรุณี	O
_	O
ฉบับ	O
_	O
2019	O
_	O
โดย	O
ผู้กำกับ	O
_	O
เกรต้า	O
เกอร์วิก	O
_	O
แห่ง	O
_	O
Lady	O
Bird	O
_	O
เอ็มม่า	O
วัตสัน	O
,	O
_	O
เซอเชอร์	O
โรแนน	O
_	O
เอลิซา	O
สแกนเลน	O
_	O
และ	O
ฟลอเรนซ์	O
พุช	O
_	O
รับบท	O
เป็น	O
สี่	O
ศรี	O
พี่	O
น้อง	O
ตระกูล	O
มาร์ช	O
_	O
เรื่อง	O
นี้	O
เรา	O
เคย	O
อ่าน	O
นิยาย	O
_	O
ดู	O
การ์ตูน	O
ซีรีส์	O
_	O
ดู	O
หนัง	O
ฉบับ	O
_	O
1994	O
_	O
รัก	O
มาก	O
_	O
อยาก	O
ดู	O
มาก	O
ค่ะ	O
แม่	O
_	O
#movietwit	O

ชอบ	O
รีวิว	O
ลิป	O
โทน	O
แดง	O
อิฐ	O
_	O
แดง	O
น้ำตาล	O
ค่ะ	O
_	O
แล้ว	O
ก็	O
วิธี	O
บำรุง	O
ปาก	O
_	O
เพราะ	O
หนู	O
ชอบ	O
ทา	O
ปาก	O
_	O
ชอบ	O
ลิปสติก	O
มากกก	NORM_1WORD
_	O
ซื้อ	O
ลิป	O
จน	O
แม่	O
บอก	O
ว่า	O
มี	O
ปาก	O
เดียว	O
นะ	O
_	O
5555	O
_	O
รู้สึก	O
ว่า	O
ใน	O
เมื่อ	O
ชอบ	O
ทา	O
ปาก	O
_	O
ก็	O
ต้อง	O
ดูแล	O
ปาก	O
ให้	O
ดีๆ	NORM_2WORD
_	O
มี	O
วิธี	O
ที่	O
พี่	O
ไม้	O
นำ	O
มา	O
บอก	O
ต่อ	O
แล้ว	O
ทา	O
ลิป	O
ได้	O
โอเค	O
ขึ้น	O
_	O
ปาก	O
เนียน	O
ขึ้น	O
เยอะ	O
_	O
เมื่อ	O
ก่อน	O
ทา	O
แล้ว	O
เป็น	O
คาบ	NORM_1WORD
ขาวๆ	NORM_2WORD
ค่ะ	O
_	O
ตอน	O
นี้	O
ไม่	O
เป็น	O
แล้ว	O
ค่ะ	O

ยุนโฮ	O
หล่อ	O
ขึ้นหิ้ง	O
อยู่	O
แล้ว	O
_	O
แต่	O
น้อง	O
มิน	O
คือ	O
หล่อ	O
ขึ้นๆ	O
ทุก	O
ครั้ง	O
ที่	O
เจอ	O
กัน	O
_	O
แล้ว	O
วันนี้	O
ก็	O
น่ารัก	O
มาก	O
_	O
ครั้ง	O
นี้	O
น่าจะ	O
พูด	O
ไทย	O
เยอะ	O
สุด	O
ตั้งแต่	O
มี	O
คอน	NORM_1WORD
ใน	O
ไทย	O
มา	O
_	O
และ	O
ผิด	O
คาด	O
ที่	O
คน	O
ที่	O
กางเกง	O
ขาด	O
เป็น	O
น้อง	O
มิน	O
เพราะ	O
ถ้า	O
เป็น	O
ยุนโฮ	O
ก็	O
เรื่อง	O
ปกติ	O
ไง	O
_	O
แต่	O
คอน	NORM_1WORD
นี้	O
น้อง	O
มิน	O
ไง	O
น้อง	O
เต้น	O
ไป	O
เขิน	O
ไป	O
เกือบ	O
ทั้ง	O
เพลง	O
_	O
เอ็นดู	O
_	O
#	O
TVXQ	O
CIRCLEWITHinBKK	O

น้อง	O
คน	O
สวย	O
ของ	O
ชั้น	NORM_1WORD
ก็	O
แบบ	O
ว่า	O
สวย	O
ด้วย	O
ตลก	O
ด้วย	O
อ่ะ	NORM_1WORD
ค่ะ	O
_	O
ถึง	O
ลุค	O
จะ	O
แพง	O
แต่	O
กินง่ายอยู่ง่าย	O
นะ	O
คะ	O
_	O
นอน	O
ก็	O
ง่าย	O
ไม่	O
เชื่อ	O
ลอง	O
ดู	O
ได้	O
เลย	O
_	O
น่าร๊ากกก	NORM_1WORD
_	O
ทำ	O
ไร	NORM_1WORD
ก็	O
ดี	O
ไป	O
หมด	O
ทุก	O
อย่าง	O
_	O
ส่วน	O
ชั้ล	NORM_1WORD
ก็	O
_	O
นอง	NORM_1WORD
ก่อง	NORM_1WORD
นะ	O
..	O
_	O
ฟิตติ้ง	O
ชุด	O
ก็	O
แล้ว	O
_	O
mask	O
หน้า	O
ก็	O
แล้ว	O
_	O
จะ	O
ได้	O
หน้า	O
ฉ่ำๆ	NORM_2WORD
สวยๆ	NORM_2WORD
ไป	O
theatre	O
อะ	NORM_1WORD
เนอะ	O
_	O
อิอิ	O
_	O
ใคร	O
นก	O
ก็	O
สวดมนต์	O
เยอะๆ	NORM_2WORD
นะ	O
คะ	O
_	O
ลอง	O
ดู	O
_	O
#KaewBNK48	O
_	O
#BNK48	O

ฝาก	O
ถึง	O
_	O
#dek63	O
_	O
ที่	O
จะ	O
สอบ	O
_	O
วิชา	O
ของ	O
_	O
#สายศิลป์	O
_	O
นะ	O
_	O
ใน	O
ที่	O
นี้	O
ขอ	O
ยก	O
_	O
#9วิชาสามัญ	O
_	O
นะ	O
_	O
-	O
ภาษา	O
ไทย	O
_	O
เอา	O
จริง	O
ไม่	O
ยาก	O
_	O
ง่าย	O
สุด	O
ใน	O
ทั้งหมด	O
_	O
เก็บ	O
พวก	O
ขอ	NORM_1WORD
ที่	O
หา	O
ใจความ	O
หลัก	O
_	O
การแสดง	O
ทรรศนะ	O
_	O
พรรณนา	O
_	O
บรรยาย	O
_	O
อธิบาย	O
_	O
แยก	O
ให้	O
ออก	O
_	O
พวก	O
คำ	O
ไหน	O
สะกด	O
ผิด	O
เป็น	O
เรื่อง	O
บุญ	O
ล้วนๆ	NORM_2WORD
_	O
รู้	O
ไว้	O
ก็ดี	O
แต่	O
ถ้า	O
ไม่	O
รู้	O
ไป	O
เก็บ	O
ข้อ	O
ที่	O
อ่าน	O
วิเคราะห์	O
เอา	O
_	O
เก็บ	O
80	O
+	O
ไม่	O
ยาก	O

น้อง	O
ฮุน	O
ติด	O
พี่ๆ	O
มาก	O
_	O
ตอน	O
อีพี	O
แรกๆ	NORM_2WORD
ที่	O
พิ	NORM_1WORD
ชาน	O
โทร	NORM_1WORD
หา	O
ถาม	O
ว่า	O
เหงา	O
มั้ย	NORM_1WORD
?	O
_	O
น้อง	O
บอก	O
ไม่	O
เห็น	O
เหงา	O
เลย	O
_	O
ผม	O
ชอบ	O
แบบ	O
นี้	O
(	O
แบบ	O
อยู่	O
คน	O
เดียว	O
)	O
_	O
แต่	O
พอ	O
อีพี	O
ที่	O
แล้ว	O
ที่	O
มา	O
ถึง	O
พิ	NORM_1WORD
ชาน	O
ก็	O
ถาม	O
อีก	O
ว่า	O
เหงา	O
มั้ย	NORM_1WORD
?	O
_	O
น้อง	O
รีบ	O
ตอบ	O
เหงา	O
ซิ	NORM_1WORD
_	O
แล้ว	O
เนี้ย	NORM_1WORD
ให้	O
นอน	O
คน	O
เดียว	O
อีก	O
น้อง	O
ก็	O
งอแง	O
ไม่	O
อยาก	O
นอน	O
คน	O
เดียว	O
เรียก	O
คน	O
นั้น	O
คน	O
นี้	O
_	O
ขึ้น	O
ไป	O
หา	O
พี่ๆ	O
อีก	O
_	O
ขี้เหงา	O
ตัว	O
จริง	O
เลย	O

บาง	O
ที	O
คุณ	O
อาจ	O
เรียน	O
ภาษา	O
ไทย	O
มา	O
ไม่	O
แตกฉาน	O
พอ	O
ที่	O
จะ	O
ทราบ	O
ว่า	O
ที่	O
พิมพ์	O
นั้น	O
เป็น	O
ส่วน	O
ใน	O
เชิง	O
ความเห็น	O
รูปลักษณ์	O
ภาย	O
นอก	O
_	O
ซึ่ง	O
คน	O
ที่	O
มี	O
การศึกษา	O
สูง	O
ส่วน	O
ใหญ่	O
จะ	O
ก้าว	O
ผ่าน	O
ประเด็น	O
นี้	O
ไป	O
ได้	O
_	O
และ	O
มอง	O
ที่	O
ความสามารถ	O
ค่ะ	O
_	O
ส่วน	O
เรื่อง	O
ไม่	O
ขอโทษ	O
_	O
ดิฉัน	O
เข้าใจ	O
ได้	O
ค่ะ	O
_	O
เพราะ	O
ไม่	O
ใช่	O
ทุก	O
คน	O
ที่	O
จะ	O
คิด	O
ได้	O
ว่า	O
สิ่ง	O
ที่	O
ตัวเอง	O
ทำ	O
นั้น	O
มัน	O
ดี	O
หรือ	O
ไม่	O
ดี	O

เป็น	O
แค่	O
คน	O
ธรรมดา	O
คน	O
หนึ่ง	O
ที่	O
มี	O
ความสุข	O
ที่สุด	O
ดี	O
กว่า	O
_	O
ใช้	O
ชีวิต	O
ใน	O
ครั้ง	O
นี้	O
อย่าง	O
มี	O
ความสุข	O
ให้	O
มัน	O
คุ้ม	O
ที่สุด	O
_	O
ไป	O
พร้อมๆ	NORM_2WORD
กับ	O
คน	O
ครอบครัว	O
ของ	O
เรา	O
ที่	O
เรา	O
รัก	O
ที่สุด	O
_	O
ที่สำคัญ	O
คน	O
ที่	O
ทำให้	O
เรา	O
มี	O
ความสุข	O
และ	O
คิด	O
ได้	O
ขนาด	O
นี้	O
ก็	O
คือ	O
ครอบครัว	O
ของ	O
เรา	O
เอง	O
_	O
ทุก	O
คน	O
ให้	O
กำลังใจ	O
เรา	O
มา	O
เสมอ	O
_	O
แต่	O
เมื่อก่อน	O
เรา	O
เลือก	O
ที่	O
จะ	O
แคร์	O
คำพูด	O
ของ	O
คน	O
อื่น	O
เสมอ	O

รีวิว	O
ชีวิต	O
2018	O
_	O
ภาพรวม	O
ดี	O
_	O
คนภายนอก	O
มอง	O
ว่า	O
ดี	O
_	O
แต่	O
เป็น	O
ปี	O
ที่	O
อึดอัดใจ	O
_	O
-	O
งาน	O
_	O
อยาก	O
ได้	O
งาน	O
ใหม่	O
_	O
แต่	O
ก็	O
ยัง	O
ไม่	O
ได้	O
_	O
ได้	O
สัมพาษณ์	NORM_1WORD
น้อย	O
มาก	O
เมื่อ	O
เทียบ	O
กับ	O
จำนวน	O
ที่	O
ส่ง	O
ไป	O
_	O
งาน	O
ที่	O
ทำ	O
อยู่	O
_	O
ถ้า	O
มอง	O
จาก	O
ภาย	O
นอก	O
ก็	O
เป็น	O
งาน	O
ที่	O
หลายๆ	NORM_2WORD
คน	O
อยาก	O
ได้	O
นะ	O
_	O
มี	O
แซะ	O
เขต	O
เรา	O
อยู่	O
เป็น	O
ระยะๆ	O
_	O
แสดง	O
ว่า	O
มัน	O
ต้อง	O
ดี	O
สิ	O
_	O
ลูกค้า	O
ก็	O
ดี	O
_	O
งอแง	O
ตาม	O
สภาพ	O
_	O
แต่	O
รับมือ	O
ได้	O

เรา	O
เป็น	O
โอตะ	O
ค่ะ	O
_	O
BNK48	O
_	O
ก่อนอื่น	O
คือ	O
ก่อน	O
ที่	O
จะ	O
มา	O
เป็น	O
เพราะ	O
ด้วย	O
ความไม่ชอบ	O
เลย	O
ค่ะ	O
_	O
ตอน	O
นั้น	O
คุกกี้	O
_	O
ก็	O
ฟัง	O
_	O
มอง	O
ไร้	O
สาระ	O
ด้วยซ้ำ	O
_	O
น่ารัก	O
ตรง	O
ไหน	O
วะ	O
_	O
ปัญญา	O
อ่อน	O
_	O
แต่	O
ก็	O
ฟัง	O
_	O
จน	O
ได้	O
มา	O
เห็น	O
คลิป	O
นึง	NORM_1WORD
ของ	O
เจ้า	O
โม	O
_	O
อืม	O
_	O
โคตร	O
น่ารัก	O
เลย	O
_	O
น่ารัก	O
มาก	O
_	O
น่ารัก	O
จน	O
ใจ	O
เรา	O
ไม่	O
อยู่	O
กับ	O
ตัว	O
_	O
จึง	O
เป็น	O
โอตะ	O
ค่ะ	O
_	O
เริ่ม	O
มา	O
จริงจัง	O
ตอน	O
โชนิจิ	O
_	O
คามิ	O
เนย	O
ค่ะ	O

โชคดี	O
ที่	O
ยาย	O
กับ	O
ตา	O
เลี้ยง	O
มา	O
อย่าง	O
ดี	O
_	O
ส่วนตัว	O
คิด	O
ว่า	O
ดี	O
มากๆ	NORM_2WORD
_	O
เท่า	O
ที่	O
เขา	O
สอง	O
คน	O
จะ	O
ทำ	O
ได้	O
_	O
ใน	O
สมัย	O
นั้น	O
คือ	O
ไม่	O
ได้	O
แย่	O
_	O
แต่	O
ช่วง	O
ประถม	O
_	O
เป็น	O
ช่วง	O
ที่	O
นี่	O
อาย	O
มาก	O
_	O
ที่	O
มี	O
แม่	O
เป็น	O
แบบ	O
นี้	O
_	O
เพื่อน	O
ถาม	O
ว่า	O
พ่อ	O
นี่	O
ชื่อ	O
อะไร	O
_	O
อิ	O
นี่	O
_	O
เคย	O
บอก	O
ชื่อ	O
ใคร	O
ไม่	O
รู้	O
ไป	O
มั่วๆ	O
ด้วย	O
_	O
(	O
จำ	O
ได้	O
ว่า	O
_	O
บอก	O
ว่า	O
ชื่อ	O
กล้วย	O
)	O
_	O
ที่	O
ช็อก	O
คือ	O
ตอน	O
ป.	NORM_1WORD
6	O
_	O
ครู	O
ให้	O
เอา	O
ใบเกิด	O
มา	O
ดู	O

รีวิว	O
สิ่ง	O
แรก	O
ที่	O
ทำ	O
ใน	O
ปี	O
_	O
2019	O
_	O
คือ	O
โทร	O
แจ้ง	O
ตำรวจ	O
เรื่อง	O
เพื่อนบ้าน	O
เสียง	O
ดัง	O
ค่า	O
คือ	O
นาง	O
ดัง	O
มา	O
ตั้งแต่	O
หัวค่ำ	O
แระ	NORM_1WORD
แต่	O
ยิ่ง	O
ดึก	O
ยิ่ง	O
ดัง	O
ไง	O
ตีสอง	O
คือ	O
พีค	O
มาก	O
หน้าต่าง	O
บ้าน	O
สั่น	O
เลย	O
ค่ะ	O
แต่	O
คุณตำรวจ	O
คือ	O
ดี	O
มาก	O
มา	O
ดูแล	O
ให้	O
ประมาน	NORM_1WORD
ยี่สิบ	O
นาที	O
หลัง	O
แจ้ง	O
เลย	O
ประทับใจ	O
เอาจริงๆ	NORM_2WORD
สังสรรค์	O
เรา	O
ไม่	O
ว่า	O
นะ	O
แต่	O
ช่วย	O
ไป	O
ทำ	O
ใน	O
บ้าน	O
ไม่	O
ใช่	O
ที่	O
ถนน	O
หน้า	O
บ้าน	O

555	O
_	O
โดน	O
ชุน	O
ป้าย	O
ไป	O
แล้ว	O
ใช่	O
มั้ย	NORM_1WORD
คะ	O
_	O
พี่	O
จะ	O
ได้	O
ไม่	O
ป้าย	O
ซ้ำ	O
_	O
ฉันอยู่นี่ศัตรูที่รัก	O
ดี	O
มาก	O
_	O
เป็น	O
เรื่องสั้น	O
ที่	O
ใคร	O
อยาก	O
เขียน	O
เรื่องสั้น	O
ควร	O
หา	O
มา	O
อ่าน	O
_	O
รู้จัก	O
เพลง	O
_	O
Home	O
Sweet	O
Home	O
_	O
เพราะ	O
เล่ม	O
นี้	O
เลย	O
_	O
ล่องไพร	O
ก็	O
สนุก	O
_	O
ใน	O
ลิสต์	O
มี	O
เล่ม	O
เดียว	O
_	O
แต่	O
ต้อง	O
ไป	O
ตามหา	O
อ่าน	O
ทั้ง	O
ชุด	O
_	O
ดีงามสยามประเทศ	O
มาก	O
_	O
/	O
ตอนนี้	O
หนังสือ	O
นอกเวลา	O
น่าเบื่อ	O
มาก	O

เคย	O
ดิสกัส	NORM_1WORD
ใน	O
กลุ่ม	O
เพื่อน	O
ที่รัก	O
เมน	O
เดี่ยวกัน	NORM_1WORD
ทุก	O
คน	O
ฟันธง	O
ว่า	O
ถ้า	O
จงหยวน	O
สามารถ	O
ผลิต	O
ซีรีย์	NORM_1WORD
วาย	O
ได้	O
_	O
ประเทศ	O
ไทย	O
จะ	O
คือ	O
หมา	O
_	O
จออ	O
จะ	O
คือ	O
ช่อง	O
สาม	O
เวอชั่น	NORM_1WORD
ชาย	O
ชาย	O
อ่ะ	NORM_1WORD
ค่ะ	O
_	O
เหมือน	O
ละคร	O
ชาย	O
หญิง	O
ที่	O
ทำ	O
มา	O
กี่	O
ปี	O
ก็	O
อยู่	O
แค่	O
นั้น	O
_	O
แต่	O
รอ	O
ดู	O
ปี	O
_	O
2019	O
_	O
ทฤษฎีจีบเธอ	O
_	O
เขงเม้ง	O
_	O
ล้วน	O
กิน	O
ง่าย	O
ย่อย	O
ง่าย	O
_	O
งาน	O
ช่อง	O
สาม	O
ช่อง	O
เจ็ด	O
_	O
ก็	O
รอ	O
ดู	O
ว่า	O
มัน	O
จะ	O
พลิก	O
แค่	O
ไหน	O

แงงง	NORM_1WORD
_	O
ตัว	O
นี้	O
เห็น	O
คน	O
รีวิว	O
หนัก	O
มาก	O
_	O
อยาก	O
ได้	O
แต่	O
ไม่	O
มี	O
โอกาส	O
ได้	O
ซื้อ	O
มา	O
ใช้	O
เลย	O
_	O
เนี่ย	O
เป็น	O
คน	O
หน้า	O
โทรม	O
มากๆ	NORM_2WORD
ค่ะ	O
_	O
เพราะ	O
นอน	O
ดึก	O
ทุก	O
วัน	O
_	O
ทำงาน	O
จน	O
ถึง	O
ตี	O
1	O
-	O
2	O
_	O
ช่วง	O
ใกล้	O
สอบ	O
ด้วย	O
_	O
พอ	O
ไป	O
_	O
รร.	O
ก็	O
ทำ	O
กิจกรรม	O
มากมาย	O
เจอ	O
แดด	O
เจอ	O
มลภาวะ	O
ต่างๆ	NORM_2WORD
ทำให้	O
หน้า	O
เกิด	O
จุดด่างดำ	O
_	O
หมองคล้ำ	O
ไปอีก	O
_	O
อยาก	O
ได้	O
มา	O
ลอง	O
มากๆ	NORM_2WORD
_	O
ถ้า	O
ดี	O
นี่	O
ซื้อ	O
ใช้	O
ต่อ	O
แน่นอน	O
_	O
#ของดีบอกต่อ	O

ซื้อ	O
สินค้า	O
_	O
#unilever	O
_	O
ครบ	O
_	O
369	O
_	O
บ.	O
_	O
ที่	O
_	O
#watsons	O
_	O
ได้	O
กระเป๋า	O
_	O
(	O
มี	O
ดำ	O
กับ	O
เทา	O
)	O
_	O
แถม	O
_	O
โปร	NORM_1WORD
ถึง	O
_	O
27	O
_	O
มิ.ย.	O
_	O
61	O
_	O
(	O
จนกว่า	O
ของแถม	O
หมด	O
)	O
_	O
เรา	O
ซื้อ	O
_	O
body	O
_	O
gel	O
_	O
#Citra	O
_	O
99	O
_	O
บ.	O
_	O
รวม	O
กับ	O
อย่าง	O
_	O
ดู	O
รีวิว	O
อื่น	O
ได้	O
ใน	O
_	O
#sgsgwatsons	O
_	O
#sgsgcitra	O
_	O
#sgsgbeauty	O
_	O
ค่ะ	O
_	O
#ไว้รีวิวห้ามขายของ	O
โว้ยย	NORM_1WORD
_	O
#watsonsthailand	O
_	O
#รีวิว	O
วัตสัน	O
_	O
#ชี้เป้า	O
โปร	NORM_1WORD
ถูก	O

อาจ	O
ไม่	O
ใช่	O
คน	O
ที่	O
ดี	O
ที่สุด	O
_	O
แต่	O
เป็น	O
คน	O
ที่	O
หวังดี	O
กับ	O
เธอ	O
ที่สุด	O
_	O
เฝ้า	O
มอง	O
เธอ	O
อยู่	O
ไกลๆ	NORM_2WORD
_	O
แม้	O
ใจ	O
จะ	O
เงียบเหงา	O
_	O
เฝ้า	O
บอก	O
ตัวเอง	O
...	O
_	O
ต้อง	O
อด	O
และ	O
ทน	O
_	O
ไม่	O
ได้	O
คาดหวัง	O
ว่า	O
เรา	O
จะ	O
ได้	O
อยู่	O
ร่วมกัน	O
_	O
เพราะ	O
มี	O
หลายสิ่ง	O
กั้นขวาง	O
อยู่	O
คาใจ	O
_	O
บอก	O
ตัวเอง	O
ไม่เป็นไร	O
_	O
สักวัน	O
ความรัก	O
....	O
_	O
คง	O
เลือก	O
ทางเดิน	O
ของ	O
มัน	O
เอง	O
_	O
#ภาพถ่ายขาวดำ	O
_	O
ภาพถ่ายความรู้สึก	O

แค่	O
นี้	O
ก็	O
พอ	O
แล้ว	O
ละ	NORM_1WORD
.	O
_	O
Happy	O
_	O
มาก	O
_	O
นี้	NORM_1WORD
เป็น	O
การมีตติ้ง	NORM_1WORD
_	O
ครั้ง	O
แรก	O
_	O
และ	O
คน	O
แรก	O
ให้	O
แค่	O
คุณ	O
เขา	O
คน	O
เดียม	NORM_1WORD
.	O
_	O
รัก	O
หนัก	O
มาก	O
.	O
คุณ	O
เขา	O
อบอุ่น	O
สุดๆ	O
_	O
สายตา	O
_	O
ที่	O
ชัดเจน	O
เลย	O
อ่ะ	NORM_1WORD
.	O
_	O
เป็น	O
คน	O
อ่อนโยน	O
.	O
_	O
เซนซิทีฟ	NORM_1WORD
แบบ	O
เด็กๆ	NORM_2WORD
_	O
ที่	O
สังเกตุ	NORM_1WORD
ทุก	O
ชอต	NORM_1WORD
.	O
_	O
ชอบ	O
แลบ	O
ลิ้น	O
_	O
เลีย	O
ปาก	O
_	O
555	O
_	O
หมั่น	O
เคี้ยว	NORM_1WORD
_	O
อยาก	O
เอา	O
กรรไกร	O
ตัด	O
ลิ้น	O
_	O
555	O
รัก	O
ตลอด	O
กาล	O
_	O
#ติดกับดักวังวนคุณเขา	O

เป็น	O
ประสบการณ์	O
นะ	O
พี่	O
ซี	O
_	O
อย่า	O
เล่น	O
เกม	O
ให้	O
มาก	O
_	O
เอา	O
ใจ	O
ใส่	O
ให้	O
มาก	O
กว่า	O
นี้	O
_	O
เรา	O
ไม่	O
รู้	O
หรอก	O
ว่า	O
_	O
ความ	O
ดี	O
ที่	O
ชนะ	O
ใจ	O
เขา	O
ได้	O
_	O
มัน	O
ทำ	O
ให้	O
เขา	O
รัก	O
เรา	O
ด้วย	O
หรือ	O
เปล่า	O
_	O
ที่	O
ผ่าน	O
มา	O
น้อง	O
แสดง	O
ออก	O
มาก	O
ลาย	O
ๆ	O
_	O
อยู่	O
แล้ว	O
_	O
แม้	O
ไม่	O
มี	O
เพื่อน	O
พี่	O
_	O
สัก	O
วัน	O
น้อง	O
ก็	O
ไป	O
อยู่	O
ดี	O
_	O
เพราะ	O
น้อง	O
ไม่	O
ได้	O
รัก	O
พี่	O
_	O
เพียง	O
แต่	O
ที่	O
มัน	O
เจ็บ	O
_	O
เพราะ	O
น้อง	O
รัก	O
เพื่อน	O
พี่	O
แค่	O
นั้น	O
เอง	O

แง	O
_	O
นี่	O
ก็	O
เป็น	O
_	O
แต่	O
ไม่	O
รู้	O
สาเหตุ	O
ว่า	O
เพราะ	O
อะไร	O
_	O
แต่	O
แบบ	O
_	O
สมมติ	O
ว่า	O
พี่ๆ	O
น้องๆ	NORM_2WORD
ใน	O
ทวิต	O
ที่	O
ฟอล	NORM_1WORD
กัน	O
เนี่ย	NORM_1WORD
จู่ๆ	O
ออก	O
มา	O
ไลฟ์	O
แกะ	O
อัลบั้ม	O
_	O
vlog	O
ไป	O
เที่ยว	O
_	O
รีวิว	O
คสอ.	NORM_1WORD
_	O
หรือ	O
แม้กระทั่ง	O
ด่า	O
คน	O
_	O
เรา	O
ก็	O
คง	O
จะ	O
คลิก	O
ไป	O
ดู	O
นะ	O
เพลินๆ	O
ดี	O
_	O
แต่	O
คิด	O
ว่า	O
ถ้า	O
จู่ๆ	O
มา	O
ม็อกบัง	O
ให้	O
ดู	O
มัน	O
จะ	O
_	O
awkward	O
_	O
สำหรับ	O
เรา	O
มาก	O
_	O
คือ	O
_	O
uncomfortable	O
_	O
to	O
_	O
watch	O
_	O
อะ	O
_	O
ทำไม	O
นะ	O
555	O

ครับ	O
ก็	O
_	O
กราบ	O
สวัสดี	O
มิตรรัก	O
แฟนเพลง	O
ทุก	O
ท่าน	O
_	O
อ่ะแฮ่มๆ	NORM_2WORD
_	O
กระผม	O
นาย	O
แม้กพาย	O
ค่ายเพลง	O
เสียงอีสาน	O
_	O
เสตจ	NORM_1WORD
เนม	O
ลีแทยง	O
_	O
คือ	O
ผม	O
น่ะ	O
ไม่	O
ได้	O
พึ่ง	O
นิว	O
แอค	NORM_1WORD
แต่	O
อย่างใด	O
_	O
ผม	O
น่ะ	O
เหงา	O
มาก	O
_	O
เหงา	O
สุดๆ	NORM_2WORD
_	O
แล้ว	O
พึ่ง	O
มี	O
เวลา	O
มา	O
รีโนเวท	O
แอค	NORM_1WORD
_	O
วันนี้	O
เลย	O
จะ	O
มา	O
แลก	O
ฟอล	O
+	O
ตาม	O
ทัก	O
_	O
ค่ะ	O
เธอ	O
เตง	NORM_1WORD
_	O
แบบ	O
ว่า	O
อยาก	O
จะ	O
สาน	O
3	O
k	O
กับ	O
มิตรรัก	O
แฟนเพลง	O
ทุก	O
ท่าน	O
ค่ะ	O
_	O
ยพท.	NORM_1WORD
_	O
rt	O
_	O
ตาม	O
ทัก	O
ครับ	O

มี	O
เวลา	O
ว่าง	O
มา	O
นั่ง	O
ดูถูก	O
คน	O
อื่น	O
มาก	O
_	O
ก็	O
ไป	O
สอน	O
ให้	O
ลูก	O
ตัวเอง	O
รัก	O
กัน	O
ก่อน	O
เถอะ	O
ค่ะ	O
_	O
ขนาด	O
คอบครัว	O
ตัวเอง	O
ยัง	O
ไม่	O
รัก	O
เลย	O
_	O
คนเนรคุณ	O
แบบ	O
นี้	O
_	O
เจริญ	O
ไป	O
ได้	O
ไม่	O
นาน	O
หรอก	O
ค่ะ	O
_	O
คน	O
บ้าน	O
นี้	O
ไม่	O
เคย	O
เอาเปรียบ	O
หรือ	O
คิด	O
ร้าย	O
กับ	O
ใคร	O
_	O
เวรกรรม	O
ตาม	O
ทัน	O
เมื่อไหร่	NORM_1WORD
_	O
ได้	O
รู้	O
เอง	O
ค่ะ	O
_	O
ที	O
หลัง	O
เผย	O
ความเลว	O
ให้	O
เร็ว	O
กว่า	O
นี้	O
หน่อย	O
นะ	O
คะ	O
_	O
เสีย	O
เวลา	O
ที่	O
เคย	O
เลี้ยง	O
ค่ะ	O

ชอบ	O
เคคอน	O
วัน	O
นี้	O
ทำให้	O
รู้	O
ว่า	O
_	O
1	O
.	O
บัตร	O
หลุม	O
คือ	O
สวรรค์	O
_	O
2	O
.	O
การได้	O
เต้น	O
ผีบ้าผีบอ	O
คือ	O
มัน	O
เหี้ยๆๆๆๆๆๆๆ	NORM_2WORD
ท่า	O
ไม่	O
ต้อง	O
ถูก	O
ปล่อย	O
ให้	O
เต็ม	O
ที่	O
_	O
3	O
.	O
โมเม้น	NORM_1WORD
ไม่	O
ต้อง	O
ยืน	O
ดู	O
ไกลๆ	NORM_2WORD
เต้น	O
ไป	O
พร้อม	O
กัน	O
คือ	O
ดี	O
_	O
รัก	O
_	O
กำ	O
ยาดม	O
ตั้งแต่	O
นาที	O
แรก	O
_	O
เต้น	O
จน	O
ถุงน่อง	O
ตาข่าย	O
ขาด	O
5555555555555555555555555555	NORM_1WORD
เสียง	O
หด	O
เสียง	O
หาย	O
_	O
จบ	O
การรีวิว	O
_	O
#KCON2018THAILAND	O

เดท	O
แรก	O
ผู้	NORM_1WORD
ไป	O
ส่ง	O
ที่	O
บ้าน	O
_	O
ตอน	O
วิ่ง	O
ไป	O
ขึ้น	O
รถเมล์	O
ดัน	O
ไป	O
เหยียบ	O
ขี้หมา	O
_	O
เขา	O
เดิน	O
นำ	O
เรา	O
ไง	O
เลย	O
ไม่	O
เห็น	O
_	O
อาย	O
ก็	O
อาย	O
แต่	O
เอา	O
ไง	O
ว่ะ	NORM_1WORD
ไม่	O
กล้า	O
บอก	O
_	O
เลย	O
เอา	O
เท้า	O
ลากๆ	NORM_2WORD
ไป	O
กะ	NORM_1WORD
พื้น	O
แล้ว	O
วิ่ง	O
ขึ้น	O
ตาม	O
ไป	O
_	O
สรุป	O
รถเมล์	O
ทั้ง	O
คัน	O
ต้อง	O
หยุด	O
กลาง	O
ทาง	O
เปลี่ยน	O
คัน	O
ใหม่	O
เพราะ	O
เหม็น	O
อวน	O
ไป	O
ทั่ว	O
_	O
นี่	O
ก็	O
ได้	O
แต่	O
ทำ	O
หน้า	O
ขำ	O
แห้ง	O
ใส่	O
ไม่	O
รู้	O
ไม่	O
ชี้	O
_	O
#เรื่องมันช่างน่าอาย	O

ประเทศ	O
ไทย	O
ต้อง	O
เจริญก้าวหน้า	O
_	O
มี	O
ความผาสุข	NORM_1WORD
มี	O
ประชาธิปไตย	O
ที่	O
สมบูรณ์	O
และ	O
คง	O
ไว้	O
ซึ่ง	O
วัฒนธรรมประเพณี	O
เก่าแก่	O
ให้	O
คงอยู่	O
เช่น	O
ดั่ง	O
ชาวโลก	O
_	O
ใน	O
ความ	O
เป็น	O
จริง	O
_	O
ประเทศ	O
นี้	O
มี	O
มาเฟีย	O
ปกครอง	O
มา	O
นาน	O
_	O
เป็น	O
คน	O
มี	O
หน้าตา	O
ใน	O
วง	O
สังคม	O
_	O
ทำ	O
อะไร	O
ก็	O
ไม่	O
ผิด	O
และ	O
ยัง	O
คง	O
ไว้	O
ซึ่ง	O
ความ	O
เป็น	O
บ้านป่าเมืองเถื่อน	O
_	O
ใคร	O
กร่าง	O
หรือ	O
คิด	O
ต่าง	O
_	O
ต้อง	O
โดน	O
!	O
_	O
#จ่า	O
นิว	O

เที่ยงคืน	O
นี้	O
_	O
iOS	O
_	O
12	O
_	O
จะ	O
ปล่อย	O
ให้	O
อัปเดต	O
แล้ว	O
_	O
!	O
(	O
iPhone	O
_	O
5	O
s	O
_	O
ขึ้นไป	O
)	O
_	O
สำหรับ	O
เวอร์ชัน	O
นี้	O
จะ	O
เน้น	O
ประสิทธิภาพ	O
ให้	O
ทำ	O
งาน	O
ไว	O
ขึ้น	O
_	O
ต่	O
ออายุ	O
ไอโฟน	O
ไป	O
อีก	O
_	O
ไม่	O
ต้อง	O
ห่วง	O
ว่า	O
จะ	O
ช้า	O
กว่า	O
เดิม	O
_	O
เพราะ	O
รีวิว	O
ทุก	O
สำนัก	O
ให้	O
ความเห็น	O
ตรง	O
กัน	O
ว่า	O
มัน	O
ดี	O
ขึ้น	O
จริง	O
_	O
ประหยัด	O
แบต	NORM_1WORD
กว่า	O
เดิม	O
_	O
มี	O
แจ้ง	O
เตือน	O
แบบ	O
กลุ่ม	O
ด้วย	O
_	O
*	O
เวอร์ชัน	O
นี้	O
แนะนำ	O
ให้	O
อัป	NORM_1WORD
นะ	O
*	O

เป็น	O
คน	O
โครต	O
โนเนม	O
_	O
จบ	O
แค่	O
_	O
ปอ	NORM_1WORD
5	O
_	O
ภาษา	O
ไทย	O
อาจ	O
เขียน	O
ไม่	O
ค่อย	O
ถุก	NORM_1WORD
_	O
ภาษา	O
อังกฤษ	O
นี่	O
ไม่	O
ได้	O
เลย	O
_	O
มี	O
ความปรึก	NORM_1WORD
_	O
โครตๆๆ	NORM_1WORD
_	O
แต่	O
ชัวิต	NORM_1WORD
_	O
ได้	O
แค่	O
นี้	O
ก้อ	NORM_1WORD
ดี	O
เระ	NORM_1WORD
_	O
ความสามารถพิเศษ	O
_	O
ขึ้น	O
รถ	O
หลง	O
ตลอด	O
_	O
จำ	O
ทาง	O
ไม่	O
เคย	O
ได้	O
_	O
ตื่นเต้น	O
ทุก	O
ครั้ง	O
ที่	O
เดินทาง	O
เพราะ	O
กลัว	O
นั่ง	O
รถ	O
ผิด	O
_	O
เคย	O
ซื้อ	O
ตั๋ว	O
อีก	O
คัน	O
_	O
ไป	O
ขึ้น	O
อีก	O
คัน	O
มา	O
แล้ว	O
555	O
โดน	O
ไล่	O
ลง	O
กลาง	O
ทาง	O
_	O
เพื่อน	O
ด่า	O
แหลก	O

ที่	O
ออกงาน	O
วันนี้	O
ก็	O
คือ	O
ยูนิต	O
_	O
Next	O
_	O
Girls	O
_	O
หรือ	O
กลุ่ม	O
ที่	O
ไม่	O
ติด	O
อันดับ	O
เลือกตั้ง	O
_	O
แต่	O
ให้	O
ตาย	O
เถอะ	O
ยูนิต	O
นี้	O
คือ	O
ถ้า	O
ออกงาน	O
ก็	O
ไว้ใจ	O
ได้	O
ทุก	O
คน	O
จริงๆ	NORM_2WORD
_	O
ปกติ	O
_	O
บอค	O
_	O
ออกงาน	O
ใช้	O
แค่	O
_	O
4	O
_	O
เพลง	O
นะ	O
คะ	O
_	O
แต่	O
นี้	NORM_1WORD
_	O
6	O
_	O
เพลง	O
เลย	O
_	O
เพลง	O
เต้น	O
5	O
_	O
ช้า	O
1	O
_	O
คือ	O
นับถือ	O
มากๆ	NORM_2WORD
_	O
#KhengBNK48	O
_	O
#MyyuBNK48	O
_	O
#FaiiBNK48	O
_	O
#CakeBNK48	O
_	O
#AomBNK48	O
_	O
#NikyBNK48	O
_	O
#BNK48	O

คือ	O
เมื่อ	O
วัน	O
ก่อน	O
งาน	O
lol	O
_	O
นี่	O
ได้	O
ไป	O
และ	O
เป็น	O
ครั้ง	O
แรก	O
ที่	O
ได้	O
เจอ	O
กับ	O
bnk(	O
ส่วนตัว	O
คามิ	O
ปัญ	O
โอชิ	O
เจนนิษฐ์	O
)	O
รู้สึก	O
เขินๆ	O
ด้วย	O
หน้าตา	O
ที่	O
ดู	O
ป่าเถื่อน	O
และ	O
การที่	O
กู	O
ต้อง	O
ทำตัว	O
ไง	O
_	O
ใคร	O
มอง	O
ภาย	O
นอก	O
คง	O
คิด	O
ว่า	O
ไม่	O
ควร	O
ตาม	O
bnk	O
อะ	O
ควร	O
ไป	O
เพื่อ	O
ชีวิต	O
_	O
ร็อค	NORM_1WORD
ไร	O
ทำนอง	O
นี้	O
_	O
รู้สึก	O
มี	O
ความสุข	O
ยังไง	O
บอก	O
ไม่	O
ถูก	O
_	O
ถ้า	O
มา	O
ให้	O
เร็ว	O
กว่า	O
นี้	O
ก็	O
คง	O
ดี	O
..(	O
1	O
)	O
#	O
BNK48	O

1.	O
อยาก	O
รับ	O
บท	O
เป็น	O
นอร์ธ	O
_	O
2.	O
เพราะ	O
นอร์ธ	O
มี	O
นิสัย	O
เป็น	O
เอกลักษณ์	O
และ	O
ทั้ง	O
ยัง	O
รัก	O
คน	O
รอบ	O
ข้าง	O
มากๆ	NORM_2WORD
ด้วย	O
ที่คิด	O
ว่า	O
ตัวเอง	O
เหมาะ	O
กับ	O
บท	O
นี้	O
เพราะ	O
มี	O
อารมณ์	O
หรือ	O
นิสัย	O
คล้าย	O
นอร์ธ	O
หลายๆ	NORM_2WORD
ส่วน	O
ทั้ง	O
เรื่อง	O
เพื่อน	O
_	O
และ	O
เรื่อง	O
เงิน	O
_	O
3.	O
ใน	O
ฉาก	O
ขอ	O
พี่	O
โจ	O
เลิก	O
บุหรี่	O
เพราะ	O
เป็น	O
ฉาก	O
ที่สะท้อน	O
อารมณ์	O
ของ	O
นอร์ธ	O
ทั้ง	O
เรื่อง	O
สุขภาพ	O
และ	O
ความรัก	O
_	O
#โจฮันนอร์ธ	O

เพียง	O
สบตา	O
ก็	O
หลง	O
_	O
ทั้ง	O
ควร	O
ปลง	O
ยัง	O
รัก	O
เจ้า	O
_	O
ของ	O
ใต้พระบาท	O
เรา	O
_	O
มิ	O
อาจ	O
เข้า	O
เคล้า	O
กา	O
มา	O
_	O
หาก	O
ยัง	O
คง	O
เฝ้า	O
เพ้อ	O
_	O
ทุก	O
ยาม	O
เผลอคล้าย	O
มายา	O
_	O
มิ	O
อาจ	O
จะ	O
ทูลลา	O
_	O
กลิ่น	O
นาง	O
คา	O
ประดับใจ	O
_	O
กลัดกลุ้ม	O
ร้อน	O
ระทม	O
_	O
มิ	O
อาจ	O
ข่ม	O
ซึ่ง	O
ความใน	O
_	O
คง	O
ต้อง	O
ตาม	O
หา	O
ใคร	O
_	O
มา	O
รับ	O
ภัย	O
แทน	O
ตัว	O
เรา	O
_	O
ตาม	O
หา	O
ไม่	O
ไกล	O
จวน	O
_	O
ก็	O
เจอ	O
ชวน	O
สหาย	O
เจ้า	O
_	O
สุดท้าย	O
ทำ	O
เพียง	O
เฝ้า	O
_	O
จะ	O
ได้	O
เร้า	O
กวน	O
อารมณ์	O

ทักษิณ	O
ยัง	O
ไม่	O
วางมือ	O
_	O
ดู	O
จาก	O
การสั่งการ	O
และ	O
อยู่	O
เบื้องหลัง	O
_	O
พรรคการเมือง	O
เห็นๆ	O
อยู่	O
_	O
การ	O
จะ	O
ชนะ	O
ทหาร	O
ก็	O
ต้อง	O
_	O
ทำให้	O
ประชาชน	O
ลุก	O
ฮื่อ	NORM_1WORD
_	O
และ	O
ต่างชาติ	O
เข้า	O
มา	O
บังคับ	O
แทรกแซง	O
_	O
ต่อต้าน	O
_	O
ประเทศ	O
ไทย	O
ใน	O
ทุกๆ	O
ด้าน	O
คน	O
ไทย	O
ก็	O
_	O
จะ	O
ต่อต่อต้าน	NORM_1WORD
รัฐบาล	O
ไป	O
โดย	O
ปริยาย	O
_	O
ฟันธง	O
!!	O
_	O
หลัง	O
ตั้ง	O
รัฐบาล	O
_	O
คสช.	O
ยุติ	O
_	O
ม.	O
44	O
_	O
ไม่	O
มี	O
จะ	O
ได้ยิน	O
เสียง	O
ระเบิด	O
ป่วน	O
เมือง	O

อัน	O
นี้	O
เห็นด้วย	O
กับ	O
ที่	O
เค้า	NORM_1WORD
รีวิว	O
เลย	O
ค่ะ	O
_	O
ทำ	O
มา	O
แบบ	O
ละ	O
ไว้	O
ใน	O
ฐาน	O
ที่	O
เข้าใจ	O
ประหนึ่ง	O
คน	O
เลย	NORM_1WORD
เล่น	O
RE2	O
Ori	O
กัน	O
ทุก	O
คน	O
_	O
ทั้ง	O
ที่	O
สตอรี่	O
ดั้งเดิม	O
_	O
เขียน	O
มา	O
ดี	O
อยู่	O
แล้ว	O
_	O
แต่	O
Remake	O
_	O
ทำ	O
ป่วย	O
มาก	O
_	O
เรื่อ	NORM_1WORD
ทำ	O
เกม	O
ไม่	O
ทัน	O
นี่	O
เห็นด้วย	O
เลย	O
_	O
แฟนๆ	NORM_2WORD
สังเกต	O
คือ	O
_	O
ปล่อย	O
ตัว	O
เกม	O
ใหม่ๆ	NORM_2WORD
_	O
มา	O
แต่ละ	O
ครั้ง	O
_	O
หน้าตา	O
พัฒนา	O
ขึ้น	O
ไป	O
เรื่อยๆ	NORM_2WORD
สรุป	O
ว่า	O
คง	O
งาน	O
เร่ง	O
ไม่	O
ทัน	O
จริง	O

อัพ	O
ค่ะ	O
_	O
อัพ	O
_	O
อัพ	O
_	O
อัพ	O
ร้อย	O
สอง	O
ร้อย	O
ขอ	O
เปน	NORM_1WORD
ค่า	O
เสีย	O
เวลา	O
กู	O
ไม่	O
ว่า	O
หรอก	O
เป็น	O
พัน	O
เป็น	O
หมื่น	O
_	O
เนี่ย	O
อัพ	O
ให้	O
ตาตั้ง	O
ตายห่า	O
ไป	O
เลย	O
ค่ะ	O
รัก	O
สาวๆ	NORM_2WORD
นะ	O
_	O
อยาก	O
ไป	O
หา	O
_	O
แต่ว่า	O
จะ	O
ไม่	O
ลง	O
ทุน	O
เสีย	O
ค่าโง่	O
เด็ด	O
ขาด	O
_	O
ทำไม	O
กู	O
ต้อง	O
ให้	O
กำไล	NORM_1WORD
พวก	O
อัพ	O
บัตร	O
ขนาด	O
นั้น	O
ได้	O
ไม่	O
คุ้ม	O
เสีย	O
คอน	NORM_1WORD
ไม่	O
ได้	O
มี	O
ครั้ง	O
เดียว	O
หรอก	O
เว่ย	O
_	O
กู	O
ต้อง	O
ได้	O
ไป	O
ซัก	NORM_1WORD
ครั้ง	O
อ่ะ	O
_	O
#BLACKPINKinBANGKOK	O

สะใจ	O
_	O
/	O
/	O
กระซิบ	O
555	O
_	O
แต่	O
ซีน	O
นี้	O
ใน	O
นิยาย	O
_	O
intense	O
_	O
กว่า	O
ใน	O
เมะ	NORM_1WORD
มาก	O
_	O
กลัว	O
ใจ	O
สุ	O
จะ	O
ซ้อม	O
ลู่	O
จน	O
ตาย	O
เหลือเกิน	O
_	O
แต่	O
สุดท้าย	O
ความรัก	O
ก็	O
ทำให้	O
สุ	O
อยาก	O
ช่วย	O
เพื่อน	O
_	O
คิดถึง	O
ว่า	O
ตัวเอง	O
ก็	O
มี	O
ยูฟี่	O
ช่วย	O
ดึง	O
ขึ้น	O
มา	O
จาก	O
ความทุกข์	O
เหมือนกัน	O
_	O
เขา	O
จะ	O
เป็น	O
ใคร	O
มา	O
ก่อน	O
_	O
เธอ	O
ไม่	O
สนใจ	O
_	O
เธอ	O
รัก	O
เขา	O
ที่	O
เป็น	O
แบบ	O
นี้	O
_	O
ถ้า	O
แบบ	O
นั้น	O
กับ	O
ลูลูช	O
ล่ะ	O
_	O
เขา	O
จะ	O
ช่วย	O
ได้	O
ไหม	O

เพลง	O
จาบาจา	O
_	O
#	O
Jabaja	O
TH	O
_	O
แปล	O
เนื้อ	O
เป็น	O
ภาษา	O
ไทย	O
ออก	O
มา	O
ได้	O
ดี	O
เลย	O
_	O
สนุก	O
_	O
ฟัง	O
ง่าย	O
_	O
ติดหู	O
_	O
พอ	O
ได้	O
ดู	O
MV	O
ก็	O
ไม่	O
ผิดหวัง	O
เลย	O
_	O
ปูเป้	O
และ	O
ฟ้อนด์	O
ก็	O
น่ารัก	O
มาก	O
เลย	O
_	O
โดยเฉพาะ	O
ฟ้อน	O
มี	O
เสน่ห์	O
มาก	O
_	O
ส่วน	O
เมมเบอร์	NORM_1WORD
คน	O
อื่น	O
ก็	O
แสดง	O
ออก	O
มา	O
ได้	O
ดี	O
เลย	O
_	O
ทั้ง	O
ท่า	O
เต้น	O
ที่	O
ดู	O
จะ	O
แข็งแรง	O
และ	O
_	O
นำเสนอ	O
วัฒนธรรม	O
4	O
ภาค	O
ของ	O
ไทย	O
ออก	O
มา	O
ได้	O
สนุก	O
และ	O
สวย	O
มาก	O
ให้	O
_	O
9.5	O
/	O
10	O
_	O
#BNK48	O

ตอน	O
ไป	O
เข้า	O
ค่าย	O
ม.	O
5	O
_	O
ขา	O
กลับ	O
รถ	O
จอด	O
แวะ	O
ปั้ม	NORM_1WORD
_	O
อี	O
นี่	O
ก็	O
ตื่น	O
มา	O
สะลืมสะลือ	O
_	O
ละ	NORM_1WORD
เดิน	O
ตาม	O
เพื่อน	O
ผช	NORM_1WORD
ใน	O
กลุ่ม	O
ไป	O
_	O
รู้ตัว	O
อีก	O
ที	O
ตอน	O
ที่	O
ขา	O
กำลัง	O
จะ	O
ก้าว	O
เข้า	O
ห้องน้ำ	O
ละ	NORM_1WORD
ผช	NORM_1WORD
ทั้ง	O
ห้องน้ำ	O
หัน	O
มา	O
มอง	O
_	O
อี	O
เหี้ย	O
คน	O
เยอะ	O
ด้วย	O
ไง	O
_	O
แถม	O
วิ่ง	O
ออก	O
มา	O
_	O
อาจารย์	O
และ	O
เพื่อน	O
ที่	O
ซื้อ	O
ของ	O
อยู่	O
ขำ	O
แรง	O
มาก	O
เหมือน	O
เห็น	O
มา	O
ตั้งแต่	O
แรก	O
_	O
#เรื่องมันช่างน่าอาย	O
_	O
#ห้องน้ำชาย	O

มัน	O
ไม่	O
เหมือน	O
กัน	O
ครับ	O
_	O
BNK	O
_	O
มัน	O
เป็น	O
แบบ	O
ตาม	O
คน	O
ไม่	O
ตาม	O
วง	O
ได้	O
_	O
มา	O
หา	O
มา	O
จับ	O
มือ	O
คน	O
นี้	O
_	O
ไม่	O
สน	O
คนอื่น	O
ได้	O
_	O
หรือ	O
แม้กระทั่ง	O
เกลียด	O
เมม	O
อื่น	O
ก็	O
ทำ	O
ได้	O
ครับ	O
_	O
แล้ว	O
แต่	O
สันดาน	O
แต่	O
ละ	O
คน	O
_	O
แล้ว	O
ตาม	O
แค่	O
ข่าวสาร	O
วง	O
ว่า	O
จะ	O
ไป	O
เจอ	O
คน	O
ที่	O
ชอบ	O
ได้	O
เมื่อ	O
ไหร่	O
ที่	O
ไหน	O
_	O
แค่	O
นั้น	O
ครับ	O
_	O
อย่าง	O
ผม	O
_	O
มี	O
คน	O
ที่	O
รัก	O
อยู่	O
_	O
4	O
-	O
5	O
คน	O
_	O
แต่	O
ก็	O
ไม่	O
ได้	O
รัก	O
ปกป้อง	O
ไป	O
ซะ	O
ทุก	O
คน	O
_	O
โอเค	O
นะ	O

#	O
ล่า	O
2017	O
_	O
#นักพูดเหี้ย	O
_	O
#ระเริงไฟ	O
_	O
#อุบัติเหตุ	O
_	O
#BNK48	O
_	O
#MaysaBNK48	O
_	O
#ก้าวคนละก้าว	O
_	O
#Universe	O
_	O
#จดหมายเด็กแมว	O
_	O
#ขั้วฟ้าของผม	O
_	O
#BLACKPINK	O
_	O
#ถูกบอกต่อ	O
_	O
#SBSGAYODAEJUN2017	O
_	O
#SBSGAYODAEJUN2017	O
_	O
#AlongWithTheGods	O
_	O
#ปีใหม่นี้พี่ขอ	O
_	O
#HuYiTian	O
_	O
#ถูกบอกต่อ	O
_	O
#SBSGAYODAEJUN2017	O
_	O
#SBSGAYODAEJUN2017	O
_	O
#คนอ้วน	O

#ประกันสังคม	O
_	O
#ประกันสุขภาพ	O
_	O
หัก	O
เงิน	O
จ่าย	O
เงิน	O
ประกัน	O
_	O
เดือน	O
ละ	O
_	O
750	O
_	O
บาท	O
_	O
และ	O
ของ	O
ฝ่าย	O
ผู้ประกอบการ	O
_	O
750	O
_	O
บาท	O
_	O
รวม	O
เป็น	O
_	O
1,500	O
_	O
บาท	O
/	O
เดือน	O
_	O
ปี	O
ละ	O
_	O
18,000	O
_	O
บาท	O
_	O
ถาม	O
ว่า	O
รักษา	O
อะไร	O
ได้	O
มั้ง	O
_	O
ยา	O
ที่	O
ได้	O
คือ	O
อะไร	O
_	O
#พาราเซตามอน	O
_	O
บริการ	O
โรงพยาบาล	O
ก็	O
ไม่	O
เท่าเทียม	O
_	O
สงสาร	O
ประเทศ	O
ไทย	O
_	O
เงิน	O
_	O
1,500	O
_	O
บาท	O
ต่อ	O
เดือน	O
_	O
ซื้อ	O
ข้าว	O
ได้	O
_	O
30	O
_	O
จาน	O
/	O
เดือน	O

ส่วนตัว	O
ไม่	O
เป็น	O
คน	O
อวย	O
ลายเส้น	O
ใคร	O
เลย	O
นะ	O
_	O
แต่	O
_	O
#เชื่อฉันดิเฮด	O
_	O
คือ	O
ตก	O
เรา	O
ตั้งแต่	O
แรก	O
เห็น	O
ชอบ	O
_	O
ชอบ	O
มากๆ	NORM_2WORD
_	O
ไม่	O
เคย	O
เมนชั่น	NORM_1WORD
หา	O
ร้าน	O
ไหน	O
ว่า	O
อยาก	O
ซื้อ	O
เลย	O
ร้าน	O
นี้	O
เป็น	O
ร้าน	O
แรก	O
เลย	O
ค่ะ	O
_	O
แถม	O
_	O
เจ้า	O
พี่	O
ขา	O
น่ารัก	O
มากๆ	NORM_2WORD
เลย	O
ค่ะ	O
!	O
_	O
นอกจาก	O
ลายเส้น	O
จะ	O
น่ารัก	O
แล้ว	O
_	O
ยัง	O
ราคา	O
ไม่	O
แพง	O
_	O
ใส่ใจ	O
มากๆ	O
ค่ะ	O
_	O
มี	O
ใคร	O
น่ารัก	O
ไป	O
กว่า	O
นี้	O
มั้ย	NORM_1WORD
_	O
มา	O
อุดหนุน	O
กัน	O
เยอะๆ	O
นะ	O
คะ	O

สมัย	O
ประถม	O
ซ้อม	O
งาน	O
วิชาการ	O
จน	O
เย็น	O
_	O
ที่	O
โรงเรียน	O
ก็	O
ไม่	O
ค่อย	O
มี	O
คน	O
แล้ว	O
_	O
ตอน	O
นั้น	O
อยู่	O
บน	O
ชั้น	O
สาม	O
ของ	O
ตึก	O
_	O
นี่	O
เดิน	O
ออก	O
มา	O
ส่อง	O
ตรง	O
ระเบียง	O
ชั้น	O
_	O
มอง	O
ไป	O
เห็น	O
พี่	O
คน	O
นึง	O
กำลัง	O
เดิน	O
หันหลัง	O
ให้	O
นี่	O
_	O
นี่	O
ก็	O
นึก	O
ว่า	O
คน	O
รู้จัก	O
_	O
เลย	O
ตะโกน	O
ชื่อ	O
พี่	O
เขา	O
บอก	O
ไป	O
สุดเสียง	O
เลย	O
พร้อม	O
กับ	O
โบกมือ	O
ละลิ่ว	O
อย่าง	O
มั่น	O
ใจ	O
_	O
หัน	O
มา	O
ปรากฏ	O
ไม่	O
ใช่	O
_	O
#เรื่อง	O
มัน	O
ช่าง	O
น่า	O
อาย	O

เรซูเม่	O
แรก	O
ใน	O
ชีวิต	O
ของ	O
ผม	O
_	O
ประสบการณ์	O
อีก	O
ล้าน	O
แปด	O
ที่	O
ใส่	O
ลง	O
ไป	O
ไม่	O
พอ	O
_	O
เพราะ	O
ทำ	O
กิจกรรม	O
และ	O
ทำงาน	O
มา	O
เยอะ	O
เหลือ	O
เกิน	O
_	O
คัด	O
อัน	O
ที่	O
ดูดี	O
เป็นหน้าเป็นตาที่สุด	O
แล้ว	O
จ้า	O
แม่	O
_	O
รับ	O
ผม	O
เถอะ	O
_	O
จะ	O
ใส่	O
gpa	O
_	O
ม.	O
ปลาย	O
ก็	O
โหด	O
ไป	O
_	O
3.80	O
_	O
เพราะ	O
ไร	NORM_1WORD
_	O
เพราะ	O
gpa	O
_	O
มหาลัย	NORM_1WORD
แค่	O
_	O
3.08	O
_	O
ตัวเลข	O
สลับ	O
กัน	O
มาก	O
เว่อ	NORM_1WORD
เดี๋ยว	O
เขา	O
ไม่	O
เชื่อ	O
_	O
มอ	O
ตัด	O
A	O
ที่	O
90	O
_	O
ละ	O
กู	O
ไป	O
เรียน	O
มาก	O
มั้ง	O
!	O

เห็น	O
คน	O
ใน	O
คอมมู	O
บอก	O
กลัว	O
ญี่ปุ่น	O
ดึง	O
รินะ	O
กลับ	O
ไป	O
...	O
คือ	O
นี่	O
ว่า	O
คง	O
ไม่	O
ดึง	O
กลับ	O
ไป	O
หรอก	O
มัน	O
ไม่	O
ใช่	O
เคส	O
อากิฉะ	O
_	O
ซาเอะ	O
_	O
มาริยันนุ	O
_	O
แล้ว	O
ดึง	O
กลับ	O
ไป	O
AKB	O
ไป	O
ทำ	O
อะไร	O
อะ	NORM_1WORD
คือ	O
มัน	O
ก็	O
มี	O
เด็ก	O
มี	O
เฟรช	O
กว่า	O
ไป	O
ก็	O
โดน	O
ดอง	O
อีก	O
_	O
ส่วน	O
เคส	O
ฮารุก้อน	O
ที่	O
เค้า	NORM_1WORD
ไม่	O
ดึง	O
กลับ	O
ไป	O
นี่	O
ไม่	O
รู้	O
แต่	O
คิด	O
ว่า	O
ค่าย	O
คง	O
อยาก	O
ให้	O
อยู่	O
แล้ว	O
นาง	O
ก็	O
อยาก	O
อยู่	O
รวมถึง	O
มัน	O
รุ่ง	O
ด้วย	O
_	O
#BNK48	O

รีวิว	O
ได้	O
มั้ย	NORM_1WORD
ชอบ	O
มากๆ	NORM_2WORD
_	O
ตอน	O
นี้	O
ผิว	O
ขาว	O
ขึ้น	O
กว่า	O
เดิม	O
แบบ	O
ผ่อง	O
และ	O
เล่น	O
แสง	O
ดี	O
มาก	O
_	O
เวนดี้ไวท์	O
ขวด	O
ที่	O
12	O
_	O
ขาว	O
ขึ้น	O
ดี	O
และ	O
เล่น	O
แสง	O
_	O
ส่วน	O
ไฟน์ลี่	O
ทำให้	O
ผิว	O
ดี	O
ดู	O
ใส	O
กระจ่าง	O
ใส	O
เล่น	O
ไฟ	O
เหมือนกัน	O
ซึม	O
เร็ว	O
_	O
ส่วน	O
วิตามินอีครีม	O
_	O
ทา	O
แล้ว	O
ผิว	O
ดู	O
เปล่งปลั่ง	O
_	O
สรุป	O
ใช้	O
รวม	O
กัน	O
คือ	O
ดี	O
สุด	O
ผิว	O
สวย	O
สดใส	O
มาก	O
ตอน	O
นี้	O
_	O
#ฉันจะขาว	O
_	O
#ไว้รีวิวห้ามขายของโว้ย	O

ฮักนยอน	O
มุม	O
นี้	O
คือ	O
อบอุ่น	O
มาก	O
_	O
นาง	O
แคร์	O
คนรอบตัว	O
มาก	O
จริงๆ	NORM_2WORD
_	O
ไม่ว่า	O
จะ	O
เกิด	O
อะไร	O
ขึ้น	O
นาง	O
จะ	O
ชอบ	O
เทคแคร์	NORM_1WORD
คน	O
อื่น	O
ก่อน	O
เสมอ	O
_	O
ไม่ว่า	O
ตอน	O
นั้น	O
ตัวเอง	O
จะ	O
โอเค	O
หรือ	O
ไม่	O
ก็ตาม	O
_	O
เนี่ย	NORM_1WORD
พ่อ	O
คน	O
ดี	O
ของ	O
ชั้น	NORM_1WORD
_	O
ชั้น	NORM_1WORD
เลือก	O
คน	O
ไม่	O
ผิด	O
จริงๆ	NORM_2WORD
_	O
คน	O
แบบ	O
นี้	O
สมควร	O
ได้รับ	O
ความรัก	O
เยอะๆ	O
ปะ	NORM_1WORD
_	O
นาง	O
ควร	O
จะ	O
ได้	O
พบ	O
แต่	O
สิ่ง	O
ดีๆ	NORM_2WORD
_	O
ชั้น	NORM_1WORD
อยาก	O
ให้	O
ทุก	O
คน	O
รัก	O
เขา	O
เหมือนที่	O
ชั้น	NORM_1WORD
รัก	O

หลังจาก	O
ใช้	O
มา	O
_	O
1	O
_	O
สัปดาห์	O
เลย	O
อยาก	O
จะ	O
มา	O
รีวิว	O
_	O
สเปรย์	O
กัน	O
น้ำ	O
ของ	O
_	O
beWell	O
_	O
นี่	O
ลอง	O
ฉีด	O
กับ	O
รองเท้า	O
คู่	O
ใหม่	O
_	O
ใส่	O
ไป	O
คอน	NORM_1WORD
NCT127	O
_	O
ลุย	O
ฝน	O
ที่	O
เมืองทอง	O
_	O
รวม	O
ถึง	O
ก็	O
พา	O
รองเท้า	O
ไป	O
ลุย	O
ฝน	O
มา	O
แทบ	O
ทุก	O
วัน	O
_	O
ผล	O
คือ	O
ประทับใจ	O
มาก	O
_	O
รองเท้า	O
แทบ	O
ไม่	O
เปียก	O
และ	O
เลอะ	O
น้อย	O
กว่า	O
ที่	O
ควร	O
จะ	O
เป็น	O
มากๆ	NORM_2WORD
_	O
ภาพ	O
สุดท้าย	O
คือ	O
สภาพ	O
รองเท้า	O
ปจบ.	O
_	O
#ไว้รีวิวห้ามขายของโว้ยยย	O

จาก	O
มังงะ	O
_	O
#Codegeass	O
_	O
Re	O
_	O
ตอน	O
หน้า	O
คง	O
มี	O
ซีน	O
บรรดา	O
_	O
Knight	O
_	O
of	O
_	O
round	O
_	O
มา	O
ประกาศ	O
ศึก	O
แน่	O
_	O
อยาก	O
เห็น	O
_	O
Flashback	O
_	O
สุซาคุ	O
กับ	O
เพื่อน	O
อัศวิน	O
บ้าง	O
_	O
สุ	O
จะ	O
โหด	O
ขนาด	O
ฆ่า	O
โดย	O
ไม่	O
คิด	O
อะไร	O
เลย	O
เหรอ	O
_	O
จะ	O
แบบ	O
ฝากตัว	O
รับ	O
ใช้	O
นาย	O
_	O
เป่า	O
หัว	O
ผู้ขวาง	O
ทางเดิน	O
นาย	O
_	O
ส่ง	O
ไป	O
สู่	O
ความตาย	O
_	O
ชื่อเสียง	O
ของ	O
ฉัน	O
เลื่องลือ	O
_	O
ขนาด	O
นั้น	O
เลย	O
?	O
_	O
(	O
ไม่	O
ใช่	O
อะไร	O
อยาก	O
เห็น	O
จีโน่	O
)	O

น้องจีซอง	O
น่ารัก	O
อีก	O
แล้ว	O
_	O
ตอน	O
ไลฟ์	O
ทำ	O
อาหาร	O
กับ	O
คุนฮยอง	O
ที่	O
แจมิน	O
ก้มตาก้มตา	NORM_1WORD
ทำ	O
แล้ว	O
น้อง	O
ก็	O
บอก	O
ให้	O
กล้อง	O
โฟกัส	O
แจมิน	O
แล้ว	O
น้อง	O
ก็	O
วาง	O
ทรศ.	O
ไป	O
แกล้ง	O
พี่	O
_	O
แถม	O
ยัง	O
บอก	O
ให้	O
แจมิน	O
พัก	O
บ้าง	O
ให้	O
คน	O
อื่น	O
ทำ	O
_	O
รอบ	O
นี้	O
แจมิน	O
ก้มหน้าก้มตา	O
ค้น	O
น้อง	O
ก็	O
เรียก	O
ให้	O
มา	O
แก้	O
ปัญหา	O
ด้วย	O
กัน	O
_	O
น่ารักๆๆๆๆๆๆๆๆๆๆ	NORM_1WORD
ถึง	O
ว่า	O
พี่	O
เขา	O
หลง	O
เธอ	O
นัก	O
เพราะ	O
น่ารัก	O
แบบ	O
นี้	O
นี่	O
เอง	O

ตอน	O
ประถม	O
คือ	O
ได้	O
ใช้	O
โรงอาหารใหญ่	O
เป็น	O
ปี	O
แรก	O
_	O
แล้ว	O
เจอ	O
พี่สาว	O
ตัวเอง	O
แล้ว	O
มัน	O
แกล้ง	O
ดึง	O
ผม	O
เรา	O
เลย	O
จะ	O
เตะ	O
มัน	O
แต่	O
เตะ	O
ไม่	O
โดน	O
_	O
แล้ว	O
รองเท้า	O
หลวม	O
มาก	O
เลย	O
หลุด	O
ลอย	O
โค้ง	O
เป็น	O
โพรเจคไทน์	NORM_1WORD
ตก	O
ลง	O
ไป	O
ใน	O
ถาด	O
แตงโม	O
ที่	O
เขา	O
ขาย	O
แต่	O
ป้า	O
ที่	O
ขาย	O
ของ	O
ไม่	O
เห็น	O
แต่	O
คน	O
ทั้ง	O
โรงอาหาร	O
เห็น	O
เลย	O
รีบ	O
หยิบ	O
แล้ว	O
วิ่ง	O
ออก	O
โรงอาหาร	O
ทันที	O
5555555	O
_	O
#เรื่องมันช่างน่าอาย	O

Sun	O
_	O
(	O
2006	O
)	O
_	O
24	O
_	O
ชม.	O
_	O
ขอ	O
รัก	O
เธอ	O
ทุก	O
วัน	O
_	O
คาโอรุ	O
_	O
(	O
ยูอิ	O
)	O
_	O
เป็น	O
นักดนตรี	O
เปิดหมวก	O
ที่	O
จะ	O
มา	O
ดีด	O
กีตาร์	O
ตาม	O
ท้อง	O
ถนน	O
หลัง	O
จาก	O
พระอาทิตย์	O
ตก	O
ดิน	O
ไป	O
แล้ว	O
_	O
เธอ	O
เป็น	O
โรค	O
ชนิด	O
หนึ่ง	O
ซึ่ง	O
ทำ	O
ให้	O
ร่างกาย	O
ของ	O
เธอ	O
โดน	O
แสงอาทิตย์	O
ไม่	O
ได้	O
_	O
คาโอรุ	O
จึง	O
ออก	O
จาก	O
บ้าน	O
ได้	O
เฉพาะ	O
ตอน	O
กลาง	O
คืน	O
เท่า	O
นั้น	O
_	O
#เรื่องนี้แคนดูยัง	O
_	O
#CanBNK48	O
_	O
#BNK48	O
_	O
#eiei	O
_	O
#jubjub	O

ท็อปลัค	O
จะ	O
เป็น	O
สไตล์	O
ผู้ชาย	O
ตัว	O
โต	O
แต่	O
อบอุ่น	O
ค่ะ	O
_	O
ส่วน	O
ชเมลเซอร์	O
จาก	O
ที่	O
ปลื้ม	O
อยู่	O
แล้ว	O
_	O
เจอ	O
ตัว	O
จริง	O
แบบ	O
ใกล้	O
ชิด	O
เรา	O
ปลื้ม	O
เป็น	O
เท่า	O
ตัว	O
_	O
ภาพลักษณ์	O
พี่	O
ใหญ่	O
ที่	O
น่ารัก	O
อ่อนโยน	O
ต่อ	O
น้องๆ	NORM_2WORD
_	O
พี่	O
แก	O
เป็น	O
แบบ	O
นั้น	O
จริงๆ	NORM_2WORD
_	O
ยิ่ง	O
ตอน	O
ที่	O
เรา	O
ยื่น	O
รูป	O
โพราลอย	NORM_1WORD
ให้	O
เซ็น	O
_	O
แก	O
ดู	O
เซอร์ไพรส	NORM_1WORD
แล้ว	O
ก็	O
ตั้งใจ	O
เซ็น	O
ให้	O
สุดๆ	NORM_2WORD
_	O
ยิ้ม	O
อบอุ่น	O
มาก	O
_	O
หลง	O
ไป	O
หลาย	O
วัน	O
เลย	O

วันนี้	O
เป็น	O
วัน	O
ครบรอบ	O
_	O
13	O
_	O
ปี	O
ที่	O
_	O
Super	O
Junior	O
_	O
มา	O
ประเทศ	O
ไทย	O
เป็น	O
ครั้ง	O
แรก	O
_	O
ทาง	O
_	O
Thai	O
ELF	O
Fanzine	O
_	O
มี	O
การจัดทำ	O
นิตยสาร	O
เนื่อง	O
ใน	O
โอกาส	O
ครบรอบ	O
_	O
13	O
_	O
ปี	O
_	O
ซึ่ง	O
เรา	O
จะ	O
เผยแพร่	O
เนื้อหา	O
ทุกๆ	O
_	O
วัน	O
ที่	O
_	O
13	O
_	O
ของ	O
เดือน	O
_	O
และ	O
จะ	O
เผยแพร่	O
ฉบับ	O
_	O
Full	O
_	O
Version	O
_	O
ให้	O
ดาวน์โหลด	O
กัน	O
ใน	O
วัน	O
ที่	O
_	O
2	O
_	O
มิ.ย.	O
_	O
ซึ่ง	O
เป็น	O
วัน	O
_	O
ELF	O
_	O
Day	O
_	O
ค่ะ	O
_	O
#ThaiELFFanzine	O

อย่า	O
ว่า	O
เรา	O
นะ	O
_	O
คือ	O
เรา	O
รัก	O
ลูก	O
สิง	O
มาก	O
_	O
ตอน	O
นี้	O
ลูก	O
สิง	O
ผอม	O
มาก	O
_	O
และ	O
หน้า	O
เปลี่ยน	O
_	O
ทำไม	O
เรา	O
ต้อง	O
มา	O
นั่ง	O
ร้องไห้	O
_	O
เรา	O
_	O
งง	O
_	O
ตัวเอง	O
มาก	O
_	O
เรา	O
ไม่	O
เข้าใจ	O
ว่า	O
_	O
สรุป	O
เรา	O
รัก	O
เค้า	NORM_1WORD
แบบ	O
ไหน	O
_	O
เรา	O
ชอบ	O
ช่วง	O
โซตัส	O
_	O
S	O
_	O
และ	O
ช่วง	O
ปี	O
ที่	O
แร้ว	NORM_1WORD
_	O
ลูก	O
สิง	O
สง่า	O
มาก	O
_	O
ดูดี	O
_	O
..	O
_	O
ตอน	O
นี้	O
ทำไม	O
เรา	O
รู้สึก	O
เค้า	NORM_1WORD
จะ	O
ไม่	O
กลับ	O
มา	O
ดูแล	O
ตัวเอง	O
แร้ว	NORM_1WORD
_	O
ทำไม	O
เรา	O
นอยด์	O
_	O
#อย่าด่าเรานะ	O

โปร	NORM_1WORD
มา	O
แรง	O
เพียง	O
259	O
บาท	O
เฉพาะ	O
เดือน	O
_	O
มิย	NORM_1WORD
_	O
เท่านั้น	O
_	O
ไม่	O
จำกัด	O
หน้า	O
100	O
หน้า	O
ก็	O
259	O
_	O
สนใจ	O
ดู	O
รีวิว	O
ใน	O
ทวิต	NORM_1WORD
นี้	O
+	O
รายละเอียด	O
แอด	O
ไลน์	O
มา	O
เลย	O
นะ	O
ครับ	O
_	O
IDgotdy999	O
_	O
#portfolio	O
_	O
#dek61	O
_	O
#dek62	O
_	O
#gatpat	O
_	O
#tcas	O
_	O
#รับตรง	O
_	O
#กสพท	O
_	O
#9วิชาสามัญ	O
_	O
#พอร์ตฟอลิโอ	O
_	O
#รับทำพอร์ต	O
_	O
#รับทำportfolio	O
_	O
#รับทำพอร์ตราคาถูก	O
_	O
#แฟ้มสะสมผลงาน	O
_	O
#สัมภาษณ์	O

รีวิว	O
_	O
I	O
dollens	O
_	O
พรี	O
มา	O
ได้	O
ของ	O
ปุ๊ป	NORM_1WORD
แกะ	O
ลอง	O
เลย	O
_	O
สี	O
ดี	O
มาก	O
ค่ะ	O
พี่	O
ขา	O
_	O
ธรรมชาติ	O
สุด	O
เหมือน	O
ตา	O
สี	O
นี้	O
แต่	O
เกิด	O
พอดี	O
กับ	O
ตา	O
ดำ	O
นัว	O
สุด	O
!	O
_	O
แต่	O
ติ	O
นิดนุง	NORM_1WORD
ว่า	O
เลนส์	O
แอบ	O
แข็ง	O
ถ้า	O
ตา	O
บอบบาง	O
อาจ	O
ต้อง	O
ใช้	O
น้ำตาเทียม	O
เรื่อยๆ	NORM_2WORD
_	O
ใคร	O
กำลัง	O
จะ	O
สั่ง	O
แนะนำ	O
ให้	O
สั่ง	O
เลย	O
อายุ	O
1	O
ปี	O
คุ้ม	O
_	O
สี	O
เรา	O
beige	O
_	O
brown	O
_	O
#ไว้รีวิวห้ามขายของ	O
_	O
#ใช้ดีบอกต่อ	O
_	O
#ใช้เองรีวิวเอง	O

5	O
วัน	O
ที่	O
แล้ว	O
ยัง	O
มี	O
แฟนคลับ	O
ด้อม	O
มลพิษ	O
ใน	O
ยูทูป	O
ตาม	O
มา	O
แซะ	O
น้อง	O
มิวสิค	O
อยู่เลย	O
_	O
สงสัย	O
ตอน	O
นี้	O
คง	O
หงายเงิบ	O
_	O
เมมเบอร์	NORM_1WORD
เขา	O
รัก	O
กัน	O
จะ	O
ตาย	O
_	O
แต่	O
มัน	O
ไม่	O
ได้	O
รัก	O
_	O
bnk48	O
_	O
รัก	O
แต่	O
คามิ	O
โอชิ	O
ตัวเอง	O
_	O
ขอ	O
ที	O
เถอะ	O
พูด	O
แล้ว	O
ขึ้น	O
_	O
เมื่อก่อน	O
เคย	O
ชอบ	O
ด้อม	O
นั้น	O
นะ	O
_	O
แต่	O
ตอน	O
นี้	O
นะ	NORM_1WORD
เหรอ	O
ไม่	O
อยาก	O
พูด	O
_	O
มัน	O
จะ	O
ตาม	O
แซะ	O
น้อง	O
มิวสิค	O
ไป	O
ถึง	O
เมื่อไหร่	NORM_1WORD
_	O
ปล.	NORM_1WORD
ถึง	O
ฟค.	NORM_1WORD
ด้อม	O
มลพิษ	O

Raw	O
_	O
(	O
2016	O
)	O
_	O
Best	O
_	O
Horror	O
_	O
Movie	O
_	O
Of	O
_	O
The	O
_	O
Year	O
!!	O
_	O
หนัง	O
สัญชาติ	O
ฝรั่งเศส	O
ว่าด้วย	O
เรื่องราว	O
เฟรชชี่	O
สาว	O
ที่	O
เปลี่ยน	O
จาก	O
เป็น	O
มังสวิรัติ	O
_	O
มา	O
_	O
'	O
กิน	O
เนื้อ	O
มนุษย์	O
'	O
_	O
ดิบ	O
_	O
โหด	O
_	O
สด	O
_	O
ไต่	O
ระดับ	O
ความกัดกร่อน	O
การเป็น	O
มนุษย์	O
_	O
สู่	O
การเป็น	O
_	O
coming-of-age	O
_	O
ชวน	O
กระอักกระอ่วน	O
_	O
ตึงเครียด	O
_	O
ละเลง	O
เลือด	O
_	O
หนัง	O
สยองขวัญ	O
แห่ง	O
ปี	O
!	O
_	O
10	O
/	O
10	O
_	O
#movietwit	O

ตอน	O
แรก	O
ก็	O
ชอบ	O
เพจ	O
เมเจอร์	O
ที่	O
มัน	O
ขยี้	O
ข่าว	O
ทันใจ	O
ไว	O
ดี	O
นะ	O
_	O
แต่	O
สังเกต	O
ว่า	O
พอ	O
เป็น	O
ไอดอล	O
ปุ๊บ	O
_	O
มัน	O
จะ	O
ชอบ	O
เอา	O
มา	O
ขยี้	O
ทั้งที่	O
ไม่	O
มี	O
ข่าว	O
เหี้ย	O
อะไร	O
ให้	O
เล่น	O
เลย	O
ซึ่ง	O
จะ	O
กลายเป็น	O
ว่า	O
ลูก	O
กุ	NORM_1WORD
โดน	O
ด่า	O
ฟรี	O
จาก	O
อิ	NORM_1WORD
พวก	O
มือถือสากปากอม***	NORM_1WORD
นะ	O
คะ	O
_	O
ซึ่ง	O
มัน	O
ก็	O
เพจ	O
แอนตี้	NORM_1WORD
ดีๆ	NORM_2WORD
นี่แหละ	O
_	O
ถึง	O
จะ	O
ไม่	O
ได้	O
เป็น	O
โอตะ	O
แต่	O
ก็	O
ขยะแยง	NORM_1WORD
ความคิด	O
ค่ะ	O
_	O
#BNK48	O
_	O
#เพจ	O
เมเจอร์	O

ตลก	O
ชีวิต	O
ตัวเอง	O
จัง	O
_	O
เมื่อ	O
ก่อน	O
เธอ	O
เป็น	O
แฟน	O
เรา	O
_	O
แต่	O
ปัจจุบัน	O
เรา	O
กลาย	O
เป็น	O
เพื่อน	O
คุย	O
ยาม	O
เธอ	O
เหงา	O
_	O
คอย	O
เป็น	O
คน	O
ช่วยเหลือ	O
เธอ	O
ยาม	O
เธอ	O
เดือดร้อน	O
_	O
คอย	O
ปลอบใจ	O
เธอ	O
ยาม	O
เธอ	O
มี	O
ปัญหา	O
กับ	O
แฟน	O
_	O
ตกลง	O
เรา	O
ทำ	O
อะรัย	NORM_1WORD
อยู่	O
เรา	O
มีฐานะ	O
อะรัย	NORM_1WORD
สำหรับ	O
เธอ	O
ช่วง	O
เวลา	O
เธอ	O
มี	O
ความสุข	O
เธอ	O
ก็	O
มา	O
เล่า	O
ให้	O
ฟัง	O
_	O
ฉัน	O
เริ่ม	O
สงสัย	O
ตัวเอง	O
เหลือเกิน	O
_	O
ว่า	O
ฉัน	O
ทำ	O
อะรัย	NORM_1WORD
อยู่	O
..	O

มา	O
แจ้ง	O
และ	O
ถาม	O
ทิ้ง	O
ไว้	O
ค่า	NORM_1WORD
_	O
ช่วง	O
นี้	O
ทาง	O
ไรท์	NORM_1WORD
งาน	O
รัดตัว	O
มาก	O
เลย	O
_	O
งด	O
อัพ	O
_	O
#AnagReylo	O
_	O
สัก	O
ระยะ	O
นะ	O
คะ	O
_	O
y	O
_	O
y	O
_	O
ต้อง	O
ขอโทษ	O
ด้วย	O
จริงๆ	NORM_2WORD
ค่า	NORM_1WORD
_	O
ส่วน	O
คำถาม	O
คือ	O
_	O
ต่อ	O
จาก	O
จอย	O
แชท	O
ตอน	O
ต่อ	O
ไป	O
จะ	O
เป็น	O
บท	O
บรรยาย	O
ค่า	NORM_1WORD
_	O
เรา	O
อยาก	O
รู้	O
ว่า	O
อยาก	O
อ่าน	O
เป็น	O
ภาษา	O
อะไร	O
กัน	O
คะ	O
?	O
_	O
ทาง	O
ไรท์	NORM_1WORD
ถนัด	O
ภาษา	O
อังกฤษ	O
มาก	O
กว่า	O
แต่	O
ถ้า	O
คน	O
อ่าน	O
อยาก	O
ได้	O
ภาษา	O
ไทย	O
เรา	O
จะ	O
พยายาม	O
นะ	O
คะ	O
y	O
_	O
y	O
_	O
#ReyloTH	O

กับ	O
การเล่น	O
แผลงๆ	NORM_2WORD
_	O
แถม	O
ยัง	O
อนุญาต	O
ให้	O
เขา	O
โทร	O
ไป	O
หา	O
ได้อีก	O
_	O
เรื่องราว	O
ใน	O
วันนั้น	O
กลายเป็น	O
เพียง	O
ความทรงจำ	O
ขำขัน	O
_	O
แต่	O
น้ำเสียง	O
เหงาๆ	NORM_2WORD
_	O
ปลายสาย	O
ยังคง	O
ดังก้อง	O
อยู่	O
ในใจ	O
โชน	O
_	O
เวลา	O
ล่วงเลย	O
ผ่านไป	O
นาน	O
นับปี	O
_	O
จน	O
กระทั่ง	O
เขา	O
เข้า	O
มหาลัย	NORM_1WORD
_	O
ความคิดถึง	O
คนแปลกหน้า	O
เสียง	O
เศร้า	O
ก็	O
แล่น	O
ปราด	O
ขึ้น	O
มา	O
_	O
เขา	O
จึง	O
ตัดสินใจ	O
โทร.	O
ไป	O
ที่	O
หมายเลข	O
ประหลาด	O
นั้น	O

ตั้ง	O
รับ	O
ของ	O
ทุก	O
อย่าง	O
ของ	O
มี่	O
ค่า	NORM_1WORD
_	O
ขอ	O
ราคา	O
นักเรียน	O
คามิ	O
มี่	O
น้า	NORM_1WORD
ค้า	NORM_1WORD
_	O
สิ่ง	O
ที่	O
อยาก	O
ได้	O
มากๆ	NORM_2WORD
คือ	O
_	O
พกจ.	NORM_1WORD
ซิง	NORM_1WORD
3	O
_	O
มี่	O
_	O
ราคา	O
รวม	O
ส่ง	O
ไม่	O
เกิน	O
_	O
250	O
฿	O
_	O
เพิ่ม	O
ได้	O
นิดหน่อย	O
ค่า	NORM_1WORD
_	O
ที่	O
ติด	O
_	O
ทรศ.	NORM_1WORD
รวม	O
ส่ง	O
ไม่	O
เกิน	O
_	O
300	O
฿	O
(	O
คง	O
ไม่	O
มี	O
ใคร	O
ขาย	O
ราคา	O
นี้	O
)	O
_	O
ขอ	O
คน	O
รับ	O
วอลเลต	O
น้า	NORM_1WORD
_	O
เมนชั่น	NORM_1WORD
เลย	O
ค่า	NORM_1WORD
_	O
สนใจ	O
จะ	O
เดม	O
ไป	O
ค่า	NORM_1WORD
_	O
#BNK48Market	O
_	O
#BNK48	O
_	O
#ตลาดนัดBNK48	O
_	O
#MioriBNK48	O

เอา	O
งี้	O
_	O
จ๋อมแจ๋ม	O
มี	O
เพื่อน	O
ผู้หญิง	O
ประปราย	O
แบบ	O
ไม่	O
สนิท	O
ตาม	O
ภาค	O
และ	O
คณะ	O
อื่น	O
ๆ	O
_	O
เพื่อน	O
ที่	O
รู้จัก	O
ตอน	O
มัธยม	O
บ้าง	O
_	O
ตอน	O
ช่วง	O
รับน้อง	O
บ้าง	O
_	O
(	O
รับน้อง	O
รวม	O
คณะ	O
_	O
เอา	O
จริง	O
ทั้ง	O
คณะ	O
ก็	O
รู้จัก	O
กัน	O
หมด	O
ถ้า	O
รับน้อง	O
จบ	O
จะ	O
สนิท	O
กัน	O
_	O
แต่	O
แจ๋ม	O
กับ	O
ซีน	O
ก็	O
คือ	O
ไม่	O
เอา	O
โซตัส	O
_	O
อยู่	O
ไม่	O
จบ	O
_	O
ปกติ	O
รับน้อง	O
หนึ่ง	O
ปี	O
เต็ม	O
)	O
_	O
เลย	O
เป็น	O
ที่มา	O
เล็ก	O
ๆ	O
_	O
ว่า	O
คน	O
ไม่	O
ค่อย	O
ชอบ	O
แจ๋ม	O

ไหน	O
ใคร	O
ตกหลุมรัก	O
เจ้า	O
เขี้ยวกุด	O
บ้าง	O
เอ่ยย	NORM_1WORD
_	O
??	O
_	O
#HowToTrainYourDragon3	O
_	O
#Dreamwork	O
_	O
#อภินิหารไวกิ้งพิชิตมังกร	O
_	O
#เขี้ยวกุด	O
_	O
#เพลิงนิล	O
_	O
#เพลิงนวล	O
_	O
#ตุ๊กตาเพลิงนิล	O
_	O
#ตุ้กตามังกร	O
_	O
#มังกร	O
_	O
#ตุ๊กตามังกรเพลิงนิล	O
_	O
#ตุ๊กตามังกรเขี้ยวกุด	O
_	O
#ตุ๊กตาเขี้ยวกุด	O
_	O
#ตุ๊กตา	O
_	O
#Toothless	O
_	O
#dragons	O
_	O
#HowtoTrainYourDragon	O

แต่	O
ซ้องปีป	O
นาง	O
โต	O
มา	O
เพราะ	O
การเลี้ยงดู	O
ไม่	O
ดี	O
ของ	O
พ่อ	O
_	O
การรัก	O
ลูก	O
ของ	O
พ่อ	O
แม่	O
ที่	O
ไม่	O
เท่า	O
กัน	O
_	O
แม่	O
เอง	O
ถาม	O
ว่า	O
รัก	O
ลูก	O
เท่า	O
กัน	O
มั้ย	NORM_1WORD
_	O
อาจ	O
จะ	O
ใช่	O
แต่	O
ใส่ใจ	O
ลูก	O
เท่า	O
กัน	O
มั้ย	NORM_1WORD
_	O
ก็	O
ไม่	O
_	O
ยิ่ง	O
กาสะลอง	O
อ่อนแอ	O
_	O
ไม่	O
เก่ง	O
เหมือน	O
น้อง	O
_	O
แค่	O
ว่ายน้ำ	O
ยัง	O
ทำ	O
ไม่	O
เป็น	O
_	O
แม่	O
จะ	O
เป็นห่วง	O
มาก	O
กว่า	O
ก็	O
ไม่	O
แปลก	O
_	O
ยิ่ง	O
พ่อ	O
รัก	O
ซ้องปีบ	O
มาก	O
_	O
แม่	O
ก็	O
ยิ่ง	O
เห็นใจ	O
กาสะลอง	O
มาก	O

อันดับ	O
_	O
#BNK48	O
_	O
รุ่น	O
_	O
1	O
_	O
วัน	O
ที่	O
_	O
9	O
_	O
ต.ค.	O
_	O
61	O
_	O
1200	O
_	O
1	O
_	O
#CherprangBNK48	O
_	O
12836	O
_	O
2	O
_	O
#MusicBNK48	O
_	O
9725	O
_	O
3	O
_	O
#JennisBNK48	O
_	O
6510	O
_	O
4	O
_	O
#MobileBNK48	O
_	O
4867	O
_	O
5	O
_	O
#PunBNK48	O
_	O
4458	O
_	O
6	O
_	O
#NamneungBNK48	O
_	O
4337	O
_	O
7	O
_	O
#NoeyBNK48	O
_	O
4051	O
_	O
8	O
_	O
#TarwaanBNK48	O
_	O
2671	O
_	O
9	O
_	O
#OrnBNK48	O
_	O
2438	O
_	O
10	O
_	O
#KaewBNK48	O
_	O
2401	O
_	O
11	O
_	O
#MindBNK48	O
_	O
1351	O
_	O
12	O
_	O
#PupeBNK48	O
_	O
1160	O

นิสัย	O
นี้	O
แก้	O
ไม่	O
ได้	O
สัก	O
ที	O
_	O
เรื่อง	O
ที่	O
อ่าน	O
ไม่	O
ได้	O
เศร้า	O
เลย	O
_	O
แต่	O
เรา	O
ร้องไห้	O
เพราะ	O
มัน	O
จบ	O
_	O
เป็น	O
คน	O
ที่	O
ถ้า	O
ชอบ	O
นิยาย	O
หรือ	O
ซีรีย์	NORM_1WORD
เรื่อง	O
ไหน	O
มากๆ	NORM_2WORD
_	O
เรา	O
จะ	O
ไม่	O
ดู	O
ตอน	O
จบ	O
_	O
จะ	O
จบ	O
ดี	O
หรือ	O
ไม่	O
ดี	O
ก็	O
ไม่	O
ดู	O
_	O
ไม่	O
อยาก	O
ให้	O
จบ	O
_	O
มี	O
หลาย	O
เรื่อง	O
มาก	O
ที่	O
ทิ้ง	O
ตอน	O
สุดท้าย	O
ไว้	O
_	O
ให้	O
เรา	O
รู้สึก	O
ว่า	O
เรื่อง	O
มัน	O
ยัง	O
_	O
continue	O
_	O
อยู่	O
ใน	O
ใจ	O
เรา	O
_	O
ไม่	O
ได้	O
หาย	O
จาก	O
เรา	O
ไป	O
ไหน	O

ในที่สุด	O
ก็	O
จบ	O
ลง	O
อย่าง	O
สวยงาม	O
ทุกๆ	O
รางวัล	O
มี	O
ค่า	O
กับ	O
พวก	O
เรา	O
เสมอ	O
_	O
ไม่ว่า	O
อะไร	O
จะ	O
เกิดขึ้น	O
อย่าง	O
น้อย	O
เรา	O
ก็	O
ได้	O
ทำ	O
อย่าง	O
เต็มที่	O
ที่สุด	O
แล้ว	O
_	O
ได้	O
เห็น	O
ถึง	O
ความทุ่มเทพยายาม	O
ถึงแม้	O
จะ	O
โหวต	O
ยาก	O
แต่	O
ก็	O
พยายาม	O
โหวต	O
จน	O
ได้	O
_	O
อาจ	O
จะ	O
ดู	O
ไม่	O
โหด	O
เท่า	O
มันม่วง	O
แต่	O
มัน	O
จะ	O
อยู่	O
ใน	O
ความทรงจำ	O
ของ	O
พวก	O
เรา	O
ตลอด	O
ไป	O
_	O
..	O
_	O
รัก	O
_	O
#เป๊กผลิตโชค	O
_	O
#PeckPalitchoke	O

เป็น	O
หนัง	O
ที่	O
หดหู่	O
แบบ	O
ไม่	O
ไหว	O
ว่ะ	O
_	O
หนัง	O
ฆาตกรรม	O
โหดๆ	O
กู	O
ดู	O
ได้	O
_	O
แต่	O
นี่	O
คือ	O
มา	O
แนว	O
ข่มขืน	O
แล้ว	O
ฆ่า	O
เด็ก	O
ไอ้	O
เหี้ย	O
เด็ก	O
_	O
10	O
_	O
กว่า	O
เอง	O
มึง	O
_	O
ฆ่า	O
ด้วย	O
นะ	O
ฆ่า	O
แบบ	O
เอา	O
น้ำแข็ง	O
ที่	O
เขา	O
แกะสลัก	O
ไว้	O
เอง	O
กับ	O
มือ	O
ฆ่า	O
เขา	O
แล้ว	O
คือ	O
มึง	O
ข่มขืน	O
แบบ	O
รุนแรง	O
มาก	O
_	O
หดหู่	O
มาก	O
_	O
มึง	O
_	O
รีวิว	O
ความหดหู่	O
ใน	O
ต้น	O
เรื่อง	O
_	O
10	O
/	O
10	O
_	O
แต่	O
กู	O
เชื่อ	O
ว่า	O
ท้าย	O
เรื่อง	O
น่ะ	O
แม่	O
แก้แค้น	O
ครับ	O

เคย	O
รู้สึก	O
ว่า	O
ตัวเอง	O
เหมือน	O
อยู่	O
คนเดียว	O
ไหม	O
?	O
_	O
คุณ	O
จะ	O
ตอบ	O
น้อง	O
อย่างไร	O
_	O
ใน	O
วัน	O
ที่	O
เหนื่อยล้า	O
_	O
ใน	O
วัน	O
ที่	O
หมองหม่น	O
พวก	O
เรา	O
ยัง	O
อยู่	O
ตรง	O
นี้	O
เสมอ	O
_	O
การเลือกตั้ง	O
ครั้ง	O
นี้	O
มา	O
แสดง	O
ออก	O
ถึง	O
ความรัก	O
ที่	O
มี	O
ต่อ	O
เปี่ยม	O
_	O
ให้	O
น้อง	O
ได้	O
รู้	O
ว่า	O
_	O
#AlwaysSupportPiam	O
_	O
โหวต	O
ให	NORM_1WORD
น้อง	O
เป็น	O
เซมบัสซึ	O
_	O
#Rosetosenbatsu	O
_	O
#VoteforPIAM	O
_	O
#	O
Piam	O
BNK48	O
_	O
#BNK48	O

ทำ	O
เหี้ย	O
ไร	NORM_1WORD
ทำ	O
เหี้ย	O
ไร	NORM_1WORD
ก้	NORM_1WORD
ผิด	O
ไป	O
หมด	O
_	O
ผิดๆๆๆๆๆ	NORM_1WORD
_	O
เปน	NORM_1WORD
คน	O
ดี	O
ก้	NORM_1WORD
เสือก	O
ได้	O
ความเหี้ย	O
กลับ	O
มา	O
_	O
หวัง	O
ดี	O
ก่	NORM_1WORD
เหมือน	O
โดน	O
ตีน	O
ถีบ	O
หน้า	O
_	O
โห	O
สัส	O
เห้นใจ	NORM_1WORD
กุ	NORM_1WORD
บ้าง	O
ดิ	O
ว่ะ	O
จะ	O
คิด	O
บ้าง	O
ไหม	O
ว่ะ	O
ว่า	O
กุ	NORM_1WORD
ก้	NORM_1WORD
มี	O
ความรุสึก	NORM_1WORD
เว้ย	O
โหด	O
ชี่ย	NORM_1WORD
และ	O
พอ	O
กุ	NORM_1WORD
รุสึก	NORM_1WORD
เสือก	O
กล่ย	NORM_1WORD
เปน	NORM_1WORD
คน	O
งี่เง่า	O
นี่	O
กุ	NORM_1WORD
ผิด	O
อีก	O
ไง	O
_	O
มอง	O
ว่า	O
ที่	O
ตัวเอง	O
พูด	O
แรง	O
บ้าง	O
ไหม	O
ละ	O
มี	O
แต่	O
ว่า	O
กุ	NORM_1WORD
ไง	O
_	O
ถ้า	O
หวังดี	O
ไม่	O
ได้	O
ก่	NORM_1WORD
ไม่	O
ต้อง	O

(	O
6	O
)	O
ตอน	O
จับ	O
มือ	O
แจน	O
ครั้ง	O
แรก	O
น่ะ	O
เหรอ	O
_	O
แจน	O
ให้	O
จ้อง	O
ตา	O
_	O
บอก	O
ตรงๆ	O
เหมือน	O
วูบ	O
_	O
ฟึบ	O
...	O
_	O
รู้สึก	O
ตัว	O
อีก	O
ที	O
คือ	O
(	O
การ์ด	O
หมด	O
เวลา	O
ครับ	O
)	O
_	O
แล้ว	O
ก็	O
สามารถ	O
อม	O
ยิ้ม	O
คน	O
เดียว	O
ทั้ง	O
วัน	O
ได้	O
_	O
เหมือน	O
โดน	O
ยา	O
อะไร	O
ซัก	NORM_1WORD
ตัว	O
_	O
แล้ว	O
หลังจาก	O
นั้น	O
จน	O
วัน	O
งาน	O
Jx	O
ที่	O
ห่าง	O
กัน	O
ไม่	O
กี่	O
วัน	O
_	O
เรา	O
ก็	O
หา	O
ซื้อ	O
Comp	O
แจน	O
ตั้งแต่	O
(	O
1	O
)	O
-	O
(	O
6	O
)	O
ได้	O
ครบ	O
หมด	O
อย่าง	O
รวดเร็ว	O
55	O
_	O
#JanBNK48	O
_	O
#BNK48	O

ใน	O
นิยาย	O
เป็น	O
มุมมอง	O
ของ	O
นางเอก	O
คน	O
เดียว	O
แต่	O
ซีรี่ย์	NORM_1WORD
เหมือน	O
มา	O
เติมเต็ม	O
ว่า	O
ทำไม	O
พระเอก	O
ถึง	O
ร้ายกาจ	O
มัน	O
เป็น	O
เพราะ	O
การเลี้ยงดู	O
และ	O
ต้อง	O
เอา	O
ตัว	O
ให้	O
รอด	O
ใน	O
ซีรี่ย์	NORM_1WORD
เลย	O
ทำ	O
แบบ	O
เงา	O
สะท้อน	O
ว่า	O
พ่อ	O
ลูก	O
_	O
เฉิงอิ๋น	O
กะ	NORM_1WORD
ฮ่องเต้	O
ก็	O
จะ	O
ชีวิต	O
ที่	O
คล้าย	O
กัน	O
_	O
สุดท้าย	O
ไม่	O
สามารถ	O
ปกป้อง	O
คน	O
ที่	O
ตัวเอง	O
รัก	O
และ	O
รัก	O
ตัวเอง	O
ได้	O
ตราบ	O
ใด	O
ที่	O
อยู่	O
ใน	O
วังวน	O
แห่ง	O
อำนาจ	O

และ	O
ยัง	O
มี	O
อีกเรื่อง	O
นะ	O
เว่ย	O
ที่	O
เรา	O
ไป	O
รู้	O
มา	O
อะ	O
_	O
แก	O
บอก	O
ว่า	O
แก	O
เป็น	O
คนต่างจังหวัด	O
ใช่	O
ปะ	O
_	O
ใช้ชีวิต	O
ตัว	O
คนเดียว	O
ใน	O
กรุงเทพ	NORM_1WORD
_	O
แก	O
บอก	O
ว่า	O
แก	O
เหงา	O
ที่	O
ไม่	O
ได้	O
อยู่	O
กับ	O
ครอบครัว	O
_	O
จริงๆ	NORM_2WORD
แล้ว	O
บ้าน	O
แก	O
เป็น	O
ร้านขายยา	O
ไม่	O
ใช่	O
หรอ	NORM_1WORD
_	O
แล้วก็	O
อยู่	O
ใน	O
กรุงเทพ	NORM_1WORD
ด้วย	O
_	O
ตลก	O
ดี	O
เนอะ	O
_	O
ไม่	O
รู้	O
ว่า	O
แก	O
บ้า	O
_	O
หรือ	O
เรา	O
กันแน่	O
ที่	O
โง่	O
_	O
เชื่อ	O
คำโกหก	O
แก	O
ได้	O
ลง	O
อะ	O
_	O
แก	O
โกหก	O
ทำไม	O
วะ	O

เป็น	O
นิยาย	O
ที่	O
บอก	O
ได้	O
เลย	O
ว่า	O
_	O
รัก	O
อะ	O
_	O
ชอบ	O
มาก	O
_	O
คือ	O
ตอน	O
แรก	O
ที่	O
เข้า	O
มา	O
พอ	O
อ่าน	O
ตอน	O
แรก	O
จบ	O
พูด	O
เลย	O
ว่า	O
_	O
อิ	NORM_1WORD
พี่	O
มัน	O
ร้าย	O
น้อง	O
ฝุ่น	O
ของ	O
เรา	O
ก็	O
แบบ	O
ว่า	O
ยอมๆ	O
_	O
อิ	NORM_1WORD
พี่	O
จิงๆ	NORM_1WORD
พอ	O
อ่าน	O
ไป	O
เรื่อยๆ	NORM_2WORD
คือแบบ	O
น่ารัก	O
วะ	NORM_1WORD
ดู	O
กุ๊กกิ๊ก	O
ดี	O
_	O
ตอน	O
ท้ายๆ	O
เรื่อง	O
คือแบบ	O
อยาก	O
จะ	O
_	O
โกด	NORM_1WORD
อิ	NORM_1WORD
พี่	O
มาก	O
แต่	O
เข้าใจ	O
ว่า	O
อยาก	O
ปกป้อง	O
น้อง	O
คือ	O
เสีย	O
น้ำตา	O
ไป	O
หลาย	O
เลย	O
แต่	O
ชอบ	O
มาก	O
_	O
#ติณห์ติดฝุ่น	O

ถ้า	O
น้อง	O
แก้ว	O
บอก	O
ให้	O
พี่	O
กระโดด	O
_	O
พี่	O
จะ	O
ถาม	O
หนู	O
ว่า	O
ให้	O
กระโดด	O
สูง	O
แค่ไหน	O
_	O
และ	O
ถ้า	O
น้อง	O
แก้ว	O
บอก	O
ให้	O
พี่	O
ต้อง	O
เร็ว	O
_	O
พี่	O
ก็	O
จะ	O
ถาม	O
ว่า	O
แค่นี้	O
เร็ว	O
พอ	O
รึ	NORM_1WORD
ยัง	O
_	O
มา	O
ค่ะ	O
พวก	O
เธ๊อ	NORM_1WORD
_	O
Stripe	O
_	O
Tube	O
_	O
Top-Seafoam/Cream	O
_	O
จาก	O
_	O
Forever	O
21	O
_	O
นะ	O
จ๊ะ	O
_	O
ใคร	O
จะ	O
ตาม	O
ไป	O
ก็	O
เสียใจ	O
ด้วย	O
_	O
sold	O
_	O
out	O
_	O
หมด	O
แร้ว	NORM_1WORD
บัย	NORM_1WORD
นะ	O
_	O
#แก้วชอบของแบรนด์เนมค่ะ	O
_	O
ร้ากกก	NORM_1WORD
_	O
#KaewBNK48	O
_	O
#BNK48	O

จ่าย	O
เบาๆ	NORM_2WORD
_	O
แค่	O
_	O
370	O
.-	O
_	O
ไอซ์	O
จัด	O
ส่ง	O
ฟรี	O
Ems	O
_	O
ให้	O
จ้า	O
_	O
#ส่งฟรีเก็บเงินปลายทาง	O
_	O
Line	O
_	O
Phakamas_Ice	O
_	O
#ตาติลาร์	O
_	O
#ตาติลาร์ดีไหม	O
_	O
#ตาติล่า	O
_	O
#ตาติลาร	O
_	O
#ตาติลาร์_อย	O
_	O
#ตาติลาร์_pantip	O
_	O
#ตาติลาร์_รีวิว	O
_	O
#ตาติลาร์_พันทิป	O
_	O
#ลดน้ำหนัก_ตาติลาร์	O
_	O
#ยาลดน้ำหนักตาติลา	O
_	O
#ลดน้ำหนัก_ตาติลาร์	O
_	O
#ลดน้ำหนัก_ตาติล่าส์	O
_	O
#ลดน้ำหนัก	O

รีวิว	O
คุณ	O
ช้าง	O
_	O
และ	O
คุณ	O
แม่	O
ที่	O
เป็น	O
ลูกค้า	O
ประจำ	O
ของ	O
เรา	O
_	O
กรอบ	O
เหรียญเซรามิค	NORM_1WORD
_	O
#พระครูบา	O
_	O
เดิมที	O
เป็น	O
ของเก่า	O
ที่	O
ทำ	O
เป็น	O
เข็มกลัด	O
_	O
แต่	O
ด้วย	O
การใช้งาน	O
มา	O
นาน	O
_	O
ทำให้	O
ไม่	O
สามารถ	O
ใช้	O
งาน	O
ได้	O
แล้ว	O
_	O
ลูกค้า	O
ต้องการ	O
ที่	O
จะ	O
เปลี่ยน	O
เป็น	O
_	O
#จี้พระ	O
_	O
จึง	O
นำ	O
มา	O
ให้	O
เรา	O
กรอบ	O
ให้	O
ใหม่	O
_	O
โดย	O
ไม่	O
ต้องการ	O
ใส่	O
เพชร	O
_	O
แกะ	O
ลาย	O
ด้าน	O
ข้าง	O
_	O
#MadetoOrder	O
เพชรเจมส์	O

โปรเจ็ค	NORM_1WORD
ทั้ง	O
_	O
#	O
ไทบ้านXBNK48	O
_	O
และ	O
_	O
#TheSkaXBNK48	O
_	O
มี	O
บาง	O
อย่าง	O
คล้าย	O
กัน	O
_	O
คือ	O
มัน	O
มี	O
ความไม่	O
พอใจ	O
บาง	O
ส่วน	O
จาก	O
แฟน	O
หนัง	O
_	O
และ	O
แฟน	O
วง	O
_	O
ตอน	O
นี้	O
เลย	O
เหมือน	O
ว่า	O
น้องๆ	NORM_2WORD
ก็	O
ต้อง	O
ทำ	O
โปรเจ็ค	NORM_1WORD
นี้	O
ให้	O
ดี	O
เพื่อ	O
ทำลาย	O
กำแพง	O
ของ	O
แฟน	O
หนัง	O
ไทบ้าน	O
_	O
เหมือน	O
ที่	O
ขณะ	O
เดียว	O
กัน	O
_	O
ทีม	O
_	O
The	O
_	O
Ska	O
_	O
เอง	O
ก็	O
ต้อง	O
ทำ	O
ผลงาน	O
ให้	O
ดี	O
เพื่อ	O
ทำลาย	O
กำแพง	O
ของ	O
แฟนคลับ	O
เช่น	O
กัน	O
_	O
#BNK48	O

แก้วลดโลกร้อน	O
ของ	O
สตาบัค	O
_	O
ลด	O
การใช้พลาสติก	O
_	O
พนง	NORM_1WORD
_	O
บอก	O
ว่า	O
สามารถ	O
นำ	O
กลับ	O
มา	O
รียูส	O
ได้	O
_	O
30	O
_	O
ครั้ง	O
_	O
แก้ว	O
_	O
150	O
฿	O
_	O
หลอด	O
_	O
30	O
฿	O
_	O
ใช้	O
แก้ว	O
นี้	O
สามารถ	O
ใช้	O
เป็น	O
ส่วนลด	O
สตาบัค	O
ครั้ง	O
ละ	O
10	O
฿	O
_	O
ส่วนตัว	O
คิด	O
ว่า	O
คิ้วๆ	NORM_2WORD
_	O
เรียบๆ	NORM_2WORD
ดี	O
_	O
ได้	O
ถุงใส่แก้ว	O
ด้วย	O
_	O
อัน	O
นี้	O
ซื้อ	O
ที่	O
สาขา	O
เซนทรัลกาดสวนแก้ว	O
_	O
#StarbucksThailand	O
_	O
#รีวิวเชียงใหม่	O
_	O
#reviewchiangmai	O

ยัง	O
นะ	O
คะ	O
ยัง	O
ไม่	O
หมด	O
_	O
รองเท้า	O
ค่ะ	O
รองเท้า	O
_	O
เรา	O
จะ	O
สปอร์ท	NORM_1WORD
แค่	O
เสื้อบอล	O
เกงวอร์ม	NORM_1WORD
ไม่	O
ได้	O
_	O
NIKE	O
AIR	O
MAX	O
97	O
OG	O
QS	O
SILVER	O
BULLET	O
PINK	O
_	O
สี	O
หา	O
ยาก	O
อีก	O
แล้วว	NORM_1WORD
_	O
อยาก	O
รู้	O
มาก	O
ไป	O
ได้	O
มา	O
จาก	O
ไหน	O
_	O
ราคา	O
เปิดตัว	O
_	O
5,XXX	O
_	O
บาท	O
_	O
แต่	O
คิด	O
ว่า	O
ไม่	O
น่า	O
ซื้อ	O
ทัน	O
_	O
รีเซล	O
ตอน	O
นี้	O
ปาด	O
ไป	O
_	O
XX,XXX	O
_	O
แล้ว	O
ค่ะ	O
_	O
#	O
แก้ว	O
ชอบ	O
ของ	O
แบรนด์เนม	O
ค่ะ	O
_	O
ร้ากกกกก	NORM_1WORD
_	O
#	O
KaewBNK48	O
_	O
#	O
BNK48	O

แคน	O
..	O
คน	O
ที่	O
เรา	O
แอบ	O
ลุ้น	O
ไกลๆ	O
เสมอ	O
แม้	O
ไม่	O
ได้	O
โอชิ	O
_	O
รู้	O
มา	O
บ้าง	O
ว่า	O
เครียด	O
และ	O
ไม่	O
ใช่	O
เวย์	O
ของ	O
แคน	O
มากนัก	O
กับ	O
การมาอยู่	O
ตรง	O
นี้	O
_	O
วันนี้	O
เข้าใจ	O
ว่า	O
น้อง	O
ประคอง	O
ตัวเอง	O
อย่าง	O
ดี	O
จน	O
ถึง	O
ที่สุด	O
แล้ว	O
_	O
พี่	O
ขอให้	O
ทาง	O
ข้าง	O
หน้า	O
เป็น	O
ทาง	O
ที่	O
แคน	O
จะ	O
โต	O
ขึ้น	O
ไป	O
ได้	O
อีก	O
และ	O
ได้	O
อยู่	O
ใน	O
จุด	O
ที่	O
ใช่	O
_	O
รอ	O
ฟัง	O
เพลง	O
ที่	O
จะ	O
ออก	O
เร็วๆ	O
นี้	O
อยู่	O
นะ	O
_	O
)	O
_	O
#CanBNK48	O
_	O
#BNK48	O

และ	O
เอา	O
จริงๆ	NORM_2WORD
_	O
คน	O
ที่	O
เค้า	NORM_1WORD
อยู่	O
เรือ	O
หลัก	O
ตาม	O
น้อง	O
เข้าใจ	O
น้อง	O
แบบ	O
ไม่	O
ใคร่	O
แต่	O
โมเม้น	NORM_1WORD
_	O
ก็	O
จะ	O
ไม่	O
มี	O
ปัญหา	O
_	O
เค้า	NORM_1WORD
มอง	O
ที่	O
รอยยิ่ม	NORM_1WORD
น้อง	O
เป็น	O
สำคัญ	O
_	O
และ	O
เข้าใจ	O
ว่า	O
_	O
หน้าที่	O
_	O
ชิปเปอร	NORM_1WORD
_	O
คือ	O
อะไร	O
_	O
ส่วน	O
พวก	O
ที่	O
เอาแต่	O
ดราม่า	O
_	O
เสียใจ	O
ด้วย	O
_	O
คุณ	O
สอบ	O
ตก	O
!!!	O
_	O
เพราะ	O
นอกจาก	O
แยกแยะ	O
ไม่	O
เป็น	O
_	O
สกิล	NORM_1WORD
ชิป	O
ยัง	O
ทำ	O
ได้	O
ไม่	O
ดี	O
จน	O
ต้อง	O
ไป	O
ดราม่า	O
ใส่	O
คน	O
อื่น	O
ให้	O
สบายใจ	O

เคย	O
สงสัย	O
ว่า	O
ทำไม	O
คนเรา	O
จึง	O
ยอม	O
เอา	O
เงิน	O
ส่วนตัว	O
มา	O
ทำ	O
ของที่ระลึก	O
แจก	O
ให้	O
คนอื่น	O
กัน	O
ได้	O
ขนาดนี้	O
?	O
_	O
แต่	O
พอ	O
ได้	O
มา	O
เห็น	O
ก็	O
เข้าใจ	O
ว่า	O
นี่แหละ	O
คือ	O
หนึ่ง	O
ใน	O
รูปแบบ	O
การส่งมอบ	O
พลังบวก	O
ให้กัน	O
ของ	O
แฟนๆ	NORM_2WORD
ที่	O
ทำ	O
ให้	O
_	O
Event	O
_	O
จับมือ	O
เป็น	O
หนึ่ง	O
ใน	O
งาน	O
ที่	O
เรา	O
มอง	O
ว่า	O
มัน	O
งดงาม	O
มากๆ	NORM_2WORD
ใคร	O
ยัง	O
กังขา	O
ใน	O
งานนี้	O
ควร	O
มา	O
ลอง	O
ให้	O
ได้	O
สักครั้ง	O
จริงๆ	NORM_2WORD
นะ	O
เว้ยยย	NORM_1WORD
_	O
#BNK48	O

พึ่ง	NORM_1WORD
ดู	O
ep.	O
7	O
_	O
อห	NORM_1WORD
_	O
ไม่	O
ได้	O
เชียร์	O
ทีม	O
หมู	O
แต่	O
ต้อง	O
ยอมรับ	O
ว่า	O
ทีม	O
นี้	O
มี	O
แต่	O
คน	O
โหด	O
จริง	O
ว่ะ	O
_	O
สงสาร	O
เรียวตะ	O
มาก	O
_	O
ตอน	O
โทนี่	O
ตัด	O
เรียวตะ	O
ออก	O
นี่	O
คือ	O
แบบ	O
_	O
มั่ย	NORM_1WORD
นะ	O
_	O
มั่ย	NORM_1WORD
เอา	O
_	O
พี่	O
หมู	O
เอาแน่เอานอน	O
ไม่	O
ได้	O
ถ้า	O
น้อง	O
ออก	O
จะ	O
ทำ	O
ไง	O
_	O
น้อง	O
น่าสงสาร	O
_	O
น้อง	O
พยายาม	O
ขนาด	O
นี้	O
แต่	O
ก็	O
ขอบคุณ	O
ความน้อง	O
ที่	O
พี่	O
หมู	O
เอ็นดู	O
ไม่	O
ตัด	O
น้อง	O
ไป	O
_	O
ฮืออ	NORM_1WORD
_	O
#	O
TheFaceMen	O
Thailand2	O

ยอดหญิงเซียนเครื่องหอม	O
_	O
นิยาย	O
แปล	O
_	O
ตาม	O
มา	O
จาก	O
ยอดหญิงหมอเทวดา	O
_	O
แต่	O
อ่าน	O
เรื่อง	O
นี้	O
แล้ว	O
เฉย	O
อ่ะ	NORM_1WORD
_	O
คือ	O
มัน	O
ช้า	O
_	O
และ	O
อึดอัด	O
มี	O
แต่	O
ความเข้าใจ	O
ผิด	O
กัน	O
_	O
ปิดบัง	O
กัน	O
_	O
จะ	O
ได้	O
ดี	O
ก็	O
มี	O
ปัญหา	O
ตลอด	O
_	O
ไม่	O
ใช่	O
ทาง	O
ของ	O
พี่	O
_	O
นางเอก	O
เป็น	O
ลูก	O
ขุนนาง	O
ต้องโทษ	O
ที่	O
ถูก	O
ส่ง	O
ไป	O
เป็น	O
คณิกา	O
_	O
สามี	O
เป็น	O
แม่ทัพ	O
ใหญ่	O
เข้า	O
มา	O
ช่วย	O
ถ่ายถอน	O
_	O
แต่	O
ทำให้	O
นางเอก	O
เสียใจ	O
ตลอด	O

ฮวังมินฮยอน	O
_	O
ช.	NORM_1WORD
ผู้	O
เกิด	O
มา	O
เพื่อ	O
เป็น	O
ไอดอล	O
_	O
ฉายา	O
พี่	O
ฝ่า	O
ร้อย	O
เมีย	O
หล่อ	O
มาก	O
_	O
ผิว	O
ดี	O
มาก	O
_	O
เสียง	O
หวาน	O
_	O
และ	O
เต้น	O
เป๊ะ	O
ทุก	O
องศา	O
ทุก	O
บีท	O
_	O
ชอบ	O
ที่	O
พี่	O
มิน	O
ทำ	O
อะไร	O
ไม่	O
ค่อย	O
แคร์	O
ความหล่อ	O
ของ	O
ตัวเอง	O
_	O
เด๋อ	O
และ	O
ลุง	O
ไม่	O
มี	O
สิ้น	O
สุด	O
ใน	O
บางที	O
_	O
แต่	O
พี่	O
รัก	O
เมมเบอร์	O
ทุก	O
คน	O
และ	O
ดูแล	O
น้องๆ	NORM_2WORD
ดี	O
มากๆ	NORM_2WORD
_	O
เรา	O
เชื่อ	O
ว่า	O
ทุก	O
อย่าง	O
พี่	O
มิน	O
ทำ	O
จาก	O
ใจ	O
และ	O
เต็มใจ	O
ทำ	O
.	O
_	O
.	O
รัก	O
พี่	O
นะ	O

เพจ	O
_	O
Idol	O
_	O
ok	O
_	O
อาการ	O
หนัก	O
ละ	O
นะ	O
_	O
เพลง	O
_	O
BNK	O
_	O
Festival	O
_	O
ยัง	O
ไม่	O
ออก	O
เลย	O
_	O
ก็	O
มา	O
เขียน	O
แซะ	O
_	O
ดูถูก	O
_	O
บอก	O
ว่า	O
เป็น	O
เพลง	O
กาก	O
ของ	O
_	O
AKB	O
_	O
เอา	O
มา	O
ให้	O
ปัญ	O
ทำไม	O
_	O
โคตร	O
พยายาม	O
โชว์	O
เก๋า	O
อ่ะ	O
_	O
รอ	O
ให้	O
เพลง	O
ออก	O
มา	O
ก่อน	O
ดี	O
กว่า	O
มั้ย	NORM_1WORD
_	O
ค่อย	O
มา	O
วิจารณ์	O
_	O
ไม่	O
ใช่	O
วิจารณ์	O
แบบ	O
มโนๆ	O
ล่วง	O
หน้า	O
_	O
พยายาม	O
ปั่น	O
ดราม่า	O
ให้	O
ยอด	O
คน	O
เข้า	O
เพจ	O
เยอะๆ	O
_	O
รีพอร์ท	O
ซะ	O
เลย	O
_	O
#	O
BNK48	O
_	O
#	O
Pun	O
BNK48	O

ขอ	O
แสดง	O
ความเสียใจ	O
กับ	O
ผู้	O
ที่	O
เสียชีวิต	O
_	O
น้อง	O
ยัง	O
อายุ	O
_	O
18	O
ปี	O
_	O
ยัง	O
ควร	O
จะ	O
มี	O
เวล	NORM_1WORD
บน	O
โลก	O
ให้	O
กับ	O
ตัวเอง	O
_	O
พ่อแม่	O
_	O
และ	O
สังคม	O
_	O
#เล่น	O
ยา	O
ไอซ์	O
_	O
มี	O
ความเสี่ยง	O
อยู่	O
ทุกๆ	O
วินาที	O
_	O
ไม่	O
ตัวเรา	O
_	O
ก็	O
ตัว	O
เค้า	NORM_1WORD
_	O
ความสนุก	O
_	O
ความสุข	O
บน	O
ความเสี่ยง	O
_	O
มัน	O
ก็	O
พา	O
เรา	O
ให้	O
ลืม	O
ออก	O
จาก	O
ความเหงา	O
_	O
ความเจ็บปวด	O
จาก	O
ชีวิตจริง	O
ก็	O
แค่	O
ชั่ว	O
ยา	O
ออก	O
ฤทธิ์	O
_	O
#เลิก	O
ยา	O
ไอซ์	O
_	O
มั้ย	NORM_1WORD
?	O

ยัง	O
ไม่	O
รู้	O
ว่า	O
_	O
#DocumentaryOfBNK48	O
_	O
จะ	O
ออก	O
มา	O
เป็น	O
แบบ	O
ไหน	O
_	O
แต่	O
สารคดี	O
ของ	O
_	O
HKT48	O
_	O
มี	O
ช่วง	O
ที่	O
เปิด	O
เผย	O
วิธี	O
การเลือก	O
เซ็นบัตสึ	O
ทั้ง	O
_	O
16	O
_	O
คน	O
_	O
ถ้า	O
_	O
BNK	O
_	O
ใส่	O
ตรง	O
นี้	O
เข้า	O
ไป	O
_	O
(	O
ไม่	O
รู้	O
จะ	O
เปิด	O
เผย	O
ได้	O
ไหม	O
)	O
_	O
อาจ	O
ทำ	O
ให้	O
แฟนๆ	NORM_2WORD
ของ	O
น้อง	O
อีก	O
หลาย	O
คน	O
เข้าใจ	O
ถึง	O
ขั้นตอน	O
_	O
และ	O
ปัจจัย	O
การเลือก	O
เด็ก	O
มา	O
ติด	O
เซ็นบัตสึ	O
ทั้ง	O
_	O
16	O
_	O
คน	O
เพิ่ม	O
ขึ้น	O
ก็	O
ได้	O
นะ	O
_	O
#BNK48	O

เสื้อ	O
วันเกิด	O
_	O
#BNK48	O
_	O
ยังไง	NORM_1WORD
ก็	O
ผิด	O
_	O
ต่อ	O
ให้	O
บอก	O
ว่า	O
เด็ก	O
ไม่	O
ผิด	O
เด็ก	O
แค่	O
ร่าง	O
_	O
แต่	O
คุณ	O
ขาย	O
โดย	O
บอก	O
ว่า	O
ออกแบบ	O
ทั้ง	O
หมด	O
โดย	O
เด็ก	O
_	O
นี้	NORM_1WORD
ก็	O
ผิด	O
แล้ว	O
_	O
ผิด	O
ยิ่ง	O
กว่า	O
คือ	O
กราฟฟิค	NORM_1WORD
ที่	O
ไร้	O
จรรยาบรรณ	O
_	O
มักง่าย	O
_	O
มัน	O
ยาก	O
ที่	O
จะ	O
โดน	O
ลงโทษ	O
ด้วย	O
กฏหมาย	O
_	O
แต่	O
ที่	O
ง่าย	O
คือ	O
ความไว้ใจ	O
จาก	O
แฟนคลับ	O
ใน	O
อฟช.	NORM_1WORD
ก็	O
หมด	O
ไป	O
ด้วย	O
เช่น	O
กัน	O
_	O
ไม่เป็นไร	O
_	O
น้อง	O
เรา	O
แกรด	O
เรา	O
ก็	O
แกรด	O

รัด	O
ส้น	O
สีดำ	O
_	O
1790	O
_	O
ส่ง	O
ฟรี	O
_	O
!	O
_	O
#adidas	O
_	O
#พรีออเดอร์	O
_	O
#พรีออเดอร์เกาหลี	O
_	O
#รับหิ้ว	O
_	O
#รีวิว	O
_	O
#preorderkorea	O
_	O
#รองเท้า	O
_	O
#รองเท้าผ้าใบ	O
_	O
#preoroder	O
_	O
#รับหิ้วสินค้า	O
_	O
#fila	O
_	O
#vans	O
_	O
#รองเท้าเกาหลี	O
_	O
#พรีเกาหลี	O
_	O
#รับหิ้วเกาหลี	O
_	O
#สินค้านำเข้า	O
_	O
#หิ้วเกาหลี	O
_	O
#สินค้าเกาหลี	O
_	O
#nike	O
_	O
#BT21	O
_	O
#filathailand	O
_	O
#adidasstansmith	O

เมน	O
_	O
แทฮยอง	O
_	O
เหตุผล	O
ที่	O
รัก	O
บังทัน	O
_	O
เค้า	NORM_1WORD
เป็น	O
ความสุข	O
_	O
แรงผลักดัน	O
_	O
กำลังใจ	O
ของ	O
เรา	O
_	O
เวลา	O
เหนื่อย	O
หรือ	O
ท้อ	O
มากๆ	NORM_2WORD
แค่	O
ได้	O
ดู	O
วิดีโอ	O
ที่	O
พวกเค้า	NORM_1WORD
ยิ้ม	O
_	O
หัวเราะ	O
_	O
หรือ	O
ร้องเพลง	O
_	O
มัน	O
ก็	O
ช่วย	O
ฮีล	O
ให้	O
เรา	O
ได้	O
_	O
และ	O
ยิ่ง	O
เวลา	O
ดู	O
คลิป	O
ใน	O
คอน	NORM_1WORD
_	O
หรือ	O
แฟนไซน์	O
ต่างๆ	NORM_2WORD
_	O
ชอบ	O
สายตา	O
ที่	O
บังทัน	O
มอง	O
มี่	O
มาก	O
_	O
มัน	O
แสดงออก	O
ถึง	O
ความรัก	O
ที่	O
ไม่	O
ต้อง	O
พูด	O
อะไร	O
มาก	O
เลย	O
ค่ะ	O

ตอน	O
นั้น	O
ไป	O
ญป.	O
_	O
แล้ว	O
ที	O
นี้	O
_	O
ที่พัก	O
เรา	O
มัน	O
ใกล้	O
กับ	O
สถน.รฟ	NORM_1WORD
_	O
ก็	O
จะ	O
มี	O
เด็ก	O
มัธยม	O
จะ	O
มา	O
ขึ้น	O
รฟ.	NORM_1WORD
กลับ	O
_	O
เรา	O
ก้	NORM_1WORD
แอบ	O
ส่อง	O
_	O
วัน	O
นั้น	O
ผู้หล่อ	O
มัก	O
_	O
ตัดสินใจ	O
ถ่ายรูป	O
กะ	O
จะ	O
ถ่าย	O
เนียนๆ	O
ถ่าย	O
กำแพง	O
_	O
แล้ว	O
แบบ	O
พอ	O
กด	O
ถ่าย	O
_	O
อี	O
เพื่อน	O
มัน	O
ก้	NORM_1WORD
หัน	O
เข้า	O
กล้อง	O
_	O
(	O
คน	O
ที่	O
จะ	O
ถ่าย	O
รถ	O
บัง	O
)	O
_	O
อี	O
นั่น	O
มัน	O
ก้	NORM_1WORD
หัน	O
ไป	O
บอก	O
เพื่อน	O
_	O
กุ	NORM_1WORD
แทบ	O
แทรก	O
แผ่นดิน	O
หนี	O
_	O
#เรื่องมันช่างน่าอาย	O

Biri	O
gal	O
_	O
เด็ก	O
คน	O
นึง	NORM_1WORD
ที่	O
ไม่	O
มี	O
เพื่อน	O
คบ	O
_	O
แม่	O
เลย	O
พยายาม	O
หา	O
ทาง	O
ช่วย	O
_	O
นางเอก	O
ชอบ	O
ชุดนักเรียน	O
ของ	O
โรงเรียน	O
หนึ่ง	O
_	O
จึง	O
ไป	O
สอบ	O
เข้า	O
_	O
แม่	O
นางเอก	O
บอก	O
ว่า	O
ถ้า	O
เข้า	O
ไป	O
เรียน	O
ไม่	O
ต้อง	O
ตั้งใจ	O
เรียน	O
ก็	O
ได้	O
_	O
เด็ก	O
เลย	O
ติด	O
เพื่อน	O
_	O
จน	O
วัน	O
หนึ่ง	O
เธอ	O
จะ	O
เปลี่ยนแปลง	O
ลบ	O
คำดูถูก	O
_	O
แนว	O
ตลก	O
ดราม่า	O
_	O
สนุก	O
สะใจ	O
นางเอก	O
มาก	O
โดน	O
อาจารย์	O
กับ	O
พ่อ	O
ดูถูก	O
_	O
#แนะนำอนิเมะ	O

มาค	NORM_1WORD
หน้า	O
_	O
#KiehlsThailand	O
_	O
ใช้	O
แล้ว	O
รู้สึก	O
ถึง	O
ว่า	O
เนียบ	NORM_1WORD
แล้ว	O
เรียบ	O
ด้วย	O
คือ	O
หน้านุ่ม	O
มาก	O
จริงๆ	NORM_2WORD
หน้า	O
แบบ	O
สดชื่น	O
จริงๆ	NORM_2WORD
ชอบ	O
ต้อง	O
ผิว	O
เรียบเนียบ	NORM_1WORD
เนี่ยแหละ	NORM_1WORD
เอาจริงๆ	O
555	O
ชอบ	O
มาก	O
ตอน	O
ไป	O
ล้าง	O
หน้า	O
แล้ว	O
จับ	O
หน้า	O
แบบ	O
มัน	O
เนียบ	NORM_1WORD
อะ	O
ชอบบ	NORM_1WORD
เริ้ฟฟ	NORM_1WORD
_	O
เห็น	O
บตบก	O
หลาย	O
คน	O
รีวิว	O
เลย	O
ไป	O
ลอง	O
มา	O
คือดี	O
ใคร	O
ต้อง	O
มา	O
ลอง	O
กัน	O
_	O
#ใช้ดีบอกต่อ	O
_	O
#ไว้รีวิวห้ามขายของ	O
โว้ยย	NORM_1WORD

หลังจาก	O
ฟิน	O
จน	O
สลบ	O
ไป	O
แล้ว	O
กับ	O
_	O
#หัวใจศิลาep23	O
_	O
ขอ	O
ชื่นชม	O
ทีมงาน	O
และ	O
นักแสดง	O
ที่	O
ใส่ใจ	O
ผู้ชม	O
ทำ	O
ละคร	O
พ๊อตเรื่อง	NORM_1WORD
ออก	O
แนว	O
โหด	O
ดุดัน	O
รุนแรง	O
ต่อ	O
ความรู้สึก	O
_	O
แต่	O
บทรัก	O
ทำ	O
ออก	O
มา	O
ได้	O
ละมุนละม่อม	O
สวยงาม	O
ไม่	O
มี	O
ฉากขืนใจ	O
_	O
ความรัก	O
ไม่	O
ใช่	O
การเอาชนะ	O
เพื่อ	O
ได้	O
ครอบครอง	O
แต่	O
คือ	O
ความพร้อมใจ	O
_	O
พี่	O
ต่อ	O
ไม่	O
ขืนใจ	O
แต่	O
รอ	O
เวลา	O
ที่	O
มิน	O
ยอมรับ	O
ว่า	O
รัก	O
จริงๆ	NORM_2WORD

วันนี้	O
เปิด	O
เทอม	O
วัน	O
แรก	O
ของ	O
ปี	O
2	O
_	O
เอา	O
จริง	O
เหงา	O
นะ	O
_	O
เพื่อนสนิท	O
2	O
คน	O
ซิ่ว	O
ไป	O
แล้ว	O
_	O
ต้อง	O
เริ่ม	O
ทำตัว	O
สนิท	O
กับ	O
คน	O
อื่น	O
ใหม่	O
ทั้งๆที่	O
คน	O
อื่น	O
เขา	O
ก็	O
มี	O
กลุ่ม	O
กัน	O
อยู่แล้ว	O
_	O
ตอน	O
แรก	O
ก็	O
คิด	O
ว่า	O
ใช้	O
ชีวิต	O
คน	O
เดียว	O
ได้	O
_	O
แต่	O
การใช้	O
ชีวิต	O
คน	O
เดียว	O
ท่ามกลาง	O
คน	O
อื่น	O
ที่	O
ดู	O
สนิทสนม	O
กัน	O
ทั้ง	O
อึดอัด	O
ทั้ง	O
เหงา	O
_	O
โอเค	O
_	O
วัน	O
ต่อๆ	O
ไป	O
อาจ	O
จะ	O
ปรับตัว	O
ได้	O
หรือ	O
ชิน	O
ไป	O
เอง	O

7	O
/	O
7	O
/	O
62	O
_	O
สรุป	O
เมนู	O
วันนี้	O
_	O
มื้อ	O
เช้า	O
-	O
กลาง	O
วัน	O
-	O
เย็น	O
กิน	O
ปิ้ง	O
ตับไก่	O
กับ	O
ข้าวสวย	O
_	O
ตับไก่	O
นุ่ม	O
ละมุน	O
ดี	O
_	O
สม	O
กับ	O
ที่	O
แม่	O
บรรจง	O
ปิ้ง	O
_	O
ช่วง	O
สาย	O
กิน	O
นม	O
เมจิ	O
_	O
ชอบ	O
นมสด	O
ของ	O
เมจิ	O
เพราะ	O
อร่อย	O
เข้มข้น	O
ดี	O
_	O
เย็น	O
หลัง	O
กิน	O
ข้าว	O
เสร็จ	O
เพิ่ม	O
ความสดชื่น	O
ด้วย	O
ยาคูลท์	O
_	O
พรุ่ง	O
นี้	O
นัด	O
อัพเดท	NORM_1WORD
อาการ	O
กับ	O
หมอ	O
_	O
หวัง	O
ว่า	O
จะ	O
หาย	O
จะ	O
ได้	O
กิน	O
ไร	NORM_1WORD
อร่อยๆ	O
ซะ	NORM_1WORD
ที	O
_	O
#วันวันกินไร	O

ใบ	O
ที่	O
3	O
-	O
4	O
_	O
ได้	O
น้อง	O
ใจดี	O
จาก	O
บ้าน	O
mymind	O
ให้	O
มา	O
อีก	O
1	O
ใบ	O
_	O
ต้อง	O
ขอโทษ	O
ด้วย	O
น้อง	O
เค้า	O
อยาก	O
ให้	O
วน	O
ไป	O
พูด	O
กับ	O
น้อง	O
มากกว่า	O
_	O
แต่	O
ผม	O
พยายาม	O
คิด	O
แล้ว	O
ว่า	O
จะ	O
พูด	O
อะไร	O
กับ	O
น้อง	O
ดี	O
แต่	O
คิด	O
เท่าไหร่	O
ก็	O
คิด	O
ไม่	O
ออก	O
เพราะ	O
กะ	O
จะ	O
ไป	O
บอก	O
ลา	O
น้อง	O
กลับ	O
ลำพูน	O
พอ	O
แล้ว	O
_	O
เลย	O
เอา	O
ไป	O
เป่ายิ้งฉุบ	O
แทน	O
_	O
แต่	O
ผล	O
กลับ	O
มา	O
ทำ	O
ได้	O
แค่	O
เสมอ	O
_	O
เพราะ	O
รัก	O
น้อง	O
เสมอ	O
ไง	O
_	O
แล้วก็	O
ได้	O
บอก	O
ลา	O
น้อง	O

เห็น	O
โพสต์	O
เกี่ยวกับ	O
รัก	O
ใน	O
มหาลัย	NORM_1WORD
แล้ว	O
ผม	O
นึกถึง	O
ตอน	O
แอบชอบ	O
ฮาร์เปอร์	O
แรกๆ	NORM_2WORD
_	O
ใครๆ	NORM_2WORD
ก็	O
เรียก	O
เขา	O
ว่า	O
_	O
พี่คนนั้น	O
_	O
55555555555555555555555555555555555555	O
_	O
ชวน	O
พี่คนนั้น	O
มา	O
กิน	O
หมูทะ	NORM_1WORD
ด้วย	O
แล้ว	O
นะ	O
_	O
ชวน	O
พี่คนนั้น	O
ไป	O
คาเฟ่แมว	O
สิ	O
_	O
เดี๋ยว	O
นี้	O
คือ	O
พี่คนนั้น	O
ชวน	O
กู	O
ไม่	O
หยุด	O
เลย	O
_	O
เป็น	O
ได้	O
แค่	O
พี่น้อง	O
อีก	O
_	O
ไอ้ซัซ	NORM_1WORD
!!!!	O
555555555555555555555	O

ครีม	O
สารพัด	O
เวชสำอาง	O
ที่	O
บอก	O
รีวิว	O
ว่า	O
ดี	O
คือ	O
มี	O
และ	O
ใช้	O
มา	O
หมด	O
แล้ว	O
เคย	O
ถึง	O
ทาง	O
ตัน	O
แบบ	O
กู	O
ถึง	O
ขั้น	O
ไป	O
บน	O
พระธาตุ	O
ดอยคำ	O
ว่า	O
ขอ	O
ให้	O
สิว	O
หาย	O
เอา	O
น้ำมนต์	O
ล้าง	O
หน้า	O
คือ	O
ทำ	O
มา	O
หมด	O
_	O
จน	O
ตอน	O
นี้	O
อายุ	O
ย่าง	O
25	O
ปี	O
แล้ว	O
_	O
ถาม	O
ว่า	O
หน้า	O
กริบ	O
มั้ย	NORM_1WORD
ก็	O
ไม่	O
แต่	O
ดี	O
ขึ้น	O
มาก	O
ก็	O
พอใจ	O
มาก	O
ละ	O
รู้จัก	O
ผิว	O
หน้า	O
ตัวเอง	O
และ	O
ใช้	O
ครีม	O
ให้	O
ถูก	O
กับ	O
ผิว	O
ก็	O
พอ	O
ไม่	O
ต้อง	O
ตาม	O
รีวิว	O
หรอก	O
เอา	O
จริง	O

มา	O
ถึง	O
ขนาด	O
นี้	O
แล้ว	O
ยัง	O
มี	O
ดรามา	NORM_1WORD
เรื่อง	O
ไล่ออก	O
จาก	O
วง	O
อีก	O
หรอ	NORM_1WORD
!	O
เป็น	O
มี่	O
จริง	O
ป่ะ	NORM_1WORD
เนี่ย	NORM_1WORD
!	O
ที่	O
ถาม	O
แบบ	O
นี้	O
ไม่	O
ใช่	O
อะไร	O
นะ	O
แค่	O
แบบ	O
ถ้า	O
เป็น	O
มี่	O
จริงๆ	NORM_2WORD
ไม่	O
ว่า	O
ยังไง	NORM_1WORD
ก็	O
จะ	O
รัก	O
พวก	O
เขา	O
โดย	O
ไม่	O
มี	O
ขอแม้	NORM_1WORD
ใดๆ	O
อิง	O
จาก	O
ประสบการณ์	O
ตัวเอง	O
_	O
คือ	O
ตอน	O
เข้า	O
ดอม	NORM_1WORD
มา	O
ใหม่ๆ	NORM_2WORD
ยอมรับ	O
เลย	O
ว่า	O
ชอบ	O
แต่	O
เมน	O
ตัวเอง	O
จริงๆ	NORM_2WORD
แต่	O
พอ	O
อยู่	O
ไป	O
นานๆ	O
ก็	O
รัก	O
ทุก	O
คน	O
และ	O
หวีด	O
ทุก	O
คน	O
หนัก	O
มาก	O
ด้วย	O

ช่วย	O
น้อง	O
ขาย	O
ของ	O
จร้า	NORM_1WORD
_	O
ใคร	O
ไป	O
เที่ยว	O
_	O
ตปท.	O
สนใจ	O
_	O
Pocket	O
_	O
Wifi	O
หรือ	O
SIM2Fly	O
_	O
เล่น	O
เน็ต	O
Non-Stop	O
_	O
เต็ม	O
สปีด	O
6	O
GB	O
_	O
1	O
ซิม	O
_	O
ร้าน	O
หน่อยโมบาย	O
_	O
(	O
AIS	O
buddy	O
by	O
noi	O
)	O
ใน	O
สนามบิน	O
ของ	O
_	O
AOT	O
_	O
ทั่ว	O
ประเทศไทย	O
06-1294-4942	O
,	O
_	O
06-5453-2246	O
_	O
มา	O
สิงคโปร์	O
ใช้	O
_	O
SIM	O
2	O
Fly	O
_	O
399	O
_	O
บาท	O
_	O
แรง	O
ดี	O
ไม่	O
มี	O
ตก	O
จร้า	NORM_1WORD
_	O
สุวรรณภูมิ	O
_	O
ก็	O
มี	O
จร้า	NORM_1WORD
_	O
at	O
_	O
Changi	O
Airport	O
Terminal	O
1	O

ไม่	O
ผิด	O
ที่	O
จะ	O
มอง	O
เรื่อง	O
เต้น	O
ไม่	O
พร้อม	O
ค่ะ	O
_	O
แต่	O
ถ้า	O
คุณ	O
มอง	O
ว่า	O
เป้าหมาย	O
ของ	O
น้อง	O
ที่	O
เต้น	O
ให้	O
ดู	O
มัน	O
เพื่อ	O
ของขวัญ	O
ให้	O
_	O
fc	O
_	O
ไม่	O
ได้	O
เต้น	O
โชว์	O
ค่ะ	O
_	O
มัน	O
เป็น	O
เรื่อง	O
ของ	O
_	O
goal	O
_	O
แล้ว	O
ก็	O
_	O
taste	O
_	O
คนอ่า	NORM_1WORD
ค่ะ	O
_	O
มี	O
คน	O
ไม่	O
ชอบ	O
ก็	O
ต้อง	O
มี	O
คน	O
ชอบ	O
เรา	O
มอง	O
ว่า	O
การที่	O
มี	O
คน	O
เสนอ	O
ความคิด	O
ต่าง	O
_	O
มัน	O
ก็	O
เป็น	O
อีก	O
มุม	O
ที่	O
จะ	O
_	O
drive	O
น้องๆ	O
_	O
#BNK48	O
_	O
ไป	O
ได้	O
ไกล	O
กว่า	O
แน่	O
_	O
)	O

#bnk48	O
_	O
ด่วน	O
_	O
update	O
ข้อมูล	O
งาน	O
TIF	O
ใหม่	O
อีก	O
ครั้ง	O
_	O
ล่าสุด	O
_	O
มี	O
ตั๋ว	O
ขาย	O
อีก	O
ครั้ง	O
_	O
ทั้ง	O
แบบ	O
3	O
วัน	O
และ	O
วัน	O
เดียว	O
(	O
BNK48	O
เล่น	O
แค่	O
วัน	O
ที่	O
4	O
)	O
_	O
ท่าน	O
ที่	O
เข้า	O
link	O
_	O
idolfes	O
ข้าง	O
ล่าง	O
_	O
หลัง	O
เข้า	O
ไป	O
แล้ว	O
จะ	O
เห็น	O
TAB	O
สีเขียว	O
TIF	O
2018	O
ด้าน	O
ล่าง	O
ให้	O
กด	O
เข้า	O
ไป	O
อีก	O
ที	O
น้า	NORM_1WORD
_	O
ป.ล.	O
ยัง	O
ไม่	O
แน่ใจ	O
ว่า	O
ต่างชาติ	O
จะ	O
ซื้อ	O
ได้	O
มั้ย	NORM_1WORD
_	O
#CherprangBNK48	O
_	O
#MusicBNK48	O

เบื่อ	O
อ่ะ	NORM_1WORD
_	O
เบื่อ	O
ที่	O
ทำไม	O
เรา	O
ต้อง	O
รอ	O
_	O
ต้อง	O
คอย	O
_	O
ต้อง	O
ยอม	O
ให้	O
คุน	NORM_1WORD
ตลอด	O
_	O
เคย	O
คิด	O
ถึง	O
ใจ	O
เรา	O
บ้าง	O
ไหม	O
ว่า	O
เรา	O
รู้สึก	O
ยังไง	NORM_1WORD
_	O
แม่ง	O
เศร้า	O
ว่ะ	O
_	O
ไม่	O
ชอบ	O
_	O
ไม่	O
อยาก	O
ได้	O
ก้	NORM_1WORD
บอก	O
_	O
ไม่	O
ชัดเจน	O
_	O
ไม่	O
เคย	O
บอก	O
รัก	O
_	O
ก้	NORM_1WORD
อย่า	O
คิด	O
จะ	O
เอา	O
ความรัก	O
จาก	O
ใคร	O
เลย	O
_	O
เรา	O
เหนื่อย	O
แล้ว	O
_	O
เรา	O
ไม่	O
กล้า	O
ชัดเจน	O
เพราะ	O
คุน	NORM_1WORD
ไม่	O
ชัดเจน	O
กับ	O
เรา	O
เอง	O
_	O
ให้	O
ใจ	O
มาก	O
ไป	O
สุดท้าย	O
กู	O
เจ็บ	O
เอง	O
_	O
พอ	O
กัน	O
ที	O

ตอน	O
โซตัส	O
_	O
นี่	O
ก็	O
ไม่	O
อยาก	O
ให้	O
ทำ	O
_	O
ซร	NORM_1WORD
_	O
นะ	O
_	O
ยิ่ง	O
ตอน	O
ประกาศ	O
ผล	O
_	O
นสด	NORM_1WORD
_	O
นี่ยัง	O
ไม่	O
โอเค	O
เลย	O
_	O
ไม่	O
ตรง	O
กับ	O
ใน	O
นิยาย	O
_	O
แต่	O
พอ	O
ได้	O
ดู	O
แค่	O
นั้น	O
แหละ	O
_	O
รัก	O
เลย	O
รัก	O
มาก	O
_	O
บาง	O
ที	O
คำว่า	O
ให้	O
โอกาส	O
_	O
ก็	O
ไม่	O
ได้	O
แย่	O
เสมอ	O
ไป	O
และ	O
เพราะ	O
ว่า	O
ให้	O
โอกาส	O
_	O
เรา	O
จึง	O
ได้	O
รัก	O
น้อง	O
ทั้ง	O
คู่	O
และ	O
ยัง	O
ได้	O
เจอ	O
พี่ๆ	NORM_2WORD
ที่	O
น่ารัก	O
ด้วย	O
_	O
#	O
คั่นกู	O
ก็เช่นกัน	O
_	O
#ขอโอกาสให้	O
สารวัตร	O
กับ	O
ไทน์	O
คนชิค	O

สมัย	O
ปี	O
1	O
_	O
58	O
_	O
เข้า	O
ห้องเชียร์	O
_	O
มี	O
พี่เชียร์	O
_	O
พี่ว๊าก	NORM_1WORD
เต็ม	O
ไป	O
หมด	O
_	O
เขา	O
บอก	O
ให้	O
นั่ง	O
หลัง	O
ตรง	O
_	O
ห้าม	O
กระยับ	NORM_1WORD
_	O
ถ้า	O
จะ	O
ทำ	O
ไร	NORM_1WORD
ให้	O
ขอ	O
อนุญาต	O
ทุก	O
อย่าง	O
_	O
ยก	O
มือ	O
บอก	O
ชื่อสกุลรหัส	O
แล้ว	O
ก็	O
ขอ	O
อนุญาต	O
_	O
แล้ว	O
คือ	O
งี้	NORM_1WORD
กู	O
คัน	O
หู	O
_	O
คัน	O
มากๆๆ	NORM_1WORD
ต้อง	O
เกา	O
อะ	O
_	O
กุ	NORM_1WORD
เลย	O
ยก	O
มือ	O
ขอ	O
เกา	O
หู	O
_	O
แต่	O
ตื่นเต้น	O
ดัน	O
ไป	O
พูด	O
คัน	O
หู	O
_	O
ขอ	O
คัน	O
กู	NORM_1WORD
กลาง	O
ห้องเชียร์	O
_	O
5555	O
_	O
#เรื่องมันช่างน่าอาย	O

ถาม	O
หน่อย	O
ว่า	O
คิด	O
อะไร	O
อยู่	O
_	O
สิ่ง	O
แรก	O
ที่	O
ต้อง	O
ทำ	O
เลย	O
นะ	O
อี	O
เฟื่อง	O
_	O
มึง	O
ไป	O
ตกลง	O
กับ	O
ตัวเอง	O
ก่อน	O
_	O
ทำ	O
แบบ	O
นี้	O
เปรม	O
จะ	O
ไม่	O
ไล่	O
ยังไง	O
ไหว	O
วะ	O
_	O
ก็	O
ยัง	O
ไม่	O
ชัดเจน	O
สัก	O
อย่าง	O
_	O
ต่อ	O
ให้	O
เปรม	O
รัก	O
แล้ว	O
คิด	O
ว่า	O
เปรม	O
จะ	O
ยอม	O
ให้	O
รับผิดชอบ	O
เหรอ	O
_	O
แล้ว	O
จะ	O
รับผิดชอบ	O
ยังไง	O
_	O
สัก	O
แต่	O
จะ	O
พูด	O
อะ	O
_	O
คิด	O
สิ	O
คิด	O
_	O
เฟื่อง	O
ใช้	O
สมอง	O
หน่อย	O
_	O
อย่า	O
ใช้	O
แต่	O
อารมณ์	O
ดิ	O
วะ	O
_	O
#	O
เฟื่อง	O
เพื่อน	O
เปรม	O

มัน	O
คน	O
ละ	O
สไตล์	O
ครับ	O
ลิเลียน่า	O
จะ	O
เน้น	O
บู้	NORM_1WORD
หน่อย	O
_	O
แต่	O
sephora	O
_	O
มัน	O
จะ	O
คล้ายๆ	NORM_2WORD
มา	O
จ้า	O
ผสม	O
อลิส	O
เน้น	O
ช่วย	O
เพื่อน	O
มาก	O
กว่า	O
แต่	O
ถ้า	O
ออก	O
ของ	O
ได้	O
สัก	O
3	O
-	O
4	O
ชิ้น	O
บอก	O
เลย	O
โหด	O
ใช้	O
ได้	O
_	O
ส่วน	O
valor	O
_	O
pass	O
_	O
ได้	O
ครับ	O
มัน	O
นับ	O
เลเวล	O
ที่	O
มี	O
อยู่	O
ครับ	O
ภารกิจ	O
อัน	O
ไหน	O
เฉพาะ	O
เติม	O
เรา	O
ก็	O
กด	O
รับ	O
ย้อนหลัง	O
ได้	O
เดือน	O
นี้	O
เอา	O
sephora	O
มา	O
ก่อน	O
ก็	O
ดี	O
_	O
ลิเลียน่า	O
รอ	O
ลด	O
ราคา	O
ก็	O
ได้	O
ครับ	O

BNK	O
48	O
_	O
just	O
_	O
shot	O
_	O
a	O
_	O
live	O
_	O
version	O
_	O
of	O
_	O
Koisuru	O
_	O
Fortune	O
_	O
Cookie	O
_	O
with	O
_	O
what	O
_	O
looks	O
_	O
like	O
_	O
1	O
_	O
to	O
_	O
2	O
_	O
thousand	O
_	O
fans,	O
_	O
and	O
_	O
they	O
_	O
don't	O
_	O
even	O
_	O
have	O
_	O
a	O
_	O
theater	O
_	O
yet.	O
_	O
Reportedly	O
_	O
it	O
_	O
was	O
_	O
also	O
_	O
a	O
_	O
very	O
_	O
hot	O
_	O
day,	O
_	O
but	O
_	O
the	O
_	O
fans	O
_	O
showed	O
_	O
their	O
_	O
loyalty.	O
_	O
Reminiscent	O
_	O
of	O
_	O
JKT's	O
_	O
early	O
_	O
days	O
_	O
when	O
_	O
they	O
_	O
also	O
_	O
did	O
_	O
live	O
_	O
MV	O
_	O
2013	O
.	O

ข้อสอบ	O
_	O
writing	O
_	O
เค้า	NORM_1WORD
ให้	O
เขียน	O
400	O
ตัว	O
_	O
ไอ้	O
เรา	O
ก็	O
นับ	O
ช่อง	O
ที่	O
เค้า	NORM_1WORD
ให้	O
มา	O
นับ	O
ได้	O
400	O
ช่อง	O
พอดี	O
ก็	O
เขียน	O
หมด	O
ทุก	O
ช่อง	O
สอง	O
แผ่น	O
แบบ	O
หมด	O
แรง	O
มัน	O
ไม่	O
ไหว	O
ถึง	O
ขนาด	O
แบบ	O
เออ	O
กู	O
ขอ	O
เหลือ	O
บรรทัด	O
สุดท้าย	O
ไว้	O
เถอะ	O
คิด	O
ไม่	O
ออก	O
จริงๆ	NORM_2WORD
_	O
สรุป	O
คือ	O
สอง	O
แผ่น	O
ข้อสอบ	O
คือ	O
800	O
ตัว	O
ไอ้	O
บ้า	O
กู	O
นับ	O
ช่อง	O
ผิด	O
แล้ว	O
บ้าจี้	O
เขียน	O
เกือบ	O
หมด	O
ทุก	O
ช่อง	O
ถึง	O
ว่า	O
ทำไม	O
400	O
ตัว	O
ถึง	O
ดูด	O
พลัง	O

อัน	O
นี้	O
คือ	O
ไม่	O
น่ารัก	O
เลย	O
น้า	NORM_1WORD
_	O
ควร	O
ซัพ	NORM_1WORD
เท่า	O
ที่	O
ไหว	O
_	O
ถ้า	O
ไม่	O
ไหว	O
ก็	O
อย่า	O
พาล	O
คน	O
อื่น	O
เขา	O
ทำ	O
งาน	O
หา	O
ตัง	NORM_1WORD
เก็บ	O
ตัง	NORM_1WORD
ไป	O
ปะ	NORM_1WORD
_	O
ไม่	O
ได้	O
นั่ง	O
เฉย	O
กระดิก	O
ตีน	O
ไป	O
วันๆ	O
แล้ว	O
จะ	O
ได้	O
บัตร	O
เลย	O
_	O
ใคร	O
ก็	O
มี	O
ความลำบาก	O
ของ	O
ตัวเอง	O
กัน	O
ทั้ง	O
นั้น	O
กว่า	O
จะ	O
ได้	O
บัตร	O
_	O
เจอ	O
งี้	NORM_1WORD
เป็น	O
นี่	O
ด่า	O
กลับ	O
เลย	O
นะ	O
_	O
ไป	O
คอน	NORM_1WORD
ไม่	O
จำเป็น	O
ต้อง	O
ไป	O
ร้อง	O
เพลง	O
อย่าง	O
เดียว	O
นะ	O
_	O
วิธี	O
เสพ	O
ศิลป์	O
ไม่	O
ได้	O
เหมือน	O
กัน	O

จริง	O
ด้วย	O
ถ้า	O
ออก	O
พร้อม	O
กัน	O
จะ	O
เป็น	O
ไง	O
คะ	O
เนี่ย	O
..	O
_	O
เรา	O
ว่า	O
ช่วง	O
นี้	O
ไป	O
มา	O
แรงค์	O
พวก	O
อันดับ	O
บนๆ	NORM_2WORD
เก็บ	O
กัน	O
โหด	O
พอๆ	NORM_2WORD
กับ	O
เรท	O
กาชา	O
เลย	O
อ่ะ	O
ค่ะ	O
_	O
ล้าน	O
อัพ	NORM_1WORD
กัน	O
งี้	O
_	O
ถ้า	O
จัด	O
เวลา	O
เล่น	O
หรือ	O
เตรียม	O
เยลลี่	O
ไม่	O
พอ	O
อาจ	O
ได้	O
เสีย	O
ตังค์	O
อ่ะ	O
ค่ะ	O
_	O
ส่วน	O
เรื่อง	O
รี	O
นี่	O
เรา	O
ว่า	O
เดี๋ยว	O
ก็	O
คง	O
เอา	O
มา	O
ล่อ	O
เงิน	O
ช่วง	O
ก่อน	O
อีเว้นท์	NORM_1WORD
ใหญ่ๆ	NORM_2WORD
อ่ะ	O
ค่ะ	O
_	O
แบบ	O
คง	O
หวัง	O
ให้	O
หลัง	O
หัก	O
กัน	O
ไป	O
ข้าง	O
...	O

ดีใจ	O
กับ	O
น้อง	O
ฟ้อนด์	O
ที่	O
เป็น	O
รุ่น	O
2	O
คน	O
แรก	O
ที่	O
ได้	O
เป็น	O
เซนเตอร์	NORM_1WORD
_	O
ดีใจ	O
กับ	O
จีจี้	O
กับ	O
การเบียด	O
ขึ้น	O
มา	O
ติด	O
เซม	O
ครั้ง	O
แรก	O
จน	O
ได้	O
_	O
เก่ง	O
มากๆ	NORM_2WORD
_	O
12	O
ตำแหน่ง	O
(	O
4	O
เทพ	O
_	O
ชรา	O
ไลน์	O
_	O
ฮาราจุกุ	O
)	O
ยัง	O
คง	O
เหนี่ยวแน่น	NORM_1WORD
_	O
ตาม	O
มา	O
ด้วย	O
อันดับ	O
5	O
ของ	O
การเลือกตั้ง	O
อย่าง	O
เจน	O
_	O
และ	O
รุ่น	O
2	O
ที่	O
ผล	O
การเลือกตั้ง	O
มา	O
แรง	O
อย่าง	O
แบม	O
_	O
อฟช	NORM_1WORD
คง	O
เลือก	O
มา	O
อย่าง	O
ดี	O
แล้ว	O
_	O
#JabajaTH	O
_	O
#BNK48	O

ไม่	O
ได้	O
มา	O
รีวิว	O
_	O
แต่	O
จะ	O
มา	O
อวด	O
_	O
Face	O
_	O
Point	O
_	O
Mask	O
_	O
#BT21	O
_	O
ที่	O
เพิ่ง	O
ลอง	O
ใช้	O
_	O
กลิ่น	O
มาสก์	O
หอม	O
นิดๆ	O
ไม่	O
หลอก	O
ดี	O
_	O
แต่	O
เรา	O
ว่า	O
การที่	O
มัน	O
เป็น	O
_	O
point	O
_	O
mask	O
_	O
เนี่ย	NORM_1WORD
_	O
มัน	O
เหมาะ	O
กับ	O
คน	O
ผิว	O
ต้องการ	O
ความชุ่มชื่น	O
เฉพาะ	O
จุด	O
มาก	O
กว่า	O
_	O
ใช้	O
ไป	O
แล้ว	O
เย็น	O
ไม่	O
ทั่ว	O
หน้า	O
_	O
ต้อง	O
เอา	O
น้ำ	O
ใน	O
ซอง	O
มา	O
โปะๆ	O
ผิว	O
_	O
ทั้ง	O
กล่อง	O
และ	O
ซอง	O
ก็	O
ไม่	O
ได้	O
มี	O
ภาษา	O
อังกฤษ	O
ให้	O
ตรู	NORM_1WORD
เข้าใจ	O
เลย	O

ไป	O
อ่าน	O
รีวิว	O
ไปรษณีย์	O
สาขา	O
แถว	O
บ้าน	O
แล้ว	O
เอ้อ	NORM_1WORD
กู	O
ไม่	O
ใช่	O
คน	O
เดียว	O
ที่	O
เจอ	O
นี่	O
หว่า	O
555	O
_	O
มี	O
ครั้ง	O
หนึ่ง	O
พี่	O
ไปร	NORM_1WORD
บีบ	O
แตร	O
ครั้ง	O
เดียว	O
เรา	O
อยู่	O
ใน	O
บ้าน	O
ไง	O
ก็	O
รีบ	O
ออก	O
ไป	O
รับ	O
ของ	O
_	O
พี่	O
ไปร	NORM_1WORD
ไป	O
แล้ว	O
ไม่	O
อยู่	O
แล้ว	O
_	O
สรุป	O
ก็	O
ต้อง	O
ไป	O
รับ	O
พัสดุ	O
ที่	O
สำนักงาน	O
เลย	O
_	O
คือ	O
รีบ	O
มาก	O
อะ	O
ไม่	O
มี	O
รอ	O
เล้ย	NORM_1WORD
กู	O
ก็	O
กำลัง	O
ออก	O
ไป	O
รับ	O
ของ	O
อยู่	O
แล้ว	O
แต่	O
ออก	O
มา	O
ปุ๊บ	O
ก็	O
ไม่	O
อยู่	O
หน้า	O
บ้าน	O
แล้ว	O
อะ	O

ใน	O
การจัด	O
เวร	O
ยาม	O
ทั่วๆ	NORM_2WORD
_	O
ไป	O
นั้น	O
_	O
คน	O
ที่	O
เป็น	O
เวร	O
ยาม	O
จะ	O
ต้อง	O
ตื่น	O
เพื่อ	O
ทำ	O
หน้าที่	O
ป้องการ	NORM_1WORD
อันตราย	O
_	O
ส่วน	O
คน	O
อื่น	O
สามารถ	O
ไป	O
นอน	O
หลับ	O
พักผ่อน	O
ได้	O
_	O
แต่	O
สติ	O
เป็น	O
เวร	O
ยาม	O
ที่	O
_	O
ขี้เหงา	O
_	O
กล่าว	O
คือ	O
_	O
ตัวเอง	O
ก็	O
ทำ	O
หน้าที่	O
ป้องกัน	O
ภัย	O
ไป	O
ตาม	O
ปกติ	O
ที่	O
ได้	O
รับ	O
มอบหมาย	O
_	O
แต่	O
ก็	O
ดัน	O
ไม่	O
ยอม	O
ให้	O
คน	O
อื่น	O
ไป	O
หลับ	O
ไป	O
นอน	O
_	O
ต้อง	O
ให้	O
ตื่น	O
และ	O
คอย	O
อยู่	O
เป็น	O
เพื่อน	O
ด้วย	O

ความรัก	O
_	O
ทำให้	O
ใคร	O
หลายๆ	NORM_2WORD
คน	O
ลืม	O
ตัวเอง	O
ไป	O
_	O
ลืม	O
ว่า	O
เรา	O
เคย	O
เป็น	O
ใคร	O
ที่	O
สดใส	O
_	O
ลืม	O
ว่า	O
ชีวิต	O
เรา	O
ควร	O
เดิน	O
ไป	O
ทาง	O
ไหน	O
_	O
ลืม	O
ว่า	O
มี	O
ใคร	O
รอ	O
เรา	O
อยู่	O
_	O
ลืม	O
ว่า	O
ใคร	O
ที่	O
รัก	O
เรา	O
จริงๆ	NORM_2WORD
_	O
ทุก	O
คน	O
ล้วน	O
ลืม	O
_	O
เมื่อ	O
มี	O
ความรัก	O
แต่	O
_	O
เมื่อ	O
เรา	O
ลืม	O
ว่า	O
อะไร	O
สำคัญ	O
สุด	O
ใน	O
ชีวิต	O
ไป	O
สิ่ง	O
ที่	O
ตาม	O
มา	O
คือ	O
ความทุกข์	O
เสียใจ	O
เพราะ	O
เดิน	O
ผิด	O
ทาง	O
ที่	O
เดิน	O
ไป	O
_	O
#อย่า	O
เผลอเลอ	NORM_1WORD
ลืมตัวเอง	O

ยัง	O
_	O
ยัง	O
ไม่	O
จบ	O
_	O
555555	O
_	O
แต่	O
ถ้า	O
ถาม	O
ว่า	O
มอง	O
อีก	O
มุม	O
แบบ	O
ไม่	O
ชิป	O
_	O
(	O
?	O
)	O
_	O
ก็	O
พอ	O
เข้าใจ	O
คุณ	O
ไร	O
นะ	O
_	O
แก	O
คง	O
แพนิค	O
ที่	O
พอ	O
ได้	O
สติ	O
แล้ว	O
พบ	O
ว่า	O
ตัวเอง	O
ลวนลาม	O
เด็กรับใช้	O
ใน	O
บ้าน	O
อยู่	O
_	O
คือ	O
สถานะ	O
มัน	O
ค้ำคอ	O
_	O
มัน	O
ไม่	O
ใข่	NORM_1WORD
ว่า	O
..	O
เออ	O
_	O
เด็ก	O
คนใช้	O
น่ารัก	O
_	O
จับ	O
ปล้ำ	O
แม่ม	O
เลย	O
_	O
555555555	O
_	O
ด้วย	O
หน้าตา	O
_	O
ด้วย	O
นิสัย	O
แก	O
ด้วย	O
_	O
จะ	O
ให้	O
_	O
'	O
ลดตัว	O
'	O
_	O
ตัวเอง	O
มา	O
คลุกคลี	O
ก็	O
อาจ	O
จะ	O
ยาก	O

เกมส์	O
_	O
พุซซี่8888	O
_	O
แจก	O
โหด	O
_	O
ยิ่ง	O
เล่น	O
ก็	O
ยิ่ง	O
ได้	O
_	O
ยิ่ง	O
ได้	O
ก็	O
ยิ่ง	O
มี	O
ความสุข	O
_	O
S	O
-	O
คลับ	O
_	O
เว็บ	NORM_1WORD
ใหญ่	O
ชื่อดัง	O
_	O
ติดดิน	O
เข้า	O
หา	O
กัน	O
ได้	O
ง่าย	O
_	O
ฝากถอน	O
ไว	O
อันดับ	O
1	O
_	O
เลือก	O
เล่น	O
เว็บ	NORM_1WORD
ถูกต้อง	O
เพื่อ	O
สิทธิประโยชน์	O
ของ	O
ทุก	O
ท่าน	O
เลือก	O
_	O
S	O
-	O
คลับ	O
_	O
เชื่อใจ	O
ได้	O
ไม่	O
มี	O
โกง	O
_	O
สมัคร	O
แล้ว	O
รวย	O
_	O
LINE	O
_	O
ID	O
scr888game	O
_	O
#918kissสล็อต	O
_	O
#918kiss	O
ไทย	O
_	O
#918kissยิงปลา	O

ตอน	O
ม.	NORM_1WORD
1	O
เรียน	O
วิชา	O
วิทฯ	NORM_1WORD
แล้ว	O
มัน	O
มี	O
การทดลอง	O
อะ	O
_	O
ครู	O
สั่ง	O
ให้	O
เอา	O
สารส้ม	O
แล้ว	O
นี่	O
ก็	O
ถาม	O
เพื่อน	O
ว่า	O
มัน	O
คือ	O
อะไร	O
เพื่อน	O
บอก	O
ที่	O
ไว้	O
ทา	O
จักแร้	NORM_1WORD
ก็	O
ได้	O
นี่	O
ก็	O
อ๋อ	O
กู	O
มีๆ	NORM_2WORD
เดี๋ยว	O
พรุ่ง	O
นี้	O
กู	O
เอา	O
มา	O
_	O
วัน	O
ต่อ	O
มา	O
ก็	O
เอา	O
มา	O
ให้	O
เพื่อน	O
ปุ๊บ	O
ม้น	O
ด่า	O
เลย	O
มัน	O
บอก	O
มึง	O
เอา	O
โรลออน	O
มา	O
ทำไม!	O
เรา	O
ก็	O
บอก	O
ว่า	O
มัน	O
ก็	O
ทา	O
จักแร้	NORM_1WORD
มั้ย	NORM_1WORD
อะ	O
โดน	O
ตบ	O
หัว	O
ป๊าบ	O
นึง	NORM_1WORD
_	O
#เรื่องมันช่างน่าอาย	O

(	O
ต่อ	O
)	O
_	O
-	O
ยูเซอรีน	O
_	O
เรื่อง	O
สิว	O
ใช้	O
แรกๆ	NORM_2WORD
รู้สึก	O
ว่า	O
หน้า	O
เนียน	O
ขึ้น	O
ตอน	O
นี้	O
เฉยๆ	NORM_2WORD
ละ	O
(	O
แหะๆ	NORM_2WORD
)	O
_	O
แต่	O
เรื่อง	O
ลด	O
รอย	O
4	O
/	O
5	O
(	O
เพราะ	O
นัง	NORM_1WORD
แรง	O
เอา	O
เรื่อง	O
ยุ	NORM_1WORD
นะ	O
จ๊ะ	O
ใช้	O
แรกๆ	NORM_2WORD
คือ	O
ร้อนๆ	NORM_2WORD
นิดหน่อย	O
เลย	O
คสต.)	O
_	O
ยัง	O
ไม่	O
แนะนำ	O
สำหรับ	O
คนหน้าแพ้ง่าย	O
/	O
หน้าบาง	O
แล้ว	O
อยาก	O
ใช้	O
นะ	O
(	O
เห็น	O
รีวิว	O
ว่า	O
ดี	O
ก็	O
เบรค	NORM_1WORD
ไว้	O
ก่อน	O
ไป	O
รักษา	O
หน้า	O
ให้	O
แข็งแรง	O
ก่อน	O
)	O
_	O
#ไว้รีวิวห้ามขายของโว้ยย	O

บาลอง	O
สี	O
เหลือง	O
ไง	O
คะ	O
พี่	O
_	O
พี่	O
แบรนด์เนม	O
เห็น	O
มั้ย	NORM_1WORD
คะ	O
_	O
เห็น	O
จ้าๆ	O
_	O
พี่	O
เห็น	O
ตั้งแต่	O
ตอน	O
ไป	O
ลาว	O
แล้ว	O
ลูก	O
_	O
รัว	O
รูป	O
คอมโบ้	O
ขนาด	O
นี้	O
พี่	O
ลง	O
ให้	O
ก็ได้	O
_	O
Balenciaga	O
_	O
Metallic	O
_	O
Edge	O
_	O
Mini	O
_	O
City	O
_	O
Yellow	O
_	O
Goat	O
_	O
Skin	O
_	O
Leather	O
_	O
Cross	O
_	O
Body	O
_	O
Bag	O
_	O
$1,7XX	O
_	O
ชื่อ	O
รุ่น	O
ก็	O
คือ	O
ยาว	O
เท่า	O
ขา	O
น้อง	O
แพม	O
เลย	O
อะ	O
แก	O
_	O
#พ่อหนูรวยเรียกหนูว่า	O
จูเน่	O
_	O
#	O
Jun	O
BNK48	O
_	O
#	O
BNK48	O

Kashikomarimashita	O
,	O
_	O
Destiny	O
(	O
คู่	O
รอง	O
_	O
Vol	O
.	O
2	O
)	O
_	O
Yes	O
,	O
_	O
My	O
_	O
Destiny	O
_	O
Answer	O
_	O
(	O
Vol	O
.	O
3	O
-	O
4	O
)	O
_	O
เป็น	O
เดอะ	O
เบส	NORM_1WORD
แนว	O
โอเมก้า	O
อีก	O
เรื่อง	O
ของ	O
เรา	O
เลย	O
น่ารัก	O
มาก	O
-	O
_	O
พระเอก	O
เป็น	O
อัลฟ่า	NORM_1WORD
_	O
นายเอก	O
เป็น	O
เบต้า	NORM_1WORD
_	O
แต่	O
สนุก	O
ไม่	O
แพ้	O
คู่	O
อัลฟ่า	NORM_1WORD
-	O
โอเมก้า	NORM_1WORD
แน่นอน	O
_	O
เนื้อเรื่อง	O
ค่อน	O
ไป	O
ทาง	O
ดราม่า	O
หน่อยๆ	O
แต่	O
ตับ	O
ไม่	O
พัง	O
+	O
เจ้า	O
ตัว	O
เล็ก	O
น่ารัก	O
มาก	O
แง	O
_	O
#แนะนำมังงะ	O
วาย	O

#รีวิวgirlshop	O
_	O
#theordinarythailand	O
_	O
#theordinary	O
_	O
#รีวิว	O
_	O
#HowtoPerfect	O
_	O
วันนี้	O
จะ	O
มา	O
รีวิว	O
เครื่องสำอาง	O
_	O
the	O
_	O
ordinary	O
_	O
ที่	O
ใช้	O
อยู่	O
ใน	O
ปัจจุบัน	O
_	O
*	O
สภาพ	O
ผิว	O
ผู้ชาย	O
-	O
มี	O
สิวอุดตัน	O
_	O
สิวอักเสบ	O
_	O
หลุม	O
สิว	O
_	O
รอย	O
ดำ	O
/	O
แดง	O
_	O
ผิว	O
หน้า	O
แบบ	O
ผสม	O
คือ	O
_	O
จะ	O
แห้ง	O
บริเวณ	O
จมูก	O
_	O
หน้าผาก	O
_	O
และ	O
มัน	O
บริเวณ	O
กรอบ	O
หน้า	O
_	O
ปล.	NORM_1WORD
ขอ	O
อนุญาต	O
ใช้	O
รูป	O
จาก	O
เวป	NORM_1WORD
หลัก	O

งื้อออ	NORM_1WORD
_	O
น้อง	O
คน	O
สวย	O
_	O
feat.	O
_	O
คูม	NORM_1WORD
พ่อ	O
ตา	O
ชั้น	NORM_1WORD
เอง	O
_	O
บ้าบอ	O
เขิง	NORM_1WORD
และ	O
เนี่ย	O
_	O
ไม	NORM_1WORD
คูม	NORM_1WORD
พ่อ	O
น่ารัก	O
จัง	O
อะ	O
คะ	O
_	O
น้อง	O
คน	O
สวย	O
ก็	O
น่ารัก	O
_	O
เอ็นดู	O
จัง	O
เลย	O
_	O
ทำไง	O
ดี	O
อะ	O
คะ	O
ตั้ง	O
ขันหมาก	O
สิ	O
เนอะ	O
รอ	O
อะไร	O
_	O
น้อง	O
เค้า	NORM_1WORD
รอ	O
อยู่	O
ที่	O
ชลบุรี๊	NORM_1WORD
แล้ว	O
จย้า	NORM_1WORD
_	O
แล้ว	O
สรุป	O
น้อง	O
เค้า	NORM_1WORD
นี่	O
จ้อจี้	O
มั้ย	NORM_1WORD
คะ	O
เรื่อง	O
ตู้	O
ปลา	O
_	O
คุณ	O
คิด	O
ว่า	O
เรื่อง	O
นี้	O
เป็น	O
เรื่อง	O
จริง	O
หรือ	O
ไม่	O
คะ	O
_	O
#KaewBNK48	O
_	O
#BNK48	O

สงสาร	O
โจ	O
ตั้งแต่	O
เปิด	O
ตอน	O
มา	O
เลย	O
_	O
ทำ	O
ได้	O
แค่	O
รอ	O
_	O
อยาก	O
ลองใจ	O
แต่	O
สุดท้าย	O
มัน	O
กลาย	O
เป็น	O
การบีบ	O
น้อง	O
ทางอ้อม	O
_	O
ดี	O
มาก	O
ที่	O
ไม่	O
ได้	O
มี	O
อะไร	O
กับ	O
เทียน	O
_	O
เพราะ	O
ถ้า	O
มี	O
_	O
เจส	O
อาจ	O
จะ	O
โกรธ	O
ยาว	O
_	O
โจ	O
อาจ	O
จะ	O
ไม่	O
มี	O
โอกาส	O
เลย	O
_	O
ต้อง	O
ให้	O
เวลา	O
เยียวยา	O
ทุก	O
คน	O
อ่ะ	NORM_1WORD
ตอน	O
นี้	O
_	O
โจ	O
ก็	O
ต้อง	O
ใช้	O
เวลา	O
ใน	O
การสร้าง	O
ความเชื่อใจ	O
_	O
เจส	O
ก็	O
ต้อง	O
ใช้	O
เวลา	O
ใน	O
การรักษา	O
ใจ	O
เพื่อ	O
กลับ	O
มา	O
รัก	O
พี่	O
โจ	O

เก็บตก	O
_	O
#BNK48	O
_	O
#BNK481stConcert	O
_	O
#BNK48STARTO	O
_	O
6	O
.	O
_	O
เวลา	O
12	O
.	O
30	O
_	O
ระหว่าง	O
ต่อ	O
แถว	O
ก็	O
ลุ้น	O
ไป	O
เรื่อยๆ	NORM_2WORD
เพราะ	O
_	O
จะ	O
มี	O
การประกาศ	O
เกี่ยว	NORM_1WORD
สินค้า	O
ตัว	O
ไหน	O
_	O
เสื้อ	O
แบบ	O
ไหน	O
ไซส์	O
เท่าไหร่	NORM_1WORD
ค่อยๆ	O
หมด	O
ไป	O
_	O
..	O
_	O
ก็	O
สนุก	O
ดี	O
นะ	O
_	O
ประกาศ	O
ที	O
ก็	O
เฮ	O
กัน	O
ที	O
_	O
อ้อ	O
_	O
มี	O
ประกาศ	O
เติม	O
ของ	O
ด้วย	O
นะ	O
แต่	O
น้อย	O
_	O
...	O
_	O
ลุ้น	O
ระทึก	O
ไป	O
พร้อม	O
กับ	O
สภาพ	O
อากาศ	O
ที่	O
อบอ้าว	O
ครึ้มฟ้าครึ้มฝน	O

คำ	O
ประกาศ	O
เจตนารมณ์	O
_	O
สมัชชา	O
ประชาชน	O
พลิก	O
ฟื้น	O
ประเทศไทย	O
เมื่อ	O
10	O
_	O
กุมภาพันธ์	O
_	O
2562	O
_	O
ณ	O
_	O
ห้อง	O
ประชุม	O
_	O
ดร.	O
สมศักดิ์	O
_	O
และ	O
คุณหญิง	O
ปัทมา	O
ลีสวัสดิ์ตระกูล	O
ชั้น	O
_	O
2	O
_	O
อาคาร	O
สยามบรมราชกุมารี	O
_	O
นิด้	O
_	O
จัด	O
โดย	O
_	O
ครป.	O
คณะพัฒนาสังคมและสิ่งแวดล้อม	O
_	O
นิด้า	O
_	O
สรส.	O
ศูนย์ศึกษาพลเมืองภิวัฒน์	O
_	O
โครงการ	O
สร้างคนดี	O
_	O
มองการณ์ไกล	O
_	O
ไทยรุ่งเรืองฯ	O

ไป	O
เที่ยว	O
กับ	O
เพื่อน	O
เช่า	O
รถตู้	O
ไป	O
_	O
จอด	O
แวะ	O
ปั้ม	NORM_1WORD
ลง	O
ไป	O
ฉี่	O
กัน	O
4	O
คน	O
_	O
เสร็จ	O
เรา	O
ก็	O
เดิน	O
นำ	O
กลับ	O
มา	O
ที่	O
รถตู้	O
_	O
พร้อม	O
เพื่อนๆ	O
ที่	O
เดิน	O
ตาม	O
มา	O
_	O
พอ	O
เปิด	O
ประตู	O
รถตู้	O
...	O
เจอ	O
แม่ลูกอ่อน	O
ให้	O
นม	O
ลูก	O
ทำ	O
หน้า	O
ตกใจ	O
แบบ	O
งงๆ	NORM_2WORD
_	O
รีบ	O
บอก	O
ขอโทษ	O
แล้ว	O
ปิด	O
ประตู	O
รถ	O
คืน	O
ให้	O
เขา	O
_	O
อี	O
เพื่อน	O
ถาม	O
_	O
เพื่อน	O
_	O
อ้าว	O
ปิด	O
ไม	NORM_1WORD
ไม่	O
ขึ้น	O
อ่อ	NORM_1WORD
_	O
กู	O
_	O
อี	O
ด*ก	NORM_1WORD
ผิด	O
คัน	O
!	O
_	O
#เรื่องมันช่างน่าอาย	O

เรา	O
ดีใจ	O
ที่	O
_	O
#MusicBNK48	O
_	O
ได้	O
ลำดับ	O
ที่	O
_	O
72	O
_	O
เรา	O
ดีใจ	O
ที่	O
_	O
#CherprangBNK48	O
_	O
ไป	O
ไกล	O
ถึง	O
ลำดับ	O
ที่	O
_	O
39	O
_	O
เรา	O
ดีใจ	O
ที่	O
ทั้ง	O
สอง	O
คน	O
นำ	O
ชื่อ	O
_	O
#BNK48	O
_	O
และ	O
ภาษา	O
ไทย	O
ไป	O
พูด	O
ใน	O
งาน	O
ใหญ่	O
ที่สุด	O
ของ	O
_	O
48	O
_	O
group	O
_	O
แต่	O
มี	O
สิ่ง	O
หนึ่ง	O
ที่	O
เรา	O
ประทับใจ	O
มาก	O
คือ	O
การที่	O
เฌอปราง	O
กล่าว	O
ถึง	O
_	O
#RinaIzutaBNK48	O
_	O
กับ	O
การมาอยู่	O
_	O
BNK	O
48	O
_	O
ตลอด	O
หนึ่ง	O
ปี	O
ที่	O
ผ่าน	O
มา	O
_	O
(	O
ต่อ	O
)	O

เห็น	O
ใน	O
กระทู้	O
พันทิป	O
_	O
มี	O
คน	O
บอก	O
ให้	O
รินะ	O
_	O
#izurinabnk48	O
_	O
พยายาม	O
มาก	O
กว่า	O
นี้	O
_	O
ต้อง	O
ไป	O
ลด	O
หุ่น	O
_	O
ต้อง	O
ไป	O
ดัด	O
ฟัน	O
บ้าง	O
ละ	NORM_1WORD
_	O
ต้อง	O
ฝึก	O
ภาษา	O
ไทย	O
ให้	O
แข็ง	O
กว่า	O
นี้	O
_	O
หน้าตา	O
ไม่	O
พิมนิยม	NORM_1WORD
ตก	O
คน	O
ได้	O
ไม่	O
เยอะ	O
_	O
ฯลฯ	O
_	O
จะ	O
ให้	O
พูด	O
อีก	O
ครั้ง	O
_	O
ว่า	O
พยายาม	O
อย่าง	O
เดียว	O
มัน	O
ไม่	O
พอ	O
_	O
อฟช.	NORM_1WORD
ต้อง	O
ให้	O
โอกาศ	NORM_1WORD
ด้วย	O
!	O
_	O
ไม่	O
ใช่	O
เอะอะ	O
ไร	NORM_1WORD
ก็	O
ให้	O
เป็น	O
ครู	O
สอน	O
เต้น	O
_	O
เป็น	O
เมมเบอร์	NORM_1WORD
etc.	O

พวก	O
นาง	O
จะ	O
กลับ	O
แล้ว	O
นี่	O
อยาก	O
ให้	O
อยู่	O
ต่อ	O
มากๆ	NORM_2WORD
_	O
ขอบคุณ	O
ที่	O
สร้าง	O
ความสุข	O
ให้	O
กับ	O
ซอ.	O
_	O
ขอบคุณ	O
ทุกๆ	O
อย่าง	O
_	O
มา	O
ไทย	O
ปี	O
นี้	O
พี่	O
มี	O
ความสุข	O
มากๆๆ	NORM_1WORD
อ่ะ	NORM_1WORD
_	O
พูด	O
ภาษา	O
ไทย	O
เก่ง	O
มาก	O
_	O
ขอบคุณ	O
ซอ.	O
ที่	O
ไป	O
คอน	NORM_1WORD
ช่วย	O
กัน	O
ทำ	O
โปรเจค	NORM_1WORD
สวย	O
มาก	O
(	O
ไก่	O
ล้าน	O
ตัว	O
)	O
เป็น	O
คน	O
หนึ่ง	O
ที่	O
นก	O
คอน	NORM_1WORD
ปี	O
นี้	O
ด้วย	O
อะไร	O
หลายๆ	NORM_2WORD
อย่าง	O
เลย	O
ไม่	O
ได้	O
ไป	O
หา	O
_	O
สัญญา	O
คอน	NORM_1WORD
5	O
น้อง	O
จะ	O
ไป	O
ให้	O
ได้	O
_	O
#ElyXioninBKK	O

แงง	NORM_1WORD
_	O
4	O
ปี	O
แล้ว	O
เนอะ	NORM_1WORD
_	O
ถึง	O
เรา	O
จะ	O
เพิ่ง	O
มา	O
ติ่ง	O
เมื่อ	O
ไม่กี่	O
ปี	O
_	O
ถึง	O
เรา	O
จะ	O
ไม่	O
ได้	O
ติ่ง	O
พวก	O
นาย	O
วง	O
แรก	O
_	O
แต่	O
เรา	O
ก็	O
รัก	O
พวก	O
นาย	O
มากๆ	NORM_2WORD
เลย	O
นะ	O
_	O
ขอบคุณ	O
ทุกๆ	O
อย่าง	O
ที่	O
ทำให้	O
เรา	O
ได้	O
มา	O
เจอ	O
พวก	O
นาย	O
_	O
แล้ว	O
ก็	O
ขอบคุณ	O
พวก	O
นาย	O
มากๆ	NORM_2WORD
เลย	O
ที่	O
ทำให้	O
เรา	O
ยิ้ม	O
ได้	O
หัวเราะ	O
ได้	O
_	O
เรา	O
จะ	O
ซัพพอร์ต	NORM_1WORD
พวก	O
นาย	O
แบบ	O
นี้	O
ไป	O
เรื่อยๆ	NORM_2WORD
นะ	O
จะ	O
เปง	NORM_1WORD
กะรัต	O
บับ	NORM_1WORD
เน้	NORM_1WORD
ปัย	NORM_1WORD
ตัลหรอด	NORM_1WORD
เรย	NORM_1WORD
!	O
_	O
เริ้ป	NORM_1WORD
มั่กๆ	NORM_1WORD

วัน	O
นั้น	O
ขับ	O
มอไซต์	NORM_1WORD
ไป	O
โรงเรียน	O
เอง	O
แล้ว	O
เรา	O
ใส่	O
ชุด	O
ยุว	NORM_1WORD
พอ	O
ถึง	O
โรงเรียน	O
เอา	O
รถ	O
ไป	O
จอด	O
เรียบร้อย	O
เดิน	O
ออก	O
มา	O
รู้สึก	O
มี	O
คน	O
มอง	O
แปลกๆ	NORM_2WORD
แล้ว	O
บน	O
ตึก	O
มัน	O
จะ	O
มี	O
กระจก	O
ยาวๆ	O
ที่	O
เห็น	O
ทั้ง	O
ตัว	O
ด้วย	O
ความเป็นผู้หญิง	O
หวง	NORM_1WORD
สวย	O
ก็	O
ส่อง	O
หมุด	NORM_1WORD
ซ้าย	O
หมุน	O
ขาว	NORM_1WORD
_	O
ป๊าดด	NORM_1WORD
_	O
กระโปรง	O
ที่	O
ใส่	O
อยู่	O
มัน	O
ถก	O
ขึ้น	O
ติด	O
กับ	O
กระเป๋านักเรียน	O
ที่	O
เรา	O
สพาย	NORM_1WORD
อยู่	O
_	O
#เรื่องมันช่างน่าอาย	O

อยาก	O
จะ	O
รีวิว	O
รพ.	O
กรุงเทพ	O
ขอนแก่น	O
มาก	O
อิเว้นน	NORM_1WORD
_	O
จะ	O
ไม่	O
ไป	O
อีก	O
ละ	NORM_1WORD
_	O
คือ	O
ลอง	O
ไป	O
ราชพฤกษ์	O
มา	O
แบ้ว	NORM_1WORD
ดี	O
อะ	O
_	O
หมอ	O
_	O
consult	O
_	O
ดีมาก	O
เพื่อ	O
_	O
save	O
_	O
cost	O
_	O
เรา	O
_	O
ไม่เหมือน	O
_	O
รพ.	O
กรุงเทพ	O
_	O
คือ	O
เอะอะ	O
ก็	O
จะ	O
เจาะเลือด	O
_	O
เจาะ	O
นั่น	O
เจาะ	O
นี่	O
_	O
แบ้ว	NORM_1WORD
มัน	O
เกิน	O
วงเงิน	O
เยอะ	O
ไง	O
_	O
แบบ	O
วินิจฉัย	O
โรค	O
ก็	O
มั่วๆ	O
_	O
เรา	O
บอก	O
ว่า	O
ปวดเนื้อตัว	O
มาก	O
_	O
ปวด	O
หัว	O
_	O
นั่ง	O
ไม่	O
ได้	O
_	O
ต้อง	O
นอน	O
อย่างเดียว	O

ทิตย์ตะวัน	O
_	O
หรือ	O
_	O
ซันซัน	O
_	O
(	O
ภาษา	O
จีน	O
แปล	O
ว่า	O
เมล็ด	O
ข้าว	O
_	O
แต่	O
เจ้าตัว	O
ก็	O
บอก	O
คน	O
อื่น	O
ว่า	O
ชื่อ	O
ซัน	O
เฉยๆ	O
_	O
เพราะ	O
มัน	O
คล้อง	O
กับ	O
ชื่อ	O
จริง	O
แล้ว	O
ก็	O
ดู	O
แมน	O
กว่า	O
)	O
_	O
รุ่น	O
พี่	O
ปี	O
สี่	O
ที่	O
น่ารัก	O
และ	O
พึ่งพา	O
ได้	O
_	O
ค่อนข้าง	O
ฮอท	NORM_1WORD
ใน	O
หมู่	O
เฟรชชี่	O
_	O
เพราะ	O
พี่	O
แก	O
ทั้ง	O
ใจดี	O
ทั้ง	O
ยิ้ม	O
เก่ง	O
_	O
แล้ว	O
ก็	O
เป็น	O
ต้นฉบับ	O
ของ	O
เลคเช่อ	NORM_1WORD
ใน	O
ตำนาน	O
_	O
(	O
จริงๆ	NORM_2WORD
_	O
ขี้แย	O
แล้ว	O
ก็	O
งอแง	O
เก่ง	O
มาก	O
)	O

จะ	O
มา	O
รีวิวว	NORM_1WORD
ตัว	O
นี้	O
ให้	O
ดู	O
_	O
คือ	O
จะ	O
บอก	O
ว่า	O
ตัว	O
นี้	O
คือ	O
_	O
#สบู่มินิบลู	O
2019	O
_	O
แพคเกจ	NORM_1WORD
นาง	O
คือ	O
เรียบหรู	O
มาก	O
_	O
แกะ	O
ออก	O
มา	O
คือ	O
กลิ่น	O
โคตร	O
หอม	O
ลอง	O
ใช้	O
แล้ว	O
_	O
ฟอง	O
นุ่ม	O
_	O
ฟิ๊น	NORM_1WORD
มาก	O
แกร๊	NORM_1WORD
เอ้ย	NORM_1WORD
_	O
ตัว	O
นี้	O
นาง	O
ช่วย	O
ลด	O
สิว	O
_	O
ทำให้	O
ผิว	O
เรา	O
ใส	O
ขึ้น	O
_	O
ล้าง	O
เมคอัพ	NORM_1WORD
_	O
กระชับ	O
รู	O
ขุมขน	O
_	O
และ	O
ควบคุม	O
น้ำมัน	O
ด้วย	O
นะ	O
_	O
นาง	O
ราคา	O
ถูก	O
มาก	O
_	O
49	O
.	O
-	O
_	O
เท่านั้น	O
_	O
อย่า	O
ลืม	O
ไป	O
ตำ	O
กัน	O
นะ	O
_	O
#ไว้รีวิว	O

20	O
.	O
_	O
พูด	O
ได้	O
กี่	O
ภาษา	O
_	O
-	O
_	O
ถ้า	O
ถึงขั้น	O
แบบ	O
ใช้	O
งาน	O
คล่อง	O
_	O
พูด	O
ได้	O
เลย	O
ก็	O
_	O
5	O
_	O
ภาษา	O
_	O
ไทย	O
_	O
อิ้ง	O
_	O
เกาหลี	O
_	O
ยุ่น	O
_	O
ฝรั่งเศส	O
_	O
แต่	O
ตอน	O
นี้	O
ฝรั่งเศส	O
น่าจะ	O
ต้อง	O
นึก	O
นาน	O
หน่อย	O
อ่ะ	NORM_1WORD
ไม่	O
ได้	O
ใช้	O
มา	O
จะ	O
_	O
5	O
_	O
ปี	O
แล้ว	O
_	O
5555	O
_	O
ภาษา	O
เวียดนาม	O
อ่าน	O
ได้	O
_	O
แปล	O
ได้	O
เป็น	O
บาง	O
ประโยค	O
เพราะ	O
มี	O
คน	O
เคย	O
สอน	O
_	O
ฟัง	O
รู้	O
เรื่อง	O
บาง	O
คำ	O
_	O
แต่	O
ไม่	O
ถึง	O
กับ	O
พูด	O
ปุ๊บ	O
โต้ตอบ	O
ได้	O
เป็น	O
ฉากๆ	O
ไร	NORM_1WORD
งี้	NORM_1WORD

#หน้ากากหลวิชัยคาวี	O
_	O
โคตร	O
เก่ง	O
อ่ะ	NORM_1WORD
_	O
ใจสั่งมา	O
&	O
เลิกคุยทั้งอ.ฯ	O
_	O
ดี	O
มาก	O
อ่ะ	NORM_1WORD
_	O
ใจสั่งมา	O
เสียง	O
ละมุน	O
มาก	O
_	O
เลิก	O
คุย	O
ทั้ง	O
อำเภอฯ	O
_	O
มันส์	O
มาก	O
_	O
ชอบ	O
บีทบ๊อก	NORM_1WORD
กับ	O
แรพ	NORM_1WORD
มาก	O
_	O
โคตร	O
เท่	O
_	O
ไลน์	O
ประสาน	O
ดี	O
_	O
ความน่ารัก	O
ระดับ	O
ล้าน	O
_	O
โอ้ยย	NORM_1WORD
_	O
ชอบบบ	NORM_1WORD
_	O
ยินดี	O
ด้วย	O
เป็น	O
แชมป์	O
กลุ่ม	O
_	O
ขอ	O
ให้	O
ได้	O
แชมป์	O
_	O
ss	O
_	O
เลย	O
นะ	O
_	O
ยืนยัน	O
_	O
เช่	O
กับ	O
แจ็คกี้	O
_	O
ชัวร์	O
_	O
#TheMaskวรรณคดีไทย	O

เรา	O
ส่ง	O
เรื่องสั้น	O
ประกวด	O
นายอินทร์อะวอร์ด	O
_	O
ปี	O
แรก	O
ส่ง	O
ไม่	O
เข้ารอบ	O
_	O
ปี	O
ต่อ	O
มา	O
ส่ง	O
อีก	O
เข้ารอบ	O
แต่	O
ไม่	O
ได้	O
รางวัล	O
_	O
ปี	O
ต่อ	O
ไป	O
เรา	O
ก็	O
ส่ง	O
อีก	O
อะ	O
_	O
#ไม่ได้ไม่เลิก	O
_	O
อย่าง	O
แท้จริง	O
_	O
เพราะ	O
พอ	O
เรา	O
ได้	O
ปั๊บ	O
_	O
เขา	O
เลิก	O
จัด	O
รางวัล	O
นี้	O
เลย	O
_	O
อ่าว	O
พี่	O
คะ	O
555	O
_	O
ส่ง	O
มติชน	O
/	O
ราหู	O
ด้วย	O
_	O
แต่	O
ไม่	O
ได้	O
ลง	O
_	O
พอ	O
ปี	O
ต่อ	O
มา	O
ก็	O
ส่ง	O
อีก	O
_	O
ส่ง	O
อยู่	O
2	O
-	O
3	O
ปี	O
กว่า	O
จะ	O
ได้	O
ลง	O
_	O
ส่ง	O
ทุกปีๆๆ	O

อารมณ์	O
คน	O
ที่	O
อยู่	O
คือ	O
เจอ	O
ผี	O
ดี	O
กว่า	O
ติด	O
เอฟ	O
ใช่	O
ไหม	O
คะ	O
_	O
ตึก	O
นั้น	O
ตอน	O
แรก	O
เจ	O
ก็	O
ไม่	O
ค่อย	O
รู้	O
_	O
จน	O
ช่วง	O
ที่	O
ฟัง	O
ยูธูป	O
เยอะๆ	O
_	O
แล้ว	O
มี	O
อีพี	O
นึง	NORM_1WORD
_	O
คน	O
ที่	O
เล่า	O
(	O
โทรฯ	O
)	O
_	O
เล่า	O
เกี่ยวกับ	O
ตึก	O
นี้	O
_	O
แล้ว	O
ทั้ง	O
อีพี	O
เหมือน	O
นัด	O
กัน	O
มา	O
_	O
คือ	O
มี	O
แต่	O
ที่	O
คณะ	O
พี่	O
เลย	O
ค่ะ	O
_	O
3	O
_	O
เรื่อง	O
ติด	O
_	O
สถานที่	O
เดียว	O
กัน	O
_	O
แต่	O
คน	O
ละ	O
ปี	O
_	O
รู้สึก	O
หดหู่	O
_	O
แต่	O
คน	O
ที่	O
อยู่	O
ต่อ	O
ก็	O
ต้อง	O
สู้	O
ต่อ	O
ไป	O
..	O

ตอน	O
ทำ	O
งาน	O
อยู่	O
มี	O
ช่วง	O
นึง	NORM_1WORD
เรา	O
เครียด	O
เรื่อง	O
งาน	O
จน	O
ดาวน์	O
สุดๆ	O
เหงา	O
(	O
ปล.	NORM_1WORD
ตอน	O
นั้น	O
พี่สาว	O
ที่	O
ทำ	O
งาน	O
คน	O
ที่	O
เรา	O
นับถือ	O
เสีย	O
ไป	O
แล้ว	O
_	O
คน	O
นั้น	O
เรา	O
ชวน	O
ไป	O
ไหน	O
นาง	O
จะ	O
ตามใจ	O
เรา	O
ตลอด	O
)	O
คุณ	O
เชื่อ	O
มั๊ย	NORM_1WORD
ว่า	O
_	O
เรา	O
นั่ง	O
รถ	O
ทัวร์	O
กลับ	O
ใต้	O
ไม่	O
บอก	O
ใคร	O
เลย	O
ใน	O
ที่	O
ทำ	O
งาน	O
ส่ง	O
จม.	NORM_1WORD
ลา	O
งาน	O
_	O
ไม่	O
รับ	O
โทรศัพท์	O
ใคร	O
_	O
ไม่	O
ปิด	O
เครื่อง	O
ด้วย	O
_	O
อาทิตย์	O
นึง	NORM_1WORD
เต็มๆ	O
ไป	O
นอน	O
ฟัง	O
เสียง	O
คลื่น	O

ส่วน	O
ตัว	O
อคติ	O
กับ	O
ค.รัก	NORM_1WORD
ที่	O
มี	O
สิ่ง	O
แปลกปลอม	O
_	O
ยังไง	NORM_1WORD
ดี	O
5555	O
_	O
เอา	O
ง่ายๆ	NORM_2WORD
ค.รัก	NORM_1WORD
ที่	O
มี	O
การทำร้าย	O
จิตใจ	O
งี้	NORM_1WORD
_	O
อธิบาย	O
ไม่	O
ถูก	O
_	O
แต่	O
นั่น	O
แหละ	O
ความที่	O
เคย	O
เจอ	O
มา	O
คือ	O
เจ็บ	O
ไง	O
_	O
อืม	O
_	O
เลย	O
ทำให้	O
ไม่	O
need	O
เพลง	O
_	O
และ	O
ที่	O
ไม่	O
ค่อย	O
มี	O
คน	O
ฟัง	O
_	O
คง	O
เพราะ	O
มัน	O
bad	O
นี่	O
แหละ	O
คิด	O
ว่า	O
งั้น	NORM_1WORD
_	O
แต่	O
ชอบ	O
หมด	O
นะ	O
_	O
ภาพ	O
_	O
เสียง	O
พี่	O
คชา	O
_	O
ดนตรี	O
_	O
ทำนอง	O
_	O
แต่	O
เนื้อหา	O
ขอ	O
บาย	O
_	O
รับ	O
ไม่	O
ด้ายยย	NORM_1WORD
แง	O

คือ	O
จะ	O
ตั้ง	O
เวลา	O
ลง	O
รูป	O
ใน	O
เพจ	O
_	O
แต่	O
จู่ๆ	O
แม่ง	O
ก็	O
ขึ้น	O
ว่า	O
รูป	O
เก่า	O
เกิน	O
ไม่	O
สามารถ	O
อัพโหลด	NORM_1WORD
ได้	O
(	O
ทั้งๆที่	O
เพิ่ง	O
จะ	O
_	O
export	O
_	O
ออก	O
จาก	O
_	O
lr	O
สดๆ	O
เลย	O
)	O
_	O
นี่	O
ก็	O
คิด	O
ว่า	O
คง	O
เป็น	O
ที่	O
คอม	O
กาก	O
_	O
เอา	O
รูป	O
ยัด	O
ลง	O
มือถือ	O
แล้ว	O
โพส	NORM_1WORD
ก็	O
ไม่	O
ได้	O
_	O
จน	O
_	O
logout	O
_	O
เฟส	O
แล้ว	O
จะ	O
เข้า	O
ใหม่	O
แม่ง	O
บอก	O
ว่า	O
ปิดปรับปรุง	O
_	O
วอทท	NORM_1WORD
_	O
เข้า	O
มา	O
ไถ	O
ทวิต	O
เนี่ย	NORM_1WORD
ถึง	O
จะ	O
รู้	O
555	O
_	O
#FacebookDown	O
_	O
#BNK48	O

เริ่ม	O
ด้วย	O
_	O
MAC	O
Liptensity	O
_	O
สี	O
ฮิต	O
_	O
Smoked	O
_	O
Almond	O
_	O
และ	O
_	O
Medium	O
_	O
Rare	O
_	O
ปาก	O
ชุ่มชื้น	O
ดี	O
มาก	O
_	O
ไม่	O
เหนียว	O
_	O
ไม่	O
หลุด	O
ง่าย	O
เหมือน	O
ลิป	O
แท่งๆ	O
ทั่วไป	O
_	O
สี	O
ชัด	O
_	O
ทา	O
แค่	O
2	O
ที	O
ก็	O
ปิด	O
สี	O
มิด	O
แล้ว	O
_	O
แต่	O
ก้	NORM_1WORD
ยัง	O
หลุด	O
บ้าง	O
น้า	NORM_1WORD
แต่	O
สำหรับ	O
ลิป	O
แบบ	O
นี้	O
ถือ	O
ว่า	O
ทน	O
ดี	O
ทีเดียว	O
คะ	NORM_1WORD
_	O
สี	O
สวย	O
ไม่	O
ป่วย	O
เลย	O
_	O
#ไว้รีวิวห้ามขายของ	O
โว้ยยย	NORM_1WORD
_	O
#ไว้รีวิวห้ามขายของ	O
โว้ยย	NORM_1WORD
_	O
#รีวิว	O

เรา	O
ต้อง	O
นับ	O
ใหม่	O
หมด	O
เลย	O
ทุก	O
อย่าง	O
เวลา	O
ไป	O
กิน	O
ข้าว	O
ก็	O
ไป	O
กิน	O
คน	O
เดียว	O
ถาม	O
ว่า	O
เหงา	O
ไหม	O
บอก	O
เลย	O
ว่า	O
เหงา	O
แต่	O
มัน	O
ชิน	O
ไง	O
เพื่อน	O
เก่า	O
ก็	O
จะ	O
ทัก	O
มา	O
ถาม	O
ทุกข์	O
สุขดิบ	O
เรา	O
ตลอด	O
บอก	O
ว่า	O
คิดถึง	O
แต่	O
ก่อน	O
เนอะ	O
ก็	O
จริง	O
คิดถึง	O
ความทรงจำ	O
พวก	O
นั้น	O
จัง	O
_	O
จน	O
ผ่าน	O
ไป	O
เดือน	O
กว่าๆ	O
เรา	O
เริ่ม	O
มี	O
เพื่อน	O
เขาหา	NORM_1WORD
มาก	O
ขึ้น	O
ไป	O
ไหน	O
กับ	O
เพื่อน	O
ใหม่	O
มาก	O
ขึ้น	O
และ	O
เพื่อน	O
เก่า	O
ก็	O
หาย	O
ไป	O

รีวิว	O
_	O
#MyHeroAcademiathemovie	O
_	O
#กำเนิดใหม่2วีรบุรุษ	O
_	O
ต้อง	O
บอก	O
ก่อน	O
เลย	O
ว่า	O
แฟนๆ	NORM_2WORD
จะ	O
พลาด	O
ไม่	O
ได้	O
เด็ดขาด	O
_	O
นี่	O
เป็น	O
หนัง	O
ที่	O
สร้าง	O
มา	O
เพื่อ	O
เซอร์วิส	NORM_1WORD
แฟนๆ	NORM_2WORD
ฮีโร่	O
โดยเฉพาะ	O
_	O
ทุก	O
คน	O
ได้	O
ออกโรง	O
กัน	O
ครบรส	O
_	O
โดยเฉพาะ	O
มิโดริยะ	O
ที่	O
ยัง	O
สามารถ	O
เป็	NORM_1WORD
คาแร็คเตอร์	NORM_1WORD
ที่	O
ดึง	O
แรงบันดาลใจ	O
ออก	O
มา	O
ได้	O
เป็น	O
อย่าง	O
ดี	O
_	O
สนุก	O
_	O
กรี๊ด	O
มาก	O
_	O
8	O
/	O
10	O
ค่ะ	O
_	O
#ookbecomics	O

โบกมือ	O
ลา	O
เดือน	O
แห่ง	O
_	O
#Pride	O
_	O
ไป	O
กับ	O
_	O
#PrideMarch	O
_	O
ใน	O
มหานคร	O
นิวยอร์ก	O
_	O
โดย	O
ปีนี้	O
มี	O
ขบวนพาเหรด	O
จาก	O
ประเทศ	O
ไทย	O
_	O
นำ	O
โดย	O
_	O
เขตต์	O
ธศร	O
_	O
และ	O
_	O
เติ้ล	O
กันต์ภูชิสส์	O
_	O
สอง	O
เพื่อนรัก	O
นำขบวน	O
ชาวสีรุ้ง	O
ร่วมกับ	O
_	O
#DragRaceThailand	O
_	O
ซีซัน	O
_	O
2	O
_	O
#PopTalk	O
_	O
#OurPride	O
_	O
#แตกต่างเหมือนกัน	O
_	O
#TheStandardLGBTQ	O
_	O
#TheStandardVDO	O
_	O
#TheStandardPop	O

ถ้า	O
เนตร	O
บริสุทธิ์	O
ก็	O
น่า	O
จะ	O
ฮิวงะ	O
+	O
ฮิวงะ	O
_	O
มาก	O
กว่า	O
นะ	O
คะ	O
_	O
เพราะ	O
เป็น	O
เนตร	O
สีขาว	O
ด้วย	O
กัน	O
_	O
ส่วน	O
เนตร	O
จุติ	O
ของ	O
โทเนริ	O
_	O
เรา	O
ก็	O
ยัง	O
รู้สึก	O
เหมือน	O
เอส	O
ผี	O
มัน	O
คิด	O
อะไร	O
ไม่	O
ออก	O
_	O
อยาก	O
ให้	O
เทพ	O
ใส่	O
เนตร	O
ลง	O
ปายย	NORM_1WORD
_	O
สำหรับ	O
เรา	O
คิด	O
ว่า	O
จุดสูงสุด	O
ของ	O
เนตร	O
ก็	O
คือ	O
สังสาระ	O
_	O
ไม่	O
งั้น	NORM_1WORD
คางุยะ	O
ที่	O
กิน	O
ผล	O
จักระ	O
ก็	O
ควร	O
เบิก	O
โจกัน	O
ได้	O
ไป	O
เลย	O
_	O
ถ้า	O
อยาก	O
ให้	O
โหด	O
กว่า	O
สังสาระ	O

ถึง	O
เฌอปราง	O
จะ	O
เป็น	O
แม่เหล็ก	O
ชิ้น	O
แรก	O
ที่	O
ดึงดูด	O
โอตะ	O
หน้าใหม่	O
_	O
แต่	O
ส่วน	O
ใหญ่	O
ก็	O
มัก	O
จะ	O
ตาม	O
มา	O
โอชิ	O
เมม	NORM_1WORD
อื่นๆ	NORM_2WORD
ต่อ	O
ทั้งนั้น	O
_	O
ซึ่ง	O
แปล	O
ว่า	O
เมม	NORM_1WORD
อื่น	O
ก็	O
มี	O
ศักยภาพ	O
ที่	O
จะ	O
สร้าง	O
ฐาน	O
ฟค	NORM_1WORD
ได้	O
มาก	O
เหมือน	O
กัน	O
_	O
นี่	O
อยาก	O
ให้	O
ทาง	O
_	O
ram	O
_	O
ป้อน	O
งาน	O
ที่	O
ให้	O
เด็กๆ	NORM_2WORD
โชว์	O
ศักยภาพ	O
หรือ	O
ค.สนใจ	NORM_1WORD
ของ	O
ตัวเอง	O
_	O
เพื่อ	O
ให้	O
ฟค	NORM_1WORD
ได้	O
เรียนรู้	O
ตัวตน	O
ของ	O
เมม	NORM_1WORD
_	O
#JennisBNK48	O
_	O
#BNK48	O

คือ	O
ขออนุญาต	O
ขำ	O
นะ	O
_	O
คือ	O
มัน	O
เป็น	O
เรื่อง	O
ของ	O
การไม่อยากไป	O
หา	O
หมอ	O
ของ	O
น้อง	O
_	O
เรื่อง	O
มี	O
อยู่	O
ว่า	O
_	O
น้อง	O
ไป	O
เตะ	O
ไม้เท้า	O
เลย	O
เป็น	O
แผล	O
แล้ว	O
ไม่	O
ยอม	O
ไป	O
หา	O
หมอ	O
_	O
แม่	O
ก็	O
บอก	O
ว่า	O
ไม่	O
ต้อง	O
ไป	O
โรงพยาบาล	O
ก็	O
ได้	O
ไป	O
คลินิค	O
เอา	O
_	O
แต่	O
น้อง	O
ก็	O
ไม่	O
ยอม	O
_	O
เรา	O
ก็	O
ฟัง	O
สอง	O
แม่	O
ลูก	O
พูด	O
ไป	O
เลื่อยๆ	NORM_1WORD
_	O
จน	O
มา	O
ถึง	O
จุด	O
พีค!!!!!	NORM_1WORD
_	O
(	O
1	O
)	O
_	O
วิ่ง	O
เร็ว	O
มี	O
ต่อ!!	NORM_1WORD
?	O
sorry	O
_	O
#เรื่องมันช่างน่าอาย	O

#GirlsDontCry	O
_	O
-	O
_	O
มอง	O
ใน	O
แง่	O
ตัด	O
ต่อ	O
ไม่	O
มอง	O
อย่าง	O
อื่น	O
_	O
ถือ	O
ว่า	O
เทพ	O
นะ	O
_	O
-	O
_	O
มอง	O
ใน	O
ความ	O
เป็น	O
หนัง	O
ก็	O
มี	O
อะไร	O
ให้	O
คิด	O
ต่อ	O
เยอะ	O
ดี	O
_	O
-	O
_	O
มอง	O
ใน	O
แง่	O
_	O
bnk48	O
_	O
ต้อง	O
ดู	O
อีก	O
ซัก	O
รอบ	O
_	O
มัน	O
เหมือน	O
คน	O
พูด	O
อ้อมๆ	NORM_2WORD
อยู่	O
อะ	O
_	O
-	O
_	O
ถ้า	O
บอก	O
มัน	O
คือ	O
_	O
สารคดี	O
วง	O
_	O
bnk48	O
_	O
มัน	O
ก็	O
มีบาง	O
อย่าง	O
แต่	O
แค่	O
เกริ่น	O
นำ	O
_	O
-	O
_	O
ถ้า	O
หนัง	O
ลึก	O
กว่า	O
นี้	O
น้อง	O
อาจ	O
อยู่	O
ยาก	O
ก็ได้	O
โอตะ	O
มี	O
หลาย	O
เวล	O
คาด	O
เดา	O
ยาก	O

อยาก	O
ไป	O
มาก	O
เลย	O
ง่ะ	O
เตง	NORM_1WORD
_	O
รัก	O
ลิซ่า	O
มาก	O
เลย	O
ค่ะ	O
_	O
รอบ	O
ที่	O
แล้ว	O
ก็	O
ไป	O
กด	O
บัตร	O
ไม่	O
ทัน	O
_	O
คน	O
กด	O
กัน	O
เยอะ	O
มากๆ	NORM_2WORD
_	O
รอบ	O
นี้	O
เห็น	O
น้อง	O
จะ	O
มา	O
เก็บ	O
ตังค์	O
ไม่	O
ทัน	O
เลย	O
ค่ะ	O
แล้ว	O
วัน	O
ที่	O
กด	O
บัตร	O
เป็น	O
วัน	O
ที่	O
เรา	O
ปฐมนิเทศ	O
_	O
แบบ	O
คง	O
คิด	O
ว่า	O
ชีวิต	O
จะ	O
ได้	O
ไป	O
คอน	NORM_1WORD
Black	O
_	O
pink	O
มั้ย	NORM_1WORD
_	O
ชื่นชอบ	O
น้อง	O
จริงๆ	NORM_2WORD
ค่ะ	O
_	O
อยาก	O
ไป	O
มากๆ	NORM_2WORD
ค่ะ	O
_	O
แต่	O
ทำ	O
ได้	O
แค่	O
โพสต์	O
หา	O
บัตร	O
1,900	O
ที่	O
ไม่	O
อัพ	NORM_1WORD
_	O
เจ็บใจ	O
555	O

จะ	O
กรี๊ด	O
_	O
ทะเลาะ	O
กัน	O
ที	O
_	O
มัน	O
เอา	O
นิยาย	O
เรา	O
ไป	O
ทิ้ง	O
_	O
พอดี	O
กัน	O
มัน	O
ก็	O
คลานเข่า	O
มา	O
สารภาพ	O
บอก	O
จะ	O
พา	O
ไป	O
ซื้อ	O
ใหม่	O
_	O
คือ	O
บาง	O
เล่ม	O
มัน	O
ต้อง	O
พรี	O
จาก	O
คน	O
แต่ง	O
ไง	O
แล้ว	O
เขา	O
เลิก	O
ทำ	O
แล้ว	O
อ่ะ	NORM_1WORD
_	O
โมโห	O
จน	O
น้ำตา	O
ไหล	O
_	O
แล้ว	O
เรื่อง	O
ที่	O
ทะเลาะ	O
ก็	O
คือ	O
ปญอ.	NORM_1WORD
มาก	O
_	O
แค่	O
ให้	O
เพื่อน	O
ที่	O
เรียน	O
พิเศษ	O
ด้วยกัน	O
มา	O
ส่ง	O
เพราะ	O
ฝน	O
ตก	O
ขก.	NORM_1WORD
รอ	O
มัน	O
มา	O
รับ	O
_	O
แค่	O
นี้	O
ดุ	O
เป็น	O
หมา	O
เลย	O
_	O
นี่	O
พี่	O
หรือ	O
ผัว	O
อะ	O

ก่อน	O
ที่	O
จะ	O
ทำ	O
อะไร	O
_	O
ควร	O
พัฒนา	O
ตัวระบบ	O
ริษัท	NORM_1WORD
ให้	O
มี	O
ความ	O
เป็น	O
บริษัท	O
จริงๆ	NORM_2WORD
_	O
ก่อน	O
นะ	O
_	O
ผม	O
สั่ง	O
ชลินโด้	O
_	O
1	O
_	O
วัน	O
ได้	O
ของ	O
แล้ว	O
ขนาด	O
_	O
ตจว.	NORM_1WORD
_	O
สั่ง	O
ใน	O
เฟส	NORM_1WORD
ก็	O
_	O
1	O
_	O
วัน	O
ได้	O
ของ	O
แล้ว	O
_	O
นี่	O
ระดับ	O
บริษัท	O
นะจ๊ะ	O
_	O
เดี๋ยว	O
คอย	O
ดู	O
งาน	O
จับมือ	O
เถอะ	O
_	O
คน	O
เยอะ	O
ขึ้น	O
ได้	O
เตรียม	O
การณ์	O
ไว้	O
หรือ	O
เปล่า	O
_	O
ขนาด	O
_	O
3	O
_	O
พัน	O
คน	O
ครั้ง	O
ที่แล้ว	O
นี่	O
ยัง	O
เละ	O
_	O
เละ	O
_	O
เละ	O
_	O
เละ	O
_	O
ตุ้ม	O
_	O
เป๊ะ	O
_	O
#BNK48	O

คือ	O
ดู	O
รีวิว	O
มา	O
เยอะ	O
มาก	O
_	O
แล้ว	O
มา	O
กิน	O
เอง	O
จ้า	NORM_1WORD
_	O
ข้าวหมูแดง	O
หมูกรอบ	O
กุนเชียง	O
_	O
แต่	O
เดอะเบส	O
คือ	O
กุนเชียง	O
โคด	NORM_1WORD
หมู	O
ไม่	O
แป้ง	O
เลย	O
_	O
หมูแดง	O
ชิ้น	O
นึง	NORM_1WORD
หนา	O
มาก	O
_	O
เท่ากับ	O
หมูแดง	O
ร้าน	O
อื่น	O
_	O
2	O
-	O
3	O
_	O
ชิ้น	O
_	O
น้ำราด	O
เลิศ	O
มาก	O
_	O
ธรรมดา	O
_	O
50	O
_	O
พิเศษ	O
_	O
110	O
_	O
เอา	O
ดี๊	O
_	O
กิน	O
กับ	O
พริก	O
ต้นหอม	O
คือ	O
สุด	O
_	O
#	O
เยาวราช	O
_	O
#	O
กรุงเทพ	O
_	O
#อร่อย	O
ไป	O
แดก	O
_	O
#อร่อย	O
บอก	O
ต่อ	O
_	O
#รีวิว	O
กรุงเทพ	O
_	O
#สี	O
มรกต	O

ดู	O
เพื่อนร่วมทาง	O
ที่	O
bnk	O
ไป	O
ออก	O
แล้ว	O
พึ่ง	NORM_1WORD
รู้	O
ว่า	O
ต้นฉบับ	O
รายการ	O
คือ	O
คิวชูเดอะซีรี่ย์	O
_	O
วง	O
Sanqband	O
ที่	O
ครู	O
เอ๊ะ	O
และ	O
แดนวรเวช	O
เคย	O
ผ่าน	O
มา	O
ก่อน	O
_	O
ผม	O
เชื่อ	O
ว่า	O
หลาย	O
คน	O
ที่	O
ติดตาม	O
BNK	O
ยัง	O
ไม่	O
ได้	O
ดู	O
กัน	O
_	O
อยาก	O
ให้	O
ลอง	O
ไป	O
ดู	O
จริงๆ	NORM_2WORD
ครับ	O
_	O
เหมือน	O
เอา	O
คน	O
ที่	O
ประสบ	O
ความสำเร็จ	O
ใน	O
ที่	O
นึง	NORM_1WORD
ไป	O
เริ่มต้น	O
ใหม่	O
ใน	O
อีก	O
ที่	O
นึง	NORM_1WORD
_	O
สร้าง	O
แรงบันดาลใจ	O
ดี	O
มากๆ	NORM_2WORD
_	O
#BNK48	O

*	O
*	O
_	O
รีวิว	O
เธียร์เตอร์	O
_	O
(	O
2	O
)	O
_	O
วันอาทิตย์	O
ที่	O
_	O
18	O
/	O
11	O
/	O
61	O
_	O
*	O
*	O
_	O
ที่สุด	O
ของ	O
วัน	O
เลย	O
คือ	O
_	O
น้อง	O
มิวสิค	O
ใส่	O
ชุด	O
เพลง	O
_	O
Skirt_Hirari	O
_	O
ไม่	O
ใช่	O
ว่า	O
ผม	O
ไม่	O
เคย	O
เห็น	O
มา	O
ก่อน	O
นะ	O
_	O
แต่	O
ชุด	O
นี้	O
กับ	O
ทรง	O
ผม	O
กับ	O
สี	O
ผม	O
สีแดงน้ำตาล	O
_	O
มัน	O
ช่าง	O
เหมาะ	O
จริงๆ	NORM_2WORD
_	O
หลังจาก	O
สุ่ม	O
ไม่	O
ได้	O
หลาย	O
เดือน	O
_	O
ได้	O
กลับ	O
มา	O
ดู	O
อีก	O
ครั้ง	O
น้อง	O
มิว	O
ก้	NORM_1WORD
ยัง	O
คง	O
เต้น	O
เกิน	O
ร้อย	O
เช่น	O
เคย	O
_	O
#MusicBNK48	O

ชาย	O
เหงา	O
_	O
ชาย	O
เหงา	O
_	O
ชาย	O
เหงา	O
_	O
ชาย	O
เหงา	O
_	O
ชาย	O
เหงา	O
_	O
ชาย	O
เหงา	O
_	O
ชาย	O
เหงา	O
_	O
ชาย	O
เหงา	O
_	O
ชาย	O
เหงา	O
_	O
ชาย	O
เหงา	O
_	O
ชาย	O
เหงา	O
_	O
ชาย	O
เหงา	O
_	O
ชาย	O
เหงา	O
_	O
ชาย	O
เหงา	O
_	O
ชาย	O
เหงา	O
_	O
ชาย	O
เหงา	O
_	O
ชาย	O
เหงา	O
_	O
ชาย	O
เหงา	O
_	O
ชาย	O
เหงา	O
_	O
ชาย	O
เหงา	O
_	O
ชาย	O
เหงา	O
_	O
ชาย	O
เหงา	O
_	O
ชาย	O
เหงา	O
_	O
ชาย	O
เหงา	O
_	O
ชาย	O
เหงา	O
_	O
ชาย	O
เหงา	O
_	O
ชาย	O
เหงา	O
_	O
ชาย	O
เหงา	O
_	O
ชาย	O
เหงา	O
_	O
ชาย	O
เหงา	O
_	O
ชาย	O
เหงา	O
_	O
ชาย	O
เหงา	O
_	O
ชาย	O
เหงา	O
_	O
ชาย	O
เหงา	O
_	O
ชาย	O
เหงา	O

เป็น	O
ความรู้สึก	O
ที่	O
ใจพัง	O
แบบ	O
เหี้ยๆ	O
_	O
เป็น	O
อะไร	O
ที่	O
แม่ง	O
เจ็บ	O
หนัก	O
สุดๆ	O
ที่	O
เคย	O
เป็น	O
มา	O
_	O
บอก	O
เลิก	O
แฟน	O
คน	O
ที่	O
รัก	O
มาก	O
ที่สุด	O
ยัง	O
ไม่	O
เจ็บ	O
เท่า	O
โดน	O
แบบ	O
นี้	O
เลย	O
_	O
แล้ว	O
พอ	O
มา	O
กับ	O
คน	O
ใหม่	O
คน	O
นี้	O
ก็	O
พยายาม	O
ประครอง	NORM_1WORD
ให้	O
ได้	O
มาก	O
สุด	O
ชอบ	O
มาก	O
นะ	O
แต่	O
มัน	O
รู้สึก	O
ว่า	O
ยัง	O
ไม่	O
ได้	O
รัก	O
มัน	O
ยัง	O
ไป	O
ไม่	O
สุด	O
_	O
เอา	O
จริงๆ	NORM_2WORD
ก็	O
เหนื่อย	O
กับ	O
การดูแล	O
คน	O
อื่น	O
อยาก	O
ได้	O
คน	O
มา	O
ดูแล	O
บ้าง	O

รู้สึก	O
ว่า	O
กลไก	O
การลงโทษ	O
ทาง	O
สังคม	O
คน	O
ที่	O
ทำ	O
ผิด	O
มัน	O
ก็	O
โอ	NORM_1WORD
นะ	O
_	O
คือ	O
obj	O
มัน	O
คง	O
เพื่อ	O
เป็น	O
ตัวอย่าง	O
ให้	O
คน	O
อื่นๆ	NORM_2WORD
เห็น	O
ว่า	O
มัน	O
ร้ายแรง	O
และ	O
อย่า	O
ทำ	O
_	O
แต่	O
บาง	O
ที	O
มัน	O
ก็	O
โหด	O
เหมือน	O
กัน	O
ใน	O
แง่	O
ที่	O
เหมือน	O
ให้อภัย	O
ไม่	O
ได้	O
เลย	O
_	O
หมด	O
ที่ยืน	O
ทุก	O
อย่าง	O
_	O
แล้ว	O
มัน	O
ไม่	O
ได้	O
สร้างสรรค์	O
กับ	O
คน	O
ที่	O
ทำ	O
อ่ะ	O
_	O
เขา	O
สำนึก	O
รึ	NORM_1WORD
เปล่า	O
_	O
เสียใจ	O
จริง	O
มั้ย	NORM_1WORD
_	O
หรือ	O
แค้น	O
_	O
อับอาย	O
กับ	O
ตราบาป	O

พี่	O
ย้ง	O
_	O
และ	O
2	O
_	O
ผกก.	NORM_1WORD
_	O
พี่	O
แวววรรณ	O
และ	O
พี่	O
วรรณแวว	O
_	O
พร้อม	O
ด้วย	O
_	O
ต่อ	O
,	O
_	O
เจมส์	O
,	O
_	O
ปอร์เช่	O
,	O
_	O
ไอซ์	O
,	O
_	O
กัปตัน	O
,	O
_	O
แจ๊คกี้	O
,	O
_	O
น้อง	O
นิว	O
bnk48	O
_	O
และ	O
ทีมงาน	O
_	O
#GreatMenAcademy	O
_	O
#สุภาพบุรุษสุดที่เลิฟ	O
_	O
#LINETVoriginals	O
_	O
#NadaoBangkok	O
_	O
ร่วม	O
ทำ	O
กิจกรรมมอบทุนการศึกษา	O
_	O
ให้	O
กับ	O
น้องๆ	NORM_2WORD
_	O
ใน	O
มูลนิธิเด็ก	O
โสสะ	O
แห่งประเทศ	O
ไทย	O
_	O
ใน	O
พระบรมราชินูปถัมภ์	O

โรตี	O
ฝอยทอง	O
นูเทลล่า	O
Flip	O
_	O
Flip	O
_	O
พระราม3	O
.	O
_	O
โรตี	O
ฝอยทอง	O
แบบ	O
แน่นๆ	NORM_2WORD
_	O
เอา	O
ให้	O
หวาน	O
ขึ้น	O
ตา	O
กัน	O
ไป	O
เลย	O
จ้า	NORM_1WORD
_	O
เรา	O
ชอบ	O
โรตี	O
ร้าน	O
นี้	O
มาก	O
_	O
คือ	O
ตัว	O
แป้ง	O
โรตี	O
จะ	O
เป็น	O
แบบ	O
บาง	O
กรอบ	O
_	O
แล้ว	O
เขา	O
ราด	O
ด้วย	O
นูเทลล่า	O
_	O
อัด	O
แน่น	O
ด้วย	O
ใส้	NORM_1WORD
ฝอยทอง	O
_	O
คือ	O
ฝอยทอง	O
ไม่	O
จก	O
ตา	O
อะ	O
_	O
เต็ม	O
คำ	O
แบบ	O
แน่น	O
จริงๆ	NORM_2WORD
_	O
ใคร	O
ชอบ	O
โรตี	O
เรา	O
ว่า	O
ร้าน	O
นี้	O
ไม่	O
ผิด	O
หวัง	O
_	O
aroii	O
_	O
#อร่อยบอกต่อ	O
_	O
#รีวิว	O

เริ่ม	O
ทวิต	O
แรก	O
_	O
#รีวิวที่พัก	O
_	O
กลับ	O
การ	O
ได้	O
เข้า	O
พัก	O
โรงแรม	O
_	O
so	O
_	O
sofitel	O
_	O
bangkok	O
_	O
ที่พัก	O
ย่าน	O
ถนน	O
สาทรเหนือ	O
_	O
คือ	O
ดี	O
มากกก	NORM_1WORD
_	O
ทาง	O
โรงแรม	O
ได้	O
จัด	O
ให้	O
เข้า	O
พัก	O
_	O
ชั้น	O
23	O
_	O
แอบ	O
ตกใจ	O
เล็กน้อย	O
กับ	O
ลาย	O
ผ้าม่าน	O
_	O
มี	O
ขนม	O
และ	O
น้ำ	O
วาง	O
บริการ	O
ใน	O
ห้อง	O
_	O
น่ารัก	O
ดี	O
_	O
มินิ	O
บาร์	O
ฟรี	O
_	O
ห้อง	O
สะอาด	O
_	O
10	O
/	O
10	O
_	O
ไป	O
เลย	O
_	O
#รีวิว	O
_	O
#โรงแรม	O
กรุงเทพ	O
_	O
#	O
กรุงเทพ	O
_	O
#รีวิวห้องพัก	O

ขอบคุณ	O
เฮด	O
น่ารัก	O
ที่	O
_	O
veindaehwix	O
_	O
ได้	O
ซื้อ	O
ให้	O
_	O
เมื่อ	O
คืน	O
ที่	O
ไม่	O
ได้	O
รีวิว	O
ให้	O
ใน	O
ทวิต	O
เพราะ	O
ไป	O
เขียน	O
ความซึ้งใจ	O
ที่	O
อ้วน	O
ซื้อ	O
ให้	O
ใน	O
กระดาษ	O
อยู่	O
แต่	O
กลัว	O
ว่า	O
ตัวเอง	O
เป็น	O
คน	O
ที่	O
เขียน	O
กระดาษ	O
แผ่น	O
ใหญ่	O
ที่สุด	O
ใน	O
โลก	O
บวก	O
กับ	O
กล้อง	O
ไอโฟน	O
ถ่าย	O
กระดาษ	O
แผ่น	O
นั้น	O
ไม่	O
พอ	O
อ้วน	O
เลย	O
ไม่	O
ได้	O
เห็น	O
ความพยายาม	O
ที่	O
พี่	O
เขียน	O
ขอบคุณ	O
อ้วน	O
_	O
เฮ้อ	O
_	O
ไม่	O
น่า	O
เลย	O

#ไข่เจียวใส่ยาพีท	O
_	O
#บทจะรัก	O
_	O
#รีวิว	O
_	O
ตาม	O
มา	O
จาก	O
เรื่อง	O
บอส	O
แล้ว	O
ค่ะ	O
เรื่อง	O
บอส	O
คือ	O
สนุก	O
มากกกก	NORM_1WORD
ชอบ	O
ตัว	O
นางเอก	O
แบบ	O
ปุ๊	O
มาก	O
_	O
ตอน	O
แรก	O
ที่	O
เข้า	O
มา	O
อ่าน	O
เล่ม	O
นี้	O
ก็	O
คิด	O
ว่า	O
คง	O
ไม่	O
ค่อย	O
สนุก	O
หรอก	O
มั้ง	O
เพราะ	O
ไม่	O
ค่อย	O
ชอบ	O
บุคลิก	O
ของ	O
น้อง	O
ดา	O
เท่า	O
ไร	NORM_1WORD
แต่	O
อ่าน	O
ไป	O
อ่าน	O
มา	O
คือ	O
น่ารัก	O
มาก	O
ค่ะ	O
หลง	O
คุณ	O
พีท	O
มาก	O
ยิ่ง	O
อิมเมท	O
เป็น	O
จินยอง	O
ด้วย	O
แล้ว	O
ยิ่ง	O
หลง	O
เข้า	O
ไป	O
อีก	O

วันนี้	O
ผม	O
พา	O
อาม่า	O
ไป	O
ให้	O
กำลังใจ	O
คุณ	O
ธนาธร	O
_	O
ท่าน	O
เป็น	O
คน	O
ที่	O
เล่น	O
_	O
Social	O
_	O
media	O
_	O
และ	O
เห็น	O
วิสัยทัศน์	O
ของ	O
พรรค	O
มา	O
โดย	O
ตลอด	O
_	O
ทั้ง	O
อยาก	O
เห็น	O
การเปลี่ยนแปลง	O
_	O
ปี	O
นี้	O
ท่าน	O
อายุ	O
_	O
80	O
_	O
ปี	O
แล้ว	O
แม้	O
จะ	O
ไม่	O
ได้	O
เป็น	O
ไทย	O
โดย	O
สายเลือด	O
_	O
แต่	O
ท่าน	O
ก็	O
หวัง	O
มา	O
ตลอด	O
ว่า	O
ประเทศ	O
ไทย	O
จะ	O
เป็น	O
_	O
ปชต.	NORM_1WORD
จริง	O
ๆ	O
_	O
สัก	O
ครั้ง	O
_	O
#	O
ฟ้า	O
รักพ่อ	O
_	O
#พรรค	O
อนาคตใหม่	O
_	O
#เลือกตั้ง62	O

ตบ	O
กับ	O
กู	O
มั้ย	NORM_1WORD
มี่	O
_	O
อต.	NORM_1WORD
บางคน	O
นะ	O
ที่	O
มารยาท	O
แย่	O
มาก	O
_	O
คือ	O
บับ	NORM_1WORD
ทน	O
ไม่	O
ไหว	O
แล้ว	O
เว้ย	O
นี่	O
มัน	O
ประเทศ	O
กู	O
นะ	O
อีดอก	O
_	O
มึง	O
ช่วย	O
รักษา	O
ภาพลักษณ์	O
ประเทศ	O
กู	O
ด้วย	O
_	O
ถึง	O
มึง	O
จะ	O
เป็น	O
มี่	O
_	O
อต.	NORM_1WORD
แต่	O
ยังๆ	NORM_2WORD
มัน	O
ก็	O
เป็น	O
คอน	NORM_1WORD
ที่	O
ไทย	O
_	O
แล้ว	O
มี่	O
_	O
คนอื่น	O
เค้า	NORM_1WORD
จะ	O
บอก	O
ประเทศ	O
ไทย	O
ยังไง	NORM_1WORD
_	O
แบบ	O
ถ้า	O
จะ	O
มา	O
ทำ	O
อย่าง	O
นี้	O
พวก	O
มึง	O
อย่า	O
มา	O
ซื้อ	O
บัตร	O
คอน	NORM_1WORD
เถอะ	O
_	O
คือ	O
บังทัน	O
ก็	O
ไป	O
ทัวร์	O
แต่ละ	O
ประเทศ	O

เพื่อน	O
พา	O
ไป	O
กิน	O
ข้าว	O
ร้าน	O
อิสลาม	O
_	O
พูด	O
ย้ำ	O
หลาย	O
ครั้ง	O
ว่า	O
อย่า	O
สั่ง	O
หมู	O
นะ	O
อี	O
นี่	O
ก็	O
นึก	O
ใน	O
ใจ	O
ว่า	O
อย่าสั่งหมูๆ	O
คนจดเมนู	O
โพก	O
ผ้า	O
แบบ	O
อิสลาม	O
เดิน	O
มา	O
ถาม	O
ก็	O
สั่ง	O
ไป	O
อย่าง	O
มั่นใจ	O
ว่า	O
เอา	O
มักกะโรนีหมู	O
ค่ะ	O
เขา	O
ก็	O
มอง	O
หน้า	O
ยิ้ม	O
อ่อนๆ	O
ให้	O
อี	O
นี่	O
ก็	O
ยัง	O
ไม่	O
รู้ตัว	O
ยิ้ม	O
ตอบ	O
เขา	O
อีก	O
_	O
จน	O
เพื่อน	O
ต้อง	O
เอา	O
ศอก	O
กระทุ้ง	O
_	O
พี่	O
หนู	O
ขอโทษ	O
ToT	O
_	O
#เรื่องมันช่างน่าอาย	O

สังเกต	O
ไหม	O
ประเทศ	O
ไทย	O
เป็น	O
ประเทศ	O
ที่	O
ฝรั่ง	O
หรือ	O
ชาติ	O
อื่น	O
แปลกใจ	O
ถึง	O
ว่า	O
ความสัมพันธ์	O
ของ	O
คน	O
ใน	O
ไทย	O
ที่	O
สามารถ	O
เรียก	O
คน	O
ที่	O
ไม่	O
รู้จัก	O
เป็น	O
เหมือน	O
ดั่ง	O
ญาติพี่น้อง	O
_	O
การเรียก	O
พี่	O
ก็	O
เช่น	O
กัน	O
ถือ	O
ป็นก	O
ารให้เกียรติ	O
ตาม	O
แบบฉบับ	O
ของ	O
คน	O
ไทย	O
_	O
การที่	O
น้อง	O
บอก	O
ว่า	O
อยู่	O
โรงเรียน	O
มัน	O
ตีความ	O
ได้	O
หลาย	O
อย่าง	O
เช่น	O
_	O
เป็น	O
บุคลากร	O
ใน	O
โรงเรียน	O
นั้น	O
ด้วย	O

ถ้า	O
สังเกต	O
ซัก	NORM_1WORD
หน่อย	O
คุณ	O
ก็	O
น่า	O
จะ	O
เห็น	O
ว่า	O
น้อง	O
พยายาม	O
ปรับปรุง	O
อยู่	O
ตั้งแต่	O
วัน	O
แรก	O
ที่	O
เดินสาย	O
โปรโมท	NORM_1WORD
พี่ๆ	O
ทั้งหลาย	O
ก็	O
ช่วย	O
กัน	O
ประคอง	O
น้อง	O
ไว้	O
_	O
คอย	O
ช่วยเหลือ	O
แบ่งเบา	O
ภาระ	O
น้อง	O
ให้	O
น้อง	O
ค่อยๆ	O
เรียนรู้	O
พัฒนา	O
ทักษะ	O
หน้า	O
งาน	O
_	O
แล้ว	O
ไหง	NORM_1WORD
คุณ	O
ที่	O
บอก	O
ว่า	O
เป็น	O
แฟน	O
ของ	O
วง	O
_	O
กลับ	O
ใช้	O
คำ	O
รุนแรง	O
ต่อว่า	O
น้อง	O
_	O
มัน	O
ไม่	O
ส่ง	O
ผลดี	O
กับ	O
ใคร	O
เลย	O
นะ	O
จริงๆ	NORM_2WORD
_	O
#BNK48	O

ถ้า	O
ผู้บริหาร	O
ของ	O
กรุงเทพ	NORM_1WORD
และ	O
ประเทศ	O
ไทย	O
ห่วง	O
ภาพลักษณ์	O
และ	O
หน้าตา	O
ของ	O
ประเทศ	O
จริง	O
_	O
คุณ	O
ควร	O
หยุด	O
การสร้างภาพ	O
ด้วย	O
การฉีดน้ำ	O
เพื่อ	O
แก้	O
ปัญหา	O
มลพิษ	O
ทั้งหมด	O
_	O
โปรด	O
ออก	O
มา	O
จาก	O
กะลา	O
เพื่อ	O
ลืมตา	O
ดู	O
ว่า	O
ทั่วโลก	O
กำลัง	O
กลั้น	O
หัวเราะ	O
การกระทำ	O
ของ	O
คุณ	O
_	O
prayutofficial	O
_	O
เวลา	O
ต่างชาติ	O
ใช้	O
คำ	O
ว่า	O
_	O
unbelievable	O
_	O
เค้า	O
กำลัง	O
ล้อเลียน	O
_	O
ไม่	O
ใช่	O
ชื่นชม	O

รีวิว	O
มีต	NORM_1WORD
พี่	O
จี	O
วัน	O
นี้	O
คือ	O
ดี	O
ไป	O
หมด	O
จิงๆ	NORM_2WORD
นะ	O
_	O
แบบ	O
ร้องสด	O
ทุก	O
เพลง	O
_	O
ดีเจ	O
ดาด้า	O
ก็	O
ตลก	O
_	O
แบบ	O
ชง	O
มุก	O
ไม่	O
ยาก	O
มาก	O
พี่	O
จี	O
เข้าใจ	O
อะ	O
_	O
ขำ	O
ทั้ง	O
ฮอล	O
_	O
ช่วง	O
กิจกรรม	O
ก้	NORM_1WORD
คือ	O
ดี	O
_	O
ขอ	O
ให้	O
เต้น	O
ไร	O
เต้น	O
หมด	O
_	O
พูด	O
ไทย	O
หลาย	O
ปย.	NORM_1WORD
มาก	O
_	O
แบบ	O
_	O
อย่า	O
ร้องไห้	O
นะ	O
คน	O
ดี	O
_	O
แงงงงง	NORM_1WORD
_	O
ตอน	O
โปรเจค	NORM_1WORD
ก้	NORM_1WORD
ซึ้ง	O
มาก	O
เลย	O
_	O
ตั้งแต่	O
พี่	O
อ่าน	O
จดหมาย	O
ถึง	O
ผับอัล	O
แล้ว	O
_	O
#YOONJISUNG1stFANMEETINGinBKK	O

perf&mc	O
รุ่น	O
2	O
จะ	O
เก่ง	O
กว่า	O
ก็	O
ไม่	O
แปลก	O
อ่ะ	NORM_1WORD
_	O
ดู	O
ตอน	O
รับ	O
ออดิชั่น	NORM_1WORD
รุ่น	O
2	O
ดิ	NORM_1WORD
_	O
#BNK48	O
_	O
ดัง	O
ระดับ	O
ไหน	O
แล้ว	O
เด็ก	O
ไทย	O
ที่	O
อยาก	O
เข้า	O
วงการ	O
มี	O
เยอะแยะ	O
อยาก	O
ร้อง	O
อยาก	O
เต้น	O
เรียน	O
ร้อง	O
เรียน	O
เต้น	O
มา	O
นาน	O
มี	O
เยอะแยะ	O
จะ	O
เก่ง	O
ก็	O
ไม่	O
แปลก	O
มิวนิค	O
เป็น	O
พิธีกร	O
ประจำ	O
รายการ	O
ดิสนี่ย์	O
นาน	O
อยู่	O
จะ	O
เก่ง	O
mc	O
กว่า	O
ก็	O
ไม่	O
แปลก	O
_	O
เพราะ	O
งี้	NORM_1WORD
ไง	O
ตาม	O
รุ่น	O
2	O
เลย	O
ไม่	O
สนุก	O
เท่า	O
รุ่น	O
1	O

#HECKOREACONCERT	O
_	O
เป็น	O
คอนเสิร์ต	O
ที่	O
บอก	O
ได้	O
ว่า	O
_	O
การจัดการ	O
แย่	O
ที่สุด	O
ที่	O
เคย	O
ไป	O
มา	O
_	O
หน้า	O
เค้าท์เตอร์	NORM_1WORD
บอก	O
ปัด	O
อย่าง	O
เดียว	O
ว่า	O
ไม่	O
รู้	O
เรื่อง	O
ข้าง	O
ใน	O
_	O
ก็	O
มี	O
วอ	O
อยู่	O
ก็	O
คุย	O
กัน	O
สิ	O
!!!!	O
_	O
เฮ้อออ	NORM_1WORD
ใดๆ	O
ล้วน	O
มี	O
ดี	O
ที่	O
เก่ง	O
ที่	O
สามารถ	O
เอา	O
ศิลปิน	O
มา	O
ได้	O
_	O
ขอ	O
รีวิว	O
สิ่ง	O
ดีๆ	NORM_2WORD
นิดนึง	NORM_1WORD
_	O
กระติกน้ำ	O
starbuck	O
ดี	O
มาก	O
_	O
สามารถ	O
เก็บ	O
น้ำแข็ง	O
เป็น	O
ก้อน	O
ได้	O
จน	O
เลิก	O
คอน	NORM_1WORD

การ์ด	O
แอค	NORM_1WORD
เสี้ยม	O
อ๋อ	O
เลย	O
จ้า	NORM_1WORD
ถาม	O
จริง	O
คิด	O
ว่า	O
อยู่	O
ใน	O
หนัง	O
นิยาย	O
หรือ	O
แฟน	O
ด้อม	O
หรอ	NORM_1WORD
คะ	O
รร.	O
รึ	NORM_1WORD
สถาบัน	O
สูงๆ	O
เอ่ย	O
ถึง	O
ต้อง	O
มี	O
แอค	NORM_1WORD
เสี้ยม	O
ให้	O
เสื่อมเสีย	O
เพื่อ	O
ล้มล้าง	O
คิด	O
ไป	O
ไกล	O
เกิน	O
รึ	NORM_1WORD
เปล่า	O
เรา	O
ก็	O
คนปกติ	O
ไม่	O
ได้	O
ฉลาด	O
_	O
แต่	O
ส่อง	O
ใน	O
แท็ก	O
เลื่อนๆ	O
ยัง	O
เจอ	O
คน	O
บุลลี่	NORM_1WORD
พยายาม	O
เอา	O
คลิป	O
เขา	O
มา	O
ให้	O
คน	O
เข้าใจ	O
ผิด	O
ว่า	O
ด่า	O
ทุก	O
คน	O
ทั้งๆที่	O
ด่า	O
คน	O
บาง	O
พวก	O
อยู่	O
เลย	O
คม.	NORM_1WORD
อีก	O

ขออนุญาต	O
นะคะ	O
_	O
#รับสอน	O
ภาษา	O
เกาหลี	O
_	O
สอบถาม	O
ก่อน	O
ได้	O
ค่ะ	O
_	O
ออนไลน์	O
ชม.	O
ละ	O
100	O
ไป	O
เล้ย	O
_	O
ตัวต่อตัว	O
ชม.	O
ละ	O
150	O
_	O
จบ	O
คอร์ส	O
จาก	O
เล็กซิสโคเรีย	O
มา	O
น้า	O
_	O
เลือก	O
เวลา	O
เอง	O
ได้	O
_	O
ผ่าน	O
ระดับ	O
มี	O
ของขวัญ	O
ติ่ง	O
ให้	O
จ้า	O
_	O
มี	O
ประสบการณ์	O
การสอน	O
ค่ะ	O
_	O
ดู	O
รีวิว	O
การสอน	O
ได้	O
ค่ะ	O
_	O
#สอน	O
ภาษา	O
เกาหลี	O
_	O
#ภาษา	O
เกาหลี	O
_	O
#สอน	O
ภาษา	O
เกาหลี	O
ราคาถูก	O
_	O
#Blackpink	O
_	O
#ใครฆ่าประเสริฐ	O

จาก	O
ที่	O
ดู	O
_	O
#ทฤษฎีจีบเธอ	O
_	O
มา	O
3	O
Ep.	O
_	O
และ	O
เคย	O
อ่าน	O
นิยาย	O
มา	O
_	O
พี่	O
กัน	O
จะ	O
ร้องไห้	O
น่าสงสาร	O
มาก	O
_	O
แสดง	O
ความรู้สึก	O
เติร์ด	O
ให้	O
เห็น	O
ชัด	O
_	O
แบบ	O
ก็	O
รู้	O
นะ	O
เว้ย	O
ว่า	O
ได้	O
แค่	O
ไหน	O
_	O
แต่	O
ก็	O
เต็มใจ	O
ที่	O
จะ	O
อยู่	O
และ	O
เอา	O
แค่	O
นั้น	O
อ่ะ	O
_	O
ไม่	O
เรียกร้อง	O
อะไร	O
เพิ่มเติม	O
_	O
ทั้งๆที่	O
ควร	O
จะ	O
ไป	O
ได้	O
ตั้ง	O
นาน	O
แล้ว	O
อ่ะ	NORM_1WORD
_	O
มัน	O
เป็น	O
ความรัก	O
ที่	O
มาก	O
กว่า	O
ความรัก	O
อ่ะ	NORM_1WORD
_	O
โอ้ย	NORM_1WORD
มัน	O
ดี	O
อ่ะ	NORM_1WORD
_	O
(	O
1	O
)	O

เป็น	O
วัยรุ่น	O
คน	O
นึง	NORM_1WORD
ที่	O
ปกติ	O
ไม่	O
สนใจ	O
เรื่อง	O
การเมือง	O
เลย	O
_	O
แต่	O
ก่อน	O
ตอน	O
เลือกตั้ง	O
_	O
พ่อ	O
แม่	O
บอก	O
ให้	O
เลือก	O
ใคร	O
ก็	O
เลือก	O
_	O
แต่	O
มา	O
รอบ	O
นี้	O
_	O
เรา	O
เลือก	O
ที่	O
จะ	O
ฟัง	O
การดีเบต	O
ต่างๆ	NORM_2WORD
_	O
ฟัง	O
นโยบาย	O
_	O
และ	O
เลือก	O
ใน	O
สิ่ง	O
ที่	O
เรา	O
คิด	O
ว่า	O
ถูกต้อง	O
_	O
รู้สึก	O
เจ็บใจ	O
นะ	O
_	O
เสียใจ	O
ด้วย	O
_	O
ประเทศ	O
ไทย	O
มี	O
ทรัพยากร	O
พร้อม	O
พัฒนา	O
ทุก	O
อย่าง	O
_	O
ติด	O
แค่	O
คน	O
ชั่ว	O
ยัง	O
ครอง	O
อำนาจ	O
แค่	O
นั้น	O
เอง	O

ใช่	O
ค่ะ	O
_	O
แต่	O
ไม่	O
อยาก	O
เอา	O
ไป	O
เปรียบเทียบ	O
กับ	O
หน่อง	NORM_1WORD
เม	O
ขนาด	O
นั้น	O
_	O
เรา	O
อยาก	O
ติ	O
เพื่อ	O
ให้	O
อาชิ	O
พัฒนา	O
_	O
เผื่อ	O
อาชิ	O
จะ	O
มา	O
เห็น	O
_	O
เรา	O
ไม่	O
ได้	O
อยาก	O
ให้	O
อาชิ	O
รู้สึก	O
แย่	O
ที่	O
โดน	O
เปรียบเทียบ	O
_	O
แต่	O
เรา	O
อยาก	O
ให้	O
เขา	O
พัฒนา	O
ใน	O
รูปแบบ	O
ของ	O
เขา	O
ที่	O
เป็น	O
ตัว	O
ของ	O
เขา	O
_	O
การพูด	O
_	O
การรีวิว	O
ต่างๆ	NORM_2WORD
_	O
ของ	O
เขา	O
มัน	O
โอเค	O
ดี	O
ค่ะ	O
_	O
ติด	O
แค่	O
เรื่อง	O
ตัดต่อ	O
นี้แหละ	NORM_1WORD
_	O
ที่	O
ต้อง	O
พัฒนา	O
จริงๆ	O

ส่อง	O
แท็ก	O
_	O
#BNK48	O
_	O
ไม่	O
ค่อย	O
อิจฉา	O
คนขิง	O
เท่าไหร่	NORM_1WORD
_	O
เพราะ	O
ผม	O
อิจฉา	O
ตั้งแต่	O
เห็น	O
กลุ่ม	O
คน	O
ยิ้ม	O
กรุ้มกริ่ม	O
เดิน	O
ออก	O
มา	O
จาก	O
เธียเตอร์	O
แล้ว	O
_	O
หน้า	O
แต่ละ	O
คน	O
คือ	O
อิ่ม	O
สุด	O
_	O
ผ่าน	O
ไป	O
ซัก	NORM_1WORD
พัก	O
ก็	O
จะ	O
มี	O
คน	O
ทยอย	O
ออก	O
มา	O
ที	O
ละ	O
คน	O
พร้อม	O
ถือ	O
รูป	O
เชกิ	O
ระดับ	O
สายตา	O
_	O
เดิน	O
ไป	O
เดิน	O
มา	O
ซัก	NORM_1WORD
รอบ	O
_	O
แล้ว	O
ก็	O
หยิบ	O
มือถือ	O
มา	O
ถ่าย	O
ลง	O
โซเชี่ยว	NORM_1WORD
ต่อ	O
ไป	O
_	O
เขา	O
ขิง	O
กัน	O
ตั้งแต่	O
ออก	O
มา	O
แล้ว	O

ก็	O
ประกาศ	O
รายชื่อ	O
ครบ	O
เป็น	O
ที่	O
เรียบร้อย	O
_	O
สำหรับ	O
คน	O
ที่	O
ไม่	O
ชนะ	O
ก็	O
ไม่	O
ต้อง	O
เสียใจ	O
นะ	O
คะ	O
_	O
เรา	O
มี	O
ของที่ระทึก	O
เล็กๆ	O
น้อยๆ	O
มอบ	O
ให้	O
เป็น	O
การตอบแทน	O
ที่	O
ให้	O
การสนับสนุน	O
และ	O
อ่าน	O
นิยาย	O
ของ	O
เรา	O
_	O
ที	O
แรก	O
คิด	O
ว่า	O
จะ	O
นกๆ	O
_	O
ไม่	O
มี	O
ใคร	O
มา	O
เล่น	O
เลย	O
_	O
แต่	O
พอ	O
เห็น	O
ว่า	O
_	O
เออ	O
_	O
มี	O
คน	O
อ่าน	O
นิยาย	O
เรา	O
อยู่	O
นะ	O
_	O
มี	O
ฟีดแบค	NORM_1WORD
ดีๆ	NORM_2WORD
กลับ	O
มา	O
ก็	O
เหมือน	O
เป็นกำลังใจ	O
ให้	O
เรา	O
เช่นกัน	O

อยาก	O
ได้	O
ปก	O
ไหน	O
_	O
จอง	O
ได้	O
เลย	O
_	O
ราคา	O
ตาม	O
ปก	O
แต่ละ	O
ปก	O
_	O
เหลือ	O
ให้	O
จอง	O
อีก	O
นิด	O
หน่อย	O
นะ	O
ครับ	O
_	O
ไม่	O
รวม	O
ค่า	O
จัด	O
ส่ง	O
_	O
หรือ	O
จะ	O
มา	O
รับ	O
ที่	O
ร้าน	O
ก็	O
ได้	O
ตาม	O
สะดวก	O
จ้า	NORM_1WORD
_	O
โทร	O
/	O
ID	O
.	O
Line	O
_	O
0816471651	O
_	O
#SudsapdaApril2018	O
_	O
#kazzmagazine	O
_	O
#BNK48	O
_	O
#TheGuitarMagazin	O
_	O
#BNK48	O
_	O
#	O
โป๊ป	O
มิว	O
_	O
#	O
บุพเพสันนิวาส	O
_	O
#รับจองหนังสือทุกปกทุกสำนักพิมพ์	O
_	O
#	O
เป๊กผลิตโชค	O

โดยรวม	O
ถือว่า	O
ดี	O
_	O
แต่	O
แบบ	O
_	O
มัน	O
มี	O
ตะหงิดๆ	O
อยู่	O
บาง	O
ช่วง	O
_	O
ชอบ	O
วง	O
นี้	O
นะ	O
_	O
ชอบ	O
มาก	O
_	O
ตาม	O
มา	O
ตั้งแต่	O
ก่อน	O
จะ	O
เด	O
_	O
แต่	O
อี	O
นี้	O
ก็	O
ติ่ง	O
_	O
KPop	O
_	O
มา	O
นาน	O
พอ	O
สมควร	O
_	O
บาง	O
อารมณ์	O
ก็	O
รู้สึก	O
ว่า	O
ยัง	O
ไม่	O
ค่อย	O
เห็น	O
กลิ่นไอ	NORM_1WORD
ของ	O
_	O
TPop	O
_	O
เลย	O
_	O
ชอบ	O
นะ	O
เอ็มวี	O
ถือว่า	O
สวย	O
มาก	O
_	O
แต่	O
มัน	O
มี	O
ความเป็น	O
_	O
Kpop	O
_	O
สูง	O
มาก	O
_	O
มี	O
แค่	O
ภาษา	O
ไทย	O
กับ	O
นักร้อง	O
บาง	O
ส่วน	O
ที่	O
เป็น	O
คน	O
ไทย	O
_	O
#Rapapampam	O

แก	O
!	O
_	O
สัญญาณ	O
มือถือ	O
ของ	O
_	O
CAT	O
_	O
ที่	O
ชื่อ	O
_	O
my	O
by	O
CAT	O
_	O
จาก	O
เคส	O
ที่	O
ค่าย	O
ให้	O
โทร	O
ฟรี	O
_	O
SMS	O
_	O
ฟรี	O
_	O
และ	O
เน็ต	O
ฟรี	O
_	O
จน	O
ถึง	O
วัน	O
ที่	O
_	O
1	O
_	O
ก.ค.	O
_	O
เนื่องจาก	O
ชดชย	NORM_1WORD
ให้	O
กับ	O
สัญญาณ	O
ที่	O
ล่ม	O
ไป	O
_	O
....	O
คือ	O
จะ	O
บอก	O
ว่า	O
เป็น	O
การชดเชย	O
ที่	O
คุ้ม	O
มากกก	NORM_1WORD
_	O
ฉัน	O
โทร	O
ไป	O
หา	O
เพื่อน	O
ที่	O
อเมริกา	O
_	O
เม้าธ์มอย	NORM_1WORD
กัน	O
แบบ	O
ฟรี	O
!	O
_	O
เน้น	O
ว่า	O
ฟรี	O
ไม่	O
มี	O
ตัด	O
เงิน	O
_	O
รัก	O
_	O
CAT	O
_	O
แต่	O
อย่า	O
ล่ม	O
บ่อย	O
_	O
#mybyCAT	O

เห้ย	O
เรา	O
ว่า	O
ตอน	O
นี้	O
เรา	O
เจอ	O
อยู่	O
กับ	O
ปัญหา	O
แบบ	O
นี้	O
เหมือน	O
กัน	O
คือ	O
ไม่	O
ได้	O
หมด	O
ความชอบ	O
ใน	O
ตัว	O
ศิลปิน	O
หรือ	O
แบบ	O
มี	O
เรื่อง	O
อะไร	O
ที่	O
ไม่	O
ชอบ	O
แต่	O
คือ	O
ความรุ้สึก	NORM_1WORD
คือ	O
เหนื่อย	O
อ้ะ	NORM_1WORD
คือ	O
อยู่	O
ก็	O
เบื่อ	O
แต่	O
ยัง	O
ชอบ	O
ยัง	O
รัก	O
งี้	NORM_1WORD
เป็น	O
แบบ	O
นี้	O
มา	O
สัก	O
พัก	O
แล้ว	O
คือ	O
เรา	O
งง	O
กับ	O
ตัวเอง	O
นะ	O
ตอน	O
แรก	O
อ้ะ	NORM_1WORD
คิด	O
ว่า	O
แบบ	O
นี้	O
จะ	O
เลิก	O
ชอบ	O
หรอ	NORM_1WORD
แต่	O
ไม่	O
เว้ย	O
พอ	O
ได้	O
กลับ	O
มา	O
ก้	NORM_1WORD
แบบ	O
อยู่	O
ห่าง	O
มั้ง	NORM_1WORD

อืม	O
_	O
ฉาก	O
นี้	O
ไม่	O
ได้	O
จิกหมอน	O
เลย	O
_	O
ไม่	O
ได้	O
กลิ้ง	O
ไปมา	O
เพราะ	O
เขิน	O
ด้วย	O
_	O
ไม่	O
เล้ยย	NORM_1WORD
_	O
ใคร	O
จะ	O
บ้า	O
ทำ	O
อย่าง	O
นั้น	O
ไม่	O
มี๊	NORM_1WORD
_	O
ก็	O
แค่	O
พี่	O
เป้	O
ลุค	NORM_1WORD
พี่สาว	O
แสน	O
หวาน	O
โห	O
.......	O
//	O
ไอ้	O
บ้า	O
เอ้ยยยยยย	NORM_1WORD
เขิน	O
ชิบผายย	NORM_1WORD
เขิน	O
ว้อยยยยยยยยย	NORM_1WORD
_	O
วอน	O
คน	O
ข้าง	O
ห้อง	O
อย่า	O
ด่า	O
เลย	O
นะ	O
//	O
หวีด	O
ลั่น	O
ห้อง	O
//	O
ใคร	O
เลือก	O
ฉาก	O
นี้	O
ถ้า	O
หัวใจวาย	O
ใคร	O
รับผิดชอบบ	NORM_1WORD
_	O
บ้าบอออ	NORM_1WORD
_	O
#PupeBNK48	O
_	O
#BNK48	O

มี	O
พี่	O
ที่	O
รู้จัก	O
คน	O
นึง	O
เคย	O
โดน	O
ฟ้อง	O
จาก	O
เคส	O
นี้	O
_	O
ระหว่าง	O
ฟ้อง	O
ต้อง	O
เสีย	O
ค่า	O
ทนาย	O
เอง	O
_	O
และ	O
ทนาย	O
ก็	O
จะ	O
ไม่	O
ให้	O
เรา	O
ทำ	O
อะไร	O
กับ	O
_	O
Social	O
_	O
network	O
_	O
เพราะ	O
ต้อง	O
การ	O
ให้	O
งด	O
การ	O
เคลื่อน	O
ไหว	O
_	O
เพราะ	O
มี	O
ผล	O
ต่อ	O
รูป	O
คดี	O
_	O
ถ้า	O
คน	O
นั้น	O
เป็น	O
ออน	O
_	O
ออน	O
จะ	O
ทำ	O
ยัง	O
ไง	O
_	O
เพราะ	O
ทุก	O
วันนี้	O
ออน	O
ทำ	O
ทุก	O
อย่าง	O
ออนไลน์	O
_	O
แบรนด์	O
เครื่องสำอาง	O
_	O
ขนตา	O
_	O
เสื้อ	O
ผ้า	O
_	O
รีวิว	O
_	O
มัน	O
น่า	O
กลัว	O
นะ	O

khunongdahaix	O
_	O
วัน	O
เกิด	O
หรอ	O
_	O
มะ	NORM_1WORD
เห็น	O
บอก	O
กัน	O
เลย	O
_	O
ขอ	O
ให้	O
นาย	O
ต้าไห่	O
คน	O
นี้	O
มี	O
ความสุข	O
มากๆ	NORM_2WORD
นะ	O
ค้าบ	NORM_1WORD
_	O
ไม่	O
เศร้า	O
ไม่	O
เหงา	O
ไม่	O
เจ็บป่วย	O
นะ	O
_	O
แก่	O
ขึ้น	O
อีก	O
ปี	O
แล้ว	O
นะ	O
นาย	O
_	O
ขอบคุณ	O
ที่	O
ส่ง	O
ของ	O
มา	O
ให้	O
ครับ	O
ถึงแม้	O
ว่า	O
มัน	O
จะ	O
ยัง	O
ไม่	O
ถึง	O
ก็ตาม	O
..	O
555	O
_	O
ยังไง	O
ก็	O
อย่า	O
หาย	O
ไป	O
ไหน	O
นะ	O
ครับ	O
_	O
มา	O
คุย	O
และ	O
ก็	O
มา	O
สนิท	O
กัน	O
ไป	O
เรื่อย	O
และ	O
นานๆ	O
นะ	O
ครับ	O
3	O
_	O
สุขสันต์	O
วัน	O
เกิด	O
นะ	O
ครับ	O

จำ	O
ได้	O
แม่น	O
ว่า	O
ช่วง	O
ป.	O
3	O
ไป	O
ปั่นจักรยาน	O
กับ	O
พี่ข้างบ้าน	O
2	O
คน	O
ซึ่ง	O
พวกนาง	O
อยู่	O
ป.	O
4	O
ไป	O
ปั่นจักรยาน	O
กัน	O
ใน	O
หมู่บ้าน	O
แล้ว	O
มี	O
4แยก	O
ปั่นจักรยาน	O
มา	O
สอง	O
คัน	O
ที	O
นี้	O
กู	O
ไม่	O
รู้	O
ว่า	O
พี่	O
เลี้ยวโค้ง	O
นาง	O
โค้ง	O
มา	O
ตัดหน้า	O
จักรยาน	O
กู	O
แบรก	NORM_1WORD
ทัน	O
ด้วย	O
ความที่	O
พรี่	NORM_1WORD
กลัว	O
น้อง	O
เจ็บ	O
เสียสละ	O
รีบ	O
ปั่น	O
ขึ้น	O
ฟุตบาท	NORM_1WORD
ไป	O
คน	O
ที่	O
ร้านลูกชิ้น	O
ขำ	O
ใหญ่	O
_	O
#เรื่องมันช่างน่าอาย	O

ตอน	O
นี้	O
คือ	O
มี	O
เซเล็บ	O
ออก	O
มา	O
ทวิต	O
พร้อม	O
กัน	O
และ	O
ปล่อย	O
ให้	O
คน	O
มา	O
_	O
abuse	O
_	O
ดารา	O
แบบ	O
ใส่	O
ข้อมูล	O
ผิดๆ	O
ไป	O
ด้วย	O
_	O
สร้าง	O
_	O
hate	O
_	O
speech	O
_	O
ไป	O
ด้วย	O
_	O
สร้าง	O
ความเกลียดชัง	O
ไป	O
ด้วย	O
_	O
เทคนิค	O
ที่	O
เขา	O
ทำ	O
คือ	O
_	O
ให้	O
เซเล็บ	O
ออก	O
มา	O
ทวิต	O
พร้อม	O
กัน	O
_	O
ทำ	O
จน	O
กว่า	O
จะ	O
มี	O
กระแส	O
_	O
เกลียดชัง	O
_	O
ส่วน	O
เซเล็บ	O
เหล่า	O
นี้	O
รับจ้าง	O
รีวิว	O
สินค้า	O
และ	O
รับจ้าง	O
ทวิต	O
หรือ	O
ไม่	O
_	O
สื่อ	O
น่าจะ	O
รู้	O

รู้สึก	O
ว่า	O
เป็น	O
คน	O
ที่	O
ทำ	O
อะไร	O
แล้ว	O
ถ้า	O
มัน	O
สนุก	O
_	O
อย่าง	O
เล่น	O
เกม	O
_	O
ถ้า	O
เกม	O
สนุก	O
จริงๆ	NORM_2WORD
_	O
ก็	O
จะ	O
เล่น	O
เหมือน	O
โดน	O
กลืนกิน	O
_	O
อ่าน	O
นส.	NORM_1WORD
การ์ตูน	O
กับ	O
นิยาย	O
ก็	O
เช่น	O
กัน	O
_	O
เป็น	O
คน	O
ที่	O
อ่าน	O
มังงะ	O
จบ	O
ได้	O
ภาย	O
ใน	O
_	O
30	O
-	O
60	O
_	O
นาที	O
ได้	O
ใน	O
_	O
1	O
_	O
เล่ม	O
_	O
สำหร้บ	O
เรา	O
มัน	O
ปกติ	O
นะ	O
_	O
ไม่	O
เร็ว	O
มาก	O
ขนาดนั้น	O
_	O
พอ	O
พูด	O
ถึง	O
นิยาย	O
_	O
วันนี้	O
ก็	O
อ่าน	O
..	O
_	O
แล้ว	O
มัน	O
ใช้	O
เวลา	O
นาน	O
ไง	O
_	O
เหมือน	O
โดน	O
กลืน	O

รีวิว	O
ชีวิต	O
ติ่ง	O
ปี	O
_	O
2018	O
_	O
ตั้งแต่	O
มา	O
ตก	O
บ่วง	O
วนว.	O
_	O
ก็	O
นับ	O
เป็น	O
การเสีย	O
เงิน	O
มาก	O
ที่สุด	O
ใน	O
ชีวิต	O
ที่	O
ติ่ง	O
ฝั่ง	O
ญป	O
มา	O
เป็น	O
สิบๆ	O
ปี	O
และ	O
บิน	O
หนัก	O
มาก	O
ใน	O
ปี	O
นี้	O
_	O
ได้	O
ทำ	O
อะไร	O
ที่	O
ชีวิต	O
นี้	O
ไม่	O
เคย	O
คิด	O
มา	O
ก่อน	O
ว่า	O
จะ	O
มา	O
ถึง	O
จุด	O
นี้	O
_	O
-	O
_	O
กรกฎา	O
_	O
หนักหน่วง	O
มาก	O
_	O
บิน	O
ไป	O
คอน	NORM_1WORD
world	O
_	O
tour	O
_	O
3	O
_	O
รอบ	O
_	O
2	O
_	O
ประเทศ	O
_	O
ญี่ปุ่น	O
ต่อ	O
สิงคโปร์	O
ยาวๆ	O
ไป	O
สิบ	O
วัน	O
เป็น	O
ทริป	O
ไม่	O
ได้	O
นอน	O

ซีน	O
นี้	O
คือ	O
ไม่	O
ต้อง	O
ตัด	O
มา	O
ก็	O
ได้	O
นะ	O
_	O
เพราะ	O
เบื้อง	O
หลัง	O
เมนเทอร์	O
เขา	O
ก็	O
ต้อง	O
มา	O
เคลียร์	O
กัน	O
เป็น	O
ปกติ	O
อยู่	O
แล้ว	O
_	O
รุ่น	O
ก่อนๆ	NORM_2WORD
ก็	O
ทำ	O
กัน	O
_	O
แต่	O
รายการ	O
เหมือน	O
อยาก	O
ยัดเยียด	O
ดราม่า	NORM_1WORD
_	O
เรื่อง	O
ไม่	O
เคาะ	O
ประตู	O
ก็	O
ยัง	O
เอา	O
มา	O
เป็น	O
ประเด็น	O
ได้	O
_	O
แอบ	O
สงสาร	O
จีน่า	O
_	O
ตอน	O
ที่	O
นาง	O
เข้า	O
มา	O
พูด	O
เสียง	O
อ่อน	O
มาก	O
_	O
เหมือน	O
จะ	O
ร้องไห้	O
อะ	O
_	O
#TheFaceThailand5	O
_	O
#TeamGinaBank	O

มา	O
จ้า	NORM_1WORD
_	O
ชั้น	NORM_1WORD
จะ	O
อวย	O
น้อง	O
เค้า	NORM_1WORD
ให้	O
ถึง	O
ที่สุด	O
_	O
เพราะ	O
วันนี้	O
น้อง	O
เค้า	NORM_1WORD
สดใส	O
ยิ่ง	O
กว่า	O
แดด	O
ญี่ปุ่น	O
อีก	O
แกร๊	NORM_1WORD
_	O
บ้า	O
ป่ะๆๆๆๆๆ	NORM_1WORD
_	O
ญี่ปุ่น	O
ร้อน	O
จะ	O
ตาย	O
แล้ว	O
_	O
แต่	O
น้อง	O
เค้า	NORM_1WORD
คือ	O
ร้อน	O
กว่า	O
_	O
ทั้ง	O
น่ารัก	O
ทั้ง	O
ร้อนแรง	O
_	O
เนี่ย!!!!	NORM_1WORD
_	O
ต้อง	O
อวย	O
อะไร	O
อีก	O
_	O
ถาม	O
จิ้งงงงงงง	NORM_1WORD
_	O
ดู	O
โชว์	O
เค้า	NORM_1WORD
กี่	O
ครั้ง	O
ก็	O
บอก	O
ตัวเอง	O
เสมอ	O
ว่า	O
รัก	O
คน	O
ไม่	O
ผิด	O
_	O
พูมจัย	NORM_1WORD
จ้า	NORM_1WORD
_	O
#JennisBNK48	O
_	O
#BNK48	O

Sayonara	O
_	O
Made	O
_	O
no	O
_	O
Sanjuppun	O
_	O
หนัง	O
แฟนตาซี	O
-	O
ฟีล	O
กู๊ด	NORM_1WORD
เคล้า	O
เสียง	O
เพลง	O
ของ	O
ผกก.	O
_	O
Tokyo	O
_	O
Ghoul	O
_	O
ว่า	O
ด้วย	O
เรื่อง	O
ของ	O
ชาย	O
หนุ่ม	O
ที่	O
ตาย	O
ไป	O
แต่	O
ได้	O
กลับ	O
มา	O
อยู่	O
ใน	O
ร่าง	O
ของ	O
ชาย	O
หนุ่ม	O
อีก	O
คน	O
หลัง	O
อีก	O
ฝ่าย	O
เล่น	O
เทป	O
เพลง	O
ของ	O
เขา	O
_	O
ทำให้	O
เขา	O
มี	O
โอกาส	O
ได้	O
กลับ	O
ไป	O
สาน	O
ต่อ	O
สิ่ง	O
ที่	O
ค้างคา	O
เอา	O
ไว้	O
_	O
ทั้ง	O
ดนตรี	O
และ	O
ความรัก	O
_	O
ฉาย	O
ใน	O
ญี่ปุ่น	O
_	O
2020	O
_	O
#movietwit	O

น้อง	O
แชยอนนน	O
!!!	O
พี่	O
ติดตาม	O
หนู	O
ตั้งแต่	O
ก่อน	O
ปะดิ๊ว	NORM_1WORD
T	O
-	O
Tหนู	O
มา	O
หา	O
พี่	O
นะ	O
คะ	O
พี่	O
ต้องการ	O
หนู	O
มากๆ	NORM_2WORD
_	O
อยาก	O
ให้	O
หนู	O
มา	O
เป็น	O
เจ้าหญิง	O
และ	O
แสงสว่าง	O
ของ	O
พี่	O
_	O
หนู	O
จะ	O
ไม่	O
เป็น	O
โรค	O
อะไร	O
สัก	O
อย่าง	O
เลย	O
ค่ะ	O
เพราะ	O
พี่	O
หมอ	O
จะ	O
ดูแล	O
แบบ	O
ยุง	O
ไม่	O
ได้	O
ไต่	O
ไร	O
ไม่	O
ได้	O
ตอม	O
หัวหอม	O
ไม่	O
ต้อง	O
หั่น	O
เอง	O
นักเลง	O
ไม่	O
มี	O
ใคร	O
กล้า	O
แหยม	O
แน่นอน	O
ค่ะ	O
แง	O
_	O
พี่	O
รัก	O
หนู	O
นะ	O
คะ	O
รัก	O
จน	O
พิมพ์	O
ครบ	O
240	O
!	O

ตั้งแต่	O
ไหน	O
แต่	O
ไร	O
มา	O
ไม่	O
ว่า	O
ลู่หาน	O
จะ	O
ตัด	O
สิน	O
เลือก	O
อะไร	O
ให้	O
กับ	O
ตัวเอง	O
นี่	O
ไม่	O
เคย	O
มี	O
ข้อ	O
กังขา	O
เลย	O
สัก	O
ครั้ง	O
_	O
แต่	O
กับ	O
เรื่อง	O
ผู้หญิง	O
คน	O
นี้	O
เหลือ	O
จะ	O
ทน	O
จริงๆ	NORM_2WORD
_	O
ตัว	O
นาง	O
ก็	O
แย่	O
แฟนคลับ	O
นาง	O
ก็	O
แย่	O
คน	O
รัก	O
กัน	O
แม่ง	O
ถ่วง	O
กัน	O
ลง	O
เหว	O
ด้วย	O
หรอ	O
?	O
_	O
ลู่หาน	O
เป็น	O
คน	O
ที่	O
ใช้	O
ชีวิต	O
แบบ	O
ไม่	O
ทะเยอทะยาน	O
แต่	O
เค้า	NORM_1WORD
ก็	O
พยายาม	O
ใน	O
แบบ	O
ของ	O
เค้า	NORM_1WORD
คน	O
นอก	O
อย่า	O
มา	O
สู่	O
รู้	O
ให้	O
มาก	O

ใคร	O
ว่า	O
ไป	O
ดู	O
_	O
HEC	O
_	O
ไม่	O
คุ้ม	O
_	O
ไม่	O
จริงงง	NORM_1WORD
_	O
wannaone	O
_	O
วันนี้	O
งานดี	O
มาก	O
_	O
มินฮยอน	O
คือ	O
เป๊ะ	O
ไป	O
ทั้ง	O
ตัว	O
หัว	O
จรด	O
เท้า	O
_	O
ผิว	O
ใส	O
กิ๊ง	O
ยืนๆ	O
ยิ้มๆ	O
ไป	O
ทั้ง	O
คอน	NORM_1WORD
_	O
ฮือออ	NORM_1WORD
_	O
จะ	O
ทยอย	O
รีวิว	O
ทุกๆ	O
คน	O
นะ	O
คะ	O
_	O
ดีงาม	O
พร้อม	O
_	O
comeback	O
จริงๆ	O
_	O
#WelcomeWannaoneToThailand	O
_	O
#wannaoneinpattaya	O
_	O
#HECKOREACONCERT	O
_	O
#wannaone	O
_	O
#minhyun	O
_	O
#มินฮยอน	O
_	O
#hwangminhyun	O

อนาคอลลี่	O
ทาน	O
แล้ว	O
เห็น	O
ผล	O
จริง	O
ไหม	O
???	NORM_1WORD
_	O
อัน	O
นี้	O
เรา	O
ขอ	O
มา	O
ตอบ	O
ทุก	O
คำถาม	O
_	O
ไม่	O
ใช่	O
เพราะ	O
เรา	O
เป็น	O
ตัวแทน	O
_	O
แต่	O
มา	O
รีวิว	O
ใน	O
ฐานะ	O
คน	O
เคย	O
กิน	O
นะ	O
คะ	O
_	O
ก็	O
คือ	O
ผิว	O
มัน	O
ใส	O
ขึ้น	O
ใน	O
ซอง	O
แรก	O
จริงๆ	NORM_2WORD
_	O
มัน	O
ลื่นๆ	O
อ่ะ	NORM_1WORD
_	O
เพื่อน	O
ทัก	O
ด้วย	O
ว่า	O
ขาว	O
ขึ้น	O
รึ	NORM_1WORD
เปล่า	O
_	O
ก็	O
คือ	O
ปลื้ม	O
มาก	O
_	O
อัน	O
นี้	O
นี่	O
แค่	O
ซอง	O
แรก	O
นะ	O
เนี่ย	NORM_1WORD
ทุก	O
คน	O
_	O
แต่	O
ถ้า	O
ใคร	O
สนใจ	O
ก็	O
สั่ง	O
กะ	NORM_1WORD
เรา	O
ได้	O
งับ	NORM_1WORD
_	O
390	O
฿	O
_	O
#anacolly	O

ถ้า	O
มี	O
คน	O
ถาม	O
ว่า	O
_	O
เพิ่ง	O
ดู	O
โตรน	O
จบ	O
_	O
(	O
/	O
ถึง	O
เอพ	NORM_1WORD
ล่าสุด	O
)	O
_	O
อ่าน	O
_	O
asoiaf	O
_	O
ดี	O
ไหม	O
_	O
นี่	O
ก็	O
จะ	O
บอก	O
ว่า	O
_	O
อ่าน	O
เถอะ	O
_	O
ซีรีส์	O
ตอน	O
นี้	O
มัน	O
เหมือน	O
_	O
spin-off	O
_	O
อีรุงตุงนัง	O
เว่อ	NORM_1WORD
_	O
และ	O
ถ้า	O
อ่าน	O
_	O
ก็	O
อยาก	O
ให้	O
อ่าน	O
เล่ม	O
อังกฤษ	O
มาก	O
กว่า	O
_	O
ภาษา	O
มัน	O
เป็น	O
ภาษา	O
ที่	O
ถ่ายทอด	O
ออก	O
มา	O
เป็น	O
ภาษา	O
ไทย	O
ยาก	O
อะ	O
_	O
คือ	O
แปล	O
ได้	O
_	O
แต่	O
ถ้า	O
คนแปล	O
ไม่	O
เก่ง	O
จริง	O
_	O
มี	O
เศษๆ	O
ร่วง	O
ไป	O
ตาม	O
ทาง	O
เยอะ	O
แน่	O

เกริ่น	O
_	O
ถ้า	O
ตาม	O
ดู	O
จะ	O
รู้	O
ว่า	O
ฮันบิน	O
พก	O
กล้อง	O
หลาย	O
ตัว	O
มาก	O
_	O
ตั้งแต่	O
_	O
Minolta	O
,	O
_	O
Zenitt	O
,	O
_	O
Leica	O
_	O
เรา	O
เอง	O
ก็	O
ตาม	O
เช็ค	NORM_1WORD
ไม่	O
หมด	O
_	O
โพส	NORM_1WORD
นี้	O
เลย	O
จะ	O
ขอ	O
รีวิว	O
ตัว	O
ที่	O
คิด	O
ว่า	O
หา	O
ซื้อ	O
ได้	O
ง่าย	O
และ	O
เหมาะ	O
กับ	O
คน	O
เริ่ม	O
ใช้	O
กล้องฟิล์ม	O
มาก	O
ที่สุด	O
นั่น	O
ก็	O
คือ	O
_	O
Minolta	O
_	O
Hi-Matic	O
_	O
AF	O
_	O
และ	O
ล่าสุด	O
ที่	O
ไอค่อน	O
บิน	O
มา	O
งานเปิดตัว	O
ซัมซุง	O
ฮันบิน	O
ก็	O
เอา	O
ตัว	O
นี้	O
มา	O
ด้วย	O
นะ	O

ตู้ปลา	O
วันนี้	O
_	O
อืม	O
..	O
_	O
ไม่	O
รู้	O
ว่า	O
บรีฟ	O
กัน	O
ยังไง	NORM_1WORD
นะ	O
แต่	O
เรา	O
ว่า	O
ปล่อย	O
ให้	O
มัน	O
เป็นไป	O
ตาม	O
ธรรมชาติ	O
ดี	O
กว่า	O
นะ	O
บาง	O
ที	O
_	O
อึดอัด	O
บอก	O
ตรงๆ	O
_	O
แล้ว	O
ก็	O
อยาก	O
ให้	O
น้อง	O
อย่า	O
เพิ่ง	O
รีบ	O
พูด	O
_	O
คือ	O
พูด	O
ออก	O
มา	O
แล้ว	O
คือ	O
ออก	O
มา	O
เลย	O
ไง	O
_	O
แก้	O
ไม่	O
ได้	O
_	O
รู้ตัว	O
ใช่	O
ไหม	O
ค่อยๆ	O
พูด	O
นะ	O
ใจ	O
เย็นๆ	NORM_2WORD
_	O
ความเป็น	O
ธรรมชาติ	O
จะ	O
ส่ง	O
โบ๊ะบ๊ะ	O
มา	O
เอง	O
สู้ๆ	O
เด้อ	O
_	O
#bnk48	O
_	O
#รักแต่ไม่อวยเว้ย	O

พี่	O
ไม่	O
เคย	O
ร้ายกาจ	O
กับ	O
ลิซ	O
_	O
แต่	O
ถ้า	O
ลิซ	O
เลือก	O
ทางเดิน	O
เดียว	O
กับ	O
พี่	O
ก็	O
ต้อง	O
เจอ	O
บท	O
โหด	O
จาก	O
พี่	O
สัก	O
หน่อย	O
แต่	O
พี่	O
ก็	O
ยัง	O
เอ็นดู	O
สำหรับ	O
หนู	O
เสมอ	O
_	O
ตะแต่	O
ว่า	O
หนู	O
จะ	O
แย่ง	O
เป้าหมาย	O
ของ	O
พี่	O
ไม่	O
ได้	O
_	O
เข้าใจ	O
หรือ	O
ไหม	O
น้อง	O
ซ่าว	O
_	O
พื้นที่	O
น้อง	O
บอก	O
เลย	O
ว่า	O
มี	O
เศษ	O
หนึ่ง	O
ส่วน	O
สี่	O
แต่	O
ยิ่ง	O
หวีด	O
ไม่	O
ได้	O
อีก	O
อื้อหื้อ	O
น่าจงจาน	NORM_1WORD
จังเลย	O
_	O
ทำ	O
ไง	NORM_1WORD
ดี	O
น๊า	NORM_1WORD
_	O
แซว	O
เล่น	O
โอ๋ๆ	O
55555	O

ดู	O
แล้ว	O
ทำให้	O
นึก	O
ถึง	O
ตัวเอง	O
สมัย	O
เพิ่ง	O
เข้า	O
มหาลัย	NORM_1WORD
_	O
แบบ	O
อยู่	O
ใน	O
วัย	O
ที่	O
มี	O
ความฝัน	O
อ่ะ	NORM_1WORD
_	O
สมัย	O
อ่าน	O
นิยาย	O
แจ่มใส	O
รัก	O
ป่วนๆ	O
ฉบับ	O
ก๊วน	O
เด็กหอ	O
_	O
แล้ว	O
ก็	O
คิด	O
เออเอง	O
ว่า	O
ไป	O
อยู่	O
หอ	O
ต้อง	O
สนุก	O
แบบ	O
นั้น	O
แบบ	O
นี้	O
_	O
(	O
ตัด	O
ภาพ	O
ไป	O
คือ	O
หนี	O
กลับ	O
บ้าน	O
ทุก	O
ครั้ง	O
ที่	O
มี	O
โอกาส	O
55	O
)	O
_	O
ความฝัน	O
เป็น	O
แรงผลักดัน	O
ชีวิต	O
คน	O
ที่	O
ดี	O
มาก	O
จริงๆ	NORM_2WORD
นะ	O
_	O
แล้ว	O
ดู	O
ตอน	O
นี้	O
คือ	O
ไร	NORM_1WORD
..	O
_	O
55	O
TT	O
55	O

ความรัก	O
ใน	O
แบบ	O
ที่	O
คิด	O
ว่า	O
เกลียด	O
ที่สุด	O
ใน	O
ชีวิต	O
_	O
คง	O
จะ	O
เป็น	O
ความรัก	O
ที่	O
ต้อง	O
ง้องอน	O
กัน	O
ตลอด	O
เวลา	O
อะ	O
_	O
เพราะ	O
รู้สึก	O
ว่า	O
มัน	O
ไม่	O
ได้	O
ช่วย	O
ให้	O
รัก	O
กัน	O
มาก	O
ขึ้น	O
_	O
แต่	O
มัน	O
บั่นทอน	O
จิตใจ	O
กัน	O
ไป	O
เรื่อยๆ	NORM_2WORD
มาก	O
กว่า	O
_	O
แทนที่	O
จะ	O
เอา	O
เวลา	O
ที่	O
งอน	O
กัน	O
ไป	O
มี	O
ความสุข	O
_	O
ไป	O
นู่นนี่นั่น	NORM_1WORD
_	O
ดัน	O
ต้อง	O
มา	O
ง้อ	O
กัน	O
ตลอด	O
อะ	O
_	O
มัน	O
คือ	O
ความรัก	O
ที่	O
ไม่	O
ลงตัว	O
กับ	O
ชีวิต	O
เรา	O
จริงๆ	NORM_2WORD
...	O

เห็น	O
หลาย	O
คน	O
ทวีต	O
ว่า	O
ที่	O
อฟช.	NORM_1WORD
_	O
ให้	O
สิทธิ์	O
พิเศษ	O
เคลียร์	O
เชกิ	O
แคน	O
_	O
จ๋า	O
_	O
เมษา	O
_	O
นิ้ง	O
เพราะ	O
จะ	O
มี	O
คน	O
แกรด	O
_	O
แต่	O
มี	O
คน	O
ไป	O
ถาม	O
เพจ	O
อฟช.	NORM_1WORD
มา	O
_	O
ทาง	O
อฟช.	NORM_1WORD
ยืนยัน	O
ว่า	O
จะ	O
มี	O
คน	O
อื่น	O
อีก	O
ไม่	O
ใช่	O
แค่	O
4	O
คน	O
นี้	O
_	O
ถ้า	O
ดู	O
ง่ายๆ	NORM_2WORD
บัตร	O
จะ	O
หมด	O
อายุ	O
สิ้นปี	O
+	O
กฏ	O
เชกิ	O
อื่นๆ	NORM_2WORD
อีก	O
+	O
คน	O
สุ่ม	O
ได้	O
ก็	O
มี	O
ซ้ำๆ	O
กัน	O
_	O
ถ้า	O
รอ	O
สุ่ม	O
ได้	O
คือ	O
บัตร	O
อาจ	O
จะ	O
หมด	O
อายุ	O
ก่อน	O
_	O
อย่า	O
เพิ่ง	O
คิด	O
มาก	O
ไป	O
เด้อ	O
_	O
#BNK48	O

เจตนา	O
ไม่	O
บริสุทธิ์	O
_	O
เลื่อน	O
เลือกตั้ง	O
คือ	O
ความปรารถนา	O
ของ	O
ประยุทธ์	O
_	O
หยุด	O
โลก	O
_	O
หยุด	O
ประเทศ	O
ไทย	O
_	O
หยุด	O
ประชาธิปไตย	O
_	O
ประเทศ	O
ไทย	O
มี	O
แต่	O
คน	O
โง่	O
ๆ	O
_	O
ใคร	O
ค้าน	O
เลื่อน	O
เลือกตั้ง	O
คือ	O
คน	O
โง่	O
_	O
เลื่อน	O
แล้ว	O
เลื่อน	O
อีก	O
_	O
โกหก	O
ไป	O
เรื่อย	O
ๆ	O
_	O
จาก	O
ญี่ปุ่น	O
_	O
ยูเอ็น	O
_	O
มะกา	O
_	O
อังกฤษ	O
ไทย	O
_	O
ปิดบังซ่อนเร้น	O
_	O
ไม่	O
ให้	O
จับ	O
ผิด	O
_	O
เพราะ	O
ไม่	O
ต้องการ	O
ให้	O
มี	O
การเลือกตั้ง	O

คุณ	O
จิตติ	O
คะ	O
_	O
มัน	O
จะ	O
ไม่	O
จบ	O
แต่	O
เพียง	O
เท่านี้	O
_	O
คุณ	O
ทำให้	O
_	O
#เบบี๋	O
_	O
คน	O
นี้	O
หลง	O
ใน	O
ฝีมือ	O
ของ	O
คุณ	O
มาก	O
_	O
หนู	O
จะ	O
ไป	O
ซื้อ	O
นิยาย	O
ของ	O
คุณ	O
มา	O
อ่าน	O
อีก	O
_	O
ทั้ง	O
รัก	O
ทั้ง	O
หลง	O
_	O
รอ	O
อ่าน	O
ตรง	O
นี้	O
ให้	O
หมด	O
ก่อน	O
น๊า	NORM_1WORD
_	O
นี่	O
ถึง	O
มหา'ลัยมาหารัก	O
เอง	O
อ่า	NORM_1WORD
_	O
ถ้า	O
คืน	O
นี้	O
จบ	O
_	O
กะ	O
ว่า	O
จะ	O
ต่อ	O
ร้ายเดียงสา	O
_	O
เปลี่ยน	O
mood	O
สักหน่อย	O
_	O
#ทฤษฎีจีบเธอ	O
_	O
อีก	O
สี่	O
วัน	O
เรา	O
จะ	O
ได้	O
เจอ	O
กัน	O
แล้ว	O
น๊า	NORM_1WORD
เขิน	O
!	O

ต่อ	O
_	O
วิชา	O
ภาษา	O
ไทย	O
ก็	O
ยัง	O
ต้อง	O
เรียน	O
อยู่	O
ครับ	O
_	O
อิง	O
ตาม	O
หลักสูตร	O
กระทรวง	O
_	O
รู้สึก	O
จะ	O
มี	O
_	O
3	O
_	O
เล่ม	O
ไหม	O
นะ	O
_	O
ถ้า	O
อัน	O
นี้	O
ก็	O
ซื้อ	O
ปกติ	O
ครับผม	O
_	O
แต่	O
พอ	O
หลังจาก	O
ปี	O
นั้น	O
เขา	O
ก็	O
เปลี่ยน	O
ระบบ	O
_	O
มา	O
ใช้	O
เรียน	O
ใน	O
_	O
e-book	O
_	O
แทน	O
_	O
(	O
ยกเว้น	O
ไทย	O
ที่	O
ยัง	O
เรียน	O
ปกติ	O
)	O
_	O
เรา	O
ก็	O
เลย	O
ต้อง	O
พก	O
แลปท็อป	O
ไป	O
เรียน	O
ทุก	O
วัน	O
ครับ	O
เผลอๆ	O
ส่ง	O
งาน	O
หรือ	O
ควิซ	O
ก็	O
ทำ	O
ใน	O
เครื่อง	O
เลย	O
นั่นแหละ	O

พ่อ	O
มา	O
ได้	O
สติ	O
_	O
พ่อ	O
พยายาม	O
ขอโทษ	O
_	O
แต่	O
เรา	O
ไม่	O
คุย	O
กับ	O
พ่อ	O
แล้ว	O
_	O
หมด	O
ความเชื่อใจ	O
ตั้งแต่	O
ตอน	O
เหตุการณ์รถชน	O
แล้ว	O
_	O
เหมือน	O
พ่อ	O
จะ	O
รู้	O
_	O
พ่อ	O
เลย	O
ไถ่โทษ	O
_	O
สาบาน	O
ว่า	O
จะ	O
เลิก	O
แล้ว	O
_	O
พยายาม	O
คุย	O
_	O
พยายาม	O
กอด	O
_	O
พยายาม	O
ให้	O
ความรัก	O
ลูก	O
_	O
แต่	O
เรา	O
ใจสลาย	O
ไป	O
แล้ว	O
_	O
ได้	O
แต่	O
อืม	O
อือ	O
_	O
พูด	O
บ้าง	O
_	O
จน	O
กลาย	O
เป็น	O
คน	O
ไม่	O
ยอม	O
พูด	O
_	O
(	O
แต่	O
ถ้า	O
ไม่	O
ชอบ	O
จะ	O
หรือ	O
ขัดใจ	O
จะ	O
ปฏิเสธ	O
ทันที	O
)	O

ลำดับ	O
เหตุการณ์	O
_	O
วันนี้	O
รีบ	O
ไป	O
เรียน	O
_	O
ถึง	O
ห้อง	O
ก็	O
นึก	O
ว่า	O
จะ	O
ได้	O
เรียน	O
_	O
สรุป	O
_	O
ให้	O
แยก	O
โต๊ะ	O
ไป	O
ข้าง	O
ห้อง	O
_	O
ตัวเอง	O
เปิด	O
ยูทูป	O
_	O
เปิด	O
เพลง	O
_	O
chicken	O
dance	O
_	O
ให้	O
เต้น	O
_	O
หลังจากนั้น	O
เล่น	O
เกม	O
_	O
ซึ่ง	O
เขา	O
บอก	O
ว่า	O
เป็น	O
เกม	O
อิมพอร์ต	O
ต้อง	O
เล่น	O
เป็น	O
พาสาอังกิด	NORM_1WORD
_	O
โอเค	O
_	O
พอ	O
ถึง	O
ตา	O
_	O
คือ	O
นี่	O
ไม่	O
อยาก	O
พูด	O
ไง	O
_	O
ขอ	O
เป็น	O
ภาษาไทย	O
แทน	O
_	O
ก็	O
อ้างอี	NORM_1WORD
เหตุผล	O
อิมพอร์ต	O
นั่นแหละ	O

คอ	NORM_1WORD
กู	O
ต้อง	O
ไป	O
สอบ	O
เข้า	O
เรียน	O
ม.	O
4	O
ใช่	O
มะ	NORM_1WORD
_	O
สาย	O
ที่	O
กู	O
เลือก	O
คือ	O
ศิลป์	O
ภาษา	O
เกาหลี	O
ญี่ปุ่น	O
อังกฤษ	O
(	O
เป็น	O
ห้องพิเศษ	O
)	O
แล้ว	O
มัน	O
มี	O
สอบ	O
สัมภาษณ์	O
ช่วง	O
บ่าย	O
_	O
พอ	O
ถึง	O
เวลา	O
สัมภาษณ์	O
_	O
อาจารย์	O
ให้	O
เข้า	O
ไป	O
ที	O
ละ	O
_	O
4	O
_	O
คน	O
_	O
แล้ว	O
ค่อย	O
เวียน	O
อาจารย์	O
ต่างชาติ	O
4	O
ท่าน	O
ให้	O
ครบ	O
_	O
กู	O
เข้า	O
ไป	O
ถึง	O
ก็	O
เจอ	O
อาจารย์	O
คน	O
เกาหลี	O
เลย	O
_	O
หข่อ	NORM_1WORD
สูง	O
ขาว	O
_	O
คือ	O
ดี	O
มากก	NORM_1WORD
_	O
#เรื่องมันช่างน่าอาย	O

ที	O
โอกาส	O
ไป	O
แนะแนว	O
น้อง	O
ม.	O
6	O
_	O
คน	O
นึง	NORM_1WORD
_	O
เป็น	O
คนดู	O
เฮฮา	O
หน่อยๆ	O
_	O
เห็น	O
มา	O
ถาม	O
เรา	O
ว่า	O
_	O
คณะ	O
แพทย์	O
เข้า	O
ยังไง	O
/	O
เภสัช	O
ทำไม	O
มี	O
_	O
2	O
_	O
สาขา	O
/	O
สมัย	O
นี้	O
เรียน	O
นิติ	O
รุ่ง	O
มั้ย	NORM_1WORD
/	O
บัญชี	O
จุฬา	O
โอ	NORM_1WORD
มั้ย	NORM_1WORD
_	O
วิศวะไฟฟ้า	O
ที่	O
ไหน	O
ดังๆ	O
_	O
ฯลฯ	O
_	O
คน	O
เดียว	O
แม่ง	O
ถาม	O
แม่ง	O
จะ	O
ทุก	O
คณะ	O
ที่	O
มี	O
ใน	O
ประเทศ	O
ไทย	O
_	O
เลย	O
ถาม	O
น้แง	O
ว่า	O
สรุป	O
อยาก	O
เรียน	O
คณะ	O
ไร	NORM_1WORD
แน่	O
ลอง	O
เรียง	O
ลำดับ	O
มา	O
ให้	O
พี่	O
หน่อย	O
_	O
6	O
_	O
อันดับ	O

ใครๆ	NORM_2WORD
ก็	O
รัก	O
พี่	O
แก้ว	O
_	O
พี่	O
แก้ว	O
คน	O
เก่ง	O
_	O
พี่	O
แก้ว	O
คน	O
สวย	O
_	O
พี่	O
แก้ว	O
คน	O
รวย	O
_	O
สิ่ง	O
ที่	O
พี่	O
แก้ว	O
ซื้อ	O
ใจ	O
น้องๆ	NORM_2WORD
ไม่ใช่	O
ราคา	O
เงิน	O
_	O
แต่	O
มัน	O
คือ	O
ความซื่อตรง	O
พี่	O
แก้ว	O
อาจ	O
จะ	O
ไม่	O
ได้	O
รัก	O
_	O
ใคร	O
เท่า	O
ที่	O
รัก	O
ตัวเอง	O
_	O
แต่	O
พี่	O
แก้ว	O
ซื่อตรง	O
ต่อ	O
ทุก	O
ความรู้สึก	O
_	O
พี่	O
แก้ว	O
ที่	O
ดี	O
ของ	O
น้อง	O
ทุก	O
คน	O
_	O
คน	O
ใจบอด	O
เท่านั้น	O
แหละ	O
ที่	O
มอง	O
ไม่	O
เห็น	O
ความรัก	O
ของ	O
พี่	O
แก้ว	O
_	O
#KaewBNK48	O

ที่	O
น้อง	O
กำลัง	O
ทำ	O
อยู่	O
ตอน	O
นี้	O
_	O
น้อง	O
มัน	O
มี	O
ความสุข	O
เว้ย	O
_	O
มี	O
กลุ่ม	O
เพื่อนๆ	O
พี่	O
ไป	O
กิน	O
ข้าว	O
_	O
ไป	O
เที่ยว	O
_	O
ไป	O
ทำบุญ	O
_	O
ก็	O
รู้	O
กัน	O
อยู่	O
ว่า	O
แม่	O
นุ๊ก	O
อยู่	O
กับ	O
น้อง	O
ตลอด	O
เวลา	O
_	O
กลาย	O
เป็น	O
แม่	O
นุ๊ก	O
มี	O
คน	O
คอย	O
ดูแล	O
ไป	O
ไหน	O
ก็	O
ไม่	O
เหงา	O
_	O
แม่	O
นุ๊ก	O
หัวเราะ	O
ทุก	O
คลิป	O
_	O
นี่	O
เป็น	O
สิ่ง	O
ที่	O
น้อง	O
อยาก	O
ได้	O
ตั้ง	O
นาน	O
แล้ว	O
มั้ย	NORM_1WORD
_	O
แต่	O
ไม่	O
มี	O
ใคร	O
สามารถ	O
ให้	O
น้อง	O
ได้	O
_	O
จน	O
มา	O
เจอ	O
พี่ๆ	O
ดมด	O

ตอน	O
รอ	O
จับ	O
มือ	O
ลูก	O
พี่	O
บุ	O
4	O
นี่	O
ก็	O
มอง	O
คุณ	O
ไข่	O
เลน	O
ข้างๆ	NORM_2WORD
ขำๆ	NORM_2WORD
_	O
น่ารัก	O
เกิน	O
ไป	O
อะไร	O
ไม่	O
รู้	O
ดุ๊กดิ๊กๆ	NORM_2WORD
_	O
555	O
_	O
เลย	O
ทำ	O
มินิฮาร์ท	O
ส่ง	O
ไป	O
_	O
ละ	O
คุณ	O
ไข่	O
มอง	O
ทำ	O
มือ	O
หัวใจ	O
ดวง	O
ใหญ่ๆ	NORM_2WORD
มา	O
ให้	O
_	O
ตายๆ	NORM_2WORD
_	O
ละ	O
ทำ	O
นาน	O
มาก	O
นี่	O
เลย	O
บอก	O
พอ	O
แล้ว	O
คุณ	O
ไข่	O
ตาย	O
แล้ว	O
ละ	O
จับ	O
หัวใจ	O
ตัวเอง	O
_	O
555	O
_	O
พอ	O
ลูก	O
พี่	O
เดิน	O
เข้า	O
เลน	O
_	O
อืม	O
ตาย	O
เพราะ	O
ชุด	O
พูด	O
ตรงๆ	NORM_2WORD
_	O
555	O
_	O
#JennisBNK48	O
_	O
#KaimookBNK48	O
_	O
#BNK48	O

เริ่ม	O
คิด	O
ว่า	O
_	O
มัน	O
ถูกต้อง	O
แล้ว	O
จริงๆ	NORM_2WORD
ที่	O
_	O
ทั้ง	O
เฌอ	O
และ	O
สิค	O
ติด	O
_	O
งาน	O
เลือกตั้ง	O
ครั้ง	O
นี้	O
_	O
แทนที่จะ	O
ดัน	O
เฌอ	O
คน	O
เดียว	O
_	O
เพราะ	O
_	O
อีก	O
คน	O
ดู	O
เป็นงานเป็นการ	O
_	O
อีก	O
คน	O
ก็	O
ขยัน	O
ทำ	O
ตัว	O
น่ารัก	O
มุ้งมิ้ง	O
ตก	O
_	O
รุ่น	O
พี่	O
_	O
น่าเอ็นดู๊ววว	NORM_1WORD
_	O
ทาง	O
นั้น	O
จะ	O
ได้	O
รู้	O
ว่า	O
_	O
ทำไม	O
_	O
โอตะ	O
ทาง	O
นี้	O
ถึง	O
รัก	O
_	O
bnk48	O
_	O
กัน	O
ขนาด	O
นี้	O
_	O
เพราะ	O
มี	O
ความน่ารัก	O
และ	O
ตลก	O
_	O
อยู่	O
เต็ม	O
คณะ	O
_	O
Bnk48	O

คือ	O
กู	O
โดน	O
ท้า	O
มา	O
ให้	O
อวย	O
แฟน	O
จน	O
เต็ม	O
ลิมิต	O
_	O
งาน	O
ถนัด	O
กู	O
มากมาก	NORM_2WORD
เพราะ	O
กู	O
อวย	O
ทุก	O
วัน	O
_	O
คือ	O
งี้	NORM_1WORD
นะ	O
แฟน	O
กู	O
อ่ะ	NORM_1WORD
น่ารัก	O
มากๆ	NORM_2WORD
_	O
ทำตัว	O
น่ารัก	O
เก่ง	O
_	O
นั่ง	O
เฉยๆ	NORM_2WORD
ก็	O
น่ารัก	O
ละ	O
_	O
ทำ	O
อะไร	O
น่ารัก	O
ไป	O
หมด	O
คน	O
อะไร	O
วะ	O
_	O
เดี๋ยว	O
นี้	O
ด่า	O
กู	O
บ่อย	O
เว่อๆ	NORM_2WORD
แต่	O
กู	O
ไม่	O
คิดมาก	O
_	O
ด่า	O
เพราะ	O
รัก	O
กู	O
ลู้	NORM_1WORD
_	O
กู	O
ก็	O
รัก	O
เหมือน	O
กัน	O
_	O
รัก	O
จะ	O
ตายห่า	O
แล้ว	O
ไอ่	NORM_1WORD
ตัวแฉบ	NORM_1WORD
ของ	O
เค้า	O
_	O
windafxrd_	O
_	O
แทค	NORM_1WORD
แม่ง	O
เลย	O

พระ	O
เยซู	O
เจ้า	O
ทรงบอก	O
ไว้	O
เสมอ	O
_	O
ถ้า	O
เรา	O
ยินดี	O
ที่	O
จะ	O
กลับใจ	O
สำนึก	O
ผิด	O
_	O
สัก	O
วัน	O
นึง	NORM_1WORD
ทุกๆ	O
คน	O
จะ	O
เห็น	O
เรา	O
เอง	O
นะ	O
ครับ	O
_	O
ต้อง	O
เข้มแข็ง	O
รู้	O
มั้ย	NORM_1WORD
_	O
อย่า	O
ร้องไห้	O
นะ	O
_	O
เรา	O
คง	O
ไม่	O
ได้	O
มา	O
อ่าน	O
บทความ	O
ภาษา	O
ไทย	O
ของ	O
พี่	O
หรอก	O
เรา	O
คง	O
อ่าน	O
ไม่	O
ออก	O
แต่	O
ก็	O
อยาก	O
พิม	NORM_1WORD
ให้	O
รู้	O
ไว้	O
_	O
วัน	O
ไหน	O
ที่	O
ทุกข์ใจ	O
_	O
วัน	O
ไหน	O
ที่	O
เศร้า	O
_	O
อย่า	O
ลืม	O
มา	O
แวะ	O
ส่อง	O
แท็ก	O
นี้	O
นะ	O
_	O
#PROTECT_SEOBIN	O
_	O
(	O
2	O
)	O

หลักการ	O
คือ	O
สี่เหลี่ยม	O
_	O
เหตุผล	O
คือ	O
ทรงกลม	O
_	O
กฎหมาย	O
แข็งกร้าว	O
_	O
ความรัก	O
อ่อนไหว	O
_	O
ซึ่ง	O
ความต่าง	O
ระหว่าง	O
สิ่ง	O
เหล่า	O
นี้	O
_	O
คน	O
ต้อง	O
รู้จัก	O
ใช้	O
ให้	O
ถูกต้อง	O
_	O
ไม่	O
ใช่	O
ว่า	O
ชอบ	O
หลักการ	O
ก็	O
ว่า	O
สี่เหลี่ยม	O
_	O
ชอบ	O
เหตุผล	O
ก็	O
ว่า	O
ทรงกลม	O
_	O
อยาก	O
ใช้	O
กฎหมาย	O
ก็	O
ใช้	O
_	O
อยาก	O
รัก	O
ใคร	O
ก็	O
ใจอ่อน	O
_	O
เมื่อ	O
นั้น	O
โลก	O
มนุษย์	O
มิ	O
เต็มไปด้วย	O
ความวุ่นวาย	O
หรือ	O
_	O
#เปาบุ้นจิ้น	O

-	O
เข้า	O
สู่	O
รอบ	O
แอดมิดชั่น	O
_	O
คราว	O
นี้	O
ได้	O
เจอ	O
เพื่อน	O
อีก	O
เยอะแยะมากมาย	O
_	O
ตอน	O
นั้น	O
มี	O
การสร้าง	O
ทั้ง	O
เฟส	O
กลุ่ม	O
,	O
ไลน์	O
กลุ่ม	O
_	O
ตาม	O
หา	O
เพื่อน	O
ที่	O
เรียน	O
เอก	O
นี้	O
หลาย	O
ช่องทาง	O
มาก	O
_	O
จน	O
รู้สึก	O
ว่า	O
เพื่อน	O
เยอะ	O
มาก	O
_	O
ใคร	O
เป็น	O
ใคร	O
บ้าง	O
วะ	O
_	O
งง	O
ไป	O
หม๊ดดด	NORM_1WORD
รวมๆ	O
แล้ว	O
ประมาณ	O
100	O
คน	O
ได้	O
_	O
-	O
ตอน	O
สร้าง	O
ไลน์	O
กลุ่ม	O
_	O
ลาก	O
เพือน	O
เข้า	O
มา	O
นั้น	O
_	O
เป็น	O
ช่วง	O
ที่	O
ชั้น	NORM_1WORD
เหงา	O
และ	O
ว่าง	O

เอา	O
เข้า	O
จริง	O
ก็	O
เข้าใจ	O
สาย	O
กล้อง	O
ใน	O
คอน	NORM_1WORD
_	O
#BNK48	O
_	O
นะ	O
_	O
เพราะ	O
วง	O
นี้	O
ก็	O
เริ่ม	O
มา	O
จาก	O
วง	O
พริตตี้	O
ไอดอล	O
ตาม	O
งาน	O
อนิเมะ	O
มา	O
ก่อน	O
_	O
ซึ่ง	O
มี	O
คน	O
ที่	O
เป็น	O
ตากล้อง	O
ถ่าย	O
รูป	O
สาวๆ	O
_	O
แนว	O
_	O
portrait	O
_	O
ติดตาม	O
มา	O
แต่	O
แรกๆ	NORM_2WORD
_	O
อยู่	O
แล้ว	O
เป็น	O
ฐาน	O
แฟนคลับ	O
ตั้ง	O
ต้น	O
ของ	O
วง	O
_	O
แม้	O
ใน	O
ปัจจุบัน	O
แมส	O
เป็น	O
ศิลปิน	O
แล้ว	O
_	O
แต่	O
ก็	O
เข้าใจ	O
น้องๆ	NORM_2WORD
_	O
ที่	O
บอก	O
ว่า	O
อยาก	O
ให้	O
เอ็นจอย	O
โชว์	O
>	O
รูป	O
สวยๆ	O

หลังจาก	O
รีวิว	O
ของกิน	O
ไป	O
เยอะ	O
และ	NORM_1WORD
_	O
ของเมา	O
กัน	O
บ้าง	O
ดี	O
ฟ่า	NORM_1WORD
_	O
Tailor	O
Bar	O
_	O
ติด	O
_	O
BTS	O
อโศก	O
_	O
ทางออก	O
_	O
2	O
_	O
เลย	O
_	O
มี	O
โปร	NORM_1WORD
_	O
Buffer	O
_	O
Beer	O
_	O
สิงห์	O
_	O
399	O
++	O
*	O
_	O
เพราะ	O
ยัง	O
ไม่	O
รวม	O
_	O
VAT	O
_	O
เมนู	O
อาหาร	O
ไม่	O
เยอะ	O
_	O
แต่	O
ได้	O
เลย	O
_	O
ชอบ	O
เอ็นข้อไก่	O
อร่อยยยย	NORM_1WORD
_	O
มี	O
ดนตรี	O
สด	O
ด้วย	O
_	O
สายตี้	NORM_1WORD
ต้อง	O
ไป	O
ลอง	O
_	O
#อร่อยไปแดก	O
_	O
#สายเมา	O
ต้อง	O
ลอง	O
_	O
aroii	O
_	O
at	O
_	O
Sheraton	O
Grande	O
Sukhumvit,	O
Bangkok	O

ร้าน	O
_	O
KarmaKarmet	O
_	O
ร้านขายเครื่องหอม	O
ตั่งต่าง	NORM_1WORD
_	O
มี	O
ทุก	O
อย่าง	O
_	O
เทียนหอม	O
_	O
ออยล์	O
ทา	O
ผิว	O
_	O
โลชั่น	NORM_1WORD
ทา	O
มือ	O
/	O
ทา	O
ผิว	O
ตัว	O
_	O
Diffuser	O
_	O
ฯลฯ	O
_	O
ที่	O
น่าตกใจ	O
คือ	O
ร้าน	O
ดู	O
หรูหรา	O
ตอน	O
แรก	O
นึก	O
ว่า	O
ต้อง	O
แพง	O
มาก	O
แน่ๆ	NORM_2WORD
_	O
ที่ไหนได้	O
_	O
ราคา	O
เค้า	NORM_1WORD
โอเค	O
นะ	O
_	O
มี	O
ตั้งแต่	O
หลัก	O
ร้อย	O
ไป	O
จน	O
ถึง	O
หลัก	O
พัน	O
_	O
คือ	O
เรา	O
ว่า	O
เทียบ	O
กับ	O
แบรนด์	O
เครื่องหอม	O
อื่นๆ	NORM_2WORD
_	O
อัน	O
นี้	O
คือ	O
ไม่	O
แพง	O
_	O
#รีวิว	O

ฐานวินัย	O
คือ	O
หนัก	O
สุด	O
หนัก	O
มากกก	NORM_1WORD
_	O
ร้อง	O
ได้	O
ร้อง	O
เลย	O
จ้า	NORM_1WORD
_	O
เอา	O
ฟ้าทะลายโจ	NORM_1WORD
ผสม	O
กับ	O
น้ำ	O
อะไร	O
สัก	O
อย่าง	O
ให้	O
กิน	O
แล้ว	O
ก็	O
หนมปัง	NORM_1WORD
รสชาติ	O
โครต	NORM_1WORD
เหี้ยย	NORM_1WORD
ไม่	O
รู้	O
ว่า	O
พี่เค้า	NORM_1WORD
เอา	O
อะไร	O
ผสม	O
ไป	O
บ้าง	O
กลิ่น	O
ก็	O
เหี้ย	O
เช่นกัน	O
_	O
ที่	O
สำคัญ	O
นั่ง	O
แดก	O
ใน	O
ห้องน้ำ	O
แทบ	O
อ้วกก	NORM_1WORD
_	O
แต่	O
อยาก	O
ได้	O
พี่วินัย	O
เป็น	O
พี่รหัส	O
นะ	O
_	O
คน	O
ไหน	O
กะ	NORM_1WORD
ดั้ยยยย	NORM_1WORD
หนู	O
ขอออ	NORM_1WORD
อยาก	O
ได้	O
จริงๆ	NORM_2WORD
_	O
โหด	O
แต่	O
อยาก	O
ได้	O

ผลงาน	O
น่ารักๆ	O
_	O
ของ	O
ผู้ร่วม	O
กิจกรรม	O
_	O
#เวิร์คช็อป	NORM_1WORD
_	O
เพ้นท์	NORM_1WORD
แก้ว	O
เซรามิค	NORM_1WORD
_	O
เรา	O
รับ	O
จัด	O
เวิร์คช็อป	NORM_1WORD
ทุก	O
ชนิด	O
นะ	O
ครับ	O
_	O
โทร.	O
0619656999	O
_	O
#ChanonWakeShop	O
_	O
#รับจัด	O
เวิร์คช็อป	NORM_1WORD
_	O
#เวิร์คชอป	NORM_1WORD
_	O
#	O
เพ้นท์	NORM_1WORD
แก้ว	O
_	O
#	O
เพ้นท์	NORM_1WORD
เซรามิค	NORM_1WORD
_	O
#	O
เพ้นท์	NORM_1WORD
จาน	O
_	O
#	O
เพ้นท์	NORM_1WORD
แก้ว	O
เซรามิค	NORM_1WORD
_	O
#เพ้นท์	NORM_1WORD
_	O
#งานศิลปะ	O
_	O
#โรงเรียน	O
_	O
#thailandevent	O
_	O
#eventthai	O
_	O
#งาน	O
อีเว้นท์	NORM_1WORD

หยิบ	O
มา	O
รีวิว	O
อีก	O
_	O
2	O
_	O
สี	O
ที่	O
ใช้	O
บ่อย	O
ตอน	O
นี้	O
_	O
แอบ	O
ชอบ	O
หัวแปรง	O
รุ่น	O
นี้	O
นะ	O
_	O
เก็บ	O
ขอบ	O
ปาก	O
ได้	O
ดี	O
_	O
ไม่	O
ใหญ่	O
เกินไป	O
_	O
วาด	O
มุม	O
ปาก	O
ง่าย	O
_	O
สี	O
สวย	O
ติด	O
ทน	O
_	O
กัน	O
น้ำ	O
ดี	O
มาก	O
_	O
ตัว	O
นี้	O
เป็น	O
เนื้อ	O
แมท	NORM_1WORD
แต่	O
ทา	O
ปาก	O
ไม่	O
แห้ง	O
_	O
ก็	O
เลย	O
ถูกใจ	O
นาน	O
หน่อย	O
_	O
ซื้อ	O
มา	O
จาก	O
_	O
#Eveandboy	O
_	O
129	O
_	O
บาท	O
_	O
ราคา	O
นี้	O
จะ	O
มี	O
สัก	O
กี่	O
แท่ง	O
ก็	O
ได้	O
_	O
#4u2	O
_	O
#ไว้รีวิวห้ามขายของ	O
โว้ยยย	NORM_1WORD
_	O
#howtopefect	O

มา	O
สิ	O
เพื่อน	O
ตัว	O
น้อย	O
เรา	O
มา	O
ร้อง	O
เพลง	O
สุขสันต์	O
เวลา	O
ทํา	O
งาน	O
ด้วย	O
กัน	O
เปล่ง	O
ด้วย	O
ความมั่นใจ	O
ให้	O
มัน	O
ก้อง	O
ดัง	O
มา	O
พร้อมพรั่ง	O
เพื่อ	O
รวม	O
พลัง	O
ที่	O
ไม่	O
มี	O
หก	O
หาย	O
กวาดถู	O
รอย	O
ใน	O
ครัว	O
ให้	O
สดใส	O
กำจัด	O
คราบ	O
ให้	O
มัน	O
สะอาด	O
น่าชม	O
เก็บ	O
เศษ	O
ผม	O
ที่	O
บัง	O
ก้น	O
ท่อ	O
ทิ้ง	O
ไป	O
พา	O
เพลิดเพลิน	O
หัวใจ	O
ทำ	O
งานบ้าน	O
ไป	O
กับ	O
เสียง	O
เพลง	O
(	O
จีเซลล์โฮป	O
มาก	O
มั้ย	NORM_1WORD
หล่ะ	NORM_1WORD
55555	O
)	O
_	O
#ลัทธิ	O
โฮปเคะ	O

เอา	O
จริงๆ	NORM_2WORD
ก็	O
เคย	O
อยาก	O
ลอง	O
ขอ	O
ให้	O
คนอ่าน	O
รีวิว	O
_	O
เม้น	O
_	O
เล่น	O
แท็ก	O
ทวิต	NORM_1WORD
ให้	O
นะ	O
_	O
แบบ	O
อยาก	O
มากๆ	NORM_2WORD
_	O
แต่	O
พอ	O
จะ	O
ลอง	O
ก็	O
ไม่	O
กล้า	O
_	O
เหมือน	O
เรา	O
รู้	O
ว่า	O
เรา	O
ไม่	O
ได้	O
แต่ง	O
ดี	O
ขนาด	O
ที่	O
จะ	O
ขอ	O
อะไร	O
แบบ	O
นี้	O
_	O
รู้สึก	O
ว่า	O
ถ้า	O
วัน	O
นึง	O
เรื่อง	O
ของ	O
เรา	O
มี	O
ดี	O
พอ	O
เค้า	NORM_1WORD
จะ	O
อยาก	O
ทำ	O
ให้	O
เรา	O
เอง	O
_	O
แล้ว	O
เม้น	O
เท่า	O
ที่	O
มี	O
อยู่	O
เรา	O
มี	O
ความสุข	O
แล้ว	O
มี	O
เพิ่ม	O
ก็	O
ดี	O
แต่	O
แค่	O
นี้	O
ก็	O
สุข	O
แล้ว	O
_	O
ขอบคุณ	O
นะคะ	O

ยัง	O
คง	O
พูดจา	O
ได้	O
น่าหมั่นไส้	O
เสมอ	O
ต้น	O
เสมอ	O
ปลาย	O
จริงๆ	NORM_2WORD
.....	O
ให้	O
ตาย	O
เถอะ	O
......	O
ทำไม	O
ผม	O
ต้อง	O
มา	O
ชอบ	O
คน	O
อย่าง	O
คุณ	O
ด้วย	O
นะ	O
.....	O
น่าหงุดหงิด	O
ชะมัด	O
......	O
_	O
*	O
ถึง	O
ตอน	O
นี้	O
เขา	O
เริ่ม	O
เอา	O
มือ	O
เท้า	O
คาง	O
ค้ำยัน	O
หัว	O
ตัวเอง	O
ไว้	O
เพราะ	O
เครื่องดื่ม	O
ใน	O
แก้ว	O
ที่	O
_	O
4	O
_	O
เข้า	O
ปาก	O
หมดสิ้น	O
จน	O
สมอง	O
เริ่ม	O
ชา	O
ตา	O
เริ่ม	O
เบลอ	O
เผลอ	O
บอก	O
รัก	O
เธอ	O
ไป	O
แล้ว	O
ไม่	O
รู้ตัว	O
ด้วย	O
ซ้ำ	O
...	O
*	O

โพส	NORM_1WORD
คัดกรอง	O
มนุษย์	O
ใช่	O
มะ	NORM_1WORD
_	O
-	O
คน	O
ด่า	O
BNK48	O
_	O
ดั้น	NORM_1WORD
เชื่อมโยง	O
การร้อง	O
_	O
ของ	O
น้องๆ	NORM_2WORD
กับ	O
เจ้าหญิง	O
_	O
คือ	O
_	O
เขา	O
สื่อ	O
ถึง	O
คาแรคเตอร์	NORM_1WORD
ปะ	NORM_1WORD
_	O
โว๊ะ	NORM_1WORD
การเชื่อมโยง	O
คน	O
ไทย	O
เข้าขั้น	O
ปัญญาอ่อน	O
แล้ว	O
นะ	O
_	O
เสือก	O
แซะ	O
เก่ง	O
อีก	O
นะ	O
ไม่	O
ชอบ	O
ก็	O
เงียบๆ	O
ไป	O
ก็	O
ได้	O
_	O
-	O
คน	O
ด่า	O
เมเจอร์	O
_	O
เออ	O
อัน	O
นี้	O
เห็น	O
ด้วย	O
_	O
จะ	O
โพส	NORM_1WORD
ชื่อ	O
วง	O
ให้	O
น้อง	O
เดือดร้อน	O
เพื่อ	O
_	O
เรา	O
รับ	O
ได้	O
แต่	O
พวก	O
นั้น	O
มัน	O
อคติ	O

ตอน	O
นั้น	O
พัก	O
เที่ยง	O
_	O
โรงอาหาร	O
คน	O
แน่น	O
มาก	O
เรา	O
ก็	O
ไป	O
ต่อ	O
แถว	O
ซื้อ	O
น้ำ	O
_	O
ซึ่ง	O
ไม่	O
มี	O
ความเป็น	O
แถว	O
เลย	O
ต่าง	O
คน	O
ต่าง	O
กรู	O
กัน	O
เข้า	O
ไป	O
ซื้อ	O
น้ำ	O
_	O
ซัก	NORM_1WORD
พัก	O
มี	O
พี่	O
คน	O
นึง	NORM_1WORD
หัน	O
มา	O
พูด	O
กับ	O
เรา	O
โดย	O
ไม่	O
ทัน	O
มอง	O
ว่า	O
อ้ะ	NORM_1WORD
มึง	O
เงินทอน	O
แล้ว	O
พี่	O
ก็	O
เอา	O
เงิน	O
ใส่	O
กระเป๋าเสื้อ	O
เรา	O
ละ	NORM_1WORD
เงย	O
ด้วย	O
สีหน้า	O
ตกใจ	O
อุ้ย	O
น้อง	O
พี่	O
ขอโทษ	O
แล้ว	O
ก็	O
ล้วง	O
เอา	O
เงินทอน	O
คืน	O
_	O
#เรื่องมันช่างน่าอาย	O

ฟตช	NORM_1WORD
_	O
Festival	O
ราคา	O
ตาม	O
รูป	O
_	O
และ	O
_	O
โปสการ์ด	O
ขอบคุณ	O
_	O
อันดับ	O
ที่	O
1	O
-	O
16	O
_	O
ใบ	O
ละ	O
50	O
บาท	O
_	O
ซื้อ	O
ครบ	O
200	O
_	O
บาท	O
_	O
ส่ง	O
ฟรี	O
ลทบ	NORM_1WORD
_	O
สนใจ	O
dm	O
มา	O
ได้	O
เลย	O
จ้า	NORM_1WORD
_	O
#bnk	O
_	O
#bnk48	O
_	O
#marketbnk	O
_	O
#ตลาดนัดBNK48	O
_	O
#BNK48Market	O
_	O
#mobilebnk18	O
_	O
#OrnBNK48	O
_	O
#janebnk18	O
_	O
#KaewBNK48	O
_	O
#TarwaanBNK48	O
_	O
#WeeBNK48	O
_	O
#MindBNK48	O
_	O
#KaimookBNK18	O
_	O
#PupeBNK48	O
_	O
#Natherinebnk48	O

รายการ	O
_	O
#victorybnk48	O
_	O
วันนี้	O
ดี	O
_	O
สนุก	O
_	O
ไหลลื่น	O
ไม่	O
ค่อย	O
แป๊ก	O
_	O
รู้สึก	O
ว่า	O
พอ	O
ป๋อง	O
มา	O
คน	O
เดียว	O
ก็	O
คุม	O
อยู่	O
_	O
แล้ว	O
มี	O
_	O
โอ๊ต	O
_	O
กับ	O
_	O
อุล	O
_	O
คอย	O
รับ	O
-	O
ส่ง	O
_	O
ถือ	O
ว่า	O
ทำ	O
ได้	O
ดี	O
_	O
แต่	O
_	O
#Mioribnk48	O
_	O
อุตส่าห์	O
แต่ง	O
ผี	O
ให้	O
ไป	O
ล่า	O
ทั้ง	O
ที	O
_	O
แต่	O
ก็	O
ไป	O
ไม่	O
ถึง	O
ทำ	O
ให้	O
แอร์ไทม์	O
น้อย	O
เกิน	O
_	O
555	O
_	O
ปล.	O
_	O
โอ๊ต	O
_	O
กับ	O
_	O
อุล	O
_	O
ถ้า	O
คอย	O
ช่วย	O
ดัน	O
น้องๆ	NORM_2WORD
ได้	O
ตลอด	O
ทุก	O
เทป	O
จะ	O
ดี	O
มาก	O
_	O
#bnk48	O

คิดถึง	O
นิดนึง	NORM_1WORD
จะ	O
ครับ	O
เพราะ	O
ลูก	O
หมู	O
คิดถึง	O
พี่	O
แพรวา	O
มากๆ	NORM_2WORD
x	O
100	O
เลย	O
_	O
นี่	O
น่าจะ	O
เป็น	O
คน	O
พูด	O
ให้	O
พี่	O
แพรวา	O
ช่วย	O
แบก	O
มาก	O
กว่า	O
นะ	O
ครับ	O
เจอ	O
ไวโอ	O
โหดๆ	O
ที	O
ไร	O
โดน	O
ยิง	O
สาม	O
ที	O
ตาย	O
เลย	O
ลอง	O
เปลี่ยน	O
ที่นอน	O
บ้าง	O
คับ	NORM_1WORD
เผื่อ	O
นอน	O
ใน	O
เรือ	O
จะ	O
สบาย	O
กว่า	O
ไว้	O
ว่างๆ	NORM_2WORD
ขอ	O
เปลี่ยน	O
ไป	O
นอน	O
ห้อง	O
พี่	O
แพรวา	O
บ้าง	O
นะ	O
ค้าบ	NORM_1WORD
_	O
อยาก	O
เล่น	O
น้ำ	O
บ้าง	O
เลย	O
ครับ	O
เนี่ย	NORM_1WORD
ไม่	O
ได้	O
เล่น	O
มา	O
ตั้ง	O
หลาย	O
ปี	O

(	O
5	O
)	O
_	O
แต่	O
เชื่อ	O
ผม	O
เถอะ	O
_	O
คน	O
พิการ	O
หลายๆ	NORM_2WORD
คน	O
เขา	O
ไม่	O
ได้	O
ต้องการ	O
ความพิเศษ	O
อะไร	O
เลย	O
นะ	O
_	O
บาง	O
ที	O
เขา	O
แค่	O
อยาก	O
ให้	O
เรา	O
ปฏิบัติ	O
กับ	O
เขา	O
เหมือน	O
คน	O
ทั่ว	O
ไป	O
แค่	O
นั้น	O
เอง	O
_	O
เอา	O
เถอะ	O
_	O
ขอ	O
ให้	O
คุณ	O
หาย	O
ไวๆ	O
นะ	O
ครับ	O
_	O
หวัง	O
ว่า	O
ครั้ง	O
นี้	O
จะ	O
เป็น	O
บทเรียน	O
ชีวิต	O
ครั้ง	O
หนึ่ง	O
สำหรับ	O
คุณ	O
_	O
ผม	O
เอง	O
ก็	O
เห็นใจ	O
_	O
แต่	O
ยอมรับ	O
ว่า	O
หมั่นไส้	O
แคปชั่น	NORM_1WORD
คุณ	O
เหมือน	O
กัน	O
_	O
#	O
โอตะ	O
vip	O
_	O
#BNK48	O

แหะๆ	O
ตกใจ	O
นึก	O
ว่า	O
จะ	O
เอา	O
มา	O
แต่ง	O
ถ้า	O
เอา	O
มา	O
แต่ง	O
คง	O
แบบ	O
เข้ม	O
จริง	O
อะ	O
ระดับ	O
คุณ	O
จริงๆ	NORM_2WORD
ตั้งแต่	O
อ่าน	O
ฟิค	O
มา	O
ของ	O
ฟิค	O
คุณ	O
นี่	O
แบบ	O
โหด	O
จริง	O
อะ	O
อ่าน	O
แล้ว	O
อิน	O
ฟีล	O
ได้	O
มาก	O
_	O
สู้ๆ	O
นะ	O
เรา	O
แบบ	O
ปรบ	O
มือ	O
รัวๆ	O
คือ	O
ไม่	O
รู้	O
คุณ	O
ต้อง	O
คิด	O
ได้	O
ขนาด	O
ไหน	O
ที่	O
แบบ	O
แต่ง	O
มา	O
ได้	O
เข้ม	O
อะไร	O
เบอร์	O
นี้	O
_	O
คือ	O
ถ้า	O
เป็น	O
เรา	O
คง	O
ไม่	O
ไหว	O
จิตใจ	O
บาง	O
ไป	O
หมด	O
คุณ	O
เก่ง	O
อะ	O
ชม	O
จริงๆ	NORM_2WORD
นะ	O
_	O
สู้ๆ	O
นะ	O
รอ	O
อ่าน	O
ต่อ	O

รีวิว	O
ให้	O
_	O
#marryrose	O
_	O
ไม่	O
ได้	O
ตัง	NORM_1WORD
ไม่	O
ได้	O
จ้าง	O
อะไร	O
ทั้ง	O
นั้น	O
แต่	O
ใช้	O
จริงๆ	NORM_2WORD
ช่วง	O
แรก	O
ไม่	O
รู้สึก	O
อะไร	O
เลย	O
ตอน	O
นั้น	O
ก็	O
คิด	O
ว่า	O
ถ้า	O
หมด	O
คง	O
ไม่	O
ซื้อ	O
ต่อ	O
ละ	O
แต่	O
ใช้	O
ไป	O
เดือน	O
นึง	O
เริม	NORM_1WORD
สังเกตุ	O
ว่า	O
สิว	O
ไม่	O
ค่อย	O
ขึ้น	O
ละ	O
ก็	O
มี	O
ขึ้น	O
บ้าง	O
นิดหน่อย	O
แต่	O
แป๊ปๆ	NORM_2WORD
ยุบ	O
ไป	O
เลย	O
_	O
หน้า	O
มัน	O
น้อย	O
ลง	O
เป็น	O
คน	O
ไม่	O
ชอบ	O
ทา	O
กัน	O
แดด	O
ด้วย	O
ใช้	O
อัน	O
นี้	O
อัน	O
เดียว	O
ออก	O
แดด	O
หน้า	O
ก็	O
ไม่	O
คล้ำ	O
ลง	O
นะ	O

รีวิว	O
แผ่นล้างเล็บ	O
Joyous	O
(	O
29	O
฿	O
)	O
_	O
มี	O
หลาย	O
กลิ่น	O
_	O
กลิ่น	O
โอเค	O
เลย	O
ไม่	O
ฉุน	O
เกิน	O
ตอน	O
ล้าง	O
ต้อง	O
แปะ	O
ลำสี	NORM_1WORD
ที่	O
เล็บ	O
ทิ้ง	O
ไว้	O
สักพัก	O
ค่อย	O
เช็ด	O
_	O
น้ำยา	O
จะ	O
มันๆ	O
เหมือน	O
ออย	O
_	O
พอ	O
ล้าง	O
เสร็จ	O
แล้ว	O
ชอบ	O
ตรง	O
ที่	O
เล็บ	O
ไม่	O
ค่อย	O
แห้ง	O
_	O
พกพา	O
ง่าย	O
_	O
ใช้	O
สอง	O
แผ่น	O
ก็	O
พอ	O
ล้าง	O
หมด	O
สิบ	O
นิ้ว	O
น้า	NORM_1WORD
_	O
#ไว้รีวิวห้ามขายของของโว้ยย	O
_	O
#ไว้รีวิวห้ามขายของโว้ยยย	O
_	O
#รีวิว	O
เซเว่น	O

19	O
05	O
13	O
_	O
สปูน	O
เตี๊ยม	O
กับ	O
มบ.	NORM_1WORD
จะ	O
ซพ.	NORM_1WORD
วัน	O
เกิด	O
พี่	O
ร่อน	O
_	O
พอ	O
ถึง	O
ตอน	O
สุดท้าย	O
ที่	O
ต้อง	O
ปิด	O
ไลฟ์	O
พี่	O
ร่อน	O
ก้อ	NORM_1WORD
กำลัง	O
จะ	O
อ่าน	O
สคริป	NORM_1WORD
ของ	O
ตัวเอง	O
_	O
อยู่ๆ	NORM_2WORD
สปูน	O
เปิด	O
เพลง	O
แล้ว	O
ยก	O
เค้ก	O
มา	O
_	O
บฮ.	O
เล่า	O
ว่า	O
ตอน	O
นั้น	O
เห็น	O
พี่	O
ร่อน	O
เปิด	O
ดู	O
สคริป	NORM_1WORD
ใหญ่้	NORM_1WORD
เลย	O
ละ	O
พี่	O
ทำ	O
ท่า	O
งงๆ	NORM_2WORD
ว่า	O
ทำไม	O
ไม่	O
มี	O
ใน	O
สคริป	NORM_1WORD
งี้	NORM_1WORD
_	O
น่ารัก	O
มาก	O
อะ	O
_	O
สปูนจึ	O
ใส่ใจ	O
มากก	NORM_1WORD
_	O
เค้ก	O
วัน	O
เกิด	O
ก้อน	O
แรก	O
ของ	O
พี่	O
ร่อน	O
เลย	O

เรา	O
รู้สึก	O
ดี	O
นะ	O
ที่	O
เหตุผล	O
ที่	O
เรา	O
โอชิ	O
โมบายล์	O
ไม่	O
ใช่	O
เพราะ	O
น้อง	O
เป็น	O
เซ็นเตอร์	O
เพลง	O
คุกกี้เสี่ยงทาย	O
_	O
มัน	O
เหมือน	O
เรา	O
เริ่มต้น	O
จาก	O
_	O
0	O
_	O
แล้ว	O
ค่อย	O
ไป	O
โฟกัส	O
เรื่องราว	O
ต่างๆ	NORM_2WORD
ของ	O
น้อง	O
_	O
ได้	O
ฟิน	O
เพิ่ม	O
ขึ้น	O
เรื่อยๆ	NORM_2WORD
_	O
ตอน	O
นี้	O
เห็น	O
คน	O
เปิด	O
MV	O
_	O
คุกกี้เสี่ยงทาย	O
_	O
ก็	O
จะ	O
วิ่ง	O
ไป	O
ดู	O
หน้า	O
น้อง	O
ให้	O
ได้	O
เลย	O
_	O
#BNK48	O
_	O
#MobileBNK48	O
_	O
#น้องคนนี้ชอบโชว์ฟัน	O

บัด	O
นี้	O
_	O
เข้า	O
สู่	O
รัชสมัย	O
แห่ง	O
พระบาทสมเด็จพระวชิรเกล้าเจ้าอยู่หัว	O
_	O
โดย	O
สมบูรณ์	O
แล้ว	O
_	O
ขอ	O
ประเทศ	O
ไทย	O
_	O
จง	O
มี	O
ไชยานุภาพ	O
เกริกไกร	O
วัฒนา	O
ประเทือง	O
สถาพร	O
_	O
ขอ	O
พระบาทสมเด็จพระเจ้าอยู่หัว	O
_	O
และ	O
สมเด็จพระนางเจ้าฯ	O
พระบรมราชินี	O
_	O
ตลอดจน	O
พระบรมวงศานุวงศ์	O
_	O
เจริญ	O
ด้วย	O
จตุรพิธพร	O
สวัสดิ์	O
_	O
เป็น	O
เครื่องอลงกรณ์	O
แห่ง	O
รัฐ	O
ตราบ	O
นิรันดร์	O

คุณ	O
สวย	O
มาก	O
นะ	O
ตาหวาน	O
_	O
ขอบคุณ	O
ที่	O
ให้	O
รอยยิ้ม	O
และ	O
เสียง	O
เพลง	O
สำหรับ	O
วันนี้	O
_	O
เรา	O
ต้อง	O
เดินหน้า	O
ต่อ	O
ไป	O
แม้จะ	O
รู้สึก	O
ไม่	O
โอเค	O
บ้าง	O
กับ	O
บาง	O
อย่าง	O
_	O
แต่	O
เรา	O
เชื่อ	O
นะ	O
ว่า	O
คุณ	O
ทำ	O
ได้	O
_	O
เพราะ	O
เรา	O
จะ	O
ผ่าน	O
มัน	O
ไป	O
ด้วย	O
กัน	O
_	O
คุณ	O
ไม่	O
ได้	O
รู้สึก	O
คน	O
เดียว	O
นะ	O
_	O
พวก	O
เรา	O
ก็	O
จะ	O
รู้สึก	O
ไป	O
กับ	O
คุณ	O
_	O
แล้ว	O
เจอ	O
กัน	O
งาน	O
_	O
2shot	O
_	O
/	O
/	O
เรา	O
มี	O
ท่า	O
แล้ววว	NORM_1WORD
_	O
555	O
_	O
#TarwaanBNK48	O
_	O
#BNK48	O

พระพุทธา	O
จันทร์สมบูรณ์	O
_	O
พ่อ	O
ของ	O
ท่าน	O
เป็น	O
อดีต	O
สส.	O
พรรคไทยรักไทย	O
_	O
เสียชีวิต	O
แล้ว	O
_	O
พระพุทธา	O
เคย	O
เป็น	O
แนว	O
ร่วม	O
แกนนำ	O
เสื้อแดง	O
นำ	O
มวลชน	O
จ.กาญจฯ	O
ปี	O
53	O
และ	O
ถูก	O
ทหาร	O
บุก	O
ยิง	O
บน	O
หลังคา	O
รถ	O
ปราศรัย	O
แยก	O
วิสุทธิกษัตริย์	O
ด้วย	O
กระสุนยาง	O
และ	O
จับ	O
ตัว	O
ไป	O
ซ้อม	O
_	O
คุมขัง	O
_	O
หลาย	O
วัน	O
_	O
โชคดี	O
ที่	O
พ่อ	O
เป็น	O
สส.	O
_	O
จึง	O
รอด	O
ตาย	O
หวุดหวิด	O
_	O
หลัง	O
รักษาตัว	O
ก็	O
บวช	O
ไม่	O
สึก	O

กำลังใจ	O
ของ	O
พี่	O
เป๊ก	O
อยู่	O
ที่	O
นุช	O
ทุก	O
คน	O
จริงๆ	NORM_2WORD
_	O
ไม่ว่า	O
จะ	O
เกิด	O
อะไร	O
ขึ้น	O
ถ้า	O
มี	O
โอกาส	O
ก็	O
ต้อง	O
มา	O
หา	O
คนรัก	O
ของ	O
เค้า	NORM_1WORD
ให้	O
ได้	O
_	O
ทุก	O
คำพูด	O
ทุก	O
การกระทำ	O
มัน	O
โดนใจ	O
มาก	O
_	O
รู้	O
เลย	O
ว่า	O
รัก	O
มาก	O
แค่	O
ไหน	O
..	O
_	O
ไหน	O
จะ	O
เรียก	O
หา	O
นุช	O
_	O
ทั้ง	O
แววตา	O
ที่	O
คอย	O
มอง	O
หา	O
_	O
เหนื่อย	O
แค่	O
ไหน	O
ต้อง	O
มา	O
หา	O
กำลังใจ	O
จาก	O
นุช	O
ทุก	O
คน	O
..	O
_	O
น้อง	O
ขอ	O
อยู่	O
เป็น	O
กำลังใจ	O
ให้	O
พี่	O
ไป	O
นานๆ	O
เลย	O
_	O
#	O
เป๊กผลิตโชค	O

อยาก	O
จะ	O
รีวิว	O
สเปรย์กันแดด	O
ของ	O
บานาน่าโบ๊ท	O
สีเขียว	O
คือ	O
มัน	O
ดีล	O
อ่ะ	NORM_1WORD
นอกจาก	O
กันแดด	O
เหมือน	O
น้อง	O
บานาน่า	O
จะ	O
ปรับ	O
สี	O
สิว	O
พี่	O
ให้	O
เท่ากัน	O
_	O
(	O
เป็น	O
คน	O
ผิว	O
แบบ	O
สอง	O
สี	O
อ่ะ	NORM_1WORD
555	O
)	O
_	O
ปรับ	O
ผิว	O
ให้	O
ดู	O
ขาว	O
แถม	O
แบบ	O
ผิว	O
ไม่	O
ค่อย	O
แห้ง	O
_	O
แน่นอน	O
ราคา	O
น้อง	O
ก็	O
สูง	O
มากๆ	NORM_2WORD
(	O
สำหรับ	O
คน	O
อื่น	O
อาจ	O
จะ	O
ถูก	O
แต่	O
สำหรับ	O
คน	O
แบบ	O
พี่	O
คือ	O
แพง	O
นิดนุ้ง	NORM_1WORD
)	O
_	O
ราคา	O
เต็ม	O
_	O
ประมาณ	O
500	O
อัพ	NORM_1WORD
_	O
ไม่	O
แน่ใจ	O

#งานออนไลน์	O
_	O
สนใจ	O
เก็บ	O
เงิน	O
ไป	O
คอน	NORM_1WORD
_	O
ไป	O
มีท	NORM_1WORD
_	O
ช็อปปิ้ง	NORM_1WORD
กัน	O
_	O
DM	O
สอบถาม	O
_	O
ดู	O
รีวิว	O
ก่อน	O
ได้	O
ค่า	O
_	O
#ตลาดนัดnct	O
_	O
#ตลาดนัด	O
exo	O
_	O
#iKON2018CONTINUETOURinBANGKOK	O
_	O
#ตลาดนัด	O
WANNAONE	O
_	O
#KCON2018THAILAND	O
_	O
#SS7EncoreinBKK	O
_	O
#ตลาดนัด	O
straykids	O
_	O
#ตลาดนัดรถไฟ	O
บังทัน	O
_	O
#WINNEREVERYWHERETOURINBKK	O
_	O
#MayaMusicFestival	O
_	O
#EXO_ComingSoon	O

รู้	O
ว่า	O
หลายๆ	NORM_2WORD
ต้อง	O
เคย	O
ทำ	O
เรื่อง	O
แบบ	O
นี้	O
แน่ๆ	NORM_2WORD
..	O
ก็	O
คือ	O
_	O
ช้าน	NORM_1WORD
เป็น	O
คน	O
ที่	O
ชอบ	O
ร้อง	O
เพลง	O
มสก	NORM_1WORD
และ	O
มั่นใจ	O
มาก	O
ง่า	NORM_1WORD
เสียง	O
กู	O
ดี	O
5555	O
_	O
ไอ้อดอก	NORM_1WORD
!	O
_	O
ก็	O
คือ	O
เวลา	O
ดึกๆ	NORM_2WORD
มา	O
ไรงี้	O
..	O
กู	O
ก็	O
จะ	O
แหกปาก	O
ร้อง	O
เพลง	O
แล้ว	O
แม่ง	O
ต้อง	O
รอ	O
ให้	O
ทุก	O
คน	O
ใกล้ๆ	NORM_2WORD
ตัว	O
นอน	O
หมด	O
ก่อน	O
นะ	O
_	O
แล้ว	O
คือ	O
พอ	O
กู	O
ร้อง	O
เท่านั้น	O
แหละ	O
_	O
สักพัก	O
แม่	O
กู	O
เดิน	O
มา	O
เคาะ	O
ประตู	O
55555	O
อิเห้	NORM_1WORD
!	O
_	O
#เรื่องมันช่างน่าอาย	O

ปัญหา	O
ของ	O
ทุก	O
คน	O
มี	O
ทาง	O
ออก	O
เสมอ	O
_	O
อย่า	O
จม	O
อยู่	O
กับ	O
ความ	O
ทุกข์	O
นาน	O
เลย	O
_	O
ชีวิต	O
ยัง	O
อีก	O
ไกล	O
_	O
เธอ	O
ยัง	O
ต้อง	O
เจอ	O
อะไร	O
อีก	O
มากมาย	O
_	O
เธอ	O
ยัง	O
เดิน	O
มา	O
ไม่	O
ถึง	O
ครึ่ง	O
นึง	NORM_1WORD
ของ	O
การ	O
ใช้	O
ชีวิต	O
เลย	O
นะ	O
ยังไง	O
เธอ	O
ก็	O
ต้อง	O
สู้	O
นะ	O
บางที	O
ที่	O
มัน	O
เหนื่อย	O
เธอ	O
ก็	O
แค่	O
พัก	O
แล้ว	O
หัน	O
ไป	O
มอง	O
หน้า	O
คน	O
ที่	O
เธอ	O
รัก	O
และ	O
เค้า	O
รัก	O
เธอ	O
ให้	O
เค้า	O
เป็น	O
แรง	O
ผลัก	O
ดัน	O
ให้	O
เธอ	O
มี	O
กำลัง	O
ใจ	O
ใน	O
ทุกๆ	NORM_2WORD
เรื่อง	O
นะ	O

คือ	O
น้องๆ	NORM_2WORD
ทีม	O
หมูป่า	O
นี่	O
โคตร	O
โหด	O
_	O
นี่	O
ระดับ	O
นักสำรวจ	O
เลย	O
นะ	O
_	O
เพื่อน	O
น้อง	O
บอก	O
ว่า	O
น้องๆ	O
เคย	O
เข้า	O
ถ้ำ	O
นี้	O
มา	O
แล้ว	O
_	O
4	O
_	O
ครั่ง	NORM_1WORD
_	O
เคย	O
เดิน	O
ไป	O
จน	O
สุด	O
ทั่ง	NORM_1WORD
ทาง	O
ซ้าย	O
และ	O
ทาง	O
ขวา	O
ด้วย	O
_	O
เชื่อ	O
อยู่	O
อย่าง	O
นึง	NORM_1WORD
คือ	O
น้องๆ	O
พวก	O
นี้	O
รู้	O
จุดพัก	O
_	O
จุดหนีน้ำ	O
_	O
ที่	O
สำคัญ	O
น้องๆ	NORM_2WORD
ซื้อ	O
น้ำ	O
ขนม	O
ก่อน	O
เข้า	O
ถ้ำ	O
เกือบ	O
พัน	O
_	O
#ถ้ำหลวงขุนน้ํานางนอน	O
_	O
#ถ้ำหลวงนางนอน	O
_	O
#ถ้ำหลวง	O

ผม	O
ไม่	O
ใช่	O
คนดี	O
อะไร	O
เลย	O
นะ	O
เรื่อง	O
ความรัก	O
_	O
แต่ก่อน	O
ผม	O
ค่อนข้าง	O
จะ	O
เห็นแก่ตัว	O
_	O
ถ้า	O
รู้สึก	O
ว่า	O
ตัวเอง	O
ความรู้สึก	O
น้อย	O
ลง	O
หรือ	O
อยู่	O
แล้ว	O
มัน	O
อึดอัด	O
ผม	O
ก็	O
จะ	O
พูด	O
ตรงๆ	NORM_2WORD
ขอ	O
ออก	O
ไป	O
ทันที	O
_	O
มัน	O
ไม่	O
ได้	O
อยู่	O
แค่	O
ที่	O
ผม	O
_	O
แต่	O
มัน	O
อยู่	O
กับ	O
เรา	O
สอง	O
คน	O
ว่า	O
เลี้ยงดู	O
ความรัก	O
ด้วย	O
วิธี	O
ไหน	O
_	O
ถ้า	O
มัน	O
เลี้ยง	O
ผิด	O
มัน	O
ก็	O
แค่	O
ตาย	O
_	O
จากนั้น	O
ก็	O
ต้อง	O
มี	O
ใคร	O
สักคน	O
ต้อง	O
ออก	O
ไป	O

มัน	O
ดู	O
ย้อน	O
ได้	O
แค่	O
_	O
20	O
นาที	O
ใช่	O
มั้ย	NORM_1WORD
อ่ะ	NORM_1WORD
_	O
พูด	O
ถึง	O
ชุด	O
ใน	O
งานจับมือ	O
แล้ว	O
ตัด	O
ไป	O
เลย	O
อ่ะ	NORM_1WORD
_	O
คือ	O
ไร	NORM_1WORD
อ่ะ	NORM_1WORD
_	O
ไม่	O
สปอยล์	O
เงี้ย	NORM_1WORD
อ่อ	O
_	O
ละ	NORM_1WORD
หนู	O
บอก	O
คน	O
น่า	O
จะ	O
น้อย	O
_	O
แก้ว	O
กลัว	O
เหงา	O
_	O
โอโห	O
_	O
พิ	NORM_1WORD
ต้อง	O
ทำ	O
ไง	NORM_1WORD
อ่ะ	NORM_1WORD
_	O
เหลือ	O
3	O
ใบ	O
เนี่ยยยย	NORM_1WORD
_	O
555555555555555555	O
ขำ	O
555555555555555555	O
ใน	O
5555555555	O
ควัม	NORM_1WORD
555555555555555	O
จน	O
555555555	O
ของ	O
5555555	O
ตัว	O
5555555	O
เอง	O
555555555	O

ค.	NORM_1WORD
ไข่	O
เคย	O
หลุด	O
เอา	O
แอค	O
หลุม	O
fb	O
_	O
ที่	O
มี่	O
ไว้	O
คุม	O
เพจ	O
ตัวเอง	O
มา	O
โพสต์	O
_	O
มัน	O
เลย	O
มี	O
ปัญหา	O
คน	O
ตาม	O
มา	O
แอด	O
เพียบ	O
โดย	O
เฉพาะ	O
พวก	O
แอนตี้	O
_	O
จน	O
ค	NORM_1WORD
ข.	O
ต้อง	O
ลง	O
สตอรี่	NORM_1WORD
ว่า	O
_	O
แอค	O
หลุม	O
ตัว	O
นั้น	O
ไม่	O
ได้	O
เล่น	O
_	O
ไม่	O
ต้อง	O
แอด	O
มา	O
_	O
มัน	O
เด้ง	O
ทั้ง	O
วัน	O
_	O
ที่	O
ปวด	O
หัว	O
กว่า	O
นั้น	O
คือ	O
พวก	O
ที่	O
เอา	O
แต่	O
ด่า	O
_	O
ว่า	O
ทำไม	O
ต้อง	O
มี	O
แอค	O
หลุม	O
_	O
การทำเพจ	O
fb	O
_	O
มัน	O
ก็	O
ต้อง	O
มี	O
ไอดี	O
fb	O
_	O
ก่อน	O
สิ	O
โว้ยย	NORM_1WORD
_	O
#bnk48	O

ทำไม	O
_	O
exol	O
_	O
ไม่	O
ทำให้	O
_	O
exo.	O
เห็น	O
ว่า	O
ที่	O
ผ่าน	O
มา	O
_	O
5	O
_	O
ปี	O
_	O
exo	O
_	O
เจ๋ง	O
ขนาด	O
ไหน	O
_	O
exo	O
_	O
คือ	O
ตำนาน	O
_	O
รางวัล	O
ไม่	O
สำคัญ	O
แล้ว	O
ได้	O
มา	O
หมด	O
แล้ว	O
_	O
เค้า	NORM_1WORD
จะ	O
ได้	O
ไป	O
ทำงาน	O
ด้าน	O
อื่น	O
เต็มที่	O
_	O
ได้	O
เงิน	O
มาก	O
กว่า	O
_	O
แต่	O
_	O
exol.	O
ไม่	O
รู้จัก	O
พอ	O
_	O
exo	O
_	O
ต้อง	O
ที่	O
_	O
1	O
_	O
ตลอดไป	O
_	O
มัน	O
เป็น	O
ไป	O
ไม่	O
ได้	O
_	O
ยิ่ง	O
_	O
exol	O
_	O
ดราม่า	O
ราวัล	NORM_1WORD
เท่าไหร่	NORM_1WORD
_	O
exo	O
_	O
ก็	O
กดดัน	O
และ	O
เสียใจ	O
เท่านั้น	O
_	O
บอก	O
ไว้	O
เลย	O

Official	O
_	O
เจ้าขา	O
_	O
รอ	O
การแถลงข้อมูล	O
หลาย	O
เรื่อง	O
_	O
-	O
จะ	O
มี	O
ของ	O
ที่	O
ขาย	O
หน้า	O
งาน	O
คอน	NORM_1WORD
?	O
แล้ว	O
มี	O
อะไร	O
บ้าง	O
?	O
_	O
มี	O
เปิด	O
ให้	O
คน	O
ไม่	O
มี	O
บัตร	O
ซื้อ	O
ได้	O
หรือ	O
ไม่	O
?	O
_	O
-	O
การเลือกตั้ง	O
_	O
world	O
_	O
sembutsu	O
_	O
จะ	O
มี	O
แนวทาง	O
ให้	O
โอตะไทย	O
อย่างไร	O
?	O
_	O
-	O
ถ้า	O
เมม	NORM_1WORD
ติด	O
_	O
world	O
_	O
sembutsu	O
จะ	O
กระทบ	O
กับ	O
เลือกตั้ง	O
ของ	O
BNK48	O
หรือไม่	O
?	O
_	O
-	O
(	O
ทวง	O
)	O
MV	O
_	O
shonichi	O
_	O
เมื่อไร	O
จะ	O
ออก	O
555	O
_	O
#BNK48	O

#Aterrados	O
_	O
หนัง	O
อาร์เจนตินา	O
เล่า	O
เรื่อง	O
การสืบสวน	O
คดี	O
เหนือ	O
ธรรมชาติ	O
ใน	O
บ้าน	O
ผี	O
สิง	O
_	O
3	O
_	O
หลัง	O
_	O
สืบ	O
ไป	O
สืบ	O
มา	O
ก็	O
พบ	O
ว่า	O
มัน	O
ไม่	O
ใช่	O
ผี	O
แต่	O
เป็น	O
...	O
_	O
หนัง	O
มี	O
ฉาก	O
สยดสยอง	O
หลาย	O
ฉาก	O
_	O
แต่	O
เนื้อเรื่อง	O
ที่	O
คลุมเครือ	O
_	O
ไม่	O
มี	O
เหตุผล	O
_	O
ไม่	O
มี	O
ที่มา	O
ที่ไป	O
ชัดเจน	O
_	O
ดู	O
สัก	O
พัก	O
ก็	O
เริ่ม	O
เบื่อ	O
_	O
ประเด็น	O
คือ	O
อะไร?	O
_	O
นี่	O
กู	O
กำลัง	O
ดู	O
อะไร	O
อยู่	O
เนี่ย??	NORM_1WORD
_	O
#movietwit	O

#งานออนไลน์	O
_	O
สนใจ	O
เก็บ	O
เงิน	O
ไป	O
คอน	NORM_1WORD
_	O
ไป	O
มีต	NORM_1WORD
_	O
ชอปปิ้ง	NORM_1WORD
กัน	O
_	O
DM	O
สอบถาม	O
ขอ	O
ดู	O
รีวิว	O
ได้	O
ค่า	NORM_1WORD
_	O
#TiffanyYoungFanMeetingTourBKK	O
_	O
#iKON2018CONTINUETOURinBKK	O
_	O
#KwonHyunBin1stFMinBKK	O
_	O
#ตลาดนัดWANNAONE	O
_	O
#ตลาดนัด	O
อากาเซ	O
_	O
#ตลาดนัดรถไฟ	O
บังทัน	O
_	O
#RedVelvet_RedMareinBKK	O
_	O
#GOT7_HardCarry2	O
_	O
#KCON2018THAILAN	O
_	O
#NUESTWENCOREBKK	O

ปี	O
_	O
2532	O
_	O
ประเทศ	O
ไทย	O
ประสบ	O
กับ	O
_	O
#พายุไต้ฝุ่น	O
เกย์	O
_	O
#กองทัพเรือ	O
_	O
ใน	O
ตอน	O
นั้น	O
ได้	O
เข้า	O
ช่วยเหลือ	O
ประชาชน	O
ตามที่	O
รัฐบาล	O
มอบหมาย	O
_	O
แต่	O
การช่วยเหลือ	O
เป็นไป	O
อย่าง	O
ยากลำบาก	O
เพราะ	O
ในขณะ	O
นั้น	O
กองทัพเรือ	O
มี	O
แต่	O
เรือ	O
ขนาด	O
ไม่	O
ใหญ่	O
นัก	O
_	O
จน	O
นำ	O
มา	O
สู่	O
แนวคิด	O
การจัดหา	O
ฐานบินลอยน้ำ	O
_	O
และ	O
มา	O
เป็น	O
_	O
#เรือหลวง	O
จักรีนฤเบศร	O
_	O
ใน	O
ปัจจุบัน	O
_	O
#พายุ	O
ปาบึก	O

สวัสดี	O
ค่ะ	O
ทุกคน	O
_	O
เรา	O
เจ้าของ	O
แอค	NORM_1WORD
เอง	O
_	O
รูป	O
ข้างหลัง	O
เหมือนกัน	O
เพราะ	O
นั้น	O
พี่	O
ที่	O
มหาลัย	NORM_1WORD
เรา	O
จ้า	NORM_1WORD
นาง	O
ถ่าย	O
_	O
เรา	O
เปล่า	O
ถ่าย	O
_	O
เป็น	O
บริ๊งค์	O
เหมือนกัน	O
_	O
นาง	O
ฝาก	O
เรา	O
ซื้อ	O
บ้าง	O
_	O
ขายของ	O
บ้าง	O
_	O
รูป	O
ที่	O
ลง	O
เป็น	O
ของ	O
พี่เขา	O
จ้า	NORM_1WORD
_	O
เรา	O
แค่	O
ช่วย	O
ลง	O
รีวิว	O
ให้	O
_	O
ส่วน	O
เรื่องกิจ	O
_	O
ขึ้น	O
อยู่	O
กับ	O
ดวง	O
เนอะ	O
_	O
ดัน	O
มา	O
ตก	O
กับ	O
คนใกล้ตัว	O
_	O
รบกวน	O
ไม่	O
ถาม	O
เรื่อง	O
นี้	O
แล้ว	O
นะ	O
คะ	O

คือ	O
กิน	O
ตัว	O
นี้	O
มา	O
สัก	O
พัก	O
แล้ว	O
รู้สึก	O
ว่า	O
ตื่น	O
มา	O
หน้า	O
ไบร์ท	O
มาก	O
เปล่ง	O
ไม่	O
โทรม	O
เพราะ	O
เป็น	O
คน	O
นอน	O
ตี	O
2	O
-	O
3	O
ประจำ	O
ตื่น	O
มา	O
ก็	O
กิน	O
แฟน	O
ก็	O
กิน	O
เห็น	O
ผล	O
กับ	O
แฟน	O
มาก	O
รอย	O
สิว	O
บน	O
หน้า	O
ดี	O
ขึ้น	O
ผิว	O
เริ่ม	O
ขาว	O
ขึ้น	O
10	O
/	O
10	O
เลย	O
จ้า	O
_	O
#รีวิว	O
_	O
#Clcallgen	O
_	O
#ไว้รีวิวห้ามขายของโว้ยย	O
_	O
#ของมันต้องมี	O
_	O
#ของดีบอกต่อ	O
_	O
#รีวิว	O
เกาหลี	O
_	O
#ร้านเราเอง	O
_	O
#รีวิวร้านลิซเบลล์	O

ชีวิต	O
เรา	O
เจอ	O
อะไร	O
มา	O
ที่	O
ไม่	O
ดี	O
เยอะ	O
มากๆ	NORM_2WORD
_	O
ทั้ง	O
เรื่อง	O
ครอบครัว	O
เพื่อน	O
และ	O
ตัวเอง	O
_	O
เรา	O
เลย	O
ชอบ	O
อ่าน	O
นิยาย	O
มากๆ	NORM_2WORD
เพื่อ	O
คลาย	O
เครียด	O
_	O
และ	O
เป็น	O
คน	O
ที่	O
อ่าน	O
หลาย	O
แนว	O
มากๆ	NORM_2WORD
ทั้ง	O
รัก	O
_	O
ดราม่า	O
_	O
แฟนตาซี	O
_	O
ย้อนยุค	O
_	O
โลก	O
อนาคต	O
_	O
กำลังภายใ	NORM_1WORD
เกม	O
ออนไลน์	O
_	O
เรา	O
รู้สึก	O
ว่า	O
มัน	O
ทำ	O
ให้	O
ชีวิต	O
เรา	O
มี	O
สีสัน	O
และ	O
ความอยากรู้	O
มาก	O
ขึ้น	O
และ	O
มี	O
ชีวิต	O
เพื่อ	O
มอง	O
โลก	O
หลายๆ	NORM_2WORD
มุม	O

ดังนั้น	O
สิ่ง	O
ที่	O
พี่	O
ทำ	O
ได้	O
คือ	O
การเที่ยว	O
คน	O
เดียว	O
_	O
แม้	O
จะ	O
เหงา	O
ไป	O
บ้าง	O
แต่	O
ก็	O
คิด	O
ว่า	O
ฝึก	O
ไว้	O
เผื่อ	O
มหาลัย	NORM_1WORD
ไม่	O
มี	O
เพื่อน	O
คบ	O
_	O
/	O
ทำไม	O
ดู	O
เศร้าๆ	NORM_2WORD
อะ	O
_	O
เริ่ม	O
จาก	O
ดู	O
หนัง	O
_	O
พี่	O
แนะนำ	O
_	O
m-pass	O
_	O
แก	O
เดือน	O
ละ	O
_	O
200	O
_	O
ดู	O
จน	O
ตา	O
แฉะ	O
ตูด	O
เปื่อย	O
_	O
ดู	O
จน	O
พนักงาน	O
จำ	O
ได้	O
_	O
ดู	O
ครบ	O
มากๆ	NORM_2WORD
อะ	O
_	O
บาง	O
วัน	O
พี่	O
ถึง	O
ขั้น	O
ดู	O
_	O
3	O
_	O
เรื่อง	O
ใน	O
วัน	O
เดียว	O
_	O
อ้อ	O
แต่	O
มัน	O
มี	O
ค่าบัตร	O
_	O
100	O
_	O
บาท	O
นะ	O
เออ	O

VOOV	O
_	O
นี่	O
มี	O
ผล	O
กับ	O
การชอบเมมเบอร์	O
ของ	O
เรา	O
มาก	O
_	O
ของ	O
ปัญ	O
กับ	O
เนย	O
ยังไง	O
ก็	O
สนุก	O
_	O
ชอบ	O
ปัญ	O
เล่า	O
เรื่อง	O
แบบ	O
เน้น	O
ภาพรวม	O
_	O
ตา	O
ไว	O
อีก	O
_	O
อ่าน	O
เมนต์	O
ทัน	O
บ่อย	O
_	O
55	O
_	O
เนย	O
ก็	O
ฮีลลิ่ง	O
_	O
เป็น	O
คน	O
มี	O
จุดยืน	O
และ	O
มี	O
คำตอบ	O
ให้	O
แฟนคลับ	O
เสมอ	O
_	O
เป็น	O
รสนิยม	O
ด้วย	O
ล่ะ	O
นะ	O
_	O
ชอบ	O
ฟัง	O
ลักษณะ	O
การพูด	O
ต่อยอด	O
ไป	O
เรื่อย	O
ๆ	O
_	O
+	O
_	O
คุย	O
กับ	O
คน	O
ที่	O
มา	O
ดู	O
สด	O
เลย	O
_	O
#BNK48	O
_	O
#PunBNK48	O
_	O
#NoeyBNK48	O

สายเดี่ยว	O
สีชมพูโอรส	O
_	O
ทรง	O
ครอป	O
_	O
ส่ง	O
ต่อ	O
_	O
50	O
฿	O
_	O
ไม่	O
รวม	O
ส่ง	O
_	O
มี	O
ตำหนิ	O
เบอร์	O
ห้อง	O
ใน	O
เสื้อ	O
เล็ก	O
แต่	O
ตอน	O
ใส่	O
ไม่	O
เห็น	O
_	O
#ไว้ขายของห้ามรีวิว	O
โว้ยย	NORM_1WORD
_	O
#ส่งต่อเสื้อผ้ามือสองราคาถูก	O
_	O
#เสื้อผ้ามือสองราคาถูก	O
_	O
#ส่งต่อ	O
เครื่องสําอางค์	NORM_1WORD
_	O
#ส่งต่อ	O
คสอ	NORM_1WORD
_	O
#ส่งต่อสภาพนางฟ้า	O
_	O
#ส่งต่อเสื้อผ้า	O
มือ2	NORM_1WORD
_	O
#ส่งต่อ	O
_	O
#ส่งต่อ	O
คสอ	NORM_1WORD
_	O
#ส่งต่อสกินแคร์	O

ไม่	O
เคย	O
พิมพ์	O
บอก	O
ว่า	O
ภูมิใจ	O
ใน	O
ตัว	O
เมน	O
คน	O
ไหน	O
แล้ว	O
เหมือน	O
จะ	O
ร้องไห้	O
ขนาด	O
นี้	O
เลย	O
วะ	O
_	O
แม่ง	O
ภูมิใจ	O
จริงๆ	NORM_2WORD
_	O
ให้	O
ตาย	O
เถอะ	O
_	O
ย้อน	O
กลับ	O
ไป	O
ตอน	O
ดราม่า	O
_	O
กุ	NORM_1WORD
เป็น	O
คน	O
เดียว	O
ใน	O
กลุ่ม	O
เพื่อน	O
ที่	O
เมน	O
มัน	O
อะ	O
_	O
แต่	O
กุ	NORM_1WORD
ก้อ	NORM_1WORD
กัดฟัน	O
ชื่นชม	O
ของ	O
กุ	NORM_1WORD
ทุก	O
วัน	O
ไป	O
_	O
5555555	O
_	O
มึง	O
คือ	O
มัน	O
เก่ง	O
และ	O
มัน	O
เก่ง	O
ขึ้น	O
ทุก	O
วัน	O
_	O
อ	NORM_1WORD
ห.	NORM_1WORD
น่าภูมิใจ	O
ที่สุด	O
ใน	O
โลก	O
เลย	O
นะ	O
เว้ย	O
_	O
เจนนี่คิม	O
เนี้ย	NORM_1WORD
!	O

รีวิว	O
การเจอ	O
ลิซ่า	O
(	O
นี้	O
อยู่	O
ติด	O
ขอบ	O
รั่ว	NORM_1WORD
)	O
ใน	O
รูป	O
คือ	O
น้อง	O
ก็	O
สวย	O
แต่	O
ก็	O
ยัง	O
ไม่	O
สุด	O
สำหรับ	O
เรา	O
นะ	O
พอเ	O
จอ	O
ตัวจริง	O
วันนี้	O
คือ	O
สวย	O
มาก	O
ทำไม	O
สวย	O
ขนาด	O
นี้	O
คือ	O
สวย	O
มาก	O
จริงๆ	NORM_2WORD
ที่	O
บอก	O
ว่า	O
เหมือน	O
บาร์บี้	O
เออ	O
เหมือน	O
จริง	O
ที่	O
เขา	O
โม้	O
กัน	O
ว่า	O
ตัวจริง	O
สวย	O
เออ	O
จริง	O
เขา	O
ไม่	O
ได้	O
โม้	O
เล่นๆ	O
คือ	O
อยาก	O
ให้	O
เจอ	O
เพราะ	O
สวย	O
มาก	O
จริงๆ	NORM_2WORD
_	O
#LISA	O
_	O
#BLACKPINK	O
_	O
#WelcomeHomeLisa	O

มัน	O
มี	O
คน	O
ไทย	O
บาง	O
กลุ่ม	O
_	O
ภายหลัง	O
พ่อ	O
ผม	O
ตาย	O
แม่	O
ผม	O
ตาย	O
_	O
ไล่	O
ทุก	O
วัน	O
ว่า	O
_	O
ประเทศ	O
ไทย	O
นี้	O
ประเทศ	O
พ่อ	O
มัน	O
สร้าง	O
_	O
บังเอิญ	O
พ่อ	O
ผม	O
เป็น	O
มือขวา	O
_	O
ขุน	O
ริ้ว	O
กระบวน	O
รบ	O
_	O
ตัว	O
ผม	O
เป็น	O
หลาน	O
_	O
ลุงๆ	NORM_2WORD
ตาๆ	NORM_2WORD
ผู้	O
สู้	O
ตาย	O
สมรภูมิ	O
ท่าแพ	O
_	O
ยุค	O
สงครามโลก	O
ครั้ง	O
ที่	O
สอง	O
_	O
ผม	O
เอง	O
เป็น	O
อาสา	O
รักษา	O
ดินแดน	O
ยิ่ง	O
ชีพ	O
_	O
โกรธ	O
ไอ้	O
พวก	O
เนรคุณ	O
บรรพบุรุษ	O
ผม	O
_	O
ยิ่ง	O
ชีวิต	O
(	O
เพราะ	O
มัน	O
ไล่	O
ผิด	O
คน	O
)	O

วันนี้	O
ตอน	O
บ่ายๆ	O
_	O
เจอ	O
_	O
น้อง	O
_	O
#IzurinaBNK48	O
_	O
ที่	O
ห้าง	O
_	O
ห้าง	O
นึง	NORM_1WORD
_	O
น้อง	O
มา	O
ซื้อ	O
ขนมปัง	O
_	O
ที่	O
มา	O
บอก	O
คือ	O
_	O
แบบ	O
_	O
ไม่	O
คิด	O
ว่า	O
ตัวจริง	O
น้อง	O
จะ	O
สวย	O
เวอร์วัง	O
ขนาด	O
นี้	O
_	O
ออร่า	NORM_1WORD
ไอดอล	O
สุดๆ	O
_	O
แบบ	O
ตกใจ	O
_	O
คือ	O
เรา	O
ชอบ	O
_	O
#bnk48	O
_	O
แต่	O
ไม่	O
เคย	O
ตัวจริง	O
_	O
แบบ	O
ประทับใจ	O
น้อง	O
รินะ	O
มาก	O
อะ	O
_	O
น้อง	O
ถือ	O
ว่า	O
เป็น	O
คน	O
ถ่าย	O
รูป	O
ไม่	O
สวย	O
เท่า	O
ตัวจริง	O
จริงๆ	O
นะ	O
_	O
สวยยยยยยยย	NORM_1WORD
_	O
10	O
_	O
10	O
_	O
10	O

แล้ว	O
เรา	O
ก็	O
ยัง	O
สามารถ	O
คุย	O
กับ	O
เมมเบอร์	O
ผ่าน	O
แชท	NORM_1WORD
ได้	O
_	O
โทร	O
ได้	O
(	O
เสียง	O
จริง	O
)	O
มี	O
ความสนิท	O
กับ	O
เมมเบอร์	O
ได้	O
_	O
เปลี่ยน	O
เสื้อผ้า	O
_	O
อัพ	NORM_1WORD
เวล	NORM_1WORD
_	O
ทำ	O
ตารางงาน	O
และ	O
ยัง	O
มี	O
เหตุการณ์จำลอง	O
ถึง	O
ตอน	O
ที่	O
เมมเบอร์	O
ยัง	O
ไม่	O
ได้	O
เป็น	O
เทรนนี่	O
อีก	O
ด้วย	O
_	O
ซึ่ง	O
เรา	O
ต้อง	O
ทำ	O
ตั้งแต่	O
สากกระเบือยันเรือรบ	O
ให้	O
เมมเบอร์	O
มา	O
รวม	O
ตัว	O
กัน	O
ให้	O
ได้	O
_	O
ตอน	O
รวม	O
ตัว	O
ได้	O
น้ำตา	O
ก็	O
ไหล	O
เฉย	O

อิ	NORM_1WORD
เชี่ย	NORM_1WORD
พลอต	NORM_1WORD
ละคร	O
ชิปหายวายป่วง	NORM_1WORD
คือ	O
กุ	NORM_1WORD
อ่ะ	NORM_1WORD
ทีม	O
_	O
#กัปตัน	O
ชลธร	O
_	O
แต่	O
แรก	O
ไม่	O
ได้	O
เป็น	O
ฟค.	NORM_1WORD
มัน	O
มี	O
กรณี	O
ฟิล์ม	O
ไง	O
_	O
ท้อง	O
ก็	O
ท้อง	O
คลอด	O
แล้ว	O
ไป	O
ตรวจ	O
DNA	O
สะ	NORM_1WORD
เพราะ	O
กู	O
คิด	O
ว่า	O
เรื่อง	O
แบบ	O
นี้	O
มัน	O
โกหก	O
ไม่	O
ได้	O
ยังไง	NORM_1WORD
9	O
ด.	NORM_1WORD
ก็	O
ต้อง	O
คลอด	O
งี้	O
_	O
พี้ค	NORM_1WORD
!!	O
_	O
ขอ	O
ฉี่เ	O
พื่อน	O
ที่	O
ท้อง	O
_	O
บริจาค	O
ไข่	O
_	O
ใช้	O
ครีม	O
กิน	O
ยา	O
รีวิว	O
_	O
ด่า	O
คน	O
ใน	O
IG	O
_	O
Up	O
อจสตร.	O
เป็นตุเป็นตะ	O
_	O
แท้ง	O
_	O
#	O
มิ้ง	O
โป๊ะแตก	O

ตะกี้	O
เจอ	O
นาย	O
ชาว	O
เยอรมัน	O
ถาม	O
ว่า	O
เป็น	O
ไง	NORM_1WORD
บ้าง	O
ที่	O
ไทย	O
_	O
ทำ	O
ไร	NORM_1WORD
มา	O
บ้าง	O
_	O
เลย	O
บอก	O
ไป	O
ว่า	O
ดู	O
คอนเสิร์ต	O
_	O
นาย	O
ถาม	O
ว่า	O
คอน	O
ใคร	O
_	O
เลย	O
บอก	O
ว่า	O
_	O
Thai	O
_	O
Artist	O
_	O
นาย	O
ถาม	O
ว่า	O
แล้ว	O
เพื่อน	O
บอก	O
ว่า	O
_	O
บ้า	O
ไหม	O
ที่	O
บิน	O
กลับ	O
ไทย	O
ไป	O
ดู	O
คอน	O
_	O
แล้ว	O
หัวเราะ	O
เอิ๊กอ๊าก	O
_	O
นี่	O
ขนาด	O
ยัง	O
ไม่	O
บอก	O
ว่า	O
ไป	O
ดู	O
คอน	NORM_1WORD
ไอดอล	O
_	O
#BNK48	O
_	O
หรือ	O
ไป	O
หวีด	O
_	O
น้อน	NORM_1WORD
_	O
#JennisBNK48	O
_	O
นะ	O
_	O
ถ้า	O
บอก	O
คง	O
มี	O
อธิบาย	O
ยาว	O

ูชอบ	NORM_1WORD
รุ่นพี่	O
คน	O
นึง	NORM_1WORD
หล่อ	O
มาก	O
กู	O
ก็	O
ทัก	O
เฟส	NORM_1WORD
เขา	O
ไป	O
คุย	O
จน	O
เขา	O
จำ	O
หน้า	O
ได้	O
ตอน	O
นั้น	O
นั่ง	O
อยู่	O
หน้า	O
ห้องเรียน	O
คือ	O
พี่	O
เขา	O
เรียน	O
ห้อง	O
ข้างๆ	O
แล้ว	O
พี่	O
เขา	O
เดิน	O
เข้า	O
ห้องน้ำ	O
อี	O
นี่	O
อยาก	O
สวย	O
ไง	O
เลย	O
หยิบ	O
ลิป	O
ขึ้น	O
มา	O
ทา	O
พอ	O
เงย	O
หน้า	O
มา	O
อี	O
เหี้ย	O
พี่	O
เขา	O
เดิน	O
มา	O
พอดี	O
_	O
แบบ	O
จ้อง	O
หน้า	O
กัน	O
อ่ะ	NORM_1WORD
สตั้น	NORM_1WORD
ไป	O
แปป	NORM_1WORD
นึง	NORM_1WORD
พี่	O
เขา	O
ก็	O
หัวเราะ	O
แล้ว	O
เดิน	O
ผ่าน	O
ไป	O
_	O
#เรื่องมันช่างน่าอาย	O

GOT7	O
ของ	O
ฉัน	O
_	O
ไม่	O
เคย	O
เป็น	O
ติ่ง	O
เกาหลี	O
เลย	O
จน	O
ได้	O
มา	O
เจอ	O
กัซ	O
ทั้ง	O
7	O
คน	O
_	O
ทำให้	O
เวลา	O
เรา	O
เหนื่อย	O
_	O
เหงา	O
_	O
เศร้า	O
_	O
กัซ	O
จะ	O
คอย	O
เป็น	O
กำลังใจ	O
ให้	O
_	O
ชอบ	O
รอยยิ้ม	O
ของ	O
แจ็คสัน	O
ที่สุด	O
_	O
เมน	O
หลัก	O
ก็	O
คือ	O
หวังเจียเอ๋อร์	O
นี้	O
ละ	NORM_1WORD
ค่ะ	O
_	O
ขอบคุณ	O
ที่	O
ทำให้	O
เรา	O
ได้	O
เจอ	O
กัน	O
ได้	O
เป็น	O
หนึ่ง	O
ใน	O
อากาเซ่	O
ของ	O
กัซ	O
_	O
รัก	O
มากๆๆ	NORM_1WORD
และ	O
จะ	O
คอย	O
support	O
ตลอด	O
ไป	O
_	O
#MyGOT7	O
_	O
#Jacksonworldth	O

ลิเวอร์พูล	O
_	O
นั้น	O
ยัง	O
คง	O
สถิติ	O
ไร้	O
พ่าย	O
ใน	O
_	O
พรีเมียร์	O
ลีก	O
_	O
ฤดูกาล	O
นี้	O
_	O
โดย	O
เป็น	O
เพียง	O
ทีม	O
เดียว	O
ที่	O
ทำ	O
ได้	O
_	O
ขณะ	O
ที่	O
โปรแกรม	O
ถัด	O
ไป	O
ของ	O
พวก	O
เขา	O
จะ	O
เป็น	O
การเปิด	O
บ้าน	O
เจอ	O
กับ	O
_	O
อาร์เซน่อล	O
_	O
ใน	O
วัน	O
เสาร์	O
ที่	O
_	O
29	O
_	O
ธันวาคม	O
นี้	O
_	O
เริ่ม	O
แข่ง	O
_	O
00.30	O
_	O
น.	O
_	O
ตาม	O
เวลา	O
ใน	O
ประเทศ	O
ไทย	O
_	O
#	O
แมนยู	O
_	O
#	O
ลิเวอร์	O
_	O
#	O
เชลซี	O
_	O
#	O
อาร์เซนอล	O
_	O
#	O
สเปอร์	O
_	O
#	O
แมนซิตี้	O
_	O
#	O
เลสเตอร์	O

แล้ว	O
ก็	O
มา	O
เป็น	O
ภาษา	O
ไทย	O
ต่อ	O
_	O
555	O
_	O
#HappyLilghost19thBday	O
_	O
สุขสันต์	O
วัน	O
เกิด	O
เจ้า	O
ผีน้อยยยย	NORM_1WORD
_	O
ขอบคุณ	O
มาก	O
จริงๆ	NORM_2WORD
นะ	O
ที่	O
มา	O
ร่วม	O
รายการ	O
_	O
Idol	O
_	O
Producer	O
_	O
ทำให้	O
พวก	O
เรา	O
ได้	O
พบ	O
เธอ	O
_	O
และ	O
รัก	O
เธอ	O
แบบ	O
นี้	O
_	O
อายุ	O
_	O
19	O
_	O
แล้ว	O
_	O
ยัง	O
หล่อ	O
และ	O
น่ารัก	O
เหมือน	O
เดิม	O
_	O
และ	O
เชื่อ	O
ว่า	O
อนาคต	O
ก็	O
เล่นกัน	NORM_1WORD
_	O
ขอ	O
ให้	O
มี	O
ความสุข	O
และ	O
สุขภสพ	NORM_1WORD
แข็งแรง	O
_	O
อยู่	O
กับ	O
พวก	O
เรา	O
ไป	O
นานๆ	NORM_2WORD
นะ	O
!	O

16	O
.	O
ข้อ	O
ดี	O
คือ	O
เป็น	O
คน	O
รู้	O
ว่า	O
สถานการณ์	O
แบบ	O
นี้	O
ต้อง	O
พิมพ์	O
ยังไง	O
_	O
ต้อง	O
เงียบ	O
หรือ	O
ต้อง	O
พูด	O
_	O
ต้อง	O
ทำ	O
ยังไง	O
ให้	O
มัน	O
ดี	O
ขึ้น	O
ไม่	O
ใช่	O
แย่	O
ลง	O
_	O
ส่วน	O
ข้อ	O
เสีย	O
คือ	O
เข้า	O
กับ	O
คน	O
อื่น	O
ยากกกกก	NORM_1WORD
มาก	O
ครับ	O
_	O
28	O
.	O
เอา	O
ที่	O
เคย	O
มี	O
คน	O
บอก	O
แล้ว	O
คิด	O
ว่า	O
น่ารัก	O
ดี	O
ได้	O
มั้ย	NORM_1WORD
ครับ	O
_	O
เขา	O
บอก	O
ผม	O
ว่า	O
ถ้า	O
ต่อไป	O
นี้	O
เล่น	O
มุก	O
แล้ว	O
ไม่	O
มี	O
คน	O
ขำ	O
_	O
จะ	O
ช่วย	O
ขำ	O
ให้	O
_	O
จะ	O
ได้	O
ไม่	O
ต้อง	O
ขำ	O
คน	O
เดียว	O
ไง	O

ตอน	O
นี้	O
จะ	O
เห็น	O
ได้	O
ว่า	O
เมมเบอร์	O
มา	O
ไลฟ์	O
กัน	O
เยอะ	O
มาก	O
_	O
อาจ	O
จะ	O
มี	O
ระเบียบ	O
จาก	O
ทาง	O
_	O
อฟช.	NORM_1WORD
_	O
ให้	O
เมมเบอร์	O
ไลฟ์	O
บ่อย	O
ขึ้น	O
_	O
เพื่อ	O
เก็บ	O
ชั่วโมง	O
หรือ	O
เก็บ	O
จำนวน	O
ครั้ง	O
ต่อ	O
เดือน	O
_	O
และ	O
ระบบ	O
ของ	O
แอพ	O
ยัง	O
รองรับ	O
การไลฟ์	O
จำนวน	O
เยอะๆ	NORM_2WORD
ขนาด	O
นี้	O
ไม่	O
ไหว	O
_	O
ก็	O
เลย	O
ล่ม	O
ไป	O
ตาม	O
ระเบียบ	O
...	O
_	O
#BNK48	O
_	O
#BNK48OfficialApplication	O
_	O
ปล.	NORM_1WORD
_	O
อัน	O
นี้	O
เป็น	O
ความเห็น	O
ส่วนตัว	O
นะ	O

The	O
_	O
St.	O
_	O
Regis	O
_	O
Bangkok	O
_	O
ติด	O
รถไฟฟ้า	O
ราชดำริ	O
_	O
คือ	O
ดีย์	NORM_1WORD
!!	O
_	O
อาหาร	O
อร่อย	O
_	O
ชอบ	O
โดยเฉพาะ	O
_	O
แซลมอลรมควัน	O
_	O
ใคร	O
หา	O
ห้อง	O
งาน	O
สัมมนา	O
_	O
ดี	O
มาก	O
!	O
_	O
ไม่	O
ได้	O
ตั้งใจ	O
รีวิว	O
_	O
แต่	O
มี	O
โอกาส	O
ได้	O
ไป	O
ใช้	O
งาน	O
_	O
ชอบ	O
เลย	O
ชอบ	O
_	O
วิว	O
ดี	O
อ่ะ	NORM_1WORD
_	O
เห็น	O
สนามกีฬา	O
เขียวๆ	O
สบายตา	O
อีก	O
ด้วย	O
_	O
#อร่อยบอกต่อ	O
_	O
ห้องสัมมนา	O
ดี	O
แนะนำ	O
เลย	O
_	O
55+	O
_	O
stregishotels	O
_	O
at	O
_	O
The	O
_	O
St.	O
_	O
Regis	O
_	O
Bangkok	O

จำ	O
ชื่อ	O
ไอ้	O
นี่	O
ไว้	O
นะ	O
_	O
แสวง	O
บุญมี	O
_	O
รอง	O
เลขาธิการ	O
_	O
กกต.	O
_	O
...	O
_	O
ถ้า	O
ใคร	O
เลื่อน	O
เลือกตั้ง	O
กู	O
ขอ	O
สาปแช่ง	O
โคตรเง่าวงศ์ตระกูล	NORM_1WORD
ของ	O
มัน	O
ให้	O
ดับสูญ	O
โดย	O
เร็ว	O
วัน	O
_	O
หรือ	O
ว่า	O
พวก	O
มึง	O
คือ	O
หนึ่ง	O
ใน	O
พวก	O
ที่	O
ต้องการ	O
ทำลาย	O
ชื่อเสียง	O
พระเกียรติยศ	O
ของ	O
พระมหากษัตริย์	O
ไทย	O
_	O
...	O
_	O
ใคร	O
ก็	O
ได้	O
_	O
ตอบ	O
กู	O
หน่อย	O
ซิ	NORM_1WORD
ว่า	O
ตอน	O
นี้	O
ประเทศ	O
ไทย	O
อยู่	O
ใน	O
ระบอบ	O
การปกครอง	O
แบบ	O
ไหน	O

ฮะ	O
!!!	O
...	O
นี่	O
ลูก	O
สาว	O
ฮะ	O
_	O
แก	O
ไป	O
เล่น	O
คอนเสิร์ต	O
กังวล	O
มาก	O
ว่า	O
ลูกสาว	O
จะ	O
เหนื่อย	O
...	O
ตัด	O
ภาพ	O
มา	O
ที่	O
หลัง	O
เวที	O
ฮะ	O
_	O
โอ้วโหววว	NORM_1WORD
_	O
นึก	O
ว่า	O
เปิด	O
ฮาเล็ม	O
555	O
_	O
ใคร	O
ลาก	O
ไป	O
ไหน	O
นุ้ย	O
ไป	O
หมด	O
_	O
จะ	O
จิ้ม	O
แก้ม	O
กอด	O
คอ	O
_	O
โอบกอด	O
ฟัด	O
ขนาด	O
ไหน	O
ตาม	O
ใจ	O
น้อนๆ	NORM_2WORD
เล้ยยย	NORM_1WORD
ใช่	O
ฮะ	O
แก	O
เป็น	O
คน	O
เนื้อ	O
หอม	O
หนัง	O
หอม	O
กระดูก	O
หอม	O
_	O
นุ้ย	O
..	O
ไอจี	O
ตัวเอง	O
ยัง	O
จำ	O
เป็น	O
อยู่	O
มั้ย	NORM_1WORD
ลูก	O
?	O
_	O
#noeyBNK48	O
_	O
#BNK48	O

แง้ง	NORM_1WORD
_	O
เว็บ	O
ตูน	O
เรื่อง	O
นี้	O
สนุก	O
มาก	O
แนะนำ	O
สุดๆๆ	NORM_2WORD
_	O
เป็น	O
แนว	O
เกาหลี	O
_	O
ขื่อ	NORM_1WORD
ก็	O
เกาหลี	O
_	O
บ้าง	O
ที่	O
มี	O
เพลง	O
เกาหลี	O
และ	O
ศิลปิน	O
เกาหลี	O
ใน	O
เรื่อง	O
ด้วย	O
_	O
อย่าง	O
เรา	O
ดู	O
มี	O
_	O
แดเนียล	O
_	O
จีฮุน	O
_	O
ซองอู	O
_	O
แล้ว	O
ก็	O
บังทัน	O
_	O
สนุก	O
มากกกกกกกกก	NORM_1WORD
_	O
เต็ม	O
_	O
10	O
_	O
ให้	O
_	O
9.5	O
_	O
เลย	O
อีก	O
_	O
0.5	O
_	O
เผื่อ	O
ไว้	O
เฉยๆ	NORM_2WORD
555	O
+	O
_	O
รีวิว	O
มา	O
ไม่	O
บอก	O
บอก	O
ชื่อ	O
เรื่อง	O
ได้	O
ไง	O
_	O
เรื่อง	O
ชื่อ	O
_	O
ความลับของนางฟ้า	O

นอน	O
ซัก	NORM_1WORD
พัก	O
นาง	O
ก็	O
ลุก	O
ออก	O
ไป	O
_	O
นี่	O
เลย	O
เดิน	O
ไป	O
ที่	O
อื่น	O
_	O
ละ	O
เจอ	O
พี่	O
ทึก	O
(	O
สภาพ	O
แอคทีฟ	NORM_1WORD
ตาม	O
ฉบับ	O
mc	O
)	O
ถือ	O
ป้าย	O
ภาษา	O
ไทย	O
แล้ว	O
เดิน	O
พูด	O
ไป	O
ทั่ว	O
_	O
นี่	O
ชอบ	O
ป้าย	O
มาก	O
เลย	O
จะ	O
ขอ	O
ถ่าย	O
รูป	O
_	O
แล้ว	O
นาง	O
บอก	O
ตาม	O
มา	O
_	O
นี่	O
เลย	O
ตาม	O
ไป	O
กับ	O
เอิร์น	O
(	O
มึง	O
โผล่	O
มา	O
เมื่อไหร่	O
ก็	O
ไม่	O
รุ้	NORM_1WORD
)	O
แล้ว	O
พี่	O
ก็	O
หาย	O
ไป	O
จน	O
ตาม	O
ไม่	O
ทัน	O
เลย	O
เดิน	O
ไป	O
เรื่อยๆ	NORM_2WORD
จน	O
เจอ	O
ที่	O
นึง	NORM_1WORD
ที่	O
เอ้ว	O
ยืน	O
อยุ่	NORM_1WORD
เลย	O
ไป	O
ยืน	O
ตรง	O
นั้น	O

เปิด	O
รับ	O
ดู	O
ดวง	O
ไพ่	O
ทาโรต์	O
พร้อม	O
คำ	O
แนะนำ	O
และ	O
กำลังใจ	O
ครับ	O
_	O
ไม่	O
ต้อง	O
จอง	O
คิว	O
_	O
ไม่	O
ต้อง	O
บอก	O
ชื่อ	O
วัน	O
เดือน	O
ปี	O
เกิด	O
_	O
ดู	O
แบบ	O
_	O
3	O
_	O
ใบ	O
ขึ้น	O
ไป	O
ต่อ	O
คำ	O
ถาม	O
_	O
ราคา	O
ต่อ	O
คำ	O
ถาม	O
ใน	O
โควท	O
_	O
มี	O
สำรับ	O
ไพ่	O
ให้	O
เลือก	O
มากมาย	O
_	O
มี	O
_	O
SCB	O
_	O
พร้อมเพย์	O
_	O
วอลเลต	O
_	O
ดู	O
รีวิว	O
ได้	O
ที่	O
_	O
#BlackAnchorFortune	O
_	O
#ดูดวง	O
_	O
#ดูดวงฟรี	O
_	O
#ดูดวงไพ่ยิปซี	O
_	O
#ดูดวงความรัก	O
_	O
#ดูดวงการเรียน	O

-	O
_	O
ไม่	O
ถนัด	O
ร้อง	O
เพลง	O
_	O
เต้น	O
เลย	O
ค่ะ	O
_	O
-	O
_	O
เคย	O
ดู	O
การ์ตูน	O
_	O
AKB0048	O
_	O
ยาว	O
ไป	O
จน	O
ชอบ	O
วง	O
รุ่นพี่	O
ค่ะ	O
_	O
-	O
_	O
เสร็จ	O
แล้ว	O
ก็	O
สงสัย	O
ว่า	O
เค้า	NORM_1WORD
ทำ	O
อะไร	O
กัน	O
ใน	O
_	O
48	O
_	O
group	O
_	O
อยาก	O
ทดลอง	O
ค่ะ	O
_	O
(	O
หนู	O
ทดลอง	O
_	O
อิอิ	O
)	O
_	O
สุดท้าย	O
เข้า	O
มา	O
อยู่	O
ตรง	O
นี้	O
ก็	O
เป็น	O
กัปตัน	O
ค่ะ	O
_	O
-	O
_	O
ผ่าน	O
จุด	O
ที่	O
เหนื่อย	O
ที่สุด	O
แล้ว	O
_	O
-	O
_	O
เหนื่อย	O
ที่สุด	O
คือ	O
ช่วง	O
ปลาย	O
ปี	O
ที่	O
แล้ว	O
ค่ะ	O
_	O
#CherprangBNK48	O
_	O
#BNK48	O

อ๋อ	O
เออ	O
นึกออก	O
แล้ว	O
_	O
ไม่	O
ใช่	O
พล็อต	O
โซ	O
ซัน	O
แต่	O
เป็น	O
ลอว์	O
ซัน	O
_	O
ซันจิ	O
ป่วย	O
เป็น	O
โรค	O
ฮานะฮากิ	O
_	O
ตกหลุม	O
รัก	O
โซโล	O
นั่นแหละ	O
_	O
แต่	O
ไม่	O
ยอม	O
บอก	O
ใคร	O
เลย	O
_	O
จน	O
ลอว์	O
มา	O
รู้	O
เข้า	O
เพราะ	O
ตัวเอง	O
เคย	O
ผ่าตัด	O
ให้	O
คน	O
ที่	O
ป่วย	O
โรค	O
นี้	O
_	O
ลอว์	O
อยาก	O
จะ	O
ผ่า	O
ออก	O
ให้	O
_	O
เพราะ	O
ไม่	O
อยาก	O
ให้	O
เสีย	O
แผนการ	O
โค้น	O
จักรพรรดิ	O
_	O
แต่	O
ซันจิ	O
ไม่	O
ยอม	O
_	O
ไม่	O
อยาก	O
ลืมความรู้สึก	O
ที่	O
รัก	O
โซโล	O
_	O
(	O
ต่อ	O
)	O

รับ	O
กด	O
บัตร	O
ค่ะ	O
รายละเอียด	O
ตาม	O
นี	NORM_1WORD
เลย	O
ค่ะ	O
_	O
-	O
บัตร	O
4900	O
คิด	O
ค่ากด	O
ใบ	O
ล่ะ	NORM_1WORD
500	O
บัตร	O
ราคา	O
อื่นๆ	NORM_2WORD
คิด	O
ค่า	O
กด	O
ใบ	O
ล่ะ	NORM_1WORD
400	O
ค่ะ	O
_	O
-	O
ใช้	O
ยูส	NORM_1WORD
ของ	O
ลูกค้า	O
เลย	O
ค่ะ	O
_	O
-	O
จ่าย	O
ค่ากด	O
หลัง	O
กด	O
ได้	O
_	O
-	O
ไม่	O
นก	O
แน่นอน	O
จ้า	NORM_1WORD
_	O
-	O
มี	O
เคพลัส	O
ให้	O
ยืม	O
นะ	O
คะ	O
ถ้า	O
ลูกค้า	O
ไม่	O
มี	O
_	O
-	O
มี	O
รีวิว	O
และ	O
ประสบการณ์	O
เพียบ	O
ค่า	NORM_1WORD
_	O
ตอน	O
นี้	O
ยัง	O
ไม่	O
มี	O
คิว	O
นะ	O
คะ	O
สนใจ	O
ทัก	O
dm	O
มา	O
เลย	O
จ้า	NORM_1WORD
_	O
#BLACKFEATHERTOUR	O
_	O
#bambam	O

ความ	O
ที่	O
สนิท	O
กับ	O
พ่อ	O
มากๆ	NORM_2WORD
_	O
คุย	O
กัน	O
ทุก	O
วัน	O
บ่น	O
ให้	O
ฟัง	O
ทุก	O
วัน	O
_	O
เวลา	O
เหงาๆ	NORM_2WORD
เซ็งๆ	NORM_2WORD
ก็	O
โทร	NORM_1WORD
หา	O
แต่	O
พ่อ	O
_	O
จน	O
ตอน	O
นี้	O
ไม่	O
ว่า	O
เวลา	O
จะ	O
ทำ	O
อะไร	O
ก็	O
จะ	O
นึกถึง	O
คำ	O
ที่	O
พ่อ	O
พูด	O
ตลอด	O
อะ	O
_	O
พ่อ	O
คอย	O
สอน	O
ทุกอย่าง	O
_	O
คอย	O
ให้	O
กำลังใจ	O
ทุกเรื่อง	O
_	O
ตอน	O
เห็น	O
ของ	O
ที่	O
พ่อ	O
ชอบ	O
กิน	O
_	O
เสื้อ	O
ผ้า	O
ที่	O
พ่อ	O
ชอบ	O
ใส่	O
_	O
ตอน	O
นั้น	O
ก็	O
อด	O
นึกถึง	O
ไม่ได้	O
_	O
มัน	O
คิดถึง	O
อยู่	O
ทุกวัน	O
ไง	O
_	O
แต่	O
ทำไร	NORM_1WORD
ไม่ได้	O
แล้ว	O

ส.	O
_	O
บ่าย	O
_	O
#NikyBNK48	O
_	O
-	O
_	O
แสดง	O
เซนเตอร์	O
_	O
2	O
_	O
เพลง	O
คือ	O
_	O
พลิ้ว	O
_	O
กับ	O
_	O
โฮชิโนะ	O
_	O
-	O
_	O
ใน	O
เพลง	O
พลิ้ว	O
_	O
เวลา	O
น้อง	O
ร้อง	O
พร้อม	O
แสดง	O
สีหน้า	O
มัน	O
ดู	O
แซ่บ	O
_	O
ส่วน	O
เวลา	O
เต้น	O
น้อง	O
จะ	O
ดู	O
_	O
Active	O
_	O
น่ารัก	O
แบบ	O
เด็กๆ	NORM_2WORD
_	O
-	O
_	O
ถ้า	O
ให้	O
เทียบ	O
กับ	O
_	O
#NoeyBNK48	O
_	O
ก็	O
เหมือน	O
พลิ้ว	O
เวอร์ชั่น	NORM_1WORD
ที่	O
เซกซี่	NORM_1WORD
ขึ้น	O
มา	O
_	O
แต่	O
ความคม	O
ของ	O
ไลน์	O
เต้น	O
กับ	O
ความน่ารัก	O
จะ	O
ไม่	O
เท่า	O
_	O
(	O
คหสต	NORM_1WORD
)	O
_	O
#BNK48	O

มี	O
การบ้าน	O
ทัก	O
DM	O
มา	O
เลย	O
ค่า	NORM_1WORD
_	O
งานดี	O
รีวิว	O
แน่น	O
_	O
คิด	O
ตาม	O
งบ	O
_	O
งานเขียน	O
_	O
งานพิมพ์	O
_	O
แต่งกลอน	O
_	O
รับ	O
หมด	O
เลย	O
จ้า	NORM_1WORD
_	O
#รับทำการบ้าน	O
_	O
#รับจ้างทำการบ้าน	O
_	O
#รับเขียนงาน	O
_	O
#รับทำรายงาน	O
_	O
#รับแปลงาน	O
_	O
#รับพิมพ์งาน	O
_	O
#ทำการบ้าน	O
_	O
#ฝากร้าน	O
_	O
#พื้นที่ขายของ	O
_	O
#dek62	O
_	O
#dek63	O
_	O
#dek64	O
_	O
#AISNEXTGXPECKBAMBAM	O
_	O
#TheGiftedSeries	O
_	O
#ตลาดนัดรวมด้อม	O

น้องงงงง	NORM_1WORD
_	O
อีก	O
ไม่	O
นาน	O
คิม	O
จะ	O
รู้ใจ	O
ตัวเอง	O
แล้ว	O
_	O
ส่วน	O
อุ่น	O
นั้น	O
อีก	O
นาน	O
แน่ๆ	NORM_2WORD
_	O
ถ้า	O
ไม่	O
มี	O
ใคร	O
เฉลย	O
ให้	O
น้อง	O
_	O
5555	O
_	O
ที่	O
หนู	O
เจ็บ	O
ตรง	O
อก	O
ไม่	O
ใช่	O
เพราะ	O
คิม	O
จูบ	O
ลูก	O
แต่	O
เจ็บ	O
เพราะ	O
คำพูด	O
คิม	O
ต่าง	O
หาก	O
_	O
ตอน	O
นี้	O
เรา	O
คิด	O
ไป	O
ถึง	O
ตอน	O
ที่	O
_	O
ถ้า	O
คิม	O
กับ	O
อุ่น	O
มี	O
ลูก	O
ด้วยกัน	O
แล้ว	O
_	O
มี	O
ลูก	O
น่ารักๆ	NORM_2WORD
แบบ	O
อุ่น	O
_	O
จะ	O
เป็น	O
ยังไง	NORM_1WORD
นะ	O
_	O
พ่อ	O
คิม	O
คง	O
หวง	O
มาก	O
แน่ๆ	NORM_2WORD
_	O
เขิน	O
_	O
#ไล่ฆ่าล่ารัก	O

นั่ง	O
รถเมย์	NORM_1WORD
กลับ	O
บ้าน	O
กับ	O
เพื่อน	O
คน	O
นึง	NORM_1WORD
แล้ว	O
พอ	O
เพื่อน	O
จะ	O
ลง	O
_	O
นี้	O
ก็	O
เลย	O
แกล้ง	O
ตี	O
ตูด	O
มัน	O
แล้ว	O
หัน	O
กลับ	O
มา	O
ทำ	O
เป็น	O
นิ่ง	O
_	O
พอ	O
หัน	O
มา	O
เท่านั้น	O
แหละ	O
_	O
อ้าว	O
ไม่ใช่	O
เพื่อน	O
_	O
ตอน	O
แรก	O
กะ	O
ทำ	O
นิ่ง	O
ไว้	O
_	O
แต่	O
ดัน	O
มี	O
_	O
ผช.	O
_	O
ยืน	O
หลัง	O
เขา	O
_	O
นี้	O
เลย	O
ต้อง	O
รีบ	O
สกิดหลัง	O
และ	O
ขอโทษขอโพย	O
กัน	O
ยกใหญ่	O
_	O
ความพีค	O
คือ	O
_	O
เพื่อน	O
กู	O
หัน	O
มา	O
แล้ว	O
ยิ้ม	O
มุม	O
ปาก	O
ใส่	O
_	O
#เรื่องมันช่างน่าอาย	O

เสพ	O
ฟิก	NORM_1WORD
_	O
#stony	O
_	O
มา	O
เยอะ	O
_	O
ที่	O
โทนี่	O
สามารถ	O
ท้อง	O
ได้	O
_	O
ส่วน	O
ใหญ่	O
จะ	O
เป็น	O
ลูกชาย	O
เนอะ	NORM_1WORD
_	O
...	O
_	O
แต่	O
ใน	O
หนัง	O
_	O
ทำให้	O
เรา	O
รู้	O
ว่า	O
_	O
นาง	O
เหมาะ	O
กับ	O
การมี	O
ลูกสาว	O
!!	O
_	O
เป็น	O
คุณแม่	O
ที่	O
มี	O
ลูกสาว	O
สวย	O
เหมือน	O
ตัวเอง	O
_	O
ส่วน	O
อิ	NORM_1WORD
พ่อ	O
_	O
ก็	O
ต้อง	O
โหด	O
_	O
ไว้	O
หนวด	O
_	O
เพราะ	O
เมีย	O
แซ่บ	O
_	O
และ	O
ลูกสาว	O
น่ารัก	O
!	O
_	O
ใคร	O
จะ	O
แต่ง	O
_	O
ปา	O
มา	O
เลย	O
ค่ะ	O
_	O
ข่อม	NORM_1WORD
ข่า	NORM_1WORD
_	O
ไว้ก่อน	O
_	O
ฮะๆๆ	NORM_1WORD
_	O
ขอ	O
ยาด	NORM_1WORD
แนบ	O
รูป	O
ครอบครัว	O

รีวิว	O
Pat	O
5	O
_	O
สำหรับ	O
คน	O
ตั้งใจ	O
ทำ	O
อยาก	O
ได้	O
เต็ม	O
_	O
(	O
คือ	O
ฉัน	O
เอง	O
)	O
_	O
3	O
ชั่วโมง	O
คือ	O
ไม่	O
พอ	O
จริงๆ	NORM_2WORD
_	O
ทำ	O
ไม่	O
ทัน	O
เว้ย	O
_	O
สำหรับ	O
พาร์ท	O
จับ	O
ใจความ	O
ใคร	O
ความจำ	O
สั้น	O
ก็	O
คือ	O
ตาย	O
_	O
เพราะ	O
เสีย	O
เวลา	O
อ่าน	O
วน	O
_	O
แต่	O
ละ	O
อัน	O
ยาว	O
มาก	O
แม่	O
_	O
นึก	O
ว่า	O
สอบ	O
แกท	O
เชื่อม	O
_	O
ละ	O
พวก	O
ข้อ	O
เงื่อนไข	O
อะ	O
_	O
ถ้า	O
เป็น	O
แบบ	O
นี้	O
_	O
ถ้า	O
เป็น	O
แบบ	O
นั้น	O
_	O
คำตอบ	O
จะ	O
เป็น	O
แบบ	O
ไหน	O
_	O
แม่!!!	NORM_1WORD
_	O
ถึง	O
ตรง	O
นี้	O
คือ	O
หนู	O
ท้อ	O
แล้ว	O

ประเทศ	O
ไทย	O
เอาแต่	O
พูด	O
ว่า	O
กำลัง	O
พัฒนา	O
_	O
เรา	O
กำลัง	O
ไป	O
ได้	O
ดี	O
_	O
เรา	O
จะ	O
ผลักดัน	O
เทคโนโลยี	O
ให้	O
ชีวิต	O
ดี	O
ยิ่ง	O
ขึ้น	O
ใน	O
อนาคต	O
_	O
แต่	O
คำ	O
ว่า	O
อนาคต	O
ไม่	O
เคย	O
มี	O
คนรุ่นใหม่	O
ได้	O
แสดง	O
ศักยภาพ	O
ไม่ว่า	O
เรื่อง	O
อะไร	O
_	O
ประเทศ	O
นี้	O
มี	O
คนเก่ง	O
_	O
สมอง	O
ยัง	NORM_1WORD
กับ	O
เพชร	O
ตั้ง	O
กี่	O
คน	O
_	O
แต่	O
คุณ	O
ใช้	O
แค่	O
คน	O
ไม่	O
มี	O
ประสบการณ์	O
ตัดสิน	O
คนรุ่นหลัง	O
_	O
คุณ	O
มี	O
เพชร	O
แต่	O
คุณ	O
ไม่	O
เจียระไน	O
ต่างหาก	O

เริ่ม	O
สงสัย	O
ระบบ	O
การสุ่ม	O
บัตร	O
เธียร์เตอร์	NORM_1WORD
_	O
#BNK48	O
_	O
แฮะ	O
...	O
_	O
บาง	O
คน	O
ก็	O
ดวง	O
ดี	O
ได้	O
ทุก	O
อาทิตย์	O
บาง	O
คน	O
สุ่ม	O
ทุก	O
อาทิตย์	O
แล้ว	O
ไม่	O
เคย	O
ได้	O
เลย	O
ซัก	NORM_1WORD
ครั้ง	O
...	O
_	O
คือ	O
....	O
_	O
อะไร	O
วะ	O
_	O
(	O
ไม่	O
ใช่	O
อะไร	O
พี่	O
ที่	O
รู้จัก	O
ได้	O
ครั้ง	O
ที่	O
_	O
3	O
_	O
จาก	O
การสุ่ม	O
_	O
5	O
_	O
อาทิตย์	O
_	O
คือ	O
อะไร	O
.....	O
_	O
นี่	O
สุ่ม	O
ทุก	O
อาทิตย์	O
_	O
นับ	O
มา	O
ได้	O
_	O
37	O
_	O
รอบ	O
ที่	O
เข้า	O
ไป	O
สุ่ม	O
แล้ว	O
ไม่	O
ได้	O
เลย	O
ซัก	NORM_1WORD
ครั้ง	O
_	O
(	O

ดู	O
_	O
#GirlsDontCry	O
_	O
จบ	O
แล้ว	O
รู้สึก	O
ว่า	O
ได้	O
เห็น	O
อีก	O
มุม	O
ของ	O
_	O
#BNK48	O
_	O
ได้	O
แง่คิด	O
ใหม่ๆ	NORM_2WORD
_	O
ได้	O
เห็น	O
อีก	O
หลายๆ	NORM_2WORD
มุม	O
_	O
ชวน	O
เพื่อน	O
ไป	O
2	O
คน	O
_	O
คน	O
แรก	O
ไม่	O
รู้จัก	O
BNK	O
เลย	O
_	O
กับ	O
อีก	O
คน	O
ที่	O
เหมือน	O
จะ	O
กึ่งๆ	O
โอตะ	O
_	O
เพื่อน	O
ก็	O
บอก	O
นะ	O
ว่า	O
มัน	O
ดี	O
_	O
เหมือน	O
ได้	O
แง่คิด	O
ใหม่ๆ	NORM_2WORD
มัน	O
คือ	O
สารคดี	O
ของ	O
เด็ก	O
ผู้หญิง	O
กลุ่ม	O
นึง	NORM_1WORD
_	O
อยาก	O
ให้	O
ทุก	O
คน	O
ไป	O
ดู	O
นะ	O
_	O
ยังไง	NORM_1WORD
เรา	O
ก็	O
รัก	O
คุณ	O
เหมือน	O
เดิม	O

เรา	O
ชอบ	O
เล่น	O
พ่อแม่ลูก	O
กับ	O
เพื่อนข้างบ้าน	O
ซึ่ง	O
บ้าน	O
เรา	O
ติด	O
ถนนใหญ่	O
ช่วง	O
นั้น	O
หน้า	O
บ้าน	O
มี	O
กองทราย	O
ตั้ง	O
อยู่	O
เรา	O
ก็	O
อ่า	O
ตู	O
จะ	O
ทำ	O
บ้าน	O
บน	O
เนิ่นเขา	NORM_1WORD
เอา	O
เสื่อ	O
ไป	O
ปู	O
ที	O
นี้	O
ต้อง	O
เข้าฉาก	O
นอน	O
ก็	O
หลับตา	O
รับบท	O
เป็น	O
ลูก	O
สรุป	O
หลับ	O
จริง	O
ใน	O
สภาพ	O
อ้าซ่า	O
รู้ตัว	O
อีก	O
ที	O
เย็น	O
แล้ว	O
ตกใจ	O
เสียง	O
หวีด	O
ของ	O
ย่า	O
ที่	O
คิด	O
ว่า	O
ได้	O
เสีย	O
หลาน	O
ไป	O
แล้ว	O
_	O
#เรื่องมันช่างน่าอาย	O

เรา	O
ตาม	O
หา	O
นิยาย	O
ที่	O
เคย	O
อ่าน	O
อยู่	O
_	O
ใคร	O
รู้	O
ช่วย	O
บอก	O
เรา	O
ที	O
ว่า	O
เรื่อง	O
อะไร	O
_	O
เนื้อเรื่อง	O
ประมาณ	O
ว่า	O
นางเอก	O
ไป	O
สารภาพ	O
รัก	O
กับ	O
พระเอก	O
แล้ว	O
โดน	O
ปฏิเสธ	O
_	O
แล้ว	O
นางเอก	O
ก็	O
ประสบ	O
อุบัติเหตุ	O
ตาย	O
_	O
พระเอก	O
เจอ	O
ปีศาจ	NORM_1WORD
เลย	O
ขอให้	O
นางเอก	O
ฟื้น	O
_	O
นางเอก	O
ก็	O
ฟื้น	O
มา	O
ใช้	O
ชีวิต	O
ต่อ	O
_	O
แต่	O
ไม่	O
ปกติ	O
ตรงที่	O
เวลา	O
นาง	O
คิด	O
อะไร	O
_	O
ทุก	O
คน	O
จะ	O
ได้ยิน	O
หมด	O
เลย	O
_	O
#ตามหา	O
นิยาย	O
แจ่มใส	O

เมื่อ	O
สอง	O
วัน	O
ก่อน	O
ดู	O
_	O
Eddie	O
the	O
Eagle	O
_	O
เป็น	O
เรื่อง	O
จริง	O
ของ	O
นักสกีกระโดด	O
ชาว	O
อังกฤษ	O
แบบ	O
ตอน	O
เด็ก	O
ยัน	O
โต	O
ตั้งใจ	O
ไว้	O
ว่า	O
จะ	O
เป็น	O
นักกีฬาโอลิมปิค	NORM_1WORD
_	O
หนัง	O
เล่า	O
ตลก	O
ดี	O
แบบ	O
เอ็ดดี้	O
ไม่	O
เคย	O
ยอมแพ้	O
_	O
โดน	O
ดูถูก	O
เยอะ	O
_	O
ลองผิดลองถูก	O
ทุก	O
ด้าน	O
_	O
ดี	O
ที่	O
มี	O
แม่	O
สนับสนุน	O
ตลอด	O
_	O
ทุก	O
อย่าง	O
จริงๆ	NORM_2WORD
_	O
ดู	O
แล้ว	O
อบอุ่น	O
ใจ	O
_	O
เพราะ	O
เค้า	NORM_1WORD
สู้	O
ตลอด	O
ไม่	O
ยอมแพ้	O
จน	O
มัน	O
สำเร็จๆๆ	NORM_2WORD

ฟัง	O
เพลง	O
เศร้า	O
ไม่	O
ร้องไห้	O
แล้ว	O
นะ	O
(	O
มั้ง	NORM_1WORD
)	O
_	O
เหล้า	O
แบน	O
นึง	NORM_1WORD
กิน	O
ไม่	O
หมด	O
ละ	NORM_1WORD
นะ	O
(	O
ปวดท้อง	O
5555	O
)	O
_	O
เรา	O
ยัง	O
คิดถึง	O
อยู่	O
เรา	O
ยัง	O
รัก	O
อยู่	O
ไม่	O
อยาก	O
หนี	O
ความรู้สึก	O
แล้ว	O
รัก	O
ก้	NORM_1WORD
คือ	O
รัก	O
คิดถึง	O
ก็	O
คือ	O
คิดถึง	O
ใคร	O
ถาม	O
ก็	O
บอก	O
ตรงๆ	O
เหนื่อย	O
ที่	O
จะ	O
ต้อง	O
มา	O
โกหก	O
ว่า	O
ชั้ล	NORM_1WORD
เข้มแข็ง	O
ชั้ล	NORM_1WORD
สบาย	O
มาก	O
_	O
สุดท้าย	O
ก็	O
ไป	O
หงอย	O
_	O
แต่	O
แค่	O
ต้อง	O
ห้าม	O
ตัวเอง	O
ต้อง	O
รุ้	NORM_1WORD
สถานะ	O
ตัวเอง	O
สู้ๆ	O

ถ้า	O
ตอน	O
นี้	O
จะ	O
ขยาย	O
ฐาน	O
ออก	O
ไป	O
_	O
การทวิต	O
พัฒนาการ	O
ของ	O
น้อง	O
_	O
ผลงาน	O
_	O
กิจกรรม	O
_	O
สื่อ	O
_	O
รายการ	O
ที่	O
ไป	O
ออก	O
_	O
ถ้า	O
ไม่	O
พอใจ	O
ก็	O
เสนอ	O
แนวทาง	O
แก้ไข	O
ปัญหา	O
ดีๆ	NORM_2WORD
_	O
ทวิต	O
ให้กำลังใจ	O
เมม	O
_	O
มาก	O
กว่า	O
บูลลี่	NORM_1WORD
_	O
เรียกร้อง	O
_	O
บังคับ	O
เมม	O
_	O
หวง	O
เมม	O
_	O
โอตะ	O
กับ	O
ด้อม	O
คือ	O
ส่วน	O
สำคัญ	O
ที่	O
สนับสนุน	O
และ	O
ช่วย	O
PR	O
น้อง	O
และ	O
วง	O
_	O
BNK48	O
_	O
ว่า	O
จะ	O
ทำ	O
ให้	O
คน	O
จะ	O
รัก	O
หรือ	O
เกลียด	O
น้อง	O
และ	O
วง	O
มาก	O
ขึ้น	O

rt	O
_	O
ตาม	O
ทัก	O
ครับ	O
_	O
เพราะ	O
ผม	O
เพิ่ง	O
คัมแบค	NORM_1WORD
และ	O
แอค	O
ร้าง	O
มาก	O
_	O
เงียบเหงา	O
ที่สุด	O
ใน	O
หัวใจ	O
_	O
สำหรับ	O
คน	O
ที่	O
ฟอล	O
กัน	O
อยู่	O
ใคร	O
อยาก	O
คุย	O
ก็	O
รี	O
เลย	O
ครับ	O
_	O
(	O
_	O
สรุป	O
ไม่	O
มี	O
เลย	O
ซัก	NORM_1WORD
คน	O
_	O
ร้องไห้	O
_	O
)	O
_	O
ใน	O
ส่วน	O
ของ	O
คน	O
ที่	O
ไม่	O
ได้	O
ฟอล	O
ก็	O
รี	O
ได้	O
ครับ	O
เดี๋ยว	O
ผม	O
ทัก	O
ไป	O
_	O
ผู้ชาย	O
ตลก	O
แต่	O
ไม่	O
ตลอด	O
หุ่น	O
น่ากอด	O
แถม	O
หน้าตา	O
ดี	O
แบบ	O
นี้	O
หา	O
ที่	O
ไหน	O
ไม่	O
ได้	O
ละ	O
จริงๆ	NORM_2WORD
_	O
รี	O
เถอะ	O
ครับ	O
_	O
ผม	O
เหงา	O
มาก	O

รีวิว	O
จับ	O
มือ	O
น้อง	O
เคท	O
_	O
06	O
/	O
04	O
/	O
2019	O
_	O
ซิงเกิ้ล	NORM_1WORD
_	O
5	O
_	O
ผลัด	O
_	O
1	O
_	O
ใบ	O
ที่	O
_	O
3	O
/	O
6	O
_	O
บุ	O
_	O
6	O
_	O
น	O
_	O
จะ	O
มา	O
ทัก	O
ว่า	O
_	O
เสื้อ	O
ที่	O
ใส่	O
ตัว	O
เดียว	O
กับ	O
โร้ดโชว์	NORM_1WORD
เชียงใหม่	O
เลย	O
ใช่	O
ป่าว	NORM_1WORD
_	O
ค	O
_	O
อ๋อ	O
_	O
ใช่	O
ค่ะ	O
_	O
น	O
_	O
คือ	O
พี่	O
อ่ะ	NORM_1WORD
_	O
ไป	O
เชียงใหม่	O
เพราะ	O
น้อง	O
เคท	O
เลย	O
นะ	O
_	O
คน	O
เยอะ	O
มาก	O
_	O
ค	O
_	O
ใช่ๆ	NORM_2WORD
_	O
คน	O
เยอะ	O
มาก	O
จริงๆ	NORM_2WORD
_	O
น	O
_	O
เลย	O
ได้	O
จับ	O
มือ	O
แค่	O
ครั้ง	O
เดียว	O
เอง	O
_	O
ไปละ	O
_	O
ค	O
_	O
บ๊ายบาย	O
_	O
#KateBNK48	O
_	O
#TeamKate48	O

เหยยย	NORM_1WORD
_	O
เจอ	O
บล๊อค	NORM_1WORD
ตัวเอง	O
ตอน	O
รปห	NORM_1WORD
49	O
แร้ววว	NORM_1WORD
_	O
ความทรงจำ	O
ไม่	O
ผิด	O
จริงๆ	NORM_2WORD
ด้วยว่า	O
คืน	O
นั้น	O
นอน	O
ไว	O
มาก	O
และ	O
ตื่น	O
มา	O
แต่งตัว	O
จะ	O
ไป	O
สอบ	O
เลข	O
ยาก	O
_	O
อหหหหห	NORM_1WORD
_	O
13	O
ปี	O
ผ่าน	O
ไป	O
ก็	O
ยัง	O
ต้อง	O
ภาวนา	O
ให้	O
ประเทศ	O
ไทย	O
แบบ	O
เดิม	O
_	O
ปอลอ.	NORM_1WORD
_	O
ขำ	O
มาก	O
ที่	O
นึก	O
ว่า	O
เค้า	NORM_1WORD
ปิด	O
แต่	O
กท	O
เรื่อง	O
มือเท้าปาก	O
และ	O
ยัง	O
ดั้นด้น	NORM_1WORD
จะ	O
ไป	O
สอบ	O
5555555555555555555555555555555555555555555555555555	O

พูด	O
แบบ	O
นี้	O
ไม่	O
ได้	O
ผล	O
ค่ะ	O
_	O
แม่	O
เรา	O
สลิ่ม	O
_	O
พูด	O
ผิดหู	O
_	O
คือ	O
อด	O
กิน	O
ข้าว	O
_	O
ต้อง	O
ใช้	O
วิธี	O
ตี	O
อ้อม	O
แบบ	O
เรา	O
_	O
เรา	O
ด่า	O
ด้วย	O
ข้อมูล	O
คน	O
รอบ	O
ข้าง	O
ลุง	O
ก่อน	O
_	O
ไม่	O
ว่า	O
จะ	O
_	O
ป้อม	O
_	O
ส.ว.	O
_	O
กกต.	O
_	O
ไป	O
เรื่อยๆๆๆๆ	NORM_1WORD
_	O
โดย	O
ไม่	O
แตะ	O
ลุง	O
เลย	O
_	O
จน	O
แม่	O
เริ่ม	O
คล้อยตาม	O
_	O
นี่	O
ใช้	O
เวลา	O
หลาย	O
เดือน	O
นะ	O
_	O
จน	O
ตอน	O
นี้	O
เริ่ม	O
เปิดใจ	O
ฟัง	O
_	O
แต่	O
ใจ	O
ลึกๆ	O
เค้า	NORM_1WORD
ยัง	O
รัก	O
ลุง	O
_	O
แต่	O
เริ่ม	O
ไม่	O
ชอบ	O
คน	O
รอบ	O
ข้าง	O
ลุง	O

บัตรจับมือ	O
ซิง	NORM_1WORD
5	O
_	O
360	O
_	O
ซื้อ	O
หลาย	O
ใบ	O
ลด	O
ได้	O
_	O
(	O
26	O
พ.ค.	O
มี	O
10	O
ใบ	O
/	O
22	O
มิ.ย.	O
เหลือ	O
3	O
)	O
_	O
สนใจ	O
DM	O
/	O
Line	O
_	O
gift_0209	O
_	O
#BNK48	O
_	O
#OrnBNK48	O
_	O
#NoeyBN48	O
_	O
#JennisBNK48	O
_	O
#MobileBNK48	O
_	O
#KaewBNK48	O
_	O
#TarwaanBNK48	O
_	O
#WeeBNK48	O
_	O
#FondBNK48	O
_	O
#MewnichBNK48	O
_	O
#บัตรจับมือ	O
_	O
#CherprangBNK48	O
_	O
#bnk48market	O
_	O
#ตลาดนัดBnk48	O
_	O
#BNKFestival	O
_	O
#PunBNK48	O

ไม่	O
มี	O
อะไร	O
จะ	O
รีวิว	O
เกี่ยวกับ	O
_	O
#wannaone	O
_	O
เพราะ	O
ตัว	O
จริง	O
หล่อ	O
มาก	O
ทุก	O
คน	O
_	O
บาง	O
คน	O
ที่	O
ใน	O
ทีวี	O
เรา	O
เห็น	O
ว่า	O
ก็	O
ไม่	O
เท่า	O
ไร	NORM_1WORD
_	O
เช่น	O
_	O
คหสต	NORM_1WORD
เรา	O
ว่า	O
แจฮวาน	O
ก็	O
หน้าตา	O
ดี	O
แต่	O
ไม่	O
ถึง	O
กับ	O
หล่อ	O
_	O
บอก	O
เลย	O
ตกใจ	O
มากๆ	NORM_2WORD
_	O
เพราะ	O
ตัว	O
จริง	O
นาง	O
หล่อ	O
_	O
ขาว	O
ฟู	O
มาก	O
เว่อร์	NORM_1WORD
_	O
พี่	O
จีซอง	O
ก็	O
หล่อ	O
กว่า	O
ที่	O
คิด	O
_	O
ไม่	O
มี	O
ความเจ๊	O
เลย	O
_	O
คน	O
ที่	O
หล่อ	O
อยู่	O
แล้ว	O
_	O
ตัว	O
จริง	O
ก็	O
คูณ	O
ความหล่อ	O
ไป	O
อีก	O

แล้ว	O
ชื่อ	O
เพิร์ธ	O
เซ้นต์	O
พิน	O
ซ่อน	O
ซ่อน	O
พิน	O
_	O
ก็	O
เค้า	NORM_1WORD
เป็น	O
บ้าน	O
คู่	O
_	O
รัก	O
น้อง	O
ทั้ง	O
สอง	O
คน	O
อะ	O
_	O
ถาม	O
ว่า	O
เค้า	NORM_1WORD
เรียก	O
ชื่อ	O
น้อง	O
เดี่ยว	O
มั้ย	NORM_1WORD
เค้า	NORM_1WORD
เรียก	O
เว้ย	O
ไม่	O
ใช่	O
ไม่	O
เรียก	O
_	O
แต่	O
ที่	O
เค้า	NORM_1WORD
ตะโกน	O
ชื่อ	O
คู่	O
ด้วย	O
เพราะ	O
เค้า	NORM_1WORD
อยาก	O
ให้	O
น้อง	O
เห็น	O
_	O
ให้	O
น้อง	O
ได้ยิน	O
ว่า	O
มา	O
แล้ว	O
นะ	O
_	O
บ้าน	O
คู่	O
มา	O
แล้ว	O
_	O
อยาก	O
ให้	O
รู้	O
ว่า	O
แฟนคลับ	O
ของ	O
อีก	O
คน	O
ก็	O
มา	O
ตาม	O
เชียร์	O
น้อง	O
ด้วย	O
_	O
แค่	O
นั้น	O

silicone	O
_	O
ล้างหน้า	O
จาก	O
_	O
daiso	O
_	O
ตัว	O
นี้	O
รีวิว	O
ท่วมท้น	O
เลย	O
ค่ะ	O
_	O
ของ	O
หมด	O
ไป	O
พัก	O
นึง	NORM_1WORD
แล้ว	O
ตอน	O
นี้	O
มี	O
แล้ว	O
น้า	O
_	O
60	O
.-	O
_	O
ดี	O
มาก	O
ต้อง	O
มี	O
นะ	O
จ้ะ	O
_	O
#รับหิ้ว	O
_	O
#ชี้เป้าโปรถูก	O
_	O
#ของมันต้องมี	O
_	O
#HowtoPerfect	O
_	O
#ฉันจะสวย	O
_	O
#รีวิว	O
เซเว่น	O
_	O
#รีวิว	O
miniso	O
_	O
#รับหิ้ว	O
ไดโซะ	O
_	O
#ดีบอกต่อ	O
_	O
#รีวิวน้ำหอม	O
_	O
#น้ำหอม	O
miniso	O
_	O
#รีวิว	O
วัตสัน	O
_	O
#ตลาดนัด	O
blackpink	O

คน	O
เหงาๆ	O
อยาก	O
เป็น	O
เพื่อน	O
กับ	O
ตัวเอง	O
อ่ะ	NORM_1WORD
_	O
คือแบ่บ	NORM_1WORD
เปง	NORM_1WORD
คน	O
ดี	O
มาก	O
_	O
เรียน	O
เต็มที่	O
_	O
พา	O
เพื่อน	O
เรียน	O
กับ	O
ทำ	O
งานกลุ่ม	O
ได้	O
นะ	O
_	O
ปล่อย	O
มุก	O
สนุกๆ	O
ได้	O
_	O
แต่	O
ถ้า	O
จริงจัง	O
คือ	O
จริงจัง	O
_	O
ใันๆ	NORM_1WORD
เหมือน	O
เปงบ้า	NORM_1WORD
_	O
หัวเราะ	O
ทั้ง	O
วัน	O
_	O
พูด	O
เรื่อง	O
แฟชั่น	NORM_1WORD
ไอดอล	O
กีฬา	O
ผู้ชาย	O
นู่นนี่	NORM_1WORD
ได้	O
หมด	O
_	O
เล่น	O
โซเชียล	O
บ่อย	O
_	O
คือ	O
ต้องการ	O
เป็น	O
เพื่อน	O
กับ	O
คน	O
แบบ	O
เน้	NORM_1WORD
_	O
พา	O
ชั้น	NORM_1WORD
ทำ	O
กจก.	O
=	O
ดี	O

ตอน	O
ป.6	O
_	O
รร.	O
ปู	O
กระเบื้อง	O
ใหม่	O
ซึ่ง	O
มัน	O
ลื่น	O
มาก	O
มัน	O
ลื่น	O
ซะ	O
จน	O
กู	O
กำลัง	O
เดิน	O
เพื่อน	O
ที่	O
จะ	O
ไป	O
เรียน	O
อีก	O
วิชา	O
ซึ่ง	O
มัน	O
อยู่	O
อีก	O
ตึก	O
นึง	NORM_1WORD
_	O
ใน	O
ตอน	O
ที่	O
กู	O
กำลัง	O
เดิน	O
อยู่	O
นั้น	O
กู	O
ก็	O
ลื่น	O
_	O
ซึ่ง	O
กู	O
เป็น	O
คน	O
อ้วน	O
มัน	O
จึง	O
มี	O
เสียง	O
ดัง	O
'	O
ตุ้บ	O
'	O
แล้ว	O
ทุกคน	O
ก็	O
หัวเราะ	O
กู	O
อีก	O
สัส	NORM_1WORD
_	O
ท่า	O
กู	O
ตอ	O
นลื่น	O
ล้ม	O
คือ	O
'	O
กู	O
นอน	O
คว่ำ	O
'	O
อ่ะ	NORM_1WORD
_	O
แม่ง	O
อีเหี้ย	O
_	O
(	O
มี	O
ต่อ	O
)	O
#เรื่องมันช่างน่าอาย	O

มี	O
ความคิด	O
อยู่	O
ลึกๆ	O
ว่า	O
เมมเบอร์	NORM_1WORD
ของ	O
_	O
BNK	O
_	O
จะ	O
ได้รับ	O
ความรัก	O
จาก	O
โอตะ	O
ใน	O
รูปแบบ	O
ของ	O
การเริ่มจีบ	O
_	O
ไม่	O
ได้	O
หมายถึง	O
ว่า	O
โอตะ	O
กำลัง	O
จีบ	O
เมมเบอร์	NORM_1WORD
อยู่	O
นะ	O
_	O
แต่	O
มี	O
การให้	O
ความรู้สึก	O
ที่	O
คล้ายๆ	NORM_2WORD
กัน	O
คือ	O
_	O
คิดถึง	O
มาก	O
_	O
เป็นห่วง	O
มาก	O
_	O
อยาก	O
ซื้อ	O
ของ	O
ให้	O
_	O
ทำ	O
อะไร	O
ก็	O
จะ	O
มี	O
แต่	O
เรื่อง	O
เมมเบอร์	NORM_1WORD
อยู่	O
ใน	O
หัว	O
_	O
ซึ่ง	O
มัน	O
อาจ	O
จะ	O
ดี	O
ถ้า	O
เรา	O
มี	O
สติ	O
_	O
แต่	O
กู	O
ไม่	O
มี	O
_	O
#BNK48	O

ถ้า	O
เพิ่ง	O
ลอง	O
อ่าน	O
_	O
แนะนะ	NORM_1WORD
_	O
Lost	O
_	O
in	O
_	O
you	O
_	O
ของ	O
หกเก้า	O
ค่ะ	O
_	O
เป็น	O
เล่ม	O
บางๆ	NORM_2WORD
_	O
ไม่	O
หนา	O
มาก	O
_	O
เนื้อเรื่อง	O
น่ารัก	O
ดี	O
ค่ะ	O
_	O
แล้ว	O
ก็	O
_	O
A	O
_	O
little	O
_	O
things	O
_	O
เรื่อง	O
นี้	O
หนา	O
หน่อย	O
_	O
แต่	O
น่ารัก	O
_	O
นุ่ม	O
ละมุน	O
เช่นกัน	O
ค่ะ	O
_	O
จริงๆ	NORM_2WORD
ภายใน	O
บูธ	O
มี	O
อีก	O
หลาย	O
เรื่อง	O
หลาย	O
แนว	O
เลย	O
ค่ะ	O
_	O
จะ	O
น่ารัก	O
กุ๊กกิ๊ก	O
_	O
ดราม่า	O
_	O
แฟนตาซี	O
_	O
ย้อนยุค	O
_	O
ลอง	O
แวะ	O
มา	O
ชม	O
ที่	O
บูธ	O
สะพาน	O
ได้	O
นะ	O
คะ	O
_	O
Q55	O

สละ	O
เวลา	O
มา	O
แสดง	O
_	O
ไม่	O
คิด	O
ว่า	O
จะ	O
มี	O
ดราม่า	O
_	O
อ่าน	O
ตอน	O
แรก	O
ก็	O
ไม่	O
เห็น	O
รู้สึก	O
อะไร	O
_	O
คิด	O
ว่า	O
แบมแบม	O
ตั้งใจ	O
พูด	O
แบบ	O
_	O
ไทยแลนด์	O
คือ	O
ดินแดน	O
สำคัญ	O
ที่	O
ไม่	O
ว่า	O
จะ	O
ยังไง	NORM_1WORD
ต้อง	O
มา	O
ให้	O
ได้	O
อะไร	O
ทำนอง	O
นี้	O
อะ	O
_	O
ดราม่า	O
เฉย	O
_	O
สงสาร	O
_	O
ไอดอล	O
ไทย	O
สมัย	O
นี้	O
_	O
ใช้	O
ภาษา	O
ไทย	O
คือ	O
ต้อง	O
ระวัง	O
สุด	O
ฤทธิ์	O
_	O
อีก	O
หน่อย	O
คง	O
ไม่	O
ให้	O
เล่น	O
โซเชี่ยล	NORM_1WORD
เน็ตเวิร์ค	O
กัน	O
แล้ว	O
มั้ง	O
_	O
ดราม่า	O
เก่ง	O

ส่วน	O
อีก	O
เรื่อง	O
_	O
มัน	O
เป็น	O
ธรรมชาติ	O
ของ	O
แฟนคลับ	O
_	O
กับ	O
แฟนเพลง	O
_	O
วง	O
นั้น	O
แฟนคลับ	O
น้อย	O
แต่	O
แฟนเพลง	O
เยอะ	O
_	O
ทำให้	O
บัตรคอน	NORM_1WORD
ไม่	O
ได้	O
เต็ม	O
เร็ว	O
พรวดพราด	O
แบบ	O
ของ	O
พี่ชาย	O
ที่	O
แฟนคลับ	O
เยอะ	O
_	O
อีก	O
อย่าง	O
ชน	O
กับ	O
คอน	NORM_1WORD
_	O
BNK48	O
_	O
ด้วย	O
_	O
แต่	O
ก็	O
เชื่อ	O
ว่า	O
ก็	O
น่า	O
จะ	O
ขาย	O
หมด	O
อยู่ดี	O
_	O
เพราะ	O
ได้	O
ข่าว	O
ว่า	O
ไป	O
ทัวร์	O
คอน	NORM_1WORD
ล่าสุด	O
_	O
ตอน	O
แรก	O
ยอด	O
จอง	O
น้อย	O
_	O
แต่	O
พอ	O
วัน	O
จริง	O
คน	O
แน่น	O
จน	O
ล้น	O

สตก.	NORM_1WORD
/	O
ธีม	O
ไลน์	O
ราคา	O
ถูก	O
_	O
ไม่	O
หาย	O
/	O
โกง	O
/	O
หมดอายุ	O
ค่า	NORM_1WORD
_	O
สนใจ	O
DM	O
มา	O
น้า	NORM_1WORD
_	O
มี	O
รีวิว	O
_	O
50	O
c	O
=	O
25	O
_	O
฿	O
_	O
100	O
c	O
=	O
45	O
฿	O
_	O
150	O
c	O
=	O
65	O
฿	O
_	O
#	O
BLACKPINK	O
_	O
#	O
BNK48	O
_	O
#	O
GOT7	O
_	O
#	O
GOT7	O
WorldTour2018In	O
Bangkok	O
_	O
#	O
กาหลมหรทึก	O
_	O
#ขาย	O
ของ	O
_	O
#ตรวจ	O
หวย	O
_	O
#	O
สติ๊กเกอร์ไลน์	NORM_1WORD
_	O
#Stree	O
_	O
#	O
หนึ่งด้าวฟ้าเดียว	O
_	O
#	O
กาหลมหรทึก	O
_	O
#	O
พี่คนนี้นั้นมีแต่ให้	O
_	O
#ยยขคพ	O
_	O
#ดี	O
บอก	O
ต่อ	O
_	O
#ตลาดนัด	O
WANNAONE	O

ที่	O
ผ่าน	O
มา	O
ไม่	O
ค่อย	O
พูด	O
ถึง	O
ข่าว	O
การเมือง	O
หรือ	O
ความไม่น่ารัก	O
ของ	O
ประเทศ	O
ไทย	O
เลย	O
_	O
เพราะ	O
มี	O
สิ่ง	O
นึง	NORM_1WORD
ที่	O
ยึดถือ	O
ว่า	O
_	O
เรา	O
ไม่	O
ควร	O
นั่ง	O
โทษ	O
สิ่ง	O
รอบ	O
ตัว	O
_	O
แต่	O
การทำตัวเอง	O
เป็น	O
พลเมือง	O
ที่	O
ดี	O
ที่	O
สุด	O
_	O
มัน	O
จะ	O
เป็น	O
กำลัง	O
เล็กๆ	O
ที่	O
ทำ	O
ให้	O
ปท.	NORM_1WORD
นี้	O
น่าอยู่	O
_	O
แต่	O
พอ	O
เห็น	O
ข่าว	O
ช่วง	O
นี้	O
หลายๆ	NORM_2WORD
อย่าง	O
แล้ว	O
_	O
เป็น	O
ครั้ง	O
แรก	O
ที่	O
อยาก	O
สบถ	O
ว่า	O
_	O
ว๊อททท	NORM_1WORD
กับ	O
ปท.	NORM_1WORD
ไทย	O
มาก	O

513	O
.	O
หนึ่ง	O
(	O
แดน	O
)	O
ต้อง	O
ดูแล	O
โปรเจ็ค	NORM_1WORD
ร่วม	O
กับ	O
เซย์	O
(	O
อง	O
)	O
ไม่	O
เคย	O
เจอ	O
หน้า	O
ทำงาน	O
ออนไลน์	O
_	O
เซย์	O
เป็น	O
คน	O
เดียว	O
กับ	O
แทนธาร	O
ที่	O
เป็น	O
แฟน	O
เก่า	O
ที่	O
หนึ่ง	O
รัก	O
มาก	O
_	O
หนึ่ง	O
ชอบ	O
เซย์	O
แม้	O
จะ	O
คุย	O
กัน	O
ผ่าน	O
ตัวอักษร	O
_	O
เซย์	O
มี	O
อะไร	O
หลายๆ	NORM_2WORD
อย่าง	O
คล้าย	O
แทน	O
_	O
หนึ่ง	O
ตกหลุม	O
รัก	O
คน	O
เดิมๆ	NORM_2WORD
_	O
คน	O
ที่	O
ใช่	O
ใน	O
เวลา	O
ที่	O
ใช่	O
_	O
#	O
เซย์อิทเนียลอง	O
_	O
#	O
เนียลอง	O
_	O
#แนะนำฟิค	O
เนียลอง	O
_	O
#	O
จอยลดา	O

รีวิว	O
ย่อๆ	O
_	O
Xbox	O
_	O
One	O
_	O
Controller	O
_	O
เอา	O
มา	O
เล่น	O
_	O
Assassin's	O
_	O
Creed	O
_	O
Unity	O
_	O
พอดี	O
มี	O
สาย	O
_	O
micro	O
_	O
USB	O
_	O
ของ	O
ไมค์	O
_	O
Razer	O
_	O
ที่	O
เคย	O
ซื้อ	O
ไว้	O
_	O
(	O
1	O
.	O
8	O
_	O
m)	O
_	O
พอ	O
เสียบ	O
สาย	O
ก็	O
ใช้	O
ได้	O
เลย	O
_	O
เย้	O
_	O
ถ้า	O
ไม่	O
มี	O
สาย	O
ยาวๆ	O
ก็	O
ต้อง	O
ใส่	O
แบต	O
_	O
แล้ว	O
ใช้	O
_	O
receiver	O
_	O
แต่	O
ยัง	O
ไม่	O
อยาก	O
ใช้	O
_	O
เสียบ	O
สาย	O
แล้ว	O
รอ	O
นาน	O
พอ	O
ควร	O
กว่า	O
จะ	O
_	O
setup	O
_	O
อะไร	O
เสร็จ	O
_	O
แต่	O
ไม่	O
ได้	O
รอ	O
_	O
ก็	O
เล่น	O
ได้	O
เลย	O
นะ	O

ผู้หญิง	O
ของ	O
พี่	O
เสฯ	O
-	O
เสนีย์	O
เสาวพงศ์	O
_	O
หรือ	O
นามจริง	O
คือ	O
คุณ	O
ศักดิ์ชัย	O
บำรุงพงศ์	O
_	O
บทความ	O
สั้นๆ	O
_	O
ชิ้น	O
นี้	O
เสนอ	O
ภาพ	O
ผู้หญิง	O
ใน	O
เรื่องสั้น	O
_	O
3	O
_	O
เรื่อง	O
คือ	O
_	O
หนองปรง	O
ไม่	O
สิ้น	O
คน	O
ดี	O
_	O
ตี	O
หนา	O
หน้าบาง	O
_	O
และ	O
สาว	O
สมัย	O
_	O
เพื่อ	O
เป็น	O
หมุดหมาย	O
ศึกษา	O
สตรี	O
ที่	O
มี	O
ความเป็น	O
ผู้นำ	O
ไว้	O
ด้วย	O
_	O
ใน	O
_	O
มติชนสุดสัปดาห์	O
_	O
ประจำ	O
วัน	O
ที่	O
_	O
20	O
-	O
26	O
_	O
กรกฎาคม	O
_	O
พ.ศ.	O
_	O
2561	O

ส่วน	O
เพลง	O
เจ้า	O
บิ๊ก	O
ก็	O
คือ	O
ชัด	O
มาก	O
เหมือน	O
เล่า	O
เรื่อง	O
ความรัก	O
ของ	O
คู่รัก	O
คู่	O
หนึ่ง	O
อารมณ์	O
แบบ	O
คน	O
นึง	NORM_1WORD
ก็	O
รู้	O
ว่า	O
ตัวเอง	O
ผิด	O
ไป	O
แล้ว	O
อยาก	O
ขอ	O
โอกาส	O
แต่	O
อีก	O
คน	O
นึง	NORM_1WORD
ก็	O
แบบ	O
เออ	O
มัน	O
หมด	O
ไป	O
แล้ว	O
อะ	O
ขอ	O
โอกาส	O
ไร	O
ไม่	O
มี	O
แล้ว	O
อะไร	O
เงี้ย	O
ก็	O
รู้	O
ตัว	O
หนิ	NORM_1WORD
ว่า	O
ตัวเอง	O
ไม่	O
ดี	O
เธอ	O
กลับ	O
มา	O
เธอ	O
ก็	O
มา	O
ทำร้าย	O
เรา	O
อีก	O
งั้น	O
พอ	O
ดี	O
กว่า	O
ต่าง	O
คน	O
ต่าง	O
ไป	O
ดี	O
กว่า	O
ดี	O
กว่า	O
กลับ	O
มา	O
ทำร้าย	O
กัน	O

เลือก	O
เสื้อ	O
กับ	O
แฟน	O
แล้ว	O
เจอ	O
..	O
ไอดอล	O
!!!!!	O
_	O
ปิด	O
หน้า	O
เมเน	NORM_1WORD
แปป	NORM_1WORD
_	O
คือ	O
_	O
นี่	O
กำลัง	O
ซื้อ	O
ของ	O
_	O
ถ่าย	O
เสื้อ	O
แฟน	O
ถือ	O
ไง	O
_	O
แล้ว	O
แบบ	O
_	O
เงย	O
หน้า	O
มา	O
_	O
เห้ย	O
!	O
_	O
555	O
ความดี	O
ตรง	O
_	O
เขา	O
ไม่	O
สนใจ	O
เพราะ	O
นี่	O
ตี	O
กะ	NORM_1WORD
แฟน	O
เรื่อง	O
เสื้อ	O
อยู่	O
_	O
ประเด็น	O
_	O
เสื้อ	O
นี่	O
โดยอง	O
ใส่	O
จะ	O
มา	O
รีวิว	O
_	O
เลย	O
เถียง	O
กัน	O
เหมือน	O
ไม่	O
สนใจ	O
ไร	O
งี้	O
_	O
>	O
_	O
เดะ	NORM_1WORD
_	O
ขอ	O
นึก	O
ก่อน	O
_	O
ชื่อ	O
ไร	O
นะ	O
_	O
แงงง	NORM_1WORD
_	O
หนู	O
ไม่	O
ได้	O
ติ่ง	O
เขา	O
55	O

มา	O
อีก	O
แล้ว	O
จ้า	NORM_1WORD
_	O
พบ	O
กับ	O
ความน่ารัก	O
บน	O
โลก	O
ใบ	O
นี้	O
_	O
ฮืออออออ	NORM_1WORD
_	O
ทำ	O
ท่า	O
เก๊ก	O
หล่อ	O
เหมือน	O
เด็ก	O
_	O
5	O
_	O
ขวบ	O
เพิ่มเติม	O
คือ	O
หลับตา	O
พริ้ม	O
ยิ้ม	O
แฉ่ง	O
_	O
มา	O
พร้อม	O
กับ	O
เมน	O
ของ	O
ตัวเอง	O
ใน	O
ปะดิ้ว	NORM_1WORD
_	O
แคปชั่น	NORM_1WORD
ก็	O
ค่ด	NORM_1WORD
น่ารัก	O
น่าเอ็นดู	O
_	O
มา	O
อวด	O
ว่า	O
ให้	O
ของ	O
เมน	O
ตัวเอง	O
_	O
งุ๊ยๆๆ	NORM_1WORD
_	O
หยัก	NORM_1WORD
หอม	O
หัว	O
คนดี	O
คนเก่ง	O
ของ	O
คูม	NORM_1WORD
แม่	O
จังเล๊ยยยย	NORM_1WORD
_	O
องค์	O
หญิง	O
น้อย	O
ของ	O
พิ	NORM_1WORD
_	O
#JennisBNK48	O
_	O
#BNK48	O

เช้า	O
นี้	O
บางกะปิ	O
โหด	O
มาก	O
_	O
พอ	O
ถึง	O
เวลา	O
ห้าง	O
เปิด	O
ประตู	O
_	O
คง	O
แทบ	O
พัง	O
แน่ๆ	NORM_2WORD
_	O
อย่างไร	O
ช่วย	O
ระวัง	O
_	O
เป็น	O
ระเบียบ	O
_	O
กัน	O
ด้วย	O
ครับ	O
โอตะ	O
และ	O
โอชิ	O
ทั้ง	O
หลาย	O
_	O
อย่า	O
รบกวน	O
_	O
ลูกค้า	O
ที่	O
มา	O
เดิน	O
เที่ยว	O
ห้าง	O
_	O
เพื่อ	O
น้องๆ	NORM_2WORD
_	O
#BNK48	O
_	O
ของ	O
_	O
พวกเรา	O
นะ	O
ครับ	O
.....	O
ป.ล.	O
วันนี้	O
ห้องน้ำ	O
/	O
ร้านอาหาร	O
_	O
ทั้ง	O
หลาย	O
มี	O
คิว	O
ยาว	O
_	O
ของ	O
ก็	O
คง	O
หมด	O
สต็อค	NORM_1WORD
_	O
อย่างไร	O
ก็	O
_	O
ใจเย็นๆ	NORM_2WORD
_	O
กัน	O
นะ	O
ครับ	O

อยู่	O
เกาหลี	O
ค่ะ	O
_	O
แต่	O
เคย	O
อ่าน	O
นิยาย	O
สมัย	O
อยู่	O
ม.	NORM_1WORD
ปลาย	O
_	O
พอ	O
ได้	O
ดู	O
ผลงาน	O
ของ	O
ลี	O
_	O
ก้อ	NORM_1WORD
ติดตาม	O
จน	O
มี	O
ข่าว	O
ว่า	O
เล่น	O
ซีรีย์	NORM_1WORD
_	O
ก้อ	NORM_1WORD
ได้	O
รู้จัก	O
นักเขียน	O
และ	O
อยาก	O
ได้	O
ไว้	O
อ่าน	O
และ	O
เก็บ	O
สะสม	O
เลย	O
ที	O
เดียว	O
_	O
นิยาย	O
เล่ม	O
นี้	O
ทำ	O
ให้	O
นึก	O
ถึง	O
ตอน	O
เป็น	O
นักเรียน	O
ม.	NORM_1WORD
ปลาย	O
ที่	O
อ่าน	O
นิยาย	O
ได้	O
เป็น	O
เล่มๆ	O
มาก	O
กว่า	O
หนังสือ	O
เรียน	O
เห็น	O
โอปป้า	NORM_1WORD
ทุก	O
วัน	O
ก้อ	NORM_1WORD
นึก	O
ถึง	O
ม่อน	O
กับ	O
ลี	O
ตลอด	O
เลย	O

มีน	O
_	O
กลับ	O
มา	O
หา	O
พี่	O
หา	O
พี่	O
_	O
พี่	O
ให้	O
โอกาส	O
มีน	O
_	O
มีน	O
ก็	O
ดีใจ	O
นะ	O
ค่ะ	O
_	O
แต่	O
มีน	O
คง	O
จะ	O
เห็นแก่ตัว	O
_	O
ต่อไป	O
อีก	O
ไม่	O
ได้	O
_	O
ถ้า	O
พี่	O
ไม่	O
รัก	O
มีน	O
แล้ว	O
_	O
มีน	O
ก็	O
ขอ	O
ให้	O
พี่	O
ไป	O
หา	O
หัวใจ	O
ของ	O
พี่	O
เถอะ	O
ค่ะ	O
_	O
มีน	O
_	O
ขอโทษ	O
สำหรับ	O
ทุก	O
สิ่ง	O
ที่	O
ทำร้าย	O
พี่	O
_	O
มีน	O
_	O
พี่	O
ขอโทษ	O
นะ	O
ที่	O
ทำ	O
ให้	O
มี	O
รู้สึก	O
ไม่	O
ดี	O
_	O
พี่	O
ขอ	O
เวลา	O
ให้	O
ตัวเอง	O
สัก	O
พัก	O
นะ	O
_	O
ให้	O
พี่	O
ได้	O
_	O
คิด	O
ทบทวน	O
ตัวเอง	O
_	O
พี่	O
ขอบคุณ	O
นะ	O

อยาก	O
เป็น	O
นอร์ธ	O
เพราะ	O
นอร์ธ	O
เป็น	O
คน	O
ที่	O
มี	O
นิสัย	O
ดี	O
_	O
อัธยาศัย	O
ดี	O
_	O
เป็น	O
คน	O
ที่	O
ชิลๆ	NORM_2WORD
อะไร	O
ก็	O
ได้	O
_	O
และ	O
ที่	O
สำคัญ	O
นอร์ท	O
เป็น	O
แฟน	O
ที่	O
โจฮัน	O
_	O
ฮิๆ	NORM_2WORD
_	O
คิด	O
ว่า	O
ตัวเอง	O
เหมือน	O
นอร์ธ	O
เพราะ	O
หนู	O
เป็น	O
คน	O
ยังไง	O
ก็	O
ได้	O
_	O
ถ้า	O
อีกฝ่าย	O
สบายใจ	O
_	O
และ	O
หนู	O
โกรธ	O
คน	O
อยาก	NORM_1WORD
มาก	O
_	O
จะ	O
ใช่	O
เหตุการณ์	O
ตอน	O
ไป	O
ดู	O
แสงเหนือ	O
ค่ะ	O
เพราะ	O
ตื่นเต้น	O
ดี	O
ได้	O
ไป	O
กับ	O
คน	O
ที่	O
เรา	O
รัก	O
ด้วย	O
_	O
#	O
โจฮัน	O
นอร์ธ	O

ส่ง	O
ต่อ	O
สภาพ	O
ดี	O
มาก	O
นะ	O
คะ	O
_	O
ใหม่	O
มาก	O
ไม่	O
มี	O
รอย	O
เขียน	O
ทุก	O
เล่ม	O
_	O
สนใจ	O
DM	O
มา	O
ได้	O
เลย	O
จ้า	O
_	O
99	O
_	O
ทุก	O
เล่ม	O
นะ	O
_	O
ยกเว้น	O
_	O
มินนะ	O
_	O
199	O
_	O
จ้า	O
_	O
#หนังสือมือสอง	O
_	O
#มินนะโนะ	O
_	O
#onet	O
_	O
#	O
ไทย	O
_	O
#	O
ภาษา	O
ไทย	O
_	O
#gatpat	O
_	O
#gateng	O
_	O
#แกทอิ้ง	O
_	O
#ส่งต่อ	O
_	O
#หนังสือ	O
ญี่ปุ่น	O
_	O
#	O
ญี่ปุ่น	O
_	O
#งานสัปดาห์หนังสือ	O
_	O
#หนังสือเรียน	O
_	O
#ตามหาเล่มนี้	O
_	O
#อยากขาย	O
_	O
#dek62	O
_	O
#dek63	O
_	O
#Dek64	O

My	O
_	O
secret	O
_	O
romance	O
_	O
เป็น	O
เรื่อง	O
ที่	O
ทำให้	O
จีอึน	O
มี	O
ชื่อเสียง	O
เยอะ	O
ขึ้น	O
มากๆ	NORM_2WORD
_	O
ทั้ง	O
นี้	O
_	O
จีอึน	O
ได้	O
เจอ	O
กับ	O
ผู้กำกับ	O
เพราะ	O
นาง	O
ไป	O
นั่ง	O
เฝ้า	O
ฮโยซอง	O
ที่	O
กอง	O
ตอน	O
ตี	O
1	O
(	O
ถึง	O
จะ	O
ตี	O
1	O
นาง	O
ก็	O
แต่งหน้า	O
ไป	O
ฮะ	O
)	O
_	O
ผกก.	NORM_1WORD
เห็น	O
จีอึน	O
แล้ว	O
คิด	O
ว่า	O
จีอึน	O
เข้าใจ	O
ความเหงา	O
ของ	O
ยูมี	O
_	O
จึง	O
ถาม	O
ชื่อ	O
จีอึน	O
และ	O
ได้	O
มา	O
เป็น	O
_	O
อียูมี	O
_	O
MSR	O
_	O
ใน	O
ทุก	O
วัน	O
นี้	O
ค่ะ	O
_	O
/	O
/	O
แนบ	O
รูป	O
ลีด	O
ใน	O
กอง	O

ทำไม	O
แพ้ทาง	O
ผู้ชาย	O
แบบ	O
พิ	NORM_1WORD
จงแด	O
_	O
-	O
_	O
ไม่	O
เคย	O
รู้สึก	O
ว่า	O
ผู้ชาย	O
คน	O
ไหน	O
ดี	O
จน	O
เรา	O
ไม่	O
อาจ	O
แตะต้อง	O
ได้	O
ขนาด	O
นั้น	O
เลย	O
อะ	O
_	O
จน	O
มา	O
เจอ	O
พิ	NORM_1WORD
จงแด	O
เนี่ยแหละ	NORM_1WORD
_	O
เขา	O
ดี	O
เกิน	O
ไป	O
_	O
น่ารัก	O
_	O
ตอน	O
เด็ก	O
คุณ	O
แม่	O
ให้	O
กิน	O
ไมโครเวฟ	O
เป็น	O
อาหาร	O
หรอ	NORM_1WORD
_	O
ทำไม	O
ต้อง	O
อบอุ่น	O
เบอร์	O
นั้น	O
อะ	O
_	O
นี่	O
คิด	O
ว่า	O
แฟน	O
พิ	NORM_1WORD
จงแด	O
ต้อง	O
เป็น	O
คน	O
เรียบร้อย	O
และ	O
น่ารัก	O
มากๆ	NORM_2WORD
แน่	O
_	O
.	O
_	O
.	O
_	O
.	O
_	O
.	O
_	O
.	O
_	O
.	O
_	O
.	O
_	O
เช่น	O
พิ	NORM_1WORD
หมิน	O

พูด	O
ถึง	O
นิยาย	O
ที่	O
มี	O
แค่	O
บทสนทนา	O
แล้ว	O
มัน	O
ก็	O
ไม่	O
ได้	O
มา	O
ใน	O
รูปแบบ	O
จอย	O
(	O
แชต	NORM_1WORD
)	O
เสมอ	O
ไป	O
_	O
ก่อน	O
จะ	O
มี	O
จอย	O
ก็	O
เคย	O
เห็น	O
คนแต่ง	O
แบบ	O
มี	O
แค่	O
บทสนทนา	O
กัน	O
เยอะแยะ	O
_	O
แต่	O
พอ	O
มัน	O
มี	O
ที่	O
รวบรวม	O
แล้ว	O
ก็	O
งง	O
เหมือน	O
กัน	O
ว่า	O
ทำไม	O
จู่ๆ	O
ถึง	O
โดน	O
บ่น	O
_	O
ป.ล.	O
_	O
จะ	O
เหมารวม	O
ว่า	O
จอย	O
=	O
แชต	NORM_1WORD
ก็	O
ไม่	O
ได้	O
_	O
เพราะ	O
คนเขียน	O
แบบ	O
คุย	O
กัน	O
สดๆ	O
ก็	O
มี	O
_	O
บรรยาย	O
แทรก	O
(	O
ซึ่ง	O
ดู	O
ผิด	O
วัตถุประสงค์	O
)	O
ก็	O
มี	O
_	O
555	O

คน	O
นี้	O
หลับ	O
ยาว	O
มาก	O
จริงๆ	NORM_2WORD
ครับ	O
_	O
แต่	O
ก็ดี	O
แล้ว	O
นะ	O
นอน	O
พักผ่อน	O
ให้	O
เพียงพอ	O
_	O
จริงๆ	NORM_2WORD
แอบ	O
คิดถึง	O
ด้วย	O
ครับ	O
ไม่	O
ได้	O
ตอบ	O
เมน	O
ยาวๆ	NORM_2WORD
เลย	O
_	O
แอบ	O
เหงา	O
แปลกๆ	NORM_2WORD
เลย	O
พอ	O
คุณ	O
ไม่	O
มา	O
ตอบ	O
แต่	O
เห็น	O
แบบ	O
นี้	O
ก็	O
หายห่วง	O
เลย	O
ครับ	O
_	O
ทาง	O
นี้	O
สลบ	O
ตั้งแต่	O
ช่วง	O
ตี	O
สอง	O
ได้	O
เลย	O
ครับ	O
_	O
แต่	O
ตอน	O
นี้	O
แอบ	O
ตื่น	O
มา	O
พัก	O
นึง	NORM_1WORD
ว่า	O
จะ	O
นอน	O
ต่อ	O
เพราะ	O
อยาก	O
ตื่น	O
สาย	O
_	O
คน	O
ทาง	O
นั้น	O
นอน	O
ไป	O
ยัง	NORM_1WORD
ครับ	O
ตื่น	O
สาย	O
ไหม	O
นะ	O

จะ	O
มี	O
แฟน	O
สัก	O
กี่	O
คน	O
ที่	O
เข้าใจ	O
การชอบ	O
BNK	O
ของ	O
เรา	O
ทั้ง	O
ที่	O
เค้า	NORM_1WORD
ไม่	O
ได้	O
ชอบ	O
วง	O
นี้	O
_	O
เรา	O
โคตร	O
รู้สึก	O
โชคดี	O
เลย	O
_	O
เค้า	NORM_1WORD
ทั้ง	O
ไป	O
รอ	O
เรา	O
ใน	O
งาน	O
จับ	O
มือ	O
_	O
ไป	O
เดิน	O
เทรด	O
เดิน	O
ซื้อ	O
รูป	O
คามิ	O
เรา	O
จบ	O
ครบ	O
คอมพ์	O
_	O
คอย	O
ตาม	O
ข่าว	O
อัพเดต	NORM_1WORD
ให้	O
ตลอด	O
_	O
คอย	O
เซฟ	O
รูป	O
ที่	O
เรา	O
ไม่	O
มี	O
_	O
ขอบคุณ	O
มาก	O
นะ	O
_	O
ที่	O
เข้าใจ	O
ใน	O
ความชอบ	O
ของ	O
เรา	O
_	O
coconuthunterTH	O
_	O
#Bnk48HandShakeEvent	O
_	O
#BNK48	O

(	O
ไม่	O
เชิง	O
)	O
รีวิว	O
_	O
#BNK48StarKeeper	O
_	O
(	O
3	O
)	O
_	O
-	O
_	O
บอส	O
ที่	O
เจอ	O
มา	O
แล้ว	O
ชอบ	O
ที่สุด	O
_	O
(	O
รู้สึก	O
ว่า	O
ความยาก	O
กำลัง	O
พอดีๆ	O
_	O
ให้	O
ดู	O
_	O
Challenge	O
_	O
แบบ	O
ไม่	O
หงุดหงิด	O
)	O
_	O
คือ	O
_	O
บอส	O
ที่	O
หน้าตา	O
เหมือน	O
นก	O
_	O
มี	O
ปล่อย	O
สายฟ้า	O
ได้	O
_	O
(	O
Capricon	O
_	O
มั้ง	NORM_1WORD
ไม่	O
แน่ใจ	O
)	O
_	O
-	O
_	O
ขอ	O
เสียง	O
กับ	O
_	O
display	O
_	O
กัปตัน	O
ยาน	O
เพิ่ม	O
ได้	O
ไหม	O
อ่ะ	NORM_1WORD
_	O
555	O
_	O
(	O
อัน	O
นี้	O
โยง	O
กับ	O
ข้อ	O
แรก	O
สุด	O
เลย	O
)	O
_	O
(	O
จบ	O
)	O
_	O
#BNK48	O

ถ้า	O
พูด	O
ถึง	O
ชาย	O
ใน	O
ฝัน	O
นี่	O
_	O
ก็	O
คง	O
ประมาณ	O
พระเอก	O
นิยาย	O
แจ่มใส่	O
อ่ะ	NORM_1WORD
_	O
คง	O
เป็น	O
คน	O
ที่	O
สมบูรณ์	O
แบบ	O
ไป	O
หมด	O
เลย	O
_	O
แต่	O
แบบ	O
นั้น	O
ไม่	O
เอา	O
หรอก	O
_	O
ขอ	O
คน	O
ธรรมดาๆ	NORM_2WORD
_	O
อืมมมม	NORM_1WORD
เออ	O
นั้น	O
แหละ	O
_	O
ไม่	O
รู้	O
จะ	O
พิม	NORM_1WORD
ไร	O
ต่อ	O
ดี	O
คิด	O
ไม่	O
ออก	O
_	O
จน	O
กว่า	O
จะ	O
ลิมิต	O
นี้	O
ก็	O
นาน	O
เหมือนกัน	O
เนอะ	O
55555555	O
_	O
กู	O
จะ	O
พิม	NORM_1WORD
ไร	O
ต่อ	O
ดี	O
วะ	O
ครุ่นคริส	NORM_1WORD
เมื่อไร	O
จะ	O
ลิมิต	O
ลิมิต	O
ดิ	O
วะ	O
อีก	O
นิด	O
อี	O
เหี้ย	O
จะ	O
หมด	O
แล้วววววว	NORM_1WORD

ถ้า	O
สาม	O
พยางค์	O
_	O
น่ารัก	O
มาก	O
_	O
ตอบ	O
_	O
30	O
.	O
_	O
ก่อน	O
_	O
ดู	O
ปาก	O
นัชชา	O
นะ	O
คะ	O
_	O
ไม่	O
มี	O
วัน	O
_	O
29	O
.	O
_	O
รีวิว	O
น้อง	O
มาร์คลี	O
_	O
เด็ก	O
ที่	O
น่ารัก	O
ที่สุด	O
ใน	O
จักรวาล	O
_	O
เมน	O
แต่ละ	O
คน	O
ชั้น	NORM_1WORD
น่ารัก	O
ก็	O
จริง	O
_	O
แต่	O
คน	O
นี้	O
คือ	O
ที่สุด	O
แล้ว	O
_	O
น้อง	O
ไม่	O
ใช่	O
แค่	O
หน้าตา	O
น่ารัก	O
_	O
คือ	O
น้อง	O
น่ะ	O
หน้าตา	O
ดี	O
หุ่น	O
ดี	O
_	O
แต่	O
ที่	O
ทำให้	O
น้อง	O
น่ารัก	O
มากๆ	NORM_2WORD
คือ	O
นิสัย	O
_	O
ความเป็น	O
เด็ก	O
_	O
3	O
_	O
ขวบ	O
_	O
เด็ก	O
ขี้อาย	O
ที่	O

ไมค์	O
นั่ง	O
ที่	O
ชิงช้า	O
ตัว	O
ข้างๆ	NORM_2WORD
_	O
เริ่ม	O
คุย	O
และ	O
หัวเราะ	O
_	O
โดย	O
ไม่	O
รู้	O
ว่า	O
คน	O
อื่น	O
มอง	O
อยู่	O
ไกลๆ	NORM_2WORD
แล้ว	O
เห็น	O
ไมค์	O
พูด	O
อยู่	O
คนเดียว	O
_	O
บาง	O
คน	O
คิด	O
ว่า	O
น่าสงสาร	O
_	O
เขา	O
คง	O
จะ	O
เหงา	O
มาก	O
_	O
บาง	O
คน	O
ก็	O
ว่า	O
เออ	O
_	O
ประสาท	O
รึ	O
เปล่า	O
นะ	O
_	O
ฯลฯ	O
_	O
นานา	O
จิต	O
ตัง	O
_	O
พวก	O
ดัสติน	O
ก็	O
ดู	O
อยู่	O
ห่างๆ	NORM_2WORD
_	O
มี	O
แอบ	O
นินทา	O
กัน	O
ว่า	O
เด็ก	O
ใหม่	O
ดู	O
แปลกๆ	NORM_2WORD
จัง	O
เนอะ	O
_	O
ลูคัส	O
บอก	O
_	O
ไม่	O
ได้	O
ดู	O
แปลก	O
อะ	O
_	O
แต่	O
ดู	O
บ้า	O
ไป	O
เลย	O

สารภาพ	O
ว่า	O
เปน	NORM_1WORD
คน	O
ที่	O
ชอบ	O
คน	O
ง่าย	O
แต่	O
เลิก	O
ชอบ	O
ยาก	O
_	O
แล้ว	O
สเปค	NORM_1WORD
คือ	O
ชอบ	O
คน	O
ที่	O
ลุค	O
มาก	O
กว่า	O
หน้าตา	O
_	O
แล้ว	O
ถ้า	O
เกิด	O
มี	O
คน	O
ชง	O
ให้	O
ชอบ	O
คน	O
นู้น	O
คน	O
นี้	O
คือ	O
จบ	O
_	O
ทำไม	O
ชั้น	NORM_1WORD
ต้อง	O
ชอบ	O
ตาม	O
ที่	O
มี	O
คน	O
บอก	O
ด้วย	O
_	O
จาก	O
ที่	O
อาจ	O
จะ	O
มอง	O
คือ	O
ไม่	O
มอง	O
เลย	O
_	O
จาก	O
สเปค	NORM_1WORD
ที่	O
พิม	NORM_1WORD
มา	O
คือ	O
ชอบ	O
มาก	O
เลย	O
ว่ะ	O
_	O
ที่	O
คะแนน	O
เยอะๆ	O
เค้า	NORM_1WORD
มี	O
หมด	O
เลย	O
แปลกๆ	O
แต่	O
กุ	NORM_1WORD
ชอบ	O
อะ	NORM_1WORD
งง	O
ปะ	NORM_1WORD
_	O
ถถถ	O
_	O
ก้	NORM_1WORD
คือ	O
กุ	NORM_1WORD
เหงา	O
มาก	O
_	O
จบ	O
ละ	O
จ้า	NORM_1WORD

ตัว	O
เรา	O
เอง	O
ไม่	O
ได้	O
อะไร	O
ใคร	O
อยู่แล้ว	O
เปิดใจ	O
รับ	O
ทุก	O
คน	O
พร้อม	O
จะ	O
เรียนรู้	O
กับ	O
มบ.	NORM_1WORD
ทุก	O
คน	O
_	O
พอ	O
เวลา	O
ผ่าน	O
ไป	O
ค่อยๆ	O
รู้จัก	O
เจ้า	O
พวก	O
นี้	O
ผ่าน	O
รายการ	O
_	O
ก็	O
รู้สึก	O
ว่า	O
อืม	O
ดี	O
จัง	O
ขอบคุณ	O
ทุก	O
อย่าง	O
ที่	O
ทำ	O
ให้	O
พวก	O
เขา	O
5	O
คน	O
เด	NORM_1WORD
ด้วย	O
เหมือน	O
เป็น	O
ครอบครัว	O
กัน	O
จริงๆ	NORM_2WORD
เลย	O
_	O
และ	O
ก็	O
ชอบ	O
ความใส่ใจ	O
ของ	O
ทุก	O
คน	O
ที่	O
มี	O
ให้	O
กัน	O
อ่ะ	O
มัน	O
น่ารัก	O
จริงๆ	NORM_2WORD
_	O
บวก	O
กับ	O
ใส่ใจ	O
แฟนคลับ	O
ด้วย	O

เปง	NORM_1WORD
รร	NORM_1WORD
ที่	O
น่าอยู่	O
อ่ะ	NORM_1WORD
_	O
ครู	O
คือ	O
น่ารัก	O
_	O
ใจดี	O
เว่อร์	O
_	O
เพื่อน	O
ก็ดี	O
ไป	O
อีก	O
_	O
เป็น	O
การเรียน	O
ที่	O
ไม่	O
น่าเบื่อ	O
อ่ะ	NORM_1WORD
_	O
แต่	O
ไม่	O
รู้	O
เปิด	O
เทอม	O
จะ	O
ยัง	O
เหมือนเดิม	O
มั้ย	NORM_1WORD
_	O
ให้	O
คุกกี้	O
ทำนาย	O
กัน	O
นะคะ	O
555555	O
_	O
วัน	O
แรก	O
ก็	O
เหงาๆ	NORM_2WORD
แหละ	O
_	O
แต่	O
ตอน	O
นี้	O
คือ	O
เริ่ม	O
ไม่	O
อยาก	O
กลับ	O
บ้าน	O
ละ	NORM_1WORD
_	O
ปล.	O
กลับ	O
ไป	O
นี่	O
น่าจะ	O
ผอม	O
_	O
เพราะ	O
กิน	O
ข้าว	O
น้อย	O
+	O
ออกกำลังกาย	O
ทุก	O
วัน	O
_	O
หึๆ	NORM_2WORD
_	O
มา	O
ลุ้น	O
กัน	O
นะคะ	O

อาจ	O
พูด	O
ได้	O
ว่า	O
แผ่นดิน	O
จงหยวน	O
กว้างใหญ่	O
ผู้คน	O
มากมาย	O
_	O
จึง	O
ไม่	O
แปลก	O
ที่	O
จะ	O
ได้	O
เห็น	O
นิยาย	O
วาย	O
มาก	O
หน้า	O
หลาย	O
ประเภท	O
_	O
แต่	O
คุณ	O
คะ	O
ไม่	O
ใช่	O
แค่	O
ค.หลากหลาย	O
ของ	O
ประเภท	O
นิยาย	O
_	O
แต่	O
ค.แข็งแรง	O
ของ	O
_	O
plot	O
_	O
การเดิน	O
_	O
storyline	O
_	O
ที่	O
สุดยอด	O
_	O
มัน	O
คือ	O
สิ่ง	O
ที่	O
หา	O
ได้	O
ยาก	O
ใน	O
ไทย	O
_	O
และ	O
ค.ลุ่มลึก	O
ค.มี	O
กึ๋น	O
ของ	O
บท	O
อ่ะ	NORM_1WORD
_	O
ไม่ใช่	O
เล่น	O
ง่าย	O
เฉลย	O
ง่าย	O
เป็น	O
อกธรณี	O
ช่อง	O
7	O

อ่าน	O
เงื่อนไข	O
การเข้า	O
งาน	O
มีต	O
ที่	O
โซล	O
แล้ว	O
_	O
เห็นใจ	O
คน	O
ที่	O
ซื้อ	O
บัตร	O
ต่อ	O
จาก	O
คน	O
อื่น	O
เลย	O
_	O
ต้อง	O
ลุ้น	O
ว่า	O
คน	O
ขาย	O
เค้า	NORM_1WORD
จะ	O
ยอม	O
ให้	O
หลักฐาน	O
เพื่อ	O
ยื่น	O
เข้า	O
งาน	O
มั้ย	NORM_1WORD
_	O
ถ้า	O
ซื้อ	O
ต่อ	O
แบบ	O
ไม่	O
มี	O
หลักฐาน	O
ใดๆ	NORM_2WORD
_	O
ก็	O
ต้อง	O
วัด	O
ดวง	O
อย่าง	O
แรง	O
_	O
สาธุ	O
บุญ	O
เด้อ	O
ที่	O
กด	O
ได้	O
_	O
แม้	O
ที่นั่ง	O
จะ	O
เฉียด	O
ไป	O
ทาง	O
ดู	O
หลังคา	O
มาก	O
กว่า	O
_	O
AB6IX	O
_	O
ก็	O
เหอะ	O
_	O
จุด	O
นี้	O
ต้อง	O
ยอม	O
ล่ะ	O
_	O
#AB6IXinSeoul	O

ตอน	O
ที่	O
ดิ่ง	O
ที่	O
น่ากลัว	O
ที่สุด	O
เลย	O
อะ	O
_	O
เรา	O
จะ	O
มอง	O
ไม่	O
เห็น	O
ใคร	O
เลย	O
นะ	O
ตอน	O
นั้น	O
_	O
แบบ	O
มอง	O
ไป	O
ทาง	O
ไหน	O
ก็	O
มืด	O
หมด	O
_	O
คิด	O
ว่า	O
ไม่	O
มี	O
ใคร	O
รัก	O
+	O
ไม่	O
เหลือ	O
ใคร	O
_	O
ตอน	O
นั้น	O
คำถาม	O
อยู่	O
ใน	O
หัว	O
คำถาม	O
แรก	O
เลย	O
คือ	O
_	O
แล้ว	O
เรา	O
อยู่	O
ต่อ	O
ไป	O
อีก	O
ทำไม	O
_	O
ใน	O
เมื่อ	O
ไม่	O
มี	O
ใคร	O
รัก	O
เรา	O
แล้ว	O
_	O
มัน	O
แบบ	O
ไม่	O
ไหว	O
จริงๆ	NORM_2WORD
_	O
แล้ว	O
มัน	O
ก็	O
วนๆ	O
อยู่	O
ใน	O
หัว	O
ตลอด	O
อะ	O
_	O
ความรู้สึก	O
แบบ	O
นี้	O
มัน	O
แย่	O
จริงๆ	NORM_2WORD
นะ	O

Gue	O
_	O
selalu	O
_	O
beranggapan	O
_	O
bahwa	O
_	O
kehadiran	O
_	O
BNK48	O
_	O
bagus	O
_	O
untuk	O
_	O
JKT48.	O
_	O
Supaya	O
_	O
kita	O
_	O
di	O
_	O
sini	O
_	O
sadar	O
_	O
bahwa	O
_	O
ada	O
_	O
yang	O
_	O
harus	O
_	O
diubah.	O
_	O
BNK48	O
_	O
maju	O
_	O
dengan	O
_	O
cepat	O
_	O
di	O
_	O
saat	O
_	O
JKT48	O
_	O
sedang	O
_	O
turun.	O
_	O
Kita	O
_	O
harusnya	O
_	O
mendukung	O
_	O
kedua	O
_	O
pihak	O
_	O
dengan	O
_	O
baik.	O
_	O
Kita	O
_	O
harus	O
_	O
puji	O
_	O
BNK48	O
_	O
dan	O
_	O
dukung	O
_	O
JKT48	O
_	O
untuk	O
_	O
bangkit	O
_	O
lagi.	O

ข่าว	O
แบบ	O
นี้	O
_	O
มี	O
เป็นประจำ	O
_	O
ใน	O
ประเทศ	O
นี้	O
_	O
โดย	O
ไม่	O
มี	O
การแก้ไข	O
หรือ	O
ปรับปรุง	O
_	O
ข่าว	O
งานก่อสร้าง	O
_	O
แล้ว	O
เกิด	O
อุบัติเหตุ	O
_	O
พนักงาน	O
เสียชีวิต	O
_	O
ก็	O
ไม่	O
ต่าง	O
อะไร	O
เช่นกัน	O
_	O
ข่าว	O
แบบ	O
นี้	O
_	O
มัน	O
จะ	O
ไม่	O
เกิดขึ้น	O
เลย	O
ใน	O
ประเทศ	O
ญี่ปุ่น	O
เลย	O
_	O
หรือ	O
มี	O
ก็	O
ก็	O
น้อย	O
มาก	O
ที่สุด	O
_	O
แต่	O
ของ	O
ประเทศ	O
ไทย	O
_	O
มี	O
แทบ	O
ทุกวัน	O
_	O
หน่วยงาน	O
ที่	O
เกี่ยวข้อง	O
_	O
ไม่	O
เคย	O
ใส่ใจ	O
เลย	O
...	O

นี่	O
ว่า	O
น้อง	O
_	O
rap	O
_	O
น่าสนใจ	O
นะ	O
_	O
เหมือน	O
จะ	O
ศึกษา	O
สไตล์	O
ผิวสี	O
พอสมควร	O
_	O
ดู	O
จาก	O
เพลง	O
ที่	O
เลือก	O
มา	O
ใช้	O
_	O
showcase	O
_	O
หรือ	O
เพลง	O
ที่	O
ชอบ	O
ฟัง	O
_	O
มัน	O
เป็น	O
โจทย์	O
อ่ะ	NORM_1WORD
_	O
น้อง	O
ต้อง	O
หา	O
ลายเซ็นต์	NORM_1WORD
ใน	O
วิธี	O
การแร็ป	NORM_1WORD
ของ	O
ตัวเอง	O
ให้	O
เจอ	O
_	O
ย่ะๆๆ	NORM_1WORD
_	O
เป็น	O
ก้าว	O
แรก	O
ขั้น	O
ทดลอง	O
_	O
ระยะ	O
ยาว	O
คง	O
ไม่	O
ดี	O
_	O
หลังจาก	O
นี้	O
ต้อง	O
ปรับ	O
โหมด	O
มา	O
เน้น	O
เรื่อง	O
การออกเสียง	O
กับ	O
สไตล์	O
ให้	O
โหด	O
กว่า	O
นี้	O

พูด	O
ง่ายๆ	NORM_2WORD
เรียน	O
จริง	O
เขา	O
คิด	O
ไว้	O
แล้ว	O
ว่า	O
ที่	O
คุณ	O
สอบ	O
เข้า	O
มา	O
เพราะ	O
ใจ	O
รัก	O
_	O
หรือ	O
มี	O
พื้นฐาน	O
มา	O
บ้าง	O
แล้ว	O
_	O
เขา	O
ทบทวน	O
พื้นฐาน	O
แค่	O
นิดหน่อย	O
แล้ว	O
ยัด	O
เนื้อหา	O
_	O
สถ.	O
ใส่	O
เลย	O
_	O
ซึ่ง	O
ไอ้	O
ที่	O
ออกข้อสอบ	O
ไม่	O
ค่อย	O
มี	O
สอน	O
นะ	O
_	O
หรือ	O
แทบ	O
ไม่	O
มี	O
เลย	O
_	O
ขนาด	O
ความหมาย	O
ของ	O
สี	O
ยัง	O
เรียน	O
เลคเชอร์	O
แค่	O
_	O
ชม.	O
เดียว	O
_	O
นอก	O
นั้น	O
คือ	O
การจัด	O
บาลานซ์	O
เฉด	O
สี	O
_	O
และ	O
นศ.	O
ต้อง	O
หา	O
ข้อมูล	O
เอง	O

#เรื่องมันช่างน่าอาย	O
_	O
#เรื่องมันน่าอาย	O
_	O
คือ	O
วัน	O
นั้น	O
อยาก	O
กิน	O
ข้าว	O
ไก่	O
อบ	O
_	O
ก็	O
เลย	O
จะ	O
ไป	O
ซื้อ	O
_	O
แดด	O
มัน	O
ร้อน	O
ก็	O
กาง	O
ร่ม	O
_	O
พอ	O
เดิน	O
ไป	O
ถึง	O
ร้าน	O
ข้าว	O
ไก่	O
อบ	O
_	O
อิ	O
ฉัน	O
ก็	O
สั่ง	O
เลย	O
ค่ะ	O
_	O
เอา	O
ข้าว	O
ไก่	O
กระเทียม	O
_	O
ไม่	O
ผัก	O
_	O
กล่อง	O
นึง	NORM_1WORD
ค่ะ	O
_	O
เดี๋ยว	O
กลับ	O
มา	O
เอา	O
นะ	O
คะ	O
_	O
เดิน	O
ออก	O
จาก	O
ร้าน	O
ปุ้บ	O
_	O
เอ้า	O
_	O
มา	O
กี้	O
สั่ง	O
ข้าว	O
ไก่	O
กระเทียม	O
หรอ	O
วะ	O
_	O
งง	O
กะ	O
ตอ	O
.	O
_	O
โชคดี	O
มี	O
ร่ม	O
บัง	O
_	O
5555	O

บอก	O
แม่	O
ทำ	O
มือ	O
แบบที่	O
เขา	O
กำลัง	O
ฮิต	O
ทำ	O
กัน	O
ดิ	NORM_1WORD
ถาม	O
แม่	O
ทำ	O
ได้	O
ไหม	O
แม่	O
ตอบ	O
อย่าง	O
มั่นใจ	O
แม่	O
เหน	NORM_1WORD
แล้ว	O
ที่	O
เขา	O
ฮิต	O
ทำ	O
กัน	O
ใช่	O
ไหม	O
แม่	O
ดู	O
ละ	NORM_1WORD
มือ	O
ไอ	NORM_1WORD
คน	O
ทำ	O
มัน	O
ไม่	O
สมประกอบ	O
มัน	O
เลย	O
ทำ	O
ได้	O
กุ	NORM_1WORD
นี้	NORM_1WORD
ยืน	O
ขำ	O
ชิบหาย	NORM_1WORD
แม่	O
หนู	O
ก้	NORM_1WORD
ทำ	O
ได้	O
ไม่	O
ใช่	O
มือ	O
เขา	O
ไม่	O
สมประกอบ	O
นี้	NORM_1WORD
เลย	O
ทำให้	O
แม่	O
ดู	O
แม่	O
เลย	O
บอก	O
อ้าว	O
หร่อ	NORM_1WORD
สงสัย	O
ฉัน	O
ไม่	O
สนใจ	O
มัน	O
แน่	O
เลย	O
_	O
กลบเกลื่อน	O
_	O
#เรื่องมันช่างน่าอาย	O

รีวิว	O
ชาอึนอู	O
_	O
ว่า	O
ด้วย	O
เรื่อง	O
ชาอึนอู	O
ใน	O
คอนเสิร์ต	O
เมื่อ	O
วาน	O
แล้ว	O
_	O
คือ	O
เดิน	O
มา	O
โซน	O
เรา	O
บ่อย	O
มาก	O
_	O
(	O
เรา	O
อยู่	O
A1	O
)	O
_	O
น่ารัก	O
มาก	O
_	O
เซอร์วิส	O
แฟนๆ	NORM_2WORD
ดี	O
มากๆ	NORM_2WORD
เลย	O
คน	O
นี้	O
_	O
อะโรฮ่า	O
บอก	O
ให้	O
ทำ	O
อะไร	O
ทำ	O
หมด	O
_	O
เอะอะ	O
นั่ง	O
คุย	O
กับ	O
อะโฮ่า	NORM_1WORD
ตลอด	O
555555	O
_	O
ยิ้ม	O
ที	O
โลก	O
ละลาย	O
เลย	O
_	O
ใน	O
ซีรี่ย์	NORM_1WORD
หล่อ	O
มาก	O
แค้	NORM_1WORD
ไหน	O
_	O
ตัว	O
จริง	O
คือ	O
หล่อ	O
กว่า	O
มากๆ	NORM_2WORD
เลย	O
_	O
เหมือน	O
เทพบุตร	O
จริงๆ	NORM_2WORD
อ่ะ	NORM_1WORD
ทุก	O
คน	O

ใน	O
นิยาย	O
เพราะ	O
นางเอก	O
ข้าม	O
เวลา	O
มา	O
เลย	O
เห็น	O
ความดี	O
และ	O
ความน่ารัก	O
ของ	O
พระเอก	O
_	O
ถ้า	O
นางเอก	O
ไม่	O
ได้	O
ข้าม	O
เวลา	O
มา	O
เรา	O
ว่า	O
เดียว	O
คง	O
เลือก	O
ชาลี	O
แต่	O
คง	O
คบ	O
กัน	O
ได้	O
ไม่	O
นาน	O
น่าจะ	O
เลิก	O
555	O
ใน	O
นิยาย	O
ไม่	O
ได้	O
กล่าว	O
ถึง	O
เหตุการณ์	O
ใน	O
อดีต	O
เท่าไร	NORM_1WORD
แค่	O
นางเอก	O
รอ	O
รับ	O
ของ	O
แทน	O
คุณ	O
โรส	O
คน	O
ส่ง	O
ของ	O
คน	O
นั้น	O
คือ	O
อ.	O
เอ๋ย	O
ของ	O
ที่	O
เอา	O
มา	O
คือ	O
กระเป๋า	O
และ	O
รองเท้า	O
ที่	O
นางเอก	O
ทิ้ง	O
ไว้	O

ไม่ติดๆ	O
_	O
เน	O
ชอบ	O
ดู	O
ช่วง	O
ประกาศ	O
ผล	O
ค่ะ	O
_	O
ซีซัน	NORM_1WORD
ที่	O
มี	O
พวก	O
แดเนียล	O
_	O
เน	O
ดู	O
ตอน	O
ประกาศ	O
ผล	O
ทุก	O
วีค	NORM_1WORD
เลย	O
_	O
ตอน	O
นั้น	O
อยู่	O
ญี่ปุ่น	O
ด้วย	O
เหงา	O
เลย	O
ดู	O
_	O
(	O
แต่	O
ไลฟ์	O
กับ	O
เกม	O
ต่างๆ	NORM_2WORD
ไม่	O
ได้	O
ดู	O
)	O
_	O
ก็	O
ไม่	O
ติด	O
_	O
ชวน	O
เพื่อน	O
ดู	O
_	O
ตอน	O
นี้	O
เพื่อน	O
ติ่ง	O
ฝ่าบาท	O
หนัก	O
มาก	O
555	O
_	O
เน	O
ชอบ	O
ศิลปิน	O
ได้	O
ที	O
ละ	O
น้อย	O
ล่ะ	O
_	O
แบบ	O
ถ้า	O
ตัดสินใจ	O
จะ	O
ชอบ	O
ใคร	O
ก็	O
เท	O
อีก	O
อย่าง	O
ทิ้ง	O
เลย	O
ไม่	O
ค่อย	O
ติด	O
อะไร	O
ง่ายๆ	O

หลายๆ	O
ครั้ง	O
ก็	O
ได้	O
มุมมอง	O
อะไร	O
ดีๆ	NORM_2WORD
_	O
จาก	O
การสัมภาษณ์	O
_	O
จาก	O
ใน	O
Live	O
_	O
ที่	O
น้องๆ	NORM_2WORD
เขา	O
พูด	O
_	O
บาง	O
มุมมอง	O
เรา	O
ไม่	O
เคย	O
นึก	O
ถึง	O
ไม่	O
เคย	O
มอง	O
เห็น	O
_	O
ไม่	O
ได้	O
ขนาด	O
เอา	O
เป็น	O
แบบ	O
อย่าง	O
หรอก	O
_	O
แต่	O
แค่	O
ได้	O
ข้อคิด	O
_	O
ได้	O
มุมมอง	O
ดีๆ	NORM_2WORD
จาก	O
ใคร	O
สัก	O
คน	O
_	O
ก็	O
ถือ	O
เรื่อง	O
ดีๆ	NORM_2WORD
แล้ว	O
_	O
สำหรับ	O
เรา	O
เลย	O
มอง	O
น้อง	O
เป็น	O
ไอดอล	O
จาก	O
เหตุผล	O
ข้าง	O
ต้น	O
_	O
ปล.	O
กู	O
นี่	O
แหละ	O
แต่งตั้ง	O
เอง	O
_	O
BNK	O
48	O
_	O
is	O
_	O
idol.	O

น้อง	O
คิด	O
ว่า	O
_	O
ความรัก	O
มัน	O
ไม่ได้	O
หมดอายุ	O
_	O
แต่	O
การใช้	O
ชีวิตคู่	O
หลัง	O
แต่งงาน	O
_	O
ความรัก	O
อย่างเดียว	O
มัน	O
ไม่	O
พอ	O
_	O
มัน	O
มี	O
หลายๆ	NORM_2WORD
อย่าง	O
มากกว่า	O
นั้น	O
_	O
คู่	O
ที่	O
ปรับเปลี่ยน	O
_	O
ปรับจูน	O
กัน	O
ได้	O
เร็ว	O
ก็	O
จะ	O
ไป	O
รอด	O
_	O
คู่ไหน	O
ไม่	O
รอด	O
ก็	O
จบ	O
ด้วย	O
การแยกทาง	O
_	O
หรือ	O
ฝืน	O
ทน	O
อยู่	O
_	O
บางที	O
ความรัก	O
ยัง	O
อยู่	O
_	O
แต่	O
ความสุข	O
ที่	O
อยู่	O
ด้วย	O
กัน	O
มัน	O
น้อยกว่า	O
ตอน	O
แรก	O
เริ่ม	O
มากกว่า	O

สมัย	O
ก่อน	O
นี่	O
ขยัน	O
นะ	O
_	O
ทำ	O
โปสเตอร์	O
นิยาย	O
_	O
โปสเตอร์	O
แนะนำ	O
ตัวละคร	O
หลัก	O
_	O
สรรหา	O
อิมเมจ	O
เพื่อน	O
พระเอก	O
นางเอก	O
_	O
ตัวหลัก	O
มา	O
หมด	O
_	O
ไหน	O
จะ	O
แบนเนอร์	O
โปรโมต	O
นิยาย	O
_	O
เที่ยว	O
ไป	O
แลก	O
แบนเนอร์	O
กับ	O
บทความ	O
อื่น	O
_	O
เดี๋ยว	O
นี้	O
เหรอ	O
...	O
_	O
ทำ	O
โปสเตอร์	O
ที่	O
มี	O
แค่	O
รูป	O
อิมเมจ	O
พระเอก	O
นางเอก	O
มา	O
แปะ	O
ต่อ	O
กัน	O
เฉยๆ	O
_	O
ไม่	O
ได้	O
ไดคัต	O
แบบ	O
เมื่อ	O
ก่อน	O
_	O
ยัง	O
เหนื่อย	O
_	O
555555555555	O

แทยง	O
ให้	O
ความรู้สึก	O
เพื่อน	O
ร่วม	O
รุ่น	O
ตลอด	O
เวลา	O
_	O
ชื่นชม	O
ใน	O
ความสามารถ	O
และ	O
ผลงา	O
นมากๆ	O
_	O
และ	O
แทยง	O
ก็	O
น่ารัก	O
มากๆ	NORM_2WORD
_	O
อย่าง	O
ที่	O
ใครๆ	O
บอก	O
อะ	O
แหละ	O
_	O
you	O
_	O
deserve	O
_	O
the	O
_	O
world	O
_	O
จิงๆ	NORM_1WORD
_	O
แล้ว	O
ก็	O
ขอบคุณ	O
ที่	O
บอก	O
ว่า	O
ถ้า	O
เรา	O
อยู่	O
ใน	O
กาแลกซี่	O
เดียว	O
กัน	O
_	O
สูด	O
หายใจ	O
ด้วย	O
อากาศ	O
เดียว	O
กัน	O
_	O
เรา	O
ทั้ง	O
หมด	O
คือ	O
การมีอยู่	O
ที่	O
แสน	O
พิเศษ	O
_	O
และ	O
มีค่า	O
นะ	O
_	O
#HAPPYTAEYONGDAY	O

74	O
)	O
.	O
_	O
มาร์ค	O
เป็น	O
มาเฟีย	O
_	O
ที่	O
บังเอิญ	O
มา	O
เจอ	O
แบม	O
ที่	O
ร้าน	O
อาหาร	O
_	O
มี	O
โจร	O
เข้า	O
มา	O
_	O
ทำให้	O
ต้อง	O
พา	O
แบม	O
ออก	O
มา	O
ด้วย	O
_	O
จน	O
สุดท้าย	O
ยื่น	O
ข้อเสนอ	O
ให้	O
มา	O
เป็น	O
ผู้ติดตาม	O
_	O
ทั้งๆ	NORM_2WORD
ที่	O
ใน	O
อดีต	O
มี	O
บาง	O
อย่าง	O
ทำให้	O
มาร์ค	O
ตาม	O
หา	O
แบม	O
_	O
วงการ	O
มาเฟีย	O
ไม่	O
เคย	O
ใส	O
สะอาด	O
_	O
เรื่อง	O
นี้	O
ไม่	O
โหด	O
ค่ะ	O
_	O
ต่าง	O
ฝ่าย	O
ต่าง	O
หลง	O
รัก	O
กัน	O
_	O
ตอน	O
จบ	O
คือ	O
พีค	O
ใน	O
พีค	O
_	O
สเป	NORM_1WORD
ลูก	O
6	O
คน	O
_	O
!	O
_	O
#	O
พี่มาร์คมาเฟีย	O

เบื่อ	O
แววตา	O
คู่	O
นี้	O
ของ	O
ฉัน	O
บ้าง	O
ไหม	O
_	O
ที่	O
ยังคง	O
มอง	O
แค่	O
เธอ	O
_	O
เบื่อ	O
ฟัง	O
เสียง	O
ของ	O
ฉัน	O
บ้าง	O
ไหม	O
_	O
ที่	O
ย้ำ	O
ว่า	O
ฉัน	O
รัก	O
เธอ	O
_	O
กับ	O
คำพูด	O
เก่าๆ	O
คนพูด	O
เก่าๆ	O
_	O
เธอ	O
จะ	O
ซึ้ง	O
มัน	O
อยู่	O
ไหม	O
_	O
อยาก	O
จะ	O
บอก	O
ว่า	O
รัก	O
ซ้ำซ้ำ	O
_	O
ซ้ำ	O
ซ้ำ	O
ซ้ำ	O
ซ้ำ	O
ให้	O
จำ	O
ขึ้นใจ	O
_	O
บอก	O
กับ	O
เธอ	O
คน	O
เดียว	O
_	O
คน	O
เดียว	O
คน	O
เดียว	O
ให้	O
เธอ	O
มั่นใจ	O
_	O
ไม่	O
ว่า	O
นาน	O
สัก	O
เพียง	O
ใด	O
_	O
รู้	O
ไว้	O
ว่า	O
ฉัน	O
ไม่	O
เปลี่ยนใจ	O
แล้ว	O

ดี	O
มา	O
ทั้ง	O
วัน	O
แล้ว	O
แท้ๆ	O
_	O
ปิด	O
วัน	O
ได้	O
พัง	O
มาก	O
_	O
บางที	O
เรา	O
ก็	O
อยาก	O
เข้าหา	O
เค้า	NORM_1WORD
นะ	O
_	O
แต่	O
ทำตัว	O
แบบ	O
นี้	O
_	O
เค้า	NORM_1WORD
ควร	O
รู้	O
เอง	O
บ้าง	O
ว่า	O
ตัวเค้า	NORM_1WORD
เอง	O
อ่ะ	NORM_1WORD
ผลัก	O
คน	O
อื่น	O
ออก	O
จาก	O
เค้า	NORM_1WORD
หมด	O
_	O
แล้ว	O
ถึง	O
เวลา	O
อยู่	O
คน	O
เดียว	O
_	O
เหงา	O
_	O
เรียกหา	O
ใคร	O
เค้า	NORM_1WORD
ก็	O
ไม่	O
มา	O
ก็	O
จะ	O
มา	O
น้อยใจ	O
_	O
คือ	O
ควร	O
รู้	O
ตัวเอง	O
ไว้	O
ด้วย	O
ป่ะ	NORM_1WORD
_	O
ที่	O
มัน	O
เป็น	O
แบบ	O
นี้	O
เพราะ	O
ทำตัวเอง	O
แท้ๆ	O
_	O
จะ	O
มา	O
เรียกร้อง	O
อะไร	O
_	O
งง	O
?	O

คิง	O
และ	O
นักเขียนมืออาชีพ	O
จะ	O
ใช้	O
วิธี	O
เขียน	O
เรื่องสั้น	O
อย่าง	O
เบา	O
หรือ	O
ไม่	O
ตรง	O
แนว	O
เพื่อ	O
ออก	O
จาก	O
กรอบ	O
ที่	O
คุ้นเคย	O
_	O
เหมือน	O
เป็น	O
_	O
vacation	O
_	O
ให้	O
สมอง	O
ตัวเอง	O
ไป	O
ด้วย	O
_	O
โดย	O
มาก	O
ก็	O
จะ	O
เขียน	O
เรื่อง	O
คน	O
ละ	O
แนว	O
กับ	O
ปรกติ	NORM_1WORD
ไป	O
เลย	O
หรือ	O
เขียน	O
เรื่องสั้น	O
แบบ	O
จบ	O
เร็ว	O
มากๆ	NORM_2WORD
_	O
เพื่อ	O
ให้	O
สมอง	O
หยุด	O
ใช้	O
ความคิด	O
แช่	O
ใน	O
ลักษณะ	O
นิยาย	O
ยาวๆ	O
_	O
เหมือน	O
ที่	O
กำลัง	O
เขียน	O
อยู่	O

#varisxrov	O
_	O
บอก	O
วริ้ด	O
ว่า	O
จะ	O
เขียน	O
รีวิว	O
ให้	O
ตั้งแต่	O
ตอน	O
สุ่ม	O
กล่อง	O
แอสทริด	O
แล้ว	O
แต่	O
ลืม	O
555	O
_	O
จะ	O
บอก	O
ว่า	O
ตอบ	O
ไว	O
มาก	O
_	O
วิ	O
ต่อ	O
วิ	O
จริงๆ	NORM_2WORD
โอน	O
ปุ้บ	NORM_1WORD
ส่ง	O
ปั้บ	NORM_1WORD
_	O
เห็น	O
รีวิว	O
มา	O
สัก	O
พัก	O
แล้ว	O
ไม่	O
คิด	O
ว่า	O
จะ	O
ดี	O
ขนาด	O
นี้	O
_	O
แล้ว	O
ขนาด	O
มี	O
ปัญหา	O
เรื่อง	O
ส่ง	O
เชลล์	O
ผิด	O
บัญชี	O
ยัง	O
แก้ไข	O
ให้	O
ด้วยย	NORM_1WORD
_	O
วริ้ด	O
คือ	O
ดี	O
มาก	O
_	O
แนะนำ	O
ร้าน	O
นี้	O
_	O
ถูก	O
และ	O
ดี	O
_	O
แถม	O
ตอบ	O
ไว	O
_	O
ดี	O
ต่อ	O
ใจ	O
สุดด	NORM_1WORD
_	O
#rov	O

อยู่	O
ดีๆ	NORM_2WORD
น้ำตา	O
ก็	O
ไหล	O
_	O
ปลื้มใจ	O
_	O
มี	O
ความสุข	O
ที่สุด	O
_	O
ไม่	O
คิด	O
ว่า	O
ช่วง	O
ชีวิต	O
นึง	NORM_1WORD
_	O
จะ	O
ได้	O
มา	O
ดูแล	O
เด็กๆ	NORM_2WORD
_	O
ที่	O
มี	O
ความพยายาม	O
สู้	O
เพื่อ	O
ความฝัน	O
ของ	O
ตัวเอง	O
ขนาด	O
นี้	O
_	O
ขอบคุณ	O
ที่	O
เอ็นดู	O
น้องๆ	NORM_2WORD
_	O
ขอบคุณ	O
ที่	O
ไม่	O
ทิ้ง	O
น้องๆ	NORM_2WORD
_	O
และ	O
ขอบคุณ	O
ที่	O
สนับสนุน	O
_	O
สำหรับ	O
เรา	O
จะ	O
ทำ	O
หน้าที่	O
_	O
ดูแล	O
เด็กๆ	NORM_2WORD
_	O
ให้	O
ดี	O
เช่นกัน	O
_	O
ขอบคุณ	O
นะ	O
_	O
3	O
_	O
#	O
BNK48	O
_	O
#TheGuitarMagAwards2018	O

ราคา	O
แฟนมีต	NORM_1WORD
/	O
คอนเสิร์ต	O
บ้าน	O
เรา	O
มัน	O
แพง	O
เกินไป	O
จริงๆ	NORM_2WORD
นะ	O
_	O
จัด	O
เพื่อ	O
คน	O
ที่	O
เป็น	O
แฟนคลับ	O
ที่	O
ยอม	O
จ่าย	O
เท่านั้น	O
อ	NORM_1WORD
_	O
แต่	O
ในขณะที่	O
หลายๆ	NORM_2WORD
ประเทศ	O
ไม่	O
แพง	O
_	O
ใคร	O
ที่	O
ชอบ	O
วง	O
ไหน	O
_	O
ไม่	O
ต้อง	O
ถึงขั้น	O
เป็น	O
แฟนคลับ	O
ก็	O
ยัง	O
ไป	O
เสพ	O
ได้	O
เรื่อยๆ	NORM_2WORD
_	O
หลาย	O
วง	O
_	O
หลาย	O
แนว	O
_	O
ไป	O
หลาย	O
รอบ	O
ก็	O
ไม่	O
เดือดร้อน	O
เพราะ	O
จ่าย	O
ไหว	O
แต่	O
ที่	O
ไทย	O
คือ	O
วัฒนธรรม	O
การเสพ	O
มหรสพ	O
ผิดเพี้ยน	O
ชิบหาย	NORM_1WORD
เลย	O

ตาม	O
_	O
#BNK48	O
_	O
ก็	O
ตอน	O
เดือน	O
_	O
ธ.ค.	O
_	O
แล้ว	O
_	O
เพราะ	O
หลง	O
ฟัง	O
คลิป	O
ที่	O
โฟกัส	O
_	O
#CherprangBNK48	O
_	O
เข้า	O
_	O
ยิ้ม	O
โคตร	O
น่ารัก	O
_	O
โดน	O
ตก	O
เลย	O
ค่า	NORM_1WORD
_	O
ขอบคุณ	O
น้อง	O
เฌอ	O
นะ	O
คะ	O
ที่	O
ทำให้	O
เรา	O
มี	O
กำลังใจ	O
สู้	O
_	O
เวลา	O
ที่	O
เรา	O
ท้อ	O
_	O
เรา	O
เห็น	O
นะ	O
ว่า	O
เฌอ	O
วิ่ง	O
ทำ	O
งาน	O
มั่ง	NORM_1WORD
_	O
เรียน	O
มั่ง	NORM_1WORD
_	O
มาก	O
กว่า	O
เรา	O
อีก	O
_	O
บอก	O
ลา	O
ชุด	O
_	O
KFC	O
_	O
คืน	O
นี้	O
ด้วย	O
น้ำตา	O
แห่ง	O
ความดีใจ	O
นะ	O
คะ	O
คนดี	O
_	O
You	O
_	O
deserve	O
_	O
it	O
!	O

ขอ	O
รีวิว	O
หน่อย	O
ค่ะ	O
_	O
หก	O
ตัว	O
ที่	O
ได้	O
มา	O
นี่	O
หอม	O
หมด	O
เลย	O
_	O
แต่	O
พยายาม	O
เลือก	O
ตัว	O
ที่สุด	O
ใน	O
ใจ	O
อ่ะ	NORM_1WORD
_	O
แล้ว	O
ผล	O
ออก	O
มา	O
คือ	O
_	O
Chloe	O
_	O
love	O
_	O
กลิ่น	O
แบบ	O
ตาม	O
ความรู้สึก	O
ของ	O
เรา	O
เอง	O
นะ	O
_	O
คือ	O
หอม	O
แป้งๆ	O
แต่	O
ไม่	O
สาก	O
อ่ะ	NORM_1WORD
_	O
ไม่	O
ใช่	O
แบบ	O
กลิ่น	O
แป้ง	O
สากๆ	O
แห้งๆ	O
_	O
ไม่	O
ใช่	O
เลย	O
_	O
ออก	O
แป้ง	O
นิดๆ	O
หวานๆ	O
ละมุนๆ	O
_	O
ลุ่มหลง	O
_	O
น่าค้นหา	O
_	O
ยิ่ง	O
ฉีด	O
ไว้	O
นาน	O
เท่าไร	O
ยิ่ง	O
หอม	O
_	O
#mmewrv	O
_	O
mmewrv	O

ถ้า	O
เธอ	O
ไม่	O
มีวัน	O
ต้องการ	O
เรา	O
จริง	O
ไม่	O
มีวัน	O
รัก	O
เรา	O
จริง	O
ไม่	O
มีวัน	O
คิดถึง	O
เรา	O
จริง	O
แค่	O
บอก	O
ให้	O
เรา	O
รู้	O
คือ	O
เธอ	O
จริง	O
และ	O
ให้	O
เรา	O
เลิก	O
ยุ่ง	O
กับ	O
เธอ	O
ซะ	O
เรา	O
จะ	O
ได้	O
อธิษฐาน	O
จิต	O
ด้วย	O
สัจจะ	O
ความจริง	O
ที่	O
เธอ	O
บอก	O
เธอ	O
ไม่	O
มีวัน	O
ต้องการ	O
รัก	O
เรา	O
คิดถึง	O
เรา	O
นี้	O
ขอ	O
ให้	O
เรา	O
ทั้ง	O
คู่	O
ไม่	O
ว่า	O
จะ	O
เจอ	O
กัน	O
ชาติ	O
ใด	O
ก็	O
ขอ	O
ให้	O
เป็น	O
ดัง	O
คำ	O
ที่	O
เธอ	O
ได้	O
สื่อสาร	O
ทุก	O
ภพชาติ	O
ดี	O
ปะ	NORM_1WORD
คับ	NORM_1WORD

ถึง	O
เมือง	O
ไทย	O
จะ	O
ไม่	O
มี	O
ฤดูหนาว	O
ที่	O
ชอบ	O
_	O
จะ	O
ไม่	O
ได้	O
เป็น	O
ประเทศ	O
ที่	O
เจริญ	O
ที่	O
สุด	O
ใน	O
โลก	O
_	O
แต่	O
เรา	O
มี	O
สิ่ง	O
ดีๆ	NORM_2WORD
_	O
มากมาย	O
ที่	O
หลายๆ	NORM_2WORD
_	O
ประเทศ	O
อิจฉา	O
_	O
ยัง	O
เชื่อ	O
เสมอ	O
มา	O
ว่า	O
_	O
ประเทศ	O
ไทย	O
เรา	O
ต้อง	O
ดี	O
ขึ้น	O
_	O
ไม่	O
ใช่	O
เพราะ	O
.	O
_	O
#นักการเมือง	O
_	O
แต่	O
เป็น	O
_	O
#พลเมือง	O
_	O
ของ	O
ประเทศ	O
ต่าง	O
หาก	O
ที่	O
จะ	O
กำหนด	O
อนาคต	O
ประเทศ	O
_	O
#เลือกตั้งปี2562	O
_	O
เลือก	O
คน	O
ให้	O
เป็น	O
ประเทศ	O
จะ	O
เจริญ	O

รีวิว	O
รส	O
ที่	O
ดะเน่ว	NORM_1WORD
กินน	NORM_1WORD
(	O
ฉบับ	O
คน	O
ไม่	O
กิน	O
เผ็ด	O
)	O
รส	O
นี้	O
คือ	O
_	O
hot	O
_	O
chicken	O
_	O
flavor	O
_	O
ramen	O
_	O
jjajang	O
_	O
ห่อ	O
เขียว	O
_	O
คล้ายๆ	NORM_2WORD
ห่อ	O
ดำ	O
แต่	O
กลิ่น	O
จะ	O
มี	O
กลิ่น	O
จาจัง	O
ด้วยยๆๆ	NORM_2WORD
_	O
หอมๆ	NORM_2WORD
แบบ	O
อธิบาย	O
ไม่	O
ถูก	O
555	O
จริงๆ	NORM_2WORD
มี	O
ผัก	O
ด้วย	O
แต่	O
ไม่	O
ใส่	O
555	O
ระดับ	O
ความเผ็ด	O
คือ	O
5	O
ดาว	O
ไป	O
เรย	NORM_1WORD
_	O
ปล.	O
ใส่	O
ซอส	O
ไม่	O
หมด	O
น้า	NORM_1WORD
แต่	O
ก็	O
อร่อย	O
จ้า	O
_	O
/	O
ซื้อ	O
จาก	O
เซเว่น	O
เน้	NORM_1WORD
_	O
#รีวิวของกิน	O
_	O
#thenueyfave	O

รับ	O
หิ้ว	O
ของ	O
_	O
ทุก	O
อย่าง	O
ยกเว้น	O
เข็มกลัด	O
_	O
คิด	O
ค่าหิ้ว	O
อย่าง	O
ละ	O
50	O
บาท	O
_	O
ไม่	O
รวม	O
จัดส่ง	O
_	O
มี	O
ตัวตน	O
จริง	O
_	O
ยืนยัน	O
ตน	O
ได้	O
_	O
DM	O
มา	O
คุย	O
กัน	O
เด้อ	O
_	O
#BNK48	O
_	O
#BNK48RoadShowinChiangMai	O
_	O
#MobileBNK48	O
_	O
#MusicBNK48	O
_	O
#NoeyBNK48	O
_	O
#PunBNK48	O
_	O
#OrnBNK48	O
_	O
#KateBNK48	O
_	O
#PupeBNK48	O
_	O
#CherprangBNK48	O
_	O
#GroupHandshake	O
_	O
#BNK48Market	O
_	O
#ตลาดนัดBNK4	O

(	O
200	O
)	O
_	O
หลังจาก	O
ที่	O
โดยอง	O
เข้า	O
_	O
SM	O
_	O
ใน	O
เดือน	O
_	O
11	O
_	O
โดยอง	O
ก็	O
ลด	O
น้ำหนัก	O
โหด	O
มากๆ	NORM_2WORD
_	O
ควบคุม	O
อาหาร	O
อย่าง	O
จริงจัง	O
_	O
ตั้ง	O
เป้าหมาย	O
และ	O
ทำ	O
จน	O
สำเร็จ	O
_	O
สังเกต	O
เลย	O
ว่า	O
ช่วง	O
ที่	O
น้อง	O
ไป	O
ประกวด	O
ร้อง	O
เพลง	O
และ	O
โดน	O
_	O
SM	O
_	O
แคส	NORM_1WORD
ที่	O
งาน	O
นั้น	O
คือ	O
เดือน	O
_	O
9	O
_	O
พอ	O
ผ่าน	O
ไป	O
ประมาณ	O
เกือบ	O
สี่	O
เดือน	O
ที่	O
เข้า	O
มา	O
เป็น	O
เด็ก	O
เทรนด์	O
แล้ว	O
_	O
ร่าง	O
บาง	O
อย่าง	O
เห็น	O
ได้	O
ชัด	O
_	O
ลด	O
เยอะ	O
มาก	O
จริงๆ	O

#รีวิวBTS_theory	O
_	O
YNWA	O
_	O
2017	O
_	O
งาน	O
ละเอียด	O
อีกแล้ว	O
น้อง	O
จิว	O
_	O
สำนึกผิด	O
ใน	O
ใจ	O
เลย	O
ไม่	O
น่าดอง	O
นาน	O
ขนาด	O
นี้	O
_	O
อ่าน	O
เสร็จ	O
ไป	O
ดู	O
_	O
MV	O
_	O
Spring	O
_	O
Day	O
_	O
ต่อ	O
_	O
วิเคราะห์	O
ออก	O
มา	O
แล้ว	O
มัน	O
หลาย	O
อารมณ์	O
มาก	O
เลย	O
เนอะ	NORM_1WORD
_	O
ทั้ง	O
หนาว	O
ทั้ง	O
เหงา	O
ทั้ง	O
คิดถึง	O
รอคอย	O
แต่	O
ก็	O
มี	O
ความหวัง	O
_	O
พี่	O
ชอบ	O
เรื่อง	O
ไม้ขีดไฟ	O
จัง	O
น้อง	O
กุก	O
คิดถึง	O
พี่ๆ	O
จุด	O
ไม้ขีดไฟ	O
พี่ๆ	O
ก็	O
มา	O
_	O
มี	O
ความสุข	O

การที่	O
เค้า	NORM_1WORD
ชอบ	O
ส่อง	O
มุม	O
นึง	NORM_1WORD
มัน	O
ก็	O
น่ารัก	O
_	O
อีก	O
มุม	O
นึง	NORM_1WORD
ก็	O
เป็นห่วง	O
ความรู้สึก	O
อ่ะ	NORM_1WORD
_	O
บาง	O
ที	O
นี่	O
ส่องๆ	O
ไป	O
เจอ	O
คน	O
ว่า	O
_	O
แซะ	O
หรือ	O
เจอ	O
คน	O
ด่า	O
ยัง	O
อารมณ์	O
เสีย	O
ชห.	NORM_1WORD
_	O
อยาก	O
จะ	O
ปกป้อง	O
หรือ	O
อยาก	O
จะ	O
ด่า	O
ตอบ	O
มาก	O
_	O
แล้ว	O
เค้า	NORM_1WORD
ต้อง	O
เจอ	O
กับ	O
กระแส	O
คำพูด	O
อะไร	O
แบบ	O
นี้	O
ตลอด	O
เวลา	O
_	O
ไหว	O
ได้	O
ไง	NORM_1WORD
วะ	O
_	O
ก็	O
ขอให้	O
เธอ	O
เลือก	O
เก็บ	O
แต่	O
ดอกไม้	O
ละกัน	O
_	O
คำพูด	O
พล่อยๆ	O
ก็	O
ช่าง	O
แม่ง	O
มัน	O
ไป	O
บ้าง	O

ต้อง	O
โดน	O
สังคม	O
รังเกียจ	O
แน่	O
เลย	O
_	O
ไม่	O
ได้	O
เสื้อ	O
สี	O
ไหน	O
_	O
สลิ่มมี่	O
ก็	O
ไม่	O
น่าใช่	O
หรอก	O
เพราะ	O
ไม่	O
เคย	O
เชียร์	O
ทีมเยลโล่ว์	NORM_1WORD
_	O
ไม่	O
โปร	O
อำมาตย์	O
_	O
แต่	O
ก็	O
ไม่	O
ได้	O
แดง	O
_	O
แค่	O
รัก	O
เงิน	O
และ	O
คิด	O
ว่า	O
ถ้า	O
มี	O
เงิน	O
แบบ	O
_	O
ท.กี้	O
หรือ	O
พี่	O
เอก	O
_	O
จะ	O
ไม่	O
ทำ	O
งาน	O
_	O
จะ	O
กินๆ	NORM_2WORD
_	O
นอนๆ	NORM_2WORD
_	O
เอา	O
เงิน	O
มา	O
ถม	O
ห้อง	O
แล้ว	O
นอน	O
กลิ้ง	O
ทับ	O
รอบ	O
นึง	NORM_1WORD
_	O
ก่อน	O
รีบ	O
ลง	O
ไป	O
ล้าง	O
ตัว	O
ใน	O
สระ	O
น้ำแร่	O
ปู	O
หินอ่อน	O
คาเรร่า	O

กรี้ด	NORM_1WORD
!!	O
_	O
ไป	O
เจอ	O
_	O
#	O
พี่	O
คม	O
และ	O
ผัว	O
ฝรั่ง	O
ของเขา	O
_	O
(	O
มโน	O
)	O
คือ	O
พี่	O
คม	O
หล่อ	O
แบบ	O
หลุด	O
มา	O
จาก	O
นิยาย	O
เลย	O
ดู	O
ดี	O
มี	O
เสน่ห์	O
_	O
คอนเนอ	NORM_1WORD
อาจ	O
จะ	O
ไม่	O
เหมือน	O
แต่	O
อะ	O
เป็น	O
ฝรั่ง	O
งะ	O
หยวนๆ	O
_	O
ตอน	O
แรก	O
ก้อ	NORM_1WORD
ว่า	O
แค่	O
กรี้ด	NORM_1WORD
ที่	O
ดัน	O
มโน	O
ว่า	O
เค้า	NORM_1WORD
คือ	O
แค่	O
พี่	O
คม	O
_	O
แต่	O
พอ	O
ระหว่าง	O
นั่ง	O
กิน	O
ข้าว	O
_	O
คือ	O
เห้น	NORM_1WORD
กิริยา	O
ของ	O
คู่รัก	O
_	O
ฝรั่ง	O
เช็ด	O
ปาก	O
ให้	O
พี่	O
คม	O
_	O
ป้อน	O
ขนม	O
_	O
โอ้ย	NORM_1WORD
_	O
ชนี	NORM_1WORD
กรี้ด	NORM_1WORD
ใน	O
ใจ	O
ดัง	O
มาก	O

แก้ตัว	O
แทน	O
ก็	O
ไม่	O
ว่า	O
กัน	O
เพราะ	O
เป็น	O
คำพูด	O
มันๆ	O
พูด	O
เอง	O
เพียง	O
แต่	O
มี	O
ภาพ	O
มา	O
ประกอบ	O
และ	O
ไม่	O
จำเป็น	O
ต้อง	O
ไป	O
เกรง	O
_	O
ใจ	O
คน	O
โกง	O
ชาติ	O
สร้าง	O
ความแตกแยก	O
_	O
ให้	O
ประเทศ	O
ไทย	O
อย่าง	O
ไอ้	O
ทักษิณ	O
ชินวัตร	O
ก็	O
แค่	O
มัน	O
รวย	O
มถึง	NORM_1WORD
ได้	O
มี	O
บริวาร	O
ซบ	O
ใต้	O
ตีน	O
ถ้า	O
จน	O
ก็	O
แค่	O
หมา	O
ตัว	O
หนึ่ง	O
เหมือน	O
ขี้ข้า	O
พวก	O
มัน	O
ที่	O
หนี	O
อยู่	O
_	O
ตปท.	NORM_1WORD
ต้อง	O
เงียบ	O
เสียง	O
ไร้	O
ค่า	O
เพราะ	O
ไม่	O
รวย	O
เหมือน	O
มัน	O

ก่อน	O
ที่	O
ตัดสินใจ	O
หา	O
หมอ	O
_	O
คือ	O
โคตร	O
ไม่	O
มี	O
ความสุข	O
_	O
เหนื่อย	O
_	O
ไม่	O
มี	O
แรง	O
_	O
ไม่	O
มี	O
กำลังใจ	O
ทำ	O
อะไร	O
เลย	O
_	O
อยาก	O
นอน	O
โง่ๆ	NORM_2WORD
อยู่	O
บน	O
ที่นอน	O
อย่าง	O
เดียว	O
_	O
นี่	O
อายุ	O
23	O
จะ	O
แบก	O
อะไร	O
ไว้	O
เยอะแยะ	O
_	O
กลับ	O
มา	O
รัก	O
ตัวเอง	O
ซะ	NORM_1WORD
ที	O
_	O
ชีวิต	O
ใคร	O
ก็	O
ชีวิต	O
มัน	O
_	O
ดูแล	O
ตัวเอง	O
กัน	O
เนอะ	O
ไม่	O
ต้อง	O
เอา	O
ปัญหา	O
ของ	O
พวก	O
มึง	O
มา	O
ให้	O
กู	O
แก้	O
แล้ว	O
_	O
ขอ	O
เห็นแก่ตัว	O
นะ	O
_	O
กู	O
เป็น	O
คนป่วย	O
ที่	O
กำลัง	O
หาย	O
)	O

ถ้า	O
เรา	O
ไม่	O
ดู	O
ก็	O
อย่า	O
ว่า	O
เรา	O
เลย	O
นะ	O
คะ	O
_	O
เรา	O
รัก	O
ตัวอักษร	O
ของ	O
_	O
#Oxygen	O
_	O
และ	O
รัก	O
_	O
#โซโล่กีล์	O
_	O
ที่	O
อยู่	O
ใน	O
จินตนาการ	O
ของ	O
ตัวเอง	O
_	O
เด็กๆ	NORM_2WORD
นักแสดง	O
เรา	O
ไม่	O
ติด	O
เลย	O
_	O
หลาย	O
คน	O
เรา	O
คุ้นหน้า	O
ด้วย	O
ซ้ำ	O
_	O
เพียง	O
แต่	O
คน	O
จริงๆ	NORM_2WORD
_	O
จะ	O
มี	O
คาแลคเตอร์	NORM_1WORD
ของ	O
คน	O
นั้นๆ	NORM_2WORD
_	O
จะ	O
ยิ้ม	O
จะ	O
มอง	O
จะ	O
หัวเราะ	O
จะ	O
โกรธ	O
_	O
เรา	O
เพียง	O
หวง	O
คน	O
ใน	O
จินตนาการ	O
_	O
จน	O
ไม่	O
อาจ	O
ให้	O
ใคร	O
มา	O
ซ้ำรอย	O
_	O
เท่านั้น	O
เอง	O

ไม่	O
บอก	O
ก็	O
รู้	O
ว่า	O
คน	O
ใส่	O
เสื้อ	O
นี้	O
เป็น	O
ใคร	O
_	O
แฟนพันธุ์แท้	O
_	O
Safeplanet	O
_	O
วง	O
อินดี้	O
ชื่อ	O
ดัง	O
(	O
เอ๊ะ	O
_	O
ยังไง	O
)	O
_	O
เจ้า	O
เจี๊ยบ	O
นี่	O
เอง	O
_	O
ส่วน	O
เสื้อ	O
ตัว	O
นี้	O
เพิ่ง	O
ปิด	O
พรี	O
ใคร	O
ทัน	O
บ้าง	O
_	O
เห็น	O
แล้ว	O
อิจฉา	O
ตาร้อน	O
เพราะ	O
เสื้อ	O
หนุ่มๆ	NORM_2WORD
_	O
safeboys	O
_	O
เขา	O
สวย	O
จริง	O
_	O
ส่วน	O
เมมเบอร์	O
คน	O
ไหน	O
ใส่	O
เสื้อ	O
ดีเจ	O
อ๋อง	O
_	O
ก็	O
ตัว	O
ใคร	O
ตัว	O
มัน	O
นะ	O
_	O
#MyyuBNK48	O
_	O
#BNK48	O
_	O
#Whatheywear48	O

1	O
.	O
_	O
ปากไก่และใบเรือ	O
ยัง	O
ไม่	O
ตาย	O
_	O
2	O
.	O
_	O
คราส	O
และ	O
ควินิน	O
ถ้า	O
ไม่	O
ใช้	O
งาน	O
รื้อสร้าง	O
ปากไก่	O
_	O
ตัว	O
มัน	O
เอง	O
ก็	O
ต้อง	O
ถูก	O
รื้อทิ้ง	O
ด้วย	O
_	O
3	O
.	O
_	O
จาก	O
มุมมอง	O
คนนอก	O
นับถือ	O
ใจ	O
พี่ๆ	O
ทุก	O
คน	O
_	O
ขอ	O
คารวะ	O
ที่	O
ถกเถียง	O
กัน	O
ขนาด	O
เน้	NORM_1WORD
_	O
จาก	O
สเตตัส	O
มิตรสหาย	O
ต้นทาง	O
บอก	O
เลย	O
อ่าน	O
คอมเม้น	NORM_1WORD
มันส์	NORM_1WORD
มาก	O
เหมือน	O
อ่าน	O
เรื่องสั้น	O
ที่	O
มี	O
หลายๆ	NORM_2WORD
หมัด	O
จาก	O
ทุก	O
ทิศ	O
ทุก	O
ทาง	O
_	O
แต่	O
ตัวเอก	O
ไม่	O
ตาย	O

เอ้อ	O
แรกๆ	NORM_2WORD
ก็	O
พี่	O
โป๊ป	O
ขา	O
_	O
สัก	O
พัก	O
ลุง	O
มา	O
แล้ว	O
จ้า	O
_	O
พี่	O
ป๊ง	O
พี่	O
โป๊ป	O
อะไร๊	NORM_1WORD
ไม่	O
มี๊	NORM_1WORD
_	O
แต่	O
ชอบ	O
ตอน	O
ลุง	O
รับ	O
การ์ด	O
มาก	O
แงงง	NORM_1WORD
_	O
ส่ง	O
การ์ด	O
ให้	O
ปุ๊ป	O
นาง	O
ยื่น	O
มือ	O
มา	O
คว้า	O
มือ	O
นี่	O
ไป	O
_	O
แต่	O
พอ	O
ลุง	O
ยื่น	O
มือ	O
มา	O
นี่	O
กำลัง	O
จะ	O
ยื่น	O
ไป	O
จับ	O
_	O
นาง	O
ไป	O
รับไหว้	O
พี่	O
ข้างๆ	O
อีก	O
55555	O
_	O
สุดท้าย	O
จบ	O
สวยๆ	NORM_2WORD
ด้วย	O
การทำเสียง	O
อ้อน	O
_	O
แง	O
รัก	O
นะ	O
ค้าบบ	NORM_1WORD
_	O
#ไส้กรอก	O
เบทาโกร	O
ชีสซีรีส์	O
_	O
#popezaap	O

ก่อน	O
ไป	O
เกาหลี	O
รอบ	O
นี้	O
พูด	O
ตาม	O
ตรง	O
_	O
กลัว	O
ตม.	O
มาก	O
เพราะ	O
ว่า	O
ไป	O
อ่าน	O
รีวิว	O
มา	O
_	O
คน	O
ที่	O
เคย	O
ไป	O
ลง	O
ที่	O
อินชอน	O
_	O
พอ	O
ไป	O
ที่	O
พูซาน	O
ก็	O
ยัง	O
โดน	O
_	O
แล้ว	O
ล่า	O
สุด	O
เพิ่ง	O
มี	O
ข่าว	O
ว่า	O
มี	O
สาว	O
อายุ	O
_	O
18	O
_	O
หอบ	O
ยาบ้า	O
ไป	O
ขาย	O
เครียด	O
มาก	O
ถ้า	O
เกิด	O
เข้า	O
ไม่	O
ได้	O
ก็	O
ว่า	O
จะ	O
ตาย	O
ที่	O
นั่น	O
เลย	O
เบื่อ	O
ชีวิต	O
เหมือน	O
กัน	O
_	O
แต่	O
ถึง	O
ไม่	O
มี	O
อะไร	O
เลย	O
_	O
วาง	O
พาสปอร์ต	O
ไม่	O
ถึง	O
_	O
1	O
_	O
นาที	O
เขา	O
ก็	O
ให้	O
ผ่าน	O
มา	O
แล้ว	O

ไม่	O
เอา	O
แล้ว	O
นะ	O
ไม่	O
ทะเลาะ	O
กัน	O
แล้ว	O
นะ	O
_	O
ไม่	O
บอก	O
เลิก	O
ไม่	O
พูด	O
โกหก	O
_	O
ไม่	O
ใช่	NORM_1WORD
อารมณ์	O
_	O
ต้อง	O
มี	O
เหตุผล	O
_	O
ต้อง	O
รับ	O
ฟัง	O
_	O
ไม่	O
นอก	O
_	O
เอาใจใส่	O
กัน	O
ตลอด	O
_	O
ไม่	O
ทำ	O
เหมือน	O
ว่า	O
เรา	O
ไม่	O
รัก	O
กัน	O
อีก	O
_	O
ไม่	O
บอก	O
ว่า	O
ไม่	O
รัก	O
_	O
ไม่	O
พูด	O
ให้	O
เสียความรู้สึก	O
_	O
ต้อง	O
รัก	O
กัน	O
มากๆ	NORM_2WORD
_	O
ต้อง	O
ไม่	O
มี	O
คนอื่น	O
เข้า	O
มา	O
แทรก	O
ระหว่าง	O
เรา	O
_	O
ต้อง	O
แคร์	O
กัน	O
มากๆ	NORM_2WORD
ไม่	O
มี	O
ความลับ	O
ต่อ	O
กัน	O
_	O
รัก	O
เธอ	O
ไป	O
ตลอด	O

เด็ก	O
รุ่น	O
ใหม่	O
ตอน	O
นี้	O
ชอบ	O
_	O
ATEEZ	O
_	O
อ่ะ	NORM_1WORD
รอ	O
ให้	O
มา	O
ไทย	O
ทัวร์	O
ฝั่ง	O
อเมริกา	O
รัวๆ	NORM_2WORD
_	O
ฉัน	O
อยาก	O
เจอ	O
บ้าง	O
แต่	O
ก็	O
ไม่	O
อยาก	O
ให้	O
รีบ	O
มาก	O
หรอก	O
55555	O
_	O
/	O
_	O
ส่วน	O
วง	O
ผู้หญิง	O
ไม่	O
ออกตัว	O
ว่า	O
ชอบ	O
วง	O
ไหน	O
แต่	O
มา	O
จาก	O
วายจี	O
&	O
คิวบ์	O
ฉัน	O
รัก	O
โดย	O
ปริยาย	O
_	O
/	O
_	O
victon	O
_	O
อาจ	O
จะ	O
ไม่	O
มี	O
ใคร	O
รู้	O
ว่า	O
ชอบ	O
น้อง	O
แต่	O
ฉัน	O
ฟัง	O
เพลง	O
น้อง	O
ก่อน	O
นอน	O
ทุก	O
วัน	O
นะ	O
คะ	O
_	O
ไม่	O
มี	O
เมน	O
จ้า	NORM_1WORD
รัก	O
ทั้ง	O
วง	O
เหมือน	O
APINK	O

ตอน	O
เด็กๆ	NORM_2WORD
_	O
กู	O
ไป	O
เข้า	O
ห้องน้ำ	O
กับ	O
เพื่อน	O
_	O
ด้วย	O
ความเด็ก	O
ก็	O
เลย	O
เข้า	O
ห้องน้ำ	O
ด้วย	O
กัน	O
สอง	O
คน	O
_	O
แล้ว	O
กู	O
ดัน	O
ล็อค	NORM_1WORD
ประตู	O
_	O
แล้ว	O
อี	O
ประตู	O
เสือก	O
เปิด	O
ไม่	O
ได้	O
_	O
เพื่อน	O
เลย	O
ตะโกน	O
บอก	O
เพื่อน	O
ข้าง	O
นอก	O
ให้	O
ถีบ	O
ประตู	O
ให้	O
หน่อย	O
_	O
ด้วยความที่	O
มัน	O
หลบ	O
แล้ว	O
แต่	O
กู	O
ยัง	O
ไม่	O
หลบ	O
ไง	O
_	O
พอ	O
อี	O
พวก	O
นั้น	O
ถีบ	O
มา	O
เท่านั้นแหละ	O
_	O
ประตู	O
เข้า	O
หน้า	O
กู	O
เต็มๆ	O
_	O
#เรื่อง	O
มัน	O
ช่าง	O
น่า	O
อาย	O

