not	O
everyday	O
favour	NORM_1WORD
for	O
a	O
favour	NORM_1WORD

let's	O
find	O
what	O
you	O
can	O
do	O
,	O
not	O
what	O
you	O
want	O
to	O
do	O
.	O
-	O
yoon	O
tae	O
woong	O

why	O
tf	NORM_2WORD
does	O
my	O
mom	O
say	O
"	O
it's	O
bout	NORM_1WORD
to	O
be	O
on	O
and	O
poppin	NORM_1WORD
"	O

rt	O
@btsbucketlist	O
:	O
namjoon	O
why	O
would	O
you	O
do	O
that	O
.	O
but	O
omg	O
you	O
all	O
look	O
so	O
hot	O
huhuhuu	O
nmd	O
era	O
jpn	O
~	O
~	O
http://t.co/6wuvbfzlkd	O

@ellraja	O
you're	O
late	O
..	O
woh	O
to	O
maine	O
khaa	O
liya	O
!	O

soo	NORM_1WORD
it's	O
a	O
$35	O
minimum	O
not	O
$30	O
...	O
waaay	NORM_1WORD
too	O
intense	O
.	O
http://t.co/3jiqiyl3kh	O

rt	O
@1dalert	O
:	O
idk	O
...	O
and	O
idc	O
either	O
lmao	O
but	O
i	O
guess	O
we'll	O
just	O
wait	O
and	O
see	O
when	O
they	O
come	O
on	O
stage	O
:)	O

nflpa	O
boss	O
goes	O
on	O
offensive	O
about	O
goodell	O
http://t.co/h9burrwcv6	O

beat	O
rockin	NORM_1WORD
'	O
kats	O
aka	O
new	O
york	O
nyankees	O
.	O
i	O
remember	O
this	O
was	O
harder	O
as	O
a	O
kid	O
.	O
http://t.co/goyqb9pxh6	O

@wajdy_akhmadi	O
terharu	O
cooyyyy	O
,	O
bahagia	O
laahhh	O
:	O
*	O
thanks	O
for	O
everyday	O
everynight	NORM_2WORD

rt	O
@femaletexts	O
:	O
when	O
u	NORM_1WORD
in	O
public	O
with	O
bae	O
&	O
u	NORM_1WORD
see	O
another	O
girl	O
look	O
at	O
him	O
http://t.co/5pyr3rronh	O

@anisrazlan	O
assalamualaikum	O
,	O
thanks	O
for	O
the	O
following	O
,	O
babe	O
.	O
nice	O
meet	O
u	NORM_1WORD
.	O
:)	O

these	O
broads	O
gettin	NORM_1WORD
catfished	O
by	O
dc	O
rappers	O
now	O
...	O
dont	NORM_1WORD
let	O
frivgawd	O
catfish	O
that	O
ass	O

out	O
for	O
lunch	O
!	O
bloomin	NORM_1WORD
starvin	NORM_1WORD

rt	O
@lalothegr8	O
:	O
im	NORM_1WORD
happy	O
with	O
who	O
im	NORM_1WORD
with	O

wristphone	O
:	O
smartwatch	O
ala	O
feature	O
phone	O
rp	O
800	O
ribuan	O
http://t.co/7zdzcn9cov	O

dont	NORM_1WORD
want	O
to	O
be	O
bothered	O
today	O
...	O
if	O
you	O
txt	NORM_1WORD
me	O
nd	NORM_1WORD
i	O
dnt	NORM_1WORD
text	O
bck	NORM_1WORD
thts	NORM_1WORD
why	O

rt	O
@dunia_sone	O
:	O
[	O
fancam	O
]	O
140116	O
taeyeon	O
-	O
everybody	O
(	O
shinee	O
):	O
http://t.co/4ab8vpftmc	O
via	O
@youtube	O

@jordandeja530	O
im	NORM_1WORD
taking	O
about	O
in	O
this	O
shid	NORM_1WORD

@kenam15	O
@sportscenter	O
we	O
got	O
romo	O
and	O
dez	O
that's	O
all	O
we	O
need	O
!	O

bitches	O
is	O
so	O
fake	O
in	O
my	O
school	O
lol	O
smh	O

rt	O
@asianprsuazion	O
:	O
stop	O
fuckin	NORM_1WORD
with	O
quan	O
and	O
connor	O
and	O
get	O
yourself	O
a	O
lee	O
http://t.co/c7ud9sixe5	O

apparently	O
,	O
i	O
dnt	NORM_1WORD
have	O
skinny	O
friends	O
cuz	NORM_1WORD
i	O
ate	O
them	O
all	O
.	O

watercolor	O
digital	O
paper	O
printable	O
scrapbooking	O
or	O
invitations	O
,	O
any	O
paper	O
crafting	O
,	O
pers	O
...	O
http://t.co/zj9p7mnyv9	O
http://t.co/lenhpwlnpb	O

you	O
better	O
txt	NORM_1WORD
me	O
if	O
you	O
really	O
need	O
somthin	NORM_1WORD

bulls	O
'	O
joakim	O
noah	O
skips	O
practice	O
for	O
personal	O
reasons	O
-	O
joakim	O
noah	O
was	O
...	O
http://t.co/fqod4kywad	O
#bullsjoakimnoah	O
#washingtonwizards	O

el	O
qaeda	O
and	O
boko	O
haram	O
must	O
be	O
watching	O
this	O
,	O
should	O
they	O
pull	O
a	O
stunt	O
on	O
us	O
we	O
won't	O
hesitate	O
to	O
react	O
#2014inauguration	O

seeing	O
if	O
ii	NORM_1WORD
can	O
get	O
a	O
lil	NORM_1WORD
shopping	O
out	O
the	O
way	O
before	O
workk	NORM_1WORD
..	O

days	O
of	O
future	O
past	O
aja	O
belom	O
nonton	O

rt	O
@exo_fanbase	O
:	O
[	O
hq	O
]	O
140523	O
baekhyun	O
-	O
exo	O
from	O
exoplanet	O
#1	O
-	O
the	O
lost	O
planet	O
concert	O
(	O
cr	O
:	O
honey	O
b	O
)	O
[	O
2	O
]	O
http://t.co/uirp2we3ci	O

rt	O
@zaynguccl	O
:	O
niall	O
looks	O
so	O
happy	O
im	NORM_1WORD
crying	O
irudfkjlc	O
http://t.co/abnazpouyw	O

rt	O
@krungy21	O
:	O
where	O
is	O
our	O
next	O
destination	O
?!?	O
it's	O
gotta	O
be	O
kuala	O
lumpur	O
!!!	O
see	O
u	NORM_1WORD
soon	O
blackjack	O
malaysia	O
!	O
:)	O
#aon	O
#kualalumpur	O
#2ne1	O

nigga	NORM_1WORD
still	O
anit	NORM_1WORD
gone	O
take	O
mine	O
glock	O
26	O
with	O
8	O
shots	O

sport	O
:	O
bafana	O
bafana	O
face	O
australia	O
today	O
in	O
an	O
international	O
friendly	O
.	O
kick	O
off	O
is	O
at	O
11:30	O
.	O

@mrkrest	O
@jag_bros	O
@ogundamisi	O
@danielakinlami	O
:	O
jonah	O
jang	O
is	O
one	O
of	O
nigeria	O
numerous	O
elder	O
state	O
men	O
dat	NORM_1WORD
r	NORM_1WORD
basking	O
in	O
d	NORM_1WORD
ocean	O
of	O
ignorance	O

off	O
to	O
take	O
the	O
muaythai	O
class	O
today	O
to	O
standin	NORM_1WORD
for	O
garie	O
!	O

omfg	O
my	O
phone	O
dropped	O
n	NORM_1WORD
i	O
caught	O
it	O
by	O
the	O
headphones	O
and	O
it	O
swung	O
into	O
my	O
balls	O

video	O
:	O
saints	O
last	O
night	O
just	O
couldnt	NORM_1WORD
help	O
it	O
lmbo	O
droppin	NORM_1WORD
all	O
over	O
the	O
place	O
at	O
...	O
http://t.co/ex3g0a7jr1	O

http://t.co/co2b1ir2mf	O
#4	O
:	O
celestial	O
seasonings	O
sleepytime	O
extra	O
tea	O
,	O
20	O
count	O
tea	O
bag	O
celestial	O
seasonings	O
sl	O
...	O
http://t.co/iimnocx2kl	O

rt	O
@darealmrslean	O
:	O
why	O
lebron	O
geeked	O
?	O
he	O
ain't	O
do	O
shit	O
ray	O
allen	O
the	O
one	O
winning	O
the	O
game	O

rt	O
@adilahaelf	O
:	O
openfollow	O
for	O
kpopers	O
.	O
kpopers	O
help	O
rt	NORM_1WORD
juseyo	O
;)	O
#bot	O

@tattedpeanuts	O
@buffs_and_bands	O
welp	O
go	O
to	O
the	O
strip	O
lol	O

@aimannazimm	O
fuack	NORM_1WORD
this	O
man	O
haha	O
alright	O
bro	NORM_1WORD

rt	O
@comingsoonnet	O
:	O
roland	O
emmerich	O
to	O
direct	O
stargate	O
reboot	O
!	O
http://t.co/bymgwm5mts	O

ctfu	O
at	O
dez	O
#onewomen	O
bitches	O
is	O
dumb	O
woman	O
is	O
singular	O
women	O
is	O
plural	O
ass	O
wipe	O

@fybally	O
hi	O
farah	O
the	O
fishy	O
hahaa	O
kidding	O
i	O
freaking	O
love	O
you	O

al	O
gim	NORM_2WORD
con	O
mami	O
c	O
:	O

lol	O
its	O
song	O
by	O
rick	O
ross	O
..	O
that's	O
d	NORM_1WORD
title	O
"	O
the	O
devil	O
is	O
a	O
lie	O
"	O
@posh_yemmy	O

rt	O
@bigwaynnne	O
:	O
"	O
@trapunzel_	O
:	O
@bigwaynnne	O
right	O
lol	O
"	O
lol	O
wait	O
til	NORM_1WORD
they	O
have	O
one	O
tho	NORM_1WORD

@ashley_twt	O
jimin	O
:	O
is	O
it	O
okay	O
if	O
i	O
asked	O
for	O
2	O
angpaos	O
jungkook	O
:	O
does	O
this	O
look	O
make	O
aunty	O
and	O
uncle	O
happy	O
for	O
bigger	O
angpao	O

#amazon	O
usa	O
:	O
spalding	O
nba	O
street	O
#basketball	O
by	O
spalding	O
http://t.co/eybuqyi0ms	O

@ziyadseacrest	O
edge	O
of	O
tommorow	NORM_1WORD
lagi	O
best	O
.	O
serius	O

um	O
dia	O
perfeito	O
para	O
2	O
imbecis	O
:	O
http://t.co/cf9dfxs0zd	O
via	O
@youtube	O

have	O
your	O
mixtape	O
stand	O
out	O
from	O
the	O
rest	O
with	O
our	O
mixtape	O
promotion	O
campaigns	O
!!	O
dm	NORM_2WORD
me	O
for	O
more	O
details	O

@starr_toopretty	O
lol	O
i	O
aint	NORM_1WORD
do	O
nun	O

bad	O
hair	O
day	O
.	O
woke	O
up	O
sicker	O
than	O
ytd	NORM_1WORD
.	O
wtf	O

@itsheatherr_	O
i	O
need	O
to	O
stop	O
bein	NORM_1WORD
so	O
xrated	O
.	O

rt	O
@baekyeoliee	O
:	O
holy	O
moly	O
baekhyun	O
ttatt	O
http://t.co/jajgnfefsd	O

rt	O
@hxrry_long_legs	O
:	O
wtf	O
is	O
#haylorisback	O
i	O
dont	NORM_1WORD
understand	O
this	O
crap	O
?!?!	O
can	O
somebody	O
please	O
elaborate	O
..	O

@msbarnes_2u	O
that	O
was	O
snapchat	O
i	O
didn't	O
say	O
twitter	O
lol	O

do	O
your	O
own	O
fuckin	NORM_1WORD
laundry	O
bruh	NORM_1WORD
!	O
your	O
fuckin	NORM_1WORD
13-14	O
years	O
old	O
so	O
do	O
your	O
own	O
laundry	O
.	O

im	NORM_1WORD
up	O
next	O
i	O
sware	NORM_1WORD
to	O
god	O
my	O
time	O
coming	O

@vectorthaviper	O
send	O
me	O
ur	NORM_1WORD
pin	O
na	O
or	O
any	O
location	O
dieing	NORM_1WORD
to	O
see	O
u	NORM_1WORD

rt	O
@stylestickles	O
:	O
#zouispassmethatblunt	O
"	O
zayn	O
and	O
louis	O
"	O
guess	O
who	O
dosent	NORM_1WORD
take	O
managements	O
shit	O
anymore	O
http://t.co/fxvbwyqdv7	O

i	O
txted	NORM_1WORD
yu	NORM_1WORD
this	O
morning	O
&	O
yu	NORM_1WORD
ainy	NORM_3PLUS
txt	NORM_1WORD
me	O
back	O

mommy	O
love	O
wake	O
mi	NORM_1WORD
up	O
early	O
enuhh	NORM_1WORD
:|	O
suh	O
a	O
bed	O
mah	O
pree	O
rn	O

my	O
frnd	NORM_1WORD
gave	O
me	O
a	O
white	O
elephant	O
and	O
collcted	NORM_1WORD
it	O
cus	NORM_1WORD
i	O
was	O
tryin	NORM_1WORD
2	NORM_1WORD
get	O
ma	NORM_1WORD
golden	O
1	O
nd	NORM_1WORD
naw	NORM_1WORD
it	O
wnts	NORM_1WORD
2	NORM_1WORD
let	O
go	O
d	NORM_1WORD
plamy	O
days	O
wit	NORM_1WORD
ma	NORM_1WORD
golden	O
1	O

rt	O
@martinafitzg	O
:	O
the	O
tanaiste	O
and	O
taoiseach	O
will	O
meet	O
tmw	NORM_1WORD
to	O
discuss	O
election	O
results	O
and	O
reshuffle	O
#rtenews	O

@tokiohotel	O
omg	O
i	O
remember	O
this	O
!	O
it	O
was	O
on	O
a	O
newspaper	O
..	O
you	O
were	O
supposed	O
to	O
attend	O
on	O
an	O
event	O
in	O
dormagen	O
but	O
then	O
you	O
cancelled	NORM_1WORD
bc	NORM_1WORD
your	O

@kathpoulter	O
ooh	O
really	O
hope	O
.	O
not	O
:/	O
hehe	O
now	O
there's	O
an	O
idea	O
lol	O
.	O
;)	O
xxx	O

grabe	O
sana	O
bigyan	O
ako	O
para	O
sa	O
we	O
the	O
kings	O
!!	O
1	O
!!!	O

bria	O
said	O
"	O
im	NORM_1WORD
not	O
itching	O
im	NORM_1WORD
just	O
scratchin	NORM_1WORD
"	O
what	O
?!	O
lmao	O

http://t.co/ea1fkzddd1	O
#4	O
:	O
kattee	O
mens	O
top	O
layer	O
real	O
cow	O
leather	O
shoulder	O
briefcase	O
attache	O
15	O
inch	O
laptop	O
bag	O
...	O
http://t.co/ldozuh9vk9	O

who	O
will	O
score	O
first	O
:	O
hibbert	O
or	O
rashard	O
lewis	O
?	O

rt	O
@yasmin_shawol	O
:	O
you	O
silenced	O
me	O
-	O
teach	O
yoon	O
jong	O
ill	NORM_1WORD

@rizkychaidir_7	O
happy	O
sweetseventen	O
bang	O
!	O
semoga	O
makin	NORM_1WORD
jago	O
sepakbolanya	O
;)	O
be	O
better	O
than	O
before	O
,	O
allah	O
bless	O
youo	NORM_1WORD
:)	O
({})	O

just	O
favorited	O
"	O
summer	O
breeze	O
"	O
cloudcast	O
by	O
@maxjazzcatconti	O
on	O
mixcloud	O
http://t.co/jshk1reok6	O

@theywant_liyahh	O
if	O
you	O
ever	O
awnser	NORM_1WORD
the	O
phone	O
you	O
woyld	NORM_1WORD
know	O
and	O
did	O
you	O
go	O
download	O
tamgo	O
yet	O

@ellaphunkz	O
im	NORM_1WORD
gonna	NORM_2WORD
save	O
that	O
for	O
last	O
or	O
else	O
im	NORM_1WORD
going	O
to	O
be	O
so	O
emotionally	O
unstable	O

rt	O
@ibrahim_mujahed	O
:	O
i'm	O
just	O
tryna	NORM_2WORD
figure	O
out	O
why	O
they're	O
not	O
txtin	NORM_1WORD
the	O
group	O
with	O
me	O
in	O
it	O
?	O

r	NORM_1WORD
.	O
i	NORM_1WORD
.	O
p	NORM_1WORD
shaquille	O
morgan	O
,	O
haven't	O
forgot	O
about	O
ya	NORM_1WORD
!	O

rt	O
@insultstagram	O
:	O
ang	O
aking	O
allowance	O
,	O
bow	O
!	O
http://t.co/xnnipb5uyq	O

#new	O
-	O
new	O
photobooth	NORM_2WORD
picture	O
of	O
perrie	O
with	O
her	O
cousin	O
ellie	O
recently	O
http://t.co/mmubizbksa	O

rt	O
@leaksnapchats	O
:	O
don't	O
say	O
nothin	NORM_1WORD
just	O
retweet	O
...	O
http://t.co/anauqgfs6h	O

kamran	O
khan	O
is	O
leaving	O
geo	O
watch	O
free	O
all	O
tv	O
programs	O
.	O
apna	O
tv	O
zone	O
http://t.co/ac2i55mwam	O

im	NORM_1WORD
real	O
small	O
but	O
imma	NORM_3PLUS
dawg	O

rt	O
@5sosph_luzon	O
:	O
this	O
is	O
so	O
cute	O
dont	NORM_1WORD
even	O
try	O
t	NORM_1WORD
deny	O
it	O
http://t.co/dy57ybteqm	O

i'm	O
so	O
retarted	O
the	O
dum	NORM_1WORD
way	O
!!	O

rt	O
@ramantjakeem	O
:	O
@xo_dianaaaa	O
yaa	O
diggg	NORM_1WORD
lol	O
,	O
when	O
you	O
finna	NORM_2WORD
come	O
through	O
and	O
smoke	O
one	O
with	O
me	O
and	O
mufasa	O
?	O

'	O
bitch	O
please	O
'	O
ho	O
sakta	O
hai	O
to	O
'	O
dog	O
please	O
'	O
kyun	O
nahin	O
ho	O
sakta	O
???	O

@lisacapriola	O
i'll	O
drive	O
u	NORM_1WORD
bck	NORM_1WORD
to	O
my	O
house	O
now	O
so	O
we	O
can	O
go	O
to	O
the	O
beach	O

today	O
was	O
fun	O
someone	O
could	O
of	O
made	O
it	O
better	O
lol	O
me	O
gelo	O
and	O
alex	O
was	O
really	O
clowning	O

havent	NORM_1WORD
a	O
clue	O
what	O
they	O
are	O
singing	O
now	O
but	O
they	O
sound	O
goood	NORM_1WORD

can	O
more	O
people	O
fav	NORM_1WORD
my	O
picture	O
,	O
me	O
and	O
alli	O
are	O
bored	O
thx	NORM_1WORD

u	NORM_1WORD
niggas	NORM_1WORD
ain't	O
making	O
no	O
noise	O
!!!	O

rt	O
@ballupnba	O
:	O
lol	O
lebron	O
dropped	O
cj	O
watson	O
without	O
even	O
dribbling	O
!	O
https://t.co/rmbxfri9o7	O

rt	O
@stvckz_	O
:	O
@loveisjasmin	O
cause	NORM_1WORD
you	O
aint	NORM_1WORD
have	O
my	O
math	O
lol	O

rt	O
@ashton5sos	O
:	O
i	O
wonder	O
what	O
woulda	NORM_2WORD
happened	O
if	O
i	O
never	O
learnt	NORM_1WORD
the	O
drums	O

#9	O
:	O
aeg	O
be2003020w	O
60cm	O
multifunction	O
single	O
built	O
in	O
electric	O
oven	O
in	O
white	O
http://t.co/mm0ikffjni	O
aeg	O
be2003	O
...	O
http://t.co/bf577my664	O

rt	O
@ww1dupdates	O
:	O
niall	O
on	O
stage	O
at	O
croke	O
park	O
in	O
dublin	O
-	O
25.05.2014	O
#5	O
http://t.co/j3de5u1r89	O

rt	O
@hedious_	O
:	O
almarhum	O
sultan	O
azlan	O
shah	O
looks	O
like	O
taylor	O
lautner	O
at	O
the	O
age	O
of	O
21	O
.	O
so	O
handsome	O
.	O
al-fatihah	O
.	O
http://t.co/vpiajonli9	O

everyones	NORM_1WORD
warning	O
me	O
about	O
vixx	O
tv	O
well	O
shit	O

rt	O
@olla_ramelan	O
:	O
desain	O
lucu	O
kamar	O
anak	O
-	O
nice	O
and	O
cool	O
childrens	NORM_1WORD
room	O
decor	NORM_1WORD
ideas	O
http://t.co/pd5eaw7y2v	O

so	O
cuz	NORM_1WORD
megan	O
batoon	O
is	O
always	O
hella	NORM_3PLUS
happy	O
i	O
can't	O
want	O
someone	O
always	O
hella	NORM_3PLUS
happy	O
around	O
?	O

@saruragna	O
@meenuswt	O
@meeshagautam	O
@sggeet	O
soul	O
of	O
ema	O
y	NORM_1WORD
cv	O
is	O
feeling	O
bad	O
for	O
that	O
infact	NORM_2WORD
cv	O
should	O
be	O
proud	O
that	O
their	O
show	O
is	O
successful	O

whos	NORM_1WORD
finah	NORM_2WORD
lol	O
i	O
think	O
she	O
means	O
dinah	O

rt	O
@kaayshell	O
:	O
@_drell	O
im	NORM_1WORD
coming	O
later	O
.	O
i'm	O
somewhere	O
with	O
my	O
momma	NORM_1WORD

rt	O
@imvse	O
:	O
she	O
dosent	NORM_1WORD
want	O
to	O
take	O
a	O
selfie	O
http://t.co/22qwfmjwo1	O

niall's	O
family	O
,	O
louis	O
'	O
family	O
,	O
liam's	O
parents	O
,	O
des	O
and	O
gemma	O
all	O
will	O
be	O
at	O
tonight's	O
show	O
in	O
croker	O
maliks	O
get	O
your	O
asses	O
to	O
ireland	O
rn	O

rt	O
@vndreaxx	O
:	O
grab	O
ur	NORM_1WORD
gf's	O
ass	O
infront	NORM_2WORD
of	O
the	O
niggas	NORM_1WORD
dying	O
to	O
have	O
her	O

rt	O
@maddieghall	O
:	O
hollaback	O
girl	O
by	O
gwen	O
stefani	O
just	O
describes	O
my	O
life	O
perfectly	O
okay	O

#youarebeautiful	O
@allybrooke	O
ally	O
ilysm	O
follow	O
me	O
u	NORM_1WORD
make	O
me	O
smile	O
:)	O
16	O

rt	O
@trvlx	O
:	O
club	O
lacura	O
$250	O
cash	O
this	O
friday	O
for	O
lookin	NORM_1WORD
good	O
im	NORM_1WORD
there	O

rt	O
@dxrkwolvershire	O
:	O
raise	O
ur	NORM_1WORD
hands	O
if	O
ur	NORM_1WORD
against	O
tv5	O
and	O
gma	O
bc	NORM_1WORD
theyre	NORM_1WORD
gagos	NORM_1WORD
#gmaandtv5aretrash	O
#biggestliesgma	O
http://t.co/kya0jutzis	O

@essexhammer80	O
dont	NORM_1WORD
see	O
it	O
being	O
as	O
open	O
as	O
that	O
,	O
although	O
froch	O
should	O
win	O

i	O
doing	O
like	O
taryn	NORM_1WORD
what	O
i	O
dont	NORM_1WORD
know	O
look	O
up	O

@niallofficial	O
aww	O
bby	NORM_1WORD
i'm	O
proud	O
of	O
you	O
!	O

it'l	O
be	O
#strictlybyinvite	O
.	O
vee's	O
style	O
..	O
mathata	O
ke	O
gore	O
i'm	O
a	O
nobody	O
-__-	O

ughh	O
idk	O
y	NORM_1WORD
i'm	O
fuckn	NORM_1WORD
hot	O
!	O
when	O
i'm	O
layin	NORM_1WORD
here	O
naked	O

rt	O
@kinggmee4	O
:	O
this	O
nigga	NORM_1WORD
dom	O
really	O
be	O
tryna	NORM_2WORD
hide	O
his	O
birthday	O
,	O
conversate	NORM_1WORD
with	O
him	O
and	O
all	O
and	O
never	O
knew	O
#weirdo	O

huhuhuhuhuh	O
keep	O
that	O
postcard	O
set	O
and	O
polaroid	O
set	O
away	O
from	O
my	O
tlist	O
...........	O

@ashton5sos	O
omg	O
ashton	O
tell	O
me	O
what	O
you	O
got	O
tattooed	O
?!?!?	O
pleaseee	NORM_1WORD

rt	O
@go2slp	O
:	O
cardio	O
?	O
wasn't	O
he	O
a	O
thundercat	O
?	O

niggas	NORM_1WORD
change	O
everyday	O
b	O

http://t.co/gltw5gcnuo	O
#9	O
:	O
green	O
camo	O
braided	O
headband	O
green	O
camo	O
braided	O
headbandby	O
fabulicious	O
elastic	O
headb	O
...	O
http://t.co/lozuzavkcw	O

dann	O
bin	O
ich	O
mal	O
gespannt	O
,	O
wie	O
a	O
million	O
ways	O
to	O
die	O
in	O
the	O
west	O
so	O
ist	O

@abbieejo_3	O
lmao	O
well	O
maybe	O
you	O
should	O
have	O
stayed	O
in	O
the	O
ville	NORM_1WORD
!	O

rt	O
@mooorgasm	O
:	O
i	O
look	O
at	O
gabi	O
diaz	O
the	O
same	O
way	O
other	O
people	O
look	O
at	O
jen	O
selter	O

went	O
dwm	NORM_1WORD
balmy	NORM_1WORD
for	O
the	O
first	O
time	O
ina	O
while	O
n	NORM_1WORD
lost	O
myself	O
in	O
this	O
new(ish	O
)	O
mural	O
.	O
pics	NORM_1WORD
dont	NORM_1WORD
do	O
it	O
justice	O
,	O
go	O
peep	O
it	O
http://t.co/xtsdowzt7q	O

bitch	O
they	O
call	O
me	O
craycray	O
bitch	O
dnt	NORM_1WORD
forget	O
it	O
either	O

@onlyennanana	O
haha	O
may	O
exemptions	O
naman	O
eh	O
don't	O
worry	O

@rasharoro7	O
hi	O
,	O
please	O
follow	O
@elflovekangin	O
for	O
kangin	O
fanbase	O
,	O
gomawo	O

ooh	O
ikno	NORM_2WORD
it	O
is	O
lol	O

meg	O
just	O
said	O
"	O
im	NORM_1WORD
going	O
to	O
die	O
because	O
i	O
didnt	NORM_1WORD
get	O
my	O
tetnus	O
shot	O
before	O
i	O
ate	O
microwaved	O
bacon	O
"	O

rt	O
@leadeerr	O
:	O
start	O
a	O
trend	O
wid	NORM_1WORD
dis	NORM_1WORD
wrd	NORM_1WORD
"	O
@anousha98	O
"	O
;)	O

rt	O
@weenna_	O
:	O
"	O
@isy_aqqil	O
pray	O
for	O
ayu	NORM_1WORD
,	O
:'(	O
"	O
stay	O
strong	O
:	O
'	O
d	O

im	NORM_1WORD
totally	O
stressed	O
w	NORM_1WORD
my	O
thesis	O
writing	O
,	O
presentation	O
&	O
viva	O
that	O
i	O
need	O
to	O
fly	O
to	O
seoul	O
rn	NORM_2WORD
.	O
tt	O

rt	O
@larryyys	O
:	O
#guessharryssecret	O
a	O
)	O
hes	NORM_1WORD
gay	O
b	O
)	O
he	O
has	O
a	O
boyfriend	O
c	O
)	O
hes	NORM_1WORD
in	O
a	O
relationship	O
with	O
louis	O
tomlinson	O
d	O
)	O
all	O
the	O
above	O

@absterlyholt	O
you	O
wrre	NORM_1WORD
a	O
ninja	O
.	O
until	O
you	O
told	O
everyone	O
you	O
were	O
a	O
ninja	O
.	O
geez	O

ima	NORM_3PLUS
freak	O
all	O
the	O
time	O
...	O
like	O
i	O
gotta	O
stop	O
,	O
lol	O

ryan	O
lowkey	O
is	O
the	O
squads	O
thot	O
just	O
ask	O
bardo	O
.	O
ryan	O
smacked	O
his	O
ass	O
today	O

why	O
y'all	O
blaming	O
bosh	O
,	O
lebron	O
had	O
5	O
fouls	O
blame	O
his	O
touchy	O
touch	O
asss	O
idc	O
idc	O
idc	O

@emyllxa	O
i	O
can	O
see	O
that	O
actually	O
hahaha	O
wheres	O
your	O
internship	O
gonna	NORM_2WORD
be	O
at	O
?	O
wah	O
means	O
you	O
can	O
see	O
me	O
often	O
already	O
hahahaha	O

yass	NORM_1WORD
;)	O
gimmie	O
the	O
xp	O
thanks	O
http://t.co/psxp2wcq3b	O

@scots_dg	O
tell	O
staff	O
sgt	O
john	O
rigby	O
that	O
'	O
dugsbaws	O
'	O
is	O
gonnae	NORM_1WORD
do	O
a	O
jobby	O
in	O
his	O
tent	O
at	O
t	O
in	O
the	O
park	O
.	O
:)	O

happy	O
birthday	O
brooo	NORM_1WORD
!!!!!....	O
wish	O
u	NORM_1WORD
all	O
d	NORM_1WORD
best	O
..	O
may	O
allah	O
blessing	O
u	NORM_1WORD
all	O
the	O
time	O
...	O
glad	O
for	O
u	NORM_1WORD
..	O
http://t.co/cfqtsljkyn	O

script	O
kiddy	O
at	O
ip	O
:	O
80.58.248.15	O
(	O
es	O
,	O
spain	O
)	O
used	O
a	O
smbd	O
exploit	O
on	O
my	O
glorious	O
honeypot	O

rt	O
@dabriefcase	O
:	O
i	O
knw	NORM_1WORD
im	NORM_1WORD
hawt	O
joe	O
but	O
control	O
yurself	NORM_1WORD
http://t.co/hh0cmjexuo	O

#ff	O
happy	O
findom	O
friday	O
!	O
2	O
deny	O
urself	NORM_1WORD
of	O
ur	NORM_1WORD
purpose	O
,	O
serving	O
me	O
,	O
u	NORM_1WORD
will	O
be	O
left	O
feeling	O
empty	O
&	O
ur	NORM_1WORD
life	O
will	O
b	NORM_1WORD
meaningless	O
.	O
@joseab4	O

@ska_kongshan	O
haier	O
in	O
ho	O
chi	O
minh	O
city	O
disguised	O
as	O
a	O
japanese	O
company	O
!	O
http://t.co/gttbx8rs4e	O
via	O
@youtube	O
http://t.co/akr3adfi0f	O

@_citlalim	O
what	O
r	NORM_1WORD
the	O
vocab	O
words	O
for	O
markus	O
?	O

rt	O
@plssmalik	O
:	O
#1dnewsongiwillsurvive	O
eu	O
amo	O
vcs	O
,	O
eu	O
amo	O
esse	O
fandom	O
,	O
mim	O
beiji	O
directionas	O

now	O
playing	O
chi-raq	O
meek	O
mill	O
,	O
lil	NORM_1WORD
durk	O
&	O
shy	O
glizzy	O

yeah	O
everyone	O
says	O
its	O
normal	O
and	O
smth	NORM_1WORD
,	O
and	O
good	O
they	O
didn	NORM_1WORD
;	O
t	O
snoke	O
heoin	O
or	O
smth	NORM_1WORD
but	O
that	O
still	O
hurts	O
me	O
somehow	O
anywayy	NORM_1WORD
..	O

rt	O
@michael_heaver	O
:	O
ukip	O
has	O
had	O
two	O
councillors	O
elected	O
in	O
northern	O
ireland	O
today	O
.	O
marvellous	NORM_1WORD
.	O

@the_wonderball	O
lol	O
you	O
know	O
exactly	O
what	O
i'm	O
sayin	NORM_1WORD

este	O
chico	O
me	O
quiere	O
matar	O
http://t.co/k8kk3ksi6q	O

@___columbiiana	O
lol	O
just	O
made	O
it	O
lol	O

love	O
learning	O
a	O
new	O
language	O
in	O
frankies	O
and	O
bennys	O
toilets	O

not	O
fucking	O
w	NORM_1WORD
oomf	O
anymore	O
!	O

southbound	O
between	O
a47	O
near	O
hinckley	O
(	O
west	O
)	O
and	O
a47	O
near	O
hinckley	O
(	O
east	O
)	O
so	O
-	O
so	O
.	O
on	O
the	O
a5	O
from	O
cannock	O
towards	O
har-	O
http://t.co/xcwo5xdivj	O

i	O
haven't	O
seen	O
my	O
favourite	NORM_1WORD
m5	O
t	O
shirt	O
for	O
months	O
and	O
i	O
really	O
want	O
it	O
ughhhhh	O

@jakemedica	O
you	O
said	O
i	O
was	O
no	O
longer	O
bae	O
soo	NORM_1WORD
...	O

jorok	O
ah	O
-__-	O
"	O
@s94x_bestiehr	O
:	O
hai	O
oppa	O
'	O
3	O
'	O
/upilin/	O
/	O
?	O
rt	O
@s90x_xiumin	O
:	O
wahh	O
princes	O
fiona	O
:o	O
"	O
@s94x_bestiehr	O
:	O
test	O
new	O
ava&dn	O
"	O

free	O
fallin	NORM_1WORD
and	O
flippin	NORM_1WORD
the	O
other	O
day	O
http://t.co/1rxrovjdc4	O

lmao	O
"	O
@itsleedoe	O
:	O
girls	O
be	O
wearing	O
those	O
galaxy	O
leggings	O
but	O
never	O
even	O
been	O
to	O
outer	O
space	O
smh	O
"	O

rt	O
@battle_celeb	O
:	O
rt	NORM_1WORD
for	O
andrew	O
garfield	O
fav	NORM_1WORD
for	O
zac	O
efron	O
http://t.co/fz6pxzcrvc	O

rt	O
@nialletc	O
:	O
lmao	O
louis	O
'	O
looking	O
like	O
a	O
chav	O
'	O

rt	O
@knockknock0408	O
:	O
[	O
cap	O
]	O
140525	O
chanyeol	O
-	O
sbs	O
roommate	O
cr	O
.	O
flameyeol	O
http://t.co/ugbpo6gv6p	O

@kristal_tall26	O
lg	O
on	O
aje	O
,	O
lu	O
neng	O
?	O

can	O
someone	O
like	O
skype	O
with	O
me	O
bosan	O
tahap	O
babi	O

rt	O
@dphxdg	O
:	O
"	O
@yeobaeks	O
:	O
baby	O
i	O
hate	O
u	NORM_1WORD
tt	O
tt	O
http://t.co/exznithncs	O
"	O

my	O
twitter	O
&	O
ig	NORM_1WORD
hittin	NORM_1WORD
on	O
sumn	NORM_1WORD
!	O

rt	O
@highwbu	O
:	O
im	NORM_1WORD
soooo	NORM_1WORD
prude	O
though	O
youll	NORM_1WORD
be	O
lucky	O
if	O
you	O
get	O
a	O
booty	O
pic	NORM_1WORD
from	O
me	O

allergies	O
fuckin	NORM_1WORD
wid	NORM_1WORD
me	O
tho	O
ugh	O
!	O

i	O
need	O
kai	O
or	O
somethin	NORM_1WORD
bc	NORM_1WORD
im	NORM_1WORD
rewatching	O
this	O
and	O
crying	O

rt	O
@biebs_loverx	O
:	O
i	O
can	O
basically	O
kill	O
to	O
see	O
justin	O
and	O
kenny	O
together	O
wtf	O
man	O
im	NORM_1WORD
upset	O

@ruroc_army	O
that's	O
sweet	O
,	O
need	O
a	O
boba	O
fett	NORM_1WORD
one	O

@kidwaiab	O
aww	O
bsjfnskf	O
yess	NORM_1WORD
booo	O
,	O
i	O
just	O
got	O
homee	NORM_1WORD

east	O
wallingford	O
vt	O
usa	O
weather	O
-	O
temp	O
:	O
54.5	O
f	O
humidity	O
:	O
95	O
average	O
wind	O
speed	O
:	O
0.6	O
mph	O
directon	O
:	O
nne	O
time	O
:	O
5:03	O
pm	O
http://t.co/neyju7dvtg	O

u	NORM_1WORD
kudve	NORM_2WORD
been	O
mi	NORM_1WORD
earth	O
but	O
u	NORM_1WORD
chose	O
to	O
be	O
hiz	NORM_1WORD
moon	O
..	O

wrk	NORM_1WORD
tmrw	NORM_1WORD
.	O
enjoyed	O
my	O
day	O
off	O
tho	NORM_1WORD
.	O

http://t.co/ktdnxnmqiv	O
#10	O
:	O
wmf	O
corvo	O
1158186030	O
sauce	O
spoon	O
wmf	O
corvo	O
1158186030	O
sauce	O
spoonby	O
wmf	O
aktiengese	O
...	O
http://t.co/imzatwhfcf	O

multichannel	O
-	O
did	O
you	O
know	O
?	O
i	O
preordered	O
jack	O
ryan	O
via	O
tesco	O
entertainment	O
,	O
and	O
it	O
was	O
added	O
to	O
my	O
blinkbox	O
library	O
to	O
watch	O
a	O
week	O
before	O

the	O
thought	O
,	O
clearly	O
,	O
is	O
to	O
stretch	O
serge	O
ibaka	O
out	O
on	O
the	O
perimeter	O
with	O
a	O
shooting	O
big	O
.	O
on	O
the	O
other	O
end	O
,	O
okc	O
rarely	O
posts	O
ibaka	O
.	O

rt	O
@itweetgemz	O
:	O
niggas	NORM_1WORD
be	O
like	O
"	O
aye	O
bruh	NORM_1WORD
lets	O
match	O
"	O
http://t.co/rrx5genirv	O

my	O
stories	O
on	O
snapchat	O
be	O
making	O
me	O
look	O
like	O
i	O
run	O
around	O
so	O
much	O
lmaoo	O

rt	O
@_chloe_murray	O
:	O
idk	O
how	O
i	O
would	O
feel	O
if	O
tanner	O
took	O
more	O
selfies	O
than	O
i	O
did	O
.....	O

i	O
only	O
started	O
fw	NORM_1WORD
ft	O
.	O
worth	O
ppl	NORM_1WORD
when	O
i	O
came	O
to	O
college	O

craving	O
for	O
balut	O
and	O
penoy	O
,	O
except	O
the	O
chick	O
.	O

rt	O
@ameera_jeppers	O
:	O
taniah	O
abg	O
jep	O
sepahtu	O
.	O
always	O
support	O
you	O
no	O
matter	O
what	O
.	O
#abpbh	O
#artistlelakikomedi	O
http://t.co/senwrgfhlp	O

@gavlar182	O
@rgrant87	O
im	NORM_1WORD
classier	O
than	O
miami	O
these	O
days	O
!	O
haha	O
like	O
i	O
said	O
those	O
shorts	O
wouldnt	NORM_1WORD
even	O
cover	O
my	O
ass	O
!	O
lol	O
my	O
fringe	O
is	O
better	O
:)	O

add	O
me	O
in	O
instagram	O
:	O
sarah_muhtab	O
add	O
me	O
in	O
snapchat	O
:	O
s	O
.	O
muhtab	O

@creatiinggfx	O
@scorestreakshq1	O
ight	NORM_1WORD
like	O
10$	O
of	O
what	O
nigga	NORM_1WORD
<3	O

#np	O
risky	O
summerbee	O
&	O
the	O
honeythief	O
-	O
slap	O
&	O
kiss	O
|	O
senja	O
mblooo	O

rt	O
@ohsehunsfans	O
:	O
kris	O
itu	O
moodboster	NORM_2WORD
loh	O

rt	O
@eyewiretoday	O
:	O
alcon	O
receives	O
positive	O
chmp	O
opinion	O
for	O
simbrinz	O
for	O
the	O
treatment	O
of	O
glaucoma	O
http://t.co/oguhssl6w2	O

lol	O
someone's	O
'	O
nb	O
'	O
11/8	O
favourite	NORM_1WORD
,	O
nice	O
one	O

rt	O
@zourrybabes	O
:	O
niall	O
loves	O
5sos	O
so	O
much	O
thats	NORM_1WORD
adorable	O

corso	O
mediterraneo	O
(	O
torino	O
)	O
,	O
traffic	O
counter	O
-	O
trafficflow	O
:	O
0	O
vehicle/min	O
#iotnet	O

my	O
becky	O
an	O
r	O
laura	O
lovley	NORM_1WORD
girls	O
xxxx	O
http://t.co/zud5ysmbkp	O

ofc	NORM_2WORD
i	O
remember	O
you	O
pmsl	O
.	O
you're	O
the	O
first	O
member	O
here	O
@kxxghr	O

@ohmy_niallers	O
izzie	O
.	O
but	O
my	O
name	O
on	O
twitter	O
is	O
belle	O
so	O
that	O
no	O
one	O
from	O
school	O
finds	O
me	O
haha	O

my	O
crush	O
followed	O
me	O
bsck	NORM_1WORD
on	O
instagram	O
this	O
is	O
not	O
a	O
drill	O
guys	O
omfg	O
im	NORM_1WORD
sweating	O
holy	O
shit	O
wow	O
omg	O
what	O
is	O
this	O
fuck	O

she	O
doesn't	O
deserve	O
this	O
nana	O
yaa	O
does	O
!	O

but	O
i	O
sped	NORM_1WORD
off	O
in	O
the	O
benzy	O
,	O
i	O
see	O
the	O
envy	O
when	O
i'm	O
causin	NORM_1WORD
a	O
frenzy	O
.	O

@hannaa_young23	O
sleeve	O
:)	O
i'll	O
come	O
lol	O
need	O
to	O
book	O
some	O
hours	O
ha	O
x	O

spy	O
armbanduhr	O
m	O
.	O
kamera	O
,	O
spy	O
watch	O
cam	O
camera	O
4gb	O
http://t.co/3rfpxoluov	O

rt	O
@celliniiii	O
:	O
pre	NORM_1WORD
calc	NORM_1WORD
final	O
is	O
about	O
to	O
be	O
a	O
rough	O
one	O
today	O
#nhl15bergeron	O

rt	O
@kpoplover727	O
:	O
words	O
that	O
describe	O
exo	O
:	O
luhan	O
is	O
pain	O
chanyeol	O
is	O
sex	O
sehun	O
is	O
porn	O

intip	NORM_2WORD
poster	O
terbaru	O
horor	O
kanibal	NORM_1WORD
the	O
green	O
inferno	O
!	O
http://t.co/bocsgoesko	O

@gmrampulla	O
weekdays	O
not	O
bad-	O
weekends	O
chocka	O
....	O
watcha	NORM_2WORD
thinking	O
?	O
x	O

que	O
dupla	O
insaciable	O
wade	O
y	O
james	O

http://t.co/miq0y7skq4	O
#3	O
:	O
plex	O
plexby	O
plex	O
,	O
inc	O
.	O
(	O
518)buy	O
new	O
:	O
$4.99	O
$0.99	O
(	O
visit	O
the	O
best	O
sellers	O
in	O
appstore	NORM_2WORD
...	O
http://t.co/gbjqxxgh0q	O

rt	O
@cmelakigor	O
:	O
harvest	O
gold	O
by	O
etienne	O
francey	O
via	O
http://t.co/20cukkzict	O
#500px	O
http://t.co/aztnjdiakk	O

@kthopkins	O
omg	O
someone	O
has	O
unfollowed	O
u	NORM_1WORD
she	O
won't	O
be	O
the	O
1st	O
or	O
the	O
last	O
how	O
will	O
u	NORM_1WORD
possibly	O
sleep	O
tonight	O

idiot	O
n	NORM_1WORD
liar	O
:	O
kentucky	O
newspaper	O
slams	O
mitch	O
mcconnell's	O
obamacare	O
doublespeak	O
http://t.co/ajh45ik0bw	O
via	O
@dailykos	O

drunk	O
beff	NORM_3PLUS
is	O
not	O
good	O
beefff	NORM_3PLUS
let	O
me	O
tell	O
u	NORM_1WORD
now	O

rt	O
@_raethemartian_	O
:	O
truth	O
is	O
men	O
need	O
women	O
.	O
why	O
yall	NORM_1WORD
fight	O
this	O
idk	O
....	O

@vnhnv	O
well	O
u	NORM_1WORD
said	O
you	O
can	O
creep	O
and	O
i	O
can	O
put	O
dat	NORM_1WORD
pic	NORM_1WORD
up	O
bruh	NORM_1WORD

@lizardlickuk	O
#lizardlicktowing	O
@lizardlicktowin	O
i	O
know	O
ur	NORM_1WORD
all	O
roostered	O
up	O
but	O
i	O
aint	NORM_1WORD
feelin	NORM_1WORD
ur	NORM_1WORD
cockadoodledo	O
#teamamy	O
#teamron	O
#licklife	O

@_femalepac	O
i	O
went	O
ona	NORM_2WORD
riverwalk	NORM_2WORD
yesterday	O
,	O
it	O
was	O
full	O
of	O
white	O
people	O
tho	NORM_1WORD
.	O

rt	O
@__cashaaaaa	O
:	O
seriously	O
hate	O
those	O
"	O
retweet	O
this	O
or	O
________	O
will	O
happen	O
"	O
pictures	O
,	O
like	O
foh	O

rt	O
@olla_ramelan	O
:	O
desain	O
kamar	O
cewek	O
cakep	O
-	O
smart	O
amazing	O
girl	O
teen	O
room	O
ideas	O
http://t.co/xe2talzoeq	O

rt	O
@iam_iceel	O
:	O
somtimes	O
tots	O
can	O
ruin	O
u	NORM_1WORD
....	O
#thinkless	O

@lisyopenmind	O
@potteralda	O
@purrlcat	O
angy	O
knows	O
,	O
she's	O
met	O
my	O
jake	O
.	O
a	O
badboy	O
with	O
a	O
temper	O
....	O
raaaaar	O
!	O

rt	O
@hitdemops	O
:	O
bo2	O
or	O
ghost	O
retweet	O
for	O
bo2	O
and	O
fav	NORM_1WORD
for	O
ghost	O

1	O
tweep	O
unfollowed	O
(	O
goodbye	O
!	O
)	O
me	O
in	O
the	O
past	O
day	O
.	O
thank	O
you	O
http://t.co/qhyh6bsey2	O
.	O

rt	O
@theafricanjokes	O
:	O
teacher	O
:	O
make	O
sentence	O
with	O
abcd	O
.	O
akpos	O
:	O
atletico	O
beat	O
chelsea	O
die	O

rt	O
@manonghoran	O
:	O
whattt	NORM_1WORD
pls	NORM_1WORD
dont	NORM_1WORD
end	O
the	O
interview	O
..	O

i'm	O
at	O
hermes	O
xxi	O
-	O
@cinema21medan	O
(	O
medan	O
,	O
sumatera	O
utara	O
)	O
w/	O
7	O
others	O
http://t.co/8he8s5ylsc	O

yea	NORM_1WORD
im	NORM_1WORD
not	O
gonna	NORM_2WORD
be	O
happy	O
bout	NORM_1WORD
bosh	O
this	O
the	O
least	O
he	O
culd	NORM_1WORD
do	O
after	O
how	O
he	O
been	O
playin	NORM_1WORD

evry1s	NORM_1WORD
saying	O
that	O
bam	O
r	O
performing	O
2moz	NORM_1WORD
but	O
they	O
aint	NORM_1WORD
no	O
bgt	O
so	O
:s	O
??	O

he	O
obvi	NORM_1WORD
doesnt	NORM_1WORD
understand	O
that	O
#ballislife	O
http://t.co/wbx9h8jndm	O

rt	O
@badrulradi	O
:	O
currently	O
at	O
perpustakaan	O
negara	O
with	O
my	O
classmate	O

anthony	O
gallo	O
is	O
c	O
o-o	O
rdinator	O
of	O
the	O
27th	O
annual	O
seniors	O
games	O
!	O
thanx	NORM_1WORD
for	O
the	O
in-studio	O
chat	O
about	O
the	O
upcoming	O
event	O
@country1043	O
#sault	O

@cosplayfan123	O
and	O
i	O
iove	O
pringles	O
so	O
it's	O
a	O
win	O
win	O
situation	O

rt	O
@chulalesslie	O
:	O
@mydudeits_cece	O
yees	O
lol	O
you	O
always	O
have	O
me	O
laughing	O
with	O
your	O
tweets	O
lmfao	O

rt	O
@goldenthang	O
:	O
when	O
u	NORM_1WORD
tweetin	NORM_1WORD
in	O
class	O
and	O
someone	O
in	O
your	O
class	O
favs	NORM_1WORD
ur	NORM_1WORD
tweet	O
http://t.co/4kwam0dlte	O

rt	O
@cyeolhana	O
:	O
jongin	O
was	O
like	O
wow	O
flirting	O
right	O
before	O
my	O
very	O
eyes	O
!	O
the	O
nerve	O
,	O
stop	O
luhan	O
you	O
flirt	O
!	O
lol	O
#wmaexo	O
http://t.co/1e2pnatszz	O

rt	O
@passantino	O
:	O
interfax	O
:	O
rebel	O
leader	O
in	O
eastern	O
ukraine	O
says	O
his	O
men	O
are	O
holding	O
osce	O
observers	O
-	O
ap	O

rt	O
@lanoviadeliam_	O
:	O
#zouispassmethatblunt	O
y	O
narry	O
tan	O
http://t.co/fbdqlyxq3v	O

rt	O
@dxoxoluhandeer	O
:	O
im	NORM_1WORD
eating	O
cadbury	O
right	O
now	O
haha	O
xd	O

@actual_kyungsoo	O
wowzers	O
i	O
really	O
have	O
no	O
idea	O
i	O
don't	O
know	O
anything	O
about	O
toys	O
lol	O

don't	O
unfollow	O
me	O
or	O
i'll	O
eat	O
u	NORM_1WORD

@kingbizzl	O
ilysm	O
justin	O
please	O
please	O
follow	O
me	O
its	O
my	O
biggest	O
dream	O
bae	O
x14	O

share	O
my	O
blessing	O
-	O
neato-c	O
asa	O
...	O
its	O
tooo	NORM_1WORD
much	O
of	O
a	O
tunee	NORM_1WORD

can	O
michel	O
gondry	O
and	O
wes	O
anderson	O
team	O
on	O
a	O
short	O
someday	O
please	O
?	O

rt	O
@waytogay	O
:	O
bruuh	NORM_1WORD
its	O
always	O
just	O
me	O
and	O
dae	O
up	O

rt	O
@niallofficial	O
:	O
dressin	NORM_1WORD
room	O
shenanigans	O
!	O
with	O
harrystyles	O
http://t.co/xdupsttiot	O

rt	O
@60sniam	O
:	O
harry	O
called	O
niall	O
the	O
princess	O
of	O
croke	O
park	O
i	O
dont	NORM_1WORD
know	O
if	O
i	O
should	O
laugh	O
or	O
cry	O

dear	O
parents	O
,	O
when	O
i	O
ask	O
for	O
money	O
don't	O
ask	O
what	O
it's	O
for	O
.	O
thx	NORM_1WORD
u	NORM_1WORD

i	O
added	O
a	O
video	O
to	O
a	O
@youtube	O
playlist	O
http://t.co/uxvw5ewp9v	O
versaemerge	O
:	O
fixed	O
at	O
zero	O
[	O
official	O
video	O
]	O

rt	O
@aenwiya24	O
:	O
haha	O
i	O
feel	O
like	O
whenever	O
you	O
are	O
thinkin	NORM_1WORD
bout	NORM_1WORD
something/someone	O
you	O
can	O
relate	O
to	O
every	O
fuckin	NORM_1WORD
tweet	O

kurang	O
h	O
kakak	O
rt	O
@jiyyggy	O
:	O
@nrlkha	O
somebody	O
that	O
i	O
used	O
to	O
know	O
:)	O

rt	O
@dinahjane97	O
:	O
i'm	O
sore	O
&	O
sit	O
..	O
from	O
all	O
that	O
shakin	NORM_1WORD
'	O
n	NORM_1WORD
bakin	NORM_1WORD
'	O
we	O
did	O
today	O

rt	O
@kkimseolhyun	O
:	O
#openfollow	O
for	O
rp	O
.	O
retweet	O
and	O
jfb	O
?	O

rt	O
@bitcoingood	O
:	O
2	O
gh/s	O
cex.io	O
lifetime	O
contract	O
voucher	O
-	O
asic	O
bitfury	O
bitcoin	O
mining	O
2,000	O
mh	O
http://t.co/l0xjgvbqhn	O
#btc	O

rt	O
@kingjabari__	O
:	O
rt	O
to	O
pass	O
this	O
chicken	O
leg	O
around	O
.	O
niggas	NORM_1WORD
broke	O
but	O
we	O
all	O
finna	NORM_2WORD
eat	O
http://t.co/2pazcmyugk	O

loved	O
the	O
gym	O
session	O
now	O
chillin	NORM_1WORD
watchin	NORM_1WORD
fast	O
5	O
wheey	O

if	O
anything	O
you	O
hoes	O
should	O
be	O
thankin	NORM_1WORD
me	O
im	NORM_1WORD
savin	NORM_1WORD
yall	NORM_1WORD
tears	O
&	O
heart	O
pains	O
cause	NORM_1WORD
everybody	O
know	O
who	O
kylan	O
not	O
leavin	NORM_1WORD

celtic	O
fans	O
who	O
would	O
you	O
like	O
as	O
the	O
new	O
manager	O
mackay	O
,	O
moyes	O
,	O
coyle	O
???????	O

rt	O
@bestofworldstar	O
:	O
when	O
bae	O
tryin	NORM_1WORD
to	O
break	O
up	O
with	O
you	O
http://t.co/tky8abmv1h	O

@dksrourou	O
iya	O
dyo	O
..	O
have	O
a	O
ciel	O
day	O
ya	O
:	O
''	O

rt	O
@outda_norm13	O
:	O
@princesschula69	O
omg	O
yes	O
!!	O
lol	O
i	O
hate	O
that	O
shit	O
.	O

me	O
and	O
my	O
mom	O
@username	O
von	O
trapp	O
family	O
lodge	O
http://t.co/we5elcr7w7	O

too	O
many	O
violations	O
,	O
housemates	O
.	O
tsk	O
.	O
tsk	O
.	O
#pbbtoughday	O

@sonialibra09	O
yup	O
..	O
n	NORM_1WORD
end	O
of	O
june	O
ramdan	O
!	O

rt	O
@5sos	O
:	O
naw	NORM_1WORD
hello	O
newcastle	O
:)	O
you	O
guys	O
are	O
so	O
sweet	O
!	O
xo	O

@tay1o	O
still	O
whoopin	NORM_1WORD
that	O
hoe	O
and	O
the	O
teachers	O
just	O
walking	O
along	O
lmao	O

@lking08	O
have	O
fun	O
lau	O
!	O
x	O

@crl_13	O
lol	O
i'll	O
wear	O
shoes	O
this	O
time	O
so	O
i	O
don't	O
fall	O
all	O
over	O
the	O
place	O
&	O
psh	NORM_1WORD
okay	O

vanity	O
is	O
fixing	O
150k	O
brazillian	NORM_1WORD
hair	O
on	O
an	O
empty	O
skull	O
"	O
pls	NORM_1WORD
start	O
sayin	NORM_1WORD
dis	NORM_1WORD
prayer	O
..	O
#bringbackmysense	O
#	O

rt	O
@worldstarfunny	O
:	O
best	O
snapchat	O
i've	O
seen	O
all	O
day	O
lmao	O
http://t.co/ge9jpwdggl	O

but	O
tobi	O
is	O
ten	O
centimeters	O
taller	O
than	O
senpai	O
!	O
@akasuna_1108	O
@blondesculptor	O

no	O
surprise	O
here	O
:	O
sisi	O
rolls	O
to	O
victory	O
in	O
egypt's	O
election	O
:	O
less	O
than	O
a	O
year	O
after	O
a	O
coup	O
,	O
abdel	O
fattah	O
al-si	O
...	O
http://t.co/bhqomwwwid	O

atletico	O
have	O
beaten	O
madrid	O
in	O
four	O
of	O
their	O
last	O
five	O
finals	O
-	O
with	O
all	O
four	O
wins	O
coming	O
in	O
the	O
copa	O
del	O
rey	O
....	O
http://t.co/7vaijic9tm	O

rt	O
@thewarrior292	O
:	O
im	NORM_1WORD
tiard	NORM_1WORD
of	O
mother	O
in	O
lore	O
jokes	O
..	O
lol	O
ok	O
here	O
one	O
more	O
http://t.co/y469whuhn4	O

rt	O
@itty_bitty616	O
:	O
bae	O
gon	NORM_1WORD
come	O
make	O
me	O
breakfast	O
in	O
the	O
morning	O

ol	NORM_1WORD
dude	O
from	O
henry	O
clay	O
wanted	O
to	O
talk	O
a	O
lil	NORM_1WORD
shit	O
about	O
them	O
winning	O
state	O
lol	O
...	O
well	O
the	O
results	O
are	O
out	O
there	O

"	O
@spookyleann	O
:	O
who's	O
pouya	O
again	O
?	O
"	O
lil	NORM_1WORD
wavy	O
ass	O
white	O
nigga	NORM_1WORD

i've	O
voted	O
for	O
my	O
favourite	NORM_1WORD
!	O
vote	O
for	O
your	O
favourite	NORM_1WORD
idea	O
and	O
win	O
an	O
amazing	O
nokia	O
lumia	O
1520	O
.	O
#yourwishismyapp	O
http://t.co/xhsuvwfwnz	O
25	O
.	O

rt	O
@donteven_ask	O
:	O
i	O
honestly	O
dont	NORM_1WORD
care	O
how	O
bad	O
my	O
own	O
situation	O
is	O
i'll	O
be	O
there	O
for	O
my	O
niggas	NORM_1WORD

mccarthy	O
,	O
gbs	O
lock	O
down	O
csl	O
south	O
title	O
over	O
maine	O
south	O
:	O
http://t.co/odklygg7fu	O
@gbs_baseball	O
@titanboosters	O

#dhoni	O
'	O
s	O
field	O
setting	O
fr	O
kohli	O
nd	O
abd	O
.....	O
#topclass	O

a	O
double	O
chocolate	O
cookies	O
with	O
nutella	O
and	O
caramel	O
/	O
caramel	O
and	O
nutella	O
stuffed	O
double	O
chocolate	O
chip	O
coo	O
http://t.co/5f4tpsdudb	O

@michael5sos	O
@calum5sos	O
@ashton5sos	O
michael	O
clifford	O
ashton	O
irwin	O
calum	O
hood	O
from	O
5sos	O
pls	NORM_1WORD
follow	O
@bradibeg_	O
tysm	O
,	O
love	O
youuu	NORM_1WORD
x25	O

@scoutingmusic	O
lil	NORM_1WORD
bamm	O
ft	O
pooh	O
da	NORM_1WORD
money	O
kid	O
-mob	O
shyt-	O
the	O
official	O
music	O
video	O
#retweet	O
&leaveayoutubecomment	O
http://t.co/qfiexf4bro	O

"	O
zouis	O
smoking	O
"	O
"	O
niall	O
and	O
selena	O
"	O
"	O
#payzerisback	O
"	O
what	O
the	O
hell	O
is	O
happening	O
?!	O

live	O
-	O
glamorgan	O
v	O
leicestershire	O
:	O
live	O
commentary	O
and	O
scorecard	O
as	O
glamorgan	O
host	O
leicestershire	O
in	O
d	NORM_1WORD
...	O
http://t.co/h3rovmyfrf	O
ne	O
feed	O

but	O
thats	NORM_1WORD
okay	O
.	O
aint	NORM_1WORD
no	O
thing	O
for	O
me	O
to	O
keep	O
it	O
on	O
the	O
low	O
.	O

rt	O
@_lexi5	O
:	O
don't	O
u	NORM_1WORD
hate	O
when	O
u	NORM_1WORD
tryna	NORM_2WORD
hold	O
yo	O
tears	O
in	O
...	O
then	O
some	O
concerned	O
ass	O
person	O
wanna	NORM_2WORD
ask	O
what's	O
wrong	O
and	O
u	NORM_1WORD
bust	O
out	O
cryin	NORM_1WORD
...	O

rt	O
@daefanth	O
:	O
[	O
fantaken	O
]	O
140518	O
daehyun	O
at	O
loe	O
in	O
taiwan	O
cr	O
.	O
7daysbb	O
http://t.co/10vsb4o1ic	O

rt	O
@btobjaeys	O
:	O
#openfollow	O
for	O
rp	O
,	O
esp	NORM_1WORD
member	O
btob	O
.	O
liat	O
bantu	O
rt	O
quote	O

ive	NORM_1WORD
been	O
shopping	O
everyday	O
since	O
ive	NORM_1WORD
been	O
in	O
virginia	O
....	O
feels	O
good	O
lol	O

lol	O
the	O
nastier	O
she	O
is	O
,	O
the	O
more	O
i	O
want	O
dig	O
up	O
in	O
that	O
ish	NORM_1WORD
but	O
#imnofreak	O

rt	O
@swagyojah	O
:	O
#openfollow	O
just	O
rp	O
no	O
kacang	O
no	O
jutek	O
jfb	O
http://t.co/qqxeomib77	O

@_ceeeceee_	O
or	O
you	O
just	O
know	O
how	O
to	O
apply	O
makeup	O
?	O
hahahah	O
lol	O

@615beauty	O
dont	NORM_1WORD
worry	O
ima	NORM_3PLUS
call	O
and	O
wake	O
yo	NORM_1WORD
ass	O
up	O
!!!	O

rt	O
@thetommocraic	O
:	O
whos	NORM_1WORD
higher	O
,	O
zayn's	O
high	O
notes	O
or	O
zayn	O
himself	O

rt	O
@footyhumour	O
:	O
legend	O
has	O
it	O
that	O
cristiano	O
ronaldo	O
just	O
magically	O
appears	O
when	O
there	O
is	O
a	O
free	O
kick	O
.	O

@bamboomusiclive	O
hi	O
coach	O
!!!	O
a	O
gud	NORM_1WORD
evening	O
to	O
you	O
.	O
mis	NORM_1WORD
u	NORM_1WORD

@_sunshineirwin	O
awwww	O
tysm	O
hsgdfhjfg	O
ily	O
yours	O
is	O
beautiful	O
too	O

video	O
:	O
down	O
the	O
pub	O
with	O
victorious	O
farage	O
:	O
ukip	O
leader	O
nigel	O
farage	O
has	O
again	O
ruled	O
out	O
a	O
coalition	O
of	O
euro-s	O
...	O
http://t.co/fusqaqgxaf	O

one	O
of	O
the	O
tatts	O
im	NORM_1WORD
gettin	NORM_1WORD
http://t.co/lbrnn1bb79	O

rt	O
@sportscenter	O
:	O
not	O
so	O
quick	O
,	O
la	O
!	O
michal	O
handzus	O
is	O
the	O
hero	O
as	O
blackhawks	O
beat	O
kings	O
in	O
ot	O
,	O
5-4	O
.	O
http://t.co/fqcdqfxmn7	O

un	O
troll	O
nei	O
sotterranei	O
,	O
un	O
troll	O
nei	O
sotterraaaaanei	O

like	O
dont	NORM_1WORD
hate	O
kagepro	O
but	O
i	O
just	O
dont	NORM_1WORD
care	O
about	O
it	O
so	O
seeing	O
it	O
everywhere	O
is	O
annoying	O

rt	O
@uncletrini	O
:	O
cuz	NORM_1WORD
we	O
lookin	NORM_1WORD
at	O
the	O
tiger	O
rt	O
@xhollywoodcourt	O
:	O
real	O
niggas	NORM_1WORD
dont	NORM_1WORD
even	O
notice	O
the	O
lion	O
http://t.co/y9n6xjbotm	O

@dtaitxo	O
are	O
u	NORM_1WORD
ready	O
cus	NORM_1WORD
i'm	O
jus	NORM_1WORD
gonna	NORM_2WORD
pull	O
out	O
front	O

lool	O
jz	O
one	O
small	O
thng	NORM_1WORD
!	O
;)	O
"	O
@jesse_shadezz	O
:	O
"	O
@i_lipred	O
:	O
@jesse_shadezz	O
you	O
abi	O
..	O
!!	O
*	O
snaps	O
fingers	O
"	O
bebe	O
oku	O
,	O
loooooool	O
,	O
what	O
did	O
i	O
do	O
nne	O
?	O
"	O

my	O
momma	NORM_1WORD
ain't	O
live	O
like	O
no	O
second	O
class	O
nigga	NORM_1WORD
.	O

@momof2gremlins	O
hi	O
val	O
!	O
thx	NORM_1WORD
for	O
follow	O
here	O
&	O
youtube	O
.	O
pls	NORM_1WORD
check	O
ur	NORM_1WORD
settings	O
in	O
google+	O
as	O
i	O
can't	O
reply	O
to	O
u	NORM_1WORD
the	O
way	O
u	NORM_1WORD
have	O
it	O
set	O
now	O
_/\_	O

@oolalalisa	O
hahaha	O
im	NORM_1WORD
serious	O
.	O
when	O
i	O
ate	O
that	O
jalepeno	O
pepper	O
after	O
@jc_birdman13	O
dared	O
me	O
to	O
,	O
i	O
didnt	NORM_1WORD
feel	O
better	O
til	O
i	O
threw	O
up	O
4	O
times	O
!	O

@thestorysofr	O
im	NORM_1WORD
5'7	O
and	O
shy	O
why	O
do	O
u	NORM_1WORD
think	O

i'm	O
gonna	NORM_2WORD
dm	NORM_2WORD
a	O
random	O
person	O
rightt	NORM_1WORD
naa	O

rt	O
@sehunastagram	O
:	O
i	O
know	O
that	O
jongin	O
is	O
the	O
original	O
sex	O
god	O
but	O
oh	O
sehun	O
is	O
just	O
a	O
pornstar-in-the-making	O

rt	O
@lolokim1	O
:	O
r	NORM_1WORD
u	NORM_1WORD
a	O
sofa	O
cuz	NORM_1WORD
your	O
sofaking	O
annoying	O

rt	O
@femalestruggies	O
:	O
when	O
im	NORM_1WORD
mad	O
at	O
someone	O
but	O
then	O
they	O
ask	O
if	O
im	NORM_1WORD
hungry	O
http://t.co/amu11pdzjr	O

ion	O
tell	O
niggas	NORM_1WORD
,	O
i	O
show	O
niggas	NORM_1WORD

"	O
danielle	O
veilleux	O
and	O
ryan	O
holland	O
"	O
by	O
via	O
nyt	NORM_3PLUS
http://t.co/ae69q0bmxm	O

jokowi	O
vs	O
prabowo	O
siapa	O
yang	O
pantas	O
jadi	O
presiden	O
ri	O
?	O

dont	NORM_1WORD
sleep	O
on	O
these	O
dope	O
bangers	O
!!!	O
http://t.co/ysadxq3txj	O

@ningenn_	O
are	O
you	O
gonna	NORM_2WORD
wash	O
me	O
?	O
;)	O
haha	O
cause	NORM_1WORD
i	O
won't	O
hahaha	O
oh	O
well	O
;p	O

@graemeforsyth	O
haha	O
im	NORM_1WORD
ony	NORM_1WORD
doing	O
this	O
to	O
piss	O
off	O
everyone	O
on	O
my	O
tl	NORM_1WORD

@beautykingc	O
watch	O
xmen	O
,	O
xmen	O
2	O
,	O
and	O
xmen	O
first	O
class	O
.	O
they	O
the	O
only	O
good	O
ones	O
.	O

snapchat	O
bestfriends	NORM_2WORD
are	O
so	O
weird	O
like	O
it	O
just	O
changed	O
yo	NORM_1WORD
someone	O
ive	NORM_1WORD
never	O
snapchated	O
what	O

so	O
grateful	O
for	O
overtime	O
.	O
heh	O
heh	O
heh	O
.	O

@kiara_horde	O
@tweetwin25224	O
@_juliettemalik	O
where	O
tf	NORM_2WORD
is	O
the	O
link	O
at	O
niqqa	NORM_1WORD

https://t.co/oqouqhua5t	O
vote	O
knoxville	O
&	O
i'll	O
buy	O
u	NORM_1WORD
cookies	O
noteven	O
kidding	O

rt	O
@zacefronbae	O
:	O
wishing	O
i	O
was	O
cuddling	O
with	O
zac	O
efron	O
rn	O

i	O
was	O
lookin	NORM_1WORD
for	O
something	O
to	O
favorite	O
.	O
.	O
but	O
there	O
was	O
nothing	O
lol	O
..	O
i	O
was	O
tryna	NORM_2WORD
leave	O
a	O
hint	O

rt	O
@gdbro	O
:	O
#openfollow	O
for	O
rp	O
#openheart	O
sekalian	O
siapa	O
tau	O
kita	O
jodoh	O
wks/	O
?	O

wtf	O
is	O
prev	NORM_1WORD
tweet	O
been	O
trying	O
to	O
figure	O
this	O
out	O
for	O
about	O
a	O
year	O

rt	O
@mgapinoypatama	O
:	O
tangina	O
this	O
!	O
(	O
c	O
)	O
http://t.co/ggssfr5sv0	O

look	O
how	O
i	O
wip	O
it	O
how	O
i	O
wip	O
it	O
how	O

rt	O
@brandonbanks716	O
:	O
i	O
hate	O
sometimey	O
ass	O
bitches	O
brah	NORM_1WORD
!	O

rt	O
@harryxchampayne	O
:	O
rt	NORM_1WORD
for	O
an	O
indirect	O
(	O
i'll	O
@username	O
u	NORM_1WORD
)	O
free	O
bc	NORM_1WORD
im	NORM_1WORD
bored	O
http://t.co/lcl8n170lr	O

@sofakingcomplex	O
we	O
don't	O
all	O
say	O
jimmy's	O
or	O
hoagies	O
cuz	NORM_1WORD
i	O
def	O
say	O
sprinkles	O
and	O
sub	O
lol	O

"	O
@_vsxp	O
:	O
rasheeda	O
and	O
erica	O
the	O
realest	O
females	O
on	O
love	O
&	O
hip	O
hop	O
atl	O
!	O
"	O
rft	O

why	O
my	O
friends	O
all	O
so	O
emo	O
one	O
haiss	O

vixx	O
reveal	O
they	O
were	O
jealous	O
of	O
btob	O
for	O
being	O
in	O
the	O
same	O
agency	O
as	O
b2st	O
http://t.co/6i4qxfmwym	O

@niallofficial	O
hi	O
niall	O
it	O
would	O
mean	O
the	O
world	O
and	O
make	O
my	O
dreams	O
come	O
true	O
if	O
you	O
follow	O
me	O
x	O

@val_heis	O
i	O
don't	O
need	O
tha	NORM_1WORD
money	O
and	O
dm	NORM_2WORD
me	O
the	O
vid	NORM_1WORD
link	O

fuck	O
all	O
your	O
fuckin	NORM_1WORD
thoughts	O
about	O
'	O
us	O
'	O
and	O
that	O
patama	O
thingys	NORM_2WORD
.	O
soooooo	NORM_1WORD
kiddie	NORM_1WORD
.	O
-____________________________-	O

i	O
never	O
be	O
that	O
type	O
of	O
chick	O
that	O
trip	O
off	O
ah	O
dixk	NORM_1WORD
frfr	O
goodmorning	NORM_2WORD
loves	O
:)	O

rt	O
@yakapooh	O
:	O
ion	O
want	O
nobody	O
but	O
youu	NORM_1WORD
kissn	NORM_1WORD
on	O
my	O
tattoos	O

niall	O
zayn	O
louis	O
harry	O
liam	O
http://t.co/rtb7prldxq	O

51	O
daily	O
followers	O
.	O
29	O
unfollowers	O
.	O
justunfollow	NORM_2WORD
doesn't	O
miss	O
a	O
trick	O
-	O
via	O
http://t.co/fckbo7tlvu	O

@beaubrwks	O
i	O
was	O
doing	O
nothing	O
lately	O
tbh	O
haha	O
u	NORM_1WORD

illa	O
j	O
ft	O
.	O
potatohead	O
people	O
-	O
never	O
left	O
:	O
http://t.co/9mqh3vqaob	O
via	O
@youtube	O
|	O
just	O
stumbled	O
into	O
this	O
gem	O
.	O
#dopemusic	O

oh	O
yay	O
more	O
zac	O
efron	O
on	O
the	O
tl	O

today	O
should	O
juz	NORM_1WORD
keep	O
speeding	O
away	O
...	O
i	O
like	O
it	O
lyk	NORM_1WORD
dat	NORM_1WORD

rt	O
@rahmannman	O
:	O
@fazreensafiai	O
born	O
to	O
be	O
a	O
legend	O
ke	O
acaner	O
ny	O
???	O

the	O
red	O
mofo	O
from	O
insidous	O
stillll	NORM_1WORD
scares	O
the	O
shit	O
outta	O
me	O

@lolcalpal	O
thats	NORM_1WORD
not	O
true	O
im	NORM_1WORD
so	O
stupid/annoying	O
like	O
sure	O
when	O
we	O
talk	O
irl	O
you'll	O
be	O
like	O
ew	O

@arpitduryodhan	O
gud	NORM_1WORD
morning	O
...	O
n	NORM_1WORD
have	O
a	O
happy	O
sunday	O
:-)	O

tas	O
barbie	O
+	O
sepatu	O
.	O
165rb	O
.	O
order	O
invite	O
line	O
or	O
pin	O
bbm	NORM_2WORD
:)	O
http://t.co/w5mncxaaqd	O

rt	O
@natnatnatchiu	O
:	O
new	O
method	O
of	O
ponning	O
school	O
hahhahaha	O
http://t.co/xrvmh0dmhc	O

my	O
shooters	O
got	O
guns	O
&	O
they	O
soundin	NORM_1WORD
like	O
dog	O
whistles	O
!!	O
oxy	O
x	O
l.o.b	O
mafia	O
ft	O
.	O
uptownkye	O
by	O
shizz	O
g	O
http://t.co/a96f0dcm9s	O
on	O
#soundcloud	O

rt	O
@totaltrafficind	O
:	O
injury	O
accident	O
in	O
#indianapolis	O
(northside	O
)	O
on	O
fall	O
crk	NORM_1WORD
rd	NORM_1WORD
at	O
n	NORM_1WORD
shadeland	O
ave	NORM_1WORD
#traffic	O
http://t.co/a4hw0b3isj	O

rt	O
@thizisyomomma	O
:	O
i	O
rather	O
be	O
playing	O
@left4dead2pc	O
than	O
to	O
be	O
doing	O
hw	NORM_1WORD
tbh	O

forreal	NORM_2WORD
,	O
like	O
your	O
suppose	O
to	O
be	O
on	O
your	O
own	O
shit	O
by	O
21	O
..	O
you	O
ain't	O
special	O
nigga	NORM_1WORD
lol	O
find	O
a	O
cure	O
for	O
cancer	O
then	O
maybe	O
you	O
can	O
brag	O

i'm	O
quoting	O
lines	O
from	O
the	O
spongbob	NORM_1WORD
movie	O
to	O
@_meloderr_	O
and	O
its	O
really	O
bad	O
lol	O

rt	O
@plzzdanieljfb	O
:	O
rt	NORM_1WORD
for	O
an	O
indirect	O
i	O
will	O
do	O
all	O
tommorow	NORM_1WORD
cause	NORM_1WORD
im	NORM_1WORD
going	O
to	O
bed	O
:)	O
http://t.co/lvkf1uiryy	O

@ty_banoooo_	O
@ziodherm19	O
let	O
me	O
know	O
the	O
details	O
asap	NORM_3PLUS
!	O
im	NORM_1WORD
soo	NORM_1WORD
siked	O

been	O
wit	NORM_1WORD
me	O
since	O
day	O
#1	O
now	O
yuh	NORM_1WORD
actin	NORM_1WORD
like	O
a	O
groupy	O
hoe	O

#6	O
:	O
vauxhall	O
vectra	O
c	O
signum	O
wiper	O
linkage	O
push	O
rod	O
set	O
2006-2009	O
.	O
nextday	NORM_2WORD
delivery	O
option	O
...	O
http://t.co/bdd8hcyk9m	O

taemin	O
must	O
be	O
calling	O
his	O
hyungs	O
:	O
"	O
>	O
#6thyearswithshinee	O

shout	O
out	O
to	O
this	O
smokeshow	O
playing	O
monfils	O
right	O
now	O

#7	O
:	O
don't	O
sweat	O
the	O
technique	O
http://t.co/fdjd5atb3f	O
don't	O
sweat	O
the	O
techniqueeric	O
b	O
.	O
&	O
rakim	O
,	O
rakim	O
|	O
format	O
:	O
...	O
http://t.co/hxbihhisyu	O

@southies_finest	O
u	NORM_1WORD
goin	NORM_1WORD
to	O
summer	O
jam	O
?	O

sexting	O
...	O
"	O
@dj_saxzo	O
:	O
my	O
bbm	NORM_2WORD
just	O
got	O
more	O
interesting	O
.	O
shap	NORM_1WORD
!	O
"	O

rt	O
@funnypicsdepot	O
:	O
i	O
aint	NORM_1WORD
even	O
mad	O
..	O
im	NORM_1WORD
just	O
http://t.co/ipwzgk6vho	O

funniest	O
car	O
ride	O
way	O
home	O
with	O
@moth_xd	O
playing	O
james	O
blunt	O
,	O
nath	O
arguing	O
about	O
his	O
e-fag	O
and	O
patt	O
rapping	O
about	O
being	O
in	O
my	O
car	O
lol	O

hell	O
rell	O
aka	O
ruga	O
rell	O
was	O
harder	O
pause	O
lol	O
rt	O
@clt45billyd	O
:	O
gunplay	O
really	O
my	O
favorite	O
rapper	O

r|t	O
pronounce	O
phonetic	O
word	O
phuk	O
in	O
phuket	O
learn	O
good	O
english	O
-	O
http://t.co/bs9vingxay	O

rt	O
@elleuk	O
:	O
angelina	O
jolie	O
is	O
#maleficent	O
.	O
read	O
the	O
elle	O
review	O
http://t.co/xdqevgwccr	O
http://t.co/vs9vbh8vsp	O

rt	O
@doghoez	O
:	O
white	O
ppl	NORM_1WORD
act	O
like	O
im	NORM_1WORD
the	O
reason	O
their	O
uncles	O
touched	O
them	O
when	O
they	O
were	O
kids	O
chill	O
out	O
smh	O
why	O
u	NORM_1WORD
so	O
angry	O

spread	O
in	O
lieve	O
calo	O
,	O
euro	O
stabile	O
-	O
economia	O
http://t.co/mwsvouocs4	O

i	O
love	O
sengoku	O
basara	O
so	O
fucking	O
much	O
i	O
have	O
ended	O
buying	O
so	O
much	O
merch	NORM_1WORD
of	O
it	O

wizards	O
better	O
re-sign	O
gortat	O
and	O
ariza	O
to	O
keep	O
the	O
chemistry	O
.	O

wonder	O
if	O
im	NORM_1WORD
see	O
people	O
crying	O
today	O
lmaoo	O

"	O
@jas3man	O
:	O
eh	O
!	O
laylow	O
on	O
d	NORM_1WORD
beat	O
,	O
lolz	O
"	O
@pre_cutie	O
"	O
@da_choker	O
:	O
he	O
gon	NORM_1WORD
lay	O
low	O
trust	O
me	O
"	O
@pre_cutie	O
:	O
my	O
bf	NORM_1WORD
is	O
the	O
http://t.co/nzdfjelc4d	O

@daniela_razo08	O
@myrandaceleste	O
da	NORM_1WORD
fuq	NORM_1WORD
idk	O
i	O
think	O
we	O
should	O
do	O
an	O
appt	NORM_1WORD
bc	NORM_1WORD
it's	O
3	O
of	O
us	O

in	O
da	NORM_1WORD
streets	O
doin	NORM_1WORD
dirt	O
,	O
all	O
these	O
problems	O
they	O
got	O
my	O
head	O
hurtin	NORM_1WORD
!!	O

rt	O
@niallofficial	O
:	O
dressin	NORM_1WORD
room	O
shenanigans	O
!	O
with	O
harrystyles	O
http://t.co/xdupsttiot	O

i've	O
had	O
my	O
xbox	O
360	O
since	O
8th	O
grade	O
.	O
it's	O
so	O
old	O
lol	O

"	O
night	O
whore	O
"	O
tees	O
cotton	O
combed	O
30s	O
(	O
regular	O
fit	O
)	O
|	O
idr	O
.	O
115k	O
|	O
size	O
:	O
s/m/l/xl	O
|	O
sms	O
+628882034965	O
or	O
bbm	NORM_2WORD
323823b9	O
.	O
http://t.co/pxs3b4wv3v	O

sa	O
pasukan	O
:	O
less	O
puyat	O
and	O
less	O
internet	O
.!	O

@paulsharkspta	O
lol	O
pity	O
,	O
acommo	O
is	O
never	O
a	O
problem	O
in	O
durbs	O
...	O
but	O
enjoy	O
boet	O
.	O

rt	O
@infiniteupdates	O
:	O
[	O
preview	O
]	O
140526	O
mbc	O
idol	O
futsal	O
championship	O
-	O
hoya	O
#1	O
by	O
hoya	O
macaron	O
http://t.co/kdgn4tajdd	O

rt	O
@og_nino	O
:	O
any	O
nigga	NORM_1WORD
willing	O
to	O
fight	O
a	O
professional	O
boxer	O
ova	O
u	NORM_1WORD
really	O
love	O
yo	NORM_1WORD
ass	O
.	O

i	O
dont	NORM_1WORD
even	O
have	O
a	O
bae	O
tbh	O

powerful	O
!	O
this	O
is	O
by	O
far	O
the	O
most	O
powerful	O
thing	O
anyone	O
has	O
ever	O
said	O
to	O
narendra	O
modi	O
http://t.co/1dgooztguf	O

@lwebz90	O
hahaha	O
..	O
yes	O
!	O
mob	O
embryology	O
man	O
..	O
fck	NORM_1WORD

after	O
stage	O
16	O
debacle	O
at	O
giro	O
,	O
are	O
stelvio	O
,	O
gavia	O
passes	O
worth	O
the	O
trouble	O
?	O
:	O
eduard	O
vorganov	O
rides	O
next	O
to	O
a	O
...	O
http://t.co/e8pzoshqyx	O

rt	O
@alcoholla	O
:	O
iggy	O
azalea	O
is	O
a	O
bad	O
bitch	O
idc	O

rt	O
@hemmings_taco	O
:	O
rt	O
for	O
a	O
dm	NORM_2WORD
to	O
luke	O
hemmings	O
(	O
mbf	O
bc	NORM_1WORD
i	O
actually	O
do	O
them	O
)	O
http://t.co/pvxsqk1cva	O

kim	O
yeon	O
woo	O
releases	O
mv	O
for	O
'	O
move	O
'	O
ft	NORM_1WORD
.	O
block	O
b's	O
park	O
kyung	O
http://t.co/mirjregw2u	O

rt	O
@juwitaband	O
:	O
now	O
!	O
@juwitaband	O
on	O
@inboxsctv_	O
with	O
cinta	O
slow	O
motion	O
!	O
bagi	O
yg	O
suka	O
juwita	O
,	O
please	O
rt	O
!	O
#inboxcsm	O

ima	NORM_3PLUS
start	O
texting	O
her	O
back	O

@stopp12	O
o	O
i	O
got	O
it	O
all	O
figured	O
out	O
.	O
even	O
i	O
got	O
caught	O
when	O
i	O
was	O
little	O
lol	O
.	O

bruh	NORM_1WORD
ppl	NORM_1WORD
are	O
hella	NORM_3PLUS
annoying	O
at	O
school	O

rt	O
@thevampsrob	O
:	O
yall	NORM_1WORD
so	O
worried	O
about	O
the	O
fact	O
zayn	O
was	O
smoking	O
weed	O
he	O
wasnt	NORM_1WORD
even	O
wearing	O
a	O
seat	O
belt	O

rt	O
@myblackkiss	O
:	O
dear	O
gma	O
,	O
"	O
hi	O
"	O
"	O
im	NORM_1WORD
louis	O
tomlinson	O
from	O
bad	O
direction	O
"	O
http://t.co/mqawz7yhbx	O

rt	O
@troblemkerhoran	O
:	O
"	O
@istylesnouis	O
:	O
dear	O
management	O
,	O
please	O
let	O
zayn	O
malik	O
design	O
the	O
merch	O
sincerely	O
,	O
the	O
entire	O
one	O
direction	O
fandom	O
"	O

rt	O
@balladof	O
:	O
please	O
rt	NORM_1WORD
!	O
we	O
found	O
this	O
dog	O
and	O
wnt	NORM_1WORD
to	O
find	O
it's	O
owner	O
!	O
found	O
in	O
finsbury	O
park	O
london	O
!!	O
x	O
http://t.co/4wlx0wsotz	O

rt	O
@jaellybeansg	O
:	O
rw	O
:	O
can	O
you	O
say	O
saranghae	O
leo	O
:	O
me	O
?!	O
rw	O
:	O
yes	O
you	O
.	O
leo	O
:	O
to	O
?	O
rw	O
:	O
you	O
can	O
say	O
it	O
to	O
me	O
!	O
leo	O
:	O
sorry	O
.	O
ken	O
:	O
hyung	O
saranghae	O

milktea	O
otw	O
to	O
my	O
tummy	O
:')	O

hahahahahhahaha	O
dmvan	O
nils	O
omg	O
trip	O
hem	O
hiero	O
akxndknd	O
http://t.co/rjwnpponve	O

@bhezangel23	O
im	NORM_1WORD
fine	O
^^	O
thank	O
u	NORM_1WORD

rt	O
@imniallsmichael	O
:	O
rt	NORM_1WORD
if	O
ur	NORM_1WORD
a	O
niall	O
girl	O
dont	NORM_1WORD
stop	O
voting	O
for	O
him	O
just	O
remember	O
that	O
he	O
loves	O
u	NORM_1WORD
#wmaonedirection	O
http://t.co/bt7ozix3uj	O

@greysonchance	O
greyson	O
,	O
can	O
u	NORM_1WORD
follow	O
me	O
?	O
:)	O
x20	O

dan	O
buat	O
yang	O
lolos	O
,	O
congrats	NORM_1WORD
!	O
enjoy	O
the	O
feedback	O
of	O
your	O
hardwork	O
,	O
yey	O
.	O
*	O
throws	O
confetti	O
*	O
#celty	O
http://t.co/jusmfxs4z7	O

dats	NORM_1WORD
my	O
nigga	NORM_1WORD
mash	O
we	O
about	O
to	O
smash	O
he	O
wont	O
let	O
me	O
pass	O
until	O
he	O
smashes	O
my	O
ass	O

the	O
immigrant	O
,	O
starring	O
joaquin	O
phoenix	O
,	O
jeremy	O
renner	O
and	O
marion	O
cotillard	O
is	O
now	O
playing	O
at	O
harkins	O
camelview	O
5	O
!	O
http://t.co/4ev9pmjcrz	O

stop	O
commenting	O
geez	NORM_1WORD
wtf	O
ppl	NORM_1WORD
at	O
livestream	O
are	O
so	O
effing	NORM_1WORD
annoying	O

rt	O
@geezzzus	O
:	O
layin	NORM_1WORD
up	O
>	O
goin	NORM_1WORD
out	O
.	O
rns	O
lol	O

@coelasquid	O
i	O
believe	O
the	O
term	O
for	O
male	O
ballerina	O
is	O
"	O
ballerino	O
.	O
"	O
like	O
the	O
pokemon	O
.	O

i	O
added	O
a	O
video	O
to	O
a	O
@youtube	O
playlist	O
http://t.co/6vktmhxloa	O
trey	O
songz	NORM_1WORD
-	O
u	NORM_1WORD
belong	O
to	O
me	O
(	O
lyrics	O
)	O

aint	NORM_1WORD
no	O
way	O
yall	NORM_1WORD
gone	O
stop	O
me	O

rt	O
@wasayjalil	O
:	O
society	O
needs	O
altaf	O
hussain	O
http://t.co/c2nsxete7m	O
by	O
@mumairdabeer	O
#welovealtafhussain	O

rt	O
@luhanqt	O
:	O
roommate	O
cast	O
,	O
victoria	O
,	O
and	O
vixx	O
came	O
to	O
watch	O
exo	O
con	O
!	O

rt	O
@traphousemario	O
:	O
2	O
.	O
bruh	NORM_1WORD
this	O
nigga	NORM_1WORD
played	O
me	O
http://t.co/solxmjlb3w	O

#nowplaying	O
on	O
#fuerza943fm	O
wilo	O
d	O
new	O
-	O
la	O
tipa	O
click	O
to	O
listen	O
http://t.co/abyoi4woud	O

@coffeecaramello	O
i	O
will	O
post	O
lots	O
of	O
pictures	O
of	O
my	O
kdrama	NORM_1WORD
sight	O
seeing	O
lol	O
!	O

rt	O
@waiting4codot	O
:	O
alright	O
!	O
time	O
to	O
cook	O
some	O
perogies	O
!	O
nomnomnomnom	O
!	O

jab-jab	O
adharm	O
ka	O
ghada	O
bharta	O
he	O
,	O
tb-tb	O
deepak	O
chorasia	O
&	O
#bakwasindianewschannel	O
jaise	O
virus	O
paida	O
hota	O
he	O
!	O
bhagao	O
isey	O

rt	O
@wizkhalifa	O
:	O
wale	O
always	O
gon	NORM_1WORD
be	O
da	NORM_1WORD
homie	O
.	O

staying	O
exempli	O
gratia	O
straight	O
a	O
almsman	O
contemporary	O
puerto	O
armuelles	O
,	O
panama	O
:	O
adzt	O

it	O
is	O
soooo	NORM_1WORD
hot	O
n	NORM_1WORD
ma	NORM_1WORD
dam	NORM_1WORD
room	O
i	O
barely	O
can	O
breathe	O
smh	O
how	O
am	O
i	O
gne	NORM_1WORD
make	O
it	O
thru	NORM_1WORD
da	NORM_1WORD
nite	NORM_1WORD

rt	O
@quinn_welove	O
:	O
@dhis_chicka	O
@zhyanii_love	O
@_sugarmomma_	O
nigga	NORM_1WORD
who	O
don't	O
love	O
me	O
?	O
i'm	O
the	O
man	O
that's	O
that	O
real	O
nigga	NORM_1WORD

btcs	O
be	O
like	O
...	O
i	O
gotta	O
big	O
ass	O
smile	O
on	O
my	O
face	O
i	O
made	O
the	O
world	O
fall	O
out	O
but	O
my	O
niggas	NORM_1WORD
know	O
wat	NORM_1WORD
these	O
hoes	O
be	O
tryna	NORM_2WORD
do	O
dass	NORM_1WORD
y	NORM_1WORD
we	O
laughing	O

it's	O
still	O
bussing	O
on	O
bro	NORM_1WORD
but	O
i'm	O
finna	NORM_2WORD
go	O
home	O

hell	O
yeah	O
!!!	O
rt	O
@footy_girls	O
:	O
cristiano	O
ronaldo	O
girlfriend	O
nude	O
!	O
http://t.co/7re1ardwzb	O

rt	O
@foxtramedia	O
:	O
novak	O
djokovic	O
on	O
espn	O
set	O
after	O
2013	O
australian	O
open	O
win	O
http://t.co/synuqx2api	O
#sports	O
#2013	O
#after	O

@aicha_reya	O
being	O
200	O
kms	O
away	O
from	O
misurata	O
makes	O
me	O
uncomfortable	O
.	O

craving	O
for	O
coffee	O
scrolls	O
from	O
australia	O
!!!	O
i	O
wann	NORM_1WORD
go	O
there	O
soo	NORM_1WORD
bad	O
!	O
@ashton5sos	O
@luke5sos	O
@calum5sos	O
@michael5sos	O

rt	O
@tbhfuckoffpls	O
:	O
when	O
u	NORM_1WORD
see	O
bae	O
tweeting	O
someone	O
else	O
http://t.co/kh6csiwv0z	O

so	O
you	O
jus	NORM_1WORD
gon	NORM_1WORD
facetime	O
during	O
my	O
crank	O
session	O
nahhh	O
scrap	O

vespa	O
by	O
peter	O
van	O
eijk	O
:	O
akansha_gautam	O
posted	O
a	O
photo	O
:	O
via	O
500px	O
:	O
http://t.co/ruty61eusf	O
http://t.co/tsanpb8ihw	O

problem	O
went	O
platinum	O
proud	O
isnt	NORM_1WORD
even	O
the	O
word	O
im	NORM_1WORD
so	O
happy	O
hearing	O
it	O
she	O
is	O
well	O
deserved	O

check	O
out	O
"	O
cole	O
haan	O
"	O
maya	O
angelou	O
(	O
director's	O
cut	O
)	O
""	O
by	O
@benhughestv	O
on	O
vimeo	O
http://t.co/j5nks1kosk	O
#vimeo	O

patton	O
boggs	O
and	O
squire	O
sanders	O
formerly	O
agree	O
on	O
their	O
merger	O
..	O
businessnews	O
atlanta	O
http://t.co/jy0osu6xxh	O

hoop	O
life	O
gone	O
be	O
so	O
raw	O
livin	NORM_1WORD
my	O
life	O
a	O
banger	O
omg	O
#tybg	O
youve	NORM_1WORD
got	O
my	O
ears	O
addicted	O

@payayattdong	O
ulit	O
ulit	O
take	O
two	O
haha	O
!	O
#boomasim	O
!!!	O
ft	O
hashtag	O
haha	O

vc	O
no	O
topo	O
-	O
classificados	O
-	O
new	O
post	O
has	O
been	O
published	O
on	O
...	O
http://t.co/g6qtjcmi5f	O

rt	O
@ldreyglobal	O
:	O
lana	O
del	O
rey	O
performing	O
at	O
kanye	O
west's	O
and	O
kim	O
kardashian's	O
wedding	O
rehearsal	O
today	O
.	O
http://t.co/gnnupfjjmw	O

the	O
fact	O
that	O
loko	O
retweeted	O
that	O
tweet	O
from	O
the	O
astral	O
twitter	O
just	O
to	O
get	O
more	O
favs	NORM_1WORD
is	O
hilarious	O

opps	O
i	O
think	O
im	NORM_1WORD
pregnant	O
.	O
and	O
now	O
?	O
@wesleystromberg	O
http://t.co/0ecbyrrj6p	O

rt	O
@drunkasniall	O
:	O
niall	O
looks	O
so	O
happy	O
loml	O
http://t.co/4jisqfnwhy	O

@theechaco	O
hahahah	O
i	O
just	O
read	O
the	O
article	O
about	O
papelbon	O
n	NORM_1WORD
eskin	O
n	NORM_1WORD
saw	O
a	O
pic	NORM_1WORD
of	O
it	O
with	O
theechaco	O
right	O
in	O
there	O
hahahah	O
!!!	O

rt	O
@avonjdbperfect	O
:	O
"	O
@lanadreycrew	O
:	O
lana	O
del	O
rey	O
&	O
justin	O
bieber	O
full	O
body	O
shot	O
http://t.co/kqkrhfjtgz	O
"	O

terima	O
kasih	O
,	O
i	O
truly	O
mean	O
it	O

new	O
@whit_by	O
item	O
on	O
etsy	O
:	O
natural	O
whitby	O
sea	O
jet	O
sterling	O
silver	O
earrings	O
(	O
625	O
)	O
http://t.co/2deqna44si	O
http://t.co/aluijdz6xh	O

hol	O
all	O
paid	O
off	O
bring	O
on	O
napa	O
bitches	O
#tminus3months	O
@robgeorgewilson	O
@jordosborne	O

on	O
my	O
way	O
to	O
spr	O
...	O
what's	O
the	O
official	O
hashtag	O
?	O

finna	NORM_2WORD
get	O
hella	NORM_3PLUS
emo	NORM_1WORD
while	O
listening	O
to	O
frank	O
sinatra	O

king	O
cobra	O
-	O
i'm	O
so	O
cleveland	O
ft	O
.	O
chick	O
da	NORM_1WORD
flyest	O
,	O
mookie	O
motonio	O
,	O
fly	O
t	O
...	O
:	O
http://t.co/1repami5yq	O
via	O
@youtube	O

@hamdunk	O
so	O
not	O
vegan	O
anymore	O
lol	O
i'm	O
so	O
stoked	O
lol	O

hot	O
#new	O
mixtape	O
:	O
peewee	NORM_2WORD
longway	NORM_2WORD
-	O
the	O
blue	O
mm	O
peewee	NORM_2WORD
longway	NORM_2WORD
peewee	NORM_2WORD
longway	NORM_2WORD
delivers	O
his	O
new	O
...	O
http://t.co/4dt4ac5b8o	O
#peeweelongway	O

rt	O
@imrankhanpti	O
:	O
tonight	O
is	O
shab	O
e	O
mehraj	O
-	O
a	O
night	O
for	O
ibadat	O

i'm	O
all	O
late	O
listening	O
to	O
vato	O
by	O
dj	O
mustard	O
lol	O

no-soap	O
,	O
no-shampoo	O
,	O
bacteria-rich	O
hygiene	O
experiment	O
:	O
pic	NORM_1WORD
:	O
aobiome	O
(	O
c	O
)	O
read	O
what	O
happens	O
when	O
one	O
nyt	NORM_3PLUS
reporte	NORM_1WORD
...	O
http://t.co/coxalyorqs	O

not	O
even	O
kidding	O
when	O
kali	O
pulls	O
up	O
in	O
my	O
drive	O
way	O
im	NORM_1WORD
jumping	O
on	O
her	O
thats	NORM_1WORD
how	O
much	O
ive	NORM_1WORD
missed	O
her	O

@ironfrstb	O
@apolloeditsjr	O
fuck	O
u	NORM_1WORD
for	O
who	O
strt	O
these	O
things	O

rt	O
@worldstarghetto	O
:	O
lil	NORM_1WORD
homies	O
a	O
real	O
g	O
http://t.co/aymaquzjpr	O

aksi	O
tom	O
cruise	O
&	O
emily	O
blunt	O
di	O
video	O
14	O
menit	O
'	O
edge	O
of	O
tomorrow	O
'	O
http://t.co/tmr5gn2r4d	O

rt	O
@shiningtweets	O
:	O
.	O
@noizemasta	O
:	O
with	O
jonghyun	O
...	O
my	O
scalp	O
is	O
shinee	O
....	O
http://t.co/dbywkmekcm	O

rt	O
@shawn_cotton	O
:	O
friday	O
-	O
migos	O
saturday	O
-	O
#skateparty3	O
sunday	O
-	O
97.9	O
carshow	O
dallas	O
gonna	NORM_2WORD
be	O
turnt	NORM_1WORD
this	O
weekend	O
.	O

all	O
the	O
indirectness	O
smh	O
,	O
but	O
you	O
a	O
woman	O
right	O
lls	O
i	O
guess	O
not	O

maine	O
kal	O
hi	O
kaha	O
tha	NORM_1WORD
https://t.co/xprwygk7rm	O
mt	O
sunetrac	O
:	O
sec	O
of	O
cong	O
disowns	O
ajay	O
maken	O
attack	O
as	O
it	O
makes	O
sonia	O
open	O
to	O
similiar	NORM_1WORD
attacks	O

@gmqueen	O
haha	O
te	O
digo	O
yeah	O
we're	O
going	O
to	O
the	O
game	O
friday	O
and	O
i'll	O
be	O
over	O
sat	O
and	O
early	O
sunday	O

0r	O
0h	O
0e	O
(	O
pss	O
)	O
|	O
cbs	O
0	O
,	O
pss	O
0	O
|	O
end	O
1st	O
recap	O
|	O
http://t.co/qkkmsjop1o	O

@yo_vdix	O
you	O
watchin	NORM_1WORD
the	O
whole	O
thing	O
or	O
just	O
comin	NORM_1WORD
at	O
the	O
end	O
to	O
eat	O
?	O

bohot	O
mazak	O
uda	O
li	O
girls	O
ki	O
..	O
but	O
this	O
time	O
serious	O
..	O
.	O
.	O
true	O
lines	O
..!!!	O
only	O
girls	O
have	O
the	O
super	O
power	O
.	O
to	O
...	O
http://t.co/prv9opl33a	O

*	O
jaden	O
,	O
triston	O
and	O
i	O
argue	O
about	O
who	O
was	O
best	O
at	O
yu-gi-oh	O
!	O
*	O

@kaceeplayaa	O
realtlk	O
ready	O
to	O
get	O
off	O
..	O
been	O
hea	O
since	O
5	O
45	O

the	O
strokes	O
are	O
just	O
...	O
*	O
strained	O
voice	O
*	O
soo	NORM_1WORD
goodd	NORM_1WORD

dealema	O
feat	O
.	O
ace	O
(	O
mind	O
da	NORM_1WORD
gap	O
)	O
-	O
bom	O
dia	O

@hkergs	O
nah	NORM_1WORD
gurl	NORM_1WORD
i	O
just	O
have	O
bad	O
roots	O
lmfao	O

imma	NORM_3PLUS
tell	O
ya	NORM_1WORD
how	O
i	O
talk	O
to	O
him	O
everything	O
baee	O

@citytshwane	O
tent	O
erected	O
in	O
the	O
middle	O
of	O
a	O
main	O
road	O
in	O
phase	O
4	O
in	O
mamelodi	O
,	O
we	O
knw	NORM_1WORD
they	O
r	NORM_1WORD
grieving	O
bt	NORM_1WORD
not	O
in	O
main	O
road	O
.	O

rt	O
@oh_jaaazmin	O
:	O
ima	NORM_3PLUS
be	O
a	O
bitch	O
now	O
idgaf	O
about	O
anything	O
anymore	O
.	O

@myxolo	O
#missionmillion	O
friends	O
join	O
it	O
to	O
win	O
a	O
grand	O
prize	O
!	O
pass	O
the	O
xolo	O
lfc	O
#football	O
to	O
@jaihoteri	O
#4905	O

@mytomlinsonarmy	O
@ihappilyzaynn	O
@ayyeeeliam	O
@rissahoran20	O
@paradisalariana	O
fav	NORM_1WORD
for	O
a	O
follow	O
back	O
x	O

i	O
posted	O
2	O
photos	O
on	O
facebook	O
in	O
the	O
album	O
"	O
dreamland	O
aquapark	O
,	O
umm	O
al	O
quain	O
,	O
uae	O
.	O
"	O
http://t.co/fbs9gjyy50	O

rt	O
@aurak4s1h	O
:	O
desain	O
interior	O
rumah	O
nyaman	O
-	O
comfort	O
and	O
colorful	O
mid-century	O
modern	O
house	O
http://t.co/ocmztq9ouu	O

rt	O
@vulpinix	O
:	O
jason	O
biggs	O
loves	O
seaworld	O
so	O
much	O
!	O
he	O
just	O
loves	O
it	O
!	O
:	O
http://t.co/edlxnama0x	O
via	O
@youtube	O

@hi_itsnauti	O
couldn't	O
retweet	O
you	O
was	O
talking	O
bout	NORM_1WORD
niggas	NORM_1WORD
lol	O

@matchabubble	O
yeah	O
y	O
?	O
lol	O
.	O
she	O
was	O
one	O
of	O
our	O
ptr	O
team	O
member	O
too	O
.	O

rt	O
@lucyc0le	O
:	O
think	O
the	O
whole	O
tw	O
fanbase	O
needs	O
to	O
get	O
ed	O
@eddrewett	O
through	O
and	O
the	O
recognition	O
he	O
deserves	O

@kr199x	O
hell	O
yea	NORM_1WORD
im	NORM_1WORD
already	O
knowing	O
wat	NORM_1WORD
u	NORM_1WORD
sayin	NORM_1WORD

did	O
waka	O
really	O
name	O
his	O
new	O
mixtape	O
"	O
re-up	O
"	O
lmao	O

all	O
the	O
thots	O
finna	NORM_2WORD
step	O
out	O
tonight	O

@modelmaterial90	O
lil	NORM_1WORD
sis	NORM_1WORD
watz	NORM_1WORD
wring	O
talk	O
to	O
me	O

@ipodzeke1	O
thanks	O
for	O
the	O
retweet	O
and	O
the	O
fav	NORM_1WORD
.	O
your	O
vids	NORM_1WORD
are	O
the	O
highlights	O
of	O
my	O
day	O
.	O

god	O
!!!!	O
dis	NORM_1WORD
kin	NORM_2WORD
thing	O
can	O
pain	O
!!	O
papi	O
can't	O
stop	O
lamenting	O
..	O
lol	O

rt	O
@jennesysbieber	O
:	O
idc	O
who	O
had	O
u	NORM_1WORD
first	O
,	O
ima	NORM_3PLUS
have	O
u	NORM_1WORD
last	O

rt	O
@niallofficial	O
:	O
sean	O
,	O
darragh	O
and	O
i	O
,	O
in	O
croke	O
park	O
!	O
unbelievable	O
weekend	O
!	O
http://t.co/rqthgny2fg	O

rt	O
@tuckgod	O
:	O
if	O
it	O
aint	NORM_1WORD
hennessy	O
or	O
patron	O
i	O
most	O
likely	O
aint	NORM_1WORD
drinking	O
it	O
.	O
all	O
tht	NORM_1WORD
other	O
alcohol	O
nasty	O

now	O
streaming	O
shakira	O
feat	O
residente	O
of	O
calle	O
-	O
gordita	O
on	O
http://t.co/a2v5jttvzj	O
ct/ma's	O
#1	O
nightlife	O
website	O

@mxhdzhxrfxn	O
havent	NORM_1WORD
start	O
on	O
my	O
karangan	O

rt	O
@ale_quinonez_	O
:	O
@jaidysoto	O
jajajajajaja	O
dije	O
si	O
al	O
amor	O
en	O
twitter	O
:d	O

i'm	O
a	O
kpop	O
fangirl	NORM_2WORD
.	O
my	O
oppa	O
is	O
the	O
best	O
.	O
your	O
argument	O
is	O
invalid	O
.	O
#fangirlquote	O

respondo	O
el	O
role	O
y	O
sigo	O

rt	O
@theyaregay	O
:	O
some	O
people	O
need	O
to	O
calm	O
the	O
fuck	O
down	O
lol	O
we	O
aready	NORM_1WORD
knew	O
they	O
smoked	O
weed	O

rt	O
@luhanqt	O
:	O
yixing	O
talking	O
a	O
lot	O
and	O
kfans	O
around	O
me	O
laughing	O
at	O
his	O
korean	O
accent	O
once	O
in	O
a	O
while	O
lol	O

rt	O
@sleepingwthxrry	O
:	O
harry	O
u	NORM_1WORD
better	O
play	O
srsly	NORM_1WORD
ohmygod	O
this	O
boy	O
is2g	O
http://t.co/kbdv9uuohe	O

baek	O
should	O
be	O
touched	O
yeol's	O
hand	O
im	NORM_1WORD
crying	O
http://t.co/puo9zod6tn	O

@abarba2020	O
ight	NORM_1WORD
ima	NORM_3PLUS
see	O
if	O
fam	O
will	O
swoop	O
youu	NORM_1WORD

hey	O
fukuyama	O
,	O
the	O
history	O
is	O
not	O
over	O
..	O
http://t.co/piear5kwbb	O
ludwig	O
von	O
mises	O
fmi	O
hayek	O
fed	O
friedman	O
psdb	O
dem	O
http://t.co/fa3nxaq6kg	O
.	O

i'm	O
a	O
survivooooor	O
i'm	O
not	O
goin	NORM_1WORD
'	O
give	O
up	O
i'm	O
not	O
goin	NORM_1WORD
'	O
stop	O
i'm	O
goin	NORM_1WORD
'	O
work	O
hardeeeer	NORM_1WORD

@nowwithalex	O
scapegoating	O
shinseki	O
for	O
something	O
that	O
happened	O
in	O
az	O
is	O
ridiculous	O
&	O
i	O
know	O
the	O
potus	O
is	O
not	O
listening	O
to	O
u	NORM_1WORD
&	O
racist	O
repubs	NORM_1WORD
.	O

@saumya_seth	O
@shaheer_s	O
_s	O
mother	O
teresa	O
.....	O
sand	O
sculpture	O
:)	O
ek	O
bar	O
deko	O
agar	O
time	O
mila	O
tho	O
http://t.co/9zzcnfslsp	O

@kioscelana	O
like	O
our	O
facebook	O
page	O
:	O
"	O
celoteh	O
promo	O
"	O
http://t.co/1zpdwynxmm	O
|	O
status	O
iklan	O
,	O
terkoneksi	O
ke	O
twitter	O
|	O
it's	O
free	O
:)	O

steaming	O
#dimsum	O
from	O
a	O
yau	O
ma	O
tei	O
street	O
vendor	O
.	O
http://t.co/s78lfpvzkg	O

rt	O
@lil_johnnnn	O
:	O
dancing	O
bachata	O
in	O
my	O
room	O
is	O
what	O
i	O
do	O
best	O
lmaoo	O

i'm	O
at	O
glorietta	O
-	O
@ayalamalls	O
(	O
makati	O
city	O
,	O
metro	O
manila	O
)	O
w/	O
13	O
others	O
http://t.co/pkgaxocqiy	O

ayato	O
fucking	O
throwing	O
yui	NORM_1WORD
into	O
a	O
pool	O
was	O
too	O
fucking	O
hilarious	O
for	O
me	O
.	O
i	O
couldnt	NORM_1WORD
stop	O
laughing	O
.	O

@pammys49	O
@sirpaul2	O
don't	O
f	NORM_1WORD
w/a	O
mortgage	O
uw	O
.	O
i	O
will	O
find	O
u	NORM_1WORD
out	O
!	O

ano	O
guys	O
asap	NORM_3PLUS
tpos	O
diretso	O
the	O
buzz	O
?	O
#adventureto	O
ulit	O
?	O
lol	O
.	O
@anniengkaysarah	O
@0212kaori	O
@sarahg_lover	O

awh	O
im	NORM_1WORD
so	O
proud	O
of	O
my	O
favo	NORM_1WORD
.	O

labour	NORM_1WORD
doubles	O
its	O
meps	O
in	O
london	O
http://t.co/hn3d87j0je	O
via	O
(	O
harradox	O
)	O

@pnp_region6	O
pers	O
of	O
3rd	O
mp	O
1st	O
mc	O
rbsb6	O
conducted	O
pulisteniks	O
at	O
punta	O
ballo	O
,	O
brgy	O
4	O
,	O
sipalay	O
city	O
,	O
neg	O
occ	O
.	O
http://t.co/pnug7ezoxy	O

rt	O
@voodoochild42	O
:	O
insecure	O
bfs	NORM_2WORD
showin	NORM_1WORD
all	O
kinds	O
of	O
pda	O
cuz	NORM_1WORD
i	O
came	O
around	O
the	O
corner	O

rt	O
@lulyassy_	O
:	O
"	O
@arielxmariex	O
:	O
tbh	O
ima	NORM_3PLUS
just	O
act	O
the	O
way	O
oomf	O
acts	O
towards	O
me	O
then	O
he	O
can	O
tell	O
me	O
if	O
he	O
likes	O
it	O
"	O

oh	O
man	O
,	O
habs	O
vs	O
.	O
bruins	O
continues	O
.	O
the	O
finalists	O
for	O
the	O
nhl15	O
cover	O
?	O
subban	O
vs	O
bergeron	O
.	O
#nhl15subban	O

rt	O
@footballvines	O
:	O
got	O
to	O
love	O
xabi	O
alonso	O
!!	O
https://t.co/s3b5n2cr3b	O

rt	O
@canadiensmtl	O
:	O
59	O
.	O
sourires	O
contagieux	O
.	O
/	O
smiles	O
run	O
in	O
the	O
family	O
#nhl15subban	O
#76minchallenge	O
#defi76minutes	O
http://t.co/emoltzzbml	O

@nikkypoop	O
ah	O
oh	O
i	O
see	O
..	O
i	O
almost	O
had	O
a	O
heartattack	O
when	O
u	NORM_1WORD
said	O
5	O
bc	NORM_1WORD
i	O
havent	NORM_1WORD
seen	O
it	O
hahah	O

rt	O
@exoindonesia	O
:	O
[	O
preview	O
]	O
140523	O
sehun	O
@username	O
exo	O
from	O
.	O
exoplanet	O
#	O
1-the	O
lost	O
planet	O
in	O
seoul	O
(	O
cr	O
:	O
iridescent	O
boy	O
)	O
http://t.co/ezlq4pm4it	O

@talk2cleo	O
i	O
teering	NORM_1WORD
up	O
from	O
laughter	O
or	O
alergies	NORM_1WORD
i	O
cant	NORM_1WORD
tell	O
but	O
lmao	O
!!!	O
its	NORM_1WORD
shaved	O
bald	O
hair	O
cut	O
bet	O
for	O
the	O
football	O
game	O
.	O

rt	O
@exoffical_	O
:	O
the	O
reason	O
any	O
exo	O
fan	O
watches	O
soccer	O
lmao	O
http://t.co/fr73wdlxdd	O

boko	O
haram	O
leader	O
says	O
he	O
got	O
engaged	O
with	O
2	O
chibok	O
girls	O
:	O
http://t.co/fqoyc8mquj	O
http://t.co/jjnv53ck3c	O

omg	O
tt	O
nada	O
literally	O
jumped	O
on	O
me	O

rt	O
@madi_tanberg	O
:	O
it	O
doesnt	NORM_1WORD
even	O
feel	O
like	O
were	O
on	O
summer	O
break	O
wow	O
this	O
is	O
so	O
weird	O
wth	O

i	O
just	O
got	O
all	O
comfy	O
watchin	NORM_1WORD
my	O
movie	O
and	O
i	O
turn	O
around	O
and	O
theres	NORM_1WORD
a	O
huge	O
ass	O
bug	O
on	O
the	O
wall	O
starin	NORM_1WORD
me	O
n	NORM_1WORD
my	O
popcorn	O
down	O

@igetwildd	O
smh	O
thats	NORM_1WORD
just	O
fucking	O
horrible	O
...	O
how	O
could	O
anyone	O
be	O
friends	O
with	O
her	O
lol	O

footy	O
fans	O
92	O
grounds	O
tour	O
.	O
any	O
of	O
you	O
fancy	O
one	O
of	O
these	O
with	O
us	O
...	O
26th	O
july	O
-	O
burton	O
v	O
walsall	O
or	O
crewe	O
v	O
wolves	O

@unicornnigs	O
thats	NORM_1WORD
pretty	O
deep	O
...	O
balls	O
deep	O
lmao	O

rt	O
@aurak4s1h	O
:	O
desain	O
kamar	O
cowok	O
keren	O
-	O
comfort	O
boy	O
teen	O
bedroom	O
design	O
ideas	O
http://t.co/lwmh5ujc1o	O

u	NORM_1WORD
got	O
something	O
on	O
yo	NORM_1WORD
mind	O
nigga	NORM_1WORD

psg	O
'	O
merit	O
ban	O
for	O
disability	O
abuse	O
'	O
:	O
uefa	O
should	O
look	O
at	O
throwing	O
paris	O
st-german	O
out	O
of	O
the	O
champions	O
league	O
if	O
their	O
fans	O
are	O
foun	O
...	O

rt	O
@jasmine_bay	O
:	O
everyone	O
has	O
multiple	O
oomfs	O
,	O
everytime	O
i	O
retweet	O
about	O
oomf	O
being	O
attractive	O
i'm	O
talking	O
about	O
one	O
person	O
...	O

hahaha	O
...	O
cute	O
ng	O
baby	O
ko	O
!..	O
#prouddaddy	O
#cutebaby	O
http://t.co/qo1c26iezd	O

pls	NORM_1WORD
leave	O
me	O
alone	O
when	O
i'm	O
mad	O
,	O
but	O
pls	NORM_1WORD
make	O
me	O
happy	O
when	O
i	O
look	O
sad	O

rt	O
@wallyg_atnt	O
:	O
@qst17	O
lol	O
that	O
nigga	NORM_1WORD
money	O
said	O
control	O
ur	NORM_1WORD
bitch	O
nigga	NORM_1WORD

5	O
part	O
looooh	O
..	O
@username	O
bamboo	O
dimsum	NORM_2WORD
all	O
u	NORM_1WORD
can	O
eat	O
http://t.co/rekdbt4lnj	O

noise	O
cancelling	O
headphones	O
are	O
often	O
more	O
expensive	O
,	O
and	O
dont	NORM_1WORD
sound	O
as	O
good	O
,	O
as	O
their	O
non-noise	O
cancelling	O
counterparts	O

homie	O
i'm	O
just	O
triple	O
beam	O
dreamin	NORM_1WORD

rt	O
@reggaeville	O
:	O
new	O
tune	O
:	O
tarrus	O
riley	O
-	O
greatest	O
creation	O
[	O
greatest	O
creation	O
riddim	O
-	O
jukeboxx	NORM_1WORD
productions	O
http://t.co/kfmgbux1e6	O

rt	O
@worldstarfunny	O
:	O
this	O
lil	NORM_1WORD
nigga	NORM_1WORD
did	O
10	O
years	O
in	O
timeout	O
http://t.co/bswqzqespg	O

@vr46gaza	O
naw	NORM_1WORD
,	O
av	O
heard	O
its	O
class	O
though	O
!	O
johnny	O
knoxville's	O
an	O
absolute	O
hero	O
haha	O

we're	O
all	O
spoilt	O
by	O
vixx	O
but	O
they	O
made	O
us	O
this	O
way	O
im	NORM_1WORD
not	O
even	O
sorry	O
:^(	O

will	O
be	O
seein	NORM_1WORD
these	O
niggas	NORM_1WORD
at	O
the	O
cut	O
lol	O
.	O
http://t.co/wmthmaqmww	O

"	O
ewnjap	O
:	O
140528	O
apink	O
eunji	O
for	O
kbs	O
drama	O
"	O
trot	O
lover	O
"	O
first	O
episode	O
will	O
brodcast	NORM_1WORD
on	O
23rd	O
june	O
2014	O
http://t.co/wteusydizb	O
"	O

rt	O
@girlcrushesx	O
:	O
vanessa	O
hudgens	O
,	O
ashley	O
tisdale	O
,	O
selena	O
gomez	O
and	O
sarah	O
hyland	O
.	O
http://t.co/q1zmchj7wt	O

@xoxoxyareli	O
@billmillerprobz	O
pshh	O
i	O
went	O
and	O
got	O
mine	O
done	O
regardless	O
!	O
!	O
im	NORM_1WORD
sick	O
of	O
not	O
being	O
able	O
to	O
be	O
a	O
girl	O
haha	O

flyod	O
mayweather	O
&	O
t.i.	O
fights	O
in	O
los	NORM_1WORD
vegas	O
;-)	O
http://t.co/udekptfyff	O

im	NORM_1WORD
telling	O
yall	NORM_1WORD
.	O
never	O
trust	O
these	O
hoes	O
you	O
dont	NORM_1WORD
know	O
what	O
they	O
truly	O
want	O
from	O
you	O

rt	O
@quill18	O
:	O
the	O
battlestar	NORM_2WORD
galactica	O
pilot	O
is	O
still	O
amazing	O
on	O
the	O
5th	O
watch-through	O
.	O

junior	O
bo	O
greenlee	O
on	O
the	O
mound	O
for	O
wsr	O
tonight	O
.	O
threw	O
2	O
no-no's	O
last	O
year	O
.	O
pitched	O
for	O
perfect	O
game	O
this	O
offseason	O

rt	O
@saintsxctf	O
:	O
12.47	O
m	O
we	O
have	O
a	O
national	O
champion	O
in	O
the	O
triple	O
jump	O
!	O
divya	O
biswal	O
!	O

@awesomealameen	O
@mentionto	O
@maryamaminu9	O
u	NORM_1WORD
knw	NORM_1WORD
right	O
i	O
didnt	NORM_1WORD
tweet	O
thay	NORM_1WORD
right	O
?	O

yo	NORM_1WORD
what	O
happend	O
to	O
tila	O
tequila	O
?	O

martin	O
carthy	O
&	O
eliza	O
carthy	O
|	O
brewery	O
arts	O
centre	O
http://t.co/ciissv9cbg	O
via	O
@backendal	O
very	O
much	O
looking	O
forward	O
to	O
this	O
gig	O

i	O
love	O
watching	O
mlb	NORM_3PLUS
tbh	O

umm	O
haven't	O
asked	O
to	O
go	O
to	O
sunsplash	O
yet	O
...	O
whoops	O
...	O

@official1d_phil	O
@itsarpee	O
@mmilive	O
sana	O
po	O
sinabi	O
nio	O
na	O
merong	O
2nd	O
show	O
,	O
we	O
could	O
have	O
waited	O
for	O
the	O
vip	O
tix	NORM_1WORD
pero	O
ngaun	O
nakabili	O
na	O
kame	O

registered	O
the	O
100mb	O
internet	O
but	O
guna	NORM_1WORD
just	O
7.1	O
mb	O
je	O
,	O
haihhh	O
,	O
membazir	O
jeeeee	O
-.-	O

rt	O
@imrankhanpti	O
:	O
tonight	O
is	O
shab	O
e	O
mehraj	O
-	O
a	O
night	O
for	O
ibadat	O

@mscasablancas_	O
whyy	NORM_1WORD
didn't	O
u	NORM_1WORD
join	O
this	O
year	O
blushy	O
:o	O

@rayanneflynn	O
tbh	O
if	O
take	O
starbucks	O
.	O
insomina	NORM_1WORD
is	O
far	O
too	O
bitter	O
imo	O

rt	O
@headbussa_cvsb	O
:	O
stay	O
real	O
,	O
stay	O
down	O
&	O
stay	O
true	O
..	O
thats	NORM_1WORD
all	O
a	O
nigga	NORM_1WORD
ask	O

rt	O
@footballvines	O
:	O
got	O
to	O
love	O
xabi	O
alonso	O
!!	O
https://t.co/s3b5n2cr3b	O

rt	O
@d_el_cheto	O
:	O
yy	NORM_1WORD
h00y	NORM_1WORD
no	O
me	O
fayo	NORM_2WORD
,,	O
salud	NORM_1WORD
real	O
madrid	O
campeon	O
http://t.co/jjlu08flpt	O

@rudyanais	O
toy	O
igual	O
q	O
tu	NORM_2WORD
,	O
dnt	NORM_1WORD
wrry	NORM_1WORD
:'(	O

@denisespeaks	O
@jccaylen	O
that's	O
stupid	O
!	O
i'm	O
still	O
on	O
omegle	O
lol	O
i	O
have	O
no	O
life	O

i	O
know	O
cous	O
!	O
u	NORM_1WORD
,	O
corrina	O
,	O
gwyn	O
etc	O
are	O
.	O
is	O
mary	O
and	O
gwyn	O
fighting	O
?	O
coz	NORM_1WORD
of	O
everything	O
between	O
kev	O
,	O
rob	O
and	O
lindsey	O
@satcheccles	O

rt	O
@paulsmithjnr	O
:	O
#rip	O
to	O
the	O
39	O
people	O
who	O
lost	O
their	O
lives	O
at	O
heysel	O
.	O
god	O
bless	O
them	O
x	O

rt	O
@marcoyuenkw	O
:	O
sica	O
lying	O
on	O
the	O
phone	O
during	O
beep	O
beep	O
again	O
,	O
yoona	O
and	O
yuri	O
push	O
on	O
the	O
other	O
side	O
trying	O
to	O
bounce	O
her	O
up	O
lol	O

@megan3321	O
u	NORM_1WORD
jst	NORM_1WORD
going	O
in	O
normal	O
time	O
then	O
x	O

rt	O
@ygtraineepls	O
:	O
ohmygad	O
minzy	O
posing	O
for	O
a	O
fan	O
hahahahhaa	O
http://t.co/3q2exspze1	O

rt	O
@worldstarcomedy	O
:	O
lmao	O
yall	NORM_1WORD
saw	O
it	O
coming	O
sooner	O
than	O
later	O
http://t.co/6l5ppbrenh	O

rt	O
@nhesica	O
:	O
because	O
luhan	O
looks	O
so	O
manly	O
when	O
he's	O
doing	O
sports	O
...	O
luhan	O
and	O
sports	O
appreciation	O
tweet	O
http://t.co/abhhfagcew	O

@s_nursyafiqah95	O
@amirasyhrayahya	O
anak	O
polis	O
ade	O
.	O
ape	O
ssh	O
.	O
kahkahkah	O

law	O
enforcement	O
officers	O
hold	O
ceremony	O
in	O
rancho	O
cucamonga	O
-	O
victorville	O
daily	O
press	O
:	O
law	O
enforcement	O
officers	O
...	O
http://t.co/zlapfboqom	O

@tymirjohnson2	O
his	O
phone	O
off	O
rightnow	NORM_2WORD
imma	NORM_3PLUS
still	O
give	O
it	O
to	O
u	NORM_1WORD
tomorrow	O
tho	NORM_1WORD

rt	O
@beginilahwanita	O
:	O
satnite	O
at	O
home	O
retweet	O
!	O

rt	O
@tjmusicmonterde	O
:	O
"	O
@akoposimarcelo	O
:	O
together	O
.	O
us	O
forever	O
...	O
maybe	O
never	O
:(	O
"	O
thanks	O
for	O
listening	O
kuys	O
!	O
alam	O
ko	O
relate	O
ka	O
.	O
naks	O
.	O
haha	O
.	O
#us	O

roush	O
taps	O
trevor	O
bayne	O
for	O
cup	O
ride	O
;	O
future	O
#uncertain	O
for	O
biffle	O
,	O
edwards	O
-	O
more	O
:	O
|	O
|	O
|	O
bayne	O
and	O
...	O
http://t.co/ou9xqvgfbi	O
#trevorbayne	O

@claudiaradke	O
that	O
you	O
like	O
construction	O
guys	O
...	O
thats	NORM_1WORD
not	O
weird	O
.	O
i	O
like	O
chics	NORM_1WORD
who	O
i	O
can	O
get	O
into	O
a	O
bar	O
fight	O
and	O
have	O
them	O
fightin	NORM_1WORD
by	O
my	O
side	O

rt	O
@its_sleazy	O
:	O
@me_ufia	O
@slimtune01	O
@_xofia	O
@tola_man	O
@tz_masterreed	O
wic	O
gal	O
b	O
d@	O

@brazilstats	O
can	O
you	O
help	O
to	O
confirm	O
the	O
david	O
luiz	O
impending	O
transfer	O
to	O
psg	O
pls	NORM_1WORD
?	O

bxtch	NORM_1WORD
dont	NORM_1WORD
front	O
,	O
ill	NORM_1WORD
have	O
you	O
cut	O
off	O
too	O
.	O

rt	O
@5sos_updates	O
:	O
still	O
crying	O
cause	NORM_1WORD
ashtons	O
voice	O
asdfghjkl	O
omfg	O
https://t.co/ugklrumeyb	O

@indxxxx	O
y	O
tho	NORM_1WORD
u	NORM_1WORD
luk	NORM_1WORD
fit	O

@felipebrtt_	O
joga	O
de	O
thresh	O
adc	O
plz	NORM_1WORD
:d	O

clary	O
wat	NORM_1WORD
r	NORM_1WORD
u	NORM_1WORD
doin	NORM_1WORD
stahp	O

rt	O
@sknau	O
:	O
when	O
u	NORM_1WORD
tweetin	NORM_1WORD
in	O
class	O
and	O
someone	O
in	O
there	O
favs	NORM_1WORD
ur	NORM_1WORD
tweet	O
http://t.co/hcs6eyrnxr	O

rt	O
@danawhite	O
:	O
what	O
a	O
fight	O
!!!!!!!!!!!	O
barao	O
vs	O
dillashaw	O

@naturalbeats_30	O
haha	O
just	O
got	O
an	O
erection	O
thinking	O
bout	NORM_1WORD
u	NORM_1WORD
tenderly	O
kissing	O
and	O
cuddling	O
my	O
nude	O
bottom	O
mmmmm	O
:)	O
xx	O

rt	O
@thekylermurray	O
:	O
i'll	O
be	O
joining	O
coach	O
sumlin	O
and	O
the	O
texas	O
a&m	O
aggies	O
!	O
#gigem	O

my	O
sweetface	NORM_2WORD
had	O
me	O
up	O
&	O
working	O
early	O
..	O
love	O
my	O
lil	NORM_1WORD
sweet	O
niece	O
!	O

rt	O
@exofanbase	O
:	O
"	O
140526	O
luhan	O
"	O
is	O
trending	O
#10	O
worldwide	O
.	O
cr	O
.	O
smtownengsub	O
-y-	O
http://t.co/snqlumwoax	O

@fyeah_baekchen	O
omg	O
.	O
i	O
was	O
like	O
,	O
"	O
ehhh	O
comel	O
!	O
"	O
bhahahaha	O

@shireenthesats	O
johnson	O
elive	O
*	O
and	O
no	O
one	O
says	O
that	O
anymore	O
lmao	O
...	O
anyways	O
yeah	O
i	O
agree	O
with	O
you	O
,	O
and	O
theres	NORM_1WORD
4	O
of	O
us	O
.	O
#goodluckyagonnaneedit	O

@sharapovaworld	O
@ovafanboy	O
@hurley_llc	O
@renestance	O
@vrcsports	O
our	O
lady	O
chrissie	O
said	O
makarova	O
is	O
"	O
great	O
"	O
on	O
clay	O
court	O

rt	O
@candice_latrice	O
:	O
imma	NORM_3PLUS
support	O
my	O
ppl	NORM_1WORD
regardless	O
of	O
who	O
cut	O
up	O
....	O

the	O
c	O
word	O
is	O
so	O
gross	O
and	O
i	O
just	O
i	O
dont	NORM_1WORD
really	O
like	O
it	O
idk	O
its	O
ok	O
now	O
but	O
i	O
just	O
idk	O
im	NORM_1WORD
rambling	O

@nashgrier	O
wtf	O
how	O
did	O
you	O
find	O
my	O
twitter	O
nash	O
i	O
loce	NORM_1WORD
you	O
so	O
much	O

rt	O
@pewdiepie	O
:	O
rt	NORM_1WORD
my	O
previous	O
tweet	O
and	O
i	O
will	O
follow	O
you	O
back	O
.	O
lol	O
jk	NORM_2WORD
i	O
wont	NORM_1WORD
.	O

why	O
isnt	NORM_1WORD
there	O
a	O
mariokart	O
app	O

guess	O
who	O
i'm	O
cosplaying	O
(	O
it's	O
shit	O
but	O
still	O
)	O
as	O
at	O
comicon	O
???	O

rt	O
@niallofficial	O
:	O
sean	O
,	O
darragh	O
and	O
i	O
,	O
in	O
croke	O
park	O
!	O
unbelievable	O
weekend	O
!	O
http://t.co/rqthgny2fg	O

rt	O
@narendramodi_g	O
:	O
russia	O
ready	O
to	O
work	O
closely	O
with	O
narendra	O
modi	O
:	O
vladimir	O
putin	O
http://t.co/x3yzmjn65g	O

rt	O
@tehreelhov	O
:	O
rt	NORM_1WORD
if	O
ur	NORM_1WORD
still	O
up	O
becuz	NORM_1WORD
ur	NORM_1WORD
an	O
hood	O
ass	O
niga	NORM_1WORD

i	O
like	O
how	O
i	O
have	O
so	O
much	O
hw	NORM_1WORD
due	O
tomorrow	O
but	O
i'm	O
here	O
watching	O
tv	O
lol	O

@caseym_ford	O
@homeschool_prbs	O
@amyarrington15	O
ridge	O
lake	O
academy	O
.	O
home	O
of	O
the	O
fighting	O
llamas	O
.	O
draco	O
dormiens	O
nunquam	O
titillandus	O
.	O

rt	O
@fkkimjoo_	O
:	O
#openfollow	O
for	O
rp	O
yg	O
mau	O
folbackk	NORM_2WORD

rt	O
@aygarde_	O
:	O
bro	O
i	O
dont	NORM_1WORD
feel	O
like	O
i	O
even	O
have	O
school	O
tmrw	NORM_1WORD

@milklizard07	O
lol	O
-	O
i'd	O
love	O
to	O
see	O
youngsters	O
watching	O
this	O
,	O
bet	O
they're	O
thinking	O
wahat	NORM_1WORD
the	O
fuck	O
!	O
lol	O

try	O
na	O
po	O
words	O
that	O
starts	O
with	O
s	O
and	O
enda	O
with	O
r	O
example	O
:	O
saucer	O
admin	O
ching	O

u	O
.	O
o	O
.	O
e	O
.	O
n	O
.	O
o	O
dawwg	O

kyu	O
with	O
ahjumma	O
bags	O
..	O
oh	O
pls	NORM_1WORD
hahaha	O
xd	O
http://t.co/nluqxpezij	O

bottles	O
of	O
coke	O
are	O
normally	O
nice	O
,	O
this	O
one	O
tastes	O
abit	NORM_2WORD
watery	O
,	O
eugh	NORM_1WORD

"	O
@kenshintravis	O
:	O
stop	O
sub	O
tweetin	NORM_1WORD
.	O
u	NORM_1WORD
ain't	O
no	O
water	O
boy	O
.	O
@souljaboy	O
"	O
tooooooo	NORM_1WORD
real	O

both	O
actd	O
n	NORM_1WORD
2	O
music-orientd	O
dramas/she	O
dd	NORM_1WORD
a	O
chaebol	O
relatd	NORM_1WORD
drama	O
,	O
he	O
dd	NORM_1WORD
a	O
chaebol	O
role	O
too/shes	O
doing	O
sageuk	O
movie	O
,	O
hes	NORM_1WORD
doing	O
sageuk	O
drama	O
too	O

neco	O
exam	O
timetable	O
now	O
posted	O
@username	O
http://t.co/z99wr76gof	O
get	O
the	O
all	O
the	O
neco	O
exam	O
expo	O
answers	O
@username	O
...	O
http://t.co/lfzqwglrcq	O

kori	O
called	O
michael	O
mookie	O
and	O
my	O
life	O
is	O
so	O
complete	O

@its_zjori_bosha	O
we	O
leavin	NORM_1WORD
nome	O
goin	NORM_1WORD
there	O

you	O
can	O
blame	O
me	O
for	O
everything	O
,	O
and	O
idk	O
how	O
ima	NORM_3PLUS
manage	O
if	O
one	O
day	O
you	O
just	O
up	O
and	O
leave	O
...	O
kanye	O
a	O
musical	O
genius	O
bruh	NORM_1WORD
.	O

listening	O
to	O
gotti	O
new	O
mixtape	O
i'm	O
all	O
late	O
cause	NORM_1WORD
ik	NORM_2WORD
ppl	NORM_1WORD
been	O
downloaded	O
it	O
when	O
it	O
first	O
came	O
out	O

rt	O
@fxkryster	O
:	O
#openfollow	O
for	O
rp	O
jfb	O
tepatin	O
ye	O
.	O
retweet	O
!!!	O

me	O
an	O
poohgutta	O
soft	O
flex	O
hbd	O
cuzzo	O
!!	O
http://t.co/lj3se8euvh	O

rt	O
@gabriele_corno	O
:	O
tuscany	O
spring	O
by	O
alessandro	O
ferretti	O
#serenity	O
#cge	O
#sunrise	O
http://t.co/56wyviqy8c	O

lls	O
can't	O
have	O
my	O
niggas	NORM_1WORD
fallin	NORM_1WORD
short	O
to	O
bitches	O
like	O
dat	NORM_1WORD
,	O
nah	NORM_1WORD
neva	NORM_1WORD
dat	NORM_1WORD

rt	O
@bimalbarot	O
:	O
u	NORM_1WORD
turn	O
baba	O
kejri	O
appiled	NORM_1WORD
for	O
bail	O
now	O
according	O
to	O
him	O
he	O
is	O
criminal	O
..	O
hhahah	O
his	O
own	O
words	O
are	O
against	O
him	O
...	O
hahah	O

mbeya	O
city	O
yatinga	O
robo	O
fainal	O
nil	O
basin	O
http://t.co/eq3v0yjaju	O

but	O
this	O
bandana	O
around	O
his	O
neck	O
making	O
him	O
just	O
even	O
more	O
sexey	O
!!	O
*_*	O
http://t.co/3futsbdt9o	O

watching	O
my	O
boys	O
work	O
on	O
the	O
pool	O
together	O
!!!!	O
lol	O
....	O
theyve	NORM_1WORD
grown	O
to	O
be	O
young	O
men	O
!!!	O

rt	O
@lale_ora	O
:	O
idc	O
idc	O
i	O
don't	O
fuckin	NORM_1WORD
care	O
.	O
http://t.co/mlkbj9enkf	O

rt	O
@mariopalush	O
:	O
when	O
someone	O
huggin	NORM_1WORD
'	O
bae	O
for	O
little	O
too	O
long	O
http://t.co/d3bwie7mar	O

@fjonathanromel	O
intay	O
to	O
agbuya	O
la	O
.	O
hahaha	O
bareng	O
ada	O
kwarta	O
.	O

@joncouture5	O
if	O
you	O
get	O
it	O
please	O
send	O
me	O
pics	NORM_1WORD
dawg	O
..	O
i	O
actually	O
neeed	O
it	O

@_mimikay	O
hehe	O
hopefully	O
my	O
parts	O
are	O
in	O
order	O
so	O
i	O
don't	O
have	O
to	O
go	O
that	O
route	O
lol	O

@andresdc94	O
lol	O
wellllll	NORM_1WORD
that	O
was	O
your	O
fault	O
(	O
x	O

@riju_babai	O
we	O
recommend	O
you	O
to	O
buy	O
moto	O
g	O

"	O
@granniewinkle	O
:	O
no	O
trust	O
in	O
this	O
friendship	O
http://t.co/upyhdoinqh	O
"	O
hahahahaha	O
ai	O
cnj	O

i	O
got	O
pizza	O
rolls	O
do	O
u	NORM_1WORD
think	O
zayn	O
likes	O
these	O

@l4rrysucks	O
ai	O
me	O
deixa	O
garota	O
vai	O
la	O
na	O
kah	O

tired	O
of	O
this	O
flu	O
.	O
should	O
probably	O
skip	O
this	O
braai	O
later	O
and	O
knock	O
myself	O
the	O
ef	NORM_1WORD
out	O
.	O
:/	O

@cgriffit	O
@soaaddicts	O
@soaaddictspt	O
@chrisreed619	O
@sutterink	O
huumm	O
that	O
wud	NORM_1WORD
be	O
short	O
lived	O
:((	O

rt	O
@mgladdis	O
:	O
yall	NORM_1WORD
talking	O
about	O
lance	O
,	O
but	O
lebron	O
was	O
a	O
little	O
too	O
comfortable	O
with	O
that	O
tho	NORM_1WORD

the	O
day	O
we	O
was	O
gon	NORM_1WORD
fall	O
back	O
off	O
each	O
other	O
was	O
gon	NORM_1WORD
eventually	O
come	O

rt	O
@wizkhalifa	O
:	O
u	NORM_1WORD
better	O
locc	NORM_1WORD
it	O
up	O
.	O

rt	O
@lovatoobrien	O
:	O
raise	O
your	O
hand	O
if	O
you've	O
ever	O
felt	O
personally	O
victimized	O
by	O
demi	O
lovato	O
http://t.co/w1r5pptf9r	O

life	O
is	O
full	O
of	O
chances	O
.	O
take	O
it	O
lightly	O
.	O
~	O
~	O
jonghyun	O
of	O
shinee	O

rt	O
@emmanuelshannon	O
:	O
#argentinawantsbigbangconcert	O
aca	O
ayudando	O
con	O
spam	O
<3	O

rt	O
@_aniket	O
:	O
mms	O
is	O
looking	O
very	O
happy	O
,	O
smiling	O
and	O
even	O
walking	O
fast	O
!	O
wah	O
!!	O

james	O
cracknell	O
doesn't	O
get	O
a	O
seat	O
for	O
the	O
tory	O
paty	NORM_1WORD
in	O
the	O
south	O
west	O
get	O
1	O
new	O
labour	NORM_1WORD
mep	NORM_1WORD
and	O
1	O
new	O
green	O
party	O
mep	NORM_1WORD
where	O
i	O
am	O

@iwatatesahos	O
@qurlsday	O
there's	O
a	O
team	O
k	O
perf	NORM_1WORD
tomorrow	O
,	O
so	O
that's	O
a	O
start	O
:d	O
and	O
team	O
4	NORM_1WORD
tonight	O
!	O

give	O
me	O
facetime	O
girl	O
stoopp	NORM_1WORD
playing	O

i	O
really	O
him	O
saying	O
he	O
lefft	NORM_1WORD
his	O
phone	O
at	O
my	O
house	O
-.-	O
i	O
feel	O
dumb	O
as	O
fuk	NORM_1WORD

rt	O
@izzzmii	O
:	O
d-6	O
menuju	O
gathering	O
from	O
zero	O
to	O
hero^	O
!!	O
yoohoo	O
~	O
@eseinagath	O

*	O
sigh	O
*	O
.	O
.	O
.	O
.	O
sunny	O
!!!	O
i	O
hate	O
you	O
!!!!	O
ugh	O
!	O
aegyo	O
!	O
paker	O
ka	O
paker	O
!	O
t	O
t__________t	O
t	O

rt	O
@premiumtimesng	O
:	O
breaking	O
:	O
boko	O
haram	O
attacks	O
nigerian	O
military	O
base	O
,	O
24	O
personnel	O
feared	O
killed	O
http://t.co/regznq3rpl	O

rt	O
@nickiminaj	O
:	O
how	O
btchs	NORM_1WORD
b	NORM_1WORD
wen	NORM_1WORD
they	O
get	O
sum	NORM_1WORD
good	O
d	O
.	O
http://t.co/w6aels6dzt	O

nic	O
n	NORM_1WORD
iggy	O
both	O
going	O
to	O
vegas	O

@dailypostngr	O
its	O
ur	NORM_1WORD
paymaster	O
that	O
should	O
be	O
held	O
responsible	O
bcos	NORM_1WORD
d	NORM_1WORD
security	O
of	O
d	NORM_1WORD
state	O
is	O
under	O
his	O
office	O
presently	O
.	O

love	O
talking	O
life/leadership/and	O
ministry	O
with	O
pastor	O
b	O
.	O
keep	O
rockin	NORM_1WORD
it	O
in	O
iowa	O
bro	NORM_1WORD
!	O
@brianallan87	O

lol	O
"	O
@t_wandy_	O
:	O
sizothi	O
twitpic	O
rt	O
@ashanta_b	O
:	O
i'm	O
xhosa	O
,	O
but	O
my	O
boobs	O
aint	NORM_1WORD
huge	O
and	O
i	O
don't	O
a	O
mkhaba	O
!	O
nizothini	O
kengoku	O
?	O
"	O

rt	O
@olivia_can_fly	O
:	O
this	O
is	O
the	O
most	O
badass	NORM_2WORD
picture	O
of	O
tyler	O
and	O
josh	O
ive	NORM_1WORD
ever	O
seen	O
im	NORM_1WORD
like	O
getting	O
chills	O
http://t.co/jfvafkt0sr	O

q	O
:	O
why	O
did	O
the	O
tweep	O
watch	O
heropanti	O
fdfs	O
?	O
a	O
:	O
because	O
he	O
ran	O
out	O
of	O
jokes	O
.	O

tbh	O
if	O
u	NORM_1WORD
nice	O
period	O
we	O
give	O
credit	O
#de	O

rt	O
@exo_fanbase	O
:	O
[	O
hq	O
]	O
1405254	O
sehun	O
-	O
exo	O
from	O
exoplanet	O
#1	O
-	O
the	O
lost	O
planet	O
concert	O
[	O
cr	O
:	O
sehun	O
,	O
please	O
]	O
http://t.co/ur5ka8tf10	O

if	O
i	O
can	O
hear	O
your	O
conversation	O
in	O
my	O
car	O
an	O
your	O
in	O
yours	O
then	O
u	NORM_1WORD
tlkn	NORM_1WORD
to	O
loud	O

fernando	O
torres	O
says	O
leaving	O
liverpool	O
'	O
destroyed	O
'	O
steven	O
gerrard	O
:	O
chelsea	O
striker	O
fernando	O
torres	O
has	O
reveale	NORM_1WORD
...	O
http://t.co/gwgyc30svj	O

rajesh	O
vyas	O
commented	O
"	O
indeed	O
a	O
very	O
beautiful	O
and	O
awakening	O
article	O
.	O
thi	O
...	O
"	O
on	O
the	O
discussion	O
http://t.co/sqy9i5dyvp	O

@thattswag	O
ela	O
falava	O
so	O
q	O
n	O
anotava	O
ai	O
eu	O
n	O
procurava	O

@liveonblast	O
@username	O
dj	O
kym	O
show	O
uko	O
on	O
fire	O

@narendramodi	O
sir	O
tackle	O
all	O
the	O
problems	O
in	O
ur	NORM_1WORD
own	O
way	O
.	O
dont	NORM_1WORD
bend	O
for	O
others	O
.	O
be	O
good	O
to	O
good	O
.	O
be	O
bad	O
to	O
bad	O
.	O
u	NORM_1WORD
r	NORM_1WORD
a	O
god	O
.	O
i	O
becum	NORM_1WORD
mental	O
onu	O

rt	O
@acoiiegestudent	O
:	O
best	O
snapchat	O
i've	O
seen	O
all	O
day	O
lmao	O
http://t.co/xusd20hy4j	O

rt	O
@suzymmsa	O
:	O
#openfollow	O
dong	O
buat	O
rp	O
yadong	O
esp	O
.	O
yuri	O
rp	O
yeshh	NORM_1WORD

much	O
money	O
for	O
2014	O
pls	NORM_1WORD
.	O
dwp'14	O
for	O
meeting	O
zedd	O
.	O
:")	O

@lisaaramos	O
how	O
are	O
you	O
so	O
gorgeousss	NORM_1WORD
like	O
omg	O
omg	O
i	O
cant	NORM_1WORD
even	O

rt	O
@cuteemergency	O
:	O
when	O
bae	O
hasn't	O
texted	O
you	O
all	O
day	O
.	O
http://t.co/rrvmwyfzjg	O

@luigimeistersrl	O
dat	NORM_1WORD
feel	O
when	O
dont	NORM_1WORD
care	O
about	O
new	O
smash	O
because	O
no	O
mewtwo	O

rt	O
@yangyoji9015	O
:	O
support	O
malaysia	O
.	O
malaysia	O
boleh	O
.	O
and	O
satu	O
malaysia	O
!	O
we	O
are	O
one	O
!!!!	O
#thomascup	O

"	O
@typicallyzayn	O
:	O
nialls	O
yelling	O
at	O
the	O
ref	O
bc	NORM_1WORD
harry	O
got	O
tackled	O
aw	O
http://t.co/nmhzollerg	O
"	O
narry	O
i	O

@tt_shake	O
or	O
u	NORM_1WORD
can	O
just	O
wear	O
a	O
condom	O
and	O
u	NORM_1WORD
don't	O
have	O
to	O
worry	O
about	O
pullin	NORM_1WORD
out	O

rt	O
@rachalayne	O
:	O
hate	O
wen	O
im	NORM_1WORD
scrolling	O
up	O
my	O
tl	NORM_1WORD
.	O
n	NORM_1WORD
i	O
accidentally	O
favorite	O
shit	O
-.-	O

@graecamfer	O
hi	O
grae	O
followback	NORM_2WORD
us	O
please	O
:	O
**	O
5	O

rt	O
!!!	O
"	O
@woy_sakit	O
:	O
berkacalah	O
wahai	O
kalian	O
yang	O
sukanya	O
ngejudge	O
"	O

iggy	O
has	O
some	O
biiiig	NORM_1WORD
thigh	O
or	O
is	O
that	O
just	O
photoshop	O

@0613heero	O
it	O
doesnt	NORM_1WORD
have	O
the	O
same	O
meaning	O
as	O
gentille	NORM_1WORD

polaright	O
nim	O
didnt	NORM_1WORD
went	O
to	O
exo	O
concert	O
isit	NORM_2WORD
?	O
she	O
didnt	NORM_1WORD
seems	O
to	O
upload	O
any	O
pic	NORM_1WORD
this	O
2	O
days	O
:(	O

rt	O
@hotspurrelated	O
:	O
7	O
reasons	O
pochettino	O
is	O
the	O
right	O
man	O
for	O
tottenham	O
.	O
http://t.co/b3hejktj4d	O
#thfc	O

rt	O
@cbcnews	O
:	O
peter	O
mansbridge	O
on	O
the	O
legacy	O
of	O
knowlton	O
nash	O
:	O
http://t.co/zbztxabrm0	O

rt	O
@kingcamrcs	O
:	O
imessage	O
is	O
bbm	NORM_2WORD
let's	O
not	O
act	O
like	O
any	O
of	O
this	O
shit	O
new	O

dfp	O
sport	O
:	O
ecb	O
yorkshire	O
premier	O
league	O
:	O
doncaster	O
suffer	O
heavy	O
defeat	O
at	O
yorkshire	O
academy	O
http://t.co/yce5guwbqk	O
#doncaster	O

@simply_beeh	O
@abelwest_	O
#flynflashy4	O
#thesummerwearaffair	O
#july4	O
#ontherox	O
$15	O
tix	NORM_1WORD
6473000376	O
free	O
booth	O
4	NORM_1WORD
bday	NORM_1WORD
ladies	O
7	O
booths	O
left	O

scientists	O
are	O
in	O
yer	O
youtube	O
fail	O
,	O
studyin	NORM_1WORD
'	O
yer	O
faceplant	O
.	O
http://t.co/t7m0zouqty	O
http://t.co/tzoblsn5hu	O

rt	O
@anayap_	O
:	O
i	O
really	O
wanna	NORM_2WORD
delete	O
my	O
twitter	O
but	O
then	O
ima	NORM_3PLUS
b	NORM_1WORD
bored	O
...	O

@lilsweetiee	O
im	NORM_1WORD
so	O
serious	O
lik	NORM_1WORD
.	O
all	O
these	O
females	O
are	O
so	O
inlove	NORM_2WORD
say	O
my	O
baby	O
this	O
nd	NORM_1WORD
that	O
.	O
lik	NORM_1WORD
naw	NORM_1WORD
shorty	O

@epkpro	O
u	NORM_1WORD
aint	NORM_1WORD
real	O
unless	O
u	NORM_1WORD
fux	NORM_1WORD
wit	NORM_1WORD
the	O
hood	O
#download	O
#dismixtape	O
http://t.co/zyxkcxdgxn	O

rt	O
@fucktyler	O
:	O
@iggyazalea	O
baby	O
girl	O
that	O
wasnt	NORM_1WORD
me	O
i	O
dont	NORM_1WORD
dress	O
like	O
that	O
whatchu	NORM_2WORD
talkin	NORM_1WORD
bout	NORM_1WORD
?	O
http://t.co/nhc8epncfl	O

i	O
played	O
riding	O
,	O
slipin	NORM_1WORD
and	O
slindin	NORM_1WORD
(	O
dogg	O
pound	O
)	O
,	O
...	O
and	O
the	O
fells	O
went	O
buck	O

@babylon999	O
hello	O
luv	NORM_1WORD
..	O
i'm	O
ok	O
thanks	O
how's	O
you	O
?	O
hun	O
x	O

@icy_plasma	O
@amb_tigre	O
@optic_scumper	O
o	O
srry	NORM_1WORD
plasma	O
and	O
luis	O

photo	O
essay	O
:	O
black	O
manila	O
-	O
howie	O
severino	O
visits	O
sitio	O
damayan	O
,	O
a	O
charcoal-making	O
complex	O
in	O
tondo	O
,	O
and	O
learns	O
ho	O
...	O
http://t.co/dtebdambxk	O

smokin	NORM_1WORD
on	O
dis	NORM_1WORD
compton	O
but	O
bitch	O
i'm	O
in	O
chiraq	O
!	O

lol	O
gey	O
rides	O
with	O
homies	O
.	O
http://t.co/yegfgxghxe	O

alpukat	O
madu	O
..	O
yummy	O
..	O
manis	O
banget	O
..	O
i	O
like	O
this	O

rip	NORM_3PLUS
diet	O
woah	O
2	O
boxes	O
of	O
krispy	O
kreme	O
mep	O
assorted	O
and	O
original	O
glazed	O
wew	O

lmao	O
mt	O
@redsteeze	O
:	O
fucking	O
jews	O
.	O
always	O
throwg	NORM_1WORD
their	O
holocaust	O
privilg	O
in	O
ppls	NORM_1WORD
faces	O
.	O
sum1	NORM_1WORD
shld	NORM_1WORD
just	O
put	O
them	O
all	O
in	O
camps	NORM_1WORD
n	NORM_1WORD
..	O
o	O
w8	NORM_1WORD
@owillis	O

@triana_afc	O
he	O
won	O
the	O
champions	O
league	O
why	O
wouldnt	NORM_1WORD
he	O
be	O
really	O
happy	O
?	O
lol	O

rt	O
@sulcidaluke	O
:	O
weed	O
aint	NORM_1WORD
even	O
a	O
fuckin	NORM_1WORD
strong	O
ass	O
drug	O
why	O
the	O
fuck	O
is	O
everyone	O
getting	O
butthurt	NORM_2WORD
over	O
this	O
l	NORM_1WORD
m	NORM_1WORD
a	NORM_1WORD
o	NORM_1WORD

rt	O
@sone103	O
:	O
yoona	O
is	O
the	O
#1	O
queen	O
of	O
cf	O
in	O
snsd	O
#happyyoonaday	O
#goddessyoonaday	O

rt	O
@robbstvrk	O
:	O
mgmt	O
are	O
gonna	NORM_2WORD
walk	O
zayn	O
and	O
louis	O
onto	O
the	O
stage	O
on	O
leashes	O

eeak	O
meen	O
lyshaa	O
:d	O
rt	O
"	O
@alyshays	O
:	O
keep	O
save	O
this	O
relationship	O
:)	O
"	O

rt	O
@info_arsenal	O
:	O
arsenal	O
and	O
liverpool	O
target	O
antoine	O
griezmann	O
is	O
now	O
wanted	O
by	O
juventus	O

people	O
making	O
videos	O
out	O
of	O
a	O
dummy	O
....	O
even	O
high	O
profile	O
youtubers	O
.	O
seriously	O
though	O
,	O
the	O
love	O
every	O
iphones	O
get	O
is	O
unreal	O
xd	O

rt	O
@tacklelouis	O
:	O
nialls	O
in	O
the	O
middle	O
theyre	NORM_1WORD
doing	O
it	O
right	O
http://t.co/sn5yzbfkkg	O

hayne	O
just	O
done	O
everything	O
possible	O
then	O
to	O
seal	O
a	O
win	O
for	O
qld	NORM_1WORD
.	O
i	O
don't	O
mean	O
jarryd	O
.	O
im	NORM_1WORD
referring	O
to	O
that	O
imbo	O
in	O
the	O
white	O
with	O
the	O
whistle	O

check	O
the	O
showcase	O
page	O
on	O
q-unique	O
.	O
com	O
,	O
with	O
q	O
on	O
the	O
beats	O
and	O
some	O
new	O
up	O
&	O
coming	O
mcs	O
spittin	NORM_1WORD
'	O
freshness	O
...	O
http://t.co/myh9jz87ne	O

breaking	O
:	O
boko	O
haram	O
fighters	O
in	O
military	O
uniform	O
invade	O
borno	O
villages	O
killing	O
35	O
:	O
gistreel	O
file	O
pho	O
...	O
http://t.co/jcno8pkfok	O
el-wacho	O

bloke	O
on	O
jeremy	O
kyle	O
looks	O
strangely	O
like	O
jake	O
gyllenhaal	O
from	O
his	O
donnie	O
darko	O
days	O

@smalley_67	O
hahah	O
idk	O
what	O
that	O
was	O

@rayfswan	O
o	O
thats	NORM_1WORD
great	O
;)	O
aur	O
whats	NORM_1WORD
up	O
;)	O

@_queencliffordx	O
im	NORM_1WORD
friends	O
with	O
grecia	O
i	O
know	O
this	O

i	O
really	O
miss	O
texting	O
on	O
my	O
old	O
voyager	O
tbh	O

@leellewellyn	O
hilarious	O
photoshop	O
.	O
thats	NORM_1WORD
made	O
me	O
day	O
!	O

rt	O
@fatwalletdeals	O
:	O
moto	O
x	O
16gb	O
white	O
gsm	O
unlocked	O
smartphone	O
$299.99	O
fs	O
@username	O
mobilepros1	O
via	O
ebay	O
http://t.co/uniw8wp3co	O

rt	O
@conecttionjdb	O
:	O
eu	O
te	O
amo	O
tanto	O
this	O
is	O
for	O
niall	O
#wmaonedirection	O
http://t.co/grt7uotrja	O

i	O
won't	O
mess	O
up	O
your	O
hashtag	O
cuz	NORM_1WORD
im	NORM_1WORD
descent	O
but	O
there's	O
no	O
unity	O
in	O
any	O
group	O
because	O
everybody	O
is	O
a	O
prick	O
to	O
you	O
sometimes	O

canon	O
ef	O
70-200mm	O
f/	O
2.8	O
l	O
is	O
usm	O
#mantap	O
http://t.co/iba5cjnyqd	O

rt	O
@lndirecto	O
:	O
una	O
amistad	O
sin	O
bullying	O
debe	O
ser	O
muy	O
aburrida	O
.	O

rt	O
@zilourryam_	O
:	O
rt	NORM_1WORD
for	O
a	O
dm	NORM_2WORD
to	O
luke	O
hemmings	O
.	O
(	O
mbf	O
sorry	O
)	O
http://t.co/mhckzzouvt	O

mau	O
followers	O
100%	O
indonesia	O
,	O
silakan	O
kesini	O
100%	O
dapat	O
1000	O
followers	O
setiap	O
hari	O
>>>	O
http://t.co/xnsmby1ypr	O

@ohshixvn12	O
omg	O
i	O
dont	NORM_1WORD
remember	O
having	O
son	O
like	O
you	O
/sobs	O

@shaikhsays	O
means	O
jinka	O
grip	O
hu	O
subjects	O
ppe	NORM_1WORD
...	O
like	O
we	O
are	O
studying	O
unpeacekeeping	O
,	O
humen	NORM_1WORD
retd	O
.	O
col	O
parha	O
rhy	O
hyn	O
he	O
is	O
best	O
on	O
it	O
:)	O

son	O
of	O
red	O
sox	O
broadcaster	O
jerry	O
remy	O
pleads	O
guilty	O
to	O
1st-degree	O
murder	O
in	O
girlfriend's	O
stabbing	O
-	O
via	O
@sportscenter	O
http://t.co/a4sr6dddd2	O

rt	O
@raysurls	O
:	O
you	O
guys	O
,	O
i	O
just	O
saw	O
shailene	O
woodley	O
casually	O
walking	O
around	O
athens	O
.	O

rt	O
@official_alv	O
:	O
@___jalena	O
lol	O
bkuz	NORM_1WORD
u	NORM_1WORD
cool	O
af	NORM_2WORD
these	O
mfs	NORM_2WORD
here	O
all	O
stuck	O
up	O
n	NORM_1WORD
shit	O
an	O
they	O
don't	O
even	O
be	O
that	O
cute	O
lol	O

rt	O
@samshumake	O
:	O
it's	O
so	O
wet	O
you'd	O
think	O
zac	O
efron	O
came	O
to	O
town	O

1	O
tweep	O
unfollowed	O
(	O
goodbye	O
!	O
)	O
me	O
in	O
the	O
past	O
day	O
.	O
thank	O
you	O
http://t.co/kzpihkrimr	O
.	O

cass	O
just	O
said	O
the	O
r	O
word	O
so	O
much	O
:///	O

@themattespinosa	O
@camerondallas	O
@nashgrier	O
@mr_carterr	O
baes	O
were	O
about	O
to	O
be	O
reunited	O
tomorrow	O
are	O
u	NORM_1WORD
ready	O
?!?!	O
http://t.co/xqnfqhpvlc	O

http://t.co/cienvjysyd	O
#10	O
:	O
log	O
geocaching	O
container	O
for	O
geocaching	O
log	O
geocaching	O
container	O
for	O
geocachinggeo	O
...	O
http://t.co/yuzc3bpp8n	O

why	O
?	O
jan	O
cemburu	O
:p	O
"	O
@icha_aysha	O
tiiddaakkkkk	O
"	O
@sukmarumandini	O
:	O
aaaa	O
>____<	O
so	O
hyun	O
my	O
husband	O
:p	O
wkwk	O
@icha_aysha	O
http://t.co/gopbboqclx	O
"	O

rt	O
@bruhweblack	O
:	O
bruh	NORM_1WORD
retweet	O
if	O
this	O
you	O
http://t.co/5o7lf0apen	O

rt	O
@exonationsg	O
:	O
[	O
fancam	O
]	O
140523	O
exo	O
-	O
the	O
lost	O
planet	O
in	O
seoul	O
d.o	O
focus	O
machine	O
[	O
cr	O
:	O
kyungsoo	O
dyo	O
]	O
http://t.co/j89mwmdrzy	O

"	O
boko	O
haram	O
members	O
killed	O
24	O
soldiers	O
and	O
21	O
policemen	O
in	O
an	O
attack	O
monday	O
evening	O
on	O
buni	O
yadi	O
town	O
in	O
yobe	O
state	O
.	O
"	O
<<<	O
good	O
lord	O
!!!	O

@thejordanc3	O
haha	O
i	O
don't	O
kill	O
them	O
.	O
i	O
just	O
serve	O
the	O
food	O
haha	O

omfg	O
elias	O
has	O
his	O
foot	O
on	O
me	O
im	NORM_1WORD
gona	NORM_1WORD
die	O

just	O
want	O
to	O
sit	O
and	O
watch	O
tele	NORM_1WORD
tbh	O
,	O
cba	O

rt	O
@funnypinoyquote	O
:	O
buti	O
pa	O
sina	O
phineas	O
and	O
ferb	O
,	O
unli	O
ang	O
summer	O
vacation	O
.	O

@jonmancini1	O
&	O
@jackeyejones	O
absolutely	O
destroyed	O
kelty	O
last	O
night	O
,	O
the	O
crown	O
didny	O
ken	O
what	O
hit	O
it	O

rt	O
@kgjimmi	O
:	O
u	NORM_1WORD
cant	NORM_1WORD
push	O
people	O
into	O
bein	NORM_1WORD
what	O
u	NORM_1WORD
want	O
em	NORM_1WORD
to	O
be	O
,	O
all	O
u	NORM_1WORD
can	O
do	O
is	O
decide	O
whether	O
or	O
not	O
they	O
worth	O
dealin	NORM_1WORD
wit	NORM_1WORD

rt	O
@bhadoosky	O
:	O
eminado	O
means	O
goodluck	NORM_2WORD
,	O
surulere	O
means	O
patience	O
,	O
@donjazzy	O
must	O
be	O
related	O
to	O
our	O
president	O
.	O

@crazyyjinkook	O
omgg	O
maybe	O
shinee	O
will	O
come	O
they	O
weren't	O
there	O
last	O
year	O
i	O
guess	O

@dioraemun	O
yesss	NORM_1WORD
it	O
is	O
.	O
come	O
to	O
me	O
!	O
lol	O

@dr_malick	O
lolz	O
that	O
is	O
bcz	NORM_1WORD
it	O
is	O
the	O
only	O
face	O
familiar	O
,	O
nt	NORM_1WORD
bcz	NORM_1WORD
he	O
is	O
superman	O
@maryamnsharif	O

i'm	O
charissa	O
bernabe	O
,	O
the	O
reason	O
why	O
i	O
love	O
cornetto	O
?	O
affordable	O
+	O
great	O
taste	O
.	O
#reasonswhyiloveredcornetto	O
151	O

aye	O
lmao	O
rt	O
"	O
@funnypokemon	O
:	O
how	O
the	O
crips	O
vs	O
.	O
bloods	O
rivalry	O
began	O
:	O
http://t.co/iq4rkix4qy	O
"	O

oh	O
..	O
really	O
?	O
hahahaha	O
>_<	O
lol	O
rt	O
@kimjonginss	O
im	NORM_1WORD
pregnant	O
.....	O
he's	O
the	O
father	O
http://t.co/w6ou0zsuri	O

correction	O
!	O
the	O
john	O
webster	O
programme	NORM_1WORD
*	O
is	O
*	O
on	O
tnt	O
*	O
as	O
well	O
*	O
(	O
same	O
programme	NORM_1WORD
)	O
,	O
#bbc2	O
7pm	O
betwn	NORM_1WORD
the	O
golf	O
+	O
chelsea	O
@the_globe	O

reavis	O
scores	O
off	O
a	O
blakely	O
dish	O
;	O
39-32	O
smc	O

conor	O
keelan	O
(	O
ff	O
)	O
polling	O
sixth	O
with	O
737	O
first	O
preference	O
votes	O
in	O
dundalk-carlingford	O
#le14	O
#louth	O

if-lost-return-to-awesome	O
asked	O
:	O
before	O
i	O
read	O
homestuck	O
i	O
thought	O
that	O
equius	O
and	O
nepeta	O
were	O
brother	O
and	O
...	O
http://t.co/i534tvrbdh	O

rt	O
@niallofficial	O
:	O
dressin	NORM_1WORD
room	O
shenanigans	O
!	O
with	O
harrystyles	O
http://t.co/xdupsttiot	O

@dsgb4l_229	O
lucky	O
joker	O
lol	O
i	O
gotta	O
go	O
see	O
old	O
man	O
willie	O
nxt	NORM_1WORD
i	O
head	O
down	O
that	O
way	O
lol	O

catch	O
some	O
rays	O
w/	O
navier	O
eyewear	O
!	O
:	O
http://t.co/npu5kdv8g2	O

atleti	O
take	O
the	O
lead	O
,	O
bad	O
mistake	O
from	O
casillas	O
.	O
1-0	O

rt	O
@sampahremajakl	O
:	O
padahal	O
abby	O
amik	O
gambar	O
google	O
ye	O
abby	O
http://t.co/pzqsucfwal	O

editing	O
and	O
mixing	O
tracks	O
for	O
$50	O
mastering	O
seperate	NORM_1WORD
inbox	O
me	O
for	O
package	O
deal	O
rates	O

rt	O
@teamsharcis	O
:	O
lala	O
and	O
rory	O
in	O
school	O
.	O
hahaha	O
idek	O
#ittakes2	O
http://t.co/q2f9zb3stw	O

some	O
qpr	O
fans	O
at	O
heathrow	O
.	O
weird	O
way	O
to	O
get	O
back	O
to	O
west	O
london	O

#usa	O
#india	O
teamed	O
up	O
to	O
put	O
rift	O
between	O
civilians	O
&	O
army	O
for	O
1	O
reason	O
thats	NORM_1WORD
pak	O
forces	O
took	O
revenge	O
of	O
their	O
plot	O
in	O
afg	NORM_1WORD
@hafizsaeedjud	O

rt	O
@victoria__x0x	O
:	O
dem	NORM_1WORD
always	O
soff	NORM_1WORD
to	O
me	O
rt	NORM_1WORD
"	O
@romariotoxic	O
:	O
soff	NORM_1WORD
??	O
wrng	NORM_1WORD
kfc	O
mi	O
go	O
??	O
rt	O
@victoria__x0x	O
:	O
kfc	O
fries	O
dem	NORM_1WORD
juss	NORM_1WORD
fat	O
and	O
soff	NORM_1WORD
<	O
"	O

http://t.co/g5xbxehuyq	O
#1	O
:	O
fasta	O
pasta	O
the	O
microwave	O
cooker	O
fasta	O
pasta	O
the	O
microwave	O
cookerby	O
fasta	O
pasta(543	O
...	O
http://t.co/7xpmeigzbp	O

@prxncessaustria	O
...	O
7	O
!	O
^^	O
nxt	NORM_1WORD
wk	NORM_1WORD
last	O
ep	O
na	O
~	O
hntayn	O
mo	O
nlng	O
,	O
bigay	O
ko	O
sau	O
lahat	O
.	O

no	O
such	O
thing	O
as	O
a	O
bi	O
nigga	NORM_1WORD
idc	O

reasons	O
to	O
name	O
your	O
child	O
,	O
"	O
emma	O
"	O
(	O
g)emma	O
styles	O
emma	O
stone	O
emma	O
watson	O
emma	O
(	O
gf	O
ni	O
finn	O
)	O
emma	O
(	O
eh	O
basta	O
maganda	O
)	O

rt	O
@carolosteria1	O
:	O
#ikawlamangriteofbaptism	O
ang	O
sakit	O
sa	O
dibdib	O
ng	O
pagkikita	O
ni	O
isabelle	O
at	O
samuel	O
-	O
what	O
could	O
have	O
been	O

rt	O
@iymula	O
:	O
jst	NORM_1WORD
watch	O
zimuvuta	O
by	O
gwamba	O
,	O
shuld	NORM_1WORD
say	O
its	NORM_1WORD
amazing	O
!	O

#2	O
:	O
bbk	O
8010	O
76mm	O
30	O
lbs	O
cac	O
mass	O
air	O
meter	O
for	O
ford	O
mustang	O
gt/s	O
5.0	O
l	O
:	O
bbk	O
8010	O
76mm	O
30	O
lbs	O
cac	O
mass	O
air	O
mete	O
...	O
http://t.co/h9zwqbvwvc	O

rt	O
@passionposts	O
:	O
sometimes	O
i	O
wonder	O
how	O
many	O
others	O
you're	O
texting	O
while	O
you're	O
texting	O
me	O
.	O

rt	O
@knockknock0408	O
:	O
[	O
preview	O
]	O
140527	O
cheon	O
song	O
yi	O
cr	O
.	O
chanbar	O
http://t.co/sixw6n8ioz	O

#windows	O
8	O
videos	O
~	O
windows	O
8	O
,	O
spotify	O
,	O
hulu	O
plus	O
and	O
apple	O
news	O
!	O
#asklana	O
#education	O
#increaseyoutube	O
http://t.co/h3hmozmx35	O

lol	O
@username	O
cody	O
cuzz	NORM_1WORD
its	O
true	O
hahaha	O

rt	O
@soshicafecom	O
:	O
140524	O
kobe	O
concert	O
-	O
yuri	O
,	O
seohyun	O
,	O
sooyoung	O
,	O
taeyeon	O
http://t.co/vcyhtfrgst	O

@roaritsbecca	O
id	NORM_1WORD
rather	O
be	O
happy	O
.	O
but	O
theres	NORM_1WORD
alot	NORM_2WORD
going	O
on	O
..	O

ismail	O
cuneyt	O
oktay	O
demonstrates	O
the	O
balgo	O
honey	O
spoon	O
http://t.co/84jjodjkqq	O
#foodinnovation	O

aye	O
did	O
you	O
have	O
fun	O
at	O
whataburger	NORM_3PLUS
lastnight	NORM_2WORD
lol	O
@drew_ellett	O

@minquannn	O
haha	O
mq	O
pls	NORM_1WORD
as	O
easy	O
as	O
doto	O
for	O
me	O
#feedforlife	O

geylang	O
international	O
fc	O
starting	O
11	O
vs	O
woodlands	O
wellington	O
fc	O
:	O
siddiq	O
durimi	O
,	O
khairulnizam	O
jumahat	O
,	O
yuki	O
...	O
http://t.co/6kpp4ivykp	O

patek	O
philippe	O
couple	O
only	O
250k/2pcs	O
order	O
here	O
pin	O
:	O
76536660	O
sms	O
:	O
085278738770	O
http://t.co/wjhzxglnxt	O

*	O
during	O
science	O
class	O
*	O
teacher	O
:	O
who	O
can	O
explain	O
what	O
overdose	O
is	O
.	O
me	O
:	O
yun	O
yung	O
p*tanginang	O
era	O
na	O
naranasan	O
namin	O
na	O
sobrang	O
sakit	O
.	O

rt	O
@troyesivan	O
:	O
.	O
@brain	O
pls	NORM_1WORD
switch	O
off	O
for	O
like	O
a	O
sec	NORM_1WORD
thx	NORM_1WORD

currently	O
at	O
psar	O
mlm	O
tluk	O
kmbaq	O
baq	O
hg	O

@ren_christya	O
ka	O
tanggal	O
27	O
mau	O
bikn	O
project	O
lgi	O
nh	O
wkwkwk	O

rt	O
@thirsthokage	O
:	O
hatake	O
kakashi	O
:	O
nothing	O
was	O
the	O
same	O
.	O
feature	O
bonus	O
track	O
-	O
sharingone	O
(	O
madara	O
diss	O
)	O
http://t.co/c6eiqzty6u	O

rt	O
@wholooks_better	O
:	O
zayn	O
malik	O
vs	O
perrie	O
edwards	O
rt	NORM_1WORD
for	O
zayn	O
fav	NORM_1WORD
for	O
perrie	O
http://t.co/b8x23tgrqx	O

actress	O
jo	O
eun	O
ji	O
weds	O
her	O
manager	O
http://t.co/vi4fr7dxjj	O

twitter	O
always	O
gets	O
me	O
laughing	O
omg	O
i'm	O
dieing	NORM_1WORD
rn	NORM_2WORD

rt	O
@janocurlyboy	O
:	O
gemma	O
and	O
ashton	O
kissing	O
*	O
macklemore's	O
voice	O
*	O
whut	NORM_1WORD
whut	NORM_1WORD
whut	NORM_1WORD
http://t.co/rih9y4w4je	O

sian	O
suddenly	O
this	O
morning	O
so	O
nice	O
._.	O
idk	O
le	O
lah	O
ytd	O
pms	O
isit	O
...	O

@saayduh	O
aww	O
thanks	O
zayda	O
.	O
and	O
yeah	O
see	O
you	O
soon	O
.	O

aache	O
din	O
aa	O
rahe	O
hain	O
..	O
i	O
saw	O
a	O
girl	O
on	O
scooty	O
..	O
she	O
gave	O
left	O
indicator	O
and	O
she	O
actually	O
turned	O
left	O
!...	O
http://t.co/oedlnulqn7	O

rt	O
@layixingworld	O
:	O
[	O
lq	O
]	O
140525	O
exo	O
at	O
press	O
conference	O
cr	O
:	O
charogne6	O
http://t.co/kmwjrnjdp5	O

ini	O
org	O
ke-4	O
,	O
setipe	O
.	O
keep	O
calm	O
&	O
cool	O
.	O

rt	O
@bradieboolove	O
:	O
this	O
graduation	O
rehersal	NORM_1WORD
is	O
takin	NORM_1WORD
forever	O
!	O
thank	O
goodness	O
im	NORM_1WORD
textin	NORM_1WORD
@onlyonesnacks	O
so	O
i	O
have	O
some	O
of	O
my	O
sanity	O
!!!	O

rt	O
@mmldn	O
:	O
you	O
can	O
tell	O
who	O
voted	O
for	O
bnp	O
,	O
they	O
all	O
wear	O
umbro	O
trackies	O
&	O
screw	O
face	O
you	O

go	O
on	O
the	O
webside	NORM_1WORD
to	O
the	O
main	O
stge	NORM_1WORD
theyre	NORM_1WORD
playing	O
it	O
in	O
the	O
background	O
!!!	O

dare	O
,	O
500grams	O
in	O
1	O
day	O
,	O
gain	O
or	O
lose	O
.	O
haha	O
ligid	O
sa	O
entrance	O
sa	O
um	O
padung	O
dpt	O
and	O
pildi	O
.	O

rt	O
@queenhoneyc	O
:	O
leave	O
all	O
the	O
bitchin	O
to	O
bitchez	NORM_1WORD
!!!	O

rt	O
@the_shogunn	O
:	O
most	O
of	O
all	O
highschool	NORM_2WORD
taught	O
me	O
that	O
yo	NORM_1WORD
day	O
1's	O
always	O
gon	NORM_1WORD
be	O
day	O
1's	O
and	O
no	O
new	O
friends	O
should	O
b	NORM_1WORD
the	O
motto	O
frfr	O

rt	O
@almightychiefco	O
:	O
lmao	O
garfield	O
niggas	NORM_1WORD
wild	O

karlie	O
kloss	O
in	O
chanel	O
haute	O
couture	O
http://t.co/9ipcl86evy	O

guys	O
answer	O
me	O
please	O
can	O
u	NORM_1WORD
watch	O
on	O
the	O
livestream	O
?	O

@bellathorne	O
#blended	O
coming	O
out	O
today	O
!!!!	O
omg	O
!	O
queen	O
b	O
gonna	NORM_2WORD
slayy	NORM_1WORD
!!!	O
-4	O

rt	O
@bootygangcult	O
:	O
mom	O
:	O
let's	O
watch	O
blues	O
clues	O
son	O
:	O
u	NORM_1WORD
gon	NORM_1WORD
have	O
to	O
kill	O
me	O
first	O
http://t.co/pwarsyqezv	O

baekhyun	O
-	O
140525	O
exo	O
from	O
exoplanet	O
#1	O
-	O
the	O
lost	O
planet	O
in	O
seoul	O
credit	O
:	O
prelude	O
.	O
http://t.co/fegenmvw21	O

rt	O
@jaxel_dagupan	O
:	O
bb	O
jane	O
mag	O
load	O
na	O
tayo	O
ng	O
100	O
everyday	O
.	O
:))	O

smh	O
scrappy	O
need	O
to	O
stfd	O
with	O
his	O
women	O
#lhhatl	O

when	O
im	NORM_1WORD
pissed	O
of	O
!	O
aku	O
,	O
kau	O
will	O
be	O
used	O
!	O

rt	O
@derpgasms	O
:	O
ph	O
stans	O
goal	O
in	O
the	O
lost	O
planet	O
in	O
manila	O
:	O
teach	O
exo	O
'	O
putangina	O
'	O
hahahsahahaha	O
jk	NORM_2WORD
lol	O

you	O
always	O
have	O
people	O
trying	O
to	O
fuck	O
u	NORM_1WORD
up	O
and	O
they	O
do	O
a	O
ting	NORM_1WORD
to	O
stp	NORM_1WORD
u	NORM_1WORD
in	O
life	O

rt	O
@exoticsusa	O
:	O
cap	O
140525	O
chanyeol	O
on	O
roomate	O
http://t.co/qfqwh3jy2r	O

happpy	NORM_1WORD
birthday	O
@kelseyglayman	O
miss	O
ya	O
love	O
ya	O
xoxo	O
hope	O
your	O
bday	NORM_1WORD
is	O
fantastic	O
and	O
can't	O
wait	O
to	O
celebrate	O
with	O
you	O
!!!	O

@kamsuaveee__	O
oh	O
yesshhh	NORM_1WORD
..	O
but	O
u	NORM_1WORD
still	O
not	O
gon	NORM_1WORD
make	O
me	O
a	O
plate	O

rt	O
@jamilahedgerson	O
:	O
mfss	NORM_2WORD
got	O
an	O
excuse	O
for	O
everythang	NORM_1WORD
!	O

ojt	O
sa	O
3rd	O
year	O
hs	NORM_1WORD
?	O
srsly	NORM_1WORD
?	O
o.o	O

@ashleyjclarke	O
oh	O
really	O
u	NORM_1WORD
could	O
come	O
to	O
mine	O
if	O
u	NORM_1WORD
do	O
...	O
to	O
my	O
shame	O
my	O
juicer	O
is	O
dusty	O
...	O
&	O
would	O
have	O
to	O
find	O
a	O
kettle	O
lead	O
too	O
...	O
dayum	NORM_1WORD
x	O

dxck	O
pleaser	O
is	O
still	O
a	O
good	O
song	O
lol	O

@johnny_k_iii	O
ohh	O
i	O
don't	O
know	O
how	O
to	O
do	O
that	O
buht	NORM_1WORD
you	O
gonna	NORM_2WORD
sleep	O
it	O
off	O

@alrightjustice	O
me	O
but	O
u	NORM_1WORD
can't	O
tell	O
lmao	O

rt	O
@lilduval	O
:	O
y'all	O
asked	O
4	O
kevin	O
hart	O
katt	O
williams	O
mike	O
epps	O
and	O
lil	NORM_1WORD
duval	O
all	O
on	O
1	O
movie	O
.	O
july	O
2nd	O
#schooldance	O
http://t.co/dqltpepwxm	O

dont	NORM_1WORD
let	O
the	O
sky	O
turn	O
without	O
me	O
.	O
dont	NORM_1WORD
let	O
the	O
moon	O
shine	O
without	O
me	O
.	O
dont	NORM_1WORD
let	O
the	O
earth	O
spin	O
without	O
me	O
.	O
dont	NORM_1WORD
go	O
without	O
me	O
.	O

@kejut_rapmon	O
headline	O
news	O
:	O
jokowi	O
tersangka	O
kasus	O
korupsi	O
bus	O
transjakarta	O

rt	O
@chhotakrrish	O
:	O
happy	O
birthday	O
@iamshubhsrk	O
:)	O
dm	NORM_2WORD
ur	NORM_1WORD
address	O
.	O
meri	O
marigold	O
ki	O
dvd	O
tujhe	O
bhej	O
rah	O
hun	O
mere	O
bhai	O
:)	O
lots	O
of	O
love	O
!	O

man	O
!!	O
nilikua	O
nalala	O
selo	O
leo	O
!	O
damn	O
,	O
life	O
can	O
change	O
in	O
the	O
blink	O
of	O
an	O
eye	O
!	O

rt	O
@halamadridjenni	O
:	O
@shorty_hdz15	O
cus	NORM_1WORD
ihavnt	NORM_2WORD
received	O
anything	O
cx	O
lol	O

hahahaha	O
,	O
i	O
support	O
cosmos	O
till	O
further	O
notice	O
#ichiefsayisafani	O
rt	O
@lefthand_bassp	O
:	O
mszolekavee	O
ppl	NORM_1WORD
who	O
(	O
cont	O
)	O
http://t.co/sxrezmoozn	O

rt	O
@forevervsceleb	O
:	O
requested	O
miley	O
(	O
rt	O
)	O
vs	O
demi	O
(	O
fave	O
)	O
http://t.co/pnbltwizf4	O

i	O
just	O
commented	O
:	O
ibaka	O
dont	NORM_1WORD
look	O
hurt	O
in	O
the	O
sneakers	O
app	O
http://t.co/l6tx8nmoxa	O

rt	O
@rmadridinfo	O
:	O
blog	O
:	O
translated	O
lyrics	O
of	O
"	O
hala	O
madrid	O
y	O
nada	O
mas	O
"	O
anthem	O
http://t.co/nrazqo8dy5	O

leiam	O
!	O
rt	O
eccentric	O
osu	O
scientist	O
vindicated	O
on	O
melting	O
,	O
global	O
warming	O
predictions	O
-	O
toledo	O
blade	O
http://t.co/lg6vw5txol	O
via	O
@po_st	O

np	O
:	O
girlieo	O
rmx	O
by	O
@patoranking	O
i	O
hail	O
naija	O
on	O
e'concern	O
me	O
with	O
@labbizzy	O
@atol_ato	O
and	O
@chiefagbabiaka	O

rt	O
@rajudasonline	O
:	O
.	O
@priyankac19	O
modi	O
sarkar	O
?	O
its	O
still	O
upa	O
govt	NORM_1WORD
madam	O
,	O
modi	O
sarkar	O
starts	O
from	O
27th	O
.	O

@lashtronomy	O
anytime	O
babe	NORM_1WORD
im	NORM_1WORD
a	NORM_1WORD
l	NORM_1WORD
w	NORM_1WORD
a	NORM_1WORD
y	NORM_1WORD
s	NORM_1WORD
here	O

rt	O
@transfernewscen	O
:	O
speaking	O
of	O
arsenal	O
,	O
goalkeeper	O
lukasz	O
fabianski	O
joined	O
swansea	O
city	O
on	O
a	O
4	O
year	O
deal	O
.	O

rt	O
@httweets	O
:	O
#newsalert	O
|	O
#pakistan	O
prime	O
minister	O
nawaz	O
sharif	O
will	O
be	O
attending	O
narendra	O
#modi's	O
swearing-in	O
on	O
monday	O

i'm	O
at	O
brenda's	O
house	O
(	O
caxias	O
do	O
sul	O
)	O
http://t.co/juy6ujuzxo	O

rt	O
@d_wun	O
:	O
sheesh	O
thats	NORM_1WORD
why	O
you	O
gotta	O
watch	O
what	O
you	O
say	O
.	O
http://t.co/4cekhfqcu9	O

@gaemgyu	O
oppa	O
please	O
upload	O
your	O
selfie	O
or	O
tweet	O
something	O
kkk	O
miss	O
you	O
t__t	O

a	O
pair	O
of	O
tw	O
o-o	O
ut	O
walks	O
with	O
a	O
double	O
sandwiched	O
in	O
between	O
and	O
the	O
red	O
sox	O
suddenly	O
have	O
the	O
bases	O
loaded	O
for	O
pedroia	O
.	O

@secondhandjohn	O
see	O
you	O
soon	O
!!!	O
followback	NORM_2WORD
john	O
vesely	O
i	O
love	O
u	NORM_1WORD
so	O
much	O
!!!	O
#indonesia	O
#serenaders	O

shoutout	NORM_2WORD
my	O
bro	NORM_1WORD
@1paulallen	O
a	O
real	O
1	O
go	O
follow	O
my	O
nigg	O
#sodmg	O
#tkil	O
#finness	O

@dreis907	O
just	O
got	O
home	O
was	O
chillin	NORM_1WORD
with	O
the	O
cuz	NORM_1WORD
wbu	O

rt	O
@greatamerrest	O
:	O
now	O
on	O
tap	O
@sweetwater_gar	O
centreville	O
.	O
chipotle	O
porter	O
.	O

on	O
mah	NORM_1WORD
way	O
2	NORM_1WORD
fak	NORM_1WORD
ur	NORM_1WORD
besh	O
,	O
jk	NORM_2WORD
on	O
my	O
way	O
to	O
stockton	O

my	O
issue	O
with	O
america	O
isnt	NORM_1WORD
the	O
fact	O
that	O
theyre	NORM_1WORD
wealthy	O
,	O
but	O
the	O
fact	O
that	O
theyre	NORM_1WORD
bullies	O
,	O
think	O
theyre	NORM_1WORD
perfect	O
,	O
and	O
lie	O
so	O
much	O

@niggeerrich	O
are	O
u	NORM_1WORD
home	O
niggah	NORM_1WORD
?	O

kerrang!'s	O
50	O
greatest	O
rockstars	O
in	O
the	O
world	O
today	O
-	O
kerrang	O
!	O
http://t.co/huoabzyc5r	O
via	O
@kerrangmagazine	O

idk	O
how	O
many	O
time	O
hve	NORM_1WORD
i	O
went	O
to	O
toilet	O
just	O
for	O
today	O
.	O
-	O
.	O
haha	O

this	O
true	O
life	O
im	NORM_1WORD
watching	O
make	O
me	O
really	O
not	O
trust	O
niggas	NORM_1WORD
at	O
all	O
.	O

ray	O
ray	O
be	O
saving	O
tha	NORM_1WORD
heat	O
ass	O
lol	O
.	O

rt	O
@exocastle	O
:	O
[	O
pic	NORM_1WORD
]	O
140529	O
smtown	O
update	O
-	O
artists	O
who	O
went	O
to	O
exo	O
concert	O
(	O
suho	O
with	O
shinee's	O
taemin	O
)	O
http://t.co/froph4nut4	O

my	O
week	O
on	O
twitter	O
:	O
9	O
new	O
followers	O
,	O
2	O
mentions	O
,	O
1.41	O
k	O
mention	O
reach	O
,	O
1	O
replies	O
,	O
6	O
retweets	O
,	O
655	O
retweet	O
reach	O
.	O
via	O
http://t.co/ioljtbsorg	O

@oliviatkdk	O
do	O
u	NORM_1WORD
still	O
keep	O
ur	NORM_1WORD
receipt	O
on	O
hand	O
lol	O
i	O
have	O
ur	NORM_1WORD
390	O
receipt	O
only	O

@luannatomy	O
awwww	O
.	O
you	O
vacant	O
for	O
this	O
whole	O
day	O
?	O
seryoso	O
?	O
ikaw	O
pa	O
ahaha	O

lana	O
parrilla	O
dona	O
do	O
mundo	O

had	O
a	O
good	O
joint	O
..	O
ahhhh	O
#getdrunk	O
rt	O
"	O
@raisrzk	O
:	O
@izzuddinzahidi	O
kena	O
tweet	O
kalau	O
hisap	O
.	O
"	O

@iisuperwomanii	O
i	O
just	O
love	O
the	O
way	O
u	NORM_1WORD
are	O
,	O
your	O
fun	O
personality	O
and	O
how	O
u	NORM_1WORD
arent	NORM_1WORD
afraid	O
to	O
express	O
yourself	O
so	O
openly	O
on	O
youtube	O

#zouispassmethatblunt	O
"	O
"	O
#replace1dsongswithjoint	O
"	O
"	O
zayn	O
&	O
louis	O
"	O
"	O
niall	O
and	O
selena	O
"	O
http://t.co/08aei0klkb	O

i	O
want	O
to	O
see	O
bae	O
tonight	O
,	O
his	O
ass	O
aint	NORM_1WORD
good	O
with	O
directions	O
...	O
-_-	O

@arse2mouse	O
their	O
number	O
8(cb	O
)	O
havard	O
nordtveit	O
was	O
an	O
arsenal	O
youth	O
&	O
reserve	O
player	O
!	O
lol	O
.	O

rt	O
@olla_ramelan	O
:	O
desain	O
kamar	O
anak	O
modern	O
-	O
kids	O
room	O
design	O
ideas	O
http://t.co/9j0ggmo48y	O

haircuts	O
tomorrow	O
for	O
anyone	O
?	O
$10	O
guys	O
cuts	O
$20	O
for	O
girls	O
!!	O
hita	O
sista	O
up	O

eh	O
ciye	O
ciyee	O
"	O
@hananyuki_	O
:	O
happy	O
anniv	NORM_1WORD
failed	O
ditomore	O
:')	O
"	O

@the__shaman	O
lol	O
not	O
yet	O
.	O
lekan	O
is	O
behind	O
you	O
.	O

my	O
stepmom	O
just	O
texted	O
me	O
this	O
...	O
https://t.co/hl7031c1nt	O

rt	O
@hunnii_dipp0216	O
:	O
mansion	O
elan	O
party	O
better	O
be	O
lit	O
tonite	NORM_1WORD
since	O
everybody	O
keep	O
tellin	NORM_1WORD
me	O
about	O
it	O
...	O
#justsayin	O

who	O
wants	O
to	O
have	O
a	O
chem/	O
english	O
study	O
sesh	NORM_1WORD
bc	NORM_1WORD
plz	NORM_1WORD

@quentindfg	O
t	O
cho	O
to	O
night	O
!!	O

rt	O
@itsberyllicious	O
:	O
beryllicious	O
:	O
sm	O
megamall	O
mega	O
food	O
tour	O
with	O
anton	O
diaz	O
of	O
our	O
awesome	O
planet	O
#megafoodtour	O
http://t.co/1ots3cpanq	O

p	O
arriar	O
essa	O
lombra	O
so	O
dr	O
donizildo	O

forever	O
stalking	O
peoples	NORM_1WORD
bestfriends	NORM_2WORD
on	O
snapchat	O

niggas	NORM_1WORD
be	O
playin	NORM_1WORD
'	O
games	O
i	O
wish	O
we	O
never	O
met	O

i'm	O
at	O
sultanahmet	O
camii	O
(	O
blue	O
mosque	O
)	O
w/	O
@aajeeeeee	O
http://t.co/irlmorbpmw	O

bukom	O
said	O
ard	O
instead	O
of	O
hard	O
gas	O
and	O
their	O
h	O

rt	O
@kryjs_	O
:	O
help	O
rt	NORM_1WORD
#openfollow	O
for	O
rp	O
baru	O
netas	O
:d	O

#85jkt	O
"	O
contradiction	O
"	O
idr	O
135k	O
order	O
bb	O
75d5ec26/2a7176ac	O
line	O
85jkt	O
wa	O
081222236015	O
sms	O
085776458548	O
http://t.co/jjdmflcmmu	O

rt	O
@louebear	O
:	O
"	O
im	NORM_1WORD
so	O
proud	O
of	O
niall	O
"	O
said	O
the	O
girl	O
who	O
saw	O
this	O
but	O
didnt	NORM_1WORD
rt	NORM_1WORD
#youdiditniall	O
#wmaonedirection	O
http://t.co/2ww1wfoumv	O

"	O
im	NORM_1WORD
gonna	NORM_2WORD
put	O
it	O
under	O
the	O
get	O
down	O
playlist	O
"	O
@j_hull_77	O
lmao	O

people	O
keep	O
telling	O
me	O
to	O
do	O
coke	O
.....	O
gtfo	O
.	O
remove	O
yourself	O
from	O
my	O
sight	O
bru	NORM_1WORD
.	O

nakakasad	O
walang	O
umikot	O
.	O
#thevoicekids	O
good	O
to	O
see	O
amy	O
again	O
.	O
:)	O

im	NORM_1WORD
such	O
a	O
chill	O
person	O
but	O
i	O
b	NORM_1WORD
doin	NORM_1WORD
some	O
wild	O
shit	O
sometimes	O

rt	O
@awkwardposts	O
:	O
when	O
you	O
look	O
good	O
in	O
a	O
snapchat	O
and	O
they	O
dont	NORM_1WORD
reply	O
http://t.co/cwladhnqwq	O

rt	O
@knockknock0408	O
:	O
[	O
vid	NORM_1WORD
]	O
140523	O
exo	O
the	O
lost	O
planet	O
in	O
seoul	O
-	O
sehun	O
genie	O
http://t.co/bfjv68aqug	O

rt	O
@afoley21	O
:	O
hehehe	O
"	O
@teddyferrari1	O
:	O
you	O
all	O
know	O
mike	O
nkansah	O
is	O
mean	O
...	O
ryt	NORM_1WORD
..??	O
"	O

rt	O
@flojoe98	O
:	O
favourite	NORM_1WORD
on	O
the	O
way	O
home	O
from	O
nialls	O
game	O
yesterday	O
.	O
aww	O
love	O
him	O
#teamniall	O
#wmaonedirection	O
http://t.co/ggmibvihnx	O

@torysharman1982	O
anna	O
passey	O
wears	O
nadine	O
merabi	O
dress	O
find	O
similar	O
here	O
:	O
http://t.co/z7ot3ecewe	O
enjoy	O
:)	O
x	O

http://t.co/9xzvzezsp2	O
@amitshahoffice	O
being	O
given	O
responsibility	O
of	O
chosing	O
new	O
tn	O
bjp	O
president	O
says	O
dinamalar	O

rt	O
@posicactus	O
:	O
i	O
hope	O
u	NORM_1WORD
have	O
one	O
of	O
those	O
days	O
where	O
u	NORM_1WORD
catch	O
urself	NORM_1WORD
smiling	O
for	O
no	O
reason	O

@_licitysmoak	O
stop	O
deep	O
throating	O
white	O
dick	O
tbh	O

rt	O
@angry_arsene_	O
:	O
retweet	O
for	O
me	O
.	O
favorite	O
for	O
c	O
.	O
ronaldo	O
.	O
http://t.co/a8422dyisp	O

rt	O
@country_voices	O
:	O
beer	O
gets	O
a	O
barefoot	O
country	O
girl	O
swayin	NORM_1WORD
,	O
to	O
a	O
song	O
that's	O
playin	NORM_1WORD
and	O
the	O
world	O
starts	O
fadin	NORM_1WORD
'	O
.	O
#frankieballard	O

rt	O
@bwalbie	O
:	O
#openfollow	O
for	O
rp	O
,	O
jfb	O
,	O
retweet	O
juseyo	O
!	O

@itssongoku	O
bruh	NORM_1WORD
you	O
playin	NORM_1WORD
,	O
yamcha	O
is	O
the	O
fuckboy	O

i	O
did	O
top	O
eye	O
liner	O
today	O
and	O
idk	O
how	O
i	O
felt	O
about	O
it	O
lol	O

@louiseedallas	O
yes	O
,	O
it's	O
only	O
19	O
days	O
to	O
!	O
are	O
you	O
ready	O
for	O
the	O
miley	O
cyrus	O
consert	O
?	O

niggas	NORM_1WORD
don't	O
like	O
fighting	O
rather	O
go	O
to	O
jail	O
than	O
take	O
a	O
"	O
l	O
"	O

most	O
social	O
pple	NORM_1WORD
r	NORM_1WORD
troublesome	O
..	O

rt	O
@elise_amelia	O
:	O
i	O
only	O
like	O
snapchat	O
certain	O
people	O
so	O
if	O
i	O
snapchat	O
you	O
your	O
lucky	O

rt	O
@tbvines	O
:	O
this	O
twerks	O
better	O
than	O
miley	O
https://t.co/ce2dqd4wec	O

they	O
hatin	NORM_1WORD
'	O
you	O
keep	O
it	O
movin	NORM_1WORD
'	O

i'm	O
listening	O
to	O
http://t.co/ssrpwrx232	O
macklemore	O
-	O
thrift-shop	O
by	O
macklemore	O
#freemusic	O

rt	O
@pvrspective	O
:	O
"	O
you've	O
changed	O
a	O
lot	O
"	O
..	O
yh	O
idc	O
stfu	O

@jack_mac22	O
thanks	O
man	O
.	O
hmu	O
if	O
u	NORM_1WORD
ever	O
need	O
a	O
ride	O
lol	O

rt	O
@aurak4s1h	O
:	O
desain	O
kamar	O
anak	O
ceria	O
-	O
happy	O
and	O
bright	O
children	O
room	O
design	O
ideas	O
http://t.co/5okzixykwx	O

increible	O
!	O
acabo	O
de	O
espiar	O
a	O
mi	O
amiga	O
por	O
whatsapp	O
aqui	O
http://t.co/yspgjkqdmw	O
funciona	O
genial	O
!!	O

this	O
nigga	NORM_1WORD
logan	O
stay	O
shoulder	O
bumpin	NORM_1WORD
,	O
i	O
ain't	O
kno	NORM_1WORD
who	O
it	O
was	O
lmao	O
i	O
was	O
boutta	NORM_2WORD
go	O
in	O

rt	O
@brandonbrutto	O
:	O
if	O
you	O
dont	NORM_1WORD
tweet	O
#nhl15bergeron	O
hourly	O
you	O
arent	NORM_1WORD
a	O
true	O
fan	O
#bruinsnation	O

"	O
@virgiljonathans	O
:	O
pict	NORM_1WORD
:	O
@steffychibi	O
at	O
inbox	O
sctv	O
-	O
city	O
market	O
pondok	O
cabe	O
#sharepictchibi	O
http://t.co/as74ngcvup	O
"	O

@cxsualaffair	O
i've	O
had	O
this	O
acc	NORM_1WORD
since	O
like	O
2009	O
so	O
i	O
dont	NORM_1WORD
think	O
its	O
that	O
bad	O
but	O
still	O
wth	NORM_1WORD
100k	O
omg	O
hahahahha	O

naiiyak	O
ako	O
kay	O
baby	O
girl	O
:(	O

rt	O
@pbbabscbn	O
:	O
let's	O
get	O
physical	O
with	O
the	O
uber	O
gang	O
!	O
tara	O
at	O
maki	O
#uberworkout	O
na	O
mamaya	O
after	O
moon	O
of	O
desire	O
.	O

@inrareform_	O
same	O
place	O
i	O
told	O
u	NORM_1WORD
n	NORM_1WORD
i	O
mean	O
new	O
like	O
a	O
different	O
state	O
ive	NORM_1WORD
never	O
been	O
i	O
just	O
wanna	NORM_2WORD
start	O
over	O
you	O
kno	NORM_1WORD

get	O
well	O
s/o	O
to	O
my	O
nephew	O
nino	O
sleaze	O
aka	O
@naeem_prophet	O
aka	O
naeem	O
the	O
illness	O

dati	O
:	O
love	O
at	O
first	O
sight	O
.	O
ngayon	O
:	O
love	O
at	O
website	O

yea	NORM_1WORD
man	O
....	O
but	O
i	O
nah	NORM_1WORD
teach	O
nobody	O
pickney	O
"	O
@deediedjunglist	O
:	O
@masterbruce5	O
u	NORM_1WORD
nuh	NORM_1WORD
start	O
look	O
work	O
yet	O
?	O
"	O

@ironchinchilla	O
wtf	O
we	O
need	O
a	O
pic	NORM_1WORD
b	O

silver	O
and	O
gen	O
ad	O
nalang	O
konti	O
nalang	O
2nd	O
show	O
na	O
pls	NORM_1WORD

@astrologylouis	O
im	NORM_1WORD
so	O
sure	O
i	O
heard	O
tht	NORM_1WORD
from	O
a	O
song	O
....	O

"	O
@x_doesepicshit	O
:	O
who	O
ever	O
makes	O
it	O
to	O
the	O
finals	O
in	O
the	O
west	O
is	O
beating	O
miami	O
"	O
lmaoo	O
u	NORM_1WORD
throw	O
the	O
most	O
shade	O
lmaoo	O

bitches	O
b	NORM_1WORD
so	O
pressed	O
to	O
have	O
kids	O
by	O
niggas	NORM_1WORD
who	O
don't	O
want	O
dey	NORM_1WORD
ass	O

@pippa_hayton	O
good	O
luck	O
with	O
up	O
comeing	NORM_1WORD
event	O
x	O

rt	O
@smobss	O
:	O
spinns	O
x	O
#sailormoon	O
collab	O
packpack	O
1	O
stripe	O
and	O
silhouette	O
pattern	O
!	O
http://t.co/rclpg4uit6	O

@saymydude	O
you	O
should	O
do	O
it	O
at	O
forney	O
park	O
bruh	NORM_1WORD

rt	O
@audiotunedj	O
:	O
here's	O
the	O
link	O
for	O
my	O
remix	O
of	O
ping	O
pong	O
by	O
armin	O
van	O
buuren	O
!!!	O
https://t.co/6yht0hmipr	O

@nobreakmixtv	O
amanha	O
bem	O
que	O
podia	O
tocar	O
this	O
is	O
me	O
da	O
demi	O
lovato	O
!!!	O
#thisismenamix	O

why	O
do	O
defenders	O
try	O
to	O
get	O
in	O
lebrons	O
head	O
???	O
thats	NORM_1WORD
when	O
that	O
man	O
is	O
at	O
his	O
best	O
.	O
if	O
you	O
dont	NORM_1WORD
want	O
lebron	O
attacking	O
then	O
don't	O
say	O
shit	O
.	O
lol	O

3	O
trends	O
are	O
for	O
niall	O
im	NORM_1WORD
gonna	NORM_2WORD
cry	O
http://t.co/umryxsz1ko	O

@banabananna	O
do	O
you	O
understand	O
this	O
?	O
libre	O
soy	O
libre	O
soy	O
libertad	O
sin	O
vuelta	O
atras	O
!	O

@brandonrayy	O
thanksfor	NORM_2WORD
following	O
love	O
pls	NORM_1WORD
take	O
a	O
minute	O
to	O
check	O
out	O
my	O
blog	O
http://t.co/feoog5mi7q	O
via	O
http://t.co/mrketishzb	O

now	O
spinning	O
x	O
-	O
rated	O
mix032	O
on	O
union	O
squad	O
radio	O
tunein	O
or	O
winamp	O
app's	O

rt	O
@imrichass_nigha	O
:	O
u	NORM_1WORD
better	O
not	O
have	O
no	O
nighas	NORM_1WORD
round	O
my	O
fucking	O
kids	O

wuih	O
rt	O
@techinasia	O
:	O
app	O
annie	O
acquires	O
distimo	O
,	O
raises	O
$17m	O
in	O
funding	O
http://t.co/7ewbaemrqo	O

please	O
let	O
me	O
#meettaylorswiftthroughcornetto	O
please	O
@selectacornetto	O
lou	O
sushmita	O
mae	O
bernardino	O
2431	O

latest	O
:	O
chinese	O
pm	O
congratulates	O
modi	O
;	O
vows	O
to	O
take	O
ties	O
to	O
new	O
level	O
-	O
ibnlive	O
:	O
ibnlivechinese	O
p	O
...	O
http://t.co/2uax21qiq7	O
#indiannews	O

you	O
kno	NORM_1WORD
dat	NORM_1WORD
that	O
aint	NORM_1WORD
a	O
bad	O
bitch	O
,	O
dats	NORM_1WORD
a	O
knock	O
off	O

rt	O
@belongtwolf	O
:	O
@wesleyair	O
@wesleystromberg	O
@hollakeats	O
dude	O
hahahahaha	O
u	NORM_1WORD
r	NORM_1WORD
the	O
best	O
!!!!!!	O

this	O
wld	NORM_1WORD
be	O
interesting	O
if	O
it	O
happened	O
-	O
farage	O
vows	O
to	O
tackle	O
alex	O
salmond	O
http://t.co/hvawsbm0jn	O
via	O
@mailonline	O

haha	O
truly	O
banterous	O
song	O
choice	O
http://t.co/c1pic1l0sz	O

rt	O
@pizzapopniall	O
:	O
if	O
u	NORM_1WORD
are	O
leaving	O
the	O
fandom	O
i	O
have	O
one	O
question	O
for	O
u	NORM_1WORD
and	O
that	O
is	O
can	O
i	O
pls	NORM_1WORD
have	O
ur	NORM_1WORD
wwa	O
tickets	O

she	O
really	O
does	O
wear	O
a	O
tracksuit	O
today	O
hahaha	O
xd	O

@brickbosspros	O
alr	O
bet	O
imma	NORM_3PLUS
call	O
u	NORM_1WORD
when	O
i	O
head	O
back	O
east	O

@deniseloveis	O
u	NORM_1WORD
know	O
who	O
is	O
the	O
factest	O
person	O
?	O
you	O
know	O
who	O
.	O
maulaw	O
ko	O
hahah	O

wen	NORM_1WORD
arsenal	O
were	O
clinching	O
league	O
title	O
in	O
89	O
,	O
chelsea	O
were	O
clinching	O
promotio	NORM_1WORD
.	O
warris	O
life	O
?	O

uae	O
news-	O
uae	O
to	O
commemorate	O
isra	O
wal	O
mi'raj	O
today	O
http://t.co/chd8f5b6ko	O

b	O
.	O
cants	O
is	O
#2	O
on	O
the	O
reverbnation	O
r&b/soul	O
charts	O
for	O
warner	O
robins	O
,	O
ga	O
.	O
http://t.co/92e7wtrt9a	O
#see	O
why	O

rt	O
@jbcrewdotcom	O
:	O
aww	O
!	O
the	O
belieber	O
on	O
this	O
photo	O
is	O
wearing	O
an	O
"	O
avalanna	O
"	O
bracelet	O
!	O
so	O
sweet	O
!	O
http://t.co/bd2frynqaz	O

whatchu	NORM_2WORD
kno	NORM_1WORD
bout	NORM_1WORD
them	O
hiccup	O
bitches	O
lls	O

rt	O
@femaies	O
:	O
when	O
im	NORM_1WORD
mad	O
at	O
someone	O
but	O
then	O
they	O
ask	O
if	O
im	NORM_1WORD
hungry	O
http://t.co/u09yqzczbf	O

i	O
dont	NORM_1WORD
know	O
if	O
ashton	O
is	O
foolin	NORM_1WORD
or	O
not	O

rt	O
@juliansimpson1	O
:	O
michael	O
gove	O
is	O
dolores	O
umbridge	O
.	O

enright	O
,	O
lonergan	O
to	O
miss	O
for	O
cats	O
http://t.co/adbusqgfaw	O

super	O
feet	O
junior	O
rt	O
@haepepper	O
:	O
why	O
does	O
sj	O
members	O
like	O
to	O
tweet	O
their	O
feets	NORM_1WORD
hahahahahahahahah	O

currently	O
watching	O
clueless	O
w	NORM_1WORD
my	O
mom	O
lol	O

rt	O
@mydickiscalled	O
:	O
my	O
dick	O
is	O
called	O
selfies	O
because	O
bitches	O
love	O
taking	O
selfies	O
.	O

rt	O
@westindavis	O
:	O
so	O
proud	O
of	O
my	O
bros	NORM_1WORD
@athousandhorses	O
signin	NORM_1WORD
their	O
record	O
deal	O
.	O
yall	NORM_1WORD
b	NORM_1WORD
on	O
the	O
lookout	O
for	O
em	NORM_1WORD
.	O
#realdeal	O

i	O
feel	O
like	O
im	NORM_1WORD
being	O
tested	O
.	O
iont	NORM_2WORD
like	O
that	O
shit	O

if	O
you	O
don't	O
talk	O
that	O
fufu	O
shit	O
in	O
rap	O
bout	NORM_1WORD
what	O
you	O
really	O
doin	NORM_1WORD
i	O
can	O
fuckz	NORM_1WORD
with	O
it	O

lol	O
"	O
@k_hyphy	O
:	O
not	O
anymore	O
?	O
rt	O
@bayz_izreal	O
:	O
niecy	O
was	O
cute	O
"	O

@nikki_paton	O
these	O
should	O
be	O
given	O
to	O
all	O
ukip	O
members	O
&	O
everyone	O
who	O
voted	O
for	O
them	O
!!	O
lol	O

dapat	O
gif	O
exo	O
half	O
naked	O
:	O
9	O
[]	O

@jamiechung1	O
you	O
should	O
check	O
out	O
@beef_libertyhk	O
in	O
wan	O
chai	O
.	O
considered	O
one	O
of	O
the	O
best	O
burgers	O
in	O
hk	NORM_2WORD
.	O

chae	O
yeon	O
updates	O
fans	O
about	O
her	O
rainy	O
day	O
miracle	O
http://t.co/y7ey5wx5ji	O

ppl	NORM_1WORD
be	O
like	O
:	O
my	O
phone	O
dry	O
with	O
5	O
messages	O
,	O
10	O
kik	O
messages	O
,	O
dms	NORM_2WORD
on	O
twitter	O
and	O
instagram	O
.	O
like	O
...	O
fr	O
?	O
dry	O
?	O
no	O
.	O

@perfecto_sa	O
just	O
playing	O
amazing	O
deep	O
house	O
@houseofrhythmsa	O
wht	NORM_1WORD
a	O
brother	O
repin	O
kzn	O

busog	O
na	O
busog	O
na	O
naman	O
ako	O
.	O
mortal	O
sin	O
talaga	O
ang	O
diet	O
when	O
with	O
family	O
:))	O

rt	O
@iamsuperbianca	O
:	O
lakas	O
maka	O
qualities	O
of	O
a	O
big	O
winner	O
ah	O
.	O

i	O
kno	NORM_1WORD
u	NORM_1WORD
ain't	O
that	O
nigga	NORM_1WORD
u	NORM_1WORD
say	O
u	NORM_1WORD
is	O

rt	O
@ermwatson	O
:	O
graduating	O
emma	O
watson	O
appreciation	O
tweet	O
congrats	NORM_1WORD
bae	O
ily	O
@emwatson	O
#weareproudofemmawatson	O
http://t.co/xkmxxhrxux	O

@heyhydee	O
hahahahahah	O
:(((	O
omg	O
team	O
seven	O
eleven	O
..	O
gehd	O
demnit	O

@sadieeg_	O
woow	O
im	NORM_1WORD
sorry	O
2	NORM_1WORD
hear	O
dat	NORM_1WORD
..	O
i	O
hope	O
she	O
ok	O

rt	O
@dukewilliams187	O
:	O
da	NORM_1WORD
world	O
got	O
way	O
more	O
dumb	O
ppl	NORM_1WORD
den	O
smart	O
ppl	NORM_1WORD
...	O

the	O
dog	O
represents	O
all	O
that	O
is	O
best	O
in	O
man	O
.	O
-	O
etienne	O
charlet	O

@connormcdonough	O
tell	O
my	O
mama	O
by	O
christina	O
grimmie	O
idk	O
it's	O
super	O
catchy	O

bota	NORM_2WORD
shopping	O
esquisito	O
nisso	O
.	O
(@	O
shopping	O
total	O
w/	O
4	O
others	O
)	O
http://t.co/nbpupp9aui	O

batwing	O
greyni	O
rp	O
70.000	O
,	O
spandex	O
tanpa	O
syal	O
,	O
fit	O
to	O
l	O
http://t.co/wefkwhkg5d	O

nothing	O
like	O
a	O
little	O
cattitude	NORM_1WORD
to	O
show	O
ya	NORM_1WORD
where	O
ya	NORM_1WORD
stand	O
.	O
lol	O
#simba	O
http://t.co/usbxxxd3bh	O

@gaygael	O
3	O
unionists	O
now	O
ahead	O
of	O
both	O
,	O
convery	O
surplus	O
will	O
probably	O
put	O
nuala	O
over	O
quota	O
and	O
leave	O
tierna	O
about	O
100-150	O
votes	O
short	O
.	O

http://t.co/qwvl4sz3ph	O
#2	O
:	O
roko	O
novelty	O
real	O
watch	O
with	O
collectable	O
butane	O
cigarette	O
cigar	O
lighte	O
(	O
white	O
)	O
roko	O
...	O
http://t.co/vbiynihqb9	O

got	O
letso	O
knw	NORM_1WORD
:	O
yep	O
lyk	NORM_1WORD
:	O
luv	NORM_1WORD
dated	O
:	O
kgm	O
kgm	O
kissed	O
:	O
yep	O

@trigga_happy1	O
u	NORM_1WORD
still	O
at	O
tha	NORM_1WORD
lab	O

rt	O
@themickydolenz1	O
:	O
tonight	O
!	O
the	O
monkees	O
swinging	O
to	O
greensburg's	O
palace	O
theatre	NORM_1WORD
http://t.co/ftpctfli1r	O
via	O
@triblive	O

@asiathebatpig	O
yas	NORM_1WORD
u	NORM_1WORD
noticed	O
me	O

@locogetacoco	O
yep	O
they're	O
confirmed	O
;	O
n	NORM_1WORD
;	O
june	O
3rd	O
and	O
i	O
can	O
pre	NORM_1WORD
order	NORM_1WORD
the	O
album	O
today	O

@tamjonfan	O
aww	O
thank	O
you	O
:)	O
lmao	O
but	O
honestly	O
this	O
black	O
magic	O
is	O
scary	O
now	O
.	O
i	O
can't	O

too	O
much	O
porn	O
on	O
my	O
dashboard	O
,	O
yisus	NORM_1WORD
craist	NORM_1WORD
.	O

rapgenius	O
co-founder	O
resigns	O
over	O
elliot	O
rodger	O
comments	O
-	O
the	O
entrepreneur	O
described	O
isla	O
vista	O
killer's	O
manifest	O
...	O
http://t.co/pnue2e4ldm	O

http://t.co/kwsk8ld3ez	O
#8	O
:	O
logitech	O
wireless	O
microphone	O
-	O
playstation	O
3	O
logitech	O
wireless	O
microphone	O
-	O
playsta	O
...	O
http://t.co/ijsza1toz7	O

#starlife	O
-	O
exposed	O
>>>	O
go's	O
out	O
to	O
them	O
thot's	O
insta	O
watchin	NORM_1WORD
!	O
lol	O

rt	O
@kabar_chelsea	O
:	O
gary	O
cahill	O
dan	O
thibaut	O
courtois	O
masuk	O
dalam	O
uefa	O
champions	O
league	O
team	O
of	O
the	O
season	O
2013/2014	O
#cfc	O

rt	O
@bieberfbrasil	O
:	O
assista	O
:	O
justin	O
bieber	O
no	O
reality	O
show	O
'	O
so	O
you	O
think	O
you	O
can	O
dance	O
'	O
http://t.co/xgmxqgvp0t	O

rt	O
@aurak4s1h	O
:	O
desain	O
kamar	O
cewek	O
-	O
awesome	O
girlish	O
pink	O
and	O
chocolate	O
bedroom	O
design	O
http://t.co/qesh5baxli	O

rt	O
@aurak4s1h	O
:	O
desain	O
kamar	O
cewek	O
-	O
cute	O
teen	O
bedroom	O
design	O
barbie	O
style	O
http://t.co/auuvrbjpcj	O

rt	O
@trollouispizza	O
:	O
@pixelplay16	O
whenever	O
u	NORM_1WORD
scream	O
i	O
laugh	O
hard	O
xd	O

rt	O
@haroldrepublic	O
:	O
croke	O
park	O
shows	O
are	O
over	O
in	O
a	O
flash	O
im	NORM_1WORD
crying	O

@jaibrooks1	O
jai	O
please	O
follow	O
me	O
babe	NORM_1WORD
,	O
thats	NORM_1WORD
my	O
dream	O
:(	O
8	O

ibu	O
and	O
nenek	O
why	O
are	O
you	O
2	O
so	O
pretty	O
??	O
http://t.co/v2jdasyzi7	O

rt	O
@richard_third	O
:	O
might	O
even	O
go	O
down	O
the	O
fanclub	NORM_2WORD
tonight	O
totty	O
chasing	O
to	O
celebrate	O
...	O

thu	NORM_1WORD
15:00	O
:	O
sunny	O
;	O
temp	O
18.3	O
c	O
;	O
humidity	O
48%	O
;	O
press	O
102.1	O
kpa	O
/	O
falling	O
.	O

@pearforest	O
what	O
hav	NORM_1WORD
u	NORM_1WORD
done	O

rt	O
@whattheffacts	O
:	O
hugh	O
jackman	O
was	O
the	O
3rd	O
choice	O
to	O
play	O
wolverine	O
behind	O
russell	O
crowe	O
and	O
dougray	O
scott	O
.	O

if	O
wearing	O
a	O
bindi	O
is	O
racist	O
u	NORM_1WORD
better	O
tell	O
these	O
white	O
girls	O
to	O
stop	O
cornrowing	O
their	O
musty	O
ass	O
hair	O

(	O
4	O
)	O
cek	O
@fashion_shocker	O
1st	O
hand	O
grosir	O
macam2	O
sepatu	O
termurah	O
nusantara	O
,	O
vans	O
,	O
nike	O
,	O
dll	O
pin	O
269b0456/081297098439	O
http://t.co/l2pxto7zjj	O

im	NORM_1WORD
tired	O
but	O
i	O
dont	NORM_1WORD
wanna	NORM_2WORD
go	O
(	O
@jamesandsonny	O
live	O
on	O
http://t.co/owvltwvxdh	O
)	O

@adoringsmoldy	O
ikr	O
?	O
he	O
has	O
the	O
cup	O
in	O
the	O
books	O
and	O
in	O
the	O
film	O
he	O
doesn't	O
...	O
like	O
wut	NORM_1WORD

@ogdaniela_	O
thank	O
u	NORM_1WORD
!!!	O
omg	O
ur	NORM_1WORD
even	O
prettier	O

@tatteduphollyyy	O
#ezywrk's	O
"	O
fear	O
tha	NORM_1WORD
zoo	O
"	O
mixtape	O
hosted	O
by	O
dj	O
moondawg	O
out	O
now	O
downloaded	O
4	NORM_1WORD
free	O
http://t.co/hk3cjgnskp	O

britney	O
queen	O
of	O
wma	O
rainha	O
britney	O
merece	O

katoomba	O
falls	O
,	O
blue	O
mountains	O
,	O
australia	O
by	O
ian	O
geddes	O
-	O
digital	O
photographer	O
http://t.co/lnxcuevgg4	O

#sneakpeek	O
from	O
<<	O
voir	O
autrement	O
>>	O
a	O
photo	O
exhibit	O
opening	O
saturday	O
@username	O
#hashtag	O
gallery	O
http://t.co/27s8p2lppt	O

quote	O
this	O
with	O
a	O
selfie	O
for	O
a	O
rt	NORM_1WORD
(	O
gotta	O
be	O
following	O
)	O
favs	NORM_1WORD
for	O
everyone	O
.	O
go	O
!	O

rt	O
@geoffhobsoncin	O
:	O
hall	O
,	O
geno	O
on	O
field	O
for	O
warmups	O
but	O
not	O
in	O
unis	NORM_1WORD
;	O
still	O
,	O
boling	O
go	O
inside	O
after	O
warmups	O

who	O
tf	NORM_2WORD
said	O
i	O
wanted	O
to	O
fix	O
yur	NORM_1WORD
shit	O
.	O
i	O
got	O
my	O
own	O
shit	O
to	O
do	O

@trishnadx	O
thankiu	NORM_2WORD
hehehe	O
so	O
nice	O
of	O
you	O
.	O
appreciate	O
it	O
alot	NORM_2WORD
.	O

i	O
m	NORM_1WORD
really	O
feeling	O
so	O
sad	O
for	O
rahul	O
dravid	O
.	O
his	O
hard	O
work	O
went	O
in	O
vain	O
.	O
:'(	O
#rrvsmi	O

@xistylesgucci	O
i	O
feel	O
stupid	O
coz	NORM_1WORD
im	NORM_1WORD
arabic	O
and	O
dont	NORM_1WORD
know	O
why	O
people	O
do	O
that	O
lol	O
:/	O

@jbyoder	O
we	O
don't	O
really	O
see	O
much	O
signal	O
of	O
selection	O
on	O
bmi	O
or	O
t	O
2d.i	O
commented	O
on	O
the	O
difficultly	O
of	O
interp	O
.	O
here	O
http://t.co/0jrwestz2z	O

@shafiyahmahone	O
hope	O
he'll	O
followed	O
you	O
soon	O
bae	O
and	O
im	NORM_1WORD
late	O
to	O
tweet	O
that	O
tips	O
:(	O

rt	O
@cedesmulababyy	O
:	O
its	NORM_1WORD
too	O
hot	O
to	O
function	O
sitten	NORM_1WORD
in	O
the	O
ac	O
for	O
a	O
min	NORM_1WORD
lol	O
fr	O

fucka	NORM_1WORD
boo	O
im	NORM_1WORD
bout	NORM_1WORD
tired	O
of	O
a	O
boo	O
i	O
need	O
a	O
bae	O
frfr	O

from	O
hostel	O
to	O
hostel	O
when	O
its	O
actually	O
hve	NORM_1WORD
to	O
be	O
from	O
hostel	O
to	O
home	O
kakak	O
!!	O
please	O
la	O

rt	O
@commonblackgiri	O
:	O
when	O
u	NORM_1WORD
see	O
bae	O
talking	O
to	O
someone	O
u	NORM_1WORD
kno	NORM_1WORD
is	O
thirsty	O
for	O
em	NORM_1WORD
http://t.co/ge5c86cnmw	O

edward	O
snowden	O
says	O
the	O
u.s.	O
stranded	O
him	O
in	O
russia	O
-	O
huffington	O
post	O
http://t.co/vmstv9rusj	O

eh	O
everybody	O
busy	O
asf	NORM_2WORD
,	O
boutta	NORM_2WORD
be	O
schleep	NORM_1WORD

laro	O
daw	O
tayo	O
ng	O
"	O
truth	O
or	O
their	O
"	O
feckkk	NORM_1WORD
hahaha	O
.	O

rt	O
@optic_mboze	O
:	O
4v4	O
snd	O
wager	O
me	O
scump	O
nadeshot	O
proofy	O
http://t.co/h0acq5wi44	O

sigh	O
it	O
could've	NORM_2WORD
been	O
betetr	NORM_1WORD
if	O
zayn	O
was	O
there	O
tbh	O

rt	O
@foxtcawards	O
:	O
retweet	O
if	O
you	O
want	O
to	O
see	O
@ddlovato	O
nominated	O
&	O
perfoming	NORM_1WORD
this	O
year	O
#tcas2014	O
http://t.co/apq25ivm4v	O

me	O
hate	O
family	O
more	O
time	O
look	O
how	O
me	O
fry	O
me	O
plantain	O
all	O
by	O
meself	NORM_1WORD
and	O
dem	NORM_1WORD
come	O
nyam	O
e	O
out	O

rt	O
@briana_oliva	O
:	O
wth	O
did	O
you	O
seriously	O
get	O
a	O
camaro	O
!?!	O
@andreagquinones	O

rt	O
@amberrnto	O
:	O
hoho-	O
jessy	O
unnie	O
told	O
me	O
she	O
wanted	O
to	O
accept	O
your	O
love-	O

@lysrusso	O
@adp_the_great	O
lol	O
i	O
got	O
a	O
notification	O
saying	O
you	O
guys	O
were	O
talking	O
about	O
spongebob	O
because	O
you	O
said	O
bikini	O
bottom	O
hahhaha	O

rt	O
@therealgrimmie	O
:	O
hackd	NORM_1WORD
again	O
!	O
wuddup	NORM_2WORD
#grimmienation	O
it's	O
@hi_laurbie	O
and	O
@sarah_happs	O
!	O
http://t.co/ilpcj4qd6o	O

yea	NORM_1WORD
u	NORM_1WORD
deserve	O
ur	NORM_1WORD
break	O
but	O
don't	O
draw	O
innocent	O
ppl	NORM_1WORD
in	O
it	O
..	O
u	NORM_1WORD
sick	O
scammer	O
#catfish	O

@darkpython98	O
ahh	O
ive	NORM_1WORD
never	O
used	O
nightbot	NORM_2WORD
b4	NORM_1WORD
either	O
kappa	O

someone	O
snapchat	O
me	O
or	O
suhin	O

harrys	O
texting	O
someone	O
with	O
an	O
iphone	O
.	O
http://t.co/jsf1xcr9fx	O

@iam_elaineeee	O
@shaynhieee	O
hahaaha	O
!	O
xd	O
move	O
on	O
na	O
!	O
;)	O
tingnan	O
mo	O
ko	O
,	O
ready	O
na	O
for	O
another	O
chance	O
.	O
;)	O

i	O
liked	O
a	O
@youtube	O
video	O
http://t.co/w0tyi2sdpp	O
tomorrowland	O
2013	O
-	O
alesso	O
(	O
full	O
set	O
)	O

rt	O
@kiddoyuara	O
:	O
#openfollow	O
buat	O
rp	O
esp	O
yooara	O
biased	O
!	O
just	O
retweet	O
:)))	O

"	O
i	O
just	O
got	O
4	O
sugar	O
daddies	O
online	O
"	O
-me	O
"	O
u	NORM_1WORD
go	O
gurl	NORM_1WORD
!	O
"	O
-dad	O

@cbryant_	O
it's	O
not	O
fair	O
though	O
subban	O
doughty	O
and	O
oshie	O
all	O
have	O
twitters	O
#nhl15bergeron	O

led	O
chong	O
wei	O
is	O
like	O
a	O
steven	O
gerrard	O
in	O
badminton	O
...	O
everyone	O
wants	O
him	O
to	O
win	O

not	O
a	O
big	O
fan	O
of	O
the	O
artic	O
monkeys	O
,	O
ngl	O
.	O

fresh	O
out	O
the	O
shower	O
,	O
dressed	O
for	O
the	O
day	O
but	O
have	O
nothin	NORM_1WORD
to	O
do	O
lol	O

rt	O
@newgenkshop	O
:	O
open	O
po	O
cropped	O
tee	O
idr	O
75k	O
,	O
kuota	O
12	O
tiap	O
design	O
.	O
fast	O
respond	O
:	O
087780566955	O
/	O
2af838cb	O
http://t.co/y1k8id7olu	O

@leez_suave	O
real	O
shit	O
dawg	O
...	O
jawns	O
blow	O
me	O

jimmy	O
iovine	O
steps	O
down	O
from	O
interscope	O
;	O
replaced	O
by	O
john	O
janick	O
http://t.co/lg44zpnpb4	O

rt	O
@ask4_suho	O
:	O
[	O
vid	NORM_1WORD
]	O
140524	O
exo	O
"	O
the	O
lost	O
planet	O
"	O
concert	O
(	O
beautiful	O
)	O
||	O
suho	O
||	O
cr	O
:	O
bluemarine	O
(	O
youtube	O
)	O
http://t.co/ox8pd48kcq	O

rt	O
@foamfoamy	O
:	O
key	O
up	O
his	O
ig	NORM_1WORD
6	O
year	O
shinee	O
^__^	O
#6yearswithshinee	O
http://t.co/w2bfidpbln	O

neighbour	NORM_1WORD
once	O
over	O
the	O
hedge	O
,	O
neighbour	NORM_1WORD
over	O
it	O
again	O
.	O
-	O
german	O
proverb	O

i	O
told	O
tasha	O
my	O
xbox	O
gamertag	O
and	O
she	O
nearly	O
lost	O
her	O
shit	O
.	O

rt	O
@shafikamazlan	O
:	O
dont	NORM_1WORD
check	O
up	O
on	O
ppl	NORM_1WORD
who	O
have	O
decided	O
you	O
are	O
not	O
in	O
their	O
picture	O
anymore	O
.	O
you	O
dont	NORM_1WORD
need	O
to	O
know	O
how	O
theyre	NORM_1WORD
doing	O
.	O

sunod	O
kong	O
babasahin	O
ang	O
favorite	O
kong	O
that	O
kind	O
of	O
guy	O
still	O
by	O
mina	O
v	O
.	O
esguerra	O
>;)	O

i	O
lowkey	O
think	O
i	O
need	O
somtime	NORM_1WORD
away	O
....	O

citi	O
citi	O
-	O
6	O
.	O
on	O
me	O
[	O
hosted	O
by	O
dj	O
louie	O
v	O
]	O
@bossciti	O
:	O
http://t.co/awp5gnyejb	O
via	O
@youtube	O

rt	O
@leaksnapchats	O
:	O
my	O
nigga	NORM_1WORD
goku	O
out	O
here	O
searching	O
for	O
the	O
dragonbooty	O
http://t.co/f2wq2qlriv	O

is	O
it	O
orgasm	O
or	O
orgasim	O
,	O
fml	O
im	NORM_1WORD
so	O
confused	O

passed	O
along	O
without	O
comment	O
:	O
"	O
misandry	O
,	O
"	O
by	O
cedar	O
sanderson	O
.	O
http://t.co/yosujlzodu	O

@avrillavigne	O
one	O
month	O
of	O
the	O
avril	O
lavigne	O
tour	O
#brazil	O
<3	O
i	O
love	O
you	O
.	O
14	O

places	O
about	O
faculty	O
straddleback	O
yours	O
holidays	O
by	O
burkina	O
faso	O
:	O
lies	O

wem	O
sagt	O
"	O
technical	O
pan	O
"	O
noch	O
was	O
?	O
;-)	O

iggy	O
iggy	O
to	O
biggy	O
to	O
be	O
here	O
stressin	NORM_1WORD

rt	O
@vicegandalines	O
:	O
di	O
baling	O
walang	O
load	O
basta	O
may	O
wifi	O
at	O
twitter	O
.	O

rt	O
@mileycyrusph23	O
:	O
smilers	O
!	O
vote	O
for	O
miley	O
by	O
tweeting	O
the	O
hashtag	O
#mileyformmva	O
on	O
twitter	O
!	O
<3	O
http://t.co/ndwukb2cmq	O

ima	NORM_3PLUS
be	O
a	O
better	O
mother	O
to	O
my	O
kids	O
than	O
my	O
momma	NORM_1WORD
was	O
to	O
me	O
.	O

zac	O
efron	O
is	O
only	O
5'8	O
"	O
.	O
retweet	O
to	O
ruin	O
a	O
white	O
girl's	O
day	O
.	O

rt	O
@niallofficial	O
:	O
dressin	NORM_1WORD
room	O
shenanigans	O
!	O
with	O
harrystyles	O
http://t.co/xdupsttiot	O

g	O
ill	NORM_1WORD
stay	O
home	O
b4	NORM_1WORD
i	O
go	O
to	O
a	O
party	O
in	O
be	O
with	O
a	O
bunch	O
of	O
fake	O
mtfs	O

@narendramodi	O
god	O
ll	O
give	O
u	NORM_1WORD
all	O
strength	O
and	O
power	O
to	O
take	O
our	O
country	O
to	O
the	O
summit	O
.	O
urge	O
you	O
that	O
do	O
not	O
forget	O
the	O
poors	O
as	O
ppl	NORM_1WORD
made	O
u	NORM_1WORD
pm	O

im	NORM_1WORD
laughing	O
so	O
hard	O
bc	O
of	O
that	O
bitch	O
hahahaha	O
seriously	O

@dyrious	O
ehhhh	O
dont	NORM_1WORD
judge	O
a	O
person	O
by	O
their	O
forehead	O
ah	O
oops	O
hahahahahaha	O

la	O
decima	O
.!!	O
hala	O
madriiiiddd	O
..!!!	O
good	O
job	O
,	O
:	O
*	O

damn	O
bruh	NORM_1WORD
,	O
tanzanian	O
girls	O
doin	NORM_1WORD
their	O
thang	NORM_1WORD
again	O
-	O
http://t.co/orfe1azrpw	O
http://t.co/kzkkz15uwf	O

brixham	O
rugby	O
camp	O
2014	O
-	O
brixham	O
rfc	O
http://t.co/uv2ulcniey	O

rt	O
@geniusfootball	O
:	O
retweet	O
if	O
you	O
are	O
cheering	O
for	O
atletico	O
madrid	O
tonight	O
!!	O
http://t.co/iwarslx4im	O

rt	O
@mixtapefm	O
:	O
chinx	O
drugz	NORM_1WORD
-	O
floor	O
up	O
feat	O
zack	O
(	O
prod	O
by	O
young	O
stokes	O
:	O
#nowplaying	O
on	O
http://t.co/vw6biju84q	O
::	O
#tunein	O
@chinxmusic	O

rt	O
@m1nseoks	O
:	O
"	O
fansites	NORM_2WORD
giving	O
free	O
merch	O
,	O
lightsticks	NORM_2WORD
and	O
members	O
logo	O
stamps	O
on	O
the	O
concert	O
venue	O
"	O
me	O
:	O
http://t.co/vdgpubiguz	O

i	O
will	O
take	O
it	O
to	O
her	O
but	O
she's	O
not	O
my	O
suegra	O
nor	O
will	O
she	O
ever	O
b	NORM_1WORD

extend	O
the	O
luv	NORM_1WORD
.	O
follow	O
me	O
on	O
ig	NORM_1WORD
=>	O
@dagr8mohamed	O
.	O
will	O
reciprocate	O
.	O
http://t.co/nzuw53f5e2	O

this	O
summer	O
i	O
want	O
to	O
re-teach	O
myself	O
the	O
guitar	O
and	O
to	O
get	O
hot	O
thats	NORM_1WORD
happening	O
im	NORM_1WORD
making	O
it	O
happen	O

rt	O
@exo_national	O
:	O
exo	O
1st	O
concert	O
lost	O
planet	O
in	O
seoul	O
presscon	O
-	O
suho	O
trans	O
by	O
code_exo	O
.	O
take	O
a	O
full	O
credit	O
http://t.co/en9on5twdh	O

rt	O
@tacticgenius	O
:	O
i'll	O
feel	O
bad	O
for	O
salah	O
if	O
luiz	O
leaves	O
.	O
http://t.co/0dihi0uf6p	O

peninggi	O
badan	O
,	O
pelangsing	O
,	O
penggemuk	O
herbal	O
alami	O
http://t.co/fwdmnm6iob	O
,	O
order	O
pin	O
:	O
3153aea6	O
-	O
sms/wa	O
:	O
08811470358	O
#tienssyariah	O

lol	O
having	O
to	O
drink	O
modestly	O
when	O
i'm	O
w	NORM_1WORD
my	O
mom	O

rt	O
@home_elf	O
:	O
140523	O
ktr	O
-	O
cutie	O
~	O
[	O
c	O
.	O
mi870621	O
]	O
http://t.co/shfzd1ldht	O

plz	NORM_1WORD
vote	O
for	O
thz	NORM_1WORD
chicano	O
movment	O
http://t.co/skzpdkhsnf	O
@chitayangel	O
@chicanaz78	O
@chicano_rap213	O
@chico_mills	O
@chikiizr	O
@chingobling	O
rt	O
vote	O

she	O
said	O
i	O
need	O
ta	NORM_1WORD
calm	O
down	O
nd	NORM_1WORD
act	O
like	O
a	O
man	O
,	O
nd	NORM_1WORD
mi	NORM_1WORD
response	O
was	O
like	O
wtf	O
is	O
yu	NORM_1WORD
sayin	NORM_1WORD
...?	O

me	O
and	O
ravi	O
are	O
gonna	NORM_2WORD
be	O
bffs	O
,	O
we	O
decided	O
.	O

rt	O
@kehlanimusic	O
:	O
retweet	O
this	O
if	O
you're	O
waiting	O
on	O
my	O
mixtape	O
.	O

rt	O
@geniusfootball	O
:	O
breaking	O
:	O
carlo	O
ancelotti	O
reacts	O
to	O
iker	O
casillas	O
'	O
mistake	O
.	O
http://t.co/en5awjtbpb	O

@baracxnt	O
bitch	O
better	O
be	O
jokin	NORM_1WORD
,	O
or	O
imma	NORM_3PLUS
flip	O
the	O
table	O

rt	O
@niquesol0wk3y	O
:	O
ima	NORM_3PLUS
pistol	O
totin	O
nigga	NORM_1WORD
,	O
is	O
that	O
yo	NORM_1WORD
bitch	O
cuss	NORM_1WORD
i	O
hit	O
ha	O
.	O

fancy	O
by	O
iggy	O
is	O
my	O
friggin	NORM_1WORD
'	O
jam	O
.	O

rt	O
@sadqirlsclub	O
:	O
niggas	NORM_1WORD
with	O
vape	O
pens	O
so	O
ugly	O

#fashion	O
#love	O
#me	O
ermenegildo	O
zegna	O
models	O
-	O
paisley-fan	O
silk	O
tie	O
,	O
navy	O
http://t.co/dusouirxz0	O
<<	O
#myfirsttweet	O

why'd	O
the	O
bus	O
driver	O
just	O
get	O
rowdy	O
about	O
payin	NORM_1WORD
child	O
after	O
10pm	O
get	O
a	O
life	O
u	NORM_1WORD
wasteman	O

rt	O
@zouisbluntvines	O
:	O
"	O
that's	O
just	O
zayn	O
there	O
warmin	NORM_1WORD
up	O
before	O
the	O
show	O
"	O
https://t.co/3a8rq3mhgh	O

rt	O
@siwon407	O
:	O
see	O
you	O
in	O
busan	O
.	O
lol	O
http://t.co/jyhtyr1mvf	O

rt	O
@tothebangtan	O
:	O
[	O
junon	O
magazine	O
]	O
suga	O
(	O
cr	O
.	O
25_jimin	O
)	O
http://t.co/juwtcofglq	O

don't	O
forget	O
your	O
dinner	O
"	O
@hyoraengiie	O
:	O
goodevening	O
too	O
"	O
@luexaio	O
:	O
goodevening	NORM_2WORD
""	O

fucking	O
wise	O
words	O
from	O
tupac	O
amaru	O
shakur	O
#respect	O

@wilmsisboss	O
ikr	O
lol	O
indy	O
had	O
3	O
clips	O
for	O
the	O
rc	O
and	O
like	O
a	O
year	O
long	O
commentary	O

this	O
guy	O
wa	O
yotv	O
ke	O
gay	O
..	O
why	O
am	O
i	O
watching	O
yotv	O
???	O
:/	O
mxm	O
..	O
ere	O
ke	O
bale	O
..	O

rt	O
@lilreese300	O
:	O
@dante_grady	O
lol	O
dey	NORM_1WORD
on	O
crack	O
asum	O

@kapooow_le	O
i	O
dont	NORM_1WORD
think	O
there	O
is	O
garages	O
.	O
you	O
just	O
call	O
the	O
car	O
u	NORM_1WORD
want	O
from	O
your	O
phone	O

ion	O
fuck	O
with	O
to	O
many	O
niggas	NORM_1WORD
they	O
aint	NORM_1WORD
equal	O

[	O
fantaken	O
]	O
140517	O
mino	O
@username	O
2ne1	O
aon	O
concert	O
in	O
manila	O
#12	O
(	O
cr	O
:	O
@ya_minho0330	O
)	O
-zi	O
http://t.co/fjrccfh2nl	O

drake	O
bell	O
bashes	O
beliebers	O
,	O
labels	O
justin	O
bieber	O
"	O
irresponsible	O
"	O
-	O
this	O
...	O
http://t.co/ynhcefaand	O
#deaththreats	O
#patrickcarney	O

136	O
anak	O
ikuti	O
men's	O
biore	O
football	O
heroes	O
di	O
karebosi	O
http://t.co/wlxa4bphpn	O

aha	O
seen	O
all	O
my	O
grilled	O
chicken	O
get	O
thrown	O
up	O
by	O
a	O
fellow	O
friend	O
last	O
bights	O
lol	O
funnyshit	NORM_2WORD

icymi	O
:	O
today	O
in	O
history	O
:	O
beth	O
phoenix	O
makes	O
her	O
wwe	O
in-ring	O
debut	O
http://t.co/efh9jfd8op	O

@veryalltimelow	O
rt'ed	O
even	O
tho	O
im	NORM_1WORD
british	O
yolo	O

@mccannaddicted	O
yes	O
omfg	O
and	O
idk	O
it's	O
all	O
over	O
my	O
tl	O
????	O

sehun	O
:	O
trying	O
not	O
to	O
laugh	O
suho	O
:	O
holding	O
his	O
laughter	O
kai	O
:	O
ended	O
up	O
laughing	O
http://t.co/rgmzplgd1s	O

all	O
these	O
thots	O
goin	NORM_1WORD
wild	O
,	O
givin	NORM_1WORD
headd	NORM_1WORD
on	O
the	O
vents	O

"	O
@zaynmalik	O
:	O
wer	NORM_1WORD
is	O
this	O
pik	NORM_1WORD
of	O
me	O
smoking	O
sum1	NORM_1WORD
tweet	O
pik	NORM_1WORD
it	O
to	O
me	O
?	O
x	O
"	O
http://t.co/5o6k4sgu8m	O

to	O
wrap	O
up	O
our	O
month	O
of	O
moscato	O
,	O
host	O
a	O
moscato	O
tasting	O
party	O
!	O
#socialhour	O
http://t.co/gd2czn6cki	O
http://t.co/yonfydyojb	O

mma	O
legend	O
liddell	O
says	O
conor	O
can	O
be	O
king	O
-	O
irish	O
daily	O
star	O
|	O
irish	O
daily	O
star	O
http://t.co/1tlh5t8zvm	O

rt	O
@tyyy_whaaa	O
:	O
@krunnells_	O
@kking_keonardo	O
no	O
his	O
not	O
lol	O
,	O
hes	NORM_1WORD
lookin	NORM_1WORD
at	O
the	O
menu	O
head	O
ahh	O

@thoreau_h_d	O
-	O
time	O
to	O
bomb	O
the	O
bomb	O
the	O
fu	NORM_1WORD
#k	O
out	O
of	O
them	O
i	O
reckon	O
,	O
just	O
sayin	NORM_1WORD
?	O

@qprarestayingup	O
well	O
done	O
qpr	O
i	O
run	O
a	O
fantasy	O
football	O
mini	O
league	O
-	O
managers	O
run	O
a	O
single	O
p-l	O
team	O
.	O
i	O
need	O
a	O
manager	O
for	O
qpr	O
pls	NORM_1WORD
rt	NORM_1WORD

eric	O
stoltz	O
has	O
a	O
recurring	O
nightmare	O
that	O
his	O
wife	O
dumps	O
him	O
and	O
then	O
marries	O
michael	O
j	O
fox	O
.	O

@daviddarkshade	O
and	O
you	O
didnt	NORM_1WORD
make	O
this	O
brah	NORM_1WORD
my	O
friend	O
jack	O
storm	O
did	O
:)	O

@comatosesosa	O
right	O
!	O
good	O
times	O
smh	O
sucks	O
.	O
but	O
its	O
all	O
good	O
.	O
this	O
focus	O
isnt	NORM_1WORD
too	O
bad	O
.	O
just	O
definitely	O
a	O
step	O
down	O
from	O
the	O
vw	O
.	O

photoset	O
:	O
thewicked-ivy	O
:	O
rape	O
tw	O
annalynne	O
mccord	O
revealed	O
she	O
was	O
abused	O
.	O
and	O
these	O
were	O
some	O
of	O
the	O
...	O
http://t.co/ixx7nh7vbk	O

@jammppong	O
hahahhahahaha	O
.	O
wae	NORM_1WORD
uso	O
can	O
opener	O
brad	O
?	O

rt	O
@exo_fanbase	O
:	O
[	O
hq	O
]	O
140524	O
baekhyun	O
-	O
exo	O
from	O
exoplanet	O
#1	O
-	O
the	O
lost	O
planet	O
concert	O
(	O
cr	O
:	O
supernova	O
)	O
http://t.co/zrnjx3wz65	O

http://t.co/xp3rrhby4p	O
#10	O
:	O
britax	O
b-agile	O
child	O
tray	O
britax	O
b-agile	O
child	O
trayby	O
britax	O
usabuy	O
new	O
:	O
$24.99	O
(	O
v	O
...	O
http://t.co/4wpeay4npa	O

@charliees21	O
where	O
?	O
lol	O
smh	O
call	O
the	O
nurse	O
doe	O

"	O
@stylez_maestro	O
:	O
lol	O
im	NORM_1WORD
not	O
whiny	O
.	O
shallow	O
nor	O
am	O
i	O
boring	O
"	O
hahaha	O
oh	O

@najaaa_bitchh	O
u	NORM_1WORD
got	O
me	O
fucked	O
i	O
was	O
beatin	NORM_1WORD
his	O
ass	O
u	NORM_1WORD
betta	NORM_1WORD
stop	O
for	O
i	O
get	O
la'che	O

rt	O
@luhanqt	O
:	O
sehun	O
sweettalking	O
fans	O
and	O
kai	O
came	O
over	O
to	O
hit	O
him	O
lol	O

@fab_herbert	O
i	O
barely	O
realise	NORM_1WORD
that	O
it	O
was	O
showing	O
whn	NORM_1WORD
it	O
was	O
in	O
the	O
3rd	O
qtr	NORM_1WORD

rt	O
@beandasavaqe	O
:	O
people	O
ain't	O
askin	NORM_1WORD
me	O
how	O
im	NORM_1WORD
feelin	NORM_1WORD
they	O
just	O
askin	NORM_1WORD
me	O
for	O
money	O

the	O
cost	O
of	O
living	O
eu	O
nao	O
me	O
canso	O
desse	O
filme	O

hi	O
,,	O
thanks	O
to	O
follow	O
^^	O
join	O
with	O
me	O
arigatou	O
gozaimasu	O
#welcometweet	O
@fikryhardika	O
@mkdafi1	O
@munirmoen	O
via	O
http://t.co/dzxc0lp95x	O

#47vibezupdates	O
:	O
video	O
:	O
wizkid	O
and	O
davido	O
performance	O
at	O
the	O
star	O
trek	O
2014	O
:	O
wizkid	O
and	O
davido	O
...	O
http://t.co/wgaeamxtiy	O
(	O
via	O
@47vibez	O
)	O

from	O
rollingstone	O
kanye	O
west	O
marries	O
kim	O
kardashian	O
in	O
florence	O
http://t.co/0mfwpiruvj	O

rt	O
@cameron_roecker	O
:	O
from	O
observations	O
,	O
in	O
high	O
school	O
you'll	O
find	O
whos	NORM_1WORD
your	O
friend	O
and	O
whos	NORM_1WORD
fake	O

i	O
added	O
a	O
video	O
to	O
a	O
@youtube	O
playlist	O
http://t.co/7p7t2h5ox2	O
bonnaroo	O
xi	O

my	O
fav	NORM_1WORD
ice	O
cream	O
.	O
better	O
than	O
baskins	O
haha	O
http://t.co/7en2spjtma	O

u	NORM_1WORD
can	O
tweet	O
gifs	O
.	O
whytsb	O

aappu	O
...	O
kannukku	O
theriyadhudioi	O
...	O
vare	O
vare	O
siva	O
siva	O
...	O
oh	O
ohoi	O
...	O

rt	O
@asapleroy	O
:	O
@sayehfbaby	O
leroy	O
a	O
thot	O
nigga	NORM_1WORD

'	O
se	O
~	O
no	O
,	O
arigatou	O
gozaimashta	O
'	O
and	O
then	O
offline	O
,	O
lmfao	O
=))	O

now	O
playing	O
dimension	O
x	O
-	O
in	O
the	O
mix	O
(	O
may	O
2014	O
c-a	O
)	O
on	O
95.8	O
larissa	O
deejay	O

rt	O
@niallofficial	O
:	O
dressin	NORM_1WORD
room	O
shenanigans	O
!	O
with	O
harrystyles	NORM_2WORD
http://t.co/xdupsttiot	O

rt	O
@dippindotzz	O
:	O
@marleeseea	O
lol	O
shutup	NORM_2WORD
girl	O
,	O
im	NORM_1WORD
grown	O
!	O

yall	NORM_1WORD
peep	O
out	O
the	O
new	O
shugga	O
shane	O
video	O
???	O
dis	NORM_1WORD
shit	O
is	O
dope	O
.....	O
peep	O
game	O
tho	NORM_1WORD
........	O
http://t.co/lsvkota3v2	O

@phammylove	O
lol	O
uhhm	O
no	O
!!	O
definitely	O
my	O
show	O
!!	O

getting	O
ready	O
to	O
shoot	O
their	O
spiceworld	O
the	O
movie	O
totp	O
performance	O
!	O
@officialmelb	O
http://t.co/lyefmoaurd	O

rt	O
@semhun	O
:	O
#openfollow	O
rp	O
ngalong	O
,	O
tl	O
bntu	O
rt	O

rt	O
@calumdior	O
:	O
"	O
niall	O
can	O
i	O
play	O
"	O
"	O
no	O
"	O
"	O
niall	O
can	O
i-	O
"	O
"	O
no	O
"	O
"	O
niall	O
--"	O
"	O
no	O
"	O
#teamniall	O
#wmaonedirection	O
http://t.co/wuotemjc36	O

rt	O
@neelumusafary	O
:	O
meanwhile	O
in	O
#mumbai	O
...	O
ye	O
thi	O
wo	O
pic	O
jo	O
#pm	O
nawaz	O
shareef	O
ko	O
#india	O
kheench	O
layiii	NORM_1WORD
:)	O
http://t.co/eucyzt6bs0	O

madrid	O
will	O
win	O
the	O
cup	O
:p	O
#	O
ucl	O
.	O
mind	O
says	O
atletico	O
madrid	O
must	O
win	O
the	O
cup	O
but	O
heart	O
says	O
cristiano	O
ronaldo	O
...	O
http://t.co/oaz4dhseux	O

yay	O
!	O
4-star	O
review	O
for	O
"	O
the	O
ship	O
"	O
over	O
on	O
smashwords	O
....	O
review	O
by	O
:	O
betsy	O
r	NORM_1WORD
on	O
may	O
23	O
,	O
2014	O
:	O
star	O
star	O
star	O
...	O
http://t.co/iqa1xz0u3l	O

"	O
@nikolamirotic12	O
:	O
@maccabielectra	O
we're	O
the	O
kings	O
of	O
europe	O
also	O
in	O
basketball	O
.	O
8	O
european	O
cups	O
.	O
just	O
a	O
reminder	O
!!	O
"	O
jajaja	O
enorme	O
mirotic	O
!	O

smtown	O
now	O
website	O
update	O
-	O
exo	O
(	O
1/41	O
)	O
http://t.co/wxxtlcfme3	O

rt	O
@oceanblue0209	O
:	O
an	O
interview	O
with	O
audi	O
marketing	O
director	O
jorg	O
dietzel	O
-	O
warm	O
and	O
kind	O
hearted	O
choi	O
siwon	O
^^	O
http://t.co/w1xyus3rdv	O

jason	O
really	O
wrote	O
"	O
jason	O
n	O
.	O
"	O
in	O
my	O
yearbook	O
8th	O
grade	O
smh	O

rosberg	O
wins	O
#monacograndprix	O
his	O
mercedes	O
teammate	O
lewis	O
hamilton	O
finishes	O
2nd	O
.	O
red	O
bull's	O
daniel	O
ricciardo	O
ends	O
3rd	O
http://t.co/ltfdvshybp	O

rt	O
@weloverobdyrdek	O
:	O
manny	O
pacquiao	O
is	O
real	O
af	NORM_2WORD
for	O
this	O
.	O
http://t.co/rrw2lb54s4	O

#welcome	O
@sofiehaag	O
thnx	NORM_1WORD
for	O
the	O
follow	O
,	O
connect	O
with	O
on	O
fb	NORM_1WORD
http://t.co/6dsxzpgaro	O
via	O
http://t.co/bxb1qaf2ff	O

rt	O
@facusamit	O
:	O
segundon	O
le	O
agarro	O
al	O
atletico	O

ashley	O
greene	O
and	O
miley	O
cyrus	O
on	O
lol	O
http://t.co/2w0vbybvn2	O

rt	O
@rockyheavy	O
:	O
evanescence	O
vs	O
linkin	O
park	O
rt	O
--	O
evanescence	O
fav	O
--	O
linkin	O
park	O
http://t.co/imnwgmq0sr	O

if	O
you	O
a	O
nigga	NORM_1WORD
and	O
you	O
argue	O
with	O
a	O
bitch	O
,	O
you	O
a	O
bitch	O
flatout	O

rt	O
@darealmrslean	O
:	O
smokin	NORM_1WORD
a	O
blunt	O
while	O
i'm	O
gettin	NORM_1WORD
head	O

how	O
long	O
will	O
i	O
love	O
u	NORM_1WORD
//	O
ellie	O
goulding	O

im	NORM_1WORD
running	O
off	O
like	O
4	O
hrs	NORM_1WORD
of	O
sleep	O
,	O
but	O
im	NORM_1WORD
hype	NORM_1WORD
as	O
hell	O
!	O
#idgt	O
*	O
gates	O
voice	O

rt	O
@jaymiujworld	O
:	O
just	O
been	O
to	O
@rupaul	O
shop	O
in	O
la	O
!	O
literally	O
fangirled	O
haha	O
x	O
http://t.co/migcsbbn3w	O

me	O
gusta	O
la	O
fabulosa	O
de	O
@fanny_lu	O
*---*	O

@realstouffer	O
:	O
much	O
better	O
a	O
'	O
lil	NORM_1WORD
bit	O
but	O
@thecamillechen	O
:	O
i	O
think	O
you	O
need	O
to	O
wash	O
your	O
face	O
as	O
much	O
as	O
posible	NORM_1WORD
haha	O
..	O
peace	O
..	O

omg	O
lol	O
you	O
ladies	O
and	O
gents	NORM_1WORD
have	O
to	O
follow	O
@yajagoff	O
he	O
is	O
way	O
too	O
funny	O
!	O

if	O
i	O
have	O
a	O
head	NORM_1WORD
ache	NORM_1WORD
tomorro	NORM_1WORD
ima	NORM_3PLUS
be	O
pissed	O

out	O
now	O
exclusively	O
on	O
traxsource	O
!	O
krystle	O
love	O
b	O
comes	NORM_1WORD
back	O
hard	O
with	O
this	O
magical	O
debut	O
solo	O
ep	O
.	O
this	O
album	O
...	O
http://t.co/m1uefurvrw	O

idgad	O
about	O
this	O
dumbass	NORM_2WORD
staff	O
.	O
meeting	O
today	O

rt	O
@juwitaband	O
:	O
now	O
!	O
@juwitaband	O
on	O
@inboxsctv_	O
with	O
cinta	O
slow	O
motion	O
!	O
bagi	O
yg	O
suka	O
juwita	O
,	O
please	O
rt	NORM_1WORD
!	O
#inboxcsm	O

rt	O
@jonqhyeon	O
:	O
thunder	O
!	O
kai	O
undid	O
his	O
tie	O
unbuttoned	O
a	O
few	O
buttons	O
on	O
his	O
shirt	O
tt	O

everbody	O
say	O
wham	O
!	O
wham	O
say	O
bam	O
!	O
bam	O
enjoy	O
what	O
you	O
do	O

i	O
think	O
im	NORM_1WORD
gettin	NORM_1WORD
a	O
long	O
island	O
a	O
lil	NORM_1WORD
later	O
..	O
unhuh	O

rt	O
@fronz1lla	O
:	O
if	O
you're	O
a	O
grown	O
ass	O
man	O
holdin	NORM_1WORD
a	O
frappuccino	O
,	O
i'm	O
judgin	NORM_1WORD
you	O

why	O
is	O
everyone	O
complaing	NORM_1WORD
about	O
finals	O
haha	O
i	O
dont	NORM_1WORD
have	O
finals	O

can	O
someone	O
please	O
make	O
me	O
understand	O
,	O
i	O
am	O
paying	O
tv	O
lic	NORM_1WORD
.	O
&	O
dstv	O
,	O
why	O
should	O
i	O
pay	O
tv	O
lic	NORM_1WORD
while	O
i	O
have	O
dstv	O
.	O

rt	O
@youaintabarbie	O
:	O
lmaoo	O
too	O
far	O
rt	NORM_1WORD
@stephghost	O
:	O
yo	NORM_1WORD
arthur	NORM_1WORD
really	O
knocked	O
dw	O
out	O
bruh	NORM_1WORD
lmaooo	O
,	O
should've	NORM_2WORD
kicked	O
that	O
lil	NORM_1WORD
bitch	O
too	O

atp	O
world	O
tour	O
finals	O
draw	O
analysis	O
:	O
djokovic	O
joins	O
federer	O
,	O
del	O
po	O
in	O
the	O
group	O
of	O
death	O
,	O
nadal	O
gets	O
ferrer	O
and	O
co	O
.	O
http://t.co/jbdqqygtm9	O

rt	O
@alissahupp	O
:	O
idk	O
who	O
i	O
hate	O
more	O
guys	O
or	O
girls	O
lol	O

stacy	O
keibler	O
flaunts	O
her	O
baby	O
bump	O
in	O
a	O
bikini	O
while	O
on	O
babymoon	O
with	O
hubby	O
jared	O
pobre	O
http://t.co/8pra3lekgc	O

rt	O
@niallofficial	O
:	O
dressin	NORM_1WORD
room	O
shenanigans	O
!	O
with	O
harrystyles	O
http://t.co/xdupsttiot	O

"	O
@rawr_town	O
:	O
miss	O
cute	O
rawr	O
2014	O
~	O
@rawr_iudanbo	O
congratulation	O
!!	O
#rawr2ndyearsary	O
hey	O
cutie	O
girl	O
xd	O
"	O
chukkaeee	O
\m/	O

don't	O
u	NORM_1WORD
ever	O
for	O
a	O
second	O
get	O
to	O
thinkin	NORM_1WORD
...	O
ur	NORM_1WORD
irreplaceable	O

rt	O
@xozhun	O
:	O
#openfollow	O
for	O
rp	O
.	O
retweet	O
pls	NORM_1WORD
.	O

rt	O
@wwatourupdate	O
:	O
"	O
imagine	O
niall	O
laughing	O
into	O
a	O
kiss	O
"	O
imagine	O
me	O
stabbing	O
u	NORM_1WORD
with	O
a	O
fork	O

i'm	O
watching	O
we	O
are	O
one	O
(	O
ole	O
ola	O
)	O
[	O
the	O
official	O
2014	O
fifa	O
world	O
cup	O
song	O
]	O
(	O
olodum	O
mix	O
)	O
by	O
pitbull	O
http://t.co/avw7zvowfe	O

galeris	O
usa	NORM_1WORD
a	O
tag	O
n	NORM_1WORD
custa	NORM_1WORD
nd	O
#wmajustinbieber	O

van	O
persie	O
looking	O
forward	O
to	O
van	O
gaal's	O
arrival	O
at	O
old	O
trafford	O
http://t.co/rlgle039th	O
#epl	O

you	O
gon	NORM_1WORD
feel	O
me	O
one	O
day	O
we	O
gon	NORM_1WORD
set	O
fire	O
to	O
the	O
town	O

where	O
in	O
pvd	O
?	O
fish	O
&	O
chips	O
$7.95	O
,	O
$3	O
sam	O
lts	O
,	O
3	O
course	O
menu	O
$22.95	O
,	O
http://t.co/1ezfkxsmf1	O

rt	O
@freakytydoe	O
:	O
@xgoldrings	O
lls	O
na	NORM_1WORD
you	O
know	O
you	O
be	O
flexin	NORM_1WORD
em	O

my	O
body	O
feels	O
so	O
jank	O
rn	NORM_2WORD
it's	O
dispicable	NORM_1WORD

rt	O
@exocastle	O
:	O
[	O
preview	O
]	O
140525	O
sehun	O
after	O
concert	O
|cr	O
:	O
toony	O
http://t.co/wkfn8qoyns	O

#rsa14	O
#h10	O
rai	O
:	O
interested	O
in	O
the	O
force	O
of	O
such	O
material	O
rhetorics	O

1	O
tweep	O
unfollowed	O
(	O
goodbye	O
!	O
)	O
me	O
in	O
the	O
past	O
week	O
.	O
thank	O
you	O
http://t.co/wqcw09u9ng	O
.	O

freja	O
beha	O
erichsen	O
by	O
benny	O
horne	O
for	O
russh	O
june/july	O
2014	O
http://t.co/8fickqxuwi	O
via	O
@fashioncopious	O

rt	O
@nadrarvre	O
:	O
fxck	NORM_1WORD
with	O
me	O
and	O
get	O
smoked	O
or	O
fxck	NORM_1WORD
with	O
me	O
and	O
smoke	O
too	O

rt	O
@planet_exo	O
:	O
140526	O
mei	O
li	O
shuo	O
weibo	O
update	O
.	O
exo-m's	O
interview	O
with	O
mei	O
li	O
shuo	O
will	O
be	O
revealed	O
tmr	NORM_1WORD
!	O
http://t.co/nwyygvxont	O

sana	O
talaga	O
12	O
na	O
ulit	O
sila	O
kapag	O
sa	O
manila	O
na	O
concert	O
#lostplanetinseoul	O

ima	NORM_3PLUS
just	O
complain	O
bout	NORM_1WORD
how	O
much	O
my	O
heard	O
hurts	O
idc	O

rt	O
@nenee_ashleyy	O
:	O
@richardm2013	O
awks	NORM_1WORD
i	O
thought	O
it	O
was	O
cause	NORM_1WORD
i	O
was	O
on	O
twitter	O
and	O
yeaa	NORM_1WORD
so	O
awks	NORM_1WORD
bye	O
felicia	O

rt	O
@69secofzarry	O
:	O
perrie	O
gets	O
to	O
suck	O
zayn	O
dick	O
whenever	O
she	O
wants	O
,	O
she	O
wins	O
at	O
life	O

your	O
bitch	O
faceeee	NORM_1WORD
lolol	O
no	O
mames	O
wei	O

luna	O
colombiana	O
25	O
cm	O
dotacion	O
603258528	O
madrid	O
-	O
24	O
anni	O
[	O
madrid	O
]	O
http://t.co/ufqwvlicnn	O

@pawa_tea	O
omg	O
yes	O
hahaha	O
.	O
and	O
the	O
part	O
when	O
he	O
was	O
like	O
"	O
take	O
my	O
hand	O
"	O
and	O
the	O
guy	O
in	O
the	O
wheelchair	O
wouldn't	O
hahah	O

still	O
gotta	O
download	O
fat	O
trel	O
tape	O
and	O
my	O
boi	NORM_1WORD
chinx	O
drugz	NORM_1WORD

rt	O
@cloydrivers	O
:	O
nothin	NORM_1WORD
'	O
says	O
"	O
merica	O
"	O
like	O
a	O
grocery	O
store	O
display	O
tank	O
made	O
entirely	O
out	O
of	O
beer	O
.	O
merica	O
.	O
http://t.co/t1u70s1vv9	O

i	O
should	O
start	O
drinkin	NORM_1WORD
henny	O
with	O
my	O
hood	O
niggas	NORM_1WORD

@mikeandmike	O
@notthefakesvp	O
ok	O
.	O
svp	O
is	O
not	O
a	O
early	O
morning	O
show	O
guy	O
.	O
lol	O
.	O
i	O
don't	O
need	O
that	O
much	O
skull	O
till	O
lunch	O
time	O
!	O
lol	O

rt	O
@soojyung	O
:	O
siang	O
!	O
#openfollow	O
for	O
rp	O
,	O
jfb	O
5	O

rt	O
@itsohsodemi	O
:	O
demi	O
lovato	O
on	O
the	O
paul	O
o'grady	O
show	O
-	O
may	O
28th	O
#8	O
http://t.co/ds2ao3k4kp	O

@del_mcc	O
lmfao	O
it	O
wasnt	NORM_1WORD
even	O
yours	O
it	O
was	O
some	O
girls	O
.	O

dungey	O
got	O
his	O
balls	O
back	O
.	O
i	O
repeat	O
.	O
dungey	O
got	O
his	O
balls	O
back	O
.	O

@brewcrewball	O
khris	O
davis	O
wrc+	O
:	O
105	O
(	O
current	O
);	O
nori	O
:	O
78	O
(	O
also	O
current	O
)	O

spend	O
a	O
hunnid	O
dollas	O
on	O
some	O
head	O
nigga	NORM_1WORD
,	O
say	O
you	O
ain't	O
did	O
it	O

2014	O
miss	O
heritage	O
nigeria	O
to	O
hold	O
in	O
akwa	O
ibom	O
http://t.co/is8nopjzau	O

montgomerie	O
leads	O
senior	O
pga	O
championship	O
,	O
langer	O
one	O
back	O
:	O
(	O
reuters	O
)	O
-	O
colin	O
montgomerie	O
sank	O
a	O
30-foot	O
birdi	NORM_1WORD
...	O
http://t.co/tntpkclvvl	O

ehmm	O
b	O
)	O
rt	O
@zkiaa	O
:	O
congrats	NORM_1WORD
atletico	O
madrid	O
!	O
eh	O
real	O
madrid	O
maksudnya	O
!	O
ktbffh	O
!	O
*	O
eh	O

@lo_okingsweet	O
really	O
im	NORM_1WORD
just	O
talkin	NORM_1WORD
white	O
hoes	NORM_1WORD
n	NORM_1WORD
general	O
but	O
dat	NORM_1WORD
hoe	NORM_1WORD
a	O
clown	O
too	O
lol	O

rt	O
@limegirl	O
:	O
after	O
that	O
fany	O
took	O
towel	O
too	O
and	O
jeti	O
both	O
slapped	O
seohyuns	O
butt	O
loool	O

dr	O
farhan	O
ahmad	O
nizami	O
giving	O
a	O
lecture	O
on	O
"	O
past	O
achievements	O
&	O
present	O
challenges	O
in	O
the	O
muslim	O
world	O
"	O
at	O
picc	O
http://t.co/6jyaydatkf	O

rt	O
@chicxnanny	O
:	O
shon	O
minho	O
|	O
high	O
cut	O
may	O
2014	O
by	O
j	O
.	O
dukhwa	O
omg	O
...	O
sexy	O
@shonminho	O
*	O
0	O
*	O
//	O
http://t.co/wdzh0y8a1r	O

john	O
f	O
.	O
kennedy	O
by	O
nomi	O
khan	O
:	O
akansha_gautam	O
posted	O
a	O
photo	O
:	O
via	O
500px	O
:	O
http://t.co/yaepoemokv	O
http://t.co/zvvbuxlwfc	O

#sunmusic	O
boro	O
eka	O
lage	O
...	O
from	O
the	O
movie	O
chowringhee	O
:	O
https://t.co/pgrjs38bdn	O

wtf	O
i	O
need	O
a	O
new	O
bikini	O
.	O
mine	O
broke	O
waab	O

thank	O
you	O
forever	O
lettin	NORM_1WORD
me	O
know	O
i	O
dont	NORM_1WORD
make	O
you	O
happy	O
and	O
that	O
i	O
treat	O
you	O
like	O
shit	O
apperntly	NORM_1WORD
.	O
fuck	O
today	O

report	O
:	O
boko	O
haram	O
releases	O
4	NORM_1WORD
kidnapped	O
nigerian	O
girls	O
http://t.co/pvmsve1f7o	O
via	O
@usatoday	O

seriously	O
aint	NORM_1WORD
with	O
this	O
shit	O
nomore	NORM_2WORD
.	O

voy	O
a	O
matar	O
a	O
day	O

not	O
for	O
nothin	NORM_1WORD
justin	O
bieber	O
crushed	O
that	O
hold	O
tight	O
track	O

@ariamagrandeee	O
omfg	O
im	NORM_1WORD
a	O
smiler	O
and	O
arianator	O

as	O
we	O
collide	O
-	O
christian	O
burns	O
&	O
paul	O
oakenfold	O
ft	O
jes	O
http://t.co/i8rity1huy	O
#nowplaying	O
#listenlive	O

rt	O
@bp3	O
:	O
idc	O
whose	O
car	O
it	O
is	O
,	O
idc	O
whose	O
money	O
,	O
guys	O
...	O
never	O
let	O
your	O
girl	O
pump	O
her	O
own	O
gas	O
...	O
so	O
childish	O
smh	O
http://t.co/fhhp72zzaf	O

rt	O
@1dalert	O
:	O
guys	O
that	O
picture	O
of	O
zayn	O
is	O
old	O
!!	O
and	O
also	O
you	O
can	O
see	O
niall	O
standing	O
next	O
to	O
him	O
like	O
he	O
wouldn't	O
be	O
in	O
the	O
crowd	O
haha	O

@real_liam_payne	O
please	O
liam	O
!	O
can	O
you	O
follow	O
mee	NORM_1WORD
?!?	O
pleasee	NORM_1WORD
!	O
have	O
you	O
a	O
perfect	O
dayy	NORM_1WORD
!	O
:))	O
love	O
u	NORM_1WORD
!	O

@qam_ash	O
srs	O
aku	O
sloppy	O
muscle	O
up	O

ima	NORM_3PLUS
just	O
stick	O
to	O
wut	NORM_1WORD
i	O
kno	NORM_1WORD
...	O
dis	NORM_1WORD
money	O

dapatkan	O
followers	O
gratis	O
hingga	O
1000	O
followers	O
gratis	O
setiap	O
hari	O
disini	O
>>>>	O
http://t.co/oeepspmqpd	O

rt	O
@keetpotato	O
:	O
ha	O
=	O
mildly	O
amusing	O
haha	O
=	O
quite	O
funny	O
haha	O
=	O
i	O
am	O
actually	O
laughing	O
haja	O
=	O
i	O
am	O
doing	O
karate	O

rt	O
@babyscummy	O
:	O
rt	NORM_1WORD
if	O
u	NORM_1WORD
ready	O
for	O
summer	O
&	O
da	NORM_1WORD
new	O
vids	NORM_1WORD
&	O
meet	O
&	O
greets	O
!!!	O

phone	O
charging	O
...	O
thinkin	NORM_1WORD
bout	NORM_1WORD
unplugging	O
it	O
forreal	NORM_2WORD

u	NORM_1WORD
hve	NORM_1WORD
to	O
let	O
ppl	NORM_1WORD
decide	O
what	O
dey	NORM_1WORD
want	O
to	O
do	O

@girlishgambino	O
hope	O
they	O
didnt	NORM_1WORD
cut	O
alot	NORM_2WORD

shilpa	O
subhash	O
borse	O
is	O
following	O
the	O
interest	O
"	O
badla	O
sara	O
zamana	O
"	O
on	O
http://t.co/7fqm1incoe	O
-	O
http://t.co/sco6bllyto	O

get	O
ready	O
for	O
those	O
comments	O
about	O
zouis	O
from	O
ur	NORM_1WORD
family/friends	O
who	O
are	O
trying	O
to	O
let	O
u	NORM_1WORD
leave	O
the	O
fandom	O
like	O
no	O
no	O
dont	NORM_1WORD
fall	O
for	O
it	O
ok	O

rt	O
@beasiswaindo	O
:	O
http://t.co/g4a4ajskzs	O
beasiswa	O
utk	O
bassist	O
di	O
musicians	O
institute	O
hollywood	O
usa	O
:d	O

@c0ckeater	O
zayn	O
is	O
not	O
ugly	O
thank	O
you	O
and	O
screw	O
your	O
brother	O
he	O
has	O
perrie	O
!	O

tbt	O
live	O
update	O
:	O
pm	O
sheikh	O
hasina	O
returns	O
home	O
prime	O
minister	O
sheikh	O
hasina	O
returned	O
home	O
this	O
morning	O
after	O
...	O
http://t.co/1zmek6deau	O

im	NORM_1WORD
not	O
ur	NORM_1WORD
bae	O
nick	O

#2	O
:	O
dremel	O
sm844	O
crown	O
molding	O
guide	O
:	O
dremel	O
sm844	O
crown	O
molding	O
guide	O
by	O
dremel	O
(	O
1)buy	O
new	O
:	O
$26.99	O
$22.26	O
4	O
...	O
http://t.co/jlixvido8d	O

no	O
girl	O
is	O
way	O
outta	NORM_2WORD
your	O
league	O
,	O
its	O
tha	NORM_1WORD
rich	O
guys	O
chasing	O
her	O
that's	O
tha	NORM_1WORD
problem	O

marty	O
is	O
a	O
g	NORM_1WORD
haha	O

o	O
caldo	O
engrosssssa	O
para	O
rede	O
globo	O
.	O

dont	NORM_1WORD
miss	O
these	O
niggas	NORM_1WORD
,	O
because	O
half	O
the	O
time	O
they	O
aint	NORM_1WORD
missing	O
you	O
back	O

"	O
@ralphmathekga	O
:	O
zuma	O
'	O
s	O
cabinet	O
is	O
not	O
bad	O
at	O
all	O
.	O
"	O
i	O
concur	O
sir	O
rt	O
@ralphmathekga	O

this	O
is	O
wes	NORM_1WORD
brown	O
like	O
defending	O
by	O
athletico	O
if	O
they	O
win	O
it	O
will	O
be	O
titus	O
bramble	O
worthy	O
#championsleague	O

no	O
u	NORM_1WORD
dont	NORM_1WORD
cause	NORM_1WORD
u	NORM_1WORD
will	O
wake	O
up	O
at	O
9am	O
for	O
sure	O
.	O

"	O
@semzy	O
:	O
kindly	O
follow	O
back	O
.	O
"	O
nw	NORM_2WORD
ffn	O
bae	O

tay	O
is	O
my	O
fav	NORM_1WORD
bc	NORM_1WORD
she	O
loves	O
me	O
and	O
my	O
legs	O

@dougbenson	O
is	O
gona	NORM_1WORD
do	O
a	O
comicon	O
but	O
its	O
gona	NORM_1WORD
be	O
called	O
cronicon	O
lol	O

rt	O
@theyadorequeen	O
:	O
@loyalkey__	O
lol	O
u	NORM_1WORD
crazy	O
bruh	NORM_1WORD

@julietc__	O
u	NORM_1WORD
are	O
mad	O
lol	O

@srivaniraja	O
going	O
out	O
for	O
one	O
of	O
my	O
friends	O
'	O
bday	NORM_1WORD
!	O
:)	O
back	O
in	O
birmz	O
tomorrow	O
to	O
revise	O
though	O
lol	O
#nightoff	O

"	O
@pragarassongs	O
:	O
"	O
christian	O
pace	O
"	O
pt	O
.	O
26	O
amore	O
hai	O
vinto	O
tu	O
.	O
#amici13	O
http://t.co/nviyl66x8m	O
"	O

rt	O
@314kaybee	O
:	O
lil	NORM_1WORD
nigga	NORM_1WORD
look	O
like	O
a	O
spider-man	O
villain	O
tht	NORM_1WORD
hasn't	O
been	O
released	O
.	O
https://t.co/4l3hd0zunj	O

rt	O
@flylovah	O
:	O
can't	O
wait	O
till	O
this	O
weeknd	NORM_1WORD
,	O
get	O
away	O
from	O
all	O
these	O
muh	NORM_1WORD
fuckas	NORM_1WORD

aishwarya	O
rai	O
surgery	O
photo	O
before	O
after	O
-	O
http://t.co/n6jtah1vje	O
http://t.co/bq4hdbuar4	O

yall	NORM_1WORD
should	O
have	O
enough	O
of	O
the	O
beach	O
thots	O
!	O

@mollybastow	O
happyy	NORM_1WORD
birthdayyy	NORM_1WORD
:)	O
have	O
a	O
great	O
day	O
!!	O

ridin	NORM_1WORD
round	O
in	O
that	O
gotti	O

david	O
byrne	O
,	O
brian	O
eno	O
-	O
strange	O
overtones	O
:	O
http://t.co/4uxvjh2nwb	O

rt	O
@sinnfeinireland	O
:	O
lynn	O
boylan	O
ireland's	O
1st	O
mep	O
elected	O
http://t.co/nuzoxycf8r	O

t	O
-.-	O
t	O
fuck	O
them	O
niggas	NORM_1WORD

rt	O
@clitorislarry	O
:	O
surprise	O
bitch	O
thought	O
theyre	NORM_1WORD
innocent	O
clean	O
boyband	O

happy	O
campaigning	O
new	O
year	O
from	O
ukip	O
-	O
a	O
new	O
year	O
message	O
from	O
ukip	O
leader	O
nigel	O
farage	O
looks	O
back	O
at	O
2012	O
...	O
http://t.co/y5ucxj4xrm	O

@heffrondrive	O
will	O
you	O
come	O
back	O
to	O
southamerica	NORM_2WORD
soon	O
?	O
te	O
amo	O
#askkendallschmidt	O

i'm	O
so	O
excited	O
to	O
see	O
andreina	O
and	O
eliezer	O
!!	O

rt	O
@leanandcuisine	O
:	O
that	O
spongebob	O
episode	O
with	O
the	O
butterfly	O
was	O
too	O
much	O
for	O
me	O
to	O
handle	O
bruh	NORM_1WORD

rt	O
@65connect_tn	O
:	O
unearthed	O
:	O
trail	O
of	O
ibn	O
battuta	O
now	O
available	O
on	O
google	O
play	O
http://t.co/fka4llre6i	O

@homerunbraves	O
slim	O
pickins	O
on	O
wings	O
when	O
u	NORM_1WORD
live	O
in	O
podunkville	O
ms	O

would	O
love	O
yaya	O
toure	O
to	O
go	O
to	O
psg	O
.	O
#whatafifateam	O

love	O
it	O
.	O
^^	O
rt@/yginstagram	O
julie	O
halina	O
favre	O
:	O
@soojmooj	O
+	O
@xxxibgdrgn	O
celebrating	O
#pharrell	O
http://t.co/fdp0yr7d69	O

rt	O
@niabolden	O
:	O
dude	O
jaylen	O
be	O
making	O
me	O
soo	NORM_1WORD
mad	O

rt	O
@battle_celeb	O
:	O
rt	NORM_1WORD
for	O
austin	O
mahone	O
fav	NORM_1WORD
for	O
jack	O
johnson	O
http://t.co/u69mnhmv8t	O

goal	O
!	O
waqa	O
scores	O
the	O
third	O
goal	O
for	O
fiji	O
on	O
77min	O
|	O
fij	O
3-0	O
png	O
#u20	O
#fijvpng	O

n64	O
pikachu	O
console	O
with	O
expansion	O
pak	O
and	O
2	O
pokemon	O
controllers	O
-	O
full	O
read	O
by	O
ebay	O
:	O
price	O
31.0	O
usd	O
(	O
28	O
bids	O
)	O
...	O
http://t.co/nkd6oymjfw	O

soil	O
mining	O
:	O
19	O
dumpers	O
,	O
machines	O
seized	O
in	O
greater	O
noida	O
-	O
ibnlive	O
http://t.co/vrvlgnqpre	O
#noida	O
#news	O

@iiiouandstitch	O
yeah	O
im	NORM_1WORD
not	O
sure	O
haha	O
:d	O

love	O
never	O
felt	O
so	O
good	O
lol	O
!	O
damn	O
kyrie	O
irving	O
commercial	O
with	O
michael	O
jackson	O
song	O
stays	O
in	O
my	O
head	O
lol	O

@rlhnaj	O
thanks	O
bew	O
,	O
that's	O
why	O
you're	O
the	O
bae	O
x	O

rt	O
@syafiqyusof	O
:	O
abang	O
long	O
fadil	O
official	O
trailer	O
2014	O
check	O
it	O
out	O
!	O
http://t.co/qmveykueha	O

@janerecchia	O
hey	O
thx	NORM_1WORD
jane	O
!	O
off	O
to	O
a	O
good	O
start	O
w	NORM_1WORD
nat	O
!	O
http://t.co/xduvgdlapl	O

i	O
liked	O
a	O
@youtube	O
video	O
http://t.co/kjwhdgdtty	O
real	O
minecraft	O
herobrine	O
sighting	O
!	O
not	O
fake	O
!	O

starting	O
a	O
group	O
convo	NORM_1WORD
in	O
kik	O
...	O
tell	O
me	O
your	O
username	O
if	O
you	O
want	O
in	O
!	O

@buttsbakery	O
who	O
will	O
bash	O
u	NORM_1WORD
...	O
they	O
will	O
just	O
write	O
a	O
fanfic	O

louis	O
is	O
proud	O
od	O
niall	O
im	NORM_1WORD
ctying	O
domtvyal	O
to	O
me	O

these	O
hatin	NORM_1WORD
ass	O
niggas	NORM_1WORD
cant	NORM_1WORD
stand	O
me	O

macama	O
qaqaa	O
"	O
@emmysq	O
:	O
amiin	O
.	O
terimakassih	O
.	O
"	O
@rizalogyc	O
:	O
happy	O
'	O
18th	O
'	O
birthday	O
@emmysq	O
wish	O
you	O
all	O
the	O
best	O
,	O
success	O
for	O
your	O
study	O
;p	O
masuk	O

taeny	O
ft	O
.	O
starbucks	O
before	O
the	O
flight	O
lol	O
cr	O
taenygenie	O
http://t.co/dk4qohgmnf	O

@jpaulinel	O
heheheh	O
miss	O
youu	NORM_1WORD
ate	O
jean	O
!!	O

rt	O
@ashton5sos	O
:	O
i	O
wonder	O
what	O
woulda	NORM_2WORD
happened	O
if	O
i	O
never	O
learnt	NORM_1WORD
the	O
drums	O

happy	O
biryhday	NORM_1WORD
my	O
lovely	O
rizhal	O
rizky	NORM_1WORD
wish	O
u	NORM_1WORD
all	O
the	O
best	O
(	O
y	O
):	O
d*gift	O
*	O
loveyou	NORM_2WORD
@rizalrizky10	O

been	O
in	O
the	O
kitchen	O
for	O
ten	O
min	NORM_1WORD
and	O
i	O
havent	NORM_1WORD
washed	O
out	O
a	O
fork	O
yet	O
im	NORM_1WORD
hungry	O

i'm	O
at	O
malaysia	O
airlines	O
academy	O
-	O
@mas	O
(	O
petaling	O
jaya	O
,	O
selangor	O
)	O
w/	O
2	O
others	O
http://t.co/we8maogruc	O

ugh	O
ily	O
idk	O
where	O
j	O
was	O
going	O
with	O
that	O

omg	O
if	O
meimei	O
is	O
marigold	O
then	O
i'm	O
gonna	NORM_2WORD
be	O
so	O
happy	O
mwahaha	O
.	O

@donnamcmenamin	O
dont	NORM_1WORD
take	O
it	O
out	O
on	O
me	O
because	O
your	O
old	O
as	O
fuck	O
;-)	O
haha	O

dads	O
gonna	NORM_2WORD
buy	O
stronger	O
chillis	O
so	O
i	O
can	O
do	O
it	O
against	O
one	O
of	O
my	O
siblings	O
lewl	O

r	NORM_1WORD
.	O
i	NORM_1WORD
.	O
p	NORM_1WORD
to	O
your	O
mentions	O
rt	O
@soneidavila	O
:	O
i	O
think	O
black	O
girls	O
are	O
ugly	O
so	O
i	O
don't	O
like	O
when	O
ppl	NORM_1WORD
ask	O
if	O
i'm	O
black	O

channing	O
tatum	O
&	O
jonah	O
hill	O
take	O
silly	O
selfies	O
with	O
fans	O
!	O
http://t.co/k2gqjaajao	O
#fashion	O

rt	O
@anisashaari	O
:	O
only	O
those	O
who	O
have	O
bantal	O
busuk	O
know	O
how	O
good	O
the	O
smell	O
is	O
.	O

local	O
events	O
,	O
fundrasiers	O
,	O
entertainment	O
,	O
cusine	NORM_1WORD
,	O
recreation	O
and	O
activities	O
!	O
s	O
http://t.co/cm8qclovww	O
http://t.co/yghey0cznl	O

rt	O
@iffahafg	O
:	O
rt	O
@ffyxx	O
:	O
gue	O
males	O
kenal	O
sm	O
lo	O

rt	O
@guccijarryx	O
:	O
hate	O
it	O
when	O
twitter	O
tells	O
you	O
who	O
retweeted	O
your	O
retweet	O
!	O
it's	O
annoying	O
af	O
!	O

rt	O
@relatabie	O
:	O
because	O
fuck	O
u	NORM_1WORD
thats	NORM_1WORD
why	O

substitution	O
eamon	O
byrne	O
for	O
stephen	O
courtney	O
and	O
james	O
daly	O
for	O
hugh	O
byrne	O
#blackhill	O

rt	O
@niallofficial	O
:	O
dressin	NORM_1WORD
room	O
shenanigans	O
!	O
with	O
harrystyles	O
http://t.co/xdupsttiot	O

lana	O
del	O
rey	O
-	O
summertime	NORM_2WORD
sadness	O
(	O
shawn	O
mendes	O
)	O
http://t.co/balycwzofw	O
https://t.co/j2dbzaucro	O

@luvmytwamily	O
:p	O
.......	O
ok	O
so	O
all	O
d	NORM_1WORD
photos	O
i	O
hv	NORM_1WORD
seen	O
till	O
date	O
need	O
a	O
#red	O
eye	O
editing	O
.....	O

congratulation	O
for	O
real	O
madrid	O
,	O
la	O
decima	O
again	O
for	O
youu	NORM_1WORD

i'm	O
responding	O
to	O
blog	O
comments	O
for	O
work	O
and	O
it's	O
so	O
hard	O
not	O
to	O
answer	O
as	O
auro	O
:	O
'	O
d	O

@toxouic	O
omygosh	O
it	O
was	O
wasnt	NORM_1WORD
it	O
it	O
was	O
so	O
ace	O

rt	O
@bloodbloodbiood	O
:	O
why	O
all	O
the	O
unloyal	O
hoe	O
bitches	O
be	O
screamin	NORM_1WORD
"	O
these	O
hoes	O
ain't	O
loyal	O
"	O
we	O
talkin	NORM_1WORD
bout	NORM_1WORD
you	O
blood	O
.	O

"	O
manam	O
"	O
wow	O
!	O
!	O
it	O
wos	NORM_1WORD
an	O
awesome	O
movie	O
very	O
nice	O
to	O
watch	O
it	O
my	O
hearty	O
congratulations	O
to	O
my	O
dearest	O
hero	O
nagarjuna	O
garu	O
and	O
thank	O
u	NORM_1WORD

"	O
@__youngky	O
:	O
"	O
@damnzayb	O
:	O
i	O
gotta	O
thang	O
fa	O
a	O
hood	O
chick	O
wit	NORM_1WORD
some	O
class	O
"	O
bish	NORM_1WORD
whet	NORM_1WORD
?	O
"	O
lmaoo	O

@foramgosar	O
whn	NORM_1WORD
uncontrolable	O
,	O
punch	O
a	O
pillow	O
:p	O

am	O
i	O
lame	O
for	O
retweeting	O
a	O
lot	O
of	O
stuff	O
?	O
eh	O
idgaf	O
if	O
i	O
am	O
it's	O
my	O
twitter	O
:d	O
fuck	O
yo	NORM_1WORD
up	O
to	O
date	O
emoji's	O
nigga	NORM_1WORD
!!	O

rt	O
@lmgirlcode	O
:	O
when	O
u	NORM_1WORD
&	O
bae	O
are	O
in	O
the	O
same	O
class	O
http://t.co/yp33pomzrg	O

hahahaaaa	O
lucu	O
kak	O
;	O
b	O
rt	O
@hanafitha	O
:	O
minho's	O
naughty	O
hand	O
:d	O
http://t.co/aku4amcurg	O

rt	O
@jason_om	O
:	O
poll	O
which	O
would	O
you	O
cut	O
?	O
@qanda	O
v	O
peppa	O
pig	O
via	O
@theheraldsun	O
#auspol	O
#abc	O
http://t.co/chaadb09aq	O

napoli	O
has	O
officially	O
submitted	O
a	O
bid	O
for	O
diego	O
lopez	O
.	O
[	O
cadena	O
ser	O
]	O

9120	O
tweets	O
and	O
912	O
followers	O
haha	O
ily	O
guys	O

you	O
go	O
krillin	O
.	O
yiu	NORM_1WORD
fight	O
them	O
bad	O
guys	O
little	O
dude	O
#coolersrevenge	O

im	NORM_1WORD
so	O
tired	O
of	O
yn	O
imagines	O

rt	O
@haetongue	O
:	O
sjmthanks	O
just	O
posted	O
that	O
the	O
car	O
that	O
hyuk	O
used	O
is	O
there	O
now	O
on	O
exo	O
concert	O
http://t.co/kpua9pe5eo	O

hot	O
babe	O
bar	O
refaeli	O
5	O
hot	O
babe	O
bar	O
refaeli	O
http://t.co/pfo0jcd9z7	O

im	NORM_1WORD
a	O
good	O
cook	O
,	O
but	O
im	NORM_1WORD
a	O
better	O
baker	O
.	O

@marycutieee	O
lets	O
go	O
watch	O
xmen	O
omg	O
my	O
babe	O
is	O
jn	NORM_1WORD
that	O
movie	O

sachin	O
tendulkar	O
now	O
a	O
part	O
of	O
maharashtra	O
textbooks	O
:	O
the	O
maharashtra	O
government	O
has	O
added	O
a	O
chapter	O
on	O
sachin	O
...	O
http://t.co/sznrtmjb8f	O

@mrprag_	O
mad	O
niccur	O
alomo	O
rules	O
after	O
kush	O

"	O
donghae	O
was	O
laughing	O
with	O
his	O
mouth	O
covered	O
,	O
and	O
siwon	O
was	O
getting	O
into	O
the	O
rhythm	O
.	O
"	O
i	O
can	O
totally	O
imagining	O
donghae	O
kkk	O
so	O
cute	O
*	O
w	O
*	O

waves	O
was	O
whippin	NORM_1WORD
my	O
ass	O
today	O
bruh	NORM_1WORD

see	O
what	O
i'm	O
saying	O
?	O
@krayzeefella01	O
:	O
new	O
video	O
:	O
tiwa	O
savage	O
-	O
wanted	O
:	O
our	O
very	O
own	O
naija	O
beyonce	O
..	O
nice	O
video	O
..	O
http://t.co/hc59eigkrm	O

@craftsboy	O
ha	O
haa	O
!	O
you	O
fuckbag	NORM_2WORD
.	O
predictable	O
,	O
yet	O
still	O
made	O
me	O
laugh	O
.	O

$crdc	O
news	O
recap	O
-	O
edwards	O
lifesciences	O
corp	O
(	O
nyse	O
:	O
ew	O
)	O
,	O
medtronic	O
,	O
inc	O
.	O
(	O
nyse	O
...	O
http://t.co/j9fri4vb6g	O

@lace_e_lou	O
ew	O
don't	O
lie	O
tehe	O
i'll	O
see	O
you	O
soon	O
!	O

ito	O
magandang	O
question	O
weed	O
nga	O
ba	O
yun	O
or	O
cigarette	O
lng	O
?	O

i	O
need	O
some	O
rest	O
lol	O
ive	NORM_1WORD
been	O
on	O
my	O
shit	O
the	O
last	O
couple	O
of	O
days	O
.	O

my	O
skin	O
poppin	NORM_1WORD
in	O
my	O
avi	O

@rhea_goswami	O
hey	O
please	O
follow	O
@farrah_music	O
beaut	O
soloist	O
soon	O
releasing	O
her	O
1st	O
music	O
vid	NORM_1WORD
x	O
for	O
10	O
free	O
follows	O
x	O

rt	O
@mysirbizzle	O
:	O
who	O
looks	O
more	O
good	O
in	O
suit	O
?	O
rt	NORM_1WORD
for	O
justin	O
bieber	O
fav	NORM_1WORD
for	O
harry	O
styles	O
http://t.co/jchvnqmpal	O

@geeta_basra	O
ya	O
#homeofchampions	O
n	NORM_1WORD
this	O
year	O
we	O
will	O
make	O
it	O
into	O
playoffs.bt	O
plz	NORM_1WORD
u	NORM_1WORD
have	O
to	O
b	NORM_1WORD
thr	NORM_1WORD
to	O
watch	O
#mivsrr	O
.	O
as	O
#luckymascot	O
will	O
u	NORM_1WORD
?	O

if	O
you	O
a	O
real	O
nigga	NORM_1WORD
next	O
time	O
u	NORM_1WORD
get	O
a	O
cut	O
put	O
salt	O
i	O
.	O
the	O
wound	O
or	O
alcohol	O
since	O
u	NORM_1WORD
so	O
real	O

congrats	NORM_1WORD
mds	O
sust	O
.	O
design	O
grads	O
!	O
@thebacboston	O
@katieweeks	O
@samhammer	O
@ericcoreyfreed	O
@draggiek	O
@linnean_mind	O
http://t.co/aupc7nqqk5	O

check	O
out	O
reduced	O
!	O
ugg	O
australi	NORM_1WORD
...	O
http://t.co/3bds85k1ev	O
via	O
@threadflip	O

@vilde_hr	O
i	O
literally	O
love	O
you	O
omfg	O
u	NORM_1WORD
just	O
made	O
my	O
whole	O
day	O
complete	O

rt	O
@exodiction	O
:	O
[	O
!!!	O
]	O
luhan	O
and	O
yixing	O
took	O
their	O
written	O
driving	O
test	O
today	O

rt	O
@03swiftie	O
:	O
follow	O
me	O
swifties	O
ill	O
followback	NORM_2WORD
!	O
thankies	NORM_1WORD
;)	O

@mika90628	O
woah	NORM_1WORD
!!!!	O
i	O
know	O
this	O
song	O
,	O
oppa	O
.	O
one	O
of	O
my	O
favourite	NORM_1WORD
songs	O
,	O
"	O
asu	O
wa	O
kuru	O
kara	O
"	O
.	O

im	NORM_1WORD
feeling	O
some	O
type	O
of	O
way	O
i	O
really	O
dont	NORM_1WORD
know	O
why	O
but	O
i	O
just	O
do	O

"	O
@tvvittergod	O
:	O
lmao	O
her	O
titys	O
really	O
do	O
look	O
like	O
krabby	O
patty	O
buns	O
http://t.co/otvftxstvr	O
"	O
like	O
they're	O
allergic	O
to	O
her	O
face	O

omg	O
yanish	O
marshall	O
got	O
through	O
to	O
the	O
finals	O
of	O
bgt	O

if	O
your	O
barista	O
don't	O
write	O
u	NORM_1WORD
sweet	O
things	O
on	O
ya	NORM_1WORD
coffee	O
&	O
know	O
u	NORM_1WORD
by	O
name	O
,	O
she	O
don't	O
love	O
u	NORM_1WORD
.	O

not	O
again!:'(	O
"	O
@thousynie	O
:	O
oh	O
well	O
,	O
it's	O
a	O
gd	NORM_1WORD
thing	O
u	NORM_1WORD
knw	NORM_1WORD
ds	O
+	O
it's	O
*	O
attention	O
nt	O
mind	O
:)	O
"	O
@dacurrent	O
:	O
i'm	O
as	O
dumb	O
as	O
fack	NORM_1WORD
.	O
pay	O
me	O
no	O
mind	O
:)	O
"	O

rt	O
@plaidshirtniall	O
:	O
when	O
niall	O
tweets	O
lets	O
all	O
reply	O
back	O
saying	O
"	O
it	O
all	O
wrked	NORM_1WORD
out	O
"	O
spread	O
it	O

ocha	O
:	O
israel	O
separates	O
jerusalem	O
from	O
the	O
west	O
bank	O
and	O
empties	O
area	O
c	O
https://t.co/xyapgjagxp	O

@senpaibyun	O
malaysia	O
truly	O
asia	O
~	O
okay	O
lol	O
omg	O
thats	NORM_1WORD
so	O
cool	O
!	O

rt	O
@tellemcmainey	O
:	O
can't	O
wait	O
till	O
this	O
song	O
w/	O
me	O
,	O
j	O
,	O
leo	O
,	O
leo	O
bro	O
n	NORM_1WORD
kat	O
come	O
out	O
.	O
yall	NORM_1WORD
gonna	NORM_2WORD
keep	O
it	O
on	O
replay	O

hahahaha	O
thiiisss	NORM_1WORD
.	O
:((	O
"	O
@lilyplss	O
:	O
can	O
i	O
always	O
be	O
next	O
to	O
you	O
?	O
:((	O
"	O

@giethevampire	O
i	O
never	O
hashtagged	O
brf3	O
.	O
lagi	O
akong	O
#onedirection4evs	O
eh	O
.	O
that's	O
odd	O

rt	O
@horantitties	O
:	O
harrys	O
reaction	O
when	O
they	O
let	O
him	O
play	O
hes	NORM_1WORD
so	O
cute	O
omg	O
#teamniall	O
http://t.co/cljucr0rrh	O

youre	NORM_1WORD
just	O
a	O
sad	O
song	O
|	O
via	O
tumblr	O
http://t.co/ek6hisc7yz	O

i	O
see	O
a	O
little	O
silhouetto	O
of	O
a	O
man	O
,	O
scaramouche	O
scaramouche	O
will	O
you	O
do	O
the	O
fandango	O

rt	O
@pallavighcnnibn	O
:	O
capt	O
amrinder	O
singh	O
to	O
me	O
:	O
priyanka	O
too	O
should	O
brought	O
in	O
..	O
it	O
shldnt	NORM_1WORD
be	O
seen	O
as	O
admission	O
of	O
rahul's	O
failure	O

rt	O
@ipowpow_pumpum	O
:	O
everyone	O
wants	O
to	O
be	O
jordan	O
shit	O
what	O
wrong	O
with	O
being	O
pippen	O
that	O
nigga	NORM_1WORD
won	O
too	O

my	O
cursive	O
is	O
poor	O
,	O
but	O
i	O
doodled	O
at	O
work	O
.	O
leedle	O
leedle	O
leedle	O
leeeee	O
http://t.co/kgt1nsdjyv	O

@epicnarry	O
i	O
don't	O
think	O
it's	O
true	O
idk	O
for	O
sure	O
it	O
makes	O
no	O
sense	O
bc	NORM_1WORD
i	O
think	O
jazzys	NORM_1WORD
bday	NORM_1WORD
is	O
in	O
a	O
couple	O
days	O
but	O
apparently	O
selena's	O
there	O
2	O

wtf	O
are	O
friends	O
?	O
them	O
niggas	NORM_1WORD
ain't	O
fuckin	NORM_1WORD
loyal	O
.	O

rt	O
@helpnetsecurity	O
:	O
whitepaper	O
:	O
securing	O
multiple	O
domains	O
with	O
ssl	O
-	O
http://t.co/0xacjr42xe	O

hottie	O
ashlynn	O
brooke	O
enjoying	O
a	O
deep	O
and	O
hard	O
cock	O
thrusting	O
in	O
her	O
pussy	O
http://t.co/7sv8gehzc1	O
#sex	O
#porn	O
#xxx	O

rt	O
@livechoefc	O
:	O
live	O
:	O
everton	O
fc	O
news	O
and	O
views	O
,	O
may	O
26	O
2014	O
http://t.co/eplcsccxzm	O

rt	O
@ramadanelgabry	O
:	O
*	O
akalem	O
l	O
crush	O
w	O
te3mel	O
seen	O
w	O
msh	O
3yza	O
terod	O
3alaya	O
*	O
http://t.co/9t7f3an1kn	O

please	O
let	O
me	O
#meettaylorswiftthroughcornetto	O
please	O
@selectacornetto	O
lou	O
sushmita	O
mae	O
bernardino	O
3058	O

@beamiller	O
im	NORM_1WORD
pretty	O
sure	O
everything	O
is	O
stronger	O
than	O
me	O
tbh	O

rt	O
@sheeeratchet	O
:	O
i	O
ain't	O
takin	NORM_1WORD
chances	O
bruh	NORM_1WORD
tf	NORM_2WORD
is	O
that	O
http://t.co/dqkz18npzm	O

@shoshoni_m	O
umm	O
rite	NORM_1WORD
by	O
the	O
corner	O
lol	O
theres	NORM_1WORD
a	O
bball	NORM_1WORD
court	O
.	O
no	O
one	O
is	O
here	O
tho	NORM_1WORD

rt	O
@karyewest	O
:	O
i	O
really	O
aint	NORM_1WORD
get	O
invited	O
to	O
no	O
cookouts	O
.	O
this	O
is	O
outrageous	O
my	O
nigga	NORM_1WORD
.	O

@dvlwmnsyndrm	O
debs	O
,	O
magluto	O
ka	O
na	O
almusal	O
.	O
gutom	O
na	O
ako	O
.	O

3	O
.	O
astray	O
red	O
frame	O
kai	O
[	O
painted	O
build	O
]	O
,	O
owner	O
:	O
juni	O
http://t.co/z92rjrqrqr	O

good	O
luck	O
and	O
godbless	NORM_2WORD
to	O
all	O
the	O
nle	O
takers	O
.	O

yeah	O
different	O
with	O
indo	O
"	O
@bom_always	O
:	O
malaysia	O
uses	O
khabar	O
instead	O
of	O
kabar	O
....?	O
"	O

everytime	O
i	O
see	O
yowapedal	NORM_2WORD
i	O
read	O
it	O
as	O
yaoipedal	NORM_2WORD
in	O
my	O
head	O
and	O
im	NORM_1WORD
not	O
sure	O
why	O
??	O

rt	O
@wizkhalifaes_	O
:	O
"	O
a	O
veces	O
simplemente	O
,	O
te	O
cansas	O
.	O
"	O

rt	O
@byunbhyn	O
:	O
#openfollow	O
buat	O
rp	O
exo	O
only	O
help	O
rt	NORM_1WORD

rt	O
@sigasoja	O
:	O
desabafa	O
com	O
deus	O
.	O
ele	O
te	O
entende	O
.	O

@cookie_senpai	O
i	O
would	O
prob	NORM_1WORD
make	O
a	O
kagome	O
or	O
inuyasha	O
>_>	O

@bambambino_	O
take	O
this	O
l	O
in	O
2k	O
tomar	NORM_1WORD

@michaeljohnevan	O
@jon_flan93	O
thats	NORM_1WORD
animal	O
abuse	O
in	O
your	O
profile	O
pic	NORM_1WORD
plz	NORM_1WORD
release	O
them	O
baby	O
elephants	O
to	O
the	O
wild	O
#gingerprick	O

rt	O
@5sos_daily	O
:	O
luke	O
today	O
(	O
via	O
kylie	O
g	O
,	O
stylist	O
)	O
http://t.co/5glsteqxcf	O

inna	O
shevchenko	O
@femeninna	O
,	O
leader	O
of	O
topless	O
protest	O
group	O
#femen	O
on	O
resistance	O
and	O
torture	O
http://t.co/act8swqx2e	O
http://t.co/8hgjhfliny	O

rt	O
@superrhemmo	O
:	O
hey	O
atleast	O
now	O
the	O
boys	O
won't	O
be	O
thought	O
of	O
as	O
a	O
band	O
that	O
9	O
year	O
olds	O
like	O
and	O
guest	O
star	O
on	O
shows	O
like	O
icarly	O

tidaman12	O
and	O
i	O
circa	O
1990	O
and	O
mr	O
cam	O
2014	O
!	O
hoppy	O
tubbies	O
at	O
gmas/ggma	O
.	O
http://t.co/wup7crmmko	O

i	O
liked	O
a	O
@youtube	O
video	O
from	O
@sb_hitt	O
http://t.co/ssxunlp2b4	O
sb	O
hitt	NORM_1WORD
:	O
episode	O
#3	O
-by	O
cabela	O

"	O
@eatingxharry	O
:	O
cites	O
ce	O
tweet	O
avec	O
ta	O
chanson	O
fav	O
de	O
tmh	O
"	O
little	O
things	O
(	O
et	O
they	O
don't	O
know	O
about	O
us	O
)	O

@acorrrr	O
i	O
know	O
right	O
lol	O
like	O
there's	O
no	O
right	O
answer	O
hahaha	O

rt	O
@tyxsweat	O
:	O
@restonmarckel	O
do	O
you	O
got	O
jalah	O
and	O
porscha	O
?	O

@mariaarevalo32	O
ily	O
and	O
miss	O
u	NORM_1WORD
!	O

rt	O
@yungshoelace	O
:	O
when	O
u	NORM_1WORD
drop	O
the	O
blunt	O
on	O
the	O
ground	O
and	O
ur	NORM_1WORD
squad	O
is	O
yellin	NORM_1WORD
at	O
u	NORM_1WORD
http://t.co/bar0ueubqn	O

@natasha15xo	O
haha	O
deffo	NORM_1WORD
trying	O
to	O
resist	O
these	O
chocolate	O
brownies	O
!	O
i	O
knooow	NORM_1WORD
right	O
quick	O
trip	O
!!	O
xx	O

iggy	O
has	O
a	O
great	O
arse	NORM_1WORD
and	O
all	O
but	O
that's	O
about	O
it	O
tbh	O

"	O
@narendramodi_in	O
:	O
shri	O
gopinath	O
munde	O
has	O
taken	O
oath	O
as	O
cabinet	O
minister	O
.	O
"	O

@markennis	O
dan	O
is	O
a	O
kcu	O
alum	O
;	O
has	O
other	O
"	O
funny	O
"	O
songs	O
like	O
this	O
.	O
calls	O
himself	O
whiteboy	NORM_2WORD
dj	O
.	O
lol	O

@raini_rodriguez	O
@rickypdillon	O
get	O
more	O
retweets	O
and	O
favorites	O
and	O
followers	O
then	O
u	NORM_1WORD
wow	O
i	O
would	O
expect	O
that	O
from	O
u	NORM_1WORD

pete	O
i	O
can't	O
forget	O
the	O
fob's	O
concert	O
in	O
sao	O
paulo	O
,	O
come	O
back	O
to	O
brazil	O
soon	O
please	O
i'll	O
give	O
u	NORM_1WORD
thousands	O
of	O
pizzas	O
swear	O
:(	O
g	O
@petewentz	O

"	O
you	O
like	O
em	NORM_1WORD
cause	NORM_1WORD
you're	O
a	O
stoner	O
.	O
everythings	NORM_1WORD
amusing	O
to	O
you	O
"	O

i	O
just	O
uploaded	O
"	O
comunion	O
arturo	O
,	O
fernando	O
,	O
rolando	O
hi	O
web	O
"	O
to	O
vimeo	O
:	O
http://t.co/jiezswidh1	O

rt	O
@skynews	O
:	O
observer	O
front	O
page	O
:	O
triumphant	O
ukip	O
draws	O
up	O
hitlist	NORM_2WORD
of	O
20	O
key	O
seats	O
to	O
strom	O
commons	O
.	O
#skypapers	O
http://t.co/xiqvb3fm5d	O

vibing	O
out	O
to	O
india	O
arie	O
right	O
now	O
.	O

@tesialai2000	O
come	O
la	O
hahaha	O
...	O
sinyao	O
tuition	O
here	O
also	O
....	O
come	O
come	O
xd	O
haha	O
you	O
at	O
least	O
at	O
home	O

@wizsuarez	O
lol	O
i	O
know	O
tha	NORM_1WORD
man	O

fyck	NORM_1WORD
ut	NORM_2WORD
im	NORM_1WORD
watching	O
it	O
on	O
my	O
telly	NORM_1WORD

rt	O
@asdfghjkllyss	O
:	O
decisions	O
are	O
so	O
hard	O
cuz	NORM_1WORD
i	O
gotta	O
do	O
whats	NORM_1WORD
best	O
for	O
myselff	NORM_1WORD

@saskiafern	O
dont	NORM_1WORD
worry	O
.	O
he	O
will	O
.	O
:)))))))))))	O
i	O
have	O
a	O
same	O
feeling	O
but	O
i	O
wont	NORM_1WORD
say	O
f	O
now	O
lol	O

gets	O
jealous	O
because	O
the	O
bae	O
is	O
mourning	O
ame	O
.	O

22yr	NORM_2WORD
old	O
mother	O
sells	O
her	O
one-month	O
old	O
baby	O
for	O
n430k	O
in	O
onitsha	O
22	O
year	O
old	O
chinelo	O
huma	O
,	O
(	O
pictured	O
above	O
)	O
,...	O
http://t.co/igig4w094w	O

rt	O
@exoseoul	O
:	O
[	O
!!	O
]	O
suju's	O
eunhyuk	O
,	O
shinee's	O
taemin	O
,	O
and	O
miss	O
a's	O
jia	O
and	O
fei	O
were	O
spotted	O
going	O
to	O
exo's	O
concert	O
today	O
!	O

rt	O
@flamerdiva	O
:	O
simbora	O
gente	O
wee	O
still	O
in	O
this	O
fight	O
?	O
#wmaexo	O

oh	O
okay	O
then	O
...	O
bt	NORM_1WORD
d	NORM_1WORD
insight	O
is	O
too	O
much	O
fr	NORM_1WORD
an	O
outsider	O
maybe	O
rt	NORM_1WORD
@blacc__	O
:	O
@prince_damoche	O
yh	NORM_1WORD
dats	NORM_1WORD
a	O
dearth	O
case	O
unlike	O
da	NORM_1WORD
godfather	O
...!	O

wagner	O
olha	O
o	O
whats	NORM_1WORD
caraio	O
(	O
@francato11	O
live	O
on	O
http://t.co/rekbwobqlu	O
)	O

@raqueldiosdado	O
yea	NORM_1WORD
i	O
was	O
gonna	NORM_2WORD
hit	O
u	NORM_1WORD
up	O
but	O
guess	O
not	O
lol	O

rt	O
@nafisabd	O
:	O
tht	NORM_1WORD
feeling	O
right	O
after	O
you'd	O
done	O
with	O
wudu	O
'	O
then	O
suddenly	O
you	O
began	O
to	O
fart	O
.	O

rt	O
@justinbieber	O
:	O
runnin	NORM_1WORD
with	O
@usher	O
who	O
do	O
u	NORM_1WORD
think	O
is	O
faster	O
http://t.co/bgiqn43gyq	O

@rxsekai	O
are	O
you	O
piqaisa	O
in	O
watty	O
??	O
omg	O
so	O
you're	O
the	O
writer	O
of	O
snow	O
fall	O
??	O
hahahaha	O
nice	O
meeting	O
you	O
^_^	O
ghad	NORM_1WORD
.	O

hi	O
@redsports	O
when	O
and	O
where	O
is	O
a	O
divs	O
boys	O
floorball	O
3/4th	O
placing	O
match	O
?	O
:)	O

they	O
expect	O
me	O
to	O
drive	O
to	O
california	O
for	O
court	O
just	O
for	O
a	O
back	O
seatbelt	O
ticket	O
?	O
fuhh	NORM_1WORD
thattt	NORM_1WORD

rt	O
@aurak4s1h	O
:	O
desain	O
lucu	O
kamar	O
anak	O
-	O
cozy	O
and	O
cool	O
childrens	NORM_1WORD
room	O
decor	NORM_1WORD
ideas	O
http://t.co/kcamdhupol	O

#7	O
:	O
cavalier	O
no	O
added	O
sugar	O
choco	NORM_1WORD
hazelnut	O
spread	O
200g	O
http://t.co/obtcogdao4	O
cavalier	O
no	O
added	O
sugar	O
choco	NORM_1WORD
ha	O
...	O
http://t.co/j35cjxbhfw	O

@wis300_	O
you	O
aint	NORM_1WORD
got	O
no	O
facial	O
hair	O
stop	O
stuntin	O
g	O

ima	NORM_3PLUS
undercover	O
rapper	O
whole	O
t	O
doe	O

nowplaying	O
let	O
everything	O
that	O
has	O
breath	O
-	O
matt	O
redman	O
http://78.129.159.25/stream/avudrhbg.pls	O

&	O
i	O
refuse	O
to	O
let	O
my	O
moms	O
loose	O
me	O
to	O
some	O
bullsh	NORM_1WORD
.	O
t	NORM_1WORD

rt	O
@perdidaenbooks	O
:	O
me	O
encanta	O
all	O
of	O
the	O
stars	O
de	O
ed	O
sheeran	O
.	O

rt	O
@ashton5sos	O
:	O
when	O
their	O
is	O
no	O
toilets	O
available	O
lol	O
:p	O
calum	O
is	O
a	O
resourceful	O
man	O
@calum5sos	O
http://t.co/l2hnj1w8to	O

rt	O
@petikanlagu2	O
:	O
happy	O
isra	O
'	O
miraj	O
27	O
rajab1435	O
h	O
for	O
all	O
moslem	NORM_1WORD
in	O
the	O
world	O
:)	O

hay	O
guys	O
follow	O
yuk	O
@villaiqbaal	O
dia	O
comate	O
loh	O
,	O
lagi	O
on	O
#fjm5	O

rt	O
@bbctennis	O
:	O
another	O
big	O
day	O
for	O
@britishtennis	O
in	O
paris	O
.	O
murray	O
v	O
matosevic	O
and	O
watson	O
v	O
halep	O
from	O
2	O
uk	O
time	O
.	O
http://t.co/ismhypb1w6	O

going	O
to	O
miss	O
paz	O
ngl	O

#nowplaying	O
avicii	O
-	O
i	O
could	O
be	O
the	O
one	O
(	O
vs	O
nicky	O
romero	O
)	O
(	O
audrio	O
remix	O
)	O
on	O
http://t.co/pw8udcqjae	O

"	O
@kdreamerarielle	O
:	O
i	O
love	O
kathryn	O
bernardo	O
.	O
i	O
like	O
janella	O
salvador	O
.	O
i	O
don't	O
hate	O
liza	O
soberano	O
&	O
julia	O
barretto	O
,	O
no	O
feelings	O
for	O
them	O
.	O
"	O

@_shyambhatt	O
nessun	O
dorma	O
,	O
that	O
great	O
violin	O
showpiece	O

@youlove_jazzylo	O
>	O
[	O
mixtape	O
]	O
criminal	O
manne	O
"	O
arm	O
&	O
hammer	O
"	O
#getitlive	O
!	O
http://t.co/dldtg3xtso	O
@livemixtapes	O
@trapsntrunks	O
@criminal_manne	O

lewwwl	O
imagine	O
.	O
i	O
joke	O
fxck	NORM_1WORD
all	O
you	O
lot	O
.	O
so	O
ungrateful	O
just	O
go	O
to	O
liquid	O
lolol	O

football	O
sucks	O
!	O
love	O
u	NORM_1WORD
atletico	O
#diegocosta	O

@austinmahone	O
omfg	O
imma	NORM_3PLUS
b	NORM_1WORD
there	O
i	O
can't	O
wait	O

wifing	O
the	O
thots	O
...	O
that's	O
a	O
no	O
no	O
.	O

@solar_rexus	O
oh	O
hey	O
solar	O
.	O
maybe	O
u	NORM_1WORD
shouldn't	O
have	O
been	O
sending	O
them	O
to	O
huntermoore	O
lil	NORM_1WORD
sloot	O

rt	O
@angry_arsene_	O
:	O
retweet	O
for	O
me	O
.	O
favorite	O
for	O
c	O
.	O
ronaldo	O
.	O
http://t.co/a8422dyisp	O

nayo	O
ciroc	O
comfirms	O
corvinus	O
vol	O
.	O
2	O
official	O
mixtape	O
release	O
date	O

@truman_black	O
@dailymailuk	O
fuck	O
matty	O
i	O
love	O
u	NORM_1WORD
so	O
much	O

rt	O
@hyxjunq	O
:	O
"	O
@xx0kai	O
:	O
#openfollow	O
for	O
all	O
rp	O
esp	O
manusia	O
ramah	O
.	O
jfb	O
tepatin	O
!	O
http://t.co/3kltamkfna	O
"	O

@jasonderulo	O
hi	O
jazzy	O
can	O
ya	NORM_1WORD
pls	NORM_1WORD
follow	O
me	O
?	O
ilysm	O
19	O

conservatives	O
12005	O
,	O
ukip	O
second	O
with	O
8619	O
in	O
european	O
elections	O
in	O
warwick	O
and	O
leamington	O
!	O
lib	O
dems	O
down	O
to	O
fifth	O
place	O
!	O

rt	O
@tomlindzayn	O
:	O
#thisisthem	O
i	O
ddnt	NORM_1WORD
know	O
they	O
will	O
sing	O
what	O
the	O
fux	NORM_1WORD

rt	O
@danielsahyounie	O
:	O
i	O
wonder	O
what	O
the	O
janoskians	O
big	O
announcement	O
is	O
tonight	O
...	O
im	NORM_1WORD
so	O
excited	O
....	O

rt	O
@sirtrillington	O
:	O
wtf	O
rt	O
@a2dao	O
:	O
he	O
definitely	O
run	O
the	O
crip	O
set	O
at	O
head	O
start	O
http://t.co/nlkexxilef	O

i	O
see	O
too	O
many	O
thots	O
wit	NORM_1WORD
bf	NORM_1WORD
lik	NORM_1WORD
bruh	NORM_1WORD
u	NORM_1WORD
ain't	O
check	O
the	O
carfax	O

@tancredipalmeri	O
gazzetta	O
says	O
t	O
.	O
silva	O
and	O
ibra	O
argued	O
and	O
silva	O
wants	O
to	O
leave	O
psg	O
.	O
is	O
that	O
true	O
?	O
thought	O
they	O
were	O
good	O
friends	O
#asktanc	O

nam	O
goong	O
min	O
greatly	O
impressed	O
by	O
his	O
wife	O
hong	O
jin	O
young	O
http://t.co/9jfjuigjzg	O

im	NORM_1WORD
back	O
on	O
these	O
mf	NORM_2WORD
all	O
yall	NORM_1WORD
can	O
smd	O

@ifreke	O
something	O
about	O
ur	NORM_1WORD
tweets	O
with	O
the	O
mtn	O
hashtag	O
.	O
something	O
not	O
right	O
though	O
.	O

rt	O
@newtmasisgood	O
:	O
@themazefucker	O
nah	NORM_1WORD
i	O
wouldnt	NORM_1WORD
xd	O

foda-se	O
,	O
grande	O
merda	O
esse	O
jogo	O
so	O
mais	O
interior	O

@kdramacritiq	O
like	O
i	O
want	O
there	O
to	O
be	O
action	O
and	O
things	O
but	O
i	O
also	O
want	O
a	O
lot	O
of	O
romance	O
and	O
i'm	O
like	O
what	O
if	O
ppl	NORM_1WORD
r	NORM_1WORD
like	O
omg	O
stop	O
feeling	O

dd	O
dude	O
has	O
voted	O
for	O
"	O
shriya	O
saran	O
h	O
"	O
on	O
the	O
poll	O
who	O
is	O
more	O
hott	NORM_1WORD
http://t.co/vccgfrz7dx	O
http://t.co/7gnupmh4ao	O

ramos	O
is	O
a	O
better	O
striker	O
than	O
giroud	O
???	O
*	O
crien	O

rt	O
@frontporchstep	O
:	O
@state_champs	O
yall	NORM_1WORD
cant	NORM_1WORD
sign	O
deez	NORM_1WORD
nuts	O

nicki	O
minaj	O
|	O
pills	O
n	NORM_1WORD
potions	O

@lady_abs	O
@bdogrunner	O
ahhh	O
,	O
bless	O
u	NORM_1WORD
.	O
can	O
sympathise	NORM_1WORD
.	O
have	O
ibs	O
so	O
actually	O
citalopram	O
really	O
helped	O
with	O
that	O
!	O

feelin	NORM_1WORD
bad	O
abt	NORM_1WORD
the	O
weather	O
coz	NORM_1WORD
i	O
cnt	NORM_1WORD
wear	O
ma	NORM_1WORD
new	O
dress	O

u	NORM_1WORD
are	O
stupid	O
rt	O
@megathaes	O
:	O
if	O
you	O
call	O
me	O
this	O
early	O
just	O
to	O
say	O
hi	O
,	O
i	O
assume	O
you	O
don't	O
have	O
a	O
bf	NORM_1WORD
and	O
owa	O
hala	O
ndaluma	O
po	O

rt	O
@bestvinesever	O
:	O
lil	NORM_1WORD
homies	O
a	O
real	O
g	O
http://t.co/mwn28zkjlb	O

@609csr	O
i'm	O
not	O
on	O
that	O
b	O
lol	O

@jjustinlimmm	O
at	O
the	O
sajc	O
side	O
hahaha	O

@tde24_	O
you	O
problem	O
did	O
cuff	O
em	NORM_1WORD
lil	NORM_1WORD
snoop	O
ctfu	O

@_benjibands	O
when	O
ever	O
you	O
in	O
chicago	O
hmu	O
cause	NORM_1WORD
i'm	O
stainin	NORM_1WORD
u	NORM_1WORD

@princesscibo	O
tonight	O
24th	O
at	O
@bloemingbar	O
fx	O
sudirman	O
lb	O
1st	O
floor	O
#saturland	O
#of	O
#bloemnight	O
!	O
*	O
free	O
entry	O
#edm	O
http://t.co/y7fedxiowe	O

karan	O
thapad	O
is	O
seriously	O
sick	O
moron	O

where's	O
bae	O
?	O
bae	O
=	O
bacon	O
and	O
eggs	O
.	O

kim	O
kardashian	O
,	O
kanye	O
west	O
might	O
marry	O
in	O
italy	O
,	O
according	O
to	O
latest	O
rumor	O
-	O
the	O
countdown	O
to	O
kim	O
kardashian	O
and	O
...	O
http://t.co/qwvlc0rfpe	O

rt	O
@its_caro_bitch	O
:	O
wtf	O
is	O
hailee	O
saying	O

rt	O
@djyoungdolla	O
:	O
new	O
music	O
:	O
mariah	O
carey	O
ft	O
rich	O
homie	O
quan	O
-	O
thirsty	O
|	O
http://t.co/rxpmeshpzd	O

2day	NORM_1WORD
marks	O
1	O
full	O
week	O
without	O
my	O
fone	NORM_1WORD
,	O
if	O
you	O
hve	NORM_1WORD
been	O
tryn	NORM_1WORD
to	O
get	O
ahold	NORM_2WORD
of	O
me	O
,	O
due	O
2	NORM_1WORD
pepul	NORM_1WORD
wth	NORM_1WORD
long	O
fingers	O
,	O
il	NORM_1WORD
be	O
downgrding	NORM_1WORD
soon	O
2	NORM_1WORD
a	O
nokia	O

@leetaeimin	O
hahah	O
maybe	O
soon	O
otl	O
i'm	O
forever	O
starving	O
lol	O

@gabriellapagee	O
@lianaaabby	O
lol	O
thanks	O
girl	O
.	O
(	O
heart	O
eye	O
emoji	O
)	O

http://t.co/qnam1f1ilc	O
#4	O
:	O
multi-color	O
fringed	O
pinata	O
stick	O
,	O
30	O
"	O
multicolor	O
multi-color	O
fringed	O
pinata	O
stick	O
,	O
...	O
http://t.co/62vsxksxpn	O

@marco3eyes	O
lol	O
ima	NORM_3PLUS
still	O
think	O
bout	NORM_1WORD
it	O

rt	O
@sment_exo	O
:	O
140525	O
sj	O
donghae	O
instagram	O
update	O
with	O
sehun	O
http://t.co/b3m5rb657m	O

rt	O
@lfcchris_	O
:	O
psg	O
are	O
basically	O
telling	O
uefa	O
to	O
go	O
fuck	O
themselves	O
.	O

@handler_martin	O
pinot	O
bianco	O
,	O
riesling	O
italico	O
and	O
sauvignon	O
blanc	O
.	O

father's	O
genes	O
he	O
is	O
6.3	O
:)	O
"	O
@antoncvf	O
:	O
@khushsundar	O
omg	O
hw	O
cum	NORM_1WORD
ur	NORM_1WORD
daughters	O
r	NORM_1WORD
so	O
tall	O
?	O
whatz	NORM_2WORD
the	O
secret	O
behind	O
their	O
enormous	O
growth	O
?	O
"	O

"	O
@betakoncept	O
:	O
ladies	O
!	O
how	O
can	O
some1	NORM_1WORD
win	O
your	O
heart	O
?	O
#singlesandmarried	O
"	O
maybe	O
if	O
u	NORM_1WORD
dnt	NORM_1WORD
lie	O
en	NORM_1WORD
pretend	O
2	NORM_1WORD
be	O
wht	NORM_1WORD
u	NORM_1WORD
nt	NORM_1WORD
"	O
still	O
koraa	O
problem	O
dey	O

rt	O
@orewankenobi	O
:	O
i	O
can	O
discuss	O
the	O
aesthetics	O
now	O
.	O
cristiano	O
is	O
a	O
beaut	O
beaut	O
beaut	O
omg	O
,	O
isco	O
too	O
mmmm	O
and	O
ramos	O
mm	O
nah	O
hello	O

dreams	O
of	O
the	O
day	O
/i/	O
get	O
a	O
fanclub	O
wtf	O

rt	O
@earlxsweat	O
:	O
finna	NORM_2WORD
check	O
in	O
with	O
ol	NORM_1WORD
girl	O
about	O
some	O
cakes	O
real	O
briefly	O

@_ohthatsdiamond	O
i	O
was	O
but	O
destiny	O
not	O
going	O
nomore	NORM_2WORD
you	O
still	O
goin	NORM_1WORD
?	O

seriously	O
,	O
what's	O
the	O
point	O
in	O
lying	O
?	O
smh	O
lol	O

@ansajneeuq	O
yesss	NORM_1WORD
lord	O
and	O
don't	O
my	O
old	O
sugar	O
mama	O
on	O
the	O
side	O
and	O
thats	NORM_1WORD
the	O
notorious	O
mama	O
see	O

rt	O
@tlppaneh	O
:	O
#openfollow	O
for	O
all	O
rp	NORM_2WORD
.	O
newbie	O
masih	O
imut	O
.	O
just	O
retweet	O
yes^^	O
http://t.co/qrap7oqfsh	O

#onghplaylist	O
music	O
:	O
wizkid	O
ft	O
banky	O
w	O
&	O
akon	O
-	O
roll	O
it	O
rmx	NORM_1WORD
http://t.co/gurrodvbcd	O

140523	O
exo	O
the	O
lost	O
planet	O
day	O
1	O
-	O
suho	O
birthday	O
cut	O
cr	O
.	O
brothers	O
choice	O
~	O
minmin	O
~	O
http://t.co/wdgr1iw7ro	O

gary	O
oldman	O
en	NORM_1WORD
state	O
of	O
grace	O
.	O
me	O
derrito	O
.	O
http://t.co/xicvnmzeko	O

coming	O
from	O
a	O
lakers	O
fan	O
,	O
kd	O
needs	O
to	O
come	O
to	O
the	O
lakers	O
and	O
win	O
6	O
rings	O
....	O

americans	O
.	O
enjoy	O
british	O
humour	O
.	O
stressing	O
the	O
word	O
"	O
humour	NORM_1WORD
"	O
https://t.co/hujcrwkg6h	O

@tiffany_1208xo	O
do	O
u	NORM_1WORD
have	O
r's	O
?	O
i	O
dont	NORM_1WORD
see	O
it	O
saved	O
in	O
here	O
:(	O

@aaroncollison	O
i	O
used	O
thot	O
instead	O
of	O
thought	O
cuz	NORM_1WORD
u	NORM_1WORD
no	NORM_1WORD
your	O
place	O
cuz	NORM_1WORD
#thot	O

@_lemonsoo	O
omg	O
filipino	O
ka	O
pala	O
/squishes	O
u	NORM_1WORD

@_iibeenjuiicy	O
lol	O
.	O
everybody	O
says	O
that	O
.	O
she's	O
the	O
feminine	O
version	O
of	O
me	O
lol	O
.	O

@ayu98srivastava	O
i	O
couldnt	NORM_1WORD
find	O
it	O
.	O
.	O
can	O
u	NORM_1WORD
send	O
me	O
screen	NORM_1WORD
shot	NORM_1WORD

rt	O
@livcarr__	O
:	O
when	O
the	O
person	O
you're	O
speaking	O
to	O
doesnt	NORM_1WORD
popup	O
http://t.co/426rfxvqn0	O

#1	O
boyfriend	O
forever	O
and	O
always	O
rt	NORM_1WORD
@spacekase	O
@ukiiukii	O
i	O
drew	O
a	O
dere	O
xan	O
as	O
warmup	O
i	O
thought	O
you	O
might	O
be	O
interested	O
http://t.co/0720zx1eo1	O

rt	O
@braakwabena	O
:	O
na	NORM_1WORD
you	O
botwe	O
boys	O
koraa	O
why	O
....	O
didnt	NORM_1WORD
you	O
were	NORM_1WORD
your	O
church	O
shoes	O
to	O
roses	O
for	O
a	O
funfair	O
?	O
mtchw	O
koraa	O

@kam_maynee	O
lol	O
cause	NORM_1WORD
i	O
said	O
&	O
you	O
woulda	NORM_2WORD
been	O
falling	O
right	O
along	O
with	O
me	O
.	O

rt	O
@torineeper	O
:	O
reva	O
spilt	O
a	O
whole	O
bowl	O
of	O
cereal	O
lolol	O

(	O
y	O
)	O
4,506,473	O
like	O
this	O
<3	O
3,575,294	O
love	O
this	O
to	O
add	O
me	O
pls	NORM_1WORD
like	O
us	O
http://t.co/bp0tgkkaet	O
...	O
http://t.co/m3tcpugsfc	O

fg	O
to	O
establish	O
trauma	O
counselling	NORM_1WORD
centres	NORM_1WORD
in	O
jos	O
following	O
blasts	O
:	O
the	O
federal	O
government	O
has	O
said	O
it	O
will	O
es	O
...	O
http://t.co/rqblsjfnxb	O

dodgers	O
send	O
down	O
chris	O
withrow	O
to	O
make	O
room	O
for	O
hyun-jin	O
ryu	O
..	O
dodgers	O
mlb	NORM_3PLUS
http://t.co/cjgtmc5cg9	O

rt	O
@caaparajita	O
:	O
if	O
you	O
didnt	NORM_1WORD
wake	O
up	O
to	O
fulfil	NORM_1WORD
your	O
dream	O
.	O
dont	NORM_1WORD
cry	O
when	O
its	O
broken	O
by	O
someone	O
else	O
.	O

rt	O
@acommonfemaie	O
:	O
when	O
u	NORM_1WORD
mad	O
at	O
bae	O
http://t.co/5lvqo33t4p	O

rt	O
@itsohsodemi	O
:	O
christina	O
perri	O
and	O
demi	O
both	O
have	O
announcements	O
at	O
the	O
same	O
time	O
:	O
https://t.co/6m5tvptycr	O
http://t.co/7nl33uce5q	O

rt	O
@jaime_heat6	O
:	O
@vicmbelli	O
@andreamasiar	O
put	O
yor	NORM_1WORD
fakin	NORM_1WORD
jands	O
ap	O

rt	O
@bradxstyles	O
:	O
jai	O
this	O
girl	O
next	O
to	O
you	O
looks	O
like	O
luke	O
lmao	O
http://t.co/qijxgrgd2i	O

imma	NORM_3PLUS
sip	O
all	O
up	O
on	O
my	O
last	O
caffeinated	O
#4loko	O
i	O
stored	O
from	O
b4	NORM_1WORD
tha	NORM_1WORD
purge	O
.	O
fuk	NORM_1WORD
#bloomberg	O
#swag	O
#muziq	O
#squarepusher	O
#oprah	O

ohhh	NORM_1WORD
hurry	O
up	O
i	O
want	O
some	O
messer	O
shmit	NORM_1WORD
down	O
me	O

beyond	O
the	O
sectarian	O
divide	O
gerry	O
caroll	O
people	O
before	O
profit	O
elected	O
councillor	O
in	O
west	O
belfast	O
.	O
a	O
great	O
breakthrough	O
!	O

rt	O
@pubesniam	O
:	O
"	O
the	O
entire	O
horan	O
family	O
is	O
on	O
the	O
front	O
row	O
of	O
croke	O
park	O
'	O
im	NORM_1WORD
not	O
crying	O
im	NORM_1WORD
sweating	O
to	O
my	O
eyes	O
omg	O
hgdsfs	O

june	O
4	O
,	O
2014	O
#redhotmanila	O
#taylorswiftviaairasia	O
@airasiaph	O
pick	O
me	O
please(	O
@jaucianmarnie	O
)	O
......	O
tickets	O
ill	NORM_1WORD
be	O
happy	O
swifty	O
v	O

fina	NORM_2WORD
try	O
n	NORM_1WORD
go	O
bck	NORM_1WORD
to	O
sleep	O

@reginald_dube	O
nay	O
buy	O
for	O
me	O
i'll	O
give	O
ya	NORM_1WORD
tha	NORM_1WORD
dough	O
dawg	O

the	O
show	O
jst	NORM_1WORD
gettin	NORM_1WORD
started	O
.	O
#teamrealmadrid	O

@valerieleiii	O
do	O
you	O
have	O
a	O
kik	O
or	O
naw	NORM_1WORD
?	O

idk	O
why	O
twitter	O
notifies	O
me	O
when	O
people	O
retweet	O
other	O
peoples	O
stuff	O
...	O
like	O
i	O
don't	O
give	O
a	O
fuck	O

rt	O
@thevinefights	O
:	O
lil	NORM_1WORD
homies	O
a	O
real	O
g	O
http://t.co/cokpblgewf	O

having	O
a	O
teacher	O
who	O
doesnt	NORM_1WORD
accept	O
late	O
work	O
is	O
probably	O
the	O
worst	O
thing	O
ever	O
when	O
u	NORM_1WORD
have	O
little	O
time	O
for	O
hw	O
every	O
night	O

@fypm_	O
lmao	O
go	O
there	O
&	O
change	O
your	O
mood	O
<	O
r	O

rt	O
@ericjohnsalut	O
:	O
our	O
hashtags	O
for	O
today	O
,	O
may	O
29	O
#mirabellabreakingdaisy	O
#dyesebelangpagtugissasirena	O
#ikawlamangfamilyandpride	O
pls	NORM_1WORD
rt	O

@tosibaplexus	O
r	NORM_1WORD
u	NORM_1WORD
sure	O
someone	O
isn't	O
stealing	O
it	O
?!	O
lol	O

sorry	O
daniel	O
lmfao	O
rt	O
@m6drop	O
:	O
don't	O
include	O
me	O
with	O
them	O
niggas	NORM_1WORD
@wsupcaramel	O

only	O
once	O
in	O
your	O
life	O
,	O
u	NORM_1WORD
find	O
someone	O
who	O
can	O
completely	O
turn	O
your	O
world	O
around	O
that	O
person	O
is	O
u	NORM_1WORD
rana	O
samaha	O
#ranasamahaoncbc	O

hahaha	O
my	O
grandparents	O
think	O
ill	O
be	O
in	O
range	O
for	O
a	O
walkietalkie	O
#nawson	O
#fiveoverthelimit	O
#seeyouatthehotel	O

i	O
really	O
am	O
the	O
best	O
nigga	NORM_1WORD
thoee	NORM_1WORD
.	O

rt	O
@grejs71	O
:	O
@velikimo	O
@razbiiibriga	O
negde	O
has	O
to	O
turn	O
,	O
but	O
gde	O
?	O
lol	O

just	O
talking	O
to	O
emily's	O
mom	O
over	O
facetime	O
nbd	O
@emilyjlang17	O

"	O
allways	NORM_1WORD
seems	O
to	O
me	O
,	O
you	O
allways	NORM_1WORD
see	O
what	O
people	O
want	O
you	O
to	O
see	O
...	O
"	O

@lewis100kg	O
no	O
need	O
for	O
it	O
haha	O
,	O
don't	O
help	O
with	O
some	O
of	O
the	O
cunts	O
in	O
nuneaton	O

rt	O
@princeeezy_	O
:	O
"	O
just	O
sittin	NORM_1WORD
in	O
the	O
studio	O
tryna	NORM_2WORD
get	O
to	O
you	O
baby	O
"	O

finna	NORM_2WORD
go	O
to	O
the	O
crib	O
.	O
shower	O
,	O
change	O
,	O
then	O
find	O
sumn	NORM_1WORD
to	O
do	O

"	O
@byun_bekk	O
:	O
#openfollow	O
for	O
rp	O
just	O
quate	O
jgn	O
ngert	O
"	O

rt	O
@_1dslovakia	O
:	O
#new	O
|	O
niall	O
on	O
stage	O
at	O
croke	O
park	O
,	O
dublin	O
-	O
23.05.2014	O
(	O
75	O
)	O
http://t.co/zytawkuirq	O

@sehunparkpark	O
@jktruka	O
nonton	O
tv	O
wkwk	O
lu	O
hun	O
?	O
cie	O
kangen	O
:p	O

rt	O
@wesley_a_evans	O
:	O
imma	NORM_3PLUS
start	O
telling	O
myself	O
my	O
own	O
secrets	O
cuz	NORM_1WORD
i	O
can't	O
trust	O
anyone	O
be	NORM_1WORD
me	O

frozen	O
with	O
the	O
nephew	O
!!	O
:)	O
(@	O
auditorio	O
civico	O
del	O
estado	O
w/	O
2	O
others	O
)	O
http://t.co/urk9nh7kgs	O

watched	O
dil	O
chahta	O
hai	O
..	O
wow	O
:')	O
dam	NORM_1WORD
sydney	O
was	O
so	O
different	O
back	O
then	O
so	O
much	O
better	O

@imjaygupta	O
@itigershroff	O
hey	O
jay	O
,	O
u	NORM_1WORD
met	O
@itigershroff	O
in	O
a	O
theatre	NORM_1WORD
yesterday	O
right	O
?	O
congrats	NORM_1WORD
n	NORM_1WORD
must	O
say	O
aap	O
bahuuut	O
lucky	O
ho	O
:)	O
*	O
touchwood	O
*	O

tove	O
lo	O
-	O
stay	O
high	O
beequnique	O
ukg	O
remix	O
is	O
awesome	O
https://t.co/csiu98mk8f	O

@dashaymarie_	O
@solo_dolo7414	O
thank	O
yu	NORM_1WORD
happy	O
birthday	O
too	O
yu	NORM_1WORD
as	O
well	O

@aaaydri	O
haha	O
i	O
just	O
fired	O
yo	NORM_1WORD
ass	O
all	O
the	O
way	O
up	O
haha	O
,	O
okay	O
imma	NORM_3PLUS
be	O
nice	O

i	O
only	O
slept	O
two	O
hours	O
lastnight	NORM_2WORD
and	O
im	NORM_1WORD
wide	O
awake	O
rn	NORM_2WORD
lol	O
ayeee	O

i'm	O
now	O
ranked	O
experienced	O
(	O
top	O
60%)	O
in	O
ascend	O
:	O
hand	O
of	O
kul	O
on	O
raptr	O
!	O
http://t.co/gkmthq5wcd	O

rt	O
@yunho_uknow	O
:	O
yunho	O
:	O
we	O
are	O
t	O
!!!!	O
http://t.co/ps6hzlv3zi	O

rt	O
@exoffical	O
:	O
[	O
hq	O
]	O
140526	O
xiumin	O
@username	O
mbc	O
idol	O
futsal	O
championship	O
(	O
cr	O
.	O
buttercup	O
)	O
http://t.co/gbw8k1ukff	O

that	O
shawty	O
word	O
still	O
cute	O
lol	O

rt	O
@ohourstyles	O
:	O
louis	O
tomlinson	O
is	O
so	O
lucky	O
that	O
he	O
can	O
touch	O
louis	O
tomlinson	O
that	O
way	O
http://t.co/wpj3805h4b	O

@omarb7	O
ahh	O
i	O
see	O
,	O
so	O
u	NORM_1WORD
still	O
don't	O
know	O
if	O
you're	O
coming	O
?	O
or	O
u	NORM_1WORD
coming	O
until	O
after	O
august	O
?	O

@gyozastand	O
i	O
luff	NORM_1WORD
u	NORM_1WORD
gyo	O
marri	NORM_1WORD
mi	NORM_1WORD

hahaha	O
i	O
just	O
busted	O
out	O
laughin	NORM_1WORD
"	O
@speak2muchtruth	O
:	O
tip	O
shoulda	NORM_2WORD
ripped	O
tiny's	O
necklace	O
off	O
like	O
he	O
did	O
new	O
new	O
#yougonlearntahday	O
"	O

rt	O
@exoseoul	O
:	O
chanyeol	O
is	O
riding	O
this	O
one	O
yellow	O
bike	O
and	O
yixing	O
on	O
a	O
net	O

mornin	NORM_1WORD
sugah	NORM_1WORD
muffins	O
!	O
june	O
25th	O
it's	O
on	O
@sohohousenyc	O
@iwttbf	O

rt	O
@fadi9123	O
:	O
"	O
my	O
bff	O
from	O
10	O
years	O
"	O
..	O
w	O
hini	O
3mron	O
11	O

rice	O
and	O
odu	O
will	O
play	O
again	O
following	O
the	O
utsa-southern	O
miss	O
game	O
with	O
first	O
pitch	O
tentatively	O
scheduled	O
for	O
4:00	O
p	O
.	O
m	O
..	O

omg	O
omg	O
okay	O
..	O
ahhh	O
my	O
glasses	O
broke	O
dx	O
i	O
can't	O
see	O
now	O
t__t	O
ahh	O
.	O

rt	O
@worldstarfunny	O
:	O
this	O
nigga	NORM_1WORD
gives	O
0	O
fucks	O
lol	O
look	O
at	O
the	O
computer	O
screen	O
https://t.co/5twtrk3b9u	O

rt	O
@loosefirefiy	O
:	O
who	O
voted	O
for	O
ukip	O
i	O
will	O
hunt	O
u	NORM_1WORD
down	O
and	O
kick	O
ur	NORM_1WORD
stupid	O
,	O
racist	O
ass	O

rt	O
@teddyferrari1	O
:	O
"	O
ah	O
...	O
@datzmenoni	O
:	O
why	O
sub	O
ozil	O
"	O
@lexzydoo_ab	O
:	O
opolo	O
eyes	O
u	NORM_1WORD
no	O
fit	O
open	O
eyes	O
""	O

rt	O
@_nate9	O
:	O
when	O
the	O
person	O
sittin	NORM_1WORD
beside	O
u	NORM_1WORD
is	O
chewin	NORM_1WORD
loud	O
af	NORM_2WORD
http://t.co/bhb0bjinxo	O

@charlieintel	O
2	O
favelas	O
?	O
pharaoh	O
and	O
favela	O
iw	O
that's	O
lazy	O
and	O
the	O
map	O
is	O
already	O
on	O
mw2	O

i	O
just	O
have	O
a	O
really	O
strong	O
urge	O
to	O
eat	O
krispy	O
kreme	O

geordie	O
planking	O
creep	O
with	O
magaluf	O
!	O
:	O
eptv	O

rt	O
@ilove2ne1girls	O
:	O
*	O
seungyoon	O
comes	O
*	O
tablo	O
:	O
a	O
handsome	O
oppa	O
is	O
coming	O
haru	O
:	O
where	O
?	O
seungyoon	O
:	O
hahahha	O
http://t.co/p5b40ssq3v	O

that	O
lil	NORM_1WORD
nigga	NORM_1WORD
scary	O
rt	O
@basedchasen	O
:	O
yall	NORM_1WORD
see	O
how	O
big	O
this	O
nigga	NORM_1WORD
head	O
is	O
?	O
he	O
about	O
to	O
do	O
telekinesis	O
https://t.co/6ygqvwd0zp	O

literally	O
shedding	O
tears	O
rn	NORM_2WORD
omg	O
so	O
kawaii	O

rt	O
@funnypicsdepot	O
:	O
gah	O
damn	O
her	O
arm	O
is	O
long	O
af	NORM_2WORD
bruh	NORM_1WORD
http://t.co/iefryesxd1	O

rt	O
@1d_updates_eu	O
:	O
niam	O
on	O
stage	O
at	O
croker	O
.	O
so	O
cuteeee	NORM_1WORD
x	O
-j	O
http://t.co/r4ofmg82gz	O

lmfao	O
breh	O
@ghostraw	O
.	O
he	O
talkn	NORM_1WORD
bout	NORM_1WORD
gleesh	O
rt	O
@unkle_skeeter	O
:	O
@mackilo	O
bra	O
sounded	O
like	O
chief	O
keef	O
wit	NORM_1WORD
diwn	O
syndrome	O
lmfaoooo	O

just	O
saw	O
pumba	O
in	O
africa	O
.	O
we	O
sang	O
hakuna	O
matata	O
with	O
him	O

i	O
say	O
"	O
tak	O
kisah	O
"	O
but	O
in	O
inside	O
i	O
really	O
do	O

rt	O
@trueloveforever	O
:	O
i	O
be	O
goin	NORM_1WORD
80	O
down	O
dave	O
ward	O
swerving	O
through	O
all	O
the	O
cars	O
lol	O

calum	O
hood	O
,	O
ashton	O
irwin	O
,	O
luke	O
hemmings	O
,	O
michael	O
clifford	O
from	O
5sos	O
follow	O
me	O
so	O
i	O
can	O
send	O
you	O
uncomfortable	O
dm's	O
haha	O
971	O

rt	O
@craziestsex	O
:	O
when	O
someone	O
feeling	O
u	NORM_1WORD
but	O
u	NORM_1WORD
aren't	O
feelin	NORM_1WORD
them	O
http://t.co/2d8lulbjyd	O

lol	O
...	O
really	O
lol	O
..	O
when	O
i	O
see	O
that	O

rt	O
@sleepinthegardn	O
:	O
#wcw	O
cate	O
blanchett	O
as	O
"	O
hedda	O
gabbler	O
"	O
.	O
this	O
woman	O
is	O
a	O
hurricane	O
.	O
http://t.co/3ainngeu8x	O

rt	O
@plumphyuk	O
:	O
@prambors	O
depok	O
john	O
legend	O
all	O
of	O
me	O
shinee	O
#lnhot20	O

rt	O
@ashton5sos	O
:	O
i	O
wonder	O
what	O
woulda	NORM_2WORD
happened	O
if	O
i	O
never	O
learnt	NORM_1WORD
the	O
drums	O

am	O
i	O
wrong	O
by	O
nico	O
and	O
vinz	O
is	O
such	O
a	O
good	O
song	O

i'm	O
gunna	NORM_1WORD
be	O
skinny	O
minny	O
all	O
my	O
life	O

rt	O
@smtown_world	O
:	O
[	O
exo	O
fantaken	O
update	O
]	O
mr.	O
xiumin	O
|	O
do	O
not	O
edit	O
.	O
http://t.co/uas3utlkwc	O

mfs	NORM_2WORD
on	O
ig	NORM_1WORD
got	O
me	O
messed	O
up	O
lmaooo	O
frfr	O

rt	O
@abscbn2014	O
:	O
in	O
all	O
fairness	O
ang	NORM_1WORD
ganda	O
ni	O
devon	O
seron	O
:-)	O
pretty	O
!	O
#thesingingbeeph	O

takuma	O
ueda	O
18-19	O
daren	O
liew	O
.	O
would	O
you	O
believe	O
it	O
?	O
after	O
10-16	O
down	O
,	O
now	O
on	O
the	O
lead	O

lmaooooo	O
rt	O
@pearlmodiadie	O
:	O
izinto	O
ezisho	O
nguwe	O
kodwa	O
!?	O
lol	O
!	O
you	O
make	O
me	O
laugh	O
!	O
should	O
i	O
thank	O
the	O
anc	O
for	O
that	O
?	O
rt	O
@thatomathe	O

rt	O
@nickolson124	O
:	O
almost	O
put	O
brookfield	O
east	O
into	O
lockdown	O
@davidsinense	O
#smh	O
#webad	O

@itsamberlol	O
@beckystokes_	O
amb	O
the	O
sass	O
finger	O
is	O
my	O
favourite	NORM_1WORD
story	O

hmm	O
.	O
also	O
bitlocker	O
isn't	O
available	O
on	O
all	O
versions	O
of	O
windows	O
,	O
iirc	O
.	O

nibo	O
?	O
then	O
omeruo	O
z	O
worth	O
40m	O
"	O
@olowe_ife	O
:	O
@awozy	O
@chrizzsantos	O
@hogwarts_viktor	O
i	O
fnk	NORM_1WORD
he	O
his	O
worth	O
d	NORM_1WORD
price	O
"	O

i	O
hate	O
viners	O
and	O
youtubers	O
like	O
please	O
kys	NORM_2WORD

rt	O
@yeanmaeee	O
:	O
@marijuanx	O
they're	O
usernames	O
.	O
they're	O
.	O
they	O
are	O
usernames	O
.	O
yep	O
.	O

open	O
fifa	O
tourney	O
to	O
all	O
(	O
people	O
i	O
hang	O
with	O
)	O
lmk	O
if	O
you're	O
interested	O

waiting	O
for	O
the	O
bae	O
to	O
reply	O
like	O
.	O
haha	O
.	O
http://t.co/a2n8loma2n	O

people	O
who	O
get	O
to	O
talkin	NORM_1WORD
reckless	O
don't	O
understand	O
how	O
much	O
of	O
a	O
true	O
savage	O
i	O
could	O
b	NORM_1WORD

there	O
needs	O
to	O
be	O
a	O
twerk	O
emoji	O
.	O

im	NORM_1WORD
back	O
,	O
and	O
im	NORM_1WORD
am	O
angel	O
and	O
i	O
know	O
it	O

rt	O
@kainat_kain	O
:	O
@rabia_gjholic	O
ahan	O
oki	O
leave	O
will	O
chat	O
later	O
....	O
i	O
mean	O
late	O
night	O
2	NORM_1WORD
bje	NORM_1WORD
tak	O
...	O
lol	O
...	O
^_*	O

wokingham	O
:	O
tories	O
top	O
the	O
euro	O
count	O
in	O
wokingham	O
http://t.co/shrjqdfnrp	O
#berkshire	O

all	O
my	O
niggas	NORM_1WORD
really	O
want	O
the	O
money	O
.	O
we	O
don't	O
want	O
nun	NORM_1WORD
else	O
,	O
nigga	NORM_1WORD
i	O
promise	O
.	O

@sammmm96	O
i	O
don't	O
im	NORM_1WORD
just	O
making	O
up	O
hours	O
lol	O

akademiks	O
avirex	O
stash	O
house	O
dada	O
artful	O
dodger	O
lrg	O
ecko	O
the	O
list	O
goes	O
on	O
that	O
was	O
me	O

@scspirit2	O
@scspirit30	O
erg	O
toffe	O
film	O
!	O
vooral	O
op	O
6:47	O
:)	O

what's	O
the	O
#1	O
cause	NORM_1WORD
of	O
social	O
unrest	O
......	O
bad	O
economies	O
where	O
ppl	NORM_1WORD
r	NORM_1WORD
struggling	O
@diomed33	O
@ecogamerorg	O
@serafinos	O
@dmashak	O
@laserpaddy	O

sendo	O
cold	O
for	O
callin	NORM_1WORD
her	O
shit	O
lol	O
smh	O

@tanysha_montano	O
haha	O
y'all	O
all	O
took	O
off	O
running	O
hahaha	O

"	O
cantik	O
.	O
rt	O
@historyinpics	O
:	O
julie	O
christie	O
,	O
1968	O
.	O
photograph	O
by	O
richard	O
avedon	O
.	O
http://t.co/gscav8o0ik	O
"	O

rt	O
@mikale_pono	O
:	O
2many	O
of	O
yall	NORM_1WORD
chicks	O
thinking	O
yall	NORM_1WORD
the	O
shit	O

rt	O
@abhijitmajumder	O
:	O
26/11	O
terrorist	O
hafeez	O
saeed	O
warns	O
nawaz	O
sharif	O
against	O
attending	O
narendra	O
modi's	O
swearing-in	O
.	O
will	O
sharif	O
chicken	O
out	O
?	O

rt	O
@uhcougarbb	O
:	O
share	O
this	O
w	O
!	O
13-8	O
over	O
ucf	O
w/	O
a	O
season-high	O
20	O
hits	O
...	O
coogs	O
now	O
43-15	O
on	O
the	O
year	O
#m64	O
http://t.co/n8ljcz8vl6	O

@ehyelcah	O
your	O
twitcon	O
!	O
gorgeous	O
as	O
always	O
!!	O
(	O
y	O
)	O

rt	O
@riorated	O
:	O
lil	NORM_1WORD
durk	O
x	O
otf	O
nunu	O
-	O
oc	O
>>>	O
hard	O
af	O

lol	O
should	O
i	O
entertain	O
twitter	O
about	O
this	O
soft	O
ass	O
nigga	NORM_1WORD

rt	O
@femaies	O
:	O
when	O
u	NORM_1WORD
mad	O
at	O
bae	O
http://t.co/db8rw2gk7f	O

@maxoula17	O
if	O
thats	NORM_1WORD
u	NORM_1WORD
,	O
u	NORM_1WORD
r	NORM_1WORD
hot	O

how	O
to	O
find	O
pq	O
:	O
pq	O
corporation	O
is	O
a	O
leading	O
worldwide	O
producer	O
of	O
specialty	O
inorganic	O
performa	NORM_1WORD
...	O
http://t.co/br655jq9d2	O
#quebecelection	O

@lyssin_up_	O
no	O
probs	NORM_1WORD
dood	NORM_1WORD
just	O
lookin	NORM_1WORD
out	O

''	O
@ayulestarikjlv	O
:	O
@ratnawidiaa	O
yuk	O
follow	O
twitter	O
ini	O
?	O
@kjlvsmi	O
?	O
lagi	O
open	O
follback	NORM_2WORD
#kjlvsmiquizopfoll	O
*	O
2	O

ras	O
tafari	O
exhibition	O
in	O
addis	O
abeba	O
may	O
25	O
to	O
june	O
25	O
,	O
2014	O
in	O
national	O
museum	O
addis	O
,	O
#ethiopia	O
.	O
http://t.co/c7mcjcxpag	O

5	O
second	O
of	O
summer	O
will	O
be	O
my	O
fav	NORM_1WORD
singer	O
after	O
this	O
.	O
haha	O

@alohachaila	O
oh	O
nvm	NORM_2WORD
lol	O
i	O
was	O
gonna	NORM_2WORD
say	O
use	O
your	O
study	O
gguide	NORM_1WORD
cos	NORM_1WORD
ots	O
the	O
same	O
questions	O

good	O
start	O
lebron	O
attack	O
hibbert	O
he's	O
soft	O
#nbaplayoffs	O

rt	O
@erundrew	O
:	O
#openfollow	O
for	O
rp	O
retweet	O
juseyo	O
*	O
2	O

rt	O
@glamourdrew	O
:	O
why	O
do	O
people	O
go	O
on	O
unfollow	O
spree	O
then	O
they	O
will	O
complain	O
why	O
are	O
ppl	NORM_1WORD
unfollowing	O
them	O
.	O
wtf	O
idiots	O

ugh	O
i	O
really	O
want	O
go	O
there	O
also	O
hm	O
pls	NORM_1WORD
hehe	O

niggas	NORM_1WORD
tell	O
me	O
to	O
stay	O
patient	O
fucc	NORM_1WORD
dat	NORM_1WORD
shit	O
bro	NORM_1WORD
i	O
been	O
doing	O
this	O
shit	O
!	O
#notonemore	O
day	O
im	NORM_1WORD
slaccin	O
#dierichzone	O

lol	O
dafuq	NORM_2WORD
....	O
smh	O
"	O
@juju_elihle	O
:	O
lol	O
1	O
glass	O
of	O
wine	O
and	O
@sazzie_twitt	O
is	O
drunk	O
:	O
""""	O
d	O
"	O

@masochist_ro	O
it's	O
not	O
about	O
the	O
moves	O
though	O
homie	O
,	O
you	O
gotta	O
remember	O
that	O
.	O
pokemon	O
has	O
always	O
been	O
about	O
stats	O
and	O
ev	O
points	O
.	O
fact	O
homie	O
.	O

#atleticomadrid	O
her	O
daim	O
arkandayiz	O
real	O
madrid	O
te	O
kimmis	O

heard	O
dat	NORM_1WORD
computers	O
go	O
off	O
during	O
c	O
b	O
t	O
....	O
hcc	O
babes	O
pray	O
4	NORM_1WORD
us	O
oohh	O
.....	O
make	O
our	O
own	O
no	O
go	O
off	O
:(	O

rt	O
@jbcrewdotcom	O
:	O
(	O
new	O
pic	NORM_1WORD
)	O
justin	O
bieber	O
instagrams	O
new	O
selfie	O
with	O
usher	O
!	O
http://t.co/m7upsj40em	O
http://t.co/23sduo9wk4	O

i	O
wonder	O
if	O
it's	O
too	O
late	O
to	O
send	O
oomf	O
an	O
emoji	O
lol	O

@niallofficial	O
d	NORM_1WORD
tears	O
is	O
real	O
omg	O
i	O

rt	O
@lyeolnam	O
:	O
[	O
pls	NORM_1WORD
rt	O
]	O
have	O
sungjong	O
last	O
romeo	O
card	O
,	O
want	O
seongyeol	O
or	O
myungsoo	O
card	O
(	O
sg	O
only	O
)	O

rt	O
@fayadamson	O
:	O
@paulmuir52	O
bahahaha	O
i	O
was	O
all	O
awa	O

rt	O
@sexyred___	O
:	O
tired	O
of	O
playing	O
w	NORM_1WORD
.	O
these	O
young	O
minded	O
ass	O
niggas	NORM_1WORD
..	O

@dnet_works	O
haha	O
u	NORM_1WORD
know	O
u	NORM_1WORD
want	O
some	O
tho	NORM_1WORD
!	O
!!	O

rt	O
@twt_feelings	O
:	O
kau	O
cakap	O
kau	O
busy	O
padahal	O
whatsapp	O
still	O
online	O
?	O

@_samanthagail	O
don't	O
refer	O
me	O
to	O
belo	O
haha	O
it's	O
too	O
expensive	O

i	O
looove	NORM_1WORD
mj	O
ft	O
.	O
jt	O
-	O
love	O
never	O
felt	O
so	O
good	O
,	O
but	O
the	O
video	O
kinda	O
sucks	O
.....	O

stacys	O
mom	O
has	O
got	O
it	O
goin	NORM_1WORD
on	O

searchcap	O
:	O
ripoff	O
report	O
returns	O
in	O
yahoo	O
,	O
google	O
shopping	O
campaigns	O
,	O
bing	O
webmaster	O
roadshow	O
:	O
below	O
is	O
what	O
h	O
...	O
http://t.co/xktgjofhqc	O

@unicoleeee	O
ughh	O
fine	O
hahaha	O
but	O
you	O
owe	O
me	O
okay	O
.	O
u	NORM_1WORD
still	O
need	O
to	O
prove	O
why	O
yer	NORM_1WORD
worthy	O
of	O
my	O
blood	O

rt	O
@vxard__	O
:	O
tbt	O
to	O
when	O
i	O
cheered	O
at	O
that	O
one	O
game	O
vs	O
juarez	O
fse	O

rt	O
@sharontanalia	O
:	O
lmao	O
y'all	O
niggas	NORM_1WORD
are	O
quick	O
af	NORM_2WORD
http://t.co/exy9h3pdb7	O

rt	O
@mr_zufayrian	O
:	O
"	O
that	O
moment	O
when	O
you	O
wanna	NORM_2WORD
to	O
type	O
hahaha	O
but	O
you	O
type	O
"	O
haahaha	O
"	O
or	O
"	O
hahagaha	O
"	O
.	O
erm	O
lantak	O
la	O
"	O

rt	O
@cum_n_mybooty	O
:	O
keep	O
the	O
jokes	O
coming	O
i'm	O
retweeting	O
the	O
funny	O
ones	O
lol	O

i	O
liked	O
a	O
@youtube	O
video	O
from	O
@discipletk	O
http://t.co/ribiisuqhn	O
#faze	O
5	O
top	O
100	O
results	O
v	O
log	O
disciple	O
tk	O

somewhere	O
theres	NORM_1WORD
a	O
chick	O
that	O
has	O
had	O
several	O
niggas	NORM_1WORD
kids	O
on	O
her	O
and	O
received	O
no	O
towel	O
...	O

ive	NORM_1WORD
been	O
listening	O
to	O
alot	NORM_2WORD
of	O
music	O
lately	O
and	O
it	O
has	O
felt	O
amazing	O

ankit	O
has	O
voted	O
for	O
"	O
tollyimages	O
:	O
amritha	O
rao	O
hot	O
p	O
...	O
"	O
on	O
the	O
poll	O
hot	O
amrita	O
rao	O
http://t.co/1af41kvxaj	O
http://t.co/rodap5be4f	O

rt	O
@drauhlicious_	O
:	O
pizza	O
treat	O
from	O
mdm	NORM_1WORD
lim	O
jn	O
muahaha	O

weaver	O
has	O
more	O
blocks	O
than	O
lundquist	O
has	O
saves	O
.	O
ha	O
!	O
love	O
rds	O
.	O

brooke	O
favoriting	O
that	O
tweet	O
,	O
go	O
listen	O
to	O
the	O
song	O
needy	O
bitch-	O
team	O
eastside	O
@bforest13	O

rt	O
@strawz5	O
:	O
late	O
invite	O
"	O
@davidoghe	O
:	O
chillaxing	O
at	O
iya-oke's	O
place	O
,	O
abeokuta	O
street	O
,	O
ogba	O
!!!	O
free	O
to	O
join	O
me	O
and	O
my	O
niggas	NORM_1WORD
.	O
"	O

lance	O
stephenson	O
looks	O
like	O
a	O
generic	O
city	O
nigga	NORM_1WORD
lol	O

rt	O
@tellmewhyra	O
:	O
niners	O
signed	O
kevin	O
greene	O
,	O
thats	NORM_1WORD
dope	O
#irishpride	O

@ms_carapernelia	O
haha	O
!	O
pretty	O
good	O
bitch	O
!	O
missyou	NORM_2WORD
!	O
:	O
*	O

got	O
a	O
kick	O
out	O
of	O
seeing	O
the	O
lovely	O
rwby	O
cosplays	O
at	O
the	O
start	O
of	O
#herosofcosplay	O
woot	O
woot	O
.	O

#boholiday	O
is	O
over	O
(@	O
ninoy	O
aquino	O
international	O
airport	O
(	O
mnl	O
)	O
terminal	O
2	O
w/	O
15	O
others	O
)	O
http://t.co/bdnnn1nnxe	O

rt	O
@sheracassiopeia	O
:	O
[	O
hq	O
]	O
140526	O
yunho	O
off	O
to	O
japan	O
~	O
smile	O
flower	O
boy	O
^^	O
f	O
:	O
kiyo	O
http://t.co/cgbmp3p9ro	O

@lysythelush	O
tht	NORM_1WORD
may	O
be	O
true	O
but	O
for	O
now	O
it'll	O
have	O
to	O
wrk	NORM_1WORD
bc	NORM_1WORD
thts	NORM_1WORD
the	O
only	O
music	O
i	O
have	O
lmfao	O

@nawgisa	O
lol	O
i	O
favorited	O
too	O
soon	O
...	O
i	O
don't	O
see	O
one	O
either	O

bored	O
chilln	NORM_1WORD
trying	O
to	O
find	O
some	O
to	O
do	O
havnt	NORM_1WORD
been	O
on	O
twitter	O
in	O
forever	O
lol	O

rt	O
@racistjuan	O
:	O
puerto	O
rican	O
pussy	O
be	O
like	O
come	O
home	O
late	O
again	O
cabron	O
http://t.co/vqpumddol9	O

rt	O
@passionforzarry	O
:	O
"	O
niall	O
and	O
selena	O
"	O
"	O
zouis	O
smoking	O
"	O
"	O
#payzerisback	O
"	O
e	O
o	O
harry	O
..	O
http://t.co/zsjvzqyvsu	O

11:11	O
i	O
wish	O
kaitlyn	O
didnt	NORM_1WORD
work	O
at	O
hibachi	O
.	O

ngelatih	O
deltras	O
ae	O
rt	O
@goal_id	O
clarence	O
seedorf	O
dipecat	O
hari	O
ini	O
?	O
-	O
http://t.co/vhnmm5tdha	O
|	O
(	O
cont	O
)	O
http://t.co/n9j2v2pd70	O

rt	O
@kokaneofficial	O
:	O
i'll	O
b	NORM_1WORD
in	O
vegas	O
on	O
26	O
&	O
27th	O
of	O
this	O
month	O
shooting	O
a	O
video	O
....	O
halla	O
if	O
u	NORM_1WORD
need	O
dat	NORM_1WORD
kokane	O
feature	O
...	O

thanks	O
every	O
one	O
for	O
following	O
me	O
:)	O
i	O
love	O
you	O
xox	O
please	O
don't	O
unfollow	O
..	O
:	O
*	O

oh	O
buz	O
gibi	O
milkshake	O
(@	O
palmiye	O
cafe	O
w/	O
4	O
others	O
)	O
http://t.co/0xcwc7ixlk	O

imma	NORM_3PLUS
be	O
taking	O
hella	NORM_3PLUS
selfies	O
..	O
that	O
not	O
having	O
your	O
phone	O
on	O
the	O
floor	O
shit	O
is	O
dead	O
..	O

@shaivinamdev19	O
shiavi	O
i	O
m	NORM_1WORD
extremely	O
sorrrrrrrrrrrrry	NORM_1WORD
yr	NORM_1WORD
for	O
not	O
talking	O
this	O
time	O
pls	NORM_1WORD
don't	O
be	O
upset	O
with	O
me	O
yr	NORM_1WORD
pls	NORM_1WORD
............	O
:)	O
:)	O
:)	O
:)	O

@_eddricka	O
wat	NORM_1WORD
u	NORM_1WORD
know	O
bout	NORM_1WORD
that	O
lol	O

rt	O
@sheswantsthed	O
:	O
manny	O
pacquiao	O
is	O
real	O
af	O
for	O
this	O
http://t.co/xwvuocohmz	O

@niallofficial	O
please	O
niall	O
can	O
i	O
have	O
one	O
of	O
your	O
team	O
niall	O
jacket	O
please	O
.	O
im	NORM_1WORD
really	O
cold	O
haha	O
.	O
follow	O
me	O
if	O
yes	O
please	O
.	O
im	NORM_1WORD
begging	O
you	O

@swegen31	O
@smoltrestaurant	O
@flavoursspain	O
scotty	O
heffernan	O
-	O
the	O
ugliest	O
paella	O
god	O
in	O
hobart	O
.	O

rt	O
@ireasonstosmile	O
:	O
thatsojack's	O
selfie	O
with	O
lana	O
del	O
rey	O
.	O
http://t.co/btebyq2nhw	O

"	O
@_blaccdiamond_	O
:	O
@_obeyalexis_	O
@runndattshitt	O
yea	NORM_1WORD
lil	NORM_1WORD
africa	O
gone	O
be	O
there	O
"	O
kmsl	O
bitxh	NORM_1WORD
you	O
stupid	O

rt	O
@gunnsara	O
:	O
excellent	O
birthday	O
night	O
out	O
for	O
@vix2582	O
.	O
quare	O
craic	O
had	O
all	O
round	O
!	O
@username	O
tgi	O
friday's	O
belfast	O
http://t.co/xfs5inqmxv	O

@konveqt	O
yo	NORM_1WORD
is	O
dyn	NORM_1WORD
on	O
your	O
freinds	NORM_1WORD
list	O

@capitalxtra	O
nicki	O
minaj	O
-	O
pills	O
n	NORM_1WORD
potions	O

rt	O
@ashleejgarcia	O
:	O
mc	O
smally	O
yeah	O
thats	NORM_1WORD
my	O
name	O
gotta	O
go	O
with	O
the	O
flow	O
gotta	O
play	O
the	O
game	O
.	O

@whereivewalked	O
hehe	O
and	O
we've	O
officially	O
learnt	NORM_1WORD
that	O
the	O
widest	O
part	O
of	O
your	O
body	O
is	O
your	O
boobs	O
;)	O

sally	O
doesn't	O
realized	O
his	O
avi	O
is	O
making	O
him	O
as	O
chode	O
chomper	O

rt	O
@lp94kaeun	O
:	O
@lj87yeon	O
e	O
a	O
senhora	O
?	O
mas	O
olha	O
q	O
linda	O
http://t.co/qyioyg0ssd	O

queens	O
of	O
bukkake	O
-	O
rio	O
hamasaki	O
watch@	O
http://t.co/tnylpkigus	O
cams@	O
http://t.co/e51ovwbacw	O
#adult	O
http://t.co/qf294xo10k	O

stop	O
it	O
...	O
the	O
spurs	O
aint	NORM_1WORD
gon	NORM_1WORD
win	O
it	O
#js	O

adore	O
you	O
(	O
remix	O
)	O
-	O
miley	O
cyrus	O
&	O
cedric	O
gervais	O

@bensantosss	O
we	O
never	O
really	O
did	O
become	O
teammates	O
during	O
sep	NORM_1WORD
didnt	NORM_1WORD
we	O
hahaha	O

@12nageen	O
han	O
shyad	O
khar	O
sb	O
chezy	O
adds	O
as	O
an	O
experiance	O
khar	O

idk	O
but	O
i	O
can't	O
go	O
a	O
day	O
without	O
tumblr	O
and	O
i'm	O
starting	O
to	O
get	O
worried	O

im	NORM_1WORD
promoting	O
@dna_gtfoh	O
vs	O
@molotovmyers	O
@smackthyswhite	O
thys	NORM_1WORD
a	O
battle	O
...	O
u	NORM_1WORD
cant	NORM_1WORD
go	O
wrong	O
with	O
that	O
...	O
just	O
have	O
the	O
money	O
ryte	NORM_1WORD

congrats	NORM_1WORD
to	O
atletico	O
madrid	O
(	O
y	O
)	O

was	O
up	O
w/	O
these	O
bitvhes	NORM_1WORD
apologizing	O
?	O
bitvh	NORM_1WORD
no	O
!	O

rt	O
@nanojefe	O
:	O
@mcdonalds	O
dont	NORM_1WORD
even	O
try	O
no	O
more	O
bruh	NORM_1WORD
http://t.co/nklk80nwd0	O

apple	O
prepares	O
'	O
one	O
phone	O
to	O
rule	O
the	O
home	O
'	O
http://t.co/spthlqr6wo	O
vis	O
@ft	O
(	O
paywall	O
)	O

@adams012	O
i	O
want	O
the	O
black	O
one	O
...	O
seeing	O
as	O
it's	O
my	O
favourite	NORM_1WORD
colour	NORM_1WORD

rt	O
@tahazafar	O
:	O
@lamebanda	O
@_awesomemuch_	O
@thatobserver	O
*	O
sharmas	O
*	O
*	O
daant	O
mae	O
shirt	O
dabas	O
*	O
..	O
okay	O
janu	O
:	O
$	O

@yep_itsyana	O
lol	O
chill	O
outttttt	NORM_1WORD
lol	O
!	O
ok	O
okay	O
!	O
i	O
won't	O
say	O
you	O
lead	O
me	O
to	O
the	O
freezer	O
!	O

#iwishihad	O
steve	O
martin	O
and	O
the	O
steep	O
canyon	O
rangers	O
featuring	O
edie	O
brickell	O
live	O
[	O
cd+dvd	O
]	O
http://t.co/76rarahoey	O
#followback	O

@lce_gangz	O
herro	O
,	O
apink's	O
happy	O
virus	O
here	O
o	O
u	NORM_1WORD
o	NORM_1WORD
nice	O
to	O
meet	O
you	O
/smiles	O
;	O
bows	O
.	O

now	O
playing	O
sukhwinder	O
singh	O
-	O
chaiyya	O
chaiyya	O
live	O
sukhwinder	O
singh	O
in	O
concert	O
#sukhwindersingh	O
.	O
http://t.co/f5hydhcqbr	O

@hidayaheljuffry	O
hahaha	O
..	O
rugi2	O
..	O
stress	O
ak	O
tgk	O
game	O
tu	O
..	O
:d	O

amfufu	O
..	O
jealous	O
ako	O
kc	O
wala	O
akong	O
ticket	O
.	O
t.t	O

rt	O
@chiefkeef	O
:	O
niggas	NORM_1WORD
to	O
old	O
......	O
i	O
swear	O
these	O
niggas	NORM_1WORD
to	O
grown	O
!	O

like	O
if	O
you	O
want	O
to	O
kik	O
me	O
:)	O
message	O
me	O
your	O
kik	O
usernames	O
or	O
put	O
it	O
in	O
the	O
comment	O
...	O
:	O
http://t.co/m5zdwp5mon	O

xo	O
fam	O
as	O
in	O
the	O
people	O
in	O
the	O
fanbase	O
i	O
fuck	O
with	O

@xheartmelodies	O
omg	O
thats	NORM_1WORD
pretty	O
hard	O
.	O
it	O
involves	O
a	O
lot	O
of	O
math	O
?	O
hahaha	O

rt	O
@kardashianreact	O
:	O
when	O
u	NORM_1WORD
see	O
bae	O
being	O
a	O
little	O
too	O
friendly	O
with	O
someone	O
else	O
http://t.co/f04ahsfatx	O

@too_established	O
you	O
een	O
add	O
me	O
on	O
kik	O
yet	O

today	O
mumbai	O
suprised	O
everyone	O
..	O
tomorrow	O
namo	O
will	O
suprise	O
everyone	O
..	O
minimum	O
government	O
..	O
maximum	O
governance	O
!	O

he	O
is	O
almost	O
thwre	NORM_1WORD
and	O
im	NORM_1WORD
cruing	O
#shawnto1mil	O
omg	O

@jenalive_tho	O
haha	O
always	O
.	O
just	O
hit	O
5000	O
posts	O
haha	O

n	NORM_1WORD
i'm	O
shittin	NORM_1WORD
on	O
u	NORM_1WORD
niggas	NORM_1WORD
lyke	NORM_1WORD
a	O
portable	O
potty	O

@dilipkpandey	O
@arvindkejriwal	O
next	O
time	O
try	O
to	O
fight	O
the	O
elction	O
with	O
winning	O
spirite	NORM_1WORD
not	O
with	O
spirite	NORM_1WORD
to	O
defeat	O
others	O
.	O

so	O
ima	NORM_3PLUS
cum	NORM_1WORD
n	NORM_1WORD
put	O
it	O
down	O

@page_eater	O
ahahaha	O
ive	NORM_1WORD
never	O
heard	O
that	O
before	O
lol	O

@molliejo97	O
aw	O
armo	O
youre	NORM_1WORD
lush	O
,	O
dont	NORM_1WORD
let	O
him	O
get	O
to	O
you	O
xx	O

"	O
dont	NORM_1WORD
get	O
raped	O
"	O
instead	O
of	O
"	O
dont	NORM_1WORD
rape	O
"	O
=	O
rape	O
is	O
normal	O
,	O
men	O
arent	NORM_1WORD
crazy	O
,	O
just	O
rapists	O
.	O
this	O
is	O
wrong	O
.	O
#destroythepatriarchy	O
#yesallwomen	O

rt	O
@sandidsn	O
:	O
follow	O
dia	O
-->	O
@nikensoniq67	O
follback	NORM_2WORD
?	O
mention	O
,	O
mumpung	O
on	O
.	O
5	O

@_mariahruiz	O
@marikate_bryan	O
i	O
was	O
so	O
stoked	O
that	O
i	O
told	O
her	O
to	O
do	O
it	O
again	O
w	NORM_1WORD
a	O
diffffff	NORM_1WORD
one	O
lololol	O

@fatmabeliebers2	O
ok	O
,	O
u	NORM_1WORD
fisrt	NORM_1WORD
on	O
@brookstxne	O
please	O

marwan	O
asmar	O
writes	O
the	O
road	O
ahead	O
looks	O
intractable	O
for	O
#libya	O
:	O
http://t.co/d27xalsqdn	O

@r_lupins	O
also	O
i	O
love	O
how	O
ruffalo	O
immediately	O
tells	O
bomer	O
that	O
he's	O
cute	O
,	O
speaking	O
for	O
basically	O
the	O
entire	O
world	O

@triplesguate	O
we	O
will	O
trend	O
#happyhyunjoongday	O
on	O
june	O
6	O
,	O
12	O
am	O
kst	O
and	O
#9thyearswithss501	O
on	O
june	O
8	O
,	O
12	O
am	O
kst	O
.	O
pls	NORM_1WORD
help	O
me	O
share	O

#centos	O
video	O
~	O
tutorial	O
9	O
installing	O
and	O
configure	O
kvm	O
centos	O
linux	O
#800dayswithbap	O
#education	O
#increaseyoutube	O
http://t.co/e6rkudlo8i	O

@austinmahone	O
is	O
it	O
pathetic	O
that	O
i	O
had	O
a	O
dream	O
that	O
you	O
were	O
slippin	NORM_1WORD
in	O
my	O
dms	NORM_2WORD
and	O
i	O
woke	O
up	O
and	O
checked	O
my	O
dms	NORM_2WORD

waow	NORM_1WORD
i	O
finally	O
got	O
my	O
to	O
see	O
my	O
sat	O
scores	O
lol	O

zac	O
efron	O
is	O
hot	O
but	O
justin	O
is	O
way	O
hotter	O
or	O
?	O

kuya	O
yanny	O
nice	O
meeting	O
you	O
!	O
hugs	O
and	O
gigil	O
for	O
you	O
!	O
:o	O
please	O
don't	O
go	O
.	O
love	O
baby	O
bugoy	O
:)	O
http://t.co/8h8nfmumbb	O

real	O
bjp	O
supporters	O
would	O
be	O
delighted	O
:	O
https://t.co/k06cqv8mqc	O
shourie	O
ji	O
putting	O
@swapan55	O
in	O
his	O
place	O
.	O
@sarkar_swati	O
@sandeepweb	O

rt	O
@aliahsaufi	O
:	O
wah	O
wah	O
seems	O
like	O
there	O
is	O
a	O
bitch	O
is	O
being	O
a	O
bitch	O

@emmalio149	O
haha	O
your	O
latest	O
tweet	O
came	O
up	O
in	O
my	O
thingy	O
(	O
newsfeed	O
?	O
)	O
and	O
i	O
thought	O
id	O
stalk	O
your	O
profile	O
a	O
little	O
haha	O
:d	O

rt	O
@imdanielpadilla	O
:	O
sed	O
!!	O
kapatid	O
!!	O
happy	O
birthday	O
!!	O

rt	O
@jwlryminzy	O
:	O
#openfollow	O
for	O
rp	O
ngalong	O
;3	O
jfb	O
yeshh	O
wkwk	O
http://t.co/znbnb7gfwg	O

@zavyah_rou	O
naah	O
im	NORM_1WORD
just	O
idk	O
sorry	O
i	O
meant	O
tell	O
my	O
crush	O
this	O
ahaha	O

the	O
b	O
deven	O
ugly	O
,	O
she	O
just	O
crazy	O
.	O

http://t.co/es6dygzrss	O
#2	O
:	O
mad	O
catz	O
r	O
.	O
a	O
.	O
t	O
.	O
7	O
gaming	O
mouse	O
for	O
pc	O
and	O
mac	O
mad	O
catz	O
r	O
.	O
a	O
.	O
t	O
.	O
7	O
gaming	O
mouse	O
for	O
pc	O
a	O
...	O
http://t.co/ivq5xs7mnu	O

rt	O
@ashton5sos	O
:	O
2	O
million	O
followers	O
wow	O
:)	O
thanks	O
guys	O
,	O
that's	O
freakin	NORM_1WORD
epic	O
!	O
i	O
love	O
ya	NORM_1WORD
x	O

rt	O
@sebyul	O
:	O
<	O
haru	O
hana	O
>	O
q	O
:	O
something	O
you	O
can't	O
do	O
despite	O
being	O
the	O
golden	O
maknae	O
?	O
jeongguk	O
:	O
i	O
can't	O
talk	O
.	O
and	O
studying	O
(	O
laughs	O
)	O

talor	NORM_1WORD
likes	O
crossing	O
her	O
eyes	O
..	O
yeah	O
we	O
related	O
but	O
imma	NORM_3PLUS
tell	O
her	O
she	O
adopted	O
anyway	O
.	O

rt	O
@byunbakehyun	O
:	O
ken	O
and	O
d.o.	O
the	O
skinship	O
lol	O
http://t.co/mvgpawvh8c	O

rt	O
@memecomik	O
:	O
selamat	O
pagi	O
..	O
congrats	NORM_1WORD
real	O
madrid	O

my	O
mom	O
hates	O
when	O
i	O
wear	O
my	O
"	O
el	O
diablo	O
"	O
t	O
shirt	O
.	O
sorry	O
!	O

rt	O
@starz_savage	O
:	O
one	O
thing	O
i	O
hate	O
is	O
a	O
mf	NORM_2WORD
that	O
fuck	O
wit	NORM_1WORD
ayebody	NORM_1WORD
cool	O
ayebody	NORM_1WORD
.	O
i	O
got	O
more	O
enemies	O
then	O
friends	O
i	O
cant	NORM_1WORD
stand	O
niggas	NORM_1WORD
!	O

@arsenal	O
his	O
screamer	O
against	O
tottenham	O
at	O
whl	O
#banger	O

he's	O
not	O
holdin	NORM_1WORD
you	O
down	O
,	O
he's	O
holdin	NORM_1WORD
you	O
back	O
right	O
now	O

t	O
mobile	O
girl	O
joke	O
in	O
arrow	O
made	O
me	O
laugh	O
and	O
hwhat	O
not	O

ahh	O
i	O
miss	O
you	O
pa	O
,	O
ma	O
,	O
ate	O
and	O
kuya	O
:(	O

had	O
to	O
stunt	O
right	O
quick	O
cause	NORM_1WORD
shon	O
hasn't	O
been	O
nice	O
to	O
anyone	O
since	O
she's	O
been	O
preggo	NORM_1WORD
.	O

@phelpsdani	O
lol	O
i	O
had	O
a	O
eerie	O
feeling	O
this	O
was	O
u	NORM_1WORD
http://t.co/ohgr7g2o3m	O

rt	O
@umaii__	O
:	O
tweet	O
off	O
sakit	O
hati	O
bye	O

rt	O
@conflictives	O
:	O
preorder	O
lana	O
del	O
rey's	O
new	O
album	O
'	O
ultraviolence	NORM_2WORD
'	O
here	O
:	O
https://t.co/urgddm4ytj	O
http://t.co/iz1nc0gids	O

@tindency	O
syempre	O
in	O
the	O
right	O
age	O
hahaha	O

god	O
didn't	O
sleep	O
oh	O
.	O
god	O
saw	O
everything	O
wat	NORM_1WORD
u	NORM_1WORD
did	O
to	O
me	O
.	O
just	O
wait	O
and	O
see	O
.	O
sooner	O
or	O
later	O
ko	O
kna	O
blik	O
jga	O
tu	O
.	O
wat	NORM_1WORD
goes	O
around	O
comes	O
around	O

rt	O
@beasiswaindo	O
:	O
rt	O
@usa_scholarship	O
:	O
http://t.co/gy8rlugyjb	O
beasiswa	O
amerika	O
di	O
american	O
college	O
of	O
surgeons	O
,	O
mau	O
?	O
:)	O
~	O
0527	O

ongc	O
spuds	O
maiden	O
palar	O
probe	O
http://t.co/lsj51csepq	O

that	O
conyo	O
convo	NORM_1WORD
during	O
pe	O
class	O

omg	O
im	NORM_1WORD
mean	O
.	O
i	O
laughed	O
at	O
a	O
holocaust	O
joke	O

rt	O
@realpauljr	O
:	O
don't	O
text	O
me	O
this	O
:	O
1	O
.	O
yeah	O
2	O
.	O
oh	O
3	O
.	O
yup	O
4	O
.	O
lol	O
5	O
.	O
haha	O
6	O
.	O
k	O
7	O
.	O
nope	O
8	O
.	O
chillin	NORM_1WORD
9	O
.	O
naw	NORM_1WORD
10	O
.	O
send	O
me	O
a	O
pic	NORM_1WORD

permissible	O
joomla	O
monogenesis	O
services	O
ex	O
samiflabs	O
:	O
iym	O

rt	O
@bethanyyy____	O
:	O
just	O
cant	NORM_1WORD
wait	O
to	O
be	O
layin	NORM_1WORD
on	O
the	O
beach	O
with	O
my	O
bffs	O

rt	O
@lmafo_kmsl	O
:	O
nighas	NORM_1WORD
be	O
famous	O
on	O
social	O
networks	O
,	O
but	O
be	O
straight	O
up	O
fuck	O
nighas	NORM_1WORD
in	O
real	O
life	O

@syukporkpork	O
@dominictann	O
come	O
on	O
dom	O
we	O
botak	O
brothers	O
since	O
sec	O
1	O
haha	O

rt	O
@paign_allbitchz	O
:	O
people	O
in	O
stc	O
cannot	O
drive	O
to	O
save	O
their	O
fckn	NORM_1WORD
lives	O
i	O
swear	O

rt	O
@bodyrockwithjb	O
:	O
justin	O
and	O
gigi	O
hadid	O
with	O
friends	O
!	O
http://t.co/j6ptl4iszx	O

like	O
who	O
tf	NORM_2WORD
am	O
i	O
anyway	O
?	O
lol	O

family	O
fed	O
,	O
pj	O
on	O
wine	O
wil	NORM_1WORD
be	O
flowing	O

rt	O
@siwon407	O
:	O
see	O
you	O
in	O
busan	O
.	O
lol	O
http://t.co/jyhtyr1mvf	O

rt	O
@ajames____	O
:	O
@snowflakewins	O
sameee	NORM_1WORD
heree	NORM_1WORD
!!	O
nigga	NORM_1WORD
she	O
made	O
it	O
*	O
drake	O
voice	O
*	O

rt	O
@xiaxianna	O
:	O
wimmer	O
palker	O
mcfadden	O
foos	O
jhaud	O
transfer	O
from	O
heat	O
3	O

@justiiiiiz	O
oh	O
,	O
you're	O
from	O
the	O
philippines	O
pala	O
:)	O
marikina	O
:)	O

send	O
me	O
your	O
snapchat	O
usernames	O
!	O

jeesh	O
miley	O
went	O
on	O
an	O
insta	O
benge	O
today	O
#butiloveyou	O

had	O
a	O
great	O
day	O
with	O
my	O
tay	O
tay	O
@tayashhhh	O
http://t.co/s2mzao2amy	O

#job	O
#omaha	O
receptionist	O
florence	O
clinic	O
ft	O
:	O
omaha	O
alegent	O
creighton	O
health	O
is	O
the	O
largest	O
not-for-profit	O
,	O
fai	O
...	O
http://t.co/2mehl04rr8	O

rt	O
@over_dyose	O
:	O
jongin	O
jumped	O
over	O
baek's	O
back	O
!	O
and	O
tao	O
hugged	O
kyungsoo's	O
leg	O
when	O
chanyeol	O
lifted	O
him	O
up	O

rt	O
@zarrylubetube	O
:	O
moment	O
uan	O
to	O
wwa	O
[	O
wipes	O
tears	O
]	O
[	O
cries	O
even	O
more	O
]	O
why	O
http://t.co/4xxfs27q1c	O

rt	O
@skylinsun	O
:	O
ptdr	O
jassume	O
plus	O
ce	O
fandom	O
de	O
malades	O
#lrt	O

mayweather	O
told	O
ti	O
to	O
control	O
his	O
bitch	O
.	O
tiny	O
must	O
be	O
out	O
here	O
hoein	NORM_1WORD
around	O
.	O

cpr	O
,	O
aed	O
,	O
first	O
aid	O
and	O
epi	O
pen	O
certified	O
tonight	O
,	O
i'm	O
ready	O
to	O
save	O
lives	O
!	O

@gracebaecher	O
ill	NORM_1WORD
never	O
understand	O
why	O
any	O
amount	O
of	O
sugar	O
will	O
make	O
u	NORM_1WORD
bouncing	O
off	O
the	O
walls	O
lmao	O

rt	O
@littleprevey	O
:	O
"	O
that's	O
a	O
ford	O
dumbass	NORM_2WORD
"	O
(	O
coach	O
d	O
)	O
@samzzinaro	O
@charleswolff	O
@joelseeram	O
@natemorin23	O
@mahoganythunder	O

rt	O
@demisbride	O
:	O
demi	O
you	O
better	O
announce	O
some	O
good	O
stuff	O
tonight	O
for	O
your	O
lovatics	O
all	O
around	O
the	O
world	O
@ddlovato	O

rt	O
@britneedell	O
:	O
i	O
can	O
finally	O
be	O
retweeted	O
n	NORM_1WORD
shit	O
.	O

rt	O
@babyelrlck	O
:	O
update	O
:	O
tomorrow	O
daniel	O
and	O
kath	O
will	O
have	O
their	O
photoshoot	O
for	O
star	O
magic	O
catalogue	NORM_1WORD
!	O
:)	O

rt	O
@shhhh_jesstweet	O
:	O
"	O
@lilsouljaaebk	O
:	O
im	NORM_1WORD
finna	NORM_2WORD
get	O
on	O
some	O
real	O
cold	O
hearted	O
shxt	NORM_1WORD
..	O
"	O

rt	O
@exocastle	O
:	O
[	O
preview	O
]	O
140524	O
sehun	O
,	O
suho	O
today	O
|cr	O
:	O
bob_suho	O
http://t.co/7l9m5x7na6	O

fuks	NORM_1WORD
wit	NORM_1WORD
da	NORM_1WORD
kidd	NORM_1WORD
i'm	O
bored	O
as	O
fuk	NORM_1WORD
!!!!	O
http://t.co/xmeq7p98mt	O

dont	NORM_1WORD
expect	O
your	O
relationship	O
to	O
go	O
far	O
if	O
you	O
dont	NORM_1WORD
let	O
your	O
guard	O
down	O

@imalexholtti	O
sound	O
like	O
a	O
twitter	O
12	O
year	O
old	O
sorry	O
im	NORM_1WORD
acttually	NORM_1WORD
17	O
xxx	O
xx	O

rt	O
@_1dslovakia	O
:	O
#new	O
|	O
niall	O
on	O
stage	O
at	O
croke	O
park	O
,	O
dublin	O
-	O
24.05.2014	O
(	O
30	O
)	O
http://t.co/ejy8zdiui8	O

rt	O
@1dupdatespolish	O
:	O
4	O
||	O
harry	O
i	O
niall	O
na	O
stadionie	O
w	O
leicester	O
-	O
26.05.2014	O
http://t.co/h5795al2og	O

there's	O
this	O
lady	O
always	O
going	O
around	O
asking	O
ppl	NORM_1WORD
for	O
$2	O
at	O
wdlands	NORM_1WORD
inter	O
tf	NORM_2WORD

nobody	O
dont	NORM_1WORD
wanna	NORM_2WORD
kik	O
i	O
made	O
dis	NORM_1WORD
shit	O
for	O
nothing	O

@hydranencephaly	O
pls	NORM_1WORD
help	O
support	O
baby	O
hannah	O
as	O
she	O
battles	O
a	O
rare	O
deadly	O
disease	O
c	O
.	O
a	O
.	O
h/2	O
others	O
http://t.co/kvlocjqcdi	O
pls	NORM_1WORD
read/give/rt	O

rt	O
@_axe1torres	O
:	O
ibalik	O
si	O
axel	O
sa	O
pbb	O
house	O

coolin	NORM_1WORD
with	O
my	O
#legend	O
@jgentyaboi	O
slight	O
turn	O
up	O
lol	O
http://t.co/naxy1hq0mu	O

@themazecure	O
lindsay	O
?	O
a	O
youtuber	O
or	O
something	O
idk	O
what	O
she	O
actually	O
does	O

rt	O
@michaeltrevinoh	O
:	O
jen	O
making	O
fun	O
of	O
forwood	O
.......	O
she	O
should	O
be	O
minding	O
her	O
klaroweak	O
thing	O

rt	O
@amandaovoxo	O
:	O
im	NORM_1WORD
good	O
with	O
my	O
tongue	O
bae	O

$tlw	O
-	O
tullow	O
oil	O
plc	NORM_1WORD
well	O
update	O
-	O
norway	O
http://t.co/u72nfexpbg	O

well	O
im	NORM_1WORD
worried	O
for	O
u	NORM_1WORD

@daniaescobarr	O
ew	O
ew	O
ew	O
he	O
started	O
singing	O
thrift	O
shop	O

bottles	O
in	O
the	O
airrr	NORM_1WORD
livin	NORM_1WORD
without	O
a	O
care	O
.	O

rt	O
@sergioramos	O
:	O
long	O
live	O
camas	O
,	O
sevilla	O
,	O
andalucia	O
and	O
spain	O
..!!	O
hala	O
madrid	O
friends	O
..	O
see	O
you	O
in	O
cibeles	O
..!!	O
http://t.co/ogtgwtkopv	O

i	O
need	O
a	O
new	O
number	O
shouldn't	O
have	O
gave	O
this	O
one	O
out	O
to	O
dumbass	O
ppl	NORM_1WORD

rt	O
@jowyang	O
:	O
this	O
hoodie	O
is	O
wildly	O
popular	O
,	O
zuck	O
style	O
http://t.co/2ekzgmvaku	O

nice	O
arange	O
in	O
la	O
finca	O
dinning	O
table	O
that	O
wooden	O
material	O
of	O
furnitures	O
make	O
beauty	O
view	O
of	O
object	O
http://t.co/hae7lgckvl	O

chayse	O
enjoying	O
his	O
black	O
tongue	O
wizz	O
fizz	O
http://t.co/m8mbcxksxs	O

imma	NORM_3PLUS
go	O
hard	O
,	O
imma	NORM_3PLUS
go	O
harder	O
...	O
i	O
dun	NORM_1WORD
came	O
down	O
and	O
had	O
a	O
lil	NORM_1WORD
daughter	O
.	O

niggas	NORM_1WORD
are	O
too	O
quick	O
to	O
judge	O
,	O
they	O
expect	O
us	O
to	O
be	O
loyal	O
while	O
they're	O
not	O
*	O
smh	O
*	O

molaa	O
!!	O
he	O
visto	O
las	O
conversaciones	O
de	O
whatsapp	O
de	O
mi	O
amigo	O
con	O
esta	O
app	O
http://t.co/f3sp3ooqe1	O

drivin	NORM_1WORD
around	O
,	O
who	O
am	O
i	O
pickin	NORM_1WORD
upp	NORM_1WORD
?	O

haydn	O
:	O
symphony	O
#82	O
in	O
c	O
,	O
h	O
1/82	O
,	O
"	O
the	O
bear	O
"	O
-	O
neville	O
marriner	O
:	O
academy	O
of	O
st.	O
martin	O
in	O
the	O
fields	O

rt	O
@electricnp	O
:	O
#nowplaying	O
i	O
luh	O
ya	O
papi	O
(	O
muzzaik	O
radio	O
mix	O
)	O
by	O
jennifer	O
lopez	O
on	O
http://t.co/1pgwe76sus	O
#dancepowerstation	O

like	O
meat	O
said	O
...	O
my	O
main	O
squad	O
is	O
mixed	O
with	O
dlineman	O
,	O
oline	O
men	O
and	O
wrs	O

no	O
kids	O
,	O
no	O
cussin	NORM_1WORD
'	O
mama	O
,	O
juss	NORM_1WORD
a	O
silent	O
house	O
>>>>	O

@miketeta6	O
kings	O
gna	O
take	O
it	O
fuck	O
tha	NORM_1WORD
overrated	O
goalie	O
n	NORM_1WORD
the	O
rangers	O

jongin	O
,	O
let	O
me	O
keep	O
u	NORM_1WORD
in	O
my	O
pocket	O
hueee	O
;	O
w	O
;	O
http://t.co/hy1njydvd9	O

rt	O
@__imstillboss	O
:	O
love	O
dont	NORM_1WORD
mean	O
a	O
thing	O
if	O
you	O
arent	NORM_1WORD
loyal	O
.	O

rt	O
@friendlyassh0le	O
:	O
niggas	NORM_1WORD
be	O
like	O
"	O
i	O
dont	NORM_1WORD
give	O
a	O
fuck	O
about	O
her	O
anymore	O
"	O
http://t.co/1x9clviske	O

@fuccmybbymommas	O
@filthy_b	O
hope	O
you	O
ain't	O
funny	O
thas	NORM_1WORD
y	NORM_1WORD

#getusedtogreat	O
@takealot	O
holding	O
thumbs	O
!	O
6	O
asus	O
x	O
series	O
x552cl-sx018h	O
notebook	O
http://t.co/a8dihat9gv	O

@quickcashq	O
lol	O
shit	O
dubb	O
fresh	O
home	O
we	O
building	O
.	O
you	O
up	O
too	O
tomorrow	O
?	O

slikaj	O
se	O
sa	O
cigaretom	O
u	NORM_1WORD
ustima	O
i	O
stavi	O
u	NORM_1WORD
opis	O
'	O
and	O
suddenly	O
i	O
felt	O
nothing	O
'	O

@acidicpunks	O
plus	O
yan	O
diba	O
its	O
so	O
beautiful	O
jkasb	O

dance	O
parties	O
with	O
hayley	O
and	O
levi	O
are	O
probs	NORM_1WORD
my	O
fav	NORM_1WORD
thing	O
ever	O
!	O

@peacockpete	O
she	O
looks	O
like	O
jameela	O
jamil	O
off	O
the	O
radio	O
and	O
tv	O
adverts	O
.	O
also	O
,	O
lovely	O
music	O
.	O

rt	O
@planet_exo	O
:	O
[	O
vid	NORM_1WORD
]	O
140525	O
sbs	O
roommate	O
preview	O
with	O
chanyeol	O
:	O
http://t.co/y8jizucokp	O

rt	O
@5sos	O
:	O
naw	NORM_1WORD
hello	O
newcastle	O
:)	O
you	O
guys	O
are	O
so	O
sweet	O
!	O
xo	O

waiting	O
on	O
my	O
lil	NORM_1WORD
homie	O
nem	O
to	O
pull	O
up	O
on	O
me	O

@leem_thedream_	O
yea	NORM_1WORD
i	O
feel	O
you	O
bro	O
ima	NORM_3PLUS
miss	O
you	O
to	O
no	O
homo	NORM_1WORD
lol	O

so	O
now	O
the	O
governor	O
of	O
andhra	O
pradesh	O
gets	O
an	O
additional	O
job	O
as	O
governor	O
of	O
telangana	O
.	O
#multitasking	O

@balotmalaysia	O
nyanyi	O
let	O
fly	O
with	O
balot	O

@khalilbrown_	O
shit	O
rockin	NORM_1WORD
.	O
go	O
head	O
show	O
that	O
to	O
bria	O
.	O

dont	NORM_1WORD
every	NORM_1WORD
disrespect	O
yo	NORM_1WORD
nigga	NORM_1WORD
,	O
when	O
you	O
do	O
that	O
shit	O
you	O
a	O
really	O
his	O
bitch	O

balotelli	O
:	O
"	O
i'm	O
more	O
mature	O
than	O
my	O
age	O
"	O
xd	O

chica	O
you	O
shine	O
so	O
bright	O
!	O
@ozi_louise	O
xo	O
@infinite_chasm	O
@bonnie_hake	O
@intoxicatedwith	O
@berryclearc	O
@jlyrical118	O
@mussoangela70	O
@berteena	O

rt	O
@limhanjin	O
:	O
japan	O
don't	O
lansi	O
lanyong	O
there	O
ah	O
later	O
gojira	O
fuck	O
you	O
all	O
up	O

@lucysd1	O
have	O
you	O
walked	O
that	O
neighbours	NORM_1WORD
dog	O
yet	O
...	O
#don't	O
forget	O
the	O
pooper	O
scooper	O

flashback	O
selfie	O
that	O
no	O
one	O
will	O
favourite	NORM_1WORD
hella	O
hella	O
punk	O
ma	O
http://t.co/zxejpohwcj	O

rt	O
@exo_fanbase	O
:	O
140523	O
luhan	O
&	O
kai	O
-	O
the	O
lost	O
planet	O
concert	O
(	O
cr	O
:	O
amor	O
)	O
http://t.co/nvqnp9k9ur	O

rt	O
@asassywhale	O
:	O
retweet	O
if	O
u	NORM_1WORD
a	O
lil	NORM_1WORD
ugly	O

5	O
heart-warming	O
songs	O
from	O
pop	O
star	O
mommas	NORM_1WORD
[	O
the	O
playlist	O
]	O
http://t.co/7ma84ujus5	O

rt	O
@kittyyoonah	O
:	O
#openfollow	O
just	O
for	O
rp	O
,	O
yg	O
suka	O
jbjb	O
tweet	O
orang	O
,	O
jan	O
lupa	O
jfb^o^	O

rt	O
@baekhanectar	O
:	O
"	O
mc	O
:	O
why	O
do	O
u	NORM_1WORD
work	O
so	O
hard	O
exo	O
:	O
we	O
need	O
to	O
pay	O
for	O
our	O
dorm	O
rent	O
"	O
sad	O
case	O
haha	O

@miketokes	O
sorry	O
bout	NORM_1WORD
the	O
wait	O
homie	O
but	O
check	O
your	O
dms	NORM_2WORD
when	O
you	O
get	O
the	O
chance	O
!	O

zuccarello	O
shoves	O
gionta	O
into	O
the	O
goalie	O
,	O
that's	O
definitely	O
an	O
interference	O
call	O
.	O

rt	O
@funnypicsdepot	O
:	O
i	O
keep	O
telling	O
u	NORM_1WORD
niggas	NORM_1WORD
...	O
lifting	O
weights	O
don't	O
teach	O
you	O
how	O
to	O
fight	O
.	O
lol	O
https://t.co/l0vhoumrde	O

@stancollymore	O
@talksport	O
come	O
on	O
stan	O
leave	O
@mikeparry8	O
out	O
of	O
this	O
been	O
sticking	O
up	O
for	O
u	NORM_1WORD
all	O
weekend	O
lol	O

rt	O
@eunjicute_	O
:	O
#openfollow	O
for	O
kpopers	O
all	O
fandom	O
help	O
retweet	O
please	O
:)	O

so	O
ima	NORM_3PLUS
keep	O
on	O
drinking	O
cause	NORM_1WORD
i	O
luv	NORM_1WORD
this	O
shit	O

@wrightzaza	O
where	O
the	O
e	O
in	O
wright	O
zaza	O
:p	O

rt	O
@illliiiliillili	O
:	O
@daaysee_	O
@shawtyyouatien	O
@maite_cee	O
bruh	NORM_1WORD
ima	NORM_3PLUS
look	O
like	O
a	O
muffin	O
in	O
that	O
thing	O

that's	O
a	O
new	O
flow	O
for	O
all	O
you	O
putos	NORM_1WORD
,	O
tryna	NORM_2WORD
compare	O
fools	O
gold	O
to	O
acapulco's	O

rt	O
@aritah_	O
:	O
lisa	O
jfc	O
kevin	O
rted	O
you	O
im	NORM_1WORD
just	O
asddhkfhskdblabs	O

holy	O
fu	NORM_1WORD
k	NORM_1WORD
liam	O
scared	O
me	O

rt	O
@noorsswag	O
:	O
can	O
louis	O
film	O
a	O
larry	O
porn	O
video	O
bc	NORM_1WORD
he	O
filmed	O
that	O
high	O
zouis	O
video	O
perfectly	O
byee	NORM_1WORD

@munierahkay	O
dont	NORM_1WORD
burden	O
urself	NORM_1WORD
bcause	NORM_1WORD
of	O
sumone	NORM_1WORD
like	O
me	O

i'm	O
so	O
weak	O
today	O
that	O
i	O
almost	O
start	O
crying	O
when	O
i	O
heard	O
xf	NORM_2WORD
theme	O
song	O
wtf	O

rt	O
@eriealerts	O
:	O
epd	O
to	O
100	O
blk	NORM_1WORD
e	O
30th	O
,	O
twenty	O
people	O
fighting	O
,	O
unknown	O
weapons	O
=	O

rt	O
@artyylo	O
:	O
@rip_vdawg	O
lol	O
hell	O
yeah	O
haha	O

@newschoolss	O
@rdubthree	O
@rjchoppy	O
like	O
u	NORM_1WORD
said	O
before	O
,	O
roy	O
needs	O
to	O
be	O
slapped	O
every	O
so	O
often	O
.	O
omg	O
on	O
the	O
butt	O
cream	O
lmao	O
.	O

nigga	NORM_1WORD
you	O
got	O
tone	O
hellup	O
be	O
grateful	O
rt	O
@ieatibeatrepeat	O
:	O
!	O
rt	O
@take_emtochurch	O
:	O
i	O
want	O
a	O
cool	O
nickname	O
lol	O

they've	O
released	O
yingluck	O
..	O
into	O
unkown	NORM_1WORD
custody	O
.	O

parmesean	O
garlic	O
/	O
louisiana	O
rub	O
ftw	O
!!!	O

"	O
@henakauser	O
:	O
@hinaarh	O
i	O
know	O
right	O
?	O
just	O
so	O
emosh	NORM_1WORD
you	O
see	O
.	O
"	O
so	O
much	O
pyaar	O

rt	O
@queen_uk	O
:	O
text	O
from	O
ed	O
miliband	O
:	O
"	O
can't	O
believe	O
ukip	O
won	O
eurovision	O
.	O
they	O
didn't	O
even	O
have	O
a	O
good	O
song	O
!	O
"	O
not	O
replying	O
.	O

omg	O
cmon	NORM_2WORD
pacers	O
bruh	NORM_1WORD
how	O
the	O
fuck	O
!!	O
you	O
let	O
them	O
get	O
this	O
lead	O

im	NORM_1WORD
feeling	O
soo	NORM_1WORD
fucking	O
down	O
today	O
its	O
not	O
even	O
funny	O

rt	O
@the_dopest00	O
:	O
without	O
ibaka	O
we	O
can't	O
but	O
we	O
damaging	O
these	O
niggas	NORM_1WORD
now	O
.	O
@pimpquis	O
@xdaronx_	O

going	O
to	O
blono	O
next	O
week	O
then	O
come	O
back	O
working	O
full	O
time	O
!	O
mfs	NORM_2WORD
ain't	O
never	O
gonna	NORM_2WORD
see	O
me	O

@apharaohslegacy	O
naw	NORM_1WORD
a	O
nigga	NORM_1WORD
representin	NORM_1WORD
...	O
bangin	O
,	O
set	O
trippin	NORM_1WORD
...	O
it	O
is	O
what	O
it	O
is	O
!!!	O

rt	O
@kamalfadel12	O
:	O
elin	O
danielson	O
gambogi	O
-	O
after	O
breakfast	O
.	O
http://t.co/tchfy3crxn	O

rt	O
@olla_ramelan	O
:	O
desain	O
kamar	O
cewek	O
cakep	O
-	O
new	O
amazing	O
girl	O
teen	O
room	O
ideas	O
http://t.co/7yobt0dxlr	O

why	O
giva	NORM_2WORD
bxtch	NORM_1WORD
an	O
inch	O
wen	NORM_1WORD
she	O
rather	O
have	O
9	O

@angelamalfoy	O
haha	O
sure	O
.	O
ugh	O
,	O
i	O
swear	O
,	O
i'm	O
going	O
to	O
influence	O
you	O
with	O
ouran	O
so	O
we	O
can	O
fangirl	NORM_2WORD
about	O
kyoya	O
haha	O

my	O
twitter	O
user	O
is	O
quite	O
misleading	O
i'm	O
not	O
quite	O
a	O
dyke	O
i'm	O
more	O
like	O
chapstick	O
bordering	O
femme	O
lol	O

i'm	O
dying	O
tatlong	O
araw	O
nalang	O
matatapos	O
na	O
yung	O
giveaway	NORM_2WORD
ni	O
ate	O
ya	O
bookworm	O

rt	O
@itsakbeats	O
:	O
lil	NORM_1WORD
b	NORM_1WORD
had	O
it	O
rougher	O
-	O
slavery	O

ahhh	O
hahahaha	O
.	O
that	O
last	O
retweet	O
had	O
me	O
dead	O
.	O

http://t.co/27i8tqfaz3	O
#6	O
:	O
usmc	O
semper	O
fi	O
marines	O
long	O
sleeve	O
tee	O
in	O
military	O
green	O
usmc	O
semper	O
fi	O
marines	O
lon	O
...	O
http://t.co/jendijbuwd	O

#skupdates	O
[	O
pic	NORM_1WORD
]	O
doro-mavins	O
!	O
donjazzy	O
and	O
korede	O
bello	O
strike	O
a	O
lovely	O
pose	O
http://t.co/boo8pk7dmc	O
sirkenayo_net	O

woman	O
got	O
power	O
in	O
their	O
vote	O
and	O
you	O
asshats	O
diss	NORM_1WORD
them	O
constantly	O
http://t.co/tklvosasi0	O

this	O
tea	O
is	O
so	O
hot	O
and	O
it's	O
warm	O
in	O
my	O
car	O
o	O
well	O
idc	O

16	O
people	O
we	O
hope	O
crash	O
kim	O
kardashian	O
&	O
kanye	O
wests	O
wedding	O
!	O
http://t.co/r8oww2gbup	O

rt	O
@liputan6dotcom	O
:	O
samantha	O
wake	O
kecanduan	O
garuk-garuk	O
,	O
6	O
jam	O
sehari	O
http://t.co/a4xdltjwxb	O
http://t.co/fqup2aj41h	O

fictional	O
characters	O
(	O
that	O
i	O
care	O
about	O
)	O
who	O
might	O
die	O
this	O
year	O
:	O
sebastian	O
jace	O
simon	O
alec	O
magnus	O
percy	O
annabeth	O
nico	O
leo	O

present	O
nk	O
juall	O
productt	O
.	O
agak2	O
dr	O
nk	O
beli	O
x	O
hehe	O

#nfl	O
2013	O
:	O
nfc	O
west	O
team	O
td	O
pass	O
leader	O
:	O
#seahawks	O
r	O
wilson	O
(	O
26	O
)	O
,	O
#cardinals	O
c	O
palmer	O
(	O
24	O
)	O
,	O
#49ers	O
c	O
kaepernick	O
(	O
21	O
)	O
,	O
#rams	O
s	O
bradford	O
(	O
14	O
)	O

other	O
makes	O
:	O
other	O
mp4-12c	O
mclaren	O
12c	O
spider	O
convertible	O
nose	O
lift	O
mp4-12c	O
spyder	NORM_1WORD
2013	O
carbon	O
fiber	O
http://t.co/1kxbswtgbo	O
#car	O
#carparts	O

rt	O
@linadavison	O
:	O
@lalalab_heyna	O
i	O
haven't	O
got	O
instagram	O
,	O
actually	O
lol	O
but	O
,	O
u	NORM_1WORD
know	O
,	O
mark	O
looks	O
perfect	O
with	O
every	O
hair	O
colour	NORM_1WORD
~	O
*	O
w	O
*	O

rt	O
@mentalbreakdawn	O
:	O
taeminho	O
lighstick	O
has	O
arrived	O
^^	O
thanku	NORM_2WORD
@2minshipperindo	O
@tmncy95	O
@minflames	O
http://t.co/h031oliqsv	O

you're	O
all	O
surrounded	O
ep	O
7	O
preview	O
:	O
http://t.co/7sch1qhslv	O
omg	O
seunggi	O
said	O
"	O
isn't	O
smth	NORM_1WORD
u	NORM_1WORD
do	O
when	O
u	NORM_1WORD
like	O
someone	O
"	O
can't	O
wait	O
for	O
this	O
ep	O

sami	O
zayne	O
vs	O
tyler	O
breeze	O
is	O
awesome	O
man	O
nxt	NORM_1WORD
is	O
amazing	O
best	O
wwe	O
show	O

@kb32904	O
ha	O
!	O
labour	NORM_1WORD
v	O
weak	O
round	O
lizard	O
point	O
now	O
you	O
mention	O
it	O

rt	O
@chloeonvine	O
:	O
when	O
ur	NORM_1WORD
imessage	O
isnt	NORM_1WORD
working	O
and	O
you	O
have	O
to	O
send	O
it	O
as	O
a	O
text	O
message	O
http://t.co/10xdfrduwj	O

minuman	O
botol	O
yg	O
tgh	O
itu	O
virgils	O
?	O
rt	O
@omgtrolls	O
:	O
still	O
a	O
badass	NORM_2WORD
http://t.co/l11i1xnjut	O

rt	O
@doongie09	O
:	O
sportseoul	O
:	O
gong	O
hyojin	O
&	O
lee	O
jin	O
wook	O
are	O
dating	O
http://t.co/tq7uokn5uc	O

@swamy39	O
gm	NORM_2WORD
sir	O
,	O
i	O
hope	O
u	NORM_1WORD
become	O
the	O
fm	O
today	O
!	O
jai	O
bharat	O
mata	O
!	O

rt	O
@flyyguyjai	O
:	O
make	O
sure	O
ppl	NORM_1WORD
are	O
who	O
they	O
appear	O
to	O
be	O
before	O
u	NORM_1WORD
decide	O
to	O
fall	O
for	O
em	NORM_1WORD

u	NORM_1WORD
guys	O
can	O
both	O
get	O
the	O
business	O
tbh	O
.	O
@castro_kidd	O
@therealtyla	O

@kingzeyy	O
your	NORM_1WORD
talking	O
shit	O
over	O
xbox	O
but	O
your	O
ugly	O
ass	O
wouldnt	NORM_1WORD
do	O
anything	O
irl	O
.	O
your	NORM_1WORD
a	O
clearout	O
please	O
kys	NORM_2WORD
bitch	O
.	O
now	O
stop	O
@username	O
me	O

in	O
1966	O
:	O
la	O
liga	O
-	O
am	O
cl	O
-	O
rm	O
eurovision	O
-	O
austria	O
relegated	O
-	O
fulham	O
facup	O
-	O
won	O
from	O
2-0	O
down	O
world	O
cup	O
-	O
england	O
@markr97	O
@james_sothcott	O

globe	O
users	O
?	O
dm	NORM_2WORD
me	O
your	O
number	O
txt	NORM_1WORD
txt	NORM_1WORD
tayo	O
?	O
hahahaha	O

i	O
am	O
feeli	NORM_1WORD
better	O
modi	O
government	O
than	O
manmohan	O
gov	NORM_1WORD
.	O

rt	O
@yuraxday	O
:	O
#openfollow	O
for	O
rp	O
,	O
jfb	O
tepatin	O

@danflynn68	O
@washingtonpost	O
this	O
@statedept	O
cant	NORM_1WORD
dare	O
put	O
him	O
on	O
trial	O
as	O
these	O
faggots	O
dont	NORM_1WORD
ve	NORM_1WORD
any	O
evidence	O
against	O
him	O
like	O
obl	O
n	NORM_1WORD
dr.	O
afia	O
.	O

im	NORM_1WORD
a	O
amazed	O
at	O
some	O
of	O
the	O
shyt	NORM_1WORD
that	O
just	O
happen	O
like	O
damn	O
...	O

now	O
playing	O
john	O
p	O
.	O
kee	O
&	O
new	O
life	O
-	O
my	O
worship	O
http://t.co/2yijwcxl2r	O

@halltracy42	O
@mothermission	O
@pr3ttypatt9	O
@lovegoodstories	O
@kiadollymolly	O
yay	O
!!!	O
i	O
know	O
u	NORM_1WORD
can't	O
wait	O
!!	O

these	O
next	O
few	O
lil	NORM_1WORD
weeks	O
i'm	O
finna	NORM_2WORD
go	O
hard	O
fuck	O
it	O
!!	O

i	O
aint	NORM_1WORD
tryna	NORM_2WORD
talk	O
..	O
if	O
it	O
aint	NORM_1WORD
bae	O
it	O
aint	NORM_1WORD
getting	O
my	O
attention	O
tonight	O
.	O

@vivianamall	O
ans	O
.	O
akshay	O
kumar	O
is	O
the	O
producer	O
of	O
movie	O
fugly	O
:d	O
#fuglycastatviviana	O
>>>>	O
8	O

@0hmyf_	O
baby	O
ava	O
game	O
so	O
strong	O
ur	NORM_1WORD
too	O
pretty	O
omg	O
im	NORM_1WORD
crying	O

cassillas	O
stop	O
fuck	O
wid	NORM_1WORD
me	O
goaal	O
ute	O

rt	O
@nfl	O
:	O
icymi	O
:	O
sean	O
lee	O
(	O
acl	O
)	O
expected	O
to	O
miss	O
2014	O
season	O
http://t.co/pf6qmh9f8o	O
http://t.co/op9v6g9i2s	O

cuz	NORM_1WORD
idk	O
when	O
i	O
gonna	NORM_2WORD
get	O
up	O
to	O
do	O
that	O
.	O

im	NORM_1WORD
sorry	O
but	O
i	O
really	O
need	O
to	O
unfollow	O

rt	O
@justice_68	O
:	O
an	O
introduction	O
to	O
node	O
.	O
js	O
and	O
mongodb	O
http://t.co/bme8sugtg1	O
#design	O

"	O
@silenthooper	O
:	O
rare	O
picture	O
of	O
john	O
cena	O
http://t.co/oumbrx7yzc	O
"	O
nigga	NORM_1WORD
please	O

rt	O
@thecelebrityvs	O
:	O
rt	O
for	O
lana	O
del	O
rey	O
fave	O
for	O
lorde	O
http://t.co/mh8ajmy88l	O

nukeproof	O
pulse	O
dh	O
comp	O
-	O
modell	O
2014	O
-	O
uvp	O
3599	O
,	O
-	O
hot	O
deal	O
!!	O
http://t.co/ghdqtcqp1l	O
http://t.co/jhjrz2k4yj	O

@ballouerina	O
thank	O
youuu	NORM_1WORD
i	O
wish	O
the	O
world	O
had	O
more	O
people	O
like	O
you	O
hahah	O
:)	O
(	O
especially	O
my	O
town	O
:)	O

rt	O
@biebersbrows	O
:	O
"	O
justin	O
bieber	O
is	O
gay	O
"	O
"	O
justin	O
bieber	O
is	O
ugly	O
"	O
"	O
justin	O
bieber	O
is	O
a	O
girl	O
"	O
http://t.co/al17v9axvv	O

premier	O
pala	O
ng	O
maybe	O
this	O
time	O
team	O
liro	O
lirobel	O
#dyesebelangkasunduan	O

rt	O
@gunsandcrayons	O
:	O
my	O
pops	O
such	O
a	O
real	O
nigga	NORM_1WORD
breh	O

rt	O
@averydunn_	O
:	O
does	O
k	O
dolla	O
sign	O
want	O
in	O
the	O
gm	O
or	O
nah	O
...?	O

its	NORM_1WORD
raining	O
at	O
my	O
home	O
town	O
arani	O
tamilnadu	O
with	O
heavy	O
winds	O
cc	O
@weatherofindia	O

@niallofficial	O
@benwinston	O
god	O
thats	NORM_1WORD
one	O
of	O
the	O
weirdest	O
things	O
ive	NORM_1WORD
ever	O
said	O
im	NORM_1WORD
so	O
sorry	O

i	O
miss	O
u	NORM_1WORD
my	O
bie	O
!	O
where	O
u	NORM_1WORD
wanna	NORM_2WORD
out	O
wif	NORM_1WORD
me	O
?	O
have	O
a	O
wonderful	O
day	O
like	O
a	O
swan	O
day	O
..	O
haha	O
..	O

most	O
people	O
dont	NORM_1WORD
even	O
know	O
how	O
much	O
brothers	O
i	O
have	O
lol	O

@freddiemagana	O
i	O
txted	NORM_1WORD
u	NORM_1WORD
earlier	O
today	O
foo	O
!	O

@cebulon25	O
its	NORM_1WORD
so	O
cute	O
n	NORM_1WORD
sexy	O
awesome	O
guy	O
,	O
very	O
yummy	O
dick	O
n	NORM_1WORD
damn	O
mantabs	NORM_2WORD
body	O
,	O
i	O
love	O
it	O
.	O

@notebiebers	O
omg	O
same	O
same	O
ohgosh	NORM_2WORD
.	O
elf	O
is	O
my	O
very	O
first	O
fandom	O
:)	O
who's	O
your	O
bias	O
in	O
sj	O
?	O

@shimadamart	O
i	O
am	O
going	O
to	O
punch	O
everything	O
incanrwach	O
j	O
im	NORM_1WORD
crykg	O

yuh	O
body	O
haffi	O
physically	O
fit	O

u	NORM_1WORD
.	O
u	NORM_1WORD
yo	NORM_1WORD
sabia	O

they	O
don't	O
know	O
.	O
"	O
@tekthemaestro	O
:	O
@woah_randy	O
@ashleyrxx3	O
a	O
whole	O
different	O
breed	O
bruh	NORM_1WORD
lol	O
"	O

rt	O
@bbcnickrobinson	O
:	O
send	O
reinforcements	O
.	O
david	O
dimbleby	O
just	O
took	O
one	O
of	O
my	O
freddos	O
.	O

@theamazingcoltz	O
lmao	O
nigga	NORM_1WORD
i	O
got	O
a	O
few	O
baddies	O
for	O
you	O

rt	O
@collaborationla	O
:	O
due	O
to	O
permit	O
issues	O
,	O
colaboration	NORM_1WORD
bfd	O
has	O
been	O
postponed	O
.	O
sorry	O
for	O
the	O
inconvenience	O
.	O

rt	O
@b2bmhyuk	O
:	O
#openfollow	O
for	O
rp/parody	O
,	O
yadong	O
ato	O
kaga	O
terserah	O
.	O
retweet	O
,	O
thanks	O
.	O

we	O
have	O
all	O
heard	O
it	O
#irishwater	O
will	O
be	O
free	O
fund	O
itself	O
from	O
outside	O
investment	O
,	O
privatisation	O
,	O
privatisation	O
.	O
privatisation	O
.	O
#rtept	O

@_nicolebeans	O
haha	O
okay	O
.	O
well	O
,	O
at	O
least	O
i	O
know	O
the	O
other	O
blog	O
you've	O
been	O
dying	O
to	O
hide	O
lol	O

@biebercome2me	O
i	O
see	O
people	O
indirecting	O
eachother	NORM_2WORD
already	O

rt	O
@boss_belle	O
:	O
it	O
takes	O
me	O
20	O
mins	NORM_1WORD
to	O
get	O
out	O
of	O
bed	O
every	O
day	O
lmao	O

lmao	O
im	NORM_1WORD
just	O
gone	O
keep	O
trying	O
like	O
always	O

no	O
to	O
kpop	O
?	O
bitch	O
please	O
.	O
wrong	O
move	O
dude	O
.	O
yes	O
to	O
kpop	O
is	O
hart	O
.	O
problema	NORM_1WORD
ng	O
mga	O
tao	O
ngayon	O
?	O
._.	O

i'm	O
a	O
young	O
rich	O
nigga	NORM_1WORD
,	O
whippin	NORM_1WORD
'	O
the	O
chemicals	O
middle	O
of	O
the	O
summer	O
wearin	NORM_1WORD
'	O
chinchilla's	O

rt	O
@smtown_snsd	O
:	O
[	O
preview	O
]	O
140524	O
snsd	O
taeyeon	O
at	O
3rd	O
japan	O
tour	O
in	O
kobe	O
#2	O
http://t.co/gmrztjgbjc	O

rt	O
@roll_sum	O
:	O
first	O
im	NORM_1WORD
gone	O
stack	O
my	O
flow	O
then	O
im	NORM_1WORD
gone	O
stack	O
some	O
more	O

rt	O
@lungie_gumz	O
:	O
b	O
!!!!!!!	O
"	O
@yung_btee	O
:	O
choose	O
your	O
favourite	NORM_1WORD
rapper	O
#followahiphopheadthursdays	O
..	O
i	O
follow	O
back	O
http://t.co/4xiuhyhdqo	O
"	O

#press	O
nakheel	O
awards	O
aed	O
1.2	O
bn	O
construction	O
contract	O
for	O
nakheel	O
mall	O
:	O
property	O
developer	O
nakheel	O
said	O
on	O
tue	NORM_1WORD
...	O
http://t.co/a3wm4rxs3i	O

@safiasharif_xox	O
wtf	O
i've	O
only	O
just	O
seen	O
this	O
omg	O

only	O
@wizkhalifa	O
can	O
take	O
a	O
selfie	O
in	O
jail	O
.	O
lol	O

rt	O
@yung40ounce	O
:	O
how	O
i	O
let	O
shawty	O
know	O
im	NORM_1WORD
tryna	NORM_2WORD
fuck	O
http://t.co/crkvuyygsc	O

justins	O
so	O
happy	O
atm	NORM_3PLUS
and	O
im	NORM_1WORD
happy	O

idk	O
if	O
im	NORM_1WORD
crying	O
from	O
emotions	O
or	O
onions	O
rn	NORM_2WORD
lol	O
.	O
@goopy666	O

nah	O
rt	O
@whuddupslime	O
:	O
paul	O
and	O
donzell	O
wanna	NORM_2WORD
be	O
bae	O
soooo	NORM_1WORD
badly	O
.	O

rt	O
@kaisoone	O
:	O
exo	O
the	O
lost	O
concert	O
'	O
chanyeol	O
'	O
2	O
http://t.co/mmnk3cylb6	O

whos	NORM_1WORD
mans	O
is	O
this	O
!?	O
rt	NORM_1WORD
"	O
@have_ee_air	O
:	O
@josh_prndr	O
by	O
not	O
sleeping	O
stoopid	NORM_1WORD
"	O

rt	O
@exoindonesia	O
:	O
[	O
preview	O
]	O
140526	O
luhan	O
@username	O
mbc	O
idol	O
futsal	O
championship	O
(	O
cr	O
:	O
fruitxfruit	O
)	O
http://t.co/crr58thxys	O

pepe	O
loves	O
weird	O
chavvy	O
men	O
but	O
hates	O
old	O
ladies	O
and	O
children	O
.	O
weiiiiird	NORM_1WORD

"	O
@harryhardstyles	O
:	O
beliebers	O
be	O
like	O
https://t.co/9uob7ow9fu	O
"	O
what	O
the	O
heldl	O
im	NORM_1WORD
cying	NORM_1WORD

i	O
was	O
abt	NORM_1WORD
to	O
compliment	O
y'all	O
crusty	O
asses	O
,	O
but	O
nvm	NORM_2WORD
now	O
rt	O
@banitaapplebumm	O
:	O
don't	O
do	O
us	O
!	O
rt	O
@stagbechillin	O
:	O
light	O
.	O
skinted	O
.	O
wimminz	O
.	O

rt	O
@kobamageyvote	O
:	O
#happeningnow	O
near	O
majlis	O
with	O
mohamed	O
nasheed	O
http://t.co/cqb9aru7dx	O

wantin	NORM_1WORD
to	O
get	O
the	O
fukk	NORM_1WORD
out	O
of	O
here	O
so	O
i	O
can	O
go	O
swimmin	NORM_1WORD

np	O
:	O
higashi	O
loves	O
you	O
/	O
hodgy	O
beats	O

rt	O
@rbma	O
:	O
ny's	O
legendary	O
funhouse	O
arguably	O
birthed	O
dance	O
music's	O
first	O
dj	O
superstar	O
@heyjellybean	O
benitez	O
http://t.co/o407ryzfv3	O
#djjellyb	O

@mikeclaynfl	O
@rmsummerlin	O
haha	O
...	O
you	O
know	O
you	O
chuckled	O
...	O
and	O
fwiw	O
,	O
agree	O
on	O
pessimistic	O
rivers	O
outlook	O

take	O
a	O
look	O
at	O
rccg	O
glory	O
house's	O
events	O
on	O
livestream	O
http://t.co/lnfxbjlu4f	O

me	O
va	O
a	O
explotar	O
la	O
cabeza	O
!	O

@karagillespie89	O
defo	NORM_1WORD
hopefully	O
a	O
few	O
people	O
are	O
up	O
for	O
goin	NORM_1WORD
,	O
was	O
good	O
craic	NORM_1WORD
on	O
the	O
bus	O
in	O
2011	O
lol	O
xx	O

finna	NORM_2WORD
delete	O
kik	O
i	O
don't	O
even	O
use	O
the	O
shit	O

rt	O
@tourefacts	O
:	O
david	O
moyes	O
was	O
sacked	O
by	O
yaya	O
toure	O
.	O
#tourefacts	O

@gwatsensation	O
lol	O
hell	O
yeah	O
bro	NORM_1WORD
wyd	O
later	O
today	O
?	O

all	O
i	O
can	O
read	O
in	O
my	O
twitter	O
now	O
is	O
"	O
ang	O
sakit	O
ng	O
ulo/katawan	O
ko	O
"	O
haahahahha	O
!	O
thanks	O
to	O
@alekgaerlan09	O
:))	O

i	O
really	O
been	O
writin	NORM_1WORD
some	O
bullshit	O
lmao	O

rt	O
@arianagrande	O
:	O
u	NORM_1WORD
know	O
i'll	O
be	O
savin	NORM_1WORD
my	O
love	O
for	O
u	NORM_1WORD

rt	O
@chappyofspadez	O
:	O
yup	O
dutch	O
pot	O
nuh	O
bun	O
up	O
like	O
kettle	O
brah	O
:")	O
rt	O
@ill_sue_u	O
:	O
glad	O
u	NORM_1WORD
kno	NORM_1WORD
u	NORM_1WORD
is	O
d	NORM_1WORD
pot	O
"	O
@chappyofspadez	O
:	O
says	O
the	O
kettle	O
"	O

keinget	O
sama	O
kenang'an	O
(	O
alm	O
)	O
ayah	O
itu	O
bikin	O
air	O
mata	O
netes	O
:'(	O
miss	O
dad	O
:'(	O

sad	O
:	O
nysc	O
member	O
crushed	O
to	O
death	O
by	O
fuel	O
tanker	O
in	O
kwara	O
http://t.co/8ebsq3lgkx	O

chelsea	O
confirm	O
they	O
have	O
agreed	O
terms	O
for	O
the	O
transfer	O
of	O
david	O
luiz	O
to	O
psg	O

living	O
colour	NORM_1WORD
~	O
'	O
what's	O
your	O
favourite	NORM_1WORD
color	O
?	O
'	O
from	O
the	O
album	O
vivid	O
[	O
1988	O
]	O

@amandatorrellas	O
the	O
winky	O
face	O
says	O
otherwise	O
lol	O

my	O
new	O
fav	NORM_1WORD
song	O
:	O
ed	O
sheeran	O
-	O
sing	O
[	O
official	O
video	O
]	O
http://t.co/j26ddmke7a	O

@kianaallenmoka	O
@stylesrose_	O
just	O
12	O
?	O
lol	O
its	O
like	O
2	O
since	O
i	O
sleep	O
10	O
of	O
those	O
haha	O

aren't	O
rela	O
sukarelawan	O
(	O
volunteers)	O
?	O
so	O
that	O
means	O
they	O
can	O
suka/rela/wan	O
vote	O
anyone	O
they	O
want	O
lah	O
.	O
#freedomtochoose	O

lebron	O
ain't	O
better	O
than	O
kobe	O
,	O
magic	O
or	O
mj	O
.	O

rt	O
@katipotaczek	O
:	O
shoutout	O
to	O
lauren	O
and	O
nancy	O
my	O
favorite	O
fenwick	O
girls	O

i	O
say	O
mr.	O
molson	O
gives	O
us	O
all	O
those	O
habs	O
cupcakes	O
for	O
all	O
the	O
icings	O
.	O

@cjd02	O
but	O
i	O
can't	O
go	O
to	O
the	O
good	O
without	O
getting	O
tortillas	O
n	NORM_1WORD
aguacates	O

i	O
love	O
the	O
fact	O
drew	O
seeley	O
is	O
on	O
the	O
wizards	O
of	O
waverly	O
place	O
soundtrack	O

under	O
the	O
bidge	NORM_1WORD
!	O
cambiame	O
el	O
dia	O

kennett	O
,	O
(	O
n	O
.	O
)	O
the	O
vast	O
swathe	O
of	O
grass	O
entirely	O
devoid	O
of	O
people	O
because	O
it	O
is	O
in	O
the	O
shade	O
,	O
often	O
scratby	O
(	O
q	O
.	O
v	O
.	O
)	O
adjacent	O
@thatsliff	O

rt	O
@datniggatiller	O
:	O
boooyyyy	NORM_1WORD
deemm	NORM_1WORD
niggaas	NORM_1WORD
was	O
ugly	O
af	NORM_2WORD
b	O

@csyfgg	O
/hug	O
kuy	O
erat/	O
miss	O
u	NORM_1WORD
more	O
more	O
:*({	O
})	O

rt	O
@liljoshdawgazz	O
:	O
if	O
you	O
fwm	O
then	O
fwm	O
if	O
not	O
move	O
around	O
why	O
waste	O
both	O
our	O
time	O
?	O

tymrk	O
llc	O
:	O
latest	O
auto	O
update	O
!	O
promoting	O
dieselization	O
-	O
2014	O
ads	O
international	O
convention	O
&	O
tradeshow	O
http://t.co/mvxzc3kpez	O
#tymrkllc	O

i'm	O
about	O
to	O
start	O
spazzing	O
tf	NORM_2WORD
out	O
fuck	O
holding	O
back	O

@im_that_female_	O
hmu	O
on	O
insta	NORM_1WORD
dm	NORM_2WORD
or	O
something	O

@pmoindia	O
@narendramodi	O
3	O
days(in	O
1825	O
days	O
)	O
wasted	O
in	O
photo	O
session	O
..	O
ab	O
kaam	O
par	O
bhi	O
lago	O
majdoor	O
no	O
.	O
1	O

sho	O
nuff	O
-	O
hold	O
on	O
for	O
love	O
//	O
funky	O
24	O
aac+	O
\\	O
#funk	O
#radio	O
#music	O

rt	O
@nike_dem20	O
:	O
this	O
nigga	NORM_1WORD
bosh	O
bruh	NORM_1WORD

it	O
took	O
me	O
a	O
while	O
to	O
get	O
my	O
lil	NORM_1WORD
27k	O
tweets	O
lol	O

the	O
day	O
of	O
my	O
nephews	O
bautizo	O
my	O
cousin	O
jenny	O
ran	O
away	O
with	O
jose	O
lmao	O

i'm	O
surprised	O
@lexduhon_x0	O
ain't	O
snuck	O
@jacecomeaux	O
thru	NORM_1WORD
the	O
computer	O
yet	O
lmao	O

football	O
transfer	O
rumours	NORM_1WORD
:	O
manchester	O
united	O
to	O
sign	O
bruno	O
martins	O
indi	O
?	O
:	O
todays	NORM_1WORD
rumours	NORM_1WORD
read	O
like	O
dickens	O
...	O
http://t.co/eqxxhsarce	O

rt	O
@newswirengr	O
:	O
mtn	O
,	O
forensic	O
expert	O
to	O
testify	O
against	O
senator	O
ndume	O
who	O
is	O
facing	O
charges	O
of	O
sponsoring	O
boko	O
haram	O
http://t.co/nv4v9k8rlh	O

hno	O
i	O
mean	O
thryyre	NORM_1WORD
headin	NORM_1WORD
to	O
malaysia	O

@hannarobbiekay	O
@avrillavigne	O
yeah	O
haha	O
like	O
a	O
loooot	NORM_1WORD
xd	O

1	O
daily	O
unfollower	O
.	O
justunfollow	NORM_2WORD
doesn't	O
miss	O
a	O
trick	O
-	O
via	O
http://t.co/czs90locx2	O

hit	O
maximum	O
likes	O
lovers	O
for	O
joaquim	O
abranches	O
.	O
soubhik	O
http://t.co/tepamqx7kv	O

rt	O
@isupportlarry	O
:	O
ph	O
my	O
fuck	O
oh	O
my	O
gycj	O
shit	O
shuit	NORM_1WORD
hsit	NORM_1WORD
shit	O
shit	O
shit	O
shitihsthiaht	NORM_1WORD
shitb	NORM_1WORD
http://t.co/1zmzudk9oo	O

omg	O
just	O
got	O
subtweeted	O
.	O
@username	O
me	O
next	O
time	O
.	O
lolz	O

rt	O
@truman_black	O
:	O
i	O
was	O
just	O
speaking	O
to	O
paolo	O
nutini	O
and	O
now	O
i	O
think	O
i	O
am	O
gay	O

roflmao	NORM_3PLUS
!!!	O
that	O
pitch	O
by	O
50	O
cent	O
tho	NORM_1WORD
...	O
bruh	NORM_1WORD
,	O
no	O
excuse	O

@gabbensonxxx	O
@precious_xoxox	O
naaa	O
cuzz	O
,	O
if	O
u	NORM_1WORD
buy	O
my	O
crepes	O
it's	O
beef	O

yebi	O
stp	O
make	O
me	O
confuse	O
.	O
ahhh	O
-.-	O

@h0tlikepayne	O
they	O
were	O
talking	O
about	O
them	O
for	O
the	O
longest	O
and	O
im	NORM_1WORD
just	O
like	O
pls	NORM_1WORD
shut	O
your	O
fuck	O

@svbrinvcvrmelv	O
hit	O
5k	O
,	O
congrats	NORM_1WORD
bae	O
u	NORM_1WORD
the	O
real	O
mvp	O
(	O
once	O
u	NORM_1WORD
send	O
me	O
nudes	O
)	O

rt	O
@whateverrmom	O
:	O
have	O
fun	O
in	O
school	O
lames	O
!!	O
i'm	O
in	O
bed	O
eating	O
popsicles	O
and	O
watching	O
snl	O
reruns	O
!!!	O

pag	O
middle	O
child	O
ba	O
talaga	O
,	O
under	O
appreciated	O
?	O

rt	O
@holdmywholedick	O
:	O
broke	O
niggas	NORM_1WORD
always	O
tryna	NORM_2WORD
get	O
high	O

@amyborchard_	O
i've	O
just	O
fucking	O
told	O
u	NORM_1WORD
xd	O

rt	O
@win_stah	O
:	O
@mistergome	O
cuz	NORM_1WORD
eti	O
how	O
would	O
you	O
say	O
you	O
missed	O
someone	O
in	O
tumbuka	O
"	O
naku	O
zyewa	O
"	O
?	O
(/	O
\)	O

rt	O
@turcocarp	O
:	O
momento	O
no	O
fue	O
corner	O
en	O
tyc	O
.	O
cadena	O
nacional	O
.	O

@zackeryodom5	O
idk	O
about	O
that	O
bron	O
bron	O
usually	O
gets	O
the	O
calls	O
...	O
they've	O
been	O
pretty	O
awful	O
both	O
ways	O
all	O
series	O

@g_gatman	O
@lalhatedmylast1	O
i	O
aint	NORM_1WORD
messin	NORM_1WORD
with	O
no1s	NORM_2WORD
wifey	O
yo	NORM_1WORD
lol	O

rt	O
@real_chichinhu	O
:	O
taeyeon	O
will	O
sing	O
ost	O
for	O
sbs	O
drama	O
"	O
you're	O
surrounded	O
'	O
of	O
lee	O
seunggi	O
and	O
go	O
ara	O
http://t.co/vtxh3qr4ud	O

i	O
gotta	O
to	O
the	O
utica	O
..!	O
vut	O
everytime	O
somebody	O
see	O
me	O
they	O
jump	O
to	O
conclusions	O

squaded	O
up	O
and	O
ballin	NORM_1WORD
together	O
since	O
the	O
storm	O
days	O
#dreamteam	O
#giveittotheitalians	O
!	O
@alepitter3	O
@lawsonhuggins	O
http://t.co/1a7jtgolhc	O

i	O
swear	O
i	O
screamed	O
when	O
superwoman	O
started	O
singing	O
appadi	O
podu	O
xd	O

rt	O
@motherof1__	O
:	O
@str8drop__	O
lls	O
,	O
girl	O
you	O
kno	NORM_1WORD
you	O
&	O
your	O
shawdy	O
bouta	NORM_2WORD
be	O
laid	O
up	O
tonight	O

rt	O
@lwhann	O
:	O
#openfollow	O
kamu	O
cewek	O
?	O
sini	O
dong	O
free	O
hugh	O
loh	O
:p	O

@saroohamalikxo	O
hiii	O
how	O
are	O
you	O
?	O
if	O
u	NORM_1WORD
see	O
this	O
tweet	O
folllow	NORM_1WORD
me	O
pls	NORM_1WORD
!	O
means	O
a	O
lot	O
to	O
me	O
,	O
i	O
love	O
u	NORM_1WORD
x30	O

rt	O
@knowlougeable	O
:	O
theyr	NORM_1WORD
e	NORM_1WORD
the	O
same	O
fucjing	NORM_1WORD
person	O
http://t.co/rodw8h4jjl	O

he	O
wants	O
attention	O
.	O
ngayon	O
,	O
nagtagumpay	O
siya	O
.	O

@lexx_sullivann	O
will	O
alwayz	NORM_1WORD
be	O
my	O
gurl	NORM_1WORD

eve	O
,	O
amorsito	O
,	O
me	O
contestas	O
whap	NORM_2WORD
?	O

"	O
@_chominam	O
:	O
ryeowook	O
came	O
to	O
see	O
exo	O
concert	O
"	O

check	O
out	O
@justinbieber's	O
#selfie	O
on	O
@shots	O
http://t.co/qofigfacdu	O
follow	O
me	O
pls	NORM_1WORD
realize	O
my	O
dream	O
,	O
i	O
love	O
u	NORM_1WORD
x105	O

#mlrt	O
-	O
she	O
wants	O
the	O
d	O
again	O
huh	O
lol	O

u	NORM_1WORD
got	O
me	O
feelin	NORM_1WORD
brand	O
new	O
wolfnsheepclothing140	O
http://t.co/azde27cbhd	O

@cellenjade	O
yey	O
!!	O
<3	O
rt	NORM_1WORD
and	O
tweet	O
thank	O
u	NORM_1WORD
#moonofdesire	O
#mod_ireallyreallylikeu	O
#mod_ireallyreallylikeu	O
#mod_ireallyreallylikeu	O

#elections	O
south	O
africa's	O
zuma	O
promises	O
to	O
boost	O
economy	O
in	O
second	O
term	O
:	O
south	O
africa's	O
president	O
jacob	O
zuma	O
s	O
...	O
http://t.co/xmtjeyanwk	O

@thonyaaaa	O
lol	O
im	NORM_1WORD
sorry	O
but	O
i	O
knew	O
you	O
was	O
gone	O
forget	O
about	O
me	O

rt	O
@92x92	O
:	O
2ne1	O
or	O
snsd	O
chanyeol	O
:	O
snsd	O
are	O
my	O
seniors	O
so	O
i'll	O
vote	O
for	O
them	O
eyy	O
i	O
know	O
you	O
were	O
lying	O
hahahh	O
http://t.co/pb3yeafysk	O

arkansas	O
business	O
-	O
teamsters	O
appealing	O
to	O
gov	O
.	O
beebe	O
to	O
save	O
abf	O
jobs	O
in	O
nlr	O
http://t.co/i0rv6ylrfn	O

rt	O
@lilbthebasedgod	O
:	O
love	O
you	O
!!	O
whats	O
your	O
plans	O
for	O
the	O
night	O
what	O
state	O
u	NORM_1WORD
in	O
-	O
lil	NORM_1WORD
b	O

imma	NORM_3PLUS
turn	O
up	O
for	O
bae	O

@conterasj	O
i	O
know	O
you	O
a	O
lebron	O
fan	O
lol	O
so	O
you	O
really	O
gotta	O
let	O
any	O
flop	O
against	O
him	O
go	O

@loffredomike	O
if	O
i	O
had	O
a	O
dollar	O
for	O
every	O
brain	O
you	O
dont	NORM_1WORD
have	O
,	O
id	O
have	O
oooooneee	NORM_1WORD
dollarr	NORM_1WORD

regional	O
paper	O
talk	O
:	O
luiz	O
poised	O
for	O
psg	O
http://t.co/mueytksauy	O

calum	O
hood	O
,	O
ashton	O
irwin	O
,	O
luke	O
hemmings	O
,	O
michael	O
clifford	O
from	O
5sos	O
follow	O
me	O
so	O
i	O
can	O
send	O
you	O
uncomfortable	O
dm's	O
haha	O
754	O

@bravefrontiergl	O
thank	O
you	O
brave	O
frontier	O
.	O
and	O
thank	O
you	O
pheobe	O
senpai	O
for	O
staying	O
with	O
us	O
:d	O

@dixon_shaq	O
u	NORM_1WORD
right	O
,	O
that's	O
what	O
ima	NORM_3PLUS
do	O
lol	O

amd	O
catalyst	O
14.6	O
introduces	O
brand	O
new	O
eyefinity	O
and	O
mantle	O
for	O
notebooks	O
with	O
enduro	O
|	O
info-pc	O
http://t.co/tagbmgwnkm	O

kejriwal	O
coming	O
out	O
of	O
tihar	O
jail	O
2mrw	NORM_1WORD
.	O
uff	O
!!	O
again	O
mayhem	O
,	O
chaos	O
,	O
drama	O
b4	NORM_1WORD
cameras	O
..	O
he	O
is	O
better	O
inside	O
..!	O
#jokerkejriwal	O
@kbindia	O

flatshoes	O
animal	O
printing	O
45.000	O
made	O
by	O
bali	O
cek	O
-->	O
@gensproject	O
pin	O
:	O
27bf53b0	O
/	O
087722042186	O
#openreseller	O
http://t.co/j7u7hs1a1z	O

,	O
'	O
sonn	NORM_1WORD
ifucking	NORM_2WORD
hate	O
her	O
w	NORM_1WORD
.	O
a	O
passion	O
moe	O

rt	O
@theonlyreed	O
:	O
u	NORM_1WORD
gotta	O
strike	O
out	O
a	O
few	O
times	O
to	O
know	O
what	O
a	O
good	O
homerun	O
feel	O
like	O

rt	O
@stephfunkii	O
:	O
@j0w_	O
@_jackss	O
lol	O
we	O
missed	O
u	NORM_1WORD
guys	O
on	O
saturday	O
me	O
and	O
jacks	O
were	O
so	O
funny	O
and	O
no	O
one	O
got	O
us	O
hahaha	O

rt	O
@matthunter123	O
:	O
here's	O
a	O
snippet	O
of	O
my	O
new	O
song	O
,	O
pls	NORM_1WORD
rtwt	NORM_1WORD
!	O
http://t.co/jzwdc9wrvo	O

rt	O
@leehyvnwoo93	O
:	O
#openfollow	O
for	O
rp	O
.	O
jfb	O
tepatin	O

rt	O
@ejatsyamir	O
:	O
alone	O
without	O
love	O
.	O
kawan	O
ade	O
.	O
gua	O
tak	O
kisah	O
.	O

rahway	O
,	O
nj	O
-	O
paramedic	O
-	O
robert	O
wood	O
johnson	O
university	O
hospital	O
rahway	O
:	O
perform	O
as	O
a	O
paramedic	O
in	O
mobile	O
inte	O
...	O
http://t.co/renufsgp6i	O

and	O
on	O
the	O
radio	O
this	O
morning	O
they	O
were	O
playing	O
soml	NORM_1WORD
and	O
talking	O
about	O
smoking	O
wut	NORM_1WORD
r	NORM_1WORD
u	NORM_1WORD
doing	O

