rt	O=0.9999922513961792|NORM=5.151714958628872e-06
@teenpizzaqueen	O=0.9999943971633911|NORM=4.241595888743177e-06
:	O=0.999994158744812|NORM=3.602762035370688e-06
lmfao	O=0.999969482421875|NORM=2.8008069421048276e-05
my	O=0.9999879598617554|NORM=5.751509434048785e-06
friend	O=0.9999686479568481|NORM=1.7328358808299527e-05
just	O=0.9999830722808838|NORM=8.316895218740683e-06
told	O=0.9999629259109497|NORM=1.8640468624653295e-05
me	O=0.9999905824661255|NORM=4.5395454435492866e-06
that	O=0.9999936819076538|NORM=3.635147095337743e-06
niall	O=0.9998962879180908|NORM=0.0001001750715659
and	O=0.9999940395355225|NORM=4.486343641474377e-06
piers	O=0.9999338388442993|NORM=6.2344923208002e-05
are	O=0.9999887943267822|NORM=7.928306331450585e-06
shouting	O=0.9999842643737793|NORM=1.1064293175877538e-05
at	O=0.9999889135360718|NORM=8.860588422976434e-06
each	O=0.9999934434890747|NORM=4.249726316629676e-06
other	O=0.9999933242797852|NORM=4.428178272064542e-06

.	O=0.9999933242797852|NORM=5.12461747348425e-06
@hitakshibawa	O=0.9999927282333374|NORM=4.892236574960407e-06
she	O=0.9999911785125732|NORM=7.636143891431857e-06
u/s	O=0.9999476671218872|NORM=5.0827773520722985e-05
d	NORM=0.999913215637207|O=7.736890984233469e-05
effect	O=0.9998766183853149|NORM=0.0001201423947350122
of	O=0.9999943971633911|NORM=4.421962785272626e-06
hungry	O=0.9999750852584839|NORM=2.0611125364666805e-05
-->	O=0.9999880790710449|NORM=8.99170663615223e-06
sleepy	O=0.9999922513961792|NORM=6.487513473985018e-06
->	O=0.9999915361404419|NORM=6.1130431276978925e-06
waking	O=0.9999841451644897|NORM=1.2921251254738308e-05
up	O=0.9999938011169434|NORM=5.228525424172403e-06
hungry	O=0.9999682903289795|NORM=2.7302698072162457e-05
cycle	O=0.9999619722366333|NORM=3.656615081126802e-05
:-d	O=0.9999948740005493|NORM=4.313708814152051e-06
n	NORM=0.9999316930770874|O=6.341523840092123e-05
upsc	NORM=0.9967145919799805|O=0.0032799704931676388
chaat	O=0.9999868869781494|NORM=1.2077399333065841e-05
wala	O=0.999987006187439|NORM=1.1387998711143155e-05
isnt	NORM=0.9999673366546631|O=2.656713877513539e-05
good	O=0.9999945163726807|NORM=4.3829300011566374e-06
nw	NORM=0.9996531009674072|O=0.0003390488272998482
@wearenewdelhi	O=0.9999957084655762|NORM=2.8412473511707503e-06
@beinganupama	O=0.9999951124191284|NORM=3.3139372135337908e-06

rt	O=0.9999942779541016|NORM=4.249762241670396e-06
@harry_styles	O=0.9999936819076538|NORM=5.048548700870015e-06
:	O=0.9999943971633911|NORM=3.6855383314104984e-06
niall	O=0.9999911785125732|NORM=6.5739027377276216e-06
on	O=0.9999899864196777|NORM=6.703317012579646e-06
his	O=0.9999749660491943|NORM=1.6967573174042627e-05
way	O=0.999984622001648|NORM=1.2408891052473336e-05
to	O=0.9999936819076538|NORM=4.4070775402360596e-06
the	O=0.9999946355819702|NORM=3.541965952535975e-06
x	O=0.9999502897262573|NORM=4.3314837967045605e-05
games	O=0.9999690055847168|NORM=1.9768733181990683e-05
.	O=0.9999921321868896|NORM=5.152736321178963e-06
https://t.co/qrmqyimohd	O=0.9999943971633911|NORM=4.028677722089924e-06

she	O=0.9999865293502808|NORM=1.123106721934164e-05
brown	O=0.9999682903289795|NORM=2.9336863008211367e-05
but	O=0.9999903440475464|NORM=7.967369128891733e-06
is	O=0.9999916553497314|NORM=7.03511068422813e-06
a	O=0.999993085861206|NORM=5.953662821411854e-06
baby	O=0.9999822378158569|NORM=1.551440618641209e-05
weh	O=0.9989237189292908|NORM=0.0010690217604860663
black	O=0.9999666213989258|NORM=2.939097430498805e-05
born	O=0.9998928308486938|NORM=8.999973942991346e-05
fi	O=0.9967314004898071|NORM=0.0032660390716046095
show	O=0.9999350309371948|NORM=5.162222441867925e-05
you	O=0.999984622001648|NORM=1.1745690244424623e-05
how	O=0.9999877214431763|NORM=9.256275006919168e-06
far	O=0.9999667406082153|NORM=3.115017170784995e-05
me	O=0.9999755620956421|NORM=2.2210946553968824e-05
cock	O=0.9996973276138306|NORM=0.0002917958190664649
gone	O=0.9999880790710449|NORM=1.0120712431671564e-05
~	O=0.9999881982803345|NORM=8.20416880742414e-06

scientists	O=0.9999523162841797|NORM=3.729471063707024e-05
achieve	O=0.999931812286377|NORM=3.824473969871178e-05
reliable	O=0.9999860525131226|NORM=8.567722034058534e-06
quantum	O=0.9999743700027466|NORM=2.0783782019861974e-05
teleportation	O=0.9998677968978882|NORM=0.00012354397040326148
for	O=0.9999815225601196|NORM=1.4061647561902646e-05
first	O=0.9999898672103882|NORM=6.702038263028953e-06
time	O=0.9999680519104004|NORM=2.2425878341891803e-05
http://t.co/lk9oatih0f	O=0.999995231628418|NORM=3.0491337383864447e-06
.	O=0.9999916553497314|NORM=4.935216111334739e-06
a	O=0.9999916553497314|NORM=6.074954399082344e-06
concept	O=0.9999864101409912|NORM=9.786766895558685e-06
to	O=0.9999806880950928|NORM=1.446517308067996e-05
watch	O=0.99998939037323|NORM=7.97682696429547e-06
-	O=0.9999920129776001|NORM=5.233045612840215e-06
data	O=0.9999806880950928|NORM=1.4735541299160104e-05
teleportation	O=0.9999276399612427|NORM=6.795250374125317e-05

rt	O=0.9999939203262329|NORM=4.0771597014099825e-06
@5sos	O=0.9999926090240479|NORM=5.8297428040532395e-06
:	O=0.9999954700469971|NORM=2.3008303742244607e-06
hi	O=0.9999756813049316|NORM=2.3172817236627452e-05
we	O=0.9999918937683105|NORM=6.493775345006725e-06
are	O=0.999992847442627|NORM=5.405048341344809e-06
doin	NORM=0.9999517202377319|O=1.789189991541207e-05
a	O=0.9999946355819702|NORM=3.922420546587091e-06
signing	O=0.9999884366989136|NORM=1.0073965313495137e-05
and	O=0.9999918937683105|NORM=6.043273060640786e-06
we	O=0.999992847442627|NORM=4.95926042276551e-06
found	O=0.9999916553497314|NORM=6.261843736865558e-06
this	O=0.9999948740005493|NORM=3.240980959162698e-06
other	O=0.9999949932098389|NORM=3.1614870295015862e-06
aussie	O=0.9999833106994629|NORM=1.5595180229865946e-05
xo	O=0.9995119571685791|NORM=0.000478565227240324
http://t.co/mqx5faedws	O=0.9999955892562866|NORM=3.4398372008581646e-06

thats	NORM=0.9999622106552124|O=1.301405154663371e-05
not	O=0.9999817609786987|NORM=1.0298228517058305e-05
tabaruis	O=0.9999628067016602|NORM=3.416674007894471e-05
i	O=0.9999908208847046|NORM=5.186920589039801e-06
think	O=0.9999909400939941|NORM=5.410633548308397e-06
thats	NORM=0.9999620914459229|O=1.464814613427734e-05
a	O=0.999993085861206|NORM=4.372578587208409e-06
troll	O=0.9999496936798096|NORM=3.8980189856374636e-05
account	O=0.9999871253967285|NORM=7.558111519756494e-06

.	O=0.9999940395355225|NORM=4.340354735177243e-06
@umarcheema1	O=0.9999960660934448|NORM=2.3880097614892293e-06
maybe	O=0.9999837875366211|NORM=1.4377939805854112e-05
he	O=0.9999922513961792|NORM=5.2777381824853364e-06
was	O=0.9999939203262329|NORM=4.646743491321104e-06
told	O=0.9999927282333374|NORM=5.134922048455337e-06
by	O=0.9999959468841553|NORM=2.746174232015619e-06
"	O=0.9999942779541016|NORM=3.460624839135562e-06
faal	O=0.9999903440475464|NORM=8.380356121051591e-06
wala	O=0.9999897480010986|NORM=8.471369255858008e-06
tota	O=0.9999915361404419|NORM=6.720039891661145e-06
"	O=0.9999943971633911|NORM=2.8198187465022784e-06

fb	O=0.9952025413513184|NORM=0.004775505047291517
;	O=0.9999829530715942|NORM=1.3034804396738764e-05
junior	O=0.9999686479568481|NORM=2.4880171622498892e-05
bautista	O=0.9999821186065674|NORM=1.4777302567381412e-05
big	O=0.9999532699584961|NORM=4.00820754293818e-05
tits	O=0.9999154806137085|NORM=7.805058703524992e-05
masturbating	O=0.999903678894043|NORM=6.921943713678047e-05
and	O=0.9999836683273315|NORM=1.2501553101174068e-05
squirting	O=0.9999504089355469|NORM=3.9495072996942326e-05
in	O=0.9999672174453735|NORM=2.6998246539733373e-05
chair	O=0.9998618364334106|NORM=0.0001347662037005648
:	O=0.9999890327453613|NORM=7.858863682486117e-06
views	O=0.9999794960021973|NORM=1.7191056031151675e-05
:	O=0.9999887943267822|NORM=8.528492799086962e-06
0	O=0.9999922513961792|NORM=5.15524834554526e-06
rating	O=0.9999788999557495|NORM=1.75394925463479e-05
:	O=0.9999868869781494|NORM=1.1153535524499603e-05
0	O=0.9999938011169434|NORM=4.501797775446903e-06
durat	O=0.9996032118797302|NORM=0.00039167297654785216
...	O=0.9999769926071167|NORM=1.5819834516150877e-05

holds	O=0.9999806880950928|NORM=1.688222255324945e-05
head	O=0.9999637603759766|NORM=3.3449545298935845e-05
in	O=0.9999722242355347|NORM=2.3924832930788398e-05
hands	O=0.9999573230743408|NORM=3.9947299228515476e-05
har	NORM=0.9950644373893738|O=0.004927260335534811
u	NORM=0.999954104423523|O=4.062131483806297e-05
k	NORM=0.9962093830108643|O=0.003783663734793663
a	O=0.7797339558601379|NORM=0.22022683918476105

@eat_my_skirts	O=0.9999943971633911|NORM=3.8431248867709655e-06
obsessed	O=0.9999898672103882|NORM=6.969874448259361e-06
with	O=0.9999918937683105|NORM=4.482498297875281e-06
what	O=0.9999926090240479|NORM=4.783389158546925e-06
?	O=0.9999922513961792|NORM=4.462925062398426e-06
don't	O=0.9999910593032837|NORM=6.747109637217363e-06
hate	O=0.999968409538269|NORM=2.6626648832461797e-05
cuz	NORM=0.9999104738235474|O=4.904023080598563e-05
im	NORM=0.9999371767044067|O=2.7786216378444806e-05
fabulous	O=0.9999877214431763|NORM=9.283397048420738e-06
.	O=0.9999924898147583|NORM=4.9941336328629404e-06

rt	O=0.9999915361404419|NORM=6.884572485432727e-06
@petregister	O=0.9999926090240479|NORM=5.224481810728321e-06
:	O=0.9999949932098389|NORM=2.8229953841218958e-06
missing	O=0.9999791383743286|NORM=1.660653651924804e-05
cat	O=0.9999425411224365|NORM=5.3014900913694873e-05
british	O=0.999976396560669|NORM=1.9593480828916654e-05
short	O=0.9999520778656006|NORM=4.458073453861289e-05
hair	O=0.9998078942298889|NORM=0.00018649996491149068
black	O=0.999984860420227|NORM=1.2756883734255098e-05
and	O=0.999985933303833|NORM=1.2794765098078642e-05
wh	O=0.9871505498886108|NORM=0.01284116692841053
http://t.co/shsoq6lgjc	O=0.9999947547912598|NORM=3.9182486943900585e-06
#leeds	O=0.9999921321868896|NORM=5.8840428209805395e-06
#westyorkshire	O=0.9999948740005493|NORM=3.6752278447238496e-06
pls	NORM=0.9999252557754517|O=6.558506720466539e-05
rt	O=0.9312290549278259|NORM=0.06874527782201767

i	O=0.9999839067459106|NORM=1.011637596093351e-05
love	O=0.9999854564666748|NORM=1.075898853741819e-05
love	O=0.9999833106994629|NORM=1.4064919014344923e-05
love	O=0.9999866485595703|NORM=1.0319080502085853e-05
my	O=0.9999910593032837|NORM=4.562276444630697e-06
new	O=0.9999889135360718|NORM=5.9176477407163475e-06
macbook	O=0.9999779462814331|NORM=1.5878842532401904e-05
omg	O=0.9999889135360718|NORM=8.249293387052603e-06
.	O=0.9999921321868896|NORM=5.0731741794152185e-06

rt	O=0.9999942779541016|NORM=4.114640432817396e-06
@exoffical	O=0.999995231628418|NORM=3.4763004350679694e-06
:	O=0.999995231628418|NORM=2.5336539692943916e-06
[	O=0.9999943971633911|NORM=3.4061254154948983e-06
official	O=0.9999934434890747|NORM=4.272486421541544e-06
]	O=0.9999945163726807|NORM=3.1900151498120977e-06
140529	O=0.9999921321868896|NORM=5.598990355792921e-06
smtown	O=0.9999912977218628|NORM=7.115375865396345e-06
update	O=0.999992847442627|NORM=5.0098865358449984e-06
:	O=0.9999949932098389|NORM=2.9215620998002123e-06
support	O=0.999988317489624|NORM=9.275810043618549e-06
messages	O=0.999988317489624|NORM=9.104574019147549e-06
for	O=0.9999936819076538|NORM=4.679276116803521e-06
exo	O=0.999987006187439|NORM=1.1291223017906304e-05
http://t.co/davgtibggw	O=0.9999953508377075|NORM=3.731646756932605e-06

seeing	O=0.9999860525131226|NORM=1.1041186553484295e-05
oll	NORM=0.9847871661186218|O=0.01519520953297615
dogg	O=0.9999233484268188|NORM=7.302072481252253e-05
again	O=0.9999886751174927|NORM=9.375885383633431e-06
was	O=0.9999891519546509|NORM=9.863816558208782e-06
good'o	O=0.9978571534156799|NORM=0.0021370314061641693

rt	O=0.9999932050704956|NORM=4.242913746566046e-06
@joeyslastname	O=0.9999955892562866|NORM=2.5692088456708007e-06
:	O=0.9999948740005493|NORM=2.465982106514275e-06
when	O=0.9999895095825195|NORM=6.058175131329335e-06
u	NORM=0.9999804496765137|O=1.1522502973093651e-05
see	O=0.9999935626983643|NORM=4.071485363965621e-06
bae	O=0.9999896287918091|NORM=7.899060619820375e-06
talkin	NORM=0.9999462366104126|O=2.3155700546340086e-05
to	O=0.999992847442627|NORM=3.807640496233944e-06
other	O=0.9999923706054688|NORM=2.7642338409350486e-06
guys	O=0.9999880790710449|NORM=5.819578746013576e-06
on	O=0.9999940395355225|NORM=3.0526884984283242e-06
twitter	O=0.99994957447052|NORM=3.792152347159572e-05
http://t.co/jrud5jvj4d	O=0.9999958276748657|NORM=2.6184286525676725e-06

u	NORM=0.9999771118164062|O=1.5211640857160091e-05
have	O=0.9999921321868896|NORM=6.214941095095128e-06
a	O=0.9999896287918091|NORM=9.050067092175595e-06
very	O=0.9999902248382568|NORM=7.355761681537842e-06
sexy	O=0.9999911785125732|NORM=7.141288733691908e-06
header	O=0.9999397993087769|NORM=5.8894860558211803e-05
@jaibrooks1	O=0.9999943971633911|NORM=3.6025946883455617e-06
rawr	O=0.9997648596763611|NORM=0.0002339592610951513

im	NORM=0.9999608993530273|O=2.590273470559623e-05
going	O=0.9999935626983643|NORM=4.792320396518335e-06
shopping	O=0.9999873638153076|NORM=9.808127288124524e-06
with	O=0.9999945163726807|NORM=3.983425358455861e-06
my	O=0.9999935626983643|NORM=4.268732482159976e-06
mum	O=0.9995094537734985|NORM=0.00048257739399559796
tomorrow	O=0.9999912977218628|NORM=6.535859029099811e-06
ee	O=0.9999880790710449|NORM=1.0469259905221406e-05

"	O=0.999994158744812|NORM=3.7046158922748873e-06
grammies	O=0.9999865293502808|NORM=1.2294489351916127e-05
droppin	NORM=0.9999364614486694|O=3.108139571850188e-05
off	O=0.9999890327453613|NORM=8.169087777787354e-06
the	O=0.9999953508377075|NORM=3.207907411706401e-06
mantle	O=0.9999867677688599|NORM=1.1721410373866092e-05
thats	NORM=0.9999518394470215|O=2.1641564671881497e-05
what	O=0.9999916553497314|NORM=5.586005045188358e-06
i	O=0.9999905824661255|NORM=5.969014182483079e-06
dream	O=0.9999891519546509|NORM=7.86675991548691e-06
about	O=0.9999940395355225|NORM=4.115856427233666e-06
told	O=0.9999902248382568|NORM=7.023383204796119e-06
you	O=0.999988317489624|NORM=7.243993877636967e-06
it	O=0.9999938011169434|NORM=4.749072559206979e-06
was	O=0.9999933242797852|NORM=5.8682462622527964e-06
comin	NORM=0.9999665021896362|O=2.2080646886024624e-05
i	O=0.9999898672103882|NORM=6.4718956309661735e-06
just	O=0.9999915361404419|NORM=5.099948339193361e-06
really	O=0.9999927282333374|NORM=4.3069048842880875e-06
had	O=0.9999916553497314|NORM=6.1055452533764765e-06
to	O=0.9999938011169434|NORM=4.570284090732457e-06
feel	O=0.9999899864196777|NORM=8.416724085691385e-06
it	O=0.9999940395355225|NORM=4.529403213382466e-06
out	O=0.9999905824661255|NORM=8.388818059756886e-06
"	O=0.9999933242797852|NORM=4.2156248127867e-06
#falconcity	O=0.9999949932098389|NORM=3.1306560686061857e-06
#fccb	O=0.9999958276748657|NORM=2.8788408599211834e-06
#getdown	O=0.9999943971633911|NORM=4.238575002091238e-06

@kapalik1	O=0.9999957084655762|NORM=2.2559436274605105e-06
i	O=0.9999858140945435|NORM=1.2774548849847633e-05
suspect	O=0.9999735355377197|NORM=2.493930333002936e-05
congis	O=0.9999529123306274|NORM=4.5719218178419396e-05
were	O=0.9999895095825195|NORM=9.27152177609969e-06
to	O=0.9999940395355225|NORM=5.06986634718487e-06
british	O=0.9999920129776001|NORM=7.136971817089943e-06
what	O=0.9999948740005493|NORM=3.9998412830755115e-06
kejriwal	O=0.9999921321868896|NORM=6.8649933382403105e-06
is	O=0.999994158744812|NORM=4.690980404120637e-06
to	O=0.9999936819076538|NORM=5.423140009952476e-06
congis	O=0.9999279975891113|NORM=7.009172259131446e-05
now	O=0.9999936819076538|NORM=5.3572957767755724e-06
...	O=0.99998939037323|NORM=7.96641870692838e-06
an	O=0.9999946355819702|NORM=4.220912160235457e-06
offshoot	O=0.9998358488082886|NORM=0.00016067161050159484
to	O=0.9999946355819702|NORM=4.137831638217904e-06
fool	O=0.9999798536300659|NORM=1.716720908007119e-05
people	O=0.9999946355819702|NORM=3.6079281926504336e-06
@missmumbai1	O=0.9999955892562866|NORM=2.7070752821600763e-06
@kanchangupta	O=0.9999959468841553|NORM=2.7342105113348225e-06
@ram_guha	O=0.9999947547912598|NORM=3.97142093788716e-06

@talal33l	O=0.9999948740005493|NORM=3.2949590149655705e-06
follow	O=0.9999868869781494|NORM=9.098503142013215e-06
for	O=0.9999901056289673|NORM=7.688228834012989e-06
follow	O=0.9999892711639404|NORM=8.197106581064872e-06
,	O=0.9999879598617554|NORM=9.173118996841367e-06
directioners	O=0.9999641180038452|NORM=3.2894433388719335e-05
!	O=0.9999902248382568|NORM=5.1300539780640975e-06
ask	O=0.9999897480010986|NORM=7.432577604049584e-06
for	O=0.999993085861206|NORM=4.964968866261188e-06
a	O=0.9999922513961792|NORM=5.91031857766211e-06
followback	NORM=0.9940510392189026|O=0.005616720765829086
.	O=0.9999910593032837|NORM=6.7263331402500626e-06
:)	O=0.9999874830245972|NORM=6.065920842956984e-06
#directionersfollowspree	O=0.9999951124191284|NORM=3.723423560586525e-06
please	O=0.9999912977218628|NORM=6.844238669145852e-06
rt	NORM=0.958102822303772|O=0.041673265397548676
.	O=0.9999878406524658|NORM=1.016037003864767e-05
#t4a	O=0.9999957084655762|NORM=3.020920530616422e-06
#090b	O=0.9999936819076538|NORM=4.806926881428808e-06

abo	O=0.9999885559082031|NORM=8.922162123781163e-06
o	O=0.9999938011169434|NORM=4.798939698957838e-06
gainile	O=0.9999868869781494|NORM=1.1412557796575129e-05
gape	O=0.9999954700469971|NORM=3.6247199659555918e-06
kitso	O=0.9999932050704956|NORM=5.301730652718106e-06
akere	O=0.9999949932098389|NORM=3.7688373595301528e-06
rt	O=0.99998939037323|NORM=9.308083463110961e-06
"	O=0.9999949932098389|NORM=2.9807588362018578e-06
@suna_baby	O=0.9999946355819702|NORM=3.022061264346121e-06
:	O=0.9999955892562866|NORM=2.767334080999717e-06
yessssiiiirrrrr	NORM=0.8574325442314148|O=0.14252179861068726
!	O=0.9999935626983643|NORM=4.1638468246674165e-06
rt	O=0.9999898672103882|NORM=9.054376278072596e-06
@jozi00915	O=0.999995231628418|NORM=2.7537589630810544e-06
:	O=0.9999954700469971|NORM=3.057368985537323e-06
me	O=0.9999954700469971|NORM=3.235868916817708e-06
and	O=0.9999964237213135|NORM=2.582823299235315e-06
suna_baby	O=0.9999951124191284|NORM=3.1060030778462533e-06
..	O=0.9999939203262329|NORM=4.219898983137682e-06
#weddingvibez	O=0.9999954700469971|NORM=3.40766268891457e-06
http://t.co/dxwxoyry5c	O=0.9999958276748657|NORM=2.8854594802396605e-06
"	O=0.9999935626983643|NORM=4.117892331123585e-06

@ohsayhuns	O=0.9999456405639648|NORM=5.319906267686747e-05
like	O=0.9999904632568359|NORM=7.124461717467057e-06
srlsy	O=0.9993595480918884|NORM=0.0006357890670187771
nada	O=0.9999693632125854|NORM=2.7298376153339632e-05
im	NORM=0.9999752044677734|O=1.4985834241088014e-05
so	O=0.9999711513519287|NORM=2.423250953142997e-05
mad	O=0.9999853372573853|NORM=9.730813872010913e-06
http://t.co/1wlf8mr6ro	O=0.9999932050704956|NORM=5.574381248152349e-06

i	O=0.9999768733978271|NORM=1.7413287423551083e-05
had	O=0.9999847412109375|NORM=1.1127937796118204e-05
to	O=0.999988317489624|NORM=8.252964107668959e-06
be	O=0.9999898672103882|NORM=7.278976681845961e-06
informed	O=0.9999878406524658|NORM=9.097070687857922e-06
n	NORM=0.999911904335022|O=7.633351197000593e-05
told	O=0.9999841451644897|NORM=1.2376349332043901e-05
face	O=0.9999802112579346|NORM=1.4052996448299382e-05
to	O=0.9999871253967285|NORM=9.065454833034892e-06
face	O=0.9999746084213257|NORM=1.7470851162215695e-05
i	O=0.9999855756759644|NORM=1.1549328519322444e-05
didnt	NORM=0.9999659061431885|O=2.738869261520449e-05
undestanrd	NORM=0.9898980855941772|O=0.010091004893183708
but	O=0.9999908208847046|NORM=6.620640760957031e-06
now	O=0.9999923706054688|NORM=5.212909400142962e-06
life	O=0.9999895095825195|NORM=6.592984846065519e-06
has	O=0.9999891519546509|NORM=7.3927385528804734e-06
meaning	O=0.9999551773071289|NORM=2.523599505366292e-05

rt	O=0.999991774559021|NORM=6.300973382167285e-06
@larryyys	O=0.9999755620956421|NORM=2.1878842744627036e-05
:	O=0.9999947547912598|NORM=3.049088718398707e-06
remember	O=0.9999731779098511|NORM=1.8762615582090802e-05
the	O=0.9999552965164185|NORM=2.828578908520285e-05
last	O=0.9999715089797974|NORM=1.962734677363187e-05
time	O=0.9999549388885498|NORM=2.921100713138003e-05
niall	O=0.9999635219573975|NORM=3.1957522878656164e-05
performed	O=0.9999698400497437|NORM=2.2226286091608927e-05
at	O=0.9999889135360718|NORM=7.341259333770722e-06
home	O=0.9999858140945435|NORM=1.1032520887965802e-05
n	NORM=0.9999597072601318|O=3.0570074159186333e-05
his	O=0.9999336004257202|NORM=3.331835614517331e-05
friends	O=0.9999771118164062|NORM=1.532474925625138e-05
just	O=0.9999839067459106|NORM=1.0916703104157932e-05
http://t.co/bf60ouiawk	O=0.9999946355819702|NORM=4.232585524732713e-06

#dreadlockrasta	O=0.9999933242797852|NORM=5.539468929782743e-06
with	O=0.9999918937683105|NORM=4.9222817324334756e-06
no	O=0.9999923706054688|NORM=4.99094267070177e-06
trees	O=0.9999929666519165|NORM=5.815429631184088e-06
lol	O=0.9999929666519165|NORM=4.2804458644241095e-06
dats	NORM=0.9999629259109497|O=1.8165856090490706e-05
unique	O=0.999991774559021|NORM=6.671574737993069e-06
...	O=0.9999890327453613|NORM=7.784909939800855e-06

juss	NORM=0.9869580864906311|O=0.012980131432414055
hold	O=0.9999722242355347|NORM=1.9748125851037912e-05
on	O=0.9999864101409912|NORM=1.051880099112168e-05
we	O=0.99998939037323|NORM=9.051583219843451e-06
goin	NORM=0.9999735355377197|O=1.2995942597626708e-05
home	O=0.9999943971633911|NORM=4.106377673451789e-06
http://t.co/jvkdk1awuu	O=0.9999945163726807|NORM=4.291586265026126e-06

@zach_13inman	O=0.999995231628418|NORM=2.784681782941334e-06
lol	O=0.9999853372573853|NORM=6.597340870939661e-06
u	NORM=0.9999704360961914|O=2.1459996787598357e-05
have	O=0.9999836683273315|NORM=9.350782420369796e-06
one	O=0.9999932050704956|NORM=4.890144282398978e-06
too	O=0.9999725818634033|NORM=2.4333885448868386e-05
?	O=0.99998939037323|NORM=7.040491709631169e-06

i	O=0.9999752044677734|NORM=1.7503365597804077e-05
give	O=0.9999414682388306|NORM=3.2374733564211056e-05
no	O=0.9999822378158569|NORM=1.0661542546586134e-05
fucks	O=0.9345348477363586|NORM=0.06544534862041473
wat	NORM=0.9999665021896362|O=2.6852223527384922e-05
someone	O=0.9999672174453735|NORM=1.3429175851342734e-05
has	O=0.9999752044677734|NORM=1.36826784000732e-05
to	O=0.9999858140945435|NORM=8.840801456244662e-06
say	O=0.999981164932251|NORM=9.346648766950238e-06
about	O=0.9999877214431763|NORM=7.101405572029762e-06
another	O=0.9999855756759644|NORM=6.7225123530079145e-06
mf	NORM=0.9998103976249695|O=0.00018578715389594436
cuz	NORM=0.9999406337738037|O=4.593411722453311e-05
alot	NORM=0.9998519420623779|O=0.0001433219003956765
ya	NORM=0.9998409748077393|O=0.00015436649846378714
got	O=0.9999604225158691|NORM=3.123874557786621e-05
bad	O=0.9999905824661255|NORM=6.279735316638835e-06
blood	O=0.9999780654907227|NORM=1.839043397922069e-05
..	O=0.9999836683273315|NORM=1.1606125553953461e-05
str8	O=0.9597564339637756|NORM=0.04022934287786484
hate	O=0.9999247789382935|NORM=7.09963496774435e-05
runnin	NORM=0.9999608993530273|O=2.7351175958756357e-05
thru	NORM=0.9995860457420349|O=0.0004087823035661131
ya	NORM=0.9995926022529602|O=0.0004012998833786696

@harry_styles	O=0.9999963045120239|NORM=2.7757466796174413e-06
heey	O=0.999948263168335|NORM=5.0748705689329654e-05
harry	O=0.9999899864196777|NORM=8.127531145873945e-06
!!!	O=0.9999910593032837|NORM=4.91243463329738e-06
follow	O=0.9999874830245972|NORM=8.234913366322871e-06
me	O=0.9999945163726807|NORM=3.5693778954737354e-06
please	O=0.999993085861206|NORM=4.808249286725186e-06
???	O=0.9999886751174927|NORM=7.766642738715746e-06
you	O=0.9999920129776001|NORM=5.2413015509955585e-06
are	O=0.9999914169311523|NORM=6.4929672589641996e-06
so	O=0.99998939037323|NORM=8.510939551342744e-06
important	O=0.9999926090240479|NORM=5.319478532328503e-06
to	O=0.9999932050704956|NORM=4.829711997444974e-06
me	O=0.9999947547912598|NORM=3.5603425203589723e-06
...	O=0.9999862909317017|NORM=1.0818343071150593e-05
and	O=0.9999940395355225|NORM=4.769784936797805e-06
ilysm	O=0.9998893737792969|NORM=0.00010598004155326635
!!!	O=0.9999922513961792|NORM=4.805155640497105e-06
please	O=0.9999921321868896|NORM=4.90298543809331e-06
notice	O=0.9999887943267822|NORM=8.857697139319498e-06
mee	NORM=0.9997370839118958|O=0.000252068362897262
!!!	O=0.9999923706054688|NORM=5.167308245290769e-06
:s	O=0.9999912977218628|NORM=7.928922968858387e-06
x47	O=0.9999889135360718|NORM=1.0176070645684376e-05

@joeylocascio	O=0.9999932050704956|NORM=5.574232091021258e-06
ty	O=0.9999884366989136|NORM=1.0365633897890802e-05
4	O=0.9999779462814331|NORM=2.0799938283744268e-05
following	O=0.9999909400939941|NORM=7.366086265392369e-06
tattered	O=0.9999885559082031|NORM=1.059213809639914e-05
website	O=0.999980092048645|NORM=1.737037018756382e-05
http://t.co/p6zwaxdud5	O=0.9999947547912598|NORM=3.778276095545152e-06
#facebook	O=0.9999639987945557|NORM=3.07048721879255e-05
http://t.co/xtpeffmpnq	O=0.9999932050704956|NORM=5.558519205806078e-06
#itunes	O=0.9999946355819702|NORM=3.883609224430984e-06
&	O=0.9999942779541016|NORM=4.355154032964492e-06
dwnld	O=0.9999837875366211|NORM=1.5031694601930212e-05
r	O=0.997552216053009|NORM=0.002440800191834569
free	O=0.999992847442627|NORM=5.663869615091244e-06
#android	O=0.9999828338623047|NORM=1.4824344361841213e-05
app	O=0.9999688863754272|NORM=2.6851368602365255e-05

luke	O=0.999970555305481|NORM=2.7106438210466877e-05
hemmings	O=0.9999871253967285|NORM=1.0737245247582905e-05
you	O=0.9999890327453613|NORM=8.28934116725577e-06
follow	O=0.9999841451644897|NORM=1.17884619612596e-05
all	O=0.9999896287918091|NORM=7.551546332251746e-06
my	O=0.9999878406524658|NORM=8.509691724611912e-06
mutuals	O=0.9998169541358948|NORM=0.00018013082444667816
when	O=0.9999725818634033|NORM=1.8482007362763397e-05
will	O=0.9999483823776245|NORM=4.717114643426612e-05
it	O=0.999969482421875|NORM=2.5908739189617336e-05
be	O=0.9999814033508301|NORM=1.6907675671973266e-05
my	O=0.9999831914901733|NORM=1.1020851161447354e-05
turn	O=0.9999583959579468|NORM=3.711780664161779e-05

photoset	O=0.9989815354347229|NORM=0.0010161419631913304
:	O=0.9999946355819702|NORM=3.3989938401646214e-06
guydirectioners	O=0.9999836683273315|NORM=1.1535777957760729e-05
:	O=0.9999938011169434|NORM=3.273388529123622e-06
what	O=0.9999750852584839|NORM=1.645393240323756e-05
are	O=0.9999821186065674|NORM=1.2329614037298597e-05
you	O=0.9999911785125732|NORM=5.340851203072816e-06
wearing	O=0.9999679327011108|NORM=1.8825212464435026e-05
?	O=0.9999918937683105|NORM=4.109752808290068e-06
05/28	O=0.999994158744812|NORM=3.3283706670772517e-06
http://t.co/r6pgtpup0f	O=0.9999953508377075|NORM=3.4017298276012298e-06

rt	O=0.9999918937683105|NORM=6.0199595282028895e-06
@88wfn	O=0.999993085861206|NORM=4.7648886720708106e-06
:	O=0.9999935626983643|NORM=3.4292083910258953e-06
openfollow	O=0.9999513626098633|NORM=4.371601971797645e-05
for	O=0.9999915361404419|NORM=6.475270765804453e-06
rp	O=0.9999587535858154|NORM=3.852861118502915e-05
.	O=0.9999905824661255|NORM=6.5551930674701e-06
retweet	O=0.9999701976776123|NORM=2.4330438463948667e-05
?	O=0.9999858140945435|NORM=1.0693136573536322e-05

@pufc_melissa	O=0.9999945163726807|NORM=4.234757398080546e-06
landaan	O=0.9999940395355225|NORM=4.5157780732552055e-06
.	O=0.9999939203262329|NORM=3.4156937545049004e-06
lol	O=0.9999923706054688|NORM=4.2060228224727325e-06
defo	NORM=0.9998677968978882|O=0.00012150999100413173
worth	O=0.999991774559021|NORM=6.780243893445004e-06
it	O=0.9999936819076538|NORM=4.554420229396783e-06
then	O=0.9999947547912598|NORM=3.85244311473798e-06
yeah	O=0.9999940395355225|NORM=4.575745151669253e-06
lol	O=0.9999903440475464|NORM=5.579204753303202e-06

rt	O=0.9999932050704956|NORM=4.9638570089882705e-06
@relatablequote	O=0.9999921321868896|NORM=5.697366759704892e-06
:	O=0.999994158744812|NORM=2.7481837605591863e-06
when	O=0.9999853372573853|NORM=9.489051990385633e-06
im	NORM=0.9999727010726929|O=1.6089670680230483e-05
mad	O=0.9999878406524658|NORM=8.486976184940431e-06
at	O=0.999991774559021|NORM=5.825042080687126e-06
someone	O=0.999983549118042|NORM=7.997078682819847e-06
but	O=0.9999915361404419|NORM=6.4500627559027635e-06
then	O=0.99998939037323|NORM=9.007914741232526e-06
they	O=0.9999876022338867|NORM=1.0476455827301834e-05
ask	O=0.9999895095825195|NORM=7.995639862201642e-06
if	O=0.9999890327453613|NORM=7.634344001417048e-06
im	NORM=0.9999723434448242|O=1.694768616289366e-05
hungry	O=0.9999839067459106|NORM=1.3392425898928195e-05
http://t.co/bv2hbgivwo	O=0.9999949932098389|NORM=3.477470272628125e-06

rt	O=0.9999939203262329|NORM=4.347185495134909e-06
@fvckxhemmings	O=0.9999955892562866|NORM=3.2222699246631237e-06
:	O=0.9999938011169434|NORM=4.18925174017204e-06
did	O=0.9999922513961792|NORM=6.349850536935264e-06
calum	O=0.9999508857727051|NORM=4.800956230610609e-05
slip	O=0.9999910593032837|NORM=6.628830760746496e-06
?!!	O=0.9999945163726807|NORM=3.600702484618523e-06
omfg	O=0.9999825954437256|NORM=1.646634700591676e-05

@shof2207	O=0.9999945163726807|NORM=3.2532179830013774e-06
hahaha	O=0.9999855756759644|NORM=9.50033609115053e-06
!	O=0.9999912977218628|NORM=4.523096777120372e-06
yeah	O=0.9999810457229614|NORM=1.5503130271099508e-05
it's	O=0.999981164932251|NORM=1.5715737390564755e-05
kinna	NORM=0.9994045495986938|O=0.0005776209873147309
tough	O=0.9999629259109497|NORM=2.6893852918874472e-05
to	O=0.9999902248382568|NORM=6.322368335531792e-06
do	O=0.999976396560669|NORM=1.875757698144298e-05
yourself	O=0.9999889135360718|NORM=5.224298547545914e-06
but	O=0.9999876022338867|NORM=1.020421041175723e-05
it's	O=0.9999773502349854|NORM=2.017207589233294e-05
doable	O=0.9996780157089233|NORM=0.00031639079679735005
!	O=0.9999866485595703|NORM=7.681649549340364e-06
promise	O=0.9999628067016602|NORM=3.3196614822372794e-05
!	O=0.9999815225601196|NORM=1.2140872058807872e-05

conseal	O=0.9999011754989624|NORM=9.713099279906601e-05
dont	NORM=0.9999618530273438|O=2.7167718144482933e-05
feel	O=0.9999744892120361|NORM=2.2178746803547256e-05
..	O=0.9999897480010986|NORM=7.505345820391085e-06
dont	NORM=0.9999463558197021|O=3.977078813477419e-05
let	O=0.9999510049819946|NORM=3.288051811978221e-05
them	O=0.9999831914901733|NORM=1.2547257938422263e-05
know	O=0.9999895095825195|NORM=6.19699267190299e-06
..	O=0.9999904632568359|NORM=7.129327968868893e-06

i	O=0.9999836683273315|NORM=1.0599260349408723e-05
don't	O=0.999987006187439|NORM=8.82193762663519e-06
like	O=0.9999842643737793|NORM=1.0678282706066966e-05
,	O=0.9999717473983765|NORM=2.236058935523033e-05
bcs	NORM=0.999894380569458|O=9.584723738953471e-05
they	O=0.9999384880065918|NORM=5.256952135823667e-05
r	NORM=0.9999054670333862|O=8.655365672893822e-05
so	O=0.9999769926071167|NORM=1.775631244527176e-05
popular	O=0.999981164932251|NORM=1.0914882295764983e-05
n	NORM=0.9999047517776489|O=8.825920667732134e-05
from	O=0.9999793767929077|NORM=1.4372734767675865e-05
big	O=0.9999864101409912|NORM=9.901242265186738e-06
agency	O=0.9999504089355469|NORM=4.285841350792907e-05

@shawnrashmore	O=0.9999922513961792|NORM=5.069059625384398e-06
who	O=0.9999908208847046|NORM=7.33501019567484e-06
is	O=0.9999921321868896|NORM=7.008041393419262e-06
your	O=0.999984860420227|NORM=1.2083653928129934e-05
favourite	NORM=0.9996675252914429|O=0.0003043382603209466
@xmenmovies	O=0.9999938011169434|NORM=4.941080987919122e-06
?	O=0.99998939037323|NORM=7.087493486324092e-06
me	O=0.999981164932251|NORM=1.7044960259227082e-05
it's	O=0.9999865293502808|NORM=1.2807297025574371e-05
the	O=0.9999897480010986|NORM=9.034286449605133e-06
fay	NORM=0.9248483180999756|O=0.0751328244805336
of	O=0.9999698400497437|NORM=2.8983011361560784e-05
futur	NORM=0.9989811778068542|O=0.0009871708462014794
past	O=0.9999568462371826|NORM=4.150997119722888e-05
!	O=0.9999901056289673|NORM=7.2416578404954635e-06
whithout	NORM=0.9996541738510132|O=0.0003306173312012106
hesitation	O=0.9999641180038452|NORM=3.268267755629495e-05
!	O=0.9999889135360718|NORM=8.241014256782364e-06

rt	O=0.9999938011169434|NORM=4.580839686241234e-06
@harryschapel	O=0.9999955892562866|NORM=3.098693923675455e-06
:	O=0.9999948740005493|NORM=2.9721009013883304e-06
zouis	O=0.9999818801879883|NORM=1.6738933481974527e-05
smoking	O=0.999980092048645|NORM=1.0970211405947339e-05
and	O=0.999995231628418|NORM=3.3765802527341293e-06
harrys	O=0.9999849796295166|NORM=1.320553565165028e-05
probably	O=0.9999932050704956|NORM=4.867693860433064e-06
like	O=0.9999951124191284|NORM=3.48820208273537e-06
https://t.co/dbavztaxj7	O=0.9999949932098389|NORM=3.523141913319705e-06

rt	O=0.9999938011169434|NORM=4.495842858887045e-06
@dirtysanchez47	O=0.9999918937683105|NORM=4.497077952692052e-06
:	O=0.9999951124191284|NORM=2.686289235498407e-06
you	O=0.9999785423278809|NORM=1.8289716535946354e-05
in	O=0.9999874830245972|NORM=1.1453790648374707e-05
the	O=0.9999845027923584|NORM=1.215385964314919e-05
presence	O=0.9999810457229614|NORM=1.6569785657338798e-05
of	O=0.9999926090240479|NORM=5.045635589340236e-06
stars	O=0.9999933242797852|NORM=5.6141284403565805e-06
now	O=0.9999927282333374|NORM=6.035346814314835e-06
lil	NORM=0.9999661445617676|O=2.2549489585799165e-05
dipper	O=0.9999754428863525|NORM=2.3162516299635172e-05
haters	O=0.9999923706054688|NORM=5.743893780163489e-06
are	O=0.9999949932098389|NORM=3.851911515084794e-06
haters	O=0.9999933242797852|NORM=4.854732651438098e-06
i	O=0.9999921321868896|NORM=5.494572178577073e-06
love	O=0.9999879598617554|NORM=9.688328646006994e-06
you	O=0.9999878406524658|NORM=9.310901987191755e-06
lil	NORM=0.9999730587005615|O=1.8412207282381132e-05
nikkaz	O=0.9999786615371704|NORM=1.8419073967379518e-05
.	O=0.9999942779541016|NORM=4.000190074293641e-06

rt	O=0.9999935626983643|NORM=4.112982423976064e-06
@rapiikelilwayne	O=0.9999954700469971|NORM=2.4612165816506604e-06
:	O=0.9999948740005493|NORM=2.6717971195466816e-06
when	O=0.999976634979248|NORM=1.5834439182071947e-05
u	NORM=0.9999781847000122|O=1.568233346915804e-05
see	O=0.9999912977218628|NORM=5.920851435803343e-06
"	O=0.9999896287918091|NORM=6.954415312065976e-06
bae	O=0.9999926090240479|NORM=6.005329851177521e-06
"	O=0.9999836683273315|NORM=6.730742370564258e-06
talking	O=0.9999277591705322|NORM=3.330358231323771e-05
to	O=0.9999918937683105|NORM=4.58863542007748e-06
someone	O=0.999985933303833|NORM=6.655401193711441e-06
u	NORM=0.9999756813049316|O=1.59768733283272e-05
kno	NORM=0.9999480247497559|O=4.642568092094734e-05
that's	O=0.9999873638153076|NORM=1.0435192052682396e-05
thirsty	O=0.9999760389328003|NORM=2.0708255760837346e-05
for	O=0.9999836683273315|NORM=1.3848677554051392e-05
em	NORM=0.9998960494995117|O=9.951260290108621e-05
http://t.co/6qthmwja2i	O=0.9999959468841553|NORM=2.731729409788386e-06

@irwinpoppies	O=0.9999910593032837|NORM=7.659548828087281e-06
wow	O=0.9999672174453735|NORM=2.9336353691178374e-05
congratz	NORM=0.9999607801437378|O=2.629461232572794e-05
im	NORM=0.9999758005142212|O=1.1266185538261198e-05
so	O=0.9999109506607056|NORM=7.7202967077028e-05
happy	O=0.9999805688858032|NORM=1.1995674867648631e-05
for	O=0.9999895095825195|NORM=7.948228812892921e-06
you	O=0.9999785423278809|NORM=1.5097934010555036e-05

teta	O=0.9999953508377075|NORM=3.3808501029852778e-06
beso	O=0.9999804496765137|NORM=1.6783875253167935e-05
na	O=0.999994158744812|NORM=4.651652488973923e-06
rosita	O=0.9999936819076538|NORM=4.3539394027902745e-06
(	O=0.9999955892562866|NORM=2.3283075734070735e-06
@r0senschwert	O=0.9999940395355225|NORM=4.630389412341174e-06
live	O=0.9999963045120239|NORM=2.554804723331472e-06
on	O=0.9999961853027344|NORM=2.5639551495260093e-06
http://t.co/p8ihh2gu2b	O=0.9999959468841553|NORM=3.0105413770797895e-06
)	O=0.9999945163726807|NORM=2.593728368083248e-06

rt	O=0.9999910593032837|NORM=7.32454009266803e-06
@biebersgrills	O=0.9999914169311523|NORM=6.9551770138787106e-06
:	O=0.999994158744812|NORM=3.6842579902440775e-06
justin	O=0.9999886751174927|NORM=1.0114215001522098e-05
got	O=0.9999874830245972|NORM=8.672084732097574e-06
sick	O=0.9999927282333374|NORM=5.299069016473368e-06
of	O=0.9999959468841553|NORM=2.7300495730742114e-06
selenas	O=0.999991774559021|NORM=6.6224597503605764e-06
games	O=0.9999871253967285|NORM=9.10704693524167e-06
and	O=0.9999939203262329|NORM=4.51439518656116e-06
now	O=0.9999914169311523|NORM=5.908752427785657e-06
he	O=0.9999927282333374|NORM=4.9635609684628434e-06
tries	O=0.9999829530715942|NORM=1.3120147741574328e-05
to	O=0.999994158744812|NORM=3.735441396202077e-06
move	O=0.9999920129776001|NORM=5.068444352218648e-06
on	O=0.9999945163726807|NORM=4.052426447742619e-06
,	O=0.999993085861206|NORM=4.944654847349739e-06
so	O=0.9999923706054688|NORM=6.051193395251175e-06
jelena	O=0.9999876022338867|NORM=1.1052012268919498e-05
shippers	O=0.999987006187439|NORM=1.07139530882705e-05
u	NORM=0.9999786615371704|O=1.0405567081761546e-05
better	O=0.999992847442627|NORM=5.674574822478462e-06
do	O=0.9999873638153076|NORM=1.0262832802254707e-05
too	O=0.99998939037323|NORM=8.663404514663853e-06
damn	O=0.9999837875366211|NORM=1.4560190720658284e-05

@naegi_actual	O=0.9999958276748657|NORM=2.702262690945645e-06
no	O=0.9999911785125732|NORM=7.900902346591465e-06
pe	O=0.9630743861198425|NORM=0.03691453859210014
righ	NORM=0.6462120413780212|O=0.3537502586841583
t	O=0.9998825788497925|NORM=0.00011618966527748853

rt	O=0.9999922513961792|NORM=6.4194218794000335e-06
@worldstarghetto	O=0.9999867677688599|NORM=1.1685114259307738e-05
:	O=0.9999936819076538|NORM=4.431678007676965e-06
lil	NORM=0.9999754428863525|O=1.5070180779730435e-05
homies	O=0.9999631643295288|NORM=3.515664502629079e-05
a	O=0.9999916553497314|NORM=7.476676728401799e-06
real	O=0.9999954700469971|NORM=3.4427282571414253e-06
g	O=0.9998364448547363|NORM=0.00016210089961532503
http://t.co/aymaquzjpr	O=0.9999949932098389|NORM=3.640918293967843e-06

falling	O=0.999990701675415|NORM=7.152108992158901e-06
off	O=0.9999815225601196|NORM=1.4694226592837367e-05
the	O=0.9999901056289673|NORM=6.772684628231218e-06
jetski	O=0.999891996383667|NORM=9.29586385609582e-05
today	O=0.9999868869781494|NORM=7.223439297376899e-06
was	O=0.9999892711639404|NORM=8.810900908429176e-06
the	O=0.9999914169311523|NORM=5.660383976646699e-06
most	O=0.9999808073043823|NORM=1.0401412509963848e-05
fun	O=0.9999629259109497|NORM=2.3102220438886434e-05
ive	NORM=0.9998842477798462|O=6.166291132103652e-05
had	O=0.9999555349349976|NORM=2.870321441150736e-05
in	O=0.9999765157699585|NORM=1.8642835129867308e-05
a	O=0.9999862909317017|NORM=8.245104254456237e-06
while	O=0.9999436140060425|NORM=4.429375258041546e-05

@stevemratcliff	O=0.9999868869781494|NORM=1.047873684001388e-05
haha	O=0.9999921321868896|NORM=4.8443343985127285e-06
no	O=0.9999945163726807|NORM=3.3186320251843426e-06
worries	O=0.9999690055847168|NORM=2.527941069274675e-05
,	O=0.9999823570251465|NORM=1.4740541701030452e-05
bit	O=0.9848350286483765|NORM=0.01507623866200447
of	O=0.9999797344207764|NORM=1.7431464584660716e-05
a	O=0.9999940395355225|NORM=4.413379429024644e-06
weird	O=0.9999908208847046|NORM=7.128392553568119e-06
name	O=0.9999905824661255|NORM=6.633943939959863e-06
so	O=0.9999923706054688|NORM=6.2151625570550095e-06
it's	O=0.9999918937683105|NORM=6.663608019152889e-06
understandable	O=0.9999946355819702|NORM=3.851050678349566e-06
haha	O=0.9999892711639404|NORM=7.336558610404609e-06

i'm	O=0.9999889135360718|NORM=6.906031558173709e-06
tired	O=0.9999867677688599|NORM=9.094841516343877e-06
of	O=0.9999866485595703|NORM=7.491699307138333e-06
seeing	O=0.9999772310256958|NORM=1.1464274393802043e-05
lsu	NORM=0.9965832829475403|O=0.0034053318668156862
face	O=0.9998989105224609|NORM=9.339459938928485e-05
fck	NORM=0.9992734789848328|O=0.0006911242962814867
.	O=0.9999901056289673|NORM=6.603585461562034e-06

niggas	NORM=0.9999327659606934|O=4.7598161472706124e-05
die	O=0.999923825263977|NORM=7.03038604115136e-05
everyday	O=0.9999840259552002|NORM=9.503855835646391e-06
in	O=0.9999918937683105|NORM=5.96168410993414e-06
big	O=0.9999895095825195|NORM=7.600885965075577e-06
cities	O=0.9999817609786987|NORM=1.3428360034595244e-05
so	O=0.9999897480010986|NORM=8.265334145107772e-06
wht	NORM=0.9997655749320984|O=0.0002255022554891184
moving	O=0.9999818801879883|NORM=8.666686881042551e-06
away	O=0.9999936819076538|NORM=4.300777163734892e-06
gonna	NORM=0.9999040365219116|O=8.592494850745425e-05
do	O=0.9999940395355225|NORM=4.212682142679114e-06
smh	O=0.9999865293502808|NORM=9.973068699764553e-06
y'all	O=0.9993482232093811|NORM=0.0006457484560087323
crazy	O=0.9999886751174927|NORM=6.037176262907451e-06

once	O=0.9999798536300659|NORM=1.5480110960197635e-05
did	O=0.9999721050262451|NORM=2.432675137242768e-05
so	O=0.9999792575836182|NORM=1.876509122666903e-05
little	O=0.999992847442627|NORM=5.767895345343277e-06
revision	O=0.9999737739562988|NORM=2.4571379981352948e-05
for	O=0.9999831914901733|NORM=1.547261854284443e-05
exam	O=0.9999719858169556|NORM=2.5793353415792808e-05
about	O=0.9999843835830688|NORM=1.1848212125187274e-05
brains	O=0.9995588660240173|NORM=0.00042982512968592346
that	O=0.9999915361404419|NORM=5.939186848991085e-06
i	O=0.9999864101409912|NORM=1.0342881068936549e-05
answered	O=0.9999825954437256|NORM=1.3915506315242965e-05
a	O=0.9999903440475464|NORM=8.44669557409361e-06
q	O=0.9998121857643127|NORM=0.00018217979231849313
on	O=0.9999765157699585|NORM=1.654083280300256e-05
the	O=0.9999778270721436|NORM=1.4782228390686214e-05
basis	O=0.9999551773071289|NORM=3.388950426597148e-05
on	O=0.9999837875366211|NORM=1.191663795907516e-05
something	O=0.999964714050293|NORM=2.1916110199526884e-05
learned	O=0.9999790191650391|NORM=1.455570509278914e-05
from	O=0.9999890327453613|NORM=7.529557478846982e-06
adam	O=0.9999783039093018|NORM=1.5468031051568687e-05
sandler	O=0.9999871253967285|NORM=1.0303882845619228e-05
film	O=0.9999690055847168|NORM=2.590302210592199e-05
,	O=0.999984860420227|NORM=1.1625103070400655e-05
the	O=0.9999855756759644|NORM=1.0002224371419288e-05
waterboy	O=0.9998780488967896|NORM=0.00011780755448853597

rt	O=0.9999942779541016|NORM=3.982847374572884e-06
@smtownfamily	O=0.9999954700469971|NORM=2.8942004064447246e-06
:	O=0.9999957084655762|NORM=2.3962741124705644e-06
{	O=0.9999949932098389|NORM=2.9703758173127426e-06
fantaken	O=0.9999921321868896|NORM=6.7059786488243844e-06
}	O=0.9999943971633911|NORM=2.943761046481086e-06
140526	O=0.9999945163726807|NORM=2.930190930783283e-06
luhan	O=0.9999880790710449|NORM=9.453020538785495e-06
at	O=0.999994158744812|NORM=3.788553158301511e-06
mbc	O=0.9999924898147583|NORM=5.005471848562593e-06
idol	O=0.9999903440475464|NORM=6.197860329848481e-06
futsal	O=0.9999871253967285|NORM=8.869220437190961e-06
championship	O=0.9999914169311523|NORM=4.5869269342802e-06
||	O=0.9999911785125732|NORM=5.832058832311304e-06
cr	O=0.9999922513961792|NORM=6.293223577813478e-06
.	O=0.9999924898147583|NORM=5.068122845841572e-06
luvely	O=0.999994158744812|NORM=4.895892743661534e-06
http://t.co/t0babk0v7s	O=0.9999953508377075|NORM=3.4940262594318483e-06

uma	O=0.9999580383300781|NORM=3.981835106969811e-05
see	O=0.9999828338623047|NORM=1.5966934370226227e-05
wats	NORM=0.9980764389038086|O=0.0018874265952035785
to	O=0.9999911785125732|NORM=7.4206755016348325e-06
marshalls	O=0.9999817609786987|NORM=1.6932110156631097e-05
toma	O=0.9999725818634033|NORM=2.4444274458801374e-05

lfsci	O=0.9999803304672241|NORM=1.719664578558877e-05
block	O=0.999967098236084|NORM=3.1420797313330695e-05
lists	O=0.9999812841415405|NORM=1.675516614341177e-05
are	O=0.9999901056289673|NORM=7.233561973407632e-06
out	O=0.9999880790710449|NORM=1.0043590009445325e-05
!!!	O=0.9999939203262329|NORM=3.1795741506357444e-06
aaand	O=0.9991961121559143|NORM=0.0008001786191016436
idk	O=0.9999896287918091|NORM=8.63333661982324e-06
anyone	O=0.9999912977218628|NORM=6.447539817600045e-06

i	O=0.9999914169311523|NORM=5.823051196784945e-06
added	O=0.9999866485595703|NORM=7.860448931751307e-06
a	O=0.9999915361404419|NORM=5.757357939728536e-06
video	O=0.9999858140945435|NORM=9.517487342236564e-06
to	O=0.9999902248382568|NORM=6.7983760345669e-06
a	O=0.9999912977218628|NORM=6.55554185868823e-06
@youtube	O=0.9999822378158569|NORM=1.3650593245984055e-05
playlist	O=0.9999688863754272|NORM=2.6153573344345205e-05
http://t.co/kkn83wtuws	O=0.9999929666519165|NORM=5.094744665257167e-06
hardwell	O=0.9999884366989136|NORM=8.76276953931665e-06
vs	O=0.9999914169311523|NORM=6.0443476286309306e-06
fragma	O=0.9999910593032837|NORM=7.178146461228607e-06
-	O=0.9999921321868896|NORM=4.9889144975168165e-06
spaceman's	O=0.9999916553497314|NORM=6.2994463405630086e-06
miracle	O=0.9999606609344482|NORM=2.8261456463951617e-05
(	O=0.9999912977218628|NORM=6.5058848122134805e-06
hardwell	O=0.9999891519546509|NORM=9.133959792961832e-06
sensation	O=0.9999798536300659|NORM=1.8391028788755648e-05
mashup	O=0.9999850988388062|NORM=1.3286776265886147e-05
)	O=0.999992847442627|NORM=4.46125977759948e-06

rt	O=0.9999929666519165|NORM=5.363017407944426e-06
@nbafollowtrain	O=0.9999933242797852|NORM=5.2861610129184555e-06
:	O=0.9999940395355225|NORM=3.949251549784094e-06
rt	NORM=0.9973835349082947|O=0.0025797663256525993
for	O=0.9999854564666748|NORM=1.3246017260826193e-05
michael	O=0.9999947547912598|NORM=3.813520379480906e-06
jordan	O=0.9999960660934448|NORM=2.8571578241098905e-06
fav	NORM=0.9999380111694336|O=5.499152757693082e-05
for	O=0.9999619722366333|NORM=3.659974754555151e-05
lebron	O=0.9999861717224121|NORM=1.1943516255996656e-05
james	O=0.9999953508377075|NORM=3.4488170967961196e-06
http://t.co/cwhg5cr95q	O=0.999994158744812|NORM=4.463844561541919e-06

rt	O=0.9999932050704956|NORM=5.619141120405402e-06
@cee_lows16	O=0.9999895095825195|NORM=5.890062311664224e-06
:	O=0.9999955892562866|NORM=2.6984869236912346e-06
performance	O=0.999984860420227|NORM=1.233124658028828e-05
tomorrow	O=0.9999877214431763|NORM=1.0356595339544583e-05
at	O=0.9999942779541016|NORM=4.534296749625355e-06
lamedale	O=0.9999253749847412|NORM=7.322687451960519e-05
.	O=0.9999949932098389|NORM=3.6829933378612623e-06
lol	O=0.9999924898147583|NORM=4.4510079533210956e-06
im	NORM=0.999969482421875|O=1.3927060535934288e-05
pretty	O=0.9999827146530151|NORM=1.1852328498207498e-05
pumped	O=0.9999922513961792|NORM=6.3092197706282604e-06
!!!!!	O=0.9999936819076538|NORM=4.133201855438529e-06

don't	O=0.9999436140060425|NORM=5.240541213424876e-05
miss	O=0.9999709129333496|NORM=2.636078897921834e-05
the	O=0.9999662637710571|NORM=2.6862517188419588e-05
update	O=0.9999780654907227|NORM=1.5977962902979925e-05
info	O=0.9997711777687073|NORM=0.00019622864783741534
by	O=0.9999699592590332|NORM=2.679716271813959e-05
subscribing	O=0.9997455477714539|NORM=0.00025128325796686113
your	O=0.9999697208404541|NORM=2.3547137971036136e-05
mail	O=0.9961252808570862|NORM=0.003855542279779911
to	O=0.999992847442627|NORM=5.228809641266707e-06
http://t.co/lbvcsrtgvj	O=0.999994158744812|NORM=4.2266542550351005e-06
,	O=0.9999920129776001|NORM=5.897209575778106e-06
temukan	O=0.9999923706054688|NORM=5.550870355364168e-06
olshop	O=0.9999905824661255|NORM=7.607783118146472e-06
#distributor	O=0.999990701675415|NORM=7.0538885665882844e-06
#grosir	O=0.9999808073043823|NORM=1.580348725838121e-05
#supplier	O=0.9999796152114868|NORM=1.6866415535332635e-05
#1sthand	O=0.9999861717224121|NORM=1.1437577995820902e-05

i	O=0.9999815225601196|NORM=1.2514814443420619e-05
cant	NORM=0.9999759197235107|O=1.606151090527419e-05
wait	O=0.9999837875366211|NORM=1.1647751307464205e-05
for	O=0.9999912977218628|NORM=6.870954621263081e-06
my	O=0.9999923706054688|NORM=4.658232228393899e-06
wwa	O=0.999980092048645|NORM=1.8443954104441218e-05
show	O=0.9999767541885376|NORM=1.8743296095635742e-05
im	NORM=0.9999699592590332|O=1.8374035789747722e-05
dbhdjddn	O=0.9998921155929565|NORM=0.00010579644003883004
f	O=0.9999904632568359|NORM=7.312657089642016e-06

the	O=0.9999818801879883|NORM=1.1203264875803143e-05
movie	O=0.9999761581420898|NORM=1.4709794413647614e-05
revolved	O=0.9999834299087524|NORM=1.2558416528918315e-05
mostly	O=0.9999908208847046|NORM=6.211662821442587e-06
around	O=0.9999918937683105|NORM=5.092849278298672e-06
hugh	O=0.9999822378158569|NORM=1.4909120181982871e-05
jackman	O=0.9999935626983643|NORM=4.0944628381112125e-06
,	O=0.9999924898147583|NORM=4.849827746511437e-06
james	O=0.9999929666519165|NORM=4.392631581140449e-06
mcavoy	O=0.999991774559021|NORM=6.2964022617961746e-06
,	O=0.9999929666519165|NORM=4.608150902640773e-06
michael	O=0.9999933242797852|NORM=4.070587692694971e-06
fassbender	O=0.9999915361404419|NORM=5.814523319713771e-06
,	O=0.9999898672103882|NORM=6.355663572321646e-06
and	O=0.9999939203262329|NORM=3.8295347621897236e-06
patrick	O=0.9999890327453613|NORM=7.152662874432281e-06
stewart	O=0.9999880790710449|NORM=8.6834352259757e-06

rt	O=0.9999932050704956|NORM=5.4641495808027685e-06
@_maryyroses	O=0.9999923706054688|NORM=6.375214525178308e-06
:	O=0.9999935626983643|NORM=4.137448286201106e-06
i	O=0.9999833106994629|NORM=1.1361326869518962e-05
need	O=0.9999827146530151|NORM=1.308766604779521e-05
chipotle	O=0.9999392032623291|NORM=5.741789209423587e-05
or	O=0.9999828338623047|NORM=1.338223501079483e-05
chick	O=0.9989198446273804|NORM=0.0010391139658167958
fil	NORM=0.9930294156074524|O=0.006369677372276783
a	O=0.8596858382225037|NORM=0.1402408629655838
for	O=0.9999486207962036|NORM=4.3272320908727124e-05
dinner	O=0.9999784231185913|NORM=1.623080788704101e-05

im	NORM=0.9999641180038452|O=1.4896740140102338e-05
in	O=0.9999579191207886|NORM=3.334949360578321e-05
a	O=0.9999699592590332|NORM=2.197375761170406e-05
good	O=0.9999409914016724|NORM=3.757532249437645e-05
mood	O=0.9999462366104126|NORM=4.0764974983176216e-05
right	O=0.9999771118164062|NORM=1.5791136320331134e-05
now	O=0.9999666213989258|NORM=2.039800165221095e-05
just	O=0.9999675750732422|NORM=2.311674143129494e-05
cus	NORM=0.9999678134918213|O=1.9240565961808898e-05
this	O=0.9999731779098511|NORM=1.5623707440681756e-05
music	O=0.9998787641525269|NORM=8.472104673273861e-05
.	O=0.9999710321426392|NORM=1.834513204812538e-05

rt	O=0.9999899864196777|NORM=7.696619832131546e-06
@rudeboibynature	O=0.999994158744812|NORM=4.309713403927162e-06
:	O=0.9999901056289673|NORM=6.765505986550124e-06
@tweetandtasteit	O=0.9999258518218994|NORM=7.03328987583518e-05
u	NORM=0.9999758005142212|O=1.6470632544951513e-05
cute	O=0.999985933303833|NORM=1.1411546438466758e-05
wea	O=0.9670199751853943|NORM=0.03297026827931404
u	NORM=0.9999732971191406|O=1.5896997865638696e-05
from	O=0.9999912977218628|NORM=6.787532129237661e-06

rt	O=0.9999940395355225|NORM=4.388235083752079e-06
@5hontour	O=0.9999945163726807|NORM=4.1240859900426585e-06
:	O=0.9999954700469971|NORM=2.5881736291921698e-06
camila	O=0.9999940395355225|NORM=4.318286755733425e-06
with	O=0.9999923706054688|NORM=4.403390903462423e-06
funaki	O=0.999994158744812|NORM=4.409916982694995e-06
and	O=0.9999954700469971|NORM=3.1309323276218493e-06
dinah's	O=0.9999949932098389|NORM=3.658401055872673e-06
aunt	O=0.9999665021896362|NORM=3.146035669487901e-05
(	O=0.9999948740005493|NORM=3.421571818762459e-06
via	O=0.9999948740005493|NORM=4.10375696446863e-06
rinatauveli	O=0.9999887943267822|NORM=9.158702596323565e-06
on	O=0.9999946355819702|NORM=4.025802354590269e-06
ig	NORM=0.997001588344574|O=0.0029743555933237076
)	O=0.9999923706054688|NORM=4.802855983143672e-06
http://t.co/yurai4iiz1	O=0.9999958276748657|NORM=2.6877571599470684e-06

rt	O=0.9999932050704956|NORM=5.114051873533754e-06
@bbcsporf	O=0.9999951124191284|NORM=3.4674299058679026e-06
:	O=0.9999939203262329|NORM=3.693495727929985e-06
exclusive	O=0.9999842643737793|NORM=1.1479660315671936e-05
:	O=0.9999904632568359|NORM=6.724417744408129e-06
footage	O=0.9999421834945679|NORM=4.7062785597518086e-05
of	O=0.9999717473983765|NORM=1.981648529181257e-05
vincent	O=0.9999889135360718|NORM=7.486873528250726e-06
kompany	O=0.9999874830245972|NORM=8.374084245588165e-06
going	O=0.9999880790710449|NORM=7.2194402491732035e-06
up	O=0.9999865293502808|NORM=1.1368494597263634e-05
to	O=0.9999923706054688|NORM=5.253664767224109e-06
yaya	O=0.99998939037323|NORM=8.703460480319336e-06
toure	O=0.9999926090240479|NORM=4.770492068928434e-06
after	O=0.9999808073043823|NORM=1.182491541840136e-05
telling	O=0.9999750852584839|NORM=1.468809296056861e-05
him	O=0.9999816417694092|NORM=1.1232639735681005e-05
he	O=0.9999861717224121|NORM=7.949673999974038e-06
was	O=0.9999854564666748|NORM=1.2514027730503585e-05
leaving	O=0.9999644756317139|NORM=2.5035111320903525e-05
.	O=0.9999908208847046|NORM=5.748575858888216e-06
https://t.co/wxa0klstoh	O=0.9999943971633911|NORM=4.148297193751205e-06

@catarina_cf	O=0.9999905824661255|NORM=5.458796749735484e-06
pls	NORM=0.9999680519104004|O=2.274178586958442e-05
do	O=0.9999889135360718|NORM=7.711799298704136e-06
it	O=0.9999886751174927|NORM=8.599858119850978e-06
for	O=0.9999896287918091|NORM=7.3741457526921295e-06
pitbull	O=0.9999784231185913|NORM=1.9259165128460154e-05

@mshofique	O=0.9999954700469971|NORM=2.9642533263540827e-06
i	O=0.9999903440475464|NORM=6.703658527840162e-06
was	O=0.9999922513961792|NORM=6.260079317144118e-06
gona	NORM=0.999972939491272|O=1.6744643289712258e-05
say	O=0.9999921321868896|NORM=4.561402420222294e-06
something	O=0.9999866485595703|NORM=7.362508313235594e-06
mean	O=0.9999942779541016|NORM=4.139460088481428e-06
but	O=0.9999949932098389|NORM=3.445627044129651e-06
nvm	NORM=0.9998689889907837|O=0.0001209796464536339
.	O=0.9999940395355225|NORM=4.134673872613348e-06
lol	O=0.9999920129776001|NORM=3.863138317683479e-06

@alfredoflores	O=0.999994158744812|NORM=4.5453575694409665e-06
fredo	O=0.9999852180480957|NORM=1.284599602513481e-05
ilysm	O=0.9999862909317017|NORM=1.1696649380610324e-05
can	O=0.9999285936355591|NORM=6.13601878285408e-05
u	NORM=0.9999760389328003|O=1.6525216778973117e-05
follow	O=0.999967098236084|NORM=2.2746058675693348e-05
me	O=0.9999899864196777|NORM=7.157016170822317e-06
please	O=0.9999877214431763|NORM=9.737289474287536e-06
?	O=0.9999871253967285|NORM=1.0671980817278381e-05
x69	O=0.999987006187439|NORM=1.1353688933013473e-05

rt	O=0.9999933242797852|NORM=4.476451067603193e-06
@hayatalvi	O=0.9999932050704956|NORM=4.388859451864846e-06
:	O=0.999992847442627|NORM=4.01587158194161e-06
jihadis	O=0.9999771118164062|NORM=2.0622925148927607e-05
,	O=0.9999871253967285|NORM=9.984827556763776e-06
hardliners	O=0.9999831914901733|NORM=1.481037452322198e-05
fume	O=0.9999818801879883|NORM=1.6754456737544388e-05
over	O=0.9999920129776001|NORM=6.240377842914313e-06
nawaz	O=0.9999661445617676|NORM=3.073300467804074e-05
sharif's	O=0.9999932050704956|NORM=5.763547505921451e-06
visit	O=0.9999806880950928|NORM=1.6868863895069808e-05
to	O=0.999991774559021|NORM=6.122712420619791e-06
india	O=0.9999891519546509|NORM=7.981915587151889e-06
http://t.co/fgcoeg2ngq	O=0.9999932050704956|NORM=4.8110659918165766e-06

yan	O=0.999985933303833|NORM=1.1145762982778251e-05
gomes	O=0.9999873638153076|NORM=9.871374459180515e-06
is	O=0.9999932050704956|NORM=5.174581474420847e-06
better	O=0.9999929666519165|NORM=4.698438260675175e-06
than	O=0.9999942779541016|NORM=3.6387182262842543e-06
jason	O=0.9999918937683105|NORM=6.578988177352585e-06
giambi	O=0.9999891519546509|NORM=7.70123915572185e-06

@maseditor	O=0.9999939203262329|NORM=3.635564098658506e-06
were	O=0.9999884366989136|NORM=1.00728693723795e-05
they	O=0.9999905824661255|NORM=5.911109383305302e-06
all	O=0.9999847412109375|NORM=1.014060944726225e-05
coming	O=0.9999874830245972|NORM=8.297396561829373e-06
from	O=0.9999933242797852|NORM=4.389860805531498e-06
bea	O=0.9999878406524658|NORM=1.0445471161801834e-05
parties	O=0.9999442100524902|NORM=4.0669168811291456e-05
?	O=0.999993085861206|NORM=4.005021310149459e-06
heh	O=0.9999586343765259|NORM=3.908652070094831e-05
.	O=0.9999927282333374|NORM=4.917448677588254e-06

@niallofficial	O=0.9999887943267822|NORM=4.136840743740322e-06
im	NORM=0.9999692440032959|O=1.3692634638573509e-05
so	O=0.9999892711639404|NORM=7.995340638444759e-06
clingy	O=0.9999911785125732|NORM=7.571178684884217e-06
to	O=0.9999932050704956|NORM=4.876927050645463e-06
you	O=0.9999927282333374|NORM=4.540676400210941e-06
right	O=0.9999947547912598|NORM=3.4425324884068687e-06
now	O=0.9999943971633911|NORM=3.553878741513472e-06
lols	O=0.9999908208847046|NORM=7.63358548283577e-06

u	NORM=0.9999768733978271|O=1.647804856474977e-05
just	O=0.9999933242797852|NORM=4.021779204776976e-06
wait	O=0.9999943971633911|NORM=3.940675014746375e-06
"	O=0.9999932050704956|NORM=3.979323537350865e-06
@timmybonez	O=0.9999958276748657|NORM=2.8850220132881077e-06
:	O=0.9999948740005493|NORM=3.331319931021426e-06
@ennyboss	O=0.9999947547912598|NORM=4.10520851801266e-06
errm	NORM=0.8252147436141968|O=0.174763485789299
..	O=0.9999889135360718|NORM=7.454769274772843e-06
what	O=0.9999927282333374|NORM=4.540329882729566e-06
really	O=0.9999936819076538|NORM=3.732612185558537e-06
happened	O=0.9999895095825195|NORM=7.286231721082004e-06
then	O=0.9999933242797852|NORM=5.324430730979657e-06
pls	NORM=0.9999736547470093|O=1.8182377971243113e-05
?	O=0.9999929666519165|NORM=4.7576631914125755e-06
"	O=0.9999934434890747|NORM=4.014230853499612e-06

hong	O=0.9999775886535645|NORM=1.811378933780361e-05
jong	O=0.9999387264251709|NORM=4.5416112698148936e-05
hyun	O=0.9999701976776123|NORM=2.4264722014777362e-05
and	O=0.9999927282333374|NORM=5.963400781183736e-06
girl's	O=0.9999898672103882|NORM=9.258926183974836e-06
day's	O=0.9999494552612305|NORM=4.976235868525691e-05
yura	O=0.999657154083252|NORM=0.0003399224078748375
to	O=0.9999897480010986|NORM=8.95262655831175e-06
join	O=0.9999809265136719|NORM=1.6337944543920457e-05
'	O=0.9999892711639404|NORM=8.742692443775013e-06
we	O=0.9999887943267822|NORM=9.511300049780402e-06
got	O=0.9999663829803467|NORM=2.5680816179374233e-05
married	O=0.9999557733535767|NORM=3.05971952911932e-05
'	O=0.9999909400939941|NORM=5.993636932544177e-06
season	O=0.9999667406082153|NORM=2.754194247245323e-05
4	O=0.9999618530273438|NORM=3.648439087555744e-05
:	O=0.9999887943267822|NORM=8.600375622336287e-06
actor	O=0.999974250793457|NORM=2.0443438188522123e-05
hong	O=0.9999755620956421|NORM=2.0321875126683153e-05
jong	O=0.9999493360519409|NORM=3.6879227991448715e-05
hyun	O=0.9999791383743286|NORM=1.6453888747491874e-05
and	O=0.9999929666519165|NORM=5.778907961939694e-06
girl's	O=0.9999831914901733|NORM=1.5387362509500235e-05
day's	O=0.999962329864502|NORM=3.650745202321559e-05
...	O=0.999982476234436|NORM=1.2627810065168887e-05
http://t.co/ltwr31azco	O=0.9999938011169434|NORM=4.084491138200974e-06

who	O=0.9999873638153076|NORM=9.911180313793011e-06
wore	O=0.9999687671661377|NORM=2.9083710614941083e-05
it	O=0.9999867677688599|NORM=1.1320655175950378e-05
better	O=0.9999914169311523|NORM=6.23364076091093e-06
?	O=0.999991774559021|NORM=4.567973974189954e-06
lee	O=0.9999924898147583|NORM=5.587667601503199e-06
yeon	O=0.9999872446060181|NORM=8.681093277118634e-06
hee	O=0.9999932050704956|NORM=4.185826128377812e-06
vs	O=0.9999920129776001|NORM=4.879037533100927e-06
.	O=0.9999932050704956|NORM=3.76549633074319e-06
jessica	O=0.9999934434890747|NORM=4.548419838101836e-06
http://t.co/grdznikba6	O=0.9999945163726807|NORM=2.826754780471674e-06

@andyhspurs	O=0.9999955892562866|NORM=2.9985947094246512e-06
@stespurs	O=0.9999959468841553|NORM=2.769006414382602e-06
@pipey78	O=0.9999940395355225|NORM=3.1019383186503546e-06
why	O=0.9999854564666748|NORM=1.0880466106755193e-05
you	O=0.9999895095825195|NORM=7.212348464236129e-06
going	O=0.9999828338623047|NORM=8.366007932636421e-06
on	O=0.9999814033508301|NORM=1.1897044714714866e-05
about	O=0.9999886751174927|NORM=6.325880349322688e-06
benitez	O=0.9999841451644897|NORM=1.1864344742207322e-05
?	O=0.9999899864196777|NORM=5.377833531383658e-06
why	O=0.9999901056289673|NORM=7.591595931444317e-06
on	O=0.9999301433563232|NORM=6.45421096123755e-05
earth	O=0.999980092048645|NORM=1.4495682989945635e-05
leave	O=0.9999837875366211|NORM=1.3116980881022755e-05
napoli	O=0.9999874830245972|NORM=1.0388454938947689e-05
now	O=0.9999904632568359|NORM=6.776169357181061e-06
?	O=0.9999904632568359|NORM=5.778209924756084e-06
poch	O=0.9360407590866089|NORM=0.06393533200025558
will	O=0.9999898672103882|NORM=8.221538337238599e-06
get	O=0.9999897480010986|NORM=8.406758752244059e-06
time	O=0.9999914169311523|NORM=6.891935754538281e-06
,	O=0.99998939037323|NORM=8.273201274278108e-06
let's	O=0.9999929666519165|NORM=5.54627513338346e-06
get	O=0.9999852180480957|NORM=1.0704762644309085e-05
behind	O=0.9999867677688599|NORM=1.0989760994561948e-05
him	O=0.9999880790710449|NORM=8.380408871744294e-06

rt	O=0.9999932050704956|NORM=4.547751359496033e-06
@donotkyungsoo	O=0.9999915361404419|NORM=5.947292265773285e-06
:	O=0.9999943971633911|NORM=2.684346100068069e-06
suho	O=0.9999508857727051|NORM=4.658672332880087e-05
going	O=0.9999862909317017|NORM=8.893862286640797e-06
to	O=0.9999912977218628|NORM=5.862791567778913e-06
start	O=0.9999823570251465|NORM=9.438239430892281e-06
crying	O=0.9999903440475464|NORM=6.166112598293694e-06
i	O=0.9999891519546509|NORM=6.550608759425813e-06
can	O=0.9999834299087524|NORM=1.2973682714800816e-05
feel	O=0.9999849796295166|NORM=1.1164688658027444e-05
it	O=0.9999922513961792|NORM=5.402216174843488e-06
lmao	O=0.9999839067459106|NORM=1.1809174793597776e-05

eric	O=0.999988317489624|NORM=9.848074114415795e-06
stonestreet	O=0.9999940395355225|NORM=4.552388872980373e-06
--	O=0.9999886751174927|NORM=5.687933480658103e-06
beefs	O=0.9999431371688843|NORM=5.437337313196622e-05
with	O=0.9999926090240479|NORM=4.866243216383737e-06
kiss	O=0.999988317489624|NORM=9.624109225114807e-06
over	O=0.9999881982803345|NORM=1.086472548195161e-05
perceived	O=0.9999910593032837|NORM=7.1690133154334035e-06
mom	O=0.9999668598175049|NORM=2.947934808616992e-05
diss	NORM=0.9969660639762878|O=0.0029957592487335205
http://t.co/x7kqilw0nb	O=0.9999949932098389|NORM=3.866603492497234e-06

why	O=0.9999818801879883|NORM=1.3775769730273169e-05
is	O=0.9999852180480957|NORM=1.2313611478020903e-05
my	O=0.9999904632568359|NORM=7.6051564974477515e-06
whole	O=0.9999834299087524|NORM=1.4181480764818843e-05
tl	O=0.999462902545929|NORM=0.0005314251175150275
talking	O=0.9998829364776611|NORM=6.384766311384737e-05
about	O=0.9999485015869141|NORM=2.8234229830559343e-05
how	O=0.9999716281890869|NORM=1.8328702935832553e-05
attractive	O=0.999980092048645|NORM=1.5525294656981714e-05
zayn	O=0.9999690055847168|NORM=2.5380046281497926e-05
malik	O=0.99989914894104|NORM=6.487222708528861e-05
is	O=0.9999667406082153|NORM=2.3353042706730776e-05
im	NORM=0.9999681711196899|O=1.642046117922291e-05
having	O=0.9998863935470581|NORM=7.799980812706053e-05
chest	O=0.9992019534111023|NORM=0.0007951534353196621
pains	O=0.9999090433120728|NORM=8.211992826545611e-05

rt	O=0.9999903440475464|NORM=8.256247383542359e-06
@marchyprobs	O=0.9999903440475464|NORM=8.504253855790012e-06
:	O=0.9999947547912598|NORM=3.491295956337126e-06
looch	O=0.9995396137237549|NORM=0.000455378059996292
doesn't	O=0.9999915361404419|NORM=6.7487153501133434e-06
have	O=0.9999895095825195|NORM=7.5440229920786805e-06
to	O=0.9999933242797852|NORM=4.629993327398552e-06
kill	O=0.9999790191650391|NORM=1.6624135241727345e-05
weise	O=0.9993613362312317|NORM=0.000635579286608845
next	O=0.9999933242797852|NORM=4.773435648530722e-06
year	O=0.9999895095825195|NORM=8.737300959182903e-06
now	O=0.999991774559021|NORM=5.8219484344590455e-06
.	O=0.9999935626983643|NORM=4.5694373511651065e-06
he	O=0.9999899864196777|NORM=7.322486453631427e-06
just	O=0.9999911785125732|NORM=6.249693797144573e-06
got	O=0.999984622001648|NORM=1.2714540389424656e-05
destroyed	O=0.9999943971633911|NORM=4.2551318983896635e-06
#nhl15bergeron	O=0.9999940395355225|NORM=4.402289960125927e-06

@sydkn33c	O=0.9999938011169434|NORM=4.134818937018281e-06
@merna_fm	O=0.9999939203262329|NORM=4.269189503247617e-06
weddings	O=0.9999198913574219|NORM=6.992437556618825e-05
in	O=0.9999499320983887|NORM=4.241396891302429e-05
the	O=0.9999738931655884|NORM=1.5784129573148675e-05
summer	O=0.9999639987945557|NORM=2.9024085961282253e-05
in	O=0.9999595880508423|NORM=3.524282874423079e-05
aruba	O=0.9635689854621887|NORM=0.0362546443939209
ofc	NORM=0.9999535083770752|O=4.038959741592407e-05
u	NORM=0.9999750852584839|O=1.8546341379988007e-05
guys	O=0.999439537525177|NORM=0.0005383315146900713
r	NORM=0.9999732971191406|O=2.0172359654679894e-05
my	O=0.9999908208847046|NORM=5.645560122502502e-06
bridesmaids	O=0.9999841451644897|NORM=1.1946569429710507e-05

http://t.co/dye4akqs8e	O=0.9999960660934448|NORM=3.0134544886095682e-06
#2	O=0.9999884366989136|NORM=8.243037882493809e-06
:	O=0.9999934434890747|NORM=4.893298864772078e-06
clep	O=0.9999502897262573|NORM=4.6722980187041685e-05
american	O=0.9999898672103882|NORM=7.092513897077879e-06
literature	O=0.9999735355377197|NORM=2.2019272364559583e-05
with	O=0.999990701675415|NORM=7.063763860060135e-06
online	O=0.9999897480010986|NORM=7.159581855376018e-06
pratice	NORM=0.9605365991592407|O=0.03943919017910957
tests	O=0.9999725818634033|NORM=2.4256079996121116e-05
clep	O=0.9999508857727051|NORM=4.69652732135728e-05
american	O=0.9999896287918091|NORM=7.439653927576728e-06
literature	O=0.9999760389328003|NORM=1.989747215702664e-05
with	O=0.9999921321868896|NORM=6.356174708344042e-06
on	O=0.9999586343765259|NORM=3.9443752029910684e-05
...	O=0.9999802112579346|NORM=1.5668911146349274e-05
http://t.co/gz25gyhzjp	O=0.999995231628418|NORM=3.3991223062912468e-06

looks	O=0.9999876022338867|NORM=7.815971912350506e-06
like	O=0.9999910593032837|NORM=5.749103365815245e-06
1	O=0.999976396560669|NORM=1.5638619515812024e-05
person	O=0.9999874830245972|NORM=8.557387445762288e-06
unfollowed	O=0.9999867677688599|NORM=1.0484942322364077e-05
me	O=0.9999915361404419|NORM=5.069128292234382e-06
recently	O=0.9999910593032837|NORM=5.416468411567621e-06
.	O=0.999993085861206|NORM=3.955689862777945e-06
good	O=0.9999899864196777|NORM=8.135191819746979e-06
thing	O=0.9999305009841919|NORM=6.789608596591279e-05
i	O=0.9999908208847046|NORM=7.10014774085721e-06
use	O=0.9999924898147583|NORM=5.718925876863068e-06
http://t.co/ignryregix	O=0.9999905824661255|NORM=7.970318620209582e-06
to	O=0.9999921321868896|NORM=5.056206646258943e-06
track	O=0.999984622001648|NORM=1.212148526974488e-05
unfollowers	O=0.999972939491272|NORM=2.454812238283921e-05
.	O=0.9999921321868896|NORM=4.757369424623903e-06
#whounfollowedme	O=0.9999918937683105|NORM=5.810788934468292e-06

@nfltalkrt	O=0.999994158744812|NORM=3.684170451379032e-06
i	O=0.9999909400939941|NORM=6.0612464949372225e-06
never	O=0.9999936819076538|NORM=3.98382508137729e-06
put	O=0.9999921321868896|NORM=5.728481482947245e-06
retweet	O=0.9999867677688599|NORM=1.041054474626435e-05
.	O=0.9999943971633911|NORM=3.615139576140791e-06
i	O=0.9999933242797852|NORM=4.367519977677148e-06
just	O=0.9999938011169434|NORM=4.120018274988979e-06
retweeted	O=0.9999903440475464|NORM=8.050514225033112e-06
.	O=0.9999942779541016|NORM=3.519123083606246e-06

rt	O=0.9999938011169434|NORM=4.416186584421666e-06
@aurak4s1h	O=0.9999923706054688|NORM=6.5944623202085495e-06
:	O=0.999995231628418|NORM=2.585346237538033e-06
desain	O=0.9999722242355347|NORM=2.0404671886353754e-05
rumah	O=0.9999667406082153|NORM=2.5943802029360086e-05
mewah	O=0.999983549118042|NORM=1.1048932719859295e-05
-	O=0.9999920129776001|NORM=4.089290086994879e-06
deluxe	O=0.9999716281890869|NORM=2.363941166549921e-05
interior	O=0.9999794960021973|NORM=1.5832205463084392e-05
design	O=0.9999717473983765|NORM=2.172612221329473e-05
with	O=0.9999692440032959|NORM=1.6674608559696935e-05
a	O=0.9999797344207764|NORM=1.2922068890475202e-05
rooftop	O=0.9997695088386536|NORM=0.00021589848620351404
garden	O=0.9998663663864136|NORM=0.00012221491488162428
http://t.co/nwbt6rtj0j	O=0.9999940395355225|NORM=4.45219529865426e-06

@56la_hanif	O=0.9999946355819702|NORM=3.937134351872373e-06
@millick61	O=0.9999938011169434|NORM=3.4400643471599324e-06
lmaoo	O=0.9999794960021973|NORM=1.8482523955754004e-05
aww	O=0.9999818801879883|NORM=1.64822195074521e-05
mane	NORM=0.9998800754547119|O=0.00010887577082030475
i	O=0.9999758005142212|NORM=1.8170281691709533e-05
told	O=0.9999862909317017|NORM=1.0726438631536439e-05
ya	NORM=0.9999477863311768|O=4.582916881190613e-05
ass	O=0.9999792575836182|NORM=1.931401129695587e-05
to	O=0.999991774559021|NORM=5.916620466450695e-06
text	O=0.9999865293502808|NORM=1.0967865819111466e-05
me	O=0.9999915361404419|NORM=4.742721102957148e-06
when	O=0.9999929666519165|NORM=4.925630946672754e-06
you	O=0.9999892711639404|NORM=8.231622814491857e-06
got	O=0.9999868869781494|NORM=1.1176076441188343e-05
up	O=0.999988317489624|NORM=1.0564412150415592e-05
tho	NORM=0.9998620748519897|O=0.00013031769776716828

rt	O=0.9999934434890747|NORM=4.95275071443757e-06
@ammirul_mirza	O=0.9999949932098389|NORM=3.3858887036331e-06
:	O=0.9999946355819702|NORM=3.5399871194385923e-06
muka	O=0.9992377758026123|NORM=0.0007298819837160408
bangga	O=0.9999470710754395|NORM=4.334052573540248e-05
pegang	O=0.999968409538269|NORM=2.615388439153321e-05
thomas	O=0.9999065399169922|NORM=8.98616126505658e-05
cup	O=0.9999785423278809|NORM=1.8519134755479172e-05
.	O=0.9999940395355225|NORM=4.523549250734504e-06
maklumlah	O=0.999951958656311|NORM=4.5552049414254725e-05
'	O=0.9999923706054688|NORM=6.120847956481157e-06
for	O=0.9999898672103882|NORM=8.630275260657072e-06
the	O=0.9999874830245972|NORM=8.766320206632372e-06
first	O=0.9999903440475464|NORM=6.6155826061731204e-06
time	O=0.9999884366989136|NORM=8.881582289177459e-06
in	O=0.9999912977218628|NORM=7.831340553821065e-06
forever	O=0.9999903440475464|NORM=7.955850378493778e-06
'	O=0.999990701675415|NORM=7.050169188005384e-06
hahahahaha	O=0.999976396560669|NORM=2.0454128389246762e-05

john	O=0.9999814033508301|NORM=1.2446445907698944e-05
mayer	O=0.99998939037323|NORM=7.48193042454659e-06
"	O=0.9999814033508301|NORM=1.0920726708718576e-05
xo	O=0.9998958110809326|NORM=9.786651935428381e-05
(	O=0.9999642372131348|NORM=2.3362272258964367e-05
beyonce	O=0.999950647354126|NORM=4.131697642151266e-05
cover	O=0.9998836517333984|NORM=8.619066647952422e-05
)	O=0.9999722242355347|NORM=1.576719296281226e-05
"	O=0.9999847412109375|NORM=9.006180334836245e-06
(	O=0.9999827146530151|NORM=1.1770437595259864e-05
new	O=0.9999788999557495|NORM=1.2896868611278478e-05
music	O=0.9999425411224365|NORM=4.471238935366273e-05
)	O=0.9999749660491943|NORM=1.443173096049577e-05
-	O=0.9999798536300659|NORM=1.2436483302735724e-05
http://t.co/dpwsakocj2	O=0.9999929666519165|NORM=4.1801445149758365e-06

lol	O=0.999993085861206|NORM=4.4216490096005145e-06
rt	O=0.9999908208847046|NORM=7.797161742928438e-06
@fanzorro	O=0.9999953508377075|NORM=2.974762082885718e-06
:	O=0.9999954700469971|NORM=2.6525490284257103e-06
wait	O=0.9999927282333374|NORM=5.570440407609567e-06
..	O=0.9999898672103882|NORM=7.574722076242324e-06
how	O=0.9999861717224121|NORM=1.1221126442251261e-05
,	O=0.9999587535858154|NORM=3.665086842374876e-05
infact	NORM=0.9992762207984924|O=0.0007128256838768721
,	O=0.9999911785125732|NORM=6.816573659307323e-06
why	O=0.9999902248382568|NORM=7.377934252872365e-06
do	O=0.999993085861206|NORM=5.580890956480289e-06
you	O=0.9999934434890747|NORM=4.2058786675625015e-06
know	O=0.9999947547912598|NORM=3.800598733505467e-06
this	O=0.9999949932098389|NORM=3.328656021039933e-06
??	O=0.9999891519546509|NORM=6.8262784225225914e-06
rt	O=0.9999828338623047|NORM=1.6233481801464222e-05
@yung_btee	O=0.9999963045120239|NORM=2.8654617381107528e-06
:	O=0.9999951124191284|NORM=3.163031578878872e-06
most	O=0.9999923706054688|NORM=5.61872957405285e-06
zulu	O=0.9999473094940186|NORM=5.1215116400271654e-05
nikkas	O=0.9999368190765381|NORM=5.9121244703419507e-05
got	O=0.9999721050262451|NORM=2.4555405616411008e-05
fore	O=0.999971866607666|NORM=2.7292067898088135e-05
skin	O=0.9999713897705078|NORM=2.6566411179373972e-05
and	O=0.999991774559021|NORM=6.697264780086698e-06
they	O=0.9999940395355225|NORM=4.5546339606516995e-06
smell	O=0.9999755620956421|NORM=2.2471862394013442e-05
...	O=0.9999878406524658|NORM=8.770873137109447e-06

refreshing	O=0.9999706745147705|NORM=2.2737289327778853e-05
"	O=0.9999939203262329|NORM=3.2722653031669324e-06
@mentionsimi	O=0.9999924898147583|NORM=4.297094619687414e-06
:	O=0.999994158744812|NORM=3.4291483643755782e-06
#spongebobadv	O=0.9999959468841553|NORM=2.6090117444255156e-06
need	O=0.9999923706054688|NORM=6.008805939927697e-06
refreshing	O=0.9999865293502808|NORM=1.1083443496318068e-05
/	O=0.9999938011169434|NORM=3.953637133236043e-06
need	O=0.9999935626983643|NORM=4.947180968883913e-06
hape	O=0.9999510049819946|NORM=4.637891106540337e-05
baru	O=0.999924898147583|NORM=7.159789674915373e-05
?	O=0.999993085861206|NORM=5.003632850275608e-06
"	O=0.999994158744812|NORM=3.314231207696139e-06

rt	O=0.9999940395355225|NORM=4.202958280075109e-06
@jaredleto	O=0.9999958276748657|NORM=2.594224042695714e-06
:	O=0.9999938011169434|NORM=3.906774963979842e-06
cano	O=0.9999819993972778|NORM=1.588931627338752e-05
cristales	O=0.9999892711639404|NORM=8.6497320808121e-06
in	O=0.9999909400939941|NORM=7.515345714637078e-06
colombia	O=0.9999936819076538|NORM=5.023870926379459e-06
http://t.co/aoyiejyloo	O=0.999994158744812|NORM=4.41023257735651e-06
#nfto	O=0.9999942779541016|NORM=4.316953436500626e-06
http://t.co/zhzs5jawt8	O=0.9999951124191284|NORM=3.3048161185433855e-06

@legeaigosse	O=0.9999943971633911|NORM=4.186394107819069e-06
hey	O=0.9999855756759644|NORM=1.3366226994548924e-05
man	O=0.9999806880950928|NORM=1.5421373973367736e-05
.	O=0.9999895095825195|NORM=7.40054974812665e-06
do	O=0.9999803304672241|NORM=1.588580198585987e-05
u	NORM=0.9999743700027466|O=1.738475293677766e-05
have	O=0.9999737739562988|NORM=1.5621079000993632e-05
adress	O=0.9979509711265564|NORM=0.0020406695548444986
for	O=0.9999885559082031|NORM=8.625104783277493e-06
the	O=0.9999914169311523|NORM=6.161845703900326e-06
chaffey	O=0.9994012117385864|NORM=0.000593523436691612
party	O=0.9999526739120483|NORM=3.501277387840673e-05
today	O=0.9999867677688599|NORM=8.255919055955019e-06
?	O=0.9999881982803345|NORM=7.735098733974155e-06

rt	O=0.999994158744812|NORM=4.201720457785996e-06
@_5sosnews_	O=0.9999946355819702|NORM=2.9637956231454154e-06
:	O=0.9999945163726807|NORM=2.847515361281694e-06
calum	O=0.999771773815155|NORM=0.00022584456019103527
tonight	O=0.9999854564666748|NORM=1.0471049790794495e-05
at	O=0.9999905824661255|NORM=7.514604931202484e-06
the	O=0.9999852180480957|NORM=1.0333670616091695e-05
stadium	O=0.9999663829803467|NORM=2.629064692882821e-05
of	O=0.9999877214431763|NORM=9.985832548409235e-06
light	O=0.9999881982803345|NORM=1.012044413073454e-05
sunderland	O=0.9999653100967407|NORM=3.0184080969775096e-05
!	O=0.9999873638153076|NORM=7.80956179369241e-06
(	O=0.999994158744812|NORM=3.895236204698449e-06
via	O=0.999991774559021|NORM=6.7960781962028705e-06
our	O=0.9999909400939941|NORM=7.390904556814348e-06
c	O=0.9951177835464478|NORM=0.004877426195889711
o-o	O=0.9999709129333496|NORM=2.726966886257287e-05
wner	O=0.9997106194496155|NORM=0.00028779514832422137
@cliffxrdstop	O=0.9999940395355225|NORM=4.299708507460309e-06
)	O=0.9999918937683105|NORM=4.119444838579511e-06
http://t.co/6lxuolzxft	O=0.9999957084655762|NORM=2.574170594016323e-06

india	O=0.9999790191650391|NORM=1.7217756976606324e-05
lose	O=0.9999903440475464|NORM=8.435989002464339e-06
to	O=0.9999938011169434|NORM=4.301905391912442e-06
japan	O=0.9999914169311523|NORM=5.688090368494159e-06
,	O=0.9999936819076538|NORM=4.212237854517298e-06
settle	O=0.9999885559082031|NORM=9.494170626567211e-06
for	O=0.999995231628418|NORM=3.3083674679801334e-06
uber	O=0.9999887943267822|NORM=9.396940185979474e-06
cup	O=0.9999791383743286|NORM=1.3100581782055087e-05
bronze	O=0.9999918937683105|NORM=6.721599675074685e-06
:	O=0.9999926090240479|NORM=4.462879587663338e-06
olympic	O=0.9999814033508301|NORM=1.5723237083875574e-05
champion	O=0.9999860525131226|NORM=9.45627562032314e-06
li	O=0.9999892711639404|NORM=8.10336132417433e-06
xuerui	O=0.9999858140945435|NORM=1.0153627044928726e-05
,	O=0.9999939203262329|NORM=4.279449967725668e-06
world	O=0.9999916553497314|NORM=5.983006758469855e-06
no	O=0.9999935626983643|NORM=4.711142992164241e-06
.	O=0.9999933242797852|NORM=5.08892389916582e-06
2	O=0.9999508857727051|NORM=4.605534559232183e-05
shixian	O=0.9999923706054688|NORM=5.383691132010426e-06
wang	O=0.9999896287918091|NORM=6.529518486786401e-06
and	O=0.9999955892562866|NORM=3.0242347293096827e-06
top	O=0.9999836683273315|NORM=1.4576624380424619e-05
d	O=0.9991130232810974|NORM=0.000883683969732374
...	O=0.9999865293502808|NORM=8.876061656337697e-06
http://t.co/pzo1yng7cs	O=0.9999945163726807|NORM=3.68075802725798e-06

rt	O=0.9999936819076538|NORM=4.5169435907155275e-06
@gatorzonesball	O=0.9999918937683105|NORM=5.83488326810766e-06
:	O=0.9999943971633911|NORM=2.7352184588380624e-06
walkoff	O=0.9936121106147766|NORM=0.006381312385201454
grand	O=0.999987006187439|NORM=8.739129953028169e-06
slam	O=0.9999685287475586|NORM=2.714614493015688e-05
chelsea	O=0.9999923706054688|NORM=5.034104106016457e-06
herndon	O=0.9999914169311523|NORM=5.88043667448801e-06
!	O=0.9999896287918091|NORM=5.033547495258972e-06
#gators	O=0.9999774694442749|NORM=1.5803947462700307e-05
defeat	O=0.9999912977218628|NORM=4.994017672288464e-06
baylor	O=0.9999833106994629|NORM=1.1339709089952521e-05
,	O=0.9999866485595703|NORM=7.995662599569187e-06
11-0	O=0.9999814033508301|NORM=1.2268471436982509e-05
(	O=0.9999899864196777|NORM=7.11865141056478e-06
5	O=0.999980092048645|NORM=1.4582343283109367e-05
innings)	O=0.9999909400939941|NORM=5.662438070430653e-06
!	O=0.9999912977218628|NORM=4.962957518728217e-06

rt	O=0.9999938011169434|NORM=4.77968796985806e-06
@lilreese300	O=0.9999949932098389|NORM=3.3861567771964474e-06
:	O=0.9999959468841553|NORM=2.5786184778553434e-06
i'm	O=0.9999929666519165|NORM=5.823082574352156e-06
oblock	NORM=0.9783219695091248|O=0.021639324724674225
300	O=0.9999924898147583|NORM=6.04995420872001e-06
bitch	O=0.9999886751174927|NORM=1.0572277460596524e-05
yu	NORM=0.9999654293060303|O=2.7144429623149335e-05
kno	NORM=0.9999080896377563|O=8.322369831148535e-05
how	O=0.9999890327453613|NORM=9.210022653860506e-06
id	O=0.9997555613517761|NORM=0.0002399700169917196
go	O=0.9999946355819702|NORM=4.0465033634973224e-06
!!....	O=0.9999932050704956|NORM=4.549330242298311e-06

@robtwo_	O=0.9999938011169434|NORM=4.44300258095609e-06
idk	O=0.9999929666519165|NORM=5.612638233287726e-06
yet	O=0.9999897480010986|NORM=9.011079782794695e-06
foolie	O=0.9944855570793152|NORM=0.005506290588527918
ill	NORM=0.9299669861793518|O=0.06998550146818161
let	O=0.9999885559082031|NORM=9.096097528527025e-06
you	O=0.9999825954437256|NORM=1.2166883607278578e-05
know	O=0.9999933242797852|NORM=4.608179096976528e-06

"	O=0.9999948740005493|NORM=3.327055992485839e-06
@imgooby	O=0.9999914169311523|NORM=7.1476888479082845e-06
:	O=0.9999951124191284|NORM=3.2881823699426604e-06
zoom	O=0.999987006187439|NORM=1.1276963959971908e-05
in	O=0.9999923706054688|NORM=6.218298494786723e-06
2	O=0.9999046325683594|NORM=9.342106932308525e-05
c	O=0.999974250793457|NORM=2.492072781024035e-05
an	O=0.9999914169311523|NORM=7.897273462731391e-06
sekret	O=0.9999366998672485|NORM=6.119612226029858e-05
mesage	O=0.999954342842102|NORM=4.4014377635903656e-05
http://t.co/wahejeh987	O=0.9999949932098389|NORM=3.1445881631952943e-06
"	O=0.9999942779541016|NORM=3.2113996439875336e-06
@emilydavison196	O=0.9999948740005493|NORM=3.542395916156238e-06
@carolinemckiben	O=0.9999955892562866|NORM=3.1582435440213885e-06
you	O=0.999987006187439|NORM=1.1273501513642259e-05
will	O=0.9999551773071289|NORM=4.134944538236596e-05
appreciate	O=0.9999836683273315|NORM=1.3945758837508038e-05
this	O=0.9999936819076538|NORM=4.9277532525593415e-06
!	O=0.9999921321868896|NORM=5.281805897539016e-06
#urafegit	O=0.9999938011169434|NORM=5.109784069645684e-06

rt	O=0.999993085861206|NORM=4.322682798374444e-06
@_ctkg	O=0.9999945163726807|NORM=3.5361065329198027e-06
:	O=0.9999953508377075|NORM=2.0754675915668486e-06
free	O=0.9999932050704956|NORM=4.8133974814845715e-06
big	O=0.9999926090240479|NORM=6.039612799213501e-06
cuz	NORM=0.9999487400054932|O=4.057417027070187e-05
mane	NORM=0.9982572197914124|O=0.0017209149664267898
i'm	O=0.9999914169311523|NORM=5.152305220690323e-06
sick	O=0.9999914169311523|NORM=7.1102549554780126e-06
without	O=0.9999936819076538|NORM=4.4162661652080715e-06
my	O=0.9999923706054688|NORM=5.237905497779138e-06
nigga	NORM=0.999966025352478|O=2.640111415530555e-05
out	O=0.9999939203262329|NORM=4.212681687931763e-06
here	O=0.9999936819076538|NORM=2.95581321552163e-06
right	O=0.9999951124191284|NORM=2.87116722574865e-06
now	O=0.9999943971633911|NORM=2.9613456717925146e-06

@tbrazy719	O=0.9999945163726807|NORM=2.4982923605421092e-06
cross	O=0.999991774559021|NORM=6.5838203227031045e-06
fit	O=0.9999910593032837|NORM=6.538687557622325e-06
uce	O=0.9481409788131714|NORM=0.05185115337371826
.	O=0.9999945163726807|NORM=3.2964255751721794e-06
get	O=0.99998939037323|NORM=5.8121154324908275e-06
fit	O=0.999991774559021|NORM=4.868063115281984e-06
fast	O=0.9999884366989136|NORM=7.003158316365443e-06
lol	O=0.999992847442627|NORM=3.740262854989851e-06

rt	O=0.9999938011169434|NORM=4.4425410123949405e-06
@dollfacelopez	O=0.9999943971633911|NORM=4.555891791824251e-06
:	O=0.999995231628418|NORM=2.9090401767462026e-06
@mikiaalexis	O=0.9999953508377075|NORM=3.493166786938673e-06
i	O=0.9999932050704956|NORM=5.134694674779894e-06
got	O=0.9999830722808838|NORM=1.4154263226373587e-05
u	NORM=0.9999703168869019|O=1.9556064216885716e-05
bra	O=0.9999681711196899|NORM=3.0344846891239285e-05
.	O=0.9999942779541016|NORM=4.148201696807519e-06
i'm	O=0.9999932050704956|NORM=5.63028243050212e-06
bouta	NORM=0.9999369382858276|O=2.9692730095121078e-05
come	O=0.9999858140945435|NORM=1.2542815056804102e-05
scoop	O=0.9963087439537048|NORM=0.003687859745696187
u	NORM=0.999966025352478|O=2.07991342904279e-05
from	O=0.9999903440475464|NORM=8.19759225123562e-06
the	O=0.9999954700469971|NORM=3.5613500131148612e-06
hills	O=0.9999946355819702|NORM=4.64980939796078e-06
boy	O=0.9999927282333374|NORM=6.100441623857478e-06
boy	O=0.999991774559021|NORM=6.6858356149168685e-06

@myxolo	O=0.9999936819076538|NORM=4.7479306886089034e-06
#missionmillion	O=0.9999926090240479|NORM=5.194633104110835e-06
pass	O=0.999993085861206|NORM=5.344535111362347e-06
the	O=0.9999945163726807|NORM=4.1372077248524874e-06
xolo	O=0.9999878406524658|NORM=1.0135632692254148e-05
lfc	O=0.9999785423278809|NORM=1.842158417275641e-05
football	O=0.9999895095825195|NORM=8.024261660466436e-06
to	O=0.9999949932098389|NORM=3.402192760404432e-06
@dronapanchal	O=0.9999947547912598|NORM=3.4252411751367617e-06
join	O=0.9999812841415405|NORM=1.1733996871043928e-05
in	O=0.999992847442627|NORM=5.040294126956724e-06
and	O=0.9999924898147583|NORM=5.218675141804852e-06
pass	O=0.9999909400939941|NORM=6.469835170719307e-06
the	O=0.9999923706054688|NORM=5.384410087572178e-06
ball	O=0.9999898672103882|NORM=8.169437933247536e-06
:)	O=0.9999904632568359|NORM=5.355107532523107e-06
#missionmillion	O=0.9999916553497314|NORM=6.245573331398191e-06
487	O=0.9999785423278809|NORM=1.90327027667081e-05

rt	O=0.9999939203262329|NORM=3.996722625743132e-06
@yeolstagram	O=0.9999934434890747|NORM=4.524517407844542e-06
:	O=0.999992847442627|NORM=3.6240569443179993e-06
srsly	NORM=0.9972364902496338|O=0.002743871882557869
why	O=0.9999865293502808|NORM=1.0014842700911686e-05
do	O=0.9999856948852539|NORM=1.1354247362760361e-05
sm	O=0.9999256134033203|NORM=7.154628838179633e-05
forbid	O=0.9991666078567505|NORM=0.0008113240473903716
fans	O=0.9999862909317017|NORM=8.770801287028007e-06
from	O=0.9999829530715942|NORM=9.323109225078952e-06
bringing	O=0.9999732971191406|NORM=1.8765247659757733e-05
cameras	O=0.9999172687530518|NORM=7.843306957511231e-05
srsly	NORM=0.9988462924957275|O=0.0011135493405163288
it's	O=0.9999483823776245|NORM=4.8073401558212936e-05
use	O=0.999900221824646|NORM=9.704580588731915e-05
to	O=0.9999794960021973|NORM=1.5659486962249503e-05
capture	O=0.9999493360519409|NORM=3.772061609197408e-05
memorable	O=0.999923586845398|NORM=6.607622344745323e-05
moments	O=0.9999454021453857|NORM=3.995398583356291e-05

@lordtug	O=0.99998939037323|NORM=8.844079275149852e-06
fuck	O=0.9999459981918335|NORM=3.7391484511317685e-05
you	O=0.9999785423278809|NORM=1.4554880181094632e-05
and	O=0.9999892711639404|NORM=8.731077286938671e-06
that	O=0.9999871253967285|NORM=8.640117812319659e-06
weak	O=0.9999871253967285|NORM=1.0354642654419877e-05
ass	O=0.9999834299087524|NORM=1.3310622307471931e-05
nigga	NORM=0.9999560117721558|O=3.338675378472544e-05
who	O=0.9999912977218628|NORM=7.12359133103746e-06
favorited	O=0.9999351501464844|NORM=6.075500641600229e-05
it	O=0.9999899864196777|NORM=7.203497716545826e-06

#albert_stanlie	O=0.9999951124191284|NORM=3.5945529361924855e-06
inf	O=0.9999802112579346|NORM=1.7929321984411217e-05
:	O=0.9999939203262329|NORM=4.2605711314536165e-06
goodell	O=0.999992847442627|NORM=5.657353540300392e-06
responds	O=0.9999908208847046|NORM=7.870706212997902e-06
to	O=0.9999963045120239|NORM=2.5346137135784375e-06
nflpa	O=0.9999146461486816|NORM=8.370476280106232e-05
criticism	O=0.9999886751174927|NORM=8.422422069997992e-06
:	O=0.999994158744812|NORM=3.8660473364870995e-06
goodell	O=0.9999934434890747|NORM=5.113774932397064e-06
responds	O=0.9999897480010986|NORM=8.938959581428207e-06
to	O=0.9999959468841553|NORM=2.889841198339127e-06
nflpa	O=0.9998794794082642|NORM=0.0001188227761304006
criticism	O=0.9999895095825195|NORM=8.393946700380184e-06
over	O=0.9999940395355225|NORM=4.933524451189442e-06
delayed	O=0.9999921321868896|NORM=6.65912511976785e-06
dis	NORM=0.951163113117218|O=0.04869788512587547
...	O=0.9999762773513794|NORM=1.9830868041026406e-05
http://t.co/bh7wl5dmvh	O=0.9999943971633911|NORM=4.596806775225559e-06

@anithassim	O=0.9999929666519165|NORM=4.223756150167901e-06
do	O=0.9999916553497314|NORM=5.883108315174468e-06
i	O=0.9999901056289673|NORM=6.609337560803397e-06
have	O=0.9999921321868896|NORM=4.326134785515023e-06
to	O=0.9999918937683105|NORM=4.7540024752379395e-06
tell	O=0.9999921321868896|NORM=4.049736162414774e-06
u	NORM=0.9999725818634033|O=1.897725451271981e-05
??????	O=0.9999903440475464|NORM=4.814798103325302e-06
hahaha	O=0.9999921321868896|NORM=4.066947440151125e-06
nyaaaaa	O=0.9999847412109375|NORM=1.2437919394869823e-05
used	O=0.9999769926071167|NORM=1.498237452324247e-05
to	O=0.9999912977218628|NORM=5.761272859672317e-06
be	O=0.9999949932098389|NORM=3.417574134800816e-06
my	O=0.9999918937683105|NORM=3.3205258205271093e-06
crush	O=0.9998812675476074|NORM=9.729722660267726e-05
do	O=0.9999918937683105|NORM=6.721009867760586e-06
plus	O=0.9999821186065674|NORM=1.5291234376491047e-05
cutee	NORM=0.9757974743843079|O=0.024152860045433044
hehehe	O=0.9999939203262329|NORM=3.898572231264552e-06

@tyboney	O=0.9999924898147583|NORM=6.751316504960414e-06
lmao	O=0.9999934434890747|NORM=5.289964065013919e-06
!	O=0.9999938011169434|NORM=3.868125531880651e-06
crazy	O=0.9999916553497314|NORM=6.580184617632767e-06
ahh	O=0.9999566078186035|NORM=4.1968633013311774e-05
girl	O=0.9999920129776001|NORM=6.46169064566493e-06
..	O=0.9999872446060181|NORM=1.0129741895070765e-05
i	O=0.999990701675415|NORM=7.440372428391129e-06
guess	O=0.9999887943267822|NORM=1.0116752491740044e-05
you	O=0.999993085861206|NORM=5.570814209931996e-06
were	O=0.9999873638153076|NORM=1.1476182407932356e-05
supposed	O=0.9999912977218628|NORM=7.181831733760191e-06
to	O=0.9999905824661255|NORM=8.033743142732419e-06
be	O=0.999992847442627|NORM=5.947804766037734e-06
pressed	O=0.9999926090240479|NORM=6.358009159157518e-06
???	O=0.9999909400939941|NORM=6.254700565477833e-06
#unbothered	O=0.9999942779541016|NORM=4.680631263909163e-06

rt	O=0.9999949932098389|NORM=3.2860098144738004e-06
@purekabarangayg	O=0.9999948740005493|NORM=3.5298880902701057e-06
:	O=0.9999954700469971|NORM=2.615617631818168e-06
satin	O=0.9999932050704956|NORM=5.622019671136513e-06
na	O=0.9999921321868896|NORM=6.506268164230278e-06
to	O=0.9999955892562866|NORM=3.044810910068918e-06
pleaseeeee	NORM=0.9658741354942322|O=0.03406661003828049
.	O=0.9999949932098389|NORM=3.030163043149514e-06
go	O=0.9999922513961792|NORM=5.6704270718910266e-06
ginebra	O=0.9999896287918091|NORM=8.624481779406779e-06
!	O=0.9999945163726807|NORM=2.521041778891231e-06
3-0	O=0.9999897480010986|NORM=5.89191222388763e-06
!	O=0.9999936819076538|NORM=3.10475479636807e-06
puso	O=0.9999865293502808|NORM=1.1316938980598934e-05
!	O=0.999994158744812|NORM=3.5483747069520177e-06
puso	O=0.9999889135360718|NORM=9.178237633022945e-06
!	O=0.9999938011169434|NORM=3.936507255275501e-06
puso	O=0.9999879598617554|NORM=1.0195702998316847e-05
!	O=0.9999943971633911|NORM=3.461295364104444e-06
#ginebra	O=0.9999940395355225|NORM=4.318434548622463e-06
#nsd	O=0.9999936819076538|NORM=4.06000935981865e-06

@ray71107935	O=0.9999951124191284|NORM=3.3091748719016323e-06
nah	NORM=0.9999203681945801|O=7.320737495319918e-05
u	NORM=0.9999788999557495|O=1.4393288438441232e-05
wallin	NORM=0.9998278617858887|O=0.00016255665104836226
u	NORM=0.99997878074646|O=1.472093390475493e-05
gotta	O=0.999991774559021|NORM=7.37144773665932e-06
go	O=0.9999939203262329|NORM=5.052214874012861e-06
all	O=0.9999934434890747|NORM=5.6795752243488096e-06
over	O=0.9999904632568359|NORM=8.385369255847763e-06
ct	O=0.9998645782470703|NORM=0.0001320139563176781
not	O=0.999993085861206|NORM=5.887427050765837e-06
jus	NORM=0.7104521989822388|O=0.2893524467945099
ansonia	O=0.9999921321868896|NORM=6.785641289752675e-06

rt	O=0.9999938011169434|NORM=4.227970748615917e-06
@jvreyes12	O=0.9999934434890747|NORM=2.8886026939289877e-06
:	O=0.9999947547912598|NORM=2.6323341444367543e-06
nas	O=0.9998201727867126|NORM=0.00016825342027004808
buie	O=0.9999685287475586|NORM=2.7504482204676606e-05
sectional	O=0.999980092048645|NORM=1.759305268933531e-05
champion	O=0.999954104423523|NORM=3.1596624467056245e-05
in	O=0.999987006187439|NORM=1.0282677976647392e-05
the	O=0.9999892711639404|NORM=7.194272711785743e-06
discus	O=0.9998242259025574|NORM=0.00017192855011671782
throw	O=0.9981182813644409|NORM=0.0018707802519202232
http://t.co/gpdap5ynqt	O=0.9999947547912598|NORM=3.871200078719994e-06

rt	O=0.9999933242797852|NORM=4.6120699153107125e-06
@natnatnatchiu	O=0.9999951124191284|NORM=3.5023624604946235e-06
:	O=0.9999945163726807|NORM=3.1719168873678427e-06
new	O=0.9999853372573853|NORM=1.0068017218145542e-05
method	O=0.9999680519104004|NORM=2.7834179491037503e-05
of	O=0.9999932050704956|NORM=5.223114840191556e-06
ponning	O=0.9999829530715942|NORM=1.551777677377686e-05
school	O=0.9999880790710449|NORM=8.541435818187892e-06
hahhahaha	O=0.9999877214431763|NORM=1.032425006997073e-05
http://t.co/xrvmh0dmhc	O=0.9999953508377075|NORM=3.2308173558703857e-06

rt	O=0.9999939203262329|NORM=4.0943627936940175e-06
@syazakatrina	O=0.999993085861206|NORM=3.5100624700135086e-06
:	O=0.9999948740005493|NORM=2.963793804156012e-06
can	O=0.9999713897705078|NORM=2.4827453671605326e-05
i	O=0.9999877214431763|NORM=1.0101511179527733e-05
pls	NORM=0.9999566078186035|O=3.54575713572558e-05
be	O=0.9999949932098389|NORM=4.300877208152087e-06
khloe	O=0.9999773502349854|NORM=2.0974999642930925e-05
k	O=0.9999898672103882|NORM=7.63906973588746e-06
http://t.co/d7ltg1djr0	O=0.9999939203262329|NORM=4.169673502474325e-06

#crankpm	O=0.9999943971633911|NORM=4.0084964894049335e-06
4/20	O=0.9999847412109375|NORM=1.2653323210543022e-05
beat	O=0.9999598264694214|NORM=3.481786188785918e-05
tape	O=0.9999713897705078|NORM=2.4602082703495398e-05
(	O=0.9999909400939941|NORM=6.21247454546392e-06
prod	O=0.9999768733978271|NORM=2.1033220036770217e-05
.	O=0.9999871253967285|NORM=1.1384820027160458e-05
by	O=0.9999891519546509|NORM=8.991441973194014e-06
d	O=0.9946086406707764|NORM=0.005385340191423893
shortz	O=0.999077558517456|NORM=0.0009078335133381188
)	O=0.999988317489624|NORM=7.010421086306451e-06
http://t.co/l44rsobvmu	O=0.999992847442627|NORM=4.750956577481702e-06

@srnonstop	O=0.9999914169311523|NORM=6.755830327165313e-06
budur	O=0.9940066337585449|NORM=0.005973015911877155
isteeeee	O=0.9998893737792969|NORM=0.00010759365977719426
!	O=0.999993085861206|NORM=4.12368672186858e-06
eye	O=0.9999816417694092|NORM=1.4962325622036587e-05
of	O=0.9999924898147583|NORM=5.925648565607844e-06
the	O=0.999994158744812|NORM=4.332253865868552e-06
tiger'im	O=0.999826967716217|NORM=0.00016969440912362188
benim	O=0.9999790191650391|NORM=1.4824627214693464e-05
;)	O=0.9999886751174927|NORM=8.065455403993838e-06

oh	O=0.999976396560669|NORM=1.9585915651987307e-05
gosh	NORM=0.8353148102760315|O=0.16463468968868256
i	O=0.9999799728393555|NORM=1.662937029323075e-05
sound	O=0.9999107122421265|NORM=8.035633800318465e-05
rlly	NORM=0.9969336986541748|O=0.0030258840415626764
depressed	O=0.9999889135360718|NORM=8.290241567010526e-06
but	O=0.9999910593032837|NORM=6.627256425417727e-06
im	NORM=0.9999765157699585|O=1.2978950508113485e-05
laughinf	NORM=0.9999206066131592|O=6.621764623560011e-05
for	O=0.9999923706054688|NORM=5.777250862593064e-06
no	O=0.9999920129776001|NORM=5.266579591989284e-06
damn	O=0.9999344348907471|NORM=6.13426964264363e-05
reason	O=0.9999868869781494|NORM=1.0787462997541297e-05
.	O=0.9999903440475464|NORM=6.312970072031021e-06

@thevampsband	O=0.9999914169311523|NORM=6.78614151183865e-06
follow	O=0.9999818801879883|NORM=1.1429099686210975e-05
me	O=0.9999945163726807|NORM=3.6542116959026316e-06
please	O=0.9999939203262329|NORM=4.4133703340776265e-06
ilysm	O=0.9996069073677063|NORM=0.0003900235169567168
omg	O=0.9999932050704956|NORM=5.398188477556687e-06
#thevampsbgt	O=0.9999949932098389|NORM=4.0538125176681206e-06
31	O=0.9999943971633911|NORM=4.30576210419531e-06

@rp_scales	O=0.9999957084655762|NORM=2.698304570003529e-06
hey	O=0.9999711513519287|NORM=2.7011668862542138e-05
hi	O=0.9999797344207764|NORM=1.7565014786669053e-05
i'm	O=0.9999804496765137|NORM=1.1587927474465687e-05
tenshi	O=0.9999302625656128|NORM=5.6371191021753475e-05
or	O=0.9999936819076538|NORM=4.219756647216855e-06
my	O=0.9999768733978271|NORM=9.313499504060019e-06
name	O=0.999970555305481|NORM=1.0706503417168278e-05
is	O=0.9999880790710449|NORM=6.609929641854251e-06
tenshi	O=0.9999403953552246|NORM=4.4658594561042264e-05
n	NORM=0.9999399185180664|O=4.895695383311249e-05
you	O=0.9999814033508301|NORM=1.2827217688027304e-05
are	O=0.9999711513519287|NORM=2.1310783267836086e-05
?	O=0.9999905824661255|NORM=4.8618817345413845e-06

@flyboiidotcom	O=0.9999953508377075|NORM=2.708931560846395e-06
nigga	NORM=0.9999748468399048|O=1.850677654147148e-05
gon	NORM=0.9999634027481079|O=2.7450334528111853e-05
look	O=0.9999887943267822|NORM=6.96733468430466e-06
like	O=0.999993085861206|NORM=4.4387556954461616e-06
50	O=0.9999933242797852|NORM=4.604853529599495e-06
on	O=0.9999946355819702|NORM=3.6365720461617457e-06
"	O=0.9999923706054688|NORM=4.23931442128378e-06
all	O=0.9999868869781494|NORM=8.5844794739387e-06
things	O=0.9999698400497437|NORM=1.6724641682230867e-05
fall	O=0.9999847412109375|NORM=1.0350511729484424e-05
apart	O=0.999988317489624|NORM=7.480674412363442e-06
"	O=0.9999926090240479|NORM=3.97840267396532e-06
lmaoo	O=0.9999817609786987|NORM=1.5085590348462574e-05

study	O=0.9999793767929077|NORM=1.4950980585126672e-05
week	O=0.9999829530715942|NORM=1.4838688002782874e-05
itu	O=0.9999395608901978|NORM=4.416669253259897e-05
penting	O=0.9999792575836182|NORM=1.7983435100177303e-05
buat	O=0.9999610185623169|NORM=2.9986611480126157e-05
kami	O=0.999985933303833|NORM=9.280813173973002e-06
.	O=0.9999912977218628|NORM=5.9626072470564395e-06

i'm	O=0.9999942779541016|NORM=4.182958036835771e-06
at	O=0.9999943971633911|NORM=4.054908004036406e-06
ioi	O=0.9999819993972778|NORM=1.5896044715191238e-05
mall	O=0.999964714050293|NORM=2.232171937066596e-05
(	O=0.9999911785125732|NORM=5.06345395479002e-06
puchong	O=0.9999724626541138|NORM=1.9275366867077537e-05
,	O=0.9999945163726807|NORM=3.243274022679543e-06
selangor	O=0.999992847442627|NORM=5.221335413807537e-06
)	O=0.9999897480010986|NORM=4.3250929593341425e-06
w/	O=0.9999912977218628|NORM=6.01472220296273e-06
23	O=0.9999860525131226|NORM=1.0361201020714361e-05
others	O=0.9999886751174927|NORM=6.624587058468023e-06
https://t.co/un8sawl71z	O=0.9999957084655762|NORM=2.9233756322355475e-06

#nowplaying	O=0.9999935626983643|NORM=5.299432359606726e-06
on	O=0.9999951124191284|NORM=3.6137905681243865e-06
#fuerza943fm	O=0.9999947547912598|NORM=4.05552054871805e-06
yiyo	O=0.9998941421508789|NORM=0.00010301033034920692
sarante	O=0.9999856948852539|NORM=9.642237273510545e-06
-	O=0.9999905824661255|NORM=6.022334218869219e-06
homenaje	O=0.999874472618103|NORM=0.00011630590597633272
a	O=0.9999884366989136|NORM=9.737008440424688e-06
willy	O=0.9999890327453613|NORM=9.406087883689906e-06
gonzales	O=0.9999856948852539|NORM=9.263276297133416e-06
click	O=0.9999845027923584|NORM=1.1427015124354511e-05
to	O=0.9999891519546509|NORM=8.699534191691782e-06
listen	O=0.9999756813049316|NORM=1.628521567909047e-05
http://t.co/ywv0tbwfbx	O=0.9999954700469971|NORM=3.126546062048874e-06

zouis	O=0.9999819993972778|NORM=1.4682143955724314e-05
is	O=0.9999902248382568|NORM=5.926957783231046e-06
probably	O=0.9999874830245972|NORM=7.182557510532206e-06
sitting	O=0.9999761581420898|NORM=1.0984625077981036e-05
in	O=0.999991774559021|NORM=6.245597887755139e-06
their	O=0.9999924898147583|NORM=4.938106485496974e-06
scooby	O=0.9999626874923706|NORM=3.319904863019474e-05
doo	O=0.9999845027923584|NORM=1.2513670299085788e-05
mystery	O=0.9999583959579468|NORM=2.4992496037157252e-05
van	O=0.9999854564666748|NORM=1.2088963558198884e-05
lighting	O=0.9999890327453613|NORM=8.389501090277918e-06
up	O=0.999990701675415|NORM=5.820932074129814e-06
another	O=0.999988317489624|NORM=4.495303983276244e-06
blunt	O=0.9999845027923584|NORM=1.3141644558345433e-05
while	O=0.9999936819076538|NORM=3.9451847442251164e-06
scrolling	O=0.9999904632568359|NORM=5.84117242397042e-06
down	O=0.999994158744812|NORM=3.3832457120297477e-06
twitter	O=0.9999731779098511|NORM=1.9455517758615315e-05
and	O=0.9999942779541016|NORM=3.4630945719982265e-06
laughing	O=0.9999914169311523|NORM=5.2052341743547e-06
at	O=0.9999927282333374|NORM=4.417234322318109e-06
everyone	O=0.9999909400939941|NORM=4.4793018787459005e-06

yaya	O=0.9999845027923584|NORM=1.281743789149914e-05
toure	O=0.9999934434890747|NORM=4.385425654618302e-06
refuses	O=0.9999866485595703|NORM=1.0460062185302377e-05
to	O=0.9999829530715942|NORM=8.772001820034347e-06
commit	O=0.9999734163284302|NORM=2.2468277165899053e-05
future	O=0.9999395608901978|NORM=5.325610254658386e-05
to	O=0.9999843835830688|NORM=1.1112895663245581e-05
manchester	O=0.9999873638153076|NORM=9.07146659301361e-06
city	O=0.9999862909317017|NORM=7.862754500820301e-06
http://t.co/cuty8s3wnu	O=0.9999942779541016|NORM=3.941155682696262e-06

can	O=0.9999732971191406|NORM=2.391014641034417e-05
y'all	O=0.9999619722366333|NORM=3.121408008155413e-05
pls	NORM=0.9999703168869019|O=2.33247901633149e-05
shut	O=0.9999701976776123|NORM=2.6860547222895548e-05
the	O=0.9999890327453613|NORM=7.939369425002951e-06
fk	O=0.7893918752670288|NORM=0.2105935662984848
up	O=0.999982476234436|NORM=1.547691681480501e-05

the	O=0.9999865293502808|NORM=1.0558170288277324e-05
dumbs	O=0.9999778270721436|NORM=1.845542101364117e-05
will	O=0.9999845027923584|NORM=1.313345001108246e-05
be	O=0.9999880790710449|NORM=9.89541604212718e-06
on	O=0.9999847412109375|NORM=1.2596829947142396e-05
asc	O=0.8533691167831421|NORM=0.1466151773929596
show	O=0.9999620914459229|NORM=3.320213363622315e-05
again	O=0.9999860525131226|NORM=1.0948452654702123e-05
*	O=0.9999895095825195|NORM=6.792454314563656e-06
claps	O=0.9998723268508911|NORM=0.00012583845818880945
*	O=0.9999897480010986|NORM=6.329121333692456e-06

rt	O=0.9999911785125732|NORM=6.722037142026238e-06
@yvonnewenger	O=0.9999910593032837|NORM=6.075089913792908e-06
:	O=0.9999885559082031|NORM=7.214797278720653e-06
police	O=0.9999163150787354|NORM=6.676305929431692e-05
commissioner	O=0.9999852180480957|NORM=9.382346433994826e-06
batts	O=0.9989097118377686|NORM=0.0010639185784384608
wants	O=0.9999208450317383|NORM=5.036872607888654e-05
to	O=0.9999402761459351|NORM=2.781074545055162e-05
spend	O=0.9999302625656128|NORM=4.142676334595308e-05
$5.5	O=0.9996501207351685|NORM=0.00028378827846609056
m	O=0.9980385899543762|NORM=0.0019192332401871681
on	O=0.9998030066490173|NORM=0.0001357599103357643
aviation-related	O=0.999603807926178|NORM=0.00025158043717965484
special	O=0.9996591806411743|NORM=0.0002776277542579919
operations	O=0.9998290538787842|NORM=0.00014922476839274168
.	O=0.9999569654464722|NORM=3.0124532713671215e-05

video	O=0.9999871253967285|NORM=8.68685674504377e-06
:	O=0.9999921321868896|NORM=5.429532848211238e-06
'	O=0.9999868869781494|NORM=1.0071836186398286e-05
all	O=0.9999866485595703|NORM=9.976390174415428e-06
out	O=0.9999767541885376|NORM=1.909958155010827e-05
'	O=0.9999887943267822|NORM=8.149921086442191e-06
demi	O=0.9999523162841797|NORM=4.5483786379918456e-05
la	O=0.9999837875366211|NORM=1.3999207112647127e-05
decima	O=0.9999814033508301|NORM=1.7084737919503823e-05
http://t.co/0cs9iaq0vd	O=0.9999948740005493|NORM=3.4721413157967618e-06

haha	O=0.9999896287918091|NORM=7.750187251076568e-06
love	O=0.9999898672103882|NORM=8.203407560358755e-06
that	O=0.9999929666519165|NORM=4.890618583885953e-06
nike	O=0.9994999170303345|NORM=0.0004736031114589423
advert	O=0.9999682903289795|NORM=2.7525888071977533e-05
.	O=0.9999920129776001|NORM=5.688305009243777e-06
ronaldo	O=0.9999885559082031|NORM=9.500817213847768e-06
:	O=0.9999932050704956|NORM=4.889752290182514e-06
"	O=0.9999929666519165|NORM=4.838511358684627e-06
but	O=0.9999921321868896|NORM=6.268849119805964e-06
not	O=0.9999920129776001|NORM=6.5017393353627995e-06
her	O=0.9999818801879883|NORM=1.583849370945245e-05
.	O=0.9999905824661255|NORM=7.039458978397306e-06
"	O=0.9999927282333374|NORM=4.77358344141976e-06
ooooohh	O=0.9599729180335999|NORM=0.04000859707593918
!!	O=0.9999923706054688|NORM=5.374811280489666e-06
burn	O=0.9999728202819824|NORM=2.544473136367742e-05
!	O=0.9999916553497314|NORM=5.997305834171129e-06
lol	O=0.9999923706054688|NORM=4.727601663034875e-06

rt	O=0.9999923706054688|NORM=5.356751898943912e-06
@gxthluke	O=0.9999945163726807|NORM=3.830618425126886e-06
:	O=0.999992847442627|NORM=4.319121671869652e-06
"	O=0.9999918937683105|NORM=4.547198841464706e-06
and	O=0.9999821186065674|NORM=1.3945723367214669e-05
on	O=0.9999845027923584|NORM=1.1705912584147882e-05
the	O=0.9999762773513794|NORM=1.7175565517391078e-05
seventh	O=0.99996018409729|NORM=3.0145120035740547e-05
day	O=0.9999812841415405|NORM=1.503647490608273e-05
,	O=0.999987006187439|NORM=9.551678886055015e-06
god	O=0.9999210834503174|NORM=6.708146975142881e-05
created	O=0.9999648332595825|NORM=2.74560024990933e-05
the	O=0.99998939037323|NORM=6.799790298828157e-06
janoskians	O=0.9999740123748779|NORM=2.0708530428237282e-05
in	O=0.99997878074646|NORM=1.8001581338467076e-05
bandanas	O=0.9999465942382812|NORM=4.589629315887578e-05
"	O=0.9999908208847046|NORM=4.937547146255383e-06
http://t.co/cudsu1wmmj	O=0.999994158744812|NORM=3.889656454703072e-06

@iezzaahs	O=0.999995231628418|NORM=3.6380315577844158e-06
@ainnaprincess	O=0.9999951124191284|NORM=3.055467232115916e-06
shld	NORM=0.9286139607429504|O=0.0713687390089035
i	O=0.9999912977218628|NORM=6.783908247598447e-06
ask	O=0.9999942779541016|NORM=4.4352109398460016e-06
u	NORM=0.9999700784683228|O=2.2587888452108018e-05
...	O=0.9999792575836182|NORM=1.6179850717890076e-05
y	NORM=0.9939736723899841|O=0.006014438346028328
dun	NORM=0.9999586343765259|O=3.4573065931908786e-05
u	NORM=0.9999692440032959|O=2.2664322386845015e-05
hve	NORM=0.9999393224716187|O=5.0747916247928515e-05
summer	O=0.9999754428863525|NORM=2.1772744730697013e-05
vaccations	O=0.9999276399612427|NORM=6.387536268448457e-05
??	O=0.9999892711639404|NORM=7.726561307208613e-06

.	O=0.9999940395355225|NORM=3.7754602999484632e-06
see	O=0.9999880790710449|NORM=1.0401973668194842e-05
ii	O=0.9870403409004211|NORM=0.012891565449535847
respect	O=0.9999819993972778|NORM=1.4227218343876302e-05
nassau	O=0.9999791383743286|NORM=1.845653423515614e-05
&	O=0.9999880790710449|NORM=8.122494364215527e-06
junkanoo	O=0.999990701675415|NORM=7.49828450352652e-06
but	O=0.9999936819076538|NORM=4.892824563285103e-06
they	O=0.999993085861206|NORM=5.697214419342345e-06
know	O=0.999991774559021|NORM=6.374080385285197e-06
they	O=0.9999946355819702|NORM=4.2772171582328156e-06
could	O=0.9999574422836304|NORM=3.490202288958244e-05
have	O=0.9999899864196777|NORM=7.699688467255328e-06
come	O=0.9999830722808838|NORM=1.1758650543924887e-05
out	O=0.99998939037323|NORM=9.167578355118167e-06
wayy	NORM=0.9985678195953369|O=0.0014210955705493689
better	O=0.9999927282333374|NORM=5.051799234934151e-06
than	O=0.9999932050704956|NORM=4.732404704554938e-06
this	O=0.9999949932098389|NORM=2.978121756314067e-06
.	O=0.9999940395355225|NORM=4.0478207665728405e-06
smt	O=0.9773051738739014|NORM=0.02268788032233715
remind	O=0.9999558925628662|NORM=2.9392029318842106e-05
me	O=0.9999901056289673|NORM=5.989888904878171e-06
of	O=0.9999904632568359|NORM=6.297366780927405e-06
fpo	O=0.9999784231185913|NORM=1.893367152661085e-05
junkanoo	O=0.9999856948852539|NORM=1.0567518984316848e-05

neikeiishav	O=0.9999845027923584|NORM=1.0740381185314618e-05
:	O=0.9999939203262329|NORM=3.2286227451550076e-06
my	O=0.9999932050704956|NORM=3.993317022832343e-06
heart	O=0.999992847442627|NORM=5.16924274052144e-06
where	O=0.9999853372573853|NORM=9.759923159435857e-06
are	O=0.9999823570251465|NORM=1.4018853107700124e-05
u	NORM=0.9999707937240601|O=2.1170295440242626e-05
,	O=0.9999911785125732|NORM=6.031930752214976e-06
i	O=0.9999841451644897|NORM=9.123058589466382e-06
can	O=0.9999921321868896|NORM=5.28802047483623e-06
go	O=0.9999902248382568|NORM=5.694618266716134e-06
out	O=0.9999921321868896|NORM=5.763008630310651e-06
now	O=0.999993085861206|NORM=4.15829299527104e-06
!	O=0.999993085861206|NORM=3.7237427932268474e-06
/	O=0.9999947547912598|NORM=3.277971018178505e-06
hehe	O=0.9999922513961792|NORM=4.799201633431949e-06
,	O=0.9999924898147583|NORM=4.8522010729357135e-06
let's	O=0.9999935626983643|NORM=4.102420916751726e-06
go	O=0.9999889135360718|NORM=6.576716259587556e-06
to	O=0.9999915361404419|NORM=5.919604973314563e-06
the	O=0.9999926090240479|NORM=4.5975307330081705e-06
beach	O=0.9999825954437256|NORM=1.1164416719111614e-05
.	O=0.9999929666519165|NORM=4.068998805450974e-06
lol	O=0.9999901056289673|NORM=4.8549522944085766e-06
,	O=0.9999898672103882|NORM=7.385915523627773e-06
happy	O=0.9999895095825195|NORM=8.69090490596136e-06
me	O=0.9999929666519165|NORM=5.864148988621309e-06
it	O=0.999991774559021|NORM=6.720541023241822e-06

@taevhyung1	O=0.9999954700469971|NORM=2.2752160475647543e-06
anak	O=0.9999693632125854|NORM=2.6922356482828036e-05
emak	O=0.9999860525131226|NORM=1.2459162462619133e-05
is	O=0.9999936819076538|NORM=5.319301635609008e-06
my	O=0.9999942779541016|NORM=3.8071268591011176e-06
style	O=0.9999936819076538|NORM=5.285986844683066e-06
mblow	NORM=0.5296468734741211|O=0.4703037142753601

grabe	O=0.9425048828125|NORM=0.05747775733470917
after	O=0.999988317489624|NORM=8.21608591650147e-06
2	O=0.9999450445175171|NORM=4.4915890612173826e-05
years	O=0.9999594688415527|NORM=2.3151502318796702e-05
na	O=0.9998648166656494|NORM=0.00013311640941537917
agad	O=0.9998212456703186|NORM=0.00017545867012813687
hahahaa	O=0.9999901056289673|NORM=7.708366865699645e-06

@tgonnzalez	O=0.9999929666519165|NORM=3.2009565984481014e-06
imma	NORM=0.9998113512992859|O=0.0001764829648891464
hafto	O=0.9999765157699585|NORM=2.022952503466513e-05
agree	O=0.99996018409729|NORM=1.2572589184856042e-05
with	O=0.9999889135360718|NORM=4.764864115713863e-06
that	O=0.9999874830245972|NORM=5.04380113852676e-06
statement	O=0.999947190284729|NORM=1.7483556803199463e-05
lol	O=0.9999810457229614|NORM=7.068938430165872e-06

rt	O=0.9999938011169434|NORM=4.372606326796813e-06
@suhelseth	O=0.9999945163726807|NORM=3.3323738080071053e-06
:	O=0.9999947547912598|NORM=2.6360446554463124e-06
digvijay	O=0.999992847442627|NORM=5.6257399592141155e-06
amrita	O=0.999995231628418|NORM=3.0479213819489814e-06
singh	O=0.9999840259552002|NORM=1.244724899152061e-05
just	O=0.9999822378158569|NORM=8.841190719977021e-06
told	O=0.9999712705612183|NORM=1.5032281226012856e-05
me	O=0.9999935626983643|NORM=3.5517173273547087e-06
that	O=0.9999901056289673|NORM=5.573237103817519e-06
the	O=0.999993085861206|NORM=4.6907425712561235e-06
congress	O=0.9999791383743286|NORM=1.5574336430290714e-05
loves	O=0.9999884366989136|NORM=8.551276550861076e-06
sanjay	O=0.999991774559021|NORM=6.819295322202379e-06
jha	O=0.9973008036613464|NORM=0.0026924372650682926
.	O=0.9999923706054688|NORM=5.3476105676963925e-06
because	O=0.9999747276306152|NORM=1.7470070815761574e-05
he	O=0.9999886751174927|NORM=6.530558039230527e-06
makes	O=0.9999639987945557|NORM=2.1021318389102817e-05
even	O=0.9999935626983643|NORM=4.592040113493567e-06
rahul	O=0.9999816417694092|NORM=1.4874798580422066e-05
look	O=0.9999815225601196|NORM=1.1624422768363729e-05
intelligent	O=0.9999779462814331|NORM=1.3110200598021038e-05
!!!	O=0.9999895095825195|NORM=5.983622031635605e-06

http://t.co/zdhldjjchb	O=0.999995231628418|NORM=3.6417732189875096e-06
markit	O=0.9999527931213379|NORM=4.623634958988987e-05
us	O=0.9999887943267822|NORM=1.0264023330819327e-05
pmi	O=0.9999878406524658|NORM=1.1043543054256588e-05
services	O=0.999987006187439|NORM=1.0660516636562534e-05
(	O=0.9999932050704956|NORM=5.491382580657955e-06
prelim	O=0.9999492168426514|NORM=4.8663128836778924e-05
)	O=0.9999926090240479|NORM=5.832940587424673e-06
may	O=0.9999910593032837|NORM=8.165700819517951e-06
:	O=0.9999929666519165|NORM=5.766267804574454e-06
58.4	O=0.9999891519546509|NORM=9.18008663575165e-06
,	O=0.9999933242797852|NORM=5.604830676020356e-06
exp	O=0.9999775886535645|NORM=2.140347169188317e-05
54.5	O=0.9999898672103882|NORM=9.01900784811005e-06
,	O=0.9999939203262329|NORM=5.1532565521483775e-06
prev	O=0.99991774559021|NORM=8.086829620879143e-05
55	O=0.9999922513961792|NORM=6.425607807614142e-06
,	O=0.999994158744812|NORM=4.829817953577731e-06
range	O=0.9999939203262329|NORM=5.249054993328173e-06
54	O=0.999992847442627|NORM=6.042247150617186e-06
to	O=0.9999945163726807|NORM=4.527142209553858e-06
56.5	O=0.9999905824661255|NORM=7.794706107233651e-06

http://t.co/5l6gk0tuye	O=0.999995231628418|NORM=3.79591665478074e-06
#4	O=0.9999737739562988|NORM=2.45209794229595e-05
:	O=0.9999940395355225|NORM=4.2668211790442e-06
mad	O=0.9999908208847046|NORM=6.915877747815102e-06
catz	O=0.9999866485595703|NORM=1.1963574252149556e-05
r	O=0.9999923706054688|NORM=6.024901722412324e-06
.	O=0.9999881982803345|NORM=8.848388461046852e-06
a	O=0.9999779462814331|NORM=2.0177378246444277e-05
.	O=0.9999839067459106|NORM=1.3539530300477054e-05
t	O=0.9999878406524658|NORM=1.0713983101595659e-05
.	O=0.9999943971633911|NORM=4.326586349634454e-06
5	O=0.9999841451644897|NORM=1.3513695193978492e-05
gaming	O=0.9999722242355347|NORM=2.0418920030351728e-05
mouse	O=0.9999818801879883|NORM=1.5240390894177835e-05
for	O=0.9999920129776001|NORM=5.7681932048581075e-06
pc	O=0.9999912977218628|NORM=6.596021648874739e-06
and	O=0.9999934434890747|NORM=4.57096257377998e-06
mac	O=0.999982476234436|NORM=1.4406523405341431e-05
mad	O=0.9999910593032837|NORM=6.604681857425021e-06
catz	O=0.9999892711639404|NORM=9.403076546732336e-06
r	O=0.9999927282333374|NORM=5.661881004925817e-06
.	O=0.9999865293502808|NORM=1.0426309927424882e-05
a	O=0.9999862909317017|NORM=1.2294874068174977e-05
.	O=0.99998939037323|NORM=8.739575605432037e-06
t	O=0.9999904632568359|NORM=8.228108526964206e-06
.	O=0.9999945163726807|NORM=4.127745341975242e-06
5	O=0.9999805688858032|NORM=1.6709023839212023e-05
gaming	O=0.9999639987945557|NORM=2.8278696845518425e-05
mouse	O=0.9999657869338989|NORM=2.992470581375528e-05
for	O=0.9999904632568359|NORM=7.0070941546873655e-06
pc	O=0.9999879598617554|NORM=9.718856745166704e-06
a	O=0.9999879598617554|NORM=1.0851830666069873e-05
...	O=0.9999830722808838|NORM=1.2441149010555819e-05
http://t.co/wkyu5fj8sr	O=0.9999957084655762|NORM=3.223595058443607e-06

indie	O=0.9999821186065674|NORM=1.6716716345399618e-05
spotlight	O=0.99997878074646|NORM=2.0096489606657997e-05
on	O=0.9999920129776001|NORM=6.356962330755778e-06
earth	O=0.9999922513961792|NORM=6.194108209456317e-06
kid	O=0.9999608993530273|NORM=3.8050959119573236e-05
hero	O=0.999954104423523|NORM=3.916832065442577e-05
by	O=0.999994158744812|NORM=4.177774826530367e-06
korey	O=0.9999858140945435|NORM=1.3267856047605164e-05
troyer	O=0.9999943971633911|NORM=4.40196845374885e-06
@koreytroyer	O=0.9999957084655762|NORM=3.0246219466789626e-06
http://t.co/awa2fm4evm	O=0.9999918937683105|NORM=7.061024007271044e-06
via	O=0.9999942779541016|NORM=4.761827767651994e-06
@hacktothefuture	O=0.9999948740005493|NORM=4.1963016883528326e-06

rt	O=0.9999946355819702|NORM=3.582422550607589e-06
@mccannada	O=0.9999961853027344|NORM=2.067608193101478e-06
:	O=0.9999958276748657|NORM=2.03257468456286e-06
i	O=0.9999886751174927|NORM=8.128837180265691e-06
hate	O=0.9999905824661255|NORM=7.392326097033219e-06
missing	O=0.9999946355819702|NORM=3.7786646771564847e-06
this	O=0.9999943971633911|NORM=3.1366851089842385e-06
shit	O=0.9999654293060303|NORM=2.837666943378281e-05
because	O=0.9999861717224121|NORM=9.781857443158515e-06
im	NORM=0.9999738931655884|O=1.5167597666732036e-05
so	O=0.9999897480010986|NORM=8.352847544301767e-06
lost	O=0.9999935626983643|NORM=4.4558628360391594e-06
why	O=0.9999933242797852|NORM=5.1594688557088375e-06
didnt	NORM=0.999975323677063|O=1.3101068361720536e-05
carter	O=0.9999901056289673|NORM=8.70023086463334e-06
invite	O=0.9999828338623047|NORM=1.53541532199597e-05
taylor	O=0.9999819993972778|NORM=1.4574460692529101e-05
lolz	O=0.9999867677688599|NORM=1.1947659004363231e-05
bye	O=0.997685432434082|NORM=0.0023116879165172577

@michael5sos	O=0.9999936819076538|NORM=4.008382347819861e-06
a	O=0.9999940395355225|NORM=4.395028554426972e-06
follow	O=0.9999896287918091|NORM=7.703343726461753e-06
from	O=0.9999923706054688|NORM=5.139903350936947e-06
u	NORM=0.9999793767929077|O=1.2999762475374155e-05
is	O=0.999993085861206|NORM=5.052012511441717e-06
like	O=0.9999911785125732|NORM=5.812159088236513e-06
catching	O=0.999994158744812|NORM=4.386253294796916e-06
rare	O=0.9999910593032837|NORM=5.457342012959998e-06
pokemon	O=0.9999935626983643|NORM=5.239975052973023e-06
...	O=0.999988317489624|NORM=6.9334405452536885e-06
michael	O=0.9999954700469971|NORM=2.9807433747919276e-06
clifford	O=0.999993085861206|NORM=5.078131380287232e-06
from	O=0.9999954700469971|NORM=2.761941914286581e-06
5sos	O=0.9999879598617554|NORM=1.0551671039138455e-05
be	O=0.9999828338623047|NORM=1.6217760276049376e-05
my	O=0.9999943971633911|NORM=3.590976575651439e-06
rare	O=0.999990701675415|NORM=7.0780802161607426e-06
pokemon	O=0.9999938011169434|NORM=5.253597009868827e-06
and	O=0.9999943971633911|NORM=3.7949400848447112e-06
let	O=0.9999873638153076|NORM=8.249706297647208e-06
me	O=0.9999953508377075|NORM=2.8219651539984625e-06
catch	O=0.9999909400939941|NORM=5.7780143833952025e-06
a	O=0.9999940395355225|NORM=3.844897946692072e-06
follow	O=0.9999903440475464|NORM=6.880764431116404e-06
(;	O=0.9999929666519165|NORM=5.108659024699591e-06
x73	O=0.9999911785125732|NORM=7.768492650939152e-06

rt	O=0.9999935626983643|NORM=4.981010533811059e-06
@worldstarfunny	O=0.9999940395355225|NORM=4.87998795506428e-06
:	O=0.9999957084655762|NORM=2.483924845364527e-06
manny	O=0.999994158744812|NORM=4.537877885013586e-06
pacquiao	O=0.9999938011169434|NORM=4.940487087878864e-06
is	O=0.9999924898147583|NORM=6.542059054481797e-06
real	O=0.9999904632568359|NORM=8.244368473242503e-06
af	NORM=0.9509696364402771|O=0.04893109202384949
for	O=0.9999529123306274|NORM=4.103113315068185e-05
this	O=0.9999947547912598|NORM=3.7736522244813386e-06
http://t.co/umielw16tz	O=0.999994158744812|NORM=4.525396889221156e-06

rt	O=0.9999939203262329|NORM=4.119111054023961e-06
@j4_fernandez	O=0.9999946355819702|NORM=3.129284550595912e-06
:	O=0.9999949932098389|NORM=2.5263136649300577e-06
i	O=0.9999898672103882|NORM=6.547422344738152e-06
hate	O=0.9999762773513794|NORM=1.7026062778313644e-05
when	O=0.9999905824661255|NORM=5.670288373949006e-06
folks	O=0.999988317489624|NORM=5.396885626396397e-06
only	O=0.9999909400939941|NORM=5.760617113992339e-06
hit	O=0.9999822378158569|NORM=1.26657268992858e-05
you	O=0.9999819993972778|NORM=1.2293940926610958e-05
up	O=0.999993085861206|NORM=5.009787400922505e-06
when	O=0.9999932050704956|NORM=4.431739398569334e-06
they	O=0.9999945163726807|NORM=3.789891707128845e-06
want	O=0.9999923706054688|NORM=5.790036539110588e-06
something	O=0.9999908208847046|NORM=5.378955847845646e-06
lol	O=0.9999892711639404|NORM=5.889510703127598e-06
smh	O=0.9999855756759644|NORM=1.168307335319696e-05
#fake	O=0.9999886751174927|NORM=1.0166610081796534e-05

rt	O=0.9999932050704956|NORM=5.2246195991756395e-06
@mlflhyeri	O=0.9999938011169434|NORM=5.0417888814990874e-06
:	O=0.9999948740005493|NORM=3.5302716696605785e-06
awkward	O=0.9996355772018433|NORM=0.0003619460912887007
turtle	O=0.999991774559021|NORM=7.382154308288591e-06
-	O=0.9999953508377075|NORM=3.5272885270387633e-06
koala	O=0.9999943971633911|NORM=4.659583737520734e-06
hyeriester	O=0.9999886751174927|NORM=1.0728397683124058e-05
kouhai	O=0.9999918937683105|NORM=6.9493858063651714e-06
.	O=0.999991774559021|NORM=6.599668267881498e-06
;	O=0.999991774559021|NORM=6.957707682886394e-06
o	O=0.9999856948852539|NORM=1.3467874850903172e-05
;	O=0.9999895095825195|NORM=9.577681339578703e-06

what	O=0.9999897480010986|NORM=7.0151659201656e-06
happen	O=0.9999908208847046|NORM=7.029008884273935e-06
with	O=0.9999945163726807|NORM=3.4023144053207943e-06
maomao	O=0.9999948740005493|NORM=3.80468623006891e-06
?	O=0.9999938011169434|NORM=3.675609832498594e-06
rt	O=0.9999688863754272|NORM=2.9747674489044584e-05
@jungjessicara	O=0.9999964237213135|NORM=2.141129471056047e-06
:	O=0.9999949932098389|NORM=2.9518732844735496e-06
"	O=0.9999953508377075|NORM=2.867826651709038e-06
@dorkyuri	O=0.9999955892562866|NORM=2.582971546871704e-06
:	O=0.9999945163726807|NORM=2.9219479529274395e-06
maomao	O=0.9999961853027344|NORM=2.6599377633829135e-06
...	O=0.9999924898147583|NORM=5.102259365230566e-06
http://t.co/l7fabxdsxi"haha	O=0.9999614953994751|NORM=3.222041777917184e-05
..	O=0.999993085861206|NORM=4.589428954204777e-06

how	O=0.9999819993972778|NORM=1.252360743819736e-05
to	O=0.9999904632568359|NORM=6.081688752601622e-06
add	O=0.9999567270278931|NORM=2.3035659978631884e-05
wi-fi	O=0.9999775886535645|NORM=1.8497194105293602e-05
to	O=0.9999865293502808|NORM=8.790691936155781e-06
your	O=0.99998939037323|NORM=6.049220246495679e-06
dslr	O=0.999948263168335|NORM=4.726268525701016e-05
or	O=0.9999872446060181|NORM=9.206652066495735e-06
mirrorless	O=0.99997878074646|NORM=1.4867679055896588e-05
interchangeable	O=0.9999485015869141|NORM=4.059909042553045e-05
lens	O=0.9998892545700073|NORM=0.00010402349289506674
camera	O=0.9999537467956543|NORM=3.83007682103198e-05
http://t.co/i83lotte34	O=0.9999949932098389|NORM=2.9641644232469844e-06
cc	O=0.9999691247940063|NORM=2.6292751499568112e-05
:	O=0.9999889135360718|NORM=7.935621397336945e-06
@joanfotografia	O=0.9999933242797852|NORM=4.837779670197051e-06

ets	O=0.9990944862365723|NORM=0.0009013356175273657
2	O=0.9999252557754517|NORM=7.073511369526386e-05
metallic	O=0.9999706745147705|NORM=2.5055831429199316e-05
paint	O=0.9999420642852783|NORM=4.679108678828925e-05
dlc	O=0.999947190284729|NORM=5.1107574108755216e-05
patch	O=0.9999721050262451|NORM=2.3182592485682108e-05
1.10.1	O=0.9999889135360718|NORM=7.303668553504394e-06

eiichiro	O=0.9999819993972778|NORM=1.1145134521939326e-05
oda	O=0.999983549118042|NORM=1.121665718528675e-05
sensei	O=0.9999864101409912|NORM=9.51951733441092e-06
had	O=0.9999638795852661|NORM=2.023023262154311e-05
a	O=0.9999911785125732|NORM=5.848456112289568e-06
tonsillitis	O=0.9777278900146484|NORM=0.02221422828733921
operation	O=0.9999314546585083|NORM=4.6162753278622404e-05
,	O=0.9999910593032837|NORM=7.180610737123061e-06
so	O=0.9999680519104004|NORM=2.980083263537381e-05
op	O=0.9998925924301147|NORM=0.00010569282312644646
will	O=0.9999868869781494|NORM=9.99060648609884e-06
not	O=0.9999918937683105|NORM=6.055197445675731e-06
be	O=0.9999935626983643|NORM=5.125131792738102e-06
here	O=0.9999940395355225|NORM=4.468618499231525e-06
for	O=0.9999927282333374|NORM=5.662971943820594e-06
2	O=0.9999322891235352|NORM=6.145967927295715e-05
weeks	O=0.9999889135360718|NORM=8.95591529115336e-06
.	O=0.9999934434890747|NORM=4.855464339925675e-06
bir	O=0.9999840259552002|NORM=1.3687013961316552e-05
haftada	NORM=0.9602841138839722|O=0.03944786638021469
hem	O=0.999984860420227|NORM=1.3520369975594804e-05
got'u	O=0.9999557733535767|NORM=4.3405554606579244e-05
hem	O=0.9999887943267822|NORM=9.481494998908602e-06
op'u	O=0.9999818801879883|NORM=1.7257507352042012e-05
kaybetmek	O=0.9999821186065674|NORM=1.6172123650903814e-05
koydu	O=0.9975556135177612|NORM=0.0024385424330830574
!	O=0.9999909400939941|NORM=6.2940557654656e-06

investissement	O=0.9999451637268066|NORM=4.897108374279924e-05
a	O=0.9999818801879883|NORM=1.6227846572292037e-05
cape	O=0.9999881982803345|NORM=1.038362825056538e-05
coral	O=0.999984622001648|NORM=1.2146028893766925e-05
|	O=0.9999929666519165|NORM=4.633105163520668e-06
murs	O=0.999609649181366|NORM=0.0003880145086441189
'	O=0.9999898672103882|NORM=7.912331966508646e-06
chinois	O=0.9999829530715942|NORM=1.3427338672045153e-05
'	O=0.9999923706054688|NORM=4.547938260657247e-06
|	O=0.9999926090240479|NORM=4.947836714563891e-06
chinese	O=0.999988317489624|NORM=9.832411706156563e-06
drywall	O=0.99997878074646|NORM=1.9652588889584877e-05
:	O=0.9999932050704956|NORM=4.895683105132775e-06
http://t.co/ffsbrpb2x3	O=0.9999943971633911|NORM=3.3503870326967444e-06
via	O=0.999994158744812|NORM=4.5227261580294e-06
@youtube	O=0.999984860420227|NORM=1.1736433407349978e-05

waddup	O=0.5321076512336731|NORM=0.46786293387413025
yal	O=0.7368900775909424|NORM=0.26302269101142883
...	O=0.9999858140945435|NORM=1.0552031199040357e-05
wake	O=0.9999797344207764|NORM=1.799675555957947e-05
up	O=0.9999854564666748|NORM=1.3110974578012247e-05
n	NORM=0.9998356103897095|O=0.00015537842409685254
live	O=0.9999885559082031|NORM=9.360677722725086e-06
...	O=0.9999853372573853|NORM=1.113986854761606e-05

i	O=0.9999816417694092|NORM=1.5399185940623283e-05
never	O=0.9999896287918091|NORM=7.277184522536118e-06
thought	O=0.9999854564666748|NORM=1.0979123544530012e-05
that	O=0.9999902248382568|NORM=7.064784313115524e-06
afgan	O=0.999961256980896|NORM=3.561566336429678e-05
was	O=0.999988317489624|NORM=9.178836080536712e-06
a	O=0.999993085861206|NORM=4.722774065157864e-06
youtuber	O=0.999987006187439|NORM=1.030211387842428e-05
..	O=0.9999817609786987|NORM=1.3934870366938412e-05
#youtubefanfestsg	O=0.9999898672103882|NORM=8.098307262116577e-06

rt	O=0.999994158744812|NORM=4.170318788965233e-06
@1dpelinhoran	O=0.999995231628418|NORM=3.35336267198727e-06
:	O=0.9999958276748657|NORM=2.571030563558452e-06
bossy	O=0.9999946355819702|NORM=4.647672540158965e-06
niall	O=0.9999957084655762|NORM=2.972375568788266e-06
narry	O=0.9999949932098389|NORM=3.883825229422655e-06
hug	O=0.9999769926071167|NORM=1.9615123164840043e-05
niam	O=0.9999960660934448|NORM=2.8224005745869363e-06
hug	O=0.9999743700027466|NORM=2.286281596752815e-05
harry	O=0.9999948740005493|NORM=4.039170562464278e-06
scored	O=0.9999958276748657|NORM=3.1980914627638413e-06
sweaty	O=0.9999940395355225|NORM=5.206622972764308e-06
3/5	O=0.9999915361404419|NORM=7.243381332955323e-06
fandom	O=0.9999918937683105|NORM=6.768356797692832e-06
be	O=0.9999951124191284|NORM=4.0379395613854285e-06
like	O=0.9999938011169434|NORM=4.233155323163373e-06
#teamniall	O=0.9999955892562866|NORM=2.6538855308899656e-06
http://t.co/zupjioxl7q	O=0.9999949932098389|NORM=3.639116584963631e-06

idk	O=0.9999897480010986|NORM=8.859859917720314e-06
what	O=0.9999922513961792|NORM=6.055563517293194e-06
i'd	O=0.9999908208847046|NORM=7.859170182200614e-06
do	O=0.9999915361404419|NORM=6.877052783238469e-06
if	O=0.9999929666519165|NORM=5.451942342915572e-06
tana	O=0.9999375343322754|NORM=6.056805796106346e-05
cut	O=0.9999772310256958|NORM=1.944302312040236e-05
off	O=0.9999892711639404|NORM=9.007363587443251e-06
his	O=0.9999920129776001|NORM=6.305729584710207e-06
beard	O=0.9999381303787231|NORM=6.0021946410415694e-05
.	O=0.9999926090240479|NORM=5.7311513046443e-06
prolly	O=0.9999799728393555|NORM=1.8797541997628286e-05
curl	O=0.9999067783355713|NORM=9.056262933881953e-05
up	O=0.9999939203262329|NORM=4.9224704525840934e-06
in	O=0.9999918937683105|NORM=6.539247806358617e-06
the	O=0.999993085861206|NORM=5.346436410036404e-06
fetal	O=0.9999873638153076|NORM=1.1429457117628772e-05
position	O=0.999980092048645|NORM=1.4734800970472861e-05

its	NORM=0.5573990941047668|O=0.442188560962677
sunny	O=0.999972939491272|NORM=2.0285862774471752e-05
,	O=0.9999873638153076|NORM=8.850904123391956e-06
which	O=0.9999874830245972|NORM=8.731685738894157e-06
means	O=0.9998888969421387|NORM=9.413398220203817e-05
i	O=0.9999860525131226|NORM=1.0551008017500862e-05
have	O=0.9999911785125732|NORM=5.5220143622136675e-06
to	O=0.9999923706054688|NORM=5.259384579403559e-06
go	O=0.9999903440475464|NORM=5.737475930800429e-06
outside	O=0.9999896287918091|NORM=6.4860741986194625e-06
with	O=0.9999932050704956|NORM=4.022914254164789e-06
people	O=0.9999910593032837|NORM=4.321322194300592e-06
!	O=0.9999916553497314|NORM=4.717644060292514e-06
fuck	O=0.9998632669448853|NORM=0.000132387358462438
u	NORM=0.9999676942825317|O=1.6835938367876224e-05
civilisation	O=0.9559130072593689|NORM=0.04405829682946205

@cbelllll_5	O=0.9999940395355225|NORM=2.8069175641576294e-06
lol	O=0.9999867677688599|NORM=6.073882104828954e-06
that's	O=0.9999880790710449|NORM=8.892656296666246e-06
not	O=0.9999865293502808|NORM=7.533992629760178e-06
a	O=0.9999891519546509|NORM=6.214591394382296e-06
selfie	O=0.9999706745147705|NORM=2.020206920860801e-05
.	O=0.9999896287918091|NORM=6.6472362050262745e-06
but	O=0.9999915361404419|NORM=6.255545940803131e-06
it's	O=0.9999873638153076|NORM=1.0407095942355227e-05
pretty	O=0.9999790191650391|NORM=1.1373192137398291e-05
awesome	O=0.9999704360961914|NORM=1.6212763512157835e-05
tho	NORM=0.9996169805526733|O=0.00036643410567194223

u	NORM=0.9999803304672241|O=1.2747338587359991e-05
know	O=0.9999926090240479|NORM=5.9635362958943006e-06
i	O=0.9999908208847046|NORM=7.850038855394814e-06
b	NORM=0.9999388456344604|O=5.6195403885794804e-05
kiddn	NORM=0.9999567270278931|O=3.890870721079409e-05
nana	O=0.9999946355819702|NORM=4.390360572870122e-06
:d	O=0.9999961853027344|NORM=3.019438508999883e-06
"	O=0.9999954700469971|NORM=2.947595703517436e-06
@trinityhotnez	O=0.9999958276748657|NORM=2.6901061573880725e-06
:	O=0.999995231628418|NORM=3.099996320088394e-06
@djpride1	O=0.9999958276748657|NORM=2.544891685829498e-06
@questionnier	O=0.9999953508377075|NORM=3.4191241411463125e-06
ah	O=0.999994158744812|NORM=4.6515906433342025e-06
..	O=0.9999899864196777|NORM=7.361704319919227e-06
u	NORM=0.999977707862854|O=1.3166406461095903e-05
too	O=0.9999873638153076|NORM=1.038268965203315e-05
much	O=0.9999943971633911|NORM=4.6028781071072444e-06
!	O=0.9999904632568359|NORM=7.457817901013186e-06
:p	O=0.9999938011169434|NORM=5.312660960044013e-06
"	O=0.9999939203262329|NORM=4.000680746685248e-06

nick	O=0.9999805688858032|NORM=1.2919899745611474e-05
warren	O=0.9999879598617554|NORM=7.014410584815778e-06
and	O=0.9999932050704956|NORM=3.759869969144347e-06
hernan	O=0.9999839067459106|NORM=9.760877219378017e-06
cattaneo	O=0.9999920129776001|NORM=4.21697404817678e-06
lost	O=0.9999798536300659|NORM=1.2395951671351213e-05
at	O=0.9999921321868896|NORM=5.396540927904425e-06
sea	O=0.9999898672103882|NORM=7.0863952714717016e-06
wmc	O=0.9999605417251587|NORM=3.548734093783423e-05
2014	O=0.9999881982803345|NORM=8.529121259925887e-06
(	O=0.9999916553497314|NORM=5.290196895657573e-06
official	O=0.9999841451644897|NORM=7.66361608839361e-06
video	O=0.9999877214431763|NORM=8.4224775491748e-06
)	O=0.9999858140945435|NORM=9.336847142549232e-06
http://t.co/qtbyib0b2s	O=0.9999951124191284|NORM=3.636740530055249e-06

omg	O=0.999984860420227|NORM=1.1699398783093784e-05
this	O=0.999991774559021|NORM=5.764413344877539e-06
mango	O=0.9999758005142212|NORM=2.107023829012178e-05
is	O=0.9999895095825195|NORM=8.690739377925638e-06
some	O=0.9999878406524658|NORM=8.234115739469416e-06
fuckn	NORM=0.9999518394470215|O=2.4384346033912152e-05
kill	O=0.9998346567153931|NORM=0.00015914170944597572

roll	O=0.9999759197235107|NORM=2.1207686586421914e-05
out	O=0.9999877214431763|NORM=1.0233595276076812e-05
!	O=0.9999877214431763|NORM=8.379183782381006e-06
:	O=0.9999914169311523|NORM=4.818661636818433e-06
smitefire	O=0.9999383687973022|NORM=5.836048876517452e-05
is	O=0.999984622001648|NORM=1.0746622137958184e-05
giving	O=0.9999442100524902|NORM=3.144154106848873e-05
away	O=0.999977707862854|NORM=1.5818623069208115e-05
3	O=0.9999287128448486|NORM=6.464323087129742e-05
unlock	O=0.9999592304229736|NORM=3.862965968437493e-05
codes	O=0.999954342842102|NORM=3.991183984908275e-05
for	O=0.9999880790710449|NORM=9.698932444734965e-06
geb	O=0.999687910079956|NORM=0.0003059108566958457
&	O=0.9999682903289795|NORM=2.821532507368829e-05
his	O=0.9999692440032959|NORM=2.097222750307992e-05
skin	O=0.9998905658721924|NORM=0.00010600634414004162
,	O=0.9999831914901733|NORM=1.495677133789286e-05
g	O=0.9904472827911377|NORM=0.009545456618070602
.	O=0.9999526739120483|NORM=4.374539275886491e-05
e	O=0.9959126114845276|NORM=0.004076710436493158
.	O=0.9999797344207764|NORM=1.8282797100255266e-05
b	O=0.9994366765022278|NORM=0.0005609403597190976
.	O=0.9999867677688599|NORM=1.1775291568483226e-05
1	O=0.9999804496765137|NORM=1.7994918380281888e-05
!	O=0.9999889135360718|NORM=7.47954481994384e-06
the	O=0.9999895095825195|NORM=7.151275440264726e-06
giveaway	O=0.9999442100524902|NORM=4.901663487544283e-05
ends	O=0.9999878406524658|NORM=1.0211426342721097e-05
sunday	O=0.9999699592590332|NORM=2.7131793103762902e-05
,	O=0.9999773502349854|NORM=1.752478419803083e-05
6/1	O=0.9999821186065674|NORM=1.2719286132778507e-05
!	O=0.999988317489624|NORM=6.501758889498888e-06
http://t.co/vpqgy8grok	O=0.9999936819076538|NORM=4.720471224572975e-06

#sportsnews	O=0.999995231628418|NORM=3.3336666547256755e-06
beckett	O=0.999994158744812|NORM=4.603416982718045e-06
pitches	O=0.9999880790710449|NORM=9.042218152899295e-06
no-hitter	O=0.999990701675415|NORM=7.88998841017019e-06
,	O=0.9999912977218628|NORM=6.636619218625128e-06
dodgers	O=0.9999887943267822|NORM=8.323084330186248e-06
stop	O=0.9999918937683105|NORM=6.506130375782959e-06
phillies	O=0.9999839067459106|NORM=1.2786590559699107e-05
:	O=0.9999923706054688|NORM=5.619640432996675e-06
josh	O=0.9999918937683105|NORM=6.7820551521435846e-06
beckett	O=0.9999926090240479|NORM=6.295873390627094e-06
transformed	O=0.9999896287918091|NORM=8.311415513162501e-06
himself	O=0.9999939203262329|NORM=4.038050064991694e-06
from	O=0.9999929666519165|NORM=5.622983280773042e-06
power	O=0.9999825954437256|NORM=1.5747640645713545e-05
pitc	O=0.7450485825538635|NORM=0.25476786494255066
...	O=0.9999784231185913|NORM=1.655481719353702e-05
http://t.co/wiyd4kaqsk	O=0.9999943971633911|NORM=4.234643711242825e-06

rt	O=0.9999929666519165|NORM=4.335076027928153e-06
@taottoos	O=0.9999951124191284|NORM=3.2185830605158117e-06
:	O=0.9999945163726807|NORM=2.4933631266321754e-06
luhan	O=0.9999817609786987|NORM=1.5240651009662542e-05
thats	NORM=0.999904990196228|O=3.462869790382683e-05
not	O=0.9999902248382568|NORM=6.1843270486861e-06
how	O=0.9999884366989136|NORM=6.9687876020907424e-06
ring	O=0.9999675750732422|NORM=2.84105226455722e-05
ding	O=0.9989637136459351|NORM=0.0009970377432182431
dong	O=0.9999628067016602|NORM=3.355261287651956e-05
goes	O=0.9999841451644897|NORM=8.041057299124077e-06
https://t.co/7r9i5w3tgp	O=0.9999929666519165|NORM=5.413653980212985e-06

rt	O=0.9999929666519165|NORM=5.195987796469126e-06
@polocam_	O=0.9999929666519165|NORM=3.5772102364717284e-06
:	O=0.9999939203262329|NORM=3.442805109443725e-06
i	O=0.9999904632568359|NORM=6.8213157646823674e-06
added	O=0.9999880790710449|NORM=7.32446278561838e-06
a	O=0.9999924898147583|NORM=5.139423592481762e-06
video	O=0.9999872446060181|NORM=8.975884156825487e-06
to	O=0.9999910593032837|NORM=6.557559117936762e-06
a	O=0.999988317489624|NORM=9.389831575390417e-06
@youtube	O=0.9999698400497437|NORM=2.4711080186534673e-05
playlist	O=0.9999603033065796|NORM=3.432050652918406e-05
http://t.co/eecgowtub7	O=0.9999953508377075|NORM=3.1217427931551356e-06
cartier	O=0.9999938011169434|NORM=5.029470685258275e-06
queens	O=0.9999946355819702|NORM=4.1717371459526476e-06
cup	O=0.9999922513961792|NORM=5.709769084205618e-06
uae	O=0.9999948740005493|NORM=3.617030870373128e-06
vs	O=0.999995231628418|NORM=3.0126821002340876e-06
lucchese	O=0.9999943971633911|NORM=4.138182248425437e-06

rt	O=0.9999936819076538|NORM=4.616053956851829e-06
@baekhyunee_exos	O=0.9999884366989136|NORM=9.690310434962157e-06
:	O=0.999994158744812|NORM=3.7054142012493685e-06
exo's	O=0.999984860420227|NORM=1.0888681572396308e-05
solo	O=0.9999372959136963|NORM=3.9133537939051166e-05
concert	O=0.9998317956924438|NORM=9.36570722842589e-05
:	O=0.9999908208847046|NORM=6.663581643806538e-06
day	O=0.9999864101409912|NORM=9.724766641738825e-06
1	O=0.9999865293502808|NORM=9.835319360718131e-06
-	O=0.9999915361404419|NORM=6.100853624957381e-06
baekhyun's	O=0.9999915361404419|NORM=7.423240731441183e-06
grandma	NORM=0.9994712471961975|O=0.0005232203984633088
day	O=0.99998939037323|NORM=8.27905023470521e-06
3	O=0.9999727010726929|NORM=2.454158675391227e-05
-	O=0.9999914169311523|NORM=6.276519798120717e-06
lee	O=0.9999746084213257|NORM=2.153571585949976e-05
soo	NORM=0.9776151776313782|O=0.02236562967300415
man	O=0.9999740123748779|NORM=2.1460338757606223e-05
yixing	O=0.9999314546585083|NORM=6.18263438809663e-05
,	O=0.9999878406524658|NORM=8.715773219591938e-06
such	O=0.99996018409729|NORM=2.5265428121201694e-05
a	O=0.999985933303833|NORM=9.95562550087925e-06
lucky	O=0.9999808073043823|NORM=1.586224061611574e-05
fanboy	O=0.9960206151008606|NORM=0.003975218161940575

rt	O=0.9999947547912598|NORM=3.834866674878867e-06
@theywant_money	O=0.9999955892562866|NORM=3.382892373338109e-06
:	O=0.9999961853027344|NORM=2.1476628262462327e-06
i'm	O=0.999993085861206|NORM=5.735189006372821e-06
tryna	NORM=0.999970555305481|O=1.56875976244919e-05
fwit	NORM=0.50067538022995|O=0.49930402636528015
miami	O=0.999991774559021|NORM=6.2804015215078834e-06
!!	O=0.9999922513961792|NORM=4.380236987344688e-06
like	O=0.999976396560669|NORM=2.1788657249999233e-05
soon	O=0.9999918937683105|NORM=6.616179689444834e-06

defs	O=0.9992114305496216|NORM=0.0007856764714233577
just	O=0.9999910593032837|NORM=5.538627192436252e-06
ran	O=0.9999797344207764|NORM=1.5695059119025245e-05
into	O=0.9999884366989136|NORM=7.868615284678526e-06
dan	O=0.999985933303833|NORM=1.0770100743684452e-05
and	O=0.9999945163726807|NORM=3.2734155865909997e-06
aaron	O=0.9999854564666748|NORM=1.0315457984688692e-05
at	O=0.9999942779541016|NORM=3.8776270230300725e-06
disneyland	O=0.9999927282333374|NORM=5.702861017198302e-06
lols	O=0.9999910593032837|NORM=7.118828307284275e-06

disfavor	NORM=0.5911362171173096|O=0.4087512791156769
microsofts	O=0.9982807636260986|NORM=0.0017139519331976771
largest	O=0.9999716281890869|NORM=2.137998671969399e-05
efforts	O=0.9999754428863525|NORM=1.9103910744888708e-05
,	O=0.9999926090240479|NORM=5.473696091939928e-06
vme	O=0.9997568726539612|NORM=0.00024127903452608734
restful	O=0.99997878074646|NORM=1.970481753232889e-05
condone	O=0.9996911287307739|NORM=0.0003060259623453021
problems	O=0.999984622001648|NORM=1.2348295058473013e-05
epidemic	O=0.9999887943267822|NORM=9.365020559926052e-06
:	O=0.9999921321868896|NORM=6.008821856084978e-06
vyd	O=0.9999836683273315|NORM=1.4874048247293103e-05

where	O=0.9999760389328003|NORM=2.1054856915725395e-05
tf	NORM=0.9999454021453857|O=3.727297735167667e-05
is	O=0.9999876022338867|NORM=1.0288158591720276e-05
my	O=0.9999891519546509|NORM=6.303950613073539e-06
bestfriend	O=0.758451521396637|NORM=0.2414321005344391
?	O=0.9999855756759644|NORM=7.943704986246303e-06

@lionel_racing	O=0.9999909400939941|NORM=5.067588062956929e-06
just	O=0.9999890327453613|NORM=5.5123414313129615e-06
went	O=0.9999887943267822|NORM=6.272853170230519e-06
by	O=0.9999923706054688|NORM=5.8677651395555586e-06
the	O=0.9999896287918091|NORM=6.14481632510433e-06
store	O=0.9999877214431763|NORM=8.510705811204389e-06
i	O=0.9999239444732666|NORM=7.0527421485167e-05
but	O=0.9999803304672241|NORM=1.8135531718144193e-05
all	O=0.9999881982803345|NORM=9.225205758411903e-06
my	O=0.9999923706054688|NORM=4.512674877332756e-06
diecast	O=0.5777660012245178|NORM=0.42218685150146484
from	O=0.99998939037323|NORM=8.430713933194056e-06
and	O=0.9999932050704956|NORM=4.241344413458137e-06
told	O=0.9999867677688599|NORM=8.42833560454892e-06
me	O=0.9999927282333374|NORM=4.142736088397214e-06
elliott	O=0.9999805688858032|NORM=1.519452689535683e-05
sadlers	O=0.9999889135360718|NORM=7.948596248752438e-06
cars	O=0.999970555305481|NORM=2.6561298000160605e-05
dnp	O=0.9548120498657227|NORM=0.04518260434269905
.	O=0.9999932050704956|NORM=4.393553808768047e-06
ive	NORM=0.9999207258224487|O=5.2221414080122486e-05
bought	O=0.9999804496765137|NORM=1.1249402632529382e-05
tons	O=0.9999703168869019|NORM=1.7909202142618597e-05
from	O=0.9999940395355225|NORM=4.061428171553416e-06
yall	NORM=0.9999077320098877|O=8.706025982974097e-05
.	O=0.9999939203262329|NORM=3.950196514779236e-06
not	O=0.9999902248382568|NORM=6.0667016441584565e-06
anymore	O=0.9999858140945435|NORM=9.803454304346815e-06

this	O=0.9999867677688599|NORM=7.430443929479225e-06
lil	NORM=0.9999668598175049|O=2.0917586880386807e-05
boy	O=0.9999339580535889|NORM=4.5194079575594515e-05
on	O=0.9999884366989136|NORM=8.964627340901643e-06
the	O=0.9999901056289673|NORM=7.046279733913252e-06
train	O=0.9999563694000244|NORM=3.891730011673644e-05
is	O=0.9999788999557495|NORM=1.4857334463158622e-05
constantly	O=0.9999673366546631|NORM=1.8957891370519064e-05
taking	O=0.9999736547470093|NORM=1.6026833691284992e-05
pics	NORM=0.6452409029006958|O=0.3538765609264374
of	O=0.9999784231185913|NORM=1.544528640806675e-05
me	O=0.9999903440475464|NORM=6.339376341202296e-06
smh	O=0.9999450445175171|NORM=4.9413469241699204e-05
n	NORM=0.999956488609314|O=3.515228672767989e-05
his	O=0.9999736547470093|NORM=1.389843146171188e-05
flash	O=0.9999479055404663|NORM=4.71117309643887e-05
keeps	O=0.9999810457229614|NORM=1.4947826457500923e-05
going	O=0.9999856948852539|NORM=9.43238592299167e-06
off	O=0.9999780654907227|NORM=1.978685031645e-05
as	O=0.9999878406524658|NORM=9.572980161465239e-06
he	O=0.9999815225601196|NORM=1.2225177670188714e-05
points	O=0.9999593496322632|NORM=3.715509956236929e-05
his	O=0.9999877214431763|NORM=6.996664978942135e-06
phone	O=0.9999794960021973|NORM=1.6982448869384825e-05
at	O=0.999985933303833|NORM=1.1270931281615049e-05
me	O=0.999990701675415|NORM=6.443503480113577e-06

@_sarahhmariee	O=0.9999958276748657|NORM=2.584315097919898e-06
@putton_bree	O=0.9999964237213135|NORM=2.3188274553831434e-06
bruh	NORM=0.9999639987945557|O=3.0633331334684044e-05
i'm	O=0.9999901056289673|NORM=6.283596576395212e-06
tryna	NORM=0.9999735355377197|O=1.1311354683130048e-05
take	O=0.9999805688858032|NORM=1.1881320460815914e-05
a	O=0.9999865293502808|NORM=9.268595931644086e-06
shit	O=0.9999780654907227|NORM=1.848140345828142e-05
yeah	O=0.9999879598617554|NORM=9.061814125743695e-06
"	O=0.9999921321868896|NORM=4.495513621805003e-06
you	O=0.9999836683273315|NORM=1.201883060275577e-05
keep	O=0.9999607801437378|NORM=2.839283479261212e-05
mention	O=0.999976396560669|NORM=1.8302520402357914e-05
me	O=0.9999914169311523|NORM=5.917143425904214e-06
i	O=0.9999825954437256|NORM=1.1417309906391893e-05
can't	O=0.9999881982803345|NORM=9.202166438626591e-06
concentrate	O=0.9999896287918091|NORM=8.573481864004862e-06

niggas	NORM=0.9999760389328003|O=1.1904959137609694e-05
in	O=0.9999874830245972|NORM=9.972080079023726e-06
the	O=0.999992847442627|NORM=4.994134997104993e-06
hood	O=0.999962568283081|NORM=3.287108484073542e-05
,	O=0.9999927282333374|NORM=4.928994258079911e-06
thats	NORM=0.9999656677246094|O=1.7882408428704366e-05
nigga	NORM=0.9999713897705078|O=2.1300973457982764e-05
shit	O=0.9999879598617554|NORM=7.289487257367e-06
.	O=0.9999929666519165|NORM=4.40775511378888e-06
west	O=0.9999871253967285|NORM=1.0268793630530126e-05
indians	O=0.999980092048645|NORM=1.7678341464488767e-05
in	O=0.9999924898147583|NORM=5.5781210903660394e-06
the	O=0.9999942779541016|NORM=3.882311830238905e-06
west	O=0.9999901056289673|NORM=6.332674274744932e-06
indies	O=0.9581888318061829|NORM=0.0417972207069397
,	O=0.9999929666519165|NORM=4.47439242634573e-06
thats	NORM=0.9999620914459229|O=1.7766635210136883e-05
west	O=0.9999920129776001|NORM=6.027542895026272e-06
indian	O=0.999974250793457|NORM=1.677377258602064e-05
shit	O=0.999981164932251|NORM=1.2795862858183682e-05
.	O=0.9999927282333374|NORM=4.148480456933612e-06
dont	NORM=0.9999734163284302|O=1.7735077562974766e-05
try	O=0.999945878982544|NORM=3.316441143397242e-05
2	NORM=0.9995194673538208|O=0.0004494338354561478
understand	O=0.9999912977218628|NORM=5.259338195173768e-06
it	O=0.9999939203262329|NORM=4.019649622932775e-06
,	O=0.9999912977218628|NORM=5.943435098743066e-06
dont	NORM=0.9999676942825317|O=2.3074851924320683e-05
get	O=0.9999778270721436|NORM=1.1809891475422774e-05
involved	O=0.9999837875366211|NORM=7.699215530010406e-06

rt	O=0.9999938011169434|NORM=4.887428985966835e-06
@1d_worldinfo	O=0.9999948740005493|NORM=3.744467903743498e-06
:	O=0.9999939203262329|NORM=3.914028638973832e-06
#hq	O=0.9999923706054688|NORM=6.492620741482824e-06
zayn	O=0.9999834299087524|NORM=1.2866730685345829e-05
on	O=0.9999752044677734|NORM=1.890887324407231e-05
stage	O=0.9999487400054932|NORM=4.593199264490977e-05
at	O=0.9999884366989136|NORM=9.025016879604664e-06
croke	O=0.9999830722808838|NORM=1.5416428141179495e-05
park	O=0.9999444484710693|NORM=4.2071955249411985e-05
,	O=0.999985933303833|NORM=1.0485384336789139e-05
dublin	O=0.9999785423278809|NORM=1.9303222870803438e-05
!	O=0.9999849796295166|NORM=9.662113370723091e-06
#2	O=0.9999803304672241|NORM=1.603350210643839e-05
http://t.co/sry0cugc7e	O=0.9999963045120239|NORM=2.411713921901537e-06

tyneteeswear	O=0.9998903274536133|NORM=0.0001081232912838459
news	O=0.9999843835830688|NORM=1.2321894246269949e-05
:	O=0.9999921321868896|NORM=5.206265541346511e-06
technip	O=0.9998444318771362|NORM=0.00015157718735281378
safeguards	O=0.9999743700027466|NORM=2.2492802600027062e-05
hundreds	O=0.999971866607666|NORM=2.2750895368517376e-05
of	O=0.9999897480010986|NORM=6.586915787920589e-06
tyneside	O=0.9999716281890869|NORM=2.3902717657620087e-05
jobs	O=0.9999686479568481|NORM=2.500779737601988e-05
with	O=0.999991774559021|NORM=5.239516212895978e-06
world	O=0.9999908208847046|NORM=5.916772806813242e-06
leading	O=0.9999842643737793|NORM=1.2529549167084042e-05
cables	O=0.9997934699058533|NORM=0.00020254786068107933
...	O=0.9999840259552002|NORM=1.0614741768222302e-05
http://t.co/0raqw7z7pl	O=0.9999951124191284|NORM=3.7385671021183953e-06
#tyneside	O=0.9999915361404419|NORM=6.104909971327288e-06
#northeast	O=0.9999940395355225|NORM=4.205336153972894e-06

mtn	O=0.9996337890625|NORM=0.0003608919505495578
i	O=0.9999629259109497|NORM=2.455717185512185e-05
need	O=0.9999908208847046|NORM=6.157054940558737e-06
automatic	O=0.9999926090240479|NORM=5.178651463211281e-06
configuration	O=0.9999655485153198|NORM=2.6337076633353718e-05
on	O=0.9999902248382568|NORM=7.449115855706623e-06
my	O=0.9999908208847046|NORM=6.4966802710841876e-06
fone	NORM=0.8523128628730774|O=0.14754773676395416
(	O=0.9999905824661255|NORM=5.8833097682509106e-06
08135627853	O=0.9999874830245972|NORM=9.783725545275956e-06
)	O=0.9999904632568359|NORM=5.377713023335673e-06
my	O=0.9999852180480957|NORM=1.009420429909369e-05
fone	NORM=0.9850168228149414|O=0.014943751506507397
is	O=0.99998939037323|NORM=8.103911568468902e-06
htc	O=0.9999344348907471|NORM=5.913751738262363e-05
desire	O=0.9999648332595825|NORM=3.182213185937144e-05
hd	O=0.9999897480010986|NORM=7.83145605964819e-06
a9191	O=0.9999884366989136|NORM=8.10338679002598e-06

@123darkness	O=0.9999914169311523|NORM=6.220606337592471e-06
bruh	NORM=0.9999724626541138|O=1.933114617713727e-05
u	NORM=0.9999804496765137|O=1.244666964339558e-05
gon	NORM=0.9999732971191406|O=1.8254177120979875e-05
have	O=0.9999881982803345|NORM=6.674001269857399e-06
to	O=0.999991774559021|NORM=4.735621587315109e-06
stop	O=0.9999758005142212|NORM=1.3757424312643707e-05
giving	O=0.9999854564666748|NORM=9.555699762131553e-06
these	O=0.9999916553497314|NORM=5.9215926739852875e-06
niggas	NORM=0.9999736547470093|O=1.5629006156814285e-05
the	O=0.9999825954437256|NORM=1.1580914360820316e-05
stank	O=0.9999576807022095|NORM=3.711544195539318e-05
water	O=0.9999814033508301|NORM=1.3353621397982351e-05
scents	O=0.999943733215332|NORM=3.910320083377883e-05
!	O=0.9999903440475464|NORM=4.170875399722718e-06
if	O=0.9999940395355225|NORM=4.151739176450064e-06
hey	O=0.5073719620704651|NORM=0.49259844422340393
ain't	O=0.9999934434890747|NORM=5.0364860726404e-06
up	O=0.9999927282333374|NORM=5.611469987343298e-06
on	O=0.9999939203262329|NORM=4.178271410637535e-06
game	O=0.9999920129776001|NORM=5.681630682374816e-06
let	O=0.9999881982803345|NORM=8.674323908053339e-06
em	NORM=0.9999377727508545|O=5.239445818006061e-05
suffer	O=0.9999916553497314|NORM=5.429757948149927e-06
!	O=0.9999909400939941|NORM=4.219850325171137e-06

@maryamnsharif	O=0.9999939203262329|NORM=4.760250249091769e-06
corrupt&dhandli	O=0.9999902248382568|NORM=8.283582246804144e-06
wali	O=0.999994158744812|NORM=4.592814093484776e-06
jamhooriyat	O=0.9999841451644897|NORM=1.4398306120710913e-05
cant	NORM=0.9997251629829407|O=0.0002646254433784634
dare	O=0.9999881982803345|NORM=9.490083357377443e-06
2	NORM=0.9468474388122559|O=0.05298919230699539
resolve	O=0.9999818801879883|NORM=1.2517695722635835e-05
the	O=0.9999916553497314|NORM=6.39339077679324e-06
issue	O=0.999988317489624|NORM=8.670165698276833e-06
.	O=0.9999949932098389|NORM=3.2520592867513187e-06
jali	O=0.999992847442627|NORM=5.62708100915188e-06
jamhooriyat	O=0.9999836683273315|NORM=1.4617259694205131e-05
na	O=0.999993085861206|NORM=5.887095994694391e-06
manzoor	O=0.9999868869781494|NORM=1.1352636647643521e-05
.	O=0.9999957084655762|NORM=2.794195779642905e-06
nawaz	O=0.999990701675415|NORM=7.513967830163892e-06
dhandli	O=0.9999922513961792|NORM=5.608807896351209e-06
sharif	O=0.9999947547912598|NORM=3.7450497529789573e-06
na	O=0.9999936819076538|NORM=5.243934992904542e-06
manzoor	O=0.9999881982803345|NORM=9.593959475751035e-06

uhh	NORM=0.9473533034324646|O=0.05260967090725899
the	O=0.9999878406524658|NORM=8.31021952762967e-06
struggles	O=0.9999867677688599|NORM=9.934548870660365e-06
of	O=0.9999902248382568|NORM=6.357854090310866e-06
life	O=0.999991774559021|NORM=4.679405719798524e-06
,	O=0.9999909400939941|NORM=6.488359304057667e-06
everyone	O=0.9999918937683105|NORM=5.1160354814783204e-06
tryna	NORM=0.9999619722366333|O=1.684133349044714e-05
get	O=0.9999922513961792|NORM=5.474409590533469e-06
summer	O=0.9999653100967407|NORM=2.947154462162871e-05
time	O=0.9999855756759644|NORM=1.1971973435720429e-05
fine	O=0.999990701675415|NORM=7.198030289146118e-06
.	O=0.9999923706054688|NORM=4.38427514382056e-06
#storyofmylife	O=0.9999932050704956|NORM=4.085459295311011e-06
http://t.co/vvioqwu0gz	O=0.9999946355819702|NORM=3.894023393513635e-06

them	O=0.9999837875366211|NORM=1.2866355064033996e-05
jiggas	NORM=0.9999526739120483|O=2.680544275790453e-05
made	O=0.9999788999557495|NORM=1.4757735698367469e-05
me	O=0.999988317489624|NORM=6.663737167400541e-06
do	O=0.9999904632568359|NORM=7.051640295685502e-06
it	O=0.9999858140945435|NORM=1.0046834177046549e-05
..	O=0.9999874830245972|NORM=8.680632163304836e-06
(	O=0.9999874830245972|NORM=7.905765414761845e-06
boosie	O=0.9999401569366455|NORM=5.675398642779328e-05
voice	O=0.9999737739562988|NORM=1.9792239982052706e-05
)	O=0.9999880790710449|NORM=7.248228484968422e-06

rt	O=0.9999924898147583|NORM=5.7134202506858855e-06
@crooz	O=0.9999903440475464|NORM=7.630561412952375e-06
:	O=0.9999951124191284|NORM=2.9090426778566325e-06
big	O=0.9999862909317017|NORM=9.90980970527744e-06
shout	O=0.9999680519104004|NORM=3.0761948437429965e-05
jam	O=0.9999501705169678|NORM=4.1603179852245376e-05
-	O=0.9999909400939941|NORM=6.555913842021255e-06
hip	O=0.9999703168869019|NORM=2.7512638553162105e-05
hop	O=0.9999351501464844|NORM=5.804181273560971e-05
night	O=0.99998939037323|NORM=8.551652172172908e-06
live	O=0.9999754428863525|NORM=1.715606776997447e-05
at	O=0.9999932050704956|NORM=5.098750989418477e-06
crooz	O=0.9999796152114868|NORM=1.810384310374502e-05
stage	O=0.9999797344207764|NORM=1.7249178199563175e-05
jakcloth	O=0.999951958656311|NORM=4.622308551915921e-05
14	O=0.999993085861206|NORM=5.72060935155605e-06
.	O=0.9999933242797852|NORM=4.976019226887729e-06
kamis	O=0.9999805688858032|NORM=1.8307500795344822e-05
29	O=0.999994158744812|NORM=4.0931690818979405e-06
may	O=0.9999915361404419|NORM=7.016074960120022e-06
2014	O=0.9999938011169434|NORM=4.909043127554469e-06
.	O=0.9999947547912598|NORM=3.5615209981187945e-06
merapaaaat	O=0.9999759197235107|NORM=2.0010695152450353e-05
!!!	O=0.9999897480010986|NORM=6.072376436350169e-06
wohooo	O=0.9969484210014343|NORM=0.0030466930475085974
:d	O=0.9999897480010986|NORM=9.293921721109655e-06
http://t.co/pnesslrrtj	O=0.9999953508377075|NORM=3.2087120871437946e-06

rt	O=0.9999939203262329|NORM=4.613277724274667e-06
@justinbieber	O=0.9999963045120239|NORM=2.510080321371788e-06
:	O=0.9999933242797852|NORM=4.641359282686608e-06
and	O=0.9999922513961792|NORM=6.474374004028505e-06
haterz	NORM=0.9966751337051392|O=0.0033129150979220867
....	O=0.9999942779541016|NORM=4.535048901743721e-06
i	O=0.9999934434890747|NORM=5.1276588237669785e-06
love	O=0.9999910593032837|NORM=7.066960279189516e-06
u	NORM=0.9999737739562988|O=1.9358843928785063e-05
too	O=0.9999908208847046|NORM=7.421479949698551e-06
.	O=0.9999912977218628|NORM=6.854409093648428e-06
;)	O=0.9999938011169434|NORM=4.471614829526516e-06

on	O=0.9999793767929077|NORM=1.2874153071606997e-05
sale	O=0.9999774694442749|NORM=1.8870974599849433e-05
this	O=0.9999920129776001|NORM=5.304252681526123e-06
weekend	O=0.999981164932251|NORM=1.6874326320248656e-05
.	O=0.999991774559021|NORM=5.955273081781343e-06
just	O=0.9999872446060181|NORM=8.594081919000018e-06
99c	O=0.9999736547470093|NORM=2.4197654056479223e-05
.	O=0.9999922513961792|NORM=5.996285835863091e-06
<3	O=0.9999908208847046|NORM=5.92666719967383e-06
~	O=0.9999940395355225|NORM=3.889830622938462e-06
bex	O=0.9999929666519165|NORM=5.8074210755876265e-06
paladin	O=0.9999929666519165|NORM=5.270021574688144e-06
amazon	O=0.9999922513961792|NORM=5.406622676673578e-06
:	O=0.9999946355819702|NORM=3.2987027225317433e-06
http://t.co/qm52vhxscc	O=0.9999951124191284|NORM=3.239421403122833e-06
smashwords	O=0.9999772310256958|NORM=2.0070563550689258e-05
:	O=0.9999912977218628|NORM=6.683326773782028e-06
...	O=0.9999855756759644|NORM=9.939910341927316e-06
http://t.co/tyz35iih2g	O=0.999995231628418|NORM=3.5093571568722837e-06

gmorning	O=0.9996520280838013|NORM=0.0003424201568122953
sayang	O=0.9998134970664978|NORM=0.00018071764498017728
:	O=0.9999926090240479|NORM=4.696263658843236e-06
"	O=0.9999939203262329|NORM=3.3394121601304505e-06
have	O=0.9999873638153076|NORM=6.4054711401695386e-06
a	O=0.9999886751174927|NORM=6.508051228593104e-06
nice	O=0.9999603033065796|NORM=1.9334394892212003e-05
day	O=0.9999915361404419|NORM=6.195811693032738e-06
hon	O=0.9999243021011353|NORM=7.252380601130426e-05
:	O=0.9999896287918091|NORM=7.167738203861518e-06
"	O=0.9999947547912598|NORM=2.744867060755496e-06
@bangmoim	O=0.9999899864196777|NORM=6.019924512656871e-06

rt	O=0.9999948740005493|NORM=3.3922008242370794e-06
@knockknock0408	O=0.9999953508377075|NORM=2.7271619273960823e-06
:	O=0.9999954700469971|NORM=2.838603222699021e-06
[	O=0.9999958276748657|NORM=2.6005309337051585e-06
dl	O=0.9987797141075134|NORM=0.0012167938984930515
]	O=0.9999949932098389|NORM=3.1976801437849645e-06
140523-140525	O=0.9999957084655762|NORM=2.6225495730614057e-06
kai	O=0.9999946355819702|NORM=4.148100288148271e-06
cr	O=0.9999936819076538|NORM=5.058814167568926e-06
.	O=0.9999946355819702|NORM=3.7469033031811705e-06
mpst_96p	O=0.9999960660934448|NORM=3.0419707854889566e-06
link	O=0.9999934434890747|NORM=5.098012479720637e-06
>>	O=0.9999853372573853|NORM=1.0740165635070298e-05
http://t.co/ldbi0yvcpv	O=0.9999963045120239|NORM=2.4557277811254608e-06
http://t.co/md5fvw979b	O=0.9999954700469971|NORM=3.3999110655713594e-06

@anduweiii69	O=0.999993085861206|NORM=3.120220526398043e-06
joke	O=0.999988317489624|NORM=8.548764526494779e-06
lang	O=0.9999825954437256|NORM=1.514194536866853e-05
hahahahahaha	O=0.9999873638153076|NORM=7.5997609201294836e-06
chill	O=0.9999847412109375|NORM=1.2256607988092583e-05
aso	O=0.9999878406524658|NORM=9.903552381729241e-06
lang	O=0.9999905824661255|NORM=6.860996563773369e-06
yan	O=0.9999920129776001|NORM=5.870578661415493e-06
andrei	O=0.999993085861206|NORM=4.730346518044826e-06
aso	O=0.9999897480010986|NORM=6.939933427929645e-06
lang	O=0.9999904632568359|NORM=7.110601018212037e-06
yan	O=0.9999877214431763|NORM=1.036208777804859e-05
t.t	O=0.9999779462814331|NORM=2.066121123789344e-05

nak	O=0.9997897744178772|NORM=0.0001673149672569707
nangis	O=0.9999725818634033|NORM=2.300649430253543e-05
tengok	O=0.9999834299087524|NORM=8.667477231938392e-06
kawan	O=0.9999843835830688|NORM=1.0915688108070754e-05
post	O=0.9999855756759644|NORM=1.089482793759089e-05
video	O=0.9999865293502808|NORM=9.273546311305836e-06
concert	O=0.9999703168869019|NORM=2.2936319510336034e-05
arctic	O=0.999968409538269|NORM=2.9011453079874627e-05
monkeys	O=0.9999905824661255|NORM=7.5976404332323e-06
@username	O=0.9999945163726807|NORM=3.4670804325287463e-06
finsbury	O=0.9999815225601196|NORM=1.6911224520299584e-05
park	O=0.9999920129776001|NORM=5.651098945236299e-06
.	O=0.9999924898147583|NORM=4.779845312441466e-06

did	O=0.9999842643737793|NORM=1.1526459275046363e-05
vittoria	O=0.9998562335968018|NORM=0.00013584044063463807
just	O=0.9999868869781494|NORM=7.524459761043545e-06
say	O=0.9999827146530151|NORM=9.764636160980444e-06
that	O=0.9999872446060181|NORM=8.529682418156881e-06
she	O=0.9999866485595703|NORM=9.280307494918816e-06
was	O=0.9999808073043823|NORM=1.6600402886979282e-05
her	O=0.9999918937683105|NORM=5.958034762443276e-06
wcw	NORM=0.8979326486587524|O=0.10189864039421082
hahahahahha	O=0.999991774559021|NORM=5.323752702679485e-06

@califxflowers	O=0.9999949932098389|NORM=3.873763489536941e-06
haha	O=0.9999934434890747|NORM=4.4931321099284105e-06
chill	O=0.9999778270721436|NORM=2.024390960286837e-05
that	O=0.9999939203262329|NORM=4.659359547076747e-06
dont	NORM=0.9999563694000244|O=3.35796685249079e-05
read	O=0.9999902248382568|NORM=7.724586794211064e-06
smh	O=0.9999933242797852|NORM=5.212998530623736e-06

@shabrinaanugera	O=0.9999954700469971|NORM=3.146338258375181e-06
wkwkw	O=0.9999874830245972|NORM=1.1149991223646794e-05
songong	O=0.9999299049377441|NORM=6.670032598776743e-05
kemaren2	O=0.9995773434638977|NORM=0.00041890249121934175
itu	O=0.9999830722808838|NORM=1.4933950296835974e-05
bkn	O=0.9902661442756653|NORM=0.009709241800010204
jones	O=0.9999905824661255|NORM=7.688833647989668e-06
ye	O=0.99998939037323|NORM=8.695496944710612e-06
tp	O=0.9940658807754517|NORM=0.005906446371227503
single	O=0.9999909400939941|NORM=6.825275249866536e-06
mulia	O=0.9999947547912598|NORM=4.300002274248982e-06
bin	O=0.9999881982803345|NORM=1.0375649253546726e-05
wkwkw	O=0.9999828338623047|NORM=1.610377148608677e-05

prateik	O=0.999957799911499|NORM=3.9182137697935104e-05
babbar	O=0.9999828338623047|NORM=1.4471109352598432e-05
to	O=0.9999850988388062|NORM=1.1923145393666346e-05
work	O=0.9999914169311523|NORM=6.287129053816898e-06
in	O=0.9999902248382568|NORM=7.652729436813388e-06
a	O=0.999994158744812|NORM=4.430682565725874e-06
bengali	O=0.9999603033065796|NORM=3.1431041861651465e-05
film	O=0.9999790191650391|NORM=1.6822856196085922e-05
for	O=0.9999921321868896|NORM=6.247387773328228e-06
his	O=0.9999866485595703|NORM=7.103131338226376e-06
mom	O=0.9999724626541138|NORM=2.2297104806057177e-05
-	O=0.9999886751174927|NORM=7.394512067548931e-06
http://t.co/bvqb1lribh	O=0.9999880790710449|NORM=1.015408543025842e-05
http://t.co/1j7e3qx0dv	O=0.9999945163726807|NORM=4.1046441765502095e-06

#pointlessblogfollowspree	O=0.999995231628418|NORM=4.002819423476467e-06
@pointlessblog	O=0.9999960660934448|NORM=2.74706485470233e-06
please	O=0.9999923706054688|NORM=4.970944701199187e-06
follow	O=0.9999902248382568|NORM=6.8294634729682e-06
me	O=0.9999953508377075|NORM=3.5466803183226148e-06
alfie	O=0.9999843835830688|NORM=1.410938875778811e-05
ily	O=0.9999874830245972|NORM=1.1477891348476987e-05
!!!!	O=0.9999912977218628|NORM=5.734495061915368e-06
x47	O=0.9999874830245972|NORM=1.1491099940030836e-05

texas	O=0.9999129772186279|NORM=7.982430543052033e-05
dems	NORM=0.9990149736404419|O=0.0009734008344821632
scared	O=0.9999908208847046|NORM=6.782358468626626e-06
of	O=0.9999856948852539|NORM=1.126658662542468e-05
kesha	O=0.9999897480010986|NORM=7.836320037313271e-06
http://t.co/mugggpw3nj	O=0.9999949932098389|NORM=3.182471800755593e-06
via	O=0.9999923706054688|NORM=5.836505806655623e-06
@youtube	O=0.9999313354492188|NORM=5.3979394579073414e-05

rt	O=0.9999932050704956|NORM=4.801468094228767e-06
@leezansabrina	O=0.9999959468841553|NORM=2.533505949031678e-06
:	O=0.9999945163726807|NORM=3.085388470935868e-06
@aqimeir	O=0.999995231628418|NORM=3.5120656320941634e-06
oh	O=0.9999910593032837|NORM=7.277055829035817e-06
bah	O=0.9999785423278809|NORM=2.0206756744300947e-05
.	O=0.9999933242797852|NORM=4.891306161880493e-06
gemorning	O=0.9871483445167542|NORM=0.012843666598200798
!	O=0.999992847442627|NORM=5.314961526892148e-06
xd	O=0.9999879598617554|NORM=1.0512269000173546e-05

i	O=0.9999825954437256|NORM=1.2394767509249505e-05
need	O=0.9999926090240479|NORM=5.468791187013267e-06
cuddlez	O=0.8015953302383423|NORM=0.19816382229328156
.	O=0.9999934434890747|NORM=4.012374574813293e-06
*	O=0.9999903440475464|NORM=5.438400876300875e-06
sees	O=0.9999885559082031|NORM=1.0109353752341121e-05
other	O=0.9999943971633911|NORM=3.5748623758991016e-06
ppl	NORM=0.9999352693557739|O=5.880407115910202e-05
approching	O=0.9999483823776245|NORM=5.027552106184885e-05
*	O=0.9999932050704956|NORM=3.972225840698229e-06
fak	NORM=0.9438811540603638|O=0.0561094656586647
off	O=0.9999822378158569|NORM=1.6564670659136027e-05
.	O=0.9999939203262329|NORM=4.470195563044399e-06
only	O=0.9999929666519165|NORM=5.276715000945842e-06
silver	O=0.9999797344207764|NORM=1.8080605514114723e-05
can	O=0.9999889135360718|NORM=9.515573765384033e-06
.	O=0.9999929666519165|NORM=4.760055162478238e-06
#janebot	O=0.999994158744812|NORM=4.145128968957579e-06

ppl	NORM=0.9999418258666992|O=5.261810292722657e-05
in	O=0.9999736547470093|NORM=2.0953388229827397e-05
cowdenbeath	O=0.99997878074646|NORM=1.887416874524206e-05
come	O=0.9999784231185913|NORM=1.4813680536462925e-05
get	O=0.9999862909317017|NORM=9.02328611118719e-06
food	O=0.9999817609786987|NORM=1.1740516129066236e-05
with	O=0.9999887943267822|NORM=7.347996870521456e-06
me	O=0.9999915361404419|NORM=4.862855348619632e-06
nd	NORM=0.980376124382019|O=0.019586151465773582
tammi	O=0.9999598264694214|NORM=3.088067751377821e-05
xxx	O=0.9999696016311646|NORM=1.7200381989823654e-05

@arianagrande	O=0.9999964237213135|NORM=1.9029894247069024e-06
@nashfvckingrier	O=0.9999951124191284|NORM=3.2114205623656744e-06
please	O=0.999991774559021|NORM=4.3263066800136585e-06
make	O=0.9999878406524658|NORM=7.653733518964145e-06
my	O=0.9999884366989136|NORM=5.3538710744760465e-06
life	O=0.9999904632568359|NORM=5.570789198827697e-06
and	O=0.9999920129776001|NORM=4.708440883405274e-06
follow	O=0.9999796152114868|NORM=1.0817590919032227e-05
me	O=0.9999886751174927|NORM=5.629371116810944e-06
,	O=0.9999856948852539|NORM=9.278846846427768e-06
ive	NORM=0.9999384880065918|O=3.329771425342187e-05
been	O=0.9999744892120361|NORM=1.6676445738994516e-05
trying	O=0.9999634027481079|NORM=1.9704610167536885e-05
to	O=0.9999911785125732|NORM=5.352099378796993e-06
get	O=0.999991774559021|NORM=5.068510745331878e-06
one	O=0.999994158744812|NORM=3.982121143053519e-06
for	O=0.9999631643295288|NORM=1.8422600987832993e-05
years	O=0.9999439716339111|NORM=2.5899505999404937e-05
plz	NORM=0.9999285936355591|O=6.313998164841905e-05

rt	O=0.999994158744812|NORM=3.94937251257943e-06
@little_yunnie	O=0.9999947547912598|NORM=3.615506329879281e-06
:	O=0.9999948740005493|NORM=2.877471388273989e-06
140528	O=0.9999953508377075|NORM=2.636081489981734e-06
#yoochun	O=0.9999929666519165|NORM=4.8375654841947835e-06
at	O=0.9999953508377075|NORM=3.3609121601330116e-06
incheon	O=0.999993085861206|NORM=5.738520940212766e-06
ap	O=0.9999831914901733|NORM=1.5100597011041827e-05
(	O=0.9999945163726807|NORM=3.8133559883135604e-06
f	O=0.9999899864196777|NORM=8.997042641567532e-06
:	O=0.9999803304672241|NORM=1.640129994484596e-05
lamiel	O=0.9999879598617554|NORM=1.0590515557851177e-05
)	O=0.9999945163726807|NORM=2.9417351470328867e-06
http://t.co/cydsunojap	O=0.9999961853027344|NORM=2.53399934990739e-06

aku	O=0.9999874830245972|NORM=8.295955922221765e-06
stress	O=0.9999879598617554|NORM=8.637010978418402e-06
aku	O=0.9999895095825195|NORM=7.259598078235285e-06
stress	O=0.9999891519546509|NORM=7.851769623812288e-06
aku	O=0.9999905824661255|NORM=6.568472144863335e-06
stress	O=0.9999896287918091|NORM=7.198866569524398e-06
tgk	O=0.8840325474739075|NORM=0.1159275472164154
game	O=0.9999884366989136|NORM=7.687219294894021e-06
ni	O=0.9999924898147583|NORM=4.8339848035539035e-06
-__-""	O=0.9999933242797852|NORM=5.190214778849622e-06

rt	O=0.9999938011169434|NORM=4.6594650484621525e-06
@the_hindu	O=0.9999943971633911|NORM=4.168077794020064e-06
:	O=0.9999955892562866|NORM=2.461977601342369e-06
i	O=0.9999860525131226|NORM=9.402706382388715e-06
am	O=0.9999920129776001|NORM=5.586971838056343e-06
eager	O=0.9999921321868896|NORM=6.856454547232715e-06
to	O=0.9999924898147583|NORM=5.2533696361933835e-06
live	O=0.9999953508377075|NORM=3.1970744203135837e-06
:	O=0.9999946355819702|NORM=3.6067067412659526e-06
irom	O=0.9999934434890747|NORM=4.703721515397774e-06
sharmila	O=0.9999933242797852|NORM=4.454510872164974e-06
http://t.co/wpir6v5rsl	O=0.9999949932098389|NORM=3.788202320720302e-06

@greatest_ever1	O=0.9999947547912598|NORM=3.689270670292899e-06
lmao	O=0.9999895095825195|NORM=8.045794857025612e-06
team	O=0.9999842643737793|NORM=1.2628205695364159e-05
big	O=0.9999892711639404|NORM=8.34972979646409e-06
head	O=0.9999610185623169|NORM=3.720519089256413e-05
bahahaha	O=0.9999895095825195|NORM=7.868900866014883e-06

srk	O=0.8839948177337646|NORM=0.11599276959896088
with	O=0.9999886751174927|NORM=7.580870260426309e-06
salmann	O=0.9999884366989136|NORM=8.950676601671148e-06
khann	O=0.9999785423278809|NORM=1.8452739823260345e-05
.	O=0.9999938011169434|NORM=4.129553872189717e-06
auchhh	NORM=0.9912151098251343|O=0.008773199282586575
!	O=0.9999914169311523|NORM=5.976014563202625e-06
shoo	O=0.9999825954437256|NORM=1.5831770724616945e-05
handsome	O=0.9999827146530151|NORM=1.422077366441954e-05

fav	NORM=0.9998952150344849|O=9.880367724690586e-05
coffee	O=0.999968409538269|NORM=2.867007060558535e-05
place	O=0.9999796152114868|NORM=1.7969932741834782e-05
in	O=0.9999881982803345|NORM=9.599376426194794e-06
scottsdale	O=0.9999881982803345|NORM=9.33497358346358e-06
:)	O=0.999991774559021|NORM=4.603010893333703e-06
(@	O=0.9999876022338867|NORM=8.386401532334276e-06
village	O=0.9999290704727173|NORM=6.716086500091478e-05
coffee	O=0.999984860420227|NORM=1.1887105756613892e-05
roastery	O=0.9999727010726929|NORM=2.5892717530950904e-05
)	O=0.9999936819076538|NORM=3.419806262172642e-06
on	O=0.9999943971633911|NORM=4.29963210990536e-06
#yelp	O=0.999992847442627|NORM=5.677389253833098e-06
http://t.co/b2gyt6yh64	O=0.9999951124191284|NORM=3.4593044802022632e-06

out	O=0.9999892711639404|NORM=9.197544386552181e-06
-	O=0.9999916553497314|NORM=5.17036096425727e-06
jos	O=0.9999904632568359|NORM=6.242053132154979e-06
buttler	O=0.9999933242797852|NORM=4.141928002354689e-06
c	O=0.9999908208847046|NORM=5.201186922931811e-06
senanayake	O=0.9999945163726807|NORM=2.837160764102009e-06
b	O=0.9999890327453613|NORM=7.14741963747656e-06
mathews	O=0.999991774559021|NORM=5.7268903219664935e-06
4(6	O=0.999975323677063|NORM=2.0054088963661343e-05
)	O=0.9999912977218628|NORM=4.673668172472389e-06
-	O=0.9999904632568359|NORM=4.3876002564502414e-06
55/6	O=0.9999806880950928|NORM=1.3631489309773315e-05
in	O=0.9999911785125732|NORM=6.376897090376588e-06
17.1	O=0.9999661445617676|NORM=2.9374956284300424e-05
ov	O=0.7056782841682434|NORM=0.2942810356616974
.	O=0.9999862909317017|NORM=9.475089427724015e-06
#cricket	O=0.9999932050704956|NORM=5.071002760814736e-06
#engvsl	O=0.9999954700469971|NORM=3.0682290343975183e-06
http://t.co/6fnzmwlews	O=0.999995231628418|NORM=3.449862788329483e-06

@keeezyyy	O=0.9999610185623169|NORM=3.78888871637173e-05
dtfl	O=0.9999911785125732|NORM=6.121897513367003e-06
.	O=0.9999929666519165|NORM=4.361362698546145e-06
that	O=0.999990701675415|NORM=6.829804988228716e-06
means	O=0.9999581575393677|NORM=3.424232636461966e-05
in	O=0.9999871253967285|NORM=1.0822222066053655e-05
class	O=0.9999734163284302|NORM=2.2080714188632555e-05
you	O=0.9999798536300659|NORM=1.7783189832698554e-05
not	O=0.9999806880950928|NORM=1.6781750673544593e-05
gonna	NORM=0.999955415725708|O=3.609967097872868e-05
b	NORM=0.9980722665786743|O=0.0019204661948606372
on	O=0.999966025352478|NORM=2.8859367375844158e-05
ur	NORM=0.99997878074646|O=1.513596907898318e-05
phone	O=0.9999783039093018|NORM=1.7185135220643133e-05

rt	O=0.9999942779541016|NORM=4.269765213393839e-06
@2legit_adriana	O=0.9999958276748657|NORM=2.5630154141254025e-06
:	O=0.9999945163726807|NORM=3.3693947898427723e-06
"	O=0.9999948740005493|NORM=3.2415064197266474e-06
@anaelyy_	O=0.999995231628418|NORM=2.4413736809947295e-06
:	O=0.999995231628418|NORM=2.9535044632211793e-06
should	O=0.9999890327453613|NORM=8.661262654641178e-06
i	O=0.9999901056289673|NORM=7.447139978467021e-06
make	O=0.9999892711639404|NORM=6.122236300143413e-06
brownies	O=0.9999662637710571|NORM=2.3349844923359342e-05
...	O=0.9999860525131226|NORM=9.964877790480386e-06
"	O=0.9999938011169434|NORM=3.6191836443322245e-06
uhh	O=0.725834310054779|NORM=0.27379101514816284
this	O=0.999992847442627|NORM=5.49383184988983e-06
shouldn't	O=0.9999792575836182|NORM=1.9245593648520298e-05
be	O=0.9999803304672241|NORM=1.7543530702823773e-05
a	O=0.9999817609786987|NORM=1.5643909136997536e-05
question	O=0.999980092048645|NORM=1.8134905985789374e-05
lol	O=0.9999908208847046|NORM=5.641620646201773e-06

goodmorning	NORM=0.9988043308258057|O=0.0011789846466854215
!!!	O=0.9999853372573853|NORM=1.0816146641445812e-05
here	O=0.9999899864196777|NORM=7.149246357585071e-06
at	O=0.9999940395355225|NORM=4.697873919212725e-06
@chelsealorienne	O=0.9999903440475464|NORM=6.69383916829247e-06
'	O=0.9999058246612549|NORM=8.775998867349699e-05
s	O=0.9999462366104126|NORM=4.7961060772649944e-05
house	O=0.9999899864196777|NORM=8.185184015019331e-06
..	O=0.9999878406524658|NORM=8.7164717115229e-06
:)))	O=0.9999887943267822|NORM=8.096266356005799e-06

vancouver	O=0.9999927282333374|NORM=6.173818292154465e-06
gull	O=0.9999116659164429|NORM=8.594560495112091e-05
by	O=0.9999953508377075|NORM=3.6547723993862746e-06
jered	O=0.9999932050704956|NORM=5.822978437208803e-06
widmer	O=0.9999903440475464|NORM=8.670257557241712e-06
:	O=0.999995231628418|NORM=3.3022963634721236e-06
akansha_gautam	O=0.9999947547912598|NORM=3.648098072517314e-06
posted	O=0.9999901056289673|NORM=6.840772130090045e-06
a	O=0.9999896287918091|NORM=9.247725756722502e-06
photo	O=0.9999593496322632|NORM=3.825487874564715e-05
:	O=0.9999891519546509|NORM=8.98965936357854e-06
via	O=0.9999920129776001|NORM=6.982356353546493e-06
500px	O=0.9998372793197632|NORM=0.00015838358376640826
:	O=0.9999890327453613|NORM=8.028322554309852e-06
http://t.co/utgjfi75mx	O=0.9999947547912598|NORM=4.107440872758161e-06
http://t.co/xzsfwu5lfx	O=0.9999953508377075|NORM=3.168859620927833e-06

rt	O=0.9999916553497314|NORM=6.386553195625311e-06
@therealdnice4	O=0.9999918937683105|NORM=6.248983027035138e-06
:	O=0.9999945163726807|NORM=3.297151806691545e-06
who	O=0.9999927282333374|NORM=5.782495009043487e-06
kenia	O=0.9999793767929077|NORM=1.9006998627446592e-05
be	O=0.9999688863754272|NORM=2.8545240638777614e-05
subtweeting	O=0.9999873638153076|NORM=1.1288038876955397e-05

http://t.co/zozhaf9v68	O=0.999992847442627|NORM=3.2814555197546724e-06
at	O=0.9999879598617554|NORM=9.584254257788416e-06
first	O=0.9999867677688599|NORM=9.648779268900398e-06
glance	O=0.9995286464691162|NORM=0.00046756488154642284
,	O=0.9999871253967285|NORM=9.135997970588505e-06
it	O=0.9999817609786987|NORM=1.479063394072e-05
didn't	O=0.9999833106994629|NORM=1.3131719242664985e-05
look	O=0.9999898672103882|NORM=6.3861339185677934e-06
like	O=0.9999890327453613|NORM=6.2938511291577015e-06
much	O=0.99998939037323|NORM=7.770826414343901e-06
,	O=0.9999886751174927|NORM=8.282227099698503e-06
center	O=0.9999804496765137|NORM=1.0278767149429768e-05
maurkice	O=0.9999877214431763|NORM=1.027463804348372e-05
pouncey	O=0.99978107213974|NORM=0.00021461753931362182
taking	O=0.9999701976776123|NORM=1.9356799384695478e-05
his	O=0.9999862909317017|NORM=6.5373224060749635e-06
spot	O=0.9999862909317017|NORM=1.1033357623091433e-05
in	O=0.9999915361404419|NORM=5.61226079298649e-06
the	O=0.9999833106994629|NORM=1.0075940735987388e-05
midd	NORM=0.8143344521522522|O=0.18556752800941467
http://t.co/jjmoaefh6r	O=0.9999954700469971|NORM=2.951522674266016e-06

@willlhardee	O=0.9999959468841553|NORM=3.0550913834304083e-06
right	O=0.9999934434890747|NORM=5.2287032303866e-06
.	O=0.9999942779541016|NORM=3.756666274057352e-06
she's	O=0.9999934434890747|NORM=5.519804290088359e-06
out	O=0.9999915361404419|NORM=7.40937821319676e-06
if	O=0.9999754428863525|NORM=2.2624986740993336e-05
control	O=0.9999874830245972|NORM=1.0729909263318405e-05
.	O=0.9999923706054688|NORM=5.500067800312536e-06
esta	O=0.98647540807724|NORM=0.013407066464424133
loca	O=0.9999709129333496|NORM=2.6955152861773968e-05
.	O=0.9999940395355225|NORM=3.679135033962666e-06

rt	O=0.9999934434890747|NORM=5.193076958676102e-06
@spnmaisiedaisy	O=0.9999926090240479|NORM=6.203196335263783e-06
:	O=0.9999940395355225|NORM=4.135383733228082e-06
jared	O=0.9999715089797974|NORM=2.4026474420679733e-05
on	O=0.9999898672103882|NORM=7.7245031206985e-06
misha	O=0.9999649524688721|NORM=3.214245225535706e-05
"	O=0.9999922513961792|NORM=5.010748736822279e-06
in	O=0.9999797344207764|NORM=1.6547388440812938e-05
all	O=0.999988317489624|NORM=8.098494618025143e-06
fairness	O=0.9999784231185913|NORM=1.9593970137066208e-05
we	O=0.9999885559082031|NORM=9.660728210292291e-06
knew	O=0.9999783039093018|NORM=1.8039208953268826e-05
from	O=0.9999889135360718|NORM=7.857925083953887e-06
the	O=0.9999889135360718|NORM=8.241667273978237e-06
get	O=0.9999856948852539|NORM=1.131237604568014e-05
go	O=0.9999849796295166|NORM=1.036265257425839e-05
that	O=0.9999792575836182|NORM=1.602768861630466e-05
he	O=0.9999899864196777|NORM=8.348692063009366e-06
was	O=0.9999833106994629|NORM=1.4817651390330866e-05
cooky	O=0.9999803304672241|NORM=1.8385881048743613e-05
"	O=0.9999884366989136|NORM=8.528246326022781e-06
lol	O=0.9999880790710449|NORM=7.372798336291453e-06
#jibcon	O=0.9999946355819702|NORM=3.7140412132430356e-06
#jib5	O=0.9999948740005493|NORM=3.5117363950121216e-06

rt	O=0.9999935626983643|NORM=4.598004579747794e-06
@fukktrickdaddy	O=0.9999942779541016|NORM=3.256858462918899e-06
:	O=0.9999953508377075|NORM=2.5385929802723695e-06
my	O=0.9999922513961792|NORM=4.190643721813103e-06
grandpa	O=0.999972939491272|NORM=2.437119110254571e-05
goes	O=0.9999828338623047|NORM=1.1230104064452462e-05
ik	NORM=0.9887410998344421|O=0.011242447420954704
ur	NORM=0.9999673366546631|O=1.6114152458612807e-05
in	O=0.9999897480010986|NORM=8.274641004391015e-06
alot	NORM=0.9999246597290039|O=6.232426676433533e-05
of	O=0.9999897480010986|NORM=7.693403858866077e-06
trouble	O=0.9999715089797974|NORM=2.244760798930656e-05
but	O=0.9999923706054688|NORM=5.985060397506459e-06
i	O=0.9999769926071167|NORM=1.563339537824504e-05
just	O=0.9999886751174927|NORM=6.7319770096219145e-06
wanted	O=0.99997878074646|NORM=1.3574304830399342e-05
to	O=0.9999922513961792|NORM=5.340994448488345e-06
let	O=0.9999862909317017|NORM=9.650716492615175e-06
u	NORM=0.9999749660491943|O=1.563524165248964e-05
know	O=0.9999889135360718|NORM=6.172228495415766e-06
we	O=0.9999887943267822|NORM=9.251219125872012e-06
have	O=0.9999892711639404|NORM=8.825314580462873e-06
the	O=0.9999899864196777|NORM=7.420341262331931e-06
hbo	O=0.9998743534088135|NORM=0.0001108384458348155
channels	O=0.9999822378158569|NORM=1.501684255345026e-05
now	O=0.9999865293502808|NORM=8.922297638491727e-06

it	O=0.9999747276306152|NORM=2.0916117136948742e-05
feel	O=0.9999732971191406|NORM=2.1975904019200243e-05
like	O=0.999984622001648|NORM=1.3101725926389918e-05
i	O=0.9999899864196777|NORM=7.154436389100738e-06
aint	NORM=0.9999715089797974|O=1.7500147805549204e-05
went	O=0.9999592304229736|NORM=3.273935726610944e-05
swimmin	NORM=0.9999529123306274|O=3.0303637686301954e-05
n	NORM=0.999958872795105|O=3.408969860174693e-05
like	O=0.999975323677063|NORM=1.909285128931515e-05
2	O=0.999980092048645|NORM=1.528293614683207e-05
or	O=0.9999520778656006|NORM=3.816197204287164e-05
3	O=0.9999762773513794|NORM=1.7783941075322218e-05
years	O=0.9999732971191406|NORM=1.9083385268459097e-05

@trawmadhard	O=0.9999924898147583|NORM=5.830581812915625e-06
@bigpapiporras	O=0.9999943971633911|NORM=4.337191057857126e-06
idk	O=0.9999792575836182|NORM=1.890054772957228e-05
but	O=0.999987006187439|NORM=1.1739613910322078e-05
i'm	O=0.9999926090240479|NORM=6.122991635493236e-06
tryna	NORM=0.9999655485153198|O=1.4532124623656273e-05
get	O=0.9999932050704956|NORM=5.49051310372306e-06
buck	O=0.9999363422393799|NORM=6.102009865571745e-05
fosho	O=0.9999288320541382|NORM=6.945167842786759e-05
fosho	O=0.999758780002594|NORM=0.00023863936075940728

transfer	O=0.9999731779098511|NORM=2.4035498427110724e-05
rumour	O=0.9999282360076904|NORM=6.981155456742272e-05
gossip	O=0.9999715089797974|NORM=2.5299204935436137e-05
:	O=0.9999923706054688|NORM=5.3635922085959464e-06
red	O=0.9999935626983643|NORM=5.220576895226259e-06
devils	O=0.999954342842102|NORM=4.473129956750199e-05
star	O=0.999987006187439|NORM=1.2224148122186307e-05
heads	O=0.9999768733978271|NORM=2.2232421542867087e-05
to	O=0.9999946355819702|NORM=4.257869022694649e-06
barca	O=0.9999737739562988|NORM=2.3186479666037485e-05
,	O=0.9999938011169434|NORM=4.319512754591415e-06
psg	O=0.9999933242797852|NORM=5.641193183691939e-06
eye	O=0.9999899864196777|NORM=8.186120794562157e-06
blues	O=0.999970555305481|NORM=2.754070737864822e-05
no	O=0.9999945163726807|NORM=4.240665930410614e-06
1	O=0.9999943971633911|NORM=4.391142283566296e-06
,	O=0.9999924898147583|NORM=5.394463642005576e-06
gunners	O=0.9999866485595703|NORM=9.467496965953615e-06
target	O=0.9999814033508301|NORM=1.3509508789866231e-05
milan	O=0.999993085861206|NORM=4.652836651075631e-06
striker	O=0.9999902248382568|NORM=6.709874469379429e-06
and	O=0.9999929666519165|NORM=5.243601663096342e-06
r	O=0.9999614953994751|NORM=3.665533949970268e-05
...	O=0.9999881982803345|NORM=7.948780876176897e-06
http://t.co/gtc3mljadu	O=0.9999951124191284|NORM=3.3426756544940872e-06

glaciar	O=0.9999806880950928|NORM=1.6381671230192296e-05
piedras	O=0.9999444484710693|NORM=5.332629370968789e-05
blancas	O=0.9999369382858276|NORM=6.0510457842610776e-05
by	O=0.9999957084655762|NORM=3.208688667655224e-06
prakasit	O=0.9999850988388062|NORM=1.2982516636839136e-05
koosuwan	O=0.9999947547912598|NORM=4.112850092496956e-06
:	O=0.9999946355819702|NORM=3.6532574085867964e-06
akansha_gautam	O=0.9999942779541016|NORM=3.53389418705774e-06
posted	O=0.999994158744812|NORM=3.9542042031825986e-06
a	O=0.9999899864196777|NORM=8.739947588765062e-06
photo	O=0.9999656677246094|NORM=3.2035492040449753e-05
:	O=0.9999880790710449|NORM=9.648423656472005e-06
via	O=0.9999895095825195|NORM=9.070733540283982e-06
500px	O=0.9999226331710815|NORM=7.15075948392041e-05
:	O=0.9999878406524658|NORM=8.80151583260158e-06
http://t.co/3wumz48d3q	O=0.9999948740005493|NORM=4.133833044761559e-06
http://t.co/ekibwx80v1	O=0.9999955892562866|NORM=2.9636175895575434e-06

1	O=0.99998939037323|NORM=6.955800017749425e-06
daily	O=0.9999908208847046|NORM=6.626964022871107e-06
follower	O=0.9999916553497314|NORM=6.5229714891756885e-06
.	O=0.9999911785125732|NORM=5.927076472289627e-06
3	O=0.9999836683273315|NORM=1.3455805856210645e-05
unfollowers	O=0.999984622001648|NORM=1.3057993783149868e-05
.	O=0.9999924898147583|NORM=4.549439836409874e-06
justunfollow	NORM=0.9689439535140991|O=0.02769182063639164
doesn't	O=0.9999916553497314|NORM=6.538573416037252e-06
miss	O=0.9999868869781494|NORM=1.1243983863096219e-05
a	O=0.9999903440475464|NORM=7.233977612486342e-06
trick	O=0.999975323677063|NORM=2.2231621187529527e-05
-	O=0.99998939037323|NORM=7.153566457418492e-06
via	O=0.9999924898147583|NORM=5.696342213923344e-06
http://t.co/ym32g3k2yx	O=0.9999949932098389|NORM=3.8995840441202745e-06

delhi	O=0.9999891519546509|NORM=8.766735845711082e-06
dmu	O=0.9999812841415405|NORM=1.6331188817275688e-05
74024	O=0.9999943971633911|NORM=3.4823731311917072e-06
started	O=0.9999923706054688|NORM=5.073107786301989e-06
on	O=0.9999924898147583|NORM=4.619593710231129e-06
23/05/2014	O=0.9999914169311523|NORM=5.489592240337515e-06
reached	O=0.9999793767929077|NORM=1.3533351193473209e-05
its	O=0.9999924898147583|NORM=4.837628239329206e-06
destination	O=0.9999850988388062|NORM=1.013892142509576e-05
dli	O=0.9999570846557617|NORM=4.123202234040946e-05
and	O=0.9999939203262329|NORM=4.08020559916622e-06
was	O=0.9999938011169434|NORM=5.02679040437215e-06
70	O=0.9999909400939941|NORM=7.45739407648216e-06
mins	NORM=0.9999233484268188|O=5.941062408965081e-05
late	O=0.9999898672103882|NORM=8.360117135453038e-06
http://t.co/umlpibbxbb	O=0.9999954700469971|NORM=3.256315721955616e-06

rt	O=0.999992847442627|NORM=4.778830771101639e-06
@wizkhalifa	O=0.9999920129776001|NORM=3.865530288749142e-06
:	O=0.9999953508377075|NORM=2.2099643501860555e-06
no	O=0.9999939203262329|NORM=3.1523072721029166e-06
matter	O=0.9999871253967285|NORM=7.844785613997374e-06
how	O=0.999988317489624|NORM=6.368352387653431e-06
much	O=0.9999935626983643|NORM=3.2745990665716818e-06
money	O=0.9999905824661255|NORM=4.112624992558267e-06
i	O=0.9999879598617554|NORM=7.444816219503991e-06
make	O=0.9999921321868896|NORM=3.836898031295277e-06
,	O=0.9999924898147583|NORM=4.738475581689272e-06
im	NORM=0.9999794960021973|O=1.1622236343100667e-05
gon	NORM=0.9999759197235107|O=1.344092652288964e-05
stay	O=0.9999903440475464|NORM=5.011455868952908e-06
the	O=0.9999948740005493|NORM=2.930278697022004e-06
same	O=0.9999946355819702|NORM=2.820593635988189e-06
.	O=0.9999943971633911|NORM=3.1198944725474576e-06

i	O=0.9999881982803345|NORM=8.01794885774143e-06
liked	O=0.9999889135360718|NORM=8.612500096205622e-06
a	O=0.9999922513961792|NORM=5.884368874831125e-06
@youtube	O=0.9999850988388062|NORM=1.1314516996208113e-05
video	O=0.9999867677688599|NORM=8.954034456110094e-06
http://t.co/4o3mmaet7y	O=0.9999885559082031|NORM=1.0254646440444048e-05
french	O=0.9999809265136719|NORM=1.6953586964518763e-05
open	O=0.9999806880950928|NORM=1.6591775420238264e-05
in	O=0.9999651908874512|NORM=3.153444777126424e-05
the	O=0.999988317489624|NORM=8.428533874393906e-06
rain	O=0.9999638795852661|NORM=2.9381559215835296e-05
with	O=0.999984622001648|NORM=9.217618753609713e-06
novak	O=0.9999711513519287|NORM=2.5542936782585457e-05
djokovic	O=0.9999454021453857|NORM=3.8218277040869e-05

rt	O=0.9999933242797852|NORM=4.984673523722449e-06
@bharat_putra	O=0.9999954700469971|NORM=2.8682154606940458e-06
:	O=0.9999953508377075|NORM=2.6394725409772946e-06
shazia	O=0.999992847442627|NORM=5.603299541689921e-06
ilmi	O=0.9999911785125732|NORM=6.26456358077121e-06
has	O=0.9999858140945435|NORM=9.508768926025368e-06
blown	O=0.9999861717224121|NORM=1.1787912626459729e-05
the	O=0.999992847442627|NORM=4.71946805191692e-06
lid	O=0.9999858140945435|NORM=1.166308175015729e-05
over	O=0.9999923706054688|NORM=5.977023192826891e-06
inner	O=0.999988317489624|NORM=9.688248610473238e-06
party	O=0.9999788999557495|NORM=1.8288310457137413e-05
democracy	O=0.9999815225601196|NORM=1.5675313989049755e-05
claim	O=0.9999403953552246|NORM=5.2987190429121256e-05
of	O=0.9999842643737793|NORM=1.1360578355379403e-05
@arvindkejriwal	O=0.9999947547912598|NORM=3.4875158689828822e-06
the	O=0.9999911785125732|NORM=5.542627604882e-06
dictator	O=0.9999872446060181|NORM=9.639916243031621e-06
.	O=0.999992847442627|NORM=4.60693354398245e-06

@elanie_rod	O=0.9999921321868896|NORM=4.819363766728202e-06
im	NORM=0.9999736547470093|O=1.2732055438391399e-05
sorrry	NORM=0.7156062722206116|O=0.28434938192367554
imma	NORM=0.9999688863754272|O=2.0204497559461743e-05
text	O=0.9999833106994629|NORM=1.4543585166393314e-05
you	O=0.9999827146530151|NORM=1.3543285604100674e-05
now	O=0.9999914169311523|NORM=6.283412858465454e-06

@pjdoyle17	O=0.9999945163726807|NORM=3.104579946011654e-06
warm	O=0.9999890327453613|NORM=8.865838026395068e-06
milk	O=0.9999805688858032|NORM=1.7242695321328938e-05
?!	O=0.9999914169311523|NORM=6.27613690085127e-06
what	O=0.9999889135360718|NORM=9.436518666916527e-06
r	NORM=0.9999521970748901|O=3.645510150818154e-05
u	NORM=0.9999774694442749|O=1.5061792510095984e-05
5	O=0.9999693632125854|NORM=2.8840009690611623e-05
??	O=0.9999901056289673|NORM=6.727725121891126e-06
how	O=0.9999901056289673|NORM=7.857081072870642e-06
bout	NORM=0.9999791383743286|O=1.2605002666532528e-05
an	O=0.9999926090240479|NORM=6.120762009231839e-06
ambien	O=0.9999854564666748|NORM=1.3445580407278612e-05
?	O=0.999993085861206|NORM=4.6726381697226316e-06
#thatswhyweloveu	O=0.9999881982803345|NORM=1.098614029615419e-05

@camilacabello97	O=0.9999951124191284|NORM=2.4679120542714372e-06
#askcamila	O=0.9999955892562866|NORM=2.768630338323419e-06
what	O=0.9999880790710449|NORM=6.991524514887715e-06
you	O=0.9999926090240479|NORM=5.064229299023282e-06
like	O=0.9999903440475464|NORM=6.846902579127345e-06
to	O=0.9999959468841553|NORM=2.678223609109409e-06
eat	O=0.9999958276748657|NORM=2.6277521101292223e-06
here	O=0.9999938011169434|NORM=3.810637508649961e-06
in	O=0.9999914169311523|NORM=6.15105454926379e-06
brazil	O=0.9986574649810791|NORM=0.0013274154625833035
???????	O=0.9999897480010986|NORM=6.069464689062443e-06
follow	O=0.9999761581420898|NORM=1.4523800018650945e-05
me	O=0.9999947547912598|NORM=3.5571251828514505e-06
please	O=0.9999929666519165|NORM=5.25079258295591e-06
camila	O=0.9999932050704956|NORM=5.048767434345791e-06
ilysm	O=0.999967098236084|NORM=2.8630633096327074e-05
<3	O=0.9999889135360718|NORM=7.028968866507057e-06

rt	O=0.9999914169311523|NORM=6.430022040149197e-06
@rsherman_25	O=0.9999948740005493|NORM=2.555605078669032e-06
:	O=0.9999940395355225|NORM=3.162485199936782e-06
@realpeterson21	O=0.9999951124191284|NORM=2.0061668237758568e-06
wideouts	O=0.9999876022338867|NORM=1.0049516276922077e-05
regularly	O=0.9999879598617554|NORM=6.219593615242047e-06
have	O=0.9999933242797852|NORM=3.863736765197245e-06
career	O=0.9999897480010986|NORM=7.452543741237605e-06
days	O=0.9999889135360718|NORM=8.368125236302149e-06
on	O=0.9999885559082031|NORM=9.793398930924013e-06
u	NORM=0.9999678134918213|O=1.8744718545349315e-05
.	O=0.9999915361404419|NORM=5.476066235132748e-06
they	O=0.9999911785125732|NORM=6.203962584550027e-06
ask	O=0.9999912977218628|NORM=6.562690941791516e-06
u	NORM=0.9999741315841675|O=1.623457865207456e-05
to	O=0.9999918937683105|NORM=5.3265866881702095e-06
stop	O=0.999980092048645|NORM=1.4998075130279176e-05
them	O=0.9999914169311523|NORM=4.953194093104685e-06
.	O=0.9999908208847046|NORM=6.125340405560564e-06
not	O=0.9999904632568359|NORM=6.212092557689175e-06
let	O=0.9999891519546509|NORM=8.117903234960977e-06
them	O=0.9999916553497314|NORM=5.049404535384383e-06
score	O=0.9999778270721436|NORM=1.6203268387471326e-05
at	O=0.9999847412109375|NORM=1.2406609130266588e-05
will	O=0.999981164932251|NORM=1.6720781786716543e-05
.	O=0.9999909400939941|NORM=5.656247594743036e-06

lmao	O=0.9999936819076538|NORM=4.427660314831883e-06
"	O=0.9999946355819702|NORM=2.5297797492385143e-06
@tweetgodfada	O=0.999991774559021|NORM=5.56488612346584e-06
:	O=0.9999942779541016|NORM=2.6993225219484884e-06
one	O=0.9999914169311523|NORM=3.8412626963690855e-06
outright	O=0.999968409538269|NORM=2.956160096800886e-05
fool	O=0.9999884366989136|NORM=7.0234036684269086e-06
just	O=0.9999854564666748|NORM=6.97044833941618e-06
came	O=0.9999785423278809|NORM=1.2452464943635277e-05
into	O=0.9999911785125732|NORM=6.501672032754868e-06
my	O=0.9999932050704956|NORM=4.104924300918356e-06
dm	NORM=0.9994243383407593|O=0.0005651970277540386
to	O=0.9999927282333374|NORM=3.886491867888253e-06
ask	O=0.9999909400939941|NORM=5.121586127643241e-06
me	O=0.9999910593032837|NORM=3.9712363104627e-06
if	O=0.9999929666519165|NORM=3.7551819787040586e-06
the	O=0.9999916553497314|NORM=4.528817953541875e-06
girl	O=0.9999843835830688|NORM=1.1075822840211913e-05
in	O=0.999988317489624|NORM=9.403013791597914e-06
my	O=0.999990701675415|NORM=4.906121830572374e-06
avi	O=0.6035038232803345|NORM=0.3963968753814697
is	O=0.9999923706054688|NORM=5.245409283816116e-06
my	O=0.9999934434890747|NORM=3.6936523883923655e-06
gf	NORM=0.9987735152244568|O=0.0012210800778120756
....	O=0.9999927282333374|NORM=4.896302016277332e-06
"	O=0.999991774559021|NORM=3.852464487863472e-06

rt	O=0.9999932050704956|NORM=4.7675844143668655e-06
@miilkkk	O=0.9999940395355225|NORM=4.505213382799411e-06
:	O=0.9999938011169434|NORM=3.2913906125031644e-06
best	O=0.9999912977218628|NORM=6.4725527408882044e-06
snapchat	O=0.9999691247940063|NORM=2.5544053642079234e-05
i've	O=0.9999591112136841|NORM=3.549084431142546e-05
seen	O=0.9999877214431763|NORM=8.355690624739509e-06
all	O=0.9999891519546509|NORM=6.960662176425103e-06
day	O=0.9999922513961792|NORM=6.270715402934002e-06
lmao	O=0.9999734163284302|NORM=2.068250614684075e-05
...	O=0.9999780654907227|NORM=1.4427592759602703e-05
http://t.co/euximfm9qg	O=0.9999945163726807|NORM=4.2388905967527535e-06

||	O=0.9999910593032837|NORM=6.3137213146546856e-06
your	O=0.9999904632568359|NORM=5.80991581955459e-06
account	O=0.9999853372573853|NORM=9.465136827202514e-06
is	O=0.9999921321868896|NORM=5.737705578212626e-06
perfect	O=0.9999904632568359|NORM=5.839016921527218e-06
you're	O=0.9999868869781494|NORM=1.1346348401275463e-05
so	O=0.9999899864196777|NORM=8.029288437683135e-06
pretty	O=0.9999884366989136|NORM=7.851853297324851e-06
and	O=0.9999923706054688|NORM=6.198103619681206e-06
your	O=0.9999823570251465|NORM=1.4097525308898184e-05
bio	O=0.999708354473114|NORM=0.0002875338832382113
same	O=0.9999934434890747|NORM=5.136865638633026e-06
stay	O=0.9999909400939941|NORM=7.120993814169196e-06
perf	NORM=0.9992743134498596|O=0.000720176612958312
x	O=0.9999921321868896|NORM=5.799805876449682e-06

rt	O=0.9999927282333374|NORM=5.75955073145451e-06
@syainaquiah	O=0.9999948740005493|NORM=3.221223096261383e-06
:	O=0.9999954700469971|NORM=2.7921412311116e-06
stop	O=0.9999819993972778|NORM=1.1002943210769445e-05
acting	O=0.999990701675415|NORM=6.0752327044610865e-06
like	O=0.9999879598617554|NORM=7.1244298851524945e-06
nothing	O=0.9999867677688599|NORM=6.626481990679167e-06
happened	O=0.9999711513519287|NORM=1.638109279156197e-05
for	O=0.999993085861206|NORM=5.442685505840927e-06
god	O=0.9999902248382568|NORM=8.125952263071667e-06
sakelah	O=0.9976930022239685|NORM=0.0023033597972244024
weh	O=0.9999713897705078|NORM=2.7324140319251455e-05
omg	O=0.999984860420227|NORM=1.3397943803283852e-05
.	O=0.9999932050704956|NORM=4.894422545476118e-06

#update	O=0.999987006187439|NORM=9.705611773824785e-06
trailer	O=0.9999697208404541|NORM=2.523826333344914e-05
of	O=0.9999889135360718|NORM=8.837085260893218e-06
sdtg	O=0.999976634979248|NORM=2.1256480977172032e-05
will	O=0.9999874830245972|NORM=9.435326319362503e-06
be	O=0.9999904632568359|NORM=6.779711384297116e-06
shown	O=0.9999852180480957|NORM=9.904347280098591e-06
sa	O=0.9145140647888184|NORM=0.08546902984380722
primiere	O=0.7693998217582703|NORM=0.23053574562072754
night	O=0.99998939037323|NORM=8.811633051664103e-06
ng	O=0.9884815216064453|NORM=0.011506536044180393
maybe	O=0.999984860420227|NORM=1.2779725693690125e-05
this	O=0.999993085861206|NORM=4.740476015285822e-06
time	O=0.9999886751174927|NORM=9.150957339443266e-06
:))	O=0.9999855756759644|NORM=1.115634040615987e-05
-selaii	O=0.9999003410339355|NORM=9.692604362498969e-05

rt	O=0.9999912977218628|NORM=6.886140454298584e-06
@worldstarfunny	O=0.9999927282333374|NORM=6.206179477885598e-06
:	O=0.9999942779541016|NORM=3.389210860405001e-06
bruh	NORM=0.9999548196792603|O=3.756215301109478e-05
.	O=0.9999834299087524|NORM=1.3305482752912212e-05
this	O=0.9999837875366211|NORM=1.3080753888061736e-05
why	O=0.9999229907989502|NORM=6.581179331988096e-05
white	O=0.9999557733535767|NORM=3.4790835343301296e-05
people	O=0.9999821186065674|NORM=9.11531697056489e-06
dont	NORM=0.9998921155929565|O=8.99410733836703e-05
like	O=0.999984860420227|NORM=1.1186525625817012e-05
niggas	NORM=0.9999547004699707|O=2.5486477170488797e-05
https://t.co/5wxflxvms9	O=0.9999934434890747|NORM=3.9190017560031265e-06

@raila_khan	O=0.9999945163726807|NORM=3.2055438623501686e-06
@jaspreetreen1	O=0.9999959468841553|NORM=1.976071871467866e-06
lololol	O=0.9999710321426392|NORM=2.624630360514857e-05
...	O=0.9999855756759644|NORM=8.885868737706915e-06
what	O=0.9999895095825195|NORM=6.925121851963922e-06
did	O=0.999990701675415|NORM=7.3301630436617415e-06
i	O=0.9999933242797852|NORM=4.463317509362241e-06
miss	O=0.9999903440475464|NORM=7.429704965034034e-06
on	O=0.9999935626983643|NORM=4.81957295050961e-06
if	O=0.9999755620956421|NORM=2.1887146431254223e-05
todays	NORM=0.9999276399612427|O=4.50680308858864e-05
?	O=0.9999895095825195|NORM=6.51902746540145e-06

me	O=0.9999924898147583|NORM=6.144922735984437e-06
regalan	O=0.9999864101409912|NORM=1.2556154615595005e-05
rt	O=0.9997312426567078|NORM=0.00026720890309661627
p	O=0.9999369382858276|NORM=6.153168942546472e-05
'	O=0.9997770190238953|NORM=0.00021576859580818564
mi	O=0.9998186230659485|NORM=0.00017849274445325136
evento	O=0.9999700784683228|NORM=2.783909258141648e-05
xfa	O=0.9999920129776001|NORM=7.231430572574027e-06
?	O=0.9999951124191284|NORM=3.28868736687582e-06
@paulo_bennetts	O=0.9999958276748657|NORM=2.7667356334859505e-06
@pablogaribay	O=0.9999946355819702|NORM=3.84076247428311e-06
@eduardogaribayg	O=0.9999957084655762|NORM=3.0449275527644204e-06
@mon_gaitan	O=0.9999959468841553|NORM=2.070046548396931e-06
@yadteran	O=0.9999961853027344|NORM=1.9146923477819655e-06
@anapaomijares	O=0.9999959468841553|NORM=2.2465662823378807e-06
http://t.co/c3qs0tkadb	O=0.9999954700469971|NORM=2.979993041662965e-06

@shaigoddess	O=0.9999932050704956|NORM=5.145429895492271e-06
yeah	O=0.9999922513961792|NORM=5.347921160137048e-06
i	O=0.9999926090240479|NORM=4.7385260586452205e-06
know	O=0.9999940395355225|NORM=4.115974206797546e-06
it's	O=0.999994158744812|NORM=4.50110383098945e-06
a	O=0.9999951124191284|NORM=2.8805773126805434e-06
guy	O=0.999977707862854|NORM=1.0664098226698115e-05
haha	O=0.9999920129776001|NORM=4.392543360154377e-06
i	O=0.9999935626983643|NORM=3.6983194604545133e-06
was	O=0.9999939203262329|NORM=4.629805971489986e-06
just	O=0.9999914169311523|NORM=4.801303475687746e-06
saying	O=0.9999918937683105|NORM=4.6133436626405455e-06
(:	O=0.9999943971633911|NORM=3.258477363488055e-06
do	O=0.9999887943267822|NORM=7.904231097199954e-06
you	O=0.9999929666519165|NORM=4.982014615961816e-06
needto	NORM=0.9839419722557068|O=0.015303270891308784
talk	O=0.9999860525131226|NORM=8.92273510544328e-06
?	O=0.9999920129776001|NORM=4.303662080928916e-06

