Trung	O
bình	O
tủ	O
lạnh	O
ng	NORM
dân	O
Việt	O
Nam,	O
thêm	O
combo	O
chanh	O
cắt	O
1	O
nửa,	O
rồi	O
hằm	O
bà	O
lằng	O
dăm	O
ba	O
thứ	O
linh	O
tinh	O
:))))))	O

Cứ	O
ngồi	O
yên	O
đấy	O
để	O
nốt	O
ruồi	O
đi	O
bươn	O
trải	NORM
lấy	O
tiền	O
nuôi	O

Tao	O
thi	O
được	O
7	O
điểm	O
văn	O
cái	O
đề	O
đếi	NORM
mày	O
kkkkk	O

em	O
ngta	NORM
dễ	O
thương	O
quá	O

ở	O
nhà	O
ăn	O
thế	O
đã	O
bị	O
bố	O
mẹ	O
chửi	O
cho	O
tới	O
bến	O
r	NORM
chứ	O
đừng	O
nói	O
đến	O
nhà	O
ngyeu	NORM
ăn	O
cơm	O
mà	O
thế	O
.	O

Tin	O
b	NORM
vô	O
bờ,	O
b	NORM
cho	O
tui	O
bất	O
ngờ	O

xem	O
tuyển	O
tập	O
phim	O
chữa	O
lành	O
Thái	O
Lan	O
khum	NORM
:)))	O

:))	O
nch	NORM
mạt	O
cưa	O
mướp	O
đắng	O

cũng	O
là	O
tri	O
nma	NORM
vô	O
tri	O

Này	O
thì	O
đam	O
mê	O
bất	O
diệt	O
nek	NORM

Khi	O
người	O
hèng	NORM
bật	O
khók	NORM

:)))	O
nghe	O
lói	NORM
e	NORM
đang	O
tìm	O
hiểu	O
ngành	O
này	O

thậm	O
chí	O
có	O
lần	O
ngồi	O
cf	NORM
còn	O
nói	O
làm	O
từ	O
9h	O
dáng	NORM
hnay	NORM
đến	O
11h	O
hôm	O
sau	O
.	O

Chứ	O
ko	NORM
chỉ	O
giữ	O
mỗi	O
thể	O
xác	O
của	O
nó	O
ở	O
bên	O
cạnh	O

Ngay	O
trong	O
kiếp	O
này	O
tôi	O
muốn	O
có	O
thằng	O
con	O
giai	NORM
như	O
vậy	O

quá	O
xứng	O
đáng	O
dc	NORM
như	O
vậy	O

T	NORM
ko	NORM
dám	O
gắp	O
luôn	O

Hihi	O
mẹ	O
này	O
uống	O
có	O
4	O
hộp	O
chứ	O
mẹ	O
gạo	O
mino	O
thi	NORM
phải	O
gấp	O
đôi	O
lên	O

Dị	NORM
ny	NORM
mình	O
mới	O
15	O
tuổi	O
chưa	O
đủ	O
tuổi	O
kết	O
hôn	O
nữa	O

T	NORM
đã	O
từng	O
ở	O
trong	O
môi	O
trường	O
như	O
này	O
và	O
biết	O
được	O
các	O
thầy	O
các	O
cô	O
,những	O
người	O
sẽ	O
ra	O
trường	O
dạy	O
các	O
e	NORM
nhỏ	O
như	O
nào	O

anh	O
nghic	NORM
sau	O
này	O
a	NORM
nuôi	O
thêm	O
một	O
đứa	O
con	O
tên	O
là	O
vợ	O
anh	O
:))	O

chết	O
r	NORM
tnay	NORM
cta	NORM
đi	O
ăn	O
100	O
bữa	O
50/50	O
hoá	O
đơn	O
hết	O
là	O
vừa	O
b	NORM
ơi=))))))))))	O

Mấy	O
cháu	O
đang	O
nhỏ	O
chứ	O
để	O
bọn	O
cấp	O
2	O
vs	NORM
cấp	O
3	O
chắc	O
còn	O
cuống	O
thôi	O
:)))	O

Theo	O
mình	O
nghĩ	O
thì	O
b	NORM
và	O
ck	NORM
b	NORM
nên	O
ngồi	O
nói	O
ckx	NORM
thẳng	O
thắn	O
với	O
nhau	O

em	O
chụp	O
rồi	O
anh	O
sửa	O
hình	O
cho	O
em	O
hey.	NORM

Vậy	O
ông	O
nội	O
ơi,	O
ông	O
cíu	NORM
cháu	O
với	O

Ủa	O
sao	O
giành	O
quyền	O
nuôi	O
con	O
dc	NORM
nhỉ	O

Còn	O
ThầnY	NORM
nữa,	O
chưa	O
thấy	O
réo	O
tên	O

Sao	O
đọc	O
cảm	O
giác	O
bạn	O
vs	NORM
mình	O
giống	O
nhau	O
nhỉ.	O

Đi	O
ăn	O
zới	NORM
mẹ	O
thì	O
lí	O
nhí	O
kêu	O
mẹ	O
order	O

đúng	O
trg	NORM
hợp	O
tối	O
qua	O

Phải	O
có	O
ảnh	O
minh	O
hoạ	O
bọn	O
mk	NORM
mới	O
tư	O
vấn	O
đc	NORM
nhé	O

ăn	O
ko	NORM
để	O
đi	O
mua	O
cho	O

để	O
ck	NORM
rước	O
em	O
như	O
z	NORM
nha	O

Chi	O
trời	O
haahaa	O
chắc	O
t	NORM
dzới	NORM
m	O
ngồi	O
câm	O
lặng	O
quá	O
:)))	O

Trước	O
mình	O
bị	O
một	O
người	O
chở	O
đồ	O
to	O
đằng	O
sau	O
va	O
quệt	O
vào	O
xe	O
mình	O
rồi	O
mình	O
ngã	O
đập	O
cằm	O
xuống	O
nằm	O
im	O
trên	O
đất	O
ngay	O
chỗ	O
mn	NORM
đang	O
chờ	O
xe	O
bus.	O

Tôi	O
23t	O
chồng	O
ơi	O
hết	O
gạo	O
rồi	O
anh	O
k	NORM
mua	O
à?	O

Cháo	O
hành	O
này	O
không	O
cay	O
mắt	O
mà	O
kay	NORM
trong	O
lòng	O
á	O

lên	O
đời	O
bất	O
ngờ	O
quá	O
luôn	O
nha,	O
cya	NORM
hơn	O
ăn	O
ớt	O
=)))	O

Êi	NORM
tui	O
cũng	O
không	O
thích	O
mấy	O
cục	O
gummy	O
vị	O
cam,	O
tui	O
thích	O
chanh	O
với	O
táo	O
à	O
bà	O
ăn	O
hông	NORM

Chắc	O
có	O
mình	O
tui	O
hông	NORM
thích	O
ông	O
này	O
lắm	O
:<	O

hèng	NORM
thảo	O
mai	O
được	O
lòng	O
đôi	O
bên	O

nhma	NORM
tại	O
tính	O
chất	O
công	O
việc	O
cũng	O
chạy	O
đi	O
miếc	NORM
ko	NORM
có	O
ở	O
văn	O
phòng	O
chung	O
với	O
mọi	O
người	O
nên	O
h	NORM
zô	NORM
cũng	O
quen	O
r,	NORM
ai	O
nói	O
j	NORM
cười	O
đó	O
thui	NORM
chứ	O
sao	O
h,	NORM
từ	O
từ	O
rồi	O
cũng	O
sẽ	O
làm	O
quen	O
đc	NORM
thui	NORM
cố	O
lên,	O
mình	O
dễ	O
thương	O
mà	O
kkkkkk	O

c	NORM
hay	O
xem	O
cái	O
này	O
đk	NORM
=)))	O

Kiện	O
chết	O
cmn	O
đi	O
,	O
ch	NORM
ó	NORM
cậy	O
gần	O
nhà	O
,	O
báo	O
người	O
ta	O
còn	O
đi	O
đánh	O
họ	O
nữa	O

z	NORM
là	O
mình	O
ms	NORM
iu:))))	NORM

chúc	O
mừng	O
sinh	O
nhật	O
chị,	O
chị	O
em	O
mình	O
thích	O
cảm	O
giác	O
mạnh	O
nên	O
phải	O
cứng	O
rắn	O
lên	O
c	NORM
nhe	O

Người	O
iu	NORM
iem	NORM
mọi	O
người	O
đừng	O
giành	O

Chiếc	O
visual	O
ko	NORM
đùa	O
đc	NORM
đâu	O
:))))	O

Bạn	O
biết	O
điều	O
tệ	O
nhất	O
trong	O
câu	O
chuyện	O
này	O
ko?	NORM

rồi	O
lương	O
tháng	O
này	O
của	O
em	O
đc	NORM
1	O
chẹo	NORM

ae	NORM
mình	O
ngược	O
lại	O
:))	O

Qae	O
này	O
về	O
n	NORM
giã	O
cho	O
thì	O
ít	O
trượt	O

để	O
sn	NORM
cậu	O
tớ	O
tặng	O
1	O
hộp	O

hẳn	O
là	O
ck	NORM
mềnh	NORM
hahaha	O

T	NORM
chỉ	O
mong	O
bên	O
gd	NORM
bạn	O
nữ	O
kia	O
đừng	O
có	O
nghe	O
mấy	O
lời	O
vd	NORM
như	O
"	O
lúc	O
đấy	O
ac	NORM
nóng	O
quá	O
k	NORM
kiểm	O
soát	O
dc	NORM

A	NORM
mua	O
nhớ	O
là	O
nhà	O
có	O
2	O
e	NORM
bé	O
nha	O

Nhờn	O
thế,	O
chị	O
nói	O
đúng	O
k	NORM
:))	O

hồi	O
đấy	O
nhớ	O
lần	O
đầu	O
ăn	O
tép	O
rang	O
ngon	O
vl,	O
sau	O
đấy	O
ngửi	O
thấy	O
món	O
đấy	O
nôn	O
thốc	O
nôn	O
tháo	O
đ	NORM
chịu	O
được	O
=)))	O

x-xin	NORM
loi	NORM
tag	O
cung	NORM
kh	NORM
xem	O
hugu	O

tui	O
ói	O
ra	O
cho	O
dừa	NORM
lòng	O

Anh	O
zai	NORM
này	O
đúng	O
kiểu	O
văn	O
vở	O
luyên	O
thuyên	O
luôn,	O
đọc	O
cười	O
sảng	O

Người	O
được	O
chữa	O
lành	O
là	O
nhân	O
vật	O
chứ	O
kp	NORM
t	NORM

đứa	O
lào	NORM
hôm	O
qua	O
mới	O
nhắc	O
cái	O
kịch	O
bản	O
này	O
zị	NORM

em	O
thấy	O
tâm	O
lý	O
chị	O
A	O
này	O
như	O
kiểu	O
muốn	O
"độc	O
chiếm"	O
sự	O
chú	O
ý	O
của	O
các	O
anh	O
trong	O
cty	NORM
chồng	O
chị	O
ấy	O
=)))	O

t	NORM
thấy	O
này	O
hợp	O
với	O
ng	NORM
trên	O
trời,	O
cụ	O
thể	O
là	O
m	NORM

kem	O
chống	O
nắng	O
loại	O
này	O
k	NORM
lười	O
nè	O

T	NORM
ghét	O
nhất	O
giờ	O
nghỉ	O
ngơi	O
cứ	O
ý	O
éo	O
hoặc	O
đang	O
tập	O
trung	O
lại	O
e	NORM
ơi	O
e	NORM
à.	O

là	O
trung	O
thực	O
lắm	O
đấy,	O
khum	NORM
được	O
nghi	O
ngờ	O

Hôm	O
trc	NORM
2	O
cháu	O
nữ	O
học	O
cấp	O
2	O
cũng	O
xách	O
túi	O
kiểu	O
này	O
thấy	O
tự	O
tin	O
lắm!	O

Dỗi	O
đi	O
ún	NORM
tà	NORM
tưa	NORM
nghỉ	O
dỗi	O

mé	NORM
cái	O
màu	O
đỏ	O
lz	NORM
nào	O
lên	O
môi	O
mình	O
1	O
hồi	O
nó	O
cũng	O
chuyển	O
thành	O
hồng	O
cánh	O
sen,	O
hốt	O
m13	O
về	O
khóc	O
ặc	O
ặc	O

Mình	O
cũng	O
k	NORM
ăn	O
được	O
thịt	O
mỡ	O
nhưng	O
mình	O
không	O
bới	O
ạ	O

anh	O
thấy	O
bây	O
giờ	O
mà	O
được	O
dị	NORM
mừng	O
thiệt	NORM
sự,	O
lương	O
nhiêu	O
thì	O
nhiêu	O
đuma	O
mới	O
ra	O
trường	O
k	NORM
lẽ	O
đòi	O
lương	O
như	O
cái	O
người	O
có	O
kinh	O
nghiệm	O

e	NORM
xứng	O
đáng	O
đc	NORM
như	O
vậy	O

ăn	O
k	NORM
t	NORM
ghé	O
cho	O
m	NORM
mua	O

hướng	O
nội	O
gkee	NORM
nhát	O
gkeee	NORM

ác	O
độk	NORM
và	O
zô	NORM
lim	NORM
xĩ	NORM

anh	O
iu	NORM
bà	O
được	O
nhà	O
khác	O
mời	O
sang	O
ăn	O
cơm	O
kìa	O

Đỉnh	O
vậy	O
tr	NORM
:))	O
sếp	O
nhe	O
,	O
lần	O
đầu	O
đc	NORM
nghe	O
1	O
idol	O
VN	O
có	O
danh	O
phận	O
của	O
luxury	O
brand	O
nổi	O
tiếng	O
lun	NORM

Đọc	O
bài	O
viết	O
thấy	O
dễ	O
thương	O
đáng	O
iu	NORM
quá	O

A	NORM
chả	O
hiểu	O
em	O
:((	O
,	O
a	NORM
chả	O
thw	NORM
e	NORM

đọc	O
chiện	NORM
tình	O
củm	NORM
ngược	O
thân	O
ngược	O
tâm	O
miếng	O
nè	O
:)))))	O

nhanh	O
thiệt,	O
t	NORM
mới	O
chỉ	O
coi	O
demo	O
cái	O
phim	O
lật	O
mặt	O
đổi	O
đời	O
này,	O
mà	O
đã	O
thấy	O
page	O
chế	O
memes	O
rồi	O

Hai	O
đứa	O
mình	O
ko	NORM
đứa	O
nào	O
bị	O
cận	O

Xưa	O
mẹ	O
mình	O
bảo	O
,	O
đừng	O
cmt	O
chửi	O
thề	O
vs	NORM
bb	NORM
trên	O
mạng	O
ngta	NORM
quánh	NORM
giá	O

Tui	O
xem	O
đi	O
xem	O
lại	O
bao	O
lần	O
hông	NORM
đếm	O
nỗi	NORM
nữa	O
vì	O
dễ	O
thương	O
quá	O
XD	O

A	NORM
nào	O
giơ	O
bằng	O
1	O
tay	O
chắc	O
chắn	O
chung	O
tình	O
hơn	O
a	NORM
cầm	O
cá	O
bằng	O
2	O
tay	O

Ko	NORM
nói	O
nhiều,	O
Trương	O
Gia	O
Nghê	O
xinh	O
nhất=)))	O

Ăn	O
cơm	O
mà	O
bới	O
bới	O
t	NORM
lại	O
vả	O
cho	O
ấy	O
chứ	O

nhỡ	O
t	NORM
quên	O
kính	O
ở	O
nhà…	O

Trẻ	O
con	O
xoài	O
chua	O
nó	O
k	NORM
ăn	O
đc	NORM
chứ	O
cấp	O
2	O
vs	NORM
cấp	O
3	O
thì	O
còn	O
cái	O
lịt	NORM

Tao	O
chỉ	O
sợ	O
về	O
gt	O
nó	O
lại	O
vả	O
cho	O
thêm	O
thôi	O
cs	NORM
nó	O
ngang	O
trái	O
lắm	O

Lần	O
trc	NORM
khi	O
chị	O
đó	O
bỏ	O
trốn,	O
nó	O
đã	O
gặp	O
mình	O
và	O
đánh	O
mình	O
rồi,	O
mình	O
không	O
đánh	O
lại,	O
vì	O
mình	O
biết	O
mình	O
sai	O
mà.	O

“Tự	O
nhiên	O
như	O
ở	O
nhà”	O
nhưng	O
“đừng	O
quên	O
mình	O
là	O
khách”	O
nha	O
=))	O
mà	O
nhà	O
hay	O
khách	O
gì	O
thì	O
cũng	O
k	NORM
dc	NORM
zô	NORM
ziên	NORM
vậy	O
đâu	O
má	O

yêu	O
đúng	O
người	O
thì	O
chỉ	O
có	O
tròn	O
đều	O
lên	O
thôi	O
chứ	O
xuống	O
cân	O
sao	O
nooir	NORM

dĩ	O
nhiên	O
sau	O
đó	O
may	O
mắn	O
là	O
cũng	O
có	O
nhiều	O
elf	O
"vì	O
yêu	O
mà	O
đến"	O
đu	O
hn-sg	O
cùng	O
nhưng	O
thực	NORM
sự	O
vào	O
đến	O
sân	O
quẩy	O
1	O
mình	O
mà	O
không	O
cần	O
quan	O
tâm	O
tới	O
người	O
đi	O
cùng	O
vẫn	O
là	O
1	O
cảm	O
giấc	O
rất	O
tuyệt,	O
cảm	O
giác	O
tập	O
trung	O
tận	O
hưởng	O
chỉ	O
mình	O
và	O
nghệ	O
sĩ	O
thôi	O
ấy	O

năm	O
nay	O
mất	O
mùa	O
măng	O
cụt	O
chín	O
r	NORM
:))	O

Con	O
cái	O
thì	O
nên	O
dắt	O
cẩn	O
thận	O
khi	O
qua	O
dg,	NORM
đây	O
dắt	O
con	O
ko	NORM
xong	O
còn	O
đánh	O
ng	NORM

Sau	O
rút	O
kinh	O
nghiệm	O
nhà	O
ng	NORM
yêu	O
sau	O
ăn	O
gì	O
cũng	O
đừng	O
bới,	O
ngó	O
kĩ	O
hãy	O
gắp,	O
chưa	O
cưới	O
còn	O
đc	NORM
lựa	O
chọn	O
ng	NORM
này	O
ng	NORM
kia	O
chứ	O
cưới	O
rồi	O
chỉ	O
có	O
ngậm	O
bồ	O
hòn	O

quá	O
tr	NORM
cái	O
nết	O
gòi	NORM
nha	O

tính	O
xin	O
5	O
trịu	NORM
đi	O
đâu	O
nè	O
=))))))))))))))	O

Ủa	O
là	O
zậy	NORM
là	O
nhanh	O
dữ	O
chưa	O

ng	NORM
thành	O
công	O
luôn	O
có	O
lối	O
đi	O
riêng	O
-.-	O

Có	O
khi	O
qua	O
đó	O
học	O
thêm	O
tiếng	O
Trung	O
r	NORM
lại	O
đc	NORM
mời	O
làm	O
diễn	O
viên	O
lại	O
phất,	O
phim	O
ảnh	O
bên	O
đó	O
idol	O
đc	NORM
buff	O
mạnh	O
gấp	O
tỉ	O
lần	O
Việt	O
Nam	O
,	O
đóng	O
phim	O
vẫn	O
nhạt	O
nhưng	O
hơn	O
đi	O
hát	O

Có	O
thể	O
bỏ	O
qua	O
miếng	O
thịt	O
nha	O
e	NORM

Con	O
nào	O
củng	NORM
thương	O
del	NORM
nói	O
nhiều	O
:)))	O

Cái	O
thời	O
ST	O
vừa	O
mới	O
nổi	O
thấy	O
toàn	O
chửi	O
đạo	O
nhạc	O
này	O
nọ,còn	O
chửi	O
chuyện	O
bắt	O
chước	O
phong	O
cách	O
của	O
ca	O
sĩ	O
Hàn	O
nào	O
nữa	O
ý,	O
hễ	O
có	O
bài	O
hát	O
nào	O
mới	O
là	O
fan	O
ST	O
vs	NORM
anti	O
chí	O
choé	O
cả	O
ngày	O

gv	NORM
mĩ	O
thuật	O
với	O
âm	O
nhạc	O
lớp	O
t	NORM
ko	NORM
bh	NORM
thấy	O
trùng	O
đồ	O

Nhớ	O
mãi	O
câu	O
bố	O
mình	O
bảo	O
“	O
mày	O
có	O
ăn	O
đc	NORM
hay	O
kh	NORM
ăn	O
được	O
thì	O
nhịn	O
,	O
sau	O
t	NORM
thấy	O
mày	O
bới	O
nữa	O
thì	O
coi	O
chừng	O
“	O

Bi	O
Kem	O
khum	NORM
có	O
phán	O
xét	O
kao	NORM
như	O
thía	NORM

Mình	O
cũng	O
ko	NORM
thích	O
CP	O
vì	O
phát	O
ngôn	O
hơi	O
ố	O
dề,	O
trừ	O
phát	O
ngôn	O
vs	NORM
giọng	O
hát	O
thì	O
CP	O
đâu	O
tới	O
nỗi	O
nào	O

đừng	O
khok	NORM
mà	O
anh	O
hạt	O
dẻ	O
thương	O
thương	O
bé	O
dâu	O

ít	O
ra	O
còn	O
có	O
để	O
bật	O
còn	O
tụi	O
mik	NORM
khỏi	O

Tui	O
ko	NORM
cần	O
biết	O
bio	O

Chưa	O
ai	O
bửn	NORM
được	O
như	O
cô	O
ấy.	O

Sói:	O
"Ok	O
con	O
sen	O
hâm	O
dở	O
nói	O
những	O
chuyện	O
này	O
thảo	O
nào	O
ko	NORM
ai	O
nghe"	O

còn	O
bột	O
lắng	O
thì	O
làm	O
đc	NORM
món	O
j	NORM
z	NORM

zời	NORM
cần	O
chi	O
nhìu	NORM
bạn	O

thân	O
gửi	O
những	O
người	O
bạn	O
hướng	O
lội	NORM

Ko	NORM
đói	O
gì	O
mấy	O
miếng	O
thịt	O
mà	O

Công	O
ty	O
này	O
có	O
thật	O
nha	O
mn	NORM
:))))	NORM

Hèng	NORM
quá	O
nên	O
toàn	O
bị	O
cđ	O
leo	O
lên	O
đầu	O
thoii	NORM

Bạn	O
nhận	O
việc	O
là	O
phải	O
làm	O
hết	O
việc	O
chứ	O
không	O
phải	O
là	O
làm	O
hết	O
giờ,khi	O
nào	O
bạn	O
không	O
nhận	O
việc	O
hoặc	O
là	O
việc	O
đó	O
bạn	O
làm	O
xong	O
rồi	O
mà	O
bị	O
giao	O
thêm	O
bất	O
ngờ	O
thì	O
bạn	O
mới	O
có	O
thể	O
từ	O
chối,chứ	O
đó	O
là	O
việc	O
của	O
bạn	O
ngay	O
từ	O
đầu	O
chưa	O
kể	O
đôi	O
khi	O
là	O
teamwork	O
mà	O
bạn	O
nói	O
kiểu	O
hết	O
giờ	O
em	O
về	O
thì	O
trc	NORM
sau	O
gì	O
bạn	O
cũng	O
phải	O
tìm	O
việc	O
mới	O
thôi.	O

thảo	O
nào	O
thấy	O
bạn	O
cười	O
nhiều	O
như	O
có	O
ny	NORM

Tui	O
cũng	O
tính	O
dị	NORM
ă	NORM
mấy	O
bà	O
ơi	O

B	O
thấy	O
k	NORM
đc	NORM
quan	O
tâm	O
mà	O
sao	O
lại	O
yêu	O
đc	NORM
ta	O

“mà	O
ng	NORM
ta	O
phải	O
dị	NORM
thui”	NORM

Tại	O
ngta	NORM
có	O
tiền	O
với	O
ngta	NORM
làm	O
biếng	O
rủ	O

Mông	O
đùi	O
có	O
thể	O
ko	NORM
mi	O
nhon	O

Hông	NORM
ấy	O
cho	O
thầy	O
HTr	O
zô	NORM
chung	O
vs	NORM
thầy	O
đó	O
luôn	O
đi	O

10	O
lần	O
thì	O
cũng	O
8	O
lần	O
như	O
z	NORM

rat	NORM
đáng	O
tuyên	O
dương	O
thăng	O
quân	O
hàm	O

Huhu	O
seo	NORM
nỡ	O
đối	O
xử	O
với	O
chị	O
của	O
tui	O
như	O
thế	O

nghe	O
nói	O
bà	O
cừi	NORM
nhèo	NORM
lắm	O

Rồi,	O
đổi	O
đời	O
bất	O
ngờ	O
thì	O
thấy	O
có	O
rồi	O
đó	O
mà	O
hổng	NORM
có	O
dzui	NORM
lắm	O

K	NORM
liên	O
quan	O
đến	O
phẫu	O
thuật	O
nhưng	O
mình	O
cũng	O
có	O
trải	O
nghiệm	O
nhổ	O
răng	O
khôn	O
tởn	O
k	NORM
kém.	O

Uống	O
gì	O
kêu	O
i	NORM
pà	NORM

Tóc	O
của	O
t	NORM
với	O
tóc	O
của	O

mă	NORM
mới	O
đáng	O
sợ	O
á	O

shao	NORM
ngta	NORM
làm	O
đc	NORM
z	NORM
m	NORM

thùy	NORM
ra	O
là	O
vạy	NORM
:))	O

May	O
là	O
trg	NORM
tiểu	O
hk	NORM
chứ	O
đây	O
mà	O
là	O
thcs	NORM
hay	O
thpt	NORM
thì	O
đúng	O
là	O

Ròi	NORM
shaooo	NORM
Xin	O
lõi	NORM
chứ	O
ròi	NORM
shaooo	NORM

sến	O
vs	NORM
dẩm	O
l	NORM
bỏ	O
m.ẹ	NORM
ra	O
chứ	O
lãng	O
mạng	O
chỗ	O
nào,	O
bọn	O
nào	O
thích	O
kiểu	O
này	O
thì	O
có	O
khi	O
l.ôn.g	NORM
dá.i	NORM
còn	O
chưa	O
mọc	O
quá	O

Chắc	O
chắn	O
là	O
z	NORM
ròiii	NORM

Sau	O
3	O
tháng	O
khom	NORM
kẻ	O
mắt	O
nay	O
t	NORM
kẻ	O
1	O
tiếng	O
k	NORM
đều	O

liệu	O
bà	O
còn	O
nhớ	O
hôm	O
đó	O
người	O
ấy	O
vui	O
vẻ	O
quay	O
qua	O
nch	NORM
với	O
2	O
ta	O

quả	O
này	O
cứ	O
vào	O
vin	O
nằm	O
khoảng	O
tháng	O
là	O
nhà	O
mấy	O
tk	NORM
kia	O
ngán	O
ngay	O

Nó	O
sạch	O
mà	O
mn,	NORM
khử	O
mùi	O
với	O
thơm	O
thoang	O
thoảng	O

Nếu	O
trên	O
bề	O
mặt	O
k	NORM
có	O
miếng	O
nào	O
trong	O
tầm	O
ngắm	O
thì	O
nhịn	O
mẹ	O
đi	O
ăn	O
món	O
khác	O

32	O
tuổi	O
vẫn	O
xin	O
tiền	O
ck	NORM
mua	O
trà	O
sữa	O

Hoặc	O
nói	O
nhỏ	O
1	O
lần	O
mà	O
ny	NORM
ko	NORM
hiểu	O
ý	O
thì	O
dẹp	O
ăn	O
thịt	O
luôn	O
1	O
bữa	O

Trộm	O
vía,	O
cái	O
lật	O
mặt	O
memes	O
này	O
khịa	O
hơi	O
bị	O
nhiều	O
đứa	O
b	NORM
mắc	O
dịch	O
á	O

ủa	O
tưởg	NORM
tàu	O
điện	O
là	O
chạy	O
nhanh	O
lắm	O
chứ	O
sao	O
thấy	O
còn	O
thua	O
xe	O
dân	O
đag	NORM
chạy	O
vậy,	O
đã	O
xây	O
thì	O
làm	O
1	O
lần	O
cho	O
đág	NORM
luôn	O
bít	NORM
bao	O
giờ	O
mới	O
theo	O
kịp	O
nc	NORM
bạn	O
trời	O

tư	O
duy	O
đó	O
kh	NORM
sai	O
nhưng	O
kh	NORM
làm	O
gì	O
sai	O
mà	O
nghĩa	O
và	O
bắt	O
mình	O
phải	O
nhận	O
mới	O
sai	O
+))))))))	O

nghĩ	O
hộ	O
anh	O
đi	O
vk	NORM

Hồi	O
tui	O
đi	O
hóa	O
trị	O
tui	O
cũng	O
toàn	O
chụp	O
mèo	O
trong	O
bv	NORM
=)))	O

nhưng	O
mà	O
t	NORM
thấy	O
khi	O
có	O
nó	O
thì	O
hố	O
xí	O
bị	O
cặn	O
vàng	O
lâu	O
hơn,	O
mà	O
dù	O
sao	O
t	NORM
cũng	O
k	NORM
mua	O
lại	O
vì	O
bị	O
bố	O
chửi,	O
mà	O
cũng	O
k	NORM
muốn	O
giải	O
thích	O
hahahahahaha	O

hồi	O
bé	O
thích	O
ăn	O
cua	O
lắm,	O
mì	O
màu	O
canh	O
cua	O
lẩu	O
riêu	O
cua	O
tr	NORM
oi	NORM
ngon	O
dã	O
man	O

cười	O
ko	NORM
ngậm	O
dc	NORM
mồm	O
luôn	O
bà	O
ơi	O

T	NORM
nghĩ	O
có	O
nên	O
tag	O
cậu	O
ấy	O
không	O
đây	O
ta	O

Mấy	O
anh	O
này	O
k	NORM
bjo	NORM
lọt	O
vào	O
mắt	O
e	NORM
đc	NORM
r	NORM

T	NORM
khuyên	O
con	O
t	NORM
k	NORM
nên	O
ăn	O
ba	O
cái	O
linh	O
tinh	O
vì	O
nó	O
đau	O
dạ	O
dày	O

32	O
tuổi	O
như	O
t	NORM
đọc	O
thấy	O
áp	O
lực	O
quá	O

Lúc	O
đầu	O
vẫn	O
coi	O
cho	O
đến	O
lúc	O
CP	O
hú	O
t	NORM
thoát	O
video	O
luôn,	O
fail	O
quá	O

đúng	O
là	O
siêu	O
saooo,	NORM
quá	O
khác	O
biệt	O
với	O
phần	O
còn	O
lại.	O

ae	NORM
nhớ	O
tới,	O
chịu	O
tới	O
tụ	O
tập	O
tới	O
với	O
mình	O
là	O
quý	O
rồi.	O

Một	O
ngày	O
nọ	O
mẹ	O
vắng	O
nhà,	O
t	NORM
đập	O
cái	O
nhiệt	O
kế	O
ra	O
xem	O
có	O
gì	O
mà	O
mẹ	O
cấm,	O
xong	O
biết	O
là	O
nó	O
độc	O
nma	NORM
t	NORM
chưa	O
thấy	O
ngất	O
nên	O
ngồi	O
nghịch,	O
nghịch	O
xong	O
hót	NORM
thuỷ	O
ngân	O
vào	O
cốc	O
nước	O
đổ	O
đi	O
phi	O
tang	O
còn	O
ai	O
ngu	O
hơn	O
t	NORM
nữa	O
k	NORM

bữa	O
ni	NORM
ns	NORM
những	O
ai	O

đừng	O
có	O
như	O
dị	NORM
nhen	O

Lần	NORM
trc	NORM
có	O
ông	O
nào	O
cũng	O
được	O
anh	O
em	O
đến	O
tận	O
nhà	O
dậy	NORM
dỗ	O
lại	O
kìa:)))	O

em	O
thi	O
đh	NORM
ngay	O
sau	O
bác	O
1	O
năm,	O
thật	O
xự	NORM
năm	O
của	O
các	O
bác	O
làm	O
chúng	O
em	O
cũng	O
bị	O
trust	O
ám	O
ảnh	O
theo	O

Chắc	O
nhiều	O
lần	O
gọi	O
điện	O
qua	O
ns	NORM
giọng	O
cha	O
nên	O
nó	O
mới	O
cay	O
cú	O
v	NORM

Hãy	O
để	O
cho	O
t	NORM
đc	NORM
ăn	O
măng	O
cụt	O
chín	O

Đúg	NORM
kí	O
ức	O
lun	NORM
á	O
chời	NORM
:)))	O

Thi	O
HK	O
đã	O
là	O
gì,	O
thi	O
ĐH	O
trắc	O
nghiệm	O
t	NORM
còn	O
khoanh	O
lụi	O
đc	NORM
mà	O
:>>	O

Loi	NORM
tri	NORM
là	O
còn	O
đo	NORM
nha	O

ngta	NORM
gọi	O
đó	O
là	O
bí	O
thuật:))	O

cha	O
nào	O
nghe	O
theo	O
tặng	O
cho	O
ny	NORM
thế	O
này	O
là	O
tới	O
câu	O
chiện	NORM

xong	O
t	NORM
quen	O
anh	O
nhà	O
t	NORM
đô	O
con	O
hơn	O
cho	O
cân	O
xứng	O
vs	NORM
t	NORM
=))))	O

chắc	O
ẻm	NORM
tưởng	O
mình	O
đập	O
ẻm	NORM
gãy	O
cả	O
răng	O
nên	O
quay	O
qua	O
đớp	O
mình	O
1	O
miếng	O
rồi	O
suốt	O
buổi	O
cũng	O
quay	O
đi	O
ngồi	O
1	O
góc	O
mặt	O
lầm	O
lì	O
như	O
này	O

gọi	O
điện	O
đe	O
doạ	O
các	O
kiểu	O
đồ	O
nên	O
bọn	O
này	O
nó	O
mới	O
v	NORM

thấy	O
vận	O
động	O
viên	O
còn	O
bảo	O
ae	NORM
chơi	O
với	O
nhau	O
nhường	O
nhau	O
để	O
chia	O
cho	O
cả	O
đội	O
:))	O

K	NORM
biết	O
mn	NORM
sao	O
chứ	O
e	NORM
đẻ	O
xong	O
chỉ	O
muốn	O
có	O
1	O
ng	NORM
phụ	O
thôi,	O
nhiều	O
ng	NORM
tnay	O
vừa	O
ồn	O
ào	O
mà	O
lại	O
hay	O
can	O
thiệp	O
nọ	O
kia	O
còn	O
mệt	O
hơn	O

sn	NORM
mình	O
cũng	O
kbg	NORM
nhận	O
quà	O
của	O
ai	O
hết	O

Chơi	O
từ	O
sáng	O
đến	O
tối	O
ko	NORM
thắng	O
ván	O
nào	O

đi	O
cà	O
phơ	NORM
này	O
đk	NORM

Anh	O
tìm	O
hiểu	O
các	O
bài	O
viết	O
của	O
TS	NORM
Lương	O
y	O
Ngô	O
Đức	O
Vượng	O
nói	O
về	O
chữa	O
bệnh	O
ung	O
thư	O
rất	O
hữu	O
ích	O
cho	O
anh	O
.	O

tôi	O
nghĩ	O
là	O
ko	NORM
có	O
luôn	O
vì	O
mập	O
mờ	O
của	O
ả	O
ko	NORM
gốt	O
ả	O
thì	O
ả	O
gốt	O

lần	O
sau	O
nhớ	O
book	O
nam	O
masa	O
nha	O
c	NORM

chua	NORM
xem	O
nen	NORM
khong	NORM
phán	O
nhé	O

Em	O
xin	O
lỗi	O
e	NORM
k	NORM
tự	O
chủ	O
đc	NORM

Mẹ	O
ơi,	O
con	O
muốn	O
1	O
anh	O
ny	NORM
như	O
này	O
mình	O
muốn	O
có	O
1	O
ng	NORM
để	O
kể	O
lể	O
mọi	O
chuyện	O
ý	NORM
nghe	O
thôi	O
cũng	O
được,	O
thỉnh	O
thoảng	O
nói	O
vài	O
câu	O
là	O
đẹp	O
r	NORM

êi	NORM
giống	O
mặt	O
con	O
Na	O
lúc	O
thấy	O
mẹ	O
nó	O
xách	O
túi	O
đồ	O
make	O
up	O
ghê	O
=))	O

Dạo	O
này	O
thinh	O
thích	O
một	O
bạn	O
nữ	O
siu	NORM
thẳng	O

Ế,tóc	O
mình	O
tẩy	O
nhưng	O
vẫn	O
chăm	O
xả,ủ	O
tóc	O
nên	O
trộm	O
vía	O
trông	O
vẫn	O
khoẻ	O
mạnh	O
chứ	O
tóc	O
tai	O
mà	O
xù	O
xù	O
t	NORM
thiếu	O
tự	O
tin	O
lắm,mặt	O
mũi	O
đã	O
chẳng	O
ra	O
làm	O
sao	O
rồi,...	O

Ở	O
nhà	O
ăn	O
mà	O
bới	O
còn	O
bị	O
nói	O
chứ	O
nói	O
gì	O
đến	O
nhà	O
ny	NORM
ra	O
mắt	O

Má	O
khùg	NORM
gì	O
khùg	NORM
dữ	O
zậy	NORM

Vì	O
kiểu	O
nếu	O
ko	NORM
chịu	O
nói	O
ra	O
thì	O
sẽ	O
khó	O
có	O
thể	O
hiểu	O
nhau	O
được	O
ạ	O

Đúng	O
dị,	NORM
hong	NORM
có	O
bạn	O
thân	O
nào	O
coi	O
tui	NORM
là	O
bạn	O
thân	O
cả	O

Cái	O
ông	O
ha	O
quan	O
tương	O
sau	O
phim	O
tho	NORM
ngây	O
lặn	O
mất	O
tiêu	O
lun	NORM
ta	O
cũng	O
đẹp	O
trai	O
mà	O
sao	O
hok	NORM
nổi	O

"khóc	O
cgi	NORM
oan	O
lắm	O
à	O
mà	O
khóc"	O

Đang	O
ăn	O
lẩu	O
mừng	O
sn	NORM
bn	NORM
thân	O

Cung	O
bọ	O
cạp	O
hay	O
dị	NORM
lắm	O
nè.	O

Toát	O
mồ	O
hôi	O
quá.May	O
mà	O
còn	O
lấy	O
đc	NORM
vk..	NORM

nhớ	O
hồi	O
đó	O
makeup	O
như	O
đách	O
qè	NORM
qá,	NORM
h	NORM
cũm	NORM
z	NORM

Thấy	O
em	O
ngồi	O
đâu	O
thì	O
mn	NORM
ủng	O
hộ	O
nhé	O
em	O
bán	O
nhiều	O
thứ	O
lắm	O

Trường	O
bắn	O
của	O
chúng	O
nó	O
hay	O
sao	O
ý	NORM
:)))	O

mai	O
vô	O
e	NORM
mượn	O
con	O
nj	NORM
chụp	O
nha	O

:)))))	O
chắc	O
ở	O
nhà	O
cũng	O
hay	O
bới	O
vậy	O
mà	O
ko	NORM
bị	O
nhắc	O
nên	O
thế	O

cty	NORM
bạn	O
giàu	O
ú	O
ụ	O
đến	O
nơi	O
rồi	O

Lại	O
sắp	O
đc	NORM
bán	O
hàng	O
online	O
rồi	O

nhìn	O
giống	O
tụi	O
mềnh	NORM
khum	NORM

Dẫn	O
con	O
qua	O
đường	O
mà	O
k	NORM
bế,	O
k	NORM
dắt	O
tay	O
con	O

Chứ	O
ko	NORM
phải	O
mình	O
chợt	O
nhận	O
ra	O
là	O
mik	NORM
ko	NORM
có	O
tiền	O
à	O

Trong	O
khi	O
mị	O
và	O
ng	NORM
iu	NORM
vừa	O
mới	O
cãi	O
nhau	O
ỏm	O
tỏi	O
vì	O
tối	O
nay	O
ăn	O
gì	O
thì	O
người	O
ta	O
đang	O
nghĩ	O
tiếp	O
theo	O
nên	O
nhận	O
giải	O
gì	O

mang	O
tỏi	O
theo	O
bên	O
ngừi	NORM
nè	O
b,	NORM
mình	O
ngủ	O
ở	O
vp	NORM
cũng	O
hay	O
bị	O
chọc	O

đôi	O
khi	O
bạn	O
hèn	O
nhưng	O
drama	O
đuổi	O
theo	O
đuýt	NORM
bạn	O
:)))))	O

Nhớ	O
cái	O
hồi	O
Lạc	O
Trôi	O
cả	O
nhà	O
mình	O
cùng	O
nghe	O
lun	NORM

bị	O
thao	O
túng	O
hoài	O
mà	O
hông	O
bít	NORM
zậy	NORM
đó	O

Gila	O
02	O
má	O
nó	O
đãaaa	NORM

lỡ	O
ăn	O
một	O
muỗng	O
sữa	O
bột	O
em	O
pé	NORM
là	O
t	NORM
chuyển	O
ra	O
đảo	O
luôn.	O

làm	O
toi	NORM
tưởng	O
quạt	O
nhà	O
tôi	O
có	O
vấn	O
đề	O
cơ	O

Kể	O
có	O
chỗ	O
m.ng	NORM
vậy	O
lại	O
mừng.	O

ny	NORM
toii	NORM
thấy	O
gái	O
xinh	O
nào	O
cũng	O
tim	O
và	O
khen	O
xinh	O
các	O
kiểu	O
chả	O
quan	O
tâm	O

Bây	O
h	NORM
chị	O
kia	O
cứ	O
đi	O
khám	O
xong	O
,	O
ói	O
ói	O
vài	O
hôm	O
,	O
xong	O
chóng	O
mặt	O
đau	O
đầu	O
sẵn	O
viết	O
thêm	O
tờ	O
đơn	O
là	O
đẹp.	O

vào	O
mà	O
xem	O
này	O
bạn	O
eey	NORM

T	NORM
có	O
thấy	O
thằng	O
kiên	O
nói	O
sai	O
đoạn	O
nào	O
đâu	O
nhỉ	O

Còn	O
t	NORM
muốn	O
xem	O
bạn	O
ấy	O
bịa	O
đặt	O
chuyện	O
đến	O
mức	O
nào	O

lừn	NORM
đằu	NORM
eli5	O
nớ	NORM
zống	NORM
eli5	O
=))))))	O

Việt	O
Nam	O
mình	O
cũng	O
có	O
mấy	O
bạn	O
giỏi	O
không	O
kém	O
lè	NORM

Hoai	O
Nam	O
Le	O
nói	O
nhỏ	O
chắc	O
lun	NORM

Nắng	O
nóng	O
cở	NORM
này	O
tôi	O
tu	O
hết	O
1	O
chai	O
yên	O

mẹ	O
tau	NORM
mà	O
thấy	O
mua	O
ăn	O
mấy	O
cái	O
này	O
thì	O
tối	O
về	O
ăn	O
đòn	O
no	O

cho	O
e	NORM
xin	O
miếng	O
mông	O
dzới	NORM
ướccc	NORM
ao	O

Cho	O
vay	O
lưc	NORM
đòi	O
phải	O
xem	O
tâm	O
trạng	O
vui	O
hay	O
buồn	O
cơ.	O

nè	O
xúi	O
t	NORM
nghỉ	O
học	O
đi	O
r	NORM
t	NORM
như	O
z	NORM
cho	O
zừa	NORM
lòng	O
m	NORM

Việc	O
các	O
bạn	O
trẻ	O
kiếm	O
đc	NORM
tiền	O
là	O
điều	O
tốt	O
thôi	O
có	O
gì	O
đâu	O

Kiếm	O
tiền	O
dễ	O
vậy	O
sao	O
k	NORM
rủ	O
cả	O
họ	O
vào	O
mà	O
bán	O
:))	O

mai	O
làm	O
z	NORM
cho	O
mình	O
đi	O

tui	O
cũng	O
thế	O
đây	O
bà	O
oi,	NORM
gen	O
đẹp	O
thằng	O
em	O
tui	O
hưởng	O
hết	O
luôn	O

Nhưng	O
t	NORM
vẫn	O
lén	O
mua	O
chục	O
gói	O
đợi	O
con	O
ngủ	O
rồi	O
mẹ...nhem	O
nhem	O
nhem	O
lắm	O
khi	O
thg	NORM
bé	O
thấy	O
mẹ	O
ăn	O
cay	O
còn	O
rót	O
nc	NORM
đưa	O
mẹ	O
uống	O

tiếng	O
chửi	O
nghe	O
đâu	O
đâyy	NORM

Đó	O
là	O
sư	NORM
thật	O
mn	NORM
ah,	NORM
anh	O
em	O
toktok	O
nào	O
bán	O
hàng	O
vnxk	O
liên	O
hệ	O
kho	O
mình	O
lấy	O
hàng	O
nhé	O
0904203687	O

tr	NORM
mắ	NORM
mới	O
bước	O
chân	O
xuống	O
đi	O
lên	O
liền:')	O

Bữa	O
ăn	O
sáng	O
mẹ	O
làm	O
là	O
dinh	NORM
kout	NORM
luôn	O

Rồi	O
đến	O
đoạn	O
cả	O
nhà	O
nó	O
quỳ	O
xuống	O
xin	O
thì	O
quay	O
clip	O
lên	O
đây	O
cho	O
ae	NORM
xem	O
nhé	O

post	O
này	O
có	O
book	O
ads	O
ko	NORM
nhỉ?	O

bà	O
mà	O
mặc	O
là	O
vòng	O
nào	O
ra	O
vòng	O
nấy	O
lun	NORM
é	NORM
bà	O

c	NORM
đã	O
bảo	O
rồi	O
lấy	O
trai	O
trẻ	O
e	NORM
ới	NORM
ahahahaaha	O

tình	O
bạn	O
chúng	O
mình	O
cũng	O
kiểu	O
cảm	O
lạnh	O
zj	NORM
đó.	O

Đã	O
v	NORM
còn	O
hay	O
khoe	O
“	O
a	NORM
ăn	O
hoài	O
mà	O
ko	NORM
lên	O
cân”	O

Sau	O
khi	O
đạt	O
thành	O
tích	O
tốt	O
ở	O
Seagame,	O
VĐV	NORM
Nguyễn	O
Thị	O
Oanh	O
nhận	O
được	O
quyết	O
định	O
tăng	O
lương	O
trong	O
thời	O
gian	O
gọi	O
lên	O
tuyển	O
là	O
7tr500	O
đồng	O
một	O
tháng,	O
còn	O
khi	O
không	O
lên	O
tuyển	O
thì	O
vẫn	O
giữ	O
như	O
cũ.	O

móa,	NORM
ước	O
gì	O
iem	NORM
cũm	NORM
được	O
tek	NORM
này	O
mn	NORM
ạ	O

trường	O
cta	NORM
trời	O
nóng	O
bật	O
điều	O
hoà	O
đến	O
mức	O
sv	NORM
bị	O
cảm	O
lạnh	O
luôn	O
=)))	O

anh	O
có	O
đang	O
thở	O
hum	NORM
ạ	O
=(((	O

êii	NORM
bạn	O
dắt	O
xe	O
quán	O
trà	O
chanh	O
đáng	O
yêu	O
ghê	O
:))	O

Mọe	NORM
Lướt	O
Top	O
Top	O
Năm	O
19t	O
Mà	O
Thấy	O
Mấy	O
Em	O
16	O
17	O
1Tháng	NORM
Kiếm	O
Trăm	O
Củ	O
mà	O
buồn	O

Nhà	O
nào	O
cũng	O
phải	O
có	O
đồ	O
hoá	O
thạch	O
để	O
trog	NORM
tủ	O
lạnh	O

:)))	O
đêm	O
nào	O
t	NORM
chả	O
khóc	O

từ	O
từ	O
xem	O
có	O
thay	O
đổi	O
ko?	NORM

t	NORM
cười	O
nải	NORM
g	NORM
mệt	O
quá,	O
cười	O
phụ	O
t	NORM
đi	O

Đéo	O
bù	O
thằng	O
bạn	O
mình	O
,	O
cả	O
đời	O
m	NORM
có	O
giày	O
đi	O
tán	O
gái	O
đéo	O
đâu	O

Mong	O
a	NORM
sớm	O
bình	O
phục	O

Huy	O
chương	O
vs	NORM
bằng	O
khen	O
cũng	O
vẫn	O
đói	O

đọc	O
cả	O
comment	O
Trà	O
oii	NORM

Lại	O
hôn	O
nhân	O
tan	O
vỡ	O
vì	O
ng	NORM
kia	O

Mốt	O
có	O
đi	O
xe	O
buýt	O
hay	O
xem	O
film	O
cũng	O
đừng	O
ra	O
zẻ	NORM
nha	O
a5	O

Ck	NORM
kao	NORM
tăng	O
hẳn	O
8	O
kí	O

Mà	O
chả	O
hiểu	O
sao	O
chẳng	O
mún	NORM
đi	O

Rõ	O
là	O
nguồn	O
gốc	O
trung	O
quốc	O
thây	NORM
kêu	O
k	NORM
rõ	O
xuất	O
xứ	O

hồi	O
xưa	O
thầy	O
Thuận	O
péo	NORM
mém	O
die	O

nhiều	O
khi	O
lm	NORM
v	NORM
mới	O
bic	NORM
ng	NORM
khác	O
như	O
thế	O
nào	O

chạy	O
trong	O
cũng	O
hk	NORM
yênn	NORM

bán	O
cá	O
viên	O
chiên	O
hok	NORM

vợ	O
a	NORM
vẽ	O
đk	NORM
ra	O
tiền	O
ak	NORM

thay	O
vì	O
lưu,	O
cô	O
ấy	O
chọn	O
tag	O
luôn	O
tôi	O
vào	O
cho	O
nhanh	O
chứ	O
việc	O
gì	O
phải	O
lưu	O
đúng	O
khôm	NORM

t	NORM
ăn	O
như	O
v,	NORM
như	O
heo	O

Bài	O
này	O
đúng	O
là	O
có	O
2	O
tên	O
thiểu	O
năng	O
như	O
chị	O
gái	O
nói	O
nhưng	O
2	O
tên	O
thiểu	O
năng	O
là	O
anh	O
zai	NORM
“tốt	O
bụng”	O
và	O
chị	O
gái	O
khoá	O
xe.	O

chỗ	O
này	O
hồi	O
đó	O
t	NORM
tính	O
qua	O
nè	O

không	O
biết	O
mình	O
có	O
được	O
mụt	NORM
anh	O
ny	NORM
như	O
dị	NORM
không	O
đây	O

ăn	O
que	O
cay	O
k	NORM
))	O

:)))	O
quay	O
xe	O
học	O
Y	O
Đa	O
Khoa	O
với	O
cái	O
nết	O
này	O
thì	O
hổng	NORM
được	O

Ý	O
là	O
anh	O
pắt	NORM
em	O
như	O
pắt	NORM
con	O
cá	O
hã	NORM
=))))	O

Mình	O
chắc	O
hướng	O
ltung	NORM
kiểu	O
chưa	O
đòi	O
thì	O
chửi	O
hăng	O
lắm	O
,	O
xong	O
ngt	NORM
trình	O
bày	O
hoàn	O
cảnh	O
lại	O
ừ	O
thôi	O
thế	O
từ	O
từ	O
có	O
r	NORM
trả	O
cũng	O
đc	O
!	O

Nổi	O
tiếng	O
rồi	O
đâu	O
cia	NORM
gì	O
lạ	O

cừi	NORM
gì	O
mà	O
cừi	NORM
hoài	O
cừi	NORM
mãi	O
z	NORM
trùi	NORM
chị	O

Mông	O
đẹp	O
hơn	O
t	NORM
nữa	O

Chứ	O
oder	O
từng	O
ly	O
uống	O
kh	NORM
đã	O
cái	O
nư	O
t	NORM

tuy	O
chỉ	O
1	O
bủi	NORM
thui	NORM
nma	NORM
nhớ	O
em	O
lắm..	O

ngta	NORM
đỡ	O
còn	O
đẩy	O
ngta	NORM
nữa	O
chớ	O

ủa	O
trếc	NORM
bà,	O
đúng	O
quá	O
sao	O
cãi	O
dc	NORM
ta	O

Toi	NORM
trc	NORM
khi	O
đọc	O
sách	O
còn	O
phải	O
rửa	O
xà	O
phòng	O
:)))	O

chắc	O
m	NORM
nhiều	O
súp	O
pơ	O
fờ	O
ren	O
lắm	O

Lương	O
10tr	O
mà	O
đầu	O
tư	O
vào	O
các	O
thú	O
vui	O
như	O
:	O
nuôi	O
cá	O
,	O
chim,	O
bò	O
sát	O
....tới	O
lúc	O
ko	NORM
còn	O
ngàn	O
trong	O
túi	O
luôn	O

yêu	O
lâu	O
nó	O
z	NORM
lâu	O
lâu	O
cho	O
anh	O
láo	O
xíu	O
nhoa	NORM

Hồi	O
mới	O
yêu	O
mình	O
với	O
chồng	O
ntin	NORM
từ	O
lúc	O
mở	O
mắt	O
đến	O
lúc	O
đi	O
ngủ	O

Người	O
tốt	O
lương	O
10tr	O
tìm	O
được	O
người	O
hợp	O
lương	O
8tr	O
là	O
đắc.	NORM

E	NORM
đẻ	O
ra	O
nó	O
mà	O

chỉ	O
vào	O
tui	O
đang	O
nằm	O
1	O
đống	O
là	O
"đây	O
là	O
cgai	NORM
lớn	O
nhà	O
em"	O
rồi	O
xuống	O
:)))	O

nghe	O
hay	O
đếy,	NORM
muốn	O
đi	O

Xin	O
lũi	NORM
nhưng	O
CP	O
này	O
tôi	O
chèooo,	NORM
ai	O
lên	O
thuyền	O
với	O
tôi	O
không???	O

nè	O
xem	O
bồ	O
ngta	NORM
nè	O
chứ	O
sao	O
cứ	O
chúc	O
ngta	NORM
thức	O
dui	NORM
không	O
z	NORM

mí	NORM
bà	O
muốn	O
khóc	O
dễ	O
thì	O
đọc	O
truyện	O
của	O
hoanglachi	O
trên	O
Wattpad	O
nha,	O
tròi	NORM
oi	NORM
mấy	O
cái	O
plot	O
của	O
bà	O
ý	O
cái	O
nào	O
cũng	O
buồn	O
hết	O
trơn	O

Thấy	O
cũng	O
có	O
thể	O
mà,	O
bản	O
thân	O
t	NORM
cũng	O
có	O
nhiều	O
lần	O
mơ	O
thấy	O
mình	O
sống	O
1	O
cuộc	O
đời	O
rất	O
khác,	O
vẫn	O
là	O
mình,	O
vẫn	O
là	O
cs	NORM
bình	O
thường,	O
ko	NORM
phải	O
công	O
chúa	O
hoàng	O
tử	O
hay	O
j	NORM
xa	O
vời	O
cả.	O

nhìn	O
lên	O
nhìn	O
xún	NORM
nhìn	O
qua	O
nhìn	O
lại	O

T	NORM
sống	O
vậy	O
11	O
năm	O
và	O
thấy	O
rất	O
ổn,	O
đâu	O
phải	O
cái	O
quái	O
gì	O
cũng	O
mong	O
đợi	O
ở	O
ck	NORM

không	O
ấy	O
kêu	O
bm	O
nhờ	O
đi	O
m	NORM
:))	O

em	O
nhớ	O
con	O
chuột	O
múp	O
trước	O
chụp	O
kh=)))))	NORM

Ối	O
giời	O
Ck	NORM
mik	NORM
đây	O
nghiện	O
đá	O
lưỡi	O
mà	O
lão	O
bị	O
thối	O
mồm	O
,	O
mỗi	O
lần	O
định	O
hôn	O
t	NORM
toàn	O
né	O
thoii	NORM
,	O
mà	O
lão	O
cứ	O
dí	O
vs	NORM
mút	O
chặt	O
lưỡi	O
t	NORM
,	O
t	NORM
xuýt	NORM
tắc	O
thở	O
đây	O

Thoy	NORM
nào	O
toy	NORM
mới	O
đu	O
chương	O
trình	O
thoy,	NORM
bây	O
giờ	O
làm	O
sao	O
toy	NORM
coi	O
nó	O
một	O
cách	O
bình	O
thường	O
được	O
đây	O

ngủ	O
chảy	O
ke	O
vẫn	O
ôm	O
bạng	NORM
nhoé	NORM

sắp	O
đạt	O
cảnh	O
giới	O
chx	NORM

Mỗi	O
nơi	O
mỗi	O
món	O
như	O
miền	O
nam	O
thì	O
họ	O
ăn	O
cơm	O
dòi	NORM
mới	O
ghe	NORM

Cái	O
trend	O
này	O
là	O
thuyết	O
âm	O
mưu	O
của	O
ce	NORM
bán	O
kem	O
dưỡng	O
da	O
tay	O
phải	O
không	O
ạ?	O

Ko	NORM
cho	O
vay	O
thì	O
ngại	O
cho	O
vay	O
oy	NORM
tới	O
lúc	O
đòi	O
thì	O
sợ	O
giận	O
mà	O
ko	NORM
đòi	O
ngta	NORM
cg	NORM
ko	NORM
có	O
suy	O
nghĩ	O
muốn	O
trả	O
mà	O
kb	O
lm	NORM
tn	O

đi	O
nhắc	O
vdap	NORM
tài	O
chính	O
tmai	NORM
đi	O

An	O
phận	O
cũng	O
được,	O
t	NORM
chỉ	O
cần	O
ck	NORM
t	NORM
lương	O
10tr	O
thôi	O
:))	O
còn	O
lại	O
về	O
làm	O
cùng	O
t	NORM

cái	O
này	O
là	O
do	O
lười	O
chứ	O
k	NORM
phải	O
hèn	O
nè=))	O

nhưng	O
sao	O
bà	O
ella	O
o	NORM
lấy	O
2note	O
vậy,	O
tính	O
để	O
bà	O
chi	O
bùng	O
nổ	O
mà	O
sức	O
hong	NORM
tới	O
t	NORM
nghe	O
mày	NORM
cừi	NORM
khùng	O
chị	O
iu,	NORM
nhạc	O
hơi	O
chán	O
nhưng	O
mà	O
team	O
này	O
xinh	O
mận	O
vl	O

nghe	O
nói	O
Bum	O
thich	NORM
an	NORM
vặt	O
dữ	O
lam.	NORM

sao	O
mn	NORM
mỉa	O
mai	O
ác	O
thế.	O

ny	NORM
vẫn	O
đang	O
học	O
lớp	O
4	O

Mong	O
đc	NORM
ở	O
vs	NORM
bố	O
mẹ	O
suốt	O
đời	O

m	NORM
thì	O
chưa	O
bg	NORM
tiếc	O
clg	O
mí	NORM
chúng	O
nó	O
mà	O
dnay	O
thấy	O
mấy	O
thằng	O
lươn	O
khươn	O
quá	O

đường	O
dây	O
chắc	O
chắn	O
từ	O
cty	NORM
dịch	O
vụ	O
hk	NORM
mặt	O
đất	O
cho	O
nên	O
chúng	O
nó	O
tỉnh	O
bơ	O
mang	O
hàng	O
cấm	O
qua	O
cổng	O
soi	O
an!!	O

cháu	O
thật	O
xứng	O
đáng,	O
chúc	O
cháu	O
nhiều	O
sưcd	NORM
khoẻ	O
và	O
thành	O
công	O
hơn	O
nữa	O

:))	O
kb	NORM
mấy	O
cái	O
đinh	O
của	O
a	NORM
Hưng	O
như	O
lào	NORM

m	NORM
đưa	O
tiền	O
đây	O
t	NORM
chỉ	O
cho	O
xài	O
:)))	O

Toi	NORM
cũng	O
cầm	O
nhầm	O
cây	O
kẻ	O
mắt	O

má	O
quả	O
twist	O
huyền	O
thoại	O
của	O
môi	O
mỏng	O
"ê	O
sao	O
môi	O
ổng	O
thâm	O
quá	O
z"	NORM
=)))))))))))))))))))	O

;)))	O
thơm	O
ngon	O
mời	O
b	NORM
ănk	NORM
nha	O

Xứng	O
đáng	O
có	O
10	O
ngừi	NORM
eo	NORM

k-ko	NORM
có	O
bạn	O
trai	O
nên	O
khong	NORM
bít	NORM
=))	O

Giờ	O
chắc	O
mua	O
đường	O
sữa	O
đi	O
hỏi	O
thăm	O
xin	O
lỗi	O
rồi	O
với	O
mong	O
gia	O
đình	O
k	NORM
kiện	O
nữa.	O

trách	O
lầm	O
bé	O
Thu	O
ùi	NORM

vợ	O
chồng	O
a	O
phủ	O
đấy	O
m,	NORM
thống	O
lý	O
pa	O
tra	O
cũng	O
cho	O
a	O
phủ	O
vay	O
tiền	O

ko	NORM
biết	O
đúng	O
ko	NORM
nhỉ	O

gđ	NORM
c	NORM
mua	O
pet	O
mới	O
đi	O
nè	O

bắt	O
cá	O
=	NORM
2	O
tay	O

Một	O
ca	O
sĩ	O
duy	O
nhất	O
ở	O
VN	O
ko	NORM
đàn	O
đúm	O
ồn	O
ào	O
như	O
tụi	O
showbiz	O

xin	O
phép	O
được	O
nhảy	O
một	O
bài	O
híp	O
hốp	O
cho	O
các	O
ae	NORM
coi	O

Cb	NORM
tới	O
sn	NORM
t	NORM
rùi.	NORM

:)))	O
gìiii	NORM
tốt	O
mà	O
trap	O
đâu	O

go	O
chị	O
iu	NORM
đi	O
xả	O
stress	O
:)))	O

Bộ	O
Phẩm	O
Chất	O
Quý	O
Ông	O
của	O
Hàn	O
mấy	O
ông	O
toàn	O
gần	O
40t,	O
phim	O
cũng	O
từ	O
2012	O
còn	O
lâu	O
hơn	O
cả	O
bộ	O
này	O
nhưng	O
cả	O
màu	O
phim	O
cách	O
diễn,	O
tạo	O
hình	O
nv	NORM
đến	O
h	NORM
nó	O
vẫn	O
cuốn.	O

Yên	O
tâm	O
hẳn	O
chắc	O
ck	NORM
mình	O
vẫn	O
đang	O
học	O
c3	O
ahihi	O

1	O
bên	O
số	O
boa	NORM
1	O
bên	O
số	O
be	NORM

Tiếng	O
Việt	O
cải	O
cách	O
hồi	O
nào	O
mà	O
mình	O
không	O
bik	NORM
vậy,	O
thật	O
là	O
tối	O
cổ:))	O

tui	O
nhìn	O
tin	O
nhắn	O
cụa	NORM
nhắn	O
lạt	O
nhách	O
quá	O
nên	O
tui	O
ko	NORM
rep	O
:)))	O

Quen	O
tay	O
bấm	O
lưu	O
chứ	O
hong	NORM
có	O
gì	O
=)))	O

Ăn	O
cả	O
nhà	O
nhaaaa	NORM
:)))	O

giãn	O
cơ	O
chân	O
trc	NORM
khi	O
chạy	O
bộ	O

Cty	NORM
tôi	O
k	NORM
làm	O
t7	O
nên	O
thành	O
ra	O
nghỉ	O
4	O
ngày	O
nhoéeeee	NORM

Chả	O
bù	O
cho	O
mình	O
ngta	NORM
tạt	O
đầu	O
mình	O
ngã	O
rồi	O
đứng	O
cười	O
vs	NORM
ngyeu	NORM
gòi	NORM
té	O
lnao	NORM
k	NORM
hay	O
:))))	O

mí	NORM
bồ	O
sẽ	O
ngạc	O
nhiên	O
khi	O
mình	O
đổi	O
đời	O
cho	O
xem	O
haha	O

bạn	O
có	O
ác	O
độk	NORM
và	O
zô	NORM
lim	NORM
sỉ	O
không	O

ủa	O
sao	O
từ	O
đầu	O
k	NORM
nói	O
zạy	NORM
đi	O
…hài	O
gê	NORM

Ước	O
j	NORM
m	O
trường	O
con	O
mình	O
cũg	NORM
thế	O

có	O
uống	O
của	O
Chip	O
hong	NORM
đó	O

Nói	O
thoi	NORM
chứ	O
cũng	O
lười	O
để	O
tâm	O
típ	NORM
lắm	O
tại	O
nói	O
hếc	NORM
ròi	NORM
nên	O
quên	O
theo	O
luôn:))	O

Giống	O
nách	O
mấy	O
đứa	O
hay	O
hỏi	O
sao	O
thâm	O
dữ	O
dị	NORM

Dương	O
Mịch	O
xinh	O
quá	O
tr	NORM

Ê	O
sao	O
nhìn	O
đoạn	O
khói	O
lúc	O
đầu	O
trông	O
như	O
linh	O
hồn	O
đag	NORM
bay	O
lên	O
z	NORM

Hên	O
cho	O
ad	O
là	O
ko	NORM
phải	O
tên	O
Trấn	O
Thành	O
đó	O

con	O
Lucky	O
chứ	O
kh	NORM
ai	O

Hoá	O
ra	O
nhiều	O
ng	NORM
cũn	NORM
zóng	NORM
mìn	NORM

Vậy	O
q12,	O
hóc	O
môn,	O
bình	O
chánh,	O
bình	O
tân	O
sao	O
k	NORM
làm	O
địa	O
chỉ	O
lại	O
cho	O
ổn	O
định	O
nhỉ	O

Ẻm	O
là	O
Redflag,	O
nma	NORM
ẻm	O
trông	O
cute	O
k	NORM
đỡ	O
được	O

Chúc	O
ty	NORM
ngày	O
mới	O
vui	O
vẻ	O

bụi	O
bay	O
vào	O
mắt	O
em	O
í	NORM
ạ	O

Bọn	O
này	O
nó	O
thích	O
ăn	O
thịt	O
mày	O
thế	O
nhỉ	O
,	O
cno	NORM
chế	O
đủ	O
món	O

Ê	O
nma	NORM
màu	O
đẹp	O
thật	O
:)))))	O

Sau	O
vụ	O
này	O
khả	O
năng	O
nhà	O
sẽ	O
dc	NORM
hỗ	O
trợ	O
to	O
hơn	O

T	NORM
đã	O
xoá	O
game,	O
sau	O
khi	O
chơi	O
77	O
49	O
lần	O
mà	O
k	NORM
qua	O
được	O
màn	O
2	O

hihi,tao	O
lương	O
5	O
chẹo	NORM
1	O
tháng	O
thôi	O

K	NORM
ăn	O
thì	O
khoẻ	O
người,	O
mà	O
ăn	O
vào	O
thì	O
n	NORM
ngon	O

đọc	O
bài	O
này	O
nghĩ	O
ngay	O
ts	NORM
bà	O
luôn	O
á	O
bà	O
dà	NORM

Ko	NORM
biết	O
cái	O
cặp	O
hay	O
cái	O
thùng	O
rác	O
nữa	O

cto	NORM
tiền	O
ở	O
trong	O
dân	O
vẫn	O
còn	O
rất	O
nhiều	O
:))	O

Mãng	O
cầu	O
:	O
trời	O
mưa	O
to	O
rụng	O
hết	O
hoa	O
đi,	O
k	NORM
cần	O
đậu	O
quả	O
nữa	O
đâu	O
:))	O

nhưng	O
mà	O
thần	O
thíp	NORM
làm	O
khum	NORM
đc	NORM
:))	O

Dù	O
đùa	O
hay	O
thật	O
thì	O
con	O
cái	O
cũng	O
không	O
bh	NORM
được	O
phép	O
cầm	O
vali	O
của	O
bố	O
mẹ	O
ra	O
ngoài	O
như	O
thế.	O

má	O
ơi,	O
nhìn	O
ác	O
ghê	O
hông	NORM
tạo	O
ngạc	O
nhiên	O
cũng	O
ít	O
có	O
ác	O
ghê	O
@@	O

LỐP	NORM
XE	NORM
ĐẸP	NORM
chào	O
LỐP	NORM
XE	NORM
ĐỘP	NORM

Ko	NORM
mang	O
bút	O
nma	NORM
mang	O
phấn	O
phủ	O

May	O
qué	NORM
lương	O
có	O
5	O
chẹo	NORM

nhà	O
th	NORM
bạn	O
e	NORM
nó	O
cx	NORM
như	O
v	NORM

ko	NORM
nhang	NORM
sắc	O
cj	NORM
nhận	O
ko	NORM
ạ	O

t	NORM
coi	O
như	O
bn	NORM
thân	O
duy	O
nhất	O
v	NORM
â	NORM
đi	O
coi	O
phim,cafe	O
điều	NORM
múon	NORM
đi	O
cùng	O
nó,t	NORM
chỉ	O
có	O
mình	O
nó	O
thôi	O

Ny	NORM
Dì	O
đang	O
học	O
lớp	O
6	O
à	O

Ai	O
có	O
thể	O
lấp	O
đầy	O
khoảng	O
trống	O
a	NORM
Tây	O
để	O
lại	O
đây	O

tụi	O
nó	O
dễ	O
thương	O
ghia	NORM

coi	O
xong	O
nổi	O
da	O
gà	O
bonus	O
ói	O
tại	O
chỗ	O
lun	NORM

Tôy	NORM
cho	O
bạn	O
5ph	O
để	O
xyn	NORM
lội	NORM
tôy	NORM

ko	NORM
p	NORM
1	O
cây	O
nx	NORM
mà	O
là	O
nh	NORM
cây	O
1	O
lượt	O

mốt	O
nhớ	O
cười	O
giống	O
dị	NORM
nha	O
bà	O
:)))	O

Tôi	O
y	O
chang	O
lun	NORM
Nhưng	O
bài	O
đó	O
lớp	O
tôi	O
thích	O
lắm,	O
đến	O
anh	O
học	O
sinh	O
cá	O
biệt	O
trong	O
lớp	O
cũng	O
bảo	O
tôi	O
viết	O
nghe	O
hay	O
thế	O

Là	O
dui	NORM
dữ	O
chưa	O
má	O
:))))	O

đừn	NORM
hỏi	O
toi	NORM
vđề	NORM
này	O
nựa	NORM
:)))	O

Bận	O
lắm,	O
hong	NORM
có	O
rảnh	O

Lại	O
nhớ	O
lần	O
đi	O
gội	O
đầu,	O
trong	O
lúc	O
chờ	O
thì	O
tán	NORM
nhảm	O
vs	NORM
bà	O
chủ	O
quán	O

Trà	O
măng	O
cụt	O
nay	O
nhiu	NORM
chị	O
bảy	O

Chứ	O
là	O
ô	O
to	NORM
thì	O
ko	NORM
có	O
chuyện	O
làm	O
lại	O
lần	O
nữa	O
đâu	O

Rửa	O
nước	O
nó	O
k	NORM
tan	O
ra	O
theo	O
nước	O
ha	NORM
ta	O

T	NORM
nghĩ	O
là	O
ai	O
cũng	O
1	O
thời	O
như	O
vậy	O
,	O
đổ	O
hết	O
sức	O
lực	O
,	O
thời	O
gian	O
,	O
gia	O
đình	O
lẫn	O
bạn	O
bè	O
và	O
những	O
mqh	NORM
khác	O
chỉ	O
để	O
cày	O
bừa	O
vào	O
công	O
việc	O
nhưng	O
cái	O
nhận	O
lại	O
là	O
sự	O
sụt	O
giảm	O
về	O
tư	O
tưởng	O
cũng	O
như	O
sức	O
khoẻ	O

xin	O
một	O
vai	O
dv	NORM
quần	O
chúng	O
thôi	O
cũng	O
được	O
òii	NORM
:)))	O

nên	O
tui	O
la	O
k	NORM
cho	O
ba	O
mẹ	O
tui	O
mua	O
mấy	O
thứ	O
này	O

Mấy	O
thằng	O
FE	O
đt	NORM
hâm	O
he	O
đe	O
doạ	O
ghê	O
lắm	O
mà.	O

phải	O
mụt	NORM
tiếng,	O
15p	O
hơi	O
ít	O

bà	O
áo	O
tím	O
ko	NORM
bt	NORM
nhảy	O
dô	NORM
lsmf	NORM
j	NORM

Sao	O
nãy	O
xoá	O
bài	O
kia	O
r	NORM

“Mẹ	O
ui	NORM
nhớ	O
dặn	O
ít	O
bún	O
nha”	O
nhắc	O
cho	O
có	O
dị	NORM
hoi	NORM
chứ	O
mẹ	O
tui	O
luôn	O
order	O
hoàn	O
hảo	O
từ	O
định	O
lượng	O
tới	O
gia	O
vị	O
cho	O
tui	O
dù	O
tui	O
khum	NORM
hề	O
note	O

T	NORM
k	NORM
lương	O
vẫn	O
lấy	O
đc	NORM
vợ,	O
nên	O
thôi	O
lót	O
dép	O
ngồi	O
hóng	O
=))	O

ko	NORM
có	O
bạn	O
thân	O
mặc	O
dù	O
đã	O
cố	O
gắng	O

T	NORM
muốn	O
ăn	O
măng	O
cụt	O
chín	O

Chứ	O
tổ	O
chức	O
tối	O
giản	O
thì	O
bên	O
tây	O
nhiều	O
nhưng	O
t	NORM
chưa	O
từng	O
thấy	O
chuyện	O
vắng	O
cả	O
cô	O
dâu	O
chú	O
rể	O

chipu	O
đẹp	O
thì	O
biết	O
nhưng	O
trước	O
h	NORM
diễn	O
ở	O
sân	O
khấu	O
trong	O
nước	O
chưa	O
bao	O
h	NORM
thấy	O
đẹp	O
như	O
này	O

T	NORM
thích	O
kiểu	O
béo	O
béo	O
này,	O
nhìn	O
khoẻ,	NORM
có	O
da	O
có	O
thịt,	O
đầm,	O
bánh	NORM
dầy	O
kẹp	O
chả	O

ụa	NORM
bữa	O
cx	NORM
chs	NORM
ma	O
sói:)))	O

Năm	O
nay	O
E	NORM
phát	O
tài	O
quá	O

K	NORM
có	O
tí	O
dầu	O
mỡ	O
nào	O
luôn	O
chứ	O
đừng	O
noái	NORM
thịt	O
mớ	NORM
hâhha	O

Chủ	O
nhật	O
này	O
dễ	O
thương	O
ká,	NORM
tui	O
đã	O
sẵn	O
sàng	O
cho	O
thứ	O
hai	O

ko	NORM
mập	O
lên	O
được	O
miếng	O
nào	O

các	O
b	NORM
cứ	O
yên	O
tâm,	O
bộ	O
ngoại	O
giao	O
thì	O
phản	O
đối	O
chứ	O
bộ	O
quốc	O
phòng	O
thì	O
vẫn	O
sẵn	O
sàng,	O
nói	O
chung	O
là	O
tầm	O
vài	O
năm	O
nữa	O
TQ	O
nó	O
hoàn	O
thiện	O
rồi	O
trao	O
trả	O
lại	O
cho	O
mình,	O
mình	O
đỡ	O
đc	NORM
bao	O
nhiêu	O
việc	O

t	NORM
thấy	O
son	O
cm08	O
của	O
maybelline	O
ổn	O
lắm	O
t	NORM
đánh	O
hợp	O
vc	O
ai	O
cũng	O
hỏi	O
màu	O
j	NORM

:))	O
sống	O
có	O
20	O
năm	O
mà	O
cuộc	O
đời	O
như	O
tra	O
tấn	O
tao	O
v	NORM
quá	O
nhiều	O
sự	O
drama	O
ở	O
đây	O
để	O
mà	O
dựng	O
phim	O
chắc	O
dc	NORM
giải	O
hô	O
li	O
cút	O
luôn	O

shao	NORM
mà	O
mịt	NORM
mẫu	NORM
zữ	NORM
gòi	NORM
đók	NORM

nhóm	O
mình	O
ác	O
vs	NORM
t	NORM
v	NORM
:<	O

Ng	NORM
việt	O
uy	O
tín	O
,	O
chất	O
lượng,	O
thương	O
hiệu	O
,,	O
vượt	O
xa	O
tầm	O
hiểu	O
biết	O
của	O
các	O
bạn	O

Hoặc	O
k	NORM
bỏ	O
qua	O
dc	NORM
thì	O
c	NORM
cá	O
là	O
k	NORM
có	O
miếng	O
nào	O
mỗi	O
mỡ	O
đâu,	O
nên	O
là	O
gắp	O
đại	O
đi	O
r	NORM
ăn	O
phần	O
thịt	O
bỏ	O
phần	O
mỡ	O
còn	O
hơn	O
dùng	O
đũa	O
bới	O
nhá	O

T	NORM
đỗ	O
CNTT	O
chỉ	O
vì	O
thích	O
chơi	O
game.	O

nền	O
nhà	O
là	O
máu	NORM
tìm	NORM
mộng	O
mer	NORM

đợi	O
bài	O
này	O
lên	O
page	O
bữa	O
h	NORM
=)))))	O

này	O
sao	O
mà	O
nỡ	O
ctay	NORM

Bạn	O
về	O
moẹ	NORM
hành	O
tinh	O
của	O
bạn	O
giùm	O

t	NORM
đi	O
thi	O
cũng	O
mún	NORM
riêng	O
tư	O
để	O
chép	O
phao	O
lắm	O
mời	O
giám	O
thị	O
ra	O
ngoài	O
hiccc	O

Ai	O
muốn	O
thuê	O
gia	O
sư	O
dạy	O
vẽ	O
mà	O
gia	O
đình	O
đang	O
có	O
vấn	O
đề	O
trong	O
hôn	O
nhân	O
như	O
trên	O
thì	O
liên	O
hệ	O
mình,	O
dạy	O
vẽ	O
kèm	O
theo	O
gói	O
oánh	NORM
ghen	O
đi	O
kèm	O
đảm	O
bảo	O
nhiệt	O
tình.	O

Sai	O
là	O
chỉnh	O
luôn	O
k	NORM
nó	O
nhờn	O

kiện	O
đến	O
cùng	O
luôn	O
chứ	O
cay	O
quá	O
a	NORM

Về	O
đội	O
nó	O
đánh	O
cho	O
thì	O
nhẫc	NORM
ng	NORM

Bởi	O
t	NORM
nói	O
có	O
mấy	O
đứa	O
vía	O
hãml	O

Đang	O
quên	O
nhắc	O
chi	O
cho	O
t	NORM
khóc	O
nữa	O
z	NORM

Trầm	O
cảm	O
online	O
luôn	O
ó	NORM

Chứ	O
ko	NORM
phải	O
chỉ	O
có	O
mỗi	O
idol,	O
diễn	O
viên,	O
ca	O
sĩ	O
mới	O
đẹp..	O

Trông	O
con	O
mgu	NORM
còn	O
kêu	O

e	NORM
nghĩ	O
đến	O
c	NORM
…	O

Được	O
tuyên	O
danh	O
phận	O
luon	NORM
đỉnh	O
váiiii	NORM
chồng	O
em	O

Đòi	O
được	O
xong	O
bảo	O
t	NORM
xin	O
nhá	O
cảm	O
ơn	O
đã	O
giả	O

Còn	O
hay	O
thao	O
túng	O
tâm	O
lý	O
làm	O
mình	O
tưởng	O
mình	O
đòi	O
hỏi	O
quá	O
z	NORM
á	O

chưa	O
giới	O
thịu	NORM
xong	O
mà	O
chụy	NORM
ơi	O
,	O
ơ	O
kìa	O

ai	O
ép	O
ac	NORM
nhận	O
kịch	O
bản	O
này	O
dị	NORM

Nó	O
nói	O
đúng	O
mà	O
,	O
ai	O
chẳng	O
ghét	O
bị	O
thế,	O
chẳng	O
qua	O
có	O
nói	O
ra	O
hay	O
ko	NORM
thôi	O

lấy	O
đồ	O
ik	NORM
mai	O
t	NORM
đưa	O
tụi	O
m	NORM
ra	O
đẻo	NORM
nì	NORM
ở	O
=))))	O

do	O
chiều	O
cao	O
của	O
em	O
quá	O
vượt	O
trội	O
chứ	O
k	NORM
em	O
nghĩ	O
chúng	O
ta	O
có	O
thể	O
thử	O

k	NORM
lụm	O
đc	NORM
mồm	O
lun	NORM
á	O

đọc	O
tn	NORM
thấy	O
mủi	O
lòng	O
sắp	O
quay	O
xe	O
gòi	NORM
mà	O
nghe	O
tnhan	NORM
thoại	O
cái	O
bỏ	O
liền	O

thèm	O
que	O
cay	O
mua	O
que	O
cay	O
cho	O
t	NORM
ik	NORM

Kiên	O
này	O
được	O
quá	O
nhở	NORM

Nhà	O
có	O
đk	NORM
thì	O
dư	O
giả	O
tủ	O
lạnh	O
bao	O
la	O
đồ	O
ăn,	O
con	O
nít	O
ăn	O
vặt	O
từ	O
sáng	O
tới	O
tối,	O
nhưng	O
50%	O
nhà	O
ko	NORM
có	O
điều	O
kiện	O
phải	O
chắt	O
chiu	O
để	O
dành	O
cho	O
con	O
cái	O
nếu	O
người	O
lớn	O
ko	NORM
biết	O
điều	O
thì	O
cũng	O
quạo	O
thiệt	O
á	O

ún	NORM
sữa	O
nè	O
đừng	O
ún	NORM
trà	O
mận	O
nữa	O

Đọc	O
xong	O
bài	O
thì	O
có	O
lẽ	O
ny	NORM
tương	O
lai	O
của	O
t	NORM
đang	O
dc	NORM
mẹ	O
đút	O
cơm	O
và	O
mở	O
Baby	O
shark	O
cho	O
xem	O

Bụm	O
mỏ	O
lại	O
cười	O
giả	O
đò	O
đò	NORM
ho=)))))))))	O

Hình	O
như	O
có	O
hẳn	O
muối	O
hảo	O
hảo	O
ăn	O
kèm	O
hoa	O
quả	O
seo	NORM
ý	O

Hèn	O
gì	O
nhỏ	O
bạn	O
t	NORM
rủ	O
sang	O
TQ	O
mát	O
xa	O
:)))	O

bữa	O
t	NORM
đi	O
thi	O
,,	O
lấy	O
ra	O
cây	O
kẻ	O
chân	O
mày	O
??	O

Nên	O
t	NORM
quyết	O
định	O
không	O
trả	O
lời	O
tin	O
nhắn	O
nữa	O
=)))	O

Đọc	O
chả	O
thấy	O
vui	O
tí	O
đéo	O
nào	O
với	O
cái	O
giọng	O
của	O
thằng	O
ck	NORM

Đừng	O
có	O
chọc	O
tui	NORM
điên	O
à	O

cậu	O
này	O
k	NORM
cần	O
thả	O
thính	O
tôi	O
cũng	O
đổ	O

k	NORM
biết	O
là	O
do	O
yêu	O
cầu	O
về	O
mảng	O
thanh	O
nhạc	O
ở	O
vn	O
khắt	O
khe	O
hay	O
là	O
vì	O
gu	O
bên	O
trung	O
nó	O
lạ	O
chứ	O
nghe	O
cp	O
hát	O
hổn	O
hển,	O
chênh	O
phô,	O
highnote	O
này	O
kia	O
nghe	O
cứ	O
kiểu	O
gì	O
ấy	O
=)))	O

mẹ	O
thích	O
ko	NORM
e	NORM
làm	O
cho	O
mấy	O
cái	O

còn	O
m	NORM
thì	O
toàn	O
gửi	O
cho	O
t	NORM
cdj	O
ấy	O
đmm:))	O

Pờ	NORM
mông	O
mà	O
bao	O
chị	O
em	O
ao	O
ước	O

kkkk	O
thứ	O
này	O
ai	O
chịu	O
nủi	NORM

bàn	O
bên	O
trung	O
quốc	O
đủ	O
rồi,	O
đem	O
qua	O
đây	O
bàn	O
chi	O
nữa	O
ku	NORM

tự	O
nhin	NORM
nghĩ	O
đến	O
e	NORM

tự	O
nhiên	O
nhớ	O
đến	O
e	NORM
hối	O
hả	O
monet	O
=)))	O

Đúnggggg	NORM
nhớ	O
cảm	O
giác	O
đi	O
concert	O
quá	O
àaaaaaaa	NORM

a	NORM
đen	O
đem	O
tiền	O
về	O
cho	O
mẹ	O
hết	O
rùi	NORM

ăn	O
cơm	O
gà	O
nghĩ	NORM
dưỡng	O
hem	NORM

Không	O
cần	O
tuổi	O
thơBh	NORM
vẫn	O
chơi	O

Thay	O
vì	O
đứng	O
nhìn	O
anh	O
ta	O
và	O
sau	O
đó	O
kể	O
câu	O
chuyên	NORM
lên	O
mxh.	NORM

1	O
bên	O
là	O
quá	O
đoã	NORM
1	O
bên	O
là	O
qué	NORM
đẽ	NORM
:)))	O

sinh	O
viên	O
làm	O
éo	NORM
gì	O
giàu	O
thế	O
m	NORM
@@	O

Sếp	O
tôi	O
cũng	O
lật	O
mặt	O
mau	O
lắm,	O
xong	O
cái	O
cho	O
cả	O
lũ	O
kia	O
nghỉ	O
ngơi	O
vì	O
nói	O
xấu	O
cty	NORM
:))	O

K	NORM
biết	O
ai	O
mới	O
gọi	O
là	O

nếu	O
chị	O
khum	NORM
mua	O
s23	O
ultra	O
:)))))	O

Chắc	O
là	O
nghĩ	O
làm	O
dị	NORM
sẽ	O
tạo	O
hiệu	O
ứng	O
phá	O
cách	O
nhưng	O
cuối	O
cùng	O
thì	O
cắm	O
cái	O
đầu	O
xuống	O
đât	NORM

ko	NORM
ăn	O
để	O
t	NORM
ăn	O

Gì	O
túng	O
quá	O
mà	O
làm	O
liều	O
v	NORM

tự	O
nhiên	O
cũm	NORM
hơi	O
yêu	O
trường	O
P	O

Thế	O
thì	O
bạn	O
trai	O
m	NORM
sợ	O
k	NORM
phải	O
đờn	NORM
ông	O
r	NORM
vạch	O
ra	O
xem	O
lại	O
ngay	O

Nhắm	O
k	NORM
ăn	O
đc	NORM
thì	O
k	NORM
gắp,	O
bới	O
bị	O
nói	O
là	O
đúng	O
ùi	NORM

K	NORM
dám	O
mặc	O
áo	O
trắng	O
lun	NORM
mà	O

CIENCO4	O
chắc	O
khỏe	O
nhất	O
trong	O
đám	O
CIENCO	O
nhỉ,	O
sinh	O
viên	O
nta	NORM
đi	O
làm	O
thêm	O
mấy	O
năm	O
trời	O
tích	O
lũy	O
được	O
mà	O

Nhưng	O
mà	O
căn	O
nhà	O
chị	O
ở	O
HN	O
thì	O
lại	O
ultr	NORM

Phải	O
ô	O
tô	O
đằng	O
trc	NORM
thì	O
xong	O
r	NORM

em	O
cũng	O
đáng	O
iu	NORM
như	O
vậy	O
đúng	O
không?	O

Như	O
ở	O
TP	NORM
lớn	O
mà	O
như	O
vậy	O
thì	O
chưa	O
đủ	O

tìm	O
lòi	O
mắt	O
mà	O
kh	NORM
thấy	O

teo	NORM
thách	O
m	NORM
làm	O
đượt	NORM
z	NORM

Ck	NORM
e	NORM
tăng	O
nhẹ	O
3kg	O
cùng	O
vk	NORM
bầu	O
thôi	O

Rau	O
cũng	O
mắc	O
tiền	O
mà	O
nội	O
cái	O
vỏ	O
rong	O
biển	O
cũng	O
mắc	O
tiền	O
r	NORM
nghèo	O
chỗ	O
nào	O

hay	O
ra	O
dẻ	NORM
nhưng	O
chết	O
trong	O
tâm	O
nè	O
bà	O

Ngay	O
từ	O
khi	O
ck	NORM
b	NORM
trách	O
b	NORM
ko	NORM
dành	O
đủ	O
time	NORM
cho	O
gia	O
đình	O
thì	O
b	NORM
nên	O
nhìn	O
nhận	O
lại,	O
xem	O
cái	O
gì	O
là	O
quan	O
trọng	O
nhất.	O

Cát	O
biển	O
đông	O
dẫu	O
có	O
nhiều	O
cũng	O
k	NORM
thể	O
lấp	O
được	O
“khoảng	O
trống”	O
này...	O

Chúc	O
E	NORM
đạt	O
được	O
thêm	O
nhiều	O
thành	O
tích	O

tuyệt	O
vời	O
chúc	O
mừng	O
e	NORM

chòi	NORM
oi	NORM
thế	O
cái	O
giấc	O
đợi	O
e	NORM
tới	O
khi	O
trút	O
hơi	O
thở	O
mà	O
ở	O
vũ	O
trụ	O
khác	O
chắc	O
t	NORM
có	O
lỗi,	O
đêm	O
tự	O
nhiên	O
sòul	NORM
ngang	O

Lúc	O
về	O
sau	O
tra	O
điểm,	O
điểm	O
tiếng	O
anh	O
mình	O
có	O
1,25	O
đ	NORM
(	O
vì	O
mình	O
đâu	O
biết	O
tiếng	O
anh	O
đâu)	O

Loại	O
này	O
cứ	O
phải	O
đem	O
ra	O
công	O
an,	O
đi	O
giám	O
định	O
thương	O
tích	O
rồi	O
cho	O
ra	O
toà	O
thì	O
mới	O
khôn	O
ra	O
đc	NORM

Mình	O
thì	O
hít	O
k	NORM
khí	O
cũng	O
bếu.	NORM

lụ	NORM
cừi	NORM
của	O
kẻ	O
phản	O
diện	O

T	NORM
cũng	O
có	O
con	O
gái	O

matxa	NORM
kiểu	O
này	O
là	O
tuần	O
t	NORM
đi	O
tám	O
ngày	O
r	NORM

chỉ	O
sợ	O
ăn	O
bánh	O
vẽ,	O
về	O
đi	O
đòi	O
quà	O
k	NORM
xong	O

“m	O
ko	NORM
có	O
nhà	O
hả”	O

Khá	O
rung	O
lắc,	O
mn	NORM
nên	O
đến	O
tận	O
tiệm	O
để	O
check	O
lense	O
cho	O
chắc,	O
nhỡ	O
lense	O
nó	O
có	O
dính	O
chấm	O

hỏng	NORM
có	O
gửi	O
nữa	O
nha	O
con	O

add	O
tiktok	O
r	NORM
nhưng	O
vẫn	O
lưu	O
về	O
gửi	O

mụt	NORM
nhà	O
tù	O
hình	O
trái	O
tym	NORM

Đi	O
hai	O
cj	NORM
e	NORM
mình	O
dô	NORM
lm	NORM

Để	O
hình	O
nền	O
yêu	O
bản	O
thân	O
cũng	O
redflag	O
nữa	O
hả?,	O
biết	O
yêu	O
bản	O
thân	O
mới	O
yêu	O
được	O
người	O
khác	O
chứ	O
tr=)	NORM

Chồi	NORM
má	O
đợt	O
mổ	O
lấy	O
đinh	O
chân	O
t	NORM
ra	O
mà	O
bs	NORM
giật	O
cây	O
đinh	O
cái	O
giường	O
t	NORM
nằm	O
nó	O
rung	O
rinh	O
theo	O
từng	O
nhịp	O
luôn	O
ó	NORM
má.	O

Ngàn	O
lần	O
anh	O
yếu	O
đúi	NORM

định	O
mua	O
mấy	O
cái	O
xịt	O
hoa	O
lá	O
cành	O
vào	O
thành	O
bồn	O
nhưng	O
sợ	O
cức	O
dính	O
zô	NORM
thì	O
sao	O
ta	O
=•=	O

Nhìn	O
cái	O
liên	O
tưởng	O
đến	O
con	O
bò	O
liền	O
z	NORM
ak	NORM
kkk	O

Lương	O
15tr	O
nhưng	O
lỡ	O
lấy	O
phải	O
cô	O
vợ	O
lương	O
30tr	O
mất	O
rùi	NORM
:))	O

cũng	O
tốt	O
mà	O
có	O
đỏ	O
lắm	O
đôu=))))	NORM

Stalk	O
nyc	O
của	O
ny	NORM
mới	O
thấy	O
thằng	O
ny	NORM
mình	O
mới	O
là	O
đồ	O
tồi	O

Ăn	O
ở	O
nhà	O
mà	O
gẩy	O
gẩy	O
bới	O
bới	O
cũng	O
sẽ	O
bị	O
nói	O
chứ	O
đừng	O
nói	O
là	O
ở	O
nhà	O
ny	NORM

nói	O
cái	O
bt	NORM
ai	O
luôn=))	O

đồng	O
đội	O
của	O
cta	NORM
huhu	O

Đàn	O
ông	O
nếu	O
bạn	O
k	NORM
nói	O
thì	O
họ	O
sẽ	O
k	NORM
hiểu	O
đc	NORM
bn	NORM
vất	O
vả	O
mệt	O
nhọc	O
ntn	O
đâu	O

tôi	O
đa	O
nhân	O
cách	O
vch	O
các	O
bác	O
sj	NORM

Ngừi	NORM
ta	O
đã	O
cho	O
hẳn	O
5’	O
mà	O
k	NORM
chịu	O
sin	NORM
lũi	NORM

Mắt	O
t	NORM
cay	O
thì	O
mặt	O
mày	O
cũng	O
cảy	O

mấy	O
khúc	O
này	O
t	NORM
giỏi	O
nè	O

Dính	O
dô	NORM
là	O
dui	NORM
liền	O

gục	O
ngã	O
trc	NORM
cửa	O
thiên	O
đường	O

t	NORM
với	O
m	NORM
đi	O
quảng	O
bá	O
khum	NORM

Này	O
ngược	O
lại	O
vs	NORM
b	NORM
gái	O
t	NORM
gê,	NORM
nhỏ	O
eo	O
thon	O
còn	O
t	NORM
là	O
bầu	O
2	O
tháng	O
gưỡi	NORM

Nghê	O
Ni	O
cũng	O
xinh	O
mà	O
hông	NORM
coá	NORM
ở	O
đây	O
ta	O

Cầm	O
đc	NORM
hẳn	O
1	O
cái	O
bút?	O

G	NORM
ngta	NORM
có	O
ny	NORM
r	NORM

theo	O
kịch	O
bản	O
mới	O
học	O
lớp	O
7	O
thui	NORM
nhỉ	O
=)))))	O

Xứng	O
đáng	O
với	O
những	O
gì	O
c	NORM
đạt	O
được.	O

lần	O
trước	O
có	O
1	O
vụ	O
xong	O
lê	O
lết	O
tới	O
nhà	O
ngta	NORM
quỳ	O
lạy	O
xl	NORM
r.	NORM

Ở	O
nhà	O
với	O
bố	O
mẹ	O
cũnh	NORM
bới	O
đồ	O
ăn	O
mà	O
bố	O
mẹ	O
k	NORM
nói	O
gì	O
à?	O
Con	O
Hạt	O
Dẻ	O
nhà	O
chị	O
sau	O
mà	O
như	O
em	O
chị	O
vụt	O
thẳng	O
cánh	O

trước	O
khi	O
lấy	O
vk	NORM
thì	O
đẹp	O
zai,	NORM
sau	O
khi	O
lấy	O
vk	NORM
thì	O
phúc	O
hậu	O

Chứ	O
hồi	O
bé	O
mn	NORM
cứ	O
chê	O
là	O
xấu	O
xí,	O
ko	NORM
bằng	O
anh	O
trai,	O
trán	O
dồ,	O
mũi	O
to..	O

ê	O
t	NORM
sợ	O
z	NORM
vãi	O
:))	O

Đi	O
tù	O
chứ	O
thương	O
j:))	NORM

Cái	O
quan	O
trọng	O
nhất	O
kp	NORM
là	O
tiền,	O
mà	O
là	O
tình	O
ảm	NORM
2	O
vk	NORM
ck	NORM

tk	NORM
lớp	O
trưởng	O
k	NORM
quản	O
đc	NORM
thì	O
để	O
nó	O
:))	O

Lười	O
đọc	O
qá,	NORM
lưu	O
về	O
nào	O
rảnh	O
thì	O
đọc	O
:))	O

k	NORM
cứng	O
rắn	O
được	O
thì	O
đừng	O
ngoo	NORM

học	O
hỏi	O
ngừ	NORM
ta	O
i,	NORM
tiết	O
kiệm	O
điện	O

thg	NORM
ảo	O
tưởng	O
nào	O
đó	O

M	NORM
ở	O
không	O
chơi	O
với	O
t	NORM
tiếp	O
đê	O

nhà	O
mình	O
có	O
nửa	O
trái	O
từ	O
thời	O
cổ	O
đại	O
đến	O
h	NORM

siêu	O
cấp	O
mỹ	O
nữ,...tất	O
cả	O
đều	O
có	O
thậttttt	NORM

h	NORM
đến	O
chuyện	O
li	O
hôn	O
tranh	O
quyền	O
nuôi	O
con	O
của	O
toà	O
án	O
r	NORM
cũng	O
mang	O
lên	O
mạng	O
để	O
cđm	O
giành	O
quyền	O
nuôi	O
con	O
về	O
dùm	NORM
hả	O
trời	O

liệu	O
sau	O
này	O
chúng	O
ta	O
có	O
thế	O
khum	NORM
nhỉ	O

Cộng	O
hòa	O
hay	O
ứ	NORM
xe	O
liệu	O
có	O
đổi	O
tên	O
cho	O
hết	O
ùn	O
không	O
nhỉ	O

hnay	NORM
chắc	O
phải	O
gọi	O
kimbab	O
lày	NORM
cho	O
em	O
Gốu	O

Ây	O
mình	O
còn	O
chưa	O
vợ	O
mà	O
sao	O
đã	O
như	O
cái	O
ảnh	O
sau	O
rùitoang	NORM
toang	O

Mao	NORM
tao	O
lấy	O
vú	O
sữa	O
cho	O
bay	NORM
biết	O
mặt	O

Ck	NORM
tui	O
gái	O
đẹp	O
thả	O
tym	NORM
,	O
còn	O
thương	O
thương	O
nữa	O
,	O
tui	O
đi	O
thả	O
tym	NORM
trai	O
đẹp	O
lại	O

Còn	O
thật	O
sự	O
sạch	O
hay	O
ko	NORM
sao	O
biết	O
dc.	NORM

Đề	O
dài	O
thế,	O
thầy	O
cô	O
sợ	O
đề	O
trống	O
quá	O
sv	NORM
nản	O
à	O

Về	O
mua	O
chục	O
chai	O
xịt	O
lại	O
A	NORM
ơi	O

Gặp	O
chấn,	O
anh	O
tài	O
đuổi	O
mình	O
xuống	O
liền,	O
vì	O
sợ	O
chấn	O
đi	O
bộ	O
lại	O
lòi	O
trũy.	NORM

Thích	O
xem	O
pim	O
kiểu	O
kiểu	O
như	O
lày	NORM

Cn	NORM
đầy	O
tình	O
cảm	O
cho	O
thứ	O
2	O
rực	O
cháy	O
nhỉ?	O

là	O
ngủ	O
nhìu	NORM
sẽ	O
bị	O
mất	O
ny	NORM

Hong	NORM
có	O
xiền	NORM
mua	O
quà	O
nói	O
đại	O
đi	O
=)))	O

chửi	O
rồi	O
mà	O
vẫn	O
đ	NORM
muốn	O
trả	O
thì	O
sao	O
nhỉ	O

Nên	O
sẽ	O
có	O
2	O
pa	NORM

tôi:	O
“anh	O
em	O
con	O
c*c,	NORM
tình	O
nghĩa	O
xạo	O
lon”	NORM

Người	O
hàn	O
nghĩ	O
sao	O
về	O
vụ	O
thảm	O
sat	NORM
nhỉ	O

sắp	O
rồi,	O
sẽ	O
nhanh	O
thôi	O
b	NORM
êi	NORM

Icon	O
là	O
những	O
ng	NORM
đang	O
ở	O
hoàn	O
cảnh	O
gióng	NORM
như	O
mình,	O
kkk	O

tay	O
ải	O
tay	O
ai	O
nè	O
e	NORM
gái	O

trái	O
xoài	O
sống	O
gọt	O
xong	O
bỏ	O
tủ	O
lạnh	O
cũng	O
mấy	O
tuần	O
gòi	NORM
đó=))	O

Và	O
ko	NORM
có	O
chết	O
đâu	O

đc	NORM
hai	O
hôm	O
nóng	O
quá	O
thế	O
là	O
con	O
cờ	NORM
hó	NORM
nhà	O
e	NORM
vào	O
nhà	O
tắm	O
nằm	O
úp	O
bụng	O
ngủ	O
chắc	O
nó	O
cũng	O
nóng	O
lắm	O

Thôi	O
có	O
mình	O
anh	O
làm	O
z	NORM
thôi	O
anh	O
ơi	O

Hic,	O
vẫn	O
chưa	O
hỉu	NORM
logic	O
này	O

đọc	O
xong	O
kbt	O
mình	O
có	O
đang	O
trg	NORM
giấc	O
mơ	O
k:))	NORM

Bà	O
mún	NORM
đc	NORM
như	O
z	NORM
đúng	O
hok	NORM

Xin	O
tên	O
game	O
với	O
mng	NORM
oiiii	NORM

làm	O
z	NORM
ik	NORM
em	O
để	O
kiếm	O
tiền	O
trang	O
trải	O
đóng	O
lại	O
môn	O
:)))	O

Sẽ	O
khum	NORM
hề	O
quan	O
tâm	O
cho	O
đến	O
khi	O
người	O
ấy	O
cất	O
tiếng	O
ns	NORM
:)))))))))))	O

Trời	O
ko	NORM
chịu	O
đất	O
thì	O
đất	O
phải	O
chịu	O
trời	O
thôi	O
:))	O

Chiếc	O
dép	O
giành	O
cho	O
mấy	O
bà	O
thích	O
phạt	O
chồng	O
quỳ	O
sầu	O
riêng	O
đồ	O
đó	O
nma	NORM
xợ	NORM
chồng	O
đauuuu	NORM

Deo	NORM
ổn	O
đâu,	O
đi	O
tù	O
lâu	O
lâu	O
vẫn	O
chuyển	O
phòng,	O
chuyển	O
trại	O
mà.	O

Quan	O
tâm	O
dị	NORM
là	O
ít	O
rồi	O
còn	O
đòi	O
gì	O
nựa	NORM

Cuối	O
năm	O
còn	O
gà	O
để	O
cúng	O
ko	NORM
nhỉ	O

Vậy	O
mà	O
bữa	O
em	O
ghé	O
mấy	O
quán	O
giống	O
chị	O
mua	O
cà	O
phê	O
mà	O
ng	NORM
ta	O
chửi,	O
ngta	NORM
không	O
bán	O

rau	O
bay	NORM
gio	NORM
dat	NORM
lam	NORM

Tui	O
vẫn	O
gửi	O
tn	NORM
đi	O
,	O
cậu	O
ấy	O
thì	O
vẫn	O
đọc	O
..	O

ai	O
bảo	O
toy	NORM
chỉ	O
có	O
trắng	O
đen	O

ún	NORM
lòi	O
bản	O
họng	O
nè	O
mí	NORM
pà	NORM
^^	O

Nói	O
ra	O
câu	O
nào	O
mất	O
lòng	O
câu	O
đó	O
nên	O
im	O
lặng	O
là	O
vàng	O
th	NORM

E	NORM
có	O
con	O
màu	O
khác	O
nhưng	O
nó	O
nằm	O
ở	O
quê	O
mất	O
r,	NORM
chơi	O
sao	O
mà	O
từ	O
mầm	O
non	O
lên	O
Đh	NORM
vẫn	O
còn	O
chỉ	O
sứt	O
mỗi	O
cái	O
vây	O

áp	O
dụng	O
ngay	O
vào	O
sn	NORM
năm	O
nay	O
của	O
bn	NORM
nhá	O

con	O
phương	O
linh	O
chứ	O
ai,	O
mày	O
thích	O
chối	O
kh	NORM
đkm	O

những	O
món	O
đồ	O
dung	O
tục	O
thặc	NORM
sự	O

cho	O
e	NORM
xin	O
tiền	O
đi	O
mát-xa	O

Vậy	O
t	NORM
để	O
ảnh	O
thờ	O
m	NORM
nha	O

Cái	O
việc	O
trả	O
thù	O
nó	O
lãng	O
phí	O
thiệt	O
nhưng	O
mà	O
lỗi	O
cả	O
2	O
bên	O
chứ	O
sao	O
đổ	O
hết	O
cho	O
1	O
phía	O
v	NORM

Đó	O
là	O
điều	O
hết	O
sức	O
bth,	NORM
không	O
nên	O
so	O
sánh	O
với	O
1	O
bộ	O
phim	O
xàm	O
xí,	O
xúc	O
phạm	O
phụ	O
nữ	O
của	O
TH	O

Chịu	O
gu	O
ô	NORM
nào	O
thích	O
mi	O
nhon	O
hay	O
gầy	O
chứ	O
.	O

cả	O
nhà	O
gen	O
t	NORM
trội	O
nhất=))))	O

hèn	O
chi	O
thấy	O
pà	NORM
cười	O
quài	NORM

chắc	O
cty	NORM
bé	O
nên	O
chưa	O
thấy	O
sự	O
chuyên	O
nghiệp	O
trong	O
cách	O
làm	O
vc	NORM
:)))	O

Đúng	O
zị,	NORM
tôi	O
cần	O
những	O
khoảnh	O
khắc	O
như	O
vậy	O
để	O
chữa	O
lành	O

Vì	O
miếng	O
ăn	O
chi	O
mà	O
cực	O
dzữ	NORM
dzậy	NORM
chèn	NORM

Tự	O
giác	O
giùm	O
cái	O
ví	O
dị	NORM

có	O
tht	NORM
sự	O
là	O
chữa	O
lành?	O

e	NORM
thấy	O
chồng	O
e	NORM
giống	O
ri	O
nêy	O

Trừ	O
đi	O
làm	O
ra	O
còn	O
đi	O
đâu	O
tui	O
cũng	O
mang	O
thằng	O
Ck	NORM
đi	O
cùng	O
kiểu	O
không	O
có	O
là	O
không	O
vui	O
vẻ	O
nữa	O

đi	O
tù	O
cho	O
đỡ	O
cực	O
bn	NORM
ơi	O

phần	O
lượng	O
ăn	O
có	O
vẻ	O
chúng	O
ta	O
kh	NORM
giống	O
như	O
trong	O
hình	O

ko	NORM
thấy	O
hoa	O
thánh	O
nào	O
vào	O
bào	O
bữa	NORM
nhĩ....	NORM

4	O
tháng	O
chơi	O
hụi	O
dc	NORM
r	NORM

Quyết	O
tâm	O
lấy	O
ck	NORM
họ	O
Hoàng	O
=))	O

Vậy	O
là	O
ck	NORM
m	O
đang	O
hc	NORM
đh	NORM
năm	O
3	O
à	O

Đầu	O
toi	NORM
nghĩ	O
ngay	O
đến	O
Tào	O
tiểu	O
di	O
-	O
Tào	O
Thanh	O
Thiển	O

sao	O
k	NORM
quay	O
lại	O
xem	O
biên	O
chưa	O
nhỉ	O
??	O

làm	O
t	NORM
nhớ	O
tới	O
m	NORM

cho	O
e	NORM
đi	O
làm	O
với:)	O

không	O
thể	O
che	O
giấu	O
dc	NORM
lông	O
chân	O
:))	O

bài	O
dự	O
thi	O
của	O
bạn	O
h.y	O
trông	O
nom	O
cũng	O
giống	O
cái	O
nết	O
nch	NORM
của	O
h.y	O
này	O

trời	O
ơi	O
em	O
tưởng	O
em	O
là	O
người	O
viết	O
bài	O
này	O
ko	NORM
đó	O
=))	O

Nhiều	O
khi	O
đi	O
ngủ	O
mà	O
gặp	O
cô	O
ng	NORM
iu	NORM
lý	O
tưởng	O
mà	O
giựt	NORM
mình	O
dậy	O
thì	O
tiếc	O

toi	NORM
cố	O
nhịn	O
cừi	NORM
vì	O
dọng	NORM
cừi	NORM
của	O
họ	O
cuốn	O
quá,	O
nghe	O
tự	O
động	O
cừi	NORM
theo	O
=]]	O

Ôi	O
tr,	NORM
không	O
hổ	O
1	O
thời	O
là	O
"cô	O
gái	O
năm	O
ấy	O
chúng	O
ta	O
cùng	O
theo	O
đuổi",	O
nhìn	O
TNH	O
là	O
ra	O
cái	O
vibe	O
txvt	O
liền	O
luôn	O

ủa	O
là	O
chạy	O
thử	O
th	NORM
hay	O
là	O
có	O
tính	O
tiền	O
vé	O
chưa	O
á	O
mấy	O
c	NORM

711	O
còn	O
bao	O
nhiêu	O
món	O
t	NORM
bao	O
hết,	O
t	NORM
cần	O
ăn	O
một	O
mình:))	O

hoy	NORM
hoy	NORM
no	O
rồi,	O
đi	O
uống	O
trà	O
sữa	O

chia	O
đôi:	O
vừa	O
mua	O
vàng	O
vừa	O
gửi	O
tk	NORM

ở	O
nhà	O
t	NORM
mà	O
ăn	O
kiểu	O
đó	O
mẹ	O
t	NORM
lấy	O
thìa	O
gõ	O
đầu	O
luôn	O
ấy	O
chứ	O
ở	O
đó	O
mà	O
tự	O
vs	NORM
chả	O
nhiên	O
:))))	O

ngụ	NORM
cỡ	O
2	O
tiếng	O
chứ	O
2p	NORM
dì	NORM

tiền	O
mua	O
ronng	NORM
biển	O
với	O
rau	O
còn	O
đ	NORM
có	O
:))	O

Mk	NORM
cũng	O
hay	O
tự	O
ti	O
về	O
bản	O
thân	O
và	O
mk	NORM
cũng	O
hay	O
suy	O
nghĩ	O
nhiều	O
quá	O
mức.	O

có	O
oan	O
cũng	O
khum	NORM
được	O
khóc	O
nhaaa	NORM

chừi	NORM
ai	O
làm	O
bài	O
này	O
trồi	O
lên	O
z,	NORM
đúng	O
lúc	O
đang	O
cần	O

có	O
1	O
điều	O
thú	O
vị	O
là	O
dù	O
ko	NORM
thể	O
kiếm	O
dc	NORM
lợi	O
nhuận	O
cao	O
như	O
các	O
phim	O
siêu	O
anh	O
hùng	O

lập	O
danh	O
sách	O
lên	O
đồ	O
cbi	NORM
đi	O

Ck	NORM
Tây	O
có	O
điều	O
kiện	O
kte,	NORM
nếu	O
yêu	O
thương	O
con	O
thì	O
ck	NORM
nuôi	O
sẽ	O
tốt	O
hơn	O

Ủa	O
nằm	O
không	O
nước	O
mắt	O
cũng	O
tự	O
gớt	NORM
á	O

Đề	O
nghị	O
sếp	O
bảo	O
vs	NORM
kiên:	O
"thôi	O
Kiên,	O
em	O
đừng	O
làm	O
nv	NORM
nữa,	O
em	O
làm	O
sếp	O
đi"	O

mở	O
tiệm	O
lẩu	O
hồ	O
tây	O
ik	NORM

Ủa	O
rửa	O
bột	O
nó	O
hk	NORM
tan	O
ra	O
hả	O

eo	O
chòng	NORM
tui	O
bằng	O
nửa	O
toi.huhu	NORM

đã	O
tìm	O
ra	O
nghề	O
hợp	O
vs	NORM
ce	NORM
mình	O

ai	O
thì	O
cũm	NORM
bit	NORM
rùi	NORM
đó	O

xin	O
lỗi	O
em	O
chịu	O
hong	NORM
nỗi	O

2	O
đứa	O
bụng	O
íu	NORM
thì	O
xác	O
định	O

Đời	O
đời	O
sống	O
bình	O
an	O
trong	O
ánh	O
sáng	O
hào	O
quang	O
của	O
mười	O
phương	O
chư	O
Phật	O
nên	O
ko	NORM
sao	O
hết	O

Rủ	O
bạn	O
mà	O
nó	O
ko	NORM
hợp	O
gu	O
phim	O
or	O
xem	O
xong	O
chê	O
này	O
nọ	O
thì	O
thôi	O
tốt	O
nhất	O
tự	O
tận	O
hưởng	O
hehe	O

High	O
note	O
thật	O
là	O
xúc	NORM
xắc	NORM

Ủa	O
như	O
này	O
bth	NORM
mà	O
=))	O

bữa	O
m	NORM
rủ	O
tao	O
dô	NORM
đúng	O
kh	NORM

Phải	O
z	NORM
hông	NORM
chị	O
gái	O
guột	NORM

dô	NORM
xem	O
có	O
giống	O
mình	O
ko	NORM

xe	O
độp	NORM
hả	O
e	NORM
gái	O

t	NORM
thì	O
ăn	O
sữa	O
bột	O
của	O
cháu	O
ngon	O
vãi,	O
mà	O
pha	O
ra	O
thì	O
khum	NORM
ngon	O
nữa	O
-)))	O

Mong	O
c	NORM
kiện	O
nhà	O
này	O
tới	O
cùng	O
đi	O
ạ	O

đem	O
cậu	O
út	O
Luân	O
ra	O
test	O
ko	NORM

Khổ,	O
thèm	O
mà	O
chả	O
đc	NORM
ăn	O
:)))	O

Còn	O
chụy	NORM
là	O
pónk	NORM
gồng	O
đay	NORM
mấy	O
em	O
oii	NORM

Dài	O
quá,	O
lười	O
ko	NORM
muốn	O
đọc	O
lun	NORM
á	O

muốn	O
đan	O
như	O
z	NORM
mà	O
đan	O
được	O
ra	O
như	O
z	NORM
hay	O
khum	NORM
thì	O
khum	NORM
có	O
bécc	NORM

Người	O
ta	O
gắp	O
cho	O
thì	O
phải	O
nhận	O
hoặc	O
ngồi	O
gẩy	O
cơm	O
ko	NORM
vào	O
mồm/	O
ăn	O
rau	O
thôi	O
em	O
ơi,	O
xong	O
chuyện	O
mà	O
đói	O
đi	O
ăn	O
sau,	O
mắc	O
gì	O
để	O
người	O
ta	O
nói	O
cái	O
chuyện	O
ăn	O
uống	O
bới	O
bới	O
như	O
vậy	O

Từ	O
bao	O
giờ	O
chê	O
giọng	O
hát	O
liên	O
quan	O
đến	O
tình	O
yêu	O
nước	O
v	NORM
mấy	O
bà	O
:))	O

E	NORM
có	O
kinh	O
nghiệm	O
10	O
năm	O
nên	O
làm	O
quản	O
lí	O
dc	NORM
k	NORM
ạ	O

Chẳng	O
chê	O
10tr	O
nhưng	O
thật	O
sự	O
là	O
k	NORM
đủ	O
cho	O
1	O
giá	NORM
đình	O
độc	O
lập	O
nhé	O

Lâu	O
lắm	O
rôi	NORM
ko	NORM
rửa	O
mắt	O
nên	O
phải	O
tự	O
nghĩ	O
ra	O
mấy	O
cái	O
chuyện	O
đau	O
khổ	O
để	O
làm	O
sạch	O
đôi	O
mắt	O

Chết	O
thôi,	O
giới	O
trẻ	O
bây	O
giờ	O
kiểu	O
j	NORM
ấy	O
bác	O
ạ,	O
bảo	O
lương	O
10tr	O
mà	O
còn	O
chê	O
k	NORM
đủ	O
thì	O
như	O
mình	O
sống	O
thế	O
nào	O
đây	O

cãi	O
nhau	O
về	O
tối	O
di	NORM
tắm	O
mới	O
nghĩ	O
ra	O

Em	O
gái	O
bị	O
đánh	O
kia	O
mà	O
ko	NORM
rút	O
đơn	O
chắc	O
cũng	O
nhanh	O
mà	O
,	O
tầm	O
2	O
năm	O
thôi	O
:))	O

Vụ	O
này	O
gần	O
nhà	O
tôi,	O
k	NORM
để	O
vụ	O
này	O
chìm	O
dc	NORM

Tháng	O
5	O
trẹo	NORM
đây,	O
chả	O
đc	NORM
gì	O
ngoài	O
cái	O
cười	O
cả	O
ngày	O
.	O

ng	NORM
yêu	O
chị	O
giờ	O
mới	O
đang	O
học	O
đại	O
học	O
thôi	O
=)))	O

Giả	O
bộ	O
coi	O
đt	NORM
cười	O
:((	O

phải	O
z	NORM
thôi	O
bà	O
ơi	O

sn	NORM
bạn	O
mình	O
sẽ	O
dũa	NORM
thêm	O
vài	O
bộ	O
móng	O
để	O
mua	O
thuốc	O
mọc	O
tóc	O
cho	O
bạn	O

gọi	O
thoại	O
nc	NORM
bát	O
nháo	O
hăm	NORM
he	NORM

Lúc	NORM
đó	O
còn	O
là	O
sv	NORM
lại	O
là	O
thân	O
gái	O
nên	O
không	O
tìm	O
hiểu	O
sâu	O
về	O
việc	O
quân	O
đội	O
nhưng	O
cũng	O
rất	O
bực	O
mình.	O

giống	O
2	O
đứa	O
mk	NORM
thế	O
a	NORM
nhể	NORM

Xin	O
kính	O
chào	O
cả	O
nhà	O
iu	NORM
của	O
kem	NORM
:)))	O

Công	O
nhận	O
cảm	O
giác	O
sạch	O
thiẹt	NORM
:))	O

Chết	O
ko	NORM
ai	O
thương	O
,	O
toàn	O
haha	O
không	O

đi	O
vòng	O
xoay	O
tiền	O
đình	O
khum	NORM
c	NORM
=)))	O

phải	O
m	NORM
nói	O
thằng	O
mặc	O
quần	O
loe	O
này	O
hem	NORM

nhân	O
cách	O
thứ	O
2	O
của	O
t	NORM
chứ	O
k	NORM
phải	O
t:(	NORM

Mấy	O
ông	O
làm	O
theo	O
bước	O
1	O
là	O
đuọce	NORM
rồi	O

Mấy	O
con	O
chó	O
chạy	O
đc	NORM
chắc	O
đang	O
tim	O
đập	O
loạn	O
chân	O
run	O
run	O
r…	NORM

Mua	O
zàng	NORM
bỏ	O
ống	O
heo	O

lỡ	O
pé	NORM
là	O
kon	NORM
dế	O
mèn	O
phiu	NORM
lưu	O
ký	O
ank	NORM
có	O
thưn	NORM
emk	NORM
hok	NORM

Tưởng	O
sát	O
sách	O
như	O
sát	O
gái	O
nma	NORM
không	O

Thiết	O
kế	O
cho	O
cái	O
võng	O
cho	O
nằm	O
trên	O
miệng	O
kao	NORM
nằm	O
mới	O
đã	O
nha	O
sen	O
:))))	O

Cãi	O
nhau	O
làm	O
giàu	O
khum	NORM
bạn	O

còn	O
ko	NORM
bạn	O
làm	O
mình	O
khổ,	O
làm	O
bạn	O
đời	O
khổ..	O

lý	O
do	O
trường	O
m	O
áo	O
dzàng	NORM
đó,	O
thật	O
tink	NORM
tếk	NORM

vì	O
sao	O
k	NORM
cuốn	O
luôn	O
mà	O
phải	O
rửa	O
ạ	O

chết	O
r	NORM
mnhu	O
hèn	O
quá	O
tr	NORM
r	NORM

a	NORM
cũng	O
có	O
tiếc	O
j	NORM
với	O
chú	O
đâu	O
kkkkk	O

a	O
hp	O
của	O
tôy	NORM
cũng	O
vậy	O
đấy	O

Đi	O
qua	O
đây	O
cả	O
10	O
lần	O
rùi	NORM

Quá	O
tr	NORM
anh	O
roi	NORM
đó	O
anh	O
zai	NORM

Nói	O
lại	O
bảo	O
ác	O
miệng	O
chứ	O
dắt	O
con	O
nhỏ	O
kia	O
mà	O
ko	NORM
nắm	O
tay	O
chặt	O
hoặc	O
bế	O
lại	O
để	O
con	O
chạy	O
vụt	O
qua	O
,	O
may	O
mà	O
chỉ	O
là	O
xe	O
điện	O
chứ	O
gặp	O
quả	O
oto	O
phi	O
nhanh	O
thì	O
lại	O
hối	O
hận	O
ko	NORM
kịp	O

Nếu	O
thời	O
gian	O
đó	O
2	O
người	O
vẫn	O
cảm	O
thấy	O
k	NORM
còn	O
ở	O
vs	NORM
nhau	O
dc	NORM
nữa	O
thì	O
dừng	O
lại	O
.	O

mom	NORM
ơi,	O
thấy	O
ác	O
kinh	O
hông	NORM
tạo	O
bất	O
ngờ	O
cũng	O
ít	O
có	O
ác	O
kinh	O
@@	O

Anti	O
văn	O
minh	O
lên	O
mn	NORM
ơi	O

Không	O
1	O
tn	NORM
hay	O
cuộc	O
gọi	O
để	O
xin	O
hoãn	O
hay	O
nói	O
khó	O
với	O
mình	O
khi	O
k	NORM
đúng	O
hẹn	O
hơn	O
nữa	O
có	O
tiền	O
đi	O
ăn,	O
đi	O
chơi	O
mà	O
không	O
chịu	O
trả	O
cho	O
mình....	O

s	NORM
kì	O
dới	NORM
a	NORM
tao	O
qé:))))	NORM

tập	O
khóc	O
dần	O
là	O
vừa	O
r	NORM

gu	O
phim	O
của	O
t	NORM
với	O
m	NORM
nè	O
=))))))))	O

Phải	O
mấy	O
ac	NORM
cấp	O
2	O
hay	O
c3	O
thì	O
còn	O
đúng	O
cái	O
cuỗng	O

chúc	O
cháu	O
nhìu	NORM
sk	NORM

coi	O
hong	NORM
được	O
cái	O
nói	O
t	NORM
share	O
bậy	O
share	O
bạ	O

Nét	O
đẹp	O
phi	O
giới	O
tính	O
là	O
đâyyy	NORM

mẹ	O
bic	NORM
mẹ	O
buồn	O
á	O

xinloi	NORM
em	O
chịu	O
hong	NORM
nổi	O

Đã	O
ngoại	O
tình	O
còn	O
vũ	O
phu,	O
con	O
thì	O
còn	O
bé	O
xíu	O
mà	O
vẫn	O
có	O
ng	NORM
đem	O
lí	O
do	O
ở	O
xa	O
nhau	O
nên	O
có	O
khoản	NORM
cách	O
để	O
bênh	O
được	O
cũng	O
hay	O

đại	O
sứ	O
thương	O
hiệu	O
hãng	O
cf	NORM
nổi	O
tiếng	O
nào	O
đó	O
:)))	O

lỡ	O
nó	O
nghỉ	O
chơi	O
thì	O
s	NORM

ko	NORM
đào	O
làm	O
sao	O
múc	O
đk	NORM
vànggg	NORM

nhiều	O
ng	NORM
bh	NORM
coi	O
phim	O
sah	O
như	O
1	O
cách	O
giải	O
trí	O
vì	O
nó	O
hoành	O
tráng…	O

hỉu	NORM
cho	O
tui	O
i	NORM
bà	O

Như	O
mình	O
nhìu	NORM
khi	O
btrai	NORM
cả	O
tuần	O
k	NORM
liên	O
lạc	O
là	O
bth	NORM

bạn	O
chịch	O
ah	NORM
tệ	O
vl	O

Hình	O
như	O
xương	O
cốt	O
dạo	O
này	O
hơi	O
mỏi,	O
chốt	O
kèo	O
ko	NORM
bà	O

đổi	O
đời	O
phát	O
một,	O
dữ	O
dằn	O
zị	NORM
ba	O

Chi	O
Pu	O
cũng	O
nổi	O
phết	O
chứ	O
ko	NORM
bị	O
chìm	O
lắm	O

Đàn	O
ô	NORM
k	NORM
tinh	O
tế	O
đến	O
mức	O
nhìn	O
ánh	O
mắt	O
và	O
biểu	O
cảm	O
là	O
hiểu	O
bạn	O
muốn	O
gì	O
đâu	O

Tiền	O
tớ	O
ko	NORM
tiếc	O
quan	O
trọng	O
là	O
tớ	O
ko	NORM
coá	NORM

chiên	NORM
gia	O
đánh	O
giá	O
sao	O
về	O
thương	O
vụ	O
thâu	O
tóm	O
này	O

đọc	O
tnhan	NORM
sai	O
lè	O
sai	O
lét	O
nnay	O
làm	O
sao	O
tin	O
đc	NORM

Sau	O
lần	O
bị	O
bế	O
tắc	O
và	O
suy	O
sụp	O
vì	O
phá	O
sản,	O
gánh	O
1	O
khoản	O
nợ	O
trên	O
vai	O
thì	O
t	NORM
mới	O
bắt	O
đầu	O
sống	O
kiểu	O
yolo.	O

ai	O
tóm	O
tắt	O
lại	O
vụ	O
này	O
hộ	O
mih	NORM
đc	NORM
o	NORM
ạ	O

cưới	O
kiểu	O
chạy	O
kpi	O
hay	O
s	NORM
v	NORM

Cho	O
uống	O
có	O
mấy	O
bịch	O
sữa	O
mà	O
m	NORM
báo	O
t	NORM
quá	O
:))	O

May	O
quá	O
mình	O
chỉ	O
ăn	O
thạch	O
của	O
con	O
chứ	O
k	NORM
u	NORM
tranh	O
sữa	O
bao	O
giờ	O

bữa	O
nào	O
làm	O
một	O
bộ	O
z	NORM
đi	O

Chả	O
nghìn	O
nào	O
còn	O
lấy	O
được	O
vk	NORM
kìa	O

Màu	O
cam	O
thì	O
như	O
nào	O
ae	NORM

nói	O
chiện	O
vui	O
gk3	NORM
nao	NORM
đi	O
chơi	O
coi	O
=)))	O

Chị	O
có	O
thầu	O
vụ	O
này	O
ko?	NORM

Mới	O
đầu	O
cũng	O
không	O
tin	O
đâu	O
nma	NORM
chỗ	O
làm	O
có	O
bà	O
khách	O
người	O
Nhật	O
dùng	O
cái	O
túi	O
cám	O
cò	O
VN	O
đựng	O
tài	O
liệu	O
mới	O
tin:))))))))	O

Rồi	O
xong	O
tới	O
tam	O
tai	O
của	O
viên	O
thả	O
bồn	O
cầuu	NORM

cưng	O
có	O
hay	O
như	O
z	NORM
k	NORM
kẹo	O

Dức	NORM
náck,	NORM
bà	O
ở	O
đâu	O
z	NORM

May	O
mà	O
tâm	O
thư	O
viết	O
hồi	O
mới	O
lên	O
đại	O
học	O
ko	NORM
có	O
đứa	O
nào	O
phũ	NORM
nhận	O
chuyện	O
bạn	O
thân	O

E	NORM
rất	O
xứng	O
đáng	O
được	O
như	O
vậy,	O
cô	O
gái	O
vàng	O
Việt	O
Nam	O
trong	O
làng	O
segem	O
năm	O
nay	O

giờ	O
thì	O
mấy	O
mấy	O
ông	O
giọng	O
tổng	O
tài	O
thì	O
nghe	O
như	O
trong	O
họng	O
có	O
cục	O
đờm,	O
còn	O
mấy	O
ông	O
giọng	O
nam	O
thiếu	O
niên	O
thì	O
kiểu	O
giọng	O
nũng	O
nịu	O
thụ	O
thụ	O
mà	O
nghe	O
nó	O
cứ	O
đồi	O
trụy	O
thế	O
đell	NORM
nào	O
tởm	O
ko	NORM
chịu	O
đc	NORM

Oanh	O
,em	O
thật	O
xứng	O
đáng	O
nhận	O
quà	O
cao	O
quý	O
này	O
giúp	O
em	O
và	O
gđ	NORM
có	O
thêm	O
điều	O
kiện	O
cải	O
thiện	O
cuộc	O
sống	O
,rèn	O
luyện	O
thể	O
chất	O
cống	O
hiến	O
nhiều	O
thành	O
tích	O
cho	O
thể	O
thao	O
nước	O
nhà	O

lấy	O
vk	NORM
sớm	O
anh	O
sẽ	O
được	O
đẹp	O
trai	O

hình	O
như	O
e	NORM
trai	O
ruột	O
của	O
mua	O
b	NORM
ạ	O
=))))	O

Page	O
này	O
có	O
những	O
câu	O
chuyện	O
nhỏ,	O
mong	O
mọi	O
người	O
ủng	O
hộ	O
mình	O
nhaaa	NORM

T	NORM
mà	O
là	O
vk	NORM
thằng	O
dắt	O
con	O
về	O
t	NORM
đấm	O
cho	O
tím	O
mje	NORM
mắt.	O

Mk	NORM
mới	O
đi	O
khám	O
bs	NORM
cũng	O
bảo	O
lên	O
hà	O
nội	O
ktra	NORM
lại	O
cho	O
chắc	O

Shout	O
out	O
to	O
khi	O
mị	O
nói	O
mị	O
ko	NORM
chơi	O
tóp	O
tóp	O
:)))	O

Mấy	O
ng	NORM
tầm	O
tuổi	O
này	O
lm	NORM
ra	O
dc	NORM
cơ	O
ngơi	O
z	NORM
chả	O
ai	O
ngu	O
hay	O
khùg	NORM
mà	O
dễ	O
nhảy	O
dô	NORM
ăn	O
đâu	O

Tại	O
mình	O
có	O
dc	NORM
vào	O
giới	O
ấy	O
đâu	O
mà	O
thấy	O
mà	O
pit	NORM
nên	O
cứ	O
nghĩ	O
tác	O
giả	O
bịa	O
ra	O
làm	O
lố	O

tới	O
đó	O
mua	O
đi	O
keooo	NORM

Sao	O
m	NORM
lại	O
k	NORM
thích	O
ăn	O
đồ	O
của	O
con	O
nhờ	O

Mình	O
cũng	O
ko	NORM
có	O
giận	O
họ	O
vì	O
ngay	O
từ	O
đầu	O
mình	O
đã	O
đươc	NORM
chứng	O
kiến	O
nhiều	O
chuyện	O
và	O
hiểu	O
rằng	O
ko	NORM
phải	O
mình	O
yêu	O
quý	O
họ	O
thì	O
họ	O
cũng	O
sẽ	O
yêu	O
quý	O
mình	O
y	O
như	O
vậy.	O

Thôi	O
ko	NORM
lấy	O
vợ	O
đâu	O
đang	O
béo	O
sẵn	O
rồi	O

kêu	O
bạn	O
chở	O
dề	NORM
dùm	NORM

e	NORM
bảo	O
a	NORM
có	O
con	O
cá	O
tốt	O

bánh	O
kem	O
còn	O
to	O
hơn	O
sn	NORM
t	NORM
nữa	O

2	O
con	O
shiba	O
nom	O
ghéc	NORM
quá	O

hẹn	O
hò	O
hem	NORM
bạn	O
ơi	O

H	NORM
mới	O
thấy	O
Gà	O
ko	NORM
lối	O
thoát	O
k	NORM
đơn	O
giản	O
là	O
món	O
ăn	O

vô	O
duyên	O
thật	O
chứ	O
k	NORM
phải	O
k,	NORM
lớn	O
bằng	O
đầu	O
bằng	O
cổ	O
r	NORM
=_=	O

vì	O
các	O
em	O
chưa	O
ăn	O
dc	NORM
chua	NORM

12	O
năm	O
trc	NORM
nè	O
Trưởng	O
Đoàn	O
Indo	O
bị	O
đấm	O
ko	NORM
trượt	O
phát	O
nào	O

Tự	O
dưng	O
hú	O
t	NORM
cười	O
mệt	O
=)))	O

kím	NORM
gì	O
đi	O
r	NORM
t	NORM
dí	O
m	NORM
đi	O
bán	O

C	NORM
thật	O
sự	O
xứng	O
đáng	O

tự	O
nhiên	O
chợt	O
nhớ	O
c	NORM
ngay	O
:))))	O

Nhà	O
mình	O
2	O
vk	NORM
ck	NORM
có	O
trách	O
nhiệm	O
chung	O
với	O
con	O

Nội	O
tâm	O
ít	O
nói	O
ít	O
chia	O
sẻ,	O
thì	O
k	NORM
nói	O
ra	O
ck	NORM
bạn	O
biết	O
sao	O
được,	O
lầm	O
lì	O
xì	O
ra	O
khói	O
à.	O

m	NORM
á	O
coi	O
chừng	O
tao	O

nếu	O
có	O
bới	O
bố	O
mẹ	O
k	NORM
dạy	O
bảo	O
gì	O
à.	O

bảo	O
phụ	O
nữ	O
hiện	O
đại	O
đánh	O
son	O
ko	NORM
đánh	O
ghen	O
nma	NORM
đọc	O
vẫn	O
cuốn	O
vl	O
:))	O

rút	O
khỏi	O
cuộc	O
chơi	O
đc	NORM
chưa	O

tiện	O
nhà	O
có	O
cây	O
mãng	O
cầu	O
lm	NORM
ăn	O
thử	O
đi	O

Gái	O
Tân	O
Cương	O
nhan	O
sắc	O
đỉnh	O
zị	NORM
chèn	NORM

1	O
thèn	NORM
mặc	O
váy	O
ăn	O
vạ	O

mình	O
cúp	O
học	O
luôn	O
chứ	O
qtam	NORM
gì	O
:)))	O

E	NORM
út	O
nhà	O
e	NORM
nó	O
mới	O
10	O
tuổi	O
mà	O
ăn	O
cái	O
nết	O
đó	O
được	O
tặng	O
thêm	O
mấy	O
cái	O
roi	O
đó	O
c	NORM
ạ	O

koi	NORM
tui	O
thả	O
hai	O
tay	O
nè	O
mắ	NORM

Mún	NORM
thay	O
đổi	O
mà	O
honk	NORM
được	O

Chắc	O
sếp	O
vs	NORM
nv	NORM
yêu	O
nhau	O

em	O
mình	O
cũng	O
z	NORM
người	O
yêu	O
làm	O
mình	O
khóc	O
nó	O
bắt	O
chia	O
tay	O
:))	O

đoạn	O
này	O
là	O
tàu	O
chạy	O
chậm	O
để	O
bắt	O
khách	O
giữa	O
đường,	O
nể	O
mấy	O
bạn	O
k	NORM
bt	NORM
cứ	O
bảo	O
chạy	O
chậm	O

Lồng	O
quả	O
nhạc	O
chill	O
ko	NORM
kém	O
:"))	O

Còn	O
chị	O
là	O
con	O
ponk	NORM
bán	O
dzịt	NORM

Cái	O
này	O
là	O
của	O
bn	NORM
nek	NORM

thơm	O
ngon	O
mời	O
cậu	O
nka	NORM

4	O
tháng	O
là	O
đủ	O
là	O
chủ	O
công	O
ty	O
r	NORM
nha,	O
đi	O
làm	O
cx	NORM
đc	NORM
lun	NORM
:))	O

lên	O
plan	O
sn	NORM
jc	NORM
đồ	O
chuaq	NORM

Nó	O
bám	O
dưới	O
thành	O
bồn	O
không	O
có	O
tan	O
ra,	O
xong	O
t	NORM
phải	O
dở	O
ra	O
quậy	O
lên	O
:)))	O

bạn	O
ơi	O
báo	O
công	O
an	O
đi,	O
bạn	O
k	NORM
sai	O
ngta	NORM
sai	O
mà,	O
làm	O
sao	O
sống	O
mà	O
cứ	O
lo	O
âu	O
như	O
vậy	O
được.	O

mỏ	O
hỗn	O
như	O
t	NORM
là	O
phải	O
có	O
bằng	O
chứng	O
zị	NORM
nè	O
=))	O

Cười	O
không	O
nhặt	O
đc	NORM
miệng	O

T	NORM
chưa	O
thấy	O
cái	O
post	O
có	O
gì	O
mắc	O
cừi	NORM

chứ	O
lấy	O
tiền	O
ngta	NORM
ăn	O
dọng	O
cho	O
đã.	O

đấy	O
làm	O
nghề	O
thức	O
đêm	O
với	O
con	O
chữ	O
thì	O
hãy	O
kiếm	O
any	NORM
chất	O
lượng	O
như	O
này	O

tui	O
mượn	O
bạn	O
500	O
nghìn	O
bạn	O
đã	O
bẩu	NORM
bạn	O
không	O
quen	O
tui	O

Bố	O
kiểu:	O
m	NORM
làm	O
con	O
dâu	O
t	NORM
hơi	O
lâu	O
r	NORM
đó	O

:)))))	O
ce	NORM
chúng	O
mình	O
vô	O
tri	O
mà	O
vẫn	O
qua	O
đc	NORM
hết	O
cái	O
ĐH	O

Thao	O
túng	O
nhưng	O
mà	O
có	O
sạch	O
thiệt	O
hongg	NORM

Có	O
cả	O
tn	NORM
thương	O
lượng	O
thì	O
ngon	O
rồi	O

A	NORM
biết	O
e	NORM
ăn	O
phải	O
mua	O
nhiều	O
hơn	O
chứ	O
sao	O
mắng	O
e	NORM

:)))))	O
lười	O
đọc	O
qá	NORM
xem	O
mỗi	O
cái	O
ảnk	NORM
thui	NORM

Vậy	O
là	O
cũng	O
tròn	O
xx	O
tháng	O
kể	O
từ	O
ngày	O
cminh	NORM
quen	O
nhau.	O

Nhớ	O
hồi	O
trc	NORM
có	O
cái	O
clip	O
gì	O
mà	O
thằng	O
nào	O
định	O
vào	O
táng	O
ô	NORM
HLV	O
bị	O
ô	NORM
ấy	O
bụp	O
cho	O
lật	O
mặt	O
ý	O
nhỉ	O

có	O
khi	O
n	NORM
làm	O
con	O
dâu	O
t	NORM
đi	O

Xin	O
lũi,	NORM
tại	O
bố	O
mày	O
bắt	O
t	NORM
đẻ	O
ra	O
m	NORM
khi	O
t	NORM
chưa	O
đủ	O
trưởng	O
thành	O

vậy	O
s	NORM
anh	O
khiến	O
em	O
rơi	O
lệ	O
?	O

Đi	O
đẻ	O
zui	NORM
ko	NORM
muốn	O
xuất	O
ziện	NORM
luôn	O

giống	O
e	NORM
quãi	NORM
tht	NORM
chớ.	O

Dzừa	NORM
lònggg	NORM
ghê	O
gứmmm	NORM
lunnn	NORM
hà	NORM
:)))))	O

làm	O
người	O
hèn	O
cũng	O
có	O
lợi	O
thế	O
của	O
người	O
hèn	O
dữ	O
nek	NORM

m	NORM
nhìn	O
thấy	O
con	O
này	O
ngoài	O
đường	O
có	O
ngất	O
ko	NORM
:)))	O

Tr	NORM
ơi,	O
đảm	O
nhiệm	O
phần	O
highnote	O
nữa	O
=)))))	O

biết	O
bn	NORM
tiền	O
tiêu	O
vặt	O
mới	O
mua	O
đc	NORM
1	O
mẩu	O
này	O

sao	O
ko	NORM
phải	O
là	O
con	O
xe	O
tải	O
,	O
cán	O
cho	O
nát	O
choét	NORM
cả	O
nhà	O
nó	O
đi	O
nhỉ	O

hjc	O
kh	NORM
có	O
cả	O
2	O

không	O
unti	O
cp,chỉ	O
unti	O
giọng	O
hát	O
của	O
bà	O
thui,đang	NORM
trong	O
nhóm	O
unti	O
thấy	O
bọn	O
n	NORM
kéo	O
qua	O
weibo	O
làm	O
trò	O
mèo	O
nên	O
thôi	O
thoát	O
luôn	O

còn	O
t	NORM
là	O
kiểu	O
“cấp	O
3“	O
&	O
“bgio”	NORM

đi	O
lm	NORM
thấy	O
xe	O
16	O
chỗ	O
xuống	O
xe	O
đếm	O
thành	O
20	O
người	O

Vô	O
duyên	O
thiec	NORM
đó	O
má	O

kinh	O
doanh	O
khum	NORM
c	NORM
:)))	O

sao	O
e	NORM
ns	NORM
chỉ	O
mình	O
anh	O

bán	O
xe	O
cộng	O
tiền	O
thưởng	O
xây	O
nhà	O
mới	O
thôi	O
chắc	O
vẫn	O
có	O
nhiều	O
vdv	NORM
cũng	O
cảm	O
thấy	O
tủi	O
thân	O
.	O

ko	NORM
đi	O
con	O
đường	O
này	O
ta	O
đi	O
con	O
đường	O
khác,	O
lm	NORM
j	NORM
căng	O
:")))	O

Quả	O
này	O
ko	NORM
có	O
tiền	O
đu	O
aidol	O
rồi	O

đi	O
thi	O
kbh	O
mang	O
bút	O
vì	O
đi	O
chấn	NORM
của	O
đứa	O
bạn	O
nhanh	O
hơn	O

kkk	O
ghiền,	O
nước	O
màu	O
trắng	O
k	NORM
quen	O

chắc	O
tập	O
cừ	NORM
cho	O
khỏi	O
bỡ	O
ngỡ	O
qá	NORM

nhức	O
đầu	O
dữ	O
vậy	O
trùi	NORM

1	O
ngày	O
đẹp	O
trời	O
mẹ	O
ngiu	NORM
xem	O
hết	O
đống	O
ảnh	O
:)))	O

Mn	NORM
chê	O
đoạn	O
2note	O
còn	O
mình	O
thì	O
nghe	O
đi	O
nghe	O
lại	O
vì	O
nó	O
lạ	O
tai,	O
thấy	O
hay	O
hay	O

Kte	NORM
ctri	NORM
Mac	O
đến	O
đou	NORM
r	NORM

Đọc	O
mấy	O
lần	O
r,lần	NORM
nào	O
đọc	O
lại	O
nc	NORM
mắt	O
cứ	O
chảy	O
ròng	O
ròng	O

Chưa	O
kể	O
làm	O
đám	O
cưói	O
kiểu	O
gì	O
cty	NORM
chả	O
cho	O
nghỉ	O
mấy	O
ngày..	O

Nma	NORM
nghe	O
cũng	O
tội	O
thiệt	O
á	O
=)))))	O

Nếu	O
bị	O
knok	O
out	O
tiếp	O
thì	O
Vn	O
có	O
đc	NORM
thưởng	O
thêm	O
HCV	O
ko	NORM

trông	O
thế	O
nhưng	O
chắc	O
gì	O
đã	O
thế,	O
nhìn	O
lên	O
trên	O
cũng	O
nên	O
nhìn	O
xuống	O
dưới	O
nếu	O
người	O
ta	O
bản	O
tính	O
không	O
tốt	O
thì	O
con	O
vừa	O
lùn	O
vừa	O
sấu	NORM
nó	O
cũng	O
ko	NORM
bao	O
giờ	O
lấy!	O

ngta	NORM
vừa	O
đẹp	O
zai	NORM
vừa	O
học	O
giỏi	O
các	O
thứ.	O

Chi	O
Phù	O
perform	O
mạnh	O
thiệc	NORM
mày	O

mé	NORM
coi	O
bộ	O
này	O
mà	O
cay	O
không	O
chịu	O
được	O

bao	O
h	NORM
nghỉ	O
thì	O
hú	O

nhân	O
văn	O
quá,	O
nhưng	O
mai	O
lại	O
đến	O
t2	NORM
rồi	O
;)))	O

Khỏi	O
lăn	O
tăn,	O
a	NORM
nào	O
có	O
con	O
cá	O
chà	O
bặc	O
thì	O
hẹn	O
thôi	O

Chứ	O
bới	O
thì	O
cũng	O
hơi	O
zô	NORM
duyên	O
thiệt.	NORM

không	O
phải	O
ai	O
cũng	O
dc	NORM
n	NORM
vậy	O

Giống	O
em	O
gái	O
t,chân	NORM
to	O
eo	O
nhỏ,tay	O
nhỏ	O
mặt	O
xinh.	O

nhận	O
ra	O
bạn	O
thân	O
hơi	O
bị	O
nhìu	NORM

Ở	O
diễn	O
biến	O
khác	O
:	O
yêu	O
đúng	O
người	O
bạn	O
sẽ	O
mụp	NORM
lên	O

bình	O
tĩnh	O
lm	NORM
đúng	O
kịch	O
bản	O

hnay	NORM
hoạt	O
động	O
ngoại	O
khoá,nắng	O
nóng	O
muốn	O
ná	O
thở	O
^^	O

Nhiều	O
ng	NORM
nghĩ	O
việc	O
ăn	O
1	O
mình	O
hoặc	O
xem	O
phim	O
1	O
mình	O
dị	NORM
vs	NORM
cô	O
đơn	O
lắm,	O
nhưng	O
họ	O
ko	NORM
hiểu	O
ng	NORM
hướng	O
nội	O
chúng	O
tôi	O
rất	O
cần	O
những	O
khoảnh	O
khắc	O
như	O
vậy	O

hong	NORM
bit	NORM
thiệt	O
hong,	NORM
mà	O
ớn	O
ghê	O

khách	O
này	O
tăng	O
động	O
wa	NORM

Nhưng	O
ngta	NORM
mặt	O
xinh	O
eo	O
nhỏ	O
bắp	O
tay	O
nhỏ	O
và	O
k	NORM
mỡ	O
bụng	O

mịt	NORM
mỏi	O
lắm	O
biết	O
hum	NORM

Có	O
con	O
trai	O
mà	O
ko	NORM
phụng	O
dưỡng	O
đc	NORM
mẹ	O
hả	O
trời.	O

Nghe	O
đến	O
cái	O
tên	O
Thành	O
Đô	O
là	O
tự	O
giác	O
nhớ	O
tới	O
sự	O
buedue	NORM
ạ	O
:))))	O

Chắc	O
fe	O
co	NORM
trong	O
này	O

Trc	NORM
mổ	O
tay	O
bác	O
sĩ	O
chơi	O
toàn	O
cưa,	O
búa	O
vs	NORM
khoan	O
mình	O
cứ	O
tưởng	O
thợ	O
điện	O
nc	NORM

Em	O
xin	O
phép	O
ứng	O
vào	O
vai	O
mụ	O
phù	O
thủy	O
xanh	O
lè	O
thích	O
đi	O
ngắm	O
zai	NORM
yêu	O
nhau	O
nha	O
mn	NORM

Phải	O
si	NORM
ngĩ	NORM
kĩ	O
chiện	NORM
nài	NORM

dạo	O
này	O
ghê	O
quá	O
đi	O
rùiii	NORM

Xin	O
nó	O
còn	O
không	O
cho	O
đây	O
lày	NORM

giống	O
cặp	O
giò	O
của	O
a	NORM
này	O

mai	O
mốt	O
đii	NORM
chụp	O
chục	O
kiểu	O
về	O
up	O
str	O
hêhh	O

bạn	O
hằng	O
đg	NORM
thấy	O
tiếc	O

làm	O
trend	O
táo	O
tàu	O
đi	O
em	O
bán	O
táo	O
vs	NORM
:)))	O

Hãy	O
xem	O
lại	O
mức	O
thu	O
nhập	O
trung	O
bình	O
của	O
ng	NORM
dân	O
vn	O
đi	O

cách	O
đây	O
vài	O
tháng	O
chị	O
ghệ	O
mới	O
tự	O
nt	NORM
kiếm,	O
chắc	O
quen	O
hết	O
năm	O
nay	O
bỏ=))	O

ko	NORM
ai	O
tắm	O
2	O
lần	O
trên	O
1	O
dòng	O
sông	O
nh	NORM
c	NORM
mày	O
tắm	O
n	NORM
lần	O
trên	O
n	NORM
dòng	O

Xe	O
nổ	O
máy	O
thì	O
cứ	O
gọi	O
còn	O
xe	O
tắt	O
máy	O
thì	O
liệu	O
hồn	O
gọi	O
là	O
nhan	NORM
viên	O
bật	O
lại	O
ngay	O

Ngta	NORM
tuổi	O
ăn	O
chơi,	O
bắt	O
làm	O
mẹ!	O

làm	O
ngay	O
quả	O
án	O
trung	NORM
thân	O
b	NORM
nhỉ	O

dừng	O
lại	O
đi	O
dc	NORM
kh	NORM
=)))))))))))	O

mình	O
còn	O
trẻ,	O
ai	O
làm	O
mình	O
vui	O
vẻ	O
thì	O
mình	O
cười	O
chứ	O
mình	O
không	O
iu	NORM
:)))	O

nhỏ	O
này	O
nhìn	O
thấy	O
chắc	O
chớt	NORM
lâm	O
sàng	O
tại	O
chỗ	O

:)))))))	O
nhớ	O
hồi	O
lớp	O
6,	O
t	NORM
viết	O
m,	NORM
m	NORM
viết	O
con	O
Phương	O

Xưa	O
còn	O
đi	O
cũng	O
v	NORM
lớp	O
mình	O
4	O
hsg	O
cứ	O
sau	O
mỗi	O
tiết	O
toán	O
là	O
4	O
tụi	O
mình	O
đều	O
như	O
này	O

năm	O
nay	O
lại	O
méo	NORM
có	O
dâu	O
da	O
ăn	O
rồi	O

Thôi	NORM
mà	O
để	O
mấy	O
nó	O
chín	O
đi	O
được	O
hong	NORM

chin	NORM
lũi	NORM
hog	NORM
có	O
cố	O
ý	O

cgi	NORM
cũng	O
là	O
rét	O
lát	O
hết	O
ddó	NORM
bà	O

bà	O
có	O
đặt	O
mục	O
tiêu	O
gì	O
khum	NORM

Trường	O
mình	O
thì	O
kêu	O
tắt	O
cno	NORM
còn	O
lườm	O
cho	O

Chắc	O
giống	O
cái	O
câu:	O
vốn	O
dĩ	O
muốn	O
tìm	O
1	O
người	O
cùng	O
nhau	O
vượt	O
qua	O
sóng	O
gió,	O
tìm	O
đc	NORM
rồi	O
mới	O
biết	O
sóng	O
gió	O
từ	O
người	O
ấy	O
mà	O
ra	O

Thì	O
ra	O
từ	O
trc	NORM
đến	O
h	NORM
t	NORM
đã	O
xem	O
show	O
sai	O
cách	O
hả	O

uầy	O
hôm	O
nay	O
cn	NORM
có	O
khác,	O
mai	O
thì	O
sml	O
với	O
thằng	O
ad	O
hết	O
=)))	O

T	NORM
vô	O
hội	O
này	O
hồi	O
nào	O
t	NORM
k	NORM
biết	NORM
luôn	O
á	O
tr	NORM
;((	O

Cúi	O
mặt	O
xuống	O
giả	O
vờ	O
nghịch	O
đt	NORM

Thì	O
lần	O
sau	O
mua	O
x2	O
chứ	O
lm	NORM
mẹ	O
là	O
bắt	O
buộc	O
phải	O
trưởng	O
thành	O
à	O

cười	O
rớt	O
cái	O
bánh	O
sn	NORM

Tặng	O
xe	O
xong	O
ko	NORM
có	O
tiền	O
nuôi	O
xe	O
cũng	O
vậy	O

Hông	NORM
hiểu	O
sao	O
đọc	O
đây	O
thấy	O
dui	NORM
mà	O
copy	O
lại	O
cái	O
thấy	O
matday	NORM
:)))))	O

nhìn	O
mặt	O
chú	O
rể	O
biết	O
lo	O
lm	NORM
ăn	O
phết	O
nhỉ:))	O

Cho	O
chơi	O
chung	O
vs	NORM
đc	NORM
khum	NORM

ng	NORM
iu	NORM
em	O
chắc	O
còn	O
ch	NORM
ra	O
đời	O

Bà	O
,	O
đừng	O
nhắc	O
nữa,	O
bà	O
nhắc	O
ra	O
là	O
tự	O
dưng	O
tui	O
có	O
quá	O
trời	O
"bạn	O
thân"	O
z	NORM
đoá	NORM

là	O
tui	O
là	O
tui	O
còn	O
không	O
dám	O
đứng	O
trc	NORM
mặt	O
ngta	NORM
vì	O
cái	O
độ	O
học	O
dốt	O
của	O
toi.	NORM

Toy	NORM
hông	NORM
cần	O
nói	O
mà	O
mẹ	O
iu	NORM
của	O
toy	NORM
tự	O
order	O
tô	O
phở	O
như	O
ý	O
thích	O
của	O
toy	NORM
nhưng	O
sau	O
đó	O
mẹ	O
sẽ	O
cho	O
m.n	NORM
trong	O
quán	O
đó	O
biết	O
toy	NORM
ăn	O
tô	O
phở	O
ko	NORM
rau	O
ko	NORM
hành	O
ko	NORM
dá	NORM
ko	NORM
bánh	O

Dị	NORM
mới	O
k	NORM
chịu	O
rượt	O
nữa	O

Còn	O
chú	O
Đạo,	O
t	NORM
thấy	O
bình	O
thường	O

máy	O
sấy	O
sắp	O
hỏng	O
gòy=))	NORM

Của	O
nhật	O
thì	O
toàn	O
đồ	O
ăn	O
với	O
phong	O
cảnh	O
=)))	O
100	O
người	O
chắc	O
dc	NORM
1	O
người	O
có	O
ảnh	O
mặt	O

:))	O
cứ	O
lấy	O
miếng	O
thịt	O
r	NORM
bỏ	O
mỡ	O
ra...	O

haizz	O
suýt	O
nữa	O
thì	O
thấy	O
tương	O
lai	O
tươi	O
sáng	O
roii	NORM

Nó	O
nói	O
đúng	O
còn	O
gì,	O
Làm	NORM
sếp	O
mà	O
ko	NORM
biết	O
thân	O
biêt	NORM
phận,	O
để	O
nhân	O
viên	O
ngta	NORM
phải	O
nhắc	O
=))	O

Tui	O
thích	O
bé	O
này	O
lắm	O
á	O
tr	NORM

zl	O
lướt	O
qua	O
tưởng	O
bạn	O
luon=))))	NORM

Thì	O
lớp	O
ồn	O
thì	O
nhắc	O
hoai	NORM
có	O
j	NORM
đâu:)?	O

“M	NORM
sống	O
sao	O
ko	NORM
có	O
bạn	O
bè	O
nào	O
nghe	O
m	NORM
tâm	O
sự	O
mà	O
m	NORM
hành	O
t	NORM
z?”	NORM

Tập	O
mông	O
kiểu	O
zì	NORM
vậy	O

Hs	NORM
của	O
t	NORM
thì	O
đề	O
bài	O
30	O
câu	O
trắc	O
nghiệm	O

Nhg	NORM
giải	O
thích	O
mà	O
k	NORM
nghe	O
thì	O
sao	O
nhỉ	O

mai	O
mốt	O
lên	O
đi	O
dạo	O
típ	NORM

hồi	O
đó	O
cta	NORM
cũq	NORM
vô	O
chi	NORM
hưởng	O
thái	O
bình	O
=)))	O

Em	O
bé	O
làm	O
nhưng	O
phải	O
ráng	O
giữ	O
sức	O
khỏe	O
nghe	O
chưaaa	NORM

Bột	O
mì	O
bth	NORM
đc	NORM
k	NORM
anh	O

Đôi	O
khi	O
nhắn	O
xog	NORM
vẫn	O
k	NORM
hiểu	O
mình	O
đag	NORM
nói	O
về	O
cái	O
j	NORM
:))	O

Cà	O
phê	O
pha	O
phin	O
thơm	O
ngon,	O
cam	O
kết	O
cf	NORM
sạch	O

Tụi	O
trẻ	O
con	O
giờ	O
đếu	O
học	O
hành	O
gì	O
chỉ	O
suốt	O
ngày	O
tóp	O
tóp,	O
đi	O
trên	O
đg	NORM
thì	O
suốt	O
ngày	O
thấy	O
phóng	O
lợn	O
,	O
haizz	O

lúc	O
đẹp	O
thì	O
kén	O
ck	NORM
tây	O
lúc	O
già	O
xấu	O
bị	O
lừa	O
thì	O
khóc	O
với	O
lóc	O

Trời	O
ơi	O
Triệu	O
Lệ	O
Dĩnh	O
đẹp	O
đê	O
mê,	O
đẹp	O
mún	NORM
hớp	O
hồn	O
toi	NORM

Thôi	O
ăn	O
cứt	O
thay	O
cơm	O
r	NORM

Đòi	O
hoài	O
mà	O
vẫn	O
k	NORM
chịu	O
trả	O

phải	O
cho	O
ngta	NORM
lại	O
tí	O
hi	O
vọng	O
thui	NORM
chắc	O
ngta	NORM
sẽ	O
vui	O
lắm	O

ụ	NORM
é	NORM
có	O
để	O
t	NORM
xem	O
ct	NORM
1	O
cách	O
bt	NORM
đc	NORM
ko	NORM

sin	NORM
lỗi	O
vì	O
bấy	O
lâu	O
nay	O
trách	O
nhầm	O
bé	O
thu	O

nhưng	O
tui	O
thật	O
sự	O
ko	NORM
có	O
hứng	O
thú	O
với	O
mấy	O
ngừi=)))	NORM

K	NORM
ăn	O
dc	NORM
thì	O
thui	NORM
khỏi	O
ăn	O
đỡ	O
bị	O
nói	O
vô	O
duyên	O
như	O
giờ	O

k	NORM
ăn	O
dc	NORM
thì	O
thôi	O
k	NORM
động	O
vào:))	O

quá	O
nà	NORM
tâm	O
huyết	O
lun	NORM

Dzô	NORM
vẽ	O
2	O
cây	O
mã	O
tấu	O
khè	O
giám	O
thị	O
phòng	O
thi	O
liền	O
=)))))))))))	O

mình	O
nghĩ	O
đẹp	O
ớ	NORM
bạn	O
thích	O
là	O
dc	NORM
nhenn	NORM

uống	O
cô	O
ce	O
cô	O
le	O
hong	NORM

Tới	O
bsi	NORM
còn	O
ngạc	O
nhiên	O
lunn	NORM
màaa	NORM

Báo	O
động	O
có	O
trang	O
điểm	O
xong	O
mới	O
chạy	O
ko	NORM
dị	NORM

Toai	NORM
hiền	O
tới	O
mức	O
ngta	NORM
có	O
thể	O
leo	O
lên	O
đầu	O
toai	NORM
chơi	O
sẩy	O
ngựa	O
lọc	NORM
cà	O
nhong	O

no	O
gòi	NORM
mà	O
cứ	O
bắt	O
ănggg	NORM

ai	O
cũng	O
biết	O
t	NORM
dính	O
drama,	O
chỉ	O
t	NORM
là	O
không	O
hề	O
biếc	NORM
chuyện	O
đã	O
mấy	O
tháng	O
rồi	O
mà	O
t	NORM
thì	O
mới	O
biếc	NORM
hum	NORM
qua	O

Z	NORM
là	O
đi	O
thêm	O
1	O
khúc	O
nữa	O

Nên	O
là	O
a	NORM
nào	O
muốn	O
thử	O
thì	O
làm	O
bồ	O
em	O

Tương	O
lai	O
của	O
em	O
ck	NORM
mình	O

Mới	O
có	O
thêm	O
bé	O
à	O
mà	O
tôn	NORM
quá	O

tạ	O
ơn	O
cô	O
dạy	O
Hoá,	O
ko	NORM
thôi	O
thì	O
2	O
tuần	O
trc	NORM
t	NORM
cũng	O
chọc	O
chọc	O
cái	O
thuỷ	O
ngân	O
nnay	O
r	NORM
0	NORM
rỡn	NORM

ủa	O
có	O
gì	O
đâu	O
ta	O
,tim	O
thôi	O
sao	O
nghĩ	O
nhiều	O
zậy	NORM
mấy	O
bạn	O

bộ	O
phải	O
có	O
chức	O
vụ	O
mới	O
nhắc	O
đc	NORM
hả	O
?	O

:)))	O
tự	O
nhiên	O
thấy	O
tội	O
mấy	O
bạn	O
nhỏ	O
nếu	O
t	NORM
đi	O
làm	O
gv	NORM
mầm	O
non	O
:))))	O

vì	O
để	O
ko	NORM
khổ	O
những	O
đứa	O
trẻ	O
:(((	O

Uhm	O
thì	O
kiếm	O
tiền	O
để	O
sống	O
cho	O
thoải	O
mái	O
nhưng	O
nhiều	O
ng	NORM
cứ	O
bị	O
ngược	O
lại	O
ấy	O

Hên	O
quá,	O
mình	O
lương	O
3tr5,	O
mình	O
về	O
đấp	NORM
chăn	O
ngủ	O
khoẻ	O
luôn	O

làm	O
số	O
liệu	O
giả	O
chắc	O
ko	NORM
bị	O
phát	O
hiện	O
đâu	O

Lớp	O
mik	NORM
còn	O
cầm	O
gối	O
ra	O
trường	O
ngủ	O

Trưa	O
nắng	O
t	NORM
mặc	O
đồ	O
nổi	O
cho	O
đỡ	O
nóng	O
mà	O
tụi	O
nó	O
dị	O
nghị	O
dữ	O
lun	NORM
á	O

viec	NORM
tao	O
lam`	NORM
co	NORM
quy'	NORM
du~	NORM
bao?	NORM
ke	NORM

Ăn	O
mãi	O
k	NORM
lên	O
nổi	O
chắc	O
phải	O
snghi	NORM
lại	O
mất	O

m	NORM
cần	O
caid	NORM
này	O
nè	O

Nó	O
củng	NORM
kỉu	NORM
đại	O
khái	O
vậy	O
á	O
nhìu	NORM
lắm	O
chớ	O

Khùm	NORM
qué	NORM
bà	O
ơi	O
hồi	O
xưa	O
tui	O
có	O
4,5	O
bị	O
mẹ	O
dí	O
quánh	NORM
gần	O
chết	O
nè	O

ui	NORM
mới	O
nhìn	O
tưởng	O
đeo	O
bao	O
tay	O

rồi	O
có	O
trend	O
ăn	O
lá	O
xoan	O
ko	NORM

Ank	O
tí	O
ank	NORM
tèo	O
ank	NORM
nào	O
e	NORM
củng	NORM
thík	NORM

giống	O
mũ	O
caosu	NORM
lun:)	NORM

Dễ	O
thương	O
haha	O
mặc	O
dù	O
kg	NORM
hiểu	O
nói	O
gì	O
hết	O

1	O
bộ	O
cỡ	O
500k	O
thôi	O
thì	O
nhân	O
lên	O
cũng	O
hơi	O
bị	O
bộn,	O
lm	NORM
gv	NORM
mà	O
sắm	O
nhiu	NORM
đó	O
là	O
cũng	O
hết	O
lương	O

Măng	O
cụt	O
chín	O
đắt	O
lắm	O
rồi	O
ko	NORM
dám	O
mua	O
về	O
làm	O
trà	O
nữa	O

nhưng	O
nếu	O
ra	O
mắt	O
chắc	O
t	NORM
khỏi	O
ăn	O
thịt	O
luôn	O
vì	O
mới	O
lần	O
đầu	O
mà	O
'bới'	O
thì	O
quá	O
vô	O
duyên	O

Giống	O
trường	O
hợp	O
của	O
t	NORM
thế	O

tháng	O
này	O
lương	O
e	NORM
2tr	O

Mang	O
về	O
ăn	O
đỡ	O
ngại	O
i	NORM

là	O
t	NORM
thì	O
t	NORM
sẽ	O
nhìn,	O
bao	O
h	NORM
thấy	O
miếng	O
t	NORM
muốn	O
ăn	O
thì	O
t	NORM
gắp	O
miếng	O
ý,	O
căn	O
đúng	O
rùi	NORM
gắp	O
chứ	O
ai	O
bới	O
bới,	O
vô	O
duyên	O
thế!	O

b	NORM
nghe	O
thấy	O
nhìn	O
thấy	O
gì	O
chưa	O

hèn	O
nma	NORM
lại	O
hay	O
ăn	O
drama	O
hộ	O
ngkhac	NORM

Bản	O
tính	O
hèn	NORM
lành	O
nên	O
t	NORM
làm	O
gì	O
dám	O
cmt,	O
t	NORM
chỉ	O
lội	O
cmt	O
để	O
haha	O
thôi	O
cho	O
bạn	O
bè	O
khỏi	O
thấy	O

được	O
rùi	O
btran	O
nên	O
suy	O
nghĩ	O
lại	O
việc	O
ôn	O
sat	O
thui	NORM

siu	NORM
phẩm	O
trở	O
lại	O
ròi	NORM
bé	O
ơi	O

hỏi	O
dùm	NORM
thầy	O
hiệu	O
trưởng	O
có	O
lấy	O
đội	O
HK	NORM
z	NORM
mn	NORM

Xoài	NORM
vậy	O
k	NORM
hái	O
thì	O
hơi	O
phí	O
nhaa	NORM

May	O
là	O
em	O
gá	NORM
đi	O
xe	O
điện	O

Cái	O
tới	O
lúc	O
gần	O
giải	O
ngân	O
thấy	O
để	O
hs	NORM
mình	O
vay	O
tới	O
33tr	O

Địt	O
bà	O
sỹ	NORM
ko	NORM
đúng	O
chỗ	O
đi	O
bà	O
tacxi	O
đi	O

đảo	O
này	O
dành	O
cho	O
kui	NORM
ngen	O

Thích	O
so	O
sánh	O
nữa	O
ko	NORM

Thw,	NORM
anh	O
trai	O
gái	O
gì	O
quen	O
hết	O

chuyến	O
đi	O
vào	O
trung	O
tâm	O
í	NORM
nghỹa	NORM

hnao	NORM
đi	O
xem	O
phim	O
này	O

thủ	O
tục	O
k	NORM
thể	O
thíu	NORM
trước	O
khi	O
thi	O
=₫)	O

Ở	O
nhà	O
t	NORM
mà	O
bới	O
đồ	O
ăn	O
lên	O
như	O
thế	O
là	O
anh	O
2	O
bới	O
t	NORM
vào	O
thùng	O
rác	O
luôn	O

Tại	O
dìa	NORM
nó	O
ngon	O
chứ	O
bộ	O

Kiến	O
thức	O
này	O
đã	O
đc	NORM
tiếp	O
thu	O

ngta	NORM
đánh	O
giá	O
nhà	O
ko	NORM
có	O
ng	NORM
dạy	O
:))	O

Xl	NORM
ae	NORM
36	O
đi	O
bác	O

Các	O
bác	O
có	O
biết	O
son	O
nào	O
màu	O
giống	O
3CE	O
needful	O
mà	O
ko	NORM
khô	O
môi,	O
lâu	O
trôi	O
thì	O
mách	O
e	O
vớiiii	NORM
đội	O
ơn	O
các	O
bác	O

lưng	O
t	NORM
kh	NORM
dính	O
vô	O
cái	O
nệm	O
mà	O
là	O
cái	O
nệm	O
dính	O
lấy	O
kaoo	NORM

b	NORM
quá	O
ác	O
độc	O
và	O
zô	NORM
liêm	O
sị	NORM

đợt	O
dô	NORM
bệnh	O
viện	O
đứng	O
trên	O
nhìn	O
xuống,	O
mụ	O
nội	O
nó	O
to	O
dữ	O
lắm,	O
mà	O
kh	NORM
phati	NORM
1	O
con	O
là	O
2	O
3	O
con	O
1	O
lượt	O
lun	O

Đấy,	O
mấy	O
thằng	O
to	O
hơn	O
não	O
nó	O
hành	O
xử	O
như	O
zậy	NORM
đấy	O
=]]]	O

pà	NORM
ui	NORM
thi	O
cử	O
xì	O
chét	O
wa	NORM
thì	O
mình	O
tham	O
khảo	O

Lương	O
mình	O
6tr	O
có	O
lấy	O
vk	NORM
đươc	O
ko	NORM

Thế	O
giới	O
của	O
tớ	O
chỉ	O
có	O
nắng	O
thuiii	NORM

đọc	O
ít	O
thôi	O
kg	NORM
lại	O
mơ	O
mộng	O

Xong	O
t	NORM
mua	O
cái	O
thả	O
7	O
sắc	O
cầu	O
vồng	O
từ	O
tím	O
hồng	O
xanh	O
cho	O
vui	O
mắt	O
sạch	O
sẽ	O

Hic	O
Tương	O
Cầm	O
cụa	NORM
e,	O
mạnh	O
mẽ	O
lên	O
nhé	O

về	O
những	O
hình	O
ảnh	O
trên	O
thì	O
chúng	O
tôi	O
ko	NORM
bùn,	NORM
tôi	O
và	O
a	NORM
ấy	O
ko	NORM
có	O
j	NORM
khác	O
bọt	NORM

mom	O
ơi,	O
thấy	O
ác	O
ghê	O
hông	NORM
tạo	O
thẫn	O
thờ	O
cũng	O
ít	O
có	O
ác	O
kinh	O
@@	O

Rào	O
trước	O
thôi	O
chứ	O
sau	O
từ	O
nhưng	O
thì	O
ko	NORM
bic	NORM

bn	NORM
niềng	O
răng	O
bao	O
lâu	O
rồi	O
mà	O
khuôn	O
răng	O
đẹp	O
dị	NORM

Khộ	NORM
quạ	NORM
vk	NORM
dùng	O
như	O
phá	O

e	NORM
tháy	NORM
Chi	O
Pu	O
hát	O
bài	O
này	O
ổn	O
mà	O
sao	O
m.ng	NORM
cứ	O
chê	O
nhỉ	O

Nghe	O
có	O
vẻ	O
hay	O
đếy	NORM
=)))	O

Lại	O
đc	NORM
bóc	O
lịch	O
:))	O

bik	NORM
làm	O
j	NORM
r	NORM
chứ	O

cây	O
này	O
base	O
hồng	O
k	NORM
có	O
đẹp	O

M	NORM
là	O
cô	O
loe	O
hay	O
cô	O
loa	O

Giỏi	O
quá	O
ngưỡng	O
mộ	O
b	NORM
thật	O

bắp	O
tay	O
vs	NORM
thân	O
trên	O
nhỏ	O
thì	O
đây	O
gọi	O
là	O
đẹp	O
chứ	O
to	O
đâu	O
nhỉ	O

Đợt	O
mình	O
còn	O
là	O
sv	NORM
đi	O
xe	O
trời	O
mưa	O
xong	O
tự	O
nhiên	O
bị	O
ngã	O
dưới	O
bánh	O
xe	O
ô	O
tô	O
của	O
1	O
anh	O
kia,	O
xong	O
anh	O
đấy	O
xuống	O
xe	O
dìu	O
dậy,	O
dắt	O
1	O
mạch	O
xe	O
mình	O
đi	O
sửa	O
xong	O
trả	O
tiền	O
sửa	O
xe,	O
hỏi	O
học	O
trường	O
nào	O
xong	O
còn	O
hỏi	O
rảnh	O
không	O
ngồi	O
tạm	O
cf	NORM
xem	O
người	O
có	O
sao	O
không:)))	O

giải	O
cíu	NORM
bé	O
Thu	O
ik	NORM

t	NORM
thấy	O
nhà	O
m	NORM
dùng	O
nên	O
t	NORM
tag	O
vào	O

Thay	O
vì	O
mua	O
riêng	O
cho	O
mình	O
thì	O
mua	O
nhiều	O
lên	O
cả	O
hai	O
mẹ	O
con	O
ăn	O
chung	O
có	O
phải	O
vui	O
hơn	O
k	NORM

mốt	O
có	O
lấy	O
chồng	O
nước	O
ngoài	O
thì	O
t	NORM
gửi	O
đồ	O
VN	O
qua	O
cho	O

việc	O
gia	O
sư	O
là	O
truyền	O
tải	O
kiến	O
thức	O
nma	NORM
máu	O
đánh	O
ghen	O
trong	O
người	O
không	O
kìm	O
lại	O
đc	NORM
=))	O

Im	O
im	O
....đừng	O
ns	NORM
gì	O
hết...plssss	O

gấp	O
v	NORM
mới	O
ác	O
nè	O
coan	NORM
oi	NORM

Tại	O
sao	O
khi	O
bị	O
chụp	O
hình	O
thì	O
lại	O
bụm	O
bụm	O
cái	O
tay	O
lại,	O
cho	O
đẹp	O
hay	O
sao	O
ta	O
,	O
đứng	O
thẳng	O
người	O
lên	O
ko	NORM
đc	NORM
hay	O
sao	O
ta	O

mông	O
toa	NORM
thử	O
đi	O
ạ	O

Ủa	O
r	NORM
chủ	O
nhà	O
sai	O
ở	O
đâu	O
á	O

Hèn	O
nhma	NORM
vẫn	O
sinh	O
sự	O
nka	NORM
:)))	O

rất	O
chi	O
là	O
giận	O
em	O
nhs	NORM

Ủa	O
mình	O
thấy	O
hay	O
mà	O
sao	O
mn	NORM
cứ	O
chê	O
nhỉ	O

Bạn	O
k	NORM
cần	O
phải	O
tưởng	O
tượng	O
khi	O
cuộc	O
đời	O
bạn	O
đã	O
như	O
1	O
trò	O
hề	O

cũng	O
từng	O
có	O
khoảng	O
tgian	NORM
e	NORM
trách	O
móc	O
bố	O
mẹ	O
vì	O
ko	NORM
hiểu	O
mình,	O
lúc	O
đó	O
ôn	O
thi	O
vào	O
c3,	O
24/7	O
tâm	O
trạng	O
e	NORM
chỉ	O
có	O
cáu	O
gắt,	O
đêm	O
thì	O
nằm	O
ôm	O
gối	O
rồi	O
khóc	O
ko	NORM
thành	O
tiếng	O
vì	O
sợ	O
trượt,	O
tự	O
mình	O
tạo	O
áp	O
lực	O
rồi	O
suy	O
nghĩ	O
linh	O
tinh.	O

Tưởng	O
đâu	O
quay	O
lại	O
phát	O
hiện	O
thằng	O
phía	O
sau	O
khác	O
đề	O
chu	NORM

29t	O
lương	O
cb	NORM
4.528.000	O
vnđ	O

Mòe	NORM
chữa	O
lành	O
tâm	O
hồn	O
gất	NORM
tốt	O

E	NORM
cũng	O
chẳng	O
có	O
được	O
tôi	O
đâu	O

mai	O
mắt	O
mở	O
k	NORM
ra	O
nè	O

ng	NORM
con	O
thiên	O
nhiên	O
kìa	O

đừng	O
hỏi	O
xao	NORM
ko	NORM
có	O
drama	O

T	NORM
quen	O
nhiều	O
đứa	O
để	O
hình	O
bản	O
thân	O
đúng	O
redflag	O
luôn,	O
sống	O
đúng	O
ko	NORM
biết	O
cảm	O
xúc	O
ai,	O
ko	NORM
quan	O
tâm	O
ai	O
xung	O
quanh,	O
quen	O
ny	NORM
mà	O
khi	O
cần	O
thì	O
mới	O
tìm	O
tới,	O
thấy	O
hết	O
cần	O
là	O
lơ	O
kinh	O
khủng	O

câu	O
1	O
hqua	NORM
m	NORM
gửi	O
t	NORM
là	O
đề	O
này	O
hả	O
:))	O

Yêu	O
đúng	O
ng	NORM
,	O
tù	O
bao	O
lâu	O
cũng	O
đc	NORM

hỏng	NORM
tag	O
m	NORM
hỏng	NORM
đc	NORM

nể	O
phục	O
mđ	NORM
học	O
giỏi	O
ghê	O
á	O

mấy	O
giây	O
đọc	O
xong	O
đã	O
nghĩ	O
bài	O
gốc	O
tiếng	O
việt	O
=)))),	O
editor	O
của	O
rvn	O
đều	O
vippro	O
hỉ	NORM

qua	NORM
xung	NORM
đáng	O
chúc	O
em	O
giành	O
thêm	O
hcv	O
cho	O
vn	O

Ai	O
roiif	NORM
cx	NORM
thế	O
thoi	NORM
ạ:((	O

chắc	O
chỉ	O
tui	O
mới	O
vậy	O
hoy	NORM
chớ	NORM
mng	NORM
dễ	O
gì	O

tr	NORM
clm	O
mới	O
chia	O
tay	O
đừng	O
có	O
hiện	O
mấy	O
bài	O
này	O
nữaaaaa	NORM

kiếm	O
tiền	O
đi	O
cái	O
này	O
lè	NORM

Chời	NORM
ơi	O
thấy	O
ghét	O
quáaaaa	NORM

Chắc	O
có	O
mà	O
ngta	NORM
im	O
im	O
á	O
b	NORM
ơi	O

tóm	O
tắt	O
cuộc	O
đời	O
t	NORM
=)))	O

bây	O
h	NORM
cx	NORM
z	NORM
mà	O
tr	NORM

Ai	O
nhắc	O
k	NORM
quan	O
trọng	O

đẹp	O
như	O
ngày	O
mất	O
đúng	O
ko	NORM

hì,	O
bận	O
lỏ	O
đit	NORM
nhưng	O
vẫn	O
có	O
thời	O
gian	O
tưởng	O
tượng	O
ra	O
drama=))	O

Z	NORM
cũng	O
nghĩ	O
ra	O
hay	O
thiệt	O

Khóc	O
sướt	O
mướt	O
xong	O
nt	NORM
hỏi	O
anh	O
có	O
nhớ	O
em	O
không,	O
anh	O
có	O
yêu	O
em	O
không,	O
em	O
nằm	O
mơ	O
thấy	O
anh	O
yêu	O
người	O
khác	O
rồi	O
nghĩ	O
tới	O
ngày	O
anh	O
khó	O
khăn	O
cùng	O
vượt	O
qua	O

Quá	O
đáng	O
lắ	NORM
lun	NORM
áh	NORM
!	O

Thế	O
mà	O
nhà	O
mình	O
chăn	O
gà	O
bán	O
chưa	O
đc	NORM
50k	O
1	O
kg	O

xem	O
phim	O
healing	O
nhưng	O
nó	O
nạ	NORM
nắm	NORM

mở	O
tiệm	O
y	O
zay	NORM
nhé	O

chờ	O
m	NORM
đẻ	O
xong	O
t	NORM
với	O
m	NORM
đi	O
kiếm	O
thêm	O
thu	O
nhập	O

Hồi	O
mẫu	O
giáo	O
t	NORM
chuyển	O
nơi	O
ở	O
nên	O
cũng	O
chuyển	O
trường	O
luôn	O

ai	O
cũng	O
sẽ	O
mập	O
lên	O
thoai	NORM

má	O
ơi,	O
luư	O
thi	O
thi,	O
cảnh	O
điềm	O
vs	NORM
thích	O
vy	O
…	O

Bới	O
là	O
vô	O
duyên	O
thật	O
rồi	O
nha,	O
k	NORM
ăn	O
được	O
thì	O
k	NORM
gắp	O
món	O
đó	O

Nhìn	O
thấy	O
mak	NORM
tuổi	NORM
thân	O
mih	NORM
đi	O
sanh	NORM
chỉ	O
co	NORM
ck	NORM
và	O
gì	NORM
ruột	O

Ae	NORM
đánh	O
đấm	O
giữ	O
khách	O
tí	O
,	O
võ	O
nhà	O
người	O
ta	O
mà	O
ae	NORM
đấm	O
cho	O
không	O
thấy	O
mặt	O
trời	O
thì	O
họ	O
chả	O
bức	O
xúc	O

hết	O
tiền	O
thì	O
lm	NORM
này	O

Ê	O
thật	O
nha	O
xanh	O
lè	O
chả	O
biết	O
là	O
có	O
sạch	O
thật	O
k	NORM

Đây	O
là	O
tôi	O
và	O
ck	NORM
tôi	O
mà	O

Khóc	O
nhiều	O
quá	O
bây	O
h	NORM
ko	NORM
khóc	O
đượt	NORM
nựa	NORM

làm	O
ít	O
gửi	O
c	NORM
kkk	O

h	NORM
sao	O
h	NORM
sợ	O
nhen	NORM

t	NORM
có	O
đổ	O
oan	O
cho	O
m	NORM
ko	NORM

Giờ	O
làm	O
tik	O
tok	O
là	O
vua	O
mọi	O
nghề	O
ko	NORM
còn	O
là	O
IT	O
nữa	O
à?	O

nhìn	O
em	O
trai	O
nhà	O
ngta	NORM
kìa	O

bảo	O
shao	NORM
đen	O
như	O
quỷ	O

Nếu	O
k	NORM
ăn	O
dc	NORM
thì	O
bữa	O
đó	O
nhịn	O
thịt	O
đi	O
thù	NORM
có	O
sao	O
đâu	O

tập	O
ngủ	O
sớm	O
thui	NORM
mình	O
òiii	NORM

đổi	O
chỗ	O
ngủ	O
và	O
bấm	O
đt	NORM

Kiểu	O
chào	O
bạn	O
cùng	O
chung	O
nhà	O
đỏ	O
đúng	O
hk?	NORM
Nhiều	O
bạn	O
dù	O
hk	NORM
biết	O
nhau	O
vẫn	O
chìa	O
tay	O
ra	O
giúp	O
bạn	O
vì	O
biết	O
bạn	O
chung	O
fandom	O

Tr	NORM
quơ	NORM
gọt	O
ra	O
ăn	O
đc	NORM
á	O
bà	O
ui	NORM

lần	O
sau	O
ra	O
mắt	O
nhà	O
ny	NORM
mới	O
để	O
ý	O

tất	O
cả	O
các	O
chị	O
đẹp	O
là	O
của	O
tauuu.	NORM

ly	O
hôn	O
mong	O
bé	O
sẽ	O
đc	NORM
ở	O
với	O
mẹ	O
.	O

Chuột	O
này	O
chắc	O
đấm	O
chít	NORM
con	O
mèo	O

Suỵt	O
shao	NORM
nói	O
to	O
thế	O
trứ	NORM

Có	O
khi	O
nào	O
hồi	O
gớt	NORM
cái	O
đầu	O
ra	O
ko	NORM

mong	O
rằng	O
mỗi	O
vđv	NORM
đạt	O
thành	O
tích	O
cao	O
đều	O
đc	NORM
khích	O
lệ	O
và	O
động	O
viên	O
ntn	O

K	NORM
ăn	O
đc	NORM
no	O
khác	O
k	NORM
thich	NORM
ăn	O
nhé	O

biết	O
vậy	O
ngày	O
này	O
năm	O
ngoái	O
nghe	O
lời	O
khuyên	O
của	O
m	NORM

huhu	O
sáng	O
mắt	O
liền	O
c	NORM
oi	NORM
sợ	O
lm	NORM

h	NORM
ko	NORM
kẹt	O
xe	O
ở	O
ĐBP	O
nữa	O
mà	O
là	O
kẹt	O
xe	O
ở	O
VNG	O
:))))	O

Con	O
giai	NORM
t	NORM
mà	O
bới	O
thì	O
t	NORM
còn	O
chửi	O
chứ	O
đừng	O
nói	O
con	O
gái	O

mới	O
phát	O
giấy	O
tô	O
đáp	O
án	O
thì	O
t	NORM
tô	O
luôn	O
xong	O
ngủ.	O

Chị	O
Tương	O
Cầm	O
ơi	O
về	O
với	O
a	NORM
Trực	O
Thụ	O
đi,	O
cho	O
e	NORM
tìm	O
gỗ	O
đóng	O
thuyền	O
lại	O

thấy	O
như	O
muốn	O
rớt	O
não	O
dùm	NORM

Có	O
ngày	O
khóc	O
có	O
ngày	O
cũng	O
hong	NORM
khóc:))))	O

đúng	O
rùi	NORM
tặng	O
đại	O
đi	O
gì	O
cũng	O
thích	O
hết	O
đừng	O
có	O
hỏi	O
ý	O
kiến	O

Có	O
La	O
Vie	O
ở	O
đây	O
mà	O
lo	O
gì	O
mấy	O
đaaa	NORM

Seo	NORM
nó	O
dữ	O
qa	NORM
mà	O
nhìu	NORM
nguời	NORM
nuoôi	NORM
ghê	O
m	NORM

Ck	NORM
em	O
đỉnh	O
quá	O
deeeee	NORM

Có	O
lẽ	O
phải	O
từ	O
từ	O
r	NORM
chúg	NORM
mk	NORM
sẽ	O
tự	O
nhận	O
ra	O
thoi	NORM

Ai	O
xjnk	NORM
thì	O
vẫn	O
xjnk	NORM
thôi	O

Rớt	O
môn	O
nhớ	O
đk	NORM
học	O
lại	O
sớm	O
nhe,	O
còn	O
ch	NORM
có	O
bằng	O
tin	O
hoặc	O
tiếng	O
anh	O
thì	O
học	O
lại	O
sớm,	O
xem	O
thông	O
báo	O
kỹ,	O
để	O
hông	O
thôi	O
tốt	O
nghiệp	O
trễ	O
giống	O
tuii	NORM

tôi	O
muốn	O
ăn	O
măng	O
cụt	O
chínn	NORM

Thế	O
thì	O
ko	NORM
ăn	O
cho	O
xong	O

giấu	O
kỹ	O
qus	NORM
cả	O
thiên	O
hạ	O
biết	O
r	NORM
nè	O
:))	O

mai	O
vào	O
aeon	O
chuph	NORM
kiểu	O
nek	NORM

đẻ	O
con	O
cho	O
đau	O
l..	NORM

i	NORM
hệt	O
giọng	O
hát	O
hqua	NORM

Tôi	O
kể	O
về	O
người	O
bạn	O
trong	O
tưởng	O
tượng,	O
ngay	O
chiều	O
hôm	O
đó	O
tôi	O
có	O
mặt	O
ở	O
văn	O
phòng	O
bs	NORM
tâm	O
lý	O

Mình	O
còn	O
chưa	O
được	O
nên	O
ko	NORM
dám	O
mong	O
nữa	O
haizzz	O

quá	O
là	O
tuyệt	O
zời	NORM
10	O
điểm	O

ui	O
sợ	O
nhỉ,	O
mình	O
chuyên	O
cắm	O
ko	NORM
rút	O
ra	O
bg	NORM

riêng	O
b	NORM
kiếm	O
cô	O
vợ	O
tháng	O
kiếm	O
2000$	O

T	NORM
lương	O
5	O
triệu	O
đủ	O
trông	O
2	O
bé	O
sgbb	O

1	O
phút	O
bốc	O
đồng,	O
t	NORM
mà	O
là	O
chị	O
kia	O
t	NORM
cho	O
bốc	O
cứt	O
luôn	O

xin	O
lũi	NORM
bản	O
thân	O
gấc	NORM
nhìu	NORM
vì	O
đã	O
đọc	O
trong	O
lúc	O
đang	O
ăn:<	O

E	NORM
cũng	O
chỉ	O
là	O
cô	O
bé	O
thôi	O
buồn	O
là	O
ăn,	O
vui	O
cũng	O
ăn,	O
ngồi	O
k	NORM
cũng	O
ăn,	O
thấy	O
con	O
ăn	O
cũng	O
ăn.	O

Ê	O
thấy	O
ghê	O
quá	O
bảo	O
vệ	O
mấy	O
hộp	O
sữa	O
với	O
xúc	O
xích	O
của	O
t	NORM
dùm	NORM
nhaa	NORM

người	O
ta	O
bảo	O
hạnh	O
phúc	O
là	O
sẽ	O
tròn	O
trịa	O
ra	O
nhe	O
hơm	NORM

Ê	O
nhưng	O
mà	O
lên	O
xe	O
bus	O
ở	O
Nhật	O
mà	O
ko	NORM
biết	O
tý	O
kiến	O
thức	O
gì	O
về	O
việc	O
bắt	O
xe	O
bus	O
là	O
1	O
điều	O
ko	NORM
nên	O
làm	O
đâu	O
nhé	O
mọi	O
ngừi	NORM
ơi	O

k	NORM
ăn	O
dc	NORM
cũng	O
k	NORM
dc	NORM
lựa	O
bé	O
ạ	O

cũn	NORM
thíu	NORM
0,1	O
mà	O
lạ	O
v..	NORM

tham	O
khảo	O
ngay	O
e	NORM
nha	O

Vvi	NORM
êm	NORM
xoaang	NORM
,	O
Vvi	NORM
êm	NORM
mũi	O
cả	O
nhà	O
lb	O
anh	O
để	O
chữa	O
trị	O
dứt	O
điểm	O
bện,,h	NORM
nhé	O

Kịch	O
bản	O
ko	NORM
đảm	O
bảo	O

Anh	O
chị	O
lấy	O
nhau	O
bn	NORM
năm	O
rồi	O
ạ?	O

tr	NORM
ơi	O
đã	O
bị	O
nha	O

Đi	O
qsu	NORM
xong	O
mới	O
đoc	NORM
được	O
bài	O
viết	O
này	O

năm	O
sau	O
tôi	O
hát	O
cho	O
mí	NORM
cậu	O
nghe	O
nhé	O

Sinh	O
nhật	O
mấy	O
con	O
bạn	O
tới	O
công	O
chiện	NORM
zí	NORM
kao	NORM

để	O
thg	NORM
xe	O
đạp	O
khóc	O
nghe	O
thương	O
tâm	O
thế	O

bình	O
tĩnh	O
kiềm	O
chế	O
c	NORM
nhé	O

để	O
tui	O
vẽ	O
chưng	NORM
mài	NORM
choa	NORM

hên	O
là	O
pà	NORM
hong	NORM
vậy	O
á	O

mày	O
đó,	O
vào	O
tù	O
đi	O
khỏi	O
than	O
chi	O
cho	O
mệc	NORM

Tất	O
cả	O
là	O
do	O
ny	NORM
của	O
em	O
nhé,	O
e	NORM
k	NORM
có	O
lỗi	O
gì	O
ở	O
đây	O
cả,	O
nên	O
a	NORM
vote	O
chiatay	NORM
cho	O
đỡ	O
phải	O
2	O
bên	O
phải	O
suy	O
nghĩ	O
thêm	O

hai	O
đứa	O
mình	O
khi	O
thấy	O
chó	O
moè	NORM
y	O
hệt	O
vậy	O
:))	O

bởi	O
yêu	O
thôi	O
chứ	O
nói	O
yêu	O
mãi	O
mãi	O
đến	O
cái	O
chết	O
chia	O
lìa	O
đôi	O
ta	O
là	O
xạo	O
đía	NORM
=)))	O

nghe	O
nói	O
c	NORM
Mĩ	O
thích	O
kimbap	O

có	O
rớt	O
thì	O
t	NORM
tài	O
trợ	O
trà	O
chanh	O
cho	O
pán	NORM

hom	NORM
trước	O
đang	O
đêm	O
đọc	O
đc	NORM
này	O
mà	O
cừoi	NORM
như	O
bị	O
quỉ	NORM
nhập	O
á	O
chòi	NORM
=)))))	O

trổ	O
pónk	NORM
trên	O
sóng	O
truyền	O
hình	O
=))))	O

bạn	O
mình	O
bị	O
ồi,	NORM
nhờ	O
CA	NORM
thì	O
phải	O
chung	O
nhìu	NORM
tiền.	O

Cá	O
biển,	O
cá	O
sông,	O
cá	O
gai,	O
cá	O
k	NORM
gai,	O
cá	O
gai	O
bự,	O
cá	O
k	NORM
gai	O
k	NORM
bự,	O
cá	O
có	O
vảy,	O
cá	O
da	O
trơn	O

thì	O
ra	O
đây	O
là	O
lí	O
do	O
bsi	NORM
tập	O
tạ..	O

Like	O
vs	NORM
chỉ	O
biết	O
ước	O

Thế	O
là	O
hôm	O
thi	O
hoá	O
t	NORM
bị	O
ốm	O

K	NORM
trả	O
mùng	O
1	O
t	NORM
đòi	O
:))	O

Hình	O
mẹ	O
tao,	O
đc	NORM
chưa	O

Lịch	O
sự	O
thì	O
nên	O
dùng	O
muỗng	O
xắn	O
mở	NORM
với	O
thịt	O
ra	O
r	NORM
gắp	O
phần	O
thịt	O
ăn	O
chứ	O
s	NORM
lại	O
bới	O
đồ	O
ăn,	O
ko	NORM
thì	O
gắp	O
cả	O
vào	O
chén	O
dùng	O
đũa	O
tách	O
riêng	O
2	O
phần	O
xong	O
gắp	O
phần	O
mỡ	O
đưa	O
ng	NORM
yêu	O
ăn	O
dùm	NORM
là	O
đc	NORM
thôi,	O
bới	O
trong	O
tô	O
ngta	NORM
chả	O
nói	O
cho	O
:))))	O

Ơ	O
sao	O
t	NORM
thấy	O
bình	O
thường	O
nhỉ	O

iu	NORM
mẹ	O
nhứt	NORM
cuộc	O
đời	O

bỏ	O
học	O
lấy	O
ck	NORM
th	NORM

các	O
con	O
k	NORM
ăn	O
dk	NORM
chua	O
để	O
cô	O

Chả	O
là	O
t	NORM
đag	NORM
dạy	O
dỗ	O
những	O
a	NORM
ck	NORM
tương	O
lai	O

Nhìn	O
giống	O
ck	NORM
iu	NORM
Trần	O
Hiểu	O
quá	O
z	NORM
=)))	O

thấy	O
bài	O
này	O
là	O
phải	O
tag	O
dzô	NORM
liền	O

rồi	O
là	O
lành	O
zữ	NORM
chưaaaa	NORM

Có	O
tướng	O
phu	O
thê	O
hè	NORM

Do	O
kịch	O
bản	O
làm	O
ko	NORM
đến	O
nơi	O
đến	O
chốn	O
thôi	O

tín	O
hiệu	O
dề	NORM
lấy	O
chồng	O
chứ	O
thi	O
cử	O
gì	O
tầm	O
này	O
:)))	O

có	O
mời	O
cưới	O
nhớ	O
dắt	O
t	NORM
vô	O
chỗ	O
ngồi	O
đàng	O
hoàng	O
nha	O

thanku	O
đã	O
cho	O
tôi	O
trải	O
lòng	O
dù	O
mn	NORM
k	NORM
đọc	O
tn	NORM

Chắc	O
tại	O
Amber	O
sợ	O
mn	NORM
k	NORM
nhận	O
ra	O
CP	O
đang	O
lên	O
nốt	O
cao	O
nên	O
mới	O
nhanh	O
trí	O
hú	O
phụ	O
đó	O
=))	O

cảm	O
giác	O
đùng	O
một	O
phát	O
cái	O
mình	O
bể	O
póngg	NORM
nó	O
vi	O
diệu	O
lắm	O
luonn,	NORM
trước	O
đó	O
tự	O
nghĩ	O
rằng	O
mình	O
thẳng	O
dữ	O
lắm	O
nhưng	O
mà	O
từ	O
lúc	O
gặp	O
em	O
cái	O
nó	O
quẹo	O
ngang	O
cái	O
một	O
gòyy	NORM

Giống	O
nhà	O
tui	O
quá	O
được	O
cả	O
ck	NORM
cả	O
vk	NORM
tặng	O
cân	O
vù	O
vù	O

Được	O
r	NORM
t	NORM
bắt	O
đầu	O
đây	O

Thấy	O
bà	O
vợ	O
ra	O
combat	O
trc	NORM
thì	O
cả	O
2	O
cho	O
đi	O
luoin	NORM
chứ	O
để	O
ra	O
ngoài	O
xã	O
hội	O
lại	O
khổ	O
ng	NORM
khác	O

màu	O
này	O
là	O
màu	O
cf	NORM
sữa,	O
chưa	O
tới	O
màu	O
bạc	O
sỉuuu	NORM

hình	O
như	O
là	O
bà	O
đoá	NORM
bà	O

:))	O
chắc	O
ny	NORM
thầy	O
ah?	NORM

Tây	O
này	O
chắc	O
là	O
tây	O
du	O
kí	O
roài	NORM

Người	O
nghèo	O
nhưng	O
hướng	O
nội:	O
muốn	O
shin	NORM
tiền	O
mua	O
dt	NORM
mới	O
nhưng	O
ko	NORM
dám	O
nói	O
thẳng	O
mà	O
chỉ	O
dám	O
giả	O
vờ	O
vô	O
tình	O
nhắc	O
đến	O

Món	O
này	O
có	O
ngon	O
k	NORM
mà	O
đua	O
nhau	O
ăn	O
vậy	O
mn	NORM

đọc	O
cái	O
này	O
thặc	NORM
là	O
thảm	O
khốc	O

Sau	O
khi	O
lấy	O
nhau	O
anh	O
vẫn	O
gọi	O
em	O
là	O
em	O
bé	O
quả	O
này	O
không	O
phải	O
bé	O
cái	O
mồm	O
nữa	O
mà	O
là	O
em	O
bé	O
thật,	O
em	O
bé	O
dành	O
ăn	O
vs	NORM
con	O

Công	O
việc	O
quan	O
trọng	O
hơn,	O
ck	NORM
gì	O
kiểu	O
đấy	O

:))))	O
giờ	O
k	NORM
đọc	O
đc	NORM
cái	O
truyện	O
này	O
1	O
cách	O
bth	NORM
đc	NORM
nữa	O
r	NORM

ko	NORM
biết	O
có	O
phải	O
ngoan	O
quá	O
ko	NORM
hay	O
bme	NORM
hiền	O
nên	O
từ	O
lúc	O
nhận	O
thức	O
được	O
đến	O
giờ	O
chưa	O
bao	O
giờ	O
bị	O
tẩn	O
hết	O
á	O

cả	O
2	O
chui	O
vào	O
ấy	O
rồi	O
ai	O
là	O
ng	NORM
cầm	O
đt	NORM
chụp	O
vậy	O

Mình	O
cũng	O
từng	O
gặp	O
trường	O
hợp	O
sếp	O
với	O
nvien	NORM
như	O
này	O
rồi	O
nhỉ	O
=))	O

chính	O
là	O
con	O
mẹ	O
lày	NORM

Ủa	O
đang	O
đọc	O
cái	O
post	O
gốc	O
hết	O
sức	O
đáng	O
iêu	NORM
mà	O
coi	O
phản	O
hồi	O
trên	O
Reddit	O
nghi	O
ngờ	O
nhân	O
sinh	O
zậy	NORM

Chẳng	O
hiểu	O
sao	O
clip	O
trên	O
Mango	O
ko	NORM
thấy	O
bài	O
này	O
nữa	O

cx	NORM
2	O
lần	O
r	NORM
đấy	O
ô	NORM
cháu	O

Đòi	O
nha,	O
mắc	O
qq	NORM
chi	O
đi	O
đòi	O
tiền	O
mình	O
mà	O
ngại	O
vậy	O

Ra	O
ngồi	O
chung	O
vs	NORM
bạn	O
luôn:)))	O

Tới	O
tháng	O
nhận	O
lươg	NORM
3tr	O

nhưng	O
mà	O
bả	O
dần	O
bận	O
với	O
bài	O
học	O
trên	O
đại	O
học	O
hơn,	O
tui	O
cũng	O
nhận	O
ra	O
là	O
bả	O
cũng	O
không	O
nghĩ	O
tui	O
thân	O
thiết	O
gì	O
lắm,	O
mà	O
hồi	O
đó	O
tui	O
trẻ	O
trâu	O
nên	O
tui	O
giận	O
vl	O
cái	O
tui	O
unfriend	O
biến	O
khỏi	O
cuộc	O
đời	O
bả	O
lun,	NORM
nghĩ	O
lại	O
giờ	O
cũng	O
hối	O
hận	O
thiệt	NORM

em	O
mình	O
thích	O
chụp	O
ở	O
mấy	O
store	O
hiệu	O
cho	O
trông	O
giàu	O
k	NORM

tui	O
thấy	O
tui	O
với	O
bà	O
nói	O
chiện	NORM
hợp	O
ghê	O
á,	O
rồi	O
đi	O
chơi	O
là	O
hẹn	O
từ	O
năm	O
nào	O
z	NORM
bà?	O

ê	O
tự	O
dưng	O
skince	O
xong	O
mới	O
nhớ	O
ra	O
phải	O
khox’	NORM

có	O
bóng	O
dáng	O
sau	O
an	O
sương	O
ko	NORM
em	O

Xuống	O
nằm	O
cười	O
khà	O
khà	O
chung	O
cho	O
dui	NORM
đi	O
nè	O
cả	O
nhà	O
ơiii	NORM

dễ	O
quá	O
z	NORM
lại	O
để	O
khi	O
nào	O
thử	O
=))))	O

có	O
lần	O
t	NORM
lấy	O
xuống	O
lau	O
bụi	O
mở	O
ra	O
tình	O
cờ	O
lật	O
ra	O
sau	O
xem	O
thử	O
thì	O
thấy	O
nét	O
chữ	O
mẹ	O
t	NORM
note	O
đằng	O
sau	O
"eo	O
ơi	O
nhìn	O
xấu	O
khủng	O
khiếp	O

có	O
những	O
đứa	O
siêng	O
đc	NORM
3	O
ngày	O
đầu,	O
sau	O
đó	O
có	O
hôm	O
xuống	O
tập	O
td	NORM
còn	O
k	NORM
đánh	O
răng	O
:)))	O

À	O
tất	O
nhiên	O
là	O
cột	O
lỏng	O
lỏng	O
chứ	O
không	O
phải	O
thắt	O
cổ	O
nhoa	NORM

t	NORM
phải	O
share	O
10	O
lần	O
cái	O
lật	O
mặt	O
meme	O
này	O
:))	O

sắp	O
được	O
cười	O
như	O
này	O
rùi,	NORM
cố	O
lên	O

tối	O
dìa	NORM
làm	O
z	NORM
cho	O
e	NORM
đi	O

Nhiều	O
lúc	O
mình	O
cũng	O
khuyên	O
ổng	O
lắm	O
mà	O
quyết	O
định	O
của	O
ngta	NORM
rồi	O
khó	O
mà	O
xoay	O
chuyển	O
được,	O
giờ	O
ổng	O
27	O
và	O
đã	O
mua	O
được	O
một	O
cái	O
xe	O
mới	O
và	O
đã	O
đủ	O
tiền	O
mua	O
một	O
căn	O
nhà	O
rồi	O
í	NORM
nên	O
tui	O
cũng	O
thật	O
lòng	O
mong	O
ổng	O
luôn	O
khoẻ	O
mạnh	O
để	O
hưởng	O
thụ	O
thành	O
quả	O
của	O
ổng	O
vì	O
ổng	O
đã	O
quá	O
vất	O
vả	O
rồi	O

Em	O
sẽ	O
dc	NORM
ăn	O
cá	O
mãn	O
đời	O
mãn	O
kiếp	O

rõ	O
là	O
chủ	O
nhà	O
lừa	O
ngta	NORM
trc	NORM
mà=))	O

mẹ	O
ko	NORM
cho	O
Bush	O
ăn	O
nữa	O
nhé	O
!	O

Hội	O
viên	O
cứng	O
của	O
những	O
người	O
hèng	NORM
=))	O

ý	O
là	O
cx	NORM
quen	O
r	NORM
đi	O
ha	O

Bây	O
h	NORM
trải	O
qua	O
nhiều	O
chuyện	O
đôi	O
mắt	O
ấy	O
đượm	O
buồn	O
hơn	O
rồi	O
nhưng	O
vẫn	O
rất	O
sáng,	O
nhan	O
sắc	O
cũng	O
quyến	O
rũ,	O
mặn	O
mà	O
hơn	O

vậy	O
nên	O
khum	NORM
được	O
sầu	O
nua	NORM

ko	NORM
sao,	O
ko	NORM
ăn	O
được	O
thì	O
hít	O
tạm	O
:))	O

Bởi	O
mình	O
vẫn	O
hay	O
nói	O
sức	O
khỏe	O
là	O
quan	O
trọng	O
nhất,	O
và	O
cái	O
này	O
ko	NORM
phải	O
mình	O
khuyên	O
cửa	O
miệng	O
cho	O
có	O
thôi	O
đâu.	O

Tao	O
thích	O
là	O
tao	O
ăn	O
chơ	NORM
nhường	O
gì	O
cho	O
con	O
kkkk	O

ko	NORM
biết	O
mình	O
có	O
đi	O
sau	O
thời	O
đại	O
quá	O
ko	NORM
nhỉ?	O
:))	O

đâu	O
phải	O
tự	O
nhiên	O
mà	O
đi	O
ăn	O
với	O
Gucci	O
đc	NORM

Tao	O
thì	O
tao	O
ko	NORM
bênh	O
ai	O
nhưng	O
ai	O
thắng	O
tao	O
theo	O
người	O
đó	O
=))	O

hc	NORM
xong	O
làm	O
nhân	O
viên	O
văn	O
phòng	O
máy	O
lạnh	O
mát	O
mẻ	O
lắm	O
nha	O

Ngô	O
Thiến	O
trong	O
bài	O
này	O
thấy	O
hơi	O
chìm	O
,	O
có	O
đoạn	O
trợn	O
mắt	O
giống	O
bài	O
trc	NORM
ấy,	O
nhìn	O
lố	O
lố	O

Trộm	O
vía,	O
cái	O
lật	O
mặt	O
meme	O
này	O
troll	O
hơi	O
bị	O
nhiều	O
đứa	O
b	NORM
mắc	O
dịch	O
á	O

Chuỵn	NORM
nài	NORM
t	NORM
nghe	O
kể	O
r	NORM

Thành	O
Đô	O
thật	O
thú	O
zị	NORM

cuối	O
tuần	O
e	NORM
đưa	O
đi	O
mấy	O
shop	O
cho	O
mà	O
chụp:))))	O

Hông	O
phải	O
do	O
chứng	NORM
cá	O
giống	O
cục	O
cứt	O
đâu,	O
mà	O
do	O
hôm	O
đó	O
ngày	O
rằm	O
bé	O
Thu	O
ăn	O
chay	O
á	O

mỗi	O
cái	O
ảnh	O
mà	O
t	NORM
mắc	O
cừi	NORM
zl	O
đhs	O

hồi	O
nhỏ	O
đo	O
mãi	O
k	NORM
thấy	O
nhiệt	O
kế	O
lên,	O
t	NORM
lấy	O
bật	O
lửa,	O
bật	O
dưới	O
đầu	O
nhiệt	O
kế	O
và	O
nó	O
vỡ:)),	O
thấy	O
mấy	O
giọt	O
như	O
viên	O
bi	O
cũn	NORM
hay	O
hay,	O
may	O
mà	O
mẹ	O
t	NORM
ngăn	O
kịp	O

dòng	O
son	O
kem	O
mac	O
nha	O
các	O
c,	NORM
vừa	O
mướt	O
vừa	O
xinh	O

thấy	O
có	O
anh	O
zai	NORM
cứ	O
bôi	O
mặt	O
thật	O
đen	O
thật	O
xấu	O
nối	O
hai	O
cái	O
lông	O
mày	O
lại	O
vs	NORM
nhau	O
nốt	O
ruồi	O
tàn	O
nhang	O
ng	NORM
thì	O
hôi	O
hôi	O
rồi	O
diễn	O
trò	O
kiểu	O
yêu	O
gái	O
xinh	O
nhưng	O
ngta	NORM
k	NORM
thích	O
còn	O
ăn	O
chửi.	O

Bạn	O
có	O
5’	O
đến	O
xl	NORM
tôi	O
qua	O
stk	NORM
tôi	O
đã	O
gửi.	O

Khóc	O
dùm	NORM
ng	NORM
đang	O
đc	NORM
phẫu	O
thuật	O
á	O
:<	O

ăn	O
cái	O
ni	O
được	O
k	NORM

Cái	NORM
mặt	O
này	O
k	NORM
thể	O
nào	O
làm	O
thanh	O
niên	O
nghiêm	O
túc	O
đc	NORM

con	O
pé	NORM
hàng	O
xóm	O
nhà	O
tui	O
cũng	O
thế	O
=))))	O

củm	NORM
ưn	NORM
các	O
bạn	O
đã	O
hưởng	O
ứng	O
hình	O
của	O
mình	O

mai	O
đi	O
thi	O
đừng	O
nhầm	O
b	NORM
nhé	O
=)))))))	O

Bữa	O
t	NORM
nghĩ	O
đây	O
là	O
cao	O
tốc	O
bắc	O
nam	O
ai	O
zè	NORM
là	O
tàu	O
điện	O

Còn	O
việc	O
có	O
nên	O
trang	O
điểm	O
hay	O
ko	NORM
thì	O
tùy	O
vào	O
sự	O
iu	NORM
thích	O
của	O
mỗi	O
ng.	NORM

Ny	NORM
mình	O
đang	O
học	O
lớp	O
11	O
đúng	O
khum	NORM
ạ	O
:)))))	O

cả	O
đời	O
sợ	O
chó	O
là	O
vì	O
v	NORM

guốc	O
t	NORM
cũng	O
mòn	O
hết	O
đế	O
r	NORM
chúng	O
pạnnnn	NORM

á	O
chĩu	NORM
với	O
cái	O
sự	O
dễ	O
thương	O
này	O

Vô	O
duyên	O
mà	O
đóng	O
vai	O
nạn	O
nhân	O
z	NORM
má	O

Món	O
này	O
ngon	O
k	NORM
mn,	NORM
chưa	O
ăn	O
bao	O
giờ	O

Tranh	O
chồng	O
mệc	NORM
wa	NORM
thậc	NORM
sự	O
=)))))))	O

bựa	NORM
m	NORM
kể	O
t	NORM
chi	O
hè=))	O

r	NORM
là	O
tide	NORM
pink	NORM
dữ	O
chưa	O

Sợ	O
chó	O
sợ	O
mèo	O
thì	O
nuôi	O
em	O
này	O
cho	O
dui	NORM
nhà	O
dui	NORM
cửa	O
dui	NORM
ktx	O

k	NORM
giống	O
1	O
cặp	O
j	NORM
hết	O

Hâhhhaah,	O
có	O
lý,	O
giờ	O
cứ	O
ráng	O
kiếm	O
thật	O
nhiều	O
tiền	O
đi	O
,	O
bằng	O
mọi	O
cách	O
bằng	O
mọi	O
giá	O
kiểu	O
gì	O
ko	NORM
có	O
phi	O
công	O
thật	O
là	O
trẻ	O
iu	NORM
mình	O

a	NORM
bộ	O
đội	O
chở	O
con	O
chó	O
trong	O
giỏ	O
xe	O
đung	NORM
hk	NORM
nè	O

đừng	O
giành	O
ăn	O
của	O
con	O
e	NORM
nhé	O

Mong	O
sẽ	O
đc	NORM
giải	O
cao	O
nhất	O

năm	O
ấy	O
thi	O
TN	NORM
môn	O
văn	O
t	NORM
vác	O
máy	O
tính	O
đi	O

Quân	O
thua	O
tướng	O
thik	NORM
solo	O
thì	O
chiến	O
luôn	O
cho	O
thua	O
toàn	O
tập	O
luôn	O
đi	O

thôi	O
dẹp	O
moẹ	NORM
đi,	O
tâm	O
con	O
tốt	O
nhưng	O
miệng	O
con	O
nghiệp	O
=)))))	O

Tưởng	O
đang	O
ở	O
suối	O
nước	O
nóng	O
k	NORM
ă	NORM
tr	NORM

coi	O
tấm	O
cuối	O
đtrai	NORM
quá	O
học	O
bá	O

Rủ	O
bb	NORM
đi	O
chơi	O
mà	O
chả	O
đứa	O
nào	O
đi	O
thì	O
cũng	O
thế	O
r	NORM

Rút	O
kinh	O
nghiệm	O
là	O
phải	O
đánh	O
k	NORM
cho	O
nó	O
có	O
cơ	O
hội	O
tính	O
điểm	O

Chứng	O
tỏ	O
bao	O
lâu	O
k	NORM
mở	O
tủ	O
??	O

2k6	O
của	O
tụi	O
mik	NORM
là	O
năm	O
cuối	O
đc	NORM
học	O
ctrình	NORM
cũ	O

Ủa	O
trung	O
niên	O
ko	NORM
được	O
iu	NORM
đương	O
lãng	O
mạn	O
à	O

Hồi	O
trước	O
cũng	O
bị	O
gãy	O
xương	O
quai	O
xanh	O
xong	O
bị	O
gắn	O
ốc,	O
lúc	O
tháo	O
ra	O
bsi	NORM
vặn	O
nghe	O
rột	O
rột	O
ớn	O
lắm	O
=)))	O

thế	O
mà	O
khum	NORM
nghĩ	O
ra	O
taaa	NORM

nè	O
cái	O
này	O
hay	O
hơn	O
mấy	O
truyện	O
m	NORM
gt	NORM
t	NORM
đọc	O
á	O

Cái	O
a	NORM
dz	NORM
hơn	O
a	NORM
dz	NORM
đi	O
qua=)	O

e	NORM
đã	O
nỗ	O
lực	O
nhiều	O
đây	O
là	O
thành	O
quả	O
xứng	O
đáng	O
với	O
em!!!	O

cho	O
mik	NORM
sắp	O
tới	O
tặng	O
sn	NORM
mấy	O
bạn	O
món	O
này	O
nha:))	O

Thích	O
cái	O
nét	O
trưởng	O
thành	O
quáaaa	NORM

má	O
nó	O
hài	O
dữ	O
bay	NORM

ai	O
r	NORM
cũng	O
ly	O
hôn	O
thôi	O

Chỉ	O
cần	O
ngồi	O
quán	O
cf	NORM
rồi	O
chuyển	O
cho	O
nó	O
150tr	O
thò	O
đc	NORM
chức	O
trưởng	O
phòng	O
nha	O
,	O
mà	O
trưởng	O
phòng	O
của	O
bọn	O
đa	O
cấp	O

mấy	O
con	O
cá	O
gu	O
tuôi	NORM
:)))	O

Hết	O
hồn	O
chưa	O
bà	O
dà	NORM

ny	NORM
c	NORM
nay	O
mới	O
học	O
lớp	O
9	O
à	O

Bạn	O
rất	O
giống	O
tôi,	O
năm	O
19	O
tuổi	O
tôi	O
cũng	O
rất	O
tham	O
vong,	NORM
tíh	NORM
toán	O
với	O
nguồn	O
tài	O
chính	O
của	O
mình	O

khả	O
năng	O
kịch	O
bản	O
của	O
e	NORM
còn	O
sâu	O
lắm	O

Cho	O
mình	O
hỏi	O
ngoài	O
bài	O
viết	O
trên	O
báo	O
chí	O
với	O
trang	O
tin	O
ra	O
thì	O
đọc	O
tin	O
công	O
bố	O
của	O
Gucci	O
ở	O
đâu	O
vậynhir?	NORM

Bạn	O
nữ	O
bị	O
oánh	O
xong	O
nghĩ	O
chỉ	O
tiếc	O
là	O
mình	O
ko	NORM
chạy	O
container	O
may	O
là	O
xe	O
điện	O
chứ	O
phải	O
cái	O
xe	O
tải	O
đi	O
trc	NORM
nó	O
tông	O
vào	O
thì	O
cả	O
nhà	O
ra	O
đấy	O
mà	O
hốt	O
xác	O
về	O

sắp	O
tới	O
sn	NORM
mình	O
r	NORM
bạn	O

chắc	O
haidilao	O
k	NORM
đông	O
đâu	O

Chả	O
khác	O
mấy	O
với	O
những	O
người	O
lớn/trung	O
niên	O
áp	O
đặt	O
trẻ	O
con/người	O
trẻ	O
phải	O
thế	O
này	O
thế	O
nọ,	O
ko	NORM
vừa	O
mắt	O
họ	O
tí	O
là	O
bị	O
chửi	O
trên	O
đầu	O
chửi	O
xuống.	O

họa	O
sĩ	O
vẽ	O
chụt	NORM
lang	O

bé	O
chứ	O
còn	O
ai	O
nựa	NORM
ạ,	O
bé	O
phải	O
lưu	O
dìa	NORM
mí	NORM
gửi	O
ó.	NORM

Ăn	O
lương	O
Nhà	O
nước	O
thì	O
chỉ	O
thế	O
thôi	O
chứ	O
ai	O
mà	O
k	NORM
muốn	O
nhiều	O
tiền	O

nghe	O
ns	NORM
bạn	O
sợ	O
rớt	O
môn	O

đọc	O
nè	O
òi	NORM
tụi	O
mình	O
phải	O
chăm	O
sóc	O
sức	O
khoẻ	O
nhìu	NORM
hơn	O
khum	NORM
có	O
được	O
để	O
bản	O
thân	O
bị	O
overworking	O

Sẵn	O
sàng	O
cho	O
t	NORM
mượn	O
từng	O
đồng	O
để	O
xây	O
nhà	O

tuyệt	O
dzời	NORM
quá	O
chừng	O
luôn	O
:))))	O

nha	NORM
tu	NORM
hinh	NORM
trai	NORM
tim	O
=)))	O

khi	O
vui	O
thì	O
vỗ	O
tay	O
vào	O
khi	O
có	O
chuyện	O
buồn	O
k	NORM
nuốt	O
đx	NORM
vào	O
trong	O
mà	O
chia	O
sẻ	O
thì	O
80%	O
sẽ	O
cười	O
hả	O
hê.	O

dạo	O
này	O
mình	O
mơi	NORM
dạy,	O
khó	O
khăn	O
hơn	O
mình	O
nghĩ	O
và	O
cũng	O
thấy	O
khá	O
là	O
thú	O
vị	O
hehe	O
(có	O
55k	O
thôi	O
nhưng	O
cũng	O
dc	NORM
ròi)	NORM

Thiệt	O
chứ	O
ăn	O
cái	O
món	O
j	NORM
nghiệt	O
quá	O
hong	NORM
biết	O

Thế	O
là	O
vẫn	O
dc	NORM
lấy	O
vợ	O
chứ	O
k	NORM
phải	O
độc	O
thân	O
như	O
mấy	O
bạn	O
lương	O
10tr	O

đi	O
bắn	O
mắt	O
cận	O
rồi	O
bắn	O
sún	NORM
nke	NORM

Chắc	O
người	O
yêu	O
em	O
đang	O
học	O
lớp	O
mụt	NORM
rồiiiii	NORM

ngày	O
trước	O
có	O
học	O
trường	O
này	O
k	NORM
vậy	O

giống	O
quần	O
hnay	NORM
mặc	O
z	NORM
:))	O

dẫn	O
tráu	NORM
tới	O
đây	O
cho	O
2	O
ngày	O
k	NORM
còn	O
quả	O
nào	O
luôn	O

nguyên	O
tổ	O
lun	NORM
chứ	O
đou	NORM
phải	O
thk	NORM
ngồi	O
kế	O
bên	O
:')	O

dắt	O
con	O
sang	O
đường	O
mà	O
k	NORM
cầm	O
tay	O
con	O
chịu	O
chết	O

t	NORM
là	O
fan	O
của	O
viên	O
thả	O

Tận	O
10	O
anh	O
ck	NORM
alime	O

Ủa	O
ai	O
mượn	O
dô	NORM
chi	O
zậy	NORM
mắ	NORM
đã	O
ngại	O
ng	NORM
lạ	O
r	NORM

ng	NORM
ta	O
nuôi	O
con	O
chuột	O
này	O
thật	O
mà	O

a	NORM
làm	O
sếp	O
thì	O
cũng	O
cần	O
phải	O
tôn	O
trọng	O
không	O
gian	O
và	O
thời	O
gian	O
của	O
nhân	O
viên	O
chứ!	O

Xin	NORM
chia	O
buồn	O
với	O
tai	NORM
xe	NORM
xe	O
ben	O

Này	O
chắc	O
tới	O
già	O
chưa	O
lấy	O
đc	NORM
chồng	O
qué.	NORM

Dung	O
Cao	O
tèo	O
téo	O
teo	O
idol	O
một	O
thời	O
của	O
chún	NORM
ta	O

Càng	O
ngày	O
càng	O
xinh	O
á	O
trời	O
quoiiii,	NORM
chị	O
đẹpppppp	NORM

Ko	NORM
dou,	NORM
chỉ	O
có	O
4	O
đỉm	NORM
hoi	O

k	NORM
vội	O
k	NORM
vội	O
theo	O
kịch	O
bản	O
ny	NORM
đang	O
học	O
cấp	O
3	O

Ngọc	O
trãi	NORM
qua	O
mài	O
dũa	O
mới	O
sáng	O
chứ	O
đâu	O
tự	O
nhiên	O
sáng	O
liền	O

Tui	O
éo	NORM
nhớ	O
luôn	O
trời	O
ôi.	NORM

chị	O
toy	NORM
khi	O
vẩy	O
mồ	O
hôi,	O
vẩy	O
xong	O
chị	O
toy	NORM
tiền	O
đình,	O
đau	O
tim	O

Đúng	O
là	O
k	NORM
có	O
tình	O
yêu	O
nào	O
chiến	O
thắng	O
được	O
thời	O
gian	O
và	O
khoảng	O
cách	O
cả	O

hè	O
rùi	NORM
khỏi	O
hát	O
nhé	O
ng	NORM
ae	NORM

giữa	O
đường	O
cũng	O
dừng	O
lại	O
nghe	O
nựa	NORM

V	NORM
bữa	O
mình	O
bị	O
kẹt	O
ở	O
đâu	O
z	NORM
ta	O

Cài	O
hình	O
nền	O
z	NORM
đến	O
bữa	O
nghỉ	O
phép	O
có	O
ng	NORM
mở	O
máy	O
tìm	O
file	O
là	O
thấy	O
mịa	NORM
luôn	O
nè	O

A	NORM
ơi,	O
e	NORM
lo	O
quá	O

mỗi	O
lần	O
thấy	O
thủy	O
ngân	O
từ	O
nhiệt	O
kế	O
thì	O
t	NORM
lại	O
muốn	O
tag	O
m	NORM

làm	O
đ	NORM
gì	O
cũng	O
phải	O
nghe	O
hết	O
bt	NORM
chưa	O

lmao	O
t	NORM
có	O
nói	O
với	O
m	NORM
nè	O

Mình	O
cũng	O
đã	O
rất	O
stress	O
tgian	NORM
qua	O
vì	O
đấu	O
tranh	O
đợt	O
1.	O

bài	O
viết	O
phù	O
hợp	O
với	O
sở	O
thích	O
đọc	O
sách	O
của	O
cta	NORM

Thế	O
là	O
a	NORM
ít	O
thương	O
iem	NORM
rồi	O

Mỗi	O
ng	NORM
một	O
quan	O
điểm	O

2	O
đô	O
chắc	O
mua	O
dc	NORM
cái	O
ly	O

đã	O
chơi	O
hệ	O
tâm	O
linh	O
rồi	O
còn	O
nạp	O
vip	O
chi	O
vậy	O
b?	NORM

Đang	O
hơn	O
điểm	O
mà	O
bị	O
knock-out,	O
cay	O
hơn	O
chữ	O
cayyyy	NORM

Dá	NORM
chị	NORM
của	O
người	O
hèng	O
nè	O

thân	O
gửi	O
m,lưu	NORM
về	O
gửi	O
t	NORM
dùm	O

Chúc	O
mừng	O
cháu	O
và	O
gđ	NORM

c	NORM
đau	O
chổ	NORM
nào	O
nè	O

nè	O
ra	O
ở	O
koi	NORM
xám	NORM
hối	O
bớt	O
i	NORM

Đáng	O
iu	NORM
như	O
vậy	O
là	O
để	O
một	O
khoảng	O
lặng	O
trước	O
cơn	O
bão	O
ngày	O
mai	O

Bồ	O
tui	O
mà	O
nhắn	O
vậy	O
chắc	O
sẽ	O
thấy	O
một	O
đống	O
logic	O
nháp	O
của	O
tui	O
:))))	O
chứ	O
lúc	O
code	O
còn	O
nghĩ	O
dc	NORM
gì	O
khác	O
đâu	O

cơ	O
hội	O
đổi	O
đời,	O
zô	NORM
đóng	O
zai	NORM
chị	O
búp	O
bê	O
đi	O
chứ	O
tui	O
thấy	O
bà	O
kh	NORM
cần	O
diễn	O
cũng	O
đạt	O
r	NORM
đó	O

Mốt	O
nó	O
bỏ	O
lun	NORM
đường	O
Nam	O
Kì	O
Khởi	O
Nghĩa	O

xin	O
lõi,	NORM
hãy	O
thong	NORM
cảm	O
cho	O
ng	NORM
cận	O

hồi	O
đó	O
cũng	O
muốn	O
tranh	O
luận	O
thế	O
này	O
mà	O
khổ	O
nỗi	O
hoc	NORM
dot	NORM
quá	O
kbiet	NORM
nên	O
tranh	O
luận	O
tnao	NORM
-)	O

coi	O
đùi	O
người	O
ta	O
kìaaa	NORM
x	O
iu	NORM

tại	O
nó	O
không	O
yêu	O
mày	O
đó	O
chứ	O
cung	O
đ	NORM
nào	O
chả	O
như	O
nhao	NORM
=)))	O

"Mẹ	O
gọi	O
giùm	O
con	O
ii"	NORM

Hải	O
Phòng	O
là	O
ko	NORM
lòng	O
vòng,nhưng	O
ở	O
đâu	O
chẳng	O
có	O
người	O
nọ	O
người	O
kia	O

đáng	O
iu	NORM
quá	O
nên	O
phải	O
tag	O

các	O
vị	O
tiên	O
tử	O
đg	NORM
luyện	O
tiên	O
đan	O
diệu	O
dược	O
gì	O
vậy	O

Xong	O
mai	O
cả	O
lũ	O
chó	O
đến	O
quỳ	O
lạy	O
ngta	NORM
cũng	O
kiện	O
để	O
cho	O
ngồi	O
nhà	O
đá	O
bóc	O
lịch	O

đm	O
t	NORM
thề	O
k	NORM
bao	O
h	NORM
vay	O
lại	O
thêm	O
thằng	O
fe	O
nữa	O

không	O
ăn	O
dc	NORM
thì	O
thôi	O
khỏi	O
ăn	O
đi	O
em	O

Trả	O
tiền	O
mạng	O
để	O
dc	NORM
đọc	O
những	O
bài	O
viết	O
ấm	O
áp	O
tình	O
người	O
ntn	O
quá	O
xứng	O
đáng!	O

:)))	O
phú	O
bà	O
đây	O
r	NORM

Nghèo	O
nhưng	O
shopee	O
k	NORM
cho	O
phép.	O

muốn	O
xĩu	NORM
z	NORM
đó	O
tr	NORM

quá	O
đáng	O
iu	NORM
ròi	NORM
đó	O

Má	O
ác	O
zay,	NORM
chưa	O
kịp	O
xin	O
lỗi	O
cái	O
lóc	O
ngang?	O

chưa	O
gì	O
mà	O
em	O
thấy	O
môn	O
đọc	O
viết	O
1	O
là	O
điểm	O
e	NORM
tèo	O
r	NORM
quý	O
dị	NORM

Đừng	O
gọt	O
nữa	O
để	O
cho	O
nó	O
chín	O
miền	O
bắc	O
ctoi	NORM
mới	O
có	O
măng	O
cụt	O
để	O
ăn	O

hum	NORM
qua	O
mới	O
nói	O
xong	O
:))))	O

có	O
con	O
moè	NORM
trong	O
bịnh	NORM
diện	NORM
:))	O

nữa	O
tháo	O
niềng	O
khum	NORM
cóa	NORM
dị	NORM
nghen	O

Sao	O
giống	O
con	O
cá	O
heo	O
nhận	O
đc	NORM
khi	O
đi	O
hiến	O
máu	O
z	NORM
chài	NORM

Từ	O
bé	O
t	NORM
đã	O
sài	NORM
đồ	O
Hiệu	O
này	O
rồi	O

:))))	O
xem	O
có	O
chân	O
gà	O
của	O
c	NORM
ko	O

ngồi	O
lại	O
nc	NORM
với	O
nhau	O

Nhan	O
sắc	O
k	NORM
hợp	O
thanh	O
xuân	O
vườn	O
trường	O
mà	O
thấy	O
tung	O
hô	O
khiếp	O
.	O

Mấy	O
anh	O
chai	NORM
đi	O
moto	NORM
nẹt	O
pô	O
thì	O
bảo	O
là	O
đẳng	O
cấp,	O
còn	O
mấy	O
em	O
chai	NORM
chạy	O
wave	O
dream	O
nẹt	O
pô	O
lại	O
bảo	O
là	O
trẻ	O
trâu,	O
âm	O
binh	O
phá	O
làng	O
phá	O
xóm…	O

Gọi	O
đéo	O
dậy,	O
bảo	O
giờ	O
đầu	O
óc	O
e	NORM
chẳng	O
nhớ	O
gì	O

nghỉ	O
đc	NORM
2	O
ngày	O
vui	O
cmg	O

a	NORM
Tí	O
a	NORM
Tèo	O
a	NORM
nào	O
e	NORM
cũng	O
thic	NORM

Mọi	O
chuyện	O
r	NORM
cũng	O
sẽ	O
tốt	O
lên	O
thôi	O

em	O
cừi	NORM
chéc	NORM
mất	O
kkkk	O

tr	NORM
oi	NORM
đọc	O
cừi	NORM
chếc	NORM

ủa	O
là	O
cái	O
page	O
này	O
đang	O
nói	O
e	NORM
à	O

Cũng	O
được	O
nhma	NORM
lựa	O
nhà	O
tù	O
cho	O
kĩ	O
nhé	O
.	O

mệt	O
mỏi	O
lắm	O
luôn	O
đếy	NORM

thích	O
kimbap,	O
ăn	O
đc	NORM
rau	O
nhưng	O
nhìn	O
nnay	O
sợ	O
nha	O
:))	O

Thấy	O
bảo	O
đa	O
phần	O
các	O
a	NORM
sau	O
khi	O
lấy	O
vợ	O
được	O
vợ	O
chăm	O
lo	O
hết	O
nên	O
phát	O
tướng	O
ra	O
hả	O
mn?	NORM

Hèn	O
chi	O
hồi	O
sáng	O
con	O
gà	O
nhà	O
t	NORM
xổng	NORM
chuồng	O
đi	O
luôn	O

nghe	O
ns	NORM
sắp	O
thi	O
rồi	O
hen	O
:>>	O

Có	O
gì	O
thì	O
lại	O
gần	O
mới	O
biết	O
ai	O
nhoa	NORM
bạn	O

đã	O
từng	O
và	O
k	NORM
hề	O
cảm	O
thấy	O
buồn	O
hay	O
cô	O
đơn	O
mà	O
thấy	O
tận	O
hưởng	O
cảm	O
giác	O
được	O
ở	O
một	O
mình	O
:)))	O

Chứ	O
với	O
trình	O
độ	O
như	O
Amber	O
mà	O
hú	O
đoạn	O
đấy	O
thật	O
là	O
t	NORM
tuyệt	O
vọng	O
đấy	O

Giờ	O
tui	O
lớn	O
ồi	NORM
tui	O
sẽ	O
bv	NORM
mẹ	O

Edit	O
ảnh	O
ác	O
dữ	O
chời	NORM
ơi	O
:)))	O

tháng	O
9	O
chú	O
ý	O
nghe	O
chị	O
iu	NORM

Ở	O
quê	O
10	O
Triệu	O
thì	O
được	O
chứ	O
ỏ	NORM
thành	O
thì	NORM
lo	O
cho	O
cả	O
gia	O
đình	O
thì	O
chật	O
vật	O

kh	NORM
có	O
tay	O
hay	O
sao	O
mà	O
toàn	O
nói	O
kh	NORM

T	NORM
cũng	O
có	O
1	O
số	O

vì	O
thầy	O
cô	O
thấy	O
zui	NORM

anh	O
tí	O
a	NORM
tèo	O
a	NORM
nào	O
em	O
cx	NORM
quý	O

cười	O
ẻ	NORM
biên	O
kịch	O
đỉnh	O
kout	NORM

cần	O
bn	NORM
cái	O
máy	O
cho	O
đủ	O

đó	O
đó	O
dùng	O
nữa	O
ik	NORM

Nếu	O
b	NORM
khéo	O
hơn	O
thì	O
thay	O
vì	O
bới	O
mỡ	O
ra	O
ăn	O
thì	O
b	NORM
bỏ	O
luôn	O
khỏi	O
ăn	O
món	O
đó	O
ăn	O
món	O
khác,	O
chứ	O
ăn	O
cơm	O
nhà	O
bạn	O
trai	O
mà	O
bới	O
v	NORM
người	O
ta	O
đánh	O
giá	O
là	O
dúng	NORM
r	NORM
,	O
ở	O
nhà	O
bạn	O
bạn	O
ăn	O
uống	O
sao	O
cũng	O
đc	NORM
,	O
tới	O
nhà	O
b	NORM
trai	O
mà	O
k	NORM
khéo	O
v	NORM
là	O
mất	O
điểm	O
rồi	O

cảnh	O
đẹp,ko	NORM
khí	O
trong	O
lành,các	O
em	O
tập	O
thể	O
dục	O
rất	O
nhiều,nhiều	O
em	O
màu	O
xanh	O
chưa	O
nghiêm	O
túc	O
nên	O
đề	O
nghị	O
phạt	O
bằng	O
muối	O
hảo	O
hảo	O

4gb	O
rưỡi	O
của	O
t	NORM
đó	O
m	NORM
xem	O
hết	O
chưa?	O

Chắc	O
bạn	O
này	O
vđ	NORM
vì	O
tâm	O
lý	O
,	O
1	O
con	O
người	O
bthg	NORM
nhất	O
định	O
ko	NORM
chịu	O
nổi	O
mùi	O
bvs	NORM
,đồ	O
lót	O
1	O
năm	O
đâu	O
,	O
có	O
bịa	O
đặt	O
ko	NORM
vậy	O
trời???:)	O

Không	O
ghét	O
nhưng	O
cảm	O
thấy	O
hơi	O
giả	O
tạo,	O
diễn	O
nhiều	O
và	O
kiểu	O
k	NORM
muốn	O
xem	O
dẫu	O
chỉ	O
là	O
1s	O

k	NORM
thể	O
yêu	O
dc	NORM
ng	NORM
tốt	O
hay	O
sao	O
í:))	NORM

Chưa	NORM
thấy	O
ôg	NORM
Kiên	NORM
sai	O
chỗ	O
nào	O

thay	O
vì	O
xem	O
phim	O
thì	O
t	NORM
đọc	O
truyện	O
chữa	O
lành	O
như	O
Bến	O
xe,	O
Từng	O
có	O
người	O
yêu	O
tôi	O
như	O
sinh	O
mệnh,	O
Giá	O
như	O
mình	O
đừng	O
gặp	O
gỡ...	O

mong	O
mãi	O
mà	O
ko	NORM
dc	NORM
:)))	O

Lỡ	O
a	NORM
là	O
con	O
gái	O
e	NORM
có	O
thương	O
hok	NORM

sv	NORM
trường	O
H	O
đọc	O
và	O
im	O
lặng	O
đi	O
ra	O

Tuy	O
nhiên	O
bạn	O
lại	O
ko	NORM
chia	O
sẻ	O
những	O
suy	O
nghĩ,	O
những	O
nỗi	O
lo	O
hay	O
áp	O
lực	O
cho	O
ck	NORM
bạn	O
mà	O
chọn	O
cách	O
để	O
ck	NORM
bạn	O
tự	O
hiểu,	O
tự	O
quan	O
tâm	O
bạn	O

Thế	O
sao	O
thịt	O
lại	O
cứ	O
để	O
ở	O
bên	O
dưới	O
lzi.	NORM

Rồi	O
nó	O
vẫn	O
mở,	O
vẫn	O
kiêms	NORM
tiền	O
đk	NORM
thôi	O

Nhiều	O
lần	O
đi	O
xem	O
cùng	O
bạn	O
bè	O
mà	O
họ	O
không	O
thực	O
sự	O
thích	O
bộ	O
phim	O
đó	O
khiến	O
tui	O
khá	O
sồu	NORM
á	O
vì	O
tui	O
là	O
người	O
rủ	O
đi	O
màtui	NORM
để	O
ý	O
tâm	O
trạng	O
của	O
người	O
đi	O
cùng	O
dữ	O
lắm	O

Sao	O
ko	NORM
đeo	O
bao	O
tay	O
vào	O
ah	NORM

thì	O
ra	O
nhiều	O
ng	NORM
chơi	O
phết	O

tháo	O
kính	O
ra	O
thì	O
cũng	O
nghĩ	O
như	O
rằnd	NORM

ước	O
gì	O
tỉnh	O
táo	O
được	O
z	NORM

Cái	O
cặp	O
này	O
s	NORM
t	NORM
thấy	O
dễ	O
thương	O

zô	NORM
tri	O
hưởng	O
thái	O
bình	O

5	O
tháng	O
r	NORM
k	NORM
dám	O
đi	O
gội	O
đầu	O
ở	O
chỗ	O
quen	O
vì	O
đi	O
nhuộm	O
tóc	O
chỗ	O
khác	O
:((	O

Thua	O
bạn	O
trai	O
mình	O
hết	O
nhợ	NORM

nghe	O
lói	NORM
sau	O
này	O
b	NORM
tính	O
theo	O
thiết	O
kế	O

đi	O
típ	NORM
thì	O
cầu	O
mong	O
zì	NORM

bạn	O
phiền	O
vaiz	NORM
tạm	O
bịt	NORM
(*´ω｀*)ノ	O

Hồi	O
xưa	O
thôi	O
h	NORM
hết	O
rồi,	O
tưởng	O
tượng	O
ra	O
tương	O
lai	O
hp	NORM
cái	O
cười	O
tủm	O
tỉm	O
rồi	O
đi	O
ngủ	O
đi	O
=)))	O

mốt	O
tới	O
gián	O
ở	O
phòng	O
trọ	O
pự	NORM
như	O
z	NORM

Thi	O
thoảng	O
nhớ	O
nhớ	O
quên	O
quên,	O
hoảng	O
loạn	O
khi	O
gặp	O
người	O
lạ,	O
k	NORM
nhớ	O
được	O
người	O
thân,	O
ăn	O
vào	O
thì	O
nôn	O

Kiên	O
đi	O
lm	NORM
vì	O
đam	O
mê	O
con	O
chủ	O
tịch	O
hoặc	O
là	O
sếp	O
mê	O
Kiên	O
quá	O
chứ	O
chẳng	O
có	O
lí	O
do	O
nào	O
bắt	O
nhân	O
viên	O
lm	NORM
thêm	O
giờ	O
vào	O
buổi	O
đêm	O
đâu	O

Đúng	O
nghĩa	O
là	O
căn	O
nhà	O
nhỏ	O
luôn,	O
k	NORM
có	O
chỗ	O
để	O
treo	O
huy	O
chương	O
với	O
bằng	O
khen	O
luôn.	O

Còn	O
tui	O
chỉ	O
hóng	O
khi	O
nào	O
ảnh	O
có	O
pồ	NORM

đáng	O
sợ	O
hơn	O
nữa	O
là	O
khi	O
bảo	O
mấy	O
cái	O
này	O
là	O
diễn	O
kp	NORM
thật	O
thì	O
xông	O
vào	O
chửi	O
biết	O
cái	O
đéo	O
gì	O
mà	O
bảo	O
diễn	O
rõ	O
ràng	O
là	O
thật:((	O

ghéc	NORM
bị	O
z	NORM
nữa	O
thà	O
t	NORM
ở	O
nhà	O
còn	O
dui	NORM
hơn	O

Bảo	O
vệ	O
bỉn	NORM
cho	O
toè	O
mỏ.	O

Dù	O
mình	O
không	O
biết	O
diễn	O
tả	O
cảm	O
xúc	O
như	O
nào	O
nhưng	O
mà	O
ngừi	NORM
iu	NORM
mình	O
mùi	O
thơm	O
lắm	O

tớ	O
sắm	O
cho	O
cậu	O
mụt	NORM
chiếc	O
nha	O

t	NORM
nhắn	O
dài	O
ơi	O
là	O
dài	O
vì	O
t	NORM
biết	O
m	NORM
sẽ	O
check	O
hếttttt	NORM

ko	NORM
giống	O
m	O
kể	O
ha	O

T	NORM
nghĩ	O
cái	O
điều	O
này	O
từ	O
lớp	O
8	O
rùi	NORM
nên	O
t	NORM
thấy	O
hôn	O
nhân	O
nó	O
kì	O
kì	O
quãi	NORM
dù	O
t	NORM
ngưỡng	O
mộ	O
thiệt	O

Xl	NORM
vì	O
tui	O
quá	O
trời	O
mắt	NORM
cười	O
rồi	O

Cayyyy,	NORM
liệu	O
có	O
phải	O
ad	O
page	O
từng	O
được	O
tặng	O
cho	O
bất	O
ngờ	O
này	O
không	O

Kh	NORM
bà	O
ơi	O
tui	O
0.5	O
bắt	O
học	O
phụ	O
đạo	O
nè	O

Ai	O
mà	O
ngờ	O
đâu	O
được	O
thẫn	O
thờ	O
nổi	O
tiếng	O
như	O
dvien	NORM
phim	O
lật	O
mặt	O

chứ	O
ko	NORM
phải	O
1	O
hướng	O
như	O
người	O
ta,,,,	O

Hoá	O
ga	NORM
mình	O
kh	NORM
cô	O
đơn	O

Xin	O
đừng	O
ngôn	O
tình	O
nữa	O
ạ,	O
không	O
hợp	O
nhau	O
nữa	O
thì	O
ctay	NORM
thôi.	O

một	O
hành	O
zi	NORM
chít	NORM
tiệt	O
:)))	O

Có	O
khi	O
nào	O
ngược	O
lại	O
ko	NORM

Suộc	NORM
sống	O
thật	O
bất	O
công	O
với	O
người	O
như	O
t	NORM

pé	NORM
pùn	NORM
nhưng	O
pé	NORM
khum	NORM
nói	O

Í	O
đc	NORM
chụp	O
ảnh	O
màu	O
rùi	NORM
nà	NORM
ahihi	O

E	NORM
thì	O
có	O
duyên	O
vch,	O
gặp	O
đúng	O
ông	O
ny	NORM
tâm	O
lý	O
vcc	O
,	O
biết	O
ny	NORM
k	NORM
ăn	O
đc	O
thịt	O
mỡ	O
,ngại	O
gắp	O
cho	O
ny	NORM
thì	O
lựa	O
gắp	O
miếng	O
mỡ	O
mà	O
ăn	O
để	O
lộ	O
miếng	O
nạc	O
cho	O
eng	NORM
,nếu	O
e	NORM
k	O
cảm	O
thấy	O
ngại	O
thì	O
gắp	O
miếng	O
nửa	O
nạc	O
nữa	O
mỡ	O
tách	O
ăn	O
phần	O
mỡ	O
nhường	O
e	NORM
phần	O
nạc	O
,đơn	O
giản	O
vậy	O
mà	O
cũng	O
phải	O
để	O
e	NORM
phải	O
bới	O
đến	O
lần	O
t3	O

t	NORM
hay	O
ăn	O
mấy	O
cái	O
đấy:)))	O

thật	O
ra	O
trú	NORM
học	O
cái	O
này	O
đúm	NORM
khum?	NORM

Lấy	O
ra	O
so	O
sánh	O
r	NORM
nâng	O
ng	NORM
này	O
lên	O
đạp	O
ng	NORM
khác	O
xuống	O

xanh	O
xanh	O
kia	O
là	O
rong	O
biển	O
dko	NORM

"con	O
bé	O
trầm	O
tính	O
gke	NORM
chị	O
ha"	O

a	NORM
thấy	O
giống	O
quần	O
e	NORM
lắm	O

cũng	O
muốn	O
lm	NORM
học	O
bá	O
như	O
v…	NORM

chúc	O
2	O
bạn	O
luôn	O
hp	NORM

Ngại	O
đòi	O
lắm	O
mà	O
đòi	O
ngta	O
cx	NORM
ko	NORM
trả	O

Nghe	O
mà	O
đau	O
dùm	NORM
anh	O
luôn	O

mấy	O
cái	O
máy	O
lạnh	O
trên	O
răng	O
kìa	O
b	NORM

i	O
sì	O
luôn	O
này	O
C	NORM

ra	O
chợ	O
k	NORM
thấy	O
1	O
cái	O
mãng	O
cầu	O
nào	O
luôn	O
:))))	O
giờ	O
cưới	O
vợ	O
mà	O
nhà	O
gái	O
thách	O
cưới	O
mãng	O
cầu	O
chắc	O
mất	O
luôn	O
vợ	O

56	O
chứ	O
cô	O
đg	NORM
bận	O
1	O
bộ	O
kìa	O

làm	O
ziệc	NORM
năng	O
suất	O
đi	O
keo	O

Cô	O
giáo	O
bảo	O
lấy	O
bút	O
ra	O
viết	O
luận	O
và	O
cây	O
bút	O
duy	O
nhất	O
t	NORM
có	O
là	O
bút	O
kẻ	O
lông	O
mày	O

Có	O
thì	O
có	O
k	NORM
thì	O
thoai.	NORM

năm	O
rùi	NORM
tui	O
đi	O
tận	O
2	O
concert	O
rock	O
1	O
mình:	O
đặt	O
vé	O
online,	O
book	O
grab	O
đến	O
sân	O
vận	O
động	O
quẩy	O
6	O
tiếng	O
từ	O
15h	O
-	O
22h	O
đêm	O
=))	O

Kkkk	O
lấy	O
ck	NORM
cũng	O
dzậy	NORM
mà	O

cx	NORM
là	O
tón	NORM
mà	O
nó	O
lạ	O
lắm:))	O

túi	O
sắp	O
rách,	O
giày	O
cũng	O
mòn	O
rùi	NORM

t	NORM
thấy	O
bọn	O
con	O
trai	O
đàn	O
ông	O
bên	O
mỹ	O
thích	O
câu	O
cá	O
cực	O
lâu	O
lâu	O
là	O
nghe	O
đi	O
câu	O
cá	O
lâu	O
lâu	O
là	O
thấy	O
rũ	O
đi	O
câu	O
cá	O
:))	O

nghe	O
nói	O
ng	NORM
chị	O
thích	O
coi	O
phim	O
chữa	O
lành	O
đồ	O
đó	O

nói	O
sai	O
r	NORM
kìa	O
đêm	O
cả	O
làng	O
ik	NORM
ngủ	O

khóc	O
vì	O
học	O
sử	O
mãi	O
k	NORM
vào	O

Tuyệt	O
vời,chúc	O
mừng	O
e,	NORM
quá	O
xứng	O
đáng	O

tối	O
về	O
e	NORM
đu	O
trend	O
nàiiiiii	NORM

Cắt	O
bột	O
ra	O
luộc	O
luôn	O
k	NORM
cần	O
quấn	O
đũa	O
đc	NORM
ko	NORM
ta	O

Có	O
rớt	O
cái	O
đầu	O
ra	O
khưm	NORM
dậy	O

Vay	O
tiền	O
mua	O
đồ	O
ăn	O
có	O
mấy	O
chục	O
thì	O
cho	O
vay	O
chứ	O
500	O
trẹo	NORM
có	O
tao	O
cũng	O
k	NORM
cho	O
vay	O

Xinh	O
là	O
cái	O
mặt	O
xinh,	O
m	NORM
bị	O
loạn	O
trí	O
ah	NORM
ad	O

Thì	O
cũng	O
như	O
tôi	O
vs	NORM
bạn	O
tôi	O
vậy	O

Chồng	O
tao	O
trước	O
khi	O
lấy	O
50kg	O
lấy	O
đfc	NORM
hơn	O
1	O
năm	O
67-70kg	O

Đi	O
học	O
nóng	O
quá	O
bỏ	O
túi	O
thời	O
trang	O
múc	O
nc	NORM
dội	O
lên	O
người	O
cho	O
đỡ	O
nóng	O

đi	O
thử	O
gòi	NORM
rì	O
viu	O

gòi	NORM
ún	NORM
ly	O
nc	NORM
ròi	NORM
dề	NORM
khỏi	NORM
nch	NORM
=))	O

Chính	O
t,	NORM
ngoài	O
t	NORM
ra	O
thì	O
còn	O
ai	O
nữa	O

ròi	NORM
đi	O
ỉa	O
có	O
thứ	O
giải	O
trí	O
lun	NORM

Nên	O
quyết	O
định	O
cua	O
luôn	O
2	O
a	NORM
còn	O
đc	NORM
hay	O
k	NORM
thì	O
chx	NORM
bt=))	NORM

Nhưng	O
đời	O
ko	NORM
như	O
mơ...	O

khai	O
quậtt	NORM
từ	O
thời	O
cổ	O
đại	O

nhưng	O
t	NORM
thực	NORM
sự	O
gặp	O
được	O
người	O
đạt	O
gpa	O
3,79/4,	O
học	O
bổng	O
60%,	O
tham	O
gia	O
đầy	O
đủ	O
sự	O
kiện	O
từ	O
lớn	O
đến	O
bé,	O
làm	O
đầu	O
tàu	O
cho	O
cả	O
khoa	O
và	O
thực	O
sự	O
toả	O
sáng	O
:)))))	O

Ngon	O
mà	O
,	O
em	O
bé	O
ko	NORM
ăn	O
lên	O
ăn	O
hộ	O
để	O
cho	O
hết	O
hsd	O
à	O

Có	O
màu	O
nào	O
nhìn	O
cool	O
cool	O
ngầu	O
lòi	O
như	O
mấy	O
tỷ	O
tỷ	O
Trung	O
ko	NORM
mn?	NORM

quả	O
kẻ	O
chân	O
mày	O
cừi	NORM
đau	O
bụng	O

mà	O
k	NORM
phải	O
là	O
cây	O
bút	O
chì	O
,,	O

bê	O
cái	O
ống	O
đong	O
1l	O
ở	O
phòng	O
thí	O
nghiệm	O
đi	O
mua	O
kem	O
ăn	O
thui	NORM

Xin	O
cast	O
vai	O
công	O
túa	NORM
lọ	O
lem	O
ạ=)))	O

Cho	O
e	NORM
xin	O
vài	O
bộ	O
film	O
ngôn	O
tình	O
hiện	O
đại	O
hay	O
ho	O
với	O
ạ	O

nghe	O
lói	NORM
bà	O
thích	O
mát	O
xa	O

nhìn	O
đống	O
cay	O
cay	O
của	O
cta	NORM
bốc	O
cháy	O
:)))	O

nghèo	O
cũng	O
k	NORM
đụng	O
vô	O
:))))	O

Mải	NORM
đóng	O
góp	O
cho	O
QG	NORM
chưa	O
lo	O
hạnh	O
phúc	O
riêng	O
à	O

Hãy	O
iu	NORM
thương	O
bản	O
thân	O
mình	O
nhé	O
quý	O
zị	NORM

sắm	O
chiếc	O
2	O
mìn	NORM
đi	O
chơi	O
kk	O

Và	O
rất	O
là	O
may	O
vk	NORM
t	NORM
đã	O
tâm	O
sự	O
với	O
t	NORM
những	O
mong	O
muốn	O
đó,	O
để	O
giúp	O
t	NORM
cần	O
bổ	O
sung	O
thêm	O
những	O
điều	O
thiếu	O
sót	O

Nỗi	O
khổ	O
của	O
người	O
hèngg	NORM

Cũng	O
muốn	O
được	O
z	NORM
nma	NORM
mẹ	O
mình	O
thạo	O
quá	O

có	O
gần	O
nhà	O
chú	O
ko	NORM

Chúc	O
b	NORM
sẽ	O
thật	O
mạnh	O
mẽ	O
để	O
chiến	O
thắng	O
dc	NORM
bệnh	O
tật	O

T	NORM
vô	O
toa	O
lét	O
cũng	O
la	O
làng	O
lên	O
bao	O
hết	O
mà	O
bà	O
lao	O
công	O
bả	O
rượt	O
t	NORM
chạy	O
k	NORM
kịp	O
ỉa	O

chị	O
Q	O
nào	O
đó	O
chê	O
cta	NORM
kìa	O

m	NORM
có	O
gthieu	NORM
cho	O
ai	O
thế	O
k	NORM

không	O
quen	O
ai	O
thì	O
t	NORM
vào	O
t	NORM
dí	O
phong	O
bì	O
xong	O
t	NORM
bẽn	O
lẽn	O
t	NORM
về	O
chứ	O
ở	O
lại	O
quê	O
quê	O
càng	O
quê	O

Lỡ	O
ah	NORM
là	O
cgai	NORM
em	O
có	O
thw	NORM
ah	NORM
hong	NORM

Rồi	O
đến	O
lúc	O
đó	O
b	NORM
sẽ	O
có	O
câu	O
tl	NORM
thôi	O
ạ	O

lấy	O
60	O
cá	O
viên	O
cái	O
mô	O
cg	NORM
dc	NORM

Nó	O
kiur	NORM
ai	O
mượn	O
kể	O
zị	NORM
bà	O
nọi	NORM
=)))	O

phép	O
lịch	O
sự	O
thì	O
ngta	NORM
bảo	O
tự	O
nhiên	O
như	O
ở	O
nhà	O
chứ,	O
lại	O
còn	O
bắt	O
bẻ	O
câu	O
đó	O
nữa?	O

Khô	O
đc	NORM
cái	O
tóc	O
thì	O
mất	O
moẹ	NORM
cái	O
não	O

Mắc	O
mớ	O
j	NORM
mắng	O
ngta	NORM
huu	O

ngủ	O
dậy	O
là	O
ăn	O
cơm	O
trưa	O
mẹ	O
nấu	O
dc	NORM
rùi	NORM

chuỵn	NORM
tình	O
thật	O
là	O
cảm	O
động	O
,rớt	O
nước	O
mắt	O
luôn	O
á	O
:)))	O

nhiều	O
đứa	O
con	O
gái	O
nghĩ	O
nó	O
là	O
cái	O
lol	NORM
gì	O
ấy	O
:))	O

Càm	O
ràm	O
mãi,	O
mua	O
gấp	O
2	O
lần	O
lên	O
điii	NORM

có	O
làm	O
mới	O
có	O
ăn,	O
lao	O
động	O
là	O
vinh	O
quang	O
b	NORM
êi	NORM

Không	O
nha	O
bới	O
là	O
vô	O
phép	O
tắc	O
thâth	NORM
đấy	O

năn	O
nỉ	O
đeo	O
kính	O
dùmmmmm	NORM

Ngta	NORM
sửa	O
đồ	O
mà	O
nói	O
bán	O
bánh	O
tráng	O
nướng	O
là	O
seo	NORM

Ối	O
Bento	O
của	O
t	NORM
:))	O

những	O
lụ	NORM
cười	O
vô	O
tri	O

mày	O
mà	O
dị	NORM
thì	O
t	NORM
đã	O
khum	NORM
down	O
tóp	O
tóp	O
gòi	NORM
:))))	O

Này	O
thì	O
chếc	NORM
đói	O
cũng	O
không	O
ăn	O
mất	O

bảo	O
địa	O
điểm	O
ở	O
trong	O
tp	NORM
nhưng	O
lúc	O
nhận	O
lại	O
là	O
ở	O
ngoại	O
ô,	O
hđ	NORM
trả	O
thù	O
sai	O
nhưng	O
chủ	O
nhà	O
sống	O
lỗi	O
trc	NORM
nha	O

cứ	O
ngây	O
thơ	O
thế	O
thoai	NORM
:))	O

Nó	O
cho	O
CA	NORM
ít	O
tiền	O
là	O
chìm	O
hết	O
ấy.	O

):	O
e	NORM
là	O
con	O
cái	O
hay	O
đực	O
ah	NORM
cũng	O
thương	O
hết	O

Gòi	NORM
t	NORM
hẹn	O
hò	O
vs	NORM
mấy	O
anh	O
hay	O
mấy	O
con	O
cá	O
z	NORM

c	NORM
hỏi	O
xem	O
lớp	O
Bờm	O
có	O
ai	O
ko	NORM

Tự	O
dưng	O
đang	O
khók	NORM
cũng	O
phải	O
cười	O

Khi	O
biết	O
tui	O
là	O
người	O
Việt	O
và	O
ko	NORM
giỏi	O
tiếng	O
Nhật,	O
thầy	O
hiệu	O
trưởng	O
của	O
trường	O
cấp	O
một	O
chỗ	O
con	O
tui	O
đi	O
học	O
mỗi	O
ngày	O
đều	O
viết	O
một	O
mảnh	O
giấy	O
nhớ	O
nhỏ	O
nhỏ	O
khen	O
con	O
tui	O
ngoan	O
lắm	O
bằng	O
tiếng	O
Việt,	O
vừa	O
động	O
viên	O
học	O
sinh	O
vừa	O
động	O
viên	O
được	O
phụ	O
huynh	O

Môi	O
trường	O
như	O
nào	O
cho	O
ra	O
được	O
trời	O
mây	O
như	O
này	O
vậy	O
mn?	NORM

loz	NORM
nước	O
ngoài	O
đi	O
học	O
bằng	O
lái	O
ngày	O
đầu	O
tiên	O
éo	NORM
học	O
chắc	O
luôn	O

Uk	NORM
thì	O
cũng	O
có	O
mục	O
tiêu	O

no4	O
hot	O
search	O
lun	NORM
mà	O

Thôi	O
dở	O
rồi	O
ko	NORM
ăn	O
được	O
thịt	O
mỡ	O

Thôi	O
cứ	O
cbj	NORM
tiền	O
và	O
văn	O
để	O
vào	O
viện	O
quỳ	O
xuống	O
xin	O
đi	O
chứ	O
còn	O
gì	O
nữa	O

Phụ	O
huynh	O
là	O
những	O
người	O
ko	NORM
bh	NORM
hiểu	O
những	O
điều	O
này.	O

Tiếp	O
xúc	O
nhìu	NORM
sẽ	O
bt	NORM
bản	O
tính	O
thật:))	O

tưởng	O
viên	O
thả	O
máy	O
giặt	O
k	NORM
đó	O
má	O

Trừ	O
quả	O
highnote	O
thì	O
đúng	O
là	O
hết	O
nc	NORM
chấm	O
luôn	O

chẳng	O
qua	O
đ'	NORM
với	O
tới	O
thôi	O
ném	O
dép	O
thì	O
nó	O
va	O
vào	O
kính	O
phòng	O
giám	O
hiệu	O
trèo	O
thì	O
bảo	O
vệ	O
bắt	O
nên	O
đành	O
chịu	O
thế	O
thôi	O
chứ	O
biết	O
ls	NORM
bg	NORM

để	O
ý	O
và	O
cẩn	O
thận	O
giữ	O
sk	NORM

b	NORM
kể	O
sự	O
tích	O
đi	O
thi	O
đi	O
ò	NORM

Tại	O
anh	O
k	NORM
iu	NORM
iem	NORM
thui	NORM
kk	O

hoá	O
ra	O
bạn	O
tôi	O
k	NORM
dùng	O
tinder	O
úc	O
là	O
v	NORM

Năm	O
nay	O
gà	O
gặp	O
nạn	O
r.	NORM

Tao	O
yang	NORM
hồ	O
bị	O
quýnh	O
có	O
bạn	O
lo	O

Chính	O
cuyền	NORM
làm	O
gõ	NORM
zụ	NORM
này	O
ik,	NORM
không	O
thể	O
để	O
chìm=))	O

hong	NORM
ai	O
khác	O
chính	O
là	O

e	O
zí	NORM
chị	O
đi	O
tìm	O
tiệm	O

Mập	O
mập	O
mờ	O
mờ	O
nên	O
3	O
ng	NORM
vui	O
1	O
ng	NORM
buồn	O

Lúc	O
đấy	O
mình	O
thấy	O
sợ	O
thật	O
ý	O
toàn	O
đánh	O
tâm	O
lý	O
vào	O
tụi	O
hs	NORM
c3	O
vs	O
người	O
dân	O
trí	O
thấp	O
để	O
biểu	O
tình.	O

căn	NORM
như	O
dâi	NORM
đàng	NORM
luông	NORM

B	NORM
thích	O
gì	O
ảnh	O
sẽ	O
mua,	O
b	NORM
không	O
phải	O
đi	O
làm	O
hoặc	O
đơn	O
giản	O
là	O
b	NORM
chả	O
phải	O
bỏ	O
ra	O
cái	O
gì	O
vì	O
có	O
a	NORM
ny,	NORM
ck	NORM
bao	O
tất	O

Bình	O
thg,	NORM
có	O
đầy	O
người	O
như	O
mk	NORM
mà	O

Nma	NORM
như	O
thế	O
là	O
vô	O
duyên	O
thật	O
đấy	O
bạn	O
ạ,	O
không	O
ăn	O
lần	O
này	O
thì	O
ăn	O
lần	O
khác	O
chứ	O
ngay	O
lần	O
đầu	O
về	O
ra	O
mắt	O
mà	O
như	O
thế	O
thì	O
k	NORM
ổn	O
rùi	NORM

Ok	O
sẽ	O
lưu	O
lại	O
k	NORM
bt	NORM
lúc	O
nào	O
ms	NORM
đc	NORM
dùng	O

Thích	O
thật	O
thì	O
t	NORM
bị	O
câm	O

ad	O
vừa	O
nói	O
câu	O
này	O
xong	O
lơ	O
xe	O
vs	NORM
tx	NORM
đi	O
xuống	O
để	O
ad	O
lại	O
1	O
mình	O
tự	O
lái	O
luôn	O

đơn	O
giản	O
là	O
vì	O
2	O
đứa	O
con	O
cụ	O
đều	O
chả	O
có	O
hứng	O
thú	O
với	O
ew	NORM
đương,	O
đặc	O
biệt	O
là	O
đứa	O
con	O
út	O
này,	O
mỗi	O
lần	O
có	O
người	O
ngoài	O
hỏi	O
bao	O
giờ	O
lấy	O
chồng	O
thì	O
nó	O
đều	O
nói:	O
“cháu	O
phải	O
kiếm	O
tiền	O
hiếu	O
kính	O
phụ	O
huynh	O
đã,	O
chưa	O
báo	O
hiếu	O
được	O
ngày	O
nào	O
mà	O
đã	O
đi	O
lấy	O
chồng	O
luôn	O
là	O
cháu	O
không	O
chịu	O
đâu.”	O

Là	O
vuii	NORM
dữ	O
chưa	O
dạaaaa	NORM

30t	O
sv	NORM
mới	O
ra	O
đua	O
top	O
?	O

nhớ	O
hồi	O
milu	O
nhà	O
mình	O
thay	O
răng,	O
có	O
hôm	O
mình	O
vỗ	O
vỗ	O
đầu	O
ẻm	NORM
thì	O
đúng	O
lúc	O
có	O
1	O
cái	O
răng	O
của	O
ẻm	NORM
bay	O
ra	O

chắc	O
mỗi	O
gốc	O
cây	O
trường	O
cử	O
1	O
sao	O
đỏ	O
đứng	O
canh,	O
chứ	O
k	NORM
lý	O
nào	O
n	NORM
còn	O
nguyên	O
như	O
vậy	O

Đi	O
trong	O
bụng	O
ng	NORM
ta	O
hay	O
j	NORM

một	O
lần	O
nữa	O
giầy	NORM
mòn	O
đế,bạn	O
kia	O
mà	O
ko	NORM
mua	O
tặng	O
nữa.	O

Vẫn	O
còn	O
hiền	O
quá,	O
đọc	O
mà	O
tứk	NORM
á	O

đúng	O
là	O
ng	NORM
hải	O
phòng	O
ko	NORM
lòng	O
vòng	O

mốt	O
kêu	O
em	O
mày	O
nói	O
zạy	NORM
=)))	O

Tóc	O
tím	O
của	O
bạn	O
lè	NORM

ai	O
kêu	O
không	O
nói,	O
không	O
nói	O
ai	O
biết	O
đường	O
mà	O
hiểu,	O
trách	O
ck	NORM
cũng	O
fai	NORM
coi	O
lại	O
mình,	O
im	O
im	O
thì	O
ck	NORM
b	NORM
cũng	O
nghĩ	O
b	NORM
vô	O
tâm	O

Việc	O
t	NORM
làm	O
có	O
quỷ	O
dử	NORM
bảo	O
cê	NORM

T	NORM
để	O
ảnh	O
mình	O
làm	O
hình	O
nền	O
khóa	O
để	O
nhỡ	O
rơi	O
hoặc	O
để	O
quên	O
đt	NORM
thì	O
người	O
khác	O
ít	O
nhất	O
biết	O
mặt	O
chủ	O
nhân	O
nè	O

t	NORM
gửi	O
quả	O
dưa	O
nào	O
về	O
thì	O
ăn	O
nhá	O

mik	NORM
hay	O
mua	O
sạc	O
và	O
đt	NORM
khi	O
đầy	O
pin	O
nó	O
tự	O
ngắt	O

c	NORM
nghe	O
được	O
cái	O
bài	O
nhạc	O
riêng	O
của	O
con	O
này	O
vang	NORM
vảng	NORM
bên	O
tai	O

Sao	O
y	O
chang	O
t	NORM
dị,	NORM
thầy	O
bói	O
nói	O
t	NORM
nữa	O
giàu	O
nên	O
hi	O
zọng	NORM
ghê	O

T	NORM
là	O
t	NORM
bombastic	O
side	O
eyes	O
liền	O

gáng	NORM
đu	O
show	O
này	O
vì	O
chị	O
pu	O
mà	O
khúc	O
highnote	O
nghe	O
sợ	O
thặt	NORM
quăng	O
mẹ	O
cái	O
đt	NORM
luôn	O

đang	O
định	O
mua	O
đt	NORM
mà	O
tự	O
nhiên	O
tổ	O
tiên	O
ăn	O
cướp	O
nó	O
nhập	O
đó	O
chớ	O

Chú	O
này	O
đỉnh,	O
hqua	NORM
xem	O
video	O
phấn	O
khích	O
quá,	O

K	NORM
để	O
vụ	O
này	O
chìm	O

bạn	O
có	O
11	O
tiếng	O
để	O
dẫn	O
tôi	O
đi	O
ăn	O
mì	O
cay	O
và	O
mua	O
tsua.	NORM

T	NORM
đi	O
khám	O
ở	O
pk	NORM
thấy	O
tầm	O
4	O
ac	NORM
chơi	O

Tui	O
cũng	O
có	O
cái	O
tánh	O
đó	O
đó,	O
thấy	O
mấy	O
bé	O
hs	NORM
hay	O
sv	NORM
là	O
có	O
cảm	O
tình	O
ngay.	O

dm	O
bùn	NORM
cười	O
zl	O
=)))))	O

thoi	NORM
de	NORM
ngay	NORM
mai	O
di	NORM

có	O
cười	O
nhiều	O
hôn	NORM
pà	NORM

nhà	O
tù	O
hình	O
chái	NORM
tim	O

choa	NORM
mựn	NORM
tiền	O
ik	NORM
đại	O
gia	O

Tẩy	O
não	O
giỏi	O
thật	O
sự,	O
khéo	O
phải	O
theo	O
học	O
1	O
khoá	O
thôi	O
chứ	O
dnay	NORM
hàng	O
hoá	O
ế	O
ẩm	O
quá	O

Thứ	O
tôi	O
cần	O
ngay	O
lúc	O
nì	NORM

Rỳ	NORM
chứ	O
chị	O
mình	O
từ	O
nhan	O
sắc,	O
vũ	O
đạo	O
đến	O
biểu	O
cảm	O
đều	O
đỉnh	O
thiệt	O
chứ	O
giọng	O
hát	O
hơi	O
đuối	O
xíu	O
hoi	NORM

T	NORM
đang	O
tra	O
tấn	O
trà	O
xanh	O
và	O
gia	O
đình	O
nó	O
r.	NORM

ngược	O
lại	O
thì	O
là	O
t	NORM
nhe	O

Sao	O
lại	O
để	O
trẻ	O
con	O
dắt	O
ch.ó	NORM
đi	O
dạo	O
thế	O

ng	NORM
thành	O
công	O
có	O
lối	O
đi	O
riêng	O

Đầu	O
tiên	O
phải	O
cho	O
con	O
đi	O
viện	O
xem	O
có	O
sao	O
k	NORM
đã	O

hôm	O
nào	O
đi	O
tiếp	O
chớ:))	NORM

smooth	O
quá	O
làm	O
tớ	O
bị	O
nghi	O
ngờ	O
nhân	O
sinh	O
ý	NORM
ạ	O

Chời	NORM
mé	NORM
dễ	O
thương	O
quá	O
điiii	NORM

nụ	O
cười	O
của	O
truy	NORM
thứt:)	NORM

hồi	O
cấp	O
2	O
cho	O
HT	O
mượn	O
tiền	O
xong	O
hong	NORM
dám	O
đòi	O
qua	O
kiu	NORM
t	NORM
đòi	O
dùm	O
nữa	O
chứ	O

Chồng	O
iu	NORM
đẹp	O
trai	O
zị	NORM

Giờ	O
t	NORM
share	O
cái	O
lật	O
mặt	O
meme	O
này	O
chắc	O
nhiều	O
đứa	O
nhột	O

Người	O
hèng	NORM
thường	O
sống	O
thảnh	O
thơi:))	O

đỉnh	O
cout	NORM
là	O
đây	O
chứ	O
đâu	O

E	NORM
là	O
e	NORM
bé	O
của	O
a	NORM
mà	O

Nếu	O
cm	NORM
thu	O
nhập	O
và	O
con	O
dưới	O
7t	O
thì	O
mẹ	O
được	O
quyền	O
nuôi	O
con	O
chứ	O

Chứ	O
vấn	O
đề	O
nó	O
ko	NORM
nằm	O
ở	O
ăn	O
đc	NORM
thịt	O
mỡ	O
hay	O
k.	NORM

ông	O
a	NORM
làm	O
thế	O
dân	O
bắc	O
chả	O
bị	O
miền	O
khác	O
ghét	O
chán	O
ông	O
anh	O
vcl?	O

t	NORM
bic	NORM
ăn	O
dưa	O
leo	O
th	NORM
à=)))	O

lí	O
do	O
tsao	NORM
thích	O
mặc	O
đồ	O
trắng	O

Ad	O
có	O
giấy	O
bệnh	O
chứng	O
nhận	O
bị	O
tâm	O
thần	O
là	O
ko	NORM
bị	O
quýnh	O
đâu	O

lần	O
thứ	O
hai	O
và	O
n	O
lần	O
sau	O
ngta	NORM
cx	NORM
nói	O
zậy:)))	NORM

lớn	O
gòi	NORM
nhưng	O
vẫn	O
muốn	O
mẹ	O
mua	O
hộ	O
cho	O
bát	O
phở	O

năm	O
nay	O
a	NORM
lại	O
còn	O
phải	O
làm	O
batman	O
nữa	O
=)))))	O

Mấy	O
a	NORM
bắt	O
cá	O
2	O
tay	O

thầy	O
bói	O
nói	O
t	NORM
nếu	O
sinh	O
thời	O
PK	NORM
làm	O
chân	O
mệnh	O
thiên	O
tử	O

Mua	O
ultra	O
23	O
hoặc	O
note	O
20+	O
đi	O
mng	NORM
ưi	NORM

Đừng	O
hỏi	O
sao	O
balo	O
t	NORM
như	O
cái	O
thùng	O
rác	O

Sự	O
thật	O
là	O
mông	O
pồ	NORM
của	O
bạn	O
luôn	O
cong	O
hơn	O
mông	O
bạn	O
:)))	O

bà	O
mốt	O
lấy	O
chồng	O
đừng	O
làm	O
z	NORM
nghen	O

Kb	O
có	O
ai	O
như	O
toi	NORM
không,	O
da	O
thuộc	O
dạng	O
da	O
bth,	NORM
k	NORM
đen	O
cũng	O
k	NORM
trắng	O

hồi	O
19	O
tuổi	O
tôi	O
bối	O
rối	O
ko	NORM
biết	O
nên	O
xin	O
ba	O
20k	O
hay	O
50k	O

A	NORM
ngiu	NORM
k	NORM
tinh	O
ý	O

mới	O
ra	O
trường	O
như	O
đòi	O
exp	NORM
3	O
năm	O
trở	O
lên	O

mốt	O
trước	O
khi	O
anh	O
ngủ	O
anh	O
muốn	O
bé	O
Mai	O
nhắn	O
hết	O
những	O
suy	O
nghĩ	O
của	O
em	O
vô	O
mess	O
dc	NORM
hok	NORM

mưa	O
nào	O
mà	O
mưa	O
hỏng	NORM
tạnh	O

Gặp	O
nhiều	O
tao	O
cũng	O
hiền	O
mà	O
ít	O
ns	NORM
quá	O
trời	O

Lại	O
đến	O
cuỳ	NORM
xin	O
lỗi	O
thôi	O

Đợt	O
rồi	O
mình	O
đi	O
xem	O
concert	O
Mỹ	O
Tâm	O
một	O
mình	O
ngoài	O
lí	O
do	O
mình	O
là	O
fan	O
ra	O
thì	O
còn	O
là	O
vì	O
ko	NORM
quen	O
thân	O
người	O
bạn	O
nào	O
cũng	O
thích	O
MT	O
nên	O
ko	O
biết	O
rũ	NORM
ai,	O
hồi	O
concert	O
Hearbeat	O
2014	O
của	O
chỉ	O
đi	O
coi	O
chung	O
với	O
2	O
đứa	O
khác,	O
1	O
đứa	O
thì	O
bỏ	O
về	O
sớm,	O
1	O
đứa	O
thì	O
về	O
kêu	O
chán	O
vì	O
ko	NORM
phải	O
idol	O
nó,	O
nghe	O
xong	O
mình	O
cũng	O
mất	O
vui,	O
từ	O
đó	O
mình	O
ko	NORM
rũ	NORM
ai	O
đi	O
cùng	O
nữa,	O
có	O
rũ	NORM
thì	O
phải	O
rũ	NORM
người	O
cùng	O
sở	O
thích	O
&	O
hứng	O
thú	O
giống	O
bạn	O
mới	O
ko	NORM
bị	O
bể	O
mood	O
dc	NORM

phải	O
đi	O
ăn	O
đi	O
chơi	O
nhiều	O
hơn	O
thồyyyy	NORM
các	O
b	NORM
ơi	O

có	O
ai	O
có	O
phim	O
gì	O
để	O
chữa	O
lành	O
khum	NORM
ạ	O
,	O
recommend	O
cho	O
iem	NORM
vưới	NORM

Chắc	O
ng	NORM
iu	NORM
mìh	NORM
đag	NORM
hc	NORM
cấp	O
1	O
quák	NORM

ĐK	NORM
cho	O
nó	O
nhập	O
ngũ	O

Có	O
biến	O
gì	O
hong	NORM
dẫy	NORM
:))	O

gọi	O
dậy	O
học	O
cho	O
cố	O
zô.	NORM

Còn	O
ở	O
đấy	O
đánh	O
ng	NORM

Bỏ	O
đồ	O
trong	O
tủ	O
lạnh	O
thì	O
phải	O
bọc	O
lại	O
chứ	O
tr	NORM

Trắng	O
quá	O
hơi	O
phiền	O
thật	O
á	O
mn,	NORM
da	O
tui	O
k	NORM
trắg	NORM
như	O
mấy	O
lầu	O
trên	O
nhưng	O
cũng	O
thuộc	O
dạg	NORM
nổi	O
bật	O
trog	NORM
đám	O
đôg.	NORM

câu	O
chuyện	O
k	NORM
của	O
riêng	O
ai	O

cobe	NORM
có	O
làn	O
da	O
ra	O
nắng	O
phát	O
sáng,	O
mặc	O
áo	O
trắng	O
k	NORM
phân	O
biệt	O
đc	NORM
áo	O
vs	NORM
da	O
phát	O
biểu	O
cảm	O
nghĩ	O
đi	O

Trứng	O
gà	O
ko	NORM
kịp	O
nở	O
luôn,	O
đúng	O
là	O
gà	O
dính	O
tam	O
tai	O
gặp	O
thái	O
tuế	O
mà	O

Khi	O
pn	NORM
lương	O
tháng	O
3-4	O
tr	NORM
thì	O
thấy	O
đàn	O
ông	O
10tr	O
là	O
ok	O
rồi…	O

Cháu	O
bé	O
dắt	O
chó	O
ra	O
đường	O
mà	O
sao	O
ko	NORM
giọ	NORM
mõm	O
để	O
nó	O
cắn	O
người	O
thế	O
kia	O

thà	O
đi	O
concert	O
1	O
mình	O
hơn	O
là	O
đi	O
với	O
ng	NORM
ko	NORM
thực	NORM
sự	O
thích	O
vì	O
ngta	NORM
sẽ	O
làm	O
mình	O
tụt	O
mood	O
vcl	O

hủy	O
đơn	O
kia	O
đặt	O
cái	O
này	O
thôiiiiiiiiiiii	NORM

ủa	O
kh	NORM
hiểu	O
trò	O
chs	NORM
này	O
ls	O
luon	NORM
á	O

áo	O
tớ	O
chễ	NORM
cổ	O
lắm	O
r	NORM

không	O
biết	O
pạn	NORM
en	NORM
cơm	O
chưa	O
:))	O

K	NORM
ăn	O
được	O
thịt	O
mỡ	O
thì	O
gắp	O
vào	O
bát,	O
ăn	O
thịt	O
nạc,	O
để	O
lại	O
mỡ	O

idol	O
tik	O
tok	O
được	O
về	O
nhà	O
ăn	O
tết	O
vs	NORM
gđ	NORM
r	NORM

đọc	O
cừi	NORM
chớt	NORM
lun	NORM
ớ	O

tiền	O
thì	O
tớ	O
khum	NORM
tiếc	O
nhưng	O
căn	O
bản	O
là	O
tớ	O
khum	NORM
có	O
:	O
))))	O

Từ	O
lúc	O
biết	O
nhận	O
thức	O
được	O
chưa	O
thấy	O
bme	NORM
đánh	O
bh	NORM
cả	O

vào	O
nạp	O
triết	O
zô	NORM
đầu	O
đi	O
bn:))	NORM

Nhưng	O
ny	NORM
đâu	O
có	O
p	NORM
cái	O
áo	O

ráng	O
mua	O
ma	O
sói	O
trường	O
nói	O
nó	O
liên	O
quan	O
tới	O
hình	O
thức	O
cờ	O
bạc	O
nên	O
cấm	O
cho	O
chơi,	O
buồn	O
muốn	O
chít	NORM

dìa	NORM
coi	O
cam	O
cừ	NORM
bịnh	NORM

Riết	O
ko	NORM
có	O
nó	O
chịu	O
ko	NORM
nổi	O

Điều	O
lịch	O
sự	O
tối	O
thiểu	O
k	NORM
biết,	O
thì	O
..	O

Các	O
e	NORM
k	NORM
bứt	O
thì	O
để	O
bọn	O
chị	O

Đau	O
quá	O
bà	O
tới	O
pet	O
còn	O
k	NORM
muốn	O
nghe	O

t	NORM
cbi	NORM
mang	O
chả	O
nem	O
đi	O
bán	O
đây	O
:*((	O

Kiên	O
này	O
sịn	NORM
ghê	O
đấy	O

Lâu	O
quá	O
r	NORM
cũng	O
k	NORM
nhớ	O
nhiều,	O
nhưng	O
mà	O
trước	O
có	O
đọc	O
quyển	O
'Còn	O
chị	O
Còn	O
em'	O
mới	O
thấy	O
cũng	O
thông	O
cảm	O
cho	O
dân	O
Đức	O
hậu	O
CTTG	O
II	O
một	O
chút	O
vì	O
dù	O
gì	O
họ	O
cũng	O
bị	O
Đức	O
quốc	O
xã	O
tẩy	O
não.	O

thuê	O
nhà	O
4	O
trịu	NORM
moẹ	NORM
ròi	NORM

Chết	O
e	NORM
ko	NORM
được	O
thịt	O
mỡ	O

bạn	O
này	O
có	O
nét	O
giống	O
hồ	O
vũ	O
đồng	O
ghia	NORM

bà	O
này	O
mặt	O
xinh,	O
cơ	O
thể	O
có	O
mũm	O
mĩm	O
thì	O
vẫn	O
chia	O
rõ	O
ngực	O
-	O
eo	O
-	O
mông,	O
chưa	O
kể	O
còn	O
đ	NORM
bị	O
bắp	O
tay	O
to	O
=))))	O

thui	NORM
t	NORM
k	NORM
đẻ	O
nữa	O

Năm	O
c	NORM
thi	O
là	O
c	NORM
dc	NORM
bnhieu	NORM
điểm	O
và	O
trường	O
lấy	O
bnhieu	NORM
điểm	O
vậy	O
ạ?	O

cái	O
mấu	O
chốt	O
kh	NORM
phải	O
2	O
3$	O
mà	O
trời	O
nóng	O
như	O
này	O
đặt	O
onl	O
ship	O
về	O
còn	O
được	O
freeship	O
thì	O
chả	O
thấy	O
rẻ	O

Đao	NORM
lòng	O
lắm	O
mà	O
hỏng	NORM
mún	NORM
lói	NORM

thông	O
cảm	O
cái	O
chứ	O
kh	NORM
phải	O
chảnh	O
ba	O
=)))))))	O

sao	O
những	O
thứ	O
nhân	O
văn	O
như	O
này	O
thì	O
m	NORM
k	NORM
tag	O
t	NORM

May	O
cho	O
chú	O
em	O
là	O
ở	O
Bắc	O
kinh	O
đấy	O
chứ	O
ở	O
Việt	O
Nam	O
là	O
chú	O
đc	NORM
xông	O
khói	O
lâu	O
r	NORM

Ko	NORM
dư	O
thì	O
sống	O
đủ	O

b	NORM
ý	O
cố	O
gắng	O
bào	O
chữa	O
cho	O
mình	O
sau	O
mọi	O
lỗi	O
lầm	O
huhi	O

Thiệt	O
sự	O
á	O
tr	NORM
cảm	O
ơn	O
lắmmm:))	NORM

Đang	O
thấy	O
ấm	O
lòng	O
tự	O
dưng	O
nhớ	O
ra	O
mai	O
là	O
t2	NORM

Tàn	O
ác	O
quá	O
z	NORM
:))))	O

cố	O
gắng	O
cho	O
chị	O
em	O
đc	NORM
nhờ	O

Ch	NORM
xem	O
hết	O
cái	O
tưởng	O
kéo	O
lên	O
xong	O
nó	O
thả	O
vèo	O
vèo	O
xuống	O
=)))))))))))	O

Nếu	O
ko	NORM
minhon	NORM
thì	O
phải	O
cao	O
nha	O

em	O
ăn	O
đc	NORM
trái	O
gì	O
rồi	O
em	O

buổi	O
sau	O
t	NORM
lên	O
nói	O
có	O
khi	O
lại	O
thế	O
này	O

nhìn	O
các	O
bé	O
ngoan	O
thật,	O
nằm	O
thẳng	O
hàng	O
qá	NORM

ê	O
ăn	O
vặt	O
quà	O
chiều	O
ko?	NORM

đi	O
Chengdu	O
ngắm	O
thụ	O
ngayyyyyyy	NORM

Thả	O
màu	O
đẹp	O
như	O
nước	O
bể	O
bơi	O
z	NORM
á	O

Vẻ	O
đẹp	O
ko	NORM
tì	O
vết,	O
nghiêng	O
nước	O
nghiêng	O
thùng	NORM

Bruno	O
Mars	O
mà	O
về	O
VN	O
diễn	O
thử	O
t	NORM
đu	O
cho	O
=	NORM
đc	NORM

cây	O
dâu	O
da	O
nhà	O
c	NORM
cbi	NORM
tới	O
công	O
chiện	NORM
chưa	O

cúi	NORM
cùng	O
2	O
đứa	O
nt	NORM
cho	O
nhau	O
rùi	NORM
yêu	O
nhau	O
rùi	NORM
vì	O
lý	O
do	O
ngớ	O
ngẩn	O
nào	O
đó	O
mà	O
ctay	NORM
=))))))))))))))))))))	O

Mé	NORM
con	O
cái	O
qua	O
đường	O
thì	O
bế	O
nó	O
lên	O
nhìn	O
quanh	O
trái	O
phải	O
chứ,	O
đã	O
ngốc	O
ngốc	O
a	O
bốc	O
rồi	O
còn	O
quay	O
sang	O
đánh	O
người	O
ngáo	O
chó	O
ak	NORM

qua	O
điểm	O
liệt	O
mừng	O
gớt	NORM
nước	O
mắt	O
=))	O

Ngành	O
GD	NORM
mà	O
ntn	O
thì	O
thua	O
thật	O
r..	NORM

Uống	O
bn	NORM
hộp	O
là	O
quyền	O
của	O
tao	O

Hốt	O
lại	O
đi	O
r	NORM
rửa	O
sạch	O
ăn	O

Mún	NORM
có	O
ngừ	NORM
nói	O
cho	O
bớt	O
ăn	O
lại	O
mà	O
k	NORM
ai	O
nói	O
hết	O
buồn	O
ăn	O
nhìu	NORM
k	NORM
ai	O
cảng	NORM
sắp	O
lăn	O
rồi	O

chưa	O
đọc	O
hết	O
nhưng	O
đọc	O
mấy	O
chữ	O
đầu	O
là	O
nhớ	O
đến	O
b	NORM
rồi	O

Hèn	O
j	NORM
ngày	O
nào	O
đi	O
làm	O
áo	O
cũng	O
ướt	O
nhẹp	O

Nhưng	O
có	O
thể	O
gắp	O
nguyên	O
cục	O
và	O
bỏ	O
mỡ	O
ra,	O
ít	O
nhất	O
cũng	O
k	NORM
gây	O
phản	O
cảm	O

Chỉ	O
thik	NORM
nước	O
xanh	O
thoy	NORM

Đồng	O
vợ	O
đồng	O
Ck	NORM
vậy	O
là	O
quá	O
OK	O
rồi	O
còn	O
dì	NORM
nữa	O

nhưng	O
mà	O
nó	O
lại	O
như	O
kiểu	O
vietlot	O
kb	O
có	O
thật	O
hay	O
ko	NORM
thôi	O

:))	O
chữa	O
lành	O
dữ	O
k	NORM

Tưởng	O
cháo	O
hành,	O
ai	O
ngờ	O
cơm	O
chóa.	NORM

Mìn	NORM
cũng	O
hok	NORM
ăn	O
thịt	O
mỡ	O

bé	O
này	O
có	O
z	NORM
kh	NORM
:)))	O

Moá	NORM
ko	NORM
lẽ	O
bẻ	O
lái	O
cho	O
nó	O
xuống	O
ruộng.	O

Hồi	O
ý	O
bọn	O
t	NORM
học	O
cùng	O
lớp	O
với	O
một	O
bạn	O
tên	O
T,	O
t	NORM
ghét	O
bạn	O
ý	O
lắm	O
vì	O
bạn	O
ý	O
kiểu	O
chanh	O
chua	O
hay	O
cáu,	O
mà	O
t	NORM
không	O
thích	O
người	O
nthe.	NORM

khum	NORM
aiii	NORM
bth	NORM
khi	O
êo	NORM

drama	O
nằm	O
sẵn	O
đó	O
luôn	O
nên	O
skip	O
khúc	O
tưởng	O
tượng	O
nhảy	O
dzô	NORM
khúc	O
khóc	O
luôn	O
hông	NORM

rui	NORM
tới	O
bông	O
phương	NORM
nữa..kkk	O

Bảo	O
sao	O
Real	O
hq	NORM
đá	O
khét	O
thật	O

Mình	O
sn	O
96	O
mà	O
hằng	O
ngày	O
vẫn	O
phải	O
ngồi	O
phân	O
vân	O
đặt	O
trà	O
sữa	O
trên	O
grab	O
hay	O
gojek	O
thì	O
bên	O
nào	O
xài	O
đc	NORM
nhiều	O
mã	O
hơn	O

sữa	O
này	O
péo	NORM
quá	O
keoo	NORM

tự	O
nhiên	O
bị	O
nhỏ	O
này	O
dụ	O
chơi	O
n	NORM

bạn	O
có	O
như	O
vậy	O
k	NORM

Làm	O
nghề	O
tài	O
xế	O
bạc	O
bẽo	O
quá,	O
chắc	O
tui	O
chuyễn	NORM
qua	O
chạy	O
rap	O
lun	O
quá	O

Mặt	O
hàng	O
này	O
còn	O
hơm	NORM
dị	NORM

Riêng	O
lấy	O
vk	NORM
xong	O
còn	O
dzai	NORM
hơn	O

B	NORM
gái	O
lên	NORM
để	O
ý	O
hơn,	O
k	NORM
an	NORM
dc	NORM
thịt	O
mỡ	O
thì	O
ăn	O
món	O
khác	O

Hay	O
dữ	O
dị	NORM
trời	O
:))	O

Ai	O
thọc	O
huyết	O
mà	O
má	O
la	O
dữ	O
z	NORM

Ngta	NORM
gọi	O
là	O
thành	O
quả	O

tôi	O
thấy	O
bài	O
này	O
và	O
tưởng	O
tượng	O
ko	NORM
ra	O
cảm	O
giác	O
được	O
thả	O
thính	O

lí	O
thuyết	O
là	O
thế,	O
thực	O
hành	O
chưa	O
có	O
nên	O
cũn	NORM
k	NORM
bít	NORM

Hỏng	NORM
có	O
nói	O
dậy	NORM
đi:))	O

Nói	O
zị	NORM
cho	O
đỡ	O
bùn	NORM

Hát	O
không	O
hay	O
thì	O
vẫn	O
chê	O
thôi,	O
kể	O
cả	O
có	O
ở	O
nước	O
nào	O
celeb	O
Hàn	O
hay	O
Trung	O
hay	O
Việt	O
hay	O
nước	O
nào	O
chăng	O
nữa,	O
không	O
hay	O
t	NORM
vẫn	O
chê,	O
mắc	O
gì	O
nói	O
không	O
hay	O
là	O
bắt	O
đầu	O
vào	O
bảo	O
dân	O
Việt	O
chê	O
người	O
Việt,	O
thật	O
sự	O
hát	O
rất	O
quan	O
trọng,	O
không	O
chỉ	O
đẹp	O
sáng	O
sân	O
khấu	O
là	O
đáp	O
ứng	O
tiêu	O
chuẩn	O
t,	NORM
nên	O
là	O
đừng	O
vào	O
bắt	O
bẻ	O
tiêu	O
chuẩn	O
của	O
người	O
khác	O
nha	O
mấy	O
bạn	O
hiền	O

nếu	O
áo	O
ko	NORM
hấp	O
thụ	O
nhưng	O
đi	O
xuyên	O
qua	O
áo	O
người	O
m	NORM
hấp	O
thụ	O
thì	O
sao	O
nhỉ?	O

Nhà	O
cô	O
là	O
các	O
e	NORM
còn	O
bé	O
cũng	O
đã	O
ko	NORM
đc	NORM
bới	O
đồ	O
ăn	O
lên	O
rồi,	O
cơ	O
mà	O
chả	O
lẽ	O
ny	NORM
ko	NORM
biết	O
mình	O
ko	NORM
ăn	O
đc	NORM
thịt	O
mỡ???	O

ngủ	O
nhiều	O
dô	NORM
nha	O
anh	O

Tớ	O
có	O
bao	O
giờ	O
tiếc	O
tiền	O
với	O
cậu	O
đâu;	O
quan	O
trọng	O
là	O
tớ	O
không	O
coá	NORM

CLC	O
60	O
chẹo	NORM
thui	NORM
chứ	O
k	NORM
có	O
nhiu	NORM
:))	O

xịn	O
mịn	O
thực	O
sự	O
chưaaa	NORM

em	O
thuê	O
người	O
gãi	O
lưng	O
cho	O
em	O
ngủ	O
th	NORM
chứ	O
k	NORM
làm	O
j	NORM
đc	NORM
k	NORM
chị	O

xin	O
clip	O
cả	O
họ	O
nhà	O
nó	O
qu...ỳ	NORM
la...ỵ	NORM
van	O
xin	O

lỡ	O
anh	O
là	O
cgái	NORM
em	O
có	O
iu	NORM
hogg	NORM

ê	O
ăn	O
cái	O
này	O
ngon	O
k	NORM
mng:))	NORM

trc	NORM
bảo	O
em	O
bỏ	O
tủ	O
đá	O

match	O
với	O
a	NORM
nào	O
hay	O
câu	O
cá	O
đi	O

th	NORM
vua	O
đệm	O
bóng	O
haaland	O
mất	O
tích	O
trên	O
sân.	O

trải	O
nghiệm	O
ko	NORM
bn	NORM
iu	NORM

Kiểu	O
đó	O
làm	O
tôi	O
sợ	O
kh	NORM
hơn	O
thôi	O

có	O
3	O
ng	NORM
lên	O
xe	O
vào	O
lúc	O
trời	O
mưa	O
tầm	O
tã	O
đưa	O
tờ	O
đó	O
bị	O
đuổi	O
xg	NORM
mặc	O
dù	O
mng	NORM
trên	O
xe	O
ngỏ	O
ý	O
trả	O
dùm	NORM
nhưng	O
vẫn	O
bị	O
đuổi	O

Học	O
zui	NORM
thôi	O
mai	O
sau	O
lấy	O
đại	O
gia	O
mà	O

Bạn	O
người	O
ta,	O
b	NORM
mình	O
bảo	O
mua	O
cho	O
cái	O
oto	NORM
không	O
thằng	O
nào	O
mua	O
:))	O

mang	O
chồng	O
theo	O
làm	O
dc	NORM
k	NORM
ạ	O

*gửi	O
lại	O
video	O
mình	O
đã	O
gửi	O
trc	NORM
đó	O
nửa	O
ngày*	O

Sống	O
đời	O
zô	NORM
tri	O
hửn	NORM
tide	NORM
pink	NORM

mình	O
sẽ	O
lưu	O
bài	O
này	O
về	O
để	O
mỗi	O
lần	O
dự	O
định	O
yêu	O
đương	O
với	O
ai	O
đó	O
sẽ	O
mở	O
lên	O
đọc	O
cho	O
tâm	O
hồn	O
k	NORM
màu	O
hồng	O
nữa=))))	O

Là	O
cưng	O
dữ	O
chưachứ	NORM
t	NORM
mệt	O
mỏi	O
quá	O

Lúc	O
thi	O
công	O
chức	O
mà	O
thi	O
phỏng	O
vấn,	O
đi	O
thi	O
ko	NORM
thèm	O
đem	O
cây	O
viết	O
luôn,	O
dô	NORM
kí	O
tên	O
k	NORM
có	O
cây	O
viết	O
kí,	O
bốc	O
đề	O
trc	NORM
đưa	O
giấy	O
nháp	O
cho	O
5p	O
nhớ	O
gì	O
viết	O
ra	O
mà	O
k	NORM
có	O
cây	O
viết,	O
bà	O
giám	O
khảo	O
kêu	O
nộp	O
giấy	O
nháp,	O
hỏi	O
sao	O
e	NORM
ko	NORM
viết	O
gì	O
hết,	O
nói	O
em	O
quên	O
đem	O
viết	O
bã	NORM
lắc	O
đầu	O
=))))	O

Giờ	O
mới	O
28	O
mà	O
sức	O
khỏe	O
có	O
chiều	O
hướng	O
đi	O
xuống	O
nên	O
cũng	O
sợ	O
lắm	O
r	NORM

Ôi	O
kẹo	O
chip	O
chip	O
vs	NORM
cá	O
viên	O
chiên	O
của	O
thằng	O
con	O
zai	NORM
tôi	O

K	NORM
biết	O
có	O
còn	O
măng	O
cụt	O
chín	O
để	O
t	NORM
ăn	O
nữa	O
k	NORM

shao	NORM
cta	NORM
k	NORM
biết	O
nó	O
sớm	O
hơn	O

Giám	O
thị	O
hỏi	O
mang	O
máy	O
tính	O
vào	O
lgi	NORM

Luật	O
vn	O
làm	O
gi	NORM
dành	NORM
đc	NORM
2	O
bé,	O
chia	O
ra	O
mỗi	O
người	O
nuôi	O
1	O
đứa	O

uk	O
phải	O
dành	O
cho	O
ng	NORM
thật	O
xứng	O
đáng	O
chớ	O

Chế	O
ơi,	O
chế	O
có	O
cần	O
vk	NORM
hay	O
bạn	O
gái	O
gì	O
k	NORM
ạ?	O

4	O
tháng	O
ăn	O
dc	NORM
bún	O
đậu	O
mắm	O
tôm	O
với	O
tô	O
bún	O
bò	O
đặc	O
biệt	O
dc	NORM
roi:))	NORM

e	NORM
có	O
con	O
2t	O
đang	O
gửi	O
mẫu	O
giáo:)))	O

nghe	O
sau`	NORM
doi	NORM
vai	NORM
chuong	NORM
ng	NORM
anh	O
em	O
a	NORM

T	NORM
đã	O
dặn	O
ck	NORM
sau	O
này	O
mua	O
gì	O
cho	O
con	O
là	O
mua	O
cho	O
cả	O
vợ	O
nhé	O

nuôi	O
thêm	O
anh	O
em	O
cho	O
Kiwi	O
điiiii	NORM

ủa	O
j	NORM
lạ	O
z	NORM
bạn	O
sao	O
bth	NORM
k	NORM
gửi	O
z	NORM
đi	O

qua	O
mua	O
đồ	O
ăn	O
vặt	O
kìa	O
m	NORM

ko	NORM
ăn	O
đồ	O
lung	O
tung	O
nhé	O

Mụi	NORM
người	O
pik	NORM
xe	O
này	O
bán	O
ở	O
đâu	O
k	NORM
ạ	O

Cơ	O
mà	O
vẫn	O
k	NORM
thích	O
nhạc.	O

nước	O
lọc	O
vị	O
cf	NORM
là	O
sao	O
dị	NORM
=))	O

nhân	O
vật	O
chính	O
trong	O
cf	O
của	O
chúng	O
mình	O
đây	O
xaooo	NORM
:)))))	O

Chi	O
xinh	O
thật,	O
Trương	O
Gia	O
Nghe	O
thỳ	NORM
nhức	O
nách	O
luôn	O

nghèo	O
mới	O
cần	O
học	O
lấy	O
nhiều	O
bằng	O
còn	O
giàu	O
thì	O
càn	NORM
gì	O
học	O
nhiều	O

vì	O
e	NORM
xứng	O
đáng	O
đc	NORM
nhà	O
nước	O
đãi	O
ngộ	O
và	O
quan	O
tam.	NORM

Khó	O
thế	O
mà	O
cũng	O
nghĩ	O
ra	O
dc	NORM

hồi	O
nhỏ	O
xíu	O
là	O
t	NORM
ngủ	O
chung	O
với	O
bà	O
nội,	O
trc	NORM
khi	O
ngủ	O
ngày	O
nào	O
cũng	O
tưởng	O
tượng	O
ra	O
nếu	O
bà	O
nội,	O
bà	O
ngoại	O
chết	O
thì	O
sao,	O
rồi	O
nằm	O
khóc	O
nấc	O
nấc	O
(mà	O
ngày	O
nào	O
cũng	O
tưởng	O
tượng	O
vậy	O
rồi	O
ngày	O
nào	O
cũng	O
khóc)	O

Anh	O
ở	O
trên	O
có	O
xài	O
mxh	O
hong	NORM
ạ	O

A	NORM
này	O
có	O
mở	O
cơ	O
sở	O
ở	O
VN	NORM
kg	NORM
các	O
bạn	O
tui	O
muốn	O
dùng	O
dịch	O
vụ	O
này	O

tình	O
iu	NORM
rực	O
lữa	NORM
ngang	O
trái	O

chạy	O
nhanh	O
zu	NORM
z	NORM
ta.	O

t	NORM
public	O
ảnh	O
lên	O
nhé	O

:	O
ôi	O
tăm	O
cay	O
vs	NORM
kẹo	O
mút	O
của	O
anh	O
cả	O

đơn	O
giản	O
là	O
vì	O
muốn	O
dành	O
sự	O
chân	O
thành	O
cho	O
người	O
mình	O
thích	O
chứ	O
ko	NORM
đùa	O
giỡn	O
thoáng	O
qua.	O

Hội	O
người	O
hèng	NORM
khi	O
khóc	O

giờ	O
cừi	NORM
cũm	NORM
y	O
dậy	NORM
:)))	O

thật	O
ra	O
mình	O
vẫn	O
đang	O
ở	O
nhà	O
chưa	O
đi	O
làm,	O
muốn	O
làm	O
những	O
thứ	O
mình	O
thích	O
mà	O
chả	O
biết	O
ntn,	O
đôi	O
lúc	O
cx	NORM
ko	NORM
biết	O
bản	O
thân	O
muốn	O
gì,	O
kiểu	O
có	O
lúc	O
thấy	O
khó	O
ở	O
ko	NORM
hứng	O
thú	O
ngay	O
cả	O
với	O
nhữg	NORM
thứ	O
đam	O
mê	O

K	NORM
bõ	O
đc	NORM
mấy	O
hớp	O

có	O
bnh	NORM
tỷ	O
r	NORM
:)))	O

bao	O
gẻ	NORM
đỡ	O
phải	O
lo	O
tìm	O
vc	O

chẹp	O
chẹp	O
ngon	O
quớ	NORM
m	NORM
ưi	NORM

chưa	O
lấy	O
nhưng	O
tăng	O
sương	O
sương	O
chục	O
ký	O
chứ	O
nhiu	NORM
đâu	O

Chắc	O
hắn	O
đang	O
nghĩ	O
lí	O
do	O
ctay	NORM
tuôi	NORM
:))	O

Bà	O
đầu	O
tiên	O
bên	O
góc	O
trái	O
tên	O
gì	O
v	NORM
mn	NORM

Bỏ	O
đi	O
mà	O
làm	O
ng	NORM
em	O
ei	NORM

sếp	O
như	O
cặ*	NORM
nó	O
ko	NORM
đấm	O
cho	O
là	O
may	O
rồi	O

T	NORM
nghĩ	O
do	O
phim	O
cũ	O
quá	O
và	O
thêm	O
cách	O
diễn	O
k	NORM
được	O
duyên	O
lắm	O

a	NORM
ngủ	O
cho	O
sâu	O
vào	O
ko	NORM
cần	O
dậy	O
cũm	NORM
đc	NORM
hé	NORM

Sấm	O
rầm	O
rầm	O
mà	O
mới	O
mưa	O
có	O
1	O
xí	NORM

Chửi	O
t	NORM
rồi	O
chia	O
tay	O
trong	O
sự	O
khó	O
hiểu	O
luôn	O

Bme	NORM
sinh	O
ra	O
lớn	O
lên	O
bảo	O
bme	NORM
có	O
tội	O

ô	NORM
nào	O
xung	O
phong	O
bù	O
đắp	O
đi	O
kìa	O
@@	O

Nhưng	O
mùa	O
này	O
mặc	O
áo	O
trắng	O
về	O
giặt	O
mắc	O
mợt	NORM

trước	O
giờ	O
phim	O
đài	O
mà	O
mình	O
xem	O
lúc	O
nào	O
cũng	O
truyền	O
cho	O
mình	O
giá	O
trị	O
tinh	O
thần	O
rất	O
tốt,	O
từ	O
cảm	O
giác	O
lạc	O
quan	O
cho	O
đến	O
niềm	O
tin	O
vào	O
những	O
điều	O
may	O
mắn	O
,	O
à	O
với	O
lại	O
những	O
nữ	O
9	NORM
mà	O
bây	O
giờ	O
nhiều	O
bạn	O
nghĩ	O
là	O
giả	O
nai	O
thì	O
mình	O
vẫn	O
cảm	O
thấy	O
rất	O
thích	O
luôn,	O
từ	O
khi	O
nào	O
mà	O
việc	O
hiền	O
lành	O
và	O
đối	O
xử	O
tốt	O
thì	O
là	O
giả	O
tạo	O
hết	O
vậy?	O

Mấy	O
vị	O
dv	NORM
dầu	O
mỡ	O
đi	O
mà	O
học	O
tập	O
tinh	O
anh	O
xã	O
hội	O
đi	O
đóng	O
phim	O
chục	O
năm	O
mà	O
ko	NORM
nhìn	O
ngta	NORM
ngoài	O
đời	O
ra	O
sao	O

Đã	O
từng	O
đi	O
1	O
mình,	O
và	O
gặp	O
đc	NORM
những	O
ng	NORM
bạn	O
dễ	O
thương	O
lắmmm	NORM

Có	O
đé	O
hay	O
không	O
đé	O
nói	O
nhanh	O
hơn	O
tụi	O
khôg	NORM
hiểu	O
luôn	O

cở	NORM
chị	O
với	O
cưng	O
kh	NORM
bé	O

Làm	O
3	O
lần	O
chóc	NORM
bà	O
da	O
đầu	O

ra	O
trường	O
đi	O
làm	O
chạy	O
content	O
ngày	O
5	O
10	O
cái	O
deadline	O
đc	NORM
trả	O
200k	O
xong	O
chấm	O
nước	O
mắt	O
bằng	O
cái	O
bảng	O
lương	O
trung	O
bình	O
thấp	O
nhất	O
30tr/tháng	O
của	O
nhân	O
viên	O
ngân	O
hàng	O

Tự	O
nhiên	O
nhớ	O
tới	O
vụ	O
này	O
hài	O
và	O
yêu	O
cực,	O
hồi	O
sự	O
kiện	O
âm	O
nhạc	O
nào	O
đó	O
ở	O
hàm	O
cá	O
mập	O
Hà	O
Nội	O
có	O
Justatee	O
idol	O
từ	O
hồi	O
học	O
c2	NORM
của	O
t	NORM

gòi	NORM
là	O
nhớ	O
cái	O
bài	O
viết	O
hôm	O
trước	O
k	NORM
:))	O

nhắm	O
được	O
nhiu	NORM
đỉm	NORM
mà	O
đi	O
dữ	O
z	NORM
:))	O

Khônh	NORM
té	O
nha	O
t	NORM
ăn	O
mấy	O
loại	O
quả	O
mà	O
mẹ	O
t	NORM
để	O
đến	O
khô	O
héo	O
suốt	O
đến	O
nỗi	O
bụng	O
t	NORM
lì	O
luôn	O
mà	O

Xứng	O
đáng	O
lắm	O
e	NORM
và	O
gđ	NORM

Ngoan	O
mà	O
đừng	O
khox	NORM
nữa	O
:((((	O

nma	NORM
cho	O
tui	O
hỏi	O
xíu,	O
cậu	O
ăn	O
nthe	O
xong	O
có	O
giảm	O
dc	NORM
cân	O
nào	O
k	NORM
ạ	O

mấy	O
th	NORM
chê	O
bai	O
lên	O
nhảy	O
vs	NORM
hát	O
xem	O
bằng	O
nó	O
k	NORM
=))	O

T	NORM
chỉ	O
sợ	O
là	O
t	NORM
giành	O
ăn	O
cả	O
bim	O
bim	O
của	O
cháu	O
thôi	O

còn	O
nhớ	O
cô	O
bé	O
đó	O
hơm	NORM
mn	NORM

ngoo	NORM
see	NORM
hưởng	O
tide	NORM
pink	NORM

Ước	O
gì	O
mình	O
cũng	O
đc	NORM
như	O
z	NORM
:))	O

Thui	NORM
j	NORM
đâu	O
buồn	O
xưa	O
tui	O
nè	O
thiếu	O
0,25	O
là	O
vô	O
trường	O
chuyên	O
r	NORM

Hông	NORM
ấy	O
đổi	O
được	O
ko,con	NORM
trai	O
mà	O
đích	O
bự	O
hơn	O
t	NORM
nữa	O

rồi	O
nhắm	O
làm	O
vị	NORM
với	O
t	NORM
dí	NORM
m	NORM
mà	O
coai	NORM
đượt?	NORM

Ui	NORM
sao	O
mẹ	O
ẻm	O
lại	O
bỏ	O
quên	O
ẻm	O
dậy	NORM
nè	O
?	O

Bố	O
mình	O
có	O
dạy	O
tuy	O
hơi	O
thô	O
nhưng	O
mà	O
thật	O
là	O
mày	O
ăn	O
miếng	O
nạc	O
miếng	O
mỡ	O
miếng	O
to	O
miếng	O
bé	O
gì	O
đc	NORM
hết	O
nhưng	O
thích	O
miếng	O
nào	O
thì	O
nhằm	O
cho	O
kĩ	O
rồi	O
1	O
phát	O
gắp	O
luôn,	O
ko	NORM
đc	NORM
bới,	O
ví	O
dụ	O
mình	O
ăn	O
vs	NORM
người	O
thân	O
quen	O
mà	O
muốn	O
tìm	O
miếng	O
cổ	O
miếng	O
cánh	O
thì	O
xin	O
phép	O
cho	O
bới	O
lên	O
tìm	O
còn	O
chỗ	O
ko	NORM
đc	NORM
thân	O
quen	O
thì	O
ngồi	O
chờ	O
họ	O
ăn	O
đến	O
lúc	O
nào	O
nó	O
trật	O
ra	O
rồi	O
mk	NORM
gắp,	O
chứ	O
ra	O
mắt	O
nhà	O
người	O
yêu	O
lần	O
đầu	O
mà	O
bới	O
đến	O
3	O
lần	O
thì	O
thôi	O
toang	O

xong	O
quên	O
không	O
vứt,	O
mở	O
ra	O
ối	O
dồi	NORM
ôi	NORM
luôn	O
=))	O

theo	O
lý	O
thuyết	O
thì	O
năm	O
sau	O
mình	O
sẽ	O
có	O
ny	NORM
rồi	O
cưới	O

Trời	O
ơi	O
sao	O
tui	O
thấy	O
tui	O
đâu	O
đây	O
nt	NORM
đòi	O
tiền	O
nó	O
còn	O
tl	NORM
thêm	O
câu	O
t	NORM
khổ	O
gần	O
chết	O
có	O
là	O
t	NORM
đưa	O
m	NORM
xài	O
rồi	O
mình	O
nghĩ	O
ủa	O
mình	O
có	O
phải	O
mượn	O
nợ	O
nó	O
đâu	O
mình	O
là	O
chủ	O
nợ	O
nó	O
mà	O
trời	O
có	O
là	O
đưa	O
ủa	O
rồi	O
nào	O
m	NORM
mới	O
có	O
??	O

Oan	O
ức	O
quá,	O
con	O
gái	O
lớn	O
rồi	O
mà	O
k	NORM
biết	O
suy	O
nghĩ	O

cho	O
nc	NORM
lạnh	O
hay	O
nc	NORM
nóng	O
anh	O

bạn	O
muốn	O
dc	NORM
như	O
thế	O
kh	NORM

Nhưng	O
mà	O
n	NORM
đắt	O
ngang	O
hàng	O
hiệu	O
thật	O

Hồi	O
trc	NORM
lấy	O
a	NORM
thì	O
đã	O
k	NORM
tnay	O

Cái	O
này	O
ah	NORM
chẳng	O
những	O
truy	O
tố	O
tội	O
ông	O
thầy	O
mà	O
phải	O
cả	O
hiệu	O
trưởng	O
vì	O
đã	O
cố	O
ý	O
bao	O
che	O
vu	O
khống	O
cho	O
học	O
sinh	O
khi	O
đưa	O
tin	O
sai	O
lệch	O
xúc	O
phạm	O
danh	O
dự	O
nhân	O
phẩm	O
của	O
em	O
hs	NORM
mới	O
đúng.	O

Bác	O
gái	O
nói	O
vậy	O
cũng	O
k	NORM
oan	O
đâu	O
ạ	O

rồi	O
về	O
nhà	O
k	NORM
vứt	O
=))	O

hèn	O
chi	O
kẹt	O
lòi	O
lol	NORM
luôn	O

kiếm	O
cái	O
xong	O
rồi	O
cho	O
e	NORM
coi	O

Theo	O
kịch	O
bản	O
thì	O
ny	NORM
tao	O
đang	O
học	O
cấp	O
2,	O
nhưng	O
nếu	O
tao	O
là	O
nhân	O
vật	O
chính	O
cơ	O

Bởi	O
nhiều	O
lúc	O
có	O
tiền	O
cũng	O
kh	NORM
đi	O
đc	NORM
xe	O
bus	O
đâu	O
=)(	O

Mỗi	O
lần	O
ăn	O
gà	O
đều	O
bóc	O
da	O
ra	O
cho	O
t	NORM

nhớ	O
anh	O
chở	O
em	O
về	O
QN	O
ko	NORM

"	O
2	O
người	O
nãy	O
là	O
sao	O
dậy	NORM
em,	O
không	O
biết	O
sao	O
dị	NORM
được	O
luôn	O
he	NORM
em"	O
:)))	O

úi	NORM
đáng	O
iu	NORM
v,	NORM
mặc	O
dù	O
mình	O
không	O
hiểu	O
nói	O
gì	O
hết	O

nghe	O
đồn	O
món	O
guột	NORM
của	O
khánh	O

Tự	O
nhiên	O
đọc	O
được	O
bài	O
viết	O
có	O
chút	O
an	O
ủi	O
ngồi	O
ghế	O
đợi	O
ny	NORM
tiếp	O
vậy	O

Cần	O
lắm	O
vài	O
câu	O
thả	O
thính	O
bao	O
dính	O
ọ	NORM
Thank	O
you	O

T	NORM
cap	O
hết	O
rồi	O
khỏi	O
cãi	O

Đảm	O
bảo	O
má	O
nào	O
mới	O
nhụm	NORM
màu	O
đỏ	O
xong	O
mà	O
gội	O
đầu	O
1	O
phát	O
là	O
tưởng	O
có	O
án	O
mạng	O
trong	O
phòng	O
tắm	O
luôn	O
thề	O

Ko	NORM
có	O
tiếng	O
ns	NORM
chung	O
sao	O
k	NORM
cùng	O
nhau	O
ngồi	O
nc	NORM
vs	NORM
nhau	O
để	O
giải	O
quyết	O

Htrc	O
trót	O
ăn	O
gói	O
mực	O
bento	O
của	O
con	O
xong	O
k	NORM
vứt	O
vỏ,	O
về	O
nó	O
gào	O
mồm	O
lên	O
nó	O
khóc	O
cơ	O

ủa	O
s	NORM
bữa	O
nay	O
cả	O
nc	NORM
ai	O
cx	NORM
cúp	O
điện	O
v	NORM
ạ	O

chứ	O
đồ	NORM
nước	O
là	O
xong	O
film	O

chị	O
cũng	O
nũng	O
nịu	O
íu	NORM
đúi	NORM
nhờ	O
vả	O
chồng	O
đi	O
xong	O
nịnh	O
nọt	O
khen	O
ngợi	O
mấy	O
anh	O
đồng	O
nghiệp	O
chồng	O
lôi	O
kéo	O
đồng	O
minh	O
chọc	O
tức	O
lại	O
chơi	O
chị	O
cứ	O
dùng	O
hành	O
động	O
chọc	O
tức	O
lại	O
cho	O
zui	NORM
chứ	O
ko	NORM
phải	O
nói	O
gì	O
sất,	O
đề	O
phòng	O
nói	O
xong	O
chị	O
A	O
lại	O
ra	O
vẻ	O
đáng	O
thương	O
thì	O
mình	O
thiệt	O
á	O
=)))))	O

chẳng	O
có	O
gì	O
là	O
không	O
dc	NORM

tự	O
nhiên	O
thấy	O
nhức	O
mỏi	O
quá	O
ce	NORM

Quan	O
trọng	O
là	O
có	O
mòe	NORM
đang	O
liếm	O
đít	O

em	O
toy	NORM
hay	O
đọc	O
truyện	O
vui	O
cực,	O
mà	O
là	O
cực	O
lạc	O

càng	O
đỏ	O
càng	O
mê	O
moà	NORM

mình	O
27	O
tuổi	O
rồi	O
và	O
mẹ	O
mình	O
éo	NORM
thích	O
mình	O
có	O
ny	NORM
luôn	O
chứ	O
đừng	O
nói	O
là	O
kết	O
hôn	O
:))	O

Ko	NORM
ai	O
khiến	O
tôi	O
đi	O
search	O
cái	O
củ	O
cải	O
này	O

Ôi	O
Thái	O
bình	O
chúng	O
tôi	O
kh	NORM
có	O
loại	O
này	O

Tui	O
cx	NORM
khum	NORM
bik	NORM
sao	O
z	NORM
nứa	NORM
:’))	O

trường	O
cho	O
bật	O
từ	O
tiết	O
1	O
nhma	NORM
tới	O
tiết	O
3	O
mới	O
chịu	O
kéo	O
cầu	O
dao	O
cho	O
mình:))	O

bới	O
lên	O
mắng	O
là	O
đúng	O
gòi	NORM
:)))	O

em	O
thẫn	O
thờ	O
vì	O
cb	NORM
em	O
luôn	O

bạn	O
ko	NORM
có	O
một	O
chúk	NORM
văn	O
hoá	O
nào	O
,	O
bạn	O
ko	NORM
có	O
một	O
chút	O
đạo	O
đức	O
nào	O

ê	O
ngược	O
nha	O
t	NORM
nghiêm	O
túc	O
là	O
t	NORM
thính	O
mượt	O
lắm	O
còn	O
k	NORM
có	O
ý	O
định	O
gì	O
thì	O
hay	O
né	O
thính	O
ng	NORM
khác	O

đi	O
mátxa	O
này	O
ok	O
nè	O
c	NORM

móc	O
đc	NORM
k	NORM
c	NORM
oi	NORM

con	O
ơi,	O
sắp	O
tới	O
sinh	O
nhật	O
Bố	O
r	NORM
nhé	O
:))	O

Nhma	NORM
anh	O
đó	O
là	O
anh	O
họ	O
mìnk	NORM

đấy,	O
ló	NORM
phải	O
như	O
thế	O

idol	O
iu	NORM
dấu	O
sống	O
healthy	O
nghỉ	O
ngơi	O
đầy	O
đủ	O
nha,	O
sức	O
khỏe	O
mới	O
là	O
qtrong	NORM
nhất	O

Cùng	O
với	O
đà	O
ptrien	NORM
của	O
thế	O
giới=))	O

tóc	O
2	O
cỵ	NORM
dài	O
nè	O
thử	O
sức	O
đi	O

:)))	O
tag	O
th	NORM
kia	O
vào.	O

xin	O
về	O
cho	O
t	NORM
ăn	O
dc	NORM
hông	NORM

ghé	O
e	NORM
xem	O
nhiều	O
mẫu	O
xinhh.	NORM

Toa	O
lét	O
hết	O
mùi	O
hôi	O
+	O
sạch	O
ko	NORM
bị	O
ố	O
vangg	NORM

ee	NORM
nma	NORM
dùng	O
kẻ	O
mắt	O
viết	O
chữ	O
hán	O
đẹp	O
cực	O
:')))	O

thẫn	O
thờ	O
luôn	O
á	O
không	O
kịp	O
phản	O
kích	O
cb	NORM
luôn	O

Nhưng	O
mà	O
cái	O
eo	O
cái	O
bụng	O
cái	O
mặt	O
nta	NORM
nó	O
xinh	O
nó	O
nhỏ	O
ông	O
ơi.	O

gửi	O
cho	O
nhau	O
trên	O
tiktok	O
lun	NORM
cho	O
lẹ	O
:))	O

A	NORM
thử	O
tìm	O
hiểu	O
về	O
chữa	O
lành	O
tự	O
nhiên	O
đi	O
ạ.	O

Khók	NORM
1	O
lần	O
để	O
đời	O
:))	O

Người	O
ck	NORM
vô	O
tâm	O
họ	O
sẽ	O
chẳng	O
thay	O
đổi	O
được	O
nếu	O
như	O
bạn	O
không	O
nói	O
ra	O
và	O
chia	O
sẻ	O
những	O
quan	O
điểm	O
và	O
suy	O
nghĩ	O
của	O
mình	O
đâu	O

bù	O
đắp	O
khoảng	O
trống	O
để	O
lại	O
đi	O
c	NORM

Đi	O
xong	O
về	O
bay	O
luôn	O
đt	NORM
:)))	O

cái	O
này	O
thì	O
gia	O
đình	O
nc	NORM
1	O
phần	O
và	O
bản	O
thân	O
n	NORM
phải	O
khôn	O
lên	O

thì	O
ra	O
bấy	O
lâu	O
nay	O
em	O
đùa	O
giỡn	O
với	O
tình	O
cảm	O
của	O
tui	O
đúng	O
khumm	NORM

Bấy	O
lâu	O
nay	O
cứ	O
nghĩ	O
mỗi	O
mk	NORM
t	NORM
dở	O
hơi	O

cảm	O
ơn	O
pà	NORM
zì	NORM
bữa	O
ăng	NORM

Thằng	O
b	NORM
trai	O
ăn	O
bao	O
nhiêu	O
nó	O
bổ	O
sung	O
vào	O
dinh	O
dưỡng	O
hết	O
rồi.	O

Mình	O
về	O
với	O
nhau	O
thôi	O
em	O
eeiii	NORM
=))	O

sắm	O
cho	O
t	NORM
vs	NORM
m	NORM
cái	O
xe	O
đi	O
bán	O
là	O
zừa	NORM

Tôi	O
30	O
tuổi	O
nhưng	O
chưa	O
biết	O
tình	O
yêu	O
là	O
gì	O
thấy	O
comment	O
xứ	O
Trung	O
lại	O
thấy	O
trầm	O
kảm,	NORM
lặng	O
lẽ	O
đi	O
ra.	O

Mấy	O
con	O
gà	O
kiểu”	O
bọn	O
m	NORM
tha	O
tao	O
đi,	O
trộn	O
da	O
heo	O
hay	O
cái	O
gì	O
khác	O
đc	NORM
không,	O
tao	O
biết	O
gì	O
đâu	O
chặc	NORM
đầu	O
tao	O
hoài”	O

ko	NORM
đc	NORM
để	O
vụ	O
này	O
chìm	O

Này	O
là	O
rớt	O
nài	NORM
hả	O
mn	NORM

a	NORM
dai	NORM
hiểu	O
mình	O
ghê,	O
dặn	O
kỹ	O
thật	O

Local	O
brand	O
bên	O
bển	O
đó	O
nha,	O
vừa	O
bền	O
vừa	O
bảo	O
vệ	O
mt	NORM
chứ	O
ng	NORM
Nhật	O
họ	O
biết	O
thừa	O

Mình	O
cũng	O
ko	NORM
ăn	O
được	O
thịt	O
mỡ	O
vì	O
ăn	O
xong	O
toàn	O
bị	O
đầy	O
bụng,	O
nhưng	O
nếu	O
mình	O
là	O
bạn	O
thì	O
mình	O
ko	NORM
ăn	O
thịt	O
mà	O
ăn	O
rau	O
đậu	O
cà	O
trứng,	O
nhiều	O
món	O
mà,	O
lần	O
đầu	O
ra	O
mắt	O
ăn	O
ít	O
1	O
tý	O
cũng	O
ko	NORM
sao	O

mở	O
mang	O
tầm	O
mắt	O
chx	NORM

hè	O
năm	O
nay	O
khum	NORM
còn	O
mãng	O
cầu	O
dầm	O
đường	O
đá	O
của	O
em	O
nữa	O
òi	NORM

Kiểu	O
"sáng	O
vui	O
vẻ"	O
là	O
hết	O
vui	O
gòi	NORM
:)))	O

t	NORM
để	O
hình	O
mẹ	O
:))))))))	O

nguyên	O
nhân	O
là	O
đây	O
e	NORM
zai	NORM
kk	O

cl	NORM
má	O
rút	O
cây	O
này	O
đi	O
thi	O
An	O
chắc	O
xỉu	O
ngang	O

Không	O
dám	O
khoe	O
nhìu,	NORM
nhưng	O
thực	O
sự	O
cảm	O
ơn	O
những	O
ng	NORM
bạn,	O
ng	NORM
chị,	O
ng	NORM
anh…	O
đã	O
lo	O
lắng	O
sốt	O
vó	O
cho	O
mình	O
những	O
lúc	O
mình	O
ất	O
ơ	O
còn	O
hơn	O
cả	O
bản	O
thân	O
mình	O
nữa	O

Mắt	O
thấy,tai	O
nghe	O
trực	O
tiếp	O
mà	O
vẫn	O
cố	O
tình	O
ko	NORM
biết	O
mình	O
sai,còn	O
đánh	O
người	O
ta,lại	O
là	O
đánh	O
phụ	O
nữ	O
nữa	O
thì	O
cái	O
loại	O
này	O
cứ	O
phải	O
đi	O
vài	O
năm	O
sửa	O
sai!	O

Xem	O
cho	O
cố	O
zô	NORM
rốt	O
cuộc	O
bản	O
thân	O
mình	O
đỏ	O
nhất	O
trong	O
mqh	NORM

những	O
chiếc	O
ảnh	O
bít	NORM
nói	O
=))))))	O

b	NORM
t	NORM
thích	O
đi	O
massage	O
thì	O
phải	O
đi	O
du	O
lịch	O
Thành	O
Đô	O
thôii	NORM
nè	O

đừng	O
có	O
nói	O
đi	O
quính	NORM
bài	O
với	O
nhỏ	O
khác	O
nữa	O
nha	O

Chỉ	O
ước	O
ck	NORM
tháng	O
đưa	O
về	O
cho	O
vợ	O
5	O
triệu	O
là	O
ok	O
lắm	O
rồi	O

Cuộc	O
sống	O
là	O
2	O
ng	NORM
bồi	O
đắp,	O
phụ	O
nữ	O
đâu	O
có	O
thực	O
dụng	O
mà	O
để	O
đàn	O
ông	O
nuôi,	O
2	O
ng	NORM
lương	O
10	O
triệu	O
thì	O
cũng	O
đủ	O
sống	O
rồi,,,	O
theo	O
tui	O
nghĩ	O
dọ,	NORM
nhma	NORM
cũng	O
muốn	O
có	O
ng	NORM
nuôi	O

cô	O
nào	O
cũng	O
nhớ	O
tên	O
tau,	NORM
tất	O
cả	O
là	O
tại	O
mi	O

Vid	O
mà	O
e	NORM
thích	O
nhất	O
từ	O
trc	NORM
đến	O
giờ	O
của	O
c	NORM
Ngân	O

Xin	O
lỗi	O
để	O
mn	NORM
đợi	O
lâu	O

CA	NORM
Kinh	O
tế	O
đã	O
xem	O

ngồi	O
makeup	O
mak	NORM
còn	O
bị	O
chửi	O
nx	NORM
chứ,	O
khók	NORM
ẻ	NORM

Hai	O
có	O
khi	O
coibito	O
còn	O
dg	NORM
học	O
ku	O
rát	O
sự	O
kiuu	NORM

có	O
đkien	NORM
p	NORM
sang	O
mát	O
xa	O
thôi	O
b	NORM
,sang	O
cho	O
biết	O

hè	O
ik	NORM
này	O
ik	NORM
ms	NORM
nek	NORM
chưa	O
đi	O

sao	O
hay	O
quá	O
z,dạy	NORM
chị	O
1	O
khoá	O

Vào	O
giai	O
đoạn	O
tối	O
tăm	O
nhất	O
cũng	O
gặp	O
đc	NORM
tri	O
kỉ	O

Con	O
của	O
Chủ	O
tịch	O
HĐQT	NORM
Công	O
ty	O
ak	NORM

Rất	O
nhìu	NORM
người	O
ko	NORM
ăn	O
được	O
thịt	O
mỡ	O
nhưng	O
có	O
giáo	O
dục,	O
còn	O
pà	NORM
thì	O
khum	NORM
được	O
cái	O
nào	O
cả	O

K	NORM
bt	NORM
soi	O
gương	O
à	O

máy	O
ông	O
nậu	NORM
chạy	O
nẹt	O
đùng	O
đùng	O
ko	NORM
sao	O
ta	O
chạy	O
xe	O
bô	O
nổ	O
sí	NORM
dí	NORM
chạy	O
như	O
con	O
chó	O

Quốc	O
Khánh	O
đc	NORM
nghỉ	O
2	O
ngày	O
:))	O
vị	NORM
chi	O
là	O
4	O
ngày	O
nha	O

Có	O
vay	O
có	O
trả	O
chứ	O
làm	O
z	NORM
kh	NORM
khác	O
vừa	O
ăn	O
cướp	O
vừa	O
la	O
làng	O

Chời	NORM
ơi	O
thèm	O
đồ	O
ăn	O
sáng	O
ở	O
VN	O
quá	O
:((	O

Cái	O
ngta	NORM
cũng	O
nghĩ	O
k	NORM
cần	O
trả	O
luôn	O

Hết	O
pin	O
đt	NORM
cũng	O
chưa	O
bic	NORM
ăn	O
gì	O

Kaity	O
đẹp	O
còn	O
nói	O
tiếng	O
Anh	O
siu	NORM
chuẩn	O
nữa	O

nhớ	O
mãi	O
cái	O
khoảnh	O
khắc	O
cô	O
ấy	O
ở	O
lại	O
tp	NORM
tiếp	O
tục	O
việc	O
học	O
còn	O
mình	O
phải	O
công	O
tac	NORM
nơi	O
khác,	O
giây	O
phút	O
đóng	O
cánh	O
cửa	O
hai	O
đứa	O
nhìn	O
nhau	O
mà	O
nước	O
mắt	O
cứ	O
rơi	O

học	O
lớp	O
mấy	O
r	NORM
b	NORM

đứa	O
nào	O
21t	O
thế	O
cho	O
t	NORM
xin	O

tôy	NORM
muốn	O
chia	O
sẻ	O
giọng	O
ca	O
này	O
:))))	O

ai	O
khóc	O
cho	O
nỗi	O
đau	O
này	O
đâyyy	NORM

nhớ	O
cái	O
vụ	O
vô	O
công	O
viên	O
ngồi	O
buổi	O
tối	O
nhìn	O
mấy	O
cái	O
cây	O
soa	NORM
ra	O
đoàn	O
người	O
hốt	O
rác	O
kh	NORM
:)))	O

Viết	O
tường	O
trình	O
kiểm	O
điểm	O
đi	O
sai	O
quy	O
cách	O
roài	NORM
=))	O

tẩn	O
thẳng	O
ko	NORM
lói	NORM
nhiều	O
:)))))	O

Trời	O
ơi	O
tui	O
mà	O
nhìn	O
thấy	O
cảnh	O
đó	O
chắc	O
tui	O
rung	O
động	O
xỉu	O
lên	O
xỉu	O
xuốg	NORM
quá,đág	NORM
yêu	O
thực	O
sự	O

đc	NORM
để	O
t	NORM
lm	NORM
thử	O

thứ	O
hai	O
mua	O
cho	O
e	NORM
cô	O
coa	O
cô	O
loa	O
nha	O

tập	O
td	NORM
k	NORM
b	NORM
:))	O

Lật	O
mặt	O
nhanh	O
quá	O
b	NORM
tôi	O
ơi	O

Thề	O
đhs	O
t	NORM
cứ	O
có	O
cảm	O
giác	O
con	O
mắm	O
chuột	O
lang	O
nước	O
này	O
không	O
có	O
thật	O

tại	O
k	NORM
có	O
mới	O
mua	O
chứ	O
bộ	O

thơm	O
ngon	O
mời	O
bạng	NORM
ăn	O
nha	O

Cái	O
joke	O
này	O
k	NORM
vui	O
chút	O
nào	O

Má	O
tao	O
bị	O
mẹ	O
tao	O
chửi	O
quài	NORM
luôn	O
á	O
“	O
mẹ	O
mày	O
đi	O
lấy	O
tiền	O
ngta	NORM
chứ	O
tao	O
kiu	NORM
mày	O
đi	O
mượn	O
hay	O
đi	O
xin	O
ngta	NORM
đâu	O
mà	O
mày	O
k	NORM
đám	O
đi	O
“	O
khók	NORM
x100	O
lần	O

Chắc	O
là	O
mình	O
chứ	O
không	O
ai	O
khác	O
mua	O
một	O
gói	O
bim	O
bim	O
thì	O
mẹ	O
phải	O
ăn	O
hai	O
phần	O
haa	NORM

Không	O
lấy	O
dc	NORM
vợ	O
thì	O
mình	O
lấy	O
chồng,	O
chẳng	O
sai	O

cầm	O
ngay	O
đt	NORM
ra	O
mà	O
bấm:)	O

e,	NORM
phần	O
thưởng	O
xứng	O
đáng	O
để	O
khích	O
lệ	O
tinh	O
thần	O
tiếp	O
sức	O
cho	O
e	NORM
đến	O
với	O
cự	O
ly	O
10,000m	O
dành	NORM
được	O
chiến	O
thắng.	O

m	NORM
lm	NORM
đc	NORM
v	NORM
thì	O
cho	O
10	O
đ	NORM

Hoan	O
hỉ	O
đi	O
mn	NORM
ơi	O

vô	O
đó	O
ai	O
cx	NORM
nói	O
chiện	NORM
được	O
trong	O
khi	O
bthg	NORM
cậy	NORM
mồm	O
cx	NORM
ko	NORM
nói	O

Chứ	O
riêng	O
t	NORM
thà	O
nóng	O
cm	O
nhưng	O
trắng	O
là	O
đượttt	NORM

Chị	O
tui	NORM
đã	O
nói	O
zới	NORM
tui	NORM
thế	O
này	O

thứ	O
4	O
mình	O
thi	O
ngv	NORM
niệm	O
phật	O
mong	O
trúng	O
tủ	O

e	NORM
Kiên	O
nói	O
đúng	O
đó	O

z	NORM
đó	O
giờ	O
đưa	O
sai	O
ng	NORM
rồi:))	O

ủa	O
quân	O
sư	O
chưa	O
bao	O
h	NORM
có	O
bồ	O
poen	NORM

Hì	O
hì	O
chưa	O
có	O
vợ,	O
mới	O
chỉ	O
có	O
ny	NORM
thôi	O
đã	O
gần	O
thế	O
r	NORM

Trừi	NORM
đứt	NORM
ưi,	NORM
ra	O
phin	NORM
được	O
gùi	NORM

Đọc	O
xong	O
trầm	O
củm	NORM
qué	NORM

Ối	O
dời	NORM
ơi	O
dễ	O
thương	O
bây	O
h	NORM
mới	O
biết	O

ae	NORM
tôi	O
cũng	O
lẳng	O
lặng	O
mua	O
thôi	O

Mấy	O
bộ	O
ngôn	O
tình	O
tui	O
đọc	O
của	O
xứ	O
Trung	O
chắc	O
là	O
mn	NORM
ko	NORM
nên	O
chửoi	NORM
nhảm	O
nhí	O
ko	NORM
có	O
thực	O
nữa	O
đúng	O
ko	NORM

Thiệc	NORM
k	NORM
phải	O
lần	O
đầu	O
đâu	O

t	NORM
còn	O
cất	O
công	O
tìm	O
video	O
hoàn	O
cảnh	O
giống	O
m	NORM
nữa	O
đó	O

bth	NORM
hay	O
cừi	NORM
zô	NORM
tri	O
chứ	O
ai	O
nghĩ	O
t	NORM
cũm	NORM
khox	NORM
đâu	O
:))))	O

má	O
ơi	O
ác	O
tht	NORM
chứ	O

mình	O
cũng	O
ko	NORM
ăn	O
được	O
thịt	O
mỡ	O
nếu	O
ko	NORM
ăn	O
được	O
mình	O
tránh	O
ra	O
ăn	O
đồ	O
khác	O
hoặc	O
ny	NORM
mình	O
biết	O
thì	O
gắp	O
hộ	O
mình	O
thoii	NORM
chứ	O
ai	O
lại	O
bới	O
bới	O
đến	O
3	O
lần	O
cái	O
bát	O
thịt	O
ra	O

c	NORM
đag	NORM
ở	O
1	O
kịch	O
bản	O
sâu	O
thật	O

nốt	O
lại	O
dần	O
i	NORM
:))))	O

2	O
cái	O
chả	O
có	O
j	NORM
tương	O
đương	O
nhau	O
hết	O
á.	O

Dầu	O
vương	O
ko	NORM
bh	NORM
bị	O
soán	O
ngôi	O
đâu,	O
t	NORM
xem	O
bộ	O
này	O
thấy	O
bth,	NORM
có	O
là	O
màu	O
phim	O
ko	NORM
đẹp.	O

chọn	O
bệnh	O
viện	O
đắt	O
nhất	O
t	NORM
nằm	O
dịch	O
vụ,	O
chăm	O
sóc	O
đặc	O
biệt	O
kèm	O
đơn	O
kiện	O
bồi	O
thường	O
cho	O
t	NORM

Mình	O
ko	NORM
khuyên	O
bạn	O
giải	O
quyết	O
như	O
mình,	O
nhưng	O
mình	O
mong	O
bạn	O
nói	O
ra	O
dc,	NORM
hiểu	O
nhau	O
để	O
cs	NORM
hôn	O
nhân	O
hạnh	O
phúc	O
hơn	O
nhé	O
^^	O

Thật	O
ra	O
thì	O
t	NORM
cũng	O
đang	O
ko	NORM
biết	O
lacm	NORM
sao	O
để	O
bố	O
mẹ	O
t	NORM
hiểu	O
là	O
t	NORM
hoàn	O
toàn	O
không	O
muốn	O
kết	O
hôn	O
hay	O
sống	O
chung	O
với	O
1	O
ai	O
cả	O

hồi	O
đó	O
t	NORM
quen	O
nyc	O
còn	O
thêm	O
quả	O
da	O
trắng	O
hơn	O
t	NORM
nữa	O
kìa	O
=))))	O

Đi	O
hiến	O
máu	O
dề	NORM
đượt	NORM
con	O
cá	O
heo	O
i	NORM
chang	O
dị	NORM
neee	NORM

Drama	O
ko	NORM
phải	O
do	O
tui	NORM
tưởng	O
tượng	O
ra,	O
nó	O
có	O
thật	O

chắc	O
j	NORM
thiên	O
thần	O
đã	O
sẳn	NORM
sàng	O
bảo	O
vệ	O
bn	NORM
như	O
ác	O
quỷ??	O

Bi	O
quan	O
thế	O
t	NORM
lương	O
có	O
3tr	O
vẫn	O
lấy	O
vk	NORM
đẻ	O
con	O
bình	O
đây	O
thôi	O

mua	O
cho	O
cả	O
3	O
bé	O
nha	O
c	NORM
ui	NORM

Tui	O
cay	O
nhất	O
là	O
từ	O
bé	O
đến	O
lớn	O
ăn	O
tép	O
ko	NORM
sao,	O
đợt	O
vừa	O
rồi	O
ăn	O
Tết	O
ngứa	O
sml	O
chỉ	O
vì	O
hai	O
đũa	O
tép	O

Ông	O
ấy	O
đem	O
hết	O
tiền	O
về	O
cho	O
mẹ	O
r	NORM
còn	O
đâu	O

kh	NORM
lệch	O
đi	O
đâu	O
đc	NORM

Ủa	O
s	NORM
ác	O
dí	NORM
chú	O
z	NORM
=))))	O

cho	O
t	NORM
vay	O
50tr	O
thôi	O
cũng	O
đc	NORM

Con	O
dùng	O
ít	O
em	O
sợ	O
hết	O
hạn	O
vứt	O
đi	O
lại	O
phí	O
nên	O
uống	O
hộ	O
hoy	NORM
mà	O

khong	NORM
phai	NORM
nghe	O
vid	O
goc	NORM
nua	NORM

Câu	O
chuỵn	NORM
thậc	NORM
nà	NORM
thú	O
zị	NORM

Éo	NORM
sao	O
vẫn	O
có	O
vợ	O
2	O
con	O

K	NORM
là	O
e	NORM
quên	O
luôn	O
đó,	O
rồi	O
lại	O
mang	O
tiếng	O
có	O
nợ	O
mà	O
k	NORM
muốn	O
trả	O

chtme	NORM
lúc	O
đầu	O
t	NORM
cũng	O
nhìn	O
ra	O
v	NORM

Tín	O
hiệu	O
dũ	NORM
trụ	O
:))))	O

Toàn	O
hàng	O
vị	O
tẩm	O
ướp	O
kinh	O
lên	O
đc.	NORM

đi	O
học	O
qsu	NORM
về	O
phải	O
gấp	O
đc	NORM
như	O
này	O
nhé	O

Chuyện	O
tâm	O
ninhhh	NORM
ấy	O
hahaaa	O

Đọc	O
hết	O
mà	O
ko	NORM
thấy	O
bí	O
quyết	O
nào	O
ra	O
tiền	O
cả	O

bữa	O
con	O
chuột	O
ở	O
trg	NORM
t	NORM
kể	O
m	NORM
nghe	O
to	O
y	O
như	O
vậy	O
:)))	O

xin	O
lỗi	O
anh	O
cũng	O
uống	O
tranh	O
sữa	O
của	O
con	O
suốt	O
còn	O
j?	NORM

show	O
cho	O
dân	O
tình	O
xem	O
ảnh	O
ck	NORM
cái	O
đi	O

đi	O
một	O
mình	O
nhưng	O
zui	NORM
zẻ	NORM
>>>>>	O
đi	O
nhiều	O
mình	O
nhưng	O
k	NORM
ai	O
hứng	O
thú	O
với	O
cái	O
đó	O
như	O
bạn	O

đăng	O
str	O
công	O
khai	O
ny	NORM
thuiiii	NORM

Cho	O
xin	O
zía	NORM
cái	O
coi	O
.....chứ	O
lai	O
10	O
mắt	O
thôi.	O

Đàn	O
ông	O
j	NORM
mà	O
dài	O
dòng	O
thế.	O

Này	O
thì	O
nhờn,	O
hình	O
cap	O
của	O
t	NORM
là	O
bằng	O
chứng	O
trc	NORM
tòa	O
:))))	O

khổ,	O
đúng	O
tam	O
tai	O
thái	O
tuế	O
của	O
Măng	O
Cụt	O
vs	NORM
Gà:))	O

Sao	O
anh	O
kh	NORM
đi	O
giải	O
cứu	O
thgiới	NORM

Tiếp	O
xúc	O
nhìu	NORM
mới	O
bik	NORM
bản	O
tính	O
thật	O

K	NORM
mi	O
nhon	O
nhưng	O
bụng	O
phải	O
nhỏ	O
nha	O

Mắc	O
đ	NORM
gì	O
chê	O
vậy	O

khong	NORM
nghĩ	O
là	O
sự	O
ngạc	O
nhiên	O
sẽ	O
thế	O
này	O

Vật	O
lý	O
lớp	O
9	O
có	O
dạy	O
r	NORM
mà	O

dạo	O
này	O
lỗi	NORM
tiếng	O
thé	NORM

Là	O
cái	O
gì	O
đó	O
rất	O
thiêng	O
liêng,cái	O
tính	O
cách	O
này	O
chỉ	O
có	O
ở	O
vài	O
người,và	O
tui	O
là	O
ng	NORM
may	O
mắn	O
có	O
đc.	O

tui	O
vẫn	O
sợ	O
toán	O
hình	O
của	O
thầy	O
ngồi	O
hỏng	NORM
dám	O
thở	O
dám	O
nhìn	O
thầy	O
luôn	O

khum	NORM
thì	O
những	O
con	O
chó	O
con	O
mèo	O
ngok	NORM
ngek	NORM
lạc	O
quan	O
với	O
đời	O
.	O

sau	O
này	O
đừng	O
lấy	O
th	NORM
như	O
này	O
nhé	O

ảnh	O
k	NORM
có	O
mặt	O
hoặc	O
là	O
cây	O
cỏ	O
lá	O
toà	O
nhà	O
gì	O
đó	O
nhìn	O
rất	O
vô	O
tri,	O
đi	O
kèm	O
vs	NORM
độ	O
tuổi	O
phù	O
hợp	O
và	O
vài	O
dòng	O
giới	O
thiệu	O
không	O
rmit	O
hay	O
showoff	O
gì	O
hếc,	NORM
woa	O
la	O
bạn	O
sẽ	O
kiếm	O
dc	NORM
1	O
ng	NORM
siêu	O
thú	O
zị,	NORM
làm	O
bạn	O
hay	O
ngy	NORM
đều	O
ổn.	O

cả	O
trai	O
lẫn	O
gái,t	NORM
không	O
bao	O
giờ	O
tin	O
có	O
người	O
yêu	O
xa	O
nhiều	O
năm	O
mà	O
không	O
tòm	O
ten	NORM
bên	O
ngoài.	O

Chắc	O
t	NORM
đang	O
bị	O
dở	O
người	O
cho	O
nên	O
càng	O
nhìn	O
càng	O
thấy	O
họ	O
đẹp	O
đôi	O
?	O
:)))))	O

đừng	O
hỏi	O
t	NORM
tsao	NORM
tag	O
m	NORM

thế	O
mà	O
ban	O
nãy	O
không	O
nghỉ	NORM
ra	O
:)))	O

mới	O
đọc	O
đoạn	O
đầu	O
t	NORM
tưởng	O
mệ	O
Linh	O
lên	O
bài	O
chứ	O

cách	O
đây	O
2	O
năm	O
tôi	O
có	O
quen	O
với	O
1	O
anh	O
bạn	O
khá	O
giỏi	O
về	O
mảng	O
thị	O
trường	O
quốc	O
tế	O
,	O
nghe	O
anh	O
ta	O
kể	O
về	O
thị	O
trường	O
hay	O
lắm	O
,	O
nên	O
tui	O
bảo	O
anh	O
ta	O
là	O
giải	O
thích	O
cho	O
tui	O
,	O
và	O
tới	O
bây	O
h	NORM
tui	O
mới	O
hỉu	NORM
đc	NORM
,	O
lạm	O
pháp	NORM
,	O
nợ	O
công	O
,	O
…	O
nó	O
là	O
như	O
thế	O
nào	O

Mình	O
k	NORM
đi	O
học	O
nên	O
cũng	O
k	NORM
qt	NORM
lắm	O

s	NORM
t	NORM
nhìn	O
ra	O
có	O
nét	O
giông	O
giống	O
Trương	O
Kiệt	O
dzị	NORM
=)))))))))))))))))))	O

Có	O
xí	O
mà	O
căng	O
dậy	NORM
ai	O
dám	O
đẻ	O

Kế	O
hoạch	O
là	O
cta	NORM
cùng	O
bật	O
sếp,	O
còn	O
thực	O
tế	O
là	O
mình	O
tôi	O
đổi	O
đời	O

để	O
kao	NORM
tư	O
vấn	O
cho	O
mài	NORM
r	NORM
chia	O
3-7	O
oke	O
không	O

ủa	O
sao	O
z,	NORM
tụi	O
bây	O
phù	O
phép	O
vào	O
bài	O
ktra	NORM
để	O
điểm	O
cao	O
hở	O

Theo	O
kịch	O
bản	O
thì	O
ck	NORM
nó	O
đang	O
học	O
cuối	O
năm	O
lớp	O
11	O

(	O
còn	O
chưa	O
biết	O
đề	O
thi)	O
thế	O
méo	NORM
nào	O
về	O
soát	O
7.5	O
hoá	O

Trên	O
bàn	O
cơm	O
cách	O
ăn	O
uống	O
đánh	O
giá	O
đc	NORM
bản	O
chất	O
con	O
người	O
đó	O
em	O
ạ.	O

đợi	O
mãi	O
k	NORM
thấy	O
phép	O
màu	O
thì	O
tôi	O
apply	O
phép	O
nghỉ	O
luôn	O

Tui	O
hồi	O
lớp	O
5	O
viết	O
về	O
bạn	O
thân	O
A	O
xong	O
cổ	O
hem	NORM
có	O
viết	O
về	O
tui	O
và	O
cả	O
lớp	O
hem	NORM
ai	O
viết	O
về	O
tui	O
cả	O

step	O
by	O
step	O
thuii	NORM
nha	O
em	O

thế	O
giới	O
này	O
thật	O
khó	O
hỉu	NORM
=))	O

Ncl	O
mấy	O
cha	O
mấy	O
mẹ	O
đi	O
làm	O
bớt	O
ăn	O
hiếp	O
nv	NORM
lại	O
.	O

dừa	NORM
lắm	O
nha	O
tr	NORM
ơi	O
=)))))))	O

t	NORM
đã	O
nghi	O
m	NORM
lâu	O
rồi	O

Thật	O
ra	O
t	NORM
mặc	O
màu	O
đen	O
để	O
nhìn	O
dáng	O
người	O
mi	O
nhon	O
hơn	O
thôi	O

1	O
đứa	O
cận	O
là	O
mợt	NORM
gòi	NORM
nha	O

Nhà	O
t	NORM
có	O
cây	O
mà	O
bị	O
rình	O
suốt,	O
lấy	O
cả	O
vở	O
ném	O
rơi	O
vào	O
vườn,	O
t	NORM
đọc	O
nhãn	O
vở	O
thôi	O
mà	O
tóm	O
dc	NORM
cả	O
hội.	O

Khoai	O
tây	O
chính	O
ra	O
cũng	O
ko	NORM
hơn	O
khoai	O
ta	O
mấy	O
nhỉ	O

mẹ	O
k	NORM
cho	O
sang	O
nhà	O
Thùy	O
ngủ	O
:<	O

Khiếp	O
ăn	O
sao	O
dc	NORM
z	NORM
má	O

Qua	O
đợt	O
này	O
cũng	O
dk	NORM
thương	NORM
trăm	O
mấy	O
rồi	O

bỗng	O
nhiên	O
hình	O
tượng	O
soái	O
ca	O
ngôn	O
tình	O
cũng	O
k	NORM
quá	O
ảo	O
như	O
chúng	O
te	NORM
nghĩ	O
=)))))	O

giải	O
cíu	NORM
thần	O
tượng	O
chị	O
oi	NORM

May	O
đầu	O
mùa	O
đã	O
kịp	O
mua	O
5kg	O
măng	O
cụt	O
để	O
ăn	O
ko	NORM
thì	O
chờ	O
há	O
mồm	O

Đi	O
ăn	O
mà	O
thấy	O
đứa	O
nào	O
bới	O
tau	NORM
cũng	O
muốn	O
chửi	O
cho.	O

thì	O
xin	O
thưa	O
là	O
em	O
cũng	O
đếu	NORM
biết	O
lý	O
do	O
nên	O
cũng	O
chỉ	O
vào	O
hóng	O
xem	O
bác	O
nào	O
biết	O
câu	O
trả	O
lời	O
chia	O
sẻ	O
thôi.	O

Cần	O
phải	O
có	O
mức	O
án	O
phạt	O
nặng	O
để	O
ko	NORM
còn	O
tình	O
trạng	O
này	O
tái	O
diễn	O
một	O
lần	O
nữa	O

còn	O
quay	O
sang	O
giận	O
lại	O
mình	O
mới	O
hề	O
hước	O
nhờ	NORM

nhiều	O
thầy	O
cô	O
cạnh	O
tranh	O
với	O
mk	NORM
quá,	O
phải	O
ngủ	O
cho	O
bớt	O
sợ	O
mới	O
được	O

Hổm	O
có	O
anh	O
ny	NORM
ước	O
mơ	O
có	O
nhà	O
có	O
xe	O
pkl	O
là	O
được	O

tui	O
mới	O
là	O
ng	NORM
sợ	O
má	O
đó	O
má	O

lâu	O
r	NORM
ko	NORM
khóc	O
đêm,	O
chắc	O
phải	O
iu	NORM
ai	O
đó	O
để	O
khóc	O
lên	O
khóc	O
xuống	O

thấy	O
e	NORM
tôi	O
ở	O
đây	O

e	NORM
muốn	O
ăn	O
bnhieu	NORM
cũng	O
được	O

Cái	O
vụ	O
phơi	O
đồ	O
giống	O
nhà	O
mình	O
quá,	O
mình	O
k	NORM
phơi	O
quần	O
áo	O
nhưng	O
mình	O
phơi	O
mấy	O
cái	O
khăn	O
lau	O
thì	O
hx	NORM
vứt	O
xuống	O
để	O
phơi	O
đồ	O
của	O
họ,	O
sang	O
nhà	O
mình	O
thì	O
xồng	O
xộc	O
đi	O
vào	O
liếc	O
ngang	O
liếc	O
dọc	O
mặc	O
dù	O
chẳng	O
ai	O
mời	O
vào	O

Mấy	O
ô	NORM
vô	O
gia	O
cư	O
nhìn	O
thấy	O
kiểu	O

chị	O
là	O
con	O
pónk	NORM
chúa	O

Người	O
VN	O
có	O
cái	O
gì	O
k	NORM
ăn	O
dc	NORM
nhỉ	O
:)))	O

Màu	O
đen	O
chống	O
nắng,	O
cản	O
tia	O
UV	O
tốt	O
nhất	O
vì	O
nó	O
hấp	O
thụ	O
hết	O
as,	NORM
ngăn	O
as	NORM
tiếp	O
xúc	O
với	O
da	O
nên	O
cũng	O
hấp	O
thụ	O
nhiệt	O
tốt	O
nhất	O

Thoy	NORM
đi,	O
còn	O
hơn	O
mấy	O
cháu	O
Việt	O
suốt	O
ngày	O
chụp	O
dựa	O
vào	O
ô	O
tô	O
(	O
người	O
ta)	O
rồi	O
thì	O
tay	O
đeo	O
đồng	O
hồ	O
pha	O
ke	O
đặt	O
trên	O
vô	O
loăng.	NORM

Màu	O
nào	O
ta	O
thấy	O
là	O
do	O
phản	O
xạ	O
ánh	O
sáng	O
đối	O
với	O
màu	O
đó	O
vào	O
mắt	O
ta,	O
màu	O
trắng	O
là	O
kết	O
hợp	O
của	O
tất	O
cả	O
các	O
màu	O
nên	O
hấp	O
thụ	O
sáng	O
ít	O
nhất,	O
màu	O
đen	O
thì	O
ngc	NORM
lại	O
—>	O
nhiệt	O
lượng	O
hấp	O
thụ	O
cao	O
nhất	O

Vẫn	O
nể	O
mấy	O
đứa	O
nghĩ	O
dễ	O
ăn	O
của	O
ng	NORM
giàu	O

(cổ	O
có	O
bạn	O
trai	O
òi)	NORM

Càng	O
bình	O
tĩnh	O
càng	O
hạnh	O
phúc	O
nha	O
mn	NORM

Hồi	O
đó	O
mấy	O
anh	O
mấy	O
chú	O
nhận	O
lệnh	O
sẵn	O
sàng	O
hết,	O
k	NORM
hề	O
báo	O
về	O
cho	O
gđ	NORM
luôn.	O

Nóng	O
z	NORM
mà	O
cha	O
nội	O
bên	O
cạnh	O
mặc	O
nổi	O
đc	NORM
cái	O
áo	O
khoác	O

Có	O
4	O
hộp	O
susu	O
mà	O
cũng	O
tiếc,	O
đồ	O
hẹp	O
hòi,	O
t	NORM
biết	O
là	O
t	NORM
lấy	O
nhầm	O
ck	NORM
mà	O

e	NORM
đc	NORM
chữa	O
lành	O
chw	NORM

pít	NORM
z	NORM
sáng	O
nay	O
áp	O
dụng	O

rút	O
kinh	O
nghiệm	O
mua	O
nhiều	O
nhiều	O
t	NORM
đến	O
còn	O
ké	O

Ko	NORM
chia	O
sẻ,	O
ko	NORM
tìm	O
hướng	O
giải	O
quyết	O
cùng	O
nhau,	O
ko	NORM
san	O
sẻ	O
được	O
thì	O
dù	O
có	O
ly	O
hôn	O
và	O
đi	O
cùng	O
ai	O
đi	O
nữa	O
kết	O
quả	O
cũng	O
như	O
vậy	O

mẹ	O
kỉu:	NORM
m	NORM
lm	NORM
con	O
t	NORM
hơi	O
lâu	O
r	NORM
đấy	O

đỡ	O
thức	O
khuya	O
nt	NORM
với	O
rệ	O

Thì	O
tiền	O
cũng	O
về	O
túi	O
mnguoi	NORM
chứ	O
về	O
đâu	O
đâu	O
mà	O
than	O

may	O
ko	NORM
cưới	O
đứa	O
kêu	O
tháng	O
10tr	O
chưa	O
đủ	O
ko	NORM
thì	O
lại	O
mang	O
tiếng	O
thằng	O
bị	O
vợ	O
bỏ	O

bằng	O
liềm	NORM
tin	O
khum	NORM
nung	NORM
nay	NORM

Ai	O
cũm	NORM
bảo	O
mình	O
trầm	O
tính:<	O

trc	NORM
h	NORM
cứ	O
nghĩ	O
bsi	NORM
nhẹ	O
nhàng	O
lắm:"))	O

đăng	O
còn	O
đúng	O
ngày	O
sn	NORM
Bác	O
nữa	O
chứ	O

t	NORM
ko	NORM
chill	O
ở	O
2	O
lần	O
nữa	O
m	NORM
chill	O
chung	O
với	O
t	NORM
ở	O
đây	O
đi	O

phải	O
chi	O
Hàng	O
Xanh,	O
Cộng	O
Hòa	O
cũng	O
dc	NORM
vầy	O

csong	NORM
đôi	O
khi	O
ko	NORM
như	O
ta	O
ước	O
muốn	O
=)))	O

dị	NORM
là	O
hướng	O
nội	O
dữ	O
chưa,	O
hướng	O
nội	O
lúc	O
đòi	O
nợ	O

cô	O
lại	O
đây	O
mà	O
xem,	O
tiểu	O
bảo	O
bối	O
còn	O
quá	O
nhỏ	O
v	NORM
mà	O

Tui	O
trải	O
qua	O
vài	O
lần	O
như	O
zị	NORM
ròi,	NORM
có	O
lần	O
tui	O
có	O
vợ	O
rùi	NORM
sống	O
tới	O
già,	O
bình	O
yên	O
không	O
con	O
cái,	O
không	O
nhà	O
cao	O
cửa	O
rộng	O
gì,	O
nhà	O
gỗ	O
nhỏ	O
chill	O
vc	NORM
ở	O
nơi	O
hẻo	O
lánh,	O
tự	O
làm	O
vườn	O
kiếm	O
ăn.	O

thoai	NORM
mày	O
nín	O
giùm	O
tao	O

ny	NORM
năm	O
nay	O
mới	O
học	O
ĐH	O
thôi	O

Anh	O
k	NORM
làm	O
thì	O
để	O
ng	NORM
khác	O
làm,	O
em	O
ksao	O
đừng	O
bận	O
tâm	O

Lưu	O
lại	O
xài	O
dần,	O
chắc	O
10	O
năm	O
nữa	O
mình	O
cũng	O
có	O
bồ	O
hoy	NORM

Sướng	O
nhá,	O
ny	NORM
chân	O
thành	O
không	O
yêu	O
em	O
chỉ	O
vì	O
nhan	O
sắc	O
đâu	O

giọng	O
cười	O
i	NORM
trang	NORM
t:))	NORM

đọc	O
cái	O
này	O
để	O
bk	NORM
lỡ	O
đâu	O
tương	O
lai	O
du	O
hý	NORM
còn	O
chuẩn	O
bị	O
trc	NORM
nè	O

Mấy	O
anh	O
có	O
chơi	O
play	O
together	O
ko	NORM

Coai	NORM
Dĩ	O
Khang	O
được	O
dắt	O
đi	O
chơi	O
nẹkk	NORM

Hên	O
là	O
2	O
anh	O
chị	O
nhà	O
t	NORM
không	O
lên	O
phim	O
thôi	O

10	O
ngày	O
kiếm	O
tỏi	NORM
rưỡi	O
như	O
thế	O
nào	O

Tui	O
là	O
ng	NORM
ko	NORM
giữ	O
gìn	O
sách	O
cho	O
lắm	O
vì	O
tui	O
hay	O
viết	O
linh	O
tinh	O
vào	O
sách	O
và	O
gấp	O
trang	O
vô	O
tội	O
vạ	O
mà	O
ko	NORM
dùng	O
bookmark	O

chỉ	O
có	O
thể	O
là	O
như	O
z:)))	NORM

thích	O
kiểu	O
màu	O
đen	O
quá	O
ii	NORM

Có	O
lo	O
được	O
ko	NORM
thì	O
bảo?.	O

Chứ	O
ai	O
giành	O
ăn	O
zới	NORM
tui	O
như	O
bà	O

cậu	O
k	NORM
phải	O
vội,mấy	O
em	O
ý	O
đang	O
học	O
cấp	O
3	O
rồi	O

Xứng	O
đáng	O
với	O
thành	O
tích	O
mà	O
Oanh	O
đã	O
đạt	O
dc	NORM

chị	O
đi	O
đâu	O
mà	O
để	O
ngta	NORM
chụp	O
đc	NORM
dẫy	NORM

cần	O
tìm	O
màu	O
son	O
có	O
đỏ	O
có	O
nâu	O
nma	NORM
sắc	O
đỏ	O
nhìu	NORM
hơn	O
nâu	O
á,màu	O
thẫm	O
chút	O
càng	O
tốt	O

Hmm	O
thui	NORM
ko	NORM
dám	O
mơ	O
mộng	O
đâu	O
nên	O
tui	O
33	O
tui	O
ở	O
vậy	O
tới	O
già	O
nè	O
yêu	O
vào	O
cho	O
khổ	O
chứ	O
làm	O
gì	O

Bạn	O
mình	O
sn	NORM
toàn	O
rủ	O
mình	O
đi	O
chơi	O
thuốc	O
lak	NORM

t	NORM
vay	O
bạn	O
có	O
50tr	O
mà	O
b	NORM
blốc	O
t	NORM
lun	NORM

bạn	O
thặc	NORM
độc	O
ák	NORM
và	O
zô	NORM
liêm	O
sỉ	O

Nghe	O
thấy	O
gì	O
khum	NORM
bạn	O

Còn	O
giày	O
bên	O
tui	O
thì	O
mang	O
quài	NORM
hong	NORM
hư	O
nè,	O
bỏ	O
tủ	O
lạnh	O
cũng	O
k	NORM
hư	O
luôn,	O
ghé	O
xem	O
nhaaa	NORM

y	O
chang	O
a	NORM
iêu	NORM
tuôi	NORM

Lịch	O
thi	O
chiều	O
mà	O
buổi	O
sáng	O
T	NORM
định	O
bỏ	O
thi	O
mẹ	O
rồi	O
nhưng	O
thấy	O
cả	O
xóm	O
trọ	O
cnó	NORM
hì	O
hục	O
ôn	O
quá	O
chả	O
ai	O
chơi	O
với	O
mình	O
nên	O
học	O
đại	O
1	O
topic	O
dễ	O
nhất	O
cho	O
gọi	O
là	O
có	O
ôn	O

Tại	O
nói	O
ra	O
cái	O
chớt	NORM
qướt,	NORM
bị	O
ngta	NORM
ghim	O
liền	O
nên	O
im	O
im	O
che	NORM
phẻ	NORM

trả	O
lại	O
tâm	O
trí	O
toi	NORM
đây	O

kệ	O
mí	NORM
th	NORM
tồi	O
đó	O
ik	NORM

e	NORM
làm	O
ko	NORM
thành	O
công	O
nó	O
dính	O
tay	O
e	NORM
quá	O
a	NORM
ơi	O

Vd	NORM
là	O
ck	NORM
méo	NORM
thương	O
vk	NORM
nhé	O

Order	O
thêm	O
cái	O
này	O
đễ	NORM
ik	NORM
zề	NORM
lun	NORM
đc	NORM
hăm	NORM

sao	O
c	NORM
lại	O
bới	O
bới	O
thế,	O
phải	O
e	NORM
thì	O
e	NORM
cũng	O
bảo	O
là	O
vô	O
duyên	O

May	O
quá	O
lương	O
3	O
chẹo	NORM

Hoội	NORM
b	NORM
này	O
bị	O
lậm	O
phim	O
lật	O
mặt	O
hay	O
sao	O
mà	O
lật	O
kèo	O
bất	O
ngờ	O
thế	O

Vào	O
đồn	O
thì	O
lo	NORM
đòn	O

t	NORM
cg	NORM
cần	O
làm	O
đẹp	O
cho	O
t	NORM
mượn	O
nha	O

Có	O
20	O
follower	O
thì	O
có	O
đc	NORM
làm	O
k	NORM
ạ	O
sốp?	O

Chanel	O
màu	O
đỏ	O
tươi	O
:)))	O
mịn	O
và	O
che	O
dc	NORM
vân	O
môi,	O
đánh	O
dày	O
và	O
ăn	O
gian	O
ra	O
ngoài	O
chút	O
màu	O
đỏ	O
sang	O
lắm	O

Lia	O
tới	O
đoạn	O
Amber	O
mà	O
t	NORM
cười	O
sảng	O

Còn	O
chg	NORM
k	NORM
ở	O
nhà	O
thì	O
t	NORM
k	NORM
ăn	O
cái	O
món	O
đó	O
nữa	O
luôn	O

t	NORM
hướng	O
ngoại	O
nhưng	O
t	NORM
đòi	O
tiền	O
ngta	NORM
t	NORM
cũng	O
ngại	O

Đây	O
tui,	O
con	O
người	O
hóng	O
phim	O
này	O
từ	O
hồi	O
nó	O
mới	O
khởi	O
quay	O
ạ	O
u	O
là	O
chà	NORM
đắp	O
chiếu	O
bao	O
nhiêu	O
năm	O
mới	O
đc	NORM
lên	O
sóng	O
nên	O
t	NORM
đã	O
đoán	O
đc	NORM
phim	O
sẽ	O
không	O
còn	O
hợp	O
thị	O
hiếu	O
rồi	O

Em	O
ủng	O
hộ	O
về	O
quê	O
e	NORM
mà	O
làm	O
tiếp	O
đi	O
ah.	NORM

bạn	O
lớn	O
6t	O
đc	NORM
30kg	O
bị	O
cấm	O
k	NORM
cho	O
ăn	O
vặt	O
ltinh	NORM
sợ	O
béo	O
nhưng	O
bố	O
mẹ	O
lại	O
chúa	O
ăn	O
vặt	O

Bạn	O
thân	O
tôi	O
nó	O
cưới	O
cả	O
ny	NORM
tôi	O
làm	O
vợ	O

Đã	O
họ	O
Lý	O
nét	O
còn	O
có	O
phần	O
giống	O
Lý	O
Băng	O
Băng	O
luôn,	O
hay	O
họ	O
hàng	O
xa	O
dzậy	NORM
trời	O

Eo	O
của	O
toy	NORM
và	O
eo	O
của	O
ck	NORM
toy	NORM

sau	O
bố	O
thi	O
luật	O
cứ	O
ntn	O
cho	O
t	NORM

Tập	O
trung	O
cv	NORM
gia	O
định	NORM
hết	O
ùi	NORM

Nếu	O
k	NORM
cùng	O
nhau	O
nc	NORM
để	O
hiểu	O
nhau	O
hơn	O
thì	O
hôn	O
nhân	O
đi	O
vào	O
ngõ	O
cụt	O
la	NORM
đúng	O
thôi	O

Này	O
hổng	NORM
fai	NORM
cháo	O
hànhhh	NORM

ừa	O
xl	NORM
nếu	O
m	NORM
lỡ	O
tuèng	NORM
gửi	O
cgi	O
đó	O
mà	O
t	NORM
cười	O
khi	O
ảnh	O
chưa	O
hiện	O
:<<	O

tức	O
là	O
h	NORM
b	NORM
này	O
ms	NORM
lớp	O
11	O
12	O
thôi	O
phải	O
k?	NORM

Tôi	O
chỉ	O
đang	O
cố	O
gắng	O
đưa	O
1	O
cô	O
bạn	O
Hàn	O
Quốc	O
về	O
ks	NORM
của	O
cổ	O
vì	O
quá	O
muộn	O
và	O
cổ	O
cũm	NORM
bị	O
1	O
thằng	O
Tây	O
balo	O
quấy	O
rối	O
trước	O
đó	O

mình	O
thấy	O
cũng	O
bthg	NORM
tại	O
bạn	O
mình	O
có	O
nhóm	O
bạn	O
hơn	O
10	O
năm,	O
ăn	O
hỏi	O
cũng	O
k	NORM
báo	O
vì	O
chỉ	O
làm	O
nho	O
nhỏ	O
gia	O
đình	O
ăn	O
với	O
nhau	O
lấy	O
ngày	O
thui,	NORM
baoh	NORM
cưới	O
họ	O
mới	O
báo	O
hỉ	O
ý	NORM

Đang	O
đau	O
họng	O
có	O
ng	NORM
hét	O
phụ	O
cảm	O
ơn	O
lắm	O
lun=)))	NORM

kh	NORM
lm	NORM
chúa	O
hề	O
đời	O
kh	NORM
nể	O

:))	O
hồi	O
trc	NORM
xài	O
viên	O
này	O
phại	NORM
khom	NORM

Hú	O
cái	O
ht	NORM
hồn	O
hà	O

là	O
m	NORM
phải	O
k	NORM
:))	O

Giải	O
đấu	O
ao	O
làng	O
dẹp	O
mịa	NORM
nó	O
luôn,	O

Sao	O
bọn	O
trẻ	O
thờ	O
ơ	O
vô	O
cảm	O
quad	NORM
vậy	O

:))	O
lấy	O
chi	O
khổ	O
bạn	O
toi	NORM
ơi	O

k	NORM
biết	O
ai	O
là	O
sếp	O
ai	O
là	O
nhân	O
viên	O
nữa	O

hịn	NORM
tại	O
bạn	O
tự	O
makeup	O
dc	NORM
roi,	NORM
khi	O
nào	O
bạn	O
tự	O
làm	O
tóc	O
đc	NORM
z	NORM

Thật	O
ra	O
tùy	O
á,bà	O
nào	O
mạnh	O
bạo	O
thì	O
thích	O
hay	O
k	NORM
thích	O
vẫn	O
thả	O
thính	O
sành	O
sỏi	O
như	O
nhau,nó	O
vô	O
cùng	O
lắm=))	O

hình	O
như	O
bà	O
mém	O
ntn	O
đúm	NORM
hơm	NORM

có	O
thích	O
black	O
pink	O
thật	O
ko	NORM
hay	O
chỉ	O
là	O
phong	O
trào	O

Đến	O
nhà	O
ng	NORM
ta	O
hạn	O
chế	O
ăn	O
thịt	O
như	O
mìn	NORM
bạn	O
ưi	NORM

anh	O
chị	O
dzô	NORM
vai	O
đc	NORM
nè	O

Tik	O
Tok	O
t	NORM
chưa	O
thấy	O
mấy	O
video	O
thế	O
này	O
bai	NORM
giờ	O

Chuẩn	O
bị	O
ăn	O
thêm	O
cổ	O
tức	O
nữa	O
bao	O
giờ	O
bán	O
bảo	O
a	NORM
nhez	NORM

Tức	O
quá	O
xoá	O
hết	O
r...	NORM

thích	O
thật	O
là	O
bật	O
mood	O
c//âm	NORM
luôn	O

nè	O
bác	O
gọt	O
nữa	O
k	NORM

rồi	O
sáng	O
mai	O
tụi	O
tui	O
sẽ	O
đọc	O
những	O
baid	NORM
kinh	O
dị	O
gì	O
đây	O

đm	O
chắc	O
chắn	O
là	O
xoài	O
lòn	NORM
lại	O
cắt	O
ghép	O
rồi,	O
chắc	O
chắn	O
là	O
như	O
vậy	O

a	NORM
đã	O
trở	O
lại	O
cuộc	O
sống	O
bình	O
thường	O

tất	O
nhiên	O
là	O
cũng	O
sẽ	O
có	O
người	O
chả	O
quan	O
tâm	O
mớ	O
mình	O
nhắn	O
và	O
chỉ	O
seen	O
cho	O
có	O
lệ	O
nhưng	O
nếu	O
ngta	NORM
đã	O
chủ	O
động	O
offer	O
vậy	O
thì	O
mình	O
nghĩ	O
thử	O
một	O
hai	O
lần	O
cũng	O
k	NORM
mất	O
gì	O
cả,	O
nếu	O
ngta	NORM
thực	NORM
sự	O
seen	O
cho	O
có	O
lệ	O
thì	O
sau	O
một	O
hai	O
lần	O
đầu	O
là	O
đã	O
nhìn	O
ra	O
rồi	O
ý	O
:>	O

nào	O
đi	O
ăn	O
kem	O
nka	NORM
mẹ	O

T	NORM
viết	O
về	O
nó	O
nhưng	O
nó	O
bảo	O
nó	O
k	NORM
viết	O
về	O
t	NORM
đâu,	O
t	NORM
vẫn	O
thấy	O
bth	NORM
vì	O
tính	O
nó	O
z	NORM

:))))	O
a	NORM
quay	O
fim	O
lại	O
ở	O
minh	O
đức	O
rồi	O
gửi	O
ca	O
dị	NORM
nha	O

lấy	O
ng	NORM
chồng	O
như	O
này	O
rồi	O
mua	O
tủ	O
lạnh	O
riêng	O
cho	O
susu	O
nhé	O

xin	O
vía	O
tóc	O
k	NORM
sơ,	NORM
k	NORM
rối,	O
k	NORM
rụng	O

t	NORM
tìm	O
lóp	NORM
còn	O
hok	NORM
đc	NORM

đừng	O
uống	O
bia	O
nữa	O
hại	O
sk	NORM
lắm.	O

Mối	O
qh	NORM
toxic	O
biến	O
đi	O
ms	NORM
thấy	O
đường	O
để	O
phát	O
triển	O
cứ	O
ôm	O
khư	O
khư	O
trong	O
người	O
gặp	O
mỗi	O
ngày	O
chỉ	O
làm	O
mk	NORM
mệt	O
th	NORM

2	O
kẻ	O
mập	O
mờ	O
nhìu	NORM
ngừi	NORM
vui	O
=))))))))))))))	O

hôm	O
qua	O
chj	NORM
em	O
ms	NORM
mua	O
bộ	O
này	O
về	O
nek	NORM
ms	NORM
chs	NORM
hôm	O
qua	O
lun	NORM
á=DD	O

xin	O
phép	O
tag	O
đại	O
ka	NORM
phát	O
=))))	O

Sài	NORM
hao	O
quá	O
chịu	O
hum	NORM
có	O
nõi	NORM
lun	NORM
á	O

Nó	O
có	O
riêng	O
1	O
bài	O
hát	O
tên	O
nó	O
luôn	O
m	NORM
ui	NORM

kím	NORM
lúa	O
đi	O
em	O
iuuuu	NORM

nhìn	O
ngoo	NORM
ngoo	NORM
kiểu	O
gì	O

Mà	O
nhìn	O
vk	NORM
ck	NORM
mặt	O
cũng	O
rất	O
phu	O
thê	O
nha	O
huhu	O
:(((	O

Đăng	O
lên	O
đây	O
trường	O
nào	O
đọc	O
tr	NORM
:))	O

Nên	O
thay	O
vì	O
show	O
tất	O
cả	O
mọi	O
thứ	O
bạn	O
có	O
hãy	O
cho	O
ngta	NORM
thấy	O
những	O
điểm	O
đặc	O
sắc	O
và	O
thú	O
vị	O
nhất	O
của	O
bạn	O
ấy	O

Không	O
có	O
lương	O
nên	O
k	NORM
có	O
tiếng	O
nói	O
ạ	O

Tuần	O
sau	O
mình	O
đến	O
Huế,	O
kh	NORM
biết	O
thời	O
tiết	O
ở	O
đấy	O
có	O
nắng	O
nóng	O
nhiều	O
kh	NORM
nhỉ	O

mới	O
chuỷn	NORM
hệ	O
điều	O
hành,	O
kím	NORM
sticker	O
hơi	O
lâu	O

Giờ	O
t	NORM
mới	O
thấy	O
hoạ	O
tiết	O
nhà	O
G	O
này	O
lên	O
hình	O
đẹp	O
vỡi	NORM

có	O
khi	O
chua	O
nhắm	O
mắt	O
các	O
cháu	O
ko	NORM
nuốt	O
nổi	O

chàng	O
trai	O
pónk	NORM
và	O
cô	O
gái	O
nai	O
bò	O

Bất	O
ngờ	O
ở	O
chỗ	O
họ	O
coi	O
đó	O
là	O
điều	O
hiển	O
nhiên,	O
việc	O
mình	O
nên	O
làm	O
khi	O
mình	O
đc	NORM
VINH	O
DỰ	O
làm	O
bạn	O
của	O
họ	O

dữ	O
thần	O
chị	O
đi	O
khum	NORM

hãy	O
iu	NORM
trường	O
mình	O
đi	O

hnao	O
cho	O
tui	O
lướt	O
1	O
xí	NORM
nka	NORM
bà:))	O

hok	NORM
có	O
bà,	O
đời	O
tui	O
hok	NORM
sống	O
nổi	O

uống	O
sữa	O
đặc	O
hok	NORM
kìa	O

ko	NORM
lẽ	O
ngta	NORM
khách	O
sáo	O
bảo	O
tự	O
nhiên	O
như	O
ở	O
nhà	O
là	O
tự	O
nhiên	O
đc	NORM
ư?	O

này	O
cần	O
cho	O
e	NORM
nè	O

Ủa	O
t	NORM
để	O
ảnh	O
bản	O
thân	O
quài	O
để	O
nhắc	O
nhở	O
hãy	O
yêu	O
bản	O
thân	O
thật	O
nhiều	O
hơn	O
đấy	O

Ngta	NORM
đổi	O
đời	O
thì	O
enjoy,	O
hạnh	O
phúc	O
lắm,	O
còn	O
mình	O
thì	O

bụi	O
bay	O
dô	NORM
mắt	O
à	O

Thấy	O
cũng	O
íu	NORM
đúi	NORM
r	NORM
đó	O

Chứ	O
lúc	O
thích	O
thật	O
thì	O
chỉ	O
dám	O
nép	O
ở	O
góc	O
tường	O
từ	O
xa	O
nhìn	O
ng	NORM
ta	O

Gòi	NORM
ai	O
là	O
ngừi	NORM
đáng	O
thương	O

Cha	O
mẹ	O
kiểu	O
này	O
sao	O
dạy	O
đc	NORM
con	O
mình	O
.	O

Thứ	O
nhất	O
là	O
hôn	O
nhân	O
ko	NORM
còn	O
ý	O
nghĩa	O
khi	O
cả	O
hai	O
ngừng	O
nhu	O
cầu	O
lắng	O
nghe	O
bạn	O
đời	O
nói,	O
và	O
người	O
kia	O
cũng	O
không	O
có	O
nhu	O
cầu	O
sẻ	O
chia	O

Gu	O
của	O
bn	NORM
mình	O
là	O
phim	O
"chữa	O
lành"	O
nhỉ	O

Màu	O
càng	O
tối	O
thì	O
ánh	O
sáng	O
sẽ	O
bị	O
giữ	O
lại	O
ko	NORM
đi	O
qua	O
áo	O
đc	NORM
nên	O
nhiệt	O
lượng	O
sẽ	O
cao	O
hơn	O
màu	O
sáng	O

Đòi	O
nó	O
cũng	O
k	NORM
trả	O
đâu	O
/))	O

Gòi	NORM
xe	O
buýt	O
có	O
xl	NORM
hok	NORM

Ck	NORM
nước	O
mình	O
chịu	O
thương	O
chịu	O
khó	O
thì	O
đéo	O
chịu	O
lấy	O

Làm	O
bst	O
mang	O
qua	O
cho	O
c	NORM
nha	O

Kẹt	O
từ	O
an	O
sương	O
ra	O
tới	O
thủ	O
đức	O
lun	NORM
rui	NORM

Toán	O
hình	O
mà	O
như	O
1	O
bài	O
hát	O
thì	O
bâyh	NORM
bao	O
ae	NORM
ko	NORM
phải	O
nghĩ	O

:)))))))	O
tự	O
dưng	O
chân	O
t	NORM
ê	O
ẩm	O
ngang	O

Cấm	O
5	O
đội	O
mạnh	O
nhất:	O
Campuchia	O
có	O
HCV	NORM
cầu	O
lông	O
đầu	O
tiên	O
trong	O
lịch	O
sử	O

hè	O
r	NORM
đi	O
du	O
lịch	O
thoy	NORM

Lưu	O
lại	O
gửi	O
để	O
k	NORM
biết	O
tên	O
tiktok	O
mình	O
á	O
má	O
=))	O

pet:	O
làm	O
như	O
t	NORM
qan	NORM
tâm	O

Tớ	O
mặc	O
áo	O
đồng	O
phục	O
c3	O
đi	O
mua	O
thuốc	O
cũng	O
được	O
tư	O
vấn	O
hướng	O
dẫn	O
nhiệt	O
tình	O
quá	O
trời	O
lun	NORM

Chơi	O
cái	O
trò	O
tốn	O
sức	O
hầy	NORM

gần	O
đây	O
còn	O
có	O
cái	O
vụ	O
nói	O
ct	NORM
bạn	O
trai	O
r	NORM
ghép	O
cái	O
bài	O
chết	O
r	NORM
mình	O
đã	O
nói	O
ct	NORM
ngta	NORM
mất	O
rồi	O

Nhà	O
t	NORM
may	O
túi	O
siêu	O
thị	O
xuất	O
khẩu	O
châu	O
Âu,cũng	O
đầy	O
hình	O
ảnh	O
con	O
vật	O
ngộ	O
nghĩnh,thì	O
túi	O
này	O
cũng	O
có	O
con	O
Vịt	O
khác	O
gì	O
nhau	O
đâu	O

theo	O
kịch	O
bản	O
thì	O
ny	NORM
m	O
đang	O
học	O
lớp	O
12	O
có	O
khi	O
hè	O
là	O
bay	O
sang	O
bổn	NORM
gặp	O
m	O
đấy	O

Tính	O
nuốt	O
mà	O
kg	NORM
được	O

Tiện	O
vô	O
báo	O
cáo	O
cả	O
trang	O
của	O
n	NORM
luôn	O
nhé	O
mọi	O
ngừi	NORM

Đỏ	O
hết	O
nhà	O
tắm	O
đã	O
v	NORM
ra	O
nhiều	O
quá	O
sợ	O
bay	O
hết	O
màu	O
=))	O

nhớ	O
đeo	O
kính	O
nha	O
c	NORM
:))	O

Thế	O
giới	O
của	O
t	NORM
hem	NORM
đổ	O
mưa	O

Hãy	O
cố	O
gắng	O
kiếm	O
tiền	O
lo	O
cs	NORM
của	O
mình,	O
của	O
con,	O
vì	O
ck	NORM
mà	O
bạn	O
bỏ	O
cv,	NORM
hy	O
sinh	O
họ	O
cũng	O
chả	O
b	NORM
đâu,	O
thẳng	O
thắn	O
vs	O
ck	NORM
tìm	O
nút	O
thắt	O
mà	O
gq,	NORM
đừng	O
mơ	O
ng	NORM
đó	O
thương	O
mình	O

Mẹ	O
này	O
chắc	O
mẹ	O
em	O
Bin	O
chuẩn	O
r	NORM
ck	NORM
ạ	O

Giờ	O
ông	O
nào	O
chơi	O
ác,	O
lấy	O
xe	O
oto	NORM
bật	O
còi	O
hụ	O
chạy	O
qua	O
chạy	O
lại	O
trước	O
nhà	O
1	O
vài	O
anh	O
chị	O
em	O
nghệ	O
xí	NORM
chắc	O
các	O
anh	O
chị	O
đái	O
mẹ	O
ra	O
quần,	O
ngất	O
xỉu	O
cũng	O
nên!	O

Xin	O
vai	O
công	O
chúa	O
1	O
đi	O
quánh	O
nhau	O
dzới	NORM
quái	O
dzật,	NORM
mụ	O
phù	O
thuỷ	O
xanh	O
lè	O
và	O
chàng	O
quàng	NORM
tử	O
đẹp	O
chai	NORM
để	O
cưới	O
công	O
chúa	O
2	O
dzề	NORM
làm	O
dzợ	NORM

níu	NORM
bạn	O
đã	O
quá	O
mịt	NORM
mỏi	O
với	O
việc	O
kím	NORM
trọ	O
:))	O

Ai	O
xem	O
25	O
21	O
với	O
duty	O
after	O
school	O
thì	O
nhớ	O
chừa	O
tập	O
cuối	O
nah	NORM

Cho	O
lên	O
sàn	O
nốc	O
ao	O
phát	O
nx	NORM
có	O
được	O
thêm	O
cái	O
huy	O
chương	O
khum	NORM

Người	O
ác	O
khum	NORM
thảnh	O
thơi,	O
người	O
hèng	NORM

Sẽ	O
k	NORM
ai	O
muốn	O
biết	O
ban	O
đêm	O
tui	O
mà	O
ở	O
1	O
mk	NORM
thì	O
tui	O
sẽ	O
nghĩ	O
ntn	O
đâu	O
k	NORM
biết	O
có	O
phải	O
mọi	O
con	O
gái	O
đều	O
thế	O
k	NORM
hay	O
là	O
chỉ	O
vài	O
người	O
nma,	NORM
cứ	O
đến	O
đêm,	O
nếu	O
k	NORM
có	O
việc	O
gì	O
phải	O
làm	O
thì	O
tui	O
sẽ	O
dễ	O
suy	O
diễn	O
mấy	O
việc	O
ứ	O
liên	O
quan	O
đến	O
mình	O
cho	O
lắm	O
thành	O
có	O
liên	O
quan	O
đến	O
mk	NORM
và	O
sau	O
đó	O
là	O
buồn	O
cả	O
đêm	O
đến	O
sáng	O

mùa	O
dịch	O
gòi	NORM
cta	NORM
cùng	O
ngủ	O
đến	O
trưa	O
để	O
tiết	O
kiệm	O
tiền	O
ăn	O
sáng	O
^^	O

em	O
toi	NORM
thì	O
cuộc	O
đời	O
đang	O
nắng	O
thì	O
dây	O
vào	O
mấy	O
cơn	O
bão	O

giống	O
hôm	O
a	NORM
nhào	O
bột	O
:)))	O

a	NORM
k	NORM
xích	O
conchó	NORM
vào	O
để	O
xổng	O
ra	O
thế	O
:))	O

khuya	O
qua	O
tầm	O
3-4h	O
sáng	O
đang	O
dừng	O
đèn	O
đỏ	O
gặp	O
chiếc	O
tai	O
nạn	O
ở	O
trên	O
vượt	O
đèn	O
đỏ	O
cả	O
đám	O
r	NORM
chạy	O
luôn	O
,	O
ngay	O
ngã	O
tư	O
đỗ	O
xuân	O
hợp	O
,	O
=))))	O
đúng	O
ý	O
trời	O
thật	O

Lát	O
thấy	O
số	O
đỏ	O
nhà	O
đất	O
các	O
thứ	O
đều	O
đứng	O
tên	O
bố	O
ck	NORM

đấy	O
ngta	NORM
còn	O
ghe	NORM
hơn	O
t	NORM
nx	NORM

Ko	NORM
biết	O
có	O
cháu	O
nào	O
gớt	NORM
nước	NORM
mắt	O
vì	O
tiếc	O
ko	NORM
nhề?	NORM

đợi	O
em	O
có	O
ngiu	NORM
mà	O
nó	O
cắm	O
sừng	O
em	O
thì	O
em	O
cũng	O
rủ	O
cả	O
phòng	O
chị	O
đi	O

1	O
bên	O
uống	O
cà	O
phê	O
1	O
bên	O
uống	O
cà	O
phơ	NORM
=)))	O

Nchung	NORM
thì	O
bên	O
nào	O
thắng	O
thì	O
t	NORM
hùa	O

Đọc	O
đi	O
đọc	O
lại	O
vẫn	O
mắc	O
cừi	NORM

K	NORM
có	O
cam	O
thì	O
oan	O
cho	O
nta	NORM
quá	O
nhỉ	O

Phải	O
như	O
này	O
này,	O
chứ	O
k	NORM
phải	O
suốt	O
ngày	O
chăm	O
chăm	O
vào	O
bóng	O
đá	O
nam	O

mua	O
tạm	O
qua	O
dắc	NORM
t	NORM
đi	O
chơi	O

tuổi	O
trẻ	O
vs	NORM
nhiều	O
áp	O
lực	O

Chó	O
nhìu	NORM
năng	O
lượng	O
v	NORM
nhốt	O
riết	O
khùng	O

Mé	NORM
ác	O
dẫy	NORM
cha	O
nội	O

kinh	O
nghiệm	O
đi	O
Quảng	O
Ngãi	O
và	O
Bình	O
Định	O
nhoa	NORM
=)))	O

Thế	O
là	O
cha	O
t	NORM
kêu	O
ăn	O
bún	O
đi	O
để	O
cơm	O
cho	O
chó	O
ăn"	O

lướt	O
tiktok	O
thấy	O
cặp	O
ni	NORM
là	O
mệt	O

Đam	O
mê	O
thôi,	O
ngon	O
lành	O
rì	NORM
đâu	O
:)))	O
hí	O
hí	O

Lần	O
đầu	O
chở	O
mk	NORM
ra	O
bến	O
buýt	O
để	O
bắt	O
xe	O
về(	O
vì	O
từ	O
nhà	O
hs	O
ra	O
bến	O
buýt	O
hơi	O
xa	O
nên	O
hôm	O
nào	O
mưa	O
cô	O
ấy	O
sẽ	O
đưa	O
mk	NORM
ra	O
bến),	O
phụ	O
huynh	O
dùng	O
tay	O
gạt	O
chỗ	O
để	O
chân	O
cho	O
mình.	O

Sút	O
thế	O
thì	O
chịu	O
r,	NORM
sao	O
mà	O
đỡ	O
đc	NORM

Cứ	O
nằm	O
viện	O
xong	O
làm	O
cái	O
đơn	O
ra	O
CA	NORM
thì	O
mặt	O
lại	O
xin	O
rối	O
rít	O
ngay	O

K	NORM
ướt	O
gối	O
đời	O
k	NORM
nể	O
:)))	O

Đọc	O
lại	O
lần	O
thứ	O
n	O
vẫn	O
cười	O
đ	NORM
chịu	O
được	O

Nhưng	O
sợ	O
chỉ	O
có	O
mình	O
mình	O
nghĩ	O
họ	O
là	O
bạn	O
thân	O
mình	O
nên	O
ko	NORM
dám	O
viết:)))	O

a	NORM
có	O
muốn	O
chụp	O
1	O
tấm	O
hình	O
để	O
đời	O
k	NORM

tâm	O
lí	O
cứng	O
nhma	NORM
nhắn	O
là	O
rep	O

:	O
))	O
ố	O
kề	O
đag	NORM
đúng	O
kịch	O
bản	O

zô	NORM
đọc	O
giải	O
trí	O
đi	O
mấy	O
iêm	NORM

Ai	O
cho	O
t	NORM
mượn	O
cái	O
chân	O
váy	O
mặc	O
thử	O
đi	O

BHL	O
VN	O
kiểu:	O
xin	O
lỗi	O
trước	O
h	NORM
đây	O
chưa	O
ngán	O
thằng	O
nào	O
=]]]]	O

nhớ	O
mang	O
kính	O
chứ	O
đừng	O
v	NORM
nha	O

chị	O
thấy	O
nhà	O
m	NORM
nhiều	O
lắm	O

mình	O
cũng	O
không	O
ăn	O
đc	NORM
thịt	O
mỡ	O

Cíu	NORM
tui	O
,	O
khuya	O
cười	O
sảng	O

Thấy	O
51L1	O
3409	O
ùi	NORM
nhá	O

nó	O
là	O
tớ	O
hnay	NORM
nè	O

bài	O
viết	O
tiêu	O
cực	O
,	O
rác	O
của	O
cảm	O
xúc	O
,	O
đầy	O
người	O
thành	O
công	O
viên	O
mãn	O
hạnh	O
phúc	O
,	O
bản	O
thân	O
tiêu	O
cực	O
mới	O
đi	O
hút	O
vô	O
những	O
chuyện	O
hoại	O
diệt	O
như	O
này	O
,	O
thấy	O
ngta	NORM
thành	O
công	O
là	O
cứ	O
nghĩ	O
ngta	NORM
sẽ	O
chết	O
,	O
vậy	O
chắc	O
xh	NORM
này	O
còn	O
chưa	O
tới	O
50	O
người	O
sống	O
,	O
người	O
sống	O
là	O
người	O
thất	O
bại	O
thì	O
góp	O
phần	O
GDP	O
tăng	O
trưởng	O
gì	O
được	O
cho	O
XH	NORM
ngoài	O
chuyện	O
tệ	O
nạn	O
lười	O
biếng	O
nợ	O
nần	O
?	O

mấy	O
con	O
này	O
mình	O
lại	O
gần	O
nó	O
nó	O
có	O
ăn	O
thịt	O
kh	NORM
mng	NORM

sinh	O
ziên	NORM
là	O
gì,	O
mình	O
đã	O
như	O
vậy	O
từ	O
lúc	O
học	O
cấp	O
3	O
rồi	O
ha	O

Lớp	O
t	NORM
có	O
đứa	O
quanh	O
năm	O
vào	O
lớp	O
toàn	O
mặc	O
áo	O
khoác	O
lúc	O
nào	O
cx	NORM
mặc	O
áo	O
khoác	O

Eo	O
ơi	O
keo	O
vãiii,	NORM
tính	O
ra	O
là	O
1	O
trong	O
số	O
những	O
celeb	O
đầu	O
tiên	O
có	O
danh	O
phận	O
với	O
high-end	O
ýyyy	NORM

ủa	O
sao	O
2	O
tụi	O
m	NORM
không	O
bị	O
bớ	O
đi	O
vậy	O

Chẳng	O
qua	O
tâm	O
anh	O
ta	O
không	O
đặt	O
ở	O
chị,	O
k	NORM
hề	O
yêu	O
thương	O
c	NORM
thôi	O

bon	O
chen	O
nhìu	NORM
cho	O
mợt	NORM
phải	O
hơm	NORM
:<	O

Tui	O
nhắn	O
tin	O
nó	O
chưa	O
bao	O
h	NORM
rep,	O
có	O
rep	O
cũng	O
"tao	O
bận	O
r",	NORM
"seen"	O

Thế	O
rồi	O
tự	O
dưng	O
phát	O
hiện	O
ra	O
bả	O
bị	O
dị	O
ứng	O
cái	O
vòng	O
tránh	O
thai	O
đã	O
cấy	O
trong	O
ngừi	NORM
mình	O
từ	O
lâu	O
lắc	O
rồi	O
í	NORM
má	O
đúng	O
kiểu	O
cấy	O
từ	O
lâu	O
lắm	O
r	NORM
cái	O
tự	O
nhiên	O
giờ	O
dị	O
ứng	O
là	O
đúng	O
kiểu	O
xu	O
cà	O
na	O
chứ	O
còn	O
gì	O
nữa	O

Loại	O
vô	O
văn	O
hoá	O
này	O
thì	O
cứ	O
cho	O
đi	O
đâm	O
đơn	O
kiện	O
cho	O
nó	O
bit	NORM
mặt	O
,	O
k	NORM
tưởng	O
tượng	O
nổi	O
sao	O
lại	O
có	O
cái	O
loại	O
người	O
như	O
vậy	O
tồn	O
tại	O
trên	O
xã	O
hội	O
này	O

Bảo	O
sao	O
bắt	O
cóc	O
đc	NORM
chị	O
Lệ	O
chứ	O

mặc	O
dù	O
giờ	O
lười	O
chãy	NORM
thay	NORM
xém	O
rớt	O
môn	O
nhưng	O
vẫn	O
tin	O
dô	NORM
2	O
cái	O
nốt	O
rùi,	NORM
tin	O
lời	O
bà	O
chị	O
nói	O

thích	O
anh	O
cá	O
mập	O
k	NORM

Lương	O
10	O
chẹo	NORM
mà	O
chịu	O
được	O
tính	O
khùng	O
điên	O
của	O
e	NORM
,	O
thì	O
đc	NORM
nhá	O

Tập	O
tành	O
lắm	O
rồi	O
cũng	O
k	NORM
bằng	O
ngta	NORM

Thế	O
ck	NORM
t	NORM
lương	O
5tr	O
nuôi	O
2	O
đứa	O
con	O
đây	O

Đúng	O
1	O
vài	O
trường	O
hợp	O
thoi	NORM

Sao	O
hông	NORM
có	O
màu	O
hồng	O
dị	NORM
m.n	NORM
:((	O

con	O
này	O
ngoan	O
đếy,	NORM
chứ	O
mèo	O
tau	NORM
còn	O
ko	O
chịu	O
cho	O
tau	NORM
dắt	O
đi	O
dạo	O
nữa	O
mà	O

cái	O
trường	O
hợp	O
ni	NORM
quen	O
quá	O
nhễ	NORM

Hay	O
là	O
sinh	O
em	O
bé	O
đi	O
cị	NORM
=))))))	O

đang	O
bưng	O
cafe	O
cái	O
đóng	O
phim	O
ngang	O
dị	NORM
bà	O

Vì	O
ko	NORM
thiếu	O
thốn	O
nên	O
ko	NORM
cần	O
phải	O
nhường	O
nhịn	O
cho	O
con	O
gì	O
cả	O

khi	O
nào	O
đỡ	O
đau	O
đầu	O
thì	O
đọc	O
nhé,	O
giải	O
thích	O
so	O
sánh	O
thú	O
zị	NORM
lắm	O

Trước	O
hồi	O
còn	O
sống	O
t	NORM
hay	O
làm	O
v	NORM
lắm	O

tr	NORM
ơi	O
cíu	NORM
tui	O
cíu	NORM
tui	O

Vậy	O
cúi	NORM
cùm	NORM
thoát	O
ra	O
bằng	O
cách	O
nào	O
nhỉ	O

tiền	O
thì	O
tớ	O
khom	NORM
tiếc	O
căn	O
bản	O
là	O
tớ	O
khom	NORM
coá	NORM

chị	O
phần	O
cho	O
miếng	O
dưa	O
hấu	O
ko	NORM
hạt	O
rất	O
to	O
trong	O
tủ	O
,	O
mai	O
nhớ	O
ăn	O
nhé	O

Iem	NORM
bé	O
mới	O
bị	O
tổn	O
thưn	NORM
TvT	O

z	NORM
mà	O
hok	NORM
nghí	NORM
ra	O

Mức	O
thu	O
nhập	O
bình	O
quân	O
đầu	O
người	O
vn	O
đang	O
dứoi	NORM
10	O
tr	O
thế	O
thì	O
phải	O
bn	NORM
người	O
ế	O
vợ	O

Vc	NORM
nhà	O
này	O
đáng	O
yêu,	O
diễn	O
k	NORM
lố	O
mấy	O

Nó	O
cứ	O
nt	NORM
gạ	O
miết	O
thôi..	O

Đi	O
coi	O
concert	O
một	O
mình	O
và	O
rấc	NORM
là	O
tận	O
hưởng	O
luônnn	NORM

biết	O
vậy	O
sáng	O
làm	O
y	O
ri	NORM
hỳ	NORM

Mai	O
a	NORM
về	O
mặc	O
thử	O
nhá	O

Đau	O
lòng	O
vcl,	O
lỡ	O
mình	O
k	NORM
cưới	O
được	O
Eland'orr	O
thì	O
sao...	O

nhìn	O
trái	O
dâu	O
là	O
thấy	O
chua	O
tới	O
r	NORM

thích	O
hong	NORM
t	NORM
cuộn	O
cho	O
liền	O

văn	O
thơ	O
lai	O
láng	O
chữ	O
nghĩa	O
dạt	O
dào	O
cx	NORM
k	NORM
cứu	O
nổi	O
pha	O
này	O
:((	O

nói	O
chiện	NORM
với	O
ông	O
zui	NORM
ghê	O
á	O
hnao	NORM
mình	O
gặp	O
:))	O

Tui	O
cần	O
cái	O
cổ	O
nghị	O
lực	O
như	O
dậy	NORM

có	O
thất	O
vọng	O
khôm	NORM
hay	O
vô	O
tri	O
r	NORM

Miếu	O
bà	O
linh	O
lắm	O
luôn	O
á	O
mng,	NORM
mình	O
cầu	O
Bà	O
cho	O
mình	O
đậu	O
cấp	O
3.	O

xin	O
lũi	NORM
vì	O
đã	O
cười	O
:))))	O

Khi	O
bạn	O
quá	O
nghèo	O
những	O
vẫn	O
mún	NORM
tặng	O
quà	O
ny	NORM

Thỉnh	O
thoảng	O
có	O
hôm	O
tầm	O
1	O
tiếng	O
là	O
mấy	O
ngày	O
dồn	O
lại	O
phải	O
hem	NORM
mấy	O
bạng	NORM

ở	O
nhà	O
t	NORM
bới	O
thì	O
biết	O
tay	O
má	O
t	NORM
nha	O

Còn	O
cứ	O
kéo	O
dài	O
như	O
vậy	O
sẽ	O
ko	NORM
ổn.	O

làm	O
theo	O
ông	O
sáng	O
h	NORM
bị	O
mẹ	O
chửi	O
quá	O
chòi	NORM
:((((	O

Tr	NORM
ơi	O
bà	O
dui	NORM
tánh	NORM
quá	O
bữa	O
nào	O
gặp	O
nhao	NORM
hen	NORM

Ra	O
đường	O
sợ	O
nhất	O
dây	O
vào	O
trẻ	O
con	O
với	O
ng	NORM
già,	O
nhìn	O
thấy	O
là	O
đi	O
chậm	O
né	O
xa	O
xa	O

Chi	O
gánh	O
dance	O
vs	NORM
visual	O
thôi	O
được	O
không	O

Thôi	O
mà	O
trời	O
ơi	O
ai	O
mượn	O
nhắc	O
chi	O
z	NORM

b	NORM
có	O
ăn	O
cái	O
gì	O
trong	O
này	O
k	NORM

alo	O
embe	NORM
nhà	O
toi	NORM
ơi,	O
hay	O
phải	O
để	O
embe	NORM
khác	O
buộc	O
cho	O
chị	O
:))))	O

“	O
hqua	NORM
t	NORM
mới	O
gửi	O
giấy	O
nợ	O
về	O
cho	O
bà	O
già	O
t	NORM
trả	O
“	O

Team	O
đông	O
người	O
cx	NORM
được	O
nhưng	O
chắc	O
ko	NORM
hợp	O
gu	O
nhạc,	O
xem	O
nó	O
chưa	O
ấn	O
tượng	O
lắm	O

zô	NORM
tri	O
hửn	NORM
tide	NORM
pink	NORM

Và	O
t	NORM
không	O
khóc	O
như	O
hồi	O
nhỏ	O
nữa!	O

thấy	O
ai	O
trong	O
đó	O
k	NORM
Haha	O

cho	O
nước	O
nhồi	O
bột	O
dùng	O
nước	O
lạnh	O
hay	O
s	NORM
ạ	O

k	NORM
cần	O
phải	O
để	O
ý	O
quan	O
tâm	O
xung	O
quanh	O
quá	O
nhiều	O
và	O
cảm	O
nhận	O
được	O
toàn	O
bộ	O
show	O
từ	O
âm	O
nhạc	O
đến	O
không	O
khí	O
và	O
màu	O
sắc	O
ánh	O
sáng..	O

iem	NORM
kó	NORM
quay	O
lại	O
hong?	NORM

Dí	O
con	O
ngta	NORM
ác	O
thiệt	O
=)))	O

Đang	O
niềng	O
cũng	O
dị	NORM
thoai	NORM

Hong	NORM
hát	O
là	O
quay	O
lại	O
roài	NORM
đó	O

Ăn	O
ko	NORM
đc	NORM
gắp	O
mẹ	O
miếng	O
thịt	O
vào	O
bát	O
rồi	O
tách	O
miếng	O
thịt	O
mỡ	O
ra	O
đưa	O
cho	O
ny	NORM
ăn	O

Nơi	O
này	O
thật	O
sự	O
release	O
toxic	O
energy	O
đóa	NORM

t	NORM
hướng	O
trên	O
trời	O
dưới	O
đất	O
j	NORM
á:))	O

Giờ	O
này	O
toai	NORM
đi	O
ngủ	O
mà	O
phải	O
cười	O
phải	O
cười	O

E	NORM
mắc	O
chứng	O
hay	O
quên,	O
nên	O
e	NORM
có	O
nợ	O
nần	O
ai	O
thấy	O
e	NORM
là	O
phải	O
đòi	O
nha	O

đang	O
mong	O
ht	NORM
năm	O
học	O
lẹ	O
lẹ	O
để	O
đi	O
hc	NORM
hè:))	O

Hậu	O
quả	O
sau	O
khi	O
lấy	O
ck	NORM
sinh	O
con	O
còn	O
phũ	O
hơn	O
nhé	O

anh	O
của	O
ngày	O
xưa	O
em	O
sẽ	O
gửi	O
a	NORM
bài	O
này	O
kk	O

trg	NORM
xã	O
hội	O
ngày	O
nay...	O

lạc	O
quan	O
lên	O
e	NORM
ơi	O
=))))	O

Để	O
t	NORM
đi	O
hái	O
mãng	O
cầu	O

ng	NORM
yêu	O
đang	O
học	O
cấp	O
2	O
rồi	O
:))	O

Ko	NORM
hiểu	O
s	NORM
nma	NORM
t	NORM
nhìn	O
mà	O
t	NORM
muốn	O
ói	O
ko	NORM
í	O

ko	NORM
bt	NORM
lời	O
đâu	O
ra	O
mà	O
nhìu	NORM
dữ	O
zị	NORM
hỏng	NORM
bt	NORM
:))	O

tâm	O
kh	NORM
động	O
giữa	O
đời	O
biến	O
động,	O
anh	O
iu	NORM
em	O
thì	O
hãy	O
hành	O
động	O
cho	O
em	O
thấy	O
chứ	O
đừng	O
nói	O
cái	O
mồm	O

t	NORM
còn	O
tưởng	O
dg	NORM
ở	O
trên	O
trời	O

dô	NORM
cười	O
thấy	O
bà	O
lun	NORM
nè	O

Hông	NORM
được	O
buồn	O
và	O
hông	NORM
có	O
gì	O
phải	O
buồn	O

đc	NORM
hok	NORM
iem,	NORM
iu	NORM
hok	NORM
ép	O
tuỳ	O
tâm,	O
kí	O
hợp	O
đồng	O
mấy	O
tỉ	O

Tâm	O
tịnh	O
tai	O
điếc	O
khong	NORM
nghe	O
khong	NORM
thay	NORM

Chuẩn	O
nước	O
lọc	O
vị	O
cafe	NORM

bà	O
na	O
mun	O
hi	O
sướng	O
qakkk	NORM

a	NORM
bày	O
cho	O
ngta	NORM
đúng	O
không?	O

ở	O
ngoài	O
kêu	O
sv	NORM
thì	O
seo	NORM

Dạo	O
này	O
mưa	O
lớn	O
lắm	O
á	O
a	NORM
đừng	O
ra	O
đường	O
nha	O

K	NORM
dám	O
ăn	O
hàng	O
nhiều	O
trc	NORM
mặt	O
ba	O
vì	O
sợ	O
ba	O
tưởng	O
mình	O
còn	O
nhiều	O
tiền	O

Buồn	O
1	O
lúc	O
thôi	O
rồi	O
về	O
đây	O
bên	O
a	NORM
em	O
nhé	O

đó	O
đó	O
lần	O
sau	O
đừng	O
kêu	O
tui	O
ngủ	O
gật	O
nx	NORM
:))	O

em	O
sai	O
rồi,	O
em	O
chin	NORM
nhỗi	NORM
anh	O
Lãnh	O
Hàn	O
Thiên	O
Phong	O
huhu	O

đi	O
k	NORM
e,	NORM
lâu	O
r	NORM
ce	NORM
mình	O
k	NORM
gặp	O

quả	O
dưa	O
có	O
hỏng	O
khong	NORM

Giống	O
như	O
mọi	O
ng	NORM
hay	O
bảo	O
streamer	O
kiếm	O
nhiều	O
tiền	O

Thuận	O
vk	NORM
thuận	O
ck	NORM
tát	O
biển	O
đông	O
cũng	O
cạn.	O

Xin	O
chào	O
mn	NORM
ạ,	O
đây	O
là	O
chiếc	O
page	O
nhỏ	O
của	O
tụi	O
mình,	O
mong	O
thời	O
gian	O
tới	O
được	O
mn	NORM
ghé	O
thăm	O
và	O
follow	O
ủng	O
hộ	O
ạ	O

cảm	O
giác	O
sạch	O
hơn	O
thiệc	NORM
=)))))))))	O

nhớ	O
lại	O
cảnh	O
hồi	O
sáng	O
tui	O
thật	O
sự	O
xin	O
lỗi	O
pà	NORM

khók	NORM
bằng	O
cả	O
tính	O
mạng	O

Đã	O
tự	O
nguyện	O
chấp	O
nhận	O
vay	O
-	O
lãi	O
mà	O
ko	NORM
có	O
thế	O
chấp	O
là	O
phải	O
trả	O
nợ	O
lãi	O
cho	O
người	O
ta	O
như	O
cam	O
kết,	O
lúc	O
vay	O
người	O
ta	O
có	O
dí	O
dao	O
vào	O
cổ	O
bắt	O
phải	O
vay	O
-	O
lãi	O
ko	NORM

Hỏi	O
thì	O
ai	O
chả	O
bảo	O
ko,	NORM
dù	O
đồ	O
thích	O
mấy	O
cũng	O
ko	NORM

tại	O
em	O
kh	NORM
đủ	O
qtr	NORM

Hèng	NORM
nhưng	O
hay	O
hóng	O
=)))))	O

muốn	O
work-life	O
balance	O
nhưng	O
tư	O
bản	O
bảo	O
z	NORM
là	O
vô	O
trách	O
nhiệm	O

Rút	O
kinh	O
nghiệm	O
lần	O
sau	O
y	NORM
anh	O
khác	O
nhớ	O
ăn	O
no	O
bụng	O
trc	NORM
khi	O
đến	O
nhà	O
Ny	NORM
nhé	O

ai	O
cũng	O
nói	O
zị	NORM
đó	O

y	O
chan	NORM
luôn	O
má,	O
nhiều	O
lúc	O
si	NORM
nghĩ	O
sau	O
này	O
kh	NORM
biết	O
làm	O
được	O
trò	O
trống	O
gì	O
nữa	O
=))	O

Nước	O
đi	O
này	O
tại	O
hạ	O
đ	NORM
lường	O
trước	O
được	O

lớn	O
rồi	O
gọi	O
đồ	O
dùm	NORM
cho	O
mẹ	O
yêu	O
luôn	O

Nếu	O
là	O
mình	O
mình	O
quạu	O
lắm	O
trong	O
nhà	O
mình	O
cứ	O
hễ	O
là	O
ăn	O
dc	NORM
uống	O
dc	NORM
thì	O
bất	O
kì	O
ai	O
cũng	O
có	O
thể	O
ăn	O

Thôi	O
ít	O
nhất	O
là	O
đc	NORM
10đ	O
rồi	O
còn	O
ai	O
nhắc	O
thì	O
về	O
tính	O
sau	O
đi	O
các	O
bạn	O
ơi	O
=)))	O

son	O
đỏ	O
thì	O
tui	O
kbiet	O
nma	NORM
son	O
nâu	O
thì	O
recommend	O
son	O
của	O
nhà	O
teemori's	O
store	O
ế	NORM
màu	O
xinh	O
vl	O

giả	O
diếc,	NORM
nhưng	O
đang	O
nt	NORM
với	O
đứa	O
bạn	O
kể	O
về	O
drama	O
kế	O
bên	O
=))	O

Chipu	O
ko	NORM
hú	O
lên	O
câu	O
đấy	O
thì	O
e	NORM
cũng	O
phải	O
nói	O
là	O
ok	O
rồi	O
á.	O

cho	O
sự	O
cố	O
gắng	O
của	O
b	NORM

may	O
quá	O
làm	O
ko	NORM
có	O
lương,	O
đợi	O
mà	O
đủ	O
kinh	O
tế	O
rồi	O
đẻ	O
chắc	O
hết	O
mẹ	O
trứng	O

k	NORM
bt	NORM
trl	NORM
nó	O
bảo	O
mình	O
chảnh	O
,	O
cay	O
vãi	O
=))	O

Ơ	O
ko	NORM
có	O
thứ	O
2	O
rửa	O
mắt	O
à.	O

Thằng	O
cha	O
này	O
chắc	O
ở	O
gần	O
chỗ	O
t	NORM

Nhưng	O
mà	O
hát	O
nhảy	O
mệt	O
cỡ	O
nào	O
đi	O
nữa	O
thì	O
cũng	O
đừng	O
quên	O
Hoàng	O
Sa	O
Trường	O
Sa	O
là	O
của	O
Việt	O
Nam	O
nha	O
chị	O
iu	NORM

Ăn	O
thử	O
moi	NORM
biet	NORM
nghen	O
bà	O

cái	O
bọn	O
này	O
sống	O
ảnh	O
hưởng	O
đến	O
mọi	O
ngừi	NORM

1	O
bà	O
đang	O
bầu	O
8	O
tháng	O
bà	O
còn	O
chưa	O
biết	O
ck	NORM
là	O
gì	O

lỡ	O
mồm	O
ns	NORM
bé	O
Thu	O
mất	O
nết	O

Không	O
nhưng	O
nó	O
sạch	O
thật	O
mà,	O
kiểu	O
lúc	O
nào	O
trong	O
bồn	O
nước	O
cũng	O
có	O
nước	O
tẩy	O
Vim	O
nên	O
ko	NORM
cần	O
phải	O
cọ	O
nhiều	O
ấy	O

Thôi	O
cho	O
cả	O
nhà	O
n	NORM
cầm	O
cái	O
biển	O
có	O
số	O
thôi	O

Bao	O
nhiêu	O
năm	O
lấy	O
ck	NORM
ko	NORM
ra	O
phim	O

Cần	O
đc	NORM
lan	O
toả	O
những	O
doanh	O
nghiệp	O
có	O
lòng	O
hảo	O
tâm	O

thơm	O
ngon	O
mời	O
pạn	NORM
ăn	O
nhek	NORM

đan	O
tặng	O
bạn	O
Thy	O
i	NORM
bạn	O
Hiền,	O
bạn	O
Thy	O
thích	O
được	O
tặng	O
quà	O
nhắm	NORM
á	O

Dả	NORM
bộ	O
kiếm	O
đồ	O
dưới	O
chân	O

2018	O
quả	O
thật	O
không	O
năm	O
nào	O
khó	O
bằng	O
năm	O
2021	O
em	O
thi	O
đề	O
cx	NORM
không	O
khó	O
như	O
2018	O

đúng	O
tấm	O
chiếu	O
mới	O
r.	NORM

k	NORM
những	O
sống	O
tốt	O
mà	O
còn	O
sống	O
khoẻ	O
nữa	O
ý	NORM
nếu	O
chót	NORM
ế!	O

xe	O
xoài	O
lắc	O
nào	O
đó	O
ở	O
bờ	O
kè	O
NQY	O
chỉ	O
quài	NORM
mà	O
nhìn	O
lòi	O
con	O
mắt	O
vẫn	O
ko	NORM
ra	O

may	O
ko	NORM
phải	O
cái	O
xe	O
tải	O
đi	O
trc,	NORM
phúc	O
70	O
đời	O

bữa	O
mẹ	O
đòi	O
đưa	O
cục	O
này	O
đem	O
zô	NORM
sg	O

chái	NORM
chim	NORM
mụt	NORM
lòng	O
dành	O
cho	O
anh=))	O

Chạm	O
zô	NORM
đây	O
nè	O
bà	O
nội	O

tuần	O
này	O
cúp	O
điện	O
ngay	O
ngày	O
tổng	O
kết	O
từ	O
7h	O
sáng	O
đến	O
5h	O
chiều	O
nên	O
ae	NORM
t	NORM
quyết	O
định	O
chơi	O
bóng	O
nước	O
xả	O
láng	O
cho	O
đỡ	O
nóng=))	O

đọc	O
xong	O
cảm	O
thấy	O
thế	O
giới	O
toàn	O
dúi	NORM
trá	O

giàu	O
tình	O
cảm	O
chứ	O
tiền	O
chắc	O
k	NORM
có	O

nhà	O
t	NORM
hồi	O
xưa	O
có	O
mấy	O
túi	O
hàng	O
hiệu	O
kiểu	O
này	O
:)))	O

ừ	O
mong	O
chủ	O
nợ	O
của	O
t	NORM
đứa	O
nào	O
cũng	O
hướng	O
nội	O

Ông	O
đấy	O
sn	NORM
97,	O
hơn	O
tôi	O
3	O
tuổi	O
mà	O
đang	O
học	O
lại	O
văn	O
bằng	O
2	O
tại	O
Nhân	O
Văn	O

t	NORM
cũng	O
ko	NORM
ăn	O
dc	NORM
mỡ	O
nhưng	O
thay	O
vì	O
có	O
hành	O
vi	O
thiếu	O
tinh	O
tế	O
như	O
b	NORM
t	NORM
sẽ	O
chọn	O
đ	NORM
ăn	O
nữa	O

Kẻ	O
mắt	O
trc,	NORM
kẻ	O
bảng	O
biểu	O
sau.	O

Chắc	O
mẩm	O
Bà	O
giám	O
thị	O
luông	NORM

tớ	O
đang	O
bùn	NORM
tớ	O
cũm	NORM
chèm	NORM
nhắm	NORM

Mẹ	O
ck	NORM
e	NORM
cũng	O
hay	O
để	O
1	O
miếng	O
nó	O
héo	O
y	O
vậy	O
trong	O
tủ	O
chứ	O
mẹ	O
đẻ	O
thì	O
chưa	O
thấy	O
bao	O
giờ	O

K	NORM
bạn	O
àk	NORM
bác	O
mới	O
là	O
người	O
đang	O
hoang	O
mang	O
đếy	NORM
:))))	O

Ở	O
Hà	O
Nội	O
vs	NORM
kinh	O
nghiệm	O
hít	O
bụi	O
bẩn	O
khói	O
xăng	O
bụi	O
mịn	O
tầm	O
10	O
năm	O
nay	O
thì	O
dù	O
muốn	O
hay	O
ko	NORM
cái	O
mũi	O
tôi	O
nó	O
cũng	O
phải	O
xỉu	O
lên	O
xuống,	O
nhất	O
là	O
cái	O
trời	O
bây	O
giờ	O
của	O
HN	O
hôm	O
nắng	O
hôm	O
mưa	O
hôm	O
lạnh	O
hôm	O
nóng	O
thì	O
cứ	O
phải	O
gọi	O
là	O
ối	O
giời	O
ôi	O

T	NORM
thấy	O
ko	NORM
có	O
gì	O
mắc	O
cười	O
,	O
Vay	O
FE	O
biết	O
100%	O
lãi	O
cao	O
rồi	O
,	O
đã	O
vay	O
tiền	O
ăn	O
dọng	O
xong	O
còn	O
đánh	O
người	O
như	O
vậy	O
,	O
biết	O
là	O
tụi	O
FE	O
nó	O
đòi	O
tiền	O
khó	O
chịu	O
nhưng	O
vay	O
thì	O
chịu	O
đi	O
,	O
thứ	O
này	O
bỏ	O
tù	O
mọt	O
rong	NORM
cho	O
bỏ	O
tật	O
,	O
t	NORM
thấy	O
ko	NORM
có	O
gì	O
tội	O
hết	O
,	O
người	O
ta	O
cũng	O
làm	O
đúng	O
cv	NORM
thôi	O
tới	O
lúc	O
tụi	O
m	NORM
đi	O
đòi	O
tiền	O
bị	O
đánh	O
v	NORM
còn	O
cười	O
được	O
ko	NORM

Thôi	O
thì	O
các	O
bạn	O
bảo	O
t	NORM
khó	O
tính,	O
ế	O
chồng	O
cũng	O
được	O
chứ	O
cái	O
kiểu	O
bới	O
bới	O
thức	O
ăn	O
là	O
t	NORM
chửi	O
thật	O
luôn	O
đấy	O

chúc	O
a	NORM
thật	O
nhiều	O
sức	O
khoẻ	O
ạ	O

Cái	O
đổi	O
đời	O
meme	O
này	O
đúng	O
đang	O
nói	O
t	NORM
nè	O

10tr	O
thì	O
vẫn	O
đủ	O
sống	O
mỗi	O
tháng	O
2vkck	NORM
và	O
1	O
con	O

Đây	O
chồng	O
em	O
tăng	O
xương	NORM
xương	NORM
có	O
10-11	O
cân	O
thoyyyy	NORM

Mấy	O
thg	NORM
lẻo	O
mép	O
thường	O
nhiều	O
hơn	O
1	O
ny	NORM
đấy	O

nó	O
bể	O
một	O
cái	O
mà	O
t	NORM
không	O
dám	O
nói	O
nhà	O
t	NORM
biết,	O
nhà	O
t	NORM
ăn	O
cơm	O
như	O
đúng	O
rồi	O
luôn	O

Hè	O
xog	NORM
ht	NORM
gặp	O
roi	NORM
;))	O

Mấy	O
em	O
cấp	O
1	O
thì	O
cây	O
còn	O
xoài,	O
chứ	O
c2	O
c3	O
thì	O
ko	NORM
lên	O
tới	O
quả	O
to	O
như	O
rứa	O
mô	O

Thầy	O
như	O
này	O
dạy	O
ai	O
đc	NORM
nữa	O

có	O
dối	O
lừa	O
gì	O
khum	NORM

đúng	O
là	O
đâu	O
ai	O
làm	O
ng	NORM
bth	NORM
khi	O
yêu	O

Từ	O
lúc	O
nghe	O
câu	O
đấy	O
cũng	O
bớt	O
áp	O
lực	O
nhiều	O
rùi	NORM
=)))))	O

Trước	O
hết	O
b	NORM
hãy	O
chia	O
sẻ	O
với	O
chồng	O
đi	O
đã,	O
nói	O
hết	O
lòng	O
mình	O
và	O
xem	O
hướng	O
đi	O
nào	O
tốt	O
nhất	O

có	O
khi	O
nào	O
zị	NORM
hông	NORM

Xin	O
màu	O
nào	O
cực	O
chiến	O
nma	NORM
dành	O
cho	O
cool	O
tone	O
ạkk	NORM

Trc	NORM
mình	O
có	O
bà	O
chị	O
ước	O
mơ	O
mở	O
đc	NORM
tiệm	O
bánh	O
nè	O

Bất	O
ngờ	O
này	O
thặc	NORM
thú	O
dzị	NORM
:))))	O

phải	O
công	O
ngận	NORM
tầm	O
marketing	O
của	O
ng	NORM
Việt	O
quá	O
xuất	O
sắc	O

Vào	O
trang	O
mới	O
biết	O
mình	O
là	O
một	O
người	O
hèng	NORM
đích	O
thực	O

nhức	O
cái	O
đầu	O
thiệc	NORM
á	O
chớ	O

Mẹ	O
ck	NORM
t	NORM
mua	O
thịt	O
lạc	NORM
cho	O
t	NORM

zừa	NORM
lắm	O
ông	O
zà	NORM
=)))	O

hình	O
như	O
c	NORM
cũng	O
chơi	O

xin	O
lũi	NORM
đc	NORM
chưa	O
=))))	O

Phần	O
tinh	O
bột	O
lắng	O
lại	O
của	O
nước	O
rửa	O
bột	O
lm	NORM
gì	O
đc	NORM
k	NORM
ạ	O

sao	O
a	NORM
bảo	O
nuôi	O
e,	NORM
mà	O
h	NORM
uống	O
có	O
mấy	O
hộp	O
sữa	O
cũng	O
nói	O
này	O
nói	O
nọ	O

Lm	NORM
học	O
sinh	O
trung	O
bình	O
thì	O
có	O
j	NORM
là	O
sai	O
vậy	O
ạ??	O

có	O
ích	O
hưn	NORM
ngồi	O
nghĩ	O
tiu	NORM
cực	O
nè	O

ủa	O
đi	O
hiến	O
máu	O
cũng	O
dc	NORM
con	O
này	O
neh	NORM

Bữa	O
giờ	O
có	O
đọc	O
nì	NORM
k	NORM

lạc	O
quan	O
lên	O
nhé	O
bé	O
iu	NORM
cb	NORM
ra	O
trường	O
hoy	NORM
nào	O

Sau	O
đó	O
t	NORM
từ	O
bỏ	O
dù	O
tiền	O
cần	O
thật	O
=)))	NORM

chú	O
bảo	O
mới	O
chụp	O
hôm	O
trc	NORM
thôi	O

Thì	O
ra	O
mk	NORM
chưa	O
phải	O
là	O
đứa	O
hát	O
dở	O
nhất	O

Tại	O
n	NORM
ngon	O
quá	O
ấy	O

trường	O
mik	NORM
cũng	O
có	O
mấy	O
con	O
suy	O
dinh	O
dưỡng	O
như	O
này	O

nghe	O
đau	O
lòng	O
dị,	NORM
có	O
khi	O
ny	NORM
chưa	O
đc	NORM
sinh	O
ra	O
haha	O

Bộ	O
tới	O
trung	O
niên	O
cái	O
hỏng	NORM
dc	NORM
nhí	O
nhảnh	O
iu	NORM
nhau	O
nữa	O
hả,	O
đọc	O
ngôn	O
riết	O
cảm	O
thấy	O
tủi	O
thân	O
dễ	O
sợ,	O
chương	O
1	O
vô	O
tác	O
giả	O
miêu	O
tả	O
nu9	O
là	O
một	O
“bà	O
cô	O
già”	O
ế	O
chồng,	O
một	O
quả	O
b	O
o	O
m	O
nổ	O
chậm	O
k	NORM
ai	O
thèm,	O
té	O
ra	O
nu9	O
25t	O
ủa	O
huhu	O

đừng	O
chọn	O
như	O
z,	NORM
hãy	O
chọn	O
1	O
ng	NORM
tinh	O
tế,	O
bt	NORM
chăm	O
lo	O
cho	O
mình,	O
bt	NORM
chia	O
sẻ	O
nỗi	O
bùn	NORM
của	O
mình,	O
quan	O
tâm	O
dụ	O
dỗ	O
cho	O
mình	O

Uầy	O
nhìn	O
mê	O
vậy	O
baoh	NORM
nhỏ	O
bư	O
lớn	O
bằng	O
nhỏ	O
này	O
đâyyyy	NORM

quyết	O
tâm	O
ko	NORM
ra	O
khỏi	O
phòng	O

mấy	O
đứa	O
có	O
snghi	NORM
tưởng	O
dễ	O
ăn	O
quá	O

Tình	O
bạn	O
là	O
thứ	O
mà	O
tiền	O
k	NORM
mua	O
được,	O
nhưng	O
có	O
thêm	O
tiền	O
nữa	O
thì	O
vui	O
hơn	O

Cho	O
e	NORM
hỏi	O
e	NORM
lỡ	O
có	O
hình	O
xăm	O
thì	O
có	O
theo	O
nghành	NORM
đc	NORM
ko	NORM
ạ	O

Arctic	O
Monkey	O
làm	O
concert	O
ở	O
Thái	O
cái	O
nữa	O
là	O
t	NORM
di	NORM
luyền	NORM
húi	NORM
hặn	NORM
bữa	O
9/3	O
ko	NORM
di	NORM

tại	O
kh	NORM
tìm	O
thấy	O
thùng	O
rác	O
đâu	O
nên	O
bỏ	O
vô	O
cặp	O
luôn	O

Hên	O
cho	O
b	NORM
là	O
quen	O
người	O
học	O
giỏi	O
nha	O

sn	NORM
đi	O
ăn	O
cái	O
này	O
đi	O
ba	O

em	O
tui	O
cũm	NORM
ở	O
đây	O
à	O

Thì	O
mấy	O
má	O
gọt	O
bán	O
lấy	O
tiền	O
mấy	O
chăm	NORM
ngàn	O
1kg	O
chứ	O
có	O
ai	O
cầm	O
d.a.o	NORM
kề	O
cổ	O
ép	O
gọt	O
không	O
công	O
đâu	O

Mình	O
cũng	O
là	O
mụt	NORM
người	O
k	NORM
thích	O
ăn	O
mỡ	O
nhưng	O
mình	O
k	NORM
bới,	O
mình	O
gắp	O
vào	O
bát	O
của	O
mình	O
rùi	O
gỡ	O
phần	O
mỡ	O
cho	O
ny	NORM
ăn	O
mình	O
ăn	O
phần	O
nạc	O
.	O

hì,	O
cặp	O
này	O
mới	O
đầu	O
thấy	O
cute,	O
nhưng	O
sau	O
diễn	O
hơi	O
quá	O
nên	O
k	NORM
thích	O
xem	O
nữa,	O
chứ	O
cũng	O
k	NORM
ghét	O
:))	O

cần	O
c	NORM
mặc	O
đồ	O
con	O
trai	O
cho	O
m	NORM
chụp	O
v	NORM
ko	NORM

bạn	O
ơi,	O
công	O
an	O
vs	NORM
tòa	O
án	O
triệu	O
tập	O
sẽ	O
gửi	O
giấy	O
về	O
nhà,	O
nên	O
là	O
đừng	O
tin	O
gì	O
liên	O
hệ	O
qua	O
ĐT,	NORM
nhớ	O
nhắc	O
ba	O
mẹ	O
ở	O
nhà	O
nữa	O
nhé	O

lỡ	O
nhìn	O
thấy	O
gòi	NORM
nên	O
bạn	O
coi	O
chung	O
cho	O
zui	NORM

ở	O
tokyo	O
dome	O
này,	O
hôm	O
mình	O
đi	O
trò	O
này	O
nó	O
ko	NORM
mở	O
nhỉ	O

ny	NORM
đang	O
học	O
lớp	O
4	O

Lương	O
t	NORM
10tr	O
cần	O
tìm	O
ck	NORM
lương	O
tháng	O
90tr	O
cho	O
tròn	O
100	O

nếu	O
nó	O
k	NORM
có	O
năng	O
lực,	O
chắc	O
bị	O
đuổi	O
lâu	O
rồi.	O

Vừa	O
bị	O
giật	O
đt	NORM
trên	O
đường	O
quốc	O
lộ	O
13	O
xong	O
cmn	O

Iu	NORM
nhao	NORM
tốt	O
nhất	O
nói	O
thẳng	O
ra	O
luôn,	O
nhiều	O
lúc	O
họ	O
không	O
tinh	O
tế	O
để	O
nhận	O
ra	O
khiến	O
mình	O
ôm	O
bực	O
tức	O
thôi.	O

chứ	O
đoạn	O
Chi	O
Pu	O
hú	O
sao	O
mà	O
phản	O
ứng	O
vậy	O
đc	NORM

t	NORM
nghĩ	O
đến	O
m	NORM
đầu	O
tiên	O

Cũng	O
k	NORM
phải	O
ai	O
cũng	O
để	O
ý	O
mấy	O
cái	O
hành	O
động	O
nhỏ	O
này	O
đâuu	NORM
trùi	NORM
uiii:3	NORM

Cty	NORM
như	O
vậy	O
sếp	O
như	O
vậy	O
dẹp	O
mẹ	O
đi,	O
qua	O
cty	NORM
anh	O
mà	O
làm	O
Kiên	O
nhé	O
thích	O
làm	O
thì	O
làm	O
thích	O
nghỉ	O
thì	O
nghỉ	O
lương	O
Kiên	O
tự	O
quyết	O
định.	O

chắc	O
người	O
yêu	O
t	NORM
chưa	O
sinh	O
ra	O
><	O

đi	O
cà	O
hê	NORM
gọi	O
món	O
cuối	O
là	O
hết	O
sảy	O

Sơ	O
hở	O
là	O
bị	O
giật,	O
xh	NORM
riết	O
ra	O
đường	O
đồ	O
của	O
mình	O
bị	O
mất	O
mà	O
nhiều	O
bạn	O
hả	O
hê	O
vậy	O

chồng	O
t	NORM
lương	O
4tr	O
vẫn	O
tung	O
tăng	O
sống	O
chung	O
với	O
vợ	O
và	O
2	O
con	O

a	NORM
nuôi	O
đi	O
để	O
được	O
nổi	O
tiếng	O

đọc	O
i	NORM
cho	O
đỡ	O
stress	O
pé	NORM
=))	O

Chắc	O
hẳn	O
sen	O
cửa	NORM
ẻm	NORM
phải	O
hướng	O
nội	O
zữ	NORM
lắm	O
mới	O
nghĩ	O
ra	O
nuôi	O
ẻm	NORM
làm	O
thú	O
cưng	O

Ăn	O
cơm	O
với	O
bố	O
mẹ	O
mà	O
bới	O
bới	O
thế	O
là	O
tới	O
công	O
chuyện	O
r	NORM
chứ	O
nói	O
gì	O
đến	O
nhà	O
ny	NORM
ăn	O
cơm	O
mà	O
bới	O
thế	O

Cấp	O
2	O
với	O
cấp	O
3	O
thì	O
ko	NORM
còn	O
quả	O
nào	O

hình	O
ảnh	O
aii	NORM
đó	O
đâu	O
đây	O

bác	O
tính	O
váng	O
sữa	O
đc	NORM
hem???	NORM

em	O
nghĩ	O
bình	O
thường	O
mà	O
có	O
j	NORM
đôu	NORM

sao	O
lúc	O
có	O
oto	NORM
k	NORM
đẩy	O
con	O
ra	O
luôn	O
đi	O

Dell	NORM
bt	NORM
nói	O
gì	O
hơn	O

May	O
có	O
cam	O
chứ	O
ko	NORM
thì	O
có	O
nhảy	O
xuống	O
sông	O
Hoàng	O
Hà	O
cũng	O
k	NORM
rửa	O
hết	O
tội	O

T	NORM
hồi	O
bé	O
là	O
bà	O
t	NORM
cho	O
nguyên	O
cái	O
bạt	O
tai	NORM
kp	O
nói	O
nhiều	O

Sv	NORM
tốt	O
nghiệp	O
trường	O
đầu	O
thai	O

Gọi	O
ng	NORM
đến	O
đánh	O
phụ	O
nữ???	O
What	O

Xưa	O
h	NORM
t	NORM
chưa	O
bh	NORM
dị	O
ứng	O
nhưng	O
sau	O
đợt	O
cảm	O
và	O
cơn	O
mưa	O
đầu	O
mùa	O
vừa	O
rồi	O
thì	O
t	NORM
đã	O
bị	O
dị	O
ứng	O
nhẹ.	O

1	O
giờ	O
trầm	O
kẽm	NORM
bắt	O
đầu	O

Cũng	O
muốn	O
mang	O
về	O
nhưng	O
nhìu	NORM
quá	O
k	NORM
vác	O
đc	NORM

Con	O
k	NORM
ăn	O
thì	O
béo	O
mẹ	O

Cứ	O
nghĩ	O
thế	O
là	O
yêu	O
thương	O
con	O
mình	O
lắm	O
à	O
cháu	O
còn	O
bé	O
k	NORM
biết	O
gì	O
đã	O
đành,	O
ông	O
làm	O
bố	O
r	NORM
nhận	O
thức	O
kém	O
hơn	O
cả	O
nó	O

3	O
ảnh	O
đầu	O
là	O
gđ	NORM
là	O
số	O
1	O
p1	NORM

Ko	NORM
thấy	O
anh	O
nào	O
cầm	O
con	O
cá	O
chà	O
bặc	O
hết	O
ha	O

Cái	O
sàn	O
xank	NORM
lè	O
lun	NORM
mắ	NORM

Bà	O
bảo	O
cha	O
mẹ	O
đi	O
làm	O
hết,	O
ở	O
nhà	O
k	NORM
ai	O
chăm	O
nên	O
hay	O
đưa	O
t	NORM
đi	O
chợ	O
cùng	O
mà	O
gặp	O
quán	O
nào	O
cũng	O
kéo	O
t	NORM
lại	O
nựng	O
mà	O
t	NORM
sợ	O
t	NORM
khóc	O
ré	O
luôn	O

anw	O
đọc	O
bài	O
thấy	O
đôi	O
này	O
cuti	O
qãi	NORM
huhu	O

Chắc	O
có	O
mik	NORM
t	NORM
muốn	O
đi	O
học	O
thêm…	O

Nhìn	O
giốg	NORM
trôg	NORM
truyện	O
tranh	O
vòng	O
xoắn	O
ốc	O
nhỉhơi	O
sợ	O
nha	O

bình	O
tĩnh	O
nha	O
bạn,	O
đợi	O
e	NORM
nó	O
tốt	O
nghiệp	O

Nỗ	O
lực	O
của	O
e	NORM
làm	O
cảm	O
động	O
bao	O
người	O

ê	O
m	NORM
làm	O
vậy	O
nè	O

Nữa	O
t	NORM
làm	O
file	O
excel	O

Làm	O
trận	O
tranh	O
HCV	NORM
toàn	O
đoàn	O
luôn	O
đi	O

Ae	NORM
tag	O
vào	O
cho	O
dòng	O
họ	O
sv	NORM
này	O
lên	O
tvi	NORM
cho	O
nhục	O
mặt	O

em	O
nuốt	O
nc	NORM
mắt	O
vào	O
trong	O

Em	O
xứng	O
đáng	O
đựơc	O
hưởnh	NORM
những	O
thành	O
quả	O
đấy	O
xin	O
em	O
và	O
gđ	NORM

Jo	O
lihon	O
lại	O
bug	NORM
bét	O
hết	O
lên	O
mạg	NORM
,	O
vág	NORM
đầu	O
)))	O

ngồi	O
lựa	O
từ	O
lúc	O
ăn	O
sáng	O
đến	O
ăn	O
trưa	O
lun	NORM
vẫn	O
ch	NORM
biết	O
đc	NORM
là	O
ăn	O
gì	O
đm	O

tôi	O
đau	O
đẻ	O
vật	O
vã	O
từ	O
sáng	O
m1	O
tới	O
sáng	O
m5	O
mới	O
sinh	O
đc	NORM
cô	O
công	O
chúa	O
đầu	O
lòng	O

dành	O
cho	O
những	O
con	O
ng	NORM
thik	NORM
màu	O
hồng	O
:)))	O

Ultr,	NORM
cái	O
lật	O
mặt	O
meme	O
này	O
phải	O
viral	O
cho	O
nhiều	O
đứa	O
nhổ	O

nuôi	O
mãi	O
không	O
péoooo,	NORM
pựkkk	NORM

hãy	O
bt	NORM
tận	O
hưởng	O
đi	O

Con	O
mèo	O
chứ	O
kp	NORM
con	O
chuột	O
:))	O

Có	O
thôi	O
đi	O
không,	O
ngta	NORM
ngủ	O
đc	NORM
mấy	O
giấc	O
r	NORM
đấy	O
ở	O
đấy	O
mà	O
tự	O
vẽ	O
drama	O

chúc	O
mừng	O
sinh	O
nhật	O
ngừi	NORM
anh	O
tâm	O
lý	O
nhất	O
trái	O
đất,	O
em	O
ko	NORM
ăn	O
đou	NORM
nhưng	O
vẫn	O
gắp	O
hết	O
thịt	O
cho	O
iêmmmm	NORM

Có	O
bạn	O
nào	O
thấy	O
cái	O
đầu	O
anh	O
Cổ	O
động	O
viên	O
Việt	O
Nam	O
nhộm	NORM
màu	O
lá	O
cờ	O
hg,	NORM
ngon	O
nhào	O
dô	NORM
đi	O

nhìn	O
z	NORM
chứ	O
kh	NORM
ph	NORM
z=))	NORM

B	NORM
sợ	O
còn	O
bác	O
tài	O
thì	O
chắc	O
hoang	O
mang	O
lắm	O
r	NORM

Có	O
500	O
mà	O
k	NORM
cho	O
mượn	O

sự	O
lãng	O
mạn	O
của	O
người	O
iu	NORM
tôi	O
nay	O
còn	O
đâu	O
:)	O

Đã	O
cap	O
màn	O
hình,	O
m	NORM
thích	O
cãi	O
không	O

vì	O
cái	O
mùa	O
này	O
mà	O
t	NORM
vs	NORM
nhỏ	O
chung	O
phòng	O
đi	O
kiếm	O
trọ	O
mới	O
có	O
máy	O
lạnh	O
liền	O

Đấy	O
bảo	O
r,	NORM
sinh	O
ra	O
r	NORM
đứa	O
nào	O
trông	O
đứa	O
nào	O

Cứ	O
đà	O
này	O
làm	O
j	NORM
còn	O
măng	O
cụt	O
chín	O
nữa	O

Tui	O
đã	O
từng	O
như	O
dậy	NORM

suy	O
ngẫm	O
dìa	NORM
hành	O
động	O
lúc	O
trước	O
của	O
mình	O
sau	O
khi	O
đọc	O
bài	O
này:))	O

đằng	O
sau	O
1	O
con	O
vợ	O
bộp	O
chộp	O
là	O
1	O
th	NORM
ck	NORM
hay	O
xúi	O
dại	O
=)))	O

vì	O
bên	O
bạn	O
chỉ	O
là	O
tạm	O
bợ,họ	O
vẫn	O
dg	NORM
tìm	O
kiếm	O
ng	NORM
khác	O
rồi	O
chờ	O
đến	O
lúc	O
tìm	O
đc	NORM
rồi	O
họ	O
sẽ	O
ra	O
đi.	O

Nồi	O
nào	O
vung	O
nấy	O
thoi	NORM
ae	NORM
yên	O
tâm	O

5	O
điểm	O
ckua	NORM
rớt	O
môn	O

ê	O
môi	O
hồng	O
đẹp	O
dị	NORM
ba	O

phim	O
trung	O
h	NORM
toàn	O
chuộng	O
kịch	O
bản	O
não	O
tàn,	O
trai	O
phải	O
xinh,	O
gái	O
phải	O
đẹp,	O
trẻ	O
trung,	O
make	O
up	O
phải	O
lố	O
lăng	O
các	O
thứ	O
mới	O
đc:⁠-⁠),	NORM
chớ	NORM
hai	O
cô	O
chú	O
chọn	O
kịch	O
bản	O
tình	O
yêu	O
trung	O
niên,	O
diễn	O
xuất	O
ổn	O
tốt	O
quá	O
thì	O
bị	O
chê	O
là	O
đúng	O
r:⁠-⁠\.	NORM

điểm	O
hoá	O
cũng	O
chỉ	O
là	O
con	O
số	O
thôi	O
nèk	NORM
quan	O
tâm	O
chi	O
cho	O
nhức	O
đầu	O
ha	O
chị	O
iu	NORM
...	O

chúc	O
ng	NORM
ta	O
bao	O
dung	O
sao	O
mình	O
không	O
bao	O
dung	O
gì	O
hết	O
vậy	O
:))))	O

Chiếc	O
blog	O
này	O
chứa	O
câu	O
chiện	NORM
đáng	O
iu	NORM
của	O
tụi	O
tui,	O
hoan	O
nghênh	O
mn	NORM
ghé	O
thăm	O

tại	O
t	NORM
hèn	O
đấy	O
:))	O

Dị	NORM
mà	O
cũng	O
dụ	O
đc	NORM
thêm	O
1	O
đứa	O
chui	O
dô	NORM
cùng	O
=))))	O

tag	O
i	NORM
lưu	O
mất	O
tgian	NORM
quó	NORM

Kg	NORM
biết	O
mấy	O
bang	O
khác	O
seo,	NORM
chứ	O
mình	O
ăn	O
ở	O
Delhi	O
là	O
kiểu	O
cay	O
nồng	O
tới	O
tận	O
ruột	O

hỏng	NORM
mấy	NORM
c	NORM
đưa	O
e	NORM
gõ	O
giùm	O
chứ	O
e	NORM
hóng	O
qá	NORM

M	NORM
bị	O
gan	O
nhiễm	O
mỡ	O
nhưng	O
thấy	O
bảo	O
chỉ	O
có	O
20%	O
có	O
nguy	O
cơ	O
thành	O
xơ	O
gan	O
thôi	O
nên	O
cũng	O
chủ	O
quan	O
chẳng	O
đi	O
khám	O
lại	O
mà	O
còn	O
nốc	O
nhiều	O
hơn	O
nữa	O

Tóc	O
bà	O
kia	O
bóng	O
vã	NORM
ò	NORM
trượt	O
ván	O
được	O
luôn	O
ấy	O

mẹ	O
độc	O
thân	O
nên	O
mẹ	O
ghéc	NORM
vải	NORM

Ánh	O
mắt	O
phán	O
xét	O
quá	O
z:))	NORM

t	NORM
bị	O
dị	O
ứng	O
nước	O
rửa	O
bát,	O
chả	O
hiểu	O
có	O
đúng	O
ko	NORM
nhưng	O
tay	O
mà	O
đụng	O
vào	O
nước	O
rửa	O
bát	O
thì	O
tróc	O
da	O
chảy	O
máu,	O
còn	O
cái	O
dị	O
ứng	O
thời	O
tiết	O
thì	O
lúc	O
quái	O
nào	O
cũng	O
bị	O

Nhiều	O
lúc	O
nghĩ	O
đến	O
cảnh	O
bị	O
ny	NORM
táng	O
thế	O
là	O
khóc	O

ỏ	O
nghe	O
đáng	O
iu	NORM
dữ	O
zayyy	NORM

Xin	O
hãy	O
kẹp	O
cổ	O
e	NORM
diiiiiiii	NORM

Xin	O
địa	O
chỉ	O
ạ,	O
dạo	O
này	O
e	NORM
bị	O
đau	O
lưng	O

dế	NORM
thương	O
qua	O
z	NORM
ah	NORM

muốn	O
lên	O
đời	O
như	O
cban	NORM
quá	O
đê	NORM

Sau	O
khi	O
đòi	O
nợ	O
bất	O
thành	O
mình	O
rút	O
ra	O
1	O
kinh	O
nghiệm	O
là	O
từ	O
giờ	O
có	O
thừa	O
tiền	O
đi	O
nhóm	O
bếp	O
cũng	O
đell	O
bh	NORM
cho	O
đứa	O
nào	O
vay	O

chắc	O
mẹ	O
thu	O
vs	NORM
mẹ	O
huệ	O
sẽ	O
nói	O
cta	NORM
nthe	NORM

Sau	O
8	O
năm	O
anh	O
vẫn	O
là	O
sinh	O
viên	O
và	O
chưa	O
có	O
ý	O
định	O
ra	O
trg	NORM

xl	NORM
vì	O
không	O
xài	O
tóp	O
tóp	O
=)))))))	O

ở	O
riêg	NORM
chưa	O
các	O
e	NORM
:))	O

Phải	O
lấy	O
vk	NORM
thôi	O
chứ	O
gầy	O
quá	O
rồi	O

Con	O
t	NORM
lớp	O
4	O
đi	O
học	O
về	O
và	O
chiến	O
lợi	O
phẩm	O
đây	O

Có	O
thể	O
đừng	O
hú	O
k,	NORM
giật	O
mình	O
thật	O
sự	O

6-7h	O
chìu	NORM
tối	O
là	O
nhìn	O
khum	NORM
thấy	O
đường	O
luôn:))	O

ủng	O
hộ	O
và	O
mong	O
cơ	O
quan	O
chức	O
năng	O
vào	O
cuộc	O
dẹp	O
hết	O
đồ	O
ăn	O
vặt	O
các	O
quán	O
gần	O
trường	O
trên	O
cả	O
nc	NORM

Tự	O
nhiên	O
nhớ	O
ra	O
trong	O
nhà	O
mình	O
còn	O
có	O
ích	O
quá	O
hihi,chả	O
hiểu	O
sao	O
hồi	O
đó	O
nu	NORM
nốc	NORM
mà	O
nghĩ	O
z	NORM
nữa	O

nhanh	O
trí	O
ôg	NORM
nào	O
gầy	O
kinh	O
niên	O
ăn	O
mãi	O
ko	NORM
béo	O
thì	O
lấy	O
vk	NORM
đi	O
nhé	O
,	O
chứ	O
thôi	O
thấy	O
thằng	O
e	NORM
tôi	O
lấy	O
vk	NORM
hơn	O
năm	O
nay	O
mà	O
vẫn	O
gầy	O
như	O
cũ	O
vậy	O

t	NORM
thì	O
chả	O
muốn	O
giành	O
giựt	NORM
bao	O
h	NORM

chắc	O
e	NORM
phải	O
ra	O
đảo	O
này	O
ở	O
thui	NORM

chắc	O
em	O
iu	NORM
mình	O
cũng	O
đang	O
học	O
lớp	O
10	O
thôi	O

Tôi	O
bị	O
lấy	O
cắp	O
2	O
điện	O
thoại,	O
bà	O
ấy	O
còn	O
sang	O
q7	NORM
bị	O
phát	O
hiện	O
mà	O
ng	NORM
dân	O

Nhà	O
đầu	O
gấu,	O
hay	O
đầu	O
gì	O
mà	O
hung	O
dữ	O
thế,	O
con	O
nhỏ	O
k	NORM
giữ	O
nó	O
để	O
nó	O
chạy	O
lung	O
tung	O
mà	O
lại	O
đi	O
đánh	O
người	O

Nhưng	O
t	NORM
sẽ	O
dạy	O
con	O
t	NORM
rằng	O

A	NORM
e	NORM
nào	O
còn	O
đang	O
cầm	O
tiền	O
mình	O
thì	O
trả	O
đi	O
nhé	O

thật,	O
kiểu	O
hay	O
để	O
ý	O
mấy	O
việc	O
nhỏ	O
nhỏ	O
lặt	O
vặt	O
cái	O
xong	O
ngồi	O
ngẫm	O
lại	O
r	NORM
stress,	O
buồn	O
zl	O

Gắp	O
vào	O
bát	O
xong	O
cắn	O
thịt	O
nạc	O
mà	O
ăn,	O
t	NORM
ko	NORM
ăn	O
đc	NORM
mỡ	O
ăn	O
cơm	O
ở	O
nhà	O
với	O
bố	O
mẹ	O
còn	O
đ	NORM
dám	O
bới	O
đâu	O
nữa	O
là	O
đến	O
nhà	O
ny	NORM

Này	O
sạch	O
thiệt	O
nha	O
mn	NORM

Ê	O
bác	O
con	O
cá	O
heo	O
ở	O
dưới	O
cằm	O
có	O
1	O
sợi	O
chỉ,	O
cắt	O
sợi	O
chỉ	O
là	O
nó	O
phồng	O
như	O
bthg	NORM
á,	O
bác	O
để	O
nguyên	O
nên	O
mũi	O
nó	O
xẹp	O
lép	O
kìa	O

Cho	O
bả	O
lên	O
làm	O
lớp	O
trưởng	O
lun	NORM

độ	O
đúng	O
câu	O
trả	O
lời	O
của	O
em	O
tỉ	O
lệ	O
nghịch	O
vs	NORM
độ	O
ngựa	O
đk	O

Tại	O
thích	O
cừi	NORM
thì	O
cừi,	NORM
không	O
zui	NORM
cũng	O
cừi	NORM

mình	O
cũng	O
k	NORM
ăn	O
đc	NORM
thịt	O
mỡ,	O
đi	O
ăn	O
ngoài	O
là	O
phải	O
đợi	O
khi	O
nào	O
cái	O
miếng	O
toàn	O
nạc	O
chòi	NORM
lên,	O
nhìn	O
kỹ	O
mới	O
dám	O
gặp	O
ý	O

T	NORM
thấy	O
rất	O
đúng	O
đó	O

ai	O
cx	NORM
kêu	O
buồn	O
ngủ??????????????????????	O
=)))))	O

nma	NORM
đỏ	O
làm	O
tui	O
cọc	O
là	O
tui	O
đỏ	O
theo	O
nó	O
luôn	O

Anh	O
pải	NORM
hiểu	O
em	O
chớ	NORM

coi	O
ik	NORM
để	O
có	O
động	O
lực	O

chờ	O
nó	O
tl	NORM
tao	O
chán	O
nó	O
bỏ	O
mẹ	O
rồi	O

nói	O
chuỵn	NORM
với	O
bà	O
vui	O
xĩu	NORM
lun	NORM
á,	O
bữa	O
nào	O
đi	O
chơi	O
i.	NORM

thôi	O
đừng	O
buồn	O
nào	O
t	NORM
đưa	O
đi	O
chs	NORM
với	O
anh	O
zai	NORM
cao	O
to	O
này	O

T	NORM
viết	O
nhiều	O
quá	O
ngta	NORM
k	NORM
đọc	O
nữa	O
:)))	O

1	O
2	O
tỉ	O
thì	O
đc	NORM
500	O
ít	O
quá	O

Tai	O
nạn	O
ko	NORM
ai	O
mún..	NORM

Làm	O
j	NORM
bản	O
thân	O
vui	O
là	O
đc	NORM

2	O
đội	O
trình	O
diễn	O
quá	O
hay	O
ko	NORM
nghỉ	O
ngơi	O
phút	O
nào!	O

đáng	O
ra	O
chúng	O
mình	O
nên	O
học	O
luật	O
kte	NORM

Khi	O
giá	O
trị	O
thân	O
xác	O
ko	NORM
còn	O
là	O
thế	O
mạnh	O

Nội	O
hàm	O
càng	O
cao,	O
càng	O
độc	O
đáo	O
ko	NORM
đại	O
trà.	O

gọt	O
hông	NORM
em	O
gởi	NORM
cho	O
gọt	O

khoe	O
các	O
bác	O
câu	O
chuyện	O
chồng	O
em	O
ăn	O
kẹo	O
mút	O
và	O
trêu	O
con	O
cho	O
n	NORM
thèm	O

bạn	O
được	O
như	O
tui	O
hok	NORM

Bạn	O
hi	O
sinh	O
nhiều	O
cho	O
gia	O
đình	O
và	O
bản	O
thân,	O
lấy	O
nhầm	O
chồng	O
thì	O
bỏ	O
thôi,	O
sau	O
này	O
ổn	O
định	O
r	NORM
lấy	O
lại	O

Ráng	O
b	NORM
ơi	O
cố	O
gắng	O
vươn	O
ti	O
tí	O
ra	O
vỏ	O
bọc	O
của	O
mình	O
đi	O
ạ,	O
mình	O
thấy	O
đi	O
làm	O
đã	O
môi	O
trường	O
vp	NORM
ít	O
nhiều	O
phải	O
có	O
giao	O
tiếp	O
thì	O
cv	NORM
nó	O
mới	O
trơn	O
tru	O
đc,	NORM
ai	O
cũng	O
v	NORM
giữa	O
1	O
ng	NORM
vui	O
vẻ	O
cởi	O
mở	O
sẽ	O
dễ	O
có	O
thiện	O
cảm	O
với	O
mng	NORM
hơn	O
1	O
ng	NORM
suốt	O
ngày	O
ngồi	O
im	O
lạnh	O
lùng	O
ít	O
nói,	O
và	O
thiệt	O
sự	O
đã	O
bước	O
ra	O
đi	O
làm	O
cọ	O
xát	O
r	NORM
mới	O
thấy	O
mình	O
nên	O
hoà	O
nhập	O
với	O
tập	O
thể	O
(không	O
hoà	O
tan	O
nhé	O
:)))	O

Lúc	O
mượn	O
thì	O
nt	NORM
tình	O
cảm	O
chứ	O
mượn	O
rồi	O
là	O
k	NORM
còn	O
quen	O
biết	O
nữa	O
=))	O

chỉ	O
muốn	O
nói	O
bằng	O
mọi	O
giá	O
sẽ	O
lo	O
cho	O
gia	O
đình	O
vk	NORM
con	O
một	O
cuộc	O
sống	O
mở	O
mắt	O
ra	O
là	O
có	O
người	O
nt	NORM
đòi	O
nợ	O

10tr	O
thì	O
đủ	O
tiêu	O
thôi	O
chứ	O
có	O
việc	O
gì	O
thì	O
khóc	O
thét,	O
chính	O
vì	O
nghĩ	O
đến	O
tương	O
lai	O
nhiều	O
cái	O
phải	O
lo	O
lắng	O
mà	O
vẫn	O
chấp	O
nhận	O
dừng	O
ở	O
10tr	O
mới	O
bị	O
ng	NORM
khác	O
cho	O
là	O
an	O
phận	O
đấy	O

cũng	O
là	O
đi	O
thăm	O
bà	O
nma	NORM
nó	O
lạ	O
lắm	O

Vậy	O
nên	O
cố	O
gắng	O
cày	O
đi	O
ae,	NORM
lấy	O
vợ	O
muộn	O
một	O
tí	O
cũng	O
được	O

t	NORM
nghĩ	O
ny	NORM
của	O
t	NORM
vs	NORM
m	NORM
chưa	O
ra	O
đời	O
hoặc	O
chắc	O
trong	O
lớp	O
m	NORM

ST	O
thì	O
đc	NORM
hãng	O
công	O
bố	O
chính	O
thức	O
còn	O
HNH	O
hình	O
như	O
ko	NORM
thì	O
phải	O

j	NORM
thì	O
j	NORM
cx	NORM
phải	O
kem	O
chống	O
nắng	O
:))	O

ngon	O
bổ	O
rẻ	O
chỉ	O
có	O
ở	O
Vn	O
tui	O
thoi	NORM

Tự	O
tưởng	O
tượng	O
mie	NORM
j	NORM

Măng	O
cụt	O
non	O
ăn	O
đc	NORM
luôn	O
hả?	O

toàn	O
vậy	O
k	NORM
mà	O
bảo	O
vệ	O
ng	NORM
tiêu	O
dùng	O
quá	O
cơ	O
:))	O

Cá	O
nhân	O
t	NORM
thấy	O
vibe	O
NT	O
thanh	O
thuần,	O
ngọt	O
ngào,	O
hài	O
hoà	O
đúng	O
nét	O
diễn	O
viên	O

Học	O
cnkt	O
ô	O
tô	O
vì	O
thích	O
xe,	O
ko	NORM
phải	O
muốn	O
mở	O
gara	O
sửa	O
xe	O
foff	O
:))))	O

Cũng	O
trong	O
hôm	O
nay,	O
HLV	NORM
đội	O
nam	O
Pencak	O
Silat	O
của	O
Indo	O
cũng	O
đã	O
bị	O
mời	O
ra	O
khỏi	O
nhà	O
thi	O
đấu	O
sau	O
hành	O
vi	O
ném	O
biển	O
quảng	O
cáo	O
khi	O
các	O
VĐV	NORM
của	O
Indo	O
và	O
Malay	O
đang	O
thi	O
đấu	O
(Lúc	O
này	O
VĐV	NORM
Indo	O
đang	O
thua).	O

thì	O
ra	O
e	NORM
không	O
muốn	O
nghiẻm	NORM
túc	O
với	O
tôi	O

Hướng	O
đông	O
tây	O
nam	O
bắc	O
cũng	O
sợ	O
z	NORM
thôi	O

Vì	O
e	NORM
ấy	O
xứng	O
đáng.	O

đại	O
bàng	O
gọi	O
chim	O
xẻ	NORM
trả	O
lờiii	NORM

bon	NORM
minh	NORM
cung	NORM
huong	NORM
tide	O
pink	O

ê	O
tự	O
dưng	O
t	NORM
nhớ	O
hôm	O
ở	O
nhà	O
đa	O
năng	O
=)))))))	O

k	NORM
biết	O
xin	O
bản	O
quyền	O
diễn	O
chưa	O

đủy	NORM
khanh	O
làm	O
s	NORM
cái	O
mặt	O
t	NORM
như	O
cái	O
thác	O
zị	NORM
đoá	NORM
tức	O
cái	O
lòng	O
ngực	O

Ê	O
k	NORM
thấy	O
cmt	O
nào	O
chửi	O
vs	NORM
chê	O
nữa	O
ta	O

nói	O
ra	O
câu	O
nào	O
cũm	NORM
mất	O
lòng	O
hết	O
rút	O
kn	NORM
năm	O
sau	O
ai	O
có	O
hỏi	O
nhớ	O
ngt	NORM
hog	NORM
mình	O
kêu	O
nhớ=)))	O

bể	O
bónk	NORM
trên	O
sóng	O
truyền	O
hình	O
:)))	O

Editor	O
có	O
thể	O
hiển	O
linh	O
lên	O
đây	O
để	O
mng	NORM
chiêm	O
ngưỡng	O
được	O
k	NORM
chứ	O
đỉnh	O
quá	O
à	O

Để	O
tôi	O
chạy	O
nốt	O
mấy	O
cuốc	O
xe	O
ôm	O
tặng	O
b	NORM
quà	O
sn	NORM
nhé	O
hjx	O

mua	O
đi	O
đừng	O
ún	NORM
nước	O
mía	O

Gđ	NORM
hạnh	O
phúc	O
với	O
những	O
tiếng	O
cười	O

Chi	O
để	O
khổ	O
z	NORM
nè	O

Chỉ	O
số	O
ẩn	O
dc	NORM
cộng	O
thêm	O
nếu	O
trong	O
khung	O
gỗ	O
là	O
Courtois	O
:))	O

Những	O
cái	O
trên	O
mạng	O
xem	O
thì	O
xem	O
cho	O
biết	O
còn	O
10	O
thì	O
nên	O
tin	O
1	O
thôi	O
k	NORM
lại	O
quay	O
xe	O
k	NORM
kịp	O

Tao	O
thấy	O
áp	O
lực	O
quá	O
móe	NORM
nếu	O
mờ	NORM
tao	O
mờ	NORM
kẹt	O
tiền	O
cho	O
nên	O
qua	O
FE	O
không	O
đây	O
quánh	NORM
lỗ	O
đầu	O
chảy	O
máu	O
ớn	O
ốc	O
nhỉ	O

cho	O
hỏi	O
chồng	O
cô	O
út	O
ngoại	O
tình	O
chưa	O
zậy	NORM

đừng	O
làm	O
t	NORM
cười	O
nữa	O
t	NORM
vừa	O
xem	O
video	O

Quỳnh	O
tao	O
có	O
26	O
lận	O
m	NORM
yên	O
tâm	O

Ơ	O
e	NORM
nghĩ	O
ngay	O
tới	O
a	NORM
zai	NORM
:))	O

t	NORM
tưởng	O
cơm	O
của	O
Fubao	O
=)))	O

Rất	O
tiếc,	O
em	O
ấy	O
ko	NORM
có	O
tôi	O
:))	O

xem	O
như	O
ý	O
truyện	O
lần	O
3	O
thì	O
có	O
chữa	O
lành	O
k	NORM

Mùa	O
này	O
Đại	O
Hoa	O
trở	O
về,	O
thế	O
hóa	O
ra	O
thành	O
gay	O
cp	O
và	O
thằng	O
con	O
ngốc	O
nghếch	O
của	O
họ	O
àk	NORM
=)))	O

Hồi	O
đó	O
học	O
cấp	O
3	O
còn	O
tư	O
tưởng	O
ctr	NORM
mà	O
xảy	O
ra	O
là	O
sẵn	O
sàng	O
xông	O
pha	O
trận	O
mạc.	O

đỉnh	O
zậy,	NORM
quỷ	NORM
nhân	O
phù	O
trợ	O
lun	NORM
hẽ	NORM

Nếu	O
cô	O
ta	O
có	O
quay	O
lại	O
thì	O
cũng	O
là	O
tạm	O
bợ	O
đôi	O
chút	O
thương	O
hại	O
a	NORM
thôu	NORM

h	NORM
các	O
em	O
đợi	O
tan	O
học	O
ra	O
trước	O
cổng	O
trường	O
mua	O
đồ	O
ăn	O
vặt	O
hết	O
rồi	O

mỗi	O
thế	O
cũn	NORM
cho	O
cái	O
bạt	O
tai	O

Là	O
người	O
Tân	O
Cương	O
luôn	O
đúng	O
k	NORM
dạ,	O
trông	O
quyền	O
lực	O
quãi	NORM
đạn	O
luôn	O

Thật	O
nha	O
đừng	O
có	O
mà	O
đánh	O
tráo	O
khái	O
nịm	NORM

Mấy	O
cái	O
cơ	O
bản	O
cũng	O
ko	NORM
hiểu.	O

ch	NORM
ko	NORM
của	O
riêng	O
ai	O

Mà	O
công	O
việc	O
thì	O
ko	NORM
ai	O
làm,	O
nhiều	O
khi	O
ko	NORM
dám	O
nghỉ	O
dù	O
còn	O
phép.	O

Nếu	O
là	O
tôi	O
và	O
nyc	NORM
thì	O
sẽ	O
bị	O
nghĩ	O
là	O
"Sao	O
anh	O
có	O
thể	O
ngủ	O
khi	O
em	O
còn	O
chưa	O
ngủ	O
đc	NORM
chứ	O

Sợ	O
nhất	O
là	O
tình	O
cảm	O
ở	O
đoạn	O
có	O
cũng	O
được,	O
ko	NORM
có	O
cũng	O
được,	O
nói	O
cũng	O
được,	O
ko	NORM
nói	O
cũng	O
được	O

có	O
cả	O
1	O
nick	O
để	O
chứa	O
ảnh	O
cap	O
mh	NORM
luôn	O
mà:))	O

nhà	O
mình	O
có	O
2	O
embe	NORM
luôn	O
nhá	O

nhỏ	O
này	O
nó	O
hay	O
dị	NORM
lắm	O

tui	NORM
thấy	O
h.ảnh	NORM
của	O
cậu	O
trong	O
đó	O

Tình	O
trung	O
niên	O
thì	O
xem	O
Khóa	O
học	O
yêu	O
cấp	O
tốc	O
bên	O
Hàn	O
nha	O
mọi	O
người,	O
iu	NORM
đương	O
nhẹ	O
nhàng	O
đáng	O
iu	NORM
từ	O
đôi	O
trung	O
niên	O
đến	O
đôi	O
thiếu	O
niên	O

Vô	O
cty	NORM
rồi	O
nhưng	O
nt	NORM
xin	O
lên	O
phòng	O
trễ	O
20p	O

ngta	NORM
2004	O
xài	O
trăm	O
TỶ	O

Rất	O
nà	NORM
hùng	O
hồn	O
đấy	O

co	NORM
the	NORM
bae	O
da	NORM
xemmm	NORM

ko	NORM
đơn	O
thuần	O
chỉ	O
là	O
1	O
sah	O
mà	O
là	O
1	O
idols	O
một	O
giấc	O
mơ	O
v…	NORM

thì	O
đúng	O
ời	NORM
ngta	NORM
có	O
nch	NORM
đâu	O

cho	O
toi	NORM
ún	NORM
Lavie	O
ké	O
với,	O
thứ	O
7	O
mà	O
khách	O
vẫn	O
dí	O
nè	O
trời	O

chứ	O
t	NORM
thấy	O
mấy	O
bác	O
già	O
iu	NORM
có	O
khi	O
tình	O
thú	O
hơn	O
bọn	O
20t	O
đó	O

Theo	O
một	O
chạn	O
vương	O
cho	O
hay:	O
cho	O
dù	O
ko	O
kiếm	O
nổi	O
1	O
đồng	O
cũng	O
đc	NORM
nhé	O

Có	O
cây	O
nào	O
màu	O
+	O
base	O
giống	O
Black	O
Rouge	O
A06	O
nhma	NORM
lì	O
hơn	O
và	O
hok	NORM
khô	O
môi	O
hok	NORM
ạ	O

Mấy	O
bả	O
đun	O
j	NORM
mà	O
khói	O
zị	NORM

kẻ	O
mắt	O
trc	NORM
viết	O
bài	O
sau	O

thả	O
cảm	O
xúc	O
là	O
dc	NORM
nhất	O
r	NORM
=)))	O

Tuyệt	O
cà	NORM
là	O
vời	O
luôn	O

uả	O
chí	O
lí	O
dậy,	NORM
có	O
ai	O
khả	O
năng	O
phản	O
biện	O
lại	O
không	O
ạ?	O
chứ	O
góc	O
nhìn	O
lạ	O
quá	O
không	O
quen	O

Lấy	O
về	O
để	O
có	O
cảm	O
giác	O
đc	NORM
làm	O
mẹ	O
hả	O
mấy	O
bạn	O
?	O

quất	O
tô	O
phở	O
r	NORM
aiu	NORM
còn	O
hỏi	O
ăn	O
thêm	O
bánh	O
mì	O
hong	NORM

Gà	O
là	O
bạn	O
bạn	O
ai	O
chứ	O
ko	NORM
phải	O
bạn	O
tôi	O
nhé._.	O

Đẹp	O
lắm	O
nha	O
mn	NORM
ơi,	O
mình	O
đi	O
cúng	O
tối	O
mà	O
đông	O
cực,	O
mấy	O
nay	O
dịch	O
ko	NORM
đi	O
đc.	O

Px	NORM
hiền	O
từ	O
đưa	O
cho	O
1	O
cọc	O
1	O
nghìn	O

ngy	NORM
đang	O
còn	O
đi	O
học	O
mẫu	O
giáo	O
cứ	O
bìn	NORM
tĩn	NORM
kkk	O

bữa	O
ba	O
kiu	NORM
sao	O
ko	NORM
kiếm	O
tiền	O
đi,	O
kiếm	O
1	O
triệu	O
thôi	O
cũm	NORM
đc	NORM
nhưng	O
ba	O
đâu	O
biết	O
t	NORM
kiếm	O
đc	NORM
1	O
mớ	O
r	NORM
đâu	O
hâhhahahah	O

Xin	O
địa	O
chỉ	O
đi	O
mn	NORM

500	O
triệu	O
làm	O
gi	NORM
có	O
a	NORM
chỉ	O
có	O
500	O
tỷ	O
thoi	NORM
kk	O

nhớ	O
quả	O
rừng	O
hoa	O
cam	O
của	O
pạn	NORM

kịch	O
bản	O
này	O
mơ	O
cũng	O
ko	NORM
xuất	O
hiện	O
nhé	O

Hoặc	O
ko	NORM
ăn	O
thịt	O
nữa	O
luôn	O
đi	O

tao	O
dới	NORM
m	NORM
có	O
căn	O
ha	O
gi	NORM
á	O

lấy	O
đc	NORM
thg	NORM
chồng	O
này	O
đời	O
nát	O
luôn	O
r	NORM
:((	O

chắc	O
là	O
ko	NORM
đc	NORM
roài	NORM

nhỏ	O
này	O
chứ	O
k	NORM
ai	O

Điều	O
quan	O
trọng	O
ng	NORM
ta	O
thấy	O
nó	O
đáng	O
eo	NORM
và	O
ngộ	O
nghĩnh	O
là	O
được	O

Yang	O
Mi	O
hồi	O
xưa	O
vibe	O
như	O
bạch	O
nguyệt	O
quang	O
ý,	O
cộng	O
thêm	O
đôi	O
mắt	O
sáng	O
có	O
hồn	O
nhìn	O
mê	O
vãii	NORM
ý	O
huhu	O

ceo	O
tuong	O
lai	O
ngành	O
hàng	O
giầy	NORM
dép	O

Mập	O
mờ	O
là	O
như	O
tn	NORM

Không	O
quen	O
thì	O
thôi	O
má,	O
ngta	NORM
quen	O
người	O
khác	O

T	NORM
cũng	O
có	O
1	O
đứa	O
Hàn	O
Quốc	O

Đại	O
ka	NORM
e	O
muốn	O
theo	O
a	NORM

theo	O
kịch	O
bản	O
thì	O
c	NORM
mik	NORM
lệch	O
cả	O
kịch	O
bản	O

hồi	O
bé	O
t	NORM
nuôi	O
con	O
sóc	O
lửa	O
=))))))))	O

Hết	O
chữ	O
phải	O
lm	NORM
zậy	NORM
thui:)	NORM

chứ	O
còn	O
gì	O
nứa	NORM
mấy	O
cha	O
ơi	O

riết	O
rồi	O
hong	NORM
mún	NORM
nói	O
lun	NORM

thương	O
cháu	O
bé	O
và	O
e	NORM
gái	O
kia…	O

Vô	O
duyên	O
thiệt	O
má	O
ơi,	O
tôi	O
đi	O
ăn	O
với	O
bạn	O
mà	O
có	O
đứa	O
bới	O
bới	O
thế	O
còn	O
ngứa	O
mắt	O
nữa	O
là	O
về	O
ra	O
mắt	O
nhà	O
ny…	NORM
ngại	O
giùm	O
má	O
luôn	O
đó	O

minh	NORM
cam	NORM
bang	NORM
dong	NORM
nhau	O

mai	O
t	NORM
dắt	O
đi	O
aeon	O
chụp	O
ntn	O
làm	O
video	O
nhé	O

Hoá	O
ra	O
trước	O
nay	O
tôi	O
dùng	O
sai	O
cáchhh	NORM

Clm	O
nửa	O
đêm	O
nữa	NORM
hôm	O
chạy	O
đi	O
kiếm	O
má	O
tụi	O
bây	O
hay	O
ji	NORM

Nhìn	O
cô	O
dâu	O
leo	NORM
đẽo	O
theo	O
sau	O
thấy	O
thương	O
:))	O

e	NORM
ruột	O
của	O
c	NORM
đây	O
c	NORM
ơi	O

Con	O
trai	O
cứ	O
phải	O
ép	O
vào	O
khuôn	O
lạnh	O
lùng	O
đp	NORM
trai,	O
con	O
gái	O
theo	O
đuổi	O
thì	O
vụng	O
về,	O
có	O
lúc	O
sẽ	O
yếu	O
đuối	O

Con	O
người	O
ta	O
đến	O
lúc	O
nào	O
đấy	O
quan	O
tâm	O
sự	O
tử	O
tế	O
và	O
đức	O
của	O
nửa	O
kia	O
nhiều	O
hơn	O
túi	O
tiền	O
của	O
ngta	NORM
:))).	O

Ý	O
là	O
phải	O
chờ	O
đến	O
30	O
cơ	O
k	NORM
phải	O
lo	O

May	O
mắn	O
t	NORM
là	O
con	O
gái	O
nên	O
sau	O
này	O
sửa	O
soạn	O
cũng	O
dễ	O
coi	O
hơn	O

tập	O
sốg	NORM
tự	O
lập	O
thôi	O

Hoi	NORM
coi	O
mà	O
quay	O
lại	O
chứ	O
thấy	O
nó	O
sắp	O
đứt	O
hơi	O
r	NORM
á	O

profile	O
của	O
mấy	O
a	NORM
zai	NORM
chơi	O
Play	O
together	O

ai	O
zui	NORM
zẻ	NORM
thì	O
mình	O
mập	O
mờ	O

ủa	O
mn	NORM
ơi	O
khi	O
mà	O
mình	O
luộc	O
mì	O
thì	O
chất	O
dơ	O
của	O
đũa	O
nó	O
có	O
thấm	O
vào	O
mì	O
không	O
z	NORM

học	O
giỏi	O
i	NORM
vài	O
bữa	O
a	NORM
dắt	O
i	NORM

Lâu	O
lâu	O
kím	NORM
cớ	O
để	O
khox	NORM
cũng	O
giải	O
toả	O
lắm	O
má	O

già	O
thì	O
mình	O
đóng	O
vai	O
bố	O
vai	O
mẹ	O
đẹp	O
vẫn	O
đc	NORM
mà	O

ho	O
nên	O
mình	O
suy	O
nghĩ:	O
nếu	O
sống	O
k	NORM
mang	O
lại	O
lợi	O
ích	O
gì,	O
thì	O
hãy	O
cứ	O
làm	O
con	O
ngoan	O
của	O
bame,	NORM
bame	NORM
vui	O
thì	O
chính	O
là	O
niềm	O
hạnh	O
phúc	O
của	O
mình	O
rồi.	O

Tương	O
lai	O
ông	O
ck	NORM
nhà	O
tui	O
:))	O

Sút	O
quả	O
thế	O
bố	O
ai	O
đở	NORM
được	O

Lúc	O
mẹ	O
mình	O
bị	O
té	O
xe	O
cũng	O
may	O
đt	NORM
văng	O
ra.	O

Sao	O
t	NORM
đọc	O
ra	O
là	O
ban	O
huấn	O
luyện	O
Indo	O
và	O
Lào	O
gạ	O
kèo	O
ban	O
huấn	O
luyện	O
Việt	O
Nam	O
chứ	O

Ăn	O
ở	O
nhà	O
ny	NORM
mà	O
thế	O
thì	O
ăn	O
chửi	O
là	O
đúng	O
rồi	O

Đi	O
một	O
mình	O
mà	O
thoải	O
mái	O
còn	O
hơn	O
đi	O
cùng	O
1	O
người	O
ko	NORM
quan	O
tâm,	O
đi	O
cho	O
có	O
thì	O
hỏng	O
hết	O
cả	O
mood	O

Khó	O
quá	O
nên	O
coi	O
như	O
đã	O
seen	O
nhưng	O
bận	O
quá	O
nên	O
hổng	NORM
có	O
thấy	O

chỗ	O
mình	O
đang	O
làm	O
luôn,	O
không	O
biết	O
nên	O
zui	NORM
hay	O
nên	O
buồn	O
=))))	O

bồ	O
tui	O
cũng	O
trai	O
Úc	O
mà	O
ảnh	O
ko	NORM
bắt	O
cá,	O
ảnh	O
lấy	O
tay	O
không	O
bắt	O
nhện	O

May	O
quá	O
lương	O
5	O
tr	NORM

Hà	O
Lan	O
trận	O
này	O
có	O
đá	O
k	NORM
mn	NORM

Và	O
sau	O
đó	O
tui	O
phải	O
gg	O
hỏi	O
thì	O
mới	O
biết	O
là	O
nó	O
k	NORM
dành	O
cho	O
ng	NORM
thường	O
như	O
mình	O

Hình	O
như	O
do	O
anh	O
dựng	O
lên	O
p	NORM
k	NORM
:))))	O

Hông	NORM
má	O
có	O
suy	O
nghĩ	O
của	O
ông	O
mới	O
làm	O
nó	O
đáng	O
sợ	O

sao	O
c	NORM
lại	O
nghĩ	O
đến	O
m	NORM
nhờ	NORM

"cậu	O
chủ"	O
mời	O
nữa	O
chứ	O
dĩa	NORM
huông	NORM

bữa	O
gặp	O
quá	O
tr	NORM
ng	NORM
iu	NORM
mà	O
khum	NORM
chụp	O
hình	O
nè	O

Chơi	O
cái	O
trò	O
j	NORM
md	NORM
=)))	O

Đấm	O
nhau	O
Việt	O
Nam	O
k	NORM
ngán	O
ai	O
bao	O
giờ	O

Có	O
ai	O
biết	O
chuyện	O
Bà	O
Chúa	O
Xứ	O
dzới	NORM
Phật	O
Thầy	O
Tây	O
An	O
chưa?	O

Ức	O
chế	O
sau	NORM
dùng	O
phao	O
lun	NORM

m	NORM
chắc	O
chưa	O
lấy	O
vợ	O
phải	O
ko	NORM

tâm	O
lí	O
tội	O
phạm	O
đây	O
r	NORM
:)))	O

Nhưng	O
sau	O
khi	O
gặp	O
tôi	O
lâu	O
ròi	NORM
thì	O
họ	O
phát	O
hiện	O
tôi	O
là	O
người	O
1	O
người	O
hiền	O
và	O
ít	O
nói	O
=)))	O

ai	O
cho	O
xin	O
cái	O
ảnh	O
không	O
chữ	O
đi	O
trời	O
quơi	NORM

Xưa	O
yêu	O
à	O
thì	O
k	NORM
yêu	O
,	O
h	NORM
e	NORM
hối	O
hận	O
chưa	O

CP	O
qua	O
bên	O
này	O
nhìn	O
keo	O
quá	O
pè	NORM

thử	O
xg	NORM
bay	O
luôn	O
cái	O
đầu:)(	O

_x0008_kb	NORM
anh	O
có	O
z	NORM
k	NORM
ha	O

Kiện	O
chetme	NORM
nó	O
đi	O
chị	O
ơi	O

cố	O
gắng	O
cày	O
đêm	O
bán	O
từng	O
mảnh	O
quần	O
mảnh	O
áo	O
kiếm	O
tiền	O
mua	O
đồ	O
sn	NORM
bạn	O
mình	O

làm	O
1	O
chuyến	O
thôi	O
bạn	O
mình	O
êiiii	NORM

khổ	O
có	O
anh	O
bồ	O
suốt	O
ngày	O
cứ	O
bị	O
ng	NORM
này	O
ng	NORM
nọ	O
giựt	O

may	O
quá	O
ko	NORM
hạp	NORM
sữa	O
của	O
bà	O
Ry	O

Nghĩ	O
cũng	O
tội	O
mà	O
thôi	O
cũng	O
kệ	O
,	O
thằng	O
ăn	O
cướp	O
vs	NORM
thằng	O
ăn	O
giựt	NORM
choảng	O
nhau	O
bớt	O
đc	NORM
thằng	O
nào	O
đỡ	O
đằng	O
ấy	O

ra	O
ngoai	NORM
an	NORM
1	NORM
minh	NORM
binh	NORM
thuong	NORM
ma	NORM
@@	O
khung`	NORM
het	NORM
roi	NORM
a	NORM

máy	O
tính	O
nhưng	O
ko	NORM
có	O
máy	O
này	O

sau	O
đó	O
thì	O
cộng	O
hưởng	O
vs	NORM
mọi	O
người	O
xung	O
quanh	O
đều	O
có	O
cảm	O
giác	O
y	O
chang	O
mình	O
tạo	O
nên	O
1	O
concert	O
rấcccc	NORM
làaaa	NORM
tuyệttttt	NORM
dzờiiiiiii	NORM

Chúc	O
ng	NORM
ck	NORM
khbao	O
giờ	O
cưới	O
của	O
tôi	O

ghét	O
nhất	O
thể	O
loại	O
bới	O
đồ	O
ăn,	O
k	NORM
ăn	O
đc	NORM
đừng	O
ăn	O
hoặc	O
chờ	O
ngta	NORM
gắp	O
hết	O
mỡ	O
nó	O
lòi	O
ra	O
nạc	O
rồi	O
hẵng	O
gắp	O
ai	O
lại	O
bới	O
nvay	NORM
mất	O
hết	O
điểm	O

Hậu	O
quả	O
của	O
việc	O
chơi	O
chung	O
với	O
nguyên	O
đám	O
cgai=))))	NORM

giải	O
pháp	O
khi	O
lượn	O
đường	O
mà	O
thèm	O
nc	NORM
:))	O

e	NORM
yêu	O
tất	O
cả	O
các	O
a	NORM
=)))	O

tôi	O
kh	NORM
ngờ	O
em	O
lại	O
đối	O
xử	O
vs	NORM
tôi	O
như	O
thế	O

ny	NORM
vẫn	O
đang	O
còn	O
đi	O
học	O
luônggggg	NORM

Trong	O
cs	NORM
với	O
trong	O
xh	NORM

Ủa	O
cp	O
Đề	O
Khí	O
là	O
chính	O
miệng	O
2	O
thầy	O
nói,	O
Huỳnh	O
baba	O
và	O
Hà	O
mama	O
là	O
chính	O
miệng	O
mn	NORM
gọi	O
với	O
nhau	O

Mình	O
cũng	O
k	NORM
ăn	O
được	O
thịt	O
mỡ	O
khi	O
về	O
ra	O
mắt	O
k	NORM
động	O
1	O
miếng	O
nào	O
sau	O
này	O
lấy	O
về	O
mình	O
toàn	O
mua	O
thịt	O
nạc	O
về	O
ăn	O

Ctr	NORM
ngta	NORM
bt	NORM
bao	O
mùa	O
r	NORM
nữa	O

Có	O
moè	O
là	O
đc	NORM
oy	NORM
:))	O

nuôi	O
chuột	O
lang	O
nước	O
nè	O
pà	NORM

trước	O
khi	O
có	O
mịe	NORM
với	O
sau	O
khi	O
có	O
mịe	NORM

bà	NORM
năm	O
cap	NORM
3	O
mấy	O
luc	NORM
phát	O
bài	O
kt	NORM

book	O
liền	O
cái	O
vé	O
đi	O
ce	NORM

Nghĩ	O
cũng	O
khổ,	O
cơ	O
mà	O
ai	O
bảo	O
ngonn	NORM

h/a	NORM
tôi	O
tương	O
lai	O
đây	O
rồi	O
=))))	O

Ước	O
mơ	O
từ	O
thuở	O
nhỏ	O
của	O
mình	O
là	O
đc	NORM
đi	O
xem	O
live	O
của	O
Linkin	O
Park	O

tối	O
nay	O
anh	O
qua	O
anh	O
thử	O
cho	O
em	O
coi	O
đc	NORM
hôngggg?!	NORM

bạn	O
lấp	O
được	O
khoảng	O
trống	O
này	O
ko	NORM

tạo	O
cái	O
account	O
tinder	O
lên	O
coi	O
thử	O
coi	O
phải	O
dị	NORM
hong	NORM

Xin	O
nhỗi	NORM
con	O
tương	O
lai	O
của	O
mẹ	O

t	NORM
hi	O
vọng	O
m	NORM
thư	O
giãn	O
và	O
hạnh	O
phúc.	O

Mất	O
hình	O
tượng	O
Đơn	O
Quân	O
Hạo	O
của	O
t	NORM
quá!	O

t	NORM
nghĩ	O
mình	O
sẽ	O
nnay	O
với	O
nhau	O
đấy	O
:)))))	O

trường	O
nào	O
z	NORM
ạ	O
để	O
em	O
né	O
=))))))	O

Hn	O
ko	NORM
cho	O
đổi	O
hẹ	NORM

mới	O
hay	O
lâu	O
đều	O
như	O
v	NORM
:))	O

đọc	O
cmt	O
cừi	NORM
lòi	O
mu	O

Mấy	O
cái	O
chân	O
gà	O
k	NORM
hiểu	O
cno	NORM
khen	O
ngon	O
vì	O
gì	O
@@.	O

Ad	O
hay	O
vậy	O
á	O
à	O
ad	O
k	NORM
đc	NORM
khóc	O
đâu	O
đó	O
kkkk	O

cúp	O
lúc	O
1h	O
sáng	O
tới	O
6h	O
sáng,	O
toi	NORM
thức	O
thâu	O
đêm	O

Ui	O
nma	NORM
đi	O
học	O
cùng	O
nhau	O
tranh	O
luận	O
quan	O
điểm	O
về	O
bài	O
học	O
zui	NORM
lắm	O
các	O
cậu	O
ạ	O
cùng	O
nhau	O
hiểu	O
và	O
tìm	O
ra	O
câu	O
trả	O
lời	O

kiên	O
nhẫn	O
đi	O
Hìn,	O
kịch	O
bản	O
sâu	O
hơn	O
thì	O
saooo	NORM

chòi	NORM
ơi	O
là	O
chòi	NORM
con	O
nhà	O
ai	O
mà	O
khôn	O
vậy	O
nè	O
chắc	O
bm	NORM
xem	O
đc	NORM
chắc	O
bùn	NORM
lắm	O
đó	O

như	O
đôi	O
mình	O
luôn,	O
gớt	NORM
nc	NORM
mắt	O

ăn	O
k	NORM
a	NORM
nhặt	O
về	O
cho,	O
hơi	O
xém	O
tí	O
thôi	O

Sau	O
mười	O
mấy	O
năm	O
đi	O
làm	O
vất	O
vả,	O
đổ	O
mồ	O
hôi,	O
sôi	O
nước	O
mắt	O
thì	O
đến	O
hôm	O
nay	O
tôi	O
ko	NORM
còn	O
trẻ	O
nữa.	O

r	NORM
là	O
chữa	O
dữ	O
chưa	O
má	O
:)))	O

Như	O
bịch	O
truyền	O
nước	O
lúc	O
nằm	O
viện	O
của	O
t	NORM
ấy	O
:))	O

ăn	O
k	NORM
tao	O
qua	O
lấy	O
cho:))	O

Để	O
cháu	O
bé	O
thế	O
kia	O
dắt	O
con	O
c.h.ó	NORM
như	O
thế	O
đi	O
ẻ.	NORM

Đàn	O
bà	O
dù	O
mang	O
tiếng	O
càm	O
ràm	O
nói	O
nhiều,	O
nhưng	O
ít	O
nhất	O
chuyện	O
chi	O
tiêu	O
gđ	NORM
nên	O
nói	O
cho	O
ck	NORM
biết,	O
đừng	O
cố	O
gắng	O
gồng	O
gánh	O
1	O
mình	O
là	O
dại	O

Giống	O
xoài	O
này	O
chắc	O
thu	O
hoạch	O
muộn	O
chứ	O
xoài	O
quanh	O
cty	NORM
t	NORM
dư	O
lày	NORM
là	O
ăn	O
đc	NORM
òi	NORM
;))	O

kh	NORM
lệch	O
dc	NORM
xíu	O
nào	O
lun	NORM

Tiền	O
thì	O
a	NORM
đen	O
k	NORM
thiếu	O
quan	O
trọng	O
là	O
nhiều	O
thì	O
a	NORM
k	NORM
có.	O

đê	NORM
mọi	O
người	O
phân	NORM
đầu	NORM
học	O
tập	O

đừng	O
để	O
ng	NORM
khác	O
vào	O
hỏi,	O
rep	O
vài	O
câu	O
rồi	O
mất	O
tích,	O
không	O
có	O
cập	O
nhập	O
tình	O
hình	O
gì	O
hết!	O

có	O
làm	O
ms	NORM
có	O
chơi	O

tàn	O
ác	O
quá	O
tr	NORM
ơiiii	NORM

biết	O
sớm	O
hơn	O
là	O
ngon	O
r	NORM

sinh	O
nhật	O
mìn	NORM
sắp	O
đến	O
rồi	O
mấy	O
bạn	O
ơi,	O
mình	O
thích	O
xe	O
raider	O
nhé	O

Về	O
đồn	O
phai	O
giã	O
cho	O
vai	NORM
trận	O
mới	O
dc	NORM

Con	O
nhà	O
mình	O
2	O
đứa	O
trẻ	O
nhỏ	O
mình	O
cũng	O
dạy	O
phép	O
lịch	O
sự	O
tối	O
thiểu	O
khi	O
ăn	O
là	O
ko	NORM
dc	NORM
gẩy	O
gẩy	O
bới	O
bới	O
đồ	O
ăn	O

Hqua	NORM
mở	O
lên	O
thấy	O
bình	O
thường	O
mà	O

Không	O
liên	O
quan	O
nhưng	O
page	O
tui	O
có	O
truyện	O
nèee,	NORM
hổng	NORM
hề	O
có	O
ngược	O
luôn,	O
ngọt	O
lắm,	O
nếu	O
như	O
cuộc	O
sống	O
bên	O
ngoài	O
bất	O
ổn	O
quá	O
thì	O
lại	O
đây	O
tui	O
cho	O
mượn	O
vai	O
nèee,	NORM
luôn	O
lắng	O
nghe	O
các	O
nàng	O
tâm	O
sự	O
rồi	O
tui	O
dẫn	O
các	O
nàng	O
đọc	O
truyện	O
của	O
tui	O
để	O
giải	O
tỏa	O
áp	O
lực	O
nhá.	O

Nếm	O
được	O
4	O
chữ	O
HÀo	O
QuAng	O
RựC	O
rỠ	O
r	NORM
đó	O

học	O
để	O
còn	O
đki	NORM
đi	O
quân	O
sự	O

đớn	O
đau	O
quằn	O
quại	O
nh.mà	NORM
cố	O
trụ	O
trong	O
ngôi	O
trường	O
mình	O
đã	O
chọn	O

bn	NORM
thân	O
của	O
chúng	O
mình	O

Bộ	O
trưởng	O
Bộ	O
ngoại	O
giao	O
nè	O
m	NORM
:))))))	O

ơ	O
a	NORM
sếp	O
đáng	O
yêu	O
thế:))	O

Những	O
đứa	O
k	NORM
cho	O
tao	O
nhìn	O
bài	O
ngày	O
xưa	O
k	NORM
biet	NORM
giờ	O
đã	O
làm	O
chủ	O
tịch	O
hết	O
chưa	O
tụi	O
bay	O

Nhưng	O
đọc	O
xong	O
chắc	O
chừa	O
r	NORM

Ella	O
bả	O
xinh	O
quá,	O
nhìn	O
trẻ	O
trung	O
thậc	NORM

tui	O
cũng	O
đâu	O
có	O
muốn	O
như	O
z	NORM

Đổi	O
đời	O
ngạc	O
nhiên	O
này	O
có	O
vẻ	O
hông	NORM
giống	O
như	O
mơ	O

App	O
hay	O
k	NORM
chưa	O
bàn	O
tới	O
nhưng	O
ngta	NORM
biết	O
cách	O
ăn	O
mặc	O
để	O
che	O
đi	O
khuyết	O
điểm	O
kìa	O

Haa	O
mấy	O
cháu	O
này	O
vẫn	O
đang	O
tuổi	O
còn	O
nai	O
lắm	O
nhà	O
trường	O
vẫn	O
yên	O
tâm	O
thu	O
hoạch	O
đc	NORM
:))	O

Chi	O
Pu	O
hát	O
tiếng	O
Việt	O
chuẩn	O
quá	O
z	NORM

ra	O
dẻ	NORM
r	NORM
mà	O
đ	NORM
ai	O
im	O

Mọe,	NORM
diễn	O
viên	O
tiềm	O
năng	O
cho	O
bộ	O
phim	O
lật	O
mặt	O
đổi	O
đời	O
là	O
đây	O
chứ	O
đâu	O

cho	O
đi	O
trại	O
b	NORM
ah	NORM

chắc	O
nhờ	O
thế	O
mới	O
gặp	O
ay	NORM

Hồng	O
hồng	O
th	NORM
được	O
k	NORM

Con	O
báo	O
chứ	O
con	O
người	O
gì	O
tr	NORM

2	O
chiếc	O
tủ	O
lạnh	O
đầy	O
dramma	O
ra	O
xuất	O
hiện	O
trong	O
đầu	O
t	NORM

Đừng	O
đổ	O
lỗi	O
cho	O
c	NORM
e	NORM
chúng	O
tôi.	O

Làm	O
tui	O
nhớ	O
hùi	NORM
cấp	O
2	O
có	O
thèn	NORM
kia	O
đi	O
học	O
vẽ	O
mà	O
đem	O
lộn	O
cây	O
chì	O
kẻ	O
mắt	O
của	O
Má	O
nó	O
(kết	O
quả:	O
Thầy	O
đủi	NORM
ra	O
khỏi	O
lớp,	O
nghỉ	O
phẻ	NORM
)	O

mới	O
iu	NORM
và	O
iu	NORM
lâu	O
vẫn	O
z	NORM
nhỉ	O
:3	O

Chuẩn	O
ghê	O
kb	O
có	O
sạch	O
k	NORM
nma	NORM
nó	O
xanh	O
=))))	O

e	NORM
đủ	O
bình	O
tĩnh	O
chưa	O
chị	O

Cũng	O
ko	NORM
hẳn	O
là	O
cđời	NORM
khác	O
nhưng	O
t	NORM
có	O
hiện	O
tượng	O
ngủ	O
mơ	O
đang	O
sống	O
và	O
tồn	O
tại	O
ở	O
1	O
chiều	O
ko	NORM
gian	O
khác(	O
tỉnh	O
dậy	O
siêu	O
mệt	O
và	O
nh	NORM
lần	O
rơi	O
vào	O
trạng	O
thái	O
nằm	O
li	O
bi	O
cả	O
ngày	O
ko	NORM
thể	O
dậy	O
đc)	NORM

Đời	O
lắm	O
ng	NORM
thích	O
ko	NORM
làm	O
mà	O
đòi	O
có	O
ăn	O
:)))	O

mún	NORM
làm	O
ca	O
sĩ	O
hôk	NORM

Tui	O
sợ	O
cái	O
này	O
cực,	O
tui	O
bị	O
overthinking	O
lắm	O
ấy,	O
nên	O
có	O
bài	O
tập	O
tả	O
bạn	O
thân	O
của	O
em	O
là	O
tui	O
lại	O
ko	NORM
dám	O
tả	O
ai	O
cho	O
dù	O
tui	O
lúc	O
đó	O
chơi	O
thân	O
với	O
một	O
bạn	O
này	O

bth	NORM
ko	NORM
xin	O
vía	O
nhưng	O
này	O
xin	O
vía	O
mạnh	O

Dễ	O
bạn	O
gái	O
a	NORM
quyết	O
lắm	O

nắng	O
nóng	O
này	O
ở	O
VN	NORM
mua	O
được	O
hẳn	O
4	O
ly	NORM
nước	O
mía	O
luôn	O
cơ	O

chị	O
này	O
thì	O
toàn	O
khống	O
th,	NORM
em	O
biết	O
hết	O
mà	O
em	O
k	NORM
nói	O

Có	O
một	O
khoảng	O
thời	O
gian	O
mk	NORM
ngủ	O
rất	O
nhiều	O
,	O
và	O
luôn	O
mơ	O
một	O
cuộc	O
sống	O
kiểu	O
khác	O
hẳn	O
luôn	O
ý	O
.	O

bạn	O
trai	O
boà	NORM
xài	O
kem	O
trộn	O
hả	O
boà:))	NORM

thế	O
thôi	O
sau	O
cho	O
m	NORM
ở	O
nhà	O

Bộ	O
này	O
bán	O
ở	O
đâu	O
và	O
bao	O
nhiu	NORM
dậy	NORM
ạ	O

Đuổi	O
bố	O
mẹ	O
ra	O
khỏi	O
nhà	O
là	O
ko	NORM
được.	O

Đường	O
vắng	O
v	NORM
chắc	O
mình	O
k	NORM
bị	O
đi	O
học	O
trễ	O
đâu	O

Trc	NORM
giờ	O
may	O
được	O
bà	O
b	NORM
tặng	O
cho	O
thỏi	O
son	O

tương	O
lai	O
con	O
t	NORM
y	O
chang	O

Chúc	O
b	NORM
nhiều	O
sức	O
khỏe	O
nha,	O
để	O
tp	NORM
nơi	O
chúng	O
mình	O
sống	O
luôn	O
đc	NORM
sạch	O
đẹp	O

miềng	NORM
có	O
đi	O
qua	O
đèo	O
ni	NORM
k	NORM
hè	NORM

Tự	O
nhin	NORM
thấy	O
iu	NORM
trường	O

cười	O
mệt	O
quá	O
chị	O
oi	NORM

Cho	O
thấy	O
là	O
đã	O
lấy	O
đc	NORM
1	O
bà	O
vợ	O
tốt=)	O

b	NORM
có	O
thể	O
an	O
ủi	O
t	NORM
:))	O

còn	O
thằng	O
bạn	O
tôi	O
chả	O
phải	O
làm	O
đ'	NORM
ji	NORM
chỉ	O
có	O
lên	O
đường	O
đi	O
ăn	O
thịt	O
chó	O
mà	O
hẹn	O
lên	O
hẹn	O
xuống	O

Năm	O
nay	O
ra	O
đường	O
tán	O
gái	O
chỉ	O
cần	O
bảo	O
nhà	O
a	NORM
có	O
trại	O
gà	O
:))	O

a	NORM
ở	O
nhà	O
để	O
như	O
thế	O
à?	O

cũng	O
nghĩ	O
chỉ	O
zui	NORM
zui	NORM
thoi	NORM
mà	O
hóa	O
ra	O
kphai	NORM
ai	O
cũng	O
nghĩ	O
giống	O
z	NORM

"	O
t	NORM
không	O
làm	O
,	O
t	NORM
không	O
nói	O
,	O
t	NORM
không	O
nhắn	O
"	O

Chắc	O
bạn	O
zai	NORM
mình	O
đag	NORM
học	O
mẫu	O
giáo	O
mất	O

Trộm	O
vía	O
B1.8	O
chỉ	O
bôi	O
kcn	NORM
với	O
bện	O
tóc	O
cho	O
nhau	O
thôi	O
:))	O

ủa	O
clb	NORM
cũ	O
của	O
m	NORM
à	O
:)))	O

cười	O
lệch	O
nha	O
lun	NORM
mà	O
mẹ	O
kêu	O
kh	NORM
bùn	NORM
cười	O
:)))	O

sushi	O
chay	O
này	O
xê	O
k	NORM
ba	O

theo	O
kịch	O
bản	O
thì	O
ny	NORM
ly	O
mới	O
học	O
lớp	O
10	O

nhìn	O
thấy	O
tương	O
lai	O
sáng	O
lạng	O
ở	O
phía	O
trc	NORM
chưa	O

t	O
vca	O
mạnh	O
mèo	O
nhuộm	O
sập	O
còn	O
kh	NORM
xơ	O
bằng	O
con	O
ty	O

Mình	O
nghĩ	O
b	NORM
ko	NORM
học	O
cách	O
chia	O
sẻ	O
thì	O
dù	O
là	O
ở	O
cuộc	O
hôn	O
nhân	O
nào	O
nó	O
cũng	O
sẽ	O
đổ	O
nát	O
thôi	O

bữa	O
đó	O
có	O
bận	O
đi	O
làm	O
hong	NORM
bà	O
?	O

Trước	O
giờ	O
biết	O
CP	O
đẹp	O
mà	O
k	NORM
nghĩ	O
rực	O
rỡ	O
như	O
này	O
luôn	O
á	O

Mặc	O
z	NORM
nóng	O
lắm	O
k	NORM
zạ	NORM

Ko	NORM
ăn	O
được	O
thịt	O
mỡ	O
thì	O
được	O
bới	O
đĩa	O
à	O

Thiệt	O
ra	O
t	NORM
coi	O
từ	O
mùa	O
đầu	O
đã	O
nghĩ	O
ông	O
Hà	O
đóng	O
vai	O
trò	O
bà	O
vợ	O
trong	O
show	O
này	O
r	NORM

hoc	NORM
deo	NORM
hiu	NORM
gi	NORM
hecccc	NORM
eeeeeee	NORM

Kinh	O
nghiệm	O
shem	NORM
là	O
z	NORM
chứ	O
cũm	NORM
hok	NORM
bjk	NORM
:((	O

Cách	O
để	O
vừa	O
tránh	O
nắng	O
vừa	O
tránh	O
đc	NORM
tia	O
UV	O
đó	O
là	O
ko	NORM
ra	O
nắng	O

Nhiều	O
lúc	O
người	O
nhà	O
còn	O
ko	NORM
hiểu,	O
nói	O
mình	O
kỳ	NORM
thị,	O
hằn	O
học	O
với	O
con	O
trẻ	O

Nếu	O
muốn	O
bên	O
nhau	O
thì	O
mỗi	O
ng	NORM
nên	O
tự	O
chữa	O
lành,	O
tự	O
che	O
ô	O
cho	O
mình	O
trước.	O

Hnay	NORM
giành	O
hcv	O
nữa	O
thì	O
có	O
thêm	O
tấm	O
chồng	O
yêu	O
thương	O

chòi	NORM
oi	NORM
thích	O
con	O
này	O
ghê	O

Vừa	O
có	O
anh	O
kia	O
hợp	O
gu	O
lắm	O
nhắn	O
tin	O
làm	O
quen	O
mà	O
khs	O
đã	O
tưởng	O
tượng	O
đến	O
đoạn	O
bố	O
mẹ	O
anh	O
ấy	O
ngăn	O
cấm	O
xong	O
phải	O
bỏ	O
trốn	O
biệt	O
xứ,	O
cùng	O
nhau	O
cố	O
gắng	O
trong	O
khó	O
khăn	O
rồi	O
phát	O
hiện	O
bản	O
thân	O
mắc	O
bệnh	O
hỉm	NORM
nghèo	O
rồi	O

Hỏi	O
thật,	O
ông	O
có	O
vk	NORM
chưa?	O

con	O
vk	NORM
thứ	O
n	O
của	O
a	NORM

này	O
là	O
insight	O
thật	O
lòng	O
nha	O
tr	NORM

Thằng	O
kia	O
và	O
những	O
ng	NORM
đánh	O
hôi	O
phải	O
trả	O
giá	O
đắt	O

đin	NORM
hả	O
địa	O
ngụk	NORM
cũng	O
ko	NORM
chứa	O
nổi	O
ông	O
đou	NORM
ông	O
nọi	NORM

yêu	O
thương	O
nha,	O
đững	O
có	O
cap	O
:(((,	O
nó	O
leak	O
ra	O
ngoài	O
t	NORM
đội	O
quần	O
ra	O
đường	O

nta	NORM
chạy	O
thử	O
mấy	O
bố	O
vô	O
chạy	O
chậm	O
thế	O

tự	O
cảm	O
thấy	O
sâu	O
sắc	O
luôn	O
áaa	NORM

có	O
chắc	O
ở	O
nhà	O
mát	O
rượi	O
hong	NORM

thề	O
cay	O
lắm	O
tự	O
dưng	O
bị	O
dị	O
ứng	O
mà	O
ko	NORM
trị	O
đc	NORM
khỏi	O
hết	O
chứ	O
thi	O
thoảng	O
giao	O
mùa	O
lại	O
bị	O

chưa	O
có	O
lấy	O
mà	O
sao	O
thấy	O
giống	O
quá	O
z	NORM

Bây	O
giờ	O
thì	O
làm	O
đơn	O
kiện	O
r,	NORM
xong	O
xin	O
giám	O
định	O
thương	O
tật	O
khoảng	O
20%	O
nhể	NORM

ko	NORM
cần	O
xem	O
cũng	O
đoán	O
3	O
người	O
còn	O
lại	O
gánh	O
hơi	O
nặng	O
~	O

Ngày	O
xưa	O
đi	O
làm	O
ước	O
ngày	O
nghỉ,	O
giờ	O
ở	O
nhà	O
lâu	O
ước	O
đi	O
làm	O
ko	NORM
nghỉ	O
cũng	O
đc	NORM

Độ	O
này	O
q12	O
bất	O
ổn	O
dữ	O
dị	NORM

Ăn	O
ở	O
nhà	O
bạn	O
thì	O
bạn	O
bới	O
tung	O
lên	O
cũng	O
đc	NORM

Đúng	O
là	O
trại	O
tâm	O
thần	O
mừ	NORM
=))	O

ko	NORM
biết	O
phải	O
nói	O
gì???	O

T	NORM
xài	O
nửa	O
năm	O
nay	O
trộm	O
vía	O
là	O
thấy	O
sạch	O
nha,	O
đỡ	O
phải	O
cọ	O
rửa	O
hẳn	O

em	O
iu	NORM
3	O
chị	O
nhứt	NORM

3	O
nữa	O
là	O
cứ	O
gắp	O
vào	O
bát	O
r	NORM
nói	O
thẳng	O
là	O
cháu	O
k	NORM
ăn	O
được	O
thịt	O
mỡ	O
nên	O
cháu	O
gỡ	O
ra	O
được	O
k?	NORM

Loại	O
óc	O
ứt	NORM
kiện	O
chết	O
mịa	NORM
n	NORM
đê	NORM

mốt	O
cười	O
giả	O
trân	O
như	O
này	O
cho	O
iem	NORM
đỡ	O
wê	NORM
nhá	O
=))))	O

làm	O
mình	O
nhớ	O
tới	O
bạn	O
iu	NORM
=))))	O

2	O
vc	NORM
2	O
đứa	O
con	O

Khi	O
tui	O
chết	O
hãy	O
chôn	O
tuu	NORM
vs	NORM
cây	O
kẻ	O
chưn	NORM
mài	NORM

hỏi	O
lgi	NORM
rồi	O
nhục	O
em	O

Mấy	O
ngừoi	NORM
ngồi	O
trên	O
đó	O
đấm	O
k	NORM
trượt	O
phát	O
nào.	O

Rồi	O
đến	O
lúc	O
hầu	O
tòa	O
lại	O
do	O
bốc	O
đồng	O
hành	O
động	O
k	NORM
suy	O
nghĩ	O

ae	NORM
đọc	O
ảnh	O
đầu	O
khó	O
hiểu	O
thì	O
kệ	O
nó,	O
đọc	O
từ	O
ảnh	O
2	O
trc	NORM
nhé	O

7	O
hằng	O
đảng	NORM
thức	O
đáng	O
nhớ	O
hãy	O
để	O
ý	O
2	O
câu	O
cuối	O
của	O
mấy	O
bạ	NORM
hc	NORM
cấp	O
2	O
bắt	O
buộc	O
phải	O
thuộc	O
vì	O
nó	O
còn	O
đi	O
trên	O
con	O
dag	NORM
c3	NORM
phía	O
trc	NORM

khum	NORM
sao	O
khum	NORM
sao	O
10đ	O
là	O
được	O

tuy	O
e	NORM
có	O
tất	O
cả	O
nhưg	NORM
kbg	O
e	NORM
có	O
đk	NORM
tôi	O
đâu	O

Giờ	O
mà	O
muốn	O
làm	O
lại	O
thì	O
ae	NORM
nào	O
mà	O
bù	O
đắp	O
nỗi	NORM
cho	O
cô	O
ấy	O

tặng	O
sinh	O
nhật	O
z	NORM
nha	O

Thiếu	O
0.2	O
cũng	O
hog	NORM
zui	NORM
:>>	O

tụi	O
bây	O
sẽ	O
ở	O
đó	O
zĩn	NORM
ziễn!	NORM

Tui	O
khong	NORM
có	O
quyền	O
trách	O
a	NORM
ấy	O
bởi	O
vì	O
tui	O
cũm	NORM
vậii	NORM

Gặp	O
t	NORM
là	O
t	NORM
nói	O
thẳng	O
thế	O
luôn	O
chứ	O
t	NORM
k	NORM
bao	O
giờ	O
bới	O

đọc	O
trước	O
khi	O
ngủ	O
nha	O
các	O
b	NORM
tôi	O

Nhịn	O
bữa	O
thịt	O
cho	O
nó	O
sang	O
e	NORM

Ngày	O
xưa	O
xem	O
chương	O
trình	O
khoa	O
học	O
trên	O
ti	O
vi	O
có	O
ông	O
gì	O
chế	O
ra	O
cái	O
bột	O
gì	O
từ	O
lợn	O
ý	O
rắc	O
vào	O
phần	O
bị	O
đứt	O
đầu	O
ngón	O
tay	O
sau	O
mấy	O
tháng	O
nó	O
mọc	O
lại	O
đc,	NORM
nhưng	O
mà	O
nó	O
cứng	O
và	O
không	O
bt	NORM
như	O
ngón	O
tay	O
gốc	O

Ở	O
nhà	O
t	NORM
mà	O
bới	O
là	O
ăn	O
chửi	O
r,	NORM
đây	O
sang	O
nhà	O
ng	NORM
khác	O
mà	O
như	O
vậy	O
chịu	O
r	NORM

hay	O
là	O
mình	O
làm	O
như	O
lày	NORM
nhỉ	O

2	O
chị	O
e	NORM
đưa	O
nhau	O
đi	O
chụp	O
đi	O

Vài	O
lần	O
mình	O
nói	O
và	O
ko	NORM
giải	O
quyết	O
được	O
vấn	O
đề,	O
còn	O
bị	O
kiểm	O
soát	O
xem	O
thường	O
đủ	O
thứ,	O
quá	O
mệt	O
mỏi,	O
dần	O
dần	O
mình	O
cũng	O
ko	NORM
còn	O
tình	O
cảm	O
với	O
chồng	O
nữa	O
nên	O
mình	O
ly	O
hôn	O

giống	O
cậu	O
m	NORM
rồi	O
=)))))	O

Chăm	O
tắm	O
dưỡng	O
da	O
cứ	O
như	O
bông	O
bưởi	O
lunnn	NORM
ace	NORM
ơii	NORM

Duy	O
Nguyễn	O
Duy	O
đọc	O
mà	O
ăn	O
uống	O
điều	O
độ	O
nè	O
m	NORM

Mong	O
k	NORM
ai	O
biết	O
"thằng	O
cha	O
nào	O
đấy"	O
là	O
tôi	O

tối	O
về	O
suy	O
nghĩ	O
xem	O
mình	O
coá	NORM
nên	O
bỏ	O
học	O
k:)))	NORM

T	NORM
sẽ	O
để	O
dành	O
tiền	O
để	O
dc	NORM
đi	O
ăn	O
ở	O
trển	O

ai	O
ròi	NORM
cũm	NORM
khát:(	NORM

ủa	O
seo	NORM
bà	O
này	O
thát	NORM
dây	O
kì	O
z	NORM

body	O
hơi	O
bị	O
lý	O
tưởng	O
lun	NORM

mấy	O
chị	O
tính	O
ghê	O
théeee	NORM

Phải	O
chi	O
m	NORM
là	O
em	O
t	NORM
,	O
ta	O
chửi	O
cho	O
vài	O
lần	O
thì	O
k	NORM
bị	O
người	O
ta	O
nói	O
rồi	O

huhu	O
có	O
cần	O
dz	NORM
như	O
vạy	NORM
khum	NORM

má	O
tức	O
lộn	O
có	O
síu	NORM
mà	O
bắt	O

Là	O
trên	O
đời	O
chưa	O
từng	O
thằng	O
ctrai	NORM
nào	O
ga	O
lăng	O
như	O
bạn	O
ý,	O
đtrai	NORM
như	O
bạn	O
ý.	O

bán	O
hổng	NORM
đủ	O
target	O
sữa	O
điều	O
là	O
mẹ	O
bắt	O
uống	O
sữa	O
rau	O
xanh	O
ó	NORM

đọc	O
mà	O
biết	O
cách	O
sau	O
dỗ	O
ng	NORM
iu	NORM
này	O

bới	O
là	O
vô	O
duyên	O
rồi	O
nha,	O
chứ	O
ko	NORM
pải	NORM
lỗi	O
là	O
ko	NORM
ăn	O
đc	NORM
thịt	O
mỡ	O
e	NORM
ạ	O

Ở	O
đó	O
chắc	O
ko	NORM
dám	O
ra	O
đường	O

t	NORM
kb	NORM
sang	O
kia	O
toán	O
nó	O
như	O
nào	O
nữa	O
m	NORM

còn	O
m	NORM
cận	O
đeo	O
kính	O
nhưng	O
vẫn	O
ko	NORM
thấy	O
được	O
đường	O

Du	O
học	O
4	O
năm	O
ở	O
trời	O
âu	O
không	O
sao	O
thì	O
năm	O
cuối	O
t	NORM
bị	O
khô	O
mũi,	O
sáng	O
dậy	O
là	O
có	O
tơ	O
máu	O
chung	O
với	O
nước	O
mũi	O
nên	O
t	NORM
phải	O
mua	O
máy	O
tạo	O
khí	O
ẩm	O
về.	O

1	O
bên	O
thụ	O
án	O
trong	O
vòng	O
1-2	O
năm	O
sau	O
đó	O
chấm	O
dứt	O
cuộc	O
đời	O
và	O
1	O
bên	O
sống	O
cả	O
đời	O
luôn	O
bị	O
kiểm	O
soát	O
và	O
ko	NORM
có	O
sự	O
tự	O
do	O
thì	O
nó	O
kinh	O
khủng	O
lắm	O

Lương	O
5tr	O
k	NORM
đủ	O
nuôi	O
mèo	O

Có	O
1	O
thứ	O
đc	NORM
gọi	O
là	O
linh	O
vật	O
của	O
tủ	O
lạnh	O
đó	O
là	O
Chanh	O
cắt	O
1	O
nữa	O
r	NORM
héo	O
queo	O
héo	O
quắt	O

tìm	O
phú	O
bà	O
này	O
rồi	O
hãy	O
bảo	O
bà	O
ấy	O
bao	O
nuôi	O
t	NORM
với	O

gà	O
tam	O
tai	O
quá	O
tam	O
tai	O
lun	NORM

cái	O
này	O
kh	NORM
cực	O
nè	O

Để	O
mọi	O
người	O
thấy	O
tôi	O
k	NORM
bị	O
béo	O
,	O
chứ	O
nắng	O
quá	O
thì	O
tôi	O
ở	O
nhà	O
,	O
chứ	O
ra	O
ngoài	O
đường	O
làm	O
gì	O
.	O

trl	NORM
mặn	O
chát	O
màu	O
nc	NORM
mắt	O

c	NORM
ơi	O
cứu	O
dc	NORM
kh	NORM
=)))	O

Vấn	O
đề	O
không	O
phải	O
là	O
do	O
b	NORM
không	O
ăn	O
đc	NORM
thịt	O
mỡ,	O
vấn	O
đề	O
là	O
bạn	O
"	O
bới	O
"	O

csong	NORM
khó	O
khăn	O
đôi	O
lời	O
tuy	O
nhỏ	O
nhưng	O
cũng	O
có	O
thể	O
gây	O
ra	O
tổn	O
thương,	O
chắc	O
mình	O
phải	O
lên	O
núi	O
ở	O
ẩn	O
lánh	O
xa	O
nơi	O
trần	O
thế	O
để	O
thân	O
tâm	O
được	O
an	O
lạc	O
và	O
bao	O
dung	O
thôi	O

Ăn	O
quán	O
nhậu	O
vs	NORM
chị	O

T	NORM
cười	O
lọt	O
giường	O
sáng	O
CN	NORM
:)))	O

Hong	NORM
bik	NORM
nx,	NORM
hong	NORM
coá	NORM
nhớ	O

hơi	O
đâu	O
ngồi	O
khóc	O
v	NORM

đôi	O
lời	O
em	O
mún	NORM
gửi	O
2	O
ank	NORM

Bé	O
này	O
ko	NORM
biết	O
khi	O
nào	O
lên	O
clip	O
"tôi	O
đã	O
kiếm	O
50	O
tỷ	O
trước	O
tuổi	O
20	O
như	O
thế	O
nào"	O

Mẹ	O
con	O
gọi	O
nhau	O
nvay	NORM
là	O
bth	NORM
mà	O
tr	NORM
,	O
tui	O
còn	O
gọi	O
mẹ	O
tui	O
là	O
c	NORM
hai	O
rồi	O
đủ	O
kiểu	O
nữa	O

Giống	O
chị	O
người	O
Nhật	O
ở	O
cty	NORM
mình,	O
cũng	O
có	O
cái	O
túi	O
cám	O
cò	O

bàn	O
tay	O
của	O
ng	NORM
gội	O
đầu	O

Giờ	O
ai	O
che	O
lấp	O
dc	NORM
khoảng	O
trống	O
cho	O
em	O
nó	O
đây	O

lần	O
đó	O
bà	O
giận	O
tui	O
cả	O
tuần	O
mặc	O
dù	O
tui	O
chả	O
nhớ	O
tui	O
ziết	NORM
zề	NORM
ai	O

cam	O
kết	O
zị	NORM
hoy	NORM
chứ	O
tau	NORM
bịa	O
cái	O
doanh	O
thu	O
2	O
tỉ	NORM
ảo	O
vãi	O
ò	NORM

Bản	O
chất	O
của	O
mình	O
như	O
nào	O
thì	O
cứ	O
như	O
vậy,	O
chỉ	O
là	O
chấp	O
nhận	O
được	O
đúng	O
vị	O
trí	O
của	O
mình	O
lúc	O
đó,	O
yêu	O
bản	O
thân	O
và	O
học	O
cách	O
chấp	O
nhận	O
thì	O
dù	O
có	O
sự	O
thực	O
đắng	O
chát	O
nào	O
mình	O
cũng	O
nuốt	O
đc	NORM
hết.	O

Các	O
bạn	O
không	O
nghĩ	O
còn	O
1	O
bộ	O
phận	O
đàn	O
ông	O
dk	NORM
vk	NORM
nuôi	O
à,	O
10tr	O
mình	O
tiêu	O
vặt	O
thôi	O

nhà	O
này	O
hỏng	O
nóc	O
r	NORM

Sao	O
t	NORM
lại	O
nhìn	O
ra	O
Hứa	O
Nguỵ	O
Châu	O
chứ	O

Ông	O
nào	O
muốn	O
béo	O
thì	O
lấy	O
vợ	O
đii	NORM

đấy	O
pải	NORM
mặc	O
áo	O
sáng	O
màu	O
lên	O
k	NORM
chết	O
ngốt	NORM

k	NORM
hề	O
thích	O
quá	O
mà	O
chỉ	O
muốn	O
đi	O
live	O
chill	O
thui	NORM

mong	O
là	O
pa	NORM
mẹ	O
hong	NORM
thấy	O
đìu	NORM
này	O
=))))))))))))))))))))))))	O

Đứa	O
nào	O
tàn	O
ác	O
zậy	NORM

Còn	O
thấy	O
2	O
zkck	NORM
Tây	O
quẩy	O
cái	O
giỏ	O
để	O
gà	O
,	O
mình	O
nhìn	O
sang	O
họ	O
,họ	O
còn	O
cười	O
vỗ	O
vỗ	O
cái	O
giỏ	O
ý	O
nói	O
hàng	O
tốt	O
nữa	O
kìa	O

hông	O
còn	O
tốn	O
tgian	NORM
ghé	O
quán	O
ún	NORM
mín	NORM
nước	O
nữa	O
rùi	NORM
=))))))))	O

Mát	O
mẽ	NORM
cái	O
iu	NORM
bà	O
dà	NORM
nhiều	O
liền	O

biết	O
tính	O
vợ	O
thế	O
thì	O
mỗi	O
lần	O
mua	O
phải	O
nhớ	O
là	O
có	O
hai	O
e	NORM
bé	O
chứ	O
ông	O
bạn	O

Tr	NORM
ơi	O
ms	NORM
thứ	O
2	O
thoi	NORM
mà	O

Giả	O
vờ	O
bấm	O
đt	NORM
rồi	O
cười	O

chúc	O
pé	NORM
ở	O
đó	O
zui	NORM

các	O
bạn	O
làm	O
bài	O
vs	NORM
ôn	O
bài	O
chết	O
mẹ	O
mik	NORM
lên	O
lớp	O
cứ	O
ngồi	O
cười	O

Ôi	O
trưởng	O
phòng	O
cty	NORM
t	NORM
lên	O
NEU	O
rồi	O

sau	O
này	O
bạn	O
giành	O
ăn	O
vs	NORM
con	O
k	NORM

Ae	NORM
đang	O
đi	O
dự	O
đại	O
hội	O
ở	O
phan	O
thiết	O

Ốp	O
đt	NORM
kiểu	O
như	O
ảnh	O
kìa	O
c	NORM
sao	O
k	NORM
có	O
note	O
9	O

thế	O
thì	O
các	O
mô	O
phải	O
có	O
ý	O
thức	O
riêng	O
kiểu	O
ô	NORM
thợ	O
hết	O
mù	O
thì	O
mới	O
tái	O
tạo	O
dc	NORM
các	O
bộ	O
phận	O
như	O
xương	O
hay	O
tay	O
à	O

ủa	O
chứ	O
yêu	O
bản	O
thân	O
cũng	O
không	O
được	O
nữa	O
hả	O
mắ:))	NORM

chiện	NORM
xui	O
rủi	O
chắc	O
tui	O
mún	NORM
chị	O
ơiii	NORM

đấy	O
nhiều	O
ace	NORM
cứ	O
giục	O
e	NORM
lấy	O
vợ	O
đi	O
?	O

mẹ	O
nào	O
mà	O
tàn	O
ák	NORM
và	O
thiếu	O
hiểu	O
biết	O
z	NORM
chời	NORM

nhiều	O
khi	O
cứ	O
khóc	O
oà	O
lên	O
cho	O
nhẹ	O
lòng	O
b	NORM
ơi	O
,	O
ôm	O
bạn	O
1	O
tí	O

chơi	O
gì	O
để	O
hốt	O
v	NORM

toi	NORM
đi	O
concert	O
của	O
Ngọt	O
một	O
mình,	O
cái	O
cảm	O
giác	O
mà	O
m	NORM
có	O
thể	O
hoà	O
nhập	O
được	O
với	O
cả	O
một	O
cộng	O
đồng	O
trong	O
khi	O
m	NORM
và	O
họ	O
đ	NORM
biết	O
nhau,	O
nó	O
vẫn	O
là	O
1	O
cái	O
cảm	O
giác	O
gì	O
đó	O
rất	O
là	O
yomosttttt.	O

Trời	O
má	O
sáng	O
t	NORM
mới	O
di	NORM
luôn	O
,	O
t	NORM
ko	NORM
định	O
hình	O
đc	NORM
nên	O
t	NORM
đã	O
chạy	O
tận	O
3	O
vòng	O
các	O
mày	O
à	O

Vậy	O
là	O
e	NORM
sẽ	O
yên	O
tâm	O
cống	O
hiến	O
hết	O
mình	O
cho	O
VN	O

t	NORM
qua	O
nhà	O
nó,	O
cố	O
đứng	O
gọi	O
nó	O
nma	NORM
cũng	O
k	NORM
đc	NORM

có	O
căn	O
mới	O
nghe	O
đc	NORM

c	NORM
gái	O
23	O
tủi	NORM
và	O
24	O
tủi	NORM
bên	O
dưới	O
có	O
những	O
câu	O
thiệt	NORM
đỉnh=))))	O

Nghĩ	O
đến	O
phải	O
đi	O
làm	O
là	O
muốn	O
khox	NORM
rồiii	NORM

ko	NORM
cần	O
phải	O
sốt	O
ruột	O
đâu	O
nhỉ	O

anh	O
ăn	O
nữa	O
kh	NORM
em	O
mớm	O
cho	O

đọc	O
có	O
mie	NORM
j	NORM
đâu,	O
chén	O
cũng	O
chén	O
r,	NORM
ko	NORM
cưới	O
thì	O
thôi	O
khóc	O
lóc	O
bù	O
lu	O
bù	O
loa	O

mấy	O
ổng	O
nói	O
giờ	O
chiến	O
tranh	O
chỉ	O
có	O
dân	O
khổ	O
chứ	O
ai	O
khổ,	O
mấy	O
ổng	O
chết	O
mẹ	O
từ	O
trc	NORM
hết	O
rồi,	O
mới	O
yên	O
bình	O
đc	NORM
hơn	O
20	O
năm,	O
từ	O
chiến	O
tranh	O
biên	O
giới	O
tới	O
h,	NORM
hơn	O
20	O
năm	O
từ	O
1	O
nước	O
chìm	O
trong	O
bom	O
đạn	O
bây	O
h	NORM
cao	O
tốc	O
nhà	O
lầu	O
xe	O
hơi	O
đầy	O
ra.	O

đẳng	O
cấp	O
nèk	NORM
học	O
hỏi	O
dsi	NORM

buông	O
ra	O
dổ	NORM
tay	O
nữa	O

Vch	O
nhìn	O
đau	O
lòng	O
quá	O
k	NORM
nỡ	O
làm	O
gì	O
tổn	O
hại	O
đến	O
sách	O
truyện	O
nên	O
nhìn	O
ảnh	O
thấy	O
xót	O

ai	O
thắng	O
thì	O
t	NORM
theo=))	O

Cứ	O
thik	NORM
bỏ	O
2	O
tay	O
ra	O
kơ	NORM
=))))	O

oxa	NORM
mua	O
này	O
đi	O
tối	O
2	O
đứa	O
đi	O
uống	O
tà	NORM
tưa	NORM

đi	O
qen	NORM
đứa	O
khác	O
đi	O
bản	O
lỉnh	NORM
lên	O
cha	O
ơi	O

đeo	O
kính	O
r	NORM
vẫn	O
z	NORM

có	O
nghịch	O
lý	O
k	NORM
cơ	O
chứ	O

Lương	O
10	O
tr	NORM
5	O
tr	NORM
xin	O
mẹ	O
chắc	O
cqr	NORM
đời	O
ở	O
vs	NORM
mẹ	O
thôi	O

hôn	O
nhân	O
đẹp	O
đến	O
mấy..ko	NORM
có	O
tiền	O
trang	O
trải	O
gia	O
đình	O
thì	O
cũng	O
nát	O

t	NORM
xấu	O
nhưng	O
mà	O
tiêu	O
chuẩn	O
t	NORM
cao	O

Chớt	NORM
gòi	NORM
coi	O
xong	O
lỡ	O
mê	O
cp,	O
ai	O
chèo	O
thuyền	O
cho	O
tôi	O
lên	O
cùng	O
với	O

tý	NORM
về	O
mới	O
khóc	O
đc	NORM
=)))))))))))	O

Haizzz	O
k	NORM
muốn	O
chia	O
sẻ	O
lại	O
bắt	O
ng	NORM
khác	O
sẻ	O
chia	O

chả	O
đc	NORM
lúc	O
đầu	O
ý	O

Ăn	O
cơm	O
chi	O
uổng	O
dị	NORM
:))	O

tôi	O
ko	NORM
ế,	O
tôi	O
chọn	O
độc	O
thân	O

t	NORM
bị	O
vài	O
lần,	O
toàn	O
bỏ	O
phong	O
bì	O
chụp	O
ảnh	O
xong	O
r	NORM
về	O
=))	O

T	NORM
ko	NORM
cần	O
tưởng	O
tượng	O
cũng	O
đủ	O
khóc	O
sẵn	O
rồi	O

Năm	O
nay	O
21	O
rùi,	NORM
người	O
nhà	O
lúc	O
nào	O
gặp	O
cũng	O
hỏi	O
có	O
ny	NORM
chưa	O
xong	O
rồi	O
lại	O
nói	O
thôi	O
còn	O
bé	O
lo	O
ăn	O
học	O
trc	NORM
cưới	O
để	O
sau	O
:))))	O

Con	O
vừa	O
ngã	O
xong	O
còn	O
k	NORM
xem	O
có	O
sao	O
không	O

Niềng	O
găng	NORM
hết	O
nhiêu	O
á	O
chị	O

Đi	O
thi	O
văn	O
cố	O
tình	O
mang	O
7749	O
cái	O
bút	O
nhưng	O
rặn	O
lòi	O
trĩ	O
chỉ	O
đc	NORM
một	O
tờ	O

iu	NORM
nhắm	NORM
năm	O
sau	O
nhảy	O
văn	O
nghệ	O
nữa	O
nhooo	NORM

Lúc	O
em	O
ném	O
dép	O
thì	O
ko	NORM
chụp	O

Giống	O
chồng	O
mình	O
thui	NORM
chứ	O
có	O
gì	O
đôu	NORM

cái	O
trò	O
ngu	O
ngục	O
bữa	O
e	NORM
vs	NORM
chuột	O
chơi	O
nè	O

Thì	O
ra	O
anh	O
em,	O
bạn	O
bè	O
của	O
toy	NORM
toàn	O
hướng	O
nội	O

Thói	O
quen	O
từ	O
hùi	NORM
cấp	O
1	O
))	O

bây	O
h	NORM
lấy	O
cái	O
hộp	O
ụp	O
vô	O
mớ	O
cơm	O
lại,	O
đứng	O
dậy	O
cho	O
cơm	O
rớt	O
vô	O
ăn	O
típ	NORM
đi	O

riết	O
ko	NORM
bt	NORM
đang	O
nói	O
ai	O

Mong	O
rằng	O
kg	NORM
có	O
4	O
án	O
chữ	O

anh	O
có	O
muốn	O
làm	O
model	O
cho	O
mẫu	O
quần	O
này	O
khum	NORM

Trung	O
Niên	O
thì	O
k	NORM
đc	O
tình	O
cảm	O
lãng	O
mạn	O
à	O

Khúc	O
đầu	O
tưởng	O
mẹ	O
ny	NORM
quá	O
đáng	O
xong	O
tới	O
khúc	O
bới	O
thì	O
thấy	O
quá	O
đúng	O

nhìn	O
vậy	O
mà	O
kêu	O
ko	NORM
chuyên	O

Mìn	NORM
cũng	O
tậo	NORM
live	O
tt	NORM
đây	O

gòi	NORM
xong	O
trước	O
mặt	O
ngkh	O
thì	O
im	O
như	O
thóc	O
giống	O
:)))	O

hôm	O
trước	O
có	O
nói	O
đến	O
vấn	O
đề	O
work-life	O
balance	O
lun	NORM
nhưng	O
anh	O
tr	NORM
bảo	O
là	O
với	O
tình	O
hình	O
hiện	O
tại	O
của	O
em	O
thì	O
việc	O
đó	O
là	O
chưa	O
thể	O

hồi	O
đi	O
học	O
mà	O
trúng	O
mấy	O
đề	O
kiểu	O
này	O
t	NORM
sẽ	O
tự	O
tạc	O
ra	O
1	O
nv	NORM
ko	NORM
có	O
thật	O
để	O
viết	O
:))	O

có	O
ph	NORM
ng	NORM
ngoài	O
hành	O
tinh	O
=))	O

quê	O
tui	O
mak	NORM
tui	O
chx	NORM
bt	NORM
lun	NORM
tht	NORM
tối	O
cổ	O
:))))	O

Ngại	O
bm,	O
giả	O
vờ	O
ngồi	O
uống	O
nc	NORM
tí	O
rình	O
rình	O
nhét	O
phong	O
bì	O
xong	O
rồi	O
té	O
:))))	O

Cừi	NORM
từ	O
thiện	O
cho	O
con	O
ik	NORM
mẹ	O
:33	O

Mình	O
thấy	O
nc	NORM
ngoài	O
nhiều	O
cặp	O
như	O
thế	O
lắm.	O

hihi	O
lớp	O
trưởng	O
hong	NORM
coá	NORM
nhắc	O

ck	NORM
oi	NORM
mấy	O
giấc	O
mơ	O
của	O
em	O
nó	O
kỉu	NORM
kỉu	NORM
z	NORM
á	O
ck	NORM

Em	O
hồi	O
đó	O
4	O
tháng	O
đã	O
biết	O
ghi	O
đeef	NORM
rồi	O

cách	O
để	O
tôy	NORM
vượt	O
qua	O
mọi	O
chiện	NORM
trong	O
cs	NORM

kéo	O
từ	O
con	O
ảnh	O
xúc	O
xích	O
vs	NORM
bmi	NORM
đức	O
xuống	O
bát	O
phở	O
thấy	O
đẳng	O
cấp	O
nó	O
ở	O
cái	O
tầm	O
khác	O
hẳn	O

mang	O
được	O
cây	O
eyeliner	O
là	O
ngol	NORM
rồi	O

Ở	O
nhà	O
ăn	O
sao	O
cũng	O
đc,	NORM
chứ	O
ăn	O
ở	O
nơi	O
khác	O
bới	O
k	NORM
bị	O
ch-ửi	NORM
trong	O
bữa	O
ăn	O
lag	NORM
may	O
lắm	O
rồi	O

chta	NORM
giống	O
nhao	NORM
cả	O
thoi	NORM
=)))	O

Má	O
mình	O
hèn	O
thiệt	O
luôn	O
ó	NORM

còn	O
mua	O
đôi	O
nữa	O
cơ,	O
đáng	O
iu	NORM

có	O
nên	O
cbi	NORM
sẵn	O
ko	NORM

tự	O
nhiên	O
h-hớt	NORM
thứt	NORM
qa	NORM
bển	O
nun	NORM
ó	NORM

:))	O
ưng	O
kh	NORM
t	NORM
mần	O
cho	O
cấy	O

K	NORM
là	O
lại	O
bị	O
oan	O
luôn	O

những	O
tình	O
iu	NORM
nồng	O
cháy	O
=))))	O

t	NORM
với	O
m	NORM
tuần	O
sau:))	O

nao	NORM
gấp	O
được	O
như	O
thế	O
này	O
thì	O
chụp	O
gửi	O
iem	NORM
nghen	NORM

chứ	O
máy	O
t	NORM
nó	O
lag	O
lắm	O
m	NORM
ơi	O

Sao	O
toàn	O
tiểu	O
cường	O
zị	NORM
:'(((	O

Cty	NORM
của	O
gia	O
đình	O
ẻm	O
ý	O
à	O

T	NORM
còn	O
đéo	O
có	O
lương	O
đây	O
này,vẫn	O
lấy	O
vk	NORM
đẹp	O
và	O
có	O
2	O
đứa	O
con,vẫn	O
lo	O
cho	O
2	O
đứa	O
con	O
đi	O
học	O
bình	O
thường	O
5tr/1	O
tháng/1đứa	O

chắc	O
quỷ	NORM
nhân	O
phù	O
trợ	O
tau	NORM
thiệt	O
á	O
:))))	O

chồng	O
chúng	O
ta	O
đag	NORM
ôn	O
thi	O
lên	O
cấp	O
2	O
thoiii...	NORM

Ừ	O
t	NORM
đang	O
lương	O
10tr	O
đây.	O

Mới	O
chụp	O
hôm	O
qua	O
luôn	O
á	O
tr	NORM

Như	O
t	NORM
ko	NORM
ăn	O
dc	O
mỡ	O
nên	O
t	NORM
cũng	O
sẽ	O
ko	NORM
ăn	O
luôn	O

lúc	O
nào	O
gọi	O
về	O
mẹ	O
cũng	O
hỏi	O
sắp	O
về	O
chưa	O
mẹ	O
phần	O
đồ	O
ăn	O
cho	O
đó	O
còn	O
thằng	O
e	NORM
thì	O
cũng	O
hỏi	O
t	NORM
sắp	O
về	O
chưa	O
nhưng	O
là	O
để	O
nó	O
dọn	O
hết	O
đống	O
đồ	O
ăn	O
nó	O
tích	O
trong	O
tủ	O
trước	O
khi	O
t	NORM
về	O
em	O
ún	NORM
mất	O
nết	O
vl	O

con	O
dâu	O
t	NORM
mà	O
bới	O
vậy	O
t	NORM
cũng	O
chửi	O

Sống	NORM
thật	O
thế	O
ko	NORM
bik	NORM

xác	O
nhận	O
đi	O
các	O
b	NORM
chứ	O
sợ	O
quá	O
:))	O

chắc	O
e	NORM
cũng	O
phải	O
như	O
này	O

duma	O
do	O
soft	O
quá	O
bị	O
nhìn	O
nhầm	O
không	O
biết	O
nên	O
vui	O
hay	O
ênn	NORM
buồn	O

Bth	NORM
mà	O
bà	O
cố	O
nội	O
ơi	O

ở	O
gần	O
mà	O
hk	NORM
đc	NORM
đi	O

M17	O
của	O
Merzy	O
nha	O
=)))	O
không	O
thấy	O
màu	O
nào	O
đậm	O
hơn	O
màu	O
này	O
mà	O
chất	O
mướt	O
z,	NORM
được	O
cái	O
tui	O
tô	O
son	O
đậm	O
nhìn	O
kh	NORM
già	O
mà	O
chiến	O
đét	O

rồi	O
vk	NORM
mình	O
có	O
thế	O
này	O
ko?…:))	NORM

trong	O
veo	O
thoát	O
tục	O
luôn	O
áaa	NORM

mình	O
xợ,	NORM
nma	NORM
mình	O
0	NORM
quan	O
tâm	O

hôm	O
qua	O
làm	O
theo	O
rồi	O
thơm	O
mùi	O
bánh	O
mỳ	NORM
đem	O
chiên	O
giòn	O
chấm	O
tương	O
ớt	O
nhứt	NORM
nách	O

Nạc	O
t	NORM
ăn	O
và	O
mỡ	O
có	O
lúc	O
t	NORM
bảo	O
chg	NORM
t	NORM
ăn	O
hộ	O

íu	NORM
tim	O
nhưng	O
thích	O
cảm	O
giác	O
mạnh	O

sao	O
chưa	O
thấy	O
chị	O
iu	NORM
cmt?	O

Đòi	O
còn	O
hổng	NORM
có	O
trả	O
kìa	O

Ừ	O
thì	O
khum	NORM
có	O
thì	O
sao	O
phải	O
tiếc	O

ng	NORM
từng	O
trải	O
chỉ	O
cho	O
mà	O
k	NORM
nghe	O

Anh	O
uống	O
sữa	O
Grow	O
của	O
con	O
phải	O
khum	NORM

Bạn	O
tui	O
nó	O
còn	O
đứng	O
rán	O
độu	NORM
cơ	O
kkk	O

Mn	NORM
ưi,	NORM
cho	O
mình	O
xin	O
ảnh	O
bé	O
mèo	O
với	O

Uhm	NORM
họăc	NORM
chỉ	O
là	O
mình	O
tui?	O

t	NORM
cũng	O
phải	O
kìm	NORM
mồm	O
lắm	O
mới	O
ko	NORM
ăn	O
của	O
cháu	O

chú	O
ý	O
sau	O
đi	O
đau	NORM
cũng	O
cầm	O
tay	O
cho	O
chắc	O

Hèn	O
gì	O
trg	NORM
t	NORM
chấm	O
sai	O
điểm	O
lệch	O
điểm	O
quá	O
tr	NORM
hs	NORM
phải	O
xem	O
lại	O
bài	O

cả	O
đời	O
k	NORM
dám	O
cho	O
ai	O
mượn	O
nợ	O
luôn	O
á,	O
sợ	O
phải	O
quỳ	O
lạy	O
người	O
ta	O
trả	O
nợ	O
cho	O
mình.	O

haha	O
:)))	O
kịch	O
bản	O
hayy	NORM

hên	O
chung	O
toà	O
mà	O
khác	O
cty	NORM
:)))	O

Nhìn	O
dòng	O
chữ	O
tiếng	O
Việt	O
là	O
thấy	O
đẳng	O
cấp	O
dòi!!	NORM

Mấy	O
bà	O
nợ	O
tiền	O
tạp	O
hoá	O
chuyên	O
gia	O
giận	O
nè,	O
mịe	NORM

Ngừi	NORM
iu	NORM
nhà	O
ngừi	NORM
ta:((	O

mông	O
này	O
xịn	O
hơn	O
mông	O
em	O
linh	O
taooo	NORM

k	NORM
bt	NORM
nữa	O
k	NORM
có	O
nhớ	O

bạn	O
đi	O
Trung	O
không	O
rủ	O
mình	O
a	NORM

Đắp	O
chiếu	O
lâu	O
nên	O
ko	NORM
hợp	O
bây	O
giờ	O

Hơi	O
hư	O
tý	O
nma	NORM
cũng	O
có	O
tướng	O
phu	O
thê	O
ạ	O

Khứa	O
nào	O
ác	O
quá	O
dị	NORM

lại	O
nhớ	O
mqh	NORM
ăn	O
đêm	O
:)))	O

dừng	O
lại	O
trước	O
khi	O
quá	O
mụn	NORM
bạn	O
oi	NORM

gái	O
Tân	O
cương	O
k	NORM
làm	O
chúng	O
ta	O
thất	O
vọng	O

Đâu	O
cần	O
những	O
món	O
quà,	O
các	O
anh	O
tôi	O
và	O
3	O
ng	NORM
bạn	O
thân	O
tôi	O
luôn	O
có	O
mặt	O
khi	O
tôi	O
khó	O
thế	O
là	O
ok	O
rồi,	O
chả	O
mong	O
gì	O
hơn	O

hòi	NORM
đó	O
thề	O
hổng	NORM
biết	O
có	O
cái	O
môn	O
kí	O
xướng	O
âm	O

cho	O
xin	O
địa	O
chỉ	O
ạk	NORM

:))	O
khổ	O
chưa	O
nói	O
k	NORM
nghe	O

Nếu	O
k	NORM
ăn	O
được	O
mỡ	O
thì	O
cơm	O
chan	O
canh	O
ăn	O
đậu	O
cũng	O
được,	O
nhưng	O
đừng	O
bới	O
bới	O
đồ	O
để	O
chọn	O
ngay	O
trong	O
bữa	O
ăn	O

Mình	O
vẫn	O
mong	O
bạn	O
dc	NORM
tặng	O
nhà	O
tiện	O
cho	O
cv	NORM
hơn	O
là	O
tặng	O
xe	O

Chị	O
gái	O
cứ	O
nhớ	O
nhớ	O
quên	O
quên,	O
thỉnh	O
thoảng	O
cười	O
1	O
mình,	O
thấy	O
ng	NORM
vào	O
là	O
hoảng	O
loạn	O

haizz	O
đc	NORM
r	NORM
qua	O
VLU	O
thoai	NORM

chữa	O
lành	O
đâu	O
ko	NORM
thí	NORM
chứ	O
thấy	O
tiệt	NORM
dọng	NORM
cmnr	O

chứ	O
cty	NORM
t	NORM
chỉ	O
có	O
t	NORM
gọi	O
sếp	O
sau	O
5:30	O
chiều	O
thôi	O
chứ	O
12h	O
đêm	O
để	O
máy	O
bay	O
rồi	O
:)))	O

Giờ	O
thì	O
còn	O
2	O
ngày	O
nữa	O
là	O
tới	O
sn	NORM
của	O
em	O
mà	O
em	O
vừa	O
mất	O
2	O
tháng	O
trước	O
rồi	O

có	O
ông	O
a	NORM
mong	O
muốn	O
lấp	O
đầy	O
khoảng	O
trống	O
trong	O
em!	O

V	NORM
thì	O
là	O
từng	O
ấy	O
ngày	O
bạn	O
ko	NORM
ở	O
nhà	O

bình	O
tĩnh	O
ny	NORM
đang	O
lớn	O

q12	O
nay	O
sao	O
z	NORM
=)))	O

Khum	NORM
ngờ	O
có	O
những	O
giây	O
phút	O
lực	O
điền	O
như	O
dzị	NORM

Nhưng	O
quan	O
trọng	O
là	O
tôi	O
đéo	O
có	O
500	O
trẹo	NORM

hy	O
vọng	O
k	NORM
ai	O
bị	O
lm	NORM
s	NORM

Có	O
nha,	O
môi	NORM
lần	O
t	NORM
muốn	O
giảm	O
stress	O
đều	O
viết	O
truyện	O
ngược	O
r	NORM
khóc	O
mình,	O
xong	O
hết	O
stress	O

Lương	O
5	O
trẹo	NORM
nên	O
tui	O
quyết	O
định	O
ko	NORM
lấy	O
ck	NORM
đẻ	O
con	O
chi	O
hết	O

sắp	O
đến	O
sn	NORM
tôi	O
b	NORM
ạ	O

Chơm	NORM
ngon	O
cho	O
anh	O
ăn	O
nèee	NORM

hong	NORM
ấy	O
mỗi	O
bạn	O
mập	O
mờ	O
với	O
2	O
người	O
ik	NORM

Hồi	O
nào	O
xem	O
hay	O
đọc	O
phỏng	O
vấn	O
gì	O
của	O
Lâm	O
Y	O
Thần	O
thấy	O
cô	O
ấy	O
nói	O
là	O
2	O
vợ	O
chồng	O
1	O
năm	O
chắc	O
gặp	O
nhau	O
có	O
vài	O
lần,	O
tại	O
chồng	O
làm	O
việc	O
ở	O
bên	O
Mỹ,	O
việc	O
bên	O
nội	O
bên	O
ngoại	O
đều	O
1	O
mình	O
cổ	O
lo	O
hết,	O
hình	O
như	O
lúc	O
bầu	O
bì	O
sinh	O
nở	O
cũng	O
không	O
có	O
chồng	O
ở	O
bên	O
xem	O
cũng	O
thấy	O
tủi	O
tủi	O
nên	O
t	NORM
cũng	O
nghĩ	O
hôn	O
nhân	O
kiểu	O
này	O
không	O
bền	O
rồi	O
á	O

ở	O
nhà	O
ăn	O
t	NORM
còn	O
k	NORM
dám	O
“bới”	O
ra	O
nữa	O
chứ	O
là	O
:))	O

mau	O
dữ	O
vậy	O
mí	NORM
bà	O
mình	O
bất	O
ngờuln	O
ấy	O

sao	O
bằng	O
những	O
đứa	O
chê	O
nhau	O
này	O
nọ	O
lo	O
chai	O
mà	O
bh	NORM
yêu	O
nhau	O
nhờ	NORM

Ước	O
gì	O
lớp	O
toi	NORM
cubgx	NORM
đc	NORM
1	O
phần	O
như	O
vậy	O

Ngàn	O
lần	O
ah	NORM
íu	NORM
đúiii	NORM

Xong	O
gặp	O
cái	O
đề	O
bài	O
này	O
tui	O
cũng	O
phân	O
vân	O
đ	NORM
biết	O
nên	O
viết	O
về	O
ai	O
mà	O
hồi	O
đó	O
đ	NORM
nghĩ	O
đến	O
việc	O
có	O
thể	O
viết	O
về	O
cả	O
2	O
cơ	O
:Đ	O

rồi	O
b	NORM
gái	O
m	NORM
ko	NORM
có	O
khái	O
niệm	O
nghe	O
giải	O
thích	O
thì	O
m	NORM
lmj:)?	NORM

Cái	O
quan	O
trọng	O
là	O
lsao	NORM
để	O
giảm	O
thiệt	O
hại	O
nhất	O
cho	O
b	NORM
và	O
làm	O
tk	NORM
đó	O
k	NORM
tung	O
đc	NORM
nữa.	O

Mê	O
Ngô	O
Thiến,	O
bà	O
trẻ	O
vaii	NORM

nhìn	O
xem	O
đay	NORM
là	O
1	O
hay	O
2ng	O
vậy	O
pà	NORM
con	O

Tại	O
mọi	O
người	O
ở	O
nhà	O
bảo	O
sp	NORM
toán	O
với	O
anh	O
không	O
bao	O
giờ	O
thất	O
nghiệp	O

Trong	O
đầu	O
tự	O
nhảy	O
ra	O
nhạc	O
luôn	O
là	O
saoo	NORM

nh	O
tiếc	O
là	O
tui	O
k	NORM
phải	O
con	O
trai	O

như	O
t	NORM
đã	O
bảo	O
í	O

Lớp	O
trẻ	O
giờ	O
quá	O
giỏi	O
kiếm	O
500-700tr/	O
tháng	O
là	O
bình	O
thường	O
và	O
quá	O
nhiều	O
người	O
kiếm	O
dc	NORM
như	O
thế	O
chứ	O
ko	NORM
phải	O
trường	O
hợp	O
cá	O
biệt	O
đâu.	O

Mẹ	O
t	NORM
hồi	O
trc	NORM
thì	O
chỉ	O
bị	O
dị	O
ứng	O
thời	O
tiết,	O
sau	O
này	O
tự	O
dưng	O
mẹ	O
t	NORM
dị	O
ứng	O
với	O
mít	O
cơ,	O
ăn	O
xong	O
là	O
ngứa	O
điên	O
đảo,	O
nhiều	O
khi	O
mẹ	O
t	NORM
thèm	O
quá	O
bất	O
chấp	O
vẫn	O
ăn,	O
sau	O
đấy	O
thì	O
uống	O
thuốc	O

Do	O
dây	O
cáp	O
mọc	O
ra	O
,	O
chứ	O
hok	NORM
phải	O
do	O
xe	O
tải	O
đâu	O

chưa	O
tháo	O
vẫn	O
há	O
miệng	O
cười	O
qtr	NORM

đỉnh	O
vcđ,	O
cái	O
lật	O
mặt	O
meme	O
này	O
hợp	O
ý	O
t	NORM
á	O

sau	O
này	O
m	NORM
mà	O
bán	O
mạng	O
cho	O
tư	O
bẩn	NORM
là	O
t	NORM
sẽ	O
bán	O
m	NORM
trước	O

kím	NORM
ai	O
tên	O
ghuy	O
đi	O
đóng	O
phim	O
quạt	O
quạ	O
chung	O
đi	O

Nhìn	O
lại	O
vẫn	O
thấy	O
thơm	O
quán	O
bà	O
còn	O
ổn	O
ko	NORM
m?	NORM

Mình	O
cứ	O
nghĩ	O
30	O
vẫn	O
còn	O
trẻ	O
mà	O
ngta	O
gọi	O
là	O
trung	O
niên	O
r	NORM

Y	O
chang	O
z	NORM
đó	O
:((	O

trả	O
đây	NORM
ăn	O
toàn	O
cho	O
tài	O
xế	O
ik	NORM
pà	NORM
nội	O
:)))	O

cudng	NORM
rút	O
kinh	O
nghiệm	O
chuyện	O
này	O
k	NORM
nên	O
đem	O
lên	O
cfs,	O
về	O
nhà	O
hỏi	O
mẹ	O
là	O
dc	NORM
:))	O

Ko	NORM
cho	O
em	O
ăn	O
thì	O
e	NORM
nhét	O
nó	O
vô	O
lại	O
để	O
em	O
ăn	O
1	O
mình	O

Thế	O
nào	O
đc	O
9.5	O
thật	O
đó	O
đỉnh	O
vãi	O
ò,	O
đã	O
v	NORM
mk	NORM
điểm	O
cao	O
nhất	O
lớp	O
chứ	O
đc	NORM
cô	O
thưởng	O
300k	O

Mình	O
đòi	O
nhma	NORM
nó	O
lươn	O
lẹo	O
để	O
không	O
trả	O
thì	O
phải	O
làm	O
sao	O
đây	O
taaaa	NORM

đix	NORM
mej	NORM
bao	O
năm	O
học	O
tiếng	O
anh	O
đổ	O
sông	O

Đúng	O
là	O
cơm	O
tró	NORM
thật	O
sự	O

Cảm	O
ơn	O
bài	O
viết	O
giúp	O
t	NORM
đi	O
ngủ	O

phải	O
nv	O
thì	O
mới	O
có	O
ng	NORM
đầy	O
kinh	O
nghiệm	O
chứ	O
nhỉ	O

Ai	O
tag	O
ck	NORM
tôi	O
vào	O
hộ	O
cái	O

con	O
này	O
mua	O
ở	O
đâu	O
ae	NORM
nhỉ	O

b	NORM
sang	O
đấy	O
nhiều	O
niềm	O
vui	O
tiếng	O
cười	O
thế	O

phải	O
có	O
người	O
yêu	O
mới	O
tưởng	O
tượng	O
được	O
nhé	O
ae	NORM

T	NORM
cười	O
hô	O
hố	O
luôn	O
ấy	O

tự	O
dưng	O
biết	O
sao	O
hay	O
nhức	O
mỏi	O
ròiii	NORM

dưa	O
trong	O
tủ	O
m	NORM
ngâm	O
thuốc	O
r	NORM

khum	NORM
bao	O
giờ	O
là	O
mụt	NORM
đứa	O
pạn	NORM
tốt	O
được	O
:))	O

bn	NORM
đã	O
tìm	O
dc	NORM
cách	O
sấy	O
tóc	O
đêm	O
hiệu	O
quả	O
r	NORM
đấy:))	O

z	NORM
anh	O
mua	O
dthoai	NORM
mới	O
cho	O
em	O
nha	O

Vk	NORM
said	O
:	O
từ	O
khi	O
nào	O
ô	NORM
có	O
cái	O
quyền	O
dc	NORM
giải	O
thích	O
thế	O

Mong	O
ny	NORM
mình	O
sau	O
này	O
k	NORM
thấy	O

cần	O
tag	O
hai	O
anh	O
em	O
nhà	O
kia	O
vào	O
để	O
dằn	O
mặt	O
nhau	O
đc	NORM
k	NORM
chị	O
:)))	O

T	NORM
thì	O
thích	O
hẹn	O
3	O
mặt	O
1	O
lời	O

chính	O
cái	O
suy	O
nghĩ	O
đó	O
mới	O
chê	O
fim	NORM

Nhưng	O
có	O
người	O
mình	O
tự	O
cho	O
luôn	O
k	NORM
phải	O
nghĩ	O

nhìu	NORM
lúc	O
muốn	O
khóc	O
muốn	O
kể	O
chuyện	O
nma	NORM
sợ	O
mng	NORM
sẽ	O
chẳng	O
ai	O
lắng	O
nghe	O
mình	O

Ad	O
hơi	O
non,	O
cái	O
này	O
k	NORM
phải	O
bị	O
loè	O
đâu,	O
chỉ	O
là	O
ng	NORM
Nhật	O
họ	O
muốn	O
bvmt	O
thôi	O

và	O
đúng	O
là	O
đi	O
cùng	O
mình	O
hay	O
bị	O
phân	O
tâm	O
vì	O
để	O
ý	O
đến	O
cxuc	NORM
của	O
bạn	O
thật	O

Khók	NORM
trước	O
mặt	O
người	O
ta	O
sợ	O
cuê	NORM

Nhưng	O
nếu	O
k	NORM
mi	O
nhon	O
thì	O
k	NORM
phải	O
cái	O
váy	O
nào	O
cũng	O
mặc	O
được	O
:))	O

tham	O
dzọng	NORM
học	O
bổng	O
đồ	O
đó	O

Ở	O
HN	O
có	O
dịch	O
vụ	O
như	O
này	O
k	NORM
zậy?	NORM

bim	O
bim	O
của	O
con	O
e	NORM
cũng	O
ăn	O
bớt	O
phần	O
nào	O
r	NORM

phải	O
chi	O
vô	O
tri	O
zậy	NORM
cũng	O
đỡ,	O
này	O
là	O
nô	O
lệ	O
của	O
những	O
con	O
điểm	O

Tao	O
đã	O
trốn	O
r	NORM
ai	O
mượn	O
zô	NORM
chi	O
zay!	NORM

gia	O
sư	O
nhớ	O
rủ	O
t	NORM
đi	O
cùng	O
nx	NORM
nhé	O

dễ	O
thương	O
quá	O
hông	NORM
quen	O

Đời	O
hum	NORM
như	O
là	O
mer	NORM
:)))	O

vụ	O
này	O
lâu	O
chưa	O
ạ	O
mk	NORM
sn	O
99	O
mà	O
chưa	O
bao	O
h	NORM
nghe	O

ngự	O
tỷ	O
của	O
cta	NORM
=))))	O

cái	O
này	O
t	NORM
chịu	O
oke	O
chưa	O

Mama	O
và	O
papa	O
t	NORM
thỉnh	O
thoảng	O
còn	O
sến	O
hơn	O
như	O
này	O
nữa	O
nha	O

đi	O
1	O
mik	NORM
còn	O
tập	O
trung	O
soi	O
các	O
chú	O

trc	NORM
khi	O
ddI	O
vào	O
aeon	O
ddC	NORM
k	NORM
các	O
b	NORM

t	NORM
để	O
dành	O
xoài	O
cho	O
m	NORM
đấy	O

là	O
đi	O
hc	NORM
quân	O
sự	O
dữ	O
ch	NORM

Khum	NORM
ăn	O
mai	O
mốt	O
nó	O
lấy	O
tiền	O
mua	O
cho	O
con	O
khác	O
ăn	O
cũm	NORM
zị	NORM
à	O

mé	NORM
muốn	O
vứt	O
luôn	O
cái	O
ví	O

móa	NORM
dịch	O
mượt	O
kít	O
vl	O

Mình	O
cũng	O
theo	O
chế	O
độ	O
này	O
từ	O
2021	O
đến	O
giờ	O
vẫn	O
khỏe	O
re	O
khi	O
ko	NORM
ăn	O
sáng	O
nha	O
b.	NORM

mình	O
có	O
nên	O
làm	O
nv	NORM
không	O
bạn	O
nhỉ	O

đi	O
thi	O
đừng	O
vậy	O
nghen	O
pà	NORM
=)))	O

Mình	O
k	NORM
bh	NORM
tin	O
đc	NORM
bọn	O
trẻ	O
con	O
dù	O
nắm	O
chặt	O
tay	O
đến	O
mấy,	O
qua	O
đường	O
mình	O
toàn	O
bế	O
sang,	O
bh	NORM
nó	O
đủ	O
nhận	O
thức	O
đi	O
song	O
song	O
vs	NORM
mình	O
thì	O
mới	O
dắt,	O
chứ	O
cầm	O
tay	O
tụi	O
nó	O
vẫn	O
lao	O
về	O
phía	O
trước	O
đc	NORM
~~	O

Lương	O
c	NORM
100	O
triệu	O
trong	O
đó	O
5	O
triệu	O
lương	O
cứng	O
95	O
triệu	O
lương	O
tâm.	O

(((((((	O
dễ	O
chịu	O
lắm	O
ă	NORM

Mấy	O
đứa	O
trên	O
Reddit	O
như	O
kiểu	O
bị	O
overthinking,	O
chuyện	O
bt	NORM
cũng	O
nghĩ	O
ra	O
điều	O
gì	O
đó	O
nguy	O
hiểm...	O

Bất	O
lợi	O
của	O
người	O
hèngggggg	NORM

yoyo	O
nào	O
quay	O
t	NORM
cái	O
vlog	O

Xin	O
bí	O
kíp	O
từ	O
các	O
con	O
vợ	O
và	O
ông	O
ck	NORM
vs	NORM

Ông	O
ny	NORM
cũng	O
ko	NORM
tinh	O
tế	O
biết	O
ny	NORM
ko	NORM
ăn	O
dc	NORM
mỡ	O
mà	O
ko	NORM
nói	O
mẹ	O
mua	O
thêm	O
ít	O
thịt	O
nạc	O
hoặc	O
chủ	O
động	O
gắp	O
thịt	O
cho	O
ny	NORM

ieu	NORM
các	O
chồng	O
cụa	NORM
em	O
moa	O
moa	O

T	NORM
Fan	O
MC	O
mà	O
nếu	O
Real	O
thắng	O
thì	O
cũng	O
thấy	O
xứng	O
đáng	O
và	O
tất	O
nhiên	O
MC	O
thắng	O
thì	O
ko	NORM
gì	O
vui	O
hơn	O
rồi	O

Hong	NORM
ra	O
trường	O
đua	O
f1	O
để	O
đua?	O

em	O
thấy	O
chị	O
kéo	O
khẩu	O
trang	O
xuống	O
cười	O
hơi	O
nhìu	NORM

vừa	O
nói	O
chiện	NORM
vừa	O
nghe	O

Mh	NORM
hướng	O
ngoaih	NORM
nhưng	O
k	NORM
giám	NORM
đòi	O
nợ	O
thật	O

khéo	O
ny	NORM
chx	NORM
ra	O
đời	O

Càng	O
khó	O
thì	O
càng	O
muốn	O
lm	NORM
cho	O
cuộc	O
sống	O
nó	O
thi	O
vị	O

cta	NORM
chối	O
bỏ	O
lời	O
khuyên	O
cho	O
cta:)	NORM

2zkck	NORM
cận	O
mà	O
k	NORM
bao	O
g	NORM
đeo	O
kính	O

chắc	O
dc	NORM
gần	O
năm	O
r	NORM

sinh	O
nhựt	NORM
pạn	NORM
tui	O
tặng	O
cái	O
này	O

Vậy	O
thì	O
lương	O
9tr9	O
như	O
mình	O
k	NORM
có	O
hi	O
vọng	O
rồi	O
bạn	O
ơi	O

Ah,	NORM
bí	O
kíp	O
này	O
giờ	O
mới	O
học	O
dc,	NORM
để	O
mai	O
đi	O
làm	O
kiểu	O

gen	NORM
tị	O
với	O
bạn	O
quá.	O

Ny	NORM
mình	O
đang	O
học	O
lớp	O
7	O

Vì	O
cuộc	O
sống	O
yên	O
bình	O
thì	O
hèng	NORM
cũng	O
được	O
:)))	O

Về	O
dọn	O
tủ	O
mẹ	O
để	O
phần	O
miếng	O
thịt	O
boà	NORM
nè	O

thấy	O
zang	NORM
hồ	O
như	O
mìnk	NORM
khum	NORM
:)))	O

gắn	O
tay	O
cầm	O
lên	O
1-3	O
luôn	O
chứ	O
đùaa	NORM

Đki	NORM
sever	O
này	O
vội	O
:))	O

thấy	O
chưa,	O
r	NORM
bảo	O
a	NORM
mặc	O
màu	O
trắng	O
đi	O

Rcm	O
mng	NORM
phim	O
Moon	O
Lovers	O
nha,	O
chữa	O
lành	O
cựccc	NORM

Tại	O
sao	O
ngta	NORM
lại	O
nghĩ	O
đến	O
việc	O
ngoại	O
tình	O

rủ	O
về	O
quê	O
nằm	O
bấm	O
đth	NORM
chung	O
mà	O
hổng	NORM
chịu	O

Nói	O
500	O
tr	NORM
nghe	O
khiếp	O
quá,	O
nói	O
nửa	O
tỷ	O
thôi	O
cho	O
nhẹ.	O

Mong	O
có	O
những	O
đãi	O
ngộ	O
xứng	O
đáng	O
hơn	O
cho	O
những	O
vđv	NORM
nữ	O

bánh	O
ăn	O
dặm	O
tới	O
công	O
chiện	NORM

May	O
quá,	O
tôi	O
s	NORM
thì	O
bạn	O
trai	O
tôi	O
gấp	O
đôi	O
tôi	O

Mều	NORM
nhà	O
t	NORM
sinh	O
nhật,	O
hẳn	O
bánh	O
Givral	O
luôn	O
:))	O

t	NORM
mang	O
ba	O
lô	O
đi	O
sau	O
đó	O
mới	O
nhắn	O
xin	O
mẹ	O

bao	O
g	NORM
mới	O
dỗi	O
nhau	O
đấy	O

May	O
là	O
xe	O
điện	O
chứ	O
xe	O
máy	O
là	O
ebe	NORM
cx	NORM
bị	O
nặng	O
rồi	O
,	O
để	O
con	O
nhue	NORM
thế	O
quá	O
nguy	O
hiểm	O

Order	O
hộ	O
ik	NORM
con	O
ngại	O
lắm	O

Máy	O
lạnh,máy	O
quạt	O
cùi	O
pắp	NORM
òi	NORM

mình	O
ko	NORM
đấu	O
tranh	O
nhưng	O
bh	NORM
mình	O
vẫn	O
khóc	O
ròng	O
vì	O
cái	O
mình	O
chọn	O
nè	O

Trùm	O
cuối	O
không	O
bh	NORM
làm	O
ta	O
thất	O
vọng	O

Tính	O
nhèo	NORM
chiện	NORM
,	O
mà	O
chưa	O
trải	O
nghiệm	O
nên	O
k	NORM
có	O
chiện	NORM
nhiều	O

Lên	O
xu	O
hướng	O
oy	NORM
nà	NORM

Đang	O
định	O
chửi	O
cm	NORM
thấy	O
nhiều	O
ng	NORM
chửi	O
quá	O
nên	O
thôi	O
.	O

Hành	O
cũng	O
lấy	O
vào	O
bát	O
mừn	NORM
r	NORM
mừn	NORM
lựa	O
ra	O

Qua	O
xin	O
bịch	O
về	O
ăn	O
đi	O
m	NORM
"	O

Nghĩ	O
thoáng	O
lên	O
đi,	O
đã	O
chấp	O
nhận	O
vì	O
nhau	O
thì	O
ít	O
cũng	O
đủ	O
mà	O
không	O
vì	O
nhau	O
thì	O
100củ	NORM
cũng	O
méo	NORM
đủ	O
đâu	O

thà	O
ko	NORM
ăn	O
chứ	O
ko	NORM
bới,	O
đảo,lựa	O

Chắc	O
bạn	O
A	O
này	O
kiểu	O
bệnh	O
tâm	O
lý	O
thích	O
tiếp	O
xúc	O
với	O
người	O
có	O
vợ/ny	NORM
ý,	O
kiểu	O
bị	O
bệnh	O
thích	O
cướp	O
của	O
ng	NORM
khác	O

ủa	O
ko	NORM
đc	NORM
ăn	O
ké	O
à	O

tự	O
dưng	O
thấy	O
thất	O
dọng	NORM
dìa	NORM
bản	O
thân	O
qạ	NORM

:)))))))))	O
bạn	O
t	NORM
là	O
bênh	O
t	NORM
100%	O

Ngta	NORM
đang	O
tuổi	O
ăn	O
tuổi	O
chơi	O
tự	O
nhiên	O
bắt	O
làm	O
mẹ	O
=)))	O

nghe	O
chiện	NORM
lẩu	O
bò	O
mà	O
cười	O
mợt	NORM
=))))	O

quý	O
zị	NORM
làm	O
rớt	O
đt	NORM
tui	O
nên	O
chuyển	O
qua	O
đây	O
luôn	O
đi	O

thầy	O
Hà	O
với	O
thầy	O
Huỳnh	O
ắ	NORM

Mấy	O
anh	O
nẹt	O
khúc	O
cổng	O
11	O
làm	O
e	NORM
giật	O
bắn	O
nhảy	O
lên	O
lề	O
luôn	O

Ơ	O
thế	O
ny	NORM
mình	O
giờ	O
chắc	O
đang	O
học	O
cấp	O
1	O
à	O
.	O

Cúng	O
kiếng	O
đầy	O
đủ	O
vào	O
ko	NORM
nó	O
lại	O
vật	O
lên	O
bờ	O
xuống	O
ruộng	O

má	O
ơi,	O
t	NORM
đang	O
tiêu	O
cực,	O
tự	O
diễn	O
drama	O
công	O
ty,	O
bị	O
đồng	O
nghiệp	O
chê,	O
sếp	O
đuổi	O
việc	O
này	O
nọ	O
xong	O
nằm	O
xụi	O
lơ	O
luôn	O

tùng	O
thấy	O
e	NORM
ấy	O
có	O
hợp	O
vs	NORM
ss	O
không	O

cafe	O
chưa	O
đủ	O
nhìu	NORM
nên	O
e	NORM
vẫn	O
thức	O
giờ	O
này	O

Chắc	O
mỗi	O
vck	NORM
tui	O
là	O
vẫn	O
vậy	O

Xét	O
về	O
phần	O
nhìn	O
thì	O
Chipu	O
đúng	O
sáng	O
nhất	O
luôn	O
ấy,	O
dù	O
vóc	O
dáng	O
ko	NORM
phải	O
kiểu	O
siêu	O
mảnh	O
đc	NORM
ưa	O
chuộng	O
như	O
bên	O
Trung	O
nhg	NORM
thấy	O
gương	O
mặt	O
như	O
phát	O
sáng	O
luôn.	O

0	NORM
piếc	NORM
mày	O
đọc	O
chưa	O
-)))	O

nhìn	O
cái	O
đầu	O
giống	O
t	NORM
ghê:))	O

cbi	NORM
dẫn	O
ny	NORM
về	O
ra	O
mắt	O
đấy	O

Xin	O
vai	O
dì	O
ghẻ	O
thâm	O
độk	NORM

mua	O
cái	O
cuộn	O
giấy	O
vs	NORM
viên	O
thuốc	O
kia	O
tặng	O
sn	NORM
c	NORM
Thuỷ	O
đi	O

Đã	O
ngại	O
không	O
muốn	O
gặp	O
ròy	NORM
mà	O
còn	O
đi	O
theo	O
nữa=))	O

anh	O
giả	O
vờ	O
thích	O
ăn	O
bún	O
real	NORM
thôi	O

trong	O
csong	NORM
ai	O
cx	NORM
từng....	O

bình	O
tĩnh	O
nha	O
b	NORM
ơi	O

Đừng	O
bh	NORM
hỏi	O
con	O
gái	O
“em	O
có	O
thích	O
món	O
abcd	O
không?”	O

Già	O
thì	O
ko	NORM
đc	NORM
yêu	O
à	O

mong	O
chị	O
cứ	O
rô	O
phòng	O
vip	O
nằm	O
,	O
có	O
người	O
lạ	O
đến	O
thì	O
chị	O
cứ	O
giả	O
vờ	O
ngơ	O
ngác	O
ko	NORM
biết	O
gì	O

Mong	O
đc	NORM
lương	O
10	O
củ	O
còn	O
ko	NORM
có	O
chỗ	O
nào	O
chứa	O
đây	O

bài	O
cũ	O
rồi	O
thì	O
đào	O
lại	O
cho	O
mới	O
nì	NORM

ngoài	O
màu	O
trắng	O
thì	O
a	NORM
có	O
the	O
mac	NORM
mau	NORM
vang	NORM

Ca	O
sun	O
đét	O
ơi,	O
qua	O
nhà	O
na	O
mun	O
hi	O
nằm	O
bấm	O
dt	NORM
nè	O

đọc	O
tr	NORM
có	O
nvat	NORM
chí	O
hướng	O
là	O
ăn	O
no	O
chờ	O
chết	O
mà	O
vừa	O
buồn	O
cười	O
vừa	O
đồng	O
cảm	O

có	O
mất	O
niềm	O
tin	O
hong	NORM
mà	O
sao	O
mê	O
chơi	O
bia	NORM
đia	NORM
với	O
tui	O
z	NORM

Lưu	O
lại,	O
nào	O
có	O
ngiu	NORM
thì	O
đăng	O

Toi	NORM
đi	O
làm	O
r	NORM
nhưng	O
tuần	O
nào	O
cũng	O
về	O
xin	O
tiền	O

chắc	O
là	O
ko	NORM
chỉ	O
b	NORM
thân	O
t	NORM
đâu	O
nhỉ	O

khai	O
thật	O
đi	O
2	O
khứa	O
kia,	O
có	O
phải	O
m	NORM
nhìn	O
thấy	O
quầy	O
ăn	O
vặt	O
trước	O
không	O
-))))	O

gđ	NORM
này	O
hình	O
như	O
nó	O
có	O
lịch	O
sử	O
cắn	O
đàn	O
kg	NORM
biết	O
đúng	O
sai	O
hay	O
sao	O
vậy?	O

wủy	NORM
nhân	O
phù	O
trợ	O
honk	NORM

Ở	O
vậyyy	NORM
chiu	O
chiu	O
với	O
bố	O
mẹ	O
lúc	O
tuổi	O
già	O
cũng	O
là	O
phương	O
án	O
oke	O
mà:)))	O

Bảo	O
sao	O
trương	NORM
trình	O
phỏng	O
vấn	O
tân	O
sinh	O
viên	O
toàn	O
nghĩ	O
sẽ	O
nhận	O
việc	O
min	O
15tr	O
chứ	O
dưới	O
khỏi	O
làm.	O

lỡ	O
rồi	O
tết	O
k	NORM
còn	O
chịt	O
gà	O
thì	O
nào	O
sao	O
nhờ	O
c	NORM
nhờ	O

Khiếp	O
tr	NORM
ơi	O
gặp	O
con	O
này	O
ngoài	O
đường	O
chắc	O
t	NORM
ngấc	NORM
vì	O
xợ	NORM
mất	O

mình	O
xin	O
cf	O
lại	O
người	O
anh	O
2k1	O
đấy	O
đúng	O
là	O
có	O
thật	O
nhé	O
ạ	O
zàu	NORM
ácf	NORM

xin	O
cái	O
ảnh	O
đó	O
dứi	NORM
mngg	NORM

chinh	NORM
hong	NORM
chinh	NORM
hong	NORM
nạ	NORM

Đéo	O
hiểu	O
s	NORM
vẫn	O
tham	O
gia	O
mấy	O
cái	O
giải	O
này	O
đc	NORM
:)))	O

kẻ	O
dùm	NORM
cái	O
chân	O
mài	NORM
ik	NORM

Năm	O
đấy	O
bên	O
CA	NORM
bọn	O
tôi	O
cũng	O
kiểm	O
kê	O
lại	O
trang	O
bị	O
hết.	O

Ăn	O
thì	O
đau	O
bụng	O
mà	O
k	NORM
ăn	O
thì	O
mẹ	O
đau	O
lòng	O

Quá	O
bình	O
thường	O
luonn	NORM
=))	O

Chòi	NORM
oi	NORM
cứu	O
tui	O
chòi	NORM
oi	NORM

Chắc	O
tưởng	O
đc	NORM
lương	O
10tr	O
dễ	O
lắm	O
ha	O
gì	O
=..=	O
t	NORM
lương	O
8tr	O
nha	O
:)))	O

gòi,	NORM
buổi	O
đi	O
chơi	O
trong	O
im	O
lặng	O
:)))))	O

nhìn	O
là	O
thấy	O
đám	O
não	O
tàn	O
phán	O
xét	O
vì	O
ngoại	O
hình	O
dv	NORM
rồi	O
(((	O

Nhưng	O
mà	O
mink	NORM
hiền	O
thật	O
mà	O

Xing	NORM
lỏi	NORM
mẹ	O
để	O
con	O
đăng	O
tiếp	O

Ko	NORM
ăn	O
thịt	O
1	O
bữa	O
ko	NORM
chết	O
dc	NORM
mà	O

con	O
người	O
có	O
tyeu	NORM
gấp	O
v	NORM
hả	O

tutu	NORM
t	NORM
sẹ	NORM
giại	NORM
thích	O

ủa	O
ròi	NORM
để	O
hình	O
bản	O
thân	O
làm	O
hình	O
nền	O
cũng	O
sỉ	NORM
vả	O
ngta	NORM
đc	NORM
nữa	O
hả	O
mấy	O
má,	O
cái	O
khỉ	O
j	NORM
vậy?	O

Sai	O
r	NORM
nhé	O
em	O
gái,	O
k	NORM
ăn	O
được	O
tốt	O
nhất	O
bỏ	O
qua,	O
mình	O
cũng	O
dị	O
ứng	O
với	O
kiểu	O
bới,	O
chọn	O
miếng	O
ăn	O

Xin	O
rì	O
viu	O
merzy	O
M2	O
ạ	O
btw	O
ai	O
rcm	O
cho	O
mình	O
những	O
màu	O
son	O
hợp	O
da	O
ngăm	O
vứi	NORM
ạ	O

Là	O
tụi	O
mình	O
chứ	O
ai,	O
bởi	O
z	NORM
nên	O
thà	O
khỏi	O
coi	O
coi	O
thể	O
loại	O
khác	O
:)))	O

ý	O
là	O
bé	O
Thu	O
có	O
bị	O
ép	O
kh	NORM
thì	O
ra	O
tín	O
hiệu	O
đi	O
nha	O

R	NORM
mốt	O
sao	O
t	NORM
coi	O
ctr	NORM
1	O
cách	O
bth	NORM
đc	NORM
=)))	O

đtrai	NORM
học	O
giỏi	O
có	O
trách	O
nhiệm	O

K	NORM
biết	O
chữ	O
đui	O
đi	O
thi	O
đh	NORM
lý	O
hoá	O
trắc	O
nghiệm	O
khoanh	O
theo	O
ông	O
nội	O
mách	O
bảo	O
(	O
ông	O
tao	O
xưa	O
giáo	O
viên)	O
2	O
môn	O
11đ	O

nghỉ	O
học	O
thêm	O
1	O
buổi	O
bị	O
gọi	O
ph	NORM

Vô	O
duyên	O
lại	O
nghĩ	O
ng	NORM
ta	O
khó	O
tính	O

Ăn	O
ở	O
nhà	O
mà	O
bới	O
lên	O
thế	O
t	NORM
còn	O
chửi	O
cho	O
chứ	O
đừng	O
bảo	O
đến	O
nhà	O
ny	NORM
ăn	O
con	O
gái	O
con	O
lứa	O
ăn	O
uống	O
ý	O
tứ	O
chứ	O
nhỉ	O
,	O
học	O
ăn	O
học	O
nói	O
học	O
gói	O
học	O
mở	O
,	O
con	O
gái	O
t	NORM
mới	O
4tuổi	O
mà	O
ở	O
nhà	O
mỗi	O
cái	O
chuyện	O
ăn	O
uống	O
t	NORM
nạt	O
cho	O
miếc	NORM
rồi	O
đây	O
,	O
rèn	O
từ	O
bé	O
cho	O
biết	O
chứ	O
k	NORM
phải	O
đến	O
lớn	O
đi	O
viết	O
lên	O
fb	NORM
hỏi	O
vớ	O
vẩn	O
vậy	O
đâu	O

mang	O
ck	NORM
đi	O
làm	O
cùng	O
duoc	NORM
kh	NORM
ạ	O

Chắc	O
tết	O
này	O
ko	NORM
dám	O
về	O
quê	O
nữa	O
đâu?	O

lắc	O
chút	O
nx	NORM
chắc	O
rớt	O
cái	O
đầu	O

Vãi	O
cả	O
ck,	NORM
đúng	O
loại	O
đo	O
lọ	O
nước	O
mắm	O
đếm	O
củ	O
dưa	O
hành	O

cho	O
m	O
đem	O
đi	O
tặng	O
ai	O
đó	O
để	O
bị	O
ải	NORM
chỉa	NORM
suốt	O
đời	O

Nhất	O
định	O
là	O
mở	O
mắt	O
kh	NORM
đúng	O
cách,	O
để	O
mình	O
đi	O
ngủ	O
lại	O
:)))	O

Mong	O
mọi	O
điều	O
tốt	O
đẹp	O
sẽ	O
đến	O
vs	NORM
gia	O
dinh	NORM
c	NORM
J	O

Móa	NORM
game	O
để	O
xả	O
stress	O
mà	O
nó	O
thêm	O
cay	O
cú	O
,đã	O
xóa	O
game	O

pet	O
iu	NORM
dấu	O
của	O
Tuyếtt	O

Luôn	O
bốc	O
phốt	O
vk	NORM
trc	NORM
đám	O
đông	O
,	O
lúc	O
nào	O
cũng	O
như	O
kiểu	O
bị	O
vk	NORM
chèn	O
ép	O
tỏ	O
ra	O
đáng	O
thương	O

Thế	O
ny	NORM
mình	O
đang	O
học	O
lớp	O
9	O
à	O
nghe	O
xong	O
tự	O
tin	O
hẳn	O

hoa	O
thanh	O
quế	O
đi	O
đâu	O
cũng	O
bị	O
ngta	NORM
xa	O
lánh,	O
ko	NORM
dám	O
chơi	O
cùng	O
là	O
hiểu	O
rồi.	O

kẻ	O
mắt	O
trc	NORM
kẻ	O
địch	O
sau	O
=)))	O

coan	NORM
ăn	O
cái	O
đoá	NORM
đoá	NORM

t	NORM
thấy	O
b	NORM
bảo	O
có	O
cái	O
dự	O
án	O
từ	O
hè	O
năm	O
nào	O
chưa	O
thực	O
hiện	O
để	O
t	NORM
góp	O
vốn	O
vào	O
nhở	O
=)))))	O

theo	O
như	O
dự	O
đoán	O
là	O
ny	NORM
bạn	O
đang	O
học	O
lớp	O
7	O

Mừn	NORM
chả	O
nghĩ	O
nhiều	O
thế,	O
chỉ	O
đơn	O
giản	O
là	O
lười	O
thui	NORM

Bắt	O
trend	O
quá	O
trừi	NORM
quá	O
đất	O
ông	O
rồi	O
:)))	O

cãi	O
cha	O
cãi	O
mẹ	O
núi	O
đè	O
thiệt	O
chớ	NORM
:))	O

hồi	O
2006	O
từng	O
đi	O
show	O
gfam	O
1	O
mình,	O
vô	O
đứng	O
ở	O
1	O
góc	O
như	O
kiểu	O
bị	O
kì	O
thị	O
nhớ	O
lại	O
buồn	O
cuoi	NORM
vl	O

pate	O
ngon	O
cho	O
mấy	O
pé	NORM
nè	O

Vô	O
trỏng	O
r	NORM
thì	O
4	O
bể	O
là	O
nhà	O
mà,	O
idol	O
của	O
bạn	O
cũng	O
là	O
idol	O
của	O
tui,	O
bạn	O
mê	O
ảnh	O
y	O
chang	O
tui	O
mê	O
ảnh	O
thôi	O
=))	O

liệu	O
cái	O
thần	O
hồn,	O
cẩn	O
thận	O
toi	NORM
phải	O
đưa	O
chính	O
quyền	O
vào	O
việc	O

Bằng	O
Thạc	O
sĩ	O
Tinder	O
học	O
saoo	NORM

Ngồi	O
học	O
mà	O
cx	NORM
áp	O
lực	O
bởi	O
mấy	O
giọng	O
hát	O
đó	O
nx	NORM

Vậy	O
mà	O
hồi	O
đó	O
viết	O
bài	O
văn	O
trách	O
bé	O
Thu	O
đc	NORM
8	O
điểm	O
gữi,	NORM
xin	O
lỗi	O

Lấy	O
đt	NORM
ra	O
bấm	O
bấm:)	O

gọi	O
mấy	O
thằng	O
nữa	O
sang	O
bem	O
nhau	O
đi	O
e	NORM

dì	O
cf	O
xem	O
đúng	O
hơm	NORM

Con	O
tim	O
toi	NORM
đao	NORM
đớn	O

quả	O
này	O
cả	O
phường	O
cùng	O
vào	O
nghiệp	O
vụ	O
c.h.ế.t	NORM
cmnl	O

Các	O
ce	NORM
xin	O
vai	O
công	O
chúa	O
hết	O
rồi	O
nên	O
cho	O
em	O
vai	O
con	O
gái	O
dì	O
ghẻ	O
cũm	NORM
đượt,	NORM
cuối	O
phim	O
mới	O
khổ	O
chứ	O
nguyên	O
bộ	O
phim	O
vẫn	O
ăn	O
mặc	O
đẹp	O
=))	O

Tủ	O
lạnh	O
nhà	O
t	NORM
cũng	O
đang	O
cũng	O
đang	O
chứa	O
1	O
em	O
như	O
vậy	O
=))	O

Xin	O
lũi	NORM
vì	O
lỡ	O
cười	O

cuối	O
cùng	O
cx	NORM
là	O
bạn	O
thôi	O

đeo	O
cái	O
mắt	O
kính	O
vô	O
rồi	O
nc	NORM

Càng	O
lớn	O
tâm	O
hồn	O
càng	O
lão	O
hóa	O
ngươcj	NORM
mà	O

Công	O
nhận	O
chipu	O
đẹp	O
gheee	NORM

Bọn	O
việt	O
tân	O
lại	O
sủa	O
côg	NORM
an	O
đáh	NORM
dân	O
cho	O
coi	O

như	O
bị	O
điên	O
z	NORM
á	O
trời,	O
nhưng	O
mà	O
nó	O
giúp	O
tui	O
bình	O
tĩnh	O
lại	O
cũng	O
như	O
giảm	O
đi	O
tiêu	O
cực	O
trong	O
tui	O
nên	O
tui	O
không	O
quan	O
tâm	O
nhiều	O
lắm.	O

t	NORM
hiền	O
lắm	O
làm	O
đơn	O
t	NORM
tống	O
cả	O
nhà	O
m	NORM
đi	O
hết	O
mùa	O
xuân	O
rồi	O
về,mất	O
dạy	O
mà	O
còn	O
theo	O
đàn	O
thế	O
này	O

bíc	NORM
z	NORM
hum	NORM
wa	NORM
mua	O
zé	NORM
số	O

c	NORM
e	NORM
ta	O
đầu	O
tư	O
cái	O
này	O
đc	NORM

xã	O
an	O
hồng	O
của	O
tôi	O
đáng	O
sợ	O
thế	O
này,	O
k	NORM
dám	O
về	O
quê	O
nữa	O

hình	O
như	O
là	O
lệch	O
quai	O
hàm	O
r	NORM

mấy	O
anh	O
này	O
câu	O
nhiều	O
cá	O
nè	O
mà	O
hỏg	NORM
thấy	O
cá	O
chà	O
bặc	O

Nhưng	O
mà	O
khoan,	O
team	O
để	O
Chi	O
highnote	O
lun	NORM
hả	O
=)))	O

ny	NORM
m	O
bh	NORM
mới	O
đang	O
học	O
mẫu	O
giáo	O
thôi	O

má	O
y	O
chang	O
z	NORM
tr	NORM

má	O
ghê	O
gớm	O
quá	O
z	NORM

tôi	O
chỉ	O
thấy	O
lạ	O
lòn	NORM
khi	O
yêu	O
cầu	O
công	O
việc	O
thì	O
đơn	O
giản	O
mức	O
lương	O
trả	O
thì	O
tầm	O
trung	O
cho	O
cấp	O
junior	O
mà	O
lúc	O
đến	O
thấy	O
toàn	O
yêu	O
cầu	O
và	O
đòi	O
hỏi	O
cho	O
cấp	O
senior	O
trở	O
lên	O

bên	O
đó	O
cúp	O
điện	O
kh	NORM
iem	NORM

ấm	O
ức	O
đ	NORM
khóc	O
nổi	O
luôn	O
mà	O
:))	O

Qua	O
đường	O
thì	O
t	NORM
cứ	O
bế	O
con	O
lên	O
cho	O
chắc.	O

Nên	O
ngồi	O
trao	O
đổi	O
cùng	O
chồng,	O
nói	O
hết	O
suy	O
nghĩ	O
của	O
mình	O
xem	O
chồng	O
nghĩ	O
gì,	O
các	O
việc	O
em	O
đang	O
làm,	O
cần	O
chồng	O
chia	O
sẻ,	O
hỗ	O
trợ	O
ra	O
sao,	O
gia	O
đình	O
chung,	O
cả	O
2	O
vc	NORM
đều	O
phải	O
cùng	O
lo	O
lắng	O

giống	O
hay	O
nói	O
hỉ	NORM
:)))	O

vk	NORM
có	O
quần	O
jean	O
ko	NORM

bố	O
chỉ	O
cần	O
banking	O
thui	NORM

Cháu	O
râts	NORM
xứng	O
đáng	O
được	O
hưởng	O
như	O
vậy	O

tôi	O
xong	O
r	NORM
đến	O
lượt	O
b	NORM

Hướng	O
nội	O
là	O
đã	O
ko	NORM
trả	O
phải	O
đòi	O
bằng	O
được	O
chứ	O

Trước	O
t	NORM
đọc	O
một	O
bài	O
ở	O
đâu	O
có	O
nói	O
màu	O
đỏ	O
làm	O
bạn	O
nổi	O
bật	O
nhưng	O
cũng	O
làm	O
bạn	O
già	O
đi	O
so	O
với	O
tuổi	O

đừng	O
có	O
dị	NORM
nữa	O
nha	O
chưa	O
:)))	O

đau	O
lắm,	O
cái	O
bất	O
ngờ	O
này	O
hổng	NORM
có	O
zui,	NORM
chỉ	O
nhìn	O
đau	O
thuii	NORM

“Hooman,	O
đó	O
là	O
vấn	O
đề	O
của	O
mài”	NORM

lớp	O
t	NORM
thi	O
tin	O
cuối	O
kì	O
40p,	O
5p	O
thầy	O
chấm	O
bài	O
+	O
vô	O
điểm	O
lớp	O
t	O
46	O
đứa,	O
thầy	O
quá	O
đỉnh	O
=))))	O

Mình	O
ra	O
qân	NORM
lâu	O
nên	O
đợt	O
đấy	O
cũg	NORM
gọi	O
lính	O
xuất	O
ngũ	O
cbị	NORM
theo	O
kiểu	O
quân	O
nhân	O
dự	O
bị	O
(dự	O
bị	O
động	O
viên).	O

Lê	O
Thị	O
Bảo	O
Trân	O
pùn	NORM
trong	O
lòng	O

này	O
thì	O
đêm	O
phia	NORM
rảnh	O
hảng	NORM
sắp	O
đi	O
học	O
lại	O
nhé	O
:))))))	O

Chuẩn	O
bị	O
chào	O
đón	O
iem	NORM
đi	O
:333	O

nghệ	O
s.ỹ	NORM
quảng	O
cáo	O
nữa	O
giờ	O
ai	O
tin	O

ủa	O
lát	O
nữa	O
nè	O
đúng	O
vị	O
trí	O
của	O
mèy	NORM
lung	NORM

đã	O
quê	O
rồi	O
đám	O
bạn	O
còn	O
up	O
lên	O
mxh	NORM
cho	O
chúng	O
cười:))	O

Này	O
thì	O
Sports	O
-	O
Live	O
in	O
peace	O
nàyyyyyy	NORM

hôm	O
bữa	O
đi	O
học	O
ktvm,	O
cây	O
highlight	O
thì	O
đ	NORM
đem	O
mà	O
đem	O
cây	O
eyeliner	O

ui	NORM
đêm	O
dell	NORM
mào	NORM
cx	NORM
mơ	O
mình	O
bị	O
ung	O
thư	O
xog	NORM
khóc	O
lấy	O
khóc	O
để	O
r	NORM
sáng	O
ra	O
cười	O
hớ	O
hớ	O
như	O
con	O
điên	O
=)))	O

A	O
ha	O
ha	O
ha	O
ha,	O
em	O
cám	O
ơn	O
nka	NORM

đúm	NORM
nhận	O
sai	O
đ	NORM
cãi	O

năm	O
nào	O
em	O
cũm	NORM
đi	O
nèk	NORM

tôy	NORM
khi	O
đi	O
làm	O
nhiều	O
lúc	O
nhịn	O
ăng	NORM
trưa	O
luôn	O

cũng	O
mặc	O
nhưng	O
khổ	O
cái	O
không	O
có	O
đuýt	NORM

hồi	O
còn	O
sống	O
t	NORM
cũng	O
hay	O
ăn	O
kiểu	O
này	O
lắm	O
=))	O

nói	O
thiệt	O
mẹ	O
ko	NORM
cho	O
nhiều	O
như	O
bh	NORM

Huhu	O
chúng	O
ta	O
có	O
thể	O
nchuyen	NORM
bth	NORM
đc	NORM
k	NORM
:((	O

Có	O
lên	NORM
thử	O
k	NORM
nhỉ	O
=)))	O

chồng	O
Tôn	O
Lệ,	O
đóng	O
phim	O
Thành	O
Phố	O
Lý	O
Tưởng	O
nè	O
e	NORM

e	NORM
bị	O
vỡ	O
tuyến	O
lệ	O
thôi	O

m	NORM
đấy	O
chứ	O
không	O
ai	O
cả	O
=))))	O

em	O
trai	O
ai	O
đó	O
chê	O
chị	O
ko	NORM
có	O
ngiu	NORM

Bt	NORM
s	NORM
ko	NORM
máy	O
tao	O
cx	NORM
v:))))))))))))))))))	NORM

Phải	O
Học	O
hỏi	O
cho	O
ck	NORM
nó	O
ghen	O
chơi.	O

iem	NORM
nói	O
nà	NORM
chúng	O
mình	O
ctay	NORM
ik	NORM

ngủ	O
với	O
nhau	O
cũng	O
là	O
bn	NORM
ngủ	O
hoi	O

ck	NORM
thành	O
"	O
bạn	O
thân"	O
còn	O
vk	NORM
thì	O
ko	NORM
có	O
xiền	NORM
xài	O
nì	NORM

Xong	O
lại	O
quỳ	O
lậy	NORM
ngta	NORM
thôi	O

chắc	O
pajir	NORM
làm	O
thế	O
thuiii	NORM

Mình	O
thấy	O
bthuong,	NORM
đám	O
hỏi	O
mình	O
cũng	O
k	NORM
tbao	NORM
cho	O
bạn	O
bè	O
đâu,	O
chỉ	O
có	O
họ	O
hàng	O
và	O
hàng	O
xóm	O
thân	O
thiết,	O
cưới	O
mới	O
mời	O
đồng	O
loạt	O
b	NORM
ạ,	O
nh	NORM
khi	O
cũng	O
muốn	O
tạo	O
bất	O
ngờ	O
nữa	O
đừng	O
nghĩ	O
nhiều	O
quá	O

Chứ	O
ck	NORM
t	NORM
từ	O
tn	O
giờ	O
như	O
con	O
cá	O
chỏng	O
,	O
t	NORM
thì	O
nở	O
nang	O
về	O
chiều	O
ngang	O

đánh	O
cái	O
nền	O
cho	O
tôi	O
xuất	O
con	O
mẹ	O
nó	O
sắc	O
luân,	NORM
mãi	O
iu	NORM
con	O
vợ	O

giả	O
sử	O
nếu	O
ko	NORM
có	O
máy	O
xay	O

găp	NORM
cả	O
miếng	O
rùi	NORM
tách	O
mỡ	O
vứt	O
gọn	O
1	O
góc	O
mâm	O
ấy	O

Tù	NORM
ngày	O
mèo	O
nhà	O
tôi	O
vục	O
mặt	O
uống	O
nc	NORM
bồn	O
tè	O
thì	O
hết	O
dám	O
thả	O

cbi	NORM
tâm	O
lí	O
chưa	O
bà	O
chủ	O

Sức	O
khoẻ	O
có	O
là	O
gì	O
khi	O
có	O
con	O
cèo	NORM
=)))	O

Mấy	O
hôm	O
nữa	O
sn	NORM
em	O

chế	NORM
nhân	O
ziên	NORM
số	O
hưỡng	NORM

Thứ	O
t	NORM
cần	O
là	O
măng	O
cụt	O
chín	O
thôi	O

Chắc	O
ny	NORM
em	O
đang	O
học	O
mẫu	O
giáo	O
ròi	NORM

mua	O
về	O
c	NORM
vs	NORM
e	NORM
dọc	NORM
kk	O

E	NORM
chúc	O
quán	O
của	O
ac	NORM
buôn	O
may	O
bán	O
đắt	O
nha	O
và	O
chúc	O
c	NORM
nhiều	O
sk	NORM
ạ.	O

nhìn	O
cái	O
bt	NORM
trường	O
nào	O
liền	O

chắc	O
là	O
chị	O
phải	O
kh:)	NORM

Míe,	NORM
tự	O
dưng	O
tao	O
nghĩ	O
tới	O
mài	NORM
á	O
=)))	O

7	O
hằng	O
đăngt	NORM
thức	O
đáng	O
nhớ	O
nhg	NORM
dễ	O
quên	O

T	NORM
vẫn	O
uống	O
sữa	O
ăn	O
kẹo	O
của	O
con	O
hàng	O
ngày,	O
thậm	O
chí	O
nó	O
còn	O
k	NORM
dám	O
nhờ	O
t	NORM
bóc	O
kẹo	O
luôn	O
ấy	O
chứ	O

tui	O
thì	O
dễ	O
ăn	O
dễ	O
nuôi	O
lắm	O
nhưng	O
hổng	NORM
có	O
ny,	NORM
26	O
năm	O
cuộc	O
đời	O
theo	O
ai	O
cũng	O
bị	O
đuổi	O
ó	NORM

trc	NORM
t	NORM
đang	O
lặn	O
ở	O
hồ	O
đó	O
thì	O
thấy	O
2	O
ba	O
má	O
đá	O
lưỡi	O
nhau	O
xong	O
ớn	O
tới	O
h	NORM

Quân	O
ni	NORM
là	O
bị	O
dọa:	O
Bứt	O
xoài	O
là	O
báo	O
phụ	O
huynh,	O
ông	O
bảo	O
vệ	O
nhốt	O
vô	O
phòng	O
bảo	O
vệ,	O
phạt	O
dưới	O
cờ	O

:)))	O
cấp	O
3	O
tui	O
còn	O
có	O
ông	O
thầy	O
thực	O
tập	O
môn	O
thể	O
dục	O
cũng	O
bá	O
dơ	O
v	NORM
nè,	O
ko	NORM
biết	O
có	O
gạ	O
ko,	NORM
nhưng	O
lúc	O
đi	O
họp	O
lớp	O
thằng	O
chả	O
kể	O
lúc	O
prom	O
cuối	O
năm	O
ăn	O
đc	NORM
con	O
nhỏ	O
bạn	O
cùng	O
lớp	O
t	NORM
:)))	O

bị	O
thao	O
túng	O
bấy	O
lâu	O
k	NORM
bíc	NORM

Không	O
biết	O
có	O
ny	NORM
chưa	O

có	O
kh	NORM
trân	O
trọng	O
mất	O
đừng	O
hy	O
vọng	O
tôi	O
gửi	O

Chủ	O
nhật	O
đó	O
mn	NORM
tỉnh	O
táo	O
lên	O

hay	O
khi	O
nào	O
về	O
nước,	O
ce	NORM
mk	NORM
cũng	O
mua	O
tặng	O
cho	O
mỗi	O
bà	O
1	O
cái	O

Cảnh	O
điềm	O
và	O
Tưởng	O
Hân	O
đẹp	O
quá	O
trời	O
lun	NORM

em	O
cũng	O
từng	O
mất	O
mát	O
nhiều	O
nhưng	O
chẳng	O
dám	O
chia	O
sẻ	O
với	O
gđ,	NORM
đọc	O
cái	O
này	O
tự	O
dưng	O
nghĩ	O
tới	O
bản	O
thân	O
rồi	O
gia	O
đình	O
xong	O
tự	O
nhiên	O
nửa	O
đêm	O
nằm	O
chảy	O
nước	O
mắt	O
luôn.	O

C-có	NORM
thật	O
là	O
phải	O
dùng	O
trick	O
dùng	O
tut	O
dùng	O
mẹo	O
để	O
tìm	O
hồng	O
nhan	O
trên	O
tinder	O
z	NORM
hong,	NORM
chúng	O
ta	O
có	O
thể	O
để	O
hình	O
con	O
chó	O
cute	O
và	O
caption	O
"xương	O
em	O
nhìu	O
lắm"	O
và	O
match	O
với	O
1	O
đồng	O
bạn	O
hình	O
con	O
mèo	O
cuti	O
c-cx	NORM
dc	NORM
mà	O

Thôi	O
mình	O
cầm	O
băng	O
đóng	O
nhao	NORM
di	NORM

quên	O
luôn	O
đi	O
cx	NORM
đc	NORM

hic	O
hic	O
mời	O
anh	O
rể	O
chất	O
lượng	O
quo	NORM
:)))	O

Nên	O
là	O
t	NORM
toàn	O
chuyển	O
khoản.	O

triển	O
a	NORM
e	NORM
thấy	O
bác	O
có	O
cây	O
sai	O
lắm	O

Thì	O
cx	NORM
là	O
tao	O
đó	O
thôi....	O

mẹ	O
b	NORM
có	O
vầy	O
khum	NORM

Mập	O
mờ	O
thì	O
nhiều	O
người	O
cùng	O
zui	NORM

cod	NORM
thiệt	O
là	O
nv	O
ko;))	NORM

Ae	NORM
mình	O
làm	O
bữa	O
các	O
anh	O
nhó.	NORM

Zậy	NORM
chắc	O
nhát	O
đó	O
chứ	O
hướng	O
nội	O
zì:)	NORM

ko	NORM
rõ	O
kết	O
luận	O
của	O
thí	O
nghiệm	O
này	O

Ella	O
đẹp	O
xuất	O
sắc	O
nhò	NORM

Dễ	O
thương	O
quá	O
dị	NORM
tarrrr	NORM

Hốt	O
lại	O
vẫn	O
ăn	O
dc	NORM

thích	O
t	NORM
làm	O
cho	O
1	O
file	O

O	NORM
nước	O
ngoài	O
người	O
ta	O
tịch	NORM
cực	O
su	NORM
dụng	O
hàng	O
tái	O
chế	O

thề	O
c	NORM
nghĩ	O
đến	O
e	NORM
liền	O

T	NORM
sợ	O
nhất	O
cảnh	O
này	O

đưa	O
profile	O
đây	O
t	NORM
quét	O
dùm	O

Trường	O
tui	O
nha	O
quý	O
dzị	NORM

nhìn	O
e	NORM
chạy	O
3000m	O
sau	O
mà	O
rớt	O
nước	O
mắt	O
khi	O
đạt	O
đc	NORM
hcv.	O

:>	O
í	O
đún	NORM
quá	O
nè	O

t	NORM
cũm	NORM
thích	O
cam	O
chanh	O
nma	NORM
ghét	O
kẹo	O
vị	O
dứa	O
zlll	O

Có	O
phải	O
con	O
cá	O
heo	O
này	O
đi	O
hiến	O
máu	O
đc	NORM
tặng	O
hog	NORM
a,	NORM
chỗ	O
e	NORM
đc	NORM
tặng	O
con	O
y	O
chang	O

Tim	O
iem	NORM
nhiều	O
ngăn,	O
thích	O
ai	O
cũm	NORM
được,	O
miễn	O
là	O
thậc	NORM
lòng	O

Tại	O
nó	O
ngon	O
đồ	O
ăn	O
của	O
bọn	O
con	O
nít	O
nó	O
cứ	O
hấp	O
dẫn	O
kiểu	O
j	NORM
á	O
:))	O

Chú	O
đừng	O
có	O
dễ	O
thưn	NORM
dị	NORM
nữa	O
ạ.	O

Gà	O
mà	O
tuyệt	O
chủng	O
thì	O
ko	NORM
biết	O
con	O
gì	O
tồn	O
tại	O
nổi	O

m	NORM
về	O
đi	O
để	O
t	NORM
sang	O
nhà	O

Lấy	O
vk	NORM
6	O
tháng	O
tăng	O
nhẹ	O
10kg	O
nè	O
:))))	O
sợ	O
quá	O

Chạy	O
xe	O
nv	NORM
thôi	O
án	O
18	O
tháng	O
tù	O
hỏi	O
chấm	O

gảnk	NORM
gỗi	NORM
quá	O
thì	O
làm	O
phiền	O
nhau	O
cho	O
bận	O
nè	O

Không	O
biết	O
cách	O
thể	O
hiện	O
ra	O
thoi	NORM
chứ	O
cũng	O
qtam	NORM
mà	O

mik	NORM
khuyên	O
b	NORM
thật	O
lòng	O

Thế	O
là	O
e	NORM
ấy	O
gửi	O
voice	O
message.	O

lần	O
sau	O
ktra	NORM
nạp	O
vậy	O
cho	O
nhanh	O
nhe	O

mình	O
biết	O
nhưng	O
chính	O
mình	O
k	NORM
làm	O
đượtttt	NORM

cs	NORM
muôn	O
màu	O
muôn	O
zẻ	NORM

nín	O
k	NORM
tao	O
cho	O
ăn	O
biên	O
bản	O

c-cin	NORM
lỗy	NORM
tôi	O
0	NORM
cố	O
ý	O

Chung	O
thuỷ	O
với	O
13	O
anh	O
ck	NORM

tiểu	O
học	O
chưa	O
biết	O
ăn	O
chua	O
má	O
êi..	NORM

khi	O
nào	O
chiếu	O
nhể	NORM
tui	O
còn	O
ra	O
rạp	O
nào	O
kaka	O

T	NORM
có	O
6tr	O
tháng	O
thì	O
làm	O
ntn	O

Lên	O
tiktok	O
thì	O
đạo	O
lý	O
quan	O
trọng	O
tụi	O
m	NORM
có	O
làm	O
được	O
hay	O
không	O
thôi	O

k	NORM
ăn	O
dc	NORM
mà	O
cứ	O
bới	O
bới	O
thì	O
zô	NORM
zuyn	NORM
là	O
đúng	O
r=))	NORM

Nết	O
con	O
kì	O
nên	O
con	O
chưa	O
chửi	O
ngta	NORM
là	O
hên	O
lắm	O
r	NORM

có	O
chức	O
vụ	O
mà	O
k	NORM
làm	O
gương	O
cũng	O
v	NORM
th	NORM
má	O
ơi	O

Làm	O
vậy	O
sống	O
có	O
được	O
khummm	NORM

về	O
đây	O
Anh	O
Lo	O
pé	NORM
oy	NORM

lạc	O
quan,	O
iu	NORM
đời	O
nha	O
bé	O

cx	NORM
bùn	NORM
mà	O
hoi	NORM
kệ	O
:>	O

điểm	O
cho	O
visual	O
của	O
Chipu	O
luônnnn	NORM

giả	O
dụ	O
mình	O
hỏng	NORM
lười	O
thì	O
mấy	O
cái	O
đó	O
đời	O
cũng	O
khom	NORM
cho	O
mình	O
=)))))	O

Thái	O
đỏ	O
for	O
t	NORM
và	O
m	NORM

đi	O
biểu	O
diễn	O
hồi	O
nào	O
zay	NORM

hay	O
không	O
bằng	O
hên	O
àh	NORM
tác	O
giả...	O

2vc,	NORM
3	O
đứa	O
con,	O
cp	NORM
mỗi	O
tháng	O
tầm	O
30-40tr	O

ny	NORM
t	NORM
đang	O
học	O
lp	NORM
5,	O
đang	O
mải	O
ôn	O
thi	O
lên	O
c2	O
nên	O
chưa	O
tìm	O
thấy	O
t	NORM

ê	O
ngon	O
quá	O
nè	O
chài	NORM

thật	O
ra	O
đó	O
là	O
bạn	O
em	O
mong	O
mn	NORM
hãy	O
cho	O
vụ	O
này	O
lắn	NORM
xuống	O
ạ	O

Hông	NORM
thấy	O
tin	O
nhắn	O
nữa	O
là	O
hiểu	O

đã	O
cần	O
tiền	O
,	O
ko	NORM
có	O
tài	O
sản	O
thế	O
chấp	O
cầm	O
cố,	O
vay	O
ko	NORM
được	O
nơi	O
nào	O
khác,	O
kể	O
cả	O
gia	O
đình	O
dòng	O
họ	O
cũng	O
ko	NORM
cho	O
mượn	O

hèn	O
gì	O
thg	NORM
kia	O
nó	O
đi	O
tắm	O
tới	O
4	O
năm	O

Ad	O
có	O
dẫn	O
theo	O
bạn	O
trai	O
khum	NORM
mà	O
đòi	O
riêng4	NORM

Ôg	NORM
cubgx	NORM
tranh	O
vs	NORM
con	O
ôg	NORM
còn	O
gì	O
:))))	O

nhỏ	O
giờ	O
khum	NORM
sao,	O
kể	O
từ	O
ngày	O
bị	O
suyễn	O
là	O
buổi	O
tối	O
mà	O
đi	O
đêm	O
lạnh	O
lạnh	O
tầm	O
8h30	O
9h	O
là	O
bắt	O
đầu	O
thở	O
khò	O
khè,	O
hôm	O
nào	O
yếu	O
yếu	O
ăn	O
bò	O
cua	O
tôm	O
gà	O
vịt	O
là	O
lên	O
cơn	O
suyễn	O
hết	O
thở	O
lun	NORM
=))	O

:))	O
may	O
ae	NORM
chưa	O
báo	O
nhao	NORM
phát	O
nèo	NORM

hình	O
như	O
ai	O
lấy	O
vk	NORM
xog	NORM
cx	NORM
thế	O
nhờ	O

uầy	O
có	O
khi	O
ny	NORM
mình	O
chuẩn	O
bị	O
lên	O
12	O

Cứ	O
vô	O
mùa	O
này	O
gd	NORM
nhà	O
gà	O
ai	O
củng	NORM
buồn	O

Mình	O
còn	O
chưa	O
đc	NORM
10tr	O
thì	O
sao	O
dám	O
lấy	O
vợ	O

hào	O
quang	O
rực	O
rỡ	O
mấy	O
ai	O
hỉuu	NORM

Ê	O
nó	O
mà	O
cát	O
tóc	O
ngắn	O
cỡ	O
m	NORM
mà	O
nói	O
đó	O
là	O
m	NORM
t	NORM
cũng	O
tin	O
ó	NORM

Thoi	NORM
ăn	O
mình	O
ên	O
đi	O
má	O
ai	O
rảnh	O
đâu	O
mua	O

tôi	O
lấy	O
moẹ	NORM
cái	O
cờ	O
đỏ	O
ấy	O
để	O
xem	O
nó	O
đỏ	O
đến	O
mức	O
nào	O

lần	O
này	O
ko	NORM
có	O
nsfw	NORM

Muốn	O
thử	O
các	O
b	NORM
êiiii	NORM

lạng	O
giang	O
mãi	O
đỉnh	O
a	NORM
nhỉ	O

bữa	O
nào	O
chị	O
cũng	O
bỏ	O
tủ	O
để	O
dành	O
chờ	O
eim	NORM
nhe	O

chào	O
mừng	O
b	NORM
đến	O
với	O
bình	O
nguyên	O
câm	O
lặng	O

Cho	O
e	NORM
hỏi	O
Thành	O
Đô	O
là	O
thủ	O
phủ	O
của	O
zai	NORM
đẹp	O
đúng	O
ko	NORM
các	O
bác	O

thì	O
hèng	NORM
mới	O
sống	O
lâu	O
được:))	O

May	O
ghê	O
t	NORM
hướng	O
nội	O
nhưng	O
k	NORM
có	O
tiền	O
cho	O
ng	NORM
ta	O
vay	O

Mua	O
áo	O
điều	O
hoà	O
đi	O
các	O
b	NORM
oi	NORM

Chồng	O
teo	NORM
thà	O
mất	O
tiền	O
chứ	O
nhất	O
quyết	O
kg	NORM
bao	O
giờ	O
chịu	O
đòi.	O

đang	O
dọng	O
cốc	O
trà	O
sữa	O
nhai	O
bánh	O
tráng	O
trộn	O
cái	O
học	O
trò	O
hỏi	O
"He	O
don't	O
"	O
đúng	O
ko	NORM
cô?	O

đi	O
nữa	O
hum	NORM
a	NORM
zaiiii	NORM
của	O
em	O

Dành	O
tất	O
cả	O
mồ	O
hôi	O
côg	NORM
sức	O
vì	O
đất	O
nước	O

Má	O
nào	O
giao	O
cho	O
CP	O
highnote	O
z	NORM
trùi	NORM

e	NORM
xứng	O
đáng	O
đc	NORM
hưởng	O

Xin	O
vai	O
mụ	O
phù	O
thủy	O
xanh	O
lè	O
cầm	O
cây	O
chổi	O
pay	NORM
đi	O
giải	O
cứu	O
anh	O
chàng	O
đẹp	O
trai	O
bị	O
yêu	O
quái	O
bắt	O
sau	O
đó	O
có	O
được	O
tình	O
cảm	O
của	O
anh	O
đẹp	O
trai	O
thế	O
là	O
lời	O
nguyền	O
biến	O
thành	O
mụ	O
phù	O
thủy	O
bị	O
xóa	O
bỏ.	O

Mấy	O
má	O
làm	O
như	O
tiền	O
ta	O
để	O
sẵn	O
cho	O
mấy	O
má	O
nhảy	O
dô	NORM
muốn	O
lấy	O
là	O
lấy	O
dị	NORM
ó.	NORM

2	O
cốc	O
k	NORM
ăn	O
thua	O
:)))	O

m	NORM
có	O
muốn	O
nói	O
điều	O
gì	O
đó	O
không	O
?	O

hqua	NORM
vừa	O
nhắc	O
đến	O
Minh	O
Đạo	O
xong	O

gửi	O
ké	O
bạn	O
nầy	NORM
ở	O
đây	O
chút	O
học	O
xong	O
quay	O
lợi	NORM
đọc	O

ê	O
má	O
y	O
chan	NORM
=))))))	O

tự	O
nhiên	O
t	NORM
nhớ	O
tới	O
m	NORM
:))	O

Ở	O
nhà	O
t	NORM
là:	O
mẹ	O
chồng	O
ăn	O
nạc	O
gỡ	O
mỡ	O
gắp	O
cho	O
bố	O
chồng,	O
và	O
t	NORM
thì	O
gỡ	O
mỡ	O
gắp	O
cho	O
chồng	O

Mai	O
zìa	NORM
quê	O
trộm	O
con	O
gà	O
đú	O
trend	O
mới	O
được	O

đi	O
hăm	NORM
tui	O
ún	NORM
sữa	O
đặc	O
r	NORM
mays	NORM
bà	O
ngồi	O
đợi	O
nha	O

Mấy	O
đám	O
yêu	O
nước	O
ko	NORM
có	O
lý	O
trí	O
đi	O
đập	O
phá	O
các	O
cty	NORM
Vn	NORM
có	O
liên	O
kết	O
với	O
trung	O
quốc	O
mà	O
ko	NORM
chịu	O
suy	O
nghĩ.	O

nó	O
cap	O
hết	O
mh	NORM
mỗi	O
lần	O
mình	O
nói	O
từ	O
"hứa"	O

Mắc	O
gì	O
gần	O
đi	O
ngủ	O
còn	O
đọc	O
đc	NORM
cái	O
này	O

Bên	O
ngoại	O
t	NORM
còn	O
một	O
bà	O
chị	O
hơn	O
30	O
cơ	O
mà	O

sao	O
giống	O
quá	O
dị	NORM
nè	O

15p	O
đã	O
là	O
j	NORM
t	NORM
khóc	O
2	O
tiếng	O

chắc	O
dài	NORM
bửa	NORM
cx	NORM
z	NORM

Chắc	O
chắn	O
là	O
r	NORM
:)))	O

hai	O
chỗ	O
để	O
rác	O
liềng	NORM
nhoa	NORM
^^	O

Hồi	O
trẻ	O
ko	NORM
bị	O
viêm	O
da	O
dị	O
ứng	O
thời	O
tiết,	O
cũng	O
ko	NORM
dị	O
ứng	O
hải	O
sản	O

mình	O
mình	O
ticketing	O
đc	NORM
thì	O
đi	O
1	O
mình	O
chứ	O
còn	O
gì	O

nhưng	O
t	NORM
thấy	O
số	O
lượng	O
đó	O
nhiều	O
thật,	O
yêu	O
bản	O
thân	O
thì	O
tốt,	O
nhưng	O
quá	O
sẽ	O
thành	O
ích	O
kỉ,	O
ái	O
kỉ	O

Mong	O
là	O
pháp	O
luật	O
sẽ	O
sử	NORM
lý	O
nghiêm	O
minh	O

Thấy	O
bàn	O
nào	O
còn	O
thiếu	O
thì	O
tấp	O
vào	O
thoaii	NORM

vc	NORM
tôi	O
đi	O
làm	O
vì	O
đam	O
mê	O

cty	NORM
mk	NORM
tên	O
gì	O
để	O
em	O
ghi	O
lên	O
hồ	O
sơ	O
công	O
chứng	O
với	O
chị	O

lớp	O
e	NORM
cũg	NORM
chơi	O
bộ	O
giống	O
v	NORM
ne	NORM

t	NORM
ko	NORM
tửn	NORM
tựn,	NORM
t	NORM
kiếm	O
phim	O
ngược	O
hay	O
nhạc	O
buồn	O
xong	O
ngồi	O
khox	NORM
tu	O
tu	O
luôn	O
:))))	O

Mới	O
zô	NORM
ca	O
mà	O
t	NORM
mệt	O
lun	NORM
á	O

ước	O
gì	O
đc	O
hỏi	O
z	NORM
lun	NORM
đó	O

Ngoo	NORM
see	NORM
hưởng	O
tide	NORM
pink	NORM

Mua	O
C4G	O
chắc	O
là	O
vừa	O
có	O
tiền	O
vừa	O
có	O
quyền	O
ròi	NORM

Họ	O
giận	O
là	O
bựa	NORM
sau	O
họ	O
không	O
thèm	O
mượn	O
nữa	O
đó	O

Phải	O
dành	O
tg	NORM
qua	O
Thành	O
Đô	O
một	O
chuyến	O
mới	O
được	O

tự	O
nhiên	O
đọc	O
bài	O
ni	NORM
cái	O
t	NORM
nhớ	O
đến	O
m	NORM
ak	NORM

đánh	O
đổi	O
cả	O
tính	O
mạng	O
con	O
nguoi	NORM
giành	O
lấy	O
vinh	O
quang	O
cho	O
tổ	O
quốc	O
.	O

khóc	O
vì	O
những	O
việc	O
lặt	O
vặt	O
có	O
thật	O
trong	O
cuộc	O
đời	O
mình	O
thì	O
tự	O
thấy	O
ko	NORM
đáng	O
nhưng	O
tô	O
vẽ	O
thêm	O
ra	O
để	O
lấy	O
cớ	O
khóc	O
tự	O
giải	O
toả	O
thì	O
hợp	O
lý	O
mà	O
:)))	O

Sắp	O
sinh	O
nhật	O
mình,	O
các	O
b	NORM
trả	O
nợ	O
mình	O
là	O
vui	O
lắm	O
r	NORM

bánh	O
tráng	O
ngon	O
ở	O
đây	O
neeee	NORM

Mừng	O
cho	O
e	NORM
vất	O
vả	O
với	O
những	O
cống	O
hiến	O
cho	O
nước	O
nhà	O

Làm	O
ơn	O
để	O
cho	O
tui	O
ăn	O
trái	O
khi	O
chín	O
với	O
đc	NORM
ko	NORM

đi	O
câu	O
ké	O
chít	NORM
xì	O
ke	O
uống	O
cô	O
coa	O
cô	O
loa	O

T	NORM
muốn	O
đi	O
cc	O
một	O
mình	O
lắm	O
mà	O
t	NORM
ngại	O
chuyện	O
gửi	O
xe	O
ra	O
lấy	O
xe	O
vô,	O
(tại	O
t	NORM
tệ	O
dzụ	NORM
dắt	O
xe	O
lắm,	O
thường	O
chỗ	O
khó	O
t	NORM
với	O
bạn	O
t	NORM
hợp	O
sức	O
mới	O
được)	O
rồi	O
chỗ	O
đông	O
người	O
thì	O
nếu	O
sợ	O
xảy	O
ra	O
chuyện	O
gì	O
thì	O
mình	O
không	O
xoay	O
sở	NORM
kịp	O

em	O
thấy	O
n	NORM
cứ	O
bi	NORM
đúng	O
s	NORM
ý	O

ra	O
đếi	NORM
mà	O
sống	O
đê	NORM
bn	NORM

Chúc	O
e	NORM
và	O
gd	NORM
thật	O
nhiều	O
sức	O
khoẻ.	O

Chúng	O
toi	NORM
dành	NORM
nhau	O
trả	O

Đỡ	O
cực	O
gv	NORM
nma	NORM
học	O
sinh	O
tô	O
cx	NORM
khó	O
hơn	O
xí	NORM

Ở	O
nhà	O
mà	O
vậy	O
còn	O
bị	O
chửi	O
chứ	O
huống	O
gì	O
nhà	O
ny	NORM
,	O
với	O
cả	O
ông	O
kia	O
cũng	O
chẳng	O
tâm	O
lí	O
để	O
ý	O
tới	O
ny	NORM
gì	O

đọc	O
truyện	O
kinh	O
dị	O
khum	NORM
cị:))	NORM

kiểu	O
ni	NORM
thì	O
ra	O
mà	O
về	O
luôn	O
đi	O
chứ	O
cưới	O
gì	O
nữa	O

má	O
xoay	O
xog	NORM
tiền	O
đình	O
luôn	O
=)))	O

Tôi	O
béo	O
nên	O
toàn	O
mặc	O
màu	O
tối,	O
còn	O
hấp	O
nhiệt	O
hay	O
k	NORM
t	NORM
keme	O

tổ	O
chức	O
snhat	NORM
cho	O
em	O
Chin	O
chưa	O

cừi	NORM
chung	O
cho	O
zui	NORM
nè	O

hèn	O
mà	O
nên	O
quen	O
z	NORM
rồi	O

tớ	O
với	O
cậu	O
sắp	O
có	O
ảnh	O
couple	O
như	O
gòi	NORM

Nhìn	O
chú	O
tài	O
xế	O
hỏn	NORM
lọn	NORM

chả	O
bù	O
cho	O
thằng	O
con	O
zai	NORM
nhà	O
này!	O

Hạnh	O
phúc	O
đến	O
phát	O
khok	NORM

Đủ	O
ý	O
nhưng	O
câu	O
chữ	O
k	NORM
đúng	O
thầy	O
toàn	O
cho	O
5-6	O

Hjc	O
ai	O
cần	O
gia	O
sư	O
mà	O
diệt	O
fò	NORM
giỏi	O
hơn	O
dạy	O
học	O
thì	O
gọi	O
mình	O
nhé	O

chán	O
đây	O
còn	O
cho	O
ng	NORM
lạ	O
:))	O

nào	O
qua	O
rủ	O
tui	O
đi	O
mát	O
xa	O
dới	NORM

Mới	O
cầm	O
đt	NORM
lên	O
rớt	O
là	O
dọn	O
qua	O
đây	O
liền	O

trên	O
tình	O
bạn	O
dưới	O
tình	O
yêu,	O
nhớ	O
câu	O
chiện	NORM
hòi	NORM
xửa	O
hòi	NORM
xưa	O
hông	NORM

Chứ	O
k	NORM
phải	O
là	O
"T	NORM
k	NORM
có	O
ý	O
gì	O
đâu	O
nhưng	O
mà....."	O
à	O
:)))	O

Có	O
ai	O
cảm	O
giác	O
sáng	O
sớm	O
quá	O
nhìn	O
cái	O
gì	O
cũng	O
ngán	O
mà	O
k	NORM
muốn	O
ăn	O
ko.	NORM

Vẫn	O
k	NORM
ăn	O
được	O
gỏi	O
gà	O
xoài	O
keo	O
đâu	O
:)))	O

Kêu	O
kimbap	O
quài	NORM
đi	O
cho	O
t,	NORM
t	NORM
ghiền	O
kimbap	O
lắm	O

Còn	O
ko	NORM
cho	O
nhân	O
viên	O
nghỉ	O
ngơi	O

:)))))))))	O
dzô	NORM
tâm	O
hùi	NORM
nào	O
chời	NORM

Làm	O
bằng	O
pp	NORM
nào	O
nữa	O
bạn.	O

Mấy	O
bàn	O
dìa	NORM
quơ	NORM
mình	O
dẫn	O
đi	O
Bóp	O
Díu	O
=)))	O

Cho	O
mình	O
xin	O
tên	O
nhạc	O
vs	NORM
mn	NORM
ơi	O

thiệt	O
tình	O
10	O
triệu	O
ko	NORM
nuôi	O
nổi	O
1	O
đứa	O
con	O
,	O
tiền	O
sữa,	O
tiền	O
ăn	O
tiền	O
trường	O
,	O
tiền	O
học	O
thêm	O
toán,	O
anh	O
văn	O
.....	O

Nhan	O
sắc	O
bẻ	O
cong	O
cái	O
giới	O
tính	O
em	O
rồu	NORM
chị	O
ơi	O
:)))	O

trường	O
mình	O
dùng	O
phiếu	O
trắc	O
nghiệm	O
riênh	NORM
xong	O
dùng	O
máy	O
quét	O
chứ	O
khum	NORM
chụp	O
tay	O
như	O
này	O

nhìn	O
người	O
ta	O
hp	NORM
chịu	O
khum	NORM
đc	NORM

đừng	O
dùng	O
nx	NORM
bn	NORM
ơi:))	O

B	NORM
nói	O
như	O
kiểu	O
b	NORM
gánh	O
vác	O
cả	O
gia	O
đình	O
chồng	O
b	NORM
vô	O
hình	O
ấy	O

mình	O
chả	O
biết	O
phải	O
làm	O
gì	O
trong	O
trường	O
hợp	O
này	O
ngoài	O
đổ	O
lên	O
đầu	O
chồng	O
cả,	O
công	O
nhận	O
bạn	O
cứng	O
và	O
lúy	NORM
trúy	NORM
thật	O
ý	O

Bọn	O
có	O
ny	NORM
khéo	O
tối	O
chỉ	O
đc	NORM
ngủ	O
4	O
tiếng	O

Tức	O
là	O
thấy	O
hứng	O
thú	O
với	O
người	O
khác	O
đây	O
mà	O
ngộ	O
gê	NORM

Mình	O
k	NORM
có	O
nhiều	O
để	O
cho	O
vay	O
nhiều	O

vk	NORM
bạn	O
rất	O
giỏi	O
trong	O
khoản	O
chăn	O
nuôi	O
“lợn”	O
=))))))	O

Chiếc	O
xe	O
ben	O
có	O
bị	O
j	NORM
ko	NORM
ta	O
))	O

May	O
là	O
xe	O
máy	O
chứ	O
oto	NORM
đi	O
trước	O
thì	O
cụ	O
đi	O

tui	O
xin	O
địa	O
điểm	O
chổ	NORM
này	O
ik	NORM

hình	O
ảnh	O
của	O
cta	NORM
khi	O
đi	O
lm	NORM

k	NORM
có	O
được	O
bỏ	O
mứa	O
tình	O
iu	NORM
đó	O
nha	O

Làm	O
cha	O
mẹ	O
hãnh	O
diện	O
lắm	O
phải	O
k	NORM
bác	O

Một	O
hình	O
thức	O
thông	O
báo	O
trịnh	O
trọng	O
rằng:	O
hiện	O
nay	O
em	O
độc	O
thân	O
ko	NORM
vướng	O
bận	O
con	O
cái	O

3	O
miếng	O
thịt	O
cũng	O
k	NORM
bổ	O
béo	O
vào	O
đâu	O
lại	O
còn	O
bị	O
mang	O
tiếng	O
vô	O
duyên	O

Quá	O
xứng	O
đáng	O
cho	O
những	O
gì	O
e	NORM
đã	O
cống	O
hiến	O
cho	O
nước	O
nhà.	O

rồi	O
cho	O
xin	O
vid	O
agust	O
d	O
nhoé=)))	NORM

Đọc	O
bài	O
này	O
thay	O
đổi	O
góc	O
nhìn	O
về	O
show	O
luôn	O
ó	NORM

Đang	O
nói	O
t	NORM
đây	O
mà	O

bạn	O
hiểu	O
ý	O
toai	NORM
chứ	O

Nếu	O
như	O
t	NORM
về	O
sau	O
bị	O
dính	O
thì	O
tìm	O
cách	O
đi	O
trước	O
mới	O
được	O

s	NORM
bằng	O
con	O
e	NORM
mìn,	NORM
mới	O
đẻ	O
đc	NORM
1-2	O
ngày	O
tự	O
lấy	O
xe	O
đi	O
làm	O
tới	O
tháng	O
lãnh	O
lương	O

thế	O
giới	O
hôn	O
nhân	O
type	O
tựa	O
đề	O
phim	O
mà	O
máu	O
t	NORM
nó	O
sôi	O
lun	NORM
á	O
m	NORM
^^^	O

Bức	O
bối	O
stress,	O
nhiều	O
vấn	O
đề	O
chưa	O
giải	O
quyết	O
được	O
muốn	O
khóc	O
cho	O
người	O
thoải	O
mái	O
tí	O
mà	O
khóc	O
k	NORM
nổi,mãi	O
đến	O
lúc	O
đi	O
làm	O
xe	O
nặng	O
quá	O
k	NORM
dắt	O
ra	O
khỏi	O
nhà	O
được	O
thế	O
là	O
khóc	O
ngang	O

Ngập	O
tràn	O
huy	O
chương	O
mà	O
lương	O
vdv...	NORM

Thế	O
mà	O
ck	NORM
mình	O
lương	O
5tr	O
cứ	O
đòi	O
lấy	O
thêm	O
vk	NORM
nữa	O
:))	O

bà	O
nậu	NORM
ơi	O
bà	O
nậu	NORM
xin	O
đấy	O
:))	O

Thật	O
ra	O
mấy	O
bài	O
như	O
này	O
là	O
để	O
nhắc	O
tụi	O
mày	O
mai	O
là	O
t2	NORM

Dưa	O
hấu	O
chị	O
giống	O
dị	NORM
chưa	O

làm	O
chuyến	O
bốc	O
đầu	O
đèo	O
Hải	O
Vân	O
hông	NORM
em??	O

Câu	O
chuyện	O
này	O
nếu	O
k	NORM
phải	O
để	O
giật	O
tít	O
thì	O
quá	O
ý	O
nghĩa	O

mỗi	O
lần	O
nguyên	O
gđ	NORM
đi	O
du	O
lịch:)))	O

ck	NORM
mình	O
ăn	O
thua	O
đủ	O
vs	NORM
vk	NORM
ở	O
ngoài,	O
về	O
vẫn	O
giải	O
thích	O
đúng	O
sai	O

Cái	O
này	O
là	O
cn	NORM
để	O
đón	O
t2	NORM
dui	NORM
dẻ	NORM
hay	O
sao	O

hồi	O
trc	NORM
e	NORM
cũng	O
bị	O
quả	O
như	O
này	O
này,	O
xong	O
bme	NORM
e	NORM
ra	O
thấy	O
bme	O
e	NORM
phát	O
sợ	O
ẻ	NORM
r	NORM
thôi,	O
lúc	O
bme	O
e	NORM
ch	NORM
ra	O
thì	O
đứng	O
chửi	O
em	O
mới	O
vờ	NORM
lờ	NORM

Máu	O
ch	NORM
ó	NORM
nhiều	O
hơn	O
máu	O
não	O

cả	O
họ	O
nhà	O
nó	O
quỳ	O
xin	O
cũng	O
không	O
rút	O
đơn	O
c	NORM
nhé	O

Sữa	O
nguyên	O
chất,	O
thươm	NORM
phức	O

Giống	O
hxua	O
t	NORM
tổ	O
chức	O
sinh	O
nhật	O
cho	O
idol	O
ở	O
bên	O
hàn	O
thế	O
ko	NORM
bít.	NORM

nên	O
là	O
k	NORM
gì	O
là	O
k	NORM
thể	O
đâu	O
các	O
bạn	O
ơiiiiiii	NORM

chạ	NORM
đánh	O
giá	O
ai	O
cả	O

Em	O
đọc	O
đc	NORM
bài	O
này	O
khi	O
mình	O
cảm	O
thấy	O
hơi	O
nuối	O
tiếc	O
về	O
quyết	O
định	O
sáng	O
nay......	O

Nhiều	O
người	O
vẫn	O
ko	NORM
phân	O
biệt	O
được	O
nóng	O
với	O
đen	O
da	O
nhể,	NORM
áo	O
sáng	O
màu	O
ra	O
nắng	O
nó	O
ko	NORM
hấp	O
thụ	O
nhiệt	O
làm	O
cơ	O
thể	O
mát	O
hơn	O
ko	NORM
đồng	O
nghĩa	O
với	O
chuyện	O
nó	O
cản	O
được	O
luồng	O
sáng	O
của	O
ánh	O
nắng	O
chiếu	O
vào,	O
ví	O
dụ	O
áo	O
sơ	O
mi	O
trắng:	O
mát	O
nhưng	O
dễ	O
làm	O
đen	O
da	O
hơn	O
khi	O
có	O
nắng,	O
còn	O
đối	O
với	O
đồ	O
sẫm	O
màu	O
đặc	O
biệt	O
là	O
màu	O
đen	O
dễ	O
hấp	O
thụ	O
nhiệt	O
nên	O
khi	O
mặc	O
vào	O
đương	O
nhiên	O
sẽ	O
rất	O
nóng,	O
nhưng	O
nó	O
có	O
tác	O
dụng	O
cản	O
được	O
ánh	O
sáng	O
trực	O
tiếp	O
lên	O
bề	O
mặt	O
da	O
nên	O
mặc	O
đồ	O
đen	O
hoặc	O
sẫm	O
màu	O
sẽ	O
ko	NORM
bị	O
ảnh	O
hưởng	O
lên	O
da	O
khi	O
nắng	O
chiếu	O
vào	O
nhé.	O

Ai	O
muốn	O
xét	O
nghiệm	O
để	O
phát	O
hiện	O
ung	O
thư	O
sớm	O
liên	O
hệ	O
e	NORM
nhé.	O

Nhưng	O
tiếc	O
là	O
em	O
ấy	O
hông	NORM
có	O
tui	O

đừng	O
có	O
ai	O
nói	O
tơid	NORM
tao	O

tất	O
cả	O
kết	O
quả	O
khảo	O
sát	O
đều	O
được	O
chúng	O
tôi	O
thống	O
kê	O
rõ	O
ràng,	O
ko	NORM
hề	O
có	O
chiện	NORM
sửa	O
đổi	O
số	O
liệu	O
gì	O
cả	O

Cái	O
bảng	O
này	O
ngay	O
chử	NORM
u	O
bị	O
lủng	O
lổ	NORM
ở	O
trên	O
nên	O
chụp	O
xa	O
thấy	O
tưởng	O
chử	NORM
ư	O

Có	O
đó	O
cty	NORM
mình	O
nè	O

Như	O
chị	O
công	O
bách	O
hợp	O
quãi	NORM
đạn	O

Em	O
có	O
con	O
cá	O
heo	O
y	O
hệt	O
hiến	O
máu	O
đc	NORM
tặng,	O
muốn	O
mang	O
về	O
nma	NORM
kb	NORM
mang	O
kiểu	O
gì	O
nên	O
vứt	O
lại	O
ròi	NORM

nhịn	O
cười	O
mún	NORM
nội	O
thương	O
=)))	O

Mai	O
mốt	O
t	NORM
đem	O
cây	O
bút	O
chì	O
đi	O
thi	O
:)))	O

Có	O
điều	O
ngta	O
cứ	O
chửi	O
t	NORM
"	O
tính	O
như	O
này	O
sau	O
này	O
lấy	O
ck	NORM
ngta	NORM
chửi	O
cho"	O

nghe	O
đồn	O
bạn	O
tui	O
chiên	NORM
zăn	NORM
:))	O

đi	O
làm	O
ai	O
mắng	O
đấm	O
lại	O
lun	NORM
nha	O
cô	O
pé	NORM

lương	O
7	O
củ	O
nên	O
lấy	O
đc	NORM
vk	NORM
nghèo.!	O

thật	O
sự	O
cũng	O
k	NORM
muốn	O
nhắc	O
vô	O
đây	O
mô	O

Mình	O
cũng	O
có	O
vài	O
người	O
bạn	O
không	O
nhiều	O
nhưng	O
hở	O
ra	O
là	O
rủ	O
đi	O
uống	O
r	NORM

th	NORM
đc	NORM
r	NORM
em	O
à	O
:)))	O

Xưa	O
ăn	O
cơm	O
cùng	O
gia	O
đình	O
mà	O
lựa	O
gắp	O
toàn	O
miếng	O
to	O
thôi	O
là	O
đã	O
bị	O
chửi	O
rồi	O
chứ	O
nói	O
j	NORM
đến	O
xới	O
lên	O
lựa	O
miếng	O
như	O
bạn,	O
:))	O

theo	O
kịch	O
bản	O
thì	O
c	NORM
còn	O
2	O
năm	O
nữa	O

mẹ	O
nó	O
quãi	NORM
thiệt	NORM
ă	NORM
chớ	NORM

z	NORM
là	O
ở	O
nhà	O
ăn	O
chung	O
dí	NORM
gia	O
đình	O
bới	O
bới	O
lên	O
tìm	O
thịt	O
ăn	O
z	NORM
mà	O
ba	O
mẹ	O
ko	NORM
nói	O
gì	O
luôn	O

v	NORM
là	O
bữa	O
nay	O
hết	O
kẹt	O
xe	O
ở	O
ĐBP	O
r	NORM
zui	NORM
quá	O
nè	O

tìm	O
hiểu	O
thêm	O
dzề	NORM
quê	O
hương	O
nè	O
quí	O
dzị	NORM

Ngô	O
Thiến	O
mờ	O
nhạt,	O
nhảy	O
ko	NORM
tốt	O
lắm	O
và	O
hình	O
thể	O
hơi	O
cứng,	O
nhìn	O
kĩ	O
khúc	O
tạo	O
hình	O
lúc	O
kết	O
thúc	O
sẽ	O
thấy	O
rõ	O
nhất	O

T	NORM
đọc	O
xong	O
bài	O
này,	O
trong	O
đầu	O
đã	O
muốn	O
cmt	O
nếu	O
giờ	O
Minh	O
Đạo	O
và	O
Văn	O
Lệ	O
là	O
những	O
bình	O
bông	O
di	O
động	O
trẻ	O
kia	O
có	O
khi	O
nào	O
bộ	O
phim	O
này	O
sẽ	O
được	O
khen	O
không	O
.	O

Đã	O
về	O
cùng	O
gia	O
đình	O
rồi	O
mà	O
suốt	O
ngày	O
phải	O
đoán	O
tâm	O
trạng	O
ai	O
chả	O
quạo	NORM

đợt	O
t	NORM
đi	O
nhổ	O
cái	O
răng	O
số	O
6	O
chít	NORM
tịt	NORM
cũng	O
tựa	O
như	O
z	NORM
neh	NORM

đi	O
ăn	O
hancook	O
nữa	O
hong	NORM
nè	O

Lúc	O
yêu	O
thì	O
bày	O
đặt	O
k	NORM
côg	NORM
khai	O
dah	O
tíh	NORM

k	NORM
tin	O
nổi	O
tưởng	O
vừa	O
đzai	NORM
học	O
bá	O
chỉ	O
có	O
trong	O
tiểu	O
thuyết	O
chứ	O

ê,	O
anh	O
giống	O
mặt	O
con	O
này	O
ghia,	NORM
nhứt	NORM
là	O
khi	O
ở	O
mỏ	O
than	O
:)))))	O

thứ	O
vô	O
nghĩa	O
chúng	O
ta	O
đã	O
tin	O
trc	NORM
khi	O
xài	O
viên	O
treo	O

mạo	O
hiểm	O
nhưng	O
k	NORM
mạo	O
hiểm	O

làm	O
ăn	O
dị	NORM
coi	O
có	O
được	O
không	O
trời	O

Ai	O
thời	O
trẻ	O
cũng	O
từng	O
là	O
mỹ	O
nhân,	O
nên	O
nói	O
thiệt	O
nhiều	O
lúc	O
anti	O
ai	O
thì	O
anti	O
chứ	O
t	NORM
ko	O
bao	O
giờ	O
chê	O
bai	O
nhan	O
sắc	O
luôn	O
ý,	O
cơ	O
bản	O
đã	O
là	O
ng	NORM
nổi	O
tiếng	O
thì	O
đều	O
đã	O
đẹp	O
hơn	O
ng	NORM
bình	O
thường	O
rất	O
rất	O
nhiều	O
rồi.	O

Tội	O
bạn	O
nữ	O
mong	O
bạn	O
ko	NORM
sao	O
thấy	O
đấm	O
khá	O
ác	O

K	NORM
nói	O
vì	O
bố	O
k	NORM
cho	O
đi	O

ko	NORM
bênh	O
vực	O
ai,	O
cuộc	O
sống	O
chơi	O
vậy	O
ai	O
chơi	O

M	NORM
cũng	O
loét	O
dạ	O
dày	O

bựa	NORM
mô	O
đi	O
cf	NORM
em	O
mượn	O
vai	O
chụp	O
hình	O
nha	O

tự	O
nhiên	O
t	NORM
sợ	O
sợ	O

bố	O
m	NORM
có	O
nói	O
thế	O
không	O

kiếm	O
tiền	O
đi	O
gòy	NORM
chúng	O
ta	O
đi	O

R	NORM
dễ	O
thương	O
dữ	O
chưa=)))	O

ae	NORM
tới	O
trình	O
này	O
chưa	O
kể	O
tôi	O
nghe	O

Chị	O
có	O
lành	O
giống	O
zậy	NORM
hong	NORM

t	NORM
sẽ	O
dạy	O
con	O
t	NORM
"ăn	O
miếng	O
nào	O
gắp	O
miếng	O
nấy,	O
k	NORM
miếng	O
nào	O
ăn	O
đc	NORM
thì	O
NHỊN,	O
chứ	O
m	NORM
mà	O
bới	O
là	O
mẹ	O
bới	O
m	NORM
ra	O
đường"	O

Xin	O
nhỗi	NORM
con,thỉnh	O
thoảng	O
mẹ	O
cũng	O
chỉ	O
xin	O
1	O
hộp	O
sữa	O
với	O
vài	O
cái	O
bánh	O
thôi	O

Thèm	O
măng	O
chín	O
lắm	O
rồi	O
mà	O
hok	NORM
có	O

Mắc	O
gì	O
bới,	O
đánh	O
giá	O
cho	O
là	O
đúng	O
r	NORM
làm	O
như	O
oan	O
lắm	O
=)))))	O

có	O
những	O
thành	O
phần	O
này	O
thì	O
bủi	NORM
cà	O
phơ	NORM
mới	O
đậm	O
đà	O
được	O
bồ	O
hơ	NORM

Ny	NORM
tôi	O
đeo	O
túi	O
đẹp	O
hơn	O
tôi	O
nữa	O

Nghĩa	O
shao	NORM
nghĩa	O
ác	O
zậy	NORM
nghĩa	O

chắc	O
phải	O
động	O
viên	O
chị	O
Châm	O
như	O
v	NORM
anh	O
ạ	O
:)))	O

E	NORM
còn	O
5	O
ngày	O
nữa	O
đẻ	O
bên	O
chị	O
có	O
nhận	O
k	NORM
ạ	O

đây	O
cx	NORM
là	O
một	O
cách	O
nếu	O
m	NORM
ko	NORM
muốn	O
tag	O
t	NORM
vào	O
hẳn	O
tiktok	O
=))	O

Hồi	O
19	O
tuổi	O
mình	O
còn	O
làm	O
nhân	O
viên	O
chuyển	O
phát	O
nhanh,	O
2	O
tháng	O
ngã	O
xe	O
3	O
lần	O
và	O
k	NORM
nhớ	O
nổi	O
số	O
lần	O
bị	O
công	O
an	O
phạt.	O

và	O
giờ	O
thì	O
ăn	O
tôm	O
bị	O
ngứa	O
miệng	O
lưỡi,	O
không	O
có	O
triệu	O
chứng	O
trên	O
da	O
nhma	NORM
cảm	O
giác	O
khá	O
khó	O
chịu	O
._.	O

vấn	O
đề	O
k	NORM
phải	O
mời	O
nhiều	O
hay	O
không	O
mà	O
là	O
chuyện	O
vắng	O
mặt	O
ở	O
đám	O
cưới	O

trông	O
sữa	O
cho	O
cháu	O
a	NORM
nha	O

ủa	O
phải	O
anh	O
mình	O
k	NORM

Đợi	O
các	O
bạn	O
nợ	O
phải	O
gọi	O
là	O
tính	O
theo	O
năm	O
chứ	O
k	NORM
phải	O
ngày	O
hay	O
tháng...	O

sang	O
năm	O
tặng	O
sn	NORM
chị	O
nhé	O
=)))))	O

ae	NORM
miền	O
bắc	O
k	NORM
có	O
đủ	O
điện	O
mà	O
dùng	O
cơ	O

Lâu	O
r	NORM
cũng	O
đào	O
cho	O
đc	NORM

2	O
bạn	O
FE	O
xả	O
thân	O
vì	O
cty	NORM
vãi	O

Nhìn	O
bàn	O
tay	O
hết	O
thèm	O
ăn	O
gỏi	O
lun	NORM

K	NORM
hổ	O
danh	O
chồng	O
e	NORM

có	O
c	NORM
moè	NORM
liếm	O
ass	O
in	O
ma	O
house	O
=)))	O

sau	O
tất	O
cả	O
những	O
gì	O
nó	O
chứng	O
kiến	O
nhỏ	O
kia	O
làm	O
với	O
tui	O
thì	O
điều	O
noc	NORM
chọn	O
là	O
chơi	O
với	O
nhỏ	O
kia	O
và	O
dấu	NORM
tui	O
:)))))	O

chắc	O
tại	O
ko	NORM
rep	O
nên	O
họ	O
ghost	O
tôi	O
:))	O

10X	O
bây	O
h	NORM
giỏi	O
quá	O

kiện	O
đến	O
cùng	O
nhé	O
c	NORM

cú	NORM
t	NORM
cười	O
bịn	NORM
quá	O

riết	O
ẩu	O
z	NORM
ta	O
:))	O

tôi	O
yêu	O
tca	NORM
những	O
người	O
đẹp	O
ấy	O

Ở	O
Việt	O
Nam	O
cái	O
gì	O
cũng	O
có	O
thể	O
xảy	O
ra	O
,nội	O
con	O
gà	O
kog	NORM
đã	O
làm	O
giới	O
ẩm	O
thực	O
điên	O
đảo	O
rồi	O

Theo	O
lí	O
thuyết	O
thì	O
ny	NORM
m	O
mới	O
lớp	O
3	O

khi	O
nhà	O
có	O
2	O
e	NORM
bé	O

Không	O
hề,	O
toai	NORM
mún	NORM
mập	O
rõ	O

lm	NORM
nhiều	O
mà	O
bỏ	O
tủ	O
lạnh	O
thì	O
bq	NORM
s	NORM
ạ	O

Thanh	O
xuân	O
Tú	O
đẹp	O
zai	NORM
thế	O

Tiểu	O
học	O
thôi	O
chứ	O
c2	NORM
là	O
k	NORM
còn	O
quả	O
nào	O
đâu	O
:))	O

nay	O
là	O
CN,	NORM
mai	O
là	O
T2	O

Con	O
cái	O
khoẻ	O
mạnh,	O
ko	NORM
lo	O
tính	O
gì	O
thật,	O
chứ	O
ốm	O
đau,	O
bệnh	O
tật	O
thì	O
nhức	O
óc	O
thật,	O
nhiều	O
lúc	O
ước	O
mình	O
độc	O
thân	O

Mình	O
cũng	O
khum	NORM
ăn	O
thịt	O
mỡ	O
nhưng	O
mình	O
khum	NORM
có	O
‘bới’	O

BỚI	O
là	O
vô	O
duyên	O
rồi,	O
nếu	O
ko	NORM
ăn	O
thịt	O
mỡ	O
mà	O
thấy	O
mỡ	O
ko	NORM
thì	O
tốt	O
nhất	O
ko	NORM
đụng	O
vô	O
luôn	O

Này	O
minh	O
hoạ	O
bằng	O
hình	O
ảnh	O
chiếc	O
ví	O
có	O
phải	O
thực	O
tế	O
hơn	O
ko,?	NORM

Vấn	O
đề	O
không	O
phải	O
là	O
ko	NORM
ăn	O
dc	NORM
thịt	O
mỡ,	O
mà	O
là	O
BỚI	O
lên!	O
miếng	O
thịt	O
nào	O
cũng	O
dính	O
đũa	O
của	O
b	NORM
thì	O
ai	O
mà	O
gắp	O
ăn	O
đc	NORM
hả???	O

minh	NORM
cùng	O
nhau	O
giã	NORM
đông	O

Nhưng	O
mà	O
thấy	O
nguy	O
hiểm	O
qá	NORM

t	NORM
vẫn	O
luôn	O
nghĩ	O
mik	NORM
bị	O
đá	O
trong	O
tưởng	O
tượng	O
r	NORM
khok	NORM

b	NORM
ơi	O
chớ	O
có	O
lo,	O
ny	NORM
chúng	O
ta	O
giờ	O
đang	O
lớp	O
11	O
b	NORM
ạ	O

ê	O
thậc	NORM
xự	NORM
tôi	O
khum	NORM
rỡn	NORM

vô	O
duyên	O
thật	O
đấy,	O
t	NORM
ghét	O
nhất	O
mấy	O
đứa	O
bới	O
bới	O
đồ	O
ăn	O
chung.	O

Thay	O
ông	O
Sáu	O
và	O
con	O
cá	O
xin	O
nhũi	NORM
pé	NORM

ung	O
thư	O
k	NORM
đáng	O
sợ	O
vì	O
gio	NORM
khoa	O
hoc	NORM
phat	NORM
trien	NORM
nếu	O
phát	O
hiên	NORM
sớm	O
giai	O
doan	NORM
đâu	NORM
sẽ	O
khỏi.	O

sắp	O
phải	O
cảm	O
ơn	O
thị	O
r	NORM

cm	NORM
có	O
nghĩ	O
đến	O
người	O
mà	O
t	NORM
đang	O
nghĩ	O

Vừa	O
tắm	O
tôi	O
vừa	O
tưởng	O
tượng	O
tôi	O
thấy	O
mình	O
bắt	O
gặp	O
ngiu	NORM
đang	O
ôm	O
nyc	NORM
dưới	O
mưa	O

Ak	NORM
wy~	NORM
phù	O
hộ	O
pẹn	NORM

trường	O
H	O
đông	O
lạnh	O
sv	NORM
tới	O
chết	O
:))	O

Nhất	O
định	O
sau	O
này	O
tôi	O
phải	O
nhắn	O
nhủ	O
với	O
người	O
nhà	O
hoả	O
táng	O
mình	O
dù	O
có	O
chết	O
thật	O
hay	O
ko	NORM

Tôi:	O
Mình	O
chán	O
độc	O
thân	O
rồi,	O
mình	O
muốn	O
có	O
ny	NORM

hên	O
quá,	O
mình	O
5tr	O
vẫn	O
có	O
ck,	NORM
jo	NORM
thì	O
mjh	NORM
k	NORM
lương	O
luôn	O
rồi	O

"tớ	O
đ	NORM
bao	O
g	NORM
chửi	O
cậu"	O

Thiệt	NORM
ko	NORM
hiểu	O
chuyện	O
đau	O
lòng	O
mà	O
mn	NORM
bảo	O
đọc	O
cho	O
vui	O

Có	O
cách	O
nào	O
khắc	O
phục	O
không	O
mn	NORM

ơ	O
kìa	O
bún	O
riu	NORM
kua	NORM
của	O
em	O
đâu	O
=))))	O

Dời	NORM
ck	NORM
tao	O
nó	O
đag	NORM
đóng	O
bỉm	O

con	O
sẽ	O
trả	O
hết,	O
tiền	O
học	O
tiền	O
ăn,điện	O
nước,	O
tiền	O
phòng	O
con	O
sẽ	O
ra	O
ở	O
riêng	O
1m	NORM
.	O

xin	O
lỗi,	O
mình	O
chậm	O
mấy	O
thông	O
tin	O
này,	O
bn	NORM
nào	O
có	O
thể	O
giải	O
thích	O
cho	O
mình	O
ko	NORM
ạ,	O
tại	O
thấy	O
mn	NORM
rất	O
ghét	O
,	O
mình	O
cảm	O
ơn	O

t	NORM
kbh	O
sai	O
,	O
t	NORM
luôn	O
luôn	O
đúng	O

chứ	O
làm	O
có	O
nhiu	NORM
nhầm	NORM
gì	O
..	O

Gà	O
vừa	O
qua	O
3	NORM
tai	O
lại	O
gặp	O
ngay	O
phạm	O
thái	O
tuêa	NORM

Á	O
đù	O
alex	O
mahon	O
cũng	O
tham	O
gia	O
lun	NORM

ko	NORM
đeo	O
bao	O
tay	O
,	O
cái	O
nào	O
cũng	O
có	O
giá	O
của	O
nó	O
thì	O
tội	O
cái	O
cc	NORM
gì	O
?	O

k	NORM
nói	O
đâu	O
chỉ	O
lẳng	O
lặng	O
làm	O
r	NORM
qtam	NORM
những	O
thứ	O
nhỏ	O
nhặt	O
nhất	O

T	NORM
k	NORM
ăn	O
dc	NORM
là	O
t	NORM
vẫn	O
gắp	O
vào	O
bát	O
xong	O
t	NORM
tách	O
thịt	O
mỡ	O
ra	O
t	NORM
gắp	O
mỡ	O
cho	O
chồng	O
t	NORM

Xoá	O
luôn,	O
sợ	O
quá,	O
ngày	O
mình	O
kiếm	O
k	NORM
nổi	O
50k	O
xem	O
mấy	O
e	NORM
2k	O
k1	O
k3	O
kiếm	O
ngày	O
50-100	O
triệu	O
ớn	O
quá	O
hic	O
hic	O

Mình	O
nhịn	O
ăn	O
sáng	O
từ	O
năm	O
15t	O
đến	O
giờ	O
25t	O
vẫn	O
khoẻ	O
bt	NORM
nhá.	O

hỏi	O
thiệt	NORM
fan	O
marvel	O
kể	O
mình	O
nghe	O
phim	O
marvel	O
có	O
gì	O
hay	O
vậy	O
ợ?	NORM

vườn	O
có	O
mãng	O
cầu	O
khum	NORM
7	O

Trong	O
khi	O
nta	NORM
đi	O
1	O
vòng	O
thì	O
em	O
tôi	O
vẫn	O
chưa	O
chịu	O
dậy	O

Mk	NORM
đã	O
kiếm	O
được	O
100tr	O
đầu	O
tiên	O
nhờ	O
việc	O
bốc	O
phét	O
ntn:(((	O

Đag	NORM
ko	NORM
bt	NORM
làm	O
sao	O
để	O
bản	O
thân	O
bớt	O
lạnh	O
lùng	O
lại,	O
cảm	O
thấy	O
càng	O
ngày	O
tính	O
cách	O
mình	O
càng	O
lạnh	O
thật	O
là	O
dramma	O

Tính	O
mk	NORM
nói	O
luôn,	O
ăn	O
cùng	O
mk	NORM
mà	O
vậy	O
là	O
mk	NORM
nói	O
thẳng	O
mặt	O
chứ	O
chả	O
ib	O
đâu,	O
"	O
bới	O
bới"	O
thì	O
ăn	O
thế	O
quái	O
nào	O
đc	NORM
nx	NORM

trường	O
mik	NORM
uy	O
tín	O
hông	NORM

tưởng	O
xanh	O
mà	O
đỏ	O
n	NORM
mới	O
bất	O
ngờ	O
:))))))	O

Còn	O
khi	O
đi	O
với	O
bạn	O
thì	O
cũng	O
k	NORM
khác	O
gì	O
mấy	O

tuần	O
sau	O
ktra	NORM
nhiều	O
thì	O
làm	O
cách	O
này	O
này	O

chọn	O
thằng	O
tây	O
lm	NORM
gi	NORM

tôi	O
nghiệp	O
thầy	O
Hà	O
nhưng	O
mà	O
đọc	O
k	NORM
nhịn	O
đc	NORM
:)))	O

để	O
tớ	O
chấm	O
mục	O
gùi	NORM
cho	O
bạn	O
nhé	O

xưa	O
đọc	O
tui	O
cunzg	NORM
…	O
mấy	O
cái	O
như	O
giàu	O
rồi	O
giỏi	O
rồi	O
đẹp	O
này	O
nọ	O
lắm	O

là	O
tao	O
soi	O
gương	O
sau	O
khi	O
chang	NORM
đỉm	NORM
xong	O

Con	O
gái	O
t	NORM
6t	O
mà	O
vừa	O
xem	O
vừa	O
khen	O
Cô	O
Chipu	O
đẹp	O
gái	O
thế	O
mẹ	O

T	NORM
cũng	O
hướng	O
nội	O
nhưng	O
nợ	O
dai	O
k	NORM
trả	O
t	NORM
cù	O
cho	O
biết	O
luon	NORM

gặp	O
nhau	O
thì	O
quánk	NORM
nhau	O
mà	O
dề	NORM
cái	O
bùn	NORM
nha	O
má	O

Con	O
nhà	O
người	O
ta	O
rất	O
nhiều,	O
nhưng	O
khi	O
nào	O
có	O
thành	O
quả	O
mới	O
đc	NORM
lên	O
báo	O

tuyệt	O
zời	NORM
quá	O
chừng	O
lun	NORM

Rất	O
giỏi	O
mỗi	O
tội	O
nghèo	O
thời	O
gian	O
tập	O
luyện	O
,	O
lấy	O
ngay	O
thằng	O
ck	NORM
giàu	O
là	O
ngon	O
hơn	O
đi	O
thi	O
đấu	O
rồi	O

Đừng	O
qtam	NORM
và	O
ns	NORM
xấu	O
thêm	O
chục	O
ng	NORM
nx:>>	NORM

Bao	O
g	NORM
2	O
miền	O
tụ	O
họp	O
vậy	O
ạh	NORM

đang	O
sớm	O
mà,	O
tầm	O
1	O
tiếng	O
nữa	O
khókk	NORM
chưa	O
muộn	O

Trvia	NORM
mình	O
đang	O
đi	O
chậm	O
nên	O
ko	NORM
có	O
bị	O
xây	O
xát	O
gì	O
nhiều,	O
chỉ	O
có	O
ở	O
đầu	O
gối,	O
tay	O
vs	NORM
cằm.	NORM

Chời	NORM
ơi	O
cứu	O
tui	O
chời	NORM
ơi:)))	O

còn	O
khóc	O
được	O
là	O
mừng	O
rồi	O
chứ	O
k	NORM
khóc	O
dc	NORM
nó	O
nặng	O
nề	O
hì	NORM
hôi	NORM
nhé	O
lun	NORM

Hc	NORM
ngu	O
vừa	O
lười	O
coi	O
thần	O
số	O
hc	NORM
lm	NORM
nên	O
chuyện	O

e	NORM
là	O
e	NORM
khen	O
xe	O
anh	O
ý	O
nội	O
thất	O
đẹp	O
để	O
đi	O
đâu	O
anh	O
ý	O
cũng	O
mở	O
ra	O
như	O
vậy	O

T	NORM
cho	O
rác	O
vào	O
giỏ	O
và	O
cố	O
gắng	O
tìm	O
thùng	O
rác	O
trên	O
đường	O
về	O
r	NORM
vứt	O
chứ	O
ko	NORM
thể	O
đem	O
về	O
nhà	O
dc	NORM
vì	O
t	NORM
sẽ	O
quên	O
béng	O
nó	O
trong	O
giỏ	O
mấy	O
ngày	O
lun	NORM

ko	NORM
biết	O
mấy	O
năm	O
nữa	O
anh	O
trai	O
này	O
còn	O
làm	O
ở	O
đây	O
nữa	O
ko:))))	NORM

cái	O
dì	NORM
cho	O
qua	O
được	O
thì	O
cho	O
qua	O
đi	O
tr	NORM

biết	O
zị	NORM
lúc	O
đầu	O
tự	O
viết	O
về	O
mình	O
luôn	O
cho	O
lành	O

máy	O
lạnh	O
hông	NORM
có	O
chứ	O
có	O
phòng	O
xông	O
hơi	O
nha	O

Mn	NORM
biết	O
màu	O
son	O
của	O
chị	O
đầu	O
tiên	O
không?	O

May	O
quá	O
chồng	O
mình	O
ăn	O
cùng	O
mình	O
và	O
con	O
nên	O
k	NORM
trách	O
ai	O
dc	NORM

Thế	O
còn	O
đỡ	O
hơn	O
việc	O
k	NORM
đấu	O
tranh	O
phụ	O
hyunh	NORM
nhưng	O
vẫn	O
phải	O
gò	O
lưng	O
chạy	O
dl	O

Đợt	O
năm	O
nhất	O
ở	O
ktx	NORM
của	O
trường.	O

Nghèo	O
đâu	O
nghèo,	O
ngta	NORM
eat	O
clean	O
mà	O

Mặc	O
đẹp	O
hơn	O
cả	O
mk	NORM

Dạ	O
em	O
cảm	O
ơn	O
lời	O
động	O
viên	O
của	O
mng	NORM
nhiều	O
lắm	O
nha.	O

mỗi	O
lần	O
như	O
này	O
t	NORM
lại	O
k	NORM
nhịn	O
đc	NORM
mà	O
tag	O
c	NORM
vì	O
chúng	O
mình	O
giống	O
nhau	O

Ko	NORM
biết	O
bạn	O
ấy	O
nghĩ	O
sao	O
về	O
ng	NORM
đàn	O
ông	O
đã	O
có	O
vợ	O
và	O
2	O
con	O

Thích	O
tây	O
mà,	O
nhưng	O
tây	O
chuyện	O
vk	NORM
chúng	O
nó	O
thoáng	O
lắm,	O
lên	NORM
k	NORM
có	O
chuyện	O
1	O
gia	O
đình	O
đâu	O

chị	O
thấy	O
quen	O
quen	O
khum	NORM

Thặc	NORM
ko	NORM
thể	O
chấp	O
nhận	O
đc	NORM
sự	O
dối	O
lừa	O
này	O

sữa	O
đặc	O
quẹo	O
keo	O
lì	O
tái	O
châu	O
dzữ	NORM
dzị	NORM
shaoooo	NORM

Đáng	O
iêu	NORM
quá,	O
chúc	O
2	O
bạn	O
hạnh	O
phúc	O
bền	O
lâu	O
ạ.	O

lắk	NORM
cái	O
đồu	NORM
cho	O
sạch	O
gồu	NORM

Chúc	O
Chú	O
Phong,	O
Má	O
Hai	O
và	O
bạn	O
luôn	O
vui	O
vẻ	O
và	O
thật	O
nhiều	O
sức	O
khoẻ	O
nhó	NORM

Mới	O
iu	NORM
còn	O
đội	O
mũ	O
gòi	NORM
hun	NORM
1	O
cái	O
nay	O
đâu	O
còn	O
nữa	O
đâu	O

i	NORM
chang	O
ny	NORM
của	O
kao	NORM

đợt	O
đi	O
hiến	O
máu	O
hay	O
có	O
con	O
cá	O
lày	NORM

Hầu	O
như	O
bất	O
kỳ	O
dv	NORM
nào	O
lúc	O
mới	O
vào	O
nghề	O
bất	O
kể	O
nam	O
hay	O
nữ	O
thì	O
đều	O
có	O
nét	O
rất	O
hoạt	O
bát,	O
trong	O
sáng	O
và	O
nói	O
theo	O
dọng	NORM
văn	O
là	O
tràn	O
đầy	O
sinh	O
cơ	O
luôn	O
ấy,	O
kể	O
cả	O
mấy	O
diễn	O
viên	O
sập	O
phòng	O
như	O
Lý	O
Dịch	O
Phong,	O
Trịnh	O
Sảng	O
cũng	O
vậy	O

Ê	O
MÀI	NORM
NHÌN	O
TAU	NORM
CÓ	O
ĐẸP	O
KHÔNG?	O

Ko	NORM
biết	O
trl	NORM
như	O
nào:((	O

ai	O
xem	O
cùng	O
khong	NORM
?	O

,	O
Sao	O
em	O
cũng	O
mãi	O
chưa	O
có	O
ny	NORM
nhỉ	O

hqua	NORM
nói	O
xấu	O
ngt	NORM
xong	O
xém	O
bị	O
ngt	NORM
bắt	O
xe	O

Nó	O
k	NORM
mang	O
sét	O
tới	O
là	O
hên	O
rồi,	O
vẫn	O
phải	O
cảm	O
tạ	O
đất	O
trời	O

nghe	O
nói	O
nay	O
b	NORM
iu	NORM
thi	O

Lạy,	O
cầm	O
ko	NORM
thấy	O
nặng	O
nhẹ	O
khác	O
nhau	O
à,	O
đi	O
thi	O
thiếu	O
điều	O
t	NORM
mang	O
cả	O
rổ	O
bút	O
á	O

em	O
thẫn	O
thờ	O
vì	O
cb	NORM
mình	O
luôn	O

Giám	O
định	O
thương	O
tất	NORM
r	NORM
làm	O
cái	O
giấy	O
là	O
lúc	O
đấy	O
lại	O
phải	O
quỳ	O
xuống	O
khóc	O
lóc	O
xin	O
ngay	O
ấy	O
mà	O
:))	O

cuối	O
tuần	O
cà	O
hê	NORM
khom	NORM
bà	O

tinh	O
thần	O
yếu	O
mà	O
thíc	NORM
chơi	O
cảm	O
giác	O
mạnh	O

năm	O
nay	O
tam	O
tai	O
con	O
Gà	O
hay	O
gì	O
dạ	O
chời	NORM

Đen	O
cho	O
bạn	O
nữ,	O
quả	O
ô	O
tô	O
đi	O
trước	O
mà	O
nó	O
lao	O
vào	O
thì	O
xđ	NORM

Thật	O
tuyệt	O
vời	O
phấn	NORM
thưởng	O
xúng	NORM
đáng	O
cho	O
những	O
cống	O
hiến	O
của	O
e	NORM

xĩu	NORM
trên	O
đường	O
thỉnh	O
kink	NORM

chòi	NORM
oi	NORM
mê	O
cái	O
vibe	O
của	O
Ngô	O
Thiến	O

bà	O
ở	O
trước	O
nắm	O
cái	O
zì	NORM
zị	NORM

Mà	O
hồi	O
đó	O
méo	O
có	O
đt	NORM
chụp	O
lại	O
không	O
là	O
hót	O
hòn	O
họt	O

Thế	O
ck	NORM
mình	O
lương	O
10tr	O
vẫn	O
thấy	O
bt@@	NORM

Dễ	O
thương	O
dữ	O
zị	NORM
trời	O

lớp	O
trưởng	O
quát	O
im	O
lặng	O
cả	O
lp	NORM
vẫn	O
nói	O
:)))	O

đọc	O
rồi	O
cảm	O
ơn	O
trg	NORM
đi	O
các	O
em,	O
đừng	O
chửi	O
trg	NORM
nx	NORM

còn	O
mà	O
k	NORM
nhắm	O
đc	NORM
,	O
hoặc	O
người	O
yêu	O
không	O
hỗ	O
trợ	O
thì	O
khỏi	O
phải	O
ăn	O
thịt,	O
ăn	O
thứ	O
khác	O

Cũng	O
là	O
lên	O
đời	O
nk	NORM
mà	O
thấy	O
nó	O
cảm	O
lạnh	O
lắm	O
á	O

trái	O
ngc	NORM
với	O
những	O
người	O
này	O
thì	O
tại	O
sao	O
có	O
những	O
người	O
kêu	O
bận	O
đến	O
nỗi	O
2-3	O
tn	NORM
cũng	O
k	NORM
nt	NORM
đc	NORM

k	NORM
phải	O
cháo	O
hành,	O
đây	O
là	O
cơm	O
tró	NORM

toi	NORM
cần	O
bíc	NORM
tsao	NORM
cuộc	O
trò	O
chiện	NORM
thg	NORM
ngày	O
của	O
cta	NORM
bị	O
leak	O
ra	O

dành	O
cho	O
m	NORM
đấy,	O
thằng	O
khùng	O

ng	NORM
bạn	O
này	O
sẽ	O
được	O
liệt	O
vào	O
black	O
list	O
của	O
tôi	O

tui	O
hok	NORM
nhịn	O
đựt	NORM
cừ	NORM

Ngươi	O
dám	O
dùng	O
chu	O
sa	O
để	O
hãm	O
hại	O
hoàng	O
tự	NORM
của	O
trẫm	O

cuối	O
thág	NORM
cây	O
dâu	O
da	O
tới	O
công	O
chiện	NORM

Khum	NORM
biết	O
nữa	O
nhưng	O
ý	O
vậy	O
như	O
cảm	O
giác	O
người	O
lớn	O
tuổi	O
không	O
thể	O
lãng	O
mạn	O
kiểu	O
tuổi	O
trẻ	O
vậy.	O

T	NORM
ở	O
nc	NORM
ngoài	O
concert	O
vé	O
ngồi	O
nhiều	O
nên	O
đi	O
solo	O
k	NORM
bị	O
ngại,	O
vé	O
đứng	O
thì	O
toàn	O
show	O
rock	O
tắt	O
đèn	O
tối	O
thui	O
r	NORM
quẩy	O
nên	O
k	NORM
sợ	O
bị	O
kì	O
thị	O

r	NORM
sau	O
còn	O
dám	O
ăn	O
nữa	O
k	NORM

Iu	NORM
thương	O
lắm	O
vì	O
t	NORM
k	O
có	O
top	O
top	O
:))	O

Cj	NORM
nghe	O
áp	O
lực	O
z	NORM
=)))	O

soft	O
quá	O
chả	O
bù	O
t	NORM
block	O
nyc	O
xong	O
dùng	O
nick	O
nó	O
làm	O
to	O
do	O
list	O
:))	O

mình	O
ko	NORM
bk	NORM
có	O
điểm	O
danh	O
chưa,	O
nhưng	O
mình	O
vẫn	O
đi	O
về	O

Trao	O
luôn	O
HCV	NORM
cho	O
tinh	O
thần	O
đến	O
là	O
đón	O
của	O
Ban	O
HLV	NORM
VN	O
đê.	NORM

hai	O
đứa	O
ni	NORM
tag	O
kh	NORM
chịu	O
xem,	O
dựn	NORM
k	NORM
tag	O
nựa	NORM

thấy	O
là	O
phải	O
tag	O
m	NORM
liền,	O
chuột	O
lang	O
nhà	O
m	NORM
phải	O
gọi	O
đây	O
bằng	O
cụ	O
nha	O
má	O

hay	O
là	O
kím	NORM
đi	O
gòi	NORM
cta	NORM
làm	O
chung=))	O

mình	O
cũng	O
ko	NORM
ăn	O
thịt	O
mỡ	O
:))))	O

make	O
ngày	O
trc	NORM
mê	O
vl	O
t	NORM
thích	O
kiểu	O
trong	O
veo	O
zz	NORM

chú	O
mà	O
lấy	O
tk	NORM
nào	O
ntn	O
a	NORM
quậy	O
hết	O
cái	O
đám	O
cưới	O
cho	O
mà	O
xem	O

tui	O
đơi	NORM
này	O
đấy	O
bạn	O
thấy	O
thương	O
tui	O
chưa	O

see	O
tình	O
là	O
bài	O
k	NORM
có	O
quá	O
nhiều	O
giọng	O
note	O
cao,	O
đoạn	O
hú	O
cũng	O
chỉ	O
là	O
đệm	O
cho	O
cô	O
gì	O
gì	O
thôi	O
mà	O

tỷ	O
tỷ	O
chín	O
phẩy	O
năm	O
đỉm	NORM

kiếm	O
dc	NORM
nhiều	O
ít	O
k	NORM
quan	O
trọng	O
bằng	O
cách	O
chi	O
tiêu	O
đâu	O

ngược	O
lại	O
hay	O
sao	O
ấy	O
nhể	NORM

nyc	NORM
năm	O
nay	O
mới	O
thi	O
lên	O
cấp	O
3	O
c	NORM
vội	O
cái	O
gì	O

Nuốt	O
ngược	O
nước	O
mắt	O
vào	O
trog	NORM
xog	NORM
tối	O
em	O
về	O
em	O
trùm	O
chăn	O
em	O
khóc:)))))	O

e	NORM
lại	O
k	NORM
có	O
mãng	O
cầu	O
để	O
ăn	O
rồi	O

Ng	NORM
tàn	O
ác	O
thường	O
sống	O
thảnh	O
thơi	O

Tưởg	NORM
lên	O
đây	O
dc	NORM
mn	NORM
bênh	O
ai	O
dè	O
bị	O
ns	NORM
ngược	O
lại	O

Tự	O
nhiên	O
chửi	O
nó	O
chi	O
zậy,	NORM
con	O
bé	O
này	O
người	O
Úc	O
chứ	O
có	O
phải	O
người	O
Việt	O
đâu	O

quá	O
là	O
dối	O
trá	O
khum	NORM
thể	O
chấp	O
nhận	O

Xong	O
đ'	NORM
hiểu	O
câu	O
chuyện	O
ntn	O
mà	O
bả	O
chốt"	O
đấy	O
e	NORM
thấy	O
xem	O
nó	O
20t	O
đã	O
dc	NORM
như	O
thế	O
rồi	O
còn	O
e	NORM
thì	O
vẫn	O
ngồi	O
đây"	O

Cãi	O
nữa	O
t	NORM
xem	O
:))	O

anh	O
nào	O
bayh	NORM
khó	O
quá	O

Sao	O
mỗi	O
ck	NORM
mình	O
càng	O
gầy	O
đi	O
nhể	O

Còn	O
t	NORM
ăn	O
dỗ	O
bột	O
của	O
con	O

Năm	O
nay	O
k	NORM
có	O
măng	O
cụt	O
chín	O
r	NORM
huhu	O

sao	O
quần	O
chị	O
lại	O
ở	O
đâyyy	NORM

sắp	O
ngủ	O
cái	O
cúp	O
điện	O
làm	O
mất	O
ngủ	O
nguyên	O
đêm	O
lun	NORM

Chưa	O
chồng	O
mà	O
mẹ	O
tui	O
có	O
2	O
đứa	O
cháu	O
rùi	NORM

ảo	O
dậy	NORM
thế	O
các	O
em	O

từ	O
h	NORM
nắng	O
cứ	O
mặc	O
áo	O
trắng	O
ra	O
đường	O
ez	O
mát	O

t	NORM
gửi	O
cho	O
chị	O
gái	O

Làm	O
cty	NORM
tài	O
chính	O
đồ	O
hen	NORM

ê	O
cười	O
chung	O
đi	O
mn	NORM

Sữa	O
chua	O
mua	O
cho	O
con	O
mình	O
mẹ	O
ăn	O
bon	O
mồm	O
lm	NORM
sạch	O
luôn	O
1	O
vỉ	O

Căng	O
quá,	O
hứa	O
sẽ	O
bỏ	O
tật	O
bắt	O
trínk	NORM
tã	NORM
ạ	O
:<<	O

Giao	O
lưu	O
võ	O
miệng	O
cũng	O
đc	NORM
mà	O

nghe	O
xong	O
thấy	O
cũng	O
thú	O
dị	NORM

Thế	O
là	O
có	O
sạch	O
hay	O
k?	NORM

2	O
vkck	NORM
cố	O
gắng	O
sinh	O
hoạt	O
trong	O
khoảng	O
<10m,	O
kế	O
hoạch	O
trong	O
vài	O
năm	O
thì	O
cũng	O
đc	NORM
vài	O
trăm	O
(cả	O
thưởng,	O
bảo	O
hiểm	O
thai	O
sản,	O
lễ	O
tết	O
phiên	O
phiến	O
thôi)	O

Khúc	O
này	O
chắc	O
là	O
đem	O
sấy	O
gòi	NORM

Thằng	NORM
này	O
ko	NORM
phải	O
thằng	O
xịt	O

cách	O
nạp	O
kthuc	NORM
nhanh	O
nhất	O

ko	NORM
biết	O
năm	O
nay	O
có	O
gà	O
cúng	O
giao	O
thừa	O
ko	NORM

ăn	O
hok	NORM
mua	O
cho	O
mín	NORM
nè	O

Ai	O
cũng	O
có	O
những	O
ng	NORM
bạn	O
tuyệt	O
vời	O

sấy	O
tóc	O
nóng	O
quá	O
thì	O
z	NORM
nè	O
cho	O
mát	O

cứ	O
khen	O
nữa	O
đi	O
t	NORM
thích	O
lắm	O

Tai	O
nạn	O
gia	NORM
thông	O
là	O
điều	O
đau	O
lòng	O
,	O
mấy	O
anh	O
moto	O
chạy	O
cho	O
văn	O
hoá	O
,	O
đừng	O
nẹt	O
pô	O
khó	O
chịu	O
lắm	O

Má	O
chia	O
tay	O
cũng	O
dừa	NORM
tao	O
lắm	O

chơi	O
hệ	O
tâm	O
linh	O
nhưng	O
sai	O
trínk	NORM
tả	O
:))))	O

ê	O
t	NORM
từng	O
thế	O
nha	O

Ng	NORM
Hải	O
Phòng	O
nch	NORM
vs	NORM
nhau	O
bằng	O
tay	O
à	O

May	O
là	O
trường	O
c1	NORM
chứ	O
c2	NORM
thì	O
chắc	O
cây	O
còn	O
k	NORM
dám	O
ra	O
quả	O

Dẹp	O
nỏ	O
ăn	O
vs	NORM
uống	O

K	NORM
tiếc	O
là	O
thật	O
nhưg	NORM
mà	O
k	NORM
có	O
tiền	O
cũng	O
là	O
thật	O

Gặp	O
bôd	NORM
mày	O
thì	O
xác	O
nhận	O
thương	O
tật	O
hết	O
cỡ	O
luôn	O
và	O
đéo	O
có	O
chuyện	O
hoà	O
giải	O
gì	O
hết.	O

Mình	O
lương	O
hơn	O
10tr	O
cụ	O
thể	O
là	O
10tr200	O
thể	O
nào	O
vẫn	O
lấy	O
đc	NORM
vợ	O

Nhìn	O
poster	O
là	O
biết	O
phim	O
nhí	O
nhảnh	O
đáng	O
iu	NORM

Đây	O
là	O
cách	O
để	O
giữ	O
1	O
mối	O
ngon	O
mà	O
không	O
bị	O
gò	O
bó	O
hay	O
kiểm	O
soát	O
j	NORM
hết	O
mà	O

mưa	O
có	O
chút	O
xíu,	O
hầm	O
thêm	O
chứ	O
dc	NORM
gì	O
đâu	O
=]]	O

:((	O
mn	NORM
cho	O
em	O
xin	O
review	O
về	O
trường	O
được	O
k	NORM
ạ	O

não	O
bắt	O
đầu	O
làm	O
ziệc	NORM
cho	O
ra	O
nhx	NORM
sản	O
phẩm	O
ngoài	O
sức	O
chịu	O
đựng	O
của	O
loài	O
ng	NORM
r	NORM

Tr	NORM
tr	NORM
thích	O
thật	O
thì	O
bày	O
đặt	O
chảnh,	O
câm	O
nín	O
đồ	O

có	O
khi	O
ny	NORM
còn	O
trong	O
bụng	O
mẹ	O
ý	O

Họ	O
mới	O
là	O
ng	NORM
mang	O
giông	O
tố	O
đến	O
cho	O
cuộc	O
đời	O
vốn	O
dĩ	O
tươi	O
đẹp	O
của	O
bạn	O

Mấy	O
bạn	O
nữ	O
đừng	O
tự	O
ti	O
hay	O
so	O
sánh	O
mk	NORM
vs	NORM
cô	O
ấy	O
,	O
các	O
bạn	O
cũng	O
đang	O
là	O
bản	O
thể	O
hoàn	O
hảo	O
của	O
mình	O
hiện	O
tại	O
r	NORM
chỉ	O
cần	O
tương	O
lai	O
mấy	O
bạn	O
trai	O
dồi	O
kiến	O
thức	O
kỹ	O
năng	O
khi	O
bằng	O
tuổi	O
cô	O
ấy	O
các	O
bạn	O
cũng	O
có	O
khi	O
hơn	O
hoặc	O
bằng	O
cô	O
ấy	O
đấy	O

đưa	O
menu	O
này	O
cho	O
ck	NORM
t	NORM
chắc	O
khox	NORM
thét	O

Cuối	O
tháng	O
này	O
tớ	O
có	O
dịp	O
từ	O
ĐN	O
ra	O
Huế	O
chơi,kb	NORM
có	O
bạn	O
nào	O
ở	O
Huế	O
dẫn	O
tớ	O
dạo	O
quanh	O
tp	NORM
k	NORM
ạ	O

phê	O
pha	O
thư	O
giãn	O
với	O
2$	O
là	O
thật	O
nhưng	O
nước	O
khác	O
nó	O
đ	NORM
cần	O
cuốc	O
bộ	O
với	O
2$	O
cũng	O
là	O
thật	O
luôn	O

Ụa	NORM
đó	O
là	O
chuyện	O
bt	NORM
mà,	O
tui	O
cũng	O
ăn	O
rong	O
biển	O
tách	O
muối	O
vs	NORM
bánh	O
sao	O
của	O
con	O
tui	O
nè,	O
ngon	O
lam	NORM
nha	O
kkk	O
ck	NORM
tui	O
chỉ	O
bất	O
lực	O
nhìn	O
r	NORM
lặng	O
lẽ	O
đi	O
mua	O
thêm	O
thôi	O

đợi	O
thêm	O
mấy	O
năm	O
nữa	O
kiếm	O
e	NORM
21	O
tủi	NORM
nè	O

Dù	O
tài	O
giỏi	O
tnao	NORM
họ	O
cũng	O
không	O
có	O
được	O
tôy	NORM

sợ	O
lp	NORM
bị	O
cô	O
mắng	O
á	O
nmà	NORM
nghĩ	O
lại	O
mik	NORM
đ	NORM
có	O
chức	O
vụ	O
j	NORM
nên	O
chịu:)	O

Móa	NORM
có	O
hứng	O
quá	O
thì	O
ra	O
QL60	O
mà	O
ăn	O
gà,	O
mới	O
lớp	O
8	O
cũng	O
đéo	O
tha	O
nữa	O

khác	O
biệt	O
1c	O
khó	O
chịu	O
nháaa	NORM

nói	O
j	NORM
cho	O
mấy	O
e	NORM
chạy	O
lẹ	O
đi	O

Hội	O
trẻ	O
Đg	NORM
tính	O
lấy	O
về	O
kinh	O
doanh	O
ai	O
ngờ	O

Từ	O
bé	O
đc	NORM
dạy	O
chương	O
trình	O
tốt	O
nhất	O
r	NORM

Đứng	O
hình	O
nhớ	O
ra	O
là	O
mình	O
cũng	O
dùng	O
viên	O
thả	O
thao	O
túng	O
ni	NORM

Ko	NORM
ăn	O
được	O
thịt	O
mỡ	O
nhưng	O
mà	O
cái	O
đĩa	O
thịt	O
lấy	O
đũa	O
đút	O
mồm	O
rồi	O
thò	O
ra	O
bới	O
đĩa	O
những	O
3	O
lần....thôi	O

kphai	NORM
mẹ	O
nma	NORM
cũng	O
hay	O
order	O
hộ	O
món	O
xiên	O
bẩn	O

anh	O
rất	O
tểnh	NORM
và	O
đẹp	O
zaiii	NORM

kiện	O
ết	NORM
ụ	NORM
nó	O
đi	O

thơm	O
ngon	O
mời	O
pà	NORM
ăn	O
nka	NORM

sinh	O
ra	O
dành	O
cho	O
t	NORM

Đang	O
bé	O
mà	O
nhắc	O
đến	O
tiền	O
cái	O
ông	O
luôn	O
đc,đúng	NORM
là	O
tiền	O
có	O
thể	O
làm	O
thay	O
đổi	O
mọi	O
thứ	O

Hicccc	O
mng	NORM
qua	O
em	O
xem	O
quần	O
áo	O
nhoaaa	NORM

Tưởng	O
tranh	O
Van	O
Gogh	O
k	NORM

c	NORM
iêu	NORM
thiên	O
nhiên	O
không	O
này	O

Thôi	O
cả	O
nhà	O
chúng	O
mày	O
vào	O
kho	O
mà	O
ở	O
chứ	O
xh	NORM
này	O
k	NORM
cần	O
chúng	O
mày	O
đâu	O

Sinh	O
tố	O
gà	O
mãng	O
cầu	O
được	O
kh	NORM

khéo	O
tay	O
hay	O
làm	O
bà	O
ui	NORM

nào	O
phi	O
qua	O
bên	O
bển	O
trải	O
nghiệm	O
một	O
bửa	NORM
nhể	NORM
:))	O

Dễ	O
thưn	NORM
quá,	O
toi	NORM
lưu	O
về	O
mai	O
mốt	O
công	O
khai	O
với	O
bồ	O
.	O

khai	O
thiệt	NORM
đi	O
bạn	O
sắn	NORM
của	O
ngta	NORM
bao	O
nhiêu	O
vs	NORM
cái	O
túi	O
đó	O

Ng	NORM
ta	O
nói	O
vậy	O
thôi	O
,con	O
gái	O
ăn	O
uống	O
mà	O
bới	O
đồ	O
ăn	O
kiểu	O
đoá	NORM
ai	O
ưa	O
đc	NORM

đi	O
lm	NORM
thêm	O
cũn	NORM
đừn	NORM
có	O
đin	NORM
dị	NORM
nhe	O
=))))))))))	O

Chẳng	O
cần	O
biết	O
b	NORM
bới	O
bao	O
nhiêu	O
lần,	O
hành	O
động	O
bới	O
đó	O
thiếu	O
giáo	O
dục	O
thật,	O
vô	O
duyên	O
quá.	O

tra	O
tấn	O
t	NORM
vs	NORM
m	NORM

t	NORM
hướng	O
nội	O
mà	O
m	NORM
k	NORM
tin	O
teoo	NORM

Mình	O
cũng	O
vừa	O
chạy	O
lo	O
đi	O
làm	O
kiếm	O
tiền	O
bươm	NORM
chải	O
cho	O
gia	O
đình,	O
và	O
cũng	O
rảnh	O
háng	O
ở	O
nhà	O
ôm	O
con	O
chơi	O
với	O
con	O
đầu	O
xù	O
tóc	O
rối,	O
ck	NORM
mình	O
chỉ	O
1	O
việc	O
sáng	O
đi	O
làm	O
tối	O
về,	O
cũng	O
chả	O
nt	NORM
đt	NORM
nc	NORM
tâm	O
sự,	O
về	O
nhà	O
cũng	O
lo	O
tắm	O
gội	O
ăn	O
uống	O
ngủ	O
nghỉ,	O
cũng	O
vô	O
tâm	O
vk	NORM
mệt	O
vk	NORM
khổ	O
…	O

Sạch	O
thiệt	O
nhưng	O
tốn	O
quá	O
jo	NORM
bỏ	O
khỏi	O
dùng	O
luôn.	O

gấu	O
mà	O
bày	O
đặt	O
dangiu	NORM

Ảnh	O
còn	O
đẩy	O
xe	O
cho	O
bọn	O
mình	O
tại	O
xe	O
hỏng	O
kh	NORM
chạy	O
được	O
nữa	O

dể	O
thương	O
z	NORM
chúc	O
2	O
b	NORM
luôn	O
hp	NORM
nè	O

cứ	O
để	O
bạn	O
pải	NORM
nhắc	O
thôi	O

Này	O
khứa	O
mà	O
biết	O
bao	O
cám	O
cò	O
này	O
ngày	O
xưa	O
dùng	O
cho	O
những	O
đứa	O
nhà	O
k	NORM
có	O
đkien	NORM
để	O
làm	O
cặp	O
đi	O
học	O
thì	O
khứa	O
sẽ	O
nghĩ	O
j	NORM
nhỉ	O

tự	O
dưng	O
nhớ	O
ra,	O
chồng	O
m	NORM
kìe	NORM

Sau	O
những	O
j	NORM
cống	O
hiến	O
cho	O
tổ	O
quốc,ngôi	O
nhà	O
này	O
sau	O
seagame	O
sẽ	O
khác	O

Đọc	O
xog	NORM
muốn	O
chầm	NORM
củm	NORM
:>>>>	O

Nó	O
kiểu	O
như	O
lấy	O
cái	O
đầu	O
con	O
ngựa	O
lắp	O
vào	O
thân	O
c-hó	NORM
xong	O
thì	O
đắp	O
thêm	O
tí	O
mỡ	O
và	O
ye,	O
ta	O
có	O
thú	O
cưng	O
cực	O
độc	O
lạ	O

học	O
hỏi	O
đi	O
em	O
iu	NORM
của	O
ta	O

Giả	O
bộ	O
quay	O
sang	O
nhỏ	O
bạn	O
cười	O
để	O
ngta	NORM
nghĩ	O
là	O
mình	O
đang	O
nói	O
chuyện	O
vs	NORM
nó	O

kiến	O
thức	O
này	O
tiếp	O
thu	O
ko?	NORM

tôi	O
k	NORM
soi	O
lỗi	O
truýnh	NORM
tã	NORM
của	O
bạn	O
nữa	O

bame	NORM
càng	O
gắt	O
thì	O
hai	O
đứa	O
càng	O
páo	NORM

chỗ	O
này	O
ôn	O
pài	NORM
êm	O
nha	O

Lần	O
đầu	O
thấy	O
khìn	NORM
kiểu	O
này	O
vui	O
nè	O

Òm	O
chào	O
mn,	NORM
với	O
topic	O
như	O
trên	O
thì	O
mình	O
chính	O
là	O
người	O
đã	O
và	O
đang	O
trải	O
qua	O
điều	O
đó	O
đây	O
ạ	O
:<	O

zòyyyy	NORM
xong	O
sáng	O
mai	O
cái	O
máy	O
tính	O
của	O
em	O
tới	O
công	O
chuyện	O
với	O
c	NORM
:)))))	O

ngta	NORM
chỉ	O
vì	O
lựa	O
chọn	O
sai	O
lầm	O
nên	O
đánh	O
đổi	O
cả	O
sự	O
nghiệp,	O
thanh	O
xuân,	O
tương	O
lai,	O
hp..	NORM

Chúc	O
a	NORM
mau	O
chóng	O
hồi	O
phục	O
sức	O
khoẻ	O

Đọc	O
tâm	O
sự	O
của	O
bạn	O
mình	O
thấy	O
bạn	O
vẫn	O
yêu	O
ck	NORM
rất	O
nhiều	O

Viết	O
thư	O
pháp	O
lun	NORM
;))))	O

vợ	O
ko	NORM
ai	O
ăn	O
như	O
thế	O
đâu	O
anh	O
ơi	O

ngta	NORM
hỏi	O
k	NORM
có	O
cx	NORM
ngại	O
mà	O
có	O
cho	O
vay	O
r	NORM
k	NORM
dám	O
đòi	O
cx	NORM
vid	NORM
ngại	O

nhg	NORM
mà	O
trông	O
nó	O
vẫn	O
healthy	O

dựt	NORM
bánh	O
sau	O
thử	O
đi	O
pà	NORM

chỉ	O
có	O
ng	NORM
hèng	NORM
mới	O
dc	NORM
sống	O
thảnh	O
thơi	O

tr	NORM
ơi	O
món	O
iu	NORM
thích	O
của	O
anh	O

ngy	NORM
chị	O
mới	O
học	O
lớp	O
1	O
thoiii	NORM
yên	O
tâm	O

Đã	O
là	O
vợ	O
chồng	O
thì	O
phải	O
có	O
sự	O
kết	O
nối	O
và	O
chia	O
sẻ	O
thì	O
mới	O
bền	O
đc	NORM

tưởnng	O
mỗi	O
t	NORM
nthe	NORM
cơ	O
may	O
quá	O

Những	O
bức	O
ảnh	O
chưa	O
tắt	O
filler	O
như	O
này	O
cũng	O
không	O
biết	O
được	O
thật	O
hư	O
thế	O
làoooooo	NORM

Ko	NORM
cần	O
nhiều	O
bạn	O
đâu	O

áo	O
tím	O
ko	NORM
biết	O
nhảy	O
nhung	O
da	O
dẻ	O

Thế	O
là	O
có	O
sạch	O
hay	O
ko	NORM

Đẹp	O
trong	O
veo	O
á	O
chài	NORM

zai	NORM
việt	O
đẹp	O
zai	NORM
tài	O
giỏi	O
đầy	O
e	NORM
ko	NORM
chọn.	O

cừ	NORM
mún	NORM
pay	NORM
cái	O
nết	O
lun	NORM

Mình	O
cũng	O
k	NORM
thích	O
ăn	O
chung	O
vs	NORM
ai	O
bới	O
đồ	O
ăn	O
và	O
gắp	O
đồ	O
ăn	O
xong	O
ngửi	O

cute	O
thì	O
cute	O
nma	NORM
push	O
lộ	O
vl	O

Hên	O
quá	O
trường	O
t	NORM
k	NORM
học:)	O

Chia	O
tay	O
đúng	O
gòi	NORM
đoá	NORM

Vậy	O
người	O
yêu	O
t	NORM
chắc	O
đang	O
bú	O
bình	O
á	O

ủa	O
đơn	O
giản	O
vậy	O
sao	O
ngoài	O
chợ	O
bán	O
mắc	O
dữ	O
z	NORM
ta…	O

Xong	O
còn	O
kêu	O
chảnh	O
nx	NORM
cơ	O
xong	O
giờ	O
chơi	O
lâu	O
kêu	O
mình	O
khùm	NORM

Tưởng	O
đâu	O
tiệt	O
trùng	O
làm	O
sạch	O
giùm	O
lun	NORM
nên	O
mới	O
mua	O
mà	O
lâu	O
k	NORM
chà	O
thì	O
thấy	O
cũng	O
dơ	O
dơ	O
nên	O
bỏ	O
:)))	O

Mực	O
bento	O
huyền	O
con	O
mẹ	O
nó	O
thoại	O
r	NORM

tự	O
nhiên	O
nhớ	O
đến	O
bạn	O
iu	NORM
và	O
mấy	O
gói	O
chipchip	O
hải	O
hà	O
:)))))))	O

để	O
tao	O
viết	O
thiệp	O
nnay	O
cho	O
m	NORM

qhe	NORM
của	O
cta	NORM
la	NORM
ri	NORM

tjw	NORM
nhiên	O
thấy	O
mắc	O
cười	O

Tự	O
nhiên	O
tôi	O
đc	NORM
khai	O
sáng	O
:)))))	O

Thôi	O
đợi	O
nó	O
20	O
tuổi	O
rồi	O
hốt	O
nó	O
dề	NORM

Ông	O
nha	O
k	NORM
phải	O
bà	O
nội	O

hồi	O
nhà	O
mình	O
mới	O
xây	O
xong,	O
mới	O
về	O
ở,	O
vì	O
nhà	O
chỉ	O
có	O
1	O
mình	O
mình	O
nên	O
mấy	O
bác	O
hàng	O
xóm	O
cx	NORM
lắm	O
chuyện	O
lắm,	O
có	O
hôm	O
còn	O
để	O
xe	O
máy	O
chắn	O
cửa	O
ra	O
vào	O
nhà	O
mình	O
luôn,	O
mình	O
đứng	O
trong	O
nhà	O
gọi	O
hỏi	O
to:	O
xe	O
nhà	O
ai	O
vô	O
duyên	O
thế,	O
ko	NORM
có	O
mắt	O
hay	O
gì,	O
xong	O
rồi	O
mở	O
cửa	O
mạnh,	O
xe	O
đổ	O
rồi	O
đi	O
ra	O
ngoài	O
luôn	O

Tình	O
yêu	O
khum	NORM
phân	O
biệt	O
giới	O
tính	O
trai	O
gái	O
đâu	O
có	O
quan	O
trọng	O

Mình	O
mặc	O
kệ	O
thả	O
tim	O
vì	O
mình	O
cũng	O
thấy	O
đz	NORM
là	O
thả	O
tim	O
hahaaa	O
nhắn	O
tin	O
tình	O
cảm	O
mới	O
là	O
vấn	O
đề	O

tiếng	O
a	NORM
trong	O
tầm	O
tay	O

Khi	O
bạn	O
gặp	O
ng	NORM
hỉu	NORM
mình	O

Mi	O
hả	O
tội	O
ngta	NORM
dữ	O
mi	O

Tui	O
chắc	O
có	O
mình	O
ko	NORM
bth	NORM
nên	O
mới	O
thế	O
nên	O
ko	NORM
nghĩ	O
nhiều	O

Chúng	O
toi	NORM
tự	O
make	O
up	O
cho	O
nhao	NORM

Tháng	O
12	O
được	O
đi	O
concert	O
DPR	O
bên	O
thái	NORM
vui	O
lắm	O
ó	NORM
kiểu	O
lúc	O
đấy	O
tôi	O
vẫn	O
đang	O
buồn	O
vì	O
bị	O
layoff	O
xong	O
đi	O
concert	O
với	O
bạn	O
t,	NORM
hát	O
cùng	O
với	O
cả	O
các	O
bạn	O
Thái	O
chả	O
quen	O
biết,	O
anh	O
Chris	O
thì	O
ngon	O
nên	O
đỡ	O
buồn	O
hơn	O
hẳn	O

bữa	O
nào	O
4	O
thằng	O
diễn	O
xiếc	O
ở	O
đèo	O
HV	O
Huế	O
k	NORM
nhỉ	O
?	O

y	O
như	O
hôm	O
bữa	O
đi	O
làm	O
cccd	O
t	NORM
mag	NORM
cây	O
kẻ	O
mắt	O
là	O
thấy	O
phải	O
đi	O
thêm	O
lần	O
nữa	O
gòy	NORM

ê	O
về	O
dọn	O
nhà	O
típ	NORM
nghe	NORM

z	NORM
đó	O
mà	O
bảo	O
hăm	NORM
có	O
ai	O

không	O
nhục	O
bằng	O
kiểu	O
đòi	O
rồi	O
mà	O
không	O
trả	O
cơ,	O
trong	O
khi	O
mình	O
không	O
có	O
giàu	O
có	O
gì	O
cho	O
cam,	O
lúc	O
vay	O
thì	O
cuối	O
tuần	O
trả	O
làm	O
cái	O
3,4	O
năm	O
chưa	O
trả	O
,	O
gọi	O
ko	NORM
nghe,	O
ntin	NORM
ko	NORM
tl.	NORM

tương	O
lai	O
của	O
ck	NORM
mình	O

Nhưng	O
mình	O
lướt	O
tiktok	O
thì	O
10	O
shop	O
có	O
7	O
shop	O
lèo	O
teog	NORM
vài	O
ng	NORM
xem	O
thui	NORM
mà	O

nào	O
e	NORM
qua	O
tiệm	O
làm	O
i	NORM
dãy	NORM

Ở	O
nhà	O
ăn	O
vs	NORM
bme	NORM
e	NORM
cũng	O
bới	O
lên	O
nthe	O
à,	O
ở	O
nhà	O
c	NORM
mà	O
bới	O
lên	O
nthe	O
mẹ	O
c	NORM
úp	O
luôn	O
đĩa	O
thịt	O
vào	O
mặt	O
cho	O
ý	NORM
e	NORM
ạ	O

nghe	O
bk	NORM
giọng	O
ở	O
đâu	O
k	NORM

iu	NORM
lâu	O
nma	NORM
t	NORM
chưa	O
lm	NORM
v	NORM
vs	NORM
m	NORM
bao	O
h	NORM
:3	O

nết	O
tui	O
nó	O
z	NORM
ák	NORM
hỏng	NORM
có	O
cố	O
đc	NORM

Xong	O
bán	O
khoá	O
học	O
với	O
bán	O
sách	O
đúng	O
ko	NORM

tại	O
bạn	O
k	NORM
có	O
tiền	O
thôi	O

b	NORM
ơi	O
sắp	O
sn	NORM
t	NORM
r	NORM
đấy	O

giả	O
bộ	O
cười	O
trong	O
đth	NORM
=)))	O

Thế	O
cuối	O
cg	NORM
cái	O
kết	O
cục	O
của	O
câu	O
truyện	O
bi	O
hài	O
ni	NORM
là	O
gì??	O

Nữa	O
tội	O
ae	NORM
bọn	O
tui	O
lắm	O

Mang	O
tin	O
nhắn	O
ra	O
trình	O
báo	O
công	O
an	O
thôi	O
bạn,	O
trình	O
báo	O
rõ	O
ràng	O
sự	O
việc,	O
công	O
an	O
gọi	O
đôi	O
bên	O
ra	O
giải	O
quyết,	O
chứ	O
gặp	O
riêng	O
nch	NORM
nó	O
nổi	O
điên	O
lên	O
thì	O
mình	O
thiệt	O
thân	O
thôi	O
b	NORM

4	NORM
tháng	O
thì	O
cho	O
ăn	O
bún	O
đậu	O
mắm	O
tôm	O
r	NORM
chở	O
đi	O
thi	O
đại	O
học	O
luôn	O
dc	NORM
rồi	O

giống	O
qá	NORM
cãi	O
kh	NORM
đc..	NORM

bạn	O
nhà	O
ngta,	NORM
còn	O
bạn	O
đã	O
suy	O
nghĩ	O
gì	O
cho	O
vấn	O
đề	O
sn	NORM
sắp	O
tới	O
của	O
tui	O
nhở	O

Nói	O
tự	O
nhiên	O
như	O
ở	O
nhà,	O
mà	O
ở	O
nhà	O
cũng	O
bới	O
bới,	O
chứng	O
tỏ	O
bố	O
mẹ	O
cũng	O
k	NORM
nói	O
gì	O

Là	O
mình	O
phải	O
có	O
căn	O
mới	O
làm	O
được	O
đúng	O
ko	NORM
ai	NORM

Thời	O
này	O
ăn	O
dc	NORM
là	O
tốt.	O

Mèn	O
ơi,	O
có	O
ai	O
thấy	O
ánh	O
mắt	O
Ngô	O
Thiến	O
có	O
chút	O
linh	O
hoạt	O
hơn,	O
tươi	O
hơn	O
ko	NORM
ahhh	NORM

A	NORM
đại	O
úy	O
vào	O
a	NORM
giã	O
nó	O
ko	NORM
trượt	O
cái	O
nào	O

cứ	O
thế	O
rồi	O
đến	O
lúc	O
sắp	O
chít	NORM
lại	O
gọi	O
con	O
về	O
vì	O
bố	O
mẹ	O
muốn	O
thấy	O
con	O
lần	O
cuối	O
như	O
vụ	O
bạn	O
gái	O
làm	O
du	O
lịch	O
bên	O
Thái	O
Lan	O

ngồi	O
trên	O
mí	NORM
anh	O
ca	O
sĩ	O
lun	NORM
cơ	O
chứ	O

Vừa	O
đi	O
vừa	O
khóc	O
nhớ	O
ra	O
sáng	O
nay	O
đến	O
họp	O
tổng	O
thế	O
là	O
phải	O
lau	O
nước	O
mắt	O
vội	O
k	NORM
sưng	O
mắt	O
k	NORM
nhìn	O
được	O
=))))))	O

"nhỏ	O
này	O
bị	O
khùm	NORM
hả	O
troii"	NORM

30/4	O
1/5	O
đi	O
chơi	O
chụp	O
ảnh	O
với	O
vk	NORM
ko	NORM
tự	O
tin	O
đăng	O
lên	O
nữa	O

2$	O
mẹ	O
tôi	O
ra	O
chợ	O
xách	O
về	O
1	O
mớ	O
trái	O
cây	O
lun	NORM
ấy	O
:))	O

nghe	O
nói	O
2	O
m	NORM
thích	O

cứ	O
bình	O
tĩnh	O
nhé,	O
khéo	O
ny	NORM
mình	O
còn	O
chưa	O
chào	O
đời	O

Tại	O
mấy	O
cháu	O
tiểu	O
học	O
hem	NORM
thích	O
ăn	O
chua	O
hoy	NORM

:)))	O
kh	NORM
thể	O
kh	NORM
drama	O

c	NORM
và	O
gia	O
đình	O
nhé	O

Hên	O
gđ	NORM
mình	O
thoải	O
mái,	O
không	O
ép	O
buộc	O
gì	O
cạ	NORM

Quá	O
nước	O
nát	O
hết	O
r	NORM

Khách	O
đông	O
chủ	O
zui	NORM
nvien	NORM
mệt	O
:)))	O

ê	O
dnay	NORM
khách	O
đến	O
nhà	O
toàn	O
vậy…	O

em	O
gái	O
guộc	NORM
của	O
chị	O

2k4	O
vs	NORM
96	O
là	O
hợp	O
tuổi	O
đấy	O

Tưởng	O
tượng	O
tháng	O
này	O
mà	O
k	NORM
ra	O
đơn	O
nào	O
thì	O
sếp	O
vặt	O
đầu	O
mình	O
chấm	O
muối	O
lá	O
é	O
mất	O

có	O
mỗi	O
cái	O
chân	O
là	O
k	NORM
giống	O

chửn	NORM
pị	NORM
tới	O
công	O
chiện	NORM

ăn	O
cơm	O
nhà	O
nước	O
nuôi	O
không	O
làm	O
mà	O
có	O
ăng	NORM
nè	O

Loại	O
kẻ	O
mắt	O
nào	O
nét	O
nhỏ	O
dễ	O
kẻ	O
vậy	O
mn,	NORM
mình	O
đang	O
dùng	O
kiss	O
me	O
mà	O
tay	O
thúi	O
quá	O

chị	O
nào	O
cx	NORM
mê,	O
chếch	NORM
con	O
tym	NORM

hèn	O
nhưng	O
vẫn	O
drama	O
là	O
sao	O
z	NORM

thì	O
ra	O
do	O
mình	O
iu	NORM
nheo	NORM
qué	NORM
nên	O
ko	NORM
trúng	O
vé	O
số	O
:))))	O

Trên	O
đời	O
có	O
người	O
làm	O
thế	O
này	O
hả	O
toi	NORM
chỉ	O
xé	O
vở	O
chứ	O
cảm	O
thấy	O
xé	O
sách	O
là	O
một	O
cái	O
gì	O
đó	O
khủng	O
khiếp	O
vch	O

vì	O
bé	O
kìu	O
anh	O
nhà	O
tớ	O
k	NORM
dùng	O
đc	NORM
tiktok	O
=))))	O

Chết	O
trong	O
tim	O
nhìu	NORM
chút:)	O

Em	O
gửi	O
tạm	O
con	O
mòe	NORM
ở	O
đây	O
ạ,	O
tí	O
em	O
quay	O
lại	O

định	O
mệnh	O
đời	O
có	O
những	O
đứa	O
hãm	O
cành	O
cạch	O
luôn	O
biết	O
mình	O
đang	O
khó	O
khăn	O
bỏ	O
mịa	NORM
ra	O
mà	O
chả	O
chịu	O
trả	O
tiền	O
cho	O
mình	O
gì	O
cả.	O

chưa	O
start	O
đã	O
úp	O
r	NORM
:)))))	O

gặp	O
nó	O
chắc	O
t	NORM
ngất	O
trước	O

làm	O
cái	O
đi	O
làm	O
cho	O
chuất	NORM
bác	O
ôi	NORM

Các	O
b	NORM
đừng	O
nhắc	O
đến	O
đội	O
Mu	O
trên	O
này	O
có	O
đk	NORM
buồn	O
lắm	O
mà	O
buồn	O
cười	O
lắm	O

ngồi	O
nhà	O
ck	NORM
iu	NORM
nhiều	O
chuyện,	O
phải	O
uống	O
bịch	O
này	O
mới	O
đủ	O

ny	NORM
m	O
có	O
khi	O
h	NORM
vẫn	O
đang	O
học	O
cấp	O
1	O
đó	O

Tính	O
ra	O
là	O
t	NORM
drama	O
từ	O
hồi	O
bé	O
tí	O
luôn	O
á	O

Bạn	O
iu	NORM
đi	O
thử	O
chưa	O

1	O
bên	O
thì	O
là	O
rô	O
troà	NORM
đoá	NORM
-	O
bên	O
kia	O
là	O
rô	O
trè	NORM
đé	NORM

Thì	O
đúng	O
thật	O
mà	O
tr	NORM
=)))	O

Chipu	O
hát	O
càng	O
ngày	O
càng	O
cải	O
thiện	O
ngt	NORM
khen	O
quá	O
trời	O
mà	O
fan	O
đen	O
bên	O
VN	O
cứ	O
hở	O
là	O
chê	O

ủa	O
chời	NORM
giống	O
tui	O
quó	NORM
dzọ	NORM

lúc	O
mới	O
quen	O
bảo	O
mình	O
trầm	O
tính,	O
quen	O
lâu	O
r	NORM
lúc	O
nào	O
cũng	O
bảo	O
nói	O
ít	O
thôi,	O
mĩ	NORM
nữ	O
cũng	O
bt	NORM
tổn	O
thương	O
chứ	O
bộ	O

Ê	O
nma	NORM
chưa	O
động	O
chạm	O
j	NORM
mà,	O
chửi	O
bới	O
như	O
vậy	O
dc	NORM
tác	O
dụng	O
j	NORM
?	O

nhạc	O
chúc	O
pé	NORM
ngủ	O
ngol	NORM
ne	NORM

có	O
người	O
nuôi	O
b	NORM
kìa	O
=))	O

trong	O
post	O
này	O
tui	O
tìm	O
lại	O
đc	NORM
niềm	O
tin	O
là	O
sau	O
này	O
tui	O
sẽ	O
có	O
dc	NORM
1	O
người	O
yêu	O
mình	O
như	O
zị	NORM

nhà	O
tuôi	NORM
coá	NORM
nhe	O
chị	O

the	O
good	O
bad	O
mother	O
thấy	O
là	O
chữa	O
lành	O
dữ	O
r	NORM
đó	O

Mà	O
house	O
friend	O
thì	O
gắn	O
bó	O
còn	O
dàiiii	NORM

Hên	O
quá	O
k	NORM
phải	O
ấp	O
hội	O
thạnh	O

nhắn	O
khùm	NORM
nhắn	O
đin	NORM
s	NORM
hiểu	O

Chòi	NORM
oi	NORM
đúng	O
thứ	O
yên	O
tui	O
cần	O

ik	NORM
hok	NORM
nhóm	O
vs	O
nhóm	O
bạn	O
toán	O
chs	NORM
trò	O
này	O

má	O
tới	O
công	O
chiện	NORM
zới	NORM
t	NORM

nhân	O
văn	O
qá,	NORM
mai	O
phải	O
mua	O
haribo	O
để	O
ăn	O
trong	O
lúc	O
block	O
page	O
thoai	NORM

ố,	O
có	O
mực	O
bento	O
của	O
mìh	NORM
nữa	O
kìa	O

Tưởng	O
kịch	O
bản	O
sâu	O
hơn	O
là	O
ny	NORM
chưa	O
sinh	O
ra	O
chứ	O

có	O
gì	O
đi	O
dạy	O
TA	NORM
bắt	O
nó	O
viết	O
để	O
chia	O
rẽ	O
nội	O
bộ	O
nè	O

ra	O
đường	O
hok	NORM
có	O
thùng	O
rác	O
công	O
cộng	O

sao	O
giống	O
bé	O
Nam	O
ở	O
nhà	O
cũng	O
hay	O
để	O
dành	O
dưa	O
hấu	O
cho	O
m	NORM
lắm	O

th	NORM
thì	O
chảnh	O
tí	O
v	NORM
:)))	O

Sao	O
lại	O
có	O
thể	O
hề	O
đến	O
zẫy	NORM
:)))))	O

ngày	O
xưa	O
vô	O
nhà	O
chị	O
là	O
em	O
lần	O
đầu	O
thấy	O
lun	NORM
đó	O
=))))	O

quá	O
nà	NORM
dối	O
trá	O
=)))))))))))))	O

mí	NORM
nữa	O
là	O
thành	O
fwb	O

t	NORM
còn	O
bảo	O
với	O
mấy	O
anh	O
là	O
t	NORM
có	O
chồng	O
với	O
1	O
đứa	O
con	O
bé	O
ở	O
nhà	O
r,	NORM
mặc	O
dù	O
t	NORM
chưa	O
mảnh	O
tình	O
vắt	O
vai	O

Bạn	O
tốt	O
là	O
phải	O
thấy	O
khó	O
khăn	O
phải	O
nhiệt	O
tình	O
giúp	O
đỡ	O
chứ	O
kp	NORM
là	O
nhờ	O
vả	O
nhẹ	O
cái	O
nó	O
đã	O
từ	O
chối	O
rùi	NORM
thể	O
loại	O
nó	O
cút	O
cmn	NORM
đi	O
khỏi	O
hãm	O
..	O

Bùn	NORM
7	O
ngày	O
7	O
đêm	O

Hôm	O
qua	O
có	O
hội	O
nào	O
thuê	O
căn	O
hộ	O
của	O
cty	NORM
em	O
xong	O
có	O
nhiều	O
ng	NORM
đến	O
nằm	O
lên	O
sàn,	O
đặt	O
đá	O
lên	O
ngực	O
chữa	O
lành	O
cái	O
gì	O
gì	O
ý	O
các	O
bác	O

hồi	O
đó	O
mẹ	O
sắm	O
cho	O
cọng	O
dây	O
chiền	NORM
đeo	O
mà	O
t	NORM
cũng	O
cắm	O
lấy	O
5tr	O
đi	O
Vũng	O
Tàu	O
trùng	O
hợp	O
quãi	NORM
đạn	O

ko	NORM
ăn	O
thì	O
cắn	O
mỡ	O
ra	O
là	O
được	O

chời	NORM
ơi	O
xỉu	O
e	NORM
ơi	O
sau	O
này	O
đi	O
nhổ	O
răng	O
hay	O
j	NORM
cug	NORM
pải	NORM
nhắm	O
mắt	O
nha	O
e	NORM

ngại	O
thật	O
chắc	O
t	NORM
bỏ	O
về	O
luon	NORM
á	O

t	NORM
có	O
nốt	O
ruồi	O
son	O
ở	O
ngực	O
đọc	O
thấy	O
bảo	O
sau	O
zàu	NORM
lắm	O
đó	O

độc	O
lạ	O
này	O
là	O
quá	O
rẻ	O
lun	NORM

yêu	O
bản	O
thân=redflag	O
thì	O
t	NORM
cá	O
là	O
ở	O
đây	O
phải	O
chiếm	O
số	O
đông,	O
có	O
khi	O
cả	O
khứa	O
đăng	O
bài	O
cũng	O
là	O
redflag	O
:))	O

nhanh	O
dữ	O
vậy	O
mí	NORM
bà	O
mình	O
bất	O
ngờuln	NORM
ấy	O

lm	NORM
kiểu	O
ảnh	O
so	O
sánh	O
xem	O
nó	O
khác	O
biệt	O
tk	NORM
nào	O
nào	O

Rồi	O
mấy	O
năm	O
nữa	O
lại	O
kêu	O
ko	NORM
có	O
tiền	O
mua	O
bản	O
quyền	O
WC	O
thì	O
lại	O
bùn	NORM
cừi	NORM
lắm	O
:)))	O

Chứ	O
cưới	O
xong	O
thì	O
vợ/chồng	O
cũng	O
là	O
gia	O
đình	O
riêng	O
của	O
mình	O
rồi,	O
làm	O
sao	O
có	O
thể	O
mù	O
quáng	O
bất	O
chấp	O
tin	O
người	O
nhà	O
xong	O
chửi/giận	O
ngược	O
bạn	O
đời	O
hay	O
đòi	O
ly	O
hôn	O
nvay	NORM
được.	O

mỗi	O
tháng	O
20	O
trẹo:	NORM
5	O
trẹo	NORM
lương	O
cứng	O
,	O
15	O
trẹo	NORM
lương	O
tâm	O

khóc	O
có	O
15p	O
thoi	NORM
hã	NORM

bạn	O
tốt	O
hơn	O
nữa	O
thì	O
k	NORM
nhận,	O
bảo	O
bạn	O
mang	O
về	O
tặng	O
bố	O
mẹ	O
bạn	O
đi,	O
bạn	O
tới	O
với	O
tớ	O
là	O
vui	O
r	NORM

Kẻ	O
1	O
cân	O
người	O
nửa	O
lạng	O
chứ	O
có	O
ai	O
dừa	NORM
ai	O
đâu	O

Nuôi	O
chó	O
mà	O
nhốt	O
lại,	O
t	NORM
nhốt	O
m	NORM
một	O
năm	O
xem	O
m	NORM
có	O
ra	O
cắn	O
ng	NORM
ko	NORM

Tớ	O
cũng	O
muốn	O
nhưng	O
chẳng	O
có	O
ai	O
làm	O
v	NORM
với	O
tớ	O
cả	O

lại	O
nhớ	O
hồi	O
thi	O
Đh	NORM
bố	O
mình	O
gửi	O
hết	O
bút	O
trong	O
túi	O
của	O
b	NORM
vào	O
cho	O
mình	O

đang	O
yên	O
đang	O
lành	O
đc	NORM
tẩm	O
quất	O
miến	O
phí	O
dân	O
HP	O
thiệt	O
là	O
tốt	O
bụng	O

hội	O
đồng	O
thì	O
kinh	O
dồi	NORM

ngày	O
trc	NORM
vào	O
mình	O
thì	O
chắc	O
còn	O
độc	O
lá	O

ê	O
mà	O
truong	O
gia	O
nghê	O
từ	O
dien	O
hy	O
cung	O
luoc	O
nhan	O
sac	NORM
van	NORM
đẹp	O
vãi	O
à	O
=)))	O

có	O
fl	O
2	O
anh	O
này	O
ko	NORM
bt	NORM
2	O
anh	O
có	O
đang	O
iu	NORM
ko	NORM
nx	NORM

thôi	O
thì	O
cầm	O
10	O
tỉ	O
xong	O
rút	O
đơn	O
cũng	O
đc	NORM
bạn	O
nữ	O
ạ	O

hên	O
ghê	O
k	NORM
tới	O
cỡ	O
này	O
:))	O

Sao	O
ko	NORM
mua	O
rồi	O
đi	O
1	O
mình	O
luôn	O
đi	O

vay	O
đi,	O
tớ	O
kh	NORM
tiếc	O
đâu	O

Rùi	NORM
xong	O
bị	O
ghost	O
rùiii	NORM
ó	NORM

ko	NORM
tưởng	O
tượng	O
nhma	NORM
vẫn	O
có	O
arghhh	O
xì	O
chét	O
voãi	NORM

bạn	O
cậu	O
đùa	O
như	O
này	O
đko	NORM

2vc	O
kh	NORM
đủ	O
KPI	O
nên	O
chưa	O
yên	O
tâm	O
cưới	O
đc	NORM
=))	O

còn	O
chú	O
thì	O
sn	NORM
cháu	O
sú	O
lên	O
HN	O
vs	NORM
con	O
ẻm	O
xong	O
về	O
còn	O
đc	NORM
cháu	O
mời	O
đi	O
ăn	O

ny	NORM
bạn	O
đang	O
đi	O
nhà	O
trẻ	O
nhé	O

xin	O
lỗi	O
mng	NORM
nhưng	O
mà	O
nghe	O
ló	NORM
hơi	O
điêu	O
quá	O
mức	O

1	O
nhà	O
tù	O
hình	O
chái	NORM
tym	NORM
=)))	O

chọn	O
trc	NORM
đi	O
mốt	O
qua	O
đỡ	O
lựa	O

xem	O
Penthouse	NORM
xả	O
stress	O
khun	NORM

Hông	NORM
sau,	NORM
cùng	O
lắm	O
thì	O
mình	O
nghĩ	O
tích	O
cực,	O
là	O
mình	O
được	O
đổi	O
đời	O
thôi	O

Còn	O
tui	O
là	O
cậu	O
chiện	NORM
của	O
cô	O
cái	NORM
da	O
vàng	O

T	NORM
cũng	O
bị	O
cục	O
này	O
thao	O
túng	O
tâm	O
lý	O

Giống	O
mk	NORM
thế	O
bầu	O
đứa	O
t2	O
k	NORM
muốn	O
uống	O
sữa	O
k	NORM
đường	O
chỉ	O
thèm	O
susu	O
của	O
tk	NORM
lớn	O

Mì	O
căn	O
là	O
có	O
căn	O
mới	O
làm	O
đc	NORM

Xem	O
1	O
mình	O
ko	NORM
ai	O
phiền	O
kkk	O

Đọc	O
cho	O
buổi	O
sáng	O
dui	NORM
dẻ	NORM
nè	O
bé	O
:)))	O

m	NORM
xúi	O
bạn	O
gái	O
m	NORM
đúng	O
không	O

Trc	NORM
ở	O
VN	O
cũng	O
có	O
kb	NORM
giờ	O
đôi	O
đó	O
thế	O
nào	O

Em	O
thề	O
là	O
em	O
ko	NORM
có	O
khóc	O
mà	O

Cảm	O
động	O
gớt	NORM
nước	O
mắt	O

anh	O
em	O
sinh	O
đôi	O
của	O
Gấu	O
pà	NORM
ơiii	NORM

kìa	O
mắ	NORM
món	O
ngon	O
dễ	O
tìm	O
kìa	O

Nói	O
cho	O
zui	NORM
miệng	O
thui	NORM

hè	O
này	O
đi	O
thăm	O
bà	O
hok	NORM

Dưa	O
hấu	O
teo	O
v	NORM
gọt	O
bên	O
ngoài	O
là	O
ăn	O
được,	O
cơ	O
mà	O
mấy	O
loại	O
khác	O
như	O
xoài,	O
khoai	O
lang,..	O

bụi	O
bay	O
vào	O
mắt	O
chứ	O
em	O
đâu	O
k	NORM
khóc	O
đâuu	NORM

mốt	O
chj	NORM
đưa	O
em	O
dii	NORM
nma	NORM
luc	NORM
do	NORM
thì	O
mấy	O
ông	O
nì	NORM
thành	O
mấy	O
''ông''	O
đúng	O
chuẩn	O
luonn=)	NORM

e	NORM
mọi	O
nỗ	O
lực	O
đều	O
xứng	O
đáng	O
được	O
đền	O
đáp	O

cần	O
đòi	O
nợ	O
thuê	O
kh	NORM
c	NORM

lên	O
phường	O
ngồi	O
uống	O
trà	O
vs	NORM
mấy	O
anh	O
c.a	NORM
thì	O
chả	O
rén	O
vl	O
ra	O

khen	O
ai	O
cũng	O
dc,	NORM
nhưng	O
mà	O
đừng	O
khen	O
1	O
người	O
chê	O
1	O
người	O

K	NORM
trả	O
là	O
t	NORM
quậy	O
liền:)	O

Thế	O
chắc	O
cả	O
nhà	O
em	O
ăn	O
theo	O
style	O
vô	O
duyên	O
rồi	O
:)))	O
chứ	O
k	NORM
ai	O
ăn	O
uống	O
lại	O
bới	O
từ	O
dưới	O
lên	O
trên	O
nthe	O
cả	O

có	O
gì	O
cứ	O
nói	O
ra,	O
nói	O
rồi	O
vẫn	O
đâu	O
đóng	O
đấy	O
thì	O
mackeno	O
1	O
thgian...	NORM

zí	NORM
dụ	O
có	O
2	O
đứa	O
thì	O
hổng	NORM
sao	O
:)))	O

Cười	O
mún	NORM
nội	O
thương	O
lun	NORM

cho	O
các	O
cháu	O
cái	O
này	O
mới	O
trôi	O
xoài	O
đc	NORM

tự	O
nhiên	O
e	NORM
nhột	O
ngang	O

yeu	NORM
thien	NORM
nhien	NORM
rat	NORM
nhieu	NORM

Ai	O
lấy	O
đc	NORM
19A	O
khéo	O
a	NORM
chiều	O
hơn	O
chiều	O
vong	O
nhỉ	O

Heng	O
nên	O
t	NORM
sẽ	O
khum	NORM
share	O
bai	NORM
nay	NORM

Bị	O
ngta	NORM
nhắc	O
hong	NORM
nhục	O
mà	O
còn	O
thắc	O
mắc	O
cái	O
j	NORM
=))?	O

Sếp	O
hiện	O
tại	O
của	O
mình	O
cũng	O
nói	O
dị	NORM
hôm	O
phỏng	O
vấn,	O
sếp	O
rất	O
nice,	O
không	O
phải	O
ai	O
cũng	O
như	O
dị	NORM
đâu	O
nhe	O

t	NORM
định	O
cuối	O
tuần	O
này	O
đưa	O
bạn	O
của	O
m	NORM
đi	O
lượn	O
mấy	O
shop	O
kiếm	O
ít	O
ảnh	O
cho	O
nó	O
đỡ	O
cu	NORM
đơn	O
đây	O
:))))	O

cíu	NORM
cj	NORM
mí	NORM
em	O
ơi	O

thao	O
túng	O
bé	O
iu	NORM
hịu	NORM
quả	O

Sorry	O
nhưng	O
trong	O
tâm	O
t	NORM
thì	O
ông	O
Hàn	O
đứng	O
top	O
đầu	O
dầu	O
mỡ	O
luôn	O
rồi	O
ạ	O

Mèo	O
nhà	O
toy	NORM
thì	O
toy	NORM
nói	O
1	O
nó	O
mắng	O
10	O

bạn	O
này	O
nch	NORM
vui	O
ghê,	O
hôm	O
nào	O
lên	O
nóc	O
hầm	O
Thủ	O
Thiêm	O
làm	O
chầu	O
xiên	O
bẩn	O

Tết	O
rồi	O
dc	NORM
trải	O
nghiệm	O
chưa	O
a	NORM

Mà	O
nch	NORM
mẹ	O
chồng	O
thế	O
thì	O
thôi	O
:))))	O

t	NORM
xem	O
mà	O
muốn	O
thổ	O
huyết	O
luôn	O
á	O
tr	NORM

hợp	O
lý	O
k	NORM
zk	NORM
ơi	O

Buồn	O
ghê	O
như	O
mình	O
dễ	O
nuôi	O
trừ	O
cứt	O
vs	NORM
lá	O
xoan	O
thôi	O

còn	O
tuyển	O
nhân	O
viên	O
khong	NORM
ạ	O

thôi	O
ở	O
mk	NORM
đi	O
nhá	O
ck	NORM

Chỉ	O
thoải	O
mái	O
khi	O
ở	O
vs	NORM
1m	NORM
ck	NORM
còn	O
có	O
ng	NORM
khác	O
luôn	O
giữ	O
ý	O
tứ	O

chuỵ	NORM
em	O
mình	O
song	O
ca	O
tuỵt	NORM
đỉk	NORM

Để	O
em	O
đổi	O
nghề	O
rồi	O
quay	O
lại	O
kể	O
típ	NORM

Trưa	O
nắng	O
nóng	O
quýnh	O
1	O
ly	O
rau	O
má	O
đậu	O
xanh	O
dô	NORM
nó	O
đẽeeee	NORM

nma	NORM
nhìn	O
ngã	O
v	NORM
mà	O
cũng	O
toàn	O
mấy	O
ng	NORM
đứng	O
nhìn=)))	O

R	NORM
ông	O
ủ	O
bột	O
thời	O
gian	O
bao	O
nhiêu	O

chắc	O
sau	O
1	O
tgian	NORM
bạn	O
í	NORM
qdinh	NORM
muốn	O
cho	O
bản	O
thân	O
và	O
bạn	O
cơ	O
hội	O
ó	NORM

khum	NORM
đen,	O
khum	NORM
vàng	O
t	NORM
kiểu	O
này	O
:))	O

đi	O
vệ	O
sinh	O
với	O
cảm	O
giác	O
xoang	NORM
chảnh	O
của	O
vàng	O
24k	O

hát	O
trg	NORM
phòng	O
thi	O
bị	O
nguyên	O
phòng	O
nhìn	O
mà	O
kh	NORM
bt	NORM

Gửi	O
tới	O
vdv	NORM
có	O
hoàn	O
cảnh	O
khó	O
khăn.	O

Set	O
này	O
đẹp	O
mà	O
hợp	O
với	O
ổng	O
ghia	NORM

Haha	O
hôm	O
trc	NORM
vừa	O
ns	NORM
xg	NORM

hình	O
ảnh	O
người	O
e	NORM
đáng	O
thương	O
của	O
c	NORM
mấy	O
ngày	O
lễ	O
đơi	NORM

thấy	O
đảo	O
cho	O
cmay	NORM
r	NORM
này	O

bữa	O
t	NORM
cầm	O
cây	O
kẻ	O
mày	O
đi	O
thi	O
cuối	O
khóa	O
nè	O
:)))	O

Ko	NORM
thì	O
lủm	O
vô	O
chén	O
r	NORM
tách	O
mỡ	O

Dạo	O
này	O
m	NORM
lại	O
mất	O
ngủ	O
thức	O
khuya	O
nhiều	O

phải	O
t	NORM
t	NORM
vào	O
mẹ	O
vinmec	O
nằm	O
lâu	O
lâu	O
thêm	O
combo	O
mất	O
trí,	O
tinh	O
thần	O
hoảng	O
loạn	O
cho	O
nhà	O
m	NORM
chừa-))))	O

Thí	O
dụ	O
tăng	O
học	O
phí	O
r	NORM
giảm	O
điểm	O
xún	NORM
xíu	O
đực	NORM
hok	NORM
za	NORM
=))	O

chị	O
ơi	O
em	O
vô	O
em	O
rửa	O
chén	O
đc	NORM
kh	NORM
chị	O

Ơ	O
e	NORM
luôn	O
đúng	O
chứ	O

chắc	O
là	O
sẽ	O
ổn	O
định	O
chứ	O
lỡ	O
bị	O
chuyển	O
trại	O
gòi	NORM
sao	O

từ	O
lúc	O
cưới	O
đến	O
giờ	O
chồng	O
toy	NORM
k	NORM
còn	O
đội	O
mũ	O
cho	O
toy	NORM
nữa	O

ủa	O
m	NORM
có	O
học	O
toán	O
cc	NORM
k	NORM

Muốn	O
mặc	O
thử	O
quần	O
nứa	NORM
khum	NORM

SNSD	O
vs	NORM
RVV	O
mà	O
tổ	O
chức	O
concert	O
ở	O
VN	O
thì	O
đi	O
một	O
mình	O
mấy	O
lần	O
cũng	O
đi	O

mặt	O
đẹp,	O
có	O
eo	O
là	O
đc	NORM

Đến	O
khi	O
người	O
ta	O
ns	NORM
bỏ	O
r	NORM
ms	NORM
chịu	O
quay	O
đầu	O
:(((	O

ê	O
mà	O
cảm	O
giác	O
nó	O
sạch	O
nhen,	NORM
nma	NORM
mau	O
hết	O
quá	O

Haizzzzz,	O
đáng	O
lẽ	O
nên	O
đk	NORM
đi	O
concert	O
của	O
Chillies	O

k	NORM
thấy	O
hao	O
mà	O
cũng	O
k	NORM
thấy	O
tăng	O
:))	O

Hùi	NORM
xưa	O
chịu	O
Hồ	O
ca	O
là	O
dc	NORM
r	NORM

Ở	O
giữa	O
một	O
nhà	O
thi	O
đấu	O
toàn	O
dân	O
chơi	O
võ	O
thuật	O
thì	O
combat	O
tổng	O
k	NORM
biết	O
như	O
nào	O

rõ	O
ràng	O
t	NORM
nhớ	O
là	O
kinh	O
nghiệm	O
sống	O
20	O
năm	O
là	O
màu	O
tối	O
thì	O
kh	NORM
bắt	O
nắng	O
mà	O

Nữ	O
thần	O
thanh	O
xuân,	O
hoa	O
khôi	O
giảng	O
đường,	O
nam	O
thần	O
của	O
các	O
trái	O
tim,	O
tổng	O
tài	O
siêu	O
cấp	O
đẹp	O
trai	O
là	O
cóa	NORM
thậtttt	NORM

a	NORM
công	O
an	O
đợt	O
này	O
về	O
chắc	O
được	O
lên	O
hột	O
trước	O
hạn	O
rồi,quả	O
upgrade	O
hơi	O
nhuốm	O
màu	O
bột	O
ớt	O
nhưng	O
rất	O
ấn	O
tượng,	O
good	O
job	O
!!!	O

Bạn	O
cùng	O
bàn	O
hát	O
như	O
boà	NORM
đực	O
rống	O
chứ	O
ca	O
sĩ	O
cái	O
nổi	NORM
giề	NORM

Đến	O
nhà	O
ngta	NORM
chơi	O
mà	O
chui	O
vô	O
phòng	O
ngta	NORM
là	O
zô	NORM
zuyên	NORM
đó	O
bíc	NORM
0	NORM

cơ	O
sở	O
tôi	O
học	O
còn	O
đ	NORM
có	O
thang	O
máy	O
trong	O
khi	O
tôi	O
học	O
môn	O
đó	O
tận	O
lầu	O
4	O

Khô	O
m,áu	NORM
luôn	O
chứ	O
chờ	O
gì	O
nữa	O

Tại	O
sa	O
mạc	O
lời	O
k	NORM
bt	NORM
nhắn	O
gì	O

Hèng	NORM
mà	O
vẫn	O
dính	O
drama	O

dùng	O
hàng	O
hiệu	O
ko	NORM
t	NORM
gửi	O
sang	O
cho	O
chục	O
cái:))	O

Ny	NORM
mk	NORM
chắc	O
đang	O
được	O
mẹ	O
vợ	O
thay	O
bỉm	O

đáng	O
sợ	O
quá	O
hic	O
đi	O
ngoài	O
đường	O
k	NORM
biết	O
bị	O
lúc	O
nào	O
huhu	O

mình	O
thất	O
bại	O
thậc	NORM
rồi	O
:))	O

Nên	O
nhìn	O
hiệu	O
quả	O
công	O
việc	O
còn	O
thân	O
hay	O
k	NORM
để	O
nó	O
quyết	O
định	O

khi	O
nào	O
cũng	O
tháng	O
sau	O
và	O
tháng	O
sau	O
đến	O
jo	NORM
này	O
rồi.	O

Phim	O
từ	O
2016	O
rồi,	O
nếu	O
2016	O
thì	O
chắc	O
nó	O
ko	NORM
đến	O
nỗi,	O
giờ	O
thời	O
đại	O
khác	O
rồi	O
nên	O
lên	O
phim	O
thì	O
sn	NORM
của	O
mn	NORM
cũng	O
khác	O

thành	O
thật	O
quá	O
kh	NORM
nhịn	O
được	O
cười	O
luôn	O
=))	O

Trước	O
xin	O
như	O
này	O
xong	O
k	NORM
dc	NORM
chứ	O
gi	NORM
:)))	O

Sao	O
ko	NORM
đeo	O
bao	O
tay	O
nhỉ....	O

khoc	NORM
nx	NORM
tr	NORM
tự	O
nhiên	O
thành	O
vai	O
phản	O
diện	O
nx	NORM

còn	O
cất	O
công	O
lội	O
tìm	O
một	O
cái	O
vid	O
mà	O
tôi	O
nhớ	O
dc	NORM
có	O
3	O
chữ	O
với	O
vài	O
nốt	O
nhạc	O
đã	O
bị	O
xoá	O
luôn	O
khỏi	O
tiktok	O

Nhanh	O
trí	O
sáng	O
tạo	O
gỏi	O
gà	O
dưa	O
hấu,	O
ăn	O
2	O
món	O
đỡ	O
đau	O
bụng	O
mà	O
thay	O
vào	O
mở	O
thẳng	O
van	O
nước	O
lun	NORM
cho	O
nhẹ	O

Ơ	NORM
nước	O
ngoài	O
họ	O
rất	O
công	O
tâm	O
không	O
như	O
ở	O
VN	O
xử	O
theo	O
cảm	O
tính	O
luôn	O
có	O
lợi	O
cho	O
phụ	O
nữ	O
vì	O
cho	O
rằng	O
khi	O
li	O
hôn	O
người	O
thiệt	O
thòi	O
luôn	O
là	O
phụ	O
nữ.	O

con	O
c*c	NORM
và	O
con	O
kẹtttt	NORM

nhà	O
tù	O
hình	O
chái	NORM
tim	O
=))))	O

Chị	O
e	NORM
phụ	O
nữ	O
để	O
thì	O
kh	NORM
nói	O
tới	O
cánh	O
đàn	O
ông	O
chúng	O
tôi	O
thì	O
lại	O
gắn	O
cái	O
mác	O
ái	O
kỷ	O

bình	O
tĩnh	O
giờ	O
a	NORM
mới	O
đang	O
dạy	O
chồng	O
tương	O
lai	O
e	NORM

kiếm	O
chuyện	O
tối	O
cãi	O
nhau	O
với	O
ck	NORM
cái	O
cho	O
zui	NORM
nèo	NORM

gà	O
nhà	O
em	O
có	O
thế	O
kh	NORM

khi	O
tôi	O
dc	NORM
zai	NORM
sn	NORM
t3	O
tiếp	O
cận	O

Hs	NORM
cấp	O
1	O
làm	O
éo	NORM
gì	O
có	O
răng	O
mà	O
đòi	O
ăn	O
xoài	O
xanh	O
chấm	O
muối	O
ớt!	O

hong	NORM
ấy	O
cười	O
chung	O
ikkk	NORM

ở	O
Úc	O
mà	O
ko	NORM
bắt	O
được	O
em	O
nào	O
à?	O

S	NORM
nghe	O
giống	O
miêu	O
tả	O
ngy	NORM
e	NORM
thế:))	O

Đang	O
1	O
nhà	O
5	O
người	O
ấm	O
áp	O
sao	O
kại	NORM
thành	O
ct	O
gay	O
cp	O
rùi	NORM

best	O
lật	O
mặt	O
đổi	O
đời	O
gọi	O
tên	O
t	NORM
rồi	O
=)))	O

may	O
mình	O
ko	NORM
thích	O
uống	O
sữa	O

Có	O
1	O
số	O
câu	O
ngta	NORM
gọi	O
là	O
văn	O
vở	O
:))	O

mình	O
sanh	NORM
ghét	O
đông	O
người,	O
chỉ	O
có	O
mẹ,	O
ck	NORM
thì	O
vào	O
thăm	O
chút,	O
mấy	O
ngk	NORM
xin	O
số	O
phòng	O
vào	O
thăm	O
mình	O
k	NORM
cho	O
lun,	NORM
vô	O
chi,	O
để	O
nằm	O
nghỉ	O
ngơi	O
nữa	O

Thực	O
ra	O
khi	O
yêu	O
thì	O
tuổi	O
nào	O
cũng	O
sẽ	O
y	O
chang	O
tuổi	O
teen	O
thôi,	O
chỉ	O
là	O
ng	NORM
ta	O
ko	NORM
thể	O
hiện	O
ra	O
cho	O
ng	NORM
khác	O
thấy,	O
đâu	O
chỉ	O
có	O
tuổi	O
teen	O
mới	O
đc	NORM
quyền	O
yêu	O
đương	O
tình	O
cảm	O
nhắn	NORM
nhít	O

Kêu	O
chánh	NORM
quyền	O
xuống	O
cho	O
tao	O

qua	O
làm	O
kìa,vc	NORM
nhẹ	O
lương	O
cao	O

Tui	O
thấy	O
cái	O
vỉ	O
of	NORM
Vim	O
sạch	O
vs	NORM
thơm	O
hơn	O
ă	NORM
cả	O
nhà	O

đừng	O
hỏi	O
tại	O
sao	O
mừn	NORM
mất	O
tích	O
nhó	NORM
bạn	O
iuu	NORM

nghe	O
cũm	NORM
ổn	O
áp	O
a	NORM
nhờ	O
=))	O

nào	O
thử	O
coi	O
có	O
được	O
free	O
vé	O
xe	O
khong	NORM
b	NORM
:)))	O

Nhưng	O
có	O
mấy	O
chị	O
có	O
chồng	O
và	O
2	O
đứa	O
con	O
kháu	O
khỉnh	O
đang	O
chờ	O
sẵn	O
ở	O
nhà	O
lại	O
ko	NORM
lờ	O
mấy	O
anh	O
trai	O
tán	O
mấy	O
chị	O

Nghỉ	O
lễ	O
về	O
nhà	O
cô	O
mình	O
cứ	O
hỏi:	O
có	O
ny	NORM
rồi	O
hả,	O
đừng	O
chối,	O
khai	O
đi	O

giống	O
như	O
bàn	O
tay	O
toi	NORM
để	O
quên	O
trong	O
em	O
qua	O
đêm	O
vậy	O

độk	NORM
ák	NORM
zà	NORM
zô	NORM
lim	NORM
shỉ	NORM

thế	O
mà	O
mấy	O
anh	O
k	NORM
đăng	O
ảnh	O
với	O
cá	O
chà	O
bặc	O

Mấy	O
cái	O
đứa	O
ăn	O
lắm	O
mà	O
vẫn	O
ốm	O
nhom	O
còi	O
cọc	O
thấy	O
mà	O
ghéc	NORM

ê	O
nhưng	O
chủ	O
nhật	O
đáng	O
iu	NORM
như	O
này	O
thì	O
mai	O
có	O
lẽ	O
sẽ	O
rất	O
là	O
kinh	O
hoàng	O
khủng	O
khiếp	O
nhở	O

mé	NORM
ck	NORM
tao	O
thì	O
ngoài	O
trong	O
gì	O
cứ	O
phải	O
bênh	O
người	O
ngoài	O
với	O
dìm	O
cho	O
con	O
vk	NORM
không	O
ngóc	O
đầu	O
lên	O
dc	NORM
hắn	O
mới	O
hả	O
dạ.	O

Nước	O
ngoài	O
vậy	O
ko	NORM
đó	O
kk	O

làm	O
nhớ	O
pí	NORM
mike	O
quá	O

cho	O
đời	O
nó	O
bình	O
iên	NORM

Tau	NORM
còn	O
có	O
cả	O
đoạn	O
ghi	O
âm..chạy	O
đâu	O
cho	O
thoát	O

rấc	NORM
cãm	NORM
ơn	O
vì	O
đã	O
hoà	O
thanh	O
cùm	NORM

có	O
nhớ	O
cj	NORM
hei	NORM
khum	NORM

đoán	O
xem	O
ny	NORM
đang	O
học	O
trường	O
nào	O
:)))))	O

suốt	O
2	O
năm	O
qua	O
t	NORM
từ	O
từ	O
giải	O
thích	O
với	O
mẹ,	O
nủa	NORM
đùa	O
nửa	O
thật	O
kiểu	O
'mẹ	O
muốn	O
con	O
2	O
tuần	O
về	O
1	O
lần	O
hay	O
1	O
năm	O
về	O
1	O
lần?‘,	O
dần	O
dần	O
mẹ	O
t	NORM
cũng	O
thay	O
đổi	O
suy	O
nghĩ,	O
vẫn	O
giục	O
nhưng	O
ko	NORM
nhất	O
quyết	O
1	O
mất	O
1	O
còn	O
như	O
trước,	O
thậm	O
chí	O
còn	O
bênh	O
vực	O
khi	O
t	NORM
bị	O
người	O
khác	O
chì	O
chiết.	O

Có	O
tháng	O
ck	NORM
t	O
còn	O
dưới	O
10	O
chẹo,	NORM
và	O
sắp	O
sửa	O
nợ	O
hơi	O
bị	O
nhiều	O

bác	O
nói	O
nhẹ	O
đó,	O
bạn	O
hõng	NORM
có	O
zô	NORM
ziên	NORM
mà	O
là…zô	NORM
záo	NORM
zục	NORM

Có	O
vợ	O
hết	O
rồi	O
mà	O
nói	O
gì	O
zị	NORM
tr	NORM

K	NORM
thấy	O
ae	NORM
gà	O
quyền	O
lên	O
tiếng	O
ta	O

Cứ	O
cười	O
đi	O
,	O
bán	O
rẻ	O
đi	O
xong	O
thuế	O
nó	O
hoit	NORM
thuế	O
thu	O
nhập	O
cá	O
nhân	O
nó	O
thu	O
35%	O
rồi	O
lúc	O
đó	O
khóc	O

bạn	O
N	O
bạn	O
thân	O
bà	O
giờ	O
xao	NORM
rồi	O
:)))))	O

bic	NORM
ai	O
trả	O
luôn	O
r	NORM
đó	O

má	O
c	NORM
đi	O
ra	O
đường	O
cẩn	O
thận	O
nha	O
bà	O

Như	O
vậy	O
ngta	NORM
đánh	O
giá	O
cho	O
là	O
nhà	O
k	NORM
có	O
giáo	O
dục	O

Là	O
tao,	O
t	NORM
k	NORM
ăn	O
được	O
t	NORM
k	NORM
dám	O
gắp	O
luôn	O
đây	O
còn	O
bới	O
tận	O
3	O
lần	O
ăn	O
miếng	O
nạc,	O
vô	O
duyên	O
thật	O
còn	O
kêu	O

con	O
hôm	O
trc	NORM
ck	NORM
cho	O
vợ	O
xem	O
là	O
chuột	O
lang	O
nc	NORM

dô	NORM
duyên	O
thiệt	NORM
mà	O
mẹ	O
:)))	O

thí	O
dụ	O
có	O
gớt	NORM
môn	O
thì	O
nhớ	O
tham	O
khảo	O
cách	O
khởi	O
nghiệp	O
này	O
nha	O

Em	O
gái	O
có	O
chơi	O
bede	NORM
với	O
c	NORM
hok	NORM

khum	NORM
phải	O
vội	O
nha	O
chị	O

thích	O
thì	O
cũng	O
flirt	O
mượt	O
thui	NORM
:)))	O

Gà	O
said:	O
năm	O
đ	NORM
nào	O
cũng	O
có	O
hạn	O
lạ	O
thật:))	O

Huhu	O
vì	O
cái	O
bài	O
này	O
mà	O
tk	NORM
bị	O
hạn	O
chế	O

Chào	O
mk	NORM
là	O
thuyết	O
trình	O

Biết	O
rồi	O
thì	O
cũng	O
là	O
lúc	O
không	O
dứt	O
ra	O
được,	O
ngốk	NORM

nghĩ	O
sao	O
lên	O
bv	NORM
ăn	O
uống	O
chỗ	O
người	O
ta	O
đánh	O
đẻ	O
vậy	O
trời	O
tôi	O
ko	NORM
nghe	O
mùi	O
bv	NORM
tôi	O
ko	NORM
chịu	O
nổi	O

Ny	NORM
em	O
chắc	O
đang	O
học	O
mẫu	O
giáo	O
ạ,	O
ko	NORM
sao	O
đợi	O
đc	NORM
=)))))	O

lên	O
trend	O
luôn	O
bạn	O
êiiiiii	NORM

Caia	NORM
vim	O
cài	O
sạch	O
hơn	O
mà	O
thơm	O
nữa	O

Bắt	O
trend	O
phết	O
nhaa,	NORM
chưa	O
chi	O
đã	O
có	O
post	O
lật	O
mặt	O
meme	O
rồi	O
:))	O

ê	O
đi	O
ngành	O
luật	O
giống	O
kao	NORM
để	O
cười	O

dắt	NORM
óc	O
si	NORM
nghĩ	O
nhức	O
đầu	O
dữ	O
lắm	O
á	O
tr	NORM

Quán	O
ế	O
lên	O
mạng	O
cho	O
đỡ	O
stress	O
mà	O
áp	O
lực	O
online	O
lun	NORM

tối	O
ck	NORM
mình	O
xem	O
tiktok	O
chắc	O
áp	O
lực	O
lắm,	O
thế	O
mà	O
mình	O
vẫn	O
mắng	O
ck	NORM
mình	O
đc,	NORM
mình	O
sai	O
rồi	O
:((	O

Còn	O
đây	O
là	O
thằng	O
bạn	O
t	NORM
khi	O
n	NORM
mặc	O
cái	O
quần	O
1	O
ống	O
của	O
ny	NORM
nó	O

Thì	O
zậy	NORM
cho	O
nó	O
an	O
toàn	O
:))	O

nói	O
ra	O
câu	O
này	O
là	O
m	NORM
sai	O
r	NORM
:)))	O

Co	NORM
le	NORM
minh	NORM
nen	NORM
song	NORM
cham	NORM
lai	NORM

lên	O
nhạc	O
liền	O
thôi	O
ae	NORM
=)))	O

pà	NORM
hiến	O
máu	O
có	O
được	O
tặng	O
hok	NORM
pà	NORM

Nay	NORM
goi	NORM
la	NORM
ngu	O
mà	O
còn	O
lì	O

Căn	O
bản	O
là	O
a	NORM
đen	O
k	NORM
có	O
tiền	O

kb	NORM
con	O
đồng	O
chí	O
nào	O
????	O

t	NORM
cx	NORM
muốn	O
nuôi	O
capybara!!!!!	O

Một	O
chút	O
chít	NORM
trong	O
tym	NORM

Cao	O
quy	O
linh	O
nhà	O
e	NORM
đi	O
quý	O
zị	NORM
15ka	O
1	O
cốc	O
thui	NORM
ạ	O

đừng	O
giấu	O
vợ	O
kĩ	O
thế	O
a	NORM
!	O

Chỉ	O
những	O
đứa	O
học	O
giỏi	O
ms	NORM
hiểu	O

Vẫn	O
cứ	O
là	O
đang	O
lớn	O
nhé	O
i	NORM

mắt	O
đổ	O
mồ	O
hôi	O
chứ	O
em	O
ko	NORM
khóc	O
=)))))))))))))))))	O

sao	O
trốn	O
đi	O
bán	O
1	O
mình	O
d	NORM
má	O

bà	O
nói	O
tắm	O
cho	O
ổng	O
là	O
cái	O
mặt	O
khoái	O
k	NORM
nói	O
đc	NORM
j	NORM
trong	O
3s	O
luôn	O

Ngta	NORM
còn	O
xinh	O
thì	O
tui	O
còn	O
mê:))))	O

Tòa	O
án	O
hay	O
CA	NORM
làm	O
việc	O
sẽ	O
có	O
giấy	O
tờ	O
bằng	O
văn	O
bản	O
gửi	O
về	O
nhà	O
chứ	O
không	O
thông	O
báo	O
qua	O
cái	O
tin	O
nhắn	O
vớ	O
vẩn	O
này	O
đâu.	O

A	NORM
vào	O
đây	O
đi	O
kkkk	O

nhìn	O
hợp	O
vãi	O
=)))))	O
nhưng	O
mà	O
có	O
ai	O
ghép	O
ảnh	O
st	O
x	O
ysl	O
dc	NORM
ko,	NORM
tự	O
nhiên	O
nghĩ	O
ra	O
cái	O
vibe	O
thích	O
ghê	O
chứ	O
hehe	O

Cơ	O
mà	O
nếu	O
không	O
biết	O
gì	O
về	O
ggt	O
bên	O
Trung	O
thì	O
t	NORM
cũng	O
chỉ	O
nghĩ	O
là	O
tri	O
kỉ/bạn	O
già,	O
người	O
bạn	O
kia	O
nhìn	O
ra	O
gay	O
couple	O
kiểu	O
gì	O
v	NORM
:)))	O

Tổnk	NORM
thưn	NORM
quá	O
lóc	O
cả	O
họ	O
hàng	O
thôi	O

mình	O
thì	O
chỉ	O
mong	O
tìm	O
đc	NORM
chỗ	O
làm	O
ổn	O
ko	NORM
fải	NORM
giao	O
tiếp	O
như	O
thế	O
thôi	O
ạ	O

lần	O
nào	O
gặp	O
cx	NORM
rủ	O
sát	O
úp	O

nói	O
nhìu	NORM
cũn	NORM
mệc	NORM
chớ	NORM
bộ	O
!!!	O

Lần	O
đầu	O
dùng	O
tinder	O
mị	O
nhầm	O
quẹt	O
phải	O
với	O
quẹt	O
trái,	O
thế	O
là	O
cứ	O
đọc	O
bio,	O
xem	O
hình,	O
xong	O
quẹt	O
phải	O
(trong	O
đầu	O
lại	O
nghĩ	O
là	O
mình	O
đang	O
quẹt	O
từ	O
chối	O
đó)	O
thế	O
là	O
ko	NORM
hiểu	O
sao	O
match	O
1	O
đống	O
người,	O
sau	O
khi	O
phát	O
hiện	O
ra	O
thì	O
đi	O
unmatch	O
hết,	O
vì	O
hầu	O
như	O
chỉ	O
có	O
vài	O
người	O
chủ	O
động	O
nói	O
chuyện	O
thôi	O

Xin	O
thay	O
mặt	O
ae47	NORM
xin	O
lỗi	O
chủ	O
tiệm	O
ạ.	O

Ăn	O
hết	O
thì	O
thôi	O
mua	O
cái	O
mới	O
ăn	O
đc	NORM
là	O
đc	NORM
r	NORM
chỉ	O
sợ	O
k	NORM
chịu	O
ăn	O
gì	O
thoii	NORM

nhà	O
tu	NORM
hinh	NORM
trai	NORM
tim	O

tại	O
nhiệt	O
tình	O
quá	O
nên	O
ngta	NORM
chán	O
^^	O

K	NORM
ấy	O
lm	NORM
gỏi	O
chuột	O
hay	O
ruồi	O
muỗi	O
đi…	O
chứ	O
hao	O
gà	O
quá	O

r	NORM
khok	NORM
tin	O
đc	NORM
lên	O
đh	NORM
sẽ	O
p	NORM
học	O
tiếp	O
cái	O
đó	O
luong°	NORM

t7	NORM
mát	O
trời	O
quas,	NORM
lái	O
xe	O
ra	O
ngoài	O
nào	O
=))	O

méo	NORM
ai	O
như	O
cha	O
nội	O
đâu	O

Còn	O
lại	O
mặt	O
gầy	O
,	O
tay	O
gầy	O
khẳng	O
khiu	O
còn	O
hơn	O
tay	O
t	NORM
mà	O
kêu	O
k	NORM
mi	O
nhon	O
:)))	O

nước	O
nó	O
làm	O
j	NORM
v	NORM
a	NORM

Idol	O
một	O
thời	O
cụa	NORM
emm...	NORM

khi	O
lời	O
nói	O
bị	O
làm	O
tổn	O
thương	O
chái	NORM
tim	O
bé	O
bỏng	O

Từ	O
từ	O
cho	O
đi	O
hết	O
cô	O
iu	NORM
xuất	O
sắc	O

Mình	O
lương	O
4tr,	O
vợ	O
mình	O
lương	O
4tr	O
nữa	O
là	O
tổng	O
đc	NORM
8tr,	O
nuôi	O
3	O
đứa	O
con	O
luôn,	O
cơm	O
vẫn	O
thịt	O
cá	O
đầy	O
đủ	O

Sinh	O
ra	O
ở	O
vạch	O
đích	O
thì	O
tuổi	O
tác	O
có	O
cũng	O
như	O
ko	NORM

Mình	O
cho	O
phép	O
các	O
bạn	O
gáy,	O
tại	O
này	O
người	O
ta	O
được	O
nêu	O
tên	O
thiệt,	O
chứ	O
khum	NORM
phải	O
là	O
up	O
sờ	O
to	O
gi	O
gòi	NORM
fan	O
ảo	O
tưởng	O

trước	O
thấy	O
mcu	O
nổi	O
quá	O
nên	O
toy	NORM
ráng	O
thử	O
xem	O
mấy	O
phim	O
mà	O
thấy	O
phim	O
nào	O
cũng	O
dở	O
ói	O
không	O
ngấm	O
được	O

bình	O
tĩnh	O
thôi	O
biết	O
đâu	O
ny	NORM
m	NORM
đang	O
học	O
lớp	O
1	O

Nhìn	O
hề	O
hước	O
mà	O
khum	NORM
dám	O
nói	O
khum	NORM
dám	O
cười	O

T	NORM
thì	O
hồi	O
ở	O
vn	O
t	NORM
không	O
bị	O
viêm	O
VA,	O
chỉ	O
viêm	O
phế	O
quản	O
thôi	O
:)))	O

Bg	NORM
thì	O
toàn	O
đi	O
xe	O
thôi,	O
nma	NORM
vẫn	O
thích	O
cực	O
kì	O
cảm	O
giác	O
ở	O
vùng	O
đất	O
An	O
Giang.	O

bài	O
này	O
đọc	O
lần	O
t3	NORM
vẫn	O
cười	O
đ	NORM
kịp	O
thở	O

Trg	NORM
mình	O
còn	O
ko	NORM
có	O
điều	O
hòa	O
nè.	O

Sao	O
k	NORM
đeo	O
găng	O
tay	O
vào	O
ợ	NORM

Ko	NORM
có	O
tải	O
tiktok	O
bấm	O
vào	O
xem	O
ko	NORM
có	O
thoải	O
mái	O

điện	O
thoại	O
của	O
người	O
ta	O
thì	O
ngta	NORM
để	O
ảnh	O
ngta	NORM
mắc	O
gì	O
sân	O
si?	O

Xin	O
lũi	NORM
nhà	O
có	O
2	O
em	O
bé	O

Ny	NORM
gắp	O
cho	O
gì	O
thì	O
ăn	O
nấy	O

Giới	O
trẻ	O
pih	NORM
thật	O
là	O
thờ	O
ơ	O
vs	NORM
hoa	O
quả	O
quá	O

Cũng	O
như	O
đi	O
xem	O
phim	O
một	O
mình	O
nó	O
phẻ	NORM
hơn	O
nhiều,	O
ko	O
phải	O
lo	O
gu	O
của	O
ng	NORM
cùng	O
xem,	O
cũng	O
ko	NORM
phải	O
chọn	O
h	NORM
nào	O
phải	O
phù	O
hợp	O

r	NORM
có	O
như	O
dị	NORM
khum	NORM

Thả	O
2	O
hlv	NORM
2	O
bên	O
ra	O
nào	O
:)))	O

Zô	NORM
ziên	NORM
ghê	O
á,	O
tự	O
nhiên	O
vô	O
không	O
nói	O
1	O
tiếng	O
à	O

đừng	O
đùa	O
vs	NORM
thần	O
cht	NORM

Người	O
ta	O
có	O
xem	O
b	NORM
là	O
b	NORM
thân	O
ko	NORM
trước	O
đã	O
mà	O
thường	O
đám	O
hỏi	O
ít	O
mời	O
lắm	O
chờ	O
k	NORM
mời	O
cưới	O
r	NORM
nghỉ	O
chơi	O
ik	NORM
:>	O

Chị	O
này	O
đáng	O
iu	NORM
chịu	O
nha	O

làm	O
món	O
này	O
cho	O
ngừi	NORM
chị	O
iu	NORM
dấu	O
của	O
chúng	O
ta	O
thui	NORM

đc	NORM
lên	O
báo	O
lun	NORM
trời	O
chứn	NORM
zị	NORM
chờiiiiii	NORM

0	O
và	O
0,8	O
đang	O
đoánh	NORM
giá	O
nhẹ	O

Bị	O
cướp	O
dây	O
k	NORM
biếc	NORM
coăn	NORM
nào	O
lấy	O
luôn	O

Bây	O
giờ	O
thỉnh	O
thoảng	O
có	O
topic	O
đào	O
lại	O
mới	O
phát	O
hiện	O
ra	O
ngũ	O
quan	O
cổ	O
đẹp	O
từ	O
xưa,	O
nhưng	O
mà	O
lạ	O
là	O
ngày	O
xưa	O
chỉ	O
thấy	O
TLD	O
mặt	O
xinh	O
xắn	O
và	O
dễ	O
nhớ	O
thôi	O
chứ	O
t	NORM
ko	NORM
thích	O
nhiều	O
như	O
bây	O
giờ	O

Vk	NORM
ck	NORM
ko	NORM
gần	O
nhau	O
nhiều	O
thì	O
sao	O
bền	O
lâu	O
được	O

Ko	NORM
cần	O
tiền	O
thì	O
định	O
sinh	O
con	O
ra	O
để	O
nó	O
uống	O
sương	O
mà	O
lớn	O
hả	O
mn	NORM

khi	O
đó	O
bạn	O
sẽ	O
k	NORM
có	O
ý	O
nghĩ	O
đó	O
nx	NORM

Thế	O
lương	O
20tr	O
có	O
lấy	O
được	O
vợ	O
nữa	O
ko	NORM
ad	O

Lúc	O
tìm	O
cty	NORM
thực	O
tập,	O
cũng	O
may	O
mắn	O
tìm	O
dc	NORM
cty	NORM
sau	O
1	O
lần	O
pv,	NORM
lương	O
thử	O
việc	O
12tr,	O
mà	O
tui	O
làm	O
3	O
ngày	O
nghỉ	O
ngang	O

Sau	O
nó	O
biết	O
thì	O
tức	O
tức	O
đ	NORM
hiểu	O
kiểu	O
gì	O

K	NORM
minhon	O
nhưng	O
chân	O
ngắn	O
mặt	O
xấu	O
như	O
t	NORM
đây	O
thì	O
trời	O
cíu	NORM
nha	O

s	NORM
nó	O
biết	O
hay	O
z	NORM

đề	O
nghị	O
mấy	O
chiếc	O
moto	O
í	NORM
sau	O
này	O
gắn	O
thêm	O
còi	O
cứu	O
thương	O
vào	O

Ko	NORM
cho	O
xg	NORM
xe	O
đi	O
bộ	O
về	O
méc	O
mẹ	O
đâu	O

Na	O
Trát	O
với	O
cô	O
này	O
nhìn	O
giống	O
nhau	O
nhỉ,	O
khác	O
cái	O
là	O
mắt	O
NT	O
to	O
hơn	O
nên	O
ko	NORM
có	O
vẻ	O
anh	O
khí	O
như	O
cô	O
này	O

tiếp	O
thu	O
liền	O
c	NORM
oi	O

Đợt	O
t	NORM
thi	O
đại	O
học,	O
năm	O
đầu	O
tiên	O
thi	O
THPT	O
Quốc	O
gia,	O
t	NORM
mù	O
hoá,	O
tính	O
mon	O
(đọc	O
là	O
mon	O
còn	O
viết	O
nào	O
t	NORM
ko	NORM
rõ)	O
t	NORM
đăng	O
kí	O
thêm	O
môn	O
hoá	O
là	O
do	O
thầy	O
chủ	O
nhiệm	O
bảo	O
ko	NORM
biết	O
hoá	O
nhưng	O
biết	O
tô	O

Mẹ	O
iu	NORM
order	O
đuy	NORM
:>>>	O

lý	O
do	O
nhà	O
mình	O
ko	NORM
dám	O
lướt	O
tóp	O
tóp	O
:))	O

Bme	NORM
k	NORM
bik	NORM
dc	NORM
hưởng	O
cái	O
phúc	O
này	O
k	NORM

Ăn	O
thế	O
có	O
khi	O
me	NORM
t	NORM
tiễn	O
cái	O
dĩa	O
ra	O
sân	O
mất	O

Mình	O
vừa	O
mới	O
ngất	O
ở	O
cty	NORM
tháng	O
trước	O
công	O
việc	O
ôm	O
đồm	O
1	O
thân	O
1	O
đống	O

cf	NORM
sao	O
quay	O
phòng	O
chi	O
z	NORM

bị	O
cắm	O
sừng	O
hay	O
thất	O
tình	O
tủi	NORM
loz	NORM
với	O
cảm	O
giác	O
này.	O

Moè	NORM
nhà	O
tôi	O
cọ	O
vào	O
chân	O
tôi	O
xong	O
nó	O
tát	O
chân	O
tôi	O
chục	O
cái	O
????	O

Hoảng	O
quá	O
nên	O
mình	O
chỉ	O
nằm	O
im,	O
cô	O
ở	O
quán	O
sửa	O
xe	O
đó	O
đã	O
đỡ	O
dìu	O
mình	O
vào	O
vệ	O
đường,	O
hỏi	O
han	O
có	O
sao	O
không,	O
mấy	O
anh	O
ở	O
đó	O
cũng	O
dắt	O
xe	O
gọn	O
vào,	O
lúc	O
mình	O
tỉnh	O
táo	O
hơn	O
xíu	O
có	O
mấy	O
bạn	O
svien	NORM
lấy	O
giấy	O
và	O
khăn	O
cho	O
mình	O
thấm	O
máu	O
ở	O
đầu	O
gối	O
nữa	O
^^	O

Em	O
nhà	O
ngta	NORM
lạ	O
quá	O

Mình	O
cũng	O
k	NORM
ăn	O
thịt	O
mỡ	O
và	O
ăn	O
gà	O
thì	O
bỏ	O
da,	O
nhưng	O
có	O
any	O
hỗ	O
trợ	O
khi	O
ăn	O
chung	O
là	O
lấy	O
phần	O
mỡ	O
và	O
da	O
gà	O
ra	O
cho	O
mình,	O
nếu	O
any	O
k	NORM
lấy	O
thì	O
nghỉ	O
ăn	O
1	O
bữa	O
thịt	O
cũng	O
đc	NORM
mà,	O
còn	O
nhiều	O
món	O
khác	O
sao	O
lại	O
bới	O
như	O
vậy	O

ở	O
nhà	O
ăn	O
với	O
bame	NORM
mà	O
bới	O
còn	O
bị	O
chửi	O
nói	O
gì	O
là	O
nhà	O
người	O
ta	O
?	O

trước	O
nay	O
vẫn	O
nghĩ	O
chị	O
iu	NORM
theo	O
đuổi	O
hình	O
tượng	O
giống	O
kiểu	O
idol	O
kpop	O
nên	O
là	O
với	O
khả	O
năng	O
của	O
chị	O
tham	O
gia	O
vào	O
mô	O
hình	O
nhóm	O
nhạc	O
ms	NORM
ổn,	O
chỉ	O
việc	O
hát	O
vài	O
câu	O
phần	O
còn	O
lại	O
đồng	O
đội	O
gánh,	O
hát	O
nhảy	O
tàm	O
tạm	O
k	NORM
phá	O
game	O
là	O
được	O
việc	O
của	O
chị	O
là	O
lung	O
linh	O
trên	O
sân	O
khấu	O
thôii	NORM
=)))	O

Đừng	O
để	O
nta	NORM
bảo	O
bme	NORM
mình	O
k	NORM
biết	O
dạy	O
con,	O
dù	O
tự	O
nhiên	O
như	O
ở	O
nhà	O
thì	O
cũng	O
chả	O
ai	O
bới	O
lên	O
ăn	O
nthe	O
đâu	O
e	NORM
ạ.	O

Bài	O
này	O
đẹp	O
thật,	O
t	NORM
xem	O
video	O
chưa	O
dám	O
bật	O
âm	O
thanh	O
nhưng	O
phải	O
công	O
nhận	O
là	O
phần	O
nhìn	O
rất	O
keo	O

ước	O
b	NORM
mình	O
lên	O
stream	O
tương	O
tác	O
sùi	O
bọt	O
mép	O

Khoai	O
lang	O
truyền	O
thống	O
ko	NORM
ăn	O
lại	O
đua	O
đòi	O
ăn	O
Khoai	O
tây	O
cơ	O

Đát	O
đi	O
nào	O
rửa	O
tiền	O
z	NORM
chời	NORM

Thế	O
ko	NORM
ai	O
mò	O
đc	NORM
FB	O
thằng	O
này	O
để	O
thiên	O
hạ	O
vào	O
chửi	O
à	O

Ngta	NORM
chơi	O
tiktok	O
kiếm	O
tiềm	O
tỉ,	O
tui	O
chơi	O
tiktok	O
hở	O
ra	O
là	O
cà	O
giựt	NORM
cà	O
thọt	O
nhạc	O
cháy	O
nọ	O
kia	O

chỗ	O
tui	O
hay	O
kể	O
nè,	O
dề	NORM
ik	NORM
dẫn	O
cho	O
đi	O
xem	O

T	NORM
tháy	NORM
gen	O
Z	O
bh	NORM
nó	O
dám	O
nói	O
những	O
điều	O
mà	O
8x9x	O
hxua	NORM
đi	O
làm	O
ko	NORM
dám	O
nói,	O
nên	O
hay	O
bị	O
sếp	O
đè	O
đầu,	O
anh	O
chị	O
đồng	O
nghiệp	O
thì	O
ôi	O
thôi	O
tha	O
hồ	O
sai	O
vặt	O

tìm	O
1	O
con	O
ship	O
về	O
coii	NORM

"Rep	O
vầy	O
có	O
trơ	O
trẽn	O
lộ	O
liễu	O
quá	O
hông	NORM
ta"	O

Không	O
nói	O
vừa	O
ăn	O
hết	O
gói	O
thạch	O
zai	NORM
zai	NORM
của	O
em	O
đâu	O

chị	O
đọc	O
cmt	O
đi	O
rồi	O
tự	O
nhiên	O
chị	O
thấy	O
mình	O
là	O
ngừ	NORM
coan	NORM
của	O
Quỏng	NORM
Ngữa	NORM
dè	NORM
Bừn	NORM
đựn	NORM

k	NORM
trả	O
sau	O
có	O
cl	NORM

Cờ	O
đỏ	O
như	O
t	NORM
thì	O
luôn	O
luôn	O
tìm	O
cờ	O
đỏ	O
mới	O
thấy	O
thú	O
dị	NORM
:)))	O

chắc	O
em	O
phải	O
làm	O
dị	NORM
cho	O
ổn	O
định	O

Ng	NORM
duy	O
nhất	O
ra	O
khỏi	O
phòng	O
khỏi	O
nhà	O
là	O
bạn	O
đó.	O

sao	O
tình	O
yêu	O
nhà	O
ngta	NORM
lúc	O
nào	O
cũng	O
đẹp	O
thế	O
nhỉ?	O

sau	O
mua	O
chừa	O
ra	O
cho	O
iêm	NORM
nhó	NORM

Đôi	O
môi	O
kì	O
diệu	O
của	O
t	NORM
đánh	O
màu	O
nào	O
nó	O
cũng	O
ra	O
hồng	O
hết	O

Đc	NORM
của	O
ló,	NORM
để	O
sn	NORM
bạn	O
mình	O
làm	O
zị	NORM

khả	O
năng	O
mai	O
t	NORM
phải	O
tăng	O
ca	O
để	O
mua	O
quyển	O
vở	O
vs	NORM
cái	O
bút	O
để	O
cho	O
m	NORM
về	O
còn	O
học	O
bài	O
:))	O

Khó	O
dị	NORM
cũg	NORM
nghĩ	O
ra	O
:)))	O

nhớ	O
nhó	NORM
các	O
bạn	O
mở	O
bài	O
tủ	O
cụa	NORM
mình	O
đếyy	NORM

chạy	O
leo	O
lên	O
đó	O
chi	O
v	NORM

ngừi	NORM
ta	O
bạn	O
thân	O
mà	O
zị	NORM
đoá.	NORM

Chả	O
công	O
an	O
nào	O
giải	O
quyết	O
đâu,	O
trừ	O
khi	O
gây	O
dư	O
luận	O
xh,	NORM
tống	O
tiền…	O

T	NORM
có	O
1	O
cây	O
son	O
của	O
Hoa	O
tây	O
tử	O

trẻ	O
con	O
giờ	O
nó	O
ko	NORM
thèm	O
thuồng	O
đâu	O

bếu	NORM
ác	O
luôn	O
á	O
chớ	NORM

Thế	O
thì	O
mình	O
đổi	O
viết	O
chữ	O
như	O
thư	O
pháp	O
điii	NORM

lên	O
xe	O
theo	O
e	NORM
đi	O
đòi	O
công	O
lý	O

Tôi	O
học	O
1g	NORM
trưa	O
ngồi	O
quạt	O
đây	O
:)))	O

e	NORM
rút	O
lại	O
lời	O
xin	O
lỗi	O
nhé	O
:))	O

mẹ	O
ơi	O
thần	O
tiên	O
này	O
tồn	O
tại	O
saoooo	NORM

gắng	O
lắng	O
nghe	O
bằng	O
dc	NORM
tới	O
mức	O
đau	O
đầu	O

Thật	O
ra	O
chúng	O
toy	NORM
mặc	O
áo	O
đen	O
trông	O
cho	O
gầy,	O
nắng	O
tí	O
cũng	O
cố	O
chịu	O

Chài	NORM
ai	NORM
sao	O
dễ	O
thương	O
dữ	O
z	NORM

cẩn	O
thận	O
k	NORM
là	O
khởi	O
nghịp	NORM
sớm	O

bố	O
m	NORM
kiếm	O
đc	NORM
1	O
tr	NORM
đầu	O
tiên	O
khi	O
tham	O
gia	O
oánh	NORM
3-10,11-18	O
và	O
sau	O
là	O
những	O
lần	O
ăn	O
l	NORM
liên	O
tục	O

tui	O
đã	O
khóc	O
khi	O
đọc	O
chiện	NORM
này	O

nghe	O
nói	O
mỗi	O
ng	NORM
cho	O
e	NORM
cây	O
vàng	O
còn	O
được	O
=))	O

bữa	O
đưa	O
có	O
tờ	O
20	O
mà	O
bị	O
chửi	O
cho	O
toa	O
đầu	O
r	NORM
nói	O
chi	O
500	O

Gì	O
mà	O
dễ	O
thương	O
dữ	O
z	NORM

Tụi	O
nhỏ	O
đang	O
thì	O
thầm	O
với	O
nhau:	O
Phí	O
quáaaaaaa	NORM

đi	O
đâu	O
để	O
ngta	NORM
chụp	O
đăng	O
vậy	O
cậu	O

đâm	O
đơn	O
kiện	O
đến	O
cùng	O
cho	O
nó	O
ság	NORM
mắt	O
ja	NORM

đính	O
chính	O
nào	O
b	NORM
ưi	NORM

trải	O
qua	O
n	O
cái	O
xà	O
lơ	O
thì	O
mới	O
nhận	O
ra	O
có	O
khi	O
m	NORM
coi	O
ngkhac	NORM
là	O
b	NORM
thân	O
nma	NORM
ng	NORM
khác	O
coi	O
m	O
là	O
hạt	O
cát	O
:')	O

mau	O
thiệt,	O
t	NORM
mới	O
chỉ	O
xem	O
demo	O
cái	O
phim	O
lật	O
mặt	O
lên	O
đời	O
này,	O
mà	O
đã	O
nhìn	O
page	O
chế	O
memes	O
rồi	O

Vậy	O
là	O
biết	O
ai	O
sẽ	O
thay	O
shark	O
bình	O
r	NORM

hôm	O
nào	O
zô	NORM
bơm	O
bánh	O
xe	O
kh	NORM
ox	NORM
:))))	O

Do	O
c	NORM
bới	O
lên	O
đó	O
c	NORM
gái	O

ê	O
nma	NORM
sao	O
nó	O
tan	O
nhanh	O
quá	O
à	O
xài	O
có	O
tuần	O
là	O
mún	NORM
hết	O
ròi	NORM

nhìn	O
quen	O
mà	O
kh	NORM
nhớ	O
nhìn	O
ở	O
đâu	O

ngành	O
của	O
chị	O
toàn	O
não	O
to	O
như	O
nài	NORM
ak	NORM

Vì	O
cuộc	O
sống	O
ben	NORM
chen	O
vì	O
đồng	O
lương	O
ít	O
ỏi	O
thôi	O
'((	O
Không	O
đi	O
khám	O
thì	O
lo	O
lắng	O
mà	O
đi	O
khám	O
sợ	O
lòi	O
bệnh	O
'))	O

Ko	NORM
phải	O
cháo	O
mà	O
lại	O
còn	O
vón	O
cục	O
dễ	O
hốt	O
lại	O
thế	O
kia	O
là	O
còn	O
may	O
chán,	O
vẫn	O
ăn	O
đc	NORM
hết	O
mà	O

bọn	O
hs	NORM
kiểu:tiếc	O
thế	O
nhỉ.	O

Toi	NORM
đã	O
cười	O
rất	O
nhiều	O

sống	O
an	O
nhàn	O
cx	NORM
bị	O
dính	O

xin	O
lũi	NORM
nhưng	O
toi	NORM
phải	O
tag	O
bạn	O
:))	O

cty	NORM
có	O
cần	O
genz	O
nữa	O
ko	NORM
pà	NORM

không	O
phải	O
do	O
t	NORM
khó	O
tính	O
đâu	O
đấy	O
nhá	O
:))	O

ck	NORM
mình	O
chắc	O
đang	O
học	O
cấp	O
3	O
nè	O
=))))))))	O

đi	O
chill	O
anh	O
iu	NORM
ơi	O
=))	O

Điều	O
này	O
ko	NORM
áp	O
dụng	O
với	O
chồng	O
tui	O
nha,	O
cưới	O
vợ	O
xong	O
còn	O
đẹp	O
zai	NORM
hơn	O
hồi	O
chưa	O
vợ	O

Con	O
nít	O
nó	O
ko	NORM
biết	O
chạy	O
cái	O
ào	O
ra	O
bị	O
đụng	O
là	O
lỗi	O
mình	O
mà	O
đi	O
đánh	O
ng	NORM
ta.	O

coi	O
bao	O
nhiêu	O
tập	O
r	NORM
mới	O
thấy	O
góc	O
nhìn	O
mới	O
lạ	O
này	O
cp	O
Hoàng	O
Hà	O

em	O
thấy	O
mấy	O
câu	O
chuyện	O
này	O
bth	NORM
giữa	O
mấy	O
người	O
yêu	O
nhau	O
luôn	O
á,em	O
cũng	O
đang	O
bị	O
chứng	O
khó	O
ngủ,ny	NORM
em	O
cũng	O
làm	O
giờ	O
hành	O
chính,trước	O
khi	O
ảnh	O
ngủ	O
ảnh	O
cũng	O
tâm	O
sự	O
với	O
em,có	O
hôm	O
ảnh	O
được	O
nghỉ	O
là	O
ảnh	O
đòi	O
thức	O
đến	O
khi	O
nghe	O
em	O
thở	O
đều	O
nhma	NORM
hông	NORM
thức	O
trâu	O
bằng	O
;>	O

mới	O
vô	O
ca	O
còn	O
đỡ	O
chứ	O
gần	O
về	O
mà	O
vô	O
thì	O
chỉ	O
có	O
nước	O
khók	NORM

phòng	O
a	NORM
có	O
con	O
như	O
dị	NORM
kh	NORM
:((	O

Chị	O
làm	O
thhêm	NORM
combo	O
nôn	O
ói,	O
đầu	O
óc	O
lúc	O
nhớ	O
lúc	O
không,	O
không	O
có	O
BHYT	NORM
cho	O
em.	O

ko	NORM
có	O
z	NORM
nghe	O
chưa	O

mẹ	O
kêu	O
ngta	NORM
đừng	O
bỏ	O
hành	O
nha	O

Có	O
thể	O
các	O
bạn	O
ko	NORM
tin	O
nhưng	O
đám	O
cưới	O
cực	O
kì	O
bận	O
và	O
quên	O
là	O
chuyện	O
bt.	NORM

K	NORM
phai	NORM
giận	O
ma	NORM
người	O
ta	O
xem	O
sự	O
tử	O
tế	O
của	O
bạn	O
ntn	O
thôi	O

thứ	O
2	O
đầy	O
si	NORM
ngẫm	O

lưng	O
Ling	NORM
đẹp	O
hơn	O
lưng	O
t	NORM
nữa	O

Thề	O
chứ	O
cái	O
stage	O
t	NORM
thấy	O
mỗi	O
cái	O
khoản	O
visual	O
của	O
4	O
c,	NORM
sân	O
khấu	O
đẹp	O
chấm	O
hết	O
còn	O
bản	O
phối	O
thì	O
thật...t	NORM
xem	O
chưa	O
đến	O
1	O
phút	O
là	O
ngừng	O
rồi	O
phải	O
qua	O
bản	O
gốc	O
nghe	O
lại	O
cho	O
tịnh	O
tâm	O

ny	NORM
m	O
mới	O
học	O
c1	O
thoi	NORM

Hôn	O
x	O
t	NORM
mất	O
cmn	O
hứng	O
luôn	O
,	O
xong	O
2	O
vck	NORM
cãi	O
nhau	O
,	O
thế	O
là	O
mỗi	O
đứa	O
1	O
góc	O
giường	O

trượt	O
đh	NORM
làm	O
đc	NORM
k	NORM
ạ	O

còn	O
đi	O
trách	O
ngược	O
lại	O
thì	O
chịu	O
roy	NORM

Iu	NORM
trai	O
Ziệt	O
cho	O
lành	O
:))	O

Phải	O
vk	NORM
hay	O
ny	NORM
tao	O
thì	O
còn	O
nhục	O
dài.	O

trếc	NORM
mẹ	O
pể	NORM
pónk	NORM
r	NORM
=)))))))	O

An	O
Dương	O
sợ	O
quá	O
đi,	O
nma	NORM
tớ	O
thấy	O
bạn	O
hiền	O
khô	O
à	O

bữa	O
nào	O
chơi	O
thử	O
khum	NORM

cuối	O
cùng	O
tui	O
cũng	O
đc	NORM
cmt	O
cái	O
vid	O
này	O
r	NORM

Ngta	NORM
chỉ	O
bảo	O
là	O
sinh	O
viên	O
năm	O
nhất	O
thôi	O
mà	O
khum	NORM
bảo	O
là	O
sinh	O
viên	O
luật	O
đâu:)))	O

Một	O
bên	O
đã	O
quá	O
một	O
bên	O
đẽ	NORM
quéeeee	NORM

sếp	O
zề	NORM
đúm	NORM
khum	NORM
bà,	O
tui	O
đồng	O
nghiệp	O
bà	O
nên	O
hỉu	NORM
kaka	O

mai	O
nhớ	O
gọi	O
anh	O
dậy	O
nha	O
bxa	NORM

ko	NORM
thích	O
tí	O
nào	O
đâu	O

K	NORM
đòi	O
ngta	NORM
cũng	O
giả	O
vờ	O
quên	O
luôn	O
ui,	NORM

ko	NORM
sao	O
đâu,	O
ăn	O
dc	NORM
hết	O

đag	NORM
ik	NORM
ngoài	O
đg	NORM
cũn	NORM
phải	O
nghe	O
cho	O
hết	O

như	O
trong	O
tranh	O
lun	NORM
e	NORM

T	NORM
phải	O
mau	O
lấy	O
vợ	O
hoy	NORM

E	NORM
ấy	O
thật	O
xứng	O
đáng,	O
chúc	O
mừng	O
e	NORM
và	O
gia	O
đình	O

phải	O
coi	O
cho	O
kĩ	O
xem	O
có	O
phải	O
đỏ	O
hong,	NORM
đỏ	O
cỡ	O
nào	O
chứ,	O
biết	O
đâu	O
m	NORM
mù	O
màu	O
=))	O

phải	O
làm	O
tour	O
ddi	NORM
Thành	O
Đô	O
thôi	O

Tầm	O
này	O
mình	O
tuổi	O
gì	O
đòi	O
giận,	O
chỉ	O
cần	O
1	O
tn	NORM
"bạn	O
ơi	O
10	O
năm	O
nữa	O
t	NORM
trả"	O
thôi	O
cũng	O
đc	NORM

có	O
bị	O
đúng	O
quá	O
hông	NORM
dị	NORM

Trước	O
lúc	O
lên	O
đh	NORM
em	O
đặt	O
ra	O
mục	O
tiêu:	O
"phấn	O
đấu	O
4	O
năm	O
đh	NORM
không	O
kiếm	O
ny"	NORM

Đó	O
là	O
lý	O
do	O
vì	O
sao	O
mình	O
ko	NORM
muốn	O
lấy	O
chồng	O
đẻ	O
con,	O
sinh	O
con	O
bây	O
giờ	O
rất	O
dễ	O
nhưng	O
để	O
nuôi	O
con	O
trong	O
một	O
xã	O
hội	O
mà	O
con	O
người	O
phải	O
chịu	O
áp	O
lực	O
từ	O
nhiều	O
phía	O
như	O
thế	O
này	O
mình	O
cảm	O
thấy	O
rất	O
tội	O
đứa	O
nhỏ,	O
bản	O
thân	O
mình	O
may	O
mắn	O
vì	O
sinh	O
ra	O
trong	O
gđ	NORM
ko	NORM
khá	O
giả	O
nhưng	O
cũng	O
ko	NORM
thiếu	O
thốn,	O
ba	O
mẹ	O
thì	O
rất	O
tâm	O
lý	O
và	O
tư	O
tưởng	O
hiện	O
đại,	O
ba	O
mẹ	O
chỉ	O
cần	O
mình	O
kiếm	O
tiền	O
đủ	O
sống	O
và	O
khoẻ	O
mạnh	O
là	O
được	O

Nma	NORM
em	O
có	O
1	O
câu	O
hỏi	O
là:	O
thật	O
sự	O
thì	O
mọi	O
người	O
sắp	O
xếp	O
thời	O
gian	O
như	O
thế	O
nào	O
để	O
ew	NORM
đương	O
vậy,	O
em	O
loanh	O
quanh	O
đọc	O
sách	O
xem	O
phim	O
học	O
tiếng	O
anh	O
rồi	O
workout	O
là	O
hết	O
ngày	O

Hồi	O
xưa	O
tui	O
nghĩ	O
tui	O
có	O
thân	O
với	O
chị	O
này	O
lắm,	O
kiểu	O
tui	O
cũng	O
hay	O
kể	O
chuyện	O
này	O
nọ	O
r	NORM
bả	O
động	O
viên	O
tui	O
á	O
(kiểu	O
bả	O
là	O
loại	O
người	O
lí	O
trí	O
nên	O
hay	O
đưa	O
lời	O
khuyên	O
cho	O
tui),	O
bả	O
cũng	O
hay	O
kể	O
tui	O
nghe	O
mấy	O
chuyện	O
nhà	O
bả	O

Tổ	O
độ	O
chuyện	O
tâm	O
linh	O
ko	NORM
đùa	O
được	O
đâu	O

Ai	O
tóm	O
tắt	O
đc	NORM
k	NORM
mn,	NORM
tối	O
cổ	O
quá	O

không	O
muốn	O
đèo	O
Bình	O
thì	O
để	O
Bình	O
đèo	O
cũng	O
được	O
nhoa	NORM

K	NORM
ăn	O
đc	NORM
thịt	O
mỡ	O
k	NORM
có	O
tội	O

Nhưng	O
mà	O
yêu	O
zui	NORM
mờ	NORM

Minh	NORM
cam	NORM
bang	NORM
dam	NORM
nhau	O

tại	O
thấy	O
s	NORM
ns	NORM
z	NORM
thoi	NORM
mà=)	O

Vẫn	O
giữ	O
tính	O
cách	O
thái	O
độ	O
yêu	O
thg	NORM
chiều	O
chuộng	O
vk	NORM
con	O
rứa,	O
thì	O
béo	O
bằng	O
3	O
đây	O
vẫn	O
yêu	O
Tú	O
ợkkkk	NORM

Em	O
có	O
thế	O
bh	NORM
đâu	O
anh	O

Đẹp	O
như	O
minh	O
tinh	O
zậy	NORM

Đọc	O
cmt	O
xem	O
ngta	NORM
bênh	O
bên	O
nào	O
nhiều	O
hơn	O
thì	O
t	NORM
sẽ	O
bênh	O
bên	O
đó	O

Nhưng	O
mình	O
cũng	O
quen	O
k	NORM
ăn	O
sáng	O
vẫn	O
ổn,	O
thỉnh	O
thoảng	O
vui	O
vui	O
ăn	O
thì	O
cũng	O
ksao	O

Game	O
củ	O
c,	NORM
1	O
ngày	O
chơi	O
4	O
5	O
tiếng,	O
cả	O
tháng	O
trời	O
ddeoooo	NORM
quaaa	NORM

Ko	NORM
phải	O
ko	NORM
có	O
chân	O
tình	O
nhưng	O
nếu	O
ko	NORM
có	O
duyên	O
thì	O
ko	NORM
gì	O
có	O
thể	O
níu	O
kéo	O
chân	O
tình	O
bên	O
nhau	O
mãi.	O

nhưng	O
mặc	O
áo	O
trắng	O
đi	O
ctruong	NORM
bẩn	O
v~	NORM
lỏn	NORM

mang	O
theo	O
cả	O
gđ	NORM
làm	O
đc	NORM
k	NORM
ạ	O

Khum	NORM
hướng	O
nội	O
đâu	O
nhưng	O
vẫn	O
ngại,	O
ngại	O
nhưng	O
vẫn	O
hỏi,	O
hỏi	O
rồi	O
vẫn	O
k	NORM
trả	O

bác	O
tài	O
xế:tao	O
lm	NORM
j	NORM
m	NORM
mà	O
m	NORM
lấy	O
dây	O
của	O
tao?	O

Cô	O
t	NORM
thì	O
thay	O
vì	O
giảng	O
cô	O
vt	NORM
luôn	O
lời	O
giảng	O
lên	O
bảng,	O
hiểu	O
thì	O
hiểu	O
kh	NORM
hiểu	O
thì	O
hiểu,	O
toán	O
mà	O
kín	O
bảng	O
hơn	O
văn	O
luôn	O

Tức	O
ghê	O
á	O
cúc	NORM
i	NORM

em	O
nên	O
mang	O
con	O
nào	O
về	O
zay	NORM
mn	NORM

nhưng	O
t	NORM
thấy	O
vấn	O
đề	O
này	O
ko	NORM
đến	O
nỗi	NORM
thế	O

gián	O
còn	O
có	O
cả	O
gia	O
đình	O
k	NORM
nỡ	O
giết	O
lun	NORM

ước	O
gì	O
đi	O
thi	O
cũng	O
được	O
z	NORM

May	O
quá	O
t	NORM
chưa	O
đến	O
mức	O
này	O

Hồi	O
đấy	O
học	O
viên	O
năm	O
3,	O
tưởng	O
là	O
đc	NORM
ra	O
trg	NORM
sớm	O
rồi	O
chứ	O

T	NORM
nói	O
thẳng	O
không	O
nói	O
giảm	O
nói	O
tránh	O
chi	O
đâu	O

hong	NORM
nha,	O
đang	O
bận	O
ăn	O
mì	O
gói	O

Làm	O
dưa	O
hấu	O
sấy	O
đi	O
pà:))	NORM

xem	O
xg	NORM
khóc	O
chứ	O
đùa	O

Xin	O
lỗi	O
nhưng	O
cái	O
đoạn	O
hú	O
củaChi	O
Pu	O
làm	O
toyy	NORM
lại	O
nhớ	O
đến	O
đoạn	O
"are	O
you	O
ready	O
gấu	O
gấu	O
"của	O
bả	O
:)))	O

Đẳng	O
sờ	O
cấp	O
luôn	O
ae.	NORM

Để	O
ảnh	O
em	O
làm	O
hình	O
nền	O
đt	NORM
để	O
hình	O
ảnh	O
cô	O
ấy	O
nằm	O
trong	O
tim	O

bởi	O
iu	NORM
nhắm	O
bỏ	O
hong	NORM
được	O

đi	O
HB	NORM
mà	O
về	O
tay	O
không	O
thì	O
mày	O
thằng	O
úc	O
rởm	NORM

Hồi	O
ba	O
mình	O
còn	O
sống	O
phải	O
ở	O
nhà	O
có	O
1m,	NORM
tụi	O
mình	O
đi	O
làm	O
xa	O
nhà	O
hết,	O
chỉ	O
thỉnh	O
thoảng	O
về	O
nhà	O
chơi	O
thăm	O
ba	O
thôi.	O

Vay	NORM
thì	O
cứ	O
de	NORM
bv	NORM
giam	NORM
đinh	NORM
thuong	NORM
tat	NORM
xong	O
thì	O
khởi	O
kiện	O
cho	O
thay	NORM
mia	NORM
no	NORM
lun	NORM

bạn	O
có	O
sinh	O
sự	O
với	O
ai	O
không	O
đếi	NORM
bạn?	O
=))	O

Ko	NORM
ăn	O
đc	NORM
thịt	O
mỡ	O
ko	NORM
có	O
lỗi,	O
nhưng	O
bới	O
đồ	O
ăn	O
là	O
bạn	O
vô	O
ý	O
vô	O
tứ	O
r	NORM
á	O

Gì	O
mà	O
nghe	O
bùn	NORM
quá	O
vậy	O

nhịn	O
k	NORM
nổi	O
giả	O
vờ	O
xem	O
đt	NORM
xong	O
cừi	NORM

ối	O
mẹ	O
ck	NORM
ơi	O
mẹ	O
ở	O
đâu	O
con	O
ăn	O
dk	NORM
hết	O
mẹ	O
kp	O
lo	O
con	O
bới	O
:	O
)))	O

uii	NORM
bạn	O
giống	O
mh	NORM
quá	O
mà	O
mh	NORM
đóng	O
đc	NORM
mấy	O
năm	O
rồi	O
cũng	O
ko	NORM
nhớ	O
nữa	O

Không	O
đấm	O
vì	O
nể	O
mặt	O
thôi,	O
vdv	NORM
thua,	O
bhl	NORM
đấm	O
cũng	O
thua	O
nốt	O
thì	O
nhục	O
chết	O
mất.	O

t	NORM
nghi	O
m	NORM
lâu	O
rồi	O

Mà	O
nghe	O
nhiều	O
vụ	O
án	O
mới	O
thấy	O
công	O
an	O
mình	O
giỏi	O
nhg	NORM
cũng	O
nhờ	O
dân	O
mình	O
quá	O
nhiệt	O
tình	O
trình	O
báo	O
luôn	O

đi	O
đi	O
xong	O
review	O
cho	O
chệ	NORM
:)))	O

tưởng	O
gội	O
xong	O
pay	NORM
luôn	O
màu	O
kh	NORM
còn	O
miếng	O
nào	O
luôn	O
chứ:)))	O

Bộ	O
trưởng	O
bộ	O
ngoại	O
giao	O
kìa	O
cưng	O
quá	O
oi	NORM

Tui	O
sẽ	O
ko	NORM
bh	NORM
làm	O
vậy	O
vs	NORM
đám	O
sách	O
của	O
mình	O

Điều	O
kì	O
diệu	O
của	O
thế	O
giới	O
mà	O
tau	NORM
chưa	O
biết	O
:))	O

kiểu	O
mình	O
lại	O
ngại	O
za	NORM
đường	O

Cha	O
mẹ	O
cả	O
ngày	O
đầu	O
tắt	O
mặt	O
tối,	O
con	O
cái	O
ko	NORM
muốn	O
biết,	O
giờ	O
nằm	O
dài	O
này	O
thật	O
khổ	O
lắm	O
luôn,	O
mình	O
cg	NORM
bật	O
phụ	O
huynh,	O
nhìn	O
nhói	O
tim	O
hazzz	O

Dẫu	O
biết	O
là	O
cv	NORM
của	O
a	NORM
nhìu	NORM

Đấy	O
ms	NORM
là	O
người	O
chồng	O
quốc	O
dân	O
chứ	O
ai	O
như…..	O

chọn	O
cho	O
ck	NORM
cái	O
áo	O
chống	O
nắng	O
màu	O
đen	O

Ai	O
bị	O
bệnh	O
đãng	O
trí	O
,	O
tuyệt	O
đối	O
kg	NORM
lái	O
xe	O
Cẩu	O
,	O
rất	O
nguy	O
hiểm,	O
hậu	O
quả	O
khôn	O
lường	O

Thấy	O
ổn	O
ổn	O
là	O
kêu	O
chánh	NORM
quyền	O
xuống	O
liền	O

nghĩ	O
xem	O
mai	O
ăn	O
rì	NORM
đi	O

bài	O
truyền	O
thống	O
của	O
ngày	O
t2	NORM
đâu	O
r	NORM
mn	NORM

Thấy	O
mấy	O
ae	NORM
đòi	O
nợ	O
bên	O
FE	O
nên	O
bão	NORM
trọng	O

chắc	O
iem	NORM
cũm	NORM
mợt	NORM
lắm	O
ha	O

hội	O
ng	NORM
hèn	O
hong	NORM
dám	O
cãi	O
lại	O
để	O
h	NORM
tức	O
quài	O
:))	O

Củng	NORM
muốn	O
lấy	O
vợ	O
để	O
được	O
như	O
thế	O
ạ	O

ui	NORM
t	NORM
confirm	O
cái	O
này	O
nhaa	NORM

Ck	NORM
mìn	NORM
lạnk	NORM
lùn	NORM
quák	NORM

Tháng	O
nào	O
mẹ	O
tui	O
cũng	O
giục	O
đóng	O
tiền	O
đt	NORM
vì	O
nhân	O
viên	O
gọi	O
oai	O
oái,	O
căn	O
bản	O
toàn	O
quên	O

Nên	O
là	O
mình	O
nghĩ	O
tới	O
yêu	O
xa,	O
ở	O
xa	O
nhau	O
là	O
sợ,	O
mấy	O
ba	O
mấy	O
ma	O
cứ	O
nhảy	O
đỏng	O
lên,	O
nhg	NORM
vào	O
cuộc	O
q.hệ	NORM
đi	O
mới	O
thấy,	O
xa	O
vừa	O
thôi	O
còn	O
về	O
vs	NORM
nhau	O
đc,	NORM
chứ	O
kiểu	O
1	O
2	O
năm	O
ms	NORM
gặp	O
1	O
lần	O
k	NORM
có	O
ng	NORM
khác	O
ms	NORM
lạ	O

m	NORM
hãy	O
phổ	O
biến	O
thời	O
trang	O
hàng	O
hiệu	O
của	O
VN	O
cho	O
bạn	O
bè	O
thế	O
giới	O
nhá	O

Ờ	O
tưởng	O
ko	NORM
ăn	O
thịt	O
mỡ	O
bị	O
mắng	O
vô	O
duyên	O
thì	O
hơi	O
quá,	O
nhưng	O
mà	O
bới	O
đồ	O
ăn	O
thì	O
vô	O
cmn	O
duyên	O
rồi	O
dỗi	O
hờn	O
j	NORM
nữa	O

con	O
như	O
k	NORM
nói	O
đùa	O
r	NORM

Hay	O
lắm,	O
indonesia	O
cbi	NORM
tiến	O
tới	O
chủ	O
nghĩa	O
xã	O
hội	O
thôi	O

Mong	O
hai	O
người	O
ko	NORM
sao	O

nín	O
đi	O
cha,	O
vừa	O
cất	O
tiếng	O
hát	O
cái	O
cảm	O
thấy	O
ctay	NORM
là	O
xứng	O
đáng	O

còn	O
đỡ	O
hơn	O
chạy	O
deadline	O
với	O
cái	O
ngành	O
ko	NORM
hợp	O
với	O
mình	O

t	NORM
mong	O
1	O
cặp	O
với	O
giang	O
thực	O
thụ	O
của	O
t	NORM
ghê	O

sống	O
gì	O
mà	O
hong	NORM
có	O
lòng	O
bao	O
dung	O
dị	NORM
pà	NORM

này	O
sd	NORM
bao	O
bì	O
tái	O
chế	O
lm	NORM
túi	O
xách	O
rất	O
tích	O
cực	O
mà,	O
có	O
điều	O
nói	O
bị	O
lố	O
đi,	O
chứ	O
xài	O
túi	O
này	O
vừa	O
nhẹ	O
vừa	O
bền	O

quát	O
người	O
ta	O
xong	O
quay	O
ra	O
nch	NORM
-))	O

tự	O
nhiên	O
cái	O
nhạc	O
chạy	O
trong	O
đầu	O
luon=)))	NORM

cái	O
này	O
dễ	O
đú	O
đởn	O
hơn	O
nè	O
c	NORM

ui	NORM
xu	O
hướng	O
tính	O
dục	O
còn	O
quan	O
trọng	O
để	O
bàn	O
tán	O
hẻ,	NORM
tui	O
cứ	O
thấy	O
chil	O
là	O
xem	O
thuii	NORM

Chưa	O
lấy	O
vợ	O
đã	O
tăng	O
12kg	O
rồi	O
nên	O
chưa	O
dám	O
nghĩ	O
đếm	NORM
lấy	O
vk	NORM
sẽ	O
ntn	O
nữa	O

zô	NORM
đọc	O
giải	O
trúy	NORM
nè	O

Các	O
cj	NORM
hạnh	O
phúc	O
gke	NORM

hai	O
đứa	O
khùm	NORM
chọn	O
ngành	O
hay	O
quá	O
nên	O
giờ	O
nửa	O
đêm	O
hai	O
đứa	O
than	O
thở	O
trong	O
bất	O
lực:))	O

lâu	O
lắm	O
r	NORM
mình	O
mới	O
đọc	O
một	O
bài	O
viết	O
mà	O
nói	O
sao	O
ta,	O
giống	O
hùi	NORM
nhỏ	O
hay	O
đọc	O
mấy	O
mẫu	O
truyện	O
ngắn	O
trong	O
Hoa	O
Học	O
Trò	O
hay	O
Mực	O
Tím	O
á,	O
cả	O
cái	O
hình	O
minh	O
hoạ	O
cũng	O
thấy	O
dễ	O
huông	NORM
nua.	NORM

thấy	O
sao	O
nói	O
vậy,	O
nghe	O
ngta	NORM
đồn	O
sao	O
nói	O
lại	O
cho	O
nghe	O
thôi	O
chứ	O
kh	NORM
có	O
ý	O
gì	O
hết	O
phải	O
hong	NORM
:)))	O

Mấy	O
cái	O
bọn	O
ao	O
làng	O
quy	O
định	O
còn	O
ko	NORM
tuân	O
thủ	O
thì	O
chỉ	O
mãi	O
trong	O
cái	O
ao	O
làng	O
thôi	O

Sao	O
để	O
trẻ	O
con	O
dắt	O
chó	O
qua	O
đg	NORM
thế	O

Gà:"tao	O
đã	O
làm	O
gì	O
chúng	O
m"	NORM

cho	O
nó	O
cái	O
tk	NORM
ngân	O
hàng	O
đói	O
thì	O
tự	O
đặt	O
mua	O
đi:)	O

là	O
đỉnh	O
dữ	O
gòy	NORM
đó	O

Ngân	O
sách	O
nc	NORM
chi	O
cho	O
thể	O
thao	O
kô	NORM
ít	O
đâu	O
.chỉ	O
là	O
mấy	O
thằng	O
to	O
nó	O
vẽ	O
đủ	O
thứ	O
đớp	O
hết	O
phần	O
thôi	O

K	NORM
đùa	O
được	O
với	O
anh	O
em	O
hồi	O
giáo	O
nhỉ	O

h	NORM
cái	O
gì	O
chua	O
chua	O
là	O
lm	NORM
gỏi	O
hét	NORM

Nhưng	O
mặt	O
ngta	NORM
xinh,	O
bắp	O
tay	O
ngta	NORM
nhỏ,	O
da	O
ngta	NORM
trắng	O

xin	O
đừng	O
hủy	O
hoại	O
tuổi	O
thơ	O
cụa	NORM
kao	NORM

Thế	O
tại	O
sao	O
người	O
ta	O
bảo	O
răng	O
sữa	O
gãy	O
xong	O
chỉ	O
mọc	O
dc	NORM
1	O
lần	O
răng	O
mới	O
nhỉ	O

Ck	NORM
mà	O
sống	O
xa	O
vk	NORM
10	O
năm	O
từ	O
lúc	O
mới	O
cưới	O
thì	O
đã	O
k	NORM
yêu	O
vk	NORM
ngay	O
từ	O
đầu.	O

Tr	NORM
ơi	O
mih	NORM
hòi	NORM
đó	O
lười	O
bôi	O
kcn	NORM
nữa	O
chứ,	O
Đi	O
2	O
tuần	O
về	O
đen	O
như	O
súng	O
luôn,	O
nhưng	O
đc	NORM
cái	O
ăn	O
uống	O
đúng	O
đủ	O
,thành	O
ra	O
vừa	O
đen	O
vừa	O
mập	O

nhìn	O
lướt	O
t	NORM
cx	NORM
tưởng	O
ổng	O
đang	O
bán	O
gì	O
đó	O
:))	O

hơi	O
dở	O
hơi	O
nma	NORM
thic	NORM
vl	O

Mới	O
nghĩ	O
có	O
ny	NORM
thôi	O
đã	O
mệt	O
rồi,	O
ko	NORM
biết	O
lúc	O
có	O
thật	O
còn	O
mệt	O
thế	O
nào=))))))	O

ê	O
mua	O
các	O
này	O
hsau	NORM
làm	O
bộ	O
ảnh	O
đi	O
các	O
bạn	O

Nhớ	O
đợt	O
wua	NORM
nhà	O
bạn	O
chơiii,	NORM
đang	O
giỡn	O
dui	NORM
thì	O
mẹ	O
bạn	O
về,	O
hènggg	NORM
ngang	O
luôn	O
(^・x・^)	O

mấy	O
con	O
gà	O
kiểu:	O
"làm	O
ơn	O
đổi	O
qua	O
mấy	O
con	O
khác	O
đc	NORM
k	NORM
chứ	O
món	O
nào	O
cũng	O
có	O
gà	O
thì	O
chẳng	O
mấy	O
chốc	O
mà	O
tộc	O
gà	O
diệt	O
vong"	O

Mỹ	O
Duyên	O
nó	O
làm	O
toi	NORM
nghĩ	O
đến	O
em	O
:))))	O

đi	O
massage	O
thư	O
giãn	O
cái	O
nhể:)))	NORM

Cẻm	NORM
ưn	NORM
rất	O
nhìu	NORM
nà	NORM

Mấy	O
má	O
nghĩ	O
tủ	NORM
phú	O
ngơ	O
lắm	O
hay	O
gì	O
để	O
bị	O
dắt,	O
đứng	O
đc	NORM
vị	O
trí	O
đó	O
thì	O
nta	NORM
đã	O
suy	O
nghĩ	O
xa	O
hơn	O
vậy	O
rồi	O

Rồi	O
màn	O
CP	O
đu	O
người	O
trên	O
không,	O
dưới	O
sân	O
khấu	O
là	O
nước	O
và	O
lửa	O
tập	O
mấy	O
mới	O
có	O
dạ	O
mng	NORM

nhớ	O
kỷ	O
niệm	O
của	O
anh	O
em	O
mình	O
k	NORM
:))	O

khổ	O
nắm	NORM
sung	O
sướng	O
j	NORM

T	NORM
vẫn	O
đang	O
cố	O
nhìn	O
xem	O
ông	O
í	NORM
bán	O
cái	O
gì	O

Hồi	O
19	O
tuổi	O
vẫn	O
xin	O
tiền	O
bme	NORM
ăn	O
sáng	O
:)))	O

nhìn	O
khó	O
chịu	O
vãi	O
ò	O
sao	O
mấy	O
ông	O
có	O
thể	O
chịu	O
đựng	O
được	O
việc	O
kinh	O
khủng	O
như	O
cắt	O
đôi	O
cuốn	O
sách	O
ra	O
nhở	NORM

Mình	O
sai	O
chính	O
tả	O
thì	O
là	O
mày	O
sai	O
ròi	NORM

thick	NORM
mấy	O
anh	O
đẹp	O
zai	NORM
mà	O
kh	NORM
bt	NORM
mình	O
đẹp	O
zai	NORM
hơn	O
kaka	O
yêu	O
mấy	O
anh	O
tự	O
biết	O
mình	O
đẹp	O
thì	O
hơi	O
khó	O
giữ	O
:)	O

zô	NORM
đi	O
mọi	O
người	O
oi	NORM

Cộng	O
đồng	O
mạng	O
phe	O
ai	O
t	NORM
phe	O
ng	NORM
đó	O

Show	O
nó	O
có	O
kịch	O
bản	O
hết	O
mà,	O
nhất	O
là	O
cp	O
2	O
ng	NORM
này	O
đc	NORM
push	O
ngay	O
từ	O
đầu	O
nữa	O

c	NORM
đọc	O
thử	O
bài	O
này	O
xem	O

gà	O
còn	O
đc	NORM
đi	O
biển	O
còn	O
t	NORM
thì	O
ko	NORM

Thôi	O
a	NORM
đừng	O
khók,	NORM
có	O
e	NORM
bù	O
đắp	O
cho	O
nè	O
:))	O

Kiểu	O
vô	O
tình	O
i	NORM
ngang	O
cái	O
thấy	O
hớ	O
hênh	O
nên	O
giật	O

xuyn	NORM
lũi	NORM
nhưng	O
màk	NORM
zờ	NORM
quỷ	O
dữ	O
sẽ	O
đi	O
phụ	O
trợ	O

Quào	O
một	O
t2	NORM
yên	O
bình?	O
:))))	O

dạ	O
mấy	O
chú	O
công	O
an	O
ơi,	O
cháu	O
cũng	O
có	O
đi	O
qua	O
kv	NORM
An	O
Sương	O
mà	O
cháu	O
hong	NORM
có	O
quậy	O
phá	O
hay	O
đua	O
xe	O
gì	O
hết,	O
đặc	O
biệt	O
cháu	O
gấc	NORM
tuân	O
thủ	O
luật	O
giao	O
thông	O
ví	O
dụ	O
như	O
dừng	O
đèn	O
đỏ	O
ạ,	O
hí	O

Vì	O
tiểu	O
học	O
cô	O
doạ	NORM
bno	NORM
sợ	O
đái	O
ra	O
quần	O
r,	NORM
chứ	O
sang	O
trung	O
học	O
lá	O
khéo	O
k	NORM
còn	O

thiết	O
kế	O
cho	O
m	NORM
dc	NORM
nè	O

Ngô	O
Thiến	O
dễ	O
thương	O
vaii	NORM

0	NORM
còn	O
rì	NORM
để	O
nóii:))(	NORM

gì	O
dị	NORM
chòiiiii	NORM
chưa	O
ăn	O
cơm	O
trưa	O
đã	O
bắt	O
ăn	O
cơm	O
tró	NORM
là	O
sao	O
huhuhu	O

Bao	O
lần	O
bị	O
bạn	O
chửi	O
choá	NORM
mà	O
tâm	O
vẫn	O
tịnh	O
dù	O
lòng	O
dất	NORM
đau	O

thấy	O
tội	O
cho	O
ngta,	NORM
tội	O
cho	O
cả	O
chính	O
bản	O
thân	O
mình	O
hjx	O

Mong	O
chú	O
giữ	O
gìn	O
sk.	NORM

Khoai	O
lang	O
em	O
k	NORM
ăn	O
,	O
e	NORM
lại	O
thích	O
ăn	O
khoai	O
tây	O

Ván	O
cược	O
nhiều	O
điều	O
xuii	NORM

Tuổi	O
19	O
của	O
t	NORM
cũng	O
oanh	O
liệt	O
lắm	O
:))	O

rồi	O
còn	O
nghĩ	O
là	O
chết	O
ở	O
đâu	O
sẽ	O
đéo	O
ai	O
thấy	O
xác	O
bla	O
blo,	O
vì	O
nghĩ	O
là	O
mình	O
là	O
1	O
thằng	O
vô	O
dụng	O
cho	O
xã	O
hội,	O
không	O
làm	O
gì	O
đc	NORM
cho	O
gia	O
đình,	O
không	O
xứng	O
đáng	O
đc	NORM
sống...	O

có	O
mang	O
cái	O
nào	O
qua	O
bển	O
quảng	O
bá	O
k?	NORM

thoi	NORM
thì	O
kẻ	O
cái	O
đã	O
ròi	NORM
zô	NORM
mượn	O
bút	O
thi	O

để	O
mìn	NORM
chỉ	O
cho	O
vài	O
bộ	O

nhưng,	O
nhưng	O
sau	O
vài	O
vụ	O
vậy	O
thì	O
dẹp	O
mịe	NORM
bạn	O
bè	O
cc	NORM
t	NORM
lo	O
thân	O
t	NORM
trước	O
rồi	O
vui	O
chơi	O
sau	O

(Ko	NORM
ns	NORM
ai	O
sai	O
ai	O
đúng)	O

Chuyện	O
tềnh	NORM
iu	NORM
của	O
ngta	NORM
khiến	O
mềnh	NORM
chạnh	O
lòng	O

lỗ	O
tai	O
bth	NORM
thì	O
điếc	O
chứ	O
mấy	O
này	O
hay	O
lắm	O

Đâu	O
phải	O
tuổi	O
trẻ	O
mới	O
đc	NORM
iu	NORM

m	NORM
với	O
t	NORM
thì	O
góc	O
bên	O
phải	O
chắc	O
chắn	O
là	O

Đẻ	O
con	O
lai	O
tây	O
cho	O
đẹp	O
và	O
cái	O
kết	O
ứ	NORM
được	O
nui	NORM

thay	O
cái	O
barcode	O
thày	NORM
qr	O
code	O
tk	NORM
ngân	O
hàng	O
thì	O
nó	O
tiện	O
vl	O
=)))	O

Merzy	O
V16	O
vỏ	O
xanh	O
tr	NORM
ơi	O
đây	O
là	O
cây	O
son	O
đẹp	O
nhất	O
đời	O
tui	O
á	O

bảo	O
là	O
ngta	NORM
hướng	O
nội	O
r	NORM
,	O
0	NORM
nghe	O
cơ	O

Là	O
ngta	NORM
đang	O
khoe	O
đó	O
mấy	O
bà	O

Nhìu	NORM
cá	O
quá	O
hèn	O
j	NORM
nhỏ	O
bạn	O
ăn	O
cá	O
hoài	O
k	NORM
ngán	O
.	O

a	NORM
tag	O
bạn	O
a	NORM
vào	O

Cx	NORM
sợ	O
đó,	O
mk	NORM
là	O
đ	NORM
ko	NORM
tính	O
đến	O
chuyện	O
kết	O
hôn,	O
thế	O
mà	O
20t	O
đầu	O
là	O
đã	O
có	O
ng	NORM
đi	O
làm	O
mai	O
rồi,	O
có	O
ng	NORM
trong	O
làng	O
còn	O
làm	O
mai	O
cho	O
c	NORM
mk	NORM
ko	NORM
đc,	NORM
lại	O
đến	O
lượt	O
lôi	O
mk	NORM
vào	O
như	O
kiểu	O
cho	O
đủ	O
số	O
lượng	O
ấy	O

Cũng	O
là	O
nghệ	O
sỉ	NORM
nửa	NORM
haizz	O

tưởng	O
coi	O
netflix	O
khum	NORM
đó	O

Phải	O
toi,toi	NORM
cũng	O
k	NORM
biết	O
làm	O

Cái	O
lật	O
mặt	O
meme	O
này	O
khịa	O
hơi	O
bị	O
nhiều	O
đứa	O
b	NORM
mắc	O
dịch	O
á	O

Trễ	O
kinh	O
hơn	O
2	O
tuần	O
và	O
tưởng	O
tượng	O
những	O
lần	O
đau	O
bụng	O
của	O
mình	O
là	O
do	O
động	O
thai	O
stress	O
liên	O
tục	O
vì	O
nghĩ	O
đến	O
tương	O
lai	O
nghèo	O
khó	O
thuê	O
nhà	O
ko	NORM
có	O
tiền	O
nuôi	O
con	O
huhu	O

Nay	O
dễ	O
j	NORM
kiếm	O
lương	O
10tr	O
,	O
có	O
việc	O
làm	O
là	O
may	O
rồi	O
chứ	O
thất	O
nghiệp	O
đầy	O
ra	O

phú	O
bà	O
sn	NORM
2004	O
:))))	O

nghe	O
nói	O
bạn	O
cb	NORM
làm	O
gia	O
sư	O

À,	O
đợt	O
tui	O
theo	O
gia	O
đình	O
đi	O
chung	O
đoàn	O
qua	O
Đài	O
chơi	O
và	O
có	O
tham	O
quan	O
1	O
số	O
chùa	O
miếu	O
bên	O
đó,	O
có	O
nghe	O
cô	O
HDV	NORM
(cô	O
người	O
Đài	O
nhé)	O
nói	O
rằng	O
Bà	O
chúa	O
Núi	O
Xam	O
có	O
3	O
chị	O
em.	O

eo	O
của	O
tôi	O
và	O
ny	NORM
tôi	O

Độc	O
thân	O
lấy	O
ck	NORM
cho	O
dễ…	O

T	NORM
toàn	O
mua	O
ăn	O
trước	O
mặt	O
nó.	O

hết	O
tim	O
ời	NORM
hết	O
dám	O

xin	O
lũi	NORM
các	O
bé	O
chụy	NORM
quên	O
gồng	O
:)))	O

Sót	O
con	O
nhưng	O
thế	O
thì	O
chịu	O
ko	NORM
ai	O
bênh	O
được	O

khôm	NORM
đc	NORM
nghỉ	O
hè	O
kiểu	O

đấy	O
a	NORM
bảo	O
xem	O
Indo	NORM
mới	O
hay	O
mà,	O
thể	O
thao	O
võ	O
thuật	O
ở	O
mọi	O
mặt	O
trận	O
luôn	O

Ngáo	O
hả	O
tr,	NORM
ad	O
có	O
đọc	O
lại	O
trước	O
khi	O
đăng	O
bài	O
k	NORM
z	NORM
tr,	NORM
so	O
z	NORM
cũng	O
so	O
được	O
nữa	O

sống	O
20	O
năm	O
trên	O
đời	O
đến	O
năm	O
21	O
định	O
mệnh	O
quyết	O
định	O
t	NORM
phải	O
bị	O
suyễn	O
=)))	O

Cái	O
phim	O
Lật	O
Mặt	O
công	O
chiếu	O
xong	O
t	NORM
thấy	O
nhiều	O
cái	O
lật	O
mặt	O
memes	O
khịa	O
ghê	O
á	O

Má	O
ơi	O
khổ	O
tâm	O
hết	O
sức,	O
đến	O
hồi	O
cần	O
lắm	O
mới	O
dám	O
nt	NORM
hỏi,	O
tự	O
nhiên	O
thấy	O
nay	O
m1	O
nên	O
thôi,	O
thấy	O
mới	O
sáng	O
sớm	O
nên	O
cũng	O
thôi	O

chắc	O
có	O
nhiều	O
bác	O
nói	O
:	O
sao	O
ko	NORM
đeo	O
găng	O
tay	O
vào?!	O

ko	NORM
dề	NORM
MT	O
là	O
để	O
dị	NORM
nè	O

Tương	O
lai	O
mình	O
đây	O
dòii	NORM

Còn	O
phần	O
hát	O
thì	O
cười	O
khùm	NORM
luôn	O

ông	O
ny	NORM
biết	O
mà	O
k	NORM
hỗ	O
trợ	O
ônh	NORM
tồi	O
vl	O

Tại	O
sữa	O
Su	O
hộp	O
thì	O
bé,	O
mà	O
em	O
thì	O
tooo,	NORM
uống	O
1	O
hộp	O
k	NORM
có	O
bõ	NORM
nên	O
e	NORM
lm	NORM
cả	O
lốc	O
chơi	O
chơi	O
vậy.	O

bà	O
bị	O
ảnh	O
hưởng	O
hongggg	NORM

Nhà	O
tù	O
hình	O
chái	NORM
timm	NORM

mẹ	O
ơi	O
con	O
xin	O
lõy	NORM

Thế	O
anh	O
chị	O
về	O
sống	O
luôn	O
với	O
nhau	O
được	O
mà	O
xong	O
đăng	O
cái	O
ảnh	O
chứng	O
nhận	O
kết	O
hôn	O
lên	O
mxh	NORM
để	O
thông	O
báo	O
là	O
ô	O
kê	O
chứ	O
kiểu	O
mn	NORM
thu	O
xếp	O
công	O
việc	O
để	O
đi	O
ăn	O
cưới	O
anh	O
chị	O
xong	O
anh	O
chị	O
không	O
có	O
mặt	O
mà	O
đi	O
làm	O
ạ,	O
thế	O
khác	O
gì	O
coi	O
thường	O
người	O
ta	O
không	O

tự	O
nhiên	O
đang	O
trổ	O
pónk	NORM
mà	O
=))	O

ng	NORM
mẹ	O
tương	O
lai	O
nè	O

chời	NORM
đất	O
ơi	O
LDP	O
với	O
LTT	O
đẹp	O
quá	O

rất	O
phải	O
cảnh	O
giác	O
tk	NORM
ỉn,	O
1	O
phát	O
là	O
nó	O
lao	O
ra	O
cổng	O
luôn	O

thấy	O
a	NORM
check	O
PT	O
đồ	O
nha	O

Đéo	O
hiểu	O
sao	O
mấy	O
đứa	O
đi	O
nói	O
dối	O
với	O
ngoại	O
tình	O
làm	O
đc	NORM

Đúng	O
là	O
tuổi	O
trẻ	O
còn	O
nhiều	O
nhiệt	O
quyết	NORM
nhưng	O
dạo	O
gần	O
đây	O
t	NORM
thấy	O
mình	O
sắp	O
không	O
thở	O
nổi	O
rồi	O
nghĩ	O
lại	O
hồi	O
năm	O
trước	O
tôi	O
có	O
thể	O
đi	O
suốt	O
từ	O
5h	O
sáng	O
tới	O
10h	O
tối,	O
giờ	O
tôi	O
thấy	O
bản	O
thân	O
tôi	O
giống	O
như	O
đã	O
dùng	O
hết	O
30	O
năm	O
sức	O
khoẻ	NORM
để	O
đổi	O
lấy	O
cho	O
những	O
ngày	O
trước	O
ấy	O
t	NORM
k	NORM
còn	O
chịu	O
đựng	O
được	O
như	O
trước	O
nữa	O
nhưng	O
mọi	O
thứ	O
cứ	O
diễn	O
ra	O
như	O
thế	O
và	O
t	NORM
vẫn	O
phải	O
tiếp	O
tục	O
chịu	O
đựng,	O
t	NORM
thậm	O
chí	O
nghĩ	O
mình	O
có	O
thể	O
ngất	O
xỉu	O
bất	O
cứ	O
lúc	O
nào	O
hay	O
nhận	O
được	O
một	O
tin	O
tức	O
sốc	O
nào	O
đó	O

Màu	O
đỏ	O
thuần,	O
ko	NORM
phải	O
chiến	O
nhất	O
nhưng	O
mắc	O
nhất	O

Rồi	O
trứng	O
gà	O
cũng	O
ko	NORM
còn	O
để	O
ăn	O
đúng	O
ko	NORM

h	NORM
nhìn	O
lại	O
ko	NORM
bt	NORM
một	O
thế	O
lực	O
nào	O
mà	O
lm	NORM
đc	NORM
lun	NORM

chưa	O
lấy	O
vợ	O
đã	O
giống	O
ngta	NORM
lúc	O
lấy	O
vợ	O
bảo	O
sao	O

Ở	O
cấp	O
2	O
hay	O
cấp	O
3	O
thì	O
trụi	O
lúc	O
nào	O
k	NORM
hay	O

Nchung	NORM
không	O
đòi	O
là	O
để	O
ngta	NORM
tự	O
giác	O
thôi	O

Lưu	O
dìa	NORM
vì	O
quá	O
cute,	O
nhma	NORM
kh	NORM
biết	O
bh	NORM
mới	O
đc	NORM
xài	O

đọc	O
lâu	O
r	NORM
nhưng	O
bâyh	NORM
đoc	NORM
lại	O
vẫn	O
thấy	O
bcuoi	NORM
=))))	O

gà	O
mãi	O
chg	NORM
lên	O
giá	O
nhở	NORM

Xin	NORM
tên	O
game	O
mn	NORM
ơi	O

Thời	O
điểm	O
này	O
thì	O
đừng	O
nên	O
đi	O
vay	O
hay	O
trả	O
góp	O
gì	O
cả,	O
nếu	O
có	O
tiền	O
thì	O
hãy	O
mua	O
còn	O
k	NORM
tính	O
đến	O
đầu	O
tư	O
bds	NORM
vùng	O
ven	O
đi	O
bạn!	O

Sút	O
quả	O
như	O
tên	O
lửa	O
bắn	O
thế	O
thằng	O
nào	O
bắt	O
đc	NORM

Nma	NORM
nói	O
sự	O
thật	O
là	O
trong	O
đám	O
cgai	NORM
có	O
mềnh	NORM
kao	NORM
k	NORM
biết	O
thôi	O
ạ	O

riêng	O
mình	O
cứ	O
buồn	O
ngủ	O
là	O
gục	O
ko	NORM
cố	O
được	O
ý,	O
nge	NORM
kể	O
mấy	O
bạn	O
du	O
học	O
sinh	O
vừa	O
học	O
vừa	O
làm	O
ngày	O
chỉ	O
được	O
ngủ	O
có	O
4-5	O
tiếng	O
mà	O
đau	O
lòng	O

Thấy	O
trẻ	O
con	O
ai	O
cũng	O
đi	O
chậm	O
lại	O
nên	O
ít	O
tai	O
nạn	O
,	O
nên	O
khiến	O
bọn	O
trẻ	O
con	O
tò	O
mò	O
thik	NORM
lao	O
vào	O
để	O
trải	O
nghiệm	O

về	O
a	NORM
gánh	O
gen	O
cho	O

m	NORM
cbi	NORM
thấy	O
t	NORM
nhập	O
viện	O
nè	O
=))))))	O

1	O
gói	O
bột	O
làm	O
được	O
có	O
mấy	O
cây	O
dậy	NORM
thôi	O
hả	O
anh,	O
sợ	O
ăn	O
k	NORM
đủ	O
quá	O

tui	O
cạo	O
đầu	O
làm	O
đầu	O
đường	O
xó	O
chợ	O
vẫn	O
ko	NORM
dám	O
đòi	O
nợ	O

chắc	O
ny	NORM
bạn	O
đâng	NORM
học	O
mẫu	O
giáo	O

nghỉ	O
hè	O
mún	NORM
đi	O
học	O
võ	O
mà	O
mẹ	O
bắt	O
đi	O
học	O
thêm	O
t.anh	O

Gọt	O
trong	O
nc	NORM
thì	O
bị	O
vậy	O
là	O
bth	NORM

Hiểu	O
vì	O
sao	O
t	NORM
thích	O
mặc	O
áo	O
trắng	O
chưa	O

Chúc	O
mừng	O
gđ	NORM
VĐV	O
Oanh.	NORM

nó	O
nhìn	O
mẹ	O
nó	O
vs	NORM
ánh	O
mắt	O
ko	NORM
thể	O
trìu	O
mến	O
hơn	O
=))))	O

giống	O
vkck	NORM
e	NORM
quá	O
hák	NORM

có	O
cái	O
nào	O
vừa	O
ko	NORM
để	O
a	NORM
thử	O
coi	O
nào.	O

Dừa	NORM
lắm	O
-	O
bị	O
giật	O
rất	O
hợp	O
lý	O

cíu	NORM
mẹ	O
mấy	O
con	O
oie	NORM

follow	O
page	O
sài	O
gòn	O
thức	O
để	O
cập	O
nhật	O
tiếp	O
nè	O
mn	NORM

muốn	O
chụp	O
nhưng	O
có	O
con	O
nào	O
m5	O
ko	NORM
chứ	O
mấy	O
con	O
trong	O
vicom	O
e	NORM
đứng	O
ko	NORM
đến	O
vai	O

nhắn	O
quá	O
tr	NORM
nhắn	O
xong	O
k	NORM
thèm	O
rep	O

Không	O
chứng	O
minh	O
được	O
thu	O
nhập	O
hơn	O
chồng	O
thì	O
làm	O
sao	O
giành	O
quyền	O
nuôi	O
con	O
với	O
ngta	NORM
được	O

Học	O
tập	O
nè	O
mấy	O
cj.	NORM

e	NORM
sắp	O
về	O
méc	O
mẹ	O
r	NORM
sếp	O
đợi	O
đấy	O

Ở	O
nhà	O
A	NORM
cũng	O
đang	O
dạy	O
bọn	O
nhỏ	O
nhà	O
A	NORM
ăn	O
uống	O
phải	O
lịch	O
sự,	O
lễ	O
phép.	O

Ng	NORM
chơi	O
hệ	O
kh	NORM
ăn	O
rau	O

T	NORM
dùng	O
vẫn	O
bị	O
vàng	O
vàng	O
nha,	O
nhưng	O
đc	NORM
cái	O
màu	O
xanh	O
nhìn	O
mát	O
mát	O
lạ	O
nên	O
thích,	O
dùng	O
cái	O
bằng	O
lọ	O
thuỷ	O
tinh	O
chữ	O
hàn	O
í	NORM
cái	O
đó	O
lâu	O
hết	O
chứ	O
này	O
nhà	O
nhiều	O
người	O
xả	O
có	O
vài	O
ngày	O
hết	O
rùi	NORM

hay	O
đi	O
Úc	O
đi	O
mài	NORM
^^	O
gu	O
Phúc	O
nèk	NORM

Moé	NORM
thằng	O
Kiên	O
ngu	O
này	O
:))	O

xin	O
lũi	NORM
t	NORM
là	O
capgirl	O

Tại	O
sao	O
k	NORM
có	O
cái	O
màu	O
hồng	O

Hồi	O
t	NORM
đi	O
học	O
có	O
th	NORM
cùng	O
lớp	O
học	O
dốt	O
nhất	O
lớp	O
mà	O
nó	O
random	O
trắc	O
nhiệm	NORM
được	O
8	O
điểm	O

ân	O
leo	O
fan	O
vs	NORM
mình	O
đúng	O
ko	NORM

cần	O
nhà	O
tài	O
trợ	O
mãng	O
cầu	O
xanhhhhhhhhhhhhh	NORM

Tôi	O
là	O
gđ	NORM
và	O
t	NORM
làm	O
tất	O
:)))	O

T	NORM
đòi	O
chỉ	O
sợ	O
cno	NORM
dỗi.	O

Cho	O
iêm	NORM
xin	O
cast	O
vai	O
phản	O
diện	O
buê	NORM
đuê	NORM
được	O
khum	NORM
ạ	O

Vibe	O
chill	O
chill	O
của	O
maichi	O
không	O
hợp	O
mấy	O
màu	O
troáy	NORM
như	O
thế	O

Sút	O
vậy	O
ai	O
bắt	O
dc	NORM

mấy	O
ng	NORM
ở	O
đó	O
kiểu	O
cười	O
k	NORM
nhặc	NORM
đc	NORM
mồm	O

Là	O
mình,	O
thì	O
mình	O
sẽ	O
gắp	O
bừa	O
1	O
miếng,	O
xong	O
vứt	O
phần	O
thịt	O
mỡ	O
sang	O
bát	O
thằng	O
ng	NORM
yêu	O
bới	O
chi	O
cho	O
mệt,	O
còn	O
ko	NORM
nhịn	O
món	O
đấy	O
đi	O
:)))	O

Cx	NORM
nhàn	O
tính	O
tiền	O
học	O
lại	O
thui	NORM
mà	O

Thông	O
cảm,	O
cơ	O
mồm	O
tôi	O
nó	O
zậy	NORM
á	O
:)))	O

Nhà	O
ko	NORM
có	O
gì	O
ngoài	O
huy	O
chương	O
&	O
bằng	O
khen	O

Tôi	O
xin	O
lỗi	O
nhưng	O
nhìn	O
lướt	O
qua	O
tôi	O
tường	NORM
là	O
nhân	O
cách	O
Yona	O
và	O
Ộp	O
paaa	O
của	O
cô	O
trong	O
phim	O
Kill	O
me	O
heal	O
me	O
tìm	O
lại	O
chính	O
mình	O
có	O
Hwang	O
chun	O
Um	O
đóng	O
á	O

Đây	O
chính	O
là	O
tôi	O
khi	O
đi	O
bv	NORM

Núp	O
bóng	O
cty	NORM
luật	O
nhiều	O
lắm,thôi	O
kệ	O
đi	O
có	O
ăn	O
có	O
trả	O

mấy	O
đứa	O
iu	NORM
nhau	O
nó	O
sao	O
á	O
má	O

con	O
bạn	O
tôi	O
kh	NORM
có	O
ai	O
mập	O
mờ	O

Mẹ	O
tui	O
chứ	O
ko	NORM
ai	O
khác	O
cả	O

Dịch	O
vụ	O
mát	O
xa	O
này	O
đẹp	O
trai	O
quá	O
zị	NORM

Nếu	O
vẫn	O
k	NORM
thể	O
thông	O
cảm	O
cho	O
nhau	O
thì	O
nên	O
xa	O
nhau	O
1	O
thời	O
gian	O

ngồu	NORM
qa	NORM
tôi	O
đã	O
sợ^^	O

làm	O
pet	O
đc	NORM
luôn	O
hả	O

Dắt	O
con	O
đ	NORM
hẳn	O
hoi	O
còn	O
đánh	O
ngta	NORM

uk	O
sao	O
lúc	O
đấy	O
ko	NORM
nghĩ	O
như	O
này	O
=)))	O

Đã	O
thế	O
còn	O
1	O
đám	O
đầu	O
tôm	O
nhiệt	O
tình	O
lao	O
vào	O
đánh	O
ngta	NORM
trong	O
khi	O
dell	NORM
biết	O
ai	O
đúng	O
ai	O
sai	O
=))	O

Bài	O
này	O
làm	O
khó	O
ae	NORM
thì	O
ae	NORM
cần	O
ôn	O
kỹ	NORM
ik	NORM

Chuẩn	O
bị	O
zìa	NORM
quê	O
=)))))	O

Chạy	O
deadline	O
trong	O
nước	O
mắt	O
với	O
cái	O
ngành	O
mà	O
mình	O
đấu	O
tranh	O
hỏng	NORM
lại	O
với	O
gia	O
đình	O
=))	O

Mẹ	O
tui	O
kiu	NORM
tui	O
thì	O
bày	O
đặt	O
quá	O
zịk	NORM

Đù	O
đồ	O
ăn	O
tỉu	NORM
cường	O

tặng	O
lun	NORM
chứ	O
đừng	O
hỏi	O
tr	NORM

chồng	O
tui	O
tăng	O
hơn	O
10kg	O
sau	O
cưới,	O
giờ	O
gần	O
về	O
form	O
cũ	O
gòi,	NORM
ngon	O
chán	O
:))))))))))	O

Đơn	O
giản	O
nhưn	NORM
điểm	O
cao	O
:))))	O

nạp	O
1	O
hồi	O
tẩu	O
hoả	O
nhập	O
ma	O
thí	NORM
mẹ	O
nha	O

Đây	O
là	O
cách	O
đổi	O
đời	O
của	O
t	NORM
và	O
tứit	O
vừa	O
đau	O
vừa	O
tức	O

cơ	O
mà	O
đá	O
này	O
lại	O
ngon	O
quá,	O
bác	O
còn	O
ko	NORM
em	O
xin	O
1	O
ít	O
sắp	O
thi	O
tới	O
nơi	O
rồi.	O

bsi	NORM
ngoại	O
của	O
chị	O
nè	O
:>	O

Trùm	O
cuối	O
đúng	O
là	O
k	NORM
lm	NORM
ae	NORM
thất	O
vọng	O

thấy	O
m.n	NORM
kể	O
thấy	O
vui.	O

nghĩ	O
thôi	O
cũng	O
thấy	O
dui	NORM

K	NORM
biết	O
có	O
thật	O
không	O

gòi	NORM
xong	O
bao	O
năm	O
phấn	O
đấu	O

Chỉ	O
muốn	O
xem	O
thôi	O
cũng	O
ko	NORM
đc	NORM

dưa	O
không	O
hạt	O
của	O
m	NORM
nè!	O

mua	O
con	O
này	O
ko	NORM
:))6	O

Quỵt	O
là	O
sai	O
rồi,	O
đánh	O
ng	NORM
lại	O
càng	O
sai	O

làm	O
thử	O
xem	O
ăn	O
ngon	O
k	NORM
mẹ,	O
nhà	O
sẵn	O
mãng	O
cầu	O

mày	O
gửi	O
z	NORM
tao	O
sẽ	O
bảo	O
xem	O
oy	NORM

Ao	O
làng	O
năm	O
nay	O
hài	O
phết	O
nhể	NORM

Cãi	O
thế	O
éo	NORM
nào	O
dc	NORM

Cho	O
e	NORM
hỏi	O
cái	O
trộn	O
bột	O
nc	NORM
ấm	O
hay	O
nc	NORM
sôi	O
ah	NORM

quá	O
hèng	NORM
để	O
drama	O
tìm	O
đến	O

Học	O
xong	O
vè	NORM
bán	O
dé	NORM
số	O

Nè	O
ở	O
ktx	NORM
vuii	NORM
lứm	NORM
í	O

Chứ	O
bt	NORM
quần	O
nữ	O
nó	O
kích	O
vào	O
trứng	O
thì	O
khó	O
chịu	O
lắm,	O
đũng	O
ngắn	O

hõng	NORM
có	O
có	O
giọng	O
mỉa	O
mai	O
xỏ	O
lá	O
dị	NORM
nha	O

Má,	O
chơi	O
mất	O
dzạy	NORM
ghê,	O
đến	O
đoạn	O
bật	O
sếp	O
nó	O
mới	O
bất	O
ngờ	O
lật	O
kèo	O

e	NORM
iu	NORM
của	O
chế	O
ổn	O
hong?	NORM
:>	O

Sao	O
ko	NORM
húc	O
cmn	O
vào	O
thằng	O
súc	O
vật	O
nhỉ	O

Bất	NORM
mode	O
Do	O
not	O
disturb	O
của	O
ip	O
đx	NORM
khum	NORM

tới	O
g	NORM
tao	O
chưa	O
ăn	O
cơm	O
nữa	O
đó	O

tính	O
ra	O
xả	O
nó	O
xuống	O
thấy	O
sạch	O
thiệt	O
đó,	O
bớt	O
mảng	O
bám	O
hơn	O
và	O
khử	O
dc	NORM
mùi	O

Hy	O
vọng	O
sau	O
ni	NORM
k	NORM
dành	NORM
đồ	O
ăn	O
của	O
con	O

Vì	O
k	NORM
có	O
ai	O
che	O
ô	O
cho	O
tớ,	O
nên	O
tớ	O
muốn	O
trở	O
thành	O
người	O
có	O
thể	O
che	O
chở	O
cho	O
người	O
khác,	O
kết	O
cục	O
lại	O
là	O
thế	O
giới	O
của	O
họ	O
vốn	O
dĩ	O
chẳng	O
có	O
mưa...	O

hơn	O
bnh	NORM
điểm	O
mà	O
k.o	O
cũng	O
bị	O
xử	O
thua	O
:)))	O

Mặt	O
nó	O
đâu	O
ae	NORM
vn	O
cần	O
thấy	O
đóaaaa	NORM

xời	O
bth	NORM
mà	O
lạc	O
quan	O
lên	O
=))	O

Sao	O
đi	O
làm	O
mà	O
giấu	O
đc	NORM
hay	O
z	NORM

Đeo	O
huy	O
hue	NORM
đoàn	O
là	O
bit	NORM
chính	O
huy	O

hì	O
mình	O
sinh	O
ra	O
dành	O
cho	O
nhao	NORM

nguyên	O
combo	O
t	NORM
ghét	O
luôn	O
trừ	O
cơm	O

Hong	NORM
chơi	O
tiktok	O
nên	O
bác	O
nào	O
mua	O
sọp	O
pe	O
click	O
hộ	O
cho	O
e	O
kiến	NORM
đủ	O
30	O
chẹo	NORM
đi	O
mn	NORM

Bế	O
hết	O
luôn	O
cả	O
đàn	O
cho	O
trong	O
sạch	O
XH	NORM

Đứa	O
nào	O
ngại	O
ib	O
t	NORM
t	NORM
đòi	O
giùm	O
rồi	O
chia	O
hoa	O
hồng	O
cho	O
t	NORM
đi	O

chỉ	O
kg	NORM
đúng	O
hình	O
cuối	O
nhỉ	O

Tự	O
dưng	O
để	O
cái	O
ô	O
che	O
ở	O
đấy	O
chả	O
giống	O
quá	O
Ủa	O
nhưng	O
mà	O
sao	O
phải	O
lấy	O
ô	O
che	O
thùng	O
rác	O
chi	O
zậy	NORM

Chúc	O
mừng	O
gđ	NORM
em	O
oanh	O
đúng	O
lòng	O
người	O
không	O
phụ	O

cho	O
coi	O
hàng	O
rồi	O
suy	O
nghĩ	O
lợi	NORM

thế	O
là	O
ăn	O
lol	NORM
rồi	O

mau	O
đki	NORM
slot	O
bé	O
thiểu	O
năng	O
cho	O
chúng	O
ta!!!	O

mẹ	O
chồng	O
đại	O
gia	O
cho	O
mình	O
100tỷ	O
và	O
yêu	O
cầu	O
mình	O
k	NORM
đc	NORM
tiếp	O
tục	O
quen	O
nữa	O

Ad	O
hay	O
zị	NORM
quá	O
à	O

thpt	NORM
xem	O
còn	O
đúng	O
cái	O
cuộng	O

Taị	O
hs	NORM
cấp	O
1	O
nó	O
chưa	O
thèm	O
đồ	O
chua	O
thôi,	O
nó	O
chỉ	O
thích	O
bánh	O
kẹo,	O
kem,...chứ	O
mà	O
cấp	O
2	O
và	O
cấp	O
3	O
coi,	O
vừa	O
nhú	O
ra	O
là	O
k	NORM
còn	O
cái	O
nịt	O
rồi	O
=))	O

khỏi	O
cần	O
tháo	O
cx	NORM
v	NORM
ha	O

Thui	NORM
nhà	O
kia	O
xác	O
định	O

năm	O
ấy	O
là	O
năm	O
đầu	O
tiên	O
thi	O
2	O
trong	O
1	O
nên	O
100%	O
là	O
trắc	O
nghiệm,	O
t	NORM
là	O
đứa	O
mù	O
lý,	O
mù	O
hẳn	O
đến	O
landa	O
là	O
gì	O
còn	O
không	O
biết	O
nên	O
hôm	O
đi	O
thi	O
t	NORM
đập	O
cái	O
bật	O
lửa	O
của	O
bố	O
ra	O
lấy	O
hai	O
cục	O
xí	O
ngầu	O
mang	O
đi	O
thả	O

Chưa	O
kịp	O
chín	O
đã	O
gọt	O
hết	O
cả	O
ra	O
nnay	O
thì	O
em	O
lếy	NORM
đâu	O
ra	O
măng	O
cụt	O
chín	O
để	O
ăn	O
ạaaaa	NORM

toy	NORM
có	O
vô	O
tâm	O
khum	NORM
lói	NORM
một	O
lời	O
đi	O
-)))	O

Năm	O
nay	O
ko	NORM
có	O
trái	O
măng	O
cụt	O
chín	O
luôn	O

tui	O
2006	O
định	O
năm	O
sau	O
vào	O
SP	NORM
Văn	O
mà	O
nghe	O
tin	O
sợ	O
quá	O

Giả	O
vờ	O
xem	O
ĐT	NORM
cười	O

"lại	O
đó	O
ròi	NORM
mình	O
nói	O
dới	NORM
ngta	NORM
sao	O
mẹ?"	O
=))))	O

Thì	O
vô	O
duyên	O
thiệt	O
chứ	O
còn	O
gì	O
nữa	O
má,	O
không	O
ăn	O
được	O
thịt	O
mỡ	O
thì	O
gắp	O
vô	O
chén	O
của	O
mình	O
mà	O
tự	O
lấy	O
ra,	O
bới	O
trong	O
dĩa	NORM
thịt	O
của	O
người	O
ta	O
ra	O
thì	O
nói	O
gì	O
dợ	NORM

chúng	O
ta	O
tự	O
nhận	O
mình	O
là	O
cờ	O
đỏ,	O
nmà	NORM
lại	O
sồu	NORM
vì	O
ngkh	O

tha	O
hồ	O
chém	O
ko	NORM
cần	O
đắn	O
đo	O
và	O
nhất	O
là	O
ko	NORM
rơi	O
vào	O
trường	O
hợp	O
tự	O
làm	O
đau	O
mình	O
như	O
này	O
:))	O

xem	O
có	O
phải	O
bé	O
nhà	O
ko	NORM

nào	O
đi	O
a	NORM
trai	O
tặng	O
cho	O
cái	O
này	O

Là	O
hết	O
nghỉ	O
lễ	O
r	NORM
ư,	O
mai	O
đi	O
làm	O
đi	O
học	O
r	NORM
ư	O

Cứ	O
nghĩ	O
ck	NORM
và	O
con	O
đều	O
siêu	O
ngoan	O
thì	O
ko	NORM
1	O
chàng	O
trai	O
nào	O
có	O
thể	O
làm	O
tui	O
xiêu	O
lòng	O

t	NORM
vài	O
năm	O
trước	O
tự	O
tưởng	O
tượng	O
ra	O
drama	O
cuộc	O
đời	O
và	O
năm	O
nay	O
nó	O
đến	O
thật	O

Bạn	O
may	O
mắn	O
vì	O
có	O
ng	NORM
yêu	O
tốt,	O
ng	NORM
yêu	O
b	NORM
cũng	O
may	O
mắn	O
vì	O
được	O
bạn	O
nhìn	O
nhận	O
&	O
tin	O
tưởng	O
chân	O
thành	O
như	O
vậy.	O

Bất	O
ngờ	O
xỉu	O
ngang	O
lun	NORM

A	NORM
thanh	O
niên	O
nhà	O
mk	NORM
chọn	O
cách	O
k	NORM
ăn	O
thịt	O
nữa	O
thay	O
vì	O
tìm	O
thịt	O
nạc	O
trong	O
đĩa	O
thịt	O

mới	O
có	O
4	O
hộp	O
kêu	O
ca	O
j	NORM
nhiều	O
thế	O
hihi	O

ngàn	O
lừn	NORM
anh	O
íu	NORM
đíu	NORM

mua	O
về	O
xong	O
k	NORM
ăn	O

Sai	O
mà	O
là	O
sai	O
khi	O
làm	O
ngta	NORM
hết	O
hứng	O
thú	O
đoá	NORM

cty	NORM
có	O
ng	NORM
thử	O
việc	O
chắc	O
hai	O
năm	O
đến	O
đít	O
rồi	O
mà	O
vẫn	O
chậm	O
và	O
nger	NORM
nhỉ	O
=)))	O

bạn	O
có	O
ăn	O
chung	O
với	O
con	O
k	NORM

Khổ	O
lắm	O
sáng	O
thức	O
dâyn	NORM
còn	O
phải	O
nghĩ	O
đến	O
ăn	O
cái	O
gì	O

Còn	O
k	NORM
thì	O
chọn	O
ngày	O
khác	O
không	O
bận	O
cũng	O
được	O
mà	O

k	NORM
có	O
ny	NORM
nhưng	O
ăn	O
như	O
lợn	O
k	NORM
thấy	O
béo	O

kh	NORM
phải	O
gì	O
mà	O
đọc	O
cái	O
nghĩ	O
tới	O
hai	O
mày	O
:)))	O

Lương	O
5tr	O
chắc	O
2vk	O
ck	NORM
tối	O
phải	O
cầm	O
nón	O
ra	O
ngã	O
tư	O
ăn	O
xin	O
mới	O
đủ	O
đóng	O
tiền	O
học	O
cho	O
con	O
nhờ	O

và	O
thường	O
xuyên	O
ra	O
nắng	O
ta	O
dk	NORM
vitamin	O
đen	O
á	O

T	NORM
thấy	O
nội	O
dung	O
phim	O
bình	O
thường	O
mà,	O
đâu	O
phải	O
chỉ	O
có	O
tuổi	O
trẻ	O
mới	O
được	O
quyền	O
yêu	O
đương?	O

Vô	O
duyên	O
thật	O
chứ	O
đùa	O
đ	NORM
đâu	O

đẻ	O
đc	NORM
đứa	O
con	O
đau	O
hết	O
...	O

Ở	O
ngoài	O
sai	O
lè	O
ra	O
cũng	O
gân	O
cổ	O
bênh	O
đc	NORM
thì	O
tuyệt	O
qq	O

Rồi	O
s	NORM
t	NORM
coi	O
ctrinh	NORM
này	O
bt	NORM
đc	NORM
hỉ	NORM

Thì	O
cứ	O
gắp	O
cả	O
miếng	O
vào	O
bát	O
mình	O
rồi	O
tách	O
thịt	O
ra	O
ăn,	O
mỡ	O
gắp	O
vào	O
bát	O
anh	O
ny,	NORM
thế	O
thôi	O

thêm	O
gói	O
súp	O
hảo	O
hảo	O
nữa	O
là	O
hết	O
nước	O
chấmmm	NORM

Tôi	O
cũng	O
muốn	O
ăn	O
măng	O
cụt	O
chín!!!!!!!	NORM

Mất	O
công	O
lưu	O
về	O
gửi	O
mà	O
bảo	O
cái	O
này	O
t	NORM
xem	O
rồi	O

Mắ	NORM
đọc	O
đến	O
cuối	O
mới	O
biết	O
là	O
edit	O
ra	O

sao	O
màk	NORM
hay	O
z	NORM
qá	NORM

h	NORM
tin	O
ròi	NORM
nhm	NORM
vẫn	O
iu	NORM
ck	NORM
nha	O

quanh	O
mình	O
ngta	NORM
cả	O
2	O
vợ	O
chồng	O
lương	O
11tr	O
vẫn	O
sống	O
ổn	O
ở	O
HCM	O
nhé	O

cha	O
nội	O
bị	O
ung	O
thư	O
zòm	NORM
họng	O
hả	O
tr	NORM
=))	O

ik	NORM
quán	O
nước	O
xong	O
ngồi	O
đánh	O
giá	O
từng	O
người	O

T	NORM
nhìn	O
thôi	O
là	O
đã	O
thấy	O
ê	O
răng	O
rồi	O

nhớ	O
những	O
ngày	O
tui	O
ko	NORM
có	O
tiktok	O

Các	O
b	NORM
trẻ	O
quá	O
là	O
Tài.	O

Mình	O
nghĩ	O
vấn	O
đề	O
lớn	O
nhất	O
là	O
2	O
ng	NORM
k	NORM
chia	O
sẻ	O
với	O
nhau	O
thôi	O

Bà	O
mie,vẫn	NORM
thốn	O
đến	O
tận	O
bây	O
giờ.	O

tag	O
tên	O
chia	O
sẻ	O
niềm	O
dui	NORM
thoi	NORM

Nhìn	O
thấy	O
nó	O
là	O
nhạc	O
tự	O
động	O
chayj	NORM
trong	O
đầu	O
luôn	O

hôm	O
nào	O
m	NORM
mặc	O
t	NORM
xem	O

Thề	O
luôn	O
=))))	O
tự	O
nhiên	O
cảm	O
giác	O
sạch	O
chứ	O
cũng	O
k	NORM
biết	O
có	O
thiệt	O
k	NORM
=)))))	O

Thiệt	O
ko	NORM
phải	O
1	O
em	O
mà	O
là	O
nhìu	NORM
em	O
đổ	O
lệ	O
:))))))	O

má	O
nhìn	O
thấy	O
khó	O
chịu	O
sao	O
ă	NORM

ord	O
cho	O
các	O
b	NORM
của	O
m	NORM
và	O
t	NORM
đi	O

ngây	O
thơ	O
thật,	O
bới	O
thức	O
ăn	O
vô	O
duyên	O
vch	O
ra	O
ý,	O
kể	O
cả	O
ở	O
nhà	O
thật	O
thì	O
cũng	O
không	O
nên	O
bới	O
thức	O
ăn	O
c	NORM
ạ	O

hay	O
t	NORM
lên	O
dí	NORM
m	NORM
chứ	O
ở	O
đây	O
toàn	O
4	O
5	O
chục	O

Hai	O
anh	O
chị	O
cũng	O
đâu	O
đó	O
50	O
rồi	O
chứ	O
trẻ	O
trâu	O
gì	O
nữa	O
đâu	O
chời	NORM

ỏ	O
dễ	O
huông	NORM
quá	O
chị	O

Thằng	O
con	O
t	NORM
không	O
ăn	O
được	O
cay	O

bị	O
nói	O
là	O
đúng	O
rồi	O
oan	O
uổng	O
gì	O
đâu	O
ko	NORM
ăn	O
đc	NORM
thì	O
gắp	O
vào	O
bỏ	O
mỡ	O
đi	O
chứ	O
ngồi	O
bới	O
bị	O
nói	O
vô	O
duyên	O
là	O
còn	O
nhẹ	O
ấy	O

Hên	O
là	O
bạn	O
nữ	O
ko	NORM
lái	O
xe	O
tải	O

Ngày	O
xưa	O
đi	O
học	O
bằng	O
cám	O
cò	O
ko	NORM

Nghèo	O
như	O
mình	O
ko	NORM
thấy	O
ai	O
hỏi	O
vay	O

Kệ	O
đi	O
nhiều	O
ng	NORM
ng	NORM
ta	O
còn	O
ấy	O
hơn	O
mình	O
cơ	O

Qua	O
đường	O
t	NORM
toàn	O
bế	O
con,vì	O
t	NORM
biết	O
con	O
mình	O
hiếu	O
động	O
nó	O
hay	O
chạy	O
nhảy	O
lung	O
tung,qua	O
đường	O
xong	O
mới	O
thả	O
xuống,chứ	O
bị	O
lsao	NORM
thì	O
con	O
mình	O
bị	O
thiệt	O
trước	O
đã	O

Vòng	O
charm	O
đáng	O
iu	NORM
nhắm	NORM
nà	NORM
mí	NORM
bà	O
oi	NORM

Giống	O
vck	NORM
ai	O
đó	O
ghê	O

Trc	NORM
đám	O
cưới	O
mình	O
còn	O
ko	NORM
nhớ	O
mình	O
còn	O
gì	O
chưa	O
làm	O
vì	O
cực	O
kì	O
stress,	O
nên	O
bạn	O
thân	O
thì	O
bạn	O
nên	O
hoan	O
hỷ	O
bỏ	O
qua	O
thui	NORM
ạ,	O
với	O
đám	O
hỏi	O
gần	O
như	O
là	O
tiệc	O
gia	O
đình,	O
có	O
gì	O
bạn	O
đợi	O
đến	O
đám	O
cưới	O
xem	O

thôi	O
thôi	O
báo	O
quài	NORM
mẹ	O
pt	NORM
mẹ	O
bùn	NORM
đóa	NORM

Hok	NORM
bjk	NORM
shao	NORM
nma	NORM
mìk	NORM
thấy	O
dv	NORM
bên	O
Disney	O
cũm	NORM
cần	O
có	O
giọng	O
hát	O
tốt	O
nữa	O
ík	NORM

nghe	O
cgi	NORM
xỉu	O
ngang	O
xỉu	O
dọc	O

giờ	O
mình	O
phải	O
nhìn	O
xuống	O
chứ	O
ko	NORM
nhìn	O
lên	O
nữa	O

e	O
có	O
nên	O
bắt	O
máy	O
bay	O
đi	O
luôn	O
khum	NORM
nhỉ	O

có	O
sữa	O
tươi	O
trứng	O
múi	O
ko	O
c	NORM

Trần	O
Thị	O
Mỵ	O
Nhân	O
thiệc	NORM
zô	NORM
tri	O

Tương	O
lai	O
sau	O
này	O
khi	O
tlinh	O
lấy	O
ck	NORM
:)))	O

Gà:	O
chúng	O
m	NORM
có	O
thể	O
gỏi	O
con	O
khác	O
đi	O
đc	NORM
ko	NORM

gặp	O
đc	NORM
chắc	O
chạy	O
xa	O
trăm	O
mét	O

còn	O
ngkhac	NORM
ban	NORM
k	NORM
đê	NORM
ngkhac	NORM
nghỉ	O
ngơi	O
à	O
b	NORM

5	O
ck	NORM
chờ	O
ở	O
nhà	O

trường	O
mình	O
bayh	NORM
giỏi	O
thế	O

Chỗ	O
tao	O
trước	O
có	O
vụ	O
1	O
nhà	O
bắc	O
rạp	O
chiếm1/2	O
lòng	O
đường,	O
ông	O
lái	O
xe	O
tải	O
đi	O
qua	O
có	O
đứa	O
bé	O
trong	O
rạp	O
chạy	O
qua	O
thế	O
là	O
tai	O
nạn	O
thương	O
tâm,	O
người	O
nhà	O
đứa	O
bé	O
đánh	O
tài	O
xế	O
thừa	O
sống	O
thiếu	O
chết	O
thế	O
là	O
CA	NORM
xuống,	O
gia	O
đình	O
đám	O
cưới	O
bị	O
phạt	O
vài	O
chục	O
củ,	O
lái	O
xe	O
được	O
đền	O
200	O
triệu	O
và	O
những	O
người	O
đánh	O
đi	O
bóc	O
lịch	O
cả	O
đám	O
luôn.	O

Sau	O
này	O
chắc	O
phải	O
lấy	O
Khoai	O
môn	O
mới	O
đc	NORM
nhỉ	O

chúc	O
a	NORM
mau	O
bình	O
phục	O

tưởng	O
nc	NORM
vị	O
nho	O
kh	NORM
đó	O

K	NORM
cần	O
mi	O
nhon	O
nhưng	O
lại	O
cần	O
eo	O
thon,	O
mặt	O
thon,	O
tay	O
thon	O
hị	O
hị	O

cập	O
nhật	O
bằng	O
đôi	O
chân	O
của	O
mình	O
đi	O
bạn	O
êiiii	NORM

xong	O
để	O
mẹ	O
đấy	O
kh	NORM
nhớ	O
luôn	O
:))	O

Tao	O
hướng	O
ngoại	O
nhưng	O
chuyện	O
này	O
t	NORM
hướng	O
nội	O

Cảm	O
ơn	O
những	O
chia	O
sẻ	O
từ	O
b	NORM

Mình	O
cũng	O
k	NORM
ăn	O
thịt	O
mỡ	O
nhưng	O
mình	O
k	NORM
bới	O

Tớ	O
mang	O
hết	O
tiền	O
về	O
cho	O
mẹ	O
rầu	NORM
:	O
"	O
đen	O
vâu	O
said	O
"	O

một	O
ng	NORM
chồng	O
cảm	O
thấy	O
thương	O
vợ	O
thì	O
đã	O
không	O
để	O
cho	O
hai	O
em	O
nhỏ	O
xách	O
váy	O
r,	NORM
với	O
lại	O
đi	O
cx	NORM
kh	NORM
chờ	O
vợ	O
để	O
vợ	O
lẽo	O
đẽo	O
theo	O
sau	O

Tưởng	O
tượng	O
về	O
otp	O
r	NORM
phê	O
ka	O
đc	NORM
kh	NORM

tiền	O
thì	O
k	NORM
tiếc	O
nma	NORM
t	NORM
k	NORM
có	O

Thanh	O
hoá	O
đó	O
mọi	O
ngừiii	NORM

mí	NORM
nữa	O
xưn	NORM
nhựt	NORM
cậu	O
tớ	O
có	O
quà	O
cho	O
cậu	O
đây	O
nha	O

khi	O
ai	O
hỏi	O
về	O
mệnh	O
sướng	O
chị	O
hãy	O
kể	O
cho	O
họ	O
nghe	O
câu	O
chiện	NORM
này	O

Tôi	O
mà	O
là	O
đàn	O
ông	O
thì	O
nhiều	O
e	NORM
rơi	O
lệ	O

ko	NORM
đươic	NORM
sống	O
dả	NORM
trâng	NORM
như	O
z	NORM

Hc	NORM
hết	O
r	NORM
nh	NORM
k	NORM
nhớ	O
hết	O
đc:))	NORM

hồi	O
xưa	O
vầy	O
nè,	O
giwof	NORM
thì	O
2	O
đứa	O
lắc	O
đi	O
rồi	O

Coi	O
cí	NORM
mặt	O
biếc	NORM
hưởng	O
ghê	O

tôi	O
sắp	O
phát	O
điên	O
với	O
thời	O
tiết	O
HN	O
rồi	O
ạ	O
cứ	O
nóng	O
lạnh	O
thất	O
thường	O
là	O
mặt	O
nổi	O
mẩn	O
đau	O
rát	O
kinh	O
khủng	O
luôn	O
ý	NORM

Tôy	NORM
cũng	O
mún	NORM
thử	O
trải	O
nghịm	NORM
cảm	O
giác	O
ấy	O

:)))	O
hong	NORM
nha	O
má,	O
hơn	O
cả	O
tiếng	O
r	NORM

ô	NORM
a	NORM
này	O
hợp	O
đóng	O
mấy	O
phim	O
có	O
tội	O
phạm	O
tội	O
phủng	O
ghê	O
:))))	O

Chia	O
sẻ	O
mạnh	O
lên	O
Ae	NORM

người	O
ta	O
bán	O
cháo	O
hả	O
m	NORM

Ủa	O
k	NORM
đam	O
mê	O
thể	O
hình	O
nên	O
bỏ	O
qua	O

thư	O
thái	O
ghê	O
heng	NORM
:))	O

lẹ	O
lẹ	O
ik	NORM
giám	O
thị	O
tới	O

Con	NORM
bạn	O
cùng	O
phòng	O
thì	O
đi	O
lm	NORM
đêm	O
2h	O
sáng	O
ms	NORM
về...	NORM

đọc	O
từ	O
2	O
năm	O
trước	O
rồi	O
mà	O
bgio	NORM
đọc	O
lại	O
vẫn	O
thấy	O
cuốn	O

giống	O
câu	O
chuyện	O
của	O
b	NORM
qua	NORM

z	NORM
hả	O
má	O
thấy	O
sợ	O
z	NORM

đời	O
đời	O
đ	NORM
thể	O
quên	O

gặp	O
nhi	O
đồng	O
lưu	O
manh	O
này	O
nhà	O
tôi	O
thì	O
cái	O
cuống	O
cũng	O
k	NORM
còn,	O
hết	O
muối	O
chấm	O
:))	O

Ê	O
chứ	O
tụi	O
này	O
mà	O
ở	O
phiên	O
bản	O
nam	O
là	O
thoi	NORM
ròi	NORM

Chơi	O
bia	NORM
đia	NORM
ko	NORM
bn	NORM
iu	NORM

tự	O
nhiên	O
cứng	O
người,	O
đơ	O
nãoo	NORM

đi	O
thành	O
đô	O
k	NORM
hín	O

lương	O
5	O
trịu	NORM
thì	O
bao	O
giờ	O
mới	O
lấy	O
vợ	O
được	O
ạ	O

dễ	O
tương	O
lai	O
cụa	NORM
chúng	O
mình	O
tranh	O
ăn	O
của	O
con	O

Thì	O
có	O
đọc	O
đc	NORM
chữ	O
VN	O
đâu	O
mà	O
lo	O
kaka	O

Mình	O
thì	O
hay	O
gặp	O
nhất	O
là	O
lúc	O
mới	O
ngủ	O
cứ	O
mơ	O
cơ	O
thể	O
mất	O
đi	O
trọng	O
lực,	O
ng	NORM
cứ	O
bay	O
lên,	O
phải	O
bám	O
vào	O
ghế,	O
bàn,	O
tường	O
hoặc	O
bất	O
cứ	O
thứ	O
j	NORM
để	O
ko	NORM
bị	O
bay	O
lên	O
trên	O
trời.	O

nhớ	O
quả	O
nhìn	O
thùng	O
rác	O
bảo	O
là	O
c.an	NORM
k	NORM
=)))	O

ra	O
xin	O
về	O
đi	O
c	NORM
mai	O
chúng	O
ta	O
còn	O
có	O
cái	O
ăn	O

Ngta	NORM
thì	O
bắt	O
con	O
cái	O
kết	O
hôn	O
còn	O
nhà	O
mình	O
thì	O
ngược	O
lại	O

highnote	O
Chi	O
Pu	O
đóng	O
băng	O
t	NORM
luôn	O
rồi	O

chưa	O
có	O
bạn	O
trai	O
nên	O
ko	NORM
so	O
sánh	O
được	O

trả	O
dây	O
oan	NORM
toàn	O
cho	O
ngt	NORM
đi	O
cj	NORM

Đã	O
ns	NORM
hướng	O
nội	O
mà	O
hong	NORM
ai	O
tin	O

K	NORM
mặc	O
gì	O
thì	O
sao	O

ngừi	NORM
tàn	O
ác	O
thường	O
sống	O
thảnh	O
thơi	O

K	NORM
thích	O
nhạc	O
st	O
nhưng	O
mà	O
công	O
nhận	O
e	NORM
nó	O
giỏi	O
thật	O

trứng	O
đòi	O
khôn	O
hơn	O
vịtttttt	NORM

mình	O
cũng	O
có	O
2	O
thằng	O
bạn	O
nhưng	O
chúng	O
nó	O
chẳng	O
khớp	O
vs	NORM
mình	O
chút	O
nào	O

gà:	O
cái	O
qq	NORM
gì	O
cũng	O
có	O
tên	O
tao	O

lại	O
đây	O
cho	O
t	NORM
thể	O
hiện	O
tình	O
yêu	O
thương	O
với	O
m	NORM

zui	NORM
quá	O
:))	O
sắp	O
được	O
nghỉ	O
lễ	O
tiếp	O
nè	O

đc	NORM
r	NORM
đi	O
thoi,	NORM
t	NORM
lái	O
xe	O
m	NORM
ôm	O
thùng	O

thế	O
nên	O
mình	O
k	NORM
có	O
ny	NORM
:))	O

coi	O
có	O
đúng	O
không	O
z	NORM

Tới	O
Việt	O
Nam	O
làm	O
cái	O
đê	NORM

Cả	O
hai	O
thì	O
như	O
nào	O
zậy	NORM
ae	NORM
=)))	O

Hại	O
chính	O
con	O
của	O
họ	O
mà	O
thị	O
trường	O
ko	NORM
làm	O
thì	O
thua	O
rồi	O

Gòi,	NORM
măng	O
cụt	O
chín	O
năm	O
nay	O
chắc	O
nhịn	O

Cho	O
tui	O
hỏi	O
xe	O
ben	O
có	O
bị	O
làm	O
sao	O
ko?	NORM

Tôi	O
k	NORM
có	O
những	O
ng	NORM
bạn	O
như	O
thế	O
này	O

:)biết	O
đứa	O
nào	O
cbi	NORM
phải	O
thử	O
r	NORM
đấy	O

ngừi	NORM
ák	NORM
độk	NORM
thường	O
sống	O
thảnk	NORM
thơy	NORM

tự	O
nhiên	O
nghĩ	O
tới	O
a	NORM
đừng	O
giành	O
ăn	O
nha	O

mua	O
tặng	O
bé	O
vs	NORM
pí	O
=)))))))))	O

hoặc	O
dịch	O
vụ	O
khám	O
ở	O
đâu	O
cho	O
chắc	O
cú	O
cũng	O
dc.	NORM

Chúc	O
bạn	O
luôn	O
mạnh	O
mẽ	O
như	O
bh	NORM
và	O
nhanh	O
chóng	O
khỏi	O
bệnh	O

Chắc	O
là	O
cổ	O
ko	NORM
phiền	O
đâu	O
ha	O

Xh	NORM
bây	O
giờ	O
loạn	O
rồi	O

Theo	O
kịch	O
bản	O
của	O
em,	O
ny	NORM
em	O
giờ	O
mới	O
9	O
tháng	O
tụi	NORM
:))))))	O

Mà	O
con	O
gái	O
ngt	NORM
giữ	O
giá	O
nữa	O
chi	O
:))))	O

Em	O
nào	O
mà	O
iu	NORM
anh	O
thì	O
sứn	NORM
nhứt	NORM
cụt	NORM
đời	O
đúng	O
ko	NORM

Ngôn	O
ngữ	O
khác	O
cũng	O
học	O
ngôn	O
ngữ	O
thứ	O
2,	O
khó	O
khăn	O
của	O
SV	NORM
chuyên	O
nghành	NORM
ngoại	O
ngữ	O
lại	O
là	O
ngoại	O
ngữ	O

nhớ	O
hồi	O
trc	NORM
ae	NORM
ở	O
dưới	O
Hà	O
Nam,	O
thằng	O
cu	O
nhà	O
cô	O
chủ	O
nó	O
đánh	O
rơi	O
cái	O
nhiệt	O
kế	O
làm	O
t	NORM
dell	NORM
dám	O
vào	O
nhà,	O
ông	O
thì	O
dell	NORM
dám	O
ra	O
khỏi	O
giường	O

Vì	O
nó	O
không	O
phải	O
đất	O
liền	O
nên	O
ngta	NORM
gọi	O
là	O
Null	O
Island	O
(ai	O
dân	O
IT	O
thì	O
biết	O
là	O
gì	O
rùi	NORM
hen)	NORM

Tưởng	O
giọng	O
hát	O
Chipu	O
như	O
nào,	O
trước	O
giờ	O
toàn	O
nghe	O
mn	NORM
nói	O
thôi,	O
ai	O
ngờ	O
bay	NORM
giờ	O
nghe	O
thiệt	O
kiểu	O
(	O
•᷄⌓•᷅	O
)	O

t	NORM
có	O
cảm	O
giác	O
tội	O
lỗi	O
vl	O
khi	O
làm	O
vậy	O
á	O

thẫn	O
thờ	O
thiệt	O
á,	O
đổi	O
đời	O
dc	NORM
như	O
này	O
lun	NORM
á	O
hả	O

Sao	O
Gen	O
Z	O
cty	NORM
t	NORM
đứa	O
nào	O
cũng	O
ngoan	O
thế	O
nhỉ	O

Indo	O
muốn	O
tính	O
điểm	O
đúng	O
ko?	NORM

Thanh	O
ngệ	NORM
thì	O
ối	O
dùi	NORM
ơi	O

nào	O
gội	O
đêm	O
sấy	O
dị	NORM
cho	O
lẹ	O
nha	O

Xin	O
lũi	NORM
vì	O
đã	O
cười	O

khum	NORM
hiểu	O
nổi	O
con	O
trai,	O
đág	NORM
nhẽ	NORM
phải	O
thành	O
thói	O
quen	O
trứ	NORM

goy	NORM
mai	O
mốt	O
thi	O
mình	O
áp	O
dụng	O
nha	O

sau	O
thấy	O
t	NORM
chụp	O
hình	O
với	O
bồ	O
thì	O
đừng	O
ngạc	O
nhiên	O
nhé	O

sao	O
lại	O
chỉ	O
sống	O
đến	O
năm	O
28t	O
nghe	O
tiêu	O
cực	O
z	NORM

Ủa	O
rồi	O
khóc	O
thôi	O
mà	O
ai	O
nỡ	O
đăng	O
chị	O
ý	O
lên	O
chi	O
dọ	NORM
tội	O
nghiệp	O

nói	O
đẹp	O
thì	O
ít	O
mà	O
xấu	O
thì	O
nhìu	NORM
:))	O

Hoy	O
nghỉ	O
đá	O
banh	O
tăng	O
ca	O
ik	NORM
:)))	O

mốt	O
có	O
bồ	O
rồi	O
đăng	O
đỡ	O
si	NORM
nghĩ	O

Ghét	O
nhất	O
cái	O
thứ	O
ăn	O
mà	O
bới	O
bới	O
cầm	O
gắp	O
lên	O
gắp	O
xuống	O
lựa	O
chọn,	O
không	O
ăn	O
dc	NORM
thì	O
nghỉ	O

bước	O
1	O
có	O
quần	O
ống	O
loe	O
rồi	O
đợi	O
bước	O
2	O
có	O
ny	NORM
nữa	O
thôi	O

đi	O
chơi	O
vs	NORM
ghệ	O
s	NORM
mà	O
bị	O
ngt	NORM
chụp	O
hình	O
lén	O
v	NORM
má	O

Về	O
với	O
chị,	O
chị	O
cho	O
iem	NORM
lá	O
tre	O

bằng	O
1	O
phép	O
màu	O
nào	O
đó	O
t	NORM
cx	NORM
đã	O
từng	O
làm	O
vậy	O

ntin	NORM
chúc	O
mừng	O
anh	O
chưa	O

Đọc	O
cmt	O
ik	NORM
rén	O
liền	O

Bố	O
xem	O
thời	O
sự	O
bảo	O
đánh	O
thì	O
đánh	O
mẹ	O
đi	O
cho	O
máu	O
,con	O
biết	O
con	O
mà	O
đi	O
xung	O
phong	O
thì	O
bố	O
mẹ	O
ở	O
nhà	O
chỉ	O
có	O
khóc	O
hết	O
nc	NORM
mắt	O
thôi	O

chị	O
Chenh	O
đúng	O
khun	NORM
ạ	O

a	NORM
răng	O
chi	O
lạ	O
r	NORM

Trai	O
gái	O
ko	NORM
cần	O
bt,	NORM
có	O
lỗ	O
là	O
đc	NORM

8	O
năm	O
trước	O
anh	O
cũng	O
từng	O
là	O
sv	NORM
năm	O
nhất	O
trường	O
Y	O
như	O
em	O

6h	O
sáng	O
cúp	O
t	NORM
4h	O
chìu	NORM

hết	O
dung	O
lượng	O
vì	O
m	NORM
đấy	O

thấy	O
thức	O
cũng	O
dữ	O
đó	O
mà	O
hong	NORM
bít	NORM
có	O
viết	O
lách	O
hum	NORM

tự	O
tưởng	O
tượng	O
ngày	O
cọp	O
dà	NORM
r	NORM
đi	O
nè	O

Người	O
nước	O
ngoài	O
họ	O
vậy	O
k	NORM
đó	O
bạn	O

Thằng	O
bạn	O
trai	O
nào	O
như	O
vầy	O
vào	O
nhận	O
đi	O
chớ	NORM

có	O
0đ	O
với	O
1đ	O
chứ	O
làm	O
rì	NORM
có	O
đỉm	NORM
cao	O
như	O
thé=))))	NORM

ng	NORM
đàn	O
og	NORM
ấm	O
áp	O
tìh	NORM
cảm	O
moi	NORM
thuog	NORM
đv	NORM
nhu	NORM
z	NORM

Mõi	NORM
lần	O
có	O
khách	O
tui	O
thấy	O
quán	O
kéo	O
cửa	O
lại	O
chi	O
zậy	NORM
chị	O
?	O

t	NORM
rất	O
lấy	O
làm	O
quan	O
ngại	O
về	O
việc	O
nàyyyy	NORM

Nếu	O
cháu	O
mà	O
ở	O
bên	O
Campuchia	O
thì	O
1	O
Huy	O
chương	O
vàng	O
là	O
235	O
triệu	O
vn	O
đ	NORM
nhé	O
(	O
Việt	O
Nam	O
1	O
Huy	O
chương	O
vàng	O
có	O
45	O
triệu	O
vn	O
đ)	NORM

Kphai	O
mà	O
là	O
jd	O
đơn	O
giản	O
quá	O
ứng	O
viên	O
lại	O
nghi	O
ngờ	O
là	O
“chỉ	O
thế	O
thôi	O
à”	O
“sao	O
dễ	O
thế”	O
“hay	O
là	O
giấu	O
diếm	NORM
k	NORM
dám	O
ghi	O
ra”	O
và	O
rồi	O
bùng	O

zo	NORM
lựa	O
vài	O
bộ	O
chữa	O
lành	O
nè	O
=)))))	O

khong	NORM
có	O
chăn	O
có	O
gối	O
àkkk	NORM

quan	O
tâm	O
về	O
giá	O
vé	O
mà	O
ko	NORM
thấy	O
nói	O
zị	NORM

M	NORM
thì	O
k	NORM
thích	O
uống	O
của	O
con	O
vì	O
con	O
dùng	O
size	O
mini	O

Tâm	O
linh	O
không	O
đùa	O
được	O
đâuu	NORM

dô	NORM
đọc	O
lẹ	O
nè,	O
tao	O
đi	O
làm	O
tiểu	O
luận	O
cái,	O
có	O
phần	O
2	O
nhớ	O
kêu	O
pé	NORM
nhe	O

Sao	O
không	O
nói	O
sớm	O
vừa	O
ăn	O
k	NORM
hết	O
ngồi	O
bóc	O
nghịch	O
nghịch	O
hết	O
rồi	O
huhu	O

Loa	O
hư	O
xin	O
đừng	O
mở	O
lớn	O
hãy	O
để	O
mn	NORM
thưởng	O
thức	O
visual	O
thôi	O
đc	NORM
khum	NORM

cũm	NORM
khom	NORM
đỏ	O
là	O
mấy	O

các	O
chị	O
gái	O
có	O
tip	O
cho	O
việc	O
chọn	O
zai	NORM
ổn	O
là	O
nhìn	O
cái	O
acc	O
chả	O
có	O
gì	O
cả	O
=)))	O

:hs	NORM
ngoan	O
em	O
nhỉ	O
,	O
xoài	O
to	O
vẫn	O
nguyên	O
trên	O
cây	O
em	O
kìa	O
.	O

Chả	O
thấy	O
quà	O
cáp	O
j	NORM
bao	O
giờ	O

Ai	O
thông	O
não	O
dùm	NORM
vụ	O
gì	O
đc	NORM
khum	NORM

Mọi	O
nỗ	O
lực	O
đều	O
được	O
đền	O
đáp	O
xứng	O
đáng	O
em	O
và	O
gđ	NORM

t	NORM
thấy	O
lo	O
cho	O
con	O
của	O
m	NORM
:)))	O

Ít	O
nhất	O
có	O
ng	NORM
nhắc	O
để	O
đc	NORM
điểm	O
t	NORM
đếu	NORM
ai	O
nhắc:]]	O

để	O
tuôi	NORM
xin	O
mẹ	O
5	O
trịu	NORM
để	O
xún	NORM
thăm	O
bạn	O
nha	O

bị	O
mình	O
mẹ	O
ng	NORM
yêu	O
ns	NORM
thôi	O
đã	O
thấm	O
r	NORM

Tức	O
á	O
tui	O
muốn	O
coi	O
full	O
tập	O
2	O
cơ,	O
kiếm	O
trưa	O
h	NORM
mà	O
hong	NORM
có	O

sâu	O
răng	O
k	NORM
dám	O
đi	O
hàn	O
knao	O
mẹ	O
dẫn	O
đi	O
mới	O
dám	O
đi:))	O

Đây	O
là	O
cái	O
snhat	NORM
thứ	O
2	O
của	O
chó	O
nhà	O
mình	O

nhắn	O
đc	NORM
là	O
tốt	O
gòi,	NORM
đây	O
gửi	O
lời	O
mời	O
kết	O
bạn	O
chả	O
thèm	O
chấp	O
nhận	O
đây	O

Có	O
phải	O
ảnh	O
Harriet	O
Sugarcookie	O
k	NORM
nhỉ,	O
thấy	O
quen	O
lắm	O

Lm	NORM
thế	O
nào	O
để	O
đc	NORM
duyệt	O
bài	O
v	NORM
cách	O
mấy	O
ngày	O
đăng	O
1	O
bài	O
à	O

Hồi	O
đó	O
có	O
biểu	O
tình	O
ở	O
ngoài	O
quận	O
nhất	O
á,	O
ba	O
mình	O
đc	NORM
cử	O
đi	O
bảo	O
đảm	O
an	O
ninh	O
trật	O
tự	O
ở	O
ngay	O
đsq	NORM
TQ.	O

Thi	O
thoảng	O
cos	NORM
cờ	O
đỏ	O
cho	O
vui	O
nx	NORM
thì	O
hết	O
ý	O
:)))	O

nói	O
z	NORM
cũng	O
nói,	O
tưởng	O
ngầu	O
lắm	O
hả	O

Chúc	O
a	NORM
nhiều	O
sức	O
khoẻ	O

chi	O
pu	O
nhảy	O
đẹp	O
nhất	O
,hát	O
đang	O
ổn	O
tự	O
nhiên	O
hú	O
hu	O
huuuuu	O
1	O
cái	O
giật	O
cả	O
mềnh.	NORM

Mời	O
e	NORM
cùng	O
ngồi	O
ăn	O
và	O
giảng	O

vô	O
duyên	O
vc	O
ra	O
còn	O
cfs	O
ccj	O
nữa	O
v	NORM
cô	O
nương?	O

chx	NORM
nay	NORM
la	O
binh	NORM
thukng	NORM

Ck	NORM
em	O
kiểu	O
"	O
sự	O
tiến	O
bộ	O
vượt	O
bậc	O
-	O
Tâng	O
cân	O
không	O
kiểm	O
soát	O
"	O

chụp	O
đi	O
c	NORM
để	O
đính	O
chính	O
lời	O
đồn	O

khi	O
nèo	NORM
mới	O
qua	O
đc	NORM
nhà	O
m	NORM
ngủ	O

làm	O
choa	NORM
e	NORM
này	O
i	NORM

sao	O
nhìn	O
mặt	O
nó	O
cứ	O
khớp	O
khớp	O
vs	NORM
âm	O
thanh=)))	O

truyện	O
gất	NORM
hay	O
và	O
cảm	O
động	O
ạ	O

Đừng	O
có	O
để	O
c	NORM
phải	O
trap,	O
dính	O
trap	O
là	O
ko	NORM
thoát	O
ra	O
đc	NORM
đâu	O

có	O
k	NORM
xòe	O
tay	O
a	NORM
coi	O
nào	O

Gặp	O
ng	NORM
kĩ	O
tính	O
là	O
mệt	O
đó,	O
nhất	O
còn	O
là	O
bme	NORM
ng	NORM
eo	NORM

Dạo	O
hay	O
tự	O
tưởng	O
tượng	O
đến	O
đoạn	O
có	O
ny	NORM
xong	O
đi	O
ăn	O
đi	O
chơi	O
đồ,	O
ny	NORM
đón	O
đi	O
học	O
về,	O
ny	NORM
gọi	O
dậy	O
đi	O
học,	O
xong	O
tự	O
giãy	O
đành	O
đạch	O
:)))	O

Làm	O
việc	O
thì	O
ít	O
mà	O
nhìu	NORM
chiện	NORM
thì	O
nhiều	O

s	NORM
giống	O
mẹ	O
toai	NORM
và	O
ba	O
bạn	O
quá:))	O

e	NORM
ăn	O
thử	O
cho	O
biết	O
mùi	O
chứ	O
thèm	O
gì	O
đoouuu	NORM

đi	O
ăn	O
với	O
bé	O
này	O
toàn	O
bị	O
vỗ	O
béo	O
ngc	NORM

m	NORM
nên	O
biết	O
ơn	O
t	NORM

Sau	O
đấy	O
tôi	O
lao	O
đến	O
anh	O
giải	O
thích	O
rồi	O
đưa	O
hoa	O
bảo	O
anh	O
cbi	NORM
cho	O
tôi	O

cũng	O
cố	O
nhịn	O
cừi	NORM
lắm,	O
lát	O
sau	O
nhập	O
hội	O
tám	O
chung	O
với	O
họ	O
luôn	O

so	O
khập	O
khiễng	O
thế	O
cũng	O
lên	O
bài	O
đc	NORM

Cả	NORM
nhà	O
iu	NORM
ơi	O
assignments	O
có	O
khó	O
thì	O
đã	O
có	O
𝐁𝐁𝐂	NORM
𝐀𝐬𝐬𝐢𝐠𝐧𝐦𝐞𝐧𝐭𝐬	NORM
lo	O
nhé	NORM

ủa	O
:)))	O
tuih	NORM
mình	O
còn	O
chưa	O
lên	O
đó	O
tư	O
vấn	O
mà	O

Bóng	O
đi	O
hết	O
biên	O
dọc	O
khi	O
Silva	O
khống	O
chế	O
bóng	O
trc	NORM
khi	O
dẫn	O
đến	O
bàn	O
gỡ	O
hoà	O
của	O
Kevin	O
trọng	O
tài	O
k	NORM
check	O

Nhưng	O
mà	O
k	NORM
thích	O
nghe	O
xong	O
dỗi	O

Kg	NORM
thức	O
khuya,	O
chăm	O
thể	O
thao	O

thẫn	O
thờ	O
xỉu	O
ngang	O
lun	NORM

Tại	O
thực	O
tập	O
không	O
lương	O
nên	O
chê	O
không	O
đi	O
làm	O
chứ	O
không	O
là	O
h	NORM
má	O
biết	O
má	O
buồn	O
rồi	O

Bên	O
này	O
thì	O
bỏ	O
nước	O
đé,	NORM
qua	O
kia	O
thì	O
nước	O
đớ	NORM
,	O

Nổ	O
địa	O
chỉ	O
đi	O
để	O
trải	O
nghiệm	O
nàoooo	NORM

Xấu	O
mặt	O
dân	O
Hp	O
đi	O
ngta	NORM
là	O
con	O
gái	O
hô	O
hoán	O
lao	O
đánh	O
đ	NORM
hiểu	O
nghĩ	O
gì	O
,mấy	O
ng	NORM
đánh	O
đ	NORM
nghĩ	O
rằng	O
ví	O
dụ	O
con	O
gái	O
mình	O
ra	O
đường	O
bị	O
thế	O
thì	O
nghĩ	O
sao	O
?	O

Làm	O
nhẹ	O
nhàng	O
thôi	O
là	O
vẫn	O
cứu	O
đc	NORM
bữa	O
ăn	O

Haizzz	O
tiền	O
ai	O
k	NORM
ham	O
chỉ	O
sợ	O
kiem	NORM
ma	NORM
k	NORM
tận	O
hưởng	O
đuọc	NORM

Nhiều	O
ông	O
kêu	O
VN	O
mình	O
mõm,	O
chỉ	O
đc	NORM
cái	O
la	O
làng,	O
thế	O
giờ	O
mấy	O
ông	O
muốn	O
bộ	O
quốc	O
phòng	O
tổng	O
động	O
viên	O
và	O
đi	O
ra	O
đấm	O
nhau	O
vs	NORM
nó	O
à,	O
muốn	O
giống	O
Ukraine	O
thì	O
xin	O
mời,	O
hồi	O
trc	NORM
đánh	O
nhau	O
vs	NORM
chính	O
quyền	O
tay	O
sai	O
cách	O
nửa	O
vòng	O
Trái	O
Đất	O
đã	O
khổ	O
rồi,	O
mấy	O
ông	O
muốn	O
đánh	O
nhau	O
vs	NORM
1	O
thằng	O
đông	O
vãi,	O
giàu	O
và	O
mạnh	O
vãi	O
và	O
sát	O
ngay	O
mình	O
à,	O
thật	O
á	O
?	O

k	NORM
đấu	O
tranh	O
nhưng	O
đường	O
em	O
chọn	O
nhiều	O
đau	O
thương	O
lúm	NORM
:)))	O

Thế	O
trả	O
lời	O
hộ	O
tao	O
là	O
bao	O
giờ	O
thì	O
bán	O
đc	NORM
tỉ	O
gói	O
mè	O
cái	O

đấy	O
là	O
phim	O
thì	O
thế,	O
ko	NORM
biết	O
thực	O
tế	O
có	O
đúng	O
ko?	NORM

lớp	O
t	O
cũng	O
y	O
nnay	O
,	O
có	O
hôm	O
cả	O
đám	O
cãi	O
nhau	O
vì	O
cái	O
đề	O
bài	O
nhm	NORM
vui	O
=))))	O

1	O
tháng	O
ăn	O
đc	NORM
như	O
này	O
là	O
dáng	O
thon	O
da	O
mịn	O
=)))	O

do	O
anh	O
chưa	O
lấy	O
vợ	O
đó	O
thôiiii..	NORM

chả	O
nhẽ	NORM
nói	O
kinh	O
nghiệm	O
từ	O
lúc	O
ms	NORM
đẻ	O
ra	O
chắc	O
:))0	O

:))	O
đã	O
từng	O
vì	O
k	NORM
chịu	O
được	O
mà	O
trách	O
1	O
ng	NORM
hơn	O
tuổi	O
là	O
ăn	O
miếng	O
nào	O
gắp	O
miếng	O
ấy	O
chứ	O
sao	O
lại	O
bới	O
đồ	O
ăn	O
lên,	O
từ	O
đó	O
tôi	O
và	O
người	O
này	O
k	NORM
còn	NORM
thân	O
nữa.	O

hồi	O
năm	O
nhất	O
làm	O
20k/h	O
sướng	O
rồi	O
nhìn	O
ngta	NORM
cái	O

Người	O
thích	O
yên	O
tĩnh	O
như	O
mk	NORM
k	NORM
thích	O
điều	O
này	O

xai	NORM
lõi	NORM
chín	NORM
tã	NORM
tí	O
,	O
nàm	NORM
ơn	O
đừn	NORM
bất	NORM
bẽ	NORM

Có	O
bữa	O
kia	O
đưa	O
100k	O
đã	O
bị	O
cằn	O
nhằn	O
nửa	O
chuyến	O
r	NORM
:))	O

Ko	NORM
vì	O
bản	O
tính	O
khiêm	O
nhường	O
của	O
Người	O
Việt	O
thì	O
Đông	O
Nam	O
Á	O
bây	O
h	NORM
đã	O
là	O
chung	O
1	O
nhà	O
:)))	O

Thì	O
ra	O
tư	O
duy	O
của	O
th	NORM
nyc	NORM
t	NORM
là	O
zạy	NORM

thuyeest	NORM
trinh	NORM
toi	NORM
day	NORM
de	NORM
thuyet	NORM
trinh	NORM

Khúc	O
CP	O
hất	O
nước	O
keo	O
thật	O
còn	O
khúc	O
hú	O
thì	O
hơi	O
chê	O
tự	O
nhiên	O
đang	O
hay	O
mắc	O
gì	O
hú	O
z	NORM
chị	O
ơiiii	NORM

Nếu	O
ở	O
Úc	O
thì	O
mình	O
nghĩ	O
bạn	O
đưa	O
mẹ	O
sang	O
theo	O
được	O
ấy,	O
nhg	NORM
chắc	O
chi	O
phí	O
cũng	O
ko	NORM
nhỏ	O
lắm.	O

k	NORM
phải	O
nhát	O
nx	NORM
mà	O
sợ	O
loài	O
ng	NORM
r	NORM

tr	NORM
ơi	O
tui	O
iu	NORM
bà	O
nhứt	NORM

sang	O
tháng	O
sn	NORM
t	NORM
đấy	O
b	NORM
;))	O

nhắn	O
tin	O
với	O
nhỏ	O
này	O
chưa	O
bh	NORM
ko	NORM
biết	O
rep	O
gì	O
=)))))	O

Nãy	O
vô	O
nhà	O
vệ	O
sinh	O
công	O
cộng,	O
ngay	O
chỗ	O
mấy	O
bồn	O
đái	O
tụt	O
quần	O
ngồi	O
xuống	O
ẻ	NORM

Đọc	O
bài	O
này	O
e	NORM
thấy	O
phấn	O
chấn	O
ghê	O

Nếu	O
chồng	O
tương	O
lai	O
có	O
đọc	O
dc	NORM
bài	O
viết	O
này	O
thì	O
sau	O
có	O
sắm	O
đồ	O
nhớ	O
sắm	O
cả	O
phần	O
e	NORM
nữa	O
nha,	O
đỡ	O
mất	O
công	O
ăn	O
tranh	O
của	O
con	O

cíu	NORM
pé,	NORM
vừa	O
ăn	O
cơm	O
xong	O

Cãi	O
nhau	O
vs	NORM
ck	NORM
mà	O
trúng	O
tiền	O
thế	O
này	O
thì	O
ngày	O
nào	O
cũng	O
cãi	O

e	NORM
gái	O
đi	O
viện	O
nằm	O
phòng	O
VIP	O
nhé	O
,tuyệt	O
đối	O
ko	NORM
đưa	O
bhyt	NORM
,rồi	O
lại	O
hoang	O
mang	O
,vài	O
ngày	O
lại	O
kêu	O
đau	O
đầu	O
,sợ	O
hãi	O
ng	NORM
lạ	O

Xin	O
chuc	NORM
mừng	O
gia	O
đình	O

đ	NORM
có	O
xem	O
nhìn	O
có	O
môci	O
v	NORM
mà	O
ns	NORM
bậy	O
t	NORM
đến	O
chịu,	O
chtr	NORM
ng	NORM
ta	O
hay	O
ý	O
nghĩa	O
vậy	O
sạ	NORM
cs	NORM
bận	O
bịu	O
tấp	O
nập	O
nơi	O
Tp	NORM
lớn	O
sau	O
đấy	O
trở	O
về	O
thôn	O
quê	O
sống	O
yên	O
ả	O
bình	O
lặng	O
thư	O
giãn	O

Ko	NORM
đi	O
tìm	O
cha	O
mẹ	O
à	O

tới	NORM
thích	O
thật	O
rồi	O
nhìn	O
còn	O
k	NORM
dám	O
nhìn	O
=)))))))	O

bà	O
lắp	O
dùm	NORM
cái	O
điều	O
hoà	O
vào	O
ng	NORM
nữa	O
là	O
vi	O
vu	O
thoả	O
thích	O

chị	O
êy	NORM
nó	O
bằng	O
mẹ	O
trường	O
tư	O
r	NORM
nè	O
chị	O

t	NORM
muốn	O
tham	O
gia	O
cái	O
này	O

Like	O
chia	O
sẻ	O
nhiu	NORM
nào,cho	O
thằng	O
này	O
lên	O
thớt	O
nào	O

Xin	O
vía	O
áp	O
chân	O
to	O
với	O
ạh	NORM

lâu	O
r	NORM
xem	O
lại	O
vẫn	O
đ	NORM
thể	O
không	O
cười	O
được	O
:))	O

K	NORM
phải	O
cứ	O
quen	O
lâu	O
là	O
kết	O
hôn	O
nhất	O
định	O
sẽ	O
hp	NORM
đâu	O

gây	O
mê	O
r	NORM
thì	O
yên	O
tâm,này	O
chắc	O
ở	O
phần	O
chân	O
nên	O
bs	NORM
làm	O
v	NORM
k	NORM
ảnh	O
hưởng	O
gì	O
đâu	O

Bới	O
là	O
k	NORM
đc	NORM
r	NORM
e	NORM
nha.	O

Đòi	O
thì	O
không	O
trả,	O
biết	O
dị	NORM
không	O
cho	O
mượn	O

đi	O
Thành	O
Đô	O
trải	O
nghiệm	O
kà	NORM

Nma	NORM
chú	O
lơ	O
xe	O
thấy	O
mình	O
hèn	O
quá,	O
chưa	O
kịp	O
đưa	O
tiền	O
đã	O
vội	O
xin	O
lỗi	O
rồi	O
cúi	O
đầu	O
giải	O
thích	O
đồ	O

sai	O
mỗi	O
ảnh	O
cuối,	O
còn	O
lại	O
chuẩn	O
hết	O
a	NORM
nhỉ	O
:)))	O

Chời	NORM
ưi	NORM
tui	O
tìm	O
bộ	O
truyện	O
này	O
mấy	O
năm	O
r	NORM
á.	O

nay	O
đặt	O
chị	O
vào	O
nhóm	O
là	O
thấy	O
chuẩn	O
liền,	O
tiếc	O
cho	O
chị	O
là	O
vn	O
mình	O
k	NORM
có	O
mô	O
hình	O
kiểu	O
đấy	O
mà	O
hát	O
1	O
mk	NORM
1	O
bài	O
quá	O
là	O
quá	O
sức	O
với	O
c	NORM
roàiii	NORM

mu,a	NORM
áo	O
khoác	O
màu	O
trắng	O
liền	O

Mình	O
cũng	O
thấy	O
hành	O
động	O
đấy	O
nó	O
ghê	O
vch	NORM
ý,	O
đũa	O
ăn	O
lấy	O
khuấy	O
vào	O
cả	O
bát	O
thịt	O
xong	O
ai	O
dám	O
ăn	O

cười	O
cho	O
cố	O
về	O
nhà	O
sô`u	NORM

duma	O
phú	O
bà	O
trong	O
bhtt	O
lòng	O
t	NORM
chứ	O
ko	NORM
ai	O

Nhma	NORM
sạch	O
thật	O
mà,	O
đỡ	O
cọ	O
nhiều	O
=)))	O

đánh	O
người	O
hôm	O
nay	O
thì	O
hôm	O
sau	O
đến	O
mà	O
quỳ	O
trc	NORM
mặt	O
nó	O

Xứng	O
đáng	O
cho	O
sự	O
nỗ	O
lực	O
của	O
e	NORM

Mua	O
đi	O
show	O
nè	O
chỵ	NORM

Tnay	O
lays	NORM
đâu	O
ra	O
măng	O
cụt	O
chín	O

Chắc	O
phải	O
áp	O
dụng	O
thôii	NORM

xin	O
lỗi	O
2	O
chị	O
gái	O
thân	O
iu	NORM

mặc	O
dù	O
ở	O
vn	O
ko	NORM
thích	O
ả	O
vì	O
cái	O
“tay	O
đâu	O
tay	O
đâu”,	O
mà	O
qua	O
bên	O
trung	O
cái	O
mê	O
vía	O
sua	O
của	O
bả	O
zl	O
luôn	O

Thôi	O
thì	O
xem	O
không	O
rep	O
chứ	O
dờ	NORM
biếtt	NORM
shaoo	NORM

tự	O
đặt	O
câu	O
hỏi,	O
tự	O
trả	O
lời	O
ứng	O
xử,	O
chắc	O
mấy	O
chai	O
dầu	O
gội	O
chấm	O
t	NORM
đăng	O
quang	O
luôn	O
:vvvv	O

Cuối	O
cùng	O
cx	NORM
có	O
mùa	O
7	O
r	NORM
huhu	O

Lương	O
bn	NORM
ko	NORM
quan	O
trọng	O
mà	O
quan	O
trọng	O
mức	O
sống	O
của	O
GĐ	NORM
bạn	O
bn	NORM
và	O
khả	O
năng	O
phát	O
triển	O
của	O
vkck	NORM
bạn	O
là	O
bn	NORM
để	O
lo	O
cho	O
tương	O
lai	O
con	O
cái	O

nge	NORM
nói	O
sắp	O
học	O
quân	O
sự	O

Ủa	O
sao	O
giống	O
style	O
honey	O
m	NORM
vậy	O
=)))))))	O

cta	NORM
làm	O
bạn	O
thân	O
nhe	NORM

z	NORM
mới	O
là	O
ck	NORM
em	O

Hm	O
ở	O
vincom	O
có	O
mấy	O
anh	O
như	O
z	NORM
kkkkk	O

Th	NORM
nào	O
tổ	O
chức	O
lễ	O
hội	O
ồn	O
ào	O
này	O
kb	NORM

quào	O
thiệt	O
đấy,	O
plot	O
twist	O
qó	NORM
nun	NORM
mò	NORM

Thiệt	O
,	O
đổ	O
xăng	O
ở	O
Hoài	O
Nhơn	O
xong	O
chạy	O
qua	O
đèo	O
tới	O
Sa	O
Huỳnh	O
,	O
sốc	O
dăng	NORM
hóa	O
ngang	O

ôi	O
đôi	O
mắt	O
240p	O
đòi	O
so	O
với	O
đôi	O
mắt	O
1080p	O
tủi	NORM

Tôi	O
ko	NORM
chấp	O
nhận	O
thành	O
phần	O
nhỏ	O
mọn	O
hay	O
bắt	O
lỗi	O
ng	NORM
khác	O
khi	O
ntin	NORM
vs	NORM
tôi.	O

êii	NORM
tui	O
bị	O
thao	O
túng	O
bà	O
ơi	O

thấy	O
CP	O
này	O
cũng	O
đc	NORM

giọng	O
ấm,	O
ăng	NORM
lói	NORM
dzăn	NORM
mink:))	NORM

mik	NORM
ms	NORM
lớp	O
8	O
nhưng	O
lớp	O
chuyên	O
toán	O
nên	O
cx	NORM
ntn	O

hôm	O
nay	O
bạn	O
có	O
tiết	O
mục	O
gì	O
nhề	NORM
:))	O

Nay	O
k	NORM
ăn	O
cháo	O
nữa,	O
ăn	O
cơm	O
chó	O
thui	NORM

Có	O
cho	O
gia	O
vị	O
gì	O
vào	O
bột	O
ko	NORM
nhề	NORM

Hồi	O
nhỏ	O
uống	O
sữa	O
quá	O
tr	NORM
k	NORM
sao,	O
lớn	O
lên	O
tự	O
dưng	O
k	NORM
dung	O
nạp	O
đc	NORM
lactose,	O
thành	O
ra	O
nghỉ	O
uống	O
trà	O
sữa	O

mẹ	O
khen	O
chăm	O
học	O
và	O
lm	NORM
hết	O
vc	NORM
thay	O
mik	NORM

Theo	O
kịch	O
bản	O
thì	O
ngyo	NORM
của	O
tui	O
đang	O
học	O
đại	O
học	O

cai	NORM
j	NORM
cung	NORM
noi	NORM
duoc	NORM
=))))))))	O

Cũng	O
muốn	O
cứu	O
lắm	O
mà	O
cứu	O
hổng	NORM
nổi	O

con	O
bị	O
ngã	O
,	O
nhưng	O
bme	NORM
vẫn	O
lo	O
lao	O
vào	O
đánh	O
người	O
bị	O
hại	O
,	O
đúng	O
là	O
occho	NORM
,	O

lúc	O
dui	NORM
thì	O
làm	O
cũng	O
đc	NORM
lắm	O
lúc	O
buồn	O
hoạ	O
cho	O
cái	O
mặt	O
tưởng	O
đi	O
diễn	O
tuồng	O

nét	O
diễn	O
thật	O
trân	O
luôn	O
chời	NORM

hỏi	O
bảo	O
h	NORM
em	O
còn	O
mỗi	O
tiền	O
trong	O
tk	NORM
nma	NORM
anh	O
phụ	O
xe	O
dễ	O
huông	NORM
bảo	O
th	NORM
anh	O
cho	O
m	NORM

Vô	O
duyên	O
k	NORM
biết	O
ứng	O
xử	O
ham	O
ăn	O

Y	O
chang	O
cái	O
đợt	O
đặt	O
phòng	O
gần	O
biển	O
xong	O
chạy	O
tới	O
nơi	O
thấy	O
địa	O
chỉ	O
ảo,	O
ks	NORM
nằm	O
tít	O
trong	O
thành	O
phố	O
nè	O
:)))	O

ủa	O
sao	O
giống	O
2	O
đứa	O
mình	O
zậy	NORM

Chắc	O
từ	O
nhỏ	O
k	NORM
ai	O
dạy	O

Ai	O
tóm	O
tắt	O
cho	O
tôi	O
với	O
chưa	O
bt	NORM
j-.-	NORM

Ơ	O
thế	O
để	O
hình	O
thú	O
cưng	O
trên	O
đt	NORM
thì	O
sao	O
nhỉ?	O

Tui	O
cũng	O
muốn	O
được	O
share	O
bài	O
này	O
lắm	O
nma	NORM
quá	O
khứ	O
t	NORM
đã	O
không	O
đấu	O
tranh	O
cho	O
điều	O
đó	O

K	NORM
mi	O
nhon	O
chân	O
thôi	O
chứ	O
mặt	O
r	NORM
tay	O
y	O
như	O
t	NORM
37kg	O
luôn	O

mốt	O
có	O
z	NORM
hông	NORM
pa	NORM
=))	O

đọc	O
cmt	O
thấy	O
zị	NORM
:)))	O

Hoặc	O
t	NORM
nói	O
nhỏ	O
vz	NORM
chg	NORM
t	NORM
là	O
lấy	O
cho	O
t	NORM
thịt	O
nạc	O

t	NORM
muốn	O
ngta	NORM
từ	O
từ	O
trả	O
chứ	O
t	NORM
cầm	O
t	NORM
tiêu	O
hết	O

đẹp	O
quá	O
trời	O
đẹp	O
anh	O
iu	NORM

:))	O
lương	O
của	O
nó	O
bn,	NORM
chứ	O
t	NORM
thấy	O
cu	O
e	NORM
này	O
khá	O
cá	O
tính,	O
và	O
đặc	O
biệt	O
là	O
nó	O
nói	O
đúng	O

Chiếu	O
theo	O
kịch	O
bản	O
trên	O
thì	O
ny	NORM
mình	O
chắc	O
chưa	O
lên	O
đc	NORM
cấp	O
2	O
=))))	O

cơm	O
mà	O
các	O
chị	O
HLV	NORM
chỉ	O
t	NORM
ăn	O
nè	O

ủa	O
zậy	NORM
là	O
tra	O
nam	O
vẫn	O
không	O
bị	O
gì,	O
vẫn	O
được	O
ba	O
mẹ	O
cưng,	O
có	O
vợ	O
và	O
con	O
ư	O

bài	O
văn	O
10	O
điểm	O
của	O
t	NORM
:)))	O

chiện	NORM
tìnk	NORM
của	O
kẻ	O
phản	O
diện:)))	O

2	O
năm	O
r	NORM
cái	O
kh	NORM
thèm	O
đội	O
cho	O
t	NORM
nữa	O

vay	O
vay	O
cái	O
đb	NORM
lúc	O
đòi	O
như	O
đi	O
xin	O
nhà	O
cno	NORM
vậy	O

mình	O
nhát	O
còn	O
bn	NORM
chắc	O
hướng	O
lội	NORM
nhỉ?	O

Rùi	NORM
mh	NORM
đi	O
vay	O
tiền	O
để	O
duy	O
trì	O
sự	O
sống	O

khôm	NORM
sao,	O
tụi	O
tui	O
hẹn	O
nhau	O
ở	O
nước	O
ngoài	O
thui	NORM
^^	O

Bạn	O
chia	O
sẻ	O
với	O
anh	O
ấy	O
những	O
gì	O
bạn	O
snghi	NORM

loz	NORM
nghiêm	O
heo	O
chắc	O
phải	O
10	O
vợ	O
mới	O
xài	O
hết	O
tiền	O
=)))	O

Tín	O
à	O
có	O
dưa	O
ttong	NORM
tủ	O
kìa	O
con	O
=)))	O

Ngừi	NORM
hèn	O
hưởng	O
thụ	O
cs	NORM

d	NORM
m	NORM
add	O
nói	O
làm	O
tao	O
tổn	O
thương	O
nhé	O

Vs	NORM
lại	O
Tây	O
ở	O
Trung	O
mà	O
ko	NORM
bt	NORM
vc	NORM
Trung	O
cấm	O
sống	O
Đam	O
là	O
thua	O
r	NORM

T	NORM
ngủ	O
9	O
tiếng	O
,	O
wowork	O
9	O
to	O
5	O
,	O
đi	O
học	O
nx	NORM
,	O
cả	O
tuần	O
rảnh	O
mỗi	O
thứ	O
sáu	O

Eo	O
oi	NORM
ck	NORM
ng	NORM
ta	O
=))	O

Đúng	O
trong	O
12	O
con	O
giáp	O
gà	O
là	O
cái	O
con	O
khổ	O
nhất	O
đời	O
r	NORM
đấy	O

hồi	O
lớp	O
lá	O
chơi	O
ngu	O
lấy	O
nhiệt	O
kế	O
bỏ	O
vào	O
cái	O
ly	O
nước	O
nóng	O
xem	O
nó	O
thế	O
nào,	O
thế	O
nó	O
vỡ	O
ra	O
cái	O
ba	O
t	NORM
thấy	O
ba	O
t	NORM
lao	O
như	O
the	O
flash	O
vứt	O
cái	O
ly	O
có	O
nhiệt	O
kế	O
đi	O
mà	O
không	O
hiểu	O
lí	O
do	O
gì.	O

chị	O
biết	O
em	O
nghĩ	O
vậy	O
nên	O
c	NORM
thương	O
em	O
lắm	O
em	O
à	O

đây	O
là	O
chiêu	O
đàn	NORM
cảnh	O
để	O
đi	O
nhậu	O
mấy	O
chị	O
vk	NORM
nên	O
cảnh	O
tỉnh	O
trong	O
tình	O
huống	O
này	O

Visual	O
gánh	O
còng	O
lưng	O
chứ	O
thật	O
ra	O
phần	O
trình	O
diễn	O
cả	O
nhóm	O
thấy	O
cũng	O
không	O
nổi	O
bật	O
lắmm	NORM

k	NORM
hay	O
nhe	O
thua	O
các	O
tỷ	O
tỷ	O
bên	O
tq	O

Ủa	O
t	NORM
thấy	O
bthg	NORM
mà,	O
giống	O
kiểu	O
2	O
ae	NORM
ở	O
chung	O
vs	NORM
nhau	O
ấy	O

Tui	O
cũm	NORM
từng	O
nghĩ	O
nha	O
sĩ	O
gất	NORM
là	O
nhẹ	O
nhàng	O
dịu	O
dàng	O
cho	O
đến	O
khi	O
bắt	O
vít	O
niềng	O
răng	O

May	O
mà	O
có	O
cái	O
cam,ko	NORM
thì	O
bạn	O
nữ	O
kia	O
ăn	O
đủ	O
với	O
nhà	O
nó.	O

riết	O
gòi	NORM
giang	O
cư	O
mận	O
bên	O
Trung	O
hong	NORM
cho	O
người	O
trung	O
niên	O
iu	NORM
đương	O
luôn	O
má	O
=)))	O

b	NORM
vào	O
ứng	O
tuyển	O
đi	O
để	O
ae	NORM
IPO	O

cưng	O
thế	O
chịu	O
hong	NORM
nủi	NORM

bt	NORM
z	NORM
là	O
k	NORM
lịch	O
sự	O
nhưg	NORM
t	NORM
k	NORM
thể	O
bị	O
điếc	O
vào	O
những	O
lúc	O
như	O
z	NORM
dc:((	NORM

Trc	NORM
mổ	O
lấy	O
vít	O
ở	O
chân	O
mình	O
bác	O
sĩ	O
cũng	O
phải	O
leo	O
lên	O
bàn	O
mổ	O
mới	O
có	O
thế	O
vặn	O
vít	O
ra	O
=))))	O

nói	O
ch	NORM
hợp	O
ăn	O
hợp	O
rợ	O
lm	NORM
quen	O
các	O
kiểu	O
xong	O
đứa	O
Việt	O
Nam	O
đứa	O
Trung	O
Quốc	O
=	O
)))))))))	O

các	O
a	NORM
tây	O
chỗ	O
nào	O
cx	NORM
cá	O

giúp	O
t	NORM
nghe	O
đoạn	O
chi	O
pu	O
hú	O
ở	O
vid	O
dưới	O
cmt	O
cái,	O
nếu	O
m	NORM
bảo	O
nghe	O
đc	O
t	NORM
sẽ	O
mở,	O
còn	O
đâu	O
t	NORM
chưa	O
dám	O

nma	NORM
thật	O
ra	O
1	O
năm	O
rưỡi	O
rồy	NORM
tôi	O
chưa	O
có	O
bồ	O
=)))))	O

Hoá	O
daa	NORM
m	O
bằng	O
tũi	NORM
tau	NORM
:))	O

Bạn	O
khi	O
thấy	O
profile	O
tinder	O
tôi	O
toàn	O
mèo	O
kiểu	O
"Rồi	O
m	NORM
định	O
hẹn	O
hò	O
với	O
anh	O
hay	O
với	O
mèo????"	O
:)))	O

Cái	O
giải	O
ao	O
làng	O
ko	NORM
ai	O
xem	O
này	O
mà	O
cũng	O
gay	NORM
cấn	O
đến	O
như	O
thế	O
cơ	O
à,	O

Xếp	O
hàng	O
từ	O
từ	O
từng	O
e	NORM
ai	O
cũng	O
có	O
lượt	O

ngầm	O
là	O
làm	O
lâu	O
quá	O
mn	NORM
quên	O
luôn	O
rồi	O
âm	O
thầm	O
chạy	O
hồi	O
nào	O
ko	NORM
biết	O
á	O
hả	O

Thật	O
làm	NORM
kảm	NORM
động,	O
lúc	O
mẹ	O
chết	O
có	O
khóc	O
đc	NORM
như	O
này	O
ko	NORM
ta	O

thế	O
chị	O
vợ	O
về	O
ko	NORM
đi	O
làm	O
ạ	O

miệng	O
kh	NORM
cười	O
nma	NORM
cái	O
bụng	O
giựt	O
giựt	O
=)))))	O

ngim	NORM
tuk	NORM
quá	O
hăm	NORM
chơi	O
được	O
kỉu	NORM
này	O
:")))))	O

Thế	O
anh	O
là	O
mẹ	O
bé,	O
bé	O
còn	O
iu	NORM
anh	O
kh:))	NORM

Đã	O
từng	O
cái	O
màn	O
mac	O
nó	O
mỏng	O
manh	O
dễ	O
vỡ	O
như	O
tâm	O
hồn	O
mấy	O
chị	O
em	O
pánh	NORM
pèo	NORM
z	NORM
=)))	O

Đang	O
tuổi	O
ăn	O
tuổi	O
chơi	O
bắt	O
lấy	O
ck	NORM

Đã	O
sai	O
rồi	O
còn	O
hành	O
hung	O
nta	NORM

thề	O
k	NORM
chịu	O
nổi	O
bô	O
mấy	O
xe	O
này	O

ko	NORM
mă	NORM
nào	O
chịu	O
thua	O
mă	NORM
nào	O

mọi	O
lời	O
khuyên	O
t	NORM
dành	O
cho	O
m	NORM
đều	O
là	O
thứ	O
m	NORM
cần	O
nhưng	O
m	NORM
điếc???	O

giờ	O
phòng	O
t	NORM
dùng	O
bồn	O
xanh	O
lá,	O
thả	O
vô	O
màu	O
kì	O
kì	O
k	NORM
hạp	NORM
=•=	O

thi	O
khó	O
pỏ	NORM
học	O
đi	O
khởi	O
nghiệp	O
đi	O
ạ	O
:)))	O

Quá	O
tuyệt	O
vời	O
cô	O
gái	O
vàng	O
VN	NORM

chị	O
cướp	O
trái	O
tim	O
tui	O
đến	O
giờ	O
hỏng	NORM
trả	O
luôn	O

Chúc	O
2	O
bạn	O
mãi	O
hp	NORM

Ai	O
bảo	O
phim	O
chỉ	O
để	O
coi,	O
ko	NORM
thấy	O
phim	O
của	O
Lý	O
Hải	O
còn	O
có	O
lật	O
mặt	O
memes	O
để	O
khịa	O
à	O

Hic	O
từ	O
Tết	O
tới	O
giờ	O
tự	O
dưng	O
mình	O
cũng	O
lăn	O
ra	O
ốm	O
liên	O
miên	O
đủ	O
mọi	O
hệ,	O
khám	O
không	O
ra	O
bệnh	O
nhưng	O
vẫn	O
đau	O
chỗ	O
này	O
chỗ	O
kia	O
ko	NORM
biết	O
phải	O
làm	O
sao	O

c	NORM
tưởng	O
trên	O
đời	O
có	O
mình	O
c	NORM
thôi	O
chứ	O

10tr	O
là	O
khá	O
giả	O
cmnr,	O
ước	O
đc	NORM
10tr	O
:))	O

lâu	O
ròi	NORM
kh	NORM
thấy	O
rủ	O
đi	O
chơi	O
ạ	O

Ngta	NORM
yêu	O
nhau	O
4	O
năm	O
rồi	O
chứ	O
có	O
phải	O
mới	O
yêu	O
đâu	O
mà	O
mấy	O
má	O
vào	O
nói	O
như	O
đúng	O
rồi	O
,	O
hay	O
phán	O
xét	O
quá	O

Hỏi	O
mà	O
nên	O
hay	O
ko	NORM
là	O
thấy	O
xàm	O
r...	NORM

quan	O
trọng	O
là	O
sự	O
khéo	O
léo	O
trong	O
chi	O
tiêu	O
của	O
ng	NORM
phụ	O
nữ.	O

Thế	O
quái	O
nào	O
tui	O
lại	O
ún	NORM
cái	O
thể	O
loại	O
nước	O
lọc	O
đó	O
mà	O
say	O
cf	NORM
đc	NORM
nhỉ	O
??????	O

Con	O
kia	O
thấy	O
thật	O
đúng	O
đắn	O
khi	O
bỏ	O
cha	O
n.ội	NORM
này.	O

ngyeu	NORM
nhà	O
ngta	NORM
ko	NORM
khiến	O
tui	O
thất	O
vọng	O

Giật	O
phát	O
ăn	O
ngay	O
mà	O
bảo	O
ko	NORM
chuyên	O

Ai	O
đu	O
show	O
này	O
qua	O
page	O
t	NORM
chơi	O
để	O
đu	O
theo	O
hệ	O
tâm	O
linh	O
nhá	O

Sao	O
nó	O
bò	O
k	NORM
zậy	NORM

em	O
bị	O
trỉ	NORM
không	O
bt	NORM
bên	O
chị	O
nhận	O
hong	NORM

phần	O
các	O
b	NORM
miếng	O
dưa	O
to	O
đùngg:)))	NORM

trong	O
khi	O
hà	O
lan	O
k	NORM
có	O
chỗ	O
thở,	O
đói	O
bóng	O
=))))	O

Toàn	O
ngệ	NORM
sĩ	O
qcao	NORM
k	NORM

Cái	O
quần	O
của	O
t	NORM
sao	O
lại	O
ở	O
đây	O
???	O

Không	O
ngờ	O
tới	O
đoạn	O
này	O
chứ	O
giề	NORM

Được	O
cái	O
hay	O
nói	O
nên	O
dễ	O
làm	O
quen,	O
đâu	O
cũng	O
nói	O
đc.	NORM

Ko	NORM
bọc	O
lại	O
nhăn	O
là	O
fải	NORM
r	NORM
má	O

Tui	O
đi	O
mua	O
rau	O
bà	O
chủ	O
cx	NORM
nói	O
vs	NORM
tui	O
là	O
học	O
sinh	O
nên	O
cô	O
giảm	O
cho	O
mấy	O
nghìn	O
(	O
tui	O
ở	O
trọ	O
)	O
,	O
cảm	O
giác	O
ấm	O
áp	O
thật	O
sự	O
(⁠≧⁠▽⁠≦⁠)	O

bụng	O
tròn	O
hơn	O
trái	O
bóng	O
rồi	O
còn	O
cứ	O
hỏi	O
ăn	O
gì	O
nữa	O
khum	NORM

Sắp	O
đc	NORM
nghỉ	O
rồi	O
:))	O

bạn	O
ơi	O
mình	O
hỏi	O
thiệt	O
là	O
tại	O
s	NORM
mấy	O
quán	O
cf	NORM
như	O
này	O
ngta	NORM
thường	O
trưng	O
cây	O
như	O
cây	O
dừa	O
trc	NORM
cửa	O
v	NORM
ạ…	O

Dume	NORM
dưa	O
hấu	O
héo	O
quắt	O

thôi	O
đừng	O
khóc	O
e	NORM
cần	O
thời	O
gian	O
“thật	O
tình	O
cờ	O
a	NORM
là	O
người	O
bán	O
đồng	O
hồ	O
“giúp	O
e	NORM
trải	O
qua	O
thời	O
gian	O
này	O
!	O

lấy	O
vk	NORM
đi	O
khác	NORM
béo	O

Câu	O
chiện	NORM
tình	O
dã	O
man...	O

2	O
nói	O
điiiii,	NORM
lý	O
do	O
2	O
che	O
là	O
như	O
vầy	O
phải	O
honggggggg	NORM

t	NORM
lương	O
5tr	O
2	O
đứa	O
con	O
luôn	O

Ý	O
trời	O
rồi	O
khum	NORM
tránh	O
đc	NORM

Con	O
vợ	O
lao	O
vào	O
tẩn	O
đầu	O
tiên,	O
xong	O
thằg	NORM
chồng	O
thấy	O
mới	O
lao	O
vào	O
cho	O
đồng	O
vợ	O
đồng	O
chồng	O

Bóng	O
dáng	O
ai	O
đó	O
nhẹ	O
nhàng	O
vụt	O
qua	O
nơi	O
đâyyyyyy	NORM

Thảo	O
nào	O
anh	O
tôi	O
kể	O
là	O
có	O
một	O
chị	O
nhắn	O
với	O
anh	O
ấy	O
là	O
chị	O
ấy	O
đi	O
tắm,	O
5	O
năm	O
sau	O
vẫn	O
không	O
thấy	O
ntin	NORM
lại	O

Nước	O
ngoài	O
họ	O
k	NORM
thích	O
đóng	O
cửa	O
xe	O
đâu	O
bạn,	O
nếu	O
muốn	O
thì	O
bạn	O
cần	O
báo	O
cáo	O
lên	O
cơ	O
quan	O
lãnh	O
sự	O
mới	O
được	O
á	O

Chỗ	O
này	O
trc	NORM
đi	O
làm	O
tháng	O
nào	O
cũng	O
gặp	O

Nếu	O
TT	O
mới	O
bao	O
đc	NORM
nhá	O

thế	O
t	NORM
có	O
thể	O
trông	O
cậy	O
gì	O
được	O
ở	O
em?	O

chiều	O
hạn	O
ché	NORM
ngồi	O
sát	O
đg	NORM
nhé	O

Muốn	O
ăn	O
mà	O
đéo	O
muốn	O
trả	O
,	O
Nói	O
FE	O
thì	O
ai	O
chả	O
biết,	O
v	NORM
sao	O
biết	O
mà	O
vẫn	O
đâm	O
đầu	O
vào,	O
hốc	O
đc	NORM
trả	O
đc	NORM
chứ	O
đã	O
chơi	O
ngu	O
còn	O
ngông	O
thế	O
này	O
,	O
gđ	NORM
nhà	O
bạn	O
gái	O
kiện	O
bỏ	O
mẹ	O
nó	O
đi.	O

Giống	O
Bà	O
Na	O
Trát	O
vậy	O
tr	NORM

đi	O
Bà	O
Nà	O
Hills	O
ik	NORM
chứ	O
mấy	O
cia	NORM
đi	O
roài	NORM

hỏi	O
đủ	O
kiểu	O
xog	NORM
chốt	O
e	NORM
vẫn	O
yêu	O
nó	O

e	NORM
ơi	O
mọi	O
chiện	NORM
ko	NORM
như	O
e	NORM
nghĩ	O
đâu	O

Sau	O
bị	O
bắt	O
thiệc	NORM
nè	O

Chúc	O
mừng	O
e,	NORM
cô	O
gái	O
xuất	O
sắc	O
!	O

8/10	O
lần	O
đi	O
cc	O
một	O
mình	O
để	O
có	O
khóc	O
nức	O
nở	O
cũng	O
ko	NORM
phải	O
ngại	O

tháng	O
8	O
sn	NORM
tôi	O
mà	O
sắp	O
hết	O
nước	O
hoa	O
bạn	O
à	O
:>	O

giống	O
mẹ	O
iu	NORM
của	O
t	NORM
để	O
cho	O
t	NORM
1/4	O
quả	O
dưa	O
hấu	O
nma	NORM
nó	O
đã	O
ko	NORM
trụ	O
nổi	O
đến	O
khi	O
teo	NORM
đáp	O
đeet	NORM
ở	O
quê	O
:))))	O

Chân	O
ái	O
của	O
t	NORM
vẫn	O
là	O
Lemonade	O
Tea	O

việt	O
nam	O
ít	O
ngán	O
,	O
mặc	O
dù	O
có	O
2	O
vđv	NORM
đấm	O
nhau	O
,	O
VN	O
bị	O
ăn	O
đấm	O
nhiều	O
vẫn	O
thắng,	O
nhưng	O
VĐV	O
kia	O
đâu	O
biết	O
tinh	O
thần	O
lì	O
đòn	O
của	O
VN.	O

Khát	O
nướt	NORM
nên	O
tính	O
lóng	NORM
như	O
xem	O
:))	O

Ở	O
nhà	O
t,	NORM
ăn	O
mà	O
bới	O
bố	O
mẹ	O
đẻ	O
t	NORM
còn	O
chửi	O
cho	O
chứ	O
ở	O
đấy	O
là	O
than	O

khó	O
thở	O
nhưng	O
kh	NORM
ngáy	O

Rồi	O
hỉu	NORM
ai	O
con	O
ruột	O
lun	NORM
=))	O

chuyện	O
kg	NORM
của	O
riêng	O
ai	O

teo	NORM
mà	O
ở	O
Úc	O
teo	NORM
nghỉ	O
mie	NORM
chn	NORM
kiếm	O
ny	NORM

cứ	O
mẹ	O
anh	O
cứ	O
mẹ	O
anh	O
là	O
ở	O
dới	NORM
má	O
mày	O
đi	O
là	O
dừa	NORM

Ck	NORM
e	NORM
cx	NORM
vác	O
một	O
bé	O
cún	O
về	O
ở	O
đc	NORM
2	O
năm	O
bị	O
câu	O
mất	O

làm	O
sao	O
để	O
có	O
thể	O
dừng	O
nch	NORM
vs	NORM
ny	NORM
nhỉ,	O
kiểu	O
bọn	O
mình	O
cứ	O
nch	NORM
say	O
mê	O
xong	O
mình	O
k	NORM
muốn	O
tắt	O
đi	O
ạ	O
mặc	O
dù	O
nch	NORM
đến	O
mãi	O
muộn	O
và	O
mai	O
phải	O
đi	O
làm	O
ạ	O

sirius	O
thì	O
k	NORM
lo	O
rồi	O

Biết	O
r	NORM
mà	O
chả	O
mua	O
x2	O
lên	O
cứ	O
để	O
phải	O
giành	O

có	O
hướng	O
nội	O
khum?	NORM
Có	O
thì	O
mai	O
tui	O
ib	O
mượn	O
xiền	NORM

trông	O
mặt	O
bộ	O
trưởng	O
có	O
zui	NORM
ko	NORM

E	NORM
bình	O
tĩnh	O
nên	O
e	NORM
gặp	O
a	NORM

pha	O
plot	O
twist	O
ở	O
phút	O
90	O
lun	NORM
á	O

Mỗi	O
lần	O
t	NORM
định	O
uống	O
su	O
su	O
của	O
con	O
thì	O
con	O
bé	O
nhà	O
t	NORM
nó	O
gào	O
lên	O
"	O
ối	O
dồi	O
ôi	O
mẹ	O
lại	O
uống	O
sữa	O
của	O
con	O
à",	O
mặc	O
dù	O
cả	O
t	NORM
và	O
ck	NORM
t	NORM
xin	O
nó	O
cho	O
uống	O
nó	O
vẫn	O
ko	NORM
đồng	O
ý	O
mà	O
nó	O
còn	O
đi	O
mách	O
mn	NORM
là	O
t	NORM
xin	O
sữa	O
của	O
nó	O
uốnggg	NORM

may	O
là	O
ko	NORM
khoe	O
trên	O
thời	O
sự	O
vtv	O
đấy	O

Đúng	O
chất	O
hải	O
phòng	O
ko	NORM
lòng	O
vòng	O

Ủa	O
tại	O
shao	NORM
mn	NORM
ko	NORM
bọc	O
màng	O
thực	O
phẩm	O
cho	O
từng	O
món	O
mới	O
bỏ	O
vô	O
tủ	O
lạnh	O
hả	O
chèn	O

Tui	O
cũng	O
có	O
ngừi	NORM
eo	NORM
vừa	O
mềm	O
vừa	O
ngoan!!!	O

Xem	O
người	O
ta	O
làm	O
được	O
những	O
gì	O
cho	O
gia	O
đình	O
cho	O
XH	NORM
kìa	O

chắc	O
đc	NORM
8	O
seasons	O
r	NORM

Đây	O
30	O
tuổi	O
kĩ	O
sư	O
CNTT	O
tốt	O
nghiệp	O
ĐH	NORM

có	O
muốn	O
giảm	O
cưn	NORM
khum?	NORM
:))	O

Ở	O
nhà	O
mà	O
bới	O
là	O
mẹ	O
cho	O
ăn	O
đôi	O
đũa	O
liền,	O
ko	NORM
ăn	O
thì	O
tự	O
gắp	O
vô	O
chén	O
rồi	O
cắn	O
bỏ	O
thì	O
được	O
:))	O

:)))	O
nhma	NORM
nó	O
ko	NORM
phù	O
hợp,	O
người	O
sao	O
ví	O
như	O
áo	O
ở	O
đó	O
mà	O
đúng	O

có	O
ai	O
thấy	O
trương	O
vô	O
kị	O
kh	NORM
?	O
=))	O

Cười	O
k	NORM
ngậm	O
dc	NORM
mồm	O
trời	O
uiiii	NORM

Vậy	O
mà	O
giờ	O
mấy	O
ng	NORM
mượn	O
tiền	O
mình	O
có	O
chút	O
ơn	O
nghĩa	O
gì	O
nữa	O
đâu?	O

Em	O
t	NORM
ở	O
nhà	O
ăn	O
mà	O
bới	O
lên	O
thế	O
t	NORM
nói	O
cho	O
trận	O
chứ	O
đừng	O
nói	O

Anh	O
Sướng	O
mà	O
ko	NORM
gay	O
thì	O
em	O
tiếp	O
tục	O
chèo	O
thuyền	O
rầu	NORM
=)))))))	O

2017	O
bạn	O
mình	O
1	O
thằng	O
cắm	O
đt,	NORM
1	O
thằng	O
bỏ	O
2	O
tháng	O
lương	O
để	O
tổ	O
chức	O
sn	NORM
cho	O
mình	O

Cho	O
nó	O
ăn	O
gỏi	O
gà	O
măg	NORM
cụt	O
xanh,sih	NORM
tố	O
mãg	NORM
cầu	O

toi	NORM
thấy	O
b	NORM
cũm	NORM
phải	O
thấyy	NORM
=))	O

Hê,	O
cả	O
họ	O
cũng	O
giục	O
t	NORM
kết	O
hôn	O
luôn	O
nhưng	O
mà	O
là	O
say	O
đ	NORM
nhé	O

người	O
gọi	O
đồ	O
là	O
tui	O
nhưng	O
người	O
ăn	O
là	O
ngiu	NORM
tui	O
:>	O

bài	O
nãy	O
t	NORM
nói	O
nè	O

Phải	O
trường	O
em	O
ngày	O
xưa	O
thì	O
xong	O
lâu	O
rồi	O
m	NORM
nhớ	O
vụ	O
cái	O
Phương	O
ruồi	O
đi	O
vặt	O
nhót	O
xong	O
hứng	O
bằng	O
nắp	O
bình	O
nước	O
không	O

:)))	O
rất	O
thích	O
mua	O
nma	NORM
k	NORM
ăn	O

Cháu	O
nó	O
còn	O
nhỏ	O
biết	O
gì	O
đôuuu	NORM

Chủ	O
yếu	O
là	O
để	O
hợp	O
pháp	O
kêu	O
chánh	NORM
quyền	O
xuống	O
lúc	O
chia	O
tài	O
sản	O
cho	O
công	O
bằng	O
hoy	NORM
:)))	O

Chắc	O
gọt	O
bán	O
chứ	O
mình	O
gọt	O
2kg	O
có	O
lsao	NORM
đâu	O

Ko	NORM
biết	O
mặt	O
mấy	O
con	O
chó	O
này	O
giờ	O
đang	O
tái	O
hay	O
đang	O
chín	O
luôn	O
rồi	O

mất	O
mạng	O
đc	NORM
2	O
ngày	O

Kh	NORM
sao	O
yêu	O
bnhiuu	NORM
ng	NORM
cũng	O
dc	NORM
miễn	O
thật	O
lòngg:))	NORM

thật	O
hài	O
tôi	O
đã	O
cừi	NORM

phải	O
khum	NORM
vướng	O
con	O
Thỏ	O
Nhiêng	O
cũng	O
mún	NORM
đi	O
thử	O
Tết	O
SG	O
như	O
nào	O

k	NORM
phải	O
như	O
zay	NORM
đâu	O

Thấy	O
cũng	O
sắp	O
gòi	NORM
đó	O
:')	O

Nam	O
chính	O
là	O
có	O
thiệt	O
bạn	O
iu	NORM
ạ,	O
chỉ	O
tiếc	O
mình	O
kh	NORM
là	O
nữ	O
chính	O

Còn	O
tui	O
thì	O
đứng	O
ra	O
order	O
cho	O
tất	O
cả	O
mụi	NORM
ng	NORM

nhìn	O
thì	O
cũm	NORM
píc	NORM
t	NORM
vs	NORM
m	NORM
hướng	O
cái	O
rì	NORM
ròi=))	NORM

Bảo	O
sao	O
k	NORM
thấy	O
vội	O
vàng	O
gì	O

rủ	O
thì	O
rủ	O
nma	NORM
bao	O
thì	O
mới	O
đi	O

Boss	O
nhà	O
mk	NORM
nhìn	O
thấy	O
bạn	O
này	O
chắc	O
té	O
đái…	O

Ta	O
cao	O
soang	NORM
quyền	O
quý	O
=))	O

K	NORM
cần	O
tiền	O
nên	O
nó	O
thế	O

nước	O
lúc	O
đầu	O
mình	O
cho	O
vô	O
bột	O
là	O
nc	NORM
lạnh	O
hay	O
nc	NORM
nóng	O
v	NORM
ạ	O

Đợi	O
anh	O
đi	O
mua	O
cái	O
váy	O
về	O
mặc	O
mik	NORM
đổi	O
vai:))	O

nghe	O
nói	O
bà	O
thích	O
món	O
này,	O
tui	O
mua	O
cho	O
bà	O
ăng	NORM
nha	O

bắt	O
đầu	O
bằng	O
“tỉa	O
dùm	O
tao	O
cái	O
chưn	NORM
mày”	O
của	O
mấy	O
nhỏ	O
chung	O
trọ	O
:)))	O

sau	O
đi	O
thi	O
nhớ	O
ktr	NORM
hết	O
mọi	O
thứ	O

ủa	O
này	O
ngày	O
thừn	NORM
của	O
bà	O
lun	NORM
chứ	O
ngày	O
nghỉ	O
j	NORM
=))))₫	O

Bên	O
chỗ	O
Mai	O
Chí	O
Thọ	O
còn	O
nhiều	O
lắm,	O
có	O
bữa	O
t	NORM
thấy	O
nó	O
nằm	O
trên	O
xe	O
làm	O
Cá	O
Mập	O
Lượn	O
Sóng	O
nữa	O

Em	O
tìm	O
hiểu	O
sp	NORM
Smart	O
A,	O
thấy	O
n	NORM
ca	O
khó	O
đã	O
khỏi	O
bệnh	O

Ngu	O
đến	O
thế	O
là	O
cùng	O
đã	O
đell	NORM
có	O
tiền	O
rồi	O
còn	O
báo	O
tưởng	O
i	NORM
tù	O
là	O
hết	O

Làm	O
ơn	O
đừng	O
bắt	O
t	NORM
cừi	NORM
nữa	O

phim	O
này	O
đúng	O
thể	O
loại	O
t	NORM
thích	O
nè	O

Mình	O
nghĩ	O
bạn	O
nên	O
nói	O
thẳng	O
thắng	NORM
với	O
chồng	O
về	O
những	O
gì	O
bạn	O
đang	O
nghĩ,	O
đang	O
gặp	O
phải,	O
ý	O
định	O
của	O
bạn	O
và	O
nguyên	O
nhân	O
từ	O
đó	O
2	O
vợ	O
chồng	O
sẽ	O
cùng	O
đưa	O
ra	O
giải	O
pháp	O
để	O
giúp	O
gia	O
đình	O
tốt	O
hơn,	O
cái	O
quan	O
trong	NORM
k	NORM
phải	O
k	NORM
có	O
tg	NORM
danh	NORM
cho	O
gd	NORM
lm	NORM
gd	NORM
do	NORM
vo	NORM
ma	NORM
la	NORM
1	O
nguoi	NORM
chua	NORM
thau	NORM
hieu	NORM
1	O
nguoi	NORM
lai	NORM
k	NORM
chiu	NORM
noi	NORM
ra	O

Này	O
thì	O
tại	O
toai	NORM
lười	O
chứ	O
hum	NORM
phải	O
hèngg	NORM
nha	O
:)))))	O

T	NORM
nợ	O
rất	O
nhiều	O
ân	O
tình	O

tay	O
nhắn	O
z	NORM
thôi	O
chứ	O
mắt	O
còn	O
chưa	O
mở	O
=))))	O

tối	O
nay	O
lại	O
học	O
văn	O
thoai	NORM

Cô	O
gái	O
vàng	O
xứng	O
đáng	O
đc	NORM
hưởng	O
tất	O
cả	O
những	O
gì	O
mà	O
xã	O
hội	O
quan	O
tâm	O
!	O

hong	NORM
thíc	NORM
hả,hong	NORM
thic	NORM
thì	O
bín	NORM

Chắc	O
bọn	O
nv	NORM
fe	O
gọi	O
chửi	O
bới	O
doạ	O
nạt,	O
xuống	O
lại	O
ra	O
giọng	O
bố	O
láo	O

Xe	O
chạy	O
qua	O
lại	O
rõ	O
nhiều,	O
tay	O
con	O
k	NORM
thèm	O
nắm	O

Khi	O
mà	O
1	O
ng	NORM
nổi	O
thì	O
mọi	O
ng	NORM
cho	O
đó	O
là	O
ngon	O

Lương	O
5	O
trẹo	NORM
đi	O
làm	O
chỉ	O
để	O
cống	O
hiến	O
tiếng	O
cười	O
:))	O

hậu	O
ơi	O
có	O
thấy	O
gần	O
giống	O
túi	O
c	NORM
k?	NORM

hay	O
mình	O
choei	NORM
kiểu	O
này	O
cho	O
đỡ	O
sợ	O

Cả	O
nhà	O
lao	O
vào	O
đánh	O
ngta	NORM
đầu	O
tiên	O
mới	O
sợ	O

ủa	O
r	NORM
là	O
câu	O
đó	O
đang	O
tranh	O
luận	O
cái	O
j	NORM
dạ	NORM
cho	O
mik	NORM
hít	O
với:")	O

Tôi	O
29	O
tuổi	O
có	O
100	O
cổ	O
fpt	O
ngày	O
nào	O
cũng	O
vào	O
coi	O
xem	O
có	O
lên	O
đc	NORM
nghìn	O
nào	O
ko	NORM

Trường	O
X	O
là	O
trường	O
gì	O
v	NORM
ạ	O
để	O
e	NORM
bít	NORM
e	NORM
né	O

Còn	O
mình	O
nai	O
cái	O
mẹt	NORM
ra	O
đi	O
đòi	O
xong	O
ngta	NORM
hạn	O
chế	O
mình	O
luôn	O

bực	O
mà	O
kbt	NORM
làm	O
sao	O
lun	NORM
ớ	NORM

lo	O
iu	NORM
trường	O
để	O
người	O
khác	O
giành	O
kìa	O

2	O
ng	NORM
là	O
1	O
.	O

Mình	O
nghiện	O
sài	NORM
lun	NORM
ak	NORM

Hên	O
quá	O
t	NORM
hướng	O
ngoại	O

Gọt	O
bên	O
trong	O
vẫn	O
ăn	O
ráng	O
được,	O
còn	O
đau	O
bụng	O
ải	O
chỉa	O
hay	O
ko	NORM
thì	O
tuỳ	O
duyên	O
nha	O

cưng	O
dị	NORM
ai	O
chiệu	NORM
nỗi	NORM

chuột	O
nó	O
ở	O
1	O
đỉnh	O
cao	O
khác	O
r	NORM

may	O
em	O
hong	NORM
dở	O
hơi	O
nnay	NORM
mình	O
nhò	NORM

anh	O
ngủ	O
thêm	O
đi	O
em	O
đi	O
lấy	O
ck	NORM

mình	O
zô	NORM
zụng	NORM
như	O
nhau	O
ha	O
:)))	O

Chưa	O
kể	O
các	O
loại	O
nước	O
mía,	O
chè	O
cháo,	O
dừa	O
dầm	O
rẻ	O
pều	NORM
lun	O
mà	O
còn	O
ngon	O
đỉnk	NORM
=)))	O

k	NORM
kịp	O
sang	O
úc	O
tham	O
quan	O
r	NORM

Haha	O
chắc	O
mn	NORM
cũng	O
đồng	O
ý	O
nhiều	O
với	O
chuyện	O
mua	O
vàng,	O
mình	O
sẽ	O
mua	O
và	O
tích	O
trữ	O
sau	O
đc	NORM
kha	O
khá	O
thì	O
đem	O
vàng	O
ra	O
đếm	O
cũng	O
hay	O
ho	O
phết	O

Nhưng	O
k	NORM
đc	NORM
mời	O
sn	NORM
bạn	O
nhỉ	O

em	O
xin	O
vía	O
đc	NORM
chồng	O
hài	O
hước	O
như	O
v	NORM

cảm	O
xúc	O
như	O
thế	O
nào	O
khi	O
ko	NORM
được	O
xuất	O
sắc	O

thực	NORM
sự	O
thì	O
nếu	O
ng	NORM
đó	O
cảm	O
thấy	O
cách	O
này	O
hữu	O
ích	O
và	O
họ	O
đọc	O
đc	NORM
nhiều	O
hơn	O
thì...cách	O
này	O
đc	NORM
đó	O
chứ.	O

chưa	O
mất	O
nma	NORM
bạn	O
đã	O
rủ	O
rồi	O

bé	O
Thu	O
là	O
mụt	NORM
ngừi	NORM
có	O
tình	O
cảm	O
cha	O
con	O
mãnh	O
liệt	O
với	O
ông	O
Sáu	O
=)))	O

Đời	O
này	O
dc	NORM
mấy	O
ai	O
chung	O
tình	O
đâu	O

Ck	NORM
t	NORM
chỉ	O
cần	O
quan	O
tâm	O
đến	O
con	O
cái	O
là	O
đủ.	O

Mày	O
đang	O
nhầm	O
lẫn	O
khái	O
niệm	O
rồi,	O
đấy	O
là	O
m	NORM
đuổi	O
t	NORM
chứ	O
ko	NORM
phải	O
xin	O
ra	O
ở	O
riêng	O

Vậy	O
mình	O
hên	O
r	NORM
mình	O
đã	O
dc	NORM
như	O
thế	O

phải	O
tao	O
:	O
thế	O
em	O
muốn	O
đi	O
ăn	O
trước	O
xong	O
đi	O
ks,	NORM
hay	O
đi	O
cafe	NORM
xong	O
đi	O
ks,	NORM
hay	O
đi	O
ks	NORM
luôn	O
????	O

Lì	O
xì	O
thì	O
nchuyen	NORM
tiếp	O
không	O
thì	O
mời	O
cô	O
ra	O
ngoài	O

Ui	NORM
dùi,	NORM
nhớ	O
lại	O
thời	O
điểm	O
2013-2014	O
mình	O
còn	O
iu	NORM
đương	O
cãi	O
lộn	O
khóc	O
lên	O
khóc	O
xuống,	O
hoá	O
ra	O
đất	O
nước	O
đã	O
từng	O
lâm	O
nguy.	O

T	NORM
cũng	O
không	O
muốn	O
kết	O
hôn	O
.-.	O

hông	NORM
có	O
j	NORM
phải	O
buồn,	O
tr	NORM
mưa	O
nào	O
rồi	O
hổng	NORM
phải	O
tạnh	O

tất	O
cả	O
lời	O
khuyên	O
t	NORM
nói	O
ra	O
đều	O
là	O
những	O
điều	O
t	NORM
k	NORM
làm	O
đc	NORM

xem	O
đi	O
r	NORM
rì	O
viu	O
hộ	O
:)))	O

Nếu	O
bạn	O
k	NORM
có	O
ý	O
thức	O
thì	O
để	O
nguời	NORM
khác	O
ý	O
thức	O
dùm	NORM
cho	O

Thôi	O
đừng	O
đánh	O
HLV	NORM
indo	O
nữa	O
ạ	O
,	O
đánh	O
nữa	O
ai	O
khiêng	O
cả	O
vận	O
động	O
viên	O
cả	O
huấn	O
luận	NORM
viên	O

bạn	O
bảo	O
như	O
z	NORM
là	O
tự	O
nhiên	O
như	O
ở	O
nhà	O
người	O
ta	O
nhìn	O
vào	O
ng	NORM
ta	O
lại	O
nói	O
bama	NORM
bạn	O
ko	NORM
biết	O
dạy	O
bạn	O
nữa	O
góp	O
í	NORM
xíu	O
nha	O
cái	O
j	NORM
xấu	O
thì	O
nên	O
che	O
lại	O
any	O
nói	O
như	O
z	NORM
không	O
có	O
sai	O

xưa	O
ngưỡng	O
mộ	O
cs	NORM
hạnh	O
phúc	O
kín	O
tiếng	O
của	O
c	NORM
mà	O
cuộc	O
đời	O
ai	O
đâu	O
ngờ,	O
mong	O
c	NORM
mạnh	O
mẽ	O
sớm	O
tìm	O
đc	NORM
cách	O
giải	O
quyết	O

sao	O
hay	O
da	NORM
dẻ	NORM
quá	O
à	O

T	NORM
ở	O
br-vt	O
thấy	O
bth	NORM
à	O
ai	O
cx	NORM
đòi	O
đến	O
đây	O
du	O
lịch	O
là	O
seo	NORM

để	O
tao	O
nghĩ	O
ra	O
tao	O
cần	O
gì	O
đã,	O
không	O
cần	O
nhiều	O
bạn	O
nhưng	O
thích	O
gỉ	NORM
thì	O
để	O
t	NORM
nghĩ	O
:)))	O

giả	O
bộ	O
lướt	O
fb	O
cười	O
mỉm	O
thoi:)))	NORM

lưu	O
lại	O
có	O
j	NORM
lần	O
tới	O
dùng	O
nhé	O
=)))))))))))))	O

Trước	O
khi	O
có	O
con	O
anh	O
cũng	O
gọi	O
tôi	O
là	O
em	O
bé	O
mà,	O
anh	O
quên	O
hết	O
ời	NORM
:<	O

T	NORM
thuộc	O
kiểu	O
k	NORM
có	O
duyên	O
r	NORM

mưa	O
ở	O
đâu	O
z,	NORM
Đông	O
Anh	O
chưa	O
mưa	O

21t	O
chưa	O
bt	NORM
iu	NORM
là	O
gì:)))	O

để	O
mà	O
nói	O
thì	O
2$	O
ở	O
Vn	NORM
ăn	O
được	O
quá	O
trời	O
sương	O
sương	O
1	O
bữa	O
cũng	O
no	O
í	NORM
:)))	O

vậy	O
nên	O
tui	O
từ	O
một	O
đứa	O
thích	O
ăn	O
dưa	O
hấu	O
thành	O
đứa	O
ko	NORM
đụng	O
vào	O
miếng	O
dưa	O
nào	O
lun	NORM

mau	O
thiệt,	O
t	NORM
mới	O
chỉ	O
xem	O
demo	O
cái	O
phim	O
lật	O
mặt	O
đổi	O
đời	O
này,	O
mà	O
đã	O
thấy	O
page	O
chế	O
meme	O
rồi	O

t	NORM
thấy	O
t	NORM
chơi	O
game	O
cũn	NORM
oke	O

chị	O
toy	NORM
là	O
người	O
như	O
zậy	NORM
seo	NORM

Bạn	O
này	O
tuổi	O
gà	O
ah?	NORM

may	O
chưa	O
thấy	O
b	NORM
hỏi	O
v	NORM

T	NORM
mang	O
tiếng	O
bạn	O
thân	O
còn	O
chưa	O
bao	O
h	NORM
gặp	O
mặt	O
cô	O
dâu	O
trong	O
khi	O
cno	NORM
yêu	O
nhau	O
mấy	O
năm	O
h	NORM
cưới	O
rồi	O
cơ	O

linh	O
vật	O
ms	NORM
cho	O
b	NORM

chọn	O
món	O
đi	O
b	NORM
iu	NORM
7	O
món	O
cho	O
7	O
ngày	O
nhé	O

học	O
luật	O
đi	O
b	NORM
về	O
cười	O
cho	O
mình	O
đỡ	O
chầm	NORM
kảm	NORM

Trấn	O
thành	O
đem	O
công	O
an	O
lên	O
tới	O
nhà	O
bạn	O
bây	O
giờ	O
bớt	O
khịa	O
ngta	NORM
đi	O

"Cha	O
t	NORM
hỏi	O
ăn	O
bún	O
hay	O
ăn	O
cơm,	O
t	NORM
nói	O
ăn	O
gì	O
cũng	O
được	O

giận	O
cc,	NORM
có	O
vay	O
thì	O
phải	O
có	O
trả	O

t	NORM
tả	O
m,	NORM
m	NORM
tả	O
ng	NORM
khác	O

chơi	O
ntn	O
a	NORM
k	NORM
sợ	O
này	O

Ai	O
có	O
thể	O
lấp	O
đầy	O
cho	O
e	NORM
đây	O

độc	O
éc	NORM
zà	NORM
zô	NORM
liêm	O
xỉ	NORM

Kiến	O
thức	O
nầy	NORM
đã	O
được	O
tiếp	O
thu	O

tag	O
để	O
hỏi	O
dùm	O
coi	O
Thư	O
có	O
sao	O
khưm	NORM

thậc	NORM
lằk	NORM
ắk	NORM
độc	O
zà	NORM
vô	O
lim	NORM
xỉ	NORM

gửi	O
con	O
bạn	O
mình	O
ở	O
đây,	O
chờ	O
phần	O
2	O
đọc	O
típ	NORM

bình	O
thườg	NORM
thôi	O
có	O
gì	O
đâu	O
mà	O
xoắn?	O

lý	O
do	O
h	NORM
ít	O
cho	O
ai	O
vay	O

gòi	NORM
xoq	NORM
khum	NORM
biết	O
t	NORM
học	O
thì	O
t	NORM
cười	O
thành	O
cái	O
dạng	O
gì	O
nữa	O
luôn	O

Trước	O
khi	O
lấy	O
vk	NORM
trông	O
mlem	O
thế	O

Mượn	O
k	NORM
mất	O
lòng	O
nhưng	O
đòi	O
lai	NORM
đôi	O
khi	O
mất	O
cả	O
lòng	O
cả	O
bạn	O

Lâu	O
lâu	O
lại	O
có	O
người	O
khuyên	O
t	NORM
đi	NORM
qc	NORM
kem	O
trộn,,	O

K	NORM
xử	O
thua	O
thì	O
cứ	O
để	O
nằm	O
đấy	O
để	O
bên	O
này	O
đấm	O
cho	O
mấy	O
phát	O
nữa	O
xem	O
có	O
ít	O
điểm	O
hơn	O
không	O
:))))	O

có	O
cái	O
vỉ	O
4	O
viên	O
treo	O
bồn	O
cầu	O
của	O
vim	O
xài	O
k	NORM
biết	O
sạch	O
hay	O
ko	NORM
nhưng	O
mà	O
thơm	O
thiệt	NORM
nha	O
mng	NORM
=]]	O

Em	O
sẽ	O
học	O
đc	NORM
cách	O
thảo	O
mai	O
với	O
đồng	O
nghiệp	O

Đúng	O
ời,	NORM
kg	NORM
phải	O
nói	O
chớ,	NORM
tui	O
làm	O
lương	O
tháng	O
30tr,	O
tới	O
15	O
tây	O
là	O
nhận	O
5tr5	O
còn	O
24tr5	O
còn	O
lại	O
thì	O
tui	O
dề	NORM
ngủ	O
mơ	O
tiếp	O

mẹ	O
mài	NORM
coá	NORM
hoải	NORM
trưa	NORM

ko	NORM
trông	O
con	O
cẩn	O
thận,	O
đi	O
như	O
đường	O
của	O
mình,	O
thằng	O
đàn	O
bà,	O
kiện	O
chết	O
m	NORM
nó	O
đi	O

Gặp	O
t	NORM
t	NORM
cũng	O
chửi	O
huống	O
chi	O
mẹ	O
chồng	O
nhỉ	O

Cũng	O
ước	O
mơ	O
làm	O
toptop	O
nhưng	O
lỗ	O
mịa	NORM
chục	O
củ	O
=)))	O

1	O
là	O
đủ	O
m	NORM
ha	O

mỗi	O
tối	O
sau	O
khi	O
thi	O
c3	O
xong	O
kiểu	O
nài	NORM

hằng	O
đẳng	O
thức	O
đáng	O
nhớ	O
,	O
thuộc	O
từ	O
hồi	O
hk	NORM
1	O
tới	O
cuối	O
kì	O
2	O
giải	O
bt	NORM
thì	O
quên	O
mất	O
4	O
cái	O
cuối	O

gà	O
cô	O
Sinh	O
thiếu	O
mất	O
cái	O
ghế	O
với	O
dù	O
ròi	NORM

Có	O
ai	O
bị	O
đánh	O
bằg	NORM
dây	O
điện	O
k?	NORM
:)))))	O

Khóc	O
cả	O
ngày	O
r	NORM
á	O
:(:	O

ai	O
có	O
ảnh	O
gốc	O
k	NORM
a	NORM

Làm	O
gì	O
có	O
chuyện	O
Co	O
ce	O
Co	O
le,	O
bậy	O
gồi!	NORM

Ngon	O
thế	O
này	O
k	NORM
ăn	O
thì	O
phí	O
lắm	O
:)))	O

mọi	O
ng	NORM
dạo	O
này	O
khẩu	O
vị	O
bị	O
làm	O
sao	O
ấy	O
nhở?	NORM

ối	O
zời	NORM
ơi	O
chính	O
là	O
tôi	O

Cả	O
nhóm	O
đi	O
mãi	O
search	O
mãi	O
qua	O
tới	O
Sa	O
Huỳnh	O
vẫn	O
ko	NORM
ra	O
cái	O
Bình	O
Đơ,	O
sau	O
mới	O
biết	O
là	O
Bình	O
Đe	O

Cả	O
nghệ	O
an	O
nhiều	O
xoài	O
bứt	O
mại	NORM
ko	NORM
hết	O
đó	O
nà	NORM

Những	O
ng	NORM
nói	O
may	O
quá	O
chắc	O
là	O
chưa	O
lấy	O
vợ	O

Bạn	O
phải	O
chia	O
sẻ	O
vs	NORM
chồng,	O
tâm	O
sự	O
nhiều	O
vào,	O
muốn	O
j,	NORM
ko	NORM
muốn	O
j,	NORM
bây	O
h	NORM
ra	O
sao,	O
giải	O
quyết	O
như	O
nào,	O
a	NORM
làm	O
j,	NORM
e	NORM
làm	O
j,	NORM
học	O
cách	O
yêu	O
thương,	O
hiểu	O
nhau..	O

nên	O
vẫn	O
ko	NORM
suggest	O
đi	O
concert	O
1	O
mình	O
nếu	O
mí	NORM
bồ	O
1	O
là	O
quá	O
ngại	O
tự	O
selfie,	O
2	O
là	O
muốn	O
có	O
ảnh	O
kỷ	O
niệm	O
của	O
mình	O
tại	O
concert	O
đó	O

sáng	O
t	NORM
còn	O
thấy	O
sầu	O
riêng	O
nấu	O
xương	O
nữa,	O
t	NORM
thì	O
thèm	O
trái	O
cây	O
mà	O
như	O
này	O
còn	O
cái	O
nịt	O

vẫn	O
đội	O
mũ	O
cho	O
mềnh	NORM
hehe	O

klq	O
nhma	NORM
ông	O
có	O
thể	O
đi	O
photo	O
ra	O
một	O
nửa	O
để	O
đọc	O
phần	O
còn	O
lại	O
mà	O
bro?	O

còn	O
bạn	O
này	O
biết	O
ăn	O
biết	O
nằm	O
lì	O
ở	O
nhà	O
biết	O
xài	O
tiền	O
thoai	NORM

một	O
lụ	NORM
cười	O
luôn	O
hé	O
nha	O
b	NORM

Nãy	O
t	NORM
thấy	O
anh	O
kia	O
bỏ	O
đá	O
zô	NORM
thùng	O
xốp	O
r	NORM
đục	O
lổ	O
bỏ	O
quạt	O
vô	O
á,	O
chị	O
làm	O
thử	O
i:3	NORM

e	NORM
ghép	O
ảnh	O
cho	O
ba	O
nhé	O

gòi	NORM
riết	O
ai	O
cx	NORM
bạn	O
t	NORM
hết	O

T	NORM
nhìn	O
mấy	O
đứa	O
bới	O
bới	O
đồ	O
ăn	O
t	NORM
del	NORM
ăn	O
nữa	O
luôn,	O
kinh	O
dị	O

lưu	O
lại	O
đi	O
chị	O
iu,	NORM
bựa	NORM
sau	O
em	O
về	O
mần	O
nộm	O
hết	O
cả	O
truồng	NORM
ga	NORM
thì	O
nghỉ	O

Nhắm	O
ko	NORM
gắp	O
trúng	O
đc	NORM
thì	O
thôi	O
nghỉ	O
ăn	O

m	NORM
ăn	O
k	NORM
t	NORM
mua	O
cho	O

hồi	O
đó	O
có	O
vụ	O
này	O
chắc	O
cũng	O
phản	O
bội	O
như	O
v	NORM
quá	O

kB	O
câu	O
chuyện	O
của	O
bạn	O
ntn	O
n	NORM
bao	O
nhiêu	O
người	O
ăn	O
lại	O
bới,	O
còn	O
là	O
khách	O
nữa	O
chứ	O

Ôi	O
cô	O
gái	O
của	O
tôiiiiii	NORM

quả	O
này	O
a	NORM
lên	O
đại	O
uy	NORM
rồi	O
kkk	O

Rồi	O
t	NORM
bắt	O
đầu	O
lên	O
ds	NORM
mời	O
nè	O
:)))	O

c	NORM
mua	O
cho	O
Noma	O
cái	O
:)))	O

đùa	O
1	O
chút	O
thui	NORM
chứ	O
iu	NORM
đương	O
j	NORM

dạo	O
này	O
b	NORM
chả	O
qt	NORM
:<	O

nma	NORM
công	O
nhận	O
hợp	O
thiệc	NORM

Chắc	O
baby	O
của	O
đại	O
gia	O
nào	O
r	NORM

mắc	O
cở	NORM
dùm	NORM
lun	NORM
á	O
tr:)	NORM

được	O
cái	O
bạn	O
thân	O
mình	O
giống	O
nhao,	NORM
eo	O
bánh	O
bò	O

đòi	O
đúm	NORM
ck,	NORM
ng	NORM
phụ	O
nữ	O
nhậng	NORM
cái	O
kếc	NORM
chu	NORM
lè	O

H	NORM
lỡ	O
có	O
chú	O
sĩ	O
quan	O
rồi	O
thì	O
tìm	O
thêm	O
nx	NORM
đc	NORM
ko	NORM

qua	O
phase	O
4	O
của	O
mcu	O
thì	O
ngán	O
đến	O
tận	O
cổ	O
thật,	O
mấy	O
phim	O
của	O
dc	O
cũng	O
ra	O
thoi	O
thóp	O
mà	O
vừa	O
dở	O
lại	O
còn	O
flop	O
ẻ	NORM

quen	O
nhau	O
hơn	O
1	O
năm	O
rưỡi,	O
mà	O
mỗi	O
lần	O
tạm	O
biệt	O
nhau	O
về	O
là	O
cứ	O
buồn	O
và	O
nhớ	O
ngy	NORM
hệt	O
như	O
ngày	O
đầu	O
mới	O
hẹn	O
hò	O

Gặp	O
những	O
người	O
đồng	O
nghiệp	O
tốt	O
lật	O
mặt	O
hơn	O
lật	O
bánh	O
tráng	O
thì	O
b	NORM
sẽ	O
được	O
đổi	O
đời	O
ngạc	O
nhiên	O

hình	O
như	O
bữa	O
tính	O
coi	O
hỉ	NORM

T	NORM
thích	O
viết	O
bút	O
lông	O
quá	O
trờyyy	NORM
=))))))	O

giống	O
tui	O
zs	NORM
bà	O
dịnmas	O

bé	O
chạy	O
nhanh	O
như	O
v	NORM
ông	O
nội	O
t	NORM
mà	O
thắng	O
kịp	O

đọc	O
bài	O
này	O
xong	O
chắc	O
t	NORM
không	O
xem	O
show	O
1	O
cách	O
bình	O
thường	O
đc	NORM
nữa	O
r	NORM

Eo	O
ck	NORM
tau	NORM
thon	O
thả	O
gấp	O
10	O
lần	O
tau,	NORM
muốn	O
hóc	NORM
thét	O

giả	O
bộ	O
nhìn	O
đt	NORM
rồi	O
cười	O

Lon	O
này	O
cỡ	O
bình	O
giữ	O
nhiệt	O
hum	NORM
:)))))	O

mình	O
lương	O
5tr	O
k	NORM
biết	O
nói	O
gì	O

"sống	O
đời	O
như	O
thế	O
thà	O
m	NORM
sống	O
chó	O
như	O
tao	O
còn	O
vui	O
hơn:	O

Cx	NORM
là	O
2004	O
nhưng	O
mà	O
toàn	O
báo	O
cha	O
báo	O
mẹ	O

Đứa	O
nào	O
vt	NORM
chữ	O
bay	O
lắc	O
thì	O
chục	O
cái	O
máy	O
cũng	O
bó	O
tay	O

T	NORM
lo	O
cho	O
con	O
m	NORM
ghê	O

Có	O
thể	O
bình	O
thường	O
Indo	O
nó	O
cố	O
tình	O
nhường	O
HCV	NORM
để	O
quảng	O
bá	O
môn	O
võ	O
của	O
nó	O
mà	O
kể	O
cả	O
nó	O
k	NORM
nhường	O
thì	O
cũng	O
chỉ	O
Indo	O
mới	O
biết	O
mấy	O
món	O
võ	O
ngoài	O
đấu	O
trường.	O

Ko	NORM
nói	O
rõ	O
vs	NORM
ck	NORM
lên	O
đây	O
kể	O
lể	O
lm	NORM
méo	NORM
gì	O

bạch	O
dương	O
cưng	O
ngyeu	NORM
lắm	O
tr	NORM
oi=))	NORM

thế	O
đã	O
thuê	O
được	O
ch,	NORM
kh	NORM
thì	O
t	NORM
với	O
m	NORM
đi	O
:))	O

Mấy	O
thứ	O
zậy	NORM
mà	O
cg	NORM
đứa	O
dám	O
yêu	O
gặp	O
tao	O
xách	O
dép	O
chạy	O

mình	O
bị	O
bắt	O
sd	NORM
phao	O
nè	O
cậu	O
ơi	O
=)))	O

Đúng	O
là	O
nếu	O
như	O
đã	O
sống	O
như	O
cái	O
máy	O
vs	NORM
1	O
mục	O
đính,	NORM
và	O
khi	O
đã	O
hoàn	O
thành	O
nó	O
thì	O
sẽ	O
ko	NORM
biết	O
phải	O
làm	O
gì	O
tiếp	O
nữa	O

Quả	O
chân	O
gà	O
uy	O
tín	O
kia	NORM
e	NORM

Còn	O
thua	O
cái	O
đèo	O
ngoạn	O
mục	O
nụaaaa	NORM

còn	O
bị	O
thao	O
thúng	O
hong	NORM
ta	O

nói	O
cho	O
còn	O
tự	O
ái	O
gì	O
nữa	O
thậm	O
chí	O
để	O
ngửa	O
cái	O
môi	O
múc	O
canh	O
ở	O
bát	O
canh	O
mà	O
k	NORM
úp	O
để	O
1	O
bên	O
t	NORM
đang	O
còn	O
khó	O
chịu	O
nữa	O

Cở	NORM
này	O
thì	O
tự	O
nấu	O
tự	O
ăn	O
đc	NORM
r	NORM
mấy	O
mă	NORM
ơi,mua	O
nguyên	O
liệu	O
cho	O
nó	O
chứ	O
đưa	O
tiền	O
nó	O
lấy	O
đánh	O
bài	O
hết	O

zô	NORM
đọc	O
nè	O
anh,	O
cuốn	O
lém,	NORM
biết	O
đâu	O
mốt	O
anh	O
cũng	O
được	O
z	NORM
:))	O

Thanh	O
Hoá	O
cx	NORM
có	O
ng	NORM
này	O
ng	NORM
kia,	O
đừng	O
vô	O
gộp	O
chung	O
rồi	O
chửi	O

M	NORM
kì	O
thị	O
ng	NORM
chơi	O
chứng	O
à	O
:))	O

đã	O
bảo	O
đ	NORM
khóc	O
rồi	O
còn	O
gì	O
muốn	O
sao	O
?	O

ăn	O
thịt	O
lướng	NORM
nhưng	O
cố	O
nhịn	O
cười	O
nhỏ	O
ún	NORM
soju	O
nhão	O
nhão	O
kế	O
bên:))))	O

Tốt	O
nhất	O
là	O
ko	NORM
ăn	O
đc	NORM
thì	O
ăn	O
món	O
khác	O
sao	O
mà	O
cứ	O
nhất	O
định	O
phải	O
ăn	O
thịt	O
mà	O
còn	O
bới	O
đến	O
3	O
lần	O

ráng	O
lên	O
sắp	O
dc	NORM
chụp	O
hình	O
cùng	O
đồng	O
đội	O
roài	NORM
nà	NORM

Có	O
nơi	O
isn’t	O
land	O
nhưng	O
vẫn	O
đc	NORM
gọi	O
là	O
island	O
á	O
là	O
toạ	O
độ	O
0°N	O
0°E	O
ngoài	O
khơi	O
Tây	O
Phi	O

Triệu	O
Lệ	O
Dĩnh	O
xinh	O
điênnnn	NORM

bình	O
tĩnh	O
thôi	O
b	NORM
ạ	O

Tuyệt	O
dời	NORM
ông	O
mặt	O
trời	O

đúng	O
là	O
ý	O
tưởng	O
cứu	O
tinh	O
cho	O
cô	O
khánh	O
đây	O
r	NORM
!!!	O

miền	O
tây	O
nch	NORM
vậy	O
hog	NORM
ó	NORM
dí	NORM
lại	O
bame	NORM
dưới	O
miền	O
tây	O
thoáng	O
lắm	O
mẹ	O
tui	O
cũn	NORM
dị	NORM
kh	NORM
ắ	NORM

lớp	O
ồn	O
thì	O
kêu	O
có	O
sao	O
đâu	O
tr	NORM

có	O
lần	O
t	NORM
bị	O
nó	O
thao	O
túng	O
nên	O
mua,	O
bố	O
t	NORM
thấy	O
nước	O
xả	O
ra	O
màu	O
xanh	O
chửi	O
t	NORM
bỏ	O
thứ	O
vớ	O
vẩn	O
vào	O
nên	O
từ	O
đó	O
t	NORM
k	NORM
mua	O
nữa	O
=)))	O

giống	O
nữa	O
trái	O
t	NORM
để	O
cho	O
m	NORM
trong	O
tủ	O
lạnh	O
ghê.	O

Đúng	O
kiểu	O
người	O
hướng	O
nội	O
cứ	O
sợ	O
nta	NORM
giận	O
nên	O
k	NORM
hỏi	O
mà	O
không	O
hỏi	O
nta	NORM
cũng	O
không	O
tự	O
giác	O
trả	O
cho	O
mình	O

Nhưng	O
về	O
sẽ	O
nc	NORM
để	O
sau	O
giữ	O
ý	O
hơn.	O

thật	O
sự	O
nếu	O
đủ	O
tèn	NORM
hãy	O
sắm	O
máy	O
lạnh	O
chứ	O
hồi	O
xưa	O
cũng	O
như	O
vậy	O
1	O
buổi	O
trưa	O
bay	O
5k	O
tiền	O
nc	NORM
đá	O

Đc,	NORM
t	NORM
sẽ	O
order	O
hết	O
chỗ	O
này	O
về	O
mặc	O

Tôi	O
mà	O
là	O
cgái	NORM
thì	O
ko	NORM
tk	NORM
ctrai	NORM
nào	O
phải	O
rơi	O
lệ	O

chắc	O
phải	O
bay	O
sag	NORM
bển	O
đi	O
mát-xa	O
mất	O
^•^	O

Ý	O
thức	O
tốt	O
chứ	O
k	NORM
phải	O
hèn	O
:"))	O

Thế	O
thì	O
phải	O
kiếm	O
1	O
any	O
k	NORM
ăn	O
thịt	O
mỡ	O
giống	O
mình	O
chứ	O

Đúng	O
bọn	O
dở	O
có	O
ảnh	O
thì	O
để	O
chả	O
nhẽ	O
để	O
ảnh	O
cúng	O
bố	O
cmay	NORM
à	O

k	NORM
có	O
chơi	O
z	NORM
nha	O

Sao	O
k	NORM
gắp	O
hết	O
bỏ	O
zô	NORM
chén	O
sau	O
k	NORM
ăn	O
đc	NORM
mỡ	O
thì	O
để	O
trong	O
chén	O
của	O
mình	O

anh	O
xếp	O
chái	NORM
tim	O
gửi	O
ai	O
kia	O
kìa	O

A	NORM
e	NORM
bên	O
thuế	O
vụ	O
rất	O
thích	O
điều	O
này	O

mắt	O
k	NORM
thể	O
nhìn	O
thấy	O
j	NORM
khi	O
bỏ	O
kính	O
nhá	O
ạ,	O
ai	O
giơ	O
tay	O
lên	O
đồng	O
cảnh	O
ngộ	O
được	O
hum	NORM
ạ	O
:((((	O

Đòi	O
còn	O
k	NORM
cả	O
trả	O
ấy	O
hảo	O
bạn	O

tối	O
về	O
mặc	O
thử	O
nhể	NORM

hồi	O
đó	O
mê	O
2	O
vkck	NORM
nhà	O
này	O
lúc	O
phim	O
mật	O
ngọt	O
kia,	O
mà	O
lúc	O
đấy	O
còn	O
bé	O
có	O
biết	O
quái	O
gì	O
khái	O
niệm	O
chèo	O
cp	O
đâu	O

r	NORM
cũng	O
lâu	O
phết	O
r	NORM
hình	O
như	O
mắt	O
mình	O
hơi	O
mù	O

A2	O
mần	O
chi	O
gớm	O
z	NORM

tương	O
lai	O
k	NORM
xa	O
lắm	O

thế	O
thì	O
fai	NORM
lo	O
đẻ	O
thêm	O
cho	O
ông	O
đứa	O
con	O
gái	O
đi	O

Mấy	O
thằng	O
ngoo	NORM
see	NORM
đần	O
này,vào	O
kho	O
đi	O
nó	O
lại	O
dí	O
cho	O

vô	O
học	O
tập	O
nè,	O
nào	O
có	O
pồ	NORM
thì	O
đăng	O

ê	O
trái	O
tim	O
đỉnk	NORM
dậy	NORM

lương	O
tháng	O
1tr	O
sợ	O
lm	NORM
gánh	O
nặng	O
cho	O
ck	NORM
ghê	O

xưa	O
có	O
con	O
chuột	O
bự	O
như	O
con	O
mèo	O
có	O
khi	O
còn	O
mập	O
hơn	O
cả	O
con	O
mèo	O
t	NORM
nuôi	O
nữa	O
chạy	O
vô	O
nhà	O
t	NORM
ngang	O
nhiên	O
cướp	O
đồ	O
ăn	O
của	O
chó,	O
mà	O
tụi	O
nó	O
chỉ	O
bt	NORM
đứng	O
nhìn	O
chứ	O
ko	NORM
con	O
nào	O
dám	O
lại	O
gần	O

xin	O
ik	NORM
thăm	O
bà	O
ik	NORM

T	NORM
thấy	O
r	NORM
m	NORM
cx	NORM
phải	O
thấy	O

cũng	O
thương	O
a	NORM
sếp	O
của	O
bạn	O
:))	O

Nó	O
thoát	O
ra	O
qua	O
da	O
roài	NORM

Hoá	O
ra	O
trc	NORM
đây	O
mình	O
toàn	O
đeo	O
tuý	O
thương	O
hiệu	O
nổi	O
tiếng	O
đi	O
chăn	O
trâu	O

Chi	O
oanh	O
quá	O
xứng	O
đáng	O
với	O
nỗ	O
lực	O
ko	NORM
ngừng	O
nghỉ	O
mang	O
vinh	O
quang	O
cho	O
tổ	O
quốc	O
ạ	O

Ờ	O
tự	O
nhiên	O
nghe	O
noái	NORM
xong	O
t	NORM
thấy	O
cp	O
này	O
cũng	O
đẹp	O

mốt	O
anh	O
trang	O
đỉm	NORM
cho	O
em	O
nhé	O

đầy	O
đồ	O
ăn	O
trong	O
tủ	O
nma	NORM
toàn	O
là	O
lâu	O
r	NORM

mình	O
tìm	O
hiểu	O
nát	O
ra	O
xong	O
nó	O
k	NORM
thao	O
túng	O
được	O
mình,	O
mình	O
k	NORM
dùng	O

Chơi	O
với	O
xe	O
tải	O
là	O
dỡ	NORM
rồi	O

vô	O
năm	O
cg	NORM
có	O
gặp	O
nx	NORM
đâu	O

Nhiều	O
khi	O
nói	O
giỡn	O
đó	O
ba	O
ơi,	O
ngta	NORM
nói	O
xong	O
còn	O
không	O
để	O
tâm	O
luôn	O
á	O
:)))	O

zị	NORM
nên	O
iu	NORM
từ	O
đầu	O
năm	O
tới	O
giờ	O
zẫn	NORM
iu	NORM
ny	NORM
tui	O
dữ	O
luôn	O
nè	O
:>	O

Ôi	O
dồi	NORM
t	NORM
cũng	O
ko	NORM
ăn	O
dc	NORM
tí	O
thịt	O
mỡ	O
nào	O
kể	O
cả	O
là	O
dắt	O
mỡ	O

Từ	O
ngày	O
mổ	O
dây	O
chằng	O
chân,	O
vô	O
tình	O
bs	NORM
chĩa	O
cái	O
cam	O
nội	O
soi	O
quay	O
trúng	O
cảnh	O
cầm	O
búa	O
gõ	O
như	O
thợ	O
mộc	O
vào	O
chân	O
là	O
t	NORM
đã	O
thấy	O
hơi	O
hụt	O
hẫng	O
vs	NORM
hình	O
ảnh	O
đó	O
r	NORM

Tôi	O
không	O
cười	O
vì	O
thằng	O
cha	O
đang	O
xách	O
túi	O
cám	O
cò,	O
tôi	O
cười	O
vì	O
cách	O
trình	O
bày	O
của	O
thằng	O
cha	O
kể	O
lại	O
câu	O
chiện	NORM

đao	NORM
cái	O
lòng	O
thiệt	O
chớ	O

vô	O
giải	O
trúy	NORM
cuối	O
tuần	O
nè	O

Năm	O
lớp	O
6	O
bị	O
gãy	O
chân,	O
bs	NORM
bắt	O
8	O
con	O
vít.	O

ăn	O
ké	O
tý	O
lm	NORM
gì	O
mà	O
căng	O

coi	O
điên	O
hong	NORM
hả	O
chài	NORM

quen	O
quen	O
đúng	O
ko	NORM
?!	O

ủa	O
dị	NORM
là	O
đi	O
nắng	O
nên	O
bận	O
trắng	O
hay	O
đen	O

sao	O
hòi	NORM
đó	O
hongg	NORM
thấy	O
dị	NORM
chàiii	NORM

được	O
mục	O
tiêu	O
gì	O
dồii	NORM

Chồng	O
t	NORM
mông	O
cong	O
chân	O
thẳng	O
dài,	O
mặc	O
quần	O
bò	O
rõ	O
đẹp,	O
nhìn	O
sang	O
mình	O
chân	O
vừa	O
to	O
vừa	O
ngắn	O

ũa	NORM
ũa	NORM
áck	NORM
quỹ	NORM
kó	NORM
thể	O
zì	NORM
pạn	NORM
mà	O
bỏ	O
cả	O
thế	O
giới	O
mà,	O
nhớ	O
đók!	NORM

ủa	O
tưởng	O
bán	O
gì	O
ăn	O
thiệc	NORM
:)))	O

e	NORM
k	NORM
ngờ	O
chị	O
là	O
ng	NORM
như	O
z	NORM

Hnao	NORM
cũng	O
cơm	O
chan	O
nước	O
mắt	O
:))	O

ui	NORM
tr	NORM
tui	O
học	O
12	O
nên	O
hỉu	NORM
nè	O

phấn	O
đấu	O
nhé,	O
đồ	O
đi	O
làm	O
mới	O
đặt	O
may	O
lại	O
2	O
lượt	O
thui	NORM
mà	O
=)))	O

Trạn	NORM
này	O
xem	O
đúng	O
đã	O
thật.	O

Đáng	O
iu	NORM
quá	O
chết	O
tui	O

Pé	NORM
no	O
gòi	NORM
thì	O
tới	O
lượt	O
anh	O
ăn	O
:))	O

sau	O
để	O
cp	O
đảm	O
nhiệm	O
phần	O
nhìn	O
cũng	O
đc	NORM

T	NORM
đi	O
học	O
chỉ	O
trông	O
vậy	O

con	O
wavebach	O
của	O
anh	O
sao	O
r	NORM

có	O
nhìn	O
thấy	O
những	O
biểu	O
cảm	O
này	O
giống	O
con	O
gái	O
k	NORM

Xin	O
lỗi	O
con	O
,	O
lần	O
sau	O
mẹ	O
vẫn	O
thé	NORM

Giỏi	O
nhưng	O
phần	O
chia	O
sẻ	O
đi	O
làm	O
ntn	O
đấy	O
bạn,	O
mình	O
rất	O
mong	O
dc	NORM
nghe	O
chia	O
sẻ	O
của	O
bạn	O
ở	O
giai	O
đoạn	O
này	O

cuối	O
tuần	O
về	O
bảo	O
mẹ	O
làm	O
cho	O
c	NORM
cái	O

xem	O
có	O
hổ	O
kaka	O
k	NORM

Đôi	O
khi	O
t	NORM
sợ	O
mình	O
rồi	O
sẽ	O
làm	O
gì	O
khi	O
đã	O
tốt	O
nghiệp	O

Nọ	O
t	NORM
đang	O
làm	O
thâý	NORM
1	O
đưá	NORM
hs	NORM
ng	NORM
Hàn	O
sách	O
túi	O
naỳ	NORM

t	NORM
để	O
dành	O
cho	O
m	NORM
đó	O

ng	NORM
lạc	O
quan	O
sẽ	O
gặp	O
may	O
mắn	O
trong	O
cuộc	O
sống	O
=))	O

sao	O
mk	NORM
lại	O
qua	O
môn	O
này	O
nhể	NORM

hàng	O
triệu	O
sv	NORM
đi	O
tù	O
mất	O
kk	O

bạn	O
vẫn	O
có	O
nơi	O
để	O
về,	O
có	O
1	O
gia	O
đình	O
để	O
đc	NORM
yêu	O
thương	O
thì	O
hạnh	O
phúc	O
hơn	O
rất	O
nhiều	O
ng	NORM
rồi,	O
mạnh	O
mẽ	O
lên	O
bạn	O
ạ,	O
mọi	O
chuyện	O
sẽ	O
tốt	O
hơn	O
thôi	O

Tại	O
t	NORM
sợ	O
lỡ	O
ngày	O
đó	O
tới	O
thiệt	O
ma	NORM
chưa	O
chuẩn	O
bị	O
tâm	O
lý	O
sợ	O
chịu	O
k	NORM
nổi	O

Giao	O
diện	O
bánh	O
bèo	O
nên	O
k	NORM
chiến	O
được	O

ăn	O
ở	O
nhà	O
bố	O
mẹ	O
cũng	O
k	NORM
nhắc	O
cái	O
việc	O
bới	O
thức	O
ăn	O
à?	O

ráng	O
nhe	O
concho,	NORM
đừng	O
đi	O
bán	O
nước	O

hâhha	O
tại	O
sao	O
lại	O
nv	NORM

coi	O
chừng	O
nửa	O
trái	O
dưa	O
hấu	O
của	O
a	NORM
trong	O
tủ	O
lạnh	O
nó	O
cũng	O
vậy	O
á	O

Yang	NORM
hồ	O
gì	O
nhìn	O
dĩ	NORM
huông	NORM
vậy	O

Hồi	O
bé	O
t	NORM
là	O
thánh	O
làm	O
vỡ	O
nhiệt	O
kế	O
thuỷ	O
ngân,	O
nó	O
thành	O
mấy	O
bi	O
bạc	O
nhỏ	O
lăn	O
trên	O
đất	O
á,	O
lấy	O
đâu	O
ra	O
chảy	O
thành	O
dòng	O
tn	NORM

R	NORM
có	O
khi	O
tiền	O
ck	NORM
mình	O
làm	O
ra	O
b	NORM
k	NORM
biết	O
ntn	O
nó	O
lại	O
đem	O
cho	O
gái	O

Thèng	O
em	O
mình	O
thì	O
nó	O
sẽ	O
kêu	O
là	O
"Gứm	NORM
tóc	O
chị	O
xõa	O
như	O
yêu	O
quái"	O
=)))	O

Báo	O
CA	NORM
thôi	O
k	NORM
cần	O
phốt	O
lgi.	O

Sao	O
mình	O
thấy	O
câu	O
có	O
cần	O
không	O
nó	O
cũng	O
bth	NORM
mà	O

Ăn	O
ở	O
nhà	O
bới	O
đồ	O
ăn	O
còn	O
k	NORM
dc	NORM
nữa	O
là	O
khách	O

Xin	O
bí	O
quyết	O
tập	O
đùi	O
đc	NORM
to	O
nv	NORM
với	O

chống	O
nắng	O
trc	NORM
chống	O
giặc	O
sau:)))	O

Đang	O
iu	NORM
đuơng	NORM
bthf	NORM
hạnh	O
phúc	O
tuởng	NORM
tuợng	NORM
mộr	NORM
ngày	O
nào	O
đó	O
bồ	O
nói	O
bận	O
ko	NORM
về	O
chôi	NORM
vs	NORM
mình	O
đc	NORM
xong	O
phát	O
hiện	O
bồ	O
đi	O
vs	NORM
ngkhax	NORM

Ông	O
trời	O
ko	NORM
cho	O
ai	O
tất	O
cả	O
:)))))	O

mà	O
rõ	O
ảnh	O
rất	O
bt	NORM
vẫn	O
thấy	O
bcuoi	NORM

hic	O
đáng	O
yêu	O
váaa	NORM
đi	O
ạ	O

đi	O
chill	O
ko	NORM
c	NORM
:))	O

Trước	O
tiên	O
c	NORM
nên	O
ngồi	O
lại	O
chia	O
sẻ	O
với	O
chồng	O
của	O
mình	O
ạ	O

Nếu	O
ngta	NORM
mời	O
ng	NORM
bạn	O
khác	O
mà	O
k	NORM
mời	O
bạn	O
thì	O
phải	O
xem	O
lại	O
mqh.	NORM

độc	O
thân	O
thôi	O
anh	O
trai	O
ơiii	NORM

uống	O
cô	O
cơ	O
cô	O
lơ	O
ko	NORM

người	O
iu	NORM
2	O
đứa	O
đã	O
cái	O
sữa	O
chưa	O

É	O
đây	O
là	O
tưởng	O
tượng	O
của	O
t	NORM
về	O
mấy	O
chị	O
Công	O
là	O
nữ	O
tổng	O
tài	O
đồ	O
đó	O
truyện	O
BH	O
nè	O
é	O
é	O
é	O

Họ	O
chỉ	O
có	O
thể	O
báo	O
cáo	O
vs	NORM
gia	O
đình,	O
họ	O
hàng	O
bằng	O
bữa	O
tiệc	O
tại	O
quê	O
nhà	O
trong	O
khi	O
họ	O
vắng	O
mặt.	O

ông	O
hiểu	O
cái	O
vde	NORM
k	NORM

Sao	O
lại	O
nói	O
"Bộ	O
Trưởng	O
Bộ	O
Ngoại	O
Giao"	O
như	O
dị,	NORM
người	O
ta	O
nghe	O
được	O
người	O
ta	O
buồn	O
đó	O
:)))	O

Ô	O
tô	O
thì	O
kb	NORM
sẽ	O
ntn	O
nha	O

Bạn	O
trai	O
ai	O
á	O
chứ	O
k	NORM
phải	O
bạn	O
trai	O
tui	O

m	NORM
còn	O
nhớ	O
trước	O
m	NORM
tìm	O
làm	O
như	O
này	O
k	NORM
.hhaha	O

Vô	O
duyên	O
ở	O
đây	O
là	O
bạn	O
bới	O
đảo	O
thức	O
ăn	O
chứ	O
k	NORM
phải	O
bạn	O
k	NORM
ăn	O
dc	NORM
thịt	O
mỡ	O
mà	O
bị	O
mắng	O
là	O
vô	O
duyên.	O

Ngại	O
k	NORM
dám	O
đòi	O
mới	O
khổ	O
chứ	O

E	NORM
xứng	O
đáng	O
với	O
những	O
điều	O
tốt	O
đẹp	O
,	O
mong	O
những	O
vđv	NORM
như	O
e	NORM
sẽ	O
được	O
quan	O
tâm	O
nhiều	O

m	NORM
nói	O
ở	O
đây	O
đúm	NORM
khom	NORM
500	O
mấy	O

kẹt	O
từ	O
đó	O
chạy	O
về	O
tới	O
bx	NORM
an	O
sương	O
vẫn	O
còn	O

T	NORM
nhờ	O
chánh	NORM
quyền	O
can	O
thiệp	O
xâm	O
phạm	O
đời	O
tư	O
của	O
t	NORM
bh	NORM
chứ	O
ở	O
đó	O
mà	O
cap	O
mh	NORM

Nếu	O
mà	O
với	O
cách	O
hàng	NORM
xử	O
ntn,để	O
con	O
ntn	O
sớm	O
muộn	O
gì	O
cũng	O
phải	O
gặp	O
Diêm	O
Vương	O
thôi	O

mọi	O
thứ	O
chỉ	O
thú	O
zị	NORM
khi	O
hai	O
ta	O
mập	O
mập	O
mờ	O
mờ	O
:)))	O

Đem	O
ck	NORM
theo	O
làm	O
đc	NORM
ko	NORM
cj	NORM

về	O
đội	O
của	O
a	NORM
đi	O
e	NORM
ơi,	O
a	NORM
cũng	O
ko	NORM
ăn	O
thịt	O
mỡ,	O
bao	O
bới	O
bao	O
đảo	O

T	NORM
thấy	O
cũng	O
bth	NORM
ngoại	O
trừ	O
màu	O
phim	O
hơi	O
sến	O
súa,	O
có	O
thể	O
do	O
quay	O
từ	O
2016	O
nên	O
bh	NORM
trông	O
hơi	O
lỗi	O
thời	O

vẻ	O
đẹp	O
tri	O
thức	O
là	O
cái	O
j	NORM
đấy	O
mà	O
lm	NORM
cho	O
con	O
ng	NORM
ta	O
cảm	O
thấy	O
k	NORM
thoát	O
khỏi	O
đc	NORM
khi	O
đx	NORM
thấy	O

chắc	O
bao	O
giờ	O
có	O
bồ	O
t	NORM
cũng	O
zị	NORM
quá	O

có	O
iu	NORM
thiên	O
nhiên	O
khum	NORM
nè	O
bà	O
=)))	O

các	O
e	NORM
tiểu	O
học	O
k	NORM
thích	O
ăn	O
xoài	O
chua,cấp	O
2-3	O
xem	O
còn	O
cái	O
lá	O

Ui	O
này	O
ko	NORM
bênh	O
chủ	O
thớt	O
đc	NORM
dzồi	NORM

chạy	O
nhanh	O
cái	O
lệch	O
ray	O
đi	O
cả	O
đoàn	O
sao	O
bây,	O
éo	NORM
bik	NORM
xuy	NORM
nghĩ	O

Để	O
tự	O
giác	O
chứ	O
phát	O
giác	O
nó	O
là	O
nó	O
dẫy	NORM
đành	O
đạch	O
liền	O

Mới	O
cái	O
đầu	O
tiên	O
đã	O
làm	O
con	O
tuym	NORM
tui	O
đau	O
zòi,	NORM
tui	O
đc	NORM
nhìu	NORM
người	O
khen	O
mặt	O
phúc	O
hậu	O
lắm	O
huhu	O

Tết	O
này	O
chắc	O
ko	NORM
có	O
gà	O
ngậm	O
hoa	O
hồng	O
rồi	O

bt	NORM
trc	NORM
có	O
cách	O
này,	O
ngại	O
j	NORM
mà	O
khum	NORM
thử	O

dâu	O
da	O
chỗ	O
t	NORM
5k/túi	O
to	O

Mà	O
tiếc	O
cái	O
zòm	NORM
lại	O
toàn	O
cđv	NORM
toàn	O
là	O
Việt	O
Nam	O
hơi	O
zén	NORM

người	O
k	NORM
biết	O
là	O
người	O
lạc	O
quan	O

Tôi	O
nói	O
nhé,	O
k	NORM
hải	NORM
tự	O
khen	O
nhưng	O
t	NORM
là	O
ng	NORM
đàn	O
ông	O
rất	O
y	NORM
vk,	NORM
khi	O
có	O
con	O
thì	O
tất	O
cả	O
mọi	O
thứ	O
t	NORM
làm	O
đều	O
muốn	O
cho	O
vk	NORM
con	O
điều	O
tốt	O
nhất,	O
t	NORM
nghĩ	O
rằng	O
m	NORM
đã	O
chu	O
toàn	O
hết	O
cả,	O
nhưng	O
vk	NORM
vẫn	O
có	O
những	O
nhu	O
cầu	O
khác,	O
khác	O
những	O
gì	O
t	NORM
nghĩ	O
trong	O
thời	O
gian	O
chăm	O
con	O

động	O
viên	O
em	O
gái	O
cái	O
coai	NORM

haha,	O
htrc	O
xem	O
có	O
1	O
đôi	O
nào	O
mà	O
yêu	O
nhau	O
xong	O
bạn	O
gái	O
đi	O
học/	O
đi	O
làm	O
xa	O
đc	NORM
bạn	O
trai	O
tặng	O
cho	O
cái	O
kèn	O
thổi	O
ý,	O
kiểu	O
bất	O
cứ	O
khi	O
nào	O
thổi	O
anh	O
bạn	O
trai	O
sẽ	O
có	O
mặt,	O
xong	O
lúc	O
qua	O
sân	O
bay	O
chị	O
bạn	O
gái	O
thổi	O
quá	O
trời	O
mà	O
anh	O
kia	O
ko	NORM
tới	O
xong	O
khóc	O
lên	O
khóc	O
xuống	O
rồi	O
cuối	O
cùng	O
anh	O
kia	O
cũng	O
tới	O
huhu	O
:))	O

2vk	O
ck	NORM
dẫn	O
emm	NORM
bé	O
về	O
quê	O
ăn	O
tết	O
><	O

Có	O
ai	O
biết	O
cách	O
tránh	O
trường	O
hợp	O
này	O
ko	NORM

được	O
r,	NORM
văn	O
này	O
chấm	O
7.5đ	O
thôi	O
nhé	O

th	NORM
thì	O
chọn	O
cả	O
hai	O
cũng	O
đc	NORM

Đi	O
đâu	O
vô	O
ktx	NORM
ng	NORM
ta	O
vậy	O

Tên	O
anh	O
nằm	O
ngang	O
trên	O
bầu	O
trờiii	NORM

To	O
mỗi	O
đôi	O
chân	O
thì	O
che	O
r	NORM

mua	O
1	O
con	O
về	O
nuôi	O
kìa	O
e	NORM

trúa	NORM
tể	O
thao	O
túng,	O
sơ	O
hở	O
là	O
thả	O

mùa	O
7	O
này	O
chưa	O
thấy	O
sub	O
nhở,	NORM
chờ	O
mong	O
mỏi	O
lâu	O
vc	O
ý=((((	O

tới	O
công	O
chiện	NORM
thiệt	O
chớ	NORM

E	NORM
dạy	O
4	O
năm	O
mới	O
có	O
30	O
bộ	O
ak	NORM
e	NORM
phải	O
cố	O
gắng	O
sưu	O
tầm	O
thêm	O

tự	O
nhiên	O
như	O
ở	O
nhà	O
thực	O
chất	O
chỉ	O
là	O
câu	O
xã	O
giao	O
thôi	O
chứ	O
mình	O
phải	O
biết	O
ý	O
chút	O
chứ	O
tr	NORM

bẻ	O
gãy	O
giới	O
tính	O
t	NORM
rồi	O
mắ	NORM

Công	O
chúa	O
ở	O
bửn	NORM
à	O
=)))	O

hsau	O
thử	O
quần	O
của	O
mình	O
k	NORM
bạn	O

mời	O
bạn	O
êu	NORM
đọc	O
bài	O
ạ	O
=)))	O

May	O
quá	O
ck	NORM
mình	O
lương	O
6tr2	O
nên	O
gđ	NORM
vẫn	O
hòa	O
thuận	O

Trương	O
vô	O
kỵ	O
là	O
hus	O
đầu	O
đời	O
của	O
tui	O
đẹp	O
trai	O
quãi	NORM
đạnnnnn	NORM

ny	NORM
toi	NORM
chắc	O
h	NORM
mới	O
đc	NORM
sinh	O
ra	O
ó	NORM

ăn	O
tàn	O
phá	O
hại	O
như	O
mấy	O
con	O
nứng	O
lol	NORM
trên	O
tiktok	O
thì	O
có	O
50	O
tr	NORM
cũng	O
đell	NORM
đủ	O
cho	O
nó	O
sài.	NORM

Gặp	O
b	NORM
mình	O
ới	O
cái	O
nó	O
đến	O
trước	O
mình	O

lựa	O
chọn	O
chỉ	O
có	O
con	O
nít	O
toy	NORM
chọn	O
cả	O
2	O
:))	O

z	NORM
shao	NORM
bà	O
trầm	O
cảm	O
??????	O

Còn	O
việc	O
chống	O
nắng	O
thì	O
t	NORM
đặt	O
niềm	O
tin	O
vào	O
mấy	O
cái	O
áo	O
chống	O
tia	O
uv	O
của	O
uniqlo	O

nói	O
mẹ	O
hay	O
là	O
đang	O
quát	O
mẹ	O
mik	NORM
z	NORM

Ê,	O
sao	O
lại	O
so	O
vs	NORM
Trương	O
Hàn	O
đc	NORM
vậy	O
trong	O
khi	O
phim	O
của	O
Trương	O
Hàn	O
nó	O
xem	O
thường	O
phụ	O
nữ,	O
phim	O
có	O
mấy	O
cảnh	O
như	O
kiểu	O
's.àm	NORM
s.ỡ	NORM
bi.ến	NORM
th.ái'	NORM
+	O
biểu	O
cảm	O
khoa	O
trương	O
của	O
Trương	O
Hàn	O
nên	O
bị	O
chê	O
là	O
đúng,	O
chứ	O
phim	O
này	O
của	O
Minh	O
Đạo	O
có	O
gì	O
giống	O
đâu	O
mà	O
lôi	O
ra	O
so	O
vậy	O

Ơ	O
thế	O
từ	O
nhỏ	O
ba	O
mẹ	O
ko	NORM
chỉ	O
có	O
bạn	O
cách	O
ăn	O
uống	O
lịch	O
sự	O
à	O
:))	O

thằng	O
này	O
hảo,	O
chuẩn	O
bị	O
thủ	O
tục	O
từ	O
con	O
là	O
vừa	O
r	NORM
))	O

Tưởng	O
đâu	O
ông	O
này	O
bị	O
hôn	O
mê	O
mấy	O
năm	O
rùi	NORM
tỉnh	O
ai	O
dè	O
mới	O
mấy	O
phút.	O

sợ	O
cảm	O
giác	O
mạnh	O
nhưng	O
muốn	O
chơi	O
mấy	O
trò	O
mạo	O
hỉm	NORM

Gà	O
said:	O
Gọi	O
chính	O
quyền	O
xuống	O
cho	O
tauuuuu	NORM

Lỡ	O
sa	O
vào	O
ánh	O
mắt	O
Mịch	O
tỉ	O
rùiii,	NORM
đẹp	O
xỉuuu	NORM

Lúc	O
xanh	O
thì	O
ko	NORM
dc	NORM
hái	O
nhg	NORM
chín	O
thì	O
cho	O
sv	NORM
hái	O

tăng	O
xong	O
nhớ	O
gắn	O
nhìu	NORM
máy	O
lạnh	O
nha	O

đổi	O
màu	O
cho	O
mát	O
nha	O
ck	NORM

ebe	NORM
thấy	O
hok	NORM
có	O
con	O
trai	O
là	O
anh	O
có	O
tình	O
địch	O

còn	O
quả	O
nào	O
nữa	O
ko	NORM
để	O
e	NORM
vào	O
việc	O

Rõ	O
ràng	O
v	NORM
mờ	NORM
lạ	O
thớ	NORM
nhợ	NORM

giấy	O
tờ	O
sổ	O
đỏ	O
đứng	O
tên	O
bố	O
ck	NORM
-)	O

m	NORM
nằm	O
vùng	O
ở	O
đây	O
à	O
bài	O
nào	O
cũng	O
thấy	O

Rồi	O
qua	O
a	NORM
nuôi	O
Elly	O

s	NORM
t	NORM
với	O
m	NORM
lướt	O
tiktok	O
toàn	O
mí	NORM
cái	O
03	O
ko	NORM
vậy	O

ko	NORM
sai	O
đi	O
đou	NORM
được	O

k	NORM
bít	NORM
sao	O
mà	O
ổng	O
tưởng	O
tượng	O
dc	NORM
zay	NORM
lun	NORM
=)))	O

tôi	O
có	O
hẳn	O
3	O
ng	NORM
phụ	O
nữ	O
lực	O
điền	O

Không	O
oan	O
ạ	O
nhưng	O
e	NORM
tủi	O
thân	O

chắc	O
cũng	O
ko	NORM
đến	O
nỗi	O
như	O
này	O
đâu	O
nhỉ?	O

t	NORM
vs	NORM
cậu	O
có	O
nên	O
ntn	O
không	O

thoi	NORM
kệ	O
ngta	NORM
i,	NORM
qtam	NORM
chi	O
bà	O
ơi	O

Ơn	O
giời	NORM
lúc	O
6	O
tủi	NORM
t	NORM
làm	O
vỡ	O
nhiệt	O
kế	O
thuỷ	O
ngân	O
định	O
vọc	O
nó	O
chơi	O
chơi	O
thì	O
mẹ	O
phi	O
đến	O
đi	O
đường	O
quyền	O

nhìn	O
biểu	O
cảm	O
lạnh	O
lùng	O
z	NORM

Thà	O
m	NORM
gắp	O
ra	O
bát	O
rồi	O
ăn	O
nạc	O
bỏ	O
mỡ,	O
chứ	O
chả	O
ai	O
rang	O
thịt	O
để	O
mỡ	O
ra	O
mỡ	O
nạc	O
ra	O
nạc	O
cả	O
mà	O
bới	O
bới	O

đỗ	O
đh	NORM
xong	O
về	O
khoe	O
cô	O
chú	O
nè	O
=))))))	O

Chắc	O
đối	O
tượng	O
chưa	O
làm	O
CCCD	NORM

cưa	O
tiền	O
nhé	O
hoặc	O
hnay	NORM
t	NORM
trả	O
hsau	NORM
m	NORM
trả	O
:))))))))	O

T	NORM
thấy	O
t	NORM
trong	O
đấy	O

“Bới	O
một	O
chút”	O
x3	O
lần,	O
mà	O
k	NORM
biết	O
cái	O
một	O
chút	O
đấy	O
có	O
khéo	O
léo	O
nhẹ	O
nhàng	O
k	NORM
hay	O
xới	O
lộn	O
lên	O
=))	O
ngta	NORM
nói	O
vô	O
duyên	O
là	O
đúng	O
rồi	O

Vấn	O
đề	O
là	O
có	O
coan	NORM
mều	NORM
đang	O
lyếm	NORM
đuýt	NORM
ở	O
trong	O
bệnh	O
viện	O
đó	O
anh,	O
anh	O
có	O
hỉu	NORM
hok	NORM
z	NORM
?????????	O

Hết	O
trà	O
đến	O
gỏi	O
bảo	O
sao	O
mua	O
mãng	O
cầu	O
cháy	O
và	O
giá	O
lên	O
cao	O
dã	O
man,đúng	O
là	O
ko	NORM
theo	O
đc	NORM
với	O
trend	O

Giả	O
vờ	O
tìm	O
đồ	O
trong	O
balo	O
để	O
ko	NORM
bị	O
gv	NORM
gọi	O
lên	O
ktra	NORM

mấy	O
thằng	O
HP	O
bị	O
đá	O
đểu	O
ăn	O
hoa	O
cải	O
thay	O
cơm	O
đ	NORM
biết	O
nhục	O
còn	O
lấy	O
làm	O
vinh	O
hạnh,	O
hở	O
tí	O
là	O
ra	O
cái	O
vẻ	O
giang	O
hồ	O
cơ	O

nhưng	O
có	O
phải	O
mình	O
a	NORM
béo	O
đâu	O
:))	O

Thế	O
này	O
miền	O
Bắc	O
bjo	NORM
mới	O
có	O
măng	O
cụt	O
chín	O
để	O
ăn	O

tìnu	NORM
hình	O
chung	O
rồi	O
ck	NORM
ơi	O

Tốt	O
nhất	O
là	O
k	NORM
ăn	O
nữa	O

z	NORM
tính	O
ra	O
đu	O
cp	O
thành	O
công	O
dữ	O
dội	O
chứ	O
bộ	O

Đại	O
hội	O
moto	NORM
ở	O
Phan	O
Thiết	O
mà	O

hổ	O
báo	O
qá	NORM
k	NORM
tốt	O

Quay	O
vs	NORM
sửa	O
cái	O
này	O
mất	O
4	O
tiếng	O
lận	O
đó,	O
mn	NORM
fl	O
ủng	O
hộ	O
mình	O
đợi	O
mình	O
ra	O
p2	O
nha	O

em	O
ơi	O
t	NORM
thích	O
seungyoun	O
thậc	NORM
(và	O
chắc	O
là	O
có	O
bạn	O
đi	O
thật)	O
nma	NORM
đừng	O
để	O
1	O
đi	O
1	O
mình	O

Chiếc	O
dream	O
tàn	O
mà	O
thêm	O
cái	O
giỏ	O
này	O
là	O
vã	O
chứ	O
kh	NORM
phải	O
thứ	O
thiệt	O
nha	O

Không	O
chỉ	O
ngọt	O
trên	O
stage	O
mà	O
còn	O
ngọt	O
ở	O
cả	O
phòng	O
tập	O
cái	O
đoạn	O
bà	O
Ella	O
áp	O
sát	O
Chipu	O
t	NORM
hú	O
hồn	O
sao	O
mà	O
pele	NORM
dữ	O
zẫy	NORM

tay	O
giả	O
vờ	O
bấm	O
đt	NORM
cười	O
vì	O
chuyện	O
trong	O
đt	NORM
để	O
mn	NORM
xung	O
quanh	O
k	NORM
cảm	O
thấy	O
mình	O
bị	O
điên	O
:)))	O

coi	O
video	O
dưới	O
cmt	O
i,	NORM
coi	O
đúng	O
phút	O
thứ	O
3	O

Nếu	O
ko	NORM
có	O
mạng	O
xã	O
hội	O
thì	O
vdv	NORM
này	O
làm	O
gì	O
được	O
tặng	O
với	O
thưởng	O
cái	O
gì	O

kk,chuyện	O
này	O
thì	O
về	O
nhà	O
kể	O
vs	NORM
mẹ	O
để	O
mẹ	O
chửi	O
chứ	O
lên	O
đây	O
kể	O
để	O
cđm	O
chửi	O
cho..	O

“mẹ,	O
người	O
ta	O
nói	O
z	NORM
gòi	NORM
mình	O
nói	O
sao	O
nữa”	O

Giờ	O
lấy	O
ck	NORM
r	NORM
vẫn	O
vậy	O

T	NORM
chửi	O
những	O
người	O
đã	O
gặp	O
trong	O
ngày	O
chai	O
sữa	O
tắm	O
nghe	O
thấy	O
hết	O
mà	O

rõ	O
là	O
k	NORM
hướng	O
nội,	O
mà	O
k	NORM
dám	O
cả	O
mở	O
mồm	O
ra	O
đòi	O

Ny	NORM
em	O
vẫn	O
đi	O
học	O
cơ,không	O
nôn	O
nóng	O
đc,	NORM
cho	O
nên	O
e	NORM
chờ	O
học	O
xong	O
vậy	O

Haha	O
chả	O
bù	O
cho	O
mình	O
ngày	O
xưa	O
về	O
ra	O
mắt	O
gđ	NORM
bạn	O
chồng	O

Vì	O
1	O
năm	O
chỉ	O
được	O
ở	O
với	O
mẹ	O
1	O
tháng	O
nên	O
dù	O
tui	O
30	O
tuổi	O
ròi	NORM
vẫn	O
đc	NORM
đặc	O
cách	O
mẹ	O
gọi	O
đò	O
cho	O
nhoa	NORM

nết	O
cũn	NORM
dth	NORM
đoá	NORM
chơ=))	NORM

tớ	O
cũng	O
đáng	O
iu	NORM
mà	O
đúng	O
khôm	NORM

Hợp	O
vía	O
lắm	O
mới	O
đc	NORM
ntn	O
nhá	O

Uii	NORM
sao	O
nhỏ	O
này	O
nói	O
đúng	O
ý	O
mình	O
thể	O
nhểnh,	NORM
lại	O
còn	O
sợ	O
tc	NORM
rạn	O
nứt	O
cơ	O

ráng	O
khóc	O
nhìu	NORM
dô	NORM
r	NORM
bệnh	O
thêm	O
lun	NORM

Ủa	O
vậy	O
là	O
kh	NORM
được	O
hả	O
?	O

đầu	O
tư	O
cho	O
chuyến	O
đi	O
Thái	O
của	O
c	NORM
nè	O
c	NORM

mốt	O
sắp	O
thi	O
lm	NORM
zay	NORM
nè	O

Ghép	O
quả	O
nhạc	O
đang	O
ăn	O
mì	O
phọt	O
cả	O
mì	O
vào	O
dt	NORM

anh	O
ơi	O
đọc	O
đi,	O
khổ	O
thân	O
ông	O
kể	O
chuyện	O
v	NORM
ấy	O

Tội	O
cho	O
cô	O
gái	O
ấy	O
hở	NORM
:>>	O

Tưởng	O
tượng	O
đến	O
đoạn	O
yêu	O
đương,	O
chia	O
tay	O
đao	NORM
khộ	NORM
vì	O
tình	O
đồ	O
rồi	O
đó,	O
xong	O
nhớ	O
lại	O
đạo	O
lý	O
này,	O
hết	O
mắc	O
khóc	O
luôn	O
=)))))))	O

Khuyên	O
tụi	O
bây	O
đừng	O
có	O
nói	O
câu	O
cửa	O
miệng	O
nàu	NORM
nhe,	O
hồi	O
xưa	O
t	NORM
cũng	O
hay	O
ba	O
phải	O
ba	O
ơ	O
đồ	O
đó	O
cái	O
tao	O
bi	NORM
nghỉ	O
chơi	O
luôn.	O

Ông	O
nì	NORM
éc	NORM
ghê,	O
giữ	O
tay	O
ngta	NORM
lại	O
đi	O
chứ,	O
để	O
con	O
gái	O
ngta	NORM
ngủ	O
mà	O
giật	O
mình	O
hoài	O
vậy	O

Ultr	NORM
Siêu	O
ca	O
đẹp	O
trai	O
kkk	O

chưa	O
vợ	O
sao	O
b	NORM
giống	O
lấy	O
vợ	O
r	NORM
thế	O
:))	O

K	NORM
thw	O
thì	O
ns	NORM
câu	O

Editor	O
đầu	O
tư	O
v	NORM
còn	O
chỉnh	O
font	O

Không	O
cần	O
ra	O
đường	O
mà	O
vẫn	O
ăngg	NORM
no	O

Khuyên	O
là	O
đi	O
ăn	O
uống	O
với	O
bạn	O
bè	O
đi	O
nữa	O
cũng	O
đừng	O
như	O
thế,	O
nói	O
thật	O
là	O
ko	NORM
ưa	O
được	O
mấy	O
người	O
ăn	O
uống	O
ko	NORM
ý	O
tứ,	O
chắc	O
tại	O
t	NORM
khó	O
tính	O

và	O
chúng	O
ta	O
có	O
ảnh	O
chung	O
vs	NORM
cô	O
pé	NORM
ở	O
giữa	O
:))))	O

Xe	O
bus	O
cao	O
điểm	O
chắc	O
nhét	O
dc	NORM
100	O
người	O
luôn	O
á	O

người	O
ko	NORM
cần	O
tiền	O
quả	O
thật	O
mạnh	O
mẽ	O

Douyin	O
với	O
tiktok	O
cũng	O
k	NORM
phải	O
là	O
k	NORM
có	O
mặt	O
tốt,	O
qtrong	NORM
là	O
mình	O
sử	O
dụng	O
nó	O
như	O
nào	O
thoy	NORM

Gen	O
z	O
thẳng	O
tính	O
và	O
k	NORM
cam	O
chịu	O

dạy	O
là	O
phụ	O
đi	O
đánh	O
gken	NORM
là	O
chínk	NORM

thiệc	NORM
nà	NORM
cố	O
chấp	O
mà	O
:)))	O

tiktok	O
là	O
kênh	O
bán	O
hàng	O
rất	O
tiềm	O
năng	O
nhưng	O
chơi	O
với	O
nó	O
thì	O
lên	O
voi	O
xuống	O
chó	O
thât	NORM
thường	O

T	NORM
20t	O
r	NORM
vẫn	O
ún	NORM
susu	O

Hông	O
ấy	O
bạn	O
tháo	O
giây	NORM
an	O
toàn	O
ra	O
trả	O
tài	O
xế	O
rồi	O
mở	O
cửa	O
bước	O
cuống	O
xe	O
đi,	O
chứ	O
nhìn	O
như	O
này	O
tội	O
ổng	O
lắm	O

Ún	NORM
Cô	O
Le	O
Cô	O
Le	O
ko	NORM
bồ	O

Hay	O
tụi	O
m	NORM
đánh	O
nhau	O
đi	O
ai	O
thắng	O
thì	O
t	NORM
theo	O
:))))	O

Không	O
bù	O
cho	O
mình	O
mua	O
penny	O
giờ	O
chờ	O
a	NORM
Quyết	O
về	O

3	O
năm	O
2	O
đứa	O
nên	O
mình	O
cũng	O
rảnh	O
háng	O
được	O
4	O
năm	O
r	NORM
đấy	O
b	NORM

Ở	O
đâu	O
cũng	O
phải	O
phe	O
t	NORM
hết,	O
đang	O
điên	O
mà	O
giải	O
thích	O
là	O
chết	O
toi	O
chứ	O
đùa	O

Muốn	O
ăn	O
j	NORM
thì	O
ăn	O
nhưng	O
trong	O
bữa	O
ăn	O
cơm	O
không	O
được	O
bới	O
nhìn	O
không	O
hay	O
do	O
cháu	O
không	O
được	O
bảo	O
từ	O
nhỏ	O
lên	O
mới	O
vậy	O

Hi	O
vọng	O
gia	O
đình	O
bạn	O
kia	O
rủ	O
lòng	O
thương	O
gia	O
đình	O
e	NORM
bé	O
mà	O
đừng	O
rút	O
đơn	O
lại	O

Nếu	O
là	O
mình	O
mình	O
sẽ	O
k	NORM
ăn	O
thịt	O
lun	NORM
cho	O
chắc	O
kkk.	O

K	NORM
nói	O
ai	O
mà	O
biết	O
trong	O
người	O
ai	O
nghĩ	O
j	NORM

Ề	NORM
t	O
cũng	O
thích	O
con	O
này	O
mà	O
cứ	O
tưởng	O
k	NORM
đc	NORM
nuôi	O
chớ	NORM

Mỗi	O
lần	O
cbi	NORM
nhắn	O
đòi	O
tiền	O
ai	O
đều	O
nghĩ	O
mấy	O
hôm	O

Nó	O
ko	NORM
phải	O
chỉ	O
là	O
đôi	O
giày	O

chỗ	O
chị	O
nói	O
dới	NORM
em	O
hồi	O
bữa	O
nè	O
phớ	NORM
hong?	NORM

Uầy,	O
t	NORM
lại	O
thích	O
cờ	O
đỏ	O
kìa	O

Ck	NORM
k	NORM
cần	O
có	O
lương	O

thôi	O
thế	O
là	O
ngầu	O
r	NORM
anh	O
zai	NORM
ơi	O

Đứa	O
nào	O
nghĩ	O
ra	O
dẫy	NORM

Chòiii	NORM
oi	NORM
dễ	O
thương	O
quáa	NORM

ngta	NORM
cười	O
đc	NORM
hs	NORM
giỏi,	O
còn	O
tui	O
cười	O
tui	O
bị	O
chị	O
2	O
tui	O
đập	O

lỡ	O
thích	O
nó	O
rồi	O
thì	O
thà	O
nghỉ	O
chơi	O
mẹ	O
luôn	O
chứ	O
ko	NORM
friendzone	O
:)))	O

có	O
mấy	O
đứa	O
tl	NORM
nghe	O
mắc	O
ghét…	O

Sao	O
tui	O
thấy	O
bình	O
thường	O
mà	O
các	O
bồ	O
trên	O
Reddit	O
nói	O
ghia	NORM
dzậy	NORM
cà	O

Chính	O
ra	O
t	NORM
toàn	O
rước	O
toxic	O
relationship	O
về	O
người,	O
nhưng	O
mà	O
toxic	O
này	O
t	NORM
xin	O
chấp	O
nhận	O
và	O
nó	O
sẽ	O
là	O
ngoại	O
lệ	O
duy	O
nhất	O
của	O
t,	NORM
chí	O
ít	O
là	O
khi	O
không	O
còn	O
chơi	O
với	O
nhau	O
thì	O
t	NORM
không	O
lỡ	O
mồm	O
mắng	O
người	O
ta	O
là	O

hong	NORM
bít	NORM
nx	NORM
hỏng	NORM
coá	NORM
nhớ=)))	O

Đáng	O
tiếc	O
cậu	O
ko	NORM
có	O
mk	NORM
:))	O

Hs	NORM
cấp	O
1	O
cô	O
bảo	O
j	NORM
làm	O
thế,	O
đố	O
cháu	O
nào	O
dám	O
hái.	O

Hồi	O
trc	NORM
chị	O
gái	O
rủ	O
đi	O
coi	O
bói,	O
2	O
chị	O
em	O
lái	O
nhau	O
đi.	O

:)))	O
khai	O
với	O
mẹ	O
từ	O
đó	O
về	O
sau	O
kh	NORM
có	O
cho	O
thêm	O
j	NORM
lun	NORM

Thời	O
này	O
giấy	O
trắng	O
mực	O
đen	O
xuống	O
nhà	O
còn	O
ko	NORM
ăn	O
thua	O
nữa	O
là	O
ba	O
cái	O
tn	NORM
vớ	O
vẩn	O
này.	O

Gì	O
dị	NORM
trùi	NORM
tự	O
nhiên	O
khóc	O

Cô	O
Trương	O
Bá	O
Chi	O
có	O
mấy	O
cái	O
ảnh	O
mới	O
vào	O
nghề	O
hot	O
trên	O
pinterest	O
dữ	O
dằn	O
lun	NORM
ak	NORM

hông	NORM
thể	O
nhìn	O
em	O
chuột	O
này	O
1	O
cách	O
bth	NORM
nữa	O
rồi	O

tình	O
bạn	O
chất	O
lượng	O
ko	NORM
phải	O
vì	O
tiền	O
mà	O
vì	O
cái	O
cách	O
họ	O
cho	O
t	NORM
mượn	O
và	O
cái	O
cách	O
họ	O
động	O
viên	O
tôi	O
vượt	O
qua	O
nghịch	O
cảnh.	O

bcuoi	NORM
quá	O
ko	NORM
biết	O
tag	O
ai	O
nên	O
tag	O
bạn	O

Gì	O
chứ	O
đấm	O
nhau	O
kiểu	O
trẻ	O
châu	NORM
là	O
VN	O
vs	NORM
Indo	O
ngang	O
kèo	O
đấy	O
:)))	O

còn	O
hốt	O
ăn	O
đc	NORM
ko	NORM
sao	O
cả	O

chơi	O
hong	NORM
bà	O
zà,	NORM
hẹn	O
vài	O
bữa	O
kiểu	O
này	O
bà	O
sạt	O
nghiệp	O
chắc	O
luôn	O

Hi	O
vọng	O
mãng	O
cầu	O
gánh	O
giùm	O
năng	O
cụt	O
chứ	O
k	NORM
tình	O
hình	O
này	O
làm	O
gì	O
có	O
chuyện	O
100k	O
3kg	O
năng	O
cụt	O
chín	O

Thg	NORM
ted	O
chưa	O
lấy	O
vợ	O
nó	O
đã	O
giống	O
sau	O
khi	O
lấy	O
vợ	O
rồi	O
thì	O
sau	O
khi	O
lấy	O
vợ	O
nó	O
có	O
giống	O
trước	O
khi	O
lấy	O
vợ	O
không	O
nhỉ	O

ng	NORM
iu	NORM
a	NORM
chưa	O
tốt	O
nghiệp	O
cấp	O
3	O
:))))))))))	O

Tu	O
tâm	O
dữn	NORM
tánh	NORM
từ	O
nay	O

Đấy	O
là	O
anh	O
mua	O
ít	O
không	O
phải	O
em	O
ăn	O
nhìu	NORM

Lấy	O
vợ	O
về	O
vợ	O
ở	O
nhờ	O
k	NORM
làm	O
gì	O
à	O
:))	O

ui	O
thêm	O
1	O
cặp	O
ctay	NORM
huhu	O

gì	O
chứ	O
đoạn	O
hú	O
nghe	O
tuyệt	O
zọng	NORM
vl	O
=)))	O

Cho	O
nhiều	O
lần	O
chứ	O
k	NORM
phải	O
1	O
lần	O

Từ	O
thuở	O
cha	O
sinh	O
mẹ	O
đẻ	O
tới	O
giờ	O
tôi	O
chưa	O
thấy	O
cái	O
trường	O
hợp	O
này	O
bh	NORM

tới	O
công	O
chuyện	O
cây	O
dâu	O
da	O
nhà	O
t	NORM
liền	O

Hồi	O
đóng	O
trương	O
vô	O
kị	O
đẹp	O
chai	NORM

túi	O
hôm	O
e	NORM
chụp	O
ảnh	O
ý	O

Đúng	O
cái	O
nết	O
éo	NORM
thể	O
mê	O
đc.	NORM

iu	NORM
để	O
chống	O
lão	O
hóa	O
nào	O
=))	O

bạn	O
p	NORM
cảm	O
thấy	O
may	O
mắn	O
nhé	O

Ai	O
ko	NORM
nghe	O
tui	O
hát	O
sẽ	O
gất	NORM
buồn	O

Cản	O
trở	O
duy	O
nhất	O
đối	O
với	O
sinh	O
viên	O
ngôn	O
ngữ	O
nại	NORM
nằ	NORM
ngôn	O
ngữ	O
=)))	O

Ăn	O
trông	O
nồi	O
ngồi	O
trông	O
hướng	O
chút	O
đc	NORM
không	O
huống	O
gì	O
đến	O
nhà	O
ng	NORM
khác	O
làm	O
khách	O

lm	NORM
z	NORM
cho	O
mau	O
nhớ	O
bài	O
nè	O
e	NORM

coi	O
bói	O
phải	O
coi	O
zầy	NORM
mới	O
đã	O

Đọc	O
ảnh	O
thì	O
buồn	O
cười	O
nhưng	O
đọc	O
xong	O
bài	O
ko	NORM
thấy	O
buồn	O
cười	O
nữa	O

có	O
cái	O
quần	O
ống	O
loe	O
chưa	O
cắt	O
mácc	NORM
Ck	NORM
Vk	NORM
chưa	O
kịp	O
mặc	O

mất	O
mảng	O
da	O
mà	O
vẫn	O
nhiều	O
e	NORM
tán	O

Ko	NORM
nên	O
can,	O
cứ	O
để	O
BHL	O
VN	O
knock	O
out	O
BHL	O
indo	O
lần	O
nữa.	O

đọc	O
thấy	O
khổ	O
vì	O
cái	O
gọi	O
là	O
“gd”	NORM

coi	O
có	O
chú	O
của	O
a	NORM
ko	NORM
nè	O

Up	O
lên	O
đây	O
cho	O
mn	NORM
dô	NORM
chửi	O
cho	O
thông	O
não	O
ra	O
:))	O

bạn	O
thân	O
iu	NORM
đừng	O
sa	O
zào	NORM
con	O
đường	O
tình	O
iu	NORM
nữa	O
nghe,	O
mắc	O
công	O
khóc	O
lóc	O
z	NORM
mìn	NORM
xót	O

thì	O
ra	O
mình	O
nà	NORM
ng	NORM
hèng	NORM

K	NORM
cần	O
mi	O
nhon	O
chỉ	O
cần	O
app	O

sau	O
này	O
đừng	O
như	O
z	NORM
nha	O

Chuc	NORM
mung	NORM
em	O
cung	NORM
gđ	NORM
em	O
rat	NORM
xung	NORM
đang	NORM

đi	O
quán	O
nhiều	O
khi	O
tưởng	O
ai	O
ăn	O
thịt	O
mấy	O
đứa	O
bay	O
ko	NORM
á	O

Bọn	O
mk	NORM
vẫn	O
luôn	O
cảm	O
nhận	O
nhưg	NORM
chưa	O
thấy	O
j	NORM
sất.	NORM

trả	O
cái	O
dây	O
cho	O
chú	O
tài	O
xế	O
đi	O
bẹn	NORM

nghe	O
nói	O
hồi	O
xưa	O
c	NORM
Vinh	O
hay	O
đi	O
đòi	O
lắm	O

Trời	O
ơi	O
chưa	O
bao	O
h	NORM
lun	NORM

Tự	O
hào	O
về	O
anh	O
iu	NORM
mãi	O
thoaiiii	NORM

e	NORM
làm	O
cho	O
a	NORM
cái	O
màu	O
vàng	O
ra	O
sân	O
đi	O
cuốc	O
cho	O
mát	O
nhé?	O

Mãng	O
cầu	O
sống	O
ăn	O
k	NORM
hề	O
ngon	O
nha,	O
măng	O
cụt	O
sống	O
thì	O
giòn	O
ngọt	O
chứ	O
mãng	O
cầu	O
sống	O
ăn	O
khác	O
gì	O
gặm	O
khoai	O
sống	O
đâu	O

nghe	O
nói	O
bà	O
cần	O
xin	O
đchi	NORM

bé	O
chút	O
chít	O
này	O
nhìn	O
cưng	O
thía	NORM

là	O
em	O
đók	NORM
phải	O
không	O

ăn	O
quà	O
vặt	O
ít	O
thồi	NORM

đi	O
làm	O
diễn	O
viên	O
phim	O
hoạt	O
hình	O
hồi	O
nào	O
mà	O
không	O
kể	O
vậy	O
pà	NORM

Trung	O
niên	O
bộ	O
ko	NORM
dc	NORM
yêu	O
đường	NORM
hường	O
phấn	O
hả	O
chời	NORM

qua	O
bên	O
đấy	O
xong	O
cho	O
t	NORM
xin	O
cái	O
review	O
nha	O
:))	O

Thế	O
éo	NORM
nào	O
lại	O
vớ	O
thêm	O
được	O
bà	O
giúp	O
việc	O
vui	O
tính,	O
trực	O
tiếp	O
kêu	O
nó	O
mang	O
cả	O
cái	O
khúc	O
cây	O
to	O
đùng	O
vào	O
và	O
bảo:	O
"Yên	O
tâm	O
đi,	O
to	O
thế	O
này	O
mẹ	O
cháu	O
không	O
đánh	O
đâu".	O

Sắp	O
tới	O
snhat	NORM
em	O
gòi	NORM

T	NORM
cũng	O
cấm	O
con	O
t	NORM
ăn	O
mà	O
thi	O
thoảng	O
t	NORM
nhìn	O
bọn	O
trẻ	O
trong	O
xóm	O
ăn	O
ngon	O
quá	O
t	NORM
lại	O
mua	O
vài	O
gói	O
dấu	NORM
dưới	O
đệm	O
ăn	O
vụng	O
con	O

Mãi	O
ko	NORM
baoh	NORM
quênnnn	NORM

Âm	O
thầm	O
hóng	O
của	O
người	O
khác	O
hoi	NORM

Rất	O
xứng	O
đáng	O
với	O
những	O
ji	NORM
em	O
làm	O
dc	NORM
,	O
chúc	O
mừng	O
em	O
người	O
con	O
của	O
Bắc	O
Giang	O

hog	NORM
thấy	O
mát	O
mà	O
hơi	O
chóng	O
mặt	O

ê	O
nếu	O
bà	O
mẹ	O
kế	O
kia	O
có	O
em	O
xong	O
thớt	O
húp	O
đứa	O
em	O
thì	O
thành	O
cái	O
mọe	NORM
gì	O
nhỉ	O

ah	NORM
tui	O
cx	NORM
ms	NORM
về	O
mà	O
hok	NORM
có	O
j,	NORM
chỉ	O
có	O
mấy	O
cái	O
xe	O
tăng	O
lm	NORM
bằng	O
đạn	O
:))	O

mua	O
ún	NORM
giảm	O
cân	O
nè	O
1	O
ngày	O
2	O
bịch	O
xún	NORM
10kg	O
trong	O
1	O
tháng	O

Chưa	O
kíp	NORM
lớn	O
đã	O
phải	O
làm	O
mẹ	O

Mn	NORM
đối	O
với	O
tui	O
không	O
có	O
vde	NORM
gì	O
cả,	O
tui	O
có	O
sub	O
mấy	O
cái	O
vid	O
vui	O
vui	O
ở	O
VN	O
để	O
khai	O
sáng	O
cho	O
cban,	NORM
cban	NORM
vẫn	O
vào	O
tương	O
tác	O
đều	O
đều.	O

Đá	O
vs	NORM
man	O
xanh	O
chưa	O
ăn	O
đc	NORM
mà	O
đòi	O
đá	O
vs	NORM
man	O
đỏ	O
ở	O
siêu	O
cup	O

Ngoại	O
giao	O
đi	O
cưng	O
nhảy	O
dô	NORM
TTTM	O
ngồi	O
chào	O
khách	O
đồ	O
đi	O

phòng	O
ktx	NORM
của	O
tôi	O
kiểu	O

xúc	O
tích	O
ngắn	O
gọn	O
đúm	NORM
yêu	O
cầu	O
của	O
đề	O
bài	O

Vì	O
đang	O
rảnh	O
rỗi	O
ko	NORM
có	O
vc	NORM
j	NORM
làm	O
nên	O
tôi	O
sẽ	O
đếm	O
từ	O
1	O
đến	O
1000	O

cười	O
nhiều	O
là	O
dồ	NORM
đấy	O
cựu	O
sv	NORM
ba	O
ạ	O

Bố	O
ck	NORM
“	O
sổ	O
đỏ	O
đứng	O
tên	O
bố	O
mẹ	O
ck	NORM
“	O

phức	O
tạp	O
hay	O
đơn	O
giản	O
đều	O
không	O
đáng	O
sợ,	O
khó	O
không	O
làm	O
được	O
thì	O
sợ	O
lgi,	NORM
dễ	O
đến	O
mức	O
làm	O
được	O
thì	O
chả	O
phải	O
sợ,	O
chỉ	O
sợ	O
là	O
mình	O
làm	O
xong	O
mà	O
đếch	O
biết	O
mình	O
làm	O
cái	O
gì	O
:)))	O

sắp	O
xếp	O
làm	O
1	O
chiến	O
đi	O
chớ	NORM
hả	O
:))))))	O

Lâu	O
quá	O
hok	NORM
thấy	O
e	NORM
trầm	O
cảm	O
nè	O

Tao	O
chỉ	O
đọc	O
cm	O
thoaiiii,	NORM

Hôm	O
rồi	O
mình	O
ngủ	O
ở	O
cty	NORM
bị	O
trêu	O
2	O
lần,	O
lần	O
1	O
chỉ	O
thấy	O
nó	O
cầm	O
chân	O
mình	O
nhấc	O
lên,	O
lần	O
2	O
nó	O
cầm	O
cái	O
thước	O
kẻ	O
gõ	O
vào	O
đầu	O
mình.	O

Quê	O
BHL	O
Việt	O
Nam	O
mà	O
đa	O
phần	O
gốc	O
Hải	O
Phòng	O
thì	O
thôiiiiiiii!	NORM

phải	O
tag	O
hẳn	O
hai	O
nick	O
mới	O
chẹo	NORM

1	O
giọng	O
ca	O
tuỵt	NORM
vời	O

ngày	O
xưa	O
mình	O
ra	O
mắt	O
nhà	O
ny	NORM
còn	O
ko	NORM
dám	O
ăn	O
chỉ	O
ngồi	O
nhìn	O

Cái	O
này	O
mấy	O
năm	O
trước	O
r	NORM
giờ	O
lại	O
đào	O
lên	O
ah	O

Nhổ	O
lông	O
mày	O
dc	NORM
ko	NORM

t	NORM
nl	O
khi	O
thấy	O
bức	O
này	O

Anh	O
em	O
chào	O
thua	O
không	O
ai	O
lấp	O
đầy	O
khoảng	O
trống	O
ấy	O
đc	NORM

Tôi	O
vừa	O
gầy	O
vừa	O
đen	O
mk	NORM
lại	O
thích	O
mặc	O
áo	O
đen	O
là	O
sao	O
ta	O

về	O
nhà	O
mếu	O
thế	O
là	O
lại	O
k	NORM
dám	O
giải	O
thích	O
nữa	O

Sao	O
ko	NORM
làm	O
trend	O
lá	O
ngón	O
gỏi	O
gà	O
đi	O
xem	O
sao	O

hợp	O
vs	NORM
Uyn	O
lắm	O
nè	O

mai	O
a	NORM
xuống	O
nhà	O
e	NORM
chắc	O
45p	O
:))	O

chỉ	O
có	O
mp3	O
mới	O
nín	O
đc	NORM

tư	O
bản	O
khóc	O
thét	O
vs	NORM
kiên	O
:)))	O

khi	O
cta	NORM
còn	O
lo	O
đậu	O
tuyển	O
sinh	O
ko	NORM
còn	O
người	O
ta	O
thì...	O

ko	NORM
học	O
báo	O
chí	O
cũng	O
uổng	O
lắm	O
ak	NORM

ny	NORM
tôi	O
bảo	O
"	O
thả	O
tim	O
chứ	O
có	O
yêu	O
hay	O
thích	O
gì	O
đâu"	O
mà	O
lại	O
còn	O
là	O
thả	O
tim	O
ảnh	O
bạn	O
thân	O
tôi	O
:))	O

hsg	NORM
dc	NORM
nhậnn	NORM
thẳng	O
hay	O
phải	O
thi	O
tuyển	O
ạ?	O

T	NORM
thấy	O
Amber	O
có	O
hú	O
lên	O
lúc	O
Chipu	O
2note	O
cũng	O
đâu	O
có	O
gì	O
đáng	O
ngạc	O
nhiên	O
nhỉ	O

Thịt	O
mỡ	O
ngon	O
vậy	O
mà	O
chê...cắn	O
miếng	O
mỡ	O
ngập	O
răng	O
béo	O
ngậy	O
ta	O
nói	O
nó	O
đã...dại	O
k	NORM
ăn	O
để	O
bị	O
mất	O
điểm	O
là	O
thua	O
rồi	O

Dĩnh	O
Bảo	O
Ngọt	O
ngào	O
aaaaa	NORM

Nhiều	O
lúc	O
tui	O
thấy	O
mình	O
bị	O
vô	O
dụng	O
á	O
muốn	O
chớt	NORM
cho	O
xong	O
nhưng	O
nhớ	O
tới	O
mẹ	O
thì	O
tui	O
lại	O
nghĩ	O
khác	O
<33	O

Oan	O
Thị	O
Màu	O
bới	O
thức	O
ăn	O
k	NORM
chấp	O
nhận	O
đc,	NORM
xấu	O
tính	O
vãi	O

Quan	O
niệm	O
dân	O
gian	O
đâu	O
có	O
sai,	O
giỡn	O
với	O
cái	O
bóng	O
ko	NORM
có	O
tốt	O

nhà	O
t	NORM
mà	O
ăn	O
z	NORM
rữa	NORM
chén	O
khoẻ	O
ăn	O
no	O
nghĩ.	NORM

Quận	O
12	O
mà	O
tưởng	O
tiểu	O
banh	NORM
Florida	O
:))	O

K	NORM
cần	O
mi	O
nhon	O
nhưng	O
mặt	O
cần	O
phait	NORM
thẩm	O
mỹ	O

nó	O
tựa	O
như	O
viết	O
bút	O
lông	O
dzị	NORM
ó	NORM

hét	O
xog	NORM
đ	NORM
ai	O
im	O

lớp	O
tôi	O
dù	O
k	NORM
phải	O
khối	O
tự	O
nhiên	O
nhưng	O
1	O
tuần	O
cả	O
sáng	O
chiều	O
11	O
tiết	O
toán	O
có	O
khi	O
ra	O
chơi	O
nhiều	O
bài	O
k	NORM
dám	O
đi	O
ln	NORM
ấy	O
chứ	O

Nhớ	O
khoá	O
cửa	O
rồi	O
báo	O
cảnh	O
sát	O
nha	O
bạn	O
mở	O
ra	O
cả	O
nhà	O
đi	O
chung	O
vs	NORM
bạn	O
đấy	O

Đấy	O
cũng	O
là	O
lý	O
do	O
tại	O
sao	O
thị	O
trường	O
VN	O
chuộng	O
xe	O
oto	NORM
màu	O
trắng	O
còn	O
châu	O
Âu	O
lại	O
thích	O
xe	O
màu	O
đen	O
!	O

nghe	O
zị	NORM
hoi	NORM
chứ	O
hong	NORM
có	O
nhìu	NORM
chiện	NORM
j	NORM
đou	NORM

Làm	O
gì	O
có	O
viẹc	NORM
trong	O
mơ	O
,	O
chỉ	O
có	O
người	O
ta	O
mơ	O
ko	NORM
đi	O
làm	O
mà	O
vẫn	O
có	O
tiền	O
thui	NORM

chị	O
là	O
póng	NORM
long	O
xiên	O

Chắc	O
thôi	O
k	NORM
lấy	O
vk	NORM
nữa	O

bài	O
này	O
Chipu	O
hát	O
ổn	O
ne	NORM

Và	O
rồi	O
3	O
chấm	O
luông	NORM

lương	O
bạn	O
nam	O
10tr	O
mà	O
lương	O
bạn	O
nữ	O
chưa	O
tới	O
con	O
số	O
đó	O
thì	O
cũng	O
k	NORM
nên	O
dè	O
bỉu	O

Nè	O
sửa	O
chính	O
tả	O
cho	O
nhìu	NORM
zo	NORM

Nhiều	O
vợ	O
chồng	O
,	O
làm	O
ở	O
kcn,	NORM
lương	O
tổng	O
hai	O
ng	O
nới	NORM
được	O
15tr	O
mà	O
vẫn	O
con	O
cái	O
học	O
đàng	O
hoàng	O
mà.	O

chồng	O
mình	O
có	O
phải	O
đẻ	O
con	O
đâu	O
mà	O
xấu	O
béo	O
đc	NORM

Năm	O
nay	O
tam	O
tai	O
của	O
Gà	O
hay	O
zì	NORM

Lật	O
mặt	O
đổi	O
đời	O
ko	NORM
chỉ	O
có	O
trong	O
phim	O
mà	O
có	O
luôn	O
trong	O
cuộc	O
sống	O
mình	O
ấy	O
chứ	O
@@	O

nhìu	NORM
khi	O
tui	O
cũng	O
ước	O
được	O
dị	NORM
mà	O
thui	NORM
suy	O
nghĩ	O
lại	O
tui	O
khum	NORM
cần	O
tình	O
iu	NORM

Coi	O
app	O
nào	O
vậy	O
mn	NORM

Họ	O
tự	O
biết	O
chơ	NORM
ko	NORM
cần	O
đòi,	O
có	O
mượn	O
thì	O
có	O
trả	O

Thay	O
vì	O
nói	O
vậy	O
t	NORM
sang	O
nhà	O
bạn	O
đến	O
11h	O
mới	O
gọi	O
mẹ	O
xin	O
phép=))))	O

T	NORM
ko	NORM
nhìn	O
con	O
chó,	O
t	NORM
chỉ	O
thấy	O
ánh	O
mắt	O
2	O
anh	O
chạm	O
nhau	O
thiệt	O
ôn	O
nhu	O

nghe	O
lói	NORM
thík	NORM
ăn	O
gà	O
gián	NORM

mình	O
để	O
tạm	O
cún	O
của	O
mình	O
ở	O
đây	O
đừng	O
ai	O
lấy	O
cún	O
của	O
mình	O
đi	O
nha	O
lát	O
mình	O
qlai	NORM
hóng	O
tiếp	O

balo	O
t	NORM
có	O
hẳn	O
1	O
ngăn	O
đựng	O
rác	O

Béo	O
như	O
nhau	O
nên	O
ko	NORM
ý	O
kiến	O
gì	O

Starry	O
night	O
nhưng	O
ko	NORM
có	O
star	O

có	O
mẹ	O
rồi	O
mới	O
có	O
con	O
nha	O
a	NORM

nhanh	O
bằng	O
tốc	O
độ	O
pan`	NORM
tkơ`	NORM

đi	O
du	O
lịch	O
k	NORM
b?	NORM

Xin	O
cái	O
toạ	O
độ	O
để	O
dọn	O
đồ	O
wua	NORM
đó	O
ở	O

Mấy	O
thằng	O
hải	O
phòng	O
ko	NORM
lòng	O
vòng	O
là	O
đây	O
hả	O

Rất	O
xả	O
sì	O
trít	O
lun	O
á	O
các	O
bạn	O
iu	NORM

rùi	NORM
cổ	O
bóp	O
zú	NORM
t	NORM
rùi	NORM
kêu”đừng	O
đưa	O
t	NORM
về	O
nhà	O
nếu	O
không	O
t	NORM
sẽ	O
nghĩ	O
là	O
m	NORM
muốn	O
ngủ	O
t	NORM
đó”	O
mé	NORM
ba	O
chấm	O
thật	O
sự	O
lun	NORM

Vậy	O
là	O
t	NORM
xem	O
sai	O
cách	O
từ	O
đó	O
giờ	O
à	O

Cho	O
mượn	O
k	NORM
khác	O
gì	O
mình	O
mượn	O
luôn	O
á	O
chời	NORM

thế	O
Hưng	O
lăn	O
chứ	O
k	NORM
đi	O
đc	NORM
à	O

Cảm	O
giác	O
thiếu	O
0.1	O
là	O
hs	NORM
tiên	O
tiến	O

làm	O
gia	O
sư	O
ko	NORM
đơn	O
giản	O
như	O
bn	NORM
nghĩ	O
đâu	O

về	O
làm	O
thử	O
vk	NORM
eii	NORM
:))	O

ny	NORM
mua	O
cho	O
e	NORM
cái	O
xe	O
đi	O

s	NORM
ngta	NORM
chơi	O
điềm	O
tĩnh	O
mà	O
mình	O
chơi	O
lạ	O
z	NORM

Mặc	O
kệ	O
thí	O
nghiệm,	O
t	NORM
chọn	O
màu	O
tím	O
mộng	O
mơ	O
và	O
hồng	O
hường	O
phấn	O

Cũng	O
như	O
bàn	O
tay	O
ta	O
mặc	O
áo	O
bảo	O
hộ	O
điều	O
trị	O
chăm	O
sóc	O
bn	NORM
covid	O
6	O
tiếng	O
2	O
năm	O
trước	O
thôi	O

Nhà	O
t	NORM
ăn	O
bới	O
lên	O
cũng	O
k	NORM
b	NORM
bao	O
lần	O
ba	O
t	NORM
chửi	O

độc	O
thân	O
lâu	O
qá	NORM
đừng	O
làm	O
v	NORM
nhé	O

chị	O
e	NORM
chúng	O
ta	O
chứ	O
ai	O

Đúng	O
mà	O
quê	O
k	NORM
nói	O
chứ	O
ở	O
tpho	NORM
10	O
triệu	O
khó	O
sống	O
khó	O
thôi	O
chứ	O
k	NORM
phải	O
k	NORM
sống	O
đc	NORM
như	O
con	O
mình	O
2	O
đứa	O
tháng	O
nguyên	O
tiền	O
học	O
cứ	O
phải	O
độ	O
ngót	O
7tr	O
chưa	O
kể	O
sữa	O
1	O
tuần	O
2	O
thùng	O
bỉm	O
nữa	O
ăn	O
uống	O
chi	O
tiêu	O
cả	O
gia	O
đình	O
nguyên	O
tiền	O
điện	O
mùa	O
hè	O
này	O
độ	O
2	O
tr	O
rồi	O
nói	O
chung	O
10tr	O
khó	O

tự	O
nhin	NORM
củm	NORM
thấy	O
iu	NORM
chường	NORM
mìnk	NORM
ha	O

t	NORM
update	O
cho	O
khái	O
niệm	O
mới	O
này	O

có	O
phai	NORM
k	NORM
bạn	O
mk	NORM

19t	O
9	O
năm	O
trc	NORM
t	NORM
làm	O
part	O
time	O
25k	O
1	O
tiếng	O
đã	O
oai	O
nhất	O
xóm	O
r	NORM

Gặp	O
tui	O
là	O
vô	O
nhà	O
tấm	NORM
uống	O
hết	O
3	O
thùng	O
nước	O
dù	O
bíc	NORM
nó	O
ko	NORM
uống	O
đc=))))	NORM

nài	NORM
dưa	O
hấu	O
của	O
m	NORM

Cái	O
lúc	O
con	O
nhà	O
hàng	O
xóm	O
mất	O
tích	O
sao	O
ko	NORM
phát	O
hiện,	O
nại	NORM
vô	O
ní	NORM
dồi	NORM

Hông	NORM
biết	O
có	O
hơn	O
chiếc	O
ghế	O
hqua	NORM
k	NORM
nhỉ	O

Dám	O
đụng	O
tới	O
tiểu	O
mỹ	O
nữ	O
của	O
tui	O
là	O
bạn	O
sai	O
r	NORM

mình	O
ở	O
một	O
mình	O
có	O
ny	NORM
mà	O
còn	O
thế	O
này	O
đây	O
lập	O
gia	O
đình	O
mà	O
sống	O
ở	O
hà	O
nội	O
cả	O
nhà	O
15tr/	O
tháng	O
thì	O
móm	O
lắm	O

làm	O
sn	NORM
th	NORM
Kha	O
đi	O
rồi	O
mời	O
tụi	O
c	NORM
qua	O
chung	O
dui	NORM
:))))	O

Trog	NORM
cuộc	O
sống	O
của	O
mỗi	O
con	O
ng	NORM
chúg	NORM
ta	O

Ngta	NORM
có	O
nhiều	O
bạn	O
quá	O
mà.	O

xem	O
cái	O
khỏi	O
ăn	O
lun	NORM

ồ	O
k	NORM
phải	O
Trung	O
Quốc	O
,	O
Hàn	O
Quốc	O
mà	O
Việt	O
Nam	O
cũng	O
tuyên	O
danh	O
phận	O
r	NORM

cty	NORM
mih	NORM
chọn	O
sai	O
màu	O
áo	O
r	NORM

mong	O
đc	NORM
gặp	O
pé	NORM
trong	O
trường	O
chị	O
nha	O

hoi	NORM
đừng	O
có	O
dị	NORM
nha	O

thiết	O
nghĩ	O
ngành	O
mình	O
cũng	O
cừi	NORM
nhìu	NORM
=))))))))))	O

Sợ	O
bạn	O
buồn	O
bạn	O
hongggg	NORM
chơi	O
vs	NORM
mình	O
nữa	O

Cần	O
lắm	O
1	O
ng	NORM
bạn	O
nh	NORM
mập	O
mờ	O
=))	O

nhìn	O
từ	O
đầu	O
là	O
biết	O
xao	NORM
lo	NORM
l	NORM
rồi!	O

Mịa	NORM
nó	O
đã	O
gầy	O
còn	O
ăn	O
lắm	O

Nhìn	O
thôi	O
muốn	O
ng	NORM
rần	O
rần	O
gòi	NORM

nmà	NORM
có	O
những	O
người	O
đã	O
là	O
fan	O
của	O
sah	O
từ	O
trong	O
những	O
trang	O
comic...	O

làm	O
ơn	O
ngủ	O
sớm	O
giúp	O
t	NORM
cáiiiiiii	NORM

tui	O
ghét	O
cuộc	O
sống	O
này,	O
nhưng	O
mà	O
tui	O
iu	NORM
mẹ	O

c	NORM
có	O
nhận	O
nhân	O
viên	O
thời	O
vụ	O
kh	NORM
ạ	O
e	NORM
muốn	O
làm	O
2	O
tháng	O
hè	O
ạ	O

đây	O
là	O
cơm	O
tró	NORM
hông	NORM
phải	O
cháo	O
hành	O
ạ	O

vs	NORM
con	O
Cường	O
kìa	O
:)))	O

Đang	O
xỉu	O
ngang	O
trước	O
những	O
chiếc	O
visual	O
xinh	O
đẹp	O
thì	O
cái	O
highnote	O
tàng	O
hình	O
kéo	O
toi	NORM
tỉnh	O
lại	O
liền	O
=))))))	O

1	O
trong	O
những	O
lí	O
do	O
deo	NORM
dùng	O
tóc	O
tóc	O
))	O

Đến	O
hồi	O
comeout	O
thật	O
với	O
mẹ,	O
mẹ	O
bảo	O
ừ	O
t	NORM
biết	O
lâu	O
rồi,	O
trai	O
thẳng	O
nào	O
mặc	O
lọt	O
khe,	O
vẽ	O
chân	O
mày	O
sắc	O
như	O
dao	O
bổ	O
cau	O
như	O
m	NORM

Chủ	O
bị	O
va	O
quệt	O
cái	O
nguyên	O
đàn	O
cho’	NORM
xồ	O
ra	O
táp	O

sau	O
anh	O
mua	O
x2	O
lên	O
nhé,	O
vì	O
nhà	O
có	O
2	O
em	O
bé	O
ah	NORM

Ở	O
với	O
mẹ	O
mãi	O
đc	NORM
hong	NORM

sao	O
t	NORM
k	NORM
đânh	NORM
dấu	O
đk	NORM
cái	O
Phuong	O

Đọc	O
comment	O
khen	O
visual	O
cô	O
Chi	O
k	NORM
à	O
chứ	O
đó	O
h	NORM
cô	O
được	O
cái	O
gì	O
khác	O
đâu	O

Hồi	O
thi	O
học	O
kỳ	O
đh,	NORM
bà	O
giáo	O
hướng	O
dẫn,	O
các	O
cô	O
cậu	O
có	O
nghe	O
nhạc	O
ABBA	O
ko,	NORM
ko	NORM
biết	O
thì	O
cứ	O
thế	O

thấy	O
cừ	NORM
nhìu	NORM
lắm	O
r	NORM
đó	O

đứa	NORM
ghét	O
ăn	O
rau	O
như	O
t	NORM
ko	NORM
thích	O
điều	O
này	O

sạch	O
vs	NORM
đỡ	O
mùi	O
thật	O
mà	O

soạn	O
đồ	O
tui	O
vs	NORM
bà	O
đi	O
nè	O

4.5	O
tón	NORM
hồi	O
lớp	O
7	O
đây	O
bà	O
ơi	O
=))	O

Năm	O
tau	NORM
19	O
tuổi	O
đang	O
đi	O
đẻ	O
con	O
Bông	O

Tui	O
xuống	O
mà	O
có	O
gì	O
là	O
cook	NORM
dìa	NORM
liền	O
chứ	O
ko	NORM
như	O
zậy	NORM

skill	O
cúi	NORM
bàn	O
chấm	O
muối	O
ớt	O
kkk	O

rồi	O
mớ	O
gì	O
đọc	O
là	O
ba	O
mà	O
ngta	NORM
cứ	O
be	NORM

Những	O
ng	NORM
mà	O
nói	O
rằng	O
6-7tr	O
cũng	O
đủ	O
sống,	O
thì	O
mới	O
chỉ	O
là	O
đang	O
thực	O
hiện	O
hành	O
động	O
"tồn	O
tại"	O
thôi	O

con	O
zai	NORM
nhà	O
bác	O
à	O

Cảm	O
giác	O
đc	NORM
theo	O
đủi;))	NORM

Đến	O
lúc	O
k	NORM
dành	NORM
ăn	O
nữa	O
lại	O
hỏi	O

còn	O
thích	O
ở	O
ktx	NORM
kh	NORM
cậu	O

Mn	NORM
biết	O
phần	O
kinh	O
dị	O
nhất	O
ở	O
đây	O
là	O
gì	O
không	O
?	O

lướt	O
ít	O
thôi	O
k	NORM
lại	O
áp	O
lực	O

mung	NORM
qua	NORM
luot	NORM
fb	O
het	NORM
thay	NORM
may	NORM
cai	NORM
bung	NORM
beo,	NORM
bấm	O
ẩn	O
mà	O
cứ	O
hiện	O
quai,	NORM
k	NORM
hề	O
giảm	O
tuong	NORM
tac	NORM

Đầu	O
t	NORM
nhảy	O
bài	O
hát	O
capyparaaa	O
capypara	O
capypara	O
=)))	O

:))	O
ăn	O
v	NORM
dc	NORM
nè	O

Em	O
phải	O
bới	O
tung	O
lên	O
mới	O
tự	O
nhiên	O
chứ	O
3	O
miếng	O
ăn	O
thua	O
j	NORM
em	O

thoai	NORM
mua	O
điểm	O
đi	O
iem	NORM
ò	NORM

m	NORM
có	O
dành	O
ăn	O
với	O
mỡ	O
k	NORM
=)))	O

kím	NORM
cái	O
ảnh	O
minh	O
chứng	O
coi	O
nào	O

Nói	O
zui	NORM
thoi	NORM
b	NORM
ôi,	NORM
mình	O
hứa	O
hôn	O
năm	O
30t	O
cũng	O
phải	O
với	O
3,4	O
ng	NORM
r	NORM
á	O

dạo	O
này	O
thấy	O
b	NORM
sủi	O
hơi	O
lâu,	O
chắc	O
công	O
ziệc	NORM
bộn	O
bề	O
quá,	O
hong	NORM
ấy	O
vô	O
cho	O
có	O
cảm	O
giác	O
gảnh	NORM
nè=)))	O

T	NORM
ngụp	O
lặn	O
ở	O
trỏng	O
quá	O
đẽ	NORM
luôn	O

Mọi	O
thứ	O
đều	O
ổn	O
tự	O
nhiên	O
hú	O
lên	O
t	NORM
mắc	O
cỡ	O
dùm	NORM
:)))₫	O

Tui	O
củng	NORM
có	O
lần	O
đem	O
theo	O
kẻ	O
chân	O
mày	O
:)))	O

đi	O
học	O
về	O
nhắn	O
cho	O
nta	NORM
đc	NORM
vài	O
câu	O
xong	O
bỏ	O
ngta	NORM
một	O
mình	O

Mua	O
gang	NORM
tay	O
mà	O
đeo	O
vào	O

quả	O
mãng	O
cầu	O
bên	O
ấy	O
chín	O
chưa,	O
chưa	O
cho	O
vào	O
bóp	O
gỏi	O
đi	O
e	NORM

mang	O
đi	O
qsu	NORM
đc	NORM
ko	NORM

nè	O
học	O
đi	O
lỡ	O
vài	O
bữa	O
zô	NORM
rừng	O
còn	O
biết	O
cách	O
sống	O

Tất	O
nhiên	O
là	O
phim	O
ko	NORM
hay,	O
nhưng	O
ném	O
đá	O
nó	O
quá	O
thì	O
cũng	O
kỳ	O

đọc	O
tới	O
chữ	O
bới	O
liên	O
tưởng	O
ngay	O
tới	O
VHL,	O
k	NORM
ghét	O
VHL	O
cho	O
tới	O
khi	O
coi	O
clip	O
rì	O
viu	O
bới	O
đồ	O
ăn	O
:)))	O

có	O
Yên	O
ròi	NORM
thì	O
mãi	O
mãi	O
một	O
tình	O
yêu	O
với	O
KH	O
thoi	NORM
:)))	O

bài	O
này	O
là	O
bài	O
gì	O
vậy	O
mn	NORM

Họ	O
tính	O
k	NORM
nhắc	O
đâu	O
mà	O
chắc	O
đọc	O
đề	O
thấy	O
dễ	O
quá	O
mà	O
làm	O
k	NORM
đc	NORM
nên	O
máu	O
hiếu	O
học	O
nổi	O
lên	O
đấy	O

bt	NORM
mặc	O
rì	NORM
r	NORM
đấy	O

Chồng	O
t	NORM
chắc	O
giờ	O
vẫn	O
chưa	O
cai	O
sữa	O

Nghe	O
tên	O
bán	O
mà	O
khôg	NORM
dám	O
gọi	O
luôn	O
á	O

phiên	O
bản	O
của	O
màiii	NORM
nàaa	NORM
xinh	O
zữ	NORM
chòi	NORM
mừi	NORM
một	O
điểm	O
lunn	NORM

zui	NORM
là	O
zui	NORM
chúng	O
mình	O
zui	NORM
wa,	NORM
zui	NORM
là	O
zui	NORM
chúng	O
mình	O
zui	NORM
nhìu	NORM

anh	O
ơi	O
có	O
con	O
moè	NORM
k	NORM
mèo	O
meo	O
méo	O
lại	O
vs	NORM
em	O
owo	O

mai	O
t	NORM
mua	O
nhãn,	O
chôm	O
chôn,	NORM
dưa	O
hấu	O
về	O
lam	NORM
gỏi	O
gà	O
hhh	O

bây	O
h	NORM
đỡ	O
r	NORM
nhỉ	O
?	O
Chứ	O
k	NORM
thì	O
y	O
chang	O

Nếu	O
khách	O
là	O
ngừi	NORM
trong	O
hình	O
thì	O
iem	NORM
nguyện	O
hiến	O
dâng	O
tấm	O
thân	O
này	O

a	NORM
cx	NORM
nhảy	O
dc	NORM
nnay	O

T	NORM
sẽ	O
mặc	O
áo	O
sơ	O
mi	O
trắng	O
bên	O
ngoài	O
áo	O
cộc	O
đen	O
bên	O
trong	O

Nhìn	O
mặt	O
nó	O
là	O
biết	O
đếu	NORM
quan	O
tâm	O
m	NORM
nói	O
rồi	O

Theo	O
kịch	O
bản	O
thì	O
chồng	O
t	NORM
đang	O
lớp	O
2	O

Các	O
e	NORM
có	O
cần	O
c	NORM
làm	O
cho	O
mỗi	O
đứa	O
1	O
cái	O
r	NORM
ship	O
qua	O
nhật	O
k.	NORM

Ở	O
nhà	O
t	NORM
thằng	O
em	O
t	NORM
bới	O
t	NORM
đã	O
chửi	O
cả	O
buổi	O
rồi	O
đây	O
còn	O
đến	O
nhà	O
ny	NORM
nữa	O
thì	O
tui	O
chịu	O
bà	O
lun	NORM
đó.	O

tui	O
cũng	O
z	NORM
nma	NORM
tui	O
k	NORM
nhắn	O
nữa	O

Chó	O
là	O
loài	O
vật	O
trung	O
thành	O
ko	NORM
những	O
biết	O
trông	O
nhà	O
mà	O
còn	O
biết	O
bảo	O
vệ	O
trẻ	O
e	NORM

cũng	O
tốt	O
mà	O
sao	O
lại	O
đốt	O
cả	O
túi	O
nilon/bao	O
bì	O
sp	NORM

Hồi	O
lớp	O
6	O
cô	O
giáo	O
ra	O
đề	O
là	O
Viết	O
một	O
bài	O
văn	O
kể	O
về	O
một	O
người	O
mà	O
em	O
thân	O
thiết	O
(đại	O
loại	O
là	O
thân,	O
mình	O
nhớ	O
ko	NORM
rõ)	O
sau	O
đó	O
mình	O
bảo	O
với	O
nhỏ	O
bạn	O
mình	O
mới	O
làm	O
thân:	O

Mình	O
ra	O
ngoài	O
cố	O
gắng	O
giúp	O
dc	NORM
gì	O
cho	O
ng#	NORM
thì	O
giúp,	O
mong	O
ba	O
ở	O
nhà	O
cũng	O
may	O
mắn	O
gặp	O
dc	NORM
ng	NORM
tốt	O
hỗ	O
trợ.	O

Tiền	O
tớ	O
nhiều	O
như	O
lông	O
lươn	O
Ae	NORM
cứ	O
ới	O
là	O
tớ	O
vặt	O
cho.	O

không	O
phải	O
flo	O
đâu	O
các	O
e	NORM
gei	O

nao	NORM
làm	O
món	O
này	O
ăn	O
này	O

Mê	O
xĩu,	NORM
đúng	O
gu	O
toi	NORM
luôn	O
chèn	NORM
ơi	O

Hảo	O
Hán	O
,	O
lại	O
được	O
cơm	O
bưng	O
nước	O
rót	O
tận	O
mồm	O
r	NORM

Trộm	O
vía	O
mình	O
cũng	O
gặp	O
được	O
những	O
phụ	O
huynh	O
siu	NORM
đáng	O
iu	NORM

Làm	O
người	O
tốt	O
khó	O
we'	NORM
bey	NORM
oei	NORM

Còn	O
bâyh	NORM
t	NORM
lấy	O
luôn	O
kéo	O
cắt	O
luôn	O
thịt	O
nạc	O
mỡ	O
riêng	O

tranh	O
thủ	O
chứ	O
đừng	O
về	O
sớm	O
nhé	O
b	NORM

T	NORM
có	O
2	O
con	O
rồi	O
nhưng	O
thi	O
thoảng	O
t	NORM
vẫn	O
tự	O
hỏi	O
ko	NORM
biết	O
sau	O
này	O
t	NORM
già	O
rồi	O
t	NORM
còn	O
thích	O
ăn	O
bimbim,	O
uống	O
tsua	NORM
nữa	O
ko	NORM

May	O
quá	O
vk	NORM
t	NORM
bảo	O
t	NORM
ko	NORM
cần	O
lương	O
cao	O
làm	O
ck	NORM
là	O
đủ	O
rồi	O

hôm	O
nào	O
kiếm	O
t	NORM
con	O
canh:))	O

mốt	O
đừng	O
thức	O
tới	O
sáng	O
học	O
nữa	O
làm	O
z	NORM
cho	O
lẹ	O
nek	NORM

chứ	O
cái	O
mỏ	O
ăn	O
quá	O
ko	NORM
giàu	O
sợ	O
nuôi	O
ko	NORM
nổi	O

thấy	O
bảo	O
m	NORM
muốn	O
ở	O
riêng	O

Gọtbnhư	NORM
này	O
sao	O
còn	O
măng	O
cụt	O
chín	O
ạ	O

Bài	O
nì	NORM
hợp	O
vibe	O
kiểu	O
quyến	O
rũ	O
như	O
Chipu	O
hơn	O
mấy	O
cô	O
kia	O
nên	O
là	O
phải	O
công	O
nhận	O
cô	O
gánh	O
team	O
phần	O
nhìn	O
thật	O

Thig	NORM
k	NORM
ăn	O
nữa	O
ăn	O
món	O
khác	O
đi	O

t	NORM
mua	O
shopee	O
1k/10	O
viên	O
thì	O
nghĩ	O
sạch	O
tdn	NORM
dc	NORM
nhưng	O
thôi	O
nước	O
xanh	O
nhìn	O
"sạch	O
mắt"	O
:)))	O

Có	O
cảm	O
giác	O
là	O
yên	O
tâm	O
ròi	NORM

chân	O
thành	O
xin	O
cảm	O
ơnnnnnnn	NORM
:<	O

k	NORM
t	NORM
tưởng	O
tưởng	NORM
sau	O
otp	O
k	NORM
gặp	O
nhau	O
nữa	O
và	O
sẽ	O
thành	O
người	O
dưng	O
là	O
t	NORM
đủ	O
khóc	O
r	NORM

Anh	O
t	NORM
còn	O
lấy	O
cây	O
kẻ	O
mắt	O
luyện	O
viết	O
tiếng	O
nhật	O
nữa	O
mà	O
:))	O

Liệt	O
TA	NORM
ba	O
bắt	O
mấy	O
tháng	O
hè	O
này	O
về	O
nội	O
kêu	O
út	O
dạy	O
TA	NORM
lớp	O
7	O
trước,	O
rồi	O
tới	O
lớp	O
7	O
học	O
biểu	NORM
chiều	O
sáng	O
ba	O
cho	O
học	O
TA	NORM
giao	O
tiếp=)))	O

Trc	NORM
t	NORM
cũng	O
thế,	O
nh	NORM
giờ	O
t	NORM
đòi	O
hết.	O

Cuối	O
cùng	O
t	NORM
là	O
người	O
giảm	O
cân	O
chứ	O
khách	O
ko	NORM
giảm	O

LươNg	O
đã	O
thấp	O
mà	O
còn	O
tứ	O
đổ	O
tường	O
nửa	NORM
thì	O
thôi…	O
gia	O
đình	O
coi	O
như	O
bỏ	O

Ông	O
ad	O
cần	O
sự	O
riêng	O
tư	O
o	NORM
bv	NORM
nha	O

Sau	O
đó,	O
bạn	O
quay	O
lại	O
chửi	O
ngta	NORM
đã	O
đem	O
mưa	O
đến	O
cuộc	O
đời	O
bạn	O

b	NORM
mình	O
hướng	O
ngoại	O
mà	O
cũng	O
bị	O
thế	O

chúc	O
mừng	O
e	NORM
và	O
gđ..	NORM

thấy	O
hình	O
póng	NORM
con	O
nhện	O
của	O
phòng	O
tụi	O
em	O
:))	O

có	O
lẹ	NORM
đêy	NORM
là	O
nhà	O
ta,	O
ko	NORM
lạc	O
đi	O
mô	O
được	O
chồng	O
hẹ	NORM

Mình	O
kh	NORM
có	O
biết	O
anh	O
là	O
ai	O
hết	O
nhưng	O
mà	O
anh	O
giúp	O
bọn	O
mình	O
hết	O
sức	O
luôn	O

Muốn	O
dẫn	O
NY	NORM
đi	O
xem	O
phim	O
mà	O
sợ	O
gia	O
đình	O
phản	O
đối	O
cụ	O
thể	O
là	O
vợ	O
và	O
2	O
con	O

m	NORM
t	NORM
với	O
nhân	O
viên	O
thì	O
công	O
ty	O
cũng	O
văn	O
hoá	O
quá	O

Solo	O
luôn	O
xem	O
ai	O
thắng	O
nàyyyy	NORM

khác	O
j	NORM
khôm	NORM
gụk	NORM
ngã	O
trc	NORM
covid	O

đi	O
dìa	NORM
quê,	O
mà	O
quê	O
ai	O
chứ	O
kh	NORM
phải	O
quê	O
mình	O

2	O
bố	O
con	O
ngáooo	NORM
quá	O

Rất	O
là	O
xinh	O
luôn	O
áhhhh	NORM

nhma	NORM
visual	O
đỉnh	O
thật	O
:))	O

Mới	O
tậu	O
2	O
cây	O
V6	O
và	O
M13	O
hum	NORM
qua	O
luôn,	O
công	O
nhận	O
mê	O
nha	O

Giống	O
miêu	O
tả	O
mình	O
qué	NORM

Ôi	O
que	O
cay	O
mình	O
cũng	O
k	NORM
cho	O
con	O
ăn	O
bh	NORM
nhưng	O
thi	O
thoảng	O
mua	O
về	O
ăn	O
lén	O
1m	NORM

lỡ	O
mà	O
đậu	O
là	O
thành	O
ra	O
như	O
vầy	NORM
òi	NORM

kkk	O
đọc	O
cap	O
t	NORM
nhớ	O
bà	O

Nó	O
nói	O
đung	NORM
còn	O
gì	O

là	O
mik	NORM
nỗi	NORM
tiếng	O
chx	NORM

Hno	O
k	NORM
chỉ	O
có	O
gà	O
quay	O
bóng	O
đêm	O
thôi	O
nhở	NORM
=)))	O

Thì	O
ra	O
"	O
chúng	O
ta	O
im	O
lặng	O
một	O
tgian	NORM
nhé"	O
là	O
cách	O
chia	O
tay	O
của	O
ng	NORM
có	O
EQ	O
cao	O

chị	O
cuối	NORM
ny	NORM
mình	O
nha	O
:>	O

ê	O
giống	O
tui	O
dới	NORM
bà	O
z	NORM

tiếc	O
k	NORM
ck,	NORM
cứ	O
đòi	O
ăn	O
suốt	O
nói	O
thì	O
k	NORM
nghe	O
:))	O

Ngày	O
xưa	O
hồi	O
nhỏ	O
đi	O
học	O
ko	NORM
có	O
cặp	O
xách	O
phải	O
đựng	O
bằng	O
túi	O
cám	O
con	O
cò.	O

Tui	O
cũng	O
từng	O
trải	O
qua	O
tình	O
trạng	O
tương	O
tự	O
nhưng	O
mà	O
là	O
tiết	O
vẽ,	O
thoy	NORM
an	O
ủi	O
là	O
người	O
cô	O
bạn	O
đó	O
vẽ	O
không	O
phải	O
tui	O
vì	O
nó	O
vẽ	O
dị	O
hợm	O
cực	O
kỳ	O
:))))	O

t	NORM
thấy	O
này	O
giống	O
t	NORM
với	O
m	NORM
nè	O

Đây	O
là	O
lý	O
do	O
mà	O
mình	O
rất	O
k	NORM
muốn	O
lập	O
gia	O
đình	O

Chú	O
thầy	O
xem	O
tử	O
vi	O
bảo	O
có	O
thể	O
cuối	O
năm	O
cưới,	O
mà	O
giờ	O
ny	NORM
còn	O
chưa	O
có	O

Sợ	O
quá	O
seen	O
k	NORM
rep	O
luôn,	O
t	NORM
thật	O
khốn	O
nạn	O

humm	O
thấy	O
cx	NORM
dc	NORM
á	O
cj	O
bịch	O
z	NORM
cho	O
đỡ	O
thèm	O

Chua	O
lè	O
chua	O
lét	O
cno	NORM
thèm	O
vào	O
:)))	O

Tưởng	O
ai	O
hoá	O
ra	O
mấy	O
a	NORM
indo	O

Cho	O
dù	O
đi	O
nắng	O
ko	NORM
che	O
và	O
ngồi	O
làm	O
cả	O
ngày	O
cũng	O
hẻm	NORM
sao	O

Nguyễn	O
Gia	O
Phước	O
Hưng	O
gòy	NORM
song	NORM

nằm	O
trong	O
lòng	O
anh	O
khóc	O
dc	NORM
kh	NORM

vl	O
hồi	O
đó	O
có	O
ai	O
là	O
fan	O
của	O
dr.house	O
ko	NORM
nhỉ?	O

tr	NORM
bữa	O
nhà	O
t	NORM
11h	O
đêm	O
đg	NORM
ngồi	O
chơi	O
trc	NORM
nhà	O
nghe	O
mùi	O
khét	O
khét	O
may	O
lúc	O
đó	O
ba	O
t	NORM
đi	O
ra	O
sau	O
thấy	O
nổ	O
chỗ	O
sạc	O
á	O
tr	NORM
kh	NORM
cháy	O
nhà	O
r	NORM

Kiểu	O
nó	O
vậy	O
đòi	O
thì	O
dị	O
mà	O
k	NORM
đòi	O
thì	O
tức	O

Người	O
hèng	NORM
nên	O
sống	O
thảnh	O
thơi	O

"	O
Cậu	O
chủ	O
mời	O
em	O
bột	O
cậu	O
chủ	O
mời	O
em	O
pi	O
"	O
haha	O
dễ	O
thương	O
dữ	O
z	NORM
tr	NORM

Bình	O
tĩnh	O
thui	NORM
hông	NORM
gì	O
phải	O
vội,	O
mới	O
25	O
chứ	O
mấy	O
=)))))))	O

Rất	O
xứng	O
đáng	O
cho	O
sự	O
nỗ	O
lực	O
hết	O
mình	O
của	O
e.	NORM

Zuii	NORM
lắm	O
anh	O
ơi	O
lòng	O
em	O
rộn	O
ràng	O
như	O
mùa	O
Xuân	O
guê	NORM
hương	O
tươi	O
vui	O
trẩy	O
hội	O

nước	O
trong	O
quá	O
hok	NORM
quen	O
=))))))	O

về	O
suy	O
nghĩ	O
ngủ	O
khong	NORM
đuoc	NORM
cho	O
coi	O

Phải	O
hỏi	O
e	NORM
à	O
e	NORM
thích	O
ún	NORM
susu	O
hả,	O
hay	O
bánh	O
vặt	O
a	NORM
mua	O
thêm	O
cho	O
con	O
và	O
e	NORM
ăn	O
nhé,	O
dạy	O
quài	NORM
mà	O
cũng	O
quên	O

ko	NORM
tự	O
nhiên	O
mà	O
em	O
đòi	O
lấy	O
chồng	O
TQ	NORM
đâu	O
ạ	O

kco	NORM
xem	O
tóp	O
tóp	O
nữa	O
hihi	O

Vch	O
dâu	O
da	O
ăn	O
nhiều	O
ẻ	NORM
chải	NORM

2	O
vc	NORM
mình	O
tổng	O
lương	O
20tr,nuôi	O
con	O
hết	O
5tr,lãi	O
NG	O
hết	O
5tr,chi	O
phí	O
gia	O
đình	O
rớt	O
vào	O
khoảng	O
5tr,lương	O
thấp	O
mà	O
gặp	O
phải	O
cô	O
vợ	O
có	O
suy	O
nghĩ	O
què	O
cụt	O
thì	O
nhanh	O
nát	O
gia	O
đình	O
lắm	O

Đag	NORM
vừa	O
sạc	O
vừa	O
chơi	O
kiểu:))	O

Triệu	O
Lệ	O
Dĩnh	O
nét	O
trong	O
veo,	O
đẹp	O
xinh	O
quá	O
trừi	NORM
ưi	NORM

Hong	NORM
coá	NORM
khok	NORM
gì	O
hớtt	NORM

còn	O
nhỏ	O
bạn	O
tui	O
đi	O
nhậu	O
2h	O
sáng	O
mới	O
về	O
tới	O
nhà	O
mà	O
gọi	O
vs	NORM
nt	NORM
cho	O
n	NORM
liên	O
tục	O
từ	O
2h	O
sáng	O
tới	O
5	O
6h	O
chìu	NORM
hôm	O
sau	O
nó	O
ko	NORM
hồi	O
âm	O

kìa	O
bà	O
khởi	O
nghiệp	O
kiếm	O
xèng	NORM
học	O
lại	O
bơi	O

ủa	O
mik	NORM
tưởng	O
cái	O
này	O
ai	O
cg	NORM
bt	NORM

Ủa	O
tui	O
Bình	O
Định	O
mà	O
tui	O
nói	O
bth	NORM
mà	O
trời	O
:))))	O

Chơi	O
vs	NORM
nhau	O
từ	O
lơpd	NORM
3	O
đến	O
khi	O
lấy	O
vợ,	O
hơn	O
20	O
năm	O
mà	O
có	O
50tr	O
bạn	O
cũng	O
đánh	O
đổi	O

Sao	O
t	NORM
thấy	O
như	O
mặt	O
t	NORM
dễ	O
tính	O
nên	O
trừ	O
hồng	O
cánh	O
sen	O
thì	O
màu	O
nào	O
cũng	O
quất	O
nhỉ	O

Xin	O
lỗi,	O
t	NORM
ko	NORM
nhớ	O

Còn	O
deadline	O
chưa	O
làm	O
xong	O
thì	O
shao	NORM
được	O
ạ	O

Huỷ	O
theo	O
kiểu	O
đốt	O
thế	O
này	O
là	O
ko	NORM
tốt	O
cho	O
môi	O
trường	O
rồi	O

cần	O
j	NORM
tình	O
đầu	O
khi	O
cậu	O
có	O
tớ	O

T	NORM
cũng,	O
mấy	O
ng	NORM
nói	O
t	NORM
kiểu	O
gì	O
cũng	O
làm	O
đc	NORM
chuyện	O
lớn,	O
ng	NORM
nhà	O
đc	NORM
nhờ,…	O
mà	O
26	O
tuổi	O
nghe	O
bm	NORM
chửi	O
k	NORM

Ai	O
thông	O
não	O
hộ	O
vụ	O
j?	NORM

Giống	O
cô	O
Lee	O
Boojin	O
ghê,	O
thích	O
kiểu	O
đẹp	O
sắc	O
sảo	O
tri	O
thức	O
lắm	O
luôn,	O
nhan	O
sắc	O
có	O
thể	O
phai	O
nhạt	O
theo	O
thời	O
gian	O
nhưng	O
khí	O
chất	O
k	NORM
bao	O
giờ	O
biến	O
mất	O

Tất	O
cả	O
là	O
vì	O
e	NORM
ấy	O
xứng	O
đáng	O
được	O
nhận..cám	O
ơn	O
tất	O
cả	O

chân	O
thẳng	O
hơn	O
cả	O
giới	O
tính	O
của	O
t	NORM
:)))	O

ko	NORM
biết	O
sạch	O
thật	O
ko	NORM
nhưng	O
thấy	O
sạch	O
thật	O
mà	O
:)))))	O

Thích	O
thật	O
thì	O
k	NORM
dám	O
nói	O
gì	O
luôn	O
:)))	O

2	O
cột	O
45	O
tr	NORM
gây	O
thiệt	O
hại	O
20	O
tr	NORM
phạt	O
10	O
tr	NORM
thuê	O
xe	O
cẩu	O
10tr	O
……	O
xong	O

tnhin	NORM
thấy	O
cũm	NORM
dth	NORM

thỉnh	O
thoảng	O
t	NORM
cũng	O
hay	O
z=))	NORM

ai	O
chớ	O
nhỏ	O
là	O
p	O
20	O
ô	O
mapmo	NORM
khiêng	O
chứ	O
6	O
thì	O
hơi	O
ít	O

Hình	O
xem	O
có	O
hổ	O
ca	O
k	NORM
kìa	O

chủ	O
tịch	O
xuống	O
động	O
viên	O
e	NORM
nó	O
tí	O
đi	O

Đòi	O
mà	O
thầm	NORM
thò	O
thầm	NORM
thụt	O
cả	O
ngày	O
ko	NORM
dám	O
nt	NORM
nè,	O
rồi	O
mượn	O
người	O
ta	O
cũng	O
ko	NORM
dám	O
nè.	O

Gà	O
bảo	O
t	NORM
nằm	O
ko	NORM
cũng	O
ko	NORM
đk	NORM
yên	O
với	O
chúng	O
mày.	O

t	NORM
có	O
trong	O
gmail	O
lun	NORM
m	NORM

vụ	O
giàn	O
khoan	O
a	NORM
kể	O
cho	O
e	NORM
này,	O
đọc	O
đi	O
cho	O
có	O
tinh	O
thần	O
yêu	O
nc	NORM
:))	O

niềm	O
dzui	NORM
đầu	O
ngày,	O
chúc	O
2	O
bạn	O
dzuiii	NORM
nha	O

nhanh	O
thiệt,	O
t	NORM
mới	O
chỉ	O
coi	O
demo	O
cái	O
phim	O
lật	O
mặt	O
lên	O
đời	O
này,	O
mà	O
đã	O
thấy	O
page	O
chế	O
memes	O
rồi	O

Bác	O
về	O
nhà	O
mà	O
k	NORM
sắm	O
lấy	O
mấy	O
cái	O
mang	O
qua,	O
quê	O
hương	O
hàng	O
Hiệu	NORM
mà	O
k	NORM
biết	O
dùng	O

Đây	O
là	O
cái	O
gì	O
chứ	O
k	NORM
phải	O
thủy	O
ngân,	O
t	NORM
từng	O
làm	O
vỡ	O
nhiệt	O
kế	O
r	NORM

nước	O
phải	O
xanh	O
lẹt	NORM
mới	O
chịu	O

e	NORM
có	O
là	O
trai	O
thẳng	O
a	NORM
có	O
iu	NORM
e	NORM
hong	NORM
:)))	O

dô	NORM
đọc	O
cho	O
dui	NORM
đời	O

Còn	O
đi	O
trong	O
tp	NORM
cứ	O
nghĩ	O
mình	O
xe	O
ưu	O
tiên	O
đọc	O
loa	O
bóp	O
còi	O
như	O
mấy	O
anh	O
csgt.	O

ko	NORM
có	O
măng	O
cụt	O
chín	O
mà	O
ăn	O

Ủa	O
alo	O
bất	O
công	O
quákkk	NORM

Tôi	O
có	O
tận	O
13	O
anh	O
ck	NORM
cơ	O
mà	O
:)))	O

Ko	NORM
sao	O
em	O
ơi,	O
có	O
a	NORM
ở	O
đây	O
rồi	O

bạn	O
thân	O
chơi	O
j	NORM
lạ	O
dậy	NORM
bạn	O
thân	O

ko	NORM
pé	NORM
oi	NORM
c	NORM
2.5	O
nè	O

Ê	O
má	O
bố	O
chủ	O
thớt	O
giống	O
dương	O
địch	O
quá	O
dzị	NORM
=)))	O

Có	O
người	O
nuôi	O
bộ	O
trưởng	O
trước	O
em	O
ròi	NORM

Sen	O
said:	O
m	NORM
ko	NORM
ngờ	O
tới	O
đúng	O
ko	NORM

Zô	NORM
tri	O
hưởng	O
thái	O
bình	O

Mà	O
hình	O
như	O
cháu	O
cũng	O
chưa	O
bgio	NORM
hành	O
động	O
như	O
e.	NORM

Xong	O
cái	O
bà	O
hỏi	O
sao	O
h	NORM
lớn	O
lên	O
m	NORM
xấu	O
như	O
này,	O
nét	O
ngày	O
xưa	O
đi	O
đâu	O
hết	O
rồi,	O
sao	O
m	NORM
càng	O
lớn	O
càng	O
xú	NORM
à	O
Khóc	O
vaizz	NORM

không	O
có	O
việc	O
gì	O
phải	O
buồn	O
cả	O
lowps	NORM
hamx	NORM
không	O
luyến	O

K	NORM
cần	O
đợi	O
chín	O
đâu	O

K	NORM
phải	O
là	O
ng	NORM
rút	O
gươm	O
đầu	O
tiên	O
nhưng	O
sẽ	O
là	O
ng	NORM
tra	O
kiếm	O
vào	O
vỏ	O
sau	O
cùng.	O

Câu	O
chuyện	O
rấc	NORM
là	O
cảm	O
lạnh:))	O

phim	O
mcu	O
dc	NORM
tâng	O
bốc	O
quá	O
đà,	O
t	NORM
chỉ	O
thích	O
mấy	O
đợt	O
đầu,	O
chứ	O
sau	O
cái	O
infinity	O
war	O
chán	O
ỉa,	O
nhất	O
là	O
quả	O
end	O
games	O
chả	O
hay	O
gì	O

Nó	O
nói	O
:	O
bất	O
mãn	O
pà	NORM
nọi	NORM
này	O
lâu	O
rồi	O

cô	O
có	O
vậy	O
hok	NORM
cô	O

Nếm	O
lấy	O
bốn	O
chữ	O
hào	O
qyang	NORM
gực	NORM
gỡ	NORM

Hí	O
hí	O
k	NORM
có	O
tiền	O
mua	O
nên	O
bàn	O
tay	O
vẫn	O
tinh	O
nguyên	O

Bộ	O
tóc	O
sau	O
đó	O
còn	O
0	NORM
thì	O
0	NORM
biết	O

:)))))))))	O
1	O
năm	O
rồi	O
đọc	O
lại	O
để	O
giải	O
trí	O
nèoooo	NORM

Phải	O
bik	NORM
đúng	O
sai	O
nha	O

òm	NORM
vck	NORM
bạn	O
nuôi	O
tôi	O
nhé	O

Tự	O
dưng	O
câu	O
hát	O
"	O
Tình	O
mẹ	O
bao	O
lơ	NORM
như	O
biển	O
Thái	O
Bình	O
"	O
vang	O
lên	O
trong	O
đầu	O

Em	O
ko	NORM
bao	O
h	NORM
làm	O
việc	O
vs	NORM
những	O
n	NORM
ko	NORM
yêu	O
tiền	O

Vk	NORM
dùng	O
như	O
phá	O
ý	O

môn	O
mà	O
rất	O
nhiều	O
hs	NORM
kêu	O
ca	O
nhưng	O
khi	O
đã	O
có	O
nền	O
tảng	O
thì	O
đó	O
là	O
1	O
môn	O
gây	O
nghiệnn	NORM

độc	O
thân	O
hơn	O
hai	O
chục	O
năm	O
rùi	NORM
xin	O
thiên	O
hạ	O
đừng	O
làm	O
tui	O
mún	NORM
iu	NORM
đương	O

Thì	O
y	O
như	O
mình	O
mổ	O
dây	O
chằg	O
chéo	O
trc	NORM
thôi	O
:)))	O

Ko	NORM
trao	O
đổi	O
chính	O
là	O
cách	O
giết	O
chết	O
mọi	O
mối	O
quan	O
hệ,	O
chứ	O
ko	NORM
riêng	O
gì	O
hôn	O
nhân	O
đâu.	O

Trịnh	O
Sảng	O
của	O
t	NORM
vẫn	O
đóng	O
hay	O
hơn	O
mấy	O
đứa	O
này	O
còn	O
xinh	O
nữa	O

nè	O
ăn	O
lốp	O
xe	O
típ	NORM
đi	O

sau	O
này	O
t	NORM
sẽ	O
share	O
cho	O
ny	NORM
mới	O
của	O
m	NORM
kho	O
hình	O
nền	O
đth	NORM
cực	O
hiếm	O

Gặp	O
hs	NORM
của	O
tui	O
thì	O
còn	O
cái	O
gốc	O
thôi	O
:))	O

bới	O
bới	O
là	O
vô	O
í	NORM
thức	O
rồi	O
chị	O
gái	O
oiii	NORM

gia	O
đình	O
sức	O
khoẻ	O
tiền	O
mới	O
qt	O
bạn	O
ko	NORM
coa	NORM
thì	O
thôi	O

Lấy	O
nhau	O
3	O
năm	O
k	NORM
ai	O
tăng	O
cân	O

ôi,	O
ko	NORM
yêu	O
nữa	O
nói	O
đại	O
ra	O
cho	O
bớt	O
vương	O
vấn	O
để	O
bà	O
còn	O
có	O
thời	O
gian	O
yêu	O
ng	NORM
khác	O
nhé	O

Rồi	O
t	NORM
chuyển	O
từ	O
khối	O
A1	O
sang	O
Khối	O
A	O

cũng	O
gáng	NORM
tấp	O
xe	O
vô	O
lề	O
nghe	O

ng	NORM
Sóc	O
Trăng	O
nhưng	O
k	NORM
bt:)	NORM

chưa	O
làm	O
đc	NORM
cai	NORM
nao	NORM

nao	NORM
đi	O
siu	NORM
thị	O
làm	O
kiểu	O

Thou	NORM
schia	NORM
tiền	O
để	O
2	O
đứa	O
nói	O
xấu	O
lun	NORM

đi	O
học	O
hay	O
làm	O
trúa	NORM
hề	O
đâyy	NORM

Bạn	NORM
còn	O
tuyển	O
em	O
dâu	O
ko	NORM
em	O
giai	NORM
bạn	O
ngon	O
quáaaaa	NORM

Triệu	O
Lệ	O
Dĩnh	O
xinh	O
đẹp	O
như	O
mối	O
tình	O
đầu	O
trong	O
mơ	O
của	O
em	O
ngọt	O
ngào	O
thanh	O
thuần	O
quáaaaa	NORM

19t	O
lm	NORM
tháng	O
lương	O
3	O
triệu	O

Bà	O
t	NORM
nói	O
ngày	O
xưa	O
t	NORM
xinh	O
lắm,	O
dễ	O
thương	O
mà	O
thêm	O
quả	O
đầu	O
xoăn	O
tự	O
nhiên	O
nên	O
nhìn	O
lạ	O
lạ	O
mà	O
dễ	O
huông	NORM

6	O
tiền	O
án	O
thì	O
cho	O
về	O
rằm	O
vs	NORM
mồng	O
1	O
thôi	O
chứ	O
có	O
hối	O
cải	O
đâu	O

Làm	O
mình	O
nhớ	O
đến	O
c	NORM
Lee	O
Boo	O
Jin	O

coi	O
mà	O
cười	O
như	O
koan	NORM
điên	O
=))	O

Tiền	O
thì	O
a	NORM
ko	NORM
tiếc,	O
tiếc	O
cái	O
là	O
ko	NORM
coá	NORM
tiềng	NORM

hình	O
ảnh	O
của	O
t	NORM
hq	NORM
y	O
hệt	O
z	NORM
lun	NORM

Nó	O
k	NORM
sai	O
m	NORM
sai	O

Coi	O
cái	O
này	O
xong	O
muốn	O
khóc	O
zậy	NORM
chời	NORM

Môn	O
mình	O
sinh	O
ra	O
nhưng	O
ko	NORM
thể	O
lấy	O
đc	NORM
hcv	NORM
:]]]	O

mình	O
còn	O
đ	NORM
có	O
app	O
tiktok	O
nên	O
m	NORM
nghèo	O
vcl	O

chứ	O
khom	NORM
phải	O
chảnh	O
âu...	NORM

Ng	NORM
đâu	O
rước	O
rể	O
về	O
dinh	O

tụi	O
m	NORM
học	O
tới	O
đâu	O
r:))))	NORM

ny	NORM
a	NORM
đang	O
học	O
mẫu	O
giáo	O
=)))	O

t	NORM
đang	O
mở	O
quạt	O
dù	O
dù	O
dù	O
dù	O
=)	O

Cơ	O
mà	O
Amber	O
biểu	O
cảm	O
như	O
vậy	O
vs	NORM
cái	O
đoạn	O
hú	O
fail	O
lòi	O
của	O
Chi	O
Pu	O
thì	O
thấy	O
nó	O
không	O
hợp	O
lý	O
lắm,	O
hay	O
là	O
con	O
Xoài	O
cắt	O
ghép	O
nhỉ	O

mình	O
có	O
thể	O
cắn	O
bớt	O
mỡ	O
ra	O
mà	O
nhiều	O
bạn	O
bây	O
h	NORM
thoải	O
mái	O
quá	O
nên	O
dường	O
như	O
quên	O
mất	O
cách	O
hành	O
xử	O
trước	O
mặt	O
ng	NORM
lớn	O
nhỉ	O

Ai	O
thấy	O
vui	O
chứ	O
t	NORM
thấy	O
hơi	O
cấn	O
cấn,ck	NORM
t	NORM
thì	O
t	NORM
có	O
uống	O
cả	O
thùng	O
cũng	O
chẳng	O
biết,vì	O
bận	O
kiếm	O
tiền	O
á	O
mấy	O
cha,rảnh	O
rỗi	O
đi	O
đếm	O
từng	O
hộp	O
sữa	O
ds.	NORM

mẹ	O
xin	O
lỗi	O
tại	O
mồm	O
mẹ	O
đau	O
ko	NORM
ăn	O
đc	NORM
cơm	O
nên	O
lỡ	O
uống	O
vụng	O
của	O
con	O
1	O
hộp	O
sữa	O
bột	O
pha	O
sẵn	O

Ủa	O
nma	NORM
trừ	O
quả	O
chanh	O
thì	O
đồ	O
cắt	O
dở	O
hay	O
vd	NORM
thức	O
ăn	O
dư	O
bỏ	O
tủ	O
phải	O
bọc	O
lại	O
chứ	O
ạ,	O
giả	O
sử	O
ko	NORM
dùng	O
màng	O
bọc	O
tp	NORM
thì	O
cũng	O
phải	O
cho	O
vô	O
hộp	O
hoặc	O
bỏ	O
túi	O
bóng	O
buộc	O
lại	O
chứ	O
ta,	O
sợ	O
mùi	O
các	O
thứ	O
ám	O
nhau	O
vs	NORM
nhiễm	O
khuẩn	O
chéo	O
lắm	O

Chơi	O
hoài	O
ko	NORM
qua	O
1	O
bàn	O

ngó	O
chứ	O
coi	O
chừng	O
nằm	O
quẹo	O
cột	O
sống	O
đoá	NORM

Cuộc	O
sống	O
mà,	O
ko	NORM
có	O
bất	O
ngờ	O
đâu	O
phải	O
là	O
cuộc	O
sống	O
@@	O

nhiều	O
lắm	O
mà	O
chưa	O
baoh	NORM
khók	NORM
:))	O

Nam	NORM
mí	NORM
con	O
sau	O
này	O

Thì	O
mn	NORM
nói	O
đúng	O
mòa	NORM

Bán	O
cái	O
mắc	O
cài	O
kiếm	O
zài	NORM
chục	O
củ	O
mua	O
máy	O
lạnh	O
ik	NORM
pà	NORM

sinh	O
nhật	O
chơi	O
dữ	O
z	NORM
pà	NORM

Mãng	O
cầu	O
xanh	O
vừa	O
hôi	O
vừa	O
ngái	O
mà	O
ăn	O
gỏi	O
đc	NORM
luôn	O
á	O

VN	O
mình	O
dị	NORM
là	O
đỡ,	O
những	O
nc	NORM
tôn	O
sùng	O
việc	O
tự	O
do	O
tôn	O
giáo	O
thì	O
dị	O
giáo	O
nhiều	O
cực	O
kì	O
và	O
siêu	O
lộng	O
hàng	NORM
luôn	O
í.	NORM

Rồi	O
đến	O
mùa	O
măng	O
cụt	O
ko	NORM
có	O
măng	O
cụt	O
chín	O
để	O
ăn	O
luôn	O

thầy	O
nguu	NORM
quá.thầy	O
ăn	O
cơm	O
tù	O
vừa	O
rồi	O

Hoi	NORM
mà	O
đừng	O
có	O
khox'	NORM
=)))	O

mình	O
thấy	O
cái	O
này	O
có	O
lợi	O
là	O
nhanh	O
nhưng	O
nhiều	O
lúc	O
cũng	O
sai	O
ấy	O
cảm	O
giác	O
chấm	O
sai	O
oan	O
cho	O
hs	NORM
dã	O
man	O

Hướng	O
nội	O
chứ	O
có	O
bị	O
khùng	O
đâu	O
mà	O
k	NORM
đòi	O
:>>	O

Một	O
chút	O
ngọt	O
ngào	O
cho	O
sáng	O
t2	O
toàn	O
cớt	NORM
à	O

Câu	O
chiện	NORM
rất	O
cười	O
tôi	O
đã	O
hài	O

Bài	O
viết	O
cũng	O
ko	NORM
có	O
ý	O
chê	O
bai	O
những	O
ng	NORM
lương	O
thấp	O
đâu	O
nên	O
mn	NORM
đừng	O
hiểu	O
sai	O
ý	O

háy	O
cũg	NORM
hợp	O
lý	O
hơ	O

hãy	O
thấu	O
hỉu	NORM
cho	O
bé	O
Thu	O

Hiện	O
tại	O
chắc	O
rén	O
rén	O
củng	NORM
ko	NORM
có	O
nhiu	NORM
người	O
ha.	O

hãy	O
động	O
viên	O
những	O
người	O
có	O
công	O
với	O
đất	O
nc..	NORM

Txe	NORM
chắc	O
mua	O
bằng	O
rồi	O

cố	O
gắng	O
thi	O
tút	NORM
xongg	NORM
ik	NORM
gòi	NORM
nhụm	NORM
tóc	O
kekee	O

thế	O
bỏ	O
mịa	NORM
rồi	O
:))	O

tha	O
hồ	O
luôn	O
mí	NORM
đứa	O

Có	O
tiền	O
t	NORM
cx	NORM
thuê	O
báo	O
để	O
đc	NORM
đăng	O
lên	O
ntn	O

Ủa	O
ngta	O
vẫn	O
đang	O
hạnh	O
phúc	O
mà	O
jz	NORM
:))))))))))	O

e	NORM
ăn	O
thạch	O
của	O
Bin	O
:)))	O
và	O
cái	O
kết	O
đau	O
đầu.	O

pónk	NORM
ngựa	O
vô	O
nhận	O
hàng	O
nè	O

Thứ	O
gì	O
đâu	O
ngu	O
ngục,	O
tự	O
hứa	O
vs	NORM
lòng	O
phải	O
sống	O
ác	O
lên	O
mí	NORM
đc	NORM

Còn	O
t	NORM
thì	O
mún	NORM
xem	O
ông	O
trời	O
vàng	O
ntn	O
:))	O

Nhưng	O
mà	O
k	NORM
ăn	O
đc	NORM
thịt	O
mỡ	O
thật	O
xin	O
lỗi,	O
lần	O
sau	O
tôi	O
không	O
ăn	O
thịt	O
nứaaaa	NORM

Ng	NORM
hen	NORM
huong	NORM
thai	NORM
binh	NORM

Khách	O
như	O
anh	O
trg	NORM
ảnh	O
thì	O
đc:3	NORM

zang	NORM
hồ	O
nhưng	O
đáng	O
eww.	NORM

Vì	O
e	NORM
quá	O
xứng	O
đáng	O

Đây	O
là	O
tiểu	O
học	O
phải	O
trường	O
toi	NORM
thì	O
còn	O
mỗi	O
thân	O
với	O
lá	O
cây	O
sợ	O
lá	O
còn	O
k	NORM
có	O
ý	O

cho	O
vài	O
trăm	O
đi	O
Đài	O
làoooo	NORM
bạn	O
ơi	O

Đã	O
vô	O
duyên	O
còn	O
kèm	O
theo	O
chứng	O
ngây	O
thơ	O
rồi	O
giờ	O
bồi	O
thêm	O
quả	O
oan	O
thị	O
màu	O
nữa	O
thì	O
em	O
tôi	O
hết	O
nc	NORM
chấm	O

chú	O
t	NORM
mãi	O
đỉnh	O
..kkk	O

gòi	NORM
gòi	NORM
định	O
hướng	O
tương	O
lai	O

Thật	O
ra	O
m.n	O
cũng	O
k	NORM
nên	O
nặng	O
lời	O
quá	O
,	O
biết	O
là	O
có	O
lỗi	O
nhưng	O
mà	O
chàng	O
trai	O
dẫn	O
cô	O
gái	O
về	O
ra	O
mắt	O
cũng	O
có	O
1	O
phần	O
k	O
tinh	O
ý	O
lắm,	O
vì	O
ny	O
k	O
ăn	O
được	O
thịt	O
mỡ	O
mà	O
lại	O
k	NORM
để	O
ý	O
lúc	O
cô	O
nàng	O
gắp	O
,	O
có	O
thể	O
là	O
em	O
gái	O
này	O
cũng	O
chỉ	O
là	O
có	O
thói	O
quen	O
không	O
tốt	O
1	O
chút	O
thôi	O
,	O
vẫn	O
có	O
thể	O
sửa	O
được	O
,	O
m.n	O
không	O
nên	O
nặng	O
lời	O
quá	O

Ra	O
ngoại	O
truyện	O
ik	NORM
mà	O

chắc	O
phải	O
ra	O
ngoài	O
hít	O
thở	O
ko	NORM
khí	O
mới	O
dc	NORM

Cái	O
chuyện	O
bánh	O
mì	O
que	O
cưng	O
zị	NORM

Đó	O
còn	O
chưa	O
kể	O
nhiều	O
ng	NORM
thực	O
sự	O
ko	NORM
có	O
bạn	O
thân	O
nhất	O

2	O
quả	O
hồng	O
xiêm	O
xanh	O
trong	O
tủ	O
chắc	O
cũng	O
ntn	O
r	NORM
=)))	O

không	O
biết	O
thế	O
lực	O
nào	O
đã	O
khiến	O
tôi	O
kiên	O
nhẫn	O
đọc	O
hết	O
câu	O
chụyn	NORM
này	O

tui	O
qua	O
đó	O
chơi	O
1	O
lần	O
1	O
dịp	O
não	NORM
đó	O
lâu	O
lắm	O
r	NORM

Cặp	O
du	O
khách	O
này	O
tức	O
tới	O
nổi	O
chỉ	O
ở	O
đó	O
vài	O
tiếng	O
r	NORM
đi	O
luôn	O

Ko	NORM
phải	O
mỗi	O
ban	O
cán	O
sự	O
mới	O
là	O
ng	NORM
có	O
ý	O
thức	O
đâu=)))	O

T	NORM
cũng	O
đang	O
tìm	O
1	O
cặp	O
về	O
nuôi	O
cho	O
dui	NORM
nhà	O
dui	NORM
cửa	O

Tôi	O
kb	NORM
con	O
nhà	O
khác	O
như	O
nào,	O
chứ	O
con	O
nhà	O
tôi	O
hồi	O
4	O
tháng	O
cứ	O
đòi	O
ăn	O
mỳ	O
cay,	O
rồi	O
thịt	O
chó,	O
bún	O
bò	O
huế	O
thôi	O

thương	O
em	O
quá,	O
chỉ	O
muốn	O
ôm	O
em	O
vào	O
lòng	O
vỗ	O
về	O
e	NORM
thôi......	O

có	O
tiếng	O
nói	O
trg	NORM
lớp	O
là	O
đc	NORM
r	NORM
ko	NORM
cần	O
chức	O
vụ	O

sút	O
thế	O
thì	O
coutoir	O
+10	O
cũng	O
ko	NORM
bắt	O
dc	NORM
=))	O

tui	O
bịa	O
về	O
một	O
cu	NORM
géi	NORM
học	O
chung	O
c1	O
mà	O
k	NORM
còn	O
chơi	O
nữa	O
vs	NORM
lời	O
văn	O
y	O
hệt	O
như	O
tui	O
tả	O
mẹ	O
tui,em	O
gái	O
tui,	O
cô	O
giáo	O
tui	O
và	O
pha	O
thêm	O
chút	O
bà	O
tui	O
nữa	O

T	NORM
đã	O
bảo	O
admin	O
cắn	O
nửa	O
viên	O
thôi	O
cắn	O
cả	O
viên	O
làm	O
gì	O

Tôi	O
quê	O
36	O
,	O
xl	NORM
bác	O
tài	O

Ko	NORM
ấy	O
mình	O
chuyển	O
qua	O
gỏi	O
vịt	O
đi	O
đc	NORM
hem,	NORM
cho	O
gà	O
nó	O
còn	O
mọc	O
lông	O
nách	O
nữa	O
chứ	O
ăn	O
riết	O
như	O
này	O
thì	O
còn	O
đâu	O

Riết	O
rồi	O
cái	O
qq	O
j	NORM
cũng	O
đem	O
trộn	O
gỏi	O

Chưa	O
hiểu	O
tại	O
sao	O
đi	O
làm	O
đồng	O
nghiệp	O
ít	O
giao	O
tiếp	O
là	O
ko	NORM
ổn,	O
việc	O
ai	O
người	O
nấy	O
làm,	O
làm	O
tốt	O
công	O
việc	O
của	O
mình	O
là	O
được	O
mà	O

thông	O
minh	O
đột	O
xuất	O
z	NORM
nè	O

Vai	O
với	O
eo	O
nó	O
bé	O
m	NORM
ơi	O
:)))	O

Cô	O
Hoá	O
mình	O
dạy	O
chỉ	O
có	O
lấy	O
bột	O
kẽm	O
mơi	NORM
gom	O
nó	O
lại	O
đc	NORM

Chứ	O
ai	O
vô	O
duyên	O
như	O
e	NORM
mà	O
trogn	NORM
bữa	O
cơm	O
chả	O
lẽ	O
mẹ	O
b	NORM
trai	O
lại	O
bảo	O
sao	O
cháu	O
vô	O
duyên	O
thế	O
ăn	O
cứ	O
bới	O
à?	O
Bác	O
gái	O
thế	O
là	O
lsu	NORM
rồi	O
đấy	O

hnao	O
tổ	O
chức	O
cho	O
em	O
péo	NORM
=))	O

Uoc	NORM
j	NORM
được	O
đi	O
concert	O
anh	O
FKJ	O

má	O
ơi	O
đẹp	O
quá	O
mê	O
li	O
lunnn	NORM

cuối	O
cùng	O
cũng	O
lên	O
bài	O
để	O
tag	O
dc	NORM
r	NORM

Của	O
t	NORM
và	O
của	O
ck	NORM
t	NORM

tau	NORM
thấy	O
mình	O
trong	O
đây	O
:)))	O

Măng	O
cục	O
chín	O
ăn	O
ngon	O
thì	O
ko	NORM
ăn	O

Chắc	O
tại	O
toy	NORM
khum	NORM
rep	O
nên	O
họ	O
ghost	O
toy	NORM

Ad	O
mà	O
làm	O
phim	O
thu	O
400-500	O
tỷ	O
thì	O
người	O
ta	O
ko	NORM
đuổi	O
xuống	O
đâu	O

ko	NORM
ngờ	O
luôn,	O
bất	O
ngờ	O
với	O
sự	O
đổi	O
đời	O
nay	NORM

chúc	O
e	NORM
và	O
cún	O
về	O
ăn	O
Tết	O
cùng	O
gd	NORM
vv	NORM
và	O
hp	NORM
nhé	O
e	NORM

tau	NORM
cũng	O
hong	NORM
bít	NORM
nựa	NORM

nè,	O
kẹt	O
xe	O
là	O
do	O
này	O
nèkk	NORM

học	O
cách	O
cảm	O
nhận	O
trước	O
i,	NORM
mụt	NORM
ngày	O
nào	O
đó	O
pạn	NORM
sẽ	O
nhận	O
được	O
món	O
quà	O
này	O

dt	NORM
tao	O
củ	NORM
quá	O
rồi	O
ku	NORM
ơi	O

Lệch	O
1	O
ngày	O
nma	NORM
vẫn	O
ok	O

Hoi	NORM
kiệm	O
lời	O
đi	O
nói	O
sao	O
thì	O
vẫn	O
v	NORM
thoi:))	O

Em	O
gái	O
ko	NORM
có	O
lỗi	O
nha	O

ăn	O
hôk	NORM
bé	O
anh	O
mua	O
cho	O
1	O
bịch	O
ăn	O
dần	O

Thỉnh	O
thoảng	O
tụi	O
nó	O
phải	O
nghe	O
bằng	O
tiếng	O
anh	O
kh	NORM
bt	NORM
có	O
hỉu	NORM
kh	NORM
nữa	O
=))	O

hòi	NORM
đó	O
t	NORM
có	O
cuốn	O
truyện	O
cộng	O
dây	O
chuyền	O
ma	NORM
hình	O
j	NORM
đó	O
quên	O
r	NORM
mà	O
ghê	O
lắm	O

đằng	O
này	O
ko	NORM
có	O
1	O
tý	NORM
kiến	O
thức	O
nào	O
luôn	O

Còn	O
đây	O
là	O
t	NORM
khi	O
đi	O
đòi	O
nợ	O
nỡ	O
lòng	O
nào	O
chứ	O
???	O

Thấy	O
dàn	O
dựng	O
sân	O
khấu	O
đẹp	O
nhưng	O
bản	O
phối	O
k	NORM
hay...	O

Giày	O
da	O
cao	O
cấp	O
mới	O
mn	NORM
thăm	O
trang	O

đêm	O
cbi	NORM
ngủ	O
mà	O
cười	O
như	O
chó	O

Cp	O
thì	O
cũng	O
dễ	O
thương	O
nhưng	O
mà	O
bớt	O
để	O
CP	O
lên	O
2note	O
đc	NORM
ko	NORM
z	NORM
đang	O
coi	O
thấy	O
cx	NORM
ổn	O
ổn	O
mà	O
tới	O
đoạn	O
2note	O
t	NORM
chịu	O
khum	NORM
nổi	O
mà	O
phải	O
phì	O
cười	O

giờ	O
thì	O
không	O
có,	O
nhma	NORM
hồi	O
cấp	O
3,	O
cứ	O
mỗi	O
một	O
vài	O
đêm	O
sẽ	O
là	O
1	O
đêm	O
cứ	O
nghĩ	O
rằng:	O
à	O
nếu	O
mình	O
chết	O
đi	O
thì	O
chắc	O
mng	NORM
sẽ	O
vui	O
lắm,	O
sẽ	O
mở	O
cmn	O
tiệc	O
ra	O
để	O
ăn	O
mừng	O
=)))	O

Mãi	O
mãi	O
ở	O
vứi	NORM
mẹ	O

gọi	O
là	O
mì	O
căn	O
mà	O
đó	O
h	NORM
mk	NORM
gọi	O
sai	O
tên	O

chơi	O
zìa	NORM
rớt	O
cái	O
nách…	O

thấy	O
người	O
tồi	O
tệ	O
tim	NORM
r	NORM
đók	NORM

Vô	O
lý	O
thật	O
gầy	O
hết	O
phần	O
ng	NORM
khác	O

Chứ	O
mà	O
hỏi	O
có	O
muốn	O
hay	O
ko	NORM
thì	O
dở	O
gòiii	NORM

Con	O
gì	O
chứ	O
k	NORM
phải	O
con	O
ngườii	NORM

Nma	NORM
ví	O
dụ	O
cái	O
áo	O
là	O
thế	O
nào	O
vậy	O
mn,	O
nó	O
có	O
hoán	O
dụ	O
gì	O
với	O
câu	O
hỏi	O
bên	O
trên	O
ko	O
mà	O
mình	O
đọc	O
mãi	O
ko	NORM
hiểu?	O
:d	O

chx	NORM
chắc	O
đã	O
giống	O
đâu	O

Ngta	NORM
đang	O
nói	O
mình	O
phải	O
k	NORM
vk	NORM

ai	O
cũng	O
bận	O
chứ	O
rảnh	O
đâu	O
mà	O
ngồi	O
suy	O
nghĩ	O
nên	O
nt	NORM
nhắc	O
tiếp	O
hay	O
không!	O

Ông	O
e	NORM
tui	O
cũng	O
hay	O
buộc	O
cho	O
tui,	O
dù	O
phải	O
nhờ	O
và	O
nó	O
cũng	O
lèm	O
bèm	O
nhưng	O
vẫn	O
thấy	O
thằng	O
nhỏ	O
dệ	NORM
huông.	NORM

t	NORM
cần	O
tìm	O
ảnh	O
này	O
lưu	O
về	O
trong	O
whatsapp	O
của	O
t	NORM

Thachs	NORM
bn	NORM
giận	O
thk	NORM
ny	NORM
bn	NORM
1	O
ngày	O
đấy	O

Bỗng	O
chốc	O
giá	O
lại	O
tăng	O
đáng	O
kể,	O
khổ	O
nhưnzg	NORM
ng	NORM
dân	O
ăn	O
gà	O
chân	O
chính	O
kkkkk	O

Lâu	O
ồi	NORM
hông	NORM
dc	NORM
đi	O

2	O
túi	O
ni	NORM
hết	O
trong	O
2ph	O

đang	O
măm	O
bánh	O
tráng	O
thì	O
hs	NORM
đến	O
hỏi	O

19t	O
b	NORM
làm	O
đc	NORM
cái	O
j	NORM

xin	O
lời	O
khuyên	O
từ	O
cao	O
nhân	O
cho	O
chị	O
gái	O
kia	O
biết	O
mk	NORM
sai	O
ở	O
đâu	O
điii	NORM

có	O
thâu	NORM
ngay	O
đi	O
hông	O

Tui	NORM
cần	O
quyền	O
trợ	O
giúp	O
để	O
trl	NORM
câu	O
hỏi	O
này=))	O

Thực	O
sự	O
nói	O
ra	O
chắc	O
bị	O
chử.i	NORM
nhưng	O
chương	O
trình	O
đang	O
sang	O
cảm	O
thấy	O
bớt	O
sang	O
hẳn	O
huhuuuuuuuuuuu.	O

Làm	O
như	O
cương	O
thi	O
dzậy	NORM
ó	NORM
"quỷ	O
nhân"	O

Chẳng	O
cần	O
chờ	O
ngta	NORM
gửi	O
giấy	O
nựa	NORM
:)))	O

gắng	O
lơn	NORM
pà	NORM
ưi	NORM
:))	O

Đấy	O
cái	O
cần	O
rút	O
kinh	O
phí	O
chăm	O
sóc	O
VĐV	NORM
có	O
thành	O
tích	O
cấp	O
nhà	O
nước	O
thì	O
không	O
chú	O
tâm.	O

Đứng	O
tên	O
dùm	NORM
thôi	O
mấy	O
má	O
ơiiii	NORM

Có	O
khi	O
,	O
chờ	O
ck	NORM
nó	O
lớn	O

Mẹ	O
tao:	O
“tao	O
k	NORM
bênh,	O
đứa	O
nào	O
đúng	O
t	NORM
bảo	O
đúng	O
NHƯNG	O
m	NORM
nhường	O
nó	O
cho	O
đỡ	O
ngậu	O
nhà	O
đc	NORM
k???”	NORM

vãi	O
cả	O
cho	O
vay	O
,	O
e	NORM
đây	O
khiếp	O
ba	O
đời,ngu	O
thì	O
phải	O
chịu	O

1	O
pha	O
chốt	O
kèo	O
win	O
thông	O
5	O
nhát	O
cho	O
ae	NORM

Quyên	O
dắt	O
tui	O
đi	O
siêu	O
thị	O
để	O
chộp	NORM
hình	O
vs	NORM
Nym	O
coi	O

bau	NORM
troi	NORM
ay	NORM
la	NORM
co	NORM
that	NORM

muốn	O
nuôi	O
con	O
này	O
đc	NORM
hơm	NORM

xem	O
đỏ	O
bằng	O
mình	O
kh	NORM
thôi	O
ấy	O
mà	O
=))	O

Hùi	NORM
đấy	O
cũng	O
nghĩ	O
nếu	O
có	O
ai	O
mà	O
bị	O
bệnh	O
này	O
chắc	O
người	O
thân	O
đau	O
khổ	O
lắm,	O
vì	O
nhìn	O
ng	NORM
ta	O
sống	O
ko	NORM
bằng	O
chết	O
ik.	NORM

Ngừi	NORM
hèng	NORM
hưởng	O
thái	O
pìnk	NORM

Thật	O
quan	O
tâm	O
làm	O
gì,	O
mí	NORM
cả	O
mình	O
đánh	O
giá	O
thật	O
mờ	NORM
đâu	O
có	O
giả	O
dúi	NORM
miếng	O
nào	O
đâu	O
:))	O

nhỉ	O
áo	O
tím	O
có	O
cái	O
áo	O
đi	O
thi	O
toán	O
KICM	O
chắc	O
luôn	O
tại	O
t	NORM
cx	NORM
có	O
nhg	NORM
nhỏ	O
ngựa=)	O

Đúng	O
là	O
Dậu	O
gặp	O
năm	O
Mão	O
là	O
trực	O
xung	O
r	NORM

s	NORM
tự	O
nhiên	O
xem	O
bức	O
ảnh	O
rồi	O
đọc	O
tus	O
t	NORM
ngĩ	NORM
ngay	O
đến	O
bạn	O
Ô	NORM
lun	NORM
á	O

ê	O
sao	O
t	NORM
thấy	O
giống	O
m	NORM
vậy	O
=))))	O

Định	O
lớn	O
lên	O
kiếm	O
đc	NORM
tiền	O
xem	O
LP	O
mở	O
concert	O
đâu	O
trong	O
Châu	O
Á	O
thì	O
sẽ	O
đi	O
bất	O
chấp	O
1	O
mình	O
cũng	O
đc	NORM

K	NORM
lấy	O
ck	NORM
thì	O
về	O
già	O
sẽ	O
khổ,nhưng	O
lấy	O
ck	NORM
thì	O
khổ	O
từ	O
lk	NORM
lấy	O
đến	O
hết	O
đơi	NORM

Ý	O
là	O
muốn	O
thấy	O
nó	O
màu	O
đỏ	O
cam,	O
đỏ	O
hồng,	O
đỏ	O
gạch,	O
đỏ	O
nâu	O
hay	O
đỏ	O
thuần	O
gì	O
đó	O
hẳ	NORM

Ngồi	O
ngắm	O
nhan	O
sắc	O
của	O
mấy	O
mẻ	O
thôi	O
là	O
đc	NORM
rùiiii	NORM

ụa	O
phải	O
z	NORM
hong	O
mấy	O
bà	O

Rồi	O
cái	O
qq	NORM
gì	O
cũng	O
live	O
đc	NORM
vậy	O

phim	O
hay	O
nha	O
ae	NORM
:))))	O

Anh	O
hong	O
zô	NORM
tâm,	O
anh	O
zô	NORM
tư	O

Chưa	O
thấy	O
thằng	O
nào	O
đấm	O
t.	NORM

có	O
lụ	NORM
đạn	O
k	NORM
chị	O

Thì	O
gọt	O
làm	O
j	NORM
nữa	O
đang	O
k	NORM
có	O
măng	O
cụt	O
chín	O
để	O
mà	O
ăn	O
đâyy	NORM

Mặc	O
ra	O
đg	NORM
chưa	O
đc	NORM
1	O
lúc	O
có	O
xíu	O
mồ	O
hôi	O
nó	O
bẩn	O
vcc	O

Mình	O
chắc	O
hướng	O
linh	O
tinh	O
ngta	NORM
giận	O
xong	O
dỗ	O
ngta	NORM

ny	NORM
cao	O
to	O
trắng	O
trẻo	O
chưa	O
này	O

Hong	NORM
nha,	O
tuy	O
t	NORM
hướng	O
nội	O
nhưng	O
mà	O
hứa	O
ngày	O
nào	O
trả	O
thì	O
thì	NORM
phải	O
trả	O
nhé,	O
còn	O
tới	O
ngày	O
đó	O
mà	O
ko	NORM
có	O
thì	O
phải	O
nói	O
t	NORM
1	O
tiếng,	O
hẹn	O
hôm	O
khác	O
mà	O
hôm	O
đó	O
bảo	O
ko	NORM
có	O
nữa	O
thì	O
tự	O
biết	O
nhá,	O
chứ	O
sợ	O
mất	O
lòng	O
gì	O
tầm	O
này	O

tam	O
tai	O
thái	O
tuế	O
của	O
gà	O
với	O
mãng	O
cầu	O
r	NORM

t	NORM
biết	O
m	NORM
nghĩ	O
gì	O
nhưng	O
t	NORM
thấy	O
hài	O
hước	O
quá	O

e	NORM
e	NORM
thật	O
xứng	O
đáng	O
đc	NORM
nhận	O

Hình	O
ảnh	O
tương	O
lai	O
học	O
qsu	NORM

Hỏi	O
vay	O
thì	O
k	NORM
ngại.	NORM

xong	O
cũng	O
chia	O
tay	O
thoi	NORM
=)))	O

anh	O
ơi	O
anh	O
ra	O
công	O
thức	O
nước	O
sốt	O
cháy	O
bơ	O
tỏi	O
đi	O
an	NORM

nói	O
tới	O
z	NORM
mà	O
hong	NORM
chịu	O
nhận	O

Chúng	O
toy	NORM
mún	NORM
ăn	O
măng	O
cụt	O
chínnn	NORM
,	O
đợi	O
mãi	O
chưa	O
đến	O
mùaaaa	NORM

êk	NORM
tương	O
lai	O
của	O
em	O
nè	O
Thanh	O
Thảnh	O
thơi	O

Đã	O
sai	O
r	NORM
lại	O
còn	O
gọi	O
hội	O
ra	O
đánh	O
đúng	O
là	O
đàn	O
bà	O

Rất	O
nhiều	O
người	O
đọc	O
xong	O
ko	NORM
tin	O
và	O
cười	O
cợt	O
cho	O
rằng	O
bài	O
báo	O
bịa	O
đặt	O

cũng	O
hay	O
kêu	O
toi	NORM
coi	O

T	NORM
còn	O
tự	O
tưởng	O
tượng	O
lúc	O
mình	O
ngỏm	NORM
thì	O
mọi	O
người	O
sẽ	O
ntn	O
kìa	O
:))))	O

Để	O
dành	O
về	O
nhà	O
r	NORM
cười	O

Chứ	O
sao	O
nữa	O
má,	O
moãi	NORM
ngon	O
zaii	NORM

Tự	O
nhiên	O
t	NORM
thấy	O
bả	O
hát	O
cũng	O
hay	O
,	O
bị	O
tháo	O
túng	O
tâm	O
lý	O
hay	O
gì	O
trời	O

Disney	O
có	O
tuyển	O
vai	O
câm	O
ko	NORM
e	NORM
ko	NORM
bt	NORM
nói	O
tiếng	O
anh	O

Nhà	NORM
bạn	O
kia	O
phải	O
kiện	O
đến	O
cùng	O
cho	O
cái	O
nhà	O
này	O
bớt	O
hung	O
hăng	O
n	NORM
g	NORM
u	NORM
học	O
đi	O

giống	O
t	NORM
hồi	O
lớp	O
1	O

may	O
cho	O
m	NORM
là	O
mày	O
k	NORM
cận	O
ấy	O

Không	O
biết	O
còn	O
đứa	O
nào	O
nhớ	O
năm	O
lớp	O
6	O
trong	O
giờ	O
TA	NORM
t	NORM
giới	O
thiệu	O
mình	O
là	O
"	O
i	O
am	O
Nam"	O
Không:)))	O

coi	O
chừg	NORM
nha	O
cục	O
dàng	NORM

"bất	O
ngờ	O
chưa	O
con	O
bum	NORM
búm?"	NORM

ủa	O
sao	O
em	O
chơi	O
ác	O
dị,	NORM
sao	O
em	O
nở	NORM
lòng	O
đăng	O
lên	O
cho	O
mậu	NORM
ngừ	NORM
thấy	O
dị	NORM

Cty	NORM
này	O
có	O
thật	O
khum	NORM
mn	NORM

:)))))	O
mát	O
xa	O
mà	O
sao	O
tự	O
nhin	NORM
mún	O
gần	O
ghê	O

Đặng	O
Nhựt	O
Tảo	O
nhìn	O
zui	NORM
hong	NORM
nè	O
:))	O

cú	NORM
tui	O
x3	O
thoát	O
khỏi	O
sự	O
trầm	O
Zn	NORM
của	O

bố	O
mẹ	O
bảo	O
học	O
ngân	O
hàng	O
sau	O
về	O
có	O
người	O
dìu	O
dắt	O
từng	O
bước,	O
chỉ	O
cần	O
đi	O
theo	O
thôi	O
hong	NORM
chịu,	O
nhất	O
nhất	O
đòi	O
học	O
truyền	O
thông	O
báo	O
chí	O
:))	O

Thật	O
ghét	O
nhất	O
ai	O
ăn	O
mà	O
cứ	O
bới	O
bới,	O
xong	O
bonus	O
thêm	O
quả	O
mút	O
nữa	O
thì	O
ối	O
zời	NORM
ơi	O
thực	O
sự	O

Còn	O
t	NORM
thì	O
cuối	O
h	NORM
đi	O
chép	O
bài	O
của	O
bạn	O
khác,	O
nộp	O
bài	O
xong	O
nó	O
kêu	O
t	NORM
là	O
có	O
khi	O
sai	O
1	O
câu	O
r,	NORM
t	NORM
bảo	O
kệ	O
điểm	O
cao	O
quá	O
cô	O
nghi,	O
có	O
bài	O
là	O
đc	NORM

T	NORM
nhìn	O
mà	O
t	NORM
khok	NORM
á	O

có	O
dì	NORM
đó	O
k	NORM
đúng	O
vs	NORM
gđ	NORM
ctoi	NORM

Ngồi	O
im	O
ty	NORM
sẽ	O
tới	O
àh	NORM

chúc	O
vui	O
vẻ	O
hp	NORM
nhiều	O
tiền	O

giảm	O
cân	O
k	NORM
khó	O
bạn	O
êy	NORM

bạn	O
bè	O
đàng	O
hoàng	O
nào	O
biết	O
là	O
ko	NORM
dám	O
kết	O
giao	O

nhắm	O
làm	O
lại	O
tụi	O
tui	O
hong	NORM

còn	O
nhớ	O
chiếc	O
túi	O
con	O
cò	O
năm	O
nào	O
chúng	O
ta	O
nc	NORM
k?	NORM

K	NORM
cục	O
súc	O
mà	O
xem	O
video	O
muốn	O
cục	O
súc	O
vđ	O

tự	O
dưng	O
xem	O
xong	O
t	NORM
nghĩ	O
tới	O
m	NORM

K	NORM
chia	O
sẻ	O
mà	O
lại	O
muốn	O
ngta	NORM
hiểu	O
thì	O
khó	O
b	NORM
ạ	O

lấy	O
10	O
đỉm	NORM
cũng	O
dễ	O

đọc	O
cho	O
ngày	O
mới	O
zui	NORM
zẻ	NORM

Lần	O
đầu	O
thấy	O
nghệ	O
sĩ	O
Việt	O
át	O
luôn	O
cả	O
dv	NORM
Trung	O
í	O

Marketing	O
cái	O
qq	NORM
nếu	O
mà	O
không	O
có	O
chất	O
lượng	O

xuất	O
excel	O
đc	NORM
những	O
lần	O
tự	O
vả	O
của	O
t	NORM
luôn	O
:)))	O

Phải	O
cho	O
làm	O
thì	O
ms	NORM
có	O
kinh	O
nghiệm	O
chứ	O
:))	O

"Thư	O
gửi	O
momo	O
"	O
phải	O
k	NORM
nhỉ?	O
:))))	O

R	NORM
viết	O
bằng	O
nước	O
mắt	O
di	NORM
cha	O
huhu	O

Vâng	O
là	O
t	NORM
đây	O
ạ	O

mai	O
anh	O
dẫn	O
em	O
vô	O
fm	O
nhaaa	NORM

Cx	NORM
sờ	O
tai	O
mà	O
=))	O

Haha	O
e	NORM
có	O
cái	O
nốt	O
ruồi	O
ngay	O
ngực	O
nma	O
màu	O
nâu	O
mn	NORM
cứ	O
bảo	O
lận	O
đận	O
tình	O
duyên	O
nma	O
trộm	O
vía	O
e	NORM
toàn	O
gặp	O
người	O
tốt	O
k	NORM
íii	NORM

Bứt	O
đê	NORM
bứt	O
mạnh	O
tay	O
vàoo	NORM

Tao	O
đã	O
đọc	O
lại	O
thì	O
mài	NORM
cũm	NORM
vạiiii	NORM

Lý	O
do	O
trong	O
1	O
bài	O
tập	O
lào	NORM
đó	O
bắt	O
viết	O
về	O
bạn	O
thân,	O
t	NORM
luôn	O
hỏi	O
m	NORM
nói	O
về	O
ai	O
trc	NORM
đó:Đ	O

củng	NORM
hĩu	NORM
mấy	O
con	O
mèo	O
thích	O
vô	O
phòng	O
he	NORM

má	O
páo	NORM
ít	O
hoy	NORM
:))))	O

quả	O
túi	O
nghị	O
lực	O
níu	O
kéo	O
để	O
không	O
chạm	O
mặt	O
xuống	O
đất	O
m	NORM
ơi	O

đang	O
nói	O
xấu	O
tự	O
dưng	O
thấy	O
nghiệp	O
quá	O
nên	O
phải	O
quay	O
xe	O
xíu	O
hoi	NORM

Nước	O
mắt	O
đâu	O
mà	O
khóc	O
quài	NORM
chời	NORM

t	NORM
nghĩ	O
tụi	O
mình	O
hợp	O
trò	O
này	O

Cho	O
t	NORM
xin	O
cái	O
kết	O
với	O

ê	O
được	O
nè	O
kêu	O
ngta	NORM
dô	NORM
đó	O
ở	O
đi	O
bà	O
=))))	O

coi	O
tới	O
cuối	O
nha	O
bạn	O
ei	NORM
:)))	O

Đó	O
là	O
sự	O
thật	O
ạ	O
mng	NORM

Khi	O
bạn	O
yêu	O
người	O
k	NORM
hợp	O
mệnh	O
đã	O
k	NORM
hợp	O
lại	O
còn	O
khắc	O
thì	O
mưa	O
đá,	O
sấm	O
chớp	O
đùng	O
đùng	O
luôn	O
đó	O

Ý	O
là	O
ví	O
dụ	O
hẹn	O
hò	O
có	O
đc	NORM
ăn	O
cá	O
không	O

Tết	O
vừa	O
rồi	O
về	O
VN	O
chơi	O
ai	O
hỏi	O
cưới	O
xin	O
đẻ	O
đé	O
gì	O
k	NORM
t	NORM
đều	O
bảo,	O
k	NORM
cưới	O
k	NORM
đẻ	O
ghét	O
trẻ	O
con,	O
t	NORM
tắc	O
đẻ	O
r,	NORM
muốn	O
t	NORM
có	O
con	O
thì	O
mạng	O
nó	O
mạng	O
t	NORM
mấy	O
ng	NORM
chọn,	O
t	NORM
cx	NORM
k	NORM
muốn	O
sống	O
lâu	O
rồi..	O

Cùng	O
quê	O
ck	NORM
luôn	O
n	NORM

Ulc,	O
mờ	NORM
mông	O
quén	NORM
rủ	NORM

rồi	O
lương	O
e	NORM
là	O
mấy	O
tr	NORM
:))	O

Hồi	O
t	NORM
19t	O
còn	O
đang	O
vừa	O
học	O
vừa	O
đi	O
làm	O
thêm	O
tháng	O
lg	NORM
có	O
1	O
chẹo	NORM

Mà	O
để	O
ý	O
thấy	O
chipu	O
so	O
vs	NORM
mấy	O
tỷ	O
tỷ	O
kia	O
thì	O
đầy	O
đặn	O
hơn,	O
chân	O
cũng	O
to	O
hơn	O

Bới	O
cũng	O
đc	NORM
thôi,	O
bới	O
xong	O
mình	O
bơi	O
trong	O
đồ	O
ăn	O
luôn	O
vì	O
mình	O
bị	O
úp	O
cái	O
mâm	O
vào	O
đầu	O

khi	O
nào	O
em	O
cho	O
chị	O
Yến	O
đi	O
massage	O
bên	O
TQ	O
nhoé	NORM

Ủa	O
sao	O
chị	O
còn	O
nhiều	O
tóc	O
z	NORM
huhu	O

k	NORM
ăn	O
được	O
thịt	O
mỡ	O
thì	O
thôi,	O
1	O
bữa	O
k	NORM
ăn	O
thịt	O
có	O
làm	O
sao	O
đâu,	O
chứ	O
bới	O
bới	O
trong	O
bữa	O
cơm,	O
nhìn	O
ngứa	O
mắt	O
thật	O
sự	O

toàn	O
chị	O
guột	NORM
em	O
guột	NORM

mình	O
cũng	O
lấy	O
vợ	O
s	NORM
lạ	O
quá	O

E	NORM
cần	O
giao	O
bán	O
1	O
con	O
capybara	O
nặng	O
40	O
kí	O
hơn,	O
ai	O
có	O
nhu	O
cầu	O
liên	O
hệ	O
e.	NORM

bạn	O
vô	O
tới	O
bv	NORM
còn	O
k	NORM
chịu	O
gặp	O
bạn	O
:)))	O

Nghỉ	O
1-2-3-4	O
mới	O
đúng	O
é	NORM

lại	O
t	NORM
mua	O
cho	O
ăn	O
nè	O

Mấy	O
hôm.nay	NORM
chắc	O
nhà	O
E	NORM
đun	O
nước	O
k	NORM
kịp	O
sôi	O
để	O
tiếp	O
khách	O
mất	O

Bạn	O
ấy	O
ko	NORM
bao	O
gio	NORM
làm	O
chúng	O
ta	O
thất	O
vọng	O

nửa	O
đêm	O
là	O
gì,	O
nguyên	O
cái	O
LỄ	O
giờ	O
còn	O
ngồi	O
trong	O
đống	O
feedback	O
thoi	NORM
à	O
ad	O
ơi	O

Người	O
ta	O
lương	O
10	O
triệu	O
2	O
vk	NORM
ck	NORM
lm	NORM
cty	NORM
vẫn	O
nuôi	O
2	O
đứa	O
con	O
xây	O
nhà	O
đó	O
thôi	O

cháu	O
và	O
chúc	O
cháu	O
nhiều	O
SK	NORM
nhiều	O
thành	O
công.	O

mai	O
e	NORM
mua	O
cho	O
mấy	O
cái	O
áo	O
màu	O
trắng	O

dạo	O
này	O
có	O
thấy	O
nhức	O
mỏi	O
ko	NORM

giả	O
vờ	O
nhìn	O
đt	NORM
rồi	O
cười	O
kkkkk	O

chữa	O
lành	O
rủ	O
nhao	NORM
coi	O
glory	O

cặp	O
chưn	NORM
mày	O
đâu	O
đó	O
hơi	O
bất	O
ổn	O

Ụa	NORM
ch	NORM
tháo	O
cũng	O
z	NORM
mà	O

Khuyên	O
bạn	O
chia	O
tay	O
bồ	O
bằng	O
ma	O
trận	O
Swot	O
xong	O
thấy	O
chí	O
lí	O
quá	O
về	O
chia	O
tay	O
ny	NORM
mình	O
trước	O

Sao	O
cậu	O
học	O
giỏi	O
thế,	O
cậu	O
bị	O
đin	NORM
à	O

Mừng	O
cháu	O
-	O
cảm	O
ơn	O
lãnh	O
đạo	O
tỉnh	O
Bắc	O
Giang	O
đã	O
động	O
viên	O
và	O
thưởng	O
cho	O
VĐV	NORM
Oanh	O
những	O
phần	O
thưởng	O
giá	O
trị	O
kịp	O
thời	O

Do	O
đó	O
áo	O
càng	O
tối	O
màu	O
mặc	O
sẽ	O
nóng	O
hơn	O
nhưng	O
ngược	O
lại	O
da	O
bạn	O
ko	NORM
bị	O
đen	O

8h	O
sáng	O
cúp	O
tới	O
7h	O
tối	O
ko	NORM
lm	NORM
đc	NORM
j	NORM
nịn	NORM
ăn	O
luôn	O

có	O
cl	NORM
hiểu	O
dc	NORM
:)))	O

Có	O
ai	O
thấy	O
Đặng	O
Siêu	O
là	O
auto	O
thả	O
haha	O
trước	O
rồi	O
mới	O
đọc	O
coi	O
bài	O
post	O
viết	O
cái	O
gì	O
như	O
t	NORM
ko	NORM
:]]	O

Hông	NORM
có	O
cảm	O
xúc	O
nào	O
là	O
trẻ	O
con	O
đâu,	O
mình	O
cũng	O
hk	NORM
biết	O
chia	O
sẻ	O
sao,	O
mong	O
bạn	O
và	O
bác	O
sớm	O
tìm	O
đc	NORM
bình	O
yên	O
nha	O

ai	O
chê	O
thì	O
chê	O
chứ	O
ST	O
đỉnh	O
đó	O
h	NORM
=)))	O

t	NORM
thấy	O
chi	O
pu	O
hát	O
có	O
vấn	O
đề	O
gì	O
đâu	O
nhờ?	NORM

kêu	O
mẹ	O
lấy	O
cho	O
hộp	O
cê	NORM

Hào	O
hứng	O
chỉ	O
con	O
gái	O
xem	O
con	O
cười	O
như	O
đc	NORM
mùa	O

Ông	O
ni	NORM
lúc	O
gầy	O
nhìn	O
đẹp	O
trai	O
quá	O
bây	O

Tui	O
thèm	O
măng	O
cụt	O
mà	O
tuần	O
nay	O
tìm	O
mua	O
k	NORM
có	O

rốt	O
cuộc	O
có	O
gạ	O
kèo	O
được	O
ko?	NORM

bật	O
mí	O
quà	O
sn	NORM
bấc	NORM
ngờ	O

gỏi	O
gì	O
cũng	O
dk	NORM
nhưng	O
vẫn	O
phải	O
có	O
gà	O
nhó	NORM

ôi	O
thằng	O
này	O
nó	O
sống	O
ở	O
vũ	O
trụ	O
nào	O
í	NORM

Tại	NORM
khum	NORM
biết	O
nhảy	O
nhưng	NORM
ngựa	O
thôi	O
ạ:)))	O

nay	O
phải	O
đi	O
đòi	O
là	O
biết	O
hết	O
hướng	O
nội	O
r	NORM
hâhhaha	O

Trắng	O
quá	O
xg	NORM
lại	O
còn	O
phải	O
csoc	NORM
kỹ	O
lưỡng	O
này	O
nọ	O
chụp	O
ảnh	O
thì	O
bao	O
h	NORM
cx	NORM
phải	O
chỉnh	O
lại	O
da	O
cho	O
đồng	O
màu	O
vs	NORM
mng	NORM

ngày	O
xưa	O
học	O
dốt	O
mà	O
sợ	O
mất	O
mặt	O
với	O
bạn	O
bè	O
nên	O
lúc	O
thi	O
môn	O
hoá	O
t	NORM
đem	O
theo	O
đề	O
cương	O
lý	O
xong	O
giả	O
bộ	O
lôi	O
ra	O
bảo	O
thôi	O
chết	O
mang	O
nhầm	O
đề	O
cương,	O
thôi	O
số	O
trời	O
đã	O
định	O

diễn	O
vl	O
nên	O
lướt	O
qua	O
clip	O
của	O
2	O
vc	NORM
thấy	O
ghét	O
:))	O

t	NORM
bảo	O
có	O
xong	O
nghe	O
bên	O
kia	O
đầu	O
dây	O
tiếng	O
ba	O
t	NORM
quay	O
sang	O
bảo	O
mẹ	O
t	NORM
thằng	O
H	O
nó	O
về	O
ăn	O
cơm	O
đấy,	O
đừng	O
đổ	O
cho	O
milu	O
nữa	O

Chị	O
cúi	NORM
hơi	O
ẩu	O
dòi	NORM

Tới	O
g	NORM
vẫn	O
chưa	O
ngừng	O
cười	O
đc	NORM
=))	O

Vô	O
tâm	O
dễ	O
thương	O
vô	O
tâm	O
đáng	O
iu	O
vô	O
tâm	O
chấp	O
nhận	O
đc	NORM

Rồi	O
cái	O
ng	NORM
đang	O
đúng	O
kia	O
bị	O
cho	O
là	O
sai	O
a	NORM
có	O
qua	O
giải	O
thích	O
nốt	O
cho	O
ng	NORM
ta	O
luôn	O
hem	NORM
:)))	O

hình	O
như	O
có	O
1	O
ông	O
trốn	O
đc,	NORM
1	O
ông	O
là	O
trưởng	O
ca	O
xã	O

Vừa	O
hôm	O
qua	O
xem	O
ông	O
chú	O
đẹp	O
trai	O
này	O
nhìn	O
thấu	O
tương	O
lai	O
trúng	O
tờ	O
vé	O
số	O
90	O
triệu	O
đô	O
giờ	O
lại	O
rơi	O
vào	O
thế	O
giới	O
ko	NORM
tồn	O
tại	O

mỗi	O
lần	O
m	NORM
gửi	O
t	NORM
là	O
y	O
chang	O

món	O
c	NORM
hay	O
ăn	O
đây	O
ah	NORM

bà	O
thầy	O
bói	O
nói	O
t	NORM
có	O
tài,	O
dậy	NORM
mà	O
cũng	O
rớt	O
đh	NORM
đc	NORM
2	O
năm	O
rồi	O
đó	O

Cái	O
lật	O
mặt	O
meme	O
này	O
t	NORM
thầy	NORM
dzừa	NORM
lắm	O
á	O

Hời	NORM
nhỏ	O
từng	O
bỏ	O
thủy	O
ngân	O
lên	O
tay	O
chơi	O

Dùng	O
màu	O
đen	O
tránh	O
UV	O
nóng	O
t	NORM
chịu	O
dc	NORM
:))	O

mik	NORM
đọc	O
lâu	O
r	NORM
h	NORM
đọc	O
lại	O
vẫn	O
sảng	O
bạn	O
đọc	O
Đi	O

t	NORM
muốn	O
ăn	O
măng	O
cụt	O
chín	O

chả	O
thế	O
ak,	NORM
t	NORM
bảo	O
mẹ	O
t	NORM
đi	O
làm	O
nma	NORM
t	NORM
bảo	O
lương	O
t	NORM
có	O
2tr	O
thôi,	O
còn	O
lương	O
thật	O
thì...	O

tr	NORM
oi	NORM
là	O
tr	NORM
ai	O
quen	O
quen	O
luôn	O
á	O

Thiệt	O
sự	O
qua	O
ăn	O
cơm	O
nhà	O
khách	O
mà	O
ăn	O
vậy	O
người	O
ta	O
đánh	O
giá	O
đúng	O
rồi	O
bạn	O
k	NORM
ăn	O
được	O
thì	O
cứ	O
gắp	O
1	O
miếng	O
thịt	O
rồi	O
xé	O
cái	O
mỡ	O
ra	O
ăn	O
nạc,	O
vừa	O
lịch	O
sự	O
mà	O
vừa	O
để	O
ngta	NORM
biết	O
ý,	O
nhiều	O
khi	O
2	O
bác	O
chủ	O
động	O
gắp	O
nạc	O
cho	O
bạn	O
á	O

ê	O
tới	O
t	NORM
để	O
t	NORM
kím	NORM
con	O
moè	NORM
kkk	O

Làm	O
toy	NORM
nhớ	O
đến	O
mấy	O
miếng	O
chanh	O
trong	O
tủ	O

a	NORM
đi	O
cà	O
hê	NORM
làm	O
shao!!?	NORM

ôi	O
vcđ,	O
mẹ	O
t	NORM
dạy	O
k	NORM
đc	NORM
bới	O
đồ	O
ăn	O
trong	O
mâm	O
đâu	O
:))	O

Vấn	O
đề	O
ở	O
chỗ	O
e	NORM
chưa	O
biết	O
vde	NORM
của	O
e	NORM
nằm	O
ở	O
đâu	O

Ko	NORM
chấp	O
nhận	O
bồi	O
thường	O
lấy	O
giám	O
định	O
thương	O
tích	O
đâm	O
đơn	O
nhét	O
tiền	O
cho	O
c.a	NORM

nhưng	O
biết	O
biết	NORM
tiền	O
khi	O
khi	NORM
nào	O
mới	O
về	O
tk	O
nhỉ	O

tự	O
nhiên	O
thấy	O
trg	NORM
cũng	O
dth	NORM

Trang	O
diêm	NORM
mắt	O
đẹp	O
qa	NORM

Oimeoi,	O
thầy	O
Hoàng	O
ổng	O
có	O
con	O
gái	O
cũng	O
10	O
mấy	O
tủi	NORM
rùi	NORM

bà	O
ko	NORM
xứng	O
đáng	O
vs	NORM
ảnh	O
đâu	O
từ	O
bỏ	O
đi	O

Má	O
cứ	O
mỗi	O
lần	O
CP	O
lên	O
high	O
note	O
là	O
t	NORM
ngại	O
giùm	O
luôn	O
á	O

2$	O
ăn	O
được	O
nhìu	NORM
món	O
á	O

Chí	O
mạng,	O
1	O
cái	O
lật	O
mặt	O
memes	O
thui	NORM
mà	O
thấy	O
nhiều	O
người	O
đau	O
đớn	O
gục	O
ngã	O

nạp	O
sao	O
mà	O
nhìn	O
mặt	O
mún	NORM
khờ	O
luôn	O
z	NORM

Cái	O
kết:	O
Bạn	O
cứ	O
nghĩ	O
là	O
cỡ	O
chân	O
bằng	O
nhau	O
nên	O
bạn	O
lấy	O
chân	O
của	O
bạn	O
ướm	O
thử,	O
ko	NORM
ngờ	O
chân	O
bạn	O
to	O
hơn	O
chân	O
mình	O
thế	O
là	O
bạn	O
lại	O
đành	O
giữ	O
lại...	O

Mẹ	O
kêu	O
c-cô	NORM
lấy	O
thêm	O
cho	O
con…m-mỡ	NORM
hành..	O

chị	O
ơi	O
bạn	O
em	O
hs	NORM
có	O
giảm	O
giá	O
kh	NORM

dễ	O
thương	O
quá	O
chúc	O
bạn	O
luôn	O
vui	O
vẻ	O
trong	O
cs	NORM
nhé	O

Lực	NORM
cười	O
không	O
đỡ	O
lỗi	NORM
luông	NORM
mà	O

Kể	O
ra	O
ổng	O
cao	O
bằng	O
bả	O
lunn	NORM
á	O

Vậy	O
mà	O
mấy	O
chị	O
pónk	NORM
phải	O
đấu	O
tranh	O
để	O
đc	NORM
mời	O
chánh	NORM
quyền	O
làm	O
chứng	O
cho	O
còn	O
chưa	O
được	O
đây	O
này	O

T	NORM
nghĩ	O
cắt	O
ghép	O
chứ	O
cái	O
reaction	O
nó	O
ko	NORM
liên	O
quan	O
lắm,	O
đoạn	O
này	O
chưa	O
ngại	O
dùm	NORM
là	O
may	O

Kinh	O
nghiệm	O
3	O
năm	O
làm	O
cty	NORM
sản	O
xuất	O
nhưng	O
chuyên	O
ngành	O
éo	O
có,	O
trật	O

Đc	NORM
vươn	O
tầm	O
rồi	O
đấy	O

tìm	O
được	O
slogan	O
cho	O
tiệm	O
bánh	O
tiêu	O
tương	O
lai	O
của	O
t	NORM
roài	NORM

ra	O
bấy	O
lâu	O
nay	O
cta	NORM
hiểu	O
lầm	O
bé	O
Thu	O

Còn	O
về	O
phần	O
chị	O
vợ	O
(	O
người	O
đã	O
qua	O
lại	O
với	O
mình),	O
trước	O
khi	O
chị	O
ấy	O
quyết	O
định	O
bỏ	O
trốn,	O
chị	O
nói	O
với	O
mình	O
rằng	O
chị	O
sẽ	O
tự	O
sống	O
1m	O
và	O
tìm	O
cách	O
ly	O
hôn	O
đơn	O
phương	O
với	O
người	O
đó	O
(	O
vì	O
chồng	O
chị	O
k	NORM
chịu	O
hợp	O
tác	O
mà	O
bảo	O
rằng	O
muốn	O
giữ	O
chị	O
lại	O
để	O
hành	O
hạ).	O

T	NORM
ko	NORM
ăn	O
thịt	O
mỡ	O
nhưng	O
ko	NORM
bới	O
mà	O
cố	O
mà	O
nuốt	O
=))))	O

Lúc	O
nào	O
cũng	O
đi	O
một	O
mình	O
mak	NORM

tag	O
bn	NORM
zô	NORM
đòi	O
chứ	O
ko	NORM
biết	O
j	NORM
hơn	O

tặng	O
ko	NORM
nhận	O
thì	O
tặng	O
bạn	O
thân	O
lun	NORM
nha	O
:))(	O

chưa	O
dc	NORM
nữa	O
tiếng,	O
dừa	NORM
kiu	NORM
ly	O
nước	O
đánh	O
giá	O
8	O
chục	O
mạng	O
người	O

m	NORM
theo	O
dõi	O
coi	O
nó	O
có	O
bị	O
v	NORM
k	NORM

đam	O
mê	O
mãi	O
thoai	NORM
á!!!	O

Về	O
với	O
Sướng	O
ca	O
thui	NORM
chị	O
ơi	O

Mọi	O
người	O
ơi	O
ở	O
VN	O
có	O
nuôi	O
đc	NORM
con	O
này	O
ko	NORM
ạ	O
=	O
)))))	O

Nhữn	NORM
kon	NORM
đỉm	NORM
thể	O
hiện	O
sự	O
zô	NORM
tryyyy	NORM

còn	O
gì	O
để	O
lói	NORM
nữa	O
khum	NORM

nuôi	O
1c	O
về	O
nó	O
đè	O
m	NORM
ná	O
thở	O
chs	O

chơi	O
zs	NORM
em	O
hong	NORM
ck	NORM
^^	O

đòi	O
hỏi	O
j	NORM
nx	NORM
che	O
ô	O
là	O
may	O
lắm	O
òi	NORM

mắc	O
cừi	NORM
nhất	O
là	O
bồ	O
cũ	O
rích	O
hát	O
lại	O
bài	O
của	O
bồ	O
cũ	O
của	O
bồ	O
cũ	O

sống	O
chết	O
qtrong	NORM
dell	NORM
j,	NORM
mèo	O
kìa:))	O

Vừa	O
mới	O
mơ	O
có	O
anh	O
người	O
yêu	O
ngon	O
zai	NORM
lắm	O
luôn	O
huhu	O

Xem	O
ở	O
đâu	O
vậy	O
mọi	O
người,	O
mình	O
lên	O
mango	O
tv	O
xem	O
tập	O
2	O
vẫn	O
ko	NORM
thấy	O

cta	NORM
hiểu	O
lầm	O
bé	O
Thu	O
rồi	O

ăn	O
ngủ	O
chơi	O
tiêu	O
tìn	NORM
mẹ	O
,	O
đi	O
lm	NORM
thêm	O
đc	NORM
2	O
ngày	O
nghỉ	O
khỏe	O
hehehehe	O

Không	O
sợ	O
kẻ	O
địch	O
mạnh,	O
chỉ	O
sợ	O
kẻ	O
mắt	O
khum	NORM
đều	O

Mẹ	O
chồng	O
mình:”	O
nó	O
ko	NORM
ăn	O
con	O
ăn	O
hết	O
đi	O
lấy	O
sữa	O
cho	O
bú”	O

Hình	O
như	O
tuổi	O
này	O
bé	O
đc	NORM
quyền	O
lựa	O
chọn	O
nên	O
thêo	NORM
cha	O
hay	O
theo	O
mẹ	O
đúng	O
ko	NORM
ta	O
?	O

Giá	O
vé	O
bây	O
h	NORM
là	O
bnhiu	NORM
v	NORM
ạ	O

Cũng	O
lâu	O
ùi	NORM
hok	NORM
bít	NORM
cảm	O
giác	O
này	O

t	NORM
mua	O
8	O
kiếp	O
r	NORM
á	O
bé	O
:))	O

Ella	O
ngày	O
càng	O
đẹp	O
quyến	O
rũ	O
mê	O
mẩn	O
quá,	O
Trương	O
Gia	O
Nghê	O
trẻ	O
dai	NORM
quá	O
như	O
18	O
í	NORM
ạ	O

Mqh	O
đệ	O
quy	O
kiến	O
thức	O
mới	O
đã	O
đc	NORM
tiếp	O
thu	O

Tại	O
s	NORM
dân	O
mình	O
dễ	O
dãi	O
quá	O
nhĩ,	O
bị	O
nó	O
chửi	O
lên	O
đầu	O
thì	O
cũng	O
2	O
3	O
ngày	O
là	O
êm,	O
cubgx	NORM
bỏ	O
tiền	O
cúng	O
tụi	O
nó	O
ầm	O
ầm	O

chòi	NORM
oi	NORM
cái	O
nụ	O
cười	O

Khóc	O
làm	O
gì	O
e	NORM
,	O
bạn	O
a	NORM
sẽ	O
thay	O
chồng	O
Tây	O
e	NORM
bù	O
đắp	O
cho	O
khoảng	O
trống	O
ấy	O

bọn	O
Gen	O
Z	O
bây	O
h	NORM
là	O
bố	O
mẹ	O
thiên	O
hạ	O
r	NORM
:))))	O

nào	O
cho	O
t	NORM
đi	O
chụp	O
này	O
đi	O

để	O
ở	O
thêm	O
vài	O
năm	O
nựa	NORM
xây	O
ki	NORM
nhà	O
tặng	O
bạn	O
:)))	O

Chủ	O
nhà	O
sơ	O
ý	O
hay	O
vô	O
ý	O
ko	NORM
pt,	NORM
nhưng	O
t	NORM
thấy	O
nhiều	O
nhà	O
vô	O
ý	O
lắm,	O
chán	O

cũng	O
có	O
thể	O
nha,	O
mấy	O
shop	O
bán	O
hàng	O
đi	O
ngày	O
1k	O
đơn	O
2	O
ngày/	O
mỗi	O
lần	O
cod	O
về	O
400-500tr	O
ko	NORM
ak	NORM

phép	O
màu	O
dời	O
deadline,	O
nhmà	NORM
là	O
dời	O
lên	O

Ứa	O
nước	O
mắt	O
luôn	O
dị	NORM
đó	O

tôi	O
sẽ	O
là	O
hộp	O
chat	O
cho	O
e	NORM

Tại	O
người	O
đàng	O
hoàng	O
kh	NORM
iu	NORM
mình	O
=))	O

Đến	O
ngày	O
đc	NORM
ăn	O
trái	O
ngọt	O
rồi	O

Ng	NORM
thi	O
năm	O
2012	O
h	NORM
chả	O
còn	O
chữ	O
j	NORM
trong	O
đầu	O

Giả	O
vờ	O
nói	O
chiện	NORM
vs	NORM
nhau	O
nma	NORM
tai	O
hướng	O
về	O
bàn	O
bên	O
đấy:)	O

May	O
thế,	O
mih	NORM
khóc	O
giờ	O
ra	O
chơi	O

1	O
thằng	O
chủ	O
chốt	O
trốn	O
ra	O
nc	NORM
ngoài	O
ko	NORM
bắt	O
đc,	NORM
mấy	O
đứa	O
còn	O
lại	O
bị	O
hốt	O

hs	NORM
chuyên	O
vẫn	O
mở	O
bài	O
nthe=)))	NORM

Vs	NORM
cả	O
con	O
có	O
bạn	O
giành	O
ăn	O
sẽ	O
sợ	O
hết	O
mà	O
k	NORM
biếng	O
ăn	O
nữa	O

Từ	O
ngày	O
cty	NORM
e	NORM
lắp	O
cam	O
ở	O
mấy	O
cây	O
xoài	O
là	O
ko	NORM
thiếu	O
quả	O
nào	O

ngạc	O
nhiên	O
luôn	O
á	O
không	O
kịp	O
phản	O
kích	O
cb	NORM
luôn	O

E	NORM
xin	O
đ/c	NORM
hộ	O
b	NORM
ạ	O

nghe	O
nói	O
có	O
ngừ	NORM
tính	O
hc	NORM

uốn	O
từ	O
dưới	O
lên	O
trên	O
đc	NORM
k	NORM

a	NORM
ny	NORM
tui	O
ngủ	O
cũng	O
z	NORM
mà	O
cái	O
nết	O
ngủ	O
rồi	O
là	O
như	O
chớt	NORM
á	O

và	O
những	O
ng	NORM
bạn	O
tóc	O
sẫm	O
màu	O
của	O
cô	O
ấy	O

bình	O
tĩnh,	O
ny	NORM
của	O
t	NORM
đang	O
học	O
mẫu	O
giáo:)))	O

đm	O
mấy	O
khứa	O
này	O
béo	O
vaii	NORM

Bữa	O
đánh	O
tạm	O
son	O
của	O
c	NORM
mình	O
cây	O
merzy	O
màu	O
tím	O
tím	O
á	O
k	NORM
nhớ	O
màu	O
gì	O
đánh	O
nhẹ	O
hơi	O
hồng,đánh	O
nhiều	O
lên	O
màu	O
đỏ	O
thẫm	O
dần	O
xinh	O
lắm	O
mà	O
k	NORM
nhớ	O
mã	O
màu	O
m13	O
hay	O
m11	O
í	NORM

Khuyên	O
nkhac	NORM
nma	NORM
chính	O
mình	O
k	NORM
làm	O
được	O

ko	NORM
ngờ	O
bn	NORM
là	O
loại	O
ng	NORM
như	O
z	NORM
luôn	O
á	O
,	O
mik	NORM
quó	NORM
thất	O
vọng	O
về	O
bn	NORM

hôm	O
e	NORM
nhìn	O
thấy	O
phải	O
hok	NORM

Lớp	O
12	O
mh	NORM
thi	O
tốt	O
nghiệp	O
mà	O
môn	O
nào	O
đề	O
cũng	O
liên	O
quan	O
đến	O
biển	O
đảo,	O
nhất	O
là	O
môn	O
Văn.	O

đừng	O
có	O
z	NORM
nha	O
má	O

Ừ	O
ở	O
nhà	O
dới	NORM
mẹ	O
đi,	O
cảm	O
ơn	O
nhiều	O

10	O
đỉm	NORM
là	O
10	O
đỉm	NORM

mông	O
m	NORM
k	NORM
mẩy	O
bằng	O
t	NORM
đâu	O

chiện	NORM
người	O
ta	O
mà	O
mình	O
nói	O
thì	O
nói	O
z	NORM
hoi	NORM

m	NORM
admin	O
page	O
này	O
đúng	O
hông?	NORM

m	NORM
yên	O
tâm	O
m	NORM
cứ	O
ăn	O
đi	O
ăn	O
hết	O
phần	O
cháu	O
t	NORM
t	NORM
mua	O
cho	O
m	NORM
ăn	O

nhân	O
lúc	O
ch	NORM
học	O
đọc	O
1	O
quả	O
cười	O
này	O
r	NORM
học	O
hụp	NORM
lí	O
nè	O
:)))))	O

Tưởng	O
tượng	O
7749	O
viễn	O
cảnh	O
nhà	O
ngiu	NORM
géc	NORM
bỏ,	O
chèn	O
ép	O
cho	O
tăng	O
thêm	O
áp	O
lực	O
cột	NORM
sống	O
nhưng	O
thực	O
tế	O
nó	O
lạ	O
lắm	O
:))	O

zô	NORM
xin	O
vía	O
cãi	O
nhau	O
với	O
ny	NORM
trúng	O
zé	NORM
xố	NORM
đi	O
bạng	NORM
:))))))	O

Sao	O
mk	NORM
cực	O
kỳ	O
dị	O
ứng	O
với	O
người	O
bới	O
bới,	O
gảy	O
gảy	O
đồ	O
ăn	O

Nó	O
k	NORM
xấu	O
mà	O
nó	O
dô	NORM
diên	NORM
đâu	O
ai	O
bằng	O

Phim	O
tên	O
Happiness	O
nhx	NORM
khi	O
xem	O
tôi	O
unhappy	O
=))))))	O

bên	O
Trung	O
dạo	O
này	O
có	O
dịch	O
vụ	O
mát	O
xa	O
chuyên	O
nghiệp	O
ghê	O
ha	O
m	NORM
=)))	O

như	O
quễ	NORM
luật	O
thương	O
mại	O
của	O
toi	NORM
dị	NORM

Áp	O
lực	O
online	O
luôn	O
ó	NORM

Sáng	O
đá	O
đc	NORM
bát	O
phở	O
bò	O
tái,	O
húp	O
đc	NORM
quả	O
trứng	O
trần	O
là	O
ấm	O
rồi	O

ở	O
VN	O
rẻ	O
pèo	NORM
lun	NORM

tr	NORM
quơi	NORM
chồng	O
đăng	O
str	O
đồ	O
hy	O
vọng	O
là	O
có	O
hint	O
gì	O
đó	O
))))	O

nao	NORM
làm	O
quả	O
này	O
cho	O
mình	O

T	NORM
lại	O
rất	O
thích	O
kiểu	O
gen	O
z	O
mà	O
được	O
như	O
thế	O
này	O

chữa	O
xong	O
chưa,	O
tìm	O
xem	O
phim	O
nào	O
chữa	O
hộ	O
t	NORM
nỗi	O
đau	O
kế	O
toán	O
doanh	O
nghiệp	O
với	O
:))))))))	O

Thcs	NORM
hay	O
pt	NORM
thì	O
tốn	O
muối	O
hảo	O
hảo	O
lắm	O
:))))	O

tự	O
nhiên	O
t	NORM
thấy	O
may	O
mắn	O
vì	O
dừng	O
lại	O
kịp	O
thời	O

Ê	O
t	NORM
cx	NORM
làm	O
z	NORM
để	O
xả	O
trét	O
nè	O
nhưng	O
dạo	O
này	O
đọc	O
đc	NORM
mấy	O
bài	O
báo	O
hay	O
chuyên	O
gia	O
tâm	O
lý	O
gì	O
kêu	O
cái	O
này	O
ko	NORM
bth,	NORM
lạm	O
dụng	O
cái	O
này	O
thường	O
xuyên	O
sẽ	O
thành	O
bệnh	O
hoang	O
tưởng	O
hay	O
gì	O
đó	O
nên	O
k	NORM
dám	O
làm	O
nhiều	O
nữa	O
=)))))	O

hok	NORM
có	O
tiền	O
mua	O
máy	O
lạnh	O
mà	O
chỉ	O
có	O
mấy	O
chục	O
làm	O
răng	O
thôi	O
ak	NORM

xong	O
cái	O
mẹ	O
quay	O
ra	O
chởi	NORM
"m	NORM
lí	O
nhí	O
lí	O
nhí	O
cgi	NORM
ăn	O
gì	O
tự	O
ra	O
gọi"	O
cái	O
muốn	O
đội	O
quần	O

Coi	O
chừng	O
hết	O
hè	O
dô	NORM
gặp	O
thích	O
lại=)	O

trc	NORM
chê	O
nhg	NORM
giờ	O
thì	O
mê	O

vãi	O
chg	NORM
t	NORM
ko	NORM
ngờ	O
mày	O
là	O
như	O
vậy	O

Hong	NORM
mún	NORM
cô	O
ấy	O
p	NORM
vì	O
mình	O
mà	O
đau	O
nòng	O

Vô	O
duyên	O
ở	O
đây	O
ko	NORM
phải	O
là	O
ko	NORM
ăn	O
dk	NORM
thịt	O
mỡ,	O
mà	O
là	O
hành	O
động”	O
bới”	O
thịt	O
trong	O
đĩa	O
ấy	O
b	NORM
trẻ	O

nào	O
muốn	O
hùm	NORM
dzốn	NORM
alo	O
mình	O
nhé	O
:)))	O

Nếu	O
làm	O
xong	O
mà	O
hk	NORM
tìm	O
đc	O
tiếng	O
nói	O
chung	O
thì	O
nên	O
ly	O
dị…	O
quan	O
trọng	O
là	O
cái	O
tôi	O
của	O
bản	O
thân	O
thôi	O
bạn	O
à	O

Song	NORM
rồi	O
lại	O
lên	O
nói	O
chuyện	O
rồi	O
sin	NORM
bồi	O
thường	O
rút	O
đơn	O
lấy	O
lý	O
do	O
cháu	O
nó	O
nhỏ	O
và	O
tôi	O
cũng	O
thế	O
có	O
biết	O
gì	O
đâu	O
hazzz	O

2$	O
cũng	O
cỡ	O
gần	O
5	O
chục	O
ở	O
Vn	O
rùi	NORM
cũng	O
mua	O
được	O
tùm	O
lum	O
đồ	O

ngừi	NORM
này	O
cứ	O
lun	NORM
nghĩ	O
là	O
tui	O
ăn	O
chưa	O
no	O
:))))	O

nhất	O
định	O
pải	NORM
ở	O
riêng	O
chứ	O
sống	O
với	O
1	O
ông	O
bố	O
ck	NORM
ko	NORM
đc	NORM
bình	O
thường	O
ntn	O
chắc	O
sẽ	O
bị	O
điên	O

b	NORM
có	O
ảnh	O
nào	O
khoe	O
t	NORM
hok?	NORM

đẻ	O
con	O
ra	O
thì	O
giữ	O
cho	O
kĩ,	O
đừng	O
để	O
nó	O
hại	O
ng	NORM
khác	O
nữa	O

biết	O
đou	NORM
ngiu	NORM
còn	O
đang	O
đi	O
họcccc	NORM
:))))	O

Hoá	O
ra	O
k	NORM
phải	O
mỗi	O
tui	O
bị	O
phát	O
sinh	O
dị	O
ứng	O

từ	O
đầu	O
nói	O
d	NORM
lun	NORM
đi	O

Sao	O
nại	NORM
buồn	O
cười	O
thế	O
này	O

lúc	O
chị	O
đi	O
học	O
có	O
nghe	O
ko:))))	NORM

Tiền	O
là	O
của	O
cty,	NORM
còn	O
tính	O
mạng	O
là	O
của	O
bạn	O

ụa	NORM
thầy	O
hà	O
với	O
thầy	O
huỳnh	O
ư?!?!	O

Dù	O
e	NORM
có	O
tiền	O
tỉ	O

rữa	NORM
nước	O
nó	O
k	NORM
tan	O
hả	O
a	NORM

Đ	NORM
tặng	O
quà	O
bày	O
đặt	O
văn	O
vở	O
chi	O
z	NORM

y	O
chang	O
kh	NORM
cãi	O
được	O

Nó	O
chỉ	O
gây	O
tác	O
động	O
và	O
ảnh	O
hướng	O
đến	O
giá	O
trị	O
bên	O
ngoài	O
của	O
cuốn	O
sách	O
thôi	O
chứ	O
nội	O
dung	O
vẫn	O
giữ	O
nguyên	O
và	O
người	O
đọc	O
họ	O
cảm	O
thấy	O
thoải	O
mái	O
thì	O
không	O
có	O
j	NORM
phải	O
lên	O
án	O
cả.	O

Dáng	O
Đinh	O
Văn	O
Phương	O
bóng	O
chuyền	O
ag	NORM

ỏ	O
Có	O
chút	O
làm	O
zì	NORM
căng	O

Mọi	O
sự	O
ngu	O
dốt	O
đều	O
phải	O
trả	O
zá	NORM
bằng	O
cuốn	O
lịt	NORM
:)))	O

Ừ	O
đành	O
là	O
con	O
bị	O
đau	O
mh	NORM
rất	O
xót	O

m	NORM
thích	O
"bé	O
k	NORM
ăn	O
thịt	O
mỡ"	O
nữa	O
khum	NORM

cứ	O
coi	O
ổng	O
nói	O
t	NORM
k	NORM
nhịn	O
cừi	NORM
được..	O

Măng	O
cụt	O
chín	O
của	O
t	NORM
năm	O
hay	O
gặp	O
hạn	O
rồi	O

mình	O
đây	O
ở	O
nhà	O
thì	O
hướng	O
nội	O
nhưng	O
đi	O
làm	O
thì	O
phải	O
hướng	O
ngoại,	O
tạm	O
bỏ	O
cá	O
tính	O
của	O
mình	O
xuống	O
để	O
ưu	O
tiên	O
công	O
việc	O
b	NORM
ạ,	O
với	O
cả	O
năm	O
nay	O
đang	O
khó	O
khăn	O
kt	NORM
đấy,	O
ngoài	O
kia	O
có	O
biết	O
bn	NORM
ng	NORM
đang	O
chật	O
vật	O
kiếm	O
cv,	NORM
b	NORM
nên	O
cân	O
nhắc	O
nhé.	O

miếng	O
nào	O
ngon	O
thì	O
mới	O
ăn	O
đc	NORM
chứ	O
tự	O
nhiên	O
như	O
ở	O
nhà	O
mà	O

chắc	O
đợt	O
quà	O
của	O
reha	O
lấy	O
sỉ	O
ở	O
đây	O
đúng	O
k	NORM

thử	O
của	O
c	NORM
Hanh	O
đi	O
:))))))	O

cốp	O
nào	O
thao	O
túng	O
cổ	O
phiếu	O
đấy,	O
cẩn	O
thận	O
lại	O
đi	O
như	O
a	NORM
Quyết	O
thì	O
vui	O

k	NORM
hề	O
bằng	O
hơi	O
cay	O

Nín	O
thở	O
nghe	O
cp	O
lên	O
highnote	O
đó	O
chời	NORM

Mong	O
nhà	O
bạn	O
nữ	O
không	O
đồng	O
ý	O
giảng	O
hoà	O
trong	O
vụ	O
việc	O
nayd	NORM

Có	O
là	O
dzì	NORM
của	O
nhao	NORM
đâu	O

Là	O
vui	O
dữ	O
chưa,	O
là	O
dui	NORM
chỗ	O
nào	O
z=)))))	NORM

Dramu	O
lớn	O
lên	O
k	NORM
kiếm	O
được	O
tiền	O
để	O
chill	O
chill	O
sống	O
như	O
các	O
phu	O
nhân	O
tổng	O
tài	O

làm	O
zạy	NORM
tội	O
con	O
trai	O
nhà	O
người	O
ta	O
lắm	O
mấy	O
má	O
ơi:))	O

Đúng	O
là	O
mỗi	O
ngày	O
lại	O
học	O
thêm	O
một	O
điều,	O
hồi	O
xưa	O
có	O
1	O
nyc	NORM
của	O
tui	O
cũng	O
khó	O
ngủ	O
nhưng	O
tui	O
không	O
nghĩ	O
được	O
tới	O
cách	O
này	O
để	O
giúp	O
ảnh.	O

Hôm	O
thứ	O
năm	O
đi	O
học	O
mặc	O
đồ	O
td	NORM
kh	NORM
mang	O
theo	O
áo	O
để	O
thay	O
xong	O
ngay	O
hôm	O
đó	O
cúp	O
điện	O
cúp	O
nc	NORM
6	O
tiếng	O
tưởng	O
đâu	O
tận	O
thế	O

Kừi	NORM
ra	O
nác	NORM
mắt	O
hả	O

tại	O
cô	O
cộng	O
điểm	O
đóa	NORM

Quả	O
đấy	O
mà	O
ô	O
tô	O
thì	O
ối	O
dời	NORM
ơi	O
luôn	O

sao	O
ko	NORM
bao	O
giờ	O
thấy	O
con	O
mời	O
cơm	O
mẹ	O
với	O
bố	O
z	NORM

chứ	O
ng	NORM
lớn	O
ko	NORM
à	O

áo	O
có	O
t//á//t	NORM
vào	O
miệng	O
bạn	O
được	O
không	O
chứ	O
tui	O
thấy	O
người	O
yêu	O
thì	O
có	O
á	O

Bth	NORM
mà	O
như	O
vậy,	O
t	NORM
hay	O
chơi	O
chiêu	O
là	O
nghía	O
thật	O
kĩ	O
r	NORM
lủm	O
miếng	O
đó	O
thôi	O

Bắt	O
đầu	O
tuần	O
mới	O
ló	NORM
phải	O
thế	O
này	O
chứ	O
=)))	O

chúc	O
mac	O
của	O
anh	O
noày	NORM
bền	O
buỷ	NORM
nhé	O

Nhụm	NORM
cái	O
đỏ	O
rực	O
tối	O
dzìa	NORM
gội	O
hết	O
hồn	O

Võ	O
nguyên	O
giáp	O
lun	NORM
rồi	O

ùm	NORM
qua	O
mua	O
ăn	O
đi	O
:))	O

Trời	O
oi	NORM
đỉnh	O
thực	O
sự	O

m	NORM
bớt	O
bớt	O
lại	O
dùm	NORM
t	NORM

Ủa	O
nó	O
bự	O
như	O
dzị	NORM
hat	NORM
anh,	O
em	O
tưởng	O
có	O
chút	O
éc	O

Binh	NORM
vk	NORM
trước	O
mọi	O
chuyện	O
tính	O
sau	O

sao	O
để	O
bé	O
dắt	O
chó	O
ra	O
đường	O
z	NORM
=))	O

Ê	O
k	NORM
khóc	O
được	O
làm	O
thế	O
nào	O
má	O
=))?	O

Ko	NORM
ăn	O
được	O
thịt	O
mỡ	O
thì	O
phải	O
phát	O
tín	O
hiệu	O
cầu	O
cứu	O
any	O
chứ	O
ai	O
lại	O
bới	O
thế	O
,	O
t	NORM
sang	O
nhà	O
ny	NORM
t	NORM
ăn	O
cơm	O
t	NORM
ko	NORM
thích	O
ăn	O
cái	O
gì	O
hay	O
ko	NORM
ăn	O
đc	NORM
cái	O
gì	O
t	NORM
toàn	O
ghé	O
tai	O
bảo	O
ny	NORM
1	O
câu	O
,	O
lát	O
bố	O
mẹ	O
ổng	O
có	O
gắp	O
cho	O
t	NORM
thì	O
t	NORM
vẫn	O
cứ	O
nhận	O
xong	O
ổng	O
ăn	O
hộ	O
t	NORM

Dnay	O
bà	O
hay	O
xem	O
phim	O
đúng	O
k	NORM

1	O
mình	O
t	NORM
tiu	NORM
cũng	O
không	O
đủ	O

Rồi,	O
đổi	O
đời	O
bất	O
ngờ	O
thì	O
nhìn	O
có	O
rồi	O
đó	O
mà	O
hổng	NORM
có	O
dzui	NORM
lắm	O

Xong	O
xem	O
như	O
ko	NORM
xem	O

t	NORM
không	O
bị	O
mơ	O
như	O
vậy	O
nhưng	O
có	O
bị	O
bóng	O
đè,	O
bóng	O
đè	O
thì	O
ko	NORM
sợ	O
vì	O
t	NORM
cx	NORM
thường	O
bị,	O
tức	O
quá	O
chửi	O
thì	O
nó	O
hết	O
thật	O
:)))	O

xứng	O
đáng	O
nha	O
mí	NORM
pà	NORM
=)))	O

t2	NORM
thì	O
có	O
ai	O
đọc	O
cho	O
thịt	NORM
phải	O
tích	O
nhanh	O
biết	O
đâu	O
đc	NORM
10	O

Con	O
mẹ	O
nó	O
thiệc	NORM
chứ	O

Đây	O
là	O
hình	O
tượng	O
mà	O
toy	NORM
đang	O
cố	O
gắng	O
xây	O
dựng	O
cho	O
bản	O
thân	O
mình	O

Hồi	O
đó	O
t	NORM
coi	O
ảnh	O
đám	O
cưới	O
thấy	O
mặt	O
ông	O
này	O
đúng	O
kiểu	O
ko	NORM
tin	O
tưởng	O
được	O

Mapmo	O
vừa	O
dui	NORM
vừa	O
hp	NORM

sau	O
đó	O
tôi	O
khóc	O
ẻ	NORM
vì	O
tính	O
tò	O
mò	O
ngoo	NORM
ngóc	NORM
của	O
mình	O

hong	NORM
sao	O
lụm	NORM
lẹ	O
lên	O
ăn	O
tiếp	O

Nó	O
ko	NORM
chịu	O
mình	O
thì	O
mình	O
đành	O
chịu	O
nó	O
thôi	O
:))	O

Sau	O
này	O
chị	O
đi	O
lấy	O
ck,	NORM
em	O
trai	O
thương	O
lắm.	O

theo	O
kịch	O
bản	O
thì	O
chắc	O
bồ	O
t	NORM
chưa	O
đẻ	O

Gấc	NORM
là	O
ìn	O
joy	O
lun	NORM

Dậy	NORM
là	O
mấy	O
má	O
biết	O
chỗ	O
đánh	O
ghen	O
gòi	NORM
đó	O

Thì	O
có	O
thể	O
chọn	O
một	O
cuộc	O
tình	O
ko	NORM
có	O
giấy	O
tờ	O
mà	O
vẫn	O
có	O
con	O
như	O
bình	O
thường	O

Muốn	O
biết	O
để	O
đi	O
nhiều	O
chiện	NORM
hahahhaah	O

mà	O
tự	O
nhin	NORM
sắp	O
tốt	O
nghiệp	O
cái	O
quan	O
tâm	O
á	O
pà	NORM
:))	O

Giải	O
thích	O
qtr	NORM
dễ	O
hiểu	O

bảng	O
số	O
lượng	O
công	O
ziệc	NORM
đồ	O
haz	NORM

có	O
nên	O
cãi	O
khum	NORM
m	NORM

Xin	O
fb	O
cả	O
họ	O
nhà	O
nó	O
vào	O
múa	O
phím	O
ạ,	O
loại	O
này	O
phải	O
di	NORM
chết	O
ko	NORM
thể	O
để	O
n	NORM
tồn	O
tại	O
được	O

Coi	O
ngta	NORM
=	NORM
tuổi	O
mình	O
nè	O

Thì	O
ra	O
cũng	O
có	O
ng	NORM
như	O
chồng	O
tôi	O
ạ	O

có	O
nên	O
học	O
tập	O
k	NORM
nhỉ	O

Nguồn	O
sai	O
hở	NORM
mng	NORM
mình	O
tìm	O
hoài	O
không	O
thấy	O
trong	O
bài	O
gốc:((	O

Khéo	O
ny	NORM
mình	O
còn	O
chưa	O
đẻ	O
:)))	O

phải	O
học	O
theo	O
giọng	O
cừi	NORM
mới	O
đc	NORM

mấy	O
chục	O
anh	O
ck	NORM
đợi	O
tuôi	NORM
ở	O
nhà	O
r	NORM

thứ	O
thích	O
nhất	O
của	O
Tết	O
là	O
đg	NORM
xá	O
sg	O
vắng	O
hoe	O
:)))	O

Nên	O
đi	O
t4	NORM
vì	O
t3	NORM
hằng	O
tuần	O
ĐS	O
lọc	O
hồ	O
á	O
b	NORM

dkm	O
đ	NORM
phải	O
riêng	O
t	NORM
nhé	O

Má	O
ơ	NORM
sao	O
nhìn	O
bich	NORM
tra	NORM
sữa	O
nay,t	NORM
hổi	O
tuog	NORM
toi	NORM
may	NORM
bich	NORM
truyen	NORM
máu	O
o	NORM
bv	NORM
ghê	O

Ai	O
cx	NORM
nói	O
chầm	NORM
tánh	O
nhg	NORM
đâu	O
bíc	NORM
rằg	NORM
tui	O
chầm	NORM
kẽm	NORM
âu	NORM
:>>>	O

Dô	NORM
buồng	O
tao	O
nói	O
chiện	NORM
dí	NORM
mày	O
:)))	O

Chuẩn	O
mẹ	O
lun	NORM
nên	O
là	O
tao	O
vẫn	O
chưa	O
lấy	O
vợ	O

Ũa	NORM
sao	O
làm	O
được	O
hay	O
zậy	NORM

Bậy	O
rồi	O
nha	NORM
,hoài	NORM
Nhơn	O
ko	NORM
nói	O
giọng	O
đấy	NORM
,từ	NORM
Phù	O
Cát	O
trở	O
vô	O
mới	O
giọng	O
đấy	O
nha	O

Moè	NORM
tôi	O
thì	O
thathu	O
cho	O
tôi	O
một	O
đường	O
vì	O
gọi	O
tôi	O
dậy	O

v	NORM
mà	O
hất	O
r	NORM
còn	O
bị	O
đánh	O
đíc	NORM

tui	O
đi	O
đường	O
gặp	O
mấy	O
anh	O
dtrai	NORM
rùi	NORM
tưởng	O
tượng	O
ra	O
cảnh	O
mấy	O
ổng	O
quay	O
xe	O
lại	O
xin	O
inf	O
mình	O
=)))	O

E	NORM
thật	O
xứng	O
đáng	O
vs	NORM
tất	O
cả	O
thành	O
quả	O
cố	O
gắng	O
và	O
nỗ	O
lực	O
của	O
em	O
mang	O
lại	O
vinh	O
quang	O
cho	O
nước	O
nhà	O

Cuộc	O
sống	O
đâu	O
lường	O
trc	NORM
điều	O
gì	O

may	O
cho	O
m	NORM
t	NORM
còn	O
tình	O
người	O

có	O
thì	O
mai	O
tui	O
ib	O
mượn	O
xiền	NORM

Kiểu	O
khối	O
lượng	O
cviec	NORM
ở	O
chỗ	O
này	O
thế	O
nào,	O
có	O
hay	O
bị	O
stress	O
k?	NORM

bên	O
bn	NORM
có	O
anh	O
nào	O
như	O
này	O
k	NORM

còn	O
1	O
kiểu	O
nữa	O
là	O
ko	NORM
có	O
tóc	O
đó	O

Mà	O
được	O
cái	O
là	O
cả	O
gia	O
đình	O
cũng	O
k	NORM
biết	O
điều.	O

dống	NORM
dưa	O
hấu	O
Thanh	O
Ngân	O
mời	O
mình	O
ăn	O
quá	O

Có	O
th	NORM
bạn	O
nó	O
lại	O
đi	O
lấy	O
bút	O
chì	O
kẻ	O
chân	O
mày	O
để	O
làm	O
bài	O
thi.	O

tuyệt	O
zời	NORM
cj	NORM
gái	O
cụa	NORM
e	NORM

Nhất	O
là	O
khi	O
mik	NORM
thất	O
tềnh	NORM
:(((	O

vk	NORM
nuôi	O
tốt	O
quá	O
mà	O

Nhưng	O
mà	O
vẫn	O
phải	O
xin	O
bame	NORM
10k	O
ăn	O
bim	O
bim	O
mỗi	O
cuối	O
tuần	O
=)))))	O

chắc	O
bồ	O
em	O
đang	O
ôn	O
thi	O
cấp	O
3	O
c	NORM
nà	NORM

tao	O
gắp	NORM
đôi	O
m	NORM
lun	NORM
ớ	NORM
H	O

Gòi	NORM
xong,	O
công	O
sức	O
tập	O
tành	O
coi	O
như	O
bỏ	O
sông	O
bỏ	O
biển	O

Nếu	O
ck	NORM
ko	NORM
thay	O
đổi	O
thì	O
mình	O
khuyên	O
bỏ	O
nhé	O

thông	O
cảm	O
đuối	O
quá	O
nó	O
dzị	NORM

Cty	NORM
t	NORM
cũng	O
nhiều	O
xoài	O
lắm	O
mà	O
k	NORM
dám	O
xin	O

Mé	NORM
t	NORM
ngồi	O
1minh	O
mà	O
cười	O
như	O
con	O
điên	O

còn	O
cỵ	NORM
là	O
Cẩm	O
Lan	O
Sục	O

là	O
sao	O
v	NORM
mik	NORM
ko	NORM
hỉu	NORM

nhìn	O
thấy	O
dễ	O
mà	O
s	NORM
thấy	O
khó	O
k	NORM
dám	O
làm	O

Điều	O
cơ	O
bản	O
này	O
mẹ	O
m	NORM
k	NORM
dạy	O
à	O

Hòi	NORM
còn	O
dung	O
lượng	O
t	NORM
cũn	NORM
save	O

à	O
lần	O
trước	O
có	O
mấy	O
a	NORM
tay	O
to	O
đập	O
cho	O
trận	O
nữa	O
mới	O
hả	O
dạ.	O

Đi	O
đâu	O
cũng	O
gặp	O
zậy=)))	NORM

"âm	O
nhạc	O
của	O
c	NORM
chữa	O
lành	O
tâm	O
hồn	O
em"	O
là	O
dậy	NORM
đó	O
shao	NORM

gà	O
vẫn	O
là	O
đối	O
tượng	O
đắt	O
hàng	O
nhất	O
chứ	O
k	NORM
phải	O
mấy	O
vựa	O
măng	O
cụt	O
với	O
mãng	O
cầu	O
=]]	O

suynh	NORM
lỗi	O
mấy	O
nay	O
ôn	O
bài	O
dữ	O
quá	O

Tao	O
cũng	O
zị	NORM
nè	O
mỗi	O
lần	O
nt	NORM
đòi	O
kiểu	O
phải	O
sn	NORM
bắt	O
đầu	O
từ	O
đâu	O
và	O
ko	NORM
pit	NORM
ngta	NORM
có	O
giận	O
ko	NORM
nhỉ	O
ngta	NORM
có	O
trả	O
cũng	O
cảm	O
ơn	O
ríu	O
rít	O
kiểu	O
như	O
đi	O
mượn	O
ko	NORM
bằng	O
á	O

xong	O
ra	O
trường	O
làm	O
giáo	O
diên	NORM
hic	O
:))))	O

Mê	O
anh	O
nên	O
nguyện	O
đi	O
1	O
mình	O
tận	O
3	O
lần	O
liềnnn,	NORM
nguyện	O
đi	O
thêm	O
n	O
lần	O
nữa	O
cho	O
đến	O
khi	O
anh	O
nghỉ	O
hưu,	O
nhưng	O
sẽ	O
kéo	O
theo	O
người	O
iu	NORM
rồi	O
chồng	O
rồi	O
con	O
rồi	O
cháu	O
đi	O
nghe	O
anh	O

lúc	O
ông	O
lên	O
đây	O
hỏi	O
thì	O
giờ	O
ngta	NORM
quên	O
mịa	NORM
đã	O
nói	O
câu	O
đấy	O
r	NORM
ấy	O
chứ	O
=)))	O

dữ	O
dằn	O
hồi	O
chụp	O
kỉ	O
íu	NORM
luôn	O
pà	NORM
nọy	NORM

k	NORM
đòi	O
dc	NORM
bảo	O
e	NORM

hãy	O
mừng	O
vì	O
chta	NORM
chỉ	O
có	O
gián	O

các	O
e	NORM
bận	O
quá	O
thì	O
lm	NORM
như	O
này	O
nè	O
:))))))))	O

thầu	O
đất	O
lẹ	O
ik	NORM
ko	NORM
hết	O
đó	O

Xinh,	O
chân	O
dài,	O
nhiều	O
xiền	NORM
không	O
phải	O
lo	O

Hong	NORM
đâu	O
bà	O
ơi	O
ai	O
mà	O
đc	NORM
5.25	O
nx,	NORM
mình	O
đc	NORM
3.6	O

Hóa	O
ra	O
mình	O
đc	NORM
dùng	O
hàng	O
hiệu	O
từ	O
nhỏ	O
mà	O
giờ	O
mới	O
biết:))	O

Ny	NORM
không	O
có	O
cũng	O
đc	NORM
nhưng	O
em	O
này	O
nhất	O
định	O
phải	O
có	O
ạ	O

bình	O
tĩnh	O
như	O
b	NORM
mình	O

được	O
mẹ	O
bạn	O
giai	NORM
khen,	O
không	O
cảm	O
ơn	O
mà	O
còn	O
đi	O
trách	O
người	O
ta.	O

Phe	O
nào	O
đông	O
t	NORM
theo	O
nma	NORM
đội	O
trước	O
mũ	O
bảo	O
hiểm	O
để	O
quay	O
xe	O

Ủa	O
tại	O
sao	O
lại	O
cười	O
nhìu	NORM
z	NORM
ạ	O
=))))	O

cừi	NORM
đii,	NORM
cừi	NORM
to	O
lên	O
:))))))	O

T	NORM
mà	O
đi	O
dạy	O
chắc	O
như	O
này	O
quá	O

cãi	O
dương	O
tử	O
r	NORM
h	NORM
học	O
mệt	O
chít	NORM
moẹ	NORM

19	O
tuổi	O
t	NORM
vẫn	O
đang	O
rót	O
bia	O
quán	O
hát	O
150k/ca/2	O
tiếng.	O

liu	NORM
liu	NORM
coá	NORM
máy	O
lạnh	O
mà	O
hong	NORM
được	O
xài	O

giống	O
trái	O
Bơ	O
hum	NORM
qua	O

làm	O
giàu	O
k	NORM
khó,	O
chủ	O
yếu	O
là	O
ở	O
cái	O
đầu	O

Mình	O
không	O
có	O
thời	O
gian	O
xem	O
hết	O
video,	O
thế	O
là	O
vẫn	O
đang	O
tranh	O
chấp	O
nuôi	O
con	O
hay	O
là	O
toà	O
xử	O
ông	O
kia	O
được	O
quyền	O
nuôi	O
rồi	O
hả	O
mn?	NORM

Xứng	O
đáng	O
hôm	O
nay	O
e	NORM
lại	O
đạt	O
vàng	O
10.000	O
m,	O
quá	O
xuất	O
sắc,	O
e	NORM
đã	O
đưa	O
vinh	O
danh	O
về	O
cho	O
tổ	O
quốc	O

Nhưng	O
khonnan	NORM
phải	O
đẹp	O
trai	O
cơ	O
chứ	O
không	O
thì	O
chê	O
:))	O

bới	O
là	O
k	NORM
đc	NORM
r	NORM
:)))	O

Cảm	O
giác	O
viết	O
đúng	O
xg	NORM
gạch	O
còn	O
8.8	O

Mang	O
tiếng	O
khuân	O
1	O
đống	O
đồ	O
uống	O
ở	O
TH	O
về	O
tủ	O
bảo	O
mua	O
cho	O
con	O
nhưng	O
con	O
ăn	O
uống	O
1	O
thì	O
mẹ	O
ăn	O
uống	O
10	O
xin	O
lỗi	O
con	O
zai	NORM
của	O
ta	O

ăn	O
mà	O
bới	O
bới	O
lựa	O
cc	NORM

Hằng	O
năm	O
người	O
trả	O
lễ	O
rất	O
đông	O
là	O
mn	NORM
biết	O
miếu	O
bà	O
thế	O
nào	O
rồi	O
đó	O

Bị	O
đồn	O
là	O
xài	O
kem	O
mới	O
trắng	O
dc	NORM
dị	NORM
nhưng	O
mà	O
tui	O
dưỡng	O
da	O
từ	O
7	O
năm	O
liền	O
,	O
ra	O
đg	NORM
che	O
kín	O
lại	O
.	O

Ko	NORM
ăn	O
đc	NORM
thịt	O
mỡ	O
thì	O
hôm	O
ấy	O
nhịn	O
luôn	O
cả	O
thịt	O
đi,	O
nhịn	O
1	O
hôm	O
có	O
chết	O
đâu	O

cho	O
mặc	O
thử	O
xem	O
chechchi	O
ko	NORM

Chừng	O
nào	O
bạn	O
chia	O
sẻ	O
rồi	O
mà	O
vẫn	O
k	NORM
có	O
sự	O
hồi	O
đáp	O
mới	O
là	O
vđ	NORM

cuộc	O
sống	O
thật	O
nà	NORM
dễ	O
thở	O

Mình	O
thì	O
lười	O
cơ	O
mà	O
không	O
bấm	O
xem	O
thì	O
ngta	NORM
puồn	NORM
=))	O

moá	NORM
tôi	O
tưởng	O
ảnh	O
thật	O
=)))	O

hồi	O
hay	O
mua	O
nè,	O
có	O
sạch	O
thiệc	NORM
khum	NORM

Bạn	O
bất	O
hạnh	O
hơn	O
cái	O
con	O
dở	O
hôm	O
nó	O
viết	O
bài	O
nhà	O
giàu	O
lấy	O
ck	NORM
nghèo	O
phải	O
lo	O
lắng	O
cho	O
gia	O
đình	O
nhà	O
ck	NORM
giờ	O
thấy	O
hối	O
hận	O
mặc	O
dù	O
ck	NORM
nó	O
quan	O
tâm	O
lo	O
lắng	O
hết	O
mực	O
:))	O

lấy	O
phú	O
bà	O
r	NORM
bao	O
nuôi	O
thêm	O
chục	O
e	NORM
ko	NORM
uầy	NORM
dc	NORM
nhờ	NORM

Chà	O
đạp	O
em	O
đi	O
chịiiiii	NORM

trong	O
siu	NORM
thị	O
mình	O
có	O
anh	O
đẹp	O
zai	NORM
này	O
đó	O

khong	NORM
có	O
bíc,	NORM
kh	NORM
có	O
nhớ-((	O

Bác	O
gái	O
nói	O
như	O
thế	O
là	O
bác	O
k	NORM
coi	O
em	O
nhue	NORM
con	O
cháu	O
trong	O
nhà	O
rồi,	O
chia	O
tay	O
luôn	O
đi	O
em	O
ạ,	O
tại	O
vì	O
ngta	NORM
mà	O
coi	O
mình	O
như	O
con	O
cháu	O
trong	O
nhà	O
là	O
ngta	NORM
úp	O
nguyên	O
cái	O
đĩa	O
thịt	O
lên	O
đầu	O
ngay	O
lúc	O
đó	O
rồi	O
chứ	O
ai	O
lại	O
im	O
đi	O
mà	O
ăn	O
cho	O
xong	O
bữa	O
như	O
thế	O

Thả	O
nhẹ	O
chiếc	O
tiệc	O
xinh	O
bên	O
cho	O
các	O
mình	O
tham	O
khảo	O
ah	NORM

nay	O
học	O
4	O
tiết	O
3	O
tiết	O
đánh	O
giá	O
ngkhac	NORM
:)))	O

lạng	O
giang	O
quê	O
e	NORM
luôn	O
mà	O

với	O
bà	O
chắc	O
hong	NORM
có	O
quớ	NORM

hơn	O
một	O
thập	O
kỉiiii	NORM
dối	O
lừaaaaa	NORM

Tổ	O
chức	O
sn	NORM
mèo	O
chỉ	O
là	O
cái	O
cớ,	O
cái	O
chính	O
là	O
nhậu	O
nhen	NORM

Zui	NORM
quá	O
trời	O
quá	O
đất	O

Lí	O
do	O
t	NORM
thích	O
màu	O
vàng	O
và	O
màu	O
trắng	O
:))	O

Đuma	NORM
toi	NORM
khuc	NORM
dui	NORM
chua	NORM

Mắc	O
cừ	NORM
quá	O
trời	O
quơi	NORM

anh	O
em	O
nó	O
phải	O
thế	O
chứ	O
gặp	O
bọn	O
ối	O
zời	NORM
ơi	O
mệt	O
lắm	O

R	NORM
biết	O
sao	O
t	NORM
đen	O
r:)))	NORM

chưa	O
thấy	O
học	O
mấy	O
dou	NORM

Tui	O
1	O
lần	O
bảo	O
tui	O
xin	O
lỗi	O
vì	O
tui	O
cứ	O
như	O
vậy,	O
cổ	O
bảo	O
ko	NORM
sao	O
cả	O
cổ	O
bth	NORM
á,	O
tui	O
bảo	O
cổ	O
có	O
thể	O
làm	O
thế	O
với	O
tui	O
hong	NORM
sao	O
đâu	O

Dramu	O
cuộc	O
đời	O
t	NORM
là	O
phải	O
ngập	O
ngụa	O
random	O
giữa	O
hai	O
con	O
vợ	O

Sao	O
ko	NORM
lên	O
gg	O
dịch	O
hả	O
thằng	O
bển	O
kia	O

Nhà	O
iem	NORM
sẵn	O
gà	O
mà	O
không	O
kiếm	O
dc	NORM
măng	O
cụt	O
:)))	O

ở	O
ngoài	O
vs	NORM
bạn	O
bè	O
thì	O
bới	O
1	O
tí	O
k	NORM
sao	O
còn	O
trước	O
mặt	O
ng	NORM
lớn	O
có	O
là	O
ng	NORM
nhà	O
đi	O
nữa	O
thì	O
cũng	O
là	O
ng	NORM
thế	O
hệ	O
trước	O
thì	O
cũng	O
nên	O
nhìn	O
trước	O
ngó	O
sau	O
1	O
tí	O
rồi	O
muốn	O
làm	O
j	NORM
thì	O
làm	O

thêm	O
một	O
ebe	NORM
thui	NORM
mà:3	O

Ngọt	O
ngào,	O
dễ	O
thương,	O
ko	NORM
bị	O
lố.	O

tổ	O
chức	O
sn	NORM
cho	O
con	O
trai	O
đuy	NORM

Mng	NORM
cứ	O
nghĩ	O
mấy	O
con	O
trà	O
xanh	O
toàn	O
thu	O
hút	O
mấy	O
thằng	O
ngu	O

cho	O
e	NORM
vay	O
500tr	O
ik	NORM

Jz	O
bé,giỡn	O
hoi	NORM
đúng	O
hong	NORM
z	NORM

ai	O
cho	O
e	NORM
xin	O
cái	O
ảnh	O
vớii	NORM

biết	O
thùng	O
rác	O
ở	O
đâu	O
nma	NORM
kh	NORM
đc	NORM
vứt	O
vì	O
cấm	O
vứt	O
rác	O
vào	O
thùng	O
=))	O

À	O
ny	NORM
mình	O
mới	O
lớp	O
6	O
bình	O
tĩnh	O
chờ	O
được	O

Nhma	NORM
quan	O
trọng	O
là	O
phản	O
ứng	O
sau	O
khi	O
đọc	O
những	O
tn	NORM
như	O
thế	O
của	O
người	O
đó	O
cơ	O

Rồi	O
vui	O
vẻ	O
gì	O
mà	O
thả	O
haha	O
vậy	O
tr	NORM
=)))	O

nhưng	O
mãi	O
k	NORM
đòi	O
mãi	O
đc	NORM
quay	O
ra	O
cáu	O
bẩn.	NORM

Tìm	O
mua	O
màu	O
vàng	O
mà	O
ko	NORM
có	O

z	NORM
mà	O
hồi	O
đó	O
kiu	NORM
bé	O
Thu	O
mức	NORM
dại	NORM

Câu	O
hỏi	NORM
thì	NORM
dô	NORM
tri	O
rồi.	NORM

Bảo	O
học	O
hoá	O
thì	O
dãy	NORM
nảy	O
lên	O
:))	O

cãi	O
nhau	O
ntn	O
thì	O
mình	O
cãi	O
mỗi	O
ngày	O
cũng	O
dc	NORM
phết	O
nhị	NORM

có	O
bị	O
khó	O
thở	O
khum	NORM

lại	O
lôi	O
quan	O
vân	O
trường	O
kèm	O
ỷ	O
thiên	O
kiếm	O
ra	O
bây	O
giờ	O
chứ	O
lạii	NORM

2$	O
cũng	O
đc	O
hai	O
ly	O
cf	NORM
muối	O
chú	O
Long	O
rồi	O
đó	O
:)))	O

nhỏ	O
kia	O
kìa	O
thấy	O
ko	NORM
đi	O
cái	O
tướng	O
bt	NORM
báo	O
r	NORM
như	O
mẹ	O
thiên	O
hạ	O
kìa	O
kìa	O
đó	O
thấy	O
hong	NORM

mắt	O
mũi	O
k	NORM
đứa	O
nào	O
cận	O
hết	O
mà	O
nhìn	O
sao	O
nguyên	O
cái	O
dàn	O
kotex	O
màu	O
hồng	O
cánh	O
sen	O
của	O
ngta	NORM
mang	O
lên	O
trường	O
phổ	O
biến	O
cho	O
học	O
sinh	O
lại	O
đi	O
kêu	O
"	O
bánh	O
trung	O
thu	O
"	O
rồi	O
:	O
"	O
mừng	O
ghê	O
!	O
Năm	O
nay	O
trường	O
chơi	O
lớn	O
phát	O
bánh	O
trung	O
thu	O
hay	O
s	NORM
á	O
m.	NORM

Rõ	O
ràng,	O
nên	O
t	NORM
cũng	O
đang	O
độc	O
thân	O

con	O
đánh	O
giật	O
tóc	O
mẹ	O
1cái	O
thì	O
mẹ	O
cũng	O
phải	O
giật	O
lại	O
nửa	O
cái	O
cấu	O
mẹ	O
nửa	O
cái	O
thì	O
mẹ	O
cũng	O
cấu	O
cho	O
1/4	O
cái	O
kb	NORM
là	O
mẹ	O
hay	O
là	O
bạn	O

thấy	O
ngta	NORM
đú	O
mình	O
cũng	O
đú	O
theo	O
à	O

T	NORM
đi	O
vì	O
t	NORM
thích	O
nhạc	O
của	O
nghệ	O
sĩ	O
đó	O
ấy,	O
đợt	O
đi	O
coi	O
BP	O
bị	O
choáng	O
ngợp	O
vì	O
đông	O
hơn	O
mình	O
nghĩ	O

chiến	NORM
ni	NORM
tủ	O
đồ	O
t	NORM
tới	O
công	O
chiện	NORM
với	O
pm	O

Nên	O
ms	NORM
kéo	O
lại	O
được	O

Zừa	NORM
cái	O
bụng	O
hết	O
sức	O

lí	O
do	O
muốn	O
đi	O
Thành	O
Đô	O
đây	O
hả	O
c	NORM
:))	O

và	O
đó	O
là	O
sự	O
thặccccc	NORM

viên	O
tương	O
cầm	O
ngốc	O
nghếch	O
của	O
tui	O
năm	O
nào	O
mong	O
c	NORM
luôn	O
mạnh	O
mẽ	O
nha	O
.	O

Kiện	O
cho	O
cả	O
họ	O
nhà	O
nó	O
lên	O
phường	O
xem	O
nó	O
còn	O
hổ	O
báo	O
cáo	O
chồn	O
đc	NORM
ko.	NORM

anh	O
mua	O
cho	O
dợ	NORM
chiếc	O
xe	O

nóng	O
hay	O
ko	NORM
ko	NORM
qtrong,	NORM
qtrong	NORM
là	O
gầy	O

học	O
tập	O
đi	O
nha	O
a	NORM
zaiiii	NORM

Kết	O
quả	O
sao	O
r	NORM
ad	O
th	NORM
kia	O
bóc	O
lịch	O
mấy	O
năm?	O

à	O
phát	O
hiện	O
ra	O
r	NORM
:)))	O

cách	O
tbao	NORM
tình	O
trạng	O
csong	NORM

Làm	O
a	NORM
vẫn	O
tin	O
là	O
e	NORM
chỉ	O
mang	O
nhầm	O
.	O

Chúc	O
anh	O
mau	O
khoẻ	O
và	O
thăng	O
tiến	O
trong	O
cviec	NORM

Nên	O
từ	O
một	O
đứa	O
khá	O
trông	O
chờ	O
vào	O
việc	O
lập	O
gđ	NORM
mà	O
giờ	O
mình	O
bắt	O
đầu	O
sợ	O
í,	NORM
sợ	O
đến	O
nỗi	O
mình	O
nghĩ	O
thôi	O
thì	O
độc	O
thân	O
vẫn	O
thoải	O
mái	O
hơn	O

mình	O
sống	O
ko	NORM
có	O
ghét	O
ai	O
hết	O
trơn	O

hồi	O
đó	O
đi	O
ăn	O
bún	O
bò	O
ở	O
đường	O
số	O
7	O
chú	O
hay	O
nói	O
nhỏ	O
dô	NORM
tai	O
hs	NORM
chú	O
giảm	O
5	O
ngàn	O
đó	O
nhee	NORM

Lm	NORM
ác	O
quỷ	O
thì	O
có	O
j	NORM
là	O
sai	O
vậy	O
ạ??	O

Ko	NORM
biết	O
là	O
con	O
quan	O
chức	O
nào	O

Tn	O
mà	O
cmang	NORM
đc	NORM
cả	O
túi	O
cám	O
cò	O
sang	O
Nhật	O

Ko	NORM
cho	O
ai	O
vay	O
hết	O

mốt	O
đem	O
chục	O
cái	O
qa	NORM
bển	O
nha	O
kkk	O

bất	O
ngờ	O
vậy	O
thay	O
lòng	O
mau	O
dị	NORM

kím	NORM
chiện	NORM
xíu	O
thoi	NORM
iu	NORM
các	O
pạnn	NORM

uống	O
Cô	O
Coa	O
Cô	O
Loa	O
khum	NORM

Thằng	O
con	O
đã	O
nhỏ	O
,	O
thì	O
2	O
thằng	O
đánh	O
cái	O
ng	NORM
đi	O
xe	O
máy	O
còn	O
nhỏ	O
hơn	O
thằng	O
con	O
,	O

kịch	O
bản	O
của	O
m	NORM
chắc	O
cũng	O
sâu	O
đấy	O

Cmn	O
đoạn	O
hú	O
t	NORM
câm	O
nín	O
mẹ	O
lun	NORM

thanh	O
niên	O
này	O
cũng	O
k	NORM
ăn	O
thịt	O
mỡ	O
=)))	O

hướng	O
nội	O
nhưng	O
ko	NORM
hề	O
dễ	O
dãi	O
nha	O
-.-	O

tín	O
hiệu	O
vũ	O
trụ	O
nèk	NORM

ê	O
như	O
mấy	O
th	NORM
red	O
flag	O
nhắn	O
tin	O
xong	O
mất	O
tiu	NORM

chú	O
ý	O
đấy	O
,	O
htrc	NORM
ô	NORM
gấu	O
cứ	O
thế	O
lao	O
ra	O
ngoài	O
đường	O
,	O
may	O
ô	NORM
trong	O
xóm	O
đi	O
chậm	O
chứ	O
k	NORM
thì	O
cũng	O
húc	O
phải	O

Đây	O
là	O
chuyện	O
buồn	O
mà	O
sao	O
mình	O
thấy	O
mng	NORM
toàn	O
thả	O
haha	O

Link	O
fb	O
đâu	O
ae	NORM
nổ	O
lên	O

về	O
cho	O
a	NORM
thử	O
luôn	O

tôi	O
ko	NORM
hèng,	NORM
tôi	O
chọn	O
yêu	O
cuộc	O
sống	O

Quá	O
là	O
bình	O
thường	O
trừ	O
sữa(chỉ	O
con	O
ko	NORM
uống	O
hết	O
thì	O
mẹ	O
uống	O
hộ	O
cho	O
đỡ	O
phí	O
)	O
chứ	O
còn	O
bánh	O
trái,	O
thạch	O
thủng	O
j…	NORM

R	NORM
đem	O
tn	NORM
mẹ	O
lên	O
cho	O
mn	NORM
cừi	NORM

tiểu	O
chuẩn	O
cũng	O
bth	NORM
thui,	NORM
chỉ	O
cần	O
giàu	O
nma	NORM
được	O
cái	O
đẹp	O
là	O
được	O
=)))	O

:)))	O
nhma	NORM
khóc	O
xong	O
thấy	O
iu	NORM
đời	O
hơn	O
đúng	O
kh?	NORM

Thực	O
ra	O
trong	O
câu	O
chuyện	O
của	O
ai	O
thì	O
cũng	O
có	O
kẻ	O
xấu	O
thôi,	O
như	O
trong	O
câu	O
chuyện	O
chị	O
chủ	O
thớt	O
thì	O
thg	NORM
em	O
ck	NORM
với	O
ông	O
ck	NORM
đang	O
là	O
ng	NORM
tệ,	O
nhưng	O
trong	O
mắt	O
nhà	O
ck	NORM
với	O
ck	NORM
chủ	O
thớt	O
thì	O
chủ	O
thớt	O
mới	O
là	O
người	O
gây	O
sự	O
với	O
em	O
ck	NORM
thì	O
sao,	O
chẳng	O
thể	O
biết	O
được.	O

1	O
viên	O
đc	NORM
2	O
ngày	O

Nay	O
mình	O
cũng	O
đi	O
viện	O
bác	O
trông	O
cũng	O
cho	O
mình	O
ca	O
nước	O
kêu	O
dội	O
ik	NORM
đáng	O
iu	NORM
lém	NORM

kệ	O
ii,	NORM
học	O
để	O
cóa	NORM
tương	O
lai	O

ăn	O
hỏi	O
bth	NORM
mà	O
nhiều	O
khi	O
bận	O
quá	O
quên	O
í	O
tưởng	O
báo	O
rồi	O
cũng	O
nên	O

đừng	O
hối	O
e	NORM
lấy	O
ck	NORM

ủa	O
sao	O
tự	O
nhiên	O
đọc	O
xong	O
thấy	O
buồn	O
ngang	O
chị	O
ợ	NORM

anh	O
hết	O
thương	O
em	O
rồi,	O
anh	O
hứa	O
mà	O
anh	O
kh	NORM
qua	O
với	O
em	O

rửa	O
tiền	O
cho	O
ai	O
z	NORM

Độc	O
lạ	O
nhật	O
bản	O
thế	O
này	O
t	NORM
vs	NORM
m	NORM
đi	O
kiếm	O
ăn	O
giàu	O
to	O
cứ	O
phải	O
có	O
nhãn	O
mác	O
cám	O
bai	O
ô	O
jin	O
Việt	O
Nam	O
mới	O
chính	O
hãng	O
cơ	O

Chua	O
lắm,	O
bọn	O
nhóc	O
nó	O
ko	NORM
thích	O

Rồi	O
dúm	NORM
lại	O
là	O
bao	O
nhiêu	O

mặt	O
kiểu	O
k	NORM
quan	O
tâm	O
luôn	O
í	O
:))	O

mĩ	O
vi	NORM
nhân	O
gian	O
của	O
bố	O
mài	NORM
kìa	O
:)))	O

nào	O
t	NORM
đi	O
đc	NORM
Tokyo	O
Dome	O
nhớ	O
dắt	O
t	NORM
chill	O
trò	O
này	O
nhóe	NORM

t	NORM
vừa	O
cãi	O
vừa	O
khosk	NORM

syn	NORM
lủi	NORM
vì	O
hay	O
bắt	O
lũi	NORM
chính	O
tả	O

Đến	O
đoạn	O
thằng	O
em	O
học	O
BK	O
là	O
del	NORM
đọc	O
nữa	O
r	NORM
đừng	O
hòng	O
lừa	O
tao	O

Muốn	O
tgia	NORM
thì	O
làm	O
tnao	NORM
ạ	O

loại	O
m	NORM
dễ	O
bố	O
láo	O
nnay	O
lắm	O
koi	NORM
chừng	O
tao	O

72	O
lên	O
80	O
thì	O
đỉnh	O
của	O
chóp	O
b	NORM
hè	NORM

30p	O
đc	NORM
khum	NORM
chứ	O
15	O
hơi	O
ít	O

Chứ	O
tên	O
đó	O
nữa	O
là	O
ngta	NORM
vã	O
cho	O
khóc	O
nhè	O
luôn	O

nếu	O
em	O
lấy	O
bạn	O
anh	O
thì	O
bh	NORM
đâu	O
cần	O
khóc	O
phải	O
ko	NORM

em	O
múc	O
cho	O
cj	NORM
Gáo	O
nước	O
mưa	O
nhaa	NORM

t	NORM
đi	O
tắm	O
sông	O
cho	O
ló	NORM
mát	O

Nên	O
t	NORM
đòi	O
tiền	O
mà	O
ngta	NORM
không	O
trả	O
là	O
t	NORM
vừa	O
giận	O
vừa	O
cọc	O

dma	O
ko	NORM
biết	O
nên	O
khóc	O
hay	O
nên	O
cười	O
nữa	O

May	O
quá	O
xoá	O
hết	O
gòi	NORM
:)))	O

10đ	O
mà	O
để	O
str	O
nổi	O
bựt	NORM
pik	NORM
mik	NORM
dzai	NORM

lam	NORM
ca	O
si	NORM
trong	O
phong	NORM
tam	NORM

Chuyện	O
bình	O
thường,	O
cả	O
cô	O
dâu	O
chú	O
rể	O
đều	O
đi	O
xuất	O
khẩu	O
lao	O
động	O
xa	O
nhà,	O
mua	O
đc	NORM
vé	O
máy	O
bay	O
2	O
chiều	O
về	O
nước	O
tổ	O
chức	O
đám	O
cưới	O
cực	O
khổ	O
lắm	O
chứ	O

Cổ	O
cx	NORM
bth	NORM
rồi	O
cx	NORM
rep,	O
2	O
đứa	O
rep	O
đứt	O
quãng	O
nhau	O
cx	NORM
khá	O
vui	O

mình	O
không	O
gẩy	O
đồ	O
ăn	O
,	O
mk	NORM
nhắm	O
miếng	O
mình	O
gắp	O
trc	NORM

họi	NORM
ngừi	NORM
hèng	NORM
vịt	NORM
nom	NORM

tớ	O
cũng	O
muốn	O
ăng	NORM
que	O
cay	O
á	O
cậu	O

nhà	O
m	NORM
chứ	O
k	NORM
đâu	O

thì	O
tự	O
nhiên	O
thế	O
thôi	O
chứ	O
có	O
muốn	O
z	NORM
đâu	O

gất	NORM
xin	O
lũi	NORM
bạn	O
iu	NORM
:)))	O

Chỉ	O
kh	NORM
rep	O
tn	NORM
thui	NORM
mà	O
:((	O

về	O
nhà	O
t	NORM
còn	O
quên	O
lấy	O
ra	O
mà	O
vứt	O
,	O
cứ	O
thế	O
thành	O
cái	O
nồi	O
cám	O
lợn	O
trong	O
đấy	O
rồi	O
tự	O
hỏi	O
vì	O
sao	O
balo	O
nó	O
cứ	O
nặng	O
quá=))))))	O

giày	O
bata	O
hay	O
dép	O
tổ	O
ong	NORM
zai	NORM
ơi	O

kím	NORM
cho	O
tớ	O
1	O
con	O
đêyyyy	NORM

bài	O
viết	O
dành	O
cho	O
pà	NORM

:(((	O
thui	NORM
không	O
sao	O
em	O
buồn	O
chút	O
là	O
hết	O
thui	NORM

hic	O
bữa	O
ăn	O
đầu	O
tiên	O
đến	O
nhà	O
ny	NORM
mà	O
bới	O
thức	O
ăn	O
thì	O
đúng	O
là	O
vô	O
duyên	O
thật	O
.	O

ê	O
t	NORM
nhớ	O
câu	O
ch	NORM
chiều	O
nay	O
m	NORM
kể	O

ban	O
đầu	O
có	O
thể	O
c	NORM
ý	O
nói	O
chtay	NORM
nma	NORM
còn	O
có	O
thể	O
suy	O
nghĩ	O
lại,	O
chơ	NORM
nghe	O
anh	O
hát	O
xong	O
là	O
bả	O
chắc	O
chắn	O
với	O
quyết	O
định	O
cụa	NORM
mình	O
luôn	O
r	NORM
đó	O
đa	O

bảo	O
sao	O
k	NORM
có	O
măng	O
cụt	O
chín,	O
toàn	O
măng	O
cụt	O
non	O
thế	O
này	O
:)))	O

Có	O
ngy	NORM
vào	O
cãi	O
nhau	O
nhiều	O
buồn	O
hơn	O
đấy	O

Lên	O
cửa	O
quan	O
lại	O
e	NORM
biết	O
e	NORM
sai	O

sắp	O
sn	NORM
bạn	O
kia	O
cố	O
bán	O
vài	O
em	O
cờ	O
hó	O
để	O
mua	O
quà	O
đi	O

hên	O
qó	NORM
mình	O
đi	O
học	O
lạnh	O
xĩu	NORM
=)))	O

minh	O
chứng	O
cho	O
việc	O
vk	NORM
ở	O
nhà	O
là	O
cơm	O
nguội	O
nhưng	O
là	O
món	O
đặc	O
sản	O
của	O
mấy	O
thằng	O
cha	O
láng	O
giềng	O

Tuổi	O
nào	O
chả	O
đc	NORM
đỡ	O
kiểu	O
công	O
chúa.	O

có	O
lần	O
t	NORM
đi	O
chơi	O
về	O
trễ	O
ba	O
t	NORM
gọi	O
hỏi	O
có	O
về	O
nhà	O
ăn	O
cơm	O
không	O

Chị	O
vs	NORM
ổg	NORM
kết	O
hôn	O
chưa	O
c	NORM

Thì	O
sao	O
bạn	O
ko	NORM
gắp	O
vào	O
,	O
ăn	O
hết	O
thịt	O
nạc	O
,	O
bỏ	O
lại	O
mỡ	O
ra	O
chỗ	O
để	O
xương	O
ý	O

Cười	O
ỉa	O
cười	O
tụt	O
si	NORM
lips	NORM
cười	O
đái	O
tháo	O
đường	O
cười	O
ko	NORM
lối	O
thoát	O

Tôi	O
xem	O
clip	O
xong	O
t	NORM
rất	O
nể	O
đồng	O
chí	O
luôn	O
,	O
t	NORM
bị	O
xịt	O
lướt	O
qua	O
cái	O
đã	O
ngồi	O
ôm	O
mặt	O
luôn	O
r	NORM

mốt	O
cột	O
chó	O
với	O
cá	O
vầy	NORM
đc	NORM
nè	O
mẹ	O

tui	O
vs	NORM
bạn	O
chơi	O
thân	O
dới	NORM
nhau	O
hùi	NORM
nào	O
mẹ	O
bạn	O
hỏng	NORM
bít	NORM
z	NORM

Riêng	O
cái	O
vụ	O
"để	O
bạn	O
thân	O
lên	O
giường	O
ngủ	O
với	O
ny	NORM
xem	O
phản	O
ứng"	O
là	O
đã	O
không	O
thể	O
nuốt	O
nổi	O
rồi.	O

mot	NORM
nha	NORM
tu	NORM
hinh	NORM
chai	NORM
tim	O

Tỉnh	O
nào	O
cũng	O
làm	O
nvay	NORM
thì	O
tốt	O
quá	O

Bực	O
mà	O
khong	NORM
nói	O
thôi	O

batman	O
mà	O
lại	O
để	O
mất	O
con	O
choán	NORM

tối	O
nay	O
thử	O
đi	O
a	NORM

Ai	O
kêu	O
ko	NORM
đeo	O
bao	O
tay	O

hãy	O
nạc	NORM
wan	NORM
nên	NORM
:))))	O

lên	O
twt	O
chỉ	O
mong	O
xem	O
đc	NORM
mấy	O
em	O
thụ	O
thụ	O
xinh	O
xinh	O
như	O
này	O
cho	O
hỏny	O
mà	O
toàn	O
thấy	O
mấy	O
ông	O
bụng	O
bia	O

Tình	O
trạng	O
của	O
Nhung	O
Vũ	O
khi	O
về	O
mà	O
chị	O
Thoa	O
bảo	O
là	O
mẹ	O
để	O
phần	O
ở	O
tủ	O
cho	O
m	NORM
là	O
đây	O
chứ	O
đâu	O
=)))	O

Này	O
chắc	O
phải	O
để	O
cả	O
tuần	O
r	NORM

mình	O
cũng	O
có	O
1	O
ng	NORM
i	NORM
thế	O
này.	O

hình	O
như	O
mấy	O
thăk	NORM
lớp	O
mình	O
chs	NORM
sai	O
luật	O

Má	O
ơi	O
khúc	O
hú	O
lên	O
t	NORM
cười	O
xỉu	O
:))))))	O

Ở	O
Việt	O
Nam	O
có	O
k	NORM
ạ	O
con	O
e	NORM
của	O
e	NORM
cần	O
xin	O
đc	NORM

thấy	O
máy	O
lạnh	O
của	O
trường	O
giờ	O
có	O
tác	O
dụng	O
ghia	NORM

Chơi	O
chữ	O
chứt	NORM
lựng	NORM
quá	O
:)))	O

hnay	NORM
phân	O
vân	O
gần	O
1	O
tiếng	O
xem	O
có	O
nên	O
đi	O
học	O
hay	O
0	NORM
=))))	O

người	O
ae	NORM
tốt	O
mua	O
cho	O
đôi	O
dép	O
,	O
chứ	O
đi	O
mòn	O
hết	O
đế	O
rồi	O

xuống	O
nhà	O
t	NORM
ăn	O
dưa	O
hấu	O

K	NORM
cho	O
thì	O
bảo	O
k	NORM
cho	O

bác	O
cho	O
thằng	O
cháu	O
ruột	O
xem	O
hộ	O
e	NORM
phát	O

Mình	O
thì	O
ở	O
hà	O
nội	O
còn	O
anh	O
thì	O
ở	O
bên	O
ng	NORM
khác	O

đi	O
ăn	O
tối	O
khum	NORM
cưn	NORM

Việt	O
Nam	O
quá	O
chời	NORM
món	O
ngon	O
lun	NORM
á	O

Tôi	O
35t	O
nhưng	O
tâm	O
hồn	O
lúc	O
nào	O
cũng	O
nghĩ	O
mìn	NORM
18t	O

t	NORM
xem	O
xong	O
nghĩ	O
kiểu	O
gì	O
bọn	O
nó	O
cũng	O
nghĩ	O
ra	O
gay	O
cp	O
mà	O

Để	O
giảm	O
cân	O
lm	NORM
đẹp	O

gọi	O
r	NORM
mà	O
khong	NORM
ai	O
bắt	O
máy	O
=))	O

Cháu	O
t	NORM
mới	O
làm	O
banh	O
i	NORM
chang	O
v	NORM
=))	O

mua	O
về	O
cho	O
các	O
cháu	O
làm	O
pet	O
c	NORM
:)))	O

cố	O
gắng	O
156	O
tỏi	NORM
thôi,	O
ko	NORM
cần	O
157	O
như	O
ngta	NORM
đâu	O

thế	O
mà	O
cũng	O
xong	O
4	O
năm	O
đh	NORM
mà,	O
lo	O
gì	O

Nhưng	O
phe	O
nào	O
mạnh	O
t	NORM
về	O
phe	O
đó	O
=))	O

Đọc	O
xong	O
thấy	O
iu	NORM
trường	O
tui	O
lớp	O
lúc	O
nào	O
cũng	O
lạnh	O
muốn	O
bịnh	NORM

Thế	O
ms	NORM
bảo	O
hôn	O
nhân	O
làm	O
sáng	O
mắt	O
ra	O
:))	O
yêu	O
thế	O
nào	O
chả	O
đc	NORM

Nhưng	O
biết	O
đâu	O
cuộc	O
đời	O
trước	O
khi	O
trở	O
lại	O
mới	O
là	O
cuộc	O
đời	O
thật,	O
còn	O
cuộc	O
đời	O
thật	O
bh	NORM
lại	O
là	O
đang	O
trong	O
mơ	O
vì	O
ở	O
cuộc	O
đời	O
thứ	O
1	O
anh	O
này	O
bị	O
bệnh	O
nên	O
đang	O
hôn	O
mê?	O

sau	O
mà	O
con	O
t	NORM
đến	O
hỏi	O
bài	O
thì	O
cho	O
nó	O
ăn	O
cùng	O
nhé	O
:)))	O

ăn	O
hk	NORM
maii	NORM
tụi	O
mìk	NORM
đi	O
ăn=))	O

ủa	O
chửi	O
là	O
đúng	O
òi	NORM

hnao	O
cho	O
a	NORM
mặc	O
thử	O
:))	O

Chứ	O
ký	O
ức	O
cứ	O
trôi	O
dần	O
thì	O
t	NORM
có	O
còn	O
là	O
t	NORM
k?	NORM

ỏ	O
j	NORM
mà	O
dthw	NORM
v	NORM

xin	O
vinh	O
hạnh	O
chúc	O
mừng	O
trúa	NORM
hề	O

Tang	O
công	O
an	O
vào	O
cho	O
chug	NORM
nó	O
lên	O
phường	O
đi	O

cái	O
viên	O
đó	O
hay	O
cái	O
chai	O
này	O
oke	O
hơn	O
dạ	O
mng	NORM

ô	O
dù	O
nhà	O
t	NORM
siu	NORM
chất	O
lượng	O
nha	O
:)))	O

m	NORM
thấy	O
ko	NORM
lý	O
do	O
t	NORM
sợ	O
đi	O
đường	O
bộ	O
là	O
vậy.	O

lấy	O
vợ	O
thôi	O
nhưng	O
đừng	O
sinh	O
con,	O
20tr	O
hãy	O
nghĩ	O
đem	NORM
việc	O
đó	O

Để	O
hình	O
nền	O
bản	O
thân	O
mà	O
sunsee	O
ngta	NORM
dạ	NORM
má?	O
=))))))	O

Tưởng	O
nó	O
vay	O
500k	O
nma	NORM
nó	O
vay	O
50tr	O
nên	O
chịu	O

chưa	O
bh	NORM
xin	O
tiền	O
mẹ	O
nhưng	O
mà	O
mẹ	O
vẫn	O
suốt	O
ngày	O
nói	O
mày	O
chỉ	O
ăn	O
với	O
ngủ	O
,	O
với	O
ôm	O
điện	O
thoại	O
chứ	O
có	O
làm	O
gì	O
đâu	O
nhưng	O
mà	O
mẹ	O
đâu	O
biết	O
là	O
con	O
ôm	O
đt	NORM
kiếm	O
ra	O
tìn	NORM
:((	O

hiểu	O
s	NORM
ko	NORM
ai	O
yêu	O
chưa	O

Roài	NORM
biết	O
chữa	O
đề	O
nào	O
luôn	O
=))	O

đc	NORM
lắm,nghiệp	O
quật	O
rất	O
nhanh	O
thôi,nó	O
năm	O
nay	O
15t	O
giống	O
bố	O
như	O
bản	O
photocoppy.	O

Đọc	O
cho	O
zui	NORM
thôi	O
nha	O
mấy	O
bé	O

t	NORM
cạch	O
luôn	O
,	O
chứ	O
giận	O
hơi	O
nhẹ	O

Y	O
như	O
ck	NORM
mình	O
vậy	O
ý	O

trào	O
ngược	O
nên	O
khó	O
thợ..	NORM

dưa	O
hấu	O
sấy	O
thăng	O
hoaa	NORM

thấy	O
pé	NORM
chóa	NORM
đáng	O
iu	NORM
khom?	NORM

Ngày	O
nhỏ	O
t	NORM
còn	O
sách	O
túi	O
con	O
cò	O
đi	O
học	O
nữa	O
cơ	O

con	O
thật	O
sự	O
ngoo	NORM
ngốk	NORM

Có	O
thể	O
chê	O
phim	O
k	NORM
hay/dở/sến	O
nhưng	O
t	NORM
nghĩ	O
kể	O
cả	O
trung	O
niên	O
thì	O
cũng	O
muốn	O
có	O
1	O
t/yêu	NORM
đẹp	O
như	O
mấy	O
b	NORM
trẻ	O
thôi	O
chứ	O
có	O
gì	O
đâu	O
mà	O
k	NORM
phù	O
hợp,	O
ngộ	O
ha?	O

Nhà	O
có	O
e	NORM
bé	O
mẹ	O
và	O
e	NORM
bé	O
con	O

ko	NORM
có	O
gì	O
hết	O
cứ	O
bình	O
tĩnh,	O
ck	NORM
m	NORM
đg	NORM
học	O
lớp	O
1	O
á	O
kkk	O

mua	O
về	O
nuôi	O
đi	O
hc	NORM
cách	O
trở	O
thành	O
bộ	O
trưởng	O
bộ	O
ngoại	O
giao	O
như	O
ẻm	O
=))))))	O

sao	O
tui	O
lấy	O
vợ	O
k	NORM
mập	O
lên	O
thế	O
nhỉ	O

nhồi	O
bột	O
rửa	O
bột	O
nước	O
nóng	O
hay	O
lạnh	O
kg	NORM
nói	O
gi	NORM
hết	O

Bả	O
có	O
đứa	O
cháu	O
gái	O
chắc	O
tầm	O
20t,	O
học	O
hết	O
cấp	O
3,	O
đã	O
lấy	O
ck	NORM
và	O
có	O
1	O
đứa	O
con,	O
giờ	O
đang	O
ở	O
quán	O
vừa	O
phụ	O
cừa	NORM
học	O
việc	O

Tưởng	O
cả	O
team	O
đổi	O
đời	O
thế	O
nàoooo	NORM

Vậy	O
nếu	O
theo	O
đúng	O
kịch	O
bản	O
này	O
thì	O
ny	NORM
mình	O
chắc	O
cũng	O
học	O
lớp	O
8	O
rồi	O

tr	NORM
ơi	O
tạ	O
ơn	O
tr	NORM
phật,	O
đi	O
làm	O
chờ	O
mấy	O
ngày	O
này	O
thôi	O
đó	O

chuyên	NORM
đời	O
kêu	O
kh	NORM
biết	O
giống	O
ai,hàng	O
xóm	O
cứ	O
chọc	O
ba	O
mẹ	O
t	NORM
xong	O
ba	O
mẹ	O
cũng	O
kêu	O
giống	O
ông	O
bà,	O
với	O
tại	O
ba	O
t	NORM
lớn	O
rồi	O
mà	O
t	NORM
nhìn	O
cũng	O
kh	NORM
giống	O
thiệt	O

Giữ	O
sức	O
khoẻ	O
nha	O
ae	NORM

m	NORM
thời	O
đi	O
học	O
tự	O
tin	O
vào	O
kiến	O
thức.	O

Mấy	O
loại	O
này	O
thì	O
nhiều	O
khi	O
nghiệ	NORM
quá	O
k	NORM
có	O
tiền	O
cx	NORM
cố	O
vay	O
mà	O
chơi	O
:))	O

Giỏi	O
lắm	O
Chi	O
Pu	O
àhhhhh	NORM

Bỏ	O
qua	O
vụ	O
cp	O
thì	O
chương	O
trình	O
này	O
hay	O
đúng	O
kiểu	O
chữa	O
lành,	O
nhẹ	O
nhàng	O
bình	O
yên,	O
lại	O
học	O
dc	NORM
mấy	O
món	O
ăn	O
nữa	O
chứ,	O
ấn	O
tượng	O
chắc	O
mùa	O
5	O
đào	O
hoa	O
nguyên	O

Khi	O
áo	O
chống	O
nắng	O
của	O
bạn	O
chỉ	O
che	O
đc	NORM
1/2	O
bàn	O
tay..	O

Vậy	O
lương	O
100	O
củ	O
đc	NORM
lấy	O
10	O
vợ	O
đúng	O
k	NORM

Ý	O
là	O
be	O
bé	O
thì	O
dth	NORM

Tự	O
nhiên	O
thấy	O
iu	NORM
đương	O
cũng	O
dui	NORM

ckồnq	NORM
iu	NORM
ơi	O
e	NORM
iu	NORM
ckồnq	NORM
nkìu	NORM
lém	NORM

Chòi	NORM
má	O
dthg	NORM
quá	O
nè	O
cưng	O

r	NORM
cái	O
cặp	O
thành	O
cái	O
thùng	O
rác	O
luôn	O

Tự	O
dưng	O
t	NORM
nghe	O
thấy	O
tiếng	O
nhạc	O
ở	O
đâu	O
thế	O
nhỉ	O

răng	O
hắn	O
giống	O
ta	O
rứa	O
hè	NORM

Cứ	O
đến	O
mùa	O
là	O
k	NORM
còn	O
cái	O
lá	O

Bạn	O
có	O
thể	O
quay	O
lại	O
cho	O
chồng	O
xem	O
lúc	O
thằng	O
cu	O
lên	O
cơn	O
hỗn	O
hào	O
(với	O
bme	NORM
chồng	O
chẳng	O
hạn),	O
gửi	O
thẳng	O
cho	O
chồng	O
bảo	O
anh	O
gọi	O
điện	O
khuyên	O
nhủ	O
em	O
trai	O
đi,	O
em	O
thấy	O
bố/mẹ	O
buồn	O
(khóc)	O
lắm	O
mà	O
em	O
ko	NORM
can	O
thiệp	O
được.	O

xin	O
lũi	NORM
bạng	NORM
vì	O
gọi	O
bạng	NORM
là	O
con	O
Pónk	NORM

Hoặc	O
làm	O
thân	O
với	O
anh	O
CA	NORM
khu	O
vực	O
để	O
khi	O
nào	O
có	O
chuyện	O
gọi	O
cái	O
đến	O
nuôb	NORM

t	NORM
tới	O
khúc	O
giống	O
vầy	O
gòi	NORM

ngày	O
thường	O
đi	O
giao	O
hàng	O
kẹt	O
xe	O
quen	O
rồi,	O
giờ	O
đường	O
vắng	O
tự	O
nhiên	O
cảm	O
thấy	O
ko	NORM
quen	O

biến	O
tấu	O
của	O
canh	O
tình	O
iu	NORM
hay	O
gì	O
:))	O

nhanh	O
dữ	O
vậy	O
mí	NORM
bà	O
em	O
bất	O
ngờuln	O
ấy	O

đấy	O
là	O
cấp	O
1	O
thôi	O
chứ	O
cấp	O
2	O
thì	O
ko	NORM
fai	NORM
bàn	O

Hứa	O
cho	O
là	O
phải	O
cho	O
nhà	O
thật	O
chứ	O
ko	NORM
phải	O
nhà	O
in	O
trên	O
giấy	O
đâu	O
nhé.	O

Ny	NORM
t	NORM
bh	NORM
ms	NORM
đang	O
dậy	O
thì	O
ấy	O

Lại	O
là	O
câu	O
chuyện	O
của	O
anh	O
zai	NORM
này	O
hả	O

tôi	O
xem	O
cut	O
thấy	O
tình	O
tiết	O
bth,	NORM
chỉ	O
k	NORM
bth	NORM
ở	O
chỗ	O
chemistry	O
2	O
người	O
tệ	O
quá..	O

Sinh	O
ziên	NORM
miền	O
bắc	O
vẫn	O
đang	O
trùm	O
chăn	O
chờ	O
cái	O
nóng	O
30	O
độ	O
của	O
dự	O
báo	O
thời	O
tiết	O

E	NORM
đang	O
có	O
ý	O
định	O
dạy	O
gs	NORM
mà	O
lướt	O
thấy	O
bài	O
viết	O
đáng	O
yêu	O
quá	O
ạ	O
nên	O
e	NORM
cx	NORM
hào	O
hứng	O
hơn.	O

ê	O
t	NORM
sợ	O
như	O
này	O
thiệc	NORM
á,	O
t	NORM
bỏ	O
về	O
luôn	O

vào	O
khs	O
mn	NORM
cứ	O
giành	O
ghế	O
trống,	O
lấy	O
1	O
cái	O
ngồi	O
là	O
ăn	O
chửi	O

Ủa	O
dễ	O
thương	O
quá	O
hong	NORM
quen	O

Những	O
khi	O
xem	O
bộ	O
phim	O
hay	O
hay	O
là	O
nghe	O
nhạc	O
mình	O
yêu	O
thích	O
t	NORM
chỉ	O
muốn	O
1	O
mình,	O
có	O
thêm	O
ng	NORM
thì	O
thêm	O
ồn	O
thôi,	O
điều	O
đó	O
làm	O
t	NORM
mất	O
tập	O
trung	O
và	O
k	NORM
thực	O
sự	O
tận	O
hưởng	O
á	O

thôi	O
thì	O
cứ	O
tích	O
cực	O
lêng,	NORM
rồi	O
chúng	O
ta	O
cũng	O
sẽ	O
đượt	NORM
yêu	O
thôi	O

đọc	O
cái	O
này	O
tự	O
nhiên	O
nhớ	O
tới	O
vụ	O
mắt	O
kính	O
của	O
c	NORM
Hân	O

Tới	O
lúc	O
con	O
đi	O
học	O
được	O
thì	O
mẹ	O
cũng	O
đi	O
làm	O
lại	O
đc	NORM
rồi	O

24h	O
là	O
đủ	O
tgian	NORM
để	O
tìm	O
người	O
khác	O
quan	O
tâm	O
r	NORM
em.	O

2	O
vc	NORM
mua	O
nhà	O
chỗ	O
này	O
là	O
ok	O
nè	O

Bài	O
tuyên	O
ở	O
đâu	O
dị	NORM
hỏi	O
thật	O

Bởi	O
lương	O
2	O
chẹo	NORM
nè	O
có	O
dám	O
lấy	O
vợ	O
đâu	O

Nếu	O
là	O
anh	O
trong	O
hình	O
thì	O
dc	NORM

Cno	NORM
dáng	O
đẹp	O
hơn	O
cả	O
mình	O
:))	O

Mn	NORM
vào	O
trang	O
ông	O
này	O
đi	O
ạ	O
ông	O
này	O
với	O
vợ	O
cũng	O
đăng	O
nhiều	O
cái	O
dễ	O
thương	O
lắm	O
chắc	O
quay	O
cho	O
vui	O
thôi	O
ý	NORM
ạ	O

cái	O
viên	O
này	O
hết	O
lẹ	O
như	O
quỷ	O
luôn	O
á	O
bà	O
dà	NORM

để	O
t	NORM
dắt	O
m	NORM
đi	O
đo	O
kính	O

Hải	O
phòng	NORM
là	O
ko	NORM
lòng	O
vòng	O

mai	O
dô	NORM
đóng	O
băng	O
tiếp	O
nè	O

2k7	O
năm	O
tới	O
cx	NORM
gọi	O
là	O
năm	O
chuột	O
bạch	O
thử	O
nghiệm	O
chương	O
trình	O
mới	O
hết	O
và	O
thi	O
đh	NORM
cx	NORM
làm	O
mới	O
theo	O
luôn	O
quá	O

Tui	O
cũng	O
quen	O
hơn	O
2	O
năm	O
roài	NORM
mà	O
ngày	O
nào	O
cũng	O
bám	O
nhau,	O
chỉ	O
cần	O
1	O
ngày	O
hong	NORM
gặp	O
thui	NORM
là	O
tui	O
bực	O
bội	O
rồi	O
á	O

Tiền	O
ăn	O
ở	O
đc	NORM
bao,	O
ra	O
tù	O
còn	O
đc	NORM
cho	O
tiền	O
nx,	NORM
tiền	O
án	O

Bây	O
giờ	O
mới	O
được	O
quan	O
tâm	O
nhưng	O
muộn	O
còn	O
hơn	O
ko	NORM

Mê	O
quá	O
mê	O
gòi,	NORM
tui	O
muốn	O
hướng	O
đến	O
hình	O
tượng	O
như	O
nàyyy	NORM
nè,	O
chuẩn	O
gu	O
tui	O
gòi	NORM

Òi	NORM
là	O
từ	O
nay	O
cái	O
quần	O
đấy	O
là	O
của	O
a,	NORM
của	O
a	NORM
hết	O
bị	O
vỗ	O
mông	O
thì	O
biết	O
r	NORM

mua	O
đeo	O
dới	NORM
em	O
đi	O

dễ	O
thương	O
zữ	NORM
rùi	NORM
đó	O

Đi	O
bthuong	NORM
ma	NORM
ko	NORM
1	O
tiếng	O
ồn	O
nhé	O

đến	O
đc	NORM
đẳng	O
cấp	O
ni	NORM
chưa	O

Lấy	O
vk	NORM
lên	O
hăn	NORM
8	O
cân	O

người	O
chuyên	O
đi	O
đòi	O
hộ	O
e	NORM

hôn	O
nhân	O
ko	NORM
còn	O
ý	O
nghĩa	O
khi	O
cả	O
hai	O
ngừng	O
nhu	O
cầu	O
lắng	O
nghe	O
bạn	O
đời	O
nói,	O
và	O
người	O
kia	O
cũng	O
không	O
có	O
nhu	O
cầu	O
sẻ	O
chia.	O

Cậu	O
này	O
phải	O
là	O
cshs	NORM
tầm	O
Quận	O
với	O
TP	O
mới	O
tương	O
xứng	O
với	O
kỹ	O
năng	O
của	O
cậu	O
ý	O
.	O

m	NORM
hiểu	O
ý	O
t	NORM
chứ	O

tụi	O
mình	O
có	O
phải	O
làm	O
dị	NORM
hok	NORM

Mà	O
này	O
là	O
chương	O
trình	O
j	NORM
v	NORM
mn	NORM

Ko	NORM
chết	O
đk	NORM
đâu,	O
tao	O
còn	O
vừa	O
ăn	O
gần	O
hết	O
quả	O
dưa	O
lê	O
hỏng	O
từ	O
tủ	O
lạnh	O
ra	O
cơ	O
mà	O

sự	O
thật	O
rõ	O
ràng	O
rồi	O
còn	O
ai	O
ns	NORM
các	O
em	O
bị	O
oan	O
không	O
:))	O

Dị	O
ứng	O
có	O
thể	O
xảy	O
ra	O
bất	O
cứ	O
lúc	O
nào,	O
với	O
bất	O
cứ	O
thứ	O
gì,	O
dù	O
bạn	O
có	O
ăn	O
món	O
đó	O
mấy	O
chục	O
năm	O
ko	NORM
sao	O
nhưng	O
1	O
ngày	O
đẹp	O
trời	O
tự	O
dưng	O
ăn	O
vào	O
khó	O
thở	O

dả	NORM
bộ	O
dụi	O
mắt	O
=)))	O

ce	NORM
mik	NORM
ngồi	O
kế	O
mấy	O
ng	NORM
k	NORM
bc	NORM
thưởng	O
thức	O
âm	O
nhạc	O
k	NORM
à	O

nhớ	O
đừng	O
hỏi	O
c	NORM
nha	O

Đứa	O
nào	O
k	NORM
tin	O
lm	NORM
cún:)	O

T	NORM
có	O
ảnh	O
cap	O
màn	O
hình	O
ròi	NORM
m	NORM
khỏi	O
trối	NORM

Ko	NORM
ăn	O
1	O
bữa	O
ko	NORM
chết	O
chứ	O
đc	NORM
vài	O
ba	O
miếng	O
thịt	O
lại	O
bị	O
mang	O
tiếng	O
là	O
vô	O
duyên	O

lương	O
ks	NORM
3000	O
,	O
thấy	O
các	O
bạn	O
trẻ	O
kiếm	O
tiền	O
dễ	O
ghê	O

Nếu	O
mức	O
sống	O
tại	O
các	O
thành	O
phố	O
thì	O
ko	NORM
đủ	O
thật	O

Kakaa	O
mập	O
mờ	O
thì	O
zui	NORM
với	O
nhiều	O
người	O

mynk`	NORM
kầm	NORM
pănk	NORM
đóng	O
nk4u	NORM

Bây	O
giờ	O
qtr	NORM
là	O
bé	O
sống	O
với	O
ai	O
sẽ	O
tốt	O
hơn	O

20	O
tuổi	O
xanh	O
bị	O
thiếu	O
máu	O
và	O
đủ	O
mọi	O
loại	O
vấn	O
đề	O
liên	O
quan	O
đến	O
việc	O
máu	O
không	O
lưu	O
thông	O
và	O
nhận	O
ra	O
mình	O
đã	O
bỏ	O
bê	O
cơ	O
thể	O
mình	O
đến	O
mức	O
nào	O
chế	O
độ	O
‘ăn	O
uống	O
như	O
cc’	NORM
thật	O
đáng	O
sợ	O

e	NORM
sắp	O
thành	O
fan	O
cj	NORM
thỏ	O
ngọc	O
r	NORM

ngta	NORM
làm	O
y	O
hịt	NORM
như	O
vầy	O
với	O
chân	O
tui	O
nè	O

Dù	O
ai	O
nói	O
ngả	O
nói	O
nghiêng	O
thì	O
t	NORM
vẫn	O
thích	O
màu	O
đen	O
nhá	O

sắp	O
gồi	NORM
đó,	O
e	NORM
có	O
dị	NORM
hông	NORM

Văn	O
mẫu	O
để	O
cbi	NORM
đi	O
Tò	O

cho	O
ck	NORM
mặc	O
chắc	O
ngon	O
hơn	O
cả	O
t	NORM
quá	O

tr	NORM
oi	NORM
chết	O
tui	O
tr	NORM
oi	NORM

Ông	O
Bà	O
nào	O
muốn	O
trải	O
nghiệm	O
cứ	O
inb	O
cho	O
t	NORM
nhé	O

vào	O
nhận	O
dân	O
HP	O
k	NORM
lòng	O
vòng	O
kìa	O

Chúng	O
tôi	O
vô	O
cùng	O
hối	O
hận	O
với	O
hành	O
vi	O
của	O
mình	O
,	O
mong	O
anh	O
chị	O
dơ	NORM
cao	O
đánh	O
khẽ	O
:))	O

cũng	O
gần	O
1	O
tháng	O
r	NORM

coi	O
z	NORM
chứ	O
tui	O
có	O
nhiều	O
kinh	O
nghiệm	O
sống	O
đó	O

nhưng	O
mà	O
sẽ	O
ko	NORM
có	O
ảnh	O
chụp	O
mình	O
tại	O
concert	O
đâuuuu	NORM
ko	NORM
có	O
kỷ	O
niệm	O
rất	O
buồnnnnn	NORM

R	NORM
cuối	O
cùng	O
lại	O
mếu	O
máo	O
1	O
lũ	O
đến	O
xin	O
lỗi	O
người	O
ta	O
thôi	O

phải	O
làm	O
sai	O
mới	O
hấp	O
dẫn	O
chứ	O
b	NORM

mời	O
cưới	O
trc	NORM
10	O
năm	O
à	O
:))	O

Thì	O
giống	O
ở	O
VN	O
í,	NORM
khoác	O
cái	O
gì	O
loằng	O
ngoằng	O
tiếng	O
Nhật	O
cũng	O
ra	O
gì	O
lắm	O
chứ	O
bộ	O

Cụt	NORM
sống	O
này	O
k	NORM
ủn	NORM
chút	O
nào	O

ngạc	O
nhiên	O
nha,	O
phim	O
ra	O
đúng	O
dịp	O
này	O
lun	NORM
nè	O

Chứ	O
cứ	O
ngồi	O
đợi	O
giàu	O
mới	O
lấy	O
vk	NORM
có	O
mà	O
đến	O
già	O
vẫn	O
chưa	O
lấy	O
được	O
vk	NORM

Ua	NORM
tư	NORM
nhiên	O
co	NORM
con	O
rồi	O
k	NORM
cho	O
ta	O
ăn	O
ha	O
gi	NORM
rôi	NORM
b	NORM
hết	O
iu	NORM
tui	O
r	NORM
kiểu	O
z	NORM
hả	O

cùng	O
theo	O
nhịp	O
anh	O
e	NORM
ta	O
quảy	NORM
hết	O
mình..	O

bieets	NORM
mặc	O
cái	O
nào	O
rùi	NORM
nhớ	O

hay	O
đi	O
rồi	O
về	O
ms	NORM
ăn	O
sn	NORM
tui	O
cho	O
ngon	O

Có	O
1	O
bệnh	O
nhân	O
nhập	O
viện	O
với	O
triệu	O
chứng	O
dị	O
ứng,	O
nhưng	O
khổ	O
cái	O
là	O
mn	NORM
éo	NORM
biết	O
bệnh	O
nhân	O
bị	O
dị	O
ứng	O
cái	O
éo	NORM
gì	O
cả?	O

shao	NORM
giờ	O
mới	O
biết	O
ta	O

T	NORM
nhớ	O
chó	O
của	O
t	NORM
quạa	NORM

Gia	O
Đình	O
Chị	O
kìa	NORM
làm	O
ơn	O
Kiện	O
tới	O
cùng,	O
dù	O
cho	O
cả	O
lò	O
nhà	O
nó	O
quỳ	O
xuống	O
thì	O
vẫn	O
ko	NORM
rút	O
đơn	O

Đi	O
tù	O
có	O
được	O
tuần	O
về	O
nhà	O
3	O
lần	O
kh	NORM
ạ	O

Em	O
này	O
hàng	O
xóm	O
mình	O
mà	O
bé	O
ấy	O
chịu	O
khó	O
lắm	O
cứ	O
k	NORM
phải	O
tập	O
luyện	O
j	NORM
về	O
tới	O
quê	O
là	O
lại	O
ra	O
đồng	O
giúp	O
mẹ	O
việc	O
đồng	O
áng,	O
Chả	O
bao	O
giờ	O
thấy	O
e	NORM
nó	O
ăn	O
chơi	O
hút	O
chích	O
gì.	O

gây	O
tê	O
nửa	O
người	O
nên	O
vẫn	O
nhận	O
thức	O
đc	NORM
ông	O
bs	NORM
đang	O
dùng	O
búa	O
phang	O
ầm	O
ầm	O
ở	O
dứi,	NORM
rồi	O
mùi	O
khét	O
khét	O
thơm	O
thơm	O
khi	O
đốt	O
sụn	O
chêm,	O
lâu	O
lâu	O
lại	O
có	O
mấy	O
câu	O
chửi	O
mấy	O
anh	O
thực	O
tập	O
viên	O
vì	O
đem	O
thiếu	O
dụng	O
cụ	O
r	NORM
khoan	O
mãi	O
một	O
lỗ	O
mà	O
ko	NORM
xong	O
:))))	O

mình	O
+	O
cậu	O
và	O
tiếng	O
Hàn	O
Hạn	O
Hán	O
đêm	O
nào	O
cũng	O
khóc	O
trong	O
bất	O
lựk	NORM

đau	O
đầu	O
lắm	O
r	NORM
ạ	O

anh	O
em	O
mình	O
ngồi	O
im	O
ty	NORM
sẽ	O
auto	O
tới	O
nhỉ	O
=))))	O

CP	O
hát	O
vẫn	O
không	O
hay	O
nhưng	O
thể	O
hiện	O
vậy	O
là	O
quá	O
tốt	O
r	NORM

Hai	O
con	O
luôn	O
mới	O
shợ	NORM

a	NORM
mà	O
mặc	O
nhìn	O
chắc	O
buồn	O
cười	O
lắm	O

Cười	O
xg	NORM
đc	NORM
hs	NORM
xs	NORM

Có	O
drama	O
j	NORM
thì	O
nghe	O
từ	O
2	O
phía	O
đi	O
ad	O

thấy	O
tác	O
dụng	O
của	O
việc	O
có	O
nhiều	O
mập	O
mờ	O
chưaa	NORM

Ko	NORM
biết	O
tiếng	O
Anh	O
vậy	O
cái	O
ghi	O
tiếng	O
Việt	O
vậy	O
hả	O

vì	O
cháu	O
xứng	O
đáng	O
đc	NORM
như	O
vậy	O
xin	O
chúc	O
mừng	O
cháu	O

Nhớ	O
thì	O
trả	O
ko	NORM
thì	O
cho	O
luôn,	O
khỏi	O
đòi	O

này	O
thì	O
anh	O
t,	NORM
chuyên	O
ăn	O
đêm,	O
ăn	O
nhiều	O
mà	O
ng	NORM
k	NORM
chút	O
mỡ=]	O

Hỉu	NORM
lầm	O
bé	O
thu	O
gòy	NORM

v	NORM
tư	O
vấn	O
người	O
ta	O
đến	O
ngay	O
với	O
nhà	O
shinhan	O
để	O
đỡ	O
phải	O
né	O
tránh	O

hết	O
từ	O
thòei	NORM
xa	O
xưa	O

Hnay	NORM
c	NORM
cũng	O
sương	O
sương	O
ha	O

khong	NORM
biết	O
ai	O
nhiều	O
hơn	O
ai	O
đâu	O

Kiểu	O
mở	O
miệng	O
là	O
thấy	O
ngại	O
ngại	O
sao	O
k	NORM
bíc	NORM
làm	O
cách	O
nào	O
khéo	O
nữa	O
haizz	O

Thương	O
con	O
kiểu	O
mù	O
quáng	O
vậy	O
anh	O
zai	NORM

Dương	O
Mịch	O
xinh	O
quá	O
àaaaa	NORM

v	NORM
mà	O
cđ	NORM
qua	O
phòng	O
tao	O
nó	O
hỏi	O
nước	O
màu	O
xanh	O
trong	O
bồn	O
là	O
cl	NORM
gì	O
á	O
bây	O

suy	O
nghĩ	O
ăn	O
gì	O
hơn	O
2	O
tiếnggg	NORM

Đi	O
chợ	O
đồ	O
cũ	O
bên	O
Nhật	O
cái	O
túi	O
y	O
như	O
cái	O
bảo	O
đựng	O
cám	O
còn	O
bé	O
hơn	O
thế	O
tính	O
tiền	O
Việt	O
cũng	O
phải	O
hơn	O
trăm	O
nghìn	O
ấy,còn	O
k	NORM
biết	O
đồ	O
mới	O
thì	O
giá	O
sẽ	O
ntn	O
nữa	O

Mơi	NORM
mốt	O
cô	O
đừng	O
có	O
zị	NORM
nhee	NORM

Cứ	O
trực	O
tiếp	O
giả	O
vờ	O
hỏi	O
gài	O
xem	O
mình	O
thích	O
cái	O
gì	O
1	O
cách	O
khéo	O
léo	O
gòi	NORM
mua	O
tặng	O

Sl	NORM
3	O
mới	O
đau	O
chứ	O
=))	O

hồi	O
đó	O
tui	O
sau	O
giờ	O
hcj	NORM
tui	O
cũng	O
y	O
vậy	O
hăng	O
lắm	O
mà	O
hay	O
bị	O
lớp	O
kêu	O
phiền	O
cô	O
=(	O

Gia	O
đình	O
dui	NORM
dẻ	NORM
bên	O
con	O
guột	NORM

Giống	O
con	O
game	O
này	O
à	O
mn	NORM

Giống	O
t	NORM
vs	NORM
ck	NORM
t	NORM
ghê	O

profile	O
b	NORM
cx	NORM
nnay	NORM
đúng	O
kh??	NORM

4	O
tháng	O
tự	O
đi	O
làm	O
kiếm	O
ăn	O
đc	NORM
gồi	NORM
đó	O
bác	O

20+	O
rùi	NORM
bố	O
mẹ	O
gọi	O
cho	O
tô	O
em	O
bé	O
+	O
ko	NORM
hành	O
=))	O

bà	O
mẹ	O
kiểu	O
:con	O
cái	O
cho	O
ăn	O
hc	NORM
đàng	O
hoàng	O
mà	O
nạt	O
mẹ	O
zị	NORM
đó	O

tr	NORM
ơi	O
ác	O
mồm	O
chi	O
zậy	NORM
tr	NORM

Ủa	O
đứa	O
lp	NORM
t	NORM
cx	NORM
có	O
đứa	O
có	O
bộ	O
này	O
một	O
đám	O
bu	O
vào	O
chơi	O
t	NORM
là	O
sói	O
trùm	O
còn	O
đc	NORM
đứa	O
khác	O
bảo	O
vệ	O
thế	O
là	O
đang	O
chơi	O
hết	O
h	NORM

m	NORM
cần	O
v	NORM
ko,	NORM
t	NORM
dẫn	O
m	NORM
vô	O
shop	O
chụp	O

đau	O
lưng	O
mỏi	O
chân	O
k	NORM

có	O
son	O
hồng	O
đất	O
nào	O
giá	O
ok	O
mà	O
màu	O
k	NORM
sến	O
k	NORM
mng	NORM

Hàng	O
limited	O
đấy	O
k	NORM
đụng	O
hàng	O
đâu	O

có	O
quan	O
tâm	O
kh	NORM
s	NORM
thấy	O
nghỉ	O
quài	NORM
z	NORM

Mặc	O
để	O
bớt	O
nóng	O
thỳ	NORM
áo	O
sáng	O
màu	O

Xã	O
hội	O
ngày	O
càng	O
ptr	NORM
:))))	O

Hà	O
ai	O
r	NORM
cx	NORM
thay	O
đổi	O

Ng	NORM
chiến	O
sí	NORM
công	O
an	O
nhân	O
dân	O

hai	O
khứa	O
này	O
dzui	NORM
ghê	O
nào	O
mình	O
đi	O
tà	NORM
tưa	NORM
đi	O

T	NORM
muốn	O
ăn	O
mang	NORM
cụt	O
chín	O
100k	O
3kg	O
cơ	O

Độc	O
thân	O
nhưng	O
2	O
tay	O
2	O
con	O
ghệ	O
và	O
n+	O
thk	NORM
ck	NORM

Trc	NORM
dạy	O
c3	O
mua	O
tk	NORM
vĩnh	O
viễn	O
để	O
dùng,	O
chuyển	O
về	O
c2	O
bỏ	O
xó	O
vì	O
cấp	O
2	O
không	O
dùng	O
=)))	O

Vậy	O
nên	O
lương	O
7tr	O
ko	NORM
dám	O
đi	O
tán	O
gái	O
:)))	O

Nói	O
,	O
ng	NORM
này	O
hay	O
ăn	O
ghẹ	O
của	O
con	O
nè	O

May	O
mà	O
ổng	O
chưa	O
thấy	O
4	O
đứa	O
con,	O
chơ	NORM
ko	NORM
khéo	O
lại	O
tưởng	O
là	O
sinh	O
tử	O
văn	O
chuyển	O
thể	O
thì	O
chớt	NORM
:))))	O

có	O
lần	O
n	NORM
đang	O
ngủ,	O
t	NORM
ôm	O
n	NORM
ra	O
lấy	O
lông	O
n	NORM
lau	O
nước	O
mắt	O
=)))))))))	O

Khó	O
vậy	O
bạn	O
cũng	O
nghĩ	O
ra	O
được	O
huhu	O
ở	O
nhà	O
tui	O
còn	O
ko	NORM
dám	O
bới	O
huống	O
gì	O
ra	O
mắt	O
nhà	O
ny	NORM
lần	O
đầu	O
vái	O
cả	O
nón!	O

là	O
con	O
t	NORM
t	NORM
cũng	O
mắng	O
=]]	O

Chủ	O
thớt	O
tưởng	O
viết	O
lên	O
đây	O
đc	NORM
mọi	O
người	O
đồng	O
cảm,	O
ai	O
dè	O
bị	O
chưởi	NORM
hết	O
đác	NORM

Phụ	O
nữ	O
Vn	O
kiên	O
cường	O
e	NORM
thật	O
xứng	O
đáng	O
e	NORM
cố	O
gắng	O
e	NORM
nhé	O

seo	NORM
mà	O
hay	O
dị	NORM
quáaaa	NORM

E	NORM
k	NORM
biết	O
đủ	O
hay	O
ko	NORM
nhưng	O
tính	O
sơ	O
sơ	O
1	O
tháng	O
mất	O
4-5tr	O
cho	O
th	NORM
cu	O
con	O
tiền	O
học	O
mẫu	O
giáo,	O
sữa	O
,	O
bỉm	O
vs	NORM
lặt	O
vặt	O
của	O
nó	O

k	NORM
cần	O
học	O
đâu,	O
niệm	O
chú	O
như	O
kia	O
là	O
dc	NORM
dkhong.	NORM

qán	NORM
cf	O
mà	O
qay	NORM
phòng	O
ngủ	O
nữa	O
tr	NORM

Mình	O
cũng	O
thuộc	O
tuýp	O
người	O
chậm	O
chạp	O
lắm,	O
mình	O
cũng	O
muốn	O
nhanh	O
nhma	NORM
mỗi	O
lúc	O
nhanh	O
là	O
y	O
như	O
rằng	O
mình	O
lại	O
làm	O
sai	O
cái	O
gì	O
đấy,	O
ai	O
không	O
hiểu	O
sẽ	O
chán	O
ghét	O
sự	O
lề	O
mề	O
đó	O
của	O
mình	O
lắm	O
nhưng	O
thật	O
may	O
ở	O
chỗ	O
làm	O
của	O
mình	O
mình	O
có	O
người	O
chủ,	O
những	O
người	O
đồng	O
nghiệp	O
luôn	O
hiểu	O
cho	O
mình	O
,	O
mình	O
rất	O
cảm	O
kích	O
và	O
chỉ	O
biết	O
làm	O
việc	O
thật	O
nghiêm	O
túc	O
nhất	O
có	O
thể.	O

Các	O
dợ	NORM
iu	NORM
của	O
ck	NORM
ơiiii	NORM
mèo	O
méo	O
meo	O
mèo	O
meooo	NORM

ý	O
kiến	O
kh	NORM
tồi	O
đôu	NORM
=))))))))	O

Chời	NORM
ơi	O
cùng	O
tên	O
nhưng	O
tui	O
khum	NORM
có	O
dậy,	NORM
chia	O
tay	O
tui	O
đi	O
tông	O
đơ	O
mấy	O
bà	O
ơiii	NORM

e	NORM
thấy	O
mì	O
căn	O
ruột	O
mua	O
ở	O
ngoài	O
ăn	O
nghe	O
bột	O
nhìu	NORM
quá.	O

Mai	O
mốt	O
có	O
nằm	O
viện	O
kiếm	O
con	O
mèo	O
nha	O
m	NORM

“nhưng	O
t	NORM
thấy	O
nó	O
nói	O
đúng,	O
m	NORM
nên	O
nghe	O
theo	O
đi”	O

e	NORM
nè,	O
mua	O
về	O
xài	O
mẹ	O
la	O

Hai	O
miếng	O
dưa	O
nó	O
nói	O
là	O
"t	NORM
nằm	O
đây	O
chờ	O
mài	NORM
đến	O
héo	O
mòn	O
thanh	O
xuân"	O

Còn	O
cây	O
son	O
tâm	O
đắt	O
nhất	O
thì	O
là	O
3ce	O
blur	O
water	O
tint	O
t	NORM
nói	O
bao	O
đẹp	O

Rồi	O
vẫn	O
ko	NORM
hiểu	O
thế	O
lực	O
nào	O
xui	O
khiến	O
2	O
con	O
được	O
10đ	O
lịch	O
sử.	O

bà	O
dà	NORM
thấy	O
iem	NORM
thở	O
như	O
chóa	NORM
=))	O

đi	O
1	O
lần	O
thui	NORM
ráng	O
lụm	O
10	O
nè	O

mình	O
có	O
3	O
tk	NORM
e	NORM
báo	O
thủ	O
+	O
1	O
bà	O
chị	O
báo	O
già	O
+	O
1	O
ô	NORM
anh	O
báo	O
đại,	O
chứ	O
đáng	O
eo	NORM
như	O
nài	NORM
thì	O
khummm	NORM

Ko	NORM
làm	O
muốn	O
có	O
ăn	O
đây	O
mà	O

Gòi	NORM
hỏi	O
sao	O
ngta	NORM
k	NORM
dám	O
tỏ	O
tình	O
:)))	O

hồi	O
mới	O
xem	O
nhìn	O
thumbnail	O
cộng	O
vs	NORM
hai	O
ổng	O
nhẹ	O
nhàng	O
vcl	O
lm	NORM
t	NORM
cũng	O
tưởng	O
như	O
thế	O

Nhìn	O
giống	O
thật	O
cơ,	O
khoonng	NORM
chối	O
đi	O
đâu	O
dcd	NORM

ảnh	O
th2	O
bìa	O
sau	O
của	O
sách	O
trg	NORM
t	NORM
cs	NORM
lun:))	NORM

Người	O
ta	O
nợ	O
tiền	O
tao	O
người	O
ta	O
không	O
ngại,	O
k	NORM
tự	O
giác	O

T	NORM
mới	O
tu	O
hết	O
chai	O
to	O
probi	O
của	O
con	O

Chắc	O
chua	O
quá	O
ăn	O
k	NORM
nổi	O
:))	O

Chưa	O
gặp	O
vì	O
tui	O
k	NORM
có	O
bới	O
đồ	O
ăn	O

ở	O
vn	O
1	O
buổi	O
sáng	O
có	O
cả	O
tá	O
món,	O
hnao	O
nghĩ	O
ăn	O
sáng	O
cái	O
gì	O
cũng	O
đau	O
hết	O
cả	O
đâu	NORM

này	O
t	NORM
ủng	O
hộ	O
mẹ	O
nha,	O
chia	O
tay	O
đi	O

S	NORM
giống	O
quả	O
khoe	O
cá	O
trên	O
game	O
Play	O
together	O
zị	NORM

Năm	O
19	O
tuổi	O
tôi	O
đang	O
ngồi	O
vẫy	O
khách	O
tại	O
1	O
quán	O
karaoke	O
ở	O
cổng	O
trường	O
lương	O
ngọc	O
quyến	O
tp	NORM
thái	O
nguyên	O
với	O
lương	O
800k/1	O
tháng	O

Nếm	NORM
lấy	O
hai	O
chữ	NORM
hào	O
qyang	NORM
gực	NORM
gỡ	NORM

Bới	O
đồ	O
ăn	O
chả	O
vô	O
duyên	O
thì	O
là	O
j?	NORM

Muốn	O
trết	NORM
nhưng	O
nghĩ	O
lại	O
cuộc	O
sống	O
này	O
vẫn	O
còn	O
quá	O
nhiều	O
điều	O
tui	O
chưa	O
làm	O
chứ	O
tui	O
chả	O
sống	O
vì	O
ai	O
hết.	O

May	O
quá	O
ngủ	O
dậy	O
trễ	O
k	NORM
vào	O
kèo	O
:))	O

cứ	O
thích	O
thể	O
hiện	O
chốn	O
đông	O
người,	O
sao	O
giống	O
thằng	O
ch	O
chỗ	O
nhà	O
mình	O
v	NORM

sấy	O
tóc	O
1	O
lần	O
trong	O
đời	O
th	NORM
:))))))))))))))))	O

giống	O
y	O
hệt	O
cái	O
ảnh	O
lần	O
trước	O
m	NORM
gửi	O
t	NORM

tr	NORM
oi,	NORM
mình	O
trả	O
phòng	O
xong	O
còn	O
dc	NORM
host	O
khen	O
=)))))	O

Cứ	O
nhìn	O
mặt	O
khứa	NORM
này	O
là	O
nhớ	O
tới	O
cái	O
cảnh	O
ổng	O
dô	NORM
trụ	O
sở	O
công	O
an	O
nói	O
có	O
nàng	O
tiên	O
cá	O
bắt	O
ổng,	O
xong	O
2	O
cha	O
công	O
an	O
làm	O
khùng	O
làm	O
điên	O
cười	O
muốn	O
xĩu	NORM

dạo	O
này	O
thấy	O
gấu	O
trúc	O
quá	O
tròi	NORM
lun	O

trc	NORM
khi	O
quay	O
video	O
khóc,	O
cô	O
trang	O
điểm,	O
đánh	O
phấn,	O
xịt	O
keo	O
tóc,	O
tạo	O
kiểu,	O
set	O
góc	O
quay	O
và	O
ACTION	O

mới	O
đang	O
học	O
lớp	O
7	O
thôi,	O
ko	NORM
phải	O
vội	O

Sợ	O
nhờ	O
cái	O
xã	O
hội,	O
hơi	O
tí	O
đánh	O
người	O
ko	NORM
cần	O
biết	O
ntn	O

Mai	O
mốt	O
thằng	O
Lam	O
phải	O
làm	O
cái	O
tủ	O
khoá	O
vào	O
ko	NORM
con	O
nó	O
giành	O
ăn	O
của	O
con	O
Hìu	O

Hn	O
chưa	O
thấy	O
đi	O
thu	O
g	NORM
cả.	O

t	NORM
từng	O
đi	O
xem	O
phim	O
và	O
coi	O
concert	O
một	O
mình	O
và	O
t	NORM
thực	O
sự	O
enjoy	O
luôn	O
á	O
đó	O
giờ	O
ai	O
cũng	O
nghĩ	O
điều	O
này	O
weird	O
nma	NORM
k	NORM
nha	O

cho	O
e	NORM
hỏi	O
địa	O
đỉm	NORM
cúi	NORM
là	O
ở	O
đâu	O
thế	O
ạ	O

còn	O
miếng	O
dán	O
ngáy	O
ko	NORM

T	NORM
thấy	O
Tây	O
ông	O
bà	O
già	O
vẫn	O
phát	O
đường	O
như	O
thường,	O
ma	NORM
sao	O
châu	O
Á	O
lại	O
kì	O
thị	O

đại	O
gia	O
đã	O
đòi	O
dc	NORM
tiền	O
chưa	O

Moẹ	NORM
t	NORM
lương	O
5	O
tr	NORM
lỡ	O
cưới	O
vk	NORM
rồi	O
thế	O
đợi	O
lên	O
11	O
tr	NORM
cưới	O
thêm	O
được	O
vợ	O
nữa	O
k	NORM
ạ	O

Nhưng	O
mà	O
e	NORM
bé	O
có	O
sao	O
ko?	NORM

Nóng	O
gần	O
chết	O
sao	O
mấy	O
bà	O
ý	O
trụ	O
đc	NORM
lớp	O
trang	O
điểm	O
hay	O
ta	O

T	NORM
đến	O
đòi	O
tận	O
nhà	O
còn	O
bị	O
họ	O
đuổi	O
về	O
nữa	O
chứ	O
mà	O
trả	O

V	NORM
là	O
a	NORM
chui	O
đầu	O
qua	O
cái	O
khe	O
ấy	O
chỉ	O
để	O
tìm	O
hiểu	O
tại	O
sao	O
chui	O
vào	O
đc	NORM
mà	O
ko	NORM
rút	O
ra	O
đc	NORM
sao	O

t	NORM
cứ	O
chú	O
ý	O
khứa	O
áo	O
tím	O
=))))	O

Dương	O
Mịch	O
đẹp	O
xĩu	O
đó	O
tr	NORM

mất	O
dạy	O
cứ	O
nghĩ	O
thế	O
là	O
hya	NORM

khi	O
lớp	O
quá	O
nóng	O
mà	O
bạn	O
mik	NORM
muốn	O
có	O
quạt	O
mát:)	O

mà	O
vay	O
này	O
nguy	O
hơn	O
vì	O
mình	O
kb	NORM
vay	O
ai,	O
lãi	O
suất	O
bn,	NORM
bn	NORM
tiền	O

Các	O
con	O
bảo	O
chua	O
lắm	O
ko	NORM
ăn	O
dc	NORM

Con	O
mèo	O
nhà	O
tôi	O
ngồi	O
nghe	O
tôi	O
tâm	O
sự	O
7749	O
lần	O
về	O
chiện	NORM
khum	NORM
thể	O
thức	O
sớm	O
đi	O
làm	O
vì	O
tối	O
lỡ	O
cày	O
truyện	O
tới	O
3h	O
sáng:	O

Cho	O
các	O
cháu	O
còn	O
ko	NORM
ăn	O
ý	O
vì	O
xoài	O
xanh	O
chua	O
lắm	O

Vũ	O
trụ	O
này	O
có	O
mà,	O
có	O
niềm	O
tin	O
lên	O
mn	NORM

kích	O
thích	O
vào	O
nhà	O
vệ	O
sinh	O
ngắm	O
nước	O
bồn	O
cầu	O
nhìu	NORM
hơnn	NORM

Không	O
nhẽ	O
giờ	O
ny	NORM
con	O
trai	O
đến	O
nhà	O
chơi	O
bác	O
gái	O
lại	O
bảo	O
cháu	O
phải	O
ăn	O
như	O
này	O
như	O
kia	O

May	O
kg	NORM
bị	O
đánh	O
là	O
mai	NORM
cho	O
may	NORM
rồi	O
do	NORM

A	NORM
hết	O
thương	O
e	NORM
rồi	O

Cảm	O
giác	O
khi	O
tự	O
tin	O
vì	O
thi	O
tốt	O
nhưng	O
lại	O
điểm	O
dưới	O
tb	NORM

t	NORM
với	O
m	NORM
bàn	O
nhau	O
viết	O
thế	O
nào	O
và	O
kết	O
quả	O
2	O
đứa	O
bài	O
gần	O
giống	O
nhau	O

chỉ	O
kẻ	O
đc	NORM
1	O
bên	O
eyeliner	O
tay	O
thuận	O
hoi	NORM
còn	O
lại	O
thì	O
hoy	NORM
thân	O
ai	O
nấy	O
lo	O

giữa	O
ngân	O
hà	O
em	O
bt	NORM
đâu	O
là	O
=))))	O

Cho	O
con	O
sang	O
đuờng	O
để	O
ý	O
vào	O
vk	NORM
ạ	O

bột	O
ăn	O
dặm	O
vs	NORM
sữa	O
bột	O
ngon	O

Trong	O
khi	O
mình	O
đi	O
làm	O
lương	O
3	O
cọc	O
3	O
đồng	O
cực	O
khổ	O
thì	O
ngta	NORM
…	O

giống	O
đám	O
trôm	NORM
xe	O
nhà	O
mình	O

đ	NORM
hiểu	O
tên	O
m	NORM
lại	O
loé	O
lên	O

hk	NORM
đc	NORM
vừa	O
sạc	O
vừa	O
chs	NORM
nx	NORM
nha	O

đừng	O
như	O
z	NORM
nha	O
bà	O
zà	NORM

Mừn	NORM
cũng	O
ko	NORM
ăn	O
đk	NORM
thịt	O
mỡ	O
lại	O
còn	O
ko	NORM
ăn	O
đk	NORM
hành	O
và	O
rau	O
gia	O
vị	O
nhưng	O
mik	NORM
ko	NORM
bới	O

Gym	O
a	NORM
giang	O
có	O
típ	NORM
để	O
đăng	O
bài	O
này	O
a	NORM

dạ	O
tự	O
nhiên	O
như	O
ở	O
nhà,	O
1	O
là	O
bị	O
chưởi,	NORM
2	O
là	O
ăn	O
bạt	O
tai	O
liền	O
nha	O
nha!	O

Ngon	O
thì	O
làm	O
miếng	O
chứ	O
ko	NORM
ngon	O
ai	O
thèm	O
:)))	O

