ถาม	O=0.9999997615814209|NORM=2.1485053025571688e-07
เพื่อน	O=0.999998927116394|NORM=1.0678719490897493e-06
ๆ	O=0.9999555349349976|NORM=4.435392838786356e-05
_	O=0.9999942779541016|NORM=5.597774361376651e-06
และ	O=0.9999978542327881|NORM=2.1534463030548068e-06
ผู้	O=0.9999929666519165|NORM=7.000485766184283e-06
ติดตาม	O=0.999998927116394|NORM=1.0130057717105956e-06
หน่อย	O=0.999998927116394|NORM=1.0773296708066482e-06
_	O=0.9999992847442627|NORM=6.645965981988411e-07
ชอบ	O=0.9999996423721313|NORM=3.2675512784408056e-07
และ	O=0.9999936819076538|NORM=6.296396350080613e-06
อยาก	O=0.9999995231628418|NORM=4.375378352960979e-07
ได้	O=0.9999991655349731|NORM=8.040605621317809e-07
แบบ	O=0.9999992847442627|NORM=6.958997005312995e-07
ไหน	O=0.9999991655349731|NORM=8.435609402113187e-07
_	O=0.9999994039535522|NORM=5.436781975731719e-07
ระหว่าง	O=0.9999991655349731|NORM=8.038313126235153e-07
ภาพ	O=0.9999994039535522|NORM=5.432262923932285e-07
สปอย	NORM=0.9999175071716309|O=8.251745748566464e-05
พรีวิว	O=0.999995231628418|NORM=4.750270363729214e-06
แบบ	O=0.9999995231628418|NORM=4.0454170857628924e-07
เดิม	O=0.9999996423721313|NORM=3.7689429177589773e-07
ที่	O=0.9999997615814209|NORM=2.8273990437810426e-07
ผ่านมา	O=0.999997615814209|NORM=2.345304665141157e-06
_	O=0.9999994039535522|NORM=5.711245307793433e-07
หรือ	O=0.9999996423721313|NORM=3.722380199633335e-07
สตรีมมิ่ง	O=0.999974250793457|NORM=2.580490217951592e-05
สด	O=0.9999984502792358|NORM=1.5391374290629756e-06
และ	O=0.9999978542327881|NORM=2.100296114804223e-06
สตรีมน่า	O=0.9999688863754272|NORM=3.1112151191337034e-05
ดี	O=0.9999995231628418|NORM=4.980700509804592e-07
กว่า	O=0.9999988079071045|NORM=1.1414321079428191e-06
ของ	O=0.9999996423721313|NORM=3.374044013071398e-07
วันนี้	O=0.9999994039535522|NORM=5.676118917108397e-07
ถ้า	O=0.9999997615814209|NORM=2.6021126586783794e-07
จะ	O=0.9999997615814209|NORM=2.1230006552741543e-07
ทำ	O=0.9999997615814209|NORM=1.932756106270972e-07
จริง	O=0.9999979734420776|NORM=2.0548193333524978e-06
ๆ	O=0.9999568462371826|NORM=4.312896999181248e-05
_	O=0.9999994039535522|NORM=5.3981568726158e-07
แต่	O=0.9999997615814209|NORM=2.3684077632424305e-07
จะ	O=0.9999997615814209|NORM=1.835510659020656e-07
เก็บ	O=0.9999997615814209|NORM=2.390881661540334e-07
ไว้	O=0.9999996423721313|NORM=3.0095003467067727e-07
ดู	O=0.9999997615814209|NORM=2.723653551583993e-07
ไม่	O=0.9999997615814209|NORM=2.1218671975020698e-07
ได้	O=0.9999996423721313|NORM=3.1291733648686204e-07
นาน	O=0.9999996423721313|NORM=3.6561246474775544e-07
เพราะ	O=0.9999996423721313|NORM=3.1882902362667664e-07
ลิขสิทธิ์	O=0.9999972581863403|NORM=2.6919319680018816e-06
เลย	O=0.9999995231628418|NORM=4.322114932620025e-07
จำเป็น	O=0.9998737573623657|NORM=0.00012620976485777646
ต้อง	O=0.9999996423721313|NORM=3.9053912814779324e-07
ทำ	O=0.9999997615814209|NORM=2.0344938889138575e-07
บน	O=0.9999996423721313|NORM=2.9845429594388406e-07
_	O=0.9999992847442627|NORM=6.130356950961868e-07
facebook	O=0.9999994039535522|NORM=6.021655281074345e-07
_	O=0.999998927116394|NORM=8.914765317058482e-07
ด้วย	O=0.9999996423721313|NORM=2.9569034154519613e-07
_	O=0.9999994039535522|NORM=5.621049012916046e-07
แต่	O=0.9999997615814209|NORM=2.2916177044862707e-07
ถ้า	O=0.9999997615814209|NORM=1.941438654284866e-07
เป็น	O=0.9999997615814209|NORM=2.617014729366929e-07
ภาพ	O=0.9999996423721313|NORM=3.0803283834757167e-07
สปอย	NORM=0.9999451637268066|O=5.484338544192724e-05
พรีวิว	O=0.9999985694885254|NORM=1.4523204754368635e-06
ก็	O=0.9999997615814209|NORM=2.3851106334404903e-07
เหมือนเดิม	O=0.9999748468399048|NORM=2.511073944333475e-05
ลง	O=0.9999995231628418|NORM=4.2725758930828306e-07
ใน	O=0.9999988079071045|NORM=1.2151015198469395e-06
_	O=0.9999992847442627|NORM=6.292028729149024e-07
Twitter	O=0.9999996423721313|NORM=3.912634554126271e-07
_	O=0.9999994039535522|NORM=5.192026151235041e-07
ไป	O=0.9999995231628418|NORM=4.255456076407427e-07
เลย	O=0.9999995231628418|NORM=4.1073366219279706e-07
ทีเดียว	O=0.9736728072166443|NORM=0.026327170431613922
โหวต	O=0.9999994039535522|NORM=5.788462544842332e-07
หน่อย	O=0.9999991655349731|NORM=8.530268473805336e-07

ส่วน	O=0.9999997615814209|NORM=2.820536906256166e-07
ที่	O=0.9999997615814209|NORM=2.629568598422338e-07
ติ	O=0.9999980926513672|NORM=1.9420363059907686e-06
_	O=0.9999992847442627|NORM=6.947419137759425e-07
ที่	O=0.9999997615814209|NORM=2.216315095893151e-07
นึก	O=0.9999991655349731|NORM=7.948597726681328e-07
ออก	O=0.9999996423721313|NORM=3.611035310768784e-07
ก็	O=0.9999996423721313|NORM=3.0508238069160143e-07
_	O=0.9999996423721313|NORM=3.895478073445702e-07
anata	O=0.9999979734420776|NORM=2.01061607185693e-06
_	O=0.9999996423721313|NORM=3.5806078813038766e-07
to	O=0.9999996423721313|NORM=2.9724026262556436e-07
_	O=0.9999996423721313|NORM=3.4632995493666385e-07
xmas	O=0.9999990463256836|NORM=9.035538255375286e-07
_	O=0.9999996423721313|NORM=3.63893349231148e-07
eve	O=0.9999996423721313|NORM=3.784830653330573e-07
_	O=0.9999995231628418|NORM=3.8975176153144275e-07
ฟีฟ่า	O=0.9999741315841675|NORM=2.578659405116923e-05
กับ	O=0.9999992847442627|NORM=6.490390660474077e-07
แพนด้า	O=0.9999864101409912|NORM=1.3581414350483101e-05
_	O=0.9999996423721313|NORM=3.3211958339052217e-07
รู้สึก	O=0.9999996423721313|NORM=3.052960266813898e-07
ว่า	O=0.9999997615814209|NORM=2.209504970096532e-07
_	O=0.9999996423721313|NORM=3.2399410088146396e-07
ร้อง	O=0.9999997615814209|NORM=2.07857766554298e-07
ได้	O=0.9999997615814209|NORM=1.9009722507234983e-07
ไม่	O=0.9999997615814209|NORM=2.025275449568653e-07
เข้า	O=0.9999997615814209|NORM=2.0892815655315644e-07
กัน	O=0.9999997615814209|NORM=2.677188035704603e-07
เลย	O=0.9999996423721313|NORM=3.498383875921718e-07
_	O=0.9999996423721313|NORM=3.829032664270926e-07
กับ	O=0.9999996423721313|NORM=2.9558322012235294e-07
การร้องสด	O=0.9999988079071045|NORM=1.2479353017624817e-06
ของ	O=0.9999997615814209|NORM=2.8522200068437087e-07
บาง	O=0.9999996423721313|NORM=3.381665862889349e-07
คน	O=0.9999992847442627|NORM=6.888727170917264e-07
ที่	O=0.9999997615814209|NORM=2.4600575443400885e-07
ยัง	O=0.9999997615814209|NORM=2.540967045661091e-07
ไม่	O=0.9999997615814209|NORM=2.1170444597373717e-07
ดี	O=0.9999997615814209|NORM=2.1701463026602141e-07
แบบ	O=0.9999996423721313|NORM=3.431517541230278e-07
ชัดเจน	O=0.9999996423721313|NORM=3.139641648886027e-07
_	O=0.9999997615814209|NORM=2.6857421175918716e-07
ที่	O=0.9999997615814209|NORM=1.9349859314843343e-07
เหลือ	O=0.9999997615814209|NORM=2.348943866081754e-07
พอ	O=0.9999997615814209|NORM=1.858066553950266e-07
ให้อภัย	O=0.9999957084655762|NORM=4.268867542123189e-06
ได้	O=0.9999997615814209|NORM=2.0866690420007217e-07
_	O=0.9999996423721313|NORM=3.114278968041617e-07
เกราะ	O=0.9999983310699463|NORM=1.6497815522598103e-06
ทอง	O=0.9999997615814209|NORM=2.7881205255653185e-07
ตก	O=0.9999997615814209|NORM=2.0312369031216804e-07
เป็น	O=0.9999997615814209|NORM=2.656255162492016e-07
ของ	O=0.9999997615814209|NORM=2.090903876705852e-07
สาม	O=0.9999995231628418|NORM=4.68535176878504e-07
แซบ	O=0.9938424825668335|NORM=0.006157369818538427
_	O=0.9999994039535522|NORM=5.966367098153569e-07
มายยู	O=0.9997381567955017|NORM=0.0002615002158563584
_	O=0.9999994039535522|NORM=5.774049895990174e-07
ดีนี่	O=0.9814429879188538|NORM=0.018557023257017136
_	O=0.9999992847442627|NORM=6.380607828759821e-07
นิกี้	O=0.999982476234436|NORM=1.7498285160399973e-05
_	O=0.9999996423721313|NORM=3.7699601307394914e-07
ที่	O=0.9999997615814209|NORM=1.6408782244070608e-07
ได้	O=0.9999997615814209|NORM=2.0494458397024573e-07
รับ	O=0.9999997615814209|NORM=1.887067639927409e-07
คำชม	O=0.9999996423721313|NORM=3.4758699030135176e-07
เยอะ	O=0.9999997615814209|NORM=2.3100713519852434e-07
_	O=0.9999995231628418|NORM=4.184753379377071e-07
แต่	O=0.9999997615814209|NORM=2.600316690859472e-07
ส่วนตัว	O=0.9999983310699463|NORM=1.6359018673028913e-06
ไม่	O=0.9999997615814209|NORM=2.3361205592209444e-07
ได้	O=0.9999996423721313|NORM=3.24936024753697e-07
รู้สึก	O=0.9999996423721313|NORM=3.9861873801783076e-07
ชอบ	O=0.9999995231628418|NORM=4.359770855444367e-07
ขนาด	O=0.9999996423721313|NORM=3.6905217370986065e-07
นั้น	O=0.9999996423721313|NORM=3.235380461319437e-07
_	O=0.9999994039535522|NORM=5.381800747272791e-07
(	O=0.9999986886978149|NORM=1.2086569540770142e-06
ver.	O=0.9999854564666748|NORM=1.4234054106054828e-05
_	O=0.9999995231628418|NORM=4.797207679985149e-07
จอนอ	O=0.9988707900047302|NORM=0.0011281110346317291
_	O=0.9999992847442627|NORM=6.674982273580099e-07
นี่	O=0.9995784163475037|NORM=0.0004215997760184109
สุด	O=0.9999995231628418|NORM=4.349218727384141e-07
แล้ว	O=0.9999995231628418|NORM=4.2366306729491043e-07
_	O=0.9999995231628418|NORM=4.682925975885155e-07
555	O=0.9999995231628418|NORM=4.930834620608948e-07
)	O=0.9999996423721313|NORM=3.3603899396439374e-07
_	O=0.9999997615814209|NORM=1.8906487753156398e-07
#BNK48	O=0.9999996423721313|NORM=2.9688754921153304e-07
_	O=0.9999997615814209|NORM=2.3998433107408346e-07
(	O=0.9999996423721313|NORM=3.04787505456261e-07
3	O=0.9999996423721313|NORM=2.8204692625877215e-07
)	O=0.9999996423721313|NORM=2.9950555813229585e-07

ขอ	O=0.9999997615814209|NORM=2.0691159363650513e-07
พื้นที่	O=0.9999902248382568|NORM=9.773671990842558e-06
รีวิว	O=0.9999990463256836|NORM=9.333849675385864e-07
หนัง	O=0.9999995231628418|NORM=4.5834636352992675e-07
เก่า	O=0.9999995231628418|NORM=4.835924869439623e-07
สัก	O=0.9999996423721313|NORM=3.2400922123088094e-07
หน่อย	O=0.9999991655349731|NORM=8.449675306110294e-07
_	O=0.9999996423721313|NORM=3.670738806249574e-07
The	O=0.9999997615814209|NORM=2.2138794975035125e-07
man	O=0.9999996423721313|NORM=4.042217085498123e-07
from	O=0.9999997615814209|NORM=2.7138449354424665e-07
now	O=0.9999996423721313|NORM=3.6333716479930445e-07
here	O=0.9999994039535522|NORM=5.974953865006682e-07
_	O=0.9999994039535522|NORM=5.548762942453322e-07
หรือ	O=0.9999995231628418|NORM=4.2967536728610867e-07
ที่	O=0.9999997615814209|NORM=2.3469465304515325e-07
อิ	NORM=0.9983600974082947|O=0.0016398895531892776
ชั้น	NORM=0.9998995065689087|O=0.00010052709694718942
เรียก	O=0.9999996423721313|NORM=3.592459449919261e-07
ว่า	O=0.9999997615814209|NORM=2.760899349141255e-07
จอห์น	O=0.9999936819076538|NORM=6.270121048146393e-06
วิค	O=0.9999959468841553|NORM=4.048175924253883e-06
_	O=0.9999995231628418|NORM=3.9237133364622423e-07
สาขา	O=0.9999992847442627|NORM=7.457032893398718e-07
เกาหลี	O=0.9999970197677612|NORM=2.9583245577669004e-06
นั่นเอง	O=0.9999979734420776|NORM=2.080550075334031e-06
_	O=0.9999996423721313|NORM=3.8647434053018515e-07
ดิบ	O=0.9999967813491821|NORM=3.246543201385066e-06
_	O=0.9999995231628418|NORM=4.331907348387176e-07
เถื่อน	O=0.9999974966049194|NORM=2.552684009060613e-06
_	O=0.9999996423721313|NORM=3.2944828376457735e-07
ยิง	O=0.9999996423721313|NORM=3.1842668590797985e-07
กัน	O=0.9999997615814209|NORM=2.2629201623658446e-07
เลือด	O=0.9999996423721313|NORM=4.0938220990938134e-07
สาด	O=0.9999991655349731|NORM=7.81859284870734e-07
เหมือน	O=0.9999996423721313|NORM=3.128884031866619e-07
กัน	O=0.9999992847442627|NORM=7.3239408493464e-07
เป๊ะ	O=0.9999814033508301|NORM=1.8638464098330587e-05
_	O=0.9999996423721313|NORM=2.806514203257393e-07
อัน	O=0.9999996423721313|NORM=3.0513476190208166e-07
นั้น	O=0.9999991655349731|NORM=8.23681205019966e-07
ไป	O=0.9999997615814209|NORM=2.70703367277747e-07
ตาม	O=0.9999997615814209|NORM=2.2562613821719424e-07
รถ	O=0.9999996423721313|NORM=3.820292988621077e-07
กับ	O=0.9999986886978149|NORM=1.2908635653730016e-06
คน	O=0.9999996423721313|NORM=3.8867983676027507e-07
ที่	O=0.9999997615814209|NORM=2.096094959824768e-07
ฆ่า	O=0.9999995231628418|NORM=5.003891487831424e-07
หมา	O=0.9999994039535522|NORM=6.160047405501246e-07
_	O=0.9999996423721313|NORM=3.171604419094365e-07
อัน	O=0.9999997615814209|NORM=2.4463008685415844e-07
นี้	O=0.9999992847442627|NORM=6.672506174254522e-07
ไป	O=0.9999996423721313|NORM=3.3717506653374585e-07
ตาม	O=0.9999997615814209|NORM=2.2378962682978454e-07
เด็ก	O=0.9999997615814209|NORM=2.7252045242676104e-07
น้อย	O=0.9999996423721313|NORM=3.525744602939085e-07
ข้าง	O=0.9999996423721313|NORM=3.1003420986053243e-07
บ้าน	O=0.9999997615814209|NORM=2.52677011758351e-07
_	O=0.9999997615814209|NORM=2.780020054160559e-07
วอนบิน	O=0.9999964237213135|NORM=3.5218370157963363e-06
เรื่อง	O=0.9999997615814209|NORM=2.6240721240355924e-07
นี้	O=0.9999995231628418|NORM=4.246148535003158e-07
เท่	O=0.9990333318710327|NORM=0.0009665935067459941
มากก	NORM=0.9999569654464722|O=4.2461499106138945e-05
_	O=0.9999995231628418|NORM=4.321769040416257e-07
เอา	O=0.9999997615814209|NORM=1.915028633447946e-07
ไป	O=0.9999996423721313|NORM=3.376178199232527e-07
สิบ	O=0.9999995231628418|NORM=4.335437040481338e-07
กระโหลกก	NORM=0.9999634027481079|O=3.617208494688384e-05
_	O=0.9999996423721313|NORM=3.255806007018691e-07
มี	O=0.9999997615814209|NORM=1.9325828759519936e-07
พี่	O=0.9999992847442627|NORM=6.801897143304814e-07
ดารา	O=0.9999972581863403|NORM=2.7696808047039667e-06
ไทย	O=0.9999994039535522|NORM=6.46487762878678e-07
เล่น	O=0.9999997615814209|NORM=2.5230116307284334e-07
ด้วย	O=0.9999997615814209|NORM=1.9250484228905407e-07
คน	O=0.9999995231628418|NORM=4.924181098431291e-07
นึง	NORM=0.9999487400054932|O=5.096990571473725e-05
_	O=0.9999995231628418|NORM=4.172964906956622e-07
สนุก	O=0.9999988079071045|NORM=1.1454385457909666e-06
จริง	O=0.9999988079071045|NORM=1.2386205980874365e-06
แนะนำๆ	NORM=0.9946262240409851|O=0.005373804364353418

นั่ง	O=0.9999997615814209|NORM=2.0379039256113174e-07
อ่าน	O=0.9999992847442627|NORM=7.104424071258109e-07
รีพอร์ต	O=0.7843542695045471|NORM=0.21564564108848572
งาน	O=0.9999990463256836|NORM=1.0007812534240657e-06
จับ	O=0.9999997615814209|NORM=2.771707556803449e-07
ทมือ	O=0.9249318838119507|NORM=0.07506807893514633
คน	O=0.9999996423721313|NORM=3.642252863755857e-07
อื่น	O=0.9999991655349731|NORM=7.857784680709301e-07
แล้ว	O=0.9999997615814209|NORM=2.2208790539934853e-07
แบบ	O=0.9999558925628662|NORM=4.407736923894845e-05
..	O=0.9999758005142212|NORM=2.4166018192772754e-05
_	O=0.9999995231628418|NORM=4.047956565500499e-07
เมื่อ	O=0.9999997615814209|NORM=2.244179739818719e-07
วาน	O=0.9999995231628418|NORM=4.81237464100559e-07
โชค	O=0.9999994039535522|NORM=5.522988999473455e-07
ดี	O=0.9999996423721313|NORM=3.3782328046072507e-07
จัง	O=0.9999991655349731|NORM=8.017863706299977e-07
วะ	O=0.9997949004173279|NORM=0.0002051500341622159
_	O=0.9999996423721313|NORM=3.240642456603382e-07
ไป	O=0.9999997615814209|NORM=2.639042406826775e-07
หา	O=0.9999997615814209|NORM=2.0821249790969887e-07
ต๋า	O=0.9998111128807068|NORM=0.00018887000624090433
_	O=0.9999997615814209|NORM=2.7340189490132616e-07
ต๋า	O=0.9965043067932129|NORM=0.0034956643357872963
ฝุ่น	O=0.9999986886978149|NORM=1.3572924899563077e-06
เข้า	O=0.9999996423721313|NORM=3.720761867498368e-07
ตา	O=0.9999992847442627|NORM=6.962235943319683e-07
_	O=0.9999995231628418|NORM=4.3742934963120206e-07
เลย	O=0.9999997615814209|NORM=2.0727144089960348e-07
ยืน	O=0.9999997615814209|NORM=2.422474381091888e-07
รอ	O=0.9999997615814209|NORM=2.3600451015681756e-07
สัก	O=0.9999997615814209|NORM=2.8656998551923607e-07
พัก	O=0.9999995231628418|NORM=4.821667971555144e-07
_	O=0.9999994039535522|NORM=5.26145527146582e-07
ถาม	O=0.9999996423721313|NORM=3.264399310864974e-07
เรื่อง	O=0.9999997615814209|NORM=2.4428831579825783e-07
ตา	O=0.9999992847442627|NORM=7.023677994766331e-07
นิดหน่อย	O=0.9999988079071045|NORM=1.175611600956472e-06
ก่อน	O=0.9999997615814209|NORM=2.4701591883058427e-07
จับ	O=0.9999997615814209|NORM=2.069502613721852e-07
มือ	O=0.9999997615814209|NORM=2.6484769932721974e-07
_	O=0.9999995231628418|NORM=4.7377562850670074e-07
หมด	O=0.9999997615814209|NORM=2.3115256908567972e-07
เวลา	O=0.9999996423721313|NORM=2.9465834927577816e-07
ก็	O=0.9999997615814209|NORM=2.7567028837438556e-07
ไม่	O=0.9999997615814209|NORM=2.491625537004438e-07
ยอม	O=0.9999996423721313|NORM=3.447458993832697e-07
ปล่อย	O=0.9999997615814209|NORM=2.541374328757229e-07
มือ	O=0.9999997615814209|NORM=2.783593515687244e-07
_	O=0.9999995231628418|NORM=4.611335384652193e-07
การ์ด	O=0.9999983310699463|NORM=1.666313323767099e-06
ก็	O=0.9999997615814209|NORM=2.455008996093966e-07
ไม่	O=0.9999997615814209|NORM=1.967332678987077e-07
ว่า	O=0.9999996423721313|NORM=3.2859855991773657e-07
_	O=0.9999994039535522|NORM=5.746752549384837e-07
กิน	O=0.9999997615814209|NORM=2.189850931699766e-07
ไป	O=0.9999996423721313|NORM=3.42426375254945e-07
หลาย	O=0.9999994039535522|NORM=5.692484705832612e-07
วิ	O=0.9027615189552307|NORM=0.09723841398954391
_	O=0.9999995231628418|NORM=4.4598837689591164e-07
ปล่อย	O=0.9999997615814209|NORM=2.2733938465080428e-07
เสร็จ	O=0.9999996423721313|NORM=3.830719776942715e-07
ก็	O=0.9999997615814209|NORM=2.3571882934447785e-07
ตะโกน	O=0.9999988079071045|NORM=1.1447154975030571e-06
ตาม	O=0.9999997615814209|NORM=2.223693513769831e-07
หลัง	O=0.9999996423721313|NORM=3.3288694112343364e-07
มา	O=0.9999996423721313|NORM=3.192403710272629e-07
ยาว	O=0.9999996423721313|NORM=3.80966554303086e-07
มาก	O=0.9999991655349731|NORM=8.125887802634679e-07
_	O=0.9999996423721313|NORM=3.915239972229756e-07
รับ	O=0.9999997615814209|NORM=2.534848704272008e-07
กระเป๋า	O=0.9999984502792358|NORM=1.5553182493022177e-06
แล้ว	O=0.9999997615814209|NORM=2.3231280010804767e-07
ต๋า	O=0.9998987913131714|NORM=0.00010122468665940687
ยัง	O=0.9999997615814209|NORM=2.4069646542557166e-07
พูด	O=0.9999996423721313|NORM=4.0967591985463514e-07
ไม่	O=0.9999997615814209|NORM=2.5660349933787074e-07
เสร็จ	O=0.999998927116394|NORM=1.0302849204890663e-06
อะ	O=0.9779601693153381|NORM=0.022039800882339478
_	O=0.999998927116394|NORM=1.0654345032889978e-06
ถึง	O=0.9999995231628418|NORM=4.542645228866604e-07
20	O=0.9999992847442627|NORM=6.501504685729742e-07
วิ	O=0.9984689354896545|NORM=0.0015310199232771993
เลย	O=0.9999996423721313|NORM=3.1186718274511804e-07
มั้	NORM=0.9999560117721558|O=4.398297824081965e-05
_	O=0.9999977350234985|NORM=2.249902308903984e-06
ที่	O=0.9999997615814209|NORM=2.2532103116645885e-07
อยู่	O=0.9999997615814209|NORM=2.672364303180075e-07
ตรง	O=0.9999996423721313|NORM=3.415600815515063e-07
นั้น	O=0.9999994039535522|NORM=5.940012215432944e-07
55555	O=0.9999580383300781|NORM=4.1943723772419617e-05

เข้า	O=0.9999994039535522|NORM=6.308185334091831e-07
มา	O=0.9999994039535522|NORM=5.930243105467525e-07
ตอบ	O=0.9999997615814209|NORM=2.2307983726932434e-07
เรา	O=0.9999996423721313|NORM=2.9982078331158846e-07
หน่อย	O=0.9999997615814209|NORM=2.579190265805664e-07
นะ	O=0.9999994039535522|NORM=6.056082497707393e-07
_	O=0.9999996423721313|NORM=3.513101489716064e-07
#bnk48	O=0.9999996423721313|NORM=3.027056152404839e-07
_	O=0.9999997615814209|NORM=2.6747457582132483e-07
พอดี	O=0.9999947547912598|NORM=5.298776613926748e-06
พึ่ง	NORM=0.999884843826294|O=0.00011507406452437863
ได้	O=0.9999997615814209|NORM=2.1416848028366076e-07
มา	O=0.9999996423721313|NORM=3.004900293035462e-07
ทำ	O=0.9999997615814209|NORM=2.0948859003055986e-07
ความรู้จัก	O=0.9999994039535522|NORM=5.577757065111655e-07
กับ	O=0.9999994039535522|NORM=5.80018820528494e-07
วง	O=0.9999994039535522|NORM=5.599786163656972e-07
นี้	O=0.9999996423721313|NORM=3.2688544138181896e-07
ได้	O=0.9999997615814209|NORM=2.4714339019737963e-07
ไม่	O=0.9999997615814209|NORM=2.6367379746261577e-07
นาน	O=0.9999995231628418|NORM=4.5121581138118927e-07
และ	O=0.9999994039535522|NORM=5.394575737227569e-07
เริ่ม	O=0.9999997615814209|NORM=2.4531672693228757e-07
เข้าใจ	O=0.9999996423721313|NORM=3.8683828051944147e-07
ระบบ	O=0.9999992847442627|NORM=7.34818229375378e-07
วง	O=0.9999995231628418|NORM=4.91624632559251e-07
_	O=0.9999995231628418|NORM=4.6592890612373594e-07
คือ	O=0.9999996423721313|NORM=3.7875821590205305e-07
ผม	O=0.9999991655349731|NORM=7.651465807612112e-07
ต้องการ	O=0.9999996423721313|NORM=3.668684485091944e-07
ดู	O=0.9999997615814209|NORM=2.6222184601465415e-07
_	O=0.9999996423721313|NORM=3.250906672747078e-07
girl	O=0.9999996423721313|NORM=3.1763900665282563e-07
_	O=0.9999996423721313|NORM=3.177871690240863e-07
don't	O=0.9999995231628418|NORM=4.662956598622259e-07
_	O=0.9999996423721313|NORM=3.5967650546808727e-07
cry	O=0.9999996423721313|NORM=3.116887796750234e-07
_	O=0.9999996423721313|NORM=3.5199661851947894e-07
ด้วยความที่	O=0.9999971389770508|NORM=2.813527316902764e-06
หนัง	O=0.9999996423721313|NORM=3.083819990479242e-07
เข้า	O=0.9999997615814209|NORM=1.896024173220212e-07
ฉาย	O=0.9999986886978149|NORM=1.2661422488235985e-06
นั้น	O=0.9999967813491821|NORM=3.2409564028057503e-06
ผม	O=0.9999992847442627|NORM=7.43797727409401e-07
ยัง	O=0.9999996423721313|NORM=3.782514284011995e-07
ไม่	O=0.9999996423721313|NORM=2.923769955032185e-07
ได้	O=0.9999996423721313|NORM=3.567580790786451e-07
สนใจ	O=0.9999995231628418|NORM=4.858993634115905e-07
วง	O=0.9999994039535522|NORM=5.659346697939327e-07
นี้	O=0.9999995231628418|NORM=4.202049410650943e-07
เลย	O=0.9999996423721313|NORM=3.7458872270690335e-07
_	O=0.9999992847442627|NORM=6.357072379614692e-07
แต่	O=0.9999997615814209|NORM=2.8154980213912495e-07
ตอน	O=0.9999997615814209|NORM=2.471735456310853e-07
นี้	O=0.9999996423721313|NORM=3.6549010928865755e-07
อยาก	O=0.9999996423721313|NORM=4.0502237652617623e-07
จะ	O=0.9999996423721313|NORM=2.9265990519888874e-07
ดู	O=0.9999996423721313|NORM=2.9795035061397357e-07
แต่	O=0.9999995231628418|NORM=5.167199788047583e-07
หา	O=0.9999997615814209|NORM=2.592400676348916e-07
ดู	O=0.9999996423721313|NORM=3.258356002788787e-07
ไม่	O=0.9999997615814209|NORM=2.2616580963585875e-07
ได้	O=0.9999997615814209|NORM=2.321095138313467e-07
_	O=0.9999992847442627|NORM=6.238224727894703e-07
เลย	O=0.9999997615814209|NORM=2.3409019433984213e-07
อยาก	O=0.9999996423721313|NORM=3.9522146266790514e-07
สอบถาม	O=0.9999995231628418|NORM=4.909626341031981e-07
ว่า	O=0.9999997615814209|NORM=2.513235131118563e-07
_	O=0.9999996423721313|NORM=3.2916625514189946e-07
girl	O=0.9999997615814209|NORM=2.748981557942898e-07
_	O=0.9999996423721313|NORM=3.1166973712970503e-07
don't	O=0.9999995231628418|NORM=4.3520984149836295e-07
_	O=0.9999996423721313|NORM=3.289202652467793e-07
cry	O=0.9999996423721313|NORM=2.8319132638898736e-07
_	O=0.9999995231628418|NORM=4.478560526877118e-07
นี้	O=0.9986494183540344|NORM=0.001350537990219891
หา	O=0.9999996423721313|NORM=4.0593380390419043e-07
ดู	O=0.9999996423721313|NORM=2.8806050522689475e-07
ได้	O=0.9999997615814209|NORM=2.321852292652693e-07
จาก	O=0.9999996423721313|NORM=3.2165277730200614e-07
ไหน	O=0.9999996423721313|NORM=4.0527160649617144e-07
ครับ	O=0.9999982118606567|NORM=1.7390085531587829e-06
?	O=0.9999994039535522|NORM=5.807217462461267e-07
_	O=0.9999996423721313|NORM=2.99496718980663e-07
ไม่	O=0.9999997615814209|NORM=2.3065446441705717e-07
มี	O=0.9999997615814209|NORM=2.7354846565685875e-07
สตรีมมิ่ง	O=0.9999890327453613|NORM=1.0941137588815764e-05
ไหน	O=0.9999865293502808|NORM=1.3494834092853125e-05
มี	O=0.9999996423721313|NORM=3.6924333812748955e-07
เลย	O=0.9999940395355225|NORM=5.913920631428482e-06

เรา	O=0.9999996423721313|NORM=3.724581745245814e-07
ก็	O=0.9999996423721313|NORM=3.4042938068523654e-07
รู้	O=0.9999996423721313|NORM=3.272481876592792e-07
ตัวเอง	O=0.9999996423721313|NORM=4.05380205847905e-07
ดี	O=0.9999961853027344|NORM=3.8028883864171803e-06
นะ	O=0.9999995231628418|NORM=5.117057639836275e-07
_	O=0.9999992847442627|NORM=6.30991735306452e-07
ว่า	O=0.9999997615814209|NORM=2.891268024995952e-07
ตัวเอง	O=0.9999995231628418|NORM=4.820113872483489e-07
จะ	O=0.9999996423721313|NORM=3.6397631220097537e-07
มี	O=0.9999995231628418|NORM=4.95447920911829e-07
ลิมิต	O=0.9999867677688599|NORM=1.3272563592181541e-05
เท่าไหร่	NORM=0.9999315738677979|O=6.845961615908891e-05
_	O=0.9999994039535522|NORM=5.847023771821114e-07
จริงๆ	NORM=0.9566707611083984|O=0.0433291532099247
ก็	O=0.9999994039535522|NORM=5.306105208546796e-07
รู้	O=0.9999997615814209|NORM=2.9270543677739624e-07
นะ	O=0.9999995231628418|NORM=4.884602731181076e-07
ว่า	O=0.9999997615814209|NORM=2.524123488001351e-07
ทำ	O=0.9999997615814209|NORM=2.1930381421952916e-07
ยังไง	O=0.9159836173057556|NORM=0.08401636779308319
มัน	O=0.9999995231628418|NORM=4.100624266811792e-07
ก็	O=0.9999996423721313|NORM=3.6846594753114914e-07
ไม่	O=0.9999996423721313|NORM=2.9712180094065843e-07
ลืม	O=0.9999995231628418|NORM=4.949898197992297e-07
หรอก	O=0.9999992847442627|NORM=7.513706918871321e-07
_	O=0.9999995231628418|NORM=4.4163314782963425e-07
มัน	O=0.9999996423721313|NORM=3.834484516573866e-07
ยัง	O=0.9999988079071045|NORM=1.1657233471851214e-06
คิดถึง	O=0.9999977350234985|NORM=2.2296230781648774e-06
ใน	O=0.9999996423721313|NORM=3.3876244742714334e-07
ใจ	O=0.9999995231628418|NORM=4.3406620875430235e-07
เท่านั้น	O=0.9999990463256836|NORM=9.730051715450827e-07
เอง	O=0.9999983310699463|NORM=1.6332314771716483e-06
_	O=0.9999994039535522|NORM=5.96552524712024e-07
แต่	O=0.9999996423721313|NORM=2.9930140499345725e-07
ชีวิต	O=0.9999997615814209|NORM=2.717869733714906e-07
ต้อง	O=0.9999997615814209|NORM=2.2965797086271778e-07
ก้าว	O=0.9999996423721313|NORM=3.3767480545066064e-07
ต่อ	O=0.9999997615814209|NORM=2.1805419692100259e-07
ไป	O=0.9999995231628418|NORM=4.87662532577815e-07
อ่ะ	NORM=0.9131966233253479|O=0.08680330961942673
ไม่	O=0.9999997615814209|NORM=2.648767463142576e-07
อยาก	O=0.9999997615814209|NORM=2.8557255404848547e-07
มา	O=0.9999997615814209|NORM=2.6755927251542744e-07
นั่ง	O=0.9999996423721313|NORM=3.12032597094003e-07
เสียใจ	O=0.9999995231628418|NORM=4.3149944417564257e-07
อีก	O=0.9999996423721313|NORM=3.5528589137356903e-07
แล้ว	O=0.9999996423721313|NORM=3.016966161339951e-07
ได้	O=0.9999996423721313|NORM=3.3206066518687294e-07
แต่	O=0.9999995231628418|NORM=4.3271549543533183e-07
ภาวนา	O=0.9999977350234985|NORM=2.312585138497525e-06
ว่า	O=0.9999996423721313|NORM=3.5383698104851646e-07
ขอ	O=0.9999997615814209|NORM=2.7102495891995204e-07
ให้	O=0.9999997615814209|NORM=2.4143534460563387e-07
เขา	O=0.9999994039535522|NORM=5.396443043537147e-07
เจอ	O=0.999998927116394|NORM=1.0202091971223126e-06
คน	O=0.9999994039535522|NORM=6.375353223120328e-07
ดีๆ	NORM=0.9982420206069946|O=0.0017579508712515235
อย่า	O=0.9999995231628418|NORM=4.5419605498864257e-07
ได้	O=0.9999996423721313|NORM=3.0617189850090654e-07
เจอ	O=0.9999996423721313|NORM=3.6029035754836514e-07
ใคร	O=0.9999995231628418|NORM=4.7568934746777813e-07
มา	O=0.9999996423721313|NORM=3.387550009392726e-07
ทำร้าย	O=0.9999994039535522|NORM=6.464964599217637e-07
หัวใจ	O=0.9999995231628418|NORM=4.576850471949001e-07
ของ	O=0.9999992847442627|NORM=6.836663715148461e-07
เขา	O=0.9999995231628418|NORM=4.5784614144395164e-07
_	O=0.9999994039535522|NORM=5.876937620996614e-07
ที่	O=0.9999996423721313|NORM=3.6219961430106196e-07
เรา	O=0.9999995231628418|NORM=4.242424438416492e-07
ทั้ง	O=0.9999996423721313|NORM=3.1016227808322583e-07
รัก	O=0.9999991655349731|NORM=8.454575777250284e-07
ทั้ง	O=0.9999996423721313|NORM=3.1443133252651023e-07
หวง	O=0.9999974966049194|NORM=2.5336646558571374e-06
_	O=0.9999995231628418|NORM=4.5017742422714946e-07
ทำ	O=0.9999997615814209|NORM=1.9403540818530018e-07
ยังไง	NORM=0.9994152784347534|O=0.0005847697611898184
ได้	O=0.9999997615814209|NORM=2.600698678634217e-07
ละ	NORM=0.7454215884208679|O=0.2545783519744873
ได้	O=0.9999995231628418|NORM=4.456023532384279e-07
แต่	O=0.9999995231628418|NORM=4.321884432556544e-07
ยืน	O=0.9999996423721313|NORM=3.4652421732062066e-07
มอง	O=0.9999992847442627|NORM=7.521298925894371e-07
เขา	O=0.9999995231628418|NORM=5.280226105242036e-07
ดู	O=0.9999995231628418|NORM=4.5944221938043484e-07
ไกลๆ	O=0.9985300302505493|NORM=0.001469994313083589

ส่วนตัว	O=0.9999984502792358|NORM=1.5605362477799645e-06
นะ	O=0.9999972581863403|NORM=2.7524099550646497e-06
มอง	O=0.9999996423721313|NORM=3.7537262187470333e-07
ว่า	O=0.9999997615814209|NORM=2.463118562445743e-07
_	O=0.9999994039535522|NORM=5.539124572351284e-07
มัน	O=0.9999996423721313|NORM=2.935526879355166e-07
มี	O=0.9999997615814209|NORM=2.2141476563319884e-07
ผล	O=0.9999997615814209|NORM=2.164623396083698e-07
ต่อ	O=0.9999997615814209|NORM=2.1530425442506385e-07
ประเทศ	O=0.9999995231628418|NORM=4.2505442365836643e-07
ไทย	O=0.9999992847442627|NORM=6.512227628263645e-07
ทาง	O=0.9999997615814209|NORM=2.3251715219885227e-07
อ้อม	O=0.9999997615814209|NORM=2.9602276185869414e-07
นิดๆ	O=0.9523208737373352|NORM=0.047679126262664795
_	O=0.9999996423721313|NORM=3.400964487809688e-07
มัน	O=0.9999996423721313|NORM=2.9619721431117796e-07
เหมือน	O=0.9999996423721313|NORM=3.23910370525482e-07
ใบเบิกทาง	O=0.9999985694885254|NORM=1.4158498515826068e-06
ให้	O=0.9999997615814209|NORM=2.810138255426864e-07
คน	O=0.9999995231628418|NORM=4.542861802292464e-07
อื่นๆ	NORM=0.9999568462371826|O=4.291079312679358e-05
ด้วย	O=0.9999996423721313|NORM=3.998508475433482e-07
_	O=0.9999997615814209|NORM=2.6823684606824827e-07
คนอื่น	O=0.9999996423721313|NORM=3.4365578471806657e-07
รู้	O=0.9999997615814209|NORM=2.412098183413036e-07
ว่า	O=0.9999997615814209|NORM=2.2295478174783057e-07
น้อง	O=0.9999995231628418|NORM=4.466327823138272e-07
คือ	O=0.9999996423721313|NORM=3.174097855662694e-07
คน	O=0.9999996423721313|NORM=3.648336530659435e-07
ไทย	O=0.9999986886978149|NORM=1.2638415682886261e-06
_	O=0.9999996423721313|NORM=3.778166330903332e-07
อยาก	O=0.9999997615814209|NORM=2.1210234990576282e-07
มา	O=0.9999997615814209|NORM=2.2961417300848552e-07
ไทย	O=0.9999980926513672|NORM=1.8914995507657295e-06
_	O=0.9999995231628418|NORM=4.5187942987467977e-07
ถาม	O=0.9999996423721313|NORM=3.1486760576626693e-07
ว่า	O=0.9999997615814209|NORM=2.6912030648418295e-07
สร้าง	O=0.9999996423721313|NORM=3.280603095845436e-07
ชื่อ	O=0.9999997615814209|NORM=2.338142053304182e-07
มั้ย	NORM=0.9987289309501648|O=0.0012710043229162693
_	O=0.9999995231628418|NORM=4.1118985905086447e-07
คน	O=0.9999997615814209|NORM=2.764223836493329e-07
ใน	O=0.9999997615814209|NORM=2.2383041198281717e-07
ไทย	O=0.9999979734420776|NORM=2.0278976080589928e-06
มาก	O=0.9999997615814209|NORM=2.5851124973996775e-07
กว่า	O=0.9999996423721313|NORM=3.10953652160606e-07
ที่	O=0.9999997615814209|NORM=2.783853574328532e-07
ไป	O=0.9999995231628418|NORM=4.215306717014755e-07
ยัดเยียด	O=0.9999974966049194|NORM=2.4767950890236534e-06
ให้	O=0.9999997615814209|NORM=2.7763979915107484e-07
น้อง	O=0.9999994039535522|NORM=6.487662176368758e-07
_	O=0.9999995231628418|NORM=4.032686433674826e-07
น้อง	O=0.9999996423721313|NORM=3.3483777883702714e-07
ทำ	O=0.9999997615814209|NORM=2.2536357846547617e-07
ตาม	O=0.9999997615814209|NORM=2.868505362130236e-07
ความฝัน	O=0.9999997615814209|NORM=2.6424044108352973e-07
แหละ	O=0.9999992847442627|NORM=6.597700803467887e-07
_	O=0.9999995231628418|NORM=4.0054462147054437e-07
ทำงาน	O=0.9999996423721313|NORM=3.19906604318021e-07
หา	O=0.9999997615814209|NORM=2.081007295373638e-07
เงิน	O=0.9999997615814209|NORM=2.2681184930206655e-07
_	O=0.9999994039535522|NORM=5.063831736151769e-07
แค่	O=0.9999995231628418|NORM=4.242408238042117e-07
ดัง	O=0.9999988079071045|NORM=1.1729406423910405e-06
เท่านั้น	O=0.9999991655349731|NORM=8.15433963907708e-07
เอง	O=0.9999980926513672|NORM=1.944951918630977e-06
_	O=0.9999996423721313|NORM=3.188432913248107e-07
เกิด	O=0.9999997615814209|NORM=2.7167735083821754e-07
กับ	O=0.9999996423721313|NORM=3.649881534784072e-07
คน	O=0.9999994039535522|NORM=5.902753628106439e-07
ไทย	O=0.9999964237213135|NORM=3.6067924611415947e-06
ทุก	O=0.9999995231628418|NORM=4.4277686583882314e-07
คน	O=0.9999994039535522|NORM=6.065677666811098e-07
แหละ	O=0.9999992847442627|NORM=7.434942403961031e-07
_	O=0.9999992847442627|NORM=6.69910093620274e-07
นิชคุณ	O=0.9999263286590576|NORM=7.352679676841944e-05
_	O=0.9999991655349731|NORM=8.159255457940162e-07
แบมแบม	O=0.9999676942825317|NORM=3.222827217541635e-05
_	O=0.9999979734420776|NORM=2.034528051808593e-06
นี่	O=0.9999986886978149|NORM=1.3607140090243774e-06
ก็	O=0.9999990463256836|NORM=9.915434020513203e-07
โดน	O=0.9999986886978149|NORM=1.3033723007538356e-06
ถาม	O=0.9999991655349731|NORM=7.892504640949483e-07
ว่า	O=0.9999992847442627|NORM=7.129244181669492e-07
ชอบ	O=0.9999953508377075|NORM=4.6560521695937496e-06
มั้ย?	O=0.9963172674179077|NORM=0.00368272652849555

คือ	O=0.9999996423721313|NORM=3.714716854119615e-07
แบบ	O=0.9999996423721313|NORM=3.68607913969754e-07
วัน	O=0.9999997615814209|NORM=2.6565490429675265e-07
นั้น	O=0.9999996423721313|NORM=3.582271119739744e-07
เว้ย	O=0.9999938011169434|NORM=6.208755166881019e-06
สอบ	O=0.9999995231628418|NORM=4.3428403273537697e-07
กลางภาค	O=0.9999996423721313|NORM=4.0832634340404184e-07
อิ	NORM=0.9994688630104065|O=0.0005310956039465964
นี่	O=0.9999988079071045|NORM=1.196251673718507e-06
คือ	O=0.9999992847442627|NORM=6.736084401381959e-07
แบบ	O=0.9999996423721313|NORM=4.0767304199107457e-07
เตรียม	O=0.9999995231628418|NORM=4.2863783278335177e-07
ไว้	O=0.9999996423721313|NORM=3.995020563252183e-07
แล้ว	O=0.9999991655349731|NORM=8.705849836587731e-07
แหละ	O=0.9999972581863403|NORM=2.6885327315540053e-06
ชุดนร.	NORM=0.9993651509284973|O=0.0006348743918351829
เช้า	O=0.9999996423721313|NORM=3.8294086834866903e-07
มา	O=0.9999996423721313|NORM=3.132341248601733e-07
ยังไง	O=0.6491581201553345|NORM=0.3508419394493103
ไม่	O=0.9999996423721313|NORM=2.933945495442458e-07
รู้	O=0.9999991655349731|NORM=7.921551627987355e-07
ใส่	O=0.9999997615814209|NORM=2.502563347661635e-07
ชุดพละ	O=0.9999986886978149|NORM=1.3626514601128292e-06
มา	O=0.9999997615814209|NORM=2.3957935013640963e-07
สอบ	O=0.9999995231628418|NORM=4.7123549506977724e-07
เอ้า	O=0.9900743365287781|NORM=0.00992558803409338
อิ	NORM=0.9784249067306519|O=0.02157505601644516
เหี้ย	O=0.9999841451644897|NORM=1.588694067322649e-05
ขี่	O=0.9999995231628418|NORM=4.469276291274582e-07
รถ	O=0.9999996423721313|NORM=4.1385095528312377e-07
มา	O=0.9999997615814209|NORM=2.7170381144969724e-07
ถึ	O=0.7606121897697449|NORM=0.23938751220703125
งรร.	O=0.9690260887145996|NORM=0.03097386099398136
เดิน	O=0.9999996423721313|NORM=3.1617290119356767e-07
เข้า	O=0.9999997615814209|NORM=2.1539172223583591e-07
รร.	O=0.9993681311607361|NORM=0.0006318251835182309
คือ	O=0.9999996423721313|NORM=3.685875356040924e-07
แบบ	O=0.9999996423721313|NORM=3.9115639083320275e-07
คน	O=0.9999997615814209|NORM=2.924568320850085e-07
ใส่	O=0.9999997615814209|NORM=2.5288579763582675e-07
ชุดนร.	NORM=0.9993070363998413|O=0.0006929721566848457
ทุก	O=0.9999996423721313|NORM=3.8314541939143965e-07
คน	O=0.9999996423721313|NORM=3.4721361430456454e-07
อิ	NORM=0.9996416568756104|O=0.0003583358193282038
นี้	O=0.9785252213478088|NORM=0.021474722772836685
คือ	O=0.999998927116394|NORM=1.0845064934983384e-06
แบบ	O=0.9999995231628418|NORM=4.237705297782668e-07
กู	O=0.9999991655349731|NORM=7.933685992611572e-07
ใส่	O=0.9999996423721313|NORM=3.092873726018297e-07
ผิด	O=0.9999992847442627|NORM=7.021708938736992e-07
หลอ	O=0.9104573726654053|NORM=0.08954256027936935
วะ	O=0.9999319314956665|NORM=6.803074211347848e-05
สอบ	O=0.9999994039535522|NORM=6.095989988352812e-07
วันนี้	O=0.9999994039535522|NORM=5.880340836483811e-07
หลอ	O=0.9577946662902832|NORM=0.04220525547862053
วะ	O=0.9889029860496521|NORM=0.011096957139670849
_	O=0.9999995231628418|NORM=4.2197714833491773e-07
พอ	O=0.9999997615814209|NORM=2.186076244470314e-07
ตอน	O=0.9999995231628418|NORM=4.4220337258593645e-07
เข้าแถว	O=0.9999990463256836|NORM=8.979478707260569e-07
กู	O=0.9999991655349731|NORM=7.906592713879945e-07
นี่	O=0.9999991655349731|NORM=7.845032996556256e-07
แบบ	O=0.9999996423721313|NORM=4.1411229290133633e-07
โครต	NORM=0.9993863105773926|O=0.0006133155548013747
อาย	O=0.999323844909668|NORM=0.0006761233671568334
คน	O=0.9999886751174927|NORM=1.1322393220325466e-05
มอง	O=0.9999994039535522|NORM=6.041511255716614e-07
มา	O=0.999996542930603|NORM=3.4425481771904742e-06
ที่	O=0.9999996423721313|NORM=3.2927553661465936e-07
กู	O=0.9999834299087524|NORM=1.658951077843085e-05
หมด	O=0.9999923706054688|NORM=7.668497346458025e-06
จ้า	NORM=0.9624859690666199|O=0.03751400485634804
ครู	O=0.9999991655349731|NORM=7.992243808985222e-07
บอก	O=0.9999994039535522|NORM=5.692886588803958e-07
ดี	O=0.9999891519546509|NORM=1.0872198799916077e-05
นะ	O=0.9999958276748657|NORM=4.222463303449331e-06
ที่	O=0.9999995231628418|NORM=5.064673018750909e-07
ครู	O=0.999998927116394|NORM=1.1174670362379402e-06
ให้	O=0.9999996423721313|NORM=2.9252120725686837e-07
เข้า	O=0.9999995231628418|NORM=4.48867723434887e-07
สอบ	O=0.9999995231628418|NORM=5.319304818840465e-07
_	O=0.9999983310699463|NORM=1.5096555898708175e-06
#เรื่องมันช่างน่าอาย	O=0.9999986886978149|NORM=1.268196569981228e-06

เพลง	O=0.9999995231628418|NORM=4.149467827119224e-07
Shonichi	O=0.9999995231628418|NORM=4.2190632143501716e-07
วัน	O=0.9999997615814209|NORM=2.693704175271705e-07
แรก	O=0.9999997615814209|NORM=2.543061725646112e-07
_	O=0.9999995231628418|NORM=3.8739904084650334e-07
เพลง	O=0.9999997615814209|NORM=2.7470161967357853e-07
ของ	O=0.9999997615814209|NORM=2.0888749929781625e-07
_	O=0.9999996423721313|NORM=3.636276630913926e-07
#	O=0.9999997615814209|NORM=2.699361516533827e-07
BNK48	O=0.9999994039535522|NORM=6.100916607465479e-07
_	O=0.9999996423721313|NORM=3.4511498370193294e-07
อธิบาย	O=0.9999997615814209|NORM=2.8198618906571937e-07
พี่	O=0.9999996423721313|NORM=3.181016268172243e-07
เต	O=0.9999994039535522|NORM=6.073365170777834e-07
ได้	O=0.9999997615814209|NORM=2.2611857275478542e-07
ดี	O=0.9999996423721313|NORM=3.480354280327447e-07
มาก	O=0.9999996423721313|NORM=4.1513564497108746e-07
เป็น	O=0.9999997615814209|NORM=2.3474522947708465e-07
คน	O=0.9999996423721313|NORM=4.1194076061401574e-07
เต้น	O=0.9999988079071045|NORM=1.1365137879693066e-06
ไม่	O=0.9999996423721313|NORM=3.321312931348075e-07
เป็น	O=0.9999992847442627|NORM=6.491987392109877e-07
_	O=0.9999996423721313|NORM=3.2700984320399584e-07
คน	O=0.9999997615814209|NORM=2.91558194476238e-07
เดียว	O=0.9999995231628418|NORM=4.5972623752277286e-07
ที่	O=0.9999996423721313|NORM=3.172881406499073e-07
ไม่	O=0.9999996423721313|NORM=4.03016088057484e-07
ทัน	O=0.9999991655349731|NORM=8.843334171615425e-07
_	O=0.9999995231628418|NORM=4.5622604716299975e-07
ร้องไห้	O=0.9999996423721313|NORM=2.9563790349129704e-07
ตอน	O=0.9999996423721313|NORM=3.2151601203622704e-07
กลับ	O=0.9999997615814209|NORM=2.7563820026443864e-07
บ้าน	O=0.9999991655349731|NORM=8.468568921671249e-07
_	O=0.9999995231628418|NORM=4.0053356542557594e-07
อยู่	O=0.9999997615814209|NORM=1.9964640785019583e-07
อย่าง	O=0.9999997615814209|NORM=2.6818057108357607e-07
นั้น	O=0.9999996423721313|NORM=3.3597748938518635e-07
ตั้ง	O=0.9999996423721313|NORM=4.03186788844323e-07
กี่	O=0.9999995231628418|NORM=4.654563952044555e-07
ครั้ง	O=0.9999995231628418|NORM=4.2904275687760673e-07
_	O=0.9999996423721313|NORM=3.813220530446415e-07
ร้องเพลง	O=0.9999996423721313|NORM=3.776213759465463e-07
ไม่เอาไหน	O=0.9996962547302246|NORM=0.00030376820359379053
_	O=0.9999995231628418|NORM=4.262182073944132e-07
ทำ	O=0.9999997615814209|NORM=2.112645631768828e-07
ไม่	O=0.9999997615814209|NORM=2.552172588821122e-07
ได้	O=0.9999996423721313|NORM=2.906999441165681e-07
ดั่งใจ	O=0.999998927116394|NORM=1.1254724086029455e-06
_	O=0.9999996423721313|NORM=3.4141615401495073e-07
ใน	O=0.9999997615814209|NORM=2.2012392264514347e-07
บาง	O=0.9999996423721313|NORM=3.499234821902064e-07
วัน	O=0.9999996423721313|NORM=3.1730266414342623e-07
ก็	O=0.9999997615814209|NORM=2.3241985047661728e-07
สูญเสีย	O=0.9999995231628418|NORM=4.1095699998550117e-07
_	O=0.9999994039535522|NORM=5.382806875786628e-07
ทุก	O=0.9999996423721313|NORM=3.4510478030824743e-07
ความมั่นใจ	O=0.9999969005584717|NORM=3.0518356197717367e-06
ไป	O=0.9999990463256836|NORM=9.56564463194809e-07
มากมาย	O=0.9999995231628418|NORM=4.853482096223161e-07
_	O=0.9999991655349731|NORM=7.523607905568497e-07
คน	O=0.9999996423721313|NORM=3.1329508942690154e-07
อื่นๆ	NORM=0.9999529123306274|O=4.6462493628496304e-05
เมื่อ	O=0.9999996423721313|NORM=2.9921352506789844e-07
มอง	O=0.9999996423721313|NORM=3.6862059005215997e-07
ไป	O=0.9999996423721313|NORM=3.7482888615159027e-07
เมื่อ	O=0.9999996423721313|NORM=3.248842688208242e-07
ไร	O=0.9864763021469116|NORM=0.013523685745894909
_	O=0.9999990463256836|NORM=9.85721271717921e-07
ก็	O=0.9999997615814209|NORM=2.407077204225061e-07
ดู	O=0.9999996423721313|NORM=3.568108297713479e-07
จะ	O=0.9999997615814209|NORM=2.478505507497175e-07
เปล่งประกาย	O=0.9999977350234985|NORM=2.2314036414172733e-06
กว่า	O=0.9999995231628418|NORM=5.181278197596839e-07
ฉัน	O=0.9999996423721313|NORM=3.404063306788885e-07
_	O=0.9999996423721313|NORM=3.0810920748081116e-07
#YILoveYou2019	O=0.9999996423721313|NORM=4.0817295143824595e-07
_	O=0.9999996423721313|NORM=3.4209176646982087e-07
#	O=0.9999996423721313|NORM=3.0908981329957896e-07
เต	O=0.9999991655349731|NORM=8.875000503394403e-07
นิว	O=0.9999979734420776|NORM=2.051623596344143e-06

Videonya	O=0.9999995231628418|NORM=4.936094910590327e-07
_	O=0.9999996423721313|NORM=2.8582644517882727e-07
Kimi	O=0.9999997615814209|NORM=2.690492237888975e-07
_	O=0.9999997615814209|NORM=2.7843262273563596e-07
wa	O=0.9999996423721313|NORM=3.940254487133643e-07
_	O=0.9999997615814209|NORM=2.513685899430129e-07
Melody	O=0.999998927116394|NORM=1.0636152865117765e-06
_	O=0.9999996423721313|NORM=3.090249833803682e-07
versi	O=0.9999997615814209|NORM=2.484066499164328e-07
_	O=0.9999997615814209|NORM=2.6457780677446863e-07
BNK	O=0.999997615814209|NORM=2.4168609797925455e-06
48	O=0.9999996423721313|NORM=3.302388051906746e-07
_	O=0.9999996423721313|NORM=3.5157492561666004e-07
sudah	O=0.9999997615814209|NORM=2.3394403569909628e-07
_	O=0.9999996423721313|NORM=2.9889409347561013e-07
rilis	O=0.9999933242797852|NORM=6.646652309427736e-06
_	O=0.9999996423721313|NORM=3.256902232351422e-07
ya	O=0.9999980926513672|NORM=1.930491634993814e-06
_	O=0.9999996423721313|NORM=3.5564113431973965e-07
?	O=0.9999994039535522|NORM=5.331055490387371e-07
_	O=0.9999997615814209|NORM=2.560480822921818e-07
Bicara	O=0.9999994039535522|NORM=5.209797677707684e-07
_	O=0.9999997615814209|NORM=2.698800471989671e-07
soal	O=0.9999997615814209|NORM=1.9508652826516482e-07
_	O=0.9999997615814209|NORM=2.6764706717585796e-07
pakaian	O=0.9999997615814209|NORM=2.2485886574941105e-07
_	O=0.9999996423721313|NORM=2.909928298322484e-07
tradisional	O=0.9999997615814209|NORM=2.581434443982289e-07
_	O=0.9999996423721313|NORM=3.111049124981946e-07
yg	O=0.9999983310699463|NORM=1.634174168430036e-06
_	O=0.9999996423721313|NORM=3.9690112885182316e-07
ada	O=0.9999997615814209|NORM=2.2775972752242524e-07
_	O=0.9999996423721313|NORM=3.743237471098837e-07
di	O=0.9999996423721313|NORM=2.860495271761465e-07
_	O=0.9999996423721313|NORM=3.402956565423665e-07
videonya,	O=0.9999979734420776|NORM=2.013425273617031e-06
_	O=0.9999997615814209|NORM=2.795466400584701e-07
itu	O=0.9999996423721313|NORM=3.2640849667586735e-07
_	O=0.9999996423721313|NORM=2.9378571753113647e-07
pakaian	O=0.9999996423721313|NORM=3.0486106084026687e-07
_	O=0.9999996423721313|NORM=3.1547898515782435e-07
tradisional	O=0.9999996423721313|NORM=3.269742876454984e-07
_	O=0.9999996423721313|NORM=2.8573106192197884e-07
Thailand	O=0.9999991655349731|NORM=8.464708685096412e-07
_	O=0.9999997615814209|NORM=2.599379058665363e-07
dari	O=0.9999997615814209|NORM=2.253479038927253e-07
_	O=0.9999996423721313|NORM=2.895395141422341e-07
era	O=0.9999997615814209|NORM=2.5478439624748717e-07
_	O=0.9999997615814209|NORM=2.4776852569630137e-07
Raja	O=0.9999996423721313|NORM=3.4145327276746684e-07
_	O=0.9999996423721313|NORM=2.984713489695423e-07
Chulalongkorn,	O=0.9999990463256836|NORM=8.526924943907943e-07
_	O=0.9999997615814209|NORM=2.576225597294979e-07
1868	O=0.9999991655349731|NORM=7.843327693990432e-07
-	O=0.9999996423721313|NORM=3.319982795346732e-07
1910	O=0.9999991655349731|NORM=7.757452635814843e-07
.	O=0.9999990463256836|NORM=9.098470172830275e-07
_	O=0.9999997615814209|NORM=2.610215119602799e-07
Sekitar	O=0.9999997615814209|NORM=2.432004464480997e-07
_	O=0.9999996423721313|NORM=3.1871590522314364e-07
beberapa	O=0.9999996423721313|NORM=2.91135506813589e-07
_	O=0.9999996423721313|NORM=3.093516909302707e-07
bulan	O=0.9999997615814209|NORM=2.25926086727668e-07
_	O=0.9999996423721313|NORM=3.291719110620761e-07
lalu	O=0.9999997615814209|NORM=1.8241607335767185e-07
_	O=0.9999997615814209|NORM=2.551123543526046e-07
pihak	O=0.9999996423721313|NORM=3.8168880678313144e-07
_	O=0.9999996423721313|NORM=3.116608411346533e-07
kerajaan	O=0.9999995231628418|NORM=4.300861462525063e-07
_	O=0.9999997615814209|NORM=2.604987798804359e-07
menggelar	O=0.9999996423721313|NORM=3.483897614842135e-07
_	O=0.9999996423721313|NORM=2.9164013426452584e-07
festival	O=0.9999997615814209|NORM=2.860746803889924e-07
_	O=0.9999997615814209|NORM=2.6869616931435303e-07
dan	O=0.9999995231628418|NORM=3.8627197795904067e-07
_	O=0.9999997615814209|NORM=2.797143849875283e-07
pakaian	O=0.9999996423721313|NORM=3.1456838200938364e-07
_	O=0.9999996423721313|NORM=2.876555811326398e-07
seperti	O=0.9999997615814209|NORM=1.8166990400914074e-07
_	O=0.9999996423721313|NORM=3.18608954330557e-07
itu	O=0.9999996423721313|NORM=3.045730636586086e-07
_	O=0.9999996423721313|NORM=3.2991738407872617e-07
banyak	O=0.9999997615814209|NORM=1.710795913822949e-07
_	O=0.9999996423721313|NORM=2.9647728183590516e-07
beredar.	O=0.9999972581863403|NORM=2.794796955640777e-06

ก็	O=0.9999996423721313|NORM=3.071668572829367e-07
ความรู้สึก	O=0.9999995231628418|NORM=5.10680536081054e-07
ต่อ	O=0.9999997615814209|NORM=2.594473187400581e-07
มหาวิทยาลัย	O=0.9999948740005493|NORM=5.166922164789867e-06
นี้	O=0.9999995231628418|NORM=4.327080773691705e-07
นะ	O=0.9999988079071045|NORM=1.1416595953051e-06
คือ	O=0.9999995231628418|NORM=4.916250873066019e-07
มาส	NORM=0.9966541528701782|O=0.0033458105754107237
มี	O=0.9999997615814209|NORM=2.3433904061676003e-07
2	O=0.9999996423721313|NORM=3.4749086808005814e-07
คน	O=0.9999997615814209|NORM=2.484229923993553e-07
_	O=0.9999996423721313|NORM=3.6451092455536127e-07
แต่	O=0.9999996423721313|NORM=3.112643014446803e-07
ละ	O=0.9999964237213135|NORM=3.6011213069286896e-06
คน	O=0.9999996423721313|NORM=2.9596174044854706e-07
ก็	O=0.9999997615814209|NORM=2.567371382156125e-07
น่ารัก	O=0.9999996423721313|NORM=3.7712473499595944e-07
มั่กๆ	NORM=0.9999042749404907|O=9.571555710863322e-05
อย่าง	O=0.9999997615814209|NORM=2.666727709765837e-07
เงา	O=0.9999996423721313|NORM=3.5467584780235484e-07
ก็	O=0.9999997615814209|NORM=2.653227113569301e-07
จะ	O=0.9999997615814209|NORM=2.412894275494182e-07
ดู	O=0.9999997615814209|NORM=2.711700233248848e-07
ซอฟๆก	NORM=0.9999525547027588|O=4.7418241592822596e-05
ว่า	O=0.9999996423721313|NORM=3.334471330163069e-07
เจ๊	O=0.9999876022338867|NORM=1.2387858078000136e-05
มิ	O=0.9981422424316406|NORM=0.0018577883020043373
แล้ว	O=0.9999996423721313|NORM=3.0265189820966043e-07
มหาลัย	NORM=0.9989227652549744|O=0.0010772614041343331
ตอน	O=0.9999996423721313|NORM=3.375286325990601e-07
นี้	O=0.9999997615814209|NORM=2.9313255822671636e-07
ก็	O=0.9999997615814209|NORM=2.606889211165253e-07
แบ่ง	O=0.9999997615814209|NORM=2.2978744596002798e-07
เป็น	O=0.9999997615814209|NORM=2.783211243695405e-07
บ้าน	O=0.9999997615814209|NORM=2.5250525936826307e-07
4	O=0.9999997615814209|NORM=2.55973873208859e-07
บ้าน	O=0.9999997615814209|NORM=2.796290345941088e-07
อัน	O=0.9999996423721313|NORM=3.886738966230041e-07
นี้	O=0.999977707862854|NORM=2.2237400116864592e-05
คือ	O=0.9999995231628418|NORM=4.5038007101538824e-07
แบบ	O=0.9999996423721313|NORM=3.2976669217532617e-07
_	O=0.9999994039535522|NORM=5.756027690040355e-07
ชอบ	O=0.9999997615814209|NORM=2.9083639674354345e-07
สุด	O=0.9999984502792358|NORM=1.5849536794121377e-06
มัน	O=0.9999995231628418|NORM=5.097467692394275e-07
ให้	O=0.9999997615814209|NORM=2.208649618751224e-07
ฟีล	O=0.9977091550827026|NORM=0.0022908388637006283
แฟนตาซี	O=0.9995419979095459|NORM=0.0004579584638122469
มาก	O=0.9999995231628418|NORM=4.2642878383958305e-07
มี	O=0.9999996423721313|NORM=3.949343465592392e-07
ทั้ง	O=0.9999995231628418|NORM=4.2859002746808983e-07
กวาง	O=0.9999850988388062|NORM=1.4904699128237553e-05
_	O=0.9999992847442627|NORM=6.716564371345157e-07
มังกร	O=0.9999991655349731|NORM=8.13842063962511e-07
_	O=0.9999995231628418|NORM=4.692116988280759e-07
สิงโต	O=0.9999942779541016|NORM=5.67411734664347e-06
_	O=0.9999994039535522|NORM=5.85097836847126e-07
นกยูง	O=0.9999985694885254|NORM=1.4104402907832991e-06
แล้ว	O=0.9999997615814209|NORM=2.479259535448364e-07
ก็	O=0.9999997615814209|NORM=2.0093764874218323e-07
อยู่	O=0.9999997615814209|NORM=1.9417609564698068e-07
กัน	O=0.9999997615814209|NORM=2.6484039494789613e-07
แบบ	O=0.9999996423721313|NORM=3.1465299343835795e-07
ฮาๆ	O=0.6076632738113403|NORM=0.3923366963863373
อะ	O=0.999944806098938|NORM=5.520134072867222e-05
_	O=0.9999996423721313|NORM=3.064675411224016e-07
รส.	NORM=0.9982202649116516|O=0.0017797244945541024
จะ	O=0.9999997615814209|NORM=2.5431344852222537e-07
มี	O=0.9999997615814209|NORM=2.3661004888708703e-07
แต่	O=0.9999996423721313|NORM=4.013545549241826e-07
คน	O=0.9999995231628418|NORM=4.1582504195503134e-07
เหงา	O=0.9999996423721313|NORM=3.95500848071606e-07
ด้วย	O=0.9999997615814209|NORM=2.1268084537950926e-07
(	O=0.9999988079071045|NORM=1.1162740065628896e-06
เหมือน	O=0.9999995231628418|NORM=4.1263353978138184e-07
ส่วน	O=0.9999996423721313|NORM=3.3933119425455516e-07
ใหญ่	O=0.9999996423721313|NORM=3.1183176929516776e-07
จะ	O=0.9999997615814209|NORM=2.878463760680461e-07
ไม่	O=0.9999997615814209|NORM=2.8724966227855475e-07
มี	O=0.9999996423721313|NORM=3.1083712315194134e-07
แฟน	O=0.9999992847442627|NORM=7.189841539911868e-07
ด้วย	O=0.9999991655349731|NORM=8.029326181713259e-07
แหละ	O=0.9999974966049194|NORM=2.483801381458761e-06
)	O=0.9999990463256836|NORM=9.31274200866028e-07
#STUniversity	O=0.9999995231628418|NORM=3.9989845390664414e-07

ฉัน	O=0.9999997615814209|NORM=2.5346696475025965e-07
จะ	O=0.9999997615814209|NORM=2.8379483296703256e-07
โน	O=0.9999672174453735|NORM=3.273633774369955e-05
สน	O=0.9999967813491821|NORM=3.18196748594346e-06
โน	O=0.9999622106552124|NORM=3.7761950807180256e-05
แคร์	O=0.9999910593032837|NORM=8.914478712540586e-06
_	O=0.9999996423721313|NORM=3.333005338390649e-07
เขียน	O=0.9999997615814209|NORM=2.6866104008149705e-07
คัท	NORM=0.9977449178695679|O=0.0022551119327545166
เมื่อ	O=0.9999996423721313|NORM=3.5490964478412934e-07
อยาก	O=0.9999996423721313|NORM=3.196931004367798e-07
เขียน	O=0.9999995231628418|NORM=4.981579877494369e-07
ต่อไป	O=0.9999996423721313|NORM=3.04337874013072e-07
_	O=0.9999997615814209|NORM=2.8207065838614653e-07
ถ้า	O=0.9999997615814209|NORM=2.2180469727572927e-07
คน	O=0.9999992847442627|NORM=6.971005745981529e-07
อ่าน	O=0.9999984502792358|NORM=1.5839731304367888e-06
คน	O=0.9999995231628418|NORM=4.3876337940673693e-07
ไหน	O=0.9999996423721313|NORM=3.33592481638334e-07
แยกแยะ	O=0.9999990463256836|NORM=1.0094656772707822e-06
ไม่	O=0.9999996423721313|NORM=3.811580882029375e-07
ออก	O=0.9999991655349731|NORM=8.750589586270507e-07
ระหว่าง	O=0.9999992847442627|NORM=7.09226583239797e-07
โลก	O=0.9999988079071045|NORM=1.2332400274317479e-06
กับ	O=0.9999994039535522|NORM=5.396726123763074e-07
นิยาย	O=0.9999974966049194|NORM=2.522150452932692e-06
_	O=0.9999995231628418|NORM=4.044240711209568e-07
เธอ	O=0.9999997615814209|NORM=2.8402197926880035e-07
ก็	O=0.9999997615814209|NORM=2.8951777153451985e-07
ควร	O=0.9999996423721313|NORM=3.073631944516819e-07
รับผิดชอบ	O=0.9999995231628418|NORM=4.531244144345692e-07
ชีวิต	O=0.9999997615814209|NORM=2.5464714781264775e-07
ตัวเอง	O=0.9999997615814209|NORM=2.408673083209578e-07
แล้ว	O=0.9999996423721313|NORM=3.7485281723093067e-07
แหละ	O=0.9999994039535522|NORM=6.215694270395034e-07
_	O=0.9999995231628418|NORM=4.1721293086993683e-07
ฉัน	O=0.9999997615814209|NORM=2.197828479211239e-07
ก็	O=0.9999997615814209|NORM=2.421418798803643e-07
จะ	O=0.9999997615814209|NORM=2.6595907343107683e-07
บอก	O=0.9999997615814209|NORM=2.665614147190354e-07
แค่	O=0.9999996423721313|NORM=3.034597284568008e-07
ว่า	O=0.9999996423721313|NORM=3.5565608413890004e-07
ให้	O=0.9999997615814209|NORM=2.1685491446987726e-07
ใช้	O=0.9999996423721313|NORM=3.3475507166258467e-07
วิจารณญาณ	O=0.9999960660934448|NORM=3.9732335608277936e-06
นะ	O=0.9999995231628418|NORM=5.150894821781549e-07
_	O=0.9999995231628418|NORM=4.1879633272401406e-07
คิด	O=0.9999995231628418|NORM=4.161435924743273e-07
วิเคราะห์	O=0.9999969005584717|NORM=3.140577973681502e-06
แยกแยะ	O=0.9999958276748657|NORM=4.208067366562318e-06
_	O=0.9999996423721313|NORM=3.8966669535511755e-07
อย่า	O=0.9999997615814209|NORM=2.0363263786293828e-07
มา	O=0.9999996423721313|NORM=3.421906740186387e-07
อ้าง	O=0.9999995231628418|NORM=4.6672235498590453e-07
ว่า	O=0.9999997615814209|NORM=2.746054690305755e-07
ฉัน	O=0.9999997615814209|NORM=2.592163355075172e-07
เขียน	O=0.9999996423721313|NORM=3.487614037567255e-07
ฉัน	O=0.9999997615814209|NORM=2.523786406527506e-07
ต้อง	O=0.9999997615814209|NORM=2.0387454924275517e-07
รับผิดชอบ	O=0.9999996423721313|NORM=3.5033988865507126e-07
เธอ	O=0.9999997615814209|NORM=2.0738333716963098e-07
เลย	O=0.9999997615814209|NORM=2.66214641442275e-07
_	O=0.9999996423721313|NORM=3.5451421354082413e-07
เวลา	O=0.9999997615814209|NORM=2.2313558645237208e-07
เธอ	O=0.9999997615814209|NORM=2.655358457559487e-07
ออก	O=0.9999996423721313|NORM=4.13311397551297e-07
มา	O=0.9999996423721313|NORM=3.246476580898161e-07
ทำลาย	O=0.9999996423721313|NORM=3.843985609819356e-07
ความ	O=0.9999996423721313|NORM=3.064610893943609e-07
รู้สึก	O=0.9999872446060181|NORM=1.279431762668537e-05
พวก	O=0.9999991655349731|NORM=8.623070471003302e-07
ฉัน	O=0.9999839067459106|NORM=1.612262894923333e-05
พวก	O=0.9999988079071045|NORM=1.2172193919468555e-06
เธอ	O=0.9999996423721313|NORM=3.8825083947813255e-07
ยัง	O=0.9999996423721313|NORM=3.0289851338238805e-07
ไม่	O=0.9999996423721313|NORM=2.969141519315599e-07
รับผิดชอบ	O=0.9999995231628418|NORM=4.2275939904357074e-07
เลย	O=0.9999997615814209|NORM=2.615367975522531e-07

เรา	O=0.9999997615814209|NORM=2.731603103711677e-07
ได้	O=0.9999996423721313|NORM=3.4535531767687644e-07
รู้จัก	O=0.9999985694885254|NORM=1.471541963837808e-06
วง	O=0.9999991655349731|NORM=8.603790888628282e-07
นี้	O=0.9999996423721313|NORM=3.0595879252359737e-07
เพราะ	O=0.9999997615814209|NORM=2.3791791647909122e-07
ประโยคๆ	O=0.9852989912033081|NORM=0.014700967818498611
นึง	NORM=0.9997366070747375|O=0.0002633638505358249
ที่	O=0.9999997615814209|NORM=2.3503689305925946e-07
เฌอปราง	O=0.9999780654907227|NORM=2.185622724937275e-05
ได้	O=0.9999997615814209|NORM=2.81980817362637e-07
พูด	O=0.9999995231628418|NORM=4.434454012880451e-07
ไว้	O=0.9999996423721313|NORM=4.1046703813663044e-07
แล้ว	O=0.9999997615814209|NORM=2.7076922037849727e-07
สนใจ	O=0.9999994039535522|NORM=5.730678935833566e-07
ทัศนคติ	O=0.9999979734420776|NORM=2.0270001641620183e-06
ก่อน	O=0.9999997615814209|NORM=2.3114155567327543e-07
จะ	O=0.9999997615814209|NORM=2.697591128253407e-07
เห็น	O=0.9999997615814209|NORM=2.6582597456581425e-07
รูป	O=0.9999997615814209|NORM=2.888605479256512e-07
ซะ	NORM=0.9955131411552429|O=0.0044868746772408485
อีก	O=0.9999996423721313|NORM=3.140189619443845e-07
ตั้งแต่	O=0.9999996423721313|NORM=3.2265188565361314e-07
สอง	O=0.9999995231628418|NORM=4.400490070111118e-07
ทุ่ม	O=0.9999992847442627|NORM=7.129237928893417e-07
แล้ว	O=0.9999996423721313|NORM=3.0629746561317006e-07
ก็	O=0.9999997615814209|NORM=2.611465106383548e-07
กดๆๆๆ	NORM=0.9997749924659729|O=0.00022502509818878025
เข้า	O=0.999998927116394|NORM=1.0224825928162318e-06
ไป	O=0.9999992847442627|NORM=7.060937718961213e-07
_	O=0.9999995231628418|NORM=4.4782871100323973e-07
อ้าว	O=0.9945160746574402|NORM=0.005483922548592091
_	O=0.9999996423721313|NORM=3.609816303651314e-07
เห้ย	O=0.9991330504417419|NORM=0.0008669423987157643
ตี	O=0.9999986886978149|NORM=1.2703525271717808e-06
สี่	O=0.9999995231628418|NORM=4.1891775026670075e-07
แล้ว	O=0.9999997615814209|NORM=2.8154335041108425e-07
!!	O=0.9999979734420776|NORM=1.983677520911442e-06
_	O=0.9999997615814209|NORM=2.0872899142432288e-07
รุ่น	O=0.9999997615814209|NORM=2.899717514992517e-07
2	O=0.9999996423721313|NORM=3.074024448324053e-07
ตอน	O=0.9999996423721313|NORM=3.126309877643507e-07
นี้	O=0.9999994039535522|NORM=5.811804726363334e-07
ที่	O=0.9999997615814209|NORM=2.2954191081225872e-07
หวีด	O=0.9999960660934448|NORM=3.8961311474849936e-06
กัน	O=0.9999996423721313|NORM=3.8810500768704514e-07
เพราะ	O=0.9999997615814209|NORM=2.2908332653059915e-07
หน้าตา	O=0.9999995231628418|NORM=4.4226450768292125e-07
(	O=0.9999971389770508|NORM=2.884195282604196e-06
รึ	NORM=0.9986659288406372|O=0.001334093976765871
ป่าว	NORM=0.9999169111251831|O=8.314002479892224e-05
)	O=0.9999988079071045|NORM=1.1185533139723702e-06
แต่	O=0.9999997615814209|NORM=2.1392455096247431e-07
เวลา	O=0.9999996423721313|NORM=3.852261443171301e-07
จะ	O=0.9999997615814209|NORM=2.7386170131649124e-07
ช่วย	O=0.9999996423721313|NORM=4.0126309386323555e-07
คัด	O=0.9999991655349731|NORM=7.984967851371039e-07
เอง	O=0.9999996423721313|NORM=2.990699954352749e-07
ว่า	O=0.9999997615814209|NORM=2.0209206752497266e-07
ใคร	O=0.9999997615814209|NORM=2.645271308665542e-07
เหมาะ	O=0.9999994039535522|NORM=6.48840455141908e-07
ที่	O=0.9999997615814209|NORM=2.842672301994753e-07
จะ	O=0.9999996423721313|NORM=2.9545495294769353e-07
สานต่อ	O=0.9999985694885254|NORM=1.3982262316858396e-06
พี่	O=0.9999995231628418|NORM=4.860170292886323e-07
รุ่น	O=0.9999996423721313|NORM=3.2216610179602867e-07
1	O=0.9999996423721313|NORM=3.0319850452542596e-07
_	O=0.9999996423721313|NORM=2.935510110546602e-07
ไม่	O=0.9999997615814209|NORM=2.0401964206939738e-07
ต้อง	O=0.9999997615814209|NORM=2.4183907498809276e-07
ห่วง	O=0.9999995231628418|NORM=4.468901408927195e-07
นะ	O=0.9999996423721313|NORM=3.036838052139501e-07
เรา	O=0.9999997615814209|NORM=2.494992372703564e-07
ยัง	O=0.9999910593032837|NORM=8.915329090086743e-06
คามิ	O=0.9999805688858032|NORM=1.941240407177247e-05
รุ่น	O=0.9999995231628418|NORM=4.456924500573223e-07
1	O=0.9999995231628418|NORM=4.155079125212069e-07
_	O=0.9999996423721313|NORM=2.920523627381044e-07
#BNK48	O=0.9999991655349731|NORM=8.436759344476741e-07
_	O=0.9999996423721313|NORM=3.2136915706360014e-07
#CherprangBNK48	O=0.9999996423721313|NORM=3.926836029677361e-07

พิ	NORM=0.9999881982803345|O=1.1663732948363759e-05
เฌอ	O=0.9999585151672363|NORM=4.1462280933046713e-05
สวย	O=0.9999967813491821|NORM=3.1800836950424127e-06
มาก	O=0.9999994039535522|NORM=6.384296966643888e-07
_	O=0.9999995231628418|NORM=5.215385385781701e-07
ก	O=0.9999979734420776|NORM=2.0011489141325e-06
_	O=0.9999994039535522|NORM=6.214141876625945e-07
ยกกำลัง	O=0.9999995231628418|NORM=4.5747034960186284e-07
_	O=0.9999994039535522|NORM=5.180833113627159e-07
48	O=0.9999972581863403|NORM=2.7318214961269405e-06
_	O=0.9999994039535522|NORM=5.474743147715344e-07
เลย	O=0.9999996423721313|NORM=3.0098965453362325e-07
_	O=0.9999995231628418|NORM=4.1007575646290206e-07
ยิ้ม	O=0.9999997615814209|NORM=2.731722759108379e-07
ที	O=0.9999994039535522|NORM=5.781064373877598e-07
ละลาย	O=0.9999656677246094|NORM=3.431947698118165e-05
_	O=0.9999996423721313|NORM=4.0367928022533306e-07
ยิ้ม	O=0.9999996423721313|NORM=3.616183903432102e-07
หวาน	O=0.9999994039535522|NORM=5.888983309887408e-07
มาก	O=0.9999995231628418|NORM=4.4170644741825527e-07
_	O=0.9999996423721313|NORM=3.3662661280686734e-07
เสียง	O=0.9999995231628418|NORM=4.406806510814931e-07
ลื่น	O=0.9999996423721313|NORM=3.455998012213968e-07
หู	O=0.9999994039535522|NORM=5.586088605014083e-07
ฟัง	O=0.9999996423721313|NORM=3.4078928479175374e-07
เพลิน	O=0.9999986886978149|NORM=1.3244377896626247e-06
_	O=0.9999995231628418|NORM=4.4323101633381157e-07
นึก	O=0.9999992847442627|NORM=6.924136073394038e-07
ว่า	O=0.9999996423721313|NORM=3.80022385115808e-07
หลุด	O=0.9999992847442627|NORM=6.750283887413389e-07
ออก	O=0.9999996423721313|NORM=3.8317759276651486e-07
มา	O=0.9999995231628418|NORM=4.3507083091753884e-07
จาก	O=0.9999996423721313|NORM=3.073699019751075e-07
วรรณคดี	O=0.9999865293502808|NORM=1.3419269635051023e-05
_	O=0.9999995231628418|NORM=4.5783784230479796e-07
สวย	O=0.9999992847442627|NORM=6.966068326619279e-07
แบบ	O=0.9999996423721313|NORM=3.586119987630809e-07
ธรรมชาติ	O=0.9999938011169434|NORM=6.187783128552837e-06
ไม่	O=0.9999997615814209|NORM=2.817440076796629e-07
ล้น	O=0.9999970197677612|NORM=3.0253786462708376e-06
เกิน	O=0.9999994039535522|NORM=6.289071734499885e-07
หรือ	O=0.9999982118606567|NORM=1.8054274733003695e-06
น้อย	O=0.9999995231628418|NORM=4.855538122683356e-07
_	O=0.9999996423721313|NORM=3.9516530137007067e-07
มัน	O=0.9999995231628418|NORM=4.159630577760254e-07
พอดี	O=0.9999994039535522|NORM=5.564215257436445e-07
แต่	O=0.9999995231628418|NORM=4.315953106015513e-07
บอก	O=0.9999996423721313|NORM=4.03401401172232e-07
เลย	O=0.9999996423721313|NORM=3.340958585340559e-07
ว่า	O=0.9999996423721313|NORM=3.067602278861159e-07
สวย	O=0.9999995231628418|NORM=4.6328062808242976e-07
จน	O=0.9999997615814209|NORM=2.8247228556210757e-07
แบบ	O=0.9999997615814209|NORM=2.830161633937678e-07
บรรยาย	O=0.9999995231628418|NORM=4.430057742865756e-07
ไม่	O=0.9999997615814209|NORM=2.3397637960442808e-07
ถูก	O=0.9999996423721313|NORM=3.645363051418826e-07
จริงๆ	NORM=0.9999909400939941|O=8.794653695076704e-06
_	O=0.9999994039535522|NORM=5.194874006519967e-07
ฟื้น	O=0.9999996423721313|NORM=3.143839251151803e-07
แล้ว	O=0.9999997615814209|NORM=2.617324241782626e-07
ฟื้น	O=0.9999996423721313|NORM=3.7285482790139213e-07
อีก	O=0.9999996423721313|NORM=2.96953515999121e-07
_	O=0.9999996423721313|NORM=3.653468638731283e-07
ใจ	O=0.9999997615814209|NORM=2.5786195578803017e-07
ไม่	O=0.9999997615814209|NORM=2.410561990018323e-07
สั่น	O=0.9999996423721313|NORM=4.004178890681942e-07
นี่	O=0.9999992847442627|NORM=7.001928565841808e-07
คือ	O=0.9999996423721313|NORM=3.6670650160886e-07
ขอ	O=0.9999997615814209|NORM=2.3571996621285507e-07
มอบ	O=0.9999996423721313|NORM=3.271704827056965e-07
รางวัล	O=0.9999995231628418|NORM=5.306121693138266e-07
มนุษย์	O=0.9999994039535522|NORM=6.021494414198969e-07
ใจหิน	O=0.9999984502792358|NORM=1.5895585647740518e-06
ให้	O=0.9999997615814209|NORM=2.587162271083798e-07
เลย	O=0.9999996423721313|NORM=3.594913380311482e-07
_	O=0.9999994039535522|NORM=5.249536343399086e-07
หลง	O=0.9999994039535522|NORM=5.57568853309931e-07
_	O=0.9999994039535522|NORM=5.426360303317779e-07
ขอ	O=0.9999997615814209|NORM=2.3839508855871827e-07
อนุญาต	O=0.9999986886978149|NORM=1.3607373148261104e-06
จข	O=0.8743335604667664|NORM=0.12566645443439484
นะ	O=0.9999995231628418|NORM=4.1504532077851763e-07
คะ	O=0.999998927116394|NORM=1.0975550139846746e-06
_	O=0.9999996423721313|NORM=2.7675471869770263e-07
#CherPrangBNK48	O=0.9999996423721313|NORM=3.8285469372567604e-07
_	O=0.9999996423721313|NORM=2.465461363954091e-07
#bnk48	O=0.9999996423721313|NORM=3.324263104786951e-07

แก	O=0.9999995231628418|NORM=4.269765270237258e-07
!	O=0.9999988079071045|NORM=1.0894260640270659e-06
_	O=0.9999996423721313|NORM=3.6456933116824075e-07
ฉัน	O=0.9999997615814209|NORM=2.8535939122775744e-07
จะ	O=0.9999997615814209|NORM=2.0480369755659922e-07
ร้องไห้	O=0.9999997615814209|NORM=2.8849714794887404e-07
แล้ว	O=0.9999997615814209|NORM=2.3803116278031666e-07
_	O=0.9999995231628418|NORM=4.2779004161275225e-07
บตบก.	NORM=0.9877008199691772|O=0.012299210764467716
บาง	O=0.9999995231628418|NORM=4.981038159712625e-07
ท่าน	O=0.9999983310699463|NORM=1.671141603765136e-06
ที่	O=0.9999997615814209|NORM=2.2234772245610657e-07
ทำ	O=0.9999997615814209|NORM=2.367285532045571e-07
_	O=0.9999995231628418|NORM=4.6901533323762123e-07
คสอ.	NORM=0.9947047829627991|O=0.005295126233249903
_	O=0.9999995231628418|NORM=4.6139084020069276e-07
ออก	O=0.9999997615814209|NORM=1.965770479728235e-07
มา	O=0.9999997615814209|NORM=2.9057136430310493e-07
_	O=0.9999995231628418|NORM=4.883703468294698e-07
แล้ว	O=0.9999997615814209|NORM=2.4510322305104637e-07
นี่	O=0.9999996423721313|NORM=3.61792245939796e-07
ผิว	O=0.9999995231628418|NORM=4.439014844592748e-07
เข้ม	O=0.9999996423721313|NORM=3.5574390722104e-07
_	O=0.9999994039535522|NORM=5.802733085147338e-07
นี่	O=0.9999996423721313|NORM=3.8995256090856856e-07
กลัว	O=0.9999997615814209|NORM=2.9166997705942777e-07
ใช้	O=0.9999997615814209|NORM=2.2521190601310082e-07
แล้ว	O=0.9999997615814209|NORM=2.399676191089384e-07
เป็น	O=0.9999996423721313|NORM=3.0234642167670245e-07
ตุ๊ด	O=0.9987851977348328|NORM=0.001214850228279829
หน้า	O=0.9999995231628418|NORM=4.857830617766012e-07
เทา	O=0.9999977350234985|NORM=2.212006393165211e-06
เมา	O=0.9999954700469971|NORM=4.539138899417594e-06
รองพื้น	O=0.9999992847442627|NORM=7.010755211922515e-07
มาก	O=0.9999996423721313|NORM=2.955240177016094e-07
_	O=0.9999995231628418|NORM=4.243355249400338e-07
ดู	O=0.9999997615814209|NORM=2.0724120020076953e-07
จาก	O=0.9999997615814209|NORM=2.4099830397972255e-07
รีวิว	O=0.9999996423721313|NORM=3.248542270739563e-07
หลายๆ	NORM=0.9929036498069763|O=0.007096317131072283
คน	O=0.9999970197677612|NORM=2.9852028546883957e-06
แล้ว	O=0.9999997615814209|NORM=2.567848866874556e-07
อะ	O=0.9866081476211548|NORM=0.013391816057264805
_	O=0.9999994039535522|NORM=5.955509436716966e-07
สี	O=0.9999997615814209|NORM=2.8771464144483616e-07
ไม่	O=0.9999997615814209|NORM=2.1425613283554412e-07
ไหว	O=0.9999995231628418|NORM=4.901420425085234e-07
จริง	O=0.9999995231628418|NORM=5.011786470277002e-07
_	O=0.9999994039535522|NORM=5.2460677579802e-07
แต่	O=0.9999996423721313|NORM=3.188505957041343e-07
เอา	O=0.9999997615814209|NORM=2.54704218605184e-07
จริงๆ	NORM=0.9989160299301147|O=0.0010835578432306647
รองพื้น	O=0.9999995231628418|NORM=4.6721129365323577e-07
_	O=0.9999991655349731|NORM=7.528653327426582e-07
แป้ง	O=0.9999991655349731|NORM=8.696646887074166e-07
_	O=0.9999991655349731|NORM=7.427429409290198e-07
ก็	O=0.9999997615814209|NORM=2.075922935773633e-07
ควร	O=0.9999997615814209|NORM=2.3901202439446934e-07
ครอบคลุม	O=0.9999995231628418|NORM=4.0878759932638786e-07
ทุก	O=0.9999996423721313|NORM=3.057062372135988e-07
เฉด	O=0.9999099969863892|NORM=8.99529768503271e-05
หรือ	O=0.9999767541885376|NORM=2.3266289645107463e-05
ปล่าว	NORM=0.9945308566093445|O=0.00546919135376811
ง่ะ	NORM=0.7075710296630859|O=0.29242902994155884
_	O=0.9999996423721313|NORM=3.780516237839038e-07
ส่วน	O=0.9999997615814209|NORM=2.2374460684204678e-07
ใหญ่	O=0.9999997615814209|NORM=2.618660062125855e-07
แล้ว	O=0.9999997615814209|NORM=2.072117410989449e-07
มี	O=0.9999997615814209|NORM=2.055791981092625e-07
_	O=0.9999995231628418|NORM=5.023418907512678e-07
เบอร์	O=0.9999977350234985|NORM=2.3064619654178387e-06
_	O=0.9999991655349731|NORM=8.050933502090629e-07
ขาว	O=0.9999995231628418|NORM=4.853773702961917e-07
ฉิบหาย	O=0.9999202489852905|NORM=7.968972204253078e-05
_	O=0.9999995231628418|NORM=4.797601036443666e-07
ขาว	O=0.9999990463256836|NORM=9.564522542859777e-07
มาก	O=0.9999995231628418|NORM=5.293485969559697e-07
ขาว	O=0.9999980926513672|NORM=1.8803772263709106e-06
น้อย	O=0.9999996423721313|NORM=3.6333091202322976e-07
ลง	O=0.9999994039535522|NORM=5.791267199128924e-07
อีก	O=0.9999994039535522|NORM=6.401789391929924e-07
_	O=0.9999996423721313|NORM=3.8733884366592974e-07
ขาว	O=0.9999982118606567|NORM=1.7549758695167839e-06
เกือบ	O=0.9999990463256836|NORM=9.518434467281622e-07
เข้ม	O=0.9999994039535522|NORM=5.66996732231928e-07
_	O=0.9999994039535522|NORM=6.001394581289787e-07
อิหยัง	NORM=0.9032725095748901|O=0.09672747552394867
วะ	O=0.9999673366546631|NORM=3.269512308179401e-05
_	O=0.9999986886978149|NORM=1.2913548061987967e-06
#บตบก	O=0.8300828337669373|NORM=0.16991715133190155

ท็อป	O=0.9999990463256836|NORM=9.18083856049634e-07
_	O=0.9999995231628418|NORM=4.6839755896144197e-07
3	O=0.9999997615814209|NORM=2.7065536301051907e-07
_	O=0.9999996423721313|NORM=3.6438095207813603e-07
ก็	O=0.9999997615814209|NORM=2.5370178491357365e-07
คือ	O=0.9999995231628418|NORM=4.601723446739925e-07
เชือดเฉือน	O=0.9999977350234985|NORM=2.2960066416999325e-06
_	O=0.9999995231628418|NORM=4.166506926139846e-07
1	O=0.9999996423721313|NORM=3.181447141287208e-07
_	O=0.9999997615814209|NORM=2.6176286382906255e-07
โยฮัน	O=0.9999986886978149|NORM=1.2977177448192379e-06
นี่	O=0.9999995231628418|NORM=5.160841851648001e-07
ได้	O=0.9999997615814209|NORM=2.230239033451653e-07
กระแส	O=0.9999990463256836|NORM=1.0013817473009112e-06
ตั้งแต่	O=0.9999996423721313|NORM=3.9481270164287707e-07
วีค	O=0.9572175145149231|NORM=0.042782559990882874
ที่	O=0.9999991655349731|NORM=7.863076803005242e-07
แล้ว	O=0.9999985694885254|NORM=1.4318798093881924e-06
_	O=0.9999997615814209|NORM=2.7762260401686945e-07
คน	O=0.9999996423721313|NORM=3.663097913886304e-07
แชร์	O=0.9999997615814209|NORM=2.618200483084365e-07
รูป	O=0.9999997615814209|NORM=2.3278475680399424e-07
เยอะ	O=0.9999997615814209|NORM=1.9574756038309715e-07
มากกกกกกกก	NORM=0.9973403811454773|O=0.0026526018045842648
_	O=0.9999994039535522|NORM=5.130852400725416e-07
2	O=0.9999996423721313|NORM=3.1185231819108594e-07
_	O=0.9999996423721313|NORM=3.040089211481245e-07
อึนซัง	O=0.999951958656311|NORM=4.798210284207016e-05
ก็	O=0.9999997615814209|NORM=2.3864757281444327e-07
มา	O=0.9999996423721313|NORM=3.1744488637741597e-07
เรื่อยๆ	NORM=0.9999728202819824|O=2.7052912628278136e-05
_	O=0.9999996423721313|NORM=3.616159744979086e-07
หล่อ	O=0.9999994039535522|NORM=5.540582606045064e-07
_	O=0.9999996423721313|NORM=3.535977839419502e-07
น่ารัก	O=0.9999994039535522|NORM=6.314215852398775e-07
_	O=0.9999996423721313|NORM=3.187578556662629e-07
หัว	O=0.9999996423721313|NORM=3.71514573771492e-07
แดง	O=0.9999992847442627|NORM=6.546912345584133e-07
_	O=0.9999996423721313|NORM=3.221482529625064e-07
คลาส	NORM=0.9708865284919739|O=0.02911331132054329
_	O=0.9999994039535522|NORM=5.512990242095839e-07
A	O=0.9999996423721313|NORM=3.9545031427223876e-07
_	O=0.9999996423721313|NORM=3.753772830350499e-07
ด้วย	O=0.9999997615814209|NORM=2.7442379746389634e-07
_	O=0.9999996423721313|NORM=3.2679037076377426e-07
3	O=0.9999996423721313|NORM=2.8937390084138315e-07
_	O=0.9999996423721313|NORM=3.343537002820085e-07
มินกยู	O=0.9999748468399048|NORM=2.5178507712553255e-05
ก็	O=0.9999997615814209|NORM=2.1570295416495355e-07
ฟลาวเวอร์บอย	O=0.9982866644859314|NORM=0.001713243080303073
_	O=0.9999994039535522|NORM=5.186374778531899e-07
หล่อ	O=0.9999994039535522|NORM=6.225133120096871e-07
_	O=0.9999996423721313|NORM=3.052846579976176e-07
สูง	O=0.9999996423721313|NORM=3.4213093158541596e-07
_	O=0.9999997615814209|NORM=2.7731272211894975e-07
หน้าตา	O=0.9999992847442627|NORM=6.920280952726898e-07
ไอดอล	O=0.9999901056289673|NORM=9.931883141689468e-06
_	O=0.9999996423721313|NORM=3.343843388847745e-07
แม่	O=0.9999995231628418|NORM=4.1745889234334754e-07
เกา	NORM=0.7656570672988892|O=0.23434294760227203
รัก	O=0.9999985694885254|NORM=1.3707298194276518e-06
_	O=0.9999996423721313|NORM=3.140321496175602e-07
อาทิตย์	O=0.9999996423721313|NORM=3.502760534956906e-07
นี้	O=0.9999997615814209|NORM=2.5544713366798533e-07
ซีน	O=0.9999994039535522|NORM=6.44859142084897e-07
ดี	O=0.9999996423721313|NORM=3.9764296388966613e-07
ได้	O=0.9999997615814209|NORM=2.0048916837822617e-07
_	O=0.9999995231628418|NORM=4.223261953484325e-07
X	O=0.9999996423721313|NORM=3.399677268589585e-07
_	O=0.9999995231628418|NORM=4.2464480998205545e-07
แต่	O=0.9999997615814209|NORM=2.6231364813611435e-07
โคตร	O=0.9999991655349731|NORM=8.045070671869325e-07
ขยัน	O=0.9999992847442627|NORM=6.836272632426699e-07
_	O=0.9999995231628418|NORM=4.3855379772139713e-07
ไฟท์	NORM=0.8962463736534119|O=0.10375365614891052
สุด	O=0.9999969005584717|NORM=3.0381349915842293e-06
_	O=0.9999995231628418|NORM=4.804808213521028e-07
เป็น	O=0.9999997615814209|NORM=2.197212438659335e-07
เจ้าหนูจำไม	O=0.9251882433891296|NORM=0.074811652302742
_	O=0.9999995231628418|NORM=4.001372815309878e-07
ถาม	O=0.9999996423721313|NORM=3.725796773323964e-07
ทุก	O=0.9999934434890747|NORM=6.58336648484692e-06
อย่าง	O=0.9999988079071045|NORM=1.1458821518317563e-06
_	O=0.9999996423721313|NORM=2.9128491974006465e-07
55555	O=0.9999908208847046|NORM=9.223804227076471e-06
_	O=0.9999997615814209|NORM=2.408133639164589e-07
#PRODUCE_X_101	O=0.9999995231628418|NORM=4.5713889562648546e-07

#งานออนไลน์	O=0.9999992847442627|NORM=7.512617798965948e-07
_	O=0.9999997615814209|NORM=2.4457736458316504e-07
อยาก	O=0.9999997615814209|NORM=2.0645470044655667e-07
มี	O=0.9999997615814209|NORM=2.3500595602854446e-07
เงิน	O=0.9999996423721313|NORM=3.243746675707371e-07
ไว้	O=0.9999988079071045|NORM=1.1504196208989015e-06
ซื้อ	O=0.9999996423721313|NORM=3.886138699726871e-07
_	O=0.9999996423721313|NORM=3.700181707699812e-07
ไว้	O=0.9999985694885254|NORM=1.4212463383955765e-06
ช็อป	O=0.9997962117195129|NORM=0.0002038603852270171
_	O=0.9999996423721313|NORM=3.023510259936302e-07
DM	O=0.999971866607666|NORM=2.807812597893644e-05
สอบถาม	O=0.9999979734420776|NORM=1.984491063922178e-06
ดู	O=0.9999996423721313|NORM=3.3196440085703216e-07
รีวิว	O=0.9999996423721313|NORM=3.2924131687650515e-07
ก่อน	O=0.9999996423721313|NORM=2.9199358664300235e-07
ได้	O=0.9999997615814209|NORM=2.1786253512345866e-07
ค่ะ	O=0.9999995231628418|NORM=4.3709280816983664e-07
_	O=0.9999997615814209|NORM=2.2787358489040344e-07
#ตลาดนัดgot7	O=0.9999997615814209|NORM=2.591829684206459e-07
_	O=0.9999997615814209|NORM=2.608572629014816e-07
#งานออนไลน์ได้เงินดี	O=0.9999995231628418|NORM=4.35170818491315e-07
_	O=0.9999997615814209|NORM=2.5869155706459424e-07
#YOONA_SoWonderfulDayinBKK	O=0.9999995231628418|NORM=4.5715634655607573e-07
_	O=0.9999997615814209|NORM=2.110402164134939e-07
#BNK48Market	O=0.9999997615814209|NORM=2.520019961593789e-07
_	O=0.9999996423721313|NORM=2.683381126189488e-07
#งานออนไลน์ได้เงินจริง	O=0.9999995231628418|NORM=4.311164900627773e-07
_	O=0.9999997615814209|NORM=2.4125949948938796e-07
#ตลาดนัดnct	O=0.9999991655349731|NORM=7.89949297086423e-07
_	O=0.9999996423721313|NORM=2.7803457669506315e-07
#แลกการ์ดwannaone	O=0.9999996423721313|NORM=3.95227857552527e-07
_	O=0.9999996423721313|NORM=3.1049788162818004e-07
#แลกการ์ดiKON	O=0.9999995231628418|NORM=4.958548629474535e-07
_	O=0.9999996423721313|NORM=3.362576137533324e-07
#แลกการ์ดcbx	O=0.9999995231628418|NORM=4.41010683971399e-07
_	O=0.9999997615814209|NORM=2.699644880976848e-07
#WannaOne1TheWorldinBKK	O=0.9999996423721313|NORM=3.54835862026448e-07
_	O=0.9999996423721313|NORM=2.762969018021977e-07
#แลกการ์ดjbj	O=0.9999992847442627|NORM=7.619681241521903e-07
_	O=0.9999997615814209|NORM=2.4699448886167374e-07
#FakeLove1stWin	O=0.9999995231628418|NORM=4.561851483231294e-07
_	O=0.9999996423721313|NORM=3.088676407969615e-07
#เตนล์	O=0.9999786615371704|NORM=2.1302714230841957e-05

ต้อง	O=0.9999997615814209|NORM=2.4849904889379104e-07
บอก	O=0.9999997615814209|NORM=2.5353585897391895e-07
ก่อน	O=0.9999996423721313|NORM=3.165693840401218e-07
เลย	O=0.9999994039535522|NORM=5.512159759746282e-07
ว่า	O=0.9999997615814209|NORM=2.1836738994807092e-07
ไม่	O=0.9999996423721313|NORM=3.0654908300675743e-07
เคย	O=0.9999990463256836|NORM=9.696601637187996e-07
รู้จัก	O=0.9999996423721313|NORM=3.9601906109965057e-07
หลินอี	O=0.9999967813491821|NORM=3.1628076158085605e-06
มาก่อน	O=0.9999990463256836|NORM=1.008035155791731e-06
หน้า	O=0.9999996423721313|NORM=3.178693361860496e-07
นี้	O=0.9999983310699463|NORM=1.6936276097112568e-06
เลย	O=0.9999995231628418|NORM=4.983908183930907e-07
_	O=0.9999997615814209|NORM=2.3495442746934714e-07
พึ่ง	NORM=0.9997707009315491|O=0.00022917211754247546
จะ	O=0.9999996423721313|NORM=2.9393478939709894e-07
รู้จัก	O=0.9999996423721313|NORM=3.4089558198502345e-07
ก่อน	O=0.9999997615814209|NORM=2.3617135980202875e-07
ที่	O=0.9999997615814209|NORM=2.277936346217757e-07
จะ	O=0.9999997615814209|NORM=2.543653465636453e-07
จัด	O=0.9999995231628418|NORM=5.062789227849862e-07
มีต	NORM=0.963204562664032|O=0.03679541125893593
เพียงแค่	O=0.9999994039535522|NORM=5.909535047976533e-07
1	O=0.9999996423721313|NORM=3.7719019019277766e-07
อาทิตย์	O=0.9999995231628418|NORM=5.038008339397493e-07
และ	O=0.9999996423721313|NORM=3.787459377235791e-07
ได้	O=0.9999997615814209|NORM=2.1042647802005376e-07
มี	O=0.9999997615814209|NORM=2.3597119991336513e-07
โอกาส	O=0.9999996423721313|NORM=3.8959797166171484e-07
ดู	O=0.9999997615814209|NORM=2.3096043832993018e-07
ซีรี่ย์	NORM=0.9954631924629211|O=0.004536816850304604
ผลงาน	O=0.9999990463256836|NORM=8.921485914470395e-07
เรื่อง	O=0.9999996423721313|NORM=3.3950243505387334e-07
แรก	O=0.9999996423721313|NORM=3.1142670309236564e-07
ของ	O=0.9999997615814209|NORM=2.8798311291211576e-07
หลินอี	O=0.9999978542327881|NORM=2.145500729966443e-06
ทำให้	O=0.9999997615814209|NORM=2.1354297530251642e-07
รู้สึก	O=0.9999996423721313|NORM=3.384143667517492e-07
ชอบ	O=0.9999996423721313|NORM=3.2121687354447204e-07
กู้เว้ยอี้	NORM=0.8765811324119568|O=0.12341880798339844
มากๆ	NORM=0.999387264251709|O=0.0006094699492678046
_	O=0.9999996423721313|NORM=3.435613962210482e-07
จนถึง	O=0.9999997615814209|NORM=2.4647678742439894e-07
วัน	O=0.9999997615814209|NORM=2.05066370995155e-07
จัด	O=0.9999997615814209|NORM=2.2231930074667616e-07
มีต	NORM=0.9539515376091003|O=0.046048521995544434
ได้	O=0.9999997615814209|NORM=2.3002885995992983e-07
มี	O=0.9999997615814209|NORM=2.57300911243874e-07
โอกาส	O=0.9999996423721313|NORM=3.641377759322495e-07
เจอ	O=0.9999994039535522|NORM=5.822023467771942e-07
หลินอี	O=0.9999982118606567|NORM=1.7885148508867132e-06
รู้สึก	O=0.9999996423721313|NORM=3.264246970502427e-07
ว่า	O=0.9999997615814209|NORM=2.4726361402827024e-07
มี	O=0.9999997615814209|NORM=2.123057498693015e-07
ความน่ารัก	O=0.999998927116394|NORM=1.0762514648376964e-06
และ	O=0.9999992847442627|NORM=7.221410669444595e-07
พยายาม	O=0.9999996423721313|NORM=3.6234956724001677e-07
มากๆ	NORM=0.9991573095321655|O=0.0008370940922759473
_	O=0.9999996423721313|NORM=3.5018589983337733e-07
ทำให้	O=0.9999997615814209|NORM=1.8829113912488538e-07
ชอบ	O=0.999998927116394|NORM=1.021829461933521e-06
ตัวตน	O=0.9999996423721313|NORM=3.9714873878438084e-07
ของ	O=0.9999997615814209|NORM=2.72874132178913e-07
หลินอี	O=0.9999939203262329|NORM=6.077193120290758e-06
จริงๆ	NORM=0.9997938275337219|O=0.00020485422282945365
_	O=0.9999995231628418|NORM=4.570464966491272e-07
ประทับใจ	O=0.9999994039535522|NORM=5.345758609109907e-07
มากๆ	O=0.9948334693908691|NORM=0.005166549701243639

ปกติ	O=0.9999988079071045|NORM=1.170441123576893e-06
ไม่	O=0.9999995231628418|NORM=4.18095567056298e-07
ค่อย	O=0.9999969005584717|NORM=3.1571005365549354e-06
มี	O=0.9999988079071045|NORM=1.2041080026392592e-06
เพื่อนคุย	O=0.9999992847442627|NORM=7.189293000919861e-07
ไง	O=0.9999980926513672|NORM=1.8543380519986385e-06
_	O=0.9999992847442627|NORM=6.471613005487598e-07
พอ	O=0.9999997615814209|NORM=2.3507276125656063e-07
มี	O=0.9999997615814209|NORM=2.6434227606841887e-07
คน	O=0.9999996423721313|NORM=3.5800582054434926e-07
มา	O=0.9999997615814209|NORM=2.7030247906623117e-07
คุย	O=0.9999996423721313|NORM=3.583480747693102e-07
ด้วย	O=0.9999996423721313|NORM=3.0722543442607275e-07
เชิง	O=0.9999995231628418|NORM=4.973187515133759e-07
สนิท	O=0.9999990463256836|NORM=9.023672191688092e-07
_	O=0.9999992847442627|NORM=6.863808152957063e-07
แถม	O=0.9999994039535522|NORM=5.659902626575786e-07
ตอบ	O=0.9999995231628418|NORM=5.283247901388677e-07
สม่ำเสมอ	O=0.9999990463256836|NORM=9.80818981588527e-07
_	O=0.9999992847442627|NORM=6.417994313778763e-07
ชวน	O=0.9999997615814209|NORM=2.636300564518024e-07
คุย	O=0.9999996423721313|NORM=3.6217474530531035e-07
นู่นนี่	O=0.9998103976249695|NORM=0.00018964146147482097
_	O=0.9999992847442627|NORM=6.76493186801963e-07
ถาม	O=0.9999996423721313|NORM=3.6582730444933986e-07
กิน	O=0.9999996423721313|NORM=3.0210804879970965e-07
ข้าว	O=0.9999991655349731|NORM=7.836673034944397e-07
รึ	NORM=0.998051643371582|O=0.0019483226351439953
ยัง	O=0.555472731590271|NORM=0.444527268409729
_	O=0.9999990463256836|NORM=8.56989629482996e-07
ทำให้	O=0.9999996423721313|NORM=2.980651743200724e-07
คิด	O=0.9999994039535522|NORM=5.39074903826986e-07
ว่า	O=0.9999996423721313|NORM=4.0752803442956065e-07
_	O=0.9999991655349731|NORM=7.660643746021378e-07
เออ	O=0.9964346885681152|NORM=0.0035652979277074337
คนๆ	O=0.9571924805641174|NORM=0.04280748963356018
นี้	O=0.9999985694885254|NORM=1.397892788190802e-06
น่ารัก	O=0.9999984502792358|NORM=1.5645550774934236e-06
นะ	O=0.9999991655349731|NORM=8.251876693066151e-07
_	O=0.9999995231628418|NORM=4.994799951418827e-07
ช่วย	O=0.9999995231628418|NORM=4.5806842763340683e-07
ไม่	O=0.9999996423721313|NORM=3.179648331297358e-07
ได้	O=0.9999996423721313|NORM=3.1129189892453724e-07
_	O=0.9999994039535522|NORM=5.102165800963121e-07
เพราะ	O=0.9999996423721313|NORM=3.131021060198691e-07
การมี	O=0.9999994039535522|NORM=6.05738250669674e-07
คน	O=0.9999996423721313|NORM=3.6416830084817775e-07
ชวน	O=0.9999995231628418|NORM=4.170052818608383e-07
คุย	O=0.9999996423721313|NORM=3.877391065998381e-07
ตลอด	O=0.9999996423721313|NORM=3.7596447555188206e-07
มัน	O=0.9999994039535522|NORM=5.603407657872594e-07
ไม่	O=0.9999996423721313|NORM=3.51171451029586e-07
ใช่	O=0.9999994039535522|NORM=5.970607617200585e-07
เรื่อง	O=0.9999997615814209|NORM=2.7532635726856824e-07
ปกติ	O=0.9999994039535522|NORM=5.323262257661554e-07
ของ	O=0.9999997615814209|NORM=2.8663120588134916e-07
เรา	O=0.9999996423721313|NORM=3.470268836736068e-07
เลย	O=0.9999996423721313|NORM=3.598806870286353e-07
_	O=0.9999994039535522|NORM=5.59154614165891e-07
ถาม	O=0.9999995231628418|NORM=5.19839318258164e-07
ว่า	O=0.9999992847442627|NORM=6.872951985315012e-07
ชอบ	O=0.9999971389770508|NORM=2.8385593395796604e-06
มั้ย	NORM=0.9991337656974792|O=0.0008662950131110847
ก็	O=0.9999994039535522|NORM=5.677943590853829e-07
ชอบ	O=0.9999988079071045|NORM=1.215142106048006e-06
นะ	O=0.9999990463256836|NORM=9.579110837876215e-07
_	O=0.9999995231628418|NORM=4.5859033548367734e-07
แต่	O=0.9999996423721313|NORM=3.937012706956011e-07
ห่าง	O=0.9999982118606567|NORM=1.7512459180579754e-06
ไว้	O=0.9999808073043823|NORM=1.92366678675171e-05
ก็	O=0.9999995231628418|NORM=4.430374644925905e-07
ดี	O=0.9999995231628418|NORM=4.950950369675411e-07
_	O=0.9999995231628418|NORM=4.513350404522498e-07
กลัว	O=0.9999996423721313|NORM=3.456383410593844e-07
ติด	O=0.999998927116394|NORM=1.0127411087523797e-06
...	O=0.999997615814209|NORM=2.291187911396264e-06
ถ้า	O=0.9999996423721313|NORM=3.0974547371442895e-07
วัน	O=0.9999995231628418|NORM=4.778705147145956e-07
นึง	NORM=0.9997296929359436|O=0.00027024635346606374
เค้า	NORM=0.9996129870414734|O=0.0003869074862450361
หาย	O=0.9999995231628418|NORM=5.099412874187692e-07
ไป	O=0.9999994039535522|NORM=6.440104129978863e-07
_	O=0.9999994039535522|NORM=6.142512347651063e-07
ก็	O=0.9999992847442627|NORM=6.821111355748144e-07
จะ	O=0.9999994039535522|NORM=5.945668704043783e-07
ใจหาย	O=0.9999980926513672|NORM=1.9383412563911406e-06
แบบที่	O=0.999915361404419|NORM=8.464605343760923e-05
กำลัง	O=0.999998927116394|NORM=1.0940739230136387e-06
เป็น	O=0.999998927116394|NORM=1.0623056141412235e-06
อยู่	O=0.9999990463256836|NORM=8.976653020908998e-07

เรา	O=0.9999997615814209|NORM=2.083843355649151e-07
ก็	O=0.9999997615814209|NORM=2.4498029915775987e-07
พึ่ง	O=0.5293136239051819|NORM=0.4706864058971405
เข้า	O=0.9999997615814209|NORM=2.588406005088473e-07
มา	O=0.9999997615814209|NORM=2.2852974268516846e-07
ได้	O=0.9999997615814209|NORM=2.296121976996801e-07
ไม่	O=0.9999996423721313|NORM=3.489231232833845e-07
นาน	O=0.9999996423721313|NORM=3.7369278516052873e-07
_	O=0.9999995231628418|NORM=4.683524252868665e-07
แต่	O=0.9999997615814209|NORM=2.2783034125950508e-07
เท่า	O=0.9999992847442627|NORM=7.581040790682891e-07
ที่	O=0.999998927116394|NORM=1.1005107580785989e-06
รู้	O=0.9999995231628418|NORM=5.148989430381334e-07
ที่	O=0.9999997615814209|NORM=2.817114932440745e-07
สัมผัส	O=0.999998927116394|NORM=1.0246516239931225e-06
ได้	O=0.9999996423721313|NORM=3.1703223157819593e-07
_	O=0.9999995231628418|NORM=4.1249893456551945e-07
ความรัก	O=0.9999994039535522|NORM=5.425185349849926e-07
ที่	O=0.9999997615814209|NORM=2.3505100443799165e-07
ยิ่ง	O=0.9999996423721313|NORM=3.162332404826884e-07
ใหญ่	O=0.9999996423721313|NORM=3.1954161272551573e-07
แบบ	O=0.9999995231628418|NORM=4.79648463169724e-07
นี้	O=0.9999996423721313|NORM=4.072747401551169e-07
_	O=0.9999996423721313|NORM=3.9186505773614044e-07
มัน	O=0.9999997615814209|NORM=1.8070467433517479e-07
เกิด	O=0.9999997615814209|NORM=2.1555365492531564e-07
ขึ้น	O=0.9999997615814209|NORM=2.407660417702573e-07
นุช	O=0.9999990463256836|NORM=9.24898927223694e-07
กับ	O=0.9999996423721313|NORM=3.3765226703508233e-07
เป๊ก	O=0.9999877214431763|NORM=1.2223143130540848e-05
_	O=0.9999995231628418|NORM=4.3749400902015623e-07
มัน	O=0.9999997615814209|NORM=2.630581832363532e-07
มี	O=0.9999997615814209|NORM=2.737974682531785e-07
แค่	O=0.9999995231628418|NORM=5.272677299217321e-07
นี้	O=0.9999982118606567|NORM=1.8312460952074616e-06
_	O=0.9999995231628418|NORM=4.89490844302054e-07
ที่	O=0.9999997615814209|NORM=2.3938568460835086e-07
เหลือ	O=0.9999996423721313|NORM=4.0853743143998145e-07
คือ	O=0.9999995231628418|NORM=4.1210773815691937e-07
บท	O=0.9999995231628418|NORM=5.163008154340787e-07
ทดสอบ	O=0.9999992847442627|NORM=7.40304017199378e-07
_	O=0.9999995231628418|NORM=3.9831695630709874e-07
เรา	O=0.9999997615814209|NORM=1.9325166533690208e-07
เข้าใจ	O=0.9999996423721313|NORM=3.3355112805111276e-07
นุช	O=0.9999991655349731|NORM=8.299070941575337e-07
น้า	O=0.7846805453300476|NORM=0.21531942486763
_	O=0.9999994039535522|NORM=5.828400730933936e-07
เข้าใจ	O=0.9999996423721313|NORM=3.0883524004821084e-07
จริงๆ	NORM=0.9997240900993347|O=0.0002758186892606318
_	O=0.9999996423721313|NORM=3.895433451361896e-07
ใคร	O=0.9999997615814209|NORM=2.1625866963859153e-07
ไม่	O=0.9999997615814209|NORM=2.285550095848521e-07
ไหว	O=0.9999996423721313|NORM=3.8821642078801233e-07
_	O=0.9999996423721313|NORM=3.399194099529268e-07
ฮีล	O=0.9999772310256958|NORM=2.273288555443287e-05
ใจ	O=0.9999996423721313|NORM=3.8952626368882193e-07
กัน	O=0.9999997615814209|NORM=2.5646158974268474e-07
นะ	O=0.9999997615814209|NORM=2.6188897095380526e-07
_	O=0.9999996423721313|NORM=3.3092257467615127e-07
เชื่อ	O=0.9999997615814209|NORM=2.6057978175231256e-07
ว่า	O=0.9999997615814209|NORM=2.2897368978647137e-07
ทุก	O=0.9999996423721313|NORM=3.5550755228541675e-07
คน	O=0.9999994039535522|NORM=5.675204306498927e-07
รัก	O=0.9999996423721313|NORM=3.277054076988861e-07
เฮีย	O=0.9999986886978149|NORM=1.2514270792962634e-06
อย่าง	O=0.9999997615814209|NORM=2.4149338173629076e-07
สุด	O=0.9999994039535522|NORM=5.960895919088216e-07
หัวใจ	O=0.999997615814209|NORM=2.42786177295784e-06
_	O=0.9999996423721313|NORM=3.8584457229262625e-07
เรา	O=0.9999997615814209|NORM=2.000943482016737e-07
จะ	O=0.9999997615814209|NORM=2.079529366483257e-07
ผ่าน	O=0.9999995231628418|NORM=5.05679111029167e-07
มัน	O=0.9999996423721313|NORM=3.357292541750212e-07
ไป	O=0.9999996423721313|NORM=3.3911186392288073e-07
ด้วย	O=0.9999997615814209|NORM=2.9192571560088254e-07
กัน	O=0.9999996423721313|NORM=3.2135812944034114e-07
น้า	O=0.9596503376960754|NORM=0.04034968838095665
_	O=0.9999996423721313|NORM=3.966756025874929e-07
#ในโลกนี้ไม่มีใครรัก	O=0.9999984502792358|NORM=1.4855847894068575e-06
นุช	O=0.9999986886978149|NORM=1.268552296096459e-06
ได้เท่า	O=0.9999985694885254|NORM=1.376008071929391e-06
เป๊ก	O=0.9941297769546509|NORM=0.005870155058801174
อีกแล้ว	O=0.9998646974563599|NORM=0.0001353361294604838

สหภาพ	O=0.999977707862854|NORM=2.2294267182587646e-05
นักเรียน	O=0.9999995231628418|NORM=4.4522005282487953e-07
_	O=0.9999990463256836|NORM=8.858256705934764e-07
นิสิต	O=0.9999432563781738|NORM=5.668087032972835e-05
_	O=0.9999985694885254|NORM=1.2934783626405988e-06
นักศึกษา	O=0.9999983310699463|NORM=1.6726211242712452e-06
แห่ง	O=0.9999994039535522|NORM=6.472749873864814e-07
ประเทศ	O=0.9999995231628418|NORM=4.903552621726703e-07
ไทย	O=0.9999982118606567|NORM=1.742614472277637e-06
_	O=0.9999996423721313|NORM=3.4533522352830914e-07
ร่วม	O=0.9999997615814209|NORM=2.1794608073832933e-07
จุด	O=0.9999997615814209|NORM=2.515606638553436e-07
เทียน	O=0.9999994039535522|NORM=5.43242833828117e-07
และ	O=0.999998927116394|NORM=1.0530570762057323e-06
พับ	O=0.9999996423721313|NORM=3.529973753302329e-07
นก	O=0.999998927116394|NORM=1.1187721611349843e-06
กระดาษ	O=0.9999991655349731|NORM=8.317517199429858e-07
_	O=0.9999995231628418|NORM=4.671230726671638e-07
เป็น	O=0.9999997615814209|NORM=1.9660441807900497e-07
สัญลักษณ์	O=0.9999996423721313|NORM=3.1228680086314853e-07
สื่อ	O=0.9999996423721313|NORM=3.9244397953552834e-07
ถึง	O=0.9999996423721313|NORM=3.6264307823330455e-07
แสงสว่าง	O=0.9999996423721313|NORM=3.4205396559627843e-07
ใน	O=0.9999996423721313|NORM=3.602432911975484e-07
อนาคต	O=0.9999995231628418|NORM=4.809195388588705e-07
_	O=0.9999995231628418|NORM=4.5517867874877993e-07
พร้อม	O=0.9999996423721313|NORM=3.078243082654808e-07
ประกาศ	O=0.9999996423721313|NORM=2.9452380090333463e-07
จุดยืน	O=0.9999994039535522|NORM=6.174068403197452e-07
คน	O=0.9999996423721313|NORM=3.937793735531159e-07
รุ่น	O=0.9999996423721313|NORM=3.063725557694852e-07
ใหม่	O=0.9999997615814209|NORM=2.5877272946672747e-07
ต่อต้าน	O=0.9999996423721313|NORM=3.43465103469498e-07
การสืบทอด	O=0.9999376535415649|NORM=6.227142148418352e-05
อำนาจ	O=0.9999995231628418|NORM=5.026428198107169e-07
ของ	O=0.9999995231628418|NORM=4.2588055748638e-07
รัฐบาล	O=0.999998927116394|NORM=1.1101146810688078e-06
ปัจจุบัน	O=0.9999991655349731|NORM=8.153390353982104e-07
และ	O=0.9999977350234985|NORM=2.259104348922847e-06
ต้าน	O=0.9999994039535522|NORM=5.864357603968529e-07
รัฐประหาร	O=0.9999940395355225|NORM=5.912618235015543e-06
_	O=0.9999996423721313|NORM=3.6591106322703126e-07
ณ	O=0.9999994039535522|NORM=6.141686981209205e-07
_	O=0.9999995231628418|NORM=4.664993582537136e-07
ลานปรีดี	O=0.9999990463256836|NORM=9.712048267829232e-07
_	O=0.9999994039535522|NORM=5.855645213159733e-07
มธ.	O=0.9997603297233582|NORM=0.0002396395429968834
_	O=0.9999992847442627|NORM=7.025244599390135e-07
ท่าพระจันทร์	O=0.999998927116394|NORM=1.1172730864927871e-06
_	O=0.9999994039535522|NORM=5.107569336360029e-07
เมื่อ	O=0.9999996423721313|NORM=3.417969764996087e-07
_	O=0.9999994039535522|NORM=5.290668809720955e-07
11	O=0.9999995231628418|NORM=5.027061433793278e-07
_	O=0.9999996423721313|NORM=3.295875217190769e-07
ก.พ.	O=0.9999988079071045|NORM=1.1522608929226408e-06
_	O=0.9999995231628418|NORM=3.9928832507030165e-07
62	O=0.9999990463256836|NORM=9.84962071015616e-07
_	O=0.9999996423721313|NORM=3.2043362807598896e-07
ภาพ	O=0.9999996423721313|NORM=3.007053237524815e-07
_	O=0.9999996423721313|NORM=3.081074453348265e-07
ชิน	O=0.9999949932098389|NORM=5.029578005633084e-06
_	O=0.9999996423721313|NORM=2.9659068445653247e-07
ชม	O=0.9999996423721313|NORM=3.4716958907665685e-07
ดี	O=0.9999994039535522|NORM=5.378548166845576e-07
_	O=0.9999996423721313|NORM=3.246398989631416e-07
#TNP	O=0.9999996423721313|NORM=3.4525257319728553e-07
_	O=0.9999997615814209|NORM=2.1504486369394726e-07
#ThaiNewsPix	O=0.9999996423721313|NORM=3.1442348813470744e-07
_	O=0.9999997615814209|NORM=2.3610716937128018e-07
#สนท	O=0.9999488592147827|NORM=5.113232691655867e-05
_	O=0.9999996423721313|NORM=3.462236008999753e-07
#รัฐประหาร	O=0.9999716281890869|NORM=2.8333632144494914e-05

เมื่อ	O=0.9999997615814209|NORM=2.898531477057986e-07
ก่อน	O=0.9999994039535522|NORM=6.326511652332556e-07
น้อยใจ	O=0.9999996423721313|NORM=3.578651615043782e-07
วันเกิด	O=0.9999978542327881|NORM=2.160326630473719e-06
ตัวเอง	O=0.9999994039535522|NORM=6.196838171490526e-07
มาก	O=0.9999995231628418|NORM=4.348501647655212e-07
เลย	O=0.9999995231628418|NORM=4.961793820257299e-07
นะ	O=0.9999887943267822|NORM=1.1196367267984897e-05
_	O=0.9999994039535522|NORM=5.965513878436468e-07
เพราะ	O=0.9999997615814209|NORM=2.3260787429535412e-07
เกิด	O=0.9999996423721313|NORM=3.595376085741009e-07
_	O=0.9999994039535522|NORM=5.6170944162659e-07
12	O=0.9999995231628418|NORM=5.127046733832685e-07
_	O=0.9999990463256836|NORM=8.994442737275676e-07
เมษา	O=0.9999581575393677|NORM=4.181576514383778e-05
_	O=0.9999992847442627|NORM=6.336510978144361e-07
แล้ว	O=0.9999997615814209|NORM=2.2531801846525923e-07
พอ	O=0.9999997615814209|NORM=2.6426110366628563e-07
จะ	O=0.9999996423721313|NORM=3.0784192972532765e-07
มี	O=0.9999996423721313|NORM=3.282846989804966e-07
ฉลอง	O=0.9999994039535522|NORM=5.574008241637785e-07
วันเกิด	O=0.9999996423721313|NORM=3.77866342660127e-07
ก็	O=0.9999997615814209|NORM=2.622871306812158e-07
ไม่	O=0.9999997615814209|NORM=2.529550329199992e-07
ค่อย	O=0.9999996423721313|NORM=3.994472024260176e-07
มี	O=0.9999996423721313|NORM=3.094496605626773e-07
ใคร	O=0.9999995231628418|NORM=4.5890882915955444e-07
มา	O=0.9999996423721313|NORM=3.283999490122369e-07
เพราะ	O=0.9999996423721313|NORM=3.058336517369753e-07
มัน	O=0.9999995231628418|NORM=4.42890041085775e-07
ชน	O=0.9999991655349731|NORM=7.792850738042034e-07
กับ	O=0.9999985694885254|NORM=1.465834429836832e-06
ช่วง	O=0.9999983310699463|NORM=1.6732975609556888e-06
สงกรานต์	O=0.9999755620956421|NORM=2.4345748897758313e-05
_	O=0.9999994039535522|NORM=6.17323223650601e-07
เหงา	O=0.9999992847442627|NORM=7.565671467091306e-07
มาก	O=0.9999994039535522|NORM=5.926748940510151e-07
มี	O=0.9999997615814209|NORM=2.6556068632999086e-07
แค่	O=0.9999995231628418|NORM=4.185096429409896e-07
พ่อ	O=0.9999996423721313|NORM=3.3369238394698186e-07
ซื้อ	O=0.9999997615814209|NORM=2.59511892863884e-07
เค้ก	O=0.9999977350234985|NORM=2.248827740913839e-06
มา	O=0.9999996423721313|NORM=3.4961260553245666e-07
ให้	O=0.9999997615814209|NORM=2.686003313101537e-07
กับ	O=0.9999995231628418|NORM=5.128137559040624e-07
เงิน	O=0.9999996423721313|NORM=2.996164027990744e-07
สัก	O=0.9999992847442627|NORM=7.051705210869841e-07
_	O=0.9999990463256836|NORM=8.734821790312708e-07
200	O=0.999996542930603|NORM=3.4951299312524498e-06
_	O=0.9999983310699463|NORM=1.689357532086433e-06
5555555555	O=0.99953293800354|NORM=0.00046708309673704207
_	O=0.9999991655349731|NORM=7.918727078504162e-07
แต่	O=0.9999997615814209|NORM=2.4736198156460887e-07
หลังจาก	O=0.9999997615814209|NORM=2.703138193282939e-07
ติ่ง	O=0.9999970197677612|NORM=2.914477136073401e-06
เนี่ย	NORM=0.9016439914703369|O=0.09835602343082428
กู	O=0.9999985694885254|NORM=1.4714465805809596e-06
ไม่	O=0.9999997615814209|NORM=2.62144112639362e-07
เหงา	O=0.9999995231628418|NORM=5.053059908277646e-07
แล้ว	O=0.9999997615814209|NORM=2.2429003365687095e-07
_	O=0.9999996423721313|NORM=3.440003979449102e-07
เกิด	O=0.9999997615814209|NORM=2.055707710724164e-07
วัน	O=0.9999997615814209|NORM=2.7634780508378753e-07
เดียว	O=0.9999994039535522|NORM=5.454980396280007e-07
กับ	O=0.9999997615814209|NORM=2.895274633374356e-07
เซฮุน	O=0.9999269247055054|NORM=7.305762119358405e-05
_	O=0.9999996423721313|NORM=3.3480009165032243e-07
แฮป	O=0.9025624990463257|NORM=0.09743745625019073
ให้	O=0.9999996423721313|NORM=3.0466949851870595e-07
เขา	O=0.9999996423721313|NORM=3.783239321819565e-07
ด้วย	O=0.9999997615814209|NORM=2.624860826472286e-07
_	O=0.9999995231628418|NORM=4.710935286311724e-07
แฮป	O=0.9521262049674988|NORM=0.04787378013134003
ให้	O=0.9999996423721313|NORM=3.552601413048251e-07
ตัวเอง	O=0.9999997615814209|NORM=2.922616602063499e-07
ด้วย	O=0.9999997615814209|NORM=2.669908667485288e-07
_	O=0.9999990463256836|NORM=9.363075150758959e-07
5555555555555555555555	O=0.9691773653030396|NORM=0.030822575092315674

#nolisanomoney	O=0.9999995231628418|NORM=4.3412583750068734e-07
_	O=0.9999995231628418|NORM=4.7579143824805215e-07
คือ	O=0.9999996423721313|NORM=3.810806958881585e-07
แบบ	O=0.9999995231628418|NORM=4.73852907134642e-07
เสียใจ	O=0.9999996423721313|NORM=3.3421471812289383e-07
อะ	O=0.9999929666519165|NORM=7.074107998050749e-06
_	O=0.9999995231628418|NORM=4.509908251293382e-07
กี่	O=0.9999986886978149|NORM=1.313351731369039e-06
รอบ	O=0.999998927116394|NORM=1.0425637810840271e-06
แล้ว	O=0.9999996423721313|NORM=2.997544470417779e-07
อะ	O=0.955313503742218|NORM=0.044686511158943176
ถามจิง	NORM=0.999177873134613|O=0.0008220686577260494
_	O=0.9999995231628418|NORM=4.3022976115025813e-07
เวลา	O=0.9999997615814209|NORM=2.697032925880194e-07
ลิซ	O=0.999997615814209|NORM=2.3470142878068145e-06
มี	O=0.9999996423721313|NORM=2.9935392831248464e-07
ปัญหา	O=0.9999996423721313|NORM=3.8266233559625107e-07
_	O=0.999998927116394|NORM=1.0306200692866696e-06
พวก	O=0.9999990463256836|NORM=9.308036510446982e-07
_	O=0.9999980926513672|NORM=1.754154141053732e-06
ot4	O=0.9999964237213135|NORM=3.4641886941244593e-06
_	O=0.9999992847442627|NORM=6.95435971920233e-07
ทั้ง	O=0.9999996423721313|NORM=3.499942522466881e-07
หลาย	O=0.9999934434890747|NORM=6.590835255337879e-06
หายหัว	O=0.9999995231628418|NORM=5.047487547926721e-07
กัน	O=0.9999996423721313|NORM=3.48155964502439e-07
หมด	O=0.9999996423721313|NORM=3.4665907833186793e-07
_	O=0.9999995231628418|NORM=4.220266589527455e-07
ไอจี	O=0.9999911785125732|NORM=8.76210742717376e-06
กลุ่ม	O=0.9999996423721313|NORM=3.683412046484591e-07
ล่าสุด	O=0.9999990463256836|NORM=8.794720542937284e-07
_	O=0.9999995231628418|NORM=4.245382854151103e-07
แฟน	O=0.9999996423721313|NORM=3.6608381037694926e-07
ลิซ่า	O=0.9999986886978149|NORM=1.2895716281491332e-06
ก็	O=0.9999997615814209|NORM=2.61572978388358e-07
โดน	O=0.9999996423721313|NORM=3.060320352687995e-07
ด่า	O=0.9999996423721313|NORM=3.9688296737949713e-07
หา	O=0.9999995231628418|NORM=4.6964419198047835e-07
ว่า	O=0.9999997615814209|NORM=2.670815320016118e-07
ไม่	O=0.9999996423721313|NORM=3.0322308930408326e-07
ให้	O=0.9999979734420776|NORM=2.0513555227807956e-06
เกียจ	O=0.9993115663528442|NORM=0.0006884486065246165
จีซู	O=0.9999905824661255|NORM=9.426074029761367e-06
_	O=0.9999995231628418|NORM=4.366345365269808e-07
ทั้งๆ	NORM=0.974205493927002|O=0.025794459506869316
ที่	O=0.9999996423721313|NORM=3.297443811334233e-07
แฟน	O=0.999998927116394|NORM=1.048587478180707e-06
ลิซ่า	O=0.9999984502792358|NORM=1.5101121562111075e-06
ถาม	O=0.9999995231628418|NORM=4.3326303966750856e-07
แบบ	O=0.9999995231628418|NORM=4.954412702318223e-07
น่ารัก	O=0.9999974966049194|NORM=2.530008941903361e-06
กัน	O=0.9999992847442627|NORM=6.705569148834911e-07
มาก	O=0.9999996423721313|NORM=4.030284230793768e-07
_	O=0.9999994039535522|NORM=5.150378683538293e-07
แค่	O=0.9999995231628418|NORM=5.036827133153565e-07
งง	O=0.9999984502792358|NORM=1.5252326193149202e-06
ว่า	O=0.9999996423721313|NORM=3.705499693751335e-07
ทำไม	O=0.9999995231628418|NORM=5.29908788848843e-07
ไม่	O=0.9999996423721313|NORM=3.34716133920665e-07
ลง	O=0.9999994039535522|NORM=5.459523890749551e-07
ของ	O=0.9999996423721313|NORM=3.798557202117081e-07
ลิซ	O=0.9999951124191284|NORM=4.841065219807206e-06
บ้าง	O=0.9999986886978149|NORM=1.3505240303857136e-06
_	O=0.9999994039535522|NORM=5.609246045423788e-07
แล้ว	O=0.9999996423721313|NORM=3.034058977391396e-07
ทำไม	O=0.9999996423721313|NORM=2.953991895537911e-07
ต้อง	O=0.9999997615814209|NORM=2.1893977475428983e-07
ด่า	O=0.9999995231628418|NORM=4.2752782292154734e-07
พวก	O=0.9999992847442627|NORM=6.867677484478918e-07
เรา	O=0.9999996423721313|NORM=3.678900952763797e-07
ด้วย	O=0.9999996423721313|NORM=3.702299693486566e-07
อะ	O=0.9999899864196777|NORM=1.0044950613519177e-05
_	O=0.9999992847442627|NORM=7.039610636638827e-07
มัน	O=0.9999994039535522|NORM=5.284012445372355e-07
ผิด	O=0.9999992847442627|NORM=6.821359193054377e-07
ขนาด	O=0.9999996423721313|NORM=3.483608566057228e-07
นั้น	O=0.9999995231628418|NORM=4.415080923081405e-07
เลย	O=0.9999992847442627|NORM=7.272470838870504e-07
หรอ	O=0.9167985916137695|NORM=0.08320137858390808
วะ	O=0.9990777969360352|NORM=0.0009221956133842468
_	O=0.9999991655349731|NORM=8.046895914048946e-07
เสียใจ	O=0.9999997615814209|NORM=2.5797166358643153e-07
ชิบหาย	NORM=0.9997228980064392|O=0.00027704000240191817
_	O=0.9999996423721313|NORM=3.287302092758182e-07
F	O=0.9999997615814209|NORM=2.635332521094824e-07
_	O=0.9999996423721313|NORM=3.405963013847213e-07
ot4	O=0.9999732971191406|NORM=2.6642857847036794e-05

คน	O=0.9999995231628418|NORM=5.015396027374663e-07
นั้น	O=0.9999994039535522|NORM=5.665821731781762e-07
คือ	O=0.9999995231628418|NORM=5.069543362878903e-07
ฉัน	O=0.9999995231628418|NORM=4.755941347411863e-07
_	O=0.9999994039535522|NORM=5.600175541076169e-07
คือ	O=0.9999996423721313|NORM=3.021377494860644e-07
ใน	O=0.9999996423721313|NORM=2.963277552225918e-07
น้ำ	O=0.9999996423721313|NORM=3.460314985659352e-07
ฉัน	O=0.9999990463256836|NORM=9.595156598152244e-07
มัน	O=0.9999995231628418|NORM=4.4406408505892614e-07
จะ	O=0.9999997615814209|NORM=2.2909162566975283e-07
มี	O=0.9999997615814209|NORM=2.0488400309659482e-07
เก้าอี้	O=0.9999996423721313|NORM=3.0156400043779286e-07
_	O=0.9999995231628418|NORM=3.9659423123339366e-07
พอ	O=0.9999997615814209|NORM=2.088502526476077e-07
เข้า	O=0.9999997615814209|NORM=2.3347708122400945e-07
ไป	O=0.9999997615814209|NORM=2.4153990807462833e-07
ก็	O=0.9999997615814209|NORM=2.3119753222999861e-07
นั่ง	O=0.9999997615814209|NORM=2.1950928896785626e-07
เก้าอี้	O=0.9999996423721313|NORM=3.188180528468365e-07
_	O=0.9999996423721313|NORM=3.847491996111785e-07
ดู	O=0.9999996423721313|NORM=3.115324602731562e-07
_	O=0.9999995231628418|NORM=4.081502993358299e-07
TY	O=0.9999996423721313|NORM=3.477279051367077e-07
,	O=0.9999985694885254|NORM=1.3911660516896518e-06
_	O=0.9999995231628418|NORM=4.4842445845461043e-07
netflix	O=0.9999942779541016|NORM=5.662138391926419e-06
_	O=0.9999994039535522|NORM=5.799115001536848e-07
ไถ	O=0.9999955892562866|NORM=4.458660896489164e-06
ทวิต	O=0.8875234723091125|NORM=0.11247655749320984
_	O=0.9999995231628418|NORM=4.882218718194054e-07
ไถ	O=0.9999904632568359|NORM=9.524022971163504e-06
ไอจี	O=0.9999951124191284|NORM=4.891706339549273e-06
_	O=0.9999995231628418|NORM=4.320235973409581e-07
อ่าน	O=0.9999997615814209|NORM=2.9442807658597303e-07
นิยาย	O=0.9999992847442627|NORM=6.904123779349902e-07
ตั่งต่าง	NORM=0.9861432909965515|O=0.013856766745448112
_	O=0.9999995231628418|NORM=4.677181664192176e-07
เงยหน้า	O=0.9999995231628418|NORM=4.804629156751616e-07
อีก	O=0.9999997615814209|NORM=2.4999130232572497e-07
ที	O=0.9999996423721313|NORM=3.051367798434512e-07
ก็	O=0.9999997615814209|NORM=2.576820179456263e-07
ผ่าน	O=0.9999997615814209|NORM=2.7435734750724805e-07
ไป	O=0.9999996423721313|NORM=3.1531232025372447e-07
เป็น	O=0.9999996423721313|NORM=3.012742411101499e-07
_	O=0.9999994039535522|NORM=5.679384003087762e-07
ชม	O=0.9998550415039062|NORM=0.00014488767192233354
_	O=0.999998927116394|NORM=1.0081984100906993e-06
กว่า	O=0.9999994039535522|NORM=6.43130874777853e-07
ละ	O=0.9996654987335205|NORM=0.0003345671284478158
_	O=0.9999995231628418|NORM=4.667271866765077e-07
หลังจาก	O=0.9999997615814209|NORM=2.1131714333932905e-07
ตั้ง	O=0.9999997615814209|NORM=2.8575399824148917e-07
สติ	O=0.9999997615814209|NORM=2.3387399039620504e-07
ได้	O=0.9999997615814209|NORM=2.0628583285997593e-07
ก็	O=0.9999997615814209|NORM=2.1531162985866104e-07
เริ่ม	O=0.9999997615814209|NORM=2.2886385409037757e-07
เปิด	O=0.9999997615814209|NORM=2.893270334425324e-07
เพลง	O=0.9999996423721313|NORM=3.2764290835984866e-07
เพื่อ	O=0.9999997615814209|NORM=2.6404899244880653e-07
จะ	O=0.9999997615814209|NORM=2.48372060696056e-07
อาบ	O=0.9999990463256836|NORM=9.825903362070676e-07
น้ำ	O=0.9999996423721313|NORM=4.1415495388719137e-07
_	O=0.9999994039535522|NORM=6.119551585470617e-07
แต่	O=0.9999997615814209|NORM=2.77715287211322e-07
พอ	O=0.9999997615814209|NORM=2.2572062619019562e-07
เพลง	O=0.9999996423721313|NORM=3.478778296539531e-07
ขึ้น	O=0.9999997615814209|NORM=2.664444878064387e-07
ก็	O=0.9999997615814209|NORM=2.2361491858191584e-07
ร้อง	O=0.9999996423721313|NORM=3.252215492466348e-07
เพลง	O=0.9999996423721313|NORM=3.5141033549734857e-07
ไป	O=0.9999996423721313|NORM=3.768176952689828e-07
เรื่อยๆ	NORM=0.999947190284729|O=5.263861021376215e-05
_	O=0.9999995231628418|NORM=4.390253991459758e-07
ยัง	O=0.9999997615814209|NORM=2.3756012978992658e-07
ไม่	O=0.9999997615814209|NORM=2.1777155723157193e-07
ได้	O=0.9999997615814209|NORM=2.2360018192557618e-07
อาบ	O=0.9999992847442627|NORM=6.575332349711971e-07
ซัก	NORM=0.9998624324798584|O=0.00013735747779719532
ที	O=0.9999996423721313|NORM=3.576331550902978e-07
_	O=0.9999996423721313|NORM=3.483944226445601e-07
จน	O=0.9999997615814209|NORM=2.425465766009438e-07
สติ	O=0.9999997615814209|NORM=2.763699455954338e-07
กลับ	O=0.9999997615814209|NORM=2.412611195268255e-07
มา	O=0.9999996423721313|NORM=4.0724518157730927e-07
อีก	O=0.9999996423721313|NORM=3.295155295290897e-07
ที	O=0.9999878406524658|NORM=1.2172182323411107e-05
ก็	O=0.9999978542327881|NORM=2.1650807866535615e-06
ตอน	O=0.9999991655349731|NORM=8.237479960371275e-07
ที	O=0.9999992847442627|NORM=6.868837090223678e-07
ก็	O=0.9999996423721313|NORM=3.9298552678701526e-07
ผ่าน	O=0.9999996423721313|NORM=3.615894286213006e-07
ไป	O=0.9999992847442627|NORM=6.368146046042966e-07
_	O=0.9999992847442627|NORM=6.761784447917307e-07
2	O=0.9999995231628418|NORM=5.154894893166784e-07
_	O=0.9999994039535522|NORM=6.292335115176684e-07
ชม	O=0.9999990463256836|NORM=9.186724696519377e-07
_	O=0.9999986886978149|NORM=1.2255615047251922e-06
ละ	O=0.9914775490760803|NORM=0.008522440679371357

มือ	O=0.9999995231628418|NORM=5.272315206639178e-07
ขยับ	O=0.9999947547912598|NORM=5.1887918743886985e-06
พลิก	O=0.9999966621398926|NORM=3.36724679073086e-06
รูป	O=0.9999986886978149|NORM=1.2604268704308197e-06
ไปมา	O=0.999992847442627|NORM=7.095227829267969e-06
แล้ว	O=0.9999995231628418|NORM=4.6047259161241527e-07
มี	O=0.9999996423721313|NORM=3.6882630638501723e-07
ข้อความ	O=0.9999992847442627|NORM=6.843330311312457e-07
เล็กๆ	O=0.999215841293335|NORM=0.0007841581245884299
เขียน	O=0.9999994039535522|NORM=6.146444775367854e-07
ไว้	O=0.9999995231628418|NORM=5.176112267690769e-07
ว่า	O=0.9999996423721313|NORM=2.991727114931564e-07
...	O=0.9999992847442627|NORM=7.300014885913697e-07
_	O=0.9999997615814209|NORM=2.48237085997971e-07
'	O=0.9999996423721313|NORM=2.9560942493844777e-07
ช่วย	O=0.9999997615814209|NORM=2.2176746483637544e-07
จับ	O=0.9999997615814209|NORM=2.744345124483516e-07
ให้	O=0.9999997615814209|NORM=2.4761641270742984e-07
ที	O=0.9999995231628418|NORM=4.868966811955033e-07
_	O=0.9999996423721313|NORM=3.206870644589799e-07
แมว	O=0.9999994039535522|NORM=6.53913787118654e-07
หนี	O=0.9999994039535522|NORM=5.600768417934887e-07
'	O=0.9999994039535522|NORM=5.55067913410312e-07
_	O=0.9999996423721313|NORM=2.969518106965552e-07
และ	O=0.9999996423721313|NORM=4.006654137356236e-07
ทันใดนั้น	O=0.9999960660934448|NORM=3.963015842600726e-06
เขา	O=0.9999996423721313|NORM=3.8490040310534823e-07
ก็	O=0.9999997615814209|NORM=2.672305754458648e-07
เข้าใจ	O=0.9999996423721313|NORM=3.9807588336771005e-07
ขึ้น	O=0.9999994039535522|NORM=6.129533289822575e-07
มา	O=0.9999991655349731|NORM=8.916842375583656e-07
ว่า	O=0.9999997615814209|NORM=2.5876113340927986e-07
มัน	O=0.9999997615814209|NORM=2.719853284816054e-07
ต้อง	O=0.9999996423721313|NORM=3.0213311674742727e-07
เป็น	O=0.9999996423721313|NORM=2.9717733696088544e-07
เรื่อง	O=0.9999997615814209|NORM=2.949820157027716e-07
ที่	O=0.9999996423721313|NORM=2.992506153987051e-07
สำคัญ	O=0.9999996423721313|NORM=3.8992283180050435e-07
มาก	O=0.9999995231628418|NORM=5.031550927014905e-07
แน่ๆ	NORM=0.9999232292175293|O=7.679863483645022e-05
_	O=0.9999996423721313|NORM=2.8952047159691574e-07
เพราะ	O=0.9999997615814209|NORM=2.352721395482149e-07
การจับ	O=0.9999997615814209|NORM=2.5826213345681026e-07
แมว	O=0.9999994039535522|NORM=5.354739300855726e-07
ตัว	O=0.9999997615814209|NORM=2.9297774517544894e-07
หนึ่ง	O=0.9999996423721313|NORM=3.2602054034214234e-07
ไม่	O=0.9999996423721313|NORM=3.077051360378391e-07
ใช่	O=0.9999982118606567|NORM=1.7278284758504014e-06
เรื่อง	O=0.9999997615814209|NORM=2.652367072641937e-07
ที่	O=0.9999997615814209|NORM=2.3818897432192898e-07
พอร์ต	NORM=0.571434497833252|O=0.42856547236442566
มาเฟีย	O=0.9999971389770508|NORM=2.872126060537994e-06
ต้อง	O=0.9999997615814209|NORM=2.3361674550415046e-07
ทำ	O=0.9999997615814209|NORM=2.2472809746432176e-07
_	O=0.9999996423721313|NORM=3.664285941340495e-07
แต่	O=0.9999997615814209|NORM=2.3265424431428983e-07
ใน	O=0.9999996423721313|NORM=3.580088616672583e-07
เมื่อ	O=0.9999996423721313|NORM=3.995435804426961e-07
มัน	O=0.9999996423721313|NORM=3.047235566100426e-07
เป็น	O=0.9999996423721313|NORM=2.998324930558738e-07
คำสั่ง	O=0.9999992847442627|NORM=6.870841957606899e-07
แล้ว	O=0.9999997615814209|NORM=2.697673266993661e-07
ไซร้	O=0.9999920129776001|NORM=7.96834774519084e-06
_	O=0.9999996423721313|NORM=3.7329849078560073e-07
แสดง	O=0.9999997615814209|NORM=2.459365475715458e-07
ว่า	O=0.9999997615814209|NORM=2.4680940668986295e-07
เจ้า	O=0.9999995231628418|NORM=4.6533344288945955e-07
แมว	O=0.9999994039535522|NORM=6.105875627326895e-07
ตัว	O=0.9999997615814209|NORM=2.6907102324003063e-07
นี้	O=0.9999996423721313|NORM=3.277760356468207e-07
ต้อง	O=0.9999997615814209|NORM=2.3794171966073918e-07
มี	O=0.9999997615814209|NORM=2.471441007401154e-07
อะไร	O=0.9999995231628418|NORM=5.197966856940184e-07
บาง	O=0.9999997615814209|NORM=2.6543634135123284e-07
อย่าง	O=0.9999995231628418|NORM=4.260816410806001e-07
ที่	O=0.9999997615814209|NORM=2.4960110067695496e-07
ไม่	O=0.9999996423721313|NORM=3.6022987615069724e-07
ธรรมดา	O=0.9999994039535522|NORM=6.356860353662341e-07
_	O=0.9999996423721313|NORM=3.0104359893812216e-07
+	O=0.9999997615814209|NORM=2.0384091214964428e-07

น้อง	O=0.9999988079071045|NORM=1.2345991535767098e-06
เจมี่	O=0.9999918937683105|NORM=8.110248927550856e-06
โคตร	O=0.9999969005584717|NORM=3.117737151114852e-06
แปรปรวน	O=0.9999978542327881|NORM=2.109234401359572e-06
_	O=0.9999992847442627|NORM=7.214327411020349e-07
รีบร้อน	O=0.9999710321426392|NORM=2.8918826501467265e-05
_	O=0.9999991655349731|NORM=7.531124310844461e-07
โหยหา	O=0.9999867677688599|NORM=1.3207650226831902e-05
_	O=0.9999991655349731|NORM=8.533067443750042e-07
ว้าวุ่น	O=0.8285511136054993|NORM=0.17144885659217834
_	O=0.9999996423721313|NORM=3.3153287404275034e-07
ครบ	O=0.999998927116394|NORM=1.0479266165930312e-06
สูตร	O=0.9999985694885254|NORM=1.4001449244460673e-06
วัยรุ่น	O=0.9999804496765137|NORM=1.9599165170802735e-05
ใจร้อน	O=0.9999985694885254|NORM=1.4674318435936584e-06
มาก	O=0.9999994039535522|NORM=5.387223609432112e-07
คือ	O=0.9999995231628418|NORM=4.848337766816257e-07
พอ	O=0.9999996423721313|NORM=3.063150018078886e-07
อ่าน	O=0.9999995231628418|NORM=4.6454289304165286e-07
ไป	O=0.9999995231628418|NORM=4.7398128799613914e-07
เรื่อยๆ	NORM=0.9999618530273438|O=3.794615622609854e-05
ก็	O=0.9999996423721313|NORM=2.899882929341402e-07
รู้สึก	O=0.9999995231628418|NORM=4.826088684239949e-07
ได้	O=0.9999996423721313|NORM=3.2566288155067014e-07
ว่า	O=0.9999997615814209|NORM=2.53414754070036e-07
ความสัมพันธ์	O=0.999998927116394|NORM=1.028648284773226e-06
ที่	O=0.9999996423721313|NORM=3.061759628053551e-07
ผ่านๆ	NORM=0.8764036297798157|O=0.12359637022018433
มา	O=0.9999933242797852|NORM=6.690144800813869e-06
ของ	O=0.9999996423721313|NORM=3.2406177297161776e-07
น้อง	O=0.9999994039535522|NORM=6.050299248272495e-07
ไม่	O=0.9999997615814209|NORM=2.6276859443896683e-07
ได้	O=0.9999997615814209|NORM=2.685296465188003e-07
สอน	O=0.9999972581863403|NORM=2.709210775719839e-06
ให้	O=0.9999996423721313|NORM=3.7033339594927384e-07
น้อง	O=0.9999992847442627|NORM=6.740672802152403e-07
รัก	O=0.9999995231628418|NORM=4.923448386762175e-07
เป็น	O=0.9999996423721313|NORM=3.8225709886319237e-07
แต่	O=0.9999995231628418|NORM=4.1604559442021127e-07
มัน	O=0.9999996423721313|NORM=3.3846404789983353e-07
เป็น	O=0.9999995231628418|NORM=4.2930631138915487e-07
การสปอยล์	O=0.9999445676803589|NORM=5.536925164051354e-05
น้อง	O=0.9999992847442627|NORM=6.588162477783044e-07
ตลอด	O=0.9999995231628418|NORM=4.74530821747976e-07
มา	O=0.9999970197677612|NORM=2.9628645279444754e-06
_	O=0.9999996423721313|NORM=3.6300224337537657e-07
พอ	O=0.9999997615814209|NORM=2.0081313323316863e-07
มา	O=0.9999996423721313|NORM=2.998179411406454e-07
เจอ	O=0.9999992847442627|NORM=6.638655918322911e-07
คน	O=0.9999992847442627|NORM=7.507160262321122e-07
ที่	O=0.9999996423721313|NORM=4.072949195688125e-07
ไม่	O=0.9999996423721313|NORM=3.8802099311396887e-07
สปอยล์	O=0.999962568283081|NORM=3.744516652659513e-05
แต่	O=0.9999995231628418|NORM=5.076200864095881e-07
พร้อม	O=0.9999996423721313|NORM=4.087416414222389e-07
จะ	O=0.9999997615814209|NORM=2.819818973875954e-07
รัก	O=0.9999990463256836|NORM=9.148430422101228e-07
ทุก	O=0.9999995231628418|NORM=5.218803380557802e-07
อย่าง	O=0.9999992847442627|NORM=7.560859671684739e-07
มัน	O=0.9999994039535522|NORM=5.531654778678785e-07
ก็	O=0.9999995231628418|NORM=4.901560828329821e-07
ใหม่	O=0.9999550580978394|NORM=4.497510599321686e-05
ก็	O=0.9999996423721313|NORM=3.168659929997375e-07
ว้าวุ่น	O=0.9999741315841675|NORM=2.5886161893140525e-05
ไป	O=0.9999985694885254|NORM=1.4580714378098492e-06
กัน	O=0.9999988079071045|NORM=1.2494798511397676e-06
ใหญ่	O=0.9999994039535522|NORM=5.837501362293551e-07
_	O=0.9999995231628418|NORM=4.1991052057710476e-07
สู้	O=0.9999990463256836|NORM=9.467744916946685e-07
นะ	O=0.9999996423721313|NORM=3.977924052378512e-07
คับ	NORM=0.9999514818191528|O=4.843881106353365e-05
น้อง	O=0.9999992847442627|NORM=7.232796406242414e-07
มี่	O=0.9999960660934448|NORM=3.952161023335066e-06
_	O=0.9999994039535522|NORM=5.584224140875449e-07
#	O=0.9999984502792358|NORM=1.4900854239385808e-06
พี่	O=0.9999978542327881|NORM=2.1335276869649533e-06
เมอ	O=0.9983289837837219|NORM=0.0016709865303710103
ครับ	O=0.9999148845672607|NORM=8.507307211402804e-05

ไรท์	NORM=0.9990552067756653|O=0.0009448032360523939
อยู่	O=0.9999997615814209|NORM=2.4414950416939973e-07
ไหน	O=0.9999996423721313|NORM=3.6396730251908593e-07
_	O=0.9999995231628418|NORM=4.0185622651733865e-07
ยาย	O=0.9999992847442627|NORM=6.692600322821818e-07
อยาก	O=0.9999997615814209|NORM=2.5690368943287467e-07
ถาม	O=0.9999997615814209|NORM=2.3483076461161545e-07
มาก	O=0.9999995231628418|NORM=4.5780640789416793e-07
_	O=0.9999996423721313|NORM=3.4434665963090083e-07
แต่ง	O=0.9999982118606567|NORM=1.8249244249091134e-06
ยังไง	O=0.7359303832054138|NORM=0.2640696167945862
ให้	O=0.9999996423721313|NORM=3.8067241803219076e-07
รู้สึก	O=0.9999994039535522|NORM=6.38512517525669e-07
ถึง	O=0.9999996423721313|NORM=3.041394052161195e-07
ความรัก	O=0.999998927116394|NORM=1.0454132279846817e-06
ขนาด	O=0.9999996423721313|NORM=3.5356981697987067e-07
นี้	O=0.9999996423721313|NORM=3.6862059005215997e-07
_	O=0.9999996423721313|NORM=3.503803043258813e-07
เป็น	O=0.9999997615814209|NORM=2.2252505971209757e-07
นิยาย	O=0.9999992847442627|NORM=6.68475422571646e-07
ที่	O=0.9999997615814209|NORM=2.5134195880127663e-07
ยาย	O=0.9999988079071045|NORM=1.239628659277514e-06
อ่าน	O=0.9999997615814209|NORM=2.7648673039948335e-07
แล้ว	O=0.9999996423721313|NORM=2.933293785645219e-07
หัวใจ	O=0.9999997615814209|NORM=2.878326483823912e-07
ฟู	O=0.9999996423721313|NORM=4.108332518626412e-07
บ่อย	O=0.9999992847442627|NORM=7.304883524739125e-07
มาก	O=0.9999994039535522|NORM=5.588502176578913e-07
จริงๆ	NORM=0.9999195337295532|O=7.957628258736804e-05
_	O=0.9999996423721313|NORM=3.8567424098800984e-07
ชั้น	NORM=0.999963641166687|O=3.636523979366757e-05
อ่าน	O=0.9999997615814209|NORM=2.6564376298665593e-07
แล้ว	O=0.9999997615814209|NORM=2.4394003617089766e-07
มัน	O=0.9999997615814209|NORM=2.5306408701908367e-07
แบบ	O=0.9999997615814209|NORM=2.7464975005386805e-07
ตื้นตัน	O=0.9999995231628418|NORM=5.335268156159145e-07
จน	O=0.9999997615814209|NORM=2.839085198047542e-07
น้ำตา	O=0.9999996423721313|NORM=3.518036351124465e-07
ไหล	O=0.9999994039535522|NORM=5.842213681717112e-07
_	O=0.9999995231628418|NORM=4.095938095360907e-07
ยิ้ม	O=0.9999996423721313|NORM=3.2529598570363305e-07
จน	O=0.9999997615814209|NORM=2.7761279852711596e-07
กราม	O=0.999998927116394|NORM=1.01513819572574e-06
จะ	O=0.9999997615814209|NORM=2.2879032712808112e-07
หัก	O=0.9999997615814209|NORM=2.9056417361061904e-07
/	O=0.9999995231628418|NORM=4.1064240008381603e-07
พับ	O=0.9999997615814209|NORM=2.9261110512379673e-07
ผ้าอ้อม	O=0.9999996423721313|NORM=3.947502023038396e-07
เด็ก	O=0.9999996423721313|NORM=3.436682334267971e-07
_	O=0.9999996423721313|NORM=3.6160113836558594e-07
ใคร	O=0.9999997615814209|NORM=2.263209353259299e-07
ผ่าน	O=0.9999996423721313|NORM=3.299132913525682e-07
มา	O=0.9999997615814209|NORM=2.8819221142839524e-07
แล้ว	O=0.9999997615814209|NORM=2.7116743694932666e-07
ยัง	O=0.9999996423721313|NORM=3.212726369383745e-07
ไม่	O=0.9999996423721313|NORM=2.991798453422234e-07
เคย	O=0.9999995231628418|NORM=4.589517175190849e-07
อ่าน	O=0.9999995231628418|NORM=5.319462275110709e-07
แนะนำ	O=0.9999997615814209|NORM=2.5014347215801536e-07
ค่ะ	O=0.9999995231628418|NORM=4.525245742570405e-07
เรื่อง	O=0.9999997615814209|NORM=2.428214997962641e-07
นี้	O=0.9999995231628418|NORM=4.143587659655168e-07
_	O=0.9999992847442627|NORM=7.16675060630223e-07
ต้อง	O=0.9999997615814209|NORM=2.1051498322322004e-07
ไป	O=0.9999996423721313|NORM=2.9357818220887566e-07
อ่าน	O=0.9999997615814209|NORM=2.4629611061754986e-07
นะ	O=0.9999995231628418|NORM=5.32579178980086e-07
คะ	O=0.9999921321868896|NORM=7.825732609489933e-06
_	O=0.9999996423721313|NORM=3.550701137555734e-07
ถ้า	O=0.9999997615814209|NORM=2.2828642443073477e-07
ไม่	O=0.9999997615814209|NORM=2.30749279239717e-07
ดี	O=0.9999997615814209|NORM=2.620121222207672e-07
แบบ	O=0.9999996423721313|NORM=3.497516445349902e-07
ที่	O=0.9999997615814209|NORM=2.834231906945206e-07
อวย	O=0.9999991655349731|NORM=8.07979347428045e-07
ไว้	O=0.9999995231628418|NORM=4.220520111175574e-07
มา	O=0.9999997615814209|NORM=2.499796494248585e-07
ถีบ	O=0.9999995231628418|NORM=4.154718453719397e-07
หน้า	O=0.9999997615814209|NORM=2.4501719053660054e-07
ได้	O=0.9999997615814209|NORM=2.2895513041021331e-07
เลย	O=0.9999997615814209|NORM=2.8763508908014046e-07
_	O=0.9999996423721313|NORM=3.3789160625019576e-07
#1Yearเนียลอง	O=0.9999969005584717|NORM=3.038778231712058e-06

วันนี้	O=0.9999995231628418|NORM=4.272058333754103e-07
ปู่	O=0.9999831914901733|NORM=1.6775760741438717e-05
_	O=0.9999973773956299|NORM=2.5567769625922665e-06
ชัย	O=0.9999996423721313|NORM=4.0554260749559035e-07
_	O=0.9999991655349731|NORM=8.364528980564501e-07
น่ารัก	O=0.9999992847442627|NORM=7.244753419399785e-07
มาก	O=0.9999995231628418|NORM=4.484338660404319e-07
ครับ	O=0.9999995231628418|NORM=5.113618612995197e-07
หลายๆ	NORM=0.9655750393867493|O=0.03442349284887314
_	O=0.9999994039535522|NORM=5.381575078899914e-07
ครั้ง	O=0.9999996423721313|NORM=3.757537285764556e-07
ก็	O=0.9999997615814209|NORM=2.7458870022201154e-07
อด	O=0.9999996423721313|NORM=3.8245508449108456e-07
เคือง	O=0.9999986886978149|NORM=1.294029971177224e-06
_	O=0.9999995231628418|NORM=4.3501520963218354e-07
สส.	O=0.5794620513916016|NORM=0.4205375909805298
หลายๆ	NORM=0.9995425939559937|O=0.00044020763016305864
_	O=0.9999988079071045|NORM=1.228065343639173e-06
พรรค	O=0.9999990463256836|NORM=9.78403022600105e-07
ที่	O=0.9999997615814209|NORM=2.624062176437292e-07
เล่น	O=0.9999996423721313|NORM=3.095659337759571e-07
กับ	O=0.9999997615814209|NORM=2.8106342142564245e-07
ท่าน	O=0.9999997615814209|NORM=2.555214280164364e-07
หนัก	O=0.9999996423721313|NORM=3.614411809849116e-07
จัง	O=0.9999996423721313|NORM=4.050915265452204e-07
เลย	O=0.9999995231628418|NORM=4.1456510757598153e-07
ครับ	O=0.999998927116394|NORM=1.0642708048180793e-06
_	O=0.9999995231628418|NORM=4.991128434994607e-07
บาง	O=0.9999996423721313|NORM=3.6098577993470826e-07
คน	O=0.9999994039535522|NORM=5.640703193421359e-07
ก็	O=0.9999997615814209|NORM=2.8171686494715686e-07
เล่น	O=0.9999997615814209|NORM=2.728647814365104e-07
แรง	O=0.9999996423721313|NORM=3.097443084243423e-07
ไป	O=0.9999995231628418|NORM=4.1013166196535167e-07
จน	O=0.9999996423721313|NORM=3.8999201024125796e-07
ถึง	O=0.9999995231628418|NORM=4.818114689442154e-07
กับ	O=0.9999982118606567|NORM=1.835708303588035e-06
ไป	O=0.9999995231628418|NORM=4.6371644657483557e-07
เอ่ย	O=0.9999986886978149|NORM=1.2627898513528635e-06
เรื่อง	O=0.9999997615814209|NORM=2.2207242977856367e-07
อายุ	O=0.9999996423721313|NORM=3.205365999292553e-07
กับ	O=0.9999994039535522|NORM=6.375341286002367e-07
สภาพ	O=0.9999996423721313|NORM=3.8406659541578847e-07
ของ	O=0.9999996423721313|NORM=3.378961253019952e-07
ท่าน	O=0.9999997615814209|NORM=2.734610973220697e-07
_	O=0.9999991655349731|NORM=7.195862963271793e-07
ใน	O=0.9999996423721313|NORM=3.3994533055192733e-07
แบบ	O=0.9999996423721313|NORM=3.7079530557093676e-07
ประชดประชัน	O=0.9999856948852539|NORM=1.4339268091134727e-05
_	O=0.9999992847442627|NORM=6.760043333997601e-07
ซึ่ง	O=0.9999994039535522|NORM=6.130264296189125e-07
ไม่	O=0.9999996423721313|NORM=3.7742265135420894e-07
ได้	O=0.9999980926513672|NORM=1.9540509583748644e-06
จำเป็น	O=0.9999353885650635|NORM=6.46119806333445e-05
ต่อ	O=0.9999995231628418|NORM=4.703084073298669e-07
เรื่อง	O=0.9999997615814209|NORM=2.4380514673794096e-07
ที่	O=0.9999996423721313|NORM=2.8561663611981203e-07
แต่ละ	O=0.9999947547912598|NORM=5.298620180838043e-06
คน	O=0.9999988079071045|NORM=1.1288508403595188e-06
พยายาม	O=0.9999995231628418|NORM=5.082265488454141e-07
จะ	O=0.9999996423721313|NORM=2.898793809436029e-07
นำเสนอ	O=0.9999973773956299|NORM=2.6052016437461134e-06
เลย	O=0.9999994039535522|NORM=6.392101568053477e-07
_	O=0.9999992847442627|NORM=7.378757231890631e-07
แต่	O=0.9999996423721313|NORM=3.492280598038633e-07
ก็	O=0.9999997615814209|NORM=2.780178931516275e-07
ดีใจ	O=0.9999996423721313|NORM=2.9872367690586543e-07
มากๆ	NORM=0.9998370409011841|O=0.0001589015737408772
_	O=0.9999991655349731|NORM=7.644617312507762e-07
ที่	O=0.9999997615814209|NORM=2.1618382106680656e-07
ในทีสุด	O=0.9999992847442627|NORM=6.654515232185076e-07
_	O=0.9999994039535522|NORM=5.972822805233591e-07
ค.	O=0.992946207523346|NORM=0.007053724955767393
_	O=0.9999980926513672|NORM=1.735499267851992e-06
ชวน	O=0.999998927116394|NORM=1.1242398159083677e-06
_	O=0.9999990463256836|NORM=8.178449775186891e-07
ชนะ	O=0.9999997615814209|NORM=2.3692911099715275e-07
ครับ	O=0.9999996423721313|NORM=2.958567790756206e-07
_	O=0.9999994039535522|NORM=4.913803763884061e-07
เป็น	O=0.9999996423721313|NORM=2.8837001764259185e-07
_	O=0.9999992847442627|NORM=6.148788429527485e-07
MVP	O=0.9999995231628418|NORM=4.621730056442175e-07
_	O=0.9999992847442627|NORM=6.508614092126663e-07
ทั้ง	O=0.9999997615814209|NORM=2.78243106777154e-07
คู่	O=0.9999996423721313|NORM=3.115663389507972e-07
ครับ	O=0.999951958656311|NORM=4.7998350055422634e-05

เมื่อ	O=0.9999996423721313|NORM=2.940688261787727e-07
วาน	O=0.9999994039535522|NORM=6.417431563932041e-07
อ่าน	O=0.9999996423721313|NORM=3.078343127072003e-07
เรื่อง	O=0.9999997615814209|NORM=2.470649178576423e-07
_	O=0.9999992847442627|NORM=6.156798235679162e-07
#	O=0.9999996423721313|NORM=2.952054103388946e-07
Wee	O=0.9999995231628418|NORM=5.006975243304623e-07
BNK48	O=0.9999996423721313|NORM=3.035083580016362e-07
_	O=0.9999996423721313|NORM=3.510077419832669e-07
ก็	O=0.9999997615814209|NORM=2.618964742850949e-07
หัวร้อน	O=0.9999988079071045|NORM=1.2372157698337105e-06
_	O=0.9999994039535522|NORM=5.243873033577984e-07
เอา	O=0.9999996423721313|NORM=2.9938675538687676e-07
จริง	O=0.9999994039535522|NORM=5.380025527301768e-07
ติ่ง	O=0.9999988079071045|NORM=1.1816318874480203e-06
พี่	O=0.9999996423721313|NORM=3.048825760743057e-07
ติ๊ก	O=0.9999995231628418|NORM=4.2374347231088905e-07
มา	O=0.9999997615814209|NORM=2.4917753194131365e-07
ก่อน	O=0.9999996423721313|NORM=3.137106716621929e-07
_	O=0.9999995231628418|NORM=4.6645354245811177e-07
#	O=0.9999995231628418|NORM=3.9196217471726413e-07
bnk48	O=0.9999996423721313|NORM=3.780227757488319e-07
_	O=0.9999995231628418|NORM=4.542220608527714e-07
อีก	O=0.9999996423721313|NORM=3.7644812778125925e-07
ไม่	O=0.9999996423721313|NORM=2.924433886164479e-07
กล้า	O=0.9999992847442627|NORM=6.889363817208505e-07
ดู	O=0.9999997615814209|NORM=2.545327788538998e-07
คลิป	O=0.9999996423721313|NORM=3.7853180856473045e-07
เลย	O=0.9999996423721313|NORM=3.266149519731698e-07
กลัว	O=0.9999996423721313|NORM=3.559461845270562e-07
เกลียด	O=0.9999991655349731|NORM=8.064566259236017e-07
น้อง	O=0.9999994039535522|NORM=6.190883823364857e-07
_	O=0.9999995231628418|NORM=4.518531682151661e-07
ก็	O=0.9999997615814209|NORM=2.0580517912094365e-07
อ่าน	O=0.9999990463256836|NORM=9.53333312736504e-07
ไป	O=0.9999994039535522|NORM=5.520493004951277e-07
โกรธ	O=0.9999996423721313|NORM=3.27091868257412e-07
ไป	O=0.9999994039535522|NORM=5.969110361547791e-07
_	O=0.9999995231628418|NORM=4.937846256325429e-07
ละ	NORM=0.988477349281311|O=0.011522685177624226
ก็	O=0.9999997615814209|NORM=2.3656222936097038e-07
เผลอ	O=0.999998927116394|NORM=1.0768449101306032e-06
หลับ	O=0.999998927116394|NORM=1.0855184200408985e-06
_	O=0.9999994039535522|NORM=5.584879545494914e-07
เอ้ยย	NORM=0.9999265670776367|O=7.332681707339361e-05
_	O=0.9999992847442627|NORM=6.956362312848796e-07
ฝัน	O=0.9999996423721313|NORM=3.025967885150749e-07
_	O=0.9999990463256836|NORM=8.540622502550832e-07
ฝัน	O=0.9999996423721313|NORM=3.2183965004151105e-07
ว่า	O=0.9999997615814209|NORM=2.7052476525568636e-07
อยู่ๆ	NORM=0.9995158910751343|O=0.0004841150075662881
มี	O=0.9999997615814209|NORM=2.6657792773221445e-07
คน	O=0.9999995231628418|NORM=4.804349487130821e-07
แคป	O=0.9999676942825317|NORM=3.2294727134285495e-05
ข้อความ	O=0.9999984502792358|NORM=1.5210027868306497e-06
สมัย	O=0.9999996423721313|NORM=3.5631231298793864e-07
วัยรุ่น	O=0.9999977350234985|NORM=2.311994194315048e-06
ของ	O=0.9999996423721313|NORM=4.032636979900417e-07
เรา	O=0.9999996423721313|NORM=2.9621020303238765e-07
มา	O=0.9999996423721313|NORM=3.751650581307331e-07
ด่า	O=0.9999986886978149|NORM=1.3084435295240837e-06
_	O=0.9999994039535522|NORM=5.774088549515e-07
บลาๆ	NORM=0.9980515241622925|O=0.0019484746735543013
_	O=0.9999992847442627|NORM=6.672607923974283e-07
ใน	O=0.9999997615814209|NORM=2.5948466486624966e-07
ฝัน	O=0.9999996423721313|NORM=3.84427181643332e-07
คือ	O=0.9999996423721313|NORM=3.10100745082309e-07
เสียใจ	O=0.9999996423721313|NORM=3.5285569310872233e-07
กับ	O=0.9999996423721313|NORM=3.3139315291919047e-07
การกระทำ	O=0.9999995231628418|NORM=4.5824495487067907e-07
ของ	O=0.9999997615814209|NORM=2.3835167439756333e-07
ตัวเอง	O=0.9999997615814209|NORM=2.5610330567360506e-07
มาก	O=0.9999996423721313|NORM=3.469253044841025e-07
_	O=0.9999996423721313|NORM=3.7961598309266265e-07
ตื่น	O=0.9999996423721313|NORM=3.465893314569257e-07
มา	O=0.9999996423721313|NORM=3.376094355189707e-07
_	O=0.9999994039535522|NORM=5.92353956108127e-07
เออ	O=0.9028880000114441|NORM=0.09711191803216934
_	O=0.9999992847442627|NORM=7.036173883534502e-07
ว่ะ	NORM=0.6447391510009766|O=0.35526081919670105
_	O=0.999998927116394|NORM=1.0874363169932622e-06
หาย	O=0.9999996423721313|NORM=3.217503490304807e-07
โกรธ	O=0.9999992847442627|NORM=7.045950951578561e-07
ละ	NORM=0.969260573387146|O=0.03073928877711296
_	O=0.9999988079071045|NORM=1.2010882528556976e-06
คน	O=0.999998927116394|NORM=1.0606180467220838e-06
เรา	O=0.9999995231628418|NORM=4.7210232878569514e-07
มัน	O=0.9999969005584717|NORM=3.0922949463274563e-06
ผิดพลาด	O=0.9999982118606567|NORM=1.7294771623710403e-06
กัน	O=0.9999994039535522|NORM=5.955395749879244e-07
ได้	O=0.9999996423721313|NORM=3.1178390713648696e-07

เกิด	O=0.9999994039535522|NORM=5.703047918359516e-07
เป็น	O=0.9999996423721313|NORM=3.1456838200938364e-07
ผู้หญิง	O=0.9999991655349731|NORM=7.83787641012168e-07
_	O=0.9999994039535522|NORM=6.013075903865683e-07
ผู้ชาย	O=0.9999992847442627|NORM=7.157236723287497e-07
ขับ	O=0.9999994039535522|NORM=5.883308062948345e-07
รถ	O=0.9999996423721313|NORM=3.948947835397121e-07
เปิด	O=0.9999997615814209|NORM=2.682463104974886e-07
ประตู	O=0.9999997615814209|NORM=2.9375775056905695e-07
ชน	O=0.9999977350234985|NORM=2.287031520609162e-06
รถ	O=0.9999995231628418|NORM=4.438998075784184e-07
เรา	O=0.9999994039535522|NORM=5.720315243706864e-07
เต็มๆ	O=0.9977935552597046|NORM=0.002206474309787154
แล้ว	O=0.9999997615814209|NORM=2.592815917523694e-07
ไม่	O=0.9999997615814209|NORM=2.4667599518579664e-07
ต้อง	O=0.9999997615814209|NORM=2.509314640519733e-07
ขอโทษ	O=0.9999996423721313|NORM=3.3249480679842236e-07
ก็	O=0.9999997615814209|NORM=2.3900744849925104e-07
ได้	O=0.9999997615814209|NORM=2.461160306665988e-07
เนาะ	NORM=0.9211654663085938|O=0.07883448153734207
_	O=0.9999994039535522|NORM=5.956588324806944e-07
ก็	O=0.9999997615814209|NORM=2.1621474388666684e-07
รู้	O=0.9999997615814209|NORM=2.583123830390832e-07
แหละ	O=0.9999995231628418|NORM=4.2402038502586947e-07
ว่า	O=0.9999997615814209|NORM=2.697092043035809e-07
ชะนี	O=0.9885071516036987|NORM=0.01149284653365612
มัน	O=0.9999996423721313|NORM=3.5085446370430873e-07
ไม่	O=0.9999997615814209|NORM=2.677691099961521e-07
น่ากลัว	O=0.9999995231628418|NORM=5.129257374392182e-07
_	O=0.9999996423721313|NORM=3.2079745437840756e-07
เปิด	O=0.9999997615814209|NORM=2.436826491702959e-07
กระจก	O=0.9999996423721313|NORM=4.0715121940593235e-07
มอง	O=0.9999996423721313|NORM=3.324456656628172e-07
หน้า	O=0.9999996423721313|NORM=3.7136862829356687e-07
_	O=0.9999991655349731|NORM=7.67630865539104e-07
เรียก	O=0.9999991655349731|NORM=8.573575200898631e-07
แล้ว	O=0.9999997615814209|NORM=2.720530289934686e-07
ก็	O=0.9999997615814209|NORM=2.529000369122514e-07
นิ่ง	O=0.9999996423721313|NORM=3.0180365229171e-07
_	O=0.9999994039535522|NORM=5.111560312798247e-07
ขนาด	O=0.9999997615814209|NORM=2.588114682566811e-07
เท้าคาง	O=0.9999983310699463|NORM=1.6931834352362785e-06
หน้าต่าง	O=0.9999973773956299|NORM=2.6514462660998106e-06
รถ	O=0.9999986886978149|NORM=1.3092048902763054e-06
มอง	O=0.9999996423721313|NORM=3.869098463837872e-07
_	O=0.9999994039535522|NORM=5.950138302068808e-07
ยิ้มหวาน	O=0.9999985694885254|NORM=1.3722797120863106e-06
โบก	O=0.9999986886978149|NORM=1.3420476534520276e-06
มือ	O=0.9999996423721313|NORM=4.057766602727497e-07
ให้	O=0.9999996423721313|NORM=3.47484586882274e-07
ด้วย	O=0.9999997615814209|NORM=2.715115954288194e-07
นะ	O=0.9999996423721313|NORM=3.4104419910363504e-07
เออ	O=0.9999990463256836|NORM=9.36798755901691e-07
ก็	O=0.9999997615814209|NORM=2.1670130934126064e-07
ทำ	O=0.9999997615814209|NORM=2.084179158146071e-07
เป็น	O=0.9999996423721313|NORM=3.175939013999596e-07
มอง	O=0.9999995231628418|NORM=4.5424630457091553e-07
ไม่	O=0.9999996423721313|NORM=3.388529137282603e-07
เห็น	O=0.9999995231628418|NORM=4.6363950900740747e-07
_	O=0.9999995231628418|NORM=4.220021025957976e-07
ดี	O=0.9999997615814209|NORM=2.528127254208812e-07
จัง	O=0.9999995231628418|NORM=4.6186590907382197e-07
_	O=0.9999996423721313|NORM=2.961621987651597e-07
ลอง	O=0.9999997615814209|NORM=2.900600009070331e-07
กู	O=0.9999990463256836|NORM=9.985018323277473e-07
เป็น	O=0.9999996423721313|NORM=2.9151112812542124e-07
ผู้ชาย	O=0.9999988079071045|NORM=1.1486546327432734e-06
หน้า	O=0.9999995231628418|NORM=4.772902570948645e-07
โหด	O=0.9999994039535522|NORM=6.418080147341243e-07
สิ	O=0.9999996423721313|NORM=3.7220038962004764e-07
สัด	NORM=0.9999622106552124|O=3.7775822420371696e-05
ดอก	O=0.9654683470726013|NORM=0.03453167900443077
_	O=0.9999995231628418|NORM=4.680184417793498e-07
#เบื่อ	O=0.9999990463256836|NORM=9.355184715786891e-07
_	O=0.9999994039535522|NORM=5.927868187427521e-07
#แค่ขอโทษคำเดียวก็ไม่โกรธแล้ว	O=0.999997615814209|NORM=2.346575456613209e-06

รีวิว	O=0.9999990463256836|NORM=9.39124504384381e-07
_	O=0.9999995231628418|NORM=4.585164674608677e-07
my	O=0.9999996423721313|NORM=3.346344215060526e-07
time	O=0.9999997615814209|NORM=2.7604409069681424e-07
at	O=0.9999997615814209|NORM=2.1305051234321581e-07
portia	O=0.9999988079071045|NORM=1.187343173114641e-06
_	O=0.9999996423721313|NORM=3.612474870351434e-07
ฉบับ	O=0.9999992847442627|NORM=6.96737060934538e-07
คน	O=0.9999996423721313|NORM=2.9612604635076423e-07
เอา	O=0.9999997615814209|NORM=2.1108027681293606e-07
เวลา	O=0.9999997615814209|NORM=2.298154981872358e-07
อ่าน	O=0.9999996423721313|NORM=3.064569966682029e-07
หนังสือ	O=0.9999995231628418|NORM=4.6814392362648505e-07
สอบ	O=0.9999990463256836|NORM=1.0005159083448234e-06
ไป	O=0.9999996423721313|NORM=3.257747209772788e-07
เล่น	O=0.9999994039535522|NORM=5.690595799023868e-07
_	O=0.9999996423721313|NORM=3.2040060204963083e-07
คือ	O=0.9999997615814209|NORM=2.7844748728966806e-07
สนุก	O=0.9999990463256836|NORM=9.66682478065195e-07
ดี	O=0.9999994039535522|NORM=5.389690045376483e-07
_	O=0.9999997615814209|NORM=2.0251943055882293e-07
กราฟิก	O=0.9603467583656311|NORM=0.03965320810675621
สวย	O=0.9999995231628418|NORM=4.1461254340902087e-07
_	O=0.9999997615814209|NORM=2.2848657010854367e-07
ปลาทับจัย	NORM=0.9998087286949158|O=0.00019131014414597303
_	O=0.9999996423721313|NORM=2.879561407098663e-07
แต่	O=0.9999997615814209|NORM=1.942942731147923e-07
แมพ	NORM=0.9999314546585083|O=6.858866981929168e-05
หลง	O=0.9999995231628418|NORM=4.17153643184065e-07
มากกกก	NORM=0.9997522234916687|O=0.00024630624102428555
_	O=0.9999997615814209|NORM=2.7855159601131163e-07
บาง	O=0.9999997615814209|NORM=2.4612401716694876e-07
วัน	O=0.9999996423721313|NORM=3.324212514144165e-07
คือ	O=0.9999996423721313|NORM=3.18519937536621e-07
กลับ	O=0.9999997615814209|NORM=2.5258040636799706e-07
มา	O=0.9999997615814209|NORM=2.6213558612653287e-07
บ้าน	O=0.9999990463256836|NORM=9.599585837349878e-07
ไม่	O=0.9999997615814209|NORM=2.712158106987772e-07
ทัน	O=0.9999996423721313|NORM=3.417614493628207e-07
ตี	O=0.9999991655349731|NORM=8.229933996517502e-07
สาม	O=0.9999995231628418|NORM=4.353796327905002e-07
(	O=0.9999996423721313|NORM=3.24497818837699e-07
มนจ	NORM=0.9999024868011475|O=9.746145224198699e-05
แมพ	NORM=0.9999381303787231|O=6.18457343080081e-05
ใหญ่	O=0.9999996423721313|NORM=3.274761013472016e-07
หรือ	O=0.9999996423721313|NORM=3.8737502450203465e-07
เรา	O=0.9999996423721313|NORM=3.2215746159636183e-07
หลง	O=0.9999995231628418|NORM=4.767298378283158e-07
)	O=0.9999994039535522|NORM=5.542870553654211e-07
_	O=0.9999997615814209|NORM=2.475911458077462e-07
ตัวละคร	O=0.999998927116394|NORM=1.1170067182320054e-06
เยอะ	O=0.9999997615814209|NORM=2.726657726270787e-07
มากๆ	NORM=0.9999617338180542|O=3.802842547884211e-05
แรกๆ	NORM=0.9999074935913086|O=9.235891775460914e-05
จะ	O=0.9999997615814209|NORM=2.768265687791427e-07
งง	O=0.9999996423721313|NORM=3.8178455952220247e-07
เลย	O=0.9999996423721313|NORM=3.027584227766056e-07
ว่า	O=0.9999997615814209|NORM=2.1590423671113967e-07
ใคร	O=0.9999997615814209|NORM=2.3397682014092425e-07
เป็น	O=0.9999997615814209|NORM=2.4206153170780453e-07
ใคร	O=0.9999996423721313|NORM=3.112402566785022e-07
_	O=0.9999997615814209|NORM=2.3333818433002307e-07
เป็น	O=0.9999997615814209|NORM=1.858032874224591e-07
เกม	O=0.9999995231628418|NORM=4.2873679717558844e-07
ที่	O=0.9999997615814209|NORM=1.9457407063327992e-07
ดู	O=0.9999997615814209|NORM=2.0200961614591506e-07
มี	O=0.9999997615814209|NORM=1.906577011823174e-07
ไร	O=0.6991856098175049|NORM=0.30081436038017273
ให้	O=0.9999997615814209|NORM=1.9365828052286815e-07
ทำ	O=0.9999997615814209|NORM=1.7954857867152896e-07
ดี	O=0.9999997615814209|NORM=2.3364057710750785e-07
_	O=0.9999997615814209|NORM=2.1561450580520614e-07
แต่	O=0.9999997615814209|NORM=1.9451489663424582e-07
เทศกาล	O=0.9999918937683105|NORM=8.158593118423596e-06
น้อย	O=0.9999996423721313|NORM=3.3518506370455725e-07
มากๆๆๆ	NORM=0.9999709129333496|O=2.9017613996984437e-05
_	O=0.9999996423721313|NORM=3.450313954544981e-07
คาด	O=0.9999996423721313|NORM=3.456538593127334e-07
ว่า	O=0.9999997615814209|NORM=2.4722780267438793e-07
ใน	O=0.9999997615814209|NORM=2.5213759613507136e-07
อนาคต	O=0.9999995231628418|NORM=4.82901214127196e-07
จะ	O=0.9999997615814209|NORM=2.66588330077866e-07
มี	O=0.9999992847442627|NORM=6.778687975383946e-07
เพิ่ม	O=0.999998927116394|NORM=9.83734025794547e-07
_	O=0.9999996423721313|NORM=3.605911444992671e-07
สรุป	O=0.9999980926513672|NORM=1.8699871588978567e-06
ติด	O=0.9999915361404419|NORM=8.477833034703508e-06
งอมแงม	O=0.9996941089630127|NORM=0.00030592179973609746

เทอม	O=0.999963641166687|NORM=3.6325167457107455e-05
ที่	O=0.9999961853027344|NORM=3.855502654914744e-06
แล้ว	O=0.999996542930603|NORM=3.426413513807347e-06
ไป	O=0.9999992847442627|NORM=6.864769943604188e-07
เซเว่น	O=0.9999561309814453|NORM=4.392274786368944e-05
กะ	NORM=0.9506362080574036|O=0.04936368018388748
เพื่อน	O=0.9999994039535522|NORM=6.215196890480001e-07
ละ	NORM=0.96322101354599|O=0.03677896782755852
อี	O=0.9999923706054688|NORM=7.619770258315839e-06
นี่	O=0.9999990463256836|NORM=1.0021632306234096e-06
ก็	O=0.9999994039535522|NORM=5.780650553788291e-07
หิว	O=0.9999982118606567|NORM=1.798009861886385e-06
น้ำ	O=0.999998927116394|NORM=1.0580530442894087e-06
มาก	O=0.9999983310699463|NORM=1.6069876664914773e-06
ละ	NORM=0.9411813020706177|O=0.05881872773170471
เพื่อน	O=0.9999991655349731|NORM=8.447709092251898e-07
แม่ง	O=0.9999945163726807|NORM=5.4938409448368475e-06
ชอบ	O=0.9999990463256836|NORM=9.234297522198176e-07
เลือก	O=0.9999995231628418|NORM=4.879420885117725e-07
ของ	O=0.9999994039535522|NORM=6.115888027125038e-07
ช้า	O=0.9999991655349731|NORM=7.811825639691961e-07
พอ	O=0.9999994039535522|NORM=5.664389846060658e-07
เข้า	O=0.9999995231628418|NORM=4.332514720317704e-07
เซเว่น	O=0.999935507774353|NORM=6.452387606259435e-05
ปุ้บ	NORM=0.9995219707489014|O=0.0004780655144713819
เปิด	O=0.9999994039535522|NORM=5.867467507414403e-07
ตู้	O=0.9999985694885254|NORM=1.4404440662474371e-06
หยิบ	O=0.999998927116394|NORM=1.0389569524704712e-06
น้ำ	O=0.9999991655349731|NORM=8.456511295662494e-07
มา	O=0.9999994039535522|NORM=6.252781759030768e-07
ละ	O=0.5110193490982056|NORM=0.4889807105064392
เปิด	O=0.9999994039535522|NORM=5.862640932718932e-07
ฝา	O=0.9999990463256836|NORM=9.59440626502328e-07
กิน	O=0.9999994039535522|NORM=5.594416165877192e-07
เลย	O=0.9999995231628418|NORM=4.838378799831844e-07
พอ	O=0.9999995231628418|NORM=5.083496148472477e-07
เดิน	O=0.9999992847442627|NORM=6.902925520080316e-07
หา	O=0.9999994039535522|NORM=6.48942545922182e-07
เพื่อน	O=0.9999990463256836|NORM=9.299908469984075e-07
ถาม	O=0.9999994039535522|NORM=5.398229063757753e-07
ว่า	O=0.9999992847442627|NORM=6.683147830699454e-07
จ่าย	O=0.9999994039535522|NORM=6.097280902395141e-07
เงิน	O=0.9999994039535522|NORM=6.002161967444408e-07
แล้ว	O=0.9999995231628418|NORM=4.5253665348354843e-07
หรอ	O=0.6123483777046204|NORM=0.38765159249305725
ละ	NORM=0.9997883439064026|O=0.000211626902455464
คือ	O=0.9999977350234985|NORM=2.2997935502644395e-06
ตอน	O=0.9999994039535522|NORM=6.216963015504007e-07
นั้น	O=0.9999991655349731|NORM=7.991908432813943e-07
คน	O=0.9999992847442627|NORM=7.320895747398026e-07
ใน	O=0.9999995231628418|NORM=4.5652984681510134e-07
เซเว่น	O=0.9999843835830688|NORM=1.565278580528684e-05
เยอะ	O=0.9999994039535522|NORM=5.655693939843331e-07
มาก	O=0.999998927116394|NORM=1.0828807717189193e-06
อาย	O=0.9999984502792358|NORM=1.5334746876760619e-06
มาก	O=0.9999990463256836|NORM=9.359816317555669e-07
เดิน	O=0.9999992847442627|NORM=7.647884103789693e-07
ไป	O=0.9999992847442627|NORM=6.968453476474679e-07
ที่	O=0.9999995231628418|NORM=4.5167863049755397e-07
เคาท์เตอร์	O=0.9993368983268738|NORM=0.0006631308933719993
พร้อม	O=0.9999995231628418|NORM=4.886941837867198e-07
ขวดเปล่า	O=0.9999991655349731|NORM=7.7616562066396e-07
ละ	NORM=0.9631319046020508|O=0.036868102848529816
พนง.	NORM=0.9992121458053589|O=0.0007878507021814585
ก็	O=0.9999990463256836|NORM=9.328137480224541e-07
ขำ	O=0.9999985694885254|NORM=1.4339801737150992e-06
ประเด็น	O=0.9999935626983643|NORM=6.490511623269413e-06
คือ	O=0.9999889135360718|NORM=1.1098965842393227e-05
พนง.	NORM=0.9895539283752441|O=0.010445768013596535
ค่อนข้าง	O=0.9999899864196777|NORM=1.0029032637248747e-05
หล่อ	O=0.999994158744812|NORM=5.8319096751802135e-06
..	O=0.999995231628418|NORM=4.713775979325874e-06
_	O=0.9999988079071045|NORM=1.1937557928831666e-06
#เรื่องมันช่างน่าอาย	O=0.9999969005584717|NORM=3.050304940188653e-06

เหมือน	O=0.9999994039535522|NORM=5.244983185548335e-07
ภาษา	O=0.9999995231628418|NORM=5.241957978796563e-07
ไทย	O=0.9999992847442627|NORM=7.650729116903676e-07
_	O=0.9999996423721313|NORM=3.494845941531821e-07
อ่าน	O=0.9999997615814209|NORM=2.3640750157483126e-07
_	O=0.9999995231628418|NORM=4.633208448012738e-07
ออก	O=0.9999996423721313|NORM=3.7150462617319135e-07
_	O=0.9999996423721313|NORM=3.5811405041386024e-07
เขียน	O=0.9999997615814209|NORM=2.6746002390609647e-07
พูด	O=0.9999996423721313|NORM=4.08193955081515e-07
ได้	O=0.9999997615814209|NORM=2.6212060788566305e-07
_	O=0.9999996423721313|NORM=3.6561735328177747e-07
ไม่	O=0.9999996423721313|NORM=3.4238453849866346e-07
ได้	O=0.9999995231628418|NORM=4.020885455702228e-07
แปล	O=0.9999996423721313|NORM=3.0808686801719887e-07
ว่า	O=0.9999997615814209|NORM=2.67441436108129e-07
เขียน	O=0.9999996423721313|NORM=3.283955436472752e-07
ดี	O=0.9999996423721313|NORM=3.171888920405763e-07
_	O=0.9999997615814209|NORM=2.645944903179043e-07
พูด	O=0.9999997615814209|NORM=2.606466580346023e-07
แล้ว	O=0.9999996423721313|NORM=3.071358207762387e-07
คน	O=0.9999945163726807|NORM=5.430643795989454e-06
คล้อยตาม	O=0.999998927116394|NORM=1.1097494052592083e-06
_	O=0.9999996423721313|NORM=3.182767045473156e-07
มัน	O=0.9999996423721313|NORM=3.3538651678099995e-07
เป็น	O=0.9999997615814209|NORM=2.5789688606892014e-07
เรื่อง	O=0.9999997615814209|NORM=2.6057480795316224e-07
_	O=0.9999995231628418|NORM=3.9909491533762775e-07
persuasive	O=0.9999994039535522|NORM=5.75710373595939e-07
_	O=0.9999996423721313|NORM=3.624573992055957e-07
skill	O=0.9999996423721313|NORM=3.8428970583481714e-07
_	O=0.9999994039535522|NORM=5.248460297480051e-07
+	O=0.9999996423721313|NORM=3.5675907383847516e-07
_	O=0.9999995231628418|NORM=4.4467603288467217e-07
การต้องมาเลือกใช้	O=0.999997615814209|NORM=2.329749349883059e-06
คำ	O=0.9999995231628418|NORM=4.423387736096629e-07
ที่	O=0.9999996423721313|NORM=2.7734074592444813e-07
ดี	O=0.9999997615814209|NORM=2.640963430167176e-07
ขึ้น	O=0.9999996423721313|NORM=3.6738381936629594e-07
_	O=0.9999996423721313|NORM=3.074259211643948e-07
ใช้	O=0.9999996423721313|NORM=3.4693223938120354e-07
แกรมม่า	NORM=0.8745900988578796|O=0.12540988624095917
ที่	O=0.9999996423721313|NORM=3.301225888208137e-07
อ่าน	O=0.9999994039535522|NORM=5.623617198580178e-07
แล้ว	O=0.9999996423721313|NORM=3.3860578696476296e-07
เข้าใจ	O=0.9999996423721313|NORM=3.21025765970262e-07
ง่าย	O=0.9999996423721313|NORM=3.391089364868094e-07
_	O=0.9999996423721313|NORM=3.207304644092801e-07
การเรียน	O=0.9999992847442627|NORM=6.669808954029577e-07
ภาษา	O=0.9999996423721313|NORM=3.8489014286824386e-07
ขั้น	O=0.9999997615814209|NORM=2.717105189731228e-07
สูง	O=0.9999997615814209|NORM=2.1217660162164975e-07
ไม่	O=0.9999997615814209|NORM=2.5287010885222116e-07
ใช่	O=0.9999995231628418|NORM=4.5568509676741087e-07
ท่อง	O=0.9999986886978149|NORM=1.2905102266813628e-06
ศัพท์	O=0.9999990463256836|NORM=9.039054589266016e-07
ที่	O=0.9999997615814209|NORM=2.5546708570800547e-07
ยาก	O=0.9999996423721313|NORM=2.968932051317097e-07
ขึ้น	O=0.9999996423721313|NORM=3.489590483241045e-07
แต่	O=0.9999994039535522|NORM=5.231854629528243e-07
คือ	O=0.9999996423721313|NORM=3.253335307817906e-07
การรวม	O=0.9999996423721313|NORM=3.580430529837031e-07
ภาษา	O=0.9999995231628418|NORM=4.377561140245234e-07
เข้า	O=0.9999996423721313|NORM=2.886740446683689e-07
กับ	O=0.999998927116394|NORM=1.0718101748352638e-06
communication	O=0.9999995231628418|NORM=4.579740675580979e-07
_	O=0.9999996423721313|NORM=3.4907787949123303e-07
skills	O=0.9999994039535522|NORM=5.630029704661865e-07
_	O=0.9999996423721313|NORM=3.658950049612031e-07
เพื่อ	O=0.9999996423721313|NORM=2.922560327078827e-07
การสื่อสาร	O=0.9999994039535522|NORM=6.016948077558482e-07
ที่	O=0.9999996423721313|NORM=2.7805447189166443e-07
ดี	O=0.9999997615814209|NORM=2.527560809539864e-07
ขึ้น	O=0.9999996423721313|NORM=2.8630606152546534e-07

เกม	O=0.9999994039535522|NORM=5.352962375582138e-07
เสิร์ฟ	O=0.9999926090240479|NORM=7.440825811499963e-06
เรา	O=0.9999995231628418|NORM=4.060731555455277e-07
โหด	O=0.9999992847442627|NORM=6.758476729373797e-07
มาก	O=0.9999994039535522|NORM=5.78893718738982e-07
วันนี้	O=0.9999990463256836|NORM=9.173452326649567e-07
_	O=0.9999994039535522|NORM=5.135321430316253e-07
แต่	O=0.9999996423721313|NORM=3.6316845353212557e-07
ตอน	O=0.9999997615814209|NORM=2.443586879508075e-07
ที่	O=0.9999997615814209|NORM=2.1550391693381243e-07
เพียว	O=0.9984939098358154|NORM=0.0015061228768900037
เจ็บ	O=0.9999997615814209|NORM=2.9498485787371465e-07
เมื่อวาน	O=0.9999994039535522|NORM=5.53543827663816e-07
คือ	O=0.9999996423721313|NORM=3.1884783879831957e-07
ช่วง	O=0.9999994039535522|NORM=6.237945626708097e-07
ที่	O=0.9999997615814209|NORM=2.603304096737702e-07
เลวร้าย	O=0.9999990463256836|NORM=9.201174862027983e-07
มาก	O=0.9999992847442627|NORM=7.576118719043734e-07
_	O=0.9999996423721313|NORM=3.806397330663458e-07
แล้ว	O=0.9999997615814209|NORM=2.692481473332009e-07
บิ๋ม	O=0.9977355003356934|NORM=0.002264448907226324
เสิร์ฟ	O=0.9999970197677612|NORM=2.9925738544989144e-06
ด้วย	O=0.9999997615814209|NORM=2.4244920382443524e-07
_	O=0.9999995231628418|NORM=4.6995418756523577e-07
เพียว	O=0.9971662163734436|NORM=0.0028337931726127863
เจ็บ	O=0.9999996423721313|NORM=3.473487311111967e-07
บิ๋ม	O=0.9971075654029846|NORM=0.002892393385991454
เสิร์ฟ	O=0.9999959468841553|NORM=4.052822987432592e-06
จี้	O=0.9916610717773438|NORM=0.008338885381817818
เลย	O=0.9999997615814209|NORM=2.892487032113422e-07
จ่ะ	NORM=0.6332011222839355|O=0.36679884791374207
_	O=0.9999994039535522|NORM=5.593146283899841e-07
เพียว	O=0.9965008497238159|NORM=0.0034991728607565165
เจ็บ	O=0.9999996423721313|NORM=3.169466822328104e-07
ใช่	O=0.9999938011169434|NORM=6.185470283526229e-06
มั้ย	NORM=0.9990730285644531|O=0.0009269618312828243
_	O=0.9999995231628418|NORM=4.7029854499669455e-07
จี้	O=0.9999052286148071|NORM=9.478239371674135e-05
รัว	O=0.9999710321426392|NORM=2.8907299565616995e-05
ๆ	O=0.9999148845672607|NORM=8.507282473146915e-05
_	O=0.9999990463256836|NORM=8.608641337559675e-07
เลย	O=0.9999997615814209|NORM=2.8012789243803127e-07
ค่ะ	O=0.9999992847442627|NORM=7.364149610111781e-07
_	O=0.9999992847442627|NORM=6.214318659658602e-07
ปกติ	O=0.999993085861206|NORM=6.923515684320591e-06
ก็	O=0.9999996423721313|NORM=2.888428696223855e-07
เสิร์ฟ	O=0.9999966621398926|NORM=3.3735368560883217e-06
ดี	O=0.9999995231628418|NORM=4.5419002958624333e-07
อยู่แล้ว	O=0.9999994039535522|NORM=5.690487228093843e-07
นะ	O=0.9999985694885254|NORM=1.4024356005393201e-06
_	O=0.9999996423721313|NORM=3.74306267758584e-07
ก่อน	O=0.9999997615814209|NORM=2.890550945267023e-07
เจ็บ	O=0.9999996423721313|NORM=3.500356342556188e-07
นี่	O=0.9999994039535522|NORM=5.980392074889096e-07
แค่	O=0.9999995231628418|NORM=4.653569760648679e-07
เสิร์ฟ	O=0.999998927116394|NORM=1.0834312433871673e-06
ซอฟ	O=0.9795164465904236|NORM=0.020483585074543953
ๆ	O=0.9999282360076904|NORM=7.17912262189202e-05
_	O=0.9999995231628418|NORM=4.547551952782669e-07
พอ	O=0.9999997615814209|NORM=2.4302980250467954e-07
ย่อ	O=0.9999996423721313|NORM=3.1871013561612926e-07
เข่า	O=0.9999992847442627|NORM=6.679630359940347e-07
รับ	O=0.9999997615814209|NORM=2.417906728169328e-07
_	O=0.9999992847442627|NORM=5.932516273787769e-07
พอ	O=0.9999997615814209|NORM=2.5323308250335685e-07
เจ็บ	O=0.9999995231628418|NORM=4.2856834170379443e-07
นี่	O=0.9999977350234985|NORM=2.2365593395079486e-06
คือ	O=0.9999996423721313|NORM=4.0559598346590064e-07
ให้	O=0.9999996423721313|NORM=3.0234613745960814e-07
เมกา	O=0.9791716933250427|NORM=0.020828327164053917
นอน	O=0.9999996423721313|NORM=3.945153537188162e-07
รับ	O=0.9999995231628418|NORM=5.208590891925269e-07
เลย	O=0.999998927116394|NORM=1.0918871566900634e-06
ค่ะ	O=0.9999994039535522|NORM=5.722410492126073e-07
_	O=0.9999995231628418|NORM=4.120857113321108e-07
#วอลเลย์บอล	O=0.9999593496322632|NORM=4.065396569785662e-05
หญิง	O=0.9999992847442627|NORM=7.080419095473189e-07
ชิง	O=0.9999995231628418|NORM=4.908900450573128e-07
แชมป์	O=0.999998927116394|NORM=1.0280716651323019e-06
โลก	O=0.9999995231628418|NORM=4.394312895783514e-07
2018	O=0.9999996423721313|NORM=3.722344672496547e-07

ก็	O=0.9999996423721313|NORM=2.973820301122032e-07
ยังคง	O=0.9999995231628418|NORM=4.254352461430244e-07
มี	O=0.9999996423721313|NORM=3.903935237303813e-07
เพจ	O=0.9999986886978149|NORM=1.3459992942443932e-06
ที่	O=0.9999997615814209|NORM=2.4574569579272065e-07
เป็น	O=0.9999995231628418|NORM=3.978082929734228e-07
ฝั่ง	O=0.9999980926513672|NORM=1.9537953903636662e-06
อนุรักษ์นิยม	O=0.9999933242797852|NORM=6.702636255795369e-06
(	O=0.9999943971633911|NORM=5.625797257380327e-06
สลิ่ม	O=0.999715268611908|NORM=0.00028466960065998137
ชั้นนำ	O=0.9999947547912598|NORM=5.198827238928061e-06
)	O=0.9999985694885254|NORM=1.40424890560098e-06
_	O=0.9999992847442627|NORM=6.126919629423355e-07
ยังคง	O=0.9999996423721313|NORM=3.0080829560574784e-07
ปั่น	O=0.9999990463256836|NORM=8.908596669243707e-07
_	O=0.9999994039535522|NORM=5.319410547599546e-07
กระแส	O=0.9999995231628418|NORM=4.400544924010319e-07
เดิมๆ	O=0.9954202771186829|NORM=0.004579690285027027
_	O=0.9999991655349731|NORM=8.220317226914631e-07
คือ	O=0.9999995231628418|NORM=4.17977560118743e-07
_	O=0.9999992847442627|NORM=7.055552941892529e-07
#พวก	O=0.9999972581863403|NORM=2.7565051823330577e-06
ล้มเจ้า	O=0.9999992847442627|NORM=7.589655979245435e-07
_	O=0.9999994039535522|NORM=5.836856189489481e-07
#ไม่	O=0.9999988079071045|NORM=1.146194676948653e-06
ผิด	O=0.9999988079071045|NORM=1.2003542906313669e-06
จะ	O=0.9999995231628418|NORM=4.70447020006759e-07
กลัว	O=0.9999994039535522|NORM=5.770791062786884e-07
อะไร	O=0.9999992847442627|NORM=7.604407414874004e-07
_	O=0.9999994039535522|NORM=5.164775416233169e-07
#พวก	O=0.9999984502792358|NORM=1.492172941652825e-06
เผา	O=0.9999991655349731|NORM=7.803211019563605e-07
บ้าน	O=0.9999994039535522|NORM=5.915190399718995e-07
เผา	O=0.9999984502792358|NORM=1.5295939874704345e-06
เมือง	O=0.9999983310699463|NORM=1.67959512964444e-06
_	O=0.9999995231628418|NORM=4.264377366780536e-07
ซึ่ง	O=0.9999997615814209|NORM=2.665710781002417e-07
บาง	O=0.9999997615814209|NORM=2.8284048880777846e-07
คน	O=0.9999996423721313|NORM=3.072336198783887e-07
ใน	O=0.9999997615814209|NORM=2.3383718428249267e-07
กลุ่ม	O=0.9999997615814209|NORM=2.7911772804145585e-07
คน	O=0.9999997615814209|NORM=2.8511729510682926e-07
พวก	O=0.9999997615814209|NORM=2.8313738198448846e-07
นี้	O=0.9999997615814209|NORM=2.4988403879433463e-07
ดู	O=0.9999997615814209|NORM=2.839488502104359e-07
ภาย	O=0.9999995231628418|NORM=4.863276785727066e-07
นอก	O=0.9999996423721313|NORM=3.380056909918494e-07
เป็น	O=0.9999997615814209|NORM=2.2692954360081785e-07
คน	O=0.9999996423721313|NORM=3.9148142150224885e-07
มี	O=0.9999997615814209|NORM=2.2725700432602025e-07
ความรู้	O=0.9999997615814209|NORM=2.6005918130067585e-07
_	O=0.9999995231628418|NORM=4.2082615436811466e-07
มี	O=0.9999997615814209|NORM=1.9729374400867528e-07
ฐานะ	O=0.9999992847442627|NORM=7.11124357621884e-07
ทาง	O=0.9999996423721313|NORM=3.1433356184606964e-07
สังคม	O=0.9999996423721313|NORM=3.3487449968561123e-07
ดี	O=0.999997615814209|NORM=2.353186346226721e-06
_	O=0.9999996423721313|NORM=3.79185394194792e-07
แต่	O=0.9999997615814209|NORM=2.064462165662917e-07
กลับ	O=0.9999997615814209|NORM=2.181652689614566e-07
กัน	O=0.9999996423721313|NORM=3.1402257150148216e-07
_	O=0.9999996423721313|NORM=3.6265447533878614e-07
ระบบ	O=0.9999996423721313|NORM=2.908136309542897e-07
ความคิด	O=0.9999997615814209|NORM=2.8204104296492005e-07
ยังคง	O=0.9999997615814209|NORM=2.417438622615009e-07
เป็น	O=0.9999996423721313|NORM=3.2052287224360043e-07
ความคิด	O=0.9999996423721313|NORM=4.0809899815030803e-07
เดิมๆ	O=0.9996180534362793|NORM=0.0003819208941422403
_	O=0.9999996423721313|NORM=3.191252915257792e-07
เป็น	O=0.9999997615814209|NORM=2.1111853243382939e-07
ได้	O=0.9999997615814209|NORM=2.5754690113899414e-07
แค่	O=0.9999995231628418|NORM=4.927675831822853e-07
กบในกะลา	O=0.9999992847442627|NORM=7.678490874241106e-07
เสีย	O=0.9999992847442627|NORM=7.219035182970401e-07
ประเทศ	O=0.9999991655349731|NORM=8.022315682865155e-07
ไทย	O=0.999997615814209|NORM=2.392853275523521e-06
ที่	O=0.9999996423721313|NORM=3.131908101750014e-07
โอกาส	O=0.9999986886978149|NORM=1.3552850077758194e-06
ดีๆ	NORM=0.99847012758255|O=0.0015298203798010945
หายไป	O=0.9999768733978271|NORM=2.308602415723726e-05

-	O=0.9999995231628418|NORM=4.640305633074604e-07
_	O=0.9999996423721313|NORM=3.3773920904422994e-07
ถ้า	O=0.9999997615814209|NORM=2.0273837719742005e-07
ไม่	O=0.9999997615814209|NORM=2.582722515853675e-07
ได้	O=0.9999996423721313|NORM=3.030851587482175e-07
ต้อง	O=0.9999996423721313|NORM=3.096669161095633e-07
ใช้	O=0.9999994039535522|NORM=6.176106239763612e-07
ภาษา	O=0.9999994039535522|NORM=5.352839593797398e-07
ไทย	O=0.9999946355819702|NORM=5.3063558880239725e-06
ที่	O=0.9999995231628418|NORM=4.806700530934904e-07
เป๊ะ	O=0.9999977350234985|NORM=2.2473291210189927e-06
ใน	O=0.9999995231628418|NORM=4.21478404177833e-07
การทำงาน	O=0.9999995231628418|NORM=5.234729769654223e-07
ก็	O=0.9999997615814209|NORM=2.2800053045557434e-07
ไม่น่า	O=0.9999995231628418|NORM=4.7011513970574015e-07
มี	O=0.9999997615814209|NORM=2.7985845463263104e-07
ปัญหา	O=0.9999997615814209|NORM=2.8284779318710207e-07
(	O=0.9999905824661255|NORM=9.430695172341075e-06
โดยเฉพาะ	O=0.9999983310699463|NORM=1.642668053136731e-06
การพูด	O=0.9999996423721313|NORM=3.658021796582034e-07
)	O=0.999998927116394|NORM=1.0679870001695235e-06
_	O=0.9999996423721313|NORM=3.839413409423287e-07
-	O=0.9999995231628418|NORM=3.9651970951126714e-07
_	O=0.9999996423721313|NORM=3.3136470278805064e-07
เวลา	O=0.9999997615814209|NORM=2.1387906201653095e-07
มี	O=0.9999997615814209|NORM=2.8129321094638726e-07
คน	O=0.9999990463256836|NORM=1.0024557468568673e-06
ด่า	O=0.9999996423721313|NORM=3.8031967619645e-07
คนอื่น	O=0.9999996423721313|NORM=3.4076751376233005e-07
ว่า	O=0.9999997615814209|NORM=2.7091411425317347e-07
_	O=0.9999996423721313|NORM=3.569309399154008e-07
'	O=0.9999996423721313|NORM=3.124348495475715e-07
ทำไม	O=0.9999997615814209|NORM=2.6426363319842494e-07
ถึง	O=0.9999997615814209|NORM=2.1074598066661565e-07
เขียน	O=0.9999996423721313|NORM=3.3678554700600216e-07
ผิด	O=0.9999997615814209|NORM=2.624292392283678e-07
_	O=0.9999995231628418|NORM=4.0768424014459015e-07
คำ	O=0.9999997615814209|NORM=2.659446352026862e-07
พื้นฐาน	O=0.9999996423721313|NORM=3.369439411926578e-07
ง่ายๆ	NORM=0.999954342842102|O=4.556458952720277e-05
_	O=0.9999994039535522|NORM=5.134145908414212e-07
บลา	O=0.9999796152114868|NORM=2.0353378204163164e-05
บลา	O=0.9993732571601868|NORM=0.0006267901044338942
'	O=0.9999992847442627|NORM=7.12039138761611e-07
_	O=0.9999995231628418|NORM=4.278386143141688e-07
-	O=0.9999995231628418|NORM=4.0874235196497466e-07
_	O=0.9999996423721313|NORM=3.133619941309007e-07
อยาก	O=0.9999997615814209|NORM=2.0066994466105825e-07
ให้	O=0.9999997615814209|NORM=1.9305382181755704e-07
มา	O=0.9999997615814209|NORM=2.409792045909853e-07
ดู	O=0.9999996423721313|NORM=3.074710548389703e-07
กรณี	O=0.9999996423721313|NORM=3.3048610248442856e-07
นี้	O=0.9999995231628418|NORM=4.898793690699677e-07
นะ	O=0.9999994039535522|NORM=6.362567432915966e-07
_	O=0.9999996423721313|NORM=3.089495237418305e-07
คุณ	O=0.9999997615814209|NORM=2.344543759136286e-07
ยัง	O=0.9999996423721313|NORM=2.978594295655057e-07
จะ	O=0.9999997615814209|NORM=2.255693516417523e-07
ด่า	O=0.9999996423721313|NORM=3.8757460174565495e-07
เขา	O=0.9999997615814209|NORM=2.568473291830742e-07
มั้ย	NORM=0.9992257356643677|O=0.0007742717280052602
ว่า	O=0.9999997615814209|NORM=2.6018398102678475e-07
_	O=0.9999996423721313|NORM=3.39080514777379e-07
'	O=0.9999996423721313|NORM=3.1354676366390777e-07
ออกเสียง	O=0.9999997615814209|NORM=2.652736270647438e-07
ผิด	O=0.9999997615814209|NORM=2.5081661192416504e-07
ได้	O=0.9999997615814209|NORM=2.442044433337287e-07
ยังไง	NORM=0.994217038154602|O=0.005782943684607744
_	O=0.9999995231628418|NORM=4.242804720888671e-07
คำ	O=0.9999997615814209|NORM=2.5984522267208376e-07
พื้นฐาน	O=0.9999997615814209|NORM=2.356662491820316e-07
...	O=0.9999994039535522|NORM=5.627828727483575e-07
บลา	O=0.9999908208847046|NORM=9.233776836481411e-06
บลา	O=0.9996845722198486|NORM=0.00031543601653538644
'	O=0.9999994039535522|NORM=5.597452741312736e-07
_	O=0.9999996423721313|NORM=3.610425665101502e-07
-	O=0.9999996423721313|NORM=3.393328142919927e-07
_	O=0.9999996423721313|NORM=2.834242138760601e-07
ค่อยๆ	O=0.9999977350234985|NORM=2.3001578028924996e-06
เป็น	O=0.9999990463256836|NORM=9.667460290074814e-07
ค่อยๆ	O=0.999937891960144|NORM=6.212640437297523e-05
ไป	O=0.9999994039535522|NORM=5.744462328038935e-07
เนอะ	O=0.9563710689544678|NORM=0.04362887144088745
_	O=0.9999996423721313|NORM=3.4860480013776396e-07
ละ	O=0.9994151592254639|NORM=0.0005848025903105736
ทาง	O=0.9999997615814209|NORM=2.64747939127119e-07
ที่	O=0.9999995231628418|NORM=4.351699942617415e-07
ดี	O=0.9999985694885254|NORM=1.4339282188302604e-06
_	O=0.9999995231628418|NORM=4.314035777497338e-07
ตัก	O=0.9999985694885254|NORM=1.417142698301177e-06
เตือน	O=0.9999995231628418|NORM=4.946622880197538e-07
หลังไมค์	O=0.9999939203262329|NORM=6.059507541067433e-06
เถอะ	O=0.9999963045120239|NORM=3.7019817682448775e-06

ใคร	O=0.9999996423721313|NORM=3.911862336281047e-07
ที่	O=0.9999992847442627|NORM=7.095811156432319e-07
ไม่	O=0.9999992847442627|NORM=6.929189453330764e-07
รู้	O=0.9999994039535522|NORM=5.870596737622691e-07
จะ	O=0.9999996423721313|NORM=3.1852997040004993e-07
รู้สึก	O=0.9999996423721313|NORM=3.317792618418025e-07
ยังไง	NORM=0.729430615901947|O=0.27056944370269775
_	O=0.9999995231628418|NORM=4.691096933129302e-07
มี	O=0.9999997615814209|NORM=2.3619274713837513e-07
มั้ย	NORM=0.9985520243644714|O=0.0014479499077424407
..	O=0.9999954700469971|NORM=4.491046638577245e-06
เรา	O=0.9999997615814209|NORM=2.2747687467017386e-07
เป็น	O=0.9999996423721313|NORM=2.980216891046439e-07
นะ	O=0.9999973773956299|NORM=2.665339252416743e-06
_	O=0.9999996423721313|NORM=3.33493233029003e-07
ดีใจ	O=0.9999996423721313|NORM=3.6516294699140417e-07
กับ	O=0.9999997615814209|NORM=2.760791062428325e-07
คามิ	O=0.9999953508377075|NORM=4.59548346043448e-06
ทั้ง	O=0.9999994039535522|NORM=5.635734510178736e-07
2	O=0.9999991655349731|NORM=8.383367458009161e-07
และ	O=0.9999984502792358|NORM=1.5732135807411396e-06
เจ้า	O=0.9999995231628418|NORM=4.2399409494464635e-07
ปัญ	O=0.9999903440475464|NORM=9.60448869591346e-06
จริงๆ	NORM=0.9998611211776733|O=0.00013885946827940643
นะ	O=0.9999990463256836|NORM=9.918393288899097e-07
แต่	O=0.9999991655349731|NORM=8.550532584195025e-07
เรา	O=0.9999997615814209|NORM=2.7229106080994825e-07
ก็	O=0.9999997615814209|NORM=2.49967001764162e-07
สงสาร	O=0.9999984502792358|NORM=1.5040010339362198e-06
คุณอ๊บ	O=0.9999227523803711|NORM=7.721065048826858e-05
เจ้า	O=0.9999994039535522|NORM=5.659071575792041e-07
มายด์	O=0.9999697208404541|NORM=3.0214916478144005e-05
_	O=0.9999996423721313|NORM=3.505327015318471e-07
ตอน	O=0.9999997615814209|NORM=1.8925808831227187e-07
ดู	O=0.9999997615814209|NORM=2.714781999202387e-07
คลิป	O=0.9999994039535522|NORM=5.236126980889821e-07
ประกาศ	O=0.9999991655349731|NORM=8.471113233099459e-07
เซม	O=0.9999679327011108|NORM=3.204298991477117e-05
คิมิวะ	O=0.9999947547912598|NORM=5.2714135563292075e-06
_	O=0.9999996423721313|NORM=3.6744759768225776e-07
เรา	O=0.9999997615814209|NORM=1.8974277793404326e-07
ดู	O=0.9999997615814209|NORM=2.8424148013073136e-07
ไป	O=0.9999996423721313|NORM=3.039341436306131e-07
ร้อง	O=0.9999997615814209|NORM=2.4697186518096714e-07
ไป	O=0.9999996423721313|NORM=3.831625861039356e-07
10	O=0.9999995231628418|NORM=4.194494351850153e-07
กว่า	O=0.9999865293502808|NORM=1.341527695331024e-05
รอบ	O=0.9999986886978149|NORM=1.3382951919993502e-06
_	O=0.9999995231628418|NORM=4.012718193280307e-07
แต่	O=0.9999997615814209|NORM=2.677703889730765e-07
ยังไง	NORM=0.9647375345230103|O=0.03526249900460243
อะ	O=0.9998557567596436|NORM=0.000144218050991185
จะ	O=0.9999997615814209|NORM=2.002126961997419e-07
มา	O=0.9999997615814209|NORM=2.3926264702822664e-07
เร็ว	O=0.9999991655349731|NORM=8.120487677842902e-07
ไป	O=0.9999979734420776|NORM=2.03997205971973e-06
เร็ว	O=0.9999995231628418|NORM=5.129751912136271e-07
แบบ	O=0.9999977350234985|NORM=2.262364432681352e-06
นี้	O=0.9999988079071045|NORM=1.2131399671488907e-06
งั้น	NORM=0.8576982617378235|O=0.1423017829656601
เหรอ	O=0.9999982118606567|NORM=1.7611861267141649e-06
_	O=0.9999996423721313|NORM=3.287433685272845e-07
เรา	O=0.9999997615814209|NORM=1.8976484739141597e-07
ไม่	O=0.9999997615814209|NORM=2.0114416088290454e-07
ใช่	O=0.9999996423721313|NORM=3.9019403175188927e-07
คน	O=0.9999996423721313|NORM=3.6572475892171497e-07
ที่	O=0.9999997615814209|NORM=1.9870957146395085e-07
จะ	O=0.9999997615814209|NORM=1.9777412774146796e-07
เปย์	O=0.999990701675415|NORM=9.292752110923175e-06
ให้	O=0.9999997615814209|NORM=2.509549119622534e-07
แค่	O=0.9999997615814209|NORM=2.718349492170091e-07
คน	O=0.9999996423721313|NORM=3.481908095182007e-07
เดียว	O=0.9999994039535522|NORM=5.724124321204727e-07
ได้	O=0.9999997615814209|NORM=2.612105163279921e-07
อะ	O=0.9998399019241333|NORM=0.00016011882689781487
_	O=0.9999996423721313|NORM=3.83902204248443e-07
มัน	O=0.9999997615814209|NORM=2.3792880199380306e-07
เป็นห่วง	O=0.9999995231628418|NORM=5.318305511536892e-07
ทุกๆ	NORM=0.9945693016052246|O=0.005422396119683981
คน	O=0.9999991655349731|NORM=8.297971021420381e-07
ไป	O=0.9999994039535522|NORM=6.429542622754525e-07
หมด	O=0.999998927116394|NORM=1.0298526831320487e-06
_	O=0.9999995231628418|NORM=4.0130626643986034e-07
#BNK48	O=0.9999992847442627|NORM=6.904176643729443e-07
_	O=0.9999995231628418|NORM=3.9748593394506315e-07
#BNK485thSingle	O=0.9999995231628418|NORM=5.051310836279299e-07

ไม่	O=0.9999997615814209|NORM=2.4072264181995706e-07
มี	O=0.9999995231628418|NORM=4.1903123815245635e-07
ไร	NORM=0.9976951479911804|O=0.0023048005532473326
มาก	O=0.9999996423721313|NORM=3.951321616568748e-07
ค่ะ	O=0.9999991655349731|NORM=8.149550012603868e-07
วันนี้	O=0.9999997615814209|NORM=2.4224581807175127e-07
มี	O=0.9999998807907104|NORM=1.7455272427469026e-07
บอยแบนด์	O=0.9998124241828918|NORM=0.00018742476822808385
มา	O=0.9999997615814209|NORM=2.2772347563204676e-07
แนะนำ	O=0.9999997615814209|NORM=2.83930432942725e-07
_	O=0.9999996423721313|NORM=2.711542208544415e-07
ชื่อ	O=0.9999998807907104|NORM=1.6496069576987793e-07
วง	O=0.9999994039535522|NORM=5.966514891042607e-07
ว่า	O=0.9999997615814209|NORM=1.8827229553153302e-07
_	O=0.9999997615814209|NORM=1.8693116032864054e-07
My	O=0.9999997615814209|NORM=1.9129643646920158e-07
_	O=0.9999997615814209|NORM=1.8446111482717242e-07
Husband	O=0.9999997615814209|NORM=2.383714559073269e-07
_	O=0.9999997615814209|NORM=2.2943818578369246e-07
ติดตาม	O=0.9999997615814209|NORM=2.025211784939529e-07
ชม	O=0.9999997615814209|NORM=2.6316507728552097e-07
ได้	O=0.9999997615814209|NORM=1.76963808939945e-07
พรุ่งนี้	O=0.9999997615814209|NORM=2.9219421548987157e-07
ของ	O=0.9999990463256836|NORM=9.317841431766283e-07
พรุ่งนี้	O=0.9999996423721313|NORM=3.0537347583958763e-07
_	O=0.9999997615814209|NORM=2.4072676296782447e-07
อาจ	O=0.9999997615814209|NORM=1.8315763838927523e-07
มี	O=0.9999997615814209|NORM=1.7468573787482455e-07
การเพิ่ม	O=0.9999996423721313|NORM=3.013176410604501e-07
สมาชิก	O=0.9999996423721313|NORM=3.3839432944660075e-07
(	O=0.9999996423721313|NORM=3.8999647244963853e-07
ส่ง	O=0.9999997615814209|NORM=1.9297061726319953e-07
เด็กในสังกัด	O=0.9999983310699463|NORM=1.704227088339394e-06
มา	O=0.9999997615814209|NORM=2.388766517924523e-07
ออ	O=0.9991808533668518|NORM=0.0008190781809389591
ได้	O=0.9999997615814209|NORM=1.8324620043586037e-07
นะ	O=0.9999996423721313|NORM=3.802428238941502e-07
คะ	O=0.9999990463256836|NORM=9.37896516006731e-07
)	O=0.9999996423721313|NORM=3.517882305459352e-07
....	O=0.9999994039535522|NORM=5.460763077280717e-07
_	O=0.9999997615814209|NORM=2.2653493658708612e-07
>	O=0.9999997615814209|NORM=1.9119337935080694e-07
_	O=0.9999997615814209|NORM=2.178704363586803e-07
อย่า	O=0.9999997615814209|NORM=1.8486723263322347e-07
ปลุกกก	NORM=0.9999837875366211|O=1.6083542504929937e-05
_	O=0.9999996423721313|NORM=2.901769562413392e-07
กำลังง	NORM=0.9999245405197144|O=7.547077257186174e-05
ไหลลล	NORM=0.9999221563339233|O=7.785960042383522e-05
_	O=0.9999996423721313|NORM=2.7537882374417677e-07
555+	O=0.9999996423721313|NORM=3.9171635535240057e-07
_	O=0.9999997615814209|NORM=2.571441370946559e-07
.	O=0.9999995231628418|NORM=5.195042831473984e-07
_	O=0.9999997615814209|NORM=1.999333676394599e-07
ปล.	NORM=0.9977276921272278|O=0.0022723297588527203
ทำ	O=0.9999998807907104|NORM=1.483755198705694e-07
สนอง	O=0.999997615814209|NORM=2.3424927348969504e-06
ความต้องการ	O=0.9999996423721313|NORM=3.352860744598729e-07
ตัวเอง	O=0.9999997615814209|NORM=1.7973944466120884e-07
เฉยๆ	NORM=0.8639869093894958|O=0.13601310551166534
_	O=0.9999996423721313|NORM=3.6004442449666385e-07
ค่ะ	O=0.9999996423721313|NORM=3.762431788345566e-07
_	O=0.9999997615814209|NORM=2.3311309860218898e-07
555+	O=0.9999995231628418|NORM=4.3240402192168403e-07
_	O=0.9999997615814209|NORM=2.04846671181258e-07
#CakeBNK48	O=0.9999997615814209|NORM=2.569333332758106e-07
_	O=0.9999997615814209|NORM=2.414051891719282e-07
#PunBNK48	O=0.9999997615814209|NORM=2.807210535138438e-07
_	O=0.9999997615814209|NORM=2.294917891276782e-07
#NamneungBNK48	O=0.9999996423721313|NORM=3.093570057899342e-07
_	O=0.9999996423721313|NORM=2.7278696279608994e-07
#BNK48	O=0.9999988079071045|NORM=1.187942302749434e-06
_	O=0.9999983310699463|NORM=1.4142140116746305e-06
#พื้นที่หวีด	O=0.9999957084655762|NORM=4.299522515793797e-06
เพียงวรี	O=0.9999594688415527|NORM=4.048516711918637e-05

หรือ	O=0.9999985694885254|NORM=1.3866732615497313e-06
เธอ	O=0.9999996423721313|NORM=3.5875703474630427e-07
แค่	O=0.9999996423721313|NORM=3.5093142969344626e-07
ผู้หญิง	O=0.999997615814209|NORM=2.375214535277337e-06
โกหก	O=0.9999948740005493|NORM=5.120824425830506e-06
เรียก	O=0.9999996423721313|NORM=2.998797015152377e-07
ความสนใจ	O=0.9999994039535522|NORM=5.972993903924362e-07
ให้	O=0.9999997615814209|NORM=2.1081714862702938e-07
ติดตาม	O=0.999998927116394|NORM=1.0292076240148162e-06
ให้	O=0.9999997615814209|NORM=2.7775979560829e-07
ดู	O=0.9999996423721313|NORM=3.6417944215827447e-07
เธอ	O=0.9999996423721313|NORM=3.0121623240120243e-07
ซื้อ	O=0.9999997615814209|NORM=2.816754829382262e-07
ของ	O=0.9999997615814209|NORM=2.0712838022518554e-07
เธอ	O=0.9999997615814209|NORM=2.247034416313909e-07
ซื้อ	O=0.9999997615814209|NORM=2.2973858904151712e-07
อะไร	O=0.999998927116394|NORM=1.0922391311396495e-06
จาก	O=0.9999996423721313|NORM=3.993340840224846e-07
เธอ	O=0.9999996423721313|NORM=3.434379038935731e-07
ที่	O=0.9999997615814209|NORM=2.2980322000876185e-07
เธอ	O=0.9999997615814209|NORM=2.4580896251791273e-07
ขาย	O=0.9999997615814209|NORM=2.8914169547533675e-07
นะ	O=0.9999996423721313|NORM=3.8244488109739905e-07
โปรโมท	NORM=0.9997913241386414|O=0.00020873417088296264
โฆษณา	O=0.9999994039535522|NORM=6.493809223684366e-07
อยู่	O=0.9999997615814209|NORM=2.3507948299084092e-07
และ	O=0.9999994039535522|NORM=6.373736027853738e-07
เธอ	O=0.9999996423721313|NORM=3.103909875790123e-07
ไม่	O=0.9999996423721313|NORM=3.309045837340818e-07
รู้	O=0.9999994039535522|NORM=5.39764243967511e-07
จะ	O=0.9999997615814209|NORM=2.7792006562776805e-07
หา	O=0.9999996423721313|NORM=3.35345248458907e-07
แคปชั่น	NORM=0.9997685551643372|O=0.0002315049059689045
อะไร	O=0.9999994039535522|NORM=5.902010116187739e-07
ให้	O=0.9999997615814209|NORM=2.435581052395719e-07
คน	O=0.9999991655349731|NORM=7.758399078738876e-07
ติดตาม	O=0.9999995231628418|NORM=5.021598781240755e-07
ดู	O=0.9999996423721313|NORM=3.1870618499851844e-07
สนใจ	O=0.9999995231628418|NORM=4.997158384867362e-07
และ	O=0.9999985694885254|NORM=1.3610513178718975e-06
ซื้อ	O=0.9999996423721313|NORM=3.153664636101894e-07
ของ	O=0.9999997615814209|NORM=2.9176374027883867e-07
และ	O=0.9999972581863403|NORM=2.7010712528863223e-06
ใช้	O=0.9999995231628418|NORM=4.898929546470754e-07
บริการ	O=0.9999747276306152|NORM=2.5242072297260165e-05
สินค้า	O=0.9999991655349731|NORM=7.986209311638959e-07
โฆษณา	O=0.9999985694885254|NORM=1.3749350955549744e-06
ที่	O=0.9999997615814209|NORM=2.5768937916836876e-07
เธอ	O=0.9999997615814209|NORM=2.6980953293787024e-07
โปรโมท	NORM=0.9996957778930664|O=0.0003042380267288536
อยู่	O=0.9999997615814209|NORM=2.493008821602416e-07
_	O=0.9999995231628418|NORM=4.486849718432495e-07
รัก	O=0.9999994039535522|NORM=6.053992365195882e-07
นะ	O=0.9999995231628418|NORM=4.7015458903842955e-07
_	O=0.9999995231628418|NORM=4.176468451078108e-07
คิดถึง	O=0.9999982118606567|NORM=1.755966991368041e-06
นะ	O=0.9999995231628418|NORM=4.2009315848190454e-07
_	O=0.9999996423721313|NORM=3.662112817437446e-07
จุ๊บ	O=0.99996018409729|NORM=3.981452391599305e-05
นะ	O=0.9999995231628418|NORM=4.307605934172898e-07
_	O=0.9999995231628418|NORM=4.011111514046206e-07
เหงา	O=0.9999988079071045|NORM=1.2087700724805472e-06
_	O=0.9999996423721313|NORM=3.866376232508628e-07
โสด	O=0.9999964237213135|NORM=3.604230641940376e-06
_	O=0.9999996423721313|NORM=3.81573812546776e-07
ไม่	O=0.9999997615814209|NORM=2.7269098268334346e-07
มี	O=0.9999996423721313|NORM=3.8714310335308255e-07
แฟน	O=0.9999988079071045|NORM=1.1313102277199505e-06
_	O=0.9999996423721313|NORM=3.5648497487272834e-07
ไม่	O=0.9999997615814209|NORM=2.527553419895412e-07
มี	O=0.9999996423721313|NORM=3.61888197630833e-07
คนรัก	O=0.9999984502792358|NORM=1.5375221664726269e-06
_	O=0.9999996423721313|NORM=3.6382326129569265e-07
รัก	O=0.9999990463256836|NORM=9.299837415710499e-07
แรก	O=0.9999990463256836|NORM=9.680949233370484e-07
อยู่	O=0.9999994039535522|NORM=6.364303430927976e-07
ที่	O=0.9999996423721313|NORM=3.316258414542972e-07
ไหน	O=0.9999991655349731|NORM=8.387750085603329e-07
ทั้ง	O=0.9999996423721313|NORM=3.79543564577034e-07
หมด	O=0.9999991655349731|NORM=7.986902801349061e-07
นี้	O=0.9998563528060913|NORM=0.00014358754560817033
จริง	O=0.9999984502792358|NORM=1.586956273058604e-06
ปะ	O=0.8346144556999207|NORM=0.1653854250907898

อะ	O=0.9999822378158569|NORM=1.7705204300000332e-05
ผม	O=0.9999996423721313|NORM=3.529859498030419e-07
ตาม	O=0.9999996423721313|NORM=3.182651937549963e-07
ไม่	O=0.9999996423721313|NORM=3.7127585983398603e-07
ทัน	O=0.9999986886978149|NORM=1.3577714526036289e-06
หรอก	O=0.9999992847442627|NORM=6.961897724977462e-07
ใคร	O=0.9999996423721313|NORM=3.063404108161194e-07
จะ	O=0.9999997615814209|NORM=2.5245421397812606e-07
เล่น	O=0.9999997615814209|NORM=2.641109233536554e-07
เป็น	O=0.9999996423721313|NORM=3.0726263844371715e-07
มุก	O=0.9999901056289673|NORM=9.923484867613297e-06
ใคร	O=0.9999996423721313|NORM=3.315888363886188e-07
จะ	O=0.9999997615814209|NORM=2.7674155944623635e-07
จริงจัง	O=0.9999983310699463|NORM=1.6692556528141722e-06
_	O=0.999998927116394|NORM=1.050323930940067e-06
เฮ้อ	O=0.9999723434448242|NORM=2.7674846933223307e-05
_	O=0.9999984502792358|NORM=1.582229288032977e-06
55555555555555	O=0.9986487030982971|NORM=0.0013513060985133052
_	O=0.9999990463256836|NORM=8.718826052245277e-07
ผม	O=0.9999996423721313|NORM=3.125057901343098e-07
อะ	O=0.9999991655349731|NORM=8.790294145910593e-07
ขก.	NORM=0.999568521976471|O=0.00043146859388798475
มากๆ	NORM=0.9997473359107971|O=0.00025199356605298817
เมื่อ	O=0.9999995231628418|NORM=4.129271928832168e-07
ก่อน	O=0.9999996423721313|NORM=3.669115073989815e-07
เคย	O=0.9999992847442627|NORM=6.668879564131203e-07
เล่น	O=0.9999995231628418|NORM=5.180991706765781e-07
ยู	O=0.9999896287918091|NORM=1.0390310308139306e-05
ก็	O=0.9999996423721313|NORM=3.586000332234107e-07
คือ	O=0.9999996423721313|NORM=3.232598544400389e-07
ไม่	O=0.9999997615814209|NORM=2.6686257115215994e-07
ทำ	O=0.9999997615814209|NORM=2.329459789507382e-07
กิจ	O=0.9999994039535522|NORM=6.420259524020366e-07
คน	O=0.9999996423721313|NORM=3.2160278351511806e-07
เดียว	O=0.9999995231628418|NORM=5.294465381666669e-07
ใน	O=0.9999995231628418|NORM=4.865030405198922e-07
นั้น	O=0.9999980926513672|NORM=1.9575143141992157e-06
อะ	O=0.9999594688415527|NORM=4.0521164919482544e-05
_	O=0.9999996423721313|NORM=4.016447974208859e-07
แต่	O=0.9999997615814209|NORM=2.771363938336435e-07
เค้า	NORM=0.9997609257698059|O=0.00023896555649116635
เข้าใจ	O=0.9999996423721313|NORM=3.001274535563425e-07
กัน	O=0.9999996423721313|NORM=3.761814753033832e-07
หมด	O=0.9999996423721313|NORM=3.3540248978169984e-07
_	O=0.9999994039535522|NORM=6.022206662237295e-07
เฮ้อ	O=0.9999901056289673|NORM=9.940392374119256e-06
_	O=0.9999994039535522|NORM=5.723349545405654e-07
นิสัย	O=0.9999991655349731|NORM=8.188097240235948e-07
เสีย	O=0.9999995231628418|NORM=4.945066507389129e-07
สุดยอด	O=0.9999842643737793|NORM=1.5732521205791272e-05
_	O=0.9999995231628418|NORM=4.2761914187394723e-07
ผม	O=0.9999996423721313|NORM=3.216478603462747e-07
เคย	O=0.9999995231628418|NORM=5.287310500534659e-07
แต่	O=0.9999970197677612|NORM=2.9534533041442046e-06
เช่า	O=0.9999994039535522|NORM=5.78134518036677e-07
หนังสือ	O=0.9999995231628418|NORM=4.6717340751456504e-07
การ์ตูน	O=0.9999984502792358|NORM=1.5468717720068526e-06
แหละ	O=0.9999994039535522|NORM=5.879925879526127e-07
_	O=0.9999994039535522|NORM=6.205542604220682e-07
แต่	O=0.9999997615814209|NORM=2.742963545188104e-07
เพื่อน	O=0.9999995231628418|NORM=4.81500478599628e-07
ผม	O=0.9999997615814209|NORM=2.7576598427003773e-07
เช่า	O=0.9999988079071045|NORM=1.230166049026593e-06
หนัง	O=0.9999995231628418|NORM=4.280316545646201e-07
หนะ	NORM=0.9999294281005859|O=7.053049193928018e-05
_	O=0.9999994039535522|NORM=6.175181397338747e-07
แต่	O=0.9999997615814209|NORM=2.5793821123443195e-07
ผม	O=0.9999996423721313|NORM=3.288691061698046e-07
มัน	O=0.9999996423721313|NORM=3.08813724814172e-07
สาย	O=0.9999995231628418|NORM=5.248195975582348e-07
ออนไลน์	O=0.9999978542327881|NORM=2.1610169369523646e-06
_	O=0.9999994039535522|NORM=5.587382929661544e-07
ไม่	O=0.9999997615814209|NORM=2.6601236413625884e-07
ค่อย	O=0.9999991655349731|NORM=8.367559871658159e-07
เลย	O=0.9999995231628418|NORM=4.3535388272175624e-07
ค้าบ	NORM=0.9999697208404541|O=3.0105102268862538e-05
_	O=0.9999991655349731|NORM=7.85447298312647e-07
แต่	O=0.9999996423721313|NORM=3.138833335469826e-07
นี่	O=0.9999988079071045|NORM=1.1792880059147137e-06
อ่าน	O=0.9999996423721313|NORM=3.481409862615692e-07
นิยาย	O=0.9999986886978149|NORM=1.2558963362607756e-06
วาย	O=0.9998311996459961|NORM=0.00016873833374120295
อยู่	O=0.9999979734420776|NORM=2.072221604976221e-06
ครับ	O=0.9999724626541138|NORM=2.7570165912038647e-05
!	O=0.9999948740005493|NORM=5.052200322097633e-06

สรุป	O=0.9999996423721313|NORM=3.924795350940258e-07
ที่	O=0.9999997615814209|NORM=2.234863529793074e-07
อ่าน	O=0.9999996423721313|NORM=3.158826871185738e-07
ทวิต	O=0.9429373145103455|NORM=0.057062674313783646
และ	O=0.999935507774353|NORM=6.448548083426431e-05
คอมเม้น	NORM=0.9992541670799255|O=0.0007458416512235999
ใน	O=0.9999992847442627|NORM=6.661207976321748e-07
ยูทูป	O=0.9986189603805542|NORM=0.0013810568489134312
มา	O=0.9999997615814209|NORM=2.8033716148456733e-07
ทั้งหมด	O=0.9999995231628418|NORM=4.615866942003777e-07
_	O=0.9999997615814209|NORM=2.4475002646795474e-07
เอา	O=0.9999998807907104|NORM=1.5655102458822512e-07
_	O=0.9999997615814209|NORM=2.5858844310278073e-07
MV	O=0.9999994039535522|NORM=5.378814762480033e-07
_	O=0.9999996423721313|NORM=3.385744946626801e-07
ออก	O=0.9999997615814209|NORM=1.955426967015228e-07
ไป	O=0.9999997615814209|NORM=2.5858275876089465e-07
แก้ไข	O=0.9999997615814209|NORM=2.8593774459295673e-07
ใหม่	O=0.9999997615814209|NORM=2.1538022565437132e-07
ก่อน	O=0.9999997615814209|NORM=2.0699764036180568e-07
เลย	O=0.9999997615814209|NORM=2.3341208077454212e-07
ดี	O=0.9999997615814209|NORM=1.8539441271059331e-07
กว่า	O=0.9999997615814209|NORM=2.6628447358234553e-07
นะ	O=0.9999997615814209|NORM=2.822084184117557e-07
ปรับ	O=0.9999997615814209|NORM=1.9669295170388068e-07
รายละเอียด	O=0.9999996423721313|NORM=3.360999016877031e-07
บาง	O=0.9999997615814209|NORM=1.9812259210993943e-07
จุด	O=0.9999996423721313|NORM=2.956390119379648e-07
_	O=0.9999997615814209|NORM=2.3607023535987537e-07
และ	O=0.9999996423721313|NORM=3.6690903471026104e-07
แก้	O=0.9999997615814209|NORM=2.6521493623477e-07
เรื่อง	O=0.9999997615814209|NORM=2.0693349256362126e-07
เสียง	O=0.9999997615814209|NORM=2.722204328620137e-07
ไม่	O=0.9999997615814209|NORM=2.325517556300838e-07
ตรง	O=0.9999997615814209|NORM=2.549817565977719e-07
_	O=0.9999996423721313|NORM=2.998299066803156e-07
และ	O=0.9999996423721313|NORM=2.911471881361649e-07
อาจ	O=0.9999997615814209|NORM=1.9613325719092245e-07
เพิ่ม	O=0.9999996423721313|NORM=3.125692842331773e-07
รายละเอียด	O=0.9999995231628418|NORM=4.125764689888456e-07
เล็กๆ	O=0.99988853931427|NORM=0.00011145821190439165
น้อยๆ	NORM=0.9576075673103333|O=0.04239246994256973
เช่น	O=0.9999994039535522|NORM=5.176624995328893e-07
เงา	O=0.9999994039535522|NORM=6.121221076682559e-07
และ	O=0.9999992847442627|NORM=6.826331286902132e-07
เอ็ฟเฟ็ค	O=0.991750180721283|NORM=0.008249827660620213
_	O=0.9999997615814209|NORM=2.581264482159895e-07
ไหนๆ	NORM=0.9875993728637695|O=0.012400615960359573
ก็	O=0.9999996423721313|NORM=3.5744773185797385e-07
โดน	O=0.9999996423721313|NORM=3.398701551304839e-07
แช่แข็ง	O=0.9999995231628418|NORM=4.270461602118303e-07
แล้ว	O=0.9999997615814209|NORM=2.6971923716700985e-07
เอา	O=0.9999997615814209|NORM=2.065401645268139e-07
ออก	O=0.9999997615814209|NORM=2.2686896272716695e-07
ไป	O=0.9999996423721313|NORM=3.240602381993085e-07
แก้	O=0.9999996423721313|NORM=3.043982417239022e-07
เลย	O=0.9999997615814209|NORM=2.5730506081345084e-07
_	O=0.9999997615814209|NORM=2.6679182951738767e-07
ถ้า	O=0.9999997615814209|NORM=1.7191173640185298e-07
ดี	O=0.9999997615814209|NORM=2.0310024240188795e-07
ขึ้น	O=0.9999997615814209|NORM=2.469730304710538e-07
ก็	O=0.9999997615814209|NORM=2.087660249117107e-07
น่า	O=0.9999996423721313|NORM=3.740486249625974e-07
จะ	O=0.9999997615814209|NORM=2.3421772255005635e-07
ยอมรับ	O=0.9999997615814209|NORM=2.3507790558596753e-07
กัน	O=0.9999996423721313|NORM=3.2775321301414806e-07
ได้	O=0.9999997615814209|NORM=2.1196505883835925e-07
_	O=0.9999996423721313|NORM=3.7875318525948387e-07
หรือ	O=0.9999997615814209|NORM=2.2913641828381515e-07
ต้อง	O=0.9999997615814209|NORM=1.9103735837688873e-07
ทุ่ม	O=0.9999997615814209|NORM=2.5189220309584925e-07
เวลา	O=0.9999997615814209|NORM=2.560524876571435e-07
ที่	O=0.9999996423721313|NORM=3.1231064667736064e-07
เหลือ	O=0.9999996423721313|NORM=3.423205612307356e-07
ให้	O=0.9999997615814209|NORM=2.5439493356316234e-07
งาน	O=0.9999997615814209|NORM=2.6139764486288186e-07
อื่น	O=0.9999995231628418|NORM=4.2722581383713987e-07
นะ	O=0.9999996423721313|NORM=3.4794481962308055e-07
_	O=0.9999996423721313|NORM=2.8369788651616545e-07
#bnk48	O=0.9999995231628418|NORM=5.092560400044022e-07

5	O=0.9999985694885254|NORM=1.3818705610901816e-06
)	O=0.9999988079071045|NORM=1.1534571058291476e-06
ซึ่ง	O=0.9999996423721313|NORM=3.696993076118815e-07
สมมติ	O=0.999998927116394|NORM=1.036897970152495e-06
_	O=0.9999991655349731|NORM=7.619404414072051e-07
แม้ว่า	O=0.9999996423721313|NORM=4.004423033165949e-07
อาจ	O=0.9999996423721313|NORM=3.4452139630047895e-07
จะ	O=0.9999997615814209|NORM=2.3346373723143188e-07
ทำ	O=0.9999997615814209|NORM=1.8632513842931075e-07
สำเร็จ	O=0.9999997615814209|NORM=2.497870639217581e-07
จริง	O=0.9999996423721313|NORM=3.7157903420848015e-07
_	O=0.9999996423721313|NORM=3.372374521859456e-07
ประเทศ	O=0.9999997615814209|NORM=2.3440966856469458e-07
ไทย	O=0.9999990463256836|NORM=9.303243473368639e-07
มี	O=0.9999997615814209|NORM=2.264763878656595e-07
การปกครอง	O=0.9999995231628418|NORM=4.3973270180686086e-07
เหมือน	O=0.9999996423721313|NORM=3.842189926217543e-07
เมือง	O=0.9999995231628418|NORM=4.99913141993602e-07
นอก	O=0.9999995231628418|NORM=5.095319579595525e-07
เป๊ะๆ	O=0.9438640475273132|NORM=0.05613590404391289
_	O=0.9999995231628418|NORM=4.90697630084469e-07
แต่	O=0.9999996423721313|NORM=2.9997323736097314e-07
ก็	O=0.9999996423721313|NORM=3.1554759516438935e-07
อาจจะ	O=0.9999995231628418|NORM=4.30329862410872e-07
ไม่	O=0.9999997615814209|NORM=2.3670371263051493e-07
ได้	O=0.9999997615814209|NORM=2.5474258791291504e-07
รับ	O=0.9999997615814209|NORM=1.77546169766174e-07
ผล	O=0.9999997615814209|NORM=2.0392258193169255e-07
ที่	O=0.9999997615814209|NORM=2.7926711254622205e-07
ดี	O=0.9999996423721313|NORM=3.0203719347809965e-07
เหมือน	O=0.9999995231628418|NORM=4.6390402985707624e-07
กับ	O=0.9999996423721313|NORM=3.8547347003259347e-07
เขา	O=0.9999996423721313|NORM=3.381004773927998e-07
ก็ได้	O=0.9999995231628418|NORM=4.4901713636136265e-07
_	O=0.9999995231628418|NORM=4.2085184759343974e-07
มัน	O=0.9999996423721313|NORM=3.090320603860164e-07
เป็น	O=0.9999996423721313|NORM=2.8704477017527097e-07
แค่	O=0.9999994039535522|NORM=6.148649163151276e-07
การคาดหวัง	O=0.999998927116394|NORM=1.0204300906480057e-06
การคาดคะเน	O=0.9999936819076538|NORM=6.3139059420791455e-06
_	O=0.9999990463256836|NORM=8.766876931076695e-07
ดี	O=0.9999996423721313|NORM=3.748807273495913e-07
ไม่	O=0.9999995231628418|NORM=4.5162178707869316e-07
ดี	O=0.9999996423721313|NORM=3.521604696743452e-07
อาจจะ	O=0.9999990463256836|NORM=9.596794825483812e-07
แย่	O=0.9999997615814209|NORM=2.9090409725540667e-07
กว่า	O=0.9999995231628418|NORM=4.928756993649586e-07
เดิม	O=0.9999994039535522|NORM=6.364194291563763e-07
ก็ได้	O=0.9999990463256836|NORM=9.222776498063467e-07
_	O=0.9999994039535522|NORM=5.447520265988715e-07
ส่วนตัว	O=0.9999996423721313|NORM=3.828985200016177e-07
เอง	O=0.9999997615814209|NORM=2.7432986371422885e-07
_	O=0.9999992847442627|NORM=6.284861342464865e-07
ก็	O=0.9999997615814209|NORM=2.542140293826378e-07
คิด	O=0.9999997615814209|NORM=2.894733199809707e-07
ว่า	O=0.9999997615814209|NORM=2.4115507812894066e-07
_	O=0.9999995231628418|NORM=3.96120583445736e-07
สถาบัน	O=0.9999995231628418|NORM=4.776932769345876e-07
ศาสนา	O=0.9999997615814209|NORM=2.9113974164829415e-07
_	O=0.9999992847442627|NORM=6.854852472315542e-07
กับ	O=0.9999997615814209|NORM=2.5284094817834557e-07
_	O=0.9999995231628418|NORM=4.184429940323753e-07
พระมหากษัตริย์	O=0.9999986886978149|NORM=1.303444378208951e-06
_	O=0.9999994039535522|NORM=5.525022288566106e-07
เหมาะ	O=0.9999997615814209|NORM=2.87319807057429e-07
กับ	O=0.9999997615814209|NORM=2.5250722046621377e-07
คน	O=0.9999996423721313|NORM=3.8172959193616407e-07
ไทย	O=0.9999994039535522|NORM=6.113957056186337e-07
อยู่	O=0.9999997615814209|NORM=1.7746525315942563e-07
แล้ว	O=0.9999997615814209|NORM=2.3229951295888895e-07
_	O=0.9999995231628418|NORM=4.4947685751139943e-07
โดย	O=0.9999997615814209|NORM=2.787820108096639e-07
เฉพาะ	O=0.9999995231628418|NORM=5.212297651269182e-07
อย่าง	O=0.9999967813491821|NORM=3.1629886052542133e-06
ยิ่ง	O=0.999997615814209|NORM=2.3340060124610318e-06
ศาสนา	O=0.9999995231628418|NORM=4.2698547986219637e-07
พุทธ	O=0.9999994039535522|NORM=6.318263672255853e-07

อี	O=0.9999984502792358|NORM=1.5764622958158725e-06
ปารีส	O=0.9999428987503052|NORM=5.709920515073463e-05
อะ	O=0.9999982118606567|NORM=1.8404956563244923e-06
โยง	O=0.9999983310699463|NORM=1.718428961794416e-06
กัน	O=0.9999995231628418|NORM=4.231437742419075e-07
เก่ง	O=0.9999996423721313|NORM=3.814490128206671e-07
จัง	O=0.9999995231628418|NORM=5.085950078864698e-07
นะ	O=0.9999994039535522|NORM=5.581492814599187e-07
_	O=0.9999996423721313|NORM=3.629063485277584e-07
ด้อม	O=0.9999978542327881|NORM=2.1281507542880718e-06
ที่	O=0.9999997615814209|NORM=2.2039573366328113e-07
มา	O=0.9999996423721313|NORM=3.5529163255887397e-07
โยง	O=0.9999991655349731|NORM=7.746910455352918e-07
ก็	O=0.9999996423721313|NORM=3.2487932344338333e-07
มา	O=0.9999996423721313|NORM=3.469570799552457e-07
ใช่	O=0.9999980926513672|NORM=1.9244698705733754e-06
ด้อม	O=0.9999955892562866|NORM=4.465222446015105e-06
ที่	O=0.9999997615814209|NORM=2.4623787453492696e-07
เป็น	O=0.9999996423721313|NORM=3.3590475823075394e-07
ข่าว	O=0.9999991655349731|NORM=8.908240829441638e-07
ด้วย	O=0.9999997615814209|NORM=2.7290249704492453e-07
งง	O=0.9999991655349731|NORM=8.75260184329818e-07
ปะ	NORM=0.8665313720703125|O=0.1334686577320099
_	O=0.9999995231628418|NORM=4.4942154886484786e-07
อยาก	O=0.9999997615814209|NORM=2.557915763645724e-07
มี	O=0.9999996423721313|NORM=3.4122342640330316e-07
ซีน	O=0.9999988079071045|NORM=1.1759233302655048e-06
จน	O=0.9999996423721313|NORM=3.63465375130545e-07
ต้อง	O=0.9999996423721313|NORM=3.2036089692155656e-07
ไป	O=0.9999996423721313|NORM=3.635867358298128e-07
แคป	O=0.9982722997665405|NORM=0.0017276954604312778
รูป	O=0.9999982118606567|NORM=1.8020884908764856e-06
มา	O=0.9999994039535522|NORM=5.311497375259933e-07
เทียบ	O=0.9999991655349731|NORM=8.397146302741021e-07
ไทม์ไลน์	O=0.9999978542327881|NORM=2.1020573512942065e-06
กุ	NORM=0.9999352693557739|O=6.474841939052567e-05
ถาม	O=0.9999995231628418|NORM=4.3474523181430413e-07
จีง	NORM=0.99994957447052|O=5.038247036281973e-05
เป็น	O=0.9999996423721313|NORM=3.917776325579325e-07
ไร	O=0.9517159461975098|NORM=0.04828410595655441
มาก	O=0.9999995231628418|NORM=4.424720998486009e-07
ปะ	NORM=0.6097985506057739|O=0.39020150899887085
อี	O=0.9999983310699463|NORM=1.7068311990442453e-06
สัส	NORM=0.9997590184211731|O=0.00024086111807264388
_	O=0.9999995231628418|NORM=4.372670900920639e-07
ใส่ใจ	O=0.9999992847442627|NORM=6.921019917172089e-07
จีงๆ	NORM=0.9996861219406128|O=0.00031393536482937634
เรื่อง	O=0.9999996423721313|NORM=3.9758378989063203e-07
คน	O=0.9999996423721313|NORM=3.931340017970797e-07
อื่น	O=0.9999992847442627|NORM=6.783136541343993e-07
เนี่ย	O=0.8779776692390442|NORM=0.12202230840921402
_	O=0.9999994039535522|NORM=6.004022452543722e-07
ว่าง	O=0.9999996423721313|NORM=3.3704421298352827e-07
มาก	O=0.9999996423721313|NORM=4.07358214715714e-07
ก็	O=0.9999997615814209|NORM=2.747492828802933e-07
ไป	O=0.9999996423721313|NORM=3.05319616700217e-07
นั่ง	O=0.9999996423721313|NORM=2.9671627999050543e-07
สตรีม	O=0.9946054816246033|NORM=0.005394528619945049
เพลง	O=0.9999984502792358|NORM=1.5355321920651477e-06
_	O=0.9999994039535522|NORM=5.071665896139166e-07
ปั่น	O=0.9999994039535522|NORM=6.476714133896166e-07
วิว	O=0.999998927116394|NORM=1.1276156328676734e-06
บ้าง	O=0.9999995231628418|NORM=4.3028100549236115e-07
นะ	O=0.9999995231628418|NORM=4.3719160203181673e-07
_	O=0.9999996423721313|NORM=3.6434619232750265e-07
ไม่ก็	O=0.9991077780723572|NORM=0.0008921525441110134
หา	O=0.9999997615814209|NORM=2.6403185415802e-07
ความรู้	O=0.9999995231628418|NORM=5.257904831523774e-07
ใส่	O=0.9999994039535522|NORM=5.386874022406118e-07
สมอง	O=0.9999995231628418|NORM=5.087182444185601e-07
จะ	O=0.9999995231628418|NORM=5.127311055730388e-07
ได้	O=0.9999996423721313|NORM=3.1442891668120865e-07
ไม่	O=0.9999996423721313|NORM=3.4247270264131657e-07
มา	O=0.9999996423721313|NORM=3.423600674068439e-07
นั่ง	O=0.9999997615814209|NORM=2.4952922217380546e-07
โยง	O=0.9999959468841553|NORM=4.047380571137182e-06
ข่าว	O=0.999998927116394|NORM=1.121260993386386e-06
มั่วๆ	O=0.9999058246612549|NORM=9.420229616807774e-05
_	O=0.9999996423721313|NORM=2.771760136965895e-07
ผิดหวัง	O=0.9999995231628418|NORM=5.116047532283119e-07
กับ	O=0.9999995231628418|NORM=5.157093028174131e-07
ชาวเน็ต	O=0.9998389482498169|NORM=0.00016103997768368572
เกรด	O=0.9999970197677612|NORM=3.0357082323462237e-06
บี	O=0.9999985694885254|NORM=1.389112640026724e-06
_	O=0.9999995231628418|NORM=3.845386231660086e-07
#Dispatch	O=0.9999988079071045|NORM=1.2104634379284107e-06

ด้อม	O=0.9999910593032837|NORM=8.976355275081005e-06
นี้	O=0.9999991655349731|NORM=7.8695506999793e-07
ถ้า	O=0.9999997615814209|NORM=2.5857511332105787e-07
ส่ง	O=0.9999997615814209|NORM=2.0228779362696514e-07
ประกวด	O=0.9999992847442627|NORM=6.971418429202458e-07
การเล่า	O=0.9999992847442627|NORM=7.35017920305836e-07
นิทาน	O=0.9999972581863403|NORM=2.708303782128496e-06
คือ	O=0.9999996423721313|NORM=3.2827969675963686e-07
ได้	O=0.9999997615814209|NORM=2.2395062160285306e-07
อันดับ	O=0.9999996423721313|NORM=3.3485724770798697e-07
1	O=0.9999995231628418|NORM=4.3109551484121766e-07
อ่ะ	NORM=0.9967870712280273|O=0.0032129224855452776
ทายาท	O=0.9996199607849121|NORM=0.0003799627593252808
อิ	NORM=0.9874221086502075|O=0.01257791742682457
หม่อม	O=0.999993085861206|NORM=6.955871867830865e-06
เอิบ	O=0.9999986886978149|NORM=1.3337262316781562e-06
มา	O=0.9999995231628418|NORM=4.475379569157667e-07
เต็ม	O=0.9999996423721313|NORM=3.453260148944537e-07
_	O=0.9999995231628418|NORM=4.6222149308050575e-07
แล้ว	O=0.9999997615814209|NORM=2.5178388796121e-07
ชอบ	O=0.9999996423721313|NORM=3.2460059173899936e-07
นัก	O=0.9999986886978149|NORM=1.2725727174256463e-06
ฟิน	O=0.9999990463256836|NORM=1.0050499668068369e-06
นัก	O=0.9999986886978149|NORM=1.276917600989691e-06
หรือ	O=0.9999426603317261|NORM=5.735772356274538e-05
ไง	NORM=0.9899954795837402|O=0.010004527866840363
ที่	O=0.9999997615814209|NORM=2.302048471847229e-07
คนนอก	O=0.9999990463256836|NORM=9.672089618106838e-07
ยัดเยียด	O=0.9999982118606567|NORM=1.794758304640709e-06
ให้	O=0.9999996423721313|NORM=3.1239375175573514e-07
ดารา	O=0.9999871253967285|NORM=1.282877019548323e-05
ที่	O=0.9999996423721313|NORM=2.97055208875463e-07
ชอบ	O=0.9999994039535522|NORM=5.569741574618092e-07
เป็น	O=0.9999996423721313|NORM=2.9560575853793125e-07
เกย์	O=0.999886155128479|NORM=0.00011381243530195206
ทั้ง	O=0.9999996423721313|NORM=3.9436227439182403e-07
ที่	O=0.9999996423721313|NORM=2.9127463108125085e-07
จริงๆ	NORM=0.9993212223052979|O=0.0006774883368052542
เขา	O=0.9999995231628418|NORM=5.230049282545224e-07
ไม่	O=0.9999997615814209|NORM=2.4601231984888727e-07
ได้	O=0.9999996423721313|NORM=3.1940177791511815e-07
เป็น	O=0.9999997615814209|NORM=2.7983043082713266e-07
_	O=0.9999995231628418|NORM=4.5972362272550527e-07
อยาก	O=0.9999997615814209|NORM=2.249560253630989e-07
ฟิน	O=0.9999983310699463|NORM=1.6833474774102797e-06
อยาง	NORM=0.5108092427253723|O=0.4891907572746277
เดียว	O=0.9929813146591187|NORM=0.00701856380328536
จน	O=0.9999996423721313|NORM=3.124944782939565e-07
ไม่	O=0.9999996423721313|NORM=2.890688506340666e-07
สน	O=0.9999991655349731|NORM=8.311712917929981e-07
ภาพลักษณ์	O=0.9999996423721313|NORM=3.443739160502446e-07
ศลป	NORM=0.9930099248886108|O=0.006990049034357071
เลย	O=0.9999996423721313|NORM=3.365261704857403e-07
_	O=0.9999995231628418|NORM=4.358839760243427e-07
มึง	O=0.9999994039535522|NORM=5.857119731444982e-07
จิ้น	O=0.9999982118606567|NORM=1.8238160919281654e-06
แบบ	O=0.9999996423721313|NORM=3.598219961986615e-07
เพื่อน	O=0.9999990463256836|NORM=9.593125014362158e-07
_	O=0.9999994039535522|NORM=5.559478495342773e-07
แบบ	O=0.9999996423721313|NORM=2.988040250784252e-07
เค้า	NORM=0.9998605251312256|O=0.00013947997649665922
อยู่	O=0.9999997615814209|NORM=2.383830519647745e-07
ด้วย	O=0.9999997615814209|NORM=2.545344557347562e-07
กัน	O=0.9999996423721313|NORM=2.9753351782346726e-07
แล้ว	O=0.9999996423721313|NORM=3.178302279138734e-07
น่ารัก	O=0.9999992847442627|NORM=6.877666010041139e-07
ดี	O=0.9999997615814209|NORM=2.8426558174032834e-07
กว่า	O=0.9999996423721313|NORM=3.6087976695853285e-07
มั้ย	NORM=0.9993890523910522|O=0.0006109389942139387
_	O=0.9999995231628418|NORM=4.0742850160313537e-07
ไป	O=0.9999997615814209|NORM=2.5861555741357733e-07
จิ้น	O=0.9999982118606567|NORM=1.7405715198037797e-06
เค้า	NORM=0.9998873472213745|O=0.00011261370673310012
เป็น	O=0.9999997615814209|NORM=2.874743643133115e-07
เกย์	O=0.9999396800994873|NORM=6.028115967637859e-05
เป็น	O=0.9999996423721313|NORM=3.335183578201395e-07
ผัว	O=0.9999990463256836|NORM=9.678235528554069e-07
เมีย	O=0.9999910593032837|NORM=8.976860044640489e-06

จะ	O=0.9999997615814209|NORM=2.75271730743043e-07
มา	O=0.9999996423721313|NORM=3.378358428562933e-07
รีวิว	O=0.9999992847442627|NORM=6.697350727336016e-07
_	O=0.9999992847442627|NORM=6.622038881687331e-07
น้ำตบชาเขียว	O=0.9999982118606567|NORM=1.7680927157925908e-06
ตัว	O=0.9999995231628418|NORM=4.118162166832917e-07
นี้	O=0.9999994039535522|NORM=5.667712912327261e-07
_	O=0.9999994039535522|NORM=5.604819079962908e-07
อยาก	O=0.9999997615814209|NORM=1.9493941749715304e-07
บอก	O=0.9999997615814209|NORM=2.3904735257929133e-07
ว่า	O=0.9999997615814209|NORM=2.778119494450948e-07
ใช้	O=0.9999996423721313|NORM=3.4860713071793725e-07
ดี	O=0.9999997615814209|NORM=2.792434088405571e-07
มาก	O=0.9999996423721313|NORM=3.3960347423089843e-07
ใช้	O=0.9999997615814209|NORM=2.6724407575784426e-07
ครั้ง	O=0.9999997615814209|NORM=2.4014849486775347e-07
แรก	O=0.9999997615814209|NORM=2.1499113245226908e-07
รุ้สึก	NORM=0.9999407529830933|O=5.91794669162482e-05
ชอบ	O=0.9999995231628418|NORM=4.187236584130005e-07
เลย	O=0.9999997615814209|NORM=2.550972908466065e-07
_	O=0.9999995231628418|NORM=4.5071996623846644e-07
ที	O=0.9999997615814209|NORM=2.6985068757312547e-07
แรก	O=0.9999996423721313|NORM=3.343817525092163e-07
เพื่อน	O=0.9999991655349731|NORM=8.88829049472406e-07
บอก	O=0.9999996423721313|NORM=3.0483488444588147e-07
ให้	O=0.9999997615814209|NORM=1.8339639495934534e-07
ลอง	O=0.9999997615814209|NORM=2.2486830175694195e-07
_	O=0.9999994039535522|NORM=5.196657753003819e-07
เรา	O=0.9999996423721313|NORM=3.40489435757263e-07
ก้อ	NORM=0.9995914101600647|O=0.0004080337530467659
เฉยๆ	NORM=0.5333983302116394|O=0.46660172939300537
_	O=0.9999994039535522|NORM=5.488842589329579e-07
จน	O=0.9999996423721313|NORM=3.027119532816869e-07
เห็น	O=0.9999996423721313|NORM=3.654444640233123e-07
รีวิว	O=0.9999994039535522|NORM=6.290169380918087e-07
เยอะ	O=0.9999996423721313|NORM=3.479269139461394e-07
_	O=0.9999995231628418|NORM=4.688578769673768e-07
เลย	O=0.9999997615814209|NORM=2.1662485494289285e-07
ลอง	O=0.9999997615814209|NORM=2.610797480429028e-07
ใช้	O=0.9999996423721313|NORM=3.446936318596272e-07
ดู	O=0.9999997615814209|NORM=2.5939314696188376e-07
ปรากฎ	NORM=0.9956666231155396|O=0.004333334509283304
ว่า	O=0.9999994039535522|NORM=5.473970645653026e-07
ชอบ	O=0.9999996423721313|NORM=3.317555297144281e-07
มากกก	NORM=0.9999110698699951|O=8.812148735160008e-05
ถึง	O=0.9999997615814209|NORM=1.980459103378962e-07
กลิ่น	O=0.9999992847442627|NORM=7.375085147032223e-07
มัน	O=0.9999995231628418|NORM=3.9248809002856433e-07
จะ	O=0.9999997615814209|NORM=2.445139557494258e-07
ไม่	O=0.9999996423721313|NORM=4.0194865391640633e-07
ค่อย	O=0.9999885559082031|NORM=1.1498094863782171e-05
หอม	O=0.9999988079071045|NORM=1.1305293128316407e-06
เท่าไหร่	NORM=0.9994294047355652|O=0.0005704488139599562
_	O=0.9999992847442627|NORM=7.40749555916409e-07
แต่	O=0.9999997615814209|NORM=2.2135839117254363e-07
คุณภาพ	O=0.9999991655349731|NORM=8.045515187404817e-07
ดี	O=0.9999996423721313|NORM=2.8945063945684524e-07
เฟ่อ	NORM=0.9998680353164673|O=0.0001319964212598279
ใช้	O=0.9999997615814209|NORM=2.1876489597616455e-07
มา	O=0.9999997615814209|NORM=2.0705806491605472e-07
2	O=0.9999997615814209|NORM=2.6919090601040807e-07
_	O=0.9999994039535522|NORM=5.575444106398209e-07
เดือน	O=0.9999997615814209|NORM=2.4108516072374186e-07
ละ	NORM=0.5272935628890991|O=0.47270646691322327
_	O=0.9999996423721313|NORM=3.6408948744792724e-07
รอยแดง	O=0.9999990463256836|NORM=9.711445727589307e-07
บน	O=0.9999997615814209|NORM=2.1700118679746083e-07
หน้า	O=0.9999997615814209|NORM=2.5284165872108133e-07
ก้อ	NORM=0.9996938705444336|O=0.0003058330621570349
ลด	O=0.9999997615814209|NORM=2.809170780437853e-07
ลง	O=0.9999997615814209|NORM=2.730373580561718e-07
_	O=0.9999996423721313|NORM=3.3172452162943955e-07
หน้า	O=0.9999996423721313|NORM=2.923446800195961e-07
ก็	O=0.9999997615814209|NORM=2.2665011556455283e-07
ชุ่มชื่น	O=0.9999970197677612|NORM=2.918407062679762e-06
อีก	O=0.9999996423721313|NORM=2.96397303145568e-07
ล่าสุด	O=0.9999943971633911|NORM=5.568457709159702e-06
ขาย	O=0.9999984502792358|NORM=1.4731145938640111e-06
เอง	O=0.9999978542327881|NORM=2.10454459192988e-06
จ้า	NORM=0.9997913241386414|O=0.0002086951571982354
_	O=0.9999990463256836|NORM=9.07135188299435e-07
199	O=0.9999918937683105|NORM=8.027350304473657e-06
฿	O=0.9999964237213135|NORM=3.558827529559494e-06
#HowtoPerfect	O=0.9999992847442627|NORM=7.308722729248984e-07

นอกจากนี้	O=0.9999992847442627|NORM=6.938777801224205e-07
ผู้เขียน	O=0.9999990463256836|NORM=9.795626283448655e-07
ยัง	O=0.9999995231628418|NORM=4.128480384224531e-07
รีวิว	O=0.9999984502792358|NORM=1.4786389783694176e-06
งานวิจัย	O=0.9999988079071045|NORM=1.198457766804495e-06
อื่น	O=0.9999985694885254|NORM=1.4548406852554763e-06
เกี่ยวกับ	O=0.999998927116394|NORM=1.1015575864803395e-06
การอดนอน	O=0.9999995231628418|NORM=4.672433817631827e-07
_	O=0.9999986886978149|NORM=1.2579998838191386e-06
และ	O=0.9999949932098389|NORM=4.927487225359073e-06
ทำ	O=0.9999996423721313|NORM=3.94696741068401e-07
งาน	O=0.9999995231628418|NORM=5.058310534877819e-07
กะ	NORM=0.9973681569099426|O=0.0026319208554923534
กลางคืน	O=0.9999996423721313|NORM=3.6132951208855957e-07
ด้วย	O=0.9999995231628418|NORM=4.4734125026479887e-07
พบ	O=0.9999996423721313|NORM=3.4064046872117615e-07
ว่า	O=0.9999997615814209|NORM=2.4986687208183866e-07
_	O=0.9999996423721313|NORM=3.335635199164244e-07
-	O=0.9999996423721313|NORM=3.1617474860468064e-07
_	O=0.9999997615814209|NORM=2.30554178415332e-07
Metaanalysis	O=0.9999994039535522|NORM=5.409933692135382e-07
_	O=0.9999995231628418|NORM=4.0808882317833195e-07
cohort	O=0.9999988079071045|NORM=1.1559161521290662e-06
_	O=0.9999996423721313|NORM=2.761986479526968e-07
พบ	O=0.9999996423721313|NORM=3.24116797401075e-07
ความเสี่ยง	O=0.9999992847442627|NORM=6.517303745567915e-07
ของ	O=0.9999994039535522|NORM=5.947914587522973e-07
มะเร็ง	O=0.9999988079071045|NORM=1.2169291494501522e-06
เต้านม	O=0.9999991655349731|NORM=7.754759963063407e-07
_	O=0.9999997615814209|NORM=2.7400773205954465e-07
1	O=0.9999996423721313|NORM=3.713756768775056e-07
.	O=0.9999550580978394|NORM=4.477400943869725e-05
057	O=0.9999754428863525|NORM=2.4579972887295298e-05
_	O=0.9999996423721313|NORM=2.8477347768784966e-07
-	O=0.9999996423721313|NORM=3.033069617686124e-07
_	O=0.9999997615814209|NORM=2.208933977954075e-07
คน	O=0.9999996423721313|NORM=3.7068076608193223e-07
เปลี่ยน	O=0.9999997615814209|NORM=2.642906054006744e-07
กะ	NORM=0.9977993369102478|O=0.0022005997598171234
เวลา	O=0.9999996423721313|NORM=3.8868245155754266e-07
ทำ	O=0.9999997615814209|NORM=2.72342219886923e-07
งาน	O=0.9999992847442627|NORM=7.150775331865589e-07
เสี่ยง	O=0.9999994039535522|NORM=5.361294483918755e-07
ต่อ	O=0.9999997615814209|NORM=2.760993993433658e-07
มะเร็ง	O=0.9999983310699463|NORM=1.6064254850789439e-06
ต่อมลูกหมาก	O=0.9999977350234985|NORM=2.272375922984793e-06
_	O=0.9999996423721313|NORM=3.008240696544817e-07
-	O=0.9999996423721313|NORM=3.8262874113570433e-07
_	O=0.9999997615814209|NORM=2.5947997528419364e-07
พยาบาล	O=0.9999974966049194|NORM=2.4689654765097657e-06
ที่	O=0.9999997615814209|NORM=2.2072642025250389e-07
เปลี่ยน	O=0.9999997615814209|NORM=2.268871384103477e-07
กะ	NORM=0.9978359341621399|O=0.002164063509553671
ทำ	O=0.9999997615814209|NORM=2.798726086439274e-07
งาน	O=0.9999995231628418|NORM=5.159365628060186e-07
เสี่ยง	O=0.9999995231628418|NORM=4.2400623101457313e-07
ต่อ	O=0.9999997615814209|NORM=2.694110037282371e-07
มะเร็ง	O=0.999998927116394|NORM=1.0807378885147045e-06
ลำไส้	O=0.9999990463256836|NORM=1.0035155355581082e-06
_	O=0.9999996423721313|NORM=3.3413311939511914e-07
-	O=0.9999996423721313|NORM=3.453625652127812e-07
_	O=0.9999997615814209|NORM=2.5099777190007444e-07
นอน	O=0.9999997615814209|NORM=2.9334231044231274e-07
น้อย	O=0.9999996423721313|NORM=3.7958992038511497e-07
กว่า	O=0.9999995231628418|NORM=5.166544383428118e-07
_	O=0.9999996423721313|NORM=3.729472553004598e-07
6	O=0.9999995231628418|NORM=4.7215320364557556e-07
.	O=0.9999827146530151|NORM=1.717885425023269e-05
5	O=0.9999992847442627|NORM=7.458121444869903e-07
_	O=0.9999996423721313|NORM=3.4167118201366975e-07
ชม	O=0.991838276386261|NORM=0.008161735720932484
_	O=0.9999996423721313|NORM=3.533079109274695e-07
เพิ่ม	O=0.9999996423721313|NORM=3.0020589747437043e-07
อัตรา	O=0.9999990463256836|NORM=9.330032071375172e-07
ตาย	O=0.9999996423721313|NORM=4.1308442177978577e-07
ใน	O=0.9999977350234985|NORM=2.2303038349491544e-06
คนไข้	O=0.9999967813491821|NORM=3.233485131204361e-06
มะเร็ง	O=0.9999980926513672|NORM=1.85518524631334e-06

Pat	O=0.9999996423721313|NORM=2.989579286349908e-07
_	O=0.9999994039535522|NORM=4.932847446070809e-07
1	O=0.9999994039535522|NORM=5.451256583910435e-07
_	O=0.9999996423721313|NORM=3.5147704124938173e-07
อ่ะ	O=0.9956257343292236|NORM=0.004374277777969837
จริงๆ	O=0.9996721744537354|NORM=0.0003277820651419461
มัน	O=0.9999992847442627|NORM=6.572436177521013e-07
ก็	O=0.9999995231628418|NORM=4.1913236259460973e-07
ง่าย	O=0.9999996423721313|NORM=3.8962286907917587e-07
นะ	O=0.9999971389770508|NORM=2.843520178430481e-06
_	O=0.9999997615814209|NORM=2.7891897502740903e-07
ถ้า	O=0.9999997615814209|NORM=1.9227989866976714e-07
เตรียมตัว	O=0.9999994039535522|NORM=6.143104087641404e-07
มา	O=0.9999997615814209|NORM=2.4220352656811883e-07
ดี	O=0.9999997615814209|NORM=2.351395664845768e-07
แต่	O=0.9999996423721313|NORM=3.3497735785203986e-07
ถึงแม้	O=0.9999990463256836|NORM=9.083029794965114e-07
จะ	O=0.9999997615814209|NORM=2.6534752350926283e-07
เตรียมตัว	O=0.9999994039535522|NORM=5.416536623670254e-07
มา	O=0.9999997615814209|NORM=2.701207790778426e-07
ดี	O=0.9999997615814209|NORM=2.724666785525187e-07
แค่ไหน	O=0.9999996423721313|NORM=4.065730649926991e-07
ก็	O=0.9999997615814209|NORM=2.606297471174912e-07
แพ้ทาง	O=0.9999992847442627|NORM=7.430746222780726e-07
ให้	O=0.9999997615814209|NORM=2.1877281142224092e-07
อี	O=0.9999982118606567|NORM=1.7974440424950444e-06
ลูกอม	O=0.999998927116394|NORM=1.1211668606847525e-06
รสนม	O=0.9999995231628418|NORM=4.760024978622823e-07
_	O=0.9999995231628418|NORM=3.986977787917567e-07
5	O=0.9999995231628418|NORM=5.105651439407666e-07
_	O=0.9999995231628418|NORM=4.0720124161452986e-07
บาท	O=0.9999995231628418|NORM=4.5446515173352964e-07
_	O=0.9999995231628418|NORM=4.601635623657785e-07
กับ	O=0.9999996423721313|NORM=3.7229341387501336e-07
รสน้ำผึ้ง	O=0.999998927116394|NORM=1.027400230668718e-06
_	O=0.9999995231628418|NORM=3.979236282702914e-07
7	O=0.9999996423721313|NORM=3.966430881519045e-07
_	O=0.9999996423721313|NORM=3.777456640818855e-07
บาท	O=0.9999996423721313|NORM=3.685836702516099e-07
_	O=0.9999996423721313|NORM=2.964922884984844e-07
ลูกอมผี	O=0.9999983310699463|NORM=1.6834807183840894e-06
อะไ	NORM=0.9989826083183289|O=0.0010174192721024156
แพง	O=0.999995231628418|NORM=4.727939540316584e-06
ชิบหาย	NORM=0.9998121857643127|O=0.00018783019913826138
บ้าน	O=0.9999997615814209|NORM=2.801313598865818e-07
กู	O=0.9999996423721313|NORM=3.8029577353881905e-07
ขาย	O=0.9999997615814209|NORM=2.1799431237923272e-07
สอง	O=0.9999996423721313|NORM=3.808750363987201e-07
เม็ด	O=0.9999997615814209|NORM=2.761299526810035e-07
บาท	O=0.9999994039535522|NORM=5.926031008129939e-07
ละ	O=0.9999990463256836|NORM=9.501737281425449e-07
อีดอก	O=0.9999988079071045|NORM=1.1971932281085174e-06
ซื้อ	O=0.9999997615814209|NORM=1.9564193109999906e-07
ไป	O=0.9999997615814209|NORM=2.629388120567455e-07
ทำ	O=0.9999997615814209|NORM=2.0340787898476265e-07
หอย	O=0.999998927116394|NORM=1.0880846730287885e-06
อะไร	O=0.9999973773956299|NORM=2.58810973718937e-06
ตั้ง	O=0.9999995231628418|NORM=4.2405315525684273e-07
_	O=0.9999994039535522|NORM=5.632687702927797e-07
300	O=0.9999996423721313|NORM=4.0356187014367606e-07
_	O=0.9999996423721313|NORM=3.4151580052821373e-07
กว่า	O=0.9999995231628418|NORM=4.6260251451712975e-07
บาท	O=0.9999991655349731|NORM=7.913472472864669e-07
ฟันผุ	O=0.9999994039535522|NORM=5.683452855009818e-07
หมด	O=0.9999997615814209|NORM=2.8955255970686267e-07
ทั้งปาก	O=0.9999997615814209|NORM=2.635860596456041e-07
ละมั้ง	O=0.9999620914459229|NORM=3.7942732888041064e-05
เอา	O=0.9999997615814209|NORM=2.0270067579986062e-07
เงิน	O=0.9999997615814209|NORM=2.703019674754614e-07
ที่	O=0.9999997615814209|NORM=2.423174407795159e-07
ซื้อ	O=0.9999997615814209|NORM=2.099476006378609e-07
ไป	O=0.9999996423721313|NORM=3.5161147593498754e-07
หา	O=0.9999997615814209|NORM=2.339083380320517e-07
หมอ	O=0.9999995231628418|NORM=4.7234325961653667e-07
ดี	O=0.9999997615814209|NORM=2.8010038022330264e-07
กว่า	O=0.9999996423721313|NORM=3.251774955970177e-07
อีหี	O=0.9974988102912903|NORM=0.0025010970421135426
_	O=0.9999996423721313|NORM=2.891752899358835e-07
#รีวิว	O=0.9999996423721313|NORM=3.155704462187714e-07
_	O=0.9999996423721313|NORM=3.3134890031760733e-07
#gatpat	O=0.9999996423721313|NORM=3.213973513993551e-07
_	O=0.9999996423721313|NORM=2.577463646957767e-07
#pat1	O=0.9999996423721313|NORM=3.363981022630469e-07
_	O=0.9999996423721313|NORM=2.8825343179050833e-07
#เด็กซิ่ว	O=0.9999986886978149|NORM=1.2596649412444094e-06

ลูกค้า	O=0.9999996423721313|NORM=4.0133312495527207e-07
ที่	O=0.9999995231628418|NORM=4.037570136006252e-07
ใช้	O=0.9999997615814209|NORM=2.1117008941473614e-07
โอปิ๊ง	NORM=0.942116379737854|O=0.0578836128115654
_	O=0.9999997615814209|NORM=2.3110098368306353e-07
มา	O=0.9999998807907104|NORM=1.57269312239805e-07
รีวิว	O=0.9999997615814209|NORM=2.8070314783690264e-07
ตาม	O=0.9999997615814209|NORM=1.776532059238889e-07
สัญญา	O=0.9999996423721313|NORM=3.473586787094973e-07
จ้า	NORM=0.9982407093048096|O=0.0017593163065612316
_	O=0.9999997615814209|NORM=2.0039129822180257e-07
หน้า	O=0.9999997615814209|NORM=1.950682957385652e-07
ใส	O=0.9999997615814209|NORM=2.58200572034184e-07
มาก	O=0.9999995231628418|NORM=4.611410133747995e-07
ใช้	O=0.9999997615814209|NORM=1.9248390970005858e-07
เป็น	O=0.9999997615814209|NORM=2.1211369016782555e-07
ประจำ	O=0.9999997615814209|NORM=2.619206895815296e-07
เห็น	O=0.9999997615814209|NORM=1.9998866207515675e-07
ผล	O=0.9999997615814209|NORM=2.0325157379375014e-07
แน่นอน	O=0.9999997615814209|NORM=2.1882684109186812e-07
_	O=0.9999997615814209|NORM=2.2482541339741147e-07
#ไว้รีวิวห้ามขายของโว้ย	O=0.9999986886978149|NORM=1.2828619446736411e-06
_	O=0.9999997615814209|NORM=2.559873166774196e-07
#howtoperfect	O=0.9999995231628418|NORM=4.230082311096339e-07
_	O=0.9999996423721313|NORM=2.773171843273303e-07
#ดีบอกต่อ	O=0.9999996423721313|NORM=3.222481268494448e-07
_	O=0.9999996423721313|NORM=2.844271591584402e-07
#howtobeauty	O=0.9999996423721313|NORM=3.7327569657463755e-07
_	O=0.9999997615814209|NORM=2.460446921759285e-07
#skincare	O=0.9999995231628418|NORM=4.2680511569415103e-07
_	O=0.9999997615814209|NORM=2.576825011146866e-07
#สิว	O=0.9999995231628418|NORM=5.129233500156261e-07
_	O=0.9999997615814209|NORM=2.447353324441792e-07
#สิ่งเล็กๆที่เรียกว่ารัก	O=0.9999994039535522|NORM=5.453804305943777e-07
_	O=0.9999997615814209|NORM=2.7135422442370327e-07
#อังกอร์2018	O=0.9999986886978149|NORM=1.238122194990865e-06
_	O=0.9999996423721313|NORM=2.794268993966398e-07
#เก๋ไก๋	O=0.9999990463256836|NORM=9.326944905296841e-07
_	O=0.9999996423721313|NORM=2.8117543138250767e-07
#ch3	O=0.9999996423721313|NORM=3.231766356748267e-07
_	O=0.9999997615814209|NORM=2.63451340742904e-07
#aum_patchrapa	O=0.9999996423721313|NORM=3.7801916619173426e-07
_	O=0.9999996423721313|NORM=2.8157390374872193e-07
#คุกกี้เสี่ยงทาย	O=0.999998927116394|NORM=1.0391589739811025e-06
_	O=0.9999996423721313|NORM=2.9394377065727895e-07
#แนนโน๊ะ	O=0.999995231628418|NORM=4.714684109785594e-06
_	O=0.9999996423721313|NORM=3.301260562693642e-07
#bnk	O=0.9999994039535522|NORM=5.83425105560309e-07
_	O=0.9999995231628418|NORM=3.917259903118975e-07
#bnk48	O=0.9999992847442627|NORM=6.602704729630204e-07
_	O=0.9999996423721313|NORM=2.6793665597324434e-07
#ช่องวัน31	O=0.9999995231628418|NORM=4.6577122247981606e-07
_	O=0.9999996423721313|NORM=3.1404172773363825e-07
#oping	O=0.9999992847442627|NORM=7.195514513114176e-07
_	O=0.9999995231628418|NORM=3.71669756304982e-07
#ทีมแอนCNX	O=0.9999994039535522|NORM=5.221078254180611e-07

ปัญ	O=0.9999991655349731|NORM=8.8378965301672e-07
เป็น	O=0.9999996423721313|NORM=3.2016541240409424e-07
เด็ก	O=0.9999992847442627|NORM=6.682045068373554e-07
ดี	O=0.9999991655349731|NORM=8.56958592976298e-07
พวกเรา	O=0.9923807978630066|NORM=0.007619212381541729
รู้	O=0.9999996423721313|NORM=3.080627948293113e-07
และ	O=0.9999974966049194|NORM=2.5553440536896233e-06
เห็น	O=0.9999996423721313|NORM=3.057487845126161e-07
มา	O=0.9999997615814209|NORM=2.632396274293569e-07
ตลอด	O=0.9999997615814209|NORM=2.804502514663909e-07
_	O=0.9999996423721313|NORM=3.32748555820217e-07
ปัญ	O=0.9999988079071045|NORM=1.2277703262952855e-06
ที่	O=0.9999997615814209|NORM=2.674482857401017e-07
คอย	O=0.9999991655349731|NORM=8.859364584168361e-07
เอาใจใส่	O=0.9999990463256836|NORM=8.888559932529461e-07
ความรู้สึก	O=0.999998927116394|NORM=1.0611736342980294e-06
คน	O=0.9999995231628418|NORM=4.652424649975728e-07
รอบข้าง	O=0.9999997615814209|NORM=2.7141891223436687e-07
เสมอ	O=0.9999996423721313|NORM=3.1787084253664943e-07
_	O=0.9999996423721313|NORM=3.0614677370977006e-07
เพราะ	O=0.9999997615814209|NORM=2.7006362302017806e-07
ปัญ	O=0.9999990463256836|NORM=9.011279757942248e-07
เป็น	O=0.9999997615814209|NORM=2.6034777533823217e-07
ปัญ	O=0.9999979734420776|NORM=2.008799128816463e-06
แบบ	O=0.9999996423721313|NORM=3.275129358826234e-07
นี้	O=0.999998927116394|NORM=1.0115384156961227e-06
แหละ	O=0.9999984502792358|NORM=1.514680093350762e-06
ที่	O=0.9999997615814209|NORM=2.6484593718123506e-07
ทำ	O=0.9999997615814209|NORM=2.2201102467533929e-07
ให้	O=0.9999997615814209|NORM=2.3228312784340233e-07
พวกเรา	O=0.9086290597915649|NORM=0.09137090295553207
รัก	O=0.9999992847442627|NORM=6.821333045081701e-07
ปัญ	O=0.9999990463256836|NORM=9.170337875730183e-07
มาก	O=0.9999996423721313|NORM=3.9161511722340947e-07
_	O=0.9999996423721313|NORM=3.7029917621111963e-07
แต่	O=0.9999997615814209|NORM=2.6289293941772485e-07
พี่	O=0.9999995231628418|NORM=4.858451347899972e-07
อยาก	O=0.9999997615814209|NORM=2.1337260136533587e-07
ให้	O=0.9999997615814209|NORM=1.70629405715772e-07
ปัญ	O=0.9999994039535522|NORM=5.376214176067151e-07
รัก	O=0.9999992847442627|NORM=6.946120265638456e-07
ตัวเอง	O=0.9999997615814209|NORM=2.489661312665703e-07
ด้วย	O=0.9999997615814209|NORM=1.9712786070158472e-07
เช่น	O=0.9999996423721313|NORM=4.085732712155732e-07
กัน	O=0.9999992847442627|NORM=7.034698228380876e-07
นะ	O=0.9999994039535522|NORM=6.343210543491296e-07
_	O=0.9999996423721313|NORM=3.460298501067882e-07
คุย	O=0.9999994039535522|NORM=6.22326297161635e-07
กับ	O=0.9999995231628418|NORM=4.721522941508738e-07
ตัวเอง	O=0.9999997615814209|NORM=2.738810280789039e-07
_	O=0.9999996423721313|NORM=3.3790803399824654e-07
ฟัง	O=0.9999996423721313|NORM=3.404059896183753e-07
เสียง	O=0.9999995231628418|NORM=4.218628646412981e-07
หัวใจ	O=0.9999996423721313|NORM=3.2797365179249027e-07
ตัวเอง	O=0.9999997615814209|NORM=2.4621391503387713e-07
_	O=0.9999996423721313|NORM=3.5399494890953065e-07
ดูแล	O=0.9999986886978149|NORM=1.3390791764322785e-06
ความรู้สึก	O=0.9999995231628418|NORM=5.31017121829791e-07
ตัวเอง	O=0.9999997615814209|NORM=2.8574447696883e-07
ให้	O=0.9999996423721313|NORM=3.183589853961166e-07
มากๆ	NORM=0.9999159574508667|O=8.3894919953309e-05
_	O=0.9999996423721313|NORM=3.431576658385893e-07
อยาก	O=0.9999997615814209|NORM=2.1385561410625087e-07
เข้า	O=0.9999997615814209|NORM=2.1927117188624834e-07
ไป	O=0.9999996423721313|NORM=3.0758019420318305e-07
กอด	O=0.9999995231628418|NORM=4.989834110347147e-07
แน่นๆ	O=0.6632173657417297|NORM=0.33678263425827026
จัง	O=0.9999974966049194|NORM=2.5104518499574624e-06
เด็กน้อย	O=0.9999995231628418|NORM=5.023706535212114e-07
ของ	O=0.9999997615814209|NORM=2.60883638247833e-07
พี่	O=0.9999995231628418|NORM=4.787102625414263e-07
_	O=0.9999997615814209|NORM=2.455154231029155e-07
#PunBNK48	O=0.9999996423721313|NORM=3.752724069272517e-07
_	O=0.9999997615814209|NORM=2.568343404618645e-07
#BNK48	O=0.9999994039535522|NORM=5.827500899613369e-07

sidmkjungwoox	O=0.9999996423721313|NORM=3.197309013103222e-07
_	O=0.9999996423721313|NORM=3.1830583679948177e-07
คราว	O=0.9999996423721313|NORM=3.4199032938886376e-07
หลัง	O=0.9999997615814209|NORM=2.3870131826697616e-07
ไม่	O=0.9999997615814209|NORM=2.446002156375471e-07
เล่น	O=0.9999997615814209|NORM=2.854097544968681e-07
ใคร	O=0.9999996423721313|NORM=3.5503015283211425e-07
เอ่ย	O=0.9999986886978149|NORM=1.3547964954341296e-06
แล้ว	O=0.9999997615814209|NORM=2.3313354802212416e-07
!!	O=0.9999986886978149|NORM=1.3422960591924493e-06
_	O=0.9999997615814209|NORM=2.548786710576678e-07
พี่	O=0.9999997615814209|NORM=2.7455075723992195e-07
ค้าว	NORM=0.9993041753768921|O=0.000695780327077955
ของ	O=0.9999997615814209|NORM=2.3719272235211974e-07
น้อง	O=0.9999996423721313|NORM=3.111817648004944e-07
_	O=0.9999996423721313|NORM=3.375550363671209e-07
เอา	O=0.9999996423721313|NORM=3.505695076455595e-07
จริงๆ	NORM=0.9997696280479431|O=0.00022063322830945253
คือ	O=0.9999996423721313|NORM=3.4563541362331307e-07
เหงา	O=0.9999996423721313|NORM=4.0222894881480897e-07
นะ	O=0.9999996423721313|NORM=3.46543060913973e-07
พอ	O=0.9999997615814209|NORM=2.3071429211540817e-07
ไม่	O=0.9999997615814209|NORM=2.6985560452885693e-07
มี	O=0.9999996423721313|NORM=2.9840734327990504e-07
พี่	O=0.9999996423721313|NORM=3.756677244837192e-07
เล่น	O=0.9999996423721313|NORM=3.384857052424195e-07
ด้วย	O=0.9999997615814209|NORM=2.3956084760357044e-07
_	O=0.9999996423721313|NORM=3.5740885095947306e-07
แต่	O=0.9999997615814209|NORM=2.583503260211728e-07
ตอน	O=0.9999996423721313|NORM=3.0787538207732723e-07
นี้	O=0.9999995231628418|NORM=4.451767381397076e-07
พี่	O=0.9999992847442627|NORM=6.656140385530307e-07
กลับ	O=0.9999997615814209|NORM=2.443572952870454e-07
มา	O=0.9999996423721313|NORM=3.318536414553819e-07
แน้ว	NORM=0.9998817443847656|O=0.00011822656961157918
_	O=0.9999994039535522|NORM=5.091020511827082e-07
เย้	O=0.9975990653038025|NORM=0.002400968922302127
_	O=0.9999996423721313|NORM=3.489843436454976e-07
ขอบคุณ	O=0.9999997615814209|NORM=2.2036904567812599e-07
ที่	O=0.9999997615814209|NORM=1.905043092165215e-07
เป็น	O=0.9999997615814209|NORM=2.19215152696961e-07
ที่ปรึกษา	O=0.9999982118606567|NORM=1.8166416566600674e-06
ให้	O=0.9999996423721313|NORM=3.183295405051467e-07
หนู	O=0.9999994039535522|NORM=6.435769250856538e-07
(	O=0.9999994039535522|NORM=5.029477847529051e-07
(	O=0.9999996423721313|NORM=3.1067679628904443e-07
แม้	O=0.9999996423721313|NORM=3.2061731758403766e-07
ว่า	O=0.9999996423721313|NORM=2.9565677550635883e-07
พี่	O=0.9999995231628418|NORM=4.463236393803527e-07
จะ	O=0.9999997615814209|NORM=2.78984941814997e-07
ไม่	O=0.9999996423721313|NORM=3.017875656041724e-07
รู้ตัว	O=0.9999994039535522|NORM=6.294436047937779e-07
)	O=0.9999991655349731|NORM=8.548967116439599e-07
)	O=0.9999992847442627|NORM=7.327524258471385e-07
_	O=0.9999996423721313|NORM=3.5764750805356016e-07
เป็น	O=0.9999997615814209|NORM=2.3406252580571163e-07
พี่	O=0.999998927116394|NORM=1.0876240139623405e-06
ที่	O=0.9999996423721313|NORM=3.7258965335240646e-07
น่ารัก	O=0.9999995231628418|NORM=5.25350401403557e-07
มากๆ	NORM=0.9997603297233582|O=0.0002340122009627521
_	O=0.9999995231628418|NORM=4.847403829444374e-07
ขอบคุณ	O=0.9999997615814209|NORM=1.9870824985446234e-07
สำหรับ	O=0.9999997615814209|NORM=1.8573666693555424e-07
การเปิด	O=0.9999997615814209|NORM=2.2790268872086017e-07
แฟม	O=0.9997097849845886|NORM=0.0002902208943851292
คลาวด์	O=0.9999526739120483|NORM=4.7302033635787666e-05
ที่	O=0.9999997615814209|NORM=1.994197731391978e-07
ทำให้	O=0.9999997615814209|NORM=2.7887082865163393e-07
เรา	O=0.9999996423721313|NORM=3.059523692172661e-07
มา	O=0.9999995231628418|NORM=4.5926174152555177e-07
เจอ	O=0.9999992847442627|NORM=6.769275273654785e-07
กัน	O=0.9999995231628418|NORM=4.703662739302672e-07
_	O=0.9999995231628418|NORM=4.4559044454217656e-07
ขอบคุณ	O=0.9999997615814209|NORM=2.5340051479361136e-07
ที่	O=0.9999997615814209|NORM=2.023974161602382e-07
อ่อนข้อ	O=0.9999644756317139|NORM=3.553570786607452e-05
ให้	O=0.9999996423721313|NORM=4.0731976014285465e-07
น้อง	O=0.9999995231628418|NORM=5.189541525396635e-07
เกือบ	O=0.9999997615814209|NORM=2.810398314068152e-07
หมด	O=0.9999996423721313|NORM=3.710273404067266e-07
_	O=0.9999995231628418|NORM=4.0215948615696107e-07
แง	O=0.9999959468841553|NORM=3.993899099441478e-06

ตอนแรก	O=0.9999994039535522|NORM=6.018881890668126e-07
อ่าน	O=0.9999988079071045|NORM=1.2196898069305462e-06
รีวิว	O=0.9999996423721313|NORM=3.1578932180309494e-07
ก่อน	O=0.9999997615814209|NORM=2.7315351758261386e-07
ไป	O=0.9999996423721313|NORM=3.490828817120928e-07
ดู	O=0.9999997615814209|NORM=2.678273176570656e-07
แล้ว	O=0.9999997615814209|NORM=2.3735474030672776e-07
รู้สึก	O=0.9999997615814209|NORM=2.4753236971264414e-07
ใจ	O=0.9999996423721313|NORM=3.4618102517924854e-07
แป่ว	NORM=0.793494701385498|O=0.20650525391101837
พอสมควร	O=0.9999942779541016|NORM=5.677879471477354e-06
_	O=0.9999995231628418|NORM=4.2984137849089166e-07
แต่	O=0.9999996423721313|NORM=3.464878659542592e-07
ก็	O=0.9999996423721313|NORM=3.011786020579166e-07
ตัดสินใจ	O=0.9999996423721313|NORM=3.134403243620909e-07
ไป	O=0.9999997615814209|NORM=2.561946530477144e-07
ดู	O=0.9999997615814209|NORM=2.1485996626324777e-07
อยู่	O=0.9999997615814209|NORM=1.8046598881937825e-07
ดี	O=0.9999990463256836|NORM=9.061304808710702e-07
_	O=0.9999995231628418|NORM=3.9405205143339117e-07
แล้ว	O=0.9999997615814209|NORM=2.4390561748077744e-07
ก็	O=0.9999997615814209|NORM=2.4550394073230564e-07
แบบ	O=0.9999996423721313|NORM=3.6719958984576806e-07
ว่า	O=0.9999997615814209|NORM=2.811902106714115e-07
สนุก	O=0.9999995231628418|NORM=5.082933967059944e-07
มาก	O=0.9999997615814209|NORM=2.7477079811433214e-07
_	O=0.9999996423721313|NORM=2.886099252918939e-07
ชอบ	O=0.9999997615814209|NORM=2.7590147055889247e-07
ตลค	NORM=0.9999293088912964|O=7.067154365358874e-05
ของ	O=0.9999996423721313|NORM=2.9570162496384e-07
ลุง	O=0.9999938011169434|NORM=6.171034328872338e-06
วู้ดดี้	O=0.999940037727356|NORM=5.997165499138646e-05
_	O=0.9999996423721313|NORM=3.2393819537901436e-07
เป็น	O=0.9999997615814209|NORM=2.0980948534088384e-07
ตลค	NORM=0.9999309778213501|O=6.898104766150936e-05
ที่	O=0.9999996423721313|NORM=3.6248781043468625e-07
มีเสน่ห์	O=0.9999978542327881|NORM=2.1140151602594415e-06
_	O=0.9999996423721313|NORM=2.9038321258667565e-07
ฮาน	O=0.9999810457229614|NORM=1.888638325908687e-05
วัยหนุ่ม	O=0.9999994039535522|NORM=6.438765467464691e-07
ก็	O=0.9999997615814209|NORM=2.1146593098819721e-07
เท่ใส	NORM=0.9974894523620605|O=0.002510495949536562
ได้ใจ	O=0.9999994039535522|NORM=5.37034225089883e-07
_	O=0.9999996423721313|NORM=3.455272974406398e-07
แต่	O=0.9999997615814209|NORM=2.3037372898215835e-07
ที่สุด	O=0.9999994039535522|NORM=5.957889470664668e-07
ของ	O=0.9999994039535522|NORM=6.067876370252634e-07
ที่สุด	O=0.9999994039535522|NORM=5.762860837421613e-07
ใน	O=0.9999996423721313|NORM=3.5234390338700905e-07
เรื่อง	O=0.9999997615814209|NORM=2.615714720377582e-07
คือ	O=0.9999997615814209|NORM=2.4577335011599644e-07
นางเอก	O=0.9999995231628418|NORM=4.4702824197884183e-07
ค่ะ	O=0.9999995231628418|NORM=5.24015433711611e-07
_	O=0.9999996423721313|NORM=3.6461906915974396e-07
หลง	O=0.9999996423721313|NORM=3.1648303888687224e-07
มาก	O=0.9999996423721313|NORM=3.5585250657277356e-07
ไม่	O=0.9999996423721313|NORM=3.1197723160403257e-07
ไหว	O=0.9999994039535522|NORM=6.337400009215344e-07
แล้ว	O=0.9999996423721313|NORM=3.628059914717596e-07
_	O=0.9999995231628418|NORM=3.9871528656476585e-07
สวย	O=0.9999995231628418|NORM=4.759525609188131e-07
สง่า	O=0.9999986886978149|NORM=1.3371418390306644e-06
นางพญา	O=0.9999985694885254|NORM=1.410921868227888e-06
ทุกย่างก้าว	O=0.9999984502792358|NORM=1.5689106476202141e-06
_	O=0.9999996423721313|NORM=3.286787944034586e-07
ถ้า	O=0.9999997615814209|NORM=1.8935250523099967e-07
ให้	O=0.9999997615814209|NORM=1.951265318211881e-07
คะแนน	O=0.9999996423721313|NORM=3.2177888442674885e-07
เรา	O=0.9999996423721313|NORM=3.6082676047044515e-07
ให้	O=0.9999997615814209|NORM=1.9851978549922933e-07
_	O=0.9999995231628418|NORM=3.7118340401320893e-07
6.9	O=0.9999996423721313|NORM=3.067646048293682e-07
/	O=0.9999997615814209|NORM=2.499827473911864e-07
10	O=0.9999997615814209|NORM=2.282794469010696e-07
_	O=0.9999996423721313|NORM=2.7384808731767407e-07
#	O=0.9999997615814209|NORM=2.044054525640604e-07
Han	O=0.9999997615814209|NORM=2.613846845633816e-07
Solo	O=0.9999997615814209|NORM=2.489635164693027e-07
_	O=0.9999997615814209|NORM=2.566561079220264e-07
#	O=0.9999997615814209|NORM=2.463442854150344e-07
Han	O=0.9999997615814209|NORM=2.085586885414159e-07
SoloTH	O=0.9999996423721313|NORM=3.2872958399821073e-07

กับ	O=0.9999996423721313|NORM=2.9029573056504887e-07
กัต	O=0.9851692914962769|NORM=0.01483069360256195
นี	O=0.9986292123794556|NORM=0.0013705822639167309
_	O=0.9999995231628418|NORM=4.918671265841112e-07
มัน	O=0.9999997615814209|NORM=2.1306371422724624e-07
เป็น	O=0.9999997615814209|NORM=2.1479768008703104e-07
_	O=0.9999995231628418|NORM=4.043504304718226e-07
อะไร	O=0.9999997615814209|NORM=2.913849925789691e-07
ที	NORM=0.8243253827095032|O=0.17567452788352966
เขี่ยน	O=0.9999969005584717|NORM=3.0707535643159645e-06
เป็น	O=0.9999996423721313|NORM=2.907287637299305e-07
คำพูด	O=0.9999997615814209|NORM=2.402792915745522e-07
ไม่	O=0.9999997615814209|NORM=1.9972544862412178e-07
ได้	O=0.9999997615814209|NORM=2.2204426386451814e-07
เลย	O=0.9999995231628418|NORM=5.063726007392688e-07
แบบ	O=0.9999996423721313|NORM=3.3917169162123173e-07
_	O=0.9999995231628418|NORM=4.6696138156221423e-07
มัน	O=0.9999997615814209|NORM=2.64632575408541e-07
เยอะ	O=0.9999996423721313|NORM=3.4508440194258583e-07
มาก	O=0.9999994039535522|NORM=5.485252927428519e-07
อ้ะ	NORM=0.9923934936523438|O=0.0076064919121563435
_	O=0.9999996423721313|NORM=3.4116845881726476e-07
เขี่ยน	O=0.9999948740005493|NORM=5.066119683760917e-06
ไม่	O=0.9999997615814209|NORM=2.6605675884638913e-07
มด	O=0.9999984502792358|NORM=1.5619565374436206e-06
บอก	O=0.9999996423721313|NORM=3.9039761645653925e-07
ถุก	NORM=0.9998588562011719|O=0.0001411049161106348
.	O=0.9999877214431763|NORM=1.2170520676590968e-05
_	O=0.9999995231628418|NORM=4.6629787675556145e-07
แต	NORM=0.9995682835578918|O=0.00043167651165276766
ที	O=0.9999991655349731|NORM=8.797590567155567e-07
แนๆ	O=0.5977908968925476|NORM=0.40220907330513
ก็อต	O=0.9891998767852783|NORM=0.010799882933497429
เป็น	O=0.9999997615814209|NORM=1.9014183294530085e-07
วง	O=0.9999994039535522|NORM=5.606796662505076e-07
แรก	O=0.9999997615814209|NORM=2.529002642859268e-07
ที	O=0.9978362917900085|NORM=0.0021637289319187403
เรา	O=0.9999996423721313|NORM=3.04659067751345e-07
_	O=0.9999994039535522|NORM=5.26585779425659e-07
ยอม	O=0.9999997615814209|NORM=2.8289122155911173e-07
ทำ	O=0.9999998807907104|NORM=1.546471963820295e-07
อะไร	O=0.9999996423721313|NORM=3.4448922292540374e-07
แบบ	O=0.9999996423721313|NORM=3.4132139603570977e-07
นี่	O=0.9999992847442627|NORM=7.022585464255826e-07
_	O=0.9999995231628418|NORM=4.1027561792361666e-07
อะไร	O=0.9999996423721313|NORM=3.1879920925348415e-07
ที่	O=0.9999997615814209|NORM=2.6435890276843566e-07
ไม่	O=0.9999997615814209|NORM=2.884611092213163e-07
เคย	O=0.9999992847442627|NORM=6.821169904469571e-07
ทำ	O=0.9999997615814209|NORM=2.4170742563001113e-07
ก็	O=0.9999997615814209|NORM=2.5876383347167575e-07
ทำ	O=0.9999997615814209|NORM=2.0475626172355987e-07
_	O=0.9999994039535522|NORM=4.906694925921329e-07
อะไร	O=0.9999997615814209|NORM=2.8767126991624536e-07
ที	NORM=0.5957983136177063|O=0.40420159697532654
ไม่	O=0.9999997615814209|NORM=2.4003696807994856e-07
เคย	O=0.9999994039535522|NORM=6.46154944661248e-07
มี	O=0.9999996423721313|NORM=3.4064859733007324e-07
ก็	O=0.9999997615814209|NORM=2.2556525891559431e-07
ดาวน์โหลด	O=0.9999955892562866|NORM=4.459349383978406e-06
มา	O=0.9999997615814209|NORM=2.1676083861166262e-07
_	O=0.9999995231628418|NORM=4.1614561041569686e-07
คื่อ	NORM=0.9998490810394287|O=0.00015085437917150557
ทำ	O=0.9999998807907104|NORM=1.6973305605461064e-07
ถุกอยาง	NORM=0.998489499092102|O=0.0015105042839422822
อะไร	O=0.9999996423721313|NORM=3.3714130154294253e-07
ที	O=0.9855674505233765|NORM=0.01443255040794611
_	O=0.9999995231628418|NORM=4.6504953843395924e-07
ช้วย	NORM=0.9951353669166565|O=0.0048646279610693455
เขา	O=0.9999997615814209|NORM=2.9073657970002387e-07
ได้	O=0.9999997615814209|NORM=1.8920377442555036e-07
เรา	O=0.9999997615814209|NORM=2.557667073688208e-07
ก็	O=0.9999997615814209|NORM=2.459480299421557e-07
จะ	O=0.9999997615814209|NORM=2.1166891883694916e-07
ทำไห้	NORM=0.9988601207733154|O=0.001139841042459011
เขา	O=0.9999995231628418|NORM=4.7580732598362374e-07
_	O=0.9999994039535522|NORM=5.481911102833692e-07
เพราะ	O=0.9999997615814209|NORM=2.3745164412503073e-07
เขา	O=0.9999997615814209|NORM=2.6789018647832563e-07
เป็น	O=0.9999997615814209|NORM=2.458678238781431e-07
คน	O=0.9999995231628418|NORM=5.17953424150619e-07
ที	O=0.9996294975280762|NORM=0.0003705211856868118
ฉัน	O=0.9999978542327881|NORM=2.1222931536613032e-06
รัก	O=0.9999985694885254|NORM=1.4308191111922497e-06
_	O=0.9999971389770508|NORM=2.791653287204099e-06
เละ	O=0.9999984502792358|NORM=1.5502980659221066e-06
ก็	O=0.9999996423721313|NORM=3.4088810707544326e-07
จะ	O=0.9999997615814209|NORM=2.665049692041066e-07
รัก	O=0.9999995231628418|NORM=5.338291089174163e-07
จน	O=0.9999995231628418|NORM=4.956397674504842e-07
กว่า	O=0.9999996423721313|NORM=4.0799739053909434e-07
ไม่	O=0.9999992847442627|NORM=7.478605539290584e-07
มี	O=0.9999982118606567|NORM=1.794812988009653e-06
ขำ	O=0.9999979734420776|NORM=2.0164384295640048e-06
ว่า	O=0.9999995231628418|NORM=4.835159188587568e-07
_	O=0.9999992847442627|NORM=6.070723657103372e-07
got7	O=0.9999995231628418|NORM=4.324506335251499e-07
อยู	NORM=0.9636863470077515|O=0.036313727498054504

นิยาย	O=0.9999992847442627|NORM=7.701210620325583e-07
ทุกๆ	NORM=0.5386090278625488|O=0.46139082312583923
เล่ม	O=0.9999995231628418|NORM=4.350168580913305e-07
ถูก	O=0.9999997615814209|NORM=2.307585305061366e-07
อ่าน	O=0.9999996423721313|NORM=3.143287585771759e-07
ให้	O=0.9999997615814209|NORM=2.1130001925939723e-07
จบ	O=0.9999997615814209|NORM=2.83970251757637e-07
ใน	O=0.9999997615814209|NORM=2.4075524152067374e-07
1	O=0.9999996423721313|NORM=3.920299036508368e-07
วัน	O=0.9999997615814209|NORM=2.6437402311785263e-07
ต่อ	O=0.9999997615814209|NORM=2.858175207620661e-07
หนึ่ง	O=0.9999994039535522|NORM=6.3757238422113e-07
เลย	O=0.9999996423721313|NORM=3.02018463571585e-07
_	O=0.9999996423721313|NORM=3.175169638325315e-07
ไม่	O=0.9999997615814209|NORM=2.1638534519752284e-07
เคย	O=0.9999995231628418|NORM=4.344828710145521e-07
ที่	O=0.9999997615814209|NORM=2.765843021279579e-07
จะ	O=0.9999997615814209|NORM=2.562117629167915e-07
หยุด	O=0.9999996423721313|NORM=3.032525626167626e-07
ได้	O=0.9999997615814209|NORM=2.7354454346095736e-07
ก่อ	O=0.9999946355819702|NORM=5.410307949205162e-06
ที่	O=0.9999997615814209|NORM=2.741635114489327e-07
เล่ม	O=0.9999996423721313|NORM=3.7282848097675014e-07
นั้น	O=0.9999995231628418|NORM=4.634127321878623e-07
จะ	O=0.9999997615814209|NORM=2.196221515760044e-07
จบ	O=0.9999997615814209|NORM=2.732817279138544e-07
_	O=0.9999995231628418|NORM=4.195394467387814e-07
การหลง	O=0.9999994039535522|NORM=5.783473966403108e-07
ใน	O=0.9999997615814209|NORM=2.710846729314653e-07
จินตนาการ	O=0.9999793767929077|NORM=2.0587716790032573e-05
_	O=0.9999995231628418|NORM=4.081304609826475e-07
มี	O=0.9999997615814209|NORM=2.425905165637232e-07
ความทุกข์	O=0.9999994039535522|NORM=5.758399765909417e-07
_	O=0.9999995231628418|NORM=4.697301392297959e-07
ความสุข	O=0.9999992847442627|NORM=6.651558805970126e-07
_	O=0.9999996423721313|NORM=3.511523800625582e-07
เศร้า	O=0.9999995231628418|NORM=4.390111598695512e-07
และ	O=0.9999985694885254|NORM=1.4130521321931155e-06
ใจหาย	O=0.9999983310699463|NORM=1.6377173324144678e-06
ทุก	O=0.9999995231628418|NORM=4.3710656427720096e-07
ครั้ง	O=0.9999996423721313|NORM=3.821266147951974e-07
ที่	O=0.9999997615814209|NORM=2.5286624349973863e-07
เรื่องราว	O=0.9999992847442627|NORM=7.309015472856117e-07
แต่ละ	O=0.9999963045120239|NORM=3.749533107111347e-06
เรื่อง	O=0.9999996423721313|NORM=3.068933551730879e-07
มัน	O=0.9999996423721313|NORM=3.9563249742968765e-07
จบ	O=0.9999997615814209|NORM=2.848580322734051e-07
ลง	O=0.9999997615814209|NORM=2.3081334177277313e-07
_	O=0.9999995231628418|NORM=4.046659967116284e-07
ไม่	O=0.9999997615814209|NORM=2.350844141574271e-07
เคย	O=0.9999988079071045|NORM=1.2310438251006417e-06
อยาก	O=0.9999995231628418|NORM=4.877155106441933e-07
ให้	O=0.9999997615814209|NORM=2.2648222852694744e-07
นิยาย	O=0.9999990463256836|NORM=8.993997084871808e-07
เรื่อง	O=0.9999997615814209|NORM=2.780494696708047e-07
ไหน	O=0.9999996423721313|NORM=3.388542211268941e-07
จบ	O=0.9999997615814209|NORM=2.9300400683496264e-07
เลย	O=0.9999996423721313|NORM=3.87732825402054e-07
_	O=0.9999996423721313|NORM=3.339687566494831e-07
เพราะ	O=0.9999997615814209|NORM=2.2603514082675247e-07
เรา	O=0.9999997615814209|NORM=2.6546700837570825e-07
รักๆ	NORM=0.9109288454055786|O=0.089071124792099
_	O=0.9999994039535522|NORM=5.276378942653537e-07
รัก	O=0.9999995231628418|NORM=4.931733315061138e-07
ใน	O=0.9999997615814209|NORM=2.432236385629949e-07
ตัวละคร	O=0.999998927116394|NORM=1.0925600690825377e-06
เหล่า	O=0.9999996423721313|NORM=3.644970263394498e-07
นั้น	O=0.9999995231628418|NORM=5.064831611889531e-07
_	O=0.9999996423721313|NORM=3.529435161908623e-07
และ	O=0.9999995231628418|NORM=4.847995569434715e-07
หลง	O=0.9999994039535522|NORM=5.645315468427725e-07
ที่	O=0.9999997615814209|NORM=2.2157296086788847e-07
จะ	O=0.9999997615814209|NORM=2.2376636366061575e-07
เดิน	O=0.9999997615814209|NORM=2.8821912678722583e-07
ใน	O=0.9999997615814209|NORM=2.6326173951929377e-07
โลก	O=0.9999994039535522|NORM=5.933048896622495e-07
ของ	O=0.9999995231628418|NORM=4.890102900390048e-07
นิยาย	O=0.9999994039535522|NORM=6.425356104955426e-07
มาก	O=0.9999996423721313|NORM=3.765102292163647e-07
กว่า	O=0.9999996423721313|NORM=3.096530463153613e-07
โลก	O=0.9999985694885254|NORM=1.4789296756134718e-06
จริง	O=0.9999990463256836|NORM=9.461210197514447e-07

ช่วง	O=0.9999996423721313|NORM=3.0844140042063373e-07
นี้	O=0.9999997615814209|NORM=2.046241007747085e-07
หาก	O=0.9999997615814209|NORM=2.7688702175510116e-07
ใคร	O=0.9999996423721313|NORM=3.2843814778971137e-07
_	O=0.9999995231628418|NORM=4.59023965504457e-07
อยู่	O=0.9999998807907104|NORM=1.581316695364876e-07
ใกล้ๆ	NORM=0.9913303852081299|O=0.008669623173773289
_	O=0.9999996423721313|NORM=3.1378783660329645e-07
CentralWorld	O=0.9999995231628418|NORM=4.2743528183564194e-07
_	O=0.9999997615814209|NORM=2.0892935026495252e-07
ขอ	O=0.9999998807907104|NORM=1.535009488407013e-07
เชิญ	O=0.9999996423721313|NORM=3.192132567164663e-07
ไป	O=0.9999996423721313|NORM=3.3625252626734436e-07
ชม	O=0.999998927116394|NORM=1.039684320858214e-06
ผลงาน	O=0.9999996423721313|NORM=3.143671563066164e-07
ถ่าย	O=0.9999988079071045|NORM=1.1526050229804241e-06
ภาพ	O=0.999998927116394|NORM=1.081116238310642e-06
ของ	O=0.9999996423721313|NORM=3.2273311489916523e-07
มิวสิค	O=0.9999815225601196|NORM=1.8460152205079794e-05
_	O=0.9999997615814209|NORM=2.1838133079654654e-07
Music	O=0.9999997615814209|NORM=2.620458587898611e-07
_	O=0.9999997615814209|NORM=1.8994120409843163e-07
BNK48	O=0.9999995231628418|NORM=4.615977502453461e-07
_	O=0.9999997615814209|NORM=2.202366857773086e-07
ใน	O=0.9999997615814209|NORM=1.7141766761596955e-07
งาน	O=0.9999997615814209|NORM=2.2112567421572749e-07
_	O=0.9999997615814209|NORM=2.752460090960085e-07
Fujifilm	O=0.9999994039535522|NORM=6.399122298716975e-07
_	O=0.9999996423721313|NORM=3.083976025664015e-07
power	O=0.9999995231628418|NORM=4.6010518417460844e-07
_	O=0.9999997615814209|NORM=2.6513401962802163e-07
of	O=0.9999996423721313|NORM=3.069302465519286e-07
_	O=0.9999997615814209|NORM=2.5404122538930096e-07
print	O=0.9999995231628418|NORM=4.773498858412495e-07
_	O=0.9999997615814209|NORM=2.576567226242332e-07
โซน	O=0.9999994039535522|NORM=6.198628739184642e-07
_	O=0.9999997615814209|NORM=2.559099243626406e-07
1	O=0.9999997615814209|NORM=1.9263909223354858e-07
ชั้น	O=0.9999988079071045|NORM=1.1903590575457201e-06
_	O=0.9999997615814209|NORM=2.5429548600186536e-07
1	O=0.9999997615814209|NORM=2.593278338736127e-07
และ	O=0.9999996423721313|NORM=3.7909285310888663e-07
งาน	O=0.9999997615814209|NORM=2.543066557336715e-07
จะ	O=0.9999997615814209|NORM=1.7570577881542704e-07
มี	O=0.9999998807907104|NORM=1.6836946770126815e-07
มินิคอนเสิร์ต	O=0.9999908208847046|NORM=9.111685358220711e-06
_	O=0.9999996423721313|NORM=2.9908198939665454e-07
bnk48	O=0.9999992847442627|NORM=6.462904593718122e-07
ใน	O=0.9999997615814209|NORM=1.8801264900503156e-07
วันที่	O=0.9999996423721313|NORM=3.0655462524009636e-07
_	O=0.9999996423721313|NORM=2.941235095477168e-07
23	O=0.9999997615814209|NORM=2.6096452643287193e-07
_	O=0.9999997615814209|NORM=2.4519485464225e-07
ก.พ.	O=0.9999982118606567|NORM=1.7358404420519946e-06
62	O=0.9999992847442627|NORM=6.997508990025381e-07
_	O=0.9999996423721313|NORM=2.9864619932595815e-07
เวลา	O=0.9999995231628418|NORM=4.4826967382505245e-07
18	O=0.9999992847442627|NORM=7.390032124021673e-07
.	O=0.9999977350234985|NORM=2.268305479447008e-06
00	O=0.9999991655349731|NORM=8.188128504116321e-07
_	O=0.9999997615814209|NORM=2.2587913406368898e-07
ด้วย	O=0.9999998807907104|NORM=1.5807150077762344e-07
เตรียม	O=0.9999997615814209|NORM=2.3136010440794053e-07
ตัว	O=0.9999997615814209|NORM=2.141611474826277e-07
ไป	O=0.9999996423721313|NORM=3.0466603107015544e-07
เชียร์	O=0.9999995231628418|NORM=4.513006217621296e-07
ไป	O=0.9999996423721313|NORM=3.973525792844157e-07
ให้	O=0.9999997615814209|NORM=2.1634448899021663e-07
กำลังใจ	O=0.9999996423721313|NORM=3.9313135857810266e-07
มิวสิค	O=0.9999728202819824|NORM=2.7186626539332792e-05
กัน	O=0.9999997615814209|NORM=2.614759466723626e-07
นะ	O=0.9999996423721313|NORM=3.4132173709622293e-07
_	O=0.9999997615814209|NORM=2.549263342643826e-07
#MusicBNK48	O=0.9999996423721313|NORM=3.582100305266067e-07
_	O=0.9999996423721313|NORM=2.7895853804693616e-07
#MusicBNK48HBDProject	O=0.9999996423721313|NORM=3.085982314132707e-07
_	O=0.9999997615814209|NORM=2.3809791116491397e-07
#รัก	O=0.9999992847442627|NORM=7.066900025165523e-07
ไม่	O=0.9999997615814209|NORM=2.2038314284600347e-07
มี	O=0.9999997615814209|NORM=2.1359920765462448e-07
เงื่อนไข	O=0.9999994039535522|NORM=5.425666813607677e-07
2019	O=0.9999983310699463|NORM=1.6355024854419753e-06

ขอ	O=0.9999997615814209|NORM=2.670468859378161e-07
เลือก	O=0.9999994039535522|NORM=5.573471639763738e-07
เป็น	O=0.9999992847442627|NORM=6.631759106312529e-07
_	O=0.9999991655349731|NORM=7.063645171001554e-07
sss	O=0.999967098236084|NORM=3.273421316407621e-05
_	O=0.9999994039535522|NORM=5.577932711275935e-07
จาก	O=0.9999996423721313|NORM=3.219719530989096e-07
fundamental	O=0.9999979734420776|NORM=1.9867443370458204e-06
_	O=0.9999995231628418|NORM=4.228569707720453e-07
เพราะ	O=0.9999997615814209|NORM=2.4083033167698886e-07
ว่า	O=0.9999996423721313|NORM=3.433864890212135e-07
เห็น	O=0.9999996423721313|NORM=3.2091651291921153e-07
คุณ	O=0.9999996423721313|NORM=3.1951572054822464e-07
รีวิว	O=0.9999996423721313|NORM=3.92134978710601e-07
จน	O=0.9999996423721313|NORM=3.87901479825814e-07
ต้อง	O=0.9999997615814209|NORM=2.8617043312806345e-07
ไป	O=0.9999995231628418|NORM=4.191783204987587e-07
ซื้อ	O=0.9999996423721313|NORM=2.990543066516693e-07
ตาม	O=0.9999997615814209|NORM=2.844841731075576e-07
_	O=0.9999995231628418|NORM=3.911958685876016e-07
โดย	O=0.9999997615814209|NORM=2.836595172084344e-07
ส่วนตัว	O=0.9999991655349731|NORM=7.84482324434066e-07
ชอบ	O=0.9999995231628418|NORM=4.1982843868026976e-07
ผลิตภัณฑ์	O=0.9999988079071045|NORM=1.2162817029093276e-06
ของ	O=0.9999997615814209|NORM=2.593496049030364e-07
คน	O=0.9999992847442627|NORM=6.625696187256835e-07
ไทย	O=0.9999991655349731|NORM=8.717397577129304e-07
อยู่แล้ว	O=0.9999992847442627|NORM=6.614225185330724e-07
_	O=0.9999996423721313|NORM=3.47778637888041e-07
พอ	O=0.9999997615814209|NORM=2.028716323820845e-07
ใช้	O=0.9999996423721313|NORM=3.0128029493425856e-07
แล้ว	O=0.9999997615814209|NORM=2.804711130011128e-07
ก็	O=0.9999997615814209|NORM=2.6856756107918045e-07
รู้สึก	O=0.9999994039535522|NORM=5.682716164301382e-07
ชอบ	O=0.9999996423721313|NORM=3.421645260459627e-07
จริงๆ	NORM=0.9999700784683228|O=2.9849103157175705e-05
เลย	O=0.9999995231628418|NORM=4.6413146037593833e-07
ติดตาม	O=0.9999994039535522|NORM=5.530462772185274e-07
ไอจี	O=0.9999440908432007|NORM=5.595104448730126e-05
มา	O=0.9999995231628418|NORM=4.114460239179607e-07
ตลอด	O=0.9999996423721313|NORM=3.8918611267035885e-07
_	O=0.9999995231628418|NORM=3.945589526210824e-07
(	O=0.9999994039535522|NORM=5.250212211649341e-07
กันแดด	O=0.9999995231628418|NORM=4.87595968934329e-07
ของ	O=0.9999997615814209|NORM=2.821742270953109e-07
fundamental	O=0.9999985694885254|NORM=1.4125321285973769e-06
ก็	O=0.9999996423721313|NORM=2.924952582361584e-07
ใช้	O=0.9999996423721313|NORM=3.25191450656348e-07
ดี	O=0.9999995231628418|NORM=4.214607542962767e-07
ค่ะ	O=0.9999988079071045|NORM=1.168491507996805e-06
_	O=0.9999996423721313|NORM=3.1209538065013476e-07
ไป	O=0.9999997615814209|NORM=2.596951276245818e-07
ตำ	O=0.9999988079071045|NORM=1.2400188325045747e-06
มา	O=0.9999996423721313|NORM=3.9965792097973463e-07
แล้ว	O=0.9999997615814209|NORM=2.2376104880095227e-07
ด้วยยย	NORM=0.9998351335525513|O=0.00016483329818584025
)	O=0.9999988079071045|NORM=1.0941386108243023e-06
_	O=0.9999996423721313|NORM=3.4185924846497073e-07
ยัง	O=0.9999997615814209|NORM=2.65148173639318e-07
ไม่	O=0.9999996423721313|NORM=2.995806767103204e-07
มี	O=0.9999996423721313|NORM=3.073127743391524e-07
โอกาส	O=0.9999995231628418|NORM=4.5981960283825174e-07
ได้	O=0.9999997615814209|NORM=2.35408606386045e-07
บอก	O=0.9999997615814209|NORM=2.5696201078062586e-07
ขอบคุณ	O=0.9999996423721313|NORM=3.1989620197236945e-07
เลย	O=0.9999996423721313|NORM=3.599894853323349e-07
ที่	O=0.9999997615814209|NORM=1.9418202157339692e-07
ทำ	O=0.9999997615814209|NORM=2.8422846298781224e-07
ไอจี	O=0.9994857311248779|NORM=0.0005142274894751608
ดีๆ	NORM=0.9999701976776123|O=2.9788052415824495e-05
_	O=0.9999995231628418|NORM=3.9568567444803193e-07
แต่	O=0.9999996423721313|NORM=3.1254006671588286e-07
ขอบคุณ	O=0.9999997615814209|NORM=2.7116510636915336e-07
มาก	O=0.9999995231628418|NORM=4.660787169541436e-07
เลย	O=0.9999996423721313|NORM=3.3351008710269525e-07
นะ	O=0.9999995231628418|NORM=5.132271780894371e-07
คะ	O=0.9999964237213135|NORM=3.5740445127885323e-06
_	O=0.9999996423721313|NORM=3.2587229270575335e-07
ผิว	O=0.9999996423721313|NORM=3.365582585956872e-07
แข็งแรง	O=0.9999995231628418|NORM=4.176568211278209e-07
แล้ววว	NORM=0.9999035596847534|O=9.642507939133793e-05

ไม่	O=0.9999996423721313|NORM=3.0209449164431135e-07
จริง	O=0.9999996423721313|NORM=3.6398498082235164e-07
เลย	O=0.9999995231628418|NORM=5.128406428411836e-07
ค่ะ	O=0.9999995231628418|NORM=4.954611085850047e-07
นุช	O=0.9999874830245972|NORM=1.2560025425045751e-05
_	O=0.9999996423721313|NORM=3.768011822558037e-07
แอด	NORM=0.8702062368392944|O=0.12979364395141602
เชื่อ	O=0.9999996423721313|NORM=3.651730651199614e-07
ว่า	O=0.9999997615814209|NORM=2.494626016869006e-07
ทุก	O=0.9999995231628418|NORM=4.2407214095874224e-07
คน	O=0.9999995231628418|NORM=4.954034693582798e-07
ทุ่มเท	O=0.9999902248382568|NORM=9.808033610170241e-06
เพื่อ	O=0.9999996423721313|NORM=3.233394068047346e-07
ของ	O=0.9999992847442627|NORM=6.600690198865777e-07
ด้อม	O=0.9999974966049194|NORM=2.510842023184523e-06
เท่าๆ	O=0.9988503456115723|NORM=0.00114965601824224
กัน	O=0.9999996423721313|NORM=3.3657718745416787e-07
หมด	O=0.9999996423721313|NORM=2.99797903835497e-07
ค่ะ	O=0.9999994039535522|NORM=6.258336497921846e-07
_	O=0.9999996423721313|NORM=2.9933423206784937e-07
ด้อม	O=0.9999983310699463|NORM=1.6637836779409554e-06
เรา	O=0.9999997615814209|NORM=2.174731292825527e-07
จะ	O=0.9999997615814209|NORM=2.3598224174747884e-07
ขาด	O=0.9999996423721313|NORM=3.0058720312808873e-07
ใคร	O=0.9999997615814209|NORM=2.7241546263212513e-07
ไป	O=0.9999996423721313|NORM=3.112292574769526e-07
ไม่	O=0.9999997615814209|NORM=2.686218465441925e-07
ได้	O=0.9999996423721313|NORM=3.08892964540064e-07
นะ	O=0.9999996423721313|NORM=4.025720272693434e-07
คะ	O=0.9999988079071045|NORM=1.138379502663156e-06
_	O=0.9999996423721313|NORM=3.333387041948299e-07
ไม่	O=0.9999997615814209|NORM=2.59101881283641e-07
ว่า	O=0.9999984502792358|NORM=1.5130025303733419e-06
สายโหวต	O=0.9999988079071045|NORM=1.1557342531887116e-06
_	O=0.9999996423721313|NORM=2.928787807832123e-07
สายรี	O=0.999998927116394|NORM=1.020386321215483e-06
_	O=0.9999996423721313|NORM=2.8643441396525304e-07
สายปั่น	O=0.9999992847442627|NORM=7.439090836669493e-07
วิว	O=0.9999806880950928|NORM=1.9277473256806843e-05
_	O=0.9999997615814209|NORM=2.6448751100360823e-07
ทีม	O=0.9999996423721313|NORM=3.2783918868517503e-07
joox	O=0.9999994039535522|NORM=6.001440056024876e-07
_	O=0.9999996423721313|NORM=3.0138920692479587e-07
ทีมท่อ	O=0.9999972581863403|NORM=2.6905513550445903e-06
_	O=0.9999996423721313|NORM=2.941005163847876e-07
ทัพ	O=0.9999994039535522|NORM=6.216216092980176e-07
หน้า	O=0.9999997615814209|NORM=2.8112211225561623e-07
_	O=0.9999996423721313|NORM=3.1340326245299366e-07
รชศ	NORM=0.9729798436164856|O=0.027020175009965897
_	O=0.9999995231628418|NORM=4.3404881466813094e-07
รชภ	NORM=0.9172674417495728|O=0.08273258060216904
_	O=0.9999996423721313|NORM=3.141184095056815e-07
ทัพ	O=0.9999992847442627|NORM=7.505993835366098e-07
หลัง	O=0.9999996423721313|NORM=3.6900186728416884e-07
_	O=0.9999996423721313|NORM=3.7856284507142846e-07
ทุก	O=0.9999997615814209|NORM=2.517361110676575e-07
สาย	O=0.9999996423721313|NORM=3.0766113923164085e-07
ทุก	O=0.9999997615814209|NORM=2.4317051838806947e-07
ฝ่าย	O=0.9999996423721313|NORM=4.0599459794066206e-07
ทุก	O=0.9999996423721313|NORM=3.017109975189669e-07
เรือน	O=0.9999992847442627|NORM=7.148382223931549e-07
มี	O=0.9999997615814209|NORM=2.4000172516025486e-07
ความหมาย	O=0.9999995231628418|NORM=5.314199142958387e-07
กับ	O=0.9999996423721313|NORM=3.4190881592621736e-07
ผลิต	O=0.9999992847442627|NORM=7.612926538058673e-07
เท่า	O=0.9999996423721313|NORM=3.683833540435444e-07
กัน	O=0.9999996423721313|NORM=3.7193146340541716e-07
หมด	O=0.9999996423721313|NORM=3.416102742903604e-07
ค่ะ	O=0.9999973773956299|NORM=2.5894430564221693e-06
_	O=0.9999996423721313|NORM=2.820729889663198e-07
ช่วย	O=0.9999997615814209|NORM=2.673546930509474e-07
กัน	O=0.9999994039535522|NORM=5.635890261146415e-07
ผลัก	O=0.999998927116394|NORM=1.0431465398141881e-06
ดัน	O=0.9999990463256836|NORM=9.302551688961103e-07
ด้อม	O=0.9999960660934448|NORM=3.91169351132703e-06
เรา	O=0.9999997615814209|NORM=2.2671518706829374e-07
ไป	O=0.9999996423721313|NORM=3.7098774896549003e-07
พร้อมๆ	O=0.9926409125328064|NORM=0.007359016221016645
กัน	O=0.9999996423721313|NORM=3.887398918323015e-07
นะ	O=0.9999992847442627|NORM=6.530842142637994e-07
คะ	O=0.999985933303833|NORM=1.4025683412910439e-05
_	O=0.9999995231628418|NORM=4.857371891375806e-07
#	O=0.9999990463256836|NORM=9.304308150603902e-07
เป๊กผลิตโชค	O=0.9999992847442627|NORM=7.342256367337541e-07
_	O=0.9999992847442627|NORM=6.319076533145562e-07
#PFCAdsTEAM	O=0.9999994039535522|NORM=6.121028377492621e-07

กลาย	O=0.9999995231628418|NORM=4.922669063489593e-07
เป็น	O=0.9999996423721313|NORM=4.0546333934798895e-07
ว่า	O=0.9999996423721313|NORM=3.7925954643469595e-07
ไม่	O=0.9999997615814209|NORM=2.3752841116220225e-07
อยาก	O=0.9999997615814209|NORM=2.722412091316073e-07
คบ	O=0.9999947547912598|NORM=5.162818069948116e-06
กับ	O=0.9999990463256836|NORM=9.679379218141548e-07
คน	O=0.9999995231628418|NORM=4.160332593983185e-07
ที่	O=0.9999997615814209|NORM=2.456395407079981e-07
เห็น	O=0.9999997615814209|NORM=2.498983349141781e-07
เรา	O=0.9999997615814209|NORM=2.3456016151612857e-07
ครั้ง	O=0.9999997615814209|NORM=2.70291110382459e-07
แรก	O=0.9999996423721313|NORM=3.2685579753888305e-07
ก็	O=0.9999996423721313|NORM=3.67929402500522e-07
ชอบ	O=0.9999996423721313|NORM=3.320676285056834e-07
เลย	O=0.999996542930603|NORM=3.4360375593678327e-06
อะไร	O=0.9999984502792358|NORM=1.5244096402966534e-06
แบบ	O=0.9999995231628418|NORM=4.6574766088269826e-07
นี้	O=0.9999991655349731|NORM=8.35352750527818e-07
แล้ว	O=0.9999996423721313|NORM=3.8702793858647055e-07
_	O=0.9999995231628418|NORM=4.012450744994567e-07
เพราะ	O=0.9999997615814209|NORM=2.3397548432058102e-07
พอ	O=0.9999997615814209|NORM=2.1749552558958385e-07
เข้า	O=0.9999997615814209|NORM=1.995816916178228e-07
มา	O=0.9999997615814209|NORM=2.756957542260352e-07
รู้จัก	O=0.9999995231628418|NORM=4.6547947363251296e-07
กัน	O=0.9999997615814209|NORM=2.8168113885840285e-07
จริงๆ	NORM=0.9999810457229614|O=1.8870538042392582e-05
_	O=0.9999995231628418|NORM=5.043296482654114e-07
สุดท้าย	O=0.9999995231628418|NORM=5.087953809379542e-07
ก็	O=0.9999996423721313|NORM=3.427851140713756e-07
ไม่	O=0.9999997615814209|NORM=2.689209566142381e-07
ใช่	O=0.9999992847442627|NORM=6.65878133077058e-07
_	O=0.9999996423721313|NORM=3.621961752742209e-07
เพราะ	O=0.9999997615814209|NORM=2.484732135599188e-07
สันดาน	O=0.9983172416687012|NORM=0.0016827189829200506
กู	O=0.9999985694885254|NORM=1.4118883200353594e-06
นั้น	O=0.999998927116394|NORM=1.1062593330279924e-06
_	O=0.9999995231628418|NORM=4.567728524307313e-07
ไม่	O=0.9999997615814209|NORM=2.030717780598934e-07
ได้	O=0.9999997615814209|NORM=2.559614245001285e-07
เป็น	O=0.9999995231628418|NORM=4.4145039623799676e-07
แบบ	O=0.9999995231628418|NORM=4.6054549329710426e-07
รูปลักษณ์	O=0.9999985694885254|NORM=1.421490310349327e-06
ภายนอก	O=0.9999996423721313|NORM=3.055109516481025e-07
กู	O=0.9999949932098389|NORM=5.060875992057845e-06
เล้ย	O=0.9186401963233948|NORM=0.08135982602834702
_	O=0.9999995231628418|NORM=4.633451737845462e-07
อยาก	O=0.9999997615814209|NORM=1.9067552159413026e-07
ได้	O=0.9999997615814209|NORM=1.8534491630362027e-07
คน	O=0.9999996423721313|NORM=3.734590734438825e-07
ที่	O=0.9999997615814209|NORM=2.375655725472825e-07
รู้จัก	O=0.9999996423721313|NORM=3.0769956538279075e-07
กัน	O=0.9999996423721313|NORM=2.9549863711508806e-07
จน	O=0.9999997615814209|NORM=2.145689848020993e-07
สันดาน	O=0.9993423819541931|NORM=0.0006575502338819206
_	O=0.9999995231628418|NORM=4.958524755238614e-07
แล้ว	O=0.9999997615814209|NORM=1.9265361572706752e-07
แม่ง	O=0.9999991655349731|NORM=8.819196182230371e-07
ยัง	O=0.9999997615814209|NORM=2.342002858313208e-07
อยาก	O=0.9999997615814209|NORM=2.0888272445063194e-07
มี	O=0.9999997615814209|NORM=1.950139818518437e-07
กู	O=0.9999992847442627|NORM=7.398536467917438e-07
อยู่	O=0.9999997615814209|NORM=2.018345526266785e-07
ใน	O=0.9999996423721313|NORM=3.3214143968507415e-07
ชีวิต	O=0.9999997615814209|NORM=2.3569636198317312e-07
มากกว่า	O=0.9999996423721313|NORM=3.9572270793541975e-07
_	O=0.9999995231628418|NORM=4.070626573593472e-07
อี	O=0.9999960660934448|NORM=3.937402652809396e-06
พวก	O=0.9999973773956299|NORM=2.5953245312848594e-06
ที่	O=0.9999996423721313|NORM=2.9097728315718996e-07
บอก	O=0.9999992847442627|NORM=7.322466899495339e-07
ว่า	O=0.9999994039535522|NORM=5.551759159061476e-07
_	O=0.9999992847442627|NORM=6.409326829270867e-07
ชอบ	O=0.9999996423721313|NORM=3.587310573038849e-07
มาก	O=0.9999994039535522|NORM=5.356378096621484e-07
เลย	O=0.9999994039535522|NORM=6.106929504312575e-07
_	O=0.9999994039535522|NORM=5.387757369135215e-07
เธอ	O=0.9999995231628418|NORM=4.2350268358859466e-07
น่ารัก	O=0.9999983310699463|NORM=1.6588357993896352e-06
_	O=0.9999992847442627|NORM=6.847273539278831e-07
คือ	O=0.9999996423721313|NORM=3.330838467263675e-07
ไป	O=0.9999995231628418|NORM=4.211658222175174e-07
พัก	O=0.9999986886978149|NORM=1.362715238428791e-06
ก่อน	O=0.999998927116394|NORM=1.007369974104222e-06

ช่วง	O=0.9999996423721313|NORM=3.7543742337220465e-07
นี้	O=0.9999997615814209|NORM=2.3246661839948501e-07
เห็น	O=0.9999997615814209|NORM=2.6150337362196296e-07
ดราม่า	O=0.999985933303833|NORM=1.402540146955289e-05
ตากล้อง	O=0.9999995231628418|NORM=5.018458182348695e-07
เพจ	O=0.999998927116394|NORM=1.0859212125069462e-06
ต่างๆ	NORM=0.999909520149231|O=8.854364568833262e-05
ที่	O=0.9999996423721313|NORM=3.052313672924356e-07
ตาม	O=0.9999997615814209|NORM=2.5179636509164993e-07
น้องๆ	NORM=0.9999315738677979|O=6.840629794169217e-05
บ่อย	O=0.999997615814209|NORM=2.430966333122342e-06
_	O=0.9999997615814209|NORM=2.5584063223504927e-07
ใน	O=0.9999997615814209|NORM=2.3042404961870488e-07
ฐานะ	O=0.9999973773956299|NORM=2.600926791274105e-06
โอตะ	O=0.9999918937683105|NORM=8.055079888436012e-06
ภูธร	O=0.9999934434890747|NORM=6.510776529466966e-06
ห่าง	O=0.9999997615814209|NORM=2.7880568609361944e-07
ไกล	O=0.9999997615814209|NORM=2.4602144321761443e-07
จาก	O=0.9999997615814209|NORM=2.5233435962945805e-07
_	O=0.9999996423721313|NORM=3.3468037941020157e-07
กทม	O=0.9661985039710999|NORM=0.0338013730943203
_	O=0.9999996423721313|NORM=2.945791095498862e-07
ไม่	O=0.9999997615814209|NORM=1.798368174377174e-07
มี	O=0.9999997615814209|NORM=1.9995930244931515e-07
กล้อง	O=0.9999995231628418|NORM=4.6195972913665173e-07
เทพๆ	NORM=0.9925468564033508|O=0.007453129626810551
_	O=0.9999996423721313|NORM=2.806490044804377e-07
ไม่	O=0.9999997615814209|NORM=1.8051279937481013e-07
มี	O=0.9999997615814209|NORM=1.88776965615034e-07
เวลา	O=0.9999997615814209|NORM=2.0511723164418072e-07
_	O=0.9999996423721313|NORM=3.0256617833401833e-07
กำลัง	O=0.9999997615814209|NORM=2.263118830114763e-07
เงิน	O=0.9999997615814209|NORM=2.0462117333863716e-07
_	O=0.9999997615814209|NORM=2.743251457104634e-07
และ	O=0.9999996423721313|NORM=3.0309035992104327e-07
กำลัง	O=0.9999997615814209|NORM=2.0398987032876903e-07
กาย	O=0.9999997615814209|NORM=2.3839487539589754e-07
ไป	O=0.9999997615814209|NORM=2.7393929258323624e-07
ตาม	O=0.9999997615814209|NORM=1.9956380015173636e-07
ติด	O=0.9999988079071045|NORM=1.2040873116347939e-06
แบบ	O=0.9999997615814209|NORM=2.1547843687130808e-07
พวก	O=0.9999996423721313|NORM=3.575261189325829e-07
คุณ	O=0.9999997615814209|NORM=2.6138670250475116e-07
_	O=0.9999996423721313|NORM=2.957360152322508e-07
อยาก	O=0.9999997615814209|NORM=2.0557176583224646e-07
บอก	O=0.9999997615814209|NORM=2.3542183669178485e-07
ว่า	O=0.9999997615814209|NORM=2.4457270342281845e-07
ขอบคุณ	O=0.9999997615814209|NORM=2.2095849772085785e-07
มาก	O=0.9999995231628418|NORM=4.4126014131506963e-07
มาก	O=0.9999995231628418|NORM=4.926707788399654e-07
_	O=0.9999997615814209|NORM=2.267776721964765e-07
ไม่	O=0.9999997615814209|NORM=2.1060212418433366e-07
มี	O=0.9999997615814209|NORM=2.231502804761476e-07
พวก	O=0.9999995231628418|NORM=4.2947135625581723e-07
คุณ	O=0.9999997615814209|NORM=1.8726591122231184e-07
ผม	O=0.9999997615814209|NORM=2.4122405761772825e-07
ก็	O=0.9999997615814209|NORM=1.8120393008302926e-07
ไม่	O=0.9999997615814209|NORM=2.0100031861147727e-07
มี	O=0.9999997615814209|NORM=1.8857311090414441e-07
รูป	O=0.9999997615814209|NORM=2.0460068128613784e-07
น้องๆ	NORM=0.9998804330825806|O=0.00011960599658777937
_	O=0.9999995231628418|NORM=3.8635084820271004e-07
มี	O=0.9999998807907104|NORM=1.6077268583103432e-07
สตอรี่	O=0.9746071100234985|NORM=0.025392934679985046
ต่างๆ	NORM=0.9999322891235352|O=6.600506458198652e-05
ให้	O=0.9999997615814209|NORM=1.6972930438896583e-07
ผม	O=0.999998927116394|NORM=1.0632968496793183e-06
ได้	O=0.9999997615814209|NORM=2.0436336001239397e-07
_	O=0.9999994039535522|NORM=5.521545745068579e-07
ติดตาม	O=0.9999997615814209|NORM=2.749049770045531e-07
_	O=0.9999994039535522|NORM=5.465566914608644e-07
ปัญหา	O=0.9999996423721313|NORM=3.3563225088073523e-07
อาจ	O=0.9999996423721313|NORM=2.99080568311183e-07
มี	O=0.9999997615814209|NORM=2.860921313185827e-07
บ้าง	O=0.9999996423721313|NORM=3.709512839122908e-07
_	O=0.9999995231628418|NORM=4.662956598622259e-07
แต่	O=0.9999996423721313|NORM=2.98296072287485e-07
อย่า	O=0.9999997615814209|NORM=2.74549705636673e-07
ท้อ	O=0.9999995231628418|NORM=5.023926519243105e-07
นะ	O=0.9999995231628418|NORM=4.443343755156093e-07
_	O=0.9999995231628418|NORM=5.038974677518127e-07
ผม	O=0.9999970197677612|NORM=2.940502554338309e-06
รอ	O=0.9999996423721313|NORM=4.034914411477075e-07
เสพ	O=0.9996612071990967|NORM=0.00033873130450956523
ผลงาน	O=0.9999994039535522|NORM=5.508586582436692e-07
พวก	O=0.9999995231628418|NORM=5.321684852788167e-07
คุณ	O=0.9999994039535522|NORM=5.248760430731636e-07
อยู่	O=0.9999985694885254|NORM=1.39079190830671e-06
_	O=0.9999992847442627|NORM=6.729266033289605e-07
#BNK48	O=0.9999995231628418|NORM=4.1900523228832753e-07

หวี	O=0.9999788999557495|NORM=2.109402703354135e-05
แปรง	O=0.9997696280479431|NORM=0.0002303342625964433
คิตตี้	NORM=0.89922034740448|O=0.10077961534261703
_	O=0.9999996423721313|NORM=2.7033286187361227e-07
สี	O=0.9999994039535522|NORM=6.234097895685409e-07
ชมพู	O=0.9999982118606567|NORM=1.8343993133385084e-06
น่ารัก	O=0.9999972581863403|NORM=2.750407929852372e-06
สดใส	O=0.9999978542327881|NORM=2.120779754477553e-06
_	O=0.9999997615814209|NORM=2.0851851445513603e-07
พกพา	O=0.9999990463256836|NORM=1.0062929050036473e-06
สะดวก	O=0.9999996423721313|NORM=3.4575506902001507e-07
_	O=0.9999997615814209|NORM=2.0898315256090427e-07
พร้อม	O=0.9999997615814209|NORM=1.7465525559146045e-07
ส่ง	O=0.9999997615814209|NORM=1.6798898627712333e-07
1	O=0.9999997615814209|NORM=2.0774518816324417e-07
อัน	O=0.9999990463256836|NORM=8.870117085280071e-07
_	O=0.9999997615814209|NORM=2.3496966150560183e-07
199	O=0.9999996423721313|NORM=3.190659754181979e-07
฿	O=0.9999992847442627|NORM=7.472738161595771e-07
_	O=0.9999997615814209|NORM=2.1918212667060288e-07
ส่ง	O=0.9999996423721313|NORM=3.033141808828077e-07
30	O=0.9999996423721313|NORM=3.3217406780750025e-07
/	O=0.9999995231628418|NORM=4.457647264644038e-07
50	O=0.9999992847442627|NORM=6.882370939820248e-07
_	O=0.9999996423721313|NORM=3.055951651731448e-07
สนใจ	O=0.9999997615814209|NORM=2.2120053699836717e-07
dm/lineapi	O=0.9999990463256836|NORM=9.996223298003315e-07
2301	O=0.9999988079071045|NORM=1.211641460940882e-06
x	O=0.9999995231628418|NORM=4.1614279666646325e-07
_	O=0.9999996423721313|NORM=2.9177925853218767e-07
#webarebears	O=0.9999996423721313|NORM=3.321860901905893e-07
_	O=0.9999997615814209|NORM=2.412990909306245e-07
#grizz	O=0.9999995231628418|NORM=5.05427919961221e-07
_	O=0.9999997615814209|NORM=2.343864053955258e-07
#icebear	O=0.9999997615814209|NORM=2.799273204345809e-07
_	O=0.9999997615814209|NORM=2.312114446567648e-07
#panpan	O=0.9999996423721313|NORM=3.423212149300525e-07
_	O=0.9999997615814209|NORM=2.4980019475151494e-07
#hellokitty	O=0.9999996423721313|NORM=3.3869653748297424e-07
_	O=0.9999997615814209|NORM=2.4229319706137176e-07
#mymelody	O=0.9999996423721313|NORM=3.603755658332375e-07
_	O=0.9999997615814209|NORM=2.56915200225194e-07
#cinnamonroll	O=0.9999996423721313|NORM=4.0752300378699147e-07
_	O=0.9999997615814209|NORM=2.7354352027941786e-07
#sanrio	O=0.9999996423721313|NORM=3.717328524999175e-07
_	O=0.9999997615814209|NORM=2.6761566118693736e-07
#rilakkuma	O=0.9999995231628418|NORM=4.4855448777525453e-07
_	O=0.9999997615814209|NORM=2.606369378099771e-07
#pinkpanther	O=0.9999996423721313|NORM=3.944059017157997e-07
_	O=0.9999997615814209|NORM=2.482841807704972e-07
#gudetama	O=0.9999995231628418|NORM=4.396379438276199e-07
_	O=0.9999997615814209|NORM=2.6330414470976393e-07
#kakaofriends	O=0.9999996423721313|NORM=3.712471539074613e-07
_	O=0.9999997615814209|NORM=2.691398037768522e-07
#ryan	O=0.9999996423721313|NORM=3.6977758099965286e-07
_	O=0.9999996423721313|NORM=2.871718152164249e-07
#apeach	O=0.9999995231628418|NORM=4.3512309844118136e-07
_	O=0.9999997615814209|NORM=2.508395766653848e-07
#muzi	O=0.9999996423721313|NORM=3.910571706455812e-07
_	O=0.9999997615814209|NORM=2.4937887133091863e-07
#tube	O=0.9999994039535522|NORM=6.486288839369081e-07
_	O=0.9999997615814209|NORM=2.3714476071745594e-07
#neo	O=0.9999994039535522|NORM=6.02979241648427e-07
_	O=0.9999997615814209|NORM=2.4420700128757744e-07
#หวี	O=0.9999926090240479|NORM=7.427511263813358e-06
_	O=0.9999990463256836|NORM=9.312084898738249e-07
#หวีแปรง	O=0.9999972581863403|NORM=2.727887704168097e-06
_	O=0.9999992847442627|NORM=7.096460876709898e-07
#หวีพกพา	O=0.9999986886978149|NORM=1.355749077447399e-06
_	O=0.9999992847442627|NORM=6.923316959728254e-07
#คิตตี้	O=0.9999741315841675|NORM=2.5810459192143753e-05

#BNK48	O=0.9999994039535522|NORM=6.367696983033966e-07
_	O=0.9999996423721313|NORM=3.588891388517368e-07
งาน	O=0.9999997615814209|NORM=2.474075131431164e-07
ชิป	O=0.9999935626983643|NORM=6.398342975444393e-06
_	O=0.9999996423721313|NORM=3.0045362109376583e-07
อฟซ	O=0.9994516968727112|NORM=0.0005483180284500122
หรอ	NORM=0.6711768507957458|O=0.32882314920425415
_	O=0.9999996423721313|NORM=3.6813997894569184e-07
จัด	O=0.9999998807907104|NORM=1.7444537547817163e-07
รับ	O=0.9999997615814209|NORM=2.153894627099362e-07
วาเลนไทน์	O=0.9999983310699463|NORM=1.6547119230381213e-06
หรือ	O=0.9999486207962036|NORM=5.140661232871935e-05
ไง	NORM=0.9949748516082764|O=0.0050251679494977
_	O=0.9999996423721313|NORM=3.235874146412243e-07
ปล.	NORM=0.9967821836471558|O=0.0032178177498281
มี	O=0.9999997615814209|NORM=2.308294000386013e-07
ลาง	O=0.9999954700469971|NORM=4.562984486256028e-06
ว่า	O=0.9999997615814209|NORM=2.482602781128662e-07
อาจ	O=0.9999997615814209|NORM=2.5547464588271396e-07
จะ	O=0.9999997615814209|NORM=2.2359783713454817e-07
จาง	O=0.9999990463256836|NORM=9.68925291999767e-07
_	O=0.9999996423721313|NORM=3.51682558630273e-07
เล่น	O=0.9999997615814209|NORM=2.3833462137190509e-07
แบบ	O=0.9999996423721313|NORM=3.512706143737887e-07
ไหน	O=0.9999994039535522|NORM=5.949503361080133e-07
ดี	O=0.9999996423721313|NORM=3.438124736021564e-07
_	O=0.9999997615814209|NORM=2.3641901236715057e-07
ชง	O=0.9999988079071045|NORM=1.2409545888658613e-06
ชิป	O=0.9999593496322632|NORM=4.0681577957002446e-05
คู่	O=0.9999995231628418|NORM=5.309300377120962e-07
_	O=0.9999996423721313|NORM=3.0276248708105413e-07
สร้าง	O=0.9999997615814209|NORM=2.5457208607804205e-07
โมเมนต์	O=0.9999624490737915|NORM=3.753475903067738e-05
_	O=0.9999996423721313|NORM=3.279548934642662e-07
รีเควส	O=0.9999363422393799|NORM=6.366943853208795e-05
คำ	O=0.9999995231628418|NORM=4.714000567673793e-07
พูด	O=0.9999996423721313|NORM=3.381220778919669e-07
_	O=0.9999996423721313|NORM=3.2586078191343404e-07
หรือ	O=0.9999990463256836|NORM=9.384601753481547e-07
เล่น	O=0.9999996423721313|NORM=3.91951004985458e-07
เกมส์	NORM=0.7906127572059631|O=0.20938721299171448
จับ	O=0.9999996423721313|NORM=3.817397953298496e-07
คู่	O=0.9999996423721313|NORM=3.9858150557847694e-07
_	O=0.9999995231628418|NORM=4.2510913544901996e-07
ถ่ายรูป	O=0.9999959468841553|NORM=4.003963567811297e-06
คู่	O=0.9999996423721313|NORM=3.163038115872041e-07
ก็	O=0.9999997615814209|NORM=2.2951061851017585e-07
ดี	O=0.9999997615814209|NORM=2.5518244228806e-07
นะ	O=0.9999995231628418|NORM=4.346635762431106e-07
_	O=0.9999996423721313|NORM=3.906531276243186e-07
.....	O=0.9999994039535522|NORM=6.170636766000825e-07
_	O=0.9999997615814209|NORM=2.723178340602317e-07
งาน	O=0.9999997615814209|NORM=1.9725837319128914e-07
นี้	O=0.9999997615814209|NORM=2.587435972145613e-07
เรือ	O=0.9999995231628418|NORM=4.37508191453162e-07
ผี	O=0.9999996423721313|NORM=4.0759488229014096e-07
ไม่	O=0.9999997615814209|NORM=2.213163838860055e-07
เกี่ยว	O=0.9999990463256836|NORM=9.206107165482535e-07
ไม่	O=0.9999997615814209|NORM=2.1916414993938815e-07
เล่น	O=0.9999997615814209|NORM=2.736280464432639e-07
ด้วย	O=0.9999997615814209|NORM=1.809588638934656e-07
_	O=0.9999995231628418|NORM=4.093610641575651e-07
(	O=0.9999990463256836|NORM=9.148378694590065e-07
แต่	O=0.9999997615814209|NORM=2.4573421342211077e-07
ขอ	O=0.9999997615814209|NORM=2.151351168322435e-07
อย่าง	O=0.9999997615814209|NORM=2.8718582711917406e-07
อฟซ	O=0.9997721314430237|NORM=0.00022769064526073635
ชง	O=0.999998927116394|NORM=1.124758796322567e-06
งาน	O=0.9999996423721313|NORM=2.988977882978361e-07
ชิป	O=0.9999885559082031|NORM=1.1384456229279749e-05
เอง	O=0.9999996423721313|NORM=3.691285712648096e-07
แบบ	O=0.9999996423721313|NORM=3.827488228580478e-07
นี้	O=0.9999995231628418|NORM=4.977619028068148e-07
อย่า	O=0.9999997615814209|NORM=2.7723288553715975e-07
เอา	O=0.9999997615814209|NORM=2.041101510030785e-07
มา	O=0.9999996423721313|NORM=3.654179749901232e-07
ขิง	O=0.9999080896377563|NORM=9.196029714075848e-05
ใน	O=0.9999929666519165|NORM=7.009223736531567e-06
แท็ก	O=0.9999967813491821|NORM=3.201695562893292e-06
อื่น	O=0.9999992847442627|NORM=6.600878919016395e-07
ที่	O=0.9999992847442627|NORM=6.825334821769502e-07
ไม่	O=0.9999995231628418|NORM=4.532670629942004e-07
ใช่	O=0.9999988079071045|NORM=1.134932404056599e-06
แท็ค	NORM=0.999872088432312|O=0.00012785763829015195
ตัวเอง	O=0.9999995231628418|NORM=4.2787613097061694e-07
แล้ว	O=0.9999994039535522|NORM=5.371530278353021e-07
กัน	O=0.9999996423721313|NORM=4.0212233898273553e-07
_	O=0.999998927116394|NORM=1.0408451771581895e-06
มัน	O=0.9999992847442627|NORM=6.179628257996228e-07
ไม่	O=0.9999995231628418|NORM=3.9891151004667336e-07
งาม	O=0.9999986886978149|NORM=1.3437318102660356e-06
)	O=0.9999966621398926|NORM=3.3111937227658927e-06

ในขณะที่	O=0.9999401569366455|NORM=5.9785274061141536e-05
ฤดูใหม่	O=0.9999997615814209|NORM=2.935298084594251e-07
กำลัง	O=0.9999997615814209|NORM=2.4603437509540527e-07
คืบคลาน	O=0.9972519278526306|NORM=0.0027480139397084713
เข้า	O=0.9999997615814209|NORM=2.704589974200644e-07
มา	O=0.9999997615814209|NORM=2.790983160139149e-07
_	O=0.9999996423721313|NORM=3.3948981581488624e-07
ฤดู	O=0.9999995231628418|NORM=4.6686164978382294e-07
แรก	O=0.9999997615814209|NORM=2.439744548610179e-07
ที่	O=0.9999997615814209|NORM=1.9513676363658305e-07
ผ่าน	O=0.9999997615814209|NORM=2.7228068688600615e-07
อะไร	O=0.9999995231628418|NORM=4.975872798240744e-07
ต่างๆ	NORM=0.9999799728393555|O=1.9570023141568527e-05
มา	O=0.9999997615814209|NORM=2.5654478008618753e-07
มากมาย	O=0.9999990463256836|NORM=9.683986945674405e-07
ก็	O=0.9999996423721313|NORM=3.177138410137559e-07
แข็งแกร่ง	O=0.9999994039535522|NORM=6.005230375194515e-07
พร้อม	O=0.9999996423721313|NORM=3.128143930553051e-07
รับ	O=0.9999997615814209|NORM=2.5547490167809883e-07
ทุก	O=0.9999995231628418|NORM=4.2812882838916266e-07
สถานการณ์	O=0.9999992847442627|NORM=6.671724008810997e-07
_	O=0.9999997615814209|NORM=2.4827423317219655e-07
เจ้า	O=0.9999997615814209|NORM=2.3765916523643682e-07
ป๋อง	O=0.9999988079071045|NORM=1.165295543614775e-06
น้อง	O=0.9999992847442627|NORM=6.79646291246172e-07
จ๋า	O=0.9999995231628418|NORM=4.862229161517462e-07
_	O=0.9999997615814209|NORM=2.521063322546979e-07
เติบโต	O=0.9999997615814209|NORM=2.7702725446943077e-07
ไป	O=0.9999996423721313|NORM=3.391594134427578e-07
อย่าง	O=0.9999997615814209|NORM=2.8522825346044556e-07
สวยงาม	O=0.9999992847442627|NORM=7.531642154390283e-07
นะ	O=0.9999997615814209|NORM=2.895702664318378e-07
เจ้า	O=0.9999996423721313|NORM=3.095151726029144e-07
เด็ก	O=0.9999995231628418|NORM=4.603479055731441e-07
_	O=0.9999997615814209|NORM=2.378609735842474e-07
ยัง	O=0.9999997615814209|NORM=1.9957903418799106e-07
ตก	O=0.9999995231628418|NORM=4.3418793893579277e-07
พี่	O=0.9999995231628418|NORM=5.204534545555362e-07
ได้	O=0.9999997615814209|NORM=1.968027163457009e-07
ทุก	O=0.9999997615814209|NORM=2.645656991262513e-07
วัน	O=0.9999997615814209|NORM=2.532333098770323e-07
เหมือน	O=0.9999996423721313|NORM=3.201818969955639e-07
เดิม	O=0.9999997615814209|NORM=2.677502095593809e-07
_	O=0.9999996423721313|NORM=2.7032928073822404e-07
มี	O=0.9999997615814209|NORM=1.9813319340755697e-07
กำลังใจ	O=0.9999997615814209|NORM=2.821933549057576e-07
ทุก	O=0.9999995231628418|NORM=4.3102275526507583e-07
ครั้ง	O=0.9999958276748657|NORM=4.164777692494681e-06
ที่	O=0.9999995231628418|NORM=5.101572355670214e-07
คิดถึง	O=0.9999958276748657|NORM=4.134763912588824e-06
_	O=0.9999995231628418|NORM=4.663690731376846e-07
เดิน	O=0.9999997615814209|NORM=2.532337930460926e-07
ไป	O=0.9999996423721313|NORM=3.088912023940793e-07
พร้อมๆ	NORM=0.9757587909698486|O=0.024241162464022636
กัน	O=0.9999996423721313|NORM=3.1142315037868684e-07
_	O=0.9999996423721313|NORM=3.101430650076509e-07
ถ้า	O=0.9999998807907104|NORM=1.544491112781543e-07
ติด	O=0.9999996423721313|NORM=3.4853729857786675e-07
ซิง	NORM=0.6555491089820862|O=0.34445086121559143
4	O=0.9999995231628418|NORM=4.3036226315962267e-07
ด้วย	O=0.9999997615814209|NORM=1.805133251764346e-07
กัน	O=0.9999997615814209|NORM=2.095779052524449e-07
_	O=0.9999996423721313|NORM=2.9111413368809735e-07
ก็	O=0.9999997615814209|NORM=1.9523039895830152e-07
คง	O=0.9999995231628418|NORM=4.6914772156014806e-07
ดี	O=0.9999997615814209|NORM=2.560866789735883e-07
เนาะ	NORM=0.9728534817695618|O=0.027146531268954277
_	O=0.9999997615814209|NORM=2.4147496446857986e-07
#แคนจ๋า	O=0.9999996423721313|NORM=3.8724797946088074e-07
_	O=0.9999997615814209|NORM=2.2348379502545868e-07
#CanBNK48	O=0.9999997615814209|NORM=2.924239197454881e-07
_	O=0.9999997615814209|NORM=1.931295088297702e-07
#JaaBNK48	O=0.9999996423721313|NORM=3.2875027500267606e-07
_	O=0.9999997615814209|NORM=2.1329080368559517e-07
#BNK48	O=0.9999995231628418|NORM=4.239261670591077e-07

มี	O=0.9999997615814209|NORM=2.513031347461947e-07
ช่วงนึง	NORM=0.9997202754020691|O=0.0002797492197714746
ที่	O=0.9999996423721313|NORM=3.646750315056124e-07
เซเว่น	O=0.9999948740005493|NORM=5.126082214701455e-06
จะ	O=0.9999996423721313|NORM=3.620704660534102e-07
เปลี่ยน	O=0.9999996423721313|NORM=3.087368725118722e-07
ประตู	O=0.9999995231628418|NORM=5.305068953020964e-07
จาก	O=0.9999996423721313|NORM=3.9083087699509633e-07
แบบ	O=0.9999991655349731|NORM=8.428266937698936e-07
ผลัก	O=0.9999988079071045|NORM=1.232413410434674e-06
มา	O=0.9999992847442627|NORM=6.672996164525102e-07
เป็น	O=0.9999992847442627|NORM=7.175019050009723e-07
อัตโนมัติ	O=0.9999983310699463|NORM=1.706222406028246e-06
_	O=0.9999995231628418|NORM=4.767271093442105e-07
ด้วยความที่	O=0.99998939037323|NORM=1.0599512279441115e-05
เป็น	O=0.9999995231628418|NORM=4.454897180039552e-07
เด็ก	O=0.9999986886978149|NORM=1.2796482451449265e-06
เลย	O=0.9999992847442627|NORM=7.300196784854052e-07
ลอง	O=0.9999996423721313|NORM=3.9724915268379846e-07
เดิน	O=0.9999996423721313|NORM=3.216895834157185e-07
ไป	O=0.9999996423721313|NORM=4.042903185563773e-07
ค้าง	O=0.9999980926513672|NORM=1.912033667395008e-06
อยู่	O=0.9999996423721313|NORM=4.0035678239291883e-07
ที่	O=0.9999996423721313|NORM=3.7236512184790627e-07
ประตู	O=0.9999995231628418|NORM=5.148896207174403e-07
ดู	O=0.9999996423721313|NORM=3.72274968185593e-07
สิ	O=0.9999995231628418|NORM=4.5706914875154325e-07
ว่า	O=0.9999995231628418|NORM=4.465416623133933e-07
มัน	O=0.9999995231628418|NORM=4.1386272187082795e-07
จะ	O=0.9999996423721313|NORM=3.496282658943528e-07
ทำ	O=0.9999997615814209|NORM=2.8569405685630045e-07
ยังไง	O=0.5564796328544617|NORM=0.44352036714553833
_	O=0.9999994039535522|NORM=5.598643042503681e-07
สุดท้าย	O=0.9999995231628418|NORM=5.162102070244146e-07
มัน	O=0.9999996423721313|NORM=2.980435738209053e-07
มา	O=0.9999996423721313|NORM=3.2459067256240814e-07
หนีบ	O=0.9999973773956299|NORM=2.5918245682987617e-06
กู	O=0.999998927116394|NORM=1.0156107919101487e-06
อี	O=0.9999988079071045|NORM=1.142632413575484e-06
สัส	NORM=0.9989455342292786|O=0.0010541995288804173
_	O=0.9999995231628418|NORM=4.6419700083788484e-07
กู	O=0.9999992847442627|NORM=7.423634542647051e-07
อึ้ง	O=0.9999979734420776|NORM=2.0698414573416812e-06
มาก	O=0.9999996423721313|NORM=3.2763915669420385e-07
ทั้ง	O=0.9999995231628418|NORM=4.1764127445276245e-07
เซเว่น	O=0.999993085861206|NORM=6.888076768518658e-06
มอง	O=0.9999996423721313|NORM=3.998851525466307e-07
กู	O=0.9999994039535522|NORM=5.994988327984174e-07
_	O=0.9999994039535522|NORM=5.348619538381172e-07
ไม่	O=0.9999996423721313|NORM=3.5770310091720603e-07
พอ	O=0.9999992847442627|NORM=6.578819693459081e-07
มัน	O=0.9999996423721313|NORM=3.1398181477015896e-07
มา	O=0.9999997615814209|NORM=2.8381836614244094e-07
หนีบ	O=0.9999984502792358|NORM=1.5001863857833087e-06
กู	O=0.9999990463256836|NORM=9.624317272027838e-07
ซ้ำ	O=0.9999995231628418|NORM=4.339627537319757e-07
อีก	O=0.9999996423721313|NORM=3.177714233970619e-07
รอบ	O=0.9999996423721313|NORM=4.0912618715083227e-07
_	O=0.9999994039535522|NORM=6.076841145841172e-07
อาย	O=0.9999994039535522|NORM=6.015088729327545e-07
แทบ	O=0.9999996423721313|NORM=3.2011533335207787e-07
มุด	O=0.9999988079071045|NORM=1.1938446959902649e-06
แผ่นดิน	O=0.9999992847442627|NORM=7.030499773463816e-07
หนี	O=0.9999994039535522|NORM=6.404414989447105e-07
_	O=0.9999995231628418|NORM=4.7264154545700876e-07
ทุกคน	O=0.9999988079071045|NORM=1.1984280945398496e-06
ต่าง	O=0.9999992847442627|NORM=6.917093742231373e-07
มอง	O=0.9999995231628418|NORM=4.6801400799267867e-07
กู	O=0.9999990463256836|NORM=9.077487561626185e-07
ด้วย	O=0.9999996423721313|NORM=3.204464462669421e-07
สายตา	O=0.9999995231628418|NORM=4.3500401147866796e-07
ที่	O=0.9999996423721313|NORM=3.8843342053951346e-07
ว่าง	O=0.9999995231628418|NORM=4.6506900730491907e-07
เปล่า	O=0.9999994039535522|NORM=5.871346502317465e-07
_	O=0.9999990463256836|NORM=8.788608170107182e-07
555	O=0.9999991655349731|NORM=8.320769779857073e-07
_	O=0.9999994039535522|NORM=6.073167924114387e-07
#เรื่องมันช่างน่าอาย	O=0.9999922513961792|NORM=7.728087439318188e-06

#รีวิว	O=0.9999996423721313|NORM=3.5629736316877825e-07
_	O=0.9999997615814209|NORM=2.709337536543899e-07
#	O=0.9999997615814209|NORM=2.526083733300766e-07
ซีรีย์	NORM=0.9987362027168274|O=0.0012637717882171273
จีน	O=0.9999939203262329|NORM=6.033852059772471e-06
_	O=0.9999997615814209|NORM=2.650743624599272e-07
ตำนานรักฝูเหยา	O=0.9999330043792725|NORM=6.701352685922757e-05
_	O=0.9999997615814209|NORM=2.6953694032272324e-07
เป็น	O=0.9999997615814209|NORM=2.0821666169013042e-07
แนว	O=0.9999995231628418|NORM=4.6505749651259976e-07
วางแผน	O=0.9999997615814209|NORM=2.072133185038183e-07
โค่น	O=0.9999996423721313|NORM=3.754803969968634e-07
ล้ม	O=0.9999996423721313|NORM=3.308537941393297e-07
_	O=0.9999996423721313|NORM=2.9778701104987704e-07
+	O=0.9999997615814209|NORM=2.2822351297691057e-07
_	O=0.9999997615814209|NORM=2.4117116481647827e-07
กำลัง	O=0.9999997615814209|NORM=1.8995207540228876e-07
ภายใน	O=0.9999997615814209|NORM=2.623116586164542e-07
_	O=0.9999996423721313|NORM=3.455197088442219e-07
ย้าย	O=0.9999997615814209|NORM=2.3222597178573778e-07
เมือง	O=0.9999996423721313|NORM=4.1389870375496685e-07
ไป	O=0.9999996423721313|NORM=3.036206805973052e-07
เรื่อยๆ	NORM=0.999963641166687|O=3.625674798968248e-05
_	O=0.9999996423721313|NORM=2.806693544243899e-07
มี	O=0.9999997615814209|NORM=2.0992075633330387e-07
ทั้งหมด	O=0.9999995231628418|NORM=4.76989498565672e-07
_	O=0.9999997615814209|NORM=2.54735056159916e-07
66	O=0.9999996423721313|NORM=3.1866818517301e-07
_	O=0.9999997615814209|NORM=2.2532726973167883e-07
ตอน	O=0.9999997615814209|NORM=1.834390701560551e-07
_	O=0.9999997615814209|NORM=2.1284704132540355e-07
ลุ้น	O=0.9999997615814209|NORM=2.7502929356160166e-07
กับ	O=0.9999996423721313|NORM=3.15076675860837e-07
ความรัก	O=0.9999996423721313|NORM=3.133542350042262e-07
ของ	O=0.9999997615814209|NORM=2.338258155987205e-07
ทั้ง	O=0.9999997615814209|NORM=1.7639345628595038e-07
คู่	O=0.9999997615814209|NORM=2.1734331312472932e-07
_	O=0.9999997615814209|NORM=2.36447633028547e-07
รักๆ	O=0.995667576789856|NORM=0.00433239433914423
พรากๆ	O=0.9996979236602783|NORM=0.0003020556760020554
_	O=0.9999997615814209|NORM=2.6759295224110247e-07
อุปสรรค	O=0.9999995231628418|NORM=4.3156896367690933e-07
เยอะ	O=0.9999997615814209|NORM=1.993480935880143e-07
ไป	O=0.9999994039535522|NORM=5.464352739181777e-07
หมด	O=0.9999997615814209|NORM=2.7115734724247886e-07
_	O=0.9999997615814209|NORM=2.55375994129281e-07
สรุป	O=0.9999997615814209|NORM=2.1757828960744519e-07
อีก	O=0.9999997615814209|NORM=2.2358803164479468e-07
ที	O=0.9999997615814209|NORM=2.1921431425653282e-07
สนุก	O=0.9999997615814209|NORM=2.2961110346386704e-07
จร้า	NORM=0.9986945986747742|O=0.0013053292641416192
_	O=0.9999996423721313|NORM=2.9058128347969614e-07
ดู	O=0.9999997615814209|NORM=1.9764817693612713e-07
เหอะ	O=0.9993898868560791|NORM=0.0006100981263443828
เชื่อ	O=0.9999980926513672|NORM=1.8860885120375315e-06
_	O=0.9999995231628418|NORM=4.1189318267242925e-07
#	O=0.9999996423721313|NORM=3.654012346032687e-07
เจ๊	O=0.9999860525131226|NORM=1.396703373757191e-05
เตย	O=0.9999963045120239|NORM=3.7044258078822168e-06
รีวิว	O=0.9999995231628418|NORM=4.309759162879345e-07
_	O=0.9999996423721313|NORM=2.641272942582873e-07
แหล่ง	O=0.9999995231628418|NORM=5.078485969534086e-07
ที่	O=0.9999997615814209|NORM=2.0171910364297219e-07
ดู	O=0.9999997615814209|NORM=2.787360244838055e-07
_	O=0.9999996423721313|NORM=2.731331676386617e-07
LINE	O=0.9999992847442627|NORM=7.106361863407074e-07
_	O=0.9999996423721313|NORM=3.06850637343814e-07
TV	O=0.9999996423721313|NORM=2.886710603888787e-07
_	O=0.9999996423721313|NORM=3.007047553182929e-07
มี	O=0.9999997615814209|NORM=1.872369921329664e-07
แบบ	O=0.9999990463256836|NORM=8.995883717943798e-07
พากย์	O=0.9999964237213135|NORM=3.5218370157963363e-06
ไทย	O=0.9999983310699463|NORM=1.6022896716094692e-06
_	O=0.9999996423721313|NORM=3.3051162517949706e-07
แต่	O=0.9999997615814209|NORM=2.6393897201160144e-07
เพิ่ง	O=0.9999949932098389|NORM=5.03654246131191e-06
ปล่อย	O=0.9999992847442627|NORM=7.322746569116134e-07
ออก	O=0.9999997615814209|NORM=2.0374918108245765e-07
มา	O=0.9999996423721313|NORM=3.870205773637281e-07
ไม่	O=0.9999995231628418|NORM=4.273488514172641e-07
กี่	O=0.9999954700469971|NORM=4.550139237835538e-06
_	O=0.9999992847442627|NORM=6.651076205343998e-07
EP	O=0.9999942779541016|NORM=5.741253971791593e-06
_	O=0.9999995231628418|NORM=4.762199807828438e-07
ถ้า	O=0.9999996423721313|NORM=2.96397303145568e-07
อยาก	O=0.9999995231628418|NORM=4.198180079129088e-07
ดู	O=0.9999996423721313|NORM=3.174019127527572e-07
ซับ	NORM=0.7764790654182434|O=0.22352053225040436
ไทย	O=0.9999830722808838|NORM=1.6946574760368094e-05
_	O=0.9999995231628418|NORM=4.421675328103447e-07
GG	O=0.9999988079071045|NORM=1.207090463140048e-06

Kpop	O=0.9999990463256836|NORM=9.843404313869542e-07
_	O=0.9999996423721313|NORM=3.209798649095319e-07
สมัย	O=0.9999997615814209|NORM=2.2954411349473958e-07
นี้	O=0.9999997615814209|NORM=2.4216726046688564e-07
อยู่	O=0.9999997615814209|NORM=2.358182342732107e-07
ยาก	O=0.9999996423721313|NORM=3.5918702678827685e-07
ขึ้น	O=0.9999996423721313|NORM=3.03462911688257e-07
ทุก	O=0.9999994039535522|NORM=5.321064122654207e-07
ที	O=0.9999995231628418|NORM=4.396245003590593e-07
_	O=0.9999996423721313|NORM=3.017731557974912e-07
ไม่	O=0.9999997615814209|NORM=2.5197940090038173e-07
ได้	O=0.9999997615814209|NORM=2.520933435334882e-07
แดซัง	O=0.9999703168869019|NORM=2.965098974527791e-05
=	O=0.9999996423721313|NORM=3.688431888804189e-07
นูกู	O=0.9999959468841553|NORM=4.027988779853331e-06
_	O=0.9999996423721313|NORM=3.2778572744973644e-07
ซึ่ง	O=0.9999996423721313|NORM=3.3582435321477533e-07
แดซัง	O=0.9999923706054688|NORM=7.602719506394351e-06
นั้น	O=0.999998927116394|NORM=1.0291487342328764e-06
มี	O=0.9999997615814209|NORM=2.4220148020503984e-07
แค่	O=0.9999996423721313|NORM=3.710386806687893e-07
รางวัล	O=0.9999996423721313|NORM=3.530687706643221e-07
เดียว	O=0.9999996423721313|NORM=3.849536369671114e-07
คน	O=0.9999977350234985|NORM=2.250614898002823e-06
จะ	O=0.9999997615814209|NORM=2.240946201936822e-07
ได้	O=0.9999997615814209|NORM=2.2444943681421137e-07
ต้อง	O=0.9999997615814209|NORM=2.210697829241326e-07
มี	O=0.9999997615814209|NORM=2.611696743315406e-07
แฟนด้อม	O=0.9999966621398926|NORM=3.3573001019249205e-06
และ	O=0.999998927116394|NORM=1.0389519502496114e-06
กระแส	O=0.9999990463256836|NORM=9.585086218066863e-07
ใน	O=0.9999995231628418|NORM=4.5304707896320906e-07
เกา	NORM=0.9998701810836792|O=0.00012980202154722065
เยอะ	O=0.9999997615814209|NORM=2.4414251242887985e-07
มากกกก	NORM=0.9999239444732666|O=7.539418584201485e-05
_	O=0.9999996423721313|NORM=3.29646297814179e-07
วง	O=0.9999986886978149|NORM=1.3321435972102336e-06
ที่	O=0.9999997615814209|NORM=2.333956103939272e-07
เป็น	O=0.9999996423721313|NORM=3.3688931466713257e-07
ตำนาน	O=0.9999991655349731|NORM=8.028247293623281e-07
(	O=0.9999991655349731|NORM=7.646818858120241e-07
แต่	O=0.9999997615814209|NORM=2.824494060860161e-07
รุ่น	O=0.9999996423721313|NORM=3.2540674510528333e-07
หลัง	O=0.9999995231628418|NORM=4.377444327019475e-07
ไม่	O=0.9999996423721313|NORM=3.153736827243847e-07
ทัน	O=0.9999992847442627|NORM=6.965835837036138e-07
)=	O=0.999997615814209|NORM=2.319334498679382e-06
นูกู	O=0.999996542930603|NORM=3.466105681582121e-06
_	O=0.9999996423721313|NORM=3.505313657115039e-07
เพลง	O=0.9999997615814209|NORM=2.791837800941721e-07
ไม่	O=0.9999997615814209|NORM=2.5203109998983564e-07
แล่น	O=0.999998927116394|NORM=1.0102668284162064e-06
ใน	O=0.9999997615814209|NORM=2.48693453386295e-07
ชาร์ต	O=0.9998663663864136|NORM=0.0001335679116891697
ตบอด	O=0.9643892645835876|NORM=0.03561064228415489
ปี	O=0.9999997615814209|NORM=1.984179505143402e-07
=	O=0.9999996423721313|NORM=3.6600425801225356e-07
นูกู	O=0.9999953508377075|NORM=4.58675276604481e-06
_	O=0.9999996423721313|NORM=3.593830228965089e-07
จริงๆ	NORM=0.9993196725845337|O=0.0006794948130846024
แค่	O=0.9999997615814209|NORM=2.4086247663035465e-07
ทำ	O=0.9999997615814209|NORM=1.8423044423343526e-07
รายได้	O=0.9999997615814209|NORM=2.645924723765347e-07
ให้	O=0.9999997615814209|NORM=2.0481522255977325e-07
ค่าย	O=0.9999979734420776|NORM=1.996238552237628e-06
และ	O=0.999998927116394|NORM=1.0119166518052225e-06
วง	O=0.9999985694885254|NORM=1.3739598898609984e-06
ไม่	O=0.9999997615814209|NORM=2.5206858822457434e-07
ขาดทุน	O=0.9999994039535522|NORM=5.428502731774643e-07
_	O=0.9999997615814209|NORM=2.61198294992937e-07
วง	O=0.999998927116394|NORM=1.0388221198809333e-06
ขาย	O=0.9999997615814209|NORM=2.8939052754139993e-07
ได้	O=0.9999997615814209|NORM=2.325249255363815e-07
ตลอด	O=0.9999996423721313|NORM=3.440883347138879e-07
ก็	O=0.9999996423721313|NORM=3.1698053248874203e-07
โอเค	O=0.9999961853027344|NORM=3.869540705636609e-06
แล้ว	O=0.9999954700469971|NORM=4.5261799641593825e-06
นะ	O=0.9999966621398926|NORM=3.2960208500298904e-06
_	O=0.9999979734420776|NORM=1.9873148175975075e-06
เพราะ	O=0.9999995231628418|NORM=4.0255088151752716e-07
ใน	O=0.9999996423721313|NORM=3.6123648783359386e-07
เกาหลี	O=0.9999947547912598|NORM=5.2407767725526355e-06
มี	O=0.9999996423721313|NORM=3.1372920261674153e-07
ตั้ง	O=0.9999994039535522|NORM=5.355479402169294e-07
กี่	O=0.9999939203262329|NORM=6.0817214944108855e-06
พัน	O=0.9999971389770508|NORM=2.8085678422939964e-06
วง?	O=0.9999912977218628|NORM=8.65416404849384e-06

โดย	O=0.9999995231628418|NORM=4.98650422287028e-07
ส่วนตัว	O=0.9999983310699463|NORM=1.7022825886670034e-06
ผม	O=0.9999990463256836|NORM=9.058859973265498e-07
คิด	O=0.9999995231628418|NORM=4.696616429100686e-07
ว่า	O=0.9999997615814209|NORM=2.914797789799195e-07
_	O=0.9999995231628418|NORM=4.535459368071315e-07
คุณ	O=0.9999996423721313|NORM=3.355413582539768e-07
มายด์	O=0.9999988079071045|NORM=1.1546446785359876e-06
เป็น	O=0.9999996423721313|NORM=3.178417387061927e-07
ที่	O=0.9999995231628418|NORM=4.634684671600553e-07
ใส	O=0.9999977350234985|NORM=2.205367081842269e-06
ๆ	O=0.9999260902404785|NORM=7.384341733995825e-05
_	O=0.9999995231628418|NORM=4.964780373484246e-07
หัวใจ	O=0.9999996423721313|NORM=3.4006433224931243e-07
สี	O=0.9999996423721313|NORM=3.915135380339052e-07
ชมพู	O=0.9999991655349731|NORM=8.526778856321471e-07
_	O=0.9999996423721313|NORM=3.7172364386606205e-07
สวย	O=0.9999995231628418|NORM=4.529420607468637e-07
ยิ่ง	O=0.9999996423721313|NORM=3.148910252548376e-07
กว่า	O=0.9999996423721313|NORM=3.592438986288471e-07
นางงามจักรวาล	O=0.9999971389770508|NORM=2.856721948774066e-06
_	O=0.9999996423721313|NORM=3.519865572343406e-07
ใจ	O=0.9999996423721313|NORM=3.086259141582559e-07
ใหญ่	O=0.9999997615814209|NORM=2.7316707473801216e-07
มาก	O=0.9999996423721313|NORM=3.0754907243135676e-07
กว่า	O=0.9999996423721313|NORM=3.2453993981107487e-07
มหาสมุทร	O=0.9999983310699463|NORM=1.6405075484726694e-06
แปซิฟิก	O=0.9999818801879883|NORM=1.8155062207370065e-05
_	O=0.9999995231628418|NORM=4.595578957378166e-07
และ	O=0.9999996423721313|NORM=3.892937741056812e-07
ก็	O=0.9999996423721313|NORM=2.8006905949951033e-07
น่ารัก	O=0.9999995231628418|NORM=4.4850702352050575e-07
กับ	O=0.9999995231628418|NORM=4.119953302961221e-07
มุ้งมิ้ง	O=0.999985933303833|NORM=1.4016683962836396e-05
กรุ๊บกริ๊บ	O=0.9928425550460815|NORM=0.007157394662499428
ทุก	O=0.9999994039535522|NORM=5.469368034027866e-07
คน	O=0.9999995231628418|NORM=4.3632442725538567e-07
เสมอ	O=0.9999996423721313|NORM=3.056496780118323e-07
_	O=0.9999994039535522|NORM=5.221725132287247e-07
ไม่ว่า	O=0.9999979734420776|NORM=2.003751887968974e-06
จะ	O=0.9999996423721313|NORM=3.142367575037497e-07
เพื่อน	O=0.9999994039535522|NORM=5.887000611437543e-07
ด้วย	O=0.9999996423721313|NORM=3.6296242456046457e-07
กัน	O=0.9999994039535522|NORM=6.28585155482142e-07
เอง	O=0.9999996423721313|NORM=4.102291200069885e-07
_	O=0.9999994039535522|NORM=5.702091243620089e-07
หรือ	O=0.9999996423721313|NORM=3.198248350599897e-07
รุ่นน้อง	O=0.9999992847442627|NORM=6.773756808797771e-07
อย่าง	O=0.9999996423721313|NORM=3.018390657416603e-07
ผม	O=0.9999995231628418|NORM=4.5828824113414157e-07
ก็ตาม	O=0.9999994039535522|NORM=5.886158760404214e-07
แต่	O=0.9999995231628418|NORM=5.214993166191562e-07
_	O=0.9999994039535522|NORM=5.386530119722011e-07
และ	O=0.9999995231628418|NORM=4.687041155193583e-07
คุณ	O=0.9999996423721313|NORM=2.859502217233967e-07
มายด์	O=0.9999991655349731|NORM=8.645401408102771e-07
เป็น	O=0.9999997615814209|NORM=2.1116726145464781e-07
คน	O=0.9999996423721313|NORM=3.2805624528009503e-07
ที่	O=0.9999997615814209|NORM=2.610249794088304e-07
ดี	O=0.9999997615814209|NORM=2.7793547019427933e-07
ครับ	O=0.9999991655349731|NORM=8.54508698466816e-07
_	O=0.9999997615814209|NORM=2.6420138965477236e-07
รวม	O=0.9999997615814209|NORM=2.0478653084410325e-07
ไป	O=0.9999996423721313|NORM=3.4363284839855623e-07
ถึง	O=0.9999996423721313|NORM=3.964403845202469e-07
ภาษา	O=0.9999991655349731|NORM=8.139080023283896e-07
อัน	O=0.9999992847442627|NORM=6.263237537496025e-07
งดงาม	O=0.9999978542327881|NORM=2.1779408143629553e-06
ของ	O=0.9999996423721313|NORM=3.13149314479233e-07
เขา	O=0.9999997615814209|NORM=2.5351241106363887e-07
ด้วย	O=0.9999997615814209|NORM=2.1350082590743114e-07
_	O=0.9999996423721313|NORM=3.1654644772061147e-07
ข่บคุร	NORM=0.9999500513076782|O=4.998994336347096e-05
ที่	O=0.9999997615814209|NORM=2.695184093681746e-07
อ่าร	NORM=0.99981290102005|O=0.0001871430140454322
จน	O=0.9999997615814209|NORM=2.4622497107884556e-07
จบ	O=0.9999992847442627|NORM=7.244635753522743e-07
ขรั่บ	O=0.9875327944755554|NORM=0.012467206455767155

Lot	O=0.9999997615814209|NORM=2.773418259494065e-07
1	O=0.9999997615814209|NORM=2.7660937007567554e-07
ผ่าน	O=0.9999997615814209|NORM=2.388661641816725e-07
ศุล	NORM=0.9374775290489197|O=0.06252241879701614
แล้ว	O=0.9999997615814209|NORM=2.1221261192749807e-07
น้า	NORM=0.9997150301933289|O=0.0002849408774636686
_	O=0.9999995231628418|NORM=4.793023435922805e-07
สนใจ	O=0.9999998807907104|NORM=1.632970025866598e-07
สั่ง	O=0.9999997615814209|NORM=2.706664474771969e-07
ใน	O=0.9999997615814209|NORM=2.258155831214026e-07
พิน	O=0.9963653087615967|NORM=0.0036347070708870888
จ้า	NORM=0.9998549222946167|O=0.0001450321142328903
_	O=0.9999996423721313|NORM=2.921225643603975e-07
#HowtoPerfect	O=0.9999994039535522|NORM=5.441237362902029e-07
_	O=0.9999997615814209|NORM=2.5516223445265496e-07
#ตลาดนัดWANNAONE	O=0.9999996423721313|NORM=3.781244686251739e-07
_	O=0.9999997615814209|NORM=2.448961993195553e-07
#ตลาดนัดnct	O=0.9999988079071045|NORM=1.1231187500015949e-06
_	O=0.9999997615814209|NORM=2.5402596293133684e-07
#ตลาดนัด	O=0.9999990463256836|NORM=9.216771559295012e-07
บังทัน	O=0.9999995231628418|NORM=4.567179701098212e-07
_	O=0.9999997615814209|NORM=2.6732615765467926e-07
#ตลาดนัดEXO	O=0.9999995231628418|NORM=4.481085511542915e-07
_	O=0.9999997615814209|NORM=2.3483748634589574e-07
#ตลาดรถไฟ	O=0.9999994039535522|NORM=5.788705266240868e-07
บังทัน	O=0.9999995231628418|NORM=4.4675718413600407e-07
_	O=0.9999997615814209|NORM=2.59824901149841e-07
#ตลาดนัดรถไฟ	O=0.9999994039535522|NORM=5.996074037284416e-07
บังทัน	O=0.9999996423721313|NORM=3.8034690419408435e-07
_	O=0.9999997615814209|NORM=2.482396723735292e-07
#ตลาดนัด	O=0.9999994039535522|NORM=6.408025683413143e-07
วนว	NORM=0.9770328998565674|O=0.022967102006077766
_	O=0.9999996423721313|NORM=3.0229998060349317e-07
#ตลาดนัด	O=0.9999990463256836|NORM=9.345393436888116e-07
อากาเซ	O=0.9999949932098389|NORM=4.972422630089568e-06
_	O=0.9999997615814209|NORM=2.6778980100061744e-07
#ตลาด	O=0.9999992847442627|NORM=6.584004381693376e-07
กัซ	O=0.999988317489624|NORM=1.1713405001501087e-05
_	O=0.9999996423721313|NORM=2.9683772595490154e-07
#ตลาดนัดรวมด้อม	O=0.9999991655349731|NORM=7.92486162026762e-07
_	O=0.9999996423721313|NORM=2.9746627205895493e-07
#BTSLoveYourselfBKK	O=0.9999995231628418|NORM=4.2946072653649026e-07
_	O=0.9999996423721313|NORM=2.965918213249097e-07
#BTSLYTOURinBKK	O=0.9999996423721313|NORM=4.0475325135957974e-07
_	O=0.9999996423721313|NORM=2.9756586172879906e-07
#BTSLoveYourselfTour	O=0.9999996423721313|NORM=3.931062337869662e-07
_	O=0.9999996423721313|NORM=3.032337758668291e-07
#BNK48	O=0.9999995231628418|NORM=4.926383780912147e-07
_	O=0.9999996423721313|NORM=2.7268396252111415e-07
#EXOT9_ComingSoon	O=0.9999995231628418|NORM=5.27432746366685e-07
_	O=0.9999996423721313|NORM=3.0601336220570374e-07
#BTS	O=0.9999996423721313|NORM=3.825159922143939e-07

ดู	O=0.9999997615814209|NORM=2.0198976358187792e-07
แบบ	O=0.9999997615814209|NORM=2.8664268825195904e-07
_	O=0.999998927116394|NORM=9.786390364752151e-07
นุช	O=0.9999995231628418|NORM=5.111214704811573e-07
_	O=0.9999991655349731|NORM=8.164922178366396e-07
แบบ	O=0.9999997615814209|NORM=2.604903386327351e-07
ด้อม	O=0.9999992847442627|NORM=7.136121666917461e-07
ของ	O=0.9999997615814209|NORM=2.2758885620532965e-07
_	O=0.9999995231628418|NORM=4.009092151591176e-07
#	O=0.9999996423721313|NORM=3.677918982702977e-07
เป๊กผลิตโชค	O=0.9999986886978149|NORM=1.3210874385549687e-06
_	O=0.9999995231628418|NORM=4.2022057300528104e-07
เค้า	NORM=0.9896429181098938|O=0.0103571442887187
มี	O=0.9999997615814209|NORM=2.1020684926043032e-07
ความสุข	O=0.9999995231628418|NORM=4.5298787654246553e-07
ทุก	O=0.9999996423721313|NORM=3.290168990588427e-07
อย่าง	O=0.9999996423721313|NORM=3.7945670783301466e-07
นะ	O=0.9999995231628418|NORM=4.3811527916659543e-07
_	O=0.9999995231628418|NORM=4.6838951561767317e-07
กับ	O=0.9999996423721313|NORM=2.7948874503636034e-07
_	O=0.9999994039535522|NORM=5.411961865320336e-07
ศลป	NORM=0.8469944000244141|O=0.15300559997558594
_	O=0.9999992847442627|NORM=6.82161953591276e-07
ของ	O=0.9999997615814209|NORM=2.3802957116458856e-07
เค้า	NORM=0.9891213774681091|O=0.010878591798245907
_	O=0.9999996423721313|NORM=3.5847762092089397e-07
ไม่ว่า	O=0.9999991655349731|NORM=8.771996817813488e-07
จะ	O=0.9999997615814209|NORM=2.2623763129558938e-07
ทำ	O=0.9999997615814209|NORM=2.1081915235754423e-07
อะไร	O=0.9999994039535522|NORM=6.323495540527801e-07
_	O=0.9999996423721313|NORM=3.213896775378089e-07
แต่งตัว	O=0.9999997615814209|NORM=2.6793003371494706e-07
ยังไง	O=0.9085931181907654|NORM=0.09140688925981522
_	O=0.9999995231628418|NORM=4.37105313721986e-07
ไม่	O=0.9999997615814209|NORM=2.158076881642046e-07
มี	O=0.9999996423721313|NORM=3.8780530076110153e-07
วิจารณ์	O=0.9999996423721313|NORM=3.4302709650546603e-07
หรือ	O=0.9999970197677612|NORM=2.968119360957644e-06
แบบ	O=0.9999997615814209|NORM=2.609224338812055e-07
ก้าวล่วง	O=0.999993085861206|NORM=6.91664581609075e-06
แนะนำ	O=0.9999995231628418|NORM=5.030269676353782e-07
ศลป	O=0.624042809009552|NORM=0.375957190990448
_	O=0.9999995231628418|NORM=4.750927473651245e-07
จน	O=0.9999996423721313|NORM=3.0381414717339794e-07
เกินเลย	O=0.9999707937240601|NORM=2.9223843739600852e-05
_	O=0.9999995231628418|NORM=4.0825540281730355e-07
จน	O=0.9999997615814209|NORM=2.4736905857025704e-07
เหมือน	O=0.9999996423721313|NORM=4.032198432923906e-07
กับ	O=0.9999990463256836|NORM=1.0032705404228182e-06
ทำตัว	O=0.9999994039535522|NORM=6.307583930720284e-07
เป็น	O=0.9999997615814209|NORM=2.3021274841994455e-07
เจ้าของ	O=0.9999996423721313|NORM=3.4889450262198807e-07
_	O=0.9999992847442627|NORM=7.007365638855845e-07
ศลป	O=0.6574329733848572|NORM=0.3425670564174652
_	O=0.9999995231628418|NORM=4.346474042904447e-07
แต่	O=0.9999997615814209|NORM=2.1582847864465293e-07
เพียง	O=0.9999996423721313|NORM=2.994510168718989e-07
ผู้	O=0.9999997615814209|NORM=2.8029865006828913e-07
เดียว	O=0.9999996423721313|NORM=2.9441847004818555e-07
_	O=0.9999995231628418|NORM=4.779225264428533e-07
เหมือน	O=0.9999997615814209|NORM=2.827854928000306e-07
โอตะ	O=0.9999994039535522|NORM=5.392702746576106e-07
บาง	O=0.9999996423721313|NORM=4.015540469026746e-07
คน	O=0.9999996423721313|NORM=4.065025223098928e-07
ใน	O=0.9999996423721313|NORM=4.064730489972135e-07
ด้อม	O=0.9999995231628418|NORM=4.6540534981431847e-07
_	O=0.9999995231628418|NORM=4.950549055138254e-07
#	O=0.9999996423721313|NORM=3.4331773690610135e-07
BNK48	O=0.9999992847442627|NORM=7.334026577154873e-07
_	O=0.9999994039535522|NORM=5.107432912154763e-07
ที่	O=0.9999997615814209|NORM=1.8960909642373736e-07
หวง	O=0.9999955892562866|NORM=4.406892458064249e-06
_	O=0.9999992847442627|NORM=7.308792646654183e-07
ศลป	NORM=0.6404687762260437|O=0.3595312237739563
_	O=0.9999994039535522|NORM=5.535760578823101e-07
ยิ่ง	O=0.9999997615814209|NORM=2.41452852378643e-07
กว่า	O=0.9999996423721313|NORM=3.4921075098282017e-07
แฟน	O=0.9999988079071045|NORM=1.212092342939286e-06
หรือ	O=0.9999785423278809|NORM=2.1466310499818064e-05
คน	O=0.9999980926513672|NORM=1.920061095006531e-06
ใน	O=0.9999988079071045|NORM=1.189419435831951e-06
ครอบครัว	O=0.9999990463256836|NORM=9.982657047657995e-07
ตัวเอง	O=0.9999991655349731|NORM=8.49455773277441e-07
อีก	O=0.9999971389770508|NORM=2.886960828618612e-06
มั้ง	O=0.9966908693313599|NORM=0.0033090775832533836

ชิป	O=0.9999877214431763|NORM=1.2230570973770227e-05
_	O=0.9999973773956299|NORM=2.536132342356723e-06
ช	O=0.9146736264228821|NORM=0.08532639592885971
/	O=0.9999884366989136|NORM=1.149329273175681e-05
ญ	O=0.9745844602584839|NORM=0.02541554719209671
..	O=0.9999980926513672|NORM=1.8368533574175672e-06
มัก	O=0.9999992847442627|NORM=6.928231073288771e-07
จะ	O=0.9999997615814209|NORM=2.889189829602401e-07
มี	O=0.9999997615814209|NORM=2.623681893965113e-07
ปัญหา	O=0.9999996423721313|NORM=4.0803516299092735e-07
น่ารำคาญใจ	O=0.9999992847442627|NORM=7.040946456982056e-07
เกิดขึ้น	O=0.9999996423721313|NORM=3.380659734375513e-07
เสมอๆ	NORM=0.5352368950843811|O=0.46476301550865173
_	O=0.9999994039535522|NORM=5.181070150683809e-07
ยิ่ง	O=0.9999997615814209|NORM=2.796999751808471e-07
แต่ละ	O=0.9999996423721313|NORM=3.296566717381211e-07
ฝั่ง	O=0.9999996423721313|NORM=3.683714169255836e-07
เจ้าที่	O=0.9999980926513672|NORM=1.947829105120036e-06
แรง	O=0.9999995231628418|NORM=4.367161352547555e-07
ด้วย	O=0.9999997615814209|NORM=2.346149727827651e-07
กัน	O=0.9999997615814209|NORM=2.5190951191689237e-07
ทั้ง	O=0.9999997615814209|NORM=2.443780147132202e-07
คู่	O=0.9999995231628418|NORM=4.48581857881436e-07
_	O=0.9999994039535522|NORM=5.92016249356675e-07
เรา	O=0.9999996423721313|NORM=3.3952963462979824e-07
ถึง	O=0.999998927116394|NORM=1.1211476476091775e-06
เคย	O=0.9999964237213135|NORM=3.5383532122068573e-06
เตือน	O=0.9999995231628418|NORM=4.367427948182012e-07
ไง	O=0.9999979734420776|NORM=2.0210761704220204e-06
ว่า	O=0.9999997615814209|NORM=2.638362843754294e-07
ให้	O=0.9999997615814209|NORM=2.248146842021015e-07
เบามือ	O=0.9999973773956299|NORM=2.6628674731909996e-06
กัน	O=0.9999996423721313|NORM=3.531145864599239e-07
หน่อย	O=0.9999997615814209|NORM=2.719049518873362e-07
โดยเฉพาะ	O=0.9999995231628418|NORM=5.04355114117061e-07
พวก	O=0.9999990463256836|NORM=9.966314564735512e-07
รูปตัดต่อ	O=0.9999990463256836|NORM=9.815188377615414e-07
คู่ชิป	O=0.9999659061431885|NORM=3.414029924897477e-05
ที่	O=0.9999995231628418|NORM=4.7201635311466816e-07
ส่อ	O=0.9999977350234985|NORM=2.2538881694345037e-06
ไป	O=0.9999995231628418|NORM=4.34949271266305e-07
ใน	O=0.9999996423721313|NORM=2.938860461654258e-07
ทาง	O=0.9999997615814209|NORM=2.938255647677579e-07
อนาจาร	O=0.9999698400497437|NORM=3.020181247848086e-05
เพราะ	O=0.9999995231628418|NORM=4.2804308009181113e-07
ยังไง	NORM=0.5335854291915894|O=0.46641451120376587
ผู้หญิง	O=0.9999995231628418|NORM=4.948259970660729e-07
ก็	O=0.9999997615814209|NORM=2.434387624816736e-07
เป็น	O=0.9999997615814209|NORM=2.0813864409774396e-07
ฝ่าย	O=0.9999995231628418|NORM=4.506073594257032e-07
เสียหาย	O=0.9999995231628418|NORM=5.115530257171486e-07
_	O=0.9999992847442627|NORM=6.388389124367677e-07
ส่วน	O=0.9999997615814209|NORM=2.323549068705688e-07
เรื่อง	O=0.9999997615814209|NORM=2.5259967628699087e-07
นิยาย	O=0.9999992847442627|NORM=7.378856139439449e-07
ก็	O=0.9999997615814209|NORM=2.1113666548444598e-07
อย่า	O=0.9999996423721313|NORM=2.942637991054653e-07
ไป	O=0.9999996423721313|NORM=3.687422349685221e-07
อิน	O=0.9999902248382568|NORM=9.78210118773859e-06
เกิน	O=0.9999994039535522|NORM=5.64584865969664e-07
จน	O=0.9999996423721313|NORM=3.6708544826069556e-07
แยกแยะ	O=0.999997615814209|NORM=2.362646910114563e-06
ไม่	O=0.9999996423721313|NORM=3.2442355291095737e-07
ได้	O=0.9999996423721313|NORM=3.1226122132466116e-07
เลยเถิด	O=0.9999955892562866|NORM=4.407530923344893e-06
ไป	O=0.9999992847442627|NORM=7.418000791403756e-07
กระทบ	O=0.9999982118606567|NORM=1.8235917877973407e-06
ศิลปิน	O=0.9999916553497314|NORM=8.399882972298656e-06
และ	O=0.9999814033508301|NORM=1.862158751464449e-05
แฟนคลับ	O=0.9999926090240479|NORM=7.419058874802431e-06
เขา	O=0.9999992847442627|NORM=7.526859917561524e-07

รีวิว	O=0.9999990463256836|NORM=9.519270065538876e-07
คน	O=0.9999995231628418|NORM=4.870815359936387e-07
อยาก	O=0.9999991655349731|NORM=8.812790497358947e-07
เรียน	O=0.9999994039535522|NORM=6.088587838348758e-07
ศิลปกรรม	O=0.9999961853027344|NORM=3.7769916616525734e-06
แต่	O=0.9999994039535522|NORM=5.285403972266067e-07
เข้า	O=0.9999997615814209|NORM=2.5620883548072015e-07
วิทย์	O=0.9998231530189514|NORM=0.00017683261830825359
-	O=0.9999978542327881|NORM=2.121793386322679e-06
คณิต	O=0.9999040365219116|NORM=9.592800051905215e-05
_	O=0.9999996423721313|NORM=3.7867658875256893e-07
ชีวิต	O=0.9999997615814209|NORM=2.8440553023756365e-07
เหี้ย	O=0.9999992847442627|NORM=6.991398890932032e-07
มากๆๆๆๆๆๆ	NORM=0.9999788999557495|O=2.1026802642154507e-05
_	O=0.9999996423721313|NORM=3.536777057888685e-07
พูด	O=0.9999996423721313|NORM=3.234433449961216e-07
เลย	O=0.9999997615814209|NORM=2.422524971734674e-07
ว่า	O=0.9999997615814209|NORM=2.465607167323469e-07
สิ่ง	O=0.9999995231628418|NORM=4.614885824594239e-07
ที่	O=0.9999997615814209|NORM=2.341973868169589e-07
เรียน	O=0.9999995231628418|NORM=4.294901998491696e-07
ตั้งแต่	O=0.9999995231628418|NORM=4.649359937047848e-07
ม.	O=0.9999313354492188|NORM=6.866759940749034e-05
4	O=0.9999982118606567|NORM=1.8211865153716644e-06
-	O=0.999998927116394|NORM=1.0388062037236523e-06
6	O=0.999998927116394|NORM=1.0591737691356684e-06
ไม่	O=0.9999997615814209|NORM=2.720488794238918e-07
ได้	O=0.9999997615814209|NORM=2.523401292364724e-07
ใช้	O=0.9999995231628418|NORM=4.3908318048124784e-07
ใน	O=0.9999996423721313|NORM=3.181704926191742e-07
การสอบเข้า	O=0.9999995231628418|NORM=4.652149812045536e-07
เลย	O=0.9999996423721313|NORM=3.1631103070139943e-07
_	O=0.9999995231628418|NORM=4.0791644551063655e-07
ใช้	O=0.9999996423721313|NORM=3.686226932586578e-07
แค่	O=0.9999995231628418|NORM=4.834956826016423e-07
ปพ.	O=0.9920089244842529|NORM=0.007990949787199497
เลย	O=0.9999996423721313|NORM=3.4415234040352516e-07
จริงๆ	NORM=0.9998900890350342|O=0.0001097256681532599
_	O=0.9999996423721313|NORM=3.383337059403857e-07
แล้ว	O=0.9999997615814209|NORM=2.2085295370288804e-07
แบบ	O=0.9999997615814209|NORM=2.78421993016309e-07
คิด	O=0.9999996423721313|NORM=3.2217653256338963e-07
ว่า	O=0.9999997615814209|NORM=2.5036351303242554e-07
คน	O=0.9999996423721313|NORM=3.935226118301216e-07
ที่	O=0.9999996423721313|NORM=2.9878864893362334e-07
ไม่	O=0.9999996423721313|NORM=3.0172682841111964e-07
ได้	O=0.9999996423721313|NORM=3.757540696369688e-07
ชอบ	O=0.9999991655349731|NORM=8.913934834708925e-07
สาย	O=0.9999997615814209|NORM=2.937148906312359e-07
นี้	O=0.9999996423721313|NORM=4.0379669030699006e-07
จะ	O=0.9999997615814209|NORM=2.3112524161206238e-07
ได้	O=0.9999997615814209|NORM=2.2035349900306755e-07
เกรด	O=0.999998927116394|NORM=1.0850009175555897e-06
ซัก	NORM=0.9999480247497559|O=5.16793952556327e-05
เท่า	O=0.9999996423721313|NORM=3.65833585647124e-07
ไหร่	O=0.9999951124191284|NORM=4.93719653604785e-06
พูด	O=0.9999996423721313|NORM=4.065901180183573e-07
เลย	O=0.9999997615814209|NORM=2.5768693490135774e-07
ว่า	O=0.9999997615814209|NORM=2.500027562746254e-07
คิด	O=0.9999997615814209|NORM=2.950976636384439e-07
ผิด	O=0.9999996423721313|NORM=4.0205026152762e-07
มาก	O=0.9999995231628418|NORM=4.490475760121626e-07
_	O=0.9999996423721313|NORM=3.5548484333958186e-07
เหมือน	O=0.9999994039535522|NORM=5.752663696512172e-07
เป็น	O=0.9999996423721313|NORM=3.1844368209021923e-07
ความผิดพลาด	O=0.9999992847442627|NORM=6.97627342560736e-07
ใน	O=0.9999996423721313|NORM=3.537553254773229e-07
ชีวิต	O=0.9999996423721313|NORM=3.2363277568947524e-07
_	O=0.9999996423721313|NORM=3.848934397865378e-07
บาง	O=0.9999995231628418|NORM=4.487500007144263e-07
ที่	O=0.9999996423721313|NORM=2.988755625210615e-07
เกรด	O=0.9999967813491821|NORM=3.2661232580721844e-06
คือ	O=0.9999996423721313|NORM=3.2613283451610187e-07
เกือบ	O=0.9999996423721313|NORM=3.1813530654289934e-07
ยื่น	O=0.9999995231628418|NORM=4.21699951402843e-07
ไม่	O=0.9999997615814209|NORM=2.5272885295635206e-07
ได้	O=0.9999997615814209|NORM=2.3729226938939973e-07
อีก	O=0.9999996423721313|NORM=3.2653926496095664e-07
เส้าๆ	NORM=0.9999412298202515|O=5.877162766410038e-05
เลย	O=0.9999992847442627|NORM=7.652378712919017e-07

อย่า	O=0.9999997615814209|NORM=2.164039187846356e-07
ยึดติด	O=0.9999356269836426|NORM=6.426974869100377e-05
กับ	O=0.9999995231628418|NORM=5.20253422564565e-07
ความรัก	O=0.9999995231628418|NORM=5.008885750612535e-07
มาก	O=0.9999996423721313|NORM=3.9975171262085496e-07
จน	O=0.9999996423721313|NORM=3.2390173032581515e-07
เกินไป	O=0.9999996423721313|NORM=3.427726937843545e-07
_	O=0.9999996423721313|NORM=3.9047321820362413e-07
มัน	O=0.9999997615814209|NORM=2.103299578948281e-07
ก็	O=0.9999997615814209|NORM=2.379013466224933e-07
เหมือน	O=0.9999994039535522|NORM=5.548307626668247e-07
กับ	O=0.9999991655349731|NORM=8.132639663926966e-07
การกุม	O=0.9999996423721313|NORM=4.0269259216074715e-07
มือ	O=0.9999996423721313|NORM=3.3498437801426917e-07
ที่	O=0.9999997615814209|NORM=2.2988105286003702e-07
แน่น	O=0.9999996423721313|NORM=4.0949231561171473e-07
จน	O=0.9999996423721313|NORM=3.3394709930689714e-07
เกินไป	O=0.9999996423721313|NORM=3.988043317804113e-07
_	O=0.9999996423721313|NORM=3.1857916837907396e-07
มัน	O=0.9999997615814209|NORM=2.0029520442221838e-07
ทำให้	O=0.9999997615814209|NORM=2.0775431153197133e-07
เรา	O=0.9999997615814209|NORM=2.8243215410839184e-07
อึดอัด	O=0.9999971389770508|NORM=2.901448624470504e-06
_	O=0.9999996423721313|NORM=2.92329616513598e-07
จน	O=0.9999997615814209|NORM=2.0216609186718415e-07
บาง	O=0.9999996423721313|NORM=3.190111783624161e-07
ครั้ง	O=0.9999996423721313|NORM=3.922632458852604e-07
ก็	O=0.9999997615814209|NORM=2.38229191040773e-07
อยาก	O=0.9999997615814209|NORM=2.7222355925005104e-07
จะ	O=0.9999997615814209|NORM=2.1222901125383942e-07
ปล่อย	O=0.9999997615814209|NORM=2.409870205610787e-07
มือ	O=0.9999996423721313|NORM=3.681852831505239e-07
ไป	O=0.9999996423721313|NORM=3.076599739415542e-07
เลย	O=0.9999996423721313|NORM=2.970824084513879e-07
_	O=0.9999996423721313|NORM=2.9271180324030865e-07
FernNi	O=0.9999996423721313|NORM=3.287082677161379e-07
_	O=0.9999996423721313|NORM=3.4023625516965694e-07
#เศร้า	O=0.9999996423721313|NORM=3.621713062784693e-07
_	O=0.9999996423721313|NORM=3.486683226583409e-07
#อกหัก	O=0.9999996423721313|NORM=3.5515580520950607e-07
_	O=0.9999996423721313|NORM=3.408032682727935e-07
#เคว้ง	O=0.9999890327453613|NORM=1.1004216503351927e-05
_	O=0.9999996423721313|NORM=3.3335015814373037e-07
#โสด	O=0.9999991655349731|NORM=8.156789021995792e-07
_	O=0.9999996423721313|NORM=3.623568147759215e-07
#ความรู้สึก	O=0.9999994039535522|NORM=6.414959443645785e-07
_	O=0.9999996423721313|NORM=3.9054435774232843e-07
#เสียใจ	O=0.9999996423721313|NORM=3.1961994295670593e-07
_	O=0.9999995231628418|NORM=4.3656501702571404e-07
#เหงา	O=0.9999994039535522|NORM=6.162315457913792e-07
_	O=0.9999996423721313|NORM=3.659065157535224e-07
#แฟนเก่า	O=0.9999995231628418|NORM=4.276379002021713e-07
_	O=0.9999996423721313|NORM=3.732162667802186e-07
#รอ	O=0.9999996423721313|NORM=3.189859398844419e-07
_	O=0.9999995231628418|NORM=4.30157115260954e-07
#เวลา	O=0.9999997615814209|NORM=2.771060110262624e-07
_	O=0.9999996423721313|NORM=3.642617514287849e-07
#คิดถึง	O=0.9999991655349731|NORM=7.724033252998197e-07
_	O=0.9999996423721313|NORM=3.862830624257185e-07
#ความรัก	O=0.9999994039535522|NORM=5.756378982368915e-07
_	O=0.9999996423721313|NORM=3.535873247528798e-07
#การรอคอย	O=0.9999990463256836|NORM=9.045797924045473e-07
_	O=0.9999995231628418|NORM=4.1265832351200515e-07
#ความเจ็บปวด	O=0.9999995231628418|NORM=4.5140220095163386e-07
_	O=0.9999995231628418|NORM=4.661693822072266e-07
#เจ็บ	O=0.9999992847442627|NORM=7.094505463101086e-07
_	O=0.9999995231628418|NORM=5.268485665510525e-07
#เท	O=0.9999994039535522|NORM=6.29723331257992e-07
_	O=0.9999994039535522|NORM=5.740743631577061e-07
#ทิ้ง	O=0.9999995231628418|NORM=4.1893213165167253e-07
_	O=0.9999995231628418|NORM=5.155106350684946e-07
#ปล่อย	O=0.9999996423721313|NORM=3.2641906955177546e-07
_	O=0.9999994039535522|NORM=5.289412570164131e-07
#รัก	O=0.9999994039535522|NORM=6.391156261997821e-07
_	O=0.9999995231628418|NORM=4.314191812682111e-07
#ความทรงจำ	O=0.9999983310699463|NORM=1.65724031830905e-06

มี	O=0.9999997615814209|NORM=2.0832054303809855e-07
ฟิค	NORM=0.9999665021896362|O=3.352362909936346e-05
ที่	O=0.9999997615814209|NORM=2.77274637028313e-07
อ่าน	O=0.9999997615814209|NORM=2.6908386985269317e-07
แล้ว	O=0.9999997615814209|NORM=2.670015533112746e-07
_	O=0.9999995231628418|NORM=4.22295983071308e-07
40	O=0.9999995231628418|NORM=4.801134423360054e-07
กว่า	O=0.9999992847442627|NORM=6.458271855080966e-07
เรื่อง	O=0.9999997615814209|NORM=2.4474957172060385e-07
ที่	O=0.9999997615814209|NORM=2.471012123805849e-07
ยัง	O=0.9999996423721313|NORM=3.410767135392234e-07
ไม่	O=0.9999996423721313|NORM=3.7687880194425816e-07
ได้	O=0.9999997615814209|NORM=2.8817157726734877e-07
รีวิว	O=0.9999992847442627|NORM=6.405605859072239e-07
_	O=0.9999996423721313|NORM=3.562409460755589e-07
กะ	O=0.9999992847442627|NORM=6.836174861746258e-07
จะ	O=0.9999997615814209|NORM=1.8955431357881025e-07
รีวิว	O=0.9999996423721313|NORM=3.5111017382405407e-07
ช่วง	O=0.9999996423721313|NORM=3.309787643956952e-07
หยุด	O=0.9999996423721313|NORM=3.19198051101921e-07
ยาว	O=0.9999995231628418|NORM=4.3717909647966735e-07
ปีใหม่	O=0.9999988079071045|NORM=1.1878482837346382e-06
_	O=0.9999996423721313|NORM=3.601130913466477e-07
โดน	O=0.9999997615814209|NORM=2.127788434336253e-07
ลาก	O=0.9999996423721313|NORM=3.6283955751059693e-07
มา	O=0.9999996423721313|NORM=3.657526406186662e-07
ขึ้น	O=0.9999991655349731|NORM=7.887974788900465e-07
เขา	O=0.995402455329895|NORM=0.004597536753863096
_	O=0.9999996423721313|NORM=3.555485648121248e-07
สัญญาน	O=0.9999769926071167|NORM=2.3062921172822826e-05
ก็	O=0.9999997615814209|NORM=2.675863299828052e-07
มี	O=0.9999997615814209|NORM=2.557676737069414e-07
บ้าง	O=0.9999995231628418|NORM=4.776618425239576e-07
ไม่	O=0.9999997615814209|NORM=2.1744533285072976e-07
มี	O=0.9999997615814209|NORM=2.4669833464940893e-07
บ้าง	O=0.9999995231628418|NORM=5.055725296188029e-07
_	O=0.9999996423721313|NORM=3.636966425801802e-07
เอา	O=0.9999997615814209|NORM=2.0611552997706895e-07
ไว้	O=0.9999996423721313|NORM=4.061564595758682e-07
หลัง	O=0.9999997615814209|NORM=2.1461789856402902e-07
ปีใหม่	O=0.9999986886978149|NORM=1.3635927871291642e-06
มา	O=0.9999997615814209|NORM=2.2201166416380147e-07
รีวิว	O=0.9999996423721313|NORM=3.3903651797118073e-07
ยาวๆ	NORM=0.9994327425956726|O=0.0005672643310390413
เลย	O=0.9999996423721313|NORM=3.37629728619504e-07
ละกัน	O=0.9999988079071045|NORM=1.1492155636005918e-06
_	O=0.9999996423721313|NORM=3.0761302127757517e-07
นี่	O=0.9999996423721313|NORM=3.0110649618109164e-07
ยัง	O=0.9999996423721313|NORM=3.520452764860238e-07
ไม่	O=0.9999996423721313|NORM=3.4185205777248484e-07
รู้	O=0.9999996423721313|NORM=3.569745103959576e-07
ว่า	O=0.9999997615814209|NORM=2.419881184323458e-07
สิ้น	O=0.9999997615814209|NORM=2.576884128302481e-07
ปี	O=0.9999997615814209|NORM=2.0946163203916512e-07
_	O=0.9999996423721313|NORM=3.6781645462724555e-07
2019	O=0.9999992847442627|NORM=6.884051231281774e-07
_	O=0.9999996423721313|NORM=3.491547886369517e-07
จะ	O=0.9999997615814209|NORM=2.0280586454646254e-07
รีวิว	O=0.9999996423721313|NORM=3.604841936066805e-07
หมด	O=0.9999996423721313|NORM=3.103782830748969e-07
หรือ	O=0.9999994039535522|NORM=5.225113000051351e-07
ยัง	O=0.9999996423721313|NORM=3.968636690387939e-07
_	O=0.9999995231628418|NORM=4.2887666040769545e-07
ฟิค	NORM=0.999976634979248|O=2.341149593121372e-05
เยอะ	O=0.9999996423721313|NORM=2.976297253098892e-07
จริง	O=0.9999996423721313|NORM=3.191076416442229e-07
_	O=0.9999996423721313|NORM=2.974793176235835e-07
รีด	O=0.9999990463256836|NORM=9.592301921657054e-07
อย่าง	O=0.9999997615814209|NORM=2.658870812410896e-07
เราๆ	NORM=0.999954342842102|O=4.568380973068997e-05
นี่	O=0.9999996423721313|NORM=3.9332823575932707e-07
ปลื้ม	O=0.9999988079071045|NORM=1.2300909020268591e-06
มาก	O=0.9999996423721313|NORM=3.569115563095693e-07
_	O=0.9999996423721313|NORM=2.903660458741797e-07
มี	O=0.9999997615814209|NORM=1.9126305517147557e-07
ฟิค	NORM=0.9999719858169556|O=2.8019278033752926e-05
ดีๆ	NORM=0.9999539852142334|O=4.603436536854133e-05
ให้	O=0.9999997615814209|NORM=2.2408691791042656e-07
อ่าน	O=0.9999997615814209|NORM=2.592714736238122e-07
ได้	O=0.9999997615814209|NORM=2.155976517315139e-07
ถึง	O=0.9999996423721313|NORM=2.97314528552306e-07
2020	O=0.9999985694885254|NORM=1.4021653669260559e-06
เลย	O=0.9999996423721313|NORM=3.4369708146186895e-07
(	O=0.999994158744812|NORM=5.785951088910224e-06
ถ้า	O=0.9999995231628418|NORM=4.463423692868673e-07
ไรท์	NORM=0.9998052716255188|O=0.00019472416897770017
ไม่	O=0.9999986886978149|NORM=1.3205961977291736e-06
ปิด	O=0.9999978542327881|NORM=2.195274191763019e-06
เรื่อง	O=0.9999994039535522|NORM=6.407597652469121e-07
)	O=0.999988317489624|NORM=1.169154256785987e-05

แงงงงงง	NORM=0.9999438524246216|O=5.614838300971314e-05
_	O=0.9999996423721313|NORM=2.912238130647893e-07
ล้องห้ายยย	NORM=0.999916672706604|O=8.32721998449415e-05
_	O=0.9999996423721313|NORM=3.632221421412396e-07
ไป	O=0.9999997615814209|NORM=1.9308897947212245e-07
มา	O=0.9999997615814209|NORM=1.8496227482955874e-07
หลาย	O=0.9999996423721313|NORM=2.972703043724323e-07
รอบ	O=0.9999997615814209|NORM=2.522624242828897e-07
แล้ว	O=0.9999997615814209|NORM=2.709892896746169e-07
_	O=0.9999996423721313|NORM=3.699825299463555e-07
ขอ	O=0.9999997615814209|NORM=1.876570792092025e-07
รีวิว	O=0.9999997615814209|NORM=2.7844643568641914e-07
ตรงนี้	O=0.9999994039535522|NORM=5.722290552512277e-07
เลย	O=0.9999997615814209|NORM=2.733359281137382e-07
แล้ว	O=0.9999995231628418|NORM=4.675371201301459e-07
กัน	O=0.9999996423721313|NORM=3.5668969644575554e-07
นะคะ	O=0.9999992847442627|NORM=6.718428835483792e-07
_	O=0.9999995231628418|NORM=4.655833549804811e-07
.	O=0.9999984502792358|NORM=1.4764056004423765e-06
_	O=0.9999996423721313|NORM=3.701109676512715e-07
คือ	O=0.9999997615814209|NORM=2.423282978725183e-07
รู้สึก	O=0.9999996423721313|NORM=3.864113011786685e-07
ว่า	O=0.9999997615814209|NORM=2.2733722460088757e-07
เป็น	O=0.9999997615814209|NORM=2.256072235695683e-07
ก๋วยเตี๋ยว	O=0.9999947547912598|NORM=5.231722752796486e-06
เหมือน	O=0.9999995231628418|NORM=4.42132090938685e-07
พี่	O=0.9999988079071045|NORM=1.151897322415607e-06
ขาย	O=0.9999986886978149|NORM=1.2889310028185719e-06
แบบ	O=0.9999996423721313|NORM=3.3759656048459874e-07
องค์กร	O=0.9999992847442627|NORM=7.221520377242996e-07
ไม่	O=0.9999996423721313|NORM=3.0547278129233746e-07
แสวงกำไร	O=0.999998927116394|NORM=1.087084797291027e-06
อ่ะ	NORM=0.993678629398346|O=0.006321423687040806
_	O=0.9999995231628418|NORM=4.362507866062515e-07
555555	O=0.9999967813491821|NORM=3.182689852110343e-06
_	O=0.9999996423721313|NORM=3.1309076575780637e-07
ให้	O=0.9999997615814209|NORM=2.0830306368679885e-07
เยอะ	O=0.9999997615814209|NORM=2.6236918415634136e-07
แบบ	O=0.9999997615814209|NORM=2.824970692927309e-07
จะ	O=0.9999997615814209|NORM=2.2399630950076244e-07
ร้อง	O=0.9999997615814209|NORM=2.915122934155079e-07
_	O=0.9999996423721313|NORM=2.94686998358884e-07
ไก่	O=0.9999996423721313|NORM=3.625216891123273e-07
เยอะ	O=0.9999997615814209|NORM=2.167587638268742e-07
แทบ	O=0.9999997615814209|NORM=2.7945202418777626e-07
มอง	O=0.9999996423721313|NORM=3.051661963127117e-07
ไม่	O=0.9999997615814209|NORM=2.602857307465456e-07
เห็น	O=0.9999996423721313|NORM=3.7130664054529916e-07
เส้น	O=0.9999994039535522|NORM=6.469170443779149e-07
_	O=0.9999995231628418|NORM=4.108367193111917e-07
แล้ว	O=0.9999997615814209|NORM=2.087813584239484e-07
ของ	O=0.9999997615814209|NORM=2.0123356136991788e-07
มัน	O=0.9999997615814209|NORM=2.418510689494724e-07
มี	O=0.9999997615814209|NORM=2.1033316954799375e-07
คุณภาพ	O=0.9999996423721313|NORM=3.8935579027565836e-07
_	O=0.9999996423721313|NORM=3.670805313049641e-07
ขนาด	O=0.9999997615814209|NORM=2.1367743840983167e-07
ตีนไก่	O=0.9999749660491943|NORM=2.506059900042601e-05
_	O=0.9999994039535522|NORM=5.08708467350516e-07
กัด	O=0.9999996423721313|NORM=3.385592890481348e-07
ลงไป	O=0.9999995231628418|NORM=4.595929681272537e-07
ยัง	O=0.9999997615814209|NORM=2.643117511524906e-07
รู้	O=0.9999997615814209|NORM=2.6711720124694693e-07
เลย	O=0.9999997615814209|NORM=2.618877203985903e-07
ว่า	O=0.9999997615814209|NORM=2.692556222427811e-07
แตกต่าง	O=0.9999997615814209|NORM=2.6302532774025167e-07
_	O=0.9999996423721313|NORM=3.1660439958614006e-07
พูด	O=0.9999997615814209|NORM=2.401812366770173e-07
ไม่	O=0.9999997615814209|NORM=2.840363322320627e-07
ถูก	O=0.9999994039535522|NORM=5.591205081145745e-07
อ่ะ	NORM=0.9996246099472046|O=0.00037532870192080736
_	O=0.9999994039535522|NORM=5.232787430031749e-07
ของดี	O=0.9999991655349731|NORM=8.369667057195329e-07
ก็	O=0.9999996423721313|NORM=3.643309014478291e-07
คือ	O=0.9999996423721313|NORM=3.47116241528056e-07
ของดี	O=0.9999980926513672|NORM=1.9582651020755293e-06
_	O=0.9999994039535522|NORM=5.311821951181628e-07
#ก๋วยเตี๋ยวบ้านผี	O=0.9999922513961792|NORM=7.699353773205075e-06

คือ	O=0.9999997615814209|NORM=2.7635780952550704e-07
ไม่	O=0.9999996423721313|NORM=2.9405987334030215e-07
ได้	O=0.9999995231628418|NORM=4.258914998445107e-07
โมโห	O=0.999998927116394|NORM=1.1141033837702707e-06
เพระ	O=0.9980064034461975|NORM=0.0019936468452215195
ว่า	O=0.9999997615814209|NORM=2.5246674795198487e-07
กลัว	O=0.9999997615814209|NORM=2.542426216223248e-07
จะ	O=0.9999997615814209|NORM=2.1631684887779556e-07
ไม่	O=0.9999997615814209|NORM=2.3216020395011583e-07
ได้	O=0.9999997615814209|NORM=2.5597486796868907e-07
ของ	O=0.9999997615814209|NORM=2.590885515019181e-07
_	O=0.9999995231628418|NORM=3.787033051594335e-07
ส่วนตัว	O=0.9999996423721313|NORM=3.3898868423420936e-07
ตาม	O=0.9999997615814209|NORM=2.904754978771962e-07
_	O=0.9999995231628418|NORM=3.501824892282457e-07
#BNK48	O=0.9999997615814209|NORM=2.8200233259667584e-07
_	O=0.9999996423721313|NORM=3.242664377012261e-07
จริง	O=0.9999996423721313|NORM=3.8489378084705095e-07
แต่	O=0.9999996423721313|NORM=3.495479461435025e-07
คามิ	O=0.9999994039535522|NORM=6.482362095994176e-07
ก็	O=0.9999997615814209|NORM=1.9993525768313702e-07
ไม่	O=0.9999997615814209|NORM=2.618118060127017e-07
ได้	O=0.9999997615814209|NORM=2.433897634546156e-07
อยู่	O=0.9999997615814209|NORM=2.0588116456110583e-07
ใน	O=0.9999997615814209|NORM=2.5871028697110887e-07
แก้ว	O=0.9999996423721313|NORM=3.1785083365321043e-07
ลาย	O=0.9999995231628418|NORM=4.621311404662265e-07
พวก	O=0.9999997615814209|NORM=2.9544403901127225e-07
นั้น	O=0.9999997615814209|NORM=2.9044198868177773e-07
ด้วย	O=0.9999997615814209|NORM=2.095735140983379e-07
_	O=0.9999996423721313|NORM=3.334652660669235e-07
เพียง	O=0.9999996423721313|NORM=3.604360472309054e-07
แต่	O=0.9999996423721313|NORM=3.035685267605004e-07
ว่า	O=0.9999997615814209|NORM=2.550367241838103e-07
_	O=0.9999996423721313|NORM=3.3084495498769684e-07
เห้ย	O=0.9955925345420837|NORM=0.0044074696488678455
_	O=0.9999995231628418|NORM=3.90858787113757e-07
อะไร	O=0.9999990463256836|NORM=9.181495670418371e-07
ยังไง	NORM=0.9997103810310364|O=0.0002896434743888676
_	O=0.9999995231628418|NORM=4.7448011741835217e-07
คน	O=0.9999996423721313|NORM=2.9745976348749537e-07
นั้น	O=0.9999995231628418|NORM=5.220491061663779e-07
บอก	O=0.9999996423721313|NORM=3.4068301602019346e-07
ขาย	O=0.9999996423721313|NORM=3.13583228717107e-07
ได้	O=0.9999997615814209|NORM=1.9151036667608423e-07
คน	O=0.9999997615814209|NORM=2.8197328560963797e-07
นี้	O=0.9999990463256836|NORM=9.46661600664811e-07
บอก	O=0.9999996423721313|NORM=3.4342710364398954e-07
ยัง	O=0.9999997615814209|NORM=2.912080390160554e-07
ขาย	O=0.9999995231628418|NORM=4.5326058284445025e-07
ไม่	O=0.9999997615814209|NORM=2.2250597453421506e-07
ได้	O=0.9999997615814209|NORM=2.237644451952292e-07
_	O=0.9999997615814209|NORM=2.624883279622736e-07
คน	O=0.9999997615814209|NORM=2.4486070060447673e-07
ที่	O=0.9999997615814209|NORM=2.0915661025355803e-07
อยาก	O=0.9999994039535522|NORM=5.412498467194382e-07
ได้	O=0.9999997615814209|NORM=2.2198118188043736e-07
จริงๆ	NORM=0.9963706731796265|O=0.0036292399745434523
มัน	O=0.9999996423721313|NORM=3.440994760239846e-07
จะ	O=0.9999997615814209|NORM=2.3129348392103566e-07
เสีย	O=0.9999997615814209|NORM=2.0651849297337321e-07
โอกาส	O=0.9999997615814209|NORM=2.893345083521126e-07
ไง	O=0.9999866485595703|NORM=1.337214507657336e-05
_	O=0.9999996423721313|NORM=3.3830656320787966e-07
หรือ	O=0.9999997615814209|NORM=2.4700037215552584e-07
คุณ	O=0.9999996423721313|NORM=3.1473433637074777e-07
ไม่	O=0.9999997615814209|NORM=2.1155588569854444e-07
เดือดร้อน	O=0.9999983310699463|NORM=1.6478804809594294e-06
_	O=0.9999995231628418|NORM=3.874392859870568e-07
7Eleven	O=0.9999972581863403|NORM=2.712082505240687e-06
Thailand	O=0.9999995231628418|NORM=4.3690735651580326e-07
_	O=0.9999995231628418|NORM=4.241963438289531e-07
บาง	O=0.9999996423721313|NORM=3.2475540479026677e-07
คน	O=0.9999996423721313|NORM=3.34751263153521e-07
บอก	O=0.9999996423721313|NORM=3.584977719128801e-07
ว่า	O=0.9999996423721313|NORM=2.9288688097039994e-07
_	O=0.9999995231628418|NORM=4.3175546693419165e-07
พนง	NORM=0.9998400211334229|O=0.0001599706447450444
_	O=0.9999994039535522|NORM=5.63536957542965e-07
สแกน	O=0.9999995231628418|NORM=4.3511644776117464e-07
ไม่	O=0.9999997615814209|NORM=2.062496378130163e-07
ได้	O=0.9999997615814209|NORM=2.107811667428905e-07
_	O=0.9999995231628418|NORM=4.5843293605685176e-07
แต่	O=0.9999997615814209|NORM=2.504704923467216e-07
ใช้	O=0.9999997615814209|NORM=1.9645972315629479e-07
การจด	O=0.999834418296814|NORM=0.00016556560876779258
เอา	O=0.9999983310699463|NORM=1.6993014924082672e-06
_	O=0.9999996423721313|NORM=3.7452375067914545e-07
What	O=0.9999997615814209|NORM=2.2907960328666377e-07
?	O=0.9999958276748657|NORM=4.113438535569003e-06
?	O=0.9999969005584717|NORM=3.0890939797245665e-06

อยาก	O=0.9999996423721313|NORM=3.092791303060949e-07
เป็น	O=0.9999996423721313|NORM=3.723775705566368e-07
แฟน	O=0.9999979734420776|NORM=1.9738210994546534e-06
เจนนิษฐ์	O=0.999995231628418|NORM=4.800415808858816e-06
_	O=0.9999992847442627|NORM=6.666049898740312e-07
อยาก	O=0.9999997615814209|NORM=2.861546022359107e-07
ใกล้ชิด	O=0.9999847412109375|NORM=1.5241016626532655e-05
กับ	O=0.999997615814209|NORM=2.3317543309531175e-06
คุณ	O=0.9999995231628418|NORM=4.931249009132443e-07
ฝ้าย	O=0.9999977350234985|NORM=2.2565013750863727e-06
_	O=0.9999995231628418|NORM=4.27165531391438e-07
อยาก	O=0.9999997615814209|NORM=2.694423244520294e-07
ฟัง	O=0.9999995231628418|NORM=4.2034162106574513e-07
เสียง	O=0.9999996423721313|NORM=3.473245442364714e-07
คุณ	O=0.9999997615814209|NORM=2.849389773018629e-07
น้อง	O=0.9999995231628418|NORM=4.291626396479842e-07
นาย	O=0.9999974966049194|NORM=2.54851966019487e-06
_	O=0.9999995231628418|NORM=4.5719121999354684e-07
อยาก	O=0.9999997615814209|NORM=2.515872949970799e-07
ร้องไห้	O=0.9999997615814209|NORM=2.7400511726227705e-07
ใกล้	O=0.9999978542327881|NORM=2.114343715220457e-06
เจ้า	O=0.9999995231628418|NORM=4.2254009713360574e-07
ปัญ	O=0.9999948740005493|NORM=5.1748170335486066e-06
_	O=0.9999994039535522|NORM=5.094682364870096e-07
ได้	O=0.9999997615814209|NORM=2.2281555800418573e-07
ฝัน	O=0.9999996423721313|NORM=3.4035051044156717e-07
ถึง	O=0.9999996423721313|NORM=3.7657628126908094e-07
แคป	O=0.5480304956436157|NORM=0.4519695043563843
เฌอ	O=0.9999858140945435|NORM=1.4216667295841035e-05
_	O=0.9999992847442627|NORM=6.387439270838513e-07
ชอบ	O=0.9999996423721313|NORM=3.415477181079041e-07
ละเมอ	O=0.9999598264694214|NORM=4.012303179479204e-05
ถึง	O=0.9999992847442627|NORM=7.265316526172683e-07
มิวสิค	O=0.9999825954437256|NORM=1.743465691106394e-05
_	O=0.9999994039535522|NORM=5.15967030878528e-07
แอบ	O=0.9999997615814209|NORM=2.700188019844063e-07
ส่ง	O=0.9999997615814209|NORM=2.2611533267991035e-07
ซิก	NORM=0.9983386993408203|O=0.0016612403560429811
ให้	O=0.9999997615814209|NORM=2.759261974460969e-07
ครู	O=0.9999994039535522|NORM=5.649058039125521e-07
แก้ว	O=0.9999995231628418|NORM=5.296707854540728e-07
_	O=0.9999994039535522|NORM=5.735490162805945e-07
ง่วง	O=0.5347744822502136|NORM=0.4652255177497864
แล้ว	O=0.9999995231628418|NORM=4.515769660429214e-07
อยาก	O=0.9999997615814209|NORM=2.4182156721508363e-07
ซบ	O=0.9999982118606567|NORM=1.8144738760383916e-06
นิว	O=0.9999943971633911|NORM=5.6370267884631176e-06
_	O=0.9999995231628418|NORM=3.851056362691452e-07
มา	O=0.9999997615814209|NORM=1.8605400953219942e-07
นั่ง	O=0.9999997615814209|NORM=1.947049383943522e-07
ชิว	O=0.9977102279663086|NORM=0.002289782976731658
กับ	O=0.9999984502792358|NORM=1.4809775166213512e-06
ผักขม	O=0.9999991655349731|NORM=7.84101700901374e-07
ได้	O=0.9999997615814209|NORM=1.9122201422305807e-07
สมหวัง	O=0.999984622001648|NORM=1.53380970004946e-05
กับ	O=0.9999996423721313|NORM=3.928101932615391e-07
ฟ้อนด์	O=0.9999535083770752|NORM=4.643452848540619e-05
ิ	O=0.7568228244781494|NORM=0.24317720532417297
อากาศ	O=0.9999995231628418|NORM=4.6676106535414874e-07
ร้อน	O=0.9999996423721313|NORM=3.5395072472965694e-07
นอน	O=0.9999988079071045|NORM=1.185498945233121e-06
กับ	O=0.9999991655349731|NORM=8.09643893262546e-07
วี	O=0.9999940395355225|NORM=5.920940566284116e-06
_	O=0.9999996423721313|NORM=3.343552918977366e-07
กิน	O=0.9999997615814209|NORM=2.323088068578727e-07
ข้าว	O=0.9999996423721313|NORM=3.6135847381046915e-07
ฟรี	O=0.9999986886978149|NORM=1.2963508879693109e-06
กับ	O=0.9999996423721313|NORM=3.4747796462397673e-07
พี่	O=0.9999990463256836|NORM=9.53466042119544e-07
เข่ง	O=0.9999980926513672|NORM=1.8502345255910768e-06
_	O=0.9999992847442627|NORM=6.997669288466568e-07
แล้ว	O=0.9999997615814209|NORM=1.9422961372583813e-07
เพ่งเล็ง	O=0.9996297359466553|NORM=0.00037023864570073783
ไป	O=0.9999970197677612|NORM=3.0177970984368585e-06
ทาง	O=0.9999991655349731|NORM=8.122408985400398e-07
อร	O=0.9999834299087524|NORM=1.652678838581778e-05
_	O=0.9999995231628418|NORM=4.894423000223469e-07
ยิง	O=0.9999990463256836|NORM=9.63051547842042e-07
ลูกศร	O=0.9999802112579346|NORM=1.9821341993520036e-05
ไป	O=0.9999985694885254|NORM=1.3777438425677246e-06
หา	O=0.9999995231628418|NORM=4.5052141217638564e-07
เนย	O=0.9999815225601196|NORM=1.8483740859664977e-05
_	O=0.9999996423721313|NORM=3.526733678427263e-07
#BNK48	O=0.9999995231628418|NORM=4.131927084927156e-07

ขอ	O=0.9999997615814209|NORM=2.1761543678167072e-07
ระบาย	O=0.9999992847442627|NORM=7.388227913907031e-07
ลง	O=0.9999996423721313|NORM=3.917133710729104e-07
ทวิตเตอร์	NORM=0.7797675728797913|O=0.22023241221904755
นะ	O=0.9999995231628418|NORM=4.6837433842483733e-07
_	O=0.9999994039535522|NORM=5.068030191068829e-07
จะ	O=0.9999996423721313|NORM=3.590822075238975e-07
ถูกใจ	O=0.999998927116394|NORM=1.079725279851118e-06
หรือ	O=0.9999983310699463|NORM=1.6929476487348438e-06
ไม่	O=0.9999994039535522|NORM=5.350675564841367e-07
ถูกใจ	O=0.9999927282333374|NORM=7.268640729307663e-06
ก็	O=0.9999996423721313|NORM=3.729348065917293e-07
ขออภัย	O=0.9999996423721313|NORM=3.048189114451816e-07
_	O=0.9999995231628418|NORM=4.979817731509684e-07
ณ	O=0.9999914169311523|NORM=8.529377737431787e-06
_	O=0.9999986886978149|NORM=1.2974455785297323e-06
ตรง	O=0.9999996423721313|NORM=3.0509986004290113e-07
นี้	O=0.9999990463256836|NORM=9.976204182748916e-07
ด้วย	O=0.9999996423721313|NORM=3.510395458761195e-07
!!	O=0.9999988079071045|NORM=1.1499512311274884e-06
_	O=0.9999996423721313|NORM=3.2228777513410023e-07
คือ	O=0.9999997615814209|NORM=2.3425501183282904e-07
เรา	O=0.9999995231628418|NORM=4.0523946154280566e-07
ไม่	O=0.9999997615814209|NORM=2.866744068796834e-07
ไหว	O=0.9999995231628418|NORM=4.506786979163735e-07
จริงๆ	NORM=0.9999822378158569|O=1.7665284758550115e-05
นะ	O=0.9999991655349731|NORM=8.752542726142565e-07
_	O=0.9999995231628418|NORM=4.629114300769288e-07
เกี่ยวกับ	O=0.9999992847442627|NORM=6.700091148559295e-07
เรื่อง	O=0.9999997615814209|NORM=2.8455690426199e-07
กลิ่นตัว	O=0.9999977350234985|NORM=2.281861725350609e-06
โอตะ	O=0.9999817609786987|NORM=1.8243315935251303e-05
_	O=0.9999994039535522|NORM=5.131170155436848e-07
เรา	O=0.9999997615814209|NORM=2.2965775769989705e-07
ทำงาน	O=0.9999994039535522|NORM=6.241855317057343e-07
ที่	O=0.9999997615814209|NORM=2.7753182507694873e-07
เดอะมอลล์	O=0.9999473094940186|NORM=5.25154173374176e-05
บางกะปิ	O=0.9999909400939941|NORM=9.025926374306437e-06
ไง	O=0.9999995231628418|NORM=4.240119153564592e-07
_	O=0.9999995231628418|NORM=4.402950253279414e-07
เวลา	O=0.9999997615814209|NORM=2.5105927647928183e-07
เรา	O=0.9999997615814209|NORM=2.73407891882016e-07
มา	O=0.9999996423721313|NORM=2.945108690255438e-07
ทำงาน	O=0.9999996423721313|NORM=3.219572022317152e-07
_	O=0.9999990463256836|NORM=8.931173169912654e-07
เลิก	O=0.9999995231628418|NORM=4.354626810254558e-07
งาน	O=0.9999996423721313|NORM=3.4544393656688044e-07
_	O=0.9999991655349731|NORM=7.398945172099047e-07
ไป	O=0.9999997615814209|NORM=2.461603969550197e-07
กิน	O=0.9999996423721313|NORM=4.094025314316241e-07
ข้าว	O=0.9999995231628418|NORM=4.955206804879708e-07
_	O=0.9999986886978149|NORM=1.2198524927953258e-06
ไป	O=0.9999996423721313|NORM=3.437652651427925e-07
กด	O=0.9999992847442627|NORM=7.594405815325445e-07
ตัง	NORM=0.9992019534111023|O=0.0007981210364960134
เรา	O=0.9999995231628418|NORM=4.078168558407924e-07
ต้อง	O=0.9999997615814209|NORM=2.538806427310192e-07
ผ่าน	O=0.9999996423721313|NORM=3.539422550602467e-07
คาเฟ่	O=0.9983525276184082|NORM=0.001647495897486806
BNK48	O=0.9999940395355225|NORM=5.920268904446857e-06
_	O=0.9999994039535522|NORM=5.643699978463701e-07
ตลอด	O=0.9999996423721313|NORM=3.0949391316426045e-07
ทุกๆ	NORM=0.9951099753379822|O=0.004889060743153095
วัน	O=0.9999994039535522|NORM=5.334137540558004e-07
_	O=0.9999995231628418|NORM=4.414015677411953e-07
ทุกๆ	NORM=0.9991344809532166|O=0.0008643386536277831
ครั้ง	O=0.9999995231628418|NORM=4.5021903360975557e-07
ที่	O=0.9999996423721313|NORM=3.863025881400972e-07
ผ่าน	O=0.9999996423721313|NORM=3.542715205639979e-07
ต้อง	O=0.9999996423721313|NORM=2.9763540965177526e-07
เจอ	O=0.9999996423721313|NORM=3.336838005907339e-07
ปัญหา	O=0.9999996423721313|NORM=3.680090685520554e-07
นี้	O=0.9999994039535522|NORM=5.404054945756798e-07
ตลอด	O=0.9999996423721313|NORM=3.854190708807437e-07
เลยยยยย	NORM=0.9999494552612305|O=5.048510865890421e-05
_	O=0.9999994039535522|NORM=5.656961548083927e-07
ตลอดๆๆๆๆๆๆๆๆ	NORM=0.9999780654907227|O=2.1930263756075874e-05
_	O=0.9999994039535522|NORM=5.993718446006824e-07
#โอตะ	O=0.999998927116394|NORM=1.0692659770938917e-06

สเตจ	O=0.9999524354934692|NORM=4.7560170060023665e-05
วันนี้	O=0.9999992847442627|NORM=6.650099635407969e-07
_	O=0.9999997615814209|NORM=2.4774374196567805e-07
#MairaBNK48	O=0.9999997615814209|NORM=2.879188514270936e-07
_	O=0.9999997615814209|NORM=2.065986848265311e-07
#BNK48	O=0.9999996423721313|NORM=3.896760176758107e-07
_	O=0.9999996423721313|NORM=2.8761911607944057e-07
มัยร่า	O=0.9999972581863403|NORM=2.769070533759077e-06
บอก	O=0.9999994039535522|NORM=5.666897209266608e-07
ว่า	O=0.9999996423721313|NORM=3.808441704222787e-07
ข้า	O=0.9999991655349731|NORM=7.888667141742189e-07
คือ	O=0.9999995231628418|NORM=4.8877251401791e-07
ด้าน	O=0.9999996423721313|NORM=3.2128735938385944e-07
มืด	O=0.9999995231628418|NORM=4.687121304414177e-07
_	O=0.9999995231628418|NORM=4.631242802588531e-07
มัยร่า	O=0.9999945163726807|NORM=5.52530900677084e-06
กล่าว	O=0.9999985694885254|NORM=1.4503466445603408e-06
ทักทาย	O=0.9999843835830688|NORM=1.5552110198768787e-05
_	O=0.9999995231628418|NORM=4.423337145453843e-07
มัยร่า	O=0.9999839067459106|NORM=1.6136456906679086e-05
เต้น	O=0.9999992847442627|NORM=7.704545623710146e-07
ท่า	O=0.9999995231628418|NORM=5.153376037014823e-07
โจร	O=0.9999945163726807|NORM=5.5184054872370325e-06
ย่อง	O=0.9999959468841553|NORM=4.066788733325666e-06
เข้า	O=0.9999995231628418|NORM=4.810979703506746e-07
บ้าน	O=0.9999984502792358|NORM=1.594921741343569e-06
_	O=0.9999995231628418|NORM=4.084213003352488e-07
มัยร่า	O=0.9999902248382568|NORM=9.773653800948523e-06
ขอบคุณ	O=0.9999996423721313|NORM=3.522175688885909e-07
ผู้ชม	O=0.9999783039093018|NORM=2.166196281905286e-05
ที่	O=0.9999994039535522|NORM=5.369630571294692e-07
มา	O=0.9999994039535522|NORM=5.490910552907735e-07
ให้	O=0.9999996423721313|NORM=3.488299569198716e-07
ดู	O=0.9999991655349731|NORM=8.780056077739573e-07
_	O=0.9999996423721313|NORM=3.8255686263255484e-07
มัยร่า	O=0.9999933242797852|NORM=6.68214306642767e-06
บอก	O=0.9999997615814209|NORM=2.938092791282543e-07
ว่า	O=0.9999997615814209|NORM=2.3513531743901694e-07
แต้มบุญ	O=0.9999982118606567|NORM=1.7956176634470467e-06
ทุก	O=0.9999996423721313|NORM=3.469104399300704e-07
คน	O=0.9999996423721313|NORM=4.065761913807364e-07
หมด	O=0.9999997615814209|NORM=2.698442642667942e-07
แล้ว	O=0.9999997615814209|NORM=2.8349268177407794e-07
นะ	O=0.999998927116394|NORM=1.0576868589851074e-06
คะ	O=0.9999986886978149|NORM=1.2623311249626568e-06
_	O=0.9999996423721313|NORM=3.578829250727722e-07
ถ้า	O=0.9999997615814209|NORM=2.1196707677972881e-07
อยาก	O=0.9999997615814209|NORM=2.660488860328769e-07
ได้	O=0.9999997615814209|NORM=2.1286773232986889e-07
เพิ่ม	O=0.9999997615814209|NORM=2.677900283742929e-07
ต้อง	O=0.9999997615814209|NORM=2.442072570829623e-07
ไม่	O=0.9999996423721313|NORM=3.049436259061622e-07
แกล้ง	O=0.9999960660934448|NORM=3.9802271203370765e-06
มัยร่า	O=0.9999889135360718|NORM=1.112867448682664e-05
นะ	O=0.9999994039535522|NORM=5.588635758613236e-07
คะ	O=0.9999963045120239|NORM=3.639957867562771e-06
_	O=0.9999997615814209|NORM=2.657745028500358e-07
มัยร่า	O=0.999994158744812|NORM=5.8965474636352155e-06
ดึง	O=0.9999997615814209|NORM=2.6774100092552544e-07
ชิ้นส่วน	O=0.9999984502792358|NORM=1.5466047216250445e-06
หลุด	O=0.9999996423721313|NORM=3.8092517229415535e-07
จาก	O=0.9999997615814209|NORM=2.561814653745387e-07
ขา	O=0.9999995231628418|NORM=4.570578084894805e-07
ไมค์	O=0.999985933303833|NORM=1.3994458640809171e-05
_	O=0.9999996423721313|NORM=3.368886893895251e-07
มัยร่า	O=0.9999959468841553|NORM=4.068743237439776e-06
มือ	O=0.9999995231628418|NORM=4.219558036311355e-07
เปื้อน	O=0.9999978542327881|NORM=2.166910917367204e-06
ขนม	O=0.9999386072158813|NORM=6.134383147582412e-05
แล้ว	O=0.9999938011169434|NORM=6.18097692495212e-06
เช็ด	O=0.9999902248382568|NORM=9.713551662571263e-06
มือ	O=0.9999974966049194|NORM=2.5546250981278718e-06
กับ	O=0.9999412298202515|NORM=5.868929292773828e-05
ผ้าม่าน	O=0.9998502731323242|NORM=0.0001496837503509596
..	O=0.9999256134033203|NORM=7.438330794684589e-05

-	O=0.9999997615814209|NORM=2.423394107609056e-07
_	O=0.9999998807907104|NORM=1.4806865067384933e-07
BNK48	O=0.9999996423721313|NORM=3.446285461450316e-07
_	O=0.9999997615814209|NORM=1.5126416030852852e-07
5th	O=0.9999996423721313|NORM=3.916132698122965e-07
_	O=0.9999997615814209|NORM=1.7758476644758048e-07
Single	O=0.9999997615814209|NORM=1.9971763265402842e-07
_	O=0.9999997615814209|NORM=1.8981842231369228e-07
-	O=0.9999997615814209|NORM=1.8172326576859632e-07
_	O=0.9999998807907104|NORM=1.4446287366354227e-07
BNK	O=0.9999995231628418|NORM=4.342355452990887e-07
_	O=0.9999997615814209|NORM=1.6279318515444174e-07
Festival	O=0.9999998807907104|NORM=1.6329529728409398e-07
_	O=0.9999997615814209|NORM=1.8407205004677962e-07
.	O=0.9999994039535522|NORM=6.356175390465069e-07
_	O=0.9999997615814209|NORM=1.755091574295875e-07
ด้วย	O=0.9999998807907104|NORM=1.673082294928463e-07
คุณภาพ	O=0.9999994039535522|NORM=6.111222887739132e-07
บันทึก	O=0.9999994039535522|NORM=5.597826202574652e-07
เสียง	O=0.9999997615814209|NORM=2.612399043755431e-07
ที่	O=0.9999997615814209|NORM=1.995401959220544e-07
ต่ำทราม	O=0.9999990463256836|NORM=9.950872481567785e-07
เกิน	O=0.9999997615814209|NORM=2.6362778271504794e-07
รับ	O=0.9999997615814209|NORM=1.9684944163600449e-07
ได้	O=0.9999997615814209|NORM=1.8450526795277256e-07
_	O=0.9999997615814209|NORM=2.4497794015587715e-07
รู้สึก	O=0.9999997615814209|NORM=2.821502960159705e-07
ดี	O=0.9999997615814209|NORM=2.1418891549274122e-07
ที่	O=0.9999997615814209|NORM=2.0897836350286525e-07
ไม่	O=0.9999997615814209|NORM=2.544150845551485e-07
ได้	O=0.9999997615814209|NORM=2.2427590806728404e-07
ซื้อ	O=0.9999997615814209|NORM=1.7462694756886776e-07
แผ่น	O=0.9999992847442627|NORM=6.768778462173941e-07
ตอน	O=0.9999997615814209|NORM=2.3200638565867848e-07
เปิด	O=0.9999997615814209|NORM=2.018372668999291e-07
_	O=0.9999995231628418|NORM=3.7853070011806267e-07
pre-order	O=0.9999990463256836|NORM=9.424728659723769e-07
_	O=0.9999997615814209|NORM=2.5350902888021665e-07
จึง	O=0.9999997615814209|NORM=2.1443948128307966e-07
ตัดสินใจ	O=0.9999997615814209|NORM=2.0517690302312985e-07
แล้ว	O=0.9999997615814209|NORM=1.864141836449562e-07
ว่า	O=0.9999997615814209|NORM=1.9133474893351377e-07
จะ	O=0.9999997615814209|NORM=1.9607247736530553e-07
ไม่	O=0.9999997615814209|NORM=2.707890871533891e-07
สนับสนุน	O=0.9999996423721313|NORM=3.538946771186602e-07
ซิงเกิล	NORM=0.999894380569458|O=0.00010557332279859111
นี้	O=0.9999991655349731|NORM=8.779185236562626e-07
แบบ	O=0.9999996423721313|NORM=2.95933801908177e-07
เสีย	O=0.9999997615814209|NORM=2.1727370835833426e-07
เงิน	O=0.9999997615814209|NORM=2.0647655674110865e-07
แน่ๆ	NORM=0.999972939491272|O=2.7068244889960624e-05
_	O=0.9999996423721313|NORM=2.928796334344952e-07
เพราะ	O=0.9999997615814209|NORM=2.060514532331581e-07
มัน	O=0.9999997615814209|NORM=2.490356791895465e-07
ไม่	O=0.9999997615814209|NORM=2.1981973929996457e-07
มี	O=0.9999996423721313|NORM=2.949254565010051e-07
คุณค่า	O=0.9999997615814209|NORM=2.7165509663973353e-07
พอ	O=0.9999997615814209|NORM=1.9136831497235107e-07
ที่	O=0.9999997615814209|NORM=1.802461611077888e-07
จะ	O=0.9999997615814209|NORM=1.8899042686371104e-07
มา	O=0.9999997615814209|NORM=1.9243161375470663e-07
อยู่	O=0.9999998807907104|NORM=1.5397129971006507e-07
ใน	O=0.9999997615814209|NORM=1.8530462853050267e-07
ห้องนอน	O=0.9999996423721313|NORM=4.0065546613732295e-07
ดิฉัน	O=0.999996542930603|NORM=3.463898110567243e-06
_	O=0.9999994039535522|NORM=5.560756335398764e-07
หรือ	O=0.9999997615814209|NORM=2.4274879706354113e-07
กระทั่ง	O=0.9999831914901733|NORM=1.6789075743872672e-05
เอา	O=0.9999997615814209|NORM=1.7127287321727636e-07
ไว้	O=0.9999997615814209|NORM=2.4940834464359796e-07
ห้อย	O=0.9999997615814209|NORM=2.3213075905914593e-07
ท้าย	O=0.9999997615814209|NORM=2.8510234528766887e-07
รถซาเล้ง	O=0.9999765157699585|NORM=2.3498012524214573e-05
_	O=0.9999997615814209|NORM=2.279415980410704e-07
#BNK48	O=0.9999997615814209|NORM=2.57427302585711e-07
_	O=0.9999997615814209|NORM=1.7366667748319742e-07
#BNKfestival	O=0.9999997615814209|NORM=2.7503347155288793e-07

ถ้า	O=0.9999997615814209|NORM=2.5313650553471234e-07
จ้อง	O=0.9999798536300659|NORM=2.0111099729547277e-05
เรียน	O=0.9999995231628418|NORM=4.1980320020229556e-07
ตามใจ	O=0.9999995231628418|NORM=4.868237510891049e-07
พ่อ	O=0.9999996423721313|NORM=3.4479128885323007e-07
แม่	O=0.9999997615814209|NORM=2.814101947024028e-07
ไป	O=0.9999995231628418|NORM=4.1931346572710027e-07
_	O=0.9999994039535522|NORM=5.195468588681251e-07
แต่	O=0.9999997615814209|NORM=2.8386520511958224e-07
ไม่	O=0.9999996423721313|NORM=3.4214858146697225e-07
ชอบ	O=0.9999995231628418|NORM=4.7524272872578877e-07
_	O=0.9999995231628418|NORM=4.190040669982409e-07
ไม่	O=0.9999997615814209|NORM=2.4261643716272374e-07
จอย	O=0.9999971389770508|NORM=2.852042598533444e-06
ไม่	O=0.9999997615814209|NORM=2.5125018510152586e-07
อยาก	O=0.9999997615814209|NORM=2.5028330696841294e-07
ได้	O=0.9999997615814209|NORM=2.1139797468094912e-07
แล้ว	O=0.9999996423721313|NORM=3.123341514310596e-07
ตัว	O=0.9999997615814209|NORM=2.8444350164136267e-07
กู	O=0.9999991655349731|NORM=8.719276820556843e-07
ต้าน	O=0.9999985694885254|NORM=1.4005536286276765e-06
อะ	O=0.9999982118606567|NORM=1.7374486560584046e-06
_	O=0.9999996423721313|NORM=3.6548345860865084e-07
มัน	O=0.9999997615814209|NORM=2.6421548682264984e-07
ได้	O=0.9999997615814209|NORM=2.231055873380683e-07
อะไร	O=0.9999996423721313|NORM=4.0733414152782643e-07
อะ	O=0.9999518394470215|NORM=4.8120811698026955e-05
เครียด	O=0.9999994039535522|NORM=5.559197120419412e-07
เปล่าๆ	O=0.9722082018852234|NORM=0.027791807428002357
ป้ะ	NORM=0.9997380375862122|O=0.00026196372346021235
_	O=0.9999994039535522|NORM=6.193304784574138e-07
ทุกวัน	O=0.9999994039535522|NORM=5.443811801342235e-07
นี้	O=0.9999994039535522|NORM=5.577007300416881e-07
ก็	O=0.9999996423721313|NORM=3.6586149576578464e-07
เครียด	O=0.9999994039535522|NORM=5.948754164819547e-07
ชิบหาย	NORM=0.9998559951782227|O=0.00014403363456949592
พอ	O=0.9999997615814209|NORM=2.665593683559564e-07
แล้ว	O=0.9999997615814209|NORM=2.3241561564191215e-07
_	O=0.9999995231628418|NORM=4.816236014448805e-07
แล้ว	O=0.9999997615814209|NORM=2.0759348728915938e-07
บอก	O=0.9999996423721313|NORM=3.313783167868678e-07
_	O=0.9999994039535522|NORM=5.477469358083908e-07
ศิลป์	O=0.999998927116394|NORM=1.030539465318725e-06
ภาษา	O=0.9999996423721313|NORM=3.800571732881508e-07
เรียน	O=0.9999996423721313|NORM=3.6706441619571706e-07
ง่าย	O=0.9999996423721313|NORM=3.431046309287922e-07
_	O=0.9999995231628418|NORM=3.932029244424484e-07
จะ	O=0.9999997615814209|NORM=2.52954293955554e-07
เหนื่อย	O=0.9999996423721313|NORM=3.981218128501496e-07
อะไร	O=0.9999992847442627|NORM=6.912134722369956e-07
นัก	O=0.8351383209228516|NORM=0.16486169397830963
_	O=0.9999995231628418|NORM=4.5226053657643206e-07
เอ้า	O=0.999830961227417|NORM=0.0001689932105364278
มา	O=0.9999996423721313|NORM=3.230250342767249e-07
เรียน	O=0.9999997615814209|NORM=2.8056825840394595e-07
ดิ	O=0.9875182509422302|NORM=0.012481673620641232
มา	O=0.9999996423721313|NORM=3.720839742982207e-07
ลอง	O=0.9999996423721313|NORM=3.79286689167202e-07
เรียน	O=0.9999996423721313|NORM=3.560527943591296e-07
ดู	O=0.9999996423721313|NORM=3.7034507727184973e-07
_	O=0.9999996423721313|NORM=3.7568599964288296e-07
ภาษา	O=0.9999996423721313|NORM=4.01837496610824e-07
ไทย	O=0.9999995231628418|NORM=4.5143144689063774e-07
ทุห	NORM=0.9998161196708679|O=0.00018392535275779665
วัน	O=0.9999996423721313|NORM=3.133587256343162e-07
นี้	O=0.9999995231628418|NORM=4.742638566312962e-07
จำ	O=0.9999995231628418|NORM=5.10799395669892e-07
ได้	O=0.9999997615814209|NORM=2.4936366571637336e-07
ทุกอย่าง	O=0.9999983310699463|NORM=1.6322334204232902e-06
ผ้ะ	NORM=0.9999074935913086|O=9.254336328012869e-05
_	O=0.9999979734420776|NORM=1.9685219285747735e-06
ก็	O=0.9999996423721313|NORM=2.945055257441709e-07
ไม่	O=0.9999996423721313|NORM=3.1986630233404867e-07
_	O=0.9999995231628418|NORM=4.690421349096141e-07
แล้ว	O=0.9999997615814209|NORM=2.696667706914013e-07
เนี่ย	NORM=0.9008499979972839|O=0.09914994984865189
มัน	O=0.9999990463256836|NORM=8.769276860220998e-07
ไม่	O=0.9999997615814209|NORM=2.7682418135555054e-07
ใช่	O=0.9999992847442627|NORM=6.921324029462994e-07
ภาษา	O=0.9999990463256836|NORM=9.070158739632461e-07
ที่	O=0.9999996423721313|NORM=3.647341770829371e-07
ใช้	O=0.9999991655349731|NORM=8.101165462903737e-07
_	O=0.999998927116394|NORM=1.084404971152253e-06
เข้าใจ	O=0.9999991655349731|NORM=7.938976409604948e-07
หน่อย	O=0.9999990463256836|NORM=1.0085428812089958e-06
เถอะ	O=0.999997615814209|NORM=2.4145986117218854e-06

ก็	O=0.9999997615814209|NORM=2.591199574908387e-07
รู้	O=0.9999997615814209|NORM=2.630632138789224e-07
ว่า	O=0.9999997615814209|NORM=2.544269648296904e-07
เป็น	O=0.9999997615814209|NORM=2.6827981969290704e-07
กระทู้	O=0.9999958276748657|NORM=4.193821041553747e-06
ปั่น	O=0.9999995231628418|NORM=5.338622486306122e-07
นะ	O=0.9999995231628418|NORM=5.215609348852013e-07
ครับ	O=0.9999983310699463|NORM=1.7066390682884958e-06
_	O=0.9999996423721313|NORM=3.760315223644284e-07
ถ้า	O=0.9999997615814209|NORM=2.008468555914078e-07
ไม่	O=0.9999997615814209|NORM=2.9142057655917597e-07
พาดพิง	O=0.9999953508377075|NORM=4.696446922025643e-06
คน	O=0.9999996423721313|NORM=3.3477775218671013e-07
อื่น	O=0.9999996423721313|NORM=2.9878808049943473e-07
จะ	O=0.9999997615814209|NORM=2.1408067141237552e-07
ปล่อย	O=0.9999997615814209|NORM=2.796855653741659e-07
ผ่าน	O=0.9999997615814209|NORM=2.7143599368173454e-07
_	O=0.9999996423721313|NORM=3.609985128605331e-07
แต่	O=0.9999997615814209|NORM=2.2971843804953096e-07
ถ้า	O=0.9999997615814209|NORM=2.100198770449424e-07
แฟนคลับ	O=0.9999994039535522|NORM=5.437113941297866e-07
บ้าน	O=0.9999997615814209|NORM=2.440647790535877e-07
พี่	O=0.9999997615814209|NORM=2.2032492097423528e-07
เฌอ	O=0.9999996423721313|NORM=3.4190131259492773e-07
และ	O=0.9999996423721313|NORM=2.9342504603846464e-07
น้อง	O=0.9999995231628418|NORM=4.695443180935399e-07
มิวสิค	O=0.9999992847442627|NORM=7.289538075383462e-07
_	O=0.9999995231628418|NORM=4.529269972408656e-07
รวม	O=0.9999997615814209|NORM=2.729842663029558e-07
ถึง	O=0.9999982118606567|NORM=1.8100839724866091e-06
เมมเบอร์	O=0.989440381526947|NORM=0.010559638030827045
_	O=0.9999995231628418|NORM=4.566500138025731e-07
bnk	O=0.9999980926513672|NORM=1.8953420521938824e-06
48	O=0.9999994039535522|NORM=5.291576599120162e-07
_	O=0.9999996423721313|NORM=3.21240776202103e-07
ทุก	O=0.9999997615814209|NORM=1.8660912814993935e-07
รุ่น	O=0.9999997615814209|NORM=2.427453296149906e-07
_	O=0.9999996423721313|NORM=3.335279075145081e-07
มา	O=0.9999997615814209|NORM=1.946925038964764e-07
พบ	O=0.9999997615814209|NORM=2.576704503098881e-07
เห็น	O=0.9999996423721313|NORM=3.940438375593658e-07
_	O=0.9999995231628418|NORM=4.108660789370333e-07
อยาก	O=0.9999997615814209|NORM=2.0109294496251096e-07
บอก	O=0.9999997615814209|NORM=2.1546055961607635e-07
ว่า	O=0.9999997615814209|NORM=2.398463720965083e-07
การกระทำ	O=0.9999996423721313|NORM=3.320473638268595e-07
ดัง	O=0.9999997615814209|NORM=2.4094381956274447e-07
กล่าว	O=0.9999997615814209|NORM=2.507075578250806e-07
แฟนๆ	NORM=0.999914288520813|O=8.564986637793481e-05
ที่	O=0.9999996423721313|NORM=3.862131165988103e-07
รัก	O=0.9999990463256836|NORM=9.636946742830332e-07
น้อง	O=0.999998927116394|NORM=1.1113561413367279e-06
โมบายล์	O=0.9999953508377075|NORM=4.648753474612022e-06
ทุก	O=0.9999996423721313|NORM=3.045381902211375e-07
คน	O=0.9999996423721313|NORM=3.301285858015035e-07
ไม่	O=0.9999997615814209|NORM=2.2053998804949515e-07
อยาก	O=0.9999997615814209|NORM=2.885342951230996e-07
ให้	O=0.9999997615814209|NORM=2.619121914904099e-07
เกิด	O=0.9999997615814209|NORM=2.6872743319472647e-07
เหตุการณ์	O=0.9999996423721313|NORM=3.4556649097794434e-07
แบบ	O=0.9999996423721313|NORM=2.9861030270694755e-07
นี้	O=0.9999996423721313|NORM=3.0102955861366354e-07
เกิด	O=0.9999996423721313|NORM=3.1155860824583215e-07
ขึ้น	O=0.9999996423721313|NORM=3.392590599560208e-07
_	O=0.9999978542327881|NORM=2.1732932964368956e-06
และ	O=0.9999994039535522|NORM=5.787838972537429e-07
ต้อง	O=0.9999997615814209|NORM=2.3515123359629797e-07
ขอโทษ	O=0.9999996423721313|NORM=3.505434165163024e-07
ด้วย	O=0.9999997615814209|NORM=2.552152977841615e-07
_	O=0.9999994039535522|NORM=5.557178042181476e-07
รวม	O=0.9999986886978149|NORM=1.2890650396002457e-06
ถึง	O=0.9999994039535522|NORM=5.367198241401638e-07
ขอ	O=0.9999997615814209|NORM=2.464074668750982e-07
ประณาม	O=0.9999954700469971|NORM=4.5551582843472715e-06
การกระทำ	O=0.9999996423721313|NORM=3.268455373017787e-07
ดัง	O=0.9999997615814209|NORM=2.7127708790430916e-07
กล่าว	O=0.9999997615814209|NORM=2.8370067184368963e-07
ครั้ง	O=0.9999996423721313|NORM=2.98564174272542e-07
นี้	O=0.9999996423721313|NORM=2.9776487053823075e-07

เรา	O=0.9999997615814209|NORM=2.1619000278860767e-07
จะ	O=0.9999997615814209|NORM=2.5184536411870795e-07
บอก	O=0.9999996423721313|NORM=3.0845552601022064e-07
อะไร	O=0.9999916553497314|NORM=8.291774065583013e-06
ให้	O=0.9999995231628418|NORM=4.1526465111019206e-07
ว่า	O=0.9999997615814209|NORM=2.8439114885259187e-07
เวลา	O=0.9999996423721313|NORM=3.3414968925171706e-07
ที่	O=0.9999996423721313|NORM=2.964351608625293e-07
เรา	O=0.9999996423721313|NORM=3.4439986507095455e-07
ไป	O=0.9999995231628418|NORM=4.5786623559251893e-07
ดู	O=0.9999996423721313|NORM=3.1707759262644686e-07
_	O=0.9999996423721313|NORM=3.258393519445235e-07
BNK48	O=0.9999986886978149|NORM=1.257227495443658e-06
_	O=0.9999997615814209|NORM=2.586106404578459e-07
แสดง	O=0.9999996423721313|NORM=3.0628052627434954e-07
สด	O=0.9999996423721313|NORM=3.20529579767026e-07
อ่ะ	NORM=0.9988182187080383|O=0.0011807553237304091
_	O=0.9999996423721313|NORM=2.893882538046455e-07
เรา	O=0.9999997615814209|NORM=2.1528124705127993e-07
ไม่	O=0.9999997615814209|NORM=2.4513312268936716e-07
ได้	O=0.9999997615814209|NORM=2.6527490604166815e-07
และ	O=0.9999985694885254|NORM=1.4128501106824842e-06
ไม่	O=0.9999997615814209|NORM=2.523680393551331e-07
เคย	O=0.9999995231628418|NORM=4.81514746297762e-07
ที่	O=0.9999996423721313|NORM=3.1896038876766397e-07
จะ	O=0.9999997615814209|NORM=2.7483605435918435e-07
ไป	O=0.9999996423721313|NORM=4.0307185145138646e-07
จับผิด	O=0.9999995231628418|NORM=4.930608952236071e-07
ท่าเต้น	O=0.9999988079071045|NORM=1.1754859770007897e-06
ใคร	O=0.9999997615814209|NORM=2.4402891085628653e-07
เลย	O=0.9999996423721313|NORM=2.959064318019955e-07
แม้แต่	O=0.9999995231628418|NORM=4.558746127258928e-07
นิดเดียว	O=0.9999983310699463|NORM=1.6204968460442615e-06
_	O=0.9999995231628418|NORM=4.146441767716169e-07
และ	O=0.9999996423721313|NORM=3.1137267342273844e-07
ก็	O=0.9999997615814209|NORM=2.2808576716215612e-07
ไม่	O=0.9999997615814209|NORM=2.421580518330302e-07
สนใจ	O=0.9999996423721313|NORM=3.5877963000530144e-07
ด้วย	O=0.9999997615814209|NORM=2.7816722081297485e-07
ว่า	O=0.9999996423721313|NORM=3.559366916761064e-07
ใคร	O=0.9999996423721313|NORM=3.1178362291939266e-07
จะ	O=0.9999997615814209|NORM=2.887123855543905e-07
เต้น	O=0.9999983310699463|NORM=1.630394535823143e-06
ถูก	O=0.9999992847442627|NORM=7.286799359462748e-07
หรือ	O=0.9999986886978149|NORM=1.2825219073420158e-06
ผิด	O=0.9999992847442627|NORM=7.46352156966168e-07
_	O=0.9999995231628418|NORM=4.786240310750145e-07
แต่	O=0.9999997615814209|NORM=2.4975301471386047e-07
ที่	O=0.9999996423721313|NORM=3.2520912895961374e-07
เรา	O=0.9999997615814209|NORM=2.848898077445483e-07
ไป	O=0.9999991655349731|NORM=7.795906640239991e-07
คือ	O=0.9999996423721313|NORM=3.1126219823818246e-07
เรา	O=0.9999997615814209|NORM=2.0590766780514969e-07
อยาก	O=0.9999997615814209|NORM=2.690140661343321e-07
ไป	O=0.9999995231628418|NORM=4.922119956063398e-07
เจอ	O=0.9999992847442627|NORM=7.369650347754941e-07
และ	O=0.9999587535858154|NORM=4.1234841773984954e-05
อยาก	O=0.9999997615814209|NORM=2.6200663683084713e-07
ไป	O=0.9999995231628418|NORM=4.127803379105899e-07
บอก	O=0.9999997615814209|NORM=2.821855389356642e-07
ว่า	O=0.9999997615814209|NORM=2.7955971404480806e-07
เรา	O=0.9999996423721313|NORM=3.2452194886900543e-07
ติดตาม	O=0.9999983310699463|NORM=1.6188641893677413e-06
และ	O=0.9999750852584839|NORM=2.485486402292736e-05
เชียร์	O=0.9999986886978149|NORM=1.26107852338464e-06
อยู่	O=0.9999997615814209|NORM=2.7629641863313736e-07
_	O=0.9999995231628418|NORM=4.0595736550130823e-07
ดังนั้น	O=0.9999995231628418|NORM=4.736929497539677e-07
อย่า	O=0.9999997615814209|NORM=2.3362186141184793e-07
คิด	O=0.9999996423721313|NORM=3.524594944792625e-07
มาก	O=0.9999994039535522|NORM=5.318512421581545e-07
เน้ออ	NORM=0.9999614953994751|O=3.8033096643630415e-05
_	O=0.9999996423721313|NORM=3.1745580031383724e-07
ครั้ง	O=0.9999997615814209|NORM=2.527857532186317e-07
ต่อ	O=0.9999998807907104|NORM=1.6012435821721738e-07
ไป	O=0.9999997615814209|NORM=2.2659412479697494e-07
ก็	O=0.9999997615814209|NORM=2.725940078107669e-07
สู้ๆ	O=0.9944919347763062|NORM=0.005508056376129389
_	O=0.9999996423721313|NORM=2.912982495217875e-07
เชียร์	O=0.9999996423721313|NORM=3.981597842539486e-07
อยู่	O=0.9999997615814209|NORM=2.1686629736450413e-07
_	O=0.9999996423721313|NORM=2.906400595747982e-07
#BNK48	O=0.9999995231628418|NORM=4.228573402542679e-07
_	O=0.9999997615814209|NORM=2.3785824510014208e-07
#NinkBNK48	O=0.9999994039535522|NORM=5.497219035532908e-07

เปิด	O=0.9999997615814209|NORM=2.350709564780118e-07
รับ	O=0.9999959468841553|NORM=4.0826353142620064e-06
ดูดวง	O=0.9999979734420776|NORM=1.9617602902144426e-06
ไพ่	O=0.999964714050293|NORM=3.528275919961743e-05
ทาโรต์	O=0.9999749660491943|NORM=2.504420990590006e-05
ทุก	O=0.9999994039535522|NORM=5.657258270730381e-07
เรื่อง	O=0.9999996423721313|NORM=3.767573275581526e-07
_	O=0.9999995231628418|NORM=4.177671542038297e-07
พร้อม	O=0.9999997615814209|NORM=2.4539767196074536e-07
คำแนะนำ	O=0.9999996423721313|NORM=3.3944093047466595e-07
และ	O=0.9999637603759766|NORM=3.617368929553777e-05
กำลังใจ	O=0.9999996423721313|NORM=3.099647472026845e-07
นะ	O=0.9999994039535522|NORM=5.512591201295436e-07
ครับ	O=0.9999992847442627|NORM=6.808061812080268e-07
_	O=0.9999997615814209|NORM=1.960717099791509e-07
ราคา	O=0.9999997615814209|NORM=2.5550752980052494e-07
ต่อ	O=0.9999997615814209|NORM=1.7778303629256698e-07
_	O=0.9999997615814209|NORM=2.6054948421005975e-07
1	O=0.9999997615814209|NORM=2.007522539315687e-07
_	O=0.9999997615814209|NORM=2.0546826817735564e-07
คำถาม	O=0.9999997615814209|NORM=2.25174972001696e-07
ใน	O=0.9999997615814209|NORM=1.8980774996180116e-07
โควท	O=0.9999288320541382|NORM=7.111508602974936e-05
_	O=0.9999996423721313|NORM=2.8691613351838896e-07
1	O=0.9999997615814209|NORM=2.2583647307783394e-07
_	O=0.9999997615814209|NORM=2.477489147167944e-07
คำถาม	O=0.9999997615814209|NORM=2.1005453731959278e-07
ใช้	O=0.9999997615814209|NORM=1.8627876841037505e-07
_	O=0.9999997615814209|NORM=2.519467443562462e-07
3	O=0.9999997615814209|NORM=1.8644085741925664e-07
_	O=0.9999997615814209|NORM=2.147202451396879e-07
ใบ	O=0.9999997615814209|NORM=2.0958830759809643e-07
ขึ้น	O=0.9999997615814209|NORM=1.9118098748549528e-07
ไป	O=0.9999996423721313|NORM=3.4072365906467894e-07
_	O=0.9999997615814209|NORM=2.562396161920333e-07
ไม่	O=0.9999997615814209|NORM=1.761382861786842e-07
ต้อง	O=0.9999997615814209|NORM=1.7951759900824982e-07
จอง	O=0.9999997615814209|NORM=2.356439949835476e-07
คิว	O=0.9999991655349731|NORM=8.428266937698936e-07
_	O=0.9999996423721313|NORM=3.165887108025345e-07
ไม่	O=0.9999997615814209|NORM=1.8520638889185648e-07
ต้อง	O=0.9999998807907104|NORM=1.6730952268062538e-07
บอก	O=0.9999997615814209|NORM=1.957154580622955e-07
ชื่อ	O=0.9999997615814209|NORM=2.1905965752466727e-07
วัน	O=0.9999997615814209|NORM=2.5066501052606327e-07
เดือน	O=0.9999997615814209|NORM=2.6516738671489293e-07
ปี	O=0.9999997615814209|NORM=2.2524346832142328e-07
เกิด	O=0.9999997615814209|NORM=2.025623047074987e-07
_	O=0.9999997615814209|NORM=2.599845174700022e-07
รับ	O=0.9999998807907104|NORM=1.59584530479151e-07
ทุก	O=0.9999992847442627|NORM=7.445273126904794e-07
ธนาคาร	O=0.9999762773513794|NORM=2.3696900825598277e-05
_	O=0.9999996423721313|NORM=2.798661569158867e-07
พร้อมเพย์	O=0.9999974966049194|NORM=2.4645428311487194e-06
_	O=0.9999996423721313|NORM=3.091749931627419e-07
วอลเลต	O=0.9999715089797974|NORM=2.8483966161729768e-05
_	O=0.9999996423721313|NORM=2.944288723938371e-07
ดู	O=0.9999997615814209|NORM=1.9004846762982197e-07
รีวิว	O=0.9999997615814209|NORM=2.5556505534041207e-07
ไดเ	NORM=0.9939860105514526|O=0.006014005281031132
ที่	O=0.9999996423721313|NORM=3.560650441158941e-07
_	O=0.9999995231628418|NORM=3.829327965831908e-07
#BlackAnchorFortune	O=0.9999997615814209|NORM=2.564361523127445e-07
_	O=0.9999996423721313|NORM=2.6888528736890294e-07
เลย	O=0.9999997615814209|NORM=2.659408266936225e-07
ครับ	O=0.9999995231628418|NORM=4.581252426305582e-07
_	O=0.9999996423721313|NORM=2.9277211410771997e-07
#ดูดวง	O=0.9999986886978149|NORM=1.334552052867366e-06
_	O=0.9999996423721313|NORM=3.378290784894489e-07
#ดูดวงฟรี	O=0.9999994039535522|NORM=5.356250767363235e-07
_	O=0.9999996423721313|NORM=3.460229152096872e-07
#ดูดวงไพ่ยิปซี	O=0.9999988079071045|NORM=1.197578058054205e-06
_	O=0.9999996423721313|NORM=3.167396869230288e-07
#ดูดวงความรัก	O=0.9999986886978149|NORM=1.2438750900400919e-06
_	O=0.9999996423721313|NORM=3.4425440276208974e-07
#ดูดวงการเรียน	O=0.9999197721481323|NORM=8.025229908525944e-05

#เล่าเรื่องผี	O=0.999996542930603|NORM=3.438568228375516e-06
_	O=0.9999995231628418|NORM=3.9821441077947384e-07
สวัสดี	O=0.9999783039093018|NORM=2.166890408261679e-05
จ้า	O=0.999618649482727|NORM=0.0003813024377450347
_	O=0.9999995231628418|NORM=4.340955968018534e-07
เรา	O=0.9999997615814209|NORM=2.4288473809974676e-07
มี	O=0.9999997615814209|NORM=2.843596860202524e-07
เรื่อง	O=0.9999996423721313|NORM=3.76349390762698e-07
หนึ่ง	O=0.9999991655349731|NORM=8.783138696344395e-07
มา	O=0.9999995231628418|NORM=4.585190822581353e-07
เล่า	O=0.9999994039535522|NORM=5.996417371534335e-07
ให้	O=0.9999997615814209|NORM=2.8671925633716455e-07
ฟัง	O=0.9999996423721313|NORM=3.8004739622010675e-07
เรื่อง	O=0.9999997615814209|NORM=2.5394652425347886e-07
มัน	O=0.9999995231628418|NORM=4.12292479268217e-07
เกิด	O=0.9999996423721313|NORM=3.2180037123907823e-07
ตอน	O=0.9999997615814209|NORM=2.4715612312320445e-07
ที่	O=0.9999997615814209|NORM=2.871466904252884e-07
เรา	O=0.9999996423721313|NORM=3.753729913569259e-07
อยู่	O=0.9999997615814209|NORM=2.2657123111002875e-07
ม.	O=0.9999324083328247|NORM=6.753052730346099e-05
ต้น	O=0.9999994039535522|NORM=5.783408028037229e-07
เรา	O=0.9999996423721313|NORM=3.172627032199671e-07
เป็น	O=0.9999996423721313|NORM=3.4349423572166415e-07
เด็ก	O=0.999998927116394|NORM=1.0414826192572946e-06
ที่	O=0.9999995231628418|NORM=4.5186649799688894e-07
ค่อนข้าง	O=0.9999985694885254|NORM=1.415901238033257e-06
อยู่	O=0.9999988079071045|NORM=1.1574538802960888e-06
แต่	O=0.9999991655349731|NORM=8.132810762617737e-07
ใน	O=0.9999995231628418|NORM=4.849984520660655e-07
บ้าน	O=0.9999953508377075|NORM=4.617651484295493e-06
ไม่	O=0.9999996423721313|NORM=3.0520692462232546e-07
ไป	O=0.9999992847442627|NORM=7.45701186133374e-07
เที่ยว	O=0.9999973773956299|NORM=2.621581188577693e-06
เล่น	O=0.9999986886978149|NORM=1.3438842643154203e-06
เหมือน	O=0.9999995231628418|NORM=5.003695946470543e-07
เด็ก	O=0.9999990463256836|NORM=9.804990668271785e-07
คน	O=0.9999990463256836|NORM=9.108420044867671e-07
อื่นๆ	NORM=0.9999724626541138|O=2.7227273676544428e-05
(	O=0.9999991655349731|NORM=8.340043109456019e-07
เป็น	O=0.9999996423721313|NORM=3.1724576388114656e-07
คน	O=0.9999990463256836|NORM=9.365468258692999e-07
ชอบ	O=0.9999991655349731|NORM=7.791513780830428e-07
นอน	O=0.9999996423721313|NORM=3.59419345841161e-07
แหละ	O=0.9999992847442627|NORM=7.402221058327996e-07
55	O=0.9999978542327881|NORM=2.1980351903039264e-06
)	O=0.9999991655349731|NORM=7.48027332519996e-07
_	O=0.9999995231628418|NORM=4.029414810702292e-07
วัน	O=0.9999996423721313|NORM=2.988424796512845e-07
นั้น	O=0.9999996423721313|NORM=3.967701900364773e-07
เป็น	O=0.9999996423721313|NORM=2.91923697659513e-07
วันหยุด	O=0.9999988079071045|NORM=1.2074957567165256e-06
หรือ	O=0.9999990463256836|NORM=8.827256579024834e-07
วัน	O=0.9999996423721313|NORM=2.881962757328438e-07
อะไร	O=0.9999969005584717|NORM=3.0582334602513583e-06
สัก	O=0.9999905824661255|NORM=9.468771168030798e-06
เพราะ	O=0.9999996423721313|NORM=4.000235946932662e-07
ไม่	O=0.9999996423721313|NORM=3.695871839681786e-07
ได้	O=0.9999994039535522|NORM=5.218509500082291e-07
ไป	O=0.999998927116394|NORM=1.0458420547365677e-06
เรียน	O=0.999998927116394|NORM=1.0147472266908153e-06
_	O=0.9999991655349731|NORM=6.862295549581177e-07
ประมาณ	O=0.9999992847442627|NORM=6.670450716228515e-07
ห้า	O=0.9999992847442627|NORM=7.669913770769199e-07
โมง	O=0.9999942779541016|NORM=5.717212843592279e-06
กว่าๆ	O=0.9997005462646484|NORM=0.0002994946844410151
_	O=0.9999994039535522|NORM=5.65483674108691e-07
เรา	O=0.9999997615814209|NORM=2.7448530204310373e-07
ง่วง	O=0.9803967475891113|NORM=0.01960321143269539
เลย	O=0.9999996423721313|NORM=3.41823408689379e-07
หลับ	O=0.9999996423721313|NORM=3.977870903781877e-07
ไป	O=0.9999994039535522|NORM=5.593396963377018e-07
_	O=0.9999994039535522|NORM=6.152333185127645e-07
เรา	O=0.9999997615814209|NORM=2.757846573331335e-07
ฝัน	O=0.9999995231628418|NORM=4.3905009761147085e-07
....	O=0.9999659061431885|NORM=3.41224622388836e-05
ว่า	O=0.9999995231628418|NORM=4.580959966915543e-07
เรา	O=0.9999995231628418|NORM=4.2694151147770754e-07
ฝัน	O=0.9999994039535522|NORM=5.698617542293505e-07
_	O=0.9999984502792358|NORM=1.3650392247654963e-06
(	O=0.999998927116394|NORM=1.0147732609766535e-06
1	O=0.9999990463256836|NORM=9.846662578638643e-07
)	O=0.9999991655349731|NORM=7.860610367060872e-07

สำหรับ	O=0.9999996423721313|NORM=3.444622791448637e-07
บ้าน	O=0.9999995231628418|NORM=4.840169935960148e-07
สิง	O=0.9999994039535522|NORM=6.371366225721431e-07
_	O=0.9999992847442627|NORM=6.92143601099815e-07
เรา	O=0.9999995231628418|NORM=4.3481199440975615e-07
คิด	O=0.9999996423721313|NORM=3.809008148891735e-07
ว่า	O=0.9999997615814209|NORM=2.683918864931911e-07
ที่	O=0.9999997615814209|NORM=2.288234952629864e-07
เกิด	O=0.9999996423721313|NORM=3.232691199173132e-07
ความ	O=0.9999997615814209|NORM=2.75054475196157e-07
ไม่	O=0.9999996423721313|NORM=4.0089551589517214e-07
พอใจ	O=0.9999992847442627|NORM=6.55132794236124e-07
จาก	O=0.9999995231628418|NORM=4.143595333516714e-07
คน	O=0.9999996423721313|NORM=4.0558711589255836e-07
อื่นๆ	NORM=0.9999892711639404|O=1.01054956758162e-05
_	O=0.9999995231628418|NORM=4.956042971571151e-07
ก็	O=0.9999997615814209|NORM=2.0411755485838512e-07
เคส	O=0.9999990463256836|NORM=9.585068028172827e-07
เดียว	O=0.9999988079071045|NORM=1.2191919722681632e-06
กับ	O=0.9999995231628418|NORM=4.754607800805388e-07
ผกก	NORM=0.9999586343765259|O=4.024016379844397e-05
_	O=0.9999760389328003|NORM=2.375445546931587e-05
น่ะ	O=0.9999990463256836|NORM=9.878792752715526e-07
แหละ	O=0.9999995231628418|NORM=4.470397243494517e-07
_	O=0.9999995231628418|NORM=4.302715979065397e-07
นาง	O=0.9999997615814209|NORM=2.4739478021729155e-07
ชิป	O=0.9985283613204956|NORM=0.001471549621783197
โอม	O=0.999998927116394|NORM=1.0788204463096918e-06
สิง	O=0.9999967813491821|NORM=3.2530979297007434e-06
_	O=0.9999996423721313|NORM=3.467364422249375e-07
พาย	O=0.9999996423721313|NORM=3.9524746853203396e-07
เรือ	O=0.9999996423721313|NORM=3.8164151305863925e-07
คนละ	O=0.9999996423721313|NORM=4.0319832805835176e-07
ลำ	O=0.9999994039535522|NORM=6.420321483346925e-07
_	O=0.9999991655349731|NORM=8.517303058397374e-07
555555555555	O=0.9999727010726929|NORM=2.7274501917418092e-05
_	O=0.9999990463256836|NORM=8.762070820012013e-07
แต่	O=0.9999996423721313|NORM=3.2363092827836226e-07
พอดี๊	NORM=0.9999668598175049|O=3.301804099464789e-05
_	O=0.9999991655349731|NORM=8.449046617897693e-07
นาง	O=0.9999995231628418|NORM=4.431249465142173e-07
เป็น	O=0.9999997615814209|NORM=2.24426102590769e-07
แอด	O=0.9999591112136841|NORM=4.086888657184318e-05
ไง	O=0.9999988079071045|NORM=1.203857777909434e-06
_	O=0.9999995231628418|NORM=4.659240175897139e-07
อัน	O=0.9999996423721313|NORM=3.7612048231494555e-07
นี้	O=0.9999964237213135|NORM=3.6211370115779573e-06
คือ	O=0.9999994039535522|NORM=5.907635909352393e-07
ยอมรับ	O=0.9999995231628418|NORM=4.1965671471189125e-07
เลย	O=0.9999996423721313|NORM=3.518274809266586e-07
ว่า	O=0.9999996423721313|NORM=3.3023596301973157e-07
แอด	O=0.9999593496322632|NORM=4.0685419662622735e-05
บ้าน	O=0.9999996423721313|NORM=3.9983405031307484e-07
โน้น	O=0.9999918937683105|NORM=8.117430297716055e-06
เค้า	NORM=0.9999853372573853|O=1.4460605598287657e-05
ฉลาด	O=0.9999990463256836|NORM=1.0020504532803898e-06
ลึก	O=0.9999960660934448|NORM=3.911730800609803e-06
กว่า	O=0.999998927116394|NORM=1.027046550916566e-06
แอด	O=0.9999473094940186|NORM=5.274047362036072e-05
บ้าน	O=0.9999992847442627|NORM=7.027845185803017e-07
นี้	O=0.9999996423721313|NORM=3.2791612625260314e-07
_	O=0.9999995231628418|NORM=4.1289135310762504e-07
จาก	O=0.9999996423721313|NORM=3.7192435797805956e-07
หลายๆ	NORM=0.9999457597732544|O=4.9361267883796245e-05
เหตุการณ์	O=0.9999990463256836|NORM=9.34071579195006e-07
..	O=0.9999972581863403|NORM=2.7045509796153056e-06
_	O=0.9999996423721313|NORM=2.9166267268010415e-07
บ้าน	O=0.9999997615814209|NORM=2.4002758891583653e-07
โน้น	O=0.9999983310699463|NORM=1.6964046380962827e-06
มี	O=0.9999997615814209|NORM=2.561504288678407e-07
ทั้ง	O=0.9999997615814209|NORM=2.4859480163286207e-07
สายดราม่า	O=0.9999980926513672|NORM=1.9453916593192844e-06
_	O=0.9999995231628418|NORM=4.793636207978125e-07
สาย	O=0.9999996423721313|NORM=3.138590898288385e-07
_	O=0.9999990463256836|NORM=8.512552085448988e-07
quantitative	O=0.9999995231628418|NORM=4.988782507098222e-07
_	O=0.9999994039535522|NORM=5.319080287335964e-07
สายจิตวิทยา	O=0.999998927116394|NORM=1.1045325436498388e-06
_	O=0.9999995231628418|NORM=5.032126750847965e-07
ต้อง	O=0.9999986886978149|NORM=1.3073895388515666e-06
ยอม	O=0.9999970197677612|NORM=2.9894590625190176e-06
นะ	O=0.999994158744812|NORM=5.787065674667247e-06

ประเทศ	O=0.9999995231628418|NORM=4.507715516410826e-07
ไทย	O=0.9999986886978149|NORM=1.3591472907137359e-06
ประชากร	O=0.9999977350234985|NORM=2.2612146040046355e-06
นับถือ	O=0.9999980926513672|NORM=1.8805458239512518e-06
_	O=0.9999995231628418|NORM=4.656086787235836e-07
#พระพุทธศาสนา	O=0.9999992847442627|NORM=7.57135865114833e-07
_	O=0.9999994039535522|NORM=5.217230523157923e-07
ถือ	O=0.9999996423721313|NORM=3.861129016513587e-07
ว่า	O=0.9999997615814209|NORM=2.457150003465358e-07
การทำแท้ง	O=0.9999977350234985|NORM=2.2802867079008138e-06
เป็น	O=0.9999997615814209|NORM=2.12896168250154e-07
การทำ	O=0.9999997615814209|NORM=2.756205788045918e-07
ผิด	O=0.9999997615814209|NORM=2.6736492486634234e-07
ศีล	O=0.9999994039535522|NORM=5.503550823959813e-07
ข้อ	O=0.9999997615814209|NORM=2.370122729189461e-07
ที่	O=0.9999997615814209|NORM=2.5076138854274177e-07
_	O=0.9999994039535522|NORM=5.327833036972152e-07
1	O=0.9999996423721313|NORM=3.718739947089489e-07
_	O=0.9999996423721313|NORM=3.914541935046145e-07
ผู้	O=0.9999997615814209|NORM=2.5624939326007734e-07
ทำ	O=0.9999997615814209|NORM=2.3882768118710374e-07
แท้ง	O=0.9996514320373535|NORM=0.0003486015775706619
จะ	O=0.9999997615814209|NORM=2.159229666176543e-07
ไม่	O=0.9999997615814209|NORM=2.2650058895123948e-07
มี	O=0.9999997615814209|NORM=2.5779041834539385e-07
ความสุข	O=0.9999994039535522|NORM=6.139344463917951e-07
_	O=0.9999996423721313|NORM=3.088143500917795e-07
จิต	O=0.9999995231628418|NORM=4.199649765723734e-07
ปราศจาก	O=0.999824583530426|NORM=0.00017543317517265677
ความเมตตา	O=0.9999986886978149|NORM=1.3565004337579012e-06
เพราะ	O=0.9999997615814209|NORM=2.4949733301582455e-07
แม้	O=0.9999997615814209|NORM=2.82281604313539e-07
แต่	O=0.9999996423721313|NORM=3.579904443995474e-07
ลูก	O=0.9999997615814209|NORM=2.5376590429004864e-07
ใน	O=0.9999997615814209|NORM=2.2780361064178578e-07
ไส้	O=0.9999997615814209|NORM=2.92942814894559e-07
ยัง	O=0.9999997615814209|NORM=2.0905072517507506e-07
ฆ่า	O=0.9999996423721313|NORM=3.7768694483020226e-07
ได้	O=0.9999997615814209|NORM=2.472905009653914e-07
_	O=0.9999995231628418|NORM=3.9042885191520327e-07
#น่ากลัวจังแม่แบบนี้	O=0.9999961853027344|NORM=3.859969183395151e-06
_	O=0.9999995231628418|NORM=4.7677303882665e-07
สังคม	O=0.9999996423721313|NORM=3.746048378161504e-07
จะ	O=0.9999997615814209|NORM=1.909603071226229e-07
มี	O=0.9999997615814209|NORM=2.1755691648195352e-07
ปห.	NORM=0.9948893785476685|O=0.005110515281558037
มากมาย	O=0.9999996423721313|NORM=4.031283538097341e-07
ตาม	O=0.9999997615814209|NORM=2.180072016244594e-07
มา	O=0.9999997615814209|NORM=2.235106535408704e-07
ทำ	O=0.9999997615814209|NORM=1.9659448469155905e-07
ให้	O=0.9999997615814209|NORM=2.816051107856765e-07
ได้	O=0.9999997615814209|NORM=2.268990328957443e-07
ข้อ	O=0.9999997615814209|NORM=2.4938077558545046e-07
คิด	O=0.9999997615814209|NORM=2.850811426924338e-07
ว่า	O=0.9999997615814209|NORM=2.8362057946651476e-07
_	O=0.9999995231628418|NORM=4.667271866765077e-07
#การเกิดมาเป็นมนุษย์	O=0.9999995231628418|NORM=5.290301601235115e-07
_	O=0.9999992847442627|NORM=6.202051281434251e-07
เป็น	O=0.9999996423721313|NORM=3.2397275617768173e-07
ของ	O=0.9999996423721313|NORM=3.589305492823769e-07
ยาก	O=0.9999995231628418|NORM=4.3602284449661965e-07
_	O=0.9999996423721313|NORM=3.956581622333033e-07
แต่	O=0.9999997615814209|NORM=2.545898212247266e-07
การตาย	O=0.9999996423721313|NORM=3.4413952221257205e-07
ง่าย	O=0.9999996423721313|NORM=3.004573443377012e-07
นิด	O=0.9999992847442627|NORM=7.270522246471955e-07
เดียว	O=0.9999781847000122|NORM=2.1743422621511854e-05
_	O=0.9999996423721313|NORM=3.6184090390634083e-07
ถือ	O=0.9999997615814209|NORM=2.411313744232757e-07
ศีล	O=0.9999996423721313|NORM=3.6315458373792353e-07
5	O=0.9999995231628418|NORM=4.919135108139017e-07
ให้	O=0.9999997615814209|NORM=2.3216131239678361e-07
ได้	O=0.9999997615814209|NORM=2.2708110236635548e-07
น้า	NORM=0.8776376247406006|O=0.12236236035823822

ดี	O=0.9999991655349731|NORM=8.547785341761482e-07
มากกกกกก	NORM=0.9993659853935242|O=0.0006210674182511866
เด็กๆ	NORM=0.9996390342712402|O=0.0003607907856348902
น่ารัก	O=0.9999994039535522|NORM=5.825322091368434e-07
กัน	O=0.9999990463256836|NORM=9.894981758407084e-07
มาก	O=0.9999996423721313|NORM=3.45766949294557e-07
อะ	O=0.7761266827583313|NORM=0.22387324273586273
_	O=0.9999995231628418|NORM=5.00827923133329e-07
โดยเฉพาะ	O=0.9999992847442627|NORM=6.917093742231373e-07
น้อง	O=0.9999996423721313|NORM=3.640794261627889e-07
แจมิน	O=0.999998927116394|NORM=1.0980439810737153e-06
กับ	O=0.9999997615814209|NORM=2.31814851758827e-07
เจโน่	O=0.999998927116394|NORM=1.124271989283443e-06
_	O=0.9999996423721313|NORM=3.173558980051894e-07
ปาก	O=0.9999997615814209|NORM=2.5523161184537457e-07
มุบมิบๆ	NORM=0.9688935875892639|O=0.031106378883123398
_	O=0.9999996423721313|NORM=3.5770787576439034e-07
แจมิน	O=0.9999990463256836|NORM=9.603835451343912e-07
เจื้อยแจ้ว	NORM=0.9937843084335327|O=0.0062156254425644875
มาก	O=0.9999996423721313|NORM=3.2714052622395684e-07
_	O=0.9999996423721313|NORM=3.4228955314574705e-07
เจโน่	O=0.9999982118606567|NORM=1.8086172985931626e-06
ด้วย	O=0.9999997615814209|NORM=2.1611106149066472e-07
งุ้ยๆ	NORM=0.9986627101898193|O=0.0013373213587328792
_	O=0.9999995231628418|NORM=5.043214628130954e-07
เหมือน	O=0.9999995231628418|NORM=4.3929344428761397e-07
แมว	O=0.9999991655349731|NORM=8.571956300329475e-07
_	O=0.9999994039535522|NORM=5.165199468137871e-07
น่ารัก	O=0.9999995231628418|NORM=4.330564991050778e-07
_	O=0.9999995231628418|NORM=4.2076032968907384e-07
,	O=0.9999991655349731|NORM=8.139949727592466e-07
_	O=0.9999995231628418|NORM=4.47774908707288e-07
_	O=0.9999995231628418|NORM=4.562395474749792e-07
_	O=0.9999995231628418|NORM=4.457307056782156e-07
,	O=0.9999985694885254|NORM=1.3987437341711484e-06
_	O=0.9999995231628418|NORM=4.691195556461025e-07
ตอน	O=0.9999997615814209|NORM=2.111304127083713e-07
แจมิน	O=0.999998927116394|NORM=1.0155614518225775e-06
เล่น	O=0.9999997615814209|NORM=2.778127736746683e-07
กับ	O=0.9999997615814209|NORM=2.7759531917581626e-07
น้อง	O=0.9999994039535522|NORM=5.445738793241617e-07
เล่อ	NORM=0.6379479169845581|O=0.3620518147945404
คือ	O=0.9999995231628418|NORM=4.4516528419080714e-07
น่าร้ากก	NORM=0.999839186668396|O=0.00015985856589395553
_	O=0.9999984502792358|NORM=1.5430233588631381e-06
ตัวแสบ	O=0.999998927116394|NORM=1.115058921641321e-06
ทั้ง	O=0.9999997615814209|NORM=2.3461183218387305e-07
คู่	O=0.9999996423721313|NORM=3.887873560870503e-07
_	O=0.9999995231628418|NORM=4.4267386556384736e-07
ชั้น	NORM=0.9999802112579346|O=1.9645494830911048e-05
รัก	O=0.9999973773956299|NORM=2.5742704110598424e-06
เสียง	O=0.9999995231628418|NORM=4.5864371145398763e-07
อินจุน	O=0.9999974966049194|NORM=2.473089580234955e-06
_	O=0.9999995231628418|NORM=4.906555091110931e-07
เห้อ	O=0.9999988079071045|NORM=1.1339349157424294e-06
_	O=0.9999995231628418|NORM=4.137889391131466e-07
ตัว	O=0.9999997615814209|NORM=2.783195327538124e-07
เล็ก	O=0.9999995231628418|NORM=4.628522560778947e-07
_	O=0.9999996423721313|NORM=3.9673687979302485e-07
น้อง	O=0.9999995231628418|NORM=5.083389851279208e-07
จีซอง	O=0.9999985694885254|NORM=1.4163427977109677e-06
ก็	O=0.9999996423721313|NORM=3.292956023415172e-07
หน้าตา	O=0.9999990463256836|NORM=9.68837525761046e-07
รัก	O=0.9999979734420776|NORM=1.9856800008710707e-06
แล้ว	O=0.9999995231628418|NORM=4.569318718949944e-07
ยัง	O=0.9999994039535522|NORM=5.573269845626783e-07
ทำตัว	O=0.999997615814209|NORM=2.3996174149942817e-06
น่ารัก	O=0.999997615814209|NORM=2.401098527116119e-06
อีก	O=0.9999994039535522|NORM=5.97179791839153e-07
_	O=0.9999990463256836|NORM=8.697383577782603e-07
เอ้อ	NORM=0.9992409944534302|O=0.0007587732980027795
_	O=0.9999971389770508|NORM=2.827600610544323e-06
มี	O=0.9999996423721313|NORM=3.095210843184759e-07
แต่	O=0.9999992847442627|NORM=7.010053195699584e-07
คำ	O=0.9999994039535522|NORM=6.3169989061862e-07
ว่า	O=0.9999995231628418|NORM=4.4632960793933307e-07
น่ารัก	O=0.9999988079071045|NORM=1.1337327805449604e-06
ทั้ง	O=0.9999994039535522|NORM=5.7424631449976e-07
คลิป	O=0.9999992847442627|NORM=7.172282039391575e-07

-	O=0.9999997615814209|NORM=2.7572627914196346e-07
ดินแดนแห่งรักอาณาจักรแห่งใจ	O=0.9999994039535522|NORM=6.037151933924179e-07
_	O=0.9999995231628418|NORM=4.334597747401858e-07
-	O=0.9999997615814209|NORM=2.639090155298618e-07
เกาะตุ๊กตา	O=0.9999969005584717|NORM=3.1390597996505676e-06
_	O=0.9999995231628418|NORM=4.2305865122216346e-07
-	O=0.9999997615814209|NORM=2.771874108020711e-07
salye	O=0.9999984502792358|NORM=1.556061420160404e-06
นายต่างพันธุ์	O=0.9999966621398926|NORM=3.3536136925249593e-06
_	O=0.9999995231628418|NORM=4.0523983102502825e-07
-	O=0.9999996423721313|NORM=2.986239735491836e-07
salye	O=0.9999990463256836|NORM=9.429565466234635e-07
นายพันธุ์โหด	O=0.9999988079071045|NORM=1.2188745586172445e-06
_	O=0.9999996423721313|NORM=3.56685632141307e-07
-	O=0.9999996423721313|NORM=2.9156731784496515e-07
จ้าวธารา	O=0.9999960660934448|NORM=3.913969521818217e-06
_	O=0.9999996423721313|NORM=3.5151157362633967e-07
-	O=0.9999997615814209|NORM=2.8909400384691253e-07
จอมใจจ้าวหมาป่า	O=0.9999963045120239|NORM=3.7391346268123016e-06
_	O=0.9999996423721313|NORM=3.139156774523144e-07
-	O=0.9999997615814209|NORM=2.68365795363934e-07
ผมเลี้ยงมนุษย์หมาป่า	O=0.999997615814209|NORM=2.4027592644415563e-06
_	O=0.9999996423721313|NORM=3.304829476746818e-07
-	O=0.9999997615814209|NORM=2.6422532073411276e-07
วังสวาท	O=0.999993085861206|NORM=6.914225195941981e-06
_	O=0.9999995231628418|NORM=4.17147305142862e-07
-	O=0.9999997615814209|NORM=2.545201596149127e-07
your	O=0.9999997615814209|NORM=2.3894864398243953e-07
blood	O=0.9999995231628418|NORM=4.320248194744636e-07
ผมต้องการคุณ	O=0.9999990463256836|NORM=9.72165821622184e-07
_	O=0.9999995231628418|NORM=4.635909078842815e-07
-	O=0.9999997615814209|NORM=2.6475703407413675e-07
Jurassic	O=0.9999535083770752|NORM=4.643691863748245e-05
heart	O=0.9999995231628418|NORM=4.788166734215338e-07
ดวงใจกลายพันธุ์รัก	O=0.9999960660934448|NORM=3.877441940858262e-06
_	O=0.9999995231628418|NORM=4.738876953069848e-07
-	O=0.9999997615814209|NORM=2.8005442231915367e-07
Jurassic	O=0.9999449253082275|NORM=5.4967156756902114e-05
confidantคู่หูกลายพันธุ์รัก	O=0.9999955892562866|NORM=4.4270482248975895e-06
_	O=0.9999995231628418|NORM=4.968048870068742e-07
-	O=0.9999996423721313|NORM=3.098051593042328e-07
aliens	O=0.999998927116394|NORM=1.0599103461572668e-06
host	O=0.9999995231628418|NORM=4.974529588253063e-07
_	O=0.9999994039535522|NORM=5.779129423899576e-07
-	O=0.9999996423721313|NORM=3.1303343916988524e-07
วิญญาณสเน่หา	O=0.999958872795105|NORM=4.117095886613242e-05
_	O=0.9999995231628418|NORM=4.901013426206191e-07
-	O=0.9999996423721313|NORM=2.9257168421281676e-07
มังกรซ่อนหิมะ	O=0.9999924898147583|NORM=7.546872893726686e-06

#	O=0.9999997615814209|NORM=2.4845024881869904e-07
Mind	O=0.9999997615814209|NORM=2.079644332297903e-07
BNK48	O=0.9999996423721313|NORM=4.0234559151031135e-07
_	O=0.9999997615814209|NORM=2.2374823060999915e-07
#	O=0.9999997615814209|NORM=1.8167995108342438e-07
Kimiwa	O=0.9999996423721313|NORM=3.5398343811721134e-07
MelodyTH	O=0.9999996423721313|NORM=3.099023899721942e-07
_	O=0.9999997615814209|NORM=2.3154905193223385e-07
#bnk48	O=0.9999997615814209|NORM=2.7887401188309013e-07
_	O=0.9999997615814209|NORM=2.1688511253614706e-07
ยินดี	O=0.9999997615814209|NORM=2.2810904454217962e-07
อีก	O=0.9999997615814209|NORM=2.124697999761338e-07
รอบ	O=0.9999997615814209|NORM=2.15178005191774e-07
นะ	O=0.9999996423721313|NORM=3.8338995977937884e-07
ครับ	O=0.9999996423721313|NORM=3.643645811735041e-07
ในที่สุด	O=0.9999996423721313|NORM=3.6761863952960994e-07
_	O=0.9999996423721313|NORM=3.045660719180887e-07
ตาม	O=0.9999997615814209|NORM=1.8504502463656536e-07
เรา	O=0.9999997615814209|NORM=1.8375983756868663e-07
ตั้งแต่	O=0.9999996423721313|NORM=2.933363703050418e-07
_	O=0.9999995231628418|NORM=4.807324671673996e-07
บางนา	O=0.9999966621398926|NORM=3.2998109418258537e-06
_	O=0.9999996423721313|NORM=3.298186186384555e-07
จน	O=0.9999997615814209|NORM=2.270286785233111e-07
บางหน้า	O=0.999998927116394|NORM=1.0408015214125044e-06
อีก	O=0.9999997615814209|NORM=2.536164060984447e-07
ฝั่ง	O=0.9999996423721313|NORM=3.848765572911361e-07
_	O=0.9999997615814209|NORM=2.649702253165742e-07
ตอน	O=0.9999997615814209|NORM=2.006188566383571e-07
นี้	O=0.9999997615814209|NORM=2.3797578307949152e-07
_	O=0.9999996423721313|NORM=3.420451264446456e-07
เรียก	O=0.9999997615814209|NORM=1.9524230765455286e-07
_	O=0.9999996423721313|NORM=3.4349488942098105e-07
under	O=0.9999997615814209|NORM=1.9192759737052256e-07
_	O=0.9999996423721313|NORM=2.8370519089548907e-07
ไม่	O=0.9999997615814209|NORM=1.771953463958198e-07
ได้	O=0.9999998807907104|NORM=1.713889190568807e-07
แล้ว	O=0.9999997615814209|NORM=1.9540287610197993e-07
นะ	O=0.9999997615814209|NORM=2.659375297753286e-07
_	O=0.9999997615814209|NORM=2.562596534971817e-07
เรา	O=0.9999997615814209|NORM=1.6572211336551845e-07
เป็น	O=0.9999997615814209|NORM=1.805182989755849e-07
ตัวจริง	O=0.9999997615814209|NORM=1.8597488349314517e-07
แลัว	NORM=0.9997872710227966|O=0.00021264934912323952
นะ	O=0.9999997615814209|NORM=2.6640790906640177e-07
ครับ	O=0.9999994039535522|NORM=6.209473326634907e-07
_	O=0.9999997615814209|NORM=2.519762745123444e-07
มี	O=0.9999998807907104|NORM=1.5207534431738168e-07
ตำแหน่ง	O=0.9999996423721313|NORM=3.214105390725308e-07
ของ	O=0.9999997615814209|NORM=2.0915084064654366e-07
ตัวเอง	O=0.9999998807907104|NORM=1.6209112629894662e-07
_	O=0.9999996423721313|NORM=2.7872718533217267e-07
ชุด	O=0.9999997615814209|NORM=2.1421057283532718e-07
ของ	O=0.9999997615814209|NORM=2.145299049516325e-07
ตัวเอง	O=0.9999998807907104|NORM=1.6929269008869596e-07
_	O=0.9999996423721313|NORM=3.185220691648283e-07
และ	O=0.9999996423721313|NORM=2.797409877075552e-07
ปก	O=0.9999996423721313|NORM=3.541104263149464e-07
_	O=0.9999994039535522|NORM=5.704168870579451e-07
cd	O=0.9999964237213135|NORM=3.6056710541743087e-06
_	O=0.9999995231628418|NORM=3.7500834082493384e-07
ที่	O=0.9999997615814209|NORM=1.7466825852352486e-07
น่า	O=0.9999997615814209|NORM=2.2050632253467484e-07
จะ	O=0.9999997615814209|NORM=1.8291953551852203e-07
มี	O=0.9999998807907104|NORM=1.5337862180331285e-07
รูป	O=0.9999998807907104|NORM=1.7131930007963092e-07
เรา	O=0.9999998807907104|NORM=1.682381736145544e-07
แล้ว	O=0.9999997615814209|NORM=2.0935837596880447e-07
_	O=0.9999996423721313|NORM=3.8362878740372253e-07
มาไกล	O=0.9999996423721313|NORM=3.1571073577651987e-07
มาก	O=0.9999992847442627|NORM=6.736977979926451e-07
นะ	O=0.9999994039535522|NORM=6.270739163483086e-07
ครับ	O=0.9999978542327881|NORM=2.170383368138573e-06
_	O=0.9999997615814209|NORM=2.588398615444021e-07
หลังจากนี้	O=0.9999996423721313|NORM=3.6765652566828066e-07
สู้	O=0.9999997615814209|NORM=2.397548826138518e-07
ต่อ	O=0.9999997615814209|NORM=1.9049322474984365e-07
นะ	O=0.9999997615814209|NORM=2.862455232843786e-07
ครับ	O=0.9999991655349731|NORM=8.291880249089445e-07
_	O=0.9999997615814209|NORM=2.491523218850489e-07
การเดิน	O=0.9999997615814209|NORM=2.356696171545991e-07
ครั้ง	O=0.9999997615814209|NORM=2.5156353444799606e-07
ใหม่	O=0.9999997615814209|NORM=2.3407636717820424e-07
เริ่ม	O=0.9999997615814209|NORM=2.1231323898973642e-07
แล้ว	O=0.9999997615814209|NORM=1.813479286738584e-07

น้อง	O=0.9999995231628418|NORM=4.931836770083464e-07
ได้	O=0.9999997615814209|NORM=1.9213985069654882e-07
ไป	O=0.9999997615814209|NORM=2.832062477864383e-07
ดู	O=0.9999997615814209|NORM=2.8648611305470695e-07
BNK48	O=0.9999957084655762|NORM=4.300941327528562e-06
_	O=0.9999990463256836|NORM=9.034694130605203e-07
ที่	O=0.9999997615814209|NORM=2.350884500401662e-07
ปากพนัง	O=0.9999703168869019|NORM=2.9637221814482473e-05
_	O=0.9999990463256836|NORM=8.953935548561276e-07
ร.ร.	O=0.7722815871238708|NORM=0.22771847248077393
อยู่	O=0.9999997615814209|NORM=1.8713700455919025e-07
แถว	O=0.9999997615814209|NORM=2.2837286905996734e-07
นั้น	O=0.9999997615814209|NORM=2.46953959504026e-07
และ	O=0.9999992847442627|NORM=7.656590241822414e-07
ครู	O=0.9999995231628418|NORM=4.2493891783124127e-07
ก็	O=0.9999997615814209|NORM=2.4833227030285343e-07
พา	O=0.9999997615814209|NORM=2.453239744681923e-07
ไป	O=0.9999997615814209|NORM=2.4045536406447354e-07
ความพี่	O=0.9972199201583862|NORM=0.0027801119722425938
มัน	O=0.9999924898147583|NORM=7.462585017492529e-06
เรียน	O=0.9999996423721313|NORM=3.584738408335397e-07
ที่	O=0.9999994039535522|NORM=5.508086928784905e-07
ใน	O=0.9999985694885254|NORM=1.488183897890849e-06
เมือง	O=0.9999926090240479|NORM=7.449843906215392e-06
เลย	O=0.9999997615814209|NORM=2.6638301164894074e-07
ไม่	O=0.9999997615814209|NORM=2.2259234810917405e-07
ได้	O=0.9999997615814209|NORM=2.1318871290532115e-07
ไป	O=0.9999997615814209|NORM=2.4203706061598496e-07
_	O=0.9999991655349731|NORM=8.528771786586731e-07
ด้วย	O=0.9999997615814209|NORM=2.520921213999827e-07
น่ารัก	O=0.9999984502792358|NORM=1.5419435612784582e-06
ของ	O=0.9999995231628418|NORM=4.946801936966949e-07
น้อง	O=0.9999994039535522|NORM=5.429020575320465e-07
ที่	O=0.9999997615814209|NORM=2.372381970872084e-07
รู้	O=0.9999995231628418|NORM=4.89229478262132e-07
ว่า	O=0.9999995231628418|NORM=4.6319846092046646e-07
พี่	O=0.9999992847442627|NORM=7.098586252141104e-07
ชอบ	O=0.9999994039535522|NORM=6.280841944317217e-07
BNK48	O=0.9999953508377075|NORM=4.668047495215433e-06
_	O=0.9999992847442627|NORM=6.334408340080699e-07
เลย	O=0.9999997615814209|NORM=2.0414012169567286e-07
เอา	O=0.9999997615814209|NORM=1.9467597667244263e-07
เสื้อ	O=0.999998927116394|NORM=1.0114024462382076e-06
มา	O=0.9999997615814209|NORM=2.7145151193508354e-07
ให้	O=0.9999997615814209|NORM=2.267577769998752e-07
นี่	O=0.9999933242797852|NORM=6.672323252132628e-06
ถาม	O=0.9999996423721313|NORM=3.578262806058774e-07
ว่า	O=0.9999996423721313|NORM=4.074821902122494e-07
พี่	O=0.9999992847442627|NORM=6.670705374745012e-07
คน	O=0.9999996423721313|NORM=3.1398181477015896e-07
ไหน	O=0.9999995231628418|NORM=4.697790245700162e-07
_	O=0.9999990463256836|NORM=9.068601229955675e-07
ก็	O=0.9999997615814209|NORM=2.5155708271995536e-07
บอก	O=0.9999997615814209|NORM=2.759067285751371e-07
ว่า	O=0.9999996423721313|NORM=3.003994777373009e-07
จำ	O=0.9999994039535522|NORM=6.225898800948926e-07
ไม่	O=0.9999997615814209|NORM=2.577164082140371e-07
ได้	O=0.9999997615814209|NORM=2.3233982915371598e-07
เลย	O=0.9999997615814209|NORM=2.5736275688359456e-07
เอา	O=0.9999997615814209|NORM=2.092703397238438e-07
รูป	O=0.9999997615814209|NORM=2.2214700834410905e-07
ให้	O=0.9999997615814209|NORM=2.0302607595112931e-07
ดู	O=0.9999997615814209|NORM=2.303111301671379e-07
สรุป	O=0.9999994039535522|NORM=5.429652105704008e-07
จูเน่	O=0.9999821186065674|NORM=1.791247086657677e-05
จ้า	O=0.8987941145896912|NORM=0.10120593756437302
แถม	O=0.9999992847442627|NORM=6.995800845288613e-07
ยัง	O=0.9999996423721313|NORM=3.275273172675952e-07
บอก	O=0.9999996423721313|NORM=2.9993231009939336e-07
ให้	O=0.9999997615814209|NORM=2.588941754311236e-07
นาง	O=0.9999994039535522|NORM=6.338469802358304e-07
ตั้งใจ	O=0.9999996423721313|NORM=2.9903208087489475e-07
เรียน	O=0.9999996423721313|NORM=2.992240695220971e-07
น้อง	O=0.9999992847442627|NORM=6.657372182417021e-07
อยู่	O=0.9999997615814209|NORM=2.2573203750653192e-07
ป.	O=0.9999920129776001|NORM=8.023861482797656e-06
4	O=0.9999986886978149|NORM=1.2489829259720864e-06
โดน	O=0.9999996423721313|NORM=4.0397580391982046e-07
จูเน่	O=0.9999921321868896|NORM=7.911866305221338e-06
ตก	O=0.9999995231628418|NORM=4.475183175145503e-07
ไป	O=0.9999988079071045|NORM=1.1426345736254007e-06
แล้ว	O=0.9999996423721313|NORM=2.9335652129702794e-07
_	O=0.9999990463256836|NORM=8.979837957667769e-07
#	O=0.9999991655349731|NORM=8.094632448774064e-07
BNK48	O=0.9999955892562866|NORM=4.402078502607765e-06
_	O=0.9999983310699463|NORM=1.5378811895061517e-06
#	O=0.999998927116394|NORM=1.0160001693293452e-06
June	O=0.9999988079071045|NORM=1.2337093266978627e-06
BNK48	O=0.9999960660934448|NORM=3.9223659769049846e-06

นอน	O=0.9999996423721313|NORM=3.248080702178413e-07
ไม่	O=0.9999997615814209|NORM=2.8852247169197653e-07
หลับ	O=0.9999995231628418|NORM=4.38906482713719e-07
_	O=0.9999991655349731|NORM=8.422642281402659e-07
ภายใน	O=0.9999996423721313|NORM=3.9647969174438913e-07
หนึ่ง	O=0.9999995231628418|NORM=4.3494969759194646e-07
วัน	O=0.9999996423721313|NORM=3.0528667593898717e-07
เขา	O=0.9999996423721313|NORM=3.695241161949525e-07
ไม่	O=0.9999997615814209|NORM=2.4736644377298944e-07
คิด	O=0.9999995231628418|NORM=4.656237422295817e-07
ว่า	O=0.9999996423721313|NORM=3.0113119464658666e-07
จะ	O=0.9999997615814209|NORM=2.5870585318443773e-07
เจอ	O=0.9999995231628418|NORM=4.791268111148383e-07
เรื่อง	O=0.9999997615814209|NORM=2.9325727268769697e-07
อะไร	O=0.9999994039535522|NORM=5.681540073965152e-07
มากมาย	O=0.999996542930603|NORM=3.431570576140075e-06
ขนาด	O=0.9999994039535522|NORM=5.445203328235948e-07
นี้	O=0.9999995231628418|NORM=4.992251660951297e-07
หลังจาก	O=0.9999996423721313|NORM=2.926051934082352e-07
เผิง	O=0.9999488592147827|NORM=5.113218503538519e-05
อยู่	O=0.9999997615814209|NORM=2.814939534800942e-07
ใน	O=0.9999996423721313|NORM=4.0258012745653105e-07
มือ	O=0.9999994039535522|NORM=6.064092872293259e-07
หมอ	O=0.999998927116394|NORM=1.1057994697694085e-06
แล้ว	O=0.9999996423721313|NORM=3.369924570506555e-07
_	O=0.9999991655349731|NORM=8.109282134682871e-07
ร่างสูง	O=0.9999996423721313|NORM=3.9859367007011315e-07
ของ	O=0.9999996423721313|NORM=3.86828673981654e-07
ด้วง	O=0.999771773815155|NORM=0.0002282719360664487
เลย	O=0.9999996423721313|NORM=3.109174713245011e-07
ลุก	O=0.9999995231628418|NORM=4.938590905112505e-07
ขึ้น	O=0.9999995231628418|NORM=4.5501116119339713e-07
มา	O=0.9999996423721313|NORM=3.385712261660956e-07
เดิน	O=0.9999996423721313|NORM=4.147240986185352e-07
สำรวจ	O=0.9999986886978149|NORM=1.2858776017310447e-06
ไป	O=0.9999995231628418|NORM=4.279883683011576e-07
รอบๆ	O=0.6398547887802124|NORM=0.3601452112197876
ที่	O=0.9999996423721313|NORM=3.759490709853708e-07
พวก	O=0.9999984502792358|NORM=1.569766709508258e-06
เขา	O=0.9999994039535522|NORM=5.857901328454318e-07
พัก	O=0.9999991655349731|NORM=7.736832117188897e-07
_	O=0.9999990463256836|NORM=8.701316573933582e-07
เหงา	O=0.9999974966049194|NORM=2.5021840883709956e-06
ตะคุ่ม	O=0.9997599720954895|NORM=0.00024004615261219442
_	O=0.9999990463256836|NORM=8.721370932107675e-07
ด้านหลัง	O=0.9999988079071045|NORM=1.21180323731096e-06
ต้นไม้	O=0.9999995231628418|NORM=4.86069438920822e-07
ทำให้	O=0.9999997615814209|NORM=2.3422798278716073e-07
ด้วง	O=0.9999197721481323|NORM=8.026906289160252e-05
นึก	O=0.9999526739120483|NORM=4.732202069135383e-05
หวั่นใจ	O=0.9999984502792358|NORM=1.5667127399865421e-06
ว่า	O=0.9999996423721313|NORM=3.1003216349745344e-07
จะ	O=0.9999996423721313|NORM=3.080149042489211e-07
เจอ	O=0.9999994039535522|NORM=6.470885978160368e-07
ผีทะเล	O=0.9999986886978149|NORM=1.311096639255993e-06
หรือ	O=0.9999994039535522|NORM=6.34820310096984e-07
เปล่า	O=0.9999986886978149|NORM=1.2737601764456485e-06
_	O=0.9999992847442627|NORM=6.844688300589041e-07
ไฟฉาย	O=0.9999994039535522|NORM=6.30847978300153e-07
ถูก	O=0.9999997615814209|NORM=2.3894818923508865e-07
สาด	O=0.999998927116394|NORM=1.1206955150555586e-06
ไป	O=0.9999996423721313|NORM=3.7397018104456947e-07
กระทบ	O=0.9999980926513672|NORM=1.8858977455238346e-06
กลับ	O=0.9999996423721313|NORM=3.141094282455015e-07
เงา	O=0.9999991655349731|NORM=8.294592817037483e-07
_	O=0.9999990463256836|NORM=8.61762771364738e-07
เอ้า	NORM=0.9945092797279358|O=0.005490693263709545
_	O=0.9999990463256836|NORM=9.059559715751675e-07
อาจารย์	O=0.9999864101409912|NORM=1.3603204024548177e-05
นอน	O=0.9999996423721313|NORM=3.541502735515678e-07
ไม่	O=0.9999996423721313|NORM=3.1157938451542577e-07
หลับ	O=0.9999994039535522|NORM=5.867965455763624e-07
เหมือนหัน	O=0.9999984502792358|NORM=1.5266078889908385e-06
หรอ	NORM=0.9976557493209839|O=0.0023441880475729704
ครับ	O=0.9953354001045227|NORM=0.004664629697799683

6	O=0.999998927116394|NORM=1.0653695881046588e-06
)	O=0.9999984502792358|NORM=1.4895995263941586e-06
_	O=0.9999996423721313|NORM=2.989211793646973e-07
เกมส์	NORM=0.9632561802864075|O=0.03674383834004402
สุดท้าย	O=0.9999991655349731|NORM=8.817027037366643e-07
ที่	O=0.9999997615814209|NORM=2.739855347044795e-07
เอา	O=0.9999997615814209|NORM=2.52854448490325e-07
เสถียร	O=0.9999823570251465|NORM=1.756268466124311e-05
ลง	O=0.9999997615814209|NORM=2.427300671570265e-07
ถึงแม้	O=0.9999994039535522|NORM=5.524190100913984e-07
จะ	O=0.9999997615814209|NORM=2.6124814667127794e-07
แพ้	O=0.9999996423721313|NORM=3.412459079754626e-07
แต่	O=0.9999994039535522|NORM=5.795007496089966e-07
กลับ	O=0.9999996423721313|NORM=3.014415028701478e-07
ไม่	O=0.9999997615814209|NORM=2.736852025009284e-07
รู้สึก	O=0.9999990463256836|NORM=9.157735689768742e-07
ว่า	O=0.9999997615814209|NORM=2.815089885643829e-07
โยน	O=0.9999992847442627|NORM=6.644438599323621e-07
กัน	O=0.9999996423721313|NORM=3.84579720957845e-07
เลย	O=0.9999996423721313|NORM=3.8191458884284657e-07
_	O=0.9999996423721313|NORM=3.3822979617070814e-07
เพราะ	O=0.9999997615814209|NORM=2.7798847668236704e-07
ทีม	O=0.9999992847442627|NORM=6.580583544746332e-07
เอง	O=0.9999997615814209|NORM=2.76993461056918e-07
คง	O=0.9999995231628418|NORM=4.600929059961345e-07
อยาก	O=0.9999997615814209|NORM=2.4035836077018757e-07
ลอง	O=0.9999997615814209|NORM=2.504802978364751e-07
แผน	O=0.9999996423721313|NORM=3.5657677699418855e-07
ยังไง	O=0.8029532432556152|NORM=0.19704678654670715
รอบ	O=0.9999996423721313|NORM=3.186423782608472e-07
ลึกๆ	O=0.9993477463722229|NORM=0.0006522680050693452
_	O=0.9999995231628418|NORM=4.357144121058809e-07
ที่	O=0.9999997615814209|NORM=2.0827248192745174e-07
การพิค	NORM=0.9970513582229614|O=0.0029486780986189842
แบบบ	NORM=0.9996410608291626|O=0.0003588824765756726
ใหม่	O=0.9999971389770508|NORM=2.8842364372394513e-06
ตัว	O=0.9999996423721313|NORM=3.115690105914837e-07
โกงๆ	O=0.9950873255729675|NORM=0.004912678152322769
ต้อง	O=0.9999997615814209|NORM=2.3364593459973548e-07
มี	O=0.9999997615814209|NORM=2.5825426064329804e-07
หลุด	O=0.9999994039535522|NORM=6.107180183789751e-07
บ้าง	O=0.9999996423721313|NORM=3.982969190019503e-07
_	O=0.9999995231628418|NORM=4.1020754792953085e-07
การยอมปล่อย	O=0.9999991655349731|NORM=7.983239243003482e-07
เพื่อ	O=0.9999995231628418|NORM=4.2963151258845755e-07
ลอง	O=0.9999995231628418|NORM=4.454956865629356e-07
สู้	O=0.9999995231628418|NORM=5.238315452515963e-07
วันนี้	O=0.9999992847442627|NORM=7.596390787512064e-07
เรา	O=0.9999997615814209|NORM=2.793030660086515e-07
ว่า	O=0.9999997615814209|NORM=2.909262946104718e-07
คุ้ม	O=0.9999996423721313|NORM=3.225851230581611e-07
นะ	O=0.9999995231628418|NORM=5.188151135371299e-07
_	O=0.9999996423721313|NORM=3.755570219254878e-07
ฮีโร่	O=0.9999935626983643|NORM=6.461330485763028e-06
ฝั่ง	O=0.9999995231628418|NORM=5.20200330811349e-07
นั้น	O=0.9999994039535522|NORM=5.800940812150657e-07
โหด	O=0.9999995231628418|NORM=5.19109107699478e-07
จริง	O=0.9999995231628418|NORM=4.719803143871104e-07
_	O=0.9999996423721313|NORM=3.2557099416408164e-07
สู้	O=0.9999996423721313|NORM=3.381678652658593e-07
ได้	O=0.9999997615814209|NORM=2.2742743510661967e-07
ขนาด	O=0.9999996423721313|NORM=3.4023690886897384e-07
นี้	O=0.9999996423721313|NORM=3.66307716603842e-07
ดี	O=0.9999997615814209|NORM=2.566247871982341e-07
แล้ว	O=0.9999997615814209|NORM=2.661600433384592e-07
_	O=0.9999996423721313|NORM=2.913599530529609e-07
ใจ	O=0.9999996423721313|NORM=3.421449719098746e-07
นี่	O=0.9999991655349731|NORM=7.91581214798498e-07
อยาก	O=0.9999996423721313|NORM=2.9786255595354305e-07
ให้	O=0.9999997615814209|NORM=2.3433030094111018e-07
หยิบ	O=0.9999990463256836|NORM=9.27878886614053e-07
คาเฟนี	O=0.9999810457229614|NORM=1.8904367607319728e-05
แทน	O=0.9999995231628418|NORM=5.247565013632993e-07
เทลน่า	O=0.9999945163726807|NORM=5.475586021930212e-06
พอ	O=0.9999997615814209|NORM=2.5441241291446204e-07
ลุ้น	O=0.9999995231628418|NORM=4.5260873093866394e-07
กว่า	O=0.9999995231628418|NORM=4.92712160848896e-07
_	O=0.9999996423721313|NORM=3.5696601230483793e-07
#Evosdebut	O=0.9999995231628418|NORM=4.689017032433185e-07

พวก	O=0.9999864101409912|NORM=1.360570877295686e-05
คุณ	O=0.9999815225601196|NORM=1.8403708963887766e-05
สุดยอด	O=0.9999785423278809|NORM=2.1499479771591723e-05
มาก	O=0.9999717473983765|NORM=2.818960274453275e-05
_	O=0.9999995231628418|NORM=4.3740431010519387e-07
ทีมงาน	O=0.9999997615814209|NORM=2.7079013875663804e-07
_	O=0.9999995231628418|NORM=4.025858117984171e-07
มลล.	O=0.7661792039871216|NORM=0.23382073640823364
_	O=0.9999996423721313|NORM=3.0313574939100363e-07
คิด	O=0.9999997615814209|NORM=2.0844971970745974e-07
รอบคอบ	O=0.9999924898147583|NORM=7.476390692318091e-06
_	O=0.9999997615814209|NORM=2.552727664806298e-07
ยอมรับ	O=0.9999995231628418|NORM=4.799953217116126e-07
ใน	O=0.9999978542327881|NORM=2.156388973162393e-06
การตัดสินใจ	O=0.9999997615814209|NORM=2.6844284661819984e-07
ของ	O=0.9999997615814209|NORM=2.91044244704608e-07
ทีมงาน	O=0.9999997615814209|NORM=2.8932069540132943e-07
_	O=0.9999996423721313|NORM=2.700133734379051e-07
เพื่อ	O=0.9999997615814209|NORM=1.898930293009471e-07
รักษา	O=0.9999996423721313|NORM=3.3802891152845405e-07
ประโยชน์	O=0.9999996423721313|NORM=3.451818031408038e-07
ของ	O=0.9999996423721313|NORM=4.070712407155952e-07
เงิน	O=0.9999997615814209|NORM=2.81017037195852e-07
ให้	O=0.9999998807907104|NORM=1.6006481473596068e-07
เกิด	O=0.9999997615814209|NORM=2.3022241180115088e-07
สูงสุด	O=0.9999997615814209|NORM=2.557596303631726e-07
_	O=0.9999997615814209|NORM=2.509058560917765e-07
ขอบคุณ	O=0.9999997615814209|NORM=2.2442139879785827e-07
ที่	O=0.9999997615814209|NORM=2.059935013676295e-07
ทำ	O=0.9999998807907104|NORM=1.6250686485363985e-07
ทุก	O=0.9999996423721313|NORM=3.2070937550088274e-07
อย่าง	O=0.9999995231628418|NORM=4.2637717001525743e-07
เพื่อ	O=0.9999997615814209|NORM=2.1634056679431524e-07
พิ	NORM=0.9996682405471802|O=0.0003317852970212698
หมี	O=0.9997785687446594|NORM=0.00022144487593322992
และ	O=0.999997615814209|NORM=2.3734369278827216e-06
_	O=0.9999997615814209|NORM=2.561448297910829e-07
มลล.	O=0.9834213852882385|NORM=0.016578586772084236
_	O=0.9999996423721313|NORM=3.2009336337068817e-07
ของ	O=0.9999998807907104|NORM=1.635446409409269e-07
เรา	O=0.9999998807907104|NORM=1.5101583983323508e-07
ผล	O=0.9999997615814209|NORM=1.9132251338760398e-07
เป็น	O=0.9999997615814209|NORM=1.9125884875847987e-07
ยังไง	NORM=0.6685839891433716|O=0.33141598105430603
อย่าง	O=0.9999997615814209|NORM=2.6307475309295114e-07
น้อยๆ	O=0.9905842542648315|NORM=0.009415732696652412
_	O=0.9999996423721313|NORM=3.069826277624088e-07
เรา	O=0.9999997615814209|NORM=2.1071262779059907e-07
ก็	O=0.9999997615814209|NORM=2.2901080853898748e-07
ทำ	O=0.9999997615814209|NORM=2.0147032842032786e-07
เต็มที่	O=0.9999986886978149|NORM=1.3543417480832431e-06
ทุก	O=0.9999995231628418|NORM=4.171978389422293e-07
อย่าง	O=0.9999996423721313|NORM=3.610198575643153e-07
แล้ว	O=0.9999997615814209|NORM=2.6588503487801063e-07
_	O=0.9999996423721313|NORM=3.167968145589839e-07
ทำ	O=0.9999997615814209|NORM=1.9450969546142005e-07
ทุก	O=0.9999996423721313|NORM=3.9658178252466314e-07
อย่าง	O=0.9999996423721313|NORM=3.885908768097579e-07
ก็	O=0.9999997615814209|NORM=1.9925990102365176e-07
เพราะ	O=0.9999997615814209|NORM=2.091992996611225e-07
เจ๊	O=0.9998027682304382|NORM=0.0001971964811673388
มัน	O=0.9995740056037903|NORM=0.0004258705012034625
_	O=0.9999996423721313|NORM=2.8489787951002654e-07
ขอบคุณ	O=0.9999997615814209|NORM=1.907719280325182e-07
_	O=0.9999997615814209|NORM=1.8965539538839948e-07
#BNK48	O=0.9999997615814209|NORM=2.7541247504814237e-07
_	O=0.9999997615814209|NORM=2.4023233891057316e-07
ที่	O=0.9999997615814209|NORM=1.7109199745846126e-07
ทำให้	O=0.9999997615814209|NORM=2.1057080346054136e-07
มา	O=0.9999997615814209|NORM=2.52978196613185e-07
เจอ	O=0.9999996423721313|NORM=3.1605958383806865e-07
มิลิน	O=0.9999935626983643|NORM=6.437551746785175e-06
และ	O=0.9999995231628418|NORM=4.572191585339169e-07
มลล.	O=0.7986276745796204|NORM=0.2013721466064453
_	O=0.9999996423721313|NORM=3.0975613185546536e-07
#NamneungBNK48	O=0.9999996423721313|NORM=3.060349911265803e-07

ใน	O=0.9999996423721313|NORM=3.145548816974042e-07
วัน	O=0.9999994039535522|NORM=5.407761705100711e-07
ที่	O=0.9999997615814209|NORM=2.2023311885277508e-07
ฟ้า	O=0.9999996423721313|NORM=3.637532017819467e-07
มี	O=0.9999995231628418|NORM=4.6932942154853663e-07
เพียง	O=0.9999991655349731|NORM=7.715148058196064e-07
แค่	O=0.9999990463256836|NORM=8.91794741164631e-07
สี	O=0.9999994039535522|NORM=6.101742542341526e-07
เทา	O=0.9999991655349731|NORM=8.022239512683882e-07
ความเหงา	O=0.9999995231628418|NORM=5.314558961799776e-07
มัน	O=0.9999996423721313|NORM=3.580850318485318e-07
กิน	O=0.9999990463256836|NORM=9.200867339131946e-07
ใน	O=0.9999995231628418|NORM=4.96163806928962e-07
ใจ	O=0.9999996423721313|NORM=3.1252696430783544e-07
_	O=0.9999995231628418|NORM=4.5257678493726416e-07
โลก	O=0.9999996423721313|NORM=3.4092454370693304e-07
ใบ	O=0.9999997615814209|NORM=2.8517524697235785e-07
เดิม	O=0.9999996423721313|NORM=4.1419960439270653e-07
มัน	O=0.9999996423721313|NORM=3.4223143074996187e-07
กว้าง	O=0.9999996423721313|NORM=3.3996349202425336e-07
เกิน	O=0.9999997615814209|NORM=2.5299843287029944e-07
ไป	O=0.9999996423721313|NORM=3.372885828412109e-07
เมื่อ	O=0.9999996423721313|NORM=3.4394659564895846e-07
ไม่	O=0.9999996423721313|NORM=3.114979847396171e-07
มี	O=0.9999996423721313|NORM=3.2656544135534205e-07
เธอ	O=0.9999995231628418|NORM=4.254863483765803e-07
_	O=0.9999992847442627|NORM=6.97242228397954e-07
ก็	O=0.9999997615814209|NORM=2.6386018703306036e-07
ยัง	O=0.9999996423721313|NORM=3.292943517863023e-07
ไม่	O=0.9999996423721313|NORM=3.2412822292826604e-07
รู้	O=0.9999996423721313|NORM=3.8678442138007085e-07
จะ	O=0.9999997615814209|NORM=2.559345944064262e-07
ไป	O=0.9999996423721313|NORM=4.024238648980827e-07
ทาง	O=0.9999997615814209|NORM=2.7008036340703256e-07
ไหน	O=0.9999995231628418|NORM=4.1715722431945323e-07
ดี	O=0.9999985694885254|NORM=1.3989998706165352e-06
ชีวิต	O=0.9999995231628418|NORM=5.088817260912037e-07
ที่	O=0.9999997615814209|NORM=2.8796497986149916e-07
มัน	O=0.9999994039535522|NORM=6.077473244658904e-07
ขาด	O=0.9999996423721313|NORM=3.861026129925449e-07
เธอ	O=0.9999996423721313|NORM=4.0609489815324196e-07
มัน	O=0.9999996423721313|NORM=3.622106703460304e-07
หมด	O=0.9999996423721313|NORM=3.267121542194218e-07
เรี่ยวแรง	O=0.9994513392448425|NORM=0.0005486999289132655
ไม่	O=0.9999997615814209|NORM=2.618704968426755e-07
มี	O=0.9999997615814209|NORM=2.85317497628057e-07
แสง	O=0.9999996423721313|NORM=3.6951107063032396e-07
ส่อง	O=0.9999995231628418|NORM=5.214948259890662e-07
ใจ	O=0.9999996423721313|NORM=3.1704945513411076e-07
_	O=0.9999992847442627|NORM=6.491889052995248e-07
เหมือน	O=0.9999995231628418|NORM=4.7065526587175555e-07
ตัว	O=0.9999996423721313|NORM=3.3690892564663955e-07
คน	O=0.9999995231628418|NORM=4.21402859274167e-07
เดียว	O=0.9999992847442627|NORM=7.352584248110361e-07
_	O=0.999998927116394|NORM=1.0446757414683816e-06
หลาย	O=0.9999958276748657|NORM=4.219242782710353e-06
คน	O=0.9999994039535522|NORM=6.071633720239333e-07
ที่	O=0.9999997615814209|NORM=2.79714100770434e-07
เคย	O=0.9999995231628418|NORM=4.582205122005689e-07
เดิน	O=0.9999995231628418|NORM=4.278822700598539e-07
เข้า	O=0.9999996423721313|NORM=3.747084349470242e-07
มา	O=0.9999996423721313|NORM=3.107301438376453e-07
_	O=0.9999984502792358|NORM=1.4566674053639872e-06
แล้ว	O=0.9999997615814209|NORM=2.5948344273274415e-07
ก็	O=0.9999996423721313|NORM=3.073027983191423e-07
ลาลับ	NORM=0.9357670545578003|O=0.06423290818929672
หาย	O=0.9999992847442627|NORM=6.840798505436396e-07
ไป	O=0.9999994039535522|NORM=5.492618129210314e-07
_	O=0.999998927116394|NORM=9.782256711332593e-07
แต่	O=0.9999995231628418|NORM=4.923913365928456e-07
แปลก	O=0.9999985694885254|NORM=1.4350390529216384e-06
ตรง	O=0.9999995231628418|NORM=4.774710191668419e-07
ที่	O=0.9999997615814209|NORM=2.5037593331944663e-07
ใจ	O=0.9999995231628418|NORM=4.6692932187397673e-07
ยัง	O=0.9999996423721313|NORM=3.893743496519164e-07
ไม่	O=0.9999996423721313|NORM=3.107455484041566e-07
ลืม	O=0.9999994039535522|NORM=6.052895855646057e-07
เธอ	O=0.9999995231628418|NORM=4.202702541533654e-07
สัก	O=0.9999994039535522|NORM=5.616869316327211e-07
ที	O=0.9999995231628418|NORM=5.082255825072934e-07
_	O=0.9999991655349731|NORM=8.183678801287897e-07
แค่	O=0.9999995231628418|NORM=4.357069087745913e-07
เสี้ยว	O=0.9996629953384399|NORM=0.000337000354193151
เวลา	O=0.9999973773956299|NORM=2.6465452265256317e-06
พา	O=0.9999982118606567|NORM=1.756082497195166e-06
เรา	O=0.9999995231628418|NORM=4.1966950448113494e-07
จาก	O=0.9999996423721313|NORM=3.6202143860464275e-07
กัน	O=0.9999996423721313|NORM=3.2899114899009874e-07
_	O=0.9999983310699463|NORM=1.6024929436753155e-06
ความเป็นจริง	O=0.9999996423721313|NORM=3.3081877859331144e-07
ไ	NORM=0.9980401396751404|O=0.0019599036313593388

เป็น	O=0.9999996423721313|NORM=3.826984311672277e-07
นิยาย	O=0.9999959468841553|NORM=4.037669441459002e-06
ที่	O=0.9999996423721313|NORM=3.0494973657368973e-07
มี	O=0.9999996423721313|NORM=3.3000989674292214e-07
สัญญะ	O=0.9999817609786987|NORM=1.825271283451002e-05
เพื่อ	O=0.9999996423721313|NORM=3.1730809268992743e-07
ตีแผ่	O=0.9999934434890747|NORM=6.556574589922093e-06
การเมือง	O=0.9999990463256836|NORM=9.616519491828512e-07
ที่	O=0.9999997615814209|NORM=2.485085417447408e-07
เกิดขึ้น	O=0.9999994039535522|NORM=6.038101787453343e-07
จริง	O=0.9999995231628418|NORM=5.26585381521727e-07
ของ	O=0.9999994039535522|NORM=6.10847905591072e-07
ประเทศ	O=0.9999992847442627|NORM=6.51053881028929e-07
รัสเซีย	O=0.9999972581863403|NORM=2.7055621103500016e-06
ค่ะ	O=0.9999990463256836|NORM=9.975595958167105e-07
_	O=0.9999996423721313|NORM=3.021518466539419e-07
เหตุการณ์	O=0.9999996423721313|NORM=3.9413552599398827e-07
จริง	O=0.9999996423721313|NORM=3.2794801541058405e-07
ใน	O=0.9999996423721313|NORM=3.4941226090268174e-07
ปวศ	NORM=0.8948754668235779|O=0.10512455552816391
ที่	O=0.9999996423721313|NORM=3.565883446299267e-07
สำคัญ	O=0.9999994039535522|NORM=6.362409976645722e-07
เลย	O=0.9999958276748657|NORM=4.1787025111261755e-06
_	O=0.9999996423721313|NORM=2.849370162039122e-07
คำ	O=0.9999995231628418|NORM=4.332580942900677e-07
ว่า	O=0.9999997615814209|NORM=2.7985257133877894e-07
การเมือง	O=0.9999994039535522|NORM=5.549376851377019e-07
น้ำเน่า	O=0.9999996423721313|NORM=3.825280430191924e-07
อาจ	O=0.9999995231628418|NORM=4.3728920218200074e-07
จะ	O=0.9999996423721313|NORM=3.796912722009438e-07
ไม่	O=0.9999996423721313|NORM=4.059787386267999e-07
ถูก	O=0.999998927116394|NORM=1.10237738226715e-06
ซะ	O=0.9815033674240112|NORM=0.0184966791421175
ทีเดียว	O=0.9999970197677612|NORM=2.9808900308125885e-06
เพราะ	O=0.9999996423721313|NORM=3.2044400199993106e-07
มี	O=0.9999997615814209|NORM=2.711953470679873e-07
หลาย	O=0.9999992847442627|NORM=7.20945081411628e-07
ประเด็น	O=0.9999995231628418|NORM=4.6188131364033325e-07
มากๆ	NORM=0.9999524354934692|O=4.732783054350875e-05
_	O=0.9999995231628418|NORM=3.9608130464330316e-07
มี	O=0.9999997615814209|NORM=1.9996120670384698e-07
เรื่อง	O=0.9999996423721313|NORM=3.316691561394691e-07
ของ	O=0.9999996423721313|NORM=2.978719351176551e-07
ลัทธิคอมมิวนิสต์	O=0.9999960660934448|NORM=3.877083145198412e-06
,	O=0.9999991655349731|NORM=7.783299906805041e-07
_	O=0.9999996423721313|NORM=3.2620002343719534e-07
ลัทธิเผด็จการ	O=0.9999986886978149|NORM=1.2603907180164242e-06
,	O=0.9999991655349731|NORM=8.186644890884054e-07
_	O=0.9999995231628418|NORM=4.4274267452237837e-07
human	O=0.9999996423721313|NORM=2.9998867034919385e-07
_	O=0.9999995231628418|NORM=4.077511164268799e-07
nature	O=0.9999996423721313|NORM=3.2497908364348405e-07
_	O=0.9999995231628418|NORM=4.5032294337943313e-07
มี	O=0.9999997615814209|NORM=2.1894146584600094e-07
การสอดแทรก	O=0.9999943971633911|NORM=5.549616616917774e-06
ความเป็นมนุษย์	O=0.9999992847442627|NORM=7.058729920572659e-07
หลาย	O=0.9999992847442627|NORM=6.702692303406366e-07
อย่าง	O=0.9999995231628418|NORM=4.941700240124192e-07
ค่ะ	O=0.9999985694885254|NORM=1.4526999621011782e-06
_	O=0.9999996423721313|NORM=3.718527068485855e-07
แต่	O=0.9999996423721313|NORM=3.1793572929927905e-07
เน้น	O=0.9999994039535522|NORM=5.900693622606923e-07
เชิง	O=0.9999994039535522|NORM=6.120666284914478e-07
การเมือง	O=0.9999995231628418|NORM=5.094469202049368e-07

ข่าว	O=0.9999997615814209|NORM=2.3100889734450902e-07
ดี	O=0.9999994039535522|NORM=5.399135147854395e-07
!!	O=0.9999994039535522|NORM=5.290214630804257e-07
_	O=0.9999997615814209|NORM=2.0836385772327048e-07
ซอง	O=0.9999995231628418|NORM=4.753333655571623e-07
สุ่ม	O=0.9999988079071045|NORM=1.2447414974303683e-06
wannaone	O=0.9999994039535522|NORM=5.493435537573532e-07
_	O=0.9999996423721313|NORM=3.061289532979572e-07
ของ	O=0.9999998807907104|NORM=1.4556439964508172e-07
ร้าน	O=0.9999997615814209|NORM=2.303502242284594e-07
เรา	O=0.9999998807907104|NORM=1.4602866826862737e-07
ตอน	O=0.9999997615814209|NORM=1.8699428494528547e-07
นี้	O=0.9999997615814209|NORM=2.0395837907472014e-07
สั่ง	O=0.9999997615814209|NORM=2.0872960249107564e-07
ได้	O=0.9999997615814209|NORM=1.7577113453626225e-07
เรื่อยๆ	NORM=0.9999467134475708|O=5.326430982677266e-05
เลย	O=0.9999994039535522|NORM=6.280919819801056e-07
นะ	O=0.9999996423721313|NORM=3.2246916248368507e-07
ค้า	NORM=0.9971137046813965|O=0.002886297879740596
_	O=0.9999996423721313|NORM=3.0737314204998256e-07
มี	O=0.9999998807907104|NORM=1.67923985827656e-07
ทั้ง	O=0.9999997615814209|NORM=2.1441393016630172e-07
แบบ	O=0.9999997615814209|NORM=2.033107051602201e-07
_	O=0.9999996423721313|NORM=3.740364888926706e-07
20	O=0.9999996423721313|NORM=3.1436533731721283e-07
_	O=0.9999996423721313|NORM=2.933355460754683e-07
บาท	O=0.9999996423721313|NORM=3.186411561273417e-07
_	O=0.9999996423721313|NORM=3.2433754881822097e-07
และ	O=0.9999995231628418|NORM=4.2283681978005916e-07
50	O=0.9999995231628418|NORM=4.833361231249e-07
_	O=0.9999997615814209|NORM=2.606255122827861e-07
บาท	O=0.9999996423721313|NORM=3.7611656011904415e-07
จ้า	NORM=0.998664379119873|O=0.0013356507988646626
_	O=0.9999996423721313|NORM=3.2291291063302197e-07
สั่ง	O=0.9999997615814209|NORM=2.9507123144867364e-07
ทาง	O=0.9999996423721313|NORM=3.03657714084693e-07
_	O=0.9999996423721313|NORM=3.199834850420302e-07
shopee	O=0.9999994039535522|NORM=6.10582901572343e-07
_	O=0.9999996423721313|NORM=3.2023504559219873e-07
หรือ	O=0.9999997615814209|NORM=2.802160565806844e-07
สั่ง	O=0.9999997615814209|NORM=2.7866639129570103e-07
ทาง	O=0.9999996423721313|NORM=3.1865087635196687e-07
ข้อความ	O=0.9999997615814209|NORM=2.775588257009076e-07
ก็	O=0.9999997615814209|NORM=1.962208102668228e-07
ได้	O=0.9999998807907104|NORM=1.6815428693917056e-07
หมด	O=0.9999997615814209|NORM=2.354521626557471e-07
เลย	O=0.9999997615814209|NORM=2.3679447735958092e-07
จ้า	NORM=0.9997963309288025|O=0.00020370919082779437
_	O=0.9999995231628418|NORM=3.8462260931737546e-07
ของ	O=0.9999998807907104|NORM=1.693458102636214e-07
ข้างใน	O=0.9999997615814209|NORM=1.9626610026080016e-07
คุ้ม	O=0.9999997615814209|NORM=2.3757849021421862e-07
มากๆ	NORM=0.9995631575584412|O=0.0004346272617112845
_	O=0.9999997615814209|NORM=2.5606834697100567e-07
*	O=0.9999997615814209|NORM=1.805632479090491e-07
มี	O=0.9999998807907104|NORM=1.493207975045152e-07
รีวิว	O=0.9999997615814209|NORM=1.9871052359121677e-07
น้า	NORM=0.9995612502098083|O=0.00043868093052878976
_	O=0.9999996423721313|NORM=2.9378739441199286e-07
#ตลาดนัดWANNAONE	O=0.9999996423721313|NORM=3.720339520896232e-07
_	O=0.9999996423721313|NORM=2.987587208735931e-07
#ตลาดนัดPRODUCE101	O=0.9999995231628418|NORM=4.139653810852906e-07
_	O=0.9999996423721313|NORM=3.0250794225139543e-07
#สติ๊กเกอร์ไดคัท	O=0.9999788999557495|NORM=2.1157229639356956e-05
_	O=0.9999996423721313|NORM=3.448728307375859e-07
#WannaOne1TheWorldinBKK	O=0.9999995231628418|NORM=4.325752342992928e-07
_	O=0.9999996423721313|NORM=3.160689061587618e-07
#ซองสุ่มkpop	O=0.9999984502792358|NORM=1.491387706664682e-06
_	O=0.9999996423721313|NORM=3.62840950174359e-07
#ซองสุ่มwannaone	O=0.9999985694885254|NORM=1.437063133380434e-06

เวลา	O=0.9999997615814209|NORM=2.3038846563849802e-07
ใช้	O=0.9999997615814209|NORM=2.4249175112345256e-07
ชีวิต	O=0.9999997615814209|NORM=2.673164658517635e-07
คน	O=0.9999996423721313|NORM=3.7705498812101723e-07
เดียว	O=0.9999994039535522|NORM=5.921957608734374e-07
แล้ว	O=0.9999996423721313|NORM=3.534922825565445e-07
ถูก	O=0.9999996423721313|NORM=3.271177604347031e-07
ถาม	O=0.9999995231628418|NORM=4.36307345808018e-07
ว่า	O=0.9999996423721313|NORM=2.9734374606960046e-07
หงา	O=0.9999948740005493|NORM=5.0947346608154476e-06
มั้ย	NORM=0.9950599074363708|O=0.00494001479819417
_	O=0.9999994039535522|NORM=6.248079102988413e-07
ก็	O=0.9999997615814209|NORM=2.472322648827685e-07
ตอบ	O=0.9999995231628418|NORM=5.003442993256613e-07
ว่า	O=0.9999996423721313|NORM=3.6803538705498795e-07
ไม่	O=0.9999996423721313|NORM=3.0369943715413683e-07
เหงา	O=0.999998927116394|NORM=1.0475899898665375e-06
_	O=0.9999995231628418|NORM=4.1622655544415466e-07
แล้ว	O=0.9999997615814209|NORM=2.2853365067021514e-07
มัก	O=0.9999994039535522|NORM=5.770010034211737e-07
จะ	O=0.9999996423721313|NORM=3.1102987918529834e-07
ถูก	O=0.9999997615814209|NORM=2.3108248115022434e-07
ชม	O=0.9999996423721313|NORM=3.960711580930365e-07
กลับ	O=0.9999997615814209|NORM=2.3046075625643425e-07
มา	O=0.9999996423721313|NORM=3.3620344197515806e-07
ว่า	O=0.9999997615814209|NORM=2.387632207501156e-07
เก่ง	O=0.9999997615814209|NORM=2.757410015874484e-07
เนอะ	O=0.9260545969009399|NORM=0.07394539564847946
_	O=0.9999996423721313|NORM=3.3381780895069824e-07
สตรอง	O=0.9997898936271667|NORM=0.00021012657089158893
เนอะ	O=0.7161799073219299|NORM=0.28382009267807007
_	O=0.9999996423721313|NORM=3.526437524214998e-07
ถึง	O=0.9999997615814209|NORM=1.9078011348483415e-07
ตอน	O=0.9999997615814209|NORM=2.242094012672169e-07
นี้	O=0.9999997615814209|NORM=2.789657855828409e-07
ก็	O=0.9999997615814209|NORM=2.859587482362258e-07
งง	O=0.9999996423721313|NORM=3.9297879084188025e-07
อยู่	O=0.9999997615814209|NORM=2.138019823405557e-07
ว่า	O=0.9999997615814209|NORM=2.7095543941868527e-07
เก่ง	O=0.9999996423721313|NORM=3.01566586813351e-07
ยังไง	NORM=0.688662052154541|O=0.31133800745010376
_	O=0.9999996423721313|NORM=3.8098474419712147e-07
สตรอง	O=0.9999858140945435|NORM=1.4133584045339376e-05
ตรง	O=0.9999997615814209|NORM=2.8208731350787275e-07
ไหน	O=0.9999997615814209|NORM=2.811736123931041e-07
_	O=0.9999996423721313|NORM=3.617045933879126e-07
รู้	O=0.9999997615814209|NORM=2.387229471878527e-07
แค่	O=0.9999995231628418|NORM=5.135370884090662e-07
ว่า	O=0.9999996423721313|NORM=3.8982915384622174e-07
ก็	O=0.9999996423721313|NORM=3.674791457797255e-07
เฉยๆ	NORM=0.6640008091926575|O=0.3359992206096649
_	O=0.9999995231628418|NORM=4.3404509142419556e-07
ก็	O=0.9999997615814209|NORM=1.9013204166640207e-07
ใช้	O=0.9999997615814209|NORM=2.002123125066646e-07
ชีวิต	O=0.9999997615814209|NORM=2.1137640260349144e-07
คน	O=0.9999997615814209|NORM=2.8163572096673306e-07
เดียว	O=0.9999997615814209|NORM=2.9350348995649256e-07
ใน	O=0.9999996423721313|NORM=2.9754116326330404e-07
แต่ละ	O=0.9999995231628418|NORM=4.2993073634534085e-07
วัน	O=0.9999996423721313|NORM=3.458896173924586e-07
แบบ	O=0.9999996423721313|NORM=3.2107385550261824e-07
ที่	O=0.9999997615814209|NORM=2.537288708026608e-07
มัน	O=0.9999997615814209|NORM=2.6485022885935905e-07
ควร	O=0.9999997615814209|NORM=2.2671886767966498e-07
จะ	O=0.9999997615814209|NORM=1.937321769673872e-07
เป็น	O=0.9999997615814209|NORM=1.97110182398319e-07
อ่ะค่ะ	NORM=0.9983841180801392|O=0.0016158989164978266
_	O=0.9999994039535522|NORM=5.593327614406007e-07
คือ	O=0.9999997615814209|NORM=2.850362932349526e-07
เรา	O=0.9999997615814209|NORM=2.552917237608199e-07
ต้อง	O=0.9999997615814209|NORM=2.291290002176538e-07
ใช้	O=0.9999997615814209|NORM=2.6606258529682236e-07
ชีวิต	O=0.9999997615814209|NORM=2.4633462203382805e-07
ร่วม	O=0.9999995231628418|NORM=4.523744223661197e-07
หรือ	O=0.999994158744812|NORM=5.856879397470038e-06
ผูก	O=0.9999995231628418|NORM=4.480636732751009e-07
หัวใจ	O=0.9999996423721313|NORM=3.439515126046899e-07
ไว้	O=0.9999995231628418|NORM=4.880900519310671e-07
กับ	O=0.9999996423721313|NORM=3.3371117069691536e-07
ใคร	O=0.9999902248382568|NORM=9.769310963747557e-06
เพื่อ	O=0.9999996423721313|NORM=3.7570964650512906e-07
ให้	O=0.9999997615814209|NORM=2.182048035592743e-07
เรา	O=0.9999996423721313|NORM=2.883867864511558e-07
เก่ง	O=0.9999995231628418|NORM=4.4565632606463623e-07
และ	O=0.999997615814209|NORM=2.414183882137877e-06
เข้มแข็ง	O=0.9999949932098389|NORM=4.942905889038229e-06
หรอ	O=0.9762791395187378|NORM=0.02372085116803646

ทักทาย	O=0.9999986886978149|NORM=1.315997224082821e-06
เป็น	O=0.9999996423721313|NORM=4.0304763615495176e-07
ภาษาไทย	O=0.9999963045120239|NORM=3.7222494029265363e-06
ก็	O=0.9999997615814209|NORM=2.2993103243607038e-07
ได้	O=0.9999997615814209|NORM=2.2034572566553834e-07
คุณ	O=0.9999996423721313|NORM=3.102084065176314e-07
นนธวรรณ	O=0.9999877214431763|NORM=1.22032142826356e-05
(	O=0.9999992847442627|NORM=7.383410434158577e-07
เมญ่า	O=0.9999710321426392|NORM=2.890989344450645e-05
)	O=0.9999995231628418|NORM=4.4858614955956e-07
_	O=0.9999997615814209|NORM=2.1352485646275454e-07
รับรอง	O=0.9999997615814209|NORM=2.878375937598321e-07
ว่า	O=0.9999997615814209|NORM=1.852046267458718e-07
จะ	O=0.9999997615814209|NORM=2.1909706049427768e-07
ต้อง	O=0.9999997615814209|NORM=2.4386909558415937e-07
ถูกปาก	O=0.9999996423721313|NORM=3.8777977806603303e-07
ถูกคอ	O=0.9999995231628418|NORM=5.017563466935826e-07
อย่าง	O=0.9999997615814209|NORM=2.394902480773453e-07
แน่นอน	O=0.9999997615814209|NORM=2.715859181989799e-07
_	O=0.9999997615814209|NORM=1.9313317523028672e-07
#Maeyagirl	O=0.9999996423721313|NORM=3.437731379563047e-07
_	O=0.9999997615814209|NORM=2.1225613977549074e-07
#arnonsanonoi	O=0.9999995231628418|NORM=4.3288844153721584e-07
_	O=0.9999997615814209|NORM=2.364710951496818e-07
#บลูเมญ่า	O=0.9999903440475464|NORM=9.634854905016255e-06
_	O=0.9999997615814209|NORM=2.4441507662231743e-07
#หน้ากากเสือดาว	O=0.9999994039535522|NORM=5.886770964025345e-07
_	O=0.9999997615814209|NORM=2.21005294065435e-07
#themasksinger3	O=0.9999996423721313|NORM=2.9186608685449755e-07
_	O=0.9999997615814209|NORM=2.070418645416794e-07
#TeamArnon	O=0.9999996423721313|NORM=3.1646192155676545e-07
_	O=0.9999997615814209|NORM=2.199852247031231e-07
#TeamMaeya	O=0.9999996423721313|NORM=3.260849155140022e-07
_	O=0.9999997615814209|NORM=2.397034393197828e-07
#สะใภ้กาฝาก	O=0.9999984502792358|NORM=1.5810588820386329e-06
_	O=0.9999997615814209|NORM=2.580777334060258e-07
#เรนนี่	O=0.9999978542327881|NORM=2.1010453110648086e-06
_	O=0.9999997615814209|NORM=2.627102162477968e-07
#GoodnightLover	O=0.9999996423721313|NORM=2.9999981165929057e-07
_	O=0.9999997615814209|NORM=2.2052735459965334e-07
#iwantyou	O=0.9999996423721313|NORM=2.930291032043897e-07
_	O=0.9999997615814209|NORM=2.3661500847538264e-07
#onlyyou	O=0.9999996423721313|NORM=3.6719958984576806e-07
_	O=0.9999997615814209|NORM=2.6044909873235156e-07
#IMissYou	O=0.9999997615814209|NORM=2.636735416672309e-07
_	O=0.9999996423721313|NORM=2.8200494739394344e-07
#iloveyou	O=0.9999996423721313|NORM=2.9914446031398256e-07
_	O=0.9999997615814209|NORM=2.3036604090975743e-07
#MTW2014	O=0.9999997615814209|NORM=2.7613361908152e-07
_	O=0.9999997615814209|NORM=2.0614659490547638e-07
#48ปีไทยทีวีสีช่อง3	O=0.9999995231628418|NORM=4.5806976345375006e-07
_	O=0.9999997615814209|NORM=2.3513150892995327e-07
#one31	O=0.9999817609786987|NORM=1.8225091480417177e-05

Grave	O=0.9999995231628418|NORM=4.201973524686764e-07
_	O=0.9999997615814209|NORM=2.1762001267688902e-07
Of	O=0.9999997615814209|NORM=2.2478789674096333e-07
_	O=0.9999997615814209|NORM=2.0511312470716803e-07
The	O=0.9999996423721313|NORM=3.837627104985586e-07
_	O=0.9999997615814209|NORM=2.5455122454332013e-07
Fireflies	O=0.999998927116394|NORM=1.0443111477798084e-06
_	O=0.9999995231628418|NORM=4.6119816943246406e-07
#ร้องไห้หนักมาก	O=0.9999980926513672|NORM=1.845509927989042e-06
_	O=0.9999996423721313|NORM=3.4974766549566993e-07
ใน	O=0.9999996423721313|NORM=2.908125225076219e-07
ตำนาน	O=0.9999992847442627|NORM=6.911265018061385e-07
_	O=0.9999997615814209|NORM=2.650412511684408e-07
พี่น้อง	O=0.9999995231628418|NORM=5.016649424760544e-07
คู่	O=0.9999996423721313|NORM=4.1036412312678294e-07
หนึ่ง	O=0.9999992847442627|NORM=6.931238090146508e-07
ที่	O=0.9999996423721313|NORM=3.092531528636755e-07
ต้อง	O=0.9999997615814209|NORM=2.5864466124403407e-07
เผชิญ	O=0.9999995231628418|NORM=4.969517704012105e-07
กับ	O=0.9999994039535522|NORM=6.250301680665871e-07
ภัย	O=0.999997615814209|NORM=2.4179489628295414e-06
WWII	O=0.9999988079071045|NORM=1.1936897408304503e-06
_	O=0.9999997615814209|NORM=2.632223186083138e-07
หนัง	O=0.9999996423721313|NORM=3.333259996907145e-07
ที่	O=0.9999997615814209|NORM=2.1542749095715408e-07
แสดง	O=0.9999997615814209|NORM=2.8824746323152795e-07
ให้	O=0.9999997615814209|NORM=2.0835432223975658e-07
เห็น	O=0.9999991655349731|NORM=8.403177957916341e-07
ถึง	O=0.9999996423721313|NORM=3.350505153321137e-07
ความโหดร้าย	O=0.9999980926513672|NORM=1.8778163166643935e-06
ของ	O=0.9999992847442627|NORM=7.389144229819067e-07
สงคราม	O=0.9999986886978149|NORM=1.3492830248651444e-06
_	O=0.9999996423721313|NORM=2.867963360131398e-07
หนัง	O=0.9999996423721313|NORM=3.462110953478259e-07
ที่	O=0.9999997615814209|NORM=2.4309747459483333e-07
บีบ	O=0.9999988079071045|NORM=1.2365763950583641e-06
ความรู้สึก	O=0.9999995231628418|NORM=4.301981562093715e-07
_	O=0.9999996423721313|NORM=3.002768949045276e-07
แสดง	O=0.9999997615814209|NORM=2.244231041004241e-07
ให้	O=0.9999997615814209|NORM=2.23446704694652e-07
เห็น	O=0.9999991655349731|NORM=8.264083248832321e-07
ถึง	O=0.9999997615814209|NORM=2.6253715645907505e-07
ความหดหู่	O=0.9999986886978149|NORM=1.3020492133364314e-06
และ	O=0.9999982118606567|NORM=1.780135789886117e-06
สิ้นหวัง	O=0.9999992847442627|NORM=6.585235041711712e-07
_	O=0.9999996423721313|NORM=2.8041839073011943e-07
โดย	O=0.9999996423721313|NORM=3.906166057277005e-07
เฉพาะ	O=0.9999982118606567|NORM=1.7839444126366288e-06
เมื่อ	O=0.9999996423721313|NORM=3.294929058483831e-07
เรา	O=0.9999996423721313|NORM=3.915605759630125e-07
รู้	O=0.9999996423721313|NORM=4.105637572138221e-07
ว่า	O=0.9999997615814209|NORM=2.724336525261606e-07
นี่	O=0.9999994039535522|NORM=6.015507665324549e-07
base	O=0.9999995231628418|NORM=4.143967089476064e-07
_	O=0.9999996423721313|NORM=3.7659967233594216e-07
on	O=0.9999997615814209|NORM=2.1141754302789195e-07
_	O=0.9999997615814209|NORM=2.3380016500595957e-07
true	O=0.9999997615814209|NORM=2.582852687282866e-07
_	O=0.9999997615814209|NORM=2.383457626820018e-07
story	O=0.9999997615814209|NORM=2.79658365798241e-07
_	O=0.9999996423721313|NORM=3.730020523562416e-07
และ	O=0.9999996423721313|NORM=3.0509809789691644e-07
ดวงไฟ	O=0.9999994039535522|NORM=5.715756401514227e-07
ที่	O=0.9999997615814209|NORM=2.465021964326297e-07
คิด	O=0.9999994039535522|NORM=6.486357051471714e-07
ว่า	O=0.9999996423721313|NORM=3.157191770242207e-07
เป็น	O=0.9999996423721313|NORM=3.256479885749286e-07
หิ่งห้อย	O=0.9999988079071045|NORM=1.1992923418802093e-06
_	O=0.9999995231628418|NORM=4.188027276086359e-07
แท้จริง	O=0.9997394680976868|NORM=0.00026047087158076465
แล้ว	O=0.9999990463256836|NORM=9.867163726084982e-07
คือ	O=0.9999996423721313|NORM=3.5720506730285706e-07
ระเบิด	O=0.9999986886978149|NORM=1.3047776974417502e-06

ถือ	O=0.9999991655349731|NORM=8.732407650313689e-07
ว่า	O=0.9999997615814209|NORM=2.7057663487539685e-07
มัน	O=0.9999995231628418|NORM=4.4051884628970583e-07
ไม่	O=0.9999996423721313|NORM=3.5982679946755525e-07
ใช่	O=0.9999994039535522|NORM=6.484860364253109e-07
การเปิด	O=0.9999996423721313|NORM=3.565900215107831e-07
บอท	NORM=0.9999053478240967|O=9.45925057749264e-05
ด้วย	O=0.9999996423721313|NORM=3.622362214628083e-07
ความตั้งใจ	O=0.9999994039535522|NORM=5.529624331757077e-07
_	O=0.9999992847442627|NORM=6.295179559856479e-07
ขาด	O=0.9999996423721313|NORM=3.532846619691554e-07
การเตรียมตัว	O=0.9999992847442627|NORM=7.689636731811333e-07
มี	O=0.9999996423721313|NORM=3.868973124099284e-07
แค่	O=0.9999995231628418|NORM=4.1795445326897607e-07
อย่าง	O=0.9999997615814209|NORM=2.935488510047435e-07
เดียว	O=0.9999995231628418|NORM=4.508648316914332e-07
ก็	O=0.9999996423721313|NORM=3.5306069889884384e-07
แค่	O=0.9999997615814209|NORM=2.813747812524525e-07
อยาก	O=0.9999997615814209|NORM=2.425315415166551e-07
เปิด	O=0.9999996423721313|NORM=3.64715020850781e-07
_	O=0.9999985694885254|NORM=1.438500248696073e-06
อยาก	O=0.9999997615814209|NORM=2.7342377961758757e-07
เล่น	O=0.9999995231628418|NORM=4.70919701456296e-07
_	O=0.9999994039535522|NORM=5.613977691609762e-07
เหงา	O=0.9999991655349731|NORM=8.304970151584712e-07
_	O=0.9999992847442627|NORM=7.215276696115325e-07
และ	O=0.9999995231628418|NORM=4.526816894667718e-07
ยัง	O=0.9999997615814209|NORM=2.765152089523326e-07
มี	O=0.9999997615814209|NORM=2.9061212103442813e-07
บอท	NORM=0.99993896484375|O=6.10511633567512e-05
ที่	O=0.9999995231628418|NORM=4.2926168930534914e-07
มี	O=0.9999997615814209|NORM=2.2589506443182472e-07
พฤติกรรม	O=0.9999995231628418|NORM=4.7135105774032127e-07
คล้ายๆ	NORM=0.9999680519104004|O=3.181170905008912e-05
_	O=0.9999992847442627|NORM=7.03267915014294e-07
แบบ	O=0.9999997615814209|NORM=2.644146377406287e-07
นี้	O=0.9999996423721313|NORM=3.893394477927359e-07
อีก	O=0.9999997615814209|NORM=2.907454756950756e-07
หลาย	O=0.9999995231628418|NORM=4.649297693504195e-07
บอท	NORM=0.9999202489852905|O=7.968949648784474e-05
_	O=0.9999992847442627|NORM=6.30500892384589e-07
และ	O=0.9999996423721313|NORM=3.66728556855378e-07
ส่วนใหญ่	O=0.9999991655349731|NORM=8.791778327577049e-07
คือ	O=0.9999995231628418|NORM=4.636218591258512e-07
ตัน	O=0.9999996423721313|NORM=3.0715102639078395e-07
บท	O=0.9999996423721313|NORM=4.1197498035216995e-07
ไป	O=0.9999996423721313|NORM=2.9857272920708056e-07
ไม่	O=0.9999997615814209|NORM=2.7864592766491114e-07
รอด	O=0.9999995231628418|NORM=4.2013002143903577e-07
_	O=0.9999995231628418|NORM=4.795743393515295e-07
จน	O=0.9999996423721313|NORM=3.5228643469054077e-07
ใน	O=0.9999984502792358|NORM=1.496866502748162e-06
ที่สุด	O=0.9999991655349731|NORM=8.498382157995366e-07
คือ	O=0.9999994039535522|NORM=6.185684355841659e-07
_	O=0.9999995231628418|NORM=4.6262456976364774e-07
'	O=0.9999994039535522|NORM=5.884492111363215e-07
ปล่อย	O=0.9999997615814209|NORM=2.8933035878253577e-07
ร้าง	O=0.9999985694885254|NORM=1.4516973578793113e-06
'	O=0.9999990463256836|NORM=9.528025088911818e-07
_	O=0.9999994039535522|NORM=5.920885541854659e-07
ถ้า	O=0.9999997615814209|NORM=2.226288557949374e-07
ยัง	O=0.9999996423721313|NORM=3.9305527366195747e-07
พบเจอ	O=0.9999963045120239|NORM=3.641426701506134e-06
บอท	NORM=0.9999427795410156|O=5.721535853808746e-05
ประเภท	O=0.9999996423721313|NORM=2.9158564984754776e-07
นี้	O=0.9999995231628418|NORM=5.000733835913707e-07
อีก	O=0.9999995231628418|NORM=5.125194206812012e-07
จะ	O=0.9999997615814209|NORM=2.4332570092155947e-07
โทษ	O=0.9999990463256836|NORM=9.238912639375485e-07
ว่า	O=0.9999997615814209|NORM=2.537596230922645e-07
บอท	NORM=0.9999362230300903|O=6.374190706992522e-05
ดี	O=0.9999916553497314|NORM=8.360131687368266e-06
เกรย์แมน	O=0.999994158744812|NORM=5.769833933300106e-06
หลาย	O=0.999998927116394|NORM=1.108094352275657e-06
คน	O=0.9999994039535522|NORM=5.49601338661887e-07
ไม่	O=0.9999997615814209|NORM=2.321232415170016e-07
ให้	O=0.9999996423721313|NORM=3.16246484999283e-07
ความสนใจ	O=0.9999988079071045|NORM=1.2018318784612347e-06
ไม่	O=0.9999997615814209|NORM=2.512542494059744e-07
ได้	O=0.9999996423721313|NORM=3.093024076861184e-07
_	O=0.9999995231628418|NORM=4.6939476305851713e-07
การ	O=0.9999991655349731|NORM=8.156532089742541e-07
_	O=0.9999990463256836|NORM=8.88143404154107e-07
-	O=0.9999990463256836|NORM=8.82400740920275e-07

วิธี	O=0.9999996423721313|NORM=3.9267308693524683e-07
ทำให้	O=0.9999996423721313|NORM=3.335313749630586e-07
มิ้ง	O=0.9999772310256958|NORM=2.2778720449423417e-05
หยุด	O=0.9999996423721313|NORM=3.9900555748317856e-07
ปากดี	O=0.999998927116394|NORM=1.0462500767971505e-06
คือ	O=0.9999995231628418|NORM=4.829573754250305e-07
_	O=0.9999996423721313|NORM=3.179775660555606e-07
ทำให้	O=0.9999997615814209|NORM=1.8541969382113166e-07
นาง	O=0.9999996423721313|NORM=3.1577513937008916e-07
ไม่	O=0.9999997615814209|NORM=2.39771338783612e-07
มี	O=0.9999997615814209|NORM=2.757651884621737e-07
รายได้	O=0.9999994039535522|NORM=5.491298225024366e-07
เพราะ	O=0.9999997615814209|NORM=2.75852244158159e-07
เรา	O=0.9999996423721313|NORM=3.8370416177713196e-07
ด่า	O=0.9999990463256836|NORM=9.584510962667991e-07
ไป	O=0.9999995231628418|NORM=5.255633936940285e-07
นาง	O=0.9999997615814209|NORM=2.702849428715126e-07
ก็	O=0.9999997615814209|NORM=2.514038328627066e-07
คง	O=0.9999997615814209|NORM=2.9228061748654e-07
ไม่	O=0.9999995231628418|NORM=4.330631213633751e-07
สะทกสะท้าน	O=0.9999964237213135|NORM=3.5278005725558614e-06
อะ	O=0.9999723434448242|NORM=2.7676142053678632e-05
_	O=0.9999996423721313|NORM=3.524447151903587e-07
นี่	O=0.9999996423721313|NORM=3.4304150631214725e-07
ว่า	O=0.9999997615814209|NORM=2.719194469591457e-07
ตาม	O=0.9999997615814209|NORM=2.457658467847068e-07
ไป	O=0.9999997615814209|NORM=2.227966433565598e-07
รีพอต	O=0.999994158744812|NORM=5.787077043351019e-06
แม่ง	O=0.9999980926513672|NORM=1.914547965498059e-06
ทุก	O=0.9999996423721313|NORM=3.2156444262909645e-07
ร้าน	O=0.9999980926513672|NORM=1.957234417204745e-06
ที่	O=0.9999996423721313|NORM=3.0867624900565716e-07
ใช้	O=0.9999994039535522|NORM=5.680294066223723e-07
นาง	O=0.9999996423721313|NORM=2.950191060335783e-07
รีวิว	O=0.9999996423721313|NORM=3.737812050985667e-07
สินค้า	O=0.9999996423721313|NORM=3.96258201362798e-07
ให้	O=0.9999997615814209|NORM=2.160846719334586e-07
คง	O=0.9999997615814209|NORM=2.617369148083526e-07
จะ	O=0.9999997615814209|NORM=1.8862237993744202e-07
ได้	O=0.9999997615814209|NORM=1.7990269896017708e-07
ผล	O=0.9999997615814209|NORM=1.9857961319758033e-07
ดี	O=0.9999997615814209|NORM=2.6786591433847207e-07
กว่า	O=0.9999996423721313|NORM=3.1226895202962623e-07
_	O=0.9999996423721313|NORM=3.240883472699352e-07
เพราะ	O=0.9999997615814209|NORM=2.2610821304169804e-07
ใคร	O=0.9999997615814209|NORM=2.8612922164938936e-07
ก็	O=0.9999997615814209|NORM=2.72408982482375e-07
ไม่	O=0.9999997615814209|NORM=2.460470227561018e-07
สมควร	O=0.999998927116394|NORM=1.0414418056825525e-06
จะ	O=0.9999997615814209|NORM=2.554356797190849e-07
สนับสนุน	O=0.9999995231628418|NORM=4.175672074779868e-07
คน	O=0.9999995231628418|NORM=4.1790264049268444e-07
ที่	O=0.9999997615814209|NORM=2.1135745953415608e-07
ดัง	O=0.9999995231628418|NORM=4.98853012231848e-07
จาก	O=0.9999997615814209|NORM=2.775212237793312e-07
ข่าว	O=0.9999996423721313|NORM=3.788629783230135e-07
ที่	O=0.9999997615814209|NORM=2.4666280751262093e-07
ไม่	O=0.9999997615814209|NORM=2.526548428249953e-07
ดี	O=0.9999997615814209|NORM=2.908955138991587e-07
แถม	O=0.9999985694885254|NORM=1.4497713891614694e-06
ปาก	O=0.9999997615814209|NORM=2.391583961980359e-07
ก็	O=0.9999997615814209|NORM=2.4872974790923763e-07
ไม่	O=0.9999997615814209|NORM=2.3543576332940575e-07
ดี	O=0.9999996423721313|NORM=3.1910337838780833e-07
_	O=0.9999996423721313|NORM=3.606079701512499e-07
ถ้า	O=0.9999998807907104|NORM=1.655068615491473e-07
เป็น	O=0.9999997615814209|NORM=2.941134766842879e-07
งี้	O=0.7712169289588928|NORM=0.22878310084342957
คง	O=0.9999997615814209|NORM=2.8051366030013014e-07
ไม่	O=0.9999997615814209|NORM=2.446690530177875e-07
มี	O=0.9999997615814209|NORM=2.2894397488926188e-07
ใคร	O=0.9999997615814209|NORM=2.639737033405254e-07
อยาก	O=0.9999997615814209|NORM=2.7271414637652924e-07
จะ	O=0.9999997615814209|NORM=2.1052501608664898e-07
จ้าง	O=0.9999997615814209|NORM=2.778978398509935e-07
นาง	O=0.9999996423721313|NORM=3.0620631719102676e-07
_	O=0.9999995231628418|NORM=3.948371158912778e-07
งาน	O=0.9999997615814209|NORM=2.1055875265574286e-07
หาย	O=0.9999997615814209|NORM=2.643326979523408e-07
เงิน	O=0.9999996423721313|NORM=3.2570048347224656e-07
หด	O=0.999998927116394|NORM=1.0917455028902623e-06
_	O=0.9999994039535522|NORM=5.713587256650499e-07
จบ	O=0.9999997615814209|NORM=2.63347601503483e-07
ค่ะ	O=0.9999980926513672|NORM=1.9573501504055457e-06
_	O=0.9999992847442627|NORM=6.232468763300858e-07
#	O=0.9999986886978149|NORM=1.313775214839552e-06
มิ้ง	O=0.9999368190765381|NORM=6.322147964965552e-05
โป๊ะแตก	O=0.9999579191207886|NORM=4.2096122342627496e-05

-	O=0.9999997615814209|NORM=2.8383922767716285e-07
สรุป	O=0.9999995231628418|NORM=4.359035017387214e-07
_	O=0.9999997615814209|NORM=2.708593456191011e-07
เรื่อง	O=0.9999997615814209|NORM=2.1371697300764936e-07
นี้	O=0.9999996423721313|NORM=3.829346724160132e-07
ฟิน	O=0.9999991655349731|NORM=8.338945463037817e-07
จริง	O=0.9999996423721313|NORM=3.030244783985836e-07
_	O=0.9999997615814209|NORM=2.2780339747896505e-07
หยุด	O=0.9999997615814209|NORM=2.2198646831839142e-07
ดู	O=0.9999996423721313|NORM=3.2225273116637254e-07
ไม่	O=0.9999997615814209|NORM=2.027712469043763e-07
ได้	O=0.9999997615814209|NORM=2.3548045646748506e-07
_	O=0.9999997615814209|NORM=2.2311792235996109e-07
ภาพ	O=0.9999997615814209|NORM=2.0720779048133409e-07
สวย	O=0.9999996423721313|NORM=3.379176973794529e-07
_	O=0.9999997615814209|NORM=2.2503478191993054e-07
เพลง	O=0.9999996423721313|NORM=3.225657394523296e-07
เพราะ	O=0.9999997615814209|NORM=2.415903566088673e-07
_	O=0.9999997615814209|NORM=2.2522500842114823e-07
นักแสดง	O=0.9999991655349731|NORM=8.050703854678432e-07
แต่ละ	O=0.9999997615814209|NORM=2.8584560141098336e-07
คน	O=0.9999996423721313|NORM=3.031808546438697e-07
งานดี	O=0.9999996423721313|NORM=3.157465471304022e-07
_	O=0.9999997615814209|NORM=2.2668815802262543e-07
มี	O=0.9999998807907104|NORM=1.7036910548995365e-07
ความรัก	O=0.9999995231628418|NORM=4.225900624987844e-07
หลากหลาย	O=0.9999997615814209|NORM=2.666900797976268e-07
แบบ	O=0.9999996423721313|NORM=3.306203666397778e-07
ให้	O=0.9999997615814209|NORM=2.0203523831696657e-07
ได้	O=0.9999997615814209|NORM=2.162393002436147e-07
ดู	O=0.9999997615814209|NORM=2.5607153020246187e-07
_	O=0.9999997615814209|NORM=2.706341888369934e-07
มี	O=0.9999997615814209|NORM=1.797078965637411e-07
ปม	O=0.9999982118606567|NORM=1.8274184867550503e-06
นู่นนี่นั่น	NORM=0.671238362789154|O=0.32876157760620117
ให้	O=0.9999997615814209|NORM=1.9425591801791597e-07
ลุ้น	O=0.9999997615814209|NORM=2.654826687376044e-07
ตลอด	O=0.9999997615814209|NORM=2.3660034287331655e-07
เวลา	O=0.9999997615814209|NORM=2.394980072040198e-07
_	O=0.9999996423721313|NORM=2.7724448159460735e-07
ตอน	O=0.9999997615814209|NORM=1.781628782282496e-07
จบ	O=0.9999997615814209|NORM=2.031093515597604e-07
บาง	O=0.9999997615814209|NORM=2.5202072606589354e-07
คู่	O=0.9999995231628418|NORM=4.2424002799634764e-07
คือ	O=0.9999997615814209|NORM=2.799000924369466e-07
จบ	O=0.9999997615814209|NORM=2.561301641890168e-07
แบบ	O=0.9999997615814209|NORM=2.511253569537075e-07
ค้างคา	O=0.9977920055389404|NORM=0.002207946265116334
มากกกกกก	NORM=0.9997956156730652|O=0.00020342832431197166
_	O=0.9999996423721313|NORM=3.5805703646474285e-07
เสียดาย	O=0.9999996423721313|NORM=3.936498274015321e-07
ที่	O=0.9999997615814209|NORM=2.3886002509243554e-07
ไม่	O=0.9999997615814209|NORM=2.438935098325601e-07
มี	O=0.9999997615814209|NORM=2.542224990520481e-07
_	O=0.9999996423721313|NORM=2.967519492358406e-07
ss	O=0.9999994039535522|NORM=5.372647819967824e-07
2	O=0.9999995231628418|NORM=4.4004315213896916e-07
_	O=0.9999997615814209|NORM=2.5373179823873215e-07
ให้	O=0.9999998807907104|NORM=1.5146785870001622e-07
ดู	O=0.9999997615814209|NORM=1.9121581829040224e-07
แล้ว	O=0.9999997615814209|NORM=1.9904983616925165e-07
_	O=0.9999996423721313|NORM=2.924188606812095e-07
ถ้า	O=0.9999998807907104|NORM=1.650359280347402e-07
มี	O=0.9999997615814209|NORM=2.46322400698773e-07
คง	O=0.9999997615814209|NORM=2.2949025435536896e-07
ต้อง	O=0.9999997615814209|NORM=1.9046795785016002e-07
เปลี่ยน	O=0.9999997615814209|NORM=1.8967077153320133e-07
นสด	NORM=0.9999767541885376|O=2.3118211174733005e-05
ใหม่	O=0.9999996423721313|NORM=3.7882503534092393e-07
หมด	O=0.9999992847442627|NORM=7.42294048450276e-07
_	O=0.9999996423721313|NORM=2.977543545057415e-07
เสียดาย	O=0.9999997615814209|NORM=2.665888416686357e-07
มากๆ	NORM=0.9998918771743774|O=0.00010590856254566461
_	O=0.9999996423721313|NORM=2.964312102449185e-07
แต่	O=0.9999997615814209|NORM=2.1266542660214327e-07
ยังไง	NORM=0.9999583959579468|O=4.16132461396046e-05
ก็	O=0.9999997615814209|NORM=2.5094868760788813e-07
จะ	O=0.9999997615814209|NORM=2.0732581162974384e-07
รอ	O=0.9999997615814209|NORM=2.7794447987616877e-07
ติดตาม	O=0.9999996423721313|NORM=3.3286917755503964e-07
ข่าว	O=0.9999996423721313|NORM=3.157209675919148e-07
ต่อ	O=0.9999997615814209|NORM=1.8890753494815726e-07
ไป	O=0.9999997615814209|NORM=2.52293943958648e-07
ว่า	O=0.9999997615814209|NORM=2.1278287931636441e-07
จะ	O=0.9999997615814209|NORM=2.304053765556091e-07
ยังไง	NORM=0.9999490976333618|O=5.085392695036717e-05
ต่อ	O=0.9999997615814209|NORM=2.541330559324706e-07

อันดับ	O=0.9999992847442627|NORM=6.871510436212702e-07
_	O=0.9999996423721313|NORM=2.839718149516557e-07
Hashtags	O=0.9999995231628418|NORM=4.3392094539740356e-07
_	O=0.9999997615814209|NORM=2.0775172515641316e-07
BNK48	O=0.9999996423721313|NORM=3.9325061607087264e-07
_	O=0.9999997615814209|NORM=1.7286691900153528e-07
วัน	O=0.9999997615814209|NORM=2.611644447370054e-07
ที่	O=0.9999997615814209|NORM=2.0624649721412425e-07
_	O=0.9999997615814209|NORM=2.1947013806311588e-07
1	O=0.9999996423721313|NORM=3.044641516680713e-07
_	O=0.9999997615814209|NORM=2.1738976840879332e-07
พ.ค.	O=0.9999970197677612|NORM=2.95051404464175e-06
_	O=0.9999997615814209|NORM=2.3498085965911741e-07
62	O=0.9999992847442627|NORM=7.42821669064142e-07
_	O=0.9999997615814209|NORM=2.3333529952651588e-07
0600	NORM=0.9997641444206238|O=0.0002356196055188775
_	O=0.9999996423721313|NORM=2.7115808620692405e-07
(	O=0.9999996423721313|NORM=3.473891467820067e-07
1	O=0.9999996423721313|NORM=3.8449462635981035e-07
/	O=0.9999996423721313|NORM=2.985582057135616e-07
2	O=0.9999996423721313|NORM=3.419326048970106e-07
)	O=0.9999996423721313|NORM=3.196720683718013e-07
_	O=0.9999997615814209|NORM=2.2962599643960857e-07
1	O=0.9999997615814209|NORM=2.57351956634011e-07
_	O=0.9999997615814209|NORM=2.44561050521952e-07
#	O=0.9999997615814209|NORM=2.171129551697959e-07
BNK48	O=0.9999994039535522|NORM=5.619162379844056e-07
_	O=0.9999997615814209|NORM=2.037894120121564e-07
5723	O=0.9999995231628418|NORM=4.48916523509979e-07
_	O=0.9999997615814209|NORM=2.325577526107736e-07
2	O=0.9999996423721313|NORM=2.8889053282910027e-07
_	O=0.9999997615814209|NORM=2.5024414185281785e-07
#	O=0.9999997615814209|NORM=2.2118473452792387e-07
Jennis	O=0.9999995231628418|NORM=4.4125764020463976e-07
BNK48	O=0.9999995231628418|NORM=4.885665134679584e-07
_	O=0.9999997615814209|NORM=2.241700656213652e-07
3533	O=0.9999982118606567|NORM=1.756925030349521e-06
_	O=0.9999996423721313|NORM=2.757015238330496e-07
3	O=0.9999997615814209|NORM=2.7247912726124923e-07
_	O=0.9999996423721313|NORM=2.5743511855580437e-07
#	O=0.9999997615814209|NORM=2.0285382618112635e-07
Music	O=0.9999996423721313|NORM=2.9705154247494647e-07
BNK48	O=0.9999996423721313|NORM=3.696936801134143e-07
_	O=0.9999997615814209|NORM=1.9526149230841838e-07
3115	O=0.9999995231628418|NORM=4.937733706356084e-07
_	O=0.9999997615814209|NORM=2.3858342501625884e-07
4	O=0.9999997615814209|NORM=2.3995480091798527e-07
_	O=0.9999997615814209|NORM=2.3859706743678544e-07
#	O=0.9999997615814209|NORM=2.0124755906181235e-07
Mobile	O=0.9999996423721313|NORM=3.64342383818439e-07
BNK48	O=0.9999996423721313|NORM=3.628959746038163e-07
_	O=0.9999997615814209|NORM=2.2119125731023814e-07
2691	O=0.9999990463256836|NORM=9.033728360918758e-07
_	O=0.9999997615814209|NORM=2.534983991608897e-07
5	O=0.9999996423721313|NORM=3.2722448395361425e-07
_	O=0.9999996423721313|NORM=2.967514092233614e-07
#	O=0.9999997615814209|NORM=2.2572815794319467e-07
Cherprang	O=0.9999990463256836|NORM=9.679434924692032e-07
BNK48	O=0.9999995231628418|NORM=4.4356508510645654e-07
_	O=0.9999997615814209|NORM=2.069611184651876e-07
1837	O=0.9999992847442627|NORM=7.341192258536466e-07
_	O=0.9999997615814209|NORM=2.391241764598817e-07
6	O=0.9999997615814209|NORM=2.8001596774629434e-07
_	O=0.9999996423721313|NORM=2.743664708759752e-07
#	O=0.9999997615814209|NORM=2.0038078218931332e-07
Pun	O=0.9999994039535522|NORM=6.265257184168149e-07
BNK48	O=0.9999995231628418|NORM=4.364280243862595e-07
_	O=0.9999997615814209|NORM=2.0988373705677077e-07
1729	O=0.9999996423721313|NORM=4.0772667375676974e-07
_	O=0.9999997615814209|NORM=2.6666310759537737e-07
7	O=0.9999996423721313|NORM=3.6098577993470826e-07
_	O=0.9999995231628418|NORM=3.5419276400716626e-07
#	O=0.9999997615814209|NORM=2.3306952812163217e-07
Orn	O=0.999998927116394|NORM=1.0416554232506314e-06
BNK48	O=0.9999995231628418|NORM=4.554200927486818e-07
_	O=0.9999997615814209|NORM=2.530098015540716e-07
1379	O=0.9999980926513672|NORM=1.930338839883916e-06
_	O=0.9999996423721313|NORM=2.906176064243482e-07
8	O=0.9999997615814209|NORM=2.839523745024053e-07
_	O=0.9999996423721313|NORM=3.2738648769736756e-07
#	O=0.9999997615814209|NORM=2.2284551448592538e-07
Jane	O=0.9999996423721313|NORM=3.81991810627369e-07
BNK48	O=0.9999995231628418|NORM=4.6402305997617077e-07
_	O=0.9999997615814209|NORM=2.3532845716545125e-07
1375	O=0.999998927116394|NORM=1.0826524885487743e-06
_	O=0.9999997615814209|NORM=2.737042450462468e-07
9	O=0.9999997615814209|NORM=2.8542064001157996e-07
_	O=0.9999995231628418|NORM=3.6440417261474067e-07
#	O=0.9999997615814209|NORM=2.395628939666494e-07
Namneung	O=0.9999920129776001|NORM=8.014210834517144e-06
BNK48	O=0.9999995231628418|NORM=4.6608849402218766e-07
_	O=0.9999997615814209|NORM=2.6087170112987224e-07
1340	O=0.9999994039535522|NORM=6.41211499896599e-07
_	O=0.9999997615814209|NORM=2.793576641124673e-07
10	O=0.9999996423721313|NORM=3.5151023780599644e-07
_	O=0.9999996423721313|NORM=2.9673893209292146e-07
#	O=0.9999997615814209|NORM=2.353118588871439e-07
Noey	O=0.9999991655349731|NORM=8.629816079519514e-07
BNK48	O=0.9999995231628418|NORM=4.487513081130601e-07
_	O=0.9999996423721313|NORM=2.784455830351362e-07
1103	O=0.9999980926513672|NORM=1.929521658894373e-06
_	O=0.9999996423721313|NORM=3.371477248492738e-07
11	O=0.9999996423721313|NORM=4.094443113444868e-07
_	O=0.9999996423721313|NORM=3.695547547977185e-07
#	O=0.9999997615814209|NORM=2.670830383522116e-07
Kaew	O=0.9999990463256836|NORM=9.255482495973411e-07
BNK48	O=0.9999994039535522|NORM=5.720669946640555e-07
_	O=0.9999996423721313|NORM=2.970067782825936e-07
902	O=0.9999991655349731|NORM=8.381617249142437e-07
_	O=0.9999996423721313|NORM=3.350495489939931e-07
12	O=0.9999996423721313|NORM=3.627125977345713e-07
_	O=0.9999996423721313|NORM=3.4721296060524764e-07
#	O=0.9999997615814209|NORM=2.396456011410919e-07
Tarwaan	O=0.9999988079071045|NORM=1.195859226754692e-06
BNK48	O=0.9999994039535522|NORM=6.283399898165953e-07
_	O=0.9999996423721313|NORM=3.219495567918784e-07
655	O=0.999995231628418|NORM=4.753923349198885e-06

เมื่อ	O=0.9999997615814209|NORM=2.1897277235893853e-07
คืน	O=0.9999997615814209|NORM=2.468350714934786e-07
นั่ง	O=0.9999997615814209|NORM=1.833724212474408e-07
คุย	O=0.9999996423721313|NORM=3.4051996067319124e-07
กะ	NORM=0.9631714820861816|O=0.036828458309173584
แกน	O=0.9999995231628418|NORM=4.872004524258955e-07
ว่า	O=0.9999997615814209|NORM=2.136222150284084e-07
ถ้า	O=0.9999997615814209|NORM=2.3342143151694472e-07
แบบ	O=0.9999996423721313|NORM=3.4155226558141294e-07
อิรุมะซัง	O=0.9999988079071045|NORM=1.214191001963627e-06
ไป	O=0.9999997615814209|NORM=1.9737919387807779e-07
บ้าน	O=0.9999996423721313|NORM=3.199511411366984e-07
ดป	O=0.9387883543968201|NORM=0.06121170148253441
_	O=0.9999995231628418|NORM=4.473565979878913e-07
(	O=0.9999995231628418|NORM=4.223459200147772e-07
แบบ	O=0.9999996423721313|NORM=3.226687965707242e-07
ไป	O=0.9999997615814209|NORM=2.816647395320615e-07
พบ	O=0.9999996423721313|NORM=3.3656689879535406e-07
พ่อแม่	O=0.9999996423721313|NORM=3.1284153578781115e-07
เขา	O=0.9999997615814209|NORM=2.2567176927168475e-07
ไร	NORM=0.9964391589164734|O=0.0035608538892120123
งี้	NORM=0.8386619687080383|O=0.16133809089660645
_	O=0.9999992847442627|NORM=6.269715981943591e-07
แค่ก	O=0.9996448755264282|NORM=0.00035513174952939153
)	O=0.9999985694885254|NORM=1.3494116046786075e-06
_	O=0.9999996423721313|NORM=3.8194298213056754e-07
แล้ว	O=0.9999997615814209|NORM=1.8413629732094705e-07
บ้าน	O=0.9999997615814209|NORM=2.469459445819666e-07
ดป	O=0.8733469247817993|NORM=0.12665313482284546
เป็น	O=0.9999997615814209|NORM=2.0464302963318914e-07
ครอบครัว	O=0.9999997615814209|NORM=2.7114080580759037e-07
คน	O=0.9999997615814209|NORM=2.635083831137308e-07
ธรรมดา	O=0.9999997615814209|NORM=2.2080639894284104e-07
_	O=0.9999995231628418|NORM=4.078915196714661e-07
พ่อแม่	O=0.9999997615814209|NORM=2.6494015514799685e-07
ยัง	O=0.9999997615814209|NORM=2.2192953963440232e-07
อยู่	O=0.9999997615814209|NORM=2.0587036431152228e-07
มี	O=0.9999997615814209|NORM=2.3656198777644022e-07
น้องชาย	O=0.9999990463256836|NORM=9.253594726033043e-07
_	O=0.9999995231628418|NORM=4.899064833807643e-07
เลย	O=0.9999998807907104|NORM=1.6948686720752448e-07
มโน	O=0.999998927116394|NORM=1.0804286603161017e-06
ต่อ	O=0.9999997615814209|NORM=1.883362301668967e-07
เป็น	O=0.9999997615814209|NORM=2.6142157594222226e-07
ฉาก	O=0.9999996423721313|NORM=3.115877404979983e-07
นั่ง	O=0.9999997615814209|NORM=1.916318552730445e-07
ทาน	O=0.9999991655349731|NORM=8.705492291483097e-07
ข้าว	O=0.9999996423721313|NORM=3.0509633575093176e-07
พร้อม	O=0.9999997615814209|NORM=2.2798879228957958e-07
หน้า	O=0.9999997615814209|NORM=2.390471252056159e-07
กัน	O=0.9999997615814209|NORM=2.889046584186872e-07
_	O=0.9999994039535522|NORM=5.120166974847962e-07
ใน	O=0.9999997615814209|NORM=1.885993583528034e-07
ใจ	O=0.9999997615814209|NORM=2.7234145250076836e-07
อิรุมะซัง	O=0.9999971389770508|NORM=2.902002051996533e-06
คง	O=0.9999994039535522|NORM=5.85070495162654e-07
รู้สึก	O=0.9999996423721313|NORM=3.502497065710486e-07
เหงาๆ	O=0.9735959768295288|NORM=0.026404062286019325
ขึ้น	O=0.9999996423721313|NORM=3.2914053349486494e-07
มา	O=0.9999996423721313|NORM=3.613519083955907e-07
แต่	O=0.9999995231628418|NORM=4.121776839838276e-07
คง	O=0.9999995231628418|NORM=5.066392532171449e-07
ไม่	O=0.9999996423721313|NORM=2.924004434134986e-07
แสดงออก	O=0.9999996423721313|NORM=3.954224041535781e-07
_	O=0.9999996423721313|NORM=3.8130826851556776e-07
ดป	O=0.8729656338691711|NORM=0.12703433632850647
แอบ	O=0.9999992847442627|NORM=6.759295843039581e-07
สังเกต	O=0.9999991655349731|NORM=8.205732342503325e-07
เห็น	O=0.9999995231628418|NORM=4.7341612230411556e-07
เลย	O=0.9999997615814209|NORM=2.010083761661008e-07
เอื้อม	O=0.9999967813491821|NORM=3.2277423542836914e-06
ไป	O=0.9999991655349731|NORM=7.728697823949915e-07
จับ	O=0.9999996423721313|NORM=3.0327541367114463e-07
มือ	O=0.9999992847442627|NORM=7.316296546377998e-07
ปลอบใจ	O=0.9999984502792358|NORM=1.493945774200256e-06
เพราะ	O=0.9999990463256836|NORM=8.946474849835795e-07
รู้	O=0.9999980926513672|NORM=1.8455644976711483e-06
เรื่อง	O=0.999998927116394|NORM=1.0232395197817823e-06
อดีต	O=0.9999979734420776|NORM=2.013482799156918e-06
แล้ว	O=0.9999992847442627|NORM=6.917951509421982e-07

ใน	O=0.9999997615814209|NORM=2.572282937762793e-07
ห้าง	O=0.9999990463256836|NORM=9.209040285895753e-07
นอน	O=0.9999997615814209|NORM=2.2633756202594668e-07
ไม่	O=0.9999997615814209|NORM=2.6182229362348153e-07
ได้	O=0.9999997615814209|NORM=2.7583226369642944e-07
ค่ะ	O=0.9999980926513672|NORM=1.8456524912835448e-06
_	O=0.9999996423721313|NORM=3.809963686762785e-07
พอ	O=0.9999997615814209|NORM=2.2339216343425505e-07
ห้าง	O=0.9999974966049194|NORM=2.543464688642416e-06
ปิด	O=0.9999996423721313|NORM=3.444934861818183e-07
ประมาณ	O=0.9999932050704956|NORM=6.7759874582407065e-06
ตี	O=0.9999995231628418|NORM=4.6856064273015363e-07
1	O=0.9999997615814209|NORM=2.830801406616956e-07
พนักงาน	O=0.9999994039535522|NORM=5.982868174214673e-07
จะ	O=0.9999996423721313|NORM=2.9080197805342323e-07
ไล่	O=0.9999996423721313|NORM=3.7932937857476645e-07
ออก	O=0.9999997615814209|NORM=2.655090156622464e-07
หมด	O=0.9999996423721313|NORM=3.1972513170330785e-07
เลย	O=0.9999996423721313|NORM=3.200432843186718e-07
_	O=0.9999996423721313|NORM=3.696732164826244e-07
ส่วน	O=0.9999997615814209|NORM=2.306951643049615e-07
มาก	O=0.9999995231628418|NORM=4.212710678075382e-07
จะ	O=0.9999997615814209|NORM=2.591108057004021e-07
นอน	O=0.9999997615814209|NORM=2.610264857594302e-07
ใกล้ๆ	NORM=0.9992458820343018|O=0.0007540890364907682
แถว	O=0.9999996423721313|NORM=3.16087607643567e-07
นั้น	O=0.9999994039535522|NORM=6.367320679601107e-07
ค่ะ	O=0.999916672706604|NORM=8.330071432283148e-05
จะ	O=0.9999997615814209|NORM=2.505108795958222e-07
มี	O=0.9999997615814209|NORM=2.528551874547702e-07
คน	O=0.9999996423721313|NORM=3.5325840030964173e-07
รัน	O=0.9999984502792358|NORM=1.5194341358437669e-06
คิว	O=0.9999991655349731|NORM=8.300067975142156e-07
(	O=0.999998927116394|NORM=1.0949027000606293e-06
รัน	O=0.9999972581863403|NORM=2.6951838663080707e-06
คิว	O=0.9999985694885254|NORM=1.4702164889968117e-06
กัน	O=0.9999995231628418|NORM=4.507406003995129e-07
เอง	O=0.9999990463256836|NORM=9.82366373136756e-07
)	O=0.9999986886978149|NORM=1.2222163832120714e-06
แล้ว	O=0.9999997615814209|NORM=2.909129932504584e-07
ก็	O=0.9999996423721313|NORM=3.641377759322495e-07
จะ	O=0.9999996423721313|NORM=3.6646773082793516e-07
เช็ค	NORM=0.9317337870597839|O=0.06826624274253845
คิว	O=0.9999988079071045|NORM=1.1352658475516364e-06
ทุก	O=0.9999994039535522|NORM=5.398806024459191e-07
ชั่วโมง	O=0.9999995231628418|NORM=4.6754249183322827e-07
ว่า	O=0.9999995231628418|NORM=5.204777266953897e-07
เรา	O=0.9999992847442627|NORM=7.100630909917527e-07
ยัง	O=0.9999994039535522|NORM=5.685133146471344e-07
อยู่	O=0.9999995231628418|NORM=4.974672265234403e-07
มั้ย	NORM=0.9999502897262573|O=4.964011168340221e-05
_	O=0.9999995231628418|NORM=4.820173558073293e-07
พอ	O=0.9999997615814209|NORM=2.4915306084949407e-07
ตอน	O=0.9999996423721313|NORM=3.5044848800680484e-07
เช้า	O=0.9999996423721313|NORM=3.6864096841782157e-07
ห้าง	O=0.9999949932098389|NORM=4.976920081389835e-06
เปิด	O=0.9999996423721313|NORM=3.1661616617384425e-07
ก็	O=0.9999996423721313|NORM=2.955586921871145e-07
เรียง	O=0.9999994039535522|NORM=6.310555704658327e-07
ตาม	O=0.9999997615814209|NORM=2.818356392708665e-07
คิว	O=0.9999992847442627|NORM=7.63151319915778e-07
ที่	O=0.9999997615814209|NORM=2.444318738525908e-07
รัน	O=0.9999983310699463|NORM=1.7223125041709864e-06
กัน	O=0.9999996423721313|NORM=3.724461237197829e-07
ไว้	O=0.999998927116394|NORM=1.0375686088082148e-06
_	O=0.9999995231628418|NORM=5.145185468791169e-07
แต่	O=0.9999996423721313|NORM=3.1365891572932014e-07
ครั้ง	O=0.9999996423721313|NORM=3.5859969216289755e-07
นี้	O=0.9999991655349731|NORM=8.497272006025014e-07
ดู	O=0.9999994039535522|NORM=6.055811354599427e-07
แล้ว	O=0.9999992847442627|NORM=7.084370281518204e-07
โหด	O=0.9999994039535522|NORM=6.18385001871502e-07
แน่นอน	O=0.9999991655349731|NORM=8.786263379079173e-07
เรา	O=0.9999995231628418|NORM=4.71736882445839e-07
คิด	O=0.9999997615814209|NORM=2.9040154458925826e-07
ว่า	O=0.9999996423721313|NORM=3.046808387807687e-07
ต้อง	O=0.9999997615814209|NORM=2.192891770391725e-07
มี	O=0.9999997615814209|NORM=2.276613599860866e-07
คน	O=0.9999996423721313|NORM=3.33504061700296e-07
ไป	O=0.9999996423721313|NORM=3.4673050208766654e-07
รอ	O=0.9999997615814209|NORM=2.499588731552649e-07
ก่อน	O=0.9999997615814209|NORM=2.4281433752548764e-07
วัน	O=0.9999996423721313|NORM=3.7760878512926865e-07
กด	O=0.9999990463256836|NORM=1.0079198773382814e-06
เยอะ	O=0.9999995231628418|NORM=4.611102326634864e-07
มากๆ	NORM=0.9979458451271057|O=0.0020531746558845043
เพราะ	O=0.9999980926513672|NORM=1.8994968513652566e-06
มี	O=0.9999986886978149|NORM=1.2889740901300684e-06
หลาย	O=0.9999958276748657|NORM=4.1480579966446385e-06
ด้อม	O=0.9999812841415405|NORM=1.8759297745418735e-05

เพิ้ด	NORM=0.995002806186676|O=0.004997211042791605
ก็	O=0.9999996423721313|NORM=3.8135189583954343e-07
คือ	O=0.9999995231628418|NORM=4.686299064360355e-07
เด็ก	O=0.9999995231628418|NORM=4.630946364159172e-07
แกร่ง	O=0.9999819993972778|NORM=1.801032885850873e-05
คน	O=0.9999964237213135|NORM=3.5463258427625988e-06
นึ่ง	O=0.9999074935913086|NORM=9.250445145880803e-05
ที่	O=0.9999997615814209|NORM=2.580225952897308e-07
เก็บ	O=0.9999977350234985|NORM=2.303472456333111e-06
ความรู้สึก	O=0.9999992847442627|NORM=7.637206635990879e-07
เก่ง	O=0.9999994039535522|NORM=6.456030519075284e-07
มาก	O=0.9999974966049194|NORM=2.4444962036795914e-06
_	O=0.9999997615814209|NORM=2.730251367211167e-07
หา	O=0.9999997615814209|NORM=2.2125391296867747e-07
จุด	O=0.9999996423721313|NORM=3.3498437801426917e-07
ที่	O=0.9999997615814209|NORM=2.8407481522663147e-07
ตัวเอง	O=0.9999994039535522|NORM=5.615985401163925e-07
ควร	O=0.9999997615814209|NORM=2.3057506837176334e-07
พัฒนา	O=0.9999996423721313|NORM=3.1811708822715445e-07
_	O=0.9999995231628418|NORM=4.7611598574803793e-07
ควร	O=0.9999997615814209|NORM=1.805914848773682e-07
แก้ไข	O=0.9999997615814209|NORM=2.8467090373851534e-07
_	O=0.9999996423721313|NORM=3.544192281879077e-07
และ	O=0.9999995231628418|NORM=4.327559395278513e-07
ทำ	O=0.9999997615814209|NORM=1.7646715377850342e-07
มัน	O=0.9999995231628418|NORM=4.5822531546946266e-07
ออก	O=0.9999997615814209|NORM=2.4299038159369957e-07
มา	O=0.9999997615814209|NORM=2.7041696171181684e-07
ได้	O=0.9999997615814209|NORM=2.229664914921159e-07
ดี	O=0.9999995231628418|NORM=4.5706130435974046e-07
มาก	O=0.9999992847442627|NORM=6.805595376135898e-07
_	O=0.9999996423721313|NORM=3.074168262173771e-07
ก็	O=0.9999997615814209|NORM=2.4889513383641315e-07
แค่	O=0.9999995231628418|NORM=4.254936811776133e-07
เด็ก	O=0.999998927116394|NORM=1.0633922329361667e-06
ที่	O=0.9999997615814209|NORM=2.2926539600121032e-07
พัฒนา	O=0.9999997615814209|NORM=2.886721972572559e-07
ตัวเอง	O=0.9999997615814209|NORM=2.653166575328214e-07
ใน	O=0.9999997615814209|NORM=2.691475344818173e-07
หลายๆ	NORM=0.9998194575309753|O=0.0001804870698833838
ด้าน	O=0.9999996423721313|NORM=3.7156024745854666e-07
อย่าง	O=0.9999997615814209|NORM=2.622701344989764e-07
จริงจัง	O=0.9999992847442627|NORM=6.771438165742438e-07
และ	O=0.9999988079071045|NORM=1.141858888331626e-06
_	O=0.9999995231628418|NORM=3.8737650243092503e-07
โคตร	O=0.9999995231628418|NORM=4.6283108190436906e-07
พ่อ	O=0.9999996423721313|NORM=3.485758668375638e-07
โคตร	O=0.9999994039535522|NORM=5.981533490739821e-07
แม่	O=0.9999995231628418|NORM=4.4736813720192004e-07
หล่อ	O=0.9999984502792358|NORM=1.4903469036653405e-06
_	O=0.9999996423721313|NORM=3.242243735712691e-07
รัก	O=0.9999996423721313|NORM=3.6336521702651225e-07
แฟน	O=0.9999995231628418|NORM=5.103012767904147e-07
มาก	O=0.9999996423721313|NORM=3.625607689627941e-07
_	O=0.9999995231628418|NORM=4.748735022985784e-07
และ	O=0.999998927116394|NORM=1.004724026643089e-06
ที่	O=0.9999997615814209|NORM=2.4265531806122453e-07
สำคัญ	O=0.9999996423721313|NORM=3.4578440022414725e-07
ที่	O=0.9999997615814209|NORM=2.6008871145677404e-07
สุด	O=0.9999994039535522|NORM=5.971103291813051e-07
_	O=0.9999994039535522|NORM=5.54577866296313e-07
บอก	O=0.9999997615814209|NORM=1.8665595291622594e-07
หวย	O=0.999998927116394|NORM=1.0146630984309013e-06
แม่น	O=0.9999949932098389|NORM=4.968549546902068e-06
_	O=0.9999996423721313|NORM=3.8585670836255304e-07
นี่	O=0.9999996423721313|NORM=3.339126806167769e-07
แหละ	O=0.9999996423721313|NORM=3.9111350247367227e-07
ลูก	O=0.9999997615814209|NORM=2.3633965895442088e-07
อี	O=0.9999992847442627|NORM=6.670323386970267e-07
ชั้น	NORM=0.9999309778213501|O=6.905766349518672e-05
ล่ะ	O=0.9989476799964905|NORM=0.00105233583599329
_	O=0.9999996423721313|NORM=3.805184860539157e-07
เพิ้ด	NORM=0.9982543587684631|O=0.0017455932684242725
ฉาม	O=0.9999439716339111|NORM=5.6038836191874e-05
ขวบ	O=0.9999951124191284|NORM=4.902003638562746e-06
_	O=0.9999994039535522|NORM=5.058787451162061e-07
79	O=0.9999994039535522|NORM=6.10131223766075e-07
_	O=0.9999995231628418|NORM=4.1272991779806034e-07
แม่	O=0.9999997615814209|NORM=2.609227180982998e-07
ลงทุน	O=0.9999991655349731|NORM=8.806186428955698e-07
เยอะ	O=0.9999991655349731|NORM=8.217628533202515e-07
นะ	O=0.9999972581863403|NORM=2.787777248158818e-06
_	O=0.9999973773956299|NORM=2.59546072811645e-06
#รอยยิ้มของชูครีม	O=0.9999940395355225|NORM=5.919755039940355e-06

เวลา	O=0.9999996423721313|NORM=2.9912021659583843e-07
พูด	O=0.9999995231628418|NORM=4.3320190457052377e-07
ถึง	O=0.9999996423721313|NORM=3.8301317317746e-07
_	O=0.9999992847442627|NORM=6.845928623988584e-07
เรื่องราว	O=0.9999992847442627|NORM=7.17100988367747e-07
ใน	O=0.9999996423721313|NORM=3.9397284012920863e-07
อดีต	O=0.9999996423721313|NORM=3.7463732383002935e-07
ที่	O=0.9999996423721313|NORM=3.547265805536881e-07
เกี่ยวกับ	O=0.9999997615814209|NORM=2.7328223950462416e-07
แวดวง	O=0.999994158744812|NORM=5.803757176181534e-06
โรงแรม	O=0.9998006224632263|NORM=0.00019936230091843754
ระดับ	O=0.9999996423721313|NORM=4.0508726328880584e-07
โลก	O=0.9999994039535522|NORM=6.328853032755433e-07
ของ	O=0.9999996423721313|NORM=3.5438335999060655e-07
นาง	O=0.9999994039535522|NORM=6.017172040628793e-07
ปรียานันท์	O=0.9999816417694092|NORM=1.8257307601743378e-05
_	O=0.9999994039535522|NORM=5.725914888898842e-07
ใน	O=0.9999996423721313|NORM=3.1906779440760147e-07
บริบท	O=0.9999959468841553|NORM=4.104821982764406e-06
ความระยำตำบอน	O=0.9999966621398926|NORM=3.2985931284201797e-06
เรื่องราว	O=0.9999995231628418|NORM=4.7174722794807167e-07
และ	O=0.9999985694885254|NORM=1.4278992921390454e-06
ภาพ	O=0.9999997615814209|NORM=2.5054600882867817e-07
ควย	O=0.999998927116394|NORM=1.0241632253382704e-06
/	O=0.9999996423721313|NORM=3.597001807520428e-07
Penis	O=0.9999997615814209|NORM=2.8994992362640915e-07
ที่	O=0.9999997615814209|NORM=2.0230265818099724e-07
ส่ง	O=0.9999997615814209|NORM=2.8908047511322366e-07
แพ่รกระจาย	O=0.9999957084655762|NORM=4.304158665036084e-06
_	O=0.9999996423721313|NORM=3.721035000125994e-07
ตาม	O=0.9999997615814209|NORM=2.1482635759184632e-07
สันดาน	O=0.9999860525131226|NORM=1.3938239135313779e-05
เก่า	O=0.9999997615814209|NORM=2.6790601737047837e-07
ครั้ง	O=0.9999996423721313|NORM=3.4750576105579967e-07
แพ่ร	NORM=0.997422456741333|O=0.0025775309186428785
ภาพ	O=0.9999997615814209|NORM=2.3837350227040588e-07
เปลือย	O=0.9999994039535522|NORM=5.381996288633673e-07
ห้อง	O=0.9999997615814209|NORM=2.757662400654226e-07
รร	NORM=0.9993100166320801|O=0.0006900369189679623
ฟูราม่า	O=0.9999309778213501|NORM=6.90276428940706e-05
...	O=0.9999985694885254|NORM=1.2456627018764266e-06
_	O=0.9999996423721313|NORM=2.8415061592568236e-07
เห็น	O=0.9999997615814209|NORM=2.4706702106414014e-07
ชื่อ	O=0.9999997615814209|NORM=2.265362297748652e-07
_	O=0.9999996423721313|NORM=3.502055960780126e-07
เจมส์	O=0.9999654293060303|NORM=3.451235897955485e-05
/	O=0.9999995231628418|NORM=4.2533218902462977e-07
James	O=0.9999996423721313|NORM=3.4299634421586234e-07
นับ	O=0.9999997615814209|NORM=2.884256105062377e-07
แต่	O=0.9999986886978149|NORM=1.2728470437650685e-06
ปี	O=0.9999997615814209|NORM=2.3723207220882614e-07
แรก	O=0.9999997615814209|NORM=2.505316558654158e-07
ผ่าน	O=0.9999996423721313|NORM=3.952180520627735e-07
กิจกรรม	O=0.9999995231628418|NORM=5.174987336431514e-07
ชั้น	NORM=0.9992608428001404|O=0.0007391639519482851
รัก	O=0.9999991655349731|NORM=8.271006208815379e-07
ผัว	O=0.9999912977218628|NORM=8.668818736623507e-06
ชาวบ้าน	O=0.9999988079071045|NORM=1.214422582052066e-06
โดย	O=0.9999997615814209|NORM=2.7610570896285935e-07
กลุ่ม	O=0.9999995231628418|NORM=4.6169370193638315e-07
เหี้ย	O=0.9999988079071045|NORM=1.1667566468531732e-06
การเมือง	O=0.9999960660934448|NORM=3.90815876016859e-06
ปชป	O=0.9977642297744751|NORM=0.0022357746493071318
,	O=0.9999974966049194|NORM=2.523668854337302e-06
ดุสิตธานี	O=0.9998809099197388|NORM=0.00011862038081744686

เรา	O=0.9999997615814209|NORM=2.5199071274073503e-07
คน	O=0.9999978542327881|NORM=2.125953642462264e-06
นึง	NORM=0.9999191761016846|O=8.075412188190967e-05
ยอมรับ	O=0.9999996423721313|NORM=3.671491697332385e-07
เลย	O=0.9999997615814209|NORM=2.1974345543185336e-07
เบื่อ	O=0.9999991655349731|NORM=7.790101790305926e-07
การเมือง	O=0.9999991655349731|NORM=7.671829393984808e-07
_	O=0.9999996423721313|NORM=3.7364182503552e-07
สิ้นหวัง	O=0.999998927116394|NORM=1.0582165259620524e-06
_	O=0.9999995231628418|NORM=4.6396993980124535e-07
ไม่	O=0.9999996423721313|NORM=3.222435225325171e-07
อยาก	O=0.9999992847442627|NORM=6.975801056796627e-07
รับรู้	O=0.9999984502792358|NORM=1.5441066807397874e-06
_	O=0.9999996423721313|NORM=2.80422653986534e-07
จน	O=0.9999997615814209|NORM=2.2147578704334592e-07
วัน	O=0.9999997615814209|NORM=2.8802432439078984e-07
ที่	O=0.9999997615814209|NORM=1.7475223046403698e-07
มี	O=0.9999997615814209|NORM=2.0389924770825019e-07
พรรค	O=0.9999995231628418|NORM=5.249662535788957e-07
ที่	O=0.9999997615814209|NORM=2.1305945097083168e-07
ชื่อ	O=0.9999996423721313|NORM=3.456100330367917e-07
ว่า	O=0.9999996423721313|NORM=3.5560924516175874e-07
_	O=0.9999995231628418|NORM=4.298815383663168e-07
อนาคตใหม่	O=0.9999995231628418|NORM=4.1112713233815157e-07
_	O=0.9999996423721313|NORM=3.187998345310916e-07
เข้า	O=0.9999997615814209|NORM=1.8796515632857336e-07
มา	O=0.9999997615814209|NORM=2.352400656491227e-07
แล้ว	O=0.9999997615814209|NORM=2.2004520872087596e-07
ได้	O=0.9999997615814209|NORM=2.0745653728226898e-07
ฟัง	O=0.9999996423721313|NORM=3.489560356229049e-07
นโยบาย	O=0.9999996423721313|NORM=2.8572043220265186e-07
พรรค	O=0.9999995231628418|NORM=5.069949793323758e-07
_	O=0.9999996423721313|NORM=2.9788984079459624e-07
ถึง	O=0.9999997615814209|NORM=1.807286196253699e-07
เริ่ม	O=0.9999997615814209|NORM=2.758441155492619e-07
มี	O=0.9999997615814209|NORM=2.7294936444377527e-07
ความหวัง	O=0.9999992847442627|NORM=6.765383204765385e-07
ว่า	O=0.9999997615814209|NORM=2.710784769988095e-07
ประเทศ	O=0.9999995231628418|NORM=4.926778274239041e-07
ไทย	O=0.9999990463256836|NORM=9.86456711871142e-07
จะ	O=0.9999997615814209|NORM=2.3857521114223346e-07
เปลี่ยนแปลง	O=0.9999997615814209|NORM=2.7249524237049627e-07
_	O=0.9999996423721313|NORM=2.984918410220416e-07
ขอ	O=0.9999997615814209|NORM=1.7530373952467926e-07
ประชาธิปไตย	O=0.9999992847442627|NORM=6.888529924253817e-07
ของ	O=0.9999997615814209|NORM=2.472362723437982e-07
เรา	O=0.9999997615814209|NORM=1.8930104772607592e-07
กลับคืน	O=0.9999995231628418|NORM=4.394560164655559e-07
มา	O=0.9999996423721313|NORM=3.626074374096788e-07
_	O=0.9999996423721313|NORM=2.8887566827506816e-07
คุณ	O=0.9999997615814209|NORM=2.2113685815838835e-07
มา	O=0.9999997615814209|NORM=2.4099091433527065e-07
เปลี่ยนแปลง	O=0.9999997615814209|NORM=2.2479689221199806e-07
ความคิด	O=0.9999997615814209|NORM=2.8687023245765886e-07
เรา	O=0.9999997615814209|NORM=2.639057470332773e-07
จริงๆ	NORM=0.9999834299087524|O=1.609688661119435e-05
_	O=0.9999995231628418|NORM=3.6503411138255615e-07
นโยบาย	O=0.9999996423721313|NORM=3.7171869848862116e-07
ของ	O=0.9999997615814209|NORM=2.4426850586678484e-07
พรรค	O=0.9999994039535522|NORM=5.543045062950114e-07
คือ	O=0.9999996423721313|NORM=3.4598005527186615e-07
_	O=0.9999996423721313|NORM=3.1827246971261047e-07
สิ่ง	O=0.9999997615814209|NORM=2.633192366374715e-07
ที่	O=0.9999997615814209|NORM=1.9763025704833126e-07
เรา	O=0.9999997615814209|NORM=2.065768001102697e-07
คิด	O=0.9999997615814209|NORM=2.874974143196596e-07
ใน	O=0.9999997615814209|NORM=2.1690227924864303e-07
ใจ	O=0.9999997615814209|NORM=2.484364927113347e-07
มา	O=0.9999997615814209|NORM=2.2622707263053599e-07
ตลอด	O=0.9999997615814209|NORM=2.066045823312379e-07
_	O=0.9999996423721313|NORM=2.957140452508611e-07
5	O=0.9999997615814209|NORM=2.5144601067950134e-07
_	O=0.9999996423721313|NORM=3.185135710737086e-07
ปี	O=0.9999997615814209|NORM=2.1969127317333914e-07
_	O=0.9999996423721313|NORM=3.3081309425142535e-07
#อนาคตใหม่	O=0.9999996423721313|NORM=3.5318259961059084e-07

ขอบคุณ	O=0.9999996423721313|NORM=3.1462718652619515e-07
โครงการ	O=0.9999995231628418|NORM=4.7375124268000945e-07
ดีๆ	NORM=0.9998966455459595|O=0.00010319012653781101
_	O=0.9999997615814209|NORM=2.4456477376588737e-07
#SingtoBD2019xปลูกป่า	O=0.9999995231628418|NORM=4.4024758949490206e-07
_	O=0.9999996423721313|NORM=3.141912259252422e-07
ขอบคุณ	O=0.9999997615814209|NORM=1.8366733911534538e-07
_	O=0.9999997615814209|NORM=2.27193297064332e-07
#สมุนจ้าวป่า	O=0.9999996423721313|NORM=3.307872304958437e-07
_	O=0.9999996423721313|NORM=3.06730385091214e-07
ทุก	O=0.9999997615814209|NORM=2.1590504672985844e-07
คน	O=0.9999996423721313|NORM=3.8065425655986473e-07
ที่	O=0.9999997615814209|NORM=1.982647432896556e-07
ร่วมแรงร่วมใจ	O=0.9999994039535522|NORM=6.322151762105932e-07
ทุก	O=0.9999997615814209|NORM=2.9347691565817513e-07
คน	O=0.9999994039535522|NORM=5.83929477215861e-07
น่ารัก	O=0.9999897480010986|NORM=1.0207727427768987e-05
มากมาย	O=0.9999891519546509|NORM=1.0875827683776151e-05
ขอบคุณ	O=0.9999994039535522|NORM=5.527072062250227e-07
จริงๆ	NORM=0.9998881816864014|O=0.00011098001414211467
_	O=0.9999997615814209|NORM=2.6792440621647984e-07
เรา	O=0.9999997615814209|NORM=2.1207807776590926e-07
ไม่	O=0.9999995231628418|NORM=4.0513822341381456e-07
ได้	O=0.9999997615814209|NORM=2.8897849801978737e-07
ไป	O=0.9999996423721313|NORM=3.0883788326718786e-07
ร่วม	O=0.9999996423721313|NORM=2.996804084887117e-07
แต่	O=0.9999996423721313|NORM=3.2279220363307104e-07
รับรู้	O=0.9999996423721313|NORM=3.776001449296018e-07
ถึง	O=0.9999997615814209|NORM=2.780860484108416e-07
ความรู้สึก	O=0.9999995231628418|NORM=5.267440883471863e-07
_	O=0.9999996423721313|NORM=3.683921647734678e-07
ความรัก	O=0.9999995231628418|NORM=4.221349172439659e-07
ที่	O=0.9999997615814209|NORM=1.9255203653756325e-07
มี	O=0.9999996423721313|NORM=3.667022951958643e-07
ให้	O=0.9999996423721313|NORM=3.4250700764459907e-07
กัน	O=0.9999996423721313|NORM=3.032120901025337e-07
_	O=0.9999996423721313|NORM=3.388774985069176e-07
ซาบซึ้ง	O=0.9999887943267822|NORM=1.1212416211492382e-05
มากๆ	NORM=0.9998199343681335|O=0.00017665591440163553
_	O=0.9999996423721313|NORM=3.143809408356901e-07
ทุก	O=0.9999997615814209|NORM=2.0657778065924504e-07
คน	O=0.9999996423721313|NORM=4.0374740706283774e-07
มี	O=0.9999997615814209|NORM=1.7305463018146838e-07
จุดศูนย์รวม	O=0.9999992847442627|NORM=7.334152201110555e-07
เดียว	O=0.9999980926513672|NORM=1.9574695215851534e-06
กัน	O=0.9999995231628418|NORM=4.1479918877485034e-07
_	O=0.9999996423721313|NORM=3.249911912917014e-07
พวก	O=0.9999983310699463|NORM=1.6819096799736144e-06
เรา	O=0.9999991655349731|NORM=8.485974944960617e-07
รัก	O=0.9999995231628418|NORM=5.32151204879483e-07
เขา	O=0.9999997615814209|NORM=2.1130122718204802e-07
_	O=0.9999997615814209|NORM=2.401679637387133e-07
#SingtoPrachaya	O=0.9999996423721313|NORM=3.152885881263501e-07
_	O=0.9999997615814209|NORM=2.3192231424218335e-07
ขอให้	O=0.9999997615814209|NORM=1.9424665254064166e-07
ผล	O=0.9999997615814209|NORM=2.1237741520963027e-07
บุญ	O=0.9999995231628418|NORM=4.169221767824638e-07
ใน	O=0.9999997615814209|NORM=2.1349880796606158e-07
การทำ	O=0.9999996423721313|NORM=3.039399416593369e-07
ดี	O=0.9999996423721313|NORM=3.4439725027368695e-07
ใน	O=0.9999997615814209|NORM=2.45241409402297e-07
ครั้ง	O=0.9999997615814209|NORM=2.614926586375077e-07
นี้	O=0.9999997615814209|NORM=2.4016634370127576e-07
ตอบแทน	O=0.9999992847442627|NORM=6.623466219934926e-07
ทุก	O=0.9999997615814209|NORM=2.6256643081978837e-07
คน	O=0.9999995231628418|NORM=5.007400432077702e-07
นะ	O=0.9999996423721313|NORM=4.0549156210545334e-07
คะ	O=0.9999990463256836|NORM=9.165407277578197e-07

ตอนแรก	O=0.9999996423721313|NORM=3.1948889045452233e-07
เข้า	O=0.9999990463256836|NORM=9.177827564599284e-07
ใจ	O=0.9999994039535522|NORM=5.678046477441967e-07
ว่า	O=0.9999997615814209|NORM=2.6582165446598083e-07
เป็น	O=0.9999996423721313|NORM=3.5319439462000446e-07
นิยาย	O=0.9999990463256836|NORM=9.2396703621489e-07
แปล	O=0.9999996423721313|NORM=3.682081057831965e-07
เพราะ	O=0.9999995231628418|NORM=4.966589699506585e-07
ปก	O=0.9999995231628418|NORM=4.836081757275679e-07
_	O=0.9999995231628418|NORM=4.22384601961312e-07
แต่	O=0.9999996423721313|NORM=3.0791710514677106e-07
อ่านๆ	O=0.9862659573554993|NORM=0.013734057545661926
ไป	O=0.9999995231628418|NORM=4.7122250634856755e-07
ก็	O=0.9999997615814209|NORM=2.191415831021004e-07
มี	O=0.9999997615814209|NORM=2.7353829068488267e-07
อรรถรส	O=0.999659538269043|NORM=0.00034048969973810017
นิยาย	O=0.9999991655349731|NORM=8.232162826971035e-07
แปล	O=0.9999997615814209|NORM=2.2502125318624167e-07
อยู่	O=0.9999997615814209|NORM=2.2182140924087435e-07
ดี	O=0.9999994039535522|NORM=6.170607207423018e-07
_	O=0.9999997615814209|NORM=2.680941406651982e-07
ภาษา	O=0.9999996423721313|NORM=3.2973304087136057e-07
ดี	O=0.9999996423721313|NORM=3.6662083857663674e-07
มาก	O=0.9999996423721313|NORM=3.4776039115058666e-07
_	O=0.9999996423721313|NORM=3.010091518262925e-07
แล้ว	O=0.9999997615814209|NORM=2.864249211143033e-07
ก็	O=0.9999997615814209|NORM=2.567205115155957e-07
สนุก	O=0.9999995231628418|NORM=4.403941318287252e-07
มาก	O=0.9999995231628418|NORM=4.84881866213982e-07
ด้วย	O=0.9999997615814209|NORM=2.532328551296814e-07
_	O=0.9999996423721313|NORM=3.506484063109383e-07
เป็น	O=0.9999997615814209|NORM=2.4107504259518464e-07
แฟนตาซี	O=0.999297022819519|NORM=0.0007029882981441915
ที่	O=0.9999997615814209|NORM=2.825181013577094e-07
พล็อต	O=0.9999949932098389|NORM=4.993602942704456e-06
ไม่	O=0.9999996423721313|NORM=2.8938438845216297e-07
เกลื่อนกลาด	O=0.999967098236084|NORM=3.293505869805813e-05
_	O=0.9999996423721313|NORM=3.6696923189083464e-07
เกี่ยวกับ	O=0.9999991655349731|NORM=8.104952939902432e-07
ดีแลน	O=0.9833741188049316|NORM=0.016625888645648956
ที่	O=0.9999997615814209|NORM=2.3946833493937447e-07
เกิด	O=0.9999997615814209|NORM=2.48323260620964e-07
มา	O=0.9999997615814209|NORM=2.3188604814095015e-07
พร้อม	O=0.9999996423721313|NORM=3.2389863235948724e-07
พลัง	O=0.9999995231628418|NORM=5.088307375444856e-07
ซวย	O=0.9999995231628418|NORM=4.662076094064105e-07
_	O=0.9999995231628418|NORM=4.0576500737188326e-07
(	O=0.9999995231628418|NORM=4.205473373986024e-07
ซวย	O=0.9999991655349731|NORM=7.770588013045199e-07
แค่	O=0.9999997615814209|NORM=2.560507823545777e-07
ไหน	O=0.9999969005584717|NORM=3.139419050057768e-06
คิด	O=0.9999997615814209|NORM=2.087676165274388e-07
ดู	O=0.9999997615814209|NORM=2.0025547087243467e-07
อยู่	O=0.9999997615814209|NORM=1.9192448519333993e-07
บ้าน	O=0.9999995231628418|NORM=4.733014691282733e-07
ตัวเอง	O=0.9999996423721313|NORM=3.106270298758318e-07
ไม่	O=0.9999997615814209|NORM=2.4631771111671696e-07
ได้	O=0.9999997615814209|NORM=2.6985918566424516e-07
)	O=0.9999991655349731|NORM=8.107178928185022e-07
_	O=0.9999996423721313|NORM=3.669779857773392e-07
แล้ว	O=0.9999997615814209|NORM=1.783692624712785e-07
วัน	O=0.9999997615814209|NORM=2.6991403956344584e-07
นึง	NORM=0.9985608458518982|O=0.001439220504835248
พลัง	O=0.9999988079071045|NORM=1.1995989552815445e-06
ซวย	O=0.9999994039535522|NORM=5.750464424636448e-07
เนี่ย	O=0.9880763292312622|NORM=0.011923653073608875
ก็	O=0.9999997615814209|NORM=2.147767901305997e-07
ทำ	O=0.9999997615814209|NORM=1.7668135399162566e-07
ให้	O=0.9999997615814209|NORM=2.3490648004553805e-07
ตก	O=0.9999997615814209|NORM=2.4030933332142013e-07
เป็น	O=0.9999997615814209|NORM=2.8585813538484217e-07
ผู้	O=0.9999939203262329|NORM=6.072587893868331e-06
ต้อง	O=0.9999996423721313|NORM=3.8127441825963615e-07
สงสัย	O=0.9999994039535522|NORM=5.417817874331377e-07
ใน	O=0.9999996423721313|NORM=3.518418907333398e-07
การวางเพลิง	O=0.9999991655349731|NORM=8.23021650830924e-07
_	O=0.9999995231628418|NORM=4.0157922853722994e-07
เลย	O=0.9999997615814209|NORM=1.9730541112039646e-07
ต้อง	O=0.9999997615814209|NORM=2.1839342423390917e-07
สืบ	O=0.9999995231628418|NORM=4.932819592795568e-07
คดี	O=0.9999996423721313|NORM=3.551683391833649e-07

แล้ว	O=0.9999997615814209|NORM=2.331508852648767e-07
อันนี้	O=0.9999904632568359|NORM=9.523587323201355e-06
แบบ	O=0.9999995231628418|NORM=5.268651648293599e-07
_	O=0.9999994039535522|NORM=5.135125888955372e-07
TTTTTTT	O=0.9997103810310364|NORM=0.0002894048811867833
_	O=0.9999994039535522|NORM=5.719350042454607e-07
ตอน	O=0.9999997615814209|NORM=1.9134022011257912e-07
อิ	NORM=0.6604888439178467|O=0.3395111560821533
ธานอส	O=0.9999382495880127|NORM=6.147446401882917e-05
ก็	O=0.9999997615814209|NORM=2.3032717422211135e-07
คิด	O=0.9999997615814209|NORM=2.608154829886189e-07
ว่า	O=0.9999996423721313|NORM=3.274211337611632e-07
_	O=0.9999996423721313|NORM=3.186934236509842e-07
อิเวน	O=0.99930739402771|NORM=0.0006924914196133614
_	O=0.9999996423721313|NORM=3.2412606287834933e-07
โดด	O=0.9999984502792358|NORM=1.5789371445862344e-06
เอง	O=0.9999994039535522|NORM=6.240182983674458e-07
แน่	O=0.9999996423721313|NORM=3.192726296674664e-07
_	O=0.9999996423721313|NORM=3.027740262950829e-07
ฟีล	O=0.9999903440475464|NORM=9.692907042335719e-06
โวลเดอร์มอ	NORM=0.9999537467956543|O=4.6251476305769756e-05
รัก	O=0.9999979734420776|NORM=2.0335212411737302e-06
ใคร	O=0.9999997615814209|NORM=2.0196857519749756e-07
ไม่	O=0.9999997615814209|NORM=1.8629297926509025e-07
ได้	O=0.9999997615814209|NORM=1.9856787503158557e-07
หรอก	O=0.9999995231628418|NORM=5.13476322794304e-07
_	O=0.9999996423721313|NORM=3.3183559366989357e-07
สรุป	O=0.9999996423721313|NORM=3.2483782774761494e-07
_	O=0.9999996423721313|NORM=3.141795446026663e-07
ผลัก	O=0.9999992847442627|NORM=6.694859848721535e-07
ลูก	O=0.999998927116394|NORM=1.0895570312641212e-06
_	O=0.9999996423721313|NORM=3.5596860925579676e-07
อิเว๊น	O=0.9962965846061707|NORM=0.0037029527593404055
_	O=0.9999996423721313|NORM=3.4059337394864997e-07
TTTT	O=0.9999986886978149|NORM=1.295975152970641e-06
_	O=0.9999995231628418|NORM=4.40826909198222e-07
แล้ว	O=0.9999997615814209|NORM=1.820334034619009e-07
พอ	O=0.9999997615814209|NORM=1.857512046399279e-07
มา	O=0.9999997615814209|NORM=2.3156430017934326e-07
เอนเกม	O=0.9999899864196777|NORM=9.978288289858028e-06
_	O=0.9999994039535522|NORM=5.187388865124376e-07
คือ	O=0.9999996423721313|NORM=3.2616702583254664e-07
แบบบบบบบบบบบบบบ	NORM=0.9974220991134644|O=0.0025774280074983835
_	O=0.9999985694885254|NORM=1.4488896340481006e-06
ทำไม	O=0.9999997615814209|NORM=2.1508731151698157e-07
ไม่	O=0.9999997615814209|NORM=2.089353188239329e-07
มี	O=0.9999997615814209|NORM=2.301203352317316e-07
ทางเลือก	O=0.9999996423721313|NORM=3.013952323271951e-07
แบบ	O=0.9999995231628418|NORM=4.556329713523155e-07
_	O=0.9999994039535522|NORM=5.22525226642756e-07
pan	O=0.9999997615814209|NORM=2.8274504870751116e-07
labyrinth	O=0.999998927116394|NORM=1.0646565442584688e-06
_	O=0.9999992847442627|NORM=7.328055744437734e-07
บ้าง	O=0.9999996423721313|NORM=3.0567676390091947e-07
_	O=0.9999996423721313|NORM=3.5350979032955365e-07
ใช้	O=0.9999997615814209|NORM=1.9966925890457787e-07
เลือด	O=0.9999995231628418|NORM=4.5015721639174444e-07
ตัวเอง	O=0.9999997615814209|NORM=2.0850021087426285e-07
ไป	O=0.9999996423721313|NORM=3.5653732766149915e-07
เลย	O=0.9999997615814209|NORM=2.7999141138934647e-07
_	O=0.9999995231628418|NORM=4.066327505825029e-07
อุแงงง	NORM=0.9999402761459351|O=5.9744583268184215e-05
_	O=0.9999994039535522|NORM=5.822278694722627e-07
(	O=0.9999990463256836|NORM=9.429313649889082e-07
แต่	O=0.9999997615814209|NORM=2.2089444939865643e-07
ก็	O=0.9999997615814209|NORM=2.2033144375654956e-07
คน	O=0.9999992847442627|NORM=7.319380870285386e-07
ละ	O=0.999984860420227|NORM=1.5100103155418765e-05
เงื่อนไข	O=0.9999996423721313|NORM=3.9070565094334597e-07
_	O=0.9999992847442627|NORM=6.669000640613376e-07
หิน	O=0.999365508556366|NORM=0.0006344739231280982
แลก	O=0.999998927116394|NORM=1.0185614200963755e-06
คนที่รัก	O=0.9999850988388062|NORM=1.485547090851469e-05
_	O=0.9999969005584717|NORM=3.0431747291004285e-06
กลับบ้าน	O=0.9999990463256836|NORM=9.389211754751159e-07
แลก	O=0.9999986886978149|NORM=1.3193499626140692e-06
ด้วย	O=0.9999992847442627|NORM=7.086728714966739e-07
เลือด	O=0.9999984502792358|NORM=1.5673194866394624e-06
ผู้บริสุทธิ์	O=0.9999973773956299|NORM=2.654406443980406e-06
)	O=0.9999918937683105|NORM=8.032006007852033e-06

มี	O=0.9999997615814209|NORM=2.3179715924470656e-07
สติกเกอร์	O=0.9999910593032837|NORM=8.960052582551725e-06
_	O=0.9999995231628418|NORM=3.90529010019236e-07
ใช้	O=0.9999998807907104|NORM=1.6304305461289914e-07
กัน	O=0.9999997615814209|NORM=1.8799705969740899e-07
ยังงงงง	NORM=0.9999487400054932|O=5.128303018864244e-05
_	O=0.9999997615814209|NORM=2.65228607077006e-07
ถ้า	O=0.9999998807907104|NORM=1.5581761658722826e-07
ยัง	O=0.9999998807907104|NORM=1.5577630563257117e-07
ไม่	O=0.9999997615814209|NORM=1.787444006140504e-07
มี	O=0.9999997615814209|NORM=1.802791587124375e-07
หรือ	O=0.9999978542327881|NORM=2.0931036033289274e-06
มี	O=0.9999997615814209|NORM=1.7881926339669008e-07
แล้วแต่	O=0.9999914169311523|NORM=8.63785589899635e-06
อยาก	O=0.9999997615814209|NORM=2.0816602841478016e-07
ซื้อ	O=0.9999998807907104|NORM=1.7037820043697138e-07
อีก	O=0.9999997615814209|NORM=1.7668706675522117e-07
ก็	O=0.9999998807907104|NORM=1.638086075672618e-07
มา	O=0.9999997615814209|NORM=2.0010999435271515e-07
ซื้อ	O=0.9999998807907104|NORM=1.5758955385081208e-07
ร้าน	O=0.9999997615814209|NORM=2.3368579604721162e-07
น้อง	O=0.9999997615814209|NORM=2.2933930665658409e-07
ไข่	O=0.9999997615814209|NORM=2.4542879373257165e-07
ได้	O=0.9999997615814209|NORM=1.8571276427792327e-07
น้า	O=0.9976115226745605|NORM=0.0023884724359959364
_	O=0.9999997615814209|NORM=2.2778709762860672e-07
จะ	O=0.9999998807907104|NORM=1.5347650617059116e-07
ส่ง	O=0.9999997615814209|NORM=1.8940957602353592e-07
ให้	O=0.9999998807907104|NORM=1.6721349993531476e-07
_	O=0.9999996423721313|NORM=2.938907925909007e-07
เพื่อน	O=0.9999997615814209|NORM=2.9426553282974055e-07
_	O=0.9999997615814209|NORM=2.562445047260553e-07
ให้	O=0.9999997615814209|NORM=1.8010096880516357e-07
แฟนน	NORM=0.999825656414032|O=0.000174364831764251
_	O=0.9999996423721313|NORM=3.2663143656463944e-07
ก็	O=0.9999998807907104|NORM=1.6284383264064672e-07
ได้	O=0.9999998807907104|NORM=1.696382270210961e-07
หมด	O=0.9999997615814209|NORM=2.2245632180784014e-07
เลย	O=0.9999997615814209|NORM=2.209886389437088e-07
งั๊บบ	NORM=0.9999420642852783|O=5.795228207716718e-05
_	O=0.9999996423721313|NORM=2.988279561577656e-07
ราคา	O=0.9999997615814209|NORM=1.8738256812866894e-07
น่ารัก	O=0.9999996423721313|NORM=3.013440732502204e-07
มาก	O=0.9999997615814209|NORM=2.2253333042954182e-07
เลย	O=0.9999996423721313|NORM=3.7730964663751365e-07
นะ	O=0.9999995231628418|NORM=4.234651385104371e-07
_	O=0.9999996423721313|NORM=2.9689689995393564e-07
#สติ๊กเกอร์ไลน์	O=0.9999943971633911|NORM=5.609264007944148e-06
_	O=0.9999996423721313|NORM=3.70468711707872e-07
#สติ๊กเกอร์ไลน์ราคาถูก	O=0.9999983310699463|NORM=1.660168436501408e-06
_	O=0.9999995231628418|NORM=4.1039851339519373e-07
#ธีมไลน์	O=0.9999974966049194|NORM=2.538041826483095e-06
_	O=0.9999995231628418|NORM=4.838429958908819e-07
#ธีมไลน์ราคาถูก	O=0.999998927116394|NORM=1.002885937850806e-06
_	O=0.9999996423721313|NORM=3.564435075986694e-07
#รีวิวเซเว่น	O=0.9999984502792358|NORM=1.5337540162363439e-06
_	O=0.9999996423721313|NORM=3.516181834584131e-07
#ของมันต้องมี	O=0.9999996423721313|NORM=3.829649415365566e-07
_	O=0.9999996423721313|NORM=2.9709684667977854e-07
#ถูกบอกต่อ	O=0.9999997615814209|NORM=2.879534406474704e-07
_	O=0.9999996423721313|NORM=3.7116041085027973e-07
#ถูกและดี	O=0.9999996423721313|NORM=3.836437940663018e-07
_	O=0.9999995231628418|NORM=4.05989510454674e-07
#วอล	O=0.9997314810752869|NORM=0.0002684567298274487
_	O=0.9999996423721313|NORM=3.7766713489872927e-07
#ของมันต้องมี	O=0.9999995231628418|NORM=4.290087929348374e-07

พอ	O=0.9999996423721313|NORM=3.2533105809307017e-07
มี	O=0.9999991655349731|NORM=7.733327720416128e-07
ดราม่า	O=0.9997128844261169|NORM=0.00028711429331451654
เรื่อง	O=0.9999996423721313|NORM=2.958663571916986e-07
อื่น	O=0.9999996423721313|NORM=3.805555195413035e-07
ที่	O=0.9999995231628418|NORM=4.240482667228207e-07
ไม่	O=0.9999994039535522|NORM=6.260634677346388e-07
เกี่ยว	O=0.9999961853027344|NORM=3.82516736863181e-06
กับ	O=0.9999991655349731|NORM=8.636781672066718e-07
คน	O=0.9999996423721313|NORM=3.3011124855875096e-07
กลุ่ม	O=0.9999997615814209|NORM=2.7166154836777423e-07
นั้น	O=0.9999996423721313|NORM=3.520866016515356e-07
เท่านั้น	O=0.9999986886978149|NORM=1.353037873741414e-06
แหละ	O=0.9999986886978149|NORM=1.329971610175562e-06
_	O=0.9999996423721313|NORM=3.165204702781921e-07
นาง	O=0.9999996423721313|NORM=3.3105200714089733e-07
ทำ	O=0.9999997615814209|NORM=2.004905184094241e-07
เป็น	O=0.9999996423721313|NORM=3.9569249565829523e-07
เงียบ	O=0.9999996423721313|NORM=3.9795250472707266e-07
จ้า	O=0.9156630635261536|NORM=0.08433693647384644
_	O=0.9999995231628418|NORM=4.284249257580086e-07
บอก	O=0.9999997615814209|NORM=2.5045878260243626e-07
ไม่	O=0.9999997615814209|NORM=2.2514640818371845e-07
ยุ่ง	O=0.9999854564666748|NORM=1.4596974324376788e-05
เรื่อง	O=0.9999994039535522|NORM=5.563588842960598e-07
ดราม่า	O=0.9997784495353699|NORM=0.00022160669323056936
_	O=0.9999996423721313|NORM=2.99818509574834e-07
บอก	O=0.9999996423721313|NORM=3.109933857103897e-07
ว่า	O=0.9999997615814209|NORM=2.5459686980866536e-07
รัก	O=0.9999992847442627|NORM=6.550772013724782e-07
สงบ	O=0.9999994039535522|NORM=5.516103556146845e-07
_	O=0.9999996423721313|NORM=3.3003382782226254e-07
ไม่	O=0.9999997615814209|NORM=2.1673892547369178e-07
ต้อง	O=0.9999997615814209|NORM=2.3267021731498971e-07
ลาก	O=0.9999996423721313|NORM=3.3106621799561253e-07
เข้า	O=0.9999997615814209|NORM=2.511814329864137e-07
มา	O=0.9999997615814209|NORM=2.8311578148532135e-07
ใน	O=0.9999996423721313|NORM=3.1179223469735007e-07
ไลน์	O=0.9999995231628418|NORM=4.977500225322729e-07
โอ๊ย	O=0.9982898831367493|NORM=0.001710053300485015
โคตร	O=0.999998927116394|NORM=1.0146484328288352e-06
กลับกลอก	O=0.9999971389770508|NORM=2.9171469577704556e-06
อ่ะ	NORM=0.7426095604896545|O=0.25739040970802307
_	O=0.9999995231628418|NORM=4.474419483813108e-07
อย่า	O=0.9999997615814209|NORM=2.0088323537947872e-07
เสแสร้ง	O=0.9999327659606934|NORM=6.718917575199157e-05
แกล้ง	O=0.9999940395355225|NORM=5.971608970867237e-06
ทำ	O=0.9999997615814209|NORM=2.3109173241664394e-07
เป็น	O=0.9999996423721313|NORM=3.294885004834214e-07
คนดี	O=0.9999992847442627|NORM=6.643305141551537e-07
เลย	O=0.9999996423721313|NORM=3.2784453196654795e-07
_	O=0.9999995231628418|NORM=4.032290235045366e-07
ไป	O=0.9999997615814209|NORM=2.926144588855095e-07
เหน็บ	O=0.9999405145645142|NORM=5.951859930064529e-05
เค้า	NORM=0.999573290348053|O=0.00042667289380915463
ก่อน	O=0.9999996423721313|NORM=3.45718149219465e-07
_	O=0.9999994039535522|NORM=5.139966674505558e-07
พอ	O=0.9999997615814209|NORM=2.2321624726373557e-07
เค้า	NORM=0.9996856451034546|O=0.0003143891226500273
โต้	O=0.9999996423721313|NORM=3.630988203440211e-07
กลับ	O=0.9999997615814209|NORM=2.3799074710950663e-07
วิ่งแจ้น	O=0.8155031800270081|NORM=0.1844968944787979
เข้า	O=0.9999997615814209|NORM=2.3029444662370224e-07
ไลน์	O=0.9999961853027344|NORM=3.7795750813529594e-06
หา	O=0.9999997615814209|NORM=2.597961668016069e-07
พรรคพวก	O=0.999998927116394|NORM=1.0580772595858434e-06
_	O=0.9999996423721313|NORM=3.6505952039078693e-07
ตาม	O=0.9999997615814209|NORM=2.714170932449633e-07
ส่อง	O=0.9999967813491821|NORM=3.2270036172121763e-06
อยู่	O=0.9999997615814209|NORM=2.779731005375652e-07
ตลอด	O=0.9999996423721313|NORM=3.583016336961009e-07
จุดยืน	O=0.9999995231628418|NORM=4.834845981349645e-07
นาง	O=0.9999994039535522|NORM=5.961248348285153e-07
นี่	O=0.9999983310699463|NORM=1.6093418935270165e-06
สับสน	O=0.9999978542327881|NORM=2.114297558364342e-06
ชิบหาย	O=0.9953296184539795|NORM=0.004670357331633568

การ์ตูน	O=0.9999995231628418|NORM=4.200394698727905e-07
_	O=0.9999996423721313|NORM=3.526616012550221e-07
beginner	O=0.9999995231628418|NORM=4.355897829100286e-07
_	O=0.9999997615814209|NORM=2.1309806186309288e-07
รางวัล	O=0.9999997615814209|NORM=2.142945447758393e-07
_	O=0.9999995231628418|NORM=3.7897208926551684e-07
กับ	O=0.9999996423721313|NORM=2.968810406400735e-07
_	O=0.9999997615814209|NORM=2.653166575328214e-07
เรื่อง	O=0.9999998807907104|NORM=1.6706047745174146e-07
ให้	O=0.9999998807907104|NORM=1.5206474301976414e-07
ลิขสิทธิ์	O=0.9999995231628418|NORM=4.2105659758817637e-07
ทุก	O=0.9999997615814209|NORM=2.2735194704637252e-07
งาน	O=0.9999997615814209|NORM=2.2158882018175063e-07
เป็น	O=0.9999997615814209|NORM=2.0282210755340202e-07
ของ	O=0.9999997615814209|NORM=2.310057993781811e-07
อฟซ.	NORM=0.9340919256210327|O=0.06590797007083893
นี่	O=0.9999994039535522|NORM=5.62969717066153e-07
ไม่	O=0.9999997615814209|NORM=2.788027586575481e-07
โอเค	O=0.9999972581863403|NORM=2.777902182060643e-06
เลย	O=0.9999995231628418|NORM=4.6900458983145654e-07
_	O=0.9999997615814209|NORM=2.5846861717582215e-07
เอาเปรียบ	O=0.9999997615814209|NORM=2.2515304465287045e-07
เกิน	O=0.9999997615814209|NORM=2.1766712166026991e-07
ไป	O=0.9999994039535522|NORM=5.559907663155172e-07
_	O=0.9999995231628418|NORM=4.0393146605310903e-07
ที่	O=0.9999997615814209|NORM=2.1166407293549128e-07
ควร	O=0.9999996423721313|NORM=3.444787068929145e-07
เป็น	O=0.9999997615814209|NORM=2.0394961097736086e-07
คือ	O=0.9999997615814209|NORM=2.2422200629534927e-07
คน	O=0.9999997615814209|NORM=2.558996641255362e-07
ไหน	O=0.9999995231628418|NORM=4.4352023564897536e-07
ไม่	O=0.9999997615814209|NORM=2.174515429942403e-07
ได้	O=0.9999997615814209|NORM=1.947346532915617e-07
รางวัล	O=0.9999997615814209|NORM=2.0835352643189253e-07
ก็	O=0.9999997615814209|NORM=2.066098971909014e-07
ไม่	O=0.9999997615814209|NORM=1.8893221920279757e-07
เอา	O=0.9999997615814209|NORM=1.7350724590414757e-07
มา	O=0.9999997615814209|NORM=2.5505397616143455e-07
เป็น	O=0.9999996423721313|NORM=2.884726200136356e-07
ลิขสิทธิ์	O=0.999998927116394|NORM=1.1009474292222876e-06
ของ	O=0.9999997615814209|NORM=2.3391859826915606e-07
อฟซ.	NORM=0.6981012225151062|O=0.30189788341522217
_	O=0.9999996423721313|NORM=2.869596471555269e-07
คน	O=0.9999996423721313|NORM=2.9620684927067487e-07
ได้	O=0.9999997615814209|NORM=2.428013772259874e-07
รางวัล	O=0.9999997615814209|NORM=1.8204868013071973e-07
ก็	O=0.9999997615814209|NORM=2.0128595679125283e-07
ระบุ	O=0.9999997615814209|NORM=1.9329146994095936e-07
ขอบเขต	O=0.999998927116394|NORM=1.0528974598855712e-06
การขอ	O=0.9999994039535522|NORM=6.316673193396127e-07
อนุญาต	O=0.9999996423721313|NORM=3.370480783360108e-07
เอา	O=0.9999997615814209|NORM=1.8043810712242703e-07
ไป	O=0.9999995231628418|NORM=4.3856383058482606e-07
ใช้	O=0.9999997615814209|NORM=2.5012795390466636e-07
งาน	O=0.9999997615814209|NORM=2.0894866281651048e-07
ให้	O=0.9999997615814209|NORM=2.1945611194951198e-07
ชัดเจน	O=0.9999997615814209|NORM=2.470342792548763e-07
_	O=0.9999996423721313|NORM=2.8590605438694183e-07
ใช้	O=0.9999998807907104|NORM=1.62823809546353e-07
อะไร	O=0.9999996423721313|NORM=3.2323887921847927e-07
นาน	O=0.9999997615814209|NORM=2.527457354517537e-07
เท่าไหร่	NORM=0.9942362904548645|O=0.005763737950474024
_	O=0.9999996423721313|NORM=2.960187828193739e-07
ถ้า	O=0.9999997615814209|NORM=1.7018784603806125e-07
มี	O=0.9999997615814209|NORM=1.741642563501955e-07
รายได้	O=0.9999997615814209|NORM=2.2079545658471034e-07
มี	O=0.9999998807907104|NORM=1.4188410091264814e-07
ส่วน	O=0.9999997615814209|NORM=1.938284555080827e-07
แบ่ง	O=0.9999997615814209|NORM=1.9821331420644128e-07
มั้ย	NORM=0.997654378414154|O=0.002345446962863207
_	O=0.9999995231628418|NORM=5.045331477049331e-07
แบบ	O=0.9999997615814209|NORM=2.505698830645997e-07
นี้	O=0.9999996423721313|NORM=4.135384870096459e-07
แฟร์	O=0.999995231628418|NORM=4.778117727255449e-06
กว่า	O=0.9999994039535522|NORM=5.593786340796214e-07
เยอะ	O=0.9999995231628418|NORM=4.959877628607501e-07
_	O=0.9999996423721313|NORM=2.8735564683302073e-07
#BNK48	O=0.9999996423721313|NORM=3.689663117256714e-07

#oummymemories	O=0.9999990463256836|NORM=9.493956554251781e-07
_	O=0.9999992847442627|NORM=5.824288678013545e-07
สิ่ง	O=0.9999992847442627|NORM=6.752376293661655e-07
ที่	O=0.9999997615814209|NORM=2.7632856358650315e-07
อยาก	O=0.9999996423721313|NORM=3.881797567828471e-07
ขอบคุณ	O=0.9999996423721313|NORM=3.749565280486422e-07
มาก	O=0.9999994039535522|NORM=5.553252435674949e-07
ที่สุด	O=0.9999995231628418|NORM=5.096417794447916e-07
คือ	O=0.9999995231628418|NORM=4.77299863632652e-07
โซตัส	O=0.9999749660491943|NORM=2.4961229428299703e-05
_	O=0.9999990463256836|NORM=8.42456927330204e-07
และ	O=0.9999992847442627|NORM=6.800949563512404e-07
คริสสิง	O=0.9617785811424255|NORM=0.038221362978219986
_	O=0.9999994039535522|NORM=5.649149557029887e-07
ที่	O=0.9999997615814209|NORM=1.8222132780465472e-07
ทำให้	O=0.9999997615814209|NORM=2.7657057444230304e-07
เรา	O=0.9999997615814209|NORM=2.7277241088086157e-07
ได้	O=0.9999997615814209|NORM=2.0585584081800334e-07
มา	O=0.9999997615814209|NORM=2.599746267151204e-07
เจอ	O=0.9999994039535522|NORM=6.42957331820071e-07
กัน	O=0.9999996423721313|NORM=3.7276129205565667e-07
_	O=0.9999995231628418|NORM=4.314171349051321e-07
ไม่	O=0.9999997615814209|NORM=2.0018003965560638e-07
เคย	O=0.9999996423721313|NORM=3.3251254194510693e-07
คิด	O=0.9999997615814209|NORM=2.499827473911864e-07
ว่า	O=0.9999997615814209|NORM=2.8277793262532214e-07
ชีวิต	O=0.9999996423721313|NORM=3.5713352986022073e-07
ติ่ง	O=0.9999879598617554|NORM=1.2000991773675196e-05
ของ	O=0.9999996423721313|NORM=3.041313050289318e-07
ตัวเอง	O=0.9999997615814209|NORM=2.4490296368639974e-07
จะ	O=0.9999997615814209|NORM=2.1215696222043334e-07
มี	O=0.9999997615814209|NORM=2.114618951054581e-07
พี่น้อง	O=0.9999982118606567|NORM=1.82474695975543e-06
_	O=0.9999994039535522|NORM=5.60975990993029e-07
เพื่อน	O=0.9999994039535522|NORM=6.325106483018317e-07
แบบ	O=0.9999997615814209|NORM=2.9244819188534166e-07
นี้	O=0.9999995231628418|NORM=5.179895197215956e-07
เลย	O=0.9999996423721313|NORM=3.804292418863042e-07
_	O=0.9999995231628418|NORM=4.6677706677655806e-07
ไม่	O=0.9999997615814209|NORM=2.012809687812478e-07
คิด	O=0.9999997615814209|NORM=2.691315899028268e-07
ว่า	O=0.9999996423721313|NORM=2.940620902336377e-07
จะ	O=0.9999997615814209|NORM=2.1349104883938708e-07
มี	O=0.9999997615814209|NORM=2.097044671245385e-07
แก๊ง	O=0.9999984502792358|NORM=1.533005388409947e-06
อ่ะ	NORM=0.6756271123886108|O=0.32437291741371155
_	O=0.9999994039535522|NORM=5.890730108149e-07
ทุก	O=0.9999996423721313|NORM=3.773229479975271e-07
อย่าง	O=0.9999995231628418|NORM=5.143173780197685e-07
มัน	O=0.9999995231628418|NORM=4.3168836327822646e-07
คือ	O=0.9999995231628418|NORM=5.183374014450237e-07
ความทรงจำ	O=0.9999988079071045|NORM=1.1855102002300555e-06
จริง	O=0.9999995231628418|NORM=5.292391165312438e-07
_	O=0.9999992847442627|NORM=6.544658504026302e-07
มัน	O=0.9999996423721313|NORM=3.0872541856297175e-07
ไม่	O=0.9999997615814209|NORM=2.5263631187044666e-07
ใช่	O=0.9999992847442627|NORM=7.144790288293734e-07
แค่	O=0.9999996423721313|NORM=3.795424845520756e-07
โซตัส	O=0.999984622001648|NORM=1.5384448488475755e-05
ที่	O=0.9999997615814209|NORM=2.3754381572871353e-07
เป็น	O=0.9999996423721313|NORM=2.9506048804250895e-07
ความทรงจำ	O=0.9999991655349731|NORM=7.826575938452152e-07
_	O=0.9999992847442627|NORM=6.690124223496241e-07
แต่	O=0.9999997615814209|NORM=2.3685907990511623e-07
มัน	O=0.9999996423721313|NORM=3.4346442134847166e-07
คือ	O=0.9999996423721313|NORM=3.1921294407766254e-07
มิตรภาพ	O=0.999998927116394|NORM=1.105439878301695e-06
ของ	O=0.9999996423721313|NORM=3.0482905799544824e-07
_	O=0.9999994039535522|NORM=5.652830168401124e-07
#สแว๊กแก๊ก	O=0.9999982118606567|NORM=1.7758899275577278e-06
_	O=0.9999995231628418|NORM=4.609928225818294e-07
ด้วย	O=0.9999997615814209|NORM=2.0081409957128926e-07
ที่	O=0.9999997615814209|NORM=2.2872792726502666e-07
สวยงาม	O=0.9999934434890747|NORM=6.5321341935487e-06
มาก	O=0.9999996423721313|NORM=4.13265240695182e-07
_	O=0.9999995231628418|NORM=4.0339133988709364e-07
รัก	O=0.9999995231628418|NORM=4.937168114338419e-07
อ่ะ	NORM=0.8581177592277527|O=0.14188224077224731

คือ	O=0.9999996423721313|NORM=3.035561064734793e-07
เรา	O=0.9999996423721313|NORM=3.1480638540415384e-07
ว่า	O=0.9999997615814209|NORM=2.390024462783913e-07
ตอน	O=0.9999997615814209|NORM=2.893516182211897e-07
ที่	O=0.9999997615814209|NORM=2.1403678829301498e-07
ค่าย	O=0.9999994039535522|NORM=5.951812909188448e-07
เอา	O=0.9999997615814209|NORM=1.9375691806544637e-07
คอม	O=0.9996755123138428|NORM=0.0003244871913921088
มา	O=0.9999997615814209|NORM=2.9346261953833164e-07
คืน	O=0.9999996423721313|NORM=2.975253039494419e-07
เติร์ด	O=0.99998939037323|NORM=1.0554756045166869e-05
_	O=0.9999996423721313|NORM=3.4446952668076847e-07
ค่าย	O=0.9999992847442627|NORM=6.927722324689967e-07
ต้อง	O=0.9999997615814209|NORM=2.0370644904232904e-07
เปิด	O=0.9999997615814209|NORM=1.9885213475845376e-07
ดู	O=0.9999997615814209|NORM=2.639145577632007e-07
คลิป	O=0.9999996423721313|NORM=2.99712127116436e-07
_	O=0.9999996423721313|NORM=3.4019410577457165e-07
โง่	O=0.9992234706878662|NORM=0.0007765594054944813
เซ่อ	O=0.9999527931213379|NORM=4.7205416194628924e-05
บ้า	O=0.9999935626983643|NORM=6.429637323890347e-06
เพราะ	O=0.9999996423721313|NORM=3.518429139148793e-07
รัก	O=0.9999990463256836|NORM=9.735964567880728e-07
ของ	O=0.9999996423721313|NORM=3.608477641137142e-07
เติร์ด	O=0.9999957084655762|NORM=4.231750608596485e-06
แน่	O=0.9999995231628418|NORM=4.604423224918719e-07
เลย	O=0.9999996423721313|NORM=3.6525003110909893e-07
_	O=0.9999996423721313|NORM=3.638448049514409e-07
พอ	O=0.9999996423721313|NORM=3.9843212107371073e-07
ตัวอย่าง	O=0.9999991655349731|NORM=8.048093604884343e-07
ตอน	O=0.9999996423721313|NORM=3.231864695862896e-07
ต่อ	O=0.9999997615814209|NORM=2.0333378358827758e-07
มา	O=0.9999997615814209|NORM=2.6204011760455614e-07
ค่าย	O=0.9999990463256836|NORM=9.223269898939179e-07
ก็	O=0.9999997615814209|NORM=2.697765921766404e-07
จะ	O=0.9999997615814209|NORM=2.428055267955642e-07
แกล้ง	O=0.9999926090240479|NORM=7.33639490135829e-06
เอา	O=0.9999997615814209|NORM=1.8964001924359764e-07
เพื่อน	O=0.9999996423721313|NORM=3.3836852253443794e-07
เก่า	O=0.9999996423721313|NORM=3.408968609619478e-07
มา	O=0.9999997615814209|NORM=2.8538144647427544e-07
เป็น	O=0.9999997615814209|NORM=2.243261718604117e-07
แฟน	O=0.9999996423721313|NORM=3.9187216316349804e-07
หลอกๆ	O=0.9478025436401367|NORM=0.0521974042057991
ให้	O=0.9999996423721313|NORM=2.9277211410771997e-07
เติร์ด	O=0.9999899864196777|NORM=9.961429896065965e-06
ตัดใจ	O=0.9999994039535522|NORM=5.446361797112331e-07
_	O=0.9999995231628418|NORM=4.750954474275204e-07
แต่	O=0.9999997615814209|NORM=2.564586623066134e-07
เติร์ด	O=0.9999886751174927|NORM=1.1285912478342652e-05
หาย	O=0.9999997615814209|NORM=2.549199962231796e-07
ไป	O=0.9999994039535522|NORM=5.339053927855275e-07
จาก	O=0.9999996423721313|NORM=2.9419871339086967e-07
ชีวิต	O=0.9999997615814209|NORM=2.3821827710435173e-07
ค่าย	O=0.999998927116394|NORM=1.0755270523077343e-06
เรื่อยๆ	NORM=0.9999822378158569|O=1.7469203157816082e-05
_	O=0.9999996423721313|NORM=3.8243720723585284e-07
ค่าย	O=0.9999994039535522|NORM=6.238308287720429e-07
เลย	O=0.9999997615814209|NORM=2.051213385811934e-07
กลับ	O=0.9999997615814209|NORM=2.445125346639543e-07
ไป	O=0.9999995231628418|NORM=4.3984093167637184e-07
ทบทวน	O=0.9999978542327881|NORM=2.1784933323942823e-06
ตัวเอง	O=0.9999997615814209|NORM=2.9038798743385996e-07
_	O=0.9999995231628418|NORM=4.6042384838074213e-07
แล้ว	O=0.9999996423721313|NORM=3.085817752435105e-07
ค่าย	O=0.9999986886978149|NORM=1.3298117664817255e-06
ก็	O=0.9999997615814209|NORM=2.6642771899787476e-07
รู้ตัว	O=0.9999988079071045|NORM=1.2171136631877744e-06
ว่า	O=0.9999996423721313|NORM=3.130301422515913e-07
ชอบ	O=0.9999995231628418|NORM=4.909110771222913e-07
เติร์ด	O=0.9999794960021973|NORM=2.044334905804135e-05
เลย	O=0.9999997615814209|NORM=2.597820696337294e-07
ตาม	O=0.9999996423721313|NORM=3.629039326824568e-07
จีบ	O=0.9998904466629028|NORM=0.00010958714119624346
_	O=0.9999978542327881|NORM=2.067602054012241e-06
!	O=0.9999977350234985|NORM=2.133751195287914e-06
_	O=0.9999988079071045|NORM=1.0951637250400381e-06
#	O=0.9999984502792358|NORM=1.4628290045948233e-06
ทฤษฎีจีบเธอ	O=0.9999983310699463|NORM=1.6932059452301473e-06
EP5	O=0.9999818801879883|NORM=1.807502303563524e-05

เรื่อง	O=0.9999997615814209|NORM=2.0997643446207803e-07
โพสต์	O=0.9999946355819702|NORM=5.362525371310767e-06
นั้น	O=0.9999984502792358|NORM=1.5066324294821243e-06
อะ	O=0.748324990272522|NORM=0.25167495012283325
_	O=0.9999990463256836|NORM=9.651137133914744e-07
ที่	O=0.9999996423721313|NORM=2.9688047220588487e-07
ไม่	O=0.9999996423721313|NORM=3.925061093923432e-07
ชอบ	O=0.9999996423721313|NORM=3.8635675991827156e-07
เรา	O=0.9999997615814209|NORM=2.217131083170898e-07
เข้าใจ	O=0.9999997615814209|NORM=2.7720062689695624e-07
นะ	O=0.9999973773956299|NORM=2.6486663955438416e-06
_	O=0.9999996423721313|NORM=3.048735379707068e-07
มัน	O=0.9999997615814209|NORM=2.621875978547905e-07
เป็น	O=0.9999997615814209|NORM=2.621125929636037e-07
เรื่อง	O=0.9999997615814209|NORM=2.406877399607765e-07
รสนิยม	O=0.999998927116394|NORM=1.0922829005721724e-06
_	O=0.9999996423721313|NORM=3.3378884722878865e-07
ชอบ	O=0.9999996423721313|NORM=3.025373587206559e-07
ไม่	O=0.9999996423721313|NORM=3.0658620175927354e-07
ชอบ	O=0.9999996423721313|NORM=3.0783135684941954e-07
ก็	O=0.9999997615814209|NORM=2.4485228777848533e-07
แล้ว	O=0.9999997615814209|NORM=2.5527569391670113e-07
แต่	O=0.9999995231628418|NORM=4.484056432829675e-07
_	O=0.9999996423721313|NORM=3.7133636965336336e-07
ส่วน	O=0.9999997615814209|NORM=2.8143060148977384e-07
ที่	O=0.9999997615814209|NORM=2.281234117162967e-07
มา	O=0.9999996423721313|NORM=3.4706994256339385e-07
ดูถูก	O=0.9999996423721313|NORM=3.93238622109493e-07
น้อง	O=0.9999996423721313|NORM=3.4716228469733323e-07
เรา	O=0.9999997615814209|NORM=2.449326359510451e-07
_	O=0.9999995231628418|NORM=4.2374750819362816e-07
ก็	O=0.9999997615814209|NORM=2.6487825266485743e-07
ไม่	O=0.9999997615814209|NORM=2.2233415108985355e-07
ได้	O=0.9999997615814209|NORM=2.5283682703047816e-07
อะไร	O=0.9999996423721313|NORM=3.724017005879432e-07
_	O=0.9999996423721313|NORM=3.51656410657597e-07
แค่	O=0.9999996423721313|NORM=3.0484562785204616e-07
ไหนๆ	O=0.9791377782821655|NORM=0.020862219855189323
_	O=0.9999995231628418|NORM=3.891983340054139e-07
ก็	O=0.9999997615814209|NORM=2.2146228673136648e-07
ดูถูก	O=0.9999996423721313|NORM=3.888637536419992e-07
มา	O=0.9999996423721313|NORM=3.333933591420646e-07
แล้ว	O=0.9999997615814209|NORM=2.3490242995194421e-07
_	O=0.9999996423721313|NORM=3.654311910850083e-07
ตาม	O=0.9999997615814209|NORM=1.9845845145027852e-07
ดู	O=0.9999997615814209|NORM=2.0020144120280747e-07
ต่อ	O=0.9999997615814209|NORM=1.8247801847337541e-07
ไป	O=0.9999997615814209|NORM=2.621071075736836e-07
ละ	O=0.9998840093612671|NORM=0.00011592519149417058
กัน	O=0.9999996423721313|NORM=3.4821042049770767e-07
_	O=0.9999996423721313|NORM=3.553092540187208e-07
จะ	O=0.9999997615814209|NORM=2.149626396885651e-07
ไป	O=0.9999996423721313|NORM=3.140542901292065e-07
ได้	O=0.9999997615814209|NORM=2.6802612751453125e-07
ไกล	O=0.9999996423721313|NORM=3.162049040383863e-07
แค่	O=0.9999996423721313|NORM=3.927008265236509e-07
ไหน	O=0.9999996423721313|NORM=3.910236046067439e-07
_	O=0.9999995231628418|NORM=4.244326419211575e-07
เดี๋ยว	O=0.9999988079071045|NORM=1.2185828381916508e-06
พิสูจน์	O=0.9999996423721313|NORM=2.990879579556349e-07
ให้	O=0.9999996423721313|NORM=2.967134662412718e-07
ดู	O=0.9999996423721313|NORM=3.1239673603522533e-07
_	O=0.9999995231628418|NORM=4.6984396817606466e-07
แต่	O=0.9999996423721313|NORM=3.255802880630654e-07
ที่	O=0.9999996423721313|NORM=3.584919738841563e-07
ไม่	O=0.9999996423721313|NORM=3.3544279176567215e-07
โอเค	O=0.999998927116394|NORM=1.1282008927082643e-06
คือ	O=0.9999995231628418|NORM=4.305995560116571e-07
คอมเมนท์	NORM=0.7282727360725403|O=0.2717272937297821
ต่ำๆ	O=0.9682647585868835|NORM=0.03173528611660004
_	O=0.9999995231628418|NORM=4.94692017127818e-07
แบบ	O=0.9999997615814209|NORM=2.7823301707030623e-07
นั้น	O=0.9999986886978149|NORM=1.2908290045743342e-06
ว่ะ	O=0.9999527931213379|NORM=4.721446748590097e-05
_	O=0.9999996423721313|NORM=3.4552434158285905e-07
มัน	O=0.9999997615814209|NORM=2.7464452045933285e-07
สะท้อน	O=0.9999996423721313|NORM=3.3098379503826436e-07
ได้	O=0.9999997615814209|NORM=2.6816036324817105e-07
ถึง	O=0.9999992847442627|NORM=7.579009206892806e-07
ทัศนคติ	O=0.9999991655349731|NORM=8.55467590099579e-07
แย่ๆ	O=0.9717935919761658|NORM=0.02820637822151184
_	O=0.9999994039535522|NORM=5.126972837388166e-07
ของ	O=0.9999997615814209|NORM=2.624202579681878e-07
เค้า	NORM=0.9995201826095581|O=0.0004797796718776226
เลย	O=0.9999992847442627|NORM=6.5499477841513e-07
_	O=0.9999994039535522|NORM=4.967621407558909e-07
ไม่	O=0.9999996423721313|NORM=3.6020239235767804e-07
ชอบ!	O=0.9998728036880493|NORM=0.00012716228957287967
_	O=0.9999994039535522|NORM=5.308798449732421e-07
#BNK48	O=0.9999994039535522|NORM=6.040175435373385e-07

คือ	O=0.9999996423721313|NORM=2.971832770981564e-07
พี่	O=0.9999988079071045|NORM=1.174560452454898e-06
มิน	O=0.9999957084655762|NORM=4.302828529034741e-06
หล่อ	O=0.9999995231628418|NORM=4.661542618578096e-07
อะ	O=0.9999592304229736|NORM=4.080774306203239e-05
_	O=0.9999994039535522|NORM=5.214639031692059e-07
หล่อ	O=0.9999996423721313|NORM=3.2797336757539597e-07
แบบ	O=0.9999992847442627|NORM=7.635335350641981e-07
หล่อ	O=0.9999995231628418|NORM=4.4333120285955374e-07
มากๆ	NORM=0.9998195767402649|O=0.00017866629059426486
จริงๆ	NORM=0.9997740387916565|O=0.00022472314594779164
_	O=0.9999997615814209|NORM=2.7655133294501866e-07
เห็น	O=0.9999997615814209|NORM=2.150842419723631e-07
ใน	O=0.9999997615814209|NORM=2.367953868542827e-07
รูป	O=0.9999997615814209|NORM=2.596859474124358e-07
ว่า	O=0.9999997615814209|NORM=2.3404064108945022e-07
หล่อ	O=0.9999995231628418|NORM=4.4556577449839097e-07
แล้ว	O=0.9999997615814209|NORM=2.5922298618752393e-07
_	O=0.9999996423721313|NORM=3.514471984544798e-07
ตัวจริง	O=0.9999996423721313|NORM=3.245454820444138e-07
คือ	O=0.9999996423721313|NORM=3.005249880061456e-07
หล่อ	O=0.9999996423721313|NORM=3.474772825029504e-07
กว่า	O=0.9999996423721313|NORM=3.642534238679218e-07
ใน	O=0.9999997615814209|NORM=2.701128209992021e-07
รูป	O=0.9999996423721313|NORM=3.557120180630591e-07
อีก	O=0.9999996423721313|NORM=3.030811228654784e-07
อะ	O=0.9999852180480957|NORM=1.4728442693012767e-05
_	O=0.9999996423721313|NORM=3.8611807440247503e-07
ดี	O=0.9999997615814209|NORM=2.51141898388596e-07
มาก	O=0.9999995231628418|NORM=4.5145426952331036e-07
จริงๆ	NORM=0.9992848038673401|O=0.0007130755111575127
_	O=0.9999996423721313|NORM=3.4671330695346114e-07
หล่อ	O=0.9999996423721313|NORM=3.2797709081933135e-07
จน	O=0.9999997615814209|NORM=2.818966606810136e-07
คิด	O=0.9999996423721313|NORM=4.063676044552267e-07
ว่า	O=0.9999996423721313|NORM=3.126059198166331e-07
คนเรา	O=0.9999947547912598|NORM=5.22628715771134e-06
มัน	O=0.9999995231628418|NORM=4.3182836861888063e-07
สามารถ	O=0.9999996423721313|NORM=4.08419793984649e-07
หล่อ	O=0.9999995231628418|NORM=4.2226537289025146e-07
ได้	O=0.9999997615814209|NORM=2.760991151262715e-07
ขนาด	O=0.9999996423721313|NORM=3.635242933341942e-07
นี้	O=0.9999988079071045|NORM=1.1711479146470083e-06
เลย	O=0.9999995231628418|NORM=4.461287517187884e-07
หรอ	O=0.9867226481437683|NORM=0.013277316465973854
วะ	O=0.9996347427368164|NORM=0.00036525295581668615
_	O=0.9999995231628418|NORM=4.968366056345985e-07
คือ	O=0.9999997615814209|NORM=2.36485306004397e-07
ครั้ง	O=0.9999996423721313|NORM=3.0953523832977226e-07
นี้	O=0.9999991655349731|NORM=8.2224494235561e-07
เห็น	O=0.9999996423721313|NORM=3.8217837072807015e-07
ใกล้	O=0.9999995231628418|NORM=4.652961820283963e-07
กว่า	O=0.9999995231628418|NORM=4.158757747063646e-07
ทุกๆ	NORM=0.9975796341896057|O=0.002417204203084111
ครั้ง	O=0.9999994039535522|NORM=5.664217042067321e-07
ที่	O=0.9999997615814209|NORM=2.270929968517521e-07
ผ่าน	O=0.9999996423721313|NORM=3.331556399643887e-07
มา	O=0.9999996423721313|NORM=3.725398869391938e-07
เลย	O=0.9999996423721313|NORM=3.6140568226983305e-07
แบบ	O=0.9999996423721313|NORM=3.572950220132043e-07
ขอ	O=0.9999997615814209|NORM=1.8132787715785526e-07
รีวิว	O=0.9999996423721313|NORM=3.842721127966797e-07
หน่อย	O=0.9999996423721313|NORM=3.91676763911164e-07
_	O=0.9999996423721313|NORM=3.3583202707632154e-07
หล่อ	O=0.9999997615814209|NORM=2.7190182549929887e-07
จริง	O=0.9999997615814209|NORM=2.4331922077180934e-07
แบบ	O=0.9999996423721313|NORM=3.2165033303499513e-07
ไม่	O=0.9999997615814209|NORM=2.2430371870996169e-07
ได้	O=0.9999996423721313|NORM=3.4380656188659486e-07
อวย	O=0.9999954700469971|NORM=4.48470336777973e-06
เพราะ	O=0.9999997615814209|NORM=2.2775385843942786e-07
เป็น	O=0.9999997615814209|NORM=2.807925625347707e-07
เมน	O=0.9999946355819702|NORM=5.4065167205408216e-06
นะ	O=0.9999986886978149|NORM=1.2971473779543885e-06
_	O=0.9999996423721313|NORM=3.650953885880881e-07
แต่	O=0.9999997615814209|NORM=2.526628009036358e-07
หล่อ	O=0.9999996423721313|NORM=4.106048834273679e-07
จริงๆ	NORM=0.9999022483825684|O=9.500184387434274e-05
อยู่แล้ว	O=0.99978107213974|NORM=0.00021889933850616217
อะ	O=0.9999635219573975|NORM=3.650756480055861e-05
_	O=0.9999995231628418|NORM=4.052858457725961e-07
หล่อ	O=0.9999994039535522|NORM=5.699372422895976e-07
มาก	O=0.9999994039535522|NORM=5.364327648749168e-07
จริงๆ	O=0.9583521485328674|NORM=0.04164775833487511

สุดท้าย	O=0.9999996423721313|NORM=3.6748966181221476e-07
ละ	NORM=0.9999352693557739|O=6.477368151536211e-05
_	O=0.9999995231628418|NORM=4.959575221619161e-07
ไม่	O=0.9999997615814209|NORM=1.8678255742088368e-07
คิด	O=0.9999997615814209|NORM=2.0608290185464284e-07
ว่า	O=0.9999997615814209|NORM=2.1826140539360495e-07
ตัวเอง	O=0.9999997615814209|NORM=2.846885536200716e-07
จะ	O=0.9999997615814209|NORM=2.1232962410522305e-07
พูด	O=0.9999997615814209|NORM=2.8250190098333405e-07
ถึง	O=0.9999997615814209|NORM=2.1988935827721434e-07
ละคร	O=0.9999994039535522|NORM=6.316425924524083e-07
ได้	O=0.9999997615814209|NORM=2.0180992521545704e-07
ยาว	O=0.9999995231628418|NORM=4.974467628926504e-07
ขนาด	O=0.9999996423721313|NORM=4.064125675995456e-07
นี้	O=0.9999996423721313|NORM=3.1873659622760897e-07
_	O=0.9999997615814209|NORM=2.570568540249951e-07
เรา	O=0.9999997615814209|NORM=2.3578179764172091e-07
ไม่	O=0.9999997615814209|NORM=2.2099412433362886e-07
รู้	O=0.9999997615814209|NORM=2.764666930943349e-07
ว่า	O=0.9999997615814209|NORM=2.4408222998317797e-07
_	O=0.9999996423721313|NORM=2.988419112170959e-07
#sexeducation	O=0.9999994039535522|NORM=5.782106313745317e-07
_	O=0.9999997615814209|NORM=2.4529848019483325e-07
เป็น	O=0.9999997615814209|NORM=2.1172422748350073e-07
ละคร	O=0.9999995231628418|NORM=4.850867298955563e-07
ที่	O=0.9999997615814209|NORM=2.5291402039329114e-07
สนุก	O=0.9999997615814209|NORM=2.8486209657785366e-07
มั้ย	NORM=0.9999531507492065|O=4.683549195760861e-05
_	O=0.9999996423721313|NORM=3.1253856036528305e-07
แต่	O=0.9999997615814209|NORM=2.51994805466893e-07
เรา	O=0.9999996423721313|NORM=2.839295802914421e-07
มั่นใจ	O=0.9999996423721313|NORM=3.787827722590009e-07
ว่า	O=0.9999997615814209|NORM=2.5746558662831376e-07
_	O=0.9999996423721313|NORM=3.044870879875816e-07
สาร	O=0.9999934434890747|NORM=6.541909442603355e-06
_	O=0.9999996423721313|NORM=3.3421341072426003e-07
ที่	O=0.9999997615814209|NORM=1.994309997144228e-07
ละคร	O=0.9999994039535522|NORM=5.614020324173907e-07
ต้องการ	O=0.9999997615814209|NORM=2.226099695690209e-07
จะ	O=0.9999997615814209|NORM=1.9856862820688548e-07
สื่อ	O=0.9999996423721313|NORM=3.300130515526689e-07
ให้	O=0.9999997615814209|NORM=1.8804510659720108e-07
ผู้รับ	O=0.9999995231628418|NORM=5.245623810878897e-07
ได้	O=0.9999997615814209|NORM=2.47448099344183e-07
มองเห็น	O=0.9999997615814209|NORM=2.7422862558523775e-07
และ	O=0.999955415725708|NORM=4.4616863306146115e-05
ทำความเข้าใจ	O=0.9999997615814209|NORM=2.2412987732423062e-07
มัน	O=0.9999996423721313|NORM=2.865672001917119e-07
ชัดเจน	O=0.9999997615814209|NORM=2.555367757395288e-07
มากๆ	NORM=0.9999388456344604|O=6.054538243915886e-05
_	O=0.9999996423721313|NORM=2.938854777312372e-07
อยาก	O=0.9999997615814209|NORM=1.8272163515575812e-07
ให้	O=0.9999997615814209|NORM=1.74480135228805e-07
ทุก	O=0.9999996423721313|NORM=2.926233264588518e-07
คน	O=0.9999997615814209|NORM=2.817437234625686e-07
_	O=0.9999996423721313|NORM=3.491620930162753e-07
โดย	O=0.9999997615814209|NORM=2.717429197218735e-07
เฉพาะ	O=0.9999994039535522|NORM=5.5443780411224e-07
วัยผู้ใหญ่	O=0.9999997615814209|NORM=2.6159966637351317e-07
ได้	O=0.9999997615814209|NORM=1.8611736152251979e-07
ดู	O=0.9999997615814209|NORM=1.9286758856651431e-07
จริงๆ	NORM=0.9999790191650391|O=2.081424645439256e-05
_	O=0.9999996423721313|NORM=3.2083417522699165e-07
#NetflixTH	O=0.9999996423721313|NORM=2.905940448272304e-07
_	O=0.9999996423721313|NORM=2.94839935577329e-07
ปล.	NORM=0.95328289270401|O=0.04671713337302208
นี่	O=0.9999992847442627|NORM=6.725730941070651e-07
ไม่	O=0.9999997615814209|NORM=2.4376748797294567e-07
ใช่	O=0.9999994039535522|NORM=6.291111276368611e-07
การรีวิว	O=0.999998927116394|NORM=1.0889566510741133e-06
ให้	O=0.9999997615814209|NORM=2.5267993919442233e-07
ดาว	O=0.9999991655349731|NORM=7.73711235524388e-07
หรือ	O=0.9999991655349731|NORM=8.227603416344209e-07
งาน	O=0.9999996423721313|NORM=3.966831627622014e-07
จ้าง	O=0.9999996423721313|NORM=2.9582460570054536e-07
ใดๆ	O=0.8887367844581604|NORM=0.1112632006406784

แล้ว	O=0.9999996423721313|NORM=3.7453264667419717e-07
นิสัย	O=0.9999991655349731|NORM=8.047701953728392e-07
ตัวละคร	O=0.9999992847442627|NORM=6.804946224292507e-07
คือแบบ	O=0.9999794960021973|NORM=2.054180731647648e-05
เหมือน	O=0.9999996423721313|NORM=4.033859966057207e-07
ใน	O=0.9999996423721313|NORM=3.444671961005952e-07
ฝัน	O=0.9999997615814209|NORM=2.691115810193878e-07
อะ	O=0.9999092817306519|NORM=9.069837688002735e-05
_	O=0.9999994039535522|NORM=5.960247904113203e-07
ปกติ	O=0.9999613761901855|NORM=3.863880556309596e-05
จะ	O=0.9999995231628418|NORM=4.667352300202765e-07
ชอบ	O=0.9999996423721313|NORM=3.705542326315481e-07
แบบ	O=0.9999996423721313|NORM=3.566788109310437e-07
ตัวพระ	O=0.9999996423721313|NORM=3.7268452501848515e-07
ซึนๆ	O=0.9998787641525269|NORM=0.00012120312021579593
แต่	O=0.9999920129776001|NORM=7.99826011643745e-06
แอบ	O=0.999996542930603|NORM=3.4702698030741885e-06
ร้าย	O=0.9999992847442627|NORM=6.561244276781508e-07
_	O=0.9999992847442627|NORM=6.967649710531987e-07
แล้ว	O=0.9999997615814209|NORM=2.3674253668559686e-07
ตัวนาง	O=0.9999996423721313|NORM=3.3950308875319024e-07
จะ	O=0.9999996423721313|NORM=3.2336438948732393e-07
แบบ	O=0.9999995231628418|NORM=5.13126337864378e-07
สดใสๆ	O=0.9997547268867493|NORM=0.00024521464365534484
_	O=0.9999986886978149|NORM=1.2530549611255992e-06
น่ารัก	O=0.9999995231628418|NORM=4.259422894392628e-07
_	O=0.9999994039535522|NORM=5.204300350669655e-07
หรือไม่ก็	NORM=0.8131032586097717|O=0.18689636886119843
แบบ	O=0.9999996423721313|NORM=3.804542814123124e-07
พระเอก	O=0.9999992847442627|NORM=7.161960979829018e-07
_	O=0.999998927116394|NORM=1.0554580285315751e-06
ขี้เล่น	O=0.9999971389770508|NORM=2.861891971406294e-06
_	O=0.9999991655349731|NORM=7.762299674141104e-07
สดใส	O=0.9999992847442627|NORM=6.706560498059844e-07
_	O=0.9999994039535522|NORM=6.0654929256998e-07
แล้ว	O=0.9999997615814209|NORM=2.610458977869712e-07
_	O=0.9999995231628418|NORM=4.2517280007814406e-07
นาง	O=0.9999997615814209|NORM=2.6683201781452226e-07
/	O=0.9999994039535522|NORM=6.294399668149708e-07
นายเอก	O=0.9999992847442627|NORM=7.633362315573322e-07
_	O=0.9999994039535522|NORM=6.061803787815734e-07
จะ	O=0.9999996423721313|NORM=3.4750246413750574e-07
แบบ	O=0.9999994039535522|NORM=5.835297542944318e-07
เชี่ยวชาญ	O=0.9999819993972778|NORM=1.803949817258399e-05
ยั่วๆ	O=0.9999315738677979|NORM=6.844831659691408e-05
_	O=0.9999984502792358|NORM=1.4713650671183132e-06
หน่อย	O=0.999998927116394|NORM=1.0244181112284423e-06
_	O=0.9999996423721313|NORM=3.866472297886503e-07
ซึ่ง	O=0.9999995231628418|NORM=4.2301994085391925e-07
มัน	O=0.9999997615814209|NORM=2.842178901119041e-07
จะ	O=0.9999997615814209|NORM=2.3140181326652964e-07
มา	O=0.9999997615814209|NORM=2.353342978267392e-07
เป็น	O=0.9999997615814209|NORM=2.0526067601167597e-07
คู่ๆ	O=0.9348378777503967|NORM=0.06516207009553909
แบบ	O=0.9999996423721313|NORM=3.103057508724305e-07
นี้	O=0.9999996423721313|NORM=3.576608094135736e-07
_	O=0.999998927116394|NORM=9.784421308722813e-07
เท่าที่	O=0.9999856948852539|NORM=1.4268334780354053e-05
อ่าน	O=0.9999996423721313|NORM=3.757472768484149e-07
มา	O=0.9999996423721313|NORM=4.11722794524394e-07
อะ	O=0.9957191348075867|NORM=0.0042808339931070805
นะ	O=0.9999731779098511|NORM=2.6827705369214527e-05
_	O=0.9999994039535522|NORM=6.067390927455563e-07
แต่	O=0.9999997615814209|NORM=2.8464157253438316e-07
เรื่อง	O=0.9999997615814209|NORM=2.230362241562034e-07
นี้	O=0.9999997615814209|NORM=2.792274358398572e-07
แม่ง	O=0.9999938011169434|NORM=6.17991008766694e-06
แบบ	O=0.9999992847442627|NORM=7.575106906188012e-07
_	O=0.9999991655349731|NORM=8.266235340670391e-07
รวม	O=0.9999997615814209|NORM=2.470142703714373e-07
2	O=0.9999995231628418|NORM=4.838730092160404e-07
คู่	O=0.9999997615814209|NORM=2.677052748367714e-07
นี้	O=0.9999995231628418|NORM=4.574904153287207e-07
มาก	O=0.9999990463256836|NORM=8.97117558906757e-07
รวม	O=0.9999994039535522|NORM=5.925098776060622e-07
กัน	O=0.9999996423721313|NORM=3.65605501428945e-07
_	O=0.9999992847442627|NORM=6.473860594269354e-07
แบบ	O=0.9999997615814209|NORM=2.8864354817415006e-07
มายก็อด	O=0.999958872795105|NORM=4.11482724302914e-05
อิมเมจ	O=0.976148784160614|NORM=0.023851176723837852
ใน	O=0.9999966621398926|NORM=3.279478278273018e-06
ฝัน	O=0.9999961853027344|NORM=3.825809017143911e-06

พวก	O=0.9999796152114868|NORM=2.037765625573229e-05
นิยาย	O=0.9999922513961792|NORM=7.78521007305244e-06
วาย	O=0.999998927116394|NORM=1.0881656180572463e-06
แปล	O=0.999998927116394|NORM=1.020931449602358e-06
จีน	O=0.9999303817749023|NORM=6.959633174119517e-05
บาง	O=0.9999995231628418|NORM=4.83067026380013e-07
เรื่อง	O=0.9999996423721313|NORM=3.6305485195953224e-07
คือ	O=0.9999994039535522|NORM=5.404631906458235e-07
อยาก	O=0.9999997615814209|NORM=2.196552486566361e-07
ปาทิ้ง	O=0.9999995231628418|NORM=4.2777210751410166e-07
ก็	O=0.9999996423721313|NORM=3.1484481155530375e-07
มี	O=0.9999996423721313|NORM=3.467470151008456e-07
_	O=0.9999996423721313|NORM=3.0507192150253104e-07
บาง	O=0.9999996423721313|NORM=3.2222078516497277e-07
เรื่อง	O=0.9999996423721313|NORM=3.1241134479387256e-07
ก็	O=0.9999997615814209|NORM=2.3577550223308208e-07
ผิดหวัง	O=0.9999996423721313|NORM=3.354972193392314e-07
_	O=0.9999996423721313|NORM=3.099966932040843e-07
เช่น	O=0.9999996423721313|NORM=4.0595085692984867e-07
ตัวร้าย	O=0.9999995231628418|NORM=5.046476871939376e-07
_	O=0.9999997615814209|NORM=2.5894209443322325e-07
เอา	O=0.9999997615814209|NORM=2.0795847888166463e-07
จริงๆ	NORM=0.9998459815979004|O=0.00015383114805445075
ตอน	O=0.9999995231628418|NORM=4.2803984001693607e-07
ลง	O=0.9999997615814209|NORM=2.4965632405837823e-07
ใน	O=0.9999996423721313|NORM=3.8586699702136684e-07
เด็กดี	O=0.9999960660934448|NORM=3.900287538272096e-06
คือ	O=0.9999996423721313|NORM=3.5054742397733207e-07
รู้สึก	O=0.9999996423721313|NORM=3.735434859208908e-07
สนุก	O=0.9999995231628418|NORM=4.656539545067062e-07
มาก	O=0.9999996423721313|NORM=3.6488097521214513e-07
_	O=0.9999996423721313|NORM=3.3309243008261546e-07
ชอบ	O=0.9999996423721313|NORM=3.605171912113292e-07
อ่ะ	NORM=0.9441910982131958|O=0.05580894276499748
_	O=0.9999997615814209|NORM=2.7407801894696604e-07
แต่	O=0.9999997615814209|NORM=2.3101020474314282e-07
พอ	O=0.9999997615814209|NORM=2.51686884666924e-07
อ่าน	O=0.9999997615814209|NORM=2.8964370812900597e-07
เล่ม	O=0.9999994039535522|NORM=5.697339702237514e-07
2	O=0.9999996423721313|NORM=3.8852454053994734e-07
รู้สึก	O=0.9999996423721313|NORM=3.0267585771071026e-07
เฉยๆ	O=0.9958935976028442|NORM=0.004106363281607628
_	O=0.9999996423721313|NORM=3.7031790611763427e-07
ออก	O=0.9999996423721313|NORM=3.1457136628887383e-07
แนว	O=0.9999996423721313|NORM=3.7084978998791485e-07
เบื่อๆ	O=0.7980498671531677|NORM=0.2019500881433487
_	O=0.9999997615814209|NORM=2.761525763617101e-07
เล่ม	O=0.9999994039535522|NORM=5.968700520497805e-07
3	O=0.9999997615814209|NORM=2.686397806428431e-07
เลย	O=0.9999997615814209|NORM=1.9957064978370909e-07
ไม่	O=0.9999997615814209|NORM=2.452420915233233e-07
ค่อย	O=0.9999973773956299|NORM=2.5946735604520654e-06
รีบ	O=0.9998849630355835|NORM=0.00011505641305120662
อ่ะ	NORM=0.9282857179641724|O=0.07171426713466644
_	O=0.9999995231628418|NORM=4.356620593171101e-07
ได้	O=0.9999997615814209|NORM=1.9723844957297842e-07
เมื่อไร	O=0.9999908208847046|NORM=9.161770321952645e-06
ก็	O=0.9999997615814209|NORM=2.1956873297312995e-07
ได้	O=0.9999997615814209|NORM=2.0772617403963523e-07
_	O=0.9999996423721313|NORM=3.4424488148943055e-07
ไม่	O=0.9999997615814209|NORM=2.0732402106204972e-07
ได้	O=0.9999997615814209|NORM=2.830736605119455e-07
รู้สึก	O=0.9999994039535522|NORM=6.385977826539602e-07
อยาก	O=0.9999997615814209|NORM=2.1027059915468271e-07
อ่าน	O=0.9999997615814209|NORM=2.2758756301755056e-07
ขนาด	O=0.9999997615814209|NORM=2.528320237615844e-07
นั้น	O=0.9999997615814209|NORM=2.8101649718337285e-07
_	O=0.9999996423721313|NORM=2.877831946079823e-07
ปรามาจารย์	O=0.9998247027397156|NORM=0.00017527247837278992
ก็	O=0.9999997615814209|NORM=2.2706809943429107e-07
จอง	O=0.9999995231628418|NORM=4.1554395124876464e-07
ไป	O=0.9999996423721313|NORM=3.1766415986567154e-07
ละ	NORM=0.9808620810508728|O=0.01913788728415966
_	O=0.9999996423721313|NORM=3.3391492593182193e-07
แต่	O=0.9999997615814209|NORM=2.472237667916488e-07
ยัง	O=0.9999997615814209|NORM=2.1511358738734998e-07
เฉยๆ	O=0.9950921535491943|NORM=0.0049078757874667645
อยู่	O=0.9999997615814209|NORM=2.421601266178186e-07
_	O=0.9999996423721313|NORM=3.6723250218528847e-07
ขนาด	O=0.9999997615814209|NORM=2.792186535316432e-07
ดู	O=0.9999997615814209|NORM=2.881608622828935e-07
อนิเมะ	O=0.9999759197235107|NORM=2.4110129743348807e-05
แล้ว	O=0.9999996423721313|NORM=4.1163170294566953e-07
นะ	O=0.9999872446060181|NORM=1.2734219126286916e-05

เรา	O=0.9999996423721313|NORM=3.300841910913732e-07
เอา	O=0.9999997615814209|NORM=2.6030383537545276e-07
เต็นท์	O=0.9998818635940552|NORM=0.00011809934949269518
ไป	O=0.9999995231628418|NORM=4.846581305173459e-07
เอง	O=0.9999996423721313|NORM=3.5696601230483793e-07
_	O=0.9999988079071045|NORM=1.0868276376641006e-06
แต่	O=0.9999996423721313|NORM=2.941265790923353e-07
คิด	O=0.9999996423721313|NORM=3.9095314718906593e-07
ว่า	O=0.9999997615814209|NORM=2.7813086944661336e-07
จะ	O=0.9999997615814209|NORM=2.6947421361001034e-07
ไป	O=0.9999994039535522|NORM=5.538997243093036e-07
เช่า	O=0.9999992847442627|NORM=6.826571734563913e-07
เครื่องนอน	O=0.9999995231628418|NORM=4.619843707587279e-07
ที่	O=0.9999996423721313|NORM=2.927707214439579e-07
นั่น	O=0.9999984502792358|NORM=1.5323972775149741e-06
นะ	O=0.9999973773956299|NORM=2.626105242597987e-06
_	O=0.9999992847442627|NORM=7.51113475416787e-07
เนี่ย	O=0.9349243640899658|NORM=0.06507566571235657
ความซวย	O=0.9999984502792358|NORM=1.5626181948391604e-06
มัน	O=0.9999996423721313|NORM=3.717484560183948e-07
เริ่ม	O=0.9999997615814209|NORM=2.6695877863858186e-07
ตั้งแต่	O=0.9999996423721313|NORM=3.8968045146248187e-07
ตรง	O=0.9999995231628418|NORM=5.286947271088138e-07
นี้	O=0.9999985694885254|NORM=1.3684858686247026e-06
_	O=0.9999991655349731|NORM=7.533207053711521e-07
คือ	O=0.9999996423721313|NORM=3.2076320621854393e-07
ตอน	O=0.9999997615814209|NORM=2.634805014167796e-07
แรก	O=0.9999996423721313|NORM=3.4578869190227124e-07
_	O=0.9999990463256836|NORM=9.543302894599037e-07
ใน	O=0.9999996423721313|NORM=4.085062812464457e-07
รีวิว	O=0.9999991655349731|NORM=7.815343110451067e-07
ของ	O=0.9999996423721313|NORM=3.679816984458739e-07
คน	O=0.9999996423721313|NORM=4.047906827508996e-07
อื่น	O=0.9999994039535522|NORM=5.353151095732755e-07
_	O=0.9999992847442627|NORM=7.226839215945802e-07
เขา	O=0.9999996423721313|NORM=3.001122763635067e-07
บอก	O=0.9999996423721313|NORM=3.1354616680800973e-07
ว่า	O=0.9999996423721313|NORM=3.238686758777476e-07
ที่	O=0.9999996423721313|NORM=3.7918252360213955e-07
อุทธยาน	O=0.9978235960006714|NORM=0.0021763728000223637
มี	O=0.9999997615814209|NORM=1.873450372613661e-07
เต็นท์	O=0.9999366998672485|NORM=6.324439164018258e-05
_	O=0.999998927116394|NORM=9.576624506735243e-07
เครื่องนอน	O=0.9999995231628418|NORM=5.20838227657805e-07
ให้	O=0.9999997615814209|NORM=2.1346703249491839e-07
เช่า	O=0.9999992847442627|NORM=6.677166197732731e-07
_	O=0.9999992847442627|NORM=6.777000294277968e-07
แต่	O=0.9999997615814209|NORM=2.4591236069682054e-07
พอ	O=0.9999997615814209|NORM=2.143458459613612e-07
ไป	O=0.9999996423721313|NORM=3.0514755167132535e-07
ถึง	O=0.9999996423721313|NORM=3.671424906315224e-07
จริงๆ	NORM=0.9999494552612305|O=4.997003634343855e-05
_	O=0.9999985694885254|NORM=1.4065100231164251e-06
มัน	O=0.9999996423721313|NORM=3.6355760357764666e-07
ไม่	O=0.9999997615814209|NORM=2.6720229584498156e-07
มี	O=0.9999996423721313|NORM=3.097094349868712e-07
แล้ว	O=0.9999997615814209|NORM=2.7162658966517483e-07
_	O=0.9999988079071045|NORM=1.1051497494918294e-06
แต่	O=0.9999996423721313|NORM=3.0781052373640705e-07
เจ้าหน้าที่	O=0.9999970197677612|NORM=3.0274568416643888e-06
เขา	O=0.9999994039535522|NORM=5.643027520818578e-07
จะ	O=0.9999997615814209|NORM=2.827997889198741e-07
ให้	O=0.9999997615814209|NORM=2.3032849583159987e-07
เบอร์	O=0.9999978542327881|NORM=2.0973077425878728e-06
ร้าน	O=0.9999992847442627|NORM=7.414259926008526e-07
ข้าง	O=0.9999996423721313|NORM=3.419544611915626e-07
นอก	O=0.9999994039535522|NORM=5.444928206088662e-07
มา	O=0.9999995231628418|NORM=4.867559937338228e-07
ค่ะ	O=0.9999865293502808|NORM=1.3441685041470919e-05
_	O=0.9999991655349731|NORM=8.227218586398521e-07
จะ	O=0.9999997615814209|NORM=2.5532779091008706e-07
มี	O=0.9999996423721313|NORM=3.494822635730088e-07
เบอร์	O=0.9999972581863403|NORM=2.7177968604519265e-06
ร้าน	O=0.9999988079071045|NORM=1.1954750789300306e-06
เต็นท์	O=0.9998445510864258|NORM=0.0001554485788801685
_	O=0.999998927116394|NORM=9.585697853253805e-07
/	O=0.9999994039535522|NORM=5.960344537925266e-07
_	O=0.9999995231628418|NORM=4.232148000937741e-07
จิ้มจุ่ม	O=0.9999880790710449|NORM=1.1903128324775025e-05
_	O=0.9999979734420776|NORM=1.96424434761866e-06
/	O=0.9999992847442627|NORM=6.708825139867258e-07
_	O=0.9999994039535522|NORM=5.210195013205521e-07
อาหารตามสั่ง	O=0.9999983310699463|NORM=1.6673831169100595e-06

(	O=0.9999992847442627|NORM=6.22853519871569e-07
รีวิว	O=0.9999994039535522|NORM=5.316154556567199e-07
ปั่น	O=0.999936580657959|NORM=6.3413790485356e-05
แท็ก	O=0.9999666213989258|NORM=3.337746602483094e-05
)	O=0.9999990463256836|NORM=9.209206837113015e-07
_	O=0.9999997615814209|NORM=2.707457156247983e-07
ใคร	O=0.9999996423721313|NORM=3.066692499942292e-07
มอง	O=0.9999995231628418|NORM=5.207056688050216e-07
หา	O=0.9999997615814209|NORM=2.2797247822836653e-07
แก้ว	O=0.9999997615814209|NORM=2.761757684766053e-07
เก็บ	O=0.9999997615814209|NORM=2.201163766812897e-07
อุณภูมิ	O=0.9999492168426514|NORM=5.080337723484263e-05
ขนาด	O=0.9999997615814209|NORM=2.1201883271260158e-07
พอดี	O=0.9999997615814209|NORM=2.758980315320514e-07
มือ	O=0.9999997615814209|NORM=2.8539369623103994e-07
_	O=0.9999995231628418|NORM=4.07952597925032e-07
แบบ	O=0.9999996423721313|NORM=3.2339798394787067e-07
มี	O=0.9999997615814209|NORM=2.2656151088540355e-07
หูหิ้ว	O=0.9999988079071045|NORM=1.2383371768009965e-06
_	O=0.9999996423721313|NORM=3.195577562564722e-07
ยก	O=0.9999996423721313|NORM=3.0236660109039804e-07
ดื่ม	O=0.9999996423721313|NORM=3.10632060518401e-07
ง่าย	O=0.9999996423721313|NORM=3.017553069639689e-07
_	O=0.9999996423721313|NORM=2.9106001875334186e-07
ใส่	O=0.9999997615814209|NORM=2.052890408776875e-07
ฟรุตต้า	NORM=0.7344865202903748|O=0.26551344990730286
ได้	O=0.9999997615814209|NORM=2.2331505533657037e-07
_	O=0.9999996423721313|NORM=3.657052332073363e-07
1	O=0.9999997615814209|NORM=2.5512136403449404e-07
_	O=0.9999996423721313|NORM=3.5558110766942264e-07
ขวด	O=0.9999996423721313|NORM=4.110009399482806e-07
_	O=0.9999994039535522|NORM=5.083733185529127e-07
แนะนำ	O=0.9999997615814209|NORM=2.2235153096517024e-07
แก้ว	O=0.9999997615814209|NORM=2.807690009376529e-07
หน้าตา	O=0.9999996423721313|NORM=3.340773560012167e-07
แบบ	O=0.9999997615814209|NORM=2.660466122961225e-07
นี้	O=0.9999995231628418|NORM=4.1734944034033106e-07
_	O=0.9999995231628418|NORM=4.7360802568618965e-07
มี	O=0.9999997615814209|NORM=2.2081167116994038e-07
ขาย	O=0.9999996423721313|NORM=3.654378133433056e-07
ใน	O=0.9999996423721313|NORM=3.5472859849505767e-07
_	O=0.9999994039535522|NORM=5.1951218438262e-07
shopee	O=0.9999980926513672|NORM=1.8129620684703696e-06
_	O=0.9999992847442627|NORM=6.295767889241688e-07
เรา	O=0.9999997615814209|NORM=2.0317658311341802e-07
ซื้อ	O=0.9999997615814209|NORM=2.2478081973531516e-07
มา	O=0.9999997615814209|NORM=2.193958437146648e-07
ราคา	O=0.9999997615814209|NORM=2.442351956233324e-07
รวม	O=0.9999996423721313|NORM=3.0399036177186645e-07
ส่ง	O=0.9999997615814209|NORM=2.3454920494714315e-07
ประมาณ	O=0.9999970197677612|NORM=2.9443524454109138e-06
_	O=0.9999995231628418|NORM=4.586717068377766e-07
205	O=0.9999992847442627|NORM=7.094349143699219e-07
_	O=0.9999995231628418|NORM=4.5961311911923985e-07
บาท	O=0.9999996423721313|NORM=3.664467556063755e-07
_	O=0.9999995231628418|NORM=4.2670745870054816e-07
ทดลอง	O=0.9999997615814209|NORM=2.4012052790567395e-07
ใช้	O=0.9999997615814209|NORM=2.2300559976429213e-07
เดือน	O=0.9999997615814209|NORM=2.850982525615109e-07
กว่าๆ	O=0.9999234676361084|NORM=7.655573426745832e-05
_	O=0.9999994039535522|NORM=5.045965849603817e-07
ชอบ	O=0.9999997615814209|NORM=2.2800574583925481e-07
มาก	O=0.9999997615814209|NORM=2.842509445599717e-07
_	O=0.9999996423721313|NORM=2.7902640908905596e-07
เก็บ	O=0.9999997615814209|NORM=1.880558784250752e-07
ความเย็น	O=0.9999996423721313|NORM=3.8498558296851115e-07
ได้	O=0.9999997615814209|NORM=2.012268396356376e-07
นาน	O=0.9999997615814209|NORM=2.1953566431420768e-07
พอ	O=0.9999997615814209|NORM=2.1894605595207395e-07
สมควร	O=0.9999996423721313|NORM=3.7865277136006625e-07
_	O=0.9999996423721313|NORM=3.2894001833483344e-07
คุ้ม	O=0.9999997615814209|NORM=2.148077271613147e-07
กับ	O=0.9999995231628418|NORM=4.24146151090099e-07
ราคา	O=0.9999996423721313|NORM=3.009052704783244e-07
_	O=0.9999996423721313|NORM=3.4025961781480873e-07
แต่	O=0.9999997615814209|NORM=2.2910013797172724e-07
ไม่	O=0.9999997615814209|NORM=2.3184004760423704e-07
เคย	O=0.9999995231628418|NORM=4.1689949625833833e-07
ลอง	O=0.9999996423721313|NORM=3.3322712056360615e-07
เมนู	O=0.9999980926513672|NORM=1.941069967870135e-06
ร้อน	O=0.9999994039535522|NORM=6.506281238216616e-07
_	O=0.9999992847442627|NORM=6.786436870243051e-07
#	O=0.9999982118606567|NORM=1.7701713659334928e-06
เป๊กผลิตโชค	O=0.9999995231628418|NORM=4.836016955778177e-07
_	O=0.9999996423721313|NORM=2.8701987275780994e-07
#PeckPalitchoke	O=0.9999995231628418|NORM=4.850729169447732e-07

หา	O=0.9999996423721313|NORM=3.382278634944669e-07
คน	O=0.9999991655349731|NORM=7.964813448779751e-07
เข้า	O=0.9999995231628418|NORM=5.093793902233301e-07
กลุ่ม	O=0.9999996423721313|NORM=4.0454872873851855e-07
มา	O=0.9999996423721313|NORM=4.0978650872602884e-07
เอา	O=0.9999997615814209|NORM=2.481726824044017e-07
กัน	O=0.9999997615814209|NORM=2.4372354801016627e-07
มั้ย	NORM=0.9936781525611877|O=0.006321493070572615
ครับ	O=0.999994158744812|NORM=5.7949418987846e-06
_	O=0.9999995231628418|NORM=5.100755515741184e-07
-	O=0.9999996423721313|NORM=2.940491867775563e-07
เคะ	O=0.9999990463256836|NORM=9.305692856287351e-07
เมะ	O=0.9567680358886719|NORM=0.04323197528719902
เสะ	O=0.9998455047607422|NORM=0.00015443256415892392
ได้	O=0.9999997615814209|NORM=2.819899407313642e-07
หมด	O=0.9999995231628418|NORM=4.392033474687196e-07
_	O=0.9999997615814209|NORM=2.8521003514470067e-07
รับ	O=0.9999997615814209|NORM=2.5758225774552557e-07
แค่	O=0.9999994039535522|NORM=5.370977191887505e-07
เมจ	O=0.6227006912231445|NORM=0.3772992491722107
ชาย!	O=0.9999938011169434|NORM=6.229769041965483e-06
_	O=0.9999996423721313|NORM=3.976505240643746e-07
-	O=0.9999996423721313|NORM=3.2503302804798295e-07
หยาบ	O=0.999997615814209|NORM=2.3846655494708102e-06
ได้	O=0.9999997615814209|NORM=2.9065617468404525e-07
สุภาพ	O=0.999998927116394|NORM=1.0978900490954402e-06
ได้	O=0.9999997615814209|NORM=2.5795691271923715e-07
_	O=0.9999996423721313|NORM=3.09387104380221e-07
-	O=0.9999997615814209|NORM=2.3777568003424676e-07
เต๊าะ	O=0.9942810535430908|NORM=0.005718912463635206
กัน	O=0.9999997615814209|NORM=2.649047985414654e-07
จีบ	O=0.9999980926513672|NORM=1.8995365280716214e-06
กัน	O=0.9999997615814209|NORM=2.68394188651655e-07
ได้	O=0.9999997615814209|NORM=2.2021086465429107e-07
_	O=0.9999996423721313|NORM=3.1704010439170816e-07
จะ	O=0.9999997615814209|NORM=2.0428754510248837e-07
เย	O=0.9999991655349731|NORM=7.852525527596299e-07
กัน	O=0.9999997615814209|NORM=2.3213387123632856e-07
ก็	O=0.9999997615814209|NORM=2.715240157158405e-07
ได้	O=0.9999997615814209|NORM=2.3035111951230647e-07
_	O=0.9999996423721313|NORM=3.32511291389892e-07
-	O=0.9999996423721313|NORM=3.278817075624829e-07
อย่า	O=0.9999997615814209|NORM=2.1448244069688371e-07
กริบ	O=0.999991774559021|NORM=8.220684321713634e-06
นาน	O=0.9999996423721313|NORM=3.776094956720044e-07
_	O=0.9999996423721313|NORM=3.0009167062416964e-07
กู	O=0.9999974966049194|NORM=2.485024197085295e-06
เหงา	O=0.9999984502792358|NORM=1.593954721101909e-06
_	O=0.9999996423721313|NORM=3.83020505978493e-07
-	O=0.9999996423721313|NORM=2.921966597568826e-07
อย่า	O=0.9999997615814209|NORM=2.2177719927185535e-07
ซุ่ม	O=0.9999979734420776|NORM=2.0483842035901034e-06
_	O=0.9999997615814209|NORM=2.744282312505675e-07
ใคร	O=0.9999997615814209|NORM=2.5827148419921286e-07
ซุ่ม	O=0.9999986886978149|NORM=1.3098093631924712e-06
กู	O=0.9999994039535522|NORM=5.766719937128073e-07
จับ	O=0.9999996423721313|NORM=2.981174986871338e-07
ทำ	O=0.9999997615814209|NORM=2.1494950885880826e-07
ผัว	O=0.9999990463256836|NORM=9.65845742939564e-07
_	O=0.9999995231628418|NORM=4.884001896243717e-07
-	O=0.9999996423721313|NORM=3.450481926847715e-07
จะ	O=0.9999997615814209|NORM=2.1940860506219906e-07
เชิญ	O=0.9999996423721313|NORM=3.5320178426445636e-07
ใคร	O=0.9999997615814209|NORM=2.4985450863823644e-07
ก็	O=0.9999997615814209|NORM=2.515849075734877e-07
บอก	O=0.9999997615814209|NORM=2.678017949619971e-07
กู	O=0.9999992847442627|NORM=7.143481752791558e-07
ก่อน	O=0.9999996423721313|NORM=3.23143638070178e-07
_	O=0.9999994039535522|NORM=5.262479021439503e-07
รี	O=0.9999988079071045|NORM=1.209283141179185e-06
ไว้	O=0.9999995231628418|NORM=5.183858320378931e-07
เดี๋ยว	O=0.9999984502792358|NORM=1.507253273302922e-06
ลาก	O=0.9999983310699463|NORM=1.706333137008187e-06
_	O=0.9999992847442627|NORM=7.231251970551966e-07
#rtลากเข้ากลุ่ม	O=0.9999974966049194|NORM=2.5308872864115983e-06
_	O=0.9999992847442627|NORM=7.005675115578924e-07
#บอท	NORM=0.9696528911590576|O=0.03034711815416813
NCT	O=0.9999971389770508|NORM=2.833401595125906e-06
_	O=0.9999990463256836|NORM=8.304976404360787e-07
#บอท	NORM=0.9999643564224243|O=3.5579891118686646e-05
บังทัน	O=0.9999995231628418|NORM=4.810002565136529e-07
_	O=0.9999996423721313|NORM=3.0648331517113547e-07
#บอท	NORM=0.9999138116836548|O=8.62180968397297e-05
wannaone	O=0.9999997615814209|NORM=2.7459682883090863e-07
_	O=0.9999997615814209|NORM=2.1985665910051466e-07
#บอท	NORM=0.9999402761459351|O=5.9653491916833445e-05
exo	O=0.9999996423721313|NORM=3.269231285685237e-07
_	O=0.9999997615814209|NORM=2.2074955552398023e-07
#ยืมเมจforLB	O=0.9999996423721313|NORM=3.283767853190511e-07
_	O=0.9999996423721313|NORM=3.0195568001545325e-07
#ยืมเมจfosrex	O=0.9999996423721313|NORM=3.0033817211005953e-07

รีวิว	O=0.9999983310699463|NORM=1.6568452565479674e-06
ปี	O=0.9999996423721313|NORM=3.932764798264543e-07
2018	O=0.9999986886978149|NORM=1.2694260931311874e-06
ปี	O=0.9999995231628418|NORM=4.2209589423691796e-07
นี้	O=0.9999994039535522|NORM=5.398167672865384e-07
_	O=0.9999994039535522|NORM=6.230739586499112e-07
ปี	O=0.9999996423721313|NORM=3.5095618500236014e-07
นี้	O=0.9999995231628418|NORM=4.697664337527385e-07
เป็น	O=0.9999997615814209|NORM=2.747325424934388e-07
ปี	O=0.9999997615814209|NORM=2.9143058100089547e-07
ที่	O=0.9999997615814209|NORM=2.747257212831755e-07
กู	O=0.9999961853027344|NORM=3.824514351435937e-06
เสีย	O=0.9999995231628418|NORM=4.432813227595034e-07
น้ำตา	O=0.9999994039535522|NORM=6.089366593187151e-07
มาก	O=0.9999995231628418|NORM=4.6496970185216924e-07
ที่สุด	O=0.9999991655349731|NORM=7.7527045050374e-07
_	O=0.9999995231628418|NORM=4.4238265672902344e-07
ร้อง	O=0.9999995231628418|NORM=4.806967126569361e-07
เยอะ	O=0.9999995231628418|NORM=4.574568492898834e-07
มาก	O=0.9999990463256836|NORM=9.809900802792981e-07
_	O=0.9999994039535522|NORM=5.498037012330315e-07
เสียใจ	O=0.9999995231628418|NORM=4.3726126364163065e-07
เยอะ	O=0.9999995231628418|NORM=5.11471569097921e-07
_	O=0.9999995231628418|NORM=4.985604959983903e-07
ช่วง	O=0.9999996423721313|NORM=3.7897029869782273e-07
ต้นปี	O=0.9999996423721313|NORM=3.4476397559046745e-07
ถือ	O=0.9999979734420776|NORM=2.031854364759056e-06
ว่า	O=0.999998927116394|NORM=1.0821354408108164e-06
ยัง	O=0.9999991655349731|NORM=8.380961276088783e-07
ดี	O=0.9999992847442627|NORM=7.010387435002485e-07
_	O=0.9999992847442627|NORM=6.287883138611505e-07
แต่	O=0.9999996423721313|NORM=3.38437928348867e-07
พอ	O=0.9999995231628418|NORM=4.766961865243502e-07
ลง	O=0.999998927116394|NORM=1.0964827197312843e-06
หลัง	O=0.9999977350234985|NORM=2.2896742848388385e-06
มิถุนายน	O=0.9999953508377075|NORM=4.615353191184113e-06
ลง	O=0.9999991655349731|NORM=7.79453102950356e-07
ไป	O=0.9999994039535522|NORM=6.143620225884661e-07
สิ่ง	O=0.9999995231628418|NORM=5.037263690610416e-07
ต่างๆ	NORM=0.9999533891677856|O=4.572490797727369e-05
เริ่ม	O=0.9999996423721313|NORM=3.7491506077458325e-07
เข้า	O=0.9999992847442627|NORM=6.945656423340552e-07
มา	O=0.9999992847442627|NORM=7.402221058327996e-07
ทักทาย	O=0.9999982118606567|NORM=1.7441307136323303e-06
ล่ะ	O=0.9997382760047913|NORM=0.0002616558922454715
_	O=0.9999992847442627|NORM=6.593417083422537e-07
ทั้ง	O=0.9999996423721313|NORM=3.351869679590891e-07
ความเหนื่อย	O=0.9999992847442627|NORM=7.568932574031351e-07
_	O=0.9999995231628418|NORM=4.944014335706015e-07
อดทน	O=0.9999980926513672|NORM=1.8837120023817988e-06
เพื่อนๆ	O=0.9943674206733704|NORM=0.005632556509226561
บ้าง	O=0.9999853372573853|NORM=1.4692348486278206e-05
ครอบครัว	O=0.9999995231628418|NORM=4.276782874512719e-07
_	O=0.9999992847442627|NORM=7.201562652880966e-07
คนใกล้ตัว	O=0.9999984502792358|NORM=1.5363862075901125e-06
_	O=0.9999994039535522|NORM=5.921303340983286e-07
โรงเรียน	O=0.9999992847442627|NORM=7.450244652318361e-07
_	O=0.9999992847442627|NORM=6.45448437808227e-07
รู้สึก	O=0.9999992847442627|NORM=6.871647997286345e-07
แบกรับ	O=0.9999984502792358|NORM=1.5707520333307912e-06
เยอะ	O=0.9999996423721313|NORM=3.6979906781198224e-07
มาก	O=0.9999996423721313|NORM=3.927599721009756e-07
_	O=0.9999996423721313|NORM=3.1882444773145835e-07
คน	O=0.9999994039535522|NORM=5.670848963745811e-07
ที่	O=0.9999996423721313|NORM=3.5511175155988894e-07
ตัวเอง	O=0.9999990463256836|NORM=9.936874221239123e-07
รู้สึก	O=0.9999992847442627|NORM=7.46059754419548e-07
กับ	O=0.9999997615814209|NORM=2.9047939165138814e-07
เขา	O=0.9999996423721313|NORM=4.100367050341447e-07
อีก	O=0.9999992847442627|NORM=6.663596536782279e-07
มัน	O=0.9999992847442627|NORM=7.311051035685523e-07
ไม่	O=0.9999996423721313|NORM=3.95181501744446e-07
เหมือน	O=0.9999992847442627|NORM=7.022405270618037e-07
เดิม	O=0.9999995231628418|NORM=5.018587785343698e-07
_	O=0.9999991655349731|NORM=7.907376584626036e-07
จบ	O=0.9999988079071045|NORM=1.179078822133306e-06
รีวิว	O=0.9999958276748657|NORM=4.201470801490359e-06

เก็บ	O=0.9999991655349731|NORM=8.21069590983825e-07
ภาพ	O=0.9999991655349731|NORM=8.524640975338116e-07
บรรยากาศ	O=0.9999991655349731|NORM=8.228292927014991e-07
งาน	O=0.9999997615814209|NORM=2.2513974329285702e-07
แถลง	O=0.9999990463256836|NORM=9.423075084669108e-07
ข่าว	O=0.9999994039535522|NORM=6.357751658470079e-07
_	O=0.9999994039535522|NORM=4.993174798073596e-07
สัปดาห์	O=0.9999985694885254|NORM=1.4252640312406584e-06
ภาพยนตร์	O=0.9999994039535522|NORM=5.576097805715108e-07
รัสเซีย	O=0.9999946355819702|NORM=5.402141141530592e-06
ใน	O=0.9999996423721313|NORM=3.504748917748657e-07
ประเทศ	O=0.9999992847442627|NORM=6.568338335455337e-07
ไทย	O=0.9999984502792358|NORM=1.5460341273865197e-06
_	O=0.9999995231628418|NORM=3.878766108300624e-07
โดย	O=0.9999996423721313|NORM=3.50054335740424e-07
คัดสรร	O=0.9999872446060181|NORM=1.2758835509885103e-05
ภาพยนตร์	O=0.9999992847442627|NORM=7.520588951592799e-07
คุณภาพ	O=0.9999957084655762|NORM=4.233575054968242e-06
จาก	O=0.9999997615814209|NORM=2.424459637495602e-07
ดินแดน	O=0.9999992847442627|NORM=6.507571583824756e-07
หมี	O=0.999997615814209|NORM=2.4066694095381536e-06
ขาว	O=0.999998927116394|NORM=1.1198545735169319e-06
_	O=0.9999996423721313|NORM=3.313495255952148e-07
ซึ่ง	O=0.9999996423721313|NORM=3.65051533890437e-07
เป็น	O=0.9999996423721313|NORM=2.7813908332063875e-07
ภาพยนตร์	O=0.9999994039535522|NORM=5.711179369427555e-07
ใหม่	O=0.9999996423721313|NORM=3.3053527204174316e-07
_	O=0.9999996423721313|NORM=2.924835484918731e-07
จำนวน	O=0.9999995231628418|NORM=4.646917659556493e-07
_	O=0.9999996423721313|NORM=2.8164103582639655e-07
6	O=0.9999996423721313|NORM=3.29980963442722e-07
เรื่อง	O=0.9999996423721313|NORM=3.673971491480188e-07
_	O=0.9999997615814209|NORM=2.664744727098878e-07
6	O=0.9999996423721313|NORM=3.6006431969326513e-07
รสชาติ	O=0.999982476234436|NORM=1.751264244376216e-05
_	O=0.9999996423721313|NORM=3.124834506706975e-07
พร้อม	O=0.9999996423721313|NORM=2.912626939632901e-07
บท	O=0.9999994039535522|NORM=6.211878371686907e-07
บรรยาย	O=0.9999994039535522|NORM=5.854237770108739e-07
ภาษา	O=0.9999995231628418|NORM=4.890308105132135e-07
ไทย	O=0.9999990463256836|NORM=9.342417115476565e-07
-	O=0.9999991655349731|NORM=7.913140507298522e-07
อังกฤษ	O=0.9999967813491821|NORM=3.2684631605661707e-06
_	O=0.9999995231628418|NORM=4.2384004927953356e-07
ชม	O=0.9999991655349731|NORM=8.298073908008519e-07
ฟรี	O=0.9999994039535522|NORM=5.91692810303357e-07
ทุก	O=0.9999995231628418|NORM=4.578107848374202e-07
เรื่อง	O=0.9999995231628418|NORM=4.127909392082074e-07
_	O=0.9999995231628418|NORM=4.0843218584996066e-07
ทุก	O=0.9999996423721313|NORM=3.5597437886281114e-07
รอบ	O=0.9999991655349731|NORM=8.054789191191958e-07
_	O=0.9999996423721313|NORM=3.4819646543837734e-07
ทุก	O=0.9999997615814209|NORM=2.5072239395740326e-07
ที่นั่ง	O=0.9999995231628418|NORM=4.3438674879325845e-07
_	O=0.9999992847442627|NORM=7.31610782622738e-07
ตั้งแต่	O=0.9999995231628418|NORM=5.165450716049236e-07
_	O=0.9999995231628418|NORM=5.10728739300248e-07
20	O=0.9999995231628418|NORM=4.7202848918459495e-07
-	O=0.9999996423721313|NORM=3.962683763347741e-07
24	O=0.9999995231628418|NORM=4.1110124016086047e-07
_	O=0.9999995231628418|NORM=4.2217516238451935e-07
ธ.ค.	O=0.9999924898147583|NORM=7.496731541323243e-06
นี้	O=0.9999992847442627|NORM=7.373741937044542e-07
_	O=0.9999994039535522|NORM=5.134116918270593e-07
ที่	O=0.9999996423721313|NORM=3.744265768546029e-07
_	O=0.9999995231628418|NORM=4.7024965965647425e-07
เอส	O=0.9999918937683105|NORM=8.085852641670499e-06
เอฟ	O=0.9999964237213135|NORM=3.5288969684188487e-06
เวิลด์	O=0.9999904632568359|NORM=9.476602826907765e-06
_	O=0.9999992847442627|NORM=6.825745231253677e-07
ซีเนม่า	O=0.9999709129333496|NORM=2.9076396458549425e-05
_	O=0.9999991655349731|NORM=7.685054015382775e-07
เซ็นทรัลเวิลด์	O=0.9999953508377075|NORM=4.66212122773868e-06
_	O=0.9999994039535522|NORM=5.712715847039362e-07
ห้าม	O=0.999998927116394|NORM=1.0757610198197654e-06
พลาด!!	O=0.9487193822860718|NORM=0.05128056928515434

อ่ะ	NORM=0.9944509863853455|O=0.005548940505832434
แล้ว	O=0.9999996423721313|NORM=3.9375385085804737e-07
พี่	O=0.9999996423721313|NORM=3.0922367955099617e-07
อยาก	O=0.9999997615814209|NORM=2.1874946298794384e-07
ได้	O=0.9999997615814209|NORM=2.454054026657104e-07
ภาษา	O=0.9999994039535522|NORM=6.158167593639519e-07
ไทย	O=0.9999982118606567|NORM=1.7832180674304254e-06
ระดับ	O=0.9999995231628418|NORM=4.993813149667403e-07
ไหน	O=0.9999991655349731|NORM=7.7707875334454e-07
จาก	O=0.9999997615814209|NORM=2.279074777788992e-07
นู่	O=0.8361471891403198|NORM=0.16385281085968018
อะ	O=0.9990311861038208|NORM=0.0009688616846688092
คับ	NORM=0.9993059635162354|O=0.0006940438761375844
_	O=0.9999997615814209|NORM=2.2695206780554145e-07
นู่	O=0.9984201192855835|NORM=0.0015798640670254827
ได้	O=0.9999997615814209|NORM=2.1181793385949277e-07
แค่	O=0.9999996423721313|NORM=3.9767783732713724e-07
_	O=0.9999997615814209|NORM=2.6672617536860344e-07
ป.	O=0.999995231628418|NORM=4.73270347356447e-06
6	O=0.9999995231628418|NORM=4.554040344828536e-07
_	O=0.9999996423721313|NORM=3.262501024892117e-07
เอง	O=0.9999996423721313|NORM=3.095172473877028e-07
พี่	O=0.9999996423721313|NORM=3.5358465311219334e-07
_	O=0.9999996423721313|NORM=3.131546577606059e-07
พอ	O=0.9999997615814209|NORM=1.7904075377828121e-07
ได้	O=0.9999997615814209|NORM=1.925338466435278e-07
มะ	NORM=0.9998090863227844|O=0.0001909912098199129
คับ	NORM=0.9997933506965637|O=0.0002066235028905794
_	O=0.9999996423721313|NORM=3.1848256298872e-07
พิม	NORM=0.9996448755264282|O=0.0003550718247424811
ยัง	O=0.9999997615814209|NORM=2.241050793827526e-07
มะ	NORM=0.9997879862785339|O=0.00021199184993747622
ถูก	O=0.9999995231628418|NORM=5.289499540594989e-07
คุย	O=0.9999996423721313|NORM=3.908148471509776e-07
กะ	O=0.999406099319458|NORM=0.0005939071415923536
ไม่	O=0.999996542930603|NORM=3.4629867968760664e-06
ลู้	NORM=0.9998307228088379|O=0.00016919377958402038
เรื่อง	O=0.9999996423721313|NORM=3.460912409991579e-07
_	O=0.9999996423721313|NORM=2.7027692794945324e-07
นู่	O=0.7594473361968994|NORM=0.24055266380310059
โดน	O=0.9999996423721313|NORM=3.556937144821859e-07
ตลอด	O=0.9999996423721313|NORM=4.0277251400766545e-07
เลย	O=0.9999997615814209|NORM=2.4590627845100244e-07
คับ	NORM=0.999071478843689|O=0.00092851318186149
แต่	O=0.9999995231628418|NORM=4.078320046119188e-07
ไม่	O=0.9999997615814209|NORM=2.5279706505898503e-07
เป็น	O=0.9999997615814209|NORM=2.701040386909881e-07
ไร	O=0.9998514652252197|NORM=0.00014850306615699083
คับ	NORM=0.9992634654045105|O=0.0007365710334852338
ถ้า	O=0.9999997615814209|NORM=2.402176733085071e-07
พี่	O=0.9999994039535522|NORM=5.355678354135307e-07
ม่า	NORM=0.997312068939209|O=0.002687802305445075
จน	O=0.9999992847442627|NORM=6.727848358423216e-07
หิว	O=0.9999982118606567|NORM=1.823400566536293e-06
อย่า	O=0.9999997615814209|NORM=2.3558625628083973e-07
ลืม	O=0.9999995231628418|NORM=5.091482648822421e-07
ซื้อ	O=0.9999996423721313|NORM=3.7623061643898836e-07
ไส้กรอก	O=0.9999818801879883|NORM=1.8164259017794393e-05
CP	O=0.9999873638153076|NORM=1.2654755664698314e-05
มา	O=0.9999996423721313|NORM=3.539962847298739e-07
เผื่อ	O=0.9999994039535522|NORM=5.506138904820546e-07
นะ	O=0.9999972581863403|NORM=2.7074775061919354e-06
คับ	NORM=0.9998045563697815|O=0.00019545541726984084
เป็นห่วง	O=0.9999978542327881|NORM=2.12016516343283e-06
_	O=0.9999996423721313|NORM=3.422892120852339e-07
ถ้า	O=0.9999997615814209|NORM=2.584530705007637e-07
กลัว	O=0.9999996423721313|NORM=3.246742892315524e-07
ตาม	O=0.9999997615814209|NORM=2.6912312023341656e-07
ม่า	NORM=0.999417781829834|O=0.0005822062375955284
ไม่	O=0.9999996423721313|NORM=3.477836116871913e-07
ทัน	O=0.9999991655349731|NORM=7.982090437508305e-07
อีก	O=0.9999996423721313|NORM=3.287079550773342e-07
ไป	O=0.9999996423721313|NORM=3.4824094541363593e-07
คับ	NORM=0.9940488338470459|O=0.005951227620244026
Vivo	O=0.9999995231628418|NORM=3.9934926121532044e-07
_	O=0.9999994039535522|NORM=5.484646408149274e-07
v	O=0.9999996423721313|NORM=3.017901519797306e-07
11	O=0.9999991655349731|NORM=7.669005981369992e-07
_	O=0.9999995231628418|NORM=4.162162383636314e-07
#BamBamApologizeToMinnie	O=0.9999995231628418|NORM=4.723324593669531e-07
_	O=0.9999991655349731|NORM=6.29124201623199e-07
#แอคเห็บApologizeToทั่นนู่	O=0.9999750852584839|NORM=2.4926312107709236e-05

ช่วง	O=0.9999992847442627|NORM=7.459416337951552e-07
นี้	O=0.9999994039535522|NORM=6.2767162489763e-07
คือ	O=0.999998927116394|NORM=1.0343024996473105e-06
บ้า	O=0.9999972581863403|NORM=2.7832268187921727e-06
ซื้อ	O=0.9999996423721313|NORM=3.08906834334266e-07
สกินแคร์	O=0.9997970461845398|NORM=0.0002028416347457096
มาก	O=0.9999994039535522|NORM=5.649004606311792e-07
_	O=0.9999995231628418|NORM=4.281500594061072e-07
แบบ	O=0.9999995231628418|NORM=4.3824272211168136e-07
ตัว	O=0.9999997615814209|NORM=2.906633937982406e-07
ไหน	O=0.9999996423721313|NORM=3.9097213289096544e-07
เค้า	NORM=0.9783905148506165|O=0.021609490737318993
ว่า	O=0.9999996423721313|NORM=3.330952722535585e-07
ดี	O=0.9999996423721313|NORM=3.505701613448764e-07
คือ	O=0.9999996423721313|NORM=2.9295364356585196e-07
ซื้อ	O=0.9999996423721313|NORM=2.9894141562181176e-07
ตาม	O=0.9999996423721313|NORM=3.064628515403456e-07
หมด	O=0.9999995231628418|NORM=4.463806817511795e-07
_	O=0.9999995231628418|NORM=4.913626412417216e-07
ยิ่ง	O=0.9999996423721313|NORM=3.392985377104196e-07
ไป	O=0.9999991655349731|NORM=8.409086831306922e-07
อ่าน	O=0.9999995231628418|NORM=4.692506081482861e-07
ใน	O=0.9999986886978149|NORM=1.3083138128422434e-06
แท็ก	O=0.9999910593032837|NORM=8.940216503106058e-06
รีวิว	O=0.9999992847442627|NORM=7.396864702968742e-07
ยิ่ง	O=0.9999997615814209|NORM=2.349819681057852e-07
ตก	O=0.9999995231628418|NORM=4.204799495255429e-07
เป็น	O=0.9999996423721313|NORM=3.541354089975357e-07
ทาส	O=0.997718870639801|NORM=0.0022811288945376873
_	O=0.9999994039535522|NORM=5.471538315759972e-07
อย่าง	O=0.9999996423721313|NORM=3.9438072008124436e-07
พวก	O=0.9999985694885254|NORM=1.396890638716286e-06
ครีม	O=0.9999979734420776|NORM=1.9803524082817603e-06
ซอง	O=0.9999980926513672|NORM=1.9040490997213055e-06
ใน	O=0.9999996423721313|NORM=3.6705077377519046e-07
เซเว่น	O=0.9999819993972778|NORM=1.7983158613787964e-05
ก็	O=0.9999996423721313|NORM=3.834916242340114e-07
คือ	O=0.9999994039535522|NORM=5.960537805549393e-07
ซื้อ	O=0.9999997615814209|NORM=2.787737685139291e-07
จะ	O=0.9999997615814209|NORM=2.6473102821000793e-07
ทั้ง	O=0.9999996423721313|NORM=4.08160474307806e-07
เซเว่น	O=0.9999830722808838|NORM=1.697854168014601e-05
ละ	NORM=0.9084105491638184|O=0.09158943593502045
_	O=0.9999992847442627|NORM=6.632087661273545e-07
แต่	O=0.9999996423721313|NORM=3.53018577925468e-07
ส่วน	O=0.9999997615814209|NORM=2.674779011613282e-07
มาก	O=0.9999995231628418|NORM=5.000037504032662e-07
นี่	O=0.9999994039535522|NORM=5.848713158229657e-07
จะ	O=0.9999997615814209|NORM=2.5473286768828984e-07
ซื้อ	O=0.9999996423721313|NORM=3.0649238169644377e-07
ตาม	O=0.9999996423721313|NORM=3.366773455582006e-07
แอค	NORM=0.9982142448425293|O=0.001785804401151836
ธรรมดา	O=0.9999957084655762|NORM=4.306071332393913e-06
ที่	O=0.9999997615814209|NORM=2.587670451248414e-07
เค้า	NORM=0.9800941348075867|O=0.01990591362118721
มา	O=0.9999996423721313|NORM=3.637629220065719e-07
รีวิว	O=0.9999995231628418|NORM=4.868493306275923e-07
มาก	O=0.9999996423721313|NORM=3.586851846648642e-07
กว่า	O=0.9999996423721313|NORM=3.5679244092534645e-07
จะ	O=0.9999997615814209|NORM=2.6320574875171587e-07
ซื้อ	O=0.9999997615814209|NORM=2.880962881590676e-07
ตาม	O=0.9999996423721313|NORM=3.0834084441266896e-07
.	O=0.999988317489624|NORM=1.158201939688297e-05
บตบก	O=0.9687082767486572|NORM=0.03129163756966591
_	O=0.9999991655349731|NORM=7.628114531144092e-07
ไม่	O=0.9999997615814209|NORM=2.647136057021271e-07
รู้	O=0.9999994039535522|NORM=5.595755396825552e-07
ดิ	NORM=0.5903403759002686|O=0.40965965390205383
ส่วนตัว	O=0.9999971389770508|NORM=2.808155159073067e-06
นี่	O=0.999998927116394|NORM=1.0231381111225346e-06
มี	O=0.9999996423721313|NORM=3.974287778873986e-07
ความรู้สึก	O=0.9999994039535522|NORM=5.98169322074682e-07
ว่า	O=0.9999996423721313|NORM=3.8570146898564417e-07
เออ	O=0.9992504715919495|NORM=0.0007495086174458265
เค้า	NORM=0.9160917401313782|O=0.08390828967094421
ดู	O=0.9999994039535522|NORM=5.800862936666817e-07
ใช้	O=0.9999995231628418|NORM=4.205364803056e-07
จริง	O=0.9999995231628418|NORM=4.6487303961839643e-07
มาก	O=0.9999994039535522|NORM=5.559292617363099e-07
กว่า	O=0.9999994039535522|NORM=5.661365776177263e-07
_	O=0.9999990463256836|NORM=9.282745168093243e-07
บตบก	NORM=0.5458534955978394|O=0.45414647459983826
อีก	O=0.9999980926513672|NORM=1.904984515022079e-06
อะ	O=0.9861637949943542|NORM=0.013836231082677841
5555	O=0.9999885559082031|NORM=1.1425231605244335e-05

เรา	O=0.9999996423721313|NORM=3.07984919345472e-07
เริ่ม	O=0.9999997615814209|NORM=2.743774700775248e-07
คิด	O=0.9999996423721313|NORM=3.5323347447047126e-07
ว่า	O=0.9999996423721313|NORM=2.978585769142228e-07
_	O=0.9999994039535522|NORM=5.4824346307214e-07
ชีวิต	O=0.9999997615814209|NORM=2.6674806008486485e-07
ติ่ง	O=0.9999948740005493|NORM=5.076808520243503e-06
นี่	O=0.9999995231628418|NORM=4.438066980583244e-07
ไม่	O=0.9999997615814209|NORM=2.5554533067406737e-07
เห็น	O=0.9999995231628418|NORM=4.411675718074548e-07
สนุก	O=0.9999994039535522|NORM=5.641015263790905e-07
เลย	O=0.9999991655349731|NORM=7.83335565301968e-07
_	O=0.9999997615814209|NORM=2.527524713968887e-07
มี	O=0.9999997615814209|NORM=2.531022289531393e-07
แต่	O=0.9999996423721313|NORM=3.096669161095633e-07
ดราม่า	O=0.9999978542327881|NORM=2.1149992335267598e-06
_	O=0.9999997615814209|NORM=2.708841577714338e-07
เบื่อ	O=0.9999995231628418|NORM=5.044042268309568e-07
จุง	NORM=0.9999555349349976|O=4.44252546003554e-05
_	O=0.9999996423721313|NORM=3.3194541515513265e-07
ครั้ง	O=0.9999997615814209|NORM=2.1301597996625787e-07
แรก	O=0.9999997615814209|NORM=2.4630151074234163e-07
ใน	O=0.9999996423721313|NORM=3.619510096086742e-07
การติ่ง	O=0.9999970197677612|NORM=2.937430735983071e-06
ใคร	O=0.9999997615814209|NORM=2.761165092124429e-07
สัก	O=0.9999995231628418|NORM=4.359397109965357e-07
คน	O=0.9999996423721313|NORM=4.076259756402578e-07
แรกๆ	NORM=0.9997712969779968|O=0.0002287135284859687
ก็	O=0.9999996423721313|NORM=2.938596992407838e-07
ดี	O=0.9999996423721313|NORM=3.10991026708507e-07
_	O=0.9999996423721313|NORM=3.257200376083347e-07
แต่	O=0.9999997615814209|NORM=2.3110408164939145e-07
พอ	O=0.9999997615814209|NORM=1.9875808732194855e-07
เข้า	O=0.9999997615814209|NORM=2.641189951191336e-07
มา	O=0.9999996423721313|NORM=3.123690248685307e-07
ลึก	O=0.9999991655349731|NORM=8.646992455396685e-07
เรื่อยๆ	NORM=0.9999890327453613|O=1.0880360605369788e-05
_	O=0.9999995231628418|NORM=4.033794311908423e-07
ก็	O=0.9999997615814209|NORM=1.9122109051750158e-07
เจอ	O=0.9999996423721313|NORM=2.961192819839198e-07
แต่	O=0.9999996423721313|NORM=3.8732184748369036e-07
ความเกรี้ยวกราด	O=0.9999939203262329|NORM=6.063785349397222e-06
...	O=0.9999992847442627|NORM=6.550884563694126e-07
กลับ	O=0.9999997615814209|NORM=2.076291281127851e-07
ไป	O=0.9999996423721313|NORM=3.1233355457516154e-07
ลัลล้า	O=0.9999637603759766|NORM=3.619887866079807e-05
ที่	O=0.9999997615814209|NORM=1.816421928424461e-07
โลก	O=0.9999997615814209|NORM=2.6447060008649714e-07
ภาย	O=0.9999992847442627|NORM=7.482250907742127e-07
นอก	O=0.9999996423721313|NORM=3.499151546293433e-07
เหมือน	O=0.9999997615814209|NORM=2.787402877402201e-07
เดิม	O=0.9999997615814209|NORM=2.4658447728143074e-07
ดี	O=0.9999997615814209|NORM=2.2955111944611417e-07
กว่า	O=0.9999997615814209|NORM=2.4280089405692706e-07
_	O=0.9999997615814209|NORM=2.593055796751287e-07
แต่	O=0.9999997615814209|NORM=2.230151920912249e-07
ก็	O=0.9999997615814209|NORM=2.031418944170582e-07
จะ	O=0.9999997615814209|NORM=1.8621625486048288e-07
เป็น	O=0.9999997615814209|NORM=2.712243372116063e-07
กลจ	NORM=0.999944806098938|O=5.515944940270856e-05
ให้	O=0.9999997615814209|NORM=2.294904817290444e-07
เป๊ก	O=0.9999854564666748|NORM=1.4555660527548753e-05
ตลอด	O=0.9999997615814209|NORM=2.470745812388486e-07
_	O=0.9999996423721313|NORM=3.0238390991144115e-07
จะ	O=0.9999997615814209|NORM=1.9026155939627643e-07
เข้า	O=0.9999997615814209|NORM=2.5295864247709687e-07
มา	O=0.9999997615814209|NORM=2.6944644559989683e-07
ดู	O=0.9999996423721313|NORM=3.2321176490768266e-07
เรื่อยๆ	NORM=0.9999881982803345|O=1.1726458978955634e-05
_	O=0.9999982118606567|NORM=1.7536691530040116e-06
ล่ะ	O=0.9998233914375305|NORM=0.00017669291992206126
_	O=0.9999994039535522|NORM=5.027760607845266e-07
ถ้า	O=0.9999997615814209|NORM=2.1204208167091565e-07
ว่าง	O=0.9999995231628418|NORM=4.52505588555141e-07
_	O=0.9999995231628418|NORM=3.9847196831033216e-07
เพราะ	O=0.9999997615814209|NORM=2.4094129003060516e-07
ว่า	O=0.9999995231628418|NORM=4.606970662734966e-07
เรา	O=0.9999995231628418|NORM=4.2620479234756203e-07
ชอบ	O=0.9999995231628418|NORM=4.6717966029063973e-07
เล่น	O=0.9999990463256836|NORM=9.080171707864793e-07
ทวิต	NORM=0.6282047033309937|O=0.37179532647132874
_	O=0.9999984502792358|NORM=1.539069899081369e-06
ดู	O=0.9999994039535522|NORM=5.962749582977267e-07
เทรน	NORM=0.9606016874313354|O=0.03939828276634216
ต่างๆ	NORM=0.9997807145118713|O=0.00021879406995140016

ตอน	O=0.9999996423721313|NORM=3.584937076084316e-07
นี้	O=0.9999996423721313|NORM=3.3288759482275054e-07
อารมณ์	O=0.9999996423721313|NORM=3.0305164955279906e-07
มะ	NORM=0.9999445676803589|O=5.526980385184288e-05
ดี	O=0.9999997615814209|NORM=2.923419515354908e-07
เลย	O=0.9999996423721313|NORM=3.8904400412320683e-07
นึก	O=0.9999994039535522|NORM=5.444549628919049e-07
พล็อต	O=0.9999959468841553|NORM=4.073394393344643e-06
เรย์นอร์	O=0.9962820410728455|NORM=0.003717295825481415
ขึ้น	O=0.9999995231628418|NORM=4.2102246311515046e-07
ได้	O=0.9999997615814209|NORM=2.1017176266013848e-07
_	O=0.9999997615814209|NORM=2.61980147797658e-07
นอร์แมน	O=0.9996734857559204|NORM=0.0003265705599915236
จิตใจ	O=0.9999990463256836|NORM=9.975376542570302e-07
รัก	O=0.9999982118606567|NORM=1.777087618393125e-06
เอ็มม่า	O=0.9999361038208008|NORM=6.386171298800036e-05
แต่	O=0.9999996423721313|NORM=3.746441166185832e-07
ร่างกาย	O=0.9999996423721313|NORM=3.953009866108914e-07
รัก	O=0.9999966621398926|NORM=3.3780536341510015e-06
เรย์	O=0.9995037317276001|NORM=0.0004962828243151307
_	O=0.9999996423721313|NORM=3.2036882657848764e-07
ขาด	O=0.9999997615814209|NORM=2.2508908159579732e-07
ทั้ง	O=0.9999997615814209|NORM=2.3477859656395594e-07
สอง	O=0.9999996423721313|NORM=3.2399717042608245e-07
คน	O=0.9999997615814209|NORM=2.537167915761529e-07
ไป	O=0.9999996423721313|NORM=3.4146140137636394e-07
ไม่	O=0.9999997615814209|NORM=1.9281664265236031e-07
ได้	O=0.9999997615814209|NORM=2.175083864131011e-07
และ	O=0.9999988079071045|NORM=1.1269049764450756e-06
เลือก	O=0.9999997615814209|NORM=2.2044156366973766e-07
ไม่	O=0.9999997615814209|NORM=2.148827036307921e-07
ได้	O=0.9999997615814209|NORM=2.492671171694383e-07
ว่า	O=0.9999997615814209|NORM=2.6725376756076e-07
จะ	O=0.9999997615814209|NORM=2.0237268927303376e-07
เลือก	O=0.9999997615814209|NORM=1.8575332205728046e-07
ใคร	O=0.9999997615814209|NORM=2.3222774814257718e-07
_	O=0.9999996423721313|NORM=3.056878483675973e-07
นอร์	O=0.999049723148346|NORM=0.0009500293526798487
กับ	O=0.9999994039535522|NORM=6.328787094389554e-07
เอ็ม	O=0.9999885559082031|NORM=1.1404895303712692e-05
แต่งงาน	O=0.9999996423721313|NORM=3.140851561056479e-07
กัน	O=0.9999997615814209|NORM=2.162384475923318e-07
ถูกต้อง	O=0.9999997615814209|NORM=2.3552604488941142e-07
ตาม	O=0.9999997615814209|NORM=1.9525087679994613e-07
กฎหมาย	O=0.9999997615814209|NORM=2.77804304005258e-07
_	O=0.9999996423721313|NORM=3.4509162105678115e-07
เรย์	O=0.9603055715560913|NORM=0.03969448804855347
ที่	O=0.9999991655349731|NORM=7.824635304132244e-07
รัก	O=0.9999992847442627|NORM=7.087803624017397e-07
นอร์แมน	O=0.9999046325683594|NORM=9.529697854304686e-05
ก็	O=0.9999997615814209|NORM=2.3025513939956e-07
พยายาม	O=0.9999997615814209|NORM=2.558350331582915e-07
ทำให้	O=0.9999997615814209|NORM=2.130549887624511e-07
ร่างกาย	O=0.9999997615814209|NORM=2.932773952579737e-07
นอร์แมน	O=0.9998338222503662|NORM=0.00016612588660791516
ขาด	O=0.9999997615814209|NORM=2.283811397774116e-07
รสชาติ	O=0.9999984502792358|NORM=1.545721602269623e-06
ของ	O=0.9999997615814209|NORM=2.4041889901127433e-07
เขา	O=0.9999997615814209|NORM=2.3233762647123513e-07
ไม่	O=0.9999997615814209|NORM=2.318276699497801e-07
ได้	O=0.9999997615814209|NORM=2.0110751108859404e-07
มากขึ้นๆ	O=0.9910923838615417|NORM=0.008907586336135864
_	O=0.9999995231628418|NORM=4.1721969523678126e-07
ที	O=0.9999991655349731|NORM=8.72004989105335e-07
งี้	O=0.9978170394897461|NORM=0.002182994969189167
เอ็มม่า	O=0.9999847412109375|NORM=1.528255597804673e-05
มา	O=0.9999996423721313|NORM=3.6241834777683835e-07
รู้	O=0.9999997615814209|NORM=2.3210199628920236e-07
ความจริง	O=0.9999997615814209|NORM=2.3344502153577196e-07
เข้า	O=0.9999997615814209|NORM=1.9521512228948268e-07
บรรลัย	O=0.9985291957855225|NORM=0.0014707258669659495

ยกตัวอย่าง	O=0.999998927116394|NORM=1.0941272421405301e-06
เพลง	O=0.9999995231628418|NORM=4.67730671971367e-07
มัดหมี่	O=0.999980092048645|NORM=1.992578836507164e-05
ใน	O=0.9999992847442627|NORM=6.734767907801142e-07
ตำนาน	O=0.9999985694885254|NORM=1.3654013173436397e-06
_	O=0.9999995231628418|NORM=4.192006883840804e-07
เรา	O=0.9999996423721313|NORM=2.9484723995665263e-07
ว่า	O=0.9999997615814209|NORM=2.55243065794275e-07
ถ้า	O=0.9999996423721313|NORM=3.3128731047327165e-07
ไม่	O=0.9999995231628418|NORM=4.5522469349634775e-07
พยายาม	O=0.9999994039535522|NORM=6.433793373616936e-07
หลอก	O=0.9999988079071045|NORM=1.2477829613999347e-06
ตัวเอง	O=0.9999996423721313|NORM=3.253294948990515e-07
ขั้น	O=0.9999995231628418|NORM=4.5173206331128313e-07
สุด	O=0.9999996423721313|NORM=3.4709043461589317e-07
_	O=0.9999996423721313|NORM=3.8900691379240016e-07
ใคร	O=0.9999997615814209|NORM=2.683256070667994e-07
ก็	O=0.9999996423721313|NORM=2.9270648838064517e-07
ต้อง	O=0.9999997615814209|NORM=2.6591217761051666e-07
ฟัง	O=0.9999996423721313|NORM=3.5445233947939414e-07
ออก	O=0.9999996423721313|NORM=4.094778773833241e-07
ว่า	O=0.9999997615814209|NORM=2.907315774791641e-07
มัน	O=0.9999994039535522|NORM=5.407313210525899e-07
คือ	O=0.9999995231628418|NORM=5.077342848380795e-07
การข่มขืน	O=0.9999973773956299|NORM=2.628177298902301e-06
_	O=0.9999991655349731|NORM=7.668040780117735e-07
แต่	O=0.9999996423721313|NORM=3.468085481017624e-07
ดัน	O=0.9999992847442627|NORM=7.475396728295891e-07
ทำ	O=0.9999997615814209|NORM=2.721495775404037e-07
เป็น	O=0.9999994039535522|NORM=5.977831847303605e-07
เรื่อง	O=0.9999996423721313|NORM=3.782341195801564e-07
ตลกๆ	NORM=0.9967472553253174|O=0.00325274677015841
_	O=0.9999994039535522|NORM=5.812426024931483e-07
แม้กระทั่ง	O=0.9999986886978149|NORM=1.3221851986600086e-06
ผญ	NORM=0.9998998641967773|O=0.00010004395880969241
เอง	O=0.9999991655349731|NORM=8.112190812425979e-07
ก็	O=0.9999995231628418|NORM=4.789678769157035e-07
สนุก	O=0.9999995231628418|NORM=5.105285936224391e-07
ไป	O=0.9999977350234985|NORM=2.2261726826400263e-06
ด้วย	O=0.9999996423721313|NORM=3.632997334079846e-07
_	O=0.9999994039535522|NORM=5.236681204223714e-07
เรา	O=0.9999996423721313|NORM=3.1585889814778056e-07
ว่า	O=0.9999997615814209|NORM=2.718520306643768e-07
มัน	O=0.9999992847442627|NORM=6.99628799338825e-07
ไม่	O=0.9999994039535522|NORM=5.542141821024416e-07
ใช่	O=0.9999991655349731|NORM=8.267244311355171e-07
อะ	O=0.9998719692230225|NORM=0.00012806679296772927
แกรร	NORM=0.9999411106109619|O=5.8888879721052945e-05
_	O=0.999998927116394|NORM=1.0303664339517127e-06
(	O=0.9999995231628418|NORM=4.868632572652132e-07
ประเด็น	O=0.9999994039535522|NORM=5.364204866964428e-07
นี้	O=0.9999990463256836|NORM=8.933737376537465e-07
เคย	O=0.9999990463256836|NORM=9.029387229020358e-07
พูด	O=0.9999990463256836|NORM=8.929733894547098e-07
ถึง	O=0.9999995231628418|NORM=4.0648421872901963e-07
ใน	O=0.9999994039535522|NORM=5.571064320974983e-07
ทวิต	O=0.5782683491706848|NORM=0.4217316508293152
ก่อนๆ	O=0.771140456199646|NORM=0.22885949909687042
_	O=0.9999967813491821|NORM=3.20496747008292e-06
ล่ะ	O=0.9204267263412476|NORM=0.07957322895526886
_	O=0.9999992847442627|NORM=7.086647428877768e-07
บาง	O=0.9999996423721313|NORM=3.728455340024084e-07
ที	O=0.9999994039535522|NORM=5.454282927530585e-07
ค่านิยม	O=0.9999788999557495|NORM=2.1113570255693048e-05
นี้	O=0.9999983310699463|NORM=1.6488645542267477e-06
อาจ	O=0.9999995231628418|NORM=4.5214844135443855e-07
มา	O=0.9999994039535522|NORM=5.463133447847213e-07
จาก	O=0.9999995231628418|NORM=4.767657628690358e-07
ละคร	O=0.9999986886978149|NORM=1.2573126468851115e-06
ไทย	O=0.9999974966049194|NORM=2.541733238103916e-06
ก็	O=0.9999995231628418|NORM=4.6733961767131404e-07
ได้	O=0.9999996423721313|NORM=4.030176512515027e-07
)	O=0.9999984502792358|NORM=1.5451144008693518e-06
_	O=0.9999995231628418|NORM=4.784802172252967e-07
แต่	O=0.9999996423721313|NORM=3.3256901588174514e-07
ดี	O=0.9999991655349731|NORM=8.016503443286638e-07
ที่	O=0.9999992847442627|NORM=6.423223339879769e-07
เพลง	O=0.9999991655349731|NORM=7.822359862075245e-07
นี้	O=0.9999995231628418|NORM=4.1760145563785045e-07
มหาลัย	NORM=0.9997361302375793|O=0.0002638142032083124
ห้าม	O=0.9999990463256836|NORM=9.07644846392941e-07
ร้อง	O=0.9999992847442627|NORM=6.887084396112186e-07
ไป	O=0.999998927116394|NORM=1.0454949688210036e-06
แล้ว	O=0.9999994039535522|NORM=5.872533961337467e-07

รีวิว	O=0.9999994039535522|NORM=5.84545716719731e-07
ตอน	O=0.9999995231628418|NORM=4.785313763022714e-07
ที่	O=0.9999992847442627|NORM=6.876124984955823e-07
31	O=0.9999994039535522|NORM=5.687373345608648e-07
_	O=0.9999994039535522|NORM=5.389736656979949e-07
จาก	O=0.9999996423721313|NORM=3.0020646590855904e-07
เหตุการณ์	O=0.9999996423721313|NORM=3.138312649753061e-07
วัน	O=0.9999996423721313|NORM=3.6808626191486837e-07
ก่อน	O=0.9999997615814209|NORM=2.2771172325519728e-07
_	O=0.9999996423721313|NORM=3.442898730554589e-07
ทำ	O=0.9999998807907104|NORM=1.6949105940966547e-07
ทั้ง	O=0.9999996423721313|NORM=2.9139607704564696e-07
_	O=0.9999992847442627|NORM=6.451094236581412e-07
เป๊ก	O=0.9999959468841553|NORM=3.9976262087293435e-06
และ	O=0.9999985694885254|NORM=1.4162253592076013e-06
ใบบัว	O=0.9999996423721313|NORM=3.3438973900956626e-07
_	O=0.9999996423721313|NORM=3.874216076837911e-07
อึดอัด	O=0.9999933242797852|NORM=6.720692454109667e-06
ใจ	O=0.9999997615814209|NORM=2.9591609518320183e-07
_	O=0.9999995231628418|NORM=4.287515196210734e-07
เวลา	O=0.9999997615814209|NORM=1.9265763739895192e-07
เจอ	O=0.9999997615814209|NORM=2.573428616869933e-07
หน้า	O=0.9999996423721313|NORM=3.7213794712442905e-07
กัน	O=0.9999997615814209|NORM=2.3508530944127415e-07
_	O=0.9999995231628418|NORM=4.542276883512386e-07
สร้าง	O=0.9999997615814209|NORM=2.2813668465460069e-07
ความลุ้น	O=0.9999971389770508|NORM=2.835894065356115e-06
_	O=0.9999994039535522|NORM=5.877469675397151e-07
และ	O=0.9999995231628418|NORM=4.731804779112281e-07
หดหู่	O=0.999775230884552|NORM=0.00022473539866041392
_	O=0.9999992847442627|NORM=6.788249038436334e-07
เอ็นดู	O=0.9999972581863403|NORM=2.767571004369529e-06
ความรัก	O=0.9999996423721313|NORM=3.4920540770144726e-07
ของ	O=0.9999997615814209|NORM=2.839469459559041e-07
ทั้ง	O=0.9999997615814209|NORM=2.3206058585856226e-07
คู่	O=0.9999997615814209|NORM=2.7334272090229206e-07
_	O=0.9999996423721313|NORM=3.491774123176583e-07
เค้า	NORM=0.9995585083961487|O=0.0004414803406689316
จะ	O=0.9999997615814209|NORM=1.937702194254598e-07
เคลียร์	O=0.9996039271354675|NORM=0.00039611387182958424
ใจ	O=0.9999996423721313|NORM=3.414057232475898e-07
กัน	O=0.9999997615814209|NORM=2.7922129675062024e-07
ยังไง	NORM=0.8442000150680542|O=0.15579994022846222
น้า	O=0.9729787111282349|NORM=0.027021238580346107
_	O=0.9999995231628418|NORM=4.2123090793211304e-07
ส่วน	O=0.9999997615814209|NORM=1.9159604391916218e-07
อีก	O=0.9999997615814209|NORM=2.832189522905537e-07
คู่	O=0.9999996423721313|NORM=3.097794660789077e-07
_	O=0.9999995231628418|NORM=4.851075914302783e-07
อายะ	O=0.9997074007987976|NORM=0.00029259826987981796
_	O=0.9999996423721313|NORM=3.498354033126816e-07
แบร์	O=0.9996882677078247|NORM=0.00031156191835179925
_	O=0.9999996423721313|NORM=2.939757166586787e-07
คู่	O=0.9999997615814209|NORM=2.673248786777549e-07
นี้	O=0.9999996423721313|NORM=3.2101843316922896e-07
หวาน	O=0.9999961853027344|NORM=3.83210817744839e-06
กัน	O=0.9999996423721313|NORM=3.0224379088394926e-07
ไว	O=0.9999986886978149|NORM=1.285745156565099e-06
เฟร่อ	NORM=0.997835099697113|O=0.002164901699870825
_	O=0.9999995231628418|NORM=4.441153578227386e-07
เอ็นดู	O=0.9999992847442627|NORM=7.543107471974508e-07
ความยั่ว	O=0.9998891353607178|NORM=0.00011089114559581503
ขอ	O=0.9990353584289551|NORM=0.0009646486723795533
แบร์	O=0.9981186985969543|NORM=0.0018812078051269054
เหลือเกิน	O=0.9999995231628418|NORM=5.087618433208263e-07
_	O=0.9999994039535522|NORM=5.652307777381793e-07
ด้าน	O=0.9999996423721313|NORM=2.9827216962985403e-07
ผลิต	O=0.999988317489624|NORM=1.1620632903941441e-05
กับ	O=0.9999984502792358|NORM=1.555306312184257e-06
หวาน	O=0.9999966621398926|NORM=3.3070282370317727e-06
_	O=0.9999995231628418|NORM=3.9012849128994276e-07
เริ่ม	O=0.9999997615814209|NORM=2.1316878928701044e-07
สนิท	O=0.9999995231628418|NORM=4.741033308164333e-07
และ	O=0.999920129776001|NORM=7.984854892129079e-05
คุ้นเคย	O=0.9999966621398926|NORM=3.39049279318715e-06
กัน	O=0.9999997615814209|NORM=2.7185359385839547e-07
มาก	O=0.9999996423721313|NORM=3.3775145880099444e-07
ขึ้น	O=0.999993085861206|NORM=6.936555564607261e-06
_	O=0.9999984502792358|NORM=1.566842684042058e-06
น่ารัก	O=0.9998868703842163|NORM=0.00011315257142996415
ดี	O=0.9999984502792358|NORM=1.5642746120647644e-06

จริงงงงงงงง	NORM=0.9999338388442993|O=6.588906398974359e-05
_	O=0.9999991655349731|NORM=7.836374038561189e-07
รอยยิ้ม	O=0.9999992847442627|NORM=7.384164177892671e-07
คือแบบ	O=0.9999963045120239|NORM=3.7059242004033877e-06
_	O=0.9999992847442627|NORM=7.097672209965822e-07
สว่างงง	NORM=0.9999581575393677|O=4.175559297436848e-05
_	O=0.9999992847442627|NORM=7.005161251072423e-07
น่ารักกก	NORM=0.9999412298202515|O=5.8169400290353224e-05
_	O=0.9999995231628418|NORM=4.1599480482545914e-07
ดู	O=0.9999997615814209|NORM=2.0024897651182982e-07
สวรรค์	O=0.9999992847442627|NORM=6.960682981116406e-07
สร้าง	O=0.9999996423721313|NORM=3.33465891344531e-07
ไป	O=0.9999995231628418|NORM=4.539998883501539e-07
หลาย	O=0.9999991655349731|NORM=8.418258516940114e-07
รอบ	O=0.9999995231628418|NORM=4.4162936774228e-07
เลย	O=0.9999996423721313|NORM=4.1328536326545873e-07
_	O=0.9999994039535522|NORM=5.462601961880864e-07
คือ	O=0.9999997615814209|NORM=2.6774560524245317e-07
ตอน	O=0.9999996423721313|NORM=3.164809356803744e-07
โหด	O=0.9999996423721313|NORM=3.9408669749718683e-07
ก็	O=0.9999995231628418|NORM=4.650708262943226e-07
ชอบ	O=0.9999992847442627|NORM=6.94255732014426e-07
นะ	O=0.9999994039535522|NORM=5.921839374423143e-07
_	O=0.9999995231628418|NORM=4.925430516777851e-07
โหด	O=0.9999995231628418|NORM=4.2837794467232015e-07
จริง	O=0.9999994039535522|NORM=5.65576385724853e-07
_	O=0.9999995231628418|NORM=4.1322422816847393e-07
โหด	O=0.9999994039535522|NORM=5.520740273823321e-07
แบบ	O=0.9999996423721313|NORM=3.470268836736068e-07
ไม่	O=0.9999996423721313|NORM=3.062930886699178e-07
มี	O=0.9999996423721313|NORM=3.177777898599743e-07
ความเมตตา	O=0.9999961853027344|NORM=3.856981038552476e-06
สงสาร	O=0.999976396560669|NORM=2.3554885046905838e-05
ใดๆ	NORM=0.9966989159584045|O=0.0033010835759341717
_	O=0.9999992847442627|NORM=6.360911015690363e-07
5555	O=0.9999961853027344|NORM=3.845815626846161e-06
_	O=0.9999995231628418|NORM=4.337310315349896e-07
สมจริง	O=0.9999984502792358|NORM=1.5017294572317041e-06
มาก	O=0.9999996423721313|NORM=3.5769593864642957e-07
_	O=0.9999996423721313|NORM=3.545997344645002e-07
แต่	O=0.9999997615814209|NORM=2.6400593355901947e-07
พอ	O=0.9999997615814209|NORM=2.6525694352130813e-07
ความจำ	O=0.9999991655349731|NORM=8.19286185560486e-07
เสื่อม	O=0.9999996423721313|NORM=3.821266147951974e-07
นี่	O=0.9999994039535522|NORM=5.940239020674198e-07
คือ	O=0.9999992847442627|NORM=7.125451588763099e-07
_	O=0.9999994039535522|NORM=5.34110597527615e-07
อ่อนโยน	O=0.9999985694885254|NORM=1.395433969264559e-06
เบอร์	O=0.9999992847442627|NORM=6.666711556135851e-07
ร้อย	O=0.9999992847442627|NORM=6.744473353137437e-07
เบอร์	O=0.9999985694885254|NORM=1.4363548643814283e-06
พัน	O=0.9999992847442627|NORM=6.720832175233227e-07
มากกกก	NORM=0.9995806813240051|O=0.0004120995872654021
_	O=0.9999995231628418|NORM=4.576732521854865e-07
เล่น	O=0.9999997615814209|NORM=2.1384724391282361e-07
ได้	O=0.9999997615814209|NORM=2.055631256325796e-07
แตกต่าง	O=0.9999996423721313|NORM=3.6498400390883035e-07
สุดๆ	NORM=0.9999047517776489|O=9.49785317061469e-05
_	O=0.9999995231628418|NORM=3.9736730172990065e-07
เก่ง	O=0.9999996423721313|NORM=3.198431386408629e-07
มาก	O=0.9999996423721313|NORM=3.4476332189115055e-07
/	O=0.9999994039535522|NORM=6.057896371203242e-07
พี่	O=0.9999992847442627|NORM=7.016761287559348e-07
ซี	O=0.9999984502792358|NORM=1.5512889603996882e-06
จะ	O=0.9999996423721313|NORM=4.019440495994786e-07
น่ารัก	O=0.9999986886978149|NORM=1.2568596048367908e-06
มาก	O=0.9999995231628418|NORM=5.21739082159911e-07
ถ้า	O=0.9999997615814209|NORM=2.3121717163121502e-07
มี	O=0.9999997615814209|NORM=2.791611564134655e-07
บท	O=0.9999977350234985|NORM=2.3029540443531005e-06
ยิ้ม	O=0.9999994039535522|NORM=6.409370030269201e-07
เยอะๆ	NORM=0.9995421171188354|O=0.000457763351732865
_	O=0.999998927116394|NORM=1.0900413371928153e-06
555	O=0.9999986886978149|NORM=1.3051933365204604e-06
_	O=0.9999990463256836|NORM=9.260083402296004e-07
อย่าง	O=0.9999995231628418|NORM=4.811608391719346e-07
พี่	O=0.9999979734420776|NORM=1.993320665860665e-06
ชีพ	O=0.9999929666519165|NORM=6.999257493589539e-06
นี่	O=0.9999986886978149|NORM=1.291332637265441e-06
ใช่	O=0.9999963045120239|NORM=3.7541058190981857e-06
เลย	O=0.999998927116394|NORM=1.1185331914020935e-06

นี่	O=0.9999992847442627|NORM=7.121063276827044e-07
แหละ	O=0.9999992847442627|NORM=7.270411401805177e-07
ปัญหา	O=0.9999996423721313|NORM=3.6311962503532413e-07
_	O=0.9999994039535522|NORM=5.319201932252327e-07
จริงๆ	O=0.9959347248077393|NORM=0.004065300803631544
พี่เป็น	O=0.9999984502792358|NORM=1.5687924133089837e-06
ครู	O=0.9999995231628418|NORM=4.837493179365993e-07
นะ	O=0.9999996423721313|NORM=3.4000208870565984e-07
(	O=0.9999994039535522|NORM=5.333715193955868e-07
กล้า	O=0.9999996423721313|NORM=3.368571981354762e-07
เรียก	O=0.9999997615814209|NORM=1.9409425533467584e-07
ตัวเอง	O=0.9999997615814209|NORM=2.308366759962155e-07
ว่า	O=0.9999997615814209|NORM=2.776233998247335e-07
พี่	O=0.9999996423721313|NORM=3.419215488520422e-07
55	O=0.9999992847442627|NORM=7.070486276461452e-07
)	O=0.9999994039535522|NORM=5.547645969272708e-07
_	O=0.9999996423721313|NORM=3.3527490472806676e-07
ทุก	O=0.9999995231628418|NORM=4.3648424252751283e-07
ครั้ง	O=0.9999996423721313|NORM=4.0404401602245343e-07
ที่	O=0.9999997615814209|NORM=2.306166351218053e-07
สอน	O=0.9999997615814209|NORM=2.889030099595402e-07
จะ	O=0.9999997615814209|NORM=2.220916996975575e-07
บอก	O=0.9999997615814209|NORM=1.9495317360451736e-07
นร.	NORM=0.9523487687110901|O=0.04765114560723305
เสมอ	O=0.9999997615814209|NORM=2.3489907619023143e-07
ว่า	O=0.9999996423721313|NORM=3.072480012633605e-07
_	O=0.9999996423721313|NORM=3.710301825776696e-07
เรา	O=0.9999997615814209|NORM=1.9866239142629638e-07
เรียน	O=0.9999995231628418|NORM=5.001859335607151e-07
สิ่ง	O=0.9999995231628418|NORM=4.7507913336630736e-07
นี้	O=0.9999992847442627|NORM=7.6183590635992e-07
ไป	O=0.9999996423721313|NORM=3.562660992884048e-07
เพื่อ	O=0.9999997615814209|NORM=2.654705326676776e-07
อะไร	O=0.9999995231628418|NORM=4.280169605408446e-07
_	O=0.9999996423721313|NORM=3.771520766804315e-07
พี่	O=0.9999996423721313|NORM=3.05988550053371e-07
จะ	O=0.9999997615814209|NORM=2.2860385229250824e-07
บอก	O=0.9999997615814209|NORM=2.0376083398332412e-07
เสมอ	O=0.9999997615814209|NORM=2.599567778815981e-07
ว่า	O=0.9999997615814209|NORM=2.1767023383745254e-07
เรา	O=0.9999997615814209|NORM=2.0939650369200535e-07
เอา	O=0.9999998807907104|NORM=1.6966232863069308e-07
ไป	O=0.9999997615814209|NORM=2.83139002021926e-07
ใช้	O=0.9999996423721313|NORM=3.057794231153821e-07
ใน	O=0.9999997615814209|NORM=2.109977685904596e-07
ชีวิต	O=0.9999997615814209|NORM=2.0393036948007648e-07
ประจำ	O=0.9999996423721313|NORM=2.921200348282582e-07
วัน	O=0.9999997615814209|NORM=2.7446776584838517e-07
เรา	O=0.9999997615814209|NORM=1.700801135484653e-07
ได้	O=0.9999997615814209|NORM=1.8397832945993287e-07
_	O=0.9999996423721313|NORM=3.3202962868017494e-07
เรา	O=0.9999997615814209|NORM=1.9481768731566262e-07
เป็น	O=0.9999997615814209|NORM=2.1895668567140092e-07
คน	O=0.9999994039535522|NORM=5.543885777115065e-07
ไทย	O=0.9999985694885254|NORM=1.4281539506555418e-06
_	O=0.9999996423721313|NORM=3.104777590579033e-07
ดังนั้น	O=0.9999996423721313|NORM=3.6504317790786445e-07
หน้าที่	O=0.9999997615814209|NORM=2.5609179488128575e-07
ของ	O=0.9999997615814209|NORM=2.446909945774678e-07
เรา	O=0.9999997615814209|NORM=2.158832330678706e-07
คือ	O=0.9999996423721313|NORM=3.32580100348423e-07
การ	O=0.9999996423721313|NORM=2.9000378276577976e-07
ใช้	O=0.9999997615814209|NORM=2.5600999720154505e-07
ภาษา	O=0.9999996423721313|NORM=3.0902174330549315e-07
ไทย	O=0.9999991655349731|NORM=8.641857220936799e-07
อย่าง	O=0.9999996423721313|NORM=3.231849632356898e-07
ถูก	O=0.9999995231628418|NORM=4.979352183909214e-07
ต้อง	O=0.9999991655349731|NORM=8.803096420706424e-07
_	O=0.9999996423721313|NORM=3.602632148158591e-07
เป็น	O=0.9999997615814209|NORM=2.1008659700783028e-07
สิ่ง	O=0.9999996423721313|NORM=3.354392958954122e-07
ที่	O=0.9999997615814209|NORM=2.0995999250317254e-07
ครู	O=0.9999997615814209|NORM=2.6832816502064816e-07
สอน	O=0.9999997615814209|NORM=2.81714164884761e-07
พี่	O=0.9999996423721313|NORM=3.335797771342186e-07
มา	O=0.9999997615814209|NORM=2.2730729654085735e-07
ตั้งแต่	O=0.9999997615814209|NORM=2.530143774492899e-07
เด็ก	O=0.9999923706054688|NORM=7.60013881517807e-06
และ	O=0.9999923706054688|NORM=7.633757377334405e-06
พี่	O=0.9999992847442627|NORM=6.751886871825263e-07
นำ	O=0.9999997615814209|NORM=2.245719201710017e-07
มา	O=0.9999997615814209|NORM=2.171839952325172e-07
ใช้	O=0.9999997615814209|NORM=2.1650465953371167e-07
จน	O=0.9999997615814209|NORM=2.632996256579645e-07
ทุก	O=0.9999996423721313|NORM=3.07915911434975e-07
วัน	O=0.9999996423721313|NORM=3.388839218132489e-07
นี้	O=0.9999992847442627|NORM=7.545539801867562e-07

คุณ	O=0.9999996423721313|NORM=3.181619945280545e-07
กับ	O=0.9999997615814209|NORM=2.64951523831769e-07
เรา	O=0.9999997615814209|NORM=2.69980944267445e-07
มัน	O=0.9999996423721313|NORM=3.6825059623879497e-07
ก็	O=0.9999996423721313|NORM=3.236732197819947e-07
คล้ายๆ	NORM=0.9973852038383484|O=0.0026147381868213415
กัน	O=0.9999986886978149|NORM=1.3096570228299242e-06
นั้นแหละ	NORM=0.9998138546943665|O=0.00018612474377732724
_	O=0.9999996423721313|NORM=3.573795197553409e-07
ขอเรา	O=0.999997615814209|NORM=2.3660404622205533e-06
คือ	O=0.9999995231628418|NORM=4.070475085882208e-07
ลัทธิ	O=0.9999842643737793|NORM=1.5708114005974494e-05
_	O=0.9999996423721313|NORM=3.3182641345774755e-07
#BNK48	O=0.9999996423721313|NORM=3.511449904181063e-07
_	O=0.9999996423721313|NORM=3.1256391253009497e-07
แต่	O=0.9999997615814209|NORM=2.6413286491333565e-07
คุณ	O=0.9999996423721313|NORM=3.279577072134998e-07
ลัทธิ	O=0.9999914169311523|NORM=8.567652912461199e-06
_	O=0.9999996423721313|NORM=3.2492701507180755e-07
#บ้าผู้ชาย	O=0.9999980926513672|NORM=1.8926796201412799e-06
_	O=0.9999994039535522|NORM=5.837507046635437e-07
ไง	O=0.9999995231628418|NORM=4.90671482111793e-07
_	O=0.9999996423721313|NORM=3.645672279617429e-07
คุณ	O=0.9999997615814209|NORM=2.4156318545465183e-07
มี	O=0.9999997615814209|NORM=2.0508221609816246e-07
ความสุข	O=0.9999991655349731|NORM=8.431900937466708e-07
กับ	O=0.9999997615814209|NORM=2.394477860434563e-07
ส่วน	O=0.9999997615814209|NORM=2.541878529882524e-07
นั้น	O=0.9999996423721313|NORM=3.7297999710972363e-07
_	O=0.9999996423721313|NORM=3.34257123313364e-07
เรา	O=0.9999997615814209|NORM=2.2351960637934098e-07
ก็	O=0.9999997615814209|NORM=2.7208650976717763e-07
มี	O=0.9999996423721313|NORM=2.9860206041121273e-07
ความสุข	O=0.9999994039535522|NORM=6.259810447772907e-07
กับ	O=0.9999997615814209|NORM=2.655115451943857e-07
ส่วน	O=0.9999997615814209|NORM=2.58107263562124e-07
นี้	O=0.9999996423721313|NORM=3.2594408594377455e-07
_	O=0.9999996423721313|NORM=3.1556984936287336e-07
เรา	O=0.9999997615814209|NORM=1.8723628159023065e-07
ยืน	O=0.9999995231628418|NORM=4.614498436694703e-07
จุด	O=0.9999997615814209|NORM=2.5890798838190676e-07
นี้	O=0.9999997615814209|NORM=2.785611741273897e-07
แล้ว	O=0.9999997615814209|NORM=2.500623850210104e-07
เรา	O=0.9999997615814209|NORM=2.3475193700051022e-07
สบายใจ	O=0.9999995231628418|NORM=4.2445449821570946e-07
_	O=0.9999996423721313|NORM=3.425870716000645e-07
เรา	O=0.9999997615814209|NORM=2.2454428005858063e-07
ไม่	O=0.9999997615814209|NORM=2.711943238864478e-07
ได้	O=0.9999996423721313|NORM=3.5644552554003894e-07
ไป	O=0.9999992847442627|NORM=6.697509888908826e-07
ขอ	O=0.9999997615814209|NORM=2.2805554067417688e-07
เงิน	O=0.9999997615814209|NORM=2.1922978987731767e-07
คุณ	O=0.9999997615814209|NORM=2.5351192789457855e-07
มา	O=0.9999997615814209|NORM=2.3799665882506815e-07
ซื้อ	O=0.9999997615814209|NORM=2.4280089405692706e-07
ของ	O=0.9999997615814209|NORM=2.654505237842386e-07
_	O=0.9999994039535522|NORM=5.509479592546995e-07
เรา	O=0.9999997615814209|NORM=2.214096923580655e-07
ชอบ	O=0.9999996423721313|NORM=3.7697947163906065e-07
มัน	O=0.9999997615814209|NORM=2.6258697971570655e-07
ก็	O=0.9999997615814209|NORM=2.4042759605436004e-07
สิทธิ	O=0.9999994039535522|NORM=5.998339247526019e-07
ของ	O=0.9999997615814209|NORM=2.2592544723920582e-07
เรา	O=0.9999997615814209|NORM=2.817001814037212e-07
_	O=0.9999996423721313|NORM=3.8927004197830684e-07
คุณ	O=0.9999997615814209|NORM=2.1914890169227874e-07
ยัง	O=0.9999997615814209|NORM=2.7306546712679847e-07
บ้า	O=0.9999988079071045|NORM=1.1372206927262596e-06
ผู้ชาย	O=0.9999994039535522|NORM=5.477605213854986e-07
ได้	O=0.9999997615814209|NORM=2.775365715024236e-07
เลย	O=0.9999992847442627|NORM=6.824000706728839e-07
_	O=0.9999995231628418|NORM=4.308670042973972e-07
ทำไม	O=0.9999997615814209|NORM=2.868382011911308e-07
เรา	O=0.9999997615814209|NORM=2.3500081169913756e-07
จะ	O=0.9999997615814209|NORM=2.284188269641163e-07
บ้า	O=0.9999990463256836|NORM=9.54508664108289e-07
คน	O=0.9999992847442627|NORM=7.107812507456401e-07
ของ	O=0.9999997615814209|NORM=2.735602038228535e-07
เรา	O=0.9999997615814209|NORM=2.630085305099783e-07
บ้าง	O=0.9999992847442627|NORM=7.082194883878401e-07
ไม่	O=0.9999997615814209|NORM=2.379667023433285e-07
ได้	O=0.9999997615814209|NORM=2.1497677948900673e-07
_	O=0.9999996423721313|NORM=2.9089846975693945e-07
คน	O=0.9999995231628418|NORM=4.6263207309493737e-07
ไม่	O=0.9999996423721313|NORM=3.017985079623031e-07
เข้าใจ	O=0.9999995231628418|NORM=4.978041374670283e-07
คุย	O=0.9999995231628418|NORM=4.852616939388099e-07
ยาก	O=0.9999992847442627|NORM=7.60123157306225e-07

#ทริอาช	O=0.9995974898338318|NORM=0.00040249901940114796
_	O=0.9999997615814209|NORM=2.7902220267606026e-07
#แจกลุงหมอ	O=0.9999995231628418|NORM=4.5546485694103467e-07
_	O=0.9999996423721313|NORM=2.9811178592353826e-07
ขอ	O=0.9999998807907104|NORM=1.4331475028939167e-07
เล่น	O=0.9999997615814209|NORM=2.561394296662911e-07
เกม	O=0.9999994039535522|NORM=5.369389555198723e-07
ด้วย	O=0.9999997615814209|NORM=1.8167233406529704e-07
ค่ะ	O=0.9999994039535522|NORM=6.31942043582967e-07
_	O=0.9999996423721313|NORM=3.2006772698878194e-07
ทริอาช	O=0.9375671148300171|NORM=0.06243286281824112
เป็น	O=0.9999997615814209|NORM=2.17806032765111e-07
นิยาย	O=0.9999985694885254|NORM=1.4772394933970645e-06
แนว	O=0.9999996423721313|NORM=3.929930301183049e-07
แฟนตาซี	O=0.999786913394928|NORM=0.00021311115415301174
รัก	O=0.9999984502792358|NORM=1.5509989452766604e-06
ใสๆ	O=0.99916672706604|NORM=0.0008333124569617212
เบาๆ	O=0.9986924529075623|NORM=0.0013075392926111817
_	O=0.9999992847442627|NORM=6.381910111485922e-07
ของ	O=0.9999997615814209|NORM=2.1939354155620094e-07
คน	O=0.9999995231628418|NORM=5.253463655208179e-07
เป็น	O=0.9999996423721313|NORM=3.540742739005509e-07
หมอ	O=0.9999990463256836|NORM=9.252138397641829e-07
ที่	O=0.9999996423721313|NORM=3.0225388059079705e-07
ต้องการ	O=0.9999996423721313|NORM=3.8482920672322507e-07
ช่วย	O=0.9999997615814209|NORM=2.4497794015587715e-07
เด็ก	O=0.9999997615814209|NORM=2.812479067415552e-07
หนุ่ม	O=0.9999992847442627|NORM=7.59810745876166e-07
คน	O=0.9999996423721313|NORM=3.405319830562803e-07
หนึ่ง	O=0.9999995231628418|NORM=4.181449924089975e-07
_	O=0.9999996423721313|NORM=3.04632322922771e-07
โดย	O=0.9999997615814209|NORM=2.3381265634725423e-07
ที่	O=0.9999997615814209|NORM=2.4261990461127425e-07
ไม่	O=0.9999997615814209|NORM=2.424297917968943e-07
รู้	O=0.9999992847442627|NORM=7.021480996627361e-07
เงื่อนไข	O=0.9999995231628418|NORM=4.466574807793222e-07
ว่า	O=0.9999996423721313|NORM=3.515745845561469e-07
ทำไม	O=0.9999990463256836|NORM=9.80099002845236e-07
ตัวเอง	O=0.9999996423721313|NORM=3.060956714762142e-07
ถึง	O=0.9999997615814209|NORM=2.626285322548938e-07
ได้	O=0.9999997615814209|NORM=2.0142883272455947e-07
ติด	O=0.9999994039535522|NORM=6.209591560946137e-07
ลูป	O=0.9999507665634155|NORM=4.918417107546702e-05
วนเวียน	O=0.999998927116394|NORM=1.1226936749153538e-06
อยู่	O=0.9999996423721313|NORM=3.098344052432367e-07
ใน	O=0.9999992847442627|NORM=7.254529350575467e-07
เหตุการณ์	O=0.9999996423721313|NORM=4.086126352831343e-07
ซ้ำๆ	O=0.9988007545471191|NORM=0.0011992016807198524
ก่อน	O=0.9999997615814209|NORM=2.447780502734531e-07
ที่	O=0.9999997615814209|NORM=2.0740311867939454e-07
เด็ก	O=0.9999997615814209|NORM=2.620118664253823e-07
หนุ่ม	O=0.9999992847442627|NORM=7.13155657194875e-07
คน	O=0.9999996423721313|NORM=3.613698424942413e-07
นั้น	O=0.9999995231628418|NORM=4.778235620506166e-07
จะ	O=0.9999997615814209|NORM=2.2074283378969994e-07
เสีย	O=0.9999997615814209|NORM=2.1314197340416285e-07
ชีวิต	O=0.9999997615814209|NORM=2.2790790410454065e-07
_	O=0.9999995231628418|NORM=4.4809488031205547e-07
เหมือน	O=0.999998927116394|NORM=1.0430262591398787e-06
กับ	O=0.9999995231628418|NORM=4.4299309820416966e-07
ว่า	O=0.9999997615814209|NORM=2.572106154730136e-07
ถ้า	O=0.9999997615814209|NORM=2.584498872693075e-07
เด็ก	O=0.9999997615814209|NORM=2.939373757726571e-07
คน	O=0.9999996423721313|NORM=3.6081883081351407e-07
นี้	O=0.9999995231628418|NORM=4.696481710197986e-07
ไม่	O=0.9999997615814209|NORM=2.645909660259349e-07
รอด	O=0.9999995231628418|NORM=5.057828502685879e-07
_	O=0.9999996423721313|NORM=3.6702488159789937e-07
เขา	O=0.9999997615814209|NORM=1.863804186541529e-07
ก็	O=0.9999997615814209|NORM=2.063792976514378e-07
จะ	O=0.9999997615814209|NORM=1.8727055817180371e-07
วน	O=0.9999994039535522|NORM=5.780364062957233e-07
ลูป	O=0.9986913800239563|NORM=0.00130853068549186
ไม่	O=0.9999997615814209|NORM=2.267556169499585e-07
จบ	O=0.9999997615814209|NORM=2.689612585982104e-07
สิ้น	O=0.9999997615814209|NORM=2.82295076203809e-07
_	O=0.9999995231628418|NORM=5.116628472023876e-07
_	O=0.9999996423721313|NORM=3.7446767464643926e-07
มี	O=0.9999996423721313|NORM=3.4296036233172345e-07
ต่อ	O=0.9999996423721313|NORM=3.2966795515676495e-07
_	O=0.9999983310699463|NORM=1.564732542647107e-06

ก็	O=0.9999997615814209|NORM=2.5448713358855457e-07
นอน	O=0.9999997615814209|NORM=2.5699361572151247e-07
_	O=0.9999994039535522|NORM=6.017705231897708e-07
ละ	NORM=0.9862659573554993|O=0.013734103180468082
ตื่น	O=0.9999996423721313|NORM=3.2706566344131716e-07
ขึ้น	O=0.9999996423721313|NORM=3.260867913468246e-07
มา	O=0.9999997615814209|NORM=2.8432063459149504e-07
ตอน	O=0.9999997615814209|NORM=2.283284317172729e-07
ตี	O=0.9999995231628418|NORM=5.192833896217053e-07
_	O=0.9999992847442627|NORM=6.645687449235993e-07
4	O=0.9999996423721313|NORM=4.062769676238531e-07
_	O=0.9999995231628418|NORM=4.1772494796532555e-07
แต่	O=0.9999995231628418|NORM=5.24956760727946e-07
...	O=0.9999988079071045|NORM=1.1331198948028032e-06
_	O=0.9999996423721313|NORM=3.6193236496728787e-07
ฝัน	O=0.9999997615814209|NORM=2.596482886474405e-07
ครับ	O=0.9999995231628418|NORM=4.696710504958901e-07
_	O=0.9999995231628418|NORM=4.2504996144998586e-07
ฝัน	O=0.9999997615814209|NORM=2.5031050654433784e-07
ว่า	O=0.9999997615814209|NORM=2.4832846179378976e-07
อยู่	O=0.9999997615814209|NORM=2.267962884161534e-07
ใน	O=0.9999996423721313|NORM=3.1598210625816137e-07
เธีย	NORM=0.9962899684906006|O=0.003710001241415739
_	O=0.9999994039535522|NORM=5.593748824139766e-07
แล้ว	O=0.9999997615814209|NORM=2.1314318132681365e-07
เมม	NORM=0.9887489080429077|O=0.011251110583543777
ทุก	O=0.9999994039535522|NORM=5.830652867189201e-07
คน	O=0.9999996423721313|NORM=3.973180753291672e-07
ก็	O=0.9999997615814209|NORM=2.400166181359964e-07
ร้อง	O=0.9999996423721313|NORM=3.183119190452999e-07
เพลง	O=0.9999997615814209|NORM=2.7729740281756676e-07
ซากุระ	O=0.9999649524688721|NORM=3.4977758332388476e-05
จบ	O=0.9999997615814209|NORM=2.9246686494843743e-07
_	O=0.9999994039535522|NORM=5.020899038754578e-07
พอ	O=0.9999997615814209|NORM=2.0968207081750734e-07
สิ้น	O=0.9999997615814209|NORM=2.849158988738054e-07
เสียง	O=0.9999996423721313|NORM=4.045965624754899e-07
ทำนอง	O=0.9984475374221802|NORM=0.0015521281166002154
เพลง	O=0.9999996423721313|NORM=3.4408802207508415e-07
ซากุระ	O=0.9999637603759766|NORM=3.621700670919381e-05
_	O=0.9999994039535522|NORM=5.023586027164129e-07
ก็	O=0.9999997615814209|NORM=2.1709867326080712e-07
มี	O=0.9999997615814209|NORM=2.0796264266209619e-07
เสียง	O=0.9999996423721313|NORM=3.468346960744384e-07
ดนตรี	O=0.9999992847442627|NORM=6.962030738577596e-07
ไทย	O=0.9999994039535522|NORM=5.578980903919728e-07
ขึ้น	O=0.9999997615814209|NORM=2.606506086522131e-07
มา	O=0.9999996423721313|NORM=3.007560849255242e-07
_	O=0.9999996423721313|NORM=3.2294309448843705e-07
เมมเบอร์	NORM=0.9806663393974304|O=0.01933370903134346
ทุก	O=0.9999992847442627|NORM=6.620194881179486e-07
คน	O=0.9999996423721313|NORM=4.1014462226485193e-07
เหวอ	O=0.9999938011169434|NORM=6.152840796858072e-06
_	O=0.9999992847442627|NORM=6.834330292804225e-07
เลย	O=0.9999997615814209|NORM=2.0333105510417226e-07
บอก	O=0.9999997615814209|NORM=2.5357914523738145e-07
ให้	O=0.9999997615814209|NORM=1.9515705673711636e-07
สต๊าฟ	NORM=0.9815743565559387|O=0.018425699323415756
ไป	O=0.9999994039535522|NORM=5.487225962497178e-07
ปิด	O=0.9999997615814209|NORM=2.833391761214443e-07
เพลง	O=0.9999997615814209|NORM=2.835380996657477e-07
_	O=0.9999995231628418|NORM=3.971918829392962e-07
พอ	O=0.9999997615814209|NORM=1.741933175480881e-07
ปิด	O=0.9999997615814209|NORM=2.5069704179259134e-07
แล้ว	O=0.9999997615814209|NORM=2.3184004760423704e-07
_	O=0.9999996423721313|NORM=3.218393374027073e-07
เพลง	O=0.9999997615814209|NORM=2.5737304554240836e-07
ไทย	O=0.9999995231628418|NORM=5.221984906711441e-07
เพลง	O=0.9999997615814209|NORM=2.947708424017037e-07
เดิม	O=0.9999997615814209|NORM=2.649166503942979e-07
ก็	O=0.9999997615814209|NORM=2.1608013867080444e-07
ดัง	O=0.9999997615814209|NORM=2.4835546241774864e-07
อีก	O=0.9999997615814209|NORM=2.2580869085686572e-07
ครั้ง	O=0.9999997615814209|NORM=2.8182219580230594e-07
_	O=0.9999995231628418|NORM=4.141232921028859e-07
คราว	O=0.9999992847442627|NORM=6.602509756703512e-07
นี้	O=0.9999994039535522|NORM=5.484808411893027e-07
เมมเบอร์	O=0.9651796817779541|NORM=0.03482019528746605
ก็	O=0.9999996423721313|NORM=3.3287170708717895e-07
ตะโกน	O=0.9041556715965271|NORM=0.0958443284034729
ให้	O=0.9999995231628418|NORM=3.870460147936683e-07
ปิด	O=0.9999991655349731|NORM=8.818666401566588e-07
เพลงๆ	O=0.9989981055259705|NORM=0.0010019036708399653
_	O=0.9999992847442627|NORM=7.449548320437316e-07
แล้ว	O=0.9999996423721313|NORM=3.775645041059761e-07
ก็	O=0.9999995231628418|NORM=4.858159172727028e-07
สะดุ้ง	O=0.9999958276748657|NORM=4.1375801629328635e-06
ตื่น	O=0.9999996423721313|NORM=3.2544181749472045e-07
_	O=0.9999996423721313|NORM=3.26761693258959e-07
#BNK48	O=0.9999996423721313|NORM=3.24109663552008e-07

ไอดอล	O=0.9999979734420776|NORM=2.057162191704265e-06
คือ	O=0.9999992847442627|NORM=6.829716880929482e-07
อะไร	O=0.999991774559021|NORM=8.19943397800671e-06
สำหรับ	O=0.9999990463256836|NORM=9.410538268639357e-07
เรา	O=0.9999995231628418|NORM=4.819355581275886e-07
คือ	O=0.9999992847442627|NORM=6.93951903940615e-07
เฌอปราง	O=0.9999858140945435|NORM=1.4111198652244639e-05
_	O=0.9999996423721313|NORM=3.512625710300199e-07
คน	O=0.9999996423721313|NORM=3.2350041578865785e-07
ที่	O=0.9999997615814209|NORM=2.447511917580414e-07
ทำ	O=0.9999997615814209|NORM=2.2376573838300828e-07
อะไร	O=0.9999991655349731|NORM=7.767031320327078e-07
หลายๆ	NORM=0.9998456239700317|O=0.0001532041933387518
อย่าง	O=0.9999982118606567|NORM=1.766363538990845e-06
พร้อมกัน	O=0.9999994039535522|NORM=6.024423555572866e-07
แต่	O=0.9999995231628418|NORM=4.4515212493934087e-07
กลับ	O=0.9999996423721313|NORM=3.292444432645425e-07
ทำ	O=0.9999997615814209|NORM=2.3611954702573712e-07
ออกมา	O=0.9999996423721313|NORM=4.1222176605515415e-07
ได้	O=0.9999997615814209|NORM=2.66608935817203e-07
เต็มที่	O=0.999998927116394|NORM=1.0283098390573286e-06
ทุก	O=0.9999994039535522|NORM=5.663169417857716e-07
อย่าง	O=0.9999994039535522|NORM=5.415689088295039e-07
_	O=0.9999996423721313|NORM=3.453951933352073e-07
แน่นอน	O=0.9999994039535522|NORM=6.080342700442998e-07
ว่า	O=0.9999997615814209|NORM=2.4804799636513053e-07
การเรียน	O=0.9999996423721313|NORM=4.002312152806553e-07
คือ	O=0.9999996423721313|NORM=3.5227668604420614e-07
นัมเบอร์	O=0.9964728951454163|NORM=0.0035270950756967068
วัน	O=0.9999988079071045|NORM=1.1527754395501688e-06
_	O=0.9999996423721313|NORM=3.2590520504527376e-07
ไม่	O=0.9999997615814209|NORM=2.3364948731341428e-07
ว่า	O=0.9999996423721313|NORM=3.434185771311604e-07
จะ	O=0.9999997615814209|NORM=2.7927245582759497e-07
ทำงาน	O=0.9999995231628418|NORM=4.910928055323893e-07
หนัก	O=0.9999995231628418|NORM=4.2769787000906945e-07
แค่ไหน	O=0.9999954700469971|NORM=4.557087322609732e-06
ก็ตาม	O=0.999997615814209|NORM=2.361153519814252e-06
แต่	O=0.9999996423721313|NORM=3.2433788987873413e-07
การเรียน	O=0.9999995231628418|NORM=4.4169212287670234e-07
ต้อง	O=0.9999997615814209|NORM=2.414424784547009e-07
มา	O=0.9999996423721313|NORM=3.4860778441725415e-07
ก่อน	O=0.9999995231628418|NORM=4.856019586441107e-07
เสมอ	O=0.9999994039535522|NORM=5.910031291023188e-07
_	O=0.9999996423721313|NORM=3.1969707947610004e-07
นี่แหละ	O=0.9999691247940063|NORM=3.082735202042386e-05
แบบอย่าง	O=0.9999922513961792|NORM=7.70903079683194e-06
ที่	O=0.9999996423721313|NORM=3.484170179035573e-07
ดี	O=0.9999992847442627|NORM=6.676153248008632e-07
ของ	O=0.9999997615814209|NORM=2.4316310032190813e-07
เยาวชน	O=0.9999980926513672|NORM=1.8862232309402316e-06
_	O=0.9999996423721313|NORM=2.817683935063542e-07
ขอบคุณ	O=0.9999990463256836|NORM=9.221395771419338e-07
ที่	O=0.9999997615814209|NORM=1.922391987818628e-07
ทำให้	O=0.9999997615814209|NORM=2.4076993554444925e-07
คำ	O=0.9999990463256836|NORM=9.006150776258437e-07
ว่า	O=0.9999996423721313|NORM=3.386261369087151e-07
ไอดอล	O=0.9999955892562866|NORM=4.449375410331413e-06
กลับ	O=0.9999997615814209|NORM=2.4175540147552965e-07
มา	O=0.9999996423721313|NORM=3.148712153233646e-07
น่าชื่นชม	O=0.9999988079071045|NORM=1.1235557622057968e-06
อีก	O=0.9999997615814209|NORM=2.361535536010706e-07
ครั้ง	O=0.9999996423721313|NORM=2.955978573027096e-07
_	O=0.9999997615814209|NORM=2.271816015309014e-07
#BNK48	O=0.9999997615814209|NORM=2.8462014256547263e-07
_	O=0.9999997615814209|NORM=2.2291098389359831e-07
#CherprangBNK48	O=0.9999997615814209|NORM=2.8476242164288124e-07

เรา	O=0.9999997615814209|NORM=2.772503080450406e-07
ชอบ	O=0.9999996423721313|NORM=3.2253035442408873e-07
น้อง	O=0.9999997615814209|NORM=2.824256739586417e-07
ต่อ	O=0.9999996423721313|NORM=3.600118247959472e-07
_	O=0.9999995231628418|NORM=4.935379820381058e-07
ชอบ	O=0.9999996423721313|NORM=3.40693418365845e-07
แฟน	O=0.9999996423721313|NORM=3.001700861204881e-07
เค้า	NORM=0.9999680519104004|O=3.1914416467770934e-05
ด้วย	O=0.9999996423721313|NORM=3.5648974971991265e-07
_	O=0.9999996423721313|NORM=3.865203836994624e-07
คู่	O=0.9999996423721313|NORM=3.5325365388416685e-07
เค้า	NORM=0.9999703168869019|O=2.962391408800613e-05
น่ารัก	O=0.9999996423721313|NORM=3.188758341821085e-07
นะ	O=0.9999996423721313|NORM=3.804706238952349e-07
_	O=0.9999996423721313|NORM=3.173586264892947e-07
แฟน	O=0.9999996423721313|NORM=3.3870625770759943e-07
เค้า	NORM=0.9999710321426392|O=2.895384568546433e-05
วางตัว	O=0.9999995231628418|NORM=5.128749194227566e-07
ดี	O=0.9999997615814209|NORM=2.6151784027206304e-07
มาก	O=0.9999996423721313|NORM=3.265669761276513e-07
_	O=0.9999996423721313|NORM=3.7109387562850316e-07
เรา	O=0.9999996423721313|NORM=3.198651086222526e-07
ไม่	O=0.9999997615814209|NORM=2.403198777756188e-07
เข้าใจ	O=0.9999995231628418|NORM=4.294291784390225e-07
ที่	O=0.9999997615814209|NORM=2.2605627236771397e-07
บาง	O=0.9999996423721313|NORM=3.1622690244148544e-07
คน	O=0.9999994039535522|NORM=5.695443974218506e-07
ไป	O=0.9999984502792358|NORM=1.5075838746270165e-06
_	O=0.9999990463256836|NORM=9.189809020426765e-07
bully	O=0.9999985694885254|NORM=1.4059870636629057e-06
_	O=0.9999991655349731|NORM=7.650954785276554e-07
เค้า	NORM=0.9999583959579468|O=4.162444020039402e-05
_	O=0.9999992847442627|NORM=6.505275678136968e-07
แก	O=0.9999994039535522|NORM=6.242403287615161e-07
ชอบ	O=0.9999996423721313|NORM=4.000869466835866e-07
เค้า	NORM=0.9999666213989258|O=3.336288864375092e-05
_	O=0.9999994039535522|NORM=5.334859451977536e-07
แก	O=0.9999996423721313|NORM=3.8235151578192017e-07
ต้อง	O=0.9999997615814209|NORM=1.9073516455136996e-07
ให้เกียรติ	O=0.9999995231628418|NORM=4.2915280573652126e-07
เค้า	NORM=0.9999605417251587|O=3.942795592593029e-05
ด้วย	O=0.9999996423721313|NORM=3.048363339530624e-07
_	O=0.9999995231628418|NORM=4.855282895732671e-07
ให้เกียรติ	O=0.9999994039535522|NORM=5.512906113835925e-07
แฟน	O=0.9999996423721313|NORM=3.5758475291913783e-07
เค้า	NORM=0.9999552965164185|O=4.470993371796794e-05
ด้วย	O=0.9999996423721313|NORM=2.804689245294867e-07
_	O=0.9999996423721313|NORM=3.758314903734572e-07
คือ	O=0.9999997615814209|NORM=2.8008113872601825e-07
ถึง	O=0.9999997615814209|NORM=2.3050054664963682e-07
เค้า	NORM=0.9999657869338989|O=3.4252123441547155e-05
จะ	O=0.9999997615814209|NORM=2.6506424433137e-07
ไม่	O=0.9999996423721313|NORM=3.2021367246670707e-07
ได้	O=0.9999996423721313|NORM=3.704535060933267e-07
คบ	O=0.9999991655349731|NORM=7.807245197000157e-07
แฟน	O=0.9999996423721313|NORM=3.3613835626056243e-07
คน	O=0.9999997615814209|NORM=2.910261969191197e-07
นี้	O=0.9999997615814209|NORM=2.7059934382123174e-07
_	O=0.9999996423721313|NORM=3.639666203980596e-07
เค้า	NORM=0.9999572038650513|O=4.2848365410463884e-05
ก็	O=0.9999997615814209|NORM=2.2831015655810916e-07
ไม่	O=0.9999996423721313|NORM=3.7905164163021254e-07
เอา	O=0.9999997615814209|NORM=2.37199046182468e-07
แก	O=0.9999995231628418|NORM=5.064498509455007e-07
ไง้!!!	NORM=0.9999203681945801|O=7.967225246829912e-05
_	O=0.9999996423721313|NORM=3.855157331145165e-07
ชอบ	O=0.9999997615814209|NORM=2.5916961021721363e-07
เค้า	NORM=0.9999614953994751|O=3.849892891594209e-05
_	O=0.9999995231628418|NORM=4.4422253608900064e-07
ก็	O=0.9999997615814209|NORM=2.1566305008491327e-07
ต้อง	O=0.9999997615814209|NORM=1.9907679416064639e-07
ชอบ	O=0.9999997615814209|NORM=2.7410496272750606e-07
เห็น	O=0.9999996423721313|NORM=3.2123924142979376e-07
เค้า	NORM=0.9999721050262451|O=2.7904403395950794e-05
มี	O=0.9999996423721313|NORM=3.39441925234496e-07
ความสุข	O=0.9999994039535522|NORM=6.31089335456636e-07
ด้วย	O=0.9999997615814209|NORM=2.561736494044453e-07
นะ	O=0.9999997615814209|NORM=2.8571994903359155e-07
แก	O=0.9999995231628418|NORM=4.657241561289993e-07
_	O=0.9999992847442627|NORM=6.056243933016958e-07
Cr.	O=0.9999407529830933|NORM=5.925328150624409e-05
_	O=0.9999983310699463|NORM=1.4442223346122773e-06
Story	O=0.9999992847442627|NORM=7.121572593860037e-07
_	O=0.9999995231628418|NORM=3.937485359983839e-07
Ig	O=0.9999969005584717|NORM=3.0994103781267768e-06
_	O=0.9999994039535522|NORM=5.512690677278442e-07
น้อง	O=0.9999995231628418|NORM=4.243282205607102e-07
มีน	O=0.9999986886978149|NORM=1.3100367368679144e-06
แฟน	O=0.9999992847442627|NORM=7.482358341803774e-07
น้อง	O=0.9999992847442627|NORM=7.218512223516882e-07
ต่อ	O=0.9999982118606567|NORM=1.8309334564037272e-06

ไม่	O=0.9999995231628418|NORM=4.4727343606609793e-07
ใช่	O=0.9999966621398926|NORM=3.3518456348247128e-06
โว้ย	O=0.930230438709259|NORM=0.06976958364248276
!!	O=0.999998927116394|NORM=1.080905917660857e-06
_	O=0.9999996423721313|NORM=2.8272933150219615e-07
รีวิว	O=0.9999996423721313|NORM=3.9025505316203635e-07
คน	O=0.9999997615814209|NORM=2.703682184801437e-07
ใน	O=0.9999997615814209|NORM=2.8051954359398223e-07
อันปัง	O=0.6533257365226746|NORM=0.34667420387268066
ไป	O=0.9999974966049194|NORM=2.534744908189168e-06
แค่	O=0.9999995231628418|NORM=4.1881548895617016e-07
คน	O=0.9999994039535522|NORM=5.527488724510476e-07
เดียว	O=0.9999991655349731|NORM=8.393399184569716e-07
!!!	O=0.9999982118606567|NORM=1.6823009900690522e-06
_	O=0.9999997615814209|NORM=2.684804769614857e-07
เธอ	O=0.9999997615814209|NORM=2.8106558147555916e-07
คิด	O=0.9999996423721313|NORM=3.137953399345861e-07
ว่า	O=0.9999996423721313|NORM=2.9514714583456225e-07
ผม	O=0.9999996423721313|NORM=3.570634135030559e-07
จะ	O=0.9999997615814209|NORM=2.5492778377156355e-07
รีวิว	O=0.9999992847442627|NORM=7.260564984790108e-07
สั้นๆ	O=0.9962634444236755|NORM=0.0037365383468568325
หรอ	NORM=0.9788323640823364|O=0.021167661994695663
!!!!!	O=0.9999974966049194|NORM=2.4877083433239022e-06
_	O=0.9999996423721313|NORM=3.699645105825766e-07
อย่า	O=0.9999992847442627|NORM=7.597702165185183e-07
เธอ	O=0.9999995231628418|NORM=4.85756629586831e-07
น่ะ	O=0.9999969005584717|NORM=3.1513909561908804e-06
ต้อง	O=0.9999995231628418|NORM=4.260913897269347e-07
ทุเรดทุเรดทุเรดทุเรดทุเรดทุเรดทุเรดทุเรดทุเรดทุเรดทุเรดทุเรดทุเรดทุเรดทุเรดทุเรดทุเรดทุเรดทุเรดทุเรดทุเรดทุเรดทุเรดทุเรดทุเรดทุเรดทุเรดทุเรดทุเรดทุเรดทุเรดทุเรดทุเรดทุเรดทุเรด	O=0.9998235106468201|NORM=0.00017650263907853514
แบบ	O=0.9999990463256836|NORM=9.432029628442251e-07
อันลิมิเต็ด	O=0.9998760223388672|NORM=0.00012397838872857392
!	O=0.9999973773956299|NORM=2.6124839678232092e-06

ประเทศ	O=0.9999996423721313|NORM=3.999293767265044e-07
แถบ	O=0.9999995231628418|NORM=4.570996736674715e-07
ยุโรป	O=0.9999990463256836|NORM=9.473968134443567e-07
น่าจะ	O=0.9999990463256836|NORM=9.328475130132574e-07
เกือบ	O=0.9999991655349731|NORM=8.387822276745283e-07
ทุก	O=0.9999967813491821|NORM=3.2580005608906504e-06
ประเทศ	O=0.9999995231628418|NORM=4.290263575512654e-07
เลย	O=0.9999996423721313|NORM=3.2514063263988646e-07
มั้ง	NORM=0.9977372884750366|O=0.0022626109421253204
ที่	O=0.9999996423721313|NORM=3.301345543604839e-07
เป็น	O=0.9999994039535522|NORM=5.479658398144238e-07
แบบ	O=0.9999995231628418|NORM=4.891101070825243e-07
นี้	O=0.9999995231628418|NORM=4.854343274018902e-07
_	O=0.9999995231628418|NORM=4.485733313686069e-07
ที่	O=0.9999997615814209|NORM=2.883857632696163e-07
สวีเดน	O=0.9999819993972778|NORM=1.7972015484701842e-05
ก็	O=0.9999996423721313|NORM=3.8212368735912605e-07
เพิ่ง	O=0.9999988079071045|NORM=1.2191129599159467e-06
มี	O=0.9999996423721313|NORM=3.674279867027508e-07
ข่าว	O=0.9999995231628418|NORM=4.402530464631127e-07
เมื่อ	O=0.9999996423721313|NORM=2.8897429160679167e-07
ไม่	O=0.9999991655349731|NORM=7.775331596349133e-07
นาน	O=0.9999990463256836|NORM=9.326402619080909e-07
มา	O=0.9999990463256836|NORM=9.642378699936671e-07
นี้	O=0.9999983310699463|NORM=1.6613577145108138e-06
เอง	O=0.9999903440475464|NORM=9.623357072996441e-06
ว่า	O=0.9999997615814209|NORM=2.860288361716812e-07
คน	O=0.9999994039535522|NORM=6.077351031308353e-07
ที่	O=0.9999997615814209|NORM=2.76758441941638e-07
แอบ	O=0.9999994039535522|NORM=6.250075443858805e-07
ถ่าย	O=0.9999990463256836|NORM=9.970298151529278e-07
รูป	O=0.9999995231628418|NORM=5.005590537621174e-07
อุบัติเหตุ	O=0.9999991655349731|NORM=7.764261340525991e-07
ถูก	O=0.9999997615814209|NORM=2.1743869638157776e-07
แจ้ง	O=0.9999994039535522|NORM=6.439502158173127e-07
ความ	O=0.9999983310699463|NORM=1.6185692857106915e-06
_	O=0.9999995231628418|NORM=4.887426712230081e-07
แล้ว	O=0.9999997615814209|NORM=2.744387188613473e-07
ก็	O=0.9999996423721313|NORM=3.1093642860469117e-07
ไม่	O=0.9999996423721313|NORM=3.3769219953683205e-07
ใช่	O=0.9999994039535522|NORM=6.346381269395351e-07
แค่	O=0.9999992847442627|NORM=6.649034389738517e-07
รูป	O=0.9999995231628418|NORM=4.6100868189569155e-07
อุบัติเหตุ	O=0.9999994039535522|NORM=5.754178005190624e-07
นะ	O=0.9999995231628418|NORM=4.5644713964065886e-07
_	O=0.9999995231628418|NORM=4.56732749398725e-07
แต่	O=0.9999997615814209|NORM=2.744361040640797e-07
เวลา	O=0.9999997615814209|NORM=2.6363557026343187e-07
ที่	O=0.9999996423721313|NORM=3.132902861580078e-07
ไป	O=0.9999994039535522|NORM=5.387336727835645e-07
เที่ยว	O=0.999998927116394|NORM=1.1105540806966019e-06
แล้ว	O=0.9999995231628418|NORM=4.406272751111828e-07
เกิด	O=0.9999996423721313|NORM=3.977328617565945e-07
เจอ	O=0.9999994039535522|NORM=5.616076350634103e-07
เด็ก	O=0.9999995231628418|NORM=4.6143793497321894e-07
น้อย	O=0.9999994039535522|NORM=5.347369551600423e-07
น่ารักๆ	O=0.9901096820831299|NORM=0.00989036075770855
แล้ว	O=0.9999995231628418|NORM=4.2879364059444924e-07
ไป	O=0.9999996423721313|NORM=4.061076595007762e-07
ถ่ายรูป	O=0.9999990463256836|NORM=9.595183882993297e-07
เค้า	NORM=0.999885082244873|O=0.00011490839096950367
โดย	O=0.9999996423721313|NORM=3.973806315116235e-07
ที่	O=0.9999996423721313|NORM=3.1263934374692326e-07
พ่อ	O=0.9999996423721313|NORM=3.599767808282195e-07
แม่	O=0.9999997615814209|NORM=2.861958137145848e-07
เค้า	NORM=0.9999384880065918|O=6.14794043940492e-05
ไม่	O=0.9999997615814209|NORM=2.712263835746853e-07
อนุญาต	O=0.9999995231628418|NORM=5.059772547610919e-07
_	O=0.9999995231628418|NORM=4.802654984814581e-07
ก็	O=0.9999996423721313|NORM=3.9162071630016726e-07
อาจ	O=0.9999996423721313|NORM=4.003747164915694e-07
จะ	O=0.9999996423721313|NORM=3.1750394668961235e-07
ถูก	O=0.9999997615814209|NORM=2.8863806278423e-07
เอา	O=0.9999997615814209|NORM=2.524585624996689e-07
เรื่อง	O=0.9999996423721313|NORM=3.0548707741218095e-07
ได้	O=0.9999996423721313|NORM=3.1786356657903525e-07
นะ	O=0.9999986886978149|NORM=1.36004973683157e-06

เพื่อน	O=0.9999996423721313|NORM=3.3830983170446416e-07
ผม	O=0.9999996423721313|NORM=3.644848618478136e-07
_	O=0.9999991655349731|NORM=7.950008011903265e-07
ไป	O=0.9999997615814209|NORM=2.71602232260193e-07
จับ	O=0.9999996423721313|NORM=3.1811831036065996e-07
มือ	O=0.9999997615814209|NORM=2.748779763805942e-07
เมื่อ	O=0.9999997615814209|NORM=2.1861075083506876e-07
วัน	O=0.9999997615814209|NORM=2.582148681540275e-07
เสาร์	O=0.9999980926513672|NORM=1.9000422071258072e-06
_	O=0.9999988079071045|NORM=1.0882330343520152e-06
และ	O=0.9999991655349731|NORM=7.889133826211037e-07
มี	O=0.9999996423721313|NORM=3.014259846167988e-07
ความตั้งใจ	O=0.9999994039535522|NORM=6.135013563834946e-07
จะ	O=0.9999997615814209|NORM=2.2695336099332053e-07
ไป	O=0.9999996423721313|NORM=3.9641315652261255e-07
จับ	O=0.9999997615814209|NORM=2.841354955762654e-07
มือ	O=0.9999997615814209|NORM=2.6089432481057884e-07
ต่อ	O=0.9999997615814209|NORM=2.0815411971852882e-07
ใน	O=0.9999996423721313|NORM=3.4559948858259304e-07
วัน	O=0.9999996423721313|NORM=3.1478955975217104e-07
อาทิตย์	O=0.9999995231628418|NORM=4.223185214868863e-07
_	O=0.9999994039535522|NORM=6.046053613317781e-07
ไป	O=0.9999996423721313|NORM=2.9481518026841513e-07
หา	O=0.9999997615814209|NORM=2.1911733938395628e-07
น้อง	O=0.9999995231628418|NORM=4.311600605433341e-07
เต็น	O=0.9995449185371399|NORM=0.0004550931043922901
_	O=0.9999996423721313|NORM=3.868057945055625e-07
มัน	O=0.9999997615814209|NORM=2.2017934497853275e-07
เป็น	O=0.9999997615814209|NORM=2.1262202665184304e-07
การจับ	O=0.9999997615814209|NORM=2.493451063401153e-07
มือ	O=0.9999997615814209|NORM=2.237409830740944e-07
ครั้ง	O=0.9999997615814209|NORM=2.9205827445366594e-07
แรก	O=0.9999997615814209|NORM=2.662318934198993e-07
_	O=0.9999991655349731|NORM=7.453000989698921e-07
และ	O=0.999994158744812|NORM=5.798258371214615e-06
ครั้ง	O=0.9999996423721313|NORM=4.070429042712931e-07
สุดท้าย	O=0.9999995231628418|NORM=5.100220050735516e-07
ของ	O=0.9999997615814209|NORM=2.808214674132614e-07
เพื่อน	O=0.9999996423721313|NORM=3.826112333626952e-07
ผม	O=0.9999996423721313|NORM=3.139099646887189e-07
_	O=0.9999996423721313|NORM=3.526847933699173e-07
อยาก	O=0.9999997615814209|NORM=2.020643279365686e-07
ให้	O=0.9999997615814209|NORM=1.970917651306081e-07
ทุก	O=0.9999983310699463|NORM=1.62397930125735e-06
การจับ	O=0.9999997615814209|NORM=2.7134333890899143e-07
มือ	O=0.9999997615814209|NORM=2.6381542284070747e-07
ทุก	O=0.9999995231628418|NORM=4.6203993520066433e-07
ครั้ง	O=0.9999995231628418|NORM=4.298483418097021e-07
สำหรับ	O=0.9999996423721313|NORM=3.1674574074713746e-07
ทุก	O=0.9999996423721313|NORM=3.7939014418952866e-07
คน	O=0.9999996423721313|NORM=3.9708740473543003e-07
เป็น	O=0.9999996423721313|NORM=3.127753132048383e-07
สิ่ง	O=0.9999992847442627|NORM=7.19696288342675e-07
ที่	O=0.9999996423721313|NORM=3.7688741372221557e-07
น่าจดจำ	O=0.9999994039535522|NORM=5.955225219622662e-07
และ	O=0.9999955892562866|NORM=4.419581728143385e-06
มี	O=0.9999996423721313|NORM=3.6603807984647574e-07
ความสุข	O=0.9999995231628418|NORM=4.574642389343353e-07
_	O=0.9999994039535522|NORM=5.037667278884328e-07
เพราะ	O=0.9999997615814209|NORM=2.61096204212663e-07
มัน	O=0.9999996423721313|NORM=3.332280869017268e-07
อาจ	O=0.9999997615814209|NORM=2.7694645154952013e-07
เป็น	O=0.9999997615814209|NORM=2.6896483973359864e-07
ครั้ง	O=0.9999996423721313|NORM=3.77022615793976e-07
สุดท้าย	O=0.9999994039535522|NORM=6.403749353012245e-07
ที่	O=0.9999997615814209|NORM=2.754009358341136e-07
เรา	O=0.9999996423721313|NORM=3.3716122516125324e-07
ได้	O=0.9999997615814209|NORM=2.543711730140785e-07
พบ	O=0.9999996423721313|NORM=3.573215963115217e-07
กัน	O=0.9999995231628418|NORM=5.21376477990998e-07
ก็	O=0.9999995231628418|NORM=4.1455083987784747e-07
ได้	O=0.9999997615814209|NORM=2.9181325089666643e-07
_	O=0.9999995231628418|NORM=4.4315873992673005e-07
#BNK48	O=0.9999996423721313|NORM=3.9459064282709733e-07
_	O=0.9999996423721313|NORM=2.997415720074059e-07
#ความทรงจำและคำอำลา	O=0.9999994039535522|NORM=5.401133194027352e-07

กรม	O=0.9999990463256836|NORM=9.598378483133274e-07
เศรษฐกิจฯ	O=0.9999924898147583|NORM=7.48146885598544e-06
_	O=0.9999996423721313|NORM=3.416245704102039e-07
กต.	O=0.9991316199302673|NORM=0.000868370640091598
_	O=0.9999996423721313|NORM=3.5404590903453936e-07
ร่วม	O=0.9999997615814209|NORM=1.9985976962288987e-07
กับ	O=0.9999994039535522|NORM=6.178809712764632e-07
_	O=0.9999994039535522|NORM=4.992846243112581e-07
กต.	NORM=0.9929819107055664|O=0.007018096279352903
ญี่ปุ่น	O=0.9999971389770508|NORM=2.9065665785310557e-06
_	O=0.9999996423721313|NORM=3.2152030371435103e-07
จัด	O=0.9999998807907104|NORM=1.611882680663257e-07
ประชุม	O=0.9999996423721313|NORM=3.699507544752123e-07
_	O=0.9999996423721313|NORM=3.416809590817138e-07
Green	O=0.9999997615814209|NORM=2.7375438094168203e-07
_	O=0.9999996423721313|NORM=3.09779750296002e-07
Mekong	O=0.9999996423721313|NORM=3.35930053552147e-07
_	O=0.9999996423721313|NORM=3.613336616581364e-07
Forum	O=0.9999997615814209|NORM=2.3395853077090578e-07
_	O=0.9999996423721313|NORM=2.89499752170741e-07
ครั้ง	O=0.9999997615814209|NORM=2.1898114255236578e-07
ที่	O=0.9999997615814209|NORM=2.468237596531253e-07
_	O=0.9999995231628418|NORM=4.863128992838028e-07
5	O=0.9999996423721313|NORM=3.787546063449554e-07
_	O=0.9999996423721313|NORM=3.058771369524038e-07
ที่	O=0.9999997615814209|NORM=1.776144102905164e-07
กรุงเทพ	O=0.984276533126831|NORM=0.015723437070846558
_	O=0.9999996423721313|NORM=2.9906516374467174e-07
โดย	O=0.9999997615814209|NORM=2.0039932735471666e-07
มี	O=0.9999997615814209|NORM=1.729780763071176e-07
ผู้	O=0.9999996423721313|NORM=4.111185489819036e-07
เข้า	O=0.999998927116394|NORM=1.1105297517133295e-06
ร่วม	O=0.9999996423721313|NORM=2.969880767977884e-07
จาก	O=0.9999996423721313|NORM=3.751686392661213e-07
ญี่ปุ่น	O=0.9999988079071045|NORM=1.2102776736355736e-06
_	O=0.9999996423721313|NORM=2.788034976219933e-07
และ	O=0.9999996423721313|NORM=3.622431279381999e-07
ประเทศลุ่มน้ำโขง	O=0.9999992847442627|NORM=7.671113166907162e-07
_	O=0.9999995231628418|NORM=3.8533414681296563e-07
เพื่อ	O=0.9999997615814209|NORM=1.644369973519133e-07
อภิปราย	O=0.9999942779541016|NORM=5.7125312196149025e-06
เกี่ยวกับ	O=0.9999996423721313|NORM=3.185469665822893e-07
แนวทาง	O=0.9999997615814209|NORM=2.756933952241525e-07
การพัฒนา	O=0.9999997615814209|NORM=2.4791293640191725e-07
อนุภูมิภาค	O=0.9999804496765137|NORM=1.9542874724720605e-05
_	O=0.9999992847442627|NORM=5.985075404169038e-07
#ลุ่มน้ำโขง	O=0.9999992847442627|NORM=6.581141747119545e-07
_	O=0.9999996423721313|NORM=3.536615338362026e-07
อย่าง	O=0.9999997615814209|NORM=2.1770387093056343e-07
ยั่งยืน	O=0.9999972581863403|NORM=2.713572712309542e-06
ใน	O=0.9999997615814209|NORM=1.9932718942072825e-07
ประเด็น	O=0.9999997615814209|NORM=2.331168644786885e-07
_	O=0.9999996423721313|NORM=2.866071042717522e-07
#โลกร้อน	O=0.9999996423721313|NORM=3.166309738844575e-07
_	O=0.9999996423721313|NORM=3.203944913821033e-07
#พลังงานหมุนเวียน	O=0.9999995231628418|NORM=4.211995587866113e-07
_	O=0.9999996423721313|NORM=3.132383028514596e-07
#การจัดการน้ำ	O=0.9999996423721313|NORM=3.1758207796883653e-07
_	O=0.9999996423721313|NORM=3.3851765124381927e-07
และ	O=0.9999996423721313|NORM=3.318317851608299e-07
_	O=0.9999996423721313|NORM=3.4358305356363417e-07
#ภัยพิบัติ	O=0.9999986886978149|NORM=1.3036756172368769e-06
_	O=0.9999995231628418|NORM=4.2836688862735173e-07
(	O=0.9999996423721313|NORM=3.330418962832482e-07
12	O=0.9999996423721313|NORM=3.4989446362487797e-07
_	O=0.9999995231628418|NORM=4.0883787733037025e-07
กพ	O=0.9651223421096802|NORM=0.034877605736255646
_	O=0.9999994039535522|NORM=5.369266773413983e-07
61	O=0.9999995231628418|NORM=4.1001393924489093e-07
)	O=0.9999996423721313|NORM=2.953008788608713e-07

รับ	O=0.9999997615814209|NORM=2.1118196968927805e-07
กด	O=0.9999997615814209|NORM=2.7672069791151443e-07
บัตร	O=0.9999997615814209|NORM=2.2880101369082695e-07
นะ	O=0.9999996423721313|NORM=3.36036436010545e-07
คะ	O=0.9999992847442627|NORM=7.637417525074852e-07
_	O=0.9999996423721313|NORM=2.695191483326198e-07
รอบ	O=0.9999997615814209|NORM=1.7892979542466492e-07
วัน	O=0.9999997615814209|NORM=1.8822579761490488e-07
เสาร์	O=0.9999988079071045|NORM=1.176264277091832e-06
_	O=0.9999995231628418|NORM=4.3325974274921464e-07
อาทิตย์	O=0.9999996423721313|NORM=3.8607575447713316e-07
_	O=0.9999996423721313|NORM=3.196083468992583e-07
ก็	O=0.9999997615814209|NORM=1.6761963195222052e-07
กด	O=0.9999997615814209|NORM=2.0023406932523358e-07
มา	O=0.9999997615814209|NORM=1.8992562900166376e-07
ได้	O=0.9999997615814209|NORM=1.7252747852580796e-07
หลาย	O=0.9999997615814209|NORM=2.75632942248194e-07
ใบ	O=0.9999995231628418|NORM=4.286443981982302e-07
ค่ะ	O=0.9999994039535522|NORM=5.518260763892613e-07
_	O=0.9999997615814209|NORM=2.541718515658431e-07
มี	O=0.9999997615814209|NORM=1.8183629890700104e-07
รีวิว	O=0.9999997615814209|NORM=2.3484733446821338e-07
การกด	O=0.9999996423721313|NORM=2.969116223994206e-07
บัตร	O=0.9999997615814209|NORM=2.8449179012568493e-07
หลาย	O=0.9999996423721313|NORM=4.0472158957527427e-07
คอน	NORM=0.9997627139091492|O=0.0002370626898482442
/	O=0.9999996423721313|NORM=3.361954270530987e-07
มีต	NORM=0.9747551083564758|O=0.025244932621717453
_	O=0.9999996423721313|NORM=3.293285999461659e-07
กด	O=0.9999997615814209|NORM=2.4652570118632866e-07
ไม่	O=0.9999997615814209|NORM=2.0170391223928164e-07
ได้	O=0.9999997615814209|NORM=1.697735001471301e-07
คืน	O=0.9999997615814209|NORM=1.998260472646507e-07
เงิน	O=0.9999997615814209|NORM=2.0271535561278142e-07
ให้	O=0.9999997615814209|NORM=2.0454294258342998e-07
ค่ะ	O=0.9999994039535522|NORM=5.979548518553202e-07
_	O=0.9999996423721313|NORM=2.809607337894704e-07
สนใจ	O=0.9999997615814209|NORM=1.695605504892228e-07
_	O=0.9999996423721313|NORM=2.9364230158535065e-07
DM	O=0.9999996423721313|NORM=3.495592579838558e-07
_	O=0.9999996423721313|NORM=2.8016845021738845e-07
นะ	O=0.9999996423721313|NORM=3.1755450891068904e-07
คะ	O=0.9999990463256836|NORM=9.147051969193853e-07
_	O=0.9999996423721313|NORM=2.799048672841309e-07
#BLACKPINK2019WORLDTOUR	O=0.9999994039535522|NORM=5.689184945367742e-07
_	O=0.9999997615814209|NORM=2.6368763883510837e-07
#BLACKPINK2019INYOURAREATOURinBKK	O=0.9999996423721313|NORM=4.0341987528336176e-07
_	O=0.9999997615814209|NORM=2.286029854303706e-07
#BLACKPINK2019INYOURAREAINBKK	O=0.9999995231628418|NORM=4.1989170540546183e-07
_	O=0.9999997615814209|NORM=2.6192719815298915e-07
#BLACKPINK2019WORLDTOURinbkk	O=0.9999996423721313|NORM=3.9479013480558933e-07
_	O=0.9999997615814209|NORM=2.2223450457659055e-07
#BLACKPINKINYOURAREA	O=0.9999994039535522|NORM=6.018336762281251e-07
_	O=0.9999994039535522|NORM=5.084348799755389e-07
#รับกดบัตร	O=0.9999995231628418|NORM=4.891693379249773e-07
_	O=0.9999992847442627|NORM=6.348935244204768e-07
#รับกดบัตร	O=0.9999994039535522|NORM=5.776793159384397e-07
คอน	NORM=0.9999009370803833|O=9.893436072161421e-05

เมื่อวาน	O=0.9999983310699463|NORM=1.7114944057539105e-06
สอบ	O=0.9999991655349731|NORM=8.759248544265574e-07
วัด	O=0.9999995231628418|NORM=4.424113342338387e-07
และ	O=0.9986661672592163|NORM=0.001333829713985324
ประเมิน	O=0.9999986886978149|NORM=1.308321316173533e-06
100	O=0.9999990463256836|NORM=9.142970611719647e-07
ข้อ	O=0.9999995231628418|NORM=4.4675547883343825e-07
_	O=0.9999992847442627|NORM=6.829502581240376e-07
กับ	O=0.9999995231628418|NORM=5.029756380281469e-07
ข้อเขียน	O=0.9999992847442627|NORM=6.954372793188668e-07
ข้อ	O=0.9999997615814209|NORM=2.316972711469134e-07
ใหญ่ๆ	O=0.9698805212974548|NORM=0.030119476839900017
อีก	O=0.9999996423721313|NORM=3.022657040219201e-07
2	O=0.9999992847442627|NORM=6.593165267076984e-07
ข้อ	O=0.9999997615814209|NORM=2.8151865194558923e-07
_	O=0.9999996423721313|NORM=3.269415458362346e-07
จังหวะ	O=0.9999996423721313|NORM=3.8892679299351585e-07
แรก	O=0.9999996423721313|NORM=3.1531865829492745e-07
ที่	O=0.9999997615814209|NORM=2.887856567213021e-07
ทรมาน	O=0.9999972581863403|NORM=2.743164941421128e-06
คือ	O=0.9999996423721313|NORM=3.915867239356885e-07
เริ่ม	O=0.9999997615814209|NORM=2.1020062490606506e-07
หาว	O=0.9999982118606567|NORM=1.8050194512397866e-06
ตั้งแต่	O=0.9999996423721313|NORM=3.925203202470584e-07
ข้อ	O=0.9999995231628418|NORM=4.750238531414652e-07
ที่	O=0.9999996423721313|NORM=3.4370364687674737e-07
20	O=0.9999994039535522|NORM=6.353236017275776e-07
_	O=0.9999995231628418|NORM=4.979627874490689e-07
ไม่	O=0.9999997615814209|NORM=2.384899175922328e-07
ไหว	O=0.9999996423721313|NORM=3.59621282086664e-07
มึง	O=0.9999964237213135|NORM=3.535729092618567e-06
ไม่	O=0.9999997615814209|NORM=2.5951015913960873e-07
ไหว	O=0.9999996423721313|NORM=3.5054807767664897e-07
_	O=0.9999996423721313|NORM=3.3536923638166627e-07
อ่าน	O=0.9999997615814209|NORM=2.694484919629758e-07
โจทย์	O=0.9999649524688721|NORM=3.504704363876954e-05
ไม่	O=0.9999997615814209|NORM=2.458310177644307e-07
เข้าใจ	O=0.9999997615814209|NORM=2.914394769959472e-07
_	O=0.9999995231628418|NORM=4.2804433064702607e-07
นี่	O=0.9999996423721313|NORM=3.974579385612742e-07
ข้อสอบ	O=0.9999970197677612|NORM=2.999340040332754e-06
ภาษาไทย	O=0.9999978542327881|NORM=2.0831525944231544e-06
นะ	O=0.9999991655349731|NORM=8.651554708194453e-07
_	O=0.9999995231628418|NORM=4.134469406835706e-07
อ่าน	O=0.9999997615814209|NORM=1.8532441004026623e-07
ซ้ำ	O=0.9999997615814209|NORM=2.680634452190134e-07
อยู่	O=0.9999997615814209|NORM=2.1101588743022148e-07
นั่น	O=0.999992847442627|NORM=7.1539730015501846e-06
_	O=0.9999996423721313|NORM=2.9491897635125497e-07
จังหวะ	O=0.9999996423721313|NORM=3.328092077481415e-07
ที่	O=0.9999997615814209|NORM=2.49251911554893e-07
2	O=0.9999994039535522|NORM=5.50725189896184e-07
คือ	O=0.9999996423721313|NORM=3.007661177889531e-07
ปวด	O=0.9999997615814209|NORM=2.9049269301140157e-07
ขี้	O=0.9999943971633911|NORM=5.628780854749493e-06
มาก	O=0.9999996423721313|NORM=3.5438776535556826e-07
_	O=0.9999996423721313|NORM=3.230626077765919e-07
ขน	O=0.9999995231628418|NORM=4.5760518219140067e-07
ลุก	O=0.9999996423721313|NORM=3.236571615161665e-07
ไป	O=0.9999995231628418|NORM=4.2255300058968714e-07
หมด	O=0.9999996423721313|NORM=3.402661263862683e-07
_	O=0.9999995231628418|NORM=4.252372605151322e-07
แต่	O=0.9999997615814209|NORM=2.6740673320091446e-07
เหลือ	O=0.9999997615814209|NORM=2.69451078338534e-07
อีก	O=0.9999997615814209|NORM=2.496144304586778e-07
50	O=0.9999992847442627|NORM=7.627729701198405e-07
ข้อ	O=0.9999997615814209|NORM=2.9429386927404266e-07
ที่	O=0.9999997615814209|NORM=2.392752094237949e-07
ยัง	O=0.9999997615814209|NORM=2.2169832902818598e-07
ไม่	O=0.9999997615814209|NORM=2.019150429077854e-07
ได้	O=0.9999997615814209|NORM=1.971252174826077e-07
ทำ	O=0.9999997615814209|NORM=2.1623309010010416e-07
_	O=0.9999996423721313|NORM=3.873647074215114e-07
ทำให้	O=0.9999997615814209|NORM=1.842959989062365e-07
กู	O=0.9999939203262329|NORM=6.0192828641447704e-06
ตื่น	O=0.9999996423721313|NORM=3.446068603807362e-07
เลย	O=0.9999992847442627|NORM=7.673089044146764e-07
จ้ะ	NORM=0.9078866243362427|O=0.09211336076259613
_	O=0.9999995231628418|NORM=4.868251721745764e-07
กราบ	O=0.9999991655349731|NORM=8.018170092327637e-07
แล้วว	NORM=0.9997944235801697|O=0.00020557102106977254
_	O=0.9999972581863403|NORM=2.6647649065125734e-06
ยอม	O=0.999998927116394|NORM=1.1276888471911661e-06
แล้ว	O=0.9999977350234985|NORM=2.236668251498486e-06
เหล่าซือ	O=0.999994158744812|NORM=5.832910574099515e-06

แฟน	O=0.9999973773956299|NORM=2.572464381955797e-06
เรียน	O=0.9999991655349731|NORM=7.919859399407869e-07
ภาษา	O=0.9999995231628418|NORM=4.814302769773349e-07
ไทย	O=0.9999984502792358|NORM=1.526851065136725e-06
_	O=0.9999992847442627|NORM=5.774093665422697e-07
แทบ	O=0.9999994039535522|NORM=5.461133127937501e-07
ทุก	O=0.9999991655349731|NORM=7.729537969680678e-07
วัน	O=0.9999996423721313|NORM=3.0599119327234803e-07
นาง	O=0.9999996423721313|NORM=3.9885833302832907e-07
จะ	O=0.9999997615814209|NORM=2.7341516783963016e-07
มี	O=0.9999996423721313|NORM=3.1805521416572446e-07
ศัพท์	O=0.9999985694885254|NORM=1.4421925698115956e-06
อะไร	O=0.9999996423721313|NORM=3.479292445263127e-07
ก็	O=0.9999997615814209|NORM=2.852505645023484e-07
ไม่	O=0.9999997615814209|NORM=2.570213268882071e-07
รู้	O=0.9999995231628418|NORM=5.025302129979536e-07
ที่	O=0.9999997615814209|NORM=2.742621347806562e-07
ไม่	O=0.9999997615814209|NORM=2.572290043190151e-07
คิด	O=0.9999995231628418|NORM=4.2335366856605106e-07
ว่า	O=0.9999997615814209|NORM=2.8147596253802476e-07
โรงเรียน	O=0.9999994039535522|NORM=6.022758043400245e-07
จะ	O=0.9999997615814209|NORM=2.4080759430944454e-07
สอน	O=0.9999991655349731|NORM=8.017282766559219e-07
มา	O=0.9999995231628418|NORM=4.492480059070658e-07
อวด	O=0.9999983310699463|NORM=1.6196765955101e-06
ตลอด	O=0.9999995231628418|NORM=4.4039330759915174e-07
_	O=0.9999991655349731|NORM=7.590256245748606e-07
ตัวอย่างเช่น	O=0.9999130964279175|NORM=8.689905371284112e-05
_	O=0.9999992847442627|NORM=6.565156809301698e-07
สูบ	O=0.9999982118606567|NORM=1.841763378251926e-06
กัญชา	O=0.9999825954437256|NORM=1.7437017959309742e-05
_	O=0.9999995231628418|NORM=4.777247113452177e-07
ตอแหล	O=0.9997438788414001|NORM=0.000256151455687359
_	O=0.9999994039535522|NORM=6.142465736047598e-07
สตรอเบอรี่	O=0.9998277425765991|NORM=0.000172244748682715
_	O=0.9999990463256836|NORM=9.252967743123008e-07
(	O=0.9999990463256836|NORM=9.286410431741388e-07
ที่	O=0.9999996423721313|NORM=3.293681913874025e-07
แปล	O=0.9999977350234985|NORM=2.221663862655987e-06
ว่า	O=0.9999994039535522|NORM=5.667037612511194e-07
ตอแหล	O=0.9999819993972778|NORM=1.79617854882963e-05
)	O=0.9999982118606567|NORM=1.675501152931247e-06
_	O=0.9999992847442627|NORM=6.705096211589989e-07
ขี้บ่น	O=0.9999979734420776|NORM=1.996354967559455e-06
_	O=0.9999991655349731|NORM=7.619113944201672e-07
น่ารำคาญ	O=0.999996542930603|NORM=3.399583647478721e-06
_	O=0.9999994039535522|NORM=5.945175303168071e-07
หำ	O=0.9999979734420776|NORM=1.993582827708451e-06
_	O=0.9999995231628418|NORM=4.989410058442445e-07
หี	O=0.9999990463256836|NORM=9.450037623537355e-07
_	O=0.9999995231628418|NORM=4.5972751649969723e-07
กระหรี่	O=0.9999570846557617|NORM=4.293614256312139e-05
_	O=0.9999994039535522|NORM=5.929021540396207e-07
แรด	O=0.9999836683273315|NORM=1.637965760892257e-05
_	O=0.9999995231628418|NORM=4.536168773938698e-07
กระแดะ	O=0.9999964237213135|NORM=3.562712436178117e-06
_	O=0.9999994039535522|NORM=5.340770030670683e-07
นมปลอม	O=0.9999996423721313|NORM=3.6379483958626224e-07
_	O=0.9999995231628418|NORM=4.536774724783754e-07
อะไร	O=0.9999995231628418|NORM=4.530557191628759e-07
ตั่งต่าง	O=0.9999463558197021|NORM=5.3637060773326084e-05
แนวๆ	O=0.8875302076339722|NORM=0.11246975511312485
_	O=0.9999983310699463|NORM=1.6903663890843745e-06
นี้	O=0.9999982118606567|NORM=1.8260280967297149e-06
_	O=0.9999991655349731|NORM=7.467800173799333e-07
วันนี้	O=0.999998927116394|NORM=1.028382371259795e-06
อยู่ๆ	NORM=0.984253466129303|O=0.01574653759598732
_	O=0.9999984502792358|NORM=1.5414685776704573e-06
ก็	O=0.9999995231628418|NORM=4.443216710114939e-07
โผล่	O=0.9999927282333374|NORM=7.239626484079054e-06
มา	O=0.9999990463256836|NORM=9.94237211671134e-07
กับ	O=0.9999978542327881|NORM=2.1675020889233565e-06
คำ	O=0.9999991655349731|NORM=8.207689461414702e-07
ว่า	O=0.9999995231628418|NORM=4.928841690343688e-07
_	O=0.9999992847442627|NORM=6.855389074189588e-07
หนังโป๊	O=0.9999982118606567|NORM=1.7688719253783347e-06
_	O=0.9999994039535522|NORM=5.837189860358194e-07
เออ	O=0.9994482398033142|NORM=0.0005518074030987918
_	O=0.9999991655349731|NORM=7.979920724210388e-07
มาก	O=0.9999995231628418|NORM=5.137653715792112e-07
กว่า	O=0.9999994039535522|NORM=5.689793169949553e-07
นี้	O=0.9999988079071045|NORM=1.1714148513419786e-06
มี	O=0.9999996423721313|NORM=2.9709883619943867e-07
อีก	O=0.9999996423721313|NORM=3.576577114472457e-07
ไหม	O=0.9999995231628418|NORM=4.4374363028509833e-07
คะ	O=0.9999979734420776|NORM=2.0595375644916203e-06
_	O=0.9999994039535522|NORM=5.682038590748562e-07
#บ่นแฟน	O=0.9999986886978149|NORM=1.292156753152085e-06

จริงๆ	O=0.9999021291732788|NORM=9.791194315766916e-05
ถ้า	O=0.9999997615814209|NORM=2.6964798394146783e-07
ประเทศ	O=0.9999990463256836|NORM=9.203359354614804e-07
ไทย	O=0.9999992847442627|NORM=6.615304073420702e-07
เกณฑ์	O=0.9999995231628418|NORM=4.4078910832467955e-07
คน	O=0.9999990463256836|NORM=9.515602528153977e-07
สวยๆ	NORM=0.9994328618049622|O=0.0005670310347341001
หุ่น	O=0.9999947547912598|NORM=5.260319539956981e-06
ดีๆ	NORM=0.9984754920005798|O=0.0015245600370690227
ไป	O=0.9999991655349731|NORM=8.414846206505899e-07
เป็น	O=0.9999995231628418|NORM=4.1104402725977707e-07
ไอดอล	O=0.9999964237213135|NORM=3.6081960388401058e-06
_	O=0.9999996423721313|NORM=3.5556280408854946e-07
คง	O=0.9999996423721313|NORM=3.5587322599894833e-07
มี	O=0.9999997615814209|NORM=2.68977146333782e-07
เยอะ	O=0.9999992847442627|NORM=6.56071279081516e-07
เหมือน	O=0.999998927116394|NORM=1.045014528244792e-06
กัน	O=0.9999994039535522|NORM=6.207395131241356e-07
แหละ	O=0.9999994039535522|NORM=5.538965979212662e-07
_	O=0.9999997615814209|NORM=2.644133587637043e-07
ที่	O=0.9999997615814209|NORM=1.9576100385165773e-07
ผ่าน	O=0.9999997615814209|NORM=2.57939205994262e-07
มา	O=0.9999997615814209|NORM=2.4175605517484655e-07
มี	O=0.9999997615814209|NORM=2.710224009661033e-07
แต่	O=0.9999996423721313|NORM=3.8434470184256497e-07
ประกวด	O=0.9999995231628418|NORM=5.31217210664181e-07
นางแบบ	O=0.9999992847442627|NORM=6.548785904669785e-07
นางงาม	O=0.9999996423721313|NORM=3.754130943889322e-07
_	O=0.9999995231628418|NORM=3.9834279164097097e-07
เอาแต่	O=0.9999973773956299|NORM=2.6263357995048864e-06
คน	O=0.9999995231628418|NORM=4.3073018218819925e-07
สูงๆ	O=0.9995918869972229|NORM=0.00040808023186400533
_	O=0.9999996423721313|NORM=3.7114733686394175e-07
แล้ว	O=0.9999997615814209|NORM=2.9027057735220296e-07
คน	O=0.9999996423721313|NORM=3.6814878967561526e-07
เตี้ยๆ	O=0.9933155179023743|NORM=0.006684525404125452
ที่	O=0.9999996423721313|NORM=4.015720094230346e-07
สวยๆ	NORM=0.9986672401428223|O=0.0013326252810657024
น่ารักๆ	O=0.9993143081665039|NORM=0.0006856893305666745
หุ่น	O=0.999994158744812|NORM=5.890954525966663e-06
ดีๆ	NORM=0.9997033476829529|O=0.00029658700805157423
สมส่วน	O=0.9999905824661255|NORM=9.383525139128324e-06
หมด	O=0.9999997615814209|NORM=2.890722043957794e-07
โอกาส	O=0.9999997615814209|NORM=2.6769811256599496e-07
เข้า	O=0.9999997615814209|NORM=2.152420535139754e-07
วงการ	O=0.9999996423721313|NORM=4.1285912288913096e-07
ไป	O=0.9999995231628418|NORM=4.348903530626558e-07
หมด	O=0.9999996423721313|NORM=3.7534076113843184e-07
จริงๆ	O=0.9982549548149109|NORM=0.0017450177110731602
ไทย	O=0.9999992847442627|NORM=7.521794032072648e-07
ก็	O=0.9999997615814209|NORM=2.038074740084994e-07
เริ่ม	O=0.9999997615814209|NORM=2.0422736213276949e-07
ทำ	O=0.9999998807907104|NORM=1.6788507650744577e-07
ไอดอล	O=0.9999959468841553|NORM=4.091818482265808e-06
ได้	O=0.9999997615814209|NORM=2.0185265725558565e-07
_	O=0.9999996423721313|NORM=3.682650060454762e-07
แบบ	O=0.9999997615814209|NORM=2.3134973048399843e-07
ไม่	O=0.9999997615814209|NORM=2.4962895395219675e-07
ต้อง	O=0.9999997615814209|NORM=2.3166256823969889e-07
อิง	O=0.999998927116394|NORM=1.0397795904282248e-06
ชาติ	O=0.9999996423721313|NORM=4.0890853370001423e-07
ไหน	O=0.9999996423721313|NORM=3.3630925599936745e-07
_	O=0.9999997615814209|NORM=2.376990551056224e-07
สร้าง	O=0.9999997615814209|NORM=1.8836172444025578e-07
แบรนด์	O=0.9999991655349731|NORM=8.660106800562062e-07
ตัวเอง	O=0.9999997615814209|NORM=2.0367031083878828e-07
ขึ้น	O=0.9999997615814209|NORM=2.3964722117852943e-07
มา	O=0.9999997615814209|NORM=2.6418146603646164e-07
_	O=0.9999996423721313|NORM=3.3221209605471813e-07
แล้ว	O=0.9999997615814209|NORM=2.4326237735294853e-07
ขยาย	O=0.9999997615814209|NORM=2.56937255471712e-07
ไป	O=0.9999996423721313|NORM=3.2448113529426337e-07
ยัง	O=0.9988425970077515|NORM=0.0011573920492082834
ชาติ	O=0.9999958276748657|NORM=4.222511506668525e-06
ใน	O=0.9999995231628418|NORM=5.257207931208541e-07
อาเซียน	O=0.9999980926513672|NORM=1.9416884242673405e-06
ด้วย	O=0.9999997615814209|NORM=1.776557496668829e-07

ลิปบาม	O=0.9840651154518127|NORM=0.015934830531477928
ออแกนิค	O=0.9975855350494385|NORM=0.0024143848568201065
_	O=0.9999996423721313|NORM=3.4104485280295194e-07
สี	O=0.9999997615814209|NORM=2.194517350062597e-07
จะ	O=0.9999997615814209|NORM=2.0010121204450115e-07
ชัด	O=0.9999997615814209|NORM=2.2484985606752161e-07
หรอ	NORM=0.9045382142066956|O=0.09546172618865967
_	O=0.9999992847442627|NORM=7.024353863016586e-07
?	O=0.9999995231628418|NORM=4.6847307544339856e-07
_	O=0.9999997615814209|NORM=2.479966667578992e-07
บอก	O=0.9999997615814209|NORM=2.6960685772792203e-07
เลย	O=0.9999997615814209|NORM=2.4791768282739213e-07
สี	O=0.9999997615814209|NORM=2.5725086061356706e-07
ชัด	O=0.9999997615814209|NORM=2.3038319341139868e-07
มากกกกก	NORM=0.9999783039093018|O=2.1476256733876653e-05
เหมือน	O=0.9999996423721313|NORM=3.5115706964461424e-07
ลิป	O=0.9999982118606567|NORM=1.8019185290540918e-06
แมท	NORM=0.9994912147521973|O=0.0005087116151116788
_	O=0.9999996423721313|NORM=3.698735326906899e-07
แต่	O=0.9999997615814209|NORM=2.2629180307376373e-07
ผสม	O=0.9999997615814209|NORM=2.5473261189290497e-07
สาร	O=0.9999996423721313|NORM=3.0934694450479583e-07
บำรุง	O=0.9999996423721313|NORM=3.263001815412281e-07
ริมฝีปาก	O=0.9999997615814209|NORM=2.8517794703475374e-07
อัดแน่น	O=0.9999978542327881|NORM=2.1051348539913306e-06
_	O=0.9999996423721313|NORM=2.707007524804794e-07
หน้าสด	O=0.9999996423721313|NORM=3.4963261441589566e-07
ก็	O=0.9999997615814209|NORM=2.335058155722436e-07
ยัง	O=0.9999997615814209|NORM=2.6306221911909233e-07
สวย	O=0.9999996423721313|NORM=3.591822235193831e-07
_	O=0.9999995231628418|NORM=4.4720388814312173e-07
ด้วย	O=0.9999997615814209|NORM=1.7476189384524332e-07
_	O=0.9999996423721313|NORM=3.327104991512897e-07
marryrose	O=0.9999991655349731|NORM=8.567567419959232e-07
_	O=0.9999995231628418|NORM=3.9789100014786527e-07
แท่ง	O=0.9999966621398926|NORM=3.3250223623326747e-06
นี้	O=0.9999994039535522|NORM=5.46529065559298e-07
เลย	O=0.9999997615814209|NORM=2.2115203535122419e-07
ค่า	NORM=0.9942481517791748|O=0.00575188547372818
_	O=0.9999996423721313|NORM=3.03411667346154e-07
ราคา	O=0.9999997615814209|NORM=2.129446841081517e-07
แค่	O=0.9999996423721313|NORM=2.7966365223619505e-07
_	O=0.9999996423721313|NORM=2.9199108553257247e-07
129	O=0.9999995231628418|NORM=4.175930712335685e-07
.	O=0.9999948740005493|NORM=5.050104846304748e-06
-	O=0.9999995231628418|NORM=4.182530801699613e-07
_	O=0.9999997615814209|NORM=2.547098176819418e-07
เท่านั้น	O=0.9999995231628418|NORM=4.1117263549494965e-07
_	O=0.9999996423721313|NORM=2.750418559571699e-07
#marryrosethailand	O=0.9999996423721313|NORM=2.978628685923468e-07
_	O=0.9999997615814209|NORM=2.624250043936627e-07
#marryrose	O=0.9999996423721313|NORM=3.705959272792825e-07
_	O=0.9999996423721313|NORM=2.8713841970784415e-07
#makeup	O=0.9999995231628418|NORM=4.385190663924732e-07
_	O=0.9999996423721313|NORM=3.499245053717459e-07
#แมรี่โรส	O=0.9999990463256836|NORM=9.356817258776573e-07
_	O=0.9999995231628418|NORM=4.429301441177813e-07
#ลิปสติก	O=0.9999957084655762|NORM=4.337312475399813e-06
_	O=0.9999995231628418|NORM=4.7430864924535854e-07
#รีวิว	O=0.9999995231628418|NORM=4.793708967554267e-07
_	O=0.9999994039535522|NORM=5.972493113404198e-07
#ออแกนิค	O=0.9999852180480957|NORM=1.4800788449065294e-05
_	O=0.9999995231628418|NORM=4.788088858731498e-07
#organic	O=0.9999991655349731|NORM=8.089539278444136e-07
_	O=0.9999995231628418|NORM=4.206544019780267e-07
#เครื่องสำอาง	O=0.9999760389328003|NORM=2.3923281332827173e-05
_	O=0.9999995231628418|NORM=4.112138185519143e-07
#HowtoPerfect	O=0.9999995231628418|NORM=4.4711688929055526e-07
_	O=0.9999996423721313|NORM=2.746067764292093e-07
at	O=0.9999997615814209|NORM=2.732879806899291e-07
_	O=0.9999997615814209|NORM=2.209770428862612e-07
มหาวิทยาลัย	O=0.999998927116394|NORM=1.0298929282726021e-06
เกษตรศาสตร์	O=0.9999992847442627|NORM=6.836898478468356e-07
_	O=0.9999996423721313|NORM=2.647105361575086e-07
(	O=0.9999996423721313|NORM=3.5817043908537016e-07
Kasetsart	O=0.9848055243492126|NORM=0.015194463543593884
University	O=0.9999996423721313|NORM=3.445145182467968e-07
)	O=0.9999997615814209|NORM=2.423821570118889e-07

เพื่อน	O=0.9999994039535522|NORM=6.06201751907065e-07
ที่	O=0.9999997615814209|NORM=2.294456180607085e-07
ไม่	O=0.9999996423721313|NORM=3.1517225806965143e-07
ได้	O=0.9999996423721313|NORM=3.0005588769199676e-07
ตาม	O=0.9999997615814209|NORM=2.946196104858245e-07
_	O=0.9999995231628418|NORM=3.779431096972985e-07
#BNK48	O=0.9999996423721313|NORM=3.8748589759052265e-07
_	O=0.9999996423721313|NORM=2.9348049679356336e-07
จะ	O=0.9999997615814209|NORM=2.4573887458245736e-07
ถาม	O=0.9999996423721313|NORM=3.2102946079248795e-07
ว่า	O=0.9999997615814209|NORM=2.713728406433802e-07
จับ	O=0.9999997615814209|NORM=2.4562433509345283e-07
มือ	O=0.9999997615814209|NORM=2.5864764552352426e-07
เป็น	O=0.9999996423721313|NORM=3.0708540066370915e-07
ไง	NORM=0.5794509053230286|O=0.42054906487464905
มึง	O=0.999998927116394|NORM=1.0713400797612849e-06
ไม่	O=0.9999997615814209|NORM=2.387757547239744e-07
ล้าง	O=0.9999996423721313|NORM=3.699793467148993e-07
มือ	O=0.9999996423721313|NORM=2.9873024232074386e-07
กี่	O=0.9999996423721313|NORM=3.2688572559891327e-07
วัน	O=0.9999997615814209|NORM=2.8360003057059657e-07
_	O=0.9999996423721313|NORM=3.913190766979824e-07
เรา	O=0.9999997615814209|NORM=2.244466514866872e-07
ก็	O=0.9999997615814209|NORM=2.7256308499090665e-07
บอก	O=0.9999996423721313|NORM=2.976413497890462e-07
ว่า	O=0.9999997615814209|NORM=2.6578362621876295e-07
มัน	O=0.9999996423721313|NORM=3.281282090483728e-07
มี	O=0.9999996423721313|NORM=3.20649434115694e-07
มาก	O=0.9999995231628418|NORM=4.2402885469527973e-07
กว่า	O=0.9999996423721313|NORM=4.0345145180253894e-07
นั้น	O=0.9999982118606567|NORM=1.7841230146586895e-06
_	O=0.9999996423721313|NORM=3.2546108741371427e-07
เหมือน	O=0.9999997615814209|NORM=2.57176765217082e-07
เรา	O=0.9999997615814209|NORM=2.2617852835082886e-07
ได้	O=0.9999997615814209|NORM=2.0447720316951745e-07
ไป	O=0.9999996423721313|NORM=3.2242579095509427e-07
คุย	O=0.9999996423721313|NORM=3.090405868988455e-07
ต่อ	O=0.9999991655349731|NORM=8.488799494443811e-07
ตัว	O=0.9999979734420776|NORM=1.9844078451569658e-06
กับ	O=0.9999996423721313|NORM=3.281839155988564e-07
น้อง	O=0.9999979734420776|NORM=2.055062168437871e-06
8	O=0.9999996423721313|NORM=3.2652897630214284e-07
วิ	O=0.99770587682724|NORM=0.0022941268980503082
_	O=0.9999995231628418|NORM=4.3545352923501923e-07
ให้	O=0.9999997615814209|NORM=2.027428109840912e-07
กำลังใจ	O=0.9999997615814209|NORM=2.690746327971283e-07
_	O=0.9999995231628418|NORM=4.510192468387686e-07
เอา	O=0.9999997615814209|NORM=2.72769796083594e-07
กำลังใจ	O=0.9999996423721313|NORM=3.3621532224969997e-07
_	O=0.9999995231628418|NORM=4.064667962211388e-07
คุย	O=0.9999996423721313|NORM=3.1422447932527575e-07
สนุก	O=0.9999995231628418|NORM=4.331027696480305e-07
_	O=0.9999994039535522|NORM=5.848010573572537e-07
เรื่อยเปื่อย	O=0.9999579191207886|NORM=4.208624523016624e-05
_	O=0.9999995231628418|NORM=4.963909532307298e-07
ซึ้ง	O=0.9999991655349731|NORM=8.386894023715286e-07
บ้าง	O=0.9999996423721313|NORM=3.54525695911434e-07
_	O=0.9999992847442627|NORM=6.737954549862479e-07
ที่	O=0.9999997615814209|NORM=1.8612676910834125e-07
ได้	O=0.9999997615814209|NORM=2.3704120621914626e-07
กลับ	O=0.9999997615814209|NORM=2.741425930707919e-07
มา	O=0.9999997615814209|NORM=2.653055162227247e-07
ไม่	O=0.9999997615814209|NORM=2.505780116734968e-07
ได้	O=0.9999997615814209|NORM=2.555433695761167e-07
ตรง	O=0.9999997615814209|NORM=2.904821485572029e-07
จับ	O=0.9999997615814209|NORM=2.268906058588982e-07
มือ	O=0.9999997615814209|NORM=2.7520269441083656e-07
หรอก	O=0.9999991655349731|NORM=8.460697813461593e-07
แต่	O=0.9999996423721313|NORM=3.4356105516053503e-07
ได้	O=0.9999997615814209|NORM=2.2093784934895666e-07
ความทรงจำ	O=0.9999985694885254|NORM=1.4549294746757369e-06
ดีๆ	NORM=0.997830331325531|O=0.002169672166928649
กลับ	O=0.9999997615814209|NORM=2.6763379423755396e-07
มา	O=0.9999997615814209|NORM=2.629112145768886e-07
_	O=0.9999996423721313|NORM=3.717555614457524e-07
ลอง	O=0.9999997615814209|NORM=1.795015123207122e-07
ไป	O=0.9999997615814209|NORM=2.824604337092751e-07
ดู	O=0.9999997615814209|NORM=2.5386856350451126e-07
ดิ	O=0.9978955984115601|NORM=0.002104395069181919
ค่ำๆ	O=0.9883843660354614|NORM=0.011615632101893425
มา	O=0.9999995231628418|NORM=5.094371999803116e-07
รีวิว	O=0.9999986886978149|NORM=1.2872947081632446e-06
_	O=0.9999996423721313|NORM=3.6041200246472727e-07
#NoeyBNK48	O=0.9999994039535522|NORM=5.415988653112436e-07
_	O=0.9999995231628418|NORM=3.6494222399596765e-07
#JaneBNK48	O=0.9999992847442627|NORM=7.244829589581059e-07

จะ	O=0.9999997615814209|NORM=2.1289777407673682e-07
ว่า	O=0.9999995231628418|NORM=4.233096717598528e-07
ไป	O=0.9999990463256836|NORM=9.545450438963599e-07
เน	O=0.9999912977218628|NORM=8.682345651322976e-06
รัก	O=0.9999992847442627|NORM=6.761952136002947e-07
ซานะจัง	O=0.9999996423721313|NORM=3.3525861908856314e-07
มาก	O=0.9999996423721313|NORM=3.8942113178563886e-07
จริง	O=0.9999983310699463|NORM=1.7258377056350582e-06
ๆ	O=0.9999804496765137|NORM=1.9495833839755505e-05
_	O=0.9999995231628418|NORM=5.003595902053348e-07
แหละ	O=0.9999996423721313|NORM=3.9421826159014017e-07
_	O=0.9999996423721313|NORM=3.481546286820958e-07
ถึง	O=0.9999996423721313|NORM=3.1014573664833733e-07
กับ	O=0.9999994039535522|NORM=5.370346798372339e-07
ล้าง	O=0.9999994039535522|NORM=5.84727445129829e-07
1	O=0.9999994039535522|NORM=6.142811344034271e-07
_	O=0.9999995231628418|NORM=4.2855853621404094e-07
บัญชี	O=0.9999996423721313|NORM=3.3397000720469805e-07
ของ	O=0.9999997615814209|NORM=2.3381153368973173e-07
ตัวเอง	O=0.9999997615814209|NORM=2.1853009002370527e-07
แล้ว	O=0.9999997615814209|NORM=2.0232484132520767e-07
ใส่	O=0.9999997615814209|NORM=2.3590213515944924e-07
เงิน	O=0.9999997615814209|NORM=2.162504273428567e-07
เป็น	O=0.9999997615814209|NORM=2.883431307054707e-07
เงิน	O=0.9999997615814209|NORM=2.7356387022337003e-07
สำหรับ	O=0.9999995231628418|NORM=4.6009333232177596e-07
ของ	O=0.9999997615814209|NORM=2.3068416510341194e-07
ขวัญ	O=0.9999991655349731|NORM=8.484024647259503e-07
ซานะจัง	O=0.9999995231628418|NORM=4.644671207643114e-07
_	O=0.9999995231628418|NORM=3.9591930089954985e-07
ถ้า	O=0.9999997615814209|NORM=2.1704174457681802e-07
ใส่	O=0.9999997615814209|NORM=2.5203036102539045e-07
เงิน	O=0.9999997615814209|NORM=2.2828272960850882e-07
เข้าไป	O=0.9999990463256836|NORM=8.935109008234576e-07
ใน	O=0.9999997615814209|NORM=2.696927481338207e-07
บัญชี	O=0.9999997615814209|NORM=2.874540712127782e-07
นั้น	O=0.9999996423721313|NORM=4.012045451418089e-07
จะ	O=0.9999997615814209|NORM=2.2211436601082823e-07
ไม่	O=0.9999997615814209|NORM=2.2243615660499927e-07
สนใจ	O=0.9999996423721313|NORM=3.050684256322711e-07
ไม่	O=0.9999997615814209|NORM=2.48990346563005e-07
นับ	O=0.9999996423721313|NORM=3.312035801172897e-07
เป็น	O=0.9999997615814209|NORM=2.652159594163095e-07
เงิน	O=0.9999997615814209|NORM=2.1972920194457402e-07
ของ	O=0.9999997615814209|NORM=2.199191442286974e-07
เน	O=0.9999860525131226|NORM=1.3988601494929753e-05
แล้ว	O=0.9999996423721313|NORM=3.015229026459565e-07
_	O=0.9999996423721313|NORM=3.453411636655801e-07
มี	O=0.9999997615814209|NORM=1.778464451263062e-07
ความ	O=0.9999996423721313|NORM=3.421064604935964e-07
แม่	O=0.9999977350234985|NORM=2.290543534400058e-06
เก็บ	O=0.9999996423721313|NORM=3.4243876712025667e-07
เงิน	O=0.9999997615814209|NORM=2.33173125252506e-07
ให้	O=0.9999997615814209|NORM=2.3129943826916133e-07
ลูก	O=0.9999996423721313|NORM=3.308894349629554e-07
มาก	O=0.9999997615814209|NORM=2.590270469227107e-07
_	O=0.9999995231628418|NORM=4.856574946643377e-07
คือ	O=0.9999997615814209|NORM=2.3651688252357417e-07
ไม่	O=0.9999997615814209|NORM=2.0282017487716075e-07
ใช่	O=0.9999997615814209|NORM=2.3248878733284073e-07
ลูก	O=0.9999997615814209|NORM=2.0271110656722158e-07
ฝั่ง	O=0.9999994039535522|NORM=5.673082910107041e-07
ญี่ปุ่น	O=0.9999986886978149|NORM=1.2836084124501213e-06
ไม่	O=0.9999997615814209|NORM=2.160766285896898e-07
รัก	O=0.9999996423721313|NORM=3.336214433602436e-07
_	O=0.9999994039535522|NORM=5.515883003681665e-07
แต่	O=0.9999997615814209|NORM=2.390051747624966e-07
ฝั่ง	O=0.9999988079071045|NORM=1.226685412802908e-06
ญี่ปุ่น	O=0.9999972581863403|NORM=2.763124484772561e-06
ไม่	O=0.9999997615814209|NORM=2.2342774741446192e-07
รับ	O=0.9999997615814209|NORM=1.941727560961226e-07
ของ	O=0.9999997615814209|NORM=2.3186437658750947e-07
แบบ	O=0.9999996423721313|NORM=3.8894793874533207e-07
ห้าม	O=0.9999996423721313|NORM=4.03288680672631e-07
เด็ดขาด	O=0.9999983310699463|NORM=1.6342302160410327e-06
_	O=0.9999995231628418|NORM=4.3999574472763925e-07
ไม่	O=0.9999997615814209|NORM=2.5570963657628454e-07
จำเป็น	O=0.9999909400939941|NORM=9.079540177481249e-06
ต้อง	O=0.9999997615814209|NORM=2.0190078942050604e-07
ซื้อ	O=0.9999997615814209|NORM=2.4949068233581784e-07
อะไร	O=0.9999991655349731|NORM=8.456914315502218e-07
ให้	O=0.9999997615814209|NORM=2.5640363787715614e-07

อหหห	NORM=0.9988194108009338|O=0.001180411083623767
_	O=0.9999995231628418|NORM=4.0396690792476875e-07
หนู	O=0.9999997615814209|NORM=2.5268209924433904e-07
ลู้ก	NORM=0.9993271827697754|O=0.0006728149601258337
_	O=0.9999996423721313|NORM=3.6104569289818755e-07
รว้าย	NORM=0.9800476431846619|O=0.01995236426591873
รว้าย	O=0.8606610894203186|NORM=0.13933886587619781
อะ	NORM=0.7468478679656982|O=0.25315210223197937
เนอะ	NORM=0.9520118832588196|O=0.047988161444664
_	O=0.9999997615814209|NORM=2.8139919550085324e-07
แล้ว	O=0.9999997615814209|NORM=2.432588814826886e-07
แต่	O=0.9999996423721313|NORM=3.8793882595200557e-07
จ้า	NORM=0.9989639520645142|O=0.0010360635351389647
_	O=0.9999997615814209|NORM=2.8337240109976847e-07
ถ้า	O=0.9999997615814209|NORM=1.816811732169299e-07
จะ	O=0.9999997615814209|NORM=2.208209508580694e-07
ขนาด	O=0.9999997615814209|NORM=2.4590488578724035e-07
นี้	O=0.9999997615814209|NORM=2.463562509547046e-07
ก็	O=0.9999997615814209|NORM=2.0078307727544598e-07
พูด	O=0.9999997615814209|NORM=2.0494515240443434e-07
ได้	O=0.9999997615814209|NORM=1.8929779344034614e-07
แค่	O=0.9999997615814209|NORM=2.2262142351792136e-07
_	O=0.9999997615814209|NORM=2.738395039614261e-07
แก้ว	O=0.9999997615814209|NORM=2.5337004672110197e-07
ตี	O=0.9999997615814209|NORM=2.3353833000783197e-07
พี่	O=0.9999988079071045|NORM=1.1581926173676038e-06
เล้ยย	NORM=0.9997492432594299|O=0.00025075869052670896
_	O=0.9999995231628418|NORM=4.1116160787169065e-07
แงงง	NORM=0.9997803568840027|O=0.00021963356994092464
_	O=0.9999996423721313|NORM=3.580829854854528e-07
ไม่	O=0.9999997615814209|NORM=2.111866024279152e-07
หวั่ย	NORM=0.9996380805969238|O=0.00036195063148625195
ก็	O=0.9999997615814209|NORM=2.2265625432282832e-07
บอก	O=0.9999997615814209|NORM=2.3262164461357315e-07
ไม่	O=0.9999997615814209|NORM=2.093454014584495e-07
หวั่ย	NORM=0.9997702240943909|O=0.00022978062042966485
_	O=0.9999996423721313|NORM=3.633419964899076e-07
แมมม๊	NORM=0.9985209107398987|O=0.0014791538706049323
_	O=0.9999996423721313|NORM=3.393308816157514e-07
หนู	O=0.9999997615814209|NORM=2.5056581876015116e-07
อยาก	O=0.9999997615814209|NORM=2.1538063776915806e-07
ได้	O=0.9999997615814209|NORM=1.8775536148041283e-07
คน	O=0.9999996423721313|NORM=3.7114202200427826e-07
นี้	O=0.9999996423721313|NORM=3.505524261981918e-07
_	O=0.9999996423721313|NORM=3.7421312981678057e-07
ใน	O=0.9999997615814209|NORM=1.985182649377748e-07
รูป	O=0.9999997615814209|NORM=2.1265185523589025e-07
คือ	O=0.9999997615814209|NORM=2.7776692945735704e-07
มี	O=0.9999997615814209|NORM=1.916762641940295e-07
ความสูง	O=0.9999996423721313|NORM=3.036838052139501e-07
180	O=0.9999995231628418|NORM=4.994575419914327e-07
อีก	O=0.9999997615814209|NORM=2.1160310836876306e-07
แล้ว	O=0.9999997615814209|NORM=2.491794361958455e-07
นะ	O=0.9999996423721313|NORM=4.1536850403645076e-07
คะ	O=0.9999938011169434|NORM=6.154319635243155e-06
_	O=0.9999997615814209|NORM=2.6911826012110396e-07
ฝาก	O=0.9999996423721313|NORM=3.081209456468059e-07
ถึง	O=0.9999997615814209|NORM=2.7866320806424483e-07
น้อง	O=0.9999992847442627|NORM=6.819082045694813e-07
คน	O=0.9999992847442627|NORM=6.732790325258975e-07
สวย	O=0.9999994039535522|NORM=5.484740199790394e-07
อีก	O=0.9999997615814209|NORM=1.9570855158690392e-07
ที	O=0.9999997615814209|NORM=2.4385190044995397e-07
_	O=0.9999996423721313|NORM=3.091013240918983e-07
2-shot	O=0.9999996423721313|NORM=2.95083538048857e-07
วันที่	O=0.9999996423721313|NORM=2.863857844204176e-07
20	O=0.9999997615814209|NORM=2.576102531293145e-07
รอบ	O=0.9999845027923584|NORM=1.5520699889748357e-05
เย็นๆ	NORM=0.9971824884414673|O=0.0028175010811537504
_	O=0.9999996423721313|NORM=3.0825438557258167e-07
พี่	O=0.9999996423721313|NORM=3.7763001614621317e-07
ขอ	O=0.9999997615814209|NORM=2.5507125656076823e-07
รว้าย	NORM=0.933301568031311|O=0.06669844686985016
กว่า	O=0.9999996423721313|NORM=3.5927061503571167e-07
นี้	O=0.9999994039535522|NORM=6.184947096699034e-07
ได้	O=0.9999997615814209|NORM=2.4351376737286046e-07
มั้ย	NORM=0.9996892213821411|O=0.00031078438041731715
อะ	O=0.9998903274536133|NORM=0.00010969211143674329
คะ	O=0.9999949932098389|NORM=5.002831130695995e-06
_	O=0.9999997615814209|NORM=2.3228577106237935e-07
จะ	O=0.9999997615814209|NORM=1.8517778244131478e-07
คลาน	O=0.9999943971633911|NORM=5.624144705507206e-06
เข้า	O=0.9999997615814209|NORM=2.52978196613185e-07
ไป	O=0.9999996423721313|NORM=3.8929007928345527e-07
ใน	O=0.9999997615814209|NORM=2.496130093732063e-07
เลน	O=0.9999995231628418|NORM=4.656770329347637e-07
เลย	O=0.9999996423721313|NORM=3.561417827313562e-07
จ้า	NORM=0.9486100673675537|O=0.05138975381851196
_	O=0.9999996423721313|NORM=2.660737266069191e-07
ถถถ	O=0.9998974800109863|NORM=0.00010256710811518133
_	O=0.9999996423721313|NORM=2.8281806407903787e-07
#KaewBNK48	O=0.9999997615814209|NORM=2.7816668080049567e-07
_	O=0.9999997615814209|NORM=2.0835113900830038e-07
#BNK48	O=0.9999996423721313|NORM=3.290576842118753e-07

ฟิวเจอร์บร์อด	O=0.9971722960472107|NORM=0.0028274855576455593
สำเร็จรูป	O=0.9999629259109497|NORM=3.7056393921375275e-05
_	O=0.9999996423721313|NORM=3.6500384226201277e-07
สำหรับ	O=0.9999998807907104|NORM=1.6283078707601817e-07
พ่อ	O=0.9999997615814209|NORM=2.5916392587532755e-07
แม่ค้า	O=0.9999945163726807|NORM=5.5266846175072715e-06
_	O=0.9999996423721313|NORM=3.712878822170751e-07
ที่	O=0.9999997615814209|NORM=1.6857299556249927e-07
ต้อง	O=0.9999997615814209|NORM=1.9046433408220764e-07
ส่ง	O=0.9999997615814209|NORM=1.866733896349615e-07
ของ	O=0.9999997615814209|NORM=1.878818096656687e-07
เป็น	O=0.9999997615814209|NORM=1.8531238765717717e-07
จำนวน	O=0.9999997615814209|NORM=2.3833850093524234e-07
มาก	O=0.9999997615814209|NORM=2.672007610726723e-07
แต่	O=0.9999995231628418|NORM=4.5907998469374434e-07
ไม่	O=0.9999997615814209|NORM=2.1792862980873906e-07
อยาก	O=0.9999997615814209|NORM=2.3707693230790028e-07
ตัด	O=0.9999997615814209|NORM=1.9511554683049326e-07
เอง	O=0.9999997615814209|NORM=1.9343880808264657e-07
_	O=0.9999996423721313|NORM=3.573546507595893e-07
เพื่อ	O=0.9999997615814209|NORM=1.7811260022426723e-07
เป็น	O=0.9999996423721313|NORM=3.0599673550568696e-07
การป้องกัน	O=0.9999996423721313|NORM=3.9172306287582614e-07
สินค้า	O=0.9999996423721313|NORM=2.972629431496898e-07
ไม่	O=0.9999997615814209|NORM=1.7916083550062467e-07
ให้	O=0.9999998807907104|NORM=1.7232096638508665e-07
เสียหาย	O=0.9999997615814209|NORM=2.229913604878675e-07
_	O=0.9999997615814209|NORM=2.7256541557107994e-07
เรา	O=0.9999997615814209|NORM=1.7888254433273687e-07
มี	O=0.9999997615814209|NORM=1.814731973581729e-07
ทั้ง	O=0.9999997615814209|NORM=2.3018004924324487e-07
ขนาด	O=0.9999997615814209|NORM=2.0824624868964747e-07
_	O=0.9999996423721313|NORM=2.9214120900178386e-07
ฟตซ	NORM=0.9999638795852661|O=3.597734757931903e-05
_	O=0.9999996423721313|NORM=3.4185404729214497e-07
4	O=0.9999997615814209|NORM=2.2299624902188953e-07
*	O=0.9999996423721313|NORM=2.78954303212231e-07
6	O=0.9999997615814209|NORM=2.6535005304140213e-07
_	O=0.9999996423721313|NORM=3.0067866418903577e-07
แผ่น	O=0.9999997615814209|NORM=2.7835324090119684e-07
ละ	O=0.9999996423721313|NORM=3.126569367850607e-07
_	O=0.9999996423721313|NORM=3.1080747930900543e-07
1	O=0.9999997615814209|NORM=2.2551772360657196e-07
.	O=0.9999988079071045|NORM=1.1540699915713049e-06
5	O=0.9999996423721313|NORM=3.481439989627688e-07
บาท	O=0.9999996423721313|NORM=3.472609648724756e-07
_	O=0.9999997615814209|NORM=2.6508092787480564e-07
ขนาด	O=0.9999997615814209|NORM=1.7598482315861474e-07
โปสการ์ด	O=0.9999977350234985|NORM=2.2603846900892677e-06
_	O=0.9999996423721313|NORM=3.2670996574779565e-07
4	O=0.9999996423721313|NORM=3.196769284841139e-07
.	O=0.9999947547912598|NORM=5.2389373195183e-06
5	O=0.9999991655349731|NORM=7.834042321519519e-07
*	O=0.9999996423721313|NORM=3.36075856921525e-07
6	O=0.9999995231628418|NORM=4.897131020697998e-07
.	O=0.9999963045120239|NORM=3.6942053611710435e-06
5	O=0.9999996423721313|NORM=3.8650932765449397e-07
_	O=0.9999995231628418|NORM=3.758870263936842e-07
แผ่น	O=0.9999997615814209|NORM=2.8695259857158817e-07
ละ	O=0.9999996423721313|NORM=3.0216713753361546e-07
_	O=0.9999996423721313|NORM=3.0784221394242195e-07
2	O=0.9999997615814209|NORM=2.4344038251911115e-07
_	O=0.9999996423721313|NORM=3.4359678124928905e-07
บาท	O=0.9999996423721313|NORM=3.118192921647278e-07
_	O=0.9999997615814209|NORM=2.462512611600687e-07
มี	O=0.9999998807907104|NORM=1.4621078037180268e-07
ซอง	O=0.9999996423721313|NORM=3.4775774793160963e-07
ใส	O=0.9999997615814209|NORM=2.631435052080633e-07
สำหรับ	O=0.9999997615814209|NORM=1.741054660442387e-07
ฟตซ	NORM=0.9999734163284302|O=2.6462388632353395e-05
_	O=0.9999995231628418|NORM=4.199013119432493e-07
แบ่ง	O=0.9999997615814209|NORM=1.916888834330166e-07
ขาย	O=0.9999997615814209|NORM=2.2924702136606356e-07
_	O=0.9999996423721313|NORM=3.296701720501005e-07
50	O=0.9999997615814209|NORM=2.7500095711729955e-07
ซอง	O=0.9999996423721313|NORM=3.628689739798574e-07
_	O=0.9999996423721313|NORM=3.0894304359208036e-07
20	O=0.9999997615814209|NORM=2.542246875236742e-07
บาท	O=0.9999996423721313|NORM=3.032502604582987e-07
จัด	O=0.9999998807907104|NORM=1.6714189143840485e-07
ส่ง	O=0.9999998807907104|NORM=1.6938345481776196e-07
ของ	O=0.9999997615814209|NORM=1.943906511314708e-07
เร็ว	O=0.9999996423721313|NORM=3.713601302024472e-07
_	O=0.9999996423721313|NORM=3.3282347544627555e-07
#BNK48maket	O=0.9999992847442627|NORM=6.493845603472437e-07
_	O=0.9999995231628418|NORM=4.2542995970507036e-07
#พร้อมส่ง	O=0.9999992847442627|NORM=6.909090188855771e-07
_	O=0.9999996423721313|NORM=3.373484105395619e-07
#bnkmarket	O=0.9999996423721313|NORM=3.1062108973856084e-07
_	O=0.9999997615814209|NORM=2.5402064807167335e-07
#bnk48	O=0.9999996423721313|NORM=3.109554143065907e-07

รู้ตัว	O=0.9999991655349731|NORM=8.397017836614395e-07
นะ	O=0.9999995231628418|NORM=4.3756284640039667e-07
ว่า	O=0.9999997615814209|NORM=2.708482327307138e-07
ท้อง	O=0.9999996423721313|NORM=3.270244803843525e-07
อ่อนแอ	O=0.9999984502792358|NORM=1.6006389387257514e-06
_	O=0.9999996423721313|NORM=3.6998005725763505e-07
ลิ้น	O=0.9999991655349731|NORM=7.745506422907056e-07
ก็	O=0.9999996423721313|NORM=3.5665567565956735e-07
ไม่	O=0.9999996423721313|NORM=3.3758144013518177e-07
แข็งแรง	O=0.9999994039535522|NORM=6.213845153979491e-07
_	O=0.9999996423721313|NORM=3.388761911082838e-07
ทาน	O=0.9999980926513672|NORM=1.9061129705733038e-06
เผ็ด	O=0.9999994039535522|NORM=6.528084099954867e-07
ไม่	O=0.9999996423721313|NORM=3.0482672741527495e-07
ได้	O=0.9999997615814209|NORM=2.6782680606629583e-07
_	O=0.9999994039535522|NORM=5.373513545237074e-07
แต่	O=0.9999997615814209|NORM=2.711312276915123e-07
เพื่อน	O=0.9999996423721313|NORM=3.3433934731874615e-07
มัน	O=0.9999997615814209|NORM=2.8594973855433636e-07
นัด	O=0.9999995231628418|NORM=4.4142851152173535e-07
มา	O=0.9999997615814209|NORM=2.373108287656578e-07
ใกล้ๆ	NORM=0.9986563920974731|O=0.001343582640402019
บ้าน	O=0.9999995231628418|NORM=4.1782533344303374e-07
_	O=0.9999992847442627|NORM=6.320939291981631e-07
จะ	O=0.9999997615814209|NORM=2.5144265691778855e-07
ไม่	O=0.9999996423721313|NORM=2.9704870030400343e-07
ออก	O=0.9999997615814209|NORM=2.922198518717778e-07
มา	O=0.9999997615814209|NORM=2.808021974942676e-07
ก็	O=0.9999996423721313|NORM=4.0355533315050707e-07
ยังไงๆ	NORM=0.9965015649795532|O=0.0034984364174306393
_	O=0.9999991655349731|NORM=8.291397648463317e-07
ก็	O=0.9999996423721313|NORM=3.018857057668356e-07
เลย	O=0.9999996423721313|NORM=3.5574799994719797e-07
ยอม	O=0.9999996423721313|NORM=3.697458623719285e-07
เลย	O=0.9999996423721313|NORM=3.5841028989125334e-07
ตาม	O=0.9999997615814209|NORM=2.9182524485804606e-07
เลย	O=0.9999997615814209|NORM=2.5873373488138895e-07
ไป	O=0.9999996423721313|NORM=3.664320615826e-07
_	O=0.9999991655349731|NORM=7.776355346322816e-07
ตอนนี้	O=0.9999996423721313|NORM=3.5145791343893507e-07
ซึม	O=0.9999995231628418|NORM=4.213048327983415e-07
เลย	O=0.9999996423721313|NORM=3.5756224292526895e-07
_	O=0.9999990463256836|NORM=9.043072282111098e-07
เผ็ด	O=0.9999980926513672|NORM=1.8739576717052842e-06
จน	O=0.9999996423721313|NORM=3.3215189887414454e-07
ซึม	O=0.9999995231628418|NORM=4.5950881144563027e-07
_	O=0.9999994039535522|NORM=5.075943363408442e-07
น้ำ	O=0.9999996423721313|NORM=3.088505593495938e-07
หมด	O=0.9999997615814209|NORM=2.5310126261501864e-07
เป็น	O=0.9999997615814209|NORM=2.6363431970821694e-07
ขวดๆ	NORM=0.8745245933532715|O=0.1254754215478897
_	O=0.999998927116394|NORM=1.0253222626488423e-06
เดียว	O=0.9804471731185913|NORM=0.019552798941731453
จะ	O=0.9999997615814209|NORM=2.543110326769238e-07
ไป	O=0.9999995231628418|NORM=5.10328504788049e-07
ยิม	O=0.9997090697288513|NORM=0.00029090262250974774
อีก	O=0.9999997615814209|NORM=2.4389956365666876e-07
นะ	O=0.9999996423721313|NORM=4.0245535615213157e-07
_	O=0.9999991655349731|NORM=7.53741801418073e-07
แล้ว	O=0.9999997615814209|NORM=2.199596167429263e-07
พรุ่ง	O=0.9999990463256836|NORM=9.431040552954073e-07
นี้	O=0.9999995231628418|NORM=5.253534141047567e-07
จะ	O=0.9999997615814209|NORM=2.8376507543725893e-07
รอด	O=0.9999995231628418|NORM=5.11019095483789e-07
มั้ย	NORM=0.9997575879096985|O=0.00024244727683253586
_	O=0.9999988079071045|NORM=1.1222794000786962e-06
ปล.	NORM=0.6740081906318665|O=0.32599183917045593
_	O=0.9999986886978149|NORM=1.2459515801310772e-06
เพิ่ง	O=0.9999958276748657|NORM=4.141085810260847e-06
รู้	O=0.9999995231628418|NORM=4.823797326025669e-07
เพื่อน	O=0.9999994039535522|NORM=6.170230335555971e-07
ทาน	O=0.9999973773956299|NORM=2.644481583047309e-06
เผ็ด	O=0.9999908208847046|NORM=9.145359399553854e-06
โหด	O=0.9999645948410034|NORM=3.539504905347712e-05
กัน	O=0.9999994039535522|NORM=6.161104693092057e-07
_	O=0.9999992847442627|NORM=6.98767962603597e-07
เพิ่ง	O=0.9999970197677612|NORM=3.01771069644019e-06
รู้	O=0.9999996423721313|NORM=3.3530974974382843e-07
มัน	O=0.9999996423721313|NORM=3.3472730365247116e-07
กิน	O=0.9999996423721313|NORM=3.266999897277856e-07
พวก	O=0.9999992847442627|NORM=6.689314204777475e-07
หอยดอง	O=0.9999982118606567|NORM=1.7830531078288914e-06
อะไร	O=0.9996600151062012|NORM=0.0003400287532713264
ด้วย	O=0.9999996423721313|NORM=4.0291621417054557e-07
_	O=0.9999995231628418|NORM=4.5783522750753036e-07
แปลกดีๆ	NORM=0.9999513626098633|O=4.844532304559834e-05
_	O=0.9999995231628418|NORM=4.244452043167257e-07
at	O=0.9999997615814209|NORM=2.796517151182343e-07
_	O=0.9999995231628418|NORM=4.196635075004451e-07
ตำแหลก	O=0.9999874830245972|NORM=1.2536342183011584e-05
_	O=0.9999996423721313|NORM=3.9538392115900933e-07
ซอย	O=0.9999958276748657|NORM=4.164610800216906e-06
สามัคคี	O=0.9999936819076538|NORM=6.289638349699089e-06

หนู	O=0.9999995231628418|NORM=4.154349824148085e-07
เป็น	O=0.9999997615814209|NORM=2.692450777885824e-07
ผู้หญิง	O=0.9999990463256836|NORM=9.284293582823011e-07
คน	O=0.9999995231628418|NORM=4.183759756415384e-07
เดียว	O=0.9999995231628418|NORM=4.2512294839980314e-07
จริงๆ	NORM=0.9999821186065674|O=1.7616930563235655e-05
ที่	O=0.9999997615814209|NORM=2.740788147548301e-07
ทำให้	O=0.9999997615814209|NORM=2.635357816416217e-07
พี่	O=0.9999991655349731|NORM=8.094663144220249e-07
รู้สึก	O=0.9999994039535522|NORM=5.65261530027783e-07
เสียดาย	O=0.9999994039535522|NORM=5.662326998390199e-07
ที่สุด	O=0.9999991655349731|NORM=8.815530350148038e-07
_	O=0.9999994039535522|NORM=5.321759317666874e-07
เสียใจ	O=0.9999995231628418|NORM=4.788431624547229e-07
ที่	O=0.9999997615814209|NORM=1.9922931926430465e-07
รักษา	O=0.9999995231628418|NORM=4.674015769978723e-07
ไว้	O=0.9999995231628418|NORM=4.771933390657068e-07
ไม่	O=0.9999997615814209|NORM=2.6888633897215186e-07
ได้	O=0.9999997615814209|NORM=2.7719931949832244e-07
_	O=0.9999994039535522|NORM=5.738116328757314e-07
เสียใจ	O=0.9999995231628418|NORM=4.676436731188005e-07
ที่	O=0.9999997615814209|NORM=2.054490693126354e-07
ปล่อย	O=0.9999996423721313|NORM=3.4218999189761234e-07
ให้	O=0.9999996423721313|NORM=3.155800811782683e-07
หลุด	O=0.9999995231628418|NORM=5.009573555980751e-07
ไป	O=0.9999995231628418|NORM=5.141403107700171e-07
จาก	O=0.9999996423721313|NORM=3.679244571230811e-07
ชีวิต	O=0.9999996423721313|NORM=3.266660542067257e-07
_	O=0.9999995231628418|NORM=4.927018153466634e-07
และ	O=0.9999995231628418|NORM=4.5673101567444974e-07
เป็น	O=0.9999997615814209|NORM=2.4592927161393163e-07
คน	O=0.9999995231628418|NORM=4.830946522815793e-07
ที่	O=0.9999997615814209|NORM=2.529048401811451e-07
ทำให้	O=0.9999997615814209|NORM=2.668465413080412e-07
พี่	O=0.9999992847442627|NORM=6.881464855723607e-07
ไม่	O=0.9999997615814209|NORM=2.727469166075025e-07
อยาก	O=0.9999996423721313|NORM=3.717981087447697e-07
เริ่ม	O=0.9999996423721313|NORM=3.809164468293602e-07
ใหม่	O=0.9999996423721313|NORM=3.883319266151375e-07
_	O=0.9999995231628418|NORM=4.2148164425270807e-07
เพราะ	O=0.9999997615814209|NORM=2.695734337976319e-07
มัน	O=0.9999996423721313|NORM=3.014326068750961e-07
คง	O=0.9999995231628418|NORM=4.773344812747382e-07
ไม่	O=0.9999997615814209|NORM=2.4500786821590737e-07
มี	O=0.9999997615814209|NORM=2.1515994319543097e-07
ใคร	O=0.9999996423721313|NORM=3.7309135336727195e-07
มา	O=0.9999997615814209|NORM=2.603110544896481e-07
แทน	O=0.9999996423721313|NORM=2.958483094062103e-07
หนู	O=0.9999996423721313|NORM=3.260942662564048e-07
ได้	O=0.9999997615814209|NORM=2.439919342123176e-07
_	O=0.9999995231628418|NORM=4.888890430265747e-07
คน	O=0.9999996423721313|NORM=3.3556824519109796e-07
ที่	O=0.9999997615814209|NORM=2.770507592231297e-07
ดี	O=0.9999996423721313|NORM=3.911414694357518e-07
มากๆ	NORM=0.9999823570251465|O=1.7300293620792218e-05
แบบ	O=0.9999996423721313|NORM=3.474328877928201e-07
หนู	O=0.9999994039535522|NORM=6.180242166919925e-07
จะ	O=0.9999997615814209|NORM=2.597587638319965e-07
ได้	O=0.9999996423721313|NORM=3.145524658521026e-07
เจอ	O=0.9999996423721313|NORM=3.8279881664493587e-07
อีก	O=0.9999997615814209|NORM=2.426497474061762e-07
มั้ย	NORM=0.9999481439590454|O=5.1592436648206785e-05
นะ	O=0.9999994039535522|NORM=5.431620593299158e-07
_	O=0.9999994039535522|NORM=5.482779101839697e-07
ยัง	O=0.9999997615814209|NORM=2.4781888896541204e-07
รอ	O=0.9999996423721313|NORM=3.574429285890801e-07
เผื่อ	O=0.9999988079071045|NORM=1.217067278957984e-06
ว่า	O=0.9999997615814209|NORM=2.854473279967351e-07
วัน	O=0.9999997615814209|NORM=2.6274554443261877e-07
ไหน	O=0.9999997615814209|NORM=2.6738072733678564e-07
หนู	O=0.9999988079071045|NORM=1.23950212582713e-06
จะ	O=0.9999997615814209|NORM=2.851610645393521e-07
เปลี่ยนใจ	O=0.9999995231628418|NORM=5.182162681194313e-07
บ้าง	O=0.9999995231628418|NORM=4.3256287085569056e-07
_	O=0.9999995231628418|NORM=4.438460337041761e-07
ถึง	O=0.9999997615814209|NORM=2.406684700417827e-07
มัน	O=0.9999995231628418|NORM=4.464731091502472e-07
จะ	O=0.9999997615814209|NORM=2.8708589638881676e-07
ไม่	O=0.9999997615814209|NORM=2.874976985367539e-07
มี	O=0.9999996423721313|NORM=3.8752432374167256e-07
หวัง	O=0.9999995231628418|NORM=4.27154503768179e-07
เลย	O=0.9999995231628418|NORM=4.293669348953699e-07
_	O=0.9999994039535522|NORM=6.117591055954108e-07
รัก	O=0.9999990463256836|NORM=9.479950904278667e-07

ถ้า	O=0.9999997615814209|NORM=2.668279535100737e-07
ติดตาม	O=0.9999995231628418|NORM=4.615325792656222e-07
_	O=0.9999995231628418|NORM=4.331448906214064e-07
#BNK48	O=0.9999996423721313|NORM=3.823329279839527e-07
จริงๆ	O=0.9917466640472412|NORM=0.008253276348114014
คุณ	O=0.9999997615814209|NORM=2.098430940122853e-07
จะ	O=0.9999997615814209|NORM=2.0411091838923312e-07
รู้	O=0.9999996423721313|NORM=3.3125664344879624e-07
ว่า	O=0.9999997615814209|NORM=2.2794530707415106e-07
_	O=0.9999996423721313|NORM=3.084831803334964e-07
บ้าน	O=0.9999997615814209|NORM=2.1215312528966024e-07
ทุก	O=0.9999997615814209|NORM=2.1661865901023702e-07
หลัง	O=0.9999997615814209|NORM=1.958666899781747e-07
จะ	O=0.9999997615814209|NORM=1.8673267732083332e-07
ช่วยเหลือ	O=0.9999996423721313|NORM=3.164987276704778e-07
กัน	O=0.9999997615814209|NORM=2.2379646225090255e-07
อย่าง	O=0.9999997615814209|NORM=2.689874065708864e-07
เช่น	O=0.9999995231628418|NORM=4.1366070036019664e-07
บ้านกิ้น	O=0.9995763897895813|NORM=0.0004236141103319824
ของ	O=0.9999997615814209|NORM=2.1151150519926887e-07
ผม	O=0.9999997615814209|NORM=2.2170466706938896e-07
กับ	O=0.9999996423721313|NORM=3.0624340752183343e-07
บ้านเป็ด	O=0.9999995231628418|NORM=5.124979338688718e-07
กำลัง	O=0.9999997615814209|NORM=1.8744549379334785e-07
จะ	O=0.9999997615814209|NORM=1.8205754770406202e-07
มี	O=0.9999997615814209|NORM=1.8135692414489313e-07
โปรเจค	NORM=0.9995730519294739|O=0.00042699091136455536
ร่วม	O=0.9999997615814209|NORM=2.8153260700491956e-07
กัน	O=0.9999997615814209|NORM=2.2163615653880697e-07
ซึ่ง	O=0.9999992847442627|NORM=7.507375130444416e-07
กำลัง	O=0.9999997615814209|NORM=2.6731902380561223e-07
เฉลย	O=0.9999932050704956|NORM=6.756306902389042e-06
กัน	O=0.9999995231628418|NORM=4.7425979232684767e-07
เร็วๆ	O=0.9998026490211487|NORM=0.00019742772565223277
นี้	O=0.9999995231628418|NORM=4.578583627790067e-07
_	O=0.9999997615814209|NORM=2.46943130832733e-07
คุณ	O=0.9999997615814209|NORM=2.149944151597083e-07
ดราม่า	O=0.9999240636825562|NORM=7.59760951041244e-05
กับ	O=0.9999997615814209|NORM=2.345507539303071e-07
_	O=0.9999996423721313|NORM=2.576252029484749e-07
#BNK48	O=0.9999996423721313|NORM=3.5733862091547053e-07
_	O=0.9999997615814209|NORM=2.4175653834390687e-07
ทุก	O=0.9999997615814209|NORM=2.5842030026979046e-07
คน	O=0.9999997615814209|NORM=2.823589113631897e-07
แต่	O=0.9999996423721313|NORM=3.0810892326371686e-07
คุณ	O=0.9999997615814209|NORM=2.006186576863911e-07
บอก	O=0.9999996423721313|NORM=3.703390802911599e-07
ชอบ	O=0.9999996423721313|NORM=3.6146047932561487e-07
_	O=0.9999996423721313|NORM=2.7122248980049335e-07
#CherprangBNK48	O=0.9999996423721313|NORM=3.4658040704016457e-07
_	O=0.9999996423721313|NORM=2.7628425414150115e-07
มัน	O=0.9999997615814209|NORM=2.776646965685359e-07
ไม่	O=0.9999997615814209|NORM=2.1405374184269021e-07
ใช่	O=0.9999996423721313|NORM=3.4110470892301237e-07
ครับ	O=0.9999994039535522|NORM=5.629959787256666e-07
_	O=0.9999996423721313|NORM=3.6829555938311387e-07
มัน	O=0.9999997615814209|NORM=2.3007184779544332e-07
แค่	O=0.9999997615814209|NORM=2.7821656090054603e-07
ข้ออ้าง	O=0.9999996423721313|NORM=2.931624294433277e-07
ของ	O=0.9999997615814209|NORM=1.9976717169356561e-07
คุณ	O=0.9999997615814209|NORM=2.2479754591131496e-07
แค่	O=0.9999995231628418|NORM=4.3884287492801377e-07
เท่านั้น	O=0.9999988079071045|NORM=1.1436462727942853e-06
_	O=0.9999995231628418|NORM=4.41709005372104e-07
แค่	O=0.9999996423721313|NORM=3.3504670682305004e-07
คุณ	O=0.9999996423721313|NORM=2.982613693802705e-07
อ้าง	O=0.9999994039535522|NORM=6.481892569354386e-07
เฌอ	O=0.9999771118164062|NORM=2.283668436575681e-05
คุณ	O=0.9999997615814209|NORM=2.4553366984036984e-07
ก็	O=0.9999997615814209|NORM=2.204773039693464e-07
โดน	O=0.9999997615814209|NORM=2.208333711450905e-07
หนัก	O=0.9999996423721313|NORM=3.974575690790516e-07
กว่า	O=0.9999996423721313|NORM=3.460796733634197e-07
เดิม	O=0.9999988079071045|NORM=1.1999329672107706e-06
แล้ว	O=0.9999996423721313|NORM=3.35593540512491e-07
555	O=0.9999977350234985|NORM=2.2553977032657713e-06

ดู	O=0.9999996423721313|NORM=3.2941969152489037e-07
คะแนน	O=0.9999995231628418|NORM=4.842819976147439e-07
พื้นที่	O=0.9999994039535522|NORM=5.984551307847141e-07
ของ	O=0.9999991655349731|NORM=7.941035846670275e-07
วันอยู่บำรุง	O=0.9999912977218628|NORM=8.65374386194162e-06
แล้ว	O=0.9999997615814209|NORM=2.7529063117981423e-07
_	O=0.9999996423721313|NORM=3.592103325900098e-07
อันดับ	O=0.9999995231628418|NORM=4.3094217971884063e-07
สอง	O=0.9999995231628418|NORM=4.37255408769488e-07
คือ	O=0.9999995231628418|NORM=4.148854486629716e-07
จารย์	O=0.9999455213546753|NORM=5.449040691019036e-05
เอ้ท	O=0.999809205532074|NORM=0.00019086286192759871
_	O=0.9999994039535522|NORM=5.095639608043712e-07
อนาคตใหม่	O=0.9999990463256836|NORM=9.078257789951749e-07
_	O=0.9999995231628418|NORM=4.1638853076619853e-07
เออ	O=0.9992119073867798|NORM=0.0007880894700065255
คือ	O=0.9999995231628418|NORM=5.306035859575786e-07
จารย์	O=0.9999462366104126|NORM=5.375698674470186e-05
เอ้ท	O=0.9998243451118469|NORM=0.00017569497867953032
นี่	O=0.9999991655349731|NORM=7.855304033910215e-07
ดู	O=0.9999992847442627|NORM=7.473942673641432e-07
งงๆ	NORM=0.996645987033844|O=0.0033540334552526474
_	O=0.9999992847442627|NORM=7.007980684647919e-07
เหงาๆ	NORM=0.9904080033302307|O=0.00959207396954298
มาก	O=0.9999991655349731|NORM=7.929547791718505e-07
นะ	O=0.9999992847442627|NORM=7.246785571624059e-07
_	O=0.9999996423721313|NORM=3.427180956805387e-07
คะแนน	O=0.9999995231628418|NORM=5.038993435846351e-07
น้อย	O=0.9999996423721313|NORM=3.117482378911518e-07
กว่า	O=0.9999995231628418|NORM=4.71699507897938e-07
วัน	O=0.999998927116394|NORM=1.0778949217638e-06
แค่	O=0.9999992847442627|NORM=6.646118322350958e-07
4000	O=0.9999966621398926|NORM=3.3006829198711785e-06
_	O=0.9999996423721313|NORM=3.0099826631158066e-07
แต่	O=0.9999997615814209|NORM=2.5870016884255165e-07
มา	O=0.9999997615814209|NORM=1.7418534525859286e-07
เป็น	O=0.9999997615814209|NORM=2.2606035088301724e-07
ที่	O=0.9999997615814209|NORM=2.2797792098572245e-07
สอง	O=0.9999992847442627|NORM=6.922591069269401e-07
ชนะ	O=0.9999997615814209|NORM=2.6610089776113455e-07
พวก	O=0.9999988079071045|NORM=1.140753056461108e-06
ม่วง	O=0.9999736547470093|NORM=2.6314268325222656e-05
สิริ	O=0.9999901056289673|NORM=9.907900675898418e-06
ไป	O=0.9999995231628418|NORM=4.3471578692333424e-07
อีก	O=0.9999997615814209|NORM=2.504795588720299e-07
อ่ะ	O=0.7993613481521606|NORM=0.20063872635364532
_	O=0.9999996423721313|NORM=3.053895056837064e-07
จริงๆ	NORM=0.9968398809432983|O=0.0031594675965607166
แรง	O=0.9999995231628418|NORM=4.664184132252558e-07
มาก	O=0.9999996423721313|NORM=3.2617387546451937e-07
สำหรับ	O=0.9999997615814209|NORM=2.858930088223133e-07
พวก	O=0.9999994039535522|NORM=6.178061653372424e-07
หน้าใหม่	O=0.9999978542327881|NORM=2.1024225134169683e-06
ที่	O=0.9999997615814209|NORM=2.510808485567395e-07
ไป	O=0.9999997615814209|NORM=2.483786829543533e-07
ลง	O=0.9999997615814209|NORM=2.2979730829320033e-07
เขต	O=0.9999991655349731|NORM=8.753360702939972e-07
ผู้มีอิทธิพล	O=0.9999988079071045|NORM=1.1734855434042402e-06
อ่ะ	O=0.6968067288398743|NORM=0.30319324135780334
_	O=0.9999996423721313|NORM=2.7937628033214423e-07
บาง	O=0.9999997615814209|NORM=2.5308557383141306e-07
ที	O=0.9999997615814209|NORM=2.9350798058658256e-07
คน	O=0.9999996423721313|NORM=3.819863252374489e-07
ตรง	O=0.9999996423721313|NORM=3.1455846283279243e-07
นั้น	O=0.9999995231628418|NORM=4.4221647499398387e-07
ก็	O=0.9999997615814209|NORM=2.6404796926726704e-07
อาจ	O=0.9999996423721313|NORM=3.2212861356128997e-07
จะ	O=0.9999996423721313|NORM=3.2287289286614396e-07
ไม่	O=0.9999996423721313|NORM=3.0122683369881997e-07
ได้	O=0.9999996423721313|NORM=3.7485642678802833e-07
อยาก	O=0.999998927116394|NORM=1.0182379810430575e-06
ได้	O=0.9999996423721313|NORM=3.0483110435852723e-07
ใจ	O=0.9999994039535522|NORM=5.741691211369471e-07
ถึง	O=0.9999994039535522|NORM=5.778501304121164e-07
พึ่ง	NORM=0.7865199446678162|O=0.21348010003566742
ได้	O=0.9999980926513672|NORM=1.8718891396929394e-06
อะไร	O=0.9999958276748657|NORM=4.231033017276786e-06
ขนาด	O=0.9999991655349731|NORM=8.194174938580545e-07
นั้น	O=0.9999983310699463|NORM=1.713099550215702e-06
ก็	O=0.9999994039535522|NORM=5.886714689040673e-07
ได้	O=0.9999994039535522|NORM=5.552298603106465e-07

สรุป	O=0.9999994039535522|NORM=5.593818173110776e-07
รีวิว	O=0.9999995231628418|NORM=4.314669297400542e-07
คือ	O=0.9999995231628418|NORM=4.1004759054885653e-07
_	O=0.9999996423721313|NORM=3.1799331168258504e-07
ถ้า	O=0.9999997615814209|NORM=2.8282244102229015e-07
คุณ	O=0.9999994039535522|NORM=5.519734713743674e-07
โอเค	O=0.9999990463256836|NORM=9.772951443665079e-07
กับ	O=0.9999994039535522|NORM=6.001440056024876e-07
การรอ	O=0.9999995231628418|NORM=5.010538757233007e-07
ของ	O=0.9999997615814209|NORM=2.608234410672594e-07
_	O=0.9999991655349731|NORM=7.522158398387546e-07
2	O=0.9999992847442627|NORM=6.297785830611247e-07
_	O=0.9999994039535522|NORM=5.045961302130308e-07
เดือน	O=0.9999997615814209|NORM=2.7872007990481507e-07
กว่า	O=0.9999995231628418|NORM=4.48809544195683e-07
หลังจาก	O=0.9999997615814209|NORM=2.542469985655771e-07
สั่ง	O=0.9999995231628418|NORM=4.6778598061791854e-07
_	O=0.9999995231628418|NORM=4.180349719717924e-07
และ	O=0.9999996423721313|NORM=3.041823219973594e-07
คุณ	O=0.9999996423721313|NORM=2.8994460876674566e-07
ต้อง	O=0.9999997615814209|NORM=2.1769182012576493e-07
เป็น	O=0.9999997615814209|NORM=2.580870841484284e-07
คน	O=0.9999990463256836|NORM=9.589622322891955e-07
ติดต่อ	O=0.9999996423721313|NORM=3.8021960335754557e-07
ตาม	O=0.9999996423721313|NORM=2.995629984070547e-07
แม่ค้า	O=0.9999979734420776|NORM=2.0389586552482797e-06
ตลอด	O=0.9999997615814209|NORM=2.597610091470415e-07
_	O=0.9999995231628418|NORM=4.439853569238039e-07
เพราะ	O=0.9999996423721313|NORM=3.1095305530470796e-07
แม่ค้า	O=0.9999977350234985|NORM=2.288299128849758e-06
ยุ่ง	O=0.9999992847442627|NORM=6.996514798629505e-07
มาก	O=0.9999995231628418|NORM=4.3999696686114476e-07
_	O=0.9999996423721313|NORM=3.7039876588096377e-07
ทำ	O=0.9999997615814209|NORM=1.8821896219378687e-07
คน	O=0.9999997615814209|NORM=2.782086028219055e-07
เดียว	O=0.9999996423721313|NORM=3.648354152119282e-07
_	O=0.9999995231628418|NORM=4.3101286451019405e-07
ไม่	O=0.9999997615814209|NORM=2.2559989076853526e-07
สามารถ	O=0.9999996423721313|NORM=3.895433451361896e-07
เป็น	O=0.9999996423721313|NORM=3.02957744224841e-07
คน	O=0.9999995231628418|NORM=5.126709652358841e-07
ติดต่อ	O=0.9999996423721313|NORM=3.586735886074166e-07
คุณ	O=0.9999996423721313|NORM=3.2102178693094174e-07
ได้	O=0.9999996423721313|NORM=3.1600893635186367e-07
_	O=0.9999995231628418|NORM=4.899447958450764e-07
ก็	O=0.9999997615814209|NORM=2.2833192758753285e-07
สั่ง	O=0.9999996423721313|NORM=3.0447722565440927e-07
เลย	O=0.9999996423721313|NORM=3.553465433014935e-07
ค่ะ	O=0.9999991655349731|NORM=8.731175284992787e-07
_	O=0.9999995231628418|NORM=5.038378390054277e-07
แต่	O=0.9999997615814209|NORM=2.704664723296446e-07
ส่วนตัว	O=0.9999985694885254|NORM=1.3911819678469328e-06
คง	O=0.9999996423721313|NORM=3.0046308552300616e-07
เป็น	O=0.9999997615814209|NORM=2.5554118110449053e-07
ครั้ง	O=0.9999996423721313|NORM=2.9865415740459866e-07
แรก	O=0.9999997615814209|NORM=2.2407495237075636e-07
และ	O=0.9993232488632202|NORM=0.0006767790764570236
ครั้ง	O=0.9999996423721313|NORM=3.327047863876942e-07
สุดท้าย	O=0.9999996423721313|NORM=3.8143699043757806e-07
_	O=0.9999994039535522|NORM=5.446912041406904e-07
ถ้า	O=0.9999997615814209|NORM=2.2747016714674828e-07
เรา	O=0.9999995231628418|NORM=4.0764692244010803e-07
รู้	O=0.9999996423721313|NORM=3.63778184464536e-07
ก่อน	O=0.9999997615814209|NORM=2.5915625201378134e-07
ว่า	O=0.9999996423721313|NORM=3.180051635354175e-07
ของ	O=0.9999997615814209|NORM=2.6990321089215286e-07
จะ	O=0.9999997615814209|NORM=2.72234188969378e-07
มา	O=0.9999996423721313|NORM=2.902577875829593e-07
ไม่	O=0.9999996423721313|NORM=3.06912113501312e-07
ทัน	O=0.9999996423721313|NORM=3.0834820563541143e-07
_	O=0.9999995231628418|NORM=4.105131949927454e-07
เรา	O=0.9999997615814209|NORM=2.0337780881618528e-07
สั่ง	O=0.9999996423721313|NORM=3.8618952657998307e-07
กับ	O=0.9999996423721313|NORM=4.0304723825101973e-07
เวป	NORM=0.9927389025688171|O=0.0072611174546182156
official	O=0.9999994039535522|NORM=5.434154104477784e-07
ไป	O=0.9999994039535522|NORM=5.492471473189653e-07
แล้ว	O=0.9999997615814209|NORM=2.405255088433478e-07
_	O=0.9999994039535522|NORM=5.5432303724956e-07
มา	O=0.9999997615814209|NORM=2.502353311228944e-07
ให้	O=0.9999996423721313|NORM=2.854989986644796e-07
ความหวัง	O=0.9999983310699463|NORM=1.7063982795662014e-06
ทำไม	O=0.9999933242797852|NORM=6.6646152845351025e-06

อะไร	O=0.9999973773956299|NORM=2.6399234229756985e-06
ของ	O=0.9999986886978149|NORM=1.3141735735189286e-06
เค้า	NORM=0.9994717240333557|O=0.0005283172358758748
นะ	O=0.9999988079071045|NORM=1.2435325515980367e-06
คำ	O=0.9999992847442627|NORM=6.564230261574266e-07
นี้	O=0.9999986886978149|NORM=1.2516825336206239e-06
เป็น	O=0.9999997615814209|NORM=2.8335750812402694e-07
คำพูด	O=0.9999991655349731|NORM=7.828665502529475e-07
ใน	O=0.9999997615814209|NORM=2.544599624343391e-07
ใจ	O=0.9999996423721313|NORM=3.4531811365923204e-07
จาก	O=0.9999996423721313|NORM=3.361992924055812e-07
เด็ก	O=0.9999992847442627|NORM=7.225764306895144e-07
สาว	O=0.9999982118606567|NORM=1.8092383697876357e-06
น้อย	O=0.9999991655349731|NORM=7.897444334048487e-07
น่ารัก	O=0.9999992847442627|NORM=7.001607968959433e-07
และ	O=0.9999897480010986|NORM=1.0215653674094938e-05
ทรง	O=0.9999980926513672|NORM=1.8800938050844707e-06
เสน่ห์	O=0.9999985694885254|NORM=1.437054947928118e-06
อย่าง	O=0.9999995231628418|NORM=4.399533395371691e-07
แรบบิทครีม	O=0.9641867876052856|NORM=0.035813190042972565
ที่	O=0.9999995231628418|NORM=4.160074809078651e-07
กำลัง	O=0.9999996423721313|NORM=3.551808731572237e-07
สับสน	O=0.9999963045120239|NORM=3.666582642836147e-06
และ	O=0.9999971389770508|NORM=2.894418003052124e-06
ไม่	O=0.9999996423721313|NORM=3.7549042986029235e-07
เข้าใจ	O=0.9999992847442627|NORM=6.959202778489271e-07
กับ	O=0.9999996423721313|NORM=3.8807021951470233e-07
ประโยค	O=0.9999825954437256|NORM=1.745778354234062e-05
หรือ	O=0.9999991655349731|NORM=8.53174924486666e-07
สถานการณ์	O=0.9999982118606567|NORM=1.7756257193468628e-06
ที่	O=0.9999996423721313|NORM=3.546281277522212e-07
กำลัง	O=0.9999996423721313|NORM=3.3488086614852364e-07
เกิด	O=0.9999996423721313|NORM=3.913503974217747e-07
ขึ้น	O=0.9999994039535522|NORM=6.173997917358065e-07
แต่	O=0.9999991655349731|NORM=8.312917429975641e-07
ก็	O=0.9999996423721313|NORM=3.0014805929567956e-07
พอ	O=0.9999997615814209|NORM=2.9057747497063247e-07
ฉุด	O=0.9998414516448975|NORM=0.0001585417048772797
คิด	O=0.9999996423721313|NORM=3.5775903484136506e-07
ขึ้น	O=0.9999994039535522|NORM=5.354585823624802e-07
มา	O=0.9999994039535522|NORM=6.423750846806797e-07
ได้	O=0.9999996423721313|NORM=2.947648738427233e-07
บ้าง	O=0.9999982118606567|NORM=1.8360584590482176e-06
ว่า	O=0.9999992847442627|NORM=6.834943064859544e-07
_	O=0.999998927116394|NORM=1.0101117595695541e-06
เพราะ	O=0.9999995231628418|NORM=4.438541054696543e-07
ความน่ารัก	O=0.999997615814209|NORM=2.413097490716609e-06
ของ	O=0.9999994039535522|NORM=5.758894303653506e-07
เรา	O=0.9999995231628418|NORM=4.111628015834867e-07
มัก	O=0.999998927116394|NORM=1.0548009186095442e-06
ทำให้	O=0.9999996423721313|NORM=3.9784171690371295e-07
เกิด	O=0.9999994039535522|NORM=6.329469215415884e-07
แบบ	O=0.9999994039535522|NORM=6.187212306940637e-07
นี้	O=0.9999996423721313|NORM=3.9076454072528577e-07
อยู่	O=0.9999996423721313|NORM=3.299063848771766e-07
พร่ำ	O=0.9999560117721558|NORM=4.402347622090019e-05
ไป	O=0.9999983310699463|NORM=1.697153948043706e-06
เลย	O=0.9999996423721313|NORM=3.3742242067091865e-07
บอก	O=0.9999996423721313|NORM=3.220880557819328e-07
กับ	O=0.9999996423721313|NORM=3.4126577475035447e-07
ใจ	O=0.9999996423721313|NORM=4.079794848621532e-07
ตัวเอง	O=0.9999996423721313|NORM=3.708094595822331e-07
ว่า	O=0.9999996423721313|NORM=3.939018426990515e-07
ไม่	O=0.9999996423721313|NORM=2.9495129183487734e-07
เห็น	O=0.9999995231628418|NORM=5.247029548627324e-07
จะ	O=0.9999996423721313|NORM=3.3832915846687683e-07
ต้อง	O=0.9999996423721313|NORM=3.692116763431841e-07
มึน	O=0.999997615814209|NORM=2.3307338778977282e-06
เลย	O=0.9999996423721313|NORM=3.764994289667811e-07
เจอ	O=0.9999992847442627|NORM=6.574178996743285e-07
แบบ	O=0.9999994039535522|NORM=5.526497943719733e-07
นี้	O=0.9999995231628418|NORM=4.533573871867702e-07
ออก	O=0.9999986886978149|NORM=1.3619187484437134e-06
จะ	O=0.9999996423721313|NORM=3.791861331592372e-07
บ่อย	O=0.9999990463256836|NORM=1.0033079433924286e-06

กรณี	O=0.9999996423721313|NORM=3.5710289125745476e-07
มือถือ	O=0.9999995231628418|NORM=4.396823669594596e-07
ยี่ห้อ	O=0.9999997615814209|NORM=2.817888571371441e-07
หนึ่ง	O=0.9999996423721313|NORM=2.9965326575620566e-07
ที่	O=0.9999997615814209|NORM=2.2909840424745198e-07
โค	O=0.9995959401130676|NORM=0.00040413078386336565
กับ	O=0.9995823502540588|NORM=0.00041764904744923115
_	O=0.9999996423721313|NORM=3.345195409565349e-07
BNK	O=0.9999991655349731|NORM=8.35340074445412e-07
_	O=0.9999996423721313|NORM=3.257653986565856e-07
ผม	O=0.9999996423721313|NORM=3.220407620574406e-07
ว่า	O=0.9999997615814209|NORM=2.094847957323509e-07
มัน	O=0.9999996423721313|NORM=3.284848446583055e-07
บวก	O=0.9999996423721313|NORM=3.0217404400900705e-07
มูลค่า	O=0.9999995231628418|NORM=5.02166585647501e-07
แบรนด์	O=0.9999986886978149|NORM=1.3574399417848326e-06
_	O=0.9999995231628418|NORM=3.9938657891980256e-07
#BNK48	O=0.9999990463256836|NORM=9.732920034366543e-07
_	O=0.9999995231628418|NORM=4.241744591126917e-07
มาก	O=0.9999995231628418|NORM=4.221450069508137e-07
เกินเหตุ	O=0.9999996423721313|NORM=3.5947007859249425e-07
ไป	O=0.9999994039535522|NORM=5.532288014364894e-07
เยอะ	O=0.9999996423721313|NORM=2.9979477744745964e-07
_	O=0.9999996423721313|NORM=3.0889827939972747e-07
ในส่วนของ	O=0.9999991655349731|NORM=7.756349873488944e-07
_	O=0.9999995231628418|NORM=3.7523551554841106e-07
spec	O=0.9999996423721313|NORM=3.897094416061009e-07
_	O=0.9999995231628418|NORM=3.8705411498085596e-07
มือถือ	O=0.9999995231628418|NORM=4.880049004896136e-07
นี่	O=0.9999997615814209|NORM=2.9119806299604534e-07
ไม่	O=0.9999997615814209|NORM=2.3662968828830344e-07
น่าขาย	O=0.9999985694885254|NORM=1.381704578307108e-06
ราคา	O=0.9999996423721313|NORM=3.117515063877363e-07
ตามที่	O=0.9999996423721313|NORM=3.096344585173938e-07
ตั้ง	O=0.9999996423721313|NORM=3.1288152513297973e-07
ไว้	O=0.9999995231628418|NORM=4.5115689317754004e-07
ได้	O=0.9999997615814209|NORM=2.4611838966848154e-07
เลย	O=0.9999996423721313|NORM=3.1453146220883355e-07
เมื่อ	O=0.9999995231628418|NORM=4.4956559008824115e-07
เทียบ	O=0.9999995231628418|NORM=4.730198952529463e-07
กับ	O=0.9999887943267822|NORM=1.1145125426992308e-05
มือถือ	O=0.9999992847442627|NORM=7.428754997818032e-07
แบรนด์	O=0.9999988079071045|NORM=1.234278897754848e-06
อื่นๆ	NORM=0.9999644756317139|O=3.5205510357627645e-05
_	O=0.9999995231628418|NORM=4.2915567632917373e-07
แต่	O=0.9999996423721313|NORM=3.0998634770185163e-07
ก็	O=0.9999995231628418|NORM=4.196018892344e-07
นั่นแหละ	O=0.9993054866790771|NORM=0.0006945070344954729
ครับ	O=0.9999977350234985|NORM=2.273156269438914e-06
_	O=0.9999996423721313|NORM=3.575329401428462e-07
ต่อให้	O=0.9999994039535522|NORM=6.459547421400202e-07
ตั้ง	O=0.9999997615814209|NORM=2.5677729809103766e-07
ราคา	O=0.9999997615814209|NORM=2.0859251037563808e-07
ขาย	O=0.9999997615814209|NORM=2.566818011473515e-07
ยังไง	O=0.9552669525146484|NORM=0.04473302513360977
โอตะ	O=0.999995231628418|NORM=4.762704065797152e-06
ก็	O=0.9999997615814209|NORM=1.9266757078639785e-07
ซื้อ	O=0.9999997615814209|NORM=2.2270678812219558e-07
จน	O=0.9999996423721313|NORM=3.1128715249906236e-07
หมด	O=0.9999996423721313|NORM=3.251812472626625e-07
อยู่ดี	O=0.999991774559021|NORM=8.269134923466481e-06
_	O=0.9999995231628418|NORM=4.0072799833978934e-07
บาง	O=0.9999996423721313|NORM=3.188104642504186e-07
คน	O=0.9999994039535522|NORM=6.10270888046216e-07
แยก	O=0.9999996423721313|NORM=3.120534302070155e-07
ของ	O=0.9999996423721313|NORM=2.908699343606713e-07
ใน	O=0.9999997615814209|NORM=2.503955158772442e-07
เซ็ท	O=0.6416332125663757|NORM=0.35836678743362427
ไป	O=0.9999996423721313|NORM=3.805697019743093e-07
ขาย	O=0.9999996423721313|NORM=3.4212408195344324e-07
มือสอง	O=0.999995231628418|NORM=4.796324901690241e-06
ใน	O=0.9999997615814209|NORM=2.6872254466070444e-07
ราคา	O=0.9999997615814209|NORM=2.7145620151713956e-07
ขูดรีด	O=0.9999942779541016|NORM=5.766467438661493e-06
ตาม	O=0.9999996423721313|NORM=3.1099577313398186e-07
สเต็ป	O=0.9994943141937256|NORM=0.0005055955843999982

ปอย	O=0.999884843826294|NORM=0.00011515914957271889
ครับ	O=0.9999995231628418|NORM=5.091540629109659e-07
_	O=0.9999996423721313|NORM=3.571941817881452e-07
เค้า	NORM=0.9991291165351868|O=0.000870944932103157
รู้	O=0.9999996423721313|NORM=3.6105876688452554e-07
ว่า	O=0.9999997615814209|NORM=2.143458459613612e-07
เธอ	O=0.9999995231628418|NORM=4.548653862457286e-07
อ่าน	O=0.9999997615814209|NORM=2.738961768500303e-07
_	O=0.9999997615814209|NORM=2.57544911619334e-07
นส	NORM=0.9996167421340942|O=0.00038328758091665804
_	O=0.9999995231628418|NORM=3.9369933801935986e-07
พรุ่งนี้	O=0.9999991655349731|NORM=8.258828643192828e-07
เรา	O=0.9999997615814209|NORM=1.7721342260301753e-07
สอบ	O=0.9999995231628418|NORM=4.5333882781051216e-07
กัน	O=0.9999997615814209|NORM=2.53838038588583e-07
_	O=0.9999996423721313|NORM=3.7182647361078125e-07
สู้ๆ	O=0.9998189806938171|NORM=0.00018100599118042737
_	O=0.9999996423721313|NORM=3.0648271831523743e-07
นะ	O=0.9999995231628418|NORM=4.466425878035807e-07
คนดี	O=0.9999995231628418|NORM=4.56134671367181e-07
_	O=0.9999996423721313|NORM=2.974072685901774e-07
วันนี้	O=0.9999996423721313|NORM=3.1673909006713075e-07
เค้า	NORM=0.999637246131897|O=0.00036277470644563437
ก็	O=0.9999997615814209|NORM=2.780802219604084e-07
ต้อง	O=0.9999997615814209|NORM=2.1307673137016536e-07
อ่าน	O=0.9999997615814209|NORM=2.265889378350039e-07
_	O=0.9999996423721313|NORM=3.1521554433311394e-07
เค้า	NORM=0.9986321330070496|O=0.0013678871328011155
อยาก	O=0.9999997615814209|NORM=2.1614033585137804e-07
ให้	O=0.9999997615814209|NORM=2.133040197804803e-07
เรา	O=0.9999996423721313|NORM=3.009864997238765e-07
มี	O=0.9999997615814209|NORM=2.8842674737461493e-07
สมาธิ	O=0.9999995231628418|NORM=4.993227662453137e-07
_	O=0.9999996423721313|NORM=3.8562714621548366e-07
เค้า	NORM=0.9973478317260742|O=0.0026521917898207903
ทิ้ง	O=0.9999996423721313|NORM=3.586058312521345e-07
_	O=0.9999992847442627|NORM=6.89476053139515e-07
ทศ	O=0.9463922381401062|NORM=0.053607769310474396
_	O=0.9999991655349731|NORM=7.5262772725182e-07
ไว้	O=0.9999997615814209|NORM=2.532263181365124e-07
ใน	O=0.9999997615814209|NORM=2.0681058288118948e-07
ห้อง	O=0.9999996423721313|NORM=3.20777274964712e-07
_	O=0.9999994039535522|NORM=5.582179483099026e-07
แล้ว	O=0.9999997615814209|NORM=1.872214596687627e-07
จะ	O=0.9999997615814209|NORM=2.0123547983530443e-07
ไป	O=0.9999997615814209|NORM=2.7193863161301124e-07
อ่าน	O=0.9999997615814209|NORM=2.427221943435143e-07
_	O=0.9999995231628418|NORM=4.242950524258049e-07
นส	NORM=0.99981290102005|O=0.00018711017037276179
_	O=0.9999994039535522|NORM=5.20214200605551e-07
ที่	O=0.9999997615814209|NORM=2.18328864320938e-07
มี	O=0.9999997615814209|NORM=1.9674941142966418e-07
แอร์	O=0.9999985694885254|NORM=1.4355673556565307e-06
สัก	O=0.9999994039535522|NORM=5.753064442615141e-07
ที่	O=0.9999997615814209|NORM=2.548725888118497e-07
ใน	O=0.9999996423721313|NORM=3.3719982184265973e-07
บริเวณ	O=0.9999996423721313|NORM=3.3793833154049935e-07
ใกล้ๆ	NORM=0.999448835849762|O=0.000551115139387548
_	O=0.9999982118606567|NORM=1.813114181459241e-06
นี้	O=0.999998927116394|NORM=1.0972316886181943e-06
_	O=0.9999994039535522|NORM=5.919642944718362e-07
เค้า	NORM=0.999327540397644|O=0.0006725352141074836
อาจจะ	O=0.9999994039535522|NORM=5.563052809520741e-07
กลับ	O=0.9999997615814209|NORM=2.3506804325279518e-07
มา	O=0.9999997615814209|NORM=2.3031068963064172e-07
ตอน	O=0.9999997615814209|NORM=2.4176529223041143e-07
ดึกๆ	NORM=0.8925883769989014|O=0.10741159319877625
_	O=0.9999994039535522|NORM=5.633708610730537e-07
4	O=0.9999995231628418|NORM=4.91049661377474e-07
-	O=0.9999994039535522|NORM=5.509174911821901e-07
5	O=0.9999995231628418|NORM=4.871009764428891e-07
_	O=0.9999995231628418|NORM=4.983252210877254e-07
ทุ่ม	O=0.9999992847442627|NORM=6.667023058071209e-07
ไร	O=0.6961782574653625|NORM=0.3038218021392822
งี้	O=0.9998699426651001|NORM=0.000130075219203718
_	O=0.9999995231628418|NORM=5.10066740844195e-07
อาจจะ	O=0.9999954700469971|NORM=4.504854587139562e-06
เที่ยงคืน	O=0.9999996423721313|NORM=3.7478491776710143e-07
_	O=0.9999994039535522|NORM=5.564511980082898e-07
อ้วน	O=0.9999988079071045|NORM=1.1339413958921796e-06
อย่า	O=0.9999996423721313|NORM=3.2393691640209e-07
นอนดึก	O=0.999954104423523|NORM=4.592764162225649e-05
มาก	O=0.9999984502792358|NORM=1.6071672916950774e-06
นะ	O=0.9999992847442627|NORM=7.144456617425021e-07
ครับ	O=0.999998927116394|NORM=1.0859025678655598e-06
_	O=0.9999994039535522|NORM=6.13557517681329e-07
รัก	O=0.9999992847442627|NORM=7.041691674203321e-07
และ	O=0.9999420642852783|NORM=5.796947152703069e-05
คิดถึง	O=0.999994158744812|NORM=5.890505235583987e-06
มาก	O=0.9999994039535522|NORM=6.400952656804293e-07
นะ	O=0.9999992847442627|NORM=6.799172638238815e-07
_	O=0.9999992847442627|NORM=7.412817240037839e-07
จุ๊บ	O=0.9999409914016724|NORM=5.8982222981285304e-05
_	O=0.9999994039535522|NORM=5.773852080892539e-07
สู้ๆ	O=0.9999337196350098|NORM=6.62809397908859e-05
_	O=0.9999990463256836|NORM=9.120389563577191e-07
นะ	O=0.9999992847442627|NORM=7.299368007807061e-07

รีวิว	O=0.9999991655349731|NORM=7.784724971315882e-07
โอตะ	O=0.9999816417694092|NORM=1.8355947759118862e-05
ชาวไร่	O=0.999998927116394|NORM=1.1283385674687452e-06
_	O=0.9999992847442627|NORM=6.000477696943562e-07
ทุก	O=0.9999996423721313|NORM=3.8666860291414196e-07
คน	O=0.9999992847442627|NORM=6.532013117066526e-07
เป็นมิตร	O=0.9999994039535522|NORM=6.264594389904232e-07
_	O=0.9999994039535522|NORM=5.16699287800293e-07
ใจดี	O=0.999984860420227|NORM=1.5141084077185951e-05
_	O=0.9999994039535522|NORM=5.530937414732762e-07
น่ารัก	O=0.9999985694885254|NORM=1.4398177654584288e-06
_	O=0.9999996423721313|NORM=3.4598070897118305e-07
เสียง	O=0.9999995231628418|NORM=5.141368433214666e-07
เชียร์	O=0.9999991655349731|NORM=8.614801458861621e-07
ไม่	O=0.9999997615814209|NORM=2.5151294380520994e-07
เคย	O=0.9999991655349731|NORM=8.174349090950273e-07
เงียบ	O=0.9999994039535522|NORM=5.929971393925371e-07
_	O=0.9999996423721313|NORM=3.3052833714464214e-07
รอยยิ้ม	O=0.9999995231628418|NORM=4.2078119122379576e-07
ไม่	O=0.9999997615814209|NORM=2.4159058398254274e-07
เคย	O=0.9999991655349731|NORM=7.92753667155921e-07
หาย	O=0.9999995231628418|NORM=4.959840111951053e-07
ไป	O=0.9999992847442627|NORM=6.604782925023756e-07
จาก	O=0.9999996423721313|NORM=2.9485568120435346e-07
ใบหน้า	O=0.9999995231628418|NORM=4.292318180887378e-07
ของ	O=0.9999997615814209|NORM=2.906273550706828e-07
ใคร	O=0.9999996423721313|NORM=3.426945625051303e-07
เลย	O=0.9999995231628418|NORM=4.203648700240592e-07
_	O=0.9999996423721313|NORM=3.2933078841779206e-07
บรรยากาศ	O=0.9999994039535522|NORM=5.581359800999053e-07
สนุกสนาน	O=0.9999996423721313|NORM=3.4963727557624225e-07
_	O=0.9999996423721313|NORM=3.770790613089048e-07
อบอวล	O=0.9995110034942627|NORM=0.000488952558953315
ไป	O=0.9999988079071045|NORM=1.1404060842323815e-06
ด้วย	O=0.9999997615814209|NORM=2.5334421138722973e-07
ความรัก	O=0.9999995231628418|NORM=4.523174936821306e-07
ที่	O=0.9999997615814209|NORM=2.067839659503079e-07
มี	O=0.9999994039535522|NORM=5.65172513233847e-07
ให้	O=0.9999996423721313|NORM=3.3500484164505906e-07
น้อง	O=0.9999988079071045|NORM=1.247856744157616e-06
_	O=0.9999996423721313|NORM=3.850186374165787e-07
ประทับใจ	O=0.9999994039535522|NORM=5.682829851139104e-07
จริงๆ	NORM=0.999964714050293|O=3.449061478022486e-05
ที่	O=0.9999997615814209|NORM=2.268438663577399e-07
ได้	O=0.9999997615814209|NORM=2.9099427933942934e-07
เจอ	O=0.9999986886978149|NORM=1.278768763768312e-06
ทุก	O=0.999998927116394|NORM=1.1119732334918808e-06
คน	O=0.9999994039535522|NORM=5.669443225997384e-07
ใน	O=0.9999997615814209|NORM=2.8380185312926187e-07
วันนี้	O=0.9999994039535522|NORM=5.653816970152548e-07
_	O=0.9999996423721313|NORM=3.1414566592502524e-07
ถ้า	O=0.9999997615814209|NORM=1.9892497959972388e-07
เรา	O=0.9999996423721313|NORM=3.265349164394138e-07
ทำ	O=0.9999997615814209|NORM=2.2002592459102743e-07
อะไร	O=0.9999996423721313|NORM=3.3859222980936465e-07
ผิดพลาด	O=0.9999996423721313|NORM=3.607090945934033e-07
ไป	O=0.9999995231628418|NORM=4.872943009104347e-07
ขอโทษ	O=0.9999996423721313|NORM=3.14354252850535e-07
ด้วย	O=0.9999997615814209|NORM=2.076305207765472e-07
นะ	O=0.9999996423721313|NORM=3.280887597156834e-07
คะ	O=0.9999991655349731|NORM=7.782646207488142e-07
_	O=0.9999996423721313|NORM=3.201303115929477e-07
น่า	O=0.9999996423721313|NORM=3.772319132622215e-07
จะ	O=0.9999997615814209|NORM=2.0158218205779121e-07
เหยียบ	O=0.9999992847442627|NORM=7.485526793971076e-07
เท้า	O=0.9999996423721313|NORM=3.502092624785291e-07
ใคร	O=0.9999997615814209|NORM=2.8164029686195136e-07
สัก	O=0.9999995231628418|NORM=4.520595950907591e-07
คน	O=0.9999995231628418|NORM=4.722747632968094e-07
ไป	O=0.9999995231628418|NORM=4.38651255763034e-07
สอง	O=0.9999996423721313|NORM=3.060644360175502e-07
รอบ	O=0.9999996423721313|NORM=4.040837211505277e-07
_	O=0.9999996423721313|NORM=3.003571009685402e-07
-/-	O=0.9999995231628418|NORM=4.1390853766642977e-07
_	O=0.9999996423721313|NORM=2.755390653419454e-07
#IzurinaBNK48	O=0.9999996423721313|NORM=3.6441360862227157e-07
_	O=0.9999995231628418|NORM=4.165029281466559e-07
#BNK48	O=0.9999927282333374|NORM=7.277532859006897e-06

คุณหญิง	O=0.9999991655349731|NORM=8.308970222969947e-07
สุดารัตน์	O=0.99991774559021|NORM=8.219719165936112e-05
เกยุราพันธุ์	O=0.9999207258224487|NORM=7.91663333075121e-05
_	O=0.9999992847442627|NORM=6.098663902776025e-07
แคนดิเดต	O=0.9104353189468384|NORM=0.08956444263458252
นายกรัฐมนตรี	O=0.9999972581863403|NORM=2.7347123250365257e-06
_	O=0.9999994039535522|NORM=6.02012164563348e-07
ของ	O=0.9999994039535522|NORM=5.871984853911272e-07
พรรค	O=0.9999977350234985|NORM=2.223240699095186e-06
เพื่อไทย	O=0.9999994039535522|NORM=5.676292289535922e-07
_	O=0.9999992847442627|NORM=6.31323359812086e-07
กล่าว	O=0.9999994039535522|NORM=5.813324150949484e-07
ว่า	O=0.9999996423721313|NORM=3.186773369634466e-07
_	O=0.9999995231628418|NORM=4.5139273652239353e-07
พี่	O=0.9999996423721313|NORM=3.333339293476456e-07
ยินดี	O=0.9999996423721313|NORM=3.08689180883448e-07
ที่	O=0.9999997615814209|NORM=2.819568578615872e-07
อาจารย์	O=0.9999986886978149|NORM=1.342043788099545e-06
ชัชชาติ	O=0.9999953508377075|NORM=4.621827883966034e-06
มา	O=0.9999997615814209|NORM=2.5554604121680313e-07
ร่วม	O=0.9999996423721313|NORM=3.379157647032116e-07
อุดมการณ์	O=0.9999881982803345|NORM=1.1773993719543796e-05
_	O=0.9999995231628418|NORM=4.3581661657299264e-07
พี่	O=0.9999997615814209|NORM=2.5981501039495924e-07
จะ	O=0.9999997615814209|NORM=2.09898345815418e-07
เป็น	O=0.9999997615814209|NORM=2.561755820806866e-07
ฐาน	O=0.9999997615814209|NORM=2.7736510332943e-07
ราก	O=0.9999995231628418|NORM=5.336957542567689e-07
_	O=0.9999995231628418|NORM=4.052692190725793e-07
และ	O=0.9999996423721313|NORM=3.5251059671281837e-07
ให้	O=0.9999997615814209|NORM=1.971242937770512e-07
อาจารย์	O=0.9999982118606567|NORM=1.7791954860513215e-06
ชัชชาติ	O=0.9999945163726807|NORM=5.4545926104765385e-06
มา	O=0.9999997615814209|NORM=2.460400025938725e-07
ร่วม	O=0.9999996423721313|NORM=2.83885725593791e-07
สร้าง	O=0.9999997615814209|NORM=2.3289133821435826e-07
ตึก	O=0.9999991655349731|NORM=8.588633022554859e-07
ที่	O=0.9999997615814209|NORM=2.2974580815571244e-07
สูง	O=0.9999997615814209|NORM=2.0412609558206896e-07
ทัดเทียม	O=0.9999984502792358|NORM=1.5828752566449111e-06
นานา	O=0.9992274045944214|NORM=0.0007726248004473746
ประเทศ	O=0.9999996423721313|NORM=3.103161247963726e-07
และ	O=0.9999996423721313|NORM=3.6832574323852896e-07
อยู่	O=0.9999997615814209|NORM=1.9784542359957413e-07
สบาย	O=0.9999964237213135|NORM=3.521799953887239e-06
มี	O=0.9999991655349731|NORM=8.579186214774381e-07
ความสุข	O=0.9999992847442627|NORM=7.536901875937474e-07
_	O=0.9999994039535522|NORM=4.837737037632905e-07
ตึก	O=0.9999994039535522|NORM=5.857415317223058e-07
ที่	O=0.9999997615814209|NORM=2.1057722676687263e-07
ชื่อ	O=0.9999997615814209|NORM=1.9882463675457984e-07
ว่า	O=0.9999997615814209|NORM=2.679055057797086e-07
ประเทศ	O=0.9999996423721313|NORM=3.2963058060886397e-07
ไทย	O=0.9999992847442627|NORM=6.64658728055656e-07
_	O=0.9999995231628418|NORM=3.698212935887568e-07
พายุ	O=0.9999991655349731|NORM=8.68685674504377e-07
มา	O=0.9999997615814209|NORM=2.900265485550335e-07
ก็	O=0.9999997615814209|NORM=2.545201596149127e-07
ไม่	O=0.9999997615814209|NORM=2.3523176650996902e-07
ล้ม	O=0.9999994039535522|NORM=6.303686745923187e-07
_	O=0.9999995231628418|NORM=4.4165756207803497e-07
และ	O=0.9999996423721313|NORM=3.36722933980127e-07
พี่	O=0.9999995231628418|NORM=5.105879949951486e-07
ยืนยัน	O=0.9999996423721313|NORM=3.640689953954279e-07
ใน	O=0.9999996423721313|NORM=3.3912189678630966e-07
ความเป็นมืออาชีพ	O=0.9999988079071045|NORM=1.2383536613924662e-06

วิตามิน	O=0.9999988079071045|NORM=1.1876784355990821e-06
เกาหลี	O=0.9999961853027344|NORM=3.7633897136402084e-06
อึนดัน	O=0.9974114298820496|NORM=0.0025886218063533306
270	O=0.9999992847442627|NORM=6.537572403431113e-07
฿	O=0.9999994039535522|NORM=6.471194637924782e-07
_	O=0.9999997615814209|NORM=2.6598038971314963e-07
คอลลาเจน	O=0.9999992847442627|NORM=7.638124657205481e-07
กล่อง	O=0.9999996423721313|NORM=4.1171966813635663e-07
ม่วง	O=0.9999996423721313|NORM=3.796891121510271e-07
470	O=0.9999990463256836|NORM=9.432137630938087e-07
฿	O=0.999998927116394|NORM=1.0643083214745275e-06
_	O=0.9999997615814209|NORM=2.055345191820379e-07
ยอด	O=0.9999983310699463|NORM=1.7124053783845739e-06
ขาย	O=0.9999991655349731|NORM=7.977379254953121e-07
อันดับ	O=0.9999997615814209|NORM=2.7630116505861224e-07
1	O=0.9999997615814209|NORM=2.715659945806692e-07
ที่	O=0.9999997615814209|NORM=2.5503379674773896e-07
เกาหลี	O=0.9999909400939941|NORM=9.10574453882873e-06
ของ	O=0.9999985694885254|NORM=1.4732087265656446e-06
ขาดตลาด	O=0.9999995231628418|NORM=4.68894540972542e-07
_	O=0.9999997615814209|NORM=2.331348838424674e-07
ไม่	O=0.9999997615814209|NORM=2.1177470443944912e-07
ต้อง	O=0.9999997615814209|NORM=2.5090727717724803e-07
พิม	NORM=0.9961742758750916|O=0.003825768595561385
สรรพคุณ	O=0.9999970197677612|NORM=2.965238991237129e-06
ให้	O=0.9999997615814209|NORM=2.537722139095422e-07
ยุ่งยาก	O=0.9999991655349731|NORM=8.903434149942768e-07
รู้ๆ	O=0.9938793182373047|NORM=0.006120666395872831
กัน	O=0.9999996423721313|NORM=3.446929781603103e-07
อยู่	O=0.9999997615814209|NORM=2.029987768992214e-07
ว่า	O=0.9999997615814209|NORM=2.6227186822325166e-07
ดี	O=0.9999997615814209|NORM=2.7509170763551083e-07
จริง	O=0.9999995231628418|NORM=4.652464724586025e-07
รีวิว	O=0.9999996423721313|NORM=3.0465471922980214e-07
เพียบ	O=0.9999996423721313|NORM=3.26203434042327e-07
_	O=0.9999996423721313|NORM=3.673011690352723e-07
#คลอลาเจนกล่องม่วง	O=0.9999994039535522|NORM=6.523628144350369e-07
_	O=0.9999994039535522|NORM=6.228303846000927e-07
#คลอลาเจนชง	O=0.9999983310699463|NORM=1.6536517932763672e-06
_	O=0.9999994039535522|NORM=5.881692572984321e-07
#คลอลาเจนผิวขาว	O=0.9999986886978149|NORM=1.3397279872151557e-06
_	O=0.9999995231628418|NORM=5.144488568475936e-07
#คอลลาเจน	O=0.9999978542327881|NORM=2.1150133306946373e-06
เกาหลี	O=0.9999966621398926|NORM=3.340195235068677e-06
_	O=0.9999995231628418|NORM=4.86921749143221e-07
#วิตามิน	O=0.9999973773956299|NORM=2.655996695466456e-06
เกาหลี	O=0.9999951124191284|NORM=4.9089885578723624e-06
_	O=0.9999995231628418|NORM=5.215723604123923e-07
#วิตามินซี	O=0.9999994039535522|NORM=5.599230235020514e-07
อึนดัน	O=0.9999572038650513|NORM=4.284767055651173e-05
_	O=0.9999994039535522|NORM=5.255216706245847e-07
#วิตามินนำเข้า	O=0.9999990463256836|NORM=9.94125343822816e-07
_	O=0.9999994039535522|NORM=5.458190912577265e-07
#วิตามินผิวขาว	O=0.9999990463256836|NORM=9.925774975272361e-07
_	O=0.9999994039535522|NORM=5.268805693958711e-07
#นำเข้าจาก	O=0.999998927116394|NORM=1.1170184279762907e-06
เกาหลี	O=0.9999985694885254|NORM=1.3981781421534833e-06

ปัญหา	O=0.9999997615814209|NORM=2.7271127578387677e-07
เชาว์	O=0.9999724626541138|NORM=2.7583737391978502e-05
ง่ายๆ	NORM=0.9998924732208252|O=0.00010746242332970724
เล่น	O=0.9999997615814209|NORM=2.2930868226467283e-07
แล้ว	O=0.9999997615814209|NORM=2.000050756123528e-07
ได้	O=0.9999997615814209|NORM=1.8325337691749155e-07
เงิน	O=0.9999997615814209|NORM=1.9591789168771356e-07
_	O=0.9999997615814209|NORM=2.361722550858758e-07
-	O=0.9999997615814209|NORM=1.886108691451227e-07
ว่าง	O=0.9999997615814209|NORM=2.1748265055521188e-07
แค่	O=0.9999997615814209|NORM=2.7410811753725284e-07
15	O=0.9999996423721313|NORM=3.3870719562401064e-07
นาที	O=0.9999996423721313|NORM=3.943788158267125e-07
ต่อ	O=0.9999997615814209|NORM=2.1579698739060404e-07
วัน	O=0.9999997615814209|NORM=2.3374398949727038e-07
_	O=0.9999997615814209|NORM=2.2685036071834475e-07
1945	O=0.9999872446060181|NORM=1.2805302503693383e-05
-	O=0.9999994039535522|NORM=5.355964276532177e-07
2000	O=0.9999371767044067|NORM=6.283602851908654e-05
_	O=0.9999997615814209|NORM=2.295859218293117e-07
-	O=0.9999997615814209|NORM=2.0010371315493103e-07
มี	O=0.9999997615814209|NORM=1.7909198390952952e-07
กลุ่ม	O=0.9999997615814209|NORM=2.474485825132433e-07
ให้	O=0.9999997615814209|NORM=1.7476124014592642e-07
อยู่	O=0.9999997615814209|NORM=1.7820622133513098e-07
_	O=0.9999997615814209|NORM=2.397185312474903e-07
-	O=0.9999997615814209|NORM=1.9394180128529115e-07
จ่าย	O=0.9999997615814209|NORM=2.048314371450033e-07
เงิน	O=0.9999997615814209|NORM=2.2138394228932157e-07
วัน	O=0.9999996423721313|NORM=3.0333816880556697e-07
ต่อ	O=0.9999997615814209|NORM=2.043801288209579e-07
วัน	O=0.9999997615814209|NORM=2.4594052661086607e-07
_	O=0.9999997615814209|NORM=2.392635565229284e-07
มี	O=0.9999998807907104|NORM=1.7135344876351155e-07
รีวิว	O=0.9999994039535522|NORM=5.620480578727438e-07
_	O=0.9999996423721313|NORM=2.8471589530454366e-07
สน	O=0.9999902248382568|NORM=9.741065696289297e-06
รี	O=0.999148964881897|NORM=0.0008510513580404222
ทัก	O=0.9999988079071045|NORM=1.2245404832356144e-06
_	O=0.9999996423721313|NORM=2.801350262870983e-07
#งานออนไลน์ได้เงินจริง	O=0.9999995231628418|NORM=4.094110579444532e-07
_	O=0.9999996423721313|NORM=2.8198371637699893e-07
#งานออนไลน์	O=0.9999995231628418|NORM=5.132301339472178e-07
_	O=0.9999997615814209|NORM=2.4806811893540726e-07
#ตลาดนัดnuest	O=0.9999997615814209|NORM=2.359185486966453e-07
_	O=0.9999997615814209|NORM=2.51234610004758e-07
#งานเสริม	O=0.9999996423721313|NORM=3.8163420867931563e-07
_	O=0.9999996423721313|NORM=3.2925606774369953e-07
#งานเขียน	O=0.9999997615814209|NORM=2.843144102371298e-07
_	O=0.9999996423721313|NORM=3.45700982506969e-07
#งานพิมพ์	O=0.9999994039535522|NORM=6.057330210751388e-07
_	O=0.9999996423721313|NORM=2.7173589955964417e-07
#หาเงินเข้าwallet	O=0.9999996423721313|NORM=3.4631938206075574e-07
_	O=0.9999997615814209|NORM=2.336274320668963e-07
#ตลาดนัดnuest	O=0.9999997615814209|NORM=2.326409429542764e-07
_	O=0.9999997615814209|NORM=2.384546746725391e-07
#แลกการ์ด	O=0.9999996423721313|NORM=3.228648779440846e-07
บังทัน	O=0.9999994039535522|NORM=6.221221724445058e-07
_	O=0.9999996423721313|NORM=2.779722763079917e-07
#หางานทํา	O=0.9999997615814209|NORM=2.104489453813585e-07
_	O=0.9999996423721313|NORM=3.075878112213104e-07
#งาน	O=0.9999996423721313|NORM=3.213939976376423e-07
พาร์ทไทม์	O=0.999921441078186|NORM=7.857632590457797e-05
_	O=0.9999996423721313|NORM=2.9275844326548395e-07
#แจก	O=0.9999995231628418|NORM=5.051431344327284e-07
_	O=0.9999996423721313|NORM=3.278354370195302e-07
#	O=0.999998927116394|NORM=1.0967337402689736e-06
บอท	NORM=0.9990372657775879|O=0.000962673278991133
เมะ	NORM=0.9970928430557251|O=0.0029071983881294727

รีวิว	O=0.9999988079071045|NORM=1.2216629556860426e-06
ละคร	O=0.9999991655349731|NORM=8.816152217150375e-07
_	O=0.9999992847442627|NORM=6.294183094723849e-07
#กรงกรรม	O=0.9999991655349731|NORM=7.922110398794757e-07
_	O=0.9999994039535522|NORM=5.920761054767354e-07
เนื้อหา	O=0.9999994039535522|NORM=5.778297236247454e-07
ดี	O=0.9999994039535522|NORM=6.055488483980298e-07
มาก	O=0.999998927116394|NORM=1.0265403034281917e-06
_	O=0.9999997615814209|NORM=2.6947779474539857e-07
ดำเนิน	O=0.9999996423721313|NORM=3.4070413335030025e-07
เรื่อง	O=0.9999997615814209|NORM=2.650384658409166e-07
ไม่	O=0.9999997615814209|NORM=2.556811011800164e-07
ซับซ้อน	O=0.9999982118606567|NORM=1.7853245708465693e-06
_	O=0.9999996423721313|NORM=2.894699662192579e-07
เป็น	O=0.9999996423721313|NORM=2.830889798133285e-07
เรื่องราว	O=0.9999984502792358|NORM=1.5829326684979605e-06
ที่	O=0.9999996423721313|NORM=2.9471453899532207e-07
สะท้อน	O=0.9999995231628418|NORM=4.822343839805399e-07
เรื่อง	O=0.9999996423721313|NORM=3.8606358998549695e-07
จริง	O=0.9999997615814209|NORM=2.817311042235815e-07
ชัดเจน	O=0.9999992847442627|NORM=6.739708737768524e-07
_	O=0.9999997615814209|NORM=2.471997220254707e-07
ตัวละคร	O=0.9999990463256836|NORM=8.949606922215025e-07
ทุก	O=0.9999996423721313|NORM=3.9928383444021165e-07
ตัว	O=0.9999995231628418|NORM=4.803616775461705e-07
คือ	O=0.9999995231628418|NORM=4.187076569905912e-07
เรียล	O=0.9580060839653015|NORM=0.04199383780360222
_	O=0.9999997615814209|NORM=2.7998234486403817e-07
ทุก	O=0.9999996423721313|NORM=3.470129854576953e-07
คน	O=0.9999994039535522|NORM=5.395650646278227e-07
เป็น	O=0.9999997615814209|NORM=2.5566160388734716e-07
สีเทา	O=0.9999982118606567|NORM=1.802946371753933e-06
ไม่	O=0.9999995231628418|NORM=4.697575093359774e-07
ขาว	O=0.999996542930603|NORM=3.4756983495753957e-06
และ	O=0.9999659061431885|NORM=3.410160934436135e-05
ไม่	O=0.9999995231628418|NORM=4.6935133468650747e-07
ดำ	O=0.9999992847442627|NORM=6.569916308762913e-07
_	O=0.9999997615814209|NORM=2.7297485871713434e-07
ไม่	O=0.9999997615814209|NORM=2.1782267367598251e-07
มี	O=0.9999997615814209|NORM=2.0565764202729042e-07
ใคร	O=0.9999995231628418|NORM=4.277692653431586e-07
ดี	O=0.9999994039535522|NORM=6.351376669044839e-07
หรือ	O=0.9999988079071045|NORM=1.1371404298188281e-06
ร้าย	O=0.9999972581863403|NORM=2.777796453301562e-06
ทั้งหมด	O=0.9999992847442627|NORM=7.358133302659553e-07
_	O=0.9999996423721313|NORM=3.3000645771608106e-07
ความจริง	O=0.9999995231628418|NORM=5.263844968794729e-07
คือ	O=0.9999996423721313|NORM=3.865167172989459e-07
_	O=0.9999996423721313|NORM=3.614118782024889e-07
กรรม	O=0.9999996423721313|NORM=3.4994818065570144e-07
คือ	O=0.9999996423721313|NORM=3.7993325463503425e-07
การกระทำ	O=0.9999996423721313|NORM=4.086683702553273e-07
_	O=0.9999996423721313|NORM=3.0994880262369406e-07
ทุก	O=0.9999995231628418|NORM=4.246926152973174e-07
คน	O=0.9999995231628418|NORM=4.5966351081005996e-07
ต่าง	O=0.9999992847442627|NORM=7.644617880941951e-07
มี	O=0.9999997615814209|NORM=2.6287361265531217e-07
กรรม	O=0.9999996423721313|NORM=3.435437179177825e-07
เป็น	O=0.9999996423721313|NORM=3.4368886758784356e-07
ของ	O=0.9999997615814209|NORM=2.6618897663865937e-07
ตัวเอง	O=0.9999997615814209|NORM=2.57941650261273e-07
_	O=0.9999996423721313|NORM=3.108137036633707e-07
เลือก	O=0.9999997615814209|NORM=1.9715268706477218e-07
ทำ	O=0.9999997615814209|NORM=2.104776513078832e-07
สิ่ง	O=0.9999995231628418|NORM=5.055493943473266e-07
ใด	O=0.9999957084655762|NORM=4.329575858719181e-06
ไว้	O=0.9999927282333374|NORM=7.271358754223911e-06
_	O=0.9999995231628418|NORM=3.992220740656194e-07
ผล	O=0.9999997615814209|NORM=2.294320466944555e-07
ก็	O=0.9999997615814209|NORM=2.2468866234248708e-07
จะ	O=0.9999997615814209|NORM=2.399584673185018e-07
เป็นไป	O=0.9999982118606567|NORM=1.7669498220129753e-06
ตามที่	O=0.999998927116394|NORM=1.0330683153370046e-06
เรา	O=0.9999995231628418|NORM=4.821851575798064e-07
เลือก	O=0.9999997615814209|NORM=2.6479767711862223e-07
กระทำ	O=0.9999994039535522|NORM=5.604995294561377e-07

จริงๆ	O=0.9998745918273926|NORM=0.00012542719196062535
นิยาย	O=0.9999970197677612|NORM=2.927531113527948e-06
บุพเพสันนิวาส	O=0.9999971389770508|NORM=2.8786937491531717e-06
มี	O=0.9999997615814209|NORM=2.3708484775397665e-07
เล่า	O=0.9999992847442627|NORM=6.584400011888647e-07
ถึง	O=0.9999997615814209|NORM=2.2538765165336372e-07
ว่า	O=0.9999997615814209|NORM=2.4350330818379007e-07
ยุค	O=0.9999991655349731|NORM=8.002189133549109e-07
ทาส	O=0.999998927116394|NORM=1.1078408306275378e-06
คือ	O=0.9999996423721313|NORM=3.8871246488270117e-07
เหมือน	O=0.9999994039535522|NORM=6.189407599777041e-07
สัตว์เลี้ยง	O=0.9999991655349731|NORM=8.065689485192706e-07
_	O=0.9999996423721313|NORM=3.881605152855627e-07
ไม่	O=0.9999997615814209|NORM=2.2757474482659745e-07
มี	O=0.9999997615814209|NORM=2.105470997548764e-07
เสื้อผ้า	O=0.9999995231628418|NORM=5.209460596233839e-07
นุ่ง	O=0.9999991655349731|NORM=8.329320735356305e-07
_	O=0.9999996423721313|NORM=4.035110521272145e-07
ปกติ	O=0.9999992847442627|NORM=7.504712584704976e-07
เดิน	O=0.9999997615814209|NORM=2.8282272523938445e-07
เปลือย	O=0.999994158744812|NORM=5.827417226100806e-06
บน	O=0.9999997615814209|NORM=2.3034364460272627e-07
กัน	O=0.9999996423721313|NORM=3.57047042598424e-07
หมด	O=0.9999996423721313|NORM=3.5002025811081694e-07
นานๆ	O=0.8995662331581116|NORM=0.10043371468782425
ที	O=0.9999992847442627|NORM=7.040752052489552e-07
ได้	O=0.9999997615814209|NORM=2.6319995072299207e-07
ผ้า	O=0.9999994039535522|NORM=5.748605076405511e-07
เก่า	O=0.9999996423721313|NORM=3.542785975696461e-07
จาก	O=0.9999997615814209|NORM=2.352597903154674e-07
เจ้านาย	O=0.9999992847442627|NORM=6.773220206923725e-07
จะ	O=0.9999997615814209|NORM=2.1270112426918786e-07
ดีใจ	O=0.9999997615814209|NORM=2.842677702119545e-07
มาก	O=0.9999996423721313|NORM=3.196790885340306e-07
_	O=0.9999995231628418|NORM=4.883801807409327e-07
นอน	O=0.9999997615814209|NORM=2.605588917958812e-07
ตาก	O=0.9999990463256836|NORM=9.852824405243155e-07
ยุง	O=0.9999969005584717|NORM=3.1268782549886964e-06
_	O=0.9999992847442627|NORM=6.56188888115139e-07
ถ้า	O=0.9999997615814209|NORM=2.1249918802368484e-07
เขา	O=0.9999996423721313|NORM=3.117137339359033e-07
อยาก	O=0.9999997615814209|NORM=2.86072207700272e-07
ได้	O=0.9999997615814209|NORM=2.2710014491167385e-07
เป็น	O=0.9999997615814209|NORM=2.504932012925565e-07
เมีย	O=0.9999996423721313|NORM=3.7389099816209637e-07
หรือ	O=0.9999995231628418|NORM=4.92255196604674e-07
อารมณ์	O=0.9999992847442627|NORM=6.752170520485379e-07
เสีย	O=0.9999996423721313|NORM=2.964227121537988e-07
เฆี่ยนตี	O=0.9999864101409912|NORM=1.362653620162746e-05
ก็	O=0.9999997615814209|NORM=2.3841965912652086e-07
ต้อง	O=0.9999997615814209|NORM=2.30186628868978e-07
ยอม	O=0.9999996423721313|NORM=3.7379936657089274e-07
ไป	O=0.9999996423721313|NORM=3.344551089412562e-07
_	O=0.9999995231628418|NORM=4.867026177635125e-07
พ่อ	O=0.9999996423721313|NORM=3.7026526911176916e-07
พระเอก	O=0.9999977350234985|NORM=2.2922961306903744e-06
ก็	O=0.9999997615814209|NORM=2.296185499517378e-07
มี	O=0.9999997615814209|NORM=2.0545063250665407e-07
ลูก	O=0.9999996423721313|NORM=3.567815554106346e-07
กับ	O=0.9999996423721313|NORM=3.5919728702538123e-07
ทาส	O=0.9999983310699463|NORM=1.7065934798665694e-06
เยอะแยะ	O=0.9999992847442627|NORM=6.813374966441188e-07
_	O=0.9999996423721313|NORM=3.8405815416808764e-07
แน่นอน	O=0.9999988079071045|NORM=1.1798166497101192e-06
ว่า	O=0.9999997615814209|NORM=2.880468343846587e-07
คนอ่าน	O=0.9999969005584717|NORM=3.0931562378100352e-06
ก็	O=0.9999997615814209|NORM=2.489810810857307e-07
จะ	O=0.9999997615814209|NORM=2.7356961140867497e-07
จำ	O=0.9999988079071045|NORM=1.1514557627378963e-06
เรื่อง	O=0.9999996423721313|NORM=3.955189527005132e-07
ของ	O=0.9999995231628418|NORM=4.283996020149061e-07
พระนาง	O=0.9999983310699463|NORM=1.6430454934379668e-06
ได้	O=0.9999997615814209|NORM=2.340134130918159e-07
มาก	O=0.999995231628418|NORM=4.733181867777603e-06
กว่า	O=0.9999970197677612|NORM=3.0109008548606653e-06

ได้	O=0.9999997615814209|NORM=1.9291246644570492e-07
มี	O=0.9999996423721313|NORM=3.972722595335654e-07
โอกาส	O=0.9999995231628418|NORM=4.2247160081387847e-07
อ่าน	O=0.9999997615814209|NORM=2.466484545493586e-07
เรื่อง	O=0.9999997615814209|NORM=2.0004493705982895e-07
นี้	O=0.9999997615814209|NORM=2.447066265176545e-07
ไป	O=0.9999997615814209|NORM=2.8412546271283645e-07
ไม่	O=0.9999997615814209|NORM=2.3120460923564679e-07
กี่	O=0.9999316930770874|NORM=6.831868813605979e-05
ตอน	O=0.9999995231628418|NORM=4.1464178934802476e-07
แต่	O=0.9999997615814209|NORM=2.6529107799433405e-07
ได้กลิ่น	O=0.9997536540031433|NORM=0.00024636811576783657
ความดีงาม	O=0.9999979734420776|NORM=2.0369102458062116e-06
มากกก	NORM=0.9999693632125854|O=2.9934746635262854e-05
_	O=0.9999996423721313|NORM=3.663558914013265e-07
ไม่	O=0.9999997615814209|NORM=2.1326496835172293e-07
ค่อย	O=0.9999991655349731|NORM=7.953989324960276e-07
ได้	O=0.9999997615814209|NORM=2.3656605208088877e-07
อ่าน	O=0.9999997615814209|NORM=2.4211556137743173e-07
ฟิค	NORM=0.9999111890792847|O=8.876886568032205e-05
ไทย	O=0.9999971389770508|NORM=2.803686584229581e-06
แต่	O=0.9999996423721313|NORM=2.997435899487755e-07
เรื่อง	O=0.9999997615814209|NORM=2.312495865908204e-07
นี้	O=0.9999974966049194|NORM=2.5507422378723277e-06
ดี	O=0.9999994039535522|NORM=5.542246981349308e-07
มากก	NORM=0.9999711513519287|O=2.8549877242767252e-05
_	O=0.9999994039535522|NORM=5.857940550413332e-07
แนะนำ	O=0.9999997615814209|NORM=2.5319130259049416e-07
_	O=0.9999996423721313|NORM=3.690560390623432e-07
ชอบบบ	NORM=0.9999598264694214|O=3.9847178413765505e-05
_	O=0.9999995231628418|NORM=3.936204961973999e-07
ไม่	O=0.9999997615814209|NORM=2.2424426049383328e-07
รู้	O=0.9999996423721313|NORM=4.14597167264219e-07
จะ	O=0.9999997615814209|NORM=2.384189770054945e-07
อวย	O=0.9999974966049194|NORM=2.484455308149336e-06
ยังไง	NORM=0.9998347759246826|O=0.00016514163871761411
_	O=0.9999996423721313|NORM=3.526330090153351e-07
แต่	O=0.9999997615814209|NORM=2.435316446280922e-07
ชอบ	O=0.9999997615814209|NORM=2.9388189659584896e-07
อะ	O=0.999967098236084|NORM=3.287129584350623e-05
_	O=0.9999995231628418|NORM=3.7252422657729767e-07
ตลก	O=0.9999995231628418|NORM=5.092434207654151e-07
และ	O=0.9999994039535522|NORM=5.189476723899134e-07
ได้	O=0.9999997615814209|NORM=2.061239854356245e-07
สาระ	O=0.9999948740005493|NORM=5.15915735377348e-06
ด้วย	O=0.9999997615814209|NORM=2.3196390941393474e-07
_	O=0.9999995231628418|NORM=4.2188619886474044e-07
ชอบ	O=0.9999996423721313|NORM=3.156920627134241e-07
คาแรคเตอร์	NORM=0.99997878074646|O=2.114292510668747e-05
ลาเต้	O=0.9999949932098389|NORM=5.0522826313681435e-06
อ่ะ	NORM=0.9998747110366821|O=0.00012531946413218975
_	O=0.9999996423721313|NORM=3.101746983702469e-07
เด็ก	O=0.9999997615814209|NORM=1.9799227857220103e-07
ม.	O=0.9999544620513916|NORM=4.553149119601585e-05
ปลาย	O=0.9999997615814209|NORM=2.592121290945215e-07
กรุบๆ	NORM=0.9999699592590332|O=3.0051582143642008e-05
_	O=0.9999995231628418|NORM=4.6059250280450215e-07
ส่วน	O=0.9999997615814209|NORM=1.9932794259602815e-07
พี่	O=0.9999992847442627|NORM=6.695913725707214e-07
กาแฟ	O=0.9999986886978149|NORM=1.317375904363871e-06
น่ารักกก	NORM=0.9999717473983765|O=2.797929846565239e-05
_	O=0.9999994039535522|NORM=5.631737280964444e-07
ฮือออ	NORM=0.9999790191650391|O=2.0722702174680308e-05
_	O=0.9999996423721313|NORM=3.3298442758677993e-07
เดี๋ยว	O=0.9999995231628418|NORM=4.99879263315961e-07
อ่าน	O=0.9999997615814209|NORM=2.5089318000937055e-07
จบ	O=0.9999997615814209|NORM=2.268975265451445e-07
แล้ว	O=0.9999997615814209|NORM=2.4673033749422757e-07
จะ	O=0.9999997615814209|NORM=2.2426863210966985e-07
มา	O=0.9999997615814209|NORM=2.5251972601836314e-07
รีวิว	O=0.9999995231628418|NORM=4.1433742126173456e-07
ให้	O=0.9999997615814209|NORM=1.865550416368933e-07
ชม	O=0.9999997615814209|NORM=2.8229158033354906e-07
อีก	O=0.9999997615814209|NORM=1.9574028442548297e-07
ที	O=0.9999997615814209|NORM=2.593689032437396e-07
นะ	O=0.9999979734420776|NORM=2.0598008632077836e-06
คะ	O=0.999352753162384|NORM=0.000647195556666702
_	O=0.9999991655349731|NORM=7.704236395511543e-07
#	O=0.9999974966049194|NORM=2.5065571662707953e-06
คุณครับรับกาแฟมั้ย	O=0.9721053242683411|NORM=0.027894677594304085

ความคิด	O=0.9999996423721313|NORM=3.5429314948487445e-07
เป็น	O=0.9999996423721313|NORM=2.82831280173923e-07
สิ่ง	O=0.9999992847442627|NORM=7.107514079507382e-07
น่ากลัว	O=0.9999992847442627|NORM=7.425319381582085e-07
_	O=0.9999996423721313|NORM=4.0245458876597695e-07
เพราะ	O=0.9999997615814209|NORM=2.8762630677192647e-07
หาก	O=0.9999997615814209|NORM=2.6024201815744163e-07
เมื่อไหร่	NORM=0.9999301433563232|O=6.990976544329897e-05
ที่	O=0.9999994039535522|NORM=5.811006644762529e-07
เรา	O=0.9999995231628418|NORM=4.3778700842267426e-07
ไม่	O=0.9999996423721313|NORM=3.0307592169265263e-07
สามารถ	O=0.9999994039535522|NORM=5.876007094229863e-07
ควบคุม	O=0.9999988079071045|NORM=1.1659379879347398e-06
มัน	O=0.9999995231628418|NORM=4.0656527744431514e-07
ได้	O=0.9999996423721313|NORM=2.926637989730807e-07
แล้ว	O=0.9999996423721313|NORM=3.1599265071236005e-07
_	O=0.9999995231628418|NORM=4.6128613462315116e-07
มัน	O=0.9999997615814209|NORM=2.534655152430787e-07
นั้นเหละ	O=0.9982274174690247|NORM=0.001772649004124105
จะ	O=0.9999997615814209|NORM=2.3293019069114962e-07
เป็น	O=0.9999996423721313|NORM=2.882036653772957e-07
ตัว	O=0.9999996423721313|NORM=3.373046695287485e-07
ควบคุม	O=0.9999992847442627|NORM=7.503688834731292e-07
เรา	O=0.9999996423721313|NORM=3.971230171373463e-07
_	O=0.9999995231628418|NORM=4.034598077851115e-07
ความคิด	O=0.9999997615814209|NORM=2.6944056230604474e-07
มี	O=0.9999997615814209|NORM=2.0784904108950286e-07
อิทธิพล	O=0.9999963045120239|NORM=3.6844103306066245e-06
เป็น	O=0.9999996423721313|NORM=2.933333007604233e-07
ตัวกำหนด	O=0.9999995231628418|NORM=4.2645402231755725e-07
ความสุข	O=0.999998927116394|NORM=1.012266011457541e-06
_	O=0.9999995231628418|NORM=4.4751192262992845e-07
ความทุกข์	O=0.9999995231628418|NORM=4.496689314237301e-07
_	O=0.9999996423721313|NORM=3.4927035130749573e-07
ความเศร้า	O=0.9999994039535522|NORM=5.967152674202225e-07
และ	O=0.9999990463256836|NORM=9.132496074926166e-07
ความเหงา	O=0.999998927116394|NORM=1.0266978733852739e-06
_	O=0.9999996423721313|NORM=3.264928523094568e-07
เช่น	O=0.9999996423721313|NORM=3.0370318881978164e-07
กัน	O=0.9999995231628418|NORM=4.5351566768658813e-07
_	O=0.9999996423721313|NORM=3.2670621408215084e-07
หลาย	O=0.9999996423721313|NORM=3.753379189674888e-07
สิ่ง	O=0.9999995231628418|NORM=4.1803576777965645e-07
หลาย	O=0.9999996423721313|NORM=4.093634515811573e-07
อย่าง	O=0.9999997615814209|NORM=2.9390122335826163e-07
ที่	O=0.9999997615814209|NORM=2.1743164779763902e-07
ยัง	O=0.9999997615814209|NORM=2.8012013331135677e-07
วนเวียน	O=0.9999983310699463|NORM=1.649056343921984e-06
อยู่	O=0.9999997615814209|NORM=2.788912922824238e-07
ใน	O=0.9999996423721313|NORM=3.044647201022599e-07
ความคิด	O=0.9999996423721313|NORM=3.198120168690366e-07
_	O=0.9999996423721313|NORM=3.633170422290277e-07
แม้	O=0.9999997615814209|NORM=2.149202060763855e-07
ปาก	O=0.9999997615814209|NORM=2.900259801208449e-07
จะ	O=0.9999997615814209|NORM=2.572118376065191e-07
บอก	O=0.9999997615814209|NORM=2.6941074793285225e-07
ไม่เป็นไร	O=0.9999983310699463|NORM=1.6934257018874632e-06
_	O=0.9999996423721313|NORM=3.8543009850400267e-07
ไม่	O=0.9999997615814209|NORM=2.3859661268943455e-07
คิด	O=0.9999997615814209|NORM=2.7519612899595813e-07
_	O=0.9999995231628418|NORM=4.154920532073447e-07
แต่	O=0.9999997615814209|NORM=2.7027152782466146e-07
นั้นเหละ	O=0.9919673800468445|NORM=0.008032625541090965
แสดง	O=0.9999996423721313|NORM=3.1882780149317114e-07
ว่า	O=0.9999997615814209|NORM=2.5573302764314576e-07
เรา	O=0.9999997615814209|NORM=2.6753630777420767e-07
กำลัง	O=0.9999997615814209|NORM=2.3207209665088158e-07
คิด	O=0.9999996423721313|NORM=3.5726776559386053e-07
!	O=0.9999992847442627|NORM=7.078198223098298e-07

ขอบคุณ	O=0.9999997615814209|NORM=1.8961669923101e-07
_	O=0.9999997615814209|NORM=2.0090412533591007e-07
#OrnBNK48	O=0.9999997615814209|NORM=2.3374664692710212e-07
_	O=0.9999996423721313|NORM=2.7427282134340203e-07
ที่	O=0.9999998807907104|NORM=1.54619328895933e-07
สัมภาษณ์	O=0.9999996423721313|NORM=3.730867206286348e-07
ใน	O=0.9999997615814209|NORM=2.1455302601225412e-07
senpai	O=0.9999994039535522|NORM=6.269710866035894e-07
ว่า	O=0.9999997615814209|NORM=2.2053220050111122e-07
ถ้า	O=0.9999997615814209|NORM=2.2492149298614095e-07
ไม่	O=0.9999996423721313|NORM=3.6468617281570914e-07
ได้	O=0.9999996423721313|NORM=3.2984752351694624e-07
เป็น	O=0.9999997615814209|NORM=2.3960768658071174e-07
_	O=0.9999997615814209|NORM=2.593041017462383e-07
#BNK48	O=0.9999996423721313|NORM=3.803762922416354e-07
_	O=0.9999997615814209|NORM=2.472919220508629e-07
ก็	O=0.9999997615814209|NORM=1.8625763686941355e-07
จะ	O=0.9999997615814209|NORM=1.9941235507303645e-07
หา	O=0.9999997615814209|NORM=2.7576570005294343e-07
งาน	O=0.9999996423721313|NORM=2.976788380237849e-07
อื่น	O=0.9999996423721313|NORM=3.5865679137714324e-07
_	O=0.9999996423721313|NORM=3.1369810926662467e-07
จน	O=0.9999997615814209|NORM=2.2000052979365137e-07
ทำให้	O=0.9999997615814209|NORM=2.152116564957396e-07
เรา	O=0.9999997615814209|NORM=2.875653990486171e-07
ได้	O=0.9999997615814209|NORM=2.3551324090931303e-07
พบ	O=0.9999996423721313|NORM=3.1305972925110837e-07
คน	O=0.9999994039535522|NORM=5.449832656267972e-07
ที่	O=0.9999997615814209|NORM=2.481253602582001e-07
จะ	O=0.9999997615814209|NORM=2.6277760412085627e-07
มา	O=0.9999997615814209|NORM=2.943404808775085e-07
เป็น	O=0.9999996423721313|NORM=2.901454365655809e-07
คามิโอชิ	O=0.9999756813049316|NORM=2.4314242182299495e-05
555	O=0.999998927116394|NORM=1.0398470067229937e-06
_	O=0.9999996423721313|NORM=3.0575404252886074e-07
อร	O=0.999998927116394|NORM=1.1026255606338964e-06
เป็น	O=0.9999997615814209|NORM=2.429250685054285e-07
คน	O=0.9999995231628418|NORM=4.40211465502216e-07
ที่	O=0.9999997615814209|NORM=2.3136693982905854e-07
ไม่ว่า	O=0.9999991655349731|NORM=8.110898193081084e-07
จะ	O=0.9999997615814209|NORM=2.4313666813213786e-07
ไป	O=0.9999996423721313|NORM=3.485326658392296e-07
จับ	O=0.9999996423721313|NORM=3.007428972523485e-07
มือ	O=0.9999994039535522|NORM=5.74695548039017e-07
กี่	O=0.9999986886978149|NORM=1.2556663477880647e-06
ครั้ง	O=0.9999996423721313|NORM=3.6672153669314866e-07
_	O=0.9999995231628418|NORM=3.833328889868426e-07
ก็	O=0.9999997615814209|NORM=2.1141087813703052e-07
ทำให้	O=0.9999997615814209|NORM=2.666381817562069e-07
เรา	O=0.9999996423721313|NORM=3.6096409417041286e-07
ประทับใจ	O=0.9999995231628418|NORM=4.4195422788106953e-07
มากๆ	NORM=0.9999167919158936|O=7.894241571193561e-05
เสมอ	O=0.9999995231628418|NORM=4.6700148459422053e-07
_	O=0.9999996423721313|NORM=2.8448846478568157e-07
อร	O=0.9999990463256836|NORM=9.90117428045778e-07
ใส่ใจ	O=0.9999995231628418|NORM=5.296728318171517e-07
ทุก	O=0.9999979734420776|NORM=2.04852858587401e-06
คน	O=0.9999992847442627|NORM=6.849990654700377e-07
มากๆ	NORM=0.9999619722366333|O=3.649132122518495e-05
_	O=0.9999994039535522|NORM=5.043849000685441e-07
เป็น	O=0.9999997615814209|NORM=2.1113423542828968e-07
คน	O=0.9999994039535522|NORM=5.358468229132995e-07
ที่	O=0.9999997615814209|NORM=2.1220775181518547e-07
ทำให้	O=0.9999997615814209|NORM=2.3147154593061714e-07
เรา	O=0.9999996423721313|NORM=3.689860363920161e-07
รู้สึก	O=0.9999995231628418|NORM=4.109738540591934e-07
ว่า	O=0.9999997615814209|NORM=2.6816468334800447e-07
คิด	O=0.9999996423721313|NORM=2.969059380575345e-07
ไม่	O=0.9999996423721313|NORM=3.1402078093378805e-07
ผิด	O=0.9999995231628418|NORM=4.709582981377025e-07
ที่	O=0.9999997615814209|NORM=2.3532464865638758e-07
รัก	O=0.9999996423721313|NORM=3.3668374044282245e-07
ผู้หญิง	O=0.9999992847442627|NORM=7.635961196683638e-07
คน	O=0.9999995231628418|NORM=5.24104848409479e-07
นี้	O=0.9999995231628418|NORM=4.1939861716855376e-07
มา	O=0.9999997615814209|NORM=2.0260134192540136e-07
ตลอด	O=0.9999997615814209|NORM=2.1689152163162362e-07
กว่า	O=0.9999997615814209|NORM=2.4474209681102366e-07
ครึ่ง	O=0.9999997615814209|NORM=2.688791767013754e-07
ปี	O=0.9999997615814209|NORM=2.0247230736458732e-07
_	O=0.9999997615814209|NORM=2.1598887656182342e-07
#6mOrniversary	O=0.9999996423721313|NORM=3.132066410671541e-07

สุขสันต์วันเกิด	O=0.9999978542327881|NORM=2.189190126955509e-06
นะ	O=0.9999994039535522|NORM=5.659055091200571e-07
คนเก่ง	O=0.9999990463256836|NORM=9.623171308703604e-07
ของ	O=0.9999995231628418|NORM=5.146505372977117e-07
หม่ามี๊	O=0.9980732202529907|NORM=0.0019267492461949587
_	O=0.9999994039535522|NORM=5.299460781316156e-07
เก่ง	O=0.9999996423721313|NORM=3.609324323861074e-07
ที่สุด	O=0.9999995231628418|NORM=5.066643211648625e-07
เลย	O=0.9999995231628418|NORM=4.232866785969236e-07
_	O=0.9999996423721313|NORM=3.6794415336771635e-07
พยายาม	O=0.9999996423721313|NORM=2.9845458016097837e-07
ได้	O=0.9999997615814209|NORM=2.4882962179617607e-07
ดี	O=0.9999983310699463|NORM=1.6940459772740724e-06
มาก	O=0.9999992847442627|NORM=6.995961143729801e-07
_	O=0.9999995231628418|NORM=4.0904149045672966e-07
อย่า	O=0.9999997615814209|NORM=1.8549593505667872e-07
หักโหม	O=0.9999960660934448|NORM=3.95531287722406e-06
มาก	O=0.9999995231628418|NORM=4.692515460646973e-07
นะ	O=0.9999996423721313|NORM=3.2850113029780914e-07
_	O=0.9999995231628418|NORM=4.232087462696654e-07
หม่ามี๊	O=0.9991433620452881|NORM=0.0008566170581616461
เป็นห่วง	O=0.9999994039535522|NORM=5.971427299300558e-07
_	O=0.9999996423721313|NORM=3.0864063660374086e-07
กิน	O=0.9999997615814209|NORM=1.9540718199095863e-07
ขนม	O=0.9999995231628418|NORM=5.03466083046078e-07
เยอะๆ	O=0.9786149263381958|NORM=0.021385006606578827
_	O=0.9999996423721313|NORM=3.623751183567947e-07
ได้	O=0.9999997615814209|NORM=1.735842118932851e-07
แรป	NORM=0.9966715574264526|O=0.0033283699303865433
ได้	O=0.9999997615814209|NORM=1.8803490320351557e-07
ทำงาน	O=0.9999995231628418|NORM=5.256501367512101e-07
แบบ	O=0.9999997615814209|NORM=2.735153259436629e-07
ที่	O=0.9999997615814209|NORM=2.627821231726557e-07
ฝัน	O=0.9999994039535522|NORM=5.400593181548174e-07
ไว้	O=0.9999979734420776|NORM=2.0638867681554984e-06
_	O=0.9999996423721313|NORM=3.8587364770137356e-07
มี	O=0.9999997615814209|NORM=2.1051498322322004e-07
ความสุข	O=0.9999996423721313|NORM=3.9230030779435765e-07
กับ	O=0.9999995231628418|NORM=4.5843992779737164e-07
ทุกๆ	O=0.9817204475402832|NORM=0.018278714269399643
วัน	O=0.9999995231628418|NORM=4.874937076237984e-07
นะ	O=0.9999996423721313|NORM=3.569054172203323e-07
ยัยหนู	NORM=0.9857383966445923|O=0.014261601492762566
_	O=0.9999995231628418|NORM=4.3612845956886304e-07
ขอ	O=0.9999997615814209|NORM=2.0499872732671065e-07
ให้	O=0.9999997615814209|NORM=2.1579739950539079e-07
หนู	O=0.9999991655349731|NORM=8.005700351532141e-07
รัก	O=0.9999991655349731|NORM=8.215677098633023e-07
ตัวเอง	O=0.9999997615814209|NORM=2.3964011575117183e-07
ให้	O=0.9999996423721313|NORM=2.848096016805357e-07
มากๆ	NORM=0.9999351501464844|O=6.475230475189164e-05
เหมื่อน	NORM=0.9839441776275635|O=0.016055883839726448
ที่	O=0.9999996423721313|NORM=3.6600286534849147e-07
คนรอบตัว	O=0.9999996423721313|NORM=3.139524835660268e-07
รัก	O=0.9999995231628418|NORM=4.4595606141228927e-07
หนู	O=0.9999996423721313|NORM=3.607916596592986e-07
น้า	NORM=0.991251528263092|O=0.008748448453843594
_	O=0.9999996423721313|NORM=3.731158813025104e-07
หม่ามี๊	O=0.9995998740196228|NORM=0.0004001513298135251
ภูมิใจ	O=0.9999995231628418|NORM=4.330086085246876e-07
ใน	O=0.9999997615814209|NORM=2.2101329477663967e-07
ตัว	O=0.9999997615814209|NORM=2.063436710386668e-07
หนู	O=0.9999996423721313|NORM=3.4601762877173314e-07
ที่สุด	O=0.9999995231628418|NORM=5.303233479025948e-07
_	O=0.9999995231628418|NORM=3.91102986441183e-07
Always	O=0.9999996423721313|NORM=3.203046787803032e-07
_	O=0.9999994039535522|NORM=5.704962973140937e-07
by	O=0.9999997615814209|NORM=2.1781829673273023e-07
_	O=0.9999991655349731|NORM=7.2883136681412e-07
your	O=0.9999997615814209|NORM=2.841208583959087e-07
_	O=0.9999992847442627|NORM=6.662135660917556e-07
side	O=0.9999997615814209|NORM=2.616378367292782e-07
_	O=0.9999991655349731|NORM=6.846385076642036e-07
#HAPPY	O=0.9999994039535522|NORM=5.707803438781411e-07
TAEYONG	O=0.9999853372573853|NORM=1.4702426597068552e-05
DAY	O=0.9999995231628418|NORM=4.409021698847937e-07

ดู	O=0.9999996423721313|NORM=3.502637184737978e-07
เรื่อง	O=0.9999996423721313|NORM=3.344133290283935e-07
_	O=0.9999990463256836|NORM=8.820692869448976e-07
Miseang	O=0.999996542930603|NORM=3.4667798445298104e-06
_	O=0.9999992847442627|NORM=6.48867001018516e-07
แล้ว	O=0.9999997615814209|NORM=2.0358019980903919e-07
อยาก	O=0.9999997615814209|NORM=2.4655085439917457e-07
รีวิว	O=0.9999994039535522|NORM=5.661057684847037e-07
_	O=0.9999996423721313|NORM=3.5210672422181233e-07
เป็น	O=0.9999997615814209|NORM=2.0783039644811652e-07
อีก	O=0.9999994039535522|NORM=5.443645818559162e-07
ซีรีส์	O=0.9999963045120239|NORM=3.638753469203948e-06
ที่	O=0.9999997615814209|NORM=2.772952711893595e-07
ประทับใจ	O=0.9999994039535522|NORM=6.29444798505574e-07
มากกกก	NORM=0.9999581575393677|O=4.1295897972304374e-05
_	O=0.9999996423721313|NORM=2.938400598395674e-07
ดำเนิน	O=0.9999997615814209|NORM=2.1818065931711317e-07
เรื่อง	O=0.9999997615814209|NORM=2.1412499506823224e-07
ไม่	O=0.9999997615814209|NORM=1.8210737096069352e-07
หวือหวา	O=0.9999959468841553|NORM=4.1085695556830615e-06
_	O=0.9999996423721313|NORM=3.118273070867872e-07
แต่	O=0.9999997615814209|NORM=2.0930666266849585e-07
เนื้อหา	O=0.9999995231628418|NORM=4.2528066046543245e-07
ดี	O=0.9999997615814209|NORM=1.943791545500062e-07
จน	O=0.9999997615814209|NORM=1.78237655745761e-07
ได้	O=0.9999998807907104|NORM=1.6986680861919012e-07
รางวัล	O=0.9999997615814209|NORM=2.6490201321394125e-07
_	O=0.9999997615814209|NORM=2.653044930411852e-07
เริ่ม	O=0.9999997615814209|NORM=2.0577496684381913e-07
จาก	O=0.9999997615814209|NORM=1.9433244347055734e-07
พระเอก	O=0.9999974966049194|NORM=2.5404028747288976e-06
ไม่	O=0.9999986886978149|NORM=1.3163461289877887e-06
จบ	O=0.9999995231628418|NORM=5.136365643920726e-07
ป.	O=0.9999843835830688|NORM=1.5557807273580693e-05
ตรี	O=0.9999983310699463|NORM=1.6708323755665333e-06
_	O=0.9999997615814209|NORM=2.553348394940258e-07
มี	O=0.9999998807907104|NORM=1.6722368911814556e-07
แค่	O=0.9999996423721313|NORM=3.3128759469036595e-07
วุฒิ	O=0.9999984502792358|NORM=1.5323358866226044e-06
เทียบเท่า	O=0.9999991655349731|NORM=8.185926390069653e-07
ม.	O=0.9995009899139404|NORM=0.0004989584558643401
ปลาย	O=0.999998927116394|NORM=1.0528470966164605e-06
และ	O=0.9999994039535522|NORM=5.609160211861308e-07
ทักษะ	O=0.9999995231628418|NORM=4.2935994315485004e-07
การเล่น	O=0.9999992847442627|NORM=7.604799066029955e-07
หมากล้อม	O=0.9999958276748657|NORM=4.214006821712246e-06
_	O=0.9999996423721313|NORM=2.967661032471369e-07
แต่	O=0.9999997615814209|NORM=1.9236280479617562e-07
ความเพียร	O=0.9999983310699463|NORM=1.6263848010567017e-06
และ	O=0.9999958276748657|NORM=4.15846716350643e-06
ความสามารถ	O=0.9999996423721313|NORM=3.401921162549115e-07
ที่	O=0.9999997615814209|NORM=1.9396546235839196e-07
มี	O=0.9999997615814209|NORM=1.9467634615466523e-07
ทำให้	O=0.9999997615814209|NORM=1.732603891468898e-07
ถูก	O=0.9999997615814209|NORM=1.760566732400548e-07
ฝาก	O=0.9999997615814209|NORM=2.6158917876273335e-07
เข้า	O=0.9999997615814209|NORM=1.772031055224943e-07
ไป	O=0.9999997615814209|NORM=2.660996472059196e-07
อยู่	O=0.9999997615814209|NORM=1.935222115889701e-07
ใน	O=0.9999996423721313|NORM=2.9783359423163347e-07
บริษัท	O=0.9999991655349731|NORM=8.147001153702149e-07
การค้า	O=0.9999986886978149|NORM=1.3475828382070176e-06
ยักษ์ใหญ่	O=0.9999994039535522|NORM=5.921856427448802e-07
ของ	O=0.9999996423721313|NORM=3.6717787565976323e-07
ปท.	NORM=0.9939122200012207|O=0.006087828427553177
(	O=0.999998927116394|NORM=1.0042430176326889e-06
1	O=0.9999996423721313|NORM=3.952180520627735e-07
)	O=0.9999992847442627|NORM=6.259905376282404e-07
_	O=0.9999995231628418|NORM=4.1277402829109633e-07
#รีวิว	O=0.999998927116394|NORM=1.1018287295883056e-06
netflix	O=0.9999957084655762|NORM=4.202231593808392e-06

sudaratofficial	O=0.9999988079071045|NORM=1.1399091590647004e-06
_	O=0.9999997615814209|NORM=2.1670274463758687e-07
ดีใจ	O=0.9999988079071045|NORM=1.1910199191333959e-06
ที่	O=0.9999997615814209|NORM=2.3545867122720665e-07
ได้	O=0.9999997615814209|NORM=2.151295888097593e-07
พบ	O=0.9999996423721313|NORM=3.616880519530241e-07
นะ	O=0.9999994039535522|NORM=6.248150725696178e-07
ครับ	O=0.999998927116394|NORM=1.1060799351980677e-06
_	O=0.9999996423721313|NORM=3.1401117439600057e-07
(	O=0.9999996423721313|NORM=2.863489214632864e-07
เป็น	O=0.9999996423721313|NORM=2.603835014269862e-07
วันเกิด	O=0.9999994039535522|NORM=6.086648909331416e-07
ภรรยา	O=0.9999996423721313|NORM=3.102587129433232e-07
ด้วย	O=0.9999996423721313|NORM=3.091691382905992e-07
)	O=0.9999996423721313|NORM=3.327444346723496e-07
_	O=0.9999997615814209|NORM=2.1003852168632875e-07
ผม	O=0.9999997615814209|NORM=2.5103676648541295e-07
และ	O=0.9999996423721313|NORM=3.5975577361568867e-07
ครอบครัว	O=0.9999997615814209|NORM=2.629027164857689e-07
เป็น	O=0.9999996423721313|NORM=3.247975257636426e-07
กำลังใจ	O=0.9999995231628418|NORM=4.3087561607535463e-07
ให้	O=0.9999997615814209|NORM=2.7806802904706274e-07
ท่าน	O=0.9999997615814209|NORM=2.206119233960635e-07
_	O=0.9999995231628418|NORM=4.017799710709369e-07
จริงๆ	NORM=0.9526951909065247|O=0.04730480536818504
มี	O=0.9999992847442627|NORM=6.804849022046255e-07
อะไร	O=0.9999994039535522|NORM=5.98502538196044e-07
อยาก	O=0.9999996423721313|NORM=3.322786028547853e-07
จะ	O=0.9999997615814209|NORM=2.596265176180168e-07
พูด	O=0.9999996423721313|NORM=3.1198854344438587e-07
กับ	O=0.9999996423721313|NORM=3.836562427750323e-07
ท่าน	O=0.9999997615814209|NORM=2.5379011958648334e-07
มากมาย	O=0.9999990463256836|NORM=9.923541028911131e-07
_	O=0.9999996423721313|NORM=3.6698813232760585e-07
แต่	O=0.9999996423721313|NORM=2.966597207887389e-07
เห็น	O=0.9999997615814209|NORM=2.7565766913539846e-07
ว่า	O=0.9999997615814209|NORM=2.522179158859217e-07
เป็น	O=0.9999996423721313|NORM=2.9988768801558763e-07
เวลา	O=0.9999996423721313|NORM=3.9683754948782735e-07
ส่วนตัว	O=0.9999996423721313|NORM=3.5481625104694103e-07
จึง	O=0.9999995231628418|NORM=4.3865625798389374e-07
ไม่	O=0.9999997615814209|NORM=2.5242053425245103e-07
อยาก	O=0.9999996423721313|NORM=3.1137088285504433e-07
รบกวน	O=0.9999992847442627|NORM=6.948963005015685e-07
_	O=0.9999995231628418|NORM=4.05266888492406e-07
ขอ	O=0.9999997615814209|NORM=1.6652867884658917e-07
อวยพร	O=0.9999983310699463|NORM=1.652097580517875e-06
ให้	O=0.9999997615814209|NORM=2.081443852830489e-07
ท่าน	O=0.9999997615814209|NORM=2.2284382339421427e-07
,	O=0.9999986886978149|NORM=1.3025162388657918e-06
_	O=0.9999996423721313|NORM=2.9559052450167655e-07
ครอบครัว	O=0.9999997615814209|NORM=2.6103046479875047e-07
_	O=0.9999995231628418|NORM=3.8291088344521995e-07
และ	O=0.9999995231628418|NORM=4.128937405312172e-07
ทีมงาน	O=0.9999997615814209|NORM=2.808297949741245e-07
สามารถ	O=0.9999996423721313|NORM=2.8803469831473194e-07
สร้าง	O=0.9999994039535522|NORM=5.027343945585017e-07
พลัง	O=0.9999792575836182|NORM=2.0733916244353168e-05
แง่	O=0.9999996423721313|NORM=4.089818617103447e-07
บวก	O=0.9999996423721313|NORM=3.0656835292575124e-07
เพื่อ	O=0.9999996423721313|NORM=3.361434721682599e-07
การเปลี่ยนแปลง	O=0.9999996423721313|NORM=3.7984446521477366e-07
ประเทศ	O=0.9999995231628418|NORM=5.139883114679833e-07
ไทย	O=0.9999985694885254|NORM=1.3767312339041382e-06
ให้	O=0.9999997615814209|NORM=2.2666567645046598e-07
เดิน	O=0.9999997615814209|NORM=2.461333963310608e-07
ไป	O=0.9999996423721313|NORM=3.5005868426196685e-07
ข้างหน้า	O=0.9999996423721313|NORM=3.131797825517424e-07
ได้	O=0.9999997615814209|NORM=2.240446121959394e-07
ครับ	O=0.999998927116394|NORM=1.0759825954664848e-06
_	O=0.9999996423721313|NORM=3.134412338567927e-07
at	O=0.9999997615814209|NORM=2.117452311267698e-07
_	O=0.9999997615814209|NORM=2.4035423962232016e-07
Quartier	O=0.9999986886978149|NORM=1.2551035979413427e-06
CineArt	O=0.9999990463256836|NORM=8.940393740886066e-07
_	O=0.9999996423721313|NORM=3.589911443668825e-07
(	O=0.9999996423721313|NORM=2.9120104727553553e-07
ควอเทียร์	O=0.998485267162323|NORM=0.001514630508609116
ซีเนอาร์ต	O=0.9998911619186401|NORM=0.00010880805348278955
)	O=0.9999996423721313|NORM=3.4490278721932555e-07

ลืม	O=0.9999995231628418|NORM=5.187874307921447e-07
รีวิว	O=0.9999995231628418|NORM=5.104580509396328e-07
_	O=0.9999996423721313|NORM=3.1356648833025247e-07
ช่วง	O=0.9999997615814209|NORM=2.7242015221418114e-07
นี้	O=0.9999997615814209|NORM=2.276619994745488e-07
ใคร	O=0.9999996423721313|NORM=3.424701162657584e-07
ใกล้	O=0.9999996423721313|NORM=3.7946503539387777e-07
รับ	O=0.9999997615814209|NORM=2.2978964864250884e-07
ปรญ	NORM=0.9986982345581055|O=0.001301694312132895
และ	O=0.9999990463256836|NORM=8.964299809122167e-07
กลัว	O=0.9999995231628418|NORM=4.3001682570320554e-07
มี	O=0.9999997615814209|NORM=2.525775357753446e-07
ปัญหา	O=0.9999996423721313|NORM=3.5197444958612323e-07
เรื่อง	O=0.9999997615814209|NORM=2.1825891849402979e-07
รองเท้าคัชชู	O=0.9999992847442627|NORM=7.195123430392414e-07
กัด	O=0.9999996423721313|NORM=2.9834359338565264e-07
_	O=0.9999996423721313|NORM=3.4032095186375955e-07
แนะนำ	O=0.9999997615814209|NORM=2.0053373361861304e-07
ให้	O=0.9999998807907104|NORM=1.6198187324789615e-07
ซื้อ	O=0.9999997615814209|NORM=2.0988773030694574e-07
อัน	O=0.9999997615814209|NORM=2.899933519984188e-07
นี้	O=0.9999992847442627|NORM=7.626594538123754e-07
ไว้	O=0.9999995231628418|NORM=4.5417704086503363e-07
เลย	O=0.9999996423721313|NORM=3.5396456610214955e-07
_	O=0.9999996423721313|NORM=3.867110081046121e-07
เพราะ	O=0.9999997615814209|NORM=2.4494150352438737e-07
มัน	O=0.9999995231628418|NORM=4.5869794007558085e-07
ช่วย	O=0.9999997615814209|NORM=2.942380206150119e-07
ได้	O=0.9999997615814209|NORM=2.575839630480914e-07
ดี	O=0.9999996423721313|NORM=3.1463048344448907e-07
มากๆๆๆ	NORM=0.9999687671661377|O=3.107155134784989e-05
_	O=0.9999996423721313|NORM=3.353756312662881e-07
4	O=0.9999997615814209|NORM=2.5225256194971735e-07
_	O=0.9999996423721313|NORM=3.4856159913942975e-07
วัน	O=0.9999997615814209|NORM=2.0656125343521126e-07
ที่	O=0.9999997615814209|NORM=2.033159347547553e-07
เรา	O=0.9999997615814209|NORM=2.610924525470182e-07
ใส่	O=0.9999997615814209|NORM=2.7219965659242007e-07
ซ้อม	O=0.9999991655349731|NORM=8.192376981241978e-07
กับ	O=0.9999847412109375|NORM=1.5206752323138062e-05
รับ	O=0.9999997615814209|NORM=2.481961303146818e-07
จริง	O=0.9999996423721313|NORM=3.359870959229738e-07
_	O=0.9999996423721313|NORM=2.9993518069204583e-07
เรา	O=0.9999997615814209|NORM=2.1289818619152356e-07
ไม่	O=0.9999997615814209|NORM=2.400431640126044e-07
มี	O=0.9999997615814209|NORM=2.5312948537248303e-07
ปัญหา	O=0.9999996423721313|NORM=3.4609951171660214e-07
เรื่อง	O=0.9999997615814209|NORM=2.0349905582861538e-07
รองเท้า	O=0.9999996423721313|NORM=3.302721722775459e-07
กัด	O=0.9999996423721313|NORM=3.226925002763892e-07
เลย	O=0.9999997615814209|NORM=2.5814836135396035e-07
_	O=0.9999996423721313|NORM=3.6527615066006547e-07
ในขณะที่	O=0.9999961853027344|NORM=3.787866944549023e-06
เพื่อน	O=0.9999995231628418|NORM=4.2512698428254225e-07
เรา	O=0.9999997615814209|NORM=2.3178434105375345e-07
เป็น	O=0.9999997615814209|NORM=2.2252505971209757e-07
แผล	O=0.9999992847442627|NORM=7.000820119174023e-07
กัน	O=0.9999988079071045|NORM=1.2260175026312936e-06
ใหญ่	O=0.9999997615814209|NORM=2.790833946164639e-07
_	O=0.9999996423721313|NORM=2.9269281753840914e-07
ใคร	O=0.9999997615814209|NORM=2.0060967642621108e-07
ใกล้	O=0.9999997615814209|NORM=2.9100786491653707e-07
จะ	O=0.9999997615814209|NORM=2.3918713054627005e-07
รับ	O=0.9999997615814209|NORM=2.1217820744823257e-07
คือ	O=0.9999996423721313|NORM=3.244368542709708e-07
แนะนำ	O=0.9999997615814209|NORM=2.2418994660711178e-07
นะ	O=0.9999994039535522|NORM=5.974840178168961e-07
มัน	O=0.9999995231628418|NORM=4.0654666122463823e-07
ดี	O=0.9999997615814209|NORM=2.7783079303844715e-07
จิงๆๆๆ	NORM=0.9999768733978271|O=2.2948175683268346e-05
_	O=0.9999995231628418|NORM=4.011321834695991e-07
#ไว้รีวิวห้ามขายของ	O=0.9999994039535522|NORM=6.01537635702698e-07
โว้ยย	NORM=0.9999548196792603|O=4.515529872151092e-05
_	O=0.9999996423721313|NORM=3.807297446201119e-07
#รับปริญญา	O=0.9999994039535522|NORM=5.499206281456281e-07

ขอ	O=0.9999997615814209|NORM=2.815613413531537e-07
ทดลอง	O=0.999995231628418|NORM=4.774582976097008e-06
แท็ก	O=0.9999967813491821|NORM=3.2405794172518654e-06
ด้วย	O=0.9999996423721313|NORM=3.582872523111291e-07
คลิป	O=0.9999996423721313|NORM=3.910325574452145e-07
ประทับใจ	O=0.9999970197677612|NORM=3.0164360396156553e-06
ที่	O=0.9999996423721313|NORM=3.5513613738658023e-07
ชอบ	O=0.9999996423721313|NORM=3.6607997344617615e-07
มาก	O=0.9999994039535522|NORM=6.215125267772237e-07
_	O=0.9999996423721313|NORM=3.2458572718496725e-07
การเข้าแถว	O=0.9999996423721313|NORM=4.0465678807777294e-07
จับ	O=0.9999996423721313|NORM=3.3855380365821475e-07
มือ	O=0.9999996423721313|NORM=4.0826793679116236e-07
_	O=0.9999997615814209|NORM=2.4990836777760705e-07
เป็น	O=0.9999997615814209|NORM=2.444206756990752e-07
วัฒนธรรม	O=0.9999991655349731|NORM=8.574401135774679e-07
ที่	O=0.9999997615814209|NORM=1.906878992485872e-07
บ้าน	O=0.9999995231628418|NORM=5.207950266594708e-07
กัน	O=0.9999997615814209|NORM=2.6645210482456605e-07
ทำ	O=0.9999997615814209|NORM=2.0833346070503467e-07
กัน	O=0.9999997615814209|NORM=2.422411853331141e-07
มา	O=0.9999997615814209|NORM=1.834772120901107e-07
9	O=0.9999997615814209|NORM=2.593844783405075e-07
ปี	O=0.9999997615814209|NORM=2.2032178037534322e-07
แล้ว	O=0.9999997615814209|NORM=2.4374239160351863e-07
_	O=0.9999996423721313|NORM=3.384973012998671e-07
และ	O=0.9999994039535522|NORM=5.994198772896198e-07
ทำ	O=0.9999997615814209|NORM=2.149148770058673e-07
จน	O=0.9999997615814209|NORM=2.322308461089051e-07
หลายๆ	NORM=0.9998830556869507|O=0.00011589346104301512
บ้าน	O=0.9999995231628418|NORM=5.077614559922949e-07
นำ	O=0.9999996423721313|NORM=3.023709496119409e-07
ไป	O=0.9999997615814209|NORM=2.1338033207030094e-07
ทำ	O=0.9999997615814209|NORM=1.9131704220853862e-07
ตาม	O=0.9999997615814209|NORM=2.502331710729777e-07
_	O=0.9999995231628418|NORM=4.2856265736190835e-07
และ	O=0.9999994039535522|NORM=6.156253107292287e-07
ก็	O=0.9999996423721313|NORM=2.8862700673926156e-07
น่ารัก	O=0.9999991655349731|NORM=8.730984291105415e-07
ด้วย	O=0.9999994039535522|NORM=5.489737873176637e-07
_	O=0.9999996423721313|NORM=3.421505141432135e-07
เพราะ	O=0.9999997615814209|NORM=2.21596636151844e-07
เป็น	O=0.9999997615814209|NORM=2.738922546541289e-07
ระเบียบ	O=0.9999988079071045|NORM=1.2446524806364323e-06
สวยงาม	O=0.9999994039535522|NORM=6.496596256511111e-07
_	O=0.9999997615814209|NORM=2.3502904866745666e-07
ทุก	O=0.9999996423721313|NORM=3.151367877762823e-07
คน	O=0.9999996423721313|NORM=3.8692090242875565e-07
ได้	O=0.9999997615814209|NORM=2.594178738490882e-07
โมเม้นท์	NORM=0.9941655397415161|O=0.0058344765566289425
_	O=0.9999996423721313|NORM=2.801040750455286e-07
และ	O=0.9999997615814209|NORM=2.4704488055249385e-07
ไม่	O=0.9999997615814209|NORM=2.0120977239912463e-07
มี	O=0.9999997615814209|NORM=2.1225734769814153e-07
ใคร	O=0.9999997615814209|NORM=2.7293009452478145e-07
ตก	O=0.9999997615814209|NORM=2.8318356726231286e-07
รอบ	O=0.9999994039535522|NORM=5.656454504787689e-07
_	O=0.9999997615814209|NORM=2.3098178303371242e-07
บ้าน	O=0.9999997615814209|NORM=2.4661648012624937e-07
กัน	O=0.9999997615814209|NORM=1.8514951705128624e-07
อยู่	O=0.9999998807907104|NORM=1.640797080426637e-07
แล้ว	O=0.9999996423721313|NORM=2.929410811702837e-07
มี	O=0.9999997615814209|NORM=2.4841659751473344e-07
ความสุข	O=0.9999996423721313|NORM=3.006092583746067e-07
_	O=0.9999996423721313|NORM=3.312478042971634e-07
เจ้าบ้าน	O=0.9999996423721313|NORM=3.9246120309144317e-07
ก็	O=0.9999997615814209|NORM=2.0701816083601443e-07
น่ารัก	O=0.9999996423721313|NORM=4.091253913429682e-07
_	O=0.9999996423721313|NORM=3.363150256063818e-07
ทุก	O=0.9999996423721313|NORM=3.741945420188131e-07
คน	O=0.9999994039535522|NORM=6.153665026431554e-07
ก็	O=0.9999997615814209|NORM=2.901698223922722e-07
น่ารัก	O=0.9999994039535522|NORM=5.643361191687291e-07
_	O=0.9999997615814209|NORM=2.332224937617866e-07
แฮปปี้	NORM=0.9857345819473267|O=0.014265484176576138
ที่	O=0.9999997615814209|NORM=2.2156282852847653e-07
ได้	O=0.9999996423721313|NORM=3.5889425475943426e-07
อยู่	O=0.9999997615814209|NORM=1.9212410506952438e-07
ตรง	O=0.9999996423721313|NORM=3.3822979617070814e-07
นี้	O=0.9999995231628418|NORM=4.978359697815904e-07
_	O=0.9999996423721313|NORM=2.813736443840753e-07
#gunnapat	O=0.9999997615814209|NORM=2.6258922503075155e-07

กู	O=0.9999986886978149|NORM=1.3397177553997608e-06
เคย	O=0.9999988079071045|NORM=1.1843620768559049e-06
สงสัย	O=0.9999992847442627|NORM=6.701234838146775e-07
นะ	O=0.9999986886978149|NORM=1.3089565982227214e-06
เว้ย	O=0.9999347925186157|NORM=6.51820155326277e-05
และ	O=0.9999927282333374|NORM=7.245428150781663e-06
ตอน	O=0.9999992847442627|NORM=6.597939545827103e-07
นี้	O=0.9999991655349731|NORM=8.874441732587002e-07
ยัง	O=0.9999991655349731|NORM=8.613766340204165e-07
สงสัย	O=0.9999988079071045|NORM=1.1467556078059715e-06
_	O=0.9999995231628418|NORM=4.289699120363366e-07
ว่า	O=0.9999996423721313|NORM=3.470738931810047e-07
ทำไม	O=0.9999996423721313|NORM=3.143347555578657e-07
มี	O=0.9999997615814209|NORM=2.354317132358119e-07
แต่	O=0.9999995231628418|NORM=4.99324698921555e-07
คน	O=0.9999996423721313|NORM=3.8718593486919417e-07
อยาก	O=0.9999997615814209|NORM=2.657296533925546e-07
เป็น	O=0.9999997615814209|NORM=2.2553837197847315e-07
นายก	NORM=0.9987624883651733|O=0.0012374847428873181
วะ	O=0.9999988079071045|NORM=1.2094687917851843e-06
_	O=0.9999996423721313|NORM=3.556072272203892e-07
รัก	O=0.9999996423721313|NORM=3.789677691656834e-07
ปรพเทศ	NORM=0.9993264675140381|O=0.0006736070499755442
จริงๆ	NORM=0.9997299313545227|O=0.0002698915486689657
อ่อ	O=0.9935439825057983|NORM=0.006456037517637014
วะ	O=0.9999955892562866|NORM=4.3941008698311634e-06
_	O=0.9999997615814209|NORM=2.3209888411201973e-07
ขนาด	O=0.9999997615814209|NORM=2.409801425073965e-07
ซื้อ	O=0.9999997615814209|NORM=2.5291981842201494e-07
เสียง	O=0.9999996423721313|NORM=3.4109947932847717e-07
กัน	O=0.9999997615814209|NORM=2.890355403906142e-07
เลย	O=0.9999996423721313|NORM=3.0363889891305007e-07
_	O=0.9999996423721313|NORM=3.5985766544399667e-07
!!	O=0.9999992847442627|NORM=6.722390253344201e-07
_	O=0.9999997615814209|NORM=2.579598685770179e-07
มี	O=0.9999997615814209|NORM=2.0840280967604485e-07
ใคร	O=0.9999996423721313|NORM=3.1471392958337674e-07
อยาก	O=0.9999997615814209|NORM=2.3965910145307134e-07
ไป	O=0.9999997615814209|NORM=2.72761212727346e-07
บริหาร	O=0.9999994039535522|NORM=6.177714340083185e-07
ประเทศ	O=0.9999995231628418|NORM=5.191392915548931e-07
กัน	O=0.9999995231628418|NORM=4.1766915614971367e-07
จริงๆ	NORM=0.9997381567955017|O=0.0002618303697090596
โดย	O=0.9999995231628418|NORM=4.6807875264676113e-07
ไม่	O=0.9999997615814209|NORM=2.472070264047943e-07
คิด	O=0.9999996423721313|NORM=3.8957938386374735e-07
คดโกง	O=0.9999955892562866|NORM=4.37654443885549e-06
ป่ะ	NORM=0.9994168281555176|O=0.0005832432070747018
วะ	O=0.9999556541442871|NORM=4.4395277654984966e-05
_	O=0.9999996423721313|NORM=3.437678799400601e-07
กู	O=0.9999988079071045|NORM=1.187746306641202e-06
รัก	O=0.9999990463256836|NORM=8.988312174551538e-07
ชาติ	O=0.9999995231628418|NORM=5.323679488355992e-07
นะ	O=0.9999996423721313|NORM=3.859303205899778e-07
กู	O=0.9999971389770508|NORM=2.86435215457459e-06
รัก	O=0.9999995231628418|NORM=4.739374048767786e-07
ประเทศ	O=0.9999995231628418|NORM=4.441348266936984e-07
ไทย	O=0.9999977350234985|NORM=2.248814780614339e-06
มาก	O=0.9999996423721313|NORM=3.7895620152994525e-07
_	O=0.9999997615814209|NORM=2.853730052265746e-07
แต่	O=0.9999997615814209|NORM=2.4656588948346325e-07
ทำไม	O=0.9999997615814209|NORM=2.8420052444744215e-07
พวก	O=0.9999995231628418|NORM=5.019362561142771e-07
มึง	O=0.9999994039535522|NORM=5.335948571882909e-07
คิด	O=0.9999997615814209|NORM=2.904741052134341e-07
แต่	O=0.9999995231628418|NORM=4.145635159602534e-07
ตัวเอง	O=0.9999994039535522|NORM=6.071604161661526e-07
กัน	O=0.9999994039535522|NORM=6.11230177582911e-07
อ่ะ	NORM=0.9910913109779358|O=0.008908618241548538
_	O=0.9999996423721313|NORM=2.9700308346036763e-07
กู	O=0.9999988079071045|NORM=1.2380608040984953e-06
อยาก	O=0.9999997615814209|NORM=2.786536299481668e-07
หนี	O=0.9999996423721313|NORM=3.025702426384669e-07
ไป	O=0.9999996423721313|NORM=3.3064119975279027e-07
อยู่	O=0.9999997615814209|NORM=2.656675803791586e-07
_	O=0.9999995231628418|NORM=4.199085026357352e-07
ตปท.	O=0.5362369418144226|NORM=0.46376273036003113
_	O=0.9999995231628418|NORM=4.31255870125824e-07
แต่	O=0.9999997615814209|NORM=2.656229867170623e-07
ไม่	O=0.9999997615814209|NORM=2.369548610658967e-07
มี	O=0.9999996423721313|NORM=3.0393354677471507e-07
ตัง	O=0.8722293376922607|NORM=0.12777067720890045
อี	O=0.9999967813491821|NORM=3.2689340514480136e-06
ดอก	O=0.9999978542327881|NORM=2.1183300304983277e-06
_	O=0.9999994039535522|NORM=4.962801085639512e-07
#ThailandElection2019	O=0.9999995231628418|NORM=5.123200708112563e-07

อีก	O=0.9999995231628418|NORM=4.6405978082475485e-07
สิ่ง	O=0.9999988079071045|NORM=1.204450313707639e-06
ที่	O=0.9999996423721313|NORM=3.6932365787833987e-07
ลุ้น	O=0.9999992847442627|NORM=6.714636811011587e-07
ใน	O=0.9999995231628418|NORM=5.116384045322775e-07
วันนี้	O=0.9999994039535522|NORM=5.95138715198118e-07
คือ	O=0.9999995231628418|NORM=3.9263935036615294e-07
ลุค	NORM=0.8626152276992798|O=0.1373847872018814
อำลา	O=0.9999874830245972|NORM=1.2486359992180951e-05
ตำแหน่ง	O=0.9999994039535522|NORM=5.801892370982387e-07
ของ	O=0.9999996423721313|NORM=3.033347297787259e-07
นิ้ง	O=0.9998749494552612|NORM=0.00012499150761868805
_	O=0.9999996423721313|NORM=3.2794707749417285e-07
นิ้ง	O=0.9999755620956421|NORM=2.436911927361507e-05
เป็น	O=0.9999995231628418|NORM=4.305634604406805e-07
หนึ่ง	O=0.9999992847442627|NORM=6.577402018592693e-07
สายสะพาย	O=0.9999728202819824|NORM=2.7174002752872184e-05
ไทย	O=0.9999974966049194|NORM=2.4897851744754007e-06
ที่	O=0.9999996423721313|NORM=2.931023175278824e-07
เรา	O=0.9999996423721313|NORM=3.38012796419207e-07
ภาคภูมิใจ	O=0.9999995231628418|NORM=5.174473471925012e-07
มาก	O=0.9999992847442627|NORM=7.650028805983311e-07
ๆ	O=0.9999938011169434|NORM=6.154436505312333e-06
_	O=0.9999995231628418|NORM=4.2511848619142256e-07
และ	O=0.9999996423721313|NORM=3.2609176514597493e-07
เป็น	O=0.9999997615814209|NORM=2.499977540537657e-07
นางงาม	O=0.999997615814209|NORM=2.3310760752792703e-06
ที่	O=0.9999996423721313|NORM=3.2823621154420835e-07
เรา	O=0.9999996423721313|NORM=3.5745622994909354e-07
รัก	O=0.9999994039535522|NORM=5.832114879922301e-07
และ	O=0.9999923706054688|NORM=7.608029136463301e-06
เชียร์	O=0.999998927116394|NORM=1.024831476570398e-06
มาก	O=0.9999995231628418|NORM=4.2412673906255804e-07
ที่สุด	O=0.9999994039535522|NORM=5.839194159307226e-07
_	O=0.9999996423721313|NORM=3.091499536367337e-07
นิ้ง	O=0.9997838139533997|NORM=0.0002162353921448812
เก่ง	O=0.9999996423721313|NORM=3.5820389143736975e-07
_	O=0.9999996423721313|NORM=2.8456716449909436e-07
นิ้ง	O=0.9998652935028076|NORM=0.0001346940698567778
สู้	O=0.9999992847442627|NORM=6.852735054962977e-07
_	O=0.9999996423721313|NORM=3.154260355131555e-07
นิ้ง	O=0.9999516010284424|NORM=4.8335590690840036e-05
พยายาม	O=0.9999995231628418|NORM=4.1261699834649335e-07
_	O=0.9999996423721313|NORM=3.3204926808139135e-07
นิ้ง	O=0.9994990825653076|NORM=0.0005008538137190044
สวย	O=0.9999977350234985|NORM=2.2144590730022173e-06
ใน	O=0.9999994039535522|NORM=5.416401904767554e-07
แบบ	O=0.9999996423721313|NORM=3.816378466581227e-07
ของ	O=0.9999996423721313|NORM=3.398821206701541e-07
นิ้ง	O=0.9998717308044434|NORM=0.00012828741455450654
_	O=0.9999996423721313|NORM=2.8757906989085313e-07
นิ้ง	O=0.9999845027923584|NORM=1.5537079889327288e-05
ปรับ	O=0.9999997615814209|NORM=2.3805114324204624e-07
ได้	O=0.9999996423721313|NORM=2.975976656216517e-07
หลาย	O=0.9999992847442627|NORM=7.454921728822228e-07
ลุค	O=0.9927089214324951|NORM=0.007291065528988838
_	O=0.9999995231628418|NORM=3.9575849086759263e-07
ไม่ว่า	O=0.999998927116394|NORM=1.0654518973751692e-06
วันนี้	O=0.9999990463256836|NORM=9.841470500759897e-07
นิ้ง	O=0.9999936819076538|NORM=6.349708201014437e-06
จะ	O=0.9999996423721313|NORM=3.478532732970052e-07
มา	O=0.9999996423721313|NORM=3.5189324876228056e-07
ลุค	O=0.9899673461914062|NORM=0.010032618418335915
ไหน	O=0.9999994039535522|NORM=5.652194090544072e-07
เชื่อ	O=0.9999994039535522|NORM=5.892505328120023e-07
ว่า	O=0.9999996423721313|NORM=3.3403020438527165e-07
วันนี้	O=0.9999992847442627|NORM=6.908885552547872e-07
นิ้ง	O=0.9999384880065918|NORM=6.145695078885183e-05
เอาอยู่	O=0.9999977350234985|NORM=2.2667138637189055e-06
_	O=0.9999995231628418|NORM=3.684651801449945e-07
#MissUniverseThailand2019	O=0.9999995231628418|NORM=4.173100194293511e-07

ข้าง	O=0.9999996423721313|NORM=3.121403153727442e-07
บน	O=0.9999997615814209|NORM=2.119494837415914e-07
พูด	O=0.9999995231628418|NORM=4.184458077816089e-07
ถึง	O=0.9999996423721313|NORM=3.0389642802219896e-07
ใน	O=0.9999997615814209|NORM=2.53589547583033e-07
ส่วน	O=0.9999997615814209|NORM=2.7393900836614193e-07
ของ	O=0.9999996423721313|NORM=3.785141018397553e-07
สเตจ	O=0.9999668598175049|NORM=3.315969661343843e-05
เล็ก	O=0.9999996423721313|NORM=3.6995959362684516e-07
_	O=0.9999992847442627|NORM=7.256529670485179e-07
แต่	O=0.9999996423721313|NORM=3.452733210451697e-07
สเตจ	O=0.9998171925544739|NORM=0.00018279660434927791
ใหญ่	O=0.9999996423721313|NORM=3.2037220876190986e-07
นี่	O=0.9999996423721313|NORM=3.7411570019685314e-07
มอง	O=0.9999997615814209|NORM=2.6786460693983827e-07
จอ	O=0.9999995231628418|NORM=4.964581989952421e-07
อย่าง	O=0.9999995231628418|NORM=4.658871546325827e-07
เดียว	O=0.9999995231628418|NORM=5.26954124779877e-07
จ้า	O=0.9112405180931091|NORM=0.08875949680805206
_	O=0.9999994039535522|NORM=5.848194746249646e-07
5900	O=0.9999905824661255|NORM=9.452305675949901e-06
_	O=0.9999995231628418|NORM=4.1557527197255695e-07
หลัง	O=0.9999997615814209|NORM=2.5732740027706313e-07
_	O=0.9999994039535522|NORM=5.594186518464994e-07
3	O=0.9999996423721313|NORM=3.074015921811224e-07
_	O=0.9999995231628418|NORM=4.06775455985553e-07
แถว	O=0.9999996423721313|NORM=3.1584110615767713e-07
แรก	O=0.9999997615814209|NORM=2.893987982588442e-07
ก็	O=0.9999996423721313|NORM=3.350648967170855e-07
ว่า	O=0.9999996423721313|NORM=3.1284602641790116e-07
ไกล	O=0.9999997615814209|NORM=2.718307996474323e-07
เกิน	O=0.9999997615814209|NORM=2.4625430228297773e-07
ละ	O=0.5714722275733948|NORM=0.4285278022289276
_	O=0.9999995231628418|NORM=4.0691358549338474e-07
เวที	O=0.9999996423721313|NORM=4.1058410715777427e-07
สูง	O=0.9999997615814209|NORM=2.3247990554864373e-07
_	O=0.9999995231628418|NORM=4.086671481218218e-07
3	O=0.9999996423721313|NORM=3.377021755568421e-07
_	O=0.9999995231628418|NORM=4.5135911364013737e-07
เมตร	O=0.9999990463256836|NORM=9.786344890017062e-07
_	O=0.9999996423721313|NORM=3.479372026049532e-07
รั้ว	O=0.9999319314956665|NORM=6.804514123359695e-05
ห่าง	O=0.9999995231628418|NORM=4.1026112285180716e-07
เวที	O=0.9999992847442627|NORM=6.9214684117469e-07
_	O=0.9999995231628418|NORM=4.6382794494093105e-07
4	O=0.9999996423721313|NORM=3.9009913166410115e-07
_	O=0.9999994039535522|NORM=5.486921850206272e-07
เมตร	O=0.9999990463256836|NORM=9.820581681196927e-07
_	O=0.9999995231628418|NORM=4.009891370060359e-07
รู้สึก	O=0.9999996423721313|NORM=3.8472794017252454e-07
_	O=0.9999995231628418|NORM=4.437770542153885e-07
5900	O=0.9999924898147583|NORM=7.549335350631736e-06
_	O=0.9999995231628418|NORM=4.43926921889215e-07
ไม่	O=0.9999996423721313|NORM=2.866251520572405e-07
ได้	O=0.9999996423721313|NORM=3.207968575225095e-07
รับ	O=0.9999997615814209|NORM=2.426046421533101e-07
ความเป็นธรรม	O=0.9999994039535522|NORM=6.055268499949307e-07
เลย	O=0.9999996423721313|NORM=3.3649277497715957e-07
อะ	O=0.9999485015869141|NORM=5.1524501031963155e-05
_	O=0.9999994039535522|NORM=5.421518380899215e-07
อย่าง	O=0.9999997615814209|NORM=2.84997952348931e-07
_	O=0.9999992847442627|NORM=6.594058277187287e-07
4900	O=0.9999881982803345|NORM=1.1751804777304642e-05
_	O=0.9999995231628418|NORM=4.850335812989215e-07
หัน	O=0.9999997615814209|NORM=2.178151845555476e-07
หลัง	O=0.9999997615814209|NORM=2.1260520099986024e-07
ยัง	O=0.9999996423721313|NORM=3.6814384429817437e-07
อยู่	O=0.9999996423721313|NORM=3.5220415384173975e-07
ใกล้	O=0.9999996423721313|NORM=3.7117388274054974e-07
ทาง	O=0.9999997615814209|NORM=2.405649865977466e-07
เดิน	O=0.9999997615814209|NORM=2.547037354361237e-07
นะ	O=0.9999992847442627|NORM=7.434134090544831e-07
_	O=0.9999995231628418|NORM=4.517622187449888e-07
ใน	O=0.9999997615814209|NORM=2.579878923825163e-07
ส่วน	O=0.9999996423721313|NORM=3.024741772605921e-07
ของ	O=0.9999996423721313|NORM=3.494935754133621e-07
ภาพ	O=0.9999997615814209|NORM=2.60726210399298e-07
รวม	O=0.9999996423721313|NORM=3.7736433000645775e-07
ทั้งหมด	O=0.9999995231628418|NORM=4.453279132121679e-07
_	O=0.9999992847442627|NORM=6.363289344335499e-07
ก็	O=0.9999997615814209|NORM=2.4385582264585537e-07
สนุก	O=0.9999996423721313|NORM=4.1100446424024994e-07
อยู่	O=0.9999996423721313|NORM=3.7692842624892364e-07
_	O=0.9999991655349731|NORM=8.658578849463083e-07
แต่	O=0.9999995231628418|NORM=4.4752559347216447e-07
สนุก	O=0.9999992847442627|NORM=7.045950951578561e-07
ไม่	O=0.9999996423721313|NORM=3.8623298337370215e-07
สุด	O=0.9999994039535522|NORM=6.246464181458578e-07
อะ	O=0.9999589920043945|NORM=4.100200385437347e-05
_	O=0.999994158744812|NORM=5.8653699852584396e-06
ฟีล	O=0.9999643564224243|NORM=3.5581280826590955e-05
มัน	O=0.999998927116394|NORM=1.0778763908092515e-06
เหงาๆ	O=0.9994561076164246|NORM=0.0005439132801257074
กร่อยๆ	O=0.998235821723938|NORM=0.0017641100566834211
_	O=0.9999990463256836|NORM=9.215830800712865e-07
-	O=0.9999992847442627|NORM=7.299304911612126e-07
2	O=0.9999985694885254|NORM=1.4175657270243391e-06

