pa	O=0.9999058246612549|NORM=9.363399294670671e-05
tole	O=0.999930739402771|NORM=6.892408418934792e-05
si	O=0.9999372959136963|NORM=6.239028152776882e-05
poglejta	NORM=0.9952231049537659|O=0.00477490434423089
,	O=0.9998810291290283|NORM=0.00011727153469109908
ker	O=0.9994474053382874|NORM=0.0005519732949323952
pojasni	O=0.9765974879264832|NORM=0.02339635230600834
deal	O=0.9991706609725952|NORM=0.0008279398898594081
:	O=0.999652624130249|NORM=0.0003421954170335084
http://t.co/70jyycrmcu	O=0.9993444085121155|NORM=0.0006553419516421854

@studiocity_	O=0.9997677206993103|NORM=0.00022994533355813473
tolk	NORM=0.9994860887527466|O=0.0005130762583576143
o	O=0.9999387264251709|NORM=6.071774259908125e-05
šolstvu	O=0.9998553991317749|NORM=0.00014382312656380236
in	O=0.9999251365661621|NORM=7.440249464707449e-05
državi	O=0.999818742275238|NORM=0.00017991004278883338
,	O=0.9998834133148193|NORM=0.0001148872688645497
kjer	O=0.9997119307518005|NORM=0.00028576128534041345
se	O=0.9998018145561218|NORM=0.0001973690086742863
piše	O=0.9996339082717896|NORM=0.00036216891021467745
.	O=0.9998261332511902|NORM=0.00017136216047219932

sama	O=0.9958119988441467|NORM=0.004186851438134909
seb	NORM=0.9989263415336609|O=0.001050619874149561
sem	O=0.9999284744262695|NORM=7.117334462236613e-05
se	O=0.9998761415481567|NORM=0.00012336487998254597
nasmejala	O=0.9996199607849121|NORM=0.00037824109313078225
.	O=0.9998980760574341|NORM=0.00010044914233731106

in	O=0.9999487400054932|NORM=5.098108886159025e-05
obratno	O=0.9997212290763855|NORM=0.00027773447800427675
najbrž	O=0.999779999256134|NORM=0.00021887989714741707
tudi	O=0.9999536275863647|NORM=4.599266321747564e-05
:)	O=0.9999327659606934|NORM=6.634437158936635e-05

sem	O=0.9998992681503296|NORM=0.0001002092903945595
poskusal	O=0.9311633110046387|NORM=0.06880630552768707
prek	O=0.8377972841262817|NORM=0.1621948480606079
net-a	O=0.9942995309829712|NORM=0.005696915555745363
pa	O=0.9999097585678101|NORM=8.978668483905494e-05
nisem	O=0.9999376535415649|NORM=6.122395279817283e-05
dobil	O=0.999058187007904|NORM=0.0009386889287270606
pravih	O=0.9987033605575562|NORM=0.0012958707520738244
kod	O=0.7794303297996521|NORM=0.2205660045146942
.	O=0.9999146461486816|NORM=8.387737034354359e-05

lp	O=0.997641921043396|NORM=0.0023532200139015913
info	O=0.9747319221496582|NORM=0.025259990245103836
na	O=0.9984086155891418|NORM=0.0015904230531305075
,	O=0.9981381893157959|NORM=0.0018553190166130662
ali	O=0.983864426612854|NORM=0.016133710741996765
041	O=0.9962438344955444|NORM=0.0037437784485518932
387	O=0.9977760910987854|NORM=0.0022203228436410427
110	O=0.9974607229232788|NORM=0.002538059139624238

no	O=0.9998145699501038|NORM=0.00018330046441406012
,	O=0.9997956156730652|NORM=0.0002024192945100367
to	O=0.9999362230300903|NORM=6.298728112597018e-05
je	O=0.9996961355209351|NORM=0.00030263123335316777
karkoli	O=0.7340888977050781|NORM=0.2659073770046234
od	O=0.9967227578163147|NORM=0.003276224248111248
adrian	O=0.9805170893669128|NORM=0.019480500370264053
tomine-ja	O=0.9804937243461609|NORM=0.01950308308005333
ali	O=0.9969872832298279|NORM=0.00301200314424932
daniel	O=0.8380426168441772|NORM=0.16195012629032135
clowes	NORM=0.9978671073913574|O=0.0021316513884812593

lepa	O=0.9998897314071655|NORM=0.00010980686056427658
pesem	O=0.9996471405029297|NORM=0.0003527005319483578
.	O=0.9999289512634277|NORM=7.036458555376157e-05

#zenon	O=0.9996505975723267|NORM=0.00034871502430178225
#brtonigla	O=0.9997273087501526|NORM=0.0002724053047131747
#istra	O=0.9996180534362793|NORM=0.0003814295050688088
#croatia	O=0.9998469352722168|NORM=0.00015279321814887226
@username	O=0.9995136260986328|NORM=0.00048553457600064576
zenon	O=0.7967731952667236|NORM=0.20322303473949432
konoba	O=0.9943629503250122|NORM=0.005632855463773012
&amp;	O=0.9958714842796326|NORM=0.0041173710487782955
enoteka	O=0.818744957447052|NORM=0.1812524050474167
http://t.co/gnv33oyox2	O=0.9996378421783447|NORM=0.0003608756815083325

aluminij	O=0.9966933727264404|NORM=0.003300980431959033
bo	O=0.9981959462165833|NORM=0.0018006893806159496
že	O=0.9998157620429993|NORM=0.0001833074784372002
zrihtu	NORM=0.9992469549179077|O=0.0007423658389598131
...	O=0.9997944235801697|NORM=0.00020428758580237627

a	O=0.9998107552528381|NORM=0.00018827164603862911
mi	O=0.9998134970664978|NORM=0.00018172712589148432
zna	O=0.9995635151863098|NORM=0.0004349802911747247
kdo	O=0.9998557567596436|NORM=0.00014318774628918618
razložit	NORM=0.9979656934738159|O=0.002031206851825118
,	O=0.9998382329940796|NORM=0.00015938225260470062
zakaj	O=0.9999222755432129|NORM=7.662758434889838e-05
hrvati	O=0.996509850025177|NORM=0.0034880745224654675
mislijo	O=0.9996017813682556|NORM=0.0003947204095311463
,	O=0.9998592138290405|NORM=0.00013834884157404304
da	O=0.9998502731323242|NORM=0.00014840294898021966
je	O=0.999755322933197|NORM=0.0002436322974972427
6.1.	O=0.9971240162849426|NORM=0.002824155380949378
pri	O=0.9999223947525024|NORM=7.652367639821023e-05
nas	O=0.9998437166213989|NORM=0.0001554531918372959
jebeni	O=0.9796598553657532|NORM=0.02033873274922371
praznik	O=0.9997490048408508|NORM=0.00024962599854916334
?	O=0.9997259974479675|NORM=0.0002697666932363063

@luka_vee	O=0.9998317956924438|NORM=0.00016785727348178625
@amrevlje	O=0.9997630715370178|NORM=0.0002367293054703623
@ursicdomen	O=0.9996787309646606|NORM=0.0003206423716619611
..	O=0.9993047714233398|NORM=0.0006911555537953973

mislim	O=0.9989093542098999|NORM=0.001078799832612276
da	O=0.999881386756897|NORM=0.00011719376198016107
ga	O=0.9995885491371155|NORM=0.0004089476715307683
niti	O=0.9973449110984802|NORM=0.0026447237469255924
ne	O=0.9998761415481567|NORM=0.00012264274118933827
bi	O=0.9998660087585449|NORM=0.0001331988605670631
več	O=0.9996509552001953|NORM=0.00034772470826283097
hotli	NORM=0.9987315535545349|O=0.001267082174308598
kupit	NORM=0.9995372295379639|O=0.00045977786066941917
..	O=0.9996127486228943|NORM=0.00038312471588142216

na	O=0.9995929598808289|NORM=0.0004044195229653269
forum	O=0.992658793926239|NORM=0.007338938768953085
pridem	O=0.9994619488716125|NORM=0.0005340367206372321
za	O=0.99988853931427|NORM=0.00011076012742705643
sprostitev	O=0.9990813732147217|NORM=0.0009157267049886286
,	O=0.9999134540557861|NORM=8.488509774906561e-05
ne	O=0.999858021736145|NORM=0.00014117803948465735
pa	O=0.9998648166656494|NORM=0.00013420010509435087
v	O=0.999624490737915|NORM=0.00037434243131428957
boksarsko	O=0.9922646284103394|NORM=0.007728338707238436
areno	O=0.9967231154441833|NORM=0.003265571082010865
.	O=0.9999125003814697|NORM=8.648586663184687e-05

@aleksandertusek	O=0.9996156692504883|NORM=0.0003838232660200447
sej	NORM=0.9995574355125427|O=0.0004394436255097389
ne	O=0.9995848536491394|NORM=0.0004125668783672154
rečem	O=0.9990014433860779|NORM=0.0009931848617270589
:	O=0.9993816614151001|NORM=0.0006158297182992101
se	O=0.9901230931282043|NORM=0.009876131080091
mi	O=0.9997455477714539|NORM=0.00025026037474162877
kr	NORM=0.9996839761734009|O=0.0003147822280880064
rata	NORM=0.9545355439186096|O=0.045461516827344894
nategnt	NORM=0.9992338418960571|O=0.0007644370780326426
,	O=0.9999289512634277|NORM=7.000668119871989e-05
ampak	O=0.9997712969779968|NORM=0.00022793900279793888
v	O=0.9997773766517639|NORM=0.00022187735885381699
tko	NORM=0.9993502497673035|O=0.0006481426535174251
kratkem	O=0.9985862970352173|NORM=0.0014095859369263053
intervalu	O=0.9995430707931519|NORM=0.0004555472987703979
dvakrat	O=0.9988388419151306|NORM=0.0011573375668376684
za	O=0.9998595714569092|NORM=0.0001399563334416598
isto	O=0.9999551773071289|NORM=4.427420935826376e-05
stvar	O=0.9999344348907471|NORM=6.508881051559001e-05
pa	O=0.9998379945755005|NORM=0.00016146931739058346
ne	O=0.9998237490653992|NORM=0.00017533451318740845
!	O=0.9998008608818054|NORM=0.00019793846877291799

čaw	NORM=0.9973656535148621|O=0.0026333387941122055
.	O=0.9998830556869507|NORM=0.00011629048822214827

s	O=0.9992412328720093|NORM=0.0007541412487626076
tem	O=0.9990383386611938|NORM=0.0009480879525654018
ne	O=0.999792754650116|NORM=0.00020524665887933224
ščitiš	O=0.9974851608276367|NORM=0.0025139017961919308
ravno	O=0.999559223651886|NORM=0.0004395536088850349
nikogar	O=0.9999251365661621|NORM=7.439887849614024e-05
,	O=0.9999293088912964|NORM=6.939934246474877e-05
saj	O=0.9996834993362427|NORM=0.0003159034822601825
vino	O=0.999157190322876|NORM=0.0008423472754657269
itak	O=0.9984741806983948|NORM=0.001524728024378419
kupujejo	O=0.9998329877853394|NORM=0.00016541022341698408
samo	O=0.9999473094940186|NORM=5.173823956283741e-05
odrasli	O=0.9995346069335938|NORM=0.00046214499161578715
.	O=0.9997715353965759|NORM=0.00022675027139484882

@matino667	O=0.9998708963394165|NORM=0.0001284569880226627
ah	O=0.9998140931129456|NORM=0.00018555446877144277
:(	O=0.9999271631240845|NORM=7.197452941909432e-05

za	O=0.9997766613960266|NORM=0.00022271182388067245
to	O=0.9998893737792969|NORM=0.00010923726949840784
maš	NORM=0.9992852807044983|O=0.0007129092700779438
pa	O=0.999859094619751|NORM=0.00014055751671548933
komot	O=0.9683119058609009|NORM=0.03168255090713501
špeheka	O=0.9136432409286499|NORM=0.08635310083627701

rad	O=0.99853515625|NORM=0.0014638276770710945
bi	O=0.999947190284729|NORM=5.220995080890134e-05
proizvedel	O=0.981353759765625|NORM=0.018620887771248817
nekaj	O=0.999729335308075|NORM=0.00026887815329246223
vodika	O=0.9990653395652771|NORM=0.0009331955225206912
z	O=0.9997435212135315|NORM=0.00025559597997926176
elektrolizo	O=0.9681280851364136|NORM=0.0318671315908432

zvečer	O=0.9990960359573364|NORM=0.0009031125227920711
pa	O=0.9999101161956787|NORM=8.9449473307468e-05
na	O=0.9992714524269104|NORM=0.0007239844417199492
pir	O=0.9954230189323425|NORM=0.004571857396513224
.	O=0.9999368190765381|NORM=6.209411367308348e-05

btw	O=0.9940160512924194|NORM=0.005975268315523863
:	O=0.9979750514030457|NORM=0.0020137648098170757
mene	O=0.9920973777770996|NORM=0.007900217548012733
pa	O=0.9998316764831543|NORM=0.00016761186998337507
lahko	O=0.9997966885566711|NORM=0.00020249327644705772
prasate	NORM=0.9275379776954651|O=0.07245863229036331
kako	O=0.998193085193634|NORM=0.0018037176923826337
jo	O=0.999153733253479|NORM=0.000845691654831171
je	O=0.9995324611663818|NORM=0.00046712387120351195
vozt	NORM=0.9993289709091187|O=0.000667870044708252
..	O=0.9997066855430603|NORM=0.0002916338562499732

kafe	O=0.9993261098861694|NORM=0.0006732777110300958
in	O=0.9998800754547119|NORM=0.00011960915435338393
mađarica	O=0.9882112145423889|NORM=0.011786426417529583
pa	O=0.9998158812522888|NORM=0.00018368409655522555
zdele	NORM=0.9976921081542969|O=0.0023042745888233185
pade	O=0.9815105199813843|NORM=0.018488572910428047
.	O=0.999944806098938|NORM=5.4539708798984066e-05

možna	O=0.9998027682304382|NORM=0.00019659636018332094
.	O=0.9995619654655457|NORM=0.00043423211900517344
intoleranca	O=0.9965757727622986|NORM=0.0034201652742922306
-	O=0.9996911287307739|NORM=0.00030634511495009065
neprenašanje	O=0.9941540360450745|NORM=0.005844627972692251
mlečnega	O=0.9994770884513855|NORM=0.0005212225951254368
sladkorja	O=0.9998769760131836|NORM=0.00012245970719959587
.	O=0.9998145699501038|NORM=0.00018430467753205448

pametnjakovič	O=0.9982023239135742|NORM=0.0017963236896321177
.	O=0.999890923500061|NORM=0.00010775278497021645

to	O=0.9999610185623169|NORM=3.853527596220374e-05
je	O=0.9997338652610779|NORM=0.0002648456138558686
že	O=0.9998818635940552|NORM=0.00011738397734006867
čist	NORM=0.9995514750480652|O=0.0004472623986657709
bolano	O=0.9997768998146057|NORM=0.0002225534844910726
,	O=0.999941349029541|NORM=5.805390901514329e-05
imo	O=0.99798583984375|NORM=0.002012180630117655
..	O=0.9998020529747009|NORM=0.00019710796186700463

lukšič	O=0.9927710890769958|NORM=0.00722716236487031
,	O=0.9999397993087769|NORM=5.961802526144311e-05
pacijent	O=0.9920040965080261|NORM=0.007994626648724079
posebne	O=0.9998787641525269|NORM=0.00012027242337353528
sorte	O=0.9988069534301758|NORM=0.0011890254681929946
,	O=0.9999048709869385|NORM=9.34861454879865e-05
je	O=0.9998345375061035|NORM=0.00016432686243206263
izjavil	O=0.9993508458137512|NORM=0.0006441278965212405
,	O=0.9999351501464844|NORM=6.246438715606928e-05
da	O=0.9998507499694824|NORM=0.00014852025196887553
je	O=0.9998534917831421|NORM=0.00014575985551346093
njihova	O=0.9999514818191528|NORM=4.798464215127751e-05
stranka	O=0.9995220899581909|NORM=0.00047662248834967613
stara	O=0.999943733215332|NORM=5.591934313997626e-05
več	O=0.9999009370803833|NORM=9.858211706159636e-05
kot	O=0.9997344613075256|NORM=0.0002643945626914501
sto	O=0.9997321963310242|NORM=0.00026745646027848125
let	O=0.9998000264167786|NORM=0.00019924908701796085
!	O=0.9997252821922302|NORM=0.0002723907236941159

@jernejch	O=0.9994319081306458|NORM=0.0005675539141520858
ja	O=0.9996160268783569|NORM=0.00037991759018041193
sej	NORM=0.9992111921310425|O=0.0007767631905153394
mene	O=0.9995999932289124|NORM=0.0003964881761930883
je	O=0.9996957778930664|NORM=0.0003027956990990788
bl	NORM=0.9992043375968933|O=0.0007840173784643412
strah	O=0.9978925585746765|NORM=0.002105727791786194
,	O=0.9997908473014832|NORM=0.00020798474724870175
da	O=0.9998101592063904|NORM=0.00018842294230125844
ne	O=0.9994887113571167|NORM=0.0005095131346024573
bi	O=0.9995691180229187|NORM=0.000429115432780236
blo	NORM=0.9995971322059631|O=0.00039541462319903076
to	O=0.9997490048408508|NORM=0.0002493706997483969
preveč	O=0.9975239634513855|NORM=0.0024668537080287933
stresno	O=0.9985724687576294|NORM=0.0014240372693166137
zanj	O=0.9969203472137451|NORM=0.003072767984122038
,	O=0.9996129870414734|NORM=0.00038510424201376736
pa	O=0.9997692704200745|NORM=0.00022981195070315152
cukr	NORM=0.9963096976280212|O=0.0036883028224110603
pa	O=0.9996939897537231|NORM=0.0003046750498469919
tak	NORM=0.9604813456535339|O=0.03951572999358177
...	O=0.9994818568229675|NORM=0.0005132879014126956

pozdrav	O=0.9998366832733154|NORM=0.0001625593431526795
!	O=0.9998973608016968|NORM=0.0001018637849483639

pa	O=0.9996597766876221|NORM=0.0003384800802450627
ne	O=0.9998666048049927|NORM=0.0001324592885794118
možeš	O=0.9991717338562012|NORM=0.0008278689929284155
da	O=0.9997404217720032|NORM=0.0002588753413874656
vjeruješ	O=0.9995624423027039|NORM=0.000437074777437374
hajahaha	O=0.9972698092460632|NORM=0.0027298363856971264
dejte	NORM=0.9987247586250305|O=0.001273051486350596
stareta	O=0.9958727955818176|NORM=0.004126036539673805
nazaj	O=0.9970188140869141|NORM=0.0029784704092890024
ćene	NORM=0.9989736080169678|O=0.0010248948819935322
mo	NORM=0.9993647933006287|O=0.0006331165204755962
zgubl	NORM=0.9997023940086365|O=0.00029624439775943756

pa	O=0.9998805522918701|NORM=0.00011903624545084313
ti	O=0.9997624754905701|NORM=0.0002346415421925485
?	O=0.999649167060852|NORM=0.00034721559495665133

hvala	O=0.9998282194137573|NORM=0.00016956923354882747
za	O=0.9999572038650513|NORM=4.235728192725219e-05
odgovor	O=0.9994814991950989|NORM=0.0005158497951924801
in	O=0.9998968839645386|NORM=0.00010230523912468925
lep	O=0.9998782873153687|NORM=0.00012062144378433004
pozdrav	O=0.9997240900993347|NORM=0.0002727637183852494

no	O=0.99982088804245|NORM=0.00017591920914128423
,	O=0.9999004602432251|NORM=9.848331683315337e-05
če	O=0.9972375631332397|NORM=0.0027609681710600853
de	NORM=0.9985626339912415|O=0.0014357882319018245
začo	NORM=0.9978482723236084|O=0.002150698332116008
frajtonarco	NORM=0.7810587286949158|O=0.21893751621246338
vö	NORM=0.9949919581413269|O=0.005006805993616581
vlejčti	NORM=0.909515917301178|O=0.09048160165548325
,	O=0.9996931552886963|NORM=0.0003055608249269426
pa	O=0.9998728036880493|NORM=0.00012645615788642317
pač	O=0.9988794922828674|NORM=0.0011170469224452972
trejzna	NORM=0.9656804203987122|O=0.03431757166981697
proban	NORM=0.99418044090271|O=0.005818324629217386
..	O=0.999718964099884|NORM=0.00027902249712496996

@mirandazaksek	O=0.9995612502098083|NORM=0.00043841535807587206
@jjansasds	O=0.9995601773262024|NORM=0.0004393432172946632
ma	O=0.9940974712371826|NORM=0.0059004914946854115
boli	O=0.9993769526481628|NORM=0.0006216650363057852
me	O=0.999711811542511|NORM=0.00028602516977116466
če	O=0.9993672966957092|NORM=0.0006306444411166012
je	O=0.9997395873069763|NORM=0.000259442807873711
izvoljen	O=0.9981781244277954|NORM=0.0018183416686952114
.	O=0.9998779296875|NORM=0.00011900436948053539

:)	O=0.999946117401123|NORM=5.33070633537136e-05

če	O=0.9997218251228333|NORM=0.0002770923019852489
bi	O=0.9998863935470581|NORM=0.00011234778503421694
zvodnike	O=0.999107301235199|NORM=0.000890420691575855
kaznovali	O=0.9990203380584717|NORM=0.0009761139517650008
tako	O=0.9992740750312805|NORM=0.0007215231889858842
kot	O=0.9994946718215942|NORM=0.0005034300847910345
"	O=0.9997557997703552|NORM=0.00024385926371905953
nekoruptivna	O=0.6392385959625244|NORM=0.36075320839881897
"	O=0.9983078241348267|NORM=0.0016882462659850717
evropa	O=0.9859090447425842|NORM=0.014084343798458576
banksterje	O=0.9946311712265015|NORM=0.005366029217839241
:	O=0.9990253448486328|NORM=0.000965782324783504
"	O=0.9994231462478638|NORM=0.0005750599084421992
pimp	O=0.9980735778808594|NORM=0.0019249629694968462
who	O=0.9999366998672485|NORM=6.231656880117953e-05
killed	O=0.9996572732925415|NORM=0.00034045064239762723
two	O=0.9998965263366699|NORM=0.00010216392547590658
of	O=0.9999465942382812|NORM=5.245857028057799e-05
his	O=0.9995111227035522|NORM=0.00048752318252809346
prostitutes	O=0.9987388253211975|NORM=0.0012598125031217933
(	O=0.998590886592865|NORM=0.0013962548691779375
cont	NORM=0.5545656085014343|O=0.44542935490608215
)	O=0.9992400407791138|NORM=0.0007512310403399169
http://t.co/n1tqozcosv	O=0.9994255304336548|NORM=0.0005738300387747586

"	O=0.9995372295379639|NORM=0.0004611352051142603
a	O=0.9998394250869751|NORM=0.00015919194265734404
za	O=0.9998648166656494|NORM=0.00013474051957018673
trebušnjake	O=0.999394416809082|NORM=0.0006048493087291718
morm	NORM=0.999458372592926|O=0.0005342286312952638
tut	NORM=0.9995555281639099|O=0.00043841262231580913
dat	NORM=0.9993929862976074|O=0.000605229870416224
na	O=0.9982362985610962|NORM=0.0017556730890646577
twitter	O=0.9918762445449829|NORM=0.008099207654595375
?	O=0.9997301697731018|NORM=0.00026802558568306267

maloprej	O=0.9857228398323059|NORM=0.014275358989834785
vozil	O=0.9898424744606018|NORM=0.010150297544896603
toyoto	O=0.9968312382698059|NORM=0.003160356543958187
mr2	NORM=0.6485263705253601|O=0.35147061944007874
igračka	O=0.990216851234436|NORM=0.009781355038285255
,	O=0.9997561573982239|NORM=0.0002430008607916534
driftabilna	O=0.7416372299194336|NORM=0.2583397924900055
igrača	O=0.9971281886100769|NORM=0.0028704749420285225

mal	NORM=0.9995754361152649|O=0.00042320950888097286
prepiha	O=0.9923112988471985|NORM=0.00768693583086133
nared	NORM=0.9958364963531494|O=0.004162625875324011
pa	O=0.9997687935829163|NORM=0.00023078304366208613
bo	O=0.9925164580345154|NORM=0.007482795510441065
.	O=0.9999136924743652|NORM=8.562409493606538e-05

v	O=0.9997451901435852|NORM=0.0002539434935897589
indijančkih	O=0.9786248803138733|NORM=0.02137216553092003
mi	O=0.999764621257782|NORM=0.00023239677830133587
je	O=0.9998125433921814|NORM=0.00018635237938724458
bil	O=0.9977376461029053|NORM=0.002260238165035844
čist	NORM=0.9994558691978455|O=0.0005422987160272896
ok	O=0.9995948672294617|NORM=0.00040398180135525763
.	O=0.9999058246612549|NORM=9.274695912608877e-05

hahahaha	O=0.9998052716255188|NORM=0.0001944829273270443

zakaj	O=0.9997678399085999|NORM=0.00022971633006818593
ne	O=0.9995107650756836|NORM=0.000487082899780944
npr.	O=0.9884252548217773|NORM=0.011535529978573322
v	O=0.9998148083686829|NORM=0.00018450061907060444
prekmurju	O=0.9993889331817627|NORM=0.0006097985897213221
,	O=0.9998077750205994|NORM=0.00019152007007505745
na	O=0.9996792078018188|NORM=0.00031793437665328383
štajerskem	O=0.9958736300468445|NORM=0.004122035577893257
?...	O=0.9995785355567932|NORM=0.0004186478035990149

si	O=0.9972891807556152|NORM=0.0027103025931864977
zmisljo	NORM=0.9951553344726562|O=0.004843456670641899
reality	O=0.998860239982605|NORM=0.0011388540733605623
show	O=0.9937838315963745|NORM=0.006214093882590532
fantausch	NORM=0.5103943347930908|O=0.4896002411842346
in	O=0.9996978044509888|NORM=0.000300908723147586
pošlejo	O=0.6480212807655334|NORM=0.3519705533981323
navijača	O=0.9991913437843323|NORM=0.0008079059771262109
bvb	O=0.8393294811248779|NORM=0.16066551208496094
žvet	NORM=0.7613946795463562|O=0.238601416349411
k	O=0.9968511462211609|NORM=0.003147505223751068
familiji	O=0.9996216297149658|NORM=0.0003776374796871096
,	O=0.9999551773071289|NORM=4.4070107833249494e-05
ki	O=0.9997617602348328|NORM=0.00023719407909084111
navija	O=0.999789297580719|NORM=0.0002102044236380607
za	O=0.9996603727340698|NORM=0.00033824489219114184
schalke	NORM=0.9112333059310913|O=0.08876442909240723
in	O=0.9988790154457092|NORM=0.001116941450163722
kontra	O=0.9964500665664673|NORM=0.0035393855068832636
.	O=0.9998736381530762|NORM=0.00012502567551564425

sam	NORM=0.9988991022109985|O=0.0010952731827273965
bi	O=0.9997997879981995|NORM=0.0001994159392779693
moru	NORM=0.9996843338012695|O=0.0003137606254313141
zraven	O=0.9995506405830383|NORM=0.000445449142716825
napisat	NORM=0.9996665716171265|O=0.0003311285108793527
da	O=0.9998160004615784|NORM=0.00018298685608897358
sm	NORM=0.9990956783294678|O=0.0009030997171066701
sodeloval	O=0.9990942478179932|NORM=0.0009022224694490433
pri	O=0.999914288520813|NORM=8.417544449912384e-05
snemanju	O=0.9996216297149658|NORM=0.0003775200748350471
:d	O=0.9998408555984497|NORM=0.0001582318072905764

js	NORM=0.999329686164856|O=0.0006666350527666509
sm	NORM=0.9992940425872803|O=0.0007030053529888391
v	O=0.9994184970855713|NORM=0.0005804129759781063
redu	O=0.9996175765991211|NORM=0.00038125331047922373
.	O=0.999902606010437|NORM=9.568509267410263e-05

100	O=0.9996193647384644|NORM=0.00037855844129808247
%	O=0.9991568326950073|NORM=0.0008369300048798323
so	O=0.9997434020042419|NORM=0.0002558263950049877
ardeči	O=0.9166837930679321|NORM=0.08330361545085907
za	O=0.9996945858001709|NORM=0.0003039473376702517
tem	O=0.9993081092834473|NORM=0.00068737065885216

dobil	O=0.9891548752784729|NORM=0.01082872599363327
jupitrovo	O=0.9983726143836975|NORM=0.0016228306340053678
nagrado	O=0.9994031190872192|NORM=0.0005948902107775211
za	O=0.9997962117195129|NORM=0.00020309252431616187
spring	O=0.9887412190437317|NORM=0.011255444027483463
jebeni	O=0.9621894359588623|NORM=0.03780937194824219
break	O=0.9852087497711182|NORM=0.014782867394387722
na	O=0.9967173933982849|NORM=0.0032799644395709038
pagu	NORM=0.7445082664489746|O=0.255488783121109
...	O=0.9993917942047119|NORM=0.0006061327876523137

na	O=0.998694121837616|NORM=0.0013032471761107445
#tarca	O=0.9964137673377991|NORM=0.0035844063386321068
pa	O=0.9997979998588562|NORM=0.00020065960416104645
še	O=0.9998231530189514|NORM=0.00017609182395972311
kar	O=0.9998588562011719|NORM=0.00014060157991480082
naprej	O=0.9999444484710693|NORM=5.5268057622015476e-05
lapajo	O=0.9908338189125061|NORM=0.009161066263914108
...	O=0.999747097492218|NORM=0.0002502170973457396

nč	NORM=0.9991070628166199|O=0.000884318957105279
posebnga	NORM=0.999221682548523|O=0.0007707125041633844
niso	O=0.999796450138092|NORM=0.00020212048548273742
.	O=0.9999382495880127|NORM=6.133234273875132e-05

bom	O=0.9998618364334106|NORM=0.00013654908980242908
pripeljala	O=0.9997314810752869|NORM=0.0002663691120687872
njega	O=0.9997001886367798|NORM=0.00029461606754921377
+	O=0.9997791647911072|NORM=0.00021836848463863134
psičko	O=0.9971805810928345|NORM=0.0028163837268948555
.	O=0.9998507499694824|NORM=0.00014791569265071303

bi	O=0.9998366832733154|NORM=0.00016242142010014504
mu	O=0.999875545501709|NORM=0.0001230406342074275
dau	NORM=0.9950416684150696|O=0.0049558659084141254
jst	NORM=0.9991979002952576|O=0.0007982802926562726
praznke	NORM=0.9918065071105957|O=0.008191077969968319
ja	O=0.9999058246612549|NORM=9.390020568389446e-05
...	O=0.9998127818107605|NORM=0.00018637659377418458

#ljudski_napevi	O=0.9997484087944031|NORM=0.00025120226200670004

pejte	NORM=0.9962409734725952|O=0.003757613943889737
na	O=0.9994557499885559|NORM=0.0005415583145804703
bankomat	O=0.9878159165382385|NORM=0.01216422114521265
,	O=0.9997268319129944|NORM=0.0002712407149374485
majku	NORM=0.9988935589790344|O=0.0011033511254936457
vam	O=0.9998175501823425|NORM=0.00018160935724154115
,	O=0.9998582601547241|NORM=0.00013984715042170137
da	O=0.9996610879898071|NORM=0.0003372622304596007
ne	O=0.9998526573181152|NORM=0.00014676977298222482
bo	O=0.971916139125824|NORM=0.028082264587283134
pol	NORM=0.9989109039306641|O=0.0010880775516852736
"	O=0.9989726543426514|NORM=0.0010249653132632375
joj	O=0.9984347224235535|NORM=0.0015597002347931266
,	O=0.9998774528503418|NORM=0.00012111653632018715
čist	NORM=0.9996744394302368|O=0.0003227133129257709
smo	O=0.9997701048851013|NORM=0.0002285942027810961
brez	O=0.9999022483825684|NORM=9.733407205203548e-05
gotovine	O=0.9998584985733032|NORM=0.00014045652642380446
"	O=0.999332845211029|NORM=0.0006625503883697093
:d	O=0.9998644590377808|NORM=0.00013477915490511805

sej	NORM=0.9993863105773926|O=0.0006059713778086007
ti	O=0.9997162222862244|NORM=0.00028139579808339477
si	O=0.9999194145202637|NORM=8.032852929318324e-05
pa	O=0.9998620748519897|NORM=0.00013736530672758818
tud	NORM=0.9996150732040405|O=0.00037749006878584623
dost	NORM=0.9991839528083801|O=0.0008123338338918984
zrel	O=0.9897763729095459|NORM=0.010208637453615665
že	O=0.9998893737792969|NORM=0.00010999285586876795
za	O=0.9999021291732788|NORM=9.732106991577893e-05
kakšnega	O=0.9998146891593933|NORM=0.00018450553761795163
otroka	O=0.9997825026512146|NORM=0.00021568233205471188
!	O=0.9998250603675842|NORM=0.00017396909242961556

jst	NORM=0.9991728663444519|O=0.0008244166965596378
potujem	O=0.9968376159667969|NORM=0.0031607940327376127
konec	O=0.9994651675224304|NORM=0.0005344284581951797
oktobra	O=0.9989868998527527|NORM=0.0010084753157570958
v	O=0.9995737671852112|NORM=0.00042550262878648937
auckland	O=0.8962521553039551|NORM=0.10374148190021515
.	O=0.9999032020568848|NORM=9.549535025143996e-05

halo	O=0.9987187385559082|NORM=0.00127848656848073
,	O=0.9998515844345093|NORM=0.00014704687055200338
ne	O=0.9997548460960388|NORM=0.00024393392959609628
morš	NORM=0.999405026435852|O=0.000589402683544904
tko	NORM=0.9996645450592041|O=0.0003325040452182293
..	O=0.9998863935470581|NORM=0.00011279460159130394

upam	O=0.9997450709342957|NORM=0.0002535055100452155
da	O=0.9999270439147949|NORM=7.230413029901683e-05
bo	O=0.9994730353355408|NORM=0.0005263384664431214
čez	O=0.9998283386230469|NORM=0.0001709076896077022
par	O=0.9998657703399658|NORM=0.00013349678192753345
ur	O=0.9994733929634094|NORM=0.0005260423640720546
kej	NORM=0.9989355206489563|O=0.0010632658377289772
toplejš	NORM=0.9981593489646912|O=0.001839589443989098
.	O=0.999880313873291|NORM=0.00011798378545790911

kr	NORM=0.9990726709365845|O=0.0009202032233588398
sama	O=0.9986916184425354|NORM=0.0013076055329293013
pejt	O=0.609461784362793|NORM=0.39053356647491455
pogledat	O=0.9710837602615356|NORM=0.028842248022556305
.	O=0.9999468326568604|NORM=5.2684496040456e-05

bil	O=0.9995759129524231|NORM=0.00042139735887758434
sem	O=0.9999470710754395|NORM=5.2678431529784575e-05
vratar	O=0.9940776824951172|NORM=0.005910204257816076
10	O=0.9998373985290527|NORM=0.00016131746815517545
let	O=0.9998788833618164|NORM=0.00011995741806458682
in	O=0.9999614953994751|NORM=3.813784496742301e-05
vem	O=0.9999524354934692|NORM=4.7132711188169196e-05
.	O=0.9999157190322876|NORM=8.264867938123643e-05

uživaj	O=0.9998961687088013|NORM=0.00010326401388738304
na	O=0.999692440032959|NORM=0.0003063025651499629
prostosti	O=0.9993734955787659|NORM=0.0006254109321162105
.	O=0.999874472618103|NORM=0.00012324965791776776

@illegall_blonde	O=0.998815655708313|NORM=0.0011833383468911052
zato	O=0.9998288154602051|NORM=0.00016981239605229348
ker	O=0.9993946552276611|NORM=0.0006043124012649059
koristite	O=0.9982336759567261|NORM=0.0017654402181506157
aspirin	O=0.9927952885627747|NORM=0.007203079294413328
za	O=0.9999134540557861|NORM=8.617062849225476e-05
kontracepcijo	O=0.9988585710525513|NORM=0.0011387914419174194
..	O=0.9992659687995911|NORM=0.0007302075973711908

@mefollowyouall	O=0.9996801614761353|NORM=0.00031891584512777627
kolk	NORM=0.9992733597755432|O=0.0007254084921441972
firma	O=0.9925816059112549|NORM=0.0074133132584393024
smo	O=0.9991748929023743|NORM=0.0008230090024881065
rajš	NORM=0.9989562034606934|O=0.001040824456140399
uničl	NORM=0.999414324760437|O=0.0005831274320371449
kot	O=0.9960359930992126|NORM=0.003954871091991663
da	O=0.9997527003288269|NORM=0.00024606945225968957
bi	O=0.9996728897094727|NORM=0.00032602951978333294
jih	O=0.9994414448738098|NORM=0.0005567434127442539
prodal	NORM=0.7277482748031616|O=0.272245854139328
,	O=0.9997346997261047|NORM=0.0002614192490000278
pa	O=0.9996410608291626|NORM=0.0003573464637156576
makar	NORM=0.9470484852790833|O=0.05294874310493469
šenkal	NORM=0.9115185141563416|O=0.08847787231206894
samo	O=0.9957724213600159|NORM=0.004218320362269878
od	O=0.8023180961608887|NORM=0.19767944514751434
sem	O=0.9991641044616699|NORM=0.0008349470444954932
v	O=0.9992042183876038|NORM=0.0007947549456730485
#slo	O=0.9974380731582642|NORM=0.002560196677222848

verjetno	O=0.9998863935470581|NORM=0.00011208985961275175
nisem	O=0.9999229907989502|NORM=7.612715853611007e-05
edini	O=0.9998946189880371|NORM=0.0001047826444846578
ki	O=0.9998750686645508|NORM=0.0001243378792423755
je	O=0.9998594522476196|NORM=0.00013949420826975256
opazil	O=0.9997333884239197|NORM=0.00026193674420937896
da	O=0.9998806715011597|NORM=0.00011843679385492578
je	O=0.9997014403343201|NORM=0.0002981956349685788
igra	O=0.9963963627815247|NORM=0.0036028330214321613
veliko	O=0.9875859022140503|NORM=0.012409289367496967
bolsa	NORM=0.6157992482185364|O=0.3841962516307831
ko	O=0.9962490200996399|NORM=0.003749849507585168
v	O=0.9998117089271545|NORM=0.00018787219596561044
igri	O=0.9988577365875244|NORM=0.0011393673485144973
ni	O=0.9998047947883606|NORM=0.00019455944129731506
gorana	O=0.9970616698265076|NORM=0.0029361583292484283
,	O=0.9999082088470459|NORM=9.05807173694484e-05
kajti	O=0.9996861219406128|NORM=0.00031356283579953015
goran	O=0.977730929851532|NORM=0.02225928194820881
igra	O=0.9995719790458679|NORM=0.00042596712592057884
sam	O=0.9196575880050659|NORM=0.0803385004401207
proti	O=0.9971960783004761|NORM=0.002801222028210759
5	O=0.9951666593551636|NORM=0.0048278020694851875
,,	O=0.9995037317276001|NORM=0.000490347039885819

kaj	O=0.9999042749404907|NORM=9.52821210375987e-05
je	O=0.9998787641525269|NORM=0.00012057182175340131
zdaj	O=0.9999561309814453|NORM=4.357711804914288e-05
to	O=0.9999198913574219|NORM=7.953920430736616e-05
za	O=0.9999524354934692|NORM=4.7333069232990965e-05
ena	O=0.9997377991676331|NORM=0.0002609798975754529
dohtarska	O=0.9546416401863098|NORM=0.04535684734582901
?	O=0.9997836947441101|NORM=0.00021367929002735764

čiss	NORM=0.8244056701660156|O=0.1755910962820053
sm	NORM=0.9986239671707153|O=0.0013751096557825804
potrebna	O=0.9997835755348206|NORM=0.00021584985370282084
.	O=0.999901533126831|NORM=9.773788042366505e-05

morda	O=0.9994168281555176|NORM=0.0005792701267637312
ne	O=0.999763548374176|NORM=0.0002357599587412551
fizično	O=0.9996098875999451|NORM=0.00038812230923213065
,	O=0.9999558925628662|NORM=4.331029049353674e-05
pa	O=0.9999533891677856|NORM=4.630565672414377e-05
vendar	O=0.9999477863311768|NORM=5.185414556763135e-05
..	O=0.9998691082000732|NORM=0.00012978976883459836

mi	O=0.9998062252998352|NORM=0.00019246034207753837
ti	O=0.9998493194580078|NORM=0.00014939752873033285
upamo	O=0.9984316229820251|NORM=0.0015630354173481464
vse	O=0.999942421913147|NORM=5.703153146896511e-05
najboljse	NORM=0.996325671672821|O=0.003671998158097267
!	O=0.9997681975364685|NORM=0.0002297545288456604

bekuz	O=0.5801882147789001|NORM=0.4198078215122223
,	O=0.9998830556869507|NORM=0.00011493062629597262
we	O=0.9995057582855225|NORM=0.000493454048410058
don't	O=0.999241828918457|NORM=0.0007509476854465902
niid	NORM=0.9661989808082581|O=0.03371789678931236
money	O=0.9985594153404236|NORM=0.0014386619441211224
,	O=0.9998822212219238|NORM=0.0001162051412393339
we	O=0.9966715574264526|NORM=0.003327739890664816
džust	O=0.6910523772239685|NORM=0.3088904321193695
need	O=0.9995442032814026|NORM=0.0004552705504465848
time	O=0.9998146891593933|NORM=0.000184643009561114
.	O=0.999864935874939|NORM=0.00013319554273039103

zato	O=0.9999340772628784|NORM=6.542771734530106e-05
sem	O=0.9998117089271545|NORM=0.00018763386469800025
tudi	O=0.9999645948410034|NORM=3.502046820358373e-05
raje	O=0.9995489716529846|NORM=0.00045063902507536113
levičar	O=0.9962390661239624|NORM=0.0037476348225027323
saj	O=0.9995594620704651|NORM=0.0004398346645757556
ta	O=0.9994128942489624|NORM=0.0005862967227585614
obsceni	NORM=0.8276987075805664|O=0.17229853570461273
kult	O=0.8736364245414734|NORM=0.12631097435951233
osebnosti	O=0.9995357990264893|NORM=0.0004637395904865116
janše	O=0.9969390630722046|NORM=0.0030603378545492887
res	O=0.9998424053192139|NORM=0.00015700128278695047
presega	O=0.9997183680534363|NORM=0.0002808010031003505
vse	O=0.999947190284729|NORM=5.231626710155979e-05
normalne	O=0.9996310472488403|NORM=0.0003683152608573437
meje	O=0.9997557997703552|NORM=0.00024350859166588634
.	O=0.999873161315918|NORM=0.00012614988372661173

kaj	O=0.9998074173927307|NORM=0.0001920700160553679
je	O=0.9997656941413879|NORM=0.0002334381570108235
potem	O=0.9999001026153564|NORM=9.962990588974208e-05
sds	O=0.9433926939964294|NORM=0.0565858818590641
?	O=0.9997461438179016|NORM=0.0002513919898774475

@kriminolog	O=0.9995211362838745|NORM=0.0004785769560839981
@dimatkovic	O=0.9996013045310974|NORM=0.00039855786599218845
@apparatus_si	O=0.9993681311607361|NORM=0.0006315342034213245
@spletnamladina	O=0.9994791150093079|NORM=0.0005206114146858454
@vanjapirc	O=0.9993058443069458|NORM=0.0006938726874068379
http://t.co/hhg12lm1qk	O=0.9995220899581909|NORM=0.000477714667795226

jaz	O=0.9998979568481445|NORM=0.00010104510874953121
sem	O=0.999923586845398|NORM=7.590725726913661e-05
alexa	O=0.9993398785591125|NORM=0.0006593297584913671
spoznal	O=0.9995384216308594|NORM=0.00046020306763239205
dva	O=0.999962568283081|NORM=3.698199361679144e-05
meseca	O=0.9995653033256531|NORM=0.00043212773744016886
nazaj	O=0.9999690055847168|NORM=3.0444351068581454e-05
in	O=0.9998965263366699|NORM=0.00010245350858895108
lahko	O=0.9998100399971008|NORM=0.00018806137086357921
rečem	O=0.9998635053634644|NORM=0.0001347060315310955
da	O=0.9998679161071777|NORM=0.00013078721531201154
je	O=0.999432384967804|NORM=0.0005661959294229746
vredu	NORM=0.999543309211731|O=0.0004537402419373393
dec	NORM=0.9072849750518799|O=0.09271246194839478
,	O=0.9998694658279419|NORM=0.00012825141311623156
povedal	O=0.9971713423728943|NORM=0.0028162982780486345
mi	O=0.999920129776001|NORM=7.84501971793361e-05
je	O=0.9998384714126587|NORM=0.00015992828411981463
tudi	O=0.9999551773071289|NORM=4.416106821736321e-05
,	O=0.9997597336769104|NORM=0.00023665945627726614
da	O=0.999901294708252|NORM=9.800424595596269e-05
avto	O=0.9986390471458435|NORM=0.0013587726280093193
dela	O=0.9994370341300964|NORM=0.0005564420716837049
kot	O=0.999686598777771|NORM=0.0003124990325886756
urica	O=0.9053617119789124|NORM=0.09462881088256836
.	O=0.9997687935829163|NORM=0.00022922021162230521

san	NORM=0.9538424015045166|O=0.04615031182765961
že	O=0.9997137188911438|NORM=0.00028552889125421643
dugše	O=0.6187500357627869|NORM=0.3812451660633087
mel	NORM=0.9992451667785645|O=0.0007540320511907339
po	O=0.9849677681922913|NORM=0.015031330287456512
lublane	NORM=0.8821542859077454|O=0.11784371733665466
.	O=0.9999276399612427|NORM=7.160929817473516e-05

jutri	O=0.9997947812080383|NORM=0.0002045524015557021
dam	O=0.9454565644264221|NORM=0.05453741177916527
še	O=0.9990293979644775|NORM=0.0009646930848248303
gor	NORM=0.8435332775115967|O=0.15646104514598846
fotke	O=0.9961962699890137|NORM=0.003802844788879156
vseh	O=0.9998589754104614|NORM=0.00013896950986236334
sladic	O=0.9974409341812134|NORM=0.002557251136749983
,	O=0.9998884201049805|NORM=0.00010987470886902884
da	O=0.9999127388000488|NORM=8.6386309703812e-05
boste	O=0.9983173608779907|NORM=0.0016813965048640966
vidl	NORM=0.9992571473121643|O=0.0007408285164274275
level	O=0.985671877861023|NORM=0.014324614778161049
of	O=0.999895453453064|NORM=0.00010346059571020305
self	O=0.9996966123580933|NORM=0.0003018059069290757
control	O=0.9998565912246704|NORM=0.00014211259258445352
,	O=0.9998449087142944|NORM=0.0001519773359177634
da	O=0.9999006986618042|NORM=9.818202670430765e-05
se	O=0.9997027516365051|NORM=0.00029640019056387246
nisem	O=0.999893069267273|NORM=0.00010556916822679341
ničesar	O=0.9999362230300903|NORM=6.286102143349126e-05
pritaknila	O=0.9989635944366455|NORM=0.0010339809814468026
.	O=0.9998347759246826|NORM=0.00016387038340326399

sam	NORM=0.9945277571678162|O=0.005468765273690224
on	O=0.9997515082359314|NORM=0.0002468454767949879
ma	NORM=0.9995891451835632|O=0.0004084139654878527
nasvete	O=0.754173755645752|NORM=0.2458236813545227
bol	NORM=0.999430239200592|O=0.000568002404179424
za	O=0.9996320009231567|NORM=0.0003674746258184314
portretno	O=0.9972854852676392|NORM=0.0027128499932587147
slikanje	O=0.9990195035934448|NORM=0.0009792855707928538
ipd.	O=0.9989782571792603|NORM=0.0010176334762945771

fuck	O=0.9977752566337585|NORM=0.00222399877384305
logic	O=0.9992074370384216|NORM=0.0007891535060480237

tist	NORM=0.9993883371353149|O=0.0006101978942751884
k	NORM=0.9996291399002075|O=0.0003700824163388461
ti	O=0.999064028263092|NORM=0.0009309484739787877
en	O=0.7685478925704956|NORM=0.23144783079624176
blenda	O=0.8500694036483765|NORM=0.14991705119609833
ob	O=0.9997454285621643|NORM=0.0002540920686442405
6:25	O=0.9894988536834717|NORM=0.010484348051249981
na	O=0.9979333877563477|NORM=0.0020638867281377316
obvoznci	NORM=0.9892925024032593|O=0.010705920867621899
pa	O=0.9997642636299133|NORM=0.00023497920483350754
misleš	NORM=0.9607776999473572|O=0.039218682795763016
da	O=0.9998562335968018|NORM=0.00014302022464107722
je	O=0.9996757507324219|NORM=0.00032307059154845774
spet	O=0.9964008331298828|NORM=0.0035977521911263466
en	O=0.9995951056480408|NORM=0.0004033715231344104
idiot	O=0.9948598146438599|NORM=0.005132410675287247
k	NORM=0.999405026435852|O=0.0005941965500824153
misle	NORM=0.9988916516304016|O=0.001106909243389964
da	O=0.9996193647384644|NORM=0.0003786704037338495
ga	O=0.9995681643486023|NORM=0.000429037056164816
bom	O=0.9992558360099792|NORM=0.0007401152979582548
naprej	O=0.9994099140167236|NORM=0.0005889181047677994
spustu	NORM=0.9997087121009827|O=0.0002895151264965534
,	O=0.9996880292892456|NORM=0.00031012846739031374
pol	NORM=0.999647855758667|O=0.00035086338175460696
te	O=0.9982391595840454|NORM=0.0017597096739336848
pa	O=0.9997498393058777|NORM=0.0002493031497579068
@dkaslc	O=0.9096679091453552|NORM=0.09030170738697052
prehiti	O=0.9186445474624634|NORM=0.08135168999433517
po	O=0.9994968175888062|NORM=0.0005018158117309213
desni	O=0.9964120984077454|NORM=0.0035816256422549486
\o	O=0.9598423838615417|NORM=0.04014464095234871

@rudibr	O=0.9991325736045837|NORM=0.0008647958165965974
bom	O=0.9995476603507996|NORM=0.00044954492477700114
kr	NORM=0.9995675683021545|O=0.0004275916435290128
nkbm	NORM=0.9992852807044983|O=0.0007062929216772318
kupu	NORM=0.9989678859710693|O=0.0010298398556187749
,	O=0.9994907379150391|NORM=0.0005056110676378012
k	NORM=0.999695897102356|O=0.0003029216604772955
je	O=0.9996863603591919|NORM=0.0003126870724372566
itak	O=0.9986207485198975|NORM=0.0013784448383376002
lastnica	O=0.9996198415756226|NORM=0.00037960108602419496
,	O=0.9999250173568726|NORM=7.340752199525014e-05
pa	O=0.9999384880065918|NORM=6.101435064920224e-05
še	O=0.9986982345581055|NORM=0.0012993160635232925
moji	O=0.9998608827590942|NORM=0.0001386593357892707
firmi	O=0.9998408555984497|NORM=0.00015853162040002644
jo	O=0.9997498393058777|NORM=0.0002493138308636844
pol	NORM=0.9993194341659546|O=0.0006715514464303851
ne	O=0.9999136924743652|NORM=8.578747656429186e-05
bo	O=0.9998729228973389|NORM=0.000126507060485892
več	O=0.9998757839202881|NORM=0.0001233966031577438
treba	O=0.9997504353523254|NORM=0.00024790706811472774
dokapitallizitat	NORM=0.9994280934333801|O=0.000569498457480222
.	O=0.9998806715011597|NORM=0.00011704066128004342

@medeja_7	O=0.9998595714569092|NORM=0.00014016551722306758
@erikaplaninsec	O=0.9996235370635986|NORM=0.000376235693693161
@msalberger	O=0.9997450709342957|NORM=0.0002547689655330032
@icinober	O=0.9996134638786316|NORM=0.0003862707526423037
odkar	O=0.9978073239326477|NORM=0.002191708656027913
so	O=0.9996856451034546|NORM=0.0003137921157758683
mladiči	O=0.9992560744285583|NORM=0.000742074626032263
,	O=0.9999043941497803|NORM=9.439478890271857e-05
sem	O=0.9998407363891602|NORM=0.0001586813450558111
prešaltal	O=0.9653573632240295|NORM=0.03461400046944618
na	O=0.999872088432312|NORM=0.00012723778490908444
'	O=0.9997631907463074|NORM=0.00023579585831612349
heavyweight	O=0.9997172951698303|NORM=0.00028161058435216546
cars	O=0.999658465385437|NORM=0.00033854341018013656
'	O=0.999692440032959|NORM=0.00030570896342396736
.	O=0.9998589754104614|NORM=0.00013972193119116127

a	O=0.9999037981033325|NORM=9.555435099173337e-05
sestrična	O=0.9979351758956909|NORM=0.002062632003799081
se	O=0.9998370409011841|NORM=0.00016225969011429697
tud	NORM=0.9997336268424988|O=0.00026074721245095134
na	O=0.996796190738678|NORM=0.0031989598646759987
orožje	O=0.9991775155067444|NORM=0.0008212205138988793
spozna	O=0.998230516910553|NORM=0.0017649909714236856
?	O=0.9997946619987488|NORM=0.00020296905131544918

@alessusnik	O=0.9995244741439819|NORM=0.0004743162717204541
noben	O=0.9999505281448364|NORM=4.9047528591472656e-05
isp	O=0.9871199131011963|NORM=0.012857022695243359
ne	O=0.9999327659606934|NORM=6.659006612608209e-05
ponuja	O=0.9995436072349548|NORM=0.0004495347384363413
dnevnega	O=0.999727189540863|NORM=0.00027091894298791885
/	O=0.9992376565933228|NORM=0.0007580934325233102
tedenskega	O=0.9997664093971252|NORM=0.00023175713431555778
zakupa	O=0.9996603727340698|NORM=0.0003375430533196777
?	O=0.9997877478599548|NORM=0.00020860586664639413

ej	O=0.9983890056610107|NORM=0.0016070677665993571
,	O=0.9998372793197632|NORM=0.000161067204317078
a	O=0.9994268417358398|NORM=0.0005721870111301541
ves	NORM=0.9991753697395325|O=0.0008171072113327682
da	O=0.9918062686920166|NORM=0.008191946893930435
si	O=0.9984983205795288|NORM=0.0015013046795502305
je	O=0.9883517622947693|NORM=0.011647122912108898
lincoln	NORM=0.998738706111908|O=0.0012569656828418374
pustu	NORM=0.9994093179702759|O=0.0005884630372747779
brke	O=0.986783504486084|NORM=0.013212987221777439
zarad	NORM=0.9993491768836975|O=0.0006475336849689484
nasveta	NORM=0.7154400944709778|O=0.28455695509910583
11letne	O=0.9990032315254211|NORM=0.0009963980410248041
puncke	NORM=0.8537812829017639|O=0.1462104320526123
?	O=0.9991961121559143|NORM=0.0008012026082724333

#yolo	O=0.9995406866073608|NORM=0.0004583338741213083

@tamejhna	O=0.9997441172599792|NORM=0.0002555649552959949
sej	NORM=0.9994851350784302|O=0.0005111931241117418
tud	NORM=0.999669075012207|O=0.0003287424333393574
tvoje	O=0.9996610879898071|NORM=0.00033789724693633616
včas	NORM=0.6129182577133179|O=0.3870737850666046
mejijo	NORM=0.8214073181152344|O=0.17857933044433594
,	O=0.9999673366546631|NORM=3.214954995200969e-05
veš	O=0.9999730587005615|NORM=2.675692485354375e-05
.	O=0.9999512434005737|NORM=4.762833486893214e-05

@lavkeri	O=0.9995355606079102|NORM=0.0004639725957531482
kmal	O=0.8845601677894592|NORM=0.11540555953979492
bo	O=0.9994304776191711|NORM=0.000568743736948818
hokej	O=0.9863043427467346|NORM=0.013692754320800304
.	O=0.9999163150787354|NORM=8.244909258792177e-05

zaciklanost	O=0.7659933567047119|NORM=0.2340032160282135
in	O=0.9999226331710815|NORM=7.691702921874821e-05
#prešernovsklad	O=0.9992571473121643|NORM=0.0007423660135827959

kaj	O=0.999031662940979|NORM=0.0009657487971708179
ne	O=0.9997565150260925|NORM=0.00024061968724709004
,	O=0.9996755123138428|NORM=0.0003226622357033193
da	O=0.9974357485771179|NORM=0.002560731489211321
?	O=0.9998145699501038|NORM=0.00018278270727023482

men	NORM=0.9994213581085205|O=0.0005749819101765752
se	O=0.9995391368865967|NORM=0.0004595047503244132
zdi	O=0.9994125366210938|NORM=0.0005791831063106656
iq	O=0.9923058152198792|NORM=0.00769036915153265
le	O=0.99989914894104|NORM=0.00010025410301750526
en	O=0.9999538660049438|NORM=4.4932479795534164e-05
izmed	O=0.9999136924743652|NORM=8.570178761146963e-05
dejavnikov	O=0.9997398257255554|NORM=0.00025893221027217805
pr	NORM=0.9993188381195068|O=0.0006801928393542767
tem	O=0.998783528804779|NORM=0.001208007917739451
,	O=0.9998294115066528|NORM=0.00016522880468983203
a	O=0.9998914003372192|NORM=0.00010749920329544693
je	O=0.9998382329940796|NORM=0.00016047108510974795
nekdo	O=0.9999048709869385|NORM=9.412102372152731e-05
"	O=0.9996602535247803|NORM=0.0003390077908989042
pametn	NORM=0.9157779812812805|O=0.08420925587415695
"	O=0.9991182684898376|NORM=0.0008770796121098101
al	NORM=0.9996103644371033|O=0.000387600768590346
ne	O=0.9996973276138306|NORM=0.00029925419948995113
.	O=0.9998804330825806|NORM=0.00011666987120406702

;)	O=0.9999300241470337|NORM=6.940012099221349e-05

#junaki	O=0.999904990196228|NORM=9.477495768805966e-05
#eurobasket2013	O=0.9999427795410156|NORM=5.6880984629970044e-05

fotografsko	O=0.995303750038147|NORM=0.004692200571298599
,	O=0.9998581409454346|NORM=0.00013959249190520495
sva	O=0.9997642636299133|NORM=0.0002354166063014418
s	O=0.9995840191841125|NORM=0.0004143766709603369
tamalo	O=0.7062300443649292|NORM=0.2937619686126709
uzgala	O=0.7371776103973389|NORM=0.26281431317329407
enga	NORM=0.9991129040718079|O=0.000885297020431608
selfija	O=0.9995174407958984|NORM=0.0004803217889275402
,	O=0.9998732805252075|NORM=0.00012417779362294823
poslala	O=0.9993701577186584|NORM=0.0006266653072088957
po	O=0.997377872467041|NORM=0.002620203420519829
mmsu	O=0.9351680278778076|NORM=0.0648239254951477
in	O=0.9998047947883606|NORM=0.00019369542133063078
evo	O=0.9990851879119873|NORM=0.0009119770838879049
.	O=0.9997492432594299|NORM=0.0002480240655131638

vrstni	O=0.9993368983268738|NORM=0.0006614236044697464
red	O=0.9988834261894226|NORM=0.0011131458450108767
a)	O=0.9995399713516235|NORM=0.00045486175804398954
vodka	O=0.9994837045669556|NORM=0.0005143432063050568
b)	O=0.9992508292198181|NORM=0.0007470155833289027
čebula	O=0.9976781010627747|NORM=0.0023188746999949217
z	O=0.9998121857643127|NORM=0.0001871668064268306
limono	O=0.9950076341629028|NORM=0.004989182576537132

jst	NORM=0.9995204210281372|O=0.00047803993220441043
obozujem	O=0.9970302581787109|NORM=0.0029605163726955652
kostanj	O=0.9950551986694336|NORM=0.004941421095281839
in	O=0.9998980760574341|NORM=0.00010102883243234828
ga	O=0.999560534954071|NORM=0.0004371116519905627
lah	NORM=0.9994063377380371|O=0.0005906748701818287
na	O=0.9971098303794861|NORM=0.0028879991732537746
tone	O=0.9737151861190796|NORM=0.026282092556357384
pojem	O=0.9237586259841919|NORM=0.07623294740915298
.	O=0.9998948574066162|NORM=0.00010428620589664206

@sarapakiz	O=0.9930092096328735|NORM=0.0069764647632837296
znači	NORM=0.9033740758895874|O=0.09662254899740219
v	O=0.9994219541549683|NORM=0.0005763904191553593
restavracijo	O=0.9979466795921326|NORM=0.002039855346083641
grem	O=0.9988386034965515|NORM=0.0011534811928868294
,	O=0.9997615218162537|NORM=0.0002338241902180016
da	O=0.9998470544815063|NORM=0.00015069158689584583
lahko	O=0.9998317956924438|NORM=0.00016658927779644728
objavim	O=0.9989896416664124|NORM=0.0010015489533543587
sliko	O=0.9994708895683289|NORM=0.0005258000455796719
hrane	O=0.9971749782562256|NORM=0.002818869659677148
na	O=0.9996601343154907|NORM=0.0003364756121300161
instagramu	O=0.9990212917327881|NORM=0.0009731967584230006
.	O=0.9996963739395142|NORM=0.0002984308230224997

@magictrics	O=0.9989314675331116|NORM=0.0010650614276528358
tist	NORM=0.9995349645614624|O=0.0004634014330804348
k	NORM=0.9990161657333374|O=0.0009827748872339725
1	O=0.9977142810821533|NORM=0.002282367553561926
kao	O=0.9999063014984131|NORM=9.332183981314301e-05
frendu	O=0.991624653339386|NORM=0.008372996002435684
rečeš	O=0.980966329574585|NORM=0.019032306969165802
,	O=0.9999005794525146|NORM=9.731970931170508e-05
da	O=0.9997918009757996|NORM=0.00020719187159556895
si	O=0.999871015548706|NORM=0.0001286142651224509
čist	NORM=0.999626874923706|O=0.00037159083876758814
u	O=0.9288991093635559|NORM=0.0710996761918068
ku..	O=0.997262716293335|NORM=0.0027284245006740093
,	O=0.999911904335022|NORM=8.563839946873486e-05
2	O=0.9939117431640625|NORM=0.006087064743041992
pa	O=0.9993529915809631|NORM=0.0006444245227612555
,	O=0.9999221563339233|NORM=7.639248360646889e-05
če	O=0.9997950196266174|NORM=0.00020382358343340456
je	O=0.9997069239616394|NORM=0.0002921907289419323
to	O=0.9999499320983887|NORM=4.9592723371461034e-05
kriza	O=0.9993458390235901|NORM=0.0006509282393381
naj	O=0.9991369843482971|NORM=0.0008613841491751373
kar	O=0.9925562739372253|NORM=0.00744016794487834
traja	O=0.9986686706542969|NORM=0.0013296875404193997
in	O=0.9998226761817932|NORM=0.0001764849730534479
pol	NORM=0.9938316345214844|O=0.0061634741723537445
jima	O=0.7156395316123962|NORM=0.28435128927230835
ni	O=0.9817217588424683|NORM=0.018271826207637787
nč	NORM=0.9996168613433838|O=0.00038214342202991247
jasn	NORM=0.9996267557144165|O=0.00037240050733089447
.	O=0.9998750686645508|NORM=0.00012280249211471528

ko	O=0.9996360540390015|NORM=0.000361460231943056
boš	O=0.9992287158966064|NORM=0.0007701088325120509
iemla	NORM=0.677626371383667|O=0.3223665654659271
izvide	O=0.8191279768943787|NORM=0.1808687150478363
,	O=0.9998668432235718|NORM=0.00013015250442549586
se	O=0.9997774958610535|NORM=0.000221801848965697
javi	O=0.9983830451965332|NORM=0.001613977481611073
in	O=0.9998304843902588|NORM=0.00016758625861257315
bomo	O=0.9997180104255676|NORM=0.00028070315602235496
vprašali	O=0.9991583824157715|NORM=0.0008375397301279008
za	O=0.9999121427536011|NORM=8.695451106177643e-05
mnenje	O=0.9992265701293945|NORM=0.0007717938278801739
še	O=0.9989367127418518|NORM=0.0010601935209706426
zdravnico	O=0.9960334897041321|NORM=0.003960402216762304
,	O=0.9998828172683716|NORM=0.00011520516272867098
ki	O=0.9998132586479187|NORM=0.00018549239030107856
pomaga	O=0.9994350075721741|NORM=0.0005607142811641097
z	O=0.9997832179069519|NORM=0.0002151011722162366
odgovori	O=0.9989299178123474|NORM=0.0010636954102665186
.	O=0.9997627139091492|NORM=0.00023453176254406571

http://t.co/g0ooftaqah	O=0.9995879530906677|NORM=0.00041162632987834513

jaz	O=0.9999167919158936|NORM=8.194446127163246e-05
bom	O=0.9998334646224976|NORM=0.000165194011060521
pa	O=0.9999133348464966|NORM=8.607321797171608e-05
oba	O=0.99996018409729|NORM=3.9249585825018585e-05
,	O=0.9998812675476074|NORM=0.00011676002031890675
pa	O=0.9998592138290405|NORM=0.00013988037244416773
ceorav	NORM=0.9886172413825989|O=0.011381475254893303
bo	O=0.999543309211731|NORM=0.00045557826524600387
grilec	O=0.9090396761894226|NORM=0.09095460921525955
zdaj	O=0.9997839331626892|NORM=0.00021517621644306928
spet	O=0.999189555644989|NORM=0.0008092867792584002
pameten	O=0.9982024431228638|NORM=0.0017922701081261039
;)	O=0.9997774958610535|NORM=0.00021999853197485209

kok	NORM=0.5382212996482849|O=0.4617730379104614
dam	NORM=0.9201734662055969|O=0.07982387393712997
not	O=0.9978233575820923|NORM=0.0021732186432927847
?	O=0.9996004700660706|NORM=0.00039672115235589445

@petraslanic	O=0.9993739724159241|NORM=0.0006248606950975955
poznam	O=0.999881386756897|NORM=0.00011774281301768497
komb.	O=0.94521164894104|NORM=0.05476071313023567
proja	O=0.8542539477348328|NORM=0.1457408368587494
+	O=0.9953870177268982|NORM=0.0046028573997318745
kneipp	O=0.9377443194389343|NORM=0.06224330887198448
+	O=0.9913010001182556|NORM=0.008674630895256996
franck	O=0.8741343021392822|NORM=0.12585799396038055
za	O=0.99988853931427|NORM=0.00011088864994235337
"	O=0.9995942711830139|NORM=0.00040454696863889694
belo	O=0.9992620348930359|NORM=0.0007365865749306977
kavo	O=0.9994533658027649|NORM=0.0005458935047499835
"	O=0.9997028708457947|NORM=0.0002950504422187805
.	O=0.9999257326126099|NORM=7.335375266848132e-05

v	O=0.9997569918632507|NORM=0.0002421896788291633
polzeli	O=0.8864163160324097|NORM=0.11357627809047699
ne	O=0.9999159574508667|NORM=8.299520413856953e-05
vejo	O=0.9997062087059021|NORM=0.0002921830164268613
,	O=0.9999256134033203|NORM=7.149642624426633e-05
a	O=0.9999334812164307|NORM=6.605444650631398e-05
ma	NORM=0.9991126656532288|O=0.0008814178872853518
'	O=0.9997683167457581|NORM=0.00023112454800866544
strateški	O=0.9998605251312256|NORM=0.00013857694284524769
partner	O=0.9988189339637756|NORM=0.0011768047697842121
'	O=0.9995057582855225|NORM=0.0004917651531286538
mrd	NORM=0.8255435228347778|O=0.17445233464241028
al	NORM=0.9993776679039001|O=0.0006199320196174085
tisoč	O=0.9987737536430359|NORM=0.0012254409957677126
mrd	NORM=0.8428210616111755|O=0.1571759730577469
prometa	O=0.9994888305664062|NORM=0.0005084698786959052
-	O=0.9992746710777283|NORM=0.0007227432215586305
pol	NORM=0.9995452761650085|O=0.00045286535168997943
je	O=0.9996455907821655|NORM=0.0003528059460222721
tud	NORM=0.9998263716697693|O=0.0001723559107631445
vsen	NORM=0.9992367029190063|O=0.0007620718097314239
,	O=0.9999363422393799|NORM=6.158766336739063e-05
a	O=0.9999129772186279|NORM=8.65644688019529e-05
dobijo	O=0.9997686743736267|NORM=0.00023048411821946502
500	O=0.9993083477020264|NORM=0.0006892126984894276
k	O=0.9320619702339172|NORM=0.06793636083602905
al	NORM=0.9995061159133911|O=0.000492032035253942
50	O=0.9989475607872009|NORM=0.001052108476869762
e	O=0.9927875399589539|NORM=0.0072098951786756516
pomoči	O=0.999715268611908|NORM=0.00028337756521068513
;	O=0.9993569254875183|NORM=0.0006421154830604792
ker	O=0.9998038411140442|NORM=0.00019562403031159192
njim	O=0.9997702240943909|NORM=0.00022814449039287865
ni	O=0.9999020099639893|NORM=9.715701162349433e-05
pomoči	O=0.9998500347137451|NORM=0.0001488537818659097
.	O=0.999879002571106|NORM=0.00011851093586301431

ampak	O=0.9997696280479431|NORM=0.00022949207050260156
tole	O=0.9998766183853149|NORM=0.0001229602930834517
meni	O=0.9998452663421631|NORM=0.0001528287975816056
ne	O=0.9998249411582947|NORM=0.00017396078328602016
zgleda	O=0.9999231100082397|NORM=7.655716763110831e-05
stanovanjska	O=0.9996854066848755|NORM=0.00031361824949271977
stavba	O=0.9997310042381287|NORM=0.00026734877610579133
.	O=0.9999265670776367|NORM=7.242479478009045e-05

pojdi	O=0.9813736081123352|NORM=0.01861819438636303
in	O=0.999916672706604|NORM=8.27170442789793e-05
ne	O=0.9998751878738403|NORM=0.00012404617154970765
pozabi	O=0.9992544054985046|NORM=0.000744992692489177
se	O=0.9995418787002563|NORM=0.0004572078469209373
vrniti	O=0.6301832795143127|NORM=0.3698052167892456
od	O=0.9997652173042297|NORM=0.0002341122308280319
tam	O=0.9999113082885742|NORM=8.80532170413062e-05
!	O=0.9998090863227844|NORM=0.00018885360623244196

kako	O=0.999795138835907|NORM=0.00020327637321315706
se	O=0.9998486042022705|NORM=0.00015099666779860854
reče	O=0.9995123147964478|NORM=0.0004864518705289811
tangicam	O=0.6907468438148499|NORM=0.3092465400695801
po	O=0.9992932081222534|NORM=0.0007060858188197017
poljsko	O=0.9964150190353394|NORM=0.0035815048031508923
?	O=0.9997902512550354|NORM=0.00020837494230363518

no	O=0.9998776912689209|NORM=0.00012110940588172525
sej	NORM=0.999638557434082|O=0.0003602872311603278
sm	NORM=0.9992519021034241|O=0.0007469443953596056
že	O=0.9998237490653992|NORM=0.00017460380331613123
dobila	O=0.9925835132598877|NORM=0.007394767366349697
na	O=0.9994496703147888|NORM=0.0005487418966367841
youtubu	O=0.6931114792823792|NORM=0.3068825900554657
pa	O=0.9997925162315369|NORM=0.00020640905131585896
sm	NORM=0.9992905855178833|O=0.0007082997472025454
iz	O=0.5282427072525024|NORM=0.4717525839805603
tm	NORM=0.998491644859314|O=0.0015048860805109143
zlovdala	NORM=0.9368124008178711|O=0.06317766010761261
:d	O=0.9998743534088135|NORM=0.0001250855129910633

:::)))))	O=0.999909520149231|NORM=9.01769453776069e-05

men	NORM=0.9991028308868408|O=0.000893313146661967
še	O=0.997314989566803|NORM=0.002683641854673624
knjig	O=0.9979667663574219|NORM=0.0020327467937022448
ne	O=0.9998492002487183|NORM=0.00014926149742677808
vrnejo	O=0.9712754487991333|NORM=0.02871953323483467
,	O=0.9999358654022217|NORM=6.276138446992263e-05
kaj	O=0.9997249245643616|NORM=0.0002744584053289145
šele	O=0.9998421669006348|NORM=0.00015731794701423496
dnar	NORM=0.9985041618347168|O=0.001486105495132506
...	O=0.9998328685760498|NORM=0.00016572000458836555

@sanja_sparkles	O=0.9997259974479675|NORM=0.00027337257051840425
aaaa	O=0.9816743731498718|NORM=0.01832347735762596
...	O=0.9992048144340515|NORM=0.000785599637310952
to	O=0.9998112320899963|NORM=0.00018619508773554116
bo	O=0.9969325065612793|NORM=0.003065741155296564
pa	O=0.9999113082885742|NORM=8.828065620036796e-05
že	O=0.9995550513267517|NORM=0.00044333309051580727
bolš	NORM=0.9992576241493225|O=0.0007394601707346737
:d	O=0.9998981952667236|NORM=0.00010109034337801859

ena	O=0.999755322933197|NORM=0.00024331254826392978
za	O=0.9998847246170044|NORM=0.00011465876013971865
zgovorne	O=0.9993062019348145|NORM=0.0006931080715730786
,	O=0.9999151229858398|NORM=8.30523858894594e-05
ki	O=0.9996273517608643|NORM=0.0003719375526998192
rade	O=0.9912386536598206|NORM=0.00875917449593544
naglas	NORM=0.5498315691947937|O=0.45016273856163025
klepetajo	O=0.9994413256645203|NORM=0.0005553211085498333
in	O=0.9999136924743652|NORM=8.58826024341397e-05
druga	O=0.9994118213653564|NORM=0.0005877412622794509
sam	NORM=0.9951035976409912|O=0.0048951031640172005
za	O=0.9998284578323364|NORM=0.00017101857520174235
dober	O=0.999881386756897|NORM=0.00011804986570496112
dan	O=0.9998891353607178|NORM=0.0001101624802686274
in	O=0.9998829364776611|NORM=0.00011613187962211668
tiho	O=0.9993407130241394|NORM=0.000658063217997551
čakanje	O=0.9995294809341431|NORM=0.0004689140769187361
.	O=0.9998506307601929|NORM=0.00014747802924830467

tko	NORM=0.9996955394744873|O=0.000302312575513497
k	NORM=0.9997000694274902|O=0.00029875911423005164
si	O=0.9999452829360962|NORM=5.446696377475746e-05
napisala	O=0.9996950626373291|NORM=0.00030379710369743407
uglavnem	NORM=0.9320082068443298|O=0.06798186898231506
.	O=0.9999418258666992|NORM=5.731223791372031e-05

ja	O=0.9998111128807068|NORM=0.00018715499027166516
,	O=0.9999140501022339|NORM=8.415351476287469e-05
ostali	O=0.9997521042823792|NORM=0.0002444502606522292
bodo	O=0.9998401403427124|NORM=0.00015893222007434815
natakarji	O=0.9988967180252075|NORM=0.0010987423593178391
,	O=0.9999020099639893|NORM=9.639559721108526e-05
nosači	O=0.9890648126602173|NORM=0.010927566327154636
prtljage	O=0.9958606362342834|NORM=0.004138781689107418
fizikalci	O=0.5468471050262451|NORM=0.45314985513687134
na	O=0.9939091205596924|NORM=0.006087420508265495
pisti	O=0.9848641753196716|NORM=0.015134329907596111
in	O=0.9998601675033569|NORM=0.0001389712851960212
par	O=0.9736945033073425|NORM=0.02630208618938923
,	O=0.9996379613876343|NORM=0.0003559808828867972
bom	O=0.9993264675140381|NORM=0.0006683289539068937
rekel	O=0.9979785084724426|NORM=0.0020136996172368526
po	O=0.9852967858314514|NORM=0.014702300541102886
vojaško	O=0.9908533692359924|NORM=0.009134085848927498
,	O=0.9998793601989746|NORM=0.0001179166283691302
desetarjev	O=0.9891875386238098|NORM=0.010810663923621178
pa	O=0.9998557567596436|NORM=0.00014365183596964926
narednikov	O=0.9970505237579346|NORM=0.0029437588527798653
.	O=0.9997376799583435|NORM=0.00026001472724601626

kar	O=0.9915481209754944|NORM=0.008450786583125591
pridi	NORM=0.8108264207839966|O=0.18917131423950195
...	O=0.9998236298561096|NORM=0.00017575736274011433

do	O=0.9998992681503296|NORM=9.973134729079902e-05
not	O=0.9998817443847656|NORM=0.00011564810847630724
boost	O=0.9990504384040833|NORM=0.0009482541354373097
,	O=0.9998999834060669|NORM=9.684201359050348e-05
let	O=0.9999407529830933|NORM=5.823808896820992e-05
others	O=0.9999154806137085|NORM=8.381627412745729e-05
boost	O=0.9991672039031982|NORM=0.0008319959160871804
on	O=0.9999567270278931|NORM=4.244432057021186e-05
your	O=0.9999691247940063|NORM=2.9910826924606226e-05
behalf	O=0.9997267127037048|NORM=0.00027138221776112914
about	O=0.9998094439506531|NORM=0.0001898693008115515
you	O=0.9999741315841675|NORM=2.4934442990343086e-05
.	O=0.999749481678009|NORM=0.0002451287000440061

ha	O=0.9996026158332825|NORM=0.0003949502424802631
ha	O=0.9996453523635864|NORM=0.00035250085056759417
ta	O=0.9993725419044495|NORM=0.000626043532975018
prava	O=0.9988144636154175|NORM=0.0011837601196020842
se	O=0.9989858269691467|NORM=0.0010125960689038038
je	O=0.999618411064148|NORM=0.0003799650876317173
oglasla	NORM=0.9992652535438538|O=0.0007333757821470499

prsli	NORM=0.7781970500946045|O=0.22179152071475983
japonci	O=0.9742749929428101|NORM=0.0257200188934803
do	O=0.9988573789596558|NORM=0.0011418791254982352
recepcije	O=0.9991888403892517|NORM=0.0008105196757242084
in	O=0.9998062252998352|NORM=0.00019287488248664886
mi	O=0.9996522665023804|NORM=0.0003433972306083888
prnesli	NORM=0.9733828902244568|O=0.026614267379045486
ruto	O=0.9512145519256592|NORM=0.0487760491669178
,	O=0.9993720650672913|NORM=0.0006244729156605899
da	O=0.9998446702957153|NORM=0.00015460514987353235
bi	O=0.9966104626655579|NORM=0.0033840008545666933
decka	NORM=0.7707285284996033|O=0.22926773130893707
s	O=0.9853618144989014|NORM=0.014628395438194275
piscalko	NORM=0.9945369362831116|O=0.005461063701659441
obleku	O=0.9798966646194458|NORM=0.020099351182579994
.	O=0.9997619986534119|NORM=0.00023664848413318396

@rokterziev	O=0.9993749260902405|NORM=0.0006235992186702788
playboy	O=0.9978529214859009|NORM=0.0021380912512540817
je	O=0.999832034111023|NORM=0.00016694700752850622
za	O=0.9998152852058411|NORM=0.00018413562793284655
čakanje	O=0.9935150146484375|NORM=0.006483611650764942
pri	O=0.9997978806495667|NORM=0.00020052777836099267
frizerju	O=0.9984320998191833|NORM=0.0015650122659280896
:)	O=0.9998621940612793|NORM=0.00013515650061890483

@savicdomen	O=0.9997546076774597|NORM=0.00024499677238054574
@jgyorkos	O=0.9997435212135315|NORM=0.0002562637673690915
pa	O=0.9999241828918457|NORM=7.553504110546783e-05
kaj	O=0.9984801411628723|NORM=0.0015170789556577802
ma	NORM=0.9984385371208191|O=0.0015490908408537507
gzs	O=0.7276394367218018|NORM=0.2723371386528015
tam	O=0.9931738972663879|NORM=0.00682209525257349
za	O=0.9992290735244751|NORM=0.0007703122100792825
delat	NORM=0.998127281665802|O=0.0018688124837353826
?	O=0.9997809529304504|NORM=0.00021739206567872316

ojojoj	O=0.8681014180183411|NORM=0.1318897306919098
..	O=0.9997398257255554|NORM=0.00025913823628798127

kdo	O=0.9999042749404907|NORM=9.508342918707058e-05
je	O=0.999880313873291|NORM=0.00011865957640111446
ze	NORM=0.9993775486946106|O=0.0006200066418386996
zadnjic	NORM=0.9993446469306946|O=0.0006528064841404557
rekel	O=0.9997250437736511|NORM=0.0002701265912037343
,	O=0.999845027923584|NORM=0.00015218547196127474
da	O=0.9999070167541504|NORM=9.214955935021862e-05
postaja	O=0.9988365769386292|NORM=0.001151294563896954
ircasto	NORM=0.98054438829422|O=0.019453981891274452
?	O=0.9997257590293884|NORM=0.0002705191436689347

@spelaspelca	O=0.999690055847168|NORM=0.0003096403379458934
iiiiiii	NORM=0.9904896020889282|O=0.00950836855918169
odšpeham	O=0.99850994348526|NORM=0.001488105277530849
špeh	O=0.9965093731880188|NORM=0.0034872530959546566
:)	O=0.9999368190765381|NORM=6.224025855772197e-05

no	O=0.9998916387557983|NORM=0.00010745434701675549
,	O=0.9998862743377686|NORM=0.00011189034557901323
to	O=0.9999392032623291|NORM=6.026687697158195e-05
je	O=0.9995549321174622|NORM=0.00044334825361147523
pa	O=0.9998499155044556|NORM=0.00014916242798790336
že	O=0.9997376799583435|NORM=0.00026087884907610714
drugače	O=0.9997842907905579|NORM=0.00021522020688280463
naspekt	NORM=0.8393487334251404|O=0.16064971685409546
zgodbe	O=0.9996067881584167|NORM=0.00039278718759305775
...	O=0.9998160004615784|NORM=0.00018253142479807138

:)	O=0.999946117401123|NORM=5.33071652171202e-05

raje	O=0.9611861705780029|NORM=0.03881242871284485
priznaj	O=0.9991052746772766|NORM=0.0008921822300180793
da	O=0.9999240636825562|NORM=7.546195411123335e-05
pojma	O=0.9996131062507629|NORM=0.00038526038406416774
nimaš	O=0.9249746203422546|NORM=0.07501617819070816
.	O=0.9998668432235718|NORM=0.00013077209587208927

@_enardecapesa_	O=0.9998681545257568|NORM=0.00013136038614902645
@piksika	O=0.9995230436325073|NORM=0.0004763914330396801
hah	O=0.9987937211990356|NORM=0.0012031911173835397
ja	O=0.9997571110725403|NORM=0.00024104451586026698
sej	NORM=0.999602735042572|O=0.0003931974642910063
vem	O=0.9998654127120972|NORM=0.00013401157048065215
da	O=0.9999212026596069|NORM=7.833814015612006e-05
so	O=0.999887228012085|NORM=0.00011209381045773625
cevlji	NORM=0.5065177083015442|O=0.49347639083862305
res	O=0.9998502731323242|NORM=0.0001490835566073656
specificna	NORM=0.9930769205093384|O=0.00692109065130353
stvar	O=0.9938852190971375|NORM=0.006112104747444391
za	O=0.9998748302459717|NORM=0.0001248331682290882
kupit	NORM=0.9993404746055603|O=0.000657734926789999
😊	O=0.9999394416809082|NORM=5.9962127124890685e-05

slabih	O=0.9997413754463196|NORM=0.00025806925259530544
petdeset	O=0.9994645714759827|NORM=0.0005349582061171532
gramov	O=0.999813973903656|NORM=0.000185809432878159
!	O=0.9997525811195374|NORM=0.00024558953009545803

suuuper	NORM=0.8558610081672668|O=0.144118994474411
bi	O=0.9998854398727417|NORM=0.00011343029473209754
blo	NORM=0.9997881054878235|O=0.0002097058022627607
,	O=0.9996598958969116|NORM=0.0003383153525646776
če	O=0.9999017715454102|NORM=9.73086862359196e-05
bi	O=0.9998956918716431|NORM=0.0001036521207424812
ga	O=0.9977430105209351|NORM=0.0022555335890501738
lahk	NORM=0.9993383288383484|O=0.0006592108402401209
k	NORM=0.5006117820739746|O=0.4993528127670288
teb	NORM=0.9978717565536499|O=0.0021267777774482965
prpelala	NORM=0.9903780221939087|O=0.009620343334972858
za	O=0.9943057894706726|NORM=0.005692693404853344
morje	O=0.9992918968200684|NORM=0.0007073060260154307

@stanka_d	O=0.9964798092842102|NORM=0.0035099645610898733
jest	NORM=0.9988631010055542|O=0.001124860136769712
tud	NORM=0.9997051358222961|O=0.000293789868010208
mislem	NORM=0.999258816242218|O=0.0007398268207907677
da	O=0.9994514584541321|NORM=0.0005465138819999993
ne	O=0.9993773102760315|NORM=0.0006147936801426113
,	O=0.9998394250869751|NORM=0.00015909162175375968
edino	O=0.9996248483657837|NORM=0.00037324349978007376
doloceni	NORM=0.601341724395752|O=0.3986492156982422
slo	NORM=0.9991463422775269|O=0.0008522754651494324
&amp;	O=0.9703851342201233|NORM=0.029545119032263756
tuji	O=0.998908519744873|NORM=0.0010895098093897104
odvetniki	O=0.9980952143669128|NORM=0.0018891385989263654
/	O=0.9979998469352722|NORM=0.001996313687413931
pravniki	O=0.9988219141960144|NORM=0.0011701361509039998
,	O=0.999884843826294|NORM=0.00011321126658003777
ki	O=0.9996963739395142|NORM=0.000301424995996058
jih	O=0.9994977712631226|NORM=0.0004979439545422792
navajajo	O=0.999648928642273|NORM=0.00034793943632394075
sds-ovska	O=0.7795572876930237|NORM=0.22043442726135254
trobila	O=0.9779751300811768|NORM=0.02200203761458397
:	O=0.9986284971237183|NORM=0.0013655158691108227
polotikis	O=0.9549686312675476|NORM=0.04501839354634285
,	O=0.9998413324356079|NORM=0.00015691084263380617
reporter	O=0.9874129295349121|NORM=0.012564451433718204
,	O=0.9998401403427124|NORM=0.00015806459123268723
demokraci	O=0.9865247011184692|NORM=0.013471115380525589

tunek	O=0.9448500275611877|NORM=0.05514449626207352
,	O=0.9997172951698303|NORM=0.0002802239032462239
maš	NORM=0.9990861415863037|O=0.0009099796880036592
plusek	O=0.9889756441116333|NORM=0.011017673648893833
od	O=0.9998283386230469|NORM=0.0001711325894575566
mene	O=0.9997923970222473|NORM=0.0002057373058050871
,,	O=0.9993488192558289|NORM=0.0006462413584813476
lol	O=0.9989344477653503|NORM=0.0010577397188171744
,,	O=0.9993999004364014|NORM=0.0005958689143881202
prvi	O=0.999265730381012|NORM=0.0007309539359994233
pozitiven	O=0.9995439648628235|NORM=0.000455016503110528
komentar	O=0.9994233846664429|NORM=0.000573906465433538
...	O=0.9996885061264038|NORM=0.0003077751025557518

ne	O=0.99972003698349|NORM=0.00027640321059152484
spomnem	NORM=0.9885867238044739|O=0.011409449391067028
se	O=0.9992582201957703|NORM=0.000739788287319243
.	O=0.9998563528060913|NORM=0.00014140969142317772

pa	O=0.9998661279678345|NORM=0.00013339451106730849
alfi	O=0.9958726763725281|NORM=0.004126274026930332
je	O=0.9997885823249817|NORM=0.0002107476320816204
tud	NORM=0.9996877908706665|O=0.0003073803090956062
faca	O=0.9965320825576782|NORM=0.0034641395322978497
,	O=0.9999001026153564|NORM=9.921698801917955e-05
kwa	NORM=0.9988077878952026|O=0.0011793408775702119
mu	O=0.9997749924659729|NORM=0.00022382417228072882
manjka	O=0.9976851940155029|NORM=0.0023043553810566664
,	O=0.9999487400054932|NORM=5.0800928875105456e-05
če	O=0.9995884299278259|NORM=0.0004098028293810785
pleza	O=0.9997511506080627|NORM=0.00024833434144966304
po	O=0.9998927116394043|NORM=0.00010692126670619473
štangi	O=0.9927223324775696|NORM=0.007276208605617285
...	O=0.9998118281364441|NORM=0.00018669822020456195

heh	O=0.9988479614257812|NORM=0.0011468640295788646
,	O=0.9999253749847412|NORM=7.302087033167481e-05
tale	O=0.9997692704200745|NORM=0.00022960887872613966
komad	O=0.9981846213340759|NORM=0.001813653390854597
od	O=0.998598039150238|NORM=0.0014012358151376247
pande	O=0.9813769459724426|NORM=0.018621521070599556
na	O=0.9966712594032288|NORM=0.003326280741021037
@val202	O=0.9996558427810669|NORM=0.00034265665453858674
je	O=0.9998823404312134|NORM=0.00011709702084772289
bil	O=0.9997401833534241|NORM=0.0002586425398476422
pa	O=0.9998513460159302|NORM=0.00014816805196460336
pred	O=0.9997794032096863|NORM=0.00021893864322919399
cca	NORM=0.9947046637535095|O=0.005291352514177561
25	O=0.9971541166305542|NORM=0.002841423964127898
leti	O=0.9998862743377686|NORM=0.00011253177945036441
v	O=0.9999022483825684|NORM=9.745269198901951e-05
reklami	O=0.9997895359992981|NORM=0.00020918197697028518
za	O=0.9993646740913391|NORM=0.0006340572726912796
radin	O=0.8998434543609619|NORM=0.10014156252145767
.	O=0.9998856782913208|NORM=0.0001126713104895316

ojla	O=0.9964463114738464|NORM=0.0035504065454006195
.	O=0.9999097585678101|NORM=8.93561591510661e-05

ko	O=0.9999194145202637|NORM=7.989937876118347e-05
se	O=0.9953433871269226|NORM=0.004656091332435608
furam	O=0.9973191618919373|NORM=0.0026686652563512325
v	O=0.9998486042022705|NORM=0.00015066625201143324
avtu	O=0.9992746710777283|NORM=0.0007215170189738274
in	O=0.9998458623886108|NORM=0.00015297341451514512
rabim	O=0.9993288516998291|NORM=0.0006665054825134575
filing	O=0.9951979517936707|NORM=0.0047905403189361095
,	O=0.9999557733535767|NORM=4.305396942072548e-05
pride	O=0.9991198182106018|NORM=0.0008780024945735931
tale	O=0.9977225661277771|NORM=0.002271078759804368
vedno	O=0.9999659061431885|NORM=3.374345396878198e-05
zelo	O=0.9998145699501038|NORM=0.00018354342319071293
prav	O=0.9987649917602539|NORM=0.0012322583934292197
.	O=0.9998687505722046|NORM=0.00012898555723950267

;-)	O=0.9999433755874634|NORM=5.60626394872088e-05

še	O=0.9987189769744873|NORM=0.0012782748090103269
tisti	O=0.9998558759689331|NORM=0.00014271648251451552
gol	O=0.9967545866966248|NORM=0.003236995777115226
,	O=0.9998378753662109|NORM=0.000160602547111921
ki	O=0.9998144507408142|NORM=0.0001843670615926385
jim	O=0.9996784925460815|NORM=0.000319850689265877
je	O=0.9996852874755859|NORM=0.00031273532658815384
bil	O=0.9993448853492737|NORM=0.0006524533964693546
pripisan	O=0.9952071309089661|NORM=0.004787599667906761
,	O=0.9997938275337219|NORM=0.00020394992316141725
je	O=0.9997628331184387|NORM=0.00023554584186058491
bil	O=0.9998260140419006|NORM=0.00017259649757761508
avtogol	O=0.9967251420021057|NORM=0.0032680481672286987
...	O=0.9997041821479797|NORM=0.00029323899070732296

ah	O=0.9997240900993347|NORM=0.0002744320372585207
,	O=0.9999351501464844|NORM=6.388833571691066e-05
next	O=0.9999551773071289|NORM=4.381740291137248e-05
time	O=0.9999465942382812|NORM=5.2526098443195224e-05
...	O=0.9999467134475708|NORM=5.262598642730154e-05

luka	O=0.9977739453315735|NORM=0.002225678414106369
je	O=0.9998409748077393|NORM=0.0001581918477313593
last	O=0.9998376369476318|NORM=0.00016196696378756315
vseh	O=0.999961256980896|NORM=3.8357204175554216e-05
nas	O=0.9998849630355835|NORM=0.00011447970609879121
...	O=0.9998377561569214|NORM=0.00016118036000989377

tudi	O=0.9999665021896362|NORM=3.303229823359288e-05
naši	O=0.9998286962509155|NORM=0.00016792735550552607
voditelji	O=0.9998127818107605|NORM=0.00018517838907428086
so	O=0.9998661279678345|NORM=0.00013293212396092713
bili	O=0.9998410940170288|NORM=0.00015671639994252473
del	O=0.9998964071273804|NORM=0.00010322622983949259
"	O=0.9996191263198853|NORM=0.00038005431997589767
koalicije	O=0.9997503161430359|NORM=0.0002491394989192486
voljnih	O=0.9992330074310303|NORM=0.0007654479704797268
"	O=0.9996328353881836|NORM=0.00036370669840835035
torej	O=0.9999709129333496|NORM=2.871573087759316e-05
bi	O=0.9999532699584961|NORM=4.6174460294423625e-05
morali	O=0.9986961483955383|NORM=0.0012942143948748708
pred	O=0.9985612034797668|NORM=0.0014375913888216019
sodišče	O=0.999497652053833|NORM=0.0005006565479561687
tudi	O=0.9999778270721436|NORM=2.177333772124257e-05
oni	O=0.9999595880508423|NORM=3.934734559152275e-05
.	O=0.9998738765716553|NORM=0.00012393580982461572

verjetno	O=0.9998335838317871|NORM=0.00016455221339128911
je	O=0.9998369216918945|NORM=0.00016228876484092325
manj	O=0.9996411800384521|NORM=0.0003581221681088209
birokracije	O=0.9995033740997314|NORM=0.0004953846801072359
,	O=0.9999127388000488|NORM=8.611100929556414e-05
če	O=0.9997807145118713|NORM=0.00021813508647028357
v	O=0.9996708631515503|NORM=0.00032807840034365654
isti	O=0.9996267557144165|NORM=0.0003711239842232317
državi	O=0.9991618394851685|NORM=0.00082904112059623
kot	O=0.9998056292533875|NORM=0.000193205225514248
je	O=0.9998502731323242|NORM=0.0001489991118432954
podjetje	O=0.9995848536491394|NORM=0.00041218483238480985
registrirano	O=0.9990547299385071|NORM=0.0009417261462658644
,	O=0.9998970031738281|NORM=0.00010025991650763899
dobiš	O=0.9997938275337219|NORM=0.00020537081582006067
kredit	O=0.9991777539253235|NORM=0.0008184045436792076
.	O=0.9998006224632263|NORM=0.0001954854087671265

ker	O=0.9997709393501282|NORM=0.00022835405252408236
pa	O=0.9997448325157166|NORM=0.0002538894477766007
imam	O=0.9998805522918701|NORM=0.0001184084321721457
na	O=0.9997349381446838|NORM=0.0002632529067341238
prstu	O=0.9996329545974731|NORM=0.00036572618409991264
počeno	O=0.9992563128471375|NORM=0.0007419247995130718
kožo	O=0.9993321299552917|NORM=0.0006667498964816332
(	O=0.9994192123413086|NORM=0.00057700538309291
maj	NORM=0.7015659809112549|O=0.2984294295310974
kot	O=0.9554421305656433|NORM=0.04455432668328285
mm	O=0.9895869493484497|NORM=0.01040973886847496
,	O=0.9997684359550476|NORM=0.00022990252182353288
brez	O=0.9993720650672913|NORM=0.0006269516889005899
rane	O=0.9975969195365906|NORM=0.0024020711425691843
)	O=0.9988662004470825|NORM=0.0011228241492062807
me	O=0.9996060729026794|NORM=0.0003895273257512599
zanima	O=0.9994446635246277|NORM=0.0005511048948392272
kakšna	O=0.9999438524246216|NORM=5.553892333409749e-05
je	O=0.9998233914375305|NORM=0.0001756375131662935
verjetnost	O=0.9176688194274902|NORM=0.08232909440994263
okužbe	O=0.9997085928916931|NORM=0.00029082593391649425
z	O=0.9994681477546692|NORM=0.0005296406452544034
hiv-om	O=0.9927592277526855|NORM=0.007229381240904331
?	O=0.9997193217277527|NORM=0.0002775692555587739

bolš	NORM=0.9993999004364014|O=0.000597032776568085
bi	O=0.9998050332069397|NORM=0.00019366186461411417
bvo	NORM=0.9877075552940369|O=0.012290301732718945
ker	O=0.9976720213890076|NORM=0.002327214926481247
če	O=0.9938040971755981|NORM=0.006194546353071928
ne	O=0.9985835552215576|NORM=0.0014151004143059254
lahk	NORM=0.9988778233528137|O=0.0011194333201274276
zgubijo	O=0.9945955872535706|NORM=0.005396080203354359
4	O=0.9998965263366699|NORM=0.00010214453504886478
:	O=0.9998296499252319|NORM=0.00016781639715190977
0	O=0.999858021736145|NORM=0.00014080449182074517
...	O=0.9997288584709167|NORM=0.00026790128322318196

te	O=0.9998416900634766|NORM=0.0001576878275955096
naše	O=0.9998434782028198|NORM=0.00015576153236906976
razlike	O=0.999657154083252|NORM=0.0003387401229701936
so	O=0.9998396635055542|NORM=0.00015948040527291596
dejstvo	O=0.9997732043266296|NORM=0.0002259088505525142
.	O=0.9998360872268677|NORM=0.00016149845032487065

se	O=0.9997063279151917|NORM=0.00029311407706700265
že	O=0.9997459053993225|NORM=0.0002522791037335992
dogaja	O=0.9998683929443359|NORM=0.00013028434477746487
nova	O=0.9999161958694458|NORM=8.352731674676761e-05
hladna	O=0.9997687935829163|NORM=0.00023049161245580763
(	O=0.9993894100189209|NORM=0.0006083397893235087
pravzaprav	O=0.9998565912246704|NORM=0.00014236626157071441
kar	O=0.9857127666473389|NORM=0.014283076860010624
"	O=0.9996391534805298|NORM=0.0003601603675633669
vroča	O=0.9997491240501404|NORM=0.0002504014119040221
"	O=0.9989381432533264|NORM=0.001057284651324153
)	O=0.9992509484291077|NORM=0.0007454894366674125
vojna	O=0.9995927214622498|NORM=0.0004068656708113849

:)))********	O=0.99950110912323|NORM=0.000496123218908906

živjo	NORM=0.9958320260047913|O=0.004166467115283012
!	O=0.9998544454574585|NORM=0.00014473234477918595

to	O=0.9999206066131592|NORM=7.908829866209999e-05
je	O=0.9996156692504883|NORM=0.0003834374656435102
bolj	O=0.9997828602790833|NORM=0.00021682765509467572
problem	O=0.99950110912323|NORM=0.0004970801528543234
:s	O=0.999718964099884|NORM=0.00028014928102493286

nikoli	O=0.9998182654380798|NORM=0.0001795340795069933
ne	O=0.9999383687973022|NORM=6.083527114242315e-05
veš	O=0.999907374382019|NORM=9.197663894155994e-05
kdaj	O=0.9998434782028198|NORM=0.00015525196795351803
se	O=0.9997463822364807|NORM=0.000252920959610492
lahko	O=0.9998059868812561|NORM=0.000192868392332457
zarečeš	O=0.9992424249649048|NORM=0.0007564908009953797
!	O=0.9996265172958374|NORM=0.0003686585114337504

@novax81	O=0.9999020099639893|NORM=9.731205500429496e-05
dilerje	O=0.9819872975349426|NORM=0.01800825633108616
ni	O=0.9764392375946045|NORM=0.023552272468805313
kr	NORM=0.9997405409812927|O=0.0002583620953373611
tko	NORM=0.9997535347938538|O=0.0002453989291097969
za	O=0.9996274709701538|NORM=0.0003718524822033942
zanemarit	NORM=0.9996868371963501|O=0.00031098583713173866
,	O=0.9999148845672607|NORM=8.313763100886717e-05
js	NORM=0.9997368454933167|O=0.00026220083236694336
sm	NORM=0.9994317889213562|O=0.0005672921543009579
ga	O=0.9990390539169312|NORM=0.0009571813279762864
tam	O=0.9971514344215393|NORM=0.0028383531607687473
vidu	NORM=0.9994654059410095|O=0.0005283239879645407
,	O=0.9997207522392273|NORM=0.00027486434555612504
nato	O=0.9965758919715881|NORM=0.0034127107355743647
pa	O=0.9998538494110107|NORM=0.00014487408043351024
ugotovu	NORM=0.9994470477104187|O=0.0005517246900126338
da	O=0.9997631907463074|NORM=0.0002352877490920946
je	O=0.999657154083252|NORM=0.000342220941092819
od	O=0.9951541423797607|NORM=0.004844979848712683
sovascana	NORM=0.9526918530464172|O=0.047305259853601456
,	O=0.9999161958694458|NORM=8.206249913200736e-05
ki	O=0.9975646734237671|NORM=0.0024340187665075064
se	O=0.9912393689155579|NORM=0.008759974502027035
mu	O=0.9996724128723145|NORM=0.00032523315167054534
ga	O=0.9991787075996399|NORM=0.0008203916950151324
ni	O=0.9997010827064514|NORM=0.0002963804581668228
dalo	O=0.9993385672569275|NORM=0.0006591707351617515
privat	O=0.9680431485176086|NORM=0.031950853765010834
prodajat	NORM=0.9984208345413208|O=0.0015769043238833547
#zadovoljen	O=0.9997455477714539|NORM=0.00025349960196763277

:-))	O=0.9999302625656128|NORM=6.924252375029027e-05

alma	O=0.9986440539360046|NORM=0.001354945357888937
,	O=0.9999222755432129|NORM=7.672110223211348e-05
where	O=0.9999628067016602|NORM=3.660019501694478e-05
there	O=0.9999593496322632|NORM=4.000178159913048e-05
is	O=0.9999592304229736|NORM=4.029775664093904e-05
a	O=0.9999200105667114|NORM=7.958018977660686e-05
will	O=0.9994744658470154|NORM=0.0005225157947279513
,	O=0.9999480247497559|NORM=5.094634980196133e-05
there	O=0.9999676942825317|NORM=3.186653339071199e-05
is	O=0.9999752044677734|NORM=2.4348200895474292e-05
a	O=0.999937891960144|NORM=6.176061287987977e-05
way	O=0.9997857213020325|NORM=0.00021341435785871
:d	O=0.9999340772628784|NORM=6.531338294735178e-05

luškana	O=0.9829711318016052|NORM=0.017025327309966087
...	O=0.9991888403892517|NORM=0.0008076339727267623
na	O=0.999783456325531|NORM=0.00021541900059673935
en	O=0.9999228715896606|NORM=7.660783739993349e-05
tak	O=0.9991890788078308|NORM=0.0008097051177173853
...	O=0.995701014995575|NORM=0.004297471139580011
grozljiv	O=0.9997836947441101|NORM=0.00021554400154855102
način	O=0.9993675351142883|NORM=0.0006278188084252179
....	O=0.999884843826294|NORM=0.00011315698066027835

@tomazmajer123	O=0.9998924732208252|NORM=0.00010729529458330944
@blogslovenija	O=0.9998830556869507|NORM=0.00011669276136672124
@samoglavan	O=0.9996620416641235|NORM=0.0003375513479113579
če	O=0.9998704195022583|NORM=0.00012834829976782203
ne	O=0.999929666519165|NORM=6.908569775987417e-05
bi	O=0.999921441078186|NORM=7.802776235621423e-05
blo	NORM=0.999546468257904|O=0.0004485393292270601
partizanov	O=0.9992194175720215|NORM=0.0007797175785526633
,	O=0.999778687953949|NORM=0.00021973482216708362
bi	O=0.9999562501907349|NORM=4.333765900810249e-05
hitler	O=0.9895191192626953|NORM=0.010478920303285122
šetal	O=0.9971497654914856|NORM=0.0028472125995904207
po	O=0.999891996383667|NORM=0.0001076765765901655
ljubljani	O=0.9993860721588135|NORM=0.0006132317939773202
vse	O=0.9999533891677856|NORM=4.5876695367041975e-05
do	O=0.9999672174453735|NORM=3.22855994454585e-05
svoje	O=0.9999351501464844|NORM=6.451326771639287e-05
naravne	O=0.999884843826294|NORM=0.0001147644579759799
smrti	O=0.9998737573623657|NORM=0.00012563503696583211
#častnapartizanska	O=0.9996651411056519|NORM=0.0003345194854773581

možgan	O=0.9889644384384155|NORM=0.011033589951694012
mi	O=0.9997162222862244|NORM=0.0002809731522575021
mau	NORM=0.9988844990730286|O=0.0011082469718530774
čudn	NORM=0.996738612651825|O=0.003260305617004633
dela	O=0.9430636763572693|NORM=0.05688756704330444
.	O=0.9998959302902222|NORM=0.00010322549496777356

njegov	O=0.9998327493667603|NORM=0.00016574605251662433
idol	O=0.9988009929656982|NORM=0.0011952577624469995
je	O=0.9998537302017212|NORM=0.00014560442650690675
bil	O=0.9996720552444458|NORM=0.00032674800604581833
kljucavnicar	NORM=0.9705135822296143|O=0.029484465718269348
..	O=0.9996532201766968|NORM=0.00034500943729653955

če	O=0.9999227523803711|NORM=7.570534944534302e-05
si	O=0.9999581575393677|NORM=4.155684291617945e-05
zdravnik	O=0.9991361498832703|NORM=0.0008610938675701618
tud	NORM=0.9997599720954895|O=0.00023595480888616294
ne	O=0.9999352693557739|NORM=6.39108257018961e-05
more	O=0.9998559951782227|NORM=0.000142528660944663
,	O=0.9999078512191772|NORM=9.056289127329364e-05
pa	O=0.9998791217803955|NORM=0.00011990208440693095
če	O=0.9999610185623169|NORM=3.761515108635649e-05
si	O=0.9999630451202393|NORM=3.6530913348542526e-05
pilot	O=0.9976503252983093|NORM=0.0023473238106817007
tud	NORM=0.999765932559967|O=0.000230890917009674
ne	O=0.9998987913131714|NORM=9.982179471990094e-05
moreš	O=0.9999079704284668|NORM=9.132865670835599e-05
.	O=0.9998413324356079|NORM=0.00015734856424387544

:)	O=0.999946117401123|NORM=5.3307110647438094e-05

jih	O=0.9982262253761292|NORM=0.0017710532993078232
nism	NORM=0.999380350112915|O=0.000616948411334306
dobu	NORM=0.9971109628677368|O=0.0028328783810138702
na	O=0.9950032830238342|NORM=0.004987826570868492
kredo	O=0.9907128214836121|NORM=0.0092801284044981
,	O=0.9998427629470825|NORM=0.00015474410611204803
ki	O=0.9997454285621643|NORM=0.00025381281739100814
bi	O=0.9999244213104248|NORM=7.481748616555706e-05
jo	O=0.9998043179512024|NORM=0.00019493617583066225
potem	O=0.999935507774353|NORM=6.411241338355467e-05
odpisali	O=0.9960353970527649|NORM=0.003954810556024313
.	O=0.9998794794082642|NORM=0.00011866819113492966

na	O=0.9995587468147278|NORM=0.00043967581586912274
veliko	O=0.9998940229415894|NORM=0.00010531676525715739
noč	O=0.9999161958694458|NORM=8.356754551641643e-05
.	O=0.9998601675033569|NORM=0.00013798291911371052

en	O=0.9997466206550598|NORM=0.00025301825371570885
drug	O=0.9963904023170471|NORM=0.0036075597163289785
.	O=0.9997896552085876|NORM=0.00020875433983746916

matr	NORM=0.99702388048172|O=0.002936505014076829
mogoče	O=0.999416708946228|NORM=0.0005799231003038585
pa	O=0.9999347925186157|NORM=6.482283788500354e-05
pridem	O=0.9998279809951782|NORM=0.00017100415425375104
celo	O=0.9998373985290527|NORM=0.00016221610712818801
.	O=0.9999285936355591|NORM=7.040651689749211e-05

bi	O=0.9998657703399658|NORM=0.00013322690210770816
za	O=0.9998558759689331|NORM=0.00014340232883114368
deset	O=0.9994321465492249|NORM=0.000566786271519959
minut	O=0.9981460571289062|NORM=0.001846739207394421
vstopil	O=0.9974799752235413|NORM=0.0025122840888798237
namesto	O=0.9995508790016174|NORM=0.00044633776997216046
mendya	O=0.9783874750137329|NORM=0.021609719842672348
,	O=0.9996970891952515|NORM=0.00030217788298614323
tavaresa	O=0.9812676906585693|NORM=0.0187308881431818
,	O=0.9997627139091492|NORM=0.0002364388492424041
fajića	O=0.9862520098686218|NORM=0.013744843192398548
in	O=0.999811589717865|NORM=0.00018690571596380323
"	O=0.9998169541358948|NORM=0.00018256346811540425
dedom	O=0.9983099699020386|NORM=0.001688554068095982
"	O=0.9997389912605286|NORM=0.00026026240084320307
pokazal	O=0.994823694229126|NORM=0.005165028385818005
"	O=0.9998383522033691|NORM=0.00016088866686914116
v	O=0.9997062087059021|NORM=0.00029140437254682183
živo	O=0.9996954202651978|NORM=0.00030349401640705764
"	O=0.9998546838760376|NORM=0.00014422023377846926
,	O=0.9998592138290405|NORM=0.00013887308887206018
kako	O=0.9995747208595276|NORM=0.00042068271432071924
mora	O=0.9998205304145813|NORM=0.00017811304132919759
napadalec	O=0.9989627599716187|NORM=0.0010322150774300098
"	O=0.9998229146003723|NORM=0.0001766026980476454
zabiti	O=0.9970748424530029|NORM=0.002917892299592495
v	O=0.999663233757019|NORM=0.00033473456278443336
gol	O=0.9979565143585205|NORM=0.002021762076765299
"	O=0.9997634291648865|NORM=0.00023450957087334245
.	O=0.999703586101532|NORM=0.00029151589842513204

hohohoho	O=0.9972335696220398|NORM=0.0027641907799988985
....	O=0.9985188841819763|NORM=0.0014663110487163067
ta	O=0.9975435137748718|NORM=0.00245482986792922
je	O=0.999626636505127|NORM=0.00037222771788947284
pa	O=0.9997690320014954|NORM=0.00023015517217572778
še	O=0.9996572732925415|NORM=0.0003419702989049256
hujša	O=0.9992546439170837|NORM=0.0007445276714861393
kot	O=0.9996139407157898|NORM=0.00038559429231099784
od	O=0.9991937279701233|NORM=0.0008055190555751324
moje	O=0.9943999648094177|NORM=0.005598852410912514
.........	O=0.9990760087966919|NORM=0.0009227970149368048
:)))	O=0.9997208714485168|NORM=0.00027811923064291477

#tamau	O=0.9993853569030762|NORM=0.0006137202144600451
reče	O=0.999221920967102|NORM=0.0007767518400214612
,	O=0.9998766183853149|NORM=0.00012119408347643912
da	O=0.999869704246521|NORM=0.00012888055061921477
bi	O=0.9992945194244385|NORM=0.0007040543132461607
treniru	NORM=0.9537171721458435|O=0.04627896472811699
kšn	NORM=0.9992451667785645|O=0.0007538415375165641
ekipni	O=0.9975487589836121|NORM=0.0024490447249263525
šport	O=0.9946926236152649|NORM=0.0052926186472177505
,	O=0.9997426867485046|NORM=0.0002559023560024798
npr.	O=0.9863948822021484|NORM=0.013570893555879593
rokomet	O=0.9944224953651428|NORM=0.005562121514230967
.	O=0.9997041821479797|NORM=0.0002927494642790407

:)	O=0.999946117401123|NORM=5.33070633537136e-05

naše	O=0.9998990297317505|NORM=0.00010024405492004007
ceste	O=0.9994133710861206|NORM=0.0005860465462319553
so	O=0.9998718500137329|NORM=0.00012716242054011673
dejansko	O=0.9999020099639893|NORM=9.729897283250466e-05
#katastrofa	O=0.9998793601989746|NORM=0.00012011888611596078
.	O=0.9998999834060669|NORM=9.839989070314914e-05

jaz	O=0.9996215105056763|NORM=0.00037501947372220457
sem	O=0.9999127388000488|NORM=8.666001667734236e-05
tudi	O=0.9999477863311768|NORM=5.150717333890498e-05
pred	O=0.9998952150344849|NORM=0.00010321380250388756
nekaj	O=0.9999332427978516|NORM=6.617706821998581e-05
dnevi	O=0.9998428821563721|NORM=0.00015437693218700588
bila	O=0.9999134540557861|NORM=8.58151979628019e-05
na	O=0.9996021389961243|NORM=0.0003950157843064517
testiranju	O=0.9998130202293396|NORM=0.0001853641151683405
krvi	O=0.9991880059242249|NORM=0.0008084431756287813
...	O=0.9984110593795776|NORM=0.001571399625390768
in	O=0.9998549222946167|NORM=0.0001435762387700379
so	O=0.9997809529304504|NORM=0.00021721363009419292
mi	O=0.9996991157531738|NORM=0.0002959731500595808
ugotovili	O=0.9997795224189758|NORM=0.00021904392633587122
da	O=0.9998437166213989|NORM=0.00015429273480549455
imam	O=0.999553382396698|NORM=0.0004439865006133914
direktni	O=0.9971104860305786|NORM=0.0028859544545412064
:	O=0.9978323578834534|NORM=0.0021532836835831404
10.4	O=0.9973714351654053|NORM=0.0026255531702190638
celični	O=0.993827760219574|NORM=0.00616550212725997
pa	O=0.9997281432151794|NORM=0.00027031864738091826
:	O=0.9986461997032166|NORM=0.0013490674318745732
36.7	O=0.9994251728057861|NORM=0.0005716733285225928
...	O=0.9992589354515076|NORM=0.0007322910823859274

hm	O=0.9989198446273804|NORM=0.0010763570899143815
jaz	O=0.999365508556366|NORM=0.0006292264442890882
razumem	O=0.9998369216918945|NORM=0.00016191510076168925
da	O=0.9998922348022461|NORM=0.00010707845649449155
naslov	O=0.9990357160568237|NORM=0.0009522669715806842
in	O=0.9999579191207886|NORM=4.150542008574121e-05
podnaslov	O=0.9987725615501404|NORM=0.0012233289889991283
ne	O=0.9998449087142944|NORM=0.0001535500050522387
gresta	O=0.9998018145561218|NORM=0.00019722487195394933
skupaj	O=0.9998918771743774|NORM=0.00010675978410290554

slavoja	O=0.9925383925437927|NORM=0.0074603371322155
žižka	O=0.9887680411338806|NORM=0.011230535805225372
za	O=0.9999072551727295|NORM=9.236382902599871e-05
predsednika	O=0.999675989151001|NORM=0.0003225544060114771
!	O=0.9996781349182129|NORM=0.00031908100936561823

@puredestiny	O=0.9419137835502625|NORM=0.058079689741134644
cist	NORM=0.9995934367179871|O=0.00040413843817077577
odstekano	O=0.5753018856048584|NORM=0.42468634247779846
,	O=0.9999088048934937|NORM=8.987758337752894e-05
kol	NORM=0.9997393488883972|O=0.00025904050562530756
so	O=0.9992794394493103|NORM=0.000718040275387466
bli	NORM=0.9997648596763611|O=0.0002325784444110468
vceraj	NORM=0.9508224129676819|O=0.049175139516592026
zvecer	NORM=0.9996476173400879|O=0.0003501367464195937
pa	O=0.9998028874397278|NORM=0.00019665693980641663
do	O=0.9994382262229919|NORM=0.0005606310442090034
1	O=0.9879958033561707|NORM=0.012000617571175098
gnes	NORM=0.9985931515693665|O=0.0014055899810045958
ponoci	NORM=0.9996336698532104|O=0.000364591833204031
,	O=0.9999170303344727|NORM=8.177584822988138e-05
bli	NORM=0.999750554561615|O=0.00024700252106413245
so	O=0.9992644190788269|NORM=0.0007325712940655649
reeeedno	NORM=0.9996607303619385|O=0.0003376853128429502
carski	O=0.89488285779953|NORM=0.10510723292827606
,	O=0.999879002571106|NORM=0.00011954482033615932
biu	NORM=0.9997860789299011|O=0.00021148539963178337
san	NORM=0.9995754361152649|O=0.0004223883734084666
cist	NORM=0.9996176958084106|O=0.0003800093836616725
v	O=0.9994706511497498|NORM=0.0005278540775179863
prvi	O=0.9995689988136292|NORM=0.0004276685358490795
vrsti	O=0.9997085928916931|NORM=0.00029036341584287584
gor	NORM=0.9984246492385864|O=0.0015741854440420866
2/3	O=0.9531132578849792|NORM=0.046882666647434235

po	O=0.9996950626373291|NORM=0.00030471576610580087
stilu	O=0.9997734427452087|NORM=0.00022578269999939948
pisanja	O=0.999819815158844|NORM=0.00017943627608474344
se	O=0.9996758699417114|NORM=0.0003230003931093961
mi	O=0.9999526739120483|NORM=4.655469092540443e-05
zdi	O=0.9998536109924316|NORM=0.00014410568110179156
da	O=0.9999154806137085|NORM=8.380204235436395e-05
je	O=0.9995160102844238|NORM=0.00048288353718817234
meglic	NORM=0.6212484240531921|O=0.37874501943588257
(	O=0.99936443567276|NORM=0.0006327370065264404
ko	O=0.9991939663887024|NORM=0.0008045039721764624
si	O=0.9992875456809998|NORM=0.0007120968075469136
da	O=0.9613808989524841|NORM=0.038616836071014404
duska	O=0.9046897292137146|NORM=0.09530483931303024
)	O=0.9990531802177429|NORM=0.0009417328401468694
,	O=0.9998898506164551|NORM=0.00010822228068718687
nisem	O=0.9996488094329834|NORM=0.00034755622618831694
pa	O=0.9999223947525024|NORM=7.712304795859382e-05
cist	NORM=0.9995536208152771|O=0.00044501456432044506
100	O=0.9990772008895874|NORM=0.0009186956449411809
%	O=0.9980148077011108|NORM=0.0019692308269441128
.	O=0.9998227953910828|NORM=0.0001746799098327756

ze	NORM=0.9991550445556641|O=0.0008408077410422266
dolg	O=0.5012438893318176|NORM=0.49875181913375854
casa	NORM=0.9946572184562683|O=0.005341511219739914
nisem	O=0.9999088048934937|NORM=9.040541044669226e-05
bil	O=0.9998911619186401|NORM=0.00010809070226969197
tolk	NORM=0.9993842840194702|O=0.0006115703145042062
zlomlen	O=0.9904991984367371|NORM=0.009494252502918243
kot	O=0.9998559951782227|NORM=0.00014325989468488842
sem	O=0.9999507665634155|NORM=4.8950485506793484e-05
danes	O=0.999957799911499|NORM=4.167585575487465e-05
...	O=0.999690055847168|NORM=0.00030699928174726665

jutr	NORM=0.9992308616638184|O=0.0007639494724571705
bom	O=0.999829888343811|NORM=0.00016909798432607204
pa	O=0.9998877048492432|NORM=0.00011174931569257751
še	O=0.9988312125205994|NORM=0.0011633341200649738
pisu	NORM=0.999366819858551|O=0.0006317694787867367
k	NORM=0.9996609687805176|O=0.0003379550762474537
majo	NORM=0.9992706179618835|O=0.0007265190361067653
v	O=0.9976602792739868|NORM=0.002338147023692727
gradcu	NORM=0.9931788444519043|O=0.006817472632974386
pa	O=0.999541163444519|NORM=0.00045790744479745626
še	O=0.9995250701904297|NORM=0.0004709390050265938
nek	O=0.7679949998855591|NORM=0.23198945820331573
=)	O=0.9998558759689331|NORM=0.0001430394040653482

sele	NORM=0.9985058307647705|O=0.0014900019159540534
zdj	NORM=0.9988033771514893|O=0.0011949921026825905
prsli	NORM=0.8435128331184387|O=0.1564832627773285
iz	O=0.995635449886322|NORM=0.00436369189992547
hura	O=0.9651299118995667|NORM=0.034855663776397705
(	O=0.9993873834609985|NORM=0.0006095202988944948
nazaj	O=0.9991532564163208|NORM=0.0008453953196294606
sli	NORM=0.9987228512763977|O=0.0012727122521027923
cez	NORM=0.9206753969192505|O=0.07932154834270477
sentvid	NORM=0.9228684902191162|O=0.07712656259536743
)	O=0.9991338849067688|NORM=0.0008605501498095691
,	O=0.9999041557312012|NORM=9.536238940199837e-05
sledi	O=0.9963728189468384|NORM=0.003626763354986906
vecerja	NORM=0.9919400811195374|O=0.008057331666350365
/	O=0.9961936473846436|NORM=0.0038034929893910885
tusiranje	O=0.9085498452186584|NORM=0.09144748002290726
&amp;	O=0.9905945062637329|NORM=0.009398968890309334
zgodi	NORM=0.7536572813987732|O=0.24634087085723877
spat	NORM=0.5611474514007568|O=0.4388454258441925
(	O=0.9993646740913391|NORM=0.0006321846158243716
zjutri	NORM=0.9983965754508972|O=0.0015928265638649464
zobar	NORM=0.9876151084899902|O=0.012383700348436832
)	O=0.9994926452636719|NORM=0.0005030778120271862
@skeptiksi	O=0.9989666938781738|NORM=0.00103270064573735

ni	O=0.997470498085022|NORM=0.0025241656694561243
blo	NORM=0.9994186162948608|O=0.0005776877515017986
glih	O=0.9875286817550659|NORM=0.012469516135752201
polezavanja	O=0.5842028856277466|NORM=0.4157915413379669

30	O=0.9985670447349548|NORM=0.0014306928496807814
miljard	O=0.9912369251251221|NORM=0.008750049397349358
,	O=0.9999415874481201|NORM=5.7568042393540964e-05
zato	O=0.99991774559021|NORM=8.14696031739004e-05
pa	O=0.999880313873291|NORM=0.00011897981312358752
moramo	O=0.9999028444290161|NORM=9.61464102147147e-05
podarjati	O=0.9942429661750793|NORM=0.005752697587013245
banke	O=0.9990730285644531|NORM=0.0009249600116163492

psloušam	O=0.9341381192207336|NORM=0.0658411979675293
vla202	NORM=0.9709846377372742|O=0.02901381440460682
.	O=0.9999469518661499|NORM=5.227396104601212e-05

who's	O=0.9999501705169678|NORM=4.95508975291159e-05
lucky	O=0.9998706579208374|NORM=0.00012769844033755362
bustard	O=0.9994992017745972|NORM=0.0004994532209821045
?	O=0.9998142123222351|NORM=0.00018305599223822355

oba	O=0.9999434947967529|NORM=5.619362855213694e-05
sta	O=0.9998496770858765|NORM=0.00014925844152458012
alternativa	O=0.9991145730018616|NORM=0.0008839887450449169
za	O=0.9999030828475952|NORM=9.624698577681556e-05
malo	O=0.9998681545257568|NORM=0.00013113883323967457
množico	O=0.9997146725654602|NORM=0.00028361802105791867
ljudi	O=0.9999544620513916|NORM=4.498516136663966e-05
,	O=0.9999547004699707|NORM=4.432090645423159e-05
oba	O=0.999948263168335|NORM=5.1406103011686355e-05
poslušam	O=0.9993904829025269|NORM=0.0006040387670509517
,	O=0.9999643564224243|NORM=3.4889984817709774e-05
oba	O=0.9999690055847168|NORM=3.0709798011230305e-05
sta	O=0.9998785257339478|NORM=0.00012058788706781343
mi	O=0.9999470710754395|NORM=5.168589996173978e-05
cool	O=0.999745786190033|NORM=0.0002525672025512904
:)	O=0.9999109506607056|NORM=8.74332181410864e-05

-	O=0.9987577199935913|NORM=0.0012357700616121292
pa	O=0.9997876286506653|NORM=0.000211514561669901
janševo	O=0.994314968585968|NORM=0.005679980386048555
kliniko	O=0.9985883831977844|NORM=0.0014052174519747496
vam	O=0.9999383687973022|NORM=6.115065480116755e-05
bom	O=0.9997386336326599|NORM=0.0002598595747258514
pokazu	NORM=0.9996320009231567|O=0.0003662521776277572
.	O=0.999833345413208|NORM=0.00016508644330315292

ponosn	NORM=0.9963002800941467|O=0.003698713378980756
na	O=0.9998063445091248|NORM=0.00019278534455224872
@zkosir	O=0.9982506632804871|NORM=0.0017472164472565055
!!!	O=0.9999176263809204|NORM=8.157633419614285e-05

lepo	O=0.999846339225769|NORM=0.0001530331646790728
!	O=0.9998947381973267|NORM=0.00010457062307978049

(	O=0.9995298385620117|NORM=0.00046276135253719985
to	O=0.9999456405639648|NORM=5.343305747373961e-05
paše	O=0.9994379878044128|NORM=0.0005608352366834879
zraven	O=0.9996495246887207|NORM=0.0003476870770100504
,	O=0.9998700618743896|NORM=0.0001285313774133101
ker	O=0.9998890161514282|NORM=0.00011039320816053078
sta	O=0.9997699856758118|NORM=0.00022953505686018616
kimye	O=0.9336338639259338|NORM=0.06636331230401993
skor	NORM=0.9988577365875244|O=0.0011373837478458881
tolk	NORM=0.9993228912353516|O=0.000675899675115943
royalty	O=0.9874722361564636|NORM=0.012507962062954903
kot	O=0.9976186156272888|NORM=0.0023803941439837217
bey-z	O=0.8556125164031982|NORM=0.14437584578990936
)	O=0.9996801614761353|NORM=0.0003172368451487273

@supr_strudl	O=0.9991569519042969|NORM=0.0008423587423749268

ne	O=0.9990692734718323|NORM=0.0009282038663513958
se	O=0.9772327542304993|NORM=0.022766126319766045
salit	NORM=0.9995174407958984|O=0.00048147502820938826
,	O=0.9996247291564941|NORM=0.00037367799086496234
stranske	O=0.5558243989944458|NORM=0.44416937232017517
30	O=0.818558931350708|NORM=0.18143604695796967
spredne	NORM=0.985934853553772|O=0.014061594381928444
vetrobransko	O=0.9345382452011108|NORM=0.0654509887099266
tut	NORM=0.9993062019348145|O=0.0006914872210472822
nekaj	O=0.9603962302207947|NORM=0.0395803302526474
pa	O=0.9993901252746582|NORM=0.0006092191906645894
zadnje	O=0.9770662188529968|NORM=0.02292795479297638
na	O=0.9687283039093018|NORM=0.031268082559108734
ful	O=0.8308829665184021|NORM=0.1691007763147354
za	O=0.9964802861213684|NORM=0.0035185341257601976
sprednjo	O=0.9936081171035767|NORM=0.006389074958860874
pa	O=0.9995079040527344|NORM=0.0004909202689304948
je	O=0.9993873834609985|NORM=0.0006115171127021313
etaq	O=0.6898554563522339|NORM=0.3101401627063751
bzv	NORM=0.9918268918991089|O=0.008171649649739265
temnit	NORM=0.8582714796066284|O=0.14172101020812988

@jssmrenton	O=0.9997274279594421|NORM=0.0002721399941947311
sej	NORM=0.9986886382102966|O=0.0012729399604722857
to	O=0.9999676942825317|NORM=3.16685218422208e-05
!	O=0.9999101161956787|NORM=8.91527597559616e-05

skoz	NORM=0.9982125759124756|O=0.0017660047160461545
vse	O=0.999933123588562|NORM=6.566199590452015e-05
pa	O=0.9999305009841919|NORM=6.911231321282685e-05
nč	NORM=0.9988766312599182|O=0.0011121736606583
.	O=0.999929666519165|NORM=6.914515688549727e-05

tolk	NORM=0.9993724226951599|O=0.0006266990676522255
hvale	O=0.9020258784294128|NORM=0.097969189286232
sem	O=0.9998067021369934|NORM=0.00019235290528740734
v	O=0.9996247291564941|NORM=0.00037476434954442084
naši	O=0.9978321194648743|NORM=0.002165725454688072
rdeči	O=0.999270498752594|NORM=0.0007278573466464877
propagandi	O=0.9981263279914856|NORM=0.001869003870524466
prebral	O=0.9946191310882568|NORM=0.005352453328669071
in	O=0.9998050332069397|NORM=0.00019409153901506215
slišal	O=0.9991949200630188|NORM=0.0008017504587769508
o	O=0.9997711777687073|NORM=0.00022828376677352935
snowdenu	O=0.9473910927772522|NORM=0.0526033416390419
...	O=0.9983487129211426|NORM=0.0016449480317533016
da	O=0.998754620552063|NORM=0.0012411595089361072
sm	NORM=0.9982871413230896|O=0.0017117942916229367
dobu	NORM=0.9989763498306274|O=0.0010184869170188904
občutek	O=0.9988825917243958|NORM=0.0011154045350849628
..	O=0.9967888593673706|NORM=0.0032030525617301464
da	O=0.9996768236160278|NORM=0.0003219283535145223
naši	O=0.9994899034500122|NORM=0.0005077607347629964
levaki	O=0.9970045685768127|NORM=0.0029929594602435827
ljubijo	O=0.9996511936187744|NORM=0.00034645982668735087
žvižgače	O=0.9969677329063416|NORM=0.0030313797760754824
..	O=0.9995009899139404|NORM=0.0004947555135004222

:))	O=0.9998390674591064|NORM=0.00015969353262335062

prosjek	NORM=0.8980785608291626|O=0.10191893577575684
moje	O=0.9996360540390015|NORM=0.00036300701322034
place	O=0.9760140180587769|NORM=0.0239779744297266
je	O=0.9998117089271545|NORM=0.0001872999273473397
850	O=0.9968672394752502|NORM=0.0031255437061190605
eu	O=0.9688742160797119|NORM=0.031114989891648293
za	O=0.9999136924743652|NORM=8.60599466250278e-05
polni	O=0.9997397065162659|NORM=0.00025975872995331883
delovni	O=0.9993671774864197|NORM=0.000629460671916604
cas	O=0.5357462763786316|NORM=0.4642452895641327
l.	O=0.9833645224571228|NORM=0.016558485105633736
p	O=0.9607320427894592|NORM=0.03925788775086403
hafiz	O=0.9558692574501038|NORM=0.044109001755714417

@n_e_j_k_o	O=0.9972078204154968|NORM=0.002778706606477499
@effev	O=0.9744144082069397|NORM=0.025574062019586563
ne	O=0.9996730089187622|NORM=0.0003254651091992855
da	O=0.9955014586448669|NORM=0.004496633540838957
slikat	NORM=0.9992638230323792|O=0.000732533517293632
,	O=0.9998382329940796|NORM=0.0001593840861460194
preveč	O=0.9976832866668701|NORM=0.002310495125129819
jih	O=0.9996957778930664|NORM=0.0003033584216609597
je	O=0.9997455477714539|NORM=0.00025349861243739724
:d	O=0.9995439648628235|NORM=0.000453192216809839
@ninnchy	O=0.9851468205451965|NORM=0.014849440194666386

@mitjakravanja	O=0.9999068975448608|NORM=9.293236507801339e-05
ahahahha	O=0.9993026256561279|NORM=0.0006967692170292139
...	O=0.9998449087142944|NORM=0.00015366457228083163

drugač	NORM=0.9993313550949097|O=0.0006666088011115789
nasrkaš	O=0.9890553951263428|NORM=0.010943732224404812
kasnej	NORM=0.9952709078788757|O=0.004728138446807861
:)	O=0.9999537467956543|NORM=4.548528522718698e-05

@bokinachbar	O=0.9997192025184631|NORM=0.0002800443908199668
ja	O=0.9994799494743347|NORM=0.000519339635502547
sej	NORM=0.999421238899231|O=0.0005721041234210134
,	O=0.9998667240142822|NORM=0.00013237821985967457
kao	O=0.9999098777770996|NORM=8.983552106656134e-05
.	O=0.9999337196350098|NORM=6.487732025561854e-05

na	O=0.999700665473938|NORM=0.00029821303905919194
svobodi	O=0.999572217464447|NORM=0.000426063546910882
ga	O=0.9996659755706787|NORM=0.00033268818515352905
plačuješ	O=0.8637860417366028|NORM=0.1362115889787674
,	O=0.9998370409011841|NORM=0.00016078048793133348
v	O=0.9995036125183105|NORM=0.0004953210009261966
zaporu	O=0.9958866238594055|NORM=0.004105353727936745
ga	O=0.999438464641571|NORM=0.0005604077596217394
maš	NORM=0.9992184638977051|O=0.0007785487687215209
zastonj	O=0.9971418976783752|NORM=0.0028557083569467068
.	O=0.9996328353881836|NORM=0.0003629798593465239

čist	NORM=0.9993662238121033|O=0.000631069706287235
nehote	O=0.9951457381248474|NORM=0.004853385966271162
in	O=0.9998964071273804|NORM=0.00010324345930712298
neprimerno	O=0.9953703284263611|NORM=0.004626264795660973
.	O=0.9999192953109741|NORM=7.992923929123208e-05

bo	O=0.9987050294876099|NORM=0.0012926063500344753
že	O=0.999546468257904|NORM=0.0004505087563302368
držalo	O=0.9989503026008606|NORM=0.0010392962722107768
,	O=0.9998244643211365|NORM=0.00017273718549404293
da	O=0.9997583031654358|NORM=0.00024009474145714194
je	O=0.9996187686920166|NORM=0.00037937608431093395
potrebno	O=0.999627947807312|NORM=0.0003700494999065995
kubance	O=0.9807025790214539|NORM=0.019292494282126427
podkupiti	O=0.9931024312973022|NORM=0.0068902564235031605
,	O=0.9998655319213867|NORM=0.00013330260117072612
preden	O=0.8586857318878174|NORM=0.14130787551403046
bi	O=0.9998596906661987|NORM=0.00013921395293436944
se	O=0.9995648264884949|NORM=0.0004344383778516203
znašli	O=0.9944023489952087|NORM=0.005593008827418089
tam	O=0.999203622341156|NORM=0.0007932945154607296
putinovi	O=0.9977880716323853|NORM=0.002206589560955763
....	O=0.9996975660324097|NORM=0.0002973110822495073

dobra	O=0.9999319314956665|NORM=6.740990647813305e-05
:-)	O=0.9999189376831055|NORM=8.046443690545857e-05

ti	O=0.9997346997261047|NORM=0.00026201579021289945
sploh	O=0.9996383190155029|NORM=0.00035976836807094514
bereš	O=0.999100923538208|NORM=0.0008958457037806511
odgovore	O=0.9992917776107788|NORM=0.0007052983273752034
ali	O=0.9998832941055298|NORM=0.00011603206803556532
samo	O=0.9997122883796692|NORM=0.0002857513027265668
prodajaš	O=0.9998142123222351|NORM=0.00018470437498763204
svojo	O=0.9999212026596069|NORM=7.798213482601568e-05
teorijo	O=0.9993842840194702|NORM=0.0006119331810623407
,	O=0.9998216032981873|NORM=0.00017596865654923022
dokler	O=0.9997766613960266|NORM=0.0002214478445239365
ne	O=0.9999282360076904|NORM=7.128908328013495e-05
zmanjka	O=0.9980165958404541|NORM=0.0019813375547528267
baterije	O=0.9988468885421753|NORM=0.0011514327488839626
na	O=0.9997172951698303|NORM=0.0002814551116898656
tipkovnici	O=0.9996252059936523|NORM=0.00037351317587308586
?	O=0.9996553659439087|NORM=0.00034040227183140814

@badabumbadabum	O=0.9997958540916443|NORM=0.00020334786677267402
verjetno	O=0.9998441934585571|NORM=0.00015425175661221147
sta	O=0.9998273849487305|NORM=0.00017207542259711772
prepričana	O=0.999799907207489|NORM=0.0001990346354432404
da	O=0.999929666519165|NORM=6.967039371374995e-05
si	O=0.9999604225158691|NORM=3.933079642592929e-05
kučan	O=0.9958513975143433|NORM=0.004146083258092403
in	O=0.9998852014541626|NORM=0.00011386596452211961
da	O=0.9999326467514038|NORM=6.663845852017403e-05
napoveduješ	O=0.9088023900985718|NORM=0.09119641780853271
bigbang	O=0.999294638633728|NORM=0.0007039580959826708
.	O=0.9999042749404907|NORM=9.394036896992475e-05

pol	NORM=0.999451220035553|O=0.0005447455914691091
pa	O=0.9998210072517395|NORM=0.00017850134463515133
lohk	NORM=0.9996445178985596|O=0.0003538842429406941
gres	NORM=0.9994557499885559|O=0.0005406761192716658
spat	O=0.9763934016227722|NORM=0.02359497733414173
,	O=0.9999399185180664|NORM=5.901406257180497e-05
pa	O=0.999911904335022|NORM=8.751513087190688e-05
imas	NORM=0.999312162399292|O=0.0006847435724921525
mirno	O=0.7969198822975159|NORM=0.2030755579471588
noc	NORM=0.9803407192230225|O=0.01965043507516384
itd	O=0.7859722375869751|NORM=0.21402263641357422
;)))	O=0.9999393224716187|NORM=6.010805373080075e-05

@smiljanpavic	O=0.9997554421424866|NORM=0.0002442739496473223
@bokinachbar	O=0.9996659755706787|NORM=0.00033359971712343395
pri	O=0.9994749426841736|NORM=0.0005232286057434976
nogometu	O=0.9997586607933044|NORM=0.00024053118249867111
so	O=0.9998575448989868|NORM=0.00014178756100591272
ang	O=0.7588094472885132|NORM=0.24118450284004211
,	O=0.9989926218986511|NORM=0.0010032214922830462
sco	O=0.8685086369514465|NORM=0.13148640096187592
,	O=0.9994704127311707|NORM=0.0005269400426186621
wal	O=0.9084024429321289|NORM=0.09159371256828308
in	O=0.9984148740768433|NORM=0.0015820465050637722
nir	O=0.9233366847038269|NORM=0.07662857323884964
člani	O=0.9991286396980286|NORM=0.0008687382796779275
fife	O=0.9921831488609314|NORM=0.007809567265212536
/	O=0.9989467263221741|NORM=0.0010507825063541532
uefe	O=0.9569353461265564|NORM=0.04304569959640503
.	O=0.9997386336326599|NORM=0.00025943093351088464

no	O=0.9998968839645386|NORM=0.00010214983194600791
,	O=0.999581515789032|NORM=0.000415629445342347
to	O=0.9997656941413879|NORM=0.000231739497394301
...	O=0.9998446702957153|NORM=0.0001539467484690249

@petrasovdat	O=0.9994766116142273|NORM=0.0005226870416663587
pol	NORM=0.9975112676620483|O=0.002480235183611512
bomo	O=0.9996529817581177|NORM=0.0003434326499700546
tkole	NORM=0.9980449676513672|O=0.001950339530594647
čez	O=0.9998739957809448|NORM=0.00012551913096103817
ene	O=0.9993292093276978|NORM=0.0006699520745314658
pet	O=0.9990150928497314|NORM=0.0009843901498243213
let	O=0.9996495246887207|NORM=0.00034932862035930157
objavjlali	NORM=0.9780062437057495|O=0.021989135071635246
le	O=0.9990712404251099|NORM=0.0009270291775465012
ex	O=0.964080810546875|NORM=0.03591745346784592
slovence	O=0.9236481189727783|NORM=0.07634865492582321
ki	O=0.9996261596679688|NORM=0.00037294780486263335
so	O=0.9996964931488037|NORM=0.0003015230759046972
uspeli	O=0.9952625036239624|NORM=0.004725621081888676
v	O=0.9997414946556091|NORM=0.00025761438882909715
tujih	O=0.9995607733726501|NORM=0.0004373398551251739
krajih	O=0.9994645714759827|NORM=0.000533674843609333
@vitacajnko	O=0.999099850654602|NORM=0.0008993938681669533
#slosindrom	O=0.9995365142822266|NORM=0.0004628185124602169

če	O=0.9999120235443115|NORM=8.69807117851451e-05
ste	O=0.9999216794967651|NORM=7.782065949868411e-05
nuvaring	O=0.9005047678947449|NORM=0.09948889166116714
vstavili	O=0.9962992072105408|NORM=0.0036764589603990316
šele	O=0.9994773268699646|NORM=0.000516205676831305
v	O=0.999735414981842|NORM=0.0002633356489241123
ponedeljek	O=0.9996801614761353|NORM=0.0003154120349790901
,	O=0.9999146461486816|NORM=8.210425585275516e-05
je	O=0.9997369647026062|NORM=0.00026236617122776806
zamuda	O=0.9981358051300049|NORM=0.0018634821753948927
4	O=0.9998067021369934|NORM=0.0001917810586746782
dni	O=0.999883770942688|NORM=0.00011477583029773086
in	O=0.9998772144317627|NORM=0.00012164552026661113
ta	O=0.9998956918716431|NORM=0.00010302208102075383
zamik	O=0.9945709109306335|NORM=0.005426476243883371
morate	O=0.9999163150787354|NORM=8.300861372845247e-05
upoštevati	O=0.999427318572998|NORM=0.0005699859466403723
tudi	O=0.9999251365661621|NORM=7.42327538318932e-05
pri	O=0.9999171495437622|NORM=8.174638060154393e-05
odstranitvi	O=0.9996716976165771|NORM=0.0003275387571193278
,	O=0.9998815059661865|NORM=0.00011584101594053209
ki	O=0.9998098015785217|NORM=0.00018950665253214538
bo	O=0.9997401833534241|NORM=0.00025943751097656786
4	O=0.999009370803833|NORM=0.0009875103132799268
dni	O=0.9997190833091736|NORM=0.00027897677500732243
kasneje	O=0.9999055862426758|NORM=9.392248466610909e-05
.	O=0.9997604489326477|NORM=0.0002371378941461444

občudujem	O=0.999041736125946|NORM=0.0009564242791384459
tisto	O=0.999594509601593|NORM=0.00040402828017249703
,	O=0.9997127652168274|NORM=0.0002849638694897294
ki	O=0.9992496371269226|NORM=0.0007483233930543065
pospravlja	O=0.9987062215805054|NORM=0.0012877767439931631
za	O=0.9997312426567078|NORM=0.00026726495707407594
jamiejem	O=0.9966081380844116|NORM=0.003388819517567754
,	O=0.9998999834060669|NORM=9.87258754321374e-05
ker	O=0.9993994235992432|NORM=0.0005998394917696714
tko	NORM=0.9994214773178101|O=0.000577817321754992
kot	O=0.999248206615448|NORM=0.0007499484345316887
pa	O=0.9999279975891113|NORM=7.154433842515573e-05
on	O=0.9997920393943787|NORM=0.00020667903299909085
nasvinja	O=0.9347482919692993|NORM=0.06524838507175446
kuhno	O=0.9923460483551025|NORM=0.007651246152818203
,	O=0.9999014139175415|NORM=9.730002784635872e-05
to	O=0.9999604225158691|NORM=3.901508534909226e-05
je	O=0.9998049139976501|NORM=0.0001940545189427212
pa	O=0.9999184608459473|NORM=8.092752250377089e-05
noro	O=0.9989173412322998|NORM=0.0010819019516929984
.	O=0.999849796295166|NORM=0.0001488523412263021

kdo	O=0.9998726844787598|NORM=0.00012671532749664038
bi	O=0.99989914894104|NORM=9.983267955249175e-05
pa	O=0.9998645782470703|NORM=0.00013464530638884753
sploh	O=0.9998847246170044|NORM=0.00011451714090071619
kupil	O=0.9960306286811829|NORM=0.003956364467740059
reporterja	O=0.9990026354789734|NORM=0.000994044472463429
,	O=0.9998898506164551|NORM=0.00010873509745579213
demokracijo	O=0.9997431635856628|NORM=0.0002556027320679277
ali	O=0.9994055032730103|NORM=0.0005933929933235049
usrani	O=0.9827417731285095|NORM=0.017256373539566994
pozar	NORM=0.9786953330039978|O=0.0213028397411108
report	O=0.9791745543479919|NORM=0.02081977389752865
.	O=0.9997962117195129|NORM=0.0002006014547077939

@xelnessify	O=0.9997215867042542|NORM=0.00027782146935351193
so	O=0.9994230270385742|NORM=0.0005749192787334323
mi	O=0.9996095299720764|NORM=0.0003878690768033266
iz	O=0.9971051812171936|NORM=0.002893300959840417
twitter	O=0.9936641454696655|NORM=0.006330606993287802
supporta	O=0.9983640313148499|NORM=0.0016303790034726262
pisal	NORM=0.9624688625335693|O=0.03752918913960457
,	O=0.9997066855430603|NORM=0.00028874078998342156
da	O=0.9998725652694702|NORM=0.0001266283361474052
so	O=0.9997289776802063|NORM=0.00026999914553016424
mel	NORM=0.9995007514953613|O=0.00049827981274575
neke	O=0.9989485144615173|NORM=0.0010494604939594865
probelme	NORM=0.924656331539154|O=0.07534150779247284
in	O=0.9997949004173279|NORM=0.00020404877432156354
da	O=0.9999082088470459|NORM=9.113648411585018e-05
se	O=0.9990703463554382|NORM=0.0009283774998039007
opravicujejo	O=0.9371780157089233|NORM=0.06280677020549774
..	O=0.9992478489875793|NORM=0.0007462293142452836

sm	NORM=0.9997135996818542|O=0.00028540578205138445
pa	O=0.9997572302818298|NORM=0.00024217010650318116
ze	NORM=0.9994465708732605|O=0.0005486342706717551
zamenju	NORM=0.9996188879013062|O=0.00037560693453997374
geslo	O=0.9996687173843384|NORM=0.00032946511055342853
in	O=0.9999252557754517|NORM=7.408022065646946e-05
pobrisu	NORM=0.9997568726539612|O=0.00023963209241628647
hackane	O=0.99665367603302|NORM=0.003342572133988142
tvite	O=0.9806110858917236|NORM=0.01938641630113125
,	O=0.9998949766159058|NORM=0.00010348867363063619
tko	NORM=0.9994983673095703|O=0.0004961291560903192
da	O=0.9994134902954102|NORM=0.0005854199407622218
zdej	NORM=0.9992702603340149|O=0.0007139610243029892
bi	O=0.9999169111251831|NORM=8.236865687649697e-05
mogl	NORM=0.9997357726097107|O=0.0002622230676934123
bit	NORM=0.9997413754463196|O=0.0002556297986302525
:-)	O=0.9997711777687073|NORM=0.0002271874254802242

namesto	O=0.9998563528060913|NORM=0.00014182932500261813
da	O=0.9999091625213623|NORM=8.967538451543078e-05
bi	O=0.9999394416809082|NORM=5.9928966948064044e-05
sami	O=0.9980118274688721|NORM=0.001980116358026862
služili	O=0.9971471428871155|NORM=0.0028458843007683754
..	O=0.9977251887321472|NORM=0.0022609729785472155
se	O=0.9944813251495361|NORM=0.005518089979887009
misli	O=0.9982989430427551|NORM=0.0016983789391815662
samo	O=0.9998375177383423|NORM=0.00016080080240499228
na	O=0.9997895359992981|NORM=0.00020876266353297979
to	O=0.999913215637207|NORM=8.378443453693762e-05
..	O=0.9984765648841858|NORM=0.0015128093073144555
kako	O=0.9998218417167664|NORM=0.00017549995391163975
bi	O=0.99991774559021|NORM=8.147511834977195e-05
čimveč	O=0.9996016621589661|NORM=0.00039779552025720477
denarja	O=0.9998778104782104|NORM=0.00012044113827869296
od	O=0.9991391897201538|NORM=0.0008598591084592044
eu	O=0.9501722455024719|NORM=0.049820587038993835
dobili	O=0.998271107673645|NORM=0.0017214034451171756
!	O=0.9996342658996582|NORM=0.0003624295350164175

pa	O=0.9995991587638855|NORM=0.0003988030075561255
se	O=0.9994301199913025|NORM=0.000568859395571053
mal	NORM=0.9997097849845886|O=0.00028875740827061236
žogajo	O=0.9983288645744324|NORM=0.001667200936935842
in	O=0.9998279809951782|NORM=0.00017073038907255977
čakajo	O=0.9998331069946289|NORM=0.0001659871923038736
,	O=0.9996964931488037|NORM=0.00030202153720892966
da	O=0.9986248016357422|NORM=0.001374578452669084
messi	O=0.9817628860473633|NORM=0.01823463849723339
/	O=0.998467743396759|NORM=0.0015309537993744016
robben	O=0.9781215190887451|NORM=0.02187407948076725
neki	NORM=0.9990628361701965|O=0.0009355127112939954
nardi	NORM=0.9906540513038635|O=0.00934412982314825
v	O=0.999707043170929|NORM=0.00029228051425889134
89.	O=0.9989151954650879|NORM=0.0010790659580379725
minuti	O=0.9986286163330078|NORM=0.0013666409067809582

tudi	O=0.9999140501022339|NORM=8.529453771188855e-05
nam	O=0.9999299049377441|NORM=6.869572825962678e-05
posojajo	O=0.9976711869239807|NORM=0.002324689645320177
,	O=0.9998326301574707|NORM=0.00016330639482475817
pa	O=0.999855637550354|NORM=0.00014330315752886236
jim	O=0.999835729598999|NORM=0.00016253127250820398
ne	O=0.9998602867126465|NORM=0.00013774287072010338
bomo	O=0.9997851252555847|NORM=0.0002104984305333346
nikoli	O=0.9999339580535889|NORM=6.502872565761209e-05
vrnili	O=0.9981452226638794|NORM=0.0018472467781975865
,	O=0.9998716115951538|NORM=0.0001268731284653768
...	O=0.9991244673728943|NORM=0.0008671432733535767

jazz1975	O=0.9986982345581055|NORM=0.0012996846344321966
-	O=0.9992109537124634|NORM=0.0007792831165716052
mi	O=0.9999510049819946|NORM=4.810750760952942e-05
pišeš	O=0.9998462200164795|NORM=0.00015349662862718105
na	O=0.9994503855705261|NORM=0.0005463470588438213
:	O=0.9997063279151917|NORM=0.0002874771016649902

#ff	O=0.999640703201294|NORM=0.00035855890018865466
@finallymario	O=0.999563992023468|NORM=0.0004347318899817765
še	O=0.9990135431289673|NORM=0.0009829663904383779
en	O=0.9997431635856628|NORM=0.0002546625619288534
"	O=0.9994288086891174|NORM=0.0005698837921954691
kapitalc	O=0.7445273995399475|NORM=0.25546178221702576
"	O=0.9991952776908875|NORM=0.0008015657076612115
na	O=0.999677300453186|NORM=0.00032092645415104926
twitterju	O=0.9993712306022644|NORM=0.0006268097786232829
,	O=0.9998931884765625|NORM=0.00010553345055086538
balotelli	O=0.9959981441497803|NORM=0.003995046950876713
,	O=0.9998155236244202|NORM=0.0001833625283325091
v	O=0.9997320771217346|NORM=0.0002666673972271383
dnevu	O=0.9983342289924622|NORM=0.0016649354947730899
235.000	O=0.9978379607200623|NORM=0.002153799869120121
followerjev	O=0.9997043013572693|NORM=0.00029462011298164725
,	O=0.9998559951782227|NORM=0.00014294954598881304
trenutno	O=0.999884843826294|NORM=0.00011425643606344238
skuša	O=0.9965978264808655|NORM=0.0033981078304350376
zamenjati	O=0.9991598129272461|NORM=0.0008351301657967269
profilno	O=0.9986504912376404|NORM=0.0013457579771056771
jajce	O=0.9941229224205017|NORM=0.005874485708773136
#genuine	O=0.9992908239364624|NORM=0.000708082050550729

evo	O=0.9973406195640564|NORM=0.0026585122104734182
tu	O=0.9190990924835205|NORM=0.08089926838874817
mate	NORM=0.9986552000045776|O=0.0013408833183348179
pa	O=0.9999314546585083|NORM=6.833339284639806e-05
relexajte	NORM=0.9928563833236694|O=0.007141526322811842
:)	O=0.9999501705169678|NORM=4.923346932628192e-05

@petra_jansa	O=0.999618649482727|NORM=0.000380857614800334
@blogslovenija	O=0.9998244643211365|NORM=0.00017525721341371536
človk	NORM=0.9888826012611389|O=0.011114860884845257
(	O=0.9988034963607788|NORM=0.0011872774921357632
jani	O=0.9942527413368225|NORM=0.0057382662780582905
)	O=0.9991913437843323|NORM=0.0008013012120500207
,	O=0.9999223947525024|NORM=7.515128527302295e-05
ki	O=0.999829888343811|NORM=0.000168659258633852
ni	O=0.9998860359191895|NORM=0.00011266060755588114
sposoben	O=0.9997263550758362|NORM=0.00027292274171486497
nardit	NORM=0.9992604851722717|O=0.0007323927129618824
enega	O=0.9972710013389587|NORM=0.0027275197207927704
faksa	O=0.9995641112327576|NORM=0.00043392833322286606
ne	O=0.9999449253082275|NORM=5.431516910903156e-05
bi	O=0.9999445676803589|NORM=5.487526868819259e-05
smel	O=0.9897168874740601|NORM=0.010275088250637054
sedet	NORM=0.9995660185813904|O=0.0004303199821151793
v	O=0.9997974038124084|NORM=0.0002021865948336199
pralamentu	O=0.96844881772995|NORM=0.03153955191373825
.	O=0.9998664855957031|NORM=0.00013106258120387793

#cudnanedelja	O=0.9998424053192139|NORM=0.00015734108455944806

vse	O=0.999920129776001|NORM=7.860807090764865e-05
kaže	O=0.9999070167541504|NORM=9.174278966384009e-05
na	O=0.9998373985290527|NORM=0.00016136303020175546
to	O=0.9998428821563721|NORM=0.00015299483493436128
,	O=0.9999098777770996|NORM=8.769785199547186e-05
da	O=0.9998986721038818|NORM=0.0001003421566565521
bom	O=0.999890923500061|NORM=0.00010706515604397282
prišel	O=0.9961466789245605|NORM=0.003833819879218936
na	O=0.9988322854042053|NORM=0.0011607985943555832
@dandband	O=0.9997298121452332|NORM=0.0002695892471820116
,	O=0.9998977184295654|NORM=0.0001009699481073767
ko	O=0.9992051720619202|NORM=0.000789021491073072
bodo	O=0.9980428218841553|NORM=0.0019493851577863097
v	O=0.9993327260017395|NORM=0.0006657593767158687
mb	O=0.9909842014312744|NORM=0.009013484232127666
.	O=0.9997404217720032|NORM=0.0002536857209634036

gulag	O=0.9960126876831055|NORM=0.00398695794865489
majke	O=0.8467747569084167|NORM=0.1532227247953415
mi	O=0.9998502731323242|NORM=0.00014910331810824573
...	O=0.9999014139175415|NORM=9.812386997509748e-05

lp	O=0.9996097683906555|NORM=0.0003881259763147682

kaj	O=0.9992297887802124|NORM=0.0007692277431488037
bi	O=0.9998420476913452|NORM=0.00015555541904177517
lahko	O=0.9995958209037781|NORM=0.0004003990034107119
prosim	O=0.9992807507514954|NORM=0.0007142381509765983
nehali	O=0.988892138004303|NORM=0.011104685254395008
vsak	O=0.999881386756897|NORM=0.00011761621863115579
dan	O=0.9997170567512512|NORM=0.0002774998138193041
po	O=0.9994235038757324|NORM=0.0005759536870755255
najmanj	O=0.9989423155784607|NORM=0.0010558204958215356
trikrat	O=0.9986913800239563|NORM=0.0013058965560048819
objavljati	O=0.9987244009971619|NORM=0.0012718347134068608
novice	O=0.9982982277870178|NORM=0.0016962920781224966
o	O=0.999962329864502|NORM=3.722412293427624e-05
tem	O=0.9997387528419495|NORM=0.0002589553769212216
gospodu	O=0.9996477365493774|NORM=0.00035170154296793044
?	O=0.9995738863945007|NORM=0.0004182302509434521

trpijo	O=0.9998642206192017|NORM=0.0001350830716546625
če	O=0.999824583530426|NORM=0.00017486423894297332
so	O=0.9998782873153687|NORM=0.00012109745875932276
tepene	O=0.9968113303184509|NORM=0.003186645917594433
..	O=0.9993166923522949|NORM=0.0006793339853174984
in	O=0.999907374382019|NORM=9.183560905512422e-05
so	O=0.9998928308486938|NORM=0.00010627209849189967
hvaležne	O=0.9999047517776489|NORM=9.486238559475169e-05
za	O=0.9999417066574097|NORM=5.7688190281623974e-05
vsako	O=0.9999542236328125|NORM=4.532085222308524e-05
drobtinico	O=0.9997288584709167|NORM=0.0002704831422306597
ljubezni	O=0.999868631362915|NORM=0.00013081524230074137

me	O=0.999860405921936|NORM=0.0001370318204862997
zanima	O=0.9997187256813049|NORM=0.0002796594053506851
,	O=0.9999388456344604|NORM=5.874324415344745e-05
ker	O=0.9999425411224365|NORM=5.695630898117088e-05
grem	O=0.9997323155403137|NORM=0.00026537387748248875
na	O=0.999760091304779|NORM=0.0002383651299169287
teren	O=0.9979122281074524|NORM=0.00208099908195436
.	O=0.9999346733093262|NORM=6.333443889161572e-05

dost	NORM=0.9994831085205078|O=0.0005154422833584249
bo	O=0.9967963099479675|NORM=0.00320119084790349
že	O=0.9994968175888062|NORM=0.0004996263887733221
da	O=0.9998496770858765|NORM=0.00014926811854820698
bom	O=0.9998923540115356|NORM=0.00010584198025753722
najdla	NORM=0.623253583908081|O=0.3767385482788086
sebe	O=0.9999420642852783|NORM=5.732553472626023e-05
spet	O=0.9997865557670593|NORM=0.00021283849491737783
,	O=0.9999570846557617|NORM=4.220296978019178e-05
brez	O=0.9999679327011108|NORM=3.187116453773342e-05
njega	O=0.9998624324798584|NORM=0.00013548419519793242
.	O=0.999907374382019|NORM=9.0940018708352e-05

kostin	O=0.969353973865509|NORM=0.030643247067928314
...	O=0.9998226761817932|NORM=0.00017669648514129221

na	O=0.9997150301933289|NORM=0.00028392014792189
koncu	O=0.9998332262039185|NORM=0.00016564296674914658
itaq	NORM=0.9934360980987549|O=0.006561231333762407
vsi	O=0.9999681711196899|NORM=3.1402734748553485e-05
vemo	O=0.9998716115951538|NORM=0.00012746313586831093
,	O=0.9998576641082764|NORM=0.00014151929644867778
da	O=0.9998602867126465|NORM=0.00013904804654885083
je	O=0.9997028708457947|NORM=0.0002964881423395127
kao	O=0.9534569978713989|NORM=0.046539802104234695
un	NORM=0.9980852603912354|O=0.0019085000967606902
ta	O=0.9992865920066833|NORM=0.0007114862091839314
najnaj	O=0.8950319290161133|NORM=0.10496455430984497
.	O=0.9998438358306885|NORM=0.000153996967128478

menda	O=0.9993395209312439|NORM=0.0006597534520551562
bo	O=0.9998030066490173|NORM=0.0001965232950169593
leto	O=0.9993661046028137|NORM=0.0006327934679575264
2014	O=0.9994732737541199|NORM=0.0005256183212623
za	O=0.9997082352638245|NORM=0.00029116717632859945
bike	O=0.9957934617996216|NORM=0.004204783588647842
in	O=0.9998430013656616|NORM=0.00015625795640517026
bikice	O=0.985260546207428|NORM=0.01473335549235344
noro	O=0.959021806716919|NORM=0.04096917808055878
dobro	O=0.9992687106132507|NORM=0.0007284383755177259
in	O=0.9998202919960022|NORM=0.0001788536028470844
uspešno	O=0.9996210336685181|NORM=0.00037734402576461434
...	O=0.999613344669342|NORM=0.0003835729730781168

super	O=0.999356210231781|NORM=0.0006375425728037953
,	O=0.999946117401123|NORM=5.2571027481462806e-05
resnično	O=0.9999710321426392|NORM=2.8682343327091075e-05
še	O=0.9999692440032959|NORM=3.0460829293588176e-05
enkrat	O=0.9999784231185913|NORM=2.1281875888234936e-05
hvala	O=0.9998655319213867|NORM=0.0001336941058980301
za	O=0.9999760389328003|NORM=2.367656270507723e-05
pomoč	O=0.999589741230011|NORM=0.00040865459595806897
.	O=0.9997598528862|NORM=0.0002336775796720758

v	O=0.9997047781944275|NORM=0.00029468152206391096
savni	O=0.9961846470832825|NORM=0.0038107240106910467
sem	O=0.9999364614486694|NORM=6.318390660453588e-05
že	O=0.99989914894104|NORM=9.982915798900649e-05
parkrat	O=0.999816358089447|NORM=0.00018281597294844687
sexal	NORM=0.8516982793807983|O=0.14828819036483765
,	O=0.9998983144760132|NORM=0.0001009248589980416
pa	O=0.9999068975448608|NORM=9.250977745978162e-05
moram	O=0.9998906850814819|NORM=0.00010813931294251233
rečt	NORM=0.9993426203727722|O=0.0006514860433526337
,	O=0.9999053478240967|NORM=9.34007330215536e-05
da	O=0.9999018907546997|NORM=9.717998909763992e-05
je	O=0.999858021736145|NORM=0.00014126610767561942
hudo	O=0.9997244477272034|NORM=0.00027417787350714207
dobr	NORM=0.9995300769805908|O=0.0004685125022660941
.	O=0.9998725652694702|NORM=0.00012658220657613128

tist	NORM=0.9977443218231201|O=0.002254475373774767
del	O=0.998927652835846|NORM=0.0010704394662752748
dneva	O=0.999883770942688|NORM=0.000113562578917481
,	O=0.9995481371879578|NORM=0.0004487847618293017
k	NORM=0.9993543028831482|O=0.0006447225459851325
ti	O=0.999839186668396|NORM=0.0001585327263455838
dajo	O=0.9988162517547607|NORM=0.001181960222311318
mir	O=0.9991579055786133|NORM=0.000839651795104146
,	O=0.9998942613601685|NORM=0.00010418247256893665
da	O=0.9998083710670471|NORM=0.0001901539508253336
se	O=0.9989596605300903|NORM=0.001039201975800097
zliješ	O=0.9722301959991455|NORM=0.02776627615094185
v	O=0.998467743396759|NORM=0.0015306923305615783
kavč	O=0.9904130101203918|NORM=0.009585922583937645
in	O=0.9997801184654236|NORM=0.00021794594067614526
prtisneš	NORM=0.6773428916931152|O=0.32264959812164307
play	O=0.9916167855262756|NORM=0.00838051363825798
.	O=0.9997616410255432|NORM=0.00023576804960612208

drugic	NORM=0.9973179697990417|O=0.0026811324059963226
be	NORM=0.9143933653831482|O=0.08560410141944885
more	O=0.9993265867233276|NORM=0.0006728219450451434
specific	NORM=0.9970290064811707|O=0.0029700042214244604
v	O=0.9968876242637634|NORM=0.003110744757577777
svojih	O=0.9971204996109009|NORM=0.002875998616218567
tw	NORM=0.998079776763916|O=0.0019195576896890998
.	O=0.9998519420623779|NORM=0.0001469441776862368

uspšno	O=0.9995146989822388|NORM=0.000484747375594452
sejanje	O=0.9841089844703674|NORM=0.015890318900346756
..	O=0.9997641444206238|NORM=0.00023495542700402439

december	O=0.999765932559967|NORM=0.00023373114527203143
je	O=0.9998996257781982|NORM=9.99638214125298e-05
fejk	O=0.9997318387031555|NORM=0.00026756784063763916
.	O=0.9999350309371948|NORM=6.400742859113961e-05

k	NORM=0.999718964099884|O=0.0002799268113449216
jst	NORM=0.9993190765380859|O=0.0006750648026354611
to	O=0.9998231530189514|NORM=0.0001758313737809658
prvic	NORM=0.9993244409561157|O=0.0006666926201432943
vidm	NORM=0.9986094236373901|O=0.0013676407979801297
take	O=0.9991704225540161|NORM=0.0008285142830573022
naloge	O=0.9956458210945129|NORM=0.004351679235696793
pa	O=0.9997610449790955|NORM=0.00023836649779696018
sm	NORM=0.9996004700660706|O=0.00039846671279519796
tut	NORM=0.9989966750144958|O=0.0009848690824583173
3	O=0.9957850575447083|NORM=0.004208551254123449
letnik	O=0.9452638626098633|NORM=0.0547274686396122

ja	O=0.9999078512191772|NORM=9.117992158280686e-05
kr	NORM=0.9996159076690674|O=0.00038143526762723923
ko	O=0.9994679093360901|NORM=0.0005311067798174918
ti	O=0.9999690055847168|NORM=3.0550134397344664e-05
bo	O=0.999049961566925|NORM=0.0009481559973210096
sodnik	O=0.9942454695701599|NORM=0.005752728320658207
neki	NORM=0.9996246099472046|O=0.000371479953173548
po	O=0.991952121257782|NORM=0.008046512492001057
anglesk	NORM=0.9916136264801025|O=0.008384903892874718
povedu	NORM=0.9993742108345032|O=0.0006243530078791082
nazaj	O=0.999790608882904|NORM=0.0002076291712000966
,	O=0.999804675579071|NORM=0.00019250484183430672
bos	NORM=0.9996304512023926|O=0.0003679041110444814
pa	O=0.9999268054962158|NORM=7.280729187186807e-05
razumel	O=0.9623450636863708|NORM=0.037610117346048355
ja	O=0.9998786449432373|NORM=0.00012050536315655336
#spanci	O=0.9997965693473816|NORM=0.00020308155217207968
#rokomet	O=0.9998643398284912|NORM=0.00013545849651563913

mi	O=0.9996451139450073|NORM=0.0003515387943480164
:	O=0.9988095760345459|NORM=0.001184304361231625
bi	O=0.9994152784347534|NORM=0.0005832281894981861
mal	NORM=0.9994685053825378|O=0.0005265612853690982
prsuta	NORM=0.9924558401107788|O=0.007541663479059935
pa	O=0.9995680451393127|NORM=0.00043149531120434403
sira	O=0.9969862103462219|NORM=0.0030108524952083826
in	O=0.9997846484184265|NORM=0.00021437162649817765
kozarcek	NORM=0.993599534034729|O=0.00639853160828352
vina	O=0.9995574355125427|NORM=0.0004418505122885108
.	O=0.9999047517776489|NORM=9.308614244218916e-05

hudo	O=0.9996703863143921|NORM=0.0003286857681814581
dobro	O=0.9993981122970581|NORM=0.0006001949077472091
..	O=0.9996517896652222|NORM=0.000346844841260463

ne	O=0.9997102618217468|NORM=0.0002886521106120199
morš	NORM=0.9995725750923157|O=0.0004260405257809907
verjet	NORM=0.9994754195213318|O=0.0005217339494265616
:	O=0.9991351962089539|NORM=0.000860463420394808
ne	O=0.9998437166213989|NORM=0.00015535330749116838
kljub	O=0.9993070363998413|NORM=0.000692322151735425
temu	O=0.9998747110366821|NORM=0.00012373326171655208
ampak	O=0.9999362230300903|NORM=6.347148882923648e-05
zarad	NORM=0.9988172054290771|O=0.0011765591334551573
ustave	O=0.9853217601776123|NORM=0.014675336889922619
rs	O=0.9259568452835083|NORM=0.07402470707893372
zavašnik	O=0.7369220852851868|NORM=0.2630693316459656
ne	O=0.9998660087585449|NORM=0.00013330840738490224
bo	O=0.9994426369667053|NORM=0.0005559457931667566
sedel	O=0.9140458106994629|NORM=0.08593977242708206
.	O=0.9998821020126343|NORM=0.0001162707558250986

:)	O=0.999946117401123|NORM=5.330726344254799e-05

v	O=0.9992302656173706|NORM=0.0007675584056414664
merkatorju	O=0.9621667861938477|NORM=0.03781748563051224
naročim	O=0.9981595873832703|NORM=0.0018346509896218777
sendvič	O=0.9996232986450195|NORM=0.00037629841244779527
s	O=0.9982353448867798|NORM=0.0017555984668433666
poli	O=0.9938535690307617|NORM=0.006144263315945864

se	NORM=0.9987186193466187|O=0.0012787028681486845
tud	NORM=0.9996895790100098|O=0.00030812754994258285
rdeči	O=0.9992115497589111|NORM=0.0007866759551689029
so	O=0.9997996687889099|NORM=0.00019948153931181878
okej	O=0.7807666063308716|NORM=0.2192191779613495
hehe	O=0.9996572732925415|NORM=0.00034187050187028944

@humercab	O=0.999614953994751|NORM=0.00038399797631427646
:d	O=0.998559296131134|NORM=0.001438224921002984
ženim	O=0.9952901601791382|NORM=0.004706502892076969
bratranc	NORM=0.8605075478553772|O=0.1394885778427124
me	O=0.9983880519866943|NORM=0.0016086577670648694
je	O=0.9994797110557556|NORM=0.0005192976677790284
navadu	NORM=0.9995667338371277|O=0.0004276822437532246
.	O=0.9999189376831055|NORM=7.996748900040984e-05

gremo	O=0.9997052550315857|NORM=0.00029419336351566017
tina	O=0.9896200299263|NORM=0.01037848461419344
.	O=0.9999268054962158|NORM=7.194402860477567e-05

pa	O=0.9995977282524109|NORM=0.0004000110493507236
sm	NORM=0.999504804611206|O=0.0004936354816891253
mislu	NORM=0.9991002082824707|O=0.0008898277301341295
da	O=0.9998276233673096|NORM=0.00017127337923739105
me	O=0.9994403719902039|NORM=0.0005549531779251993
nikol	NORM=0.9995898604393005|O=0.0004063051601406187
ne	O=0.9998152852058411|NORM=0.00018358715169597417
bo	O=0.9987647533416748|NORM=0.0012335444334894419
doletela	O=0.9923062920570374|NORM=0.0076918830163776875
taka	O=0.999950647354126|NORM=4.8986948968376964e-05
sreča	O=0.9998691082000732|NORM=0.00012995919678360224
#haha	O=0.9999442100524902|NORM=5.544284067582339e-05

prvi	O=0.99970942735672|NORM=0.0002883467241190374
ki	O=0.9995716214179993|NORM=0.0004277524712961167
je	O=0.9998306035995483|NORM=0.00016826015780679882
na	O=0.9997766613960266|NORM=0.0002213844854850322
spisku	O=0.9997214674949646|NORM=0.00027783020050264895
za	O=0.9999021291732788|NORM=9.71147819655016e-05
lustracijo	O=0.9930680990219116|NORM=0.006921821273863316
je	O=0.9998656511306763|NORM=0.00013309187488630414
janez	O=0.9841381907463074|NORM=0.015858929604291916
janša	O=0.998626708984375|NORM=0.001371679245494306
.	O=0.999819815158844|NORM=0.00017852649034466594

mislim	O=0.9991756081581116|NORM=0.000811640580650419
,	O=0.9998237490653992|NORM=0.00017077459779102355
mi	O=0.9999371767044067|NORM=6.131321424618363e-05
je	O=0.9998631477355957|NORM=0.00013531075092032552
jasno	O=0.9998910427093506|NORM=0.00010702299914555624
,	O=0.9998195767402649|NORM=0.000171642197528854
a	O=0.9999287128448486|NORM=7.003798964433372e-05
ko	O=0.999904990196228|NORM=9.389779734192416e-05
začnem	O=0.9995749592781067|NORM=0.00042112276423722506
računat	NORM=0.9881315231323242|O=0.011864624917507172
dobim	O=0.9994761347770691|NORM=0.0005166219780221581
vedno	O=0.9999504089355469|NORM=4.8952148063108325e-05
drugače	O=0.999738872051239|NORM=0.00025703184655867517
.	O=0.9998416900634766|NORM=0.00015301667735911906

za	O=0.9998323917388916|NORM=0.00016662337293382734
cenjeno	O=0.9994352459907532|NORM=0.000564005458727479
damo	O=0.9952310919761658|NORM=0.004764205776154995
je	O=0.999737560749054|NORM=0.00026121962582692504
bil	O=0.999767005443573|NORM=0.00023194897221401334
napisan	O=0.9993395209312439|NORM=0.0006587371462956071
prvi	O=0.9995355606079102|NORM=0.000462256750324741
odstavek	O=0.9994804263114929|NORM=0.0005175690166652203
,	O=0.9997121691703796|NORM=0.0002838002401404083
da	O=0.9998255372047424|NORM=0.00017347712127957493
naj	O=0.9992579817771912|NORM=0.0007413446437567472
poskuša	O=0.9940608143806458|NORM=0.00593750923871994
konkretni	O=0.9994636178016663|NORM=0.0005354555905796587
problem	O=0.9994858503341675|NORM=0.0005125196184962988
v	O=0.9997617602348328|NORM=0.00023775958106853068
temi	O=0.99847811460495|NORM=0.0015200511552393436
ne	O=0.9996007084846497|NORM=0.00039859526441432536
gledati	O=0.9975977540016174|NORM=0.002390638692304492
skozi	O=0.9988887906074524|NORM=0.0011077877134084702
lastno	O=0.9994370341300964|NORM=0.0005613676621578634
situacijo	O=0.9997226595878601|NORM=0.00027435916126705706
.	O=0.9996204376220703|NORM=0.0003765335713978857

bi	O=0.9998797178268433|NORM=0.00011977884423686191
navijal	O=0.891301691532135|NORM=0.1086137592792511
za	O=0.9996721744537354|NORM=0.0003264854312874377
nsi	O=0.9589937329292297|NORM=0.040983229875564575
!	O=0.9997841715812683|NORM=0.000214567466173321

krasno	O=0.999627947807312|NORM=0.00037130320561118424
.	O=0.9998706579208374|NORM=0.00012848526239395142

sej	NORM=0.9991440773010254|O=0.000847376009915024
narod	O=0.9984448552131653|NORM=0.0015540270833298564
še	O=0.9965834021568298|NORM=0.00341492285951972
opazu	NORM=0.9992508292198181|O=0.0007437289459630847
ne	O=0.9999494552612305|NORM=4.9996964662568644e-05
bo	O=0.9987183809280396|NORM=0.0012805885635316372
pr	NORM=0.9991660118103027|O=0.0008294901927001774
vseh	O=0.9999291896820068|NORM=6.932451651664451e-05
teh	O=0.9999366998672485|NORM=6.265594129217789e-05
krajah	O=0.9996224641799927|NORM=0.00037677964428439736
...	O=0.9996143579483032|NORM=0.0003819950798060745

to	O=0.9999192953109741|NORM=7.991454185685143e-05
morm	NORM=0.9986431002616882|O=0.0013372543035075068
videt	NORM=0.9994238615036011|O=0.0005676751607097685
..	O=0.9998596906661987|NORM=0.00013957073679193854

bom	O=0.999113142490387|NORM=0.0008849971345625818
samo	O=0.9999216794967651|NORM=7.736292172921821e-05
dodaten	O=0.9998643398284912|NORM=0.00013458852481562644
hint	O=0.9940259456634521|NORM=0.0059695555828511715
dal	O=0.9845678806304932|NORM=0.015411141328513622
...	O=0.9998621940612793|NORM=0.00013682246208190918

če	O=0.9998076558113098|NORM=0.0001911507424665615
ne	O=0.9999514818191528|NORM=4.8018977395258844e-05
bi	O=0.9999583959579468|NORM=4.112102760700509e-05
naslednji	O=0.9999337196350098|NORM=6.522254989249632e-05
dan	O=0.9998235106468201|NORM=0.0001736108388286084
imel	O=0.9980941414833069|NORM=0.0018950008088722825
obveznosti	O=0.9998342990875244|NORM=0.00016455264994874597
.	O=0.9998196959495544|NORM=0.00017699514864943922

al	NORM=0.9993478655815125|O=0.0006455942639149725
kako	O=0.9990389347076416|NORM=0.0009602143545635045
je	O=0.9998031258583069|NORM=0.0001963138929568231
zdj	NORM=0.9988904595375061|O=0.0011057778028771281
s	O=0.9997698664665222|NORM=0.00022923445794731379
tem	O=0.9998615980148315|NORM=0.0001373468985548243
?	O=0.9995970129966736|NORM=0.0004003786889370531

ni	O=0.999626636505127|NORM=0.0003719390369951725
pa	O=0.999910831451416|NORM=8.870207238942385e-05
vedno	O=0.9999624490737915|NORM=3.726692739292048e-05
samo	O=0.9999359846115112|NORM=6.36120603303425e-05
to	O=0.9999740123748779|NORM=2.5557776098139584e-05
:-)	O=0.9998703002929688|NORM=0.00012829469051212072

kakšen	O=0.9996719360351562|NORM=0.00032637984259054065
certifikat	O=0.9978328347206116|NORM=0.0021599773317575455
pa	O=0.9999146461486816|NORM=8.493734640069306e-05
oni	O=0.9998964071273804|NORM=0.00010237681999569759
imajo	O=0.9999531507492065|NORM=4.589965828927234e-05
,	O=0.999929666519165|NORM=6.859994027763605e-05
ki	O=0.9994838237762451|NORM=0.0005151271470822394
ga	O=0.9997138381004333|NORM=0.00028457961161620915
drugi	O=0.9997979998588562|NORM=0.00020062708063051105
nimajo	O=0.9999300241470337|NORM=6.8601657403633e-05
?!	O=0.9998921155929565|NORM=0.00010572129394859076

mislm	NORM=0.9993940591812134|O=0.0006040043663233519
,	O=0.9999005794525146|NORM=9.802194108488038e-05
a	O=0.9999133348464966|NORM=8.598698332207277e-05
s	O=0.9989427924156189|NORM=0.0010543640237301588
tem	O=0.9999097585678101|NORM=8.977479592431337e-05
si	O=0.9997074007987976|NORM=0.00029223322053439915
kao	O=0.9952694773674011|NORM=0.004727552179247141
kej	NORM=0.9985803365707397|O=0.0014185176696628332
bolši	NORM=0.9790528416633606|O=0.020945951342582703
od	O=0.9907068610191345|NORM=0.009291091933846474
unih	NORM=0.9929578304290771|O=0.007040759082883596
ta	O=0.993729829788208|NORM=0.006268677767366171
ljubosumnih	O=0.9865087866783142|NORM=0.013487140648066998
?	O=0.9996825456619263|NORM=0.00031618683715350926

sm	NORM=0.9994596838951111|O=0.0005392050370573997
mislu	NORM=0.9993281364440918|O=0.0006669239955954254
,	O=0.9999405145645142|NORM=5.875667557120323e-05
daj	O=0.9509830474853516|NORM=0.04901409521698952
to	O=0.9999446868896484|NORM=5.460137253976427e-05
tko	NORM=0.9996126294136047|O=0.00038520252564921975
k	NORM=0.9992994070053101|O=0.0006995351286605
s	O=0.9964151382446289|NORM=0.0035812731366604567
kolesi	O=0.9995511174201965|NORM=0.000446417456259951
.	O=0.9999154806137085|NORM=8.370667637791485e-05

vprasanje	NORM=0.9963194131851196|O=0.0036794240586459637
je	O=0.999537467956543|NORM=0.0004618328530341387
..	O=0.9997757077217102|NORM=0.0002237718435935676

ali	O=0.9989401698112488|NORM=0.0010586160933598876
pa	O=0.9997820258140564|NORM=0.00021710328292101622
k	NORM=0.6956831812858582|O=0.304308146238327
dohtarci	NORM=0.8380976319313049|O=0.16190026700496674
,	O=0.9998757839202881|NORM=0.00012169373076176271
biš	O=0.9987653493881226|NORM=0.0012343070702627301
videl	O=0.9991563558578491|NORM=0.0008385602268390357
kje	O=0.9994514584541321|NORM=0.0005471062613651156
bo	O=0.9996356964111328|NORM=0.00036323146196082234
več	O=0.9998267292976379|NORM=0.00017227708303835243
uspeha	O=0.9997828602790833|NORM=0.00021574289712589234
:-)	O=0.9998418092727661|NORM=0.0001570693275425583

@zlatasredina	O=0.9995586276054382|NORM=0.0004411910194903612
@katjusa12	O=0.9996104836463928|NORM=0.00038922863313928246
@nmusar	O=0.9993701577186584|NORM=0.0006296354113146663
@dimnikarcek	O=0.9992489218711853|NORM=0.0007507489644922316
@dznid	O=0.9993458390235901|NORM=0.0006538608577102423
@finance_si	O=0.9990267753601074|NORM=0.0009728610166348517
pri	O=0.9998922348022461|NORM=0.00010709583148127422
nas	O=0.9995686411857605|NORM=0.00043078220915049314
je	O=0.9998847246170044|NORM=0.00011491459736134857
zdaj	O=0.9999464750289917|NORM=5.331389547791332e-05
ta	O=0.9995391368865967|NORM=0.0004588256124407053
:)	O=0.9998350143432617|NORM=0.00016379669250454754
http://t.co/agusgpxyw3	O=0.9996203184127808|NORM=0.0003793350770138204

sem	O=0.9999454021453857|NORM=5.424334085546434e-05
si	O=0.9999346733093262|NORM=6.493699038401246e-05
kar	O=0.9998379945755005|NORM=0.00016132864402607083
oddahnila	O=0.9992658495903015|NORM=0.0007308732019737363
.	O=0.9999442100524902|NORM=5.45973343832884e-05

sej	NORM=0.9993451237678528|O=0.0006479916046373546
mogoce	NORM=0.9993640780448914|O=0.0006297823274508119
pa	O=0.9998588562011719|NORM=0.0001406911906087771
pr	NORM=0.999330997467041|O=0.0006645431276410818
040	O=0.9857366681098938|NORM=0.01424745935946703
uredijo	O=0.999432384967804|NORM=0.0005655434215441346
tud	NORM=0.9996278285980225|O=0.00036791982711292803
to	O=0.9998962879180908|NORM=0.00010245358862448484
njihovi	O=0.9998016953468323|NORM=0.00019666628213599324
tehniki	O=0.9988635778427124|NORM=0.0011347365798428655
-	O=0.9996433258056641|NORM=0.0003549768007360399
tehnicno	NORM=0.9979363679885864|O=0.0020613502711057663
po	O=0.9997945427894592|NORM=0.00020463860710151494
tej	O=0.9999197721481323|NORM=7.991732127266005e-05
logiki	O=0.9997128844261169|NORM=0.00028654205380007625
gre	O=0.9992910623550415|NORM=0.0007079674978740513
al	NORM=0.9995496869087219|O=0.0004444290534593165
kako	O=0.9984654188156128|NORM=0.0015288330614566803
?	O=0.999716579914093|NORM=0.00028056412702426314

ampak	O=0.9998325109481812|NORM=0.00016672180208843201
to	O=0.9999527931213379|NORM=4.6302713599288836e-05
pomeni	O=0.9999332427978516|NORM=6.496718560811132e-05
,	O=0.9999077320098877|NORM=9.09947048057802e-05
da	O=0.9998728036880493|NORM=0.00012670591240748763
ko	O=0.9997476935386658|NORM=0.0002513681538403034
bo	O=0.9995669722557068|NORM=0.0004316025006119162
narejen	O=0.9985963702201843|NORM=0.0014020341914147139
,	O=0.9996484518051147|NORM=0.00034752709325402975
pa	O=0.9998119473457336|NORM=0.00018710891890805215
zvemo	O=0.9964234232902527|NORM=0.00357379880733788
?	O=0.9997605681419373|NORM=0.00023719378805253655

dve	O=0.999806821346283|NORM=0.00019258219981566072
leti	O=0.9998136162757874|NORM=0.0001844196522142738
nazaj	O=0.9999650716781616|NORM=3.4574542951304466e-05
sem	O=0.9998852014541626|NORM=0.00011439745139796287
poslusal	NORM=0.8838363885879517|O=0.11615627259016037
konferenco	O=0.9976873397827148|NORM=0.0023079507518559694
,	O=0.9994682669639587|NORM=0.0005298852338455617
kako	O=0.9993034601211548|NORM=0.000695147376973182
bojo	O=0.994749128818512|NORM=0.005250131711363792
obrnil	NORM=0.9498515129089355|O=0.05014531686902046
teh	O=0.9991061091423035|NORM=0.0008906133007258177
disc.	O=0.981663167476654|NORM=0.018241392448544502
bull	O=0.9954740405082703|NORM=0.004516270011663437
shit	O=0.9942817687988281|NORM=0.005696555133908987
.	O=0.9997506737709045|NORM=0.00024483323795720935

#franklampard	O=0.9998192191123962|NORM=0.00018028367776423693
zabil	O=0.9975993037223816|NORM=0.002398676471784711
svoj	O=0.9998301267623901|NORM=0.0001694702950771898
175	O=0.9977464079856873|NORM=0.0022500252816826105
#bpl	O=0.9995032548904419|NORM=0.0004959946381859481
gol	O=0.9969202280044556|NORM=0.0030753533355891705
in	O=0.999930739402771|NORM=6.877346459077671e-05
spet	O=0.9998681545257568|NORM=0.00013153550389688462
rešuje	O=0.9998216032981873|NORM=0.000178064830834046
kamelarje	O=0.9984093308448792|NORM=0.001589120482094586
#leimci	O=0.9997199177742004|NORM=0.00027944325120188296
,	O=0.9998180270195007|NORM=0.00018090485536959022
ajoooj	O=0.9724384546279907|NORM=0.02754872851073742
,	O=0.9998432397842407|NORM=0.0001558606163598597
jajca	O=0.9983152151107788|NORM=0.0016834002453833818
..	O=0.9992812275886536|NORM=0.0007167952717281878

#slabo	O=0.9998779296875|NORM=0.00012144183710915968
!	O=0.9998037219047546|NORM=0.00019486394012346864

:)	O=0.999946117401123|NORM=5.33070633537136e-05

kaj	O=0.9990962743759155|NORM=0.000902381434570998
se	O=0.9993402361869812|NORM=0.0006588987307623029
grejo	O=0.9897997379302979|NORM=0.010185746476054192
res	O=0.9985188841819763|NORM=0.001479482394643128
...	O=0.9997671246528625|NORM=0.0002314807497896254

ke	NORM=0.9818314909934998|O=0.018167130649089813
si	O=0.9982794523239136|NORM=0.0017199048306792974
glikh	O=0.6774513721466064|NORM=0.32253497838974
ti	O=0.9996098875999451|NORM=0.00038946434506215155
.....	O=0.9998314380645752|NORM=0.0001679819542914629

stajliš	NORM=0.9271140694618225|O=0.07288386672735214
;)	O=0.9999221563339233|NORM=7.749113865429536e-05

saj	O=0.9967357516288757|NORM=0.0032630315981805325
sem	O=0.9999537467956543|NORM=4.580147651722655e-05
ti	O=0.9999758005142212|NORM=2.367278648307547e-05
dal	O=0.99852055311203|NORM=0.0014705945504829288
vse	O=0.9999738931655884|NORM=2.5376322810188867e-05
podatke	O=0.9990271329879761|NORM=0.0009663810487836599
:p	O=0.9998526573181152|NORM=0.00014588629710488021

no	O=0.9998868703842163|NORM=0.0001118414438678883
,	O=0.9996824264526367|NORM=0.00031354938982985914
to	O=0.9997768998146057|NORM=0.00021983524493407458
.	O=0.9999138116836548|NORM=8.387962589040399e-05

mogoče	O=0.9994261264801025|NORM=0.0005709672113880515
pa	O=0.9998677968978882|NORM=0.00013150057930033654
se	O=0.999613344669342|NORM=0.00038622430292889476
za	O=0.9999310970306396|NORM=6.8352856033016e-05
25.000	O=0.999127209186554|NORM=0.0008698582532815635
evrov	O=0.9999300241470337|NORM=6.948244117666036e-05
tak	NORM=0.9562885165214539|O=0.0437079519033432
kvalitetno	O=0.9982026815414429|NORM=0.0017949945759028196
naspiš	O=0.9986995458602905|NORM=0.001299097784794867
,	O=0.9999275207519531|NORM=7.121048838598654e-05
da	O=0.9999167919158936|NORM=8.246469224104658e-05
ti	O=0.9999520778656006|NORM=4.732916931970976e-05
potem	O=0.9999279975891113|NORM=7.163603004300967e-05
par	O=0.9995200634002686|NORM=0.00047878455370664597
mesecev	O=0.9998677968978882|NORM=0.00013167879660613835
ni	O=0.9998754262924194|NORM=0.00012359063839539886
treba	O=0.9997904896736145|NORM=0.00020866055274382234
spati	O=0.9987744688987732|NORM=0.0012222782243043184
.	O=0.9998242259025574|NORM=0.00017320677579846233

pa	O=0.9997358918190002|NORM=0.00026331140543334186
srečna	O=0.9988123178482056|NORM=0.0011860951781272888
sn	NORM=0.9954671859741211|O=0.00453072739765048
,	O=0.9997971653938293|NORM=0.00020136238890700042
da	O=0.99982088804245|NORM=0.00017749081598594785
sem	O=0.9998711347579956|NORM=0.00012838597467634827
evo	O=0.9973987340927124|NORM=0.0025992831215262413
na	O=0.9978540539741516|NORM=0.0021430780179798603
tv	O=0.9622523188591003|NORM=0.03774217516183853
zamudila	O=0.9991803765296936|NORM=0.0008174331742338836
.	O=0.9998252987861633|NORM=0.000173041524249129

“	O=0.9997379183769226|NORM=0.00025835129781626165
@savicdomen	O=0.9995858073234558|NORM=0.0004131606547161937
:	O=0.9994217157363892|NORM=0.0005710510304197669
lejte	NORM=0.9989784955978394|O=0.0010132764000445604
@goopti	O=0.999422550201416|NORM=0.0005769781419076025
so	O=0.9998924732208252|NORM=0.0001069903009920381
carji	O=0.9988497495651245|NORM=0.0011479159584268928
!	O=0.9998283386230469|NORM=0.00016971389413811266
””	O=0.999692440032959|NORM=0.0003061355382669717

@darkob	O=0.9997716546058655|NORM=0.00022750842617824674
jp	NORM=0.997250497341156|O=0.0027485224418342113
..	O=0.9988316893577576|NORM=0.0011651183012872934

rečm	NORM=0.9997296929359436|O=0.00026879337383434176
,	O=0.999808132648468|NORM=0.00019037163292523474
da	O=0.9998823404312134|NORM=0.00011606770567595959
so	O=0.9998082518577576|NORM=0.0001901452342281118
mi	O=0.9999334812164307|NORM=6.538863090099767e-05
borilne	O=0.9990894794464111|NORM=0.0009094413835555315
veščine	O=0.9983652234077454|NORM=0.0016334865940734744
všeč	O=0.9996325969696045|NORM=0.0003641723596956581
in	O=0.9998747110366821|NORM=0.0001244036538992077
zdj	NORM=0.9993498921394348|O=0.0006478161667473614
se	O=0.9998410940170288|NORM=0.0001582781842444092
je	O=0.9990642666816711|NORM=0.0009340416872873902
odloču	NORM=0.9997565150260925|O=0.00024157481675501913
,	O=0.9997908473014832|NORM=0.00020748254610225558
da	O=0.9998937845230103|NORM=0.00010538999049458653
bo	O=0.9973698854446411|NORM=0.002629321301355958
treniru	NORM=0.999680757522583|O=0.0003172924043610692
muay	O=0.9899656772613525|NORM=0.010033180937170982
thai	O=0.9968260526657104|NORM=0.0031725335866212845
.	O=0.9998058676719666|NORM=0.00019253224309068173

nobenga	NORM=0.9966771602630615|O=0.0033199875615537167
pa	O=0.9999078512191772|NORM=9.171285637421533e-05
ne	O=0.999858021736145|NORM=0.00014050857862457633
briga	O=0.9987277388572693|NORM=0.0012699310900643468
,	O=0.9999262094497681|NORM=7.27173246559687e-05
kdo	O=0.9997442364692688|NORM=0.00025488881510682404
in	O=0.9999572038650513|NORM=4.253300357959233e-05
kdaj	O=0.9998999834060669|NORM=9.926684288075194e-05
bo	O=0.999769389629364|NORM=0.0002291820856044069
plačal	O=0.9982810020446777|NORM=0.001710620243102312
naš	O=0.99951171875|NORM=0.0004874569713138044
puf	O=0.9936485886573792|NORM=0.006346345413476229
..	O=0.9996320009231567|NORM=0.00036563898902386427

jutr	NORM=0.9992135763168335|O=0.0007809878443367779
pa	O=0.99991774559021|NORM=8.195141708711162e-05
spet	O=0.9998408555984497|NORM=0.00015879975399002433
ucit	NORM=0.9990799427032471|O=0.00091773975873366
...	O=0.9999234676361084|NORM=7.587973959743977e-05

@smaka21	O=0.9998168349266052|NORM=0.00018258484487887472
vrjamm	NORM=0.9642269015312195|O=0.035769589245319366
ja	O=0.9999264478683472|NORM=7.29445309843868e-05
:)	O=0.9999678134918213|NORM=3.159292464260943e-05

#amhorrorstory	O=0.9998480081558228|NORM=0.00015162905037868768
pa	O=0.9998794794082642|NORM=0.00011980588897131383
itak	O=0.9996414184570312|NORM=0.00035812053829431534
skus	NORM=0.9991247057914734|O=0.000856658152770251
že	O=0.9998447895050049|NORM=0.00015434280794579536
gledam	O=0.999031662940979|NORM=0.0009634104208089411
.	O=0.9999176263809204|NORM=8.091773634077981e-05

ole	NORM=0.9110901355743408|O=0.08890791237354279
majole	O=0.9796119332313538|NORM=0.02038344368338585
kiliklikili	O=0.7935479283332825|NORM=0.20644532144069672
jakazaka	NORM=0.9987384676933289|O=0.001259509357623756
jokoama	NORM=0.977762758731842|O=0.022235315293073654
bumbumbum	O=0.655466616153717|NORM=0.34452709555625916
!	O=0.9997920393943787|NORM=0.00020757164747919887

attitude	O=0.9998236298561096|NORM=0.00017557073442731053
determines	O=0.9997881054878235|NORM=0.00021119379380252212
how	O=0.999935507774353|NORM=6.378285615937784e-05
well	O=0.9999178647994995|NORM=8.171690569724888e-05
you	O=0.999920129776001|NORM=7.896075112512335e-05
do	O=0.9999167919158936|NORM=8.192609675461426e-05
it	O=0.9999673366546631|NORM=3.178121187374927e-05
.	O=0.999832272529602|NORM=0.0001660234556766227

zalost	NORM=0.9983270764350891|O=0.0016699788393452764
,	O=0.999685525894165|NORM=0.00031221361132338643
da	O=0.9998681545257568|NORM=0.00013126320845913142
nadrejeni	O=0.9973382353782654|NORM=0.0026603853330016136
tega	O=0.9997745156288147|NORM=0.00022187395370565355
ne	O=0.9995817542076111|NORM=0.00041661367868073285
vidjo	NORM=0.9988133907318115|O=0.0011856015771627426
.	O=0.9997832179069519|NORM=0.000212279730476439

andromaha	O=0.996721088886261|NORM=0.0032777111046016216
moja	O=0.99981290102005|NORM=0.0001864013320300728
je	O=0.9997652173042297|NORM=0.0002340291830478236
glava	O=0.999323844909668|NORM=0.0006747761508449912
malom	O=0.637112557888031|NORM=0.36287975311279297
čudna	O=0.9995348453521729|NORM=0.00046339299296960235
in	O=0.9998564720153809|NORM=0.0001428792893420905
kar	O=0.9991378784179688|NORM=0.0008606377523392439
po	O=0.9992893934249878|NORM=0.0007096264162100852
svoje	O=0.9964802861213684|NORM=0.0035180021077394485
nekaj	O=0.9994614720344543|NORM=0.0005369996069930494
....	O=0.9997524619102478|NORM=0.00024471228243783116

@nejcd	O=0.9994677901268005|NORM=0.0005314131849445403
si	O=0.999862551689148|NORM=0.00013686389138456434
še	O=0.9989485144615173|NORM=0.001047807396389544
na	O=0.9989643096923828|NORM=0.0010316758416593075
ios6	O=0.9742009043693542|NORM=0.025796489790081978
?	O=0.999786913394928|NORM=0.00021109789668116719

fuck	O=0.9876898527145386|NORM=0.012306449003517628
,	O=0.9998892545700073|NORM=0.00010795708658406511
na	O=0.9990106821060181|NORM=0.0009868131019175053
sreco	NORM=0.9935617446899414|O=0.0064367265440523624
sm	NORM=0.9980595707893372|O=0.0019393194233998656
ga	O=0.9993488192558289|NORM=0.0006457066629081964
obudil	O=0.9133584499359131|NORM=0.08660448342561722
od	O=0.9995844960212708|NORM=0.0004149136657360941
mrtvih	O=0.9994722008705139|NORM=0.0005274716531857848
.	O=0.9998631477355957|NORM=0.00013476832828018814

ni	O=0.9991788268089294|NORM=0.0008203170727938414
vec	NORM=0.9992590546607971|O=0.0007375452551059425
levih	O=0.9971202611923218|NORM=0.0028762624133378267
in	O=0.999056875705719|NORM=0.0009424276649951935
desnih	O=0.9961863160133362|NORM=0.0038031823933124542
in	O=0.9997714161872864|NORM=0.0002280634071212262
srednih	O=0.996100664138794|NORM=0.003888324834406376
.	O=0.9997280240058899|NORM=0.00027003957075066864

:))))	O=0.9999419450759888|NORM=5.7516477681929246e-05

najboljš	NORM=0.9995660185813904|O=0.0004325525078456849
je	O=0.99964439868927|NORM=0.00035360673791728914
pa	O=0.9996852874755859|NORM=0.00031351266079582274
ugotovit	NORM=0.9995787739753723|O=0.00041736388811841607
,	O=0.9995728135108948|NORM=0.0004228565958328545
da	O=0.9998425245285034|NORM=0.00015630169946234673
so	O=0.9997552037239075|NORM=0.00024315826885867864
po	O=0.9993593096733093|NORM=0.0006399654084816575
petem	O=0.9987307190895081|NORM=0.0012632478028535843
delu	O=0.9916270971298218|NORM=0.008340483531355858
da	O=0.9367789030075073|NORM=0.06321952491998672
vinci's	O=0.9927149415016174|NORM=0.0072730910032987595
demons	O=0.9884713888168335|NORM=0.011480084620416164
drugač	NORM=0.9987223744392395|O=0.0012766667641699314
poimenovali	O=0.9859258532524109|NORM=0.014068917371332645
torrente	O=0.9861803650856018|NORM=0.013797907158732414
in	O=0.9998812675476074|NORM=0.00011775009625125676
jih	O=0.9992006421089172|NORM=0.000796149077359587
mam	NORM=0.9996223449707031|O=0.00037621715455316007
zdej	NORM=0.9994738698005676|O=0.0005232240655459464
še	O=0.9988152980804443|NORM=0.0011793180601671338
pet	O=0.995768666267395|NORM=0.004230656661093235
na	O=0.9990383386611938|NORM=0.0009543522610329092
lagerju	O=0.9992709755897522|NORM=0.0007263083825819194
;)	O=0.9997105002403259|NORM=0.0002871387987397611

se	O=0.999140739440918|NORM=0.0008583287708461285
bomo	O=0.999666690826416|NORM=0.00033097731648012996
potrudl	NORM=0.999508261680603|O=0.0004893930163234472
do	O=0.9995251893997192|NORM=0.0004738717107102275
lj	NORM=0.9981020092964172|O=0.001893722335807979
pridrajsat	NORM=0.9981138706207275|O=0.0018836455419659615
z	O=0.999663233757019|NORM=0.00033567583886906505
javnim	O=0.9973353743553162|NORM=0.0026614295784384012
prvevozom	O=0.9141563773155212|NORM=0.08583154529333115
ane	NORM=0.9984402060508728|O=0.001552246161736548
@abejz_no	O=0.9993746876716614|NORM=0.0006242860690690577
?	O=0.9995724558830261|NORM=0.00042505713645368814

odličen	O=0.9996922016143799|NORM=0.00030710859573446214
pr	NORM=0.997356653213501|O=0.0026404329109936953
!	O=0.9998691082000732|NORM=0.000130238855490461

ali	O=0.9996089339256287|NORM=0.00039027692400850356
ti	O=0.9998383522033691|NORM=0.00016065039380919188
jasno	O=0.9992964267730713|NORM=0.0007020904449746013
vidiš	O=0.9985427856445312|NORM=0.0014561522984877229
v	O=0.9993665814399719|NORM=0.0006326655857264996
bodočnost	O=0.9989057779312134|NORM=0.0010915979510173202
?	O=0.9996517896652222|NORM=0.000345665990607813

važnu	NORM=0.998895525932312|O=0.0010998559882864356
,	O=0.999829888343811|NORM=0.00016889136168174446
da	O=0.9999055862426758|NORM=9.40947065828368e-05
ustanema	NORM=0.5894075632095337|O=0.41058316826820374
hudo	O=0.9993621706962585|NORM=0.0006371807539835572
brihtn	NORM=0.9967647790908813|O=0.0032315650023519993
taku	NORM=0.907982587814331|O=0.09201505780220032
ke	NORM=0.9923669695854187|O=0.007631184998899698
se	O=0.8980273604393005|NORM=0.10196790844202042
za	O=0.8891822695732117|NORM=0.11081434041261673
nes	NORM=0.9731806516647339|O=0.026814967393875122
spadub	NORM=0.9993545413017273|O=0.0006438778364099562
.	O=0.9999020099639893|NORM=9.719555964693427e-05

pa	O=0.999771773815155|NORM=0.00022690757759846747
glih	O=0.9955959916114807|NORM=0.004396590869873762
sm	NORM=0.9989172220230103|O=0.0010816238354891539
se	O=0.99888676404953|NORM=0.0011109182378277183
nate	O=0.9973509311676025|NORM=0.0026463784743100405
spomnla	NORM=0.9992995262145996|O=0.0006986161461099982
,	O=0.9997573494911194|NORM=0.00023842608788982034
k	NORM=0.9995262622833252|O=0.0004727113409899175
gledam	O=0.9979928731918335|NORM=0.00200127181597054
serijo	O=0.9994113445281982|NORM=0.0005866448627784848
,	O=0.9999024868011475|NORM=9.470199438510463e-05
ki	O=0.9997637867927551|NORM=0.00023431226145476103
ti	O=0.9999585151672363|NORM=4.067549525643699e-05
je	O=0.9997372031211853|NORM=0.0002614338882267475
všeč	O=0.9997453093528748|NORM=0.0002530210476834327
.	O=0.9999004602432251|NORM=9.771643817657605e-05

sicer	O=0.9998464584350586|NORM=0.00015319058729801327
pa	O=0.9998875856399536|NORM=0.00011210079537704587
ni	O=0.9998273253440857|NORM=0.00017221429152414203
resnega	O=0.9853224754333496|NORM=0.014674604870378971
..	O=0.9997801184654236|NORM=0.00021880102576687932

pa	O=0.9997792840003967|NORM=0.00021975506388116628
ga	O=0.9997425675392151|NORM=0.00025603975518606603
ni	O=0.9998446702957153|NORM=0.000153805420268327
.	O=0.999890923500061|NORM=0.00010647599992807955

@masabutara	O=0.9997619986534119|NORM=0.00023752643028274179
tenkju	NORM=0.9977682828903198|O=0.0022284758742898703
.	O=0.9999411106109619|NORM=5.811349910800345e-05

@alanbstard2	O=0.9996846914291382|NORM=0.0003146380768157542
@erikaplaninsec	O=0.9993892908096313|NORM=0.000610420829616487
ne	O=0.9992837309837341|NORM=0.0007150638848543167
je	O=0.9966801404953003|NORM=0.003319535171613097
jezit	NORM=0.9992675185203552|O=0.0007309935172088444
se	O=0.9883550405502319|NORM=0.011644091457128525
ti	O=0.9999074935913086|NORM=9.202472574543208e-05
....	O=0.9997013211250305|NORM=0.0002956231764983386

nekaj	O=0.9997830986976624|NORM=0.00021440583805087954
odtrganih	O=0.9997965693473816|NORM=0.00020238688739482313
zuljev	O=0.9888322353363037|NORM=0.011166375130414963
in	O=0.9998944997787476|NORM=0.00010446913074702024
"	O=0.9997686743736267|NORM=0.00023082771804183722
a	O=0.9998966455459595|NORM=0.00010108420246979222
bit	O=0.9995443224906921|NORM=0.00045488911564461887
of	O=0.9999188184738159|NORM=8.050219184951857e-05
muscle	O=0.9998125433921814|NORM=0.0001863793731899932
soreness	O=0.9990523457527161|NORM=0.0009427789482288063
"	O=0.9994058609008789|NORM=0.0005899072857573628
po	O=0.9998207688331604|NORM=0.00017894683696795255
vcerajsnjem	NORM=0.9992218017578125|O=0.0007768321665935218
treningu	O=0.9993240833282471|NORM=0.0006737731746397913
;)	O=0.9996721744537354|NORM=0.00032549031311646104

hmmm	O=0.9997339844703674|NORM=0.0002649747475516051

@meownever	O=0.9998403787612915|NORM=0.00015935463306959718
jaaaaaaa	NORM=0.9992222785949707|O=0.0007745322654955089
&lt;3	O=0.9991959929466248|NORM=0.0008034628117457032

@ce_sasap	O=0.9996402263641357|NORM=0.0003590177511796355
hotli	NORM=0.8564730286598206|O=0.14352422952651978
so	O=0.9992436170578003|NORM=0.0007553414907306433
imet	NORM=0.9994788765907288|O=0.0005202606553211808
helokiti	O=0.9868144989013672|NORM=0.013183463364839554
overdose	O=0.95760178565979|NORM=0.042394451797008514
....	O=0.9998753070831299|NORM=0.00012362150300759822

čak	NORM=0.9888694286346436|O=0.011129508726298809
...	O=0.9997872710227966|NORM=0.00021190295228734612

sm	NORM=0.9981670379638672|O=0.001831263885833323
mislil	O=0.9977279305458069|NORM=0.0022615131456404924
,	O=0.9998514652252197|NORM=0.00014719011960551143
da	O=0.999946117401123|NORM=5.332969158189371e-05
bo	O=0.9999446868896484|NORM=5.487590533448383e-05
to	O=0.9999861717224121|NORM=1.3361086530494504e-05
tematska	O=0.999743640422821|NORM=0.0002556189429014921
poroka	O=0.9998490810394287|NORM=0.00014999750419519842
.	O=0.9998506307601929|NORM=0.00014748561079613864

izkušnje	O=0.9994747042655945|NORM=0.0005229156231507659
imam	O=0.999811589717865|NORM=0.00018648697005119175
s	O=0.9985163807868958|NORM=0.0014712869888171554
ps3	O=0.9719242453575134|NORM=0.02805783785879612
,	O=0.9996719360351562|NORM=0.000323798245517537
primacy	O=0.9285258650779724|NORM=0.07146769016981125
3	O=0.9826754331588745|NORM=0.017270619049668312
mi	O=0.9995235204696655|NORM=0.0004694688250310719
je	O=0.9994309544563293|NORM=0.0005658981972374022
svetoval	O=0.9945504069328308|NORM=0.005440982989966869
vulkanizer	O=0.9873614311218262|NORM=0.01261049136519432
kot	O=0.9956364035606384|NORM=0.004358415957540274
verzijo	O=0.9896407723426819|NORM=0.010354189202189445
touring	O=0.9838761687278748|NORM=0.016102755442261696
gume	O=0.9808902740478516|NORM=0.01910318434238434
z	O=0.9994749426841736|NORM=0.0005220022867433727
zahtevami	O=0.9988928437232971|NORM=0.0011022475082427263
,	O=0.9996933937072754|NORM=0.0002976994146592915
ki	O=0.9995424747467041|NORM=0.00045415721251629293
jih	O=0.9997280240058899|NORM=0.0002702119236346334
ti	O=0.9999468326568604|NORM=5.258801320451312e-05
iščeš	O=0.9997739195823669|NORM=0.00022463333152700216

tudi	O=0.9999645948410034|NORM=3.505154381855391e-05
marsovec	O=0.9936849474906921|NORM=0.006313442252576351
in	O=0.9999314546585083|NORM=6.809593469370157e-05
venerijanka	O=0.9778810739517212|NORM=0.022115597501397133
se	O=0.9998130202293396|NORM=0.0001866064267233014
moreta	O=0.9996219873428345|NORM=0.0003770598559640348
sporazumeti	O=0.9988930821418762|NORM=0.001104615512304008
,	O=0.999956488609314|NORM=4.296126644476317e-05
če	O=0.9999586343765259|NORM=4.091504160896875e-05
gradita	O=0.9993854761123657|NORM=0.0006133171264082193
odnose	O=0.9998475313186646|NORM=0.00015120978059712797
!	O=0.9997724890708923|NORM=0.00022618442017119378

pri	O=0.9996790885925293|NORM=0.00031622976530343294
nas	O=0.9994555115699768|NORM=0.000539119471795857
jo	O=0.9996640682220459|NORM=0.00033492420334368944
bomo	O=0.9996660947799683|NORM=0.00032798456959426403
legalizirali	O=0.998664379119873|NORM=0.001328670303337276
takoj	O=0.9995740056037903|NORM=0.00042114825919270515
za	O=0.9994968175888062|NORM=0.0005016904324293137
hrvati	O=0.9952462315559387|NORM=0.004750456660985947
.	O=0.9996181726455688|NORM=0.00037803343730047345

js	NORM=0.9995231628417969|O=0.00047461132635362446
sm	NORM=0.9992716908454895|O=0.0007272306829690933
jih	O=0.9996333122253418|NORM=0.00036526654730550945
obrno	NORM=0.9995470643043518|O=0.0004500952491071075
da	O=0.9997503161430359|NORM=0.00024877479881979525
gleda	O=0.9978417158126831|NORM=0.002155829221010208
levi	O=0.9940628409385681|NORM=0.005934990476816893
tw	NORM=0.9986972212791443|O=0.0012995284050703049
na	O=0.9957471489906311|NORM=0.00424930639564991
desni	O=0.9986132383346558|NORM=0.0013857139274477959
zic	NORM=0.9872704744338989|O=0.012721594423055649
,	O=0.9997933506965637|NORM=0.00020376493921503425
desni	O=0.9913160800933838|NORM=0.008680521510541439
pa	O=0.9998292922973633|NORM=0.0001702056615613401
na	O=0.9924845099449158|NORM=0.007500365376472473
lev	O=0.9882185459136963|NORM=0.011779637075960636
,	O=0.999843955039978|NORM=0.00015341799007728696
pač	O=0.9986976385116577|NORM=0.0012954784324392676
kontra	O=0.9981014132499695|NORM=0.0018840846605598927
...	O=0.9998067021369934|NORM=0.00019102990336250514

@uwvzxy	O=0.9997881054878235|NORM=0.0002116730756824836
@strankasds	O=0.9996645450592041|NORM=0.0003351671912241727
jaajjaj	NORM=0.9980436563491821|O=0.0019542775116860867
yes	O=0.9354687333106995|NORM=0.06452187150716782
.....	O=0.9997991919517517|NORM=0.00020050336024723947

in	O=0.9997021555900574|NORM=0.000297342223348096
je	O=0.9995924830436707|NORM=0.00040714212809689343
nehu	NORM=0.9981866478919983|O=0.0018110867822542787
.	O=0.9998804330825806|NORM=0.00011813963647000492

:d	O=0.9999275207519531|NORM=7.200895197456703e-05

lp	O=0.9996097683906555|NORM=0.0003881237644236535

edino	O=0.999416708946228|NORM=0.0005810527363792062
pravilno	O=0.9994137287139893|NORM=0.0005828491412103176
je	O=0.9998094439506531|NORM=0.00018940577865578234
naredila	O=0.9997970461845398|NORM=0.00020156006212346256
vsaka	O=0.9998447895050049|NORM=0.0001546901185065508
ji	O=0.9999395608901978|NORM=6.022013258188963e-05
čast	O=0.9990898370742798|NORM=0.0009087689686566591

očitno	O=0.9999086856842041|NORM=9.031086665345356e-05
ga	O=0.9997032284736633|NORM=0.0002953732036985457
zjebe	O=0.9707819223403931|NORM=0.0292165856808424
win	O=0.9998712539672852|NORM=0.00012833569780923426
update	O=0.9996680021286011|NORM=0.000328435271512717
lol	O=0.9995964169502258|NORM=0.00040182011434808373
:p	O=0.9998841285705566|NORM=0.000114723778096959

sej	NORM=0.998766303062439|O=0.001217867131344974
se	O=0.9998062252998352|NORM=0.0001934560714289546
vsi	O=0.9999532699584961|NORM=4.62004063592758e-05
isto	O=0.9997093081474304|NORM=0.0002898092207033187
veselijo	O=0.9996716976165771|NORM=0.00032647253829054534
..	O=0.9998401403427124|NORM=0.00015908401110209525

ma	O=0.9654349088668823|NORM=0.03456379100680351
baj	NORM=0.9990515112876892|O=0.0009403065778315067
de	NORM=0.9972726702690125|O=0.002726095262914896
vej	O=0.9678172469139099|NORM=0.03217984735965729
......	O=0.9997697472572327|NORM=0.00022989383433014154

;)	O=0.9999300241470337|NORM=6.940006278455257e-05

@jozejerovsek	O=0.9995889067649841|NORM=0.0004106271080672741
tudi	O=0.9999691247940063|NORM=3.0493376470985822e-05
vi	O=0.9999743700027466|NORM=2.527472679503262e-05
ste	O=0.9999262094497681|NORM=7.343632023548707e-05
botertega	NORM=0.800197184085846|O=0.1998000591993332
.	O=0.9999252557754517|NORM=7.341663877014071e-05

torej	O=0.9999545812606812|NORM=4.501954390434548e-05
niso	O=0.9998672008514404|NORM=0.00013145786942914128
krivi	O=0.9997923970222473|NORM=0.00020672264508903027
pingvini	O=0.9977487921714783|NORM=0.0022488089744001627
,	O=0.9999490976333618|NORM=4.9902344471774995e-05
saj	O=0.9987138509750366|NORM=0.0012840632116422057
oni	O=0.9993632435798645|NORM=0.0006334066274575889
niso	O=0.999804675579071|NORM=0.0001941846130648628
na	O=0.997893750667572|NORM=0.002102048136293888
s	O=0.9867069125175476|NORM=0.013282119296491146
temveč	O=0.9986349940299988|NORM=0.001363589079119265
na	O=0.9964543581008911|NORM=0.0035364062059670687
j	O=0.984831690788269|NORM=0.015166100114583969
polu	O=0.9562122225761414|NORM=0.043778929859399796
!	O=0.9997010827064514|NORM=0.00029699105652980506

next	O=0.9998840093612671|NORM=0.00011385409743525088
time	O=0.9998787641525269|NORM=0.00011983540025539696
,	O=0.9998915195465088|NORM=0.00010744448809418827
i	O=0.999927282333374|NORM=7.127970457077026e-05
guess	O=0.9999445676803589|NORM=5.520596096175723e-05
.	O=0.9999258518218994|NORM=7.302675658138469e-05

l.	O=0.9832144975662231|NORM=0.016686780378222466
p	O=0.9666262865066528|NORM=0.033362966030836105
sledi	O=0.9995493292808533|NORM=0.00044951096060685813
oglasnik	O=0.998925507068634|NORM=0.0010693368967622519
tip	O=0.9975121021270752|NORM=0.0024771548341959715
1	O=0.999946117401123|NORM=5.343415614333935e-05

tega	O=0.9999364614486694|NORM=6.30107315373607e-05
avta	O=0.9997528195381165|NORM=0.00024617157760076225
je	O=0.9997797608375549|NORM=0.00021925715554971248
obstajalo	O=0.9802165627479553|NORM=0.01977793499827385
se	NORM=0.9994418025016785|O=0.0005565389292314649
pa	O=0.9998445510864258|NORM=0.00015481522132176906
jos	NORM=0.999114453792572|O=0.0008831030572764575
verzij	O=0.9934188723564148|NORM=0.006578711327165365
,	O=0.9997956156730652|NORM=0.0002025604626396671
med	O=0.9997120499610901|NORM=0.00028451939579099417
njimi	O=0.9999468326568604|NORM=5.1766837714239955e-05
tudi	O=0.9999668598175049|NORM=3.26779336319305e-05
dirkalna	O=0.999054491519928|NORM=0.0009443966555409133
barchetta	O=0.9889123439788818|NORM=0.011082492768764496
:p	O=0.9998095631599426|NORM=0.00018960784655064344

pa	O=0.999887228012085|NORM=0.00011184584582224488
mi	O=0.9999145269393921|NORM=8.409129804931581e-05
telefon	O=0.994657039642334|NORM=0.005314921960234642
kaže	O=0.9992534518241882|NORM=0.0007440593908540905
poln	NORM=0.99713134765625|O=0.0028674073982983828
signal	O=0.9969574213027954|NORM=0.003029673593118787
na	O=0.9994922876358032|NORM=0.0005060904659330845
3g	O=0.9884040355682373|NORM=0.011587600223720074
.	O=0.9998952150344849|NORM=0.00010081766959046945

;&lt;	O=0.9993727803230286|NORM=0.0006236948538571596

kipim	O=0.9989550113677979|NORM=0.0010416037403047085
od	O=0.9998395442962646|NORM=0.00016008441161829978
ponosa	O=0.9995317459106445|NORM=0.00046693626791238785
&lt;3	O=0.9979992508888245|NORM=0.0020000101067125797
.	O=0.9998809099197388|NORM=0.00011801299842773005

najbolše	O=0.9988521337509155|NORM=0.001146996859461069
,	O=0.9999247789382935|NORM=7.439743785653263e-05
če	O=0.9999029636383057|NORM=9.629398118704557e-05
bi	O=0.9999262094497681|NORM=7.340726006077603e-05
kar	O=0.9979315996170044|NORM=0.00206765066832304
izginila	O=0.9986588954925537|NORM=0.001340560964308679
iz	O=0.9999569654464722|NORM=4.2699746700236574e-05
zemlje	O=0.9998857975006104|NORM=0.00011336804163875058
!!	O=0.9997515082359314|NORM=0.00024720566580072045

zanima	O=0.9994204044342041|NORM=0.000577237515244633
me	O=0.9995778203010559|NORM=0.0004164956626482308
koliko	O=0.999445378780365|NORM=0.0005517379613593221
se	O=0.999826967716217|NORM=0.0001725670153973624
to	O=0.9999275207519531|NORM=7.150910823838785e-05
splača	O=0.9994680285453796|NORM=0.00053030950948596
in	O=0.9998594522476196|NORM=0.00013922293146606535
kakšne	O=0.99991774559021|NORM=8.122740109683946e-05
elektrode	O=0.9990038275718689|NORM=0.000995027949102223
je	O=0.9997687935829163|NORM=0.00023006228730082512
najbolje	O=0.9999008178710938|NORM=9.834546654019505e-05
uporabiti	O=0.998583197593689|NORM=0.0014152016956359148

to	O=0.9999619722366333|NORM=3.721828761626966e-05
je	O=0.9998087286949158|NORM=0.0001901284558698535
bil	O=0.999669075012207|NORM=0.0003296478244010359
cajt	O=0.9755942225456238|NORM=0.024403292685747147
ko	O=0.9998739957809448|NORM=0.00012539015733636916
sem	O=0.9999254941940308|NORM=7.425317744491622e-05
njih	O=0.9995123147964478|NORM=0.00048665114445611835
in	O=0.9998488426208496|NORM=0.00015025289030745625
public	O=0.9952934384346008|NORM=0.004704425111413002
enemy	O=0.9881342053413391|NORM=0.011862541548907757
poslušal	O=0.9956139326095581|NORM=0.004376041702926159
na	O=0.9995612502098083|NORM=0.0004367409273982048
repeat	O=0.9981254935264587|NORM=0.0018705395050346851
:-d	O=0.9998492002487183|NORM=0.00014984398148953915

:-(	O=0.9999046325683594|NORM=9.468169446336105e-05

ooo	O=0.9975601434707642|NORM=0.0024282310623675585
jest	NORM=0.999460756778717|O=0.0005322560318745673
mam	NORM=0.999578058719635|O=0.0004205948789604008
tok	NORM=0.9994584918022156|O=0.0005386893753893673
dobre	O=0.9999407529830933|NORM=5.858401709701866e-05
spomine	O=0.9857577085494995|NORM=0.014240020886063576
na	O=0.999721109867096|NORM=0.00027783404220826924
koper	O=0.982419490814209|NORM=0.017575008794665337
...	O=0.9996222257614136|NORM=0.0003755639772862196

kva	NORM=0.9994333386421204|O=0.0005635191919282079
je	O=0.9997720122337341|NORM=0.00022718611580785364
pr	NORM=0.99943608045578|O=0.0005610620137304068
nas	O=0.9993160963058472|NORM=0.0006823352887295187
res	O=0.9987713694572449|NORM=0.001227236702106893
bit	NORM=0.9991025924682617|O=0.0008906534058041871
zajeban	O=0.99933260679245|NORM=0.0006659231730736792
pol	NORM=0.979056179523468|O=0.020938757807016373
zapornik	O=0.9993452429771423|NORM=0.0006528479279950261
.	O=0.9998917579650879|NORM=0.00010711865616030991

the	O=0.9999790191650391|NORM=1.994873491639737e-05
rest	O=0.9999643564224243|NORM=3.5000561183551326e-05
is	O=0.9999452829360962|NORM=5.427625001175329e-05
history	O=0.9998931884765625|NORM=0.00010628064774209633
@prenovitelj	O=0.9997572302818298|NORM=0.00024261903308797628
@drvinkogorenak	O=0.9995980858802795|NORM=0.00040169552084989846

dan	O=0.9997058510780334|NORM=0.0002929060428868979
je	O=0.9998233914375305|NORM=0.00017558425315655768
takšen	O=0.9966574907302856|NORM=0.0033420380204916
kot	O=0.999893307685852|NORM=0.00010597125219646841
si	O=0.9998606443405151|NORM=0.0001386361545883119
ga	O=0.999879002571106|NORM=0.00011972119682468474
naredi	O=0.9989162683486938|NORM=0.001069394638761878
vsak	O=0.9998995065689087|NORM=9.89262989605777e-05
sam	O=0.999308705329895|NORM=0.0006890890654176474
;)	O=0.9997922778129578|NORM=0.00020449883595574647

dej	NORM=0.9993101358413696|O=0.0006802086718380451
še	O=0.9999203681945801|NORM=7.844385254429653e-05
en	O=0.9999752044677734|NORM=2.4214865334215574e-05
cvek	NORM=0.8868887424468994|O=0.11310737580060959
....	O=0.999823272228241|NORM=0.00017445225967094302

:::)))))	O=0.999909520149231|NORM=9.01769453776069e-05

skomina	NORM=0.9033826589584351|O=0.09661123156547546
pa	O=0.9997861981391907|NORM=0.00021337048383429646
bi	O=0.9993460774421692|NORM=0.0006530963000841439
tut	NORM=0.999524712562561|O=0.0004732719680760056
lahk	NORM=0.9983308911323547|O=0.0016640027752146125
odpisko	NORM=0.905480146408081|O=0.09451755881309509
konc	NORM=0.9994483590126038|O=0.0005500357947312295
..	O=0.9997186064720154|NORM=0.00028048123931512237

scroll	O=0.9915511608123779|NORM=0.00844342540949583
ipd	O=0.7347328662872314|NORM=0.2652486264705658
?	O=0.9997162222862244|NORM=0.00028234574710950255

#link#	O=0.9992604851722717|NORM=0.000734076602384448
#link#	O=0.9992576241493225|NORM=0.0007379191229119897
#link#	O=0.9990693926811218|NORM=0.0009256514604203403
#link#	O=0.9995622038841248|NORM=0.00043494385317899287

:)	O=0.999946117401123|NORM=5.33071652171202e-05

@tanci82	O=0.9998618364334106|NORM=0.0001372827828163281
joj	O=0.9996142387390137|NORM=0.00038415248855017126
,	O=0.9998824596405029|NORM=0.00011471035395516083
ne	O=0.9999406337738037|NORM=5.8524652558844537e-05
vem	O=0.9999750852584839|NORM=2.4267943445011042e-05
kako	O=0.9987472295761108|NORM=0.0012492742389440536
sem	O=0.999948263168335|NORM=5.142802547197789e-05
tole	O=0.999769389629364|NORM=0.000230239107622765
zgresila	NORM=0.7216856479644775|O=0.2782939076423645
:(	O=0.9998469352722168|NORM=0.00015030965732876211

jansa	O=0.9117642045021057|NORM=0.0882311686873436
je	O=0.9994934797286987|NORM=0.0005049927858635783
sparal	NORM=0.9415715932846069|O=0.058420728892087936
,	O=0.9999380111694336|NORM=6.063727050786838e-05
oni	O=0.9997310042381287|NORM=0.00026609882479533553
pa	O=0.9999017715454102|NORM=9.780243271961808e-05
bojo	O=0.9994612336158752|NORM=0.000536793377250433
mal	NORM=0.9995692372322083|O=0.0004299304273445159
dal	NORM=0.9629285335540771|O=0.037067968398332596
pa	O=0.9997791647911072|NORM=0.00022001359320711344
velik	NORM=0.9533019065856934|O=0.046694789081811905
vzeli	O=0.5003052353858948|NORM=0.4996698498725891
;)	O=0.9998838901519775|NORM=0.00011494749924167991

letno	O=0.9994288086891174|NORM=0.0005676817381754518
delam	O=0.9991660118103027|NORM=0.0008301996858790517
300000	O=0.9967179894447327|NORM=0.003274428192526102
km	O=0.9958491325378418|NORM=0.004142297897487879
tako	O=0.9994086027145386|NORM=0.0005874138441868126
da	O=0.9997991919517517|NORM=0.00019886525114998221
se	O=0.9993218183517456|NORM=0.0006767132435925305
mi	O=0.9999158382415771|NORM=8.260110189439729e-05
izplača	O=0.9996134638786316|NORM=0.0003853644884657115

najdu	NORM=0.9982239603996277|O=0.00175869045779109
zadnji	O=0.9996949434280396|NORM=0.0003041347663383931
frej	O=0.9897335171699524|NORM=0.010264276526868343
stol	O=0.98918217420578|NORM=0.010807343758642673
@pancfestival	O=0.9996318817138672|NORM=0.00036772628664039075
#panc	O=0.9988538026809692|NORM=0.001144496025517583
(	O=0.9991638660430908|NORM=0.0008319693733938038
at	O=0.9978330731391907|NORM=0.002164482371881604
@ljubljanskigrad	O=0.9993405938148499|NORM=0.0006589976255781949
/	O=0.9986306428909302|NORM=0.0013649960746988654
ljubljana	O=0.996195912361145|NORM=0.0038007458206266165
castle	NORM=0.9664266109466553|O=0.033571384847164154
)	O=0.999745786190033|NORM=0.0002529929333832115
[	O=0.9997702240943909|NORM=0.00022741308202967048
pic	O=0.990180253982544|NORM=0.009816465899348259
]	O=0.9997689127922058|NORM=0.00022906203230377287
:	O=0.9997807145118713|NORM=0.0002170330408262089
http://t.co/zmseipkwwk	O=0.9993625283241272|NORM=0.0006365462904796004

bruh	O=0.9964897036552429|NORM=0.003498259698972106
,	O=0.9998972415924072|NORM=0.00010073627345263958
spet	O=0.9996778964996338|NORM=0.000321810832247138
bo	O=0.9998956918716431|NORM=0.00010398200538475066
v	O=0.9984763264656067|NORM=0.0015227093826979399
pizdi	O=0.9895484447479248|NORM=0.010449147783219814
sezona	O=0.9997603297233582|NORM=0.0002392753231106326
ce	NORM=0.9989455342292786|O=0.001051796367391944
bo	O=0.9977502226829529|NORM=0.0022435830906033516
on	O=0.99644935131073|NORM=0.003538149408996105
metal	O=0.9930102229118347|NORM=0.0069777765311300755
.	O=0.9997140765190125|NORM=0.00028034328715875745

je	O=0.9998596906661987|NORM=0.00013935209426563233
potrebno	O=0.9996659755706787|NORM=0.0003310705360490829
pri	O=0.9999450445175171|NORM=5.417601278168149e-05
drugi	O=0.9998735189437866|NORM=0.00012583249190356582
nalogi	O=0.9989926218986511|NORM=0.0010045580565929413
še	O=0.9998165965080261|NORM=0.00018173670105170459
kaj	O=0.9998818635940552|NORM=0.00011656227434286848
dodati	O=0.9925289750099182|NORM=0.00744132325053215
ali	O=0.9996620416641235|NORM=0.0003367412427905947
je	O=0.999879002571106|NORM=0.00011989453196292743
to	O=0.99996018409729|NORM=3.885800106218085e-05
to	O=0.9999451637268066|NORM=5.3441643103724346e-05
?	O=0.9997087121009827|NORM=0.0002858287771232426

tudi	O=0.9999531507492065|NORM=4.6477704017888755e-05
pozitivna	O=0.9999030828475952|NORM=9.628746192902327e-05
rešitev	O=0.9996497631072998|NORM=0.0003499280719552189
na	O=0.9998196959495544|NORM=0.00017970871704164892
vrhovnem	O=0.9993626475334167|NORM=0.0006346697336994112
sodišču	O=0.9996333122253418|NORM=0.0003647168923635036
do	O=0.999845027923584|NORM=0.0001543250255053863
petka	O=0.999671459197998|NORM=0.00032752304105088115
ne	O=0.9998821020126343|NORM=0.00011715396249201149
more	O=0.9996415376663208|NORM=0.0003569823456928134
zmanjšati	O=0.9996321201324463|NORM=0.0003666131815407425
škandaloznega	O=0.9990956783294678|NORM=0.0009026566985994577
dogajanja	O=0.9999260902404785|NORM=7.359938899753615e-05
krivo-sodja	O=0.9980362057685852|NORM=0.001961917383596301
!	O=0.9996230602264404|NORM=0.00037489188252948225

ka	NORM=0.9993436932563782|O=0.0006541373440995812
pa	O=0.9997571110725403|NORM=0.00024238010519184172
vem	O=0.9992978572845459|NORM=0.0007018835749477148
.....	O=0.9998641014099121|NORM=0.00013551078154705465

-	O=0.9986492991447449|NORM=0.001335421111434698
see	O=0.9973081350326538|NORM=0.002690420486032963
the	O=0.9997984766960144|NORM=0.00020024791592732072
problem	O=0.9997325539588928|NORM=0.00026211870135739446
?	O=0.9995282888412476|NORM=0.00046574295265600085

sej	NORM=0.9995664954185486|O=0.0004301183216739446
mislm	NORM=0.9994200468063354|O=0.0005759882042184472
da	O=0.999890923500061|NORM=0.00010806820500874892
bo	O=0.9996342658996582|NORM=0.0003650382859632373
sklep	O=0.8881989121437073|NORM=0.11177171021699905
te	O=0.9989218711853027|NORM=0.0010775799164548516
debate	O=0.9990087747573853|NORM=0.0009899330325424671
,	O=0.9998852014541626|NORM=0.00011246888607274741
da	O=0.9999184608459473|NORM=8.091649215202779e-05
nekdo	O=0.9997567534446716|NORM=0.00024240961647592485
ni	O=0.9994702935218811|NORM=0.0005264615756459534
dobr	NORM=0.9996751546859741|O=0.00032348043168894947
premislu	NORM=0.9992066025733948|O=0.0007865047664381564
,	O=0.9998544454574585|NORM=0.00014427702990360558
preden	O=0.9996631145477295|NORM=0.0003363130090292543
so	O=0.9995622038841248|NORM=0.0004370190144982189
zaprl	NORM=0.9260490536689758|O=0.073947973549366
slovensko	O=0.998684823513031|NORM=0.0013099462958052754
.	O=0.9998428821563721|NORM=0.000153518354636617

okop	O=0.9965864419937134|NORM=0.0034109216649085283
,	O=0.9999202489852905|NORM=7.888775144238025e-05
jagger	O=0.9759930968284607|NORM=0.024003567174077034
oni	O=0.9987198114395142|NORM=0.001275469665415585
so	O=0.9997926354408264|NORM=0.00020612779189832509
že	O=0.9997579455375671|NORM=0.00024015051894821227
vsi	O=0.9998950958251953|NORM=0.00010374175326433033
na	O=0.9991027116775513|NORM=0.0008939816034398973
sodiščih	O=0.9972772002220154|NORM=0.0027187017258256674
in	O=0.9998599290847778|NORM=0.00013898342149332166
nas	O=0.9997588992118835|NORM=0.00023946033616084605
preganjajo	O=0.9997304081916809|NORM=0.0002666278160177171
.	O=0.999864935874939|NORM=0.0001335949928034097

:d	O=0.9999275207519531|NORM=7.20093012205325e-05

@davidkovic	O=0.960873007774353|NORM=0.03911874443292618
boli	O=0.9986737966537476|NORM=0.0013247719034552574
njega	O=0.999415397644043|NORM=0.000581146392505616
patak	O=0.8040298819541931|NORM=0.1959650218486786
-	O=0.998969316482544|NORM=0.001028388855047524
dubu	NORM=0.9961484670639038|O=0.0038487291894853115
svojga	NORM=0.9993581175804138|O=0.0006404817686416209
lososka	NORM=0.630145251750946|O=0.36984783411026
pa	O=0.9990426898002625|NORM=0.0009563458734191954
šutek	O=0.5702725052833557|NORM=0.42971333861351013
,	O=0.9998138546943665|NORM=0.00018467473273631185
se	O=0.9983468055725098|NORM=0.0016521794022992253
zavleku	NORM=0.9996894598007202|O=0.00030841061379760504
u	NORM=0.7298083305358887|O=0.2701886296272278
box	O=0.9935193657875061|NORM=0.006476931273937225
in	O=0.9997708201408386|NORM=0.00022760046704206616
spi	O=0.9949824213981628|NORM=0.005016284063458443
spanje	O=0.997994065284729|NORM=0.0020052087493240833
pravičnega	O=0.9122724533081055|NORM=0.0877169519662857
,	O=0.999861478805542|NORM=0.00013579671212937683
jutr	NORM=0.999464213848114|O=0.0005332791479304433
bo	O=0.991638720035553|NORM=0.008356692269444466
pa	O=0.9997256398200989|NORM=0.00027344858972355723
mene	O=0.9979631900787354|NORM=0.002033483237028122
ob	O=0.9996187686920166|NORM=0.0003789521288126707
6h	O=0.996988832950592|NORM=0.0030031248461455107
začel	O=0.9769173860549927|NORM=0.02306821011006832
spostlemetat	NORM=0.9988473653793335|O=0.0011509113246574998

najprej	O=0.9996285438537598|NORM=0.00036561713204719126
me	O=0.9988895058631897|NORM=0.0011037475196644664
prehiti	O=0.8757996559143066|NORM=0.12419606745243073
,	O=0.9998096823692322|NORM=0.00018849618209060282
k	NORM=0.99964439868927|O=0.000354590272763744
da	O=0.9992295503616333|NORM=0.0007679096888750792
bi	O=0.9999192953109741|NORM=7.998704677447677e-05
mel	NORM=0.9995900988578796|O=0.00040853279642760754
vsaj	O=0.9976271986961365|NORM=0.002359493635594845
porša	O=0.5477209091186523|NORM=0.4522748291492462
pa	O=0.9998162388801575|NORM=0.00018289843865204602
bi	O=0.9999207258224487|NORM=7.856569573050365e-05
si	O=0.9991090893745422|NORM=0.0008904923452064395
to	O=0.9998592138290405|NORM=0.00013895683514419943
loh	NORM=0.9996200799942017|O=0.00037858253926970065
prvošču	NORM=0.9993289709091187|O=0.0006654899334535003
,	O=0.9999439716339111|NORM=5.508244430529885e-05
pol	NORM=0.9996542930603027|O=0.0003436850674916059
mu	O=0.9996297359466553|NORM=0.0003682046663016081
pa	O=0.9999533891677856|NORM=4.620481558959e-05
avto	O=0.999248206615448|NORM=0.0007499172934331
zakuha	O=0.9757413864135742|NORM=0.024251749739050865
,	O=0.9999459981918335|NORM=5.2748855523532256e-05
da	O=0.999931812286377|NORM=6.755334470653906e-05
smo	O=0.9998551607131958|NORM=0.00014424437540583313
vsi	O=0.9999551773071289|NORM=4.411211557453498e-05
na	O=0.9935792684555054|NORM=0.006419579964131117
cest	NORM=0.9925576448440552|O=0.007441292982548475
bli	NORM=0.999555766582489|O=0.0004425738879945129
v	O=0.9996390342712402|NORM=0.0003597651666495949
dimu	O=0.998524010181427|NORM=0.0014734859578311443
.	O=0.9998440742492676|NORM=0.00015426836034748703

tole	O=0.9998736381530762|NORM=0.0001258979318663478
me	O=0.999840497970581|NORM=0.00015826025628484786
je	O=0.9997097849845886|NORM=0.000289324700133875
pa	O=0.9998586177825928|NORM=0.00014087979798205197
res	O=0.9997667670249939|NORM=0.0002325174427824095
neg.	O=0.8854587078094482|NORM=0.11451815068721771
presenetl	NORM=0.9983047246932983|O=0.0016944842645898461
.	O=0.9999234676361084|NORM=7.483996887458488e-05

@tanci82	O=0.9996987581253052|NORM=0.0003002949815709144
morjo	NORM=0.9991368651390076|O=0.0008617200655862689
se	O=0.9890028238296509|NORM=0.010996159166097641
mal	NORM=0.9997197985649109|O=0.0002783667587209493
preluftat	NORM=0.9986451268196106|O=0.001352939521893859
;)	O=0.9998995065689087|NORM=9.967289224732667e-05

upam	O=0.9996331930160522|NORM=0.0003638271882664412
,	O=0.999835729598999|NORM=0.0001613867498235777
da	O=0.9998431205749512|NORM=0.0001555564667796716
bo	O=0.9999074935913086|NORM=9.193832374876365e-05
šlo	O=0.9990227222442627|NORM=0.0009743617265485227
...	O=0.9987286925315857|NORM=0.0012640858767554164
na	O=0.9994463324546814|NORM=0.0005507076275534928
izpitu	O=0.999614953994751|NORM=0.00038329954259097576
popoldan	O=0.9974756836891174|NORM=0.0025198531802743673
v	O=0.999383807182312|NORM=0.0006144327926449478
nočne	O=0.9914358258247375|NORM=0.008562056347727776
ure	O=0.9925737380981445|NORM=0.007417837157845497
..	O=0.9993597865104675|NORM=0.000632579845841974

mi	O=0.9999734163284302|NORM=2.619682709337212e-05
veliko	O=0.9999575614929199|NORM=4.197587622911669e-05
pomeni	O=0.9997873902320862|NORM=0.00021130061941221356
!	O=0.9998601675033569|NORM=0.00013866572408005595

sej	NORM=0.9980650544166565|O=0.0018994092242792249
ti	O=0.9998729228973389|NORM=0.00012571043043863028
si	O=0.9997144341468811|NORM=0.0002850910241249949
tud	NORM=0.999396562576294|O=0.0005897842347621918
podn	NORM=0.9985822439193726|O=0.0013994894688948989
!	O=0.9999326467514038|NORM=6.700449739582837e-05

če	O=0.9997954964637756|NORM=0.00020303756173234433
je	O=0.9998138546943665|NORM=0.00018528051441535354
kašn	NORM=0.9960175156593323|O=0.003976514097303152
čuden	O=0.9895485639572144|NORM=0.010443480685353279
,	O=0.9999393224716187|NORM=5.857477299286984e-05
kar	O=0.9972022771835327|NORM=0.0027952322270721197
povej	O=0.9996850490570068|NORM=0.0003140371118206531

kam	O=0.9984349608421326|NORM=0.0015636160969734192
ga	O=0.9997275471687317|NORM=0.00027091774973087013
boš	O=0.999874472618103|NORM=0.0001248626649612561
pa	O=0.9999185800552368|NORM=8.106255700113252e-05
dala	O=0.9978858828544617|NORM=0.002109176479279995
?	O=0.9998028874397278|NORM=0.00019467023957986385

ima	O=0.9987210631370544|NORM=0.0012780793476849794
kdo	O=0.9998679161071777|NORM=0.00013169915473554283
kaksno	NORM=0.9981435537338257|O=0.0018528983928263187
marelo	O=0.9783549308776855|NORM=0.02163282409310341
od	O=0.9997311234474182|NORM=0.000268581323325634
poslovnega	O=0.9994686245918274|NORM=0.0005306474631652236
partnerja	O=0.9998078942298889|NORM=0.00019184514530934393
odvec	NORM=0.9991311430931091|O=0.0008644165354780853
?	O=0.9997381567955017|NORM=0.00026022273232229054

"	O=0.9992709755897522|NORM=0.0007270720670931041
eeeee	NORM=0.5088251829147339|O=0.4911712110042572
...	O=0.9996366500854492|NORM=0.00036132364766672254

dober	O=0.8971377015113831|NORM=0.1028362512588501
naj	O=0.9998666048049927|NORM=0.00013282713189255446
ti	O=0.9999603033065796|NORM=3.921992174582556e-05
bo	O=0.9997854828834534|NORM=0.00021395574731286615
.....	O=0.9998637437820435|NORM=0.0001356511638732627

zdej	NORM=0.9992188215255737|O=0.0007729633944109082
pa	O=0.9997071623802185|NORM=0.00029213339439593256
ze	NORM=0.9986366629600525|O=0.0013610947644338012
pol	O=0.9996161460876465|NORM=0.00038292640238069
noci	O=0.7944498062133789|NORM=0.20554320514202118
ne	O=0.9997733235359192|NORM=0.00022535824973601848
spim	O=0.9966381788253784|NORM=0.0033603289630264044
,	O=0.9998799562454224|NORM=0.00011809091665782034
pa	O=0.9998130202293396|NORM=0.0001864504156401381
se	NORM=0.9458246827125549|O=0.05417327582836151
mala	O=0.9730502963066101|NORM=0.026943843811750412
cebela	O=0.5312399864196777|NORM=0.4687550961971283
ma	NORM=0.9957950115203857|O=0.004199237562716007
neke	O=0.9992139339447021|NORM=0.0007853030692785978
probleme	O=0.9993847608566284|NORM=0.0006141542689874768
in	O=0.9995560050010681|NORM=0.00044324685586616397
skos	NORM=0.999459445476532|O=0.0005365784163586795
joka	NORM=0.8274567723274231|O=0.17254038155078888
...	O=0.9993540644645691|NORM=0.0006429874920286238

@centrifuzija	O=0.9998027682304382|NORM=0.00019650786998681724
mislm	NORM=0.9988144636154175|O=0.0011710389517247677
,	O=0.9996520280838013|NORM=0.0003431362274568528
da	O=0.9998514652252197|NORM=0.00014710702816955745
bomo	O=0.999705970287323|NORM=0.00029099080711603165
v	O=0.9998643398284912|NORM=0.0001349507219856605
nekaj	O=0.999901533126831|NORM=9.748459706315771e-05
mesecih	O=0.9998890161514282|NORM=0.00010954602475976571
večini	O=0.9998517036437988|NORM=0.0001479273778386414
stvari	O=0.9998251795768738|NORM=0.00017385203682351857
rekl	NORM=0.9991245865821838|O=0.0008691491093486547
pms	O=0.9952983260154724|NORM=0.004685530439019203
smuti	O=0.9646021723747253|NORM=0.035386864095926285
.	O=0.9997732043266296|NORM=0.00022243446437641978

sta	O=0.9940564632415771|NORM=0.0059427376836538315
si	O=0.9999066591262817|NORM=9.30390233406797e-05
pa	O=0.9998257756233215|NORM=0.00017356172611471266
podobna	O=0.9938700199127197|NORM=0.006126703228801489
s	O=0.9995023012161255|NORM=0.0004955906188115478
pezdirjem	O=0.9313808083534241|NORM=0.06861057877540588
mal	NORM=0.9996030926704407|O=0.0003961093898396939
...	O=0.9997789263725281|NORM=0.0002199164155172184

ko	O=0.7931302785873413|NORM=0.20686425268650055
te	O=0.9994801878929138|NORM=0.0005171162192709744
pa	O=0.9996697902679443|NORM=0.0003297364164609462
na	O=0.999815046787262|NORM=0.00018439565610606223
twitterju	O=0.9921199083328247|NORM=0.007878738455474377
followa	O=0.5371403098106384|NORM=0.46284353733062744
@savicdomen	O=0.9994460940361023|NORM=0.0005531988572329283
pol	NORM=0.9981367588043213|O=0.0018589976243674755
si	O=0.9999228715896606|NORM=7.680966518819332e-05
pa	O=0.9997381567955017|NORM=0.00026133665232919157
car	O=0.8372486233711243|NORM=0.1627197116613388
!	O=0.9996010661125183|NORM=0.0003962361079175025

@vanessacokl	O=0.9996153116226196|NORM=0.00038410836714319885
škoda	O=0.9999003410339355|NORM=9.917774877976626e-05
,	O=0.999874472618103|NORM=0.00012393540237098932
da	O=0.9999066591262817|NORM=9.281764505431056e-05
@vecer	O=0.998268723487854|NORM=0.0017303284257650375
ne	O=0.999747097492218|NORM=0.0002517988905310631
najema	O=0.998914361000061|NORM=0.0010838432935997844
kake	O=0.9761483669281006|NORM=0.02385065332055092
pr	NORM=0.9979210495948792|O=0.0020754728466272354
agencije	O=0.9821474552154541|NORM=0.017850881442427635
,	O=0.9997923970222473|NORM=0.0002047117450274527
ki	O=0.9996256828308105|NORM=0.00037321887793950737
bi	O=0.9998892545700073|NORM=0.00010991199815180153
svetovala	O=0.9992074370384216|NORM=0.0007905741804279387
,	O=0.9998583793640137|NORM=0.00013931762077845633
da	O=0.9999213218688965|NORM=7.787335198372602e-05
naj	O=0.9999445676803589|NORM=5.50555887457449e-05
bodo	O=0.9998661279678345|NORM=0.0001331117528025061
vsi	O=0.999690055847168|NORM=0.0003078246081713587
vasje	O=0.918544352054596|NORM=0.08145414292812347
jagerji	O=0.9890573620796204|NORM=0.010939246974885464
,	O=0.9997683167457581|NORM=0.00023080912069417536
tudi	O=0.9998487234115601|NORM=0.00015069902292452753
na	O=0.9945542812347412|NORM=0.005442827939987183
tw	NORM=0.9944789409637451|O=0.005519774276763201
.	O=0.9999041557312012|NORM=9.46879736147821e-05

da	O=0.9984910488128662|NORM=0.001507823122665286
vidm	NORM=0.9991647005081177|O=0.000829459517262876
kako	O=0.9995181560516357|NORM=0.00047825154615566134
se	O=0.9995877146720886|NORM=0.0004120079684071243
vesoljčki	O=0.9993904829025269|NORM=0.0006074592238292098
in	O=0.99994957447052|NORM=5.008186781196855e-05
ljudje	O=0.9998316764831543|NORM=0.00016631733160465956
pobijajo	O=0.9997519850730896|NORM=0.00024523946922272444
:))	O=0.9996708631515503|NORM=0.00032696142443455756

http://t.co/etutaso41b	O=0.9996563196182251|NORM=0.0003428254567552358
,	O=0.9995668530464172|NORM=0.0004259044653736055
ssl	O=0.8872544765472412|NORM=0.11273534595966339
/	O=0.9945555925369263|NORM=0.005432194098830223
tls	O=0.8085253238677979|NORM=0.19142365455627441
kljukica	O=0.9975886344909668|NORM=0.0024092101957648993
,	O=0.9998452663421631|NORM=0.00015286263078451157
port	O=0.9401044845581055|NORM=0.05989159643650055
995	O=0.9985036849975586|NORM=0.0014924712013453245
za	O=0.9998830556869507|NORM=0.00011632520909188315
pop3s	O=0.8952104449272156|NORM=0.1047360897064209
,	O=0.9998401403427124|NORM=0.00015764021372888237
in	O=0.9999450445175171|NORM=5.447417061077431e-05
995	O=0.9990697503089905|NORM=0.0009285513078793883
za	O=0.999872088432312|NORM=0.00012715601769741625
imaps	O=0.8775213956832886|NORM=0.12247072905302048
:)	O=0.9997945427894592|NORM=0.0002032373013207689

na	O=0.9995352029800415|NORM=0.000462969095679
srečo	O=0.9997816681861877|NORM=0.0002175992267439142
mam	NORM=0.9994924068450928|O=0.0005050437757745385
tok	NORM=0.9993181228637695|O=0.0006800645496696234
čudovitih	O=0.99957674741745|NORM=0.00042244591168127954
orodij	O=0.9994588494300842|NORM=0.0005405439878813922
za	O=0.999908447265625|NORM=9.118484740611166e-05
to	O=0.999866247177124|NORM=0.00013090828724671155
popravit	NORM=0.9990401864051819|O=0.0009582789498381317
.	O=0.9998229146003723|NORM=0.00017451609892304987

lepo	O=0.9981853365898132|NORM=0.0018114334670826793
edino	O=0.9992502331733704|NORM=0.0007447829120792449
škoda	O=0.9992576241493225|NORM=0.0007396587170660496
ker	O=0.9998407363891602|NORM=0.0001586162979947403
moramo	O=0.9995026588439941|NORM=0.0004951570881530643
imeti	O=0.999767005443573|NORM=0.00023144143051467836
tablice	O=0.9985062479972839|NORM=0.001491881674155593
vspredaj	O=0.9940693378448486|NORM=0.00591887766495347

@matevzluzar	O=0.9995381832122803|NORM=0.0004611890472006053
sploh	O=0.9995100498199463|NORM=0.0004864702350459993
pa	O=0.999788224697113|NORM=0.000210700134630315
ne	O=0.9998611211776733|NORM=0.00013722220319323242
vem	O=0.9999065399169922|NORM=9.216147736879066e-05
,	O=0.9998763799667358|NORM=0.00012242284719832242
kako	O=0.9994705319404602|NORM=0.0005274655413813889
ste	O=0.9998096823692322|NORM=0.00018935759726446122
šele	O=0.9994823932647705|NORM=0.0005126151372678578
v	O=0.9997827410697937|NORM=0.00021643178479280323
2015	O=0.9989627599716187|NORM=0.0010353561956435442
ugotovil’	NORM=0.9915184378623962|O=0.008480530232191086
,	O=0.999828577041626|NORM=0.0001700512511888519
da	O=0.9996805191040039|NORM=0.00031783353188075125
rokomet	O=0.9943975210189819|NORM=0.00559657858684659
tut	NORM=0.9987059831619263|O=0.001286120736040175
šport	O=0.9970460534095764|NORM=0.0029527046717703342
,	O=0.9997686743736267|NORM=0.0002292027056682855
in	O=0.9998974800109863|NORM=0.00010189924796577543
v	O=0.9997534155845642|NORM=0.00024599055177532136
športu	O=0.9995293617248535|NORM=0.00046811733045615256
je	O=0.9992876648902893|NORM=0.0007107789278961718
dnar	NORM=0.9988844990730286|O=0.0011135844979435205
.	O=0.9998629093170166|NORM=0.00013544433750212193

bom	O=0.9998677968978882|NORM=0.0001307837083004415
šel	O=0.999135434627533|NORM=0.0008622956229373813
gledat	O=0.980885922908783|NORM=0.01908901520073414
film	O=0.9995410442352295|NORM=0.000457729707704857
....	O=0.9999039173126221|NORM=9.490275260759518e-05

dobr	NORM=0.9987977743148804|O=0.0011932294582948089
zgleda	O=0.9997182488441467|NORM=0.0002809230936691165
za	O=0.9999265670776367|NORM=7.314048707485199e-05
34	O=0.998890221118927|NORM=0.001108351512812078
let	O=0.9998327493667603|NORM=0.00016663409769535065
.	O=0.9998112320899963|NORM=0.00018637737957760692

a	O=0.9997673630714417|NORM=0.00023193644301500171
je	O=0.999211311340332|NORM=0.0007869699620641768
blo	NORM=0.9997461438179016|O=0.0002501333656255156
treba	O=0.9992256164550781|NORM=0.0007731091463938355
bit	NORM=0.9995892643928528|O=0.0004035361635033041
tok	NORM=0.9994757771492004|O=0.0005221154424361885
tišast	O=0.7678556442260742|NORM=0.232138991355896
?	O=0.999658465385437|NORM=0.00033875912777148187

recimo	O=0.9995346069335938|NORM=0.00046450499212369323
😁	O=0.9999099969863892|NORM=8.939965482568368e-05

mau	NORM=0.9988868832588196|O=0.0011096937814727426
sem	O=0.9996839761734009|NORM=0.00031519646290689707
not	O=0.9936586022377014|NORM=0.006338168401271105
padla	NORM=0.9992679953575134|O=0.0007292187656275928
.	O=0.9998964071273804|NORM=0.00010203304555034265

@rtv_slovenija	O=0.9998468160629272|NORM=0.00015264695684891194
novinarski	O=0.9995670914649963|NORM=0.0004322265740483999
podn	NORM=0.9978007674217224|O=0.002186425030231476
,	O=0.9999241828918457|NORM=7.495558384107426e-05
podn	NORM=0.9974064230918884|O=0.0025741534773260355
,	O=0.9998774528503418|NORM=0.00012177229655208066
podn	NORM=0.9976231455802917|O=0.0023606878239661455
.	O=0.999819815158844|NORM=0.00017818750347942114

če	O=0.9997109770774841|NORM=0.000287973991362378
prej	O=0.9998173117637634|NORM=0.00018195656593888998
niso	O=0.9997815489768982|NORM=0.00021611656120512635
,	O=0.9999265670776367|NORM=7.250634371303022e-05
zdaj	O=0.99996018409729|NORM=3.9467031456297264e-05
zihr	NORM=0.998817503452301|O=0.0011725897202268243
vsi	O=0.9999536275863647|NORM=4.559602894005366e-05
mislijo	O=0.9997565150260925|NORM=0.00024086511984933168
,	O=0.9999403953552246|NORM=5.7873923651641235e-05
da	O=0.9999074935913086|NORM=9.152104757959023e-05
so	O=0.9998868703842163|NORM=0.00011215321865165606
mi	O=0.9999030828475952|NORM=9.540849714539945e-05
hlapi	O=0.9984921216964722|NORM=0.0015042476588860154
stopili	O=0.9994602799415588|NORM=0.0005356836481951177
v	O=0.9999032020568848|NORM=9.619312913855538e-05
glavo	O=0.9998855590820312|NORM=0.00011313127470202744
.	O=0.9998633861541748|NORM=0.0001342164323432371

@jernejrostan	O=0.9996840953826904|NORM=0.00031566215329803526
pa	O=0.9997425675392151|NORM=0.00025680125690996647
sej	NORM=0.9989799857139587|O=0.0010050551500171423
bigger	O=0.9994518160820007|NORM=0.0005458986270241439
screen	O=0.9991323351860046|NORM=0.0008616447448730469
je	O=0.9996507167816162|NORM=0.00034851592499762774
še	O=0.9994562268257141|NORM=0.0005420462694019079
najmanjši	O=0.9998210072517395|NORM=0.00017880411178339273
problem	O=0.9995720982551575|NORM=0.00042449674219824374
.	O=0.9998441934585571|NORM=0.00015380563854705542

http://t.co/iimlvqfxqh	O=0.9994958639144897|NORM=0.0005033373599871993
mislm	NORM=0.9991004467010498|O=0.00089601194486022
,	O=0.9997261166572571|NORM=0.0002727509709075093
dafaq	NORM=0.8941492438316345|O=0.10584890097379684
,	O=0.9996715784072876|NORM=0.0003270399465691298
kva	NORM=0.9991067051887512|O=0.0008906277944333851
folku	O=0.9916138648986816|NORM=0.008385498076677322
ni	O=0.9998266100883484|NORM=0.00017285620560869575
jasn	NORM=0.9994392991065979|O=0.0005592726520262659
?	O=0.9997614026069641|NORM=0.00023714581038802862

da	O=0.9997681975364685|NORM=0.00023134790535550565
meuš	NORM=0.8929216861724854|O=0.10707303881645203
še	O=0.9906120896339417|NORM=0.009384136646986008
zmer	NORM=0.9991503953933716|O=0.0008463088888674974
poznau	NORM=0.9994862079620361|O=0.0005123919690959156
...	O=0.9997294545173645|NORM=0.0002685911313164979
::))):::))))	O=0.9998922348022461|NORM=0.00010717378609115258

hihi	O=0.9996576309204102|NORM=0.00034173487802036107
.	O=0.9999066591262817|NORM=9.269070869777352e-05

rečmo	NORM=0.9994986057281494|O=0.0004990765010006726
kot	O=0.9994309544563293|NORM=0.0005681688780896366
ena	O=0.9998887777328491|NORM=0.00011070957407355309
:	O=0.9996992349624634|NORM=0.0002945700252894312
nič	O=0.9999140501022339|NORM=8.457138756057248e-05
!	O=0.9998962879180908|NORM=0.00010182317055296153

da	O=0.999891996383667|NORM=0.00010742978338385001
ni	O=0.9998401403427124|NORM=0.00015848012117203325
,	O=0.99965500831604|NORM=0.00034401228185743093
kresnička	O=0.9968980550765991|NORM=0.003098671790212393
?	O=0.9999022483825684|NORM=9.65049839578569e-05

@juremakovec	O=0.999701201915741|NORM=0.00029837878537364304
ne	O=0.9998470544815063|NORM=0.00015123767661862075
poznam	O=0.9997249245643616|NORM=0.0002731944841798395
tolk	NORM=0.9994686245918274|O=0.0005293737631291151
dobr	NORM=0.9994345307350159|O=0.0005635050474666059
nikonovih	O=0.9835581183433533|NORM=0.01643824391067028
aparatov	O=0.9983956217765808|NORM=0.0016031101113185287
,	O=0.9998893737792969|NORM=0.00010836216097231954
d700	O=0.9671287536621094|NORM=0.03284921497106552
in	O=0.999579131603241|NORM=0.000419396732468158
d800	O=0.9654264450073242|NORM=0.03449821472167969
zlo	NORM=0.9946720004081726|O=0.005325707606971264
sta	O=0.9996022582054138|NORM=0.00039633255801163614
mi	O=0.9997709393501282|NORM=0.00022673911007586867
sexy	O=0.98194420337677|NORM=0.018048232421278954
,	O=0.9998670816421509|NORM=0.00013060362834949046
sem	O=0.9998900890350342|NORM=0.0001095649495255202
se	O=0.9996898174285889|NORM=0.00030963082099333405
pa	O=0.9998445510864258|NORM=0.00015470733342226595
nasmejal	O=0.9919009804725647|NORM=0.008081015199422836
d3200	O=0.6704040765762329|NORM=0.3295803666114807
..	O=0.9994040727615356|NORM=0.0005919542163610458

legat	NORM=0.8621205687522888|O=0.1378762274980545
,	O=0.9995493292808533|NORM=0.00044435448944568634
kaj	O=0.9983127117156982|NORM=0.0016841796459630132
kličeš	O=0.995405912399292|NORM=0.004593325778841972
ministrstva	O=0.9969171285629272|NORM=0.0030814679339528084
na	O=0.9997462630271912|NORM=0.0002520492998883128
odgovornost	O=0.9997575879096985|NORM=0.00024078568094410002
,	O=0.9999511241912842|NORM=4.74651315016672e-05
saj	O=0.9997627139091492|NORM=0.00023649072682019323
veš	O=0.9999169111251831|NORM=8.280822657980025e-05
,	O=0.9998979568481445|NORM=0.00010058994666906074
da	O=0.9998856782913208|NORM=0.0001136156715801917
itak	O=0.9992305040359497|NORM=0.0007684276206418872
nič	O=0.999617338180542|NORM=0.00037956537562422454
ne	O=0.9997090697288513|NORM=0.00028700559050776064
delajo	O=0.9997095465660095|NORM=0.0002868407464120537
.	O=0.9997598528862|NORM=0.00023546541342511773

eu	O=0.9910663962364197|NORM=0.008930130861699581
teče	O=0.9985901713371277|NORM=0.0014093845384195447
svoj	O=0.999954342842102|NORM=4.538802750175819e-05
zadnji	O=0.9998699426651001|NORM=0.00012868025805801153
krog	O=0.9991273283958435|NORM=0.0008685097564011812
.	O=0.999901533126831|NORM=9.677587513579056e-05

krasna	O=0.9997066855430603|NORM=0.0002922653511632234
združba	O=0.9998308420181274|NORM=0.00016862597840372473
,	O=0.999955415725708|NORM=4.4146676373202354e-05
ni	O=0.9998582601547241|NORM=0.00014103097782935947
kaj	O=0.999911904335022|NORM=8.784123201621696e-05
!	O=0.999900221824646|NORM=9.895807306747884e-05

jebelacesta	O=0.6425586342811584|NORM=0.3574272692203522
,	O=0.9997727274894714|NORM=0.0002252339181723073
ni	O=0.9997791647911072|NORM=0.00022053814609535038
fajn	O=0.9995867609977722|NORM=0.00041251181391999125
,	O=0.9999172687530518|NORM=8.225220517488196e-05
ni	O=0.9995021820068359|NORM=0.0004970773588865995
smešn	NORM=0.9993743300437927|O=0.0006243861862458289
,	O=0.9998899698257446|NORM=0.00010937691695289686
ni	O=0.9995172023773193|NORM=0.0004821346956305206
nč	NORM=0.9992398023605347|O=0.0007585481507703662
.	O=0.999825656414032|NORM=0.00017263363406527787

a	O=0.9997708201408386|NORM=0.00022833269031252712
crnkovič	O=0.9578989148139954|NORM=0.04208897799253464
je	O=0.999618649482727|NORM=0.00038001517532393336
pro	O=0.9752411842346191|NORM=0.02475767768919468
reporter	O=0.9635509252548218|NORM=0.03643503785133362
...	O=0.9997431635856628|NORM=0.00025518599431961775

citat	O=0.9956725835800171|NORM=0.004324428737163544
;	O=0.9993583559989929|NORM=0.0006313921767286956
"	O=0.9999300241470337|NORM=6.792137719457969e-05
predsednik	O=0.9998986721038818|NORM=0.00010002591443480924
republike	O=0.9997660517692566|NORM=0.00023262175091076642
borut	O=0.9739049077033997|NORM=0.02609238587319851
pahor	O=0.9987363219261169|NORM=0.0012624457012861967
je	O=0.999854326248169|NORM=0.00014444647240452468
ugotovil	O=0.9996356964111328|NORM=0.0003624494420364499
,	O=0.9999405145645142|NORM=5.709416655008681e-05
da	O=0.9999167919158936|NORM=8.213990804506466e-05
smo	O=0.9999436140060425|NORM=5.5704622354824096e-05
slovenci	O=0.9998421669006348|NORM=0.00015683603123761714
premalo	O=0.6660274863243103|NORM=0.33394375443458557
domoljubni	O=0.9998260140419006|NORM=0.0001724842586554587
,	O=0.9999591112136841|NORM=3.946314609493129e-05
da	O=0.9999101161956787|NORM=8.886838622856885e-05
premalo	O=0.8798773288726807|NORM=0.12009742110967636
spoštujemo	O=0.9998984336853027|NORM=9.946322825271636e-05
državo	O=0.9997448325157166|NORM=0.00025226655998267233
,	O=0.9999481439590454|NORM=5.082367351860739e-05
ki	O=0.9998914003372192|NORM=0.00010758925054688007
jo	O=0.9999290704727173|NORM=7.04970516380854e-05
imamo	O=0.9999164342880249|NORM=8.277936285594478e-05
že	O=0.9999493360519409|NORM=5.0009170081466436e-05
22	O=0.9998571872711182|NORM=0.00014221083256416023
let	O=0.9999175071716309|NORM=8.195498958230019e-05
,	O=0.9999426603317261|NORM=5.612593668047339e-05
njene	O=0.9997275471687317|NORM=0.00027100896113552153
institucije	O=0.9998099207878113|NORM=0.0001886183163151145
in	O=0.9999063014984131|NORM=9.301769750891253e-05
simbole	O=0.9997757077217102|NORM=0.0002228403463959694
.	O=0.9998441934585571|NORM=0.00015150706167332828
"	O=0.9999305009841919|NORM=6.719459634041414e-05

ja	O=0.9997690320014954|NORM=0.00022916781017556787
,	O=0.9998582601547241|NORM=0.00013984502584207803
al	NORM=0.9996778964996338|O=0.00032087002182379365
pa	O=0.9998332262039185|NORM=0.00016610485909041017
v	O=0.9993865489959717|NORM=0.000612831034231931
restarvraciji	O=0.5424431562423706|NORM=0.4575507938861847
,	O=0.9996312856674194|NORM=0.00036690878914669156
k	NORM=0.9993650317192078|O=0.000633703893981874
sm	NORM=0.9986370205879211|O=0.0013618030352517962
videl	O=0.9916906356811523|NORM=0.008284605108201504
na	O=0.9959524869918823|NORM=0.004039348568767309
lastne	O=0.9948662519454956|NORM=0.0051329112611711025
oči	O=0.9985975623130798|NORM=0.0014007113641127944
,	O=0.9998158812522888|NORM=0.00018135913705918938
ni	O=0.9992813467979431|NORM=0.0007145812851376832
glih	O=0.9984319806098938|NORM=0.0015663583762943745
primerno	O=0.9989444613456726|NORM=0.001053540501743555
..	O=0.9995342493057251|NORM=0.00046292890328913927

@bosstjanz	O=0.9996688365936279|NORM=0.00033084454480558634
@chuppacadabra	O=0.9997114539146423|NORM=0.0002882582484744489
@edvardkadic	O=0.9994465708732605|NORM=0.0005530292983166873
pri	O=0.9996943473815918|NORM=0.0003039119183085859
nas	O=0.9994760155677795|NORM=0.0005230365786701441
je	O=0.9994314312934875|NORM=0.0005674778367392719
kitekat	NORM=0.7821916937828064|O=0.21780000627040863
za	O=0.996644139289856|NORM=0.0033548285719007254
zajtr	NORM=0.974452555179596|O=0.025525715202093124
,	O=0.9997265934944153|NORM=0.00027008476899936795
vmes	O=0.9931299090385437|NORM=0.006862539332360029
pa	O=0.999911904335022|NORM=8.792219159658998e-05
fotr	O=0.8634145855903625|NORM=0.13658079504966736
ledvičke	O=0.7906911969184875|NORM=0.2093058079481125
in	O=0.9997885823249817|NORM=0.00021099096920806915
podobne	O=0.9995744824409485|NORM=0.0004247885080985725
scene	O=0.8777567744255066|NORM=0.12224088609218597
futra	O=0.9553734660148621|NORM=0.04461485892534256
.	O=0.9998701810836792|NORM=0.000128002226119861

*	O=0.9992644190788269|NORM=0.0007307389751076698
he	O=0.9992398023605347|NORM=0.000757564150262624
he	O=0.999450147151947|NORM=0.0005474602803587914
,	O=0.9998371601104736|NORM=0.00016025328659452498
vidno	O=0.9994440674781799|NORM=0.000555424892809242
ji	O=0.9998723268508911|NORM=0.00012683751992881298
ni	O=0.9997634291648865|NORM=0.000234890278079547
všeč	O=0.9994695782661438|NORM=0.0005278595490381122
fail	O=0.9971724152565002|NORM=0.002816320164129138
:p'	O=0.9983720183372498|NORM=0.0016269779298454523
3/n	O=0.9569954872131348|NORM=0.042993538081645966

učim	O=0.9990861415863037|NORM=0.0009066931088455021
se	O=0.9996222257614136|NORM=0.00037699576932936907
na	O=0.9971022009849548|NORM=0.0028956164605915546
ful	O=0.9938809871673584|NORM=0.006094965618103743
,	O=0.9999322891235352|NORM=6.69005821691826e-05
da	O=0.9997864365577698|NORM=0.00021284435933921486
ne	O=0.9848226308822632|NORM=0.015172320418059826
kej	NORM=0.9988825917243958|O=0.001116049475967884
taga	O=0.9857882857322693|NORM=0.014209306798875332
ne	O=0.9995934367179871|NORM=0.0004053547454532236
doleti	O=0.9952453970909119|NORM=0.00474704010412097
.	O=0.9998799562454224|NORM=0.00011884652485605329

veš	O=0.9998238682746887|NORM=0.0001757673016982153
kaj	O=0.9997842907905579|NORM=0.00021440138516481966
bi	O=0.9999598264694214|NORM=3.963470953749493e-05
morala	O=0.9997038245201111|NORM=0.0002944957814179361
nardit	NORM=0.9989871382713318|O=0.0009974443819373846
premierka	O=0.9992102384567261|NORM=0.0007888675900176167
?	O=0.9998626708984375|NORM=0.00013539135397877544

:)	O=0.999946117401123|NORM=5.330736530595459e-05

rt	O=0.9990478157997131|NORM=0.0009515091078355908
@cim_katja	O=0.9996989965438843|NORM=0.0003006741462741047
:	O=0.9995086193084717|NORM=0.0004863725625909865
26	O=0.9995531439781189|NORM=0.000445517769549042
,	O=0.9999252557754517|NORM=7.377768633887172e-05
unmarried	O=0.9998431205749512|NORM=0.00015633578004781157
,	O=0.999915361404419|NORM=8.32622463349253e-05
and	O=0.9999645948410034|NORM=3.500730963423848e-05
childless	O=0.9998384714126587|NORM=0.00016109042917378247
http://t.co/a6to7dkflr	O=0.999471127986908|NORM=0.0005280265468172729
so	O=0.9997757077217102|NORM=0.00022329005878418684
true	O=0.9998108744621277|NORM=0.00018851815548259765
!	O=0.9998078942298889|NORM=0.00019051980052608997

no	O=0.9998878240585327|NORM=0.00011151065700687468
to	O=0.9999535083770752|NORM=4.5408170990413055e-05
!	O=0.9998359680175781|NORM=0.00016249566397164017

hehehe	O=0.9998564720153809|NORM=0.00014296993322204798

something	O=0.9999711513519287|NORM=2.8117601686972193e-05
feels	O=0.9998843669891357|NORM=0.00011509332398418337
off	O=0.999818742275238|NORM=0.0001808159868232906
:s	O=0.9998437166213989|NORM=0.00015489749785047024
@bilgladen	O=0.999702513217926|NORM=0.00029669172363355756

obstal	O=0.9975505471229553|NORM=0.002443852135911584
dol	O=0.9978933930397034|NORM=0.0020985985174775124
.	O=0.9999077320098877|NORM=9.084488556254655e-05

sej	NORM=0.9988532066345215|O=0.0011338794138282537
spet	O=0.8362034559249878|NORM=0.16379308700561523
ni	O=0.9988178610801697|NORM=0.001179922022856772
tolk	NORM=0.9995768666267395|O=0.0004219873226247728
srbov	O=0.7065010666847229|NORM=0.2934951186180115
v	O=0.9996125102043152|NORM=0.0003866883344016969
sloveniji	O=0.9993436932563782|NORM=0.0006548791425302625
jbt	NORM=0.7493088245391846|O=0.2506875693798065
...	O=0.9997642636299133|NORM=0.0002344011008972302

damača	O=0.7232853174209595|NORM=0.27671197056770325
gaveja	NORM=0.6193385720252991|O=0.38065722584724426
,	O=0.9996522665023804|NORM=0.0003461639571469277
tenstančk	NORM=0.9551154375076294|O=0.04487347602844238
iz	O=0.9964152574539185|NORM=0.003583853133022785
igarja	O=0.9353869557380676|NORM=0.06460634618997574
,	O=0.9997157454490662|NORM=0.0002827465650625527
gavedna	NORM=0.9416510462760925|O=0.05834610387682915
,	O=0.9998842477798462|NORM=0.00011477325460873544
zelena	O=0.9998268485069275|NORM=0.00017250367091037333
salata	O=0.9985499978065491|NORM=0.0014446255518123507
,	O=0.999909520149231|NORM=8.966105815488845e-05
damača	O=0.8092600703239441|NORM=0.19073688983917236
pesa	O=0.6748512387275696|NORM=0.3251453936100006
salata	O=0.9972720742225647|NORM=0.002721185563132167
.	O=0.9995890259742737|NORM=0.00040791527135297656

baje	O=0.9892839789390564|NORM=0.01071520522236824
je	O=0.9993657469749451|NORM=0.0006332134362310171
več	O=0.993293285369873|NORM=0.006706219632178545
kak	NORM=0.9264670610427856|O=0.0735309049487114
tri	O=0.7091246247291565|NORM=0.2908725440502167
vre	NORM=0.9772322773933411|O=0.02276618592441082
pri	O=0.9989308714866638|NORM=0.0010678699472919106
hitron	NORM=0.9983019828796387|O=0.0016969586722552776
tempi	O=0.8242072463035583|NORM=0.17578257620334625
.	O=0.9998728036880493|NORM=0.00012610366684384644

k	NORM=0.9991777539253235|O=0.0008195994887501001
začne	O=0.9858747124671936|NORM=0.014118138700723648
pol	O=0.5601097345352173|NORM=0.43988582491874695
en	NORM=0.8578680753707886|O=0.14212869107723236
let	O=0.537708580493927|NORM=0.46228325366973877
ne	O=0.9995482563972473|NORM=0.00045095616951584816
neha	O=0.9988355040550232|NORM=0.0011641447199508548
:)	O=0.9999512434005737|NORM=4.7967063437681645e-05

ampak	O=0.9997878670692444|NORM=0.00021110191300977021
z	O=0.9998651742935181|NORM=0.00013382556790020317
mano	O=0.9990566372871399|NORM=0.0009347870945930481
provzaprov	NORM=0.9990959167480469|O=0.0009005245519801974
ni	O=0.9997305274009705|NORM=0.0002677231968846172
nič	O=0.9999135732650757|NORM=8.597126725362614e-05
narobe	O=0.9998261332511902|NORM=0.00017248147923965007
,	O=0.9999098777770996|NORM=8.736018935451284e-05
samo	O=0.9994097948074341|NORM=0.000585115805733949
z	O=0.9998306035995483|NORM=0.0001671411155257374
napačnim	O=0.9989913105964661|NORM=0.0010032703867182136
nastavkom	O=0.9989081621170044|NORM=0.001088957884348929
sm	NORM=0.9979643821716309|O=0.002033870667219162
se	O=0.9988215565681458|NORM=0.0011768644908443093
postrigu	NORM=0.9995724558830261|O=0.0004258560365997255
.	O=0.9996840953826904|NORM=0.0003125211806036532

@puredestiny	O=0.9997031092643738|NORM=0.0002956851676572114
hehe	O=0.9996353387832642|NORM=0.0003634018066804856
jasej	NORM=0.9982935786247253|O=0.0017048415029421449
ombre	O=0.9983993172645569|NORM=0.0016000231262296438
naj	O=0.9970470070838928|NORM=0.0029523230623453856
nebi	NORM=0.9976170063018799|O=0.0023806330282241106
bija	NORM=0.9968068599700928|O=0.0031910701654851437
perfekten	NORM=0.9940097332000732|O=0.005988399963825941
:)	O=0.9999032020568848|NORM=9.553324343869463e-05

@ana_plesko	O=0.989479124546051|NORM=0.010518810711801052
vse	O=0.9999405145645142|NORM=5.8919176808558404e-05
živo	O=0.9993244409561157|NORM=0.0006744397687725723
...	O=0.999776303768158|NORM=0.00022177238133735955

:d	O=0.9999275207519531|NORM=7.200915570138022e-05

odločitev	O=0.9997853636741638|NORM=0.00021375993674155325
je	O=0.9996210336685181|NORM=0.00037707906449213624
bila	O=0.9998018145561218|NORM=0.0001967295102076605
(	O=0.9993199110031128|NORM=0.0006764183635823429
strokovno	O=0.9996823072433472|NORM=0.00031588535057380795
)	O=0.9992817044258118|NORM=0.0007154322229325771
utemeljena	O=0.9994723200798035|NORM=0.0005249883397482336
,	O=0.9998871088027954|NORM=0.00011025126877939329
izjav	O=0.9981665015220642|NORM=0.0018325286218896508
(	O=0.9984906911849976|NORM=0.0015050685033202171
in	O=0.9998354911804199|NORM=0.00016363922622986138
obrazložitve	O=0.9869399070739746|NORM=0.013059313409030437
)	O=0.9974914789199829|NORM=0.0024977840948849916
pa	O=0.9998015761375427|NORM=0.00019746988255064934
ne	O=0.9998409748077393|NORM=0.00015777435328345746
bomo	O=0.9995152950286865|NORM=0.00047920941142365336
podajali	O=0.9984982013702393|NORM=0.0014969446929171681
???!!!	O=0.9996500015258789|NORM=0.0003467155620455742

vela	O=0.7006556987762451|NORM=0.29931381344795227
tudi	O=0.999948263168335|NORM=5.142542431713082e-05
za	O=0.9998458623886108|NORM=0.00015345588326454163
vodjata	O=0.9990707635879517|NORM=0.0009289176668971777
.	O=0.9997945427894592|NORM=0.00020419586508069187

@matictoman	O=0.9994841814041138|NORM=0.0005138193373568356
dejansko	O=0.999870777130127|NORM=0.00012845905439462513
nedopustno	O=0.9758707284927368|NORM=0.02412772737443447
,	O=0.9998019337654114|NORM=0.00019722359138540924
da	O=0.9998555183410645|NORM=0.00014421141531784087
jim	O=0.9995900988578796|NORM=0.00040860098670236766
morm	NORM=0.9993220567703247|O=0.0006745033897459507
js	NORM=0.9993675351142883|O=0.0006288362783379853
tkole	NORM=0.9976308345794678|O=0.0023676494602113962
slovnicne	NORM=0.9365116357803345|O=0.06348501145839691
napake	O=0.9834480285644531|NORM=0.016550086438655853
iskat	NORM=0.9959332346916199|O=0.0040608118288218975
.	O=0.9998192191123962|NORM=0.0001784533669706434

preveč	O=0.9988419413566589|NORM=0.001156332204118371
sladko	O=0.9957685470581055|NORM=0.0042228358797729015
ampak	O=0.9995275735855103|NORM=0.0004720055731013417
prbije	NORM=0.9970260262489319|O=0.0029630528297275305
pa	O=0.9998316764831543|NORM=0.00016789791698101908
ornk	O=0.9969435334205627|NORM=0.003053882159292698
:d	O=0.9999133348464966|NORM=8.63033565110527e-05

po	O=0.9998281002044678|NORM=0.00017142527212854475
možnosti	O=0.9997484087944031|NORM=0.0002497510868124664
izven	O=0.9942808151245117|NORM=0.005717266816645861
lj	NORM=0.9980403780937195|O=0.001954786479473114
,	O=0.9999079704284668|NORM=9.066150232683867e-05
kjer	O=0.9998403787612915|NORM=0.00015830056509003043
je	O=0.9997724890708923|NORM=0.0002265719376737252
mal	NORM=0.9991006851196289|O=0.0008883257396519184
boljši	O=0.9998657703399658|NORM=0.00013314865645952523
zrak	O=0.9990899562835693|NORM=0.0009068566141650081

:)	O=0.999946117401123|NORM=5.330736530595459e-05

malo	O=0.9996144771575928|NORM=0.0003847054031211883
svežega	O=0.9996572732925415|NORM=0.0003406388277653605
vetra	O=0.9997825026512146|NORM=0.00021698209457099438
..	O=0.9997695088386536|NORM=0.00022920398623682559

#soocenje	O=0.9993755221366882|NORM=0.0006241570808924735

kaj	O=0.9998006224632263|NORM=0.00019887938105966896
pa	O=0.9998883008956909|NORM=0.00011095569061581045
če	O=0.9998419284820557|NORM=0.00015632022405043244
bi	O=0.9998527765274048|NORM=0.0001461267820559442
se	O=0.9995478987693787|NORM=0.00045138713903725147
gospa	O=0.9961779117584229|NORM=0.0038142974954098463
rajši	O=0.9983219504356384|NORM=0.0016776291886344552
naučila	O=0.9990850687026978|NORM=0.0009091364918276668
parkirat	NORM=0.9976473450660706|O=0.002349454676732421
?	O=0.9997065663337708|NORM=0.00028977717738598585

s	O=0.9996188879013062|NORM=0.00037808812339790165
pomočjo	O=0.9984747767448425|NORM=0.0015154562424868345
1600	O=0.9979758858680725|NORM=0.0020184230525046587
dpi	O=0.9975577592849731|NORM=0.002436127746477723
(	O=0.9995513558387756|NORM=0.0004427268577273935
drugače	O=0.9998549222946167|NORM=0.0001441601780243218
ni	O=0.9998815059661865|NORM=0.00011771026038331911
šlo	O=0.999683141708374|NORM=0.0003152551071252674
pod	O=0.9937869310379028|NORM=0.006208357866853476
.050	O=0.992279052734375|NORM=0.007714434526860714
)	O=0.99955815076828|NORM=0.00043757836101576686

lustracija	O=0.9993607401847839|NORM=0.000638319063000381
-	O=0.9996765851974487|NORM=0.0003221325168851763
takoj	O=0.999916672706604|NORM=8.276833250420168e-05
!	O=0.9999057054519653|NORM=9.362219861941412e-05

sej	NORM=0.9985221028327942|O=0.0014644054463133216
ne	O=0.9940991401672363|NORM=0.005899100564420223
da	O=0.9770293831825256|NORM=0.022968672215938568
že	O=0.9997105002403259|NORM=0.00028738233959302306
pred	O=0.999735414981842|NORM=0.0002624283661134541
9h	O=0.9977685213088989|NORM=0.002229139441624284
ni	O=0.9987181425094604|NORM=0.00127649016212672
blo	NORM=0.9993071556091309|O=0.0006831493228673935
več	O=0.9997221827507019|NORM=0.0002766142424661666
vode	O=0.9994956254959106|NORM=0.0005031483597122133
...	O=0.999309778213501|NORM=0.0006845486932434142

a	O=0.9997532963752747|NORM=0.0002463201235514134
sm	NORM=0.9995148181915283|O=0.00048424425767734647
js	NORM=0.9993601441383362|O=0.0006364191649481654
čuden	O=0.9787084460258484|NORM=0.02127617411315441
al	NORM=0.999606192111969|O=0.0003905555058736354
akj	NORM=0.999333918094635|O=0.0006636077887378633

pošljem	O=0.999190628528595|NORM=0.000805497809778899
povpraševanje	O=0.9994112253189087|NORM=0.0005866847350262105
za	O=0.9998569488525391|NORM=0.0001423200301360339
paragliding	O=0.9960259199142456|NORM=0.0039593810215592384
pa	O=0.9997774958610535|NORM=0.00022110236750449985
mi	O=0.9999397993087769|NORM=5.906805381528102e-05
tko	NORM=0.9996596574783325|O=0.0003394545055925846
simpatično	O=0.9971639513969421|NORM=0.002831709571182728
odgovorijo	O=0.9976879358291626|NORM=0.0023090201430022717
,	O=0.9997738003730774|NORM=0.0002240231551695615
da	O=0.9998071789741516|NORM=0.00019138850620947778
bom	O=0.999717652797699|NORM=0.0002805133117362857
že	O=0.998462438583374|NORM=0.0015339839737862349
zarad	NORM=0.9993917942047119|O=0.0006049706134945154
tega	O=0.9992641806602478|NORM=0.0007314862450584769
mogla	O=0.9996203184127808|NORM=0.0003769064205698669
nehat	NORM=0.9989224672317505|O=0.0010743237799033523
bit	NORM=0.9995946288108826|O=0.0004041394859086722
prpa	NORM=0.8659550547599792|O=0.13403648138046265
pa	O=0.9993975162506104|NORM=0.0006003021844662726
it	NORM=0.7011948227882385|O=0.2987816333770752
:))	O=0.9996108412742615|NORM=0.00038783001946285367

tud	NORM=0.9994823932647705|O=0.0005112473736517131
od	O=0.9990549683570862|NORM=0.0009442498558200896
frenda	O=0.993843674659729|NORM=0.0061546084471046925
sm	NORM=0.9992384910583496|O=0.0007605724385939538
ga	O=0.9988862872123718|NORM=0.0011080766562372446
prklopu	NORM=0.9992438554763794|O=0.0007495657773688436
pa	O=0.9998759031295776|NORM=0.00012367097951937467
igra	O=0.9985092282295227|NORM=0.0014891874743625522
isto	O=0.999790370464325|NORM=0.00020898116054013371
!	O=0.9997596144676208|NORM=0.0002393557078903541

lepo	O=0.9994885921478271|NORM=0.0005099683767184615
prosim	O=0.9997076392173767|NORM=0.00029187064501456916

dobro	O=0.9992724061012268|NORM=0.0007250539492815733
,	O=0.9999158382415771|NORM=8.286454249173403e-05
drugač	NORM=0.9996050000190735|O=0.0003938070440199226
bi	O=0.9998321533203125|NORM=0.00016631408652756363
se	NORM=0.9329380989074707|O=0.06705865263938904
bil	O=0.987188994884491|NORM=0.01280809286981821
naval	O=0.9779738783836365|NORM=0.022018834948539734
romov	O=0.9992827773094177|NORM=0.0007168241427280009
ter	O=0.9992954730987549|NORM=0.0007038206676952541
ciganov	O=0.9953448176383972|NORM=0.004653962329030037
po	O=0.9992908239364624|NORM=0.0007082860684022307
evropi	O=0.9991445541381836|NORM=0.0008525837911292911
.	O=0.9997705817222595|NORM=0.00022717169485986233

@jozebizjak	O=0.9995433688163757|NORM=0.00045639867312274873
@lucijausaj	O=0.9995825886726379|NORM=0.0004172084736637771
@msarlah	O=0.9996151924133301|NORM=0.00038461803342215717
@allbriefs	O=0.9995934367179871|NORM=0.00040626784902997315
@nemarambutlov	O=0.9996004700660706|NORM=0.00039927251054905355
zdravko	NORM=0.9408220052719116|O=0.059175487607717514
je	O=0.9996918439865112|NORM=0.00030749887810088694
nepoustljiv	O=0.9840818643569946|NORM=0.01591159589588642
.	O=0.9998674392700195|NORM=0.00013107509585097432

sj	NORM=0.9765968918800354|O=0.02340138889849186
se	O=0.9996775388717651|NORM=0.00032185984309762716
pol	NORM=0.9948386549949646|O=0.005160140804946423
na	O=0.9997428059577942|NORM=0.0002552669611759484
igrišču	O=0.9994314312934875|NORM=0.0005679031601175666
pokaže	O=0.9970986843109131|NORM=0.0028980413917452097
:p	O=0.9998175501823425|NORM=0.00018066771735902876

@an_imo_pectore	O=0.9925230145454407|NORM=0.00747257936745882
vsak	O=0.9998722076416016|NORM=0.00012700454681180418
bo	O=0.9997777342796326|NORM=0.00022148735297378153
prišel	O=0.9996631145477295|NORM=0.00033498008269816637
ven	O=0.9989402890205383|NORM=0.0010590216843411326
z	O=0.9998486042022705|NORM=0.00015032624651212245
eno	O=0.9994774460792542|NORM=0.0005180917214602232
knjigo	O=0.9990456700325012|NORM=0.000952896021772176
in	O=0.9998301267623901|NORM=0.00016852346016094089
bojo	O=0.9933690428733826|NORM=0.006629824638366699
,	O=0.9996212720870972|NORM=0.000377304560970515
tko	NORM=0.9994654059410095|O=0.0005338555201888084
kot	O=0.999222993850708|NORM=0.0007762040477246046
ivan	O=0.9913881421089172|NORM=0.008610380813479424
,	O=0.9996765851974487|NORM=0.0003224177344236523
paradirali	O=0.9678815603256226|NORM=0.03211483359336853
okoli	O=0.9984285235404968|NORM=0.001561637269333005
,	O=0.9997119307518005|NORM=0.00028550115530379117
boš	O=0.9976226687431335|NORM=0.0023756534792482853
vidla	NORM=0.9991863369941711|O=0.00081285071792081
...	O=0.9995749592781067|NORM=0.00042136781848967075

@lucijausaj	O=0.9996339082717896|NORM=0.0003657905326690525
@samoglavan	O=0.9997915625572205|NORM=0.00020822523219976574
@antontomazic	O=0.9996168613433838|NORM=0.0003828198532573879
@maya7thangel	O=0.9996945858001709|NORM=0.0003051547391805798
jest	NORM=0.9995465874671936|O=0.0004516227054409683
sm	NORM=0.9992902278900146|O=0.0007089019636623561
vedu	NORM=0.9993578791618347|O=0.0006387693574652076
pred	O=0.9997907280921936|NORM=0.00020850764121860266
juncem	NORM=0.5392870306968689|O=0.46070632338523865
da	O=0.9999431371688843|NORM=5.6346223573200405e-05
cerar	O=0.9706795811653137|NORM=0.02931220829486847
ni	O=0.9999377727508545|NORM=6.146341183921322e-05
telefoniral	O=0.9962765574455261|NORM=0.0037204958498477936
.	O=0.9999061822891235|NORM=9.200521890306845e-05

zdaj	O=0.9999107122421265|NORM=8.872938633430749e-05
pa	O=0.9998675584793091|NORM=0.00013158460205886513
povej	O=0.998371422290802|NORM=0.001626889337785542
kje	O=0.9992318153381348|NORM=0.0007664127042517066
si	O=0.9999573230743408|NORM=4.249344056006521e-05
zasledil	O=0.9984164237976074|NORM=0.0015806712908670306
to	O=0.9998677968978882|NORM=0.00013125264376867563
za	O=0.9997724890708923|NORM=0.00022707247990183532
salmonelo	O=0.9971123933792114|NORM=0.002880776533856988
...	O=0.9997604489326477|NORM=0.00023762165801599622

volilci	O=0.9992043375968933|NORM=0.0007939331117086112
sds	O=0.9755702018737793|NORM=0.02441488206386566
so	O=0.9999055862426758|NORM=9.362585115013644e-05
samo	O=0.9998121857643127|NORM=0.00018586793157737702
klerikalci	O=0.9975847005844116|NORM=0.002410729182884097
in	O=0.9999626874923706|NORM=3.687859498313628e-05
njihov	O=0.9999239444732666|NORM=7.505413668695837e-05
procent	O=0.9977400302886963|NORM=0.0022558504715561867
se	O=0.999663233757019|NORM=0.00033458328107371926
ne	O=0.9998891353607178|NORM=0.00010953705350402743
spreminja	O=0.9989359974861145|NORM=0.0010530611034482718
,	O=0.9999195337295532|NORM=7.775810809107497e-05
kar	O=0.9999364614486694|NORM=6.248222780413926e-05
je	O=0.9998171925544739|NORM=0.00018148584058508277
razvidno	O=0.999786913394928|NORM=0.00021081743761897087
pri	O=0.9998902082443237|NORM=0.00010831886174855754
vsakih	O=0.999714195728302|NORM=0.00028447769000194967
volitvah	O=0.9998303651809692|NORM=0.00016919647168833762
(	O=0.99946528673172|NORM=0.0005304832593537867
cca	NORM=0.9836577773094177|O=0.016314076259732246
20	O=0.9987542629241943|NORM=0.0012351124314591289
%	O=0.9993645548820496|NORM=0.0006271209567785263
)	O=0.9992380142211914|NORM=0.0007572876056656241
,	O=0.9998586177825928|NORM=0.0001387988741043955
in	O=0.9999314546585083|NORM=6.78980941302143e-05
raje	O=0.9998959302902222|NORM=0.00010371918324381113
tonejo	O=0.9992122650146484|NORM=0.0007850943366065621
skupaj	O=0.9994311928749084|NORM=0.0005616674316115677
s	O=0.9990680813789368|NORM=0.0009270146838389337
firerjem	O=0.987701952457428|NORM=0.012288796715438366
,	O=0.9998908042907715|NORM=0.00010687661415431648
kot	O=0.999881386756897|NORM=0.00011748337419703603
da	O=0.9999579191207886|NORM=4.145379352848977e-05
bi	O=0.9999347925186157|NORM=6.435249815694988e-05
priznali	O=0.9997301697731018|NORM=0.00026838647318072617
,	O=0.9999374151229858|NORM=6.019817737978883e-05
da	O=0.9999371767044067|NORM=6.199975177878514e-05
ni	O=0.9996047616004944|NORM=0.0003924611955881119
prav	O=0.9995079040527344|NORM=0.000490629521664232
kar	O=0.9975507855415344|NORM=0.002437865361571312
majer	O=0.8535631895065308|NORM=0.14642880856990814
počne	O=0.9986423850059509|NORM=0.001351529499515891
,	O=0.9998564720153809|NORM=0.00014028784062247723
in	O=0.9999141693115234|NORM=8.486160368192941e-05
spregledali	O=0.9992280006408691|NORM=0.0007705644820816815
.	O=0.9999127388000488|NORM=8.57807754073292e-05

oh	O=0.9993657469749451|NORM=0.0006320415413938463
,	O=0.9999290704727173|NORM=7.039660704322159e-05
groza	O=0.999875545501709|NORM=0.00012395964586175978
.	O=0.999924898147583|NORM=7.391667895717546e-05

#zooljubljana	O=0.9997170567512512|NORM=0.0002823492104653269
vec	NORM=0.9995062351226807|O=0.0004914540913887322
kot	O=0.9881256818771362|NORM=0.011872953735291958
ocitno	NORM=0.9989839196205139|O=0.0010127390269190073
sta	O=0.9992421865463257|NORM=0.000757344183512032
risa	NORM=0.6203469634056091|O=0.37965020537376404
hotela	O=0.9810656905174255|NORM=0.018933000043034554
ujet	NORM=0.9990875720977783|O=0.0009101121104322374
avion	O=0.9973174929618835|NORM=0.0026809123810380697
za	O=0.9998664855957031|NORM=0.0001331708481302485
#sochi	O=0.9974629878997803|NORM=0.0025360111612826586
.	O=0.9999082088470459|NORM=9.090229286812246e-05

@mimi091	O=0.9999006986618042|NORM=9.858237172011286e-05
haha	O=0.999680757522583|NORM=0.0003170830896124244
ja	O=0.9999496936798096|NORM=4.9638329073786736e-05
:d	O=0.9999452829360962|NORM=5.3863008361076936e-05

@petrasovdat	O=0.9996607303619385|NORM=0.0003388090117368847
@luka_vee	O=0.9995649456977844|NORM=0.00043395726243034005
to	O=0.9997838139533997|NORM=0.00021409845794551075
meni	O=0.999734103679657|NORM=0.0002637545403558761
diši	O=0.9993917942047119|NORM=0.0006065089837647974
na	O=0.9992693066596985|NORM=0.0007293177768588066
merjenje	O=0.9983599781990051|NORM=0.0016387487994506955
kdo	O=0.9998148083686829|NORM=0.00018433616787660867
ima	O=0.9994352459907532|NORM=0.0005634371773339808
daljšega	O=0.9825782775878906|NORM=0.017408087849617004
v	O=0.9993405938148499|NORM=0.000658712349832058
piranu	O=0.9944286346435547|NORM=0.005565958097577095
oz.	O=0.9978747367858887|NORM=0.0020843371748924255
kdo	O=0.9999001026153564|NORM=9.919569856720045e-05
bo	O=0.9996194839477539|NORM=0.0003789545735344291
zidal	O=0.549659252166748|NORM=0.45032668113708496
koliko	O=0.9980767965316772|NORM=0.0019171142484992743
in	O=0.99993896484375|NORM=6.065594789106399e-05
kje	O=0.9996517896652222|NORM=0.00034726402373053133
.	O=0.9999206066131592|NORM=7.824759813956916e-05

in	O=0.9999531507492065|NORM=4.653736323234625e-05
če	O=0.999742329120636|NORM=0.00025607532006688416
ima	O=0.9993233680725098|NORM=0.000675318471621722
kamp	O=0.971958339214325|NORM=0.02803896740078926
toliko	O=0.9993255138397217|NORM=0.0006730108871124685
mačk	O=0.9777804017066956|NORM=0.022218240424990654
kot	O=0.9998878240585327|NORM=0.00011172502854606137
tale	O=0.9998244643211365|NORM=0.00017500820104032755
.	O=0.9998332262039185|NORM=0.00016466723172925413

@ps_sportal	O=0.9979956150054932|NORM=0.002000601729378104
@heroteam2013	O=0.9992006421089172|NORM=0.0007956629269756377
@uros_zorman	O=0.9983586668968201|NORM=0.0016316076507791877
edino	O=0.9984954595565796|NORM=0.001500696293078363
ja	O=0.9995437264442444|NORM=0.0004545534320641309
,	O=0.9997321963310242|NORM=0.00026411423459649086
mogoče	O=0.9983114004135132|NORM=0.001680730958469212
bi	O=0.9996730089187622|NORM=0.0003247715358156711
lahk	NORM=0.999019980430603|O=0.0009760315879248083
na	O=0.9996052384376526|NORM=0.0003936520661227405
zicerjih	O=0.9917934536933899|NORM=0.008203399367630482
vrataju	NORM=0.7893750071525574|O=0.2106228917837143
večkrat	O=0.9992747902870178|NORM=0.0007234946242533624
sam	O=0.5739579796791077|NORM=0.4260376989841461
spustili	O=0.9981039762496948|NORM=0.001892381114885211
žogo	O=0.9993953704833984|NORM=0.0006022436427883804
.	O=0.9997556805610657|NORM=0.0002415050403214991

še	O=0.9998412132263184|NORM=0.00015699856157880276
več	O=0.9999079704284668|NORM=9.104715718422085e-05
bi	O=0.999854564666748|NORM=0.00014396900951396674
jih	O=0.9998816251754761|NORM=0.00011770320270443335
,	O=0.9998515844345093|NORM=0.00014657546125818044
sam	NORM=0.9989026784896851|O=0.0010941005311906338
je	O=0.9998183846473694|NORM=0.00018094755068887025
sds	O=0.925840437412262|NORM=0.07414568215608597
zmanjkalo	O=0.9974619150161743|NORM=0.0025343350134789944
denarja	O=0.9998675584793091|NORM=0.0001316434791078791
.	O=0.9998493194580078|NORM=0.00014781772915739566

pazi	O=0.9642487168312073|NORM=0.03574708476662636
to	O=0.9999077320098877|NORM=9.124254574999213e-05
,	O=0.999665379524231|NORM=0.00033251449349336326
od	O=0.9971029162406921|NORM=0.0028958297334611416
tega	O=0.9999160766601562|NORM=8.273277489934117e-05
folku	O=0.9998458623886108|NORM=0.0001535030169179663
dnar	NORM=0.9985201954841614|O=0.0014747525565326214
dajejo	O=0.9987881779670715|NORM=0.0012089129304513335
.	O=0.9998431205749512|NORM=0.00015487850760109723

jao	NORM=0.8187716007232666|O=0.1812244951725006
glupi	O=0.9991601705551147|NORM=0.0008383371750824153
kitajci	O=0.9973616003990173|NORM=0.0026360293850302696
!	O=0.9999309778213501|NORM=6.839105481049046e-05

tok	NORM=0.9993963241577148|O=0.0005980147398076952
top	O=0.9993060827255249|NORM=0.0006930881645530462
,	O=0.9999603033065796|NORM=3.8632279029116035e-05
da	O=0.999972939491272|NORM=2.654712625371758e-05
grem	O=0.9999493360519409|NORM=5.019532181904651e-05
jutr	NORM=0.9989010095596313|O=0.0010942395310848951
še	O=0.9999762773513794|NORM=2.3330136173171923e-05
enkrat	O=0.9999785423278809|NORM=2.110880996042397e-05
.	O=0.9999507665634155|NORM=4.799627640750259e-05

@nejkowejko	O=0.9996901750564575|NORM=0.0003094898129347712

sodelavc	NORM=0.997157096862793|O=0.0028419513255357742
:	O=0.9994624257087708|NORM=0.0005319189513102174
*	O=0.9994168281555176|NORM=0.0005789243732579052
krik	O=0.9984024167060852|NORM=0.0015951570821925998
,	O=0.9999140501022339|NORM=8.508744213031605e-05
ki	O=0.9997676014900208|NORM=0.0002314828452654183
ga	O=0.99979168176651|NORM=0.000207412478630431
je	O=0.9998751878738403|NORM=0.00012436859833542258
cela	O=0.9997794032096863|NORM=0.00021973370166961104
bajta	O=0.9981854557991028|NORM=0.0018111943500116467
slisala	O=0.9074729084968567|NORM=0.09252125769853592
*	O=0.9993082284927368|NORM=0.000684733095113188
jst	NORM=0.9995346069335938|O=0.00046438825665973127
:	O=0.9992068409919739|NORM=0.0007867562817409635
*	O=0.9996386766433716|NORM=0.0003588056715670973
nekontroliran	O=0.9983179569244385|NORM=0.0016771680675446987
izbruh	O=0.9992073178291321|NORM=0.000791578961070627
smeha	O=0.9998598098754883|NORM=0.00013928620319347829
,	O=0.999861478805542|NORM=0.00013705169840250164
ki	O=0.9994643330574036|NORM=0.0005346601828932762
ga	O=0.9995172023773193|NORM=0.0004811951075680554
se	NORM=0.9988003969192505|O=0.001197500736452639
vedno	O=0.9996894598007202|NORM=0.000309405178995803
cela	O=0.9990405440330505|NORM=0.0009584962972439826
bajta	O=0.9972561001777649|NORM=0.0027384853456169367
poslusa	NORM=0.9871941208839417|O=0.01280487421900034
*	O=0.9996125102043152|NORM=0.00038486943230964243

delavska	O=0.9967327117919922|NORM=0.003261035541072488
je	O=0.9994725584983826|NORM=0.0005258330493234098
top	O=0.9975152015686035|NORM=0.002472936175763607
,	O=0.9998962879180908|NORM=0.00010292325896443799
najnižje	O=0.9996127486228943|NORM=0.00038673196104355156
provizije	O=0.9977055191993713|NORM=0.002286110771819949
in	O=0.9998944997787476|NORM=0.0001048936101142317
ostali	O=0.9999371767044067|NORM=6.206885154824704e-05
stroški	O=0.9992196559906006|NORM=0.0007744368631392717

ka	NORM=0.997783362865448|O=0.0022155640181154013
je	O=0.9983951449394226|NORM=0.0016039412003010511
dek	O=0.9774863719940186|NORM=0.02251269854605198
?	O=0.9996883869171143|NORM=0.00031006443896330893

ne	O=0.9999208450317383|NORM=7.802377513144165e-05
odlocam	O=0.6091158390045166|NORM=0.39085644483566284
jst	NORM=0.9991102814674377|O=0.0008833613246679306
kdo	O=0.9996129870414734|NORM=0.0003856576804537326
dobi	O=0.9992150068283081|NORM=0.0007813741103745997
;)	O=0.9998921155929565|NORM=0.00010705333261284977

no	O=0.9998816251754761|NORM=0.00011716451263055205
,	O=0.9999274015426636|NORM=7.09574087522924e-05
zdej	NORM=0.9990517497062683|O=0.0009310413734056056
pa	O=0.9998630285263062|NORM=0.00013647670857608318
res	O=0.9992774128913879|NORM=0.0007194666541181505
..	O=0.999876856803894|NORM=0.00012205381790408865

2	O=0.9998914003372192|NORM=0.0001083279712474905
muhi	O=0.9989535808563232|NORM=0.0010454640723764896
za	O=0.9999706745147705|NORM=2.906657573475968e-05
1	O=0.999974250793457|NORM=2.5310833734693006e-05
euro	O=0.9999085664749146|NORM=9.07762732822448e-05
:)	O=0.9999202489852905|NORM=7.872564310673624e-05

avanti	O=0.9996216297149658|NORM=0.00037803329178132117
o	O=0.9998507499694824|NORM=0.00014903585542924702
popolo	O=0.9996384382247925|NORM=0.00036134631955064833
,	O=0.9999028444290161|NORM=9.679511276772246e-05
alla	O=0.9996820688247681|NORM=0.00031773067894391716
riscossa	O=0.9930034279823303|NORM=0.006996052339673042
...	O=0.9999198913574219|NORM=7.961403025547042e-05

celin	O=0.8747812509536743|NORM=0.12520945072174072
in	O=0.9997389912605286|NORM=0.00025994962197728455
garou	O=0.9399129152297974|NORM=0.060083985328674316
,	O=0.9999547004699707|NORM=4.481906580622308e-05
naj	O=0.9995511174201965|NORM=0.00044852003338746727
simpatičen	O=0.999643087387085|NORM=0.00035628702607937157
tip	O=0.9987020492553711|NORM=0.001294850604608655
ever	O=0.9998974800109863|NORM=0.00010223098797723651
.	O=0.9999302625656128|NORM=6.869464414194226e-05

sledi	O=0.9998304843902588|NORM=0.00016859198512975127
oglasnik	O=0.9987677335739136|NORM=0.001225150190293789
tip	O=0.998663067817688|NORM=0.001331538544036448
1	O=0.9998980760574341|NORM=0.00010112136806128547

bi	O=0.9994250535964966|NORM=0.0005718155880458653
mogu	NORM=0.9995930790901184|O=0.0004036600876133889
juncker	NORM=0.9815924763679504|O=0.018402040004730225
direkt	O=0.9981720447540283|NORM=0.001825043698772788
povedat	NORM=0.9777146577835083|O=0.022283539175987244
-	O=0.9980226755142212|NORM=0.001970459707081318
volte	NORM=0.8949310779571533|O=0.10506654530763626
sds	O=0.870220959186554|NORM=0.1297682821750641
da	O=0.9996989965438843|NORM=0.0003005594771821052
zmaga	O=0.9926462173461914|NORM=0.007349397521466017
epp	O=0.9971826076507568|NORM=0.0028164791874587536
..	O=0.9996888637542725|NORM=0.0003094123676419258

@klavdijaactual	O=0.9985412359237671|NORM=0.001456688973121345
vem	O=0.9998749494552612|NORM=0.0001243083388544619
kako	O=0.9996980428695679|NORM=0.0003008101193699986
je	O=0.9997988343238831|NORM=0.00020015062182210386
ko	O=0.9996519088745117|NORM=0.00034628401044756174
ti	O=0.999334990978241|NORM=0.0006577529711648822
vsi	O=0.9994811415672302|NORM=0.0005146278417669237
šinfajo	O=0.9970995187759399|NORM=0.0028901612386107445
čez	O=0.9973384737968445|NORM=0.002659090794622898
tvojo	O=0.9989738464355469|NORM=0.0010226729791611433
lubico	O=0.9954383969306946|NORM=0.004557270091027021
,	O=0.9998527765274048|NORM=0.0001440477353753522
happens	O=0.9760629534721375|NORM=0.023935018107295036
to	O=0.9998587369918823|NORM=0.00014014227781444788
me	O=0.999776303768158|NORM=0.00022081300267018378
all	O=0.9994254112243652|NORM=0.0005621062591671944
the	O=0.9998512268066406|NORM=0.00014594299136660993
time	O=0.9994505047798157|NORM=0.0005405634292401373
:)	O=0.9998212456703186|NORM=0.00017470429884269834

tud	NORM=0.9997455477714539|O=0.000253145641181618
to	O=0.9997324347496033|NORM=0.00026295415591448545
,	O=0.9998786449432373|NORM=0.00011868790170410648
da	O=0.9999340772628784|NORM=6.533431587740779e-05
se	O=0.9997254014015198|NORM=0.000274040357908234
ne	O=0.999906063079834|NORM=9.319597302237526e-05
gre	O=0.9988697171211243|NORM=0.0011289998656138778
zanašat	NORM=0.9631051421165466|O=0.03689175099134445
na	O=0.9996992349624634|NORM=0.0002982504665851593
to	O=0.9999412298202515|NORM=5.7782093790592626e-05
,	O=0.999910831451416|NORM=8.757231989875436e-05
da	O=0.9999339580535889|NORM=6.55333133181557e-05
je	O=0.9693011045455933|NORM=0.0306977741420269
vseen	NORM=0.9992440938949585|O=0.0007507950067520142
ktere	NORM=0.9970024228096008|O=0.0029959215316921473
nogavice	O=0.9976245760917664|NORM=0.0023742595221847296
daš	O=0.998578667640686|NORM=0.0014205669285729527
gor	O=0.9435227513313293|NORM=0.05647245794534683
,	O=0.9999039173126221|NORM=9.431448415853083e-05
ker	O=0.9996274709701538|NORM=0.0003711723838932812
"	O=0.9995976090431213|NORM=0.00040176199399866164
se	O=0.9984700083732605|NORM=0.0015285136178135872
itaq	NORM=0.9951719641685486|O=0.004826472606509924
ne	O=0.9998822212219238|NORM=0.00011704899952746928
bo	O=0.9987877011299133|NORM=0.0012112001422792673
treba	O=0.998943030834198|NORM=0.0010527356062084436
sezut	NORM=0.9995686411857605|O=0.0004295977996662259
"	O=0.9992601275444031|NORM=0.0007335843401961029
.	O=0.9998646974563599|NORM=0.0001341160386800766

ko	O=0.9879971742630005|NORM=0.012001619674265385
ma	NORM=0.9990641474723816|O=0.0009302576654590666
šiptar	O=0.9183641076087952|NORM=0.08162637054920197
lokal	O=0.9512036442756653|NORM=0.048793137073516846
je	O=0.9998072981834412|NORM=0.00019209216407034546
kul	O=0.996404767036438|NORM=0.0035933826584368944
,	O=0.9999507665634155|NORM=4.8238107410725206e-05
če	O=0.998933732509613|NORM=0.001063915784470737
jo	O=0.993263304233551|NORM=0.006726452149450779
ma	NORM=0.9988862872123718|O=0.001105259289033711
pa	O=0.9989001750946045|NORM=0.0010986188426613808
cigan	O=0.9326132535934448|NORM=0.06737615913152695
je	O=0.9997854828834534|NORM=0.00021397636737674475
pa	O=0.9998766183853149|NORM=0.00012305895506870002
panika	O=0.9998880624771118|NORM=0.00011168628407176584
.	O=0.999924898147583|NORM=7.38004528102465e-05

#oteževanje	O=0.999931812286377|NORM=6.796290836064145e-05

matr	NORM=0.9994015693664551|O=0.0005945467273704708
je	O=0.9997000694274902|NORM=0.0002987557090818882
težko	O=0.999600350856781|NORM=0.00039720855420455337
dobit	NORM=0.9996523857116699|O=0.000345667329384014
eno	O=0.9997269511222839|NORM=0.00027178245363757014
baterijo	O=0.9994761347770691|NORM=0.0005213578115217388
za	O=0.9991282820701599|NORM=0.0008704530191607773
polarjev	O=0.9209661483764648|NORM=0.07902850955724716
števc	NORM=0.6257027983665466|O=0.37428995966911316
,	O=0.9999227523803711|NORM=7.507552800234407e-05
nimajo	O=0.9973018169403076|NORM=0.0026971199549734592
na	O=0.9992951154708862|NORM=0.0007025192026048899
madžarskem	O=0.9759475588798523|NORM=0.024040671065449715
nimajo	O=0.9982307553291321|NORM=0.0017679217271506786
u	NORM=0.9972885847091675|O=0.0027094362303614616
avstriji	O=0.9990203380584717|NORM=0.000976871931925416
,	O=0.9998735189437866|NORM=0.0001230256020789966
upam	O=0.9998127818107605|NORM=0.0001856701564975083
da	O=0.9998862743377686|NORM=0.00011279404861852527
bo	O=0.9997137188911438|NORM=0.000285411806544289
kaj	O=0.9996541738510132|NORM=0.0003450568183325231
več	O=0.9998964071273804|NORM=0.00010277281398884952
sreče	O=0.9997321963310242|NORM=0.0002670407702680677
u	NORM=0.9949942231178284|O=0.005003671627491713
sloveniji	O=0.9998262524604797|NORM=0.00017282004409935325

ko	O=0.9999278783798218|NORM=7.158629887271672e-05
že	O=0.9996294975280762|NORM=0.000366037042113021
misliš	O=0.9998505115509033|NORM=0.00014913763152435422
da	O=0.9998629093170166|NORM=0.00013608809967990965
si	O=0.9998795986175537|NORM=0.00012008834164589643
najdu	NORM=0.9993782043457031|O=0.0006187717081047595
dobrega	O=0.9998351335525513|NORM=0.00016346867778338492
frenda	O=0.9994903802871704|NORM=0.0005078851827420294
s	O=0.9940920472145081|NORM=0.005894986912608147
kerim	NORM=0.5001882910728455|O=0.4997977614402771
se	O=0.9973846077919006|NORM=0.002614003838971257
najprej	O=0.9997777342796326|NORM=0.00022031919797882438
ful	O=0.9945118427276611|NORM=0.005472559481859207
zastopiš	O=0.9975735545158386|NORM=0.0024245334789156914
,	O=0.9998270869255066|NORM=0.00016838412557262927
dobiš	O=0.9997112154960632|NORM=0.00028809436480514705
slap	O=0.998245358467102|NORM=0.0017535379156470299
right	O=0.9984040856361389|NORM=0.0015900633297860622
in	O=0.9998793601989746|NORM=0.00011952206114074215
the	O=0.9998953342437744|NORM=0.00010308780474588275
fucking	O=0.9981776475906372|NORM=0.0018160714535042644
face	O=0.9990004897117615|NORM=0.000988511135801673
.	O=0.9997183680534363|NORM=0.000277521088719368

@e_nk_a	O=0.9998050332069397|NORM=0.0001937895140144974
ma	O=0.9974114298820496|NORM=0.002587344730272889
me	O=0.9999010562896729|NORM=9.779014362720773e-05
ne	O=0.9999614953994751|NORM=3.821116843027994e-05
skrbi	O=0.9992992877960205|NORM=0.0006982566555961967
.	O=0.9999138116836548|NORM=8.358623745152727e-05

@savicdomen	O=0.9997463822364807|NORM=0.0002531808859203011
@toplovodar	O=0.9997838139533997|NORM=0.00021588119852822274
debili	O=0.9989228844642639|NORM=0.001072628889232874
so	O=0.999890923500061|NORM=0.00010816367284860462
potem	O=0.9998983144760132|NORM=0.00010109903087140992
tud	NORM=0.9997510313987732|O=0.0002465334255248308
tisti	O=0.9998078942298889|NORM=0.00018989798263646662
,	O=0.9998372793197632|NORM=0.0001598125381860882
ki	O=0.9998451471328735|NORM=0.00015331112081184983
so	O=0.9998223185539246|NORM=0.00017616539844311774
priznali	O=0.9961360096931458|NORM=0.003851780202239752
chemtrale	O=0.9848279356956482|NORM=0.0151695366948843
:	O=0.9984448552131653|NORM=0.0015526642091572285
nemška	O=0.9967995882034302|NORM=0.003192398464307189
,	O=0.9998699426651001|NORM=0.00012889225035905838
amero	O=0.9935979843139648|NORM=0.006398302037268877
in	O=0.9999063014984131|NORM=9.317315561929718e-05
skandinavska	O=0.9996697902679443|NORM=0.0003288009902462363
vlada	O=0.9988831877708435|NORM=0.0011156557593494654
ter	O=0.9997355341911316|NORM=0.0002635062555782497
monsanto	O=0.9852005243301392|NORM=0.014795443043112755
.	O=0.9997448325157166|NORM=0.00025355644174851477

so	O=0.9998216032981873|NORM=0.00017756489978637546
kul	O=0.9927813410758972|NORM=0.007212574128061533
rudi	O=0.998151957988739|NORM=0.0018472971860319376
za	O=0.9999136924743652|NORM=8.591504592914134e-05
barvanje	O=0.9976100921630859|NORM=0.0023887217976152897
las	O=0.9846720099449158|NORM=0.015326724387705326
:p	O=0.9997822642326355|NORM=0.0002162626915378496

jst	NORM=0.9992461204528809|O=0.0007513355230912566
mam	NORM=0.9994215965270996|O=0.0005763303488492966
tut	NORM=0.9990729093551636|O=0.0009178317850455642
familijo	O=0.9934752583503723|NORM=0.006520845927298069
v	O=0.9993461966514587|NORM=0.0006529316306114197
srbiji	O=0.9932750463485718|NORM=0.0067170411348342896
pa	O=0.9997785687446594|NORM=0.00022083793010096997
sm	NORM=0.9987863898277283|O=0.0012118923477828503
jih	O=0.9993601441383362|NORM=0.0006385241285897791
prvič	O=0.9994169473648071|NORM=0.0005809016292914748
vidla	NORM=0.9991242289543152|O=0.0008720647892914712
3	O=0.9989424347877502|NORM=0.001053601154126227
leta	O=0.9998866319656372|NORM=0.00011177381384186447
nazaj	O=0.9999203681945801|NORM=7.903565710876137e-05
.	O=0.9998390674591064|NORM=0.00015972292749211192

