pita	O=0.9999971389770508|NORM=2.6855211672227597e-06
konobar	O=0.999996542930603|NORM=3.3551680189702893e-06
hoćete	O=0.9999934434890747|NORM=6.4792616285558324e-06
novine	O=0.9999977350234985|NORM=2.234150542790303e-06
?	O=0.9999970197677612|NORM=2.826004219969036e-06

učenje	O=0.9999926090240479|NORM=7.229235507111298e-06
geografije	O=0.9999935626983643|NORM=6.312400728347711e-06
mi	O=0.9999984502792358|NORM=1.356649136141641e-06
je	O=0.9999983310699463|NORM=1.5455901802852168e-06
toliko	O=0.9999980926513672|NORM=1.8048746142085292e-06
dosadno	O=0.999997615814209|NORM=2.139901425834978e-06
da	O=0.9999984502792358|NORM=1.2738705663650762e-06
sam	O=0.9999986886978149|NORM=1.1452832495706389e-06
upalio	O=0.9999970197677612|NORM=2.9428701964206994e-06
mađarske	O=0.9999842643737793|NORM=1.5718693248345517e-05
vesti	O=0.9999786615371704|NORM=2.1147357983863913e-05
ma	O=0.9995419979095459|NORM=0.00045779976062476635
rtv2	O=0.9974768757820129|NORM=0.0025218708906322718
i	O=0.9999988079071045|NORM=1.029199552249338e-06
pokušavam	O=0.9999985694885254|NORM=1.3093672350805718e-06
da	O=0.9999985694885254|NORM=1.1740986565200728e-06
skontam	O=0.9999985694885254|NORM=1.151437913904374e-06
šta	O=0.9999959468841553|NORM=3.681100224639522e-06
voditeljka	O=0.9999961853027344|NORM=3.7683601021853974e-06
priča	O=0.9999959468841553|NORM=3.746225502254674e-06
o	O=0.9999986886978149|NORM=1.2471166428440483e-06
vučiću	O=0.9999897480010986|NORM=1.0120865226781461e-05
i	O=0.9999977350234985|NORM=2.101255404340918e-06
dodiku	O=0.9702690839767456|NORM=0.029713906347751617

"	O=0.9999977350234985|NORM=2.0102859252801863e-06
volim	O=0.9999982118606567|NORM=1.6604848269707873e-06
te	O=0.9999982118606567|NORM=1.7026283103405149e-06
"	O=0.9999974966049194|NORM=2.2662163701170357e-06
-	O=0.999995231628418|NORM=4.608952622220386e-06
kad	O=0.9999988079071045|NORM=8.51087690989516e-07
stvarno	O=0.9999959468841553|NORM=3.87437330573448e-06
to	O=0.9999942779541016|NORM=5.580759534495883e-06
osecaju	NORM=0.999637246131897|O=0.0003621984214987606
!	O=0.9999973773956299|NORM=2.288424866492278e-06

u	O=0.9999982118606567|NORM=1.6681034367138636e-06
mladosti	O=0.9999974966049194|NORM=2.3994571165530942e-06
sam	O=0.9999983310699463|NORM=1.502123154750734e-06
radio	O=0.9999959468841553|NORM=3.952658062189585e-06
u	O=0.9999985694885254|NORM=1.3567629366662004e-06
gvozdjarskoj	O=0.9997023940086365|NORM=0.000297370133921504
radnji	O=0.9999958276748657|NORM=4.091271421202691e-06
,	O=0.999996542930603|NORM=2.6276161406713072e-06
malo	O=0.9999958276748657|NORM=4.031631760881282e-06
sam	O=0.9999983310699463|NORM=1.4359695796883898e-06
bio	O=0.9999982118606567|NORM=1.7213828868989367e-06
u	O=0.9999982118606567|NORM=1.7522030475447536e-06
ratnohuskackoj	NORM=0.999966025352478|O=2.9748664019280113e-05
stranci	O=0.9999641180038452|NORM=3.5840541386278346e-05
,	O=0.9999974966049194|NORM=2.033970531556406e-06
bio	O=0.999997615814209|NORM=2.3426580355589977e-06
najsramniji	O=0.9999957084655762|NORM=4.2498613765928894e-06
min.	O=0.8346547484397888|NORM=0.16533736884593964
info.	NORM=0.9991152882575989|O=0.0008837748318910599
,	O=0.9999973773956299|NORM=2.1830180685356027e-06
pisao	O=0.9999479055404663|NORM=5.202483953326009e-05
recenzije	O=0.9999967813491821|NORM=3.056157311220886e-06
...	O=0.9999874830245972|NORM=1.2192706890346017e-05

kad	O=0.9999985694885254|NORM=9.386503165842441e-07
nešto	O=0.9999973773956299|NORM=2.460465793774347e-06
svesno	O=0.9999948740005493|NORM=5.094088464829838e-06
radiš	O=0.9999982118606567|NORM=1.6466532315462246e-06
,	O=0.9999980926513672|NORM=1.2787447758455528e-06
znajući	O=0.9999985694885254|NORM=1.31905153466505e-06
da	O=0.9999983310699463|NORM=1.5143073142098729e-06
nije	O=0.9999960660934448|NORM=3.902646312781144e-06
o.	O=0.9999876022338867|NORM=1.1991263818345033e-05
k.	O=0.9999923706054688|NORM=7.4892345764965285e-06
i	O=0.9999984502792358|NORM=1.4143193993731984e-06
ne	O=0.9999985694885254|NORM=1.304580905525654e-06
pokušavaš	O=0.9999955892562866|NORM=4.184383215033449e-06
da	O=0.9999982118606567|NORM=1.5487609061892726e-06
promeniš	O=0.9999921321868896|NORM=7.706669748586137e-06
je	O=0.9999983310699463|NORM=1.5606282204316813e-06
jasan	O=0.9999982118606567|NORM=1.66431186698901e-06
znak	O=0.9999969005584717|NORM=2.976983296321123e-06
da	O=0.9999979734420776|NORM=1.7031948118528817e-06
si	O=0.9999983310699463|NORM=1.5976222584868083e-06
debilčina	O=0.9999668598175049|NORM=3.3081556466640905e-05
retardirana	O=0.9999953508377075|NORM=4.578767857310595e-06
pizda	O=0.9999440908432007|NORM=5.5909069487825036e-05
ti	O=0.9999867677688599|NORM=1.321378476859536e-05
materina	O=0.9998018145561218|NORM=0.0001981513196369633
glupa	O=0.9999827146530151|NORM=1.7225458577740937e-05
!	O=0.9999934434890747|NORM=5.862932994205039e-06

ja	O=0.9999982118606567|NORM=1.7348573919662158e-06
kazem	NORM=0.9972072243690491|O=0.002788678975775838
što	O=0.9999581575393677|NORM=4.175519643467851e-05
samo	O=0.9999804496765137|NORM=1.9211856852052733e-05
tabloidi	O=0.9999980926513672|NORM=1.7545288528708625e-06
?	O=0.9999970197677612|NORM=2.8240160645509604e-06

cime	NORM=0.9999696016311646|O=2.8558984922710806e-05
je	O=0.9999964237213135|NORM=3.5411280805419665e-06
izazvan	O=0.9938073754310608|NORM=0.006192422471940517
ovaj	O=0.9999982118606567|NORM=1.7070099147531437e-06
patriotizam	O=0.9999977350234985|NORM=2.146642600564519e-06
na	O=0.9999948740005493|NORM=5.099994723423151e-06
rtsu	NORM=0.9986409544944763|O=0.0013579287333413959
?	O=0.9999964237213135|NORM=3.368768375366926e-06

ne	O=0.9999985694885254|NORM=1.2247785434738034e-06
vidim	O=0.999997615814209|NORM=2.249764520456665e-06
stvarnoo	O=0.9806528091430664|NORM=0.019344929605722427
...	O=0.9999957084655762|NORM=4.169156454736367e-06

kontam	O=0.9999908208847046|NORM=8.927749149734154e-06
kad	O=0.9999986886978149|NORM=9.56144617703103e-07
neko	O=0.9999972581863403|NORM=2.698681555557414e-06
cima	O=0.9987909197807312|NORM=0.0012087255017831922
sa	O=0.999997615814209|NORM=2.35571474149765e-06
skrivenog	O=0.9999972581863403|NORM=2.6209957013634266e-06
broja	O=0.9999861717224121|NORM=1.380802768835565e-05
da	O=0.9999977350234985|NORM=2.082562559735379e-06
samo	O=0.9999974966049194|NORM=2.3284337657969445e-06
gasi	O=0.999991774559021|NORM=8.040313332458027e-06
zelju	NORM=0.9997619986534119|O=0.0002368837594985962
za	O=0.9999984502792358|NORM=1.442032726117759e-06
cimanjem	O=0.9986299276351929|NORM=0.0013694020453840494
,	O=0.9999977350234985|NORM=1.761007183631591e-06
pa	O=0.9999986886978149|NORM=1.0997424624292762e-06
sakrije	O=0.999995231628418|NORM=4.730460659629898e-06
ime	O=0.9999912977218628|NORM=8.649709343444556e-06
da	O=0.9999979734420776|NORM=1.876373289633193e-06
ga	O=0.9999973773956299|NORM=2.5355859634146327e-06
ne	O=0.9999973773956299|NORM=2.4963990199466934e-06
prozivaju	O=0.9998944997787476|NORM=0.00010542584641370922
.	O=0.999997615814209|NORM=2.0695306375273503e-06

ovaj	O=0.9999532699584961|NORM=4.661474304157309e-05
listerine	O=0.9926869869232178|NORM=0.0073125846683979034
za	O=0.9999954700469971|NORM=3.9888423088996205e-06
ispiranje	O=0.999997615814209|NORM=2.300006144650979e-06
usta	O=0.9999617338180542|NORM=3.8072950701462105e-05
grize	NORM=0.999897837638855|O=0.00010129372822120786
toliko	O=0.9999961853027344|NORM=3.5833199945045635e-06
da	O=0.9999988079071045|NORM=9.846462489804253e-07
svaki	O=0.9999986886978149|NORM=9.894600907500717e-07
put	O=0.9999986886978149|NORM=1.1315496522001922e-06
dobijem	O=0.9999988079071045|NORM=1.0166630772801e-06
zelju	NORM=0.9999028444290161|O=9.606913954485208e-05
da	O=0.9999984502792358|NORM=1.2030723155476153e-06
ga	O=0.9999949932098389|NORM=4.806374363397481e-06
progutam	O=0.9999961853027344|NORM=3.6835281207459047e-06
i	O=0.999998927116394|NORM=9.022870131047966e-07
vidim	O=0.9999985694885254|NORM=1.1920353699679254e-06
sta	NORM=0.9999871253967285|O=6.044956080586417e-06
ce	NORM=0.999984622001648|O=1.0187621228396893e-05
mi	O=0.9999979734420776|NORM=1.8708057041294524e-06
biti	O=0.9999974966049194|NORM=2.325384912182926e-06

svaki	O=0.9999979734420776|NORM=1.7972156456380617e-06
dan	O=0.9999982118606567|NORM=1.5384473499580054e-06
neki	O=0.9999980926513672|NORM=1.8034464801530703e-06
novi	O=0.999997615814209|NORM=2.2752078621124383e-06
najeb	O=0.996615469455719|NORM=0.0033837950322777033
u	O=0.9999986886978149|NORM=1.2292206292841001e-06
srbiji	O=0.999984860420227|NORM=1.4930899851606227e-05
.	O=0.9999980926513672|NORM=1.5415783991556964e-06

stalno	O=0.9999986886978149|NORM=1.0752663683888386e-06
mu	O=0.9999979734420776|NORM=1.970268385775853e-06
nešto	O=0.9999983310699463|NORM=1.571420170876081e-06
fali	O=0.9999980926513672|NORM=1.7528715261505567e-06
i	O=0.9999988079071045|NORM=1.0001216423916048e-06
smeta	O=0.9999980926513672|NORM=1.8604775959829567e-06
.	O=0.9999973773956299|NORM=2.2666527002002113e-06

istrošili	O=0.9999945163726807|NORM=5.380432867241325e-06
se	O=0.9999979734420776|NORM=1.9842714209517e-06
za	O=0.9999970197677612|NORM=2.9279524369485443e-06
ng	O=0.9999449253082275|NORM=5.492225318448618e-05
i	O=0.9999982118606567|NORM=1.6826203363962122e-06
božić	O=0.9999978542327881|NORM=2.0883221623080317e-06

#vucic	O=0.9999653100967407|NORM=3.462992754066363e-05
#oko	O=0.9999959468841553|NORM=3.907252448698273e-06

voleo	O=0.9999797344207764|NORM=2.0139159460086375e-05
sam	O=0.9999974966049194|NORM=2.3227651126944693e-06
slatkiše	O=0.9999579191207886|NORM=4.168818122707307e-05
pa	O=0.9999984502792358|NORM=1.450075387765537e-06
sam	O=0.9999985694885254|NORM=1.3466681139107095e-06
jedva	O=0.9999971389770508|NORM=2.698393245736952e-06
čekao	O=0.9999982118606567|NORM=1.7402727507942473e-06
da	O=0.9999984502792358|NORM=1.3342920510694967e-06
poližem	O=0.9999967813491821|NORM=3.1420217965205666e-06
picu	O=0.9999878406524658|NORM=1.2110951502108946e-05
.	O=0.999997615814209|NORM=1.9500382677506423e-06

#terorizam	O=0.999997615814209|NORM=2.289006033606711e-06

uzmes	NORM=0.9999860525131226|O=1.0964314242301043e-05
kombi	O=0.9999866485595703|NORM=1.3228636817075312e-05
,	O=0.9999988079071045|NORM=8.810425242700148e-07
skines	NORM=0.9994875192642212|O=0.0005118781118653715
sedista	NORM=0.9997534155845642|O=0.00024599710013717413
nazad	O=0.9999639987945557|NORM=3.5770779504673555e-05
,	O=0.9999985694885254|NORM=9.898827784127207e-07
plastificiras	NORM=0.9996117949485779|O=0.0003875050460919738
sve	O=0.9999834299087524|NORM=1.6102798326755874e-05
i	O=0.9999985694885254|NORM=1.3018429854128044e-06
vozis	NORM=0.9999897480010986|O=5.547532509808661e-06
pijane	O=0.9999922513961792|NORM=7.677592293475755e-06
na	O=0.9999982118606567|NORM=1.7381281622874667e-06
kilo	O=0.999981164932251|NORM=1.8708857169258408e-05
.	O=0.9999973773956299|NORM=2.2261040157900425e-06

tako	O=0.9999966621398926|NORM=3.2895393360377057e-06
moja	O=0.9999971389770508|NORM=2.731589347604313e-06
debelja	O=0.9999880790710449|NORM=1.1843872925965115e-05
komsinica	NORM=0.9999651908874512|O=3.378239125595428e-05
kad	O=0.9999983310699463|NORM=1.2796381270163693e-06
s	O=0.9999872446060181|NORM=1.2693129065155517e-05
eudala	O=0.9701964855194092|NORM=0.02980298176407814
rekla	O=0.9999954700469971|NORM=4.511397946771467e-06
e	O=0.9999754428863525|NORM=2.4339871742995456e-05
,	O=0.9999985694885254|NORM=1.1304795179967186e-06
sad	O=0.9999985694885254|NORM=1.1873314633703558e-06
mogu	O=0.9999973773956299|NORM=2.338066451557097e-06
da	O=0.9999985694885254|NORM=1.2504223150244798e-06
jedem	O=0.9999845027923584|NORM=1.4571258361684158e-05
koliko	O=0.9999868869781494|NORM=1.298055849474622e-05
hocu	NORM=0.9999852180480957|O=9.179175322060473e-06
i	O=0.9999969005584717|NORM=3.027450702575152e-06
sta	NORM=0.9999885559082031|O=5.947648332949029e-06
hocu	NORM=0.9999874830245972|O=7.839291356503963e-06
...	O=0.9999896287918091|NORM=9.892987691273447e-06

profesor	O=0.9999961853027344|NORM=3.6829694636253407e-06
me	O=0.9999977350234985|NORM=2.1713624391850317e-06
zvao	O=0.9999938011169434|NORM=6.077702437323751e-06
da	O=0.9999969005584717|NORM=2.6945685931423213e-06
me	O=0.9999979734420776|NORM=1.858092559814395e-06
pita	O=0.9999972581863403|NORM=2.5380531951668672e-06
da	O=0.9999982118606567|NORM=1.7167792520922376e-06
li	O=0.9999980926513672|NORM=1.7972621435546898e-06
može	O=0.9999450445175171|NORM=5.466031143441796e-05
da	O=0.9997654557228088|NORM=0.00023424204846378416
svrati	O=0.9948155283927917|NORM=0.005180957727134228
sutra	O=0.9999969005584717|NORM=2.9888628887420055e-06
na	O=0.9999971389770508|NORM=2.7856776796397753e-06
set	O=0.9999575614929199|NORM=4.2346429836470634e-05
da	O=0.9999986886978149|NORM=1.1038887350878213e-06
vidi	O=0.999997615814209|NORM=2.297732635270222e-06
kako	O=0.9999980926513672|NORM=1.6510355180798797e-06
radimo	O=0.9999957084655762|NORM=4.052192252856912e-06
.	O=0.9999970197677612|NORM=2.422464149276493e-06

sadrzaj	NORM=0.9999358654022217|O=6.208114791661501e-05
je	O=0.999992847442627|NORM=6.987358119658893e-06
jako	O=0.9999942779541016|NORM=5.474613317346666e-06
dobar	O=0.9999955892562866|NORM=4.196684585622279e-06
i	O=0.9999980926513672|NORM=1.8370986936133704e-06
ja	O=0.9999985694885254|NORM=1.374421117361635e-06
se	O=0.9999985694885254|NORM=1.375491024191433e-06
osecam	NORM=0.9999125003814697|O=8.655715646455064e-05
bozanstveno	NORM=0.993955671787262|O=0.006042523309588432
,	O=0.9999982118606567|NORM=1.513052666268777e-06
skroz	O=0.9999982118606567|NORM=1.6658999584251433e-06
sam	O=0.9999986886978149|NORM=1.2361128938209731e-06
se	O=0.9999983310699463|NORM=1.6191822851396864e-06
navukla	O=0.9999951124191284|NORM=4.800533588422695e-06
...	O=0.9999927282333374|NORM=6.9355473897303455e-06

joj	O=0.999976634979248|NORM=2.3265976778930053e-05
jadnice	O=0.999921441078186|NORM=7.847514643799514e-05
,	O=0.9999979734420776|NORM=1.6407573184551438e-06
dosao	NORM=0.9999741315841675|O=2.3769140170770697e-05
si	O=0.9999964237213135|NORM=3.4691940982156666e-06
iz	O=0.9999929666519165|NORM=6.902306267875247e-06
glupavog	O=0.9999839067459106|NORM=1.6045933080022223e-05
gradica	NORM=0.9028847217559814|O=0.09711447358131409
u	O=0.9999932050704956|NORM=6.701798611175036e-06
beograd	O=0.9999943971633911|NORM=5.5098539633036125e-06
i	O=0.9999979734420776|NORM=1.980524530154071e-06
sad	O=0.9999983310699463|NORM=1.4592075103792013e-06
mi	O=0.9999979734420776|NORM=1.8950797766592586e-06
tu	O=0.999997615814209|NORM=2.3190536921902094e-06
prosipas	NORM=0.9992974996566772|O=0.000696130096912384
neku	O=0.9999980926513672|NORM=1.705693193798652e-06
pamet	O=0.9999964237213135|NORM=3.494683141980204e-06
.	O=0.9999972581863403|NORM=2.380529167567147e-06

mogao	O=0.9999845027923584|NORM=1.535647788841743e-05
si	O=0.9999983310699463|NORM=1.6346807569789235e-06
i	O=0.9999963045120239|NORM=3.67160373571096e-06
ti	O=0.9999977350234985|NORM=2.2307547169475583e-06
meni	O=0.9999935626983643|NORM=6.432777354348218e-06
na	O=0.9999985694885254|NORM=1.3263691016618395e-06
isti	O=0.9999949932098389|NORM=4.96213806400192e-06
nacin	NORM=0.9999425411224365|O=5.678736124536954e-05
da	O=0.9999983310699463|NORM=1.6166595742106438e-06
se	O=0.9999984502792358|NORM=1.5372817188108456e-06
obratis	NORM=0.99982088804245|O=0.0001785627828212455
,	O=0.9999983310699463|NORM=1.4733939224242931e-06
da	O=0.9999988079071045|NORM=1.0516489510337124e-06
si	O=0.9999977350234985|NORM=2.1565142560575623e-06
kulturan	O=0.999994158744812|NORM=5.751046046498232e-06
imalo	O=0.9999699592590332|NORM=2.992226291098632e-05
!	O=0.9999967813491821|NORM=3.0378012070286786e-06

tvoja	O=0.9745283126831055|NORM=0.025433238595724106
?	O=0.9999939203262329|NORM=5.909324954700423e-06

@jelenaristicndf	O=0.9999966621398926|NORM=3.2292259675159585e-06
pozdrav	O=0.999996542930603|NORM=3.3410040032322286e-06
za	O=0.9999972581863403|NORM=2.4149176169885322e-06
tebe	O=0.9999982118606567|NORM=1.5960671362336143e-06
i	O=0.9999988079071045|NORM=1.0188925898546586e-06
za	O=0.9999979734420776|NORM=1.9425863229116658e-06
sampiona	O=0.7798823714256287|NORM=0.2201162576675415
:)	O=0.999997615814209|NORM=1.7989863181355759e-06

#srbijobudise	O=0.9999339580535889|NORM=6.576941086677834e-05
#gotovje	O=0.9999916553497314|NORM=8.298522516270168e-06
@zelenininja	O=0.9999970197677612|NORM=2.9210773391241673e-06

da	O=0.999997615814209|NORM=2.0988200049032457e-06
li	O=0.9999978542327881|NORM=2.0567854335240554e-06
ce	NORM=0.9999891519546509|O=6.872603989904746e-06
neki	O=0.9999984502792358|NORM=1.395167714690615e-06
navijac	O=0.9900357127189636|NORM=0.009964203462004662
zaista	O=0.999994158744812|NORM=5.7607835515227634e-06
zazaliti	O=0.9965257048606873|NORM=0.0034741368144750595
kada	O=0.9999986886978149|NORM=9.434140793018742e-07
ode	O=0.999992847442627|NORM=7.096499302861048e-06
darko	O=0.9999634027481079|NORM=3.651723818620667e-05
lazovic	NORM=0.9999791383743286|O=2.014567689911928e-05
.	O=0.9999973773956299|NORM=2.435616124785156e-06

jesmo	O=0.9999908208847046|NORM=8.974537195172161e-06
zagađeni	O=0.9999964237213135|NORM=3.3224384878849378e-06
ali	O=0.9999978542327881|NORM=2.076985310850432e-06
imamo	O=0.9999974966049194|NORM=2.3272616545000346e-06
najbolje	O=0.9999842643737793|NORM=1.5669451386202127e-05
mutant	O=0.9999042749404907|NORM=9.557964222040027e-05
devojke	O=0.999996542930603|NORM=3.4128697734558955e-06

ima	O=0.999996542930603|NORM=3.4043530376948183e-06
kod	O=0.9999988079071045|NORM=1.1016561529686442e-06
nas	O=0.9999980926513672|NORM=1.7600038972886978e-06
u	O=0.9999984502792358|NORM=1.4477926697509247e-06
kraju	O=0.9998151659965515|NORM=0.00018462634761817753
jedna	O=0.9999980926513672|NORM=1.8382518192083808e-06
devojka	O=0.9999984502792358|NORM=1.5081822084539453e-06
koju	O=0.9999977350234985|NORM=2.1335558813007083e-06
zovu	O=0.9999973773956299|NORM=2.543665686971508e-06
mira	O=0.9999419450759888|NORM=5.79617808398325e-05
gepek	O=0.9996998310089111|NORM=0.00030001645791344345
zato	O=0.999997615814209|NORM=2.0537956970656523e-06
što	O=0.9999983310699463|NORM=1.3240825182947447e-06
se	O=0.9999985694885254|NORM=1.346121052847593e-06
samo	O=0.999997615814209|NORM=2.1082364582980517e-06
i	O=0.9999983310699463|NORM=1.581233618708211e-06
isključivo	O=0.9999964237213135|NORM=3.464730752966716e-06
gadja	O=0.999984860420227|NORM=1.4931555597286206e-05
ispod	O=0.9999977350234985|NORM=2.127659399775439e-06
repića	O=0.9999604225158691|NORM=3.9457896491512656e-05
...	O=0.9999924898147583|NORM=7.11037182554719e-06

jovanka	O=0.9994788765907288|NORM=0.0005211196839809418
broz	NORM=0.9970908164978027|O=0.002907938091084361
je	O=0.9999983310699463|NORM=1.5235665387081099e-06
bila	O=0.9999983310699463|NORM=1.6048114730438101e-06
to	O=0.9999971389770508|NORM=2.6987845558323897e-06
sto	NORM=0.9999865293502808|O=9.856775250227656e-06
ih	O=0.9999899864196777|NORM=9.925519407261163e-06
je	O=0.9999871253967285|NORM=1.2815467016480397e-05
na	O=0.9999978542327881|NORM=2.0731738459289772e-06
izvestan	O=0.9989053010940552|NORM=0.0010944947134703398
nacin	NORM=0.9999552965164185|O=4.374275522422977e-05
spajalo	O=0.9999513626098633|NORM=4.8390556912636384e-05

-	O=0.999997615814209|NORM=2.0733079963974888e-06
bacim	O=0.9999979734420776|NORM=1.8122116216545692e-06
ga	O=0.9999982118606567|NORM=1.6583484239163226e-06
kroz	O=0.9999979734420776|NORM=1.794706463442708e-06
prozor	O=0.9999974966049194|NORM=2.21267259803426e-06
.	O=0.9999974966049194|NORM=2.0579423107847106e-06

juče	O=0.9999982118606567|NORM=1.666141429268464e-06
sam	O=0.9999985694885254|NORM=1.2526006685220636e-06
čuo	O=0.9999983310699463|NORM=1.561998033139389e-06
za	O=0.9999982118606567|NORM=1.7328732155874604e-06
ostrvo	O=0.9999948740005493|NORM=4.952861672791187e-06
koje	O=0.9999967813491821|NORM=3.1640988709114026e-06
je	O=0.9999984502792358|NORM=1.414423309142876e-06
celo	O=0.9999951124191284|NORM=4.661053480958799e-06
pokriveno	O=0.9999974966049194|NORM=2.3534712454420514e-06
wi	NORM=0.9926429390907288|O=0.0073541863821446896
i	O=0.9999977350234985|NORM=2.2026495116733713e-06
da	O=0.9999983310699463|NORM=1.3970994814371807e-06
su	O=0.999997615814209|NORM=2.2717385945725255e-06
na	O=0.9999986886978149|NORM=1.2081844715794432e-06
lokalnom	O=0.9999935626983643|NORM=6.407520686479984e-06
novcu	O=0.9999772310256958|NORM=2.2694503059028648e-05
slike	O=0.9999929666519165|NORM=6.976399617997231e-06
pokemona	O=0.9999427795410156|NORM=5.6925702665466815e-05
,	O=0.9999979734420776|NORM=1.328393636867986e-06
ceo	O=0.9999982118606567|NORM=1.6938163298618747e-06
dan	O=0.9999984502792358|NORM=1.391081013935036e-06
maštam	O=0.9999967813491821|NORM=2.9674645247723674e-06
da	O=0.9999983310699463|NORM=1.3951610071671894e-06
živim	O=0.9999985694885254|NORM=1.267364723389619e-06
tamo	O=0.9999960660934448|NORM=3.6750327581103193e-06
.	O=0.9999972581863403|NORM=2.141106961062178e-06

.	O=0.9999972581863403|NORM=2.445155587338377e-06
@onionlife	O=0.9999959468841553|NORM=3.907852715201443e-06
s	O=0.9999986886978149|NORM=1.1452308399384492e-06
tim	O=0.9999982118606567|NORM=1.6062322174548171e-06
što	O=0.9999985694885254|NORM=1.0992023362632608e-06
imam	O=0.9999979734420776|NORM=1.8100214447258622e-06
koju	O=0.9999761581420898|NORM=2.360550206503831e-05
gđi	NORM=0.5381972789764404|O=0.46173959970474243
blogerki	O=0.9999884366989136|NORM=1.1412555068091024e-05
da	O=0.9999985694885254|NORM=1.2084506124665495e-06
kažem	O=0.9999918937683105|NORM=7.925624231575057e-06
,	O=0.9999980926513672|NORM=1.406121668878768e-06
al	NORM=0.9616005420684814|O=0.03764524683356285
opet	O=0.9999977350234985|NORM=2.135167960659601e-06
će	O=0.999971866607666|NORM=2.8088168619433418e-05
da	O=0.9999966621398926|NORM=2.8243491669854848e-06
mi	O=0.9999983310699463|NORM=1.4747125760550261e-06
kažu	O=0.9999966621398926|NORM=3.0392816370294895e-06
da	O=0.9999986886978149|NORM=1.114225369747146e-06
ne	O=0.9999983310699463|NORM=1.4835669617241365e-06
razumem	O=0.9999954700469971|NORM=4.231459115544567e-06
internet	O=0.9999927282333374|NORM=7.067012575134868e-06
i	O=0.9999982118606567|NORM=1.621594378775626e-06
da	O=0.9999982118606567|NORM=1.5357295524154324e-06
sam	O=0.9999980926513672|NORM=1.703441739664413e-06
digitalno	O=0.9999955892562866|NORM=4.384840849525062e-06
slepa	O=0.9999957084655762|NORM=4.223122687108116e-06
,	O=0.9999982118606567|NORM=1.5990121937647928e-06
gluva	O=0.9999953508377075|NORM=4.521657501754817e-06
,	O=0.9999974966049194|NORM=2.198072024839348e-06
ćopava	O=0.9999634027481079|NORM=3.651967926998623e-05
.	O=0.9999966621398926|NORM=3.1060610581334913e-06

još	O=0.9999982118606567|NORM=1.7176570281662862e-06
jedan	O=0.999998927116394|NORM=9.08820140921307e-07
idiličan	O=0.9999983310699463|NORM=1.5840499827390886e-06
dan	O=0.9999983310699463|NORM=1.4786063502469915e-06
u	O=0.9999988079071045|NORM=1.1395776482459041e-06
vučićevoj	O=0.9999932050704956|NORM=6.817094345024088e-06
i	O=0.999996542930603|NORM=3.290816266598995e-06
dačićevoj	O=0.9999904632568359|NORM=9.556412805977743e-06
srbiji	O=0.9999881982803345|NORM=1.1738945431716274e-05
...	O=0.9999946355819702|NORM=5.172299552214099e-06

ekspresija	O=0.9999963045120239|NORM=3.647623543656664e-06
sopstvenih	O=0.999983549118042|NORM=1.630167753319256e-05
sexualnih	O=0.9998996257781982|NORM=0.00010030445992015302
zelja	NORM=0.999695897102356|O=0.0003032858367078006
kao	O=0.9999979734420776|NORM=1.9716480892384425e-06
zavet	O=0.9999972581863403|NORM=2.610234787425725e-06
egu	O=0.9994351267814636|NORM=0.0005647425423376262
i	O=0.9999980926513672|NORM=1.7857364582596347e-06
samodopadljivosti	O=0.9999921321868896|NORM=7.73749707150273e-06
.	O=0.9999967813491821|NORM=3.000635160788079e-06

bitno	O=0.999997615814209|NORM=2.3484963094233535e-06
da	O=0.9999983310699463|NORM=1.627025426387263e-06
je	O=0.9999948740005493|NORM=5.043520559411263e-06
u	O=0.9999960660934448|NORM=3.902181106241187e-06

to	O=0.9999969005584717|NORM=2.9009167974436423e-06
radi	O=0.9999983310699463|NORM=1.5314080883399583e-06
namerno	O=0.9999970197677612|NORM=2.679355702639441e-06
.	O=0.9999967813491821|NORM=2.9220827855169773e-06

alo	O=0.9995837807655334|NORM=0.0004111191083211452
,	O=0.9999984502792358|NORM=1.2139844329794869e-06
to	O=0.9999940395355225|NORM=5.880138360225828e-06
je	O=0.9999978542327881|NORM=2.0843192487518536e-06
najpozdaniji	O=0.9999955892562866|NORM=4.3578770601016e-06
orijentir	O=0.9999926090240479|NORM=7.308998192456784e-06
u	O=0.9999988079071045|NORM=1.0655421647243202e-06
savremenim	O=0.9999929666519165|NORM=6.887853032822022e-06
"	O=0.9999970197677612|NORM=2.6280686142854393e-06
društvu	O=0.9999972581863403|NORM=2.550950739532709e-06
"	O=0.9999972581863403|NORM=2.3464808691642247e-06

devojka	O=0.9999984502792358|NORM=1.4982118727857596e-06
mi	O=0.9999970197677612|NORM=2.8395770641509444e-06
je	O=0.9999979734420776|NORM=1.9949122815887677e-06
usla	NORM=0.9998875856399536|O=0.00011100652773166075
u	O=0.9999984502792358|NORM=1.4713650671183132e-06
kucu	NORM=0.9976086616516113|O=0.0023878188803792
dok	O=0.9999984502792358|NORM=1.357729729534185e-06
sam	O=0.9999977350234985|NORM=2.151896069335635e-06
spavao	O=0.9999010562896729|NORM=9.884968312690035e-05
ujutru	O=0.9999964237213135|NORM=3.4680956559896003e-06
i	O=0.9999984502792358|NORM=1.3783535450784257e-06
probudila	O=0.9999979734420776|NORM=1.9666397292894544e-06
me	O=0.9999973773956299|NORM=2.585218453532434e-06
,	O=0.9999980926513672|NORM=1.5215883877317538e-06
poljupcem	NORM=0.616638720035553|O=0.38336026668548584

ja	O=0.9999946355819702|NORM=5.330778549250681e-06
:	O=0.9999936819076538|NORM=6.153145022835815e-06
omg	O=0.999974250793457|NORM=2.5587412892491557e-05

@aandjelic	O=0.9999817609786987|NORM=1.80462229764089e-05
@mareredstar	O=0.9999922513961792|NORM=7.507167993026087e-06
ne	O=0.999997615814209|NORM=2.0991842575313058e-06
dajte	O=0.999988317489624|NORM=1.1366617400199175e-05
se	O=0.9999979734420776|NORM=1.9368499124539085e-06
isprovocirati	O=0.9999860525131226|NORM=1.37836859721574e-05
,	O=0.9999978542327881|NORM=1.523103833278583e-06
svako	O=0.9994627833366394|NORM=0.000537119631189853
normalan	O=0.9999887943267822|NORM=1.1138250556541607e-05
je	O=0.9999979734420776|NORM=2.001249868044397e-06
video	O=0.9999881982803345|NORM=1.1706948498613201e-05
kolko	O=0.9999188184738159|NORM=8.081988198682666e-05
je	O=0.9999977350234985|NORM=2.2282627014647005e-06
ljudi	O=0.9999955892562866|NORM=4.294649443181697e-06
bilo	O=0.9999967813491821|NORM=3.098809884249931e-06
u	O=0.9999984502792358|NORM=1.5077305306476774e-06
areni	O=0.9999979734420776|NORM=1.9469021026452538e-06

pejaković	O=0.9999892711639404|NORM=1.0608329830574803e-05
je	O=0.9999982118606567|NORM=1.7096784858949832e-06
metafora	O=0.9999970197677612|NORM=2.850761575245997e-06
onih	O=0.9999982118606567|NORM=1.6944463823165279e-06
koji	O=0.9999984502792358|NORM=1.3547369235311635e-06
u	O=0.9999985694885254|NORM=1.3221206245361827e-06
svemu	O=0.999993085861206|NORM=6.5864915086422116e-06
vide	O=0.9999979734420776|NORM=1.8324965367355617e-06
besmisao	O=0.9999977350234985|NORM=2.080924559777486e-06
.	O=0.9999978542327881|NORM=1.793128831195645e-06

@anajmilija	O=0.9999967813491821|NORM=3.045810672119842e-06
@bednopiskaralo	O=0.9999977350234985|NORM=2.1899834337091306e-06

@rata_mm_44	O=0.9999971389770508|NORM=2.709546151891118e-06
to	O=0.9999978542327881|NORM=1.978681439140928e-06
je	O=0.9999985694885254|NORM=1.3087604884276516e-06
ona	O=0.9999986886978149|NORM=1.2272948879399337e-06
teorija	O=0.9999954700469971|NORM=4.324928340793122e-06
da	O=0.9999986886978149|NORM=1.2575500250022742e-06
sa	O=0.9999982118606567|NORM=1.655851406212605e-06
ovakva	O=0.9999963045120239|NORM=3.64463335245091e-06
3	O=0.9999961853027344|NORM=3.6827093481406337e-06
centra	O=0.9999374151229858|NORM=6.256654160097241e-05
čovek	O=0.9999979734420776|NORM=2.0043537460878724e-06
ne	O=0.9999985694885254|NORM=1.3442404451780021e-06
može	O=0.9999867677688599|NORM=1.2544035598693881e-05
zdrav	O=0.999923586845398|NORM=7.62188938097097e-05
da	O=0.9999978542327881|NORM=1.978013642656151e-06
izgura	O=0.9999972581863403|NORM=2.6529535261943238e-06
sezonu	O=0.9999980926513672|NORM=1.7299305454798741e-06
.	O=0.9999977350234985|NORM=1.863673446678149e-06

stigao	O=0.9999935626983643|NORM=6.284229584707646e-06
i	O=0.999997615814209|NORM=2.3385330223391065e-06
na	O=0.9999977350234985|NORM=2.237807620986132e-06
savski	O=0.9997097849845886|NORM=0.00028996914625167847
i	O=0.9999969005584717|NORM=3.061326651732088e-06
na	O=0.9999978542327881|NORM=2.1006826500524767e-06
dunavski	O=0.9999839067459106|NORM=1.6030897313612513e-05
kej	O=0.9986739158630371|NORM=0.0013258401304483414
pokusao	NORM=0.9999527931213379|O=4.5668446546187624e-05
na	O=0.9999825954437256|NORM=1.7313221178483218e-05
adu	O=0.9956865906715393|NORM=0.004312585573643446
ali	O=0.9999955892562866|NORM=4.306029950384982e-06
ni	O=0.999990701675415|NORM=9.239369319402613e-06
mesto	O=0.9999808073043823|NORM=1.9156555936206132e-05
za	O=0.9999974966049194|NORM=2.43919362219458e-06
parking	O=0.9999964237213135|NORM=3.5954112718172837e-06
od	O=0.9999980926513672|NORM=1.761219550644455e-06
garaze	O=0.9999914169311523|NORM=8.503574463247787e-06
za	O=0.9999959468841553|NORM=3.948468474845868e-06
koju	O=0.9999966621398926|NORM=3.188343043802888e-06
se	O=0.9999977350234985|NORM=2.2537656150234398e-06
ceka	NORM=0.9992314577102661|O=0.0007672336651012301
red	O=0.9999831914901733|NORM=1.6749525457271375e-05
do	O=0.9999977350234985|NORM=2.2614669887843775e-06
iza	O=0.9999985694885254|NORM=1.3184566114432528e-06
rukavca	O=0.9996128678321838|NORM=0.0003871331282425672

severna	O=0.9999947547912598|NORM=5.112109647598118e-06
tribina	O=0.9999954700469971|NORM=4.455752787180245e-06
dinamovog	O=0.9999785423278809|NORM=2.1209240003372543e-05
stadiona	O=0.9999934434890747|NORM=6.410900823539123e-06
se	O=0.9999978542327881|NORM=2.0913835214741994e-06
prazni	O=0.9999911785125732|NORM=8.676410288899206e-06
jer	O=0.9999948740005493|NORM=4.914149940304924e-06
vređaju	O=0.9999945163726807|NORM=5.364171101973625e-06
mamića	O=0.9999967813491821|NORM=3.136865871056216e-06
,	O=0.9999974966049194|NORM=1.7601421404833673e-06
tole	O=0.9999115467071533|NORM=8.842104580253363e-05
bi	O=0.9999977350234985|NORM=2.165664909625775e-06
trebalo	O=0.9999949932098389|NORM=4.853795871895272e-06
celu	O=0.9999983310699463|NORM=1.5066121932250098e-06
srbiju	O=0.9999980926513672|NORM=1.8281921256857459e-06
da	O=0.999996542930603|NORM=3.3481453556305496e-06
isprazni	O=0.999990701675415|NORM=9.269482688978314e-06
zbog	O=0.9999982118606567|NORM=1.624860601623368e-06
takvih	O=0.9999984502792358|NORM=1.4538127288687974e-06
prozivki	O=0.9999967813491821|NORM=3.1345095976575976e-06
.	O=0.9999974966049194|NORM=2.1174789708311437e-06

devojke	O=0.9999971389770508|NORM=2.7481473807711154e-06
moraju	O=0.9999961853027344|NORM=3.5683051464729942e-06
da	O=0.9999982118606567|NORM=1.5034543139336165e-06
znaju	O=0.9999970197677612|NORM=2.649221187311923e-06
da	O=0.9999980926513672|NORM=1.6097344541776692e-06
su	O=0.9999982118606567|NORM=1.6306213410643977e-06
sažaljenje	O=0.9999902248382568|NORM=9.612570465833414e-06
i	O=0.9999983310699463|NORM=1.5216091924230568e-06
ljubav	O=0.9999964237213135|NORM=3.431514642215916e-06
dva	O=0.9999938011169434|NORM=5.871384473721264e-06
različita	O=0.999997615814209|NORM=2.247485099360347e-06
pojma	O=0.9999958276748657|NORM=3.996870873379521e-06
,	O=0.9999909400939941|NORM=7.897676368884277e-06
koja	O=0.9463716745376587|NORM=0.05362310633063316
hodaju	O=0.9999955892562866|NORM=4.130522029299755e-06
u	O=0.9999983310699463|NORM=1.587284600645944e-06
potpuno	O=0.9999980926513672|NORM=1.773239432623086e-06
različitim	O=0.9999963045120239|NORM=3.4625631997187156e-06
smerovima	O=0.9999914169311523|NORM=8.39526819618186e-06
i	O=0.9999982118606567|NORM=1.6207920907618245e-06
nikada	O=0.9999980926513672|NORM=1.7344865455015679e-06
se	O=0.9999982118606567|NORM=1.7463776202930603e-06
ne	O=0.9999979734420776|NORM=1.8793997469401802e-06
poklapaju	O=0.9999957084655762|NORM=4.115792762604542e-06
.	O=0.9999967813491821|NORM=2.685351091713528e-06

http://t.co/l5kzuuthsp	O=0.9999910593032837|NORM=8.881520443537738e-06
narode	O=0.9999688863754272|NORM=3.1015868444228545e-05
moj	O=0.9999786615371704|NORM=2.129584754584357e-05
umorni	O=0.9999905824661255|NORM=9.373417924507521e-06
...	O=0.9999910593032837|NORM=8.736773452255875e-06

#pgs	O=0.9999908208847046|NORM=9.043943464348558e-06

to	O=0.9999979734420776|NORM=1.7563568235345883e-06
nije	O=0.9999986886978149|NORM=1.0964949979097582e-06
svakodnevn	NORM=0.7998777031898499|O=0.20010514557361603
ženska	O=0.9999939203262329|NORM=5.994271759846015e-06
aktivnost	O=0.9999927282333374|NORM=7.034105692582671e-06
,	O=0.9999984502792358|NORM=1.2784989849023987e-06
već	O=0.9999977350234985|NORM=2.1603407276415965e-06
zanimanje	O=0.9999984502792358|NORM=1.3702799606107874e-06
.	O=0.9999977350234985|NORM=1.9017436443391489e-06

@kolaricjovana	O=0.999995231628418|NORM=4.6186987674445845e-06
sećam	O=0.9999938011169434|NORM=5.859531029273057e-06
se	O=0.9999985694885254|NORM=1.3574036756835994e-06
šta	O=0.9999706745147705|NORM=2.895938632718753e-05
su	O=0.9999980926513672|NORM=1.8575310605228879e-06
spočitavali	O=0.9999539852142334|NORM=4.550876474240795e-05
verici	O=0.999996542930603|NORM=3.3453529795224313e-06
barać	O=0.9999960660934448|NORM=3.915358774975175e-06
.	O=0.9999977350234985|NORM=1.8998475752596278e-06

kad	O=0.9999985694885254|NORM=1.0563690011622384e-06
dodjes	NORM=0.9999908208847046|O=4.4088678805565e-06
u	O=0.9999984502792358|NORM=1.4930014913261402e-06
5	O=0.999994158744812|NORM=5.7340957937412895e-06
ujutru	O=0.9999972581863403|NORM=2.6493835321161896e-06
iz	O=0.9999974966049194|NORM=2.442401410007733e-06
grada	O=0.9999970197677612|NORM=2.9320235626073554e-06
trezan	O=0.501227080821991|NORM=0.49876973032951355
,	O=0.9999983310699463|NORM=1.2147753523095162e-06
skroz	O=0.9999980926513672|NORM=1.881943262560526e-06
je	O=0.9999978542327881|NORM=2.1011776425439166e-06
trenutak	O=0.9999985694885254|NORM=1.2439188594726147e-06
da	O=0.9999985694885254|NORM=1.2907895552416448e-06
drkas	NORM=0.9999845027923584|O=1.3245966329122894e-05
kurac	O=0.9999947547912598|NORM=5.223761036177166e-06
,	O=0.9999970197677612|NORM=2.392080659774365e-06
ali	O=0.9999979734420776|NORM=1.8908968968389672e-06
ono	O=0.9999628067016602|NORM=3.708336953422986e-05
,	O=0.9999966621398926|NORM=3.049425686185714e-06
romanticno	NORM=0.9999881982803345|O=9.387565114593599e-06
,	O=0.9999971389770508|NORM=2.6267282464687014e-06
da	O=0.9999983310699463|NORM=1.4910716572558158e-06
se	O=0.9999977350234985|NORM=2.216147095168708e-06
ne	O=0.9999972581863403|NORM=2.6458865249878727e-06
trudis	NORM=0.9999896287918091|O=6.704325187456561e-06
sto	NORM=0.9999899864196777|O=6.671982646366814e-06
pre	O=0.9999946355819702|NORM=5.348571448848816e-06
da	O=0.9999845027923584|NORM=1.5384212019853294e-05
svrsis	NORM=0.99998939037323|O=6.59204124531243e-06
.	O=0.9999978542327881|NORM=1.7435214658689802e-06

muka	O=0.9999415874481201|NORM=5.828353459946811e-05
nas	O=0.9999921321868896|NORM=7.860109690227546e-06
studenata	O=0.9999885559082031|NORM=1.1449500561866444e-05
koji	O=0.9999960660934448|NORM=3.869595730066067e-06
studiramo	O=0.9998102784156799|NORM=0.00018932791135739535
muzicki	NORM=0.99906986951828|O=0.0009287414140999317
fakultet	O=0.999985933303833|NORM=1.3942850273451768e-05
u	O=0.9999924898147583|NORM=7.514060598623473e-06
kg	NORM=0.6837584376335144|O=0.3162383735179901
je	O=0.9999979734420776|NORM=1.9399408301978838e-06
ta	O=0.9999980926513672|NORM=1.8606089042805252e-06
sto	NORM=0.9999634027481079|O=3.344522701809183e-05
kada	O=0.9999988079071045|NORM=9.45971009969071e-07
nas	O=0.9999979734420776|NORM=1.8625490838530823e-06
pitaju	O=0.9999974966049194|NORM=2.410886509096599e-06
sta	NORM=0.9999884366989136|O=7.129232017177856e-06
studiramo	O=0.9957391023635864|NORM=0.004259886220097542
mi	O=0.9999986886978149|NORM=1.1070590062445262e-06
kazemo	NORM=0.9999874830245972|O=1.0102163287228905e-05
muzicki	NORM=0.9990357160568237|O=0.0009634883026592433
fax	NORM=0.9771327972412109|O=0.02286604233086109
a	O=0.999996542930603|NORM=3.2694911169528496e-06
oni	O=0.9999915361404419|NORM=8.339568921655882e-06
:	O=0.9999922513961792|NORM=7.370874754997203e-06
to	O=0.9997605681419373|NORM=0.00023929042799863964
ovde	O=0.9999955892562866|NORM=4.298054591345135e-06
postoji	O=0.9999977350234985|NORM=2.190397026424762e-06
?	O=0.9999943971633911|NORM=5.471952590596629e-06

odem	O=0.9999967813491821|NORM=3.0279902603069786e-06
da	O=0.999997615814209|NORM=2.1631112758768722e-06
vadim	O=0.9999970197677612|NORM=2.8512019980553305e-06
krv	O=0.999983549118042|NORM=1.6302188669214956e-05
i	O=0.9999974966049194|NORM=2.4269515961350407e-06
u	O=0.9999984502792358|NORM=1.4882988352837856e-06
laboratoriji	O=0.9999964237213135|NORM=3.502079607642372e-06
pustili	O=0.999680757522583|NORM=0.000319190148729831
pesmu	O=0.9999721050262451|NORM=2.760451752692461e-05
dođeš	O=0.9999909400939941|NORM=8.904332389647607e-06
mi	O=0.9999979734420776|NORM=1.9380509002075996e-06
u	O=0.9999984502792358|NORM=1.4868928701616824e-06
san	O=0.999991774559021|NORM=7.999463377927896e-06

kad	O=0.9999986886978149|NORM=9.435678975933115e-07
god	O=0.999997615814209|NORM=2.2171784621605184e-06
čujem	O=0.9999973773956299|NORM=2.5125953015958657e-06
narodnjačine	O=0.9989256262779236|NORM=0.0010733542731031775
iz	O=0.9999982118606567|NORM=1.7057958530131145e-06
kafane	O=0.9999866485595703|NORM=1.302677446801681e-05
koja	O=0.9999938011169434|NORM=5.337285529094515e-06
je	O=0.9999984502792358|NORM=1.459015720683965e-06
na	O=0.9999990463256836|NORM=8.751490554459451e-07
100	O=0.9999973773956299|NORM=2.2933056698093424e-06
metara	O=0.9999970197677612|NORM=2.692778707569232e-06
od	O=0.9999985694885254|NORM=1.2924315342388581e-06
moje	O=0.9999969005584717|NORM=2.847519454007852e-06
kuće	O=0.9999946355819702|NORM=5.030809006711934e-06
,	O=0.9999982118606567|NORM=1.2243530136402114e-06
dođe	O=0.9999973773956299|NORM=2.2833803541288944e-06
mi	O=0.9999986886978149|NORM=1.1535395287864958e-06
da	O=0.9999985694885254|NORM=1.1915853974642232e-06
ih	O=0.9999899864196777|NORM=9.831949682848062e-06
prijavim	O=0.9999957084655762|NORM=3.992847268818878e-06
za	O=0.9999985694885254|NORM=1.3073058653390035e-06
zagađivanje	O=0.9999979734420776|NORM=1.852594891715853e-06
okoline	O=0.9999978542327881|NORM=2.094704996125074e-06
!	O=0.9999957084655762|NORM=3.6350156733533368e-06

obezbeđenje	O=0.9998947381973267|NORM=0.00010491284047020599
je	O=0.9999983310699463|NORM=1.6489337895109202e-06
palo	O=0.999995231628418|NORM=4.7714238462504e-06
na	O=0.9999984502792358|NORM=1.454304992876132e-06
ispitu	O=0.9999902248382568|NORM=9.724395567900501e-06
.	O=0.9999977350234985|NORM=1.9623582829808583e-06

lazar	O=0.9999692440032959|NORM=3.0668717954540625e-05
ristovski	O=0.9998412132263184|NORM=0.00015847546455916017
(	O=0.9999971389770508|NORM=2.655730440892512e-06
60	O=0.9999884366989136|NORM=1.1247004295000806e-05
)	O=0.9999938011169434|NORM=5.96021709498018e-06
izjavio	O=0.9999974966049194|NORM=2.391764610365499e-06
je	O=0.9999985694885254|NORM=1.2912365718875662e-06
za	O=0.9999980926513672|NORM=1.8302017679161509e-06
olgu	O=0.9979078769683838|NORM=0.002090592635795474
kirilenko	O=0.9975426197052002|NORM=0.002455766312777996
da	O=0.999998927116394|NORM=9.203437230098643e-07
je	O=0.9999936819076538|NORM=6.270467565627769e-06
mazna	NORM=0.999664306640625|O=0.00033446497400291264
.	O=0.9999972581863403|NORM=2.5131773782050004e-06

dobio	O=0.9999974966049194|NORM=2.2629853901889874e-06
sam	O=0.9999985694885254|NORM=1.3028253533775569e-06
#račun	O=0.9999850988388062|NORM=1.473864267609315e-05
za	O=0.9999985694885254|NORM=1.3402247986959992e-06
struju	O=0.9999904632568359|NORM=9.441853762837127e-06
,	O=0.9999982118606567|NORM=1.2783560805473826e-06
sad	O=0.9999984502792358|NORM=1.3212937801654334e-06
jos	NORM=0.9996645450592041|O=0.000331851770170033
samo	O=0.9999964237213135|NORM=3.444363983362564e-06
da	O=0.9999988079071045|NORM=9.968204039978446e-07
imam	O=0.9999985694885254|NORM=1.187658881462994e-06
#doktorat	O=0.9999973773956299|NORM=2.449510930091492e-06
pa	O=0.9999984502792358|NORM=1.3981687061459525e-06
da	O=0.9999985694885254|NORM=1.1811650892923353e-06
ga	O=0.9999958276748657|NORM=3.864129666908411e-06
protumačim	O=0.9999978542327881|NORM=2.020434294536244e-06
#edb	O=0.999991774559021|NORM=7.997915417945478e-06
#dostajebilo	O=0.9999890327453613|NORM=1.0638103049132042e-05

neki	O=0.9999983310699463|NORM=1.505230557086179e-06
baš	O=0.9999967813491821|NORM=3.149470558128087e-06
likuju	O=0.999997615814209|NORM=2.2566966890735785e-06
.	O=0.9999966621398926|NORM=3.1258580293069826e-06

jedino	O=0.9999873638153076|NORM=1.2469806279113982e-05
su	O=0.9999945163726807|NORM=5.439647338789655e-06
se	O=0.9999982118606567|NORM=1.65576932431577e-06
vaya	O=0.9994040727615356|NORM=0.000595737830735743
con	O=0.9998786449432373|NORM=0.0001210746486322023
dios	O=0.9998458623886108|NORM=0.00015394133515655994
češće	O=0.9999974966049194|NORM=2.3819832222216064e-06
opraštali	O=0.9999866485595703|NORM=1.320660248893546e-05
od	O=0.9999983310699463|NORM=1.5547871043963823e-06
svirke	O=0.9999899864196777|NORM=9.826550012803636e-06
nego	O=0.9999978542327881|NORM=1.805809120014601e-06
što	O=0.9999984502792358|NORM=1.3052974736638134e-06
se	O=0.9999983310699463|NORM=1.5927814729366219e-06
kusturica	O=0.9995054006576538|NORM=0.0004945006221532822
povlačio	O=0.9999979734420776|NORM=1.880712375168514e-06
iz	O=0.9999985694885254|NORM=1.328445137005474e-06
javnosti	O=0.9999951124191284|NORM=4.698443717643386e-06
a	O=0.9999983310699463|NORM=1.5608513876941288e-06
ja	O=0.9999974966049194|NORM=2.416616098344093e-06
skidala	O=0.9999974966049194|NORM=2.3493607841373887e-06
sa	O=0.9999978542327881|NORM=2.100085794154438e-06
ugljenih	O=0.9999932050704956|NORM=6.695977845083689e-06
hidrata	O=0.9999613761901855|NORM=3.855525210383348e-05
.	O=0.9999970197677612|NORM=2.599425670268829e-06

"	O=0.9999957084655762|NORM=3.7553641050180886e-06
svi	O=0.9999980926513672|NORM=1.7887294916363317e-06
nosimo	O=0.9999982118606567|NORM=1.672461507951084e-06
maske	O=0.999996542930603|NORM=3.4060158213833347e-06
.	O=0.9999972581863403|NORM=2.4504568045813357e-06

objasnio	O=0.9999979734420776|NORM=1.931563247126178e-06
mi	O=0.9999980926513672|NORM=1.7357442629872821e-06
muž	O=0.9999979734420776|NORM=1.9834637896565255e-06
slikovito	O=0.9999983310699463|NORM=1.6255845594059792e-06
.	O=0.9999977350234985|NORM=2.0503223367995815e-06

onog	O=0.9999912977218628|NORM=8.606921255704947e-06
trenutka	O=0.9999972581863403|NORM=2.5177907900797436e-06
kada	O=0.9999984502792358|NORM=1.1506078863021685e-06
političari	O=0.9999983310699463|NORM=1.5988935047062114e-06
postanu	O=0.9999972581863403|NORM=2.580097770987777e-06
odgovorni	O=0.9999943971633911|NORM=5.351294475985924e-06
za	O=0.9999984502792358|NORM=1.3716266948904376e-06
politiku	O=0.9999939203262329|NORM=5.784537279396318e-06
koji	O=0.9999923706054688|NORM=7.4455160756770056e-06
predstavljaju	O=0.9999897480010986|NORM=1.012175198411569e-05
...	O=0.9999946355819702|NORM=5.0934413593495265e-06

vojnica	O=0.9999946355819702|NORM=5.370908638724359e-06
zvuči	O=0.9999831914901733|NORM=1.655566848057788e-05
bolje	O=0.9999892711639404|NORM=1.0612833648337983e-05
a	O=0.999997615814209|NORM=2.278547299283673e-06
ima	O=0.9999986886978149|NORM=1.263937974727014e-06
i	O=0.9999984502792358|NORM=1.4278665503297816e-06
presedan	O=0.9999959468841553|NORM=3.949229267163901e-06
u	O=0.999994158744812|NORM=5.7832812672131695e-06
lovac	O=0.9999692440032959|NORM=3.071332321269438e-05
/	O=0.9999922513961792|NORM=7.616696166223846e-06
lovica	O=0.999982476234436|NORM=1.744862674968317e-05
(	O=0.9999974966049194|NORM=2.280160060763592e-06
koristi	O=0.9999909400939941|NORM=8.88941667653853e-06
se	O=0.9999984502792358|NORM=1.436242314412084e-06
još	O=0.9999964237213135|NORM=3.479040742604411e-06
od	O=0.9999985694885254|NORM=1.278378363167576e-06
nemanjića	O=0.9999984502792358|NORM=1.440468622604385e-06
)	O=0.9999954700469971|NORM=4.310754320613341e-06
.	O=0.9999969005584717|NORM=2.6281134068995016e-06

ja	O=0.9999957084655762|NORM=4.280090251995716e-06
:	O=0.9999927282333374|NORM=6.963994110265048e-06
aha	O=0.9999899864196777|NORM=9.852731636783574e-06
...	O=0.9999953508377075|NORM=4.453580913832411e-06

nedostaje	O=0.9999960660934448|NORM=3.8117145777505357e-06
mi	O=0.9999982118606567|NORM=1.6668184343870962e-06
ono	O=0.9999285936355591|NORM=7.118475332390517e-05
kad	O=0.9999985694885254|NORM=9.187184559777961e-07
smo	O=0.9999971389770508|NORM=2.7361286356608616e-06
bili	O=0.9999973773956299|NORM=2.419429165456677e-06
klinci	O=0.9999943971633911|NORM=5.516205419553444e-06
pa	O=0.9999974966049194|NORM=2.332710209884681e-06
te	O=0.9999967813491821|NORM=3.1732004117657198e-06
neko	O=0.9999960660934448|NORM=3.874019057548139e-06
cima	O=0.9990715980529785|NORM=0.0009282255778089166
na	O=0.9999979734420776|NORM=1.9018167449758039e-06
mob	NORM=0.9954966306686401|O=0.004498700611293316
samo	O=0.9999979734420776|NORM=1.930554162754561e-06
da	O=0.9999982118606567|NORM=1.724684125292697e-06
znas	NORM=0.9999898672103882|O=4.203618118481245e-06
da	O=0.9999979734420776|NORM=1.8076581227433053e-06
misli	O=0.9999951124191284|NORM=4.7151506805676036e-06
na	O=0.9999982118606567|NORM=1.6732560652599204e-06
tebe	O=0.9999979734420776|NORM=1.8049260006591794e-06
,	O=0.9999977350234985|NORM=1.947718828887446e-06
pa	O=0.9999979734420776|NORM=1.893376293082838e-06
ti	O=0.9999978542327881|NORM=2.0130833036091644e-06
onda	O=0.9999974966049194|NORM=2.0222303191985702e-06
kao	O=0.9999890327453613|NORM=1.0891137208091095e-05
vratis	NORM=0.9999904632568359|O=5.232977400737582e-06
cim	NORM=0.999988317489624|O=7.167079274950083e-06
...	O=0.9999891519546509|NORM=1.042610892909579e-05

danas	O=0.9999985694885254|NORM=1.2840539511671523e-06
sam	O=0.9999982118606567|NORM=1.683681375652668e-06
bila	O=0.9999985694885254|NORM=1.245251723958063e-06
prisutna	O=0.9999983310699463|NORM=1.571671759847959e-06
dok	O=0.9999984502792358|NORM=1.3697089116249117e-06
se	O=0.9999979734420776|NORM=1.9034043816645863e-06
neka	O=0.9999980926513672|NORM=1.8243987369714887e-06
crnogorka	O=0.9999972581863403|NORM=2.630122480695718e-06
preslisavala	NORM=0.966559648513794|O=0.033434923738241196
za	O=0.9999963045120239|NORM=3.5822956760966917e-06
ispit	O=0.9999970197677612|NORM=2.9478646865754854e-06
iz	O=0.9999986886978149|NORM=1.2564569260575809e-06
anatomije	O=0.9999967813491821|NORM=3.1083222893357743e-06
i	O=0.9999985694885254|NORM=1.2705305607596529e-06
sve	O=0.9999878406524658|NORM=1.1894637282239273e-05
sto	NORM=0.9999823570251465|O=1.3559564649767708e-05
imam	O=0.999991774559021|NORM=8.066911505011376e-06
da	O=0.999997615814209|NORM=2.3905813577584922e-06
kazem	NORM=0.9999914169311523|O=5.15315514348913e-06
ne	O=0.9999955892562866|NORM=4.381639428174822e-06
ponovilo	O=0.9999979734420776|NORM=1.970396169781452e-06
se	O=0.9999979734420776|NORM=2.0199122445774265e-06
.	O=0.9999977350234985|NORM=2.0531556401692796e-06

majdanpek	O=0.9697260856628418|NORM=0.03027370572090149
je	O=0.9999973773956299|NORM=2.5691888367873617e-06
vec	NORM=0.9999771118164062|O=1.858524228737224e-05
treci	NORM=0.99962317943573|O=0.00037618246278725564
dan	O=0.9999979734420776|NORM=2.001698703679722e-06
bez	O=0.9999985694885254|NORM=1.358818053631694e-06
struje	O=0.999987006187439|NORM=1.2930274351674598e-05
.	O=0.9999978542327881|NORM=1.8924372398032574e-06

ima	O=0.9999986886978149|NORM=1.2443130117389956e-06
reklama	O=0.9999940395355225|NORM=5.848065484315157e-06
u	O=0.9999983310699463|NORM=1.590912688698154e-06
kojoj	O=0.9999979734420776|NORM=1.776655153662432e-06
tip	O=0.9999945163726807|NORM=5.423842594609596e-06
sluša	O=0.9999977350234985|NORM=2.171130290662404e-06
bajagu	O=0.9999690055847168|NORM=3.06917390844319e-05
da	O=0.9999988079071045|NORM=1.0458001042934484e-06
bi	O=0.9999942779541016|NORM=5.6341073104704265e-06
pokazao	O=0.999994158744812|NORM=5.665357093675993e-06
koliko	O=0.9999973773956299|NORM=2.4910409592848737e-06
je	O=0.9999974966049194|NORM=2.4365224362554727e-06
žestok	O=0.9999933242797852|NORM=6.6162710936623625e-06
.	O=0.9999979734420776|NORM=1.6550095551792765e-06

dodjem	NORM=0.999981164932251|O=1.609867649676744e-05
kuci	NORM=0.9996848106384277|O=0.0003143756475765258
kad	O=0.999998927116394|NORM=7.605550536027295e-07
sisa	NORM=0.8159018754959106|O=0.18409624695777893
tvitala	O=0.9984409213066101|NORM=0.001559007097966969
u	O=0.9999986886978149|NORM=1.1945961659876048e-06
to	O=0.9999977350234985|NORM=2.027777100011008e-06
vreme	O=0.9999980926513672|NORM=1.6732254835005733e-06
.	O=0.9999979734420776|NORM=1.7282169437748962e-06

ana	O=0.9999809265136719|NORM=1.8966213247040287e-05
i	O=0.9999984502792358|NORM=1.3822683513353695e-06
mrka	O=0.9999947547912598|NORM=5.236794550000923e-06
zajedno	O=0.9999973773956299|NORM=2.4084390588541282e-06
gledali	O=0.9999977350234985|NORM=2.0202355699439067e-06
sneki	O=0.9621933102607727|NORM=0.03780560567975044
!	O=0.9999936819076538|NORM=5.86018404646893e-06

da	O=0.999996542930603|NORM=3.2916323107201606e-06
moze	NORM=0.9999881982803345|O=5.3841354201722424e-06
auto	O=0.9996092915534973|NORM=0.0003901581803802401
bi	O=0.9878326654434204|NORM=0.012166985310614109
me	O=0.9999967813491821|NORM=3.1360166303784354e-06
danas	O=0.9999985694885254|NORM=1.3285756494951784e-06
u	O=0.9999973773956299|NORM=2.5239262413379038e-06
dupe	O=0.9998828172683716|NORM=0.00011712622654158622
poljubio	O=0.9999967813491821|NORM=3.1942784062266583e-06
sto	NORM=0.9999849796295166|O=9.103641787078232e-06
sam	O=0.9999969005584717|NORM=2.996120429088478e-06
ga	O=0.999997615814209|NORM=2.2773872387915617e-06
oprao	O=0.9999778270721436|NORM=2.2117228581919335e-05
,	O=0.9999958276748657|NORM=3.817297510977369e-06
jer	O=0.9999971389770508|NORM=2.7293888251733733e-06
je	O=0.9999982118606567|NORM=1.6656631487421691e-06
bio	O=0.9999980926513672|NORM=1.8153530163544929e-06
prljaviji	O=0.9801223278045654|NORM=0.01987743377685547
od	O=0.9999982118606567|NORM=1.706951366031717e-06
najprljavijeg	O=0.9989014863967896|NORM=0.001098405453376472
ciganina	O=0.9808475971221924|NORM=0.01915181428194046
...	O=0.999975323677063|NORM=2.340918581467122e-05

kad	O=0.9999986886978149|NORM=9.152790880762041e-07
krene	O=0.9999985694885254|NORM=1.2923785561724799e-06
centrifuga	O=0.9999951124191284|NORM=4.853352038480807e-06
na	O=0.9999982118606567|NORM=1.6705040479791933e-06
veš	O=0.9997807145118713|NORM=0.00021921242296230048
mašini	O=0.9999703168869019|NORM=2.9649067073478363e-05
,	O=0.9999985694885254|NORM=9.22109279599681e-07
to	O=0.9999985694885254|NORM=1.2676173355430365e-06
je	O=0.9999983310699463|NORM=1.6564503084737225e-06
takav	O=0.9999983310699463|NORM=1.5429405948452768e-06
zvuk	O=0.9999916553497314|NORM=8.340556632902008e-06
da	O=0.9999980926513672|NORM=1.7569785768500878e-06
se	O=0.9999979734420776|NORM=1.9246972442488186e-06
uhvatim	O=0.9999964237213135|NORM=3.4963495636475272e-06
sa	O=0.9999964237213135|NORM=3.5407092582318e-06
obe	O=0.9999927282333374|NORM=7.155937510106014e-06
ruke	O=0.9999886751174927|NORM=1.1067327250202652e-05
za	O=0.9999969005584717|NORM=2.972106813103892e-06
fotelju	O=0.999997615814209|NORM=2.3283500922843814e-06
i	O=0.9999986886978149|NORM=1.1948343399126315e-06
cekam	NORM=0.9971728324890137|O=0.002824164228513837
da	O=0.9999980926513672|NORM=1.710516585262667e-06
avion	O=0.9999955892562866|NORM=4.349274604464881e-06
uzleti	O=0.9999619722366333|NORM=3.7723897548858076e-05
.	O=0.9999980926513672|NORM=1.5133166471059667e-06

raspored	O=0.9999980926513672|NORM=1.573205622662499e-06
pranja	O=0.9999979734420776|NORM=1.969603545148857e-06
ulica	O=0.9999946355819702|NORM=5.2802329264523e-06
određuje	O=0.9999982118606567|NORM=1.4635975276178215e-06
gradska	O=0.9999983310699463|NORM=1.6477264352943166e-06
čistoća	O=0.9999988079071045|NORM=1.0461072861289722e-06
.	O=0.9999969005584717|NORM=2.8680992727458943e-06

jel	NORM=0.9999842643737793|O=9.348220373794902e-06
ima	O=0.9999836683273315|NORM=1.6320265785907395e-05
jos	NORM=0.9999856948852539|O=8.918521416489966e-06
neko	NORM=0.9987971782684326|O=0.0012022443115711212
sliku	O=0.9999414682388306|NORM=5.846835483680479e-05
sa	O=0.9999985694885254|NORM=1.2453515410015825e-06
drugarom	O=0.9999979734420776|NORM=1.8372455770077067e-06
dadom	O=0.988339900970459|NORM=0.011659503914415836
polumentom	O=0.9864245057106018|NORM=0.013575015589594841
da	O=0.9999980926513672|NORM=1.793474780242832e-06
okaci	NORM=0.9999140501022339|O=8.436355710728094e-05
na	O=0.9999984502792358|NORM=1.4211283314580214e-06
fejs	O=0.9999885559082031|NORM=1.1274819371465128e-05
pa	O=0.9999983310699463|NORM=1.5436971807503141e-06
da	O=0.9999977350234985|NORM=1.9806618638540385e-06
zavrsimo	NORM=0.9999860525131226|O=9.981180483009666e-06
sa	O=0.9999979734420776|NORM=1.6232215784839354e-06
tim	O=0.9999983310699463|NORM=1.5802462485225988e-06
za	O=0.9999958276748657|NORM=3.894399014825467e-06
danas	O=0.9999980926513672|NORM=1.7657047237662482e-06
?	O=0.9999970197677612|NORM=2.8067786388419336e-06

dođu	O=0.9999927282333374|NORM=6.416841188183753e-06
na	O=0.9999986886978149|NORM=1.1477872021714575e-06
vlast	O=0.9999600648880005|NORM=3.972925333073363e-05
teranjem	O=0.9998070597648621|NORM=0.00019150131265632808
kralja	O=0.9999972581863403|NORM=2.6304510356567334e-06
sa	O=0.9999974966049194|NORM=2.3583738766319584e-06
prestola	O=0.9999821186065674|NORM=1.787644396245014e-05
a	O=0.9999972581863403|NORM=2.501367589502479e-06
onda	O=0.9999984502792358|NORM=1.3336749589143437e-06
im	O=0.9999926090240479|NORM=7.2202369665319566e-06
dupe	O=0.9999368190765381|NORM=6.308891897788271e-05
toliko	O=0.999994158744812|NORM=5.7750580708670896e-06
sraste	O=0.9978296160697937|NORM=0.002169380895793438
za	O=0.9999977350234985|NORM=2.203819576607202e-06
fotelju	O=0.9999974966049194|NORM=2.4484882032993482e-06
da	O=0.9999980926513672|NORM=1.6565414853175753e-06
demokratsku	O=0.9999680519104004|NORM=3.179578561685048e-05
smenu	O=0.9998031258583069|NORM=0.00019670820620376617
doživljavaju	O=0.9999955892562866|NORM=4.3158888729522005e-06
kao	O=0.9999964237213135|NORM=3.176099880874972e-06
da	O=0.9999966621398926|NORM=3.0897915621608263e-06
ih	O=0.9999910593032837|NORM=8.835781954985578e-06
seku	O=0.999305248260498|NORM=0.0006947144865989685
na	O=0.9999984502792358|NORM=1.4056624877412105e-06
pola	O=0.9999980926513672|NORM=1.7894973325383035e-06
.	O=0.9999974966049194|NORM=2.142420726158889e-06

kako	O=0.9999982118606567|NORM=1.6036377701311721e-06
mislite	O=0.9999957084655762|NORM=4.214633463561768e-06
da	O=0.9999984502792358|NORM=1.3330849242265685e-06
će	O=0.9999662637710571|NORM=3.3578849979676306e-05
da	O=0.9999973773956299|NORM=2.375155190748046e-06
bude	O=0.9999970197677612|NORM=2.6997006443707505e-06
sve	O=0.9999972581863403|NORM=2.598633045636234e-06
ok	O=0.9999933242797852|NORM=6.3488882915407885e-06
kada	O=0.9999985694885254|NORM=1.0204423688264797e-06
pilotiraju	O=0.9999786615371704|NORM=2.1088251742185093e-05
privredom	O=0.9999947547912598|NORM=5.118329227116192e-06
i	O=0.9999977350234985|NORM=2.1384673800639575e-06
politikom	O=0.9999953508377075|NORM=4.4835951484856196e-06
?	O=0.999997615814209|NORM=2.174254859710345e-06

danas	O=0.9999988079071045|NORM=1.0290287946190801e-06
svi	O=0.9999983310699463|NORM=1.5217862028293894e-06
oko	O=0.9999984502792358|NORM=1.4001288946019486e-06
mene	O=0.9999983310699463|NORM=1.5245606164171477e-06
nesto	NORM=0.9999877214431763|O=8.25133884063689e-06
kaslju	NORM=0.998664140701294|O=0.0013350379886105657
,	O=0.9999988079071045|NORM=9.354076269119105e-07
svi	O=0.9999974966049194|NORM=2.3737334231554996e-06
nesto	NORM=0.9999885559082031|O=7.602299774589483e-06
metiljavi	O=0.8470872044563293|NORM=0.15291202068328857
,	O=0.9999984502792358|NORM=1.2948530638823286e-06
a	O=0.9999980926513672|NORM=1.7698806686894386e-06
ja	O=0.9999983310699463|NORM=1.5434028455274529e-06
se	O=0.9999979734420776|NORM=1.9026365407626145e-06
tusiram	NORM=0.986872673034668|O=0.013126058503985405
hladnom	O=0.9999986886978149|NORM=1.237935521203326e-06
vodom	O=0.9999982118606567|NORM=1.713666392788582e-06
.	O=0.9999982118606567|NORM=1.5279256331268698e-06

ne	O=0.9999972581863403|NORM=2.415809149169945e-06
samo	O=0.9999908208847046|NORM=8.9893310359912e-06
da	O=0.9999978542327881|NORM=1.9046225361307734e-06
su	O=0.9999887943267822|NORM=1.1105136763944756e-05
sasekli	O=0.99996018409729|NORM=3.9743128581903875e-05
gomilu	O=0.9999984502792358|NORM=1.3096416751068318e-06
klipova	O=0.9999963045120239|NORM=3.640603381427354e-06
đorđa	O=0.9999024868011475|NORM=9.74095964920707e-05
marjanovića	O=0.9999942779541016|NORM=5.6984767979884055e-06
,	O=0.9999980926513672|NORM=1.5169548532867339e-06
već	O=0.9999980926513672|NORM=1.8073687897413038e-06
mi	O=0.9999985694885254|NORM=1.2721794746539672e-06
se	O=0.9999984502792358|NORM=1.476435159020184e-06
čini	O=0.9999966621398926|NORM=3.1883125757303787e-06
da	O=0.9999988079071045|NORM=1.0697290235839318e-06
je	O=0.9999982118606567|NORM=1.704660803625302e-06
pola	O=0.9999982118606567|NORM=1.6422167163909762e-06
srpskog	O=0.9999979734420776|NORM=1.946434394994867e-06
yt	O=0.9996569156646729|NORM=0.0003420849679969251
repertoara	O=0.9999939203262329|NORM=5.858118129253853e-06
stradalo	O=0.9999977350234985|NORM=2.0671284346462926e-06
u	O=0.9999985694885254|NORM=1.3784299426333746e-06
seči	O=0.9999510049819946|NORM=4.877369792666286e-05
.	O=0.9999979734420776|NORM=1.6308667909470387e-06

vidim	O=0.999996542930603|NORM=3.1932295314618386e-06
da	O=0.9999979734420776|NORM=1.850493731581082e-06
se	O=0.9999983310699463|NORM=1.6142915910677402e-06
suspendovani	O=0.9999953508377075|NORM=4.5766109906253405e-06
iz	O=0.9999978542327881|NORM=1.984002665267326e-06
afere	O=0.9999970197677612|NORM=2.9513639674405567e-06
unapredjuju	NORM=0.946033239364624|O=0.05396474525332451
pa	O=0.9999984502792358|NORM=1.4053059658181155e-06
je	O=0.9999979734420776|NORM=1.9233834791521076e-06
verovatno	O=0.9999983310699463|NORM=1.569866753925453e-06
50	O=0.9999974966049194|NORM=2.439142463117605e-06
%	O=0.9999971389770508|NORM=2.651835302458494e-06
!	O=0.9999961853027344|NORM=3.4126051104976796e-06

dobio	O=0.9999973773956299|NORM=2.5087883841479197e-06
sam	O=0.9999985694885254|NORM=1.3449123343889369e-06
sipak	O=0.9999047517776489|NORM=9.518671868136153e-05
jer	O=0.9999978542327881|NORM=2.00853082787944e-06
ionako	O=0.9999967813491821|NORM=3.021704287675675e-06
nemam	O=0.9999929666519165|NORM=6.64833669361542e-06
leba	O=0.9752892255783081|NORM=0.024709587916731834
da	O=0.9999983310699463|NORM=1.458012661714747e-06
jedem	O=0.9999884366989136|NORM=1.1137492037960328e-05
.	O=0.999997615814209|NORM=2.040062781816232e-06

najbolje	O=0.9999954700469971|NORM=4.336111942393472e-06
od	O=0.9999982118606567|NORM=1.756149458742584e-06
bivših	O=0.9999945163726807|NORM=5.448197953228373e-06
ljubavi	O=0.9999955892562866|NORM=4.38645565736806e-06
je	O=0.9999982118606567|NORM=1.7272996046813205e-06
što	O=0.9999978542327881|NORM=1.8389755496173166e-06
su	O=0.9999974966049194|NORM=2.459532197462977e-06
bile	O=0.9999967813491821|NORM=3.1173531169770285e-06
ljubavi	O=0.9999961853027344|NORM=3.777712208830053e-06
.	O=0.9999974966049194|NORM=2.319300847375416e-06

@constrictoria	O=0.9999958276748657|NORM=4.03868943976704e-06
meh	O=0.9992650151252747|NORM=0.0007337421993725002
,	O=0.9999972581863403|NORM=2.263014948766795e-06
još	O=0.9999980926513672|NORM=1.7234078768524341e-06
jedan	O=0.9999988079071045|NORM=9.829818736761808e-07
običan	O=0.9999980926513672|NORM=1.8665379002413829e-06
dan	O=0.9999988079071045|NORM=1.1228059975110227e-06
u	O=0.999998927116394|NORM=9.86495138022292e-07
životu	O=0.9999982118606567|NORM=1.6266404827547376e-06
vašeg	O=0.9999984502792358|NORM=1.48346100559138e-06
lokalnog	O=0.9999984502792358|NORM=1.5173054634942673e-06
superheroja	O=0.9999982118606567|NORM=1.6957234265646548e-06
.	O=0.9999973773956299|NORM=2.1370290141931036e-06

zaboravio	O=0.9999985694885254|NORM=1.314589553658152e-06
koliko	O=0.999976634979248|NORM=2.3277427317225374e-05
mi	O=0.9999845027923584|NORM=1.550698470964562e-05
zena	NORM=0.9999891519546509|O=4.495710527407937e-06
ljubomorna	O=0.9996159076690674|NORM=0.0003834331873804331
sto	NORM=0.9999809265136719|O=1.0989236216119025e-05
sam	O=0.9999969005584717|NORM=3.0181597594491905e-06
vise	NORM=0.9999890327453613|O=6.020080036250874e-06
pocrneo	NORM=0.9829506278038025|O=0.01704767718911171
pa	O=0.9999980926513672|NORM=1.8121288576367078e-06
je	O=0.9999895095825195|NORM=1.0402067346149124e-05
zvao	O=0.9950950145721436|NORM=0.004904654808342457
da	O=0.9999980926513672|NORM=1.8139892290491844e-06
mi	O=0.9999980926513672|NORM=1.7448060134483967e-06
istrlja	O=0.9999865293502808|NORM=1.3368739018915221e-05
ledja	NORM=0.9999895095825195|O=7.957156412885524e-06
.	O=0.9999966621398926|NORM=3.191476253050496e-06

vladimire	O=0.9964093565940857|NORM=0.003590540261939168
,	O=0.9999983310699463|NORM=1.4973932138673263e-06
znaci	NORM=0.9999837875366211|O=1.4581756659026723e-05
smotana	O=0.9999336004257202|NORM=6.62926904624328e-05
sam	O=0.9999959468841553|NORM=3.976811967731919e-06
polomicu	NORM=0.9997439980506897|O=0.0002550107892602682
se	O=0.9999947547912598|NORM=5.247072294878308e-06
kad	O=0.9999988079071045|NORM=1.0595636013022158e-06
tad	O=0.999997615814209|NORM=2.278121428389568e-06
a	O=0.9999953508377075|NORM=4.40755502495449e-06
kad	O=0.9999982118606567|NORM=1.278647459912463e-06
se	O=0.9999964237213135|NORM=3.5381272027734667e-06
polomim	O=0.9999526739120483|NORM=4.726640690932982e-05
ici	NORM=0.9999198913574219|O=7.941589137772098e-05
cu	NORM=0.9999849796295166|O=1.118121508625336e-05
u	O=0.9999957084655762|NORM=4.230636932334164e-06
cikodu	O=0.9998792409896851|NORM=0.00012068368960171938
da	O=0.9999977350234985|NORM=2.2177116534294328e-06
me	O=0.9999970197677612|NORM=2.9232678571133874e-06
lecis	NORM=0.9999792575836182|O=1.7621567167225294e-05
..	O=0.9999955892562866|NORM=4.219233687763335e-06

skakućemo	O=0.9999947547912598|NORM=5.151644018042134e-06
?	O=0.9999947547912598|NORM=5.1473130042722914e-06

@dolcegabanabane	O=0.9999490976333618|NORM=5.016841532778926e-05
moze	NORM=0.999885082244873|O=0.00011430027370806783
.	O=0.9999961853027344|NORM=3.6054575502930675e-06

sps	O=0.9982341527938843|NORM=0.0017647913191467524
će	O=0.999990701675415|NORM=9.164005859929603e-06
smeniti	O=0.9999970197677612|NORM=2.8476911211328115e-06
jednog	O=0.9999977350234985|NORM=2.0534885152301285e-06
svog	O=0.9999984502792358|NORM=1.4416036719921976e-06
ministra	O=0.9999957084655762|NORM=4.085944510734407e-06
koji	O=0.9999985694885254|NORM=1.2855010709245107e-06
je	O=0.9999983310699463|NORM=1.547756937725353e-06
najgore	O=0.999974250793457|NORM=2.5693438146845438e-05
radio	O=0.9999911785125732|NORM=8.609562428318895e-06
i	O=0.9999988079071045|NORM=9.807700962483068e-07
ističe	O=0.9999967813491821|NORM=2.9532213829952525e-06
da	O=0.9999988079071045|NORM=9.760710781847592e-07
će	O=0.9999922513961792|NORM=7.646908670722041e-06
radi	O=0.9999983310699463|NORM=1.4477303693638532e-06
veće	O=0.9999980926513672|NORM=1.78862728716922e-06
objektivnosti	O=0.9999967813491821|NORM=3.0739527119294507e-06
to	O=0.9999978542327881|NORM=1.8214029751106864e-06
biti	O=0.9999986886978149|NORM=1.106689524021931e-06
učinjeno	O=0.9999966621398926|NORM=3.0427966066781664e-06
metodom	O=0.9999973773956299|NORM=2.491316536179511e-06
slučajnog	O=0.999997615814209|NORM=2.2965671178099e-06
uzorka	O=0.9999904632568359|NORM=9.373059583595023e-06
.	O=0.9999972581863403|NORM=2.2474587240139954e-06

čuj	O=0.9999978542327881|NORM=2.047465841314988e-06
mene	O=0.9999978542327881|NORM=2.0427089566510404e-06
.	O=0.9999963045120239|NORM=3.479405449979822e-06
da	O=0.9999982118606567|NORM=1.5714183518866776e-06
ga	O=0.999997615814209|NORM=2.277317662446876e-06
pustim	O=0.9999977350234985|NORM=2.0735433281515725e-06
hahaha	O=0.9999926090240479|NORM=7.14779935151455e-06

meni	O=0.9999983310699463|NORM=1.4683076869914657e-06
soba	O=0.9999951124191284|NORM=4.755491772812093e-06
izgleda	O=0.9999984502792358|NORM=1.3634753486257978e-06
mnogo	O=0.9999966621398926|NORM=3.179185569024412e-06
ruzno	NORM=0.6995239853858948|O=0.30047380924224854
bez	O=0.9999986886978149|NORM=1.124619075199007e-06
svih	O=0.9999983310699463|NORM=1.4978301123846904e-06
onih	O=0.9999966621398926|NORM=3.192691110598389e-06
postera	O=0.9999598264694214|NORM=4.00152312067803e-05
,	O=0.9999982118606567|NORM=1.3151835673852474e-06
crteza	O=0.9311046004295349|NORM=0.06889454275369644
,	O=0.9999983310699463|NORM=1.22566041227401e-06
zastava	O=0.9999186992645264|NORM=8.109798363875598e-05
i	O=0.9999980926513672|NORM=1.7292903748966637e-06
ostalih	O=0.9999970197677612|NORM=2.8077317892893916e-06
gluposti	O=0.9999865293502808|NORM=1.3285186469147447e-05
po	O=0.9999972581863403|NORM=2.547010353737278e-06
zidovima	O=0.9999947547912598|NORM=5.056142981629819e-06
.	O=0.9999977350234985|NORM=1.8524938241171185e-06

ps.	O=0.9949156045913696|NORM=0.0050838724710047245
na	O=0.9999977350234985|NORM=2.2151664325065212e-06
stranu	O=0.9999638795852661|NORM=3.5853663575835526e-05
to	O=0.9999946355819702|NORM=5.144877832208294e-06
sto	NORM=0.9999735355377197|O=2.035108263953589e-05
je	O=0.999997615814209|NORM=2.2846834326628596e-06
tema	O=0.9999936819076538|NORM=6.26609744358575e-06
univerzalna	O=0.9999974966049194|NORM=2.382294496783288e-06
iako	O=0.9999964237213135|NORM=3.500834054648294e-06
je	O=0.9999978542327881|NORM=2.1039709281467367e-06
povod	O=0.9999953508377075|NORM=4.652868938137544e-06
lokalan	O=0.9999974966049194|NORM=2.4666944682394387e-06
.	O=0.9999980926513672|NORM=1.702951294646482e-06

žao	O=0.9999934434890747|NORM=6.5219378484471235e-06
mi	O=0.9999977350234985|NORM=2.1616513095068512e-06
je	O=0.9999984502792358|NORM=1.5303322697945987e-06
gospa	O=0.9999969005584717|NORM=2.9635596092703054e-06
lejdi	O=0.99993896484375|NORM=6.098820085753687e-05
gago	O=0.9935839772224426|NORM=0.006415280047804117
al	NORM=0.9842924475669861|O=0.015021862462162971
mi	O=0.9999980926513672|NORM=1.7442104081055732e-06
smo	O=0.9999983310699463|NORM=1.4865737512081978e-06
sve	O=0.9999980926513672|NORM=1.8104549326380948e-06
to	O=0.9999980926513672|NORM=1.6762552377258544e-06
već	O=0.9999978542327881|NORM=1.8928668623630074e-06
videli	O=0.999992847442627|NORM=6.899916570546338e-06
kod	O=0.9999985694885254|NORM=1.3556779094869853e-06
slađane	O=0.9999219179153442|NORM=7.792391261318699e-05
milošević	O=0.9985640645027161|NORM=0.0014358259504660964
pre	O=0.9999983310699463|NORM=1.4969832591305021e-06
mnogo	O=0.999997615814209|NORM=2.2238807559915585e-06
godina	O=0.9999980926513672|NORM=1.7663751350482926e-06
al	NORM=0.9913600087165833|O=0.008155901916325092
sam	O=0.9999856948852539|NORM=1.4081944755162112e-05
mnogo	O=0.9999974966049194|NORM=2.403785629212507e-06
više	O=0.9999958276748657|NORM=4.016909770143684e-06
ukusa	O=0.9999914169311523|NORM=8.404961590713356e-06
...	O=0.9999924898147583|NORM=7.3136134233209305e-06

@docaoknis	O=0.9999825954437256|NORM=1.6972866433206946e-05
veruj	O=0.9999946355819702|NORM=5.298598807712551e-06
mi	O=0.9999978542327881|NORM=2.1086229935463052e-06
da	O=0.9999988079071045|NORM=1.098224970519368e-06
bi	O=0.9998592138290405|NORM=0.00014061882393434644
bilo	O=0.9999973773956299|NORM=2.5166482373606414e-06
isto	O=0.9999970197677612|NORM=2.825772753567435e-06
kao	O=0.9999982118606567|NORM=1.6578487702645361e-06
i	O=0.9999983310699463|NORM=1.5035234355309512e-06
sada	O=0.9999984502792358|NORM=1.391188447996683e-06
.	O=0.9999977350234985|NORM=1.869758307293523e-06

dje	NORM=0.9999657869338989|O=3.008738895005081e-05
ste	O=0.9999946355819702|NORM=5.3093681344762444e-06
kurve	O=0.9999971389770508|NORM=2.758256187007646e-06
da	O=0.999997615814209|NORM=2.2310821350401966e-06
li	O=0.999997615814209|NORM=2.3536713342764415e-06
dok	O=0.9999982118606567|NORM=1.6060790812844061e-06
vas	O=0.9999887943267822|NORM=1.1022762009815779e-05
jebe	O=0.9999850988388062|NORM=1.4869842743792105e-05
onako	O=0.9999969005584717|NORM=3.04439117826405e-06
ruzan	NORM=0.9994239807128906|O=0.0005749565316364169
svrsavate	NORM=0.9993979930877686|O=0.0006011641235090792
misleci	NORM=0.99998939037323|O=8.003458788152784e-06
o	O=0.9999983310699463|NORM=1.52389486629545e-06
njegovim	O=0.9999593496322632|NORM=4.01076722482685e-05
milionima	O=0.9999954700469971|NORM=4.414294835441979e-06
ili	O=0.9999959468841553|NORM=3.8980897443252616e-06
mu	O=0.9999967813491821|NORM=3.1517090519628255e-06
potajno	O=0.9999974966049194|NORM=2.4675296117493417e-06
drzite	NORM=0.9999746084213257|O=2.4113292965921573e-05
kesu	O=0.998117208480835|NORM=0.0018824819708243012
preko	O=0.999997615814209|NORM=2.316410018465831e-06
glave	O=0.9999977350234985|NORM=2.1429648313642247e-06
objasnite	O=0.9999973773956299|NORM=2.566893954281113e-06
se	O=0.9999973773956299|NORM=2.5528906917315908e-06
!	O=0.9999963045120239|NORM=3.465668442004244e-06

oni	O=0.999997615814209|NORM=2.1679479687009007e-06
koji	O=0.9999985694885254|NORM=1.2813920875487383e-06
toliko	O=0.999980092048645|NORM=1.9821716705337167e-05
namecu	NORM=0.9614052772521973|O=0.03859107941389084
stavove	O=0.9999232292175293|NORM=7.666983583476394e-05
su	O=0.9999986886978149|NORM=1.1972832680839929e-06
oni	O=0.999997615814209|NORM=2.166240847145673e-06
sa	O=0.999994158744812|NORM=5.682201390300179e-06
najvise	NORM=0.9999459981918335|O=5.2680581575259566e-05
predrasuda	O=0.9999750852584839|NORM=2.4659324481035583e-05
i	O=0.9999977350234985|NORM=2.14211081583926e-06
za	O=0.9999977350234985|NORM=2.1248367829684867e-06
njih	O=0.9999644756317139|NORM=3.5383902286412194e-05
imam	O=0.9999984502792358|NORM=1.3451149243337568e-06
ideju	O=0.9999969005584717|NORM=3.0101714401098434e-06
:	O=0.9999948740005493|NORM=4.987201009498676e-06
da	O=0.9999903440475464|NORM=9.543024134472944e-06
cute	O=0.7178134918212891|NORM=0.2821834087371826
!	O=0.9999963045120239|NORM=3.377730308784521e-06

sve	O=0.9999986886978149|NORM=1.2253184422661434e-06
je	O=0.9999982118606567|NORM=1.6804810911708046e-06
isto	O=0.9999978542327881|NORM=1.9536123545549344e-06
.	O=0.999996542930603|NORM=3.218022584405844e-06

srbija	O=0.9999949932098389|NORM=4.960382284480147e-06
treba	O=0.9999963045120239|NORM=3.4913980471174e-06
da	O=0.9999982118606567|NORM=1.547281613056839e-06
gleda	O=0.9999959468841553|NORM=3.965994892496383e-06
svoje	O=0.9999970197677612|NORM=2.8582203412952367e-06
interese	O=0.9999918937683105|NORM=7.966955308802426e-06
i	O=0.9999985694885254|NORM=1.340254243586969e-06
olakša	O=0.9999943971633911|NORM=5.51446964891511e-06
ulazak	O=0.9999943971633911|NORM=5.435244020191021e-06
u	O=0.999996542930603|NORM=3.3316525787085993e-06
srbiju	O=0.9999915361404419|NORM=8.416160198976286e-06
zemljama	O=0.999985933303833|NORM=1.3841142390447203e-05
čiji	O=0.9999943971633911|NORM=5.484715529746609e-06
turisti	O=0.999995231628418|NORM=4.722761332232039e-06
sve	O=0.9999988079071045|NORM=1.0484083077244577e-06
više	O=0.9999984502792358|NORM=1.43007412134466e-06
putuju	O=0.9999983310699463|NORM=1.548167347209528e-06
jer	O=0.9999908208847046|NORM=9.051026609085966e-06
#devizni_prihod	O=0.9999957084655762|NORM=4.089063168066787e-06

tetkice	O=0.9805507659912109|NORM=0.01944856531918049
u	O=0.9999613761901855|NORM=3.855024988297373e-05
ciliju	NORM=0.9974019527435303|O=0.002595159923657775
mi	O=0.999997615814209|NORM=2.2694086965202587e-06
uvek	O=0.9999959468841553|NORM=3.987117452197708e-06
stavi	O=0.9995226860046387|NORM=0.0004770086088683456
vise	NORM=0.9999908208847046|O=4.884795544057852e-06
sira	O=0.9999868869781494|NORM=1.3083114936307538e-05
i	O=0.9999974966049194|NORM=2.334397095182794e-06
sampinjona	NORM=0.8954622745513916|O=0.10453390330076218
u	O=0.9999980926513672|NORM=1.8233307628179318e-06
slanu	O=0.9999948740005493|NORM=5.054643679613946e-06
palacinku	NORM=0.9985799789428711|O=0.0014163056621327996
pa	O=0.9999980926513672|NORM=1.8207711036666296e-06
mi	O=0.999997615814209|NORM=2.358632627874613e-06
glupo	O=0.9999890327453613|NORM=1.093317951017525e-05
da	O=0.9999977350234985|NORM=2.173923348891549e-06
zakeram	NORM=0.974432647228241|O=0.025563981384038925
sto	NORM=0.9999876022338867|O=6.342582310026046e-06
je	O=0.9999972581863403|NORM=2.642933395691216e-06
ista	O=0.9999642372131348|NORM=3.5704157198779285e-05
neslana	O=0.9974072575569153|NORM=0.0025911747943609953
pa	O=0.9999979734420776|NORM=1.9486112705635605e-06
nosam	O=0.9999904632568359|NORM=9.51469974097563e-06
slanik	O=0.9999833106994629|NORM=1.669967059569899e-05
u	O=0.9999967813491821|NORM=3.157488208671566e-06
tasni	O=0.9688932299613953|NORM=0.031105803325772285
.	O=0.9999972581863403|NORM=2.4504847715434153e-06

šta	O=0.9999970197677612|NORM=2.7415976546762977e-06
proizvodiš	O=0.9999961853027344|NORM=3.7205311400612118e-06
sem	O=0.9999923706054688|NORM=7.558331617474323e-06
magle	O=0.9999964237213135|NORM=3.4653019156394294e-06
?	O=0.9999973773956299|NORM=2.469952050887514e-06

prati	O=0.999996542930603|NORM=3.3112346500274725e-06
tračeve	O=0.9999953508377075|NORM=4.593967332766624e-06
!	O=0.9999911785125732|NORM=8.365072062588297e-06

a	O=0.9999982118606567|NORM=1.7035914652296924e-06
nismo	O=0.9999980926513672|NORM=1.6916077356654569e-06
ni	O=0.9999957084655762|NORM=4.2179867705272045e-06
glasali	O=0.9999747276306152|NORM=2.4987804863485508e-05
za	O=0.9999971389770508|NORM=2.6723330392997013e-06
njega	O=0.9999978542327881|NORM=2.0417214727785904e-06
.	O=0.9999967813491821|NORM=2.8127856239734683e-06

ulazim	O=0.9999972581863403|NORM=2.6423965664434945e-06
u	O=0.9999982118606567|NORM=1.6365055444111931e-06
bus	O=0.9980912804603577|NORM=0.0019081794889643788
i	O=0.9999988079071045|NORM=1.0633697229422978e-06
sedi	O=0.9999977350234985|NORM=2.243915332655888e-06
neka	O=0.9999967813491821|NORM=3.109879116891534e-06
bula	O=0.9999970197677612|NORM=2.9996028843015665e-06
zavijena	O=0.9999961853027344|NORM=3.736097369255731e-06
u	O=0.999997615814209|NORM=2.3005018192634452e-06
marame	O=0.9999510049819946|NORM=4.8783327656565234e-05
i	O=0.9999988079071045|NORM=9.955426776286913e-07
hrani	O=0.999990701675415|NORM=9.164058610622305e-06
neko	O=0.9999943971633911|NORM=5.5041346058715135e-06
malo	O=0.9999940395355225|NORM=5.895433787372895e-06
dete	O=0.9999979734420776|NORM=1.946890961335157e-06
i	O=0.9999986886978149|NORM=1.1901828429472516e-06
njega	O=0.9999982118606567|NORM=1.667441665631486e-06
uvila	O=0.9999920129776001|NORM=7.900675882410724e-06
,	O=0.9999970197677612|NORM=2.051654746537679e-06
a	O=0.9999958276748657|NORM=3.947428922401741e-06
jbg	NORM=0.9999600648880005|O=1.8028662452707067e-05
zaboravio	O=0.9999982118606567|NORM=1.713272695269552e-06
sam	O=0.9999982118606567|NORM=1.6351092426702962e-06
mišomor	O=0.9995550513267517|NORM=0.00044467096449807286
da	O=0.9999984502792358|NORM=1.427995812264271e-06
poslužim	O=0.9999954700469971|NORM=4.3893260226468556e-06
dete	O=0.9999964237213135|NORM=3.505036829665187e-06
.	O=0.999996542930603|NORM=2.7114290332974633e-06

počeo	O=0.9999949932098389|NORM=4.80264452562551e-06
da	O=0.9999985694885254|NORM=1.2332761798461434e-06
se	O=0.9999984502792358|NORM=1.4366944469657028e-06
ponašam	O=0.9999970197677612|NORM=2.833085090969689e-06
kao	O=0.9999983310699463|NORM=1.4908613366060308e-06
neandertalac	O=0.9999467134475708|NORM=5.317315299180336e-05
sa	O=0.9999986886978149|NORM=1.1021458021787112e-06
drugarima	O=0.9999973773956299|NORM=2.522838258300908e-06
,	O=0.9999979734420776|NORM=1.324381287304277e-06
oni	O=0.999997615814209|NORM=2.3275174498849083e-06
me	O=0.9999983310699463|NORM=1.5342804999818327e-06
gledaju	O=0.9999984502792358|NORM=1.4507201058222563e-06
,	O=0.9999978542327881|NORM=1.4818326690146932e-06
kaže	O=0.9999972581863403|NORM=2.5380747956660343e-06
jedan	O=0.9999972581863403|NORM=2.6676279958337545e-06
:	O=0.9999969005584717|NORM=2.754107526925509e-06
̋	O=0.9997954964637756|NORM=0.00020266382489353418
kad	O=0.9999980926513672|NORM=1.220731633111427e-06
si	O=0.9999979734420776|NORM=1.920181603054516e-06
jeb'o	NORM=0.9999784231185913|O=1.2853151019953657e-05
poslednji	O=0.9999978542327881|NORM=2.0982120076951105e-06
put	O=0.9999973773956299|NORM=2.4707223928999156e-06
?	O=0.9999964237213135|NORM=3.322948487038957e-06

treba	O=0.9999942779541016|NORM=5.635090474243043e-06
mi	O=0.9999966621398926|NORM=3.235428266634699e-06
osoba	O=0.9999978542327881|NORM=1.9761075691349106e-06
sa	O=0.9999982118606567|NORM=1.623506818759779e-06
kojom	O=0.999997615814209|NORM=2.170157131331507e-06
cu	NORM=0.9999774694442749|O=1.4723328604304697e-05
obici	NORM=0.9999208450317383|O=7.71422783145681e-05
svet	O=0.9999617338180542|NORM=3.799750265898183e-05
tako	O=0.999987006187439|NORM=1.2672709090111312e-05
sto	NORM=0.9999834299087524|O=1.0692774594645016e-05
cemo	NORM=0.9999897480010986|O=7.877215466578491e-06
uzeti	O=0.9999876022338867|NORM=1.1828053175122477e-05
ranceve	NORM=0.9999614953994751|O=3.663080860860646e-05
i	O=0.9999979734420776|NORM=1.8859191186493263e-06
krenuti	O=0.9999978542327881|NORM=1.95726761376136e-06
,	O=0.999997615814209|NORM=2.0499878701230045e-06
bez	O=0.9999988079071045|NORM=9.158790703622799e-07
ikakvih	O=0.9999978542327881|NORM=1.910735363708227e-06
obaveza	O=0.9999963045120239|NORM=3.3918304325197823e-06
i	O=0.9999984502792358|NORM=1.4654568758487585e-06
planova	O=0.9999979734420776|NORM=1.9190611055819318e-06
.	O=0.9999973773956299|NORM=2.3123370738176163e-06

kako	O=0.9999982118606567|NORM=1.601168378329021e-06
je	O=0.9999983310699463|NORM=1.5675612985432963e-06
moguće	O=0.9999966621398926|NORM=3.1159763693722198e-06
zlostavljanje	O=0.9999949932098389|NORM=4.873922534898156e-06
na	O=0.9999985694885254|NORM=1.3467837334246724e-06
netu	O=0.9999957084655762|NORM=4.268928933015559e-06
?	O=0.9999970197677612|NORM=2.826699756042217e-06

(	O=0.9999964237213135|NORM=3.132763140456518e-06
pročitala	O=0.9999951124191284|NORM=4.731606622954132e-06
tvoj	O=0.9999961853027344|NORM=3.677627319120802e-06
opus	O=0.9999886751174927|NORM=1.1267769878031686e-05
,	O=0.9999982118606567|NORM=1.4850432989987894e-06
u	O=0.999997615814209|NORM=2.2437202460423578e-06
sebi	O=0.9999938011169434|NORM=6.139710876595927e-06
,	O=0.9999980926513672|NORM=1.5383736808871618e-06
sinoć	O=0.9999979734420776|NORM=1.9347785382706206e-06
a	O=0.9999979734420776|NORM=1.944439873113879e-06
danas	O=0.9999986886978149|NORM=1.1571668210308417e-06
najbolje	O=0.9999964237213135|NORM=3.3876476663863286e-06
delove	O=0.9999873638153076|NORM=1.2502969184424728e-05
čitala	O=0.9999960660934448|NORM=3.830931291304296e-06
naglas	O=0.9999494552612305|NORM=5.040616088081151e-05
.	O=0.9999978542327881|NORM=1.8269090560352197e-06
)	O=0.9999977350234985|NORM=1.9661010810523294e-06

mozda	NORM=0.9999762773513794|O=1.1601468941080384e-05
ima	O=0.9999979734420776|NORM=1.985089284062269e-06
nade	O=0.9999840259552002|NORM=1.5867011825321242e-05

tražim	O=0.9999985694885254|NORM=1.2205971415824024e-06
krug	O=0.9999977350234985|NORM=2.0120255612710025e-06
.	O=0.9999973773956299|NORM=2.2972762963036075e-06

sad	O=0.9999983310699463|NORM=1.3628641681862064e-06
pitam	O=0.9999983310699463|NORM=1.4721746310897288e-06
za	O=0.9999977350234985|NORM=2.016649432334816e-06
njega	O=0.9999984502792358|NORM=1.4549292473020614e-06
,	O=0.9999984502792358|NORM=1.168837798104505e-06
kažu	O=0.9999889135360718|NORM=1.0762587407953106e-05
mi	O=0.9999986886978149|NORM=1.1595551541176974e-06
postao	O=0.9999939203262329|NORM=6.0400579968700185e-06
porno	O=0.9999796152114868|NORM=2.0129706172156148e-05
zvezda	O=0.9999979734420776|NORM=1.9551857803890016e-06
.	O=0.9999978542327881|NORM=1.7535533061163733e-06

zamisli	O=0.9998748302459717|NORM=0.00012463047460187227
pitaju	O=0.999977707862854|NORM=2.219199996034149e-05
te	O=0.9999973773956299|NORM=2.510300873836968e-06
da	O=0.9999939203262329|NORM=5.851301011716714e-06
izaberes	NORM=0.9999858140945435|O=9.117725312535185e-06
svoj	O=0.9999983310699463|NORM=1.5971683069437859e-06
broj	O=0.9999959468841553|NORM=3.836715222860221e-06
,	O=0.9999973773956299|NORM=2.0332099666120484e-06
a	O=0.9999899864196777|NORM=9.248830792785157e-06
ti	O=0.9999953508377075|NORM=4.468305178306764e-06
imbecil	O=0.9999200105667114|NORM=7.99291447037831e-05
pa	O=0.999995231628418|NORM=4.571267254505074e-06
izaberes	NORM=0.9999865293502808|O=7.504404948122101e-06
svoj	O=0.9999984502792358|NORM=1.468319055675238e-06
datum	O=0.9999983310699463|NORM=1.221456159328227e-06
rodjenja	NORM=0.9999889135360718|O=6.4227183429466095e-06
.	O=0.9999972581863403|NORM=2.25546114052122e-06

@netumbaj	O=0.9999920129776001|NORM=7.88686975283781e-06
istrazivanja	O=0.9966944456100464|NORM=0.0033053625375032425
pokazuje	O=0.9999878406524658|NORM=1.1586377695493866e-05
da	O=0.9999971389770508|NORM=2.773007736323052e-06
da	O=0.9998428821563721|NORM=0.00015707669081166387
...	O=0.9999277591705322|NORM=7.176688814070076e-05
vise	NORM=0.9999892711639404|O=7.705038115091156e-06
paznje	NORM=0.9999880790710449|O=9.658246199251153e-06
obracas	NORM=0.9999780654907227|O=2.009064883168321e-05
na	O=0.9999970197677612|NORM=2.9542361517087556e-06
tekst	O=0.9999966621398926|NORM=3.3086244002333842e-06
iskazan	NORM=0.998151957988739|O=0.001847247825935483
u	O=0.9999985694885254|NORM=1.3152480278222356e-06
vokalnoj	O=0.9999960660934448|NORM=3.840119916276308e-06
formi	O=0.999997615814209|NORM=2.233645318483468e-06

vidim	O=0.9999984502792358|NORM=1.3909351537222392e-06
jutros	O=0.9999985694885254|NORM=1.2764206758220098e-06
neko	O=0.999996542930603|NORM=3.338150463605416e-06
drvo	O=0.9999929666519165|NORM=6.8325703068694565e-06
pred	O=0.9999985694885254|NORM=1.2920717153974692e-06
kućom	O=0.9999595880508423|NORM=4.027502654935233e-05
i	O=0.999998927116394|NORM=8.790074161879602e-07
pitam	O=0.9999983310699463|NORM=1.4777915566810407e-06
se	O=0.9999988079071045|NORM=1.1432362043706235e-06
šta	O=0.9999979734420776|NORM=1.8283784584127716e-06
je	O=0.9999978542327881|NORM=2.0596669401129475e-06
.	O=0.9999979734420776|NORM=1.6553583463974064e-06

veoma	O=0.9999980926513672|NORM=1.7335919437755365e-06
mi	O=0.9999984502792358|NORM=1.5011509049145388e-06
je	O=0.9999982118606567|NORM=1.7303399317825097e-06
drago	O=0.9999936819076538|NORM=6.060072337277234e-06
što	O=0.9999978542327881|NORM=1.8785037809720961e-06
su	O=0.9999730587005615|NORM=2.6887124477070756e-05
prepoznati	O=0.9999979734420776|NORM=1.932976601892733e-06
tvoji	O=0.9999964237213135|NORM=3.4598633646965027e-06
kvaliteti	O=0.9999972581863403|NORM=2.678865712368861e-06
.	O=0.9999982118606567|NORM=1.60285048877995e-06

@mracnisaputnik	O=0.9999876022338867|NORM=1.223425533680711e-05
@dusanninkovic	O=0.9999421834945679|NORM=5.6765362387523055e-05
ako	O=0.9999982118606567|NORM=1.6440125136796269e-06
uzmete	O=0.9999932050704956|NORM=6.667437446594704e-06
i	O=0.9999927282333374|NORM=7.221656233014073e-06
zivadinovica	O=0.9921901822090149|NORM=0.0078096333891153336
,	O=0.9999980926513672|NORM=1.5446275938302279e-06
pa	O=0.9999974966049194|NORM=2.3435695766238496e-06
da	O=0.9999972581863403|NORM=2.4696855689398944e-06
ovde	O=0.9999948740005493|NORM=5.00470105180284e-06
pokrenemo	O=0.9999973773956299|NORM=2.416837105556624e-06
peticiju	O=0.9999979734420776|NORM=1.8871695601774263e-06
.	O=0.9999972581863403|NORM=2.3918848910398083e-06

nismo	O=0.9999978542327881|NORM=1.986677943932591e-06
sad	O=0.999997615814209|NORM=2.1469943476404296e-06
mokri	O=0.9999806880950928|NORM=1.9300321582704782e-05
oboje	O=0.9999605417251587|NORM=3.935984568670392e-05
!	O=0.9999926090240479|NORM=6.940310868230881e-06

izadjem	NORM=0.9999829530715942|O=1.4165374523145147e-05
iz	O=0.999997615814209|NORM=2.272150368298753e-06
gajbe	O=0.9997795224189758|NORM=0.0002203168551204726
vidim	O=0.9999988079071045|NORM=1.067171297108871e-06
lik	O=0.9999958276748657|NORM=4.098581939615542e-06
i	O=0.999998927116394|NORM=8.864915344020119e-07
2	O=0.9999940395355225|NORM=5.292238256515702e-06
pandura	O=0.9999908208847046|NORM=9.160206900560297e-06
jure	O=0.9993847608566284|NORM=0.0006150410044938326
nekog	O=0.9999945163726807|NORM=5.342779331840575e-06
lopova	O=0.9999964237213135|NORM=3.5260984532214934e-06
,	O=0.9999970197677612|NORM=2.0370634956634603e-06
baja	O=0.9999865293502808|NORM=1.3165982636564877e-05
pretrči	O=0.9999982118606567|NORM=1.630980591471598e-06
ulicu	O=0.9999969005584717|NORM=3.039195689780172e-06
a	O=0.999997615814209|NORM=2.1483624550455716e-06
pandura	O=0.9999933242797852|NORM=6.586524250451475e-06
odlome	O=0.9999920129776001|NORM=7.91674119682284e-06
kola	O=0.999984622001648|NORM=1.5275356417987496e-05
...	O=0.9999855756759644|NORM=1.3342564670892898e-05

@dvekeva	O=0.9999946355819702|NORM=5.211703864915762e-06
to	O=0.999996542930603|NORM=3.2692355489416514e-06
sam	O=0.9999988079071045|NORM=1.070555526894168e-06
i	O=0.999997615814209|NORM=2.3359521037491504e-06
mislila	O=0.9999979734420776|NORM=1.9687076928676106e-06
ali	O=0.9999971389770508|NORM=2.7577773380471626e-06
onda	O=0.9999985694885254|NORM=1.3533449418901e-06
i	O=0.9999970197677612|NORM=2.8364402169245295e-06
neki	O=0.9999876022338867|NORM=1.2195301678730175e-05
alkohol	O=0.9999949932098389|NORM=4.902578439214267e-06
neko	O=0.9999974966049194|NORM=2.417432142465259e-06
pijenje	O=0.9999836683273315|NORM=1.6323470845236443e-05
uz	O=0.9999983310699463|NORM=1.5402737290060031e-06
teglu	O=0.9999911785125732|NORM=8.717980563233141e-06
da	O=0.9999985694885254|NORM=1.2449679616111098e-06
upotpunimo	O=0.9999979734420776|NORM=1.845059045990638e-06
drcnost	NORM=0.9999749660491943|O=2.357663106522523e-05
:**	O=0.9999701976776123|NORM=2.922834210039582e-05
:')	O=0.999990701675415|NORM=9.096645953832194e-06

malo	O=0.9999948740005493|NORM=5.086753390060039e-06
su	O=0.9999964237213135|NORM=3.5247267078375444e-06
nerealna	O=0.9999969005584717|NORM=3.001903451149701e-06
očekivanja	O=0.9999973773956299|NORM=2.539959268688108e-06
familije	O=0.9999982118606567|NORM=1.7493061932327691e-06
o	O=0.9999971389770508|NORM=2.7585533644014504e-06
udaji	O=0.9862228035926819|NORM=0.013774795457720757
i	O=0.9999979734420776|NORM=1.9198648715246236e-06
deci	O=0.9999872446060181|NORM=1.2677862287091557e-05
od	O=0.9999985694885254|NORM=1.2160738833699725e-06
nekoga	O=0.9999982118606567|NORM=1.755233483891061e-06
ko	O=0.9999891519546509|NORM=1.0068641131510958e-05
će	O=0.9999899864196777|NORM=1.001283362711547e-05
noćas	O=0.9999971389770508|NORM=2.7425496682553785e-06
da	O=0.9999961853027344|NORM=3.632373363871011e-06
se	O=0.9999980926513672|NORM=1.832823500080849e-06
rastavi	O=0.9999871253967285|NORM=1.2823536053474527e-05
u	O=0.9999985694885254|NORM=1.3653102541866247e-06
jay-z	O=0.9436139464378357|NORM=0.05628741905093193
majici	O=0.9999915361404419|NORM=8.266074473795015e-06
i	O=0.9999986886978149|NORM=1.193639604935015e-06
preuskoj	O=0.9999644756317139|NORM=3.5430435673333704e-05
suknji	O=0.9999933242797852|NORM=6.6319003053649794e-06
u	O=0.9999979734420776|NORM=1.8889809325628448e-06
stefan	O=0.9999639987945557|NORM=3.5857807233696803e-05
braunu	O=0.9999032020568848|NORM=9.666590631240979e-05
.	O=0.9999961853027344|NORM=3.216766799596371e-06

malo	O=0.999997615814209|NORM=2.336001216463046e-06
je	O=0.9999982118606567|NORM=1.7135226926257019e-06
poznato	O=0.999994158744812|NORM=5.639611572405556e-06
da	O=0.9999985694885254|NORM=1.2727607554552378e-06
sam	O=0.9999978542327881|NORM=1.933948169607902e-06
igrala	O=0.9999977350234985|NORM=2.1443081550387433e-06
sa	O=0.9999983310699463|NORM=1.4643321719631786e-06
vladom	O=0.9999942779541016|NORM=5.643754775519483e-06
zanimljive	O=0.9998894929885864|NORM=0.00011038735829060897
geog	O=0.994478702545166|NORM=0.005521057639271021
i	O=0.9999984502792358|NORM=1.423464027539012e-06
da	O=0.9999983310699463|NORM=1.5185171378107043e-06
je	O=0.9999967813491821|NORM=3.2107463994179852e-06
na	O=0.9999984502792358|NORM=1.3838696304446785e-06
slovo	O=0.9999967813491821|NORM=3.1147410481935367e-06
f	O=0.9999903440475464|NORM=9.441474503546488e-06
za	O=0.9999690055847168|NORM=3.09157621813938e-05
zivotinju	NORM=0.9999855756759644|O=1.2651534234464634e-05
stavio	O=0.9999964237213135|NORM=3.526680075083277e-06
faun	O=0.9999949932098389|NORM=4.853120117331855e-06
.	O=0.9999977350234985|NORM=1.985795051950845e-06

meni	O=0.9999984502792358|NORM=1.3838708809998934e-06
se	O=0.9999984502792358|NORM=1.4278855360316811e-06
čini	O=0.9999972581863403|NORM=2.562627969382447e-06
da	O=0.9999986886978149|NORM=1.1829080222014454e-06
je	O=0.9999974966049194|NORM=2.414496748315287e-06
bio	O=0.9999959468841553|NORM=3.921333700418472e-06
debelo	O=0.9999973773956299|NORM=2.5307133455498843e-06
govno	O=0.9999961853027344|NORM=3.6985406950407196e-06
i	O=0.9999984502792358|NORM=1.5044040537759429e-06
da	O=0.9999984502792358|NORM=1.407066747560748e-06
je	O=0.9999969005584717|NORM=3.0154378691804595e-06
isto	O=0.9999971389770508|NORM=2.842638878064463e-06
ost'o	NORM=0.9999853372573853|O=6.4498262872803025e-06
.	O=0.9999978542327881|NORM=1.790428996173432e-06

#alwayssayyes	O=0.9999960660934448|NORM=3.745072262972826e-06

:)))))	O=0.9999847412109375|NORM=1.497293578722747e-05
:ddd	O=0.9991006851196289|NORM=0.0008988475892692804
"	O=0.999995231628418|NORM=4.2975120777555276e-06

ne	O=0.999998927116394|NORM=9.725857808007277e-07
znam	O=0.9999983310699463|NORM=1.5344296571129235e-06
kako	O=0.9999929666519165|NORM=6.97296718499274e-06
drugcije	NORM=0.9999784231185913|O=1.9243687347625382e-05
da	O=0.9999984502792358|NORM=1.4685949736303883e-06
nazovem	O=0.9999971389770508|NORM=2.7919702461076668e-06
nase	NORM=0.9999507665634155|O=4.802878902410157e-05
zemljake	O=0.9999898672103882|NORM=1.0063800800708123e-05
koji	O=0.9999982118606567|NORM=1.6625652961010928e-06
gotive	O=0.9999520778656006|NORM=4.791457104147412e-05
nato	O=0.9999693632125854|NORM=3.0419434551731683e-05
i	O=0.9999986886978149|NORM=1.1618031976468046e-06
njegovu	O=0.9999939203262329|NORM=5.819285433972254e-06
politiku	O=0.999997615814209|NORM=2.1631544768752065e-06
.	O=0.9999973773956299|NORM=2.2251656446314882e-06

@nebojsa_s	O=0.9999960660934448|NORM=3.846592790068826e-06
@radojevgoran	O=0.9999978542327881|NORM=1.996394530578982e-06
sve	O=0.9999953508377075|NORM=4.380948666948825e-06
razumem	O=0.9999977350234985|NORM=2.064480668195756e-06
i	O=0.9999984502792358|NORM=1.3965908465252141e-06
poštujem	O=0.9999980926513672|NORM=1.786281472959672e-06
,	O=0.9999982118606567|NORM=1.3369244697969407e-06
isto	O=0.9999960660934448|NORM=3.830693913187133e-06
i	O=0.999997615814209|NORM=2.2476588128483854e-06
ja	O=0.9999983310699463|NORM=1.560765099384298e-06
.	O=0.9999972581863403|NORM=2.3572422378492774e-06

ne	O=0.9999892711639404|NORM=1.048832928063348e-05
ovi	O=0.9999970197677612|NORM=2.892714974223054e-06
receptaši	O=0.9988043308258057|NORM=0.0011954805813729763
u	O=0.9999988079071045|NORM=1.0538988135522231e-06
domu	O=0.9999986886978149|NORM=1.1966006923103123e-06
zdravlja	O=0.9999971389770508|NORM=2.7609194148681127e-06
,	O=0.9999980926513672|NORM=1.6472922652610578e-06
nego	O=0.999996542930603|NORM=3.3112755772890523e-06
oni	O=0.9999921321868896|NORM=7.71251416153973e-06
,	O=0.9999971389770508|NORM=2.571222921687877e-06
pravi	O=0.9999524354934692|NORM=4.7426285163965076e-05
?	O=0.9999842643737793|NORM=1.549333865114022e-05

svim	O=0.9999979734420776|NORM=1.825625417950505e-06
muškarcima	O=0.9999972581863403|NORM=2.4775788460829062e-06
koji	O=0.9999980926513672|NORM=1.725126367091434e-06
se	O=0.9999980926513672|NORM=1.8364926290814765e-06
protive	O=0.9999979734420776|NORM=1.9007632090506377e-06
abortusu	O=0.9999324083328247|NORM=6.691380258416757e-05
preporučujem	O=0.999983549118042|NORM=1.5475945474463515e-05
da	O=0.9999983310699463|NORM=1.4540580650646007e-06
urade	O=0.9999967813491821|NORM=3.0763605991523946e-06
vazektomiju	O=0.9999942779541016|NORM=5.646619229082717e-06
i	O=0.9999979734420776|NORM=1.855745949796983e-06
da	O=0.9999960660934448|NORM=3.707644964379142e-06
mi	O=0.9999967813491821|NORM=3.1210506676870864e-06
se	O=0.9999974966049194|NORM=2.3857255655457266e-06
skinu	O=0.9999967813491821|NORM=3.109268163825618e-06
s	O=0.9999972581863403|NORM=2.5429642391827656e-06
pičke	O=0.9993971586227417|NORM=0.0006025066250003874
sa	O=0.9999978542327881|NORM=2.03252079700178e-06
svojim	O=0.9999979734420776|NORM=1.942028802659479e-06
buržoaskim	O=0.9999698400497437|NORM=2.9468361390172504e-05
moralom	O=0.999991774559021|NORM=7.879011718614493e-06
.	O=0.9999961853027344|NORM=3.1194122129818425e-06

vikend	O=0.9999977350234985|NORM=2.1540331545111258e-06
je	O=0.9999977350234985|NORM=2.1869029751542257e-06
,	O=0.9999983310699463|NORM=1.3789082231596694e-06
znaci	NORM=0.9991447925567627|O=0.0008525635930709541
biće	O=0.9999960660934448|NORM=3.843387730739778e-06
alkohola	O=0.9999910593032837|NORM=8.896950021153316e-06
,	O=0.9999988079071045|NORM=1.110873768084275e-06
provoda	O=0.9999796152114868|NORM=2.03900763153797e-05
i	O=0.9999983310699463|NORM=1.545013901704806e-06
sexa	O=0.9998505115509033|NORM=0.00014938075037207454
.	O=0.9999980926513672|NORM=1.6336690578100388e-06

sve	O=0.9999974966049194|NORM=2.4386984023294644e-06
me	O=0.9999982118606567|NORM=1.6801188849058235e-06
boli	O=0.9999951124191284|NORM=4.784989414474694e-06
kurac	O=0.9999759197235107|NORM=2.388493339822162e-05
gde	O=0.9999971389770508|NORM=2.5688209461804945e-06
ides	NORM=0.9999850988388062|O=1.2683373824984301e-05
sutra	O=0.999994158744812|NORM=5.79935340283555e-06
i	O=0.9999984502792358|NORM=1.446609871891269e-06
s	O=0.9999979734420776|NORM=1.9218598481529625e-06
kim	O=0.9999972581863403|NORM=2.5653839657024946e-06
ides	NORM=0.9999781847000122|O=1.9278822946944274e-05
i	O=0.999997615814209|NORM=2.291281816724222e-06
u	O=0.9999978542327881|NORM=2.127312654920388e-06
koji	O=0.999997615814209|NORM=2.324782144569326e-06
kafic	NORM=0.9998748302459717|O=0.00012301167589612305
pijete	O=0.9999946355819702|NORM=5.264384526526555e-06
jedno	O=0.9999852180480957|NORM=1.4581777577404864e-05
pice	NORM=0.9997617602348328|O=0.00023737690935377032
jer	O=0.9999955892562866|NORM=4.2628826122381724e-06
samo	O=0.9999980926513672|NORM=1.7136089809355326e-06
za	O=0.9999984502792358|NORM=1.465891614316206e-06
to	O=0.9999973773956299|NORM=2.4978303372336086e-06
imate	O=0.9999980926513672|NORM=1.7432690810892382e-06
pare	O=0.9999945163726807|NORM=5.433399564935826e-06
i	O=0.9999973773956299|NORM=2.509305204512202e-06
idete	O=0.9999911785125732|NORM=8.833339052216616e-06
da	O=0.9999982118606567|NORM=1.6333902976839454e-06
bi	O=0.7418988943099976|NORM=0.2580997943878174
krali	O=0.9999880790710449|NORM=1.1786283721448854e-05
wi-fi	O=0.9999923706054688|NORM=7.488148639822612e-06
.	O=0.9999974966049194|NORM=2.2370898022927577e-06

nije	O=0.9999982118606567|NORM=1.5579512364638504e-06
bitno	O=0.9999973773956299|NORM=2.3888030682428507e-06
da	O=0.9999980926513672|NORM=1.704704459370987e-06
li	O=0.9999979734420776|NORM=1.7534263179186382e-06
je	O=0.9999970197677612|NORM=2.8499216568889096e-06
pad	O=0.9999953508377075|NORM=4.403605998959392e-06
,	O=0.9999973773956299|NORM=2.388675511610927e-06
životni	O=0.999997615814209|NORM=2.2271535726758884e-06
ili	O=0.9999922513961792|NORM=7.6096462180430535e-06
sportski	O=0.9999983310699463|NORM=1.5232367331918795e-06
.	O=0.9999978542327881|NORM=1.9018744978893665e-06

@fbulovic	O=0.9999935626983643|NORM=6.306539489742136e-06
a	O=0.9999955892562866|NORM=3.909237875632243e-06
rusija	O=0.9999947547912598|NORM=5.170583335711854e-06
dolare	O=0.9999914169311523|NORM=8.484189493174199e-06
koje	O=0.9999958276748657|NORM=4.049055860377848e-06
dobija	O=0.9999958276748657|NORM=4.0564846131019294e-06
za	O=0.9999971389770508|NORM=2.7097607926407363e-06
naftu	O=0.9999942779541016|NORM=5.686560143658426e-06
kasnije	O=0.9999973773956299|NORM=2.3618263185198884e-06
pretvara	O=0.9999938011169434|NORM=5.97575535721262e-06
u	O=0.9999977350234985|NORM=2.076765213132603e-06
rublje	O=0.9999927282333374|NORM=7.19561512596556e-06
.	O=0.9999954700469971|NORM=3.8700286495441105e-06

i	O=0.9999984502792358|NORM=1.4079809034228674e-06
smirim	O=0.9999908208847046|NORM=9.000739737530239e-06
živci	O=0.9999897480010986|NORM=1.0205818398389965e-05
.	O=0.9999963045120239|NORM=3.2825687412696425e-06

sutra	O=0.9999979734420776|NORM=1.9138340121571673e-06
će	O=0.9667788743972778|NORM=0.03322065621614456
svi	O=0.9999916553497314|NORM=8.118930054479279e-06
da	O=0.999997615814209|NORM=2.160989424737636e-06
budu	O=0.9999935626983643|NORM=6.3221364143828396e-06
u	O=0.9999983310699463|NORM=1.634479644962994e-06
fazonu	O=0.9999969005584717|NORM=3.034558858416858e-06
imali	O=0.9999959468841553|NORM=3.776562152779661e-06
ste	O=0.9999966621398926|NORM=3.2732102681620745e-06
četiri	O=0.9999972581863403|NORM=2.5152658054139465e-06
dana	O=0.9999983310699463|NORM=1.4947108866181225e-06
da	O=0.9999985694885254|NORM=1.2923267149744788e-06
naučite	O=0.9999823570251465|NORM=1.7606989786145277e-05
.	O=0.9999973773956299|NORM=2.40314579968981e-06

neće	O=0.9999960660934448|NORM=3.6150386222288944e-06
joj	O=0.9999949932098389|NORM=4.832752438233001e-06
spasti	O=0.9999303817749023|NORM=6.942702748347074e-05
kruna	O=0.9999984502792358|NORM=1.4003852584210108e-06
.	O=0.9999966621398926|NORM=3.0441781291301595e-06

zasto	NORM=0.9999831914901733|O=1.2655704267672263e-05
svi	O=0.9999972581863403|NORM=2.5709730380185647e-06
klubovi	O=0.9999984502792358|NORM=1.4874276530463248e-06
posle	O=0.9999985694885254|NORM=1.306520744037698e-06
losih	O=0.8199193477630615|NORM=0.1800791323184967
rezultata	O=0.999992847442627|NORM=7.096187800925691e-06
menjaju	O=0.9999983310699463|NORM=1.5831952850930975e-06
trenere	O=0.9999966621398926|NORM=3.2263753837469267e-06
.	O=0.9999970197677612|NORM=2.7842459076055093e-06

tomo	O=0.9999668598175049|NORM=3.307095539639704e-05
,	O=0.9999980926513672|NORM=1.7426307294954313e-06
posalji	NORM=0.9997902512550354|O=0.0002089629997499287
vise	NORM=0.9999885559082031|O=6.041276265023043e-06
vex	NORM=0.9153961539268494|O=0.08460194617509842
pesic	NORM=0.9981416463851929|O=0.0018577642040327191
kao	O=0.9999934434890747|NORM=6.481029231508728e-06
ambasadora	O=0.9999958276748657|NORM=4.145807906752452e-06
u	O=0.9999983310699463|NORM=1.6684361980878748e-06
neku	O=0.9999974966049194|NORM=2.3781358322594315e-06
daleku	O=0.9999905824661255|NORM=9.363428944197949e-06
egzoticnu	NORM=0.99998939037323|O=7.217418897198513e-06
zemlju	O=0.9999946355819702|NORM=5.296704784996109e-06
da	O=0.9999963045120239|NORM=3.567026169548626e-06
nam	O=0.999996542930603|NORM=3.2663058391335653e-06
se	O=0.9999969005584717|NORM=3.009760803251993e-06
vise	NORM=0.9999879598617554|O=4.992291451344499e-06
skine	O=0.999994158744812|NORM=5.77077480556909e-06
sa	O=0.9999974966049194|NORM=2.295030071763904e-06
tv	O=0.9969099164009094|NORM=0.0030893932562321424
ekrana	O=0.9999963045120239|NORM=3.541830210451735e-06
i	O=0.9999978542327881|NORM=2.020199190155836e-06
naslovnih	O=0.9999963045120239|NORM=3.6042406463820953e-06
strana	O=0.9999963045120239|NORM=3.536281610649894e-06
.	O=0.9999977350234985|NORM=1.9494136722641997e-06

sudeći	O=0.9999958276748657|NORM=4.1209500523109455e-06
po	O=0.9999978542327881|NORM=1.9944536688853987e-06
iscrpnom	O=0.9999977350234985|NORM=2.1700789147871546e-06
izveštavanju	O=0.9999920129776001|NORM=7.823537998774555e-06
o	O=0.9999979734420776|NORM=1.8307531490791007e-06
modnom	O=0.9999969005584717|NORM=2.9992193049110938e-06
blogovanju	O=0.9999887943267822|NORM=1.1182601156178862e-05
,	O=0.9999980926513672|NORM=1.3420890354609583e-06
izgleda	O=0.9999961853027344|NORM=3.568811962395557e-06
da	O=0.9999984502792358|NORM=1.4059680779610062e-06
druga	O=0.9999781847000122|NORM=2.1475801986525767e-05
predavanja	O=0.9999951124191284|NORM=4.76402146887267e-06
nisu	O=0.9999966621398926|NORM=3.239781563024735e-06
vredela	O=0.9999858140945435|NORM=1.396892184857279e-05
ni	O=0.9999932050704956|NORM=6.597015726583777e-06
po	O=0.9999953508377075|NORM=4.3728045966417994e-06
lule	O=0.9999759197235107|NORM=2.361033511988353e-05
duvana	O=0.9997825026512146|NORM=0.0002172427630284801
,	O=0.9999969005584717|NORM=2.2167876068124315e-06
hvala	O=0.9999974966049194|NORM=2.398765900579747e-06
vam	O=0.9999974966049194|NORM=2.43327372118074e-06
.	O=0.9999979734420776|NORM=1.7376321466144873e-06

cast	NORM=0.9999853372573853|O=9.554778443998657e-06
mi	O=0.9999979734420776|NORM=1.923493528011022e-06
je	O=0.9999973773956299|NORM=2.508740408302401e-06
i	O=0.9999948740005493|NORM=5.016436716687167e-06
sto	NORM=0.9999887943267822|O=4.86191038362449e-06
saradjujem	NORM=0.9999890327453613|O=9.025771760207135e-06
sa	O=0.9999983310699463|NORM=1.2934742699144408e-06
mladim	O=0.9999926090240479|NORM=6.995637704676483e-06
,	O=0.9999954700469971|NORM=4.317913862905698e-06
nepoznatim	O=0.9999972581863403|NORM=2.625478828122141e-06
ljudima	O=0.9999977350234985|NORM=2.1118589756952133e-06
.	O=0.9999982118606567|NORM=1.4967575907576247e-06

ubili	O=0.9999951124191284|NORM=4.814062776858918e-06
su	O=0.9999974966049194|NORM=2.3720272110949736e-06
ženu	O=0.9999970197677612|NORM=2.8835895591328153e-06
.	O=0.9999971389770508|NORM=2.6214454464934533e-06

i	O=0.9999971389770508|NORM=2.694705472094938e-06
to	O=0.9999887943267822|NORM=1.1026316315110307e-05
vas	O=0.9999949932098389|NORM=4.977109711035155e-06
izjeda	O=0.9999955892562866|NORM=4.281273049855372e-06
.	O=0.9999963045120239|NORM=3.248731218263856e-06

otvorim	O=0.9999958276748657|NORM=3.864896370942006e-06
youtube	O=0.9999903440475464|NORM=9.362713171867654e-06
search	O=0.9999294281005859|NORM=7.050271960906684e-05
u	O=0.9999977350234985|NORM=2.183616288675694e-06
novom	O=0.9999924898147583|NORM=7.133130111469654e-06
tabu	O=0.9999692440032959|NORM=3.058634320041165e-05
i	O=0.9999985694885254|NORM=1.2708164831565227e-06
tako	O=0.9999971389770508|NORM=2.712061814236222e-06
mi	O=0.9999985694885254|NORM=1.2808129667973844e-06
bleji	O=0.9999853372573853|NORM=1.4482287042483222e-05
jedno	O=0.9999964237213135|NORM=3.0385506306629395e-06
pola	O=0.9999984502792358|NORM=1.2853487305619637e-06
sata	O=0.9999982118606567|NORM=1.5889519318079692e-06
i	O=0.9999988079071045|NORM=1.0263042895530816e-06
posle	O=0.9999979734420776|NORM=1.8218775039713364e-06
se	O=0.9999984502792358|NORM=1.4702724229209707e-06
pitam	O=0.9999974966049194|NORM=2.2078750134824077e-06
što	O=0.9999967813491821|NORM=2.7620824312180048e-06
ne	O=0.9999985694885254|NORM=1.1959047014897806e-06
ide	O=0.9999983310699463|NORM=1.5209504908852978e-06
muzika	O=0.9999951124191284|NORM=4.785094461112749e-06
.	O=0.9999967813491821|NORM=2.42439136854955e-06

totalno	O=0.9999980926513672|NORM=1.8472442206984852e-06
sam	O=0.9999983310699463|NORM=1.599338816049567e-06
nesuptilno	O=0.9999899864196777|NORM=9.870411304291338e-06
rekao	O=0.9999939203262329|NORM=6.024531558068702e-06
ujaku	O=0.9488376379013062|NORM=0.051161691546440125
mi	O=0.9999986886978149|NORM=1.2438798648872762e-06
treba	O=0.9999977350234985|NORM=2.240109324702644e-06
novi	O=0.9999983310699463|NORM=1.5601370932927239e-06
mobitel	O=0.9999966621398926|NORM=3.1492390917264856e-06
,	O=0.9999977350234985|NORM=1.709266939542431e-06
ali	O=0.9999984502792358|NORM=1.44371972510271e-06
sam	O=0.9999983310699463|NORM=1.5611744856869336e-06
zaboravio	O=0.9999977350234985|NORM=2.229808160336688e-06
naglasim	O=0.9999867677688599|NORM=1.3233281606517266e-05
model	O=0.999993085861206|NORM=6.765177658962784e-06
.	O=0.9999974966049194|NORM=2.0884970126644475e-06

neke	O=0.9999980926513672|NORM=1.6736771613068413e-06
osobe	O=0.9999971389770508|NORM=2.6445870844327146e-06
svojim	O=0.9999985694885254|NORM=1.2354727232377627e-06
glupim	O=0.9999972581863403|NORM=2.5214094421244226e-06
ponasanjem	NORM=0.7925662994384766|O=0.20743276178836823
eliminisu	O=0.9436516165733337|NORM=0.056347981095314026
sebe	O=0.9999970197677612|NORM=2.919548478530487e-06
iz	O=0.9999983310699463|NORM=1.4785005078010727e-06
tvog	O=0.9999899864196777|NORM=9.886426596494857e-06
zivota	NORM=0.9999866485595703|O=1.1448310942796525e-05
ustedevsi	NORM=0.9999676942825317|O=3.1189203582471237e-05
ti	O=0.9999979734420776|NORM=1.8900657323683845e-06
tako	O=0.9999977350234985|NORM=2.1732848836109042e-06
dragoceno	NORM=0.9999767541885376|O=2.2014641217538156e-05
vreme	O=0.9999972581863403|NORM=2.7149035304319113e-06
i	O=0.9999979734420776|NORM=1.9035331888517248e-06
ostavljajuci	NORM=0.9999775886535645|O=2.087896973534953e-05
mesto	O=0.9999890327453613|NORM=1.0911908248090185e-05
za	O=0.9999984502792358|NORM=1.4900626865710365e-06
druge	O=0.9999958276748657|NORM=4.080890448676655e-06
i	O=0.9999969005584717|NORM=3.0187841275619576e-06
bolje	O=0.9999958276748657|NORM=4.168659870629199e-06
.	O=0.9999974966049194|NORM=2.266946921736235e-06

tad	O=0.9999977350234985|NORM=2.128446794813499e-06
nastupaju	O=0.9999985694885254|NORM=1.3270105228002649e-06
muve	O=0.9999762773513794|NORM=2.3644888642593287e-05
i	O=0.9999986886978149|NORM=1.1674756024149247e-06
crvi	O=0.9999969005584717|NORM=3.0272658477770165e-06

mrzim	O=0.9999983310699463|NORM=1.6007883232305176e-06
kad'	NORM=0.9998906850814819|O=9.989927639253438e-05
sanjam	O=0.9999924898147583|NORM=7.411420938296942e-06
nešto	O=0.9999980926513672|NORM=1.6480591966683278e-06
interesantno	O=0.999997615814209|NORM=2.2893880213814555e-06
,	O=0.9999978542327881|NORM=1.5940647699608235e-06
pa	O=0.9999986886978149|NORM=1.1988920505245915e-06
se	O=0.9999985694885254|NORM=1.3279916402098024e-06
iscimam	O=0.999993085861206|NORM=6.869250228191959e-06
i	O=0.9999983310699463|NORM=1.5592327144986484e-06
probudim	O=0.9999983310699463|NORM=1.5230260714815813e-06
i	O=0.9999986886978149|NORM=1.2334774055489106e-06
onda	O=0.9999986886978149|NORM=1.1296206139377318e-06
ne	O=0.9999990463256836|NORM=8.123647035063186e-07
znam	O=0.9999986886978149|NORM=1.0394838909633108e-06
šta	O=0.9999983310699463|NORM=1.3872509043721948e-06
bi	O=0.9999946355819702|NORM=5.320265699992888e-06
se	O=0.9999985694885254|NORM=1.3756563248534803e-06
dalje	O=0.9999984502792358|NORM=1.3240889984444948e-06
događalo	O=0.9999984502792358|NORM=1.4358109865497681e-06
.	O=0.999997615814209|NORM=1.845544147727196e-06

pokrenuo	O=0.9999982118606567|NORM=1.712488597149786e-06
sam	O=0.999997615814209|NORM=2.2249032554100268e-06
par	O=0.9999979734420776|NORM=1.9191984392818995e-06
projekata	O=0.9999973773956299|NORM=2.5759700292837806e-06
,	O=0.9999978542327881|NORM=1.7162204812848358e-06
prvi	O=0.9999963045120239|NORM=3.603841832955368e-06
je	O=0.9999974966049194|NORM=2.431564098515082e-06
gotov	O=0.9999969005584717|NORM=3.0805827009317e-06
za	O=0.9999984502792358|NORM=1.2664113455684856e-06
manje	O=0.9999980926513672|NORM=1.6936917290877318e-06
od	O=0.9999972581863403|NORM=2.5507195005047834e-06
mesec	O=0.9999983310699463|NORM=1.5030301483420772e-06
dana	O=0.9999985694885254|NORM=1.223412709805416e-06
....	O=0.9999960660934448|NORM=3.6263122638047207e-06

što	O=0.9999960660934448|NORM=3.605745632739854e-06
je	O=0.9999985694885254|NORM=1.397842197548016e-06
potpuna	O=0.9999985694885254|NORM=1.248527723873849e-06
realnost	O=0.9999983310699463|NORM=1.4984631206971244e-06
.	O=0.9999970197677612|NORM=2.7844423584610922e-06

loše	O=0.9999973773956299|NORM=2.4518785721738823e-06
obrazloženje	O=0.9999872446060181|NORM=1.2440311365935486e-05
za	O=0.9999984502792358|NORM=1.4221369610822876e-06
razrešenje	O=0.9999626874923706|NORM=3.726253271452151e-05
monaha	O=0.9999852180480957|NORM=1.4307011042546947e-05
koji	O=0.9999986886978149|NORM=1.1835986697406042e-06
je	O=0.9999983310699463|NORM=1.596769266143383e-06
trgovao	O=0.9999979734420776|NORM=1.8933726551040309e-06
snimkom	O=0.9999939203262329|NORM=5.87762542636483e-06
.	O=0.9999978542327881|NORM=1.8060502497974085e-06

@aco_mvp	O=0.999992847442627|NORM=6.8747467594221234e-06
sabija	O=0.9999921321868896|NORM=7.807499059708789e-06
odbranu	O=0.9999978542327881|NORM=2.011486685660202e-06
,	O=0.9999985694885254|NORM=9.74418071564287e-07
poene	O=0.9999961853027344|NORM=3.7539373352046823e-06
nema	O=0.9999988079071045|NORM=1.0929162499451195e-06
jer	O=0.9999978542327881|NORM=1.9487224562908523e-06
nema	O=0.9999986886978149|NORM=1.2223515568621224e-06
ni	O=0.999995231628418|NORM=4.753315806738101e-06
lopti	O=0.9999970197677612|NORM=2.9262637326610275e-06
toliko	O=0.9999964237213135|NORM=3.5370981095184106e-06
.	O=0.9999978542327881|NORM=1.8432052684147493e-06

najgori	O=0.9998942613601685|NORM=0.00010503813973627985
prema	O=0.9999980926513672|NORM=1.784350729394646e-06
najugrozenijima	NORM=0.7345616221427917|O=0.2654370963573456

aj	NORM=0.9999755620956421|O=1.0178109732805751e-05
ti	O=0.9999969005584717|NORM=2.9206676117610186e-06
darko	O=0.9999655485153198|NORM=3.432657467783429e-05
sad	O=0.9999984502792358|NORM=1.4776663874727092e-06
polako	O=0.9999970197677612|NORM=2.9318559882085538e-06
sve	O=0.9999828338623047|NORM=1.705650174699258e-05
iz	O=0.9999964237213135|NORM=3.488542688501184e-06
pocetka	NORM=0.9999418258666992|O=5.6940574722830206e-05
.	O=0.9999977350234985|NORM=2.0640516140701948e-06

imam	O=0.9999984502792358|NORM=1.3118605011186446e-06
utisak	O=0.999995231628418|NORM=4.644082309823716e-06
da	O=0.9999988079071045|NORM=9.011062616082199e-07
sam	O=0.9999986886978149|NORM=1.1020983947673813e-06
ja	O=0.9999986886978149|NORM=1.1664494650176493e-06
jedina	O=0.9999980926513672|NORM=1.7908118934428785e-06
vaga	O=0.9999580383300781|NORM=4.1911778680514544e-05
koja	O=0.9999979734420776|NORM=1.85085559678555e-06
u	O=0.9999988079071045|NORM=1.0563057912804652e-06
životu	O=0.9999984502792358|NORM=1.3846233741787728e-06
nije	O=0.9999983310699463|NORM=1.6195174339372898e-06
donela	O=0.9999988079071045|NORM=9.883586926662247e-07
odluku	O=0.9999966621398926|NORM=2.7666324058372993e-06
bez	O=0.999998927116394|NORM=8.795105372882972e-07
previše	O=0.999997615814209|NORM=2.0088214114366565e-06
dvoumljenja	O=0.9999942779541016|NORM=5.6607782425999176e-06

posle	O=0.9999984502792358|NORM=1.298872575716814e-06
javašluka	O=0.9923962950706482|NORM=0.007602180819958448
sa	O=0.9999985694885254|NORM=1.179003220386221e-06
računima	O=0.9999921321868896|NORM=7.755678780085873e-06
,	O=0.9999986886978149|NORM=1.0075666523334803e-06
problemi	O=0.9999942779541016|NORM=5.6616636356920935e-06
i	O=0.9999936819076538|NORM=6.3185079852701165e-06
sa	O=0.9999986886978149|NORM=1.0192977697442984e-06
kvalitetom	O=0.9999946355819702|NORM=5.100723228679271e-06
gasa	O=0.9999779462814331|NORM=2.1913787350058556e-05

i	O=0.9999978542327881|NORM=1.9930694179493003e-06
tako	O=0.9999973773956299|NORM=2.514685775167891e-06
4	O=0.9999902248382568|NORM=8.231874744524248e-06
godine	O=0.9999978542327881|NORM=1.7940559473572648e-06
.	O=0.9999963045120239|NORM=3.286998207840952e-06

danas	O=0.9999986886978149|NORM=1.0932975555988378e-06
bih	O=0.9999964237213135|NORM=3.4882634736277396e-06
konačno	O=0.9999979734420776|NORM=1.9232111299061216e-06
mogla	O=0.9999864101409912|NORM=1.3290468814375345e-05
i	O=0.9999953508377075|NORM=4.566779807646526e-06
da	O=0.9999986886978149|NORM=1.1789032896558638e-06
napišem	O=0.9999955892562866|NORM=4.24860490966239e-06
koji	O=0.9999959468841553|NORM=3.9599362935405225e-06
redak	O=0.9999860525131226|NORM=1.3745158867095597e-05
...	O=0.9999951124191284|NORM=4.457357590581523e-06
nema	O=0.9999985694885254|NORM=1.216541249959846e-06
veze	O=0.9999979734420776|NORM=1.914982476591831e-06
što	O=0.9999967813491821|NORM=2.861285111066536e-06
sam	O=0.999997615814209|NORM=2.171585720134317e-06
"	O=0.9999964237213135|NORM=3.2022928735386813e-06
zaglavljena	O=0.9999953508377075|NORM=4.5389570004772395e-06
"	O=0.9999961853027344|NORM=3.607059852583916e-06
već	O=0.9999986886978149|NORM=1.0298888355464442e-06
neko	O=0.9999983310699463|NORM=1.4835458159723203e-06
vreme	O=0.9999982118606567|NORM=1.5594719116052147e-06
...	O=0.9999946355819702|NORM=5.056049758422887e-06

neostvarene	O=0.999983549118042|NORM=1.6289197446894832e-05
snove	O=0.9999905824661255|NORM=9.38265657168813e-06
umem	O=0.9998636245727539|NORM=0.00013565838162321597
i	O=0.9999969005584717|NORM=3.005146027135197e-06
ja	O=0.9999974966049194|NORM=2.3933710053825052e-06
da	O=0.9999972581863403|NORM=2.59164153249003e-06
čuvam	O=0.999997615814209|NORM=2.3212021460494725e-06
.	O=0.9999974966049194|NORM=2.2648680442216573e-06

u	O=0.9999984502792358|NORM=1.5463732552234433e-06
kladionicama	O=0.99997878074646|NORM=2.123835110978689e-05
se	O=0.9999979734420776|NORM=1.953238097485155e-06
vrsi	O=0.657067060470581|NORM=0.3429318368434906
preraspodela	O=0.9999831914901733|NORM=1.6843634512042627e-05
naseg	NORM=0.9049091339111328|O=0.09508881717920303
siromastva	O=0.8981361985206604|NORM=0.10185930877923965
.	O=0.9999963045120239|NORM=3.1570743885822594e-06

o	O=0.9999978542327881|NORM=2.117259555234341e-06
privatnom	O=0.9999911785125732|NORM=8.777865332376678e-06
racunu	NORM=0.9824809432029724|O=0.01751849055290222
?	O=0.9999951124191284|NORM=4.708235337602673e-06

a	O=0.9999967813491821|NORM=3.1116828722588252e-06
da	O=0.9999948740005493|NORM=4.880922460870352e-06
ih	O=0.999994158744812|NORM=5.739939297200181e-06
jebeno	O=0.9999959468841553|NORM=3.934582764486549e-06
obrises	NORM=0.9999220371246338|O=7.671758066862822e-05
iz	O=0.9999971389770508|NORM=2.829969162121415e-06
prijatelja	O=0.9999964237213135|NORM=3.475386165519012e-06
?	O=0.999997615814209|NORM=2.2189108221937204e-06

traje	O=0.9999973773956299|NORM=2.501038807167788e-06
svetsko	O=0.9999955892562866|NORM=4.282882400730159e-06
prvenstvo	O=0.9999967813491821|NORM=3.0796277314948384e-06
u	O=0.9999980926513672|NORM=1.7942001022674958e-06
padobranstvu	O=0.9999949932098389|NORM=4.953938969265437e-06
u	O=0.9999985694885254|NORM=1.3943645171821117e-06
banja	O=0.9999954700469971|NORM=4.536157575785182e-06
luci	O=0.9999768733978271|NORM=2.3001899535302073e-05
.	O=0.9999979734420776|NORM=1.8289277932126424e-06

o	O=0.9999932050704956|NORM=6.631911674048752e-06
,	O=0.9999963045120239|NORM=3.1562915410177084e-06
koju	O=0.9999969005584717|NORM=2.935262955361395e-06
joj	O=0.999995231628418|NORM=4.64940421807114e-06
kaznu	O=0.9996861219406128|NORM=0.00031341813155449927
dodeliti	O=0.9999966621398926|NORM=3.2504151477041887e-06
?	O=0.9999958276748657|NORM=4.024375357403187e-06

bar	O=0.9999951124191284|NORM=4.739270025311271e-06
jednom	O=0.9999979734420776|NORM=1.8482290897736675e-06
dnevno	O=0.9999970197677612|NORM=2.4824857973726466e-06
je	O=0.9999812841415405|NORM=1.8730193914962e-05
cujem	NORM=0.9999856948852539|O=5.740755113947671e-06
kako	O=0.9999964237213135|NORM=3.5081868645647774e-06
ih	O=0.999995231628418|NORM=4.680618076235987e-06
pita	O=0.9999955892562866|NORM=4.337618065619608e-06
:	O=0.9999958276748657|NORM=3.963823928643251e-06
da	O=0.9999977350234985|NORM=1.965782303159358e-06
li	O=0.9999980926513672|NORM=1.7308975657215342e-06
ste	O=0.9999979734420776|NORM=1.9141316442983225e-06
vi	O=0.9999948740005493|NORM=5.024566689826315e-06
normalni	O=0.9999969005584717|NORM=3.039621560674277e-06
?!?!	O=0.999995231628418|NORM=4.5103988668415695e-06

predlog	O=0.9999934434890747|NORM=6.171826953504933e-06
:	O=0.9999914169311523|NORM=7.543713309132727e-06
hajde	O=0.9998080134391785|NORM=0.00019104182138107717
da	O=0.9999984502792358|NORM=1.471417022003152e-06
čuvamo	O=0.9999943971633911|NORM=5.239170150161954e-06
u	O=0.9999909400939941|NORM=9.069847692444455e-06
fotku	O=0.9999833106994629|NORM=1.6613099433016032e-05
rezultata	O=0.9999974966049194|NORM=2.3879836135165533e-06
glasanja	O=0.9999921321868896|NORM=7.570810339529999e-06
za	O=0.9999974966049194|NORM=2.3728371161269024e-06
zojin	O=0.9995144605636597|NORM=0.0004850258701480925
zakon	O=0.9997207522392273|NORM=0.0002782123046927154
u	O=0.9999986886978149|NORM=1.2494689372033463e-06
skupštini	O=0.9999979734420776|NORM=1.9329306724102935e-06
,	O=0.9999964237213135|NORM=2.6686359433369944e-06
pa	O=0.9999961853027344|NORM=3.3438013815612067e-06
je	O=0.9998340606689453|NORM=0.00016578217037022114
postujemo	O=0.8823830485343933|NORM=0.11761505156755447
po	O=0.9999970197677612|NORM=2.9139100661268458e-06
netu	O=0.9999926090240479|NORM=7.29390922060702e-06
do	O=0.9999980926513672|NORM=1.8461013269188697e-06
izbezumljenja	O=0.999996542930603|NORM=3.3494898161734454e-06
za	O=0.999997615814209|NORM=2.28734097618144e-06
sledeće	O=0.9999951124191284|NORM=4.749902927869698e-06
izbore	O=0.999996542930603|NORM=3.381299165994278e-06
.	O=0.9999964237213135|NORM=2.6314903607271845e-06

"	O=0.9999922513961792|NORM=6.8535264290403575e-06
rutave	O=0.9566276669502258|NORM=0.04337098449468613
noge	O=0.9999974966049194|NORM=2.420791133772582e-06
su	O=0.9999979734420776|NORM=1.8734176592261065e-06
znak	O=0.9999979734420776|NORM=1.8320490653422894e-06
muževnosti	O=0.9999979734420776|NORM=1.9382007394597167e-06
,	O=0.9999984502792358|NORM=1.1292219141978421e-06
gužvanja	O=0.9999973773956299|NORM=2.4878145268303342e-06
ispod	O=0.9999984502792358|NORM=1.417471025888517e-06
jorgana	O=0.9996384382247925|NORM=0.00036134442780166864
,	O=0.9999982118606567|NORM=1.3022386156080756e-06
dlaka	O=0.999997615814209|NORM=2.287199322381639e-06
na	O=0.9999986886978149|NORM=1.1518224027895485e-06
sapunu	O=0.9999688863754272|NORM=3.087418372160755e-05
...	O=0.9999936819076538|NORM=6.018695785314776e-06

koji	O=0.9999966621398926|NORM=2.9036393698333995e-06
bi	O=0.9999598264694214|NORM=4.00397002522368e-05
to	O=0.999996542930603|NORM=3.3845738016680116e-06
sou	NORM=0.9798594117164612|O=0.02013646438717842
program	O=0.9999451637268066|NORM=5.4256368457572535e-05
bio	O=0.9999871253967285|NORM=1.2637386134883855e-05
!	O=0.9999946355819702|NORM=5.047734248364577e-06

tea	NORM=0.968360960483551|O=0.031637661159038544
i	O=0.9999972581863403|NORM=2.6184122816630406e-06
ja	O=0.9999935626983643|NORM=6.346038844640134e-06
smo	O=0.999995231628418|NORM=4.607691607816378e-06
se	O=0.9999973773956299|NORM=2.560766688475269e-06
juce	NORM=0.9999867677688599|O=1.0502696568437386e-05
skinule	O=0.9999938011169434|NORM=6.157771622383734e-06
i	O=0.9999939203262329|NORM=6.045671398169361e-06
usle	O=0.7657882571220398|NORM=0.23421016335487366
u	O=0.9999946355819702|NORM=5.334745310392464e-06
adu	O=0.9993183612823486|NORM=0.0006814901134930551
,	O=0.9999973773956299|NORM=2.059925236608251e-06
u	O=0.9999985694885254|NORM=1.1930590062547708e-06
pola	O=0.9999873638153076|NORM=1.2290548511373345e-05
deset	O=0.9995031356811523|NORM=0.0004967816057614982
uvece	NORM=0.9999556541442871|O=4.34866342402529e-05
na	O=0.9999985694885254|NORM=1.277450905945443e-06
5	O=0.999997615814209|NORM=2.2434226139012026e-06
stepeni	O=0.9999958276748657|NORM=4.049766630487284e-06
u	O=0.9999983310699463|NORM=1.601417466190469e-06
ledenu	O=0.9999669790267944|NORM=3.295751957921311e-05
adu	O=0.999869704246521|NORM=0.0001300853764405474

tviteraš	O=0.9999929666519165|NORM=6.907152965140995e-06
sa	O=0.9999983310699463|NORM=1.4253370181904756e-06
malo	O=0.9999980926513672|NORM=1.790630790310388e-06
tvitova	O=0.9999890327453613|NORM=1.0924226444330998e-05
i	O=0.9999988079071045|NORM=1.117522288041073e-06
puno	O=0.9999983310699463|NORM=1.5078915112098912e-06
folovera	O=0.9999908208847046|NORM=9.091296305996366e-06
ne	O=0.9999988079071045|NORM=1.084785594684945e-06
znači	O=0.999997615814209|NORM=2.1198211470618844e-06
da	O=0.9999986886978149|NORM=1.1857022172989673e-06
je	O=0.9999939203262329|NORM=6.057508471712936e-06
dobar	O=0.9999978542327881|NORM=2.005581109187915e-06
tviteraš	O=0.9999949932098389|NORM=4.9102618504548445e-06
,	O=0.9999979734420776|NORM=1.5196812910289736e-06
veća	O=0.9999979734420776|NORM=1.980146635105484e-06
verovatnoća	O=0.9999977350234985|NORM=2.234619387309067e-06
je	O=0.999997615814209|NORM=2.275364067827468e-06
da	O=0.9999983310699463|NORM=1.5989345456546289e-06
briše	O=0.9999945163726807|NORM=5.353005235519959e-06
tvitove	O=0.9999939203262329|NORM=6.059854513296159e-06
.	O=0.9999979734420776|NORM=1.7046116909114062e-06

ako	O=0.9999985694885254|NORM=1.3433165122478385e-06
zelite	NORM=0.999984860420227|O=1.259078908333322e-05
da	O=0.9999977350234985|NORM=2.1426112652989104e-06
izgubite	O=0.9999982118606567|NORM=1.671641939537949e-06
2	O=0.9999983310699463|NORM=1.5466650893358747e-06
h	O=0.9999923706054688|NORM=7.475463462469634e-06
zivota	NORM=0.9999878406524658|O=7.574489700346021e-06
,	O=0.9999984502792358|NORM=1.2988912203582004e-06
molim	O=0.9999951124191284|NORM=4.773667114932323e-06
vas	O=0.9999972581863403|NORM=2.694721388252219e-06
pogledajte	O=0.999997615814209|NORM=2.2223925952857826e-06
60	O=0.9999958276748657|NORM=4.1314960981253535e-06
puta	O=0.9999959468841553|NORM=4.009087660961086e-06
video	O=0.9999722242355347|NORM=2.76900791504886e-05
na	O=0.9999983310699463|NORM=1.6284831190205296e-06
temu	O=0.9999953508377075|NORM=4.63082869828213e-06
hapsenja	NORM=0.9999768733978271|O=2.037264493992552e-05
dragoslava	O=0.9999912977218628|NORM=8.636750862933695e-06
kosmajca	O=0.9162455201148987|NORM=0.08375377207994461
ili	O=0.9999974966049194|NORM=2.3603627141710604e-06
film	O=0.9999955892562866|NORM=4.353764779807534e-06
john	O=0.9999967813491821|NORM=3.1147260415309574e-06
wick	O=0.9997597336769104|NORM=0.00023932332987897098
.	O=0.9999977350234985|NORM=2.0053341813763836e-06

kontam	O=0.9999932050704956|NORM=6.584997208847199e-06
da	O=0.9999988079071045|NORM=1.020048557620612e-06
bih	O=0.9999967813491821|NORM=3.1349877644970547e-06
postao	O=0.999997615814209|NORM=2.231201278846129e-06
bog	O=0.9999910593032837|NORM=8.662816981086507e-06
nekog	O=0.9999980926513672|NORM=1.7288484741584398e-06
plemena	O=0.9999980926513672|NORM=1.7174767208416597e-06
crnaca	O=0.9998488426208496|NORM=0.00015111583343241364
midžeta	O=0.98920738697052|NORM=0.01079181395471096
i	O=0.9999986886978149|NORM=1.217256340169115e-06
onda	O=0.9999986886978149|NORM=1.0734947863966227e-06
bi	O=0.9999445676803589|NORM=5.520822378457524e-05
me	O=0.9999970197677612|NORM=2.9145548978704028e-06
oni	O=0.9999921321868896|NORM=7.704597010160796e-06
hranili	O=0.999996542930603|NORM=3.377554321559728e-06
bobicama	O=0.9998620748519897|NORM=0.0001376996369799599
i	O=0.9999985694885254|NORM=1.2980976862309035e-06
animirali	O=0.9999934434890747|NORM=6.502039923361735e-06
stvarima	O=0.999996542930603|NORM=3.257698153902311e-06
koje	O=0.9999978542327881|NORM=1.9868125491484534e-06
rade	O=0.9999980926513672|NORM=1.7181419025291689e-06
crnci	O=0.9999738931655884|NORM=2.601909000077285e-05
midžeti	O=0.9996857643127441|NORM=0.00031396429403685033
.	O=0.9999973773956299|NORM=2.13388261727232e-06

satima	O=0.9999884366989136|NORM=1.144376892625587e-05
bih	O=0.9999939203262329|NORM=6.0512611526064575e-06
tebe	O=0.9999969005584717|NORM=3.01188561024901e-06
gledao	O=0.9999984502792358|NORM=1.3765642279395252e-06
a	O=0.9999845027923584|NORM=1.543778125778772e-05
da	O=0.999974250793457|NORM=2.5667504814919084e-05
to	O=0.9998953342437744|NORM=0.00010412287520011887
i	O=0.9999850988388062|NORM=1.4849464605504181e-05
ne	O=0.9999953508377075|NORM=4.613258170138579e-06
znas	NORM=0.9999878406524658|O=3.820993242698023e-06
,	O=0.9999978542327881|NORM=1.7008928807626944e-06
ti	O=0.9999977350234985|NORM=2.1617956917907577e-06
si	O=0.9999985694885254|NORM=1.3827524298903882e-06
divna	O=0.9999985694885254|NORM=1.3701468333238154e-06
cura	O=0.9999966621398926|NORM=3.2507994092156878e-06
i	O=0.9999977350234985|NORM=2.1968319288134808e-06
zasluzujes	NORM=0.999988317489624|O=3.0777462143305456e-06
mnogo	O=0.9999361038208008|NORM=6.33454619674012e-05
,	O=0.9999982118606567|NORM=1.4660911347164074e-06
ovo	O=0.9999943971633911|NORM=5.52552455701516e-06
nije	O=0.9999984502792358|NORM=1.4095984397499706e-06
gluma	O=0.9999978542327881|NORM=2.0741547359648393e-06
srce	O=0.9999957084655762|NORM=4.257625732861925e-06
ne	O=0.9999974966049194|NORM=2.396198397036642e-06
glumi	O=0.999994158744812|NORM=5.738198524340987e-06
dobro	O=0.9999877214431763|NORM=1.203585634357296e-05
.	O=0.9999978542327881|NORM=1.9249373508500867e-06

fejs	O=0.9999938011169434|NORM=6.070426934456918e-06
mi	O=0.9999980926513672|NORM=1.6630615391477477e-06
izgleda	O=0.9999983310699463|NORM=1.4271787449615658e-06
kao	O=0.9999983310699463|NORM=1.4070933502807748e-06
kupleraj	O=0.9999960660934448|NORM=3.7724300909758313e-06
.	O=0.9999967813491821|NORM=2.92909680865705e-06

pustite	O=0.9999979734420776|NORM=1.8653097413334763e-06
fudbal	O=0.9999951124191284|NORM=4.730469299829565e-06
,	O=0.9999983310699463|NORM=1.2314342257013777e-06
nego	O=0.9999955892562866|NORM=4.197177077003289e-06
jel	NORM=0.9999792575836182|O=8.062087545113172e-06
znate	O=0.9999973773956299|NORM=2.566979674156755e-06
ko	O=0.999991774559021|NORM=8.138442353811115e-06
peva	O=0.9999960660934448|NORM=3.898019258485874e-06
na	O=0.9999988079071045|NORM=1.008359845400264e-06
djovakovoj	O=0.9999172687530518|NORM=8.26195755507797e-05
svadbi	O=0.9999971389770508|NORM=2.7949727154918946e-06
?	O=0.9999979734420776|NORM=1.7413148043488036e-06

;)	O=0.9999939203262329|NORM=5.81007998334826e-06

sve	O=0.9999988079071045|NORM=1.1342528978275368e-06
manje	O=0.9999983310699463|NORM=1.5994990008039167e-06
njih	O=0.9999959468841553|NORM=3.997256044385722e-06
zna	O=0.9999977350234985|NORM=2.277952262375038e-06
da	O=0.9999988079071045|NORM=9.736473884913721e-07
bi	O=0.9951052665710449|NORM=0.004894026555120945
bili	O=0.9999953508377075|NORM=4.427512067195494e-06
sjajni	O=0.9999980926513672|NORM=1.8133009689336177e-06
fudbalski	O=0.9999634027481079|NORM=3.645182368927635e-05
selektori	O=0.9999978542327881|NORM=1.997687832044903e-06
.	O=0.9999978542327881|NORM=1.8444677607476478e-06

kupiću	NORM=0.9891194105148315|O=0.010879234410822392
samo	O=0.999994158744812|NORM=5.36103425474721e-06
4	O=0.9999955892562866|NORM=4.300219188735355e-06
dresa	O=0.9999924898147583|NORM=7.346201982727507e-06
u	O=0.9999985694885254|NORM=1.2759655874106102e-06
životu	O=0.9999977350234985|NORM=2.087378334181267e-06
i	O=0.9999982118606567|NORM=1.6601902643742505e-06
to	O=0.9999979734420776|NORM=1.8757452835416188e-06
ove	O=0.9999985694885254|NORM=1.312680410592293e-06
godine	O=0.9999982118606567|NORM=1.551336026750505e-06
-	O=0.9999963045120239|NORM=3.318995368317701e-06
raulov	O=0.9988245368003845|NORM=0.00117453932762146
ako	O=0.9999982118606567|NORM=1.6372875961678801e-06
zaigra	O=0.9999817609786987|NORM=1.795174648577813e-05
negde	O=0.9999980926513672|NORM=1.7880985296869767e-06
u	O=0.9999984502792358|NORM=1.4747718068974791e-06
mls-u	O=0.9999700784683228|NORM=2.9818349503329955e-05
-	O=0.9999963045120239|NORM=3.231054506613873e-06
bejlov	O=0.9995751976966858|NORM=0.00042454118374735117
roze	O=0.9953442215919495|NORM=0.004655493423342705
iz	O=0.9999983310699463|NORM=1.5963764781190548e-06
reala	O=0.9999943971633911|NORM=5.461535693029873e-06
-	O=0.9999960660934448|NORM=3.5773887248069514e-06
azarov	O=0.9999861717224121|NORM=1.3788263458991423e-05
iz	O=0.9999983310699463|NORM=1.5417331269418355e-06
belgije	O=0.9999938011169434|NORM=6.094470791140338e-06
-	O=0.9999960660934448|NORM=3.601319576773676e-06
šaćirijev	O=0.9983443021774292|NORM=0.0016553562600165606
.	O=0.9999966621398926|NORM=2.866695695047383e-06

zanimljivo	O=0.9999933242797852|NORM=6.4933519752230495e-06
koliko	O=0.9999949932098389|NORM=4.849206561630126e-06
ljudi	O=0.9999964237213135|NORM=3.477879772617598e-06
mrze	O=0.9999982118606567|NORM=1.67136295203818e-06
sebi	O=0.9999979734420776|NORM=1.941519485626486e-06
slične	O=0.9999977350234985|NORM=2.1546804873651126e-06
ljude	O=0.9999951124191284|NORM=4.594316578732105e-06
.	O=0.9999973773956299|NORM=2.3369541395368287e-06

super	O=0.9999904632568359|NORM=9.443366252526175e-06
se	O=0.9999985694885254|NORM=1.3587078910859418e-06
zgotivim	O=0.9999964237213135|NORM=3.5311898045620183e-06
ja	O=0.9999980926513672|NORM=1.8771844452203368e-06
sa	O=0.9999985694885254|NORM=1.1570407423278084e-06
likom	O=0.9999942779541016|NORM=5.562826117966324e-06
prošle	O=0.9999940395355225|NORM=5.719698492612224e-06
godine	O=0.999997615814209|NORM=2.1571329398284433e-06
u	O=0.9999988079071045|NORM=1.0588887562335003e-06
londonu	O=0.9999978542327881|NORM=2.0388922621350503e-06
,	O=0.9999977350234985|NORM=1.4937066907805274e-06
on	O=0.9999973773956299|NORM=2.5754591206350597e-06
bio	O=0.9999983310699463|NORM=1.5955423577906913e-06
fotomodel	O=0.9999959468841553|NORM=3.896443104167702e-06
.	O=0.9999974966049194|NORM=1.962489022844238e-06

svoj	O=0.9999980926513672|NORM=1.874883537311689e-06
ljubavni	O=0.9999974966049194|NORM=2.3711791072855704e-06
život	O=0.9999974966049194|NORM=2.3168447569332784e-06
delim	O=0.9999957084655762|NORM=4.214846285321983e-06
na	O=0.999997615814209|NORM=2.208140813309001e-06
dve	O=0.9999939203262329|NORM=5.6228118410217576e-06
faze	O=0.999996542930603|NORM=3.306529833935201e-06
,	O=0.9999967813491821|NORM=2.356513050472131e-06
kad	O=0.9999973773956299|NORM=1.841092853283044e-06
se	O=0.9999978542327881|NORM=2.0869226773356786e-06
uopšte	O=0.999997615814209|NORM=2.2680153506371425e-06
ne	O=0.9999985694885254|NORM=1.2837895155826118e-06
radujem	O=0.999992847442627|NORM=7.107194505806547e-06
menstruaciji	O=0.9999957084655762|NORM=4.121492111153202e-06
i	O=0.9999986886978149|NORM=1.1879228623001836e-06
kad	O=0.9999983310699463|NORM=1.1578706562431762e-06
plačem	O=0.9999974966049194|NORM=2.3011534722172655e-06
od	O=0.9999984502792358|NORM=1.4517054296447895e-06
sreće	O=0.9999969005584717|NORM=2.9330860797927016e-06
što	O=0.9999982118606567|NORM=1.586895450600423e-06
sam	O=0.9999985694885254|NORM=1.2878815596195636e-06
dobila	O=0.9999958276748657|NORM=4.015523245470831e-06

ostatak	O=0.9999983310699463|NORM=1.5347253565778374e-06
vremena	O=0.9999984502792358|NORM=1.296649770665681e-06
provedem	O=0.999997615814209|NORM=2.189887254644418e-06
–	O=0.9999918937683105|NORM=7.889336302469019e-06
prokrastinirajući	O=0.9999963045120239|NORM=3.5015848425246077e-06
.	O=0.9999970197677612|NORM=2.790609414660139e-06

prozivao	O=0.9999821186065674|NORM=1.7799620763980784e-05
sam	O=0.9999982118606567|NORM=1.66051961514313e-06
neke	O=0.9999974966049194|NORM=2.40248414229427e-06
poznanike	O=0.9999969005584717|NORM=3.0156938919390086e-06
iz	O=0.9999982118606567|NORM=1.663896114223462e-06
ldpa	NORM=0.8540611863136292|O=0.14592787623405457
za	O=0.9999967813491821|NORM=3.199003458576044e-06
cenzus	O=0.9999872446060181|NORM=1.2590687219926622e-05
u	O=0.9999986886978149|NORM=1.1255858680669917e-06
toku	O=0.9999977350234985|NORM=2.1402238417067565e-06
kampanje	O=0.9999862909317017|NORM=1.3424489225144498e-05
...	O=0.9999933242797852|NORM=6.243017196538858e-06

ja	O=0.9999983310699463|NORM=1.5694237163188518e-06
sam	O=0.9999984502792358|NORM=1.402194698130188e-06
od	O=0.999997615814209|NORM=2.3505308490712196e-06
onih	O=0.9999978542327881|NORM=2.115895085808006e-06
osoba	O=0.9999909400939941|NORM=8.970354429038707e-06
koje	O=0.999996542930603|NORM=3.2890181955735898e-06
ce	NORM=0.9999855756759644|O=8.645701200293843e-06
svima	O=0.9999970197677612|NORM=2.8928361643920653e-06
naci	NORM=0.9999856948852539|O=9.904691978590563e-06
neku	O=0.9999977350234985|NORM=2.158600409529754e-06
manu	O=0.9999877214431763|NORM=1.2045971743646078e-05
,	O=0.9999977350234985|NORM=2.036665136984084e-06
ali	O=0.9999980926513672|NORM=1.7738195765559794e-06
kad	O=0.9999986886978149|NORM=8.728383136258344e-07
se	O=0.9999983310699463|NORM=1.537649495730875e-06
skontaju	O=0.9999649524688721|NORM=3.492719406494871e-05
s	O=0.9999984502792358|NORM=1.4262442391554941e-06
nekim	O=0.9999971389770508|NORM=2.6883885766437743e-06
to	O=0.9999986886978149|NORM=1.0770767175927176e-06
bude	O=0.9999982118606567|NORM=1.5630305369995767e-06
obostrani	O=0.9999966621398926|NORM=3.241976173740113e-06
jackpot	O=0.9999904632568359|NORM=9.441709153179545e-06
.	O=0.9999977350234985|NORM=2.0798233890673146e-06

hoću	O=0.999996542930603|NORM=3.076210077779251e-06
da	O=0.9999983310699463|NORM=1.501787892266293e-06
živim	O=0.9999966621398926|NORM=3.0982098451204365e-06
u	O=0.9999986886978149|NORM=1.1180231922480743e-06
prostoriji	O=0.9999979734420776|NORM=1.927097628140473e-06
od	O=0.9999980926513672|NORM=1.785188260328141e-06
30	O=0.9999977350234985|NORM=2.1178975657676347e-06
kvadrata	O=0.9999970197677612|NORM=2.924556156358449e-06
u	O=0.9999988079071045|NORM=1.0449705314385938e-06
nekoj	O=0.9999967813491821|NORM=3.0891228561813477e-06
zgradi	O=0.9999979734420776|NORM=1.915241909955512e-06
na	O=0.9999986886978149|NORM=1.2165716043455177e-06
6	O=0.9999970197677612|NORM=2.6772916044137673e-06
-	O=0.9999920129776001|NORM=7.124010608094977e-06
7.	O=0.999992847442627|NORM=6.643569577136077e-06
spratu	O=0.9999967813491821|NORM=3.155083277306403e-06
i	O=0.9999923706054688|NORM=7.3486958171997685e-06
kraj	O=0.9989380240440369|NORM=0.0010617972584441304
ne	O=0.9999970197677612|NORM=2.9014483970968286e-06
mogu	O=0.9999949932098389|NORM=4.729932243208168e-06
više	O=0.9999969005584717|NORM=2.796918579406338e-06
u	O=0.9999986886978149|NORM=1.1528610457389732e-06
ovoj	O=0.9999982118606567|NORM=1.5854703860895825e-06
kući	O=0.9999960660934448|NORM=3.6742510474141454e-06
da	O=0.9999979734420776|NORM=1.8591417756397277e-06
preživljavam	O=0.9999938011169434|NORM=6.046305770723848e-06

kada	O=0.9999978542327881|NORM=1.3883659448765684e-06
me	O=0.9999963045120239|NORM=3.5657778880704427e-06
podmicujete	NORM=0.9996973276138306|O=0.000297794584184885
i	O=0.9999985694885254|NORM=1.3318448282007012e-06
korumpirate	O=0.9999939203262329|NORM=5.962577233731281e-06
,	O=0.9999988079071045|NORM=8.256375849668984e-07
dajte	O=0.9999974966049194|NORM=2.2960896330914693e-06
bre	O=0.9999940395355225|NORM=5.8974410421797074e-06
kintu	O=0.9999954700469971|NORM=4.420854111231165e-06
.	O=0.9999980926513672|NORM=1.4500694760499755e-06

svi	O=0.9999969005584717|NORM=2.973626351376879e-06
muskarci	NORM=0.9999736547470093|O=2.5374720280524343e-05
koji	O=0.9999972581863403|NORM=2.5805211407714523e-06
zele	NORM=0.9999866485595703|O=9.928325198416132e-06
nesto	NORM=0.9999879598617554|O=9.44091152632609e-06
vise	NORM=0.9999902248382568|O=5.610909738607006e-06
od	O=0.9999880790710449|NORM=1.1947458915528841e-05
buksne	NORM=0.9714820981025696|O=0.02851668745279312
sa	O=0.9999983310699463|NORM=1.4236918559618061e-06
mnom	O=0.999997615814209|NORM=2.2584988528251415e-06
mogu	O=0.9999980926513672|NORM=1.8503861838325975e-06
da	O=0.999996542930603|NORM=3.317002892799792e-06
prekinu	O=0.9999936819076538|NORM=6.314436177490279e-06
da	O=0.9999969005584717|NORM=2.926659590229974e-06
mi	O=0.9999977350234985|NORM=2.0961035716027254e-06
se	O=0.9999974966049194|NORM=2.4185344500438077e-06
obracaju	NORM=0.9986175298690796|O=0.0013819369487464428
3,	O=0.9999977350234985|NORM=1.8991827346326318e-06
4	O=0.9999945163726807|NORM=5.0907215154438745e-06
,	O=0.9999971389770508|NORM=2.6087116111739306e-06
sad	O=0.9999974966049194|NORM=2.2669512418360682e-06
,	O=0.999997615814209|NORM=2.197418325522449e-06
gej	O=0.9999979734420776|NORM=1.9793178580584936e-06
moze	NORM=0.9999815225601196|O=1.6256853996310383e-05
.	O=0.999997615814209|NORM=2.2133228867460275e-06

bedno	O=0.9218682050704956|NORM=0.07808814197778702
!	O=0.9999865293502808|NORM=1.2969182535016444e-05

a	O=0.9999978542327881|NORM=1.960004055945319e-06
i	O=0.9999979734420776|NORM=1.9029669147130335e-06
lepo	O=0.9999966621398926|NORM=3.23456447404169e-06
bi	O=0.9999972581863403|NORM=2.6547304514679126e-06
bilo	O=0.9999983310699463|NORM=1.4954921425669454e-06
da	O=0.9999971389770508|NORM=2.4385208234889433e-06
hejteri	O=0.9999589920043945|NORM=4.0661088860360906e-05
prekinu	O=0.9999969005584717|NORM=2.917034862548462e-06
sa	O=0.9999986886978149|NORM=1.0569606274657417e-06
hejtovanjem	O=0.9999723434448242|NORM=2.7406869776314124e-05
svojih	O=0.9999967813491821|NORM=2.920984798038262e-06
krivih	O=0.9999971389770508|NORM=2.740492391239968e-06
trepavica	O=0.9999408721923828|NORM=5.8927733334712684e-05
i	O=0.9999984502792358|NORM=1.320163960372156e-06
da	O=0.9999964237213135|NORM=2.8602910333574982e-06
se	O=0.9999985694885254|NORM=1.3770331861451268e-06
pridruže	O=0.9999977350234985|NORM=2.1953721898171352e-06
ovoj	O=0.9999984502792358|NORM=1.4098054634814616e-06
radosti	O=0.9999983310699463|NORM=1.526417008790304e-06
,	O=0.9999935626983643|NORM=5.219855211180402e-06
jer	O=0.9999935626983643|NORM=5.8549321693135425e-06
se	O=0.9999984502792358|NORM=1.4475911029876443e-06
desilo	O=0.9999979734420776|NORM=1.875809743978607e-06
nešto	O=0.9999980926513672|NORM=1.7733459571900312e-06
divno	O=0.9999978542327881|NORM=1.9636802335298853e-06
!	O=0.9999967813491821|NORM=2.715997652558144e-06

san	O=0.9999854564666748|NORM=1.4455423297476955e-05
:	O=0.9999942779541016|NORM=5.260297257336788e-06
u	O=0.9999984502792358|NORM=1.420174498889537e-06
troli	O=0.999546468257904|NORM=0.0004532048187684268
sam	O=0.9999983310699463|NORM=1.5276344811354647e-06
srela	O=0.9999922513961792|NORM=7.559145160485059e-06
goricu	O=0.9999691247940063|NORM=3.0860530387144536e-05
popovic	NORM=0.9999539852142334|O=4.510159487836063e-05
,	O=0.9999986886978149|NORM=1.0532214673730778e-06
izdudarala	NORM=0.9776849150657654|O=0.022313933819532394
manijaka	O=0.9992877840995789|NORM=0.0007119540241546929
koji	O=0.9999984502792358|NORM=1.4183865459926892e-06
se	O=0.9999984502792358|NORM=1.5069097116793273e-06
prislanjao	O=0.9999972581863403|NORM=2.7222456537856488e-06
zenama	NORM=0.9999738931655884|O=2.358863639528863e-05
,	O=0.9999984502792358|NORM=1.1999132993878447e-06
izasla	NORM=0.9999657869338989|O=3.27290799759794e-05
izula	O=0.9999872446060181|NORM=1.2641606190300081e-05
se	O=0.9999980926513672|NORM=1.8940844483950059e-06
i	O=0.9999979734420776|NORM=1.9925907963624923e-06
bosa	NORM=0.9876736998558044|O=0.0123255280777812
do	O=0.9999980926513672|NORM=1.7835646985986386e-06
trga	O=0.9999974966049194|NORM=2.3627142127224943e-06
,	O=0.9999984502792358|NORM=1.2425812201399822e-06
na	O=0.9999988079071045|NORM=1.0406841965959757e-06
trgu	O=0.9999953508377075|NORM=4.470120529731503e-06
slet	O=0.9985005855560303|NORM=0.0014992248034104705
!	O=0.9999963045120239|NORM=3.4392560337437317e-06

ako	O=0.9999986886978149|NORM=1.1492045359773329e-06
niste	O=0.9999977350234985|NORM=2.186508709201007e-06
znali	O=0.9999914169311523|NORM=8.474372407363262e-06
večeras	O=0.9999988079071045|NORM=1.098353664019669e-06
se	O=0.9999988079071045|NORM=1.1446347798482748e-06
slavi	O=0.9999955892562866|NORM=4.262020866008243e-06
doček	O=0.9999960660934448|NORM=3.693394546644413e-06
3.	O=0.9998737573623657|NORM=0.00012583575153257698
nove	O=0.9999920129776001|NORM=7.834992175048683e-06
godine	O=0.9999973773956299|NORM=2.401968004051014e-06
jer	O=0.9999946355819702|NORM=5.286773102852749e-06
su	O=0.9999692440032959|NORM=3.062028918066062e-05
tako	O=0.9999890327453613|NORM=1.088575845642481e-05
u	O=0.9999977350234985|NORM=2.212504341514432e-06
mogućnosti	O=0.9999879598617554|NORM=1.1907030966540333e-05

zasto	NORM=0.9999829530715942|O=1.324875029240502e-05
gledam	O=0.999976396560669|NORM=2.2775311663281173e-05
ovo	O=0.9999980926513672|NORM=1.8029220427706605e-06
?	O=0.9999969005584717|NORM=2.849358679668512e-06

ako	O=0.9999970197677612|NORM=2.761056066447054e-06
mi	O=0.9999973773956299|NORM=2.487975962139899e-06
telenor	O=0.9999964237213135|NORM=3.491917823339463e-06
blokira	O=0.9999955892562866|NORM=4.254333816788858e-06
račun	O=0.9999939203262329|NORM=5.733284979214659e-06
sad	O=0.9999979734420776|NORM=1.9421972865529824e-06
prvog	O=0.9999948740005493|NORM=5.005379080103012e-06
jer	O=0.9999955892562866|NORM=4.048352366226027e-06
mi	O=0.9999970197677612|NORM=2.8034560273226816e-06
nisu	O=0.9999954700469971|NORM=4.390753474581288e-06
proknjižili	O=0.9999936819076538|NORM=6.164692422316875e-06
uplatu	O=0.9999951124191284|NORM=4.698130396718625e-06
od	O=0.9999961853027344|NORM=3.432829544181004e-06
pre	O=0.9999977350234985|NORM=1.9607964532042388e-06
15	O=0.9999971389770508|NORM=2.6426660042488948e-06
dana	O=0.9999960660934448|NORM=3.375746018718928e-06
,	O=0.9999979734420776|NORM=1.3835496019964921e-06
jebaću	O=0.9999984502792358|NORM=1.4262346894611255e-06
ih	O=0.9999953508377075|NORM=4.476186859392328e-06
u	O=0.9999979734420776|NORM=1.9868884919560514e-06
dupe	O=0.9999948740005493|NORM=5.108844561618753e-06
!	O=0.9999959468841553|NORM=3.4605018299771473e-06

loš	O=0.9998646974563599|NORM=0.00013518068590201437
sam	O=0.9999980926513672|NORM=1.8156957821702235e-06
čo'ek	NORM=0.999966025352478|O=2.9464315957739018e-05
.	O=0.9999967813491821|NORM=2.896642399718985e-06

verovatno	O=0.9999977350234985|NORM=2.1815037598571507e-06
je	O=0.9999978542327881|NORM=2.0113639038754627e-06
već	O=0.9999978542327881|NORM=2.004468342420296e-06
obezbedila	O=0.9999966621398926|NORM=3.19436912832316e-06
med.	NORM=0.9998444318771362|O=0.00015310423623304814
sestru	O=0.9999966621398926|NORM=3.1665920232626377e-06
da	O=0.9999985694885254|NORM=1.2298419278522488e-06
joj	O=0.9999980926513672|NORM=1.7711334976411308e-06
menja	O=0.9999970197677612|NORM=2.843799393303925e-06
pelene	O=0.9999971389770508|NORM=2.758250957413111e-06
.	O=0.9999974966049194|NORM=2.0649329144362127e-06

nije	O=0.9999983310699463|NORM=1.4845760460957536e-06
samo	O=0.9999983310699463|NORM=1.4003048818267416e-06
zato	O=0.9999977350234985|NORM=2.113611799359205e-06
sto	NORM=0.9999873638153076|O=9.232926458935253e-06
u	O=0.9999986886978149|NORM=1.1255655181230395e-06
nepusackom	NORM=0.9999233484268188|O=7.58963797125034e-05
hotelu	O=0.9999933242797852|NORM=6.482202934421366e-06
jedino	O=0.9999982118606567|NORM=1.6266869806713657e-06
mesto	O=0.9999983310699463|NORM=1.5848190741962753e-06
gde	O=0.9999978542327881|NORM=1.7606885194254573e-06
mogu	O=0.9999980926513672|NORM=1.6840970147313783e-06
da	O=0.9999982118606567|NORM=1.6415808659075992e-06
zapalim	O=0.9999969005584717|NORM=2.9397508569672937e-06
je	O=0.9999986886978149|NORM=1.2328306411291123e-06
wc	O=0.999996542930603|NORM=3.3076021281885915e-06
.	O=0.999997615814209|NORM=2.115228653565282e-06

al	NORM=0.9981040954589844|O=0.0018165491055697203
kontam	O=0.9999576807022095|NORM=4.154604175710119e-05
sto	NORM=0.9999886751174927|O=4.868832547799684e-06
da	O=0.9999948740005493|NORM=4.826938948099269e-06
bacamo	O=0.9999954700469971|NORM=4.417975560500054e-06
pare	O=0.9999872446060181|NORM=1.2665922440646682e-05
kad	O=0.9999988079071045|NORM=1.0134028798347572e-06
necemo	NORM=0.9999896287918091|O=4.97958490086603e-06
nazad	O=0.9998376369476318|NORM=0.0001617269590497017
?	O=0.999997615814209|NORM=2.169784693251131e-06

dvadeseti	O=0.9999866485595703|NORM=1.3258026228868403e-05
'bem	NORM=0.999976634979248|O=2.063898864435032e-05
te	O=0.9999953508377075|NORM=4.5515698730014265e-06
glupu	O=0.999264657497406|NORM=0.0007351347012445331
!	O=0.9999948740005493|NORM=4.895196070719976e-06

@msekaric	O=0.9999921321868896|NORM=7.736846782790963e-06
ne	O=0.9999988079071045|NORM=1.0672364396668854e-06
govorim	O=0.9999945163726807|NORM=5.0740623009915e-06
o	O=0.9999988079071045|NORM=9.504670970272855e-07
tome	O=0.9999876022338867|NORM=1.1871765309479088e-05
pisnju	NORM=0.9944578409194946|O=0.005540137644857168
o	O=0.9999984502792358|NORM=1.3600091506305034e-06
tome	O=0.999996542930603|NORM=3.365114707776229e-06
gde	O=0.9999978542327881|NORM=1.8828997099262779e-06
škripi	O=0.9997870326042175|NORM=0.0002128177002305165
,	O=0.9999979734420776|NORM=1.5277009879355319e-06
nego	O=0.9999973773956299|NORM=2.3309000880544772e-06
o	O=0.9999988079071045|NORM=9.889658940664958e-07
priči	O=0.9999876022338867|NORM=1.2184734259790275e-05
o	O=0.9999988079071045|NORM=1.0488323596291593e-06
tome	O=0.9999979734420776|NORM=1.8298874238098506e-06
ko	O=0.9999979734420776|NORM=1.9022374999622116e-06
je	O=0.9999978542327881|NORM=2.0698291791632073e-06
šta	O=0.9999961853027344|NORM=3.650821554401773e-06
kad	O=0.9999986886978149|NORM=1.140448375736014e-06
rekao	O=0.9999943971633911|NORM=5.258783403405687e-06
i	O=0.9999986886978149|NORM=1.1650820397335337e-06
kako	O=0.9999983310699463|NORM=1.4907050172041636e-06
je	O=0.9999983310699463|NORM=1.614248390069406e-06
ko	O=0.9999951124191284|NORM=4.844778231927194e-06
kriv	O=0.999997615814209|NORM=2.3341638097917894e-06
za	O=0.9999988079071045|NORM=1.0937317256320966e-06
ovu	O=0.9999983310699463|NORM=1.4669919892185135e-06
situaciju	O=0.9999986886978149|NORM=1.2184084425825858e-06
.	O=0.9999980926513672|NORM=1.536450099592912e-06

neke	O=0.9999934434890747|NORM=6.418473731173435e-06
vređa	O=0.9999938011169434|NORM=6.180670425237622e-06
kada	O=0.9999988079071045|NORM=9.081078928829811e-07
za	O=0.9999979734420776|NORM=1.905747353703191e-06
njih	O=0.9999905824661255|NORM=9.284309271606617e-06
kažu	O=0.9999983310699463|NORM=1.5721846011729212e-06
da	O=0.9999988079071045|NORM=9.718605724629015e-07
su	O=0.9999977350234985|NORM=2.152776460206951e-06
simpatični	O=0.9999932050704956|NORM=6.595166269107722e-06
.	O=0.9999971389770508|NORM=2.57567467087938e-06

ima	O=0.9999982118606567|NORM=1.6730389233998721e-06
li	O=0.9999984502792358|NORM=1.3751982805843e-06
išta	O=0.9999979734420776|NORM=1.905827389236947e-06
morbidnije	O=0.9999961853027344|NORM=3.714582135216915e-06
od	O=0.9999983310699463|NORM=1.5030186659714673e-06
novog	O=0.9999980926513672|NORM=1.6543169749638764e-06
albuma	O=0.9999948740005493|NORM=4.922414518659934e-06
tončija	O=0.9996371269226074|NORM=0.000362742313882336
huljića	O=0.9998950958251953|NORM=0.00010481997742317617
?	O=0.9999974966049194|NORM=2.268742036903859e-06

čoveka	O=0.999996542930603|NORM=3.360009486641502e-06
svog	O=0.9999985694885254|NORM=1.2414726597853587e-06
života	O=0.9999983310699463|NORM=1.5480108004339854e-06
ću	O=0.9999978542327881|NORM=2.068966750812251e-06
sresti	O=0.9999812841415405|NORM=1.8525932318880223e-05
kad	O=0.9999985694885254|NORM=1.0433969919176889e-06
nekom	O=0.9999954700469971|NORM=4.442065346665913e-06
nekromanseru	O=0.9995928406715393|NORM=0.0004068742273375392
dojadi	O=0.9805617928504944|NORM=0.01943753845989704
moja	O=0.9999977350234985|NORM=2.180835963372374e-06
kuknjava	O=0.9990257024765015|NORM=0.0009740752284415066
po	O=0.9999971389770508|NORM=2.79720188700594e-06
tw	O=0.9999585151672363|NORM=4.114056355319917e-05
pa	O=0.9999979734420776|NORM=1.8813186670740834e-06
pozove	O=0.9999381303787231|NORM=6.180876516737044e-05
čoveka	O=0.9999953508377075|NORM=4.5201918510429095e-06
.	O=0.9999949932098389|NORM=4.330444426159374e-06

pa	O=0.9999984502792358|NORM=1.4295859500634833e-06
sreco	NORM=0.9999905824661255|O=6.618379302381072e-06
iz	O=0.9999881982803345|NORM=1.1720600014086813e-05
te	O=0.9999971389770508|NORM=2.734691406658385e-06
tasnice	NORM=0.9996174573898315|O=0.0003821627760771662
ce	NORM=0.9999891519546509|O=4.979093773727072e-06
te	O=0.999997615814209|NORM=2.312501010237611e-06
nesto	NORM=0.999990701675415|O=5.359589522413444e-06
ujesti	O=0.9604650735855103|NORM=0.03953458368778229
jednog	O=0.9999979734420776|NORM=1.7682086763670668e-06
dana	O=0.9999983310699463|NORM=1.2990732329853927e-06
.	O=0.9999961853027344|NORM=3.387472361282562e-06

#štamubi	O=0.9999943971633911|NORM=5.473690634971717e-06
?	O=0.9999955892562866|NORM=4.204155175102642e-06

opis	O=0.9999912977218628|NORM=8.56249789649155e-06
slike	O=0.9999876022338867|NORM=1.2303920811973512e-05
obesila	O=0.9998898506164551|NORM=0.00010998514335369691
mu	O=0.9999969005584717|NORM=3.0489613891404588e-06
se	O=0.9999982118606567|NORM=1.6969077023532009e-06
oko	O=0.9999985694885254|NORM=1.3761904256170965e-06
vrata	O=0.9999972581863403|NORM=2.6404190975881647e-06
on	O=0.9999796152114868|NORM=2.030492942139972e-05
mju	NORM=0.9397802352905273|O=0.06021672114729881
zagrlio	O=0.9999921321868896|NORM=7.814069249434397e-06
radi	O=0.9999973773956299|NORM=2.5969634407374542e-06
reda	O=0.999996542930603|NORM=3.3652622732915916e-06
zatvorila	O=0.9999954700469971|NORM=4.502518095250707e-06
oči	O=0.9999974966049194|NORM=2.3678867364651524e-06
,	O=0.9999961853027344|NORM=3.337035195727367e-06
i	O=0.9999986886978149|NORM=1.212480697176943e-06
nabila	O=0.9999966621398926|NORM=3.227428123864229e-06
njenu	O=0.9999946355819702|NORM=5.284857707010815e-06
facu	O=0.999991774559021|NORM=8.07116612122627e-06
u	O=0.9999933242797852|NORM=6.5905892370210495e-06
njegovu	O=0.9990870952606201|NORM=0.0009125494980253279
.	O=0.999995231628418|NORM=4.118421202292666e-06

a	O=0.9999966621398926|NORM=3.226129365430097e-06
on	O=0.9999809265136719|NORM=1.902055555547122e-05
je	O=0.9999979734420776|NORM=1.9559840893634828e-06
retardinjo	O=0.8646379709243774|NORM=0.13536077737808228
.	O=0.9999971389770508|NORM=2.5987937988247722e-06

kažu	O=0.9999909400939941|NORM=8.391340998059604e-06
"	O=0.999997615814209|NORM=2.1400483092293143e-06
kakve	O=0.9527284502983093|NORM=0.047203026711940765
su	O=0.9999963045120239|NORM=3.675201924124849e-06
ti	O=0.9999985694885254|NORM=1.4084092754274025e-06
misli	O=0.999995231628418|NORM=4.7024700506881345e-06
takav	O=0.9999957084655762|NORM=4.135863491683267e-06
si	O=0.9999983310699463|NORM=1.5681355307606282e-06
i	O=0.9999980926513672|NORM=1.8238142729387619e-06
ti	O=0.9999984502792358|NORM=1.4903669125487795e-06
"	O=0.9999961853027344|NORM=3.677378572319867e-06
...	O=0.9999949932098389|NORM=4.864082711719675e-06

ima	O=0.9999966621398926|NORM=3.276577217548038e-06
lik	O=0.9999974966049194|NORM=2.401723349976237e-06
u	O=0.9999972581863403|NORM=2.696209548957995e-06
pancevu	NORM=0.9420192837715149|O=0.05797974765300751
,	O=0.9999985694885254|NORM=1.295515289712057e-06
matori	O=0.969238817691803|NORM=0.030759865418076515
bajker	O=0.9999969005584717|NORM=3.046383199034608e-06
,	O=0.9999983310699463|NORM=1.47167509112478e-06
inace	NORM=0.9999479055404663|O=5.103406874695793e-05
zaludjen	NORM=0.9997877478599548|O=0.00021183273929636925
amerikom	O=0.9999163150787354|NORM=8.363221422769129e-05
,	O=0.9999982118606567|NORM=1.4518574289468233e-06
cerkama	NORM=0.9999277591705322|O=7.150277815526351e-05
je	O=0.9999980926513672|NORM=1.826338007049344e-06
dao	O=0.9999985694885254|NORM=1.3887007526136586e-06
imena	O=0.9999972581863403|NORM=2.600579364298028e-06
virdzinija	O=0.9996439218521118|NORM=0.00035587538150139153
i	O=0.9999973773956299|NORM=2.4819162263156613e-06
dzordzija	NORM=0.9442095756530762|O=0.05578877776861191
.	O=0.9999979734420776|NORM=1.6744304502935847e-06

u	O=0.9999977350234985|NORM=2.2033068489690777e-06
mortal	O=0.9998303651809692|NORM=0.00016938259068410844
kombatu	O=0.9998620748519897|NORM=0.0001363711926387623
nikad	O=0.9999985694885254|NORM=1.274605779144622e-06
nisam	O=0.9999984502792358|NORM=1.331021962869272e-06
birala	O=0.9999977350234985|NORM=1.997630306505016e-06
shao	O=0.9999561309814453|NORM=4.371552131487988e-05
khan-a	O=0.9999717473983765|NORM=2.8041618861607276e-05
jer	O=0.9999977350234985|NORM=2.006007434829371e-06
mi	O=0.9999983310699463|NORM=1.448444322704745e-06
je	O=0.9999980926513672|NORM=1.860615952864464e-06
delovao	O=0.9999785423278809|NORM=2.1242092770989984e-05
kao	O=0.9999978542327881|NORM=2.0392462829477154e-06
da	O=0.9999982118606567|NORM=1.747803821672278e-06
će	O=0.9999761581420898|NORM=2.375364420004189e-05
da	O=0.9999967813491821|NORM=2.97258293358027e-06
umesto	O=0.999996542930603|NORM=3.1347358344646636e-06
finish	O=0.9999910593032837|NORM=8.763652658672072e-06
move-a	O=0.9999243021011353|NORM=7.550868758698925e-05
zapali	O=0.9999977350234985|NORM=2.170708057747106e-06
negde	O=0.9999969005584717|NORM=3.0280716600827873e-06
na	O=0.9999971389770508|NORM=2.8225140340509824e-06
pivo	O=0.9999608993530273|NORM=3.8904938264749944e-05
i	O=0.9999984502792358|NORM=1.4748252397112083e-06
sjebe	O=0.9999964237213135|NORM=3.5636944630823564e-06
mi	O=0.9999980926513672|NORM=1.7433422954127309e-06
sve	O=0.9999955892562866|NORM=4.1545022213540506e-06
.	O=0.9999974966049194|NORM=2.0517534267128212e-06

gradonacelnika	NORM=0.9999566078186035|O=4.233113213558681e-05
nisa	O=0.9954714775085449|NORM=0.0045259748585522175
,	O=0.9999982118606567|NORM=1.2717010804408346e-06
ministar	O=0.9999988079071045|NORM=9.858273415375152e-07
odbrane	O=0.9999971389770508|NORM=2.46766990130709e-06
shisha	O=0.9999077320098877|NORM=9.19253725442104e-05
!	O=0.9999963045120239|NORM=3.3829885524028214e-06

uzece	NORM=0.999967098236084|O=2.9905089832027443e-05
po	O=0.9999982118606567|NORM=1.7544219872434041e-06
hiljadarku	O=0.9999939203262329|NORM=6.003768703521928e-06
od	O=0.9999986886978149|NORM=1.1748223869290086e-06
svakog	O=0.9999971389770508|NORM=2.726095772231929e-06
?	O=0.9999940395355225|NORM=5.7652291616250295e-06

od	O=0.9999986886978149|NORM=1.1354834441590356e-06
svih	O=0.9999984502792358|NORM=1.335655497314292e-06
svojih	O=0.9999985694885254|NORM=1.3260705600259826e-06
mana	O=0.9999921321868896|NORM=7.798324986652005e-06
najviše	O=0.9999985694885254|NORM=1.268861865355575e-06
volim	O=0.9999986886978149|NORM=1.0877503200390493e-06
to	O=0.9999977350234985|NORM=1.6430304867753875e-06
što	O=0.9999980926513672|NORM=1.6378122609239654e-06
racionalno	O=0.9999978542327881|NORM=2.002047722271527e-06
shvatim	O=0.9999970197677612|NORM=2.5881656711135292e-06
da	O=0.9999988079071045|NORM=1.0456764130140073e-06
se	O=0.9999984502792358|NORM=1.4829009842287633e-06
nekome	O=0.9999984502792358|NORM=1.4159376178213279e-06
prosto	O=0.999995231628418|NORM=4.612175871443469e-06
ne	O=0.9999985694885254|NORM=1.2922207588417223e-06
sviđam	O=0.9999960660934448|NORM=3.683506292873062e-06
.	O=0.9999973773956299|NORM=2.3146451439970406e-06

kad	O=0.9999988079071045|NORM=8.668283726365189e-07
je	O=0.9999681711196899|NORM=3.172990182065405e-05
nsatavak	O=0.8806906938552856|NORM=0.11929313093423843
serije	O=0.9999939203262329|NORM=5.998440883558942e-06
jedva	O=0.9999978542327881|NORM=2.037038257185486e-06
cekam	NORM=0.9998531341552734|O=0.00014588830526918173
!	O=0.9999955892562866|NORM=4.016832008346682e-06

@srdjl	O=0.9999905824661255|NORM=9.304545528721064e-06
hajmo	O=0.9999973773956299|NORM=2.4721505269553745e-06
sad	O=0.9999983310699463|NORM=1.453769641557301e-06
ponovo	O=0.9999984502792358|NORM=1.3496328392648138e-06
.	O=0.9999964237213135|NORM=3.0934318147046724e-06

nije	O=0.9999980926513672|NORM=1.8159036017095787e-06
puno	O=0.999984860420227|NORM=1.5056087249831762e-05
majku	O=0.9999939203262329|NORM=6.0494144236145075e-06
mu	O=0.9999852180480957|NORM=1.4738882782694418e-05
!	O=0.9999948740005493|NORM=4.9218415369978175e-06

ljudi	O=0.9999938011169434|NORM=5.951237653789576e-06
se	O=0.9999953508377075|NORM=4.595623522618553e-06
šetaju	O=0.9999881982803345|NORM=1.1658004950731993e-05
u	O=0.9999983310699463|NORM=1.5913693687252817e-06
kratkim	O=0.9999791383743286|NORM=2.0485340428422205e-05
rukavima	O=0.9999830722808838|NORM=1.6772190065239556e-05
,	O=0.9999984502792358|NORM=1.1717472716554767e-06
a	O=0.9999983310699463|NORM=1.5238484820656595e-06
jedan	O=0.9999983310699463|NORM=1.5535271131739137e-06
čovek	O=0.9999973773956299|NORM=2.580838554422371e-06
je	O=0.9999977350234985|NORM=2.1715343336836668e-06
u	O=0.9999982118606567|NORM=1.6838531564644654e-06
grubin	O=0.9996004700660706|NORM=0.00039954204112291336
sandalama	O=0.9999958276748657|NORM=4.0823347262630705e-06
.	O=0.9999978542327881|NORM=1.8725314703260665e-06

al	NORM=0.9279056191444397|O=0.07072032243013382
je	O=0.999997615814209|NORM=2.3408690594806103e-06
inspekciji	O=0.9999960660934448|NORM=3.850821030937368e-06
,	O=0.9999979734420776|NORM=1.603534883543034e-06
očigledno	O=0.999994158744812|NORM=5.783810593129601e-06
,	O=0.9999980926513672|NORM=1.48895128404547e-06
vučić	O=0.9999935626983643|NORM=6.3332031459140126e-06
uzor	O=0.9999955892562866|NORM=4.287667707103537e-06
i	O=0.9999973773956299|NORM=2.519020654290216e-06
njegovo	O=0.9999898672103882|NORM=1.0064165508083533e-05
čuveno	O=0.9999957084655762|NORM=4.1552552829671185e-06
-	O=0.9999927282333374|NORM=6.8964750425948296e-06
od	O=0.999997615814209|NORM=2.1044761524535716e-06
sutra	O=0.9999974966049194|NORM=2.1285254661052022e-06
počinjemo	O=0.9999971389770508|NORM=2.7219132334721508e-06
da	O=0.9999980926513672|NORM=1.6919675545068458e-06
hapsimo	O=0.9878317713737488|NORM=0.012167710810899734
kriminalce	O=0.9999955892562866|NORM=4.240953785483725e-06
.	O=0.9999977350234985|NORM=1.8996554445038782e-06

danas	O=0.9999984502792358|NORM=1.4778607919652131e-06
povratak	O=0.9999938011169434|NORM=5.944425083725946e-06
u	O=0.9999977350234985|NORM=2.2224203348741867e-06
redovne	O=0.9999935626983643|NORM=6.247205874387873e-06
tokove	O=0.9999967813491821|NORM=3.0860076094541e-06
rada	O=0.9999964237213135|NORM=3.4906427117675776e-06
,	O=0.9999978542327881|NORM=1.6045139545894926e-06
prethodna	O=0.9999964237213135|NORM=3.4761953884299146e-06
tri	O=0.9999971389770508|NORM=2.6895604605670087e-06
dana	O=0.9999985694885254|NORM=1.2855194881922216e-06
su	O=0.9999947547912598|NORM=5.184172096051043e-06
me	O=0.999997615814209|NORM=2.3418494947691215e-06
iscedila	NORM=0.9984061121940613|O=0.001581335673108697
,	O=0.9999973773956299|NORM=1.912787411129102e-06
ali	O=0.9999985694885254|NORM=1.2536845588329015e-06
se	O=0.999997615814209|NORM=2.306331907675485e-06
dosta	O=0.9999983310699463|NORM=1.5325125559684238e-06
toga	O=0.9999986886978149|NORM=1.2500887578426045e-06
naučilo	O=0.9999964237213135|NORM=3.484087528704549e-06
.	O=0.9999977350234985|NORM=2.0021504951728275e-06

osvrni	O=0.9999822378158569|NORM=1.7701928300084546e-05
se	O=0.9999984502792358|NORM=1.4893410025251796e-06
na	O=0.9999984502792358|NORM=1.439350853615906e-06
tvrđavu	O=0.9999881982803345|NORM=1.1612832167884335e-05
gde	O=0.9999979734420776|NORM=1.7716097318043467e-06
si	O=0.9999977350234985|NORM=2.205068540206412e-06
me	O=0.9999983310699463|NORM=1.6015701476135291e-06
ljubio	O=0.9999982118606567|NORM=1.6607588122496963e-06
.	O=0.999997615814209|NORM=2.172024778701598e-06

hvala	O=0.9999939203262329|NORM=5.807398792967433e-06
bogu	O=0.999996542930603|NORM=3.3135374906123616e-06
,	O=0.9999984502792358|NORM=1.0781842547658016e-06
uvek	O=0.9999960660934448|NORM=3.826184638455743e-06
ima	O=0.9999972581863403|NORM=2.6377940685051726e-06
i	O=0.9999972581863403|NORM=2.7108285394206177e-06
dobrih	O=0.9999958276748657|NORM=4.063779215357499e-06
preobražaja	O=0.9999880790710449|NORM=1.1850696864712518e-05
.	O=0.9999978542327881|NORM=1.7773157878764323e-06

rekapitulacija	O=0.9999977350234985|NORM=2.0893460259685526e-06
predjasnjeg	NORM=0.9998735189437866|O=0.00012556037108879536
tvita	O=0.9999934434890747|NORM=6.3292782215285115e-06
:	O=0.9999969005584717|NORM=2.4768100956862327e-06
dajem	O=0.9999850988388062|NORM=1.4844184079265688e-05
decka	NORM=0.9999783039093018|O=1.923267700476572e-05
na	O=0.9999951124191284|NORM=4.871363216807367e-06
moru	O=0.9999779462814331|NORM=2.1984285922371782e-05
za	O=0.9999961853027344|NORM=3.830975401797332e-06
smoki	O=0.8525493144989014|NORM=0.14745007455348969
odmah	O=0.9999963045120239|NORM=3.5941013720730552e-06
.	O=0.9999978542327881|NORM=1.8275154616276268e-06

kad	O=0.9999986886978149|NORM=8.585484465584159e-07
im	O=0.9999979734420776|NORM=1.893484522952349e-06
se	O=0.9999983310699463|NORM=1.5802537518538884e-06
najviše	O=0.9999980926513672|NORM=1.8054117845167639e-06
obraduješ	O=0.9999972581863403|NORM=2.5874876428133575e-06
,	O=0.9999988079071045|NORM=8.91240972578089e-07
oni	O=0.9999967813491821|NORM=3.0533374228980392e-06
se	O=0.999997615814209|NORM=2.3541560949524865e-06
istope	O=0.9999710321426392|NORM=2.8916841984027997e-05
i	O=0.9999988079071045|NORM=1.0984355185428285e-06
nestanu	O=0.9999982118606567|NORM=1.641721837586374e-06
.	O=0.9999979734420776|NORM=1.6275106418106589e-06

ovi	O=0.9999961853027344|NORM=3.698343334690435e-06
napaljeni	O=0.999997615814209|NORM=2.280029775647563e-06
stave	O=0.9999669790267944|NORM=3.2953277695924044e-05
tvit	O=0.9999923706054688|NORM=7.554411240562331e-06
pička	O=0.9993433356285095|NORM=0.0006564186769537628
,	O=0.9999979734420776|NORM=1.3793679727314156e-06
vraćaju	O=0.9999982118606567|NORM=1.6777507880760822e-06
se	O=0.9999985694885254|NORM=1.4236366041586734e-06
tri	O=0.999996542930603|NORM=3.1430786293640267e-06
puta	O=0.9999982118606567|NORM=1.5968468005667091e-06
sami	O=0.9999923706054688|NORM=7.628292223671451e-06
svoj	O=0.9999977350234985|NORM=2.2461033495346783e-06
tvit	O=0.9999940395355225|NORM=5.897986739000771e-06
da	O=0.9999985694885254|NORM=1.2531634183687856e-06
pročitaju	O=0.9999940395355225|NORM=5.911738298891578e-06
ne	O=0.9999969005584717|NORM=2.682940021259128e-06
bi	O=0.9872605800628662|NORM=0.012737765908241272
li	O=0.9999980926513672|NORM=1.7525907196613844e-06
izdrkali	O=0.9995971322059631|NORM=0.00040256240754388273
.	O=0.9999973773956299|NORM=2.1821001610078383e-06

rade	O=0.9999967813491821|NORM=3.172075139445951e-06
šerbedžija	O=0.9999933242797852|NORM=6.681250852125231e-06
u	O=0.9999979734420776|NORM=1.9292988326924387e-06
varioli	O=0.9999862909317017|NORM=1.364678428217303e-05
veri	O=0.9999172687530518|NORM=8.261941547971219e-05
,	O=0.9999982118606567|NORM=1.4225707900550333e-06
ak'	NORM=0.9999805688858032|O=1.0992062016157433e-05
se	O=0.9999980926513672|NORM=1.8922897879747325e-06
ne	O=0.9999979734420776|NORM=1.943147708516335e-06
varam	O=0.9999915361404419|NORM=7.953531167004257e-06
.	O=0.9999982118606567|NORM=1.5215189250739058e-06

moj	O=0.9999984502792358|NORM=1.4015115539223189e-06
obraz	O=0.9999943971633911|NORM=5.408697234088322e-06
je	O=0.9999983310699463|NORM=1.5982013792381622e-06
bar	O=0.9999973773956299|NORM=2.5484418983978685e-06
za	O=0.9999984502792358|NORM=1.4569009181286674e-06
sad	O=0.9999984502792358|NORM=1.3393380413617706e-06
čist	O=0.9999977350234985|NORM=2.1776957055408275e-06
,	O=0.9999983310699463|NORM=1.1886012316608685e-06
dok	O=0.9999982118606567|NORM=1.3329346302271006e-06
ne	O=0.9999979734420776|NORM=1.6886482399058877e-06
otkrijem	O=0.9999985694885254|NORM=1.3151011444278993e-06
pančevački	O=0.9999370574951172|NORM=6.228272104635835e-05
s	O=0.9999985694885254|NORM=1.28763474549487e-06
gašom	O=0.9999806880950928|NORM=1.9115128452540375e-05
.	O=0.9999977350234985|NORM=1.7581410247657914e-06

@redinmind	O=0.9999971389770508|NORM=2.6623815756465774e-06
nemam	O=0.9999960660934448|NORM=3.639248916442739e-06
bolji	O=0.9999943971633911|NORM=5.424622941063717e-06
predlog	O=0.9999954700469971|NORM=4.2854721868934575e-06
.	O=0.9999973773956299|NORM=2.2596555027121212e-06

'	O=0.9999959468841553|NORM=3.759607807296561e-06
nisam	O=0.9999970197677612|NORM=2.748453880485613e-06
,	O=0.9999979734420776|NORM=1.3105856169204344e-06
moram	O=0.9999980926513672|NORM=1.7506964695712668e-06
u	O=0.9999983310699463|NORM=1.5036753211461473e-06
wc	O=0.9999793767929077|NORM=2.027539630944375e-05
(	O=0.9999978542327881|NORM=1.7575362107891124e-06
neću	O=0.9999963045120239|NORM=3.5726811802305747e-06
,	O=0.9999983310699463|NORM=1.1837573765660636e-06
ugušićeš	O=0.999880313873291|NORM=0.00011949823965551332
se	O=0.9999979734420776|NORM=2.0247630345693324e-06
od	O=0.9999985694885254|NORM=1.2755227771776845e-06
mirisa	O=0.9999948740005493|NORM=5.037415576225612e-06
cigara	O=0.9999929666519165|NORM=6.8788599492108915e-06
na	O=0.9999988079071045|NORM=1.0484063750482164e-06
meni	O=0.9999977350234985|NORM=2.036925252468791e-06
)	O=0.9999967813491821|NORM=2.851370027201483e-06
'	O=0.9999943971633911|NORM=5.31106888956856e-06
.	O=0.9999979734420776|NORM=1.4718289094162174e-06

hajde	O=0.9999762773513794|NORM=2.3357830286840908e-05
sisetine	NORM=0.999915599822998|O=8.307999087264761e-05
novinarske	O=0.9999231100082397|NORM=7.67472229199484e-05
,	O=0.9999986886978149|NORM=1.0364044555899454e-06
jel	NORM=0.9999849796295166|O=8.725329280423466e-06
kriv	O=0.9999961853027344|NORM=3.729141781150247e-06
selektor	O=0.9999969005584717|NORM=3.015406264239573e-06
,	O=0.9999986886978149|NORM=1.077249294212379e-06
igraci	NORM=0.9999608993530273|O=3.7350557249737903e-05
?	O=0.999997615814209|NORM=2.1803180061397143e-06

neki	O=0.9999977350234985|NORM=2.135253680535243e-06
su	O=0.9999983310699463|NORM=1.5657535641366849e-06
opravdali	O=0.9999970197677612|NORM=2.7144571959070163e-06
odsustvo	O=0.8777759671211243|NORM=0.12217406928539276
(	O=0.9999967813491821|NORM=2.881403588617104e-06
npr.	O=0.999994158744812|NORM=5.697997949027922e-06
zbog	O=0.9999984502792358|NORM=1.4526443692375324e-06
službenog	O=0.9999978542327881|NORM=2.059179905700148e-06
putovanja	O=0.9999943971633911|NORM=5.397062977863243e-06
ili	O=0.999994158744812|NORM=5.390878413891187e-06
bolesti	O=0.9999966621398926|NORM=3.17149988404708e-06
)	O=0.9999954700469971|NORM=4.293924121157033e-06
.	O=0.9999978542327881|NORM=1.7900874809129164e-06

@smslavisa	O=0.9999939203262329|NORM=5.91176012676442e-06
@astrapa175	O=0.9999970197677612|NORM=2.8151587230240693e-06
bosanac	O=0.999996542930603|NORM=3.3955204798985505e-06
je	O=0.9999988079071045|NORM=1.146431941378978e-06
bio	O=0.9999982118606567|NORM=1.6293079170281999e-06
geografski	O=0.9999983310699463|NORM=1.562617967465485e-06
pojam	O=0.9999973773956299|NORM=2.489373855496524e-06
,	O=0.999997615814209|NORM=1.770953758750693e-06
moj	O=0.9999972581863403|NORM=2.6295481347915484e-06
tata	O=0.9999957084655762|NORM=4.054190867464058e-06
je	O=0.9999986886978149|NORM=1.2610472595042665e-06
za	O=0.9999974966049194|NORM=2.351727971472428e-06
sebe	O=0.9999977350234985|NORM=2.15577188100724e-06
govorio	O=0.9999986886978149|NORM=1.1620348914220813e-06
da	O=0.9999985694885254|NORM=1.2032492122671101e-06
je	O=0.9999985694885254|NORM=1.3090312904751045e-06
bosanac	O=0.9999982118606567|NORM=1.6965582290140446e-06
iz	O=0.999997615814209|NORM=2.251601927127922e-06
doboja	O=0.9724147915840149|NORM=0.027579812332987785
.	O=0.9999977350234985|NORM=1.9045531871597632e-06

kada	O=0.9999985694885254|NORM=9.475282354287629e-07
ti	O=0.9999977350234985|NORM=2.095967829518486e-06
zaposleni	O=0.9999912977218628|NORM=8.36329400044633e-06
u	O=0.9999964237213135|NORM=3.5492560073180357e-06
pošti	O=0.9806646108627319|NORM=0.01932615414261818
"	O=0.9999973773956299|NORM=2.2868891846883344e-06
savetuju	O=0.9999840259552002|NORM=1.5641051504644565e-05
"	O=0.9999936819076538|NORM=5.952133051323472e-06
da	O=0.9999984502792358|NORM=1.3090324273434817e-06
uzmeš	O=0.9999939203262329|NORM=5.873277586943004e-06
bilo	O=0.999990701675415|NORM=8.94052027433645e-06
čiji	O=0.9999963045120239|NORM=3.547685309968074e-06
net	O=0.9999678134918213|NORM=3.211530565749854e-05
osim	O=0.9999978542327881|NORM=1.9261588022345677e-06
njihovog	O=0.9999977350234985|NORM=2.142071934940759e-06
onda	O=0.9999986886978149|NORM=1.0970618404826382e-06
znaš	O=0.9999972581863403|NORM=2.3458117084373953e-06
koliko	O=0.9999977350234985|NORM=1.996459104702808e-06
je	O=0.9999977350234985|NORM=2.2488361537398305e-06
sati	O=0.9999948740005493|NORM=4.984975930710789e-06
.	O=0.9999972581863403|NORM=2.3343700377154164e-06

u	O=0.9999953508377075|NORM=4.599218755174661e-06
uskoro	O=0.9999333620071411|NORM=6.655594188487157e-05
!	O=0.999985933303833|NORM=1.3752329323324375e-05
popboksovoj	O=0.9998427629470825|NORM=0.00015706004342064261
sekciji	O=0.9999969005584717|NORM=2.9264028853503987e-06
nema	O=0.9999973773956299|NORM=2.4629966901557054e-06
mesta	O=0.9999957084655762|NORM=4.215799435769441e-06
za	O=0.9999979734420776|NORM=2.0148715975665255e-06
calexico	O=0.9585620164871216|NORM=0.0414358451962471
,	O=0.9999955892562866|NORM=3.643716581791523e-06
što	O=0.9999971389770508|NORM=2.4501200641680043e-06
je	O=0.9999983310699463|NORM=1.533309273327177e-06
potpuno	O=0.9999985694885254|NORM=1.23134179830231e-06
razumljivo	O=0.9999957084655762|NORM=3.849394943244988e-06
s	O=0.9999970197677612|NORM=2.8418799047358334e-06
obzirom	O=0.999995231628418|NORM=4.6963300519564655e-06
na	O=0.9999972581863403|NORM=2.6522197913436685e-06
zabranjeno	O=0.9999974966049194|NORM=2.3265515665116254e-06
pušenje	O=0.9999877214431763|NORM=1.20075601444114e-05
,	O=0.9999967813491821|NORM=2.875454811146483e-06
dragoljuba	O=0.9999828338623047|NORM=1.7152089640148915e-05
đuričića	O=0.9999932050704956|NORM=6.741579909430584e-06
,	O=0.9999974966049194|NORM=2.3173265617515426e-06
zaz	NORM=0.9698315262794495|O=0.030159521847963333
...	O=0.999373733997345|NORM=0.0006257849163375795

izgleda	O=0.9999983310699463|NORM=1.5006082776380936e-06
da	O=0.9999982118606567|NORM=1.6153386468431563e-06
ne	O=0.999997615814209|NORM=2.3095674350770423e-06
vazi	NORM=0.9999821186065674|O=1.6344585674232803e-05
samo	O=0.9999946355819702|NORM=5.039529241912533e-06
za	O=0.9999969005584717|NORM=3.0041428544791415e-06
zene	NORM=0.9999847412109375|O=1.2751359463436529e-05
da	O=0.9999982118606567|NORM=1.6721202200642438e-06
opanak	O=0.9999916553497314|NORM=8.182638339349069e-06
dobija	O=0.9999980926513672|NORM=1.7531624507682864e-06
stiklu	NORM=0.7216365933418274|O=0.27836090326309204
.	O=0.9999980926513672|NORM=1.5980484704414266e-06

bacevic	NORM=0.9999712705612183|O=2.5900881155394018e-05
kaze	NORM=0.99998939037323|O=7.360007657553069e-06
da	O=0.9999974966049194|NORM=2.2139558950584615e-06
bi	O=0.7449053525924683|NORM=0.255093514919281
potopio	O=0.999985933303833|NORM=1.406859064445598e-05
grdelicku	NORM=0.9941283464431763|O=0.005870846565812826
klisuru	O=0.9999741315841675|NORM=2.57899628195446e-05
.	O=0.9999974966049194|NORM=2.1812743398186285e-06

@pakleneulice	O=0.9999895095825195|NORM=1.0329862561775371e-05
isto	O=0.9999967813491821|NORM=3.1415183912031353e-06
bi	O=0.999997615814209|NORM=2.3919133127492387e-06
bilo	O=0.9999977350234985|NORM=2.0423756268428406e-06
da	O=0.999997615814209|NORM=2.039996616076678e-06
su	O=0.9999970197677612|NORM=2.8860190468549263e-06
mlatili	O=0.9999971389770508|NORM=2.838126192727941e-06
o	O=0.9999964237213135|NORM=3.535856876624166e-06
bilo	O=0.9999809265136719|NORM=1.867416540335398e-05
kom	O=0.9999946355819702|NORM=5.254162260825979e-06
detetu	O=0.9999973773956299|NORM=2.5660447136033326e-06
neprestano	O=0.9999980926513672|NORM=1.8372178374193027e-06
dva	O=0.9999978542327881|NORM=1.7971622128243325e-06
dana	O=0.9999985694885254|NORM=1.2545673371278099e-06
.	O=0.9999977350234985|NORM=1.9708636500581633e-06

ovi	O=0.9999974966049194|NORM=2.3343927750829607e-06
bolovi	O=0.9999958276748657|NORM=4.047665697726188e-06
u	O=0.9999984502792358|NORM=1.4175006981531624e-06
mojoj	O=0.999997615814209|NORM=2.3444461021426832e-06
glavi	O=0.9999945163726807|NORM=5.336688900570152e-06
izazvani	O=0.999991774559021|NORM=8.09877019491978e-06
nedostatkom	O=0.9999971389770508|NORM=2.7876999411091674e-06
sexa	O=0.9999061822891235|NORM=9.378246613778174e-05
odma	NORM=0.999976634979248|O=1.6988149582175538e-05
sada	O=0.9999977350234985|NORM=2.1263165308482712e-06
da	O=0.9999958276748657|NORM=4.088143668923294e-06
prestanu	O=0.9999961853027344|NORM=3.7510421861952636e-06
,	O=0.9999978542327881|NORM=1.5930753534121322e-06
pocecu	NORM=0.999976634979248|O=1.2144820175308269e-05
da	O=0.9999984502792358|NORM=1.4282504707807675e-06
se	O=0.9999979734420776|NORM=1.9288902421976672e-06
nabijam	O=0.999976634979248|NORM=2.327183392480947e-05
na	O=0.9999980926513672|NORM=1.856050630522077e-06
bilo	O=0.9999967813491821|NORM=3.1082838631846244e-06
koji	O=0.9999977350234985|NORM=2.122450950992061e-06
kurac	O=0.9999910593032837|NORM=8.942339263739996e-06
.	O=0.9999977350234985|NORM=1.787565906852251e-06

stvarno	O=0.9999984502792358|NORM=1.4324874655358144e-06
sam	O=0.9999986886978149|NORM=1.1683733873724123e-06
negativna	O=0.9999947547912598|NORM=5.228884674579604e-06
previse	NORM=0.9999831914901733|O=1.520678688393673e-05
.	O=0.9999967813491821|NORM=2.9738985176663846e-06

kaze	NORM=0.9999904632568359|O=4.928057023789734e-06
'	O=0.9996920824050903|NORM=0.00030778234940953553
kada	O=0.9999982118606567|NORM=1.233635657627019e-06
budemo	O=0.9997088313102722|NORM=0.00029082989203743637
radili	O=0.9999926090240479|NORM=7.2225161602545995e-06
novu	O=0.9999964237213135|NORM=3.401244157430483e-06
lekciju	O=0.999997615814209|NORM=2.3392244656861294e-06
ja	O=0.9999980926513672|NORM=1.7686203364064568e-06
cu	NORM=0.9999786615371704|O=1.6299869457725435e-05
samo	O=0.9999978542327881|NORM=2.0088218661840074e-06
naslov	O=0.9999969005584717|NORM=2.991651854244992e-06
napisati	O=0.9999971389770508|NORM=2.74679541689693e-06
na	O=0.9999983310699463|NORM=1.5261244925568462e-06
tabli	O=0.9997829794883728|NORM=0.00021675984316971153
,	O=0.9999971389770508|NORM=2.493892907295958e-06
a	O=0.9999977350234985|NORM=2.006746171900886e-06
od	O=0.9999969005584717|NORM=2.9084708330628928e-06
vas	O=0.9999902248382568|NORM=9.683380085334647e-06
ocekujem	NORM=0.9999877214431763|O=9.597833923180588e-06
sledeci	NORM=0.9999527931213379|O=4.603035995387472e-05
cas	NORM=0.9999854564666748|O=1.2741570571961347e-05
celu	O=0.9999974966049194|NORM=2.4655278139107395e-06
napisanu	O=0.9999872446060181|NORM=1.2661320397455711e-05
lekciju	O=0.9999974966049194|NORM=2.4367732294194866e-06
..	O=0.9999951124191284|NORM=4.747027560370043e-06

da	O=0.9999958276748657|NORM=4.094741598237306e-06
,	O=0.9999984502792358|NORM=1.3078232541374746e-06
pala	O=0.9999966621398926|NORM=3.1937661333358847e-06
je	O=0.9999984502792358|NORM=1.4794429716857849e-06
kiša	O=0.9999984502792358|NORM=1.378395495521545e-06
.	O=0.999997615814209|NORM=1.998298785110819e-06

drugari	O=0.9999971389770508|NORM=2.7917228635487845e-06
od	O=0.9999980926513672|NORM=1.6440185390820261e-06
ponedeljka	O=0.9999949932098389|NORM=4.9490613491798285e-06
smo	O=0.9999978542327881|NORM=2.0081017737538787e-06
na	O=0.999998927116394|NORM=9.824983635553508e-07
odmoru	O=0.9999932050704956|NORM=6.511656920338282e-06
,	O=0.9999984502792358|NORM=1.131661633735348e-06
pisemo	NORM=0.9999531507492065|O=4.482993972487748e-05
vam	O=0.9999959468841553|NORM=3.970062607550062e-06
kad	O=0.9999986886978149|NORM=1.1352290130162146e-06
se	O=0.9999983310699463|NORM=1.618003011572e-06
vratimo	O=0.9999974966049194|NORM=2.298538902323344e-06
:)	O=0.9999957084655762|NORM=3.546512743923813e-06

inače	O=0.9999973773956299|NORM=2.507233602955239e-06
,	O=0.9999978542327881|NORM=1.9322151274536736e-06
do	O=0.9999985694885254|NORM=1.2653116527872044e-06
pijace	O=0.9999754428863525|NORM=2.445301834086422e-05
vodi	O=0.9999977350234985|NORM=2.0859295091213426e-06
jedna	O=0.9999986886978149|NORM=1.1914695505765849e-06
dugačka	O=0.999993085861206|NORM=6.699445293634199e-06
ulica	O=0.9999983310699463|NORM=1.59335888838541e-06
a	O=0.9999986886978149|NORM=1.195604795611871e-06
na	O=0.999998927116394|NORM=9.967378673536587e-07
kraju	O=0.9999985694885254|NORM=1.2752295788232004e-06
ulice	O=0.9999969005584717|NORM=3.059310074604582e-06
je	O=0.9999988079071045|NORM=1.133865680458257e-06
most	O=0.9999977350234985|NORM=2.1190107872826047e-06
.	O=0.9999979734420776|NORM=1.7843829027697211e-06

ni	O=0.9999977350234985|NORM=2.1579030544671696e-06
obraz	O=0.9999946355819702|NORM=5.258282726572361e-06
.	O=0.9999961853027344|NORM=3.621163614297984e-06

#kodsebecenim	O=0.9999781847000122|NORM=2.1629775801557116e-05
-	O=0.9999955892562866|NORM=3.94154449168127e-06
sto	NORM=0.9999889135360718|O=5.646970748784952e-06
postujem	NORM=0.9997797608375549|O=0.00021951324015390128
i	O=0.9999871253967285|NORM=1.2853385669586714e-05
starije	O=0.9998646974563599|NORM=0.0001350076636299491
kao	O=0.999987006187439|NORM=1.2820256415579934e-05
i	O=0.9999984502792358|NORM=1.4058059605304152e-06
mladje	O=0.8494391441345215|NORM=0.1505603790283203
od	O=0.9999971389770508|NORM=2.8103520435251994e-06
sebe	O=0.9999966621398926|NORM=3.2676089176675305e-06
-	O=0.9999942779541016|NORM=5.446503109851619e-06
sto	NORM=0.9999884366989136|O=6.0103584473836236e-06
mogu	O=0.9999850988388062|NORM=1.4812294466537423e-05
da	O=0.9999983310699463|NORM=1.4657809970231028e-06
unistim	O=0.9999316930770874|NORM=6.731982284691185e-05
zivot	NORM=0.9999920129776001|O=4.33828563473071e-06
bilo	O=0.9999980926513672|NORM=1.681773028394673e-06
kome	O=0.9999977350234985|NORM=2.196915602326044e-06
,	O=0.999997615814209|NORM=2.063783540506847e-06
bilo	O=0.9999971389770508|NORM=2.7615358249022393e-06
kad	O=0.9999985694885254|NORM=1.2029622666887008e-06
-	O=0.9999896287918091|NORM=1.011872063827468e-05
sto	NORM=0.9999892711639404|O=5.428782060334925e-06
sam	O=0.9999959468841553|NORM=3.831398316833656e-06
jednostavno	O=0.9999951124191284|NORM=4.513685780693777e-06
savrsen	NORM=0.9999802112579346|O=1.8482007362763397e-05

dragi	O=0.9999938011169434|NORM=6.122719241830055e-06
muškarci	O=0.9999966621398926|NORM=3.1977249363990268e-06
,	O=0.9999980926513672|NORM=1.2986171213924536e-06
kad	O=0.9999982118606567|NORM=1.3126498288329458e-06
već	O=0.9999982118606567|NORM=1.6289535551550216e-06
nosite	O=0.9999963045120239|NORM=3.586965476642945e-06
šuškave	O=0.999984622001648|NORM=1.525599327578675e-05
šortseve	O=0.6275046467781067|NORM=0.37248921394348145
van	O=0.9999957084655762|NORM=4.261269623384578e-06
plaže	O=0.9999898672103882|NORM=9.95914979284862e-06
,	O=0.9999985694885254|NORM=1.0422631930850912e-06
obucite	O=0.9999971389770508|NORM=2.736112946877256e-06
ispod	O=0.999997615814209|NORM=2.2440283373725833e-06
njih	O=0.9999934434890747|NORM=6.406842203432461e-06
i	O=0.9999974966049194|NORM=2.4547423436160898e-06
neke	O=0.9999983310699463|NORM=1.594209948052594e-06
gaće	O=0.9999974966049194|NORM=2.383251057835878e-06
.	O=0.9999967813491821|NORM=2.817792847054079e-06

da	O=0.9999980926513672|NORM=1.7005882000376005e-06
li	O=0.9999979734420776|NORM=1.949642637555371e-06
se	O=0.9999984502792358|NORM=1.4731551800650777e-06
fakultet	O=0.9999884366989136|NORM=1.1163854651385918e-05
na	O=0.9999978542327881|NORM=1.9972401332779555e-06
kome	O=0.9990459084510803|NORM=0.0009534576092846692
je	O=0.9999984502792358|NORM=1.425064056093106e-06
tomislav	O=0.9999964237213135|NORM=3.5214709441788727e-06
nikolić	O=0.9999979734420776|NORM=2.008213186854846e-06
postao	O=0.9999979734420776|NORM=1.9057038116443437e-06
master	O=0.9999954700469971|NORM=4.4282301132625435e-06
reklamira	O=0.9999876022338867|NORM=1.2249817700649146e-05
kao	O=0.9999985694885254|NORM=1.2991899893677328e-06
fakultet	O=0.9999943971633911|NORM=5.376652097766055e-06
na	O=0.9999985694885254|NORM=1.3696921996597666e-06
kome	O=0.9992979764938354|NORM=0.0007016340387053788
je	O=0.9999985694885254|NORM=1.3194617167755496e-06
tomislav	O=0.9999960660934448|NORM=3.824101895588683e-06
nikolić	O=0.9999980926513672|NORM=1.8007689277510508e-06
postao	O=0.9999985694885254|NORM=1.3122798918629996e-06
master	O=0.9999964237213135|NORM=3.5426276099315146e-06
?	O=0.9999973773956299|NORM=2.3722800506220665e-06

muvanje	O=0.9728193879127502|NORM=0.027179986238479614
mentionima	O=0.9984879493713379|NORM=0.0015119920717552304
beznadezan	NORM=0.8883707523345947|O=0.11162731051445007
slucaj	NORM=0.9998457431793213|O=0.00015374091162811965
k'o	NORM=0.9999643564224243|O=2.0558978576445952e-05
karleusa	O=0.945397675037384|NORM=0.05459808185696602
kad	O=0.9999984502792358|NORM=1.254086214430572e-06
taguje	O=0.9999529123306274|NORM=4.702286605606787e-05
kreatore	O=0.9999775886535645|NORM=2.2194963094079867e-05
na	O=0.9999984502792358|NORM=1.4279181641541072e-06
svojim	O=0.9999974966049194|NORM=2.318425003977609e-06
slikama	O=0.9999951124191284|NORM=4.813792202185141e-06
ne	O=0.999997615814209|NORM=2.217383553215768e-06
bi	O=0.9208047986030579|NORM=0.079193614423275
li	O=0.9999967813491821|NORM=3.113060074610985e-06
je	O=0.9999891519546509|NORM=1.0818684131663758e-05
zapratili	O=0.9999933242797852|NORM=6.603159363294253e-06
.	O=0.999997615814209|NORM=2.1852931695320876e-06

ljubim	O=0.9999977350234985|NORM=1.9581445940275444e-06
maju	O=0.9929443001747131|NORM=0.007049165200442076
i	O=0.9999978542327881|NORM=1.996000491999439e-06
nenada	O=0.9999750852584839|NORM=2.4796903744572774e-05
sto	NORM=0.99998939037323|O=5.408154265751364e-06
nisu	O=0.9999963045120239|NORM=3.6387186810316052e-06
nalik	O=0.9999759197235107|NORM=2.395935371168889e-05
njima	O=0.9999973773956299|NORM=2.4404009764111834e-06
,	O=0.9999984502792358|NORM=1.0904973350989167e-06
ne	O=0.999998927116394|NORM=8.926276109377795e-07
znam	O=0.9999983310699463|NORM=1.4219631339074112e-06
sta	NORM=0.999987006187439|O=5.617616807285231e-06
bih	O=0.9999634027481079|NORM=3.6519955756375566e-05
onda	O=0.9999983310699463|NORM=1.4811791970714694e-06
!	O=0.9999973773956299|NORM=2.3592217530676862e-06

malo	O=0.9999953508377075|NORM=4.613408236764371e-06
je	O=0.9999966621398926|NORM=3.241555532440543e-06
reci	NORM=0.9998297691345215|O=0.00016912570572458208
da	O=0.9999982118606567|NORM=1.640413415771036e-06
umirem	O=0.9999961853027344|NORM=3.7693989725084975e-06
od	O=0.9999983310699463|NORM=1.571836719449493e-06
bolova	O=0.999996542930603|NORM=3.4313645755901234e-06
..	O=0.9999957084655762|NORM=4.0903814806370065e-06

ja	O=0.9999984502792358|NORM=1.4865229331917362e-06
se	O=0.9999980926513672|NORM=1.7494929807071458e-06
time	O=0.9999979734420776|NORM=1.8405091850581812e-06
ne	O=0.9999986886978149|NORM=1.108785340875329e-06
bavim	O=0.9999985694885254|NORM=1.2625019962797523e-06
.	O=0.9999972581863403|NORM=2.5165231818391476e-06

nama	O=0.999997615814209|NORM=2.1264825136313448e-06
studentima	O=0.9999980926513672|NORM=1.8229620764032006e-06
je	O=0.9999980926513672|NORM=1.7847830804385012e-06
sigurno	O=0.9999948740005493|NORM=5.065144250693265e-06
najviše	O=0.9999961853027344|NORM=3.727065177372424e-06
laknulo	O=0.9999963045120239|NORM=3.597908062147326e-06
što	O=0.9999951124191284|NORM=4.6915397433622275e-06
obradović	O=0.9999731779098511|NORM=2.669173409231007e-05
neće	O=0.9999974966049194|NORM=2.36846267398505e-06
podneti	O=0.9999978542327881|NORM=2.1218033907643985e-06
ostavku	O=0.9999947547912598|NORM=5.169513769942569e-06
...	O=0.9999939203262329|NORM=5.8361474657431245e-06

plus	O=0.9999815225601196|NORM=1.834659997257404e-05
je	O=0.9999967813491821|NORM=3.1367642350232927e-06
flafi	O=0.9999946355819702|NORM=5.294957190926652e-06

legle	O=0.999967098236084|NORM=3.2903000828810036e-05
cizme	O=0.5486360788345337|NORM=0.45135965943336487
,	O=0.9999988079071045|NORM=9.612464282326982e-07
torba	O=0.9999964237213135|NORM=3.5348050460015656e-06
,	O=0.9999988079071045|NORM=9.881598543870496e-07
esarpa	O=0.9999868869781494|NORM=1.3087607840134297e-05
i	O=0.9999986886978149|NORM=1.1852455372718396e-06
2	O=0.9999983310699463|NORM=1.4571953670383664e-06
knjge	NORM=0.9947528839111328|O=0.005245784763246775
.	O=0.9999967813491821|NORM=2.8480326363933273e-06

devojka	O=0.9999978542327881|NORM=2.025691856033518e-06
i	O=0.9999988079071045|NORM=1.1282652394584147e-06
dečko	O=0.9999499320983887|NORM=4.937842095387168e-05
posle	O=0.9999986886978149|NORM=1.2173677532700822e-06
raskida	O=0.9999973773956299|NORM=2.458570406815852e-06
ne	O=0.9999980926513672|NORM=1.7271215710934484e-06
mogu	O=0.9999923706054688|NORM=7.376233497780049e-06
da	O=0.9999983310699463|NORM=1.5529643633271917e-06
ostanu	O=0.9999973773956299|NORM=2.4910932552302256e-06
prijatelji	O=0.9999942779541016|NORM=5.568611413764302e-06
jer	O=0.9999974966049194|NORM=2.2822855498816352e-06
će	O=0.9999518394470215|NORM=4.813618943444453e-05
jedna	O=0.9999963045120239|NORM=3.662333028842113e-06
strana	O=0.9999934434890747|NORM=6.516168468806427e-06
uvek	O=0.999997615814209|NORM=2.3646889530937187e-06
osećati	O=0.9999979734420776|NORM=1.9469912331260275e-06
nešto	O=0.9999969005584717|NORM=3.0192620670277392e-06
i	O=0.9999972581863403|NORM=2.634985548866098e-06
ono	O=0.9919008612632751|NORM=0.008097863756120205
možemo	O=0.9999698400497437|NORM=2.979085547849536e-05
da	O=0.9999982118606567|NORM=1.5765745047247037e-06
budemo	O=0.9999890327453613|NORM=1.0745593499450479e-05
prijatelji	O=0.9999899864196777|NORM=9.94310357782524e-06
izgovor	O=0.9916438460350037|NORM=0.008353719487786293

udave	O=0.9143628478050232|NORM=0.08563601225614548
me	O=0.9999960660934448|NORM=3.7976108160364674e-06
preko	O=0.999995231628418|NORM=4.602017725119367e-06
moba	O=0.9998247027397156|NORM=0.00017502960690762848
pa	O=0.9999982118606567|NORM=1.7025454326358158e-06
kad	O=0.9999986886978149|NORM=9.212110398948425e-07
prekinem	O=0.999997615814209|NORM=2.23958159040194e-06
vezu	O=0.9999933242797852|NORM=6.577904969162773e-06
kažem	O=0.9999980926513672|NORM=1.6922613212955184e-06
"	O=0.9999978542327881|NORM=1.7525834437037702e-06
puši	O=0.9999970197677612|NORM=2.970650939460029e-06
kurac	O=0.999992847442627|NORM=6.969150035729399e-06
bre	O=0.9999953508377075|NORM=4.469327905098908e-06
"	O=0.9999951124191284|NORM=4.399994850246003e-06
i	O=0.9999986886978149|NORM=1.1850261216750368e-06
onda	O=0.9999986886978149|NORM=1.0810551884787856e-06
premrem	O=0.9999425411224365|NORM=5.6626260629855096e-05
pri	O=0.9999986886978149|NORM=1.2159522384536103e-06
pomisli	O=0.9999974966049194|NORM=2.3466736820410006e-06
da	O=0.9999986886978149|NORM=1.2120367500756402e-06
možda	O=0.9999966621398926|NORM=3.122562702628784e-06
nisam	O=0.9999979734420776|NORM=1.8286173144588247e-06
dobro	O=0.9999953508377075|NORM=4.4415355660021305e-06
pritisnula	O=0.9999977350234985|NORM=2.1918096990702907e-06
crvenu	O=0.9999967813491821|NORM=3.089296797043062e-06
slušalicu	O=0.9999958276748657|NORM=4.0355243982048705e-06
.	O=0.9999932050704956|NORM=5.380692982726032e-06

ftb	O=0.9971432089805603|NORM=0.0028562406077980995
je	O=0.9999984502792358|NORM=1.5357650227088016e-06
opština	O=0.9999983310699463|NORM=1.6028093341446947e-06
u	O=0.9999984502792358|NORM=1.4536047956426046e-06
kojoj	O=0.9999977350234985|NORM=2.1483485852513695e-06
na	O=0.9999982118606567|NORM=1.6899422234928352e-06
lokalu	O=0.9999949932098389|NORM=4.981854090146953e-06
pobedjuje	NORM=0.9999854564666748|O=9.36754349822877e-06
rojalstička	O=0.9968611001968384|NORM=0.0031385067850351334
grupa	O=0.9999982118606567|NORM=1.7004523442665231e-06
gradjana	NORM=0.999968409538269|O=2.9222797820693813e-05
.	O=0.9999966621398926|NORM=3.0355506623891415e-06

ministar	O=0.9999954700469971|NORM=4.328584054746898e-06
sa	O=0.9999963045120239|NORM=3.473007382126525e-06
najvecim	NORM=0.9999898672103882|O=7.954366992635187e-06
m....	O=0.9861423373222351|NORM=0.013856006786227226
u	O=0.9999986886978149|NORM=1.1343749974912498e-06
vladi	O=0.9999967813491821|NORM=3.116422703897115e-06
.	O=0.999997615814209|NORM=2.236966793134343e-06

koja	O=0.9999980926513672|NORM=1.7552384861119208e-06
je	O=0.9999980926513672|NORM=1.8880518837249838e-06
fora	O=0.99998939037323|NORM=1.0530485269555356e-05
da	O=0.9999979734420776|NORM=1.8457948272043723e-06
stavis	NORM=0.9999889135360718|O=6.262948772928212e-06
da	O=0.9999963045120239|NORM=3.6330702641862445e-06
si	O=0.9999973773956299|NORM=2.5168210413539782e-06
sa	O=0.9999983310699463|NORM=1.3989728131491574e-06
nekim	O=0.9999974966049194|NORM=2.2785295641369885e-06
likom	O=0.999995231628418|NORM=4.616990281647304e-06
il'	NORM=0.9999080896377563|O=8.928309398470446e-05
likusom	NORM=0.981631875038147|O=0.018367186188697815
u	O=0.9999974966049194|NORM=2.420347982479143e-06
kaficu	NORM=0.9998247027397156|O=0.00017393287271261215
,	O=0.9999971389770508|NORM=2.2836779862700496e-06
a	O=0.9999985694885254|NORM=1.2610195199158625e-06
pritom	O=0.9999979734420776|NORM=1.9081696791545255e-06
sedite	O=0.9999971389770508|NORM=2.7305502499075374e-06
jedno	O=0.9999843835830688|NORM=1.54015033331234e-05
pored	O=0.9999982118606567|NORM=1.6409501313319197e-06
drugog	O=0.999997615814209|NORM=2.1688867946068058e-06
i	O=0.9999986886978149|NORM=1.209979814120743e-06
dopisujete	O=0.999995231628418|NORM=4.672331670008134e-06
se	O=0.9999980926513672|NORM=1.8268258372700075e-06
preko	O=0.9999983310699463|NORM=1.5458982716154424e-06
komentara	O=0.9999939203262329|NORM=5.914794201089535e-06
?	O=0.9999972581863403|NORM=2.5096207991737174e-06

student	O=0.9999963045120239|NORM=3.514857553454931e-06
,	O=0.999997615814209|NORM=1.9864633031829726e-06
ne	O=0.9999984502792358|NORM=1.4307643141364679e-06
radi	O=0.9999982118606567|NORM=1.5667257002860424e-06
nigde	O=0.9999972581863403|NORM=2.5228307549696183e-06
,	O=0.9999979734420776|NORM=1.5776722648297437e-06
prenosi	O=0.9999949932098389|NORM=4.960302248946391e-06
svake	O=0.9999982118606567|NORM=1.5860965731917531e-06
godine	O=0.9999982118606567|NORM=1.6261333257716615e-06
par	O=0.9999978542327881|NORM=2.026601805482642e-06
ispita	O=0.9999940395355225|NORM=5.790443992736982e-06
...	O=0.999993085861206|NORM=6.517682777484879e-06

kad	O=0.9999988079071045|NORM=9.165203209704487e-07
izgubite	O=0.9999983310699463|NORM=1.509503022134595e-06
sposobnost	O=0.9999864101409912|NORM=1.3176004358683713e-05
da	O=0.9999985694885254|NORM=1.2826416195821366e-06
se	O=0.9999980926513672|NORM=1.8153720020563924e-06
na	O=0.9999983310699463|NORM=1.506184162280988e-06
nekoga	O=0.9999959468841553|NORM=3.914775788871339e-06
ili	O=0.9999932050704956|NORM=6.378990747180069e-06
na	O=0.9999988079071045|NORM=1.1219133284612326e-06
nešto	O=0.9999973773956299|NORM=2.4343830773432273e-06
ljutite	O=0.9999939203262329|NORM=5.943292308074888e-06
,	O=0.9999979734420776|NORM=1.4549756315318518e-06
onda	O=0.9999986886978149|NORM=9.955377890946693e-07
je	O=0.9999984502792358|NORM=1.45559545217111e-06
to	O=0.9999985694885254|NORM=1.255329721061571e-06
sigiran	O=0.9965403079986572|NORM=0.003459242405369878
znak	O=0.9999953508377075|NORM=4.523779807641404e-06
da	O=0.9999984502792358|NORM=1.3829961744704633e-06
taj	O=0.9999979734420776|NORM=1.8550454115029424e-06
neko	O=0.999984860420227|NORM=1.4968710274843033e-05
ili	O=0.9999964237213135|NORM=3.4838949432014488e-06
to	O=0.9999971389770508|NORM=2.797783508867724e-06
nešto	O=0.9999974966049194|NORM=2.3055442852637498e-06
prestaje	O=0.9999983310699463|NORM=1.542849418001424e-06
da	O=0.9999982118606567|NORM=1.5935895589791471e-06
vam	O=0.9999980926513672|NORM=1.7212743159689126e-06
znači	O=0.9999949932098389|NORM=4.900829935650108e-06
.	O=0.9999973773956299|NORM=2.21693039748061e-06

jedva	O=0.9999971389770508|NORM=2.7309458801028086e-06
cekam	NORM=0.9999896287918091|O=5.669699021382257e-06
da	O=0.9999979734420776|NORM=1.900922711683961e-06
dodje	NORM=0.9999889135360718|O=5.284776761982357e-06
,	O=0.9999980926513672|NORM=1.6146021835083957e-06
da	O=0.9999986886978149|NORM=1.0815975883815554e-06
se	O=0.9999983310699463|NORM=1.6456644971185597e-06
napijemo	O=0.9999951124191284|NORM=4.728921794594498e-06
,	O=0.9999982118606567|NORM=1.470942493142502e-06
pa	O=0.9999984502792358|NORM=1.4331048987514805e-06
da	O=0.9999984502792358|NORM=1.3850354889655137e-06
mu	O=0.9999980926513672|NORM=1.8020231209447957e-06
kazem	NORM=0.9999902248382568|O=4.847065611102153e-06
kako	O=0.9999985694885254|NORM=1.2382919294395833e-06
sam	O=0.9999966621398926|NORM=3.03932802125928e-06
jedva	O=0.999997615814209|NORM=2.293196757818805e-06
prezivela	O=0.9999876022338867|NORM=1.2398530998325441e-05
ovo	O=0.9999983310699463|NORM=1.4848039882053854e-06
vreme	O=0.9999984502792358|NORM=1.3812694987791474e-06
bez	O=0.9999985694885254|NORM=1.231891474162694e-06
njega	O=0.9999983310699463|NORM=1.5641580830560997e-06
.	O=0.9999978542327881|NORM=1.8326395547774155e-06

ne	O=0.999997615814209|NORM=2.263166834381991e-06
krpi	O=0.999961256980896|NORM=3.859740900225006e-05
je	O=0.9999949932098389|NORM=4.9814643716672435e-06
nikakav	O=0.9999973773956299|NORM=2.443372522975551e-06
porez	O=0.9999959468841553|NORM=3.96385439671576e-06
.	O=0.999997615814209|NORM=2.0625006982299965e-06

nešto	O=0.9999982118606567|NORM=1.6581839190621395e-06
slično	O=0.9999954700469971|NORM=4.272976184438448e-06
kao	O=0.9999977350234985|NORM=2.12110126085463e-06
i	O=0.9999980926513672|NORM=1.7936167751031462e-06
"	O=0.9999970197677612|NORM=2.712511331992573e-06
donacije	O=0.9999974966049194|NORM=2.4061066596914316e-06
"	O=0.9999942779541016|NORM=5.520162631000858e-06
zapada	O=0.9999798536300659|NORM=2.0039247829117812e-05
za	O=0.9999980926513672|NORM=1.7329589354631025e-06
poplavljene	O=0.999995231628418|NORM=4.658023499359842e-06
,	O=0.9999983310699463|NORM=1.294203570978425e-06
a	O=0.9999978542327881|NORM=1.9708395484485663e-06
reč	O=0.9999929666519165|NORM=6.84902352077188e-06
je	O=0.999997615814209|NORM=2.351351440665894e-06
o	O=0.9999985694885254|NORM=1.3102203411108349e-06
kreditima	O=0.9999959468841553|NORM=3.946443030145019e-06
.	O=0.9999980926513672|NORM=1.475502813264029e-06

ima	O=0.9999911785125732|NORM=8.754756890994031e-06
tih	O=0.9998899698257446|NORM=0.00010980384104186669
ovde	O=0.999988317489624|NORM=1.1556069694051985e-05
koje	O=0.9999871253967285|NORM=1.2542687727545854e-05
sam	O=0.9999984502792358|NORM=1.319520720244327e-06
smatrala	O=0.9999984502792358|NORM=1.4508196954921004e-06
prelepotama	O=0.9998494386672974|NORM=0.0001502332161180675
sve	O=0.9999988079071045|NORM=9.980607273973874e-07
dok	O=0.9999988079071045|NORM=9.424132940694108e-07
ih	O=0.9999561309814453|NORM=4.375872958917171e-05
nisam	O=0.9999986886978149|NORM=1.1707879821187817e-06
uzivo	NORM=0.9999575614929199|O=4.115740011911839e-05
videla	O=0.9999450445175171|NORM=5.4866606660652906e-05
i	O=0.9999985694885254|NORM=1.3887205341234221e-06
skontala	O=0.9999984502792358|NORM=1.4016599152455456e-06
koliko	O=0.9999958276748657|NORM=3.913035925506847e-06
zapravo	O=0.9999899864196777|NORM=9.5691129899933e-06
filteri	O=0.999997615814209|NORM=2.2957615328778047e-06
prolepsavaju	O=0.5250136256217957|NORM=0.4749833941459656

ptice	O=0.570304274559021|NORM=0.42969387769699097
se	O=0.9999967813491821|NORM=3.1874619708105456e-06
lede	O=0.64085453748703|NORM=0.35914331674575806
u	O=0.9999984502792358|NORM=1.492460455665423e-06
vazduhu	O=0.9999535083770752|NORM=4.616544538293965e-05
.	O=0.9999977350234985|NORM=2.019393832597416e-06

@micin_taja	O=0.9999949932098389|NORM=4.842001999350032e-06
@angoldberger	O=0.9999959468841553|NORM=3.959437890443951e-06
zato	O=0.9999985694885254|NORM=1.2510379292507423e-06
što	O=0.9999984502792358|NORM=1.2841431953347637e-06
je	O=0.999997615814209|NORM=2.3007719391898718e-06
imao	O=0.9999823570251465|NORM=1.755705670802854e-05
paju	O=0.9448521137237549|NORM=0.05514725297689438
patka	O=0.9999148845672607|NORM=8.502010314259678e-05
za	O=0.9999951124191284|NORM=4.741684278997127e-06
protivkandidata	O=0.9999958276748657|NORM=4.0632289710629266e-06
,	O=0.9999972581863403|NORM=2.2693086521030637e-06
koji	O=0.9999984502792358|NORM=1.3966507594886934e-06
je	O=0.9999985694885254|NORM=1.2956883210790693e-06
umislio	O=0.9999983310699463|NORM=1.6019840813896735e-06
da	O=0.9999986886978149|NORM=1.1301864333290723e-06
je	O=0.9999982118606567|NORM=1.6805676068543107e-06
idol	O=0.9999961853027344|NORM=3.7276765851856908e-06
!	O=0.9999963045120239|NORM=3.2205948627961334e-06

u	O=0.9999988079071045|NORM=1.090209707399481e-06
zdravstvenoj	O=0.9999951124191284|NORM=4.8126767069334164e-06
ustanovi	O=0.9999912977218628|NORM=8.511808118782938e-06
se	O=0.9999986886978149|NORM=1.195184154312301e-06
iz	O=0.9999983310699463|NORM=1.6067548358478234e-06
neke	O=0.999997615814209|NORM=2.335969838895835e-06
od	O=0.999997615814209|NORM=2.342521838727407e-06
ordinacija	O=0.9999921321868896|NORM=7.792882570356596e-06
čuje	O=0.9999970197677612|NORM=2.954675892397063e-06
rem	O=0.9999915361404419|NORM=8.307960342790466e-06
-	O=0.9999978542327881|NORM=1.8355746078668744e-06
everybody	O=0.9999964237213135|NORM=3.2303094030794455e-06
hurts	O=0.999992847442627|NORM=7.072731023072265e-06
.	O=0.9999980926513672|NORM=1.5521733303103247e-06

stavi	O=0.9999953508377075|NORM=4.541849193628877e-06
prst	O=0.9999916553497314|NORM=8.259243259089999e-06
u	O=0.9999978542327881|NORM=2.1048999769845977e-06
uvo	O=0.9999599456787109|NORM=3.992508209194057e-05
seljanko	O=0.9918288588523865|NORM=0.008170233108103275
dok	O=0.9999985694885254|NORM=1.2721684470307082e-06
se	O=0.9999964237213135|NORM=3.5427697184786666e-06
dernjas	NORM=0.9999362230300903|O=6.266350101213902e-05
na	O=0.999997615814209|NORM=2.3209408936963882e-06
telefon	O=0.9999874830245972|NORM=1.2439781130524352e-05
da	O=0.9999972581863403|NORM=2.7196092560188845e-06
te	O=0.9999958276748657|NORM=4.1228645386581775e-06
lepo	O=0.999957799911499|NORM=4.203177013550885e-05
cuju	NORM=0.9999669790267944|O=3.045875382667873e-05
i	O=0.9999898672103882|NORM=1.0132444913324434e-05
u	O=0.9999979734420776|NORM=1.9037511265196372e-06
ulazu	O=0.9999961853027344|NORM=3.7141817301744595e-06
pored	O=0.9999978542327881|NORM=2.044889924945892e-06
!	O=0.9999964237213135|NORM=3.282694251538487e-06

govnjiva	O=0.9999496936798096|NORM=5.029706881032325e-05
motka	O=0.9911593794822693|NORM=0.008839955553412437
je	O=0.999997615814209|NORM=2.310312083864119e-06
resenje	NORM=0.9998724460601807|O=0.00012710211740341038
!!	O=0.9999942779541016|NORM=5.4070096666691825e-06

onog	O=0.9999955892562866|NORM=4.211595296510495e-06
trenutka	O=0.999997615814209|NORM=1.9849862837872934e-06
kada	O=0.9999982118606567|NORM=1.2966099802724784e-06
otkrijem	O=0.9999986886978149|NORM=1.1723880106728757e-06
da	O=0.9999983310699463|NORM=1.472801045565575e-06
ovde	O=0.9999955892562866|NORM=4.336501206125831e-06
ide	O=0.9999942779541016|NORM=5.3662674872612115e-06
po	O=0.9999983310699463|NORM=1.5412302900585928e-06
principu	O=0.9999980926513672|NORM=1.7391143956047017e-06
fejv	O=0.9999945163726807|NORM=5.380546099331696e-06
za	O=0.9999916553497314|NORM=8.288841854664497e-06
fejv	O=0.9999958276748657|NORM=4.0926802284957375e-06
,	O=0.9999984502792358|NORM=1.027934786179685e-06
gasim	O=0.9999984502792358|NORM=1.4124376548352302e-06
tw	O=0.9999728202819824|NORM=2.6567689928924665e-05
.	O=0.9999977350234985|NORM=1.656289668972022e-06

@pile_istoka	O=0.9999970197677612|NORM=2.937621047749417e-06
ni	O=0.9999955892562866|NORM=4.3974127947876696e-06
ja	O=0.9999988079071045|NORM=1.1192394140380202e-06
nisam	O=0.9999982118606567|NORM=1.6295409750455292e-06
cuo	NORM=0.9999880790710449|O=6.430729627027176e-06
za	O=0.9999926090240479|NORM=7.256117896758951e-06
nju	O=0.9999961853027344|NORM=3.629357479439932e-06
dok	O=0.9999986886978149|NORM=1.0361109161749482e-06
se	O=0.9999982118606567|NORM=1.71848614627379e-06
nije	O=0.9999974966049194|NORM=2.3230397800944047e-06
udala	O=0.9999973773956299|NORM=2.48610922426451e-06
za	O=0.9999983310699463|NORM=1.5612384913765709e-06
nekog	O=0.9999979734420776|NORM=1.847700445978262e-06
matorca	O=0.9999244213104248|NORM=7.551136513939127e-05
i	O=0.9999988079071045|NORM=1.0792865623443504e-06
pravila	O=0.9999977350234985|NORM=2.150502950826194e-06
svadbu	O=0.999997615814209|NORM=2.2223755422601243e-06
u	O=0.9999982118606567|NORM=1.6883039961612667e-06
monaku	O=0.9999244213104248|NORM=7.510615978389978e-05
ahaha	O=0.9999814033508301|NORM=1.8326943973079324e-05

potencijalni	O=0.9999964237213135|NORM=3.467731858108891e-06
si	O=0.999996542930603|NORM=3.347887059135246e-06
kandidt	O=0.9993840456008911|NORM=0.0006158914184197783
da	O=0.9999973773956299|NORM=2.6181157863902627e-06
ponovis	NORM=0.9999889135360718|O=7.194064892246388e-06
godinu	O=0.9999957084655762|NORM=4.186527348792879e-06
,	O=0.999997615814209|NORM=2.1399237084551714e-06
a	O=0.9999953508377075|NORM=4.622841970558511e-06
ides	NORM=0.9999779462814331|O=2.0213528841850348e-05
u	O=0.9999978542327881|NORM=2.0396839772729436e-06
london	O=0.9999899864196777|NORM=9.830411727307364e-06
????	O=0.9999902248382568|NORM=9.43466875469312e-06
pa	O=0.9999985694885254|NORM=1.37370034281048e-06
ja	O=0.9999983310699463|NORM=1.522286993349553e-06
ne	O=0.9999977350234985|NORM=1.9342153336765477e-06
bi	O=0.9998888969421387|NORM=0.00011100275150965899
ni	O=0.9999958276748657|NORM=4.1730072553036734e-06
do	O=0.9999985694885254|NORM=1.3037798680670676e-06
palica	O=0.9999724626541138|NORM=2.748463703028392e-05
stigla	O=0.9999979734420776|NORM=1.9284159407106927e-06
da	O=0.9999979734420776|NORM=1.8527699694459443e-06
sam	O=0.9999980926513672|NORM=1.7470937336838688e-06
na	O=0.999998927116394|NORM=1.0417289786346373e-06
tvom	O=0.9999932050704956|NORM=6.609925549128093e-06
mestu	O=0.9999954700469971|NORM=4.366034318081802e-06
...	O=0.9999932050704956|NORM=6.422458682209253e-06

@militch	O=0.9999932050704956|NORM=6.547219072672306e-06
pazi	O=0.9999971389770508|NORM=2.791200813589967e-06
,	O=0.9999983310699463|NORM=1.0794888112286571e-06
treba	O=0.9999982118606567|NORM=1.639484366933175e-06
biti	O=0.9999988079071045|NORM=1.0951658850899548e-06
originalan	O=0.9999977350234985|NORM=2.121892293871497e-06
.	O=0.999997615814209|NORM=1.9442686607362702e-06

@braturke	O=0.9999969005584717|NORM=3.0605210667999927e-06
nisam	O=0.9999983310699463|NORM=1.5839004845474847e-06
mislio	O=0.9999980926513672|NORM=1.873911173788656e-06
na	O=0.9999984502792358|NORM=1.4603688214265276e-06
to	O=0.9999977350234985|NORM=2.120393446602975e-06
,	O=0.9999984502792358|NORM=1.1883010984092834e-06
mislio	O=0.9999984502792358|NORM=1.4319329011414084e-06
sam	O=0.9999986886978149|NORM=1.2480566056183307e-06
da	O=0.9999986886978149|NORM=1.2503272728281445e-06
je	O=0.9999966621398926|NORM=3.2325290248991223e-06
izdominirao	O=0.9999840259552002|NORM=1.5712485037511215e-05
na	O=0.9999978542327881|NORM=2.0110780951654306e-06
duže	O=0.9999961853027344|NORM=3.7034678825875744e-06
staze	O=0.9999942779541016|NORM=5.642355972668156e-06
.	O=0.9999977350234985|NORM=1.963234353752341e-06

lakše	O=0.9999938011169434|NORM=6.094593118177727e-06
mi	O=0.9999978542327881|NORM=2.0156498976575676e-06
je	O=0.9999979734420776|NORM=1.9692483874678146e-06
navići	O=0.9999978542327881|NORM=2.039802666331525e-06
se	O=0.9999979734420776|NORM=1.9625611002993537e-06
da	O=0.9999984502792358|NORM=1.4702724229209707e-06
sam	O=0.9999969005584717|NORM=2.9018906388955656e-06
neprilagođena	O=0.9999369382858276|NORM=6.297243089647964e-05
nego	O=0.9999982118606567|NORM=1.6620311953374767e-06
kaskati	O=0.9999880790710449|NORM=1.1653168257907964e-05
u	O=0.9999985694885254|NORM=1.2835862435167655e-06
stadu	O=0.9999842643737793|NORM=1.562851684866473e-05
gde	O=0.9999977350234985|NORM=2.0425295588211156e-06
si	O=0.9999977350234985|NORM=2.167317688872572e-06
danas	O=0.9999984502792358|NORM=1.3854925100531545e-06
ovca	O=0.9999959468841553|NORM=3.9904043660499156e-06
,	O=0.9999982118606567|NORM=1.5161393775997567e-06
sutra	O=0.9999951124191284|NORM=4.726027782453457e-06
džukac	O=0.9999396800994873|NORM=6.0154015955049545e-05
a	O=0.999991774559021|NORM=8.079822691797744e-06
o	O=0.9999949932098389|NORM=4.8677816266717855e-06
praznicima	O=0.9999958276748657|NORM=4.093027655471815e-06
,	O=0.9999978542327881|NORM=1.9382318896532524e-06
bome	O=0.9999849796295166|NORM=1.4931871191947721e-05
,	O=0.9999977350234985|NORM=2.038326329056872e-06
i	O=0.9999967813491821|NORM=3.1737877179693896e-06
magarac	O=0.9999650716781616|NORM=3.4923432394862175e-05
.	O=0.9999977350234985|NORM=1.9053762798648677e-06

dođi	O=0.999995231628418|NORM=4.339197403169237e-06
sutra	O=0.9999979734420776|NORM=1.8585105863166973e-06
na	O=0.9999980926513672|NORM=1.8058077557725483e-06
tračericu	O=0.6619015336036682|NORM=0.3380946218967438
kod	O=0.9999982118606567|NORM=1.551649688735779e-06
mene	O=0.9999955892562866|NORM=4.164955498708878e-06

u	O=0.9999988079071045|NORM=1.0981149216604535e-06
slobodno	O=0.9999982118606567|NORM=1.6507271993759787e-06
vreme	O=0.9999984502792358|NORM=1.3818228126183385e-06
tražim	O=0.9999982118606567|NORM=1.5543762401648564e-06
razloge	O=0.9999974966049194|NORM=2.4362109343201155e-06
zašto	O=0.9999978542327881|NORM=1.7178776943183038e-06
prokrastiniram	O=0.9995444416999817|NORM=0.0004521127848420292
.	O=0.9999982118606567|NORM=1.423697199243179e-06

#pinkovezvezde	O=0.9999938011169434|NORM=6.123758794274181e-06

ili	O=0.9999971389770508|NORM=2.7586718260863563e-06
grešim	O=0.9999973773956299|NORM=2.505945076336502e-06
?	O=0.9999958276748657|NORM=4.050732059113216e-06

stedis	NORM=0.999988317489624|O=9.31167869566707e-06
kintu	O=0.9999420642852783|NORM=5.78563085582573e-05
da	O=0.9999974966049194|NORM=2.4433168164250674e-06
kupis	NORM=0.99998939037323|O=6.3758643591427244e-06
neku	O=0.9999979734420776|NORM=1.8992247987625888e-06
lepu	O=0.9999955892562866|NORM=4.347093181422679e-06
kvalitetnu	O=0.9999980926513672|NORM=1.7529400793137029e-06
krpicu	NORM=0.9959514141082764|O=0.004047621972858906
i	O=0.9999971389770508|NORM=2.76975697488524e-06
to	O=0.9999980926513672|NORM=1.858012865341152e-06
je	O=0.9999977350234985|NORM=2.15282989302068e-06
okej	O=0.9999954700469971|NORM=4.446503226063214e-06
,	O=0.9999983310699463|NORM=1.3556064004660584e-06
ispraksovani	NORM=0.994235098361969|O=0.005764365661889315
smo	O=0.9999934434890747|NORM=6.411517915694276e-06
.	O=0.9999977350234985|NORM=2.046731651716982e-06

u	O=0.9999979734420776|NORM=1.959843530130456e-06
fazonu	O=0.9999960660934448|NORM=3.8642888284812216e-06
koji	O=0.9999924898147583|NORM=7.442357855325099e-06
ces	NORM=0.9999880790710449|O=8.326397619384807e-06
kurac	O=0.9999550580978394|NORM=4.4767220970243216e-05
tamo	O=0.9999903440475464|NORM=9.251251867681276e-06
.	O=0.9999974966049194|NORM=2.383292212471133e-06

kritikovani	O=0.9999630451202393|NORM=3.682234455482103e-05
ne	O=0.9999974966049194|NORM=2.497868536011083e-06
mora	O=0.9999890327453613|NORM=1.0806473255797755e-05
da	O=0.9999977350234985|NORM=2.208098749179044e-06
se	O=0.9999978542327881|NORM=2.074516714856145e-06
složi	O=0.9999957084655762|NORM=4.2071842472068965e-06
ali	O=0.9999982118606567|NORM=1.750486035234644e-06
je	O=0.9999520778656006|NORM=4.7842699132161215e-05
mora	O=0.9999957084655762|NORM=4.118557171750581e-06
prihvatiti	O=0.9999984502792358|NORM=1.438571302969649e-06
na	O=0.9999984502792358|NORM=1.488912062086456e-06
kulturan	O=0.9999960660934448|NORM=3.810184580288478e-06
način	O=0.9999982118606567|NORM=1.6413414414273575e-06
.	O=0.999997615814209|NORM=2.133116140612401e-06

građani	O=0.9999957084655762|NORM=4.185342277196469e-06
mionice	O=0.9866522550582886|NORM=0.013347086496651173
će	O=0.9999940395355225|NORM=5.892786248296034e-06
imati	O=0.9999979734420776|NORM=1.927526000145008e-06
jedinstvenu	O=0.9999964237213135|NORM=3.4794620660250075e-06
priliku	O=0.9999978542327881|NORM=2.0643099105654983e-06
da	O=0.9999983310699463|NORM=1.4548430726790684e-06
izaberu	O=0.9999970197677612|NORM=2.767631031019846e-06
koja	O=0.9999964237213135|NORM=3.280199962318875e-06
će	O=0.9999972581863403|NORM=2.6731338493846124e-06
im	O=0.9999977350234985|NORM=2.1331245534383925e-06
stranka	O=0.9999969005584717|NORM=2.9452623948600376e-06
izvoditi	O=0.9999982118606567|NORM=1.660918655943533e-06
program	O=0.9999938011169434|NORM=6.124191259004874e-06
čede	O=0.9999152421951294|NORM=8.441355748800561e-05
praška	O=0.9998476505279541|NORM=0.00015203485963866115
.	O=0.9999970197677612|NORM=2.6964046355715254e-06

"	O=0.9999979734420776|NORM=1.7393580264979391e-06
testament	O=0.9999873638153076|NORM=1.2426450666680466e-05
"	O=0.9999943971633911|NORM=5.330787644197699e-06
miše	O=0.9997642636299133|NORM=0.00023559987312182784
radivojevića	O=0.9999793767929077|NORM=2.054139258689247e-05
na	O=0.9999984502792358|NORM=1.3751681535723037e-06
televizijama	O=0.9999880790710449|NORM=1.1778709449572489e-05
bar	O=0.9999949932098389|NORM=4.697394615504891e-06
jednom	O=0.9999979734420776|NORM=1.7673353340796893e-06
nedeljno	O=0.9999979734420776|NORM=1.841056928242324e-06
,	O=0.999997615814209|NORM=1.9792832972598262e-06
da	O=0.9999982118606567|NORM=1.6634121493552811e-06
nadoknade	O=0.9999959468841553|NORM=3.95454344470636e-06
sve	O=0.9999988079071045|NORM=1.0260106364512467e-06
godine	O=0.9999980926513672|NORM=1.610637468729692e-06
zapostavljanja	O=0.9999957084655762|NORM=4.20918649979285e-06
,	O=0.9999979734420776|NORM=1.4953261597838718e-06
šta	O=0.999997615814209|NORM=2.0829197637795005e-06
li	O=0.9999984502792358|NORM=1.3672409977516509e-06
?	O=0.9999977350234985|NORM=1.9358521967660636e-06

@vuk_bubalo	O=0.9999508857727051|NORM=4.820527828997001e-05
isto	O=0.9999977350234985|NORM=2.160686790375621e-06
.	O=0.9999973773956299|NORM=2.2706531126459595e-06

promet	O=0.9999911785125732|NORM=8.746786988922395e-06
gmo	O=0.9828081727027893|NORM=0.017181286588311195
je	O=0.9999984502792358|NORM=1.4820979004070978e-06
uslov	O=0.999991774559021|NORM=8.13190945336828e-06
za	O=0.9999983310699463|NORM=1.4812413837717031e-06
ulazak	O=0.9999964237213135|NORM=3.3976518807321554e-06
u	O=0.9999957084655762|NORM=4.2457372728677e-06
sto	NORM=0.6611107587814331|O=0.3388863503932953
i	O=0.9999979734420776|NORM=1.985952621907927e-06
eu	O=0.9999951124191284|NORM=4.747004823002499e-06
.	O=0.9999974966049194|NORM=2.3312136363529135e-06

@kizinjivice	O=0.999995231628418|NORM=4.6067511902947444e-06
znam	O=0.9999953508377075|NORM=4.0590598473499995e-06
,	O=0.9999983310699463|NORM=1.2704454093181994e-06
takođe	O=0.9999927282333374|NORM=7.156346782721812e-06
.	O=0.9999980926513672|NORM=1.5720222563686548e-06

ne	O=0.999998927116394|NORM=9.723204357214854e-07
znaš	O=0.9999960660934448|NORM=3.4614099604368676e-06
dal	O=0.996322512626648|NORM=0.0036765732802450657
je	O=0.9999980926513672|NORM=1.8844558553610113e-06
on	O=0.9999977350234985|NORM=2.2597853330807993e-06
ili	O=0.9999874830245972|NORM=1.2337559383013286e-05
njegov	O=0.9999974966049194|NORM=2.456353740853956e-06
pitbul	O=0.9999791383743286|NORM=2.082127502944786e-05
.	O=0.9999978542327881|NORM=1.7639355291976244e-06

prema	O=0.9999983310699463|NORM=1.5187589497145382e-06
snegu	O=0.9999903440475464|NORM=9.390299055667128e-06
,	O=0.9999985694885254|NORM=1.1657085678962176e-06
kao	O=0.9999977350234985|NORM=2.125783339579357e-06
prema	O=0.9999983310699463|NORM=1.4149424032439128e-06
nekim	O=0.9999982118606567|NORM=1.5987743609002791e-06
ljudima	O=0.9999977350234985|NORM=2.0075615339010255e-06
.	O=0.9999983310699463|NORM=1.3833812317898264e-06

1350	O=0.9999892711639404|NORM=1.069623431249056e-05
dolara	O=0.9999957084655762|NORM=4.20588821725687e-06
karta	O=0.9999969005584717|NORM=3.0357482501131017e-06
povratna	O=0.9999918937683105|NORM=8.095906196103897e-06
.	O=0.999996542930603|NORM=3.3336677915940527e-06

kakav	O=0.9999974966049194|NORM=2.3839809273340506e-06
strucnjak	NORM=0.9999874830245972|O=9.606513231119607e-06
ovaj	O=0.9999985694885254|NORM=1.2803208164768876e-06
krka	O=0.9999737739562988|NORM=2.6187693947576918e-05
mladji	NORM=0.9996066689491272|O=0.0003928242076653987
.	O=0.9999963045120239|NORM=3.4807362681021914e-06

huh	O=0.9999794960021973|NORM=2.0199857317493297e-05
,	O=0.9999983310699463|NORM=1.2474016557462164e-06
tj	NORM=0.8450808525085449|O=0.1549137681722641
-	O=0.9999771118164062|NORM=2.2185491616255604e-05
ne	O=0.9999964237213135|NORM=3.3920248370122863e-06
ja	O=0.9999964237213135|NORM=3.5251771350885974e-06
nego	O=0.9999978542327881|NORM=1.9370120298844995e-06
moji	O=0.9999847412109375|NORM=1.5038693163660355e-05
.	O=0.9999982118606567|NORM=1.4982999800849939e-06

kod	O=0.999998927116394|NORM=8.90100352535228e-07
mene	O=0.9999982118606567|NORM=1.5108220168258413e-06
sve	O=0.9999969005584717|NORM=2.820124336722074e-06
stoji	O=0.9999973773956299|NORM=2.2876786260894733e-06
na	O=0.9999986886978149|NORM=1.1976189853157848e-06
svom	O=0.9999966621398926|NORM=3.0134106054902077e-06
mestu	O=0.9999978542327881|NORM=1.963184104170068e-06
,	O=0.9999983310699463|NORM=1.1420183909649495e-06
baš	O=0.9999954700469971|NORM=4.0850941331882495e-06
kako	O=0.9999978542327881|NORM=2.0215252334310208e-06
treba	O=0.9999955892562866|NORM=4.144435024500126e-06
.	O=0.9999982118606567|NORM=1.4167219433147693e-06

jel	NORM=0.9999712705612183|O=1.626825542189181e-05
ima	O=0.9999953508377075|NORM=4.582541805575602e-06
još	O=0.9999967813491821|NORM=3.0544908895535627e-06
neko	O=0.9998691082000732|NORM=0.0001307651837123558
nei	NORM=0.5950161814689636|O=0.4049816429615021
idiotski	O=0.9999871253967285|NORM=1.265842183784116e-05
savet	O=0.9999837875366211|NORM=1.607227386557497e-05
za	O=0.999997615814209|NORM=2.286270273543778e-06
žene	O=0.9999767541885376|NORM=2.3124670406104997e-05
kako	O=0.999995231628418|NORM=4.5416923057928216e-06
da	O=0.9999972581863403|NORM=2.498761659808224e-06
provedu	O=0.9999978542327881|NORM=2.00253657567373e-06
narednih	O=0.9999966621398926|NORM=3.284201284259325e-06
mesec	O=0.9999932050704956|NORM=6.728630978614092e-06
dana	O=0.9999966621398926|NORM=3.2093255413201405e-06
totalnog	O=0.9999982118606567|NORM=1.6837745988595998e-06
mraka	O=0.9999897480010986|NORM=1.0042495887319092e-05
,	O=0.9999974966049194|NORM=1.9538053948053857e-06
izazvanog	O=0.9999982118606567|NORM=1.6225858416873962e-06
zamislite	O=0.9994314312934875|NORM=0.0005683444906026125
-	O=0.9999821186065674|NORM=1.736485501169227e-05
dobrim	O=0.9999985694885254|NORM=1.2863730489698355e-06
fudbalom	O=0.9999951124191284|NORM=4.722342509921873e-06
!?	O=0.9999945163726807|NORM=5.1433075896056835e-06

teza	O=0.999908447265625|NORM=9.14151532924734e-05
profesora	O=0.9999967813491821|NORM=3.018746383531834e-06
mencingera	O=0.9997795224189758|NORM=0.00021983182523399591
da	O=0.9999985694885254|NORM=1.2802768196706893e-06
strane	O=0.9999973773956299|NORM=2.3737466108286753e-06
investicije	O=0.9999978542327881|NORM=2.037146941802348e-06
nisu	O=0.9999983310699463|NORM=1.4965935406507924e-06
dobre	O=0.999992847442627|NORM=6.7899377427238505e-06
za	O=0.9999980926513672|NORM=1.712893322292075e-06
privredni	O=0.9999974966049194|NORM=2.4414068775513442e-06
razvoj	O=0.9999969005584717|NORM=2.9660873224202078e-06
suverenih	O=0.9999874830245972|NORM=1.2494805559981614e-05
država	O=0.9999939203262329|NORM=5.861526915396098e-06
se	O=0.9999986886978149|NORM=1.237260448760935e-06
pokazala	O=0.999997615814209|NORM=2.1429484604595928e-06
u	O=0.9999986886978149|NORM=1.2659949106819113e-06
praksi	O=0.9999942779541016|NORM=5.560465979215223e-06
apsulotno	O=0.9999951124191284|NORM=4.745841579278931e-06
tačnom	O=0.9999971389770508|NORM=2.846366214726004e-06
.	O=0.9999971389770508|NORM=2.6167194846493658e-06

molim	O=0.9999934434890747|NORM=6.3309203142125625e-06
prijateljice	O=0.9999939203262329|NORM=6.0116126405773684e-06
na	O=0.9999985694885254|NORM=1.3869218946638284e-06
fb	O=0.9999783039093018|NORM=2.1134348571649753e-05
da	O=0.9999977350234985|NORM=1.922898945849738e-06
me	O=0.9999978542327881|NORM=2.028040398727171e-06
zovu	O=0.9999971389770508|NORM=2.816372898450936e-06
da	O=0.9999983310699463|NORM=1.5365266108346987e-06
lajkujem	O=0.999994158744812|NORM=5.597628842224367e-06
stranice	O=0.9999963045120239|NORM=3.438383600951056e-06
tipa	O=0.9999971389770508|NORM=2.7847611363540636e-06
plutajuća	O=0.9999959468841553|NORM=3.969854333263356e-06
podloga	O=0.9999897480010986|NORM=1.0190919056185521e-05
za	O=0.9999958276748657|NORM=3.942500370612834e-06
bebe	O=0.9999819993972778|NORM=1.784149390005041e-05
,	O=0.9999983310699463|NORM=1.0764888429548591e-06
najlepše	O=0.9998977184295654|NORM=0.00010212303459411487
flašice	O=0.99986732006073|NORM=0.00013250498159322888
i	O=0.9999985694885254|NORM=1.3386345472099492e-06
slično	O=0.9999822378158569|NORM=1.7628022760618478e-05
.	O=0.9999970197677612|NORM=2.3253573999681976e-06

poruka	O=0.9999903440475464|NORM=9.565931577526499e-06
za	O=0.9999960660934448|NORM=3.8106607007648563e-06
onog	O=0.9999972581863403|NORM=2.6220457129966235e-06
koji	O=0.9999982118606567|NORM=1.552715502839419e-06
mi	O=0.9999979734420776|NORM=1.8985221004186315e-06
je	O=0.9999984502792358|NORM=1.503155203863571e-06
hakovao	O=0.9999911785125732|NORM=8.710651854926255e-06
tviter	O=0.9999901056289673|NORM=9.815555131353904e-06
-	O=0.9999978542327881|NORM=1.8591646266941098e-06
tvitaj	O=0.9999778270721436|NORM=2.188721737184096e-05
zapraćuj	O=0.9999908208847046|NORM=9.115005013882183e-06
fejvuj	O=0.9999374151229858|NORM=6.24557796982117e-05
retvituj	O=0.9999922513961792|NORM=7.64410197007237e-06
al'	NORM=0.9994325041770935|O=0.0005362938973121345
nemoj	O=0.9999951124191284|NORM=4.795495897269575e-06
mi	O=0.9999964237213135|NORM=3.417683501538704e-06
otpraćivati	O=0.9999945163726807|NORM=5.418290584202623e-06
ljude	O=0.9999819993972778|NORM=1.786207576515153e-05
sve	O=0.9999982118606567|NORM=1.6917691709750216e-06
mu	O=0.9999969005584717|NORM=2.9661835014849203e-06
jebem	O=0.9999935626983643|NORM=6.227439371286891e-06
!	O=0.9999955892562866|NORM=3.7395707295218017e-06

pitala	O=0.9999967813491821|NORM=3.1792103527550353e-06
ga	O=0.9999978542327881|NORM=2.058842255792115e-06
da	O=0.9999971389770508|NORM=2.758645450740005e-06
li	O=0.9999909400939941|NORM=8.811327461444307e-06
hoce	NORM=0.9999889135360718|O=7.256547633005539e-06
sladoled	O=0.9999823570251465|NORM=1.7274805941269733e-05
.	O=0.9999971389770508|NORM=2.631078132253606e-06

drugovi	O=0.999997615814209|NORM=2.342233528906945e-06
su	O=0.999997615814209|NORM=2.338238800803083e-06
uzeli	O=0.9999945163726807|NORM=5.3881562962487806e-06
zvezdu	O=0.9999961853027344|NORM=3.685766387206968e-06
za	O=0.9999978542327881|NORM=2.0949248664692277e-06
svoj	O=0.9999978542327881|NORM=2.0333002339611994e-06
logo	O=0.9999855756759644|NORM=1.4312366147350986e-05
,	O=0.9999974966049194|NORM=1.9075412183156004e-06
namerno	O=0.999994158744812|NORM=5.447053354146192e-06
su	O=0.9999973773956299|NORM=2.565009708632715e-06
izbegli	O=0.9999949932098389|NORM=4.919626917399e-06
srp	O=0.9999613761901855|NORM=3.855436807498336e-05
i	O=0.9999973773956299|NORM=2.520572934372467e-06
cekic	NORM=0.9998632669448853|O=0.0001342381874565035
,	O=0.9999973773956299|NORM=2.151767830582685e-06
jer	O=0.9999954700469971|NORM=4.382900897326181e-06
ne	O=0.9999984502792358|NORM=1.434691284885048e-06
postoje	O=0.9999972581863403|NORM=2.5987917524616932e-06
ni	O=0.9999971389770508|NORM=2.8507561182777863e-06
radnici	O=0.9999948740005493|NORM=5.005417278880486e-06
ni	O=0.9999970197677612|NORM=2.9377697501331568e-06
seljaci	O=0.999988317489624|NORM=1.1652348803181667e-05
,	O=0.9999967813491821|NORM=2.576516635599546e-06
unistili	O=0.9999788999557495|NORM=2.102900907630101e-05
su	O=0.9999969005584717|NORM=2.9794966849294724e-06
ih	O=0.9999885559082031|NORM=1.1316887139400933e-05
slobini	O=0.7581703662872314|NORM=0.2418264001607895
sledbenici	O=0.9996175765991211|NORM=0.00038237226544879377
.	O=0.9999977350234985|NORM=1.961252564797178e-06

kako	O=0.9999974966049194|NORM=2.4332946395588806e-06
sere	O=0.999777615070343|NORM=0.00022221048129722476
ovaj	O=0.9999983310699463|NORM=1.6080363138826215e-06
ivan	O=0.9999973773956299|NORM=2.52871564043744e-06
marinković	O=0.9999961853027344|NORM=3.77079049940221e-06
o	O=0.9999963045120239|NORM=3.660370794023038e-06
goci	NORM=0.7631418704986572|O=0.23685647547245026
tržan	O=0.9929741621017456|NORM=0.007024054415524006
to	O=0.9999986886978149|NORM=1.1522508884809213e-06
je	O=0.9999985694885254|NORM=1.3558717455453007e-06
neverovatno	O=0.9999978542327881|NORM=2.0615691482817056e-06
.	O=0.9999978542327881|NORM=1.925793185364455e-06

hocu	O=0.5987833738327026|NORM=0.40120887756347656
...	O=0.9999791383743286|NORM=2.0660938389482908e-05

kaže	O=0.9999885559082031|NORM=1.1116832865809556e-05
ako	O=0.9999985694885254|NORM=1.2812405429940554e-06
napravi	O=0.9999977350234985|NORM=2.1545058643823722e-06
veću	O=0.999996542930603|NORM=3.366026248841081e-06
pauzu	O=0.9999935626983643|NORM=6.199919880600646e-06
između	O=0.9999983310699463|NORM=1.4932688827684615e-06
dve	O=0.9999948740005493|NORM=4.8202505240624305e-06
cigarete	O=0.9999971389770508|NORM=2.758516757239704e-06
baš	O=0.9999979734420776|NORM=1.8646337593963835e-06
joj	O=0.9999977350234985|NORM=2.1203265987423947e-06
se	O=0.9999985694885254|NORM=1.331882913291338e-06
prdi	O=0.9999920129776001|NORM=7.877473763073795e-06
.	O=0.9999977350234985|NORM=1.874686290648242e-06

najvise	NORM=0.9999868869781494|O=1.045387216436211e-05
cenim	NORM=0.9999803304672241|O=1.7203648894792423e-05
ljude	O=0.9999732971191406|NORM=2.6270176022080705e-05
koji	O=0.9999985694885254|NORM=1.2627862133740564e-06
kazu	NORM=0.9999730587005615|O=2.4842513084877282e-05
:	O=0.9999943971633911|NORM=5.393018454924459e-06
"	O=0.9999973773956299|NORM=2.4223888885899214e-06
izvini	O=0.9999839067459106|NORM=1.608443562872708e-05
"	O=0.9999969005584717|NORM=2.9332538815651787e-06
-	O=0.9999839067459106|NORM=1.5340732716140337e-05
kada	O=0.999998927116394|NORM=9.419991897630098e-07
pogrese	NORM=0.9999819993972778|O=1.53363016579533e-05
.	O=0.9999977350234985|NORM=2.074641315630288e-06

ili	O=0.9999978542327881|NORM=1.971642177522881e-06
dok	O=0.9999983310699463|NORM=1.3818042816637899e-06
se	O=0.9999982118606567|NORM=1.6884890783330775e-06
tuširaju	O=0.9999949932098389|NORM=4.74815442430554e-06
.	O=0.999996542930603|NORM=3.2246707633021288e-06

@dejanbu	O=0.9999967813491821|NORM=3.1752590530231828e-06
@dejanbu	O=0.999995231628418|NORM=4.668750534619903e-06
ma	O=0.9999966621398926|NORM=3.3084224924095906e-06
za	O=0.9999978542327881|NORM=2.0395730189193273e-06
dalmatince	O=0.9999942779541016|NORM=5.68374616705114e-06
pravim	O=0.9999983310699463|NORM=1.5840757896512514e-06
ručak	O=0.9999970197677612|NORM=2.823394197548623e-06
,	O=0.9999972581863403|NORM=2.250570787509787e-06
koji	O=0.9999970197677612|NORM=2.8086208203603746e-06
je	O=0.9999974966049194|NORM=2.4460166514472803e-06
ono	O=0.9908598065376282|NORM=0.009139598347246647
bolji	O=0.9999963045120239|NORM=3.670704018077231e-06
za	O=0.9999973773956299|NORM=2.5043514142453205e-06
police	O=0.9999717473983765|NORM=2.8153681341791525e-05
,	O=0.999997615814209|NORM=1.9878959847119404e-06
crveni	O=0.9999972581863403|NORM=2.6314196475141216e-06
ili	O=0.999996542930603|NORM=3.357450168550713e-06
beli	O=0.9999963045120239|NORM=3.6480655580817256e-06
?	O=0.9999970197677612|NORM=2.8325503080850467e-06

neverovatno	O=0.999997615814209|NORM=2.3064199012878817e-06
koje	O=0.9999978542327881|NORM=2.02844262275903e-06
zadovoljstvo	O=0.9999963045120239|NORM=3.54807070834795e-06
mi	O=0.9999985694885254|NORM=1.2437516261343262e-06
nekad	O=0.9999979734420776|NORM=1.920291424539755e-06
pridaje	O=0.9999412298202515|NORM=5.872993642697111e-05
kad	O=0.9999985694885254|NORM=1.1094664387201192e-06
one	O=0.999996542930603|NORM=3.2901257327466737e-06
krugiće	O=0.9999229907989502|NORM=7.693694351473823e-05
koji	O=0.9999973773956299|NORM=2.364384272368625e-06
mi	O=0.9999979734420776|NORM=1.8407023389954702e-06
iskaču	O=0.9999959468841553|NORM=3.792652023548726e-06
zbog	O=0.9999985694885254|NORM=1.3280524626679835e-06
poruka	O=0.999994158744812|NORM=5.706894626200665e-06
sa	O=0.999995231628418|NORM=4.69136148240068e-06
fb	O=0.9998728036880493|NORM=0.00012567720841616392
mesindžera	O=0.7950950264930725|NORM=0.20490093529224396
odvučem	O=0.9999971389770508|NORM=2.6866123334912118e-06
u	O=0.9999971389770508|NORM=2.8387025849951897e-06
iksić	O=0.9969461560249329|NORM=0.0030533892568200827
.	O=0.9999964237213135|NORM=3.0217147468647454e-06

u	O=0.9999988079071045|NORM=1.15498835384642e-06
zemlji	O=0.9999966621398926|NORM=3.2159707643586444e-06
gde	O=0.9999940395355225|NORM=5.136389063409297e-06
se	O=0.9999969005584717|NORM=3.0952749057178153e-06
ljudi	O=0.9999948740005493|NORM=5.041962594987126e-06
pale	O=0.999953031539917|NORM=4.685594831244089e-05
na	O=0.9999982118606567|NORM=1.6916046661208384e-06
razne	O=0.9999951124191284|NORM=4.703671038441826e-06
sexi	O=0.9999829530715942|NORM=1.7011683667078614e-05
sandre	O=0.9802844524383545|NORM=0.019714556634426117
,	O=0.9999980926513672|NORM=1.5899172467470635e-06
soraje	NORM=0.8929939866065979|O=0.10699798166751862
,	O=0.9999977350234985|NORM=1.8961441128340084e-06
stanije	O=0.9999631643295288|NORM=3.669975194497965e-05
,	O=0.9999977350234985|NORM=1.883569439087296e-06
afrike	O=0.9999687671661377|NORM=3.118019594694488e-05
i	O=0.9999983310699463|NORM=1.6094463717308827e-06
pizde	O=0.9999890327453613|NORM=1.0891147212532815e-05
mile	O=0.9998000264167786|NORM=0.00019973859889432788
materine	O=0.9999322891235352|NORM=6.757096707588062e-05
,	O=0.9999973773956299|NORM=2.1909061160840793e-06
da	O=0.9999971389770508|NORM=2.738809826041688e-06
ne	O=0.9999980926513672|NORM=1.8054668089462211e-06
spominjem	O=0.9999969005584717|NORM=3.067036686843494e-06
kriminalce	O=0.9999892711639404|NORM=1.0680689229047857e-05
,	O=0.9999979734420776|NORM=1.5673724647058407e-06
nema	O=0.9999983310699463|NORM=1.5304182170439162e-06
zivota	NORM=0.9999908208847046|O=6.224945991561981e-06
!	O=0.9999964237213135|NORM=3.337952421134105e-06

koliko	O=0.9999967813491821|NORM=3.077372866755468e-06
bi	O=0.9999485015869141|NORM=5.1411556341918185e-05
mi	O=0.9999974966049194|NORM=2.3277145828615176e-06
zivot	NORM=0.99998939037323|O=7.915724381746259e-06
bio	O=0.9999972581863403|NORM=2.6215454909106484e-06
jednostavniji	O=0.9999961853027344|NORM=3.7895040350122144e-06
kada	O=0.9999984502792358|NORM=1.0780372576846275e-06
bih	O=0.9999755620956421|NORM=2.4232524083345197e-05
umeo	O=0.9999942779541016|NORM=5.632130523736123e-06
da	O=0.9999984502792358|NORM=1.3953992947790539e-06
zauzdam	O=0.9968926310539246|NORM=0.0030991127714514732
prokletu	O=0.9999880790710449|NORM=1.1828125934698619e-05
jezicinu	O=0.9914988875389099|NORM=0.008500572293996811
i	O=0.9999985694885254|NORM=1.3240739917819155e-06
precutim	NORM=0.9997501969337463|O=0.0002480999974068254
neke	O=0.9999984502792358|NORM=1.4601822613258264e-06
stvari	O=0.9999979734420776|NORM=1.8878085938922595e-06
.	O=0.9999973773956299|NORM=2.371357368247118e-06

moj	O=0.9999970197677612|NORM=2.8964441298739985e-06
deda	O=0.9999988079071045|NORM=1.14856698019139e-06
toliko	O=0.9999916553497314|NORM=8.315943887282629e-06
jede	O=0.9999970197677612|NORM=2.920754468505038e-06
beli	O=0.9999946355819702|NORM=5.3453995860763825e-06
luk	O=0.999988317489624|NORM=1.1647848623397294e-05
da	O=0.9999983310699463|NORM=1.5380587683466729e-06
kad	O=0.9999982118606567|NORM=1.301808879361488e-06
podrigne	O=0.9998612403869629|NORM=0.00013871215924154967
u	O=0.9999973773956299|NORM=2.5506883503112476e-06
vranju	O=0.9999949932098389|NORM=4.9768582357501145e-06
,	O=0.9999986886978149|NORM=1.0061418151963153e-06
drakula	O=0.9999905824661255|NORM=9.326052349933889e-06
u	O=0.9999983310699463|NORM=1.5015286862762878e-06
rumuniji	O=0.9999945163726807|NORM=5.408991455624346e-06
sam	O=0.9999985694885254|NORM=1.3826535223415704e-06
sebe	O=0.9999983310699463|NORM=1.6243913023572532e-06
probada	O=0.9953226447105408|NORM=0.004677242133766413
glogovim	O=0.9999940395355225|NORM=5.894522928429069e-06
kocem	NORM=0.9967072606086731|O=0.00329183554276824
.	O=0.9999974966049194|NORM=1.9327931113366503e-06

dude	O=0.9999886751174927|NORM=1.119166972785024e-05
,	O=0.9999984502792358|NORM=1.0518331237108214e-06
it's	O=0.9999958276748657|NORM=4.090444235771429e-06
šampita	O=0.9999963045120239|NORM=3.647811809059931e-06
.	O=0.9999982118606567|NORM=1.4351041954796528e-06

a	O=0.9999980926513672|NORM=1.7527979707665509e-06
još	O=0.9999983310699463|NORM=1.5044901147120981e-06
bi	O=0.9999969005584717|NORM=2.959565790661145e-06
smešnije	O=0.9999821186065674|NORM=1.7795122403185815e-05
bilo	O=0.9999973773956299|NORM=2.5512090360280126e-06
da	O=0.9999949932098389|NORM=4.312093096814351e-06
je	O=0.9999979734420776|NORM=1.9631452232715674e-06
došao	O=0.9999959468841553|NORM=3.8639605008938815e-06
i	O=0.9999979734420776|NORM=1.901319706121285e-06
#zokibunda	O=0.9999895095825195|NORM=1.0156385542359203e-05
#damozdane	O=0.9999923706054688|NORM=7.453046691807685e-06
@mkrivokuca	O=0.9999959468841553|NORM=3.927947091142414e-06
@zorandirektno	O=0.999997615814209|NORM=2.335675844733487e-06

upravo	O=0.9999972581863403|NORM=2.554782668084954e-06
čuh	O=0.9999909400939941|NORM=8.83940447238274e-06
,	O=0.9999977350234985|NORM=1.5845898815314285e-06
pa	O=0.9999986886978149|NORM=1.1881879800057504e-06
sam	O=0.9999985694885254|NORM=1.3099792113280273e-06
se	O=0.9999983310699463|NORM=1.5740057506263838e-06
podsetio	O=0.9999970197677612|NORM=2.9455686672008596e-06
:	O=0.9999955892562866|NORM=3.965913947467925e-06
rif	O=0.9999700784683228|NORM=2.9596938475151546e-05
iz	O=0.9999929666519165|NORM=6.7723931351793e-06
makartnijeve	O=0.7858220338821411|NORM=0.21417488157749176
"	O=0.9999961853027344|NORM=2.780406475721975e-06
live	O=0.999981164932251|NORM=1.7170619685202837e-05
and	O=0.9999884366989136|NORM=1.0031781130237505e-05
let	O=0.9988897442817688|NORM=0.0009968184167519212
die	O=0.999988317489624|NORM=1.1452631952124648e-05
"	O=0.999996542930603|NORM=2.9015411655564094e-06
može	O=0.9999828338623047|NORM=1.6785854313638993e-05
komotno	O=0.9999974966049194|NORM=2.379395027674036e-06
u	O=0.9999886751174927|NORM=1.1212393474124838e-05
top	O=0.9999936819076538|NORM=6.024897629686166e-06
10	O=0.9999971389770508|NORM=2.6851932943827705e-06
rifova	O=0.9999839067459106|NORM=1.5983452612999827e-05
svih	O=0.9999985694885254|NORM=1.1394589591873228e-06
vremena	O=0.9999983310699463|NORM=1.4470801943389233e-06
.	O=0.9999969005584717|NORM=2.0837410374952015e-06

svi	O=0.9999973773956299|NORM=2.4986879907373805e-06
mi	O=0.9999982118606567|NORM=1.7344405023322906e-06
imamo	O=0.999995231628418|NORM=4.675264335674001e-06
u	O=0.9999876022338867|NORM=1.2300894013606012e-05
prijateljima	O=0.8533801436424255|NORM=0.1466177999973297
one	O=0.9999957084655762|NORM=4.114603143534623e-06
krembile	O=0.9998565912246704|NORM=0.00014279541210271418
koji	O=0.9999951124191284|NORM=4.779758000950096e-06
se	O=0.9999977350234985|NORM=2.1739026578870835e-06
obracaju	NORM=0.9382593631744385|O=0.06173989176750183
bebama	O=0.9999938011169434|NORM=6.148593911348144e-06
,	O=0.9999948740005493|NORM=4.709137101599481e-06
mrtvima	O=0.9999940395355225|NORM=5.868933385499986e-06
ili	O=0.9999111890792847|NORM=8.857310604071245e-05
novaku	O=0.9999887943267822|NORM=1.117245301429648e-05
.	O=0.9999978542327881|NORM=1.7720337837090483e-06

jebotee	O=0.9680008292198181|NORM=0.031998343765735626
,	O=0.9999967813491821|NORM=3.0112446438579354e-06
'de	NORM=0.9999678134918213|O=2.8687612939393148e-05
ide	O=0.9999891519546509|NORM=1.0742193808255251e-05
ovaj	O=0.9999988079071045|NORM=1.1109087836302933e-06
svet	O=0.999997615814209|NORM=2.2396561689674854e-06
.	O=0.999997615814209|NORM=2.0276065697544254e-06

nisam	O=0.9999980926513672|NORM=1.7504524976175162e-06
skoro	O=0.9999932050704956|NORM=6.674186806776561e-06
pravila	O=0.9999947547912598|NORM=5.246221462584799e-06
generalku	O=0.9999197721481323|NORM=8.010082819964737e-05
u	O=0.9999971389770508|NORM=2.7543526357476367e-06
prijateljima	O=0.9999352693557739|NORM=6.460420991061255e-05
na	O=0.9999985694885254|NORM=1.3293919209900196e-06
facebooku	O=0.9999768733978271|NORM=2.3069980670697987e-05
,	O=0.9999982118606567|NORM=1.2616312687896425e-06
sad	O=0.9999985694885254|NORM=1.2207170811961987e-06
ću	O=0.999996542930603|NORM=3.3127791994047584e-06
da	O=0.9999985694885254|NORM=1.2092909855709877e-06
stavim	O=0.9999984502792358|NORM=1.4416311842069263e-06
duga	O=0.5802592039108276|NORM=0.4197353422641754
zastavu	O=0.9998786449432373|NORM=0.00012117178994230926
na	O=0.9999984502792358|NORM=1.4428387657972053e-06
cover	O=0.9999561309814453|NORM=4.352349787950516e-05
bar	O=0.9999328851699829|NORM=6.707266584271565e-05
da	O=0.9999985694885254|NORM=1.2578078667502268e-06
očistim	O=0.9999980926513672|NORM=1.8723104631135357e-06
one	O=0.9999959468841553|NORM=3.895417194144102e-06
patrijote	O=0.9999938011169434|NORM=6.1837772591388784e-06
.	O=0.9999977350234985|NORM=1.8249374988954514e-06

gledam	O=0.9999946355819702|NORM=4.96113261760911e-06
semjuel	O=0.9990805387496948|NORM=0.0009189427946694195
l	NORM=0.6097890734672546|O=0.39020416140556335
džeksona	O=0.9992513060569763|NORM=0.0007483414374291897
u	O=0.9999973773956299|NORM=2.551586248955573e-06
tok	O=0.9999401569366455|NORM=5.97399593971204e-05
šou	O=0.9999866485595703|NORM=1.3206034964241553e-05
grejema	O=0.9955084323883057|NORM=0.0044913808815181255
nortona	O=0.9999104738235474|NORM=8.948943286668509e-05
,	O=0.9999974966049194|NORM=1.7091638255806174e-06
i	O=0.9999984502792358|NORM=1.385287760058418e-06
sad	O=0.9999978542327881|NORM=1.8605090872370056e-06
mi	O=0.9999978542327881|NORM=1.9929345853597624e-06
se	O=0.9999982118606567|NORM=1.7574344610693515e-06
gleda	O=0.9999974966049194|NORM=2.4748471787461312e-06
'	O=0.9999914169311523|NORM=8.208867257053498e-06
mofo	O=0.9949814677238464|NORM=0.005017438903450966
snakes	O=0.999212384223938|NORM=0.0007851420086808503
on	O=0.9999921321868896|NORM=7.649205144844018e-06
the	O=0.9999966621398926|NORM=3.170973741362104e-06
mofo	O=0.9915960431098938|NORM=0.008401650004088879
plane	O=0.9999899864196777|NORM=9.868905181065202e-06
'	O=0.9999887943267822|NORM=1.0710060450946912e-05
po	O=0.9999966621398926|NORM=3.2212105907092337e-06
ko	O=0.9999819993972778|NORM=1.7611098883207887e-05
zna	O=0.9999957084655762|NORM=4.2242668314429466e-06
koji	O=0.9999972581863403|NORM=2.704579401324736e-06
put	O=0.9999963045120239|NORM=3.5329376260051504e-06
.	O=0.9999974966049194|NORM=1.7714771729515633e-06

ako	O=0.9999986886978149|NORM=1.056004521160503e-06
ti	O=0.9999986886978149|NORM=1.1909788781849784e-06
nešto	O=0.9999980926513672|NORM=1.69747409017873e-06
nije	O=0.9999986886978149|NORM=1.1554222965060035e-06
jasno	O=0.9999964237213135|NORM=3.3215637813555077e-06
,	O=0.9999988079071045|NORM=8.38019047932903e-07
žali	O=0.9999959468841553|NORM=3.944445325032575e-06
se	O=0.9999985694885254|NORM=1.3185346006139298e-06
učiteljici	O=0.9999971389770508|NORM=2.7387602585804416e-06
.	O=0.9999978542327881|NORM=1.7631701894060825e-06

hm	O=0.9999884366989136|NORM=1.1412858839321416e-05
,	O=0.9999983310699463|NORM=1.2504341384556028e-06
ovog	O=0.999985933303833|NORM=1.3826894246449228e-05
odavno	O=0.9999988079071045|NORM=1.0617281986924354e-06
traže	O=0.9999983310699463|NORM=1.477296905250114e-06
za	O=0.9999982118606567|NORM=1.7372432239426416e-06
kojekakve	O=0.9999970197677612|NORM=2.888827566494001e-06
prestupe	O=0.999968409538269|NORM=3.153551369905472e-05
,	O=0.9999979734420776|NORM=1.3959736406832235e-06
sad	O=0.9999986886978149|NORM=1.0987486120939138e-06
mu	O=0.9999980926513672|NORM=1.8292977301825886e-06
nakače	O=0.9988594055175781|NORM=0.0011404100805521011
saobraćajku	O=0.9999774694442749|NORM=2.2327878468786366e-05
i	O=0.9999986886978149|NORM=1.22374183320062e-06
odgovara	O=0.9999924898147583|NORM=7.483702120225644e-06
nekoliko	O=0.9999984502792358|NORM=1.3727219538850477e-06
godina	O=0.9999979734420776|NORM=1.7971608485822799e-06
a	O=0.9999973773956299|NORM=2.4149755972757703e-06
neki	O=0.9977303147315979|NORM=0.002269176999107003
mudonja	O=0.9998979568481445|NORM=0.0001020517956931144
se	O=0.9999984502792358|NORM=1.5518186273766332e-06
izvuče	O=0.9999966621398926|NORM=3.325199941173196e-06
.	O=0.9999977350234985|NORM=1.7577403923496604e-06

utesite	O=0.9997641444206238|NORM=0.0002355021279072389
se	O=0.9999974966049194|NORM=2.459949882904766e-06
,	O=0.999997615814209|NORM=1.7566192127560498e-06
to	O=0.9999889135360718|NORM=1.0915539860434365e-05
vam	O=0.9999960660934448|NORM=3.87444015359506e-06
je	O=0.9999974966049194|NORM=2.403941607553861e-06
zajednicko	O=0.9993855953216553|NORM=0.0006143565406091511
..	O=0.9999957084655762|NORM=4.13931229559239e-06

nikada	O=0.9999984502792358|NORM=1.316232896897418e-06
više	O=0.9999972581863403|NORM=2.42095688918198e-06
ne	O=0.9999985694885254|NORM=1.2687747812378802e-06
čezneš	O=0.9999403953552246|NORM=5.927541496930644e-05
za	O=0.9999982118606567|NORM=1.5447102441612515e-06
tišinom	O=0.9999973773956299|NORM=2.3927566417114576e-06
nego	O=0.9999972581863403|NORM=2.6351967790105846e-06
u	O=0.9999986886978149|NORM=1.1689160146488575e-06
društvu	O=0.9999974966049194|NORM=2.2876834009366576e-06
ljudi	O=0.9999951124191284|NORM=4.639437975129113e-06
koji	O=0.9999979734420776|NORM=1.890983526209311e-06
su	O=0.9999978542327881|NORM=2.0958480035915272e-06
puni	O=0.999997615814209|NORM=2.3425955077982508e-06
praznih	O=0.9999970197677612|NORM=2.9265650027809897e-06
priča	O=0.9999933242797852|NORM=6.659951850451762e-06
a	O=0.9999877214431763|NORM=1.1921982149942778e-05
ne	O=0.9999982118606567|NORM=1.616403437765257e-06
zaklapaju	O=0.9999978542327881|NORM=2.0291874989197822e-06
usta	O=0.9999954700469971|NORM=4.449917923921021e-06
.	O=0.9999967813491821|NORM=2.843614083758439e-06

ako	O=0.9999978542327881|NORM=1.955170546352747e-06
vas	O=0.999991774559021|NORM=8.14198938314803e-06
žulja	O=0.9987909197807312|NORM=0.0012078278232365847
pogrešan	O=0.999997615814209|NORM=2.2381402686733054e-06
korak	O=0.9999960660934448|NORM=3.843439117190428e-06
od	O=0.999996542930603|NORM=3.268976797698997e-06
pre	O=0.9999979734420776|NORM=1.8631264993018704e-06
par	O=0.9999974966049194|NORM=2.3935697299748426e-06
meseci	O=0.9999977350234985|NORM=2.1935034055786673e-06
,	O=0.9999980926513672|NORM=1.4527755638482631e-06
a	O=0.9999964237213135|NORM=3.324736326248967e-06
savest	O=0.9999920129776001|NORM=7.974748768901918e-06
vas	O=0.9999971389770508|NORM=2.78839388556662e-06
gricka	O=0.9999576807022095|NORM=4.2094983655260876e-05
,	O=0.9999971389770508|NORM=1.9835263174172724e-06
eto	O=0.9999967813491821|NORM=3.093940449616639e-06
baš	O=0.999997615814209|NORM=2.235141209894209e-06
danas	O=0.9999984502792358|NORM=1.296726509281143e-06
pošaljite	O=0.999997615814209|NORM=2.2343781438394217e-06
poruku	O=0.9999951124191284|NORM=4.731989974970929e-06
,	O=0.9999980926513672|NORM=1.3488190688804025e-06
izvinite	O=0.9999980926513672|NORM=1.8328969417780172e-06
se	O=0.9999979734420776|NORM=1.9679587239807006e-06
,	O=0.9999970197677612|NORM=1.959279188668006e-06
olakšajte	O=0.9999978542327881|NORM=2.0497673176578246e-06
sebi	O=0.9999982118606567|NORM=1.7436367443224299e-06
.	O=0.9999967813491821|NORM=2.560904704296263e-06

g-din	O=0.9958368539810181|NORM=0.004161190241575241
mi	O=0.9999980926513672|NORM=1.8390690001979237e-06
je	O=0.9999980926513672|NORM=1.8171145939049893e-06
otac	O=0.9999973773956299|NORM=2.517713937777444e-06
.	O=0.9999974966049194|NORM=2.296545062563382e-06

pa	O=0.9999985694885254|NORM=1.3639189546665875e-06
jel	NORM=0.9999691247940063|O=8.478338713757694e-06
to	O=0.999995231628418|NORM=4.663268100557616e-06
sad	O=0.9999980926513672|NORM=1.7531071989651537e-06
siguran	O=0.999997615814209|NORM=2.2854503640701296e-06
znak	O=0.9999979734420776|NORM=1.9763451746257488e-06
da	O=0.9999985694885254|NORM=1.238124241353944e-06
je	O=0.9999982118606567|NORM=1.6908933275772142e-06
bdsm	O=0.9998760223388672|NORM=0.00012266472913324833
perverzija	O=0.9999974966049194|NORM=2.3955744836712256e-06
završila	O=0.9999983310699463|NORM=1.5227356016112026e-06
?	O=0.9999977350234985|NORM=2.090852831315715e-06

nema	O=0.9999961853027344|NORM=3.557781610652455e-06
da	O=0.9999738931655884|NORM=2.584809044492431e-05
omane	O=0.998153030872345|NORM=0.0018466562032699585
!	O=0.9999933242797852|NORM=6.2595495364803355e-06

sta	NORM=0.9999852180480957|O=4.95355061502778e-06
ti	O=0.9999977350234985|NORM=2.202162022513221e-06
je	O=0.9999948740005493|NORM=5.094040261610644e-06
gasni	NORM=0.9996092915534973|O=0.00038980916724540293
lobi	O=0.999988317489624|NORM=1.1602648555708583e-05
...	O=0.9999922513961792|NORM=7.5833272603631485e-06

“	O=0.999996542930603|NORM=2.6141140097024618e-06
@kinky_mind	O=0.9999961853027344|NORM=3.6913804706273368e-06
:	O=0.9999972581863403|NORM=2.1697280772059457e-06
drugarica	O=0.9999982118606567|NORM=1.7002316781145055e-06
:	O=0.9999970197677612|NORM=2.4423443392151967e-06
"	O=0.9999970197677612|NORM=2.4211963136622217e-06
kakvo	O=0.9999980926513672|NORM=1.7853379858934204e-06
je	O=0.9999986886978149|NORM=1.265848823095439e-06
vreme	O=0.9999986886978149|NORM=1.2073840025550453e-06
došlo	O=0.9999980926513672|NORM=1.5908606201264774e-06
,	O=0.9999980926513672|NORM=1.3547363550969749e-06
ne	O=0.9999979734420776|NORM=1.724691855997662e-06
nagovaraju	O=0.999957799911499|NORM=4.171008549747057e-05
više	O=0.9999974966049194|NORM=2.1497353372978978e-06
dva	O=0.999996542930603|NORM=2.960004849228426e-06
tipa	O=0.9999957084655762|NORM=4.198290298518259e-06
ribu	O=0.9998399019241333|NORM=0.00015972062828950584
na	O=0.9999982118606567|NORM=1.6489868812641362e-06
seks	O=0.999984860420227|NORM=1.4949280739529058e-05
,	O=0.9999971389770508|NORM=2.1786520392197417e-06
nego	O=0.9999980926513672|NORM=1.6475938764415332e-06
dve	O=0.9999963045120239|NORM=3.4401350603729952e-06
ribe	O=0.9999924898147583|NORM=7.471287517546443e-06
tipa	O=0.9999831914901733|NORM=1.6764868632890284e-05
.	O=0.9999970197677612|NORM=2.192681904489291e-06
"	O=0.9999951124191284|NORM=3.7443687688210048e-06
”	O=0.9999957084655762|NORM=3.328814045744366e-06

ja	O=0.9999982118606567|NORM=1.740252855597646e-06
ne	O=0.999998927116394|NORM=9.954306960935355e-07
znam	O=0.9999983310699463|NORM=1.4998255437603802e-06
kako	O=0.9999980926513672|NORM=1.7722927623253781e-06
se	O=0.9999985694885254|NORM=1.4092570381762926e-06
moja	O=0.9999973773956299|NORM=2.577621444288525e-06
mama	O=0.9999961853027344|NORM=3.7314896417228738e-06
oseca	NORM=0.9997429251670837|O=0.0002558811684139073
povodom	O=0.9999974966049194|NORM=2.2400595298677217e-06
toga	O=0.9999982118606567|NORM=1.4861115005260217e-06
sto	NORM=0.9999816417694092|O=1.3306511391419917e-05
joj	O=0.9999966621398926|NORM=3.1348768061434384e-06
svakodnevno	O=0.9999973773956299|NORM=2.2871595319884364e-06
dizem	NORM=0.9958124756813049|O=0.004185545723885298
pritisak	O=0.9999964237213135|NORM=3.4047454846586334e-06
,	O=0.9999972581863403|NORM=2.3895524918771116e-06
ali	O=0.9999984502792358|NORM=1.4844248426015838e-06
mogla	O=0.9999959468841553|NORM=3.935295808332739e-06
bih	O=0.9999954700469971|NORM=4.408106178743765e-06
da	O=0.9999986886978149|NORM=1.1726876891771099e-06
pretpostavim	O=0.9997288584709167|NORM=0.0002710129483602941
ili	O=0.9999911785125732|NORM=8.717016498849262e-06
da	O=0.9999983310699463|NORM=1.397624487253779e-06
prestanem	O=0.9999977350234985|NORM=2.1342111722333357e-06
.	O=0.9999977350234985|NORM=1.975046416191617e-06

obozavam	NORM=0.9999880790710449|O=8.89105285750702e-06
bioskop	O=0.9999651908874512|NORM=3.472870957921259e-05
,	O=0.9999980926513672|NORM=1.5841840195207624e-06
ali	O=0.999997615814209|NORM=2.260727114844485e-06
podizem	NORM=0.9990234375|O=0.0009753018384799361
noge	O=0.9999983310699463|NORM=1.5430980511155212e-06
kad	O=0.9999985694885254|NORM=1.0151167089134105e-06
se	O=0.9999982118606567|NORM=1.7687724493953283e-06
svetla	O=0.9999970197677612|NORM=2.969277147713001e-06
ugase	O=0.9600995779037476|NORM=0.03989999741315842
i	O=0.9999980926513672|NORM=1.8768639620247995e-06
pocne	NORM=0.9999873638153076|O=1.0643869245541282e-05
film	O=0.9999855756759644|NORM=1.4294986613094807e-05
jer	O=0.9999974966049194|NORM=2.3144050373957725e-06
se	O=0.9999982118606567|NORM=1.6720755411370192e-06
bojim	O=0.9999979734420776|NORM=1.9164513105351944e-06
bubasvaba	O=0.5683416724205017|NORM=0.43165647983551025
i	O=0.9999985694885254|NORM=1.2486278819778818e-06
lepljivih	O=0.999997615814209|NORM=2.3071129362506326e-06
podova	O=0.9999934434890747|NORM=6.473937446571654e-06
.	O=0.9999978542327881|NORM=1.8458579233993078e-06

based	O=0.9999922513961792|NORM=7.287329026439693e-06
on	O=0.9999964237213135|NORM=3.338754822834744e-06
photos	O=0.9999692440032959|NORM=3.047149039048236e-05
you	O=0.9999711513519287|NORM=2.7781383323599584e-05
liked	O=0.9999934434890747|NORM=6.395908258127747e-06
instagram	O=0.9999845027923584|NORM=1.5278574210242368e-05
mi	O=0.9999988079071045|NORM=1.06589993720263e-06
nudi	O=0.9999946355819702|NORM=5.309610969561618e-06
guzice	O=0.9960175156593323|NORM=0.003982183523476124
tri	O=0.9999797344207764|NORM=1.9780318325501867e-05
preplanule	O=0.9999951124191284|NORM=4.715640898211859e-06
plavuše	O=0.999830961227417|NORM=0.00016872042033355683
jer	O=0.9999953508377075|NORM=4.490347691898933e-06
očigledno	O=0.9999978542327881|NORM=2.095584250128013e-06
misli	O=0.9999910593032837|NORM=8.726713531359565e-06
da	O=0.9999983310699463|NORM=1.4086493820286705e-06
sam	O=0.9999986886978149|NORM=1.1161034763063071e-06
lezbejka	O=0.9980282187461853|NORM=0.0019713344518095255
.	O=0.9999960660934448|NORM=3.6460889987210976e-06

@xygoius	O=0.9999969005584717|NORM=2.913315029218211e-06
ja	O=0.9999985694885254|NORM=1.266594949811406e-06
se	O=0.9999984502792358|NORM=1.472645408284734e-06
slažem	O=0.9999979734420776|NORM=1.9010078631254146e-06
da	O=0.9999986886978149|NORM=1.1492745670693694e-06
jeste	O=0.999990701675415|NORM=9.23990683077136e-06
,	O=0.9999982118606567|NORM=1.4113157931205933e-06
ali	O=0.9999985694885254|NORM=1.2450166195776546e-06
boljeg	O=0.9999977350234985|NORM=2.1398118406068534e-06
pleja	O=0.9999935626983643|NORM=6.2856202021066565e-06
nemate	O=0.9999983310699463|NORM=1.5258465282386169e-06
.	O=0.9999977350234985|NORM=1.9029265558856423e-06

čekajte	O=0.9999970197677612|NORM=2.8681295134447282e-06
,	O=0.9999974966049194|NORM=1.6863879181983066e-06
imamo	O=0.9999982118606567|NORM=1.5369163293144084e-06
brejking	O=0.9999958276748657|NORM=3.991355242760619e-06
njuz	O=0.9999454021453857|NORM=5.43459173059091e-05
,	O=0.999997615814209|NORM=1.6809769931569463e-06
jednoj	O=0.9999978542327881|NORM=1.89139075246203e-06
našoj	O=0.9999969005584717|NORM=2.895088073273655e-06
eminentnoj	O=0.9999983310699463|NORM=1.528284542473557e-06
umetnici	O=0.9999980926513672|NORM=1.7628511841394356e-06
ispala	O=0.9999948740005493|NORM=4.849686320085311e-06
sisa	O=0.9999008178710938|NORM=9.897039853967726e-05
!	O=0.9999964237213135|NORM=3.0261733172665117e-06

miloš	O=0.9999969005584717|NORM=3.0530754884239286e-06
ninković	O=0.9999912977218628|NORM=8.640540727355983e-06
donirao	O=0.9999973773956299|NORM=2.416883262412739e-06
je	O=0.9999980926513672|NORM=1.8475808474249789e-06
veliku	O=0.9999983310699463|NORM=1.352518779640377e-06
svotu	O=0.9999969005584717|NORM=2.959306129923789e-06
novca	O=0.9999973773956299|NORM=2.497973127901787e-06
za	O=0.9999985694885254|NORM=1.3728256362810498e-06
lečenje	O=0.9999953508377075|NORM=4.457690010895021e-06
male	O=0.9999920129776001|NORM=7.6949545473326e-06
une	O=0.9999357461929321|NORM=6.406090687960386e-05
,	O=0.999994158744812|NORM=4.944574811815983e-06
koja	O=0.9999955892562866|NORM=4.083980456925929e-06
boluje	O=0.9999980926513672|NORM=1.7954461100089247e-06
od	O=0.9999984502792358|NORM=1.4681609172839671e-06
najtežeg	O=0.9999978542327881|NORM=2.005399437621236e-06
oblika	O=0.9999977350234985|NORM=1.943566303452826e-06
leukemije	O=0.9999953508377075|NORM=4.518597052083351e-06
.	O=0.9999971389770508|NORM=2.5428817025385797e-06

cela	O=0.9999964237213135|NORM=3.542742661011289e-06
ekipa	O=0.9999982118606567|NORM=1.7285256035393104e-06
iz	O=0.999997615814209|NORM=2.3359655187960016e-06
'	O=0.9999814033508301|NORM=1.842476376623381e-05
tvoje	O=0.9999943971633911|NORM=5.555383268074365e-06
lice	O=0.9999972581863403|NORM=2.7224143650528276e-06
zvuči	O=0.9999964237213135|NORM=3.3508124488434987e-06
poznato	O=0.999997615814209|NORM=2.271604444104014e-06
'	O=0.999984860420227|NORM=1.4979264960857108e-05
kopira	O=0.9999909400939941|NORM=8.86696307134116e-06
najbolje	O=0.9999940395355225|NORM=5.69836629438214e-06
,	O=0.9999983310699463|NORM=1.4312528264781577e-06
i	O=0.9999984502792358|NORM=1.4413095641430118e-06
dobri	O=0.9999972581863403|NORM=2.5905219445121475e-06
su	O=0.9999966621398926|NORM=3.307223778392654e-06
.	O=0.9999979734420776|NORM=1.7173388187075034e-06

dođem	O=0.9999867677688599|NORM=1.2561465155158658e-05
u	O=0.9999983310699463|NORM=1.5957554069245816e-06
školu	O=0.9999887943267822|NORM=1.093398986995453e-05
15	O=0.9999979734420776|NORM=1.8460887076798826e-06
min.	O=0.9998828172683716|NORM=0.00011705521319527179
ranije	O=0.9999943971633911|NORM=5.4774868658569176e-06
da	O=0.9999985694885254|NORM=1.1964899613303714e-06
isteram	O=0.6045565009117126|NORM=0.3954348564147949
muve	O=0.9870965480804443|NORM=0.012902854010462761
iz	O=0.9999974966049194|NORM=2.4835906060616253e-06
učionice	O=0.9999808073043823|NORM=1.9118155250907876e-05
,	O=0.9999971389770508|NORM=2.037603962889989e-06
da	O=0.999997615814209|NORM=1.9892502223228803e-06
ih	O=0.999987006187439|NORM=1.290817090193741e-05
učenica	O=0.9999979734420776|NORM=1.937300567078637e-06
ne	O=0.999997615814209|NORM=2.1680762074538507e-06
bi	O=0.9999943971633911|NORM=5.508530193765182e-06
vijala	O=0.9999899864196777|NORM=9.903214049700182e-06
i	O=0.9999986886978149|NORM=1.117219653679058e-06
kidala	O=0.9999982118606567|NORM=1.6655123999953503e-06
im	O=0.9999979734420776|NORM=1.9432591216173023e-06
krila	O=0.9999980926513672|NORM=1.8489256490283879e-06
.	O=0.999996542930603|NORM=2.549341388657922e-06

jel	NORM=0.999985933303833|O=1.0194427886744961e-05
nikola	O=0.9999115467071533|NORM=8.833701576804742e-05
opalio	O=0.9999979734420776|NORM=1.9922276806028094e-06
onu	O=0.9999806880950928|NORM=1.9194041669834405e-05
svoju	O=0.9999924898147583|NORM=7.3569708547438495e-06
cimerku	NORM=0.9997841715812683|O=0.0002147156628780067
martu	O=0.9999871253967285|NORM=1.286855786020169e-05
?	O=0.9999980926513672|NORM=1.7010181636578636e-06

a	O=0.9999973773956299|NORM=2.4210355604736833e-06
ispitiju	O=0.9999855756759644|NORM=1.4308462596090976e-05
se	O=0.9999978542327881|NORM=2.0915852019243175e-06
i	O=0.9999970197677612|NORM=2.8854603897343623e-06
pomenuti	O=0.9999947547912598|NORM=5.1506372074072715e-06
stan	O=0.9999960660934448|NORM=3.6986602935940027e-06
.	O=0.9999970197677612|NORM=2.5924466626747744e-06

treba	O=0.9999957084655762|NORM=4.12558983953204e-06
mi	O=0.9999984502792358|NORM=1.3921335266786627e-06
pomoć	O=0.9999799728393555|NORM=1.9901686755474657e-05
najboljeg	O=0.9999983310699463|NORM=1.5854102457524277e-06
prijatelja	O=0.9999974966049194|NORM=2.1447428935061907e-06
,	O=0.9999970197677612|NORM=2.277338126077666e-06
koji	O=0.9999973773956299|NORM=2.4632527129142545e-06
je	O=0.9999982118606567|NORM=1.767089656823373e-06
sada	O=0.9999988079071045|NORM=1.0195826689596288e-06
boga	O=0.9999921321868896|NORM=7.85020620241994e-06
pitaj	O=0.9999961853027344|NORM=3.7702545796491904e-06
gde	O=0.9999978542327881|NORM=1.979472472157795e-06
,	O=0.9999977350234985|NORM=1.8496499478715123e-06
i	O=0.9999983310699463|NORM=1.4431744830289972e-06
koji	O=0.9999949932098389|NORM=4.594307029037736e-06
mi	O=0.9999986886978149|NORM=1.1512645414768485e-06
ne	O=0.9999986886978149|NORM=1.1823441354863462e-06
odgovara	O=0.9999985694885254|NORM=1.2458730225262116e-06
na	O=0.9999986886978149|NORM=1.1717296501956298e-06
poruku	O=0.9999957084655762|NORM=4.1315156522614416e-06
već	O=0.9999986886978149|NORM=1.0095326388182002e-06
jedan	O=0.9999986886978149|NORM=1.0468706932442728e-06
dan	O=0.9999985694885254|NORM=1.220252670464106e-06
,	O=0.9999969005584717|NORM=2.5427450509596383e-06
i	O=0.9999979734420776|NORM=1.7924862731888425e-06
koji	O=0.9999966621398926|NORM=3.0877736207912676e-06
me	O=0.999997615814209|NORM=2.2858603188069537e-06
blokirao	O=0.9999983310699463|NORM=1.5544757161478628e-06
svuda	O=0.9999985694885254|NORM=1.3246940397948492e-06

kad	O=0.9999988079071045|NORM=8.451138455711771e-07
odlepim	O=0.9999982118606567|NORM=1.7697492467050324e-06
zbog	O=0.9999983310699463|NORM=1.4929698863852536e-06
drustvenih	NORM=0.9996477365493774|O=0.00035149764153175056
mreza	NORM=0.9980731010437012|O=0.0019230821635574102
,	O=0.9999980926513672|NORM=1.5644307040929561e-06
igrica	O=0.9999967813491821|NORM=3.0964611141826026e-06
i	O=0.9999986886978149|NORM=1.1320742032694397e-06
serija	O=0.9999954700469971|NORM=4.42895679952926e-06
...	O=0.999996542930603|NORM=3.1742713417770574e-06

@dragokovacevic	O=0.9999679327011108|NORM=3.171888238284737e-05
da	O=0.9999967813491821|NORM=3.1861184197623516e-06
,	O=0.9999984502792358|NORM=1.1852181387439487e-06
štetu	O=0.999995231628418|NORM=4.616805654222844e-06
smo	O=0.9999979734420776|NORM=1.8569002122603706e-06
uračunali	O=0.9999871253967285|NORM=1.2559828974190168e-05
kada	O=0.9999988079071045|NORM=8.566429414713639e-07
smo	O=0.9999979734420776|NORM=1.8978432763105957e-06
uračunali	O=0.9999903440475464|NORM=9.301038517151028e-06
realnost	O=0.9999963045120239|NORM=3.5348386973055312e-06
i	O=0.9999985694885254|NORM=1.3676351500180317e-06
njihove	O=0.999990701675415|NORM=9.208941264660098e-06
pristalice	O=0.9998829364776611|NORM=0.00011692780390148982
.	O=0.9999977350234985|NORM=1.9941910522902617e-06

za	O=0.9999985694885254|NORM=1.2668837143792189e-06
vreme	O=0.9999970197677612|NORM=2.9324935439944966e-06
slobe	O=0.8923301100730896|NORM=0.10766579210758209
i	O=0.9999963045120239|NORM=3.5720540836337022e-06
radikala	O=0.9999934434890747|NORM=6.5082558649010025e-06
je	O=0.9999986886978149|NORM=1.213564587487781e-06
kao	O=0.9999988079071045|NORM=1.1302264510959503e-06
direktan	O=0.9999978542327881|NORM=2.064506816168432e-06
rezultat	O=0.9999977350234985|NORM=2.124848833773285e-06
njihove	O=0.9999957084655762|NORM=4.168619852862321e-06
vladavine	O=0.9999955892562866|NORM=4.296177394280676e-06
bilo	O=0.9999982118606567|NORM=1.610763661119563e-06
nekoliko	O=0.9999985694885254|NORM=1.1827612524939468e-06
desetina	O=0.9999982118606567|NORM=1.6863198197825113e-06
hiljada	O=0.9999982118606567|NORM=1.699878225736029e-06
mrtvih	O=0.9999978542327881|NORM=2.072167717415141e-06
.	O=0.999997615814209|NORM=2.049147269644891e-06

sestra	O=0.9999926090240479|NORM=6.762929388060002e-06
otisla	NORM=0.9999802112579346|O=1.759441329340916e-05
da	O=0.9999967813491821|NORM=3.14174917548371e-06
spava	O=0.9999676942825317|NORM=3.2231931982096285e-05
a	O=0.9999974966049194|NORM=2.2637020720139844e-06
njena	O=0.999997615814209|NORM=2.2764818368159467e-06
drugarica	O=0.9999983310699463|NORM=1.5309656191675458e-06
sedi	O=0.9999982118606567|NORM=1.7030586150212912e-06
kod	O=0.9999986886978149|NORM=1.2375282949506072e-06
mene	O=0.9999972581863403|NORM=2.440531034153537e-06
u	O=0.9999986886978149|NORM=1.2835448615078349e-06
sobi	O=0.9999949932098389|NORM=4.788626938534435e-06
,	O=0.999998927116394|NORM=8.878197945705324e-07
pusi	NORM=0.999150276184082|O=0.0008361127693206072
i	O=0.9999985694885254|NORM=1.313569441663276e-06
gleda	O=0.9999979734420776|NORM=1.975461373149301e-06
tudje	NORM=0.9999915361404419|O=5.323284312908072e-06
bolesne	O=0.9199081063270569|NORM=0.08009036630392075
zivote	NORM=0.9999909400939941|O=6.324000878521474e-06
na	O=0.9999979734420776|NORM=1.9571893972170074e-06
tlc	O=0.8988165259361267|NORM=0.10117791593074799
...	O=0.999991774559021|NORM=8.000631169124972e-06

-	O=0.9999966621398926|NORM=3.124644990748493e-06
mislite	O=0.9999949932098389|NORM=4.910856659989804e-06
iq	O=0.7983733415603638|NORM=0.2016223520040512
?	O=0.999996542930603|NORM=3.2694849778636126e-06

prošli	O=0.9999969005584717|NORM=2.927304421973531e-06
put	O=0.9999972581863403|NORM=2.588262532299268e-06
sam	O=0.9999984502792358|NORM=1.3780773997495999e-06
stajao	O=0.999997615814209|NORM=2.3302470708586043e-06
okružen	O=0.9999973773956299|NORM=2.5348460894747404e-06
old	O=0.9999961853027344|NORM=3.5322568692208733e-06
school	O=0.9999542236328125|NORM=4.5349428546614945e-05
krajišnicima	O=0.9999955892562866|NORM=4.341019575804239e-06
.	O=0.9999978542327881|NORM=1.8303024944543722e-06

@srkoprivica	O=0.9999979734420776|NORM=1.92452102965035e-06
ne	O=0.9999980926513672|NORM=1.6675496681273216e-06
odustaj	O=0.9999982118606567|NORM=1.7153555518234498e-06
sad	O=0.9999982118606567|NORM=1.5788134533067932e-06
,	O=0.9999977350234985|NORM=1.6475211168653914e-06
kada	O=0.9999929666519165|NORM=5.854794380866224e-06
ozbiljno	O=0.9999901056289673|NORM=9.82314031716669e-06
sam	O=0.9999985694885254|NORM=1.3605231288238429e-06
fan	O=0.999992847442627|NORM=7.0548253461311106e-06
!	O=0.9999978542327881|NORM=1.9023625554837054e-06

ovo	O=0.9999681711196899|NORM=3.159101470373571e-05
kad	O=0.9999985694885254|NORM=9.799919098441023e-07
se	O=0.9999982118606567|NORM=1.7312642057731864e-06
zoveš	O=0.9999983310699463|NORM=1.6053655826908653e-06
i	O=0.999998927116394|NORM=9.879253184408299e-07
prezivaš	O=0.9999979734420776|NORM=1.9044392729483661e-06
mane	O=0.9827708005905151|NORM=0.017227021977305412
šakić	O=0.9997803568840027|NORM=0.00021953201212454587
,	O=0.9999979734420776|NORM=1.230592033607536e-06
to	O=0.9999986886978149|NORM=9.868572306004353e-07
znači	O=0.9999970197677612|NORM=2.5951007955882233e-06
da	O=0.9999988079071045|NORM=1.0533351542107994e-06
ne	O=0.9999982118606567|NORM=1.665852323640138e-06
umeš	O=0.9999949932098389|NORM=4.842237558477791e-06
da	O=0.9999983310699463|NORM=1.4864106105960673e-06
drkaš	O=0.9999969005584717|NORM=3.026550075446721e-06
,	O=0.9999971389770508|NORM=2.0005634269182337e-06
pa	O=0.9999980926513672|NORM=1.8193355799667188e-06
desnicom	O=0.9999926090240479|NORM=7.255100172187667e-06
udaraš	O=0.999997615814209|NORM=2.2240335511014564e-06
nemoćne	O=0.9999973773956299|NORM=2.561386963861878e-06
žene	O=0.9999947547912598|NORM=5.091023467684863e-06
.	O=0.9999978542327881|NORM=1.5233956673910143e-06

ode	O=0.9999617338180542|NORM=3.747521623154171e-05
,	O=0.9999978542327881|NORM=1.6167095964192413e-06
a	O=0.9999960660934448|NORM=3.489719574645278e-06
mene	O=0.9999960660934448|NORM=3.714163540280424e-06
ostavi	O=0.9999984502792358|NORM=1.5280323850674904e-06
sa	O=0.9999986886978149|NORM=1.125587004935369e-06
punim	O=0.9999984502792358|NORM=1.4678529396405793e-06
bokalom	O=0.9999861717224121|NORM=1.3667634448211174e-05
djus	NORM=0.9999796152114868|O=1.6577649148530327e-05
vodke	O=0.9977169036865234|NORM=0.002282671630382538
.	O=0.9999978542327881|NORM=1.7043416846718173e-06

dodala	O=0.9999967813491821|NORM=3.0259407139965333e-06
biih	NORM=0.9251337647438049|O=0.07486554235219955
tome	O=0.9999886751174927|NORM=1.1243597327847965e-05
i	O=0.9999982118606567|NORM=1.6464696273033042e-06
ravnodusnost	NORM=0.6818954348564148|O=0.31810346245765686
.	O=0.9999971389770508|NORM=2.6399859507364454e-06

niko	O=0.9999977350234985|NORM=2.1222526811470743e-06
neće	O=0.9999957084655762|NORM=4.1587718442315236e-06
pivo	O=0.9997816681861877|NORM=0.00021795957582071424
,	O=0.9999972581863403|NORM=1.8345899661653675e-06
a	O=0.9999980926513672|NORM=1.6640482272123336e-06
kad	O=0.9999979734420776|NORM=1.3856133591616526e-06
otvorim	O=0.9999978542327881|NORM=2.023955858021509e-06
jedno	O=0.9991360306739807|NORM=0.0008629965595901012
,	O=0.9999983310699463|NORM=1.1760438383134897e-06
dolete	O=0.9999479055404663|NORM=5.1965042075607926e-05
lokalni	O=0.9999957084655762|NORM=4.2045289774250705e-06
alkoholičari	O=0.9999983310699463|NORM=1.6156345736817457e-06
,	O=0.9999982118606567|NORM=1.23164318210911e-06
sva	O=0.9999979734420776|NORM=1.9058691123063909e-06
rodbina	O=0.999997615814209|NORM=2.1609605482808547e-06
,	O=0.9999978542327881|NORM=1.593756223883247e-06
baba	O=0.9999967813491821|NORM=3.1263473374565365e-06
iz	O=0.9999983310699463|NORM=1.5056182292028097e-06
reklame	O=0.9999915361404419|NORM=8.275113032141235e-06
za	O=0.9999970197677612|NORM=2.8204740374349058e-06
abatel	O=0.9996325969696045|NORM=0.00036687430110760033
i	O=0.9999988079071045|NORM=9.717224429550697e-07
ulete	O=0.9999076128005981|NORM=9.186918032355607e-05
mi	O=0.9999982118606567|NORM=1.7011010413625627e-06
još	O=0.9999982118606567|NORM=1.626977223168069e-06
2	O=0.9999823570251465|NORM=1.65843048307579e-05
jehovina	O=0.9961509704589844|NORM=0.0038488726131618023
svedoka	O=0.999983549118042|NORM=1.6342319213435985e-05

u	O=0.9999984502792358|NORM=1.447218323846755e-06
svakoj	O=0.9999963045120239|NORM=3.6425867619982455e-06
šali	O=0.99998939037323|NORM=1.0468264918017667e-05
ima	O=0.9999985694885254|NORM=1.338065317213477e-06
malo	O=0.9999970197677612|NORM=2.9009779609623365e-06
šale	O=0.9999974966049194|NORM=2.4233363546954934e-06
.	O=0.9999978542327881|NORM=1.9725300717254868e-06

za	O=0.9999978542327881|NORM=1.990981445487705e-06
sada	O=0.9999980926513672|NORM=1.7492277493147412e-06
izuzetno	O=0.9999951124191284|NORM=4.548497145151487e-06
pozitivno	O=0.9999943971633911|NORM=5.447158400784247e-06
iskustvo	O=0.9999963045120239|NORM=3.5635073345474666e-06
sa	O=0.9999980926513672|NORM=1.7472203808210907e-06
splitom	O=0.9999849796295166|NORM=1.4693898265250027e-05
!	O=0.9999967813491821|NORM=3.001110371769755e-06

cristina	O=0.9999634027481079|NORM=3.656431726994924e-05
yang	O=0.9978684186935425|NORM=0.002130840439349413
napušta	O=0.9999984502792358|NORM=1.3986795011078357e-06
seriju	O=0.9999966621398926|NORM=3.2575185286987107e-06
na	O=0.999998927116394|NORM=9.971598728952813e-07
kraju	O=0.9999979734420776|NORM=1.8082754422721337e-06
ove	O=0.9999982118606567|NORM=1.6607239103905158e-06
sezone	O=0.9999979734420776|NORM=1.8823900518327719e-06
.	O=0.999997615814209|NORM=2.0319660052336985e-06

baci	O=0.9999933242797852|NORM=6.602492248930503e-06
sestro	O=0.9999915361404419|NORM=8.338503903360106e-06
olovku	O=0.9999922513961792|NORM=7.691091013839468e-06
i	O=0.9999986886978149|NORM=1.171612325379101e-06
probaj	O=0.9999974966049194|NORM=2.455107733112527e-06
da	O=0.9999982118606567|NORM=1.6549200836379896e-06
prodaješ	O=0.999996542930603|NORM=3.348429800098529e-06
kokice	O=0.9999932050704956|NORM=6.769521860405803e-06
!	O=0.9999949932098389|NORM=4.3783115870610345e-06

ukoliko	O=0.9999979734420776|NORM=1.7175322000184678e-06
niste	O=0.9999983310699463|NORM=1.5857216340009472e-06
plaćeni	O=0.9999978542327881|NORM=2.042738060481497e-06
,	O=0.9999988079071045|NORM=9.292450613429537e-07
onda	O=0.9999988079071045|NORM=9.83092490969284e-07
je	O=0.9999985694885254|NORM=1.379881950924755e-06
to	O=0.9999988079071045|NORM=1.0578582987363916e-06
tužno	O=0.9999982118606567|NORM=1.685723304944986e-06
.	O=0.9999978542327881|NORM=1.777319198481564e-06

niko	O=0.9999878406524658|NORM=1.1655743946903385e-05
.	O=0.9999958276748657|NORM=3.971217211073963e-06

kaže	O=0.9999943971633911|NORM=5.2169534683343954e-06
jovana	O=0.9999195337295532|NORM=8.044928836170584e-05
danas	O=0.9999988079071045|NORM=1.0374241128374706e-06
plašim	O=0.9999810457229614|NORM=1.8694479877012782e-05
se	O=0.9999980926513672|NORM=1.7682864381640684e-06
da	O=0.9999985694885254|NORM=1.1590927897486836e-06
odem	O=0.9999983310699463|NORM=1.4469188727161963e-06
na	O=0.9999985694885254|NORM=1.3639306644108729e-06
depilaciju	O=0.9999922513961792|NORM=7.501271284127142e-06
prepona	O=0.9999966621398926|NORM=3.224050260541844e-06
imam	O=0.9999984502792358|NORM=1.3354874681681395e-06
osećaj	O=0.9999974966049194|NORM=2.249599219794618e-06
da	O=0.9999983310699463|NORM=1.2853793123213109e-06
ću	O=0.9999973773956299|NORM=2.4615853817522293e-06
dobiti	O=0.9999959468841553|NORM=3.93282334698597e-06
podlive	O=0.9999665021896362|NORM=3.3289117709500715e-05
do	O=0.9999986886978149|NORM=1.1405528539398802e-06
večeras	O=0.9999985694885254|NORM=1.2944606169185136e-06

moci	NORM=0.9999377727508545|O=5.964321462670341e-05
pomoci	NORM=0.9905053973197937|O=0.009493709541857243
prijatelju	O=0.9999972581863403|NORM=2.700427330637467e-06
,	O=0.9999984502792358|NORM=1.2663991810768493e-06
to	O=0.9999977350234985|NORM=2.1224814190645702e-06
je	O=0.9999979734420776|NORM=1.986437382583972e-06
dvostruka	O=0.9999979734420776|NORM=2.0292477529437747e-06
sreca	NORM=0.9993481040000916|O=0.0006508102524094284
:	O=0.9999927282333374|NORM=7.0485293690580875e-06
tvoja	O=0.9987999200820923|NORM=0.0011998487170785666
jer	O=0.9999970197677612|NORM=2.958211553050205e-06
si	O=0.9999969005584717|NORM=3.0398505259654485e-06
ucinio	NORM=0.9999756813049316|O=1.8981150788022205e-05
dobro	O=0.9999029636383057|NORM=9.68287349678576e-05
i	O=0.9999972581863403|NORM=2.6325265025661793e-06
njegova	O=0.9999445676803589|NORM=5.5434768000850454e-05
jer	O=0.9999973773956299|NORM=2.5904334961524e-06
je	O=0.9999980926513672|NORM=1.8911099459728575e-06
problem	O=0.9999959468841553|NORM=3.9981105146580376e-06
resio	NORM=0.9999774694442749|O=1.8720567823038436e-05
.	O=0.9999979734420776|NORM=1.7373123455399764e-06

u	O=0.9999985694885254|NORM=1.2824116311094258e-06
ranoj	O=0.9999977350234985|NORM=2.194792386944755e-06
mladosti	O=0.9999970197677612|NORM=2.9332989015529165e-06
sam	O=0.9999978542327881|NORM=1.994626700252411e-06
maštala	O=0.9999978542327881|NORM=2.082415676341043e-06
o	O=0.9999985694885254|NORM=1.3460775107887457e-06
belom	O=0.9999948740005493|NORM=4.962222647009185e-06
bmw-u	O=0.9999842643737793|NORM=1.559396150696557e-05
i	O=0.9999984502792358|NORM=1.3524635278372443e-06
kući	O=0.9999958276748657|NORM=4.016610546386801e-06
na	O=0.9999988079071045|NORM=1.0517130704101874e-06
obali	O=0.9999983310699463|NORM=1.5437708498211578e-06
mora	O=0.9999772310256958|NORM=2.2601045202463865e-05
,	O=0.9999922513961792|NORM=5.420981324277818e-06
a	O=0.9999980926513672|NORM=1.6793161421446712e-06
sada	O=0.9999985694885254|NORM=1.1205850114492932e-06
sam	O=0.9999984502792358|NORM=1.3735717629970168e-06
shvatila	O=0.9999986886978149|NORM=1.22292999549245e-06
da	O=0.9999986886978149|NORM=1.1656821925498662e-06
i	O=0.9999970197677612|NORM=2.813505261656246e-06
gulaš	O=0.999996542930603|NORM=3.294801217634813e-06
sa	O=0.9999988079071045|NORM=1.022507831294206e-06
pireom	O=0.9999945163726807|NORM=5.3936159929435235e-06
nije	O=0.9999986886978149|NORM=1.1352029787303763e-06
loša	O=0.9999979734420776|NORM=1.8933147885036306e-06
stvar	O=0.9999983310699463|NORM=1.5126257721931324e-06
...	O=0.999993085861206|NORM=6.403559382306412e-06

#gladni	O=0.9998039603233337|NORM=0.00019583984976634383
mozda	NORM=0.561659038066864|O=0.43833649158477783
?	O=0.9999949932098389|NORM=4.927981080982136e-06

@mrdarkod	O=0.9999954700469971|NORM=4.390284630062524e-06
@miss_ivanovic	O=0.9999552965164185|NORM=4.430948320077732e-05
mizerni	O=0.9999957084655762|NORM=4.19194520873134e-06
ste	O=0.9999970197677612|NORM=2.8813601602450944e-06
oboje	O=0.99998939037323|NORM=1.0423725143482443e-05
!	O=0.9999973773956299|NORM=2.3160625914897537e-06

radulja	O=0.999903678894043|NORM=9.625319216866046e-05
lično	O=0.9999918937683105|NORM=8.014087143237703e-06
:	O=0.9999973773956299|NORM=2.3881175366113894e-06
rt	O=0.9999830722808838|NORM=1.6817582945805043e-05
@mozzartsport	O=0.9999945163726807|NORM=5.351448180590523e-06
raduljica	O=0.9999963045120239|NORM=3.638021325969021e-06
:	O=0.9999973773956299|NORM=2.1730561456934083e-06
do	O=0.9999980926513672|NORM=1.7413764226148487e-06
juče	O=0.9999979734420776|NORM=1.8521620859246468e-06
sam	O=0.9999988079071045|NORM=1.0861811006179778e-06
bio	O=0.9999979734420776|NORM=1.9800088466581656e-06
bradati	O=0.9999202489852905|NORM=7.943296077428386e-05
majmun	O=0.9999958276748657|NORM=4.049271865369519e-06
i	O=0.9999988079071045|NORM=1.0619753538776422e-06
splavar	O=0.9999901056289673|NORM=9.85124734143028e-06
,	O=0.9999978542327881|NORM=1.5334459249061183e-06
a	O=0.9999980926513672|NORM=1.5494771332669188e-06
sad	O=0.9999980926513672|NORM=1.5575885754515184e-06
sam	O=0.999998927116394|NORM=9.494073651694634e-07
car	O=0.9999972581863403|NORM=2.62122057392844e-06
,	O=0.9999985694885254|NORM=1.2306937833272968e-06
bog	O=0.9999973773956299|NORM=2.5209430987160886e-06
,	O=0.9999984502792358|NORM=1.2069025387972943e-06
legenda	O=0.999997615814209|NORM=2.221858267148491e-06

@mdamnjanovic	O=0.9999920129776001|NORM=7.780487067066133e-06
@srka1970	O=0.9999969005584717|NORM=2.980173121613916e-06
da	O=0.999997615814209|NORM=2.247491465823259e-06
,	O=0.9999986886978149|NORM=1.10691212285019e-06
tamo	O=0.9999982118606567|NORM=1.7156761487058247e-06
je	O=0.9999986886978149|NORM=1.2967662996743456e-06
više	O=0.9999983310699463|NORM=1.5738106640128535e-06
kola	O=0.9999973773956299|NORM=2.566925786595675e-06
.	O=0.9999979734420776|NORM=1.7110841099565732e-06

a	O=0.9999979734420776|NORM=1.9282613266113913e-06
naduvana	O=0.9999932050704956|NORM=6.725410912622465e-06
pčela	O=0.9999898672103882|NORM=1.006366619549226e-05
pokazuje	O=0.9997678399085999|NORM=0.00023184146266430616
van	O=0.8985651731491089|NORM=0.10143372416496277
košnice	O=0.9997314810752869|NORM=0.0002684244536794722
:	O=0.9999972581863403|NORM=2.49398362939246e-06
the	O=0.9999983310699463|NORM=1.2041464287904091e-06
truth	O=0.9999948740005493|NORM=4.792299478140194e-06
is	O=0.9999986886978149|NORM=1.1498107141960645e-06
out	O=0.9999974966049194|NORM=2.3465238427888835e-06
there	O=0.9999982118606567|NORM=1.5590065913784201e-06
.	O=0.9999979734420776|NORM=1.5929936125758104e-06

"	O=0.9999951124191284|NORM=4.534974777925527e-06
sreća	O=0.9999978542327881|NORM=2.0478564692893997e-06
počiva	O=0.9999977350234985|NORM=2.159325276807067e-06
na	O=0.9999984502792358|NORM=1.4181863434714614e-06
poverenju	O=0.9999940395355225|NORM=5.911411790293641e-06
,	O=0.9999980926513672|NORM=1.436330876458669e-06
a	O=0.9999984502792358|NORM=1.3472845239448361e-06
ljubav	O=0.9999946355819702|NORM=5.184982455830323e-06
zahteva	O=0.9999983310699463|NORM=1.6443435697510722e-06
sumnju	O=0.9999971389770508|NORM=2.7995743039355148e-06
i	O=0.9999982118606567|NORM=1.7025569150064257e-06
uznemirenost	O=0.9999977350234985|NORM=2.2024876216164557e-06
.	O=0.9999970197677612|NORM=2.537029104132671e-06

kod	O=0.9999984502792358|NORM=1.202661565002927e-06
ostalih	O=0.9999980926513672|NORM=1.671485506449244e-06
pomaže	O=0.9999958276748657|NORM=3.6155861380393617e-06
samo	O=0.9999967813491821|NORM=2.660867949089152e-06
ovo	O=0.9999980926513672|NORM=1.7065018482753658e-06
drugo	O=0.9999977350234985|NORM=2.023972911047167e-06
.	O=0.9999972581863403|NORM=2.461436906742165e-06

samo	O=0.9999967813491821|NORM=2.983847252835403e-06
ja	O=0.9999978542327881|NORM=1.9571016309782863e-06
?	O=0.9999954700469971|NORM=4.4143116610939614e-06

pa	O=0.9999953508377075|NORM=4.5581382437376305e-06
ljubav	O=0.9999940395355225|NORM=5.7980196288554e-06
!	O=0.9999926090240479|NORM=7.057380571495742e-06

spisak	O=0.999993085861206|NORM=6.7339715315029025e-06
je	O=0.9999969005584717|NORM=3.0604451239923947e-06
duzi	NORM=0.9999274015426636|O=7.145687413867563e-05
,	O=0.9999973773956299|NORM=2.3692641661909875e-06
nego	O=0.9999971389770508|NORM=2.760321876849048e-06
ja	O=0.9999935626983643|NORM=6.24958966000122e-06
samo	O=0.9999964237213135|NORM=3.2452169307362055e-06
one	O=0.9999971389770508|NORM=2.689073198780534e-06
upecatljive	NORM=0.9999603033065796|O=3.7752695789095014e-05
teme	O=0.9999783039093018|NORM=2.1478141206898727e-05
,	O=0.999996542930603|NORM=2.8873939754703315e-06
koje	O=0.9999966621398926|NORM=3.097063654422527e-06
traju	O=0.9999984502792358|NORM=1.3873184343538014e-06
po	O=0.9999879598617554|NORM=1.1837061720143538e-05
par	O=0.999997615814209|NORM=2.2045005607651547e-06
meseci	O=0.9999983310699463|NORM=1.5682820730944513e-06
,	O=0.9999963045120239|NORM=3.205684151907917e-06
dok	O=0.9999973773956299|NORM=2.3472396151191788e-06
se	O=0.9999979734420776|NORM=1.913328560476657e-06
dzepari	NORM=0.9955167174339294|O=0.0044812303967773914
ovaj	O=0.9999982118606567|NORM=1.6893363863346167e-06
narod	O=0.9999983310699463|NORM=1.6138051250891294e-06
.	O=0.9999980926513672|NORM=1.6818885342217982e-06

posle	O=0.9999985694885254|NORM=1.256744326383341e-06
napornog	O=0.9999973773956299|NORM=2.5426591037103208e-06
radnog	O=0.9999977350234985|NORM=2.1099322111695074e-06
dana	O=0.9999979734420776|NORM=1.7049433154170401e-06
,	O=0.9999985694885254|NORM=1.0681476396712242e-06
najbolje	O=0.9999958276748657|NORM=4.037907274323516e-06
je	O=0.9999982118606567|NORM=1.6990517224257928e-06
opistiti	O=0.8960531949996948|NORM=0.10389718413352966
se	O=0.9999983310699463|NORM=1.5771131529618287e-06
uz	O=0.9999977350234985|NORM=2.079113528452581e-06
klopu	O=0.9999878406524658|NORM=1.2017608241876587e-05
i	O=0.9999983310699463|NORM=1.4920617559255334e-06
ladnog	O=0.9999841451644897|NORM=1.5863215594436042e-05
jelenka	O=0.9999921321868896|NORM=7.76695833337726e-06
.	O=0.9999971389770508|NORM=2.3758432234899374e-06

setih	O=0.9980432987213135|NORM=0.0019563401583582163
se	O=0.9999983310699463|NORM=1.639003244235937e-06
kako	O=0.9999977350234985|NORM=1.8538491985964356e-06
je	O=0.999997615814209|NORM=2.3451905235560844e-06
prof.	O=0.999868631362915|NORM=0.0001305736950598657
filozofije	O=0.9999911785125732|NORM=8.770977729000151e-06
u	O=0.9999985694885254|NORM=1.3901263855586876e-06
srednjoj	O=0.9999891519546509|NORM=1.0775128430395853e-05
govorio	O=0.9999971389770508|NORM=2.7809792300104164e-06
djacima	NORM=0.9999713897705078|O=2.7414293072069995e-05
na	O=0.999998927116394|NORM=9.565352456775145e-07
odmoru	O=0.9999969005584717|NORM=3.016861683136085e-06
:	O=0.9999940395355225|NORM=5.0419007493474055e-06
izadjite	NORM=0.9999790191650391|O=1.8427916074870154e-05
napolje	O=0.9999948740005493|NORM=5.074252840131521e-06
,	O=0.9999951124191284|NORM=3.551408099156106e-06
da	O=0.9999971389770508|NORM=2.2530959995492594e-06
nam	O=0.9999970197677612|NORM=2.828020797096542e-06
ulica	O=0.9999969005584717|NORM=2.9733091650996357e-06
bude	O=0.9999980926513672|NORM=1.867748665063118e-06
lepsa	O=0.9959810972213745|NORM=0.004018685314804316
,	O=0.9999971389770508|NORM=1.942349399541854e-06
a	O=0.9999967813491821|NORM=2.7780758955486817e-06
skola	O=0.9998937845230103|NORM=0.0001061658258549869
pametnija	O=0.9999936819076538|NORM=6.189948180690408e-06
.	O=0.999997615814209|NORM=1.8434016055834945e-06

mmmm	O=0.9999837875366211|NORM=1.615875407878775e-05
a	O=0.999994158744812|NORM=5.642785708914744e-06
da	O=0.9999963045120239|NORM=3.2651967103447532e-06
je	O=0.999996542930603|NORM=3.3446606266807066e-06
prevarila	O=0.9999970197677612|NORM=2.961017116831499e-06
boškića	O=0.9999877214431763|NORM=1.2205367056594696e-05
ti	O=0.9999980926513672|NORM=1.7679947177384747e-06
bi	O=0.9999761581420898|NORM=2.3760214389767498e-05
mu	O=0.9999977350234985|NORM=2.1862585981580196e-06
oprostila	O=0.9999979734420776|NORM=1.926904815263697e-06
?	O=0.9999977350234985|NORM=2.1733449102612212e-06

@mango_on_diet	O=0.9999865293502808|NORM=1.309719209530158e-05
zavisi	O=0.999994158744812|NORM=5.736666480515851e-06
ko	O=0.9999934434890747|NORM=6.328505605779355e-06
sta	NORM=0.9999833106994629|O=5.304013939166907e-06
voli	O=0.9999967813491821|NORM=3.1719389426143607e-06
.	O=0.999997615814209|NORM=2.1148857740627136e-06

@uopstenijefrka	O=0.9999904632568359|NORM=9.342814337287564e-06
ušao	O=0.9999979734420776|NORM=1.8800612906488823e-06
je	O=0.9999963045120239|NORM=3.613036824390292e-06
u	O=0.9999982118606567|NORM=1.7565229200044996e-06
pekaru	O=0.9999867677688599|NORM=1.3094060705043375e-05
,	O=0.9999982118606567|NORM=1.281142317566264e-06
verovatno	O=0.9999980926513672|NORM=1.847080511652166e-06
se	O=0.9999982118606567|NORM=1.693683884695929e-06
setio	O=0.999984622001648|NORM=1.5283225366147235e-05
opet	O=0.9999948740005493|NORM=5.0423091124685016e-06
sperme	O=0.9999942779541016|NORM=5.693006642104592e-06
i	O=0.9999985694885254|NORM=1.2872995966972667e-06
izašao	O=0.9999979734420776|NORM=1.9224041807319736e-06
praznih	O=0.9999921321868896|NORM=7.794302291586064e-06
ruku	O=0.9999959468841553|NORM=4.010770226159366e-06
.	O=0.9999969005584717|NORM=2.4099449547065888e-06

ma	O=0.999993085861206|NORM=6.889660653541796e-06
,	O=0.9999933242797852|NORM=5.5069062909751665e-06
m'rš	O=0.6611514091491699|NORM=0.33884501457214355
!	O=0.9999947547912598|NORM=5.00731221109163e-06

pa	O=0.9999980926513672|NORM=1.821391265366401e-06
da	O=0.9999903440475464|NORM=9.039333235705271e-06
li	O=0.9999982118606567|NORM=1.638815433580021e-06
taj	O=0.9999986886978149|NORM=1.2267098554730183e-06
račun	O=0.9999942779541016|NORM=5.565420451603131e-06
kucka	O=0.9999852180480957|NORM=1.4767007087357342e-05
neki	O=0.9999974966049194|NORM=2.447948872941197e-06
ćata	O=0.9996594190597534|NORM=0.00034044033964164555
u	O=0.9999988079071045|NORM=1.1169800018251408e-06
podrumu	O=0.9999958276748657|NORM=4.078809070051648e-06
na	O=0.9999940395355225|NORM=5.860191777173895e-06
pisaćoj	O=0.8175743818283081|NORM=0.1824193000793457
?	O=0.9999971389770508|NORM=2.558481355663389e-06

mislim	O=0.9999972581863403|NORM=2.3752384095132584e-06
,	O=0.9999984502792358|NORM=1.1825220553873805e-06
može	O=0.9999942779541016|NORM=5.293157300911844e-06
,	O=0.9999984502792358|NORM=1.1615037465162459e-06
al	NORM=0.9036752581596375|O=0.09557843208312988
ne	O=0.9999984502792358|NORM=1.4044162526261061e-06
valja	O=0.9999983310699463|NORM=1.5967266335792374e-06
.	O=0.9999984502792358|NORM=1.2503674042818602e-06

kako	O=0.9999967813491821|NORM=3.0571573006454855e-06
da	O=0.9999983310699463|NORM=1.4341849237098359e-06
operem	O=0.9999972581863403|NORM=2.5370488856424345e-06
kosu	O=0.9999691247940063|NORM=3.077782457694411e-05
sad	O=0.9999984502792358|NORM=1.3849772813046002e-06
nakon	O=0.9999988079071045|NORM=9.692807907413226e-07
sto	NORM=0.9998866319656372|O=0.00010526175901759416
sam	O=0.9999980926513672|NORM=1.7462259620515397e-06
se	O=0.9999978542327881|NORM=2.1420069060695823e-06
posvadjala	NORM=0.9828972220420837|O=0.01709762215614319
s	O=0.9999985694885254|NORM=1.2540516536319046e-06
kevom	O=0.999988317489624|NORM=1.151710057456512e-05
,	O=0.9999978542327881|NORM=1.8451046344125643e-06
a	O=0.9999945163726807|NORM=5.2271229833422694e-06
da	O=0.9999985694885254|NORM=1.2144431593696936e-06
nemam	O=0.9999984502792358|NORM=1.3466063819578267e-06
strah	O=0.999994158744812|NORM=5.613383109448478e-06
da	O=0.9999984502792358|NORM=1.3509824157154071e-06
ce	NORM=0.9999817609786987|O=1.4176940567267593e-05
mi	O=0.9999979734420776|NORM=1.9108122160105268e-06
ubaciti	O=0.8641228079795837|NORM=0.13587623834609985
fen	O=0.9999812841415405|NORM=1.8625438315211795e-05
.	O=0.9999979734420776|NORM=1.7670236047706567e-06

idalje	O=0.9999797344207764|NORM=2.01955499505857e-05
ne	O=0.9999986886978149|NORM=1.184669145004591e-06
razumem	O=0.9999977350234985|NORM=2.097363676512032e-06
kako	O=0.9999960660934448|NORM=3.5944981391367037e-06
se	O=0.9999979734420776|NORM=1.932401573867537e-06
od	O=0.9999982118606567|NORM=1.6416059906987357e-06
ovolike	O=0.9999954700469971|NORM=4.434624315763358e-06
zaljubljenosti	O=0.9999974966049194|NORM=2.3503021111537237e-06
još	O=0.9999982118606567|NORM=1.582909590069903e-06
uvek	O=0.9999964237213135|NORM=3.444836920607486e-06
nisam	O=0.9999978542327881|NORM=2.0155632682872238e-06
pretvorila	O=0.9999978542327881|NORM=2.070816435661982e-06
u	O=0.9999979734420776|NORM=1.8462138768882141e-06
jednu	O=0.9999957084655762|NORM=4.038781298731919e-06
džinovsku	O=0.9995328187942505|NORM=0.0004669222980737686
papuču	O=0.9999961853027344|NORM=3.596686156015494e-06
.	O=0.9999961853027344|NORM=3.286245600975235e-06

sada	O=0.9999985694885254|NORM=1.1638790056167636e-06
bi	O=0.9236035346984863|NORM=0.07639456540346146
se	O=0.9999983310699463|NORM=1.5719791690571583e-06
dobrovoljno	O=0.9999969005584717|NORM=3.0597097975260112e-06
javila	O=0.999988317489624|NORM=1.1614439245022368e-05
da	O=0.999997615814209|NORM=2.2711451492796186e-06
isključi	O=0.9999954700469971|NORM=4.421322501002578e-06
prekidač	O=0.999996542930603|NORM=3.3593207717785845e-06
.	O=0.9999979734420776|NORM=1.6804677898107911e-06

pa	O=0.9999978542327881|NORM=2.035740862993407e-06
zaboga	O=0.9987398982048035|NORM=0.001259896089322865
vi	O=0.9999488592147827|NORM=5.114481245982461e-05
tvitujete	O=0.9999878406524658|NORM=1.2128555681556463e-05
o	O=0.9999977350234985|NORM=2.2759631974622607e-06
burecima	O=0.9984337687492371|NORM=0.0015661296201869845
i	O=0.9999984502792358|NORM=1.4058326769372798e-06
jednorozima	O=0.7589890360832214|NORM=0.24101018905639648
.	O=0.999996542930603|NORM=2.991237352034659e-06

navodno	O=0.9999918937683105|NORM=7.600135631946614e-06
osuđuju	O=0.9999982118606567|NORM=1.7148222468676977e-06
manipulaciju	O=0.9999969005584717|NORM=2.8822780677728588e-06
,	O=0.9999980926513672|NORM=1.450772060707095e-06
ali	O=0.9999983310699463|NORM=1.2863100664617377e-06
samo	O=0.9999984502792358|NORM=1.263004037355131e-06
kada	O=0.9999983310699463|NORM=9.904924809234217e-07
nemaju	O=0.9999986886978149|NORM=1.1247992688367958e-06
koristi	O=0.9999938011169434|NORM=6.0949068938498385e-06
.	O=0.9999980926513672|NORM=1.5371036852229736e-06

zamišljam	O=0.9999921321868896|NORM=7.448383712471696e-06
kako	O=0.9999983310699463|NORM=1.462192926737771e-06
uzimam	O=0.9999980926513672|NORM=1.7025971601469791e-06
sačmaru	O=0.9994081258773804|NORM=0.0005914362845942378
i	O=0.9999984502792358|NORM=1.3851001767761772e-06
gadjam	NORM=0.8518462777137756|O=0.14812712371349335
ovog	O=0.9999957084655762|NORM=4.183259534329409e-06
komšiju	O=0.9999963045120239|NORM=3.6579385778168216e-06
što	O=0.9999817609786987|NORM=1.658880319155287e-05
se	O=0.9999985694885254|NORM=1.36061657940445e-06
dere	O=0.9999945163726807|NORM=5.434342710941564e-06
po	O=0.9999977350234985|NORM=2.006359409278957e-06
ceo	O=0.9999974966049194|NORM=2.3746163151372457e-06
dan	O=0.9999983310699463|NORM=1.5265364936567494e-06
na	O=0.999998927116394|NORM=9.9873022918473e-07
ulici	O=0.9999949932098389|NORM=4.9811842472990975e-06
direkt	O=0.9999369382858276|NORM=6.305331771727651e-05
u	O=0.9999982118606567|NORM=1.7299174714935361e-06
dupe	O=0.999985933303833|NORM=1.4045507668924984e-05
.	O=0.9999973773956299|NORM=2.066366960207233e-06

@jovankg	O=0.9999969005584717|NORM=2.9528080176532967e-06
hahahah	O=0.9999935626983643|NORM=6.257950644794619e-06
.	O=0.9999966621398926|NORM=3.0040105230000336e-06

nikad	O=0.9999967813491821|NORM=3.117439518973697e-06
mi	O=0.9999974966049194|NORM=2.420440296191373e-06
nece	NORM=0.9999864101409912|O=5.743530891777482e-06
biti	O=0.9999977350234985|NORM=2.22255789594783e-06
jasni	O=0.9999091625213623|NORM=9.065201447810978e-05
ljudi	O=0.9999828338623047|NORM=1.7015201592585072e-05
koji	O=0.9999977350234985|NORM=2.171805363104795e-06
su	O=0.9999963045120239|NORM=3.6290048228693195e-06
u	O=0.9999988079071045|NORM=1.0870587630051887e-06
fazonu	O=0.9999982118606567|NORM=1.6635423207844724e-06
"	O=0.9999949932098389|NORM=4.403142611408839e-06
ne	O=0.9999980926513672|NORM=1.7852358951131464e-06
treba	O=0.9999969005584717|NORM=2.9998629997862736e-06
mi	O=0.9999983310699463|NORM=1.5471134702238487e-06
alkohol	O=0.9999903440475464|NORM=9.558144483889919e-06
i	O=0.999997615814209|NORM=2.281010665683425e-06
ovako	O=0.9999866485595703|NORM=1.3250997653813101e-05
sam	O=0.9999983310699463|NORM=1.6081943385870545e-06
lud	O=0.9999924898147583|NORM=7.478551196982153e-06
"	O=0.9999920129776001|NORM=7.232195912365569e-06
ili	O=0.9999773502349854|NORM=2.2433016056311317e-05
"	O=0.9999954700469971|NORM=4.046552930958569e-06
kol'ko	NORM=0.9999749660491943|O=1.9867036826326512e-05
smo	O=0.9999943971633911|NORM=5.468217750603799e-06
ludi	O=0.9999935626983643|NORM=6.381329512805678e-06
"	O=0.9999951124191284|NORM=4.48438549938146e-06
za	O=0.9999982118606567|NORM=1.6233830137935001e-06
mene	O=0.9999960660934448|NORM=3.7171048461459577e-06
je	O=0.9999986886978149|NORM=1.2781530358552118e-06
to	O=0.9999974966049194|NORM=2.3967993456608383e-06
vrh	O=0.9999974966049194|NORM=2.4100750124489423e-06
debilizma	O=0.9999969005584717|NORM=2.997926685566199e-06
.	O=0.9999978542327881|NORM=1.8804163346430869e-06

okačim	O=0.9999953508377075|NORM=4.479295967030339e-06
ekv	O=0.9986947178840637|NORM=0.0013043588260188699
na	O=0.9999988079071045|NORM=1.099334554055531e-06
fb	O=0.9999942779541016|NORM=5.422848062153207e-06
imam	O=0.9999982118606567|NORM=1.7025682836901979e-06
lajkova	O=0.9986967444419861|NORM=0.0013030964182689786
kao	O=0.9999977350234985|NORM=2.0880154352198588e-06
da	O=0.9999982118606567|NORM=1.6252836303465301e-06
sam	O=0.9999986886978149|NORM=1.1316078598611057e-06
anastasija	O=0.9999980926513672|NORM=1.83892348104564e-06
ražnatović	O=0.9999960660934448|NORM=3.833076334558427e-06
.	O=0.9999967813491821|NORM=2.897979811677942e-06

to	O=0.9999945163726807|NORM=5.199296538194176e-06
kad	O=0.9999977350234985|NORM=1.4467964319919702e-06
ne	O=0.9999984502792358|NORM=1.3941702263764455e-06
odreagujem	O=0.9999898672103882|NORM=9.985730685002636e-06
na	O=0.9999982118606567|NORM=1.6537871943000937e-06
pojedine	O=0.9999971389770508|NORM=2.7529581529961433e-06
stvari	O=0.9999948740005493|NORM=4.986544809071347e-06
,	O=0.9999982118606567|NORM=1.3000498029214214e-06
ne	O=0.9999988079071045|NORM=1.0083425650009303e-06
znači	O=0.9999982118606567|NORM=1.4220050843505305e-06
da	O=0.9999986886978149|NORM=1.105386786548479e-06
ih	O=0.9999843835830688|NORM=1.5530975360888988e-05
nisam	O=0.9999985694885254|NORM=1.3067812005829182e-06
svesna	NORM=0.9941552877426147|O=0.005843830294907093
,	O=0.9999978542327881|NORM=1.682992092355562e-06
nego	O=0.9999964237213135|NORM=3.0091480311966734e-06
da	O=0.9999978542327881|NORM=1.794115860320744e-06
me	O=0.9999988079071045|NORM=1.0824056744240806e-06
totalno	O=0.9999986886978149|NORM=1.1824590728792828e-06
boli	O=0.9999969005584717|NORM=3.0298942874651402e-06
uvo	O=0.9999912977218628|NORM=8.666817848279607e-06
.	O=0.9999979734420776|NORM=1.7119900803663768e-06

nisko	O=0.9933524131774902|NORM=0.006647370755672455
je	O=0.9999972581863403|NORM=2.654879835972679e-06
prepucavati	O=0.9979700446128845|NORM=0.0020290310494601727
se	O=0.999997615814209|NORM=2.305878979314002e-06
na	O=0.9999985694885254|NORM=1.2742096942019998e-06
osnovu	O=0.9999970197677612|NORM=2.868334604499978e-06
fizičkog	O=0.9999946355819702|NORM=5.11177722728462e-06
izgleda	O=0.9999960660934448|NORM=3.882066721416777e-06
.	O=0.9999977350234985|NORM=2.0457403024920495e-06

od	O=0.999997615814209|NORM=2.328969685549964e-06
prirode	O=0.9999889135360718|NORM=1.0894615115830675e-05
posle	O=0.999997615814209|NORM=2.1822484086442273e-06
zmije	O=0.9999829530715942|NORM=1.6954300008364953e-05
,	O=0.9999979734420776|NORM=1.5667970956201316e-06
miša	O=0.999994158744812|NORM=5.733898888138356e-06
i	O=0.9999984502792358|NORM=1.3663077425007941e-06
ostalih	O=0.9999971389770508|NORM=2.7497360406414373e-06
bih	O=0.9999792575836182|NORM=2.0661373127950355e-05
malo	O=0.9999922513961792|NORM=7.63378557167016e-06
da	O=0.9999985694885254|NORM=1.2880473150289617e-06
iskuliram	O=0.9998558759689331|NORM=0.0001433362631360069
..	O=0.9999954700469971|NORM=4.351472853159066e-06
i	O=0.9999982118606567|NORM=1.602801489752892e-06
da	O=0.9999984502792358|NORM=1.3598665873360005e-06
odmorim	O=0.9999972581863403|NORM=2.5648139398981584e-06
..	O=0.9999963045120239|NORM=3.418034793867264e-06

kao	O=0.9999972581863403|NORM=2.5496156013105065e-06
da	O=0.9999985694885254|NORM=1.3075091374048498e-06
ljudi	O=0.9999964237213135|NORM=3.3437352158216527e-06
ne	O=0.9999988079071045|NORM=1.1005157602994586e-06
znaju	O=0.9999973773956299|NORM=2.364427018619608e-06
ko	O=0.9999970197677612|NORM=2.806221800710773e-06
stoji	O=0.9999973773956299|NORM=2.3824557047191774e-06
iza	O=0.9999980926513672|NORM=1.7258207662962377e-06
tog	O=0.9999984502792358|NORM=1.4311573295344715e-06
projekta	O=0.9999936819076538|NORM=6.056686743249884e-06
i	O=0.9999984502792358|NORM=1.402729708388506e-06
protiv	O=0.9999949932098389|NORM=4.910589723294834e-06
koga	O=0.9999979734420776|NORM=1.9160036117682466e-06
je	O=0.9999908208847046|NORM=9.090125786315184e-06
uperen	O=0.9999843835830688|NORM=1.5559038729406893e-05
.	O=0.9999978542327881|NORM=1.7465636119595729e-06

vučić	O=0.9999933242797852|NORM=6.521825071104104e-06
:	O=0.9999951124191284|NORM=4.58556223748019e-06
do	O=0.9999985694885254|NORM=1.2324483122938545e-06
4.	O=0.9999964237213135|NORM=3.418400638111052e-06
avgusta	O=0.9999974966049194|NORM=2.389589553786209e-06
sve	O=0.9999980926513672|NORM=1.771376787473855e-06
mere	O=0.999995231628418|NORM=4.694767085311469e-06
iz	O=0.9999978542327881|NORM=2.031377334787976e-06
ekspozea	O=0.6631688475608826|NORM=0.3368285298347473
!	O=0.9999963045120239|NORM=3.3692626857373398e-06

:)	O=0.9999936819076538|NORM=6.049424428056227e-06

kad	O=0.9999985694885254|NORM=1.020349941427412e-06
bi	O=0.9999860525131226|NORM=1.3828451301378664e-05
me	O=0.9999963045120239|NORM=3.5749919788941042e-06
neko	O=0.9999977350234985|NORM=2.1789940092276083e-06
kidnapovao	O=0.9999947547912598|NORM=5.221245373832062e-06
i	O=0.9999988079071045|NORM=1.0931623819487868e-06
uzeo	O=0.9999979734420776|NORM=1.9329156657477142e-06
mi	O=0.999997615814209|NORM=2.343319465580862e-06
telefon	O=0.9999926090240479|NORM=7.190901669673622e-06
,	O=0.9999982118606567|NORM=1.2037767191941384e-06
verovatno	O=0.9999983310699463|NORM=1.5305057559089619e-06
bi	O=0.9999370574951172|NORM=6.285687413765118e-05
me	O=0.9999978542327881|NORM=2.007837338169338e-06
vratio	O=0.999997615814209|NORM=2.2752208224119386e-06
nepovređenu	O=0.9999765157699585|NORM=2.337307705602143e-05
čim	O=0.9999983310699463|NORM=1.4226441180653637e-06
bi	O=0.9999693632125854|NORM=3.054848639294505e-05
pročitao	O=0.9999970197677612|NORM=2.893755208788207e-06
psiho	O=0.9352105855941772|NORM=0.06478678435087204
poruke	O=0.9998692274093628|NORM=0.00013005083019379526
sa	O=0.9999986886978149|NORM=1.1403690223232843e-06
najboljim	O=0.999996542930603|NORM=3.3936300951609155e-06
prijateljima	O=0.9999961853027344|NORM=3.544952278389246e-06
.	O=0.9999977350234985|NORM=1.9137678464176133e-06

izuzev	O=0.9999929666519165|NORM=6.9519251155725215e-06
1	O=0.9999891519546509|NORM=1.0604191629681736e-05
predmeta	O=0.9999946355819702|NORM=5.1733995860558935e-06
za	O=0.999985933303833|NORM=1.399731536366744e-05
koje	O=0.9999961853027344|NORM=3.7644449548679404e-06
će	O=0.999990701675415|NORM=9.167406460619532e-06
se	O=0.9999984502792358|NORM=1.4289466889749747e-06
sudjenje	NORM=0.9999819993972778|O=1.4614810424973257e-05
ponoviti	O=0.9999942779541016|NORM=5.5511932259832975e-06
,	O=0.9999984502792358|NORM=1.2520856671471847e-06
uspešni	O=0.9999961853027344|NORM=3.7426768813020317e-06
smo	O=0.9999980926513672|NORM=1.7510303678136552e-06
stoprocentno	O=0.9999847412109375|NORM=1.5249784155457746e-05
.	O=0.9999977350234985|NORM=1.955409061338287e-06

ali	O=0.9999978542327881|NORM=2.017220822381205e-06
kad	O=0.9999984502792358|NORM=1.1481065484986175e-06
mi	O=0.9999961853027344|NORM=3.6241970065020723e-06
mama	O=0.999997615814209|NORM=2.2144924969325075e-06
i	O=0.999998927116394|NORM=9.76885075942846e-07
tata	O=0.9999982118606567|NORM=1.6671426692482783e-06
salju	NORM=0.9996354579925537|O=0.0003600044874474406
zahteve	O=0.9968822002410889|NORM=0.003117603249847889
za	O=0.9999974966049194|NORM=2.4400337679253425e-06
sve	O=0.9999953508377075|NORM=4.480013558350038e-06
zive	NORM=0.9999603033065796|O=3.7595367757603526e-05
igrice	O=0.999468982219696|NORM=0.000530963996425271
pa	O=0.9999986886978149|NORM=1.1477795851533301e-06
me	O=0.9999984502792358|NORM=1.478765852880315e-06
napinju	O=0.9999940395355225|NORM=5.853857601323398e-06
da	O=0.9999984502792358|NORM=1.3477535958372755e-06
im	O=0.999994158744812|NORM=5.712111033062683e-06
prihvatim	O=0.9999986886978149|NORM=1.1387073755031452e-06
sve	O=0.9999973773956299|NORM=2.5500562514935154e-06
pa	O=0.9999986886978149|NORM=1.219334990310017e-06
to	O=0.9999982118606567|NORM=1.6991813254207955e-06
je	O=0.9999984502792358|NORM=1.4632895499744336e-06
haos	O=0.9999957084655762|NORM=4.244247520546196e-06

upravo	O=0.9999969005584717|NORM=2.942154424090404e-06
sam	O=0.9999982118606567|NORM=1.670983579060703e-06
shvatio	O=0.9999986886978149|NORM=1.211721155414125e-06
da	O=0.9999986886978149|NORM=1.150855155174213e-06
jovan	O=0.9999967813491821|NORM=3.174023959218175e-06
ducic	NORM=0.9999527931213379|O=4.6240758820204064e-05
i	O=0.9999985694885254|NORM=1.3027197383053135e-06
ja	O=0.9999983310699463|NORM=1.6369506283808732e-06
imamo	O=0.9999969005584717|NORM=2.7437790777185e-06
zajednicko	NORM=0.9999241828918457|O=7.409299723803997e-05
onteresovanje	NORM=0.9982179999351501|O=0.00178086559753865
;	O=0.9999910593032837|NORM=8.820340553938877e-06
ne	O=0.9999982118606567|NORM=1.6605765722488286e-06
zelimo	NORM=0.9999885559082031|O=9.06175046111457e-06
da	O=0.9999977350234985|NORM=2.147619397874223e-06
se	O=0.9999980926513672|NORM=1.8551641005615238e-06
bavimo	O=0.9999867677688599|NORM=1.2956119462614879e-05
svakodnevnim	O=0.9999982118606567|NORM=1.6483910485476372e-06
zivotom	NORM=0.9999841451644897|O=1.2909254110127222e-05

lov	O=0.9999972581863403|NORM=2.644012283781194e-06
na	O=0.9999984502792358|NORM=1.535032993160712e-06
ježa	O=0.9999809265136719|NORM=1.898795017041266e-05
veselina	O=0.9999954700469971|NORM=4.480278676055605e-06
,	O=0.9999979734420776|NORM=1.7300027366218274e-06
upravo	O=0.9999978542327881|NORM=2.0789234440599103e-06
počinje	O=0.9999983310699463|NORM=1.5086379789863713e-06
.	O=0.9999980926513672|NORM=1.4730057955603115e-06

'	O=0.999995231628418|NORM=4.468270162760746e-06
predpostavljam	O=0.9985664486885071|NORM=0.0014028566656634212
da	O=0.9999983310699463|NORM=1.4759323221369414e-06
te	O=0.9999974966049194|NORM=2.3970005713636056e-06
svi	O=0.9999977350234985|NORM=2.1413816284621134e-06
stalno	O=0.9999978542327881|NORM=1.8146860156775801e-06
nešto	O=0.9999973773956299|NORM=2.368308742006775e-06
pitaju	O=0.9999979734420776|NORM=1.928722895172541e-06
tako	O=0.9999973773956299|NORM=2.4756327547947876e-06
da	O=0.9999988079071045|NORM=1.02969045201462e-06
ja	O=0.9999985694885254|NORM=1.320854153163964e-06
neću	O=0.9999964237213135|NORM=3.34533956447558e-06
ništa	O=0.9999951124191284|NORM=4.701213583757635e-06
da	O=0.9999984502792358|NORM=1.364253193969489e-06
te	O=0.9999983310699463|NORM=1.5446366887772456e-06
pitam	O=0.9999972581863403|NORM=2.5455169634369668e-06
,	O=0.9999977350234985|NORM=1.5190548765531275e-06
hoću	O=0.9999979734420776|NORM=1.9015192265214864e-06
samo	O=0.9999984502792358|NORM=1.3226236887931009e-06
da	O=0.9999985694885254|NORM=1.3463650248013437e-06
nazdravljamo	O=0.9999866485595703|NORM=1.3223553651187103e-05
'	O=0.9999916553497314|NORM=8.109644113574177e-06

@drtviterovski	O=0.9999943971633911|NORM=5.429141310742125e-06
sa	O=0.9999985694885254|NORM=1.2436554470696137e-06
svakim	O=0.999982476234436|NORM=1.735259502311237e-05
po	O=0.9999973773956299|NORM=2.591661541373469e-06
jedan	O=0.9999954700469971|NORM=4.2371043491584715e-06
...	O=0.999994158744812|NORM=5.6050166676868685e-06

obozavas	NORM=0.9999746084213257|O=1.6147869246196933e-05
?	O=0.9999940395355225|NORM=5.897080882277805e-06

takođe	O=0.9999834299087524|NORM=1.6454412616440095e-05
,	O=0.9999985694885254|NORM=1.0907522209890885e-06
sve	O=0.9999984502792358|NORM=1.2585793456310057e-06
sam	O=0.9999985694885254|NORM=1.264853153770673e-06
više	O=0.9999977350234985|NORM=1.8093599010171602e-06
pun	O=0.9999985694885254|NORM=1.3358060186874354e-06
razumevanja	O=0.9999978542327881|NORM=2.064453383354703e-06
za	O=0.9999973773956299|NORM=2.4927210233727237e-06
tuđa	O=0.9999396800994873|NORM=5.984000381431542e-05
s*anja	NORM=0.9644399285316467|O=0.03555811941623688
.	O=0.9999977350234985|NORM=1.8676660147320945e-06

ovde	O=0.9999958276748657|NORM=4.102430011698743e-06
neke	O=0.9999979734420776|NORM=1.8682045492823818e-06
osobe	O=0.9999974966049194|NORM=2.3336492631642614e-06
kukaju	O=0.9999980926513672|NORM=1.8441992324369494e-06
kako	O=0.9999966621398926|NORM=3.1299027796194423e-06
im	O=0.9999963045120239|NORM=3.6593378354154993e-06
niko	O=0.9999972581863403|NORM=2.6733632694231346e-06
ne	O=0.9999982118606567|NORM=1.6564199540880509e-06
uzvraća	O=0.9999977350234985|NORM=2.0887364371446893e-06
silovanje	O=0.99998939037323|NORM=1.0553539141255897e-05
a	O=0.9999912977218628|NORM=8.472779882140458e-06
oni	O=0.9999879598617554|NORM=1.1975554116361309e-05
sami	O=0.9999942779541016|NORM=5.592571596935159e-06
ne	O=0.9999978542327881|NORM=1.9993192381662084e-06
uzvraćaju	O=0.9999929666519165|NORM=6.915827270859154e-06
ka	O=0.9995298385620117|NORM=0.0004701198486145586
njih	O=0.9999794960021973|NORM=2.0351184502942488e-05
neko	O=0.9999969005584717|NORM=2.939089199571754e-06
siluje	O=0.9999964237213135|NORM=3.5008808936254354e-06
..	O=0.9999954700469971|NORM=4.3350742089387495e-06

b92	O=0.9999748468399048|NORM=2.4934723114711232e-05
-	O=0.9999954700469971|NORM=4.323344910517335e-06
vesti	O=0.9999899864196777|NORM=9.829512237047311e-06
-	O=0.9999964237213135|NORM=3.392717189854011e-06
tužilaštvo	O=0.9999961853027344|NORM=3.61054253517068e-06
:	O=0.999997615814209|NORM=2.1207147256063763e-06
vratite	O=0.9999982118606567|NORM=1.6638548459013691e-06
šešelja	O=0.999996542930603|NORM=3.37793744620285e-06
u	O=0.9999963045120239|NORM=3.5835732887790073e-06
hag	O=0.9999351501464844|NORM=6.475872214650735e-05
http://t.co/fetf0omysc	O=0.9999867677688599|NORM=1.3187234799261205e-05

#ja	O=0.9999947547912598|NORM=5.144025180925382e-06
#i	O=0.9999954700469971|NORM=4.44624447482056e-06
#moji	O=0.9999891519546509|NORM=1.0726489563239738e-05
#drugari	O=0.9999886751174927|NORM=1.1240937965339981e-05
#mortus	O=0.999984860420227|NORM=1.5015090866654646e-05
#pijani	O=0.9999970197677612|NORM=2.9560681014118018e-06
#u	O=0.9999921321868896|NORM=7.772760909574572e-06
#kafani	O=0.9999539852142334|NORM=4.570278906612657e-05
#a	O=0.9999926090240479|NORM=7.256193839566549e-06
#evo	O=0.9999822378158569|NORM=1.7744301658240147e-05
#i	O=0.9999955892562866|NORM=4.363791049399879e-06
#konobara	O=0.9999837875366211|NORM=1.6087500625872053e-05
#da	O=0.9999862909317017|NORM=1.36054732138291e-05
#naplati	O=0.9998823404312134|NORM=0.0001173256168840453
.	O=0.9999929666519165|NORM=6.396045591827715e-06

ko	O=0.9999967813491821|NORM=3.125157945760293e-06
god	O=0.9999945163726807|NORM=5.378093646868365e-06
da	O=0.9999980926513672|NORM=1.796634819584142e-06
je	O=0.9999983310699463|NORM=1.5349097566286218e-06
u	O=0.9999985694885254|NORM=1.2919791743115638e-06
pitanju	O=0.9999903440475464|NORM=9.194098311127163e-06
...	O=0.9999947547912598|NORM=5.049449555372121e-06

ja	O=0.9999979734420776|NORM=1.9745798454096075e-06
kad	O=0.9999988079071045|NORM=7.991996540113178e-07
pokušavam	O=0.9999982118606567|NORM=1.6702236962373718e-06
da	O=0.9999988079071045|NORM=9.96500034489145e-07
razumem	O=0.9999980926513672|NORM=1.6605337123110075e-06
šta	O=0.999996542930603|NORM=3.1925353596307104e-06
mi	O=0.9999926090240479|NORM=7.200605068646837e-06
ljudi	O=0.9999866485595703|NORM=1.2392678399919532e-05
govore	O=0.999990701675415|NORM=8.892568985174876e-06
.	O=0.9999978542327881|NORM=1.8339787857257761e-06

kao	O=0.9999959468841553|NORM=3.89983324566856e-06
da	O=0.9999940395355225|NORM=5.771159067080589e-06
sere	O=0.9893386960029602|NORM=0.010660740546882153
konstanto	O=0.9999963045120239|NORM=3.5851185202773195e-06
3	O=0.9999972581863403|NORM=2.426254468446132e-06
sata	O=0.9999974966049194|NORM=2.3587360828969395e-06
,	O=0.9999983310699463|NORM=1.2933015796079417e-06
napuni	O=0.9999518394470215|NORM=4.80677917948924e-05
kofu	O=0.999562680721283|NORM=0.00043645448749884963
i	O=0.9999985694885254|NORM=1.3244755336927483e-06
onda	O=0.9999986886978149|NORM=1.1555368928384269e-06
ti	O=0.9999985694885254|NORM=1.3115053434376023e-06
sruci	NORM=0.9998652935028076|O=0.00013274438970256597
sva	O=0.9999979734420776|NORM=1.9298176994198e-06
ta	O=0.9999973773956299|NORM=2.415482185824658e-06
govna	O=0.9999912977218628|NORM=8.678173799125943e-06
na	O=0.9999982118606567|NORM=1.658838755247416e-06
glavu	O=0.9999972581863403|NORM=2.548594466134091e-06
.	O=0.9999979734420776|NORM=1.6410781427111942e-06

selaković	O=0.999951958656311|NORM=4.791771789314225e-05
je	O=0.9999974966049194|NORM=2.365809905313654e-06
odgovorom	O=0.9996706247329712|NORM=0.00032867741538211703
novinaru	O=0.9999933242797852|NORM=6.442746325774351e-06
na	O=0.999998927116394|NORM=9.147338460024912e-07
pitanje	O=0.9999984502792358|NORM=1.3331638228919473e-06
'	O=0.9999945163726807|NORM=5.154601240064949e-06
da	O=0.9999984502792358|NORM=1.4018070260135573e-06
li	O=0.9999980926513672|NORM=1.845845986281347e-06
zna	O=0.9999971389770508|NORM=2.707957492020796e-06
da	O=0.9999986886978149|NORM=1.0645284191923565e-06
su	O=0.9999983310699463|NORM=1.594358991496847e-06
ovi	O=0.9999909400939941|NORM=8.944087312556803e-06
napustili	O=0.9999961853027344|NORM=3.637417194113368e-06
sudjenje	NORM=0.9999830722808838|O=1.434150090062758e-05
'	O=0.9999873638153076|NORM=1.222121500177309e-05
upravo	O=0.9999970197677612|NORM=2.844100436050212e-06
postao	O=0.9999974966049194|NORM=2.3229533780977363e-06
najveći	O=0.9999985694885254|NORM=1.18211391963996e-06
teletabis	O=0.9986629486083984|NORM=0.0013360998127609491
sns	O=0.9996657371520996|NORM=0.00033412178163416684
.	O=0.999997615814209|NORM=1.9172202883055434e-06

rts	O=0.9943179488182068|NORM=0.005681359674781561
je	O=0.9999980926513672|NORM=1.7724921690387418e-06
reprizirao	O=0.9999957084655762|NORM=4.145095772400964e-06
tv	O=0.902605414390564|NORM=0.09739326685667038
lica	O=0.9999140501022339|NORM=8.593269740231335e-05
sa	O=0.999998927116394|NORM=9.922914614435285e-07
berčekom	O=0.9999178647994995|NORM=8.179112774087116e-05
i	O=0.9999986886978149|NORM=1.2263494681974407e-06
hvala	O=0.9999973773956299|NORM=2.4091923478408717e-06
im	O=0.9999971389770508|NORM=2.7586586384131806e-06
.	O=0.9999978542327881|NORM=1.8332268609810853e-06

toe	O=0.9992751479148865|NORM=0.0007247199537232518
taj	O=0.9999967813491821|NORM=3.1079607651918195e-06
vucicev	NORM=0.9999898672103882|O=7.64374817663338e-06
napredak	O=0.999997615814209|NORM=2.251739488201565e-06
i	O=0.9999972581863403|NORM=2.7132441573485266e-06
bolji	O=0.9999949932098389|NORM=4.91645641886862e-06
zivot	NORM=0.9999903440475464|O=6.330176347546512e-06
.	O=0.9999971389770508|NORM=2.603596385597484e-06

ako	O=0.9999971389770508|NORM=2.5227077458112035e-06
je	O=0.9999983310699463|NORM=1.575901364958554e-06
dron	O=0.9999834299087524|NORM=1.63036474987166e-05
pornadjen	NORM=0.9979238510131836|O=0.0020754688885062933
bilo	O=0.9999895095825195|NORM=1.046842589857988e-05
gde	O=0.9999948740005493|NORM=4.98750569022377e-06
na	O=0.9999980926513672|NORM=1.8038732605418772e-06
teritoriji	O=0.9999963045120239|NORM=3.591538416003459e-06
srbije	O=0.999974250793457|NORM=2.5468776584602892e-05
,	O=0.9999983310699463|NORM=1.2038020713589503e-06
onda	O=0.9999986886978149|NORM=1.0624796686897753e-06
je	O=0.9999985694885254|NORM=1.3729040801990777e-06
jasno	O=0.9999971389770508|NORM=2.6388051992398687e-06
da	O=0.9999986886978149|NORM=1.1714413403751678e-06
je	O=0.9999984502792358|NORM=1.471381892770296e-06
država	O=0.9999977350234985|NORM=2.0873544599453453e-06
šuplja	O=0.9999938011169434|NORM=6.058235612727003e-06
ko	NORM=0.9260939359664917|O=0.07390250265598297
budjav	NORM=0.9973428845405579|O=0.0026557815726846457
sir	O=0.9999850988388062|NORM=1.482750303694047e-05
.	O=0.9999973773956299|NORM=2.4252319690276636e-06

ha	O=0.9999884366989136|NORM=1.1466075193311553e-05
!	O=0.9999895095825195|NORM=1.0021723028330598e-05

operi	O=0.9999970197677612|NORM=2.887745040425216e-06
kosu	O=0.9999946355819702|NORM=5.253350536804646e-06
,	O=0.9999967813491821|NORM=2.232216502306983e-06
isfeniraj	O=0.9999644756317139|NORM=3.543530328897759e-05
se	O=0.9999978542327881|NORM=2.0866978047706652e-06
,	O=0.9999957084655762|NORM=3.0829951356281526e-06
nalakiraj	O=0.9999854564666748|NORM=1.443124892830383e-05
nokte	O=0.9999971389770508|NORM=2.7517455691850046e-06
,	O=0.9999959468841553|NORM=2.9129316772014135e-06
našminkaj	O=0.9997264742851257|NORM=0.00027249494451098144
se	O=0.999997615814209|NORM=2.3069765120453667e-06
,	O=0.9999957084655762|NORM=3.15396073347074e-06
obuci	O=0.9999772310256958|NORM=2.2669539248454385e-05
se	O=0.9999977350234985|NORM=2.1414980437839404e-06
...	O=0.9999901056289673|NORM=9.562882951286156e-06

zivot	NORM=0.9999892711639404|O=5.457170573208714e-06
49	O=0.999990701675415|NORM=8.793965207587462e-06
%	O=0.9999915361404419|NORM=7.606948656757595e-06
-	O=0.9999958276748657|NORM=3.7314032397262054e-06
ne	O=0.9999982118606567|NORM=1.5149339560593944e-06
zelim	NORM=0.9999867677688599|O=7.230888968479121e-06
da	O=0.9999963045120239|NORM=3.5633133848023135e-06
pitam	O=0.9999953508377075|NORM=4.556738531391602e-06
,	O=0.9999984502792358|NORM=1.1660598602247774e-06
ne	O=0.9999979734420776|NORM=1.7968762904274627e-06
zelim	NORM=0.9999866485595703|O=6.9814400376344565e-06
da	O=0.9999985694885254|NORM=1.264311663362605e-06
znam	O=0.9999947547912598|NORM=4.963367700838717e-06
.	O=0.9999972581863403|NORM=2.394450120846159e-06

zbog	O=0.9999983310699463|NORM=1.6377734937123023e-06
ravnoteze	NORM=0.9988403916358948|O=0.0011593176750466228
u	O=0.9999974966049194|NORM=2.52189806815295e-06
kosmosu	O=0.9999840259552002|NORM=1.5911105947452597e-05
,	O=0.9999984502792358|NORM=1.3936012237536488e-06
ocekujem	NORM=0.9999815225601196|O=1.591850377735682e-05
da	O=0.9999902248382568|NORM=9.737517757457681e-06
naidje	NORM=0.9999880790710449|O=9.480610970058478e-06
i	O=0.9999945163726807|NORM=5.474489626067225e-06
jin	O=0.9999810457229614|NORM=1.8766628272715025e-05
.	O=0.9999982118606567|NORM=1.535757519377512e-06

stojim	O=0.9999972581863403|NORM=2.572954826973728e-06
na	O=0.9999988079071045|NORM=1.1538696753632394e-06
stanici	O=0.9999943971633911|NORM=5.499533017427893e-06
i	O=0.9999986886978149|NORM=1.2142719469920848e-06
cekam	NORM=0.9999778270721436|O=1.9871451513608918e-05
autobus	O=0.9999858140945435|NORM=1.406392220815178e-05
,	O=0.9999980926513672|NORM=1.3919179764343426e-06
nailazi	O=0.9999984502792358|NORM=1.4912042161085992e-06
profesor	O=0.9999983310699463|NORM=1.4999886843725108e-06
tehnickog	NORM=0.9999908208847046|O=4.739746600535e-06
iz	O=0.9999829530715942|NORM=1.690889439487364e-05
os	NORM=0.8281944990158081|O=0.17179708182811737
i	O=0.999998927116394|NORM=1.0125605740540777e-06
kaze	NORM=0.9999896287918091|O=5.834987405251013e-06
profesoru	O=0.9999974966049194|NORM=2.416899633317371e-06
fizike	O=0.9999971389770508|NORM=2.798712102958234e-06
:	O=0.9999967813491821|NORM=2.93295693154505e-06
dje	NORM=0.9997625946998596|O=0.00023475394118577242
si	O=0.9999973773956299|NORM=2.52871564043744e-06
ba	O=0.9972153902053833|NORM=0.0027844603173434734
digitronac	NORM=0.97501140832901|O=0.024987954646348953
?	O=0.9999971389770508|NORM=2.589358246041229e-06

jesam	O=0.999996542930603|NORM=3.255614501540549e-06
jedini	O=0.9999977350234985|NORM=2.0787167613889324e-06
koji	O=0.9999988079071045|NORM=1.0953486935250112e-06
ima	O=0.9999986886978149|NORM=1.2257531807335909e-06
oko	O=0.9999982118606567|NORM=1.7329492720818962e-06
30ak	NORM=0.9995892643928528|O=0.00040866591734811664
pcela	NORM=0.7000771164894104|O=0.2999216616153717
oko	O=0.9999986886978149|NORM=1.1538960507095908e-06
prozora	O=0.9999973773956299|NORM=2.501799599485821e-06
koje	O=0.999996542930603|NORM=3.1957154078554595e-06
uspevaju	O=0.9999939203262329|NORM=5.929387953074183e-06
da	O=0.9999979734420776|NORM=1.8482678569853306e-06
prodju	NORM=0.9997817873954773|O=0.00021465044119395316
kroz	O=0.9999974966049194|NORM=2.3855320705479244e-06
njega	O=0.9999967813491821|NORM=2.987412017319002e-06
?	O=0.999996542930603|NORM=3.2445552733406657e-06

ako	O=0.9999970197677612|NORM=2.8232727800059365e-06
zicom	NORM=0.9999607801437378|O=3.754869248950854e-05
ograde	O=0.9999339580535889|NORM=6.583617505384609e-05
neki	O=0.9999972581863403|NORM=2.677323209354654e-06
grad	O=0.9999957084655762|NORM=4.1556518226570915e-06
da	O=0.9999977350234985|NORM=2.20282572627184e-06
stanovnici	O=0.9999953508377075|NORM=4.532109414867591e-06
ne	O=0.9999979734420776|NORM=1.856020389823243e-06
mogu	O=0.9999940395355225|NORM=5.712045094696805e-06
da	O=0.9999880790710449|NORM=1.1796661965490784e-05
izadju	NORM=0.9999898672103882|O=7.223005923151504e-06
i	O=0.9999874830245972|NORM=1.2399876140989363e-05
ko	NORM=0.9986022114753723|O=0.001386439660564065
na	O=0.9999979734420776|NORM=1.949945726664737e-06
streljanje	O=0.9999891519546509|NORM=1.0770731933007482e-05
ih	O=0.9999938011169434|NORM=6.145299266790971e-06
odvedu	O=0.9999974966049194|NORM=2.384192384852213e-06
vezane	O=0.9961000680923462|NORM=0.0038994764909148216
,	O=0.9999980926513672|NORM=1.671931840974139e-06
mozda	NORM=0.9999855756759644|O=4.661329057853436e-06
skupi	O=0.9999599456787109|NORM=3.9862803532741964e-05
toliko	O=0.9999948740005493|NORM=5.048905677540461e-06

pa	O=0.9999973773956299|NORM=2.5525305318296887e-06
pusi	NORM=0.9993196725845337|O=0.0006763159763067961
kurac	O=0.9999785423278809|NORM=2.123022568412125e-05
!	O=0.9999934434890747|NORM=6.207711066963384e-06

neki	O=0.9999977350234985|NORM=2.0764939563377993e-06
ljudi	O=0.9999964237213135|NORM=3.4100617085641716e-06
me	O=0.9999978542327881|NORM=2.0872432742180536e-06
jednostavno	O=0.9999961853027344|NORM=3.6870671920041787e-06
nikada	O=0.9999983310699463|NORM=1.5511823221459053e-06
nece	NORM=0.9999836683273315|O=7.695941349084023e-06
voleti	O=0.9999967813491821|NORM=3.1864528864389285e-06
,	O=0.9999971389770508|NORM=2.5335596092190826e-06
ali	O=0.9999980926513672|NORM=1.8507074628359987e-06
mene	O=0.9999971389770508|NORM=2.6135624011658365e-06
,	O=0.9999972581863403|NORM=2.5469737465755315e-06
sto	NORM=0.9999821186065674|O=8.12965208751848e-06
je	O=0.9999972581863403|NORM=2.715669779718155e-06
jos	NORM=0.9999841451644897|O=8.37200423120521e-06
jednostavnije	O=0.9988958835601807|NORM=0.0011040130630135536
,	O=0.9999980926513672|NORM=1.5435570048794034e-06
nikada	O=0.9999984502792358|NORM=1.3061255685897777e-06
nece	NORM=0.9999867677688599|O=6.377288627845701e-06
zanimati	O=0.999997615814209|NORM=2.318326096428791e-06
njihovo	O=0.9999973773956299|NORM=2.5034607915586093e-06
misljenje	NORM=0.9998778104782104|O=0.00012133369455114007
.	O=0.9999974966049194|NORM=2.283977210026933e-06

majko	O=0.9999978542327881|NORM=2.1301891592884203e-06
,	O=0.9999980926513672|NORM=1.3696366067961208e-06
ja	O=0.9999986886978149|NORM=1.2465019381124876e-06
ću	O=0.9999967813491821|NORM=3.124624527117703e-06
sutra	O=0.9999982118606567|NORM=1.6392186807934195e-06
zakovati	O=0.9997996687889099|NORM=0.00020010727166663855
takvog	O=0.9999983310699463|NORM=1.5798182175785769e-06
keca	O=0.9999949932098389|NORM=4.888991952611832e-06
,	O=0.9999984502792358|NORM=1.2083870615242631e-06
dobiti	O=0.9999864101409912|NORM=1.3519358617486432e-05
neopravdane	O=0.9999662637710571|NORM=3.3647225791355595e-05
,	O=0.9999977350234985|NORM=1.6499095636390848e-06
ali	O=0.9999985694885254|NORM=1.252351012226427e-06
bitno	O=0.9999982118606567|NORM=1.718964767860598e-06
je	O=0.9999983310699463|NORM=1.5601222003169823e-06
da	O=0.9999985694885254|NORM=1.2076591247023316e-06
sam	O=0.9999983310699463|NORM=1.5343448467319831e-06
živa	O=0.9999969005584717|NORM=3.082066768911318e-06
i	O=0.9999984502792358|NORM=1.4732605677636457e-06
zdrava	O=0.9999972581863403|NORM=2.6264528969477396e-06
je	O=0.9999946355819702|NORM=5.335529294825392e-06
l'	NORM=0.9999765157699585|O=1.498081019235542e-05
da	O=0.9999909400939941|NORM=9.062204298970755e-06
?	O=0.9999940395355225|NORM=5.770355528511573e-06

