Follback	NORM=0.9999946355819702|O=4.2756796574394684e-06
ka	NORM=0.9999843835830688|O=1.5168263416853733e-05
aku	O=0.9999873638153076|NORM=1.202444764203392e-05
ngfans	NORM=0.9999790191650391|O=2.0567496903822757e-05
bgt	NORM=0.9999923706054688|O=7.275691586983157e-06
ama	NORM=0.9999773502349854|O=2.2000549506628886e-05
kka	NORM=0.9929388761520386|O=0.007060487288981676
dri	NORM=0.9999579191207886|O=4.1340728785144165e-05
flm	O=0.9995561242103577|NORM=0.0004425968218129128
bidadari	O=0.9999881982803345|NORM=1.0392891454102937e-05
ampe	NORM=0.9999916553497314|O=7.875217306718696e-06
skrang	NORM=0.9983545541763306|O=0.0016440629260614514
@marshanda99	NORM=0.9999960660934448|O=2.692426733119646e-06

Bedain	NORM=0.9999904632568359|O=8.0316813182435e-06
dari	O=0.9999891519546509|NORM=7.759353138681035e-06
tatto	O=0.9999916553497314|NORM=7.211669071693905e-06
nya	O=0.9999955892562866|NORM=2.7795351797976764e-06
aj..he	NORM=0.999360978603363|O=0.0006382346036843956
bang	O=0.9999949932098389|NORM=3.915548859367846e-06
@marcelchandra	NORM=0.999995231628418|O=3.48006869899109e-06

Pasti	NORM=0.9999902248382568|O=7.977297173056286e-06
bnyak	NORM=0.9999908208847046|O=8.67655580805149e-06
pria	O=0.9999933242797852|NORM=4.535459538601572e-06
yg	NORM=0.9999850988388062|O=1.347454781353008e-05
sukai	O=0.999871015548706|NORM=0.00012204379891045392
ini..	O=0.9999847412109375|NORM=1.4040615496924147e-05
Wkwk	NORM=0.9999897480010986|O=9.226496331393719e-06
:D	O=0.9999914169311523|NORM=6.089424914534902e-06

Geh	NORM=0.9999897480010986|O=9.215485988534056e-06
Mbak	NORM=0.9999927282333374|O=6.280755314946873e-06
njenengan	NORM=0.9956555366516113|O=0.0043409173376858234
koh	O=0.9999929666519165|NORM=6.076874342397787e-06
ya,	O=0.9999912977218628|NORM=8.145706487994175e-06
wes	O=0.999932050704956|NORM=6.757159280823544e-05
artis	O=0.9999704360961914|NORM=2.8108626793255098e-05
ayu	O=0.9999927282333374|NORM=6.910676347615663e-06
tp	NORM=0.9999738931655884|O=2.5485023797955364e-05
ora	O=0.735260009765625|NORM=0.2647165060043335
isin	NORM=0.9159129858016968|O=0.0840824544429779
ngomong	NORM=0.9981896281242371|O=0.0017999550327658653
ngapak	O=0.9929825067520142|NORM=0.007016440387815237
ora	O=0.9732239246368408|NORM=0.026766637340188026
isin	O=0.5591528415679932|NORM=0.44084224104881287
ngaku	NORM=0.9883642196655273|O=0.011614914052188396
wong	O=0.9998956918716431|NORM=0.00010365805064793676
kampung.	O=0.9999867677688599|NORM=1.2732161849271506e-05
Ambung	NORM=0.9999898672103882|O=8.918856110540219e-06
kene	O=0.9999227523803711|NORM=7.688066398259252e-05
lhah.	NORM=0.9992126226425171|O=0.0007836057338863611
??	O=0.9999963045120239|NORM=2.907861926360056e-06

@melrdhadn	NORM=0.9999954700469971|O=3.4517461244831793e-06
kita	O=0.9999727010726929|NORM=2.5694551368360408e-05
yoo	NORM=0.8752825260162354|O=0.12470266222953796
bikin	O=0.9999617338180542|NORM=3.54756775777787e-05
ginian	NORM=0.9999679327011108|O=3.0756193154957145e-05
?	O=0.999987006187439|NORM=9.188896001433022e-06

Cantikk	NORM=0.9999936819076538|O=5.7174497669620905e-06
and	O=0.9999393224716187|NORM=4.5180833694757894e-05
gantengg	NORM=0.9999841451644897|O=1.5059479665069375e-05

Alhamdulillah...	NORM=0.9999839067459106|O=1.484112272009952e-05
semoga	O=0.9999649524688721|NORM=3.1915842555463314e-05
selalu	O=0.9999945163726807|NORM=4.395680662128143e-06
istiqamah	NORM=0.9999881982803345|O=1.0476431270944886e-05
yah	NORM=0.9999872446060181|O=1.0963679414999206e-05
kak	O=0.9999918937683105|NORM=4.193144377495628e-06
??	O=0.9999938011169434|NORM=3.689738605316961e-06

Eh	NORM=0.9999831914901733|O=1.545601298857946e-05
lu	O=0.9999916553497314|NORM=7.404829830193194e-06
pada	O=0.9999898672103882|NORM=9.442910595680587e-06
klo	NORM=0.9999904632568359|O=8.836703273118474e-06
di	O=0.9999966621398926|NORM=2.6888155844062567e-06
posisi	O=0.9999953508377075|NORM=4.036508016724838e-06
nya	O=0.9999954700469971|NORM=4.04483989768778e-06
mulan	O=0.9999958276748657|NORM=3.5992791254102485e-06
lu	O=0.9999949932098389|NORM=4.29654392064549e-06
emang	NORM=0.9998337030410767|O=0.00016562597011215985
bisa	O=0.9999840259552002|NORM=1.528169923403766e-05
adapin	NORM=0.9999140501022339|O=8.540368435205892e-05
!?	O=0.9999951124191284|NORM=4.085213731741533e-06
ga	NORM=0.999970555305481|O=2.885253525164444e-05
usah	O=0.9999829530715942|NORM=1.572450673847925e-05
bnyak	NORM=0.9999737739562988|O=2.553499143687077e-05
bacot	NORM=0.9975764155387878|O=0.0024218540638685226
emang	NORM=0.9998842477798462|O=0.00011484650167403743
lu	O=0.9999911785125732|NORM=8.30790122563485e-06
pada	O=0.9999922513961792|NORM=7.406918030028464e-06
itu	O=0.9999946355819702|NORM=5.141277597431326e-06
Tuhan,	NORM=0.9999840259552002|O=1.496955519542098e-05
bisa	O=0.9999786615371704|NORM=2.0916797438985668e-05
ngehakimi	O=0.9603963494300842|NORM=0.039599549025297165
dia	O=0.9999912977218628|NORM=7.30365081835771e-06
?	O=0.9999967813491821|NORM=2.4729204142204253e-06
Gw	NORM=0.9999938011169434|O=5.4853458095749374e-06
yg	NORM=0.9999873638153076|O=1.2082474313501734e-05
masih	O=0.999985933303833|NORM=1.3679236872121692e-05
17	O=0.9999891519546509|NORM=1.032559339364525e-05
th	NORM=0.9999591112136841|O=4.030263517051935e-05
aja	NORM=0.9999834299087524|O=1.6110847354866564e-05
ngerti	NORM=0.9998712539672852|O=0.00012811008491553366
gmna	NORM=0.9999836683273315|O=1.5865160094108433e-05
kerasnya	O=0.9993776679039001|NORM=0.0006222766824066639
dia	O=0.9999910593032837|NORM=8.343989065906499e-06
ngejuangin	NORM=0.9999769926071167|O=2.2581778466701508e-05
gimana	NORM=0.9999836683273315|O=1.5806004739715718e-05
beratnya	O=0.9999616146087646|NORM=3.8237056287471205e-05
juga	O=0.9999814033508301|NORM=1.8050104699796066e-05
dipojokin	NORM=0.9965153932571411|O=0.00348399649374187
dia	O=0.9999860525131226|NORM=1.3503517948265653e-05
masih	O=0.9999804496765137|NORM=1.9346163753652945e-05
tabah	O=0.9999933242797852|NORM=6.346079771901714e-06
aja	NORM=0.9999834299087524|O=1.613252425158862e-05
,,	O=0.9999935626983643|NORM=5.802071427751798e-06
lah	O=0.9999942779541016|NORM=5.345408226276049e-06
lu	O=0.999995231628418|NORM=4.444284513738239e-06
pada	O=0.9999920129776001|NORM=7.382768671959639e-06
bisanya	O=0.9999338388442993|NORM=6.596665480174124e-05
bacot	NORM=0.9986591339111328|O=0.0013392650289461017
orang	O=0.9999929666519165|NORM=6.377060799422907e-06
kek	NORM=0.999987006187439|O=1.2525211786851287e-05
idup	NORM=0.99996018409729|O=3.9410162571584806e-05
lu	O=0.9999946355819702|NORM=4.892208380624652e-06
udah	NORM=0.9999735355377197|O=2.570756259956397e-05
bener	NORM=0.9999574422836304|O=4.204454307910055e-05
,	O=0.9999939203262329|NORM=5.199685347179184e-06
dewasa	O=0.9999459981918335|NORM=5.363944364944473e-05
broh	O=0.9992656111717224|NORM=0.0007339123985730112
neng	O=0.9999480247497559|NORM=5.1198454457335174e-05
gw	NORM=0.9999529123306274|O=4.662055289372802e-05
yakin	O=0.9999014139175415|NORM=9.820541163207963e-05
yg	NORM=0.999987006187439|O=1.2439288184395991e-05
bacotin	NORM=0.9986451268196106|O=0.0013532963348552585
mbak	O=0.999990701675415|NORM=8.651494681544136e-06
mulan	O=0.9999959468841553|NORM=3.3751725823094603e-06
udah	NORM=0.9999597072601318|O=3.96416216972284e-05
17	O=0.9999955892562866|NORM=3.877077688230202e-06
ke	O=0.9999929666519165|NORM=5.929489361733431e-06
atas	O=0.9999932050704956|NORM=5.42729731023428e-06
berati	O=0.7247993350028992|NORM=0.275197297334671
rasionya	O=0.999962329864502|NORM=3.7471843825187534e-05
seharusnya	O=0.9999877214431763|NORM=1.197594974655658e-05
lebih	O=0.9999715089797974|NORM=2.8116057364968583e-05
jalan	O=0.9999769926071167|NORM=2.2793406969867647e-05
dripada	NORM=0.9999256134033203|O=7.381106843240559e-05
gue	O=0.999813973903656|NORM=0.00018549694505054504
kebangetak	NORM=0.9989257454872131|O=0.0010734276147559285
klo	NORM=0.9999897480010986|O=9.67733831203077e-06
gak	NORM=0.999935507774353|O=6.40377402305603e-05
!	O=0.9999874830245972|NORM=1.151717788161477e-05

Hitam	NORM=0.9999948740005493|O=3.8550128920178395e-06
jakety.tapi	O=0.9999865293502808|NORM=1.2921627785544842e-05
tetap	O=0.9999922513961792|NORM=5.821224021929083e-06
cakep	O=0.9999574422836304|NORM=3.7132285797270015e-05
kok	O=0.9999947547912598|NORM=3.8516241147590335e-06
bang.prilliy	O=0.9996300935745239|NORM=0.0003680097870528698
kok	O=0.9999939203262329|NORM=3.932466825062875e-06
gak	NORM=0.9999830722808838|O=1.5883120795479044e-05
ada	O=0.9999932050704956|NORM=5.817877081426559e-06

Namain	NORM=0.9999892711639404|O=9.224388122675009e-06
aja	NORM=0.9999781847000122|O=2.1014198864577338e-05
ansi.	O=0.9696402549743652|NORM=0.030353551730513573
Anak	NORM=0.9999874830245972|O=1.1275345059402753e-05
siapa.	O=0.9998400211334229|NORM=0.00015776818327140063
?	O=0.9999946355819702|NORM=4.029581759823486e-06
@raditya_dika	NORM=0.9999955892562866|O=3.1692593438492622e-06

Ohh	NORM=0.9999898672103882|O=9.287579814554192e-06
yesz	NORM=0.999869704246521|O=0.00012952336692251265

Rinduuuuuuuuu	NORM=0.9999871253967285|O=1.1267912668699864e-05
kak	O=0.9999895095825195|NORM=6.360336101352004e-06
olga??	O=0.9999951124191284|NORM=3.976656444137916e-06

Cocokkkk	NORM=0.9999948740005493|O=4.437464212969644e-06
sama	O=0.9999798536300659|NORM=1.5904182873782702e-05
gio	O=0.9997087121009827|NORM=0.00028577918419614434

Luar	NORM=0.9999903440475464|O=6.135756393632619e-06
biasa	O=0.9999953508377075|NORM=3.704959453898482e-06
teteh..	O=0.9999849796295166|NORM=1.2143392268626485e-05
Cantik	NORM=0.9999877214431763|O=9.906317245622631e-06
luar	O=0.9999942779541016|NORM=4.020728283649078e-06
biasaa???	NORM=0.9999885559082031|O=1.0606582691252697e-05

Ngapain	NORM=0.9999951124191284|O=3.91531011700863e-06
pada	O=0.9999788999557495|NORM=1.979694570763968e-05
urus	O=0.9997349381446838|NORM=0.0002625038323458284
pribadi	O=0.9999816417694092|NORM=1.712062476144638e-05
org....	NORM=0.9999642372131348|O=3.516536526149139e-05
urusan	O=0.9997308850288391|NORM=0.0002662282786332071
pribadi	O=0.9999773502349854|NORM=1.948530916706659e-05
kalian	O=0.9999850988388062|NORM=1.4365196875587571e-05
diurusin	NORM=0.9999487400054932|O=5.071747364127077e-05
sama	O=0.9999909400939941|NORM=7.647226993867662e-06
org	NORM=0.9999837875366211|O=1.5297313439077698e-05
lain	O=0.9999788999557495|NORM=1.857730239862576e-05
mau	O=0.9999909400939941|NORM=7.42942575016059e-06
ga?	NORM=0.9998698234558105|O=0.0001266446488443762
Pantes	NORM=0.9999947547912598|O=4.239364898239728e-06
indo	NORM=0.9995949864387512|O=0.0004041440552100539
ga	NORM=0.9999760389328003|O=2.321188549103681e-05
maju	O=0.999985933303833|NORM=1.2761959624185693e-05
maju	O=0.9999922513961792|NORM=6.6460306697990745e-06

Adem	NORM=0.9999886751174927|O=9.539058737573214e-06
liatnya	NORM=0.9999932050704956|O=6.172219855216099e-06

Kembar	NORM=0.9999916553497314|O=7.330058451771038e-06
nya	O=0.9999743700027466|NORM=2.2581181838177145e-05
ganteng2	NORM=0.9999681711196899|O=3.0351444365805946e-05

Yaahh	NORM=0.9999936819076538|O=5.747517207055353e-06
huhu?	O=0.9999946355819702|NORM=4.613290002453141e-06
hmm	O=0.9999899864196777|NORM=9.28155077417614e-06
apaa	NORM=0.999967098236084|O=3.222524173907004e-05
yaa	NORM=0.999985933303833|O=1.3232045603217557e-05
walaupun	O=0.9999903440475464|NORM=8.107668691081926e-06
aku	O=0.9999725818634033|NORM=2.693104397621937e-05
org	NORM=0.9999884366989136|O=1.0694062439142726e-05
bandung	O=0.9999856948852539|NORM=1.359752695861971e-05
asli	O=0.9999847412109375|NORM=1.3961449440103024e-05
tp	NORM=0.9999866485595703|O=1.2388236427796073e-05
jujur	O=0.9999672174453735|NORM=3.2396201277151704e-05
makanan	O=0.9999885559082031|NORM=1.0783182005980052e-05
khas	O=0.9999929666519165|NORM=6.002125701343175e-06
bandung	O=0.9999890327453613|NORM=1.0294169442204293e-05
biasa2	NORM=0.9999886751174927|O=1.0530357940297108e-05
aja	NORM=0.9999850988388062|O=1.4179002391756512e-05
mnrtkuu	NORM=0.9998989105224609|O=0.00010030132398242131
yor	O=0.9983171224594116|NORM=0.0016815790440887213
hahaha	O=0.9999947547912598|NORM=4.3297991396684665e-06
@yoeriche	NORM=0.9999955892562866|O=3.1730817227071384e-06

sabar	O=0.9998992681503296|NORM=9.849465277511626e-05
yya	NORM=0.9998288154602051|O=0.00016998870705720037
teh	O=0.9999961853027344|NORM=2.2749745767214336e-06
mulan	O=0.9999953508377075|NORM=3.935579115932342e-06
!!!	O=0.9999953508377075|NORM=2.0807271994272014e-06
sabar	O=0.9998300075531006|NORM=0.00016619560483377427
yya	NORM=0.9998447895050049|O=0.0001538899668958038
bunda	O=0.9999938011169434|NORM=4.058674221596448e-06
maia	O=0.9999868869781494|NORM=9.92092645901721e-06

kepoin..	NORM=0.9988868832588196|O=0.0011121088173240423
tas	O=0.9999157190322876|NORM=7.89319456089288e-05
nya	O=0.9999914169311523|NORM=7.111584181984654e-06
amora	O=0.9999679327011108|NORM=3.109453245997429e-05
lucu2	NORM=0.9999779462814331|O=2.0899195078527555e-05
?	O=0.9999940395355225|NORM=3.7386487292678794e-06
@lellafentikanov	NORM=0.999996542930603|O=2.454005198160303e-06
@ozatiara	NORM=0.9999963045120239|O=2.5940348677977454e-06
@imasokt	NORM=0.9999959468841553|O=2.9235716283437796e-06

Pahami	NORM=0.9999940395355225|O=4.711720976047218e-06
agamamu	O=0.999985933303833|NORM=1.3450807273329701e-05
sesuai	O=0.9999622106552124|NORM=3.66348831448704e-05
ajarannya,	O=0.9999451637268066|NORM=5.358316047932021e-05
jangan	O=0.9999539852142334|NORM=4.471626743907109e-05
membahas	O=0.9999655485153198|NORM=3.368897523614578e-05
agama	O=0.999897837638855|NORM=9.901107841869816e-05
lain.	O=0.9999719858169556|NORM=2.6719564630184323e-05
Kamu	NORM=0.9999837875366211|O=1.4982577340560965e-05
beragama	O=0.9999381303787231|NORM=6.1020378780085593e-05
tujuan	O=0.999966025352478|NORM=3.3297263144049793e-05
kamu	O=0.9999823570251465|NORM=1.6256712115136907e-05
hanya	O=0.9999938011169434|NORM=5.384638370742323e-06
masuk	O=0.999974250793457|NORM=2.3067477741278708e-05
surga	O=0.9999842643737793|NORM=1.4774966984987259e-05
kelak,	O=0.9999904632568359|NORM=9.209280506183859e-06
jika	O=0.99998939037323|NORM=9.786647751752753e-06
kamu	O=0.9999896287918091|NORM=9.633855370339006e-06
sudah	O=0.9999923706054688|NORM=7.30781130187097e-06
mati.	O=0.9999804496765137|NORM=1.897461697808467e-05
Apakah	NORM=0.9998136162757874|O=0.00018337862275075167
kamu	O=0.9999756813049316|NORM=2.2901840566191822e-05
akan	O=0.9999791383743286|NORM=1.9204393538529985e-05
masuk	O=0.999962329864502|NORM=3.6082055885344744e-05
surga	O=0.9999746084213257|NORM=2.4740767912589945e-05
jika	O=0.9999871253967285|NORM=1.1987175639660563e-05
kamu	O=0.9999830722808838|NORM=1.6074865925475024e-05
menganggap	O=0.9999831914901733|NORM=1.637481000216212e-05
agama	O=0.9999135732650757|NORM=8.495167276123539e-05
lain	O=0.9999872446060181|NORM=1.1886499123647809e-05
tidak	O=0.999991774559021|NORM=7.657925380044617e-06
benar?	O=0.9999881982803345|NORM=1.1313095455989242e-05
Tidak	NORM=0.9999562501907349|O=4.058171180076897e-05
akan	O=0.9999581575393677|NORM=3.9306112739723176e-05
masuk,	O=0.9999488592147827|NORM=5.079691618448123e-05
karena	O=0.9999868869781494|NORM=1.2166970918769948e-05
Tuhan	NORM=0.9999758005142212|O=2.1699950593756512e-05
tidak	O=0.9999812841415405|NORM=1.688076554273721e-05
menyukai	O=0.9999579191207886|NORM=3.971348633058369e-05
orang	O=0.9999847412109375|NORM=1.3962660887045786e-05
yang	O=0.999991774559021|NORM=7.434351118718041e-06
suka	O=0.9999877214431763|NORM=1.1582123079278972e-05
menjelekan	O=0.9999722242355347|NORM=2.7393462005420588e-05
satu	O=0.9999923706054688|NORM=7.26384269000846e-06
dengan	O=0.9999903440475464|NORM=8.801538569969125e-06
yang	O=0.9999899864196777|NORM=9.241388397640549e-06
lain.	O=0.9998966455459595|NORM=9.922128083417192e-05

Item	NORM=0.9999899864196777|O=8.151205292961095e-06
manis	O=0.9999895095825195|NORM=8.998075827548746e-06
bungggg	NORM=0.9998761415481567|O=0.00012307062570471317

wow	O=0.9999526739120483|NORM=4.551161691779271e-05

Serius	NORM=0.9999935626983643|O=5.098616838949965e-06
bikin	O=0.9999862909317017|NORM=1.1046896361222025e-05
ngiri	NORM=0.9990856647491455|O=0.0009109118254855275
beb	O=0.9999955892562866|NORM=3.402152742637554e-06
@nadyamiraldi	NORM=0.9999954700469971|O=2.82241785498627e-06

Itu	NORM=0.9999821186065674|O=1.5795629224157892e-05
caption	O=0.9999696016311646|NORM=2.8355876565910876e-05
nya	O=0.9999860525131226|NORM=8.468357009405736e-06
apa	O=0.9999936819076538|NORM=5.153201072971569e-06
ndak	NORM=0.9997718930244446|O=0.00022774336684960872
ngerti	NORM=0.9998842477798462|O=0.00011411034211050719
??????	O=0.9999926090240479|NORM=5.874883754586335e-06
@tirta_maf	NORM=0.9999961853027344|O=2.875952532122028e-06

@nandinifp	NORM=0.9999955892562866|O=3.4121571843570564e-06
sering	O=0.9999616146087646|NORM=3.538866440067068e-05
ngayal	NORM=0.9999479055404663|O=5.141662768437527e-05
trlalu	NORM=0.999887228012085|O=0.00011160600843140855
tinggi?	O=0.9999330043792725|NORM=6.636210309807211e-05

Perfect	NORM=0.9999854564666748|O=1.3031568414589856e-05
kk	NORM=0.9999749660491943|O=2.4774777557468042e-05
@aurakasih	NORM=0.9999936819076538|O=4.606708444043761e-06
..	O=0.9999932050704956|NORM=6.226308869372588e-06
sbbyak	NORM=0.9999251365661621|O=7.442520291078836e-05
apun	O=0.7805303335189819|NORM=0.21945777535438538
artis	O=0.9999319314956665|NORM=6.590879638679326e-05
indo	NORM=0.9998112320899963|O=0.00018812832422554493
tetep	NORM=0.9999493360519409|O=4.984613406122662e-05
aja	NORM=0.9999775886535645|O=2.18875447899336e-05
nyangkutnya	O=0.9379318356513977|NORM=0.06206159293651581
di	O=0.9999938011169434|NORM=4.8086149035952985e-06
yg	NORM=0.9999200105667114|O=7.952329178806394e-05
satu	O=0.9999942779541016|NORM=4.236327640683157e-06
ini...	O=0.9999858140945435|NORM=1.3373255569604225e-05
pokoknya	O=0.9999790191650391|NORM=2.0327801394159906e-05
i	O=0.9995743632316589|NORM=0.0004214728542137891
luv	O=0.9999334812164307|NORM=6.583357753697783e-05
u	NORM=0.9979788661003113|O=0.002020229585468769
pull	O=0.9998905658721924|NORM=0.00010848844249267131
untk	NORM=0.9999327659606934|O=6.677957571810111e-05
kk	NORM=0.9999105930328369|O=8.923921996029094e-05
@aurakasih	NORM=0.9999938011169434|O=4.589966010826174e-06

Kenapa	NORM=0.9999935626983643|O=4.641121449822094e-06
kk	NORM=0.9999867677688599|O=1.2808742212655488e-05
lepas	O=0.9999829530715942|NORM=1.4118413673713803e-05
hujan	O=0.9999548196792603|NORM=4.03328740503639e-05
nya	O=0.9999911785125732|NORM=6.07451647738344e-06
:'(	O=0.9999932050704956|NORM=5.480474555952242e-06

@florenkwee	NORM=0.9999946355819702|O=4.1114531086350325e-06
wkwkwkwk	O=0.9999792575836182|NORM=2.027771552093327e-05
#GOFOODFLOREN	NORM=0.9999955892562866|O=2.6590939796733437e-06
nangis	NORM=0.9999825954437256|O=1.6495092495460995e-05
gua:'(	O=0.9997838139533997|NORM=0.0002145176549674943

Mau	NORM=0.9999910593032837|O=7.57663883632631e-06
gini	NORM=0.9999892711639404|O=9.276437594962772e-06
mas	O=0.9999934434890747|NORM=3.92993024433963e-06
@zulfahriansyahharahap290614	NORM=0.9999935626983643|O=4.811600319953868e-06

Subhanallah	NORM=0.999994158744812|O=4.346071364125237e-06
Cantik	NORM=0.9999927282333374|O=4.756491762236692e-06
kak	O=0.9999949932098389|NORM=3.844351340376306e-06
pke	NORM=0.9999812841415405|O=1.8047625417239033e-05
hijab,	O=0.9999666213989258|NORM=3.2151860068552196e-05
lbh	NORM=0.9999878406524658|O=1.1687801816151477e-05
keliatan	NORM=0.9999731779098511|O=2.523108196328394e-05
dewasa..	O=0.9999929666519165|NORM=6.087489509809529e-06
Awet?	NORM=0.9999912977218628|O=7.517040558013832e-06
ya	O=0.9999936819076538|NORM=3.946772721974412e-06
kak.	O=0.9999847412109375|NORM=1.3394365851127077e-05
?	O=0.999996542930603|NORM=1.8304990589967929e-06

Kulitnya	NORM=0.999991774559021|O=7.558139714092249e-06
bgus	NORM=0.9999943971633911|O=4.7100243136810604e-06
ya	O=0.9999910593032837|NORM=5.21678657605662e-06
@r.uwey_	NORM=0.9999954700469971|O=3.1856648092798423e-06

Subhannallah	NORM=0.9999898672103882|O=8.772246474109124e-06
cantik	O=0.9999970197677612|NORM=1.963343493116554e-06
banget	O=0.9999972581863403|NORM=1.92103016161127e-06
teteh	O=0.9999889135360718|NORM=1.0163568731513806e-05
alhamdulillah	O=0.9999912977218628|NORM=7.681202987441793e-06
akhirnya	O=0.9999926090240479|NORM=6.2156914282240905e-06
teteh	O=0.9999903440475464|NORM=8.884022463462315e-06
berhijab	O=0.9999849796295166|NORM=1.3867355846741702e-05
juga.	O=0.9999922513961792|NORM=6.474133442679886e-06
Pertahankan	NORM=0.9999890327453613|O=1.0046014722320251e-05
ya	O=0.9999947547912598|NORM=3.898880549968453e-06
teh	O=0.9999955892562866|NORM=2.615325911392574e-06
kalau	O=0.9999966621398926|NORM=2.009742956943228e-06
bisa	O=0.9999964237213135|NORM=2.464300450810697e-06
lebih	O=0.9999967813491821|NORM=2.267546278744703e-06
menutupi	O=0.999990701675415|NORM=8.352617442142218e-06
seluruh	O=0.9999942779541016|NORM=4.590449862007517e-06
nya	O=0.9999963045120239|NORM=2.424378635623725e-06
ya	O=0.9999943971633911|NORM=3.821320660790661e-06
teh.	O=0.9999934434890747|NORM=4.8365118345827796e-06
Bermula	NORM=0.9999791383743286|O=1.9367644199519418e-05
dari	O=0.999970555305481|NORM=2.460795258230064e-05
hal	O=0.999984622001648|NORM=1.2577849702211097e-05
yang	O=0.9999797344207764|NORM=1.6697953469702043e-05
kecil	O=0.9999898672103882|NORM=8.03769853519043e-06
ya	O=0.9999946355819702|NORM=3.922775704268133e-06
teteh	O=0.9999955892562866|NORM=3.209282112948131e-06

Marshanda	NORM=0.999992847442627|O=6.0704905990860425e-06
yg	NORM=0.9999912977218628|O=7.159599590522703e-06
perlu	O=0.9999483823776245|NORM=4.969112342223525e-05
diingat	O=0.9978387951850891|NORM=0.002156944712623954
orang	O=0.9999828338623047|NORM=1.4712123629578855e-05
tua	O=0.999981164932251|NORM=1.611557490832638e-05
itu	O=0.9999911785125732|NORM=8.282919225166552e-06
segalanya,,,hidup	O=0.9996930360794067|NORM=0.0003065260243602097
kita	O=0.9999865293502808|NORM=1.2926767340104561e-05
tampa	O=0.9999791383743286|NORM=2.031617441389244e-05
ridho	O=0.9999361038208008|NORM=6.309248419711366e-05
org	NORM=0.9999878406524658|O=1.1117831490992103e-05
tua	O=0.9999939203262329|NORM=5.308650088409195e-06
tiada	O=0.9999966621398926|NORM=2.3732061436021468e-06
artinya,,Allah	NORM=0.999983549118042|O=1.5208199329208583e-05
redho	O=0.993775486946106|NORM=0.006220610812306404
apabila	O=0.9999685287475586|NORM=2.874064739444293e-05
kita	O=0.9999611377716064|NORM=3.829392881016247e-05
sayang	O=0.9999873638153076|NORM=1.21636121548363e-05
kepada	O=0.9999947547912598|NORM=4.605703452398302e-06
orang	O=0.9999943971633911|NORM=4.850637196796015e-06
tua	O=0.9999954700469971|NORM=4.045997229695786e-06
,dan	O=0.9999940395355225|NORM=5.430724286270561e-06
rezki	O=0.9999923706054688|NORM=6.985083018662408e-06
akan	O=0.9999954700469971|NORM=3.8950661291892175e-06
terbuka	O=0.9999938011169434|NORM=5.442201654659584e-06
luas	O=0.9999951124191284|NORM=4.375022854219424e-06
,,nice	O=0.9999860525131226|NORM=1.354435062239645e-05
caca	O=0.9999881982803345|NORM=1.1378252565918956e-05
cermin	O=0.9999915361404419|NORM=7.943343007354997e-06
anak	O=0.9999955892562866|NORM=3.872240540658822e-06
muda	O=0.9999964237213135|NORM=2.934396889031632e-06
masa	O=0.9999964237213135|NORM=3.1434171887667617e-06
kini	O=0.9999961853027344|NORM=3.35650474880822e-06
yg	NORM=0.9999877214431763|O=1.0728315828600898e-05
sayang	O=0.9999902248382568|NORM=9.209463314618915e-06
kepd	NORM=0.999987006187439|O=1.243274164153263e-05
org	NORM=0.9999909400939941|O=8.148414963216055e-06
tua,,,Insya	NORM=0.9999908208847046|O=6.672014023934025e-06
Allah	NORM=0.9999840259552002|O=1.2418188816809561e-05
saat	O=0.9999921321868896|NORM=6.995567673584446e-06
tuanya	O=0.9999856948852539|NORM=1.4114225450612139e-05
caca	O=0.9999761581420898|NORM=2.3371954739559442e-05
nanti	O=0.999994158744812|NORM=5.011298526369501e-06
anak	O=0.999994158744812|NORM=5.31340810994152e-06
caca	O=0.9999866485595703|NORM=1.260217686649412e-05
akan	O=0.9999957084655762|NORM=3.536023086780915e-06
sayang	O=0.9999946355819702|NORM=4.703265403804835e-06
pada	O=0.9999955892562866|NORM=3.6783201267098775e-06
caca,,,	O=0.9999681711196899|NORM=3.113103593932465e-05

mulan	O=0.9999853372573853|NORM=1.3670804037246853e-05
kayak	O=0.999957799911499|NORM=4.0512906707590446e-05
kayaq	NORM=0.9999890327453613|O=1.0549922990321647e-05
putri	O=0.9999927282333374|NORM=5.278485787130194e-06
duyung,	O=0.999991774559021|NORM=7.497384103771765e-06
tetap	O=0.9999902248382568|NORM=8.69096129463287e-06
keep	O=0.9999855756759644|NORM=1.2102819709980395e-05
smile.	O=0.9999716281890869|NORM=2.7101295927423052e-05

Nganterin	NORM=0.9999951124191284|O=4.096766133443452e-06
mahar	O=0.9999344348907471|NORM=6.38396231806837e-05
boleh?????	O=0.9994997978210449|NORM=0.0004974987241439521

Jngn	NORM=0.9999943971633911|O=4.2861011024797335e-06
suka	O=0.9999716281890869|NORM=2.3270875317393802e-05
menghina	O=0.9999533891677856|NORM=4.3615666072582826e-05

Adeuh	NORM=0.9999947547912598|O=4.353599251771811e-06
suitt	O=0.9999150037765503|NORM=8.398089266847819e-05
suiit	NORM=0.9998210072517395|O=0.0001781571190804243
?	O=0.9999904632568359|NORM=6.312982804956846e-06
@ichasoebandono	NORM=0.999995231628418|O=3.0326239084388362e-06

@aliyanajla_	NORM=0.9999953508377075|O=2.899435230574454e-06
anjirr	NORM=0.9999088048934937|O=9.065388439921662e-05
wkwk	O=0.9999843835830688|NORM=1.4246737009671051e-05

Sekedar	NORM=0.9999949932098389|O=4.2915603444271255e-06
foto	O=0.999980092048645|NORM=1.316061297984561e-05
ae	NORM=0.9999496936798096|O=4.937483026878908e-05
rame	O=0.999977707862854|NORM=2.0944902644259855e-05
wong2	NORM=0.9999805688858032|O=1.867257378762588e-05
iki	O=0.9999929666519165|NORM=4.92270964969066e-06
hahaha	O=0.999993085861206|NORM=4.096089924132684e-06
koplak	O=0.9999780654907227|NORM=1.977023384824861e-05

@oktasintya	NORM=0.9999964237213135|O=2.518638439141796e-06
iseng	O=0.9998283386230469|NORM=0.00017100226250477135
bgt	NORM=0.9999936819076538|O=5.580500328505877e-06
lu...hahhaha...	O=0.9999938011169434|NORM=5.868316748092184e-06
mudahan	O=0.9960241317749023|NORM=0.003934655804187059
ceritax	NORM=0.9999796152114868|O=1.9387613065191545e-05
gak	NORM=0.9999617338180542|O=3.707253927132115e-05
ketebak....	O=0.9999258518218994|NORM=7.376928260782734e-05

Editin	NORM=0.9999954700469971|O=3.7050588161946507e-06
gua	O=0.9999845027923584|NORM=1.4787628970225342e-05
kek	NORM=0.9999920129776001|O=7.422210728691425e-06
gini	NORM=0.999983549118042|O=1.4772716895095073e-05
sit	O=0.9408318996429443|NORM=0.05916603282094002
!	O=0.9999405145645142|NORM=5.8659086789702997e-05
@chrissytommo	NORM=0.9999954700469971|O=2.3484733446821338e-06

Ya	NORM=0.9999393224716187|O=5.4037311201682314e-05
tinggal	O=0.9999792575836182|NORM=1.8221257050754502e-05
kembungkan	O=0.9989866614341736|NORM=0.0010072634322568774
perutmu	O=0.9999834299087524|NORM=1.5762137991259806e-05
dan	O=0.9999935626983643|NORM=5.37379219167633e-06
coret"	NORM=0.9999538660049438|O=4.52569147455506e-05
lahh	NORM=0.9999592304229736|O=4.015377999166958e-05
wkwk	O=0.9999878406524658|NORM=1.146156409959076e-05
@oktavhyankerawing	NORM=0.9999947547912598|O=3.7879162846365944e-06

@vayanab	NORM=0.9999948740005493|O=3.995559836766915e-06
goals	O=0.9997535347938538|NORM=0.00023314342251978815
bgtt	NORM=0.9999918937683105|O=7.305480721697677e-06
nikah	O=0.9999502897262573|NORM=4.813702980754897e-05
begini	O=0.9999595880508423|NORM=3.8969945308053866e-05

Astaga	NORM=0.9999938011169434|O=4.7716221160953864e-06
15	O=0.9999942779541016|NORM=4.746946615341585e-06
yaaa...	NORM=0.9999775886535645|O=2.099329503835179e-05
Tua	NORM=0.9999947547912598|O=4.2320616557844914e-06
bgtt.	NORM=0.9999690055847168|O=3.0113293178146705e-05
Kirain	NORM=0.9999954700469971|O=3.8098189634183655e-06
20thn	O=0.9999891519546509|NORM=7.971296327013988e-06
an?	O=0.9999914169311523|NORM=7.531672508775955e-06

Oia	NORM=0.9999806880950928|O=1.810624780773651e-05
lu	O=0.9999933242797852|NORM=4.373647243482992e-06
sblh	NORM=0.9999830722808838|O=1.6349809811799787e-05
kiri	O=0.9999775886535645|NORM=2.0695671992143616e-05
gw	NORM=0.999984622001648|O=1.4416752492252272e-05
sblh	NORM=0.9999839067459106|O=1.5576446457998827e-05
kanan	O=0.9999779462814331|NORM=2.077927638310939e-05
ya?mau	O=0.9994041919708252|NORM=0.0005945361335761845
photoshoot	O=0.9997974038124084|NORM=0.00012874064850620925
tuh	O=0.9999949932098389|NORM=2.8393058073561406e-06
waktu	O=0.9999958276748657|NORM=2.6953885026159696e-06
itu?	O=0.9999943971633911|NORM=4.7212311073963065e-06
@chykaals	NORM=0.9999946355819702|O=3.503646667013527e-06

?	O=0.9999910593032837|NORM=5.204016360949026e-06
Mau	NORM=0.9999881982803345|O=1.0053951882582624e-05
tambah	O=0.9999953508377075|NORM=3.0683015665999847e-06
tinggi,	O=0.9999837875366211|NORM=1.524832896393491e-05
Putih,	NORM=0.9999873638153076|O=1.1137458386656363e-05
Bebas	NORM=0.9999939203262329|O=4.348595211922657e-06
Jerawat,	NORM=0.9999903440475464|O=7.765196642139927e-06
Langsing	NORM=0.9999923706054688|O=5.94936227571452e-06
?	O=0.9999949932098389|NORM=2.9474006169039058e-06
?	O=0.9999948740005493|NORM=2.876617827496375e-06
Vitamin	NORM=0.99998939037323|O=8.441671525361016e-06
Mata	NORM=0.9999864101409912|O=1.0941255823126994e-05
Minus,	NORM=0.9999884366989136|O=9.299211342295166e-06
Alat	NORM=0.9999873638153076|O=1.0160752935917117e-05
Pembesar	NORM=0.9999853372573853|O=1.2460888683563098e-05
&amp;	NORM=0.9356091618537903|O=0.06438510119915009
Pengencang	NORM=0.9999902248382568|O=8.170991350198165e-06
Payudara	NORM=0.9999910593032837|O=7.492968961742008e-06
?	O=0.9999946355819702|NORM=3.5428849969321163e-06
Yuk	NORM=0.9999927282333374|O=5.865479124622652e-06
Konsultasikan	NORM=0.9999949932098389|O=3.592499751903233e-06
dgn	NORM=0.999990701675415|O=8.358975719602313e-06
Consultant	NORM=0.9999943971633911|O=4.405601430335082e-06
Herbal	NORM=0.9999681711196899|O=2.4216773454099894e-05
di@Pameranherbal	NORM=0.9999955892562866|O=3.2829293559188955e-06
?	O=0.9999934434890747|NORM=3.9926553654368035e-06
Pin:	NORM=0.999957799911499|O=4.1122020775219426e-05
57B75CF8	NORM=0.9999922513961792|O=7.1330537139147054e-06
/	O=0.999994158744812|NORM=3.869455213134643e-06
Cek	NORM=0.999996542930603|O=2.6728157536126673e-06
IG	NORM=0.9999912977218628|O=7.214459401438944e-06
kita	O=0.9999728202819824|NORM=2.4866185412975028e-05
utk	NORM=0.9999912977218628|O=7.690327947784681e-06
Line	NORM=0.99998939037323|O=8.880227142071817e-06
&	O=0.9999914169311523|NORM=6.957134246476926e-06
bbm	O=0.999956488609314|NORM=4.174979039817117e-05
ada	O=0.9999675750732422|NORM=3.107240627286956e-05
BPOM,	NORM=0.9999929666519165|O=6.002847385389032e-06
HALAL	NORM=0.9999947547912598|O=4.271905709174462e-06
MUI.	NORM=0.9999921321868896|O=6.645757366641192e-06
Herbal	NORM=0.9999734163284302|O=2.290345037181396e-05
100lami	NORM=0.6945527791976929|O=0.30544325709342957

Kereeeeennnn	NORM=0.9999923706054688|O=6.4938967625494115e-06
boriel	O=0.9999346733093262|NORM=6.119692989159375e-05

So	NORM=0.9999891519546509|O=5.9745871112681925e-06
lucky	O=0.9991382360458374|NORM=0.0008579701534472406
bgt	NORM=0.999990701675415|O=8.460614481009543e-06
dah	NORM=0.9999788999557495|O=1.9648130546556786e-05
yes	O=0.9999853372573853|NORM=1.2249020073795691e-05
@armi.kyukazza	NORM=0.9999958276748657|O=2.6484196951059857e-06

Tadinya	NORM=0.9999911785125732|O=7.804916094755754e-06
mau	O=0.9999908208847046|NORM=7.104842097760411e-06
nge-like	O=0.9997158646583557|NORM=0.0002791981096379459
yang	O=0.9999866485595703|NORM=1.0828648555616383e-05
ini	O=0.9999878406524658|NORM=9.824092558119446e-06
juga,	O=0.9999508857727051|NORM=4.830256148125045e-05
tapi	O=0.9999877214431763|NORM=9.859532838163432e-06
g	NORM=0.99998939037323|O=9.82575693342369e-06
jadi	O=0.9999731779098511|NORM=2.157468225050252e-05
deh.	O=0.9999746084213257|NORM=2.4464377929689363e-05
?	O=0.9999953508377075|NORM=3.0147689358273055e-06

Tuh	NORM=0.9999935626983643|O=5.39807206223486e-06
liat	NORM=0.9999940395355225|O=5.395042990130605e-06
wajahnya	O=0.7138353586196899|NORM=0.2861572504043579
bunda	O=0.9999954700469971|NORM=2.2524563974002376e-06
maya	O=0.999992847442627|NORM=3.976328571297927e-06
,,	O=0.9999960660934448|NORM=2.8241588552191388e-06
cantiknya	O=0.999993085861206|NORM=6.456658411480021e-06
alamii	O=0.9864140152931213|NORM=0.013557309284806252
gak	NORM=0.9999830722808838|O=1.60655181389302e-05
luntur	O=0.9997606873512268|NORM=0.00023753949790261686
sampek	NORM=0.9999469518661499|O=5.274136128718965e-05
ckrng	NORM=0.9797016382217407|O=0.020296718925237656
:*	O=0.9999966621398926|NORM=2.1664618543582037e-06

@ristiakartika_u	NORM=0.9999943971633911|O=4.3423560782684945e-06
:	O=0.9999938011169434|NORM=3.281590124970535e-06
ayoo	NORM=0.9998090863227844|O=0.00018873567751143128
semangat	O=0.9999337196350098|NORM=6.3520077674184e-05
risst	O=0.9992788434028625|NORM=0.0007202313281595707
.	O=0.9999951124191284|NORM=3.606123755162116e-06
Pasti	NORM=0.999940037727356|O=5.665550634148531e-05
kamu	O=0.9999966621398926|NORM=2.28463750318042e-06
bisa	O=0.9999942779541016|NORM=4.315121714171255e-06
!!	O=0.9999972581863403|NORM=1.8063951756630559e-06

Ko	NORM=0.9999954700469971|O=3.5143248169333674e-06
kalo	NORM=0.9999855756759644|O=1.3389319065026939e-05
sama	O=0.9999940395355225|NORM=4.51396954304073e-06
ka	NORM=0.9999887943267822|O=1.068544133886462e-05
wilona	O=0.999991774559021|NORM=5.816876182507258e-06
jarang	O=0.9999808073043823|NORM=1.4286606528912671e-05
post	O=0.9999901056289673|NORM=7.494333658542018e-06
foto	O=0.9999887943267822|NORM=7.4977979238610715e-06
ber2	NORM=0.9999674558639526|O=3.1827163184061646e-05

Iiii	NORM=0.9999737739562988|O=2.534113264118787e-05
it	NORM=0.997887909412384|O=0.0021100689191371202
ap	NORM=0.9999462366104126|O=5.3372281399788335e-05
yg	NORM=0.9999699592590332|O=2.941599814221263e-05
rambut	O=0.9999785423278809|NORM=2.0395345927681774e-05
ungu	O=0.9999780654907227|NORM=2.1383242710726336e-05
kuntilanak	O=0.9997766613960266|NORM=0.0002228684170404449
y.hiii	NORM=0.999702513217926|O=0.0002969051420222968

@marcelloalexius	NORM=0.999995231628418|O=3.253412614867557e-06
nihh	NORM=0.9999868869781494|O=1.219195473822765e-05

Aamiin	NORM=0.9999947547912598|O=3.6376134175952757e-06
@tan_tanintan	NORM=0.9999951124191284|O=3.152494173264131e-06

Takdir	NORM=0.9999896287918091|O=9.199161468131933e-06
itu	O=0.9999898672103882|NORM=9.034020877152216e-06
memang	O=0.9999951124191284|NORM=4.328260274633067e-06
sudah	O=0.9999866485595703|NORM=1.274331134482054e-05
digariskan	O=0.9998990297317505|NORM=9.864512685453519e-05
,	O=0.9999932050704956|NORM=5.766791673522675e-06
allah	O=0.9999841451644897|NORM=1.4891839782649186e-05
itu	O=0.9999903440475464|NORM=8.367219379579183e-06
menggariskan	O=0.9999877214431763|NORM=1.1537772479641717e-05
takdir	O=0.9999926090240479|NORM=6.721091267536394e-06
untuk	O=0.9999942779541016|NORM=4.964103482052451e-06
setiap	O=0.9999932050704956|NORM=6.3233460423361976e-06
hambanya.	O=0.9999500513076782|NORM=4.68735488539096e-05
Tapi	NORM=0.9999880790710449|O=1.039945436787093e-05
bagaimna	NORM=0.9990037083625793|O=0.0009863842278718948
kita	O=0.9999953508377075|NORM=4.252487087796908e-06
yang	O=0.9999929666519165|NORM=6.554202627739869e-06
menjalankan.	O=0.9999785423278809|NORM=2.0488689187914133e-05
Masih	NORM=0.9999886751174927|O=1.0532789019634947e-05
percaya	O=0.999968409538269|NORM=3.0726361728738993e-05
takdir	O=0.9999933242797852|NORM=6.044071142241592e-06
????	O=0.9999966621398926|NORM=2.508350917196367e-06
Kalau	NORM=0.9999912977218628|O=7.460690540028736e-06
takdir	O=0.9999920129776001|NORM=7.557557637483114e-06
kalian	O=0.9999942779541016|NORM=5.211790721659781e-06
semua	O=0.9999946355819702|NORM=4.673861894843867e-06
susah	O=0.9999905824661255|NORM=9.031708941620309e-06
apa	O=0.9999904632568359|NORM=9.123446034209337e-06
kalian	O=0.9999923706054688|NORM=7.310829914786154e-06
tidak	O=0.9999939203262329|NORM=5.37628557140124e-06
berusaha	O=0.9999916553497314|NORM=7.815339813532773e-06
untuk	O=0.9999420642852783|NORM=5.169431460672058e-05
bangkit	O=0.9999947547912598|NORM=4.736728897114517e-06
???	O=0.9999977350234985|NORM=1.6161205849130056e-06
Takdir	NORM=0.9999865293502808|O=1.227870598086156e-05
memang	O=0.9999899864196777|NORM=9.419884918315802e-06
ada	O=0.999984860420227|NORM=1.4790441127843224e-05
tpi	NORM=0.9999510049819946|O=4.8400001105619594e-05
tidak	O=0.9999862909317017|NORM=1.3103785931889433e-05
semua	O=0.9999915361404419|NORM=8.015238563530147e-06
yg	NORM=0.9999896287918091|O=9.33020783122629e-06
kita	O=0.9999700784683228|NORM=2.891990152420476e-05
lakukan	O=0.9999881982803345|NORM=1.0920331988018006e-05
itu	O=0.9999920129776001|NORM=7.186625680333236e-06
takdir	O=0.9999890327453613|NORM=1.0492168257769663e-05
.	O=0.9999954700469971|NORM=3.687564003485022e-06

Kak	NORM=0.9999829530715942|O=1.6249559848802164e-05
Olga	NORM=0.9998948574066162|O=9.486171620665118e-05
lagi	O=0.9999866485595703|NORM=1.0696777280827519e-05
ngapain	NORM=0.9999761581420898|O=2.2165209884406067e-05
yaa	NORM=0.9999842643737793|O=1.497309949627379e-05
di	O=0.9999881982803345|NORM=1.1019214070984162e-05
surgaa	O=0.9984601736068726|NORM=0.001538344076834619
aku	O=0.99998939037323|NORM=9.875707291939761e-06
kangenn	NORM=0.999366819858551|O=0.0006318272789940238

Pacarrr	NORM=0.999994158744812|O=5.100632733956445e-06
idamann	O=0.9996042847633362|NORM=0.00039258922333829105
???	O=0.9999955892562866|NORM=3.6020524021296296e-06

mau	O=0.9999877214431763|NORM=9.524732377030887e-06
dong	O=0.9999889135360718|NORM=9.89329146250384e-06
disupirin	NORM=0.9998964071273804|O=0.00010302678128937259
kakak	O=0.9999650716781616|NORM=3.4449276427039877e-05

Bagus	NORM=0.999993085861206|O=4.705020728579257e-06
banget	O=0.9999959468841553|NORM=3.673077117127832e-06
produk	O=0.9999916553497314|NORM=7.702668881393038e-06
yg	NORM=0.999994158744812|O=4.633225671568653e-06
aku	O=0.9999922513961792|NORM=7.149405973905232e-06
beli	O=0.9999874830245972|NORM=1.1621154953900259e-05
di@DR.HAFIDZ_HEALTYCARE	NORM=0.9999945163726807|O=3.3113069548562635e-06
,	O=0.9999920129776001|NORM=6.333785677270498e-06
saya	O=0.9999926090240479|NORM=5.814828455186216e-06
jadi	O=0.9999940395355225|NORM=4.466501195565797e-06
malu,	O=0.9999901056289673|NORM=9.11985171114793e-06
soalnya	O=0.9999929666519165|NORM=6.835555268480675e-06
dulu	O=0.9999936819076538|NORM=5.733349553338485e-06
saya	O=0.9999918937683105|NORM=7.524274678871734e-06
sempet	NORM=0.9999582767486572|O=4.118566357647069e-05
DC	NORM=0.99998939037323|O=8.879286724550184e-06
bbm	O=0.9999854564666748|NORM=1.3696865607926156e-05
nya	O=0.9999951124191284|NORM=3.753399596462259e-06
karna	NORM=0.9999926090240479|O=6.22290372120915e-06
ngga	NORM=0.9999876022338867|O=1.1502075722091831e-05
percaya.	O=0.9999531507492065|NORM=4.562614776659757e-05
Terus	NORM=0.9999885559082031|O=9.295223208027892e-06
saya	O=0.9999527931213379|NORM=4.647090827347711e-05
invite	O=0.9999711513519287|NORM=2.7754744223784655e-05
lagi	O=0.9999949932098389|NORM=4.263221399014583e-06
karna	NORM=0.9999885559082031|O=1.031565716402838e-05
penasaran,	O=0.9999879598617554|NORM=1.1585418178583495e-05
tp	NORM=0.9999901056289673|O=8.906202310754452e-06
setelah	O=0.999995231628418|NORM=4.114154307899298e-06
saya	O=0.9999901056289673|NORM=9.12697669264162e-06
coba	O=0.9999949932098389|NORM=4.479567905946169e-06
hasilnya	O=0.9999608993530273|NORM=3.456978083704598e-05
mantep,	O=0.9998272061347961|NORM=0.00017219111032318324
badanku	O=0.9999815225601196|NORM=1.7844804460764863e-05
turun	O=0.9999896287918091|NORM=9.720931302581448e-06
9kg	O=0.9999099969863892|NORM=8.93474934855476e-05
dan	O=0.9999953508377075|NORM=3.944236141251167e-06
kulit	O=0.9999871253967285|NORM=1.2280493137950543e-05
ku	O=0.9999955892562866|NORM=3.896478574461071e-06
jadi	O=0.9999940395355225|NORM=5.246077762421919e-06
putih	O=0.9999880790710449|NORM=1.1599504432524554e-05
alami	O=0.9999945163726807|NORM=5.027824499848066e-06
:)	O=0.9999959468841553|NORM=2.5800329694902757e-06

TAU	NORM=0.9999935626983643|O=5.164806680113543e-06
GAK	NORM=0.9999954700469971|O=3.567468866094714e-06
AKU	NORM=0.9999939203262329|O=5.119531124364585e-06
UDAH	NORM=0.9999949932098389|O=3.6899966744385893e-06
PAKE	NORM=0.9999942779541016|O=4.652433744922746e-06
BANYAK	NORM=0.9999961853027344|O=2.858468860722496e-06
SEKALI	NORM=0.9999947547912598|O=3.923674285033485e-06
PRODUK	NORM=0.9999947547912598|O=4.186559635854792e-06
PEMBESAR	NORM=0.9999938011169434|O=4.820033609576058e-06
PAYUDARA	NORM=0.9999938011169434|O=5.228056579653639e-06
MULAI	NORM=0.9999951124191284|O=3.635665279944078e-06
DARI	NORM=0.9999957084655762|O=3.318094513815595e-06
KRIM	NORM=0.9999926090240479|O=6.114811185398139e-06
SAMPE	NORM=0.9999948740005493|O=4.1298258111055475e-06
SEGALA	NORM=0.9999947547912598|O=4.198935130261816e-06
MACAM	NORM=0.9999954700469971|O=3.4248128031322267e-06
UDAH	NORM=0.9999957084655762|O=3.208508132956922e-06
AKU	NORM=0.9999947547912598|O=4.351382813183591e-06
COBA	NORM=0.9999957084655762|O=3.2772366012068233e-06
TAPI	NORM=0.9999949932098389|O=3.858036052406533e-06
GAK	NORM=0.9999958276748657|O=3.2409841423941543e-06
ADA	NORM=0.9999879598617554|O=9.32807415665593e-06
YANG	NORM=0.9999878406524658|O=9.993475032388233e-06
BERHASIL	NORM=0.9999948740005493|O=3.5490947993821464e-06
SAMA	NORM=0.9999954700469971|O=3.2150837796507403e-06
SEKALI	NORM=0.999995231628418|O=3.613218950704322e-06
:(	O=0.9999891519546509|NORM=8.383439308090601e-06
TAPI	NORM=0.9999940395355225|O=4.6965301407908555e-06
SEMENJAK	NORM=0.9999929666519165|O=5.723975391447311e-06
AKU	NORM=0.9999946355819702|O=4.4397452256816905e-06
PAKE	NORM=0.9999934434890747|O=5.41372355655767e-06
ALAT	NORM=0.9999951124191284|O=3.711263616423821e-06
MHCA	NORM=0.9999938011169434|O=4.961355898558395e-06
DARI@QUEEN_BEAUTY_NATURAL	NORM=0.9999961853027344|O=2.390929012108245e-06
AKHIRNYA	NORM=0.9999953508377075|O=3.5840621421812102e-06
SEMUANYA	NORM=0.9999951124191284|O=3.995960923930397e-06
BERUBAH	NORM=0.9999949932098389|O=3.4565405258035753e-06
HANYA	NORM=0.9999948740005493|O=3.922754331142642e-06
DALAM	NORM=0.9999936819076538|O=4.224016720399959e-06
WAKTU	NORM=0.9999947547912598|O=3.89815568269114e-06
3	O=0.9998698234558105|NORM=0.00012495748524088413
MINGGU	NORM=0.9999948740005493|O=4.19685420638416e-06
AKU	NORM=0.9999948740005493|O=4.104656909476034e-06
BERHASIL	NORM=0.999995231628418|O=3.3201504265889525e-06
DAPETIN	NORM=0.9999963045120239|O=2.7098410555481678e-06
PAYUDARA	NORM=0.9999945163726807|O=4.625430847227108e-06
YANG	NORM=0.999992847442627|O=5.805775799672119e-06
IDEAL	NORM=0.9999942779541016|O=4.652393727155868e-06
BESAR	NORM=0.999993085861206|O=5.422572940005921e-06
DAN	NORM=0.9999909400939941|O=7.431197900586994e-06
PADET	NORM=0.9999839067459106|O=1.2564006283355411e-05
KALO	NORM=0.9999959468841553|O=3.1904517072689487e-06
GA	NORM=0.9999959468841553|O=2.748443193922867e-06
PERCAYA	NORM=0.9999961853027344|O=2.7500798296387075e-06
BUKTIIN	NORM=0.9999964237213135|O=2.680844318092568e-06
SENDIRI	NORM=0.9999927282333374|O=5.360806881071767e-06
DEH	NORM=0.999992847442627|O=5.9306371440470684e-06
NIH	NORM=0.9999915361404419|O=6.692710940114921e-06
PIN	NORM=0.9999822378158569|O=1.4869036021991633e-05
NYA	NORM=0.9999856948852539|O=1.2977548067283351e-05
BBM:	NORM=0.9999833106994629|O=1.4985342204454355e-05
5D885B1C	NORM=0.999990701675415|O=8.223411896324251e-06

Minnie	NORM=0.9998288154602051|O=0.00016554810281377286
mouse	O=0.9999866485595703|NORM=1.13309260996175e-05
ja	NORM=0.99994957447052|O=4.971265298081562e-05
kaa	NORM=0.999981164932251|O=1.8349270249018446e-05
??	O=0.9999969005584717|NORM=2.0344539279903984e-06
kan	O=0.9999948740005493|NORM=3.858594936900772e-06
cocok	O=0.9999909400939941|NORM=5.621165200864198e-06
buat	O=0.9999948740005493|NORM=3.6762096442544134e-06
arsy	O=0.9999756813049316|NORM=2.131037035724148e-05

Mirip	NORM=0.9999953508377075|O=3.046294523301185e-06
temenkuuh..	NORM=0.999871015548706|O=0.00012840029376093298

Ini	NORM=0.9999638795852661|O=3.322138582007028e-05
pilm	NORM=0.7083615064620972|O=0.2916286289691925
si	NORM=0.9998548030853271|O=0.00014346139505505562
cecep	O=0.9999725818634033|NORM=2.6459008950041607e-05
yaa	NORM=0.9999759197235107|O=2.3427000996889547e-05

Ratu	NORM=0.9999896287918091|O=8.963467735156883e-06
malu	O=0.9999598264694214|NORM=3.295511123724282e-05
dan	O=0.9999955892562866|NORM=3.7752715797978453e-06
jendral	O=0.9999895095825195|NORM=1.002962926577311e-05
kancil	O=0.9999780654907227|NORM=2.1511057639145292e-05
XD	NORM=0.9994611144065857|O=0.0005294022848829627
lagunya	O=0.9999862909317017|NORM=1.3162840332370251e-05
kaya	NORM=0.9999897480010986|O=9.488695468462538e-06
gini	NORM=0.9999842643737793|O=1.4388575436896645e-05
jangan	O=0.9999692440032959|NORM=2.6637389964889735e-05
bilang	O=0.9999127388000488|NORM=6.848503835499287e-05
kalau	O=0.9999951124191284|NORM=3.7873357996431878e-06
kamu	O=0.9999953508377075|NORM=3.6696294500870863e-06
jagoan	O=0.9999902248382568|NORM=8.96263554750476e-06
kalau	O=0.9999957084655762|NORM=3.5051612030656543e-06
bisanya	O=0.999940037727356|NORM=5.916898953728378e-05
cuma	O=0.999994158744812|NORM=4.378320682008052e-06
usil	O=0.9999853372573853|NORM=1.4138484402792528e-05
dan	O=0.9999966621398926|NORM=2.5065239697141806e-06
keroyokan	O=0.9999886751174927|NORM=1.0954561730613932e-05
XD	NORM=0.9996986389160156|O=0.00029408367117866874

Halllo	NORM=0.999993085861206|O=5.922725449636346e-06
mbak	O=0.9999912977218628|NORM=7.235067641886417e-06
angell..	O=0.9999881982803345|NORM=1.0371959433541633e-05
Kalo	NORM=0.9999964237213135|O=2.2564315713680116e-06
sma	NORM=0.9999936819076538|O=4.969131168763852e-06
mas	O=0.9999740123748779|NORM=2.1253546947264113e-05
Ariel	NORM=0.9999852180480957|O=1.3027811291976832e-05
kayaknya	O=0.9999910593032837|NORM=7.948719940031879e-06
gak	NORM=0.9999899864196777|O=9.14418251340976e-06
super	O=0.9999960660934448|NORM=2.8173099053674378e-06
ngiritya,	NORM=0.9995546936988831|O=0.0004438346659298986
cukup	O=0.9999924898147583|NORM=6.72477744956268e-06
sama	O=0.9999964237213135|NORM=2.5524623197270557e-06
mas	O=0.9999867677688599|NORM=9.870944268186577e-06
Adi	NORM=0.9999839067459106|O=1.4414144061447587e-05
aja	NORM=0.9999895095825195|O=9.496134225628339e-06
yang	O=0.9999957084655762|NORM=3.4850952488341136e-06
super	O=0.9999969005584717|NORM=2.0007576040370623e-06
hematt	NORM=0.998684823513031|O=0.001314540975727141
???	O=0.9999961853027344|NORM=2.6728250759333605e-06
@sophia_latjuba88	NORM=0.9999947547912598|O=3.7109437016624724e-06

rempong	NORM=0.596936047077179|O=0.40306127071380615
amat	O=0.9999915361404419|NORM=7.522427949879784e-06
ngurusin	NORM=0.9999781847000122|O=2.0825626052101143e-05
gue?ga	NORM=0.9999842643737793|O=1.4562864635081496e-05
ada	O=0.9999326467514038|NORM=6.274915358517319e-05
kerjaan	NORM=0.9177814722061157|O=0.08221476525068283
ya?	O=0.9999871253967285|NORM=1.2088672519894317e-05
@irfan_naufal93	NORM=0.999995231628418|O=3.062378709728364e-06

Kaka	NORM=0.9999939203262329|O=5.15534566147835e-06
botak	O=0.9999880790710449|NORM=1.1266602996329311e-05
bneran	NORM=0.9999817609786987|O=1.6796468116808683e-05

Punya	NORM=0.999991774559021|O=7.18292403689702e-06
buku	O=0.999983549118042|NORM=1.5509145669057034e-05
ini	O=0.9999935626983643|NORM=5.75250714973663e-06
thn	NORM=0.9999830722808838|O=1.6376510757254437e-05
2015	O=0.9999858140945435|NORM=1.2907848940812983e-05
an.	O=0.9999399185180664|NORM=5.8366927987663075e-05
Bukunya	NORM=0.9999868869781494|O=1.246291594725335e-05
bagus	O=0.9999759197235107|NORM=2.3537022570963018e-05
gak	NORM=0.9999823570251465|O=1.6904934454942122e-05
kepikir	NORM=0.9241378307342529|O=0.07585705816745758
kalo	NORM=0.9999872446060181|O=1.1672723303490784e-05
ada	O=0.9999889135360718|NORM=9.242992746294476e-06
filmnya?	O=0.9999904632568359|NORM=8.897656698536593e-06
film	O=0.9999877214431763|NORM=1.1162344890180975e-05
nya	O=0.9999954700469971|NORM=3.6535529943648726e-06
aku	O=0.9999638795852661|NORM=3.576425660867244e-05
gak	NORM=0.9999834299087524|O=1.578816409164574e-05
nonton	NORM=0.9999589920043945|O=4.0201783122029155e-05
tapi	O=0.9999934434890747|NORM=5.9627395785355475e-06
aku	O=0.9999748468399048|NORM=2.4795715944492258e-05
liat	NORM=0.999983549118042|O=1.5890096619841643e-05
behind	O=0.999988317489624|NORM=1.0501611541258171e-05
the	O=0.9999942779541016|NORM=3.992362053395482e-06
scene	O=0.9999945163726807|NORM=4.428513420862146e-06
nya	O=0.9999938011169434|NORM=4.592742243403336e-06
di	O=0.9999755620956421|NORM=2.3730284738121554e-05
yt.	O=0.6241009831428528|NORM=0.3758889138698578
Bagus	NORM=0.999992847442627|O=6.116725671745371e-06
bgt.	NORM=0.999987006187439|O=1.1914210517716128e-05
Moga	NORM=0.9999812841415405|O=1.7401760487700813e-05
aja	NORM=0.9999858140945435|O=1.3480238521879073e-05
ada	O=0.9999957084655762|NORM=3.5028419915761333e-06
di	O=0.9999960660934448|NORM=2.892692918976536e-06
tv	O=0.9999878406524658|NORM=1.0630077667883597e-05
deh.	O=0.9999521970748901|NORM=4.5214819692773744e-05
Habisnya	NORM=0.9999910593032837|O=8.329773663717788e-06
aku	O=0.9999927282333374|NORM=6.920747182448395e-06
mau	O=0.9999951124191284|NORM=3.983036549470853e-06
liat	NORM=0.99998939037323|O=9.94469883153215e-06
pas	O=0.9999939203262329|NORM=5.5134992180683184e-06
aku	O=0.999983549118042|NORM=1.6059155313996598e-05
liat	NORM=0.999987006187439|O=1.2519466508820187e-05
31	O=0.9999936819076538|NORM=5.839820914843585e-06
maret	O=0.999994158744812|NORM=5.38936683369684e-06
aku	O=0.9999881982803345|NORM=1.1451035788923036e-05
tau	O=0.9999947547912598|NORM=4.46754393124138e-06
ad	NORM=0.9997076392173767|O=0.000291281146928668
filmya	O=0.9999017715454102|NORM=9.759921522345394e-05
juga	O=0.9999920129776001|NORM=6.4753603510325775e-06
31	O=0.9999939203262329|NORM=5.478507773659658e-06
maret.	O=0.9999884366989136|NORM=1.0985902008542325e-05
Tp	NORM=0.9999945163726807|O=4.6496761569869705e-06
keren,	O=0.9999847412109375|NORM=1.317950136581203e-05
seruuu	NORM=0.9999593496322632|O=3.962259870604612e-05

Yuk	NORM=0.9999849796295166|O=1.3672753993887454e-05
banyakin	NORM=0.9999663829803467|O=3.267365173087455e-05
followers	O=0.9999052286148071|NORM=8.872237958712503e-05
ig	O=0.9999575614929199|NORM=3.981692861998454e-05
kamu	O=0.9999953508377075|NORM=3.7703557609347627e-06
cuman	O=0.9999747276306152|NORM=2.320450948900543e-05
di	O=0.9999923706054688|NORM=6.723288606735878e-06
fantasypanel.id	O=0.9999856948852539|NORM=1.3578917787526734e-05
gratis!	O=0.9999942779541016|NORM=5.0462986109778285e-06

Tinggal	NORM=0.9999904632568359|O=7.9673009167891e-06
nyari	NORM=0.9999839067459106|O=1.4750491573067848e-05
yg	NORM=0.9999502897262573|O=4.841981717618182e-05
siap	O=0.9999821186065674|NORM=1.650737613090314e-05
halal.in	NORM=0.999902606010437|O=9.679914364824072e-05
aja...	NORM=0.9997270703315735|O=0.00027232395950704813
@ivanakosmetik	NORM=0.9999953508377075|O=3.5986661259812536e-06

Semoga	NORM=0.999990701675415|O=7.129982350306818e-06
istiqomah	NORM=0.9999921321868896|O=6.539380592585076e-06
kaa	NORM=0.9999905824661255|O=8.653414624859579e-06
,	O=0.9999924898147583|NORM=4.520058155321749e-06
Aamiin.	NORM=0.9999939203262329|O=4.697980784840183e-06
@missnyctagina	NORM=0.9999942779541016|O=3.0877720291755395e-06

Tetapppp	NORM=0.9999932050704956|O=6.198575647431426e-06
gantenggg	NORM=0.9999634027481079|O=3.562735946616158e-05
@aliandooo	NORM=0.9999960660934448|O=2.647425617396948e-06

Gak	NORM=0.9999932050704956|O=5.996622803650098e-06
sanggup???	O=0.9828473329544067|NORM=0.017148060724139214
@stutmgstn	NORM=0.9999946355819702|O=3.578260702852276e-06
@miaznr	NORM=0.9999947547912598|O=3.5811797260976164e-06

Kakak	NORM=0.9999949932098389|O=4.562268259178381e-06
ini	O=0.9999878406524658|NORM=1.0124909749720246e-05
scr	NORM=0.9999817609786987|O=1.786968823580537e-05
gk	NORM=0.9999853372573853|O=1.4206170817487873e-05
langsung	O=0.9999938011169434|NORM=5.383011284720851e-06
mengaku	O=0.9999899864196777|NORM=9.123781637754291e-06
sbg	NORM=0.9999871253967285|O=1.2310863894526847e-05
orang	O=0.9999942779541016|NORM=4.7595576688763686e-06
yg	NORM=0.9999781847000122|O=2.069933725579176e-05
berpikir.	O=0.9998823404312134|NORM=0.00011046566214645281
Tp	NORM=0.9999946355819702|O=4.354740667622536e-06
coba	O=0.9999921321868896|NORM=7.085613560775528e-06
kakak	O=0.9999912977218628|NORM=8.168242857209407e-06
pikir	O=0.9999961853027344|NORM=3.2859759357961593e-06
lebih	O=0.9999967813491821|NORM=2.4996970751089975e-06
dalam	O=0.9999967813491821|NORM=2.64731374954863e-06
lagi,	O=0.9999923706054688|NORM=7.1719491643307265e-06
lihat	O=0.9999936819076538|NORM=5.722435162169859e-06
ke	O=0.9999880790710449|NORM=1.136546597990673e-05
dalam	O=0.9999949932098389|NORM=4.264998551661847e-06
diri	O=0.9999929666519165|NORM=6.393173407559516e-06
kakak	O=0.9999934434890747|NORM=6.255438165680971e-06
yg	NORM=0.9999862909317017|O=1.289143165195128e-05
terdalam.	O=0.9999797344207764|NORM=1.8865495803765953e-05
Semua	NORM=0.9999858140945435|O=1.3275196579343174e-05
orang	O=0.9999947547912598|NORM=4.568188160192221e-06
yg	NORM=0.9999889135360718|O=1.0332722922612447e-05
punya	O=0.9999955892562866|NORM=3.959795321861748e-06
otak	O=0.9999890327453613|NORM=1.0579623449302744e-05
berusaha	O=0.9999953508377075|NORM=4.240410817146767e-06
memperbaiki	O=0.9999933242797852|NORM=6.274574843700975e-06
diri	O=0.9999934434890747|NORM=6.027522886142833e-06
sendiri	O=0.9999955892562866|NORM=3.978190761699807e-06
dari	O=0.9999743700027466|NORM=2.255214894830715e-05
intropeksi.	O=0.9999856948852539|NORM=1.35798236442497e-05
Nah	NORM=0.999981164932251|O=1.6714802768547088e-05
kakak	O=0.9999886751174927|NORM=1.084843370335875e-05
udah	NORM=0.9999845027923584|O=1.4368079973792192e-05
ngelakuin	NORM=0.9999879598617554|O=1.1544840162969194e-05
itu	O=0.9999921321868896|NORM=7.0523583417525515e-06
apa	O=0.9999932050704956|NORM=6.314608071988914e-06
belum?	O=0.9999662637710571|NORM=3.362473944434896e-05

Ngk	NORM=0.9999963045120239|O=3.069621698159608e-06
cocok	O=0.9999772310256958|NORM=1.551583773107268e-05
,,	O=0.9962259531021118|NORM=0.0037643180694431067
loh	O=0.999994158744812|NORM=4.280875145923346e-06

Cantikkk	NORM=0.9999948740005493|O=4.487905698624672e-06
kakkk	NORM=0.9994732737541199|O=0.0005264395731501281
princesskuu	O=0.999902606010437|NORM=9.645929094403982e-05
@arieltatum	NORM=0.9999957084655762|O=2.928163667093031e-06

Alhamdulillah	NORM=0.9999395608901978|O=5.233736737864092e-05
?	O=0.9999938011169434|NORM=4.221125891490374e-06
cantik	O=0.9999926090240479|NORM=5.919933300901903e-06
bgt	NORM=0.9999895095825195|O=8.913410965760704e-06
kak	O=0.9999916553497314|NORM=5.838472588948207e-06
natural	O=0.999992847442627|NORM=5.263897492113756e-06

Hai??	NORM=0.999981164932251|O=1.7962798665394075e-05
pernah	O=0.9999910593032837|NORM=6.847456006653374e-06
di	O=0.9978575110435486|NORM=0.0021402279380708933
PHP-in	NORM=0.9999674558639526|O=3.095704596489668e-05
produk	O=0.9999954700469971|NORM=3.675275820569368e-06
palsu??	O=0.9999918937683105|NORM=7.568823548353976e-06
Oke	NORM=0.999991774559021|O=7.2589286901347805e-06
nih	O=0.999991774559021|NORM=7.553629075118806e-06
aku	O=0.9999762773513794|NORM=2.2996577172307298e-05
saranin	NORM=0.9999948740005493|O=4.454377631191164e-06
produk	O=0.9999898672103882|NORM=9.288234650739469e-06
PEMBESAR	NORM=0.9999957084655762|O=3.1842316730035236e-06
PAYUDARA	NORM=0.999995231628418|O=3.945868229493499e-06
dari@DR.FIRZA_HEALTHY.HERBAL,	NORM=0.9999936819076538|O=4.791658284375444e-06
dulu	O=0.9999898672103882|NORM=8.678524864080828e-06
aku	O=0.9999725818634033|NORM=2.6398265617899597e-05
pernah	O=0.9999945163726807|NORM=4.353784333943622e-06
pake	NORM=0.9999920129776001|O=7.052491582726361e-06
cream/gel	O=0.9999918937683105|NORM=7.446165909641422e-06
untuk	O=0.9999904632568359|NORM=7.928448212624062e-06
PEMBESAR	NORM=0.9999958276748657|O=3.0926571525924373e-06
PAYUDARA	NORM=0.9999955892562866|O=3.611863121477654e-06
tapi	O=0.9999958276748657|NORM=3.4248528208991047e-06
hasilnya	O=0.9999771118164062|NORM=1.921067450894043e-05
nol	O=0.9999948740005493|NORM=4.7505177462880965e-06
besar,	O=0.9999934434890747|NORM=5.941413746768376e-06
tapi	O=0.9999934434890747|NORM=5.7104844017885625e-06
setelah	O=0.9999814033508301|NORM=1.6190166206797585e-05
aku	O=0.9999866485595703|NORM=1.2878471352451015e-05
coba	O=0.9999841451644897|NORM=1.4797301446378697e-05
produk	O=0.999988317489624|NORM=1.0788712643261533e-05
dari@DR.FIRZA_HEALTHY.HERBAL,	NORM=0.9999938011169434|O=4.712766894954257e-06
aku	O=0.9999911785125732|NORM=8.393689313379582e-06
sangat	O=0.9999967813491821|NORM=2.4588034648331814e-06
puas	O=0.9999949932098389|NORM=4.536379947239766e-06
sekali,	O=0.9999935626983643|NORM=5.800898179586511e-06
soalnya	O=0.9999935626983643|NORM=6.072724318073597e-06
cuma	O=0.9999916553497314|NORM=7.14437783244648e-06
butuh	O=0.9999908208847046|NORM=8.373081982426811e-06
3	O=0.9999910593032837|NORM=8.304716175189242e-06
mingguan	O=0.9999889135360718|NORM=1.0464846127433702e-05
hasilnya	O=0.9999755620956421|NORM=2.1609348550555296e-05
udah	NORM=0.9999942779541016|O=4.976123818778433e-06
keliatan,	NORM=0.9999662637710571|O=3.2107353035826236e-05
nih	O=0.9999040365219116|NORM=9.517440048512071e-05
invite	O=0.99922776222229|NORM=0.0007710296777077019
aja	NORM=0.9999929666519165|O=6.411912636394845e-06
deh	O=0.9999784231185913|NORM=2.1243913579382934e-05
BBMnya	NORM=0.9999935626983643|O=5.733436410082504e-06
D29B2BB8.	NORM=0.9999942779541016|O=4.721770892501809e-06

@zain.harun	NORM=0.9999938011169434|O=5.183771008887561e-06
menurut	O=0.9999672174453735|NORM=3.090583049925044e-05
loohhh	NORM=0.9996293783187866|O=0.0003699473454616964
haahhahaa	O=0.9999902248382568|NORM=8.967012945504393e-06
ganteng	O=0.999976634979248|NORM=1.8804757928592153e-05
yeee	NORM=0.9975628852844238|O=0.002429276704788208
????	O=0.9999946355819702|NORM=4.184459612588398e-06

Major	NORM=0.9999892711639404|O=8.625028385722544e-06
lazer	O=0.9999604225158691|NORM=3.260883022448979e-05
-	O=0.9999916553497314|NORM=7.157404070312623e-06
lean	O=0.9920440912246704|NORM=0.007951329462230206
on	O=0.9999725818634033|NORM=2.5944769731722772e-05
*bntujwb	NORM=0.916110634803772|O=0.08388571441173553
@mella_herawati19	NORM=0.9999955892562866|O=2.8719543934130343e-06

Ikh	NORM=0.9999927282333374|O=6.390776434272993e-06
kk	NORM=0.999984622001648|O=1.4951187040423974e-05
@jscmila	NORM=0.9999947547912598|O=3.6008061670145253e-06
barbie	O=0.9999643564224243|NORM=2.9361768611124717e-05
aq	NORM=0.9999676942825317|O=3.175337769789621e-05
cocok	O=0.9999889135360718|NORM=9.023516213346738e-06
dwh....	NORM=0.9999101161956787|O=8.928617171477526e-05

Senyumnya	NORM=0.9999921321868896|O=7.0505357143701985e-06
bikin	O=0.9999716281890869|NORM=2.5033355996129103e-05
aku	O=0.999990701675415|NORM=8.381916813959833e-06
meleleh	O=0.9999861717224121|NORM=1.2955172678630333e-05
daah??	NORM=0.9999772310256958|O=2.193541149608791e-05
@tulusm	NORM=0.9999958276748657|O=3.0154146770655643e-06

Amiiiiinnnnn	NORM=0.9999933242797852|O=5.566922482103109e-06

Hbd	NORM=0.999992847442627|O=6.251278136915062e-06
ank	NORM=0.9999785423278809|O=2.0181392756057903e-05
lucu,	O=0.9999909400939941|NORM=8.234926099248696e-06
imut,	O=0.999984622001648|NORM=1.4493358321487904e-05
ganteng,	O=0.9999866485595703|NORM=1.259258988284273e-05
menggemaskan	O=0.9998950958251953|NORM=0.0001030295024975203

Koleksi	NORM=0.9999805688858032|O=1.6193567716982216e-05
Softlens	NORM=0.9999552965164185|O=3.7732530472567305e-05
termuraaahhhh?	NORM=0.9999305009841919|O=6.85920167597942e-05
cek	O=0.9960691928863525|NORM=0.0039288257248699665

cha	O=0.9999750852584839|NORM=2.0559549739118665e-05
begini	O=0.999972939491272|NORM=2.6499017621972598e-05
yokk	NORM=0.9999761581420898|O=2.3507463993155397e-05
@carissa_i	NORM=0.9999945163726807|O=3.7111622077645734e-06

@fitrianurandita	NORM=0.999994158744812|O=4.410118890518788e-06
@fdhlhhani	NORM=0.999995231628418|O=3.5295156521897297e-06
bakal	O=0.9999631643295288|NORM=3.43410974892322e-05
main	O=0.9999635219573975|NORM=3.369423939147964e-05
nih	O=0.9999854564666748|NORM=1.2496175259002484e-05
deeek	NORM=0.9646667242050171|O=0.03533196449279785
?	O=0.9999672174453735|NORM=3.192607982782647e-05

Nasehat	NORM=0.9999959468841553|O=2.978721340696211e-06
itu	O=0.9999860525131226|NORM=1.264822367375018e-05
mendoakan	O=0.9999618530273438|NORM=3.6580375308403745e-05
dan	O=0.9999864101409912|NORM=1.2113602679164615e-05
memberi	O=0.9999864101409912|NORM=1.142944620369235e-05
tau	O=0.9999932050704956|NORM=6.312458481261274e-06
yg	NORM=0.9999748468399048|O=2.270016193506308e-05
baik,	O=0.9999881982803345|NORM=1.0710328751883935e-05
bukan	O=0.9999899864196777|NORM=7.3149067247868516e-06
menghakimi	O=0.9999731779098511|NORM=2.5439911041758023e-05

klau	NORM=0.9999645948410034|O=3.496860881568864e-05
agak	O=0.9999947547912598|NORM=4.168015493632993e-06
lebar	O=0.9999955892562866|NORM=3.775955747187254e-06
aja	NORM=0.9999908208847046|O=8.32079240353778e-06
mukanya,	O=0.9999868869781494|NORM=1.257485564565286e-05
lumayan	O=0.9999933242797852|NORM=5.783369942946592e-06
tuh	O=0.9999954700469971|NORM=3.442052047830657e-06
agak	O=0.9999955892562866|NORM=3.5881053008779418e-06
mirip	O=0.9999908208847046|NORM=6.65116340314853e-06
nya	O=0.9999966621398926|NORM=2.5927129172487184e-06
@rovianiyuniartanti	NORM=0.9999957084655762|O=2.7581522772379685e-06

Nih	NORM=0.9999951124191284|O=3.7371271446318133e-06
@citchan26	NORM=0.9999949932098389|O=3.337731413921574e-06
@ifa_alfahrezi	NORM=0.9999955892562866|O=2.9160353278712137e-06
@haliaisyah	NORM=0.999995231628418|O=3.2592727166047553e-06
liat	NORM=0.9999939203262329|O=5.314774625730934e-06
ada	O=0.9999433755874634|NORM=5.5101903853937984e-05
si	NORM=0.99998939037323|O=9.210623829858378e-06
@aassetya	NORM=0.9999955892562866|O=3.1114655030251015e-06

Amiiiin	NORM=0.9999939203262329|O=5.314992449712008e-06
ya	O=0.999966025352478|NORM=2.7202106139156967e-05
Allah	NORM=0.9999579191207886|O=3.9103830204112455e-05

Beneran	NORM=0.9999916553497314|O=6.259216206672136e-06
botak	O=0.9999897480010986|NORM=9.729436897032429e-06
kah	O=0.999993085861206|NORM=5.800597136840224e-06
kak	O=0.9999954700469971|NORM=3.5036562167078955e-06

Dinda	NORM=0.9999932050704956|O=5.706987394660246e-06
otw,kon	O=0.6849962472915649|NORM=0.3149968683719635
kpn	NORM=0.998234748840332|O=0.0017636389238759875
@sakinaabsyn12	NORM=0.9999960660934448|O=2.5138049295492237e-06

Waaahhh	NORM=0.9999932050704956|O=5.843299732077867e-06
@strengrh	NORM=0.9999948740005493|O=4.215409717289731e-06
??	O=0.9999899864196777|NORM=6.05885998083977e-06

Krm	NORM=0.9999899864196777|O=8.625595000921749e-06
salam	O=0.9999867677688599|NORM=1.2447853805497289e-05
sam	O=0.9996695518493652|NORM=0.0003238240024074912
mas	O=0.9999923706054688|NORM=5.666206106980098e-06
ariel	O=0.9999896287918091|NORM=8.089173206826672e-06
mbak	O=0.9999735355377197|NORM=2.5793859094846994e-05
sopiah.	NORM=0.9992274045944214|O=0.0007717171683907509

Triplets,	NORM=0.9999856948852539|O=1.2074552614649292e-05
tiga2nya.	NORM=0.9999710321426392|O=2.82891996903345e-05
Sm	NORM=0.9999898672103882|O=8.507039638061542e-06
Appa	NORM=0.9999892711639404|O=9.785861948330421e-06
Ilkook	NORM=0.9999901056289673|O=9.386957572132815e-06
jg	NORM=0.999967098236084|O=3.141606430290267e-05
@krtykck	NORM=0.9999957084655762|O=3.196426177964895e-06

Ya	NORM=0.9999709129333496|O=2.7454310838948004e-05
allah	O=0.9999886751174927|NORM=9.683382813818753e-06
kak	O=0.9999958276748657|NORM=3.604362518672133e-06
lucu	O=0.9999852180480957|NORM=1.2468732165871188e-05
bangeeet	NORM=0.9998918771743774|O=0.00010741328878793865
????	O=0.9999955892562866|NORM=3.2389998523285612e-06
@vythiapermata	NORM=0.9999955892562866|O=3.2817961255204864e-06

Ihk	NORM=0.9999948740005493|O=4.309177711547818e-06
alhamdulillah	O=0.9999840259552002|NORM=1.4142618965706788e-05
ya	O=0.9999914169311523|NORM=6.594840215257136e-06
th???	NORM=0.9987810254096985|O=0.001215935917571187
@rinanose16	NORM=0.9999936819076538|O=3.949849087803159e-06

Jadi	NORM=0.9999884366989136|O=1.0173388545808848e-05
keluar	O=0.9999752044677734|NORM=2.275036422361154e-05
ni	NORM=0.9996415376663208|O=0.0003560507611837238
aer	NORM=0.9977712631225586|O=0.002224630443379283
mata	O=0.9997275471687317|NORM=0.0002654710551723838
kalo	NORM=0.9999723434448242|O=2.6782181521411985e-05
bgni	NORM=0.9999516010284424|O=4.788832666235976e-05
:'(	O=0.9999951124191284|NORM=3.854697297356324e-06
kk	NORM=0.9998897314071655|O=0.00011010960588464513
olga	O=0.9999948740005493|NORM=3.388114237168338e-06
sya	NORM=0.9954949617385864|O=0.004492590203881264
rindu	O=0.9999953508377075|NORM=3.762001369977952e-06
pake	NORM=0.9999738931655884|O=2.5478315365035087e-05
skalii	NORM=0.999811589717865|O=0.00018795192590914667
:'(	O=0.9999963045120239|NORM=2.7336641323927324e-06

Luna,mohon	NORM=0.9999691247940063|O=2.9886248739785515e-05
jangan	O=0.9999297857284546|NORM=6.60550213069655e-05
dihapus	O=0.9999639987945557|NORM=3.3390941098332405e-05
fto	NORM=0.9999042749404907|O=9.485311602475122e-05
ni	NORM=0.9998003840446472|O=0.00019737117690965533
biar	O=0.999985933303833|NORM=1.1041553079849109e-05
jadi	O=0.9999938011169434|NORM=4.9011418923328165e-06
kenangan	O=0.9999440908432007|NORM=4.50802908744663e-05
bagi	O=0.9999922513961792|NORM=6.187437065818813e-06
kita	O=0.9999916553497314|NORM=7.358733455475885e-06
semua	O=0.9999922513961792|NORM=6.030286840541521e-06

Cie	NORM=0.9999897480010986|O=8.76415924722096e-06
cie	O=0.9999672174453735|NORM=2.6789346520672552e-05
@ariel_inst.....	NORM=0.9999933242797852|O=5.691606020263862e-06
vienna	O=0.9995591044425964|NORM=0.00043897502473555505
ni	NORM=0.999702513217926|O=0.0002947536704596132
yeeee	NORM=0.9999380111694336|O=6.120337639003992e-05

Abis	NORM=0.9999955892562866|O=3.560080813258537e-06
stalker	O=0.9999750852584839|NORM=2.310239324287977e-05
IG	NORM=0.9999909400939941|O=7.336627277254593e-06
nya	O=0.9999628067016602|NORM=3.526829095790163e-05
Om	NORM=0.9999924898147583|O=5.975804015179165e-06
anang,	O=0.9999905824661255|NORM=8.787960723566357e-06
captionnya	O=0.9999862909317017|NORM=1.302154123550281e-05
lucu	O=0.9999902248382568|NORM=7.969160833454225e-06
??.	O=0.9999954700469971|NORM=3.527877879605512e-06
Kalo	NORM=0.9999960660934448|O=2.9762288704660023e-06
ga	NORM=0.9999841451644897|O=1.5289326256606728e-05
my	O=0.99998939037323|NORM=9.58842701948015e-06
love,	O=0.9999927282333374|NORM=6.651347575825639e-06
kakak,	O=0.9999921321868896|NORM=7.491690212191315e-06
bangkok,	O=0.9999934434890747|NORM=6.155285973363789e-06
teropong.	O=0.9999771118164062|NORM=2.2040907424525358e-05
Simple	NORM=0.9999933242797852|O=5.346861144062132e-06
tapi	O=0.9999934434890747|NORM=5.957316716376226e-06
kena.	O=0.9979813694953918|NORM=0.0020058441441506147
Jadi	NORM=0.9999898672103882|O=8.725872248760425e-06
ketawa	O=0.99273681640625|NORM=0.007259713485836983
gini	NORM=0.999993085861206|O=6.29076203040313e-06
???.	O=0.9999946355819702|NORM=4.694178187492071e-06
Go	NORM=0.9999910593032837|O=7.846731932659168e-06
Om	NORM=0.9999868869781494|O=1.182081632578047e-05
?	O=0.9999922513961792|NORM=6.0467627918114886e-06

njir	NORM=0.9999779462814331|O=2.0910039893351495e-05
hahahaha	O=0.9999923706054688|NORM=6.093439424148528e-06
@albertinegilang	NORM=0.9999954700469971|O=3.3473979783593677e-06

Yg	NORM=0.9999935626983643|O=4.565264589473372e-06
bertatto	O=0.9782600402832031|NORM=0.021729953587055206
si	NORM=0.9992259740829468|O=0.0007629431784152985
marchel	O=0.9999868869781494|NORM=1.1898040611413307e-05
:D	O=0.999994158744812|NORM=3.3864414490381023e-06

ya	O=0.9999901056289673|NORM=7.538791123806732e-06
aloh	O=0.9999526739120483|NORM=4.546398849925026e-05
cantik	O=0.9999902248382568|NORM=8.080681254796218e-06
bnget	NORM=0.9999793767929077|O=1.955976586032193e-05

Keren!?	NORM=0.999994158744812|O=4.73661748401355e-06
tp	NORM=0.9999814033508301|O=1.641940798435826e-05
jadi	O=0.9999445676803589|NORM=5.264966966933571e-05
inget	O=0.9611411094665527|NORM=0.03884896636009216
nya	O=0.9998177886009216|NORM=0.00017993198707699776
lirik	O=0.9996926784515381|NORM=0.00029966316651552916
lagu	O=0.999921441078186|NORM=6.768929597456008e-05
ini	O=0.9999631643295288|NORM=2.4235388991655782e-05
"we	O=0.9994088411331177|NORM=0.0005893301567994058
can't	O=0.9995261430740356|NORM=0.00047256500693038106
stop	O=0.999967098236084|NORM=2.9046770578133874e-05
stop	O=0.9999830722808838|NORM=1.5300394807127304e-05
stop	O=0.9999864101409912|NORM=1.259731925529195e-05
yeogin	O=0.9425520896911621|NORM=0.057442691177129745
PARTY	NORM=0.9999880790710449|O=1.0393117918283679e-05
time..."	O=0.9999397993087769|NORM=5.9584781411103904e-05
#SNSD	NORM=0.9999953508377075|O=3.4731097002804745e-06

So	NORM=0.9999874830245972|O=7.307260148081696e-06
sweet	O=0.9999744892120361|NORM=1.8500382793718018e-05
..	O=0.9999971389770508|NORM=2.038987986452412e-06
?bs	NORM=0.6634543538093567|O=0.3365395665168762
ber'expresi	O=0.999595582485199|NORM=0.00040275458013638854
bgtu	NORM=0.9999673366546631|O=3.218341953470372e-05
ka?@richy_frandianto	NORM=0.9999953508377075|O=2.830865696523688e-06

Follback	NORM=0.9999910593032837|O=5.367238372855354e-06
aku	O=0.9999909400939941|NORM=8.096847523120232e-06
donk	NORM=0.9999898672103882|O=9.609267181076575e-06
kak	O=0.9999929666519165|NORM=4.390080903249327e-06
salsha	O=0.9999933242797852|NORM=5.237795448920224e-06

saya	O=0.9999895095825195|NORM=9.85519727692008e-06
memang	O=0.9999961853027344|NORM=2.8381073207128793e-06
bukan	O=0.999991774559021|NORM=6.0699981077050325e-06
orang	O=0.9999899864196777|NORM=8.15122893982334e-06
pintar	O=0.9999932050704956|NORM=5.8623504628485534e-06
seperti	O=0.9999926090240479|NORM=5.937279638601467e-06
mba,	NORM=0.9999395608901978|O=5.9049281844636425e-05
iya	O=0.9999940395355225|NORM=5.398985649662791e-06
mba	NORM=0.9999713897705078|O=2.8194890546728857e-05
emang	NORM=0.9999697208404541|O=2.988863161590416e-05
ini	O=0.9999945163726807|NORM=4.721136974694673e-06
suasana	O=0.9999873638153076|NORM=1.0722216757130809e-05
tidak	O=0.9999955892562866|NORM=2.980993485834915e-06
baik	O=0.9999946355819702|NORM=4.200888724881224e-06
kan??	O=0.9999942779541016|NORM=5.166558821656508e-06
anak	O=0.9999910593032837|NORM=7.500139417970786e-06
itu	O=0.9999964237213135|NORM=2.8874185318272794e-06
gak	NORM=0.9999725818634033|O=2.6787063688971102e-05
punya	O=0.9999927282333374|NORM=6.637849764956627e-06
salah,	O=0.9999856948852539|NORM=1.3986489648232237e-05
ko	NORM=0.9999743700027466|O=2.507148565200623e-05
pada	O=0.9998977184295654|NORM=0.00010162530816160142
tusuh	NORM=0.9742189645767212|O=0.025779008865356445

Alis	NORM=0.9999871253967285|O=1.0153776202059817e-05
hidung	O=0.9999850988388062|NORM=1.4282879419624805e-05
mirip	O=0.9999734163284302|NORM=1.9119546777801588e-05
al	O=0.9969094395637512|NORM=0.0030890442430973053
tp	NORM=0.9999446868896484|O=5.278446406009607e-05
senyum	O=0.9999804496765137|NORM=1.8305456251255237e-05
nya	O=0.9999920129776001|NORM=6.459496944444254e-06
mirip	O=0.9999567270278931|NORM=3.003688652825076e-05
el	O=0.9989117383956909|NORM=0.0010877721942961216
bunda?	O=0.9999814033508301|NORM=1.8241153156850487e-05

Lu	NORM=0.9999865293502808|O=1.244583290826995e-05
sumpel	NORM=0.7877058982849121|O=0.21227231621742249
aja	NORM=0.9999910593032837|O=7.96587028162321e-06
dy	NORM=0.9999805688858032|O=1.853045978350565e-05
dada	O=0.9999918937683105|NORM=6.940470939298393e-06
lu	O=0.9999961853027344|NORM=2.604726432764437e-06
pake	NORM=0.9999884366989136|O=1.0395065146440174e-05
tisu	O=0.9999915361404419|NORM=6.960539394640364e-06
ntar	NORM=0.9999915361404419|O=7.6214578257349785e-06
juga	O=0.9999918937683105|NORM=5.6236690397781786e-06
sama	O=0.9999699592590332|NORM=2.266174487886019e-05
kaya	NORM=0.999992847442627|O=5.992213573335903e-06
ituu	NORM=0.9997929930686951|O=0.00020615656103473157
@dyahfadhillah	NORM=0.9999958276748657|O=3.0432495350396493e-06

Woww	NORM=0.9999946355819702|O=4.331995569373248e-06
ariana	O=0.9999858140945435|NORM=1.2488460015447345e-05
grande	O=0.9999961853027344|NORM=2.1276073312037624e-06
^^	O=0.9999960660934448|NORM=2.4710866455279756e-06

Pink	NORM=0.9999806880950928|O=1.7149452105513774e-05
aja	NORM=0.9999895095825195|O=9.08724541659467e-06
lucu	O=0.9999924898147583|NORM=6.710683010169305e-06

Wkwkwkw	NORM=0.9999886751174927|O=1.0481862773303874e-05
km	NORM=0.999984622001648|O=1.474462442274671e-05
nt	NORM=0.9999898672103882|O=8.996981705422513e-06
di	O=0.9999017715454102|NORM=9.658614726504311e-05
walik	O=0.9998099207878113|NORM=0.00018959923181682825
sma	NORM=0.9999905824661255|O=8.327148862008471e-06
fans	NORM=0.9992258548736572|O=0.0007727444753982127
agnes	O=0.9999910593032837|NORM=7.568990440631751e-06
beb	O=0.9999954700469971|NORM=3.650080770967179e-06
?@muti_azzahra	NORM=0.9999963045120239|O=2.5314684535260312e-06

Lucunyah	NORM=0.9999954700469971|O=3.4688268897298258e-06
@marpino_julian_genbro	NORM=0.9999921321868896|O=6.673925327049801e-06

Slamet	NORM=0.9999860525131226|O=1.0439517609484028e-05
kak	O=0.9999943971633911|NORM=4.330685897002695e-06
@maudyayunda	NORM=0.9999954700469971|O=3.32517379320052e-06

Aku	NORM=0.9999872446060181|O=1.1539515980985016e-05
aja	NORM=0.9999847412109375|O=1.4624247341998853e-05
yg	NORM=0.9999866485595703|O=1.2328434422670398e-05
ngantar	NORM=0.9999120235443115|O=8.6518659372814e-05
kamu	O=0.9999876022338867|NORM=1.149552917922847e-05
ke	O=0.999984860420227|NORM=1.4027260476723313e-05
pelaminan	O=0.9998534917831421|NORM=0.0001454919547541067
?	O=0.9999960660934448|NORM=2.84960628960107e-06

Cantik	NORM=0.9999910593032837|O=5.910322670388268e-06
bgt...	NORM=0.9999743700027466|O=2.4748997020651586e-05

Bikin	NORM=0.9999855756759644|O=1.1700421964633279e-05
ngekek,	NORM=0.9955511093139648|O=0.004447344224900007
jgn	NORM=0.999982476234436|O=1.6928635886870325e-05
bandel	O=0.999976396560669|NORM=2.0606750695151277e-05
ya	O=0.9999943971633911|NORM=3.440230329943006e-06
nak	O=0.9999967813491821|NORM=2.350188424316002e-06
:-D	O=0.9999960660934448|NORM=2.384329945925856e-06
@jeeznew	NORM=0.9999945163726807|O=2.7159394448972307e-06

Kan	NORM=0.9999880790710449|O=1.0464009392308071e-05
gua	O=0.9999773502349854|NORM=2.1721394659834914e-05
udh	NORM=0.9999858140945435|O=1.3604156265500933e-05
ngajak	NORM=0.9998685121536255|O=0.00012977766164112836
damai	O=0.9998506307601929|NORM=0.00014452601317316294
ke	O=0.9999791383743286|NORM=2.0163515728199854e-05
kalian	O=0.9999815225601196|NORM=1.724001776892692e-05
semua	O=0.9999864101409912|NORM=1.09882485048729e-05

kaya	NORM=0.9999892711639404|O=9.82752681011334e-06
amu	NORM=0.904664158821106|O=0.09531998634338379
nahh	NORM=0.9999879598617554|O=1.1210975571884774e-05
@tharraulfa	NORM=0.9999949932098389|O=3.5750178994931048e-06
??	O=0.9999896287918091|NORM=6.802730240451638e-06

Cariin	NORM=0.9999959468841553|O=3.275759581811144e-06
dong	O=0.9999921321868896|NORM=6.416427822841797e-06
cewek	O=0.9999829530715942|NORM=1.5592631825711578e-05
kayak	O=0.9999858140945435|NORM=1.2298268302401993e-05
gini	NORM=0.9999611377716064|O=3.5282766475575045e-05
@muhsiinn	NORM=0.9999958276748657|O=2.933580844910466e-06
@ariiz_j	NORM=0.9999953508377075|O=3.6039930364495376e-06
@basriutami	NORM=0.9999954700469971|O=3.1852514439378865e-06
@sisemutkecil	NORM=0.9999958276748657|O=3.0167145723680733e-06
@rizky.praatama	NORM=0.9999958276748657|O=3.0870819500705693e-06
@hanafi_afear	NORM=0.9999954700469971|O=3.1889594538370147e-06

@hadi.niic	NORM=0.9999953508377075|O=3.6367550819704775e-06
mas	O=0.9999911785125732|NORM=7.557998742413474e-06
e	O=0.9966185092926025|NORM=0.0033727725967764854
laki	O=0.9999921321868896|NORM=6.540728008985752e-06
kok	O=0.9999960660934448|NORM=3.4604956908879103e-06
kalo	NORM=0.999980092048645|O=1.888371662062127e-05
komen	O=0.9999532699584961|NORM=4.4076623453292996e-05
nyerocos	NORM=0.9997642636299133|O=0.00023439685173798352
aje	NORM=0.9999709129333496|O=2.862552719307132e-05
kayak	O=0.9999927282333374|NORM=5.834059720655205e-06
ibuk2	NORM=0.9999392032623291|O=6.022814704920165e-05
kampung	O=0.9999828338623047|NORM=1.6212903574341908e-05
suka	O=0.9999876022338867|NORM=1.030399653245695e-05
gosip.	O=0.9999856948852539|NORM=1.3876508091925643e-05
Kerja	NORM=0.9999923706054688|O=6.758569270459702e-06
gih	NORM=0.999984622001648|O=1.4889830708852969e-05
biar	O=0.9999877214431763|NORM=1.0249164006381761e-05
gak	NORM=0.9999842643737793|O=1.507807792222593e-05
sibuk	O=0.9999874830245972|NORM=1.2077452993253246e-05
ngomenin	NORM=0.9999768733978271|O=2.244269853690639e-05
hidup	O=0.999988317489624|NORM=1.0837923582585063e-05
orang??	O=0.9999727010726929|NORM=2.617605605337303e-05

Amiin	NORM=0.9999911785125732|O=8.028654519876e-06

Samoga	NORM=0.9999842643737793|O=1.4887923498463351e-05
bisa	O=0.999974250793457|NORM=2.3205382603919134e-05
kesana	O=0.9999245405197144|NORM=7.104116957634687e-05
aamiin	NORM=0.9998995065689087|O=9.997487359214574e-05

aurel	O=0.9999799728393555|NORM=1.8085542251355946e-05
cita	O=0.9999842643737793|NORM=1.4195795301930048e-05
kita	O=0.9999908208847046|NORM=8.498590432282072e-06
sama,	O=0.9999743700027466|NORM=2.4993825718411244e-05
aku	O=0.9999431371688843|NORM=5.63130306545645e-05
tw	NORM=0.9999748468399048|O=2.441823380650021e-05
rasanya	O=0.9999865293502808|NORM=1.2457825505407527e-05
jd	NORM=0.999981164932251|O=1.802062070055399e-05
kamu	O=0.9999765157699585|NORM=2.3109101675800048e-05
pluk	O=0.7494381666183472|NORM=0.25055915117263794
sini	O=0.9999849796295166|NORM=1.4282754818850663e-05
puk	O=0.9990941286087036|NORM=0.0009013696690090001
puk	O=0.9996763467788696|NORM=0.00032232110970653594
puk	O=0.9999264478683472|NORM=7.306399493245408e-05
semangat	O=0.9999692440032959|NORM=2.9199170967331156e-05
?	O=0.9999972581863403|NORM=2.021863338086405e-06

Umur	NORM=0.9999916553497314|O=7.632878805452492e-06
15th	O=0.9999791383743286|NORM=1.9430472093517892e-05
tapi	O=0.999991774559021|NORM=6.8056388045079075e-06
gaya	O=0.9999885559082031|NORM=1.0420287253509741e-05
pacaran	O=0.9999921321868896|NORM=6.670368748018518e-06
kaya	NORM=0.9999816417694092|O=1.7648904758971184e-05
udah	NORM=0.9998639822006226|O=0.00013548480637837201
suami	O=0.9999873638153076|NORM=1.2085056368960068e-05
istri,	O=0.9999935626983643|NORM=5.996848358336138e-06
astagaaaaaa	NORM=0.9997039437294006|O=0.0002957200922537595
!!	O=0.9999935626983643|NORM=4.84794145449996e-06

ya	O=0.9999862909317017|NORM=1.1905990504601505e-05
allah,	O=0.9999809265136719|NORM=1.8493990864953957e-05
niat	O=0.9999088048934937|NORM=8.871145109878853e-05
hati	O=0.9999397993087769|NORM=5.93772747379262e-05
stalker	O=0.9955702424049377|NORM=0.004428120329976082
ig	O=0.9999799728393555|NORM=1.9092121874564327e-05
al	O=0.9999773502349854|NORM=2.1990710592945106e-05
buat	O=0.9999821186065674|NORM=1.727733797451947e-05
liat	NORM=0.999985933303833|O=1.3072638466837816e-05
post	O=0.9999825954437256|NORM=1.6163712643901818e-05
adem	O=0.9999899864196777|NORM=7.6277865446172655e-06
yg	NORM=0.9999721050262451|O=2.5966886823880486e-05
ad	NORM=0.9997430443763733|O=0.00025557930348441005
bundanya	O=0.9999768733978271|NORM=2.2452268240158446e-05
mlah	NORM=0.9997451901435852|O=0.0002539973065722734
ktmu	NORM=0.9999188184738159|O=8.036012877710164e-05
fto	NORM=0.9999605417251587|O=3.8740017771488056e-05
ini	O=0.9999891519546509|NORM=1.032549607771216e-05
yg	NORM=0.9999700784683228|O=2.7928628696827218e-05
ada	O=0.9999774694442749|NORM=2.206320823461283e-05
syaitonirojim	O=0.9778223633766174|NORM=0.022175995633006096
rmbt	NORM=0.9998286962509155|O=0.00017083718557842076
ungu!	O=0.9999366998672485|NORM=6.309353921096772e-05
ZONK!	NORM=0.999992847442627|O=6.2796480051474646e-06
haha	O=0.9999923706054688|NORM=6.5892636484932154e-06

Reeek	NORM=0.9999923706054688|O=6.49929279461503e-06
iki	O=0.9999251365661621|NORM=7.223596912808716e-05
20	O=0.9999927282333374|NORM=5.999365839670645e-06
thn	NORM=0.9998241066932678|O=0.00017534643120598048
wes	O=0.9958720803260803|NORM=0.004127200227230787
ddi	NORM=0.9995347261428833|O=0.00046472062240354717
dokter	O=0.9999936819076538|NORM=5.3074895731697325e-06
gigi	O=0.9999915361404419|NORM=7.514941898989491e-06
.	O=0.9999943971633911|NORM=3.959971763833892e-06
Awkdwe	NORM=0.9999943971633911|O=4.585917395161232e-06
:"	O=0.9999879598617554|NORM=1.0323494279873557e-05
@nesiaameliaa_	NORM=0.9999960660934448|O=2.44693728745915e-06
@novipermataputri	NORM=0.9999957084655762|O=2.798321247610147e-06

kangeeerrn	NORM=0.9999157190322876|O=8.361964137293398e-05

Itu	NORM=0.9999856948852539|O=1.2482313650252763e-05
mah	O=0.9999778270721436|NORM=1.8789292880683206e-05
dari	O=0.999992847442627|NORM=5.374044576456072e-06
cantik	O=0.9999939203262329|NORM=5.400891041063005e-06
ke	O=0.9999806880950928|NORM=1.8147216906072572e-05
lebih	O=0.9999922513961792|NORM=7.309623015316902e-06
cantik...	O=0.9999899864196777|NORM=9.58970395004144e-06
Dijelekin	NORM=0.9999951124191284|O=3.9047386053425726e-06
dlu	NORM=0.9999934434890747|O=5.534505817195168e-06
napa	NORM=0.9671418070793152|O=0.0328524075448513
sal	O=0.9999274015426636|NORM=7.126591663109139e-05
mukanya...	O=0.9999921321868896|NORM=7.374866981990635e-06

dulu	O=0.9999895095825195|NORM=9.344025784230325e-06
gw	NORM=0.9999754428863525|O=2.336837314942386e-05
juga	O=0.9999889135360718|NORM=9.67240339377895e-06
pernah	O=0.9999938011169434|NORM=4.722624453279423e-06
beli	O=0.9999474287033081|NORM=5.101336137158796e-05
views	O=0.9963326454162598|NORM=0.003656206652522087
youtube	O=0.9999816417694092|NORM=1.739055005600676e-05
di	O=0.9999865293502808|NORM=1.1808833733084612e-05
@followerseno	NORM=0.9999958276748657|O=2.737594513746444e-06
prosesnya	O=0.9998748302459717|NORM=0.00012354942737147212
cepet	NORM=0.9999467134475708|O=5.267323649604805e-05
bgt	NORM=0.9999779462814331|O=2.1313184333848767e-05

Kaka	NORM=0.9999947547912598|O=4.389758032630198e-06
??????	O=0.9999736547470093|NORM=2.346618930459954e-05

bdn	NORM=0.9944267272949219|O=0.005570387002080679
na	NORM=0.9998718500137329|O=0.0001274471142096445
ibu2	NORM=0.9999094009399414|O=8.77518396009691e-05
bgt	NORM=0.9999771118164062|O=2.2154641555971466e-05
lau	NORM=0.9998413324356079|O=0.00015803116548340768
ril	O=0.9999130964279175|NORM=8.272984268842265e-05

@fatanfidayan	NORM=0.9999951124191284|O=3.6572782846633345e-06
:	O=0.999992847442627|NORM=4.211041868984466e-06
iqro	NORM=0.9848841428756714|O=0.015114342793822289
!	O=0.9999961853027344|NORM=2.682088961591944e-06
Bacahalah	NORM=0.9999912977218628|O=7.954849024827126e-06
.hhaaha	O=0.999974250793457|NORM=2.5314477170468308e-05

be	O=0.9993876218795776|NORM=0.0006056440761312842
happy	O=0.9998911619186401|NORM=9.88412502920255e-05
el	O=0.9999622106552124|NORM=3.7081612390466034e-05
syang..anak	NORM=0.9992527365684509|O=0.0007457563770003617
pinter	NORM=0.9999858140945435|O=1.368943958368618e-05
@inijedar	NORM=0.9999963045120239|O=2.521219357731752e-06
??	O=0.9999940395355225|NORM=3.859312982967822e-06

hahahaha	O=0.9999854564666748|NORM=1.2651315955736209e-05
enk	O=0.9873472452163696|NORM=0.012650621123611927
kali	O=0.9999845027923584|NORM=1.4075066246732604e-05
bisa	O=0.9999821186065674|NORM=1.6624586351099424e-05
gitu	NORM=0.999984622001648|O=1.475214958190918e-05
njir?	NORM=0.9999791383743286|O=1.973572580027394e-05
@dina.nasution	NORM=0.999995231628418|O=3.176844302288373e-06

Iyha	NORM=0.9999936819076538|O=5.5204641284944955e-06
dedek	NORM=0.9995347261428833|O=0.00046437038690783083
thalia	O=0.9999836683273315|NORM=1.4269570783653762e-05
yg	NORM=0.9999485015869141|O=4.914570308756083e-05
cantikkk	NORM=0.9999790191650391|O=2.0448349459911697e-05

@amanda.adelia01	NORM=0.999994158744812|O=4.003953108622227e-06
mauuu	NORM=0.9999908208847046|O=8.51160893944325e-06

Bisa	NORM=0.9999915361404419|O=6.627993116126163e-06
tempat	O=0.9999920129776001|NORM=5.348572813090868e-06
dugem	O=0.9999678134918213|NORM=3.0251794669311494e-05
ja	NORM=0.9999880790710449|O=1.0744016435637604e-05
mbak	O=0.999992847442627|NORM=5.8815999182115775e-06
@maiaestiantyreal	NORM=0.9999943971633911|O=2.838334921761998e-06

Berasa	NORM=0.9999939203262329|O=4.908533355774125e-06
silauuu	NORM=0.9999815225601196|O=1.7896391000249423e-05

Cuute	NORM=0.9999922513961792|O=7.161389021348441e-06
cantiiik	NORM=0.9999567270278931|O=4.235007145325653e-05

ya	O=0.9999784231185913|NORM=2.0385465177241713e-05
udah	NORM=0.9998664855957031|O=0.00013289693742990494
followback	O=0.9999889135360718|NORM=9.438255801796913e-06
aja	NORM=0.9999723434448242|O=2.7159818273503333e-05
sihhh	NORM=0.9999500513076782|O=4.947241905028932e-05

Teteh	NORM=0.9999890327453613|O=9.521575520921033e-06
cantik	O=0.9999868869781494|NORM=1.1118690963485278e-05
bangett	NORM=0.999971866607666|O=2.7420006517786533e-05
@odywoody	NORM=0.9999946355819702|O=3.4906199744000332e-06

benetaran	NORM=0.9993003606796265|O=0.0006990012479946017
gaa	NORM=0.9961073994636536|O=0.0038899537175893784
si	NORM=0.9999673366546631|O=3.185783134540543e-05
ini	O=0.9999769926071167|NORM=1.9548717318684794e-05

Thanks	NORM=0.999991774559021|O=6.776378086215118e-06
ya	O=0.999993085861206|NORM=5.202384272706695e-06
ka	NORM=0.9999909400939941|O=8.504769539285917e-06
udah	NORM=0.9999828338623047|O=1.6262225472019054e-05
saranin	NORM=0.9999769926071167|O=2.237766602775082e-05
aku	O=0.9999891519546509|NORM=1.0084238056151662e-05
pake	NORM=0.9999879598617554|O=1.0773492249427363e-05
produk	O=0.9999890327453613|NORM=9.876164767774753e-06
ny@DUNIAHERBALBEAUTY.ID	NORM=0.9999953508377075|O=3.1881745599093847e-06
sekarang	O=0.9999959468841553|NORM=3.331431798869744e-06
seluruh	O=0.9999953508377075|NORM=4.0493550841347314e-06
badan	O=0.9999899864196777|NORM=9.249606591765769e-06
aku	O=0.9999912977218628|NORM=8.123898624035064e-06
jadi	O=0.9999957084655762|NORM=3.011706667166436e-06
putih	O=0.9999954700469971|NORM=4.068423095304752e-06
hanya	O=0.9999961853027344|NORM=1.86651459443965e-06
dengan	O=0.999992847442627|NORM=5.092791070637759e-06
waktu	O=0.9999879598617554|NORM=1.076739135896787e-05
10	O=0.9999765157699585|NORM=2.2360354705597274e-05
hari	O=0.9999825954437256|NORM=1.6769161447882652e-05
ka	NORM=0.9999916553497314|O=7.854440809751395e-06
:)	O=0.9999966621398926|NORM=1.9874507870554226e-06

Kan	NORM=0.9999904632568359|O=7.82281767897075e-06
ini	O=0.9999666213989258|NORM=3.087258301093243e-05
udh	NORM=0.999983549118042|O=1.5849022020120174e-05
ga	NORM=0.9999755620956421|O=2.367194610997103e-05
berlaku	O=0.9999773502349854|NORM=2.082779428747017e-05
lg	NORM=0.9999816417694092|O=1.7823613234213553e-05

tema	O=0.9999780654907227|NORM=2.091365422529634e-05
princess	O=0.9999710321426392|NORM=2.060997940134257e-05
aja,	NORM=0.9996297359466553|O=0.00036883674329146743
tp	NORM=0.9999898672103882|O=9.022112863021903e-06
tempatnya	O=0.9999916553497314|NORM=7.849109351809602e-06
outdoor,	O=0.9999915361404419|NORM=8.01932856120402e-06
jangan	O=0.9999665021896362|NORM=3.087982258875854e-05
indoor	O=0.9999731779098511|NORM=2.3617725673830137e-05
@aurelie.hermansyah	NORM=0.9999960660934448|O=2.5798165097512538e-06
@ashanty_ash	NORM=0.9999958276748657|O=2.6287395940016722e-06

Kk	NORM=0.9999933242797852|O=5.933129159529926e-06
dari	O=0.999970555305481|NORM=2.525706440792419e-05
kecil	O=0.9999775886535645|NORM=2.1268506316118874e-05
udah	NORM=0.9999570846557617|O=4.214368527755141e-05
cantik	O=0.9999852180480957|NORM=1.427743336535059e-05
apa	O=0.9999853372573853|NORM=1.4060065041121561e-05
lagi	O=0.9999898672103882|NORM=9.58064447331708e-06
udah	NORM=0.9999585151672363|O=4.0822931623551995e-05
besar	O=0.9999897480010986|NORM=9.493438483332284e-06
yah	NORM=0.999836802482605|O=0.0001619574031792581

Doupai	NORM=0.9999938011169434|O=4.996931693312945e-06
face	O=0.9999581575393677|NORM=3.4346165193710476e-05
@nrfitriangrini02	NORM=0.9999948740005493|O=2.9429427286231657e-06
#bantujawab	NORM=0.9999958276748657|O=2.932182269432815e-06
ajah	NORM=0.9999932050704956|O=6.005694558552932e-06
kok	O=0.9999926090240479|NORM=5.316197530191857e-06

@tutusjulantika23	NORM=0.9999951124191284|O=3.588589606806636e-06
kamu	O=0.9999845027923584|NORM=1.4510450455418322e-05
adek	O=0.9987758994102478|NORM=0.001222085440531373
aku	O=0.9999557733535767|NORM=4.326082853367552e-05
kakakgh	NORM=0.9997281432151794|O=0.0002709832915570587

Yg	NORM=0.9999960660934448|O=3.273586116847582e-06
kak	O=0.9999916553497314|NORM=5.826802407682408e-06
@marcelchandra	NORM=0.9999954700469971|O=3.5117650440952275e-06
tu	NORM=0.9999821186065674|O=1.686846917436924e-05
yg	NORM=0.9999873638153076|O=1.141692882811185e-05
ada	O=0.9999934434890747|NORM=5.6042272262857296e-06
tato	O=0.9999905824661255|NORM=7.675346751057077e-06
nya	O=0.999994158744812|NORM=3.6361857382871676e-06
iya	O=0.9999918937683105|NORM=6.404755367839243e-06
kan	O=0.9999908208847046|NORM=7.760943844914436e-06

catokin	NORM=0.9872403740882874|O=0.012758665718138218
ndez	O=0.9994039535522461|NORM=0.0005956034292466938
catokin	NORM=0.992489755153656|O=0.00750933401286602
udah	NORM=0.9999744892120361|O=2.479400427546352e-05
hahahha	O=0.9999872446060181|NORM=1.212609640788287e-05
@desyfitra	NORM=0.9999953508377075|O=3.727282773979823e-06

boleh	O=0.9998676776885986|NORM=0.00012990337563678622
gak	NORM=0.9999208450317383|O=7.833915879018605e-05
adek	O=0.9999250173568726|NORM=7.337854913203046e-05
galau	O=0.9999408721923828|NORM=5.822132879984565e-05
bentar	O=0.9085361957550049|NORM=0.09145914018154144
baang~	NORM=0.9998323917388916|O=0.00016704341396689415
#jadisedih	NORM=0.9999935626983643|O=5.358511316444492e-06

Yahh	NORM=0.9999959468841553|O=3.249061592214275e-06
tadinya	O=0.9999405145645142|NORM=5.6587708968436345e-05
senyum	O=0.9999518394470215|NORM=4.533172614173964e-05
liat	NORM=0.9999946355819702|O=4.756219823320862e-06
foto	O=0.9999678134918213|NORM=1.7441483578295447e-05
sang	O=0.999983549118042|NORM=1.5109087144082878e-05
idola	O=0.9999788999557495|NORM=1.9076560420216992e-05
eh	O=0.9999938011169434|NORM=5.7521956478012726e-06
ada	O=0.9999856948852539|NORM=1.3401520845945925e-05
muljemboet!!	O=0.99950110912323|NORM=0.0004985069390386343
Gak	NORM=0.9999934434890747|O=5.7253159866377246e-06
nafsu	O=0.9999347925186157|NORM=6.170626147650182e-05
liatnya.	NORM=0.9999628067016602|O=3.581996134016663e-05
Foto	NORM=0.9999839067459106|O=1.2601132766576484e-05
yg	NORM=0.999987006187439|O=1.1758022992580663e-05
mrusak	NORM=0.9983365535736084|O=0.0016610497841611505
mata	O=0.9999728202819824|NORM=2.647166002134327e-05
ada	O=0.9999562501907349|NORM=4.30857835453935e-05
si	NORM=0.9999039173126221|O=9.395977394888178e-05
nenek	O=0.9999905824661255|NORM=8.00646830612095e-06
lampir??	O=0.999897837638855|NORM=0.0001012433203868568
jadi	O=0.9999936819076538|NORM=5.447143848869018e-06
salah	O=0.9999935626983643|NORM=6.093005140428431e-06
fokus	O=0.999995231628418|NORM=4.194062512397068e-06
liat	NORM=0.9999922513961792|O=7.202250799309695e-06
fotonya	O=0.99997878074646|NORM=1.9444016288616695e-05
gegara	O=0.9913881421089172|NORM=0.008610307238996029
si	NORM=0.9999245405197144|O=7.342799653997645e-05
nenek	O=0.9999916553497314|NORM=7.141537935240194e-06
jamilonte	O=0.9997332692146301|NORM=0.0002651793183758855

Goals	NORM=0.9999954700469971|O=2.5605249902582727e-06
abes	O=0.9973337650299072|NORM=0.002663310384377837
@anisyarz	NORM=0.9999949932098389|O=3.2043287774286e-06

Komennya	NORM=0.9999946355819702|O=4.279987479094416e-06
lucuk	NORM=0.9999858140945435|O=1.3821909305988811e-05
lucuk	NORM=0.9999732971191406|O=2.6376768801128492e-05
@wedari	NORM=0.9999943971633911|O=3.905931862391299e-06

kak	O=0.9999946355819702|NORM=4.161048764217412e-06
tuh	O=0.9999961853027344|NORM=2.7776873139373492e-06
engga	NORM=0.9999790191650391|O=2.0182269508950412e-05
cuma	O=0.9999932050704956|NORM=5.252130904409569e-06
cantik	O=0.9999942779541016|NORM=4.855417500948533e-06
aja	NORM=0.999984860420227|O=1.4364058188220952e-05
kak	O=0.9999957084655762|NORM=3.5277237202535616e-06
tapi	O=0.9999967813491821|NORM=2.6742034151538974e-06
kak	O=0.9999940395355225|NORM=5.2502973630907945e-06
sholeha	O=0.9999120235443115|NORM=8.726478699827567e-05

Siram	NORM=0.9999936819076538|O=5.48331036043237e-06
aja	NORM=0.9999825954437256|O=1.6615194908808917e-05
yg	NORM=0.9999638795852661|O=3.4943310311064124e-05
koment	NORM=0.6769577860832214|O=0.32303449511528015
nya	O=0.9999552965164185|NORM=4.1723866161191836e-05
ga	NORM=0.9999840259552002|O=1.5358506061602384e-05
bener	NORM=0.9995761513710022|O=0.0004219636903144419
ngata2in	NORM=0.9999517202377319|O=4.745706246467307e-05
orang...wong	O=0.999967098236084|NORM=3.222001760150306e-05
edan	O=0.9999892711639404|NORM=8.68162442202447e-06
itu	O=0.9999963045120239|NORM=2.48806122726819e-06
wkwkw	O=0.9999904632568359|NORM=8.91352192411432e-06

Pas	NORM=0.9999877214431763|O=9.964609489543363e-06
lg	NORM=0.9999847412109375|O=1.4715027646161616e-05
latihan	O=0.9997194409370422|NORM=0.0002758826594799757
pernah	O=0.9999845027923584|NORM=1.2627353498828597e-05
salah	O=0.999988317489624|NORM=1.0834038221219089e-05
lirik	O=0.9948118925094604|NORM=0.005184092093259096
gakk?	NORM=0.9999721050262451|O=2.621558633109089e-05
#nauraqna	NORM=0.9999957084655762|O=3.1391309676109813e-06

Masya	NORM=0.9999918937683105|O=7.312242360058008e-06
allah	O=0.9999942779541016|NORM=4.753293069370557e-06
,,,	O=0.9999940395355225|NORM=5.36084462510189e-06
pasangan	O=0.9999808073043823|NORM=1.599827010068111e-05
serasi	O=0.9999936819076538|NORM=5.038601557316724e-06
banget	O=0.9999971389770508|NORM=2.3034579044178827e-06
,,	O=0.9999942779541016|NORM=4.833919319935376e-06
Allah	NORM=0.9999790191650391|O=1.921914008562453e-05
mmang	NORM=0.9999737739562988|O=2.4731734811211936e-05
ga	NORM=0.999984622001648|O=1.449663432140369e-05
pernah	O=0.999990701675415|NORM=7.8085304267006e-06
salah	O=0.9999945163726807|NORM=5.003955266147386e-06
nentuin	NORM=0.9999897480010986|O=9.187220712192357e-06
pasangan	O=0.9999899864196777|NORM=8.488572348142043e-06
,,	O=0.9999959468841553|NORM=3.2717600788600976e-06
smoga	NORM=0.9999829530715942|O=1.6314217646140605e-05
langgeng	O=0.9999933242797852|NORM=5.987822987663094e-06
sampai	O=0.9999933242797852|NORM=6.209131242940202e-06
ajal	O=0.9999821186065674|NORM=1.735098339850083e-05
mnjmput	NORM=0.9999618530273438|O=3.757280865102075e-05
,,	O=0.999991774559021|NORM=7.482206001441227e-06

@angelinaangel401	NORM=0.9999927282333374|O=5.727310508518713e-06
mana	O=0.9999680519104004|NORM=3.0338100259541534e-05
kitab	O=0.9999381303787231|NORM=6.0958493122598156e-05
lu	O=0.999985933303833|NORM=1.270223128813086e-05
yg	NORM=0.9999818801879883|O=1.7164149539894424e-05
ngebolehin	NORM=0.9999270439147949|O=7.084116077749059e-05
makan	O=0.9999761581420898|NORM=2.179471994168125e-05
babi?	O=0.9999831914901733|NORM=1.6475389202241786e-05

Pengen	NORM=0.9999943971633911|O=4.7989742597565055e-06
Menarik	NORM=0.9999709129333496|O=2.66358838416636e-05
Namun	NORM=0.9999648332595825|O=3.340819966979325e-05
Payudara	NORM=0.9999926090240479|O=6.151531124487519e-06
Kecil?	NORM=0.9999574422836304|O=4.140972305322066e-05
Tenang	NORM=0.999991774559021|O=7.1527515501657035e-06
Ko	NORM=0.9999959468841553|O=3.044716095246258e-06
Sekarang	NORM=0.9999872446060181|O=1.0886246855079662e-05
Udah	NORM=0.9999945163726807|O=4.446799721335992e-06
Ada	NORM=0.9999743700027466|O=2.3939446691656485e-05
Solusinya	NORM=0.9999927282333374|O=6.176721399242524e-06
Invite	NORM=0.9999750852584839|O=2.2573640308110043e-05
Aja	NORM=0.9999963045120239|O=2.7380367555451812e-06
Langsung	NORM=0.999983549118042|O=1.3279686754685827e-05
Cek	NORM=0.9999960660934448|O=3.164555209878017e-06
Ig@ahli.payudara.id	NORM=0.9999241828918457|O=7.467532850569114e-05

Hmm	NORM=0.9999887943267822|O=8.479492862534244e-06
orang	O=0.9999904632568359|NORM=7.515492598031415e-06
tua	O=0.9999934434890747|NORM=5.560620138567174e-06
terlalu	O=0.9999853372573853|NORM=1.3735989341512322e-05
manjain	NORM=0.9999154806137085|O=8.378206985071301e-05
anak	O=0.9999582767486572|NORM=4.096562770428136e-05
terlalu	O=0.9999938011169434|NORM=5.788791440863861e-06
lebay	O=0.9995914101600647|NORM=0.00040839696885086596
baru	O=0.9999580383300781|NORM=4.160227763350122e-05
gt	NORM=0.9999756813049316|O=2.3597702238475904e-05
aja	NORM=0.9999868869781494|O=1.2319022971496452e-05
lapor	O=0.9989712238311768|NORM=0.0010263933800160885
polisi	O=0.9998505115509033|NORM=0.00014803968952037394
pantas	O=0.9999405145645142|NORM=5.905463331146166e-05
saja	O=0.9999498128890991|NORM=4.938265556120314e-05
anak	O=0.9999843835830688|NORM=1.4920105058990885e-05
jaman	O=0.9999924898147583|NORM=6.705795840389328e-06
sekarang	O=0.9999927282333374|NORM=6.498353286588099e-06
beda	O=0.9999678134918213|NORM=3.123751957900822e-05
ma	NORM=0.9999905824661255|O=8.536254426871892e-06
anak	O=0.9999873638153076|NORM=1.1556741810636595e-05
jaman	O=0.9999927282333374|NORM=6.399955509550637e-06
dulu	O=0.9999918937683105|NORM=7.566838576167356e-06
anak	O=0.999957799911499|NORM=4.175004505668767e-05
jaman	O=0.9999866485595703|NORM=1.2408206202962901e-05
dulu	O=0.9999865293502808|NORM=1.263752255908912e-05
lebih	O=0.9998818635940552|NORM=0.00011758487380575389
sopan	O=0.9999390840530396|NORM=6.042086533852853e-05
dibanding	O=0.9999309778213501|NORM=6.870451761642471e-05
anak	O=0.9998676776885986|NORM=0.00013150583254173398
jaman	O=0.9999182224273682|NORM=8.050152246141806e-05
skrng	NORM=0.9999746084213257|O=2.492924795660656e-05
kurang	O=0.9998231530189514|NORM=0.00017615647811908275
sopan	O=0.9998693466186523|NORM=0.0001300639851251617
sdh	NORM=0.9999890327453613|O=1.0454124094394501e-05
berani	O=0.9986341595649719|NORM=0.0013653113273903728
lawan	O=0.9995003938674927|NORM=0.0004989717854186893
orang	O=0.9999887943267822|NORM=1.0429545000079088e-05
tua	O=0.9999922513961792|NORM=7.307810392376268e-06
n	NORM=0.999983549118042|O=1.5369254469987936e-05
guru	O=0.9999711513519287|NORM=2.8649266823776998e-05
krn	NORM=0.9999903440475464|O=9.177175343211275e-06
orang	O=0.9999877214431763|NORM=1.1554519915080164e-05
tua	O=0.9999934434890747|NORM=6.210985702637117e-06
terlalu	O=0.9998835325241089|NORM=0.00011573392839636654
manjain	NORM=0.9999547004699707|O=4.476477261050604e-05
anak	O=0.9999141693115234|NORM=8.51854492793791e-05
ya	O=0.9999756813049316|NORM=2.4099319489323534e-05
gini	NORM=0.9999747276306152|O=2.4641991331009194e-05
deh	O=0.9985371828079224|NORM=0.001462295069359243
akibatnya	O=0.9999821186065674|NORM=1.742522363201715e-05
...baru	O=0.9999521970748901|NORM=4.7498375352006406e-05
dicubit	O=0.9999732971191406|NORM=2.618366306705866e-05
aja	NORM=0.9999898672103882|O=9.593635695637204e-06
dah	NORM=0.999980092048645|O=1.93559390027076e-05
kebakaran	O=0.9999822378158569|NORM=1.74232482095249e-05
jenggot	O=0.9999932050704956|NORM=6.401960035873344e-06
lapor	O=0.9980972409248352|NORM=0.001900893053971231
polisi	O=0.999879002571106|NORM=0.00012014954700134695
justru	O=0.9999939203262329|NORM=5.55375936528435e-06
nih	O=0.9999831914901733|NORM=1.603423515916802e-05
anak	O=0.9999898672103882|NORM=9.358012903248891e-06
malah	O=0.9999943971633911|NORM=4.893681762041524e-06
akan	O=0.9999961853027344|NORM=3.2257401016977383e-06
tertawa	O=0.9999756813049316|NORM=2.2926533347344957e-05
krn	NORM=0.9999881982803345|O=1.1310279660392553e-05
kenakanlannya	NORM=0.9841881990432739|O=0.015810972079634666
didukung	O=0.9999879598617554|NORM=1.123327820096165e-05
oleh	O=0.9999955892562866|NORM=3.828562512353528e-06
orang	O=0.9999946355819702|NORM=4.707429525296902e-06
tuanya	O=0.9999618530273438|NORM=3.7604138924507424e-05
sendiri.	O=0.999971866607666|NORM=2.7034497179556638e-05

Lucuuuuu??????????	NORM=0.9999814033508301|O=1.684235394350253e-05

Udh	NORM=0.9999935626983643|O=5.471353233588161e-06
puji	O=0.999983549118042|NORM=1.4830789950792678e-05
tuhan,	O=0.9999599456787109|NORM=3.774786091526039e-05
alhamdulillah	O=0.9999856948852539|NORM=1.3088254490867257e-05
pula	O=0.9999935626983643|NORM=5.40439214091748e-06
wkwk	O=0.9999840259552002|NORM=1.4969783478591125e-05

@ajenggiantie	NORM=0.9999953508377075|O=3.391410018593888e-06
ampe	NORM=0.9999940395355225|O=4.727302439277992e-06
dia	O=0.9999841451644897|NORM=1.279030129808234e-05
jago	O=0.9999803304672241|NORM=1.813062044675462e-05
nari...	NORM=0.999889612197876|O=0.00010962698434013873

Lucuu	NORM=0.9999924898147583|O=5.99721397520625e-06
@anamaghfiroh82	NORM=0.9999955892562866|O=3.280550799900084e-06
@anisanelly	NORM=0.9999960660934448|O=2.8339336495264433e-06
@_amelia_putri	NORM=0.9999955892562866|O=3.173571940351394e-06

Mnta	NORM=0.9999591112136841|O=3.3245312806684524e-05
pin	O=0.9999816417694092|NORM=1.713735400699079e-05
bbny	NORM=0.9870607852935791|O=0.012935515493154526
donx	NORM=0.9999289512634277|O=6.99641095707193e-05
isyana	O=0.999991774559021|NORM=6.434324404835934e-06

Amiiinn	NORM=0.9999892711639404|O=9.771202712727245e-06

Bbrp	NORM=0.9999948740005493|O=4.272827027307358e-06
kali	O=0.9999693632125854|NORM=2.935066368081607e-05
mulan	O=0.9999929666519165|NORM=6.207092610566178e-06
mengatakan	O=0.9999921321868896|NORM=5.848227829119423e-06
bhw	NORM=0.999993085861206|O=6.29450687483768e-06
dalam	O=0.9999946355819702|NORM=4.819628429686418e-06
kehidupan	O=0.9999911785125732|NORM=7.886426828918047e-06
pernikahan	O=0.9999803304672241|NORM=1.586961661814712e-05
dgn	NORM=0.9999606609344482|O=3.769953400478698e-05
dhani	O=0.9999865293502808|NORM=1.0583512448647525e-05
banyaaaaaak	NORM=0.998538613319397|O=0.0014606706099584699
hal	O=0.9999940395355225|NORM=4.969758265360724e-06
yg	NORM=0.999985933303833|O=1.2573884305311367e-05
terjadi	O=0.9999943971633911|NORM=4.4539801820064895e-06
yg	NORM=0.9999840259552002|O=1.4470284440903924e-05
org2	NORM=0.9999818801879883|O=1.7199083231389523e-05
ga	NORM=0.99997878074646|O=2.0249683075235225e-05
perlu	O=0.9999858140945435|NORM=1.2993064956390299e-05
tau,	O=0.9999876022338867|NORM=1.1928939784411341e-05
biar	O=0.9999699592590332|NORM=2.7695854441844858e-05
yg	NORM=0.9999885559082031|O=1.0265106539009139e-05
baik2nya	NORM=0.99993896484375|O=6.051196760381572e-05
saja.	O=0.9997286200523376|NORM=0.0002701041230466217
Berarti	NORM=0.9999933242797852|O=4.314249508752255e-06
selama	O=0.999990701675415|NORM=8.600934052083176e-06
ini	O=0.9999960660934448|NORM=3.4565969144750852e-06
mulan	O=0.999992847442627|NORM=6.498936727439286e-06
merasa	O=0.9999948740005493|NORM=4.615350917447358e-06
tertekan	O=0.9999922513961792|NORM=7.265795829880517e-06
juga.	O=0.9999909400939941|NORM=8.562675247958396e-06
Klo	NORM=0.9999936819076538|O=4.457810064195655e-06
mmg	NORM=0.9999902248382568|O=8.51164531923132e-06
seperti	O=0.9999850988388062|NORM=1.2394171790219843e-05
itu	O=0.9999957084655762|NORM=2.9082066248520277e-06
knp	NORM=0.9999794960021973|O=1.980753404495772e-05
hrs	NORM=0.9999884366989136|O=1.1091119631601032e-05
dipertahankan?	O=0.9999245405197144|NORM=7.468240801244974e-05
@realmulanjamela	NORM=0.9999959468841553|O=2.7091580250271363e-06
@mulanjameela1	NORM=0.9999963045120239|O=2.508010311430553e-06
Anda	NORM=0.9999330043792725|O=6.194246816448867e-05
punya	O=0.9999935626983643|NORM=5.503022748598596e-06
modal	O=0.9999843835830688|NORM=1.4481071048066951e-05
untuk	O=0.9999768733978271|NORM=2.0752639102283865e-05
hidup	O=0.9999908208847046|NORM=8.421878192166332e-06
mandiri.	O=0.9999815225601196|NORM=1.6420241081505083e-05
Anda	NORM=0.9998611211776733|O=0.00012898271961603314
punya	O=0.9999959468841553|NORM=3.206444262104924e-06
wajah	O=0.9999964237213135|NORM=2.739557658060221e-06
cantik,	O=0.9999938011169434|NORM=5.369132395571796e-06
suara	O=0.9999953508377075|NORM=3.884200850734487e-06
bagus..	O=0.9999909400939941|NORM=8.581395377404988e-06
Tunjukan	NORM=0.9999951124191284|O=3.093463419645559e-06
bhwa	NORM=0.9999926090240479|O=6.547121756739216e-06
kamu	O=0.9999948740005493|NORM=4.649917627830291e-06
tidak	O=0.9999945163726807|NORM=4.688137323682895e-06
tergantung	O=0.9999912977218628|NORM=7.661500603717286e-06
dr	NORM=0.9999854564666748|O=1.2529146260931157e-05
seorang	O=0.9999951124191284|NORM=3.916456989827566e-06
ahmad	O=0.9999958276748657|NORM=3.2471159556735074e-06
dhani.	O=0.9999854564666748|NORM=1.3386624232225586e-05
Mgkn	NORM=0.9999959468841553|O=3.1628292163077276e-06
dg	NORM=0.999990701675415|O=8.313929356518202e-06
cara	O=0.9998583793640137|NORM=0.00013161954120732844
itu	O=0.9999560117721558|NORM=3.755324360099621e-05
kehidupan	O=0.9999868869781494|NORM=1.2291539860598277e-05
psikologi	O=0.9999891519546509|NORM=1.0382003893028013e-05
anak2mu	NORM=0.9999861717224121|O=1.3095288522890769e-05
bs	NORM=0.9999939203262329|O=5.491339379659621e-06
lebih	O=0.9999889135360718|NORM=1.043648171616951e-05
baik,	O=0.999984622001648|NORM=1.40981492222636e-05
tidak	O=0.9999933242797852|NORM=6.065898560336791e-06
tertekan.	O=0.999947190284729|NORM=4.970736335963011e-05
Dan	NORM=0.9999639987945557|O=2.9775685106869787e-05
mgkn	NORM=0.9999955892562866|O=3.47387936017185e-06
para	O=0.9999362230300903|NORM=5.979814886813983e-05
haters	O=0.9999644756317139|NORM=2.840382330759894e-05
akan	O=0.999992847442627|NORM=5.938617505307775e-06
berubah	O=0.9999948740005493|NORM=3.913741238648072e-06
menjadi	O=0.9999943971633911|NORM=4.237762823322555e-06
salut	O=0.999956488609314|NORM=3.90653804061003e-05
atas	O=0.9999934434890747|NORM=5.5700302254990675e-06
tindakan	O=0.999982476234436|NORM=1.59590726980241e-05
itu.	O=0.9999797344207764|NORM=1.9460692783468403e-05
Yang	NORM=0.9999492168426514|O=4.5937140384921804e-05
penting	O=0.9999938011169434|NORM=5.669268375640968e-06
lakukan	O=0.9999939203262329|NORM=4.631979209079873e-06
yang	O=0.999992847442627|NORM=5.894875357626006e-06
terbaik	O=0.9999946355819702|NORM=3.971401383751072e-06
untuk	O=0.9999840259552002|NORM=1.373796294501517e-05
anak2	NORM=0.999987006187439|O=1.2411133866407908e-05
dan	O=0.9999946355819702|NORM=4.856887699133949e-06
dirimu.	O=0.9999721050262451|NORM=2.627420508360956e-05
Sukses!	NORM=0.9999395608901978|O=5.8049601648235694e-05

Lebih	NORM=0.999993085861206|O=5.039401003159583e-06
kasian	NORM=0.999987006187439|O=1.1501609151309822e-05
elo!!	NORM=0.999968409538269|O=3.076659413636662e-05
Coba	NORM=0.9999934434890747|O=4.745973910758039e-06
deh	O=0.9999557733535767|NORM=4.212241401546635e-05
baca	O=0.9999690055847168|NORM=2.8499245672719553e-05
komenan	NORM=0.9972220659255981|O=0.0027735198382288218
lo	O=0.9999821186065674|NORM=1.2069558579241857e-05
s	NORM=0.6358118653297424|O=0.36416947841644287

Fea	NORM=0.9999887943267822|O=9.970028258976527e-06
mirip	O=0.9999474287033081|NORM=3.256374839111231e-05
dul	O=0.9997246861457825|NORM=0.00022120036010164768
yaa?	NORM=0.9999821186065674|O=1.5441057257703505e-05

Ikut2an	NORM=0.9999951124191284|O=4.0160107346309815e-06
kya	NORM=0.9999672174453735|O=3.168874536640942e-05
bunda	O=0.9999935626983643|NORM=4.598623036145e-06
anneavantie....	O=0.9999581575393677|NORM=4.0892005927162245e-05

Happy	NORM=0.999974250793457|O=1.5433222870342433e-05
birthday	O=0.9999101161956787|NORM=7.353437104029581e-05
kak,	O=0.9999921321868896|NORM=7.065310001053149e-06
semoga	O=0.999981164932251|NORM=1.6202026017708704e-05
bahagia	O=0.9999909400939941|NORM=8.038597115955781e-06
selalu	O=0.9999963045120239|NORM=3.3432918371545384e-06
dan	O=0.9999958276748657|NORM=3.736858616321115e-06
segera	O=0.9999936819076538|NORM=5.588739895756589e-06
married.	O=0.9999929666519165|NORM=6.285424660745775e-06
Tuhan	NORM=0.9999369382858276|O=5.973076986265369e-05
memberkati	O=0.9999722242355347|NORM=2.5822720999713056e-05
semua	O=0.9999892711639404|NORM=9.974664862966165e-06
aspek	O=0.9999892711639404|NORM=1.0065004062198568e-05
dlm	NORM=0.9999868869781494|O=1.195619915961288e-05
kehidupanmu.	O=0.9999548196792603|NORM=4.2215269786538556e-05
??	O=0.9999966621398926|NORM=2.335916406082106e-06

Iya	NORM=0.9999920129776001|O=5.846341537107946e-06
sis	O=0.9999942779541016|NORM=5.030552529206034e-06
@yn_savitri	NORM=0.9999955892562866|O=2.75609841082769e-06
karena	O=0.9999935626983643|NORM=5.215376859268872e-06
kita	O=0.999988317489624|NORM=1.0988499525410589e-05
pernah	O=0.9999943971633911|NORM=5.053966560808476e-06
makan	O=0.9999889135360718|NORM=1.0729289897426497e-05
bangku	O=0.99986732006073|NORM=0.00013219310494605452
sekolah	O=0.9999860525131226|NORM=1.3148622201697435e-05
gak	NORM=0.9999899864196777|O=8.793857887212653e-06
kaya	NORM=0.9999856948852539|O=1.2205715393065475e-05
@novisyahreza	NORM=0.9999955892562866|O=2.5494437068118714e-06
jilbab	O=0.9999681711196899|NORM=3.0401592084672302e-05
palsu	O=0.9999922513961792|NORM=5.655737368215341e-06
?	O=0.9999964237213135|NORM=2.369573849136941e-06

Memakai	NORM=0.9999935626983643|O=5.495418463397073e-06
hijab	O=0.9999823570251465|NORM=1.544553742860444e-05
juga	O=0.9999892711639404|NORM=9.347723789687734e-06
tdk	NORM=0.9999845027923584|O=1.4791917237744201e-05
mengurangi	O=0.9999897480010986|NORM=8.514320143149234e-06
aktifitas	O=0.999981164932251|NORM=1.803657505661249e-05
yg	NORM=0.9999270439147949|O=6.983445200603455e-05
ada	O=0.9999815225601196|NORM=1.761765634000767e-05
kok.......	O=0.9999924898147583|NORM=6.843033133918652e-06

Mnding	NORM=0.9999905824661255|O=8.412202987528872e-06
posting	O=0.999992847442627|NORM=6.216907877387712e-06
sm	NORM=0.9999877214431763|O=1.1352257388352882e-05
bunda	O=0.9999953508377075|NORM=2.985858145621023e-06
maya	O=0.999995231628418|NORM=3.6314522731117904e-06
aja,	NORM=0.9999322891235352|O=6.619897612836212e-05
adem	O=0.9997934699058533|NORM=0.00020189005590509623
liat	NORM=0.9999932050704956|O=6.192194632603787e-06
nya	O=0.999992847442627|NORM=6.069912160455715e-06
kaga	NORM=0.999869704246521|O=0.0001267304178327322
panas	O=0.9999946355819702|NORM=4.670449015975464e-06
he	O=0.9999877214431763|NORM=9.875276191451121e-06

@zahranfauziah	NORM=0.9999942779541016|O=4.640169208869338e-06
segitunya	NORM=0.6767450571060181|O=0.3232465088367462
pngn	NORM=0.9999669790267944|O=3.2396561437053606e-05
bu??	O=0.9999886751174927|NORM=9.85762380878441e-06

Nyinyi	NORM=0.9999914169311523|O=6.154210950626293e-06
Aja	NORM=0.9999949932098389|O=3.218558049411513e-06
bang..	O=0.9999592304229736|NORM=3.9353861211566254e-05

@melmeli	NORM=0.9999949932098389|O=3.7654315292456886e-06
leh	O=0.999961256980896|NORM=3.794298754655756e-05
bnran	NORM=0.9999544620513916|O=4.45259029220324e-05
ini..	O=0.9999715089797974|NORM=2.7723299353965558e-05
tp	NORM=0.9999821186065674|O=1.560812052048277e-05
g	NORM=0.999982476234436|O=1.6033718566177413e-05
segede	O=0.9967488050460815|NORM=0.00324645871296525
itu	O=0.9999910593032837|NORM=5.961804163234774e-06

Tuh	NORM=0.9999892711639404|O=9.248982678400353e-06
kan,	O=0.9999442100524902|NORM=5.4516065574716777e-05
ini	O=0.9999780654907227|NORM=2.0766245143022388e-05
bukan	O=0.9999889135360718|NORM=8.641855856694747e-06
wawancara,	O=0.9999852180480957|NORM=1.3930493878433481e-05
tapi	O=0.9999904632568359|NORM=7.262686267495155e-06
nerima	NORM=0.9999709129333496|O=2.715278787945863e-05
tamu,	O=0.9999861717224121|NORM=1.319137754762778e-05
"tamu	O=0.9999570846557617|NORM=4.2176932765869424e-05
tak	O=0.9999939203262329|NORM=5.518438683793647e-06
diundang"	O=0.999971866607666|NORM=2.7875727028003894e-05
???	O=0.999996542930603|NORM=2.791790393530391e-06
alias	O=0.9999862909317017|NORM=1.1183234164491296e-05
jelangbong	O=0.9725595116615295|NORM=0.0274391770362854
?????	O=0.9999949932098389|NORM=3.5412851957516978e-06

Kereeeeen	NORM=0.999990701675415|O=7.407082648569485e-06
bngeet....	NORM=0.9999784231185913|O=2.0709490854642354e-05

Tuhhh	NORM=0.999992847442627|O=5.586688985204091e-06
makanya	O=0.9999501705169678|NORM=4.9329857574775815e-05
ke	O=0.9999637603759766|NORM=3.5278149880468845e-05
Maldives?	NORM=0.9999924898147583|O=6.309282071015332e-06
@aditya.yudistira	NORM=0.9999955892562866|O=3.1765880521561485e-06

Amiinn	NORM=0.999992847442627|O=6.244467385840835e-06
ya	O=0.9999654293060303|NORM=2.9835104214726016e-05
Allah:))	NORM=0.9999785423278809|O=2.0765957742696628e-05

cantik	O=0.9999898672103882|NORM=9.466895789955743e-06
bgd	NORM=0.9998542070388794|O=0.00014498981181532145
mb	NORM=0.9999009370803833|O=9.742997644934803e-05
@dewisandra	NORM=0.9999939203262329|O=4.088603873242391e-06
?	O=0.9999898672103882|NORM=7.084584467520472e-06

coba	O=0.9999840259552002|NORM=1.5184279618551955e-05
wefie	O=0.9999589920043945|NORM=3.850936991511844e-05
bgini	NORM=0.999990701675415|O=8.777124094194733e-06
brani	NORM=0.9956856966018677|O=0.0043134531006217
gak	NORM=0.9990096092224121|O=0.000989433960057795
km?	NORM=0.9999579191207886|O=4.121916208532639e-05
aq	NORM=0.9999532699584961|O=4.643349893740378e-05
sih	O=0.9999840259552002|NORM=1.5553529010503553e-05
brani	NORM=0.995944082736969|O=0.0040551843121647835
..	O=0.9999959468841553|NORM=3.1622380447515752e-06
@erfan_ardiyanto	NORM=0.9999949932098389|O=3.145862820019829e-06

Ko	NORM=0.9999960660934448|O=2.688231916181394e-06
mirip	O=0.9999790191650391|NORM=1.364909257972613e-05
lo	O=0.9999943971633911|NORM=3.3249068565055495e-06
klo	NORM=0.9999912977218628|O=7.413234925479628e-06
kyk	NORM=0.9999915361404419|O=7.698731678829063e-06
gini	NORM=0.9999858140945435|O=1.2494928341766354e-05
yaaa	NORM=0.9993564486503601|O=0.0006425504107028246
wkwkwkw	O=0.999990701675415|NORM=8.133312803693116e-06
@lulu.aisy	NORM=0.9999947547912598|O=4.2330866563133895e-06

Hahaaa.....@septi_ayu86	NORM=0.9999960660934448|O=2.663897703314433e-06
lo	O=0.9999873638153076|NORM=9.094170309253968e-06
keliatan	NORM=0.9999505281448364|O=4.808606536244042e-05
bego	O=0.9999866485595703|NORM=1.2385165064188186e-05
nya.klo	NORM=0.999987006187439|O=1.1690266546793282e-05
lo	O=0.9999872446060181|NORM=9.068828148883767e-06
emang	NORM=0.9998577833175659|O=0.00014087403542362154
tau	O=0.9999945163726807|NORM=4.799139787792228e-06
diri	O=0.9999921321868896|NORM=7.2609595918038394e-06
ngapain	NORM=0.9999837875366211|O=1.5369490938610397e-05
lo	O=0.9999915361404419|NORM=6.900216703797923e-06
ikut	O=0.9999914169311523|NORM=8.109656846500002e-06
cmpur	NORM=0.9999200105667114|O=7.931500294944271e-05
urusan	O=0.9999710321426392|NORM=2.817681524902582e-05
org?lo	NORM=0.9999129772186279|O=8.66940026753582e-05
bkal	NORM=0.9999855756759644|O=1.3466871678247117e-05
tau	O=0.9999927282333374|NORM=6.7365508584771305e-06
rasa	O=0.9999924898147583|NORM=6.976496024435619e-06
saat	O=0.9999951124191284|NORM=4.435874416230945e-06
nanti	O=0.9999924898147583|NORM=7.0894757300266065e-06
lo	O=0.9999850988388062|NORM=1.3659618161909748e-05
pny	NORM=0.9999920129776001|O=7.394980912067695e-06
keluarga	O=0.9999823570251465|NORM=1.7289838069700636e-05
&	O=0.999993085861206|NORM=5.840630365128163e-06
laki	O=0.9999890327453613|NORM=1.057435838447418e-05
lo	O=0.999991774559021|NORM=7.0063815655885264e-06
duda.saat2	NORM=0.9999812841415405|O=1.805056854209397e-05
spt	NORM=0.9999903440475464|O=9.277650860894937e-06
itu	O=0.9999855756759644|NORM=1.4015984561410733e-05
pasti	O=0.9999932050704956|NORM=6.172267148940591e-06
akn	NORM=0.9999918937683105|O=7.6184301178727765e-06
dtg	NORM=0.99998939037323|O=1.0104909051733557e-05
pd	NORM=0.9999886751174927|O=1.0852428204088937e-05
akhirnya.&	O=0.9999839067459106|NORM=1.5450394130311906e-05
ank	NORM=0.9999887943267822|O=1.0540647053858265e-05
lo	O=0.999988317489624|NORM=9.151835911325179e-06
ntar	NORM=0.9999808073043823|O=1.75867389771156e-05
jg	NORM=0.9999932050704956|O=6.242391464184038e-06
bkal	NORM=0.9999845027923584|O=1.4607084267481696e-05
jd	NORM=0.9999877214431763|O=1.128838903241558e-05
omongan	O=0.9999783039093018|NORM=1.9658655219245702e-05
org.	NORM=0.9999593496322632|O=3.9194197597680613e-05

Sayaaang	NORM=0.9999927282333374|O=6.421034413506277e-06
@candratepol	NORM=0.9999953508377075|O=3.105811174464179e-06
anak	O=0.9999649524688721|NORM=3.314895002404228e-05
cewe	NORM=0.782037615776062|O=0.21795617043972015
ky	NORM=0.9999912977218628|O=7.926738362584729e-06
gnii	NORM=0.6708276271820068|O=0.3290504813194275

Bkn	NORM=0.9999961853027344|O=3.2264015317196026e-06
kristen	O=0.9999854564666748|NORM=1.3702261639991775e-05
protestin	NORM=0.9066152572631836|O=0.09338095784187317
tapi	O=0.9999897480010986|NORM=9.374455657962244e-06
kristen	O=0.9999823570251465|NORM=1.681337016634643e-05
protestan	O=0.999982476234436|NORM=1.6412162949563935e-05
marnoaja651.Tapi	NORM=0.9999841451644897|O=1.434077785233967e-05
kakau	NORM=0.9999195337295532|O=7.912790169939399e-05
yg	NORM=0.9999910593032837|O=8.207767677959055e-06
aku	O=0.9999850988388062|NORM=1.4282648407970555e-05
tahu	O=0.9999934434890747|NORM=5.373581643652869e-06
kk	NORM=0.9999850988388062|O=1.4570738130714744e-05
mila	O=0.999990701675415|NORM=7.479971827706322e-06
itu	O=0.9999964237213135|NORM=2.4764617592154536e-06
katolik	O=0.9999885559082031|NORM=9.923847755999304e-06
kan?	O=0.999993085861206|NORM=6.492099146271357e-06

Siip	NORM=0.9999855756759644|O=1.2056106243107934e-05
bang	O=0.9999723434448242|NORM=2.517184111638926e-05
ariel	O=0.9999927282333374|NORM=5.395993412093958e-06

Hahaha	NORM=0.9999673366546631|O=2.7082603992312215e-05
lucuukk	NORM=0.9999581575393677|O=4.152954352321103e-05
bgt	NORM=0.9999821186065674|O=1.6387883079005405e-05
tuh	O=0.999990701675415|NORM=6.429201675928198e-06
si	NORM=0.9995908141136169|O=0.00040183094097301364
keciil?	O=0.9047263264656067|NORM=0.09526723623275757

Chat	NORM=0.9999924898147583|O=6.030696113157319e-06
ke	O=0.9999520778656006|NORM=4.531483500613831e-05
WA	NORM=0.9999933242797852|O=5.369098744267831e-06
:	O=0.999990701675415|NORM=6.763161763956305e-06
0857-9305-1973	O=0.9999566078186035|NORM=4.092658491572365e-05
/	O=0.9999953508377075|NORM=2.5830247523117578e-06
BBM	NORM=0.9999915361404419|O=6.919919997017132e-06
:	O=0.999982476234436|NORM=1.2820809388358612e-05
5B8BE79E	NORM=0.9999957084655762|O=3.436539373069536e-06
/	O=0.9999949932098389|NORM=2.735934913289384e-06
LINE	NORM=0.999987006187439|O=1.0986829693138134e-05
:	O=0.9999914169311523|NORM=6.286457846726989e-06
@ZHB0594N	NORM=0.9999960660934448|O=2.659942538230098e-06
(PAKAI	NORM=0.9999945163726807|O=4.2516194298514165e-06
@)	O=0.9999934434890747|NORM=5.990394583932357e-06
HATI-HATI	NORM=0.9999938011169434|O=5.187534952710848e-06
PENIPUAN!!!!!!!	NORM=0.9999934434890747|O=5.371942279452924e-06
PAYUDARAMU	NORM=0.9999922513961792|O=6.4024675339169335e-06
KECIL?	NORM=0.9999946355819702|O=4.4669895942206495e-06
YUK	NORM=0.9999949932098389|O=4.006072231277358e-06
ORDER	NORM=0.9999896287918091|O=9.001055332191754e-06
ALAT	NORM=0.9999943971633911|O=4.619981609721435e-06
ORI	NORM=0.9999878406524658|O=1.0659253348421771e-05
PEMBESAR	NORM=0.9999933242797852|O=5.511939889402129e-06
PAYUDARA	NORM=0.9999939203262329|O=5.071069608675316e-06
KAMI@bigbreastnatural?	NORM=0.9999939203262329|O=4.330208412284264e-06
BBM	NORM=0.9999929666519165|O=5.640669769491069e-06
:	O=0.9999712705612183|NORM=2.4632670829305425e-05
5B8BE79E.	NORM=0.9999916553497314|O=7.18349838280119e-06
LINE:	NORM=0.9999876022338867|O=1.0684011613193434e-05
@ZHB0594N	NORM=0.9999958276748657|O=2.7620351374935126e-06
(PAKAI	NORM=0.9999942779541016|O=4.401636488182703e-06
@)	O=0.999991774559021|NORM=7.500508672819706e-06

Hey	NORM=0.9999912977218628|O=7.031680979707744e-06
kmu	NORM=0.9999147653579712|O=8.404745312873274e-05
@raraputrimellynia	NORM=0.9999953508377075|O=2.785061496979324e-06
jngan	NORM=0.9999885559082031|O=1.0709576599765569e-05
pernah	O=0.9999861717224121|NORM=1.2280949704290833e-05
membanding"	NORM=0.9999805688858032|O=1.8777180230244994e-05
kan	O=0.9999369382858276|NORM=5.985661846352741e-05
agama	O=0.9999635219573975|NORM=3.441612352617085e-05
Kristen	NORM=0.9999904632568359|O=8.301259185827803e-06
agama	O=0.9999746084213257|NORM=2.3457308998331428e-05
ku	O=0.9999945163726807|NORM=4.850480308959959e-06
sama	O=0.9999951124191284|NORM=3.994010512542445e-06
agama	O=0.9999842643737793|NORM=1.4417216334550176e-05
islam	O=0.999990701675415|NORM=8.45101021695882e-06
......	O=0.999997615814209|NORM=1.8411107021165662e-06
kamu	O=0.9999895095825195|NORM=9.715110536490101e-06
gk	NORM=0.9999934434890747|O=6.000303073960822e-06
lihat	O=0.9999779462814331|NORM=2.150801992684137e-05
teroris	O=0.9999332427978516|NORM=6.445201870519668e-05
itu	O=0.9999960660934448|NORM=3.393259476069943e-06
orang	O=0.9999817609786987|NORM=1.724839057715144e-05
apa	O=0.9999887943267822|NORM=1.0101848602062091e-05
???	O=0.9999973773956299|NORM=2.0340594346635044e-06
Orang	NORM=0.9999905824661255|O=8.39261065266328e-06
islam	O=0.9999610185623169|NORM=3.821454447461292e-05
kan	O=0.999990701675415|NORM=9.033226888277568e-06
oiya	O=0.9999895095825195|NORM=1.0142533938051201e-05
ko	NORM=0.9999207258224487|O=7.884453953010961e-05
bilang	O=0.9999864101409912|NORM=1.3140805094735697e-05
kmi	NORM=0.9998225569725037|O=0.00017695549468044192
mengperbolehkan	O=0.994281530380249|NORM=0.005716398824006319
alkohol	O=0.9999873638153076|NORM=1.1047036423406098e-05
iya	O=0.9999964237213135|NORM=3.2560517411184264e-06
emang	NORM=0.9991517066955566|O=0.0008471666951663792
karena	O=0.9999964237213135|NORM=3.264711267547682e-06
ko	NORM=0.9999630451202393|O=3.6474411899689585e-05
tau	O=0.9999942779541016|NORM=5.3635358199244365e-06
gk	NORM=0.9999926090240479|O=6.996531737968326e-06
apa	O=0.9999740123748779|NORM=2.558577216404956e-05
kegunaan	O=0.9999682903289795|NORM=3.0876519304001704e-05
alkohol	O=0.9999887943267822|NORM=9.668916391092353e-06
???	O=0.9999973773956299|NORM=1.7991540062212152e-06
Untuk	NORM=0.9999783039093018|O=1.6797563148429617e-05
memanaskan	O=0.9999793767929077|NORM=1.9967283151345327e-05
badan	O=0.9999866485595703|NORM=1.304582110606134e-05
krena	NORM=0.999975323677063|O=2.385907828283962e-05
luar	O=0.999985933303833|NORM=1.3594391930382699e-05
ngri	NORM=0.9999598264694214|O=3.9572241803398356e-05
itu	O=0.9999771118164062|NORM=2.0765175577253103e-05
dingin	O=0.9999954700469971|NORM=4.14153873862233e-06
mereka	O=0.9999960660934448|NORM=3.398097533136024e-06
gk	NORM=0.9999887943267822|O=1.084561154129915e-05
tahan	O=0.9999948740005493|NORM=4.453761903278064e-06
dingin"	NORM=0.9999796152114868|O=1.990969030885026e-05
makanya	O=0.9999915361404419|NORM=8.163727216015104e-06
mereka	O=0.9999966621398926|NORM=2.891139047278557e-06
minum	O=0.9999953508377075|NORM=4.046444701089058e-06
alkohol	O=0.9999942779541016|NORM=4.7493281272181775e-06
.	O=0.9999946355819702|NORM=4.20326159655815e-06
Sok	NORM=0.9999911785125732|O=7.0071059781184886e-06
tau	O=0.9999860525131226|NORM=1.2983915439690463e-05
kli	NORM=0.9999873638153076|O=1.1492435078253038e-05
kau	O=0.9999905824661255|NORM=9.203136869473383e-06
tuhan	O=0.9999926090240479|NORM=6.681194463453721e-06
ku	O=0.9999957084655762|NORM=3.888201263180235e-06
memperboleh	O=0.999976634979248|NORM=2.2177950086188503e-05
kan	O=0.9999932050704956|NORM=6.100735845393501e-06
makan	O=0.9999947547912598|NORM=4.790882485394832e-06
babi	O=0.9999912977218628|NORM=7.862562597438227e-06
ya	O=0.999995231628418|NORM=4.055050794704584e-06
sok	O=0.9999933242797852|NORM=6.4118476075236686e-06
tau	O=0.9999959468841553|NORM=3.7547956708294805e-06
tapi	O=0.9999963045120239|NORM=3.389618314031395e-06
salah	O=0.9999951124191284|NORM=4.669399913836969e-06
..	O=0.9999973773956299|NORM=2.034750195889501e-06
kami	O=0.9999960660934448|NORM=3.5475086406222545e-06
tidak	O=0.9999953508377075|NORM=3.994826784037286e-06
meninggal	O=0.999995231628418|NORM=4.316282684158068e-06
kn	NORM=0.9999918937683105|O=7.1525473686051555e-06
ajaran	O=0.9999834299087524|NORM=1.5904301108093932e-05
lma	NORM=0.9994745850563049|O=0.0005235231365077198
///	O=0.9999898672103882|NORM=9.550394679536112e-06
@rhaexo	NORM=0.9999955892562866|O=2.503742734916159e-06
ajaran	O=0.9999781847000122|NORM=2.0616438632714562e-05
kalian	O=0.999992847442627|NORM=6.669737558695488e-06
yang	O=0.999993085861206|NORM=6.271097390708746e-06
....	O=0.9999948740005493|NORM=4.80089011034579e-06

Follow	NORM=0.9999822378158569|O=1.3774448234471492e-05
@dokterherbalid	NORM=0.9999961853027344|O=2.720047177717788e-06
|	O=0.9999735355377197|NORM=1.3323165148904081e-05
KABAR	NORM=0.9999957084655762|O=3.1196011605061358e-06
GEMBIRA	NORM=0.9999951124191284|O=3.5862562981492374e-06
?	O=0.9999960660934448|NORM=1.9672609141707653e-06
!!	O=0.9999959468841553|NORM=1.970080575119937e-06
Sekarang	NORM=0.999977707862854|O=1.9725308447959833e-05
sudah	O=0.9999871253967285|NORM=1.0685770575946663e-05
ada	O=0.9999916553497314|NORM=6.6400270952726714e-06
SOLUSI	NORM=0.9999957084655762|O=3.2631555768602993e-06
BUAT	NORM=0.9999960660934448|O=3.034616838704096e-06
KAMU	NORM=0.9999958276748657|O=3.1951890377968084e-06
YG	NORM=0.9999953508377075|O=3.227842171327211e-06
MAU	NORM=0.9999957084655762|O=3.4627528293640353e-06
TAMBAH	NORM=0.999995231628418|O=3.6324568100098986e-06
TINGGI	NORM=0.9999929666519165|O=5.22806203662185e-06
?	O=0.9999961853027344|NORM=2.0815823518205434e-06
LANGSING	NORM=0.9999938011169434|O=4.950712536810897e-06
?	O=0.9999960660934448|NORM=2.3896318452898413e-06
GEMUK,	NORM=0.9999802112579346|O=1.7892270989250392e-05
PUTIH	NORM=0.9999908208847046|O=7.910867680038791e-06
DAN	NORM=0.9999921321868896|O=6.53632559988182e-06
BESARIN	NORM=0.9999926090240479|O=5.693724688171642e-06
OAYUDARA	NORM=0.999995231628418|O=3.840372755803401e-06
HARGA	NORM=0.9999948740005493|O=4.323754637880484e-06
SPESIAL	NORM=0.999995231628418|O=3.6219337289367104e-06
untuk	O=0.999988317489624|NORM=9.361265256302431e-06
PEMBESAR	NORM=0.9999947547912598|O=4.093168172403239e-06
PAYUDARA	NORM=0.9999954700469971|O=3.705875087689492e-06
untuk	O=0.9999812841415405|NORM=1.5798928870935924e-05
info	O=0.9999901056289673|NORM=8.423991857853252e-06
lebih	O=0.9999943971633911|NORM=3.942291641578777e-06
lanjut	O=0.9999947547912598|NORM=3.820826805167599e-06
FOLLOW	NORM=0.9999945163726807|O=4.271496891306015e-06
IG	NORM=0.9999878406524658|O=9.376611160405446e-06
@dokterherbalid	NORM=0.9999960660934448|O=2.7743617465603165e-06
invitepin.bbm.com/5F8E28D1	NORM=0.9999946355819702|O=4.505267497734167e-06
atw	NORM=0.9972442388534546|O=0.0027546770870685577
WA	NORM=0.9999898672103882|O=8.501906449964736e-06
:	O=0.9999901056289673|NORM=7.923033081169706e-06
+6283820039062	O=0.9999134540557861|NORM=8.511215128237382e-05
(HARGA	NORM=0.9999947547912598|O=4.343716227594996e-06
DISTRIBUTOR).	NORM=0.9999842643737793|O=1.4163029845803976e-05

Duhh	NORM=0.999993085861206|O=5.46714636584511e-06
kak	O=0.99998939037323|NORM=6.4087957980518695e-06
:"	O=0.9999891519546509|NORM=9.712892278912477e-06
@nabilahjkt48	NORM=0.9999957084655762|O=2.9640136745001655e-06

Kgn	NORM=0.9999923706054688|O=6.611931439692853e-06
mreka	NORM=0.9997636675834656|O=0.0002334136370336637
yg	NORM=0.9999450445175171|O=5.2934752602595836e-05
dlu	NORM=0.9999897480010986|O=8.633230208943132e-06
yg	NORM=0.9997201561927795|O=0.0002767817641142756
cute	O=0.9999922513961792|NORM=5.8929385886585806e-06
@reviana188	NORM=0.9999943971633911|O=3.85501834898605e-06

Mlm	NORM=0.9999771118164062|O=2.0039002265548334e-05
ini	O=0.9999880790710449|NORM=1.0268763617204968e-05
ceritanya	O=0.9999432563781738|NORM=5.6095203035511076e-05
arka	O=0.9901883006095886|NORM=0.009809130802750587
nikahin	NORM=0.9782496094703674|O=0.021740050986409187
kinta,ini	O=0.9988433122634888|NORM=0.0011556569952517748
episode	O=0.9999599456787109|NORM=3.7729001633124426e-05
mana	O=0.9999847412109375|NORM=1.293188597628614e-05
lagi?hadeuh	NORM=0.9342475533485413|O=0.06575086712837219
bener2	NORM=0.999966025352478|O=3.3505235478514805e-05
teu	O=0.9987059831619263|NORM=0.0012933005345985293
nyambung	O=0.5896537899971008|NORM=0.4103349447250366
pisan	O=0.9999885559082031|NORM=1.1041887773899361e-05

Tipani	NORM=0.9999943971633911|O=4.914934379485203e-06
natural	O=0.9999816417694092|NORM=1.734439138090238e-05
bet	NORM=0.9999721050262451|O=2.6508927476243116e-05

Iiih	NORM=0.9999878406524658|O=1.027204234560486e-05
lutunaa?????	NORM=0.9988725781440735|O=0.001126001589000225
@khairunptrs_	NORM=0.9999955892562866|O=2.9946108952572104e-06

Serasi	NORM=0.9999946355819702|O=4.111559064767789e-06
bngett	NORM=0.9999910593032837|O=7.982235729286913e-06

Cocokk....kaya	NORM=0.9999908208847046|O=8.252024599642027e-06
@sophia_latjuba88	NORM=0.9999947547912598|O=3.577206371119246e-06
lebih	O=0.9999868869781494|NORM=7.949929567985237e-06
muda	O=0.9999935626983643|NORM=3.806833547059796e-06
dr	NORM=0.999966025352478|O=3.1065690563991666e-05
ariel	O=0.999984622001648|NORM=1.3328091881703585e-05

@fawwaz_said.11	NORM=0.9999936819076538|O=4.6047321120568085e-06
lu	O=0.9999822378158569|NORM=1.541420897410717e-05
ngomong	NORM=0.999747097492218|O=0.00024494959507137537
jorok	O=0.9999943971633911|NORM=4.837309461436234e-06
kagak	O=0.9988561868667603|NORM=0.001117337727919221
inget	O=0.9629587531089783|NORM=0.037033405154943466
dosa?	O=0.999725878238678|NORM=0.0002710573608055711

Here	NORM=0.999966025352478|O=3.064344491576776e-05
is	O=0.999935507774353|NORM=6.0491682233987376e-05
my	O=0.9999101161956787|NORM=8.739620534470305e-05
inspiring	O=0.99997878074646|NORM=1.969474760699086e-05
couple..may	O=0.9487786889076233|NORM=0.05119704827666283
Allah	NORM=0.9999743700027466|O=2.363893509027548e-05
always	O=0.9999936819076538|NORM=5.2855884860036895e-06
give	O=0.9999772310256958|NORM=2.1045727407909e-05
happiness	O=0.9999773502349854|NORM=2.0717350707855076e-05
to	O=0.9966572523117065|NORM=0.0030469957273453474
you	O=0.9999933242797852|NORM=5.6148137446143664e-06
both..aamiin	NORM=0.9997058510780334|O=0.00029346946394070983
?	O=0.9999953508377075|NORM=3.1481658879783936e-06

Cantiknya	NORM=0.9999916553497314|O=7.335505870287307e-06
Yaaaaaa	NORM=0.9999948740005493|O=4.239688678353559e-06

SEKARANG	NORM=0.9999961853027344|O=2.825802539518918e-06
AKU	NORM=0.9999921321868896|O=6.845498319307808e-06
UDAH	NORM=0.9999938011169434|O=4.717906904261326e-06
PERCAYA	NORM=0.9999958276748657|O=2.8567346816998906e-06
KAK	NORM=0.9999963045120239|O=2.9005664146097843e-06
KALO	NORM=0.9999964237213135|O=2.673896460692049e-06
PRODUK	NORM=0.9999954700469971|O=3.5447196751192678e-06
PEMUTIH@CARASEHATID	NORM=0.9999960660934448|O=2.5311057925136993e-06
DIJAMIN	NORM=0.9999948740005493|O=3.4174108805018477e-06
100AMPUH	NORM=0.9999949932098389|O=4.096008069609525e-06
BUKTINYA	NORM=0.9999954700469971|O=3.309895419079112e-06
AKU	NORM=0.9999935626983643|O=5.490740022651153e-06
UDAH	NORM=0.9999947547912598|O=4.2213391679979395e-06
COBA	NORM=0.9999963045120239|O=2.774426093310467e-06
DAN	NORM=0.9999922513961792|O=6.177137038321234e-06
HASILNYA	NORM=0.9999940395355225|O=4.644479759008391e-06
MEMUASKAN	NORM=0.9999943971633911|O=4.114154307899298e-06
HANYA	NORM=0.9999938011169434|O=4.753286248160293e-06
DALAM	NORM=0.9999934434890747|O=4.2652563934098e-06
10	O=0.9961109757423401|NORM=0.003871481167152524
HARI	NORM=0.99998939037323|O=8.456158866465557e-06
KAK	NORM=0.9999963045120239|O=2.9848815756849945e-06
:)	O=0.9999949932098389|NORM=2.694879867704003e-06
AKU	NORM=0.9999934434890747|O=5.598441930487752e-06
SENENG	NORM=0.999993085861206|O=5.156241059012245e-06
BANGET.	NORM=0.9999935626983643|O=5.02233751831227e-06
ADD	NORM=0.9999957084655762|O=3.315488129373989e-06
5FB2512C.	NORM=0.9999927282333374|O=6.173870588099817e-06

Bodoh	NORM=0.9999943971633911|O=4.053713382745627e-06
banget	O=0.9999938011169434|NORM=4.9860068429552484e-06
sih.......	O=0.9999903440475464|NORM=8.924943358579185e-06
semua	O=0.9999868869781494|NORM=1.2025599971821066e-05
orang	O=0.999994158744812|NORM=4.9473910621600226e-06
kalo	NORM=0.9999821186065674|O=1.7034024494932964e-05
pasang	O=0.9999933242797852|NORM=5.602303190244129e-06
muka	O=0.9999878406524658|NORM=1.0654263860487845e-05
kek	NORM=0.9999866485595703|O=1.2965437235834543e-05
gitu	NORM=0.9999656677246094|O=3.385988384252414e-05
pastinyalah	O=0.9999855756759644|NORM=1.4241836652217899e-05
keliatan	NORM=0.9999743700027466|O=2.4395223590545356e-05
lipetan	NORM=0.9990273714065552|O=0.0009719713125377893
banyak	O=0.9999963045120239|NORM=3.2622708658891497e-06
mata	O=0.999993085861206|NORM=6.295215371210361e-06
bahkan	O=0.9999948740005493|NORM=4.508943675318733e-06
bayipun	O=0.9999698400497437|NORM=2.9345859729801305e-05
kalo	NORM=0.9999837875366211|O=1.5240274478856008e-05
pasang	O=0.9999955892562866|NORM=3.615405830714735e-06
muka	O=0.9999920129776001|NORM=6.776890586479567e-06
kek	NORM=0.9999881982803345|O=1.1388414350221865e-05
gitu	NORM=0.9999746084213257|O=2.4955248591140844e-05
juga	O=0.9999957084655762|NORM=3.7941269965813262e-06
keliatan	NORM=0.9999814033508301|O=1.7722910342854448e-05
lipetan	NORM=0.9995236396789551|O=0.0004759049043059349
di	O=0.9999938011169434|NORM=5.730305474571651e-06
daerah	O=0.999994158744812|NORM=5.210090876062168e-06
mata	O=0.9999833106994629|NORM=1.610995241208002e-05
ngomong	NORM=0.9998565912246704|O=0.0001425464142812416
sana	O=0.9999749660491943|NORM=2.4967966965050437e-05
sama	O=0.9999911785125732|NORM=8.234300366893876e-06
manequen	O=0.9998711347579956|NORM=0.00012673194578383118
yg	NORM=0.9999759197235107|O=2.306527312612161e-05
g	NORM=0.9999598264694214|O=3.964401184930466e-05
bisa	O=0.9999523162841797|NORM=4.505693505052477e-05
keriput	O=0.9999799728393555|NORM=1.9574425095925108e-05

@rinanose16	NORM=0.9999946355819702|O=3.5609598398878006e-06
kak	O=0.9999891519546509|NORM=7.911299690022133e-06
Rina	NORM=0.9999942779541016|O=3.922303221770562e-06
jadi	O=0.9999912977218628|NORM=6.951171144464752e-06
keliatan	NORM=0.9999784231185913|O=2.0642626623157412e-05
abg	NORM=0.9999370574951172|O=6.23507221462205e-05
pake	NORM=0.9999914169311523|O=7.614162768732058e-06
hijab	O=0.9999706745147705|NORM=2.5039611500687897e-05
subhanallah	O=0.9999775886535645|NORM=2.126824256265536e-05

Bawa	NORM=0.9999943971633911|O=4.683739462052472e-06
aku	O=0.999970555305481|NORM=2.8570289941853844e-05
ksni.	NORM=0.9932054281234741|O=0.006792652886360884
Please	NORM=0.999984622001648|O=9.740751011122484e-06
@alsyatta_munawwarah	NORM=0.9999942779541016|O=4.083959993295139e-06
??	O=0.9999951124191284|NORM=3.2967764127533883e-06

boleh	O=0.9999107122421265|NORM=8.758049079915509e-05
tu	NORM=0.9989049434661865|O=0.0010933837620541453
bang	O=0.9999772310256958|NORM=2.146331280528102e-05
mnta	NORM=0.9999880790710449|O=1.085381973098265e-05
alisnya	O=0.9999798536300659|NORM=1.9606633941293694e-05
?@bramastavrl	NORM=0.9999949932098389|O=3.4779011457430897e-06

Iyaaa	NORM=0.9999899864196777|O=8.692931260156911e-06
kak,	O=0.9999843835830688|NORM=1.356646043859655e-05
happy	O=0.9999914169311523|NORM=6.9873617576377e-06
terus	O=0.9999959468841553|NORM=2.8407384888851084e-06
yaa,	NORM=0.9999649524688721|O=3.3384887501597404e-05
semoga	O=0.9999873638153076|NORM=1.0801241842273157e-05
sukses	O=0.999995231628418|NORM=3.863655365421437e-06
selalu?	O=0.9999940395355225|NORM=5.316752321959939e-06
@karinasalim	NORM=0.9999961853027344|O=2.527733840906876e-06

Slalu	NORM=0.999894380569458|O=9.351343760499731e-05
bahagia	O=0.9999822378158569|NORM=1.5985422578523867e-05
liad	NORM=0.9999730587005615|O=2.5585748517187312e-05
kluarga	NORM=0.9999794960021973|O=1.9837742001982406e-05
ini	O=0.9997480511665344|NORM=0.00022850917594041675

Cek	NORM=0.999995231628418|O=4.034383437101496e-06
ig	O=0.9999217987060547|NORM=6.727307481924072e-05
kita	O=0.9999842643737793|NORM=1.2980833162146155e-05
yuk	O=0.9999886751174927|NORM=1.0583435141597874e-05
sist,	O=0.9999871253967285|NORM=1.1437959074100945e-05
ada	O=0.9999822378158569|NORM=1.536578929517418e-05
slingbag	O=0.9999103546142578|NORM=8.543538569938391e-05
dan	O=0.9999951124191284|NORM=3.1792535537533695e-06
hijab	O=0.9999872446060181|NORM=1.1417527275625616e-05
murah	O=0.9999948740005493|NORM=3.7952602269797353e-06
loooh...	NORM=0.9986621141433716|O=0.001336887595243752
?	O=0.9999948740005493|NORM=3.648787469501258e-06
kualitasnya	O=0.9999914169311523|NORM=7.955578439577948e-06
oke	O=0.9999923706054688|NORM=6.966356522752903e-06
kok	O=0.999996542930603|NORM=2.337428895771154e-06
?	O=0.9999973773956299|NORM=1.6056427512012306e-06
minat	O=0.9999921321868896|NORM=7.2838056439650245e-06
bisa	O=0.9999948740005493|NORM=4.483430529944599e-06
langsung	O=0.9999911785125732|NORM=8.002678441698663e-06
di	O=0.9999827146530151|NORM=1.6533365851501003e-05
order	O=0.9999887943267822|NORM=9.514637895335909e-06
ya	O=0.9999954700469971|NORM=2.990207121911226e-06
?	O=0.9999974966049194|NORM=1.5172405483099283e-06
mari	O=0.9990359544754028|NORM=0.00094101537251845
sista	O=0.9999790191650391|NORM=1.9022332708118483e-05
??	O=0.9999977350234985|NORM=1.6075371149781859e-06

Ada	NORM=0.9999738931655884|O=2.275389306305442e-05
brondong	O=0.9999874830245972|NORM=1.153852826973889e-05
hot	O=0.9999908208847046|NORM=8.123825864458922e-06
gak	NORM=0.9999744892120361|O=2.4583045160397887e-05

anaknya	O=0.9999639987945557|NORM=3.4443160984665155e-05
lucuuuu	NORM=0.9996479749679565|O=0.00035158658283762634
banget	O=0.9999943971633911|NORM=5.2082091315242e-06

Jelek	NORM=0.9999948740005493|O=4.184396857453976e-06
wak	NORM=0.9992567896842957|O=0.0007425424410030246
kakak	O=0.9999878406524658|NORM=1.1524214642122388e-05
pakek	NORM=0.9999796152114868|O=2.004989073611796e-05
jilbab	O=0.9999836683273315|NORM=1.511841401224956e-05
,	O=0.9999960660934448|NORM=2.6860946036322275e-06
cantiknyaa	NORM=0.9096283316612244|O=0.09034787863492966
itu	O=0.999995231628418|NORM=3.915930392395239e-06
natural	O=0.9999924898147583|NORM=6.176537226565415e-06
kak	O=0.9999942779541016|NORM=3.839966666419059e-06

@ayuwirawancook	NORM=0.9999951124191284|O=3.8185767152754124e-06
@nirapradji	NORM=0.9999957084655762|O=3.0485709885397227e-06
ahahahanjirrr	O=0.9994701743125916|NORM=0.0005294040311127901

Lucu	NORM=0.9999946355819702|O=3.9947703953657765e-06
kl	NORM=0.999988317489624|O=9.092235814023297e-06

Konsultasi	NORM=0.9999924898147583|O=6.342818778648507e-06
gratis	O=0.999995231628418|NORM=3.906433903466677e-06
yuk	O=0.999994158744812|NORM=5.247779881756287e-06
bunda..pin	NORM=0.9996811151504517|O=0.0003176858590450138
5EAE0FBE	NORM=0.9999954700469971|O=3.600829586503096e-06
tlp	O=0.9071973562240601|NORM=0.09274872392416
083831143211	O=0.9999792575836182|NORM=2.0123368813074194e-05

Ngakak	NORM=0.9999860525131226|O=1.084290306607727e-05
gue	O=0.9999858140945435|NORM=1.127915493270848e-05
lihat	O=0.999994158744812|NORM=4.732355137093691e-06
muljem	O=0.9998565912246704|NORM=0.00014299299800768495
gini	NORM=0.9999889135360718|O=9.236981895810459e-06
baju	O=0.9999877214431763|NORM=1.1482459740363993e-05
sama	O=0.9999936819076538|NORM=4.868949872616213e-06
rok	O=0.9999945163726807|NORM=4.43993485532701e-06
nya	O=0.9999958276748657|NORM=3.057040657949983e-06
astaga	O=0.9908847212791443|NORM=0.009113739244639874
haha	O=0.999996542930603|NORM=2.4683415631443495e-06
persis	O=0.9999896287918091|NORM=9.53743074205704e-06
kaya	NORM=0.9999923706054688|O=6.714715254929615e-06
pengemis	O=0.9999865293502808|NORM=1.3159656191419344e-05
beda	O=0.9999921321868896|NORM=5.795255674456712e-06
jauh	O=0.999996542930603|NORM=2.7360172225598944e-06
sama	O=0.9999960660934448|NORM=2.765179942798568e-06
bunda	O=0.9999955892562866|NORM=3.2856573852768634e-06
maya	O=0.9999960660934448|NORM=3.1764259347255575e-06
@reinemulanjameela	NORM=0.9999954700469971|O=3.0987289392214734e-06
@realmulanjamela	NORM=0.9999959468841553|O=2.7894518552784575e-06
@mulanjameelafans_thesimplegirl	NORM=0.9999947547912598|O=3.677285576486611e-06
@jameelianz_mjz	NORM=0.9999959468841553|O=2.884021341742482e-06
@mulanjameela_ahmaddhani	NORM=0.9999948740005493|O=3.7653915114788106e-06
@mulanjameela_1	NORM=0.9999961853027344|O=2.6103814434463857e-06
@mulanjameelaqueen	NORM=0.9999949932098389|O=3.354292630319833e-06

Bantu	NORM=0.9999938011169434|O=5.327928192855325e-06
follow	O=0.9999914169311523|NORM=7.048668521747459e-06
saya	O=0.9999887943267822|NORM=9.700039299787022e-06
nanti	O=0.9999934434890747|NORM=5.297117695590714e-06
minta	NORM=0.9999574422836304|O=4.1702038288349286e-05
flbck	O=0.99967360496521|NORM=0.0003249520086683333
coment	NORM=0.9994211196899414|O=0.0005778611521236598
aja	NORM=0.9999823570251465|O=1.7018537619151175e-05
,	O=0.9999951124191284|NORM=3.73585839952284e-06
tp	NORM=0.9999722242355347|O=2.6790861738845706e-05
klo	NORM=0.9999874830245972|O=1.1486388757475652e-05
ujungnya	O=0.9999867677688599|NORM=1.2342787158559076e-05
unfollow	O=0.9999867677688599|NORM=1.1132482541142963e-05
mending	O=0.9999840259552002|NORM=1.4909146557329223e-05
gak	NORM=0.9999827146530151|O=1.6242383935605176e-05
usah	O=0.9999898672103882|NORM=9.326091458206065e-06

Ass..ka	NORM=0.9999897480010986|O=9.856102224148344e-06
ica	O=0.999981164932251|NORM=1.752418393152766e-05
aku	O=0.999990701675415|NORM=8.114911906886846e-06
mau	O=0.9999932050704956|NORM=4.690949026553426e-06
endorse	O=0.9999880790710449|NORM=1.098243137676036e-05
hub	NORM=0.9998308420181274|O=0.00016844435594975948
kmn	NORM=0.9998738765716553|O=0.00012551469262689352
ya	O=0.9999899864196777|NORM=6.993685019551776e-06

Jambi	NORM=0.999995231628418|O=3.7972167774569243e-06
kan	O=0.9999680519104004|NORM=3.110417310381308e-05
blm	NORM=0.9999717473983765|O=2.7436301024863496e-05

@raditya_dika	NORM=0.999995231628418|O=3.421305564188515e-06
namanya	O=0.9999858140945435|NORM=1.2980074643564876e-05
tom	O=0.9999747276306152|NORM=2.2498130419990048e-05
atau	O=0.9999933242797852|NORM=4.421224275574787e-06
gak	NORM=0.9999903440475464|O=8.635951417090837e-06
loly	O=0.9999833106994629|NORM=1.59163919306593e-05
aja	NORM=0.9999860525131226|O=1.3093214874970727e-05
bang	O=0.9999947547912598|NORM=4.074726348335389e-06

My	NORM=0.9999885559082031|O=7.97290340415202e-06
baby?	O=0.999985933303833|NORM=1.3618137927551288e-05
Bedak	NORM=0.9999890327453613|O=8.955122211773414e-06
kali	O=0.9999567270278931|NORM=4.161781907896511e-05
ah	O=0.9999843835830688|NORM=1.483868072682526e-05
my	O=0.9999861717224121|NORM=1.2831231288146228e-05
baby...	O=0.9999730587005615|NORM=2.6143385184695944e-05
tp	NORM=0.9999599456787109|O=3.843569720629603e-05
sosweet	O=0.9999094009399414|NORM=8.993079973151907e-05
ughaa	NORM=0.9727800488471985|O=0.02721874974668026

Subhanalloh	NORM=0.9999924898147583|O=6.337643299048068e-06
cantiknya	O=0.9999231100082397|NORM=7.64552314649336e-05
bunda,,,,,	O=0.9998493194580078|NORM=0.00014950799231883138

ga	NORM=0.9999567270278931|O=4.272706792107783e-05
cell	O=0.9997467398643494|NORM=0.00025183436810038984
itu	O=0.9999951124191284|NORM=3.6593610275303945e-06
sg	NORM=0.9999452829360962|O=5.412396785686724e-05
ndk	NORM=0.9911385178565979|O=0.008859746158123016
bali,	O=0.9999480247497559|NORM=5.1035534852417186e-05
sg	NORM=0.9999492168426514|O=5.0372509576845914e-05
py	O=0.7389138340950012|NORM=0.2610847055912018
e	O=0.9890118837356567|NORM=0.010967792943120003
snsd	O=0.9999788999557495|NORM=2.0514426068984903e-05
ternyata	O=0.9999823570251465|NORM=1.5346138752647676e-05
ndk	NORM=0.9972336888313293|O=0.0027651444543153048
thailand	O=0.9999910593032837|NORM=7.10445692675421e-06
namae	NORM=0.9669103026390076|O=0.03308742120862007
lek	O=0.9990567564964294|NORM=0.0009421094437129796
ga	NORM=0.9999630451202393|O=3.6424637073650956e-05
salah	O=0.9999666213989258|NORM=3.200153514626436e-05
koh	O=0.9999697208404541|NORM=2.6669555154512636e-05
samui	O=0.9999759197235107|NORM=2.287410279677715e-05
island	O=0.9999855756759644|NORM=1.2563032214529812e-05

Untung	NORM=0.9999902248382568|O=8.04480350780068e-06
la	NORM=0.9999351501464844|O=6.386098539223894e-05
kau	O=0.9999877214431763|NORM=1.1838820682896767e-05
@atyrasarlis	NORM=0.999994158744812|O=3.6773783449461916e-06
ada	O=0.9999860525131226|NORM=1.2737496035697404e-05
sma	NORM=0.9999924898147583|O=5.620262527372688e-06
rupa	O=0.999987006187439|NORM=9.478956599195953e-06
mu	O=0.9999927282333374|NORM=4.466870450414717e-06
kan	O=0.9999887943267822|NORM=9.509069059276953e-06
@beecarlsen	NORM=0.9999946355819702|O=3.2768145956652006e-06

@fujilasmini	NORM=0.9999933242797852|O=3.8040382150938967e-06
seneng	NORM=0.9999524354934692|O=4.537803397397511e-05
liat	NORM=0.9999960660934448|O=3.2571440442552557e-06
pasangan	O=0.9999808073043823|NORM=1.656998756516259e-05
ini	O=0.9999918937683105|NORM=5.909673745918553e-06

Pan	NORM=0.9999916553497314|O=7.409802492475137e-06
kapan	O=0.9999301433563232|NORM=6.575273437192664e-05
aja	NORM=0.9999914169311523|O=7.578115400974639e-06
@muttawklh	NORM=0.9999959468841553|O=2.7553242034628056e-06

Duhh	NORM=0.9999938011169434|O=4.9810118980531115e-06

Alhamdulilah	NORM=0.9999891519546509|O=9.738723747432232e-06
pd	NORM=0.9999902248382568|O=9.136880180449225e-06
akur	O=0.999903678894043|NORM=9.47966254898347e-05
@bigbrobo	NORM=0.9999954700469971|O=3.0458386390819214e-06
??	O=0.9999942779541016|NORM=3.697109150380129e-06

Pingin	NORM=0.9999960660934448|O=2.72461124950496e-06
@imam_m_hidayat	NORM=0.999994158744812|O=5.056385361967841e-06
kpn	NORM=0.9999521970748901|O=4.69280821562279e-05
km	NORM=0.9999773502349854|O=2.1772870240965858e-05
peka	O=0.8422556519508362|NORM=0.15773998200893402

@hannadeliabettay	NORM=0.9999953508377075|O=3.3412738957849797e-06
hadeehh,	NORM=0.9989340901374817|O=0.0010640413966029882
org	NORM=0.9999790191650391|O=2.0036499336129054e-05
pu	NORM=0.9388604164123535|O=0.0611385814845562
suamiiiii	NORM=0.994752049446106|O=0.005247221793979406
??	O=0.9999910593032837|NORM=7.900306627561804e-06

selamat	O=0.9999837875366211|NORM=1.4756963537365664e-05
ulang	O=0.9999841451644897|NORM=1.4121299500402529e-05
tahun	O=0.9999803304672241|NORM=1.1336011084495112e-05
kaak,	NORM=0.9999167919158936|O=8.238145528594032e-05
sukses	O=0.9999896287918091|NORM=9.44030580285471e-06
selalu..	O=0.9999750852584839|NORM=2.417487485217862e-05
@tulusm	NORM=0.9999951124191284|O=3.5729765386349754e-06

naksir	NORM=0.9999856948852539|O=1.3877196579414885e-05
jaket	O=0.9999432563781738|NORM=5.067697566119023e-05
nya	O=0.9999876022338867|NORM=9.309017514169682e-06
????	O=0.9999929666519165|NORM=5.965432592347497e-06

Semogaa	NORM=0.9999822378158569|O=1.677758336882107e-05
kepelesett	NORM=0.9963780045509338|O=0.0036203444469720125
tuh!	O=0.9999797344207764|NORM=1.688991869741585e-05

@erdin_sudin_	NORM=0.9999936819076538|O=4.085165073774988e-06
tpi	NORM=0.9999899864196777|O=9.084086741495412e-06
itu	O=0.9999722242355347|NORM=2.2221551262191497e-05
dulu	O=0.9999871253967285|NORM=1.1406000339775346e-05

Kaka	NORM=0.9999926090240479|O=6.70877716402174e-06
cantik	O=0.9999943971633911|NORM=4.534547770163044e-06
banget	O=0.9999947547912598|NORM=4.66575284008286e-06

Cocok	NORM=0.9999959468841553|O=2.7999449230264872e-06
jg	NORM=0.9999902248382568|O=7.969677426444832e-06
sama	O=0.999972939491272|NORM=2.27346972678788e-05
@jscmila	NORM=0.9999949932098389|O=2.7654039058688795e-06

BANYAK	NORM=0.9999948740005493|O=3.976419975515455e-06
YANG	NORM=0.9999878406524658|O=1.0404679414932616e-05
JUAL	NORM=0.9999954700469971|O=3.3638018521742197e-06
ALAT	NORM=0.9999946355819702|O=4.194236225885106e-06
PEMBESAR	NORM=0.9999935626983643|O=4.91490209242329e-06
PAYUDARA	NORM=0.9999929666519165|O=5.840557605552021e-06
MHCA	NORM=0.9999933242797852|O=5.483794666361064e-06
TAPI	NORM=0.999994158744812|O=4.429605269251624e-06
HANYADi@sweet.herbalid	NORM=0.9999889135360718|O=9.284267434850335e-06
KAMU	NORM=0.9999960660934448|O=3.197555315637146e-06
BISA	NORM=0.9999960660934448|O=2.8922129331476754e-06
DAPETIN	NORM=0.9999961853027344|O=3.0272233288997086e-06
ALAT	NORM=0.999992847442627|O=5.970969596091891e-06
PEMBESAR	NORM=0.9999920129776001|O=6.393130661308533e-06
PAYUDARA	NORM=0.9999901056289673|O=8.697443263372406e-06
TERMURAH	NORM=0.9999929666519165|O=6.045026111678453e-06
TERCEPAT	NORM=0.999993085861206|O=5.719049113395158e-06
DAN	NORM=0.9999915361404419|O=6.965924967516912e-06
TERBAIK	NORM=0.9999942779541016|O=4.8127963054866996e-06

seeeeettttt	NORM=0.9995898604393005|O=0.00040981476195156574
@raisa6690	NORM=0.9999953508377075|O=3.3420899399061454e-06
beruntung	O=0.9999749660491943|NORM=2.441623291815631e-05
bangettttttt	NORM=0.9996774196624756|O=0.00032220990397036076
huhuhuhuhuhuhuuu	O=0.9999269247055054|NORM=7.030440610833466e-05

Bunda	NORM=0.999951958656311|O=4.350178278400563e-05
cantiknya	O=0.999988317489624|NORM=1.10642740764888e-05
tidak	O=0.9999889135360718|NORM=9.513460099697113e-06
bosan	O=0.9999855756759644|NORM=1.3048208529653493e-05
saya	O=0.9999758005142212|NORM=2.3537313609267585e-05
lihat...usianya	O=0.9999604225158691|NORM=3.917544017895125e-05
sudah	O=0.9999927282333374|NORM=6.407191904145293e-06
40	O=0.9999934434890747|NORM=5.863861133548198e-06
thnan	NORM=0.9992111921310425|O=0.0007878370815888047
tpi	NORM=0.999956488609314|O=4.300816362956539e-05
seperti	O=0.9999942779541016|NORM=4.539323981589405e-06
Abg...?????????	NORM=0.9999793767929077|O=1.9106426407233812e-05

Balikan	NORM=0.9999910593032837|O=8.084202818281483e-06
dongggg	NORM=0.9999880790710449|O=1.1230794370931108e-05
?	O=0.9999904632568359|NORM=5.641430561809102e-06
@ralineshah	NORM=0.9999960660934448|O=2.9163650197006064e-06
@seungriseyo	NORM=0.9999961853027344|O=2.8750037017744035e-06

Merinding	NORM=0.9999936819076538|O=3.876756181853125e-06
ngelihatnya..	NORM=0.8864100575447083|O=0.11354144662618637

Aku	NORM=0.9999904632568359|O=8.530768354830798e-06
kira	O=0.9999263286590576|NORM=6.861298606963828e-05
iklan	O=0.9999814033508301|NORM=1.5217988220683765e-05
Pantine,	NORM=0.9999836683273315|O=1.4615476175094955e-05
pertama	O=0.9999909400939941|NORM=5.894257355976151e-06
kali	O=0.9999879598617554|NORM=8.172375601134263e-06
lihat	O=0.9999945163726807|NORM=4.440332759259036e-06
yg	NORM=0.9999920129776001|O=6.914099230925785e-06
bikin	O=0.9999899864196777|NORM=8.2861242844956e-06
menarik	O=0.9999936819076538|NORM=5.1938263823103625e-06
itu	O=0.999995231628418|NORM=3.7905740555288503e-06
rambutnya.	O=0.9999889135360718|NORM=9.494669939158484e-06
Pas	NORM=0.9999911785125732|O=7.562540758954128e-06
baca	O=0.9999918937683105|NORM=5.843075086886529e-06
caption	O=0.9999690055847168|NORM=2.9276874556671828e-05
baru	O=0.999995231628418|NORM=3.6236338019079994e-06
nggeh	NORM=0.999937891960144|O=6.0634021792793646e-05
kalo	NORM=0.9999912977218628|O=7.487034963560291e-06
ini	O=0.9999915361404419|NORM=6.117562861618353e-06
buzzer	O=0.9999639987945557|NORM=2.8454051061999053e-05
Loreal.	NORM=0.9999804496765137|O=1.8198321413365193e-05

D.apa	NORM=0.9999843835830688|O=1.521638023405103e-05
apain	NORM=0.9999300241470337|O=6.918594590388238e-05
aj	NORM=0.9999852180480957|O=1.4163232663122471e-05
tetep	NORM=0.9979724287986755|O=0.0020265430212020874
cantik	O=0.9999874830245972|NORM=1.0956303412967827e-05
....?	O=0.9999967813491821|NORM=2.454251443850808e-06
emng	NORM=0.9887616038322449|O=0.011237159371376038
dsar	NORM=0.9988160133361816|O=0.001182633568532765
.y	NORM=0.9988036155700684|O=0.001194000244140625
udh	NORM=0.9999874830245972|O=1.2064629117958248e-05
cantik	O=0.9999904632568359|NORM=8.31776560517028e-06
dri	NORM=0.9999864101409912|O=1.2684066859947052e-05
dlu....	NORM=0.9999536275863647|O=4.574158083414659e-05
?	O=0.9999964237213135|NORM=2.49970094046148e-06

Tampilannya	NORM=0.9999951124191284|O=3.694204679050017e-06
yg	NORM=0.9999914169311523|O=7.223507054732181e-06
natural	O=0.9999831914901733|NORM=1.623071511858143e-05
aja,	NORM=0.9995372295379639|O=0.0004597938386723399
gak	NORM=0.999987006187439|O=1.2037993656122126e-05
usah	O=0.9999903440475464|NORM=8.879643246473279e-06
makeup.	O=0.9999865293502808|NORM=1.2783234524249565e-05
Innerbeauty	NORM=0.9999866485595703|O=1.1492591511341743e-05
nya	O=0.9999827146530151|NORM=1.4627620657847729e-05
lbih	NORM=0.9999773502349854|O=2.1905541871092282e-05
keluar	O=0.9999786615371704|NORM=2.0293449779273942e-05
klu	NORM=0.9999911785125732|O=7.758593710605055e-06
natural.	O=0.999992847442627|NORM=6.566276169905905e-06

Keeeeeren	NORM=0.9999942779541016|O=4.338845428719651e-06
bnget	NORM=0.9999891519546509|O=9.599706572771538e-06

Afifah	NORM=0.9999949932098389|O=3.848074811685365e-06
putri	O=0.9999912977218628|NORM=6.977412340347655e-06
slavina	O=0.9999873638153076|NORM=1.1138415175082628e-05
afifah	O=0.999976634979248|NORM=2.0601624783012085e-05
arti	O=0.9999912977218628|NORM=7.436092346324585e-06
harga	O=0.999990701675415|NORM=7.75008538766997e-06
diri	O=0.9999936819076538|NORM=5.198791768634692e-06
putri	O=0.9999921321868896|NORM=7.013985396042699e-06
arti	O=0.9999926090240479|NORM=6.2600461205875035e-06
putri	O=0.9999947547912598|NORM=4.132575213589007e-06
putri	O=0.9999949932098389|NORM=3.861908226099331e-06
yg	NORM=0.9999774694442749|O=2.1003444999223575e-05
cantik	O=0.9999961853027344|NORM=2.7250634957454167e-06
slavina	O=0.9999926090240479|NORM=6.1842533796152566e-06
dari	O=0.9999951124191284|NORM=3.3787637221394107e-06
nama	O=0.9999946355819702|NORM=3.994774033344584e-06
mb	NORM=0.9999319314956665|O=6.676142947981134e-05
nagita	O=0.9999934434890747|NORM=5.257423708826536e-06

@alghazali7	NORM=0.9999957084655762|O=3.1040444810059853e-06
kamu	O=0.9999918937683105|NORM=7.141634796425933e-06
g	NORM=0.9999940395355225|O=4.900540261587594e-06
eneg	O=0.9989872574806213|NORM=0.0010085871908813715
apa	O=0.999981164932251|NORM=1.7634258256293833e-05
liat	NORM=0.9999885559082031|O=1.0735469004430342e-05
kelakuan	O=0.9999537467956543|NORM=4.048759728902951e-05
emak	O=0.9999927282333374|NORM=5.425421022664523e-06
tirimu	O=0.999993085861206|NORM=6.042352197255241e-06
yg	NORM=0.9999915361404419|O=7.076203019096283e-06
bnyk	NORM=0.999990701675415|O=8.819127288006712e-06
tingkah	O=0.9999306201934814|NORM=6.16529505350627e-05
beserta	O=0.9999957084655762|NORM=3.193808879586868e-06
anakny	NORM=0.9999932050704956|O=5.768821665697033e-06
dan	O=0.9999960660934448|NORM=2.947164830402471e-06
staf2nya..	O=0.5128297209739685|NORM=0.4871668219566345

Lucuuuu!!	NORM=0.9999905824661255|O=7.949884093250148e-06
@ramawahana_	NORM=0.9999949932098389|O=3.3004566830641124e-06

Iya	NORM=0.9999833106994629|O=1.3591777133115102e-05
bener	NORM=0.9999496936798096|O=4.945192631566897e-05
itu	O=0.9999678134918213|NORM=2.5836967324721627e-05
di	O=0.9999501705169678|NORM=4.521132359514013e-05
korea	O=0.9998927116394043|NORM=0.00010334257240174338
bkn	NORM=0.9999921321868896|O=7.347944119828753e-06

^faggot	NORM=0.922683835029602|O=0.07731457054615021
kys	NORM=0.9977831244468689|O=0.002216027118265629
please	O=0.99994957447052|NORM=4.617336526280269e-05
lu	O=0.9999905824661255|NORM=8.495437214151025e-06
kaya	NORM=0.9999691247940063|O=3.0043676815694198e-05
g	NORM=0.9999808073043823|O=1.875390444183722e-05
ngerti	NORM=0.9989386200904846|O=0.001059260219335556
aja	NORM=0.9999542236328125|O=4.477277980186045e-05

Mirip	NORM=0.999995231628418|O=3.7827157939318568e-06
bat	NORM=0.9999711513519287|O=2.8237560400157236e-05
@arianagrande	NORM=0.9999949932098389|O=3.2202713100559777e-06

Edyan	NORM=0.9999935626983643|O=5.552163202082738e-06
15	O=0.99997878074646|NORM=2.0077886802027933e-05
tahun	O=0.9999620914459229|NORM=2.9595459636766464e-05
pacarane	O=0.7184016108512878|NORM=0.2813990116119385
wes	O=0.999910831451416|NORM=8.862047252478078e-05
koyp	O=0.8599748015403748|NORM=0.1400224268436432
ngene,,,	O=0.9920853972434998|NORM=0.007912809029221535
rusakkk	NORM=0.9999911785125732|O=8.425487976637669e-06
indonesia	O=0.999975323677063|NORM=2.3696064090472646e-05
@desy_peg	NORM=0.999995231628418|O=3.663984898594208e-06

Teh	NORM=0.9998992681503296|O=9.502266766503453e-05
rinaaa	O=0.9994899034500122|NORM=0.0005037441733293235
cantik	O=0.9999957084655762|NORM=3.6281860502640484e-06
pake	NORM=0.999984860420227|O=1.3921961908636149e-05
hijab???	O=0.9996963739395142|NORM=0.00030275541939772666

Ahh	NORM=0.9999940395355225|O=4.830061698157806e-06
sudahlah	O=0.9999303817749023|NORM=6.901496817590669e-05
@ansharhernanda	NORM=0.9999958276748657|O=2.659292704265681e-06
@nh_harry	NORM=0.9999951124191284|O=2.961988684546668e-06

Yaoloh	NORM=0.9999880790710449|O=1.1223000001336914e-05
guee	NORM=0.8689616918563843|O=0.13102637231349945
@rossa_kusumadewi	NORM=0.9999958276748657|O=3.1969204883353086e-06
?	O=0.9999872446060181|NORM=8.25258484837832e-06

Oprasi	NORM=0.9999927282333374|O=5.99515669819084e-06
aj	NORM=0.9999765157699585|O=2.2981848815106787e-05
gya	NORM=0.9985635876655579|O=0.0014341213973239064
lu	O=0.9971796274185181|NORM=0.0028147404082119465
rel	O=0.9999657869338989|NORM=3.240483783883974e-05

Bener	NORM=0.9999877214431763|O=8.028917363844812e-06
banget	O=0.9999948740005493|NORM=4.078848178323824e-06
kata	O=0.9999861717224121|NORM=9.71808003669139e-06
@namirazhr22_	NORM=0.9999947547912598|O=3.1019792459119344e-06

Bener	NORM=0.9999924898147583|O=6.277628017414827e-06
bener	NORM=0.9999619722366333|O=3.71914247807581e-05
gak	NORM=0.9999853372573853|O=1.3887040950066876e-05
nyangka	NORM=0.9999626874923706|O=3.569627006072551e-05
sama	O=0.9999940395355225|NORM=4.6724421736143995e-06
produk@dr.fauzi_herbal.therapy	NORM=0.999990701675415|O=8.07700962468516e-06
,	O=0.9999936819076538|NORM=3.9722085602988955e-06
awalnya	O=0.9999911785125732|NORM=7.99321242084261e-06
sih	O=0.9999938011169434|NORM=5.352138487069169e-06
kayanya	O=0.9999886751174927|NORM=1.0778639079944696e-05
mustahil	O=0.9999953508377075|NORM=3.765274868783308e-06
bgt	NORM=0.9999861717224121|O=1.337379671895178e-05
bisa	O=0.9999903440475464|NORM=8.487757440889254e-06
begitu,	O=0.9999912977218628|NORM=8.308410542667843e-06
tapi	O=0.999995231628418|NORM=4.1915914152923506e-06
waktu	O=0.9999556541442871|NORM=4.3198240746278316e-05
di	NORM=0.6255512833595276|O=0.3744450509548187
coba,	O=0.9998815059661865|NORM=0.00011762071517296135
nyata!	O=0.9999943971633911|NORM=5.185673217056319e-06
tinggi	O=0.9999872446060181|NORM=1.2078256986569613e-05
aku	O=0.9999945163726807|NORM=5.134755156177562e-06
nambah	NORM=0.9999101161956787|O=8.813644672045484e-05
8cm	O=0.9999377727508545|NORM=6.003245653118938e-05
dan	O=0.9999957084655762|NORM=3.5810976442007814e-06
aku	O=0.9999914169311523|NORM=8.155415343935601e-06
berhasil	O=0.9999939203262329|NORM=5.509536094905343e-06
langsing	O=0.9999942779541016|NORM=5.311432687449269e-06
selama	O=0.9999921321868896|NORM=7.512882348237326e-06
24	O=0.9999254941940308|NORM=7.361197640420869e-05
hari.	O=0.9999864101409912|NORM=1.2848511687479913e-05
?	O=0.999996542930603|NORM=2.1887301500100875e-06
makasih	NORM=0.9998893737792969|O=0.00011033818736905232
ya	O=0.9999878406524658|NORM=8.623142093711067e-06
dok.	O=0.9999880790710449|NORM=9.713725376059301e-06
?	O=0.9999959468841553|NORM=2.2653355244983686e-06

Abanggg	NORM=0.9999939203262329|O=5.482652795762988e-06
jangan	O=0.9999628067016602|NORM=3.377847679075785e-05
seksii	NORM=0.99748295545578|O=0.0025152701418846846
gtuh	NORM=0.9997902512550354|O=0.00020839202625211328
dong	O=0.9999943971633911|NORM=4.00451881432673e-06
kan	O=0.9999959468841553|NORM=3.0257160688051954e-06
jadii	NORM=0.5892091393470764|O=0.41077733039855957
emeezzz	NORM=0.9986500144004822|O=0.0013486269162967801
ama	NORM=0.9999432563781738|O=5.576216062763706e-05
amohhh	O=0.9998161196708679|NORM=0.0001833266142057255
?????	O=0.9999960660934448|NORM=2.3736326966172783e-06

Lucuu	NORM=0.9999910593032837|O=7.972224011609796e-06
:-D	O=0.9999828338623047|NORM=1.4451579772867262e-05

giginya	O=0.9999865293502808|NORM=1.3270142517285421e-05
kuningggg	NORM=0.999914288520813|O=8.511237683705986e-05

Kak	NORM=0.9999843835830688|O=1.4983156688685995e-05
yuki	O=0.9999924898147583|NORM=6.333202691166662e-06
cantik	O=0.9999936819076538|NORM=5.193588549445849e-06
sekalii	NORM=0.9930776357650757|O=0.006918298080563545
pakai	O=0.9999794960021973|NORM=1.8405991795589216e-05
hijab..Smnagatin	NORM=0.9999946355819702|O=4.611724307324039e-06
pakai	O=0.9999730587005615|NORM=2.3632524971617386e-05
hijab	O=0.9999747276306152|NORM=2.1719306459999643e-05
ya	O=0.9999926090240479|NORM=5.124389190314105e-06
kk	NORM=0.9998487234115601|O=0.0001510151196271181

Bahagianya	NORM=0.9999938011169434|O=5.1465717660903465e-06
jd	NORM=0.999990701675415|O=7.4783597483474296e-06
de'mika	O=0.9800623059272766|NORM=0.019932398572564125

@jhonyprass	NORM=0.9999955892562866|O=3.051360181416385e-06
udh	NORM=0.9999915361404419|O=7.700449714320712e-06
siap	O=0.9999816417694092|NORM=1.7344606021651998e-05
wa	O=0.9999645948410034|NORM=3.275951894465834e-05

Cieeeee	NORM=0.9999911785125732|O=8.077145139395725e-06
so	NORM=0.9237711429595947|O=0.07615238428115845
sweety	O=0.9997455477714539|NORM=0.0002525245363358408

Ini	NORM=0.999981164932251|O=1.588398481544573e-05
caranya	O=0.9997515082359314|NORM=0.000234135368373245
gmn	NORM=0.9999922513961792|O=6.775903784728143e-06
si??	NORM=0.9999300241470337|O=6.921406020410359e-05
Krenn	NORM=0.9999959468841553|O=3.2286600344377803e-06
abis	NORM=0.9999923706054688|O=6.456579740188317e-06

Di	NORM=0.9999793767929077|O=1.8673832528293133e-05
luar	O=0.9999532699584961|NORM=4.569247175822966e-05
negri	NORM=0.8963170647621155|O=0.10357929021120071
cw	NORM=0.9997609257698059|O=0.00023856321058701724
umur	O=0.9999796152114868|NORM=1.9402279576752335e-05
15	O=0.9999908208847046|NORM=8.718842764210422e-06
tahun	O=0.9999911785125732|NORM=7.5173475124756806e-06
udah	NORM=0.999984622001648|O=1.4646115232608281e-05
pake	NORM=0.9999858140945435|O=1.3669650797965005e-05
make	NORM=0.9999490976333618|O=4.9804450100054964e-05
up,	O=0.9999033212661743|NORM=9.565058280713856e-05
gak	NORM=0.9999834299087524|O=1.5849247574806213e-05
ada	O=0.9994695782661438|NORM=0.0005128370830789208
salah	O=0.9999769926071167|NORM=2.2386782802641392e-05
nya	O=0.9999942779541016|NORM=5.254902134765871e-06
aurel	O=0.9999943971633911|NORM=4.670197995437775e-06
pake	NORM=0.9999840259552002|O=1.5410385458380915e-05
make	NORM=0.9999535083770752|O=4.5234846766106784e-05
up	O=0.9999581575393677|NORM=3.993701102444902e-05
di	O=0.9999932050704956|NORM=5.945544216956478e-06
umur	O=0.9999823570251465|NORM=1.6803542166599073e-05
yg	NORM=0.9999867677688599|O=1.2435334610927384e-05
segitu,	NORM=0.9981653094291687|O=0.0018336949869990349
semua	O=0.9999233484268188|NORM=7.618885138072073e-05
cw	NORM=0.999004065990448|O=0.0009943777695298195
pasti	O=0.999993085861206|NORM=6.60160321785952e-06
pengen	NORM=0.9999666213989258|O=3.2855456083780155e-05
tampil	O=0.9999837875366211|NORM=1.4247720173443668e-05
cantik	O=0.9999951124191284|NORM=4.160431672062259e-06
dan	O=0.9999945163726807|NORM=5.020417120249476e-06
make	NORM=0.9999691247940063|O=2.9973816708661616e-05
up	O=0.9999582767486572|NORM=4.1009327105712146e-05
adalah	O=0.9999954700469971|NORM=4.077947778569069e-06
salah	O=0.9999935626983643|NORM=6.036652848706581e-06
satu	O=0.9999953508377075|NORM=4.149472715653246e-06
cara	O=0.999994158744812|NORM=5.281186986394459e-06
untuk	O=0.9999868869781494|NORM=1.1539424122020137e-05
terlihat	O=0.9999927282333374|NORM=6.12143958278466e-06
cantik	O=0.9999943971633911|NORM=4.601714863383677e-06
.	O=0.9999948740005493|NORM=4.029705905850278e-06

knp	NORM=0.9999186992645264|O=7.764480687910691e-05
ini	O=0.999957799911499|NORM=3.789201218751259e-05
sweet	O=0.9999825954437256|NORM=1.55030229507247e-05
bgttt	NORM=0.9999765157699585|O=2.1936066332273185e-05

kangennn	NORM=0.9999326467514038|O=6.652803131146356e-05
hehe	O=0.9999927282333374|NORM=5.278420303511666e-06

Pinkkkk	NORM=0.9999957084655762|O=3.587729452192434e-06

Ini	NORM=0.9999858140945435|O=1.240506117028417e-05
Kapan	NORM=0.9999953508377075|O=3.3894245916599175e-06
tanyang	NORM=0.9975601434707642|O=0.0024388974998146296
nya	O=0.9999862909317017|NORM=1.1219512998650316e-05

Nmr	NORM=0.9999929666519165|O=5.632499323837692e-06
2..yg	NORM=0.9999845027923584|O=1.3576532182923984e-05
romantiz	NORM=0.6781037449836731|O=0.3218860626220703
ituu	NORM=0.9999427795410156|O=5.6089615100063384e-05

Kakak	NORM=0.9999936819076538|O=5.806760782434139e-06
nya	O=0.9999868869781494|NORM=9.431731086806394e-06
iqbaal	O=0.9995255470275879|NORM=0.0004733887908514589
nih	O=0.9999920129776001|NORM=7.088755864970153e-06
@titik_stfatimah	NORM=0.9999961853027344|O=2.722995759540936e-06
20y.o	NORM=0.9746373295783997|O=0.02536012977361679
udehh	NORM=0.9999690055847168|O=3.0618793971370906e-05
sarjana,	O=0.9999845027923584|NORM=1.4769812878512312e-05
pacarannya	O=0.9998934268951416|NORM=0.00010568545258138329
nya	O=0.9999891519546509|NORM=1.0087450391438324e-05
dari	O=0.9999663829803467|NORM=3.006921906489879e-05
sma	NORM=0.999990701675415|O=8.15340354165528e-06
sampe	NORM=0.9999769926071167|O=2.204817792517133e-05
skrang	NORM=0.9999741315841675|O=2.534650957386475e-05
sosweet	O=0.9997852444648743|NORM=0.00021410877525340766
mulu	O=0.9999780654907227|NORM=2.1297053535818122e-05

Kayak	NORM=0.9999960660934448|O=3.1618853881809628e-06
qm	NORM=0.9999228715896606|O=7.593471673317254e-05
@tewiy	NORM=0.9999955892562866|O=3.039223429368576e-06
lelah	O=0.9999672174453735|NORM=3.236723205191083e-05
bawa	O=0.9999746084213257|NORM=2.393812610534951e-05
holy	O=0.9999713897705078|NORM=2.6428437195136212e-05
mu	O=0.999984860420227|NORM=7.522801297454862e-06
,	O=0.9999954700469971|NORM=2.615058974697604e-06
@roman_diyas	NORM=0.9999948740005493|O=3.5743150874623097e-06

AMAZING!	NORM=0.9999815225601196|O=1.627767414902337e-05
SEHARI	NORM=0.9999926090240479|O=6.327703431452392e-06
BISA	NORM=0.9999963045120239|O=2.894211320381146e-06
DAPET	NORM=0.9999949932098389|O=3.937845121981809e-06
DUIT	NORM=0.9999872446060181|O=1.1491031727928203e-05
JUTAAN!	NORM=0.9999901056289673|O=8.756902388995513e-06
MAU	NORM=0.9999959468841553|O=3.39361190526688e-06
TAU	NORM=0.9999955892562866|O=3.6063215702597518e-06
CARA	NORM=0.9999884366989136|O=8.916182196117006e-06
NYA?	NORM=0.9999939203262329|O=4.9832547119876835e-06
LANGSUNG	NORM=0.9999938011169434|O=5.2367795433383435e-06
AJA	NORM=0.9999954700469971|O=3.818855020654155e-06
KEPOIN	NORM=0.9999964237213135|O=2.8605147690541344e-06
IG	NORM=0.9999872446060181|O=1.1486199582577683e-05
KITA??	NORM=0.9999920129776001|O=6.853349077573512e-06

Klo	NORM=0.9999932050704956|O=5.439069809654029e-06
diakhirat	O=0.9998283386230469|NORM=0.00017088535241782665
yg	NORM=0.9999674558639526|O=3.056016794289462e-05
ditanya	O=0.999942421913147|NORM=5.6827069784048945e-05
bkn	NORM=0.9999912977218628|O=8.171624358510599e-06
ibu	O=0.9999867677688599|NORM=1.1889997040270828e-05
tiri	O=0.9999933242797852|NORM=5.75802687308169e-06
tp	NORM=0.9999582767486572|O=4.0041242755251005e-05
ibu	O=0.9999860525131226|NORM=1.3231619050202426e-05
kndung	NORM=0.9999628067016602|O=3.6328605347080156e-05
mu..kita	O=0.999957799911499|NORM=4.193115819361992e-05
jd	NORM=0.9999792575836182|O=1.9783137759077363e-05
anak	O=0.9999849796295166|NORM=1.4185168765834533e-05
saja	O=0.9999920129776001|NORM=7.426133379340172e-06
klo	NORM=0.9999803304672241|O=1.7921252947417088e-05
salah	O=0.999991774559021|NORM=7.847957931517158e-06
orang	O=0.9999945163726807|NORM=4.8880524445849005e-06
pertama	O=0.9999951124191284|NORM=3.675596872199094e-06
yg	NORM=0.9999672174453735|O=3.080146052525379e-05
mrangkul	O=0.8355047702789307|NORM=0.16449150443077087
kita	O=0.9999656677246094|NORM=3.3717649785103276e-05
adlh	NORM=0.9999808073043823|O=1.8781700418912806e-05
ibu..dan	O=0.9999722242355347|NORM=2.7477082767290995e-05
knpa	NORM=0.9999830722808838|O=1.6201191101572476e-05
klo	NORM=0.9999845027923584|O=1.4153203665046021e-05
ibu	O=0.9999927282333374|NORM=6.717299129377352e-06
khilaf	O=0.9999935626983643|NORM=5.796048753836658e-06
salah	O=0.9999935626983643|NORM=5.903706551180221e-06
jd	NORM=0.9999730587005615|O=2.5960771381505765e-05
anak	O=0.9999886751174927|NORM=1.0606492651277222e-05
g	NORM=0.999976396560669|O=2.2747442926629446e-05
mau	O=0.9999938011169434|NORM=5.883608992007794e-06
merangkul..ingat	O=0.8970277309417725|NORM=0.10296422243118286
surga	O=0.9999688863754272|NORM=3.072579056606628e-05
neraka	O=0.9999825954437256|NORM=1.6895912267500535e-05
tetep	NORM=0.9999591112136841|O=4.030228592455387e-05
di	O=0.9999676942825317|NORM=3.204349923180416e-05
orang	O=0.9999891519546509|NORM=1.0393178854428697e-05
tua..wlo	NORM=0.9999703168869019|O=2.9005424948991276e-05
bnyak	NORM=0.9999837875366211|O=1.5634142982889898e-05
yg	NORM=0.999972939491272|O=2.5479383111814968e-05
bilang	O=0.9999785423278809|NORM=2.047849011432845e-05
orang	O=0.9999946355819702|NORM=4.694930339610437e-06
tua	O=0.999995231628418|NORM=4.10753273172304e-06
sperti	NORM=0.999924898147583|O=7.445280789397657e-05
apa..tp	NORM=0.9986036419868469|O=0.0013956468319520354
ingat	O=0.9999707937240601|NORM=2.8089263651054353e-05
lh	NORM=0.9999841451644897|O=1.5373250789707527e-05
manusiy	O=0.9978911280632019|NORM=0.002098825993016362
tx	NORM=0.999920129776001|O=7.881953206378967e-05
luput	O=0.9999634027481079|NORM=3.582992576411925e-05
dr	NORM=0.9999722242355347|O=2.659180790942628e-05
dosa..	O=0.9999885559082031|NORM=1.1050273315049708e-05

UDAHH	NORM=0.9999921321868896|O=6.98404255672358e-06
TAUUUUU	NORM=0.9999934434890747|O=5.8056630223290995e-06
AKKKKKKK	NORM=0.9999938011169434|O=5.552185939450283e-06
NGGA	NORM=0.999993085861206|O=5.89117871641065e-06
SABARRRRR	NORM=0.999992847442627|O=6.459785254264716e-06

@deibaslam	NORM=0.9999923706054688|O=6.501295047200983e-06
bbm	O=0.9999687671661377|NORM=2.960212077596225e-05
bae,	NORM=0.9998767375946045|O=0.000122523691970855
ak	NORM=0.9998660087585449|O=0.000133698878926225
wes	O=0.9999754428863525|NORM=2.3405931642628275e-05
cerito	NORM=0.652369499206543|O=0.34762564301490784
mbek	O=0.5730055570602417|NORM=0.42699068784713745
ade	NORM=0.9610335230827332|O=0.03896484524011612

Pengen	NORM=0.9999929666519165|O=5.9732656154665165e-06
baju'a	O=0.9994450211524963|NORM=0.0005533789517357945
bagus	O=0.9999755620956421|NORM=2.3137703465181403e-05
pengen	NORM=0.9999502897262573|O=4.830782927456312e-05
fto	NORM=0.9999494552612305|O=4.991568857803941e-05
gtu	NORM=0.9999741315841675|O=2.5406065105926245e-05
jg	NORM=0.999983549118042|O=1.5680427168263122e-05
@vitriat	NORM=0.9999959468841553|O=2.9008142519160174e-06

Chelsea	NORM=0.9998970031738281|O=0.00010013063729275018
glen	O=0.7535310983657837|NORM=0.2464619278907776
dulu	O=0.9999867677688599|NORM=1.2170729860372376e-05
gitu	NORM=0.9999780654907227|O=2.133439738827292e-05
kali	O=0.9999860525131226|NORM=1.1813446690212004e-05
..	O=0.999996542930603|NORM=2.5603544600016903e-06
bnyak	NORM=0.9999866485595703|O=1.26639824884478e-05
kayak	O=0.9999608993530273|NORM=3.8160600524861366e-05
gitu	NORM=0.9999788999557495|O=2.0621053408831358e-05
tp	NORM=0.9999560117721558|O=4.296313272789121e-05
bedanya	O=0.9993915557861328|NORM=0.000607056834269315
mereka	O=0.9999679327011108|NORM=3.061484676436521e-05
gak	NORM=0.9999327659606934|O=6.646304245805368e-05
berntung	O=0.9936841130256653|NORM=0.006313388701528311
merka	O=0.9800212979316711|NORM=0.019974341616034508
bisa	O=0.9999428987503052|NORM=5.5198921472765505e-05
jln2	NORM=0.9999673366546631|O=3.218691563233733e-05
romntis	O=0.7519270777702332|NORM=0.248060941696167
heheh	O=0.999993085861206|NORM=6.389187547028996e-06

Batikk	NORM=0.9999910593032837|O=7.642415766895283e-06

Kak	NORM=0.9999901056289673|O=9.073351975530386e-06
tetangga	O=0.9999874830245972|NORM=1.0823134289239533e-05
masa	O=0.9999816417694092|NORM=1.725594120216556e-05
gitu	NORM=0.9999891519546509|O=1.039387279888615e-05
masih	O=0.999974250793457|NORM=2.3346403395407833e-05
ada	O=0.9999672174453735|NORM=2.991624569403939e-05
gak?	NORM=0.9999735355377197|O=2.4231572751887143e-05

Beruntung	NORM=0.9999924898147583|O=5.5481768868048675e-06
bgt	NORM=0.999988317489624|O=1.022716151055647e-05
klo	NORM=0.99997878074646|O=1.6417032384197228e-05
bisa	O=0.9999831914901733|NORM=1.5060844816616736e-05
ktmu	NORM=0.9999417066574097|O=5.713274731533602e-05
sma	NORM=0.9999749660491943|O=2.1204168660915457e-05
ini	O=0.9999938011169434|NORM=5.082277311885264e-06
2	O=0.9999939203262329|NORM=3.0802270885033067e-06
org	NORM=0.9999672174453735|O=3.1266798032447696e-05
yg	NORM=0.9999305009841919|O=6.248411955311894e-05
sangat	O=0.999996542930603|NORM=2.432911742289434e-06
menginspirasi	O=0.9999916553497314|NORM=7.423291208397131e-06
?	O=0.999996542930603|NORM=2.1854368696949678e-06

Ihh	NORM=0.9999942779541016|O=5.063870503363432e-06
so	NORM=0.9994651675224304|O=0.0005317112081684172
sweet	O=0.999988317489624|NORM=9.571131158736534e-06
bgt	NORM=0.9999904632568359|O=9.121967195824254e-06
ka	NORM=0.9999765157699585|O=2.3064319975674152e-05
@dude2harlino	NORM=0.9999951124191284|O=3.2844498036865843e-06
sma	NORM=0.999990701675415|O=8.313421858474612e-06
ka	NORM=0.9999711513519287|O=2.8444947020034306e-05
@ichasoebandono	NORM=0.9999951124191284|O=3.184479055562406e-06
..	O=0.9999967813491821|NORM=2.2806912056694273e-06
semoga	O=0.999993085861206|NORM=5.228531790635316e-06
langgeng	O=0.9999901056289673|NORM=8.96063465916086e-06
ya..	O=0.9999830722808838|NORM=1.6335579857695848e-05
?	O=0.9999960660934448|NORM=2.368027708143927e-06
Aamiin	NORM=0.9999955892562866|O=3.749984671230777e-06
Ya	NORM=0.9999908208847046|O=8.076917765720282e-06
Rabb	NORM=0.9999799728393555|O=1.8363587514613755e-05
..	O=0.9999964237213135|NORM=2.7525309178599855e-06
??	O=0.9999966621398926|NORM=2.3388454337691655e-06

Cantik	NORM=0.999994158744812|O=4.3118593566759955e-06
sih	O=0.9999896287918091|NORM=8.089212315098848e-06
Kak	NORM=0.9999921321868896|O=7.101470600900939e-06
mila	O=0.9999827146530151|NORM=1.2965435416845139e-05
pake	NORM=0.9999924898147583|O=6.459721134888241e-06
hijab	O=0.999981164932251|NORM=1.7473765183240175e-05
tapi	O=0.9999938011169434|NORM=4.765177891385974e-06
bukannya	O=0.9999840259552002|NORM=1.565646925882902e-05
Kak	NORM=0.999994158744812|O=5.1599654398160055e-06
mila	O=0.9999827146530151|NORM=1.4205726984073408e-05
kristen	O=0.9999830722808838|NORM=1.5987325241439976e-05
??.....	O=0.999995231628418|NORM=4.085023647348862e-06

mas	O=0.9999905824661255|NORM=7.182210083556129e-06
@mumu0683	NORM=0.999995231628418|O=3.3185519896505866e-06
idolanya	O=0.9988158941268921|NORM=0.0011825737310573459
nih...cantik2	NORM=0.9999831914901733|O=1.5788642485858873e-05
banget	O=0.9999943971633911|NORM=5.114370196679374e-06
deh	O=0.9999880790710449|NORM=1.127606174122775e-05

Yikk	NORM=0.9999897480010986|O=8.989938578451984e-06
manteppp	NORM=0.9999656677246094|O=3.3874028304126114e-05

+jesslynmercylia17	NORM=0.999985933303833|O=1.315509325650055e-05
kamu	O=0.9999855756759644|NORM=1.3845784451405052e-05
orang	O=0.9999810457229614|NORM=1.7587935872143134e-05
islam	O=0.9999791383743286|NORM=1.9909643015125766e-05
kan	O=0.9999957084655762|NORM=3.968150394939585e-06
seharusnya	O=0.9999954700469971|NORM=4.024416284664767e-06
kamu	O=0.9999949932098389|NORM=4.645148692361545e-06
setuju	O=0.9999940395355225|NORM=5.418442469817819e-06
kk	NORM=0.999984860420227|O=1.4828686289547477e-05
mila	O=0.9999903440475464|NORM=8.39584299683338e-06
pake	NORM=0.9999805688858032|O=1.851480919867754e-05
hijab	O=0.9999830722808838|NORM=1.508902005298296e-05
kamu	O=0.9999959468841553|NORM=3.5376094729144825e-06
kok	O=0.9999963045120239|NORM=3.1618380944564706e-06
malah	O=0.9999946355819702|NORM=4.509054178924998e-06
gak	NORM=0.9999901056289673|O=9.15395503398031e-06
setuju	O=0.9999934434890747|NORM=5.981945378152886e-06
gimana	NORM=0.9999902248382568|O=9.135590516962111e-06
sih	O=0.9999948740005493|NORM=4.476210961001925e-06
kamu	O=0.9999966621398926|NORM=2.920778115367284e-06
gak	NORM=0.9999897480010986|O=9.491916898696218e-06
mau	O=0.9999945163726807|NORM=5.056493137090001e-06
masuk	O=0.9999916553497314|NORM=7.536158136645099e-06
surga	O=0.9999916553497314|NORM=7.843205821700394e-06
ya..	O=0.9999887943267822|NORM=1.0689630471460987e-05

Dosa	NORM=0.9999912977218628|O=7.000066943874117e-06
woooiiiiiiii	NORM=0.9568979144096375|O=0.04310029745101929
dosaaaaaaaaaa.	NORM=0.9983428716659546|O=0.0016556382179260254
Ingt	NORM=0.9999884366989136|O=1.0868770004890393e-05
karmaaa	NORM=0.8308037519454956|O=0.1691899597644806
woooiiiii	NORM=0.8754597306251526|O=0.12453804910182953

Gemay:(	NORM=0.9999597072601318|O=3.96225368604064e-05
@pamelafebriana	NORM=0.9999957084655762|O=2.865604983526282e-06
@tashalarangka	NORM=0.9999958276748657|O=2.935816837634775e-06

Kwkwkw	NORM=0.9999947547912598|O=4.485380031837849e-06
bisa	O=0.9999698400497437|NORM=2.786168988677673e-05
aje	NORM=0.9999760389328003|O=2.3421933292411268e-05

@slime_rainbow_melody:kak	NORM=0.9998916387557983|O=0.00010787696373881772
@jscmila	NORM=0.9999953508377075|O=3.4886923003796255e-06
itu	O=0.9999940395355225|NORM=4.457692739379127e-06
kristen	O=0.999984622001648|NORM=1.44027626447496e-05
kmu	NORM=0.999832034111023|O=0.0001667926408117637
gk	NORM=0.9999861717224121|O=1.333328600594541e-05
lihat	O=0.9999868869781494|NORM=1.1716640074155293e-05
makam	O=0.9999736547470093|NORM=2.346988367207814e-05
nya	O=0.9999909400939941|NORM=6.34752950645634e-06
,indah	O=0.9999873638153076|NORM=1.2174777111795265e-05

Bkn	NORM=0.9999954700469971|O=3.660598167698481e-06
anjing	O=0.9999854564666748|NORM=1.3070163731754292e-05
itu	O=0.9999887943267822|NORM=7.692721737839747e-06
memang	O=0.9999945163726807|NORM=4.480095412873197e-06
tpi	NORM=0.9999661445617676|O=3.323651253595017e-05
kucing	O=0.9999147653579712|NORM=8.413021714659408e-05
@anisanelly	NORM=0.9999957084655762|O=2.71685212283046e-06

Mau	NORM=0.9999890327453613|O=9.21818627830362e-06
ikut	O=0.9999620914459229|NORM=3.337460657348856e-05
PO	NORM=0.9999828338623047|O=1.3045249033893924e-05
suami	O=0.9999903440475464|NORM=8.380132385354955e-06
yg	NORM=0.9999902248382568|O=8.690497452334967e-06
kek	NORM=0.999976634979248|O=2.2957930923439562e-05
gini	NORM=0.9999910593032837|O=8.260491085820831e-06
gak?	NORM=0.9999212026596069|O=7.573101174784824e-05
@intansmalawati	NORM=0.9999963045120239|O=2.253914999528206e-06

