本日	O=0.9999501705169678|NORM=4.9450158257968724e-05
の	O=0.9997298121452332|NORM=0.0002691070840228349
生活	O=0.9999706745147705|NORM=2.8502663553808816e-05
費用	O=0.9999508857727051|NORM=4.765939593198709e-05
の	O=0.9997702240943909|NORM=0.00022729947522748262
生産	O=0.9998200535774231|NORM=0.00017895831842906773
、	NORM=0.9947487711906433|O=0.0052386121824383736
終わり	O=0.9999547004699707|NORM=4.410385008668527e-05
まし	O=0.9999746084213257|NORM=2.474433131283149e-05
た	O=0.9999762773513794|NORM=2.320069143024739e-05
。	O=0.9999654293060303|NORM=3.322003976791166e-05

さっき	O=0.9940176010131836|NORM=0.005979670211672783
RT	NORM=0.556373655796051|O=0.4435305893421173
し	O=0.9984751343727112|NORM=0.001523951767012477
た	O=0.9999243021011353|NORM=7.502117659896612e-05
人	O=0.9999182224273682|NORM=8.031640754779801e-05
が	O=0.9999723434448242|NORM=2.713602407311555e-05
「	O=0.9999692440032959|NORM=3.0143497497192584e-05
本当に	O=0.9999591112136841|NORM=3.996093801106326e-05
綺麗	O=0.9999648332595825|NORM=3.4219014196423814e-05
に	O=0.9999769926071167|NORM=2.237218177469913e-05
なっ	O=0.9999575614929199|NORM=4.1656330722616985e-05
て	NORM=0.9730888605117798|O=0.026890838518738747
て	O=0.9999496936798096|NORM=4.962739330949262e-05
凄い	O=0.8724976181983948|NORM=0.12749016284942627
！	O=0.9999344348907471|NORM=6.459195719799027e-05
」	O=0.9999334812164307|NORM=6.565382500411943e-05
って	NORM=0.992258608341217|O=0.007731093559414148
思っ	O=0.9823814034461975|NORM=0.017614413052797318
た	O=0.9999709129333496|NORM=2.8616737836273387e-05
ん	NORM=0.987902820110321|O=0.012083472684025764
です	O=0.9999716281890869|NORM=2.7696849429048598e-05
が	O=0.9999690055847168|NORM=3.0076269467826933e-05
、	O=0.9999685287475586|NORM=3.065775672439486e-05
きれい	O=0.9999531507492065|NORM=4.588048977893777e-05
に	O=0.9999727010726929|NORM=2.663811574166175e-05
なる	O=0.9999384880065918|NORM=6.055448830011301e-05
前	O=0.9999444484710693|NORM=5.433892147266306e-05
でも	O=0.999966025352478|NORM=3.330304389237426e-05
既に	O=0.9999597072601318|NORM=3.95157840102911e-05
くびれ	O=0.9999648332595825|NORM=3.4675114875426516e-05
て	O=0.9999716281890869|NORM=2.779030182864517e-05
い	O=0.9999760389328003|NORM=2.330829192942474e-05
まし	O=0.999970555305481|NORM=2.8817417842219584e-05
た	O=0.9999774694442749|NORM=2.1889005438424647e-05
。	O=0.9999542236328125|NORM=4.494256791076623e-05
骨格	O=0.9999686479568481|NORM=3.069210288231261e-05
は	O=0.999964714050293|NORM=3.473081233096309e-05
どう	O=0.9999613761901855|NORM=3.8039437640691176e-05
なっ	O=0.9999599456787109|NORM=3.942202965845354e-05
て	O=0.9999709129333496|NORM=2.8568691050168127e-05
いる	O=0.9999643564224243|NORM=3.4936630981974304e-05
の	O=0.9999722242355347|NORM=2.6930110834655352e-05
でしょ	O=0.9999736547470093|NORM=2.5639110390329733e-05
う	O=0.9999732971191406|NORM=2.6017709387815557e-05
。	O=0.9999639987945557|NORM=3.527449007378891e-05

戦国	O=0.9999257326126099|NORM=7.319101132452488e-05
布	O=0.9968183040618896|NORM=0.0031801576260477304
武	O=0.8121004700660706|NORM=0.1878887116909027
で	O=0.9994977712631226|NORM=0.0005010950844734907
平敦盛	O=0.9968042373657227|NORM=0.0031782661098986864
が	O=0.9999488592147827|NORM=5.032145418226719e-05
出れ	O=0.9995833039283752|NORM=0.00041549603338353336
ば	O=0.9999488592147827|NORM=5.0491529691498727e-05
良かっ	O=0.9999508857727051|NORM=4.846355295740068e-05
た	O=0.9999656677246094|NORM=3.3555810659890994e-05
のに	O=0.9999679327011108|NORM=3.096928776358254e-05
…	NORM=0.9974879026412964|O=0.002503323368728161

とりあえず	O=0.9999538660049438|NORM=4.502178489929065e-05
、	O=0.9999431371688843|NORM=5.6057921028696e-05
全校	O=0.9998900890350342|NORM=0.00010870578262256458
応援	O=0.9999419450759888|NORM=5.697040251106955e-05
が	O=0.9999521970748901|NORM=4.7035347961355e-05
楽しかっ	O=0.9999496936798096|NORM=4.9547852540854365e-05
た	O=0.9999594688415527|NORM=3.9651898987358436e-05
や	NORM=0.9974387884140015|O=0.0025583095848560333
。	O=0.9999222755432129|NORM=7.64591823099181e-05
自分	O=0.9999725818634033|NORM=2.665592728590127e-05
が	O=0.9999717473983765|NORM=2.7569780286285095e-05
勝手	O=0.9999480247497559|NORM=5.079227048554458e-05
に	O=0.9999563694000244|NORM=4.3090512917842716e-05
盛り上がっ	O=0.758996307849884|NORM=0.2409963458776474
とっ	NORM=0.9827439188957214|O=0.017250660806894302
た	O=0.9996254444122314|NORM=0.00037364635500125587
だけ	O=0.9999212026596069|NORM=7.747680501779541e-05
や	NORM=0.9966050386428833|O=0.0033919585403054953
が	O=0.9999526739120483|NORM=4.664317748392932e-05
w	O=0.9998517036437988|NORM=0.00014674094563815743

気象	O=0.9998701810836792|NORM=0.00012655752652790397
ゼミ	O=0.9999544620513916|NORM=4.502597585087642e-05
の	O=0.9999408721923828|NORM=5.8580393670126796e-05
人	O=0.9999079704284668|NORM=9.057819261215627e-05
で	O=0.9999208450317383|NORM=7.823210034985095e-05
、	O=0.9996731281280518|NORM=0.0003256061172578484
誰か	O=0.9999579191207886|NORM=4.117955904803239e-05
来年	O=0.999974250793457|NORM=2.5182574972859584e-05
の	O=0.9996370077133179|NORM=0.0003613883745856583
卒論	NORM=0.9905960559844971|O=0.009315458126366138
で	O=0.9995970129966736|NORM=0.0004007347160950303
松岡修造	O=0.9997346997261047|NORM=0.00026447937125340104
の	O=0.999946117401123|NORM=5.288964894134551e-05
移動	O=0.9998252987861633|NORM=0.0001709643838694319
と	O=0.9999499320983887|NORM=4.9320064135827124e-05
気温	O=0.9999260902404785|NORM=7.222060230560601e-05
とか	O=0.9999386072158813|NORM=6.0589616623474285e-05
を	O=0.999970555305481|NORM=2.8821126761613414e-05
テーマ	O=0.9999675750732422|NORM=3.1487044907407835e-05
に	O=0.9999760389328003|NORM=2.338805097679142e-05
し	O=0.9999747276306152|NORM=2.470766776241362e-05
て	O=0.9999704360961914|NORM=2.8945849408046342e-05
くれ	O=0.9999650716781616|NORM=3.4316970413783565e-05
ない	O=0.9999736547470093|NORM=2.5582199668860994e-05
でしょ	O=0.9999620914459229|NORM=3.702912727021612e-05
う	O=0.9999693632125854|NORM=2.9916309358668514e-05
か	O=0.9999785423278809|NORM=2.0722653061966412e-05
。	O=0.999967098236084|NORM=3.195940007572062e-05

なー	NORM=0.9934597015380859|O=0.00652706203982234
に	O=0.9997435212135315|NORM=0.0002552632358856499
かいい	O=0.9982238411903381|NORM=0.001773904194124043
こと	O=0.9999678134918213|NORM=3.142573405057192e-05
が	O=0.9999762773513794|NORM=2.302627035533078e-05
ない	O=0.9999756813049316|NORM=2.3553186110802926e-05
でしょ	O=0.9999743700027466|NORM=2.4900680728023872e-05
う	O=0.9999749660491943|NORM=2.4368198864976875e-05
か	O=0.9999712705612183|NORM=2.7999225494568236e-05
。	O=0.9999573230743408|NORM=4.158070805715397e-05

酔っぱらっ	O=0.9968205690383911|NORM=0.003178112208843231
た	O=0.9995321035385132|NORM=0.0004673184303101152
知ら	O=0.9998286962509155|NORM=0.00017064862186089158
ない	O=0.9999619722366333|NORM=3.747918890439905e-05
風俗嬢	O=0.9860467314720154|NORM=0.013951174914836884
に	O=0.9991251826286316|NORM=0.0008735305164009333
家	O=0.9999423027038574|NORM=5.721244087908417e-05
を	O=0.9999663829803467|NORM=3.304496203782037e-05
特定	O=0.9999388456344604|NORM=6.0418256907723844e-05
さ	O=0.999948263168335|NORM=5.1214239647379145e-05
れ	O=0.9999252557754517|NORM=7.420614565489814e-05
て	O=0.9999505281448364|NORM=4.894062294624746e-05
、	O=0.9998321533203125|NORM=0.0001666934258537367
親	O=0.9998923540115356|NORM=0.00010627954907249659
が	O=0.9999685287475586|NORM=3.0943265301175416e-05
その	O=0.9998990297317505|NORM=9.982401388697326e-05
人	O=0.9999227523803711|NORM=7.601368270115927e-05
を	O=0.9999737739562988|NORM=2.5635639758547768e-05
半殺し	O=0.9999691247940063|NORM=3.0233057259465568e-05
に	O=0.9999747276306152|NORM=2.465820944053121e-05
する	O=0.9999600648880005|NORM=3.882721648551524e-05
夢	O=0.999942421913147|NORM=5.63829016755335e-05
を	O=0.9999716281890869|NORM=2.785491233225912e-05
見	O=0.999968409538269|NORM=3.1021947506815195e-05
て	O=0.9999717473983765|NORM=2.7772817702498287e-05
飛び起き	O=0.999971866607666|NORM=2.756013418547809e-05
まし	O=0.9999747276306152|NORM=2.475004475854803e-05
た	O=0.9999129772186279|NORM=8.631254604551941e-05
、	NORM=0.9955831170082092|O=0.0044080354273319244
意味	O=0.9999668598175049|NORM=3.197661862941459e-05
が	O=0.9999730587005615|NORM=2.6447569325682707e-05
わかり	O=0.9999716281890869|NORM=2.7751264497055672e-05
ませ	O=0.9999746084213257|NORM=2.4765789930825122e-05
ん	O=0.9999752044677734|NORM=2.428266998322215e-05
。	O=0.999962329864502|NORM=3.6792167520616204e-05

遅延	O=0.9999649524688721|NORM=3.432210360188037e-05
で	O=0.9999620914459229|NORM=3.739625753951259e-05
大幅	O=0.9999645948410034|NORM=3.4634987969184294e-05
に	O=0.9999666213989258|NORM=3.285511047579348e-05
遅刻	O=0.9999699592590332|NORM=2.950922862510197e-05
し	O=0.9999698400497437|NORM=2.9632574296556413e-05
た	O=0.999976634979248|NORM=2.2805137632531114e-05
の	O=0.9999692440032959|NORM=2.990247230627574e-05
です	O=0.9999754428863525|NORM=2.390894223935902e-05
が	O=0.9999736547470093|NORM=2.567679257481359e-05
、	O=0.9999592304229736|NORM=4.009734038845636e-05
午前	O=0.9998936653137207|NORM=0.00010567126446403563
休	O=0.9996191263198853|NORM=0.00037915867869742215
を	O=0.9999183416366577|NORM=8.119917765725404e-05
とりゃ	NORM=0.9923163652420044|O=0.007673904299736023
良かっ	O=0.9999676942825317|NORM=3.173028017044999e-05
た	O=0.9999779462814331|NORM=2.1483583623194136e-05
です	O=0.999974250793457|NORM=2.512073660909664e-05
。	O=0.9999557733535767|NORM=4.331569289206527e-05
満員電車	O=0.9999750852584839|NORM=2.4309221771545708e-05
で	O=0.999971866607666|NORM=2.7615358703769743e-05
気持ち	O=0.9999738931655884|NORM=2.5457282390561886e-05
悪く	O=0.9999693632125854|NORM=2.998772106366232e-05
なっ	O=0.9999731779098511|NORM=2.630527160363272e-05
て	O=0.9999680519104004|NORM=3.148114410578273e-05
き	O=0.9999723434448242|NORM=2.7053338271798566e-05
まし	O=0.9999735355377197|NORM=2.5857871150947176e-05
た	O=0.9999793767929077|NORM=2.002817564061843e-05
。	O=0.9999682903289795|NORM=3.098070010310039e-05

早め	O=0.9999709129333496|NORM=2.861008033505641e-05
に	O=0.9999676942825317|NORM=3.172365541104227e-05
出勤	O=0.9999572038650513|NORM=4.199644536129199e-05
し	O=0.9999681711196899|NORM=3.1295407097786665e-05
て	O=0.9999712705612183|NORM=2.8136490072938614e-05
打ち合わせ	O=0.9999666213989258|NORM=3.272848698543385e-05
と	O=0.999941349029541|NORM=5.7960311096394435e-05
オーディション	O=0.9999265670776367|NORM=7.263271982083097e-05
です	O=0.9998819828033447|NORM=0.00011744736548280343
…	NORM=0.9972822666168213|O=0.002708680462092161
準備	O=0.9999719858169556|NORM=2.7375668651075102e-05
し	O=0.9999672174453735|NORM=3.220042344764806e-05
なく	O=0.9999666213989258|NORM=3.28602509398479e-05
て	O=0.9999732971191406|NORM=2.6242358217132278e-05
は	O=0.9999537467956543|NORM=4.5807595597580075e-05
いけ	O=0.9999566078186035|NORM=4.3000949517590925e-05
ませ	O=0.999942421913147|NORM=5.7139757700497285e-05
ん	O=0.9998382329940796|NORM=0.00016122718807309866
、	NORM=0.9963085055351257|O=0.003658313537016511
間に合う	O=0.9999626874923706|NORM=3.676026244647801e-05
でしょ	O=0.9999692440032959|NORM=3.023813769686967e-05
う	O=0.9999669790267944|NORM=3.2573178032180294e-05
か	O=0.9999707937240601|NORM=2.8648328225244768e-05
？	O=0.999961256980896|NORM=3.799161277129315e-05
ちょっと	O=0.9999631643295288|NORM=3.612409273046069e-05
不安	O=0.9999637603759766|NORM=3.532966002239846e-05
かも	O=0.9999674558639526|NORM=3.2056392228696495e-05
しれ	O=0.9999649524688721|NORM=3.4612185118021443e-05
ませ	O=0.9996612071990967|NORM=0.00033808714943006635
ん	NORM=0.9873580932617188|O=0.012612896040081978
もう少し	O=0.9999233484268188|NORM=7.601285324199125e-05
早く	O=0.9999626874923706|NORM=3.671037484309636e-05
出る	O=0.9998645782470703|NORM=0.00013456893793772906
べき	O=0.9999246597290039|NORM=7.426500815199688e-05
だっ	O=0.9999575614929199|NORM=4.1949828300857916e-05
た	O=0.999969482421875|NORM=2.9883976822020486e-05
でしょ	O=0.9999711513519287|NORM=2.8273156203795224e-05
う	O=0.9999703168869019|NORM=2.9207112675067037e-05
か	O=0.999969482421875|NORM=2.9921106033725664e-05
…	NORM=0.9982777833938599|O=0.0017139737028628588

社会人	O=0.999846339225769|NORM=0.0001530508161522448
って	NORM=0.9919082522392273|O=0.008074973709881306
時間	O=0.9999710321426392|NORM=2.83488607237814e-05
が	O=0.9999682903289795|NORM=3.121335248579271e-05
ない	O=0.9999688863754272|NORM=3.054007902392186e-05
の	O=0.999974250793457|NORM=2.493577812856529e-05
です	O=0.9999759197235107|NORM=2.338436752324924e-05
ね	O=0.9999732971191406|NORM=2.60170636465773e-05
。	O=0.9999608993530273|NORM=3.8010519347153604e-05

垢すり	O=0.9998956918716431|NORM=0.000103706493973732
マッサージ	O=0.9999676942825317|NORM=3.139080581604503e-05
屋	O=0.9999706745147705|NORM=2.870515345421154e-05
に	O=0.9999730587005615|NORM=2.6333180358051322e-05
行き	O=0.9999586343765259|NORM=4.0283630369231105e-05
たい	O=0.9999701976776123|NORM=2.906027111748699e-05
です	O=0.9998849630355835|NORM=0.00011454840569058433
、	NORM=0.9983941912651062|O=0.0016016339650377631
どっか	NORM=0.9983274340629578|O=0.0016672685742378235
おすすめ	O=0.999943733215332|NORM=5.4999916756059974e-05
は	O=0.9999622106552124|NORM=3.7155703466851264e-05
ない	O=0.9999674558639526|NORM=3.157406172249466e-05
でしょ	O=0.9999747276306152|NORM=2.4611386834294535e-05
う	O=0.9999734163284302|NORM=2.6054633053718135e-05
か	O=0.9999505281448364|NORM=4.871213241131045e-05
、	NORM=0.9983773231506348|O=0.0016175640048459172

しかし	O=0.9999721050262451|NORM=2.69310075964313e-05
、	O=0.9999439716339111|NORM=5.494959987117909e-05
暇つぶし	O=0.9998551607131958|NORM=0.00014351248682942241
に	O=0.9998146891593933|NORM=0.00018468420603312552
『	O=0.9999415874481201|NORM=5.7704412029124796e-05
メタルギア	O=0.9999692440032959|NORM=3.024635589099489e-05
』	O=0.9999426603317261|NORM=5.655918357660994e-05
の	O=0.9999634027481079|NORM=3.6038622056366876e-05
小説	O=0.9999604225158691|NORM=3.8759008020861074e-05
を	O=0.9999685287475586|NORM=3.097036824328825e-05
読ん	O=0.9999219179153442|NORM=7.73158753872849e-05
で	NORM=0.9889646768569946|O=0.01099138893187046
たら	O=0.9999021291732788|NORM=9.72987909335643e-05
文章	O=0.9999656677246094|NORM=3.363549694768153e-05
が	O=0.9999749660491943|NORM=2.4439996195724234e-05
ひどい	O=0.9999785423278809|NORM=2.0880363081232645e-05
です	O=0.9999773502349854|NORM=2.1890629795962013e-05
。	O=0.9999392032623291|NORM=5.971108112134971e-05
「	O=0.9998650550842285|NORM=0.00013403233606368303
パンチ	O=0.9999717473983765|NORM=2.756615140242502e-05
・	O=0.999948263168335|NORM=5.102658906253055e-05
パンチ	O=0.999968409538269|NORM=3.0979816074250266e-05
・	O=0.9999053478240967|NORM=9.365896403323859e-05
キック	O=0.9998854398727417|NORM=0.00011390943109290674
」	O=0.99991774559021|NORM=8.138107659760863e-05
とか	O=0.99991774559021|NORM=8.12886210042052e-05
どこ	O=0.9999579191207886|NORM=4.1439176129642874e-05
の	O=0.9999644756317139|NORM=3.480311715975404e-05
ケータイ小説	O=0.999902606010437|NORM=9.654911991674453e-05
です	O=0.9999741315841675|NORM=2.5247136363759637e-05
か	O=0.9999738931655884|NORM=2.5512381398584694e-05
。	O=0.9999618530273438|NORM=3.7128309486433864e-05

みっちゃん	O=0.9973668456077576|NORM=0.0026253554970026016
が	O=0.999947190284729|NORM=5.211527968640439e-05
クソ	O=0.9998140931129456|NORM=0.00018327223369851708
すぎる	O=0.9991499185562134|NORM=0.000845661386847496
し	O=0.9999315738677979|NORM=6.755494541721418e-05
、	O=0.9999706745147705|NORM=2.854289414244704e-05
何	O=0.99997878074646|NORM=2.0672954633482732e-05
も	O=0.9999593496322632|NORM=4.016964521724731e-05
言わ	O=0.9999116659164429|NORM=8.657253056298941e-05
ない	O=0.999872088432312|NORM=0.00012622808571904898
周り	O=0.9999673366546631|NORM=3.2031937735155225e-05
も	O=0.9999456405639648|NORM=5.397785207605921e-05
クソ	O=0.9939181804656982|NORM=0.006061413325369358
です	NORM=0.6721930503845215|O=0.32770228385925293
ちゃっかり	NORM=0.988623857498169|O=0.011343754827976227
見	O=0.9999730587005615|NORM=2.6247507776133716e-05
て	O=0.9999748468399048|NORM=2.464145109115634e-05
い	O=0.9999775886535645|NORM=2.1886753529543057e-05
ます	O=0.9999750852584839|NORM=2.4363667762372643e-05
が	O=0.999969482421875|NORM=2.9779454052913934e-05
。	O=0.9999661445617676|NORM=3.277747964602895e-05

マクド	NORM=0.9981985688209534|O=0.001793938921764493
で	O=0.9999406337738037|NORM=5.8810612244997174e-05
女子高校生	O=0.9999537467956543|NORM=4.5388307626126334e-05
が	O=0.9999650716781616|NORM=3.435845792409964e-05
「	O=0.9226904511451721|NORM=0.07730032503604889
ワニくん	O=0.9997982382774353|NORM=0.00020087217853870243
が	O=0.9999600648880005|NORM=3.929674130631611e-05
」	O=0.9968339800834656|NORM=0.003163303481414914
と	O=0.9999662637710571|NORM=3.302066761534661e-05
しゃべり	O=0.9999521970748901|NORM=4.7190042096190155e-05
だし	O=0.9999018907546997|NORM=9.739764936966822e-05
て	O=0.9999693632125854|NORM=2.997871342813596e-05
、	O=0.9999417066574097|NORM=5.759803389082663e-05
「	O=0.9990617632865906|NORM=0.0009373759385198355
マクド	NORM=0.9959971904754639|O=0.003998427651822567
の	O=0.9997331500053406|NORM=0.0002658893645275384
女子高校生	O=0.9999234676361084|NORM=7.546665437985212e-05
だ	O=0.9998593330383301|NORM=0.00013969508290756494
！	O=0.9999501705169678|NORM=4.894644007436e-05
」	O=0.9988664388656616|NORM=0.0011319415643811226
と	O=0.9999513626098633|NORM=4.7822046326473355e-05
思い	O=0.9999439716339111|NORM=5.541908467421308e-05
まし	O=0.9999676942825317|NORM=3.164183362969197e-05
た	O=0.9999728202819824|NORM=2.6619731215760112e-05
w	O=0.9992984533309937|NORM=0.0006999638862907887

ヴェローチェ	O=0.599963903427124|NORM=0.40001338720321655
の	O=0.9999374151229858|NORM=6.174592272145674e-05
チョコミントマゼリー	O=0.9999299049377441|NORM=6.920645682839677e-05
が	O=0.9999716281890869|NORM=2.7752639653044753e-05
美味しかっ	O=0.999967098236084|NORM=3.233816823922098e-05
た	O=0.9999775886535645|NORM=2.178814247599803e-05
です	O=0.9999756813049316|NORM=2.364176179980859e-05
。	O=0.9992508292198181|NORM=0.0007476099417544901
下	O=0.999909520149231|NORM=8.95787452463992e-05
の	O=0.9999457597732544|NORM=5.3401025070343167e-05
モヒートゼリー	O=0.9999505281448364|NORM=4.877135143033229e-05
が	O=0.9999643564224243|NORM=3.513707997626625e-05
爽やか	O=0.9999735355377197|NORM=2.595419755380135e-05
でし	O=0.9999673366546631|NORM=3.1977273465599865e-05
た	O=0.9999772310256958|NORM=2.221077011199668e-05
。	O=0.9999575614929199|NORM=4.139558950555511e-05
でも	O=0.9999736547470093|NORM=2.5801364245126024e-05
いくら	O=0.9998376369476318|NORM=0.00016166603018064052
ミント	O=0.999953031539917|NORM=4.642551357392222e-05
風味	O=0.9998644590377808|NORM=0.0001339373120572418
でも	O=0.9999656677246094|NORM=3.376765380380675e-05
上の	O=0.9998877048492432|NORM=0.00011172374070156366
ホイップ	O=0.9998133778572083|NORM=0.00018568833183962852
は	O=0.9999645948410034|NORM=3.481998646748252e-05
いら	O=0.9999691247940063|NORM=3.040144656552002e-05
ない	O=0.9999723434448242|NORM=2.6986315788235515e-05
かも	O=0.9999749660491943|NORM=2.4328930521733128e-05
しれ	O=0.9999748468399048|NORM=2.4541241145925596e-05
ませ	O=0.9999737739562988|NORM=2.5671481125755236e-05
ん	O=0.9999762773513794|NORM=2.314228731847834e-05
。	O=0.9999666213989258|NORM=3.253891918575391e-05

ダブル	O=0.9928396940231323|NORM=0.007147385273128748
アンコ	NORM=0.9629033803939819|O=0.0370873399078846
‥	NORM=0.8062339425086975|O=0.1937503218650818
ですか	O=0.9999457597732544|NORM=5.344815144781023e-05
？	O=0.9999510049819946|NORM=4.797236033482477e-05

いい	O=0.9999551773071289|NORM=4.4181411794852465e-05
匂い	O=0.9999680519104004|NORM=3.1475472496822476e-05
が	O=0.9999706745147705|NORM=2.883729939640034e-05
し	O=0.9999570846557617|NORM=4.212954081594944e-05
ます	NORM=0.9603063464164734|O=0.03951207548379898
親子丼	O=0.9998987913131714|NORM=0.000100279416074045
の	O=0.9998884201049805|NORM=0.00011048855958506465
匂い	O=0.9994342923164368|NORM=0.0005634697154164314
です	NORM=0.9912727475166321|O=0.008675342425704002
どこ	O=0.9999744892120361|NORM=2.4863096768967807e-05
の	O=0.9999740123748779|NORM=2.548650991229806e-05
家	O=0.9999375343322754|NORM=6.18056656094268e-05
から	O=0.999980092048645|NORM=1.930297730723396e-05
でしょ	O=0.9999629259109497|NORM=3.6421159165911376e-05
う	O=0.9771862030029297|NORM=0.022809846326708794
か	O=0.9958881735801697|NORM=0.004109339322894812
食欲	O=0.9999737739562988|NORM=2.5507561076665297e-05
が	O=0.9999767541885376|NORM=2.2660018657916225e-05
そそら	O=0.9999268054962158|NORM=7.27823717170395e-05
れ	O=0.9999687671661377|NORM=3.070197271881625e-05
ます	O=0.9999794960021973|NORM=1.9886650989064947e-05
。	O=0.9999651908874512|NORM=3.3878503018058836e-05

古本屋	O=0.9999698400497437|NORM=2.9532278858823702e-05
で	O=0.999975323677063|NORM=2.404832048341632e-05
萌え	O=0.9999655485153198|NORM=3.383870352990925e-05
フィギュア	O=0.999972939491272|NORM=2.6386142053524964e-05
を	O=0.9999727010726929|NORM=2.668240813363809e-05
静か	O=0.9999762773513794|NORM=2.297023092978634e-05
に	O=0.9999728202819824|NORM=2.651203249115497e-05
見	O=0.9999707937240601|NORM=2.8598346034414135e-05
続ける	O=0.999954104423523|NORM=4.498166890698485e-05
おじさん	O=0.9999656677246094|NORM=3.351612394908443e-05
が	O=0.9999715089797974|NORM=2.7785979909822345e-05
居	O=0.9999575614929199|NORM=4.147679646848701e-05
まし	O=0.9999692440032959|NORM=3.0093806344666518e-05
た	O=0.99986732006073|NORM=0.000131471679196693
、	NORM=0.9953626394271851|O=0.00462346151471138
彼	O=0.9999457597732544|NORM=5.343285738490522e-05
は	O=0.999966025352478|NORM=3.330469553475268e-05
何	O=0.9999712705612183|NORM=2.8099724659114145e-05
を	O=0.9999735355377197|NORM=2.5929582989192568e-05
思う	O=0.9999456405639648|NORM=5.3640498663298786e-05
の	O=0.9999558925628662|NORM=4.314789839554578e-05
でしょ	O=0.9999713897705078|NORM=2.7865904485224746e-05
う	O=0.9999650716781616|NORM=3.4261542168678716e-05
か	NORM=0.9889442920684814|O=0.01103537529706955

早起きは三文の徳	O=0.9990296363830566|NORM=0.0009665465913712978
／	NORM=0.9622897505760193|O=0.0376928485929966
夜	O=0.9997597336769104|NORM=0.0002387008280493319
より	O=0.9999693632125854|NORM=2.9677441489184275e-05
も	O=0.9999678134918213|NORM=3.168136390740983e-05
朝	O=0.999955415725708|NORM=4.3378848204156384e-05
に	O=0.9999717473983765|NORM=2.767926525848452e-05
活動	O=0.9999486207962036|NORM=5.086768214823678e-05
し	O=0.9999693632125854|NORM=3.0155404601828195e-05
た	O=0.9999734163284302|NORM=2.6029998480225913e-05
ほう	O=0.9999686479568481|NORM=3.068280057050288e-05
が	O=0.9999758005142212|NORM=2.3593607693328522e-05
、	O=0.9999704360961914|NORM=2.8876258511445485e-05
だんぜん	O=0.9999740123748779|NORM=2.5424846171517856e-05
頭の回転	O=0.9999799728393555|NORM=1.9336490368004888e-05
が	O=0.9999792575836182|NORM=2.012300319620408e-05
速い	O=0.9999797344207764|NORM=1.960246117960196e-05
です	O=0.9999803304672241|NORM=1.8960236047860235e-05
。	O=0.9999630451202393|NORM=3.605944584705867e-05
一日	O=0.9999681711196899|NORM=3.1095161830307916e-05
1時間	O=0.999975323677063|NORM=2.4064471290330403e-05
の	O=0.9999639987945557|NORM=3.535150608513504e-05
早起き	O=0.9996628761291504|NORM=0.0003352420753799379
を	O=0.9999696016311646|NORM=2.9748007364105433e-05
毎日	O=0.9999736547470093|NORM=2.564752139733173e-05
続け	O=0.9999680519104004|NORM=3.114641003776342e-05
て	O=0.9999655485153198|NORM=3.388236291357316e-05
いれ	O=0.9999388456344604|NORM=6.052961907698773e-05
ば	O=0.9999603033065796|NORM=3.9003509300528094e-05
、	O=0.9999635219573975|NORM=3.5669345379574224e-05
1年後	O=0.9999710321426392|NORM=2.8018719604006037e-05
に	O=0.9999704360961914|NORM=2.875737482099794e-05
は	O=0.999945878982544|NORM=5.352941661840305e-05
すごい	O=0.9997989535331726|NORM=0.00019955102470703423
時間	O=0.9999735355377197|NORM=2.570859396655578e-05
数	O=0.9999580383300781|NORM=4.1162911657011136e-05
に	O=0.9999727010726929|NORM=2.6595545932650566e-05
なり	O=0.9999732971191406|NORM=2.5675117285572924e-05
ます	O=0.9999752044677734|NORM=2.4063481760094874e-05
。	O=0.9999622106552124|NORM=3.6822562833549455e-05
ライバル	O=0.9999514818191528|NORM=4.703217564383522e-05
と	O=0.9999356269836426|NORM=6.257220957195386e-05
の	O=0.9998316764831543|NORM=0.00016642094124108553
差	O=0.9994507431983948|NORM=0.0005408655270002782
を	O=0.9999493360519409|NORM=4.987675856682472e-05
つける	O=0.9999508857727051|NORM=4.813655323232524e-05
ため	O=0.9999655485153198|NORM=3.3335501939291134e-05
に	O=0.9999743700027466|NORM=2.4769753508735448e-05
は	O=0.9999678134918213|NORM=3.145949813188054e-05
、	O=0.9999648332595825|NORM=3.445143738645129e-05
早起き	O=0.9997244477272034|NORM=0.00027345240232534707
は	O=0.999964714050293|NORM=3.471839227131568e-05
必須	O=0.9999525547027588|NORM=4.610793985193595e-05
です	O=0.9999451637268066|NORM=5.428183067124337e-05
ね	O=0.9998867511749268|NORM=0.00011230218660784885
。	O=0.9998801946640015|NORM=0.0001177321100840345

同じく	O=0.9999638795852661|NORM=3.568018291844055e-05
仙台	NORM=0.7103691697120667|O=0.2894971966743469
の	O=0.9999550580978394|NORM=4.3989148252876475e-05
ホテル	O=0.9996874332427979|NORM=0.0003094428975600749
に	O=0.9999517202377319|NORM=4.767388600157574e-05
カレー	O=0.9999442100524902|NORM=5.496334415511228e-05
屋	O=0.9999613761901855|NORM=3.816593380179256e-05
さん	O=0.9999140501022339|NORM=8.530022751074284e-05
も	O=0.9999513626098633|NORM=4.815636930288747e-05
あっ	O=0.9932343363761902|NORM=0.006762303411960602
て	O=0.9999215602874756|NORM=7.771037053316832e-05
、	O=0.9999394416809082|NORM=5.986190808471292e-05
そこ	O=0.9999293088912964|NORM=6.9698944571428e-05
も	O=0.9999594688415527|NORM=3.9996786654228345e-05
何回	O=0.9999780654907227|NORM=2.128974301740527e-05
も	O=0.9999747276306152|NORM=2.4647137252031825e-05
行き	O=0.9999630451202393|NORM=3.5963868867838755e-05
まし	O=0.9999707937240601|NORM=2.8487371309893206e-05
た	O=0.9999784231185913|NORM=2.0967359887436032e-05
。	O=0.9997254014015198|NORM=0.0002734753943514079
The	O=0.9967359900474548|NORM=0.0032615188974887133
カレー	O=0.999889612197876|NORM=0.0001095362677006051
の	O=0.9999078512191772|NORM=9.149873221758753e-05
入れ物	O=0.9997724890708923|NORM=0.00022588435967918485
という	O=0.9999170303344727|NORM=8.194244583137333e-05
感じ	O=0.9999402761459351|NORM=5.885457721888088e-05
の	O=0.9998939037322998|NORM=0.00010542628297116607
銀	O=0.9997724890708923|NORM=0.0002266884403070435
の	O=0.9999537467956543|NORM=4.570216697175056e-05
器	O=0.9998266100883484|NORM=0.00017222845053765923
に	O=0.9999494552612305|NORM=5.005741695640609e-05
入れ	O=0.9998714923858643|NORM=0.00012713350588455796
られ	O=0.9998337030410767|NORM=0.00016547662380617112
て	NORM=0.9930056929588318|O=0.006981891114264727
て	O=0.9999527931213379|NORM=4.6537032176274806e-05
、	O=0.9999699592590332|NORM=2.943292201962322e-05
ご飯	O=0.9999395608901978|NORM=5.913268978474662e-05
の	O=0.9999586343765259|NORM=4.056157558807172e-05
上	O=0.9999698400497437|NORM=2.9296226784936152e-05
に	O=0.9999750852584839|NORM=2.428620973660145e-05
数	O=0.9999791383743286|NORM=2.0146022507105954e-05
粒	O=0.9999724626541138|NORM=2.6864268875215203e-05
の	O=0.9999650716781616|NORM=3.423132875468582e-05
レーズン	O=0.9999529123306274|NORM=4.648261165129952e-05
が	O=0.9999754428863525|NORM=2.3991991838556714e-05
乗せ	O=0.999958872795105|NORM=4.041763168061152e-05
られ	O=0.9999724626541138|NORM=2.69417796516791e-05
て	O=0.9999727010726929|NORM=2.6703128241933882e-05
い	O=0.9999760389328003|NORM=2.326982212252915e-05
まし	O=0.9999722242355347|NORM=2.7004127332475036e-05
た	O=0.9999788999557495|NORM=2.0368568584672175e-05
。	O=0.9999477863311768|NORM=5.133988815941848e-05
たぶん	O=0.9999415874481201|NORM=5.747846080339514e-05
、	O=0.9999581575393677|NORM=4.112999886274338e-05
そこで	O=0.9999524354934692|NORM=4.6679611841682345e-05
生まれ	O=0.9999198913574219|NORM=7.88499673944898e-05
て	O=0.9999316930770874|NORM=6.752016633981839e-05
初めて	O=0.9999055862426758|NORM=9.326795407105237e-05
ラッシー	NORM=0.6938880681991577|O=0.30605021119117737
を	O=0.9999403953552246|NORM=5.900497126276605e-05
飲ん	O=0.9999287128448486|NORM=7.065755926305428e-05
だ	O=0.999850869178772|NORM=0.00014846476551610976
と	O=0.9999697208404541|NORM=2.9639044441864826e-05
思い	O=0.9999592304229736|NORM=4.0260765672428533e-05
ます	O=0.9999674558639526|NORM=3.20125836879015e-05
。	O=0.9999431371688843|NORM=5.5978856835281476e-05

夏	O=0.9999682903289795|NORM=3.101055699517019e-05
の	O=0.9969218373298645|NORM=0.0030765889678150415
新潟	O=0.9922896027565002|NORM=0.007704160641878843
って	NORM=0.997406542301178|O=0.002585766837000847
けっこう	O=0.9999444484710693|NORM=5.5058520956663415e-05
過ごし	O=0.9999675750732422|NORM=3.1837673304835334e-05
やすい	O=0.9999693632125854|NORM=3.000494143634569e-05
方	O=0.999969482421875|NORM=2.9539845854742453e-05
でし	O=0.999966025352478|NORM=3.319308234495111e-05
た	O=0.99996018409729|NORM=3.922272298950702e-05
けれど	O=0.8675790429115295|NORM=0.13240636885166168
ね	O=0.9999638795852661|NORM=3.535356154316105e-05
。	O=0.999964714050293|NORM=3.451513111940585e-05

7人	O=0.9999724626541138|NORM=2.6841453291126527e-05
掛け	O=0.9999467134475708|NORM=5.276202136883512e-05
の	O=0.999956488609314|NORM=4.2792347812792286e-05
席	O=0.9999455213546753|NORM=5.370073631638661e-05
を	O=0.9998942613601685|NORM=0.00010504465171834454
6人	O=0.999969482421875|NORM=2.9546186851803213e-05
で	O=0.9999692440032959|NORM=3.0149018130032346e-05
座っ	O=0.9107738733291626|NORM=0.08921979367733002
てる	NORM=0.9963439106941223|O=0.003644093871116638
の	O=0.9999293088912964|NORM=6.958052836125717e-05
は	O=0.9999315738677979|NORM=6.773170025553554e-05
まだ	O=0.9999504089355469|NORM=4.891621210845187e-05
許せ	O=0.9996422529220581|NORM=0.0003566026862245053
ます	O=0.9999542236328125|NORM=4.5092143409419805e-05
が	O=0.9999713897705078|NORM=2.7654112273012288e-05
、	O=0.9999579191207886|NORM=4.082536179339513e-05
5人	O=0.9999723434448242|NORM=2.666146247065626e-05
で	O=0.9999746084213257|NORM=2.4827346351230517e-05
座っ	O=0.9944478273391724|NORM=0.005550256464630365
てる	NORM=0.9956575632095337|O=0.004332602955400944
の	O=0.9999356269836426|NORM=6.315084465313703e-05
は	O=0.9999443292617798|NORM=5.488855094881728e-05
許せ	O=0.9998469352722168|NORM=0.0001521557423984632
ませ	O=0.9999567270278931|NORM=4.2563697206787765e-05
ん	O=0.9999712705612183|NORM=2.8104281227570027e-05
。	O=0.9999624490737915|NORM=3.6436533264350146e-05

『	O=0.9999700784683228|NORM=2.903749373217579e-05
おひとりさま	O=0.9999743700027466|NORM=2.5185290724039078e-05
っと	O=0.9999268054962158|NORM=7.27345613995567e-05
』	O=0.9999679327011108|NORM=3.1290415790863335e-05
を	O=0.9999735355377197|NORM=2.595793739601504e-05
購入	O=0.9999744892120361|NORM=2.4800367100397125e-05
し	O=0.9999788999557495|NORM=2.0488734662649222e-05
まし	O=0.9999756813049316|NORM=2.3779084585839882e-05
た	O=0.9995586276054382|NORM=0.00043986638775095344
、	NORM=0.9946252703666687|O=0.005358216818422079
お	O=0.9999672174453735|NORM=3.219173231627792e-05
一人	O=0.9999191761016846|NORM=8.030025492189452e-05
様	O=0.9999698400497437|NORM=2.9486745916074142e-05
が	O=0.9999772310256958|NORM=2.2217422156245448e-05
捗り	O=0.9999673366546631|NORM=3.2141702831722796e-05
ます	O=0.9999767541885376|NORM=2.2537131371791475e-05
。	O=0.9999687671661377|NORM=3.0372542823897675e-05

タイトル	O=0.9999583959579468|NORM=4.0313865611096844e-05
を	O=0.9999723434448242|NORM=2.71579538093647e-05
付け	O=0.9999563694000244|NORM=4.290185097488575e-05
て	O=0.9999783039093018|NORM=2.1148602172615938e-05
から	O=0.9999799728393555|NORM=1.955054722202476e-05
曲	O=0.9999744892120361|NORM=2.4667117031640373e-05
を	O=0.9999761581420898|NORM=2.3283701011678204e-05
作る	O=0.9996159076690674|NORM=0.00038210954517126083
…	NORM=0.9822976589202881|O=0.01769089512526989
そういう	O=0.9999583959579468|NORM=4.062555672135204e-05
の	O=0.9999585151672363|NORM=4.08337582484819e-05
も	O=0.9999599456787109|NORM=3.962553455494344e-05
ある	O=0.9966177344322205|NORM=0.003375263651832938
の	O=0.9999674558639526|NORM=3.143792491755448e-05
です	O=0.9999783039093018|NORM=2.1100189769640565e-05
か	O=0.9999785423278809|NORM=2.084140942315571e-05
…	O=0.99986732006073|NORM=0.00013131744344718754
（	O=0.9998652935028076|NORM=0.00013222309644334018
むっく	O=0.9707753658294678|NORM=0.029220834374427795
ちゃん	O=0.9965950846672058|NORM=0.0033840422984212637
の	O=0.9999583959579468|NORM=4.084933243575506e-05
Instagram	O=0.9999260902404785|NORM=7.275136158568785e-05
の	O=0.9999661445617676|NORM=3.319264214951545e-05
ライブ配信	O=0.9999616146087646|NORM=3.759788887691684e-05
を	O=0.9999605417251587|NORM=3.8840677007101476e-05
立読み	O=0.9999707937240601|NORM=2.8561087674461305e-05
し	O=0.9999769926071167|NORM=2.2391372112906538e-05
て	O=0.9999765157699585|NORM=2.3003141905064695e-05
き	O=0.9999769926071167|NORM=2.2442614863393828e-05
まし	O=0.9999758005142212|NORM=2.352579940634314e-05
た	O=0.9988237023353577|NORM=0.0011712100822478533
）	NORM=0.9930667877197266|O=0.00692511722445488

感動	O=0.9999556541442871|NORM=4.336156416684389e-05
し	O=0.9999657869338989|NORM=3.360430127941072e-05
まし	O=0.9999699592590332|NORM=2.9391183488769457e-05
た	O=0.9999591112136841|NORM=4.030797572340816e-05
笑	O=0.9999650716781616|NORM=3.4198310459032655e-05
、	NORM=0.9860937595367432|O=0.013889318332076073
感謝	O=0.9999294281005859|NORM=6.896725244587287e-05
し	O=0.9999562501907349|NORM=4.310308941057883e-05
ます	O=0.9999358654022217|NORM=6.342263804981485e-05
、	NORM=0.9994218349456787|O=0.0005741760833188891

ウクライナ	O=0.9998849630355835|NORM=0.00011344884114805609
の	O=0.9999688863754272|NORM=3.0445278753177263e-05
人	O=0.9999359846115112|NORM=6.20718565187417e-05
と	O=0.9999723434448242|NORM=2.6849027563002892e-05
テストプレイ	O=0.9999608993530273|NORM=3.847262269118801e-05
を	O=0.999974250793457|NORM=2.518010114727076e-05
する	O=0.9999639987945557|NORM=3.5146080335834995e-05
の	O=0.9999160766601562|NORM=8.259261085186154e-05
は	O=0.9999557733535767|NORM=4.3538388126762584e-05
緊張	O=0.9999483823776245|NORM=4.9240232328884304e-05
し	O=0.9999775886535645|NORM=2.1821726477355696e-05
ます	O=0.9999754428863525|NORM=2.3919754312373698e-05
…	NORM=0.9991069436073303|O=0.0008825554978102446

お	O=0.9999583959579468|NORM=4.092303061042912e-05
薬	O=0.9999638795852661|NORM=3.5287608625367284e-05
の	O=0.9999539852142334|NORM=4.518279092735611e-05
せい	O=0.9999561309814453|NORM=4.2684685467975214e-05
で	O=0.9999717473983765|NORM=2.7540503651835024e-05
アルコール	O=0.9998832941055298|NORM=0.00011445103154983371
を	O=0.9999642372131348|NORM=3.4881726605817676e-05
絶っ	O=0.999968409538269|NORM=3.093420309596695e-05
て	O=0.9999741315841675|NORM=2.5067367459996603e-05
から	O=0.9999710321426392|NORM=2.8037964511895552e-05
ニキビ	O=0.9997782111167908|NORM=0.00022011307009961456
が	O=0.9999526739120483|NORM=4.663383515435271e-05
治っ	O=0.9995798468589783|NORM=0.0004175289359409362
た	O=0.99992835521698|NORM=7.114707841537893e-05
ん	NORM=0.995771586894989|O=0.0042212787084281445
っす	NORM=0.9958849549293518|O=0.004111029673367739
が	O=0.9999399185180664|NORM=5.9044577938038856e-05
、	O=0.999954104423523|NORM=4.4896729377796873e-05
逆	O=0.9999575614929199|NORM=4.130701927351765e-05
に	O=0.9999719858169556|NORM=2.7383790438761935e-05
酒	O=0.9999380111694336|NORM=6.0567625041585416e-05
を	O=0.9999772310256958|NORM=2.2117745174909942e-05
よく	O=0.9999752044677734|NORM=2.413772017462179e-05
飲む	O=0.9999637603759766|NORM=3.532278788043186e-05
人	O=0.9999594688415527|NORM=3.9216411096276715e-05
で	O=0.9999575614929199|NORM=4.163555786362849e-05
肌	O=0.9999716281890869|NORM=2.753871558525134e-05
が	O=0.9999558925628662|NORM=4.350494054961018e-05
ツルツル	O=0.9999749660491943|NORM=2.44868660956854e-05
の	O=0.9999701976776123|NORM=2.9223183446447365e-05
人	O=0.999935507774353|NORM=6.310641037998721e-05
って	NORM=0.7651615142822266|O=0.23482368886470795
どう	O=0.9999306201934814|NORM=6.862729060230777e-05
やっ	O=0.9996222257614136|NORM=0.0003763143322430551
てる	NORM=0.9769623279571533|O=0.023027008399367332
ん	NORM=0.9956982135772705|O=0.004295703489333391
っす	NORM=0.996582567691803|O=0.0034137412440031767
か	O=0.9999657869338989|NORM=3.341772753628902e-05
？	O=0.9999492168426514|NORM=4.9744030548026785e-05
やっぱ	NORM=0.9961053729057312|O=0.0038863196969032288
遺伝子	O=0.9999648332595825|NORM=3.4263033739989623e-05
レベル	O=0.9999558925628662|NORM=4.325262852944434e-05
の	O=0.999914288520813|NORM=8.499906107317656e-05
あれ	O=0.9883378148078918|NORM=0.01165699865669012
っす	NORM=0.9966711401939392|O=0.0033250071574002504
よ	O=0.999950647354126|NORM=4.842990165343508e-05
ね	O=0.9999676942825317|NORM=3.148326504742727e-05
？	O=0.9999679327011108|NORM=3.107217708020471e-05

ずいぶん	O=0.9999758005142212|NORM=2.3465032427338883e-05
と	O=0.9999748468399048|NORM=2.4515462428098544e-05
雪	O=0.9999499320983887|NORM=4.889552656095475e-05
が	O=0.9999681711196899|NORM=3.1309944461099803e-05
降っ	O=0.9999606609344482|NORM=3.872668821713887e-05
て	O=0.9999727010726929|NORM=2.670177855179645e-05
い	O=0.9999784231185913|NORM=2.0949271856807172e-05
ます	O=0.9999769926071167|NORM=2.23291262955172e-05
ね	O=0.9999713897705078|NORM=2.8001793907606043e-05
。	NORM=0.9962540864944458|O=0.003733981167897582
。	NORM=0.997092604637146|O=0.0028975431341677904
。	O=0.9998010993003845|NORM=0.0001973746984731406
このまま	O=0.9999648332595825|NORM=3.449447103776038e-05
いけ	O=0.9999594688415527|NORM=3.9894886867841706e-05
ば	O=0.9999616146087646|NORM=3.781418490689248e-05
明日	O=0.9999691247940063|NORM=3.024266152351629e-05
の	O=0.9999619722366333|NORM=3.7415553379105404e-05
朝	O=0.9999560117721558|NORM=4.329839794081636e-05
が	O=0.9999608993530273|NORM=3.864365498884581e-05
恐ろしい	O=0.9999524354934692|NORM=4.6954148274380714e-05
こと	O=0.9999734163284302|NORM=2.5855499188764952e-05
に	O=0.9999728202819824|NORM=2.6578994948067702e-05
なり	O=0.9999732971191406|NORM=2.5927129172487184e-05
そう	O=0.9999727010726929|NORM=2.654446507222019e-05
です	O=0.9999750852584839|NORM=2.4073071472230367e-05
。	O=0.9999645948410034|NORM=3.4452281397534534e-05

一生	O=0.9999645948410034|NORM=3.473673859843984e-05
あんこう鍋	O=0.9998447895050049|NORM=0.00015383037680294365
を	O=0.9999208450317383|NORM=7.841240585548803e-05
食っ	NORM=0.9605342745780945|O=0.03942728415131569
て	O=0.9999575614929199|NORM=4.170570173300803e-05
生き	O=0.9999743700027466|NORM=2.4886745450203307e-05
て	O=0.9999746084213257|NORM=2.467432204866782e-05
い	O=0.9999756813049316|NORM=2.3605894966749474e-05
たい	O=0.9999755620956421|NORM=2.3541482732980512e-05
です	O=0.9999760389328003|NORM=2.318710721738171e-05
。	O=0.9999690055847168|NORM=2.972484981000889e-05

なぜ	O=0.999963641166687|NORM=3.545521758496761e-05
、	O=0.9998645782470703|NORM=0.00013438051973935217
家	O=0.9999657869338989|NORM=3.348248719703406e-05
に	O=0.999962329864502|NORM=3.6984314647270367e-05
読ん	O=0.9999514818191528|NORM=4.762084790854715e-05
で	O=0.9999395608901978|NORM=5.943487849435769e-05
い	O=0.9999616146087646|NORM=3.769770046346821e-05
ない	O=0.9999067783355713|NORM=9.178451728075743e-05
本	O=0.9999309778213501|NORM=6.720564852003008e-05
が	O=0.999963641166687|NORM=3.557467061909847e-05
ある	O=0.9983194470405579|NORM=0.001670357189141214
のに	O=0.9999321699142456|NORM=6.652565207332373e-05
ツタヤ	NORM=0.981511652469635|O=0.018456654623150826
で	O=0.9999587535858154|NORM=4.03962803829927e-05
漫画	O=0.999964714050293|NORM=3.4377688280073926e-05
を	O=0.9999730587005615|NORM=2.6264358893968165e-05
レンタル	O=0.9999061822891235|NORM=9.234769822796807e-05
し	O=0.9999734163284302|NORM=2.598743412818294e-05
て	O=0.999976396560669|NORM=2.3009784854366444e-05
しまう	O=0.9999643564224243|NORM=3.4758399124257267e-05
の	O=0.9999713897705078|NORM=2.7843670977745205e-05
でしょ	O=0.9999736547470093|NORM=2.5755245587788522e-05
う	O=0.9999735355377197|NORM=2.578552084742114e-05
か	O=0.9999767541885376|NORM=2.2468544557341374e-05
？	O=0.9999700784683228|NORM=2.879787098208908e-05

メンテ	NORM=0.9947233200073242|O=0.005250776186585426
が	O=0.999937891960144|NORM=6.156408198876306e-05
近い	O=0.9997144341468811|NORM=0.00028270631446503103
ので	O=0.9999521970748901|NORM=4.690383866545744e-05
下手	O=0.9999523162841797|NORM=4.6758243115618825e-05
に	O=0.9999470710754395|NORM=5.2390751079656184e-05
触れ	O=0.9999547004699707|NORM=4.4277479901211336e-05
ませ	O=0.999946117401123|NORM=5.3328774811234325e-05
ん	O=0.9999651908874512|NORM=3.432696030358784e-05
。	O=0.9999686479568481|NORM=3.0337885618791915e-05

8	O=0.999806821346283|NORM=0.00019256217638030648
/	O=0.9987099170684814|NORM=0.0012879743007943034
2	O=0.9991117119789124|NORM=0.0008858973742462695
は	O=0.9999611377716064|NORM=3.836151154246181e-05
パンツの日	O=0.9999737739562988|NORM=2.5615210688556544e-05
だ	O=0.9999579191207886|NORM=4.14868991356343e-05
そう	O=0.9999744892120361|NORM=2.4849916371749714e-05
です	O=0.9999747276306152|NORM=2.4623852368677035e-05
。	O=0.9998283386230469|NORM=0.00017069396562874317
パンツ	O=0.9999237060546875|NORM=7.56535300752148e-05
を	O=0.9999399185180664|NORM=5.959637928754091e-05
贈り	O=0.9999313354492188|NORM=6.815778760937974e-05
合う	O=0.9999533891677856|NORM=4.593518315232359e-05
の	O=0.9999102354049683|NORM=8.905759023036808e-05
は	O=0.9999641180038452|NORM=3.542143531376496e-05
いかが	O=0.9999707937240601|NORM=2.869823219953105e-05
？	O=0.9999643564224243|NORM=3.4841472370317206e-05
と	O=0.9999641180038452|NORM=3.518921585055068e-05
お	O=0.9926930665969849|NORM=0.007304844446480274
店	O=0.9859222173690796|NORM=0.01407033484429121
の	O=0.9999567270278931|NORM=4.258196713635698e-05
アナウンス	O=0.9999724626541138|NORM=2.7012734790332615e-05
が	O=0.9999790191650391|NORM=2.048553324129898e-05
あり	O=0.9999762773513794|NORM=2.3248911020345986e-05
まし	O=0.9999758005142212|NORM=2.3684304323978722e-05
た	O=0.9999786615371704|NORM=2.0766790839843452e-05
…	O=0.9999346733093262|NORM=6.431745714507997e-05
…	NORM=0.9990522265434265|O=0.0009405207238160074

コミケ	NORM=0.7408480644226074|O=0.25914350152015686
帰り	O=0.9991160035133362|NORM=0.0008833911851979792
勢	O=0.9975870847702026|NORM=0.0024119133595377207
と	O=0.9999635219573975|NORM=3.585635204217397e-05
電車	O=0.9999690055847168|NORM=2.998387935804203e-05
に	O=0.9999722242355347|NORM=2.7106923880637623e-05
乗り合わせ	O=0.9999710321426392|NORM=2.8416285204002634e-05
まし	O=0.9999747276306152|NORM=2.460941504978109e-05
た	O=0.9999769926071167|NORM=2.2239337340579368e-05
。	O=0.9999034404754639|NORM=9.54025235841982e-05
まだ	O=0.999969482421875|NORM=2.9875629479647614e-05
い	O=0.9999606609344482|NORM=3.87467080145143e-05
た	O=0.9999698400497437|NORM=2.9392243959591724e-05
の	O=0.9999626874923706|NORM=3.638435009634122e-05
です	O=0.9999645948410034|NORM=3.471623858786188e-05
か	O=0.9999693632125854|NORM=2.9988606911501847e-05
w	O=0.9997420907020569|NORM=0.00025707727763801813

体育館	O=0.9999480247497559|NORM=5.138472261023708e-05
ん	NORM=0.9954211115837097|O=0.0045732236467301846
予約	O=0.999968409538269|NORM=3.0465014788205735e-05
が	O=0.9999743700027466|NORM=2.4998140361276455e-05
なかなか	O=0.9999783039093018|NORM=2.083317667711526e-05
取れ	O=0.9999710321426392|NORM=2.8281026970944367e-05
ませ	O=0.9999722242355347|NORM=2.7227424652664922e-05
ん	O=0.9999760389328003|NORM=2.3323233108385466e-05
。	O=0.9999184608459473|NORM=8.051859185798094e-05
大阪市	O=0.998216450214386|NORM=0.0017817887710407376
ん	NORM=0.9945554733276367|O=0.005438611377030611
抽選	O=0.9995717406272888|NORM=0.0004265202733222395
、	NORM=0.9792967438697815|O=0.020694846287369728
倍率	O=0.9999333620071411|NORM=6.560499605257064e-05
が	O=0.9999693632125854|NORM=3.01304244203493e-05
高	O=0.999976634979248|NORM=2.271514676976949e-05
すぎ	O=0.9999668598175049|NORM=3.258106517023407e-05
ます	O=0.9999755620956421|NORM=2.3851305741118267e-05
。	O=0.9999547004699707|NORM=4.427376188687049e-05
そもそも	O=0.9999526739120483|NORM=4.633796197595075e-05
抽選	O=0.9999679327011108|NORM=3.125132207060233e-05
が	O=0.9999715089797974|NORM=2.7950063667958602e-05
できる	O=0.9999560117721558|NORM=4.299879219615832e-05
枠	O=0.9999192953109741|NORM=7.948137499624863e-05
が	O=0.9999713897705078|NORM=2.799671892717015e-05
とても	O=0.9999662637710571|NORM=3.294866473879665e-05
少ない	O=0.9999690055847168|NORM=2.9949327654321678e-05
です	O=0.9999784231185913|NORM=2.083578146994114e-05
。	O=0.9999431371688843|NORM=5.5941767641343176e-05
優先	O=0.9998925924301147|NORM=0.00010662026033969596
的	O=0.9999678134918213|NORM=3.119593020528555e-05
に	O=0.9999661445617676|NORM=3.3247037208639085e-05
どこか	O=0.9999430179595947|NORM=5.634530316456221e-05
ん	NORM=0.9944530129432678|O=0.0055403802543878555
団体	O=0.9999077320098877|NORM=9.02468163985759e-05
が	O=0.9999748468399048|NORM=2.4487657356075943e-05
利用	O=0.9999617338180542|NORM=3.760463368962519e-05
し	O=0.9999145269393921|NORM=8.488810271956027e-05
てる	NORM=0.9957038760185242|O=0.004288828000426292
ん	NORM=0.9939711093902588|O=0.006021562498062849
でしょ	O=0.9999732971191406|NORM=2.607250280561857e-05
う	O=0.9999750852584839|NORM=2.4359391318284906e-05
が	O=0.999966025352478|NORM=3.303820267319679e-05
、	O=0.9999679327011108|NORM=3.119905886705965e-05
もう少し	O=0.999963641166687|NORM=3.5646979085868225e-05
開放	O=0.9998998641967773|NORM=9.893416427075863e-05
し	O=0.9999682903289795|NORM=3.118059612461366e-05
て	O=0.9999703168869019|NORM=2.9098959203111008e-05
ほしい	O=0.9999701976776123|NORM=2.892771408369299e-05
です	O=0.9999774694442749|NORM=2.1806890799780376e-05
。	O=0.9999469518661499|NORM=5.1952407375210896e-05
特に	O=0.9999338388442993|NORM=6.488370127044618e-05
土日	NORM=0.9978448152542114|O=0.0021501872688531876
。	O=0.9999469518661499|NORM=5.1805465773213655e-05

今日	O=0.9999604225158691|NORM=3.90009481634479e-05
は	O=0.99985671043396|NORM=0.00014268679660744965
ハンバーグ	O=0.9999562501907349|NORM=4.3158201151527464e-05
の	O=0.9999451637268066|NORM=5.419746594270691e-05
ミンチ	O=0.9999520778656006|NORM=4.732059460366145e-05
が	O=0.999966025352478|NORM=3.34514697897248e-05
こね	O=0.8761250972747803|NORM=0.12384309619665146
て	O=0.9999587535858154|NORM=4.066196925123222e-05
も	O=0.9999511241912842|NORM=4.8344511014875025e-05
こね	O=0.5560799241065979|NORM=0.44372421503067017
て	O=0.9998971223831177|NORM=0.00010200607357546687
も	O=0.9999587535858154|NORM=4.072448791703209e-05
柔らか	O=0.9999701976776123|NORM=2.9303000701474957e-05
すぎ	O=0.9999613761901855|NORM=3.808056499110535e-05
ます	O=0.9999725818634033|NORM=2.6785915906657465e-05
。	O=0.9999533891677856|NORM=4.581657412927598e-05
油	O=0.9999686479568481|NORM=3.060762901441194e-05
が	O=0.9999744892120361|NORM=2.4920853320509195e-05
多い	O=0.9999637603759766|NORM=3.554622526280582e-05
ミンチ	O=0.9999669790267944|NORM=3.2368890970246866e-05
だっ	O=0.99996018409729|NORM=3.915097113349475e-05
た	O=0.9999703168869019|NORM=2.913039134000428e-05
の	O=0.9999686479568481|NORM=3.0593590054195374e-05
でしょ	O=0.9999663829803467|NORM=3.285895218141377e-05
う	O=0.9999628067016602|NORM=3.6449717299547046e-05
か	O=0.9999706745147705|NORM=2.8717995519400574e-05
ね	O=0.9999649524688721|NORM=3.4299559047212824e-05
。	O=0.9999523162841797|NORM=4.6843491873005405e-05
食べ	O=0.9999583959579468|NORM=4.087969136890024e-05
られ	O=0.9987187385559082|NORM=0.001279301941394806
たら	O=0.9984245300292969|NORM=0.0015720376977697015
まぁ	NORM=0.9962521195411682|O=0.0037400841247290373
いい	O=0.9999419450759888|NORM=5.704679279006086e-05
です	O=0.999972939491272|NORM=2.6325014914618805e-05
か	O=0.9999725818634033|NORM=2.6760613764054142e-05
。	O=0.9999557733535767|NORM=4.327490023570135e-05
たま	O=0.9999699592590332|NORM=2.931470407929737e-05
に	O=0.9999420642852783|NORM=5.735348167945631e-05
、	O=0.999951958656311|NORM=4.7109544539125636e-05
こういう	O=0.9999663829803467|NORM=3.291239409008995e-05
こと	O=0.9999657869338989|NORM=3.357473178766668e-05
が	O=0.9999707937240601|NORM=2.8686466976068914e-05
ある	O=0.9994373917579651|NORM=0.000558324798475951
の	O=0.9999608993530273|NORM=3.80801830033306e-05
です	O=0.9999737739562988|NORM=2.5503619326627813e-05
よ	O=0.9999688863754272|NORM=3.0358010917552747e-05
ね	O=0.9999644756317139|NORM=3.462022141320631e-05
。	O=0.9999605417251587|NORM=3.850637949653901e-05

そう	O=0.9999781847000122|NORM=2.1085283151478507e-05
いえ	O=0.9999037981033325|NORM=9.565418440615758e-05
ば	O=0.999971866607666|NORM=2.7415771910455078e-05
また	O=0.9999620914459229|NORM=3.7179943319642916e-05
ZOOM	O=0.9999167919158936|NORM=8.194977272069082e-05
会議	O=0.9999775886535645|NORM=2.1625533918268047e-05
が	O=0.9999781847000122|NORM=2.1143980120541528e-05
あり	O=0.9999779462814331|NORM=2.1356765500968322e-05
ます	O=0.9999798536300659|NORM=1.9369228539289907e-05
。	O=0.9999282360076904|NORM=7.049692067084834e-05
ほん	NORM=0.9786188006401062|O=0.021319394931197166
っと	NORM=0.9915283918380737|O=0.008415325544774532
嫌	O=0.9999234676361084|NORM=7.4064897489734e-05
です	O=0.9999744892120361|NORM=2.4717110136407427e-05
。	O=0.9999661445617676|NORM=3.270288652856834e-05

スターバックス	O=0.9996956586837769|NORM=0.0003035207337234169
コーヒー	O=0.9995361566543579|NORM=0.000462472002254799
の	O=0.9992460012435913|NORM=0.000752767373342067
自分	O=0.9999583959579468|NORM=4.1139344830298796e-05
で	O=0.9999762773513794|NORM=2.325441164430231e-05
トッピング	O=0.9998993873596191|NORM=0.00010005230433307588
する	O=0.9999465942382812|NORM=5.267669621389359e-05
あれこれ	O=0.9999721050262451|NORM=2.7152093025506474e-05
は	O=0.9999724626541138|NORM=2.6956762667396106e-05
撤去	O=0.9999716281890869|NORM=2.74482044915203e-05
さ	O=0.9999637603759766|NORM=3.5658475098898634e-05
れ	O=0.9999722242355347|NORM=2.715624032134656e-05
て	O=0.999977707862854|NORM=2.1645428205374628e-05
い	O=0.9999791383743286|NORM=2.0188334019621834e-05
た	O=0.9999817609786987|NORM=1.751648960635066e-05
し	O=0.999968409538269|NORM=3.0737031920580193e-05
、	O=0.9999765157699585|NORM=2.2808353605796583e-05
洗面所	O=0.9999700784683228|NORM=2.9151060516596772e-05
の	O=0.9999451637268066|NORM=5.390950900618918e-05
ジェットタオル	O=0.9999679327011108|NORM=3.122924317722209e-05
も	O=0.9999581575393677|NORM=4.118384822504595e-05
使用	O=0.9999401569366455|NORM=5.896350194234401e-05
禁止	O=0.9999165534973145|NORM=8.101578714558855e-05
に	O=0.9999719858169556|NORM=2.723783291003201e-05
なっ	O=0.9998553991317749|NORM=0.00014288593956734985
て	O=0.9999568462371826|NORM=4.253030783729628e-05
ペーパー	O=0.9543905258178711|NORM=0.045594483613967896
に	O=0.9999722242355347|NORM=2.6946450816467404e-05
なっ	O=0.9999542236328125|NORM=4.499218630371615e-05
て	NORM=0.9893325567245483|O=0.010645769536495209
た	O=0.999976634979248|NORM=2.2571221052203327e-05
わ	NORM=0.951980471611023|O=0.047970470041036606
。	O=0.9999715089797974|NORM=2.7522723030415364e-05

ノーチラス号	NORM=0.9981743097305298|O=0.0018070075893774629

正式	O=0.9999537467956543|NORM=4.493607775657438e-05
に	O=0.9999687671661377|NORM=3.0724382668267936e-05
許可	O=0.9999134540557861|NORM=8.499040268361568e-05
を	O=0.9999641180038452|NORM=3.5343284253031015e-05
取っ	O=0.9999401569366455|NORM=5.9107522247359157e-05
て	O=0.9999679327011108|NORM=3.157374885631725e-05
客引き	O=0.9998821020126343|NORM=0.00011688334052450955
し	O=0.9998390674591064|NORM=0.00016022470663301647
てる	NORM=0.996466875076294|O=0.003523358842357993
居酒屋	O=0.9998713731765747|NORM=0.00012730092566926032
の	O=0.9999653100967407|NORM=3.403462687856518e-05
店員	O=0.9999372959136963|NORM=6.140099139884114e-05
の	O=0.9999648332595825|NORM=3.4358450648142025e-05
真後ろ	O=0.9999600648880005|NORM=3.881829252350144e-05
で	O=0.9999716281890869|NORM=2.7630288968794048e-05
「	O=0.9999312162399292|NORM=6.794640648877248e-05
悪質	O=0.999974250793457|NORM=2.5030320102814585e-05
な	O=0.9999673366546631|NORM=3.204852691851556e-05
客引き	O=0.9991642236709595|NORM=0.0008332650759257376
に	O=0.9999681711196899|NORM=3.113483398919925e-05
ご	O=0.9999681711196899|NORM=3.110853867838159e-05
注意	O=0.9999582767486572|NORM=4.064120730618015e-05
ください	O=0.9999722242355347|NORM=2.7173391572432593e-05
！	O=0.999969482421875|NORM=2.9783372156089172e-05
」	O=0.999872088432312|NORM=0.00012722455721814185
って	NORM=0.9934002161026001|O=0.006588743533939123
看板	O=0.9999701976776123|NORM=2.893041710194666e-05
を	O=0.999969482421875|NORM=3.0009696274646558e-05
持っ	O=0.9999485015869141|NORM=5.064114884589799e-05
て	O=0.9999710321426392|NORM=2.83747158391634e-05
「	O=0.9999192953109741|NORM=7.990180893102661e-05
これ	O=0.9999611377716064|NORM=3.786808156291954e-05
を	O=0.9999618530273438|NORM=3.7486479413928464e-05
見	O=0.9999594688415527|NORM=3.956747241318226e-05
て	O=0.9999655485153198|NORM=3.381386341061443e-05
ください	O=0.9999721050262451|NORM=2.7176236471859738e-05
。	O=0.9999557733535767|NORM=4.331722084316425e-05
これ	O=0.9999197721481323|NORM=7.911532156867906e-05
！	O=0.9998255372047424|NORM=0.00017335392476525158
」	O=0.9999394416809082|NORM=5.990782301523723e-05
って	NORM=0.9919330477714539|O=0.008052541874349117
感じ	O=0.9999202489852905|NORM=7.773702964186668e-05
で	O=0.999969482421875|NORM=2.9917511710664257e-05
客	O=0.9998894929885864|NORM=0.00010905429371632636
に	O=0.9999668598175049|NORM=3.252180613344535e-05
アピール	O=0.9999439716339111|NORM=5.497391612152569e-05
し	O=0.9999252557754517|NORM=7.429891411447898e-05
てる	NORM=0.9945842623710632|O=0.005402759183198214
警察官	O=0.9999691247940063|NORM=2.9985398214193992e-05
(	O=0.9999215602874756|NORM=7.714637467870489e-05
警備員	O=0.999970555305481|NORM=2.862770270439796e-05
？)	O=0.9999747276306152|NORM=2.4503819076926447e-05
が	O=0.9999758005142212|NORM=2.3485317797167227e-05
居	O=0.9999673366546631|NORM=3.196337274857797e-05
まし	O=0.9999755620956421|NORM=2.3746357328491285e-05
た	O=0.9999786615371704|NORM=2.0616347683244385e-05
。	O=0.9999619722366333|NORM=3.7228404835332185e-05
少し	O=0.9999665021896362|NORM=3.281082899775356e-05
笑い	O=0.9998608827590942|NORM=0.00013840118481311947
まし	O=0.9999650716781616|NORM=3.434210884734057e-05
た	O=0.9999704360961914|NORM=2.8926810045959428e-05
w	O=0.9215143918991089|NORM=0.07847511768341064

1日	O=0.9999680519104004|NORM=3.116899461019784e-05
は	O=0.9998774528503418|NORM=0.00012197139585623518
早い	O=0.9998143315315247|NORM=0.00018319748050998896
のに	O=0.9999518394470215|NORM=4.665283267968334e-05
、	O=0.9999468326568604|NORM=5.1814498874591663e-05
1週間	O=0.9999709129333496|NORM=2.8175143597763963e-05
は	O=0.9999513626098633|NORM=4.798738154931925e-05
なぜ	O=0.9999420642852783|NORM=5.672384941135533e-05
か	O=0.9999649524688721|NORM=3.429942807997577e-05
長い	O=0.9999423027038574|NORM=5.540414713323116e-05
です	O=0.9999749660491943|NORM=2.432841938571073e-05
。	O=0.9999486207962036|NORM=5.019399759476073e-05
まだ	O=0.9999524354934692|NORM=4.6956749429227784e-05
木曜日	O=0.9999709129333496|NORM=2.8197080609970726e-05
です	O=0.9999607801437378|NORM=3.861311051878147e-05
。	O=0.9999440908432007|NORM=5.462566332425922e-05
あと	O=0.9999620914459229|NORM=3.69663248420693e-05
、	O=0.9999579191207886|NORM=4.131234891247004e-05
金曜日	O=0.9999727010726929|NORM=2.6308696760679595e-05
と	O=0.9999474287033081|NORM=5.1681137847481295e-05
土曜日	O=0.9999442100524902|NORM=5.4703188652638346e-05
です	O=0.9999626874923706|NORM=3.669343641377054e-05
！	O=0.9968246221542358|NORM=0.003173884702846408
！	O=0.9699453115463257|NORM=0.03004622831940651
そしたら	NORM=0.9916943907737732|O=0.008297275751829147
お	O=0.9999736547470093|NORM=2.5758268748177215e-05
休み	O=0.9999769926071167|NORM=2.2119234927231446e-05
が	O=0.9999790191650391|NORM=2.046147892542649e-05
来	O=0.999970555305481|NORM=2.8417707653716207e-05
ます	O=0.9999767541885376|NORM=2.2568383428733796e-05
！	O=0.9999003410339355|NORM=9.90968183032237e-05
！	O=0.9962028861045837|NORM=0.0037929730024188757

ドーナツ	O=0.999936580657959|NORM=6.2671591877006e-05
2	O=0.9999469518661499|NORM=5.238125231699087e-05
個	O=0.9999668598175049|NORM=3.257227217545733e-05
で	O=0.9999662637710571|NORM=3.319407187518664e-05
昼	O=0.9998860359191895|NORM=0.00011295636068098247
が	O=0.999943733215332|NORM=5.580012293648906e-05
終わり	O=0.9998732805252075|NORM=0.00012496448471210897
とか	O=0.9999082088470459|NORM=9.108113590627909e-05
、	O=0.9999047517776489|NORM=9.432489605387673e-05
本当に	O=0.9999597072601318|NORM=3.973022467107512e-05
ミス	O=0.9999651908874512|NORM=3.419071435928345e-05
し	O=0.9999711513519287|NORM=2.830712401191704e-05
まし	O=0.9999725818634033|NORM=2.6796007659868337e-05
た	O=0.9999760389328003|NORM=2.337939804419875e-05
。	O=0.9999282360076904|NORM=7.071724394336343e-05
こんなに	O=0.999944806098938|NORM=5.4648000514134765e-05
腹	O=0.9999347925186157|NORM=6.451182707678527e-05
に	O=0.9999579191207886|NORM=4.174403511569835e-05
来る	O=0.9999070167541504|NORM=9.184871305478737e-05
なら	O=0.9999175071716309|NORM=8.184392208931968e-05
食わ	NORM=0.9861363172531128|O=0.013856020756065845
なかっ	O=0.9999507665634155|NORM=4.8709775001043454e-05
た	O=0.9999710321426392|NORM=2.8388656573952176e-05
です	O=0.9999610185623169|NORM=3.838251359411515e-05
…	NORM=0.9979054927825928|O=0.002085508778691292

今日	O=0.9999687671661377|NORM=3.069653030252084e-05
は	O=0.9996170997619629|NORM=0.00038229351048357785
紅楼夢	O=0.9999589920043945|NORM=4.046133108204231e-05
で	O=0.9999518394470215|NORM=4.768271537614055e-05
地方	O=0.9999600648880005|NORM=3.920102972188033e-05
の	O=0.9999680519104004|NORM=3.133622885798104e-05
イベント	O=0.9999563694000244|NORM=4.299376087146811e-05
を	O=0.9999715089797974|NORM=2.8003345505567268e-05
紹介	O=0.9999617338180542|NORM=3.763175482163206e-05
する	O=0.9999464750289917|NORM=5.302289719111286e-05
時	O=0.9999438524246216|NORM=5.555259122047573e-05
に	O=0.9999589920043945|NORM=4.062949665240012e-05
ぼんぼり	O=0.9998987913131714|NORM=0.00010072260192828253
祭	O=0.9999440908432007|NORM=5.527631947188638e-05
の	O=0.9999436140060425|NORM=5.5973865528358147e-05
話	O=0.9999659061431885|NORM=3.3433447242714465e-05
が	O=0.9999752044677734|NORM=2.4243588995886967e-05
あり	O=0.9999715089797974|NORM=2.7903588488698006e-05
まし	O=0.999967098236084|NORM=3.221706720069051e-05
た	O=0.9999760389328003|NORM=2.332232179469429e-05
。	O=0.9999401569366455|NORM=5.880239768885076e-05
両方	O=0.9999539852142334|NORM=4.522313975030556e-05
に	O=0.9999723434448242|NORM=2.7012656573788263e-05
参加	O=0.9999589920043945|NORM=4.034861922264099e-05
し	O=0.9999628067016602|NORM=3.665384792839177e-05
た	O=0.9999680519104004|NORM=3.141585330013186e-05
人	O=0.9999632835388184|NORM=3.5756358556682244e-05
も	O=0.9999701976776123|NORM=2.9173757866374217e-05
い	O=0.9999740123748779|NORM=2.540877540013753e-05
た	O=0.9999761581420898|NORM=2.336508987355046e-05
よう	O=0.9999556541442871|NORM=4.3543488573050126e-05
です	O=0.9999723434448242|NORM=2.6947685910272412e-05
。	O=0.99996018409729|NORM=3.8950609450694174e-05

腰	O=0.9999721050262451|NORM=2.677034899534192e-05
を	O=0.9999723434448242|NORM=2.7085425244877115e-05
イワ	O=0.6931785941123962|NORM=0.306802898645401
し	O=0.9999725818634033|NORM=2.687116648303345e-05
て	O=0.9999750852584839|NORM=2.4282966478494927e-05
い	O=0.9999775886535645|NORM=2.169928848161362e-05
ます	O=0.9999773502349854|NORM=2.191713974752929e-05
。	O=0.9999547004699707|NORM=4.45082550868392e-05
痛み	O=0.9999561309814453|NORM=4.274958337191492e-05
止め	O=0.9999573230743408|NORM=4.1890172724379227e-05
飲ん	O=0.9998856782913208|NORM=0.00011362660734448582
でる	NORM=0.9852428436279297|O=0.014734987169504166
から	O=0.9999579191207886|NORM=4.071016519446857e-05
か	O=0.9999715089797974|NORM=2.7795387723017484e-05
、	O=0.9999639987945557|NORM=3.5213990486226976e-05
四六時中	O=0.9999736547470093|NORM=2.569442949607037e-05
眠い	O=0.9999755620956421|NORM=2.375779877183959e-05
です	O=0.9999774694442749|NORM=2.188610415032599e-05
。	O=0.9999558925628662|NORM=4.337924110586755e-05
行ける	O=0.9996476173400879|NORM=0.0003515665011946112
日	O=0.9999537467956543|NORM=4.552993777906522e-05
は	O=0.9999148845672607|NORM=8.454630005871877e-05
整骨院	O=0.9999712705612183|NORM=2.8059048418072052e-05
で	O=0.9999692440032959|NORM=3.0218619940569624e-05
ほぐし	O=0.9999589920043945|NORM=4.057737533003092e-05
て	O=0.999958872795105|NORM=4.0609153074910864e-05
もらい	O=0.999953031539917|NORM=4.622295455192216e-05
ます	O=0.9999698400497437|NORM=2.941877392004244e-05
が	O=0.9999721050262451|NORM=2.7117857825942338e-05
、	O=0.9999568462371826|NORM=4.218594040139578e-05
今日	O=0.9999581575393677|NORM=4.0945506043499336e-05
と	O=0.9999574422836304|NORM=4.1681876609800383e-05
明日	O=0.9999529123306274|NORM=4.624627763405442e-05
は	O=0.9998751878738403|NORM=0.00012414559023454785
休み	O=0.9975946545600891|NORM=0.00240139476954937
やん	NORM=0.9961695075035095|O=0.003821707796305418
。	O=0.9999605417251587|NORM=3.8582991692237556e-05
テーピング	O=0.99989914894104|NORM=9.984991629607975e-05
も	O=0.9999431371688843|NORM=5.647399666486308e-05
かゆく	NORM=0.9317980408668518|O=0.06818606704473495
なっ	O=0.9917158484458923|NORM=0.008280608803033829
て	O=0.9997840523719788|NORM=0.00021522569295484573
はがし	O=0.9999721050262451|NORM=2.7224306904827245e-05
まし	O=0.9999738931655884|NORM=2.5410490707145073e-05
た	O=0.9999758005142212|NORM=2.363491330470424e-05
し	O=0.9999624490737915|NORM=3.6800520319957286e-05
、	O=0.9999616146087646|NORM=3.7717443774454296e-05
明日	O=0.9999580383300781|NORM=4.123328108107671e-05
は	O=0.9999518394470215|NORM=4.764334880746901e-05
文字通り	O=0.9999465942382812|NORM=5.28767159266863e-05
丸腰	O=0.999882698059082|NORM=0.00011603365419432521
です	O=0.9999750852584839|NORM=2.428109110041987e-05
。	O=0.9999643564224243|NORM=3.487910362309776e-05
腰	O=0.9999401569366455|NORM=5.8961370086763054e-05
が	O=0.9999527931213379|NORM=4.677699689636938e-05
夜	O=0.9999619722366333|NORM=3.732520781341009e-05
まで	O=0.9999672174453735|NORM=3.226245098630898e-05
もっ	O=0.9983034133911133|NORM=0.001695402548648417
て	O=0.9999508857727051|NORM=4.8580532165942714e-05
くれる	O=0.9999465942382812|NORM=5.280611730995588e-05
こと	O=0.9999703168869019|NORM=2.9139975595171563e-05
を	O=0.9999703168869019|NORM=2.91729284072062e-05
願っ	O=0.999944806098938|NORM=5.4696385632269084e-05
て	O=0.9999734163284302|NORM=2.604136898298748e-05
い	O=0.9999771118164062|NORM=2.2293359506875277e-05
ます	O=0.9999752044677734|NORM=2.4102431780193e-05
!	O=0.999968409538269|NORM=3.082009789068252e-05

別	O=0.9999537467956543|NORM=4.5313139708014205e-05
に	O=0.9999611377716064|NORM=3.8318627048283815e-05
怒っ	O=0.9999005794525146|NORM=9.886047337204218e-05
て	O=0.999962329864502|NORM=3.712758552865125e-05
い	O=0.9999674558639526|NORM=3.2040068617789075e-05
ませ	O=0.9999591112136841|NORM=4.0349164919462055e-05
ん	O=0.9999570846557617|NORM=4.236964014125988e-05
よ	O=0.999776303768158|NORM=0.0002223728079115972
、	NORM=0.9827920794487|O=0.017192190513014793
怒っ	O=0.9999041557312012|NORM=9.528356895316392e-05
て	O=0.999964714050293|NORM=3.476401980151422e-05
い	O=0.9999686479568481|NORM=3.080406168010086e-05
ませ	O=0.9999662637710571|NORM=3.326410296722315e-05
ん	O=0.9999586343765259|NORM=4.086987974005751e-05
が	O=0.9999666213989258|NORM=3.2753370760474354e-05
、	O=0.9999607801437378|NORM=3.8490088627440855e-05
電車	O=0.9999661445617676|NORM=3.3145290217362344e-05
が	O=0.9999715089797974|NORM=2.8049611501046456e-05
遅延	O=0.9999673366546631|NORM=3.208519774489105e-05
とか	O=0.9999488592147827|NORM=5.050703475717455e-05
嘘	O=0.9999743700027466|NORM=2.5091720090131275e-05
を	O=0.9999681711196899|NORM=3.141307024634443e-05
つく	O=0.9999430179595947|NORM=5.645729834213853e-05
の	O=0.9994943141937256|NORM=0.0005045654252171516
嫌	O=0.9999656677246094|NORM=3.33162461174652e-05
です	O=0.9999755620956421|NORM=2.3863407477620058e-05
ね	O=0.9999737739562988|NORM=2.554987440817058e-05
。	O=0.9999532699584961|NORM=4.587117655319162e-05
全然	O=0.9999628067016602|NORM=3.648056372185238e-05
遅れ	O=0.9999706745147705|NORM=2.8727476092171855e-05
て	O=0.9999700784683228|NORM=2.94175733870361e-05
い	O=0.9999717473983765|NORM=2.7744121325667948e-05
ませ	O=0.9999717473983765|NORM=2.7750895242206752e-05
ん	O=0.9999676942825317|NORM=3.1743780709803104e-05
よ	O=0.9999569654464722|NORM=4.239461850374937e-05
、	NORM=0.9798765778541565|O=0.020111186429858208
ですが	O=0.9999473094940186|NORM=5.183745815884322e-05
、	O=0.9999411106109619|NORM=5.7897152146324515e-05
仕方がない	O=0.9769821166992188|NORM=0.023000303655862808
か	O=0.9998869895935059|NORM=0.00011248937516938895
あの	O=0.9998792409896851|NORM=0.00012025515752611682
子	O=0.9999028444290161|NORM=9.623511868994683e-05
は	O=0.9999518394470215|NORM=4.776149944518693e-05
きっと	O=0.9999499320983887|NORM=4.9310467147734016e-05
私	O=0.9999619722366333|NORM=3.6915516830049455e-05
より	O=0.9999645948410034|NORM=3.466036287136376e-05
も	O=0.9999488592147827|NORM=5.0689723138930276e-05
要領	O=0.9999548196792603|NORM=4.471771535463631e-05
が	O=0.9999464750289917|NORM=5.304955266183242e-05
いい	O=0.9999021291732788|NORM=9.7307151008863e-05
ん	NORM=0.9911252856254578|O=0.008861440233886242
です	NORM=0.6505153179168701|O=0.3492679297924042
もの	O=0.681841254234314|NORM=0.3181471526622772
、	NORM=0.9071622490882874|O=0.09282733500003815
生きる	O=0.9998812675476074|NORM=0.0001182959895231761
の	O=0.9993852376937866|NORM=0.0006139868055470288
が	O=0.9999169111251831|NORM=8.262749906862155e-05
上手	O=0.9999476671218872|NORM=5.165552647667937e-05
な	O=0.9998188614845276|NORM=0.00018077102140523493
ん	NORM=0.9240651726722717|O=0.07592429220676422
です	O=0.9997783303260803|NORM=0.00022117362823337317
もの	NORM=0.9327977299690247|O=0.06718701124191284
、	NORM=0.7955066561698914|O=0.20443275570869446
私	O=0.9999687671661377|NORM=3.0241380954976194e-05
は	O=0.9999703168869019|NORM=2.9234479370643385e-05
せめて	O=0.9999494552612305|NORM=4.9901933380169794e-05
誠実	O=0.9999743700027466|NORM=2.5019748136401176e-05
で	O=0.9999653100967407|NORM=3.400773130124435e-05
い	O=0.9999568462371826|NORM=4.255205567460507e-05
なく	O=0.9996329545974731|NORM=0.00036572598037309945
ちゃ	NORM=0.9950451850891113|O=0.004941307473927736
と	O=0.9999642372131348|NORM=3.5001288779312745e-05
思い	O=0.9999556541442871|NORM=4.3818676203954965e-05
ます	O=0.999963641166687|NORM=3.5748053051065654e-05
。	O=0.9999629259109497|NORM=3.634136010077782e-05

応援	O=0.9999697208404541|NORM=2.968659646285232e-05
執行	O=0.9998798370361328|NORM=0.00011966822057729587
上映	O=0.9999104738235474|NORM=8.867785072652623e-05
と	O=0.9999396800994873|NORM=5.906089427298866e-05
は	O=0.9999616146087646|NORM=3.7857233110116795e-05
何	O=0.999972939491272|NORM=2.6293326300219633e-05
です	O=0.9999711513519287|NORM=2.810023033816833e-05
か	O=0.9999707937240601|NORM=2.844827395165339e-05
…	NORM=0.9988577365875244|O=0.001135935657657683

打ち合わせ	O=0.9997996687889099|NORM=0.00019678651005961
前	O=0.9999576807022095|NORM=4.1102332033915445e-05
に	O=0.9999657869338989|NORM=3.33608259097673e-05
お	O=0.9998773336410522|NORM=0.00012152134877396747
昼ご飯	O=0.9999076128005981|NORM=9.154305735137314e-05
です	NORM=0.9974663257598877|O=0.0025161663070321083
お気に入り	O=0.9999600648880005|NORM=3.879423820762895e-05
の	O=0.9999582767486572|NORM=4.0803191950544715e-05
海鮮丼	O=0.9969370365142822|NORM=0.003055195091292262
1000円	NORM=0.9855664968490601|O=0.014369894750416279

7月	O=0.9999583959579468|NORM=4.045482273795642e-05
に	O=0.9999662637710571|NORM=3.3020860428223386e-05
入っ	O=0.9997207522392273|NORM=0.00027709276764653623
て	O=0.999966025352478|NORM=3.320124960737303e-05
から	O=0.9999779462814331|NORM=2.1263746020849794e-05
慢性的	O=0.9999489784240723|NORM=4.92785511596594e-05
に	O=0.9999654293060303|NORM=3.365894372109324e-05
体調	O=0.9999687671661377|NORM=3.032423774129711e-05
が	O=0.9999768733978271|NORM=2.2564316168427467e-05
悪く	O=0.9999643564224243|NORM=3.4387347113806754e-05
て	O=0.9998995065689087|NORM=9.906602645060048e-05
原因	O=0.99996018409729|NORM=3.803856088779867e-05
が	O=0.9999723434448242|NORM=2.70950113190338e-05
つかめ	O=0.9999549388885498|NORM=4.448170147952624e-05
なかっ	O=0.9999421834945679|NORM=5.70216761843767e-05
た	O=0.9999761581420898|NORM=2.3233060346683487e-05
ん	NORM=0.9920086860656738|O=0.007975799962878227
です	O=0.9999707937240601|NORM=2.8438535082386807e-05
が	O=0.9999727010726929|NORM=2.644478445290588e-05
、	O=0.9999617338180542|NORM=3.7054480344522744e-05
これ	O=0.999967098236084|NORM=3.1355000828625634e-05
は	O=0.9999525547027588|NORM=4.664610605686903e-05
アニメ	O=0.9999486207962036|NORM=5.054431676398963e-05
が	O=0.9999467134475708|NORM=5.2620966016547754e-05
原因	O=0.999843955039978|NORM=0.00015453516971319914
ん	NORM=0.991672933101654|O=0.008315866813063622
よう	O=0.9949485063552856|NORM=0.00504731573164463
です	O=0.9999723434448242|NORM=2.700366712815594e-05
ね	O=0.9999749660491943|NORM=2.4302100428030826e-05
。	O=0.9999723434448242|NORM=2.657994264154695e-05

から	O=0.9999572038650513|NORM=4.173281922703609e-05
の	O=0.9974464178085327|NORM=0.002549997065216303
キスマイ	NORM=0.9988707900047302|O=0.0011217182036489248

少し	O=0.9999737739562988|NORM=2.5360521249240264e-05
前	O=0.9999752044677734|NORM=2.4191898774006404e-05
から	O=0.9999785423278809|NORM=2.090369162033312e-05
毎日	O=0.9999750852584839|NORM=2.4160608518286608e-05
の	O=0.9999480247497559|NORM=5.1215640269219875e-05
よう	O=0.999881386756897|NORM=0.0001168298622360453
に	O=0.9999730587005615|NORM=2.6335792426834814e-05
付きまとわ	O=0.9998432397842407|NORM=0.00015635517775081098
れ	O=0.999940037727356|NORM=5.955064625595696e-05
て	O=0.9999735355377197|NORM=2.581364242359996e-05
い	O=0.9999779462814331|NORM=2.137367846444249e-05
ます	O=0.9999767541885376|NORM=2.2480011466541328e-05
。	O=0.9999403953552246|NORM=5.8547921071294695e-05
姿	O=0.9999668598175049|NORM=3.238741555833258e-05
が	O=0.9999690055847168|NORM=3.052054671570659e-05
見え	O=0.9999324083328247|NORM=6.662236410193145e-05
ない	O=0.9999583959579468|NORM=4.096649354323745e-05
日	O=0.9999653100967407|NORM=3.3961416193051264e-05
も	O=0.9999535083770752|NORM=4.5939967094454914e-05
あっ	O=0.9996477365493774|NORM=0.00035004448727704585
て	O=0.9999315738677979|NORM=6.790788029320538e-05
油断	O=0.9999644756317139|NORM=3.4918815799755976e-05
し	O=0.9999308586120605|NORM=6.85416889609769e-05
てる	NORM=0.998244047164917|O=0.0017512025078758597
と	O=0.9994053840637207|NORM=0.0005906301084905863
きっちり	O=0.9999421834945679|NORM=5.741943095927127e-05
現れ	O=0.998703122138977|NORM=0.0012929885415360332
て	O=0.9999572038650513|NORM=4.2145056795561686e-05
、	O=0.9999619722366333|NORM=3.7276615330483764e-05
最近	O=0.9999692440032959|NORM=2.9970962714287452e-05
で	O=0.9999620914459229|NORM=3.7200370570644736e-05
は	O=0.9999597072601318|NORM=3.973284037783742e-05
睡眠	O=0.9999594688415527|NORM=3.946199649362825e-05
妨害	O=0.9999672174453735|NORM=3.197849218850024e-05
まで	O=0.9999717473983765|NORM=2.7701715225703083e-05
し	O=0.9999728202819824|NORM=2.6600853743730113e-05
て	O=0.9999741315841675|NORM=2.5289042241638526e-05
き	O=0.9999715089797974|NORM=2.7850284823216498e-05
ます	O=0.9999727010726929|NORM=2.6647187041817233e-05
…	NORM=0.8180264830589294|O=0.18194220960140228
も	O=0.9994843006134033|NORM=0.0005147907650098205
ういい	O=0.9711478352546692|NORM=0.02884843945503235
加減	O=0.9999631643295288|NORM=3.614635352278128e-05
に	O=0.999974250793457|NORM=2.5121693397522904e-05
し	O=0.9999728202819824|NORM=2.649732050485909e-05
て	O=0.9999717473983765|NORM=2.763269003480673e-05
ください	O=0.9999696016311646|NORM=2.9698683647438884e-05
!!!	O=0.9999686479568481|NORM=3.0357450668816455e-05

会い	O=0.8439027070999146|NORM=0.15605172514915466
たい	O=0.9998730421066284|NORM=0.00012605066876858473
です	NORM=0.992233395576477|O=0.007725789677351713
会い	O=0.6631394624710083|NORM=0.3367336690425873
たい	O=0.9999241828918457|NORM=7.506704423576593e-05
の	O=0.99989914894104|NORM=9.927860082825646e-05
に	O=0.9998664855957031|NORM=0.00013227872841525823
凄く	O=0.9923641681671143|NORM=0.007632378023117781
遠い	O=0.9999710321426392|NORM=2.833067082974594e-05
です	O=0.9999600648880005|NORM=3.925909550162032e-05
。	O=0.9999207258224487|NORM=7.808688678778708e-05

青	O=0.999956488609314|NORM=4.297650957596488e-05
猫	O=0.999937891960144|NORM=6.142873462522402e-05
1	O=0.9954211115837097|NORM=0.0045762755908071995
st	O=0.9998086094856262|NORM=0.00019067990069743246
を	O=0.9999579191207886|NORM=4.1479579522274435e-05
作り	O=0.999958872795105|NORM=4.053238808410242e-05
ます	O=0.9999295473098755|NORM=6.976798613322899e-05
か	NORM=0.9986887574195862|O=0.0013064431259408593

一応	O=0.9999508857727051|NORM=4.8205649363808334e-05
Facebook	O=0.9997879862785339|NORM=0.00021043018205091357
の	O=0.9998655319213867|NORM=0.00013310393842402846
アカ	NORM=0.6634735465049744|O=0.33648109436035156
も	O=0.999948263168335|NORM=5.130525823915377e-05
持っ	O=0.9990218877792358|NORM=0.000972891051787883
てる	NORM=0.9972219467163086|O=0.002770893042907119
の	O=0.9999501705169678|NORM=4.859448745264672e-05
です	O=0.9999662637710571|NORM=3.269072840339504e-05
が	O=0.9999698400497437|NORM=2.9105996873113327e-05
、	O=0.9999188184738159|NORM=7.917661423562095e-05
近況	O=0.9998906850814819|NORM=0.00010714805830502883
を	O=0.9999657869338989|NORM=3.3376229112036526e-05
アップデート	O=0.9998812675476074|NORM=0.0001163662745966576
し	O=0.9999687671661377|NORM=3.0431630875682458e-05
て	O=0.9999686479568481|NORM=3.059720984310843e-05
「	O=0.9995310306549072|NORM=0.00046794384252279997
今	O=0.9999613761901855|NORM=3.76189018425066e-05
、	O=0.9549861550331116|NORM=0.04500750079751015
どんな	O=0.9999594688415527|NORM=3.9687536627752706e-05
気持ち	O=0.9999687671661377|NORM=3.0480516215902753e-05
です	O=0.9999529123306274|NORM=4.648975300369784e-05
か	O=0.9999688863754272|NORM=3.0473136575892568e-05
？	O=0.9998370409011841|NORM=0.00016130988660734147
」	O=0.9998787641525269|NORM=0.00012009820056846365
と	O=0.9999537467956543|NORM=4.520677975961007e-05
聞か	O=0.9999499320983887|NORM=4.963147875969298e-05
れる	O=0.9999345541000366|NORM=6.436586409108713e-05
一文	O=0.9999549388885498|NORM=4.404417268233374e-05
が	O=0.9999734163284302|NORM=2.57912979577668e-05
何故か	O=0.9999769926071167|NORM=2.2426591385737993e-05
むかつき	O=0.9999686479568481|NORM=3.057011781493202e-05
ます	O=0.99997878074646|NORM=2.035957368207164e-05
。	O=0.9999573230743408|NORM=4.1843890357995406e-05

結局	O=0.999971866607666|NORM=2.7309304641676135e-05
今夏	O=0.9999748468399048|NORM=2.441176002321299e-05
も	O=0.9999693632125854|NORM=3.0082617740845308e-05
Orient	O=0.9999212026596069|NORM=7.775059930281714e-05
al	O=0.9999579191207886|NORM=4.150284803472459e-05
TRaffic	O=0.9999256134033203|NORM=7.37802401999943e-05
の	O=0.9999421834945679|NORM=5.689093086402863e-05
7割	O=0.9999741315841675|NORM=2.5011964680743404e-05
引き	O=0.9999393224716187|NORM=5.909106766921468e-05
で	O=0.9999743700027466|NORM=2.497793138900306e-05
買っ	O=0.9999445676803589|NORM=5.488756869453937e-05
た	O=0.9999727010726929|NORM=2.656844662851654e-05
サンダル	O=0.999963641166687|NORM=3.574993024813011e-05
を	O=0.9999697208404541|NORM=2.9722092222073115e-05
履い	O=0.9997957348823547|NORM=0.00020378778572194278
て	O=0.999974250793457|NORM=2.528576624172274e-05
いる	O=0.9999711513519287|NORM=2.8335996830719523e-05
の	O=0.9999685287475586|NORM=3.063221447519027e-05
でし	O=0.9999634027481079|NORM=3.5609966289484873e-05
た	O=0.9999749660491943|NORM=2.4146118448697962e-05
。	O=0.9999285936355591|NORM=7.041631761239842e-05
去年	O=0.9999074935913086|NORM=9.153797873295844e-05
オタ垢	NORM=0.9702678918838501|O=0.029694102704524994
で	O=0.9984135627746582|NORM=0.0015839873813092709
安さ	O=0.999971866607666|NORM=2.7128764486406e-05
を	O=0.9999593496322632|NORM=4.011180135421455e-05
自慢	O=0.9999428987503052|NORM=5.6327571655856445e-05
し	O=0.9999668598175049|NORM=3.2577368983766064e-05
た	O=0.9999734163284302|NORM=2.5893576093949378e-05
やつ	O=0.9999591112136841|NORM=3.966016447520815e-05
です	O=0.9999754428863525|NORM=2.3932803742354736e-05
ね	O=0.9999673366546631|NORM=3.2057243515737355e-05
…	NORM=0.9961787462234497|O=0.0038134842179715633
かわいい	O=0.9976128339767456|NORM=0.002386014675721526
、	NORM=0.9608893394470215|O=0.03907807171344757
疲れ	O=0.9999707937240601|NORM=2.836913517967332e-05
ませ	O=0.9999698400497437|NORM=2.958271034003701e-05
ん	O=0.9999699592590332|NORM=2.9511957109207287e-05
。	O=0.9999667406082153|NORM=3.248268330935389e-05
何度	O=0.9999762773513794|NORM=2.3020342268864624e-05
か	O=0.9999717473983765|NORM=2.7682910513249226e-05
サンダル	O=0.999962329864502|NORM=3.7077621527714655e-05
を	O=0.9999701976776123|NORM=2.9260219889692962e-05
探し	O=0.9999716281890869|NORM=2.7545491320779547e-05
に	O=0.9999517202377319|NORM=4.7791610995773226e-05
Oriental	O=0.9999070167541504|NORM=9.136594599112868e-05
TRaffic	O=0.9998599290847778|NORM=0.00013929817941971123
も	O=0.99996018409729|NORM=3.933468906325288e-05
行き	O=0.9999639987945557|NORM=3.5280278098070994e-05
まし	O=0.9999735355377197|NORM=2.5910821932484396e-05
た	O=0.9999728202819824|NORM=2.6581477868603542e-05
が	O=0.9999674558639526|NORM=3.1700423278380185e-05
気に入る	O=0.9999619722366333|NORM=3.722347173606977e-05
もの	O=0.9999690055847168|NORM=3.004547761520371e-05
が	O=0.9999701976776123|NORM=2.9120001272531226e-05
なく	O=0.9999374151229858|NORM=6.11103096161969e-05
。	O=0.9999680519104004|NORM=3.1217663490679115e-05

KING	O=0.9945374131202698|NORM=0.005457984283566475
SUPER	O=0.9998631477355957|NORM=0.00013509079872164875
LIVE	O=0.9996470212936401|NORM=0.00035089318407699466
、	NORM=0.9803723692893982|O=0.01962231658399105
gela	O=0.8621601462364197|NORM=0.1378248631954193
先輩	O=0.9999220371246338|NORM=7.716252730460837e-05
は	O=0.9999673366546631|NORM=3.2181607821257785e-05
何	O=0.9999743700027466|NORM=2.499218135199044e-05
を	O=0.9999743700027466|NORM=2.4986960852402262e-05
歌う	O=0.9972701668739319|NORM=0.0027286566328257322
ん	NORM=0.9845855832099915|O=0.015406244434416294
、	NORM=0.9788841009140015|O=0.02110852114856243
しょう	O=0.5414226651191711|NORM=0.45855912566185
か	O=0.9999501705169678|NORM=4.909833296551369e-05
。	O=0.9999525547027588|NORM=4.65386183350347e-05

1万円	O=0.9999533891677856|NORM=4.5804692490492016e-05
ちょっと	O=0.9998925924301147|NORM=0.00010676342208171263
じゃ	NORM=0.9992334842681885|O=0.0007570465677417815
何	O=0.9999719858169556|NORM=2.7297017368255183e-05
も	O=0.9999666213989258|NORM=3.28328060277272e-05
でき	O=0.9999711513519287|NORM=2.820077133947052e-05
ない	O=0.999972939491272|NORM=2.6336116206948645e-05
です	O=0.9999754428863525|NORM=2.395511546637863e-05
よ	O=0.9999556541442871|NORM=4.383439591038041e-05
、	O=0.9979482293128967|NORM=0.0020490847527980804
あべちゃん	O=0.9959927201271057|NORM=0.003997248597443104
！	O=0.9984241724014282|NORM=0.0015732909087091684
！	O=0.9827936887741089|NORM=0.01719980500638485
！	NORM=0.7494247555732727|O=0.25055304169654846
！	NORM=0.9846023321151733|O=0.015380515716969967

自分	O=0.9999773502349854|NORM=2.2080443159211427e-05
を	O=0.9999737739562988|NORM=2.5684657884994522e-05
癒す	O=0.9999697208404541|NORM=2.9798466130159795e-05
旅	O=0.9999698400497437|NORM=2.9438080673571676e-05
に	O=0.9999738931655884|NORM=2.5683459170977585e-05
出	O=0.9999696016311646|NORM=2.9865204851375893e-05
て	O=0.9999716281890869|NORM=2.790495091176126e-05
き	O=0.9999709129333496|NORM=2.8532287615234964e-05
まし	O=0.9999576807022095|NORM=4.167043880443089e-05
た	NORM=0.9917700290679932|O=0.008138308301568031
今日	O=0.9999351501464844|NORM=6.430380744859576e-05
は	O=0.9999504089355469|NORM=4.915241152048111e-05
お金	O=0.999974250793457|NORM=2.4975190171971917e-05
を	O=0.9999715089797974|NORM=2.7979078367934562e-05
たくさん	O=0.9999750852584839|NORM=2.4250683054560795e-05
使い	O=0.9999713897705078|NORM=2.7970885639660992e-05
まし	O=0.9999715089797974|NORM=2.7806336220237426e-05
た	O=0.9999737739562988|NORM=2.569320895418059e-05
。	O=0.9999332427978516|NORM=6.576278246939182e-05
誕生日	O=0.9999513626098633|NORM=4.774275657837279e-05
だ	O=0.999968409538269|NORM=3.080643364228308e-05
から	O=0.9999630451202393|NORM=3.6122295568929985e-05
別に	O=0.9999048709869385|NORM=9.43408376770094e-05
いい	O=0.9999581575393677|NORM=4.104214895050973e-05
の	O=0.9999681711196899|NORM=3.099198511335999e-05
です	O=0.9999701976776123|NORM=2.9161741622374393e-05
。	O=0.9999239444732666|NORM=7.485199603252113e-05
正式	O=0.999747097492218|NORM=0.00025039471802301705
に	O=0.9999434947967529|NORM=5.575191607931629e-05
は	O=0.9999202489852905|NORM=7.91319616837427e-05
明日	O=0.9999217987060547|NORM=7.730031211394817e-05
な	O=0.996957540512085|NORM=0.003041572403162718
ん	NORM=0.991597592830658|O=0.008365199901163578
です	O=0.9999359846115112|NORM=6.334315548883751e-05
が	O=0.999956488609314|NORM=4.274425737094134e-05
ね	O=0.9999698400497437|NORM=2.952166505565401e-05
。	O=0.9999597072601318|NORM=3.949306483264081e-05

ラグビー	O=0.9983630776405334|NORM=0.0016329223290085793
は	O=0.9999682903289795|NORM=3.1037357985042036e-05
「	O=0.9984034895896912|NORM=0.0015943222679197788
よく	O=0.9999673366546631|NORM=3.1977975595509633e-05
わかり	O=0.9999690055847168|NORM=3.0335582778207026e-05
ませ	O=0.9999622106552124|NORM=3.710347300511785e-05
ん	O=0.9999641180038452|NORM=3.521322287269868e-05
が	O=0.999970555305481|NORM=2.873922676371876e-05
、	O=0.9999680519104004|NORM=3.123070564470254e-05
面白い	O=0.9999721050262451|NORM=2.6663896278478205e-05
です	O=0.9999786615371704|NORM=2.057588608295191e-05
ね	O=0.9999772310256958|NORM=2.210055936302524e-05
。	O=0.9999630451202393|NORM=3.6112789530307055e-05
」	O=0.9999533891677856|NORM=4.5714616135228425e-05
と	O=0.9999599456787109|NORM=3.9152902900241315e-05
言っ	O=0.9997612833976746|NORM=0.00023798088659532368
てる	NORM=0.9963029623031616|O=0.003689827397465706
ミーハー	O=0.9997069239616394|NORM=0.0002922960848081857
な	O=0.9999589920043945|NORM=4.0455117414239794e-05
ん	NORM=0.9944262504577637|O=0.005564127583056688
です	O=0.9999673366546631|NORM=3.203010419383645e-05
が	O=0.9999667406082153|NORM=3.253185423091054e-05
、	O=0.9999240636825562|NORM=7.50921608414501e-05
見	O=0.9994317889213562|NORM=0.0005667576915584505
てる	NORM=0.9972208738327026|O=0.002773734973743558
だけ	O=0.9999316930770874|NORM=6.746069993823767e-05
で	O=0.9999558925628662|NORM=4.344013723311946e-05
楽しい	O=0.9999624490737915|NORM=3.648677738965489e-05
ので	O=0.999955415725708|NORM=4.38156166637782e-05
、	O=0.9999712705612183|NORM=2.799863796099089e-05
ちゃんと	O=0.9999630451202393|NORM=3.6263434594729915e-05
ルール	O=0.9999747276306152|NORM=2.4575996576459147e-05
が	O=0.9999740123748779|NORM=2.54879669228103e-05
わかる	O=0.9999550580978394|NORM=4.423988502821885e-05
よう	O=0.9999620914459229|NORM=3.720519816852175e-05
に	O=0.999975323677063|NORM=2.4189919713535346e-05
なり	O=0.9999723434448242|NORM=2.7017265892936848e-05
たい	O=0.9999741315841675|NORM=2.5089299015235156e-05
です	O=0.9999750852584839|NORM=2.410472916380968e-05
。	O=0.9999674558639526|NORM=3.1618750654160976e-05

MX	NORM=0.5532697439193726|O=0.44671526551246643
の	O=0.9993791580200195|NORM=0.0006193508743308485
国	O=0.9998906850814819|NORM=0.00010822287731571123
じゃ	NORM=0.9972633123397827|O=0.002720276825129986
ない	O=0.9986553192138672|NORM=0.0013400788884609938
ので	O=0.9999306201934814|NORM=6.829619815107435e-05
、	O=0.9960272312164307|NORM=0.003970821388065815
TL	NORM=0.517365574836731|O=0.48260465264320374
の	O=0.9996100068092346|NORM=0.00038785760989412665
『	O=0.9999619722366333|NORM=3.735169957508333e-05
うたの☆プリンスさまっ♪	O=0.9998689889907837|NORM=0.0001303957833442837
』	O=0.9999432563781738|NORM=5.604531543212943e-05
の	O=0.9999080896377563|NORM=9.099483577301726e-05
ネタバレ	O=0.9997454285621643|NORM=0.00025240916875191033
が	O=0.999953031539917|NORM=4.630634794011712e-05
辛い	O=0.9999662637710571|NORM=3.223603198421188e-05
です	O=0.9999790191650391|NORM=2.0241521269781515e-05
。	O=0.9999260902404785|NORM=7.247409666888416e-05

研究室	O=0.9999696016311646|NORM=2.9745368010480888e-05
に	O=0.9999772310256958|NORM=2.2233532945392653e-05
いる	O=0.9999510049819946|NORM=4.800727765541524e-05
もう	O=0.9999666213989258|NORM=3.26718800351955e-05
片方	O=0.9999713897705078|NORM=2.8011059839627706e-05
の	O=0.9999574422836304|NORM=4.182702105026692e-05
先生	O=0.9999204874038696|NORM=7.743900641798973e-05
は	O=0.999967098236084|NORM=3.2300929888151586e-05
、	O=0.9998230338096619|NORM=0.00017566056340001523
就活	NORM=0.9749301671981812|O=0.025023823603987694
で	O=0.9998341798782349|NORM=0.00016447747475467622
ゼミ	O=0.9999624490737915|NORM=3.6886569432681426e-05
を	O=0.9999691247940063|NORM=3.0267763577285223e-05
欠席	O=0.9999749660491943|NORM=2.4331831809831783e-05
する	O=0.9999444484710693|NORM=5.4712334531359375e-05
と	O=0.9999562501907349|NORM=4.284195165382698e-05
ブチギレ	O=0.9999459981918335|NORM=5.352977677830495e-05
る	O=0.9998666048049927|NORM=0.0001323413453064859
のに	O=0.9999605417251587|NORM=3.852908412227407e-05
、	O=0.9999595880508423|NORM=3.9771312003722414e-05
安室奈美恵	O=0.9999674558639526|NORM=3.201081199222244e-05
の	O=0.9999508857727051|NORM=4.851525227422826e-05
コンサート	O=0.9999545812606812|NORM=4.4747008359991014e-05
の	O=0.9998533725738525|NORM=0.00014584256859961897
ため	O=0.9999511241912842|NORM=4.814391286345199e-05
に	O=0.9999738931655884|NORM=2.5548024495947175e-05
ゼミ	O=0.9999618530273438|NORM=3.740109968930483e-05
を	O=0.9999749660491943|NORM=2.4428392862319015e-05
欠席	O=0.9999738931655884|NORM=2.549433338572271e-05
する	O=0.999950647354126|NORM=4.863257709075697e-05
の	O=0.9988549947738647|NORM=0.0011432422325015068
は	O=0.9999419450759888|NORM=5.748648618464358e-05
なぜ	O=0.9999632835388184|NORM=3.57365861418657e-05
か	O=0.9999715089797974|NORM=2.7778296498581767e-05
あっさり	O=0.9999411106109619|NORM=5.831019370816648e-05
と	O=0.9999630451202393|NORM=3.631444269558415e-05
許可	O=0.9999186992645264|NORM=8.048675226746127e-05
する	O=0.999937891960144|NORM=6.144660437712446e-05
し	O=0.9996464252471924|NORM=0.00035233437665738165
判定基準	O=0.9999496936798096|NORM=4.952073868480511e-05
が	O=0.999863862991333|NORM=0.0001347481011180207
謎	O=0.9999526739120483|NORM=4.5794524339726195e-05
です	O=0.9999749660491943|NORM=2.436129580019042e-05
。	O=0.9999655485153198|NORM=3.351008126628585e-05

歌舞伎町	O=0.9999634027481079|NORM=3.6088909837417305e-05
文学賞	O=0.9999711513519287|NORM=2.8146336262580007e-05
の	O=0.9999649524688721|NORM=3.439435749896802e-05
選考	O=0.9999581575393677|NORM=4.130798697588034e-05
員	O=0.9999256134033203|NORM=7.342695607803762e-05
の	O=0.9999597072601318|NORM=3.93078189517837e-05
コメント	O=0.999903678894043|NORM=9.337261144537479e-05
を	O=0.999968409538269|NORM=3.0863335268804803e-05
見	O=0.9999555349349976|NORM=4.339283987064846e-05
て	O=0.9999686479568481|NORM=3.07112823065836e-05
い	O=0.9997952580451965|NORM=0.00020328415848780423
たら	O=0.9989199638366699|NORM=0.001075675361789763
「	O=0.9994025230407715|NORM=0.0005948405596427619
ロヒプノール	O=0.997087299823761|NORM=0.0029031133744865656
を	O=0.9996175765991211|NORM=0.000381674210075289
食っ	NORM=0.9536977410316467|O=0.04625655710697174
た	O=0.9398184418678284|NORM=0.06017717719078064
勢い	O=0.999974250793457|NORM=2.5227092919521965e-05
で	O=0.9998131394386292|NORM=0.00018591120897326618
」	O=0.9996989965438843|NORM=0.0003000757424160838
とか	O=0.9998028874397278|NORM=0.00019586597045417875
書い	O=0.9993365406990051|NORM=0.0006627278635278344
て	O=0.9999306201934814|NORM=6.884787580929697e-05
あっ	O=0.9998843669891357|NORM=0.00011468781303847209
て	O=0.9999326467514038|NORM=6.683498941129074e-05
本物	O=0.9999711513519287|NORM=2.811516242218204e-05
の	O=0.9999402761459351|NORM=5.912567939958535e-05
ヤバ	O=0.9999703168869019|NORM=2.9075492420815863e-05
さ	O=0.9999715089797974|NORM=2.7914289603359066e-05
を	O=0.9999667406082153|NORM=3.2556028600083664e-05
感じ	O=0.9999713897705078|NORM=2.7907657567993738e-05
ます	O=0.9999754428863525|NORM=2.392513670201879e-05
。	O=0.9999593496322632|NORM=3.978363019996323e-05

またもや	O=0.9999054670333862|NORM=9.391521598445252e-05
寝	O=0.9999624490737915|NORM=3.673785977298394e-05
て	O=0.9998874664306641|NORM=0.00011190883378731087
しまい	O=0.9999520778656006|NORM=4.69957958557643e-05
まし	O=0.9999600648880005|NORM=3.9190228562802076e-05
た	NORM=0.9990035891532898|O=0.0009891241788864136

相性	O=0.9999580383300781|NORM=4.0869465010473505e-05
が	O=0.9999727010726929|NORM=2.668668093974702e-05
悪い	O=0.9999465942382812|NORM=5.210183371673338e-05
星座	O=0.9999234676361084|NORM=7.507815462304279e-05
の	O=0.9999622106552124|NORM=3.703340553329326e-05
組合せ	O=0.9999481439590454|NORM=5.1120783609803766e-05
で	O=0.9999674558639526|NORM=3.191996438545175e-05
山羊座	O=0.9999638795852661|NORM=3.556101364665665e-05
の	O=0.9999552965164185|NORM=4.4009550038026646e-05
女性	O=0.999901533126831|NORM=9.688207501312718e-05
と	O=0.9999545812606812|NORM=4.457948307390325e-05
射手座	O=0.9993098974227905|NORM=0.0006883469759486616
男性	O=0.9999163150787354|NORM=8.308472024509683e-05
堂々	O=0.9998667240142822|NORM=0.00013264131848700345
の	O=0.9999364614486694|NORM=6.275915075093508e-05
ワー	NORM=0.9416510462760925|O=0.05795140564441681
スト3	NORM=0.988744854927063|O=0.011225293390452862
まさに	O=0.999942421913147|NORM=5.690939360647462e-05
私たち	O=0.9999721050262451|NORM=2.698952448554337e-05
です	O=0.9999737739562988|NORM=2.5550702048349194e-05
が	O=0.9999698400497437|NORM=2.9413555239443667e-05
(	O=0.9999600648880005|NORM=3.88103726436384e-05
笑	O=0.9999696016311646|NORM=2.937382487289142e-05
)	O=0.9999594688415527|NORM=3.9621016185265034e-05
基本的	O=0.9999568462371826|NORM=4.205466393614188e-05
に	O=0.999957799911499|NORM=4.156907380092889e-05
隣り	O=0.9999713897705078|NORM=2.804998257488478e-05
合っ	O=0.9999510049819946|NORM=4.836982407141477e-05
た	O=0.9999629259109497|NORM=3.630813807831146e-05
星座	O=0.9996770620346069|NORM=0.00032039734651334584
同士	O=0.999901294708252|NORM=9.752380719874054e-05
って	NORM=0.9917506575584412|O=0.008239339105784893
相性	O=0.9999006986618042|NORM=9.705787670100108e-05
が	O=0.9999076128005981|NORM=9.151922131422907e-05
良く	O=0.9999393224716187|NORM=5.874853741261177e-05
ない	O=0.9999247789382935|NORM=7.407375960610807e-05
って	NORM=0.9897559285163879|O=0.010234246961772442
いう	NORM=0.9226121306419373|O=0.07726119458675385
の	O=0.9999282360076904|NORM=7.044147787382826e-05
は	O=0.9999655485153198|NORM=3.392681901459582e-05
知っ	O=0.9999700784683228|NORM=2.943365507235285e-05
て	O=0.9999731779098511|NORM=2.6288844310329296e-05
い	O=0.9999765157699585|NORM=2.28309854719555e-05
ます	O=0.9999754428863525|NORM=2.391610360064078e-05
。	O=0.9999656677246094|NORM=3.342763739055954e-05

今日	O=0.9999616146087646|NORM=3.762166670639999e-05
は	O=0.9997475743293762|NORM=0.0002518499386496842
出来高	O=0.9999517202377319|NORM=4.759030707646161e-05
が	O=0.9999375343322754|NORM=6.183809455251321e-05
な	O=0.9999328851699829|NORM=6.649037823081017e-05
さ	O=0.9999251365661621|NORM=7.41694966563955e-05
すぎ	O=0.9999518394470215|NORM=4.7439734771614894e-05
て	O=0.9989970326423645|NORM=0.0010006976081058383
どうにも	O=0.9999624490737915|NORM=3.696517160278745e-05
なら	O=0.9999396800994873|NORM=5.941839481238276e-05
ない	O=0.9999560117721558|NORM=4.315621481509879e-05
ので	O=0.999946117401123|NORM=5.309731568559073e-05
、	O=0.9999544620513916|NORM=4.4848256948171183e-05
おとなしく	O=0.9999663829803467|NORM=3.316098081995733e-05
研究	O=0.999970555305481|NORM=2.871777360269334e-05
に	O=0.999974250793457|NORM=2.5262577764806338e-05
専念	O=0.9999690055847168|NORM=3.0429464459302835e-05
し	O=0.9999699592590332|NORM=2.9462518796208315e-05
ます	NORM=0.9964162111282349|O=0.003565218299627304

え	O=0.9999403953552246|NORM=5.907113154535182e-05
、	O=0.9998427629470825|NORM=0.00015637552132830024
てか	NORM=0.996648371219635|O=0.0033489898778498173
、	O=0.999923586845398|NORM=7.568822911707684e-05
我ら	O=0.999962568283081|NORM=3.6781933886231855e-05
は	O=0.9999561309814453|NORM=4.3363161239540204e-05
まだ	O=0.9999657869338989|NORM=3.363299765624106e-05
陸	NORM=0.9229334592819214|O=0.07703576982021332
トレ	NORM=0.9987139701843262|O=0.0012815878726541996
なり	O=0.9164144992828369|NORM=0.083578921854496
た	O=0.9999521970748901|NORM=4.735184120363556e-05
しょう	NORM=0.9739000201225281|O=0.026090769097208977
やれる	O=0.9999493360519409|NORM=5.0000489864032716e-05
こと	O=0.9999687671661377|NORM=3.0636630981462076e-05
あり	O=0.9999698400497437|NORM=2.9593460567411967e-05
ます	O=0.9999754428863525|NORM=2.3930613679112867e-05
が	O=0.9999701976776123|NORM=2.9056805942673236e-05
、	O=0.9999675750732422|NORM=3.171167190885171e-05
まだ	O=0.9999654293060303|NORM=3.404112430871464e-05
見	O=0.9997233748435974|NORM=0.0002758103655651212
ぬ	O=0.998056948184967|NORM=0.0019394521368667483
新入生	O=0.9999667406082153|NORM=3.263022153987549e-05
は	O=0.9999654293060303|NORM=3.4028336813207716e-05
、	O=0.999961256980896|NORM=3.8072426832513884e-05
ただただ	O=0.999956488609314|NORM=4.3001437006751075e-05
開始	O=0.9998893737792969|NORM=0.00010887336247833446
が	O=0.9999700784683228|NORM=2.9455779440468177e-05
遅れる	O=0.9999686479568481|NORM=3.067466604989022e-05
だけ	O=0.999969482421875|NORM=2.9777522286167368e-05
で	O=0.9999738931655884|NORM=2.5416915377718396e-05
は	O=0.9999696016311646|NORM=2.9837021429557353e-05
あり	O=0.9999710321426392|NORM=2.8328076950856484e-05
ませ	O=0.9999723434448242|NORM=2.702494566619862e-05
ん	O=0.9999724626541138|NORM=2.7016290914616548e-05
か	O=0.9999750852584839|NORM=2.4232767827925272e-05
！	O=0.9999678134918213|NORM=3.153053330606781e-05
関西	O=0.9943403005599976|NORM=0.005651121027767658
フリー	O=0.9996985197067261|NORM=0.00030039026751182973
の	O=0.9998641014099121|NORM=0.00013502252113539726
初級	O=0.9998292922973633|NORM=0.00016861654876265675
とか	O=0.9999284744262695|NORM=7.082201045705006e-05
に	O=0.9999537467956543|NORM=4.558368163998239e-05
間に合い	O=0.9999659061431885|NORM=3.3409891329938546e-05
ます	O=0.9963741898536682|NORM=0.003624731907621026
よう	O=0.9999372959136963|NORM=6.184987432789057e-05
に	O=0.9999574422836304|NORM=4.186022124486044e-05
…	NORM=0.9972896575927734|O=0.0027032243087887764

わかり	O=0.9999402761459351|NORM=5.912382039241493e-05
ませ	O=0.9997199177742004|NORM=0.00027913801022805274
ん	NORM=0.8176920413970947|O=0.1822338104248047
わかり	O=0.9993759989738464|NORM=0.0006223082891665399
ませ	O=0.9999058246612549|NORM=9.356695227324963e-05
ん	O=0.9999264478683472|NORM=7.300556171685457e-05
。	O=0.9999555349349976|NORM=4.339308725320734e-05
「	O=0.9999493360519409|NORM=4.9939109885599464e-05
何だか	O=0.9999678134918213|NORM=3.164008376188576e-05
わかん	O=0.9993170499801636|NORM=0.0006796112866140902
ない	O=0.9999308586120605|NORM=6.824770389357582e-05
謎	O=0.9999620914459229|NORM=3.720285531016998e-05
の	O=0.999962568283081|NORM=3.678509165183641e-05
お酒	O=0.9999583959579468|NORM=4.0797163819661364e-05
も	O=0.9999356269836426|NORM=6.383056461345404e-05
飲まさ	O=0.999884843826294|NORM=0.00011462794645922258
れ	O=0.9990046620368958|NORM=0.0009923605248332024
、	O=0.5247727632522583|NORM=0.4751970171928406
余計	O=0.9999663829803467|NORM=3.288061634521e-05
に	O=0.9995980858802795|NORM=0.000400635035475716
わかり	O=0.9999150037765503|NORM=8.439196244580671e-05
ませ	O=0.9999446868896484|NORM=5.474047065945342e-05
ん	O=0.9999518394470215|NORM=4.762059688800946e-05
。	O=0.9999492168426514|NORM=4.974597686668858e-05
」	O=0.9999616146087646|NORM=3.746870788745582e-05
が	O=0.999812662601471|NORM=0.0001862726203398779
今	O=0.9999494552612305|NORM=4.915362660540268e-05
の	O=0.9999572038650513|NORM=4.216435627313331e-05
心情	O=0.9999270439147949|NORM=7.168530282797292e-05
です	NORM=0.9431396126747131|O=0.05658198893070221
本当に	O=0.9993926286697388|NORM=0.0006058120634406805
わかり	O=0.9999574422836304|NORM=4.187671220279299e-05
ませ	O=0.9999537467956543|NORM=4.5596469135489315e-05
ん	O=0.9999606609344482|NORM=3.8769001548644155e-05
よ	O=0.9999313354492188|NORM=6.77371135680005e-05
。	O=0.9999614953994751|NORM=3.745912908925675e-05

スクショ	O=0.6703321933746338|NORM=0.32965660095214844
さ	O=0.9995920062065125|NORM=0.00040753482608124614
れ	O=0.9995755553245544|NORM=0.0004240437992848456
て	O=0.9998600482940674|NORM=0.00013928941916674376
出回る	O=0.9999567270278931|NORM=4.258781700627878e-05
でしょ	O=0.9999678134918213|NORM=3.165762245771475e-05
う	O=0.9999661445617676|NORM=3.3387637813575566e-05
ね	O=0.9999661445617676|NORM=3.323816054034978e-05
w	O=0.9795093536376953|NORM=0.020485248416662216

他	O=0.999930739402771|NORM=6.869801291031763e-05
ん	NORM=0.9945716261863708|O=0.005423187278211117
人	O=0.9997915625572205|NORM=0.00020772661082446575
ん	NORM=0.9951895475387573|O=0.004802990704774857
ツイート	O=0.9999487400054932|NORM=5.050755862612277e-05
を	O=0.9999648332595825|NORM=3.462174936430529e-05
見	O=0.9999289512634277|NORM=7.009734690655023e-05
て	NORM=0.9917100071907043|O=0.008283119648694992
て	O=0.999941349029541|NORM=5.796329787699506e-05
思っ	O=0.9997438788414001|NORM=0.0002547402400523424
た	O=0.9999736547470093|NORM=2.5722771169967018e-05
ん	NORM=0.9955784678459167|O=0.004413160961121321
です	O=0.9999697208404541|NORM=2.952174691017717e-05
が	O=0.9999715089797974|NORM=2.7786481950897723e-05
、	O=0.9999483823776245|NORM=5.052218693890609e-05
昨日	O=0.999922513961792|NORM=7.671432831557468e-05
レジェンド	O=0.9590365290641785|NORM=0.04093797132372856
に	O=0.9999574422836304|NORM=4.182933844276704e-05
なっ	O=0.999885082244873|NORM=0.00011387019185349345
た	O=0.9999550580978394|NORM=4.439478652784601e-05
瞬間	O=0.9999157190322876|NORM=8.303311187773943e-05
に	O=0.9999622106552124|NORM=3.7170939322095364e-05
1200	O=0.9999538660049438|NORM=4.514978718361817e-05
位	O=0.9999569654464722|NORM=4.224693839205429e-05
っていう	NORM=0.9970923662185669|O=0.0029030339792370796
ん	NORM=0.9952802658081055|O=0.0047141979448497295
は	O=0.9999454021453857|NORM=5.4026200814405456e-05
、	O=0.999941349029541|NORM=5.803254316560924e-05
まぁまぁ	NORM=0.6233055591583252|O=0.37668266892433167
いい	O=0.9620057940483093|NORM=0.037974730134010315
勝率	O=0.9999614953994751|NORM=3.7709240132244304e-05
だっ	O=0.9999575614929199|NORM=4.181785334367305e-05
た	O=0.9999668598175049|NORM=3.266310159233399e-05
ん	NORM=0.994186520576477|O=0.005807267501950264
でしょ	O=0.9999672174453735|NORM=3.216242475900799e-05
う	O=0.9999685287475586|NORM=3.0843744752928615e-05
か	O=0.9999724626541138|NORM=2.6851590519072488e-05
ね	O=0.9999669790267944|NORM=3.228583591408096e-05
？	O=0.999963641166687|NORM=3.548765380401164e-05

まあ	O=0.9999477863311768|NORM=5.149317075847648e-05
、	O=0.9999246597290039|NORM=7.452752470271662e-05
ぼちぼち	O=0.9999712705612183|NORM=2.806466909532901e-05
です	O=0.9999614953994751|NORM=3.7876223359489813e-05
ね	O=0.9999679327011108|NORM=3.142645800835453e-05
。	O=0.9996328353881836|NORM=0.0003654311876744032
ぼちぼち	O=0.9999703168869019|NORM=2.9068532967357896e-05
いき	O=0.9999666213989258|NORM=3.2737694709794596e-05
ましょ	O=0.9999703168869019|NORM=2.8996573746553622e-05
う	O=0.9999675750732422|NORM=3.1879815651336685e-05
。	O=0.9999115467071533|NORM=8.724918006919324e-05
最近	O=0.9999570846557617|NORM=4.177681330475025e-05
は	O=0.9999402761459351|NORM=5.902894554310478e-05
、	O=0.9899129867553711|NORM=0.0100844856351614
ジョブホッパー	O=0.9949398040771484|NORM=0.005056994501501322
の	O=0.9998983144760132|NORM=0.00010080817446578294
妹	O=0.9999200105667114|NORM=7.88814140832983e-05
が	O=0.9999305009841919|NORM=6.877345003886148e-05
通算	O=0.9984128475189209|NORM=0.0015837581595405936
で	O=0.9999239444732666|NORM=7.502343942178413e-05
10度目	O=0.9999687671661377|NORM=3.061093229916878e-05
くらい	O=0.999950647354126|NORM=4.847865420742892e-05
の	O=0.9998993873596191|NORM=9.975086868507788e-05
転職	O=0.9999094009399414|NORM=8.909081952879205e-05
を	O=0.9999610185623169|NORM=3.8429909182013944e-05
し	O=0.9999567270278931|NORM=4.255330713931471e-05
た	O=0.9999643564224243|NORM=3.506815119180828e-05
ので	O=0.999948263168335|NORM=5.099798727314919e-05
、	O=0.9999651908874512|NORM=3.415711398702115e-05
心	O=0.9999728202819824|NORM=2.630102426337544e-05
が	O=0.999974250793457|NORM=2.5080928026000038e-05
乱れ	O=0.9999732971191406|NORM=2.609464354463853e-05
て	O=0.999974250793457|NORM=2.518725705158431e-05
い	O=0.9999756813049316|NORM=2.3665967091801576e-05
ます	O=0.9999767541885376|NORM=2.249427416245453e-05
。	O=0.9999330043792725|NORM=6.624606612604111e-05
「	O=0.9975698590278625|NORM=0.0024287342093884945
姉ちゃん	O=0.9984910488128662|NORM=0.0014968441100791097
は	O=0.9999517202377319|NORM=4.777155481860973e-05
育休	O=0.9983969330787659|NORM=0.0016004153294488788
時短	O=0.999954342842102|NORM=4.4975633500143886e-05
勤務	O=0.9999629259109497|NORM=3.6482029827311635e-05
が	O=0.9999709129333496|NORM=2.865538226615172e-05
できる	O=0.999945878982544|NORM=5.3334766562329605e-05
会社	O=0.9999583959579468|NORM=4.098211866221391e-05
の	O=0.9999629259109497|NORM=3.639765418483876e-05
正社員	O=0.9999721050262451|NORM=2.72160250460729e-05
で	O=0.9999593496322632|NORM=4.010633347206749e-05
恵まれ	O=0.997539758682251|NORM=0.0024552009999752045
てる	NORM=0.9898245930671692|O=0.010159012861549854
ん	NORM=0.9793303608894348|O=0.02064378745853901
だ	O=0.9999628067016602|NORM=3.6528224882204086e-05
から	O=0.9999723434448242|NORM=2.6951540348818526e-05
、	O=0.9911198019981384|NORM=0.008876988664269447
辞める	O=0.9998149275779724|NORM=0.00018396951782051474
なんて	O=0.9999233484268188|NORM=7.605825521750376e-05
贅沢	O=0.9999567270278931|NORM=4.266407995601185e-05
です	O=0.999970555305481|NORM=2.891674557758961e-05
。	O=0.999956488609314|NORM=4.231235652696341e-05
」	O=0.9998354911804199|NORM=0.000163197866640985
という	O=0.9999397993087769|NORM=5.86627320444677e-05
言葉	O=0.9999610185623169|NORM=3.822346843662672e-05
が	O=0.9999567270278931|NORM=4.270498902769759e-05
頭	O=0.9999711513519287|NORM=2.7505553589435294e-05
の	O=0.9999700784683228|NORM=2.9192458896432072e-05
中	O=0.9999622106552124|NORM=3.6986431950936094e-05
で	O=0.9999723434448242|NORM=2.7141459213453345e-05
響き	O=0.9999250173568726|NORM=7.435142470058054e-05
ます	O=0.9999693632125854|NORM=3.0028788387426175e-05
。	O=0.9920010566711426|NORM=0.007995078340172768
はぁ	NORM=0.9957430958747864|O=0.004251134116202593
。	O=0.9998999834060669|NORM=9.840646816883236e-05

いい	O=0.9999417066574097|NORM=5.767136099166237e-05
天気	O=0.999961256980896|NORM=3.768751412280835e-05
の	O=0.9998047947883606|NORM=0.00019434506248217076
中	O=0.9999576807022095|NORM=4.150256063439883e-05
の	O=0.9999665021896362|NORM=3.268730506533757e-05
お	O=0.9999645948410034|NORM=3.469581497483887e-05
散歩	O=0.9999547004699707|NORM=4.4659958803094923e-05
は	O=0.9999667406082153|NORM=3.2719282899051905e-05
楽しく	O=0.9999773502349854|NORM=2.1898315026191995e-05
なり	O=0.9999781847000122|NORM=2.1077181372675113e-05
ます	O=0.9999805688858032|NORM=1.8749124137684703e-05
よ	O=0.9999723434448242|NORM=2.6751878976938315e-05
ね	O=0.9999732971191406|NORM=2.5910543627105653e-05
〜	NORM=0.9939722418785095|O=0.005983341950923204

私	O=0.9999582767486572|NORM=4.03642188757658e-05
が	O=0.9999630451202393|NORM=3.6314308090368286e-05
東京	O=0.989971399307251|NORM=0.010015729814767838
に	O=0.9999668598175049|NORM=3.2429386919829994e-05
来	O=0.9998946189880371|NORM=0.00010398090671515092
た	O=0.9999381303787231|NORM=6.0675916756736115e-05
理由	O=0.9999134540557861|NORM=8.410323789576069e-05
は	O=0.9999486207962036|NORM=5.066163794253953e-05
、	O=0.9891411066055298|NORM=0.010855583474040031
キャバ	NORM=0.9942488670349121|O=0.005728438030928373
の	O=0.9998842477798462|NORM=0.00011463454575277865
給料	O=0.9999264478683472|NORM=7.218509563244879e-05
が	O=0.999927282333374|NORM=7.201593689387664e-05
地方	O=0.9998005032539368|NORM=0.00019690589397214353
と	O=0.999947190284729|NORM=5.1496332162059844e-05
比べ	O=0.9999274015426636|NORM=7.092757005011663e-05
て	O=0.9999593496322632|NORM=3.995324732386507e-05
雲泥の差	O=0.9999508857727051|NORM=4.793640619027428e-05
だ	O=0.9999701976776123|NORM=2.9073216865072027e-05
から	O=0.9999736547470093|NORM=2.513207982701715e-05
です	O=0.9999760389328003|NORM=2.3200685973279178e-05
。	O=0.9999489784240723|NORM=4.98622830491513e-05
同じ	O=0.9999680519104004|NORM=3.110672332695685e-05
労働力	O=0.999969482421875|NORM=2.9545988581958227e-05
で	O=0.9999675750732422|NORM=3.177051985403523e-05
も	O=0.9999551773071289|NORM=4.4333908590488136e-05
いっぱい	O=0.9999399185180664|NORM=5.934727596468292e-05
稼げ	O=0.9999552965164185|NORM=4.390437243273482e-05
ます	O=0.9999699592590332|NORM=2.9299808375071734e-05
。	O=0.9999569654464722|NORM=4.1947601857827976e-05
その	O=0.9999653100967407|NORM=3.358656613272615e-05
代わり	O=0.9999552965164185|NORM=4.327459100750275e-05
に	O=0.9999489784240723|NORM=5.015033093513921e-05
物価	O=0.9999608993530273|NORM=3.8165042496984825e-05
も	O=0.9999655485153198|NORM=3.37857854901813e-05
高い	O=0.9999666213989258|NORM=3.245245898142457e-05
です	O=0.9999734163284302|NORM=2.592594682937488e-05
が	O=0.9999682903289795|NORM=3.082180046476424e-05
、	O=0.9999494552612305|NORM=4.9577996833249927e-05
チャンス	O=0.9998992681503296|NORM=9.965120261767879e-05
が	O=0.9985451698303223|NORM=0.0014523431891575456
ゴロゴロ	O=0.9999663829803467|NORM=3.306371581857093e-05
と	O=0.9999092817306519|NORM=8.968335168901831e-05
転がっ	O=0.9964950680732727|NORM=0.0035006459802389145
てる	NORM=0.9931031465530396|O=0.006878958083689213
東京	O=0.9441052079200745|NORM=0.055865783244371414
に	O=0.999893307685852|NORM=0.00010593710612738505
一	O=0.9999475479125977|NORM=5.1565744797699153e-05
度	O=0.9999698400497437|NORM=2.9457825803547166e-05
は	O=0.9999498128890991|NORM=4.9662623496260494e-05
チャレンジ	O=0.9999595880508423|NORM=3.9670627302257344e-05
し	O=0.9999678134918213|NORM=3.16756522806827e-05
て	O=0.999970555305481|NORM=2.8961343559785746e-05
みる	O=0.9999569654464722|NORM=4.232646097079851e-05
べき	O=0.9999650716781616|NORM=3.407589974813163e-05
です	O=0.9999706745147705|NORM=2.86802005575737e-05
。	O=0.9998407363891602|NORM=0.0001568619773024693
私	O=0.9999661445617676|NORM=3.276166535215452e-05
は	O=0.9999696016311646|NORM=2.9851822546334006e-05
東京	O=0.9887233972549438|NORM=0.01122819259762764
に	O=0.9999707937240601|NORM=2.8581387596204877e-05
永住	O=0.9999709129333496|NORM=2.8607706553884782e-05
する	O=0.999963641166687|NORM=3.577932875487022e-05
こと	O=0.9999662637710571|NORM=3.295614442322403e-05
に	O=0.9999561309814453|NORM=4.316922786529176e-05
決め	O=0.9998995065689087|NORM=9.972062980523333e-05
てる	NORM=0.9975965619087219|O=0.0023969286121428013
。	O=0.9999655485153198|NORM=3.337414818815887e-05

外国語	O=0.9999709129333496|NORM=2.840389970515389e-05
上級	O=0.9999727010726929|NORM=2.646595203259494e-05
者	O=0.9999749660491943|NORM=2.4286438929266296e-05
の	O=0.9999727010726929|NORM=2.656986725924071e-05
人	O=0.9999196529388428|NORM=7.899084448581561e-05
って	NORM=0.9894582033157349|O=0.01053124014288187
どういう	O=0.9999654293060303|NORM=3.3813921618275344e-05
風	O=0.9999716281890869|NORM=2.7355252314009704e-05
に	O=0.9999792575836182|NORM=2.0100638721487485e-05
勉強	O=0.9999756813049316|NORM=2.3528711608378217e-05
を	O=0.9999761581420898|NORM=2.3251126549439505e-05
続ける	O=0.9999539852142334|NORM=4.5174903789302334e-05
ん	NORM=0.9879688024520874|O=0.012009305879473686
でしょ	O=0.9999687671661377|NORM=3.0431167033384554e-05
う	O=0.999971866607666|NORM=2.738754847086966e-05
か	O=0.9999754428863525|NORM=2.375448457314633e-05
？	O=0.9999682903289795|NORM=3.084358831983991e-05
本	O=0.9999756813049316|NORM=2.3346303350990638e-05
を	O=0.9999788999557495|NORM=2.04303960344987e-05
読む	O=0.9999737739562988|NORM=2.527022843423765e-05
の	O=0.9999758005142212|NORM=2.3340493498835713e-05
でしょ	O=0.9999680519104004|NORM=3.0951159715186805e-05
う	O=0.9999712705612183|NORM=2.778774796752259e-05
か	O=0.9999784231185913|NORM=2.0632491214200854e-05
？	O=0.9999732971191406|NORM=2.565541217336431e-05
何	O=0.9999755620956421|NORM=2.359115023864433e-05
か	O=0.9999785423278809|NORM=2.0755998775712214e-05
の	O=0.9999662637710571|NORM=3.296462818980217e-05
テキスト	O=0.9999650716781616|NORM=3.385023956070654e-05
を	O=0.9999788999557495|NORM=2.0449810108402744e-05
買う	O=0.9999759197235107|NORM=2.3221095034386963e-05
の	O=0.9999747276306152|NORM=2.4244269297923893e-05
でしょ	O=0.9999717473983765|NORM=2.7421989216236398e-05
う	O=0.9999752044677734|NORM=2.401659730821848e-05
か	O=0.9999796152114868|NORM=1.9504743249854073e-05
？	O=0.9999723434448242|NORM=2.6746061848825775e-05
ううん	O=0.9983931183815002|NORM=0.0016044918447732925
…	O=0.9997307658195496|NORM=0.00026579416589811444
。	O=0.9999673366546631|NORM=3.14404969685711e-05

宅配	O=0.999868631362915|NORM=0.00013042685168329626
って	NORM=0.9944730401039124|O=0.005516794044524431
けっきょ	O=0.9999586343765259|NORM=4.081313090864569e-05
く	O=0.9999417066574097|NORM=5.785148459835909e-05
最後	O=0.9999574422836304|NORM=4.1845891246339306e-05
って	NORM=0.9937884211540222|O=0.0062016393058001995
人	O=0.9999604225158691|NORM=3.880143049173057e-05
の	O=0.9999668598175049|NORM=3.260981975472532e-05
手	O=0.9999672174453735|NORM=3.2208776246989146e-05
で	O=0.9999713897705078|NORM=2.8188516807858832e-05
配る	O=0.9999165534973145|NORM=8.273943967651576e-05
ので	O=0.9999393224716187|NORM=6.003083399264142e-05
、	O=0.9999630451202393|NORM=3.6288100091042e-05
間違える	O=0.999961256980896|NORM=3.8176298403413966e-05
こと	O=0.9999632835388184|NORM=3.607410690165125e-05
も	O=0.9999655485153198|NORM=3.398203261895105e-05
あり	O=0.9999651908874512|NORM=3.423136513447389e-05
そう	O=0.9999722242355347|NORM=2.7186273655388504e-05
です	O=0.9999719858169556|NORM=2.7302954549668357e-05
ね	O=0.9999716281890869|NORM=2.7688609407050535e-05
。	O=0.9999516010284424|NORM=4.744737452710979e-05
高価	O=0.9999701976776123|NORM=2.9209420972620137e-05
な	O=0.9999693632125854|NORM=3.0130826417007484e-05
もの	O=0.9999679327011108|NORM=3.139679756714031e-05
だっ	O=0.9999520778656006|NORM=4.729113061330281e-05
たり	O=0.9999055862426758|NORM=9.37202712520957e-05
し	O=0.999862551689148|NORM=0.00013651559129357338
たら	O=0.9991262555122375|NORM=0.0008714147261343896
、	O=0.9999618530273438|NORM=3.738551458809525e-05
けっこう	O=0.9999678134918213|NORM=3.172005745000206e-05
面倒	O=0.9999710321426392|NORM=2.8148642741143703e-05
な	O=0.9999744892120361|NORM=2.489531834726222e-05
こと	O=0.9999710321426392|NORM=2.821282032527961e-05
に	O=0.9999704360961914|NORM=2.886177935579326e-05
なり	O=0.9999696016311646|NORM=2.963516817544587e-05
そう	O=0.9999701976776123|NORM=2.896483965741936e-05
です	O=0.9999685287475586|NORM=3.064638440264389e-05
。	O=0.9999605417251587|NORM=3.8473015592899173e-05

部屋	O=0.9999685287475586|NORM=3.0652317946078256e-05
の	O=0.9999642372131348|NORM=3.507761357468553e-05
中	O=0.9999738931655884|NORM=2.5395085685886443e-05
で	O=0.9999707937240601|NORM=2.8611852030735463e-05
打ち上げ花火	O=0.9999600648880005|NORM=3.942602052120492e-05
を	O=0.999970555305481|NORM=2.890781070163939e-05
し	O=0.9999508857727051|NORM=4.8502901336178184e-05
てる	NORM=0.9941447377204895|O=0.0058289868757128716
夢	O=0.9999563694000244|NORM=4.2764229874592274e-05
を	O=0.9999700784683228|NORM=2.9389786504907534e-05
見	O=0.9999723434448242|NORM=2.698734351724852e-05
まし	O=0.9999704360961914|NORM=2.8825632398365997e-05
た	O=0.9999768733978271|NORM=2.2381440430763178e-05
。	O=0.9999526739120483|NORM=4.6395532990572974e-05
たくさん	O=0.9999750852584839|NORM=2.421629505988676e-05
写真	O=0.9999758005142212|NORM=2.3499251255998388e-05
を	O=0.9999716281890869|NORM=2.7750838853535242e-05
撮り	O=0.9999654293060303|NORM=3.3777469070628285e-05
まし	O=0.9999701976776123|NORM=2.9023129172855988e-05
た	O=0.9999773502349854|NORM=2.186630263167899e-05
。	O=0.9999111890792847|NORM=8.785106183495373e-05
綺麗	O=0.9999727010726929|NORM=2.6422221708344296e-05
でし	O=0.9999637603759766|NORM=3.546546577126719e-05
た	O=0.9999727010726929|NORM=2.6476227503735572e-05
。	O=0.9999501705169678|NORM=4.8747850087238476e-05

ご飯	O=0.9999673366546631|NORM=3.2101575925480574e-05
を	O=0.9999716281890869|NORM=2.7850714104715735e-05
食べ	O=0.9999703168869019|NORM=2.9144424843252636e-05
に	O=0.999974250793457|NORM=2.5312787329312414e-05
いき	O=0.9999436140060425|NORM=5.571407382376492e-05
たい	O=0.9999146461486816|NORM=8.445497223874554e-05
…	NORM=0.9848771095275879|O=0.015111921355128288
でも	O=0.999935507774353|NORM=6.361833948176354e-05
、	O=0.9999428987503052|NORM=5.607726416201331e-05
もう	O=0.9999520778656006|NORM=4.736759728984907e-05
眠い	O=0.9999717473983765|NORM=2.7645948648569174e-05
です	O=0.9999558925628662|NORM=4.348465517978184e-05
…	NORM=0.9980502128601074|O=0.0019423497142270207

気候	O=0.9999575614929199|NORM=4.112707028980367e-05
で	O=0.9999688863754272|NORM=3.0441648050327785e-05
体調	O=0.9999676942825317|NORM=3.155850572511554e-05
が	O=0.9999723434448242|NORM=2.7183812562725507e-05
変わる	O=0.9998811483383179|NORM=0.00011584407184273005
の	O=0.9997536540031433|NORM=0.00024395364744123071
は	O=0.9999120235443115|NORM=8.729217370273545e-05
ホント	NORM=0.9967464208602905|O=0.0032133846543729305
やめ	O=0.9998767375946045|NORM=0.00012146566587034613
て	O=0.9999706745147705|NORM=2.8767201001755893e-05
ほしい	O=0.9999674558639526|NORM=3.1567742553306744e-05
です	O=0.9999794960021973|NORM=1.981837885978166e-05
。	O=0.9999700784683228|NORM=2.8889333407278173e-05

なにせ	O=0.9397374987602234|NORM=0.06025955453515053
、	O=0.9999368190765381|NORM=6.248147110454738e-05
聴き	O=0.9997355341911316|NORM=0.0002638560545165092
始め	O=0.9987413287162781|NORM=0.0012576584704220295
は	O=0.9999252557754517|NORM=7.435916631948203e-05
小6	O=0.9995929598808289|NORM=0.0004059647908434272
な	O=0.999950647354126|NORM=4.874634396401234e-05
ので	O=0.9999363422393799|NORM=6.295257480815053e-05
…	O=0.9988483190536499|NORM=0.001150395954027772
もう	O=0.9999485015869141|NORM=5.103449075249955e-05
9年	O=0.9999747276306152|NORM=2.4747354473220184e-05
経つ	O=0.99992835521698|NORM=7.119091606000438e-05
の	O=0.9999486207962036|NORM=5.065926961833611e-05
です	O=0.999964714050293|NORM=3.4797016269294545e-05
か	O=0.9999681711196899|NORM=3.1326730095315725e-05
。	O=0.9998831748962402|NORM=0.00011593184171942994
歳	O=0.9999572038650513|NORM=4.200085095362738e-05
を	O=0.9999614953994751|NORM=3.8136935472721234e-05
取る	O=0.9999531507492065|NORM=4.627275848179124e-05
の	O=0.99993896484375|NORM=6.057068821974099e-05
は	O=0.9999405145645142|NORM=5.903959754505195e-05
早い	O=0.9999054670333862|NORM=9.362753189634532e-05
です	O=0.9999727010726929|NORM=2.6736508516478352e-05
ね	O=0.9999706745147705|NORM=2.8767255571438e-05
。	O=0.9999444484710693|NORM=5.4774667660240084e-05

「	O=0.9999510049819946|NORM=4.8139037971850485e-05
美しい	O=0.9999758005142212|NORM=2.348845373489894e-05
景色	O=0.9999748468399048|NORM=2.4307661078637466e-05
で	O=0.9999667406082153|NORM=3.273217225796543e-05
心	O=0.9999738931655884|NORM=2.5201616153935902e-05
が	O=0.9999755620956421|NORM=2.3866434275987558e-05
洗わ	O=0.9999327659606934|NORM=6.677097553620115e-05
れる	O=0.955433189868927|NORM=0.044555842876434326
」	O=0.9999330043792725|NORM=6.585496157640591e-05
と	O=0.9999676942825317|NORM=3.133741483907215e-05
言い	O=0.9999666213989258|NORM=3.253935574321076e-05
ます	O=0.9999562501907349|NORM=4.307140261516906e-05
が	O=0.9999716281890869|NORM=2.7638801839202642e-05
、	O=0.99994957447052|NORM=4.947536581312306e-05
「	O=0.9998618364334106|NORM=0.00013727661280427128
落ち	O=0.9999405145645142|NORM=5.867161962669343e-05
た	O=0.9999635219573975|NORM=3.594348527258262e-05
汚れ	O=0.9999417066574097|NORM=5.718741886084899e-05
は	O=0.9999552965164185|NORM=4.41716838395223e-05
どこ	O=0.9999703168869019|NORM=2.9066122806398198e-05
に	O=0.9999736547470093|NORM=2.5811086743487976e-05
行く	O=0.9999496936798096|NORM=4.943665044265799e-05
ん	NORM=0.9939084053039551|O=0.006076439283788204
でしょ	O=0.9999735355377197|NORM=2.575123835413251e-05
う	O=0.9999724626541138|NORM=2.692980706342496e-05
ね	O=0.999972939491272|NORM=2.6333602363592945e-05
。	O=0.9999624490737915|NORM=3.652465602499433e-05
」	O=0.9999510049819946|NORM=4.797249494004063e-05
とか	O=0.9998093247413635|NORM=0.00018981369794346392
思い	O=0.9999349117279053|NORM=6.431845395127311e-05
まし	O=0.9999730587005615|NORM=2.6268042347510345e-05
た	O=0.999972939491272|NORM=2.6410816644784063e-05
。	O=0.9999406337738037|NORM=5.825580228702165e-05
心	O=0.9999723434448242|NORM=2.6803820219356567e-05
が	O=0.9999743700027466|NORM=2.5061110136448406e-05
洗わ	O=0.9999442100524902|NORM=5.520277773030102e-05
れ	O=0.9999276399612427|NORM=7.178365194704384e-05
た	O=0.9999750852584839|NORM=2.431914435874205e-05
という	O=0.9999662637710571|NORM=3.288860898464918e-05
こと	O=0.9999618530273438|NORM=3.746042784769088e-05
は	O=0.9999628067016602|NORM=3.6619680031435564e-05
、	O=0.9999583959579468|NORM=4.091335358680226e-05
景色	O=0.9999542236328125|NORM=4.472335785976611e-05
を	O=0.9999673366546631|NORM=3.216445475118235e-05
汚染	O=0.9999687671661377|NORM=3.064183329115622e-05
し	O=0.9999661445617676|NORM=3.333167842356488e-05
た	O=0.9999678134918213|NORM=3.167692193528637e-05
という	O=0.9999573230743408|NORM=4.174185960437171e-05
こと	O=0.9999696016311646|NORM=2.963793849630747e-05
に	O=0.9999678134918213|NORM=3.145877781207673e-05
は	O=0.99996018409729|NORM=3.9305963582592085e-05
なら	O=0.9993389248847961|NORM=0.0006582456408068538
ん	NORM=0.9941423535346985|O=0.005845481529831886
の	O=0.9999700784683228|NORM=2.9141054255887866e-05
でしょ	O=0.9999508857727051|NORM=4.800480019184761e-05
う	O=0.9999657869338989|NORM=3.341922638355754e-05
か	O=0.999976634979248|NORM=2.267447780468501e-05
。	O=0.9999655485153198|NORM=3.351071791257709e-05

炎	O=0.9540224671363831|NORM=0.04596129059791565
鵬	O=0.9791745543479919|NORM=0.02081945165991783
って	NORM=0.9932308197021484|O=0.006760497111827135
イケメン	O=0.9994743466377258|NORM=0.0005242169136181474
や	NORM=0.993533730506897|O=0.006462522316724062
ね	O=0.9998927116394043|NORM=0.00010627146548358724
。	O=0.9999438524246216|NORM=5.5510645324829966e-05

SFD	O=0.9999496936798096|NORM=4.9618451157584786e-05
制度	O=0.9999585151672363|NORM=4.089833964826539e-05
の	O=0.999940037727356|NORM=5.918315582675859e-05
境界	O=0.9997926354408264|NORM=0.00020550988847389817
で	O=0.9999717473983765|NORM=2.7790782041847706e-05
激しく	O=0.9999678134918213|NORM=3.174877929268405e-05
揺れ動く	O=0.9999438524246216|NORM=5.563009835896082e-05
ボーナス	O=0.9999532699584961|NORM=4.639803955797106e-05
タイム	O=0.9999457597732544|NORM=5.348047852749005e-05
を	O=0.99992835521698|NORM=7.10581080056727e-05
、	O=0.9997774958610535|NORM=0.00022161366359796375
資産	O=0.9999371767044067|NORM=6.215420580701903e-05
を	O=0.9999673366546631|NORM=3.216957702534273e-05
買っ	O=0.9999598264694214|NORM=3.96847135561984e-05
て	O=0.9999710321426392|NORM=2.8470483812270686e-05
保有	O=0.9999595880508423|NORM=3.9852944610174745e-05
し	O=0.9999608993530273|NORM=3.85988641937729e-05
た	O=0.9999703168869019|NORM=2.9223383535281755e-05
まま	O=0.9999480247497559|NORM=5.140472057973966e-05
見守っ	O=0.9999332427978516|NORM=6.637180194957182e-05
て	O=0.9999696016311646|NORM=2.9899458240834065e-05
しまっ	O=0.9999619722366333|NORM=3.755833677132614e-05
た	O=0.9999734163284302|NORM=2.6122408598894253e-05
ので	O=0.9999065399169922|NORM=9.281736856792122e-05
あんまり	NORM=0.9819138646125793|O=0.018068579956889153
利益	O=0.9999512434005737|NORM=4.7847679525148124e-05
が	O=0.9999754428863525|NORM=2.4049651983659714e-05
出	O=0.9999765157699585|NORM=2.2991298465058208e-05
て	O=0.9999740123748779|NORM=2.540174864407163e-05
い	O=0.9999750852584839|NORM=2.4369710445171222e-05
ませ	O=0.999974250793457|NORM=2.5174675101879984e-05
ん	O=0.9999736547470093|NORM=2.5732584617799148e-05
。	O=0.9999616146087646|NORM=3.7559791962848976e-05

バトルフィーンド	O=0.9998084902763367|NORM=0.00019043980864807963
が	O=0.9999674558639526|NORM=3.197157639078796e-05
弱く	O=0.9999724626541138|NORM=2.693407077458687e-05
なっ	O=0.9999655485153198|NORM=3.375113374204375e-05
た	O=0.9999752044677734|NORM=2.4282206140924245e-05
ん	NORM=0.9951334595680237|O=0.004860827699303627
や	NORM=0.994164764881134|O=0.005831731949001551
が	O=0.9999637603759766|NORM=3.5340206522960216e-05
、	O=0.9999744892120361|NORM=2.4779254090390168e-05
シャドウフーフスレイヤー	O=0.9920417666435242|NORM=0.007950980216264725
と	O=0.9999583959579468|NORM=4.061734216520563e-05
入れ替える	O=0.9976972937583923|NORM=0.0022975916508585215
か	O=0.9999661445617676|NORM=3.32184208673425e-05
は	O=0.9999598264694214|NORM=3.9619138988200575e-05
難しい	O=0.9999542236328125|NORM=4.4631324271904305e-05
や	NORM=0.9945377707481384|O=0.005458594765514135
。	O=0.999944806098938|NORM=5.415223495219834e-05
バトルメイジ	O=0.9962564706802368|NORM=0.003741068998351693
ん	NORM=0.9913177490234375|O=0.008677610196173191
方	O=0.9992558360099792|NORM=0.0007397003937512636
が	O=0.9999362230300903|NORM=6.303703412413597e-05
バトルフィーンド	O=0.9996243715286255|NORM=0.0003729981544893235
より	O=0.9999504089355469|NORM=4.796135181095451e-05
強い	O=0.9998836517333984|NORM=0.00011454290506662801
ん	NORM=0.9954068660736084|O=0.0045881555415689945
は	O=0.9996691942214966|NORM=0.0003294344642199576
間違い	O=0.9999666213989258|NORM=3.243194441893138e-05
な	O=0.9999526739120483|NORM=4.6764635044382885e-05
さ	O=0.9857882857322693|NORM=0.01420049648731947
そう	O=0.9999188184738159|NORM=8.020592940738425e-05
や	NORM=0.9945790767669678|O=0.005417417269200087
ね	O=0.9999676942825317|NORM=3.1681298423791304e-05
。	O=0.9999699592590332|NORM=2.916240191552788e-05

人	O=0.9999117851257324|NORM=8.711410191608593e-05
を	O=0.9999579191207886|NORM=4.149263622821309e-05
疑わ	O=0.9996649026870728|NORM=0.0003342550480738282
ない	O=0.9999008178710938|NORM=9.835165838012472e-05
、	O=0.9966771602630615|NORM=0.0033198371529579163
信じる	O=0.9997629523277283|NORM=0.00023560787667520344
こと	O=0.9999669790267944|NORM=3.228553032386117e-05
です	O=0.9999719858169556|NORM=2.73665355052799e-05
。	O=0.9999617338180542|NORM=3.7334881199058145e-05
あと	O=0.9999512434005737|NORM=4.8114630772033706e-05
伝え	O=0.999957799911499|NORM=4.155310307396576e-05
たい	O=0.9999619722366333|NORM=3.755282159545459e-05
こと	O=0.9999632835388184|NORM=3.6146011552773416e-05
は	O=0.9998587369918823|NORM=0.00014077304513193667
伝え	O=0.9999439716339111|NORM=5.517861063708551e-05
て	O=0.9999212026596069|NORM=7.83375435275957e-05
ゆき	NORM=0.9793120622634888|O=0.020668307319283485
たい	O=0.999921441078186|NORM=7.755614933557808e-05
です	O=0.9999744892120361|NORM=2.4816336008370854e-05
。	O=0.9999698400497437|NORM=2.932068491645623e-05
ネガティブ思考	O=0.9999668598175049|NORM=3.24519096466247e-05
は	O=0.999934196472168|NORM=6.505622150143608e-05
やめ	O=0.9999462366104126|NORM=5.2229221182642505e-05
です	O=0.9999662637710571|NORM=3.296092108939774e-05
。	O=0.9999451637268066|NORM=5.397684799390845e-05
やめ	O=0.9954125285148621|NORM=0.0045828851871192455
！	O=0.9999719858169556|NORM=2.7329160730005242e-05

「	O=0.9999213218688965|NORM=7.789177470840514e-05
よく	O=0.9999693632125854|NORM=3.0042680009501055e-05
使っ	O=0.9999157190322876|NORM=8.379590872209519e-05
て	NORM=0.962319552898407|O=0.037661246955394745
た	O=0.9999526739120483|NORM=4.673953662859276e-05
昔	O=0.9999039173126221|NORM=9.522304753772914e-05
が	O=0.9999204874038696|NORM=7.881625788286328e-05
懐かしい	O=0.9890923500061035|NORM=0.010902950540184975
」	O=0.9999147653579712|NORM=8.43924208311364e-05
って	NORM=0.9906437993049622|O=0.009343555197119713
いう	O=0.8317928314208984|NORM=0.16816982626914978
より	O=0.9998024106025696|NORM=0.00019513558072503656
も	O=0.9999595880508423|NORM=3.9708440453978255e-05
、	O=0.9999315738677979|NORM=6.760134419891983e-05
「	O=0.9998646974563599|NORM=0.00013435531582217664
もう	O=0.9999561309814453|NORM=4.3206335249124095e-05
何	O=0.9999611377716064|NORM=3.81376885343343e-05
年	O=0.9999657869338989|NORM=3.3538988645887e-05
前	O=0.9999473094940186|NORM=5.210723611526191e-05
な	O=0.9999666213989258|NORM=3.272807953180745e-05
の	O=0.9999547004699707|NORM=4.444149089977145e-05
です	O=0.9999221563339233|NORM=7.722681039012969e-05
か	O=0.9966247081756592|NORM=0.0033714219462126493
」	O=0.9998903274536133|NORM=0.00010883308277698234
っていう	NORM=0.9923292994499207|O=0.007662295829504728
話	O=0.9999434947967529|NORM=5.5265532864723355e-05
です	O=0.9999717473983765|NORM=2.7713447707355954e-05
よ	O=0.9999668598175049|NORM=3.2434028980787843e-05
ね	O=0.9999665021896362|NORM=3.27975612890441e-05
。	O=0.9999009370803833|NORM=9.827553731156513e-05

今日	O=0.9999674558639526|NORM=3.160277265124023e-05
に	O=0.9999356269836426|NORM=6.361192208714783e-05
限っ	O=0.9950360655784607|NORM=0.004960938356816769
て	O=0.975033700466156|NORM=0.02496013417840004
フォロワー	O=0.9998989105224609|NORM=9.997995948651806e-05
の	O=0.9999698400497437|NORM=2.9296814318513498e-05
中	O=0.9999592304229736|NORM=3.969252065871842e-05
に	O=0.9999278783798218|NORM=7.115626794984564e-05
二郎	NORM=0.9920948147773743|O=0.007840536534786224
に	O=0.9986523985862732|NORM=0.0013458805624395609
行く	O=0.9998645782470703|NORM=0.00013321441656444222
人	O=0.999950647354126|NORM=4.783952681464143e-05
と	O=0.9999667406082153|NORM=3.248131906730123e-05
脱糞	O=0.9998953342437744|NORM=0.00010337557614548132
する	O=0.9999473094940186|NORM=5.192285243538208e-05
人	O=0.9999502897262573|NORM=4.8438476369483396e-05
が	O=0.9999741315841675|NORM=2.516451604606118e-05
ゴロゴロ	O=0.9999755620956421|NORM=2.3733520720270462e-05
い	O=0.999971866607666|NORM=2.750420753727667e-05
て	O=0.9999428987503052|NORM=5.6110053265001625e-05
、	O=0.9988172054290771|NORM=0.0011800178326666355
TL	NORM=0.8355569839477539|O=0.1638975590467453
が	O=0.999800980091095|NORM=0.00019751553190872073
混沌	O=0.999901294708252|NORM=9.654861787566915e-05
と	O=0.9999687671661377|NORM=3.0486446121358313e-05
し	O=0.9999746084213257|NORM=2.467404010531027e-05
て	O=0.9999749660491943|NORM=2.4369219318032265e-05
い	O=0.9999768733978271|NORM=2.2381675080396235e-05
ます	O=0.9999792575836182|NORM=2.002208202611655e-05
。	O=0.9999487400054932|NORM=5.028599116485566e-05

こういう	O=0.9999598264694214|NORM=3.950143582187593e-05
大きく	O=0.9999628067016602|NORM=3.663033203338273e-05
動き	O=0.9999499320983887|NORM=4.940202416037209e-05
そう	O=0.9999583959579468|NORM=4.1055936890188605e-05
な	O=0.9999490976333618|NORM=5.041249096393585e-05
時	O=0.9999468326568604|NORM=5.2442475862335414e-05
に	O=0.9999642372131348|NORM=3.5287182981846854e-05
はれ	NORM=0.5702851414680481|O=0.4295852482318878
場	O=0.9991022348403931|NORM=0.0008971212082542479
100倍	O=0.9999518394470215|NORM=4.7681944124633446e-05
BitMEX	O=0.9990888833999634|NORM=0.0009100863244384527
を	O=0.9999604225158691|NORM=3.907593054464087e-05
二	O=0.972669243812561|NORM=0.027327224612236023
垢	NORM=0.8984515070915222|O=0.10151039808988571
で	O=0.9999643564224243|NORM=3.510847454890609e-05
両建て	O=0.999951958656311|NORM=4.758550858241506e-05
し	O=0.9999585151672363|NORM=4.093896131962538e-05
て	O=0.9999624490737915|NORM=3.693691178341396e-05
み	O=0.9999352693557739|NORM=6.400884740287438e-05
たい	O=0.99996018409729|NORM=3.912689498974942e-05
ところ	O=0.9999653100967407|NORM=3.3912903745658696e-05
な	O=0.9999434947967529|NORM=5.5811175116105005e-05
の	O=0.9999532699584961|NORM=4.599843668984249e-05
です	O=0.9999682903289795|NORM=3.101664697169326e-05
が	O=0.9999693632125854|NORM=3.001908044097945e-05
。	O=0.999957799911499|NORM=4.1354363929713145e-05

週	O=0.9999738931655884|NORM=2.5356510377605446e-05
1	O=0.9999234676361084|NORM=7.550834561698139e-05
くらい	O=0.9999604225158691|NORM=3.854245733236894e-05
で	O=0.9999656677246094|NORM=3.3602344046812505e-05
在宅	NORM=0.9634434580802917|O=0.036540545523166656
が	O=0.9999676942825317|NORM=3.161951099173166e-05
いい	O=0.9999749660491943|NORM=2.4302844394696876e-05
です	O=0.9999759197235107|NORM=2.3222446543513797e-05
。	O=0.999950647354126|NORM=4.784103293786757e-05

麦芽	O=0.9998997449874878|NORM=9.95723094092682e-05
豆乳	O=0.9999121427536011|NORM=8.698570309206843e-05
が	O=0.9999712705612183|NORM=2.808678436849732e-05
美味い	O=0.999923825263977|NORM=7.558856304967776e-05
の	O=0.9999179840087891|NORM=8.122988947434351e-05
か	O=0.9999738931655884|NORM=2.5367127818753943e-05
、	O=0.9994152784347534|NORM=0.0005828128196299076
グラノーラ	O=0.9998719692230225|NORM=0.00012746659922413528
が	O=0.9999698400497437|NORM=2.9532562621170655e-05
美味い	O=0.999932050704956|NORM=6.728955486323684e-05
の	O=0.9999381303787231|NORM=6.0937916714465246e-05
か	O=0.999976634979248|NORM=2.2656644432572648e-05
…	O=0.9998774528503418|NORM=0.00012133978452766314
。	O=0.9998307228088379|NORM=0.00016752684314269572
相乗効果	O=0.9999653100967407|NORM=3.392687358427793e-05
です	O=0.9999709129333496|NORM=2.8406066121533513e-05
ね	O=0.9999651908874512|NORM=3.409257988096215e-05
。	O=0.999950647354126|NORM=4.83225921925623e-05

『	O=0.9999545812606812|NORM=4.475614332477562e-05
トイ・ストーリー3	O=0.9999654293060303|NORM=3.4076070733135566e-05
』	O=0.9999536275863647|NORM=4.575227285386063e-05
は	O=0.999943733215332|NORM=5.585746112046763e-05
見	O=0.9999648332595825|NORM=3.452975215623155e-05
て	O=0.9999650716781616|NORM=3.4393113310215995e-05
い	O=0.9999716281890869|NORM=2.7779649826698005e-05
まし	O=0.9999676942825317|NORM=3.166553142364137e-05
た	O=0.9999756813049316|NORM=2.3752701963530853e-05
が	O=0.9999691247940063|NORM=3.0211787816369906e-05
、	O=0.9999574422836304|NORM=4.181015174253844e-05
『	O=0.9999538660049438|NORM=4.5531596697401255e-05
トイ・ストーリー2	O=0.9999587535858154|NORM=4.077955964021385e-05
』	O=0.9999428987503052|NORM=5.639142545987852e-05
は	O=0.9999289512634277|NORM=7.061290671117604e-05
見	O=0.9999467134475708|NORM=5.262197373667732e-05
て	NORM=0.975746750831604|O=0.02418455295264721
なかっ	O=0.9998495578765869|NORM=0.00014963939611334354
た	O=0.9999611377716064|NORM=3.836575706372969e-05
よう	O=0.9999066591262817|NORM=9.238711936632171e-05
です	O=0.9999730587005615|NORM=2.6357327442383394e-05
。	O=0.9999526739120483|NORM=4.6690754970768467e-05
面白かっ	O=0.9999586343765259|NORM=4.092612653039396e-05
た	O=0.9999741315841675|NORM=2.5342083972645923e-05
です	O=0.999968409538269|NORM=3.09579299937468e-05
。	O=0.9999561309814453|NORM=4.30330510425847e-05
眠い	O=0.9999760389328003|NORM=2.3385864551528357e-05
です	O=0.9999728202819824|NORM=2.6550011170911603e-05
。	O=0.9999556541442871|NORM=4.3520238250494e-05

謎	O=0.9999657869338989|NORM=3.333932181703858e-05
な	O=0.9999698400497437|NORM=2.954636511276476e-05
タイミング	O=0.99996018409729|NORM=3.9058635593391955e-05
で	O=0.9999704360961914|NORM=2.9058226573397405e-05
68枚	O=0.9999629259109497|NORM=3.6478340916801244e-05
成行	NORM=0.7513415217399597|O=0.24863506853580475
注文	O=0.9999479055404663|NORM=5.132516162120737e-05
を	O=0.9999707937240601|NORM=2.8684031349257566e-05
し	O=0.999966025352478|NORM=3.347249730722979e-05
て	O=0.9999679327011108|NORM=3.157239189022221e-05
爆発	O=0.9999569654464722|NORM=4.2277930333511904e-05
的	O=0.9999411106109619|NORM=5.811843220726587e-05
な	O=0.9998003840446472|NORM=0.00019897705351468176
損	O=0.9998533725738525|NORM=0.00014499067037831992
を	O=0.9999629259109497|NORM=3.669834404718131e-05
する	O=0.9999618530273438|NORM=3.75177405658178e-05
夢	O=0.9999293088912964|NORM=6.937558646313846e-05
を	O=0.9999604225158691|NORM=3.903015749529004e-05
見	O=0.9999101161956787|NORM=8.872086618794128e-05
た	O=0.9999632835388184|NORM=3.6128261854173616e-05
ので	O=0.9999371767044067|NORM=6.202417716849595e-05
、	O=0.9999481439590454|NORM=5.1043130952166393e-05
今日	O=0.999970555305481|NORM=2.8668739105341956e-05
は	O=0.9999380111694336|NORM=6.156221934361383e-05
トレード	O=0.9999516010284424|NORM=4.742959208670072e-05
を	O=0.9999552965164185|NORM=4.4138756493339315e-05
休み	O=0.9999146461486816|NORM=8.45510367071256e-05
ます	NORM=0.9960260391235352|O=0.003965822514146566

やっぱし	NORM=0.5930904746055603|O=0.4069000780582428
、	O=0.9999473094940186|NORM=5.197933569434099e-05
東京	O=0.9926387071609497|NORM=0.007348815910518169
は	O=0.9999133348464966|NORM=8.617086859885603e-05
住め	O=0.9896406531333923|NORM=0.010356721468269825
ない	O=0.999936580657959|NORM=6.236133049242198e-05
です	O=0.9999567270278931|NORM=4.269089913577773e-05
ね	NORM=0.9807056784629822|O=0.01927519030869007
地元	O=0.9999381303787231|NORM=6.13205847912468e-05
です	O=0.9999268054962158|NORM=7.253734656842425e-05
。	O=0.99994957447052|NORM=4.9575170123716816e-05
田舎	O=0.9999600648880005|NORM=3.9383405237458646e-05
万	O=0.9999594688415527|NORM=4.0044957131613046e-05
歳	O=0.9999336004257202|NORM=6.53492461424321e-05
。	O=0.9999574422836304|NORM=4.17816117987968e-05

昨日	O=0.9999463558197021|NORM=5.235774369793944e-05
と	O=0.9999288320541382|NORM=7.00776872690767e-05
今日	O=0.9999698400497437|NORM=2.9435725082294084e-05
は	O=0.9999277591705322|NORM=7.16662107151933e-05
うっすら	O=0.9999680519104004|NORM=3.151283453917131e-05
頭	O=0.9999727010726929|NORM=2.6530544346314855e-05
が	O=0.999976634979248|NORM=2.288088398927357e-05
痛い	O=0.999954342842102|NORM=4.506613913690671e-05
です	NORM=0.9971545934677124|O=0.0028334022499620914
気圧	O=0.9999618530273438|NORM=3.738398299901746e-05
でしょ	O=0.9999737739562988|NORM=2.5559522327966988e-05
う	O=0.9999682903289795|NORM=3.10992581944447e-05
か	O=0.9999758005142212|NORM=2.3616796170244925e-05
？	O=0.9999696016311646|NORM=2.94777983071981e-05

作品	O=0.9999634027481079|NORM=3.5483859392115846e-05
に対して	O=0.9999638795852661|NORM=3.5187735193176195e-05
レビュー	O=0.9999632835388184|NORM=3.5463184758555144e-05
や	O=0.9999688863754272|NORM=3.044974982913118e-05
感想	O=0.9999639987945557|NORM=3.451787051744759e-05
を	O=0.9999775886535645|NORM=2.1929834474576637e-05
書く	O=0.9999717473983765|NORM=2.7694160962710157e-05
人	O=0.9999645948410034|NORM=3.4558968764031306e-05
って	NORM=0.9934958219528198|O=0.006494765169918537
、	O=0.9999312162399292|NORM=6.800902338000014e-05
実は	O=0.9998505115509033|NORM=0.00014853068569209427
めちゃくちゃ	O=0.9999690055847168|NORM=3.036119778698776e-05
少ない	O=0.9999338388442993|NORM=6.413090159185231e-05
です	O=0.999977707862854|NORM=2.1520385416806675e-05
。	O=0.9999611377716064|NORM=3.793419091380201e-05
ただ	O=0.9999558925628662|NORM=4.326508133090101e-05
、	O=0.999968409538269|NORM=3.0946004699217156e-05
見かけ	O=0.9999599456787109|NORM=3.92395886592567e-05
上	O=0.9999500513076782|NORM=4.948822606820613e-05
少ない	O=0.9999493360519409|NORM=4.947927300236188e-05
から	O=0.9999676942825317|NORM=3.142662899335846e-05
と	O=0.9999504089355469|NORM=4.851851554121822e-05
いっ	O=0.9999206066131592|NORM=7.868940883781761e-05
て	O=0.999969482421875|NORM=2.98665418085875e-05
も	O=0.9999064207077026|NORM=9.306402353104204e-05
、	O=0.9999606609344482|NORM=3.866137194563635e-05
サイレントマジョリティ	O=0.9999603033065796|NORM=3.923222902812995e-05
ー	O=0.9992539286613464|NORM=0.0007451846031472087
という	O=0.9999574422836304|NORM=4.1643259464763105e-05
コメント	O=0.9999610185623169|NORM=3.8133970519993454e-05
は	O=0.9999556541442871|NORM=4.3761298002209514e-05
しません	O=0.9998944997787476|NORM=0.00010445886437082663
が	O=0.9999678134918213|NORM=3.145638038404286e-05
、	O=0.9999663829803467|NORM=3.2937641663011163e-05
考え	O=0.9999738931655884|NORM=2.553516605985351e-05
を	O=0.9999730587005615|NORM=2.6484140107640997e-05
持っ	O=0.9999686479568481|NORM=3.0819988751318306e-05
た	O=0.9999765157699585|NORM=2.29546676564496e-05
人	O=0.9999723434448242|NORM=2.6948302547680214e-05
が	O=0.9999747276306152|NORM=2.4786540961940773e-05
いる	O=0.9999595880508423|NORM=3.9788272260921076e-05
こと	O=0.9999719858169556|NORM=2.742503238550853e-05
を	O=0.9999741315841675|NORM=2.5358160200994462e-05
忘れ	O=0.9999649524688721|NORM=3.435032704146579e-05
て	O=0.9999752044677734|NORM=2.4211101845139638e-05
は	O=0.9999613761901855|NORM=3.807497341767885e-05
いけ	O=0.9999666213989258|NORM=3.2875446777325124e-05
ませ	O=0.999968409538269|NORM=3.097063017776236e-05
ん	O=0.999971866607666|NORM=2.7557849534787238e-05
。	O=0.999945878982544|NORM=5.324501034920104e-05
作り	O=0.9999443292617798|NORM=5.503263673745096e-05
手	O=0.9999605417251587|NORM=3.878459756379016e-05
は	O=0.9999539852142334|NORM=4.548694414552301e-05
、	O=0.9998438358306885|NORM=0.00015542296750936657
やっぱり	NORM=0.9973000884056091|O=0.0026942731346935034
常に	O=0.9999583959579468|NORM=4.090816219104454e-05
見	O=0.9999092817306519|NORM=8.995677490020171e-05
られ	O=0.9999480247497559|NORM=5.152496669325046e-05
て	O=0.9999518394470215|NORM=4.7651123168179765e-05
い	O=0.9999366998672485|NORM=6.285727431531996e-05
て	O=0.9999607801437378|NORM=3.8694171962561086e-05
、	O=0.9999547004699707|NORM=4.473123044590466e-05
評価	O=0.9999514818191528|NORM=4.799471207661554e-05
も	O=0.9996812343597412|NORM=0.0003184083616361022
さ	O=0.9998641014099121|NORM=0.00013549361028708518
れ	O=0.9999048709869385|NORM=9.472598321735859e-05
て	O=0.9999527931213379|NORM=4.6835873945383355e-05
いる	O=0.9999496936798096|NORM=4.9870210204971954e-05
の	O=0.9999591112136841|NORM=4.027719478472136e-05
です	O=0.9999690055847168|NORM=3.037382339243777e-05
。	O=0.9999477863311768|NORM=5.132011210662313e-05

それにしても	O=0.9998862743377686|NORM=0.00011275264114374295
内田有紀	O=0.9997450709342957|NORM=0.0002529266639612615
さん	O=0.9999593496322632|NORM=4.008640826214105e-05
は	O=0.9999504089355469|NORM=4.8954389058053493e-05
美人	O=0.9999099969863892|NORM=8.891279867384583e-05
です	O=0.9999772310256958|NORM=2.20706315303687e-05
ね	O=0.9999687671661377|NORM=3.0515708203893155e-05
。	NORM=0.9957571625709534|O=0.0042353104799985886
。	NORM=0.9980892539024353|O=0.0019052844727411866
。	O=0.9999462366104126|NORM=5.162206434761174e-05

ちなみに	O=0.9999438524246216|NORM=5.3617695812135935e-05
自分	O=0.9999700784683228|NORM=2.8898315576952882e-05
の	O=0.9999597072601318|NORM=3.950323662138544e-05
周り	O=0.9999366998672485|NORM=6.189403211465105e-05
は	O=0.9999269247055054|NORM=7.210470357676968e-05
やたら	O=0.9998737573623657|NORM=0.00012530668755061924
射手座	O=0.9998425245285034|NORM=0.00015632450231350958
が	O=0.9999512434005737|NORM=4.795109998667613e-05
多い	O=0.999777615070343|NORM=0.00021812878549098969
です	NORM=0.9932776093482971|O=0.0066833202727139
母親	O=0.9999135732650757|NORM=8.509527106070891e-05
や	O=0.9999122619628906|NORM=8.706912194611505e-05
夫	O=0.9998519420623779|NORM=0.0001466644462198019
、	O=0.9999171495437622|NORM=8.21089997771196e-05
中学	O=0.9993079900741577|NORM=0.0006899733562022448
から	O=0.999962568283081|NORM=3.6764922697329894e-05
の	O=0.9997660517692566|NORM=0.00023240200243890285
友達	O=0.9997212290763855|NORM=0.00027687972760759294
、	O=0.9997919201850891|NORM=0.00020726265211123973
社長	O=0.9997221827507019|NORM=0.0002756185713224113
、	O=0.999884843826294|NORM=0.00011425948468968272
同じ	O=0.9999420642852783|NORM=5.7406887208344415e-05
パート	O=0.9997149109840393|NORM=0.00028390437364578247
の	O=0.9999512434005737|NORM=4.82428222312592e-05
人	O=0.9998002648353577|NORM=0.00019849998352583498
の	O=0.9998974800109863|NORM=0.00010152076720260084
誰	O=0.9999610185623169|NORM=3.818244658759795e-05
と	O=0.9999648332595825|NORM=3.416068648220971e-05
も	O=0.9999395608901978|NORM=5.986568066873588e-05
別に	O=0.9998573064804077|NORM=0.00014135926903691143
相性	O=0.9999711513519287|NORM=2.79206687991973e-05
は	O=0.99996018409729|NORM=3.931818719138391e-05
悪く	O=0.9999648332595825|NORM=3.4036005672533065e-05
あり	O=0.9999700784683228|NORM=2.9296206776052713e-05
ませ	O=0.999970555305481|NORM=2.8843729523941875e-05
ん	O=0.9999724626541138|NORM=2.6886158593697473e-05
。	O=0.9999511241912842|NORM=4.761229138239287e-05

上司	O=0.9999701976776123|NORM=2.886347647290677e-05
が	O=0.9999722242355347|NORM=2.7131440219818614e-05
「	O=0.999951958656311|NORM=4.724127211375162e-05
有給	O=0.9999455213546753|NORM=5.373029489419423e-05
を	O=0.9999620914459229|NORM=3.736795042641461e-05
取っ	O=0.9999608993530273|NORM=3.861094228341244e-05
てる	NORM=0.9942136406898499|O=0.0057763345539569855
暇	O=0.999937891960144|NORM=6.0956444940529764e-05
が	O=0.999970555305481|NORM=2.890389623644296e-05
ない	O=0.9999709129333496|NORM=2.8321725039859302e-05
です	O=0.9999758005142212|NORM=2.3558488464914262e-05
よ	O=0.9999725818634033|NORM=2.66845672740601e-05
ね	O=0.9999741315841675|NORM=2.5126173568423837e-05
。	O=0.9999606609344482|NORM=3.812094291788526e-05
」	O=0.999947190284729|NORM=5.181081360206008e-05
とか	O=0.999832034111023|NORM=0.00016666494775563478
言っ	O=0.9999442100524902|NORM=5.532215072889812e-05
て	O=0.9999606609344482|NORM=3.89326160075143e-05
くる	O=0.999962568283081|NORM=3.682622264022939e-05
ん	NORM=0.9921084046363831|O=0.007874793373048306
です	O=0.9999425411224365|NORM=5.670488826581277e-05
が	O=0.9999665021896362|NORM=3.276208008173853e-05
、	O=0.9997512698173523|NORM=0.0002471957413945347
そ	O=0.6026358008384705|NORM=0.39735549688339233
ー	NORM=0.9855878353118896|O=0.014402571134269238
でしょ	O=0.9999674558639526|NORM=3.185914465575479e-05
う	O=0.9999655485153198|NORM=3.385923264431767e-05
か	O=0.9999735355377197|NORM=2.570391006884165e-05
？	O=0.9999508857727051|NORM=4.782211544807069e-05
俺	O=0.9999656677246094|NORM=3.338198803248815e-05
は	O=0.9999655485153198|NORM=3.387855031178333e-05
わりと	O=0.9999674558639526|NORM=3.183930675731972e-05
暇	O=0.9999574422836304|NORM=4.143998012295924e-05
です	O=0.9999736547470093|NORM=2.571749791968614e-05
よ	O=0.9999707937240601|NORM=2.8389893486746587e-05
。	O=0.9999654293060303|NORM=3.363817813806236e-05

今日	O=0.9998329877853394|NORM=0.00016600522212684155
の	O=0.5072206258773804|NORM=0.49276718497276306
学内	NORM=0.7050610780715942|O=0.2949112057685852
、	NORM=0.9626752734184265|O=0.03731682896614075
袴	O=0.9998639822006226|NORM=0.00013491064601112157
で	O=0.9999804496765137|NORM=1.8856298993341625e-05
歩い	O=0.9973164200782776|NORM=0.0026823331136256456
てる	NORM=0.9974128603935242|O=0.0025817372370511293
女性	O=0.9999765157699585|NORM=2.2451617041951977e-05
が	O=0.9999827146530151|NORM=1.657662505749613e-05
割と	O=0.9997811913490295|NORM=0.00021551817189902067
多い	O=0.9999650716781616|NORM=3.3482909202575684e-05
です	O=0.9999804496765137|NORM=1.8740167433861643e-05
。	O=0.9999691247940063|NORM=2.9599395929835737e-05

まさか	O=0.9999221563339233|NORM=7.659856782993302e-05
ザリガニ	O=0.997771143913269|NORM=0.00222332077100873
が	O=0.9998562335968018|NORM=0.00014290159742813557
主人公	O=0.9999637603759766|NORM=3.539650060702115e-05
の	O=0.999961256980896|NORM=3.804629159276374e-05
話	O=0.9999545812606812|NORM=4.446823731996119e-05
で	O=0.9999691247940063|NORM=3.0186733056325465e-05
泣く	O=0.9999691247940063|NORM=3.038243085029535e-05
と	O=0.9999769926071167|NORM=2.223812771262601e-05
は	O=0.9999700784683228|NORM=2.9421586077660322e-05
思い	O=0.999968409538269|NORM=3.0953237001085654e-05
ませ	O=0.9999744892120361|NORM=2.500252958270721e-05
ん	O=0.9999740123748779|NORM=2.5466802981100045e-05
でし	O=0.999976634979248|NORM=2.2666370568913408e-05
た	O=0.9999778270721436|NORM=2.152874367311597e-05
。	O=0.9999284744262695|NORM=7.046064274618402e-05
バルタン星人	O=0.9999432563781738|NORM=5.590337241301313e-05
が	O=0.999681830406189|NORM=0.00031697037047706544
カッコ	NORM=0.9979953765869141|O=0.0019999020732939243
いい	O=0.9541081786155701|NORM=0.04587108641862869
です	O=0.999974250793457|NORM=2.5150340661639348e-05
よ	O=0.99996018409729|NORM=3.923132680938579e-05
、	O=0.9998948574066162|NORM=0.00010418192687211558
バルタン星人	O=0.999950647354126|NORM=4.8518111725570634e-05
。	O=0.9999659061431885|NORM=3.31892806570977e-05

キッチン	O=0.9999368190765381|NORM=6.205042154761031e-05
は	O=0.9999209642410278|NORM=7.845684740459546e-05
独立	O=0.9991648197174072|NORM=0.0008329398697242141
、	NORM=0.850749671459198|O=0.1491566151380539
お	O=0.9999548196792603|NORM=4.4449341658037156e-05
風呂	O=0.9999188184738159|NORM=8.027564035728574e-05
は	O=0.9998689889907837|NORM=0.00013028217654209584
自動	O=0.9996979236602783|NORM=0.0003010402142535895
湯沸かし	O=0.998256266117096|NORM=0.0017403099918738008
、	O=0.859975278377533|NORM=0.1399976909160614
台所	O=0.9999549388885498|NORM=4.4359992898534983e-05
の	O=0.9999425411224365|NORM=5.664932177751325e-05
収納	O=0.9997252821922302|NORM=0.00027261109789833426
は	O=0.9998947381973267|NORM=0.000104522769106552
多く	O=0.9997926354408264|NORM=0.00020510927424766123
ない	O=0.9998980760574341|NORM=0.00010019836918218061
と	O=0.9999022483825684|NORM=9.60229299380444e-05
無理	O=0.9999712705612183|NORM=2.7877091270056553e-05
です	O=0.9999791383743286|NORM=2.006235263252165e-05
。	O=0.9999629259109497|NORM=3.590016422094777e-05

明日	O=0.9999700784683228|NORM=2.9279837690410204e-05
お	O=0.9998098015785217|NORM=0.0001889937266241759
給料	O=0.9999464750289917|NORM=5.273404167382978e-05
が	O=0.999963641166687|NORM=3.577751704142429e-05
入る	O=0.9996625185012817|NORM=0.00033440697006881237
ので	O=0.9999535083770752|NORM=4.582571273203939e-05
何	O=0.9999740123748779|NORM=2.532475809857715e-05
を	O=0.9999730587005615|NORM=2.6307476218789816e-05
買う	O=0.9999384880065918|NORM=6.0446302086347714e-05
か	O=0.9999668598175049|NORM=3.25836444972083e-05
考え	O=0.9999579191207886|NORM=4.155607530265115e-05
てる	NORM=0.9944000840187073|O=0.005589061416685581
だけ	O=0.9999570846557617|NORM=4.20998185290955e-05
で	O=0.9999743700027466|NORM=2.5001572794280946e-05
楽しい	O=0.9999748468399048|NORM=2.4313061658176593e-05
です	O=0.9999754428863525|NORM=2.382867933192756e-05
。	O=0.9999622106552124|NORM=3.69419067283161e-05
とりあえず	O=0.9999088048934937|NORM=9.061541641131043e-05
家具	O=0.999954104423523|NORM=4.507730045588687e-05
です	O=0.9999643564224243|NORM=3.5090666642645374e-05
。	O=0.9998834133148193|NORM=0.00011569230991881341
さらば	O=0.9998778104782104|NORM=0.00012153312127338722
布団	O=0.9999504089355469|NORM=4.897030885331333e-05
！	O=0.9999401569366455|NORM=5.892668559681624e-05
怠惰	O=0.9999662637710571|NORM=3.302322147646919e-05
な	O=0.9999703168869019|NORM=2.9120559702278115e-05
人間	O=0.9999542236328125|NORM=4.447606625035405e-05
に	O=0.9999650716781616|NORM=3.426510374993086e-05
ベッド	O=0.9999465942382812|NORM=5.2521641919156536e-05
は	O=0.9999523162841797|NORM=4.720012657344341e-05
不向き	O=0.9994971752166748|NORM=0.0005006639985367656
という	O=0.9998056292533875|NORM=0.00019213344785384834
一抹	NORM=0.9947420358657837|O=0.005251844879239798
の	O=0.9998341798782349|NORM=0.00016486048116348684
ため	O=0.7877846360206604|NORM=0.21217787265777588
らい	NORM=0.9731887578964233|O=0.026803623884916306
。	O=0.9999630451202393|NORM=3.611740248743445e-05

ゲーム	O=0.9999659061431885|NORM=3.315160211059265e-05
の	O=0.9999552965164185|NORM=4.408549648360349e-05
発売	O=0.9999157190322876|NORM=8.291284029837698e-05
とか	O=0.9999223947525024|NORM=7.671614002902061e-05
を	O=0.9999598264694214|NORM=3.9558883145218715e-05
待っ	O=0.9999406337738037|NORM=5.8907717175316066e-05
てる	NORM=0.9953853487968445|O=0.0046023777686059475
人	O=0.9999573230743408|NORM=4.172792978351936e-05
は	O=0.9999738931655884|NORM=2.5668719899840653e-05
こういう	O=0.9999756813049316|NORM=2.3662401872570626e-05
気持ち	O=0.9999719858169556|NORM=2.7361445972928777e-05
な	O=0.999967098236084|NORM=3.239576471969485e-05
ん	NORM=0.9898175597190857|O=0.010142919607460499
でしょ	O=0.9999653100967407|NORM=3.39235775754787e-05
う	O=0.9999698400497437|NORM=2.9494058253476396e-05
ね	O=0.9999746084213257|NORM=2.478682108630892e-05
。	O=0.9999678134918213|NORM=3.13247182930354e-05

骨格	O=0.9999644756317139|NORM=3.460229709162377e-05
とか	O=0.9999524354934692|NORM=4.6763023419771343e-05
体質	O=0.9999269247055054|NORM=7.150797318900004e-05
とか	O=0.9999659061431885|NORM=3.329929313622415e-05
は	O=0.9999459981918335|NORM=5.34365426574368e-05
人	O=0.999927282333374|NORM=7.12986002326943e-05
それぞれ	O=0.9999003410339355|NORM=9.775408398127183e-05
違う	O=0.9997650980949402|NORM=0.0002328601258341223
ん	NORM=0.9917166829109192|O=0.008252527564764023
です	O=0.9999641180038452|NORM=3.511452814564109e-05
から	O=0.9999731779098511|NORM=2.5858034859993495e-05
、	O=0.9999608993530273|NORM=3.8401438359869644e-05
楽しく	O=0.9999734163284302|NORM=2.5813764295889996e-05
食べ	O=0.9999668598175049|NORM=3.238624049117789e-05
られ	O=0.9999414682388306|NORM=5.794390381197445e-05
て	O=0.9999667406082153|NORM=3.268687578383833e-05
病気	O=0.9999651908874512|NORM=3.389133416931145e-05
に	O=0.9999759197235107|NORM=2.3414984752889723e-05
なら	O=0.9999682903289795|NORM=3.106060466961935e-05
ず	O=0.9999706745147705|NORM=2.8511798518593423e-05
に	O=0.9999723434448242|NORM=2.6955909561365843e-05
元気	O=0.9999743700027466|NORM=2.475497058185283e-05
に	O=0.999975323677063|NORM=2.4097242203424685e-05
活動	O=0.9999667406082153|NORM=3.260141966165975e-05
できる	O=0.999971866607666|NORM=2.7517640774021856e-05
ところ	O=0.9999611377716064|NORM=3.7986974348314106e-05
が	O=0.9999582767486572|NORM=4.1246661567129195e-05
最高	O=0.9999603033065796|NORM=3.874957837979309e-05
の	O=0.9999600648880005|NORM=3.930843740818091e-05
体重	O=0.9998650550842285|NORM=0.00013363502512220293
だ	O=0.9999653100967407|NORM=3.393965744180605e-05
と	O=0.9999747276306152|NORM=2.4512701202183962e-05
は	O=0.9999607801437378|NORM=3.864158134092577e-05
思い	O=0.9999610185623169|NORM=3.8197853427845985e-05
ます	O=0.9999728202819824|NORM=2.6505762434680946e-05
。	O=0.9999587535858154|NORM=4.027652903459966e-05
極度	O=0.9999428987503052|NORM=5.5701235396554694e-05
の	O=0.9999284744262695|NORM=7.056473259581253e-05
肥満	O=0.9998546838760376|NORM=0.00014309353718999773
は	O=0.9998207688331604|NORM=0.0001785210333764553
心臓	O=0.9999663829803467|NORM=3.286305582150817e-05
や	O=0.9999693632125854|NORM=2.9890074074501172e-05
膝	O=0.9999561309814453|NORM=4.277503103367053e-05
に	O=0.9999707937240601|NORM=2.8526163077913225e-05
負担	O=0.9998849630355835|NORM=0.00011200411972822621
が	O=0.9999696016311646|NORM=2.986016625072807e-05
大き	O=0.9999626874923706|NORM=3.671762169688009e-05
そう	O=0.9999709129333496|NORM=2.838183172571007e-05
です	O=0.9999719858169556|NORM=2.729451807681471e-05
が	O=0.9999693632125854|NORM=2.9853665182599798e-05
、	O=0.9999620914459229|NORM=3.7175617762841284e-05
体重	O=0.9999607801437378|NORM=3.8129455788293853e-05
を	O=0.9999662637710571|NORM=3.3181251637870446e-05
絞っ	O=0.9999246597290039|NORM=7.4760515417438e-05
た	O=0.9999696016311646|NORM=2.976469295390416e-05
筋肉質	O=0.9999685287475586|NORM=3.078928784816526e-05
な	O=0.9999732971191406|NORM=2.6198496925644577e-05
人	O=0.9999645948410034|NORM=3.442636807449162e-05
は	O=0.9999563694000244|NORM=4.314240504754707e-05
すぐ	O=0.9999253749847412|NORM=7.379810267593712e-05
に	O=0.9992005228996277|NORM=0.0007970925653353333
風邪	O=0.9999591112136841|NORM=3.966856456827372e-05
を	O=0.9999687671661377|NORM=3.0630002584075555e-05
引く	O=0.9998601675033569|NORM=0.00013887681416235864
って	NORM=0.7960935235023499|O=0.2035672813653946
筋肉質	O=0.999975323677063|NORM=2.3979340767255053e-05
な	O=0.9999730587005615|NORM=2.6369894840172492e-05
院長	O=0.9999338388442993|NORM=6.497428694274276e-05
も	O=0.9999692440032959|NORM=3.0188492019078694e-05
言っ	O=0.9999715089797974|NORM=2.777148620225489e-05
て	O=0.9999758005142212|NORM=2.362091800023336e-05
い	O=0.9999797344207764|NORM=1.954792969627306e-05
まし	O=0.9999760389328003|NORM=2.3258109649759717e-05
た	O=0.9999814033508301|NORM=1.7870977899292484e-05
。	O=0.9999704360961914|NORM=2.8617407224373892e-05

三丁目	O=0.999951958656311|NORM=4.740605072584003e-05
の	O=0.99996018409729|NORM=3.9078826375771314e-05
インター	O=0.9998613595962524|NORM=0.0001379904424538836
フューチャー	O=0.9978066086769104|NORM=0.0021839423570781946
」	O=0.9976021647453308|NORM=0.002396200317889452
って	NORM=0.991934061050415|O=0.008052804507315159
聞こえ	O=0.9999239444732666|NORM=7.514753087889403e-05
ます	O=0.9999680519104004|NORM=3.145446680719033e-05
!!	O=0.9999618530273438|NORM=3.72005051758606e-05

やっぱ	NORM=0.9955322742462158|O=0.004452578257769346
ちゃんと	O=0.9999583959579468|NORM=4.1063416574615985e-05
議論	O=0.9999767541885376|NORM=2.247283009637613e-05
できる	O=0.9999731779098511|NORM=2.6170326236751862e-05
だけ	O=0.9999717473983765|NORM=2.7565547497943044e-05
の	O=0.9999755620956421|NORM=2.3751907065161504e-05
人数	O=0.9999732971191406|NORM=2.580499858595431e-05
が	O=0.9999768733978271|NORM=2.239788227598183e-05
ほしい	O=0.9999709129333496|NORM=2.8133876185165718e-05
です	O=0.9999768733978271|NORM=2.2428192096413113e-05
！	O=0.999962568283081|NORM=3.663119423436001e-05
一人	O=0.9999775886535645|NORM=2.1737625502282754e-05
の	O=0.9999715089797974|NORM=2.7828116799355485e-05
考え	O=0.9999655485153198|NORM=3.382844079169445e-05
だ	O=0.999951958656311|NORM=4.7518889914499596e-05
と	O=0.9999542236328125|NORM=4.508982237894088e-05
限界	O=0.9999735355377197|NORM=2.5723797079990618e-05
が	O=0.999976634979248|NORM=2.274354119435884e-05
あり	O=0.9999749660491943|NORM=2.4467584808007814e-05
ます	O=0.9999748468399048|NORM=2.452568332955707e-05
！	O=0.9999483823776245|NORM=5.0796839786926284e-05
！	O=0.9997656941413879|NORM=0.00023273506667464972

現像液	O=0.9999411106109619|NORM=5.7993471273221076e-05
を	O=0.999963641166687|NORM=3.5794073482975364e-05
ドボドボ	O=0.9999648332595825|NORM=3.443701643845998e-05
と	O=0.999971866607666|NORM=2.7619151296676137e-05
注い	O=0.988843560218811|NORM=0.01115322019904852
で	O=0.9997865557670593|NORM=0.00021252533770166337
「	O=0.999945878982544|NORM=5.332154250936583e-05
日本酒	O=0.9999672174453735|NORM=3.1849656807025895e-05
で	O=0.9999673366546631|NORM=3.209765418432653e-05
は	O=0.9999125003814697|NORM=8.689369860803708e-05
ねー	NORM=0.9883527159690857|O=0.011633164249360561
ん	NORM=0.9859504103660583|O=0.014013072475790977
です	O=0.9997405409812927|NORM=0.0002584483299870044
よ	NORM=0.8804582357406616|O=0.11943081021308899
」	O=0.9999502897262573|NORM=4.907221955363639e-05
って	NORM=0.9935518503189087|O=0.006438445765525103
怒ら	O=0.9999008178710938|NORM=9.875534306047484e-05
れ	O=0.9998601675033569|NORM=0.00013927152031101286
た	O=0.9999721050262451|NORM=2.7392961783334613e-05
こと	O=0.999972939491272|NORM=2.6511859687161632e-05
は	O=0.9999716281890869|NORM=2.78003208222799e-05
あり	O=0.9999758005142212|NORM=2.3631779185961932e-05
ます	O=0.9999736547470093|NORM=2.5689456379041076e-05
。	O=0.9999567270278931|NORM=4.2513147491263226e-05

ドレス	O=0.9999334812164307|NORM=6.548454985022545e-05
は	O=0.9999382495880127|NORM=6.119989120634273e-05
とっても	NORM=0.9737319350242615|O=0.026192257180809975
綺麗	O=0.9999676942825317|NORM=3.124854265479371e-05
に	O=0.999974250793457|NORM=2.522021168260835e-05
撮っ	O=0.9999679327011108|NORM=3.1553667213302106e-05
て	O=0.9999622106552124|NORM=3.7355057429522276e-05
もらえ	O=0.9999393224716187|NORM=5.947404497419484e-05
て	O=0.9999481439590454|NORM=5.117747059557587e-05
、	O=0.9999545812606812|NORM=4.4758617150364444e-05
あんのじょう	NORM=0.6341826915740967|O=0.36579227447509766
当初	O=0.9999587535858154|NORM=4.037686812807806e-05
の	O=0.9999604225158691|NORM=3.871937224175781e-05
予算	O=0.9999614953994751|NORM=3.743798515642993e-05
より	O=0.9999700784683228|NORM=2.8864382329629734e-05
は	O=0.9999686479568481|NORM=3.0832597985863686e-05
増え	O=0.999974250793457|NORM=2.4857708922354504e-05
まし	O=0.999970555305481|NORM=2.8747150281560607e-05
た	O=0.9999785423278809|NORM=2.0842720914515667e-05
w	O=0.9998779296875|NORM=0.00012068249634467065

ポスト	O=0.9997938275337219|NORM=0.00020472024334594607
に	O=0.999964714050293|NORM=3.4699260140769184e-05
不在	O=0.9999253749847412|NORM=7.31858890503645e-05
票	O=0.9999703168869019|NORM=2.8893884518765844e-05
が	O=0.9999762773513794|NORM=2.3222033632919192e-05
入っ	O=0.9999582767486572|NORM=4.1132039768854156e-05
て	NORM=0.9950491786003113|O=0.004940495826303959
まし	O=0.9999737739562988|NORM=2.5576762709533796e-05
た	O=0.9999790191650391|NORM=2.0300716641941108e-05
。	O=0.9999129772186279|NORM=8.576525578973815e-05
何	O=0.9999735355377197|NORM=2.568589843576774e-05
か	O=0.9999760389328003|NORM=2.34532926697284e-05
当たり	O=0.999935507774353|NORM=6.386252061929554e-05
まし	O=0.9999728202819824|NORM=2.6653493478079326e-05
た	O=0.9998921155929565|NORM=0.0001071296283043921
よー	NORM=0.9959419369697571|O=0.004048840142786503
。	O=0.9999347925186157|NORM=6.393432704498991e-05
詳細	O=0.999964714050293|NORM=3.417772313696332e-05
は	O=0.9999516010284424|NORM=4.786604404216632e-05
受け取っ	O=0.999725878238678|NORM=0.0002729137777350843
て	O=0.999958872795105|NORM=4.06428225687705e-05
から	O=0.9999793767929077|NORM=2.0131989003857598e-05
ツイート	O=0.9999608993530273|NORM=3.8452562876045704e-05
し	O=0.9999524354934692|NORM=4.7009347326820716e-05
ます	O=0.9999606609344482|NORM=3.872251545544714e-05
！	O=0.9999704360961914|NORM=2.874610436265357e-05

どー	NORM=0.9852617383003235|O=0.01471051573753357
し	O=0.5845666527748108|NORM=0.4154236912727356
て	O=0.9998965263366699|NORM=0.00010247599129797891
も	O=0.9999513626098633|NORM=4.81892166135367e-05
食べ	O=0.9999604225158691|NORM=3.880853546434082e-05
たく	O=0.9999624490737915|NORM=3.685193951241672e-05
なっ	O=0.9999343156814575|NORM=6.486225902335718e-05
て	O=0.9999688863754272|NORM=3.0435436201514676e-05
、	O=0.9999626874923706|NORM=3.6716573958983645e-05
てくてく	O=0.9992671608924866|NORM=0.0007317825220525265
歩い	O=0.9999672174453735|NORM=3.237575219827704e-05
て	O=0.9999724626541138|NORM=2.7084033717983402e-05
ねぎし	O=0.995313286781311|NORM=0.004684765357524157
に	O=0.9999668598175049|NORM=3.255277260905132e-05
来	O=0.9999725818634033|NORM=2.6529502065386623e-05
まし	O=0.9999754428863525|NORM=2.396372838120442e-05
た	O=0.9999731779098511|NORM=2.6259378500981256e-05
よ	NORM=0.9863741397857666|O=0.013597443699836731
お腹	O=0.9999754428863525|NORM=2.382311322435271e-05
が	O=0.9999791383743286|NORM=2.0231738744769245e-05
すき	O=0.9999645948410034|NORM=3.486700734356418e-05
まし	O=0.999974250793457|NORM=2.502310962881893e-05
た	O=0.9999772310256958|NORM=2.2151076336740516e-05
！	O=0.9999756813049316|NORM=2.3477474314859137e-05

えっ	NORM=0.99139004945755|O=0.008604970760643482
と	O=0.9943063855171204|NORM=0.005687712226063013
…	O=0.9999202489852905|NORM=7.897702744230628e-05
テレビ	O=0.9996911287307739|NORM=0.00030687579419463873
が	O=0.9999755620956421|NORM=2.3752949346089736e-05
…	O=0.9999637603759766|NORM=3.5403827496338636e-05
壊れ	O=0.999972939491272|NORM=2.6509280360187404e-05
まし	O=0.9999738931655884|NORM=2.5442015612497926e-05
た	O=0.9999788999557495|NORM=2.0496396246016957e-05
…	O=0.9999771118164062|NORM=2.2236708900891244e-05
。	O=0.9999216794967651|NORM=7.714388630120084e-05
最後	O=0.9999688863754272|NORM=3.0016175514901988e-05
に	O=0.9999632835388184|NORM=3.617988113546744e-05
『	O=0.9999455213546753|NORM=5.3687319450546056e-05
半沢直樹	O=0.9999691247940063|NORM=3.0337581847561523e-05
』	O=0.9999442100524902|NORM=5.527505709324032e-05
を	O=0.9998319149017334|NORM=0.00016749445057939738
見れ	O=0.7252397537231445|NORM=0.27475035190582275
て	O=0.9999428987503052|NORM=5.664723721565679e-05
良かっ	O=0.999957799911499|NORM=4.163501216680743e-05
た	O=0.9999748468399048|NORM=2.4532606403226964e-05
です	O=0.9999704360961914|NORM=2.9023882234469056e-05
よ	O=0.999953031539917|NORM=4.638130485545844e-05
…	NORM=0.9815395474433899|O=0.018448369577527046
ありがとう	O=0.999955415725708|NORM=4.392284608911723e-05
ござい	O=0.9997401833534241|NORM=0.000259277003351599
ます	O=0.9846024513244629|NORM=0.015395310707390308
2010年製	O=0.9999662637710571|NORM=3.335129804327153e-05
の	O=0.9999687671661377|NORM=3.0701066862093285e-05
テレビ	O=0.9998080134391785|NORM=0.00019071287533733994
。	O=0.9999608993530273|NORM=3.824224404525012e-05

閉店	O=0.9994805455207825|NORM=0.0005124015151523054
前	O=0.9999605417251587|NORM=3.847767584375106e-05
の	O=0.9999608993530273|NORM=3.8177600799826905e-05
「	O=0.99954754114151|NORM=0.0004509803547989577
プレイ	O=0.9999486207962036|NORM=5.052557389717549e-05
を	O=0.9999675750732422|NORM=3.174768062308431e-05
終了	O=0.9999587535858154|NORM=3.999256659881212e-05
し	O=0.9999613761901855|NORM=3.8040925574023277e-05
ます	NORM=0.832953929901123|O=0.1663966178894043
」	O=0.9995645880699158|NORM=0.0004341965832281858
という	O=0.9999412298202515|NORM=5.726265226257965e-05
画面	O=0.9999147653579712|NORM=8.386371337110177e-05
を	O=0.9999563694000244|NORM=4.286202238290571e-05
見る	O=0.9999364614486694|NORM=6.244130781851709e-05
まで	O=0.9999326467514038|NORM=6.677205237792805e-05
ゲーセン	O=0.7292646765708923|NORM=0.2707155644893646
に	O=0.9999697208404541|NORM=2.9777898816973902e-05
い	O=0.9999638795852661|NORM=3.567922976799309e-05
た	O=0.9999755620956421|NORM=2.3940043320180848e-05
の	O=0.9998946189880371|NORM=0.00010447890963405371
は	O=0.999947190284729|NORM=5.227252404438332e-05
初めて	O=0.9999512434005737|NORM=4.818489105673507e-05
で	O=0.9999427795410156|NORM=5.6763499742373824e-05
楽しかっ	O=0.9999711513519287|NORM=2.8320084311417304e-05
た	O=0.9999809265136719|NORM=1.8502407328924164e-05
です	O=0.9999796152114868|NORM=1.9757279005716555e-05
！	O=0.9999713897705078|NORM=2.7818481612484902e-05
さて	O=0.9999589920043945|NORM=4.008421456092037e-05
、	O=0.9929109215736389|NORM=0.007086265832185745
夜	O=0.9998931884765625|NORM=0.00010602523252600804
の	O=0.9997877478599548|NORM=0.0002114464296028018
街	O=0.9999730587005615|NORM=2.6295312636648305e-05
を	O=0.9999775886535645|NORM=2.181267336709425e-05
お	O=0.9999669790267944|NORM=3.240842852392234e-05
散歩	O=0.999975323677063|NORM=2.4135490093613043e-05
し	O=0.9999785423278809|NORM=2.078303623420652e-05
ます	O=0.999975323677063|NORM=2.3988764951354824e-05
！	O=0.9999662637710571|NORM=3.2981482945615426e-05
ひ	O=0.9932496547698975|NORM=0.006748517509549856
ゃっ	O=0.9560243487358093|NORM=0.04396898299455643
ふー	NORM=0.9971151351928711|O=0.002880966756492853

紅楼夢	O=0.9999634027481079|NORM=3.5801916965283453e-05
の	O=0.999963641166687|NORM=3.565751831047237e-05
カタログ	O=0.9999622106552124|NORM=3.702697722474113e-05
は	O=0.9999626874923706|NORM=3.674792606034316e-05
いくら	O=0.9999731779098511|NORM=2.6092424377566203e-05
でしょ	O=0.9999693632125854|NORM=2.999695971084293e-05
う	O=0.9999415874481201|NORM=5.789789429400116e-05
かー	NORM=0.9989138841629028|O=0.001081407186575234

妹	O=0.9999414682388306|NORM=5.775445242761634e-05
に	O=0.9999586343765259|NORM=4.08069790864829e-05
下着	O=0.999935507774353|NORM=6.407928594853729e-05
の	O=0.9999221563339233|NORM=7.701668073423207e-05
干し	O=0.9996331930160522|NORM=0.00036587135400623083
方	O=0.9999579191207886|NORM=4.122364043723792e-05
で	O=0.9999529123306274|NORM=4.657592944568023e-05
怒ら	O=0.9998654127120972|NORM=0.00013419943570625037
れ	O=0.9993083477020264|NORM=0.0006910133524797857
た	O=0.9999699592590332|NORM=2.9530679967137985e-05
ん	NORM=0.9937911629676819|O=0.006189956795424223
です	O=0.9999759197235107|NORM=2.3415743271471e-05
が	O=0.999975323677063|NORM=2.393360045971349e-05
。	O=0.9998639822006226|NORM=0.00013461185153573751
干し	O=0.9994279742240906|NORM=0.0005710584227927029
方	O=0.999954342842102|NORM=4.4657430407823995e-05
なんて	O=0.9997439980506897|NORM=0.0002554545062594116
知り	O=0.9999722242355347|NORM=2.7282603696221486e-05
ませ	O=0.9999722242355347|NORM=2.7262787625659257e-05
ん	O=0.9999731779098511|NORM=2.6304393031750806e-05
よ	O=0.9999680519104004|NORM=3.129856850137003e-05
。	O=0.9999618530273438|NORM=3.7202386010903865e-05

今回	O=0.9999698400497437|NORM=2.932334245997481e-05
も	O=0.9984550476074219|NORM=0.0015440735733136535
学祭	NORM=0.9970627427101135|O=0.002921232720836997
で	O=0.9998584985733032|NORM=0.0001406027440680191
お金	O=0.9999746084213257|NORM=2.4709030185476877e-05
が	O=0.9999750852584839|NORM=2.4401850168942474e-05
かから	O=0.9999319314956665|NORM=6.748941086698323e-05
ん	NORM=0.9873932600021362|O=0.012561812065541744
分	O=0.9995437264442444|NORM=0.0004535133484750986
、	O=0.9999634027481079|NORM=3.6098717828281224e-05
北海道	O=0.9967374205589294|NORM=0.003245197469368577
に	O=0.9999672174453735|NORM=3.206109249731526e-05
行き	O=0.999963641166687|NORM=3.547354572219774e-05
たい	O=0.9999736547470093|NORM=2.5523226213408634e-05
です	O=0.9999728202819824|NORM=2.6522377083892934e-05
ね	O=0.9999685287475586|NORM=3.0828068702248856e-05
！	O=0.9999401569366455|NORM=5.923104254179634e-05
！	O=0.9998038411140442|NORM=0.00019543271628208458
？	O=0.9991400241851807|NORM=0.000855695572681725

勘違い	O=0.9958100318908691|NORM=0.004188649822026491
祭り	O=0.9999375343322754|NORM=6.192655564518645e-05
です	O=0.9999715089797974|NORM=2.785132164717652e-05
。	O=0.9998093247413635|NORM=0.00018942958558909595
空耳	O=0.9931227564811707|NORM=0.006871576886624098
で	O=0.9999567270278931|NORM=4.280227585695684e-05
歌詞	O=0.9999480247497559|NORM=5.11066427861806e-05
の	O=0.9998612403869629|NORM=0.00013803571346215904
勘違い	O=0.9999257326126099|NORM=7.355669367825612e-05
が	O=0.9999692440032959|NORM=3.0321445592562668e-05
多い	O=0.9999462366104126|NORM=5.29119570273906e-05
です	O=0.9999732971191406|NORM=2.5929750336217694e-05
。	O=0.9998483657836914|NORM=0.00015044983592815697
単純	O=0.999955415725708|NORM=4.395389260025695e-05
な	O=0.9999247789382935|NORM=7.468341937055811e-05
動詞	O=0.9999241828918457|NORM=7.528154674218968e-05
な	O=0.9935762286186218|NORM=0.006421837490051985
のに	O=0.9999291896820068|NORM=7.035949965938926e-05
「	O=0.9999455213546753|NORM=5.3842170018469915e-05
そんなに	O=0.9999467134475708|NORM=5.267248343443498e-05
重要	O=0.9999085664749146|NORM=9.060251613846049e-05
な	O=0.9999675750732422|NORM=3.199640923412517e-05
ところ	O=0.9999637603759766|NORM=3.560172626748681e-05
に	O=0.9999700784683228|NORM=2.9432616429403424e-05
いる	O=0.999962568283081|NORM=3.7018340663053095e-05
の	O=0.9999653100967407|NORM=3.400507557671517e-05
です	O=0.9999632835388184|NORM=3.613777516875416e-05
か	O=0.9999561309814453|NORM=4.330827869125642e-05
！	O=0.9999576807022095|NORM=4.163902121945284e-05
」	O=0.9999113082885742|NORM=8.796433394309133e-05
みたい	O=0.9992926120758057|NORM=0.0007065130630508065
な	O=0.999764621257782|NORM=0.00023475619673263282
驚き	O=0.9999661445617676|NORM=3.333863787702285e-05
が	O=0.999971866607666|NORM=2.764848068181891e-05
あり	O=0.9999690055847168|NORM=3.055386332562193e-05
ます	O=0.9999672174453735|NORM=3.215917604393326e-05
。	O=0.9999473094940186|NORM=5.183325629332103e-05
類推	O=0.999954342842102|NORM=4.5059430703986436e-05
でき	O=0.999869704246521|NORM=0.00012981906183995306
な	O=0.9999433755874634|NORM=5.611945016426034e-05
言葉	O=0.9999644756317139|NORM=3.483114414848387e-05
に	O=0.9999582767486572|NORM=4.12975532526616e-05
ときどき	O=0.9999483823776245|NORM=5.114317900734022e-05
ぶつかり	O=0.9999696016311646|NORM=2.9907358111813664e-05
ます	O=0.9999725818634033|NORM=2.6909170628641732e-05
。	O=0.9999529123306274|NORM=4.6323653805302456e-05

『	O=0.999954342842102|NORM=4.4811142288381234e-05
ルーンファクトリー	O=0.9999616146087646|NORM=3.774644937948324e-05
』	O=0.9999126195907593|NORM=8.653653640067205e-05
が	O=0.9999547004699707|NORM=4.466860627871938e-05
なかなか	O=0.9999717473983765|NORM=2.7251104256720282e-05
進ま	O=0.9998705387115479|NORM=0.00012833044456783682
ない	O=0.9999580383300781|NORM=4.103001265320927e-05
ので	O=0.9999587535858154|NORM=4.047637412440963e-05
、	O=0.9999628067016602|NORM=3.6435536458157e-05
『	O=0.999942421913147|NORM=5.6895667512435466e-05
ファイアーエムブレム	O=0.9999629259109497|NORM=3.631835352280177e-05
』	O=0.9999011754989624|NORM=9.815913654165342e-05
も	O=0.9999470710754395|NORM=5.245909414952621e-05
手	O=0.9999707937240601|NORM=2.856299397535622e-05
を	O=0.9999679327011108|NORM=3.151199052808806e-05
つけ	O=0.9999547004699707|NORM=4.4687014451483265e-05
れ	O=0.998705267906189|NORM=0.0012933309189975262
なく	O=0.9999563694000244|NORM=4.27793238486629e-05
て	O=0.9999699592590332|NORM=2.9410921342787333e-05
、	O=0.9999520778656006|NORM=4.721610093838535e-05
未だに	O=0.9999380111694336|NORM=6.147468229755759e-05
1部	O=0.9971367120742798|NORM=0.0028621582314372063
が	O=0.99996018409729|NORM=3.915160777978599e-05
終わっ	O=0.999935507774353|NORM=6.379222759278491e-05
て	NORM=0.9906070232391357|O=0.009371341206133366
ない	O=0.999922513961792|NORM=7.607704901602119e-05
の	O=0.9999656677246094|NORM=3.3265638194279745e-05
です	O=0.9999731779098511|NORM=2.6076651920448057e-05
が	O=0.9999645948410034|NORM=3.4612432500580326e-05
、	O=0.9999560117721558|NORM=4.3330288463039324e-05
むしろ	O=0.9999500513076782|NORM=4.914203236694448e-05
『	O=0.9999420642852783|NORM=5.725527444155887e-05
ファイアーエムブレム	O=0.999963641166687|NORM=3.55469346686732e-05
』	O=0.9998900890350342|NORM=0.00010891051351791248
を	O=0.9999622106552124|NORM=3.7141104257898405e-05
先	O=0.9999645948410034|NORM=3.467342321528122e-05
に	O=0.9999666213989258|NORM=3.279512748122215e-05
クリア	O=0.999957799911499|NORM=4.160547905485146e-05
する	O=0.9999639987945557|NORM=3.538078453857452e-05
方	O=0.9999598264694214|NORM=3.939557063858956e-05
が	O=0.999969482421875|NORM=3.003477831953205e-05
いい	O=0.9999463558197021|NORM=5.279788820189424e-05
の	O=0.9999716281890869|NORM=2.768187550827861e-05
でしょ	O=0.999969482421875|NORM=2.986793697346002e-05
う	O=0.9999719858169556|NORM=2.7409840186010115e-05
か	O=0.9999748468399048|NORM=2.4605898943264037e-05
。	O=0.9999532699584961|NORM=4.5659064198844135e-05
次	O=0.9999697208404541|NORM=2.9351820558076724e-05
は	O=0.9999669790267944|NORM=3.247906715841964e-05
『	O=0.9996824264526367|NORM=0.0003163565997965634
ドラゴンクエスト	O=0.9999643564224243|NORM=3.507734800223261e-05
』	O=0.998248815536499|NORM=0.0017504780553281307
も	O=0.9999436140060425|NORM=5.599612995865755e-05
あり	O=0.9999592304229736|NORM=4.0236122003989294e-05
ます	O=0.999963641166687|NORM=3.576483140932396e-05
し	O=0.9999468326568604|NORM=5.270625842968002e-05
、	O=0.9999517202377319|NORM=4.757188798976131e-05
その	O=0.9999517202377319|NORM=4.772402098751627e-05
次	O=0.9999566078186035|NORM=4.287499177735299e-05
は	O=0.9999635219573975|NORM=3.6051693314220756e-05
『	O=0.9999463558197021|NORM=5.314586087479256e-05
牧場物語	O=0.9999672174453735|NORM=3.216764162061736e-05
』	O=0.999955415725708|NORM=4.3967309466097504e-05
です	O=0.999961256980896|NORM=3.826199463219382e-05
し	O=0.9998279809951782|NORM=0.00017152009240817279
、	O=0.99992835521698|NORM=7.08715888322331e-05
『	O=0.9998162388801575|NORM=0.00018323765834793448
ポケットモンスター	O=0.9999679327011108|NORM=3.149864642182365e-05
』	O=0.999544084072113|NORM=0.00045529415365308523
あり	O=0.9996724128723145|NORM=0.0003271909081377089
ます	O=0.9999525547027588|NORM=4.691879075835459e-05
し	O=0.9997618794441223|NORM=0.00023768367827869952
、	O=0.999945878982544|NORM=5.349614002625458e-05
時間	O=0.9999676942825317|NORM=3.157160244882107e-05
が	O=0.9999712705612183|NORM=2.8264938009670004e-05
足り	O=0.9999674558639526|NORM=3.201816798537038e-05
な	O=0.9999641180038452|NORM=3.5395434679230675e-05
すぎ	O=0.9999624490737915|NORM=3.702031244756654e-05
ます	O=0.9999699592590332|NORM=2.9474886105163023e-05
。	O=0.9999533891677856|NORM=4.5672262785956264e-05

食べ物	O=0.9999573230743408|NORM=4.1755240090424195e-05
を	O=0.9999680519104004|NORM=3.1373725505545735e-05
食べる	O=0.9999626874923706|NORM=3.6708417610498145e-05
とき	O=0.9999599456787109|NORM=3.931892933906056e-05
に	O=0.9999581575393677|NORM=4.120954326936044e-05
社会的	O=0.9999619722366333|NORM=3.745610956684686e-05
信用	O=0.9999247789382935|NORM=7.418524182867259e-05
の	O=0.9999102354049683|NORM=8.903314301278442e-05
こと	O=0.9999614953994751|NORM=3.7891757528996095e-05
は	O=0.9999415874481201|NORM=5.788879207102582e-05
考え	O=0.9999637603759766|NORM=3.5604374716058373e-05
ませ	O=0.9999687671661377|NORM=3.0667328246636316e-05
ん	O=0.9999678134918213|NORM=3.167338945786469e-05
し	O=0.999957799911499|NORM=4.162036202615127e-05
、	O=0.9999512434005737|NORM=4.8165456973947585e-05
服	O=0.9999556541442871|NORM=4.376547076390125e-05
を	O=0.9999661445617676|NORM=3.3422074920963496e-05
着る	O=0.9999622106552124|NORM=3.7193603930063546e-05
とき	O=0.9999631643295288|NORM=3.6134566471446306e-05
に	O=0.9999641180038452|NORM=3.519972233334556e-05
も	O=0.9999574422836304|NORM=4.201628325972706e-05
社会的	O=0.9999504089355469|NORM=4.887177419732325e-05
信用	O=0.9999047517776489|NORM=9.429315105080605e-05
の	O=0.9998927116394043|NORM=0.0001065651886165142
こと	O=0.9999597072601318|NORM=3.959926470997743e-05
は	O=0.9999336004257202|NORM=6.584809307241812e-05
考え	O=0.9999608993530273|NORM=3.853336238535121e-05
ませ	O=0.9999682903289795|NORM=3.111945989076048e-05
ん	O=0.9999668598175049|NORM=3.2520376407774165e-05
。	O=0.9999439716339111|NORM=5.506007437361404e-05
しかし	O=0.9999687671661377|NORM=3.038647810171824e-05
、	O=0.9999303817749023|NORM=6.88107029418461e-05
家	O=0.9999538660049438|NORM=4.554553743219003e-05
に	O=0.9999644756317139|NORM=3.496516728773713e-05
住む	O=0.9999330043792725|NORM=6.647966802120209e-05
とき	O=0.9999330043792725|NORM=6.635128374909982e-05
は	O=0.9999514818191528|NORM=4.801755858352408e-05
、	O=0.9999562501907349|NORM=4.317886850913055e-05
社会的	O=0.9999521970748901|NORM=4.707874177256599e-05
信用	O=0.9997782111167908|NORM=0.00022014393471181393
の	O=0.9997573494911194|NORM=0.0002418430958641693
こと	O=0.9999560117721558|NORM=4.337651625974104e-05
を	O=0.9999573230743408|NORM=4.211384293739684e-05
考え	O=0.9999617338180542|NORM=3.767793896258809e-05
なけれ	O=0.9999593496322632|NORM=4.014601290691644e-05
ば	O=0.9999678134918213|NORM=3.173773075104691e-05
なり	O=0.9999710321426392|NORM=2.829675577231683e-05
ませ	O=0.9999654293060303|NORM=3.39895450451877e-05
ん	O=0.999968409538269|NORM=3.110786201432347e-05
。	O=0.9999136924743652|NORM=8.531224011676386e-05
衣食住	O=0.7992863059043884|NORM=0.20070114731788635
の	O=0.9999371767044067|NORM=6.209732964634895e-05
中	O=0.9999418258666992|NORM=5.7155531976604834e-05
で	O=0.999954342842102|NORM=4.485158933675848e-05
、	O=0.9991725087165833|NORM=0.000826463510747999
住	NORM=0.501763641834259|O=0.4982033371925354
の	O=0.9998645782470703|NORM=0.00013481156202033162
責任	O=0.9997910857200623|NORM=0.00020665614283643663
が	O=0.9999088048934937|NORM=9.04949483810924e-05
最も	O=0.9998964071273804|NORM=0.0001020420968416147
重い	O=0.9999431371688843|NORM=5.6451222917530686e-05
ん	NORM=0.8707579970359802|O=0.12897120416164398
でしょ	O=0.9999735355377197|NORM=2.586191476439126e-05
う	O=0.9999692440032959|NORM=3.0162043913151138e-05
ね	O=0.999974250793457|NORM=2.5166298655676655e-05
。	O=0.9999485015869141|NORM=5.015948772779666e-05

さあー	NORM=0.9967271089553833|O=0.0032678975258022547
！	O=0.9993380904197693|NORM=0.0006610080017708242
金曜日	O=0.9999295473098755|NORM=6.969676178414375e-05
で	NORM=0.6902856230735779|O=0.3096541464328766
すー	NORM=0.9971616268157959|O=0.002833143575116992
！	O=0.99919193983078|NORM=0.0008052169578149915
ビールー	NORM=0.9972007274627686|O=0.00279407505877316
！	O=0.9982017278671265|NORM=0.001793205738067627
今週	O=0.9999740123748779|NORM=2.5305780582129955e-05
も	O=0.9999465942382812|NORM=5.267378583084792e-05
お疲れ様	O=0.9999657869338989|NORM=3.34248979925178e-05
でし	O=0.9999737739562988|NORM=2.5566909243934788e-05
た	O=0.9999657869338989|NORM=3.332981941639446e-05
ー	NORM=0.996293842792511|O=0.003699234686791897
！	O=0.9999692440032959|NORM=2.988975575135555e-05

最近	O=0.9999672174453735|NORM=3.2068463042378426e-05
は	O=0.9999306201934814|NORM=6.8871901021339e-05
食べ	O=0.9999529123306274|NORM=4.626877489499748e-05
たい	O=0.9999620914459229|NORM=3.719561573234387e-05
もの	O=0.9999651908874512|NORM=3.3991873351624236e-05
が	O=0.9999696016311646|NORM=2.9783177524222992e-05
あり	O=0.9999722242355347|NORM=2.7237474569119513e-05
ませ	O=0.9999637603759766|NORM=3.5613578802440315e-05
ん	O=0.9999732971191406|NORM=2.6094019631273113e-05
ね	O=0.999976634979248|NORM=2.2735996026312932e-05
。	O=0.9999464750289917|NORM=5.2627532568294555e-05
血糖値	O=0.9999704360961914|NORM=2.888656126742717e-05
が	O=0.9999669790267944|NORM=3.256941636209376e-05
下がれ	O=0.9999598264694214|NORM=3.9641290641156957e-05
ば	O=0.9999676942825317|NORM=3.184450906701386e-05
お腹	O=0.9999691247940063|NORM=3.011257831531111e-05
は	O=0.9999500513076782|NORM=4.95079075335525e-05
すくん	NORM=0.95098477602005|O=0.04899241775274277
です	O=0.9999682903289795|NORM=3.1208681321004406e-05
が	O=0.999974250793457|NORM=2.5112378352787346e-05
、	O=0.9999678134918213|NORM=3.1535466405330226e-05
何だか	O=0.9999665021896362|NORM=3.3053634979296476e-05
食	O=0.9999234676361084|NORM=7.547075801994652e-05
に	O=0.9999687671661377|NORM=3.058087531826459e-05
飽き	O=0.9999603033065796|NORM=3.915672641596757e-05
まし	O=0.9999744892120361|NORM=2.4870734705473296e-05
た	O=0.9999765157699585|NORM=2.292607314302586e-05
。	O=0.9999663829803467|NORM=3.282822945038788e-05
特に	O=0.9999743700027466|NORM=2.4774692064966075e-05
、	O=0.9999138116836548|NORM=8.513888315064833e-05
自炊	O=0.9999409914016724|NORM=5.823938045068644e-05
力	O=0.9999511241912842|NORM=4.795694985659793e-05
が	O=0.9999598264694214|NORM=3.947371442336589e-05
低め	O=0.999968409538269|NORM=3.102100163232535e-05
な	O=0.999970555305481|NORM=2.871741889975965e-05
ので	O=0.999961256980896|NORM=3.795214433921501e-05
、	O=0.9999678134918213|NORM=3.154316436848603e-05
家	O=0.9999706745147705|NORM=2.8707618184853345e-05
で	O=0.9999734163284302|NORM=2.5983368686866015e-05
食べ	O=0.9999468326568604|NORM=5.23672133567743e-05
たい	O=0.9999582767486572|NORM=4.0988761611515656e-05
もの	O=0.9999676942825317|NORM=3.1438383302884176e-05
が	O=0.9999703168869019|NORM=2.917167694249656e-05
存在	O=0.9999309778213501|NORM=6.782538548577577e-05
し	O=0.9999731779098511|NORM=2.6298499506083317e-05
ませ	O=0.9999594688415527|NORM=3.987613308709115e-05
ん	O=0.9999756813049316|NORM=2.3710899768047966e-05
。	O=0.9999686479568481|NORM=3.0508430427289568e-05

明日	O=0.9999750852584839|NORM=2.4040722564677708e-05
も	O=0.9999717473983765|NORM=2.7588503144215792e-05
お仕事	O=0.999967098236084|NORM=3.186481262673624e-05
です	O=0.9999734163284302|NORM=2.5769611966097727e-05
か	O=0.9999779462814331|NORM=2.1236734028207138e-05
。	O=0.9999197721481323|NORM=7.869369437685236e-05
テレワーク	NORM=0.9909141063690186|O=0.009067202918231487
に	O=0.999964714050293|NORM=3.4382017474854365e-05
慣れ	O=0.9999662637710571|NORM=3.266429848736152e-05
て	O=0.9999727010726929|NORM=2.6750487450044602e-05
しまう	O=0.9999536275863647|NORM=4.511237420956604e-05
と	O=0.9999711513519287|NORM=2.795463842630852e-05
出社	O=0.9999140501022339|NORM=8.529876504326239e-05
日	O=0.9999637603759766|NORM=3.549408938852139e-05
が	O=0.9999691247940063|NORM=3.0167449949658476e-05
辛い	O=0.9999701976776123|NORM=2.837520878529176e-05
です	O=0.9999802112579346|NORM=1.8925420590676367e-05
。	O=0.9999604225158691|NORM=3.8296275306493044e-05
でも	O=0.999974250793457|NORM=2.472644337103702e-05
、	O=0.9999444484710693|NORM=5.453963240142912e-05
テレワーク	NORM=0.9827137589454651|O=0.01727474480867386
が	O=0.9999736547470093|NORM=2.5507606551400386e-05
多い	O=0.9996910095214844|NORM=0.0003039810399059206
と	O=0.9999547004699707|NORM=4.4212833017809317e-05
お仕事	O=0.9999533891677856|NORM=4.557375723379664e-05
が	O=0.9999728202819824|NORM=2.6574229195830412e-05
たまり	O=0.9999065399169922|NORM=9.184236114379019e-05
ます	O=0.9999761581420898|NORM=2.303993096575141e-05
し	O=0.9999583959579468|NORM=4.087134948349558e-05
、	O=0.9999456405639648|NORM=5.3335716074798256e-05
なんだか	O=0.5223309993743896|NORM=0.47765105962753296
な	NORM=0.9836683869361877|O=0.01632320135831833
。	O=0.9999641180038452|NORM=3.485100023681298e-05

「	O=0.9999669790267944|NORM=3.248535358579829e-05
他人	O=0.9999330043792725|NORM=6.583273352589458e-05
の	O=0.9998961687088013|NORM=0.00010316557745682076
ゴシップ	O=0.9997344613075256|NORM=0.00026343611534684896
を	O=0.9988800883293152|NORM=0.0011182919843122363
観	NORM=0.9406887292861938|O=0.05836982652544975
て	O=0.9999468326568604|NORM=5.251599577604793e-05
い	O=0.9998571872711182|NORM=0.00014192874368745834
たら	O=0.9998183846473694|NORM=0.000181161129148677
歳	O=0.9999462366104126|NORM=5.284826329443604e-05
を	O=0.9999618530273438|NORM=3.7579971831291914e-05
取っ	O=0.9999566078186035|NORM=4.2773623135872185e-05
て	O=0.9999638795852661|NORM=3.550178007571958e-05
しまい	O=0.9999704360961914|NORM=2.9014334359089844e-05
まし	O=0.9999734163284302|NORM=2.6049889129353687e-05
た	O=0.9999749660491943|NORM=2.445804057060741e-05
。	O=0.9998787641525269|NORM=0.00012053077080054209
時間	O=0.9999313354492188|NORM=6.809151091147214e-05
を	O=0.999947190284729|NORM=5.223141488386318e-05
返し	O=0.999956488609314|NORM=4.300894579500891e-05
て	O=0.9999616146087646|NORM=3.789049878832884e-05
下さい	O=0.9999527931213379|NORM=4.64258628198877e-05
！	O=0.9999716281890869|NORM=2.763824704743456e-05
」	O=0.9999608993530273|NORM=3.838697375613265e-05
と	O=0.9999403953552246|NORM=5.849127410328947e-05
言っ	O=0.999950647354126|NORM=4.8705540393712e-05
て	O=0.999967098236084|NORM=3.2255309633910656e-05
も	O=0.9999430179595947|NORM=5.644405246130191e-05
、	O=0.999935507774353|NORM=6.381588900694624e-05
誰か	O=0.9999669790267944|NORM=3.234784526284784e-05
が	O=0.9999703168869019|NORM=2.9198730771895498e-05
責任	O=0.9999488592147827|NORM=5.000923920306377e-05
を	O=0.9999626874923706|NORM=3.685265255626291e-05
取っ	O=0.9999624490737915|NORM=3.7085439544171095e-05
て	O=0.9999686479568481|NORM=3.095430656685494e-05
くれる	O=0.999953031539917|NORM=4.641316263587214e-05
わけ	O=0.9999630451202393|NORM=3.633003507275134e-05
で	O=0.9999598264694214|NORM=3.9669273974141106e-05
は	O=0.9999610185623169|NORM=3.8624533772235736e-05
あり	O=0.9999691247940063|NORM=3.0415683795581572e-05
ませ	O=0.9999706745147705|NORM=2.8853995900135487e-05
ん	O=0.9999679327011108|NORM=3.16326659230981e-05
し	O=0.9999630451202393|NORM=3.6444616853259504e-05
、	O=0.9999481439590454|NORM=5.1256007282063365e-05
過ぎ去っ	O=0.9992133378982544|NORM=0.0007847557426430285
た	O=0.9999412298202515|NORM=5.8240060752723366e-05
日々	O=0.9999295473098755|NORM=6.927233334863558e-05
も	O=0.9999244213104248|NORM=7.513711170759052e-05
帰っ	O=0.999864935874939|NORM=0.00013420051254797727
て	O=0.9999504089355469|NORM=4.914683086099103e-05
き	O=0.9999544620513916|NORM=4.512428859015927e-05
ませ	O=0.9999678134918213|NORM=3.173419099766761e-05
ん	O=0.9999663829803467|NORM=3.311565887997858e-05
し	O=0.9999610185623169|NORM=3.841686339001171e-05
、	O=0.9999357461929321|NORM=6.345941801555455e-05
貴重	O=0.9999616146087646|NORM=3.782760177273303e-05
な	O=0.9999593496322632|NORM=4.0212114981841296e-05
時間	O=0.9999575614929199|NORM=4.183241253485903e-05
だ	O=0.9999159574508667|NORM=8.339851046912372e-05
から	O=0.9999563694000244|NORM=4.2622541513992473e-05
こそ	O=0.9999396800994873|NORM=5.957476969342679e-05
自分のために	O=0.9999560117721558|NORM=4.352299583842978e-05
使う	O=0.9998393058776855|NORM=0.00015983404591679573
よう	O=0.9999003410339355|NORM=9.883367602014914e-05
に	O=0.9999606609344482|NORM=3.875665061059408e-05
し	O=0.9999352693557739|NORM=6.413086521206424e-05
なけれ	O=0.9999431371688843|NORM=5.6305456382688135e-05
ば	O=0.9999617338180542|NORM=3.770924740820192e-05
なり	O=0.9999707937240601|NORM=2.8569094865815714e-05
ませ	O=0.9999575614929199|NORM=4.1847455577226356e-05
ん	O=0.9999680519104004|NORM=3.144738730043173e-05
。	O=0.9999496936798096|NORM=4.938161509926431e-05

去年	O=0.9999709129333496|NORM=2.8235990612301975e-05
から	O=0.9999713897705078|NORM=2.785322976706084e-05
新卒採用	O=0.9998027682304382|NORM=0.00019482288917060941
を	O=0.9999566078186035|NORM=4.282627924112603e-05
始めて	O=0.9999332427978516|NORM=6.569984543602914e-05
思う	O=0.9999356269836426|NORM=6.373908399837092e-05
こと	O=0.9999562501907349|NORM=4.313207318773493e-05
は	O=0.999945878982544|NORM=5.363938907976262e-05
、	O=0.9999409914016724|NORM=5.835218689753674e-05
多く	O=0.999969482421875|NORM=2.9650571377715096e-05
の	O=0.9999696016311646|NORM=2.976156974909827e-05
人	O=0.999951958656311|NORM=4.711178917204961e-05
は	O=0.9999115467071533|NORM=8.795135363470763e-05
大手	O=0.9971629977226257|NORM=0.0028343843296170235
志向	O=0.999882698059082|NORM=0.00011644048936432227
で	O=0.9999440908432007|NORM=5.5410109780495986e-05
安定	O=0.9999526739120483|NORM=4.657822864828631e-05
志向	O=0.9998623132705688|NORM=0.00013659799878951162
か	O=0.9998356103897095|NORM=0.00016355358820874244
な	O=0.9999086856842041|NORM=9.042600868269801e-05
と	O=0.9999498128890991|NORM=4.942123996443115e-05
思い	O=0.9996950626373291|NORM=0.00030396663350984454
き	O=0.9997324347496033|NORM=0.0002668939414434135
や	O=0.9998910427093506|NORM=0.00010825863864738494
、	O=0.9999512434005737|NORM=4.8089314077515155e-05
意外と	O=0.9999643564224243|NORM=3.5135672078467906e-05
小さい	O=0.9999681711196899|NORM=3.098796514677815e-05
会社	O=0.999966025352478|NORM=3.313747947686352e-05
で	O=0.999963641166687|NORM=3.5799876059172675e-05
やっ	O=0.9999027252197266|NORM=9.647080150898546e-05
て	O=0.9999500513076782|NORM=4.9479214794700965e-05
み	O=0.9999371767044067|NORM=6.199082417879254e-05
たい	O=0.999954342842102|NORM=4.49062863481231e-05
という	O=0.9999725818634033|NORM=2.6731739126262255e-05
学生	O=0.9999563694000244|NORM=4.280956636648625e-05
が	O=0.9999761581420898|NORM=2.3245005650096573e-05
い	O=0.9999662637710571|NORM=3.290382301202044e-05
まし	O=0.9999681711196899|NORM=3.107011070824228e-05
た	O=0.9999762773513794|NORM=2.300796222698409e-05
。	O=0.9999521970748901|NORM=4.685956810135394e-05
「	O=0.9996132254600525|NORM=0.0003855008108075708
大手	O=0.9996092915534973|NORM=0.0003884766483679414
で	O=0.9999572038650513|NORM=4.2150324588874355e-05
組織	O=0.9999573230743408|NORM=4.161919423495419e-05
の	O=0.9999520778656006|NORM=4.7189540055114776e-05
一部	O=0.9999334812164307|NORM=6.529534584842622e-05
と	O=0.9999533891677856|NORM=4.5760159991914406e-05
なる	O=0.9999420642852783|NORM=5.668831363436766e-05
より	O=0.9999563694000244|NORM=4.248289769748226e-05
は	O=0.9999586343765259|NORM=4.0811923099681735e-05
、	O=0.999958872795105|NORM=4.037275357404724e-05
小さい	O=0.9999313354492188|NORM=6.71734451316297e-05
会社	O=0.9999599456787109|NORM=3.932927575078793e-05
で	O=0.9999667406082153|NORM=3.275512426625937e-05
自由	O=0.999969482421875|NORM=2.9819637347827666e-05
に	O=0.9999674558639526|NORM=3.2079082302516326e-05
思いっきり	NORM=0.982668399810791|O=0.01732165366411209
働ける	O=0.9999439716339111|NORM=5.5456734116887674e-05
方	O=0.9999500513076782|NORM=4.920694118482061e-05
が	O=0.999971866607666|NORM=2.7634432626655325e-05
いい	O=0.9999648332595825|NORM=3.453097087913193e-05
です	O=0.9999721050262451|NORM=2.7050053176935762e-05
。	O=0.9999587535858154|NORM=4.020315100206062e-05
」	O=0.9998811483383179|NORM=0.00011799951607827097
と	O=0.9999688863754272|NORM=3.055928027606569e-05
言っ	O=0.9999648332595825|NORM=3.4474083804525435e-05
て	O=0.9999639987945557|NORM=3.541650221450254e-05
い	O=0.9999736547470093|NORM=2.569972275523469e-05
まし	O=0.9999732971191406|NORM=2.595862497400958e-05
た	O=0.9999774694442749|NORM=2.1987380023347214e-05
。	O=0.9999172687530518|NORM=8.169395005097613e-05
うち	O=0.9999573230743408|NORM=4.199027898721397e-05
の	O=0.9998782873153687|NORM=0.00012107241491321474
よう	O=0.9997754693031311|NORM=0.00022384435578715056
な	O=0.9998995065689087|NORM=9.988624515244737e-05
小さい	O=0.999915599822998|NORM=8.359101775567979e-05
会社	O=0.9999579191207886|NORM=4.143221667618491e-05
にとって	O=0.999969482421875|NORM=2.9966024158056825e-05
は	O=0.9999549388885498|NORM=4.459545016288757e-05
追い風	O=0.9999620914459229|NORM=3.7137415347388014e-05
です	O=0.9999676942825317|NORM=3.16663172270637e-05
。	O=0.9999568462371826|NORM=4.2051779018947855e-05

早見あかり	O=0.9895511269569397|NORM=0.010444599203765392
、	O=0.9786909818649292|NORM=0.021300243213772774
最近	O=0.9999781847000122|NORM=2.1031963115092367e-05
テレビ	O=0.9996359348297119|NORM=0.00036129113868810236
で	O=0.9999600648880005|NORM=3.932433173758909e-05
見る	O=0.9998002648353577|NORM=0.00019623884872999042
よう	O=0.9998317956924438|NORM=0.0001663135626586154
に	O=0.9999723434448242|NORM=2.6974634238285944e-05
なっ	O=0.9999368190765381|NORM=6.1981518229004e-05
た	O=0.9999699592590332|NORM=2.9313250706763938e-05
の	O=0.999962329864502|NORM=3.633201777120121e-05
です	O=0.9999767541885376|NORM=2.2527352484758012e-05
が	O=0.9999732971191406|NORM=2.5940287741832435e-05
、	O=0.9999537467956543|NORM=4.5066026359563693e-05
まさか	O=0.9991451501846313|NORM=0.000848523632157594
あの	O=0.9994515776634216|NORM=0.000545293150935322
ももクロ	NORM=0.9826420545578003|O=0.017343297600746155
の	O=0.9999115467071533|NORM=8.725583757041022e-05
元メンバー	O=0.9999332427978516|NORM=6.459477299358696e-05
だっ	O=0.9999679327011108|NORM=3.136268787784502e-05
た	O=0.9999685287475586|NORM=3.069110243814066e-05
と	O=0.9999737739562988|NORM=2.5332554287160747e-05
は	O=0.9999675750732422|NORM=3.195353565388359e-05
知り	O=0.9999767541885376|NORM=2.2663973140879534e-05
ませ	O=0.9999758005142212|NORM=2.3574670194648206e-05
ん	O=0.9999724626541138|NORM=2.6958743546856567e-05
でし	O=0.9999744892120361|NORM=2.473555286996998e-05
た	O=0.9999783039093018|NORM=2.1043802917120047e-05
。	O=0.9999617338180542|NORM=3.7318219256121665e-05

ほぼ	O=0.9999767541885376|NORM=2.2576905394089408e-05
毎日	O=0.9999767541885376|NORM=2.252430385851767e-05
、	O=0.9998722076416016|NORM=0.00012691046867985278
パック	O=0.9999679327011108|NORM=3.1311581551562995e-05
の	O=0.9999716281890869|NORM=2.7768259315053e-05
ジュース	O=0.9999698400497437|NORM=2.9576334782177582e-05
を	O=0.9999755620956421|NORM=2.3857173800934106e-05
コンビニ	O=0.9998899698257446|NORM=0.00010833102714968845
で	O=0.9999750852584839|NORM=2.4393473722739145e-05
買い	O=0.9999290704727173|NORM=7.008231477811933e-05
ます	O=0.9999642372131348|NORM=3.5037028283113614e-05
。	O=0.9998863935470581|NORM=0.00011183904280187562
今日	O=0.999970555305481|NORM=2.8780697903130203e-05
、	O=0.9997950196266174|NORM=0.00020414107711985707
袋	O=0.9996902942657471|NORM=0.0003068702935706824
の	O=0.9999666213989258|NORM=3.271110472269356e-05
中	O=0.999972939491272|NORM=2.6363357392256148e-05
に	O=0.9999755620956421|NORM=2.3878796127974056e-05
ジュース	O=0.9999722242355347|NORM=2.715214759518858e-05
と	O=0.9999762773513794|NORM=2.3107048036763445e-05
割り箸	O=0.9999611377716064|NORM=3.8280275475699455e-05
が	O=0.9999735355377197|NORM=2.5910920157912187e-05
入っ	O=0.9999455213546753|NORM=5.37056039320305e-05
て	NORM=0.9929479360580444|O=0.007024203892797232
まし	O=0.9999738931655884|NORM=2.5454128262936138e-05
た	O=0.9999747276306152|NORM=2.458548806316685e-05
。	O=0.9999613761901855|NORM=3.754671342903748e-05
眠かっ	O=0.9999740123748779|NORM=2.5335652026114985e-05
た	O=0.9999781847000122|NORM=2.1188752725720406e-05
の	O=0.9999732971191406|NORM=2.571116237959359e-05
でしょ	O=0.9999761581420898|NORM=2.316763493581675e-05
う	O=0.9999758005142212|NORM=2.351332841499243e-05
か	O=0.9999779462814331|NORM=2.1370926333474927e-05
。	O=0.999968409538269|NORM=3.0678198527311906e-05

今日	O=0.999967098236084|NORM=3.233243114664219e-05
は	O=0.9990702271461487|NORM=0.0009288724395446479
スキャ	NORM=0.9958943128585815|O=0.0040991781279444695
勢	NORM=0.5252742767333984|O=0.47470566630363464
が	O=0.9999662637710571|NORM=3.306856888229959e-05
生き生き	O=0.9999716281890869|NORM=2.7837171728606336e-05
し	O=0.9999724626541138|NORM=2.6917739887721837e-05
て	O=0.9999719858169556|NORM=2.739591036515776e-05
い	O=0.9999781847000122|NORM=2.1233376173768193e-05
ます	O=0.9999762773513794|NORM=2.3051097741699778e-05
。	O=0.9999638795852661|NORM=3.528114757500589e-05

明日	O=0.999966025352478|NORM=3.340225157444365e-05
の	O=0.9999488592147827|NORM=5.0558166549308226e-05
面接	O=0.9999308586120605|NORM=6.769768515368924e-05
の	O=0.9677828550338745|NORM=0.032211270183324814
会社	O=0.9998946189880371|NORM=0.00010456812015036121
で	O=0.9999574422836304|NORM=4.2022093111881986e-05
すぐ	O=0.9999754428863525|NORM=2.3880958906374872e-05
に	O=0.9999719858169556|NORM=2.737360591709148e-05
決まり	O=0.9999575614929199|NORM=4.168681334704161e-05
たい	O=0.9999600648880005|NORM=3.9131438825279474e-05
です	NORM=0.9934269189834595|O=0.006545964628458023
一般	O=0.9999338388442993|NORM=6.508771912194788e-05
事務	O=0.9996393918991089|NORM=0.0003579724580049515
より	O=0.999967098236084|NORM=3.2192128855967894e-05
士業	O=0.9999151229858398|NORM=8.411925955442712e-05
補助	O=0.999954104423523|NORM=4.48904320364818e-05
の	O=0.999964714050293|NORM=3.4724915167316794e-05
方	O=0.999970555305481|NORM=2.8652557375608012e-05
が	O=0.9999768733978271|NORM=2.2476711819763295e-05
勉強	O=0.9999713897705078|NORM=2.785575452435296e-05
に	O=0.9999774694442749|NORM=2.190504346799571e-05
なり	O=0.9999771118164062|NORM=2.2054889996070415e-05
ます	O=0.9999780654907227|NORM=2.122242221958004e-05
。	O=0.9999676942825317|NORM=3.141170964227058e-05

サイゼリヤ	O=0.830410897731781|NORM=0.16953548789024353
の	O=0.9999563694000244|NORM=4.2983676394214854e-05
間違い探し	O=0.9999533891677856|NORM=4.606960646924563e-05
が	O=0.9999638795852661|NORM=3.548153836163692e-05
まさかの	O=0.9999152421951294|NORM=8.401720697293058e-05
本	O=0.9999290704727173|NORM=6.953851698199287e-05
に	O=0.9999752044677734|NORM=2.4012771973502822e-05
なっ	O=0.9999691247940063|NORM=3.0182412956492044e-05
て	O=0.999974250793457|NORM=2.5151492081931792e-05
いる	O=0.9999345541000366|NORM=6.407299224520102e-05
と	O=0.99997878074646|NORM=2.032141674135346e-05
は	O=0.9999704360961914|NORM=2.908417627622839e-05
思い	O=0.999971866607666|NORM=2.7503814635565504e-05
ませ	O=0.9999780654907227|NORM=2.133732778020203e-05
ん	O=0.9999790191650391|NORM=2.039444188994821e-05
でし	O=0.9999798536300659|NORM=1.9469922335701995e-05
た	O=0.9999761581420898|NORM=2.313771801709663e-05
…	NORM=0.9985633492469788|O=0.0014280859613791108

チュソク	NORM=0.9880173206329346|O=0.011964105069637299
な	O=0.9783579111099243|NORM=0.021636664867401123
の	O=0.9935071468353271|NORM=0.006485053803771734
か	O=0.9999203681945801|NORM=7.878776523284614e-05
韓国人	O=0.9998681545257568|NORM=0.0001308744540438056
の	O=0.999951958656311|NORM=4.720456854556687e-05
友達	O=0.9998171925544739|NORM=0.00018139810708817095
の	O=0.9999442100524902|NORM=5.510736446012743e-05
食	O=0.9827061891555786|NORM=0.01728023588657379
テロ	O=0.9998743534088135|NORM=0.00012322072871029377
が	O=0.9999719858169556|NORM=2.7123518520966172e-05
ひどい	O=0.9999804496765137|NORM=1.8896804249379784e-05
です	O=0.9999809265136719|NORM=1.8247807020088658e-05
。	O=0.9999608993530273|NORM=3.755743455258198e-05

絵	O=0.9999581575393677|NORM=4.081112638232298e-05
が	O=0.9999724626541138|NORM=2.7140971724293195e-05
一生	O=0.9999749660491943|NORM=2.4490464056725614e-05
描き	O=0.9103347063064575|NORM=0.08965931832790375
終わら	O=0.9999428987503052|NORM=5.6611701438669115e-05
ない	O=0.9999716281890869|NORM=2.7815780413220637e-05
ん	NORM=0.9920523166656494|O=0.007930622436106205
です	O=0.9999759197235107|NORM=2.338220292585902e-05
が	O=0.9999756813049316|NORM=2.357206176384352e-05
、	O=0.9999539852142334|NORM=4.493977394304238e-05
これ	O=0.9999716281890869|NORM=2.76994669548003e-05
は	O=0.9999641180038452|NORM=3.532128903316334e-05
エンド	O=0.999932050704956|NORM=6.692788883810863e-05
コンテンツ	O=0.9999606609344482|NORM=3.849871427519247e-05
です	O=0.9999728202819824|NORM=2.668128945515491e-05
か	O=0.9999752044677734|NORM=2.4281627702293918e-05
？	O=0.9999749660491943|NORM=2.436775503156241e-05

じ	O=0.8900198340415955|NORM=0.10997569561004639
っ	O=0.7557997107505798|NORM=0.24419370293617249
た	O=0.9743155241012573|NORM=0.02568076364696026
さん	O=0.999941349029541|NORM=5.775334284408018e-05
は	O=0.9999682903289795|NORM=3.1199811928672716e-05
もう	O=0.9999457597732544|NORM=5.38150779902935e-05
引退	O=0.9999713897705078|NORM=2.7816835427074693e-05
さ	O=0.9999217987060547|NORM=7.767112401779741e-05
れ	O=0.9999090433120728|NORM=9.041828161571175e-05
てる	NORM=0.9948793649673462|O=0.005106191150844097
ん	NORM=0.9786616563796997|O=0.021270859986543655
です	O=0.9999741315841675|NORM=2.5111896320595406e-05
か	O=0.9999785423278809|NORM=2.0791640054085292e-05
？	O=0.9999743700027466|NORM=2.4885344828362577e-05

ジムニー	NORM=0.9597119688987732|O=0.04027356207370758
が	O=0.9999674558639526|NORM=3.2022231607697904e-05
ドック	O=0.9990562796592712|NORM=0.000935691234190017
入り	O=0.9997383952140808|NORM=0.00025881899637170136
です	O=0.999964714050293|NORM=3.476080019026995e-05
〜	NORM=0.9968799352645874|O=0.00311284395866096

アインズ・ウール・ゴウン	O=0.9388619065284729|NORM=0.06110937520861626
強	O=0.9999167919158936|NORM=8.227067883126438e-05
すぎ	O=0.9999469518661499|NORM=5.2474399126367643e-05
ます	O=0.9999521970748901|NORM=4.7339650336652994e-05
…	NORM=0.9982523322105408|O=0.0017380515346303582

ごく	O=0.9997201561927795|NORM=0.00027912502991966903
ありき	O=0.9965353012084961|NORM=0.003463579108938575
たり	O=0.999826967716217|NORM=0.0001724730827845633
で	O=0.9999206066131592|NORM=7.832105620764196e-05
俗っぽく	O=0.9997830986976624|NORM=0.0002161127922590822
て	O=0.9998719692230225|NORM=0.00012707963469438255
申し訳ない	O=0.9999603033065796|NORM=3.901846503140405e-05
の	O=0.9999653100967407|NORM=3.369362821104005e-05
です	O=0.9999706745147705|NORM=2.8494105208665133e-05
が	O=0.9999657869338989|NORM=3.343334901728667e-05
、	O=0.9999560117721558|NORM=4.285791874281131e-05
ミランダ・カー	O=0.9999234676361084|NORM=7.600366370752454e-05
が	O=0.9999691247940063|NORM=3.0241479180403985e-05
めちゃくちゃ	O=0.9999692440032959|NORM=3.002589255629573e-05
可愛く	O=0.9999278783798218|NORM=7.13725239620544e-05
て	O=0.9999432563781738|NORM=5.6001288612606004e-05
めちゃくちゃ	O=0.9999715089797974|NORM=2.7771646273322403e-05
好き	O=0.9999675750732422|NORM=3.1617215427104384e-05
です	O=0.9999715089797974|NORM=2.7781710741692223e-05
!	O=0.9999632835388184|NORM=3.599043338908814e-05
いつまでも	O=0.9999589920043945|NORM=4.0186296246247366e-05
見	O=0.9999473094940186|NORM=5.195074118091725e-05
て	NORM=0.8415932655334473|O=0.1583891361951828
られる	O=0.9886736273765564|NORM=0.011320327408611774
…	NORM=0.6840843558311462|O=0.31588712334632874
お子様	O=0.9999552965164185|NORM=4.381377584650181e-05
も	O=0.9999686479568481|NORM=3.06924557662569e-05
また	O=0.9999576807022095|NORM=4.1440427594352514e-05
でかく	O=0.9999449253082275|NORM=5.431485624285415e-05
て	O=0.999964714050293|NORM=3.465828558546491e-05
可愛い	O=0.9995263814926147|NORM=0.0004718229756690562
ん	NORM=0.9967498779296875|O=0.0032431960571557283
だ	NORM=0.9896674156188965|O=0.010324615053832531
!	O=0.9999674558639526|NORM=3.157933315378614e-05

なんか	NORM=0.6262211203575134|O=0.3737596571445465
さ	NORM=0.994539201259613|O=0.005447642412036657
、	O=0.9997445940971375|NORM=0.0002538080152589828
新型コロナウイルス	NORM=0.9618978500366211|O=0.038002051413059235
対策	O=0.9999024868011475|NORM=9.4291586719919e-05
の	O=0.9999645948410034|NORM=3.47107088600751e-05
支援策	O=0.999957799911499|NORM=4.13491579820402e-05
に関して	O=0.9999691247940063|NORM=2.986675826832652e-05
は	O=0.9999661445617676|NORM=3.3357180655002594e-05
、	O=0.9999526739120483|NORM=4.670148337027058e-05
しっかり	O=0.9999488592147827|NORM=5.0337770517216995e-05
と	O=0.9999691247940063|NORM=3.032473978237249e-05
声	O=0.9999685287475586|NORM=3.077719156863168e-05
を	O=0.9999724626541138|NORM=2.703541576920543e-05
上げ	O=0.9999638795852661|NORM=3.558187745511532e-05
て	O=0.9999711513519287|NORM=2.8347969418973662e-05
伝え	O=0.9999692440032959|NORM=3.0149649319355376e-05
て	O=0.9999648332595825|NORM=3.479931547190063e-05
いく	O=0.9999432563781738|NORM=5.619206422124989e-05
こと	O=0.9999724626541138|NORM=2.693294118216727e-05
で	O=0.9999674558639526|NORM=3.190946881659329e-05
、	O=0.9999673366546631|NORM=3.211413059034385e-05
ある程度	O=0.9999722242355347|NORM=2.7022158974432386e-05
柔軟	O=0.9999697208404541|NORM=2.9434344469336793e-05
な	O=0.9999740123748779|NORM=2.540131208661478e-05
施策	O=0.9999696016311646|NORM=2.981944453495089e-05
が	O=0.9999722242355347|NORM=2.7359259547665715e-05
出	O=0.9999580383300781|NORM=4.1497940401313826e-05
て	O=0.9999573230743408|NORM=4.217288369545713e-05
くる	O=0.9999679327011108|NORM=3.151090641040355e-05
な	O=0.999935507774353|NORM=6.379228580044582e-05
という	O=0.9999697208404541|NORM=2.9459677534759976e-05
印象	O=0.9999454021453857|NORM=5.351658182917163e-05
です	O=0.999975323677063|NORM=2.4159440727089532e-05
。	O=0.999953031539917|NORM=4.610646647051908e-05
最初	O=0.9999518394470215|NORM=4.701855868916027e-05
は	O=0.999967098236084|NORM=3.2324198400601745e-05
使え	O=0.9991809725761414|NORM=0.0008161250152625144
な	O=0.992982029914856|NORM=0.007015738170593977
さ	O=0.9995342493057251|NORM=0.00046478043077513576
すぎ	O=0.9999538660049438|NORM=4.5374206820270047e-05
て	O=0.9999192953109741|NORM=7.994502084329724e-05
死に	O=0.9999523162841797|NORM=4.704557795776054e-05
そう	O=0.9999520778656006|NORM=4.7149460442597046e-05
という	O=0.9999628067016602|NORM=3.635608663898893e-05
感じ	O=0.9999650716781616|NORM=3.401482535991818e-05
でし	O=0.9999667406082153|NORM=3.257823482272215e-05
た	O=0.9999732971191406|NORM=2.586447590147145e-05
が	O=0.9999697208404541|NORM=2.9293596526258625e-05
…	O=0.9998021721839905|NORM=0.0001939995854627341
「	O=0.9998822212219238|NORM=0.00011668576917145401
まだまだ	O=0.9999686479568481|NORM=3.064332122448832e-05
行き	O=0.9999508857727051|NORM=4.836114385398105e-05
わたっ	O=0.999953031539917|NORM=4.6510027459589764e-05
て	O=0.999951958656311|NORM=4.750457446789369e-05
い	O=0.9999549388885498|NORM=4.4537304347613826e-05
ない	O=0.9999611377716064|NORM=3.8063706597313285e-05
部分	O=0.9999507665634155|NORM=4.802429975825362e-05
の	O=0.9999364614486694|NORM=6.297419895417988e-05
フォロー	O=0.9999628067016602|NORM=3.641139483079314e-05
を	O=0.9999721050262451|NORM=2.7398056772653945e-05
頼み	O=0.9999750852584839|NORM=2.4415305233560503e-05
ます	O=0.9999687671661377|NORM=3.076064967899583e-05
よ	NORM=0.9786952137947083|O=0.02124166488647461
」	O=0.9994344115257263|NORM=0.0005639565642923117
という	O=0.999932050704956|NORM=6.632939766859636e-05
思い	O=0.9999368190765381|NORM=6.23133746557869e-05
です	O=0.9999725818634033|NORM=2.6806461391970515e-05
。	O=0.999967098236084|NORM=3.177802136633545e-05

最近	O=0.9999769926071167|NORM=2.200838935095817e-05
は	O=0.9999322891235352|NORM=6.722580292262137e-05
肉	O=0.9995101690292358|NORM=0.0004882504290435463
を	O=0.9998631477355957|NORM=0.0001361223985441029
くい	NORM=0.9354915618896484|O=0.06430038809776306
たい	O=0.9989056587219238|NORM=0.0010919736232608557
欲求	O=0.999970555305481|NORM=2.8529149858513847e-05
が	O=0.9999558925628662|NORM=4.371454633655958e-05
強い	O=0.9998424053192139|NORM=0.00015422840078826994
デブ	O=0.9868571162223816|NORM=0.013136190362274647
に	O=0.9999805688858032|NORM=1.85343851626385e-05
なっ	O=0.999976634979248|NORM=2.2518566765938886e-05
て	O=0.9999792575836182|NORM=2.0129393305978738e-05
い	O=0.9999823570251465|NORM=1.6957041225396097e-05
ます	O=0.9999823570251465|NORM=1.694577258604113e-05
。	O=0.9999728202819824|NORM=2.6152527425438166e-05

あぁ	NORM=0.9800784587860107|O=0.01991083100438118
…	O=0.9999252557754517|NORM=7.396197906928137e-05
寝る	O=0.9990218877792358|NORM=0.0009771487675607204
の	O=0.999570906162262|NORM=0.00042787985876202583
を	O=0.9998879432678223|NORM=0.00011114723747596145
もたもた	O=0.9998432397842407|NORM=0.00015577308658976108
し	O=0.9999427795410156|NORM=5.6718967243796214e-05
て	NORM=0.9945776462554932|O=0.005414925049990416
たら	O=0.999923825263977|NORM=7.557162462035194e-05
頭	O=0.9999762773513794|NORM=2.28519147640327e-05
が	O=0.9999750852584839|NORM=2.432021028653253e-05
ガンガン	O=0.9999457597732544|NORM=5.356556357583031e-05
し	O=0.999976634979248|NORM=2.282778950757347e-05
ます	O=0.999975323677063|NORM=2.397298339928966e-05
…	NORM=0.9937030673027039|O=0.006289119832217693
ぐったり	O=0.9999493360519409|NORM=5.001302997698076e-05
でも	O=0.9999691247940063|NORM=3.0286964829429053e-05
いい	O=0.9999750852584839|NORM=2.4164412025129423e-05
です	O=0.9999799728393555|NORM=1.9332323063281365e-05
。	O=0.9999620914459229|NORM=3.71337664546445e-05
速やか	O=0.9999257326126099|NORM=7.363685290329158e-05
な	O=0.9999136924743652|NORM=8.567963959649205e-05
入	O=0.6663047075271606|NORM=0.33360719680786133
眠	O=0.9978461265563965|NORM=0.0021479614078998566
を	O=0.9999483823776245|NORM=5.084783333586529e-05
願い	O=0.9999066591262817|NORM=9.275782213080674e-05
ます	O=0.9999730587005615|NORM=2.6228315618936904e-05
。	O=0.9999704360961914|NORM=2.8833219403168187e-05

睡眠薬	O=0.9999428987503052|NORM=5.624329423881136e-05
が	O=0.9999709129333496|NORM=2.8392227250151336e-05
60日	O=0.9999703168869019|NORM=2.8920241675223224e-05
分家	NORM=0.9853134751319885|O=0.014678236097097397
に	O=0.9999637603759766|NORM=3.559836477506906e-05
ある	O=0.9999372959136963|NORM=6.164160004118457e-05
と	O=0.9999552965164185|NORM=4.361599712865427e-05
、	O=0.9999343156814575|NORM=6.50090878480114e-05
少し	O=0.9999651908874512|NORM=3.3945903851417825e-05
嫌	O=0.9999622106552124|NORM=3.654520696727559e-05
な	O=0.9999713897705078|NORM=2.7992287868983112e-05
こと	O=0.9999620914459229|NORM=3.7256861105561256e-05
が	O=0.9999686479568481|NORM=3.075706626987085e-05
あっ	O=0.9998986721038818|NORM=0.00010047553951153532
て	O=0.9999663829803467|NORM=3.3039414120139554e-05
も	O=0.9999183416366577|NORM=8.109478221740574e-05
「	O=0.9999417066574097|NORM=5.734683873015456e-05
まあ	O=0.9999603033065796|NORM=3.8843369111418724e-05
、	O=0.9999599456787109|NORM=3.9234160794876516e-05
家	O=0.9999548196792603|NORM=4.4409338443074375e-05
に	O=0.9999682903289795|NORM=3.104029019596055e-05
帰れ	O=0.9997135996818542|NORM=0.00028500924236141145
ば	O=0.9999332427978516|NORM=6.60774894640781e-05
睡眠薬	O=0.9999463558197021|NORM=5.282342681312002e-05
60日	O=0.9999735355377197|NORM=2.582881279522553e-05
分	O=0.9999682903289795|NORM=3.09716269839555e-05
が	O=0.9999735355377197|NORM=2.581526860012673e-05
あり	O=0.999974250793457|NORM=2.5111541617661715e-05
ます	O=0.9999747276306152|NORM=2.464974568283651e-05
し	O=0.9999436140060425|NORM=5.5701384553685784e-05
ね	NORM=0.9787613153457642|O=0.0212101973593235
」	O=0.9999464750289917|NORM=5.2680257795145735e-05
と	O=0.9999725818634033|NORM=2.651834802236408e-05
なり	O=0.9999725818634033|NORM=2.6601379431667738e-05
ます	O=0.9999734163284302|NORM=2.5834771804511547e-05
し	O=0.9999662637710571|NORM=3.288930020062253e-05
、	O=0.9999650716781616|NORM=3.429302159929648e-05
仕事	O=0.9999699592590332|NORM=2.9037435524514876e-05
で	O=0.999968409538269|NORM=3.094777639489621e-05
むかつく	O=0.9998512268066406|NORM=0.00014796188042964786
人	O=0.9999616146087646|NORM=3.7197518395259976e-05
に	O=0.9999675750732422|NORM=3.1730309274280444e-05
会っ	O=0.9999321699142456|NORM=6.705139094265178e-05
て	O=0.9999692440032959|NORM=3.013185596500989e-05
も	O=0.9999260902404785|NORM=7.334923429880291e-05
「	O=0.9691244959831238|NORM=0.030871029943227768
そんな	O=0.9999358654022217|NORM=6.315145583357662e-05
を	O=0.9979643821716309|NORM=0.002034673700109124
口	O=0.9999643564224243|NORM=3.496482895570807e-05
を	O=0.9999562501907349|NORM=4.322076711105183e-05
きい	O=0.9995406866073608|NORM=0.0004584343987517059
て	O=0.9999595880508423|NORM=3.9748108974890783e-05
いい	O=0.9999593496322632|NORM=3.988099342677742e-05
の	O=0.9999728202819824|NORM=2.632878204167355e-05
です	O=0.9999734163284302|NORM=2.588856477814261e-05
か	O=0.9999744892120361|NORM=2.483264688635245e-05
？	O=0.9999403953552246|NORM=5.843122926307842e-05
私	O=0.9999735355377197|NORM=2.557731932029128e-05
は	O=0.999962568283081|NORM=3.67621541954577e-05
睡眠薬	O=0.9998881816864014|NORM=0.00011088480096077546
と	O=0.9999260902404785|NORM=7.30516403564252e-05
よろしく	O=0.9997428059577942|NORM=0.00025579234352335334
やっ	O=0.9989344477653503|NORM=0.0010639819083735347
てる	NORM=0.9917335510253906|O=0.008250035345554352
身	O=0.9997782111167908|NORM=0.00022026132501196116
です	O=0.9999775886535645|NORM=2.18375280383043e-05
よ	O=0.999975323677063|NORM=2.3978793251444586e-05
。	O=0.9999592304229736|NORM=3.9811679016565904e-05
」	O=0.9999521970748901|NORM=4.700014687841758e-05
と	O=0.9999667406082153|NORM=3.2362651836592704e-05
なれ	O=0.9999744892120361|NORM=2.483871139702387e-05
ます	O=0.999976634979248|NORM=2.2628832084592432e-05
。	O=0.9999580383300781|NORM=4.0976243326440454e-05
戦闘力	O=0.9999741315841675|NORM=2.5132476366707124e-05
と	O=0.9999749660491943|NORM=2.4409644538536668e-05
自己	O=0.9999673366546631|NORM=3.20972285408061e-05
治癒	O=0.9994007349014282|NORM=0.0005977203254587948
力	O=0.9999653100967407|NORM=3.404981907806359e-05
を	O=0.9999550580978394|NORM=4.441722921910696e-05
求め	O=0.9999170303344727|NORM=8.204409095924348e-05
られる	O=0.9991973042488098|NORM=0.0008008350268937647
現代社会	O=0.9999681711196899|NORM=3.110566103714518e-05
において	O=0.9999617338180542|NORM=3.7531761336140335e-05
睡眠薬	O=0.9999734163284302|NORM=2.5897750674630515e-05
と	O=0.9999752044677734|NORM=2.426123319310136e-05
同棲	O=0.9999743700027466|NORM=2.5127521439571865e-05
する	O=0.9999723434448242|NORM=2.7135662094224244e-05
こと	O=0.999963641166687|NORM=3.5751905670622364e-05
は	O=0.9999637603759766|NORM=3.572147397790104e-05
有効	O=0.9999634027481079|NORM=3.5784301871899515e-05
です	O=0.9999769926071167|NORM=2.2331703803502023e-05
。	O=0.999963641166687|NORM=3.547435699147172e-05

新幹線	O=0.9999231100082397|NORM=7.520783401560038e-05
に	O=0.9999628067016602|NORM=3.6514153180178255e-05
無料	O=0.9998776912689209|NORM=0.00012161403719801456
ん	NORM=0.9942095279693604|O=0.005779172759503126
Wi-Fi	O=0.999913215637207|NORM=8.480141696054488e-05
が	O=0.9999651908874512|NORM=3.415297396713868e-05
導入	O=0.9996950626373291|NORM=0.00030161297763697803
さ	O=0.9999068975448608|NORM=9.256890189135447e-05
れる	O=0.9998749494552612|NORM=0.00012322420661803335
らしい	O=0.9999690055847168|NORM=3.0162151233525947e-05
です	O=0.9999755620956421|NORM=2.3771894120727666e-05
。	O=0.9999282360076904|NORM=7.08106454112567e-05
待ち	O=0.9999616146087646|NORM=3.752803604584187e-05
に	O=0.9999668598175049|NORM=3.261411256971769e-05
まっ	O=0.999897837638855|NORM=0.00010119620856130496
て	NORM=0.9897047877311707|O=0.010278378613293171
まし	O=0.9999629259109497|NORM=3.646352342911996e-05
た	O=0.9999688863754272|NORM=3.05561043205671e-05
！	O=0.999962568283081|NORM=3.669293801067397e-05
新幹線	O=0.9999250173568726|NORM=7.35227731638588e-05
で	O=0.9999676942825317|NORM=3.1634139304514974e-05
パソコン	O=0.9999462366104126|NORM=5.2754650823771954e-05
を	O=0.9999706745147705|NORM=2.8810442017856985e-05
使う	O=0.9999408721923828|NORM=5.8032575907418504e-05
と	O=0.9999524354934692|NORM=4.661595085053705e-05
、	O=0.9999608993530273|NORM=3.848502819892019e-05
すぐ	O=0.9999722242355347|NORM=2.7124791813548654e-05
に	O=0.9999688863754272|NORM=3.061674578930251e-05
容量	O=0.9999334812164307|NORM=6.569879042217508e-05
制限	O=0.9999516010284424|NORM=4.7330318921012804e-05
が	O=0.9999732971191406|NORM=2.615301673358772e-05
かかっ	O=0.9998898506164551|NORM=0.00010961331281578168
ちゃう	NORM=0.9927026033401489|O=0.007285806350409985
ん	NORM=0.9915709495544434|O=0.0084205511957407
です	O=0.9999728202819824|NORM=2.653578485478647e-05
よ	O=0.9999680519104004|NORM=3.1232761102728546e-05
ね	O=0.9999713897705078|NORM=2.7865746233146638e-05
。	O=0.9999599456787109|NORM=3.915981142199598e-05
トンネル	O=0.9987543821334839|NORM=0.0012443539453670382
ん	NORM=0.9912234544754028|O=0.008768726140260696
中	O=0.9987809062004089|NORM=0.0012168372049927711
だ	O=0.999968409538269|NORM=3.098330125794746e-05
と	O=0.9999656677246094|NORM=3.351609120727517e-05
、	O=0.9999643564224243|NORM=3.49736656062305e-05
圏外	O=0.9999713897705078|NORM=2.7940041036345065e-05
に	O=0.9999756813049316|NORM=2.3760156182106584e-05
なり	O=0.9999732971191406|NORM=2.5993751478381455e-05
ます	O=0.9999724626541138|NORM=2.701541416172404e-05
し	O=0.9999641180038452|NORM=3.5233879316365346e-05
…	O=0.9824978709220886|NORM=0.017494717612862587
そこ	O=0.9999552965164185|NORM=4.3900308810407296e-05
は	O=0.9999643564224243|NORM=3.521299368003383e-05
変わら	O=0.9998168349266052|NORM=0.00018273030582349747
ない	O=0.9999628067016602|NORM=3.649434438557364e-05
です	O=0.9999690055847168|NORM=3.0339951990754344e-05
ね	O=0.9999679327011108|NORM=3.145260052406229e-05
！	O=0.999964714050293|NORM=3.448631105129607e-05
？	O=0.999963641166687|NORM=3.551444024196826e-05

「	O=0.9999610185623169|NORM=3.80553537979722e-05
自分	O=0.9999768733978271|NORM=2.2447044102591462e-05
の	O=0.9999699592590332|NORM=2.9422029911074787e-05
料理	O=0.9999644756317139|NORM=3.481234671198763e-05
に	O=0.9999656677246094|NORM=3.370838749106042e-05
飽き	O=0.9999673366546631|NORM=3.2063511753221974e-05
まし	O=0.9999735355377197|NORM=2.5768755222088657e-05
た	O=0.9999756813049316|NORM=2.3622604203410447e-05
。	O=0.9999570846557617|NORM=4.193696440779604e-05
実家	O=0.9999686479568481|NORM=3.053232649108395e-05
の	O=0.9999638795852661|NORM=3.54372059518937e-05
ご飯	O=0.9999611377716064|NORM=3.8065882108639926e-05
を	O=0.9999709129333496|NORM=2.8484928407124244e-05
食べ	O=0.9999690055847168|NORM=3.0270733986981213e-05
たい	O=0.9999693632125854|NORM=2.990646862599533e-05
です	NORM=0.9794121384620667|O=0.020497363060712814
」	O=0.9999613761901855|NORM=3.791994822677225e-05
って	NORM=0.9906190633773804|O=0.009370882995426655
なる	O=0.9920060038566589|NORM=0.007990696467459202
こと	O=0.9999493360519409|NORM=4.9997488531516865e-05
が	O=0.999968409538269|NORM=3.09919923893176e-05
たびたび	O=0.9999722242355347|NORM=2.7134858100907877e-05
ある	O=0.9999425411224365|NORM=5.6775181292323396e-05
ん	NORM=0.9922444224357605|O=0.007720310240983963
です	O=0.9999691247940063|NORM=3.021507291123271e-05
が	O=0.9999674558639526|NORM=3.1848569051362574e-05
、	O=0.9999465942382812|NORM=5.240391692495905e-05
実家	O=0.9999412298202515|NORM=5.751682328991592e-05
に	O=0.9999589920043945|NORM=4.0329388866666704e-05
戻る	O=0.9997214674949646|NORM=0.00027681380743160844
っていう	NORM=0.9933617115020752|O=0.0066286600194871426
選択肢	O=0.9999364614486694|NORM=6.231180304894224e-05
を	O=0.9999563694000244|NORM=4.297453779145144e-05
除け	O=0.9999539852142334|NORM=4.5356471673585474e-05
ば	O=0.9999550580978394|NORM=4.424195140018128e-05
、	O=0.9999551773071289|NORM=4.417437958181836e-05
主夫	O=0.9999271631240845|NORM=7.210292824311182e-05
を	O=0.9999672174453735|NORM=3.2147981983143836e-05
迎える	O=0.9999186992645264|NORM=8.039523527259007e-05
か	O=0.9999500513076782|NORM=4.909406925435178e-05
お手伝いさん	O=0.9999710321426392|NORM=2.834002225426957e-05
を	O=0.9999732971191406|NORM=2.6182788133155555e-05
雇う	O=0.9999551773071289|NORM=4.4124270061729476e-05
とか	O=0.9999643564224243|NORM=3.483917680568993e-05
、	O=0.9999250173568726|NORM=7.4240037065465e-05
まれ	O=0.9999330043792725|NORM=6.56413976685144e-05
な	O=0.9999598264694214|NORM=3.952366751036607e-05
ケース	O=0.9999475479125977|NORM=5.120648711454123e-05
に	O=0.9999661445617676|NORM=3.319504685350694e-05
なら	O=0.9999268054962158|NORM=7.186723087215796e-05
ない	O=0.9999550580978394|NORM=4.386941509437747e-05
限り	O=0.9999599456787109|NORM=3.898408613167703e-05
は	O=0.9999619722366333|NORM=3.74558221665211e-05
今後	O=0.9999675750732422|NORM=3.1722138373879716e-05
ずっと	O=0.9999686479568481|NORM=3.066662247874774e-05
自分	O=0.9999700784683228|NORM=2.925198532466311e-05
の	O=0.9999438524246216|NORM=5.55277983949054e-05
料理	O=0.9997937083244324|NORM=0.0002054501383099705
を	O=0.9999297857284546|NORM=6.966648652451113e-05
食べ	O=0.9999724626541138|NORM=2.6906269340543076e-05
続ける	O=0.9999722242355347|NORM=2.7171212423127145e-05
こと	O=0.9999668598175049|NORM=3.239668149035424e-05
に	O=0.9999756813049316|NORM=2.36790601775283e-05
なる	O=0.9999405145645142|NORM=5.88414040976204e-05
って	NORM=0.9925763607025146|O=0.0074060233309865
気づい	O=0.9999300241470337|NORM=6.954601121833548e-05
て	O=0.9999719858169556|NORM=2.744873745541554e-05
、	O=0.9999697208404541|NORM=2.9580902264569886e-05
「	O=0.9999701976776123|NORM=2.9131721021258272e-05
…	O=0.9970775842666626|NORM=0.0029196704272180796
自分	O=0.9999806880950928|NORM=1.8711953089223243e-05
の	O=0.9999725818634033|NORM=2.6862506274483167e-05
料理	O=0.9999713897705078|NORM=2.7987271096208133e-05
スキル	O=0.9999697208404541|NORM=2.947448410850484e-05
を	O=0.9999622106552124|NORM=3.733344055945054e-05
上げ	O=0.9999176263809204|NORM=8.157182310242206e-05
なけれ	O=0.9999567270278931|NORM=4.281223664293066e-05
ば	O=0.9999680519104004|NORM=3.1502830097451806e-05
いけ	O=0.9999730587005615|NORM=2.637706529640127e-05
ませ	O=0.9999674558639526|NORM=3.201117942808196e-05
ん	O=0.9999721050262451|NORM=2.7450678317109123e-05
…	O=0.9999620914459229|NORM=3.724673297256231e-05
！	O=0.9999645948410034|NORM=3.436558836256154e-05
」	O=0.9999688863754272|NORM=3.0414981665671803e-05
って	NORM=0.99566650390625|O=0.004318350460380316
なっ	O=0.9998888969421387|NORM=0.00011002019164152443
て	O=0.9999721050262451|NORM=2.727282299019862e-05
い	O=0.9999750852584839|NORM=2.42857222474413e-05
ます	O=0.9999685287475586|NORM=3.070925595238805e-05
。	O=0.9999629259109497|NORM=3.6075023672310635e-05

久しぶり	O=0.999962568283081|NORM=3.6496941902441904e-05
に	O=0.9999728202819824|NORM=2.6510188035899773e-05
数字	O=0.9999709129333496|NORM=2.808216777339112e-05
を	O=0.9999752044677734|NORM=2.4146331270458177e-05
いじっ	O=0.9999724626541138|NORM=2.6942499971482903e-05
て	O=0.9999741315841675|NORM=2.5256336812162772e-05
い	O=0.9999734163284302|NORM=2.5913064746418968e-05
ます	O=0.9999761581420898|NORM=2.3031516320770606e-05
。	O=0.9999508857727051|NORM=4.7987316065700725e-05
嫌い	O=0.9999654293060303|NORM=3.363096038810909e-05
じゃ	NORM=0.9975804090499878|O=0.0023997132666409016
ありません	O=0.9996199607849121|NORM=0.00037790651549585164
が	O=0.9999610185623169|NORM=3.827629188890569e-05
これ	O=0.9999701976776123|NORM=2.8981390642002225e-05
を	O=0.9999701976776123|NORM=2.921953273471445e-05
本職	O=0.9999752044677734|NORM=2.409903027000837e-05
に	O=0.9999649524688721|NORM=3.439304418861866e-05
は	O=0.9999666213989258|NORM=3.2761523470981047e-05
し	O=0.9999722242355347|NORM=2.70613072643755e-05
たく	O=0.9999469518661499|NORM=5.2122773922747e-05
ない	O=0.999968409538269|NORM=3.077310975641012e-05
です	O=0.999976396560669|NORM=2.2938535039429553e-05
ね	O=0.9999746084213257|NORM=2.470681647537276e-05
。	O=0.9999592304229736|NORM=3.9815779018681496e-05
徹夜	O=0.9999537467956543|NORM=4.545115734799765e-05
で	O=0.9999357461929321|NORM=6.384420703398064e-05
の	O=0.9992548823356628|NORM=0.0007435305160470307
仕事	O=0.9999523162841797|NORM=4.698904012911953e-05
が	O=0.9999538660049438|NORM=4.535932021099143e-05
あれ	O=0.9999402761459351|NORM=5.8467452618060634e-05
すぎ	O=0.9999489784240723|NORM=5.0298767746426165e-05
て	O=0.9999244213104248|NORM=7.471452408935875e-05
どこ	O=0.9999731779098511|NORM=2.6247460482409224e-05
の	O=0.9999693632125854|NORM=2.994919486809522e-05
担当さん	O=0.9998998641967773|NORM=9.935188427334651e-05
も	O=0.999970555305481|NORM=2.8891136025777087e-05
めちゃくちゃ	O=0.9999731779098511|NORM=2.6172774596489035e-05
いい	O=0.9999567270278931|NORM=4.2639225284801796e-05
人	O=0.9999730587005615|NORM=2.595661317172926e-05
に	O=0.999969482421875|NORM=2.9897119020461105e-05
見え	O=0.9999737739562988|NORM=2.552525074861478e-05
ます	O=0.999976396560669|NORM=2.2989388526184484e-05
。	O=0.9999693632125854|NORM=2.9670027288375422e-05

サリースコット	NORM=0.9761849045753479|O=0.02376994863152504
の	O=0.9999308586120605|NORM=6.823540752520785e-05
スカート	O=0.9999202489852905|NORM=7.894547889009118e-05
が	O=0.9999663829803467|NORM=3.302350887679495e-05
欲しい	O=0.9999440908432007|NORM=5.48583957424853e-05
です	O=0.9999375343322754|NORM=6.191675493028015e-05
、	NORM=0.9982008934020996|O=0.001791890594176948
買っ	O=0.9999673366546631|NORM=3.207788540748879e-05
て	O=0.9999673366546631|NORM=3.207996633136645e-05
しまい	O=0.9999678134918213|NORM=3.1551378924632445e-05
ます	O=0.9999712705612183|NORM=2.8157024644315243e-05
か	O=0.9999754428863525|NORM=2.3926688299980015e-05
？	O=0.9999686479568481|NORM=3.053998443647288e-05
買っ	O=0.9999638795852661|NORM=3.5517223295755684e-05
て	O=0.9999653100967407|NORM=3.4077922464348376e-05
しまい	O=0.999969482421875|NORM=2.993186717503704e-05
ましょ	O=0.9999704360961914|NORM=2.9018541681580245e-05
う	O=0.999969482421875|NORM=2.990185203088913e-05
か	O=0.9999724626541138|NORM=2.693867099878844e-05
？	O=0.9999663829803467|NORM=3.291964458185248e-05
悩む	O=0.9999686479568481|NORM=3.0817165679764e-05
ところ	O=0.9999659061431885|NORM=3.332032429170795e-05
です	O=0.9999388456344604|NORM=6.065189154469408e-05
、	NORM=0.9975666999816895|O=0.002425367943942547
3万円	O=0.9999555349349976|NORM=4.3836855184054e-05
少し	O=0.9999586343765259|NORM=4.050741335959174e-05
高い	O=0.999947190284729|NORM=5.184348265174776e-05
オニツカタイガー	O=0.9999004602432251|NORM=9.873881936073303e-05
の	O=0.9999381303787231|NORM=6.119451427366585e-05
赤い	O=0.9999561309814453|NORM=4.337523932917975e-05
スニーカー	O=0.999946117401123|NORM=5.3308634960558265e-05
も	O=0.9999520778656006|NORM=4.7420384362339973e-05
欲しい	O=0.9999374151229858|NORM=6.173296424094588e-05
物欲	O=0.9905480742454529|NORM=0.00942472368478775
そして	O=0.9995198249816895|NORM=0.0004788100195582956
微妙	O=0.9999302625656128|NORM=6.813678191974759e-05
に	O=0.9999607801437378|NORM=3.865838880301453e-05
高級	O=0.9999251365661621|NORM=7.361209281953052e-05
志向	O=0.9999315738677979|NORM=6.75816772854887e-05
です	O=0.9992502331733704|NORM=0.0007490336429327726
、	NORM=0.9977467656135559|O=0.0022465374786406755
それ	O=0.9999587535858154|NORM=4.053690281580202e-05
が	O=0.999954104423523|NORM=4.530412479653023e-05
楽しい	O=0.9999403953552246|NORM=5.8218909543938935e-05
から	O=0.9999523162841797|NORM=4.696238465839997e-05
仕方がない	O=0.99993896484375|NORM=6.039413347025402e-05
でしょ	O=0.9999703168869019|NORM=2.9018094210186973e-05
う	O=0.9999651908874512|NORM=3.428279160289094e-05
。	O=0.999954104423523|NORM=4.5101773139322177e-05
働か	O=0.9999637603759766|NORM=3.568242391338572e-05
ない	O=0.9999486207962036|NORM=5.058434544480406e-05
と	O=0.9999344348907471|NORM=6.481249147327617e-05
いけ	O=0.9999239444732666|NORM=7.477628969354555e-05
ませ	O=0.9998971223831177|NORM=0.00010170397581532598
ん	O=0.9999210834503174|NORM=7.788046059431508e-05
ね	O=0.9999344348907471|NORM=6.471534288721159e-05
。	O=0.9997645020484924|NORM=0.00022998715576250106

…	O=0.9652013182640076|NORM=0.0347898043692112
こんな	O=0.999969482421875|NORM=2.986975960084237e-05
もん	NORM=0.9964397549629211|O=0.0035494472831487656
でしょ	O=0.999970555305481|NORM=2.8738706532749347e-05
う	O=0.999970555305481|NORM=2.88792925857706e-05
か	O=0.9999709129333496|NORM=2.850438431778457e-05
。	O=0.9999604225158691|NORM=3.8563117414014414e-05

「	O=0.9943752288818359|NORM=0.00562310591340065
テラロッサ	O=0.9990968704223633|NORM=0.000901621941011399
」	O=0.9957998394966125|NORM=0.004198277369141579
と	O=0.999919056892395|NORM=8.0028003139887e-05
「	O=0.8443052172660828|NORM=0.15569035708904266
テラローシャ	O=0.9959665536880493|NORM=0.0040312279015779495
」	O=0.9768912196159363|NORM=0.023104751482605934
を	O=0.9998626708984375|NORM=0.00013651090557686985
出	O=0.9999221563339233|NORM=7.697598630329594e-05
て	O=0.9999567270278931|NORM=4.2853407649090514e-05
くる	O=0.9999443292617798|NORM=5.49491451238282e-05
たび	O=0.999963641166687|NORM=3.539994213497266e-05
に	O=0.9999501705169678|NORM=4.9342328566126525e-05
間違え	O=0.9999656677246094|NORM=3.352856219862588e-05
ます	O=0.9999552965164185|NORM=4.425631050253287e-05
。	NORM=0.9952613711357117|O=0.004733736626803875
。	NORM=0.9965768456459045|O=0.003418795997276902
。	O=0.9999551773071289|NORM=4.369363887235522e-05

6月	O=0.9999631643295288|NORM=3.6416407965589315e-05
臨海	O=0.999618411064148|NORM=0.0003810784255620092
の	O=0.9999147653579712|NORM=8.477299707010388e-05
予約	O=0.9999669790267944|NORM=3.233492680010386e-05
を	O=0.9999539852142334|NORM=4.562053072731942e-05
取れ	O=0.9998853206634521|NORM=0.00011432198516558856
なかっ	O=0.9998922348022461|NORM=0.00010727337939897552
た	O=0.9999518394470215|NORM=4.768717190017924e-05
らしく	O=0.9932016730308533|NORM=0.006796135567128658
て	O=0.9993438124656677|NORM=0.0006548779783770442
泣き	O=0.9999505281448364|NORM=4.9066478823078796e-05
まし	O=0.9999717473983765|NORM=2.764824421319645e-05
た	O=0.999977707862854|NORM=2.170614061469678e-05
。	O=0.9999511241912842|NORM=4.773541513714008e-05

会社	O=0.9999532699584961|NORM=4.5546421461040154e-05
に	O=0.9999703168869019|NORM=2.9148621251806617e-05
入る	O=0.9999415874481201|NORM=5.691569822374731e-05
まで	O=0.9999693632125854|NORM=2.995527938765008e-05
イラレ	NORM=0.989987313747406|O=0.009996972046792507
を	O=0.9999420642852783|NORM=5.673888881574385e-05
使っ	O=0.9999643564224243|NORM=3.4932800190290436e-05
た	O=0.9999734163284302|NORM=2.5909779651556164e-05
こと	O=0.999968409538269|NORM=3.0715375032741576e-05
が	O=0.999975323677063|NORM=2.391274756519124e-05
なく	O=0.9999710321426392|NORM=2.8152158847660758e-05
て	O=0.999974250793457|NORM=2.500498158042319e-05
、	O=0.999954104423523|NORM=4.5219047024147585e-05
アート	O=0.999901294708252|NORM=9.685184340924025e-05
ボード	O=0.9999500513076782|NORM=4.892006472800858e-05
という	O=0.9999148845672607|NORM=8.432430331595242e-05
名	O=0.8744516968727112|NORM=0.12551048398017883
も	O=0.9998553991317749|NORM=0.0001440137712052092
パス	NORM=0.5574426651000977|O=0.4425179660320282
の	O=0.9999195337295532|NORM=7.947412086650729e-05
概念	O=0.9999371767044067|NORM=6.150876288302243e-05
も	O=0.9999552965164185|NORM=4.41453667008318e-05
知り	O=0.9999719858169556|NORM=2.73969053523615e-05
ませ	O=0.9999741315841675|NORM=2.5258768800995313e-05
ん	O=0.9999717473983765|NORM=2.773031337710563e-05
でし	O=0.9999735355377197|NORM=2.573582241893746e-05
た	O=0.9999760389328003|NORM=2.323946318938397e-05
が	O=0.9999758005142212|NORM=2.339484854019247e-05
、	O=0.9999747276306152|NORM=2.4559523808420636e-05
結構	O=0.9999761581420898|NORM=2.2907684979145415e-05
覚える	O=0.9938818216323853|NORM=0.006113395560532808
もん	NORM=0.9972966313362122|O=0.002695398172363639
です	O=0.999974250793457|NORM=2.5072366042877547e-05
ね	O=0.9999672174453735|NORM=3.194352757418528e-05
。	O=0.9999617338180542|NORM=3.7405519833555445e-05
先輩	O=0.999966025352478|NORM=3.322690463392064e-05
の	O=0.9999524354934692|NORM=4.697036274592392e-05
早	NORM=0.9682210087776184|O=0.031747978180646896
技	O=0.9928267002105713|NORM=0.007161189801990986
を	O=0.999931812286377|NORM=6.729074812028557e-05
見	O=0.9996776580810547|NORM=0.0003191450668964535
て	NORM=0.9901350140571594|O=0.009846118278801441
たら	O=0.9989504814147949|NORM=0.0010481552453711629
ショートカットキー	O=0.9999308586120605|NORM=6.815872620791197e-05
も	O=0.9999665021896362|NORM=3.293607369414531e-05
覚え	O=0.9999734163284302|NORM=2.5914920115610585e-05
まし	O=0.9999748468399048|NORM=2.4521355953766033e-05
た	O=0.9999750852584839|NORM=2.4237759134848602e-05
！	O=0.9999544620513916|NORM=4.474935485632159e-05
フォトショ	NORM=0.9826367497444153|O=0.01729104295372963
は	O=0.9999262094497681|NORM=7.308043132070452e-05
前	O=0.9999604225158691|NORM=3.843138983938843e-05
から	O=0.9999756813049316|NORM=2.351583680137992e-05
使え	O=0.9999263286590576|NORM=7.292851660167798e-05
ます	O=0.9999632835388184|NORM=3.606042082537897e-05
し	O=0.9999513626098633|NORM=4.786858698935248e-05
…	O=0.9951203465461731|NORM=0.00487327529117465
大丈夫	O=0.999909520149231|NORM=8.94101831363514e-05
です	O=0.99996018409729|NORM=3.9229045796673745e-05
か	O=0.9999498128890991|NORM=4.9422324082115665e-05
ね	O=0.9999380111694336|NORM=6.12160365562886e-05
。	O=0.9999057054519653|NORM=9.337173105450347e-05
多分	O=0.999942421913147|NORM=5.6737393606454134e-05
…	O=0.9999325275421143|NORM=6.688619032502174e-05
。	O=0.9999345541000366|NORM=6.445314647862688e-05

体温計	O=0.999957799911499|NORM=4.16667535318993e-05
が	O=0.9999648332595825|NORM=3.449588984949514e-05
売り切れ	O=0.9998020529747009|NORM=0.00019666916341520846
てる	NORM=0.9959393739700317|O=0.0040542855858802795
らしい	O=0.9999531507492065|NORM=4.5855729695176706e-05
です	O=0.9999730587005615|NORM=2.6269719455740415e-05
が	O=0.9999673366546631|NORM=3.176227255607955e-05
、	O=0.9999575614929199|NORM=4.155047281528823e-05
そもそも	O=0.9999467134475708|NORM=5.209195296629332e-05
体温計	O=0.9999549388885498|NORM=4.4435993913793936e-05
が	O=0.9999408721923828|NORM=5.831223461427726e-05
ない	O=0.9999269247055054|NORM=7.171654578996822e-05
家	O=0.999954104423523|NORM=4.524324322119355e-05
が	O=0.9999669790267944|NORM=3.247606218792498e-05
そんなに	O=0.999901294708252|NORM=9.766695438884199e-05
あっ	O=0.999541163444519|NORM=0.00045736474567092955
た	O=0.9999328851699829|NORM=6.642597872996703e-05
の	O=0.9999269247055054|NORM=7.184667629189789e-05
か	O=0.9999574422836304|NORM=4.167194492765702e-05
と	O=0.9999324083328247|NORM=6.661245424766093e-05
驚い	O=0.9999550580978394|NORM=4.4476826587924734e-05
て	O=0.9999731779098511|NORM=2.6292957045370713e-05
い	O=0.9999734163284302|NORM=2.597806633275468e-05
ます	O=0.9999746084213257|NORM=2.4746950657572597e-05
。	O=0.9999526739120483|NORM=4.629286559065804e-05
普通	O=0.9999549388885498|NORM=4.404942228575237e-05
、	O=0.9999592304229736|NORM=4.0275088394992054e-05
家	O=0.9999536275863647|NORM=4.558615546557121e-05
に	O=0.9999537467956543|NORM=4.571681347442791e-05
一個	O=0.999972939491272|NORM=2.648315239639487e-05
か	O=0.999972939491272|NORM=2.653636875038501e-05
二	O=0.9999650716781616|NORM=3.409748387639411e-05
個	O=0.9999676942825317|NORM=3.177531107212417e-05
ある	O=0.9992815852165222|NORM=0.0007135358173400164
もの	O=0.9999232292175293|NORM=7.562369864899665e-05
って	NORM=0.9932584762573242|O=0.00673261284828186
認識	O=0.9999115467071533|NORM=8.720035111764446e-05
でし	O=0.9999574422836304|NORM=4.1863055230351165e-05
た	O=0.9999672174453735|NORM=3.2084124541142955e-05
。	O=0.9999661445617676|NORM=3.3050058846129104e-05

わい	NORM=0.9524036049842834|O=0.04757680743932724
が	O=0.994086503982544|NORM=0.0059119281359016895
住ん	O=0.9988499879837036|NORM=0.0011484489077702165
でる	NORM=0.9960208535194397|O=0.003974045626819134
県	O=0.9868892431259155|NORM=0.013097507879137993
は	O=0.9999761581420898|NORM=2.310909258085303e-05
、	O=0.9999716281890869|NORM=2.764955752354581e-05
外出	O=0.9999243021011353|NORM=7.427935634041205e-05
の	O=0.9998973608016968|NORM=0.00010117387137142941
自粛	O=0.9998955726623535|NORM=0.00010267985635437071
は	O=0.9999126195907593|NORM=8.667719521326944e-05
要請	O=0.9999732971191406|NORM=2.597947786853183e-05
し	O=0.999976396560669|NORM=2.2923642973182723e-05
ます	O=0.9999761581420898|NORM=2.3188546037999913e-05
が	O=0.9999758005142212|NORM=2.337711885047611e-05
、	O=0.9999756813049316|NORM=2.3477654394810088e-05
企業	O=0.9999474287033081|NORM=5.18108245159965e-05
の	O=0.9999547004699707|NORM=4.4410815462470055e-05
休業要請	O=0.9999268054962158|NORM=7.185448339441791e-05
は	O=0.9999629259109497|NORM=3.651781298685819e-05
しない	O=0.9999319314956665|NORM=6.655469769611955e-05
らしい	O=0.9999622106552124|NORM=3.6817822547163814e-05
です	O=0.9999803304672241|NORM=1.8955552150146104e-05
。	O=0.9999736547470093|NORM=2.5350605938001536e-05

いやあ	O=0.9998373985290527|NORM=0.00016191827307920903
、	O=0.9999357461929321|NORM=6.3474421040155e-05
残業	O=0.9999648332595825|NORM=3.436693805269897e-05
です	O=0.999966025352478|NORM=3.344222204759717e-05
よ	O=0.9998968839645386|NORM=0.00010267519246554002
。	O=0.9998868703842163|NORM=0.00011206106137251481
飲み会	O=0.999969482421875|NORM=2.9942229957669042e-05
に	O=0.9999605417251587|NORM=3.895140616805293e-05
出	O=0.9999372959136963|NORM=6.218243652256206e-05
れ	O=0.7934594750404358|NORM=0.206529438495636
ませ	O=0.9999536275863647|NORM=4.587780131259933e-05
ん	O=0.9999662637710571|NORM=3.319625466247089e-05
よ	O=0.9999618530273438|NORM=3.7633733882103115e-05
。	O=0.9999291896820068|NORM=6.978034070925787e-05
本当に	O=0.9997474551200867|NORM=0.0002514486841391772
残念	O=0.9999626874923706|NORM=3.6450583138503134e-05
です	O=0.9999681711196899|NORM=3.118466702289879e-05
よ	O=0.9999325275421143|NORM=6.693953037029132e-05
。	O=0.9999370574951172|NORM=6.179961928864941e-05

自分	O=0.9999762773513794|NORM=2.2942034775041975e-05
は	O=0.9999411106109619|NORM=5.83011242270004e-05
教採	O=0.5428421497344971|NORM=0.4570430815219879
を	O=0.9999716281890869|NORM=2.772074003587477e-05
受け	O=0.9998793601989746|NORM=0.00011936498049180955
ない	O=0.9998911619186401|NORM=0.00010739589924924076
のに	O=0.9999539852142334|NORM=4.492237349040806e-05
、	O=0.9999691247940063|NORM=3.0170383979566395e-05
なぜ	O=0.9999701976776123|NORM=2.9044975235592574e-05
か	O=0.999975323677063|NORM=2.4083801690721884e-05
緊張	O=0.9999747276306152|NORM=2.4328390281880274e-05
し	O=0.9999778270721436|NORM=2.162405326089356e-05
て	O=0.9999783039093018|NORM=2.1081064915051684e-05
い	O=0.999980092048645|NORM=1.9166463971487246e-05
ます	O=0.9999797344207764|NORM=1.95347165572457e-05
。	O=0.999945878982544|NORM=5.331991633283906e-05
頑張っ	O=0.9992724061012268|NORM=0.0007263931329362094
て	NORM=0.9786441922187805|O=0.021303163841366768
た	O=0.999815046787262|NORM=0.00018391654884908348
小学校	O=0.9985681772232056|NORM=0.0014243082841858268
や	O=0.9999215602874756|NORM=7.771786476951092e-05
特支	NORM=0.9751866459846497|O=0.024696633219718933
組	O=0.8065539002418518|NORM=0.1934235543012619
の	O=0.9999608993530273|NORM=3.831507274298929e-05
みんな	O=0.9999604225158691|NORM=3.902520256815478e-05
が	O=0.9999760389328003|NORM=2.338234116905369e-05
無事	O=0.999977707862854|NORM=2.1571262550423853e-05
に	O=0.9999746084213257|NORM=2.48453943640925e-05
終わり	O=0.9999667406082153|NORM=3.241769809392281e-05
ます	O=0.9999217987060547|NORM=7.773337711114436e-05
よう	O=0.9999271631240845|NORM=7.215115329017863e-05
に	O=0.9999669790267944|NORM=3.2355434086639434e-05
。	O=0.9999644756317139|NORM=3.457392813288607e-05

ものすごく	O=0.9999715089797974|NORM=2.7835098080686294e-05
どう	O=0.9999701976776123|NORM=2.9114389690221287e-05
でも	O=0.9999563694000244|NORM=4.2867704905802384e-05
いい	O=0.9999558925628662|NORM=4.351394090917893e-05
こと	O=0.999972939491272|NORM=2.6366977181169204e-05
を	O=0.999975323677063|NORM=2.41206944338046e-05
思い出し	O=0.9999682903289795|NORM=3.1154679163591936e-05
た	O=0.999977707862854|NORM=2.1681562429876067e-05
の	O=0.999972939491272|NORM=2.6120153052033857e-05
です	O=0.9999754428863525|NORM=2.3786518795532174e-05
が	O=0.9999724626541138|NORM=2.680512989172712e-05
、	O=0.9999644756317139|NORM=3.4745316952466965e-05
昔	O=0.9999680519104004|NORM=3.1267511076293886e-05
勤め	O=0.9999520778656006|NORM=4.743400131701492e-05
て	O=0.9999665021896362|NORM=3.293648478575051e-05
い	O=0.9999593496322632|NORM=4.0112219721777365e-05
た	O=0.9999704360961914|NORM=2.8967664547963068e-05
会社	O=0.9999380111694336|NORM=6.082567779230885e-05
で	O=0.9999570846557617|NORM=4.23690362367779e-05
私	O=0.9999589920043945|NORM=4.019476909888908e-05
の	O=0.9999374151229858|NORM=6.190400017658249e-05
担当	O=0.999951958656311|NORM=4.738240750157274e-05
営業	O=0.999901533126831|NORM=9.731423779157922e-05
だっ	O=0.9999390840530396|NORM=6.022900197422132e-05
た	O=0.999963641166687|NORM=3.592916618799791e-05
人	O=0.9999266862869263|NORM=7.230464689200744e-05
が	O=0.9999686479568481|NORM=3.077079963986762e-05
、	O=0.993084192276001|NORM=0.006914162077009678
ネカフェ	NORM=0.9965795874595642|O=0.0034142942167818546
に	O=0.9980731010437012|NORM=0.0019237498054280877
キーロガー	O=0.999908447265625|NORM=9.081436292035505e-05
を	O=0.999931812286377|NORM=6.761554686818272e-05
仕込ん	O=0.9998825788497925|NORM=0.00011645479389699176
で	O=0.9999630451202393|NORM=3.6481229471974075e-05
捕まり	O=0.9999736547470093|NORM=2.561813744250685e-05
まし	O=0.999976396560669|NORM=2.2966181859374046e-05
た	O=0.9999783039093018|NORM=2.1056370314909145e-05
。	O=0.9998815059661865|NORM=0.00011749738769140095
やけ	NORM=0.935853898525238|O=0.06405848264694214
に	O=0.9999175071716309|NORM=8.193373651010916e-05
仕事	O=0.9999685287475586|NORM=3.0750816222280264e-05
と	O=0.9999518394470215|NORM=4.7365505452034995e-05
関係	O=0.9961904287338257|NORM=0.0037884230259805918
なあい	NORM=0.9176613092422485|O=0.08230911940336227
技術	O=0.9998687505722046|NORM=0.00012944395712111145
的	O=0.9998708963394165|NORM=0.00012814912770409137
な	O=0.9994445443153381|NORM=0.0005545901949517429
あ	NORM=0.9799789190292358|O=0.019961176440119743
こと	O=0.9997934699058533|NORM=0.00020547868916764855
を	O=0.9999711513519287|NORM=2.8393724278430454e-05
聞い	O=0.9999332427978516|NORM=6.628406845266e-05
て	O=0.9999682903289795|NORM=3.11965704895556e-05
くる	O=0.9999594688415527|NORM=3.98329138988629e-05
なあ	NORM=0.9962670207023621|O=0.003727888222783804
と	O=0.9999510049819946|NORM=4.8330213758163154e-05
思っ	O=0.9842915534973145|NORM=0.015700938180088997
て	O=0.9999570846557617|NORM=4.237485336489044e-05
い	O=0.999923586845398|NORM=7.579759403597564e-05
たら	O=0.9999315738677979|NORM=6.782775017200038e-05
やっぱり	NORM=0.9981891512870789|O=0.0018014354864135385
と	O=0.9999549388885498|NORM=4.4131415052106604e-05
思い	O=0.9999618530273438|NORM=3.756492515094578e-05
まし	O=0.9999687671661377|NORM=3.06699876091443e-05
た	O=0.9999752044677734|NORM=2.4176053557312116e-05
。	O=0.9999556541442871|NORM=4.3671119783539325e-05

想像	O=0.9999583959579468|NORM=4.0927207010099664e-05
で	O=0.9999639987945557|NORM=3.54061703546904e-05
何度	O=0.9999788999557495|NORM=2.039245555351954e-05
も	O=0.999972939491272|NORM=2.641985884110909e-05
死ん	O=0.9999754428863525|NORM=2.3916993086459115e-05
で	O=0.999962568283081|NORM=3.6777793866349384e-05
、	O=0.9999455213546753|NORM=5.382635572459549e-05
殺し	O=0.9999632835388184|NORM=3.617277252487838e-05
て	O=0.9999741315841675|NORM=2.5160941731883213e-05
、	O=0.9999725818634033|NORM=2.6752397388918325e-05
細胞分裂	O=0.9998573064804077|NORM=0.00014132259821053594
と	O=0.9999669790267944|NORM=3.22997584589757e-05
一緒	O=0.9999676942825317|NORM=3.1495277653448284e-05
に	O=0.9999755620956421|NORM=2.3939313905430026e-05
生まれ変わっ	O=0.9999667406082153|NORM=3.284803096903488e-05
て	O=0.9999754428863525|NORM=2.4126216885633767e-05
いる	O=0.9949458241462708|NORM=0.005047754384577274
んで	NORM=0.9972067475318909|O=0.002787940902635455
。	O=0.9999569654464722|NORM=4.2054431105498224e-05
ひとつ	O=0.9999445676803589|NORM=5.504703221959062e-05
わかっ	O=0.999922513961792|NORM=7.686422031838447e-05
た	O=0.9999659061431885|NORM=3.343845310155302e-05
の	O=0.9999544620513916|NORM=4.457671821000986e-05
は	O=0.9999653100967407|NORM=3.389017365407199e-05
、	O=0.9999707937240601|NORM=2.839777516783215e-05
片付ける	O=0.9999725818634033|NORM=2.6911120585282333e-05
の	O=0.9999626874923706|NORM=3.6667377571575344e-05
が	O=0.9999315738677979|NORM=6.773079076083377e-05
面倒くさい	O=0.996905505657196|NORM=0.0030870414339005947
なぁ	NORM=0.9961510896682739|O=0.003844953142106533
って	NORM=0.993403971195221|O=0.0065882946364581585
こと	NORM=0.9895254373550415|O=0.010464600287377834
。	O=0.9999538660049438|NORM=4.49095168733038e-05
私	O=0.9997902512550354|NORM=0.00020809017587453127
って	NORM=0.988676905632019|O=0.011307903565466404
ゴミ袋	O=0.9999768733978271|NORM=2.248582495667506e-05
が	O=0.9999786615371704|NORM=2.080102240142878e-05
何	O=0.999975323677063|NORM=2.3909327865112573e-05
枚	O=0.9999758005142212|NORM=2.3559075998491608e-05
いる	O=0.9999574422836304|NORM=4.202943091513589e-05
ん	NORM=0.9923640489578247|O=0.007624262478202581
でしょ	O=0.9999746084213257|NORM=2.473581480444409e-05
う	O=0.9999746084213257|NORM=2.4693834347999655e-05
？	O=0.9999712705612183|NORM=2.776094333967194e-05

起き	O=0.9999619722366333|NORM=3.7549849366769195e-05
まし	O=0.9999638795852661|NORM=3.561687481123954e-05
た	O=0.9999076128005981|NORM=9.165854135062546e-05
、	NORM=0.9975971579551697|O=0.0023945902939885855
二度	O=0.9999681711196899|NORM=3.13481614284683e-05
寝	O=0.9999655485153198|NORM=3.3836862712632865e-05
し	O=0.9999127388000488|NORM=8.65893016452901e-05
ます	NORM=0.9978951215744019|O=0.002085299463942647

テレビ	O=0.9994176626205444|NORM=0.000579811108764261
で	O=0.9999687671661377|NORM=3.0640636396128684e-05
SCHOOL	O=0.9999600648880005|NORM=3.918985021300614e-05
OF	O=0.9999747276306152|NORM=2.479193062754348e-05
LOCK!	O=0.9999712705612183|NORM=2.7947126000071876e-05
の	O=0.9999659061431885|NORM=3.3511016226839274e-05
話	O=0.9999630451202393|NORM=3.592753273551352e-05
を	O=0.9999768733978271|NORM=2.2551881556864828e-05
聞く	O=0.9999643564224243|NORM=3.4676555515034124e-05
と	O=0.9999744892120361|NORM=2.4828361347317696e-05
は	O=0.9999619722366333|NORM=3.7488593079615384e-05
思い	O=0.9999556541442871|NORM=4.354967313702218e-05
ませ	O=0.9999738931655884|NORM=2.5571083824615926e-05
ん	O=0.999975323677063|NORM=2.4176264560082927e-05
でし	O=0.9999735355377197|NORM=2.563340967753902e-05
た	O=0.9999769926071167|NORM=2.229743950010743e-05
が	O=0.9999685287475586|NORM=3.061410825466737e-05
、	O=0.999879002571106|NORM=0.00011942163109779358
やましげ	O=0.9963345527648926|NORM=0.0036641722545027733
さん	O=0.9999426603317261|NORM=5.6548018619650975e-05
とか	O=0.999964714050293|NORM=3.4665823477553204e-05
やしろ	O=0.9852243661880493|NORM=0.014772179536521435
さん	O=0.9999098777770996|NORM=8.923703717300668e-05
とか	O=0.9999618530273438|NORM=3.744867353816517e-05
の	O=0.9994319081306458|NORM=0.000566598551813513
代っ	O=0.9999366998672485|NORM=6.250804290175438e-05
て	O=0.9999264478683472|NORM=7.292282680282369e-05
、	O=0.9999340772628784|NORM=6.500790186692029e-05
素性	O=0.9999681711196899|NORM=3.0799201340414584e-05
を	O=0.9999721050262451|NORM=2.7247109755990095e-05
明かさ	O=0.9999710321426392|NORM=2.8356536859064363e-05
ず	O=0.9999665021896362|NORM=3.2671847293386236e-05
に	O=0.9999555349349976|NORM=4.378934681881219e-05
芸名	O=0.9997583031654358|NORM=0.00024080743605736643
とか	O=0.9999328851699829|NORM=6.623904482694343e-05
フルネーム	O=0.9995006322860718|NORM=0.0004970467416569591
で	O=0.9999260902404785|NORM=7.295931573025882e-05
バレ	O=0.9998835325241089|NORM=0.00011509443720569834
て	NORM=0.9906212091445923|O=0.009365998208522797
て	O=0.9999481439590454|NORM=5.113858060212806e-05
も	O=0.999933123588562|NORM=6.625302921747789e-05
「	O=0.9113453030586243|NORM=0.08863481134176254
違い	O=0.9999608993530273|NORM=3.7988414987921715e-05
ます	O=0.999948263168335|NORM=5.125078314449638e-05
よ	NORM=0.9535284042358398|O=0.04644722491502762
」	O=0.9959147572517395|NORM=0.004082424566149712
と	O=0.9999583959579468|NORM=4.0739272662904114e-05
濁し	O=0.9997268319129944|NORM=0.0002718422911129892
ながら	O=0.9999653100967407|NORM=3.4199099900433794e-05
放送	O=0.999968409538269|NORM=3.087484583375044e-05
し	O=0.9999505281448364|NORM=4.893842924502678e-05
て	O=0.9998387098312378|NORM=0.00016065427917055786
たん	NORM=0.9946401715278625|O=0.005353436805307865
が	O=0.9999161958694458|NORM=8.313298167195171e-05
面白かっ	O=0.9983141422271729|NORM=0.001684399670921266
た	O=0.9999569654464722|NORM=4.265061943442561e-05
ん	NORM=0.9883140325546265|O=0.01164163090288639
です	O=0.9999732971191406|NORM=2.601614687591791e-05
よ	O=0.9999490976333618|NORM=4.9957248847931623e-05
ね	O=0.9999649524688721|NORM=3.426173498155549e-05
。	O=0.999954104423523|NORM=4.454908048501238e-05

やむを得ない	O=0.9999681711196899|NORM=3.1113464501686394e-05
事情	O=0.9999494552612305|NORM=4.925776011077687e-05
により	O=0.9999580383300781|NORM=4.116892159800045e-05
東京医大	O=0.9996069073677063|NORM=0.00039094165549613535
に	O=0.9999632835388184|NORM=3.608216138673015e-05
通っ	O=0.9999080896377563|NORM=9.124178905040026e-05
てる	NORM=0.9950220584869385|O=0.00497092492878437
私	O=0.9999556541442871|NORM=4.3093154090456665e-05
です	O=0.9999713897705078|NORM=2.793820203805808e-05
が	O=0.9999669790267944|NORM=3.2392235880251974e-05
、	O=0.9999614953994751|NORM=3.788102912949398e-05
今	O=0.9999678134918213|NORM=3.1566665711579844e-05
建設	O=0.9997144341468811|NORM=0.00028382279560901225
中	O=0.999962329864502|NORM=3.686258423840627e-05
の	O=0.9999558925628662|NORM=4.328629802330397e-05
新	O=0.9999662637710571|NORM=3.307055521872826e-05
棟	O=0.999964714050293|NORM=3.459332947386429e-05
の	O=0.99994957447052|NORM=4.9745845899451524e-05
前	O=0.9999426603317261|NORM=5.6338354625040665e-05
を	O=0.9999555349349976|NORM=4.396815347718075e-05
通っ	O=0.576281726360321|NORM=0.4237024486064911
たら	NORM=0.9342858791351318|O=0.06569927930831909
中	O=0.9999067783355713|NORM=9.203195077134296e-05
に	O=0.9999533891677856|NORM=4.6093115088297054e-05
タリーズ	NORM=0.9834976196289062|O=0.016488032415509224
の	O=0.9999570846557617|NORM=4.216475281282328e-05
看板	O=0.9999693632125854|NORM=2.9986691515659913e-05
が	O=0.9999735355377197|NORM=2.5961649953387678e-05
見え	O=0.999966025352478|NORM=3.34731703333091e-05
まし	O=0.9999706745147705|NORM=2.8727585231536068e-05
た	O=0.9999769926071167|NORM=2.2369282305589877e-05
。	O=0.9999562501907349|NORM=4.305243055569008e-05
薬	O=0.999961256980896|NORM=3.8141948607517406e-05
待ち	O=0.9999710321426392|NORM=2.8370441214065067e-05
の	O=0.9999593496322632|NORM=3.99193522753194e-05
時間	O=0.9999665021896362|NORM=3.291591565357521e-05
を	O=0.9999415874481201|NORM=5.772048461949453e-05
潰せ	O=0.99994957447052|NORM=4.9658683565212414e-05
そう	O=0.9999701976776123|NORM=2.9110115065122955e-05
です	O=0.9999704360961914|NORM=2.886981746996753e-05
。	O=0.999932050704956|NORM=6.682061211904511e-05

現場	O=0.9999161958694458|NORM=8.305547817144543e-05
は	O=0.9999310970306396|NORM=6.833200313849375e-05
苦手	O=0.9999687671661377|NORM=3.0474324375973083e-05
だっ	O=0.9999672174453735|NORM=3.224654574296437e-05
た	O=0.9999732971191406|NORM=2.6283585611963645e-05
ん	NORM=0.9941317439079285|O=0.005840699188411236
です	O=0.9999755620956421|NORM=2.363767816859763e-05
が	O=0.9999721050262451|NORM=2.707459861994721e-05
、	O=0.9999477863311768|NORM=5.0730053771985695e-05
最近	O=0.9999688863754272|NORM=3.001122604473494e-05
は	O=0.9999620914459229|NORM=3.732506957021542e-05
少し	O=0.9999407529830933|NORM=5.8384677686262876e-05
好き	O=0.9999526739120483|NORM=4.6359356929315254e-05
に	O=0.999971866607666|NORM=2.7482130462885834e-05
なり	O=0.9999692440032959|NORM=3.001123695867136e-05
まし	O=0.999971866607666|NORM=2.7433059585746378e-05
た	O=0.9999734163284302|NORM=2.5862775146379136e-05
！	O=0.9999555349349976|NORM=4.36926529800985e-05
やっぱり	NORM=0.9981814622879028|O=0.001812209957279265
作っ	O=0.9997581839561462|NORM=0.00024119009322021157
てる	NORM=0.9977838397026062|O=0.002209350001066923
感じ	O=0.9999523162841797|NORM=4.6508437662851065e-05
が	O=0.999968409538269|NORM=3.103482231381349e-05
し	O=0.9999485015869141|NORM=5.085559678263962e-05
て	O=0.9999510049819946|NORM=4.833902130485512e-05
楽しい	O=0.999970555305481|NORM=2.8620277589652687e-05
です	NORM=0.972746729850769|O=0.02702486701309681
少し	O=0.9999752044677734|NORM=2.409484841336962e-05
ずつ	O=0.9999713897705078|NORM=2.7925150789087638e-05
慣れ	O=0.9999645948410034|NORM=3.45469088642858e-05
て	O=0.9999711513519287|NORM=2.8385033147060312e-05
いけ	O=0.9999693632125854|NORM=3.0062485166126862e-05
たら	O=0.9999639987945557|NORM=3.53379909938667e-05
…	O=0.9999778270721436|NORM=2.1482843294506893e-05
。	O=0.9999659061431885|NORM=3.3114065445261076e-05

ホーム	O=0.9988151788711548|NORM=0.001182572916150093
じゃ	NORM=0.9989559650421143|O=0.001038903370499611
ねえや	NORM=0.9906654357910156|O=0.009329864755272865
プロフィール	O=0.9999642372131348|NORM=3.4750770282698795e-05
でし	O=0.9999701976776123|NORM=2.9142171115381643e-05
た	O=0.9999773502349854|NORM=2.1860985725652426e-05
。	O=0.9999654293060303|NORM=3.376304084667936e-05

電車	O=0.9999568462371826|NORM=4.234494917909615e-05
を	O=0.9999454021453857|NORM=5.408651486504823e-05
間違え	O=0.99993896484375|NORM=6.0155918617965654e-05
て	NORM=0.9868903160095215|O=0.013075344264507294
た	O=0.9999557733535767|NORM=4.366658686194569e-05
こと	O=0.9999603033065796|NORM=3.884155739797279e-05
に	O=0.9999698400497437|NORM=2.951274291262962e-05
気づき	O=0.999971866607666|NORM=2.7581352696870454e-05
ませ	O=0.9999704360961914|NORM=2.895523539336864e-05
ん	O=0.9999723434448242|NORM=2.7139698431710713e-05
でし	O=0.999977707862854|NORM=2.166486046917271e-05
た	O=0.9999816417694092|NORM=1.7807558833737858e-05
。	O=0.9999634027481079|NORM=3.5488763387547806e-05

みんな	O=0.9999642372131348|NORM=3.52327770087868e-05
合っ	O=0.9995896220207214|NORM=0.00040894499397836626
てる	NORM=0.9977107048034668|O=0.0022833053953945637
気	O=0.9999173879623413|NORM=8.161211007973179e-05
が	O=0.9999710321426392|NORM=2.843542279151734e-05
し	O=0.9999679327011108|NORM=3.1487357773585245e-05
て	O=0.9999685287475586|NORM=3.0829745810478926e-05
しまい	O=0.9999656677246094|NORM=3.354918590048328e-05
ます	O=0.9999494552612305|NORM=4.993411130271852e-05
□♡▽○	NORM=0.996306300163269|O=0.0036787178833037615

二	O=0.6273466944694519|NORM=0.372614324092865
徹	NORM=0.670534610748291|O=0.3294362723827362
まで	O=0.9999566078186035|NORM=4.264581002644263e-05
いけ	O=0.9999617338180542|NORM=3.768455280805938e-05
た	O=0.9999697208404541|NORM=2.977051553898491e-05
のに	O=0.999909520149231|NORM=8.932137279771268e-05
ー	NORM=0.9965242743492126|O=0.003467237576842308
。	O=0.5932496786117554|NORM=0.4067329168319702
若さ	O=0.9989979863166809|NORM=0.0009986688382923603
ー	NORM=0.9965193271636963|O=0.0034755696542561054
。	O=0.9997667670249939|NORM=0.00023088099260348827

ときのそら	O=0.9665064215660095|NORM=0.03348811715841293
の	O=0.999961256980896|NORM=3.8001322536729276e-05
ライブ	O=0.9999648332595825|NORM=3.4311167837586254e-05
の	O=0.9999581575393677|NORM=4.125129999010824e-05
DVD	O=0.9999395608901978|NORM=5.942331699770875e-05
だけ	O=0.9999533891677856|NORM=4.586125214700587e-05
は	O=0.999961256980896|NORM=3.825283420155756e-05
真面目	O=0.9999686479568481|NORM=3.0522136512445286e-05
に	O=0.9999656677246094|NORM=3.3706619433360174e-05
欲しい	O=0.9999178647994995|NORM=8.001783135114238e-05
な	O=0.9999552965164185|NORM=4.375009666546248e-05
と	O=0.9999709129333496|NORM=2.831794336088933e-05
思い	O=0.9999294281005859|NORM=6.993832357693464e-05
ます	O=0.9989551305770874|NORM=0.0010441513732075691
、	NORM=0.9966614246368408|O=0.003332582302391529
と	O=0.9999557733535767|NORM=4.3159991037100554e-05
いう	O=0.9996546506881714|NORM=0.0003437563427723944
より	O=0.9999500513076782|NORM=4.862141577177681e-05
も	O=0.9999566078186035|NORM=4.280520442989655e-05
、	O=0.999864935874939|NORM=0.00013414370187092572
よこし	O=0.9973067045211792|NORM=0.002691559726372361
なさい	O=0.999841570854187|NORM=0.00015761202666908503
、	NORM=0.9983218312263489|O=0.0016729660565033555

フォーナイン	O=0.9990695118904114|NORM=0.0009286848362535238
を	O=0.9999673366546631|NORM=3.210414433851838e-05
飲む	O=0.999947190284729|NORM=5.195534322410822e-05
機会	O=0.9999511241912842|NORM=4.8077017709147185e-05
が	O=0.9999500513076782|NORM=4.9466143536847085e-05
あっ	O=0.9987577199935913|NORM=0.001237609889358282
た	O=0.9999746084213257|NORM=2.4886016035452485e-05
のに	O=0.9999618530273438|NORM=3.727749935933389e-05
飲め	O=0.9996978044509888|NORM=0.00030099970172159374
なく	O=0.9999457597732544|NORM=5.356127076083794e-05
て	O=0.9999674558639526|NORM=3.1978499464457855e-05
「	O=0.9995954632759094|NORM=0.0004033070581499487
ああ	O=0.999602735042572|NORM=0.00039656093576923013
。	O=0.999883770942688|NORM=0.00011526286107255146
」	O=0.9996693134307861|NORM=0.0003299507952760905
て	NORM=0.8010123372077942|O=0.19897133111953735
なっ	O=0.9882026314735413|NORM=0.011793211102485657
てる	NORM=0.997649610042572|O=0.0023473859764635563
ので	O=0.9999090433120728|NORM=9.01400126167573e-05
、	O=0.9999567270278931|NORM=4.274883758625947e-05
早く	O=0.9999693632125854|NORM=3.0116232665022835e-05
飲む	O=0.999945878982544|NORM=5.348246850189753e-05
機会	O=0.9999582767486572|NORM=4.1085546399699524e-05
が	O=0.9999649524688721|NORM=3.463440225459635e-05
訪れ	O=0.9999141693115234|NORM=8.486702427035198e-05
て	O=0.9999585151672363|NORM=4.099831130588427e-05
ほしい	O=0.9999614953994751|NORM=3.770441981032491e-05
です	O=0.9999723434448242|NORM=2.7041704015573487e-05
。	O=0.9998763799667358|NORM=0.0001226930762641132
です	O=0.9998892545700073|NORM=0.00011024856939911842
が	O=0.9999467134475708|NORM=5.261695332592353e-05
、	O=0.9999575614929199|NORM=4.1701925511006266e-05
しばらく	O=0.9999667406082153|NORM=3.265113991801627e-05
来	O=0.9998028874397278|NORM=0.00019520006026141346
ない	O=0.9999603033065796|NORM=3.892577296937816e-05
でしょ	O=0.9999713897705078|NORM=2.800203401420731e-05
う	O=0.9999713897705078|NORM=2.808839599310886e-05
ね	O=0.9999724626541138|NORM=2.6944091587211005e-05
…	NORM=0.9887351393699646|O=0.011257017962634563
宅	NORM=0.9001332521438599|O=0.09983798116445541
飲み	O=0.596070408821106|NORM=0.40390822291374207
で	NORM=0.5050023198127747|O=0.49497172236442566
ない	O=0.9998985528945923|NORM=0.00010010949335992336
と	O=0.9999300241470337|NORM=6.90330343786627e-05
ダメ	O=0.999963641166687|NORM=3.5602333809947595e-05
です	O=0.9989750385284424|NORM=0.001024189405143261
もん	NORM=0.9983939528465271|O=0.0015986791113391519
ね	O=0.9999665021896362|NORM=3.2939278753474355e-05
…	NORM=0.9877561330795288|O=0.012236365117132664

結婚	O=0.9999608993530273|NORM=3.8519508962053806e-05
について	O=0.9999598264694214|NORM=3.9618913433514535e-05
の	O=0.9999115467071533|NORM=8.791889558779076e-05
ネタ	O=0.9999148845672607|NORM=8.432751201326028e-05
は	O=0.9998970031738281|NORM=0.00010252129141008481
避け	O=0.9999462366104126|NORM=5.3073727031005546e-05
たい	O=0.9999628067016602|NORM=3.653195017250255e-05
です	O=0.9999679327011108|NORM=3.1451581889996305e-05
が	O=0.9999659061431885|NORM=3.354500586283393e-05
、	O=0.9999567270278931|NORM=4.263605660526082e-05
攻め	O=0.9999397993087769|NORM=5.979027264402248e-05
て	O=0.9999285936355591|NORM=7.105088297976181e-05
み	O=0.9999474287033081|NORM=5.2050178055651486e-05
まし	O=0.9999675750732422|NORM=3.177737016812898e-05
た	O=0.999972939491272|NORM=2.6557005185168236e-05
。	O=0.9999229907989502|NORM=7.615701179020107e-05
どう	O=0.9999593496322632|NORM=4.01260367652867e-05
でも	O=0.99985671043396|NORM=0.00014270147948991507
いい	O=0.9999409914016724|NORM=5.8521825849311426e-05
ので	O=0.9998168349266052|NORM=0.00018273902242071927
宇宙	O=0.9999210834503174|NORM=7.831796392565593e-05
の	O=0.9999337196350098|NORM=6.576965097337961e-05
外	O=0.9998489618301392|NORM=0.0001503558160038665
で	O=0.999866247177124|NORM=0.0001332477986579761
やっ	O=0.9990150928497314|NORM=0.0009842765284702182
て	O=0.9999396800994873|NORM=5.992474689264782e-05
ほしい	O=0.9999657869338989|NORM=3.359420588822104e-05
です	O=0.9999710321426392|NORM=2.8289578040130436e-05
。	O=0.9999583959579468|NORM=4.072287993039936e-05

今日	O=0.9999635219573975|NORM=3.5867498809238896e-05
は	O=0.9999285936355591|NORM=7.087295671226457e-05
、	O=0.9999175071716309|NORM=8.185781916836277e-05
終電	O=0.9999701976776123|NORM=2.91788783215452e-05
を	O=0.999968409538269|NORM=3.117105734418146e-05
逃し	O=0.999964714050293|NORM=3.485401248326525e-05
た	O=0.9999723434448242|NORM=2.719636177062057e-05
子	O=0.996904194355011|NORM=0.003093104809522629
が	O=0.9999674558639526|NORM=3.208287671441212e-05
泊まっ	O=0.999900221824646|NORM=9.934140689438209e-05
て	NORM=0.7536278367042542|O=0.24631401896476746
く	O=0.8912135362625122|NORM=0.10877586156129837
そう	O=0.9998961687088013|NORM=0.00010322089656256139
です	NORM=0.9985692501068115|O=0.0014250143431127071

本格的	O=0.9999526739120483|NORM=4.6563352952944115e-05
に	O=0.9999681711196899|NORM=3.129871765850112e-05
副業	O=0.9999727010726929|NORM=2.6645890102372505e-05
を	O=0.9999760389328003|NORM=2.33635710173985e-05
始める	O=0.9999561309814453|NORM=4.276059189578518e-05
しか	O=0.9999644756317139|NORM=3.470382216619328e-05
ない	O=0.9999746084213257|NORM=2.4533141186111607e-05
です	O=0.9999767541885376|NORM=2.2479154722532257e-05
ね	O=0.9999724626541138|NORM=2.6850440917769447e-05
…	NORM=0.9744988679885864|O=0.025486765429377556
PS5	NORM=0.9328470826148987|O=0.0671057403087616
の	O=0.9999076128005981|NORM=9.128134115599096e-05
せい	O=0.999962568283081|NORM=3.6349145375424996e-05
で	O=0.999975323677063|NORM=2.3989223336684518e-05
お金がない	O=0.9999632835388184|NORM=3.612946966313757e-05
です	O=0.9999772310256958|NORM=2.2012949557392858e-05
よ	O=0.9999698400497437|NORM=2.937974568339996e-05
…	O=0.9998470544815063|NORM=0.00015116442227736115
。	O=0.9999438524246216|NORM=5.503381908056326e-05
韓国語	O=0.9999492168426514|NORM=4.9949252570513636e-05
の	O=0.9999605417251587|NORM=3.8847458199597895e-05
教師	O=0.9999698400497437|NORM=2.9399225240922533e-05
の	O=0.9999706745147705|NORM=2.8645619750022888e-05
経験	O=0.9999561309814453|NORM=4.287975389161147e-05
(	O=0.9999442100524902|NORM=5.466574293677695e-05
1年	O=0.9999769926071167|NORM=2.223653791588731e-05
)	O=0.9999529123306274|NORM=4.642533167498186e-05
あり	O=0.9999653100967407|NORM=3.39470716426149e-05
ます	O=0.9999740123748779|NORM=2.5359706341987476e-05
！	O=0.9999600648880005|NORM=3.914032276952639e-05
なので	O=0.9997976422309875|NORM=0.0002016680664382875
韓国語	O=0.9999581575393677|NORM=4.090078073204495e-05
を	O=0.999974250793457|NORM=2.5171864763251506e-05
教え	O=0.999972939491272|NORM=2.629518166941125e-05
ます	O=0.9999725818634033|NORM=2.668970773811452e-05
し	O=0.9999531507492065|NORM=4.622860797098838e-05
、	O=0.9999631643295288|NORM=3.617605034378357e-05
韓国	O=0.6414623260498047|NORM=0.3583543598651886
の	O=0.9999580383300781|NORM=4.097827331861481e-05
企業	O=0.9998292922973633|NORM=0.0001691154611762613
で	O=0.999962329864502|NORM=3.701985042425804e-05
働い	O=0.9998730421066284|NORM=0.00012634805170819163
て	NORM=0.9902582168579102|O=0.009723386727273464
た	O=0.9999538660049438|NORM=4.533843093668111e-05
ので	O=0.9999388456344604|NORM=5.997386688250117e-05
、	O=0.9999727010726929|NORM=2.6619476557243615e-05
翻訳	O=0.9999620914459229|NORM=3.676290361909196e-05
と	O=0.9999696016311646|NORM=2.9636807084898464e-05
通訳	O=0.9999650716781616|NORM=3.398370245122351e-05
が	O=0.9999768733978271|NORM=2.2593560061068274e-05
でき	O=0.9999771118164062|NORM=2.2098069166531786e-05
ます	O=0.9999746084213257|NORM=2.4674885935382918e-05
！	O=0.9999507665634155|NORM=4.854565122514032e-05
とある	NORM=0.9963569045066833|O=0.0036326057743281126
企業	O=0.9761566519737244|NORM=0.023833513259887695
で	O=0.9999690055847168|NORM=3.040077535843011e-05
コンテンツ	O=0.999964714050293|NORM=3.433820165810175e-05
ディレクター	O=0.9999614953994751|NORM=3.782907879212871e-05
を	O=0.9999697208404541|NORM=2.9753173294011503e-05
し	O=0.9999485015869141|NORM=5.0804555939976126e-05
てる	NORM=0.9953626394271851|O=0.00462444918230176
ので	O=0.9999333620071411|NORM=6.577163730980828e-05
、	O=0.9999580383300781|NORM=4.14131791330874e-05
文章	O=0.9999722242355347|NORM=2.7110207156511024e-05
が	O=0.999969482421875|NORM=3.0046379833947867e-05
書け	O=0.9999371767044067|NORM=6.229669088497758e-05
ます	O=0.9999716281890869|NORM=2.7758251235354692e-05
！	O=0.9999622106552124|NORM=3.708231815835461e-05
校正	O=0.9999676942825317|NORM=3.16330224450212e-05
も	O=0.999967098236084|NORM=3.2406918762717396e-05
でき	O=0.9999732971191406|NORM=2.600887637527194e-05
ます	O=0.9999713897705078|NORM=2.794784631987568e-05
！	O=0.9999629259109497|NORM=3.628795820986852e-05
SNS	O=0.9999302625656128|NORM=6.915390258654952e-05
の	O=0.9999566078186035|NORM=4.285328395781107e-05
運用	O=0.9999507665634155|NORM=4.8383237299276516e-05
も	O=0.9999686479568481|NORM=3.090056998189539e-05
でき	O=0.9999754428863525|NORM=2.3960279577295296e-05
ます	O=0.9999740123748779|NORM=2.5384118998772465e-05
！	O=0.9999349117279053|NORM=6.43793900962919e-05
誰か	O=0.9999661445617676|NORM=3.3273394365096465e-05
仕事	O=0.9999655485153198|NORM=3.372221181052737e-05
を	O=0.9999643564224243|NORM=3.50151167367585e-05
ください	O=0.9999632835388184|NORM=3.602982542361133e-05
！	O=0.999873161315918|NORM=0.00012637181498575956
！	O=0.9945618510246277|NORM=0.0054306513629853725

M2	NORM=0.9886264204978943|O=0.011295799165964127
の	O=0.9999492168426514|NORM=4.9942434998229146e-05
先輩	O=0.9999600648880005|NORM=3.90957466152031e-05
方	O=0.9999674558639526|NORM=3.1946674425853416e-05
が	O=0.9999728202819824|NORM=2.670173125807196e-05
「	O=0.9999599456787109|NORM=3.9098802517401055e-05
成果	O=0.9999687671661377|NORM=3.0193632483133115e-05
は	O=0.9999620914459229|NORM=3.735462814802304e-05
出	O=0.9998582601547241|NORM=0.00014011093298904598
ない	O=0.9998089671134949|NORM=0.00018869964696932584
もの	O=0.9999698400497437|NORM=2.9174027076805942e-05
です	NORM=0.8570788502693176|O=0.1409578174352646
」	O=0.9979033470153809|NORM=0.00209116842597723
と	O=0.9999645948410034|NORM=3.442551678745076e-05
言っ	O=0.9999428987503052|NORM=5.64463043701835e-05
て	O=0.9999676942825317|NORM=3.1893563573248684e-05
どっしり	O=0.9999713897705078|NORM=2.8197659048601054e-05
と	O=0.9999675750732422|NORM=3.201316576451063e-05
構え	O=0.9999512434005737|NORM=4.8325295210815966e-05
て	O=0.9999628067016602|NORM=3.6727120459545404e-05
研究	O=0.9999773502349854|NORM=2.1970334273646586e-05
し	O=0.9999743700027466|NORM=2.5170957087539136e-05
て	O=0.9999706745147705|NORM=2.8894059141748585e-05
ちまちま	NORM=0.9163039922714233|O=0.08361928910017014
成果	O=0.9999611377716064|NORM=3.799555997829884e-05
を	O=0.9999743700027466|NORM=2.5153247406706214e-05
あげ	O=0.9999611377716064|NORM=3.823547376669012e-05
て	O=0.9999775886535645|NORM=2.193387263105251e-05
いる	O=0.9999788999557495|NORM=2.057108395092655e-05
の	O=0.9999700784683228|NORM=2.914266769948881e-05
が	O=0.9999761581420898|NORM=2.3265121853910387e-05
格好いい	O=0.9999768733978271|NORM=2.248917007818818e-05
です	O=0.9999769926071167|NORM=2.2204621927812696e-05
。	O=0.9999696016311646|NORM=2.9533484848798253e-05

V	O=0.9989480376243591|NORM=0.0010482106590643525
研究室	O=0.9998130202293396|NORM=0.0001859998592408374
、	NORM=0.9933634996414185|O=0.006631731986999512
フットサル	O=0.9998608827590942|NORM=0.0001367255172226578
にて	O=0.9998743534088135|NORM=0.00012309200246818364
まさかの	O=0.9997033476829529|NORM=0.00029513725894503295
2敗	NORM=0.998069703578949|O=0.001921933377161622

働く	O=0.9999690055847168|NORM=3.0389152016141452e-05
こと	O=0.9999638795852661|NORM=3.5467637644615024e-05
が	O=0.9999604225158691|NORM=3.9115413528634235e-05
時間	O=0.9999734163284302|NORM=2.5870449462672696e-05
を	O=0.9999711513519287|NORM=2.8272592317080125e-05
消費	O=0.9999690055847168|NORM=3.041542186110746e-05
する	O=0.9999710321426392|NORM=2.8255013603484258e-05
こと	O=0.9999712705612183|NORM=2.790576581901405e-05
で	O=0.9999589920043945|NORM=3.989414108218625e-05
は	O=0.9999607801437378|NORM=3.842312071355991e-05
ない	O=0.9999566078186035|NORM=4.2413401388330385e-05
と	O=0.999967098236084|NORM=3.207331974408589e-05
する	O=0.9999665021896362|NORM=3.2381289202021435e-05
と	O=0.9999607801437378|NORM=3.828069748124108e-05
、	O=0.9999289512634277|NORM=7.03443874954246e-05
時間	O=0.9999667406082153|NORM=3.2392785215051845e-05
を	O=0.9999673366546631|NORM=3.2068615837488323e-05
消費	O=0.9999614953994751|NORM=3.781382110901177e-05
する	O=0.9999696016311646|NORM=2.9681155865546316e-05
こと	O=0.999969482421875|NORM=2.978885459015146e-05
で	O=0.9999675750732422|NORM=3.180771818733774e-05
得	O=0.9999507665634155|NORM=4.866324889007956e-05
られる	O=0.9999364614486694|NORM=6.280860543483868e-05
お金	O=0.9999651908874512|NORM=3.410737554077059e-05
が	O=0.9999394416809082|NORM=6.0045211284887046e-05
給料	O=0.9999479055404663|NORM=5.136306572239846e-05
です	O=0.9999743700027466|NORM=2.5018722226377577e-05
。	O=0.9999432563781738|NORM=5.580935612670146e-05
給料	O=0.9998987913131714|NORM=0.00010044805821962655
で	O=0.9999643564224243|NORM=3.5048560675932094e-05
物	O=0.9999539852142334|NORM=4.510765938903205e-05
を	O=0.9999706745147705|NORM=2.8778724299627356e-05
買う	O=0.9999617338180542|NORM=3.7597859773086384e-05
こと	O=0.999958872795105|NORM=4.0393970266450197e-05
は	O=0.9999486207962036|NORM=5.083092037239112e-05
、	O=0.9999266862869263|NORM=7.244773587444797e-05
自分	O=0.9999649524688721|NORM=3.4265784051967785e-05
の	O=0.9999555349349976|NORM=4.371962131699547e-05
時間	O=0.9999443292617798|NORM=5.4725995141780004e-05
、	O=0.8876393437385559|NORM=0.11231245845556259
もっと	O=0.9997885823249817|NORM=0.00021048208873253316
言え	O=0.9999415874481201|NORM=5.7820096117211506e-05
ば	O=0.9999489784240723|NORM=5.04481176903937e-05
自分	O=0.9999725818634033|NORM=2.6779402105603367e-05
の	O=0.9999688863754272|NORM=3.0471277568722144e-05
寿命	O=0.9999539852142334|NORM=4.5148331992095336e-05
で	O=0.9999638795852661|NORM=3.565820588846691e-05
物	O=0.9999523162841797|NORM=4.682687722379342e-05
を	O=0.9999712705612183|NORM=2.8143625968368724e-05
買っ	O=0.9999668598175049|NORM=3.25814398820512e-05
て	O=0.9999698400497437|NORM=2.9589225960080512e-05
いる	O=0.9999666213989258|NORM=3.281718454672955e-05
こと	O=0.9999619722366333|NORM=3.7269648601068184e-05
に	O=0.9999679327011108|NORM=3.151598502881825e-05
なる	O=0.9999704360961914|NORM=2.886609945562668e-05
の	O=0.9999691247940063|NORM=3.0203575079212897e-05
かも	O=0.9999722242355347|NORM=2.7172432965016924e-05
しれ	O=0.9999697208404541|NORM=2.9710810849792324e-05
ませ	O=0.9999693632125854|NORM=2.995393515448086e-05
ん	O=0.9999681711196899|NORM=3.116798689006828e-05
。	O=0.9998329877853394|NORM=0.00016551342559978366
だから	O=0.9999502897262573|NORM=4.8622034228174016e-05
、	O=0.9999608993530273|NORM=3.831057620118372e-05
本当に	O=0.9999637603759766|NORM=3.557064337655902e-05
大切なもの	O=0.9999603033065796|NORM=3.87535328627564e-05
や	O=0.9999356269836426|NORM=6.36231416137889e-05
大切なこと	O=0.9999481439590454|NORM=5.101636634208262e-05
に	O=0.9999624490737915|NORM=3.692993777804077e-05
お金	O=0.9999750852584839|NORM=2.4203409338952042e-05
を	O=0.9999673366546631|NORM=3.2094318157760426e-05
使う	O=0.9999450445175171|NORM=5.4316413297783583e-05
べき	O=0.9999446868896484|NORM=5.438668085844256e-05
な	O=0.9999608993530273|NORM=3.848102642223239e-05
ん	NORM=0.9904943704605103|O=0.009450561366975307
だ	O=0.9999449253082275|NORM=5.410929588833824e-05
と	O=0.9999731779098511|NORM=2.6040443117381074e-05
思い	O=0.9999551773071289|NORM=4.4216398237040266e-05
ます	O=0.9999654293060303|NORM=3.3962391171371564e-05
。	O=0.9999651908874512|NORM=3.3865970181068406e-05

今	O=0.9999279975891113|NORM=7.04116391716525e-05
から	O=0.9999445676803589|NORM=5.47547206224408e-05
京都	NORM=0.9657126665115356|O=0.033698901534080505
に	O=0.9999483823776245|NORM=5.087916724733077e-05
寄っ	O=0.9995840191841125|NORM=0.0004148735024500638
て	O=0.9999337196350098|NORM=6.58606004435569e-05
帰り	O=0.9998931884765625|NORM=0.00010571354505373165
ます	O=0.999950647354126|NORM=4.8505477025173604e-05
。	O=0.999951958656311|NORM=4.728549174615182e-05

いまさら	O=0.9999419450759888|NORM=5.747026079916395e-05
なぜ	O=0.9999580383300781|NORM=4.118682772968896e-05
6日	O=0.9999630451202393|NORM=3.6174009437672794e-05
も	O=0.9999450445175171|NORM=5.4435222409665585e-05
休日	O=0.9999192953109741|NORM=7.950192230055109e-05
な	O=0.9999639987945557|NORM=3.5249468055553734e-05
の	O=0.9999420642852783|NORM=5.682011033059098e-05
か	O=0.9999715089797974|NORM=2.780053182505071e-05
が	O=0.9999430179595947|NORM=5.6459666666341946e-05
やっと	O=0.9999688863754272|NORM=3.0551760573871434e-05
わかり	O=0.9999675750732422|NORM=3.17687627102714e-05
まし	O=0.9999650716781616|NORM=3.434640166233294e-05
た	O=0.9999690055847168|NORM=3.048055077670142e-05
(	O=0.9999667406082153|NORM=3.243185710744001e-05
笑	O=0.9999690055847168|NORM=2.9971868571010418e-05
)	O=0.999909520149231|NORM=8.921990229282528e-05
今日	O=0.9999628067016602|NORM=3.653368912637234e-05
は	O=0.9999562501907349|NORM=4.3282227125018835e-05
憲法	O=0.9999657869338989|NORM=3.346840458107181e-05
記念	O=0.9999693632125854|NORM=2.995710565301124e-05
日	O=0.9999692440032959|NORM=3.0030874768272042e-05
の	O=0.9999392032623291|NORM=6.0262387705734e-05
振替休日	O=0.9999529123306274|NORM=4.6409440983552486e-05
な	O=0.9999603033065796|NORM=3.910078521585092e-05
の	O=0.999955415725708|NORM=4.382920087664388e-05
です	O=0.9999737739562988|NORM=2.5565277610439807e-05
ね	O=0.9999697208404541|NORM=2.9661690859938972e-05
。	O=0.9999490976333618|NORM=4.980359153705649e-05
ずいぶん	O=0.9999728202819824|NORM=2.653447154443711e-05
と	O=0.9999582767486572|NORM=4.119665754842572e-05
先延ばし	O=0.9999707937240601|NORM=2.8669319362961687e-05
に	O=0.9999756813049316|NORM=2.3834729290683754e-05
なっ	O=0.9999697208404541|NORM=2.967861291836016e-05
て	O=0.9999712705612183|NORM=2.8188729629619047e-05
しまっ	O=0.9999665021896362|NORM=3.2793810532893986e-05
て	O=0.9999706745147705|NORM=2.8815029509132728e-05
いる	O=0.9998908042907715|NORM=0.00010821071191458032
が	O=0.9999728202819824|NORM=2.6436138796270825e-05
。	O=0.9999618530273438|NORM=3.696310523082502e-05

ファミチキ	NORM=0.9720945358276367|O=0.0278973076492548
が	O=0.9999727010726929|NORM=2.6720859750639647e-05
当たり	O=0.9999592304229736|NORM=3.9934155211085454e-05
ませ	O=0.9999730587005615|NORM=2.6445599360158667e-05
ん	O=0.9999730587005615|NORM=2.6421072107041255e-05
でし	O=0.9999760389328003|NORM=2.3303822672460228e-05
た	O=0.9999710321426392|NORM=2.845256676664576e-05
、	NORM=0.9981718063354492|O=0.0018218131735920906
残念	O=0.9999641180038452|NORM=3.494135307846591e-05
です	O=0.9997686743736267|NORM=0.00023067850270308554
、	NORM=0.9985787868499756|O=0.0014150693314149976
今度	O=0.9999558925628662|NORM=4.3554173316806555e-05
買お	O=0.999951958656311|NORM=4.747599450638518e-05
う	O=0.9999375343322754|NORM=6.191645661601797e-05
と	O=0.9999644756317139|NORM=3.484130866127089e-05
思い	O=0.9999489784240723|NORM=5.041522308601998e-05
ます	O=0.999845027923584|NORM=0.00015431134670507163
、	NORM=0.9987168312072754|O=0.0012777748052030802

ぶ	NORM=0.9952776432037354|O=0.004714754410088062
くま	NORM=0.9641215801239014|O=0.035868559032678604
する	O=0.9994827508926392|NORM=0.0005160972941666842
派	O=0.9999508857727051|NORM=4.862804780714214e-05
です	O=0.999975323677063|NORM=2.4110666345222853e-05
。	O=0.9999184608459473|NORM=8.081275882432237e-05
ぶ	NORM=0.9907349348068237|O=0.009251867420971394
くま	NORM=0.9566637873649597|O=0.0433226004242897
し	O=0.9995759129524231|NORM=0.0004235254309605807
て	O=0.9999222755432129|NORM=7.707554323133081e-05
書い	O=0.7383504509925842|NORM=0.2616351544857025
たら	O=0.7818677425384521|NORM=0.21812500059604645
消し	O=0.9999374151229858|NORM=6.19956263108179e-05
ます	O=0.9999681711196899|NORM=3.1290841434383765e-05
。	O=0.9999651908874512|NORM=3.4151900763390586e-05

ドコモ	O=0.7382388710975647|NORM=0.2617415189743042
しゃん	NORM=0.5339785218238831|O=0.46599358320236206
早く	O=0.9999328851699829|NORM=6.61853700876236e-05
値下げ	O=0.9999556541442871|NORM=4.347033973317593e-05
し	O=0.999962329864502|NORM=3.708670919877477e-05
て	O=0.9999568462371826|NORM=4.2572552047204226e-05
ください	O=0.99993896484375|NORM=6.032919554854743e-05
！	O=0.9990413784980774|NORM=0.0009573986171744764
！	O=0.9739059209823608|NORM=0.026088399812579155
！	NORM=0.8086509108543396|O=0.19133056700229645
！	NORM=0.8854984045028687|O=0.11448609828948975
という	O=0.9979668259620667|NORM=0.002029876923188567
か	O=0.9999041557312012|NORM=9.500093437964097e-05
、	O=0.9998682737350464|NORM=0.00013058983313385397
この	O=0.9999687671661377|NORM=3.06645488308277e-05
際	O=0.9999518394470215|NORM=4.753797111334279e-05
に	O=0.9999572038650513|NORM=4.207762685837224e-05
ドコモ	O=0.9971305727958679|NORM=0.0028663824778050184
から	O=0.9999676942825317|NORM=3.151354394503869e-05
脱出	O=0.9999704360961914|NORM=2.8935473892488517e-05
し	O=0.9999632835388184|NORM=3.606282552937046e-05
ます	O=0.9999538660049438|NORM=4.546871787169948e-05
？	O=0.9999715089797974|NORM=2.7876752938027494e-05
？	O=0.9999644756317139|NORM=3.464770270511508e-05
あり	O=0.9999681711196899|NORM=3.104531788267195e-05
です	O=0.9999756813049316|NORM=2.372813833062537e-05
ね	O=0.9999736547470093|NORM=2.5688204914331436e-05
。	O=0.9999593496322632|NORM=3.9754962926963344e-05

最近	O=0.9999555349349976|NORM=4.339900260674767e-05
は	O=0.9998970031738281|NORM=0.00010223376011708751
追い込ま	O=0.9953172206878662|NORM=0.004680559039115906
れ	O=0.9923121333122253|NORM=0.007681973744183779
てる	NORM=0.9961432814598083|O=0.0038487787824124098
ので	O=0.9999105930328369|NORM=8.839736256049946e-05
、	O=0.9999643564224243|NORM=3.491378083708696e-05
成長	O=0.999957799911499|NORM=4.117825665161945e-05
し	O=0.9997797608375549|NORM=0.00021926489716861397
てる	NORM=0.9962379932403564|O=0.003751456970348954
実感	O=0.9999312162399292|NORM=6.755330105079338e-05
が	O=0.9999740123748779|NORM=2.5360552172060125e-05
あり	O=0.999968409538269|NORM=3.0955568945501e-05
ます	O=0.999977707862854|NORM=2.1575458958977833e-05
。	O=0.9999614953994751|NORM=3.741075488505885e-05
悩む	O=0.9999657869338989|NORM=3.365519660292193e-05
暇	O=0.9999346733093262|NORM=6.432168447645381e-05
なく	O=0.9999730587005615|NORM=2.6361474738223478e-05
詰める	O=0.9999130964279175|NORM=8.506732410751283e-05
の	O=0.9999659061431885|NORM=3.323286000522785e-05
は	O=0.9999717473983765|NORM=2.7624731956166215e-05
あり	O=0.9999700784683228|NORM=2.92285876639653e-05
です	O=0.9999783039093018|NORM=2.1005265807616524e-05
ね	O=0.9999768733978271|NORM=2.2399846784537658e-05
。	O=0.9999691247940063|NORM=2.9863369491067715e-05

幸せ	O=0.9999184608459473|NORM=8.097901445580646e-05
は	O=0.9991887211799622|NORM=0.0008106989553198218
歩い	O=0.9993534684181213|NORM=0.0006459375726990402
て	O=0.9894528388977051|NORM=0.010545223951339722
こ	NORM=0.7115846276283264|O=0.28837302327156067
ない	O=0.9988411068916321|NORM=0.0011562507133930922
の	O=0.9999454021453857|NORM=5.383194366004318e-05
なら	O=0.9999395608901978|NORM=5.932094427407719e-05
、	O=0.9999557733535767|NORM=4.3613064917735755e-05
走っ	O=0.9999423027038574|NORM=5.7321449276059866e-05
て	O=0.9999496936798096|NORM=4.9851383664645255e-05
き	O=0.9999383687973022|NORM=6.111234688432887e-05
て	O=0.9999610185623169|NORM=3.851936344290152e-05
ほしい	O=0.9999599456787109|NORM=3.943910633097403e-05
です	O=0.9999731779098511|NORM=2.633411349961534e-05
。	O=0.999962329864502|NORM=3.687369462568313e-05

今週末	O=0.9999593496322632|NORM=3.970070247305557e-05
は	O=0.9999345541000366|NORM=6.47205306449905e-05
EFO	O=0.9971572160720825|NORM=0.002839601831510663
と	O=0.999887228012085|NORM=0.0001121704772231169
SGT	O=0.9994231462478638|NORM=0.000574346398934722
、	O=0.7301016449928284|NORM=0.2698783278465271
F2	O=0.7865279316902161|NORM=0.2133469432592392
、	O=0.9577119946479797|NORM=0.04228190332651138
F1	O=0.5161058902740479|NORM=0.48351967334747314
、	O=0.995633065700531|NORM=0.0043641370721161366
Indy500	NORM=0.5047000050544739|O=0.4952784478664398
が	O=0.9999551773071289|NORM=4.414750583237037e-05
ある	O=0.9998606443405151|NORM=0.00013760097499471158
ので	O=0.9999666213989258|NORM=3.249107612646185e-05
寝る	O=0.9999210834503174|NORM=7.84348594606854e-05
暇	O=0.9999655485153198|NORM=3.3817410439951345e-05
が	O=0.9999761581420898|NORM=2.321585088793654e-05
あり	O=0.9999748468399048|NORM=2.4606955776107498e-05
ませ	O=0.9999779462814331|NORM=2.146711813111324e-05
ん	O=0.9999794960021973|NORM=1.9837438230752014e-05
。	O=0.9999558925628662|NORM=4.2683695937739685e-05

クリスマス	O=0.9999557733535767|NORM=4.3090651161037385e-05
です	O=0.9999767541885376|NORM=2.2485928639071062e-05
ね	O=0.9999735355377197|NORM=2.5699204343254678e-05
。	O=0.9999382495880127|NORM=5.989158307784237e-05
本日	O=0.9999504089355469|NORM=4.851828271057457e-05
から	O=0.999972939491272|NORM=2.622311149025336e-05
通信	NORM=0.8929431438446045|O=0.10607851296663284
制限	O=0.9999532699584961|NORM=4.5400665840134025e-05
に	O=0.9999743700027466|NORM=2.4993467377498746e-05
なり	O=0.9999769926071167|NORM=2.2202060790732503e-05
まし	O=0.9999758005142212|NORM=2.3551458070869558e-05
た	O=0.999975323677063|NORM=2.388496432104148e-05
笑	O=0.999934196472168|NORM=6.449358625104651e-05

もう	O=0.9999651908874512|NORM=3.424442547839135e-05
3月	O=0.9999723434448242|NORM=2.6932733817375265e-05
に	O=0.9999717473983765|NORM=2.763066004263237e-05
なっ	O=0.9999657869338989|NORM=3.3646923839114606e-05
て	O=0.9999560117721558|NORM=4.3406267650425434e-05
しまい	O=0.9999666213989258|NORM=3.2672473025741056e-05
まし	O=0.9999676942825317|NORM=3.162382199661806e-05
た	O=0.9999748468399048|NORM=2.4536351702408865e-05
よ	O=0.9999685287475586|NORM=3.0686805985169485e-05
。	O=0.9999613761901855|NORM=3.77015421690885e-05
焦る	O=0.9998942613601685|NORM=0.00010487768304301426
くらい	O=0.9999339580535889|NORM=6.483824108727276e-05
なら	O=0.9999488592147827|NORM=5.049865649198182e-05
何かしら	O=0.9998953342437744|NORM=0.00010416847362648696
行動	O=0.9999656677246094|NORM=3.368207035236992e-05
し	O=0.9999692440032959|NORM=3.023859790118877e-05
て	O=0.999969482421875|NORM=3.000529068231117e-05
みる	O=0.9999464750289917|NORM=5.299776967149228e-05
て	NORM=0.9577746391296387|O=0.04208412021398544
こと	O=0.9999403953552246|NORM=5.901150143472478e-05
で	O=0.9999405145645142|NORM=5.880690150661394e-05
、	O=0.9999022483825684|NORM=9.706979471957311e-05
やっ	O=0.9985514283180237|NORM=0.0014473828487098217
て	O=0.9999498128890991|NORM=4.9698297516442835e-05
いこ	O=0.9999610185623169|NORM=3.847134576062672e-05
う	O=0.9999662637710571|NORM=3.318207382108085e-05
と	O=0.9999724626541138|NORM=2.6970546969096176e-05
思い	O=0.9999529123306274|NORM=4.64872682641726e-05
ます	O=0.9999641180038452|NORM=3.5269280488137156e-05
。	O=0.9999651908874512|NORM=3.3967568015214056e-05

ライトニング	O=0.9999405145645142|NORM=5.87843605899252e-05
ケーブル	O=0.9999444484710693|NORM=5.4532403737539425e-05
が	O=0.9999600648880005|NORM=3.9364967960864305e-05
断線	O=0.999966025352478|NORM=3.308158920845017e-05
し	O=0.9999693632125854|NORM=2.9918335712864064e-05
た	O=0.9999717473983765|NORM=2.763640441116877e-05
ので	O=0.9999198913574219|NORM=7.89215846452862e-05
Amazon	O=0.9998949766159058|NORM=0.00010294923413312063
で	O=0.9999682903289795|NORM=3.111147816525772e-05
やっ	O=0.7463891506195068|NORM=0.25360244512557983
すいの	O=0.975104570388794|NORM=0.024887828156352043
を	O=0.9999445676803589|NORM=5.448957745102234e-05
買っ	O=0.9986295700073242|NORM=0.0013671318301931024
たら	O=0.9987518787384033|NORM=0.0012467674678191543
、	O=0.9999603033065796|NORM=3.9085804019123316e-05
前	O=0.9999613761901855|NORM=3.725093847606331e-05
の	O=0.9999673366546631|NORM=3.1564486562274396e-05
より	O=0.9999746084213257|NORM=2.4532017050660215e-05
何	O=0.999976396560669|NORM=2.2919468392501585e-05
倍	O=0.9999755620956421|NORM=2.378119097556919e-05
も	O=0.9999768733978271|NORM=2.2531590730068274e-05
充電	O=0.9999630451202393|NORM=3.6004261346533895e-05
に	O=0.9999723434448242|NORM=2.716126800805796e-05
時間	O=0.999976396560669|NORM=2.299335756106302e-05
が	O=0.9999737739562988|NORM=2.5781322619877756e-05
かかる	O=0.9999507665634155|NORM=4.826429358217865e-05
よう	O=0.9999712705612183|NORM=2.8068900064681657e-05
に	O=0.9999778270721436|NORM=2.1629974071402103e-05
なり	O=0.9999802112579346|NORM=1.906592478917446e-05
まし	O=0.9999773502349854|NORM=2.1995618226355873e-05
た	O=0.9999812841415405|NORM=1.806441468943376e-05
。	O=0.99996018409729|NORM=3.9011651097098365e-05
ケーブル	O=0.9998579025268555|NORM=0.0001404289942001924
の	O=0.999927282333374|NORM=7.196987280622125e-05
品質	O=0.9999361038208008|NORM=6.261068483581766e-05
で	O=0.999944806098938|NORM=5.436993524199352e-05
充電時間	O=0.9999376535415649|NORM=6.147383828647435e-05
が	O=0.9999668598175049|NORM=3.249861401855014e-05
変わる	O=0.9999426603317261|NORM=5.604987745755352e-05
ん	NORM=0.9884244203567505|O=0.011557885445654392
です	O=0.9999785423278809|NORM=2.07035118364729e-05
ね	O=0.9999778270721436|NORM=2.151232365577016e-05
。	O=0.9999665021896362|NORM=3.280225791968405e-05

かなり	O=0.999972939491272|NORM=2.6315554350730963e-05
多く	O=0.9999697208404541|NORM=2.9548869861173443e-05
の	O=0.9999690055847168|NORM=3.034255678358022e-05
もの	O=0.9999686479568481|NORM=3.044408185814973e-05
を	O=0.9999690055847168|NORM=3.036093585251365e-05
宅配	O=0.9999535083770752|NORM=4.549716322799213e-05
し	O=0.9999276399612427|NORM=7.162903784774244e-05
てる	NORM=0.9961767196655273|O=0.003809274872764945
と	O=0.9999655485153198|NORM=3.358439789735712e-05
思い	O=0.9999562501907349|NORM=4.306951450416818e-05
ます	O=0.9999639987945557|NORM=3.536145595717244e-05
が	O=0.9999741315841675|NORM=2.5218909286195412e-05
、	O=0.9999637603759766|NORM=3.5417877370491624e-05
間違っ	O=0.9755158424377441|NORM=0.02448108233511448
たり	O=0.9997618794441223|NORM=0.00023742268967907876
は	O=0.9999622106552124|NORM=3.7310375773813576e-05
し	O=0.999957799911499|NORM=4.161004471825436e-05
ない	O=0.9999449253082275|NORM=5.404457260738127e-05
の	O=0.999975323677063|NORM=2.395065712335054e-05
でしょ	O=0.9999662637710571|NORM=3.3013267966452986e-05
う	O=0.9999712705612183|NORM=2.8044869395671412e-05
か	O=0.9999778270721436|NORM=2.1520081645576283e-05
？	O=0.9999505281448364|NORM=4.815655483980663e-05
自分	O=0.9999731779098511|NORM=2.6098148737219162e-05
は	O=0.999962329864502|NORM=3.698347063618712e-05
一	O=0.9999676942825317|NORM=3.1517331080976874e-05
度	O=0.9999717473983765|NORM=2.751907959464006e-05
も	O=0.9999682903289795|NORM=3.111183468718082e-05
間違え	O=0.999954342842102|NORM=4.476244794204831e-05
られ	O=0.9999568462371826|NORM=4.272748265066184e-05
た	O=0.9999717473983765|NORM=2.7814803615910932e-05
こと	O=0.9999619722366333|NORM=3.734094570972957e-05
は	O=0.9999520778656006|NORM=4.7260429710149765e-05
ありません	O=0.9999622106552124|NORM=3.703400579979643e-05
が	O=0.9999735355377197|NORM=2.573520760051906e-05
。	O=0.9999643564224243|NORM=3.4649448934942484e-05

色んな	O=0.9999710321426392|NORM=2.826711533998605e-05
こと	O=0.9999724626541138|NORM=2.6828196496353485e-05
で	O=0.9999686479568481|NORM=3.075158019782975e-05
混乱	O=0.9999651908874512|NORM=3.390995698282495e-05
し	O=0.9999464750289917|NORM=5.301111377775669e-05
てる	NORM=0.9930318593978882|O=0.006947983521968126
うち	O=0.9999544620513916|NORM=4.478760456549935e-05
に	O=0.9999606609344482|NORM=3.888156061293557e-05
絵	O=0.9999662637710571|NORM=3.296695649623871e-05
の	O=0.9999703168869019|NORM=2.9133281714166515e-05
仕上げ	O=0.9999656677246094|NORM=3.355450098752044e-05
に	O=0.9999698400497437|NORM=2.9607857868541032e-05
取りかかれ	O=0.9999572038650513|NORM=4.2058807594003156e-05
ず	O=0.9999649524688721|NORM=3.453515819273889e-05
、	O=0.9999599456787109|NORM=3.952208498958498e-05
投稿	O=0.999962568283081|NORM=3.6961475416319445e-05
する	O=0.9999629259109497|NORM=3.6515342799248174e-05
タイミング	O=0.9999678134918213|NORM=3.162198845529929e-05
を	O=0.9999692440032959|NORM=3.0278997655841522e-05
逃し	O=0.999972939491272|NORM=2.659420897543896e-05
まし	O=0.9999735355377197|NORM=2.5945910238078795e-05
た	O=0.999977707862854|NORM=2.1741818272857927e-05
が	O=0.9999727010726929|NORM=2.6603158403304406e-05
、	O=0.99993896484375|NORM=5.983373921480961e-05
まあ	O=0.9998927116394043|NORM=0.00010636313527356833
俺	O=0.9999645948410034|NORM=3.4777676773956046e-05
の	O=0.9999620914459229|NORM=3.733432458830066e-05
やる	O=0.9999525547027588|NORM=4.6756515075685456e-05
こと	O=0.9999545812606812|NORM=4.479175913729705e-05
なんて	O=0.9960248470306396|NORM=0.003970557823777199
そんな	O=0.9999481439590454|NORM=5.095169763080776e-05
もの	O=0.9999693632125854|NORM=2.979291275551077e-05
です	O=0.9999692440032959|NORM=3.0092513043200597e-05
。	O=0.9999661445617676|NORM=3.292381370556541e-05

ドミノピザ	O=0.9999599456787109|NORM=3.9312704757321626e-05
で	O=0.9999632835388184|NORM=3.61851962225046e-05
注文	O=0.9999653100967407|NORM=3.4052092814818025e-05
する	O=0.9997667670249939|NORM=0.00023188081104308367
と	O=0.9998843669891357|NORM=0.00011471253674244508
配達員	O=0.9999366998672485|NORM=6.261430826270953e-05
が	O=0.9999467134475708|NORM=5.2770374168176204e-05
今	O=0.9999690055847168|NORM=3.0256129321060143e-05
どこ	O=0.9999678134918213|NORM=3.135131919407286e-05
に	O=0.9999754428863525|NORM=2.40414883592166e-05
居る	O=0.999457061290741|NORM=0.0005379726644605398
の	O=0.9997116923332214|NORM=0.0002858811349142343
か	O=0.9999643564224243|NORM=3.501117680571042e-05
わかる	O=0.9998936653137207|NORM=0.0001051357903634198
の	O=0.9999595880508423|NORM=3.9571928937220946e-05
です	O=0.9999736547470093|NORM=2.5662200641818345e-05
が	O=0.9999697208404541|NORM=2.94233705062652e-05
、	O=0.9999699592590332|NORM=2.928877256636042e-05
ものすごく	O=0.9999315738677979|NORM=6.76508789183572e-05
大回り	O=0.9999643564224243|NORM=3.490709059406072e-05
し	O=0.9999475479125977|NORM=5.196368874749169e-05
てる	NORM=0.9986565113067627|O=0.0013393654953688383
ので	O=0.9998975992202759|NORM=0.00010117109923157841
ハラハラ	O=0.9999778270721436|NORM=2.1580070097115822e-05
し	O=0.999977707862854|NORM=2.171852429455612e-05
て	O=0.9999765157699585|NORM=2.286111885041464e-05
い	O=0.9999790191650391|NORM=2.033759119512979e-05
ます	O=0.9999781847000122|NORM=2.104135273839347e-05
。	O=0.9999446868896484|NORM=5.428025178844109e-05
あ	O=0.9999277591705322|NORM=7.156738138291985e-05
、	O=0.9999678134918213|NORM=3.142633431707509e-05
あと	O=0.9999648332595825|NORM=3.440408909227699e-05
2分	O=0.9999783039093018|NORM=2.0927742298226804e-05
が	O=0.9999105930328369|NORM=8.845343836583197e-05
3分	O=0.9999767541885376|NORM=2.21854388655629e-05
に	O=0.9999678134918213|NORM=3.136112718493678e-05
延び	O=0.9999743700027466|NORM=2.501163908164017e-05
まし	O=0.999976396560669|NORM=2.296011552971322e-05
た	O=0.999976396560669|NORM=2.2941598217585124e-05
…	O=0.9997029900550842|NORM=0.00029375366284511983
…	NORM=0.998684823513031|O=0.0013069271808490157

ストレス	O=0.999947190284729|NORM=5.1076051022391766e-05
による	O=0.9999377727508545|NORM=6.142134225228801e-05
吹き出物	O=0.9907124638557434|NORM=0.009280173107981682
が	O=0.9999570846557617|NORM=4.216696470393799e-05
ヤバい	O=0.999976634979248|NORM=2.284081347170286e-05
です	O=0.9999710321426392|NORM=2.828054130077362e-05
…	O=0.9999561309814453|NORM=4.275671744835563e-05
。	O=0.999601423740387|NORM=0.00039682199712842703
以前	O=0.9999324083328247|NORM=6.657251651631668e-05
、	O=0.9997318387031555|NORM=0.0002671675174497068
３８歳	O=0.9999535083770752|NORM=4.5544606109615415e-05
（	O=0.9998999834060669|NORM=9.892691014101729e-05
当時	O=0.9999582767486572|NORM=4.108182110940106e-05
）	O=0.9998494386672974|NORM=0.00014943929272703826
の	O=0.9999344348907471|NORM=6.485225458163768e-05
おじさん	O=0.9999481439590454|NORM=5.1108887419104576e-05
の	O=0.9999041557312012|NORM=9.506936476100236e-05
吹き出物	O=0.9978253841400146|NORM=0.002168194856494665
を	O=0.999948263168335|NORM=5.093154322821647e-05
からかっ	O=0.99994957447052|NORM=4.9861551815411076e-05
た	O=0.9999579191207886|NORM=4.1372513805981725e-05
こと	O=0.9999462366104126|NORM=5.2729254093719646e-05
を	O=0.9999542236328125|NORM=4.497627014643513e-05
反省	O=0.9999547004699707|NORM=4.430497210705653e-05
し	O=0.9999079704284668|NORM=9.14397751330398e-05
ます	NORM=0.9597449898719788|O=0.039927609264850616
再来週	O=0.999974250793457|NORM=2.5095474484260194e-05
まで	O=0.999972939491272|NORM=2.6540748876868747e-05
に	O=0.9999699592590332|NORM=2.954586125269998e-05
美肌	O=0.9999595880508423|NORM=3.980660403613001e-05
を	O=0.9999635219573975|NORM=3.592134817154147e-05
取り戻さ	O=0.9999418258666992|NORM=5.7629797083791345e-05
なけれ	O=0.9999349117279053|NORM=6.453233072534204e-05
ば	O=0.9999704360961914|NORM=2.9104709028615616e-05
なり	O=0.9999741315841675|NORM=2.5295796149293892e-05
ませ	O=0.9999649524688721|NORM=3.448398638283834e-05
ん	O=0.9999665021896362|NORM=3.292153633083217e-05
…	O=0.9999725818634033|NORM=2.668535671546124e-05
。	O=0.999962329864502|NORM=3.688174911076203e-05

うおお	NORM=0.9290034770965576|O=0.07097310572862625
、	O=0.9999326467514038|NORM=6.664990360150114e-05
大	O=0.9999067783355713|NORM=9.218505874741822e-05
感謝	O=0.9999358654022217|NORM=6.330504402285442e-05
際	O=0.996631920337677|NORM=0.0033636759035289288
を	O=0.9981303811073303|NORM=0.0018682773225009441
やっ	NORM=0.862219512462616|O=0.13776807487010956
たら	NORM=0.6672394275665283|O=0.3327503502368927
3	O=0.9999730587005615|NORM=2.6266388886142522e-05
冊	O=0.9999743700027466|NORM=2.4902416043914855e-05
？	O=0.9999535083770752|NORM=4.5756147301290184e-05
4	O=0.9999619722366333|NORM=3.7389796489151195e-05
冊	O=0.9999600648880005|NORM=3.883676981786266e-05
？	O=0.9999744892120361|NORM=2.4727980417083018e-05
売れ	O=0.9999785423278809|NORM=2.076019336527679e-05
まし	O=0.9999762773513794|NORM=2.3111917471396737e-05
た	O=0.9999785423278809|NORM=2.0919069356750697e-05
！	O=0.9999743700027466|NORM=2.4759881853242405e-05
ありがとう	O=0.9999629259109497|NORM=3.639608985395171e-05
ござい	O=0.9998165965080261|NORM=0.00018284043471794575
ます	O=0.9999698400497437|NORM=2.9556174922618084e-05
！	O=0.9999710321426392|NORM=2.8211314202053472e-05

鹿児島	NORM=0.5864992141723633|O=0.41345852613449097
の	O=0.9999483823776245|NORM=5.0854618166340515e-05
皆さん	O=0.9999525547027588|NORM=4.642345811589621e-05
…	O=0.9977154731750488|NORM=0.002282933797687292
余力	O=0.9999711513519287|NORM=2.8112908694311045e-05
が	O=0.9999738931655884|NORM=2.5575889594620094e-05
あり	O=0.9999716281890869|NORM=2.7834385036840104e-05
まし	O=0.9999465942382812|NORM=5.289794717100449e-05
たら	NORM=0.7248802185058594|O=0.2751108407974243
礎	O=0.9998723268508911|NORM=0.00012645404785871506
という	O=0.9999700784683228|NORM=2.9313339837244712e-05
お	O=0.999873161315918|NORM=0.00012597569730132818
店	O=0.9999210834503174|NORM=7.769722287775949e-05
の	O=0.9999579191207886|NORM=4.160152093390934e-05
写真	O=0.9999699592590332|NORM=2.937333374575246e-05
を	O=0.9999725818634033|NORM=2.691592089831829e-05
撮っ	O=0.9999657869338989|NORM=3.367683893884532e-05
て	O=0.9999715089797974|NORM=2.793471321638208e-05
い	O=0.9999715089797974|NORM=2.7987647627014667e-05
た	O=0.9999755620956421|NORM=2.3922837499412708e-05
だけ	O=0.999962568283081|NORM=3.6893365177093074e-05
ませ	O=0.9999679327011108|NORM=3.148798714391887e-05
ん	O=0.9999723434448242|NORM=2.706206032598857e-05
か	O=0.9999761581420898|NORM=2.3214744942379184e-05
…	O=0.9999653100967407|NORM=3.4037482691928744e-05
。	O=0.9999483823776245|NORM=5.080406117485836e-05
キョロキョロ	O=0.9943640232086182|NORM=0.005630015395581722

味	O=0.9999407529830933|NORM=5.777655678684823e-05
は	O=0.9999184608459473|NORM=8.094111399259418e-05
そんなに	O=0.9998430013656616|NORM=0.00015485042240470648
美味しく	O=0.9999321699142456|NORM=6.725369166815653e-05
ない	O=0.9990467429161072|NORM=0.0009496433776803315
って	NORM=0.9869509339332581|O=0.012994218617677689
言っ	O=0.9995750784873962|NORM=0.0004224863077979535
て	O=0.9999628067016602|NORM=3.6641755286837e-05
、	O=0.9999510049819946|NORM=4.829501631320454e-05
ストロング	O=0.9987643957138062|NORM=0.0012340458342805505
を	O=0.9999673366546631|NORM=3.215942342649214e-05
飲む	O=0.9999302625656128|NORM=6.837705586804077e-05
うち	O=0.9999674558639526|NORM=3.1810079235583544e-05
の	O=0.9999624490737915|NORM=3.6884634027956054e-05
夫	O=0.9999403953552246|NORM=5.856640200363472e-05
でしょ	O=0.9999710321426392|NORM=2.8313599614193663e-05
う	O=0.9999662637710571|NORM=3.3146778150694445e-05
か	O=0.9999755620956421|NORM=2.3801565475878306e-05
？	O=0.9999700784683228|NORM=2.9244007237139158e-05

僕	O=0.9999580383300781|NORM=4.1050483559956774e-05
は	O=0.9999709129333496|NORM=2.853446676454041e-05
多分	O=0.9999715089797974|NORM=2.7746680643758737e-05
、	O=0.9999312162399292|NORM=6.82046520523727e-05
躁鬱病	O=0.999854564666748|NORM=0.0001445442030671984
だ	O=0.9999687671661377|NORM=3.05096273223171e-05
と	O=0.9999750852584839|NORM=2.420772761979606e-05
思い	O=0.999957799911499|NORM=4.151772373006679e-05
ます	O=0.9999701976776123|NORM=2.9179016564739868e-05
。	O=0.9999642372131348|NORM=3.4847678762162104e-05
感情	O=0.9999680519104004|NORM=3.12109368678648e-05
の	O=0.9999573230743408|NORM=4.2111234506592155e-05
起伏	O=0.9998931884765625|NORM=0.0001053072337526828
が	O=0.9999752044677734|NORM=2.4290615328936838e-05
激し	O=0.9999724626541138|NORM=2.691060581128113e-05
すぎる	O=0.9999552965164185|NORM=4.4095377234043553e-05
とき	O=0.9999758005142212|NORM=2.359234895266127e-05
が	O=0.9999781847000122|NORM=2.1206624296610244e-05
あり	O=0.999976634979248|NORM=2.2755322788725607e-05
ます	O=0.9999752044677734|NORM=2.4117125576594844e-05
。	O=0.9999594688415527|NORM=3.9739461499266326e-05
調子	O=0.9999727010726929|NORM=2.6584541046759114e-05
が	O=0.999968409538269|NORM=3.106081567239016e-05
いい	O=0.9999517202377319|NORM=4.7624631406506523e-05
とき	O=0.9999650716781616|NORM=3.425591785344295e-05
は	O=0.9999542236328125|NORM=4.529699799604714e-05
とことん	NORM=0.9665082097053528|O=0.03348222002387047
ポジティブ	O=0.9998805522918701|NORM=0.00011807082773884758
です	O=0.9999725818634033|NORM=2.6807560061570257e-05
が	O=0.9999709129333496|NORM=2.8174688850413077e-05
、	O=0.9999687671661377|NORM=3.0444229196291417e-05
調子	O=0.9999703168869019|NORM=2.8948938052053563e-05
が	O=0.9999681711196899|NORM=3.127923628198914e-05
悪い	O=0.9999614953994751|NORM=3.774748620344326e-05
とき	O=0.9999589920043945|NORM=4.019411790068261e-05
は	O=0.9999512434005737|NORM=4.821178299607709e-05
とことん	NORM=0.8707165122032166|O=0.12927167117595673
ネガティブ	O=0.9999566078186035|NORM=4.25577636633534e-05
という	O=0.999946117401123|NORM=5.3025258239358664e-05
極端	O=0.9999023675918579|NORM=9.558237070450559e-05
な	O=0.9999715089797974|NORM=2.787119592539966e-05
性格	O=0.9999234676361084|NORM=7.518649363191798e-05
です	O=0.9999667406082153|NORM=3.26814224536065e-05
。	O=0.9999563694000244|NORM=4.2713731090771034e-05
それ	O=0.9999531507492065|NORM=4.594476558850147e-05
を	O=0.9999035596847534|NORM=9.581877384334803e-05
治す	O=0.9999063014984131|NORM=9.310626774094999e-05
べき	O=0.9996854066848755|NORM=0.0003117556916549802
なのか	O=0.9998358488082886|NORM=0.00016301717550959438
、	O=0.9998390674591064|NORM=0.00016024289652705193
治さ	O=0.9351645112037659|NORM=0.06482177972793579
ない	O=0.9972009658813477|NORM=0.002795275067910552
方	O=0.9999164342880249|NORM=8.275672007584944e-05
が	O=0.9999442100524902|NORM=5.527452958631329e-05
うまく	O=0.9999489784240723|NORM=5.066006269771606e-05
いく	O=0.9999319314956665|NORM=6.76074341754429e-05
の	O=0.9998226761817932|NORM=0.00017638267308939248
か	O=0.9999171495437622|NORM=8.236443682108074e-05
、	O=0.9998328685760498|NORM=0.00016582182433921844
それ	O=0.9999699592590332|NORM=2.935440352302976e-05
が	O=0.999954104423523|NORM=4.538477514870465e-05
よく	O=0.9999583959579468|NORM=4.109597284696065e-05
分かり	O=0.9999603033065796|NORM=3.917334834113717e-05
ませ	O=0.999933123588562|NORM=6.648360431427136e-05
ん	O=0.999961256980896|NORM=3.8276808481896296e-05
。	O=0.9999301433563232|NORM=6.863798626000062e-05
1回	O=0.9999709129333496|NORM=2.844228220055811e-05
だけ	O=0.9999634027481079|NORM=3.608925180742517e-05
でも	O=0.9999592304229736|NORM=4.0270057070301846e-05
医者	O=0.999972939491272|NORM=2.6463687390787527e-05
に	O=0.9999616146087646|NORM=3.790911068790592e-05
行く	O=0.9998958110809326|NORM=0.00010354216647101566
べき	O=0.9999055862426758|NORM=9.38146113185212e-05
な	O=0.9999666213989258|NORM=3.279171869507991e-05
の	O=0.9999594688415527|NORM=3.9920156268635765e-05
でしょ	O=0.9999586343765259|NORM=4.0772356442175806e-05
う	O=0.9999611377716064|NORM=3.823722363449633e-05
か	O=0.9999691247940063|NORM=3.0231818527681753e-05
…	O=0.9999325275421143|NORM=6.67249332764186e-05
？	O=0.9999568462371826|NORM=4.2334006138844416e-05

もうすぐ	O=0.9999617338180542|NORM=3.748036397155374e-05
５月	O=0.9999598264694214|NORM=3.908354483428411e-05
です	O=0.9999487400054932|NORM=5.049879109719768e-05
が	O=0.9999603033065796|NORM=3.8841779314680025e-05
、	O=0.9999442100524902|NORM=5.481729385792278e-05
夜	O=0.9999039173126221|NORM=9.480604785494506e-05
は	O=0.9999618530273438|NORM=3.754680074052885e-05
まだ	O=0.9999512434005737|NORM=4.813152554561384e-05
寒い	O=0.9999159574508667|NORM=8.230371895479038e-05
です	O=0.9999744892120361|NORM=2.478081478329841e-05
ね	O=0.9999737739562988|NORM=2.560754001024179e-05
。	O=0.9999531507492065|NORM=4.596562939696014e-05
今年	O=0.999972939491272|NORM=2.63470192294335e-05
は	O=0.9999591112136841|NORM=4.039043778902851e-05
エルニーニョ現象	O=0.999535322189331|NORM=0.00046263571130111814
の	O=0.9999262094497681|NORM=7.308119529625401e-05
影響	O=0.9999078512191772|NORM=9.037782001541927e-05
で	O=0.9999679327011108|NORM=3.14345488732215e-05
冷夏	O=0.9999455213546753|NORM=5.381475784815848e-05
に	O=0.9999746084213257|NORM=2.4769429728621617e-05
なる	O=0.9999673366546631|NORM=3.193253724020906e-05
っていう	NORM=0.9952545166015625|O=0.004737351089715958
噂	O=0.999897837638855|NORM=0.00010087640839628875
です	O=0.9999661445617676|NORM=3.332582855364308e-05
。	O=0.9999594688415527|NORM=3.983052010880783e-05
人の噂も七十五日	O=0.9999734163284302|NORM=2.588258939795196e-05
と	O=0.9999649524688721|NORM=3.419761924305931e-05
言い	O=0.9999643564224243|NORM=3.483984255581163e-05
ます	O=0.9999663829803467|NORM=3.294093767181039e-05
が	O=0.9999722242355347|NORM=2.7022184440284036e-05
、	O=0.9999300241470337|NORM=6.876567931612954e-05
今日	O=0.9999725818634033|NORM=2.6554285796009935e-05
から	O=0.9999682903289795|NORM=3.09367933368776e-05
75日	O=0.9999717473983765|NORM=2.7602794943959452e-05
後	O=0.9999532699584961|NORM=4.581478060572408e-05
と	O=0.9999644756317139|NORM=3.466191265033558e-05
いえ	O=0.999962568283081|NORM=3.692201789817773e-05
ば	O=0.9999639987945557|NORM=3.537596057867631e-05
、	O=0.9999589920043945|NORM=4.039944906253368e-05
もう	O=0.99996018409729|NORM=3.923776239389554e-05
梅雨	O=0.9999532699584961|NORM=4.5950473577249795e-05
も	O=0.9999098777770996|NORM=8.962483843788505e-05
明け	O=0.9999476671218872|NORM=5.1800463552353904e-05
て	O=0.9999579191207886|NORM=4.143474870943464e-05
初夏	O=0.9999568462371826|NORM=4.2398653022246435e-05
ぐらい	O=0.9540418982505798|NORM=0.04594463109970093
じゃ	NORM=0.9962071180343628|O=0.0037781945429742336
ない	O=0.999882698059082|NORM=0.00011567446199478582
でしょ	O=0.9999700784683228|NORM=2.9299391826498322e-05
う	O=0.9999688863754272|NORM=3.049555016332306e-05
か	O=0.999974250793457|NORM=2.5157922209473327e-05
？	O=0.9998892545700073|NORM=0.00010974222095683217
どう	O=0.9999376535415649|NORM=6.169502012198791e-05
なっ	O=0.9998127818107605|NORM=0.00018618348985910416
てる	NORM=0.9603828191757202|O=0.039609700441360474
の	O=0.9999707937240601|NORM=2.8539905542857014e-05
でしょ	O=0.9999719858169556|NORM=2.7381831387174316e-05
う	O=0.9999618530273438|NORM=3.743421257240698e-05
ね	O=0.9999653100967407|NORM=3.404719245736487e-05
。	O=0.9998713731765747|NORM=0.0001262629230041057

「	O=0.9999300241470337|NORM=6.928168295416981e-05
春琴抄	O=0.9999464750289917|NORM=5.292211062624119e-05
」	O=0.9999438524246216|NORM=5.554580639000051e-05
を	O=0.9999746084213257|NORM=2.4903631128836423e-05
読み	O=0.9999282360076904|NORM=7.108189311111346e-05
終え	O=0.9999703168869019|NORM=2.920112274296116e-05
まし	O=0.9999738931655884|NORM=2.552123805799056e-05
た	O=0.999980092048645|NORM=1.92843763215933e-05
。	O=0.9998934268951416|NORM=0.00010564766853349283
ううん	O=0.7497580051422119|NORM=0.2502073049545288
、	O=0.9999206066131592|NORM=7.867882959544659e-05
これ	O=0.9999666213989258|NORM=3.254221155657433e-05
が	O=0.9999696016311646|NORM=2.976932046294678e-05
書ける	O=0.999842643737793|NORM=0.0001569414307596162
語彙量	O=0.9999731779098511|NORM=2.593568387965206e-05
に	O=0.9999672174453735|NORM=3.2224201277131215e-05
圧倒	O=0.9999750852584839|NORM=2.4242683139164e-05
さ	O=0.9999630451202393|NORM=3.639668648247607e-05
れ	O=0.9999704360961914|NORM=2.8969874620088376e-05
まし	O=0.9999737739562988|NORM=2.5500969059066847e-05
た	O=0.9999797344207764|NORM=1.9631308532552794e-05
。	O=0.9999681711196899|NORM=3.095512147410773e-05

あと	O=0.9999707937240601|NORM=2.8581931474036537e-05
二	O=0.9999345541000366|NORM=6.435751129174605e-05
年間	O=0.9999681711196899|NORM=3.107855809503235e-05
先生	O=0.9999004602432251|NORM=9.794250217964873e-05
が	O=0.9999688863754272|NORM=3.0588260415242985e-05
残っ	O=0.9999465942382812|NORM=5.2649422286776826e-05
て	O=0.999963641166687|NORM=3.5822416975861415e-05
くれ	O=0.9998515844345093|NORM=0.00014759889745619148
たら	O=0.9987919926643372|NORM=0.001206227927468717
ゴールデンウィーク	O=0.999962568283081|NORM=3.670991645776667e-05
が	O=0.9999444484710693|NORM=5.508846152224578e-05
あと	O=0.9999661445617676|NORM=3.326990190544166e-05
2年	O=0.9999731779098511|NORM=2.622034116939176e-05
続い	O=0.9985671043395996|NORM=0.001431410200893879
た	O=0.9999666213989258|NORM=3.275780181866139e-05
のに	O=0.9999668598175049|NORM=3.2375184673583135e-05
って	NORM=0.991058349609375|O=0.00892074964940548
こと	O=0.9999626874923706|NORM=3.6699737393064424e-05
しか	O=0.9999673366546631|NORM=3.2061798265203834e-05
考え	O=0.9999743700027466|NORM=2.501564631529618e-05
て	O=0.9999744892120361|NORM=2.487721030774992e-05
い	O=0.9999755620956421|NORM=2.3826183678465895e-05
ませ	O=0.9999748468399048|NORM=2.4514154574717395e-05
ん	O=0.9999735355377197|NORM=2.5848134100669995e-05
。	O=0.9999674558639526|NORM=3.157752871629782e-05

ハリーポッター	O=0.9715427160263062|NORM=0.028449637815356255
が	O=0.9999486207962036|NORM=5.065342702437192e-05
懐かしい	O=0.999933123588562|NORM=6.620596832362935e-05
です	O=0.9999637603759766|NORM=3.570914486772381e-05
…	NORM=0.9984408020973206|O=0.0015510846860706806

私	O=0.9999728202819824|NORM=2.6129569960176013e-05
は	O=0.9999659061431885|NORM=3.35658696712926e-05
頑張る	O=0.9998792409896851|NORM=0.00012000746210105717
の	O=0.9994996786117554|NORM=0.0004988960572518408
だ	NORM=0.9757451415061951|O=0.024200547486543655
。	O=0.9999649524688721|NORM=3.387122706044465e-05

お菓子	O=0.9999474287033081|NORM=5.1615526899695396e-05
総選挙	O=0.9999313354492188|NORM=6.79821168887429e-05
、	NORM=0.9923107624053955|O=0.007670187391340733
じゃがりこ	O=0.999816358089447|NORM=0.0001831229164963588
が	O=0.9999610185623169|NORM=3.843276499537751e-05
1位	O=0.9999567270278931|NORM=4.218706089886837e-05
という	O=0.999936580657959|NORM=6.17874538875185e-05
結果	O=0.9999408721923828|NORM=5.760392377851531e-05
に	O=0.9999654293060303|NORM=3.374517473275773e-05
は	O=0.999953031539917|NORM=4.642144267563708e-05
納得	O=0.9999676942825317|NORM=3.154132718918845e-05
し	O=0.9999732971191406|NORM=2.6072899345308542e-05
て	O=0.9999749660491943|NORM=2.4336541173397563e-05
い	O=0.9999755620956421|NORM=2.372614289924968e-05
ます	O=0.9999761581420898|NORM=2.318348197150044e-05
。	O=0.999925971031189|NORM=7.255915261339396e-05
今	O=0.9999635219573975|NORM=3.546068910509348e-05
は	O=0.9999574422836304|NORM=4.1952782339649275e-05
あまり	O=0.9999078512191772|NORM=9.12572504603304e-05
食べ	O=0.9999617338180542|NORM=3.749337702174671e-05
ませ	O=0.9999556541442871|NORM=4.3811909563373774e-05
ん	O=0.9999642372131348|NORM=3.513613773975521e-05
が	O=0.9999659061431885|NORM=3.345797449583188e-05
、	O=0.999948263168335|NORM=5.081180643173866e-05
一時期	O=0.9999645948410034|NORM=3.4773860534187406e-05
は	O=0.9999514818191528|NORM=4.807162258657627e-05
しょっちゅう	O=0.9999681711196899|NORM=3.129081233055331e-05
食べ	O=0.9999624490737915|NORM=3.693807593663223e-05
て	NORM=0.9960971474647522|O=0.003892604261636734
まし	O=0.9999668598175049|NORM=3.250317240599543e-05
た	O=0.9999655485153198|NORM=3.380267298780382e-05
。	O=0.9999656677246094|NORM=3.333181666675955e-05

iPhone	O=0.9999291896820068|NORM=6.936082354513928e-05
の	O=0.9999591112136841|NORM=4.0299328247783706e-05
充電	O=0.9998992681503296|NORM=9.929035149980336e-05
の	O=0.9999337196350098|NORM=6.55636758892797e-05
減り	O=0.999230146408081|NORM=0.0007644714205525815
が	O=0.9999268054962158|NORM=7.257962715812027e-05
早く	O=0.9997863173484802|NORM=0.00021184980869293213
なっちゃった	O=0.9998756647109985|NORM=0.00012306610005907714
ので	O=0.9999581575393677|NORM=4.084951797267422e-05
、	O=0.9999473094940186|NORM=5.19013665325474e-05
そろそろ	O=0.9999504089355469|NORM=4.8778834752738476e-05
バッテリー	O=0.991085946559906|NORM=0.008906674571335316
を	O=0.9999659061431885|NORM=3.355534136062488e-05
変え	O=0.9999606609344482|NORM=3.8603495340794325e-05
たい	O=0.9999656677246094|NORM=3.344147262396291e-05
です	O=0.999972939491272|NORM=2.644698543008417e-05
。	O=0.9999202489852905|NORM=7.848380482755601e-05
その	O=0.9999003410339355|NORM=9.870473149931058e-05
前	O=0.9999351501464844|NORM=6.382889114320278e-05
に	O=0.9999269247055054|NORM=7.255762466229498e-05
バキバキ	O=0.9956156015396118|NORM=0.004383330699056387
な	O=0.9995463490486145|NORM=0.0004525705298874527
画面	O=0.9999477863311768|NORM=5.1394705224083737e-05
を	O=0.999967098236084|NORM=3.232049857615493e-05
直し	O=0.9999711513519287|NORM=2.8239903258509003e-05
なさい	O=0.9999516010284424|NORM=4.782183168572374e-05
w	O=0.9998183846473694|NORM=0.00018053868552669883

ううん	NORM=0.817171573638916|O=0.18278998136520386
ゴルフ	O=0.999933123588562|NORM=6.544419738929719e-05
、	O=0.9998346567153931|NORM=0.00016454924480058253
水泳	O=0.9997261166572571|NORM=0.00027210224652662873
、	O=0.9999314546585083|NORM=6.788702012272552e-05
自転車	O=0.9999040365219116|NORM=9.4549723144155e-05
、	O=0.9994296431541443|NORM=0.0005692533450201154
ぎっくり腰	O=0.9997813105583191|NORM=0.00021718141215387732
の	O=0.999924898147583|NORM=7.422452472383156e-05
せい	O=0.9999555349349976|NORM=4.357043872005306e-05
で	O=0.9999722242355347|NORM=2.708707506826613e-05
全身	O=0.9999563694000244|NORM=4.26103470090311e-05
が	O=0.9999738931655884|NORM=2.5465684302616864e-05
痛い	O=0.9999688863754272|NORM=3.058548827539198e-05
です	O=0.9999767541885376|NORM=2.2524496671394445e-05
…	O=0.9999562501907349|NORM=4.299625652492978e-05
。	O=0.9999465942382812|NORM=5.22630762134213e-05

パソコン	O=0.9999315738677979|NORM=6.734672206221148e-05
席	O=0.9999533891677856|NORM=4.596533108269796e-05
て	O=0.9998573064804077|NORM=0.0001420349144609645
プレミアム	O=0.9999523162841797|NORM=4.7020868805702776e-05
カウンター	O=0.9999539852142334|NORM=4.541213274933398e-05
席	O=0.9999604225158691|NORM=3.878370625898242e-05
です	O=0.999967098236084|NORM=3.226866465411149e-05
か	O=0.9999617338180542|NORM=3.763344284379855e-05
（	NORM=0.9591078758239746|O=0.04086345434188843
なぜ	O=0.999924898147583|NORM=7.393684791168198e-05
パソコン	O=0.9998972415924072|NORM=0.00010149683657800779
が	O=0.999956488609314|NORM=4.300426735426299e-05
できる	O=0.9997180104255676|NORM=0.0002810696023516357
ん	NORM=0.9958317875862122|O=0.004157438408583403
だろ	NORM=0.6818581223487854|O=0.3181253671646118
と	O=0.9999476671218872|NORM=5.142779627931304e-05
思っ	O=0.9999568462371826|NORM=4.251968493917957e-05
て	O=0.9999681711196899|NORM=3.129469041596167e-05
い	O=0.9999717473983765|NORM=2.760318966466002e-05
まし	O=0.9999632835388184|NORM=3.5983397538075224e-05
た	O=0.9999552965164185|NORM=4.409331813803874e-05
・	O=0.9537272453308105|NORM=0.046259861439466476
爆	O=0.9997995495796204|NORM=0.00019794500258285552
（	NORM=0.9794700145721436|O=0.020512966439127922

だ	O=0.9999642372131348|NORM=3.503412153804675e-05
と	O=0.9999614953994751|NORM=3.768608803511597e-05
し	O=0.9998801946640015|NORM=0.00011901531252078712
たら	O=0.999876856803894|NORM=0.00012239255011081696
ファインプレー	O=0.9334621429443359|NORM=0.06651563942432404
です	O=0.9999135732650757|NORM=8.587907359469682e-05
ね	NORM=0.9957842230796814|O=0.004200359806418419
無理やり	O=0.9999723434448242|NORM=2.703004975046497e-05
1	O=0.9999405145645142|NORM=5.8814363001147285e-05
塁	O=0.9997962117195129|NORM=0.00020259342272765934
に	O=0.999954342842102|NORM=4.478956543607637e-05
送ろ	O=0.9999511241912842|NORM=4.816563523490913e-05
う	O=0.9999473094940186|NORM=5.20103276357986e-05
として	O=0.999950647354126|NORM=4.849812467000447e-05
暴投	O=0.9999560117721558|NORM=4.3250154703855515e-05
する	O=0.9999737739562988|NORM=2.556791150709614e-05
ケース	O=0.9999754428863525|NORM=2.375403346377425e-05
です	O=0.999975323677063|NORM=2.405352825007867e-05
し	O=0.9999195337295532|NORM=7.96363310655579e-05
。	O=0.9999631643295288|NORM=3.5994104109704494e-05

ゲス	O=0.9914175271987915|NORM=0.008577115833759308
の	O=0.9999359846115112|NORM=6.302956899162382e-05
…	O=0.8675863146781921|NORM=0.1323988288640976
演奏	O=0.9999316930770874|NORM=6.698859215248376e-05
が	O=0.9999624490737915|NORM=3.680350710055791e-05
かっこ	NORM=0.9975807666778564|O=0.0024164938367903233
良い	O=0.9999364614486694|NORM=6.206093530636281e-05
です	O=0.9999818801879883|NORM=1.7229798686457798e-05
。	O=0.9999656677246094|NORM=3.3047079341486096e-05

パソコン	O=0.999950647354126|NORM=4.810326936421916e-05
の	O=0.9999548196792603|NORM=4.418105891090818e-05
初期	O=0.9999102354049683|NORM=8.779034396866336e-05
設定	O=0.9999514818191528|NORM=4.739553696708754e-05
を	O=0.9999358654022217|NORM=6.338587263599038e-05
終え	O=0.9999229907989502|NORM=7.615824142703786e-05
て	O=0.9999616146087646|NORM=3.7745263398392126e-05
、	O=0.9998694658279419|NORM=0.00012985579087398946
弟	O=0.9999129772186279|NORM=8.628826617496088e-05
が	O=0.999956488609314|NORM=4.300890213926323e-05
「	O=0.9998995065689087|NORM=9.979436435969546e-05
デーモン	O=0.9999511241912842|NORM=4.828880264540203e-05
さん	O=0.999963641166687|NORM=3.578768883016892e-05
の	O=0.9999542236328125|NORM=4.5152384700486436e-05
良い	O=0.9999624490737915|NORM=3.663859752123244e-05
曲	O=0.9999676942825317|NORM=3.1388437491841614e-05
が	O=0.9999721050262451|NORM=2.7418498575570993e-05
ある	O=0.9998928308486938|NORM=0.00010611936886562034
ん	NORM=0.988461971282959|O=0.011517721228301525
よ	O=0.9998664855957031|NORM=0.00013283584848977625
、	O=0.9995686411857605|NORM=0.0004299129359424114
『	O=0.9999595880508423|NORM=3.9838883822085336e-05
toitoitoi	O=0.9999595880508423|NORM=3.984431896242313e-05
!!』	O=0.9999594688415527|NORM=3.978397944592871e-05
という	O=0.9999635219573975|NORM=3.566822488210164e-05
曲	O=0.9999682903289795|NORM=3.0766412237426266e-05
な	O=0.9999682903289795|NORM=3.1155392207438126e-05
の	O=0.9999661445617676|NORM=3.3070173230953515e-05
です	O=0.9999659061431885|NORM=3.3440941479057074e-05
が	O=0.9999076128005981|NORM=9.175106970360503e-05
」	O=0.9998899698257446|NORM=0.00010943983215838671
って	NORM=0.9858136773109436|O=0.014171659015119076
YouTube	O=0.9999210834503174|NORM=7.767396164126694e-05
を	O=0.9999282360076904|NORM=7.111559534678236e-05
開い	O=0.9993748068809509|NORM=0.0006242176750674844
て	O=0.9999703168869019|NORM=2.915559889515862e-05
い	O=0.9999741315841675|NORM=2.5291985366493464e-05
ます	O=0.9998441934585571|NORM=0.00015508233627770096
w	O=0.9987685084342957|NORM=0.0012303392868489027
悪魔	O=0.999971866607666|NORM=2.7405418222770095e-05
の	O=0.9999547004699707|NORM=4.477792026591487e-05
くせ	O=0.9999445676803589|NORM=5.4705502407159656e-05
に	O=0.9999586343765259|NORM=4.075292235938832e-05
朗らか	O=0.999961256980896|NORM=3.828717672149651e-05
な	O=0.999971866607666|NORM=2.7489522835821845e-05
曲	O=0.9999690055847168|NORM=3.0081517252256162e-05
です	O=0.9999712705612183|NORM=2.8065340302418917e-05
ね	O=0.999961256980896|NORM=3.8150570617290214e-05
ww	O=0.9999216794967651|NORM=7.693089719396085e-05

iPhone	O=0.9999434947967529|NORM=5.515206794370897e-05
の	O=0.9999550580978394|NORM=4.422166239237413e-05
ケース	O=0.999819815158844|NORM=0.00017770622798707336
を	O=0.9999561309814453|NORM=4.3089887185487896e-05
パカパカ	O=0.9814738631248474|NORM=0.01852264627814293
から	O=0.9999610185623169|NORM=3.8062142266426235e-05
ノーマル	O=0.9996789693832397|NORM=0.00031946765375323594
の	O=0.9999016523361206|NORM=9.664382378105074e-05
ケース	O=0.9960156083106995|NORM=0.00397389056161046
に	O=0.9999549388885498|NORM=4.4125270505901426e-05
変え	O=0.9999688863754272|NORM=3.0047080144868232e-05
た	O=0.9999730587005615|NORM=2.619189581309911e-05
だけ	O=0.9999573230743408|NORM=4.119909499422647e-05
で	O=0.9999743700027466|NORM=2.47196094278479e-05
、	O=0.9999669790267944|NORM=3.22468149533961e-05
違う	O=0.9999277591705322|NORM=7.107846613507718e-05
携帯	O=0.9992455244064331|NORM=0.0007526672561652958
を	O=0.9999672174453735|NORM=3.210165959899314e-05
使っ	O=0.9985087513923645|NORM=0.0014887385768815875
てる	NORM=0.9959427714347839|O=0.004046409856528044
みたい	O=0.9999222755432129|NORM=7.638972601853311e-05
です	O=0.9999769926071167|NORM=2.2409401935874484e-05
。	O=0.9999666213989258|NORM=3.239531724830158e-05

V	O=0.9987412095069885|NORM=0.0012547590304166079
研究室	O=0.9998811483383179|NORM=0.00011797263869084418
、	NORM=0.9880592226982117|O=0.011935757473111153
フットサル	O=0.9998548030853271|NORM=0.00014260639727581292
にて	O=0.9998915195465088|NORM=0.00010619738895911723
まさかの	O=0.9986708164215088|NORM=0.0013270744821056724
一勝	NORM=0.9960765242576599|O=0.0039184559136629105

なるほど	NORM=0.9993921518325806|O=0.0006023832829669118

あなた	O=0.999948263168335|NORM=5.112498547532596e-05
の	O=0.9999613761901855|NORM=3.809349800576456e-05
仕事	O=0.9999245405197144|NORM=7.486546383006498e-05
は	O=0.9999279975891113|NORM=7.15554560883902e-05
変わり	O=0.9998847246170044|NORM=0.00011377580813132226
が	O=0.9999580383300781|NORM=4.1612198401708156e-05
いる	O=0.9998739957809448|NORM=0.0001252632209798321
の	O=0.999970555305481|NORM=2.8678747185040265e-05
です	O=0.9999758005142212|NORM=2.360119287914131e-05
か	O=0.9999762773513794|NORM=2.3138602045946755e-05
？	O=0.9999314546585083|NORM=6.757232767995447e-05
ほとんど	O=0.9999721050262451|NORM=2.7242251235293224e-05
の	O=0.9999674558639526|NORM=3.196197212673724e-05
人	O=0.9999420642852783|NORM=5.728848555008881e-05
が	O=0.9999603033065796|NORM=3.9247985114343464e-05
し	O=0.9996883869171143|NORM=0.0003110913385171443
て	O=0.9999616146087646|NORM=3.7973117287037894e-05
いる	O=0.9998809099197388|NORM=0.00011870299931615591
仕事	O=0.9999383687973022|NORM=6.099118763813749e-05
は	O=0.9999592304229736|NORM=4.0366878238273785e-05
いくらでも	O=0.9999693632125854|NORM=3.0123126634862274e-05
変わり	O=0.9999485015869141|NORM=5.064796278020367e-05
が	O=0.9999723434448242|NORM=2.7135765776620246e-05
い	O=0.999972939491272|NORM=2.646860775712412e-05
ます	O=0.9999746084213257|NORM=2.4752804165473208e-05
。	O=0.9999386072158813|NORM=6.056217534933239e-05
会社員	O=0.9999630451202393|NORM=3.641286457423121e-05
なら	O=0.9999117851257324|NORM=8.763422374613583e-05
、	O=0.9999085664749146|NORM=9.074719855561852e-05
あなた	O=0.9998372793197632|NORM=0.00016189076995942742
が	O=0.9999570846557617|NORM=4.2387582652736455e-05
い	O=0.9995280504226685|NORM=0.00047142975381575525
なく	O=0.9988216757774353|NORM=0.0011777769541367888
なっ	O=0.995101809501648|NORM=0.004896640311926603
て	O=0.99993896484375|NORM=6.056699203327298e-05
も	O=0.9999393224716187|NORM=6.0256075812503695e-05
、	O=0.9999382495880127|NORM=6.11262148595415e-05
たいてい	O=0.999963641166687|NORM=3.5843058867612854e-05
の	O=0.9999614953994751|NORM=3.796467717620544e-05
場合	O=0.9834361672401428|NORM=0.01656130887567997
会社	O=0.999567449092865|NORM=0.00043177042971365154
は	O=0.999936580657959|NORM=6.30145805189386e-05
困り	O=0.9998607635498047|NORM=0.00013871183909941465
ませ	O=0.9999488592147827|NORM=5.063136268290691e-05
ん	O=0.9999654293060303|NORM=3.408136763027869e-05
。	O=0.9999384880065918|NORM=6.075804776628502e-05
なら	O=0.9998273849487305|NORM=0.00017206819029524922
ば	O=0.9999319314956665|NORM=6.756585207767785e-05
、	O=0.9999587535858154|NORM=4.0640723454998806e-05
大切な人	O=0.9999551773071289|NORM=4.417433592607267e-05
、	O=0.9996153116226196|NORM=0.0003838353732135147
家族	O=0.9999622106552124|NORM=3.7181260267971084e-05
の	O=0.9999514818191528|NORM=4.8060668632388115e-05
ため	O=0.9999598264694214|NORM=3.953519990318455e-05
に	O=0.9999699592590332|NORM=2.9509508749470115e-05
生き	O=0.9999687671661377|NORM=3.073129482800141e-05
ましょ	O=0.9999700784683228|NORM=2.9345310395001434e-05
う	O=0.9999713897705078|NORM=2.800264883262571e-05
。	O=0.9999562501907349|NORM=4.293492020224221e-05
そのため	O=0.9999659061431885|NORM=3.325393845443614e-05
に	O=0.9999610185623169|NORM=3.8259611756075174e-05
は	O=0.999956488609314|NORM=4.2897274397546425e-05
お金	O=0.9999744892120361|NORM=2.463331475155428e-05
が	O=0.9999722242355347|NORM=2.711837805691175e-05
必要	O=0.9999725818634033|NORM=2.658015364431776e-05
です	O=0.9999710321426392|NORM=2.8297781682340428e-05
。	O=0.9999144077301025|NORM=8.37747793411836e-05

いくら	O=0.9995655417442322|NORM=0.00043230774463154376
が	O=0.9999128580093384|NORM=8.628085197415203e-05
手	O=0.9999254941940308|NORM=7.362595351878554e-05
洗え	O=0.9999493360519409|NORM=5.0171202019555494e-05
に	O=0.9999692440032959|NORM=3.0092398446868174e-05
なっ	O=0.9999667406082153|NORM=3.2582647691015154e-05
て	O=0.9999663829803467|NORM=3.2937139621935785e-05
い	O=0.9999674558639526|NORM=3.173617733409628e-05
ます	O=0.9999673366546631|NORM=3.1728242902318016e-05
。	O=0.9999333620071411|NORM=6.518590089399368e-05

昨日	O=0.9999582767486572|NORM=4.0774946683086455e-05
の	O=0.999937891960144|NORM=6.1020538851153105e-05
『	O=0.9999228715896606|NORM=7.624049612786621e-05
Animelo	O=0.9999722242355347|NORM=2.6927646104013547e-05
Summer	O=0.9999701976776123|NORM=2.902409505622927e-05
Live	O=0.999962329864502|NORM=3.680582085507922e-05
』	O=0.9996899366378784|NORM=0.0003092596016358584
で	O=0.9999600648880005|NORM=3.9239628677023575e-05
疲れ	O=0.9999698400497437|NORM=2.900438630604185e-05
て	O=0.9999212026596069|NORM=7.824780186638236e-05
爆睡	O=0.9999687671661377|NORM=3.0454248189926147e-05
し	O=0.9999759197235107|NORM=2.3401837097480893e-05
て	O=0.9999755620956421|NORM=2.3812963263480924e-05
い	O=0.9999783039093018|NORM=2.0986904928577133e-05
まし	O=0.9999758005142212|NORM=2.3342854547081515e-05
た	O=0.9999783039093018|NORM=2.0889041479676962e-05
よ	O=0.9999719858169556|NORM=2.7030118872062303e-05
。	O=0.9998120665550232|NORM=0.00018645913223735988
さぁ	NORM=0.9836611151695251|O=0.01632857695221901
、	O=0.9994175434112549|NORM=0.0005811967421323061
新都心	O=0.9999486207962036|NORM=5.03767078043893e-05
に	O=0.9999724626541138|NORM=2.686083644221071e-05
行き	O=0.9999595880508423|NORM=3.934156848117709e-05
ます	O=0.9999687671661377|NORM=3.0561404855689034e-05
。	O=0.999962329864502|NORM=3.640446811914444e-05

それにしても	O=0.9998877048492432|NORM=0.00011136216926388443
咲夜	NORM=0.8777357339859009|O=0.12225028872489929
さん	O=0.9999421834945679|NORM=5.710989353246987e-05
の	O=0.9998916387557983|NORM=0.0001075060063158162
コス	NORM=0.9983236193656921|O=0.0016691077034920454
は	O=0.9998770952224731|NORM=0.00012177621101727709
ひどかっ	O=0.9999417066574097|NORM=5.779551429441199e-05
た	O=0.999964714050293|NORM=3.469191869953647e-05
です	O=0.9999667406082153|NORM=3.260331504861824e-05
。	O=0.9999092817306519|NORM=8.981002611108124e-05
猛省	O=0.9999352693557739|NORM=6.429044879041612e-05
し	O=0.9999508857727051|NORM=4.864436778007075e-05
ます	NORM=0.9973157048225403|O=0.0026732650585472584

明る	O=0.9999681711196899|NORM=3.131660560029559e-05
さ	O=0.9999710321426392|NORM=2.8502212444436736e-05
が	O=0.9999728202819824|NORM=2.676679469004739e-05
違い	O=0.9999576807022095|NORM=4.155285932938568e-05
ます	O=0.9999707937240601|NORM=2.8699190806946717e-05
…	NORM=0.999458372592926|O=0.0005328545812517405

忘れ	O=0.9999597072601318|NORM=3.9682661736151204e-05
た	O=0.9999712705612183|NORM=2.826423769874964e-05
ころ	O=0.9999643564224243|NORM=3.5073702747467905e-05
に	O=0.9999696016311646|NORM=2.990405300806742e-05
やってくる	O=0.9991059899330139|NORM=0.000892830197699368
カード	O=0.9999485015869141|NORM=5.083493670099415e-05
の	O=0.9999278783798218|NORM=7.154623745009303e-05
支払い	O=0.9998136162757874|NORM=0.00018470903160050511
が	O=0.9999556541442871|NORM=4.3814459786517546e-05
嫌	O=0.9999675750732422|NORM=3.1286614103009924e-05
すぎ	O=0.9999610185623169|NORM=3.845139144686982e-05
ます	O=0.9999712705612183|NORM=2.812087768688798e-05
。	O=0.9999593496322632|NORM=3.932550680474378e-05

みんな	O=0.9999643564224243|NORM=3.4954529837705195e-05
は	O=0.999954104423523|NORM=4.5468252210412174e-05
出かけ	O=0.9999687671661377|NORM=3.068704609177075e-05
て	O=0.9999661445617676|NORM=3.331572224851698e-05
い	O=0.9999593496322632|NORM=4.001253910246305e-05
ます	O=0.9999486207962036|NORM=5.0770893722074106e-05
か	NORM=0.9992757439613342|O=0.0007188715389929712

そりゃ	NORM=0.9947538375854492|O=0.0052375043742358685
ミラー	O=0.9991828799247742|NORM=0.0008152141817845404
だっ	O=0.9993282556533813|NORM=0.0006708080763928592
たら	O=0.9961395859718323|NORM=0.003857905976474285
50%	O=0.9999707937240601|NORM=2.844892514985986e-05
に	O=0.9999761581420898|NORM=2.322787622688338e-05
なる	O=0.999942421913147|NORM=5.6774308177409694e-05
やろ	NORM=0.9937971830368042|O=0.006183333229273558
と	O=0.9998811483383179|NORM=0.00011670434469124302
しか	O=0.9999557733535767|NORM=4.3391355575295165e-05
…	O=0.9999549388885498|NORM=4.423486097948626e-05
。	O=0.9999568462371826|NORM=4.224987787893042e-05

生放送	O=0.9999505281448364|NORM=4.841710688197054e-05
を	O=0.9999382495880127|NORM=6.0889007727382705e-05
やっ	O=0.9996848106384277|NORM=0.0003141727647744119
て	NORM=0.9804243445396423|O=0.01950693316757679
て	O=0.9999326467514038|NORM=6.634904275415465e-05
嬉しい	O=0.9999433755874634|NORM=5.54768557776697e-05
こと	O=0.9999648332595825|NORM=3.4456432331353426e-05
は	O=0.999966025352478|NORM=3.331355765112676e-05
「	O=0.9999608993530273|NORM=3.8158486859174445e-05
今	O=0.9999780654907227|NORM=2.1068517526146024e-05
まで	O=0.9999730587005615|NORM=2.6244153559673578e-05
大学生	O=0.9999642372131348|NORM=3.463421671767719e-05
だ	O=0.9999716281890869|NORM=2.754052729869727e-05
と	O=0.999972939491272|NORM=2.62252360698767e-05
思っ	O=0.9999672174453735|NORM=3.213305535609834e-05
て	O=0.9999752044677734|NORM=2.4205330191762187e-05
い	O=0.9999738931655884|NORM=2.5481911507085897e-05
まし	O=0.9999725818634033|NORM=2.664207568159327e-05
た	NORM=0.9778591990470886|O=0.022016866132616997
」	O=0.999951958656311|NORM=4.7004483349155635e-05
と	O=0.9999713897705078|NORM=2.779119495244231e-05
言わ	O=0.9999709129333496|NORM=2.835951090673916e-05
れる	O=0.9999637603759766|NORM=3.5453664168016985e-05
こと	O=0.9999727010726929|NORM=2.6514886485529132e-05
です	O=0.9999644756317139|NORM=3.4886958019342273e-05
〜	NORM=0.9828916788101196|O=0.017039569094777107
若い	O=0.9999641180038452|NORM=3.491583629511297e-05
という	O=0.9999500513076782|NORM=4.9165475502377376e-05
の	O=0.9981279969215393|NORM=0.0018705022521317005
はいい	O=0.9999486207962036|NORM=5.032014087191783e-05
です	O=0.9999738931655884|NORM=2.5376928533660248e-05
ね	O=0.9999707937240601|NORM=2.8482370908022858e-05
〜	NORM=0.9911797642707825|O=0.008781855925917625

娘	O=0.9998410940170288|NORM=0.00015802298730704933
、	NORM=0.9927806258201599|O=0.007205508183687925
プール	O=0.9999591112136841|NORM=4.0157916373573244e-05
で	O=0.9999712705612183|NORM=2.821984890033491e-05
先月	O=0.999967098236084|NORM=3.2065825507743284e-05
より	O=0.9999740123748779|NORM=2.515105552447494e-05
も	O=0.9999666213989258|NORM=3.278415169916116e-05
12秒	O=0.9999761581420898|NORM=2.3257312932400964e-05
速く	O=0.999971866607666|NORM=2.766501893347595e-05
なっ	O=0.9999105930328369|NORM=8.866551070241258e-05
て	O=0.999954342842102|NORM=4.4975720811635256e-05
合格	O=0.9999575614929199|NORM=4.1691506339702755e-05
し	O=0.9999690055847168|NORM=3.046291385544464e-05
た	O=0.9999786615371704|NORM=2.0742229025927372e-05
の	O=0.9999706745147705|NORM=2.8320286219241098e-05
です	O=0.9999760389328003|NORM=2.3310736651183106e-05
が	O=0.9999711513519287|NORM=2.8128491976531222e-05
、	O=0.9999473094940186|NORM=5.1518345571821555e-05
なぜ	O=0.9999592304229736|NORM=4.000357148470357e-05
そんなに	O=0.99991774559021|NORM=8.099726255750284e-05
速く	O=0.9999405145645142|NORM=5.8665129472501576e-05
なっ	O=0.9991909861564636|NORM=0.0008065603906288743
た	O=0.999903678894043|NORM=9.541583131067455e-05
の	O=0.9997207522392273|NORM=0.00027713479357771575
か	O=0.9999715089797974|NORM=2.7861071430379525e-05
を	O=0.9999639987945557|NORM=3.542839112924412e-05
聞く	O=0.9999618530273438|NORM=3.7192166928434744e-05
と	O=0.999962568283081|NORM=3.676562482723966e-05
、	O=0.9999570846557617|NORM=4.218867979943752e-05
「	O=0.9999504089355469|NORM=4.889187039225362e-05
トイレ	O=0.9999725818634033|NORM=2.6662028176360764e-05
に	O=0.9999767541885376|NORM=2.2648526282864623e-05
行き	O=0.999942421913147|NORM=5.679824243998155e-05
たかっ	O=0.99996018409729|NORM=3.933262632926926e-05
た	O=0.9999735355377197|NORM=2.588182542240247e-05
から	O=0.9999172687530518|NORM=8.155764226103202e-05
」	O=0.9996050000190735|NORM=0.0003938581212423742
と	O=0.9999728202819824|NORM=2.6409603378851898e-05
言っ	O=0.9999710321426392|NORM=2.846173993020784e-05
て	O=0.9999771118164062|NORM=2.2349771825247444e-05
い	O=0.9999781847000122|NORM=2.1234793166513555e-05
まし	O=0.9999765157699585|NORM=2.2765043468098156e-05
た	O=0.999980092048645|NORM=1.9210256141377613e-05
。	O=0.9999604225158691|NORM=3.875213224091567e-05
笑い	O=0.9999617338180542|NORM=3.7841207813471556e-05
まし	O=0.9999746084213257|NORM=2.47599818976596e-05
た	O=0.9999762773513794|NORM=2.3117076125345193e-05
w	O=0.9998223185539246|NORM=0.0001765579654602334

『	O=0.9999561309814453|NORM=4.316326158004813e-05
Lazy	O=0.9999697208404541|NORM=2.9700669983867556e-05
Girl	O=0.9999663829803467|NORM=3.2888143323361874e-05
』	O=0.9998825788497925|NORM=0.00011669204104691744
を	O=0.9837926626205444|NORM=0.01620512269437313
学生	O=0.9999703168869019|NORM=2.9016267944825813e-05
の	O=0.9999455213546753|NORM=5.3994168411009014e-05
時	O=0.9999430179595947|NORM=5.629557199426927e-05
に	O=0.9999498128890991|NORM=4.960734077030793e-05
、	O=0.9998974800109863|NORM=0.00010176902287639678
「	O=0.9999001026153564|NORM=9.911994857247919e-05
凄い	O=0.9999740123748779|NORM=2.532335747673642e-05
です	O=0.9999696016311646|NORM=2.976478026539553e-05
！	O=0.9999605417251587|NORM=3.864127938868478e-05
素敵	O=0.9999704360961914|NORM=2.8935941372765228e-05
です	O=0.9999681711196899|NORM=3.1269511964637786e-05
！	O=0.9997979998588562|NORM=0.00020123817375861108
かっこ	NORM=0.99689781665802|O=0.003097926266491413
良い	O=0.9996044039726257|NORM=0.0003922234463971108
です	O=0.999970555305481|NORM=2.8860349630122073e-05
！	O=0.9999600648880005|NORM=3.910853774868883e-05
」	O=0.9999462366104126|NORM=5.288426109473221e-05
と	O=0.9999462366104126|NORM=5.303355283103883e-05
思っ	O=0.999957799911499|NORM=4.1673429223010316e-05
た	O=0.999963641166687|NORM=3.5777109587797895e-05
とき	O=0.9998838901519775|NORM=0.00011505233851494268
と	O=0.9999179840087891|NORM=8.072807395365089e-05
変わら	O=0.9998447895050049|NORM=0.0001546075363876298
ない	O=0.9999206066131592|NORM=7.855916919652373e-05
感じ	O=0.9999645948410034|NORM=3.444223330006935e-05
で	O=0.9999721050262451|NORM=2.7403126296121627e-05
聴け	O=0.9999562501907349|NORM=4.326130510889925e-05
まし	O=0.9999674558639526|NORM=3.197535625076853e-05
た	O=0.9999728202819824|NORM=2.66410661424743e-05
。	O=0.9999544620513916|NORM=4.452874782145955e-05
ありがとう	O=0.9999594688415527|NORM=3.9743252273183316e-05
ござい	O=0.9998025298118591|NORM=0.00019694422371685505
ます	O=0.9999614953994751|NORM=3.792889037868008e-05
。	O=0.9999619722366333|NORM=3.709857992362231e-05

運転	O=0.9999668598175049|NORM=3.248634311603382e-05
が	O=0.9999685287475586|NORM=3.095864303759299e-05
できる	O=0.9999560117721558|NORM=4.32023371104151e-05
よう	O=0.999955415725708|NORM=4.365603672340512e-05
に	O=0.9999657869338989|NORM=3.363508221809752e-05
なっ	O=0.9964306950569153|NORM=0.003564068116247654
たら	O=0.9994351267814636|NORM=0.0005630836822092533
、	O=0.9999619722366333|NORM=3.742619082913734e-05
絶対	O=0.9999637603759766|NORM=3.554148133844137e-05
に	O=0.9999427795410156|NORM=5.666684592142701e-05
守谷	O=0.6949948072433472|NORM=0.30498388409614563
二郎	O=0.9999359846115112|NORM=6.305782153503969e-05
に	O=0.9999651908874512|NORM=3.417721745790914e-05
行き	O=0.9999513626098633|NORM=4.7674238885520026e-05
ます	O=0.9999630451202393|NORM=3.624683813541196e-05
よ	O=0.999954342842102|NORM=4.485364115680568e-05
。	O=0.9999548196792603|NORM=4.452561915968545e-05
行き	O=0.9997805953025818|NORM=0.000217257475014776
ます	O=0.999962329864502|NORM=3.711706813191995e-05
よ	O=0.9999445676803589|NORM=5.471828262670897e-05
…	NORM=0.996996283531189|O=0.0029957701917737722

ペンタブ	NORM=0.9967824220657349|O=0.0031992571894079447
の	O=0.999925971031189|NORM=7.313855894608423e-05
紙	O=0.9999366998672485|NORM=6.19113925495185e-05
を	O=0.9999719858169556|NORM=2.7399333703215234e-05
貼り	O=0.9999414682388306|NORM=5.808842252008617e-05
替え	O=0.9999548196792603|NORM=4.431406705407426e-05
まし	O=0.9999738931655884|NORM=2.5470444597885944e-05
た	O=0.9999761581420898|NORM=2.3156522729550488e-05
。	O=0.9999231100082397|NORM=7.562377140857279e-05
6年	O=0.9999698400497437|NORM=2.949402914964594e-05
同じ	O=0.999954104423523|NORM=4.531868398771621e-05
紙	O=0.9999423027038574|NORM=5.6757518905214965e-05
だっ	O=0.9999462366104126|NORM=5.3118084906600416e-05
た	O=0.999962329864502|NORM=3.7077585147926584e-05
ので	O=0.9999555349349976|NORM=4.371365866973065e-05
、	O=0.9999473094940186|NORM=5.197819336899556e-05
次	O=0.999969482421875|NORM=2.966538886539638e-05
は	O=0.9999432563781738|NORM=5.625039921142161e-05
3年	O=0.9999779462814331|NORM=2.1412482965388335e-05
で	O=0.9999657869338989|NORM=3.369373735040426e-05
替え	O=0.9998632669448853|NORM=0.00013551494339480996
たく	O=0.9998377561569214|NORM=0.0001608983875485137
なる	O=0.9999357461929321|NORM=6.272625614656135e-05
くらい	O=0.9999452829360962|NORM=5.3535663028014824e-05
使用	O=0.9999599456787109|NORM=3.9446553273592144e-05
頻度	O=0.9999691247940063|NORM=3.0173405320965685e-05
を	O=0.9999724626541138|NORM=2.6981068003806286e-05
上げ	O=0.9999725818634033|NORM=2.6647156118997373e-05
たい	O=0.9999743700027466|NORM=2.4806631699902937e-05
です	O=0.9999772310256958|NORM=2.209723061241675e-05
。	O=0.9999637603759766|NORM=3.546469088178128e-05

アカウント	O=0.9998489618301392|NORM=0.00014942625421099365
の	O=0.9999575614929199|NORM=4.178664312348701e-05
凍結	O=0.9999629259109497|NORM=3.6402860132511705e-05
祭り	O=0.9999457597732544|NORM=5.344707824406214e-05
は	O=0.9999572038650513|NORM=4.2149637010879815e-05
実際	O=0.9999217987060547|NORM=7.7217940997798e-05
あん	NORM=0.9799424409866333|O=0.020036380738019943
の	O=0.9999674558639526|NORM=3.162734356010333e-05
です	O=0.9999711513519287|NORM=2.8133883461123332e-05
か	O=0.9999736547470093|NORM=2.5666557121439837e-05
？	O=0.9999576807022095|NORM=4.125753548578359e-05
と	O=0.9999163150787354|NORM=8.244114724220708e-05
最近	O=0.9999172687530518|NORM=8.209194493247196e-05
気	O=0.9999599456787109|NORM=3.9196685975184664e-05
に	O=0.9999675750732422|NORM=3.191129508195445e-05
なっ	O=0.9999574422836304|NORM=4.1914590838132426e-05
て	O=0.9999697208404541|NORM=2.9754877687082626e-05
い	O=0.9999749660491943|NORM=2.4449393094982952e-05
まし	O=0.9999722242355347|NORM=2.7185442377231084e-05
た	O=0.9999750852584839|NORM=2.4330580345122144e-05
が	O=0.9999688863754272|NORM=3.0359457014128566e-05
、	O=0.9999500513076782|NORM=4.914564487989992e-05
やっぱり	NORM=0.9975191354751587|O=0.0024676581379026175
集中	O=0.999923586845398|NORM=7.500352512579411e-05
し	O=0.9999617338180542|NORM=3.779129474423826e-05
て	O=0.9999666213989258|NORM=3.286626088083722e-05
処理	O=0.9999560117721558|NORM=4.305594848119654e-05
さ	O=0.9999401569366455|NORM=5.935447916272096e-05
れる	O=0.9999258518218994|NORM=7.349303632508963e-05
期間	O=0.9999715089797974|NORM=2.776650944724679e-05
は	O=0.9999558925628662|NORM=4.3747037125285715e-05
設け	O=0.9999638795852661|NORM=3.553240094333887e-05
られ	O=0.9999662637710571|NORM=3.319606548757292e-05
て	O=0.9999685287475586|NORM=3.1014704291010275e-05
いる	O=0.9999336004257202|NORM=6.549504905706272e-05
らしい	O=0.9999690055847168|NORM=3.0166584110702388e-05
です	O=0.9999749660491943|NORM=2.438058436382562e-05
。	O=0.9999624490737915|NORM=3.678445136756636e-05

『	O=0.9999644756317139|NORM=3.477853169897571e-05
天地明察	O=0.9999675750732422|NORM=3.184380693710409e-05
』	O=0.9999643564224243|NORM=3.492217365419492e-05
を	O=0.9999680519104004|NORM=3.1379979191115126e-05
見	O=0.9999613761901855|NORM=3.7902089388808236e-05
たい	O=0.9999732971191406|NORM=2.5934943550964817e-05
です	O=0.9999750852584839|NORM=2.4264216335723177e-05
。	O=0.9998053908348083|NORM=0.0001929392892634496
おもろい	NORM=0.9874972105026245|O=0.012475511059165001
ん	NORM=0.9876415729522705|O=0.012287096120417118
でしょ	O=0.9999672174453735|NORM=3.218455094611272e-05
う	O=0.9999697208404541|NORM=2.972929178213235e-05
か	O=0.9999741315841675|NORM=2.5230649043805897e-05
?	O=0.9999635219573975|NORM=3.5690511140273884e-05

