gila	O
ini	O
gemes	NORM
bgt	NORM
,	O
jd	NORM
kan	O
krn	NORM
gue	NORM
gabut	O
bgt	NORM
,	O
gue	NORM
akhirnya	O
kembali	O
ke	O
hobi	O
jaman	NORM
sd	O
gue	NORM
yaitu	O
menulis	O
,	O
terus	O
gue	NORM
akhirnya	O
memberanikan	O
diri	O
utk	NORM
post	O
di	O
sosmed	O
nih	O
ceritanya	O
,	O
eh	O
ada	O
yg	NORM
comment	O
tbtb	NORM
"	O
idek	O
your	O
language	O
but	O
i'm	NORM
so	O
going	O
to	O
read	O
it	O
,	O
i'll	NORM
put	O
it	O
in	O
google	O
translate	O
"	O
-	O

@sicfallacy	O
kan	O
.	O
acknowledge	O
ni	O
real	O
issue	O
.	O
mmg	NORM
ramai	O
ikat	O
perut	O
,	O
takda	NORM
bilik	O
proper	O
.	O
kawan	O
i	O
dulu	O
um	O
after	O
ptptn	O
left	O
rm600	O
for	O
6	O
months	O
.	O
so	O
basically	O
parent	O
bagi	O
belanja	O
.	O
he's	NORM
lucky	O
.	O
but	O
yang	O
takde	NORM
source	O
?	O
janganlah	O
nak	O
hentam	NORM
rata	O
iphone	O
,	O
tengok	O
wayang	O
bla	NORM
bla	NORM
.	O
they're	NORM
not	O
,	O
and	O
exist	O
.	O

@askmenfess	O
yg	NORM
ada	O
jinnya	O
itu	O
?	O
nyimpen	NORM
gua	NORM
keknya	NORM
dibookmark	NORM
tapi	O
bukn	NORM
thread	O
sih	O
keknya	NORM
ssan	O
gtu	NORM

missed	O
calls	O
oleh	O
ryan	O
oakes	O
https://t.co/90iwqevzbx	O

youngk	O
cant	NORM
you	O
please	O
.	O
dying	O
sama	O
improvisasi	O
nya	O

@askmenfess	O
apa	O
gua	NORM
doang	NORM
ya	O
yg	NORM
not	O
even	O
care	O
:))	O
lo	NORM
mau	O
bontel	O
kek	NORM
asal	O
care	O
itu	O
cowo	NORM
yg	NORM
joss	O
wkwkwk	O

@willprasss	O
btw	O
i'm	NORM
not	O
man	O
enough	O
deng	O
yg	NORM
terakhir	O
wkwk	O

@liyurizarira	O
syukurlah	O
!	O
duh	O
seneng	NORM
bacanya	O
.	O
tapi	O
kalo	NORM
kapanpun	O
kamu	O
merasa	O
regress	O
/	O
memburuk	O
lagi	O
,	O
jangan	O
ragu2	NORM
ke	O
psikiater	O
ya	O
.	O
i	O
really	O
wish	O
you	O
well	O
.	O

@clemefrain	O
/	O
uh	O
.	O
bakal	O
susah	O
?	O
gue	NORM
cuma	O
kepikiran	NORM
c-section	O
kalau	O
pun	O
laki-laki	O
nantinya	O
bisa	O
melahirkan	O
.	O
there's	NORM
not	O
enough	O
space	O
between	O
the	O
scrotum	O
and	O
the	O
anus	O
,	O
kalau	O
di	O
belakang	O
anus	O
udah	NORM
ketemu	O
pantat	O
.	O
man	O
idk	O
.	O
anatomy	O
makes	O
my	O
head	O
hurts	O
.	O
:(	O

nikmati	O
promo	NORM
of	O
the	O
week	O
booking	O
hotel	O
murah	O
di	O
indonesia	O
diskon	O
s.d	O
67%	O
https://t.co/6pjtsxqcgs..#promohotel	O
#hotelmurah	O
#liburan	O
#hotel	O

well	O
sebenernya	NORM
masih	O
banyak	O
loh	O
orang2	NORM
di	O
sekitar	O
kita	O
yg	NORM
.	O
gimana	O
ya	O
ngomongnya	O
.	O
masih	O
"	O
gaptek	NORM
"	O
lah	O
ya	O
,	O
ga	NORM
ngerti	NORM
fungsi	O
smartphone	O
buat	O
apa	O
selain	O
buat	O
wassap	O
sm	NORM
main	O
fb	O
gitu	NORM
,	O
yg	NORM
ga	NORM
pake	NORM
mikirin	NORM
lagi	O
apalagi	O
sampe	NORM
searching	O
sebab	O
akibat	O
dr	NORM
perbuatan	O
dia	O
apa	O
gitu	NORM
loh	O
.	O

disaat	O
lagi	O
butuh-butuhnya	O
.	O
hes	NORM
not	O
here	O

@dulatips	O
menang	O
dong	O
pasti	O
sandi	O
!	O
hidup	O
infrastruktur	O
langit	O
?	O
what	O
infrastruktur	O
langit	O

eksperimen	O
butter	O
rolls	O
,	O
walaupun	O
ada	O
yg	NORM
ke	O
lupa	O
stepnya	NORM
tapi	O
not	O
bad	O
lah	O
besok	O
bisa	O
coba	O
lagi	O
.	O
gagal	O
itu	O
biasa	O
~	O
https://t.co/5dybyt6yr6	O

@greschinov	O
1-2	O
orang	O
yang	O
spesifik	O
.	O
dan	O
segerombolan	O
orang	O
yang	O
tidak	O
spesifik	O
tapi	O
bisa	O
terasa	O
dari	O
perkataan	O
dan	O
tatapan	O
mereka	O
.	O
well	O
,	O
bisa	O
dibilang	O
"	O
lingkungan	O
di	O
masa	O
yang	O
lalu	O
"	O
.	O

@rsyswanto	O
baik	O
kkak	NORM
,	O
akan	O
kami	O
bantu	O
respon	NORM
via	O
dm	O
namun	O
sebelumnya	O
berkenan	O
follow	O
back	O
kami	O
terlebih	O
dahulu	O
?	O
guna	O
kami	O
bantu	O
infokann	NORM
detailnya	O
.	O
kami	O
tunggu	O
konfirmasi	O
selanjutnya	O
.	O
trims	NORM
-	O
raina	O

when	O
u	NORM
have	O
friends	O
kerjaannya	O
ngeduluin	O
u	NORM
ngomong	O
mulu	NORM
.	O
cc	O
:	O
samsolese	O
https://t.co/pcrtlfnsfz	O

@rainbowmnfs	O
ya	O
kalo	NORM
lu	NORM
mau	O
memperjuangin	NORM
dia	O
ampe	NORM
belok	O
jg	NORM
si	O
ya	O
gasalah	NORM
.	O
tp	NORM
ada	O
kan	O
cerita	O
org	NORM
belok	O
yg	NORM
suka	O
sm	NORM
str8	NORM
tp	NORM
cmn	NORM
dipake	NORM
doang	NORM
abis	NORM
itu	O
dibuang	O
?	O
well	O
choose	O
ur	NORM
act	O
wisely	O
aja	NORM
sih	O

@nadya_ninoth	O
sekarang	O
juga	O
gapapa	NORM
not	O
.	O
isi	O
wishlistnya	NORM
cuma	O
5	O
kok	O

@devyamh	O
ya	O
tandanya	O
dia	O
bokek	NORM
or	O
something	O
lah	O
wkwk	O

@unspokenshlt	O
gue	NORM
kayanya	NORM
ngomong	O
diakhir2	NORM
dah	O
'	O
so	O
its	NORM
not	O
what	O
i	O
think	O
u	NORM
r	NORM
saying	O
then	O
?	O
'	O
kalo	NORM
nggak	NORM
tinggal	O
jawab	O
nggak	NORM
gitu	NORM
loh	O
.	O
gue	NORM
ngomong	O
satu	O
hal	O
tbtb	NORM
lo	NORM
bales	NORM
bejibun	O
dan	O
tbtb	NORM
ada	O
aja	NORM
yg	NORM
out	O
of	O
context	O

@f_vivijkt48	O
u	NORM
perform	O
besop	NORM
apa	O
tudey	NORM
?	O

2	O
.	O
irsyad	O
itu	O
nyenenginnya	O
dia	O
nurut	NORM
kalo	NORM
dikasih	O
tau	NORM
,	O
terima	NORM
terima	NORM
aja	NORM
.	O
idk	O
he	O
will	O
do	O
it	O
or	O
not	O
.	O
he	O
respect	O
me	O
as	O
his	O
older	O
brother	O
.	O

tbtb	NORM
,	O
dia	O
masuk	O
lg	NORM
dan	O
ngmng	NORM
.	O
"	O
kayanya	NORM
di	O
rumah	O
ini	O
ada	O
hantu	O
nya	O
,	O
masa	O
vape	O
ditaro	NORM
rapih	NORM
bisa	O
jatoh	NORM
"	O
.	O
gua	NORM
jawablah	O
,	O
mungkin	O
angin	O
kenceng	NORM
.	O
but	O
posisi	O
di	O
situ	O
pintu	O
ketutup	NORM
semua	O
dan	O
micky	O
lg	NORM
tidur	O
.	O
so	O
.	O

#f1	O
:	O
lando	O
norris	O
merasa	O
dirinya	O
mengecewakan	O
tim	O
mclaren	O
usai	O
gagal	O
meraih	O
poin	O
dan	O
finis	NORM
di	O
p12	O
di	O
australia	O
.	O
di	O
sisi	O
lain	O
carlos	O
sainz	O
jr.	O
gagal	O
finis	NORM
akibat	O
masalah	O
mgu-k	O
https://t.co/7xbo1fknsu	O

orang	NORM
orang	NORM
tuh	O
ya	O
kenapa	O
si	O
padahal	O
im	NORM
trying	O
my	O
best	O
to	O
not	O
being	O
rude	O
atau	O
keliatan	NORM
sombong	O
atau	O
apalah	O
tapi	O
kenapa	O
si	O
klean	NORM
tuh	O
y	NORM
ngelunjak	O
bangsat	O
:))))))))))	O

ever	O
has	O
it	O
been	O
that	O
love	O
knows	O
not	O
its	O
own	O
depth	O
until	O
the	O
hour	O
of	O
separation	O
kahlil	O
gibran	O
(	O
cinta	O
tidak	O
akan	O
pernah	O
diketahui	O
kedalamannya	O
sampai	O
(	O
merasakan	O
)	O
jam-jam	O
perpisahan	O
)	O

@vandy_46	O
bosen	NORM
maen	NORM
begituaaaaan	NORM
.	O
not	O
my	O
type	O
binggooowww	NORM
.	O
ngantuk	NORM
duluan	O
yg	NORM
adaaaa	NORM
~	O

haiii	NORM
iyoooh	NORM
long	O
time	O
no	O
c	NORM
@loeysfairy61	O
what	O
r	NORM
u	NORM
doing	O
rn	NORM
?	O

list	O
tempat	O
yg	NORM
mau	O
didatengin	NORM
atau	O
kegiatan	O
yg	NORM
mau	O
dilakuin	NORM
sendirian	O
udah	NORM
di	O
list	O
.	O
okey	NORM
,	O
why	O
not	O
?	O
hehhehe	O
.	O

@indomymenfess	O
aku	O
tim	O
debat	O
sekolah	O
,	O
not	O
so	O
good	O
juga	O
sih	O
,	O
sering	O
masih	O
ada	O
salah	O
,	O
tapi	O
selama	O
latihan	O
awal-awal	O
klub	O
,	O
fokus	O
senior	O
aku	O
maksa	NORM
kita	O
buat	O
terbiasa	O
ngomong	O
sendiri	O
/	O
ngomong	O
depan	O
publik	O
.	O

babi	O
fillet	O
enak	O
not	O
bad	O
lah	O
tapi	O
haram	O
:(	O

@7bts__update	O
@bts_twt	O
era	O
spring	O
day	O
or	O
not	O
today	O
?	O
gak	NORM
tau	NORM
ahhh	O
pokoknya	O
pas	O
era	O
wings	O
tour	O
in	O
jakarta	O
:"))	O
.	O
#twitterbestfandom	O
#teambts	O
#soompiawards	O
@bts_twt	O

chatime	O
australia	O
nyetel	NORM
lagunya	O
stray	O
kids	O
,	O
coba	O
chatime	O
di	O
indo	NORM
dong	O
https://t.co/onsvieoptk	O

ketika	O
lw	NORM
kelar	NORM
makan	O
,	O
ngeliat	NORM
temen	NORM
lw	NORM
masih	O
makan	O
&	O
nyisain	NORM
kulit	O
ayam	O
dipinggiran	O
piring	O
,	O
dgn	NORM
rasa	O
peka	O
'	O
doi	O
pun	O
nyuruh	NORM
lw	NORM
ngabisin	NORM
sembari	O
curhat	O
klo	NORM
doi	O
gak	NORM
suka	O
kulit	O
ayam	O
.	O
gass	NORM
terooss	NORM
beruntungnya	O
hamba	O
https://t.co/vne8xgdja7	O

@altairquaria	O
not	O
bad	O
.	O
start	O
from	O
15k	O
.	O
enaakk	NORM
kok	O
.	O
gih	O
gih	O
cobain	O
kalo	NORM
dekat	O
.	O
hahaha	O

its	NORM
funny	O
when	O
fans	O
grup	O
a	O
yg	NORM
bikin	NORM
tweet	O
party	O
karna	NORM
anggota	O
grup	O
b	O
pensiun	O
lalu	O
di	O
send	O
hate	O
abis	NORM
abisan	NORM
,	O
trs	NORM
skrng	NORM
fans	O
grup	O
b	O
juga	O
mendukung	O
.	O
ih	O
lucu	O
:)	O

pgn	NORM
deh	O
ngerestart	NORM
kuliah	O
tp	NORM
maunya	O
dari	O
smt	NORM
2	O
bcs	NORM
smt	NORM
1	O
msh	NORM
maba	O
and	O
maba	O
lyfe	NORM
was	O
suck	O

#aboutme	O
.	O
i'm	NORM
#escort	O
.	O
tapi	O
jasaku	O
not	O
only	O
for	O
sex	O
.	O
seperti	O
di	O
video	O
ini	O
.	O
saya	O
menemani	O
my	O
partner	O
kind	O
.	O
untuk	O
ngopi	NORM
,	O
ngobrol	NORM
&	O
jalan	O
.	O
izin	O
rt	O
&	O
thank	O
u	NORM
suhu	O
.	O
@mastri1103	O
.	O
@jack19680	O
.	O
@luckypoin7	O
.	O
@bintaro_boi	O
.	O
@pondok_pria	O
.	O
@candupiijat	O
.	O
@gudangpijat2	O
.	O
@tomyescort	O
https://t.co/h6nywwc691	O

use	O
eyes	O
,	O
not	O
mouth	O
.	O
don't	NORM
ask	O
a	O
lot	O
,	O
try	O
to	O
find	O
out	O
,	O
bitches	O
!	O
jangan	O
tanya	O
artinya	O
!	O
cari	O
tau	NORM
sendiri	O
,	O
kentut	O
nyamuk	O
!	O

dan	O
bagi	O
yang	O
bertanya	NORM
tanya	NORM
apa	O
saja	O
paket	O
saya	O
.	O
paketku	O
all	O
service	O
but	O
not	O
only	O
about	O
sex	O
.	O
bisa	O
juga	O
hangout	O
&	O
trip	O
together	O
.	O
dan	O
soal	O
my	O
fee	O
,	O
saya	O
kasik	NORM
tau	NORM
mending	O
mahal	O
dikit	O
.	O
daripada	O
murah	O
tapi	O
maling	O
/	O
nipu	NORM
.	O
noted	O
.	O
langsung	O
dm	O
or	O
wa	O
yang	O
berminat	O
ya	O
.	O

lucas	O
akan	O
tuntut	O
ganti	O
rugi	O
luar	O
biasa	O
kepada	O
kpk	O
https://t.co/5j0rmaxp6e	O

@skeletale	O
selebtweet	O
yg	NORM
ada	O
di	O
ig	O
,	O
banyak	O
dari	O
mereka	O
yg	NORM
ngasih	NORM
inspirasi	O
.	O
the	O
real	O
influencers	O
plus	O
joviadhiguna	O
.	O
his	O
ig	O
stories	O
made	O
my	O
day	O
.	O

eaa	O
keimpulsifan	O
aku	O
kambuh	O
tbtb	NORM
mau	O
nonton	NORM
captain	O
marvel	O
lagi	O

@sofia_ardani	O
@senapati_new	O
@sandiuno	O
bang	O
sandi	O
hadapi	O
seorang	O
politisi	O
,	O
bukan	O
ketua	O
mui	O
yang	O
kiyai	O
.	O
do	O
not	O
let	O
your	O
supporters	O
down	O
bang	O
sandi	O
!	O

well	O
,	O
pengalaman	O
ini	O
masih	O
belom	NORM
disamakan	O
dengan	O
pengalaman	O
kalo	NORM
udah	NORM
padet	NORM
dan	O
sesak	O
.	O
gua	NORM
yakin	O
mrt	O
ini	O
akan	O
jadi	O
moda	O
transportasi	O
yang	O
diminati	O
ketika	O
sudah	O
diresmikan	O
karena	O
cepat	O
dan	O
tepat	O
waktu	O
.	O

@partaisocmed	O
udh	NORM
gk	NORM
ada	O
gorengan	O
lg	NORM
bos	O
@partaisocmed	O
.	O

@lix_lee007	O
i'm	NORM
not	O
ok	NORM
.	O
gak	NORM
dapet	NORM
ga	NORM
ikon	O
dr	NORM
ko	NORM
@lix_lee007	O

keberagaman	O
bukan	O
alasan	O
kita	O
sebagai	O
masyarakat	O
indonesia	O
untuk	O
bertengkar	O
.	O
#wapreskukyai	O
@pacciwaringin	O
@lukyrp_	O
@pangeransiahaan	O
@saefull_not_ink	O
@putrajayahusin	O
.	O
#jkwdodopresidenku	O
#jkwhebat	O
#jokowidodo	O
?	O
#viralkan	O
!	O
#sebarkan	O
!	O
#bagikan	O
!	O
#pleasespread	O
!	O
https://t.co/xyfdozrdfh	O

apa	O
yang	O
membuat	O
kamu	O
harus	O
punya	O
sosmed	O
?	O
waw	O
,	O
its	NORM
been	O
a	O
long	O
time	O
im	NORM
not	O
using	O
this	O
app	O
btw	O
,	O
cuma	O
mau	O
liat	NORM
liat	NORM
info	O
sekitar	O
aja	NORM
kok	O
https://t.co/pwljqsjaw0	O

debat	O
ketiga	O
pemilihan	O
presiden	O
-	O
wakil	O
presiden	O
2019	O
.	O
2	O
kata	O
aja	NORM
well	O
done	O
!	O
.	O
indonesia	O
2.0	O
,	O
kartu	O
sakti	O
anti	O
ribet	NORM
anti	O
mafia	O
kartu	O
,	O
e-ktp	O
.	O
https://t.co/km95j7t0bf	O

@catepadang	O
yang	O
mau	O
ngatain	O
atta	O
yok	NORM
yok	NORM
louder	O
guys	O
!	O
you	O
not	O
alone	O
!	O

jangan	O
lupa	O
terus	O
bersyukur	O
pada	O
tuhan	O
.	O

membahayakan	O
.	O
udah	NORM
saatnya	O
"	O
berkreasi	O
"	O
mengunakan	O
hemp	O
untuk	O
bahan	O
baku	O
pembuatan	O
plastik	O
yang	O
aman	O
,	O
murah	O
,	O
dan	O
ramah	O
lingkungan	O
.	O
karena	O
plastik-plastik	O
berbahan	O
dasar	O
hemp	O
hanya	O
perlu	O
beberapa	O
minggu	O
,	O
bahkan	O
beberapa	O
hari	O
untuk	O
terurai	O
.	O
yes	O
,	O
don't	NORM
panic	O
,	O
hemp	O
not	O
marijuana	O
.	O
https://t.co/wvupykwfna	O

@ditjen_imigrasi	O
mohon	O
tampilan	O
website	O
di	O
mobile	O
diperbaiki	O
,	O
susah	O
banget	NORM
pilih	O
tanggal	O
dan	O
back	O
ke	O
halaman	O
pilihan	O
kantor	O
imigrasi	O
gk	NORM
friendly	O
used	O
mobile	O
interfacenya	NORM
.	O
aplikasi	O
di	O
appstore	O
jg	NORM
gk	NORM
ada	O

kesel	NORM
itu	O
when	O
u	NORM
uda	NORM
ngantuk	NORM
mau	O
tidur	O
tp	NORM
tbtb	NORM
laper	NORM

jawabannya	O
kgn	NORM
or	O
susah	O
lupain	O
wkwk	O
https://t.co/mqgnawo48p	O

baru	O
mulai	O
memantau	O
#debatcawapres2019	O
8	O
menit	O
terakhir	O
.	O
not	O
bad	O
pak	O
maruf	O
,	O
kirain	O
bakal	O
abis	NORM
waktunya	O
buat	O
ngambil	NORM
napas	O
.	O
pak	O
sandi	O
yaaaaaa	NORM
begitu	O
aja	NORM
seperti	O
biasa	O

back	O
to	O
basic	O
,	O
emg	NORM
ada	O
aja	NORM
jalannya	O

@not_kirei	O
@wr200465	O
utk	NORM
tata	O
laksana	O
cover	O
obat	O
bs	NORM
diliat	NORM
pd	NORM
undang2	NORM
.	O
trastuzumab	O
masih	O
dicover	NORM
bpjs	O
tp	NORM
penggunaan	O
trastuzumab	O
utk	NORM
stadium	O
3	O
tdk	NORM
lg	NORM
efektif	O
menurut	O
dewan	O
uji	O
klinis	O
,	O
jd	NORM
apakah	O
utk	NORM
stad	NORM
3	O
msh	NORM
dicover	NORM
bd	O
dibc	NORM
lg	NORM
pd	NORM
uunya	O
.	O

ini	O
kemarin	O
bahkan	O
ada	O
yang	O
nyalahin	NORM
vip	O
yang	O
terutama	O
sering	O
ngritik	NORM
seungri	O
gak	NORM
sebagus	O
talenta	O
hyungnya	O
,	O
makanya	O
dia	O
gak	NORM
dengerin	NORM
hyungnya	O
,	O
terus	O
berbisnis	O
untuk	O
pembuktian	O
diri	O
.	O
mannnnn	NORM
.	O
that's	NORM
not	O
an	O
excuse	O
-___-	O

buat	O
yang	O
nungguin	NORM
after	O
credit	O
keduanya	O
capt	NORM
marvel	O
mening	NORM
gausaaaaa	NORM
not	O
worth	O
ur	NORM
time	O

@irsyadashiedy	O
am	O
not	O
sure	O
so	O
.	O
ttg	NORM
percaya	O
atau	O
ga	NORM
percaya	O
kalo	NORM
udah	NORM
begini	O
,	O
kalau	O
pake	NORM
logika	O
sederhana	O
biasa	O
sih	O
ya	O
gabisa	NORM
begitu	O
.	O
kalau	O
keluarga	O
gua	NORM
ngandelin	NORM
penghasilan	O
bapak	O
gua	NORM
aja	NORM
dengan	O
keadaan	O
anaknya	O
ada	O
4	O
dan	O
rese2	NORM
ini	O
yaaa	NORM
gimana	O
ya	O
.	O

untuk	O
budaya	O
pun	O
hampir	O
sama	O
,	O
meskipun	O
sudah	O
proses	O
untuk	O
indonesiasentris	O
beberapa	O
tahun	O
belakangan	O
.	O
but	O
theres	NORM
still	O
ignorance	O
everywhere	O
,	O
not	O
only	O
on	O
the	O
government	O
,	O
tapi	O
juga	O
dalam	O
masyarakat	O
luas	O
.	O

btw	O
last	O
sunday	O
was	O
the	O
best	O
sunday	O
ever	O
!	O
ya	O
soalnya	O
bisa	O
ngeblend	NORM
di	O
rumah	O
pejaten	O
sama	O
semua	O
and	O
still	O
feels	O
like	O
home	O
.	O
thanks	O
for	O
having	O
me	O
guys	O
!	O

untungnya	O
udh	NORM
mau	O
transit	O
gw	NORM
yg	NORM
kek	NORM
well	O
finally	O
dia	O
ke	O
sudirman	O
aq	NORM
ke	O
depok	O

@yozariam	O
@heyitsmonde	O
i	O
was	O
so	O
triggered	O
.	O
i	O
tried	O
my	O
best	O
to	O
calm	O
down	O
.	O
i	O
fought	O
hard	O
not	O
to	O
say	O
anything	O
.	O
tapi	O
makeup	O
30k	O
sebulan	O
ya	O
mending	O
kerja	O
aja	NORM
gak	NORM
usah	O
kawin	O
kl	NORM
yg	NORM
tersedia	O
laki	NORM
model	O
begini	O
.	O

the	O
end	O
still	O
not	O
seen	O
.	O
ini	O
kerjaan	O
beneran	NORM
baru	O
kelar	NORM
kalau	O
resign	O
:''''')	O

@oktafianipina	O
all	O
is	O
well	O
pin	O
,	O
cerita	O
aja	NORM
semua	O
yang	O
mau	O
diceritain	NORM
.	O
insyallah	NORM
jadi	O
renungan	O
buat	O
yg	NORM
baca	O
juga	O
.	O
ngomongin	NORM
esensi	O
hidup	O
dan	O
merenungin	NORM
semua	O
hal	O
,	O
kayanya	NORM
lumrah	O
bgt	NORM
gak	NORM
sih	O
diumur2	NORM
kita	O
skrg	NORM
ini	O
?	O
hug	O

@irwangunadiart	O
no	O
.	O
not	O
like	O
that	O
.	O
kalau	O
anda	O
sering	O
hunting	O
bareng	NORM
,	O
lalu	O
sering	O
baca	O
koran	O
,	O
terasa	O
mana	O
foto	O
setingan	NORM
dan	O
mana	O
dari	O
realita	O
asli	O
.	O

bodyguard	O
series	O
is	O
not	O
bad	O
.	O
jalan	O
ceritanya	O
gak	NORM
ketebak	O
.	O
masih	O
penasaran	O
siapa	O
yang	O
baik	O
siapa	O
yang	O
jahadd	NORM
.	O

okeh	NORM
.	O
akhirnya	O
nyampe	NORM
dan	O
sudah	O
duduk	O
dg	NORM
cantik	O
di	O
sini	O
.	O
dr	O
.	O
heri	O
,	O
ibet	O
want	O
to	O
see	O
you	O
and	O
have	O
some	O
of	O
discuss	O
.	O
jesus	O
leads	O
.	O
https://t.co/fqnlrsvjon	O

when	O
overheard	O
krl	O
jadi	O
trending	O
dan	O
banyak	O
yg	NORM
bikin	NORM
ngakak	NORM
.	O
saya	O
yg	NORM
sehari2	NORM
overheard	O
busway	O
cuma	O
.	O
"	O
semanggi	O
lewat	O
ngga	NORM
mas	O
?	O
"	O
.	O
"	O
jut	O
"	O
.	O
"	O
song	O
"	O
.	O
"	O
pluit	O
grogol	O
"	O
.	O
"	O
laki2nya	NORM
tolong	O
kebelakang	O
ya	O
"	O
.	O
"	O
.	O
"	O
.	O
"	O
rus	O
"	O

uwww	NORM
what	O
a	O
closing	O
bang	O
sandi	O
!	O
.	O
god	O
game	O
well	O
played	O
,	O
.	O
1	O
card	O
for	O
all	O
,	O
gak	NORM
usah	NORM
banyak2	NORM
kartu	O
di	O
dompet	O
malah	O
jd	NORM
tebel	NORM

ja	O
share	O
:	O
kades	O
kedumulyo	O
pati	O
didakwa	O
selewengkan	O
dana	O
desa	O
https://t.co/9lzogzj9dj	O
https://t.co/hccspqsuv4	O

alonsoooo	NORM
,	O
masyaallah	O
deh	O
.	O
emerson	O
is	O
not	O
even	O
on	O
the	O
bench	O
.	O
mau	O
bilang	O
fokus	O
di	O
europa	O
league	O
aja	NORM
tapi	O
yaa	NORM
gimana	O
mainnya	O
masih	O
suka	O
lawak	O
begini	O

kebab	O
dibalik	O
babek	O
(	O
mirip	O
bebek	O
)	O
.	O
bebek	O
bahasa	O
turki	O
dari	O
bayi	O
.	O
coincidence	O
?	O
i	O
think	O
not	O
.	O
https://t.co/wetedwbgtp	O

asdfghjkklq02fkg03!?&gt;slfest[s03	O
.	O
udah	NORM
hampir	O
jadi	O
,	O
malah	O
not	O
responding	O
.	O
tit	O
.	O

not	O
cuma	O
ada	O
12	O
tapi	O
bisa	O
bikin	NORM
berjuta2	NORM
melodi	O
.	O
sama	O
kayak	NORM
kita	O
,	O
cuma	O
ada	O
dua	O
,	O
tapi	O
bikin	NORM
dunia	O
jd	NORM
warna-warni	O
teens_abel	O

@gguweols	O
@rlthingy	O
not	O
even	O
jesus	O
can	O
save	O
you	O
kenapa	O
sih	O

@cesiliabatsyua	O
iyaa	NORM
lancar	O
masuk	O
situ	O
sil	O
,	O
pas	O
cek	O
examnya	O
lagi	O
ttp	NORM
not	O
found	O
gitu	NORM
.	O
ntah	NORM
lah	O
huhu	O

@caratsmarket	O
handcream	O
jp	O
110k	O
,	O
photo	O
set	O
carland	O
30k	O
,	O
tc	O
ideal	O
cut	O
/	O
final	O
scene	O
20k	O
,	O
ada	O
shopee	O
jg	NORM
https://t.co/gc2citntwv	O

tl	O
isinya	O
si	O
@serpentfangs	O
ngelike	NORM
foto	O
cewe	NORM
terus	O
,	O
but	O
i'm	NORM
not	O
complaining	O
tho	NORM
https://t.co/no2w4piwno	O

@partaisocmed	O
@habibthink	O
omnya	O
ni	O
not	O
rekomended	NORM
.	O
yg	NORM
kluar	NORM
dri	NORM
mulutnya	O
sering	O
bau	O
.	O
xixi	O

@dinnatazkiana	O
aaaaaa	O
kasiaaan	NORM
get	O
well	O
soon	O
abizar	O
,	O
semangat	O
ibuuuk	NORM
jangan	O
kalah	O
virus	O
skrg	NORM
aneh2	NORM
dan	O
kuat	O
bgttt	NORM
semangatttt	NORM
https://t.co/vskxrftsir	O

bullsit	NORM
ajg	NORM
not	O
as	O
easy	O
as	O
what	O
you	O
think	O
bitch	O
,	O
karena	O
apa	O
?	O
duit	O
bisa	O
segalanya	O
bosque	O
,	O

@rlthingy2	O
strong	O
power	O
thank	O
you	O
.	O
infires	O
man	O
.	O
lacibolala	O
.	O
kkaepjang	O
.	O
you	O
got	O
no	O
jams	O
.	O
atelelele	O
.	O
you	O
can	O
do	O
it	O
,	O
friends	O
!	O
you	O
can	O
do	O
it	O
.	O
tukala	O
tukala	O
tuka	O
tukala	O
.	O
lezzgedit	O
.	O
respekt	NORM
!	O

semangaat	NORM
siang	O
.	O
done	O
.	O
sosialisasi	O
pengelolaan	O
sampah	O
kawasan	O
usaha	O
.	O
hari	O
ini	O
dunia	O
usaha	O
wilayah	O
jakarta	O
utara	O
.	O
jakarta	O
terus	O
bergerak	O
.	O
semoga	O
pembuangan	O
sampah	O
ke	O
tpa	O
bantar	O
gebang	O
terus	O
berkurang	O
.	O
selalu	O
ada	O
cerita	O
.	O
salam	O
clean	O
and	O
green	O
.	O
wilda	O
yanti	O

belom	NORM
di	O
save	O
,	O
not	O
responding	O
,	O
force	O
close	O
,	O
pas	O
dibuka	O
ga	NORM
recovered	O
.	O
sedih	O
akutuh	NORM
https://t.co/rvq18farjj	O

lovely	O
writing	O
dari	O
teman	O
paling	O
kesayangan	O
aku	O
.	O
well	O
,	O
we	O
all	O
here	O
can	O
relate	O
to	O
it	O
!	O
kamu	O
harus	O
baca	O
!	O
.	O
impossible	O
&	O
inevitable	O
by	O
@beaunewham	O
https://t.co/npnwlj21m9	O

@abctdik	O
bukannya	O
susah	O
,	O
soalnya	O
pernah	O
kaya	O
gt	NORM
but	O
he's	O
not	O
care	O
haha	O

@jeffriwprasetya	O
jeffri	O
bergumam	O
lembut	O
,	O
entah	O
setuju	O
atau	O
mempertanyakan	O
objektivitas	O
pernyataanku	O
barusan	O
.	O
but	O
yeah	O
,	O
who	O
cares	O
?	O
aku	O
nggak	NORM
terlalu	O
memikirkannya	O
.	O
karena	O
sekarang	O
dia	O
menatapku	O
dengan	O
intensi	O
berbeda	O
.	O
well	O
.	O
not	O
here	O
,	O
jeff	O
.	O
(	O
@jeffriwprasetya	O
)	O

@natashaurora	O
youre	NORM
not	O
aloneee	NORM
wkwkwk	O

@psithuirsm	O
@yaoisociety	O
|	O
nih	O
saya	O
muncul	O
,	O
coba	O
kenalannya	O
sama	O
yg	NORM
ini	O
.	O
gampang	O
akrab	O
tapi	O
jangan	O
harap	O
sikap	O
yg	NORM
manis	O
dan	O
cute	O
gitu	NORM
ya	O
because	O
i	O
can	O
not	O
https://t.co/vokah4fwn3	O

ada	O
.	O
1	O
.	O
ektp	O
gw	NORM
dah	O
pake	NORM
chip	O
.	O
2	O
.	O
wkt	NORM
itu	O
pernah	O
ke	O
dukcapil	O
,	O
ambil	O
nomor	O
antrian	O
kudu	NORM
nempelin	NORM
ktp	O
ke	O
mesin	O
.	O
3	O
.	O
bppt	O
juga	O
dah	NORM
bikin	NORM
alat	O
utk	NORM
ngedetect	NORM
chip	O
ektp	O
(	O
cari	O
di	O
youtube	O
deh	O
,	O
akun	O
resmi	O
bppt	O
)	O
.	O
4	O
.	O
lu	NORM
bs	NORM
cek	O
sendiri	O
ektp	O
lu	NORM
udah	NORM
berchip	O
or	O
blm	NORM
pake	NORM
nfc	O
di	O
hp	O
https://t.co/kc90pyg6uj	O

@nawarinauy	O
@askmenfess	O
not	O
really	O
ehehe	O
,	O
mungkin	O
km	NORM
belom	NORM
nemu	NORM
sahabat	O
yg	NORM
sebenarnya	O

@padioyan	O
@vife70664464	O
@orang_atjeh	O
@_ainz__	O
@mokinishinaide	O
@senapati_new	O
@ade_massa	O
@deechan3007	O
@majapahitprabu	O
@micheladamnew	O
@trikoradwikora	O
@doc_tetty88	O
@fahlepi_reyza	O
@hananiaq	O
@bellysetiawan92	O
@suparno08052468	O
@anzarayuli	O
@hendra_upn	O
@winarko_yuli	O
@frozen145146	O
@muchtar_endi	O
@rudi2906rs	O
@badrobotchkdsk	O
@abiiddzoe	O
@yudi29301079	O
@isephs	O
@wawat31971051	O
@nazaro_u	O
@sangbuih	O
@innayaputri72	O
@nansranca	O
@d4m4r_ss	O
@bocah_kinei	O
@ezha_id	O
@angelycanayoan2	O
@an_nisaa_almeer	O
@karaeng_dillong	O
@h_p4s	O
@ardiard20620929	O
@dadarull98765	O
@dherma98	O
@richan51yahooc1	O
@irmmacantik	O
@marmut_keren	O
@larry39359271	O
@gametvsport	O
@dk_2_indonesia	O
@syafrinkar	O
@prabowo	O
tapi	O
kalo	NORM
aku	O
menor	O
yaa	NORM
.	O
pake	NORM
spiker	NORM
jingjing	O
.	O
#inaelectionobserversos	O

"	O
hal-hal	O
'	O
kecil	O
'	O
yg	NORM
kita	O
anggap	O
remeh	O
,	O
seperti	O
gampang	O
bohong	O
,	O
gampang	O
marah	O
,	O
bisa	O
jadi	O
sumber	O
petaka	O
di	O
kemudian	O
hari	O
.	O
if	O
s/he	O
wants	O
to	O
change	O
,	O
good	O
.	O
if	O
not	O
?	O
will	O
you	O
be	O
their	O
superhero	O
?	O
"	O
-	O
@jennyjusuf	O
https://t.co/xez9jyprus	O

@icechopath	O
mainstream	O
.	O
aku	O
anti	O
mainstream	O
.	O
dan	O
berisik	O
sensasionalis	NORM
gt	NORM
.	O
gasuka	NORM
.	O
sukanya	O
yg	NORM
tenang	O
dan	O
mendidik	O
,	O
kayak	NORM
hmm	O
wendover	O
production	O
,	O
jeremy	O
ethier	O
,	O
what	O
i've	NORM
learned	O
,	O
dll	O
.	O
beda	O
selera	O
aja	NORM
sih	O
basically	O

if	O
its	NORM
not	O
for	O
woo	O
joos	O
family	O
,	O
id	NORM
totally	O
ditch	O
sky	O
castle	O
.	O
kerjaannya	O
marah-marah	O
mulu	NORM
sih	O
.	O
ibu-ibu	O
yang	O
rambutnya	O
panjang	O
juga	O
rasanya	O
pengin	NORM
gue	NORM
tarik	O
congornya	O
.	O
julid	O
mulu	NORM
:(((	O

in	O
the	O
future	O
,	O
bots	O
,	O
not	O
docs	O
,	O
will	O
diagnosis	O
your	O
disease	O
(	O
dari	O
public	O
lecture	O
pak	O
ronny	O
adhikarya	O
di	O
fkm	O
ui	O
)	O
.	O
ayo	O
indonesia	O
harus	O
siap	O
!	O
semoga	O
lewat	O
@inovator4id	O
anak	O
bangsa	O
bisa	O
berkarya	O
.	O
cc	O
:	O
@budimandjatmiko	O
https://t.co/jvwisnndxd	O

akhirnya	O
bisa	O
juga	O
bikin	NORM
not	O
balok	O
sekalian	O
not	O
angkanya	O
.	O
#udarulli	O
#msischool	O
#musisi	O
#notasimusik	O
#teorimusik	O
#gurumusik	O
#sekolahmusik	O
#kursusmusik	O
#kuliahmusik	O
@username	O
jakarta	O
,	O
indonesia	O
https://t.co/l4flytf9bi	O

nyobain	NORM
psd	O
ke	O
muka	O
gue	NORM
.	O
hm	O
not	O
bad	O
!	O
https://t.co/yc46wk4gyx	O

#motivasibijak	O
#motivasi	O
.	O
#motivation	O
#motivated	O
.	O
which	O
brings	O
suffering	O
is	O
not	O
a	O
problem	O
in	O
itself	O
,	O
but	O
our	O
reaction	O
when	O
facing	O
it	O
.	O
yang	O
membawa	O
penderitaan	O
bukanlah	O
masalah	O
itu	O
sendiri	O
,	O
melainkan	O
reaksi	O
kita	O
saat	O
menghadapinya	O
.	O
https://t.co/ev42mbne2f	O

ada	O
kontes	O
webtoon	O
nih	O
pengen	NORM
banget	NORM
ikut	O
.	O
pingin	NORM
masukin	NORM
tema	O
"	O
missing	O
someone	O
who	O
doesnt	NORM
even	O
care	O
"	O

im	NORM
not	O
your	O
type	O
,	O
makannya	NORM
aku	O
cari	O
orang	O
lain	O
ujar	O
dia	O
.	O
selama	O
ini	O
aku	O
bales	NORM
chat	O
cepet	NORM
.	O
kamu	O
anggap	O
apa	O
!	O
remahan	O
stiker	O

sekarang	O
ada	O
penembakan	O
di	O
utrech	O
.	O
whats	NORM
going	O
on	O
people	O
?	O

gak	NORM
cuma	O
formalitas	O
aja	NORM
gitu	NORM
nanya	NORM
,	O
kenapa	O
?	O
oo	O
gt	NORM
.	O
ngangguk2	NORM
.	O
ok	NORM
.	O
alergi	O
obat	O
?	O
ok	NORM
.	O
saya	O
resep	O
ya	O
.	O
gue	NORM
sebel	O
bgt	NORM
sama	O
yg	NORM
begini	O
.	O
sorry	O
not	O
sorry	O
,	O
i	O
need	O
to	O
discuss	O
what	O
happened	O
with	O
my	O
body	O
.	O
what	O
should	O
i	O
do	O
and	O
so	O
on	O
and	O
so	O
on	O
.	O
gak	NORM
cuma	O
minum	O
obat	O
dr	NORM
resep	O
.	O

well	O
.	O
sesuai	O
perkiraan	O
bos	O
sarri	O
cuma	O
mau	O
ketemu	O
napoli	O
di	O
final	O
.	O
https://t.co/ixfije2emj	O

tix	O
id	O
ini	O
semacam	O
nomat	O
a.k.a	O
nonton	NORM
hemat	O
is	O
back	O
but	O
in	O
digital	O
way	O
.	O
kmrn	NORM
cuma	O
top	O
up	O
50	O
rb	NORM
buat	O
nonton	NORM
pas	O
di	O
solo	O
kepake	NORM
cuma	O
28	O
rb	NORM
.	O
td	NORM
iseng	O
liat	NORM
jadwal	O
film	O
us	O
dan	O
ternyata	O
saldo	O
masih	O
cukup	O
.	O
lgsg	NORM
sikatlah	O
.	O

404	O
not	O
found	O
.	O
susah	O
emang	NORM
nonton	NORM
seokyu	O
-	O
way	O
back	O
into	O
love	O
versi	O
hd	O
https://t.co/v9bg2by8sv	O

@exovotingteam	O
@weareoneexo	O
@b_hundred_hyun	O
@layzhang	O
not	O
yet	O
.	O
kayanya	NORM
aku	O
sama	O
kaya	O
yg	NORM
11	O
admin	NORM
deh	O
can	O
not	O
move	O
on	O
to	O
the	O
reality	O
.	O
#twitterbestfandom	O
.	O
#soompiawards	O
.	O
#teamexo	O
.	O
@weareoneexo	O
.	O
@b_hundred_hyun	O
.	O
@layzhang	O
.	O
#exo	O

@twinklestarr_	O
brrt	NORM
ada	O
something	O
nih	O
pas	O
kalian	O
msh	NORM
pacaran	O

jangan	O
kamu	O
tanya	O
,	O
apa	O
yang	O
negara	O
bisa	O
berikan	O
padamu	O
.	O
tapi	O
tanyalah	O
pada	O
dirimu	O
sendiri	O
,	O
apa	O
yang	O
telah	O
kamu	O
baktikan	O
pada	O
negaramu	O
?	O
.	O
*	O
well	O
said	O
!	O
.	O
#pilpres2019	O
https://t.co/e3he7mf7gr	O

sebelumnya	O
cek	O
resi	O
6	O
hari	O
lalu	O
.	O
hasilnya	O
on	O
process	O
.	O
dan	O
hari	O
ini	O
saya	O
cek	O
ulang	O
keterangannya	O
malah	O
not	O
found	O
.	O
ini	O
gimana	O
ya	O
@jnecare	O
soalna	NORM
barang	O
belom	NORM
sampai	O
.	O
customernya	NORM
udh	NORM
ngeluh	NORM
ajaaa	NORM
ke	O
saya	O
!	O
https://t.co/sxz1gbqalt	O

pengangguran	O
kek	NORM
w	NORM
can't	NORM
relate	O
bbsgddd	NORM

not	O
cuma	O
ada	O
12	O
tapi	O
bisa	O
bikin	NORM
berjuta2	NORM
melodi	O
.	O
sama	O
kayak	NORM
kita	O
,	O
cuma	O
ada	O
dua	O
,	O
tapi	O
bikin	NORM
dunia	O
jd	NORM
warna-warni	O
teens_adel	O

@yourbaebear	O
@fanbasebokep2	O
not	O
today	O
hehe	O
lagi	O
kerja	O
nih	O

please	O
do	O
some	O
magic	O
,	O
god	O
.	O
saat	O
ini	O
ibu	O
saya	O
dirawat	O
dan	O
hb	O
7.9	O
.	O
beliau	O
butuh	O
750cc	O
golongan	O
o+	O
.	O
anak2	NORM
dan	O
suami	O
semua	O
golongan	O
darah	O
b+	O
.	O
jika	O
berkenan	O
,	O
saya	O
tunggu	O
di	O
rs	O
fatmawati	O
.	O
hanya	O
butuh	O
3	O
pendonor	O
golongan	O
darah	O
o+	O
domisili	O
jakarta	O
selatan	O
untuk	O
mempersingkat	O
waktu	O

tahun	O
lalu	O
,	O
i	O
recommend	O
one	O
of	O
my	O
client	O
to	O
put	O
their	O
ads	O
on	O
mrt	O
(	O
station	O
or	O
the	O
train	O
itself	O
)	O
.	O
tak	O
ada	O
yg	NORM
percaya	O
,	O
not	O
even	O
my	O
boss	O
.	O
dan	O
liat	NORM
siapa	O
skrg	NORM
yg	NORM
udh	NORM
pasang	O
billboard	O
segede	NORM
gaban	O
di	O
station	O
mrt	O
.	O
masa	O
trial	O
mrt	O
,	O
orang	O
foto2	NORM
dgn	NORM
latar	O
belakang	O
pilar	O
itu	O
.	O
ck	O

@unworthy_shit	O
at	O
worlds	O
ends	O
nya	O
mana	O
?	O

its	NORM
kinda	NORM
weird	O
while	O
you	O
chat	O
with	O
someone	O
your	O
not	O
really	O
past	O
.	O
terus	O
dia	O
entah	O
pura	NORM
pura	NORM
atau	O
emang	NORM
gatau	NORM
dah	O
beneran	NORM
apa	O
engga	NORM
lupa	O
dan	O
ngapus	NORM
kontak	O
.	O
emosi	O
.	O

@stnrl	O
sebenarnya	O
melihat	O
seseorang	O
baik	O
dan	O
buruknya	O
bukan	O
berdasarkan	O
agamanya	O
tetapi	O
emang	NORM
lihat	O
sifat	O
orangya	NORM
dan	O
perilaku	O
but	O
not	O
based	O
his	O
religion	O

@indomymenfess	O
so	O
what	O
,	O
setting	O
di	O
bagian	O
yang	O
reff	O
dijamin	O
kaget	O
.	O
not	O
today	O
sama	O
fire	O
juga	O

ig	O
ada	O
storiesnya	NORM
.	O
fb	O
ada	O
storiesnya	NORM
.	O
wa	O
ada	O
storiesnya	NORM
.	O
sekarang	O
twitter	O
ada	O
storiesnya	NORM
.	O
tinggal	O
nunggu	NORM
bca	O
mobile	O
ada	O
storiesnya	NORM
nih	O
,	O
biar	O
bisa	O
post	O
sisa	O
saldo	O
pake	NORM
backsound	O
you	O
raise	O
me	O
up	O

inside	O
:	O
not	O
ready	O
for	O
usbn	O
unbk	O
utbk	O
simak	O
utul	O
iup	O
dll	O
!	O
.	O
outside	O
:	O
https://t.co/z1wivnxthc	O

@kzahras	O
samaa	NORM
,	O
that	O
and	O
slept	O
on	O
top	O
of	O
my	O
chest	O
.	O
not	O
on	O
the	O
sides	O
or	O
feet	O
,	O
above	O
.	O
saatnya	O
mengajari	O
dia	O
tidur	O
di	O
luar	O
lagi	O
.	O

i'm	NORM
not	O
into	O
politics	O
btw	O
.	O
cuma	O
kasian	NORM
aja	NORM
ini	O
dosen	O
gw	NORM
orangnya	O
baik	O
tapi	O
diginiin	O
sama	O
makhluk	O
ga	NORM
bertanggung	O
jawab	O

@ilyxmn	O
folo	NORM
back	O
cpt	NORM

search	O
shoes	O
,	O
not	O
met	O
[	O
susi	O
anggraeni	O
&	O
dede	O
kurniasih	O
]	O
.	O
https://t.co/acs4syzri3	O
#ramadhanelhaq	O

heran	O
sama	O
sarah	O
.	O
giliran	O
ngetweet	NORM
feel	O
free	O
to	O
unfollow	O
,	O
eh	O
malah	O
dia	O
baru	O
follback	O

i	O
was	O
just	O
walking	O
in	O
a	O
mall	O
with	O
nyonyah	NORM
when	O
i	O
caught	O
a	O
40	O
-	O
something	O
creep	O
staring	O
at	O
her	O
ass	O
.	O
so	O
i	O
did	O
the	O
natural	O
thing	O
:	O
stared	O
back	O
at	O
him	O
dead	O
in	O
the	O
eyes	O
with	O
this	O
look	O
.	O
then	O
i	O
said	O
liat	NORM
apa	O
pak	O
?	O
.	O
well	O
someones	NORM
getting	O
a	O
nightmare	O
tonight	O
https://t.co/07ffnceaeb	O

@cinema21	O
off	NORM
course	O
not	O
.	O
absolutely	O
not	O
.	O
makna	O
ga	NORM
ada	O
,	O
pesan	O
moral	O
ga	NORM
ada	O
,	O
ngehibur	NORM
juga	O
kaga	NORM
.	O
mending	O
kapten	O
marpel	O
.	O
kluar	NORM
60	O
rb	NORM
kaga	NORM
rugii	NORM
.	O
#sorrynotsorry	O

@vnrhmyn	O
@afrkml	O
interstellar	O
paling	O
recommended	O
sih	O
.	O
the	O
martian	O
tntang	NORM
astronot	NORM
yg	NORM
bertahan	O
hidup	O
di	O
mars	O
sendirian	O
.	O
kalo	NORM
mau	O
yg	NORM
ada	O
romancenya	NORM
bisa	O
nonton	NORM
the	O
space	O
between	O
us	O

satu	O
figurenya	NORM
70k	O
.	O
jangan	O
kaget	O
.	O
this	O
is	O
not	O
something	O
you	O
see	O
everyday	O
in	O
toys	O
fair	O
.	O
ada	O
bajaj	O
,	O
300k	O
,	O
kap	O
atas	O
bisa	O
dibuka	O
,	O
dalemnya	NORM
lengkap	O
tempat	O
duduk	O
,	O
kopling	O
,	O
stir	NORM
etc	O
.	O
skala	O
masih	O
1/87	O
.	O
edann	O
.	O

sandi	O
akan	O
kick	O
off	O
kampanye	O
akbar	O
di	O
sragen	O
,	O
izin	O
belum	O
dikantongi	O
https://t.co/jbsypb8tup	O
#pemilu2019	O

down	NORM
nya	NORM
jangan	O
lama2	NORM
sedihnya	O
jangan	O
lama2	NORM
.	O
tuhan	O
gasuka	NORM
.	O
gue	NORM
bangkit	O
kok	O
,	O
harga	O
benda	O
msh	NORM
bisa	O
dicari	O
tapi	O
nyawa	O
engga	NORM
.	O
puji	O
tuhan	O
masih	O
diberi	O
keselamatan	O
semuanya	O
tanpa	O
luka	O
sedikitpun	O

@dinadimu	O
@arieparikesit	O
ga	NORM
enak	O
lagi	O
khan	NORM
?	O
coret	O
aja	NORM
tempat	O
itu	O
udah	NORM
.	O
not	O
worth	O
your	O
money	O
dan	O
capeknya	NORM
ke	O
sana	O
.	O

ada	O
selebgram	O
(	O
actually	O
not	O
really	O
sure	O
about	O
she's	NORM
a	O
celeb	NORM
or	O
not	O
,	O
but	O
isi	O
feed	O
penuh	O
ngiklan	NORM
baju	O
)	O
.	O
dia	O
pamer	O
di	O
ig	O
story	O
video	O
,	O
lagi	O
buru-buru	O
,	O
nyetir	NORM
lewat	O
jalur	O
busway	O
,	O
sementara	O
kelihatan	O
di	O
jalur	O
biasa	O
lagi	O
pada	O
antri	O
macet	O
.	O
sadar	O
ga	NORM
ya	O
kalo	NORM
otaknya	O
ketinggalan	O
?	O

argh	O
gimana	O
cara	O
save	O
gifnya	O
.	O
https://t.co/tp1j8xz0z2	O

nyari	NORM
gue	NORM
di	O
ig	O
.	O
hmm	O
am	O
not	O
exist	O
.	O

@q2h_	O
@handyani1202	O
eh	O
.	O
junho	O
dan	O
taehyun	O
tarohan	NORM
di	O
antara	O
mereka	O
doang	NORM
.	O
not	O
a	O
big	O
deal	O
lah	O
.	O

well	O
,	O
shrsnya	NORM
pagi	O
ini	O
gw	NORM
uda	NORM
d	NORM
kota	O
lain	O
&	O
brsiap	NORM
mghadiri	NORM
acara	O
yg	NORM
besar	O
.	O
krn	NORM
byknya	NORM
rintangan	O
&	O
prtimbangn	NORM
mmbuat	NORM
gw	NORM
brada	NORM
d	NORM
sini	O
skrg	NORM
.	O
trdengar	NORM
sprti	NORM
alasan	O
.	O
its	NORM
okay	O
sa	O
,	O
masi	NORM
ada	O
1	O
juta	O
cara	O
&	O
kesempatan	O
lainnya	O
.	O
#hwaittiiing	O
#gogogo	O

it	O
is	O
not	O
a	O
mountain	O
we	O
conquer	O
but	O
ourselves	O
edmund	O
hillary	O
.	O
pic	NORM
by	O
ikkafatma	O
17	O
.	O
terimakasih	NORM
sudah	O
join	O
#tripbromo	O
bersama	O
@ranijourney	O
.	O
tag	O
@ranijourney	O
dan	O
gunakan	O
.	O
https://t.co/yuypf09mrn	O

we	O
age	O
.	O
not	O
by	O
years	O
.	O
but	O
by	O
stories	O
@username	O
pt	O
.	O
pengangguran	O
banyak	O
duit	O
https://t.co/gnrmpmk6qb	O

our	O
favourite	O
vice	O
president	O
nominees	O
respect	O
his	O
people	O
confidences	O
|	O
calon	O
wakil	O
presiden	O
kesukaan	O
kita	O
menghormati	O
rasa	O
percaya	O
rakyatnya	O
.	O
@username	O
jakarta	O
,	O
indonesia	O
https://t.co/3rt4a4fwfj	O

@iflixid	O
emang	NORM
gak	NORM
bisa	O
lancar	O
diputar	O
di	O
samsung	O
smart	O
tv	O
ya	O
?	O
aplikasinya	O
auto	O
shutdown	O
mulu	NORM
!	O
.	O
@iflixletsplay	O
is	O
it	O
not	O
applicable	O
for	O
samsung	O
smart	O
tv	O
?	O
your	O
app	O
keeps	O
auto	O
shutdown	O
.	O

eh	O
jelasin	NORM
dong	O
ini	O
jsf	O
lagi	O
ribut	O
apa	O
astaga	O
?	O
can	O
someone	O
pls	NORM
explain	O
this	O
jsf	O
things	O
i	O
dont	NORM
get	O
it	O
because	O
i	O
dont	NORM
understand	O
japanese	O
and	O
the	O
auto	O
translate	O
might	O
be	O
wrong	O

youtube	O
:	O
up	O
subscribe	O
,	O
like	O
,	O
favorite	O
,	O
views	O
yuk	O
order	O
silahkan	O
mention	O
atau	O
contact	O
bbm	O
:	O
51b400f1	O
wa	O
:	O
081932896301	O

semalem	NORM
gw	NORM
nangis	NORM
nonton	NORM
vkive	O
hyunjin	O
pas	O
pertengahan	O
dia	O
ngomong	O
soft	O
.	O
banget	NORM
.	O
terus	O
matanya	O
berkaca	NORM
kaca	NORM
,	O
pas	O
dia	O
ngomong	O
"	O
an	O
uroyo	O
.	O
"	O
sebenernya	NORM
matanya	O
kayak	NORM
mau	O
nangis	NORM
https://t.co/zfyetcy6nb	O

@ssenjakala	O
masih	O
ongoing	O
w	NORM
mah	O

salah	O
satu	O
hal	O
yang	O
kadang	O
bikin	NORM
nyesek	NORM
adalah	O
,	O
pretend	O
that	O
we	O
dont	NORM
know	O
whats	NORM
going	O
on	O

@wariman_	O
kalo	NORM
based	O
by	O
pengalaman	O
pribadi	O
,	O
dari	O
mayan	NORM
banyak	O
pasien	O
ku	O
(	O
iya	O
yg	NORM
cerita	O
sm	NORM
velia	O
)	O
selingkuh	O
tuh	O
udah	NORM
habbit	NORM
.	O
ada	O
salah	O
satu	O
cewe	NORM
yg	NORM
ceritain	NORM
mantannya	O
selingkuh	O
sm	NORM
cewe	NORM
yg	NORM
notabene	O
jg	NORM
masih	O
punya	O
pacar	O
,	O
well	O
mereka	O
masih	O
jadian	O
till	O
now	O
.	O

anak	O
haram	O
(	O
bastard	O
)	O
terkadang	O
memiliki	O
derajat	O
yang	O
lebih	O
tinggi	O
karena	O
usahanya	O
.	O
well	O
iya	O
semua	O
orang	O
kalo	NORM
berusaha	O
,	O
hasilnya	O
akan	O
balance	O
dengan	O
usahanya	O

@rainbowmnfs	O
kalo	NORM
kamu	O
nyamannya	O
kek	NORM
gitu	NORM
sih	O
ya	O
gapapa	NORM
nder	O
,	O
thats	NORM
not	O
a	O
weird	O
thing	O
kok	O

why	O
not	O
menurut	O
gua	NORM
mah	O
,	O
orang	O
di	O
kemenag	O
juga	O
kan	O
ada	O
badan2	NORM
agama	O
yang	O
lainnya	O
koq	NORM
.	O
semua	O
agama	O
diurus	O
kemenag	O
.	O
cuma	O
,	O
mungkin	O
buat	O
sebagian	O
orang	O
kurang	O
etis	O
krna	NORM
di	O
sini	O
mayoritas	O
muslim	O
rt	O
@notaslimboy	O
:	O
gimana	O
kalau	O
menag-nya	O
sekali2	NORM
orang	O
kristen	O
.	O
peace	O
.	O
no	O
twitwar	O
:)	O

lieur	O
aing	O
beberapa	O
hari	O
ini	O
susah	O
ngecharge	NORM
kalo	NORM
ada	O
tulisan	O
ini	O
,	O
anyone	O
yg	NORM
tau	NORM
gak	NORM
how	O
to	O
fix	O
this	O
problem	O
?	O
*	O
nb	O
:	O
hp	O
gue	NORM
asus	O
zenfone	O
max	O
pro	O
m1	O
https://t.co/tcttv9cpij	O

testi	NORM
pembelian	O
crocs	O
n	NORM
fitflop	O
di	O
mothy	O
collection	O
.	O
add	O
instagram	O
:	O
mothycoll	O
,	O
cek	O
foto	O
https://t.co/stbwr2deko	O
https://t.co/na4yqvkxgj	O

@anandaxfw	O
ok	NORM
kak	O
,	O
silakan	O
infokan	O
no	NORM
.	O
inet	NORM
via	O
dm	O
,	O
agar	O
kami	O
bantu	O
cek	O
lebih	O
lanjut	O
kondisi	O
koneksi	O
jaringannya	O
saat	O
ini	O
dan	O
jgn	NORM
lupa	O
follow	O
back	O
kami	O
.	O
ditunggu	O
konfirmasinya	O
.	O
tks	NORM
-	O
micky	O

waktu	O
kita	O
tuh	O
kapan	O
sih	O
?	O
dari	O
dinginnya	O
subuh	O
dan	O
ademnya	NORM
maghrib	O
aku	O
sibuk	O
kerja	O
.	O
malam	O
kamu	O
sibuk	O
main	O
the	O
sims	O
hadeh	O

@amandrug	O
mbak	O
.	O
itu	O
dia	O
emang	NORM
caper	NORM
dari	O
dulu	O
(	O
sebuah	O
testimoni	O
yang	O
aku	O
dapet	NORM
dari	O
orang	O
yang	O
kenal	O
sama	O
dia	O
)	O
.	O
jd	NORM
whatever	O
happens	O
i	O
just	O
want	O
you	O
to	O
be	O
well	O
and	O
not	O
take	O
this	O
whole	O
thing	O
personally	O
.	O
semangat	O
sekolahnya	O
yaa	NORM

kalo	NORM
yang	O
diajak	O
balikan	O
masih	O
bisa	O
diperbaiki	O
,	O
why	O
not	O
?	O
tapi	O
ya	O
gimana	O
?	O
https://t.co/0zwgidswae	O

selesai	O
diinfus	O
dan	O
diperiksa	O
dr	NORM
.	O
skrg	NORM
uno	O
masuk	O
ruang	O
isolasi	O
.	O
uno	O
akan	O
dirawat	O
total	O
disini	NORM
selama	O
5	O
hari	O
.	O
get	O
well	O
soon	O
honey	O
!	O
uno	O
pasti	O
sehat	O
lagi	O
!	O
love	O
you	O
https://t.co/2m9i9evmma	O

selamat	O
bro	O
ridho	O
,	O
belum	O
genap	O
10	O
hari	O
sudah	O
naik	O
4	O
cm	O
.	O
keep	O
going	O
.	O
ayo	O
bro	O
sis	O
,	O
jgn	NORM
mau	O
ketinggalan	O
.	O
pin	O
:d	O
778b048	O
wa	O
:	O
081322071239	O
https://t.co/66eexkkg0o	O

hatred	O
does	O
not	O
cease	O
by	O
hatred	O
,	O
but	O
only	O
by	O
love	O
;	O
this	O
is	O
the	O
eternal	O
rule	O
buddha	O
(	O
kebencian	O
tidak	O
akan	O
berhenti	O
dengan	O
kebencian	O
lagi	O
;	O
hanya	O
dengan	O
cinta	O
;	O
ini	O
adalah	O
aturan	O
yang	O
abadi	O
)	O

@jfryyfch	O
terkadang	O
bahkan	O
lbh	NORM
objektif	O
.	O
soal	O
provokatif	O
itu	O
dampak	O
dr	NORM
sisi	O
negatifnya	O
,	O
smua	NORM
hal	O
pasti	O
ada	O
.	O
all	O
is	O
well	O
cangpri	O

inget	NORM
bgt	NORM
inget	NORM
.	O
dulu	O
jaman	NORM
sekolah	O
.	O
pas	O
kelas	O
10	O
.	O
baru	O
naik	O
tangga	O
sekolah	O
kedengeran	O
sayup2	NORM
org	NORM
main	O
gitar	O
sambil	O
nyanyi	O
"	O
slip	O
back	O
out	O
of	O
whack	O
at	O
your	O
best	O
.	O
it's	NORM
a	O
nightmare	O
.	O
"	O
well	O
i	O
never	O
get	O
wrong	O
when	O
adore	O
in	O
something	O
.	O
lol	O

aku	O
selalu	O
pengen	NORM
jadi	O
pendongeng	O
.	O
buat	O
apa	O
?	O
ya	O
biar	O
jadi	O
pencerita	O
yg	NORM
baik	O
lah	O
buat	O
anak	NORM
anak	NORM
kita	O
kelak	O
hahahahahaha	O
.	O
you're	NORM
not	O
a	O
story	O
teller	O
shin	O
.	O
you're	NORM
totally	O
a	O
mendes	O
plis	NORM
kurang2in	NORM
.	O
oke	O
mas	O
.	O
selamat	O
hari	O
dongeng	O
:)))	O
https://t.co/y1puzgrwrk	O

@shoutout3sub	O
#kean	O
.	O
personally	O
,	O
easy	O
going	O
menurutku	O
itu	O
dia	O
mudah	O
mengikuti	O
alur	O
dan	O
topik	O
dengan	O
siapapun	O
dia	O
berkomunikasi	O
.	O
verbal	O
non	O
verbal	O
,	O
feedbacknya	NORM
dia	O
somehow	O
bisa	O
bikin	NORM
yg	NORM
dia	O
ajak	O
ketemu	O
atau	O
ngobrol	NORM
tuh	O
betah	O
dan	O
nyaman	O
.	O

mungkin	O
ini	O
yg	NORM
selama	O
ini	O
dikritik	O
,	O
not	O
all	O
of	O
them	O
.	O
https://t.co/xnlasryguy	O

bila	O
student	O
cakap	O
ikat	O
perut	O
,	O
masalah	O
duit	O
bayar	O
bilik	O
end	O
up	O
berkongsi	O
10	O
orang	O
1	O
rumah	O
ni	O
,	O
acknowledged	O
lah	O
issue	O
ni	O
.	O
not	O
shoving	O
your	O
thoughts	O
duit	O
ptptn	O
beli	O
iphone	O
,	O
makan	O
mewah	O
sana	O
sini	O
.	O
they're	NORM
out	O
there	O
and	O
needed	O
help	O
.	O

logic	O
ngeluarin	O
album	O
mulu	NORM
,	O
makin	O
kesini	O
bkn	NORM
krn	NORM
doi	O
seneng	NORM
bikin	NORM
musiknya	O
ego	O
cm	NORM
buat	O
kewajiban	O
doang	NORM
.	O
his	O
last	O
2	O
albums	O
was	O
not	O
pretty	O
good	O

multilevel	O
makelar	O
ada	O
"	O
up	O
line	O
dan	O
down	O
line	O
"	O
ada	O
korban	O
juga	O
pastinya	O
https://t.co/owk263ix40	O

@askmenfess	O
it's	NORM
not	O
funny	O
,	O
for	O
me	O
.	O
gue	NORM
ngebayangin	NORM
adek	NORM
gue	NORM
yg	NORM
ada	O
di	O
posisi	O
dedek	NORM
itu	O
,	O
dan	O
adek	NORM
gue	NORM
juga	O
sering	O
video	O
ala2	NORM
youtuber	O
,	O
and	O
i	O
don't	NORM
even	O
judge	O
or	O
mock	O
her	O
for	O
doing	O
that	O
,	O
i	O
just	O
let	O
her	O
be	O
.	O
sumpah	O
gue	NORM
sedih	O
liatnya	O

capek	NORM
nonton	NORM
game	O
of	O
thrones	O
.	O
capek	NORM
ngecilin	NORM
volume	O
pas	O
ada	O
scene	O
ho	O
oh-nya	O

#repost	O
@duniagalauindo	O
(	O
get_repost	O
)	O
.	O
alakazam	O
tour	O
merah	O
putih	O
gudang	O
garam	O
2005	O
.	O
thx	NORM
to	O
relic	O
management	O
yg	NORM
telah	O
editing	O
kumpulan	O
video	O
tour	O
merah	O
putih	O
gudang	O
garam	O
2005	O
.	O
alakazam	O
.	O
https://t.co/lsxkz10j9p	O

when	O
the	O
night	O
has	O
come	O
@username	O
tvri	O
stasiun	O
pusat	O
jakarta	O
https://t.co/y7lt7itxx9	O

kalau	O
ditarik	O
garis	O
besarnya	O
.	O
suatu	O
saat	O
nanti	O
di	O
alam	O
kematian	O
;	O
kayaknya	NORM
gamungkin	NORM
manusia	O
enggak	NORM
diperbolehkan	O
untuk	O
membela	O
diri	O
atas	O
hal-hal	O
yang	O
harus	O
dicari	O
tahu	O
dan	O
dipelajari	O
sendiri	O
,	O
tanpa	O
bimbingan	O
siapapun	O
.	O
i	O
mean	O
,	O
we	O
are	O
not	O
like	O
the	O
prophets	O
,	O
right	O
?	O

ketika	O
apps	NORM
lain	O
udah	NORM
not	O
supported	O
di	O
hape	O
butut	O
ini	O
dan	O
twitter	O
masih	O
bisa	O
,	O
terharu	O
aku	O
tuh	O
.	O
(	O
balada	O
hape	O
ku	O
yg	NORM
'	O
canggih	O
'	O
itu	O
rusak	O
)	O

five	O
feet	O
apart	O
itu	O
kocak	O
dan	O
agak	O
ngeselin	NORM
.	O
sama	O
sempet	NORM
bikin	NORM
mata	O
berkaca2	NORM
juga	O
di	O
bbrp	NORM
scene	O
.	O
soundtracknya	NORM
enak	O
bgt	NORM
bgt	NORM
btw	O
.	O
overall	O
,	O
filmnya	O
bagus	O
dan	O
nonton	NORM
nya	O
hepi	NORM
krn	NORM
dpt	NORM
diskon	O
wkwk	O
.	O
cuz	NORM
im	NORM
not	O
givin	NORM
'	O
up	O
,	O
im	NORM
not	O
givin	NORM
'	O
up	O
,	O
givin	NORM
'	O
up	O
,	O
no	O
not	O
yet	O
.	O

om	O
situ	O
kalo	NORM
jalan	O
ngajak2	NORM
makanya	O
.	O
ntar	NORM
tak	O
bantu	O
nawar	NORM
dah	O
,	O
nek	NORM
ngagem	O
boso	O
jawi	O
kadosipun	O
saged	O
langkung	O
murah	O
.	O
try	O
to	O
say	O
:	O
"	O
awis	O
sanget	O
bu	O
.	O
biasa	O
mboten	O
semonten	O
kok	O
,	O
kirangi	O
bu	O
kirangi	O
.	O
reginipun	O
.	O
"	O

moto	O
g5s+	O
not	O
bad	O
juga	O
kameranya	O
https://t.co/alzauzlsec	O

@reftywf	O
amin	O
ya	O
'rabb	O
.	O
aksi	O
solidaritas	O
pasca	O
penembakan	O
,	O
warga	O
christchurch	O
menjaga	O
masjid-mesjid	NORM
saat	O
umat	O
muslim	O
menunaikan	O
sholat	NORM
.	O
https://t.co/dwwrky8njd	O
.	O
make	O
peace	O
not	O
war	O
!	O
https://t.co/hc9rhafy88	O

akan	O
ada	O
masanya	O
,	O
when	O
u	NORM
have	O
pets	O
.	O
nama	O
u	NORM
dipanggil	O
buat	O
kucing	O
.	O
nama	O
kucing	O
buat	O
manggil	NORM
u	NORM
.	O
yup	NORM
,	O
mamak	O
eyke	NORM
.	O

@exquisheet	O
kalo	NORM
sama	NORM
sama	NORM
mau	O
,	O
ya	O
why	O
not	O
?	O
tapi	O
kalo	NORM
mau	O
healthy	O
relationship	O
,	O
ya	O
jangan	O
.	O

surpey	NORM
new	O
endonesia	O
research	O
&	O
consulting	O
#02menangfpimerajalela	O
#jokowilagi	O
#jokowinyatakerjanya	O
#rakyatsultengpilihjokowi	O
#jokowiharapanrakyat	O
https://t.co/fz2klk0dba	O

@gittung	O
ku	O
sangat2	NORM
sering	O
nggit	O
seperti	O
ini	O
wkwk	O
.	O
not	O
once	O
tp	NORM
bnr2	NORM
so	O
frequent	O
.	O
it	O
just	O
happens	O
:	O

pingin	NORM
ganti	O
nama	O
panggilan	O
biar	O
gak	NORM
sama	O
kayak	NORM
tengku	O
itu	O
.	O
well	O
,	O
my	O
mom	O
used	O
to	O
call	O
me	O
"	O
sinyo	O
"	O

@mhswara_	O
sbnernya	NORM
klen	NORM
sama	O
aja	NORM
sik	NORM
dengan	O
bilang	O
bahwasannya	NORM
"	O
muslims	O
(	O
community	O
)	O
are	O
not	O
terrorist	O
"	O
yang	O
mana	O
menunjukan	NORM
emang	NORM
hanya	O
sebagian	O
muslim	O
yg	NORM
terrorist	O
dan	O
menolak	O
digeneralisir	NORM
.	O
dan	O
juga	O
"	O
most	O
terrorist	O
i've	NORM
ever	O
heard	O
.	O
"	O
yang	O
mana	O
menunjukan	NORM
tidak	O
semua	O
muslims	O
community	O
.	O

@anggiandini	O
@ginatanaro	O
@fadilah0001	O
meskipun	O
suka	O
kalap	O
(	O
wkwkwkwk	O
ampuni	O
hamba	O
ya	O
allah	O
)	O
tapi	O
hamdalah	O
selalu	O
bayar	O
cc	O
lunas	O
tiap	O
bulan	O
.	O
kalo	NORM
kalap	O
yaaa	NORM
berarti	O
emg	NORM
salah	O
diri	O
sendiri	O
.	O
insyafnya	O
buat	O
bulan	O
depan	O
.	O
cc	O
kata	O
gw	NORM
berguna	O
bgt	NORM
for	O
someone	O
who	O
cant	NORM
save	O
money	O
for	O
me	O
.	O
its	NORM
not	O
good	O
i	O
know	O
but	O
.	O
but	O
.	O

@rlthingy2	O
aku	O
wkwk	O
cmn	NORM
kalo	NORM
dibiasain	O
emg	NORM
bahaya	O
jd	NORM
suka	O
mikir	NORM
yaudah	O
lha	O
gaada	NORM
org	NORM
yg	NORM
sempurna	O
selama	O
kurangnya	O
masi	NORM
bisa	O
ditolerir	O
i	O
try	O
to	O
not	O
ilfil	NORM

@partaisocmed	O
not	O
bad	O
tum	O
.	O
tdnya	NORM
gue	NORM
kira	O
bakalan	O
aa	O
uu	O
tp	NORM
lancar	O
juga	O
,	O
tanpa	O
teks	O
pula	O
nilai	O
9	O
untuk	O
segment	O
pembuka	O
.	O

setiap	O
jumat	O
biasanya	O
saya	O
posting	O
#weekendreview	O
#bookreview	O
,	O
tapi	O
pekan	O
ini	O
skip	O
dulu	O
ya	O
.	O
reposted	O
from	O
@chibi_illustrat	O
-	O
and	O
do	O
not	O
say	O
that	O
whose	O
is	O
killed	O
in	O
the	O
path	O
of	O
allah	O
.	O
https://t.co/untaaekuus	O

manusya2	NORM
sampah	O
bisanya	O
cuma	O
kek	NORM
gitu	NORM
.	O
there	NORM
r	NORM
not	O
human	O
being	O
https://t.co/ugaso9ej0z	O

ingin	O
indomie	O
with	O
telor	O
but	O
males	NORM
cook	O
nya	O
hahaha	O

@jokowi	O
@jokowi	O
@prabowo	O
coba	O
belajar	O
utk	NORM
menghormati	O
pemerintah	O
sendiri	O
mas	O
.	O
jgn	NORM
cuma	O
bs	NORM
menunjukan	NORM
watak	O
jelek	O
diri	O
sendiri	O
.	O
not	O
good	O
utk	NORM
seorg	NORM
yg	NORM
sdh	NORM
dewasa	O
.	O
pemerintah	O
sendiri	O
kok	O
dikatain	O
.	O
ckck	O
#aprillanjutkerja	O

oke	O
,	O
jadi	O
sodara	NORM
sodara	NORM
.	O
never	O
share	O
your	O
own	O
problem	O
on	O
socmed	O
bikoooossss	NORM
.	O
selain	O
socmed	O
is	O
not	O
your	O
diary	O
,	O
nobody	O
will	O
truly	O
care	O
about	O
your	O
problem	O
.	O
asal	O
tau	NORM
aja	NORM
,	O
kalo	NORM
ada	O
yang	O
nanya	NORM
"	O
lo	NORM
kenapa	O
,	O
cerita	O
sama	O
gw	NORM
"	O
contains	O
:	O
85%	O
kekepoan	O
yang	O
hqq	NORM
,	O
15%	O
nyari	NORM
bahan	O
givvvaaah	NORM
gicuuu	NORM

search	O
shoes	O
,	O
not	O
met	O
[	O
susi	O
anggraeni	O
&	O
dede	O
kurniasih	O
]	O
.	O
https://t.co/acs4syzri3	O
#ramadhanelhaq	O

telah	O
turun	O
titah	O
dari	O
"	O
jeko	O
do	O
not	O
"	O
ditujukan	O
buat	O
para	O
ebong	NORM
sakaw	O
agar	O
bangun	O
,	O
sadar	O
,	O
pake	NORM
otak	O
.	O
https://t.co/eqq0v2ou9y	O

masih	O
tetep	NORM
suka	O
standup	NORM
comedy	O
.	O
well	O
.	O
tetep	NORM
nonton	NORM
dan	O
tetep	NORM
suka	O
.	O
cuma	O
bedanya	O
sekarang	O
ga	NORM
nonton	NORM
live	O
.	O
tp	NORM
gak	NORM
berubah	O
kok	O
,	O
tetep	NORM
support	O
standup	NORM
.	O
i	O
can	O
forget	O
some	O
people	O
whose	O
hurt	O
.	O
but	O
from	O
others	O
,	O
i	O
cant	NORM
forget	O
happiness	O
.	O

kamera	O
di	O
salah	O
satu	O
sudut	O
gerai	O
kami	O
ini	O
,	O
adalah	O
saksi	O
bisu	O
akan	O
banyaknya	O
memori	O
yang	O
tercipta	O
di	O
kolibrew	O
.	O
bagi	O
kami	O
,	O
semua	O
momen	O
yang	O
tercipta	O
dg	NORM
kalian	O
adalah	O
momen	O
yang	O
sangat	O
berharga	O
,	O
bagaimana	O
kami	O
tumbuh	O
dengan	O
dukungan	O
kalian	O
.	O
let's	NORM
make	O
some	O
beautiful	O
memory	O
with	O
us	O
!	O
https://t.co/ovdlom83dw	O

@gojekindonesia	O
pesen	NORM
gosend	O
,	O
driver	O
sudah	O
ambil	O
barang	O
dari	O
pengirim	O
tp	NORM
tibatiba	NORM
di	O
app	O
driver	O
not	O
found	O
n	NORM
driver	O
tidak	O
bisa	O
dhubungi	NORM
barang	O
yg	NORM
sudah	O
dambil	NORM
pun	O
tidak	O
sampai	O
ke	O
penerima	O
.	O
gimana	O
ini	O
?	O
barang	O
seharga	O
1.2	O
juta	O
!	O
https://t.co/ok4j2jtzpk	O

@rlthingy	O
not	O
agree	O
sih	O
menurut	O
gue	NORM
,	O
ya	O
lu	NORM
harus	O
damai	O
sm	NORM
masa	O
lalu	O
lo	NORM
dulu	O
lah	O

selamat	O
pagi	O
indonesia	O
.	O

#terimakasihbalimemorabia	O
balimemorabilia	O
ya	O
.	O
jerseynya	NORM
keren	O

@n_shanijkt48	O
udh	NORM
mlm	NORM
ci	O
wkkwkw	O
,	O
lancar	O
kegiatan	O
hari	O
ini	O
nya	O
and	O
semangat	O
buat	O
theater	O
an	O
nya	O
ya	O
ci	O
,	O
sorry	O
aku	O
lg	NORM
sukip	NORM
dlu	NORM
smpe	NORM
hs	O
:(	O
.	O
cici	O
jgn	NORM
kgnn	NORM
ya	O
*	O
ehh	O

when	O
u	NORM
udah	NORM
semangat	O
ke	O
sekolah	O
,	O
trs	NORM
di	O
jalan	O
ketemu	O
doi	O
goncengan	NORM
sama	O
temen	NORM
lu	NORM
sendiri	O
tuh	O
rasanya	O
.	O
argh	O
!	O

@fhcibumn	O
min	O
saya	O
hari	O
ini	O
dijadwalkan	O
untuk	O
mengerjakan	O
tes	O
pukul	O
9:45	O
tapi	O
kenapa	O
tidak	O
bisa	O
login	O
yang	O
ada	O
hanya	O
tulisan	O
404	O
not	O
found	O
.	O
lalu	O
bagaimana	O
?	O

@viny_jkt48	O
get	O
well	O
soon	O
.	O
cuaca	O
nggak	NORM
nentu	NORM
,	O
harus	O
pinter2	NORM
jaga	O
kesehatan	O
vien	O

sesaat	O
sebelum	O
turun	O
dari	O
mobil	O
pas	O
parkir	O
di	O
depan	O
kafe	O
semalam	O
:	O
.	O
kita	O
bawa	O
laptop	O
ga	NORM
nih	O
?	O
.	O
haha	O
.	O
bawa	O
lah	O
ya	O
?	O
(	O
dah	NORM
siap	NORM
siap	NORM
balik	O
badan	O
mo	NORM
ngeluarin	O
laptop	O
)	O
.	O
gausa	NORM
lah	O
,	O
katanya	O
mau	O
kayak	NORM
couple	O
normal	O
.	O
lalu	O
masuk	O
,	O
duduk	O
manis	O
,	O
pesen	NORM
latte	O
.	O
well	O
done	O
guys	O

dia	O
udah	NORM
tersangka	O
can	O
you	O
guys	O
chill	O
https://t.co/ykcdgiqjj2	O

@hendarwatih	O
@mohmahfudmd	O
bisa	O
!	O
ulang	O
tahun	O
kemerdekaan	O
.	O
ultah	NORM
sumpah	O
pemuda	O
.	O
ultah	NORM
kebangkitan	O
nasional	O
.	O
ultah	NORM
hari	O
air	O
sedunia	O
.	O
ultah	NORM
hari	O
pahlawan	O
.	O
why	O
not	O
?	O

supporting	O
circumstance	O
memang	O
se-penting	NORM
itu	O
,	O
tapi	O
kalo	NORM
kalo	NORM
gak	NORM
nemuin	NORM
lingkungan	O
tsb	NORM
,	O
do	O
not	O
give	O
up	O
!	O
coba	O
ciptain	NORM
sendiri	O
lingkungan	O
pendukung	O
tsb	NORM
dgn	NORM
cari	O
teman2	NORM
yg	NORM
satu	O
visi	O
dan	O
misi	O
.	O
*	O
talk	O
to	O
my	O
self	O
*	O

#bpnxprops	O
kalau	O
iklan	O
asal	O
sudah	O
steady	O
,	O
well	O
implemented	O
hopefully	O
ada	O
transferan	NORM
@bperempuan	O
@props_id	O

@scamanderrobin	O
kayanya	NORM
yg	NORM
no	O
.	O
6	O
salah	O
rekap	O
deh	O
mas	O
,	O
not	O
breaking	O
down	O
.	O

amal	O
clooney	O
tampil	O
bak	O
bangsawan	O
menggunakan	O
jumpsuit	O
one	O
shoulder	O
https://t.co/9e6p1qlstd	O

nasabah	NORM
gue	NORM
,	O
pengusaha	O
jual	O
beli	O
truk	O
,	O
handphonenya	NORM
allahhu	O
akbar	O
dah	O
nokiah	O
jadul	NORM
sampe	NORM
dikaretin	O
ya	O
allah	O
.	O
ente	O
tau	NORM
dana	O
rekeningnya	O
berapa	O
?	O
.	O
rp	O
x	O
milyar	O
.	O
i	O
am	O
not	O
going	O
to	O
expose	O
how	O
much	O
,	O
but	O
milyaran	O
gengs	NORM
.	O
with	O
that	O
old	O
and	O
dikaretin	O
phone	O
.	O

not	O
yang	O
sederhana	O
dengan	O
lirik	O
yang	O
dalam	O
bisa	O
trending	O
di	O
spotify	O
yah	NORM
.	O
heres	NORM
a	O
song	O
for	O
you	O
.	O
waktu	O
yang	O
salah	O
(	O
feat	O
.	O
thantri	O
)	O
by	O
fiersa	O
besari	O
.	O
https://t.co/nr2pagvow8	O

@rlthingy	O
nder	O
,	O
heyy	NORM
kuattt	NORM
yukkk	NORM
.	O
dikasih	O
luka	O
skrg	NORM
itu	O
,	O
berarti	O
allah	O
ngasih	NORM
space	O
buat	O
kamu	O
untuk	O
mencintai	O
diri	O
kamu	O
sendiri	O
,	O
perbaikin	NORM
diri	O
kamu	O
.	O
karna	NORM
aku	O
yakin	O
,	O
apa	O
yg	NORM
direncanain	NORM
skrg	NORM
sm	NORM
tuhan	O
itu	O
pasti	O
ada	O
alesannya	NORM
.	O
its	NORM
ok	NORM
not	O
to	O
be	O
ok	NORM
!	O
dmku	NORM
terbuka	O
kalau	O
mau	O
curhat	O
,	O
smngt	NORM
!	O

geram	O
bgt	NORM
w	NORM
ama	NORM
margaret	O
something	O
itu	O
hhh	O
kayanya	NORM
emg	NORM
dia	O
penganut	O
cult	O
basis	O
kpop	O

this	O
is	O
real	O
world	O
,	O
not	O
fairytale	O
bedtime	O
.	O
karena	O
jatuh	O
cinta	O
itu	O
udah	NORM
sepaket	O
sama	O
sakit	O
hati	O
.	O
kalo	NORM
lo	NORM
jatuh	O
cinta	O
tanpa	O
ngerasain	NORM
sakit	O
hati	O
,	O
itu	O
bullshit	O
.	O

@zilfany	O
@kpu_id	O
@mas_abudiman	O
@novida_evi	O
@hsym_asyari	O
@masws1533	O
@viryanazis	O
@pramonoutan	O
@arifhakim66	O
@k_setyawan	O
@kpu_ri	O
aneh	O
aja	NORM
sih	O
,	O
data	O
yang	O
dipake	NORM
data	O
e-ktp	O
tapi	O
bisa	O
ada	O
yang	O
gak	NORM
kedaftar	NORM
di	O
dpt	O
.	O
ini	O
bukan	O
pemilu	O
pertama	O
saya	O
lagi	O
.	O
i	O
just	O
dont	NORM
get	O
how	O
it	O
works	O
,	O
blows	O
my	O
mind	O
*	O
not	O
in	O
a	O
good	O
way	O
*	O

@zarazettirazr	O
@wotonnie	O
@youtube	O
sabtu	O
lalu	O
di	O
dnpsr	NORM
stlh	NORM
lombok	O
,	O
keliatan	NORM
blio	NORM
lelah	O
but	O
he	O
did	O
very	O
well	O
.	O
insya	O
allah	O
sgr	NORM
sht	NORM
lahir	O
bathin	NORM
prof	O
@rockygerung	O
ksyngn	NORM
ummat	NORM

https://t.co/jzv7fuendn	O
.	O
kebal	O
hukum	O
.	O
not	O
fair	O
,	O
.	O
bisa	O
kah	O
hal	O
ini	O
disebut	O
dengan	O
kezaliman	O
?	O
wallahu	O
a'lam	O
bishawab	O
.	O
#doakanprabowosandi	O
https://t.co/jzv7fuendn	O

@jees11__	O
cara	O
lupain	O
nya	O
itu	O
?	O
eror	NORM
404	O
not	O
found	O

not	O
recommended	O
pakai	O
firstmedia	O
.	O
gangguan	O
mulu	NORM
wkwkwk	O
.	O
kalo	NORM
lagi	O
connect	O
sih	O
jaringannya	O
sat	O
set	O
sat	O
set	O
.	O
tp	NORM
gangguan	O
seminggu	O
bisa	O
3	O
kali	O
cuyyy	NORM
.	O
manaan	O
lamaa	NORM
12	O
jam	O
lebih	O
.	O
giliran	O
bayar	O
telat	O
sehari	O
denda	O
5	O
rb	NORM
.	O
lo	NORM
bayangin	O
tuh	O
waktu	O
gue	NORM
yg	NORM
gak	NORM
bisa	O
pake	NORM
jaringan	O
grgr	NORM
gangguan	O
.	O

kacau	O
guys	O
rusuh	O
ini	O
mah	O
bukan	O
project	O
going	O
crazy	O
tapi	O
crazy	O
fangirl	O
tolong	O
itu	O
hyunsuk	O
gue	NORM
lecet	O
udah	NORM
https://t.co/uyp0tycllg	O

@zkyhk	O
@dindinul	O
i'm	NORM
not	O
gonna	NORM
fight	O
your	O
war	O
,	O
i'm	NORM
gonna	NORM
end	O
it	O
.	O
lagi	O
suka	O
ngomong	O
itu	O
niihh	NORM

lol	O
top	O
comments	O
naver	O
vid	NORM
jima	O
malah	O
lee	O
dongwook	O
semua	O
+	O
soohan	O

@dahnilanzar	O
@prabowo	O
kalau	O
program	O
gini	NORM
imho	O
ya	O
pak	O
ngak	NORM
efektif	O
banget	NORM
meskipun	O
maksudnya	O
bagus	O
.	O
karena	O
di	O
sekolah	O
dan	O
kampus	O
pun	O
ada	O
pesantren	O
dan	O
pembelajaran	O
islam	O
lebih	O
dalam	O
di	O
bulan	O
ramadhan	O
.	O
daripada	O
libur	O
1	O
bulan	O
,	O
why	O
not	O
fix	O
the	O
education	O
system	O
biar	O
lebih	O
bagus	O
dan	O
syariah	O
?	O

sewa	O
ratusan	O
laptop	O
,	O
komputer	O
,	O
pc	O
all	O
in	O
one	O
untuk	O
tes	O
unbk	O
,	O
cpns	O
,	O
seleksi	O
pegawai	O
,	O
dll	O
.	O
klik	O
https://t.co/uah90khrmo	O

boeing	O
ceo	O
says	O
safety	O
is	O
highest	O
priority	O
but	O
company	O
charges	O
extra	O
for	O
some	O
safety	O
features	O
https://t.co/hp4db3c4zl	O

@mxconfess	O
ada	O
hologram	O
dvd	O
pc	O
sama	O
4	O
cut	O
season	O
greeting	O
yg	NORM
unit	O
.	O
take	O
all	O
85k	O
aja	NORM
,	O
free	O
toploader	O
,	O
no	O
shopee	O
ya	O
https://t.co/60eanbubpj	O

@sol_justisia	O
/	O
ketusuk	O
.	O
pdhal	NORM
not	O
fully	O
bcs	NORM
those	O
ppl	NORM
jg	NORM
sih	O
.	O
but	O
thanks	O
nik	O
.	O
i	O
am	O
still	O
considering	O
my	O
decision	O

hadir	O
kembali	O
bulan	O
april	O
2019	O
.	O
datang	O
ya	O
.	O
jangan	O
lupa	O
lho	O
.	O
management	O
perpajakan	O
.	O
prepared	O
or	O
not	O
prepaid	O
-	O
in	O
conjunction	O
to	O
a	O
tax	O
audit	O
.	O
17	O
april	O
2019	O
.	O
venue	O
:	O
ibis	O
budget	O
menteng	O
https://t.co/jhalcrbgig	O

"	O
history	O
is	O
not	O
the	O
study	O
of	O
the	O
past	O
,	O
it's	NORM
the	O
study	O
of	O
the	O
change	O
.	O
"	O
andai	O
saja	O
pelajaran	O
di	O
sekolah	O
dibikin	O
semenarik	O
ini	O
,	O
pasti	O
lebih	O
seru	O
https://t.co/einaswdvfe	O

posisi	O
negatif	O
nya	O
adalah	O
.	O
1	O
.	O
tukang	O
kerja	O
yg	NORM
nyebelin	NORM
,	O
tukang	O
gossip	O
,	O
dan	O
kalo	NORM
ngomong	O
suka	O
gede	NORM
.	O
2	O
.	O
gaji	O
,	O
well	O
ini	O
dia	O
tapi	O
waktu	O
resign	O
sempet	NORM
mikir	NORM
panjang	O
sih	O
,	O
krn	NORM
udah	NORM
nyaman	O
bgt	NORM
,	O
dan	O
udh	NORM
deket	NORM
bgt	NORM
sama	O
temen2	NORM
nya	O
.	O
tapi	O
gue	NORM
percaya	O
berarti	O
tuhan	O
mau	O
ksh	NORM
kerjaan	O
yg	NORM
terbaik	O

deforestasi	O
dan	O
ancaman	O
konflik	O
agraria	O
meluas	O
di	O
papua	O
https://t.co/y582v3u5l5	O
#suarapusaka	O
#berita	O

@fanbasebokep2	O
tahan	O
.	O
tgg	NORM
sbntr	NORM
.	O
berhenti	O
sejenak	O
atau	O
melangkah	O
mundur	O
gpp	NORM
ko	NORM
.	O
dr	NORM
situ	O
bs	NORM
liat	NORM
lg	NORM
semua	O
yg	NORM
ada	O
.	O
see	O
,	O
its	NORM
not	O
tht	NORM
bad	O
.	O
msh	NORM
bnyk	NORM
yg	NORM
bs	NORM
dilakukan	O
,	O
msh	NORM
bnyk	NORM
peluang	O
,	O
msh	NORM
bnyk	NORM
yg	NORM
bs	NORM
bikin	NORM
km	NORM
bahagia	O
.	O
all	O
u	NORM
need	O
is	O
stop	O
n	NORM
step	O
back	O
a	O
bit	O
,	O
then	O
u	NORM
can	O
run	O
&	O
jump	O
high	O

@yutisijw	O
u	NORM
not	O
alone	O
,	O
bcs	NORM
ku	O
nonton	NORM
debat	O

salah	O
.	O
can't	NORM
.	O
finish	O
.	O

@indomymenfess	O
last	O
but	O
not	O
least	O
.	O
sahabat	O
dg	NORM
namjoon	O
.	O
best	O
friend	O
material	O
bgt	NORM
.	O
#twitterbestfandom	O
#soompiawards	O
#teambts	O

gara-gara	O
mas	O
ali	O
info	O
promo	NORM
ovo	O
cashback	O
aku	O
jd	NORM
jajan	O
mulu	NORM
ini	O
.	O

i	O
think	O
the	O
only	O
person	O
who	O
knows	O
me	O
too	O
well	O
,	O
too	O
well	O
,	O
sampai	O
busuk2nya	NORM
pun	O
cuman	NORM
@haloyagimana	O
terlalu	O
banyak	O
petualangan	O
kl	NORM
sm	NORM
doi	O
mah	O
.	O

without	O
love	O
intelligence	O
is	O
dangerous	O
;	O
without	O
intelligence	O
love	O
is	O
not	O
enough	O
anonymous	O
(	O
tanpa	O
cinta	O
,	O
kecerdasan	O
itu	O
berbahaya	O
;	O
dan	O
tanpa	O
kecerdasan	O
,	O
cinta	O
itu	O
tidak	O
cukup	O
)	O

israel	O
air	O
strike	O
on	O
syria	O
kills	O
seven	O
people	O
https://t.co/xzpftjklmf	O
https://t.co/ywhevy0at0	O

di	O
dm	O
sama	O
yang	O
ganteng	O
langsung	O
dibales	NORM
.	O
di	O
dm	O
sama	O
yang	O
biasa	O
aja	NORM
cuma	O
di	O
read	O
doang	NORM
.	O
di	O
dm	O
sama	O
akun	O
after	O
minta	O
kirim	O
pic	NORM

@jnecare	O
010500010902019	O
yg	NORM
bener	NORM
aja	NORM
kak	O
jam	O
11	O
siang	O
not	O
time	O
delivery	O
(	O
bukan	O
jam	O
pengantaran	O
)	O
?	O
https://t.co/27ipkupexm	O

eos	O
friends	O
,	O
jgn	NORM
ketinggalan	O
lusa	O
nanti	O
akan	O
ada	O
road	O
to	O
eos	O
di	O
@iicjakarta	O
dg	NORM
film	O
pertama	O
adl	NORM
'	O
brothers	O
'	O
dari	O
norwegia	O
jam	O
16.30	O
wib	O
.	O
ada	O
jg	NORM
kuis	O
utk	NORM
eos	O
friends	O
yg	NORM
bawa	O
tmn	NORM
paling	O
banyak	O
&	O
penyebutan	O
nomor	O
member	O
card	O
dg	NORM
random	O
,	O
akan	O
dpt	NORM
hadiah	O
eksklusif	O
dr	NORM
kedutaan	O
norwegia	O
https://t.co/bfdjgc6bwr	O

gw	NORM
dah	O
bilang	O
jauh2	NORM
hari	O
.	O
02	O
kalau	O
mau	O
menang	O
dah	O
masuk	O
ke	O
stage	O
decision	O
.	O
ini	O
kenapa	O
naikkan	O
tagar	O
#inaelectionobserversos	O
ya	O
?	O
.	O
lihat	O
.	O
justru	O
01	O
yang	O
masuk	O
ke	O
stage	O
decision	O
.	O
why	O
not	O
prabowo	O
.	O
kalian	O
gak	NORM
mau	O
dengar	O
.	O
mereka	O
yg	NORM
manfaatkan	O
.	O
https://t.co/eidil9svjr	O

endingnya	NORM
kirain	O
si	O
taeyong	O
eh	O
ternyata	O
uri	O
fullsun	O
.	O
omggggg	NORM
fullsun	O
is	O
back	O
huhuuuuu	NORM
im	NORM
not	O
readyyyy	NORM
.	O
#nct127_wakeywakey	O
https://t.co/e5tb5ftret	O

ga	NORM
ngerti	NORM
sih	O
gue	NORM
ama	NORM
cowo	NORM
yg	NORM
pake	NORM
celana	O
gemes	NORM
ke	O
mall	O
.	O
not	O
judging	O
,	O
just	O
stating	O
that	O
i	O
dont	NORM
understand	O
https://t.co/gih5qhuhe1	O

terus	O
nyala	O
tp	NORM
bwt	NORM
speedtest	O
ajah	NORM
ga	NORM
bs	NORM
server	O
not	O
found	O
@firstmediacares	O
jgn	NORM
suruh	O
saya	O
beli	O
leptop	NORM
d	NORM
rmh	NORM
hp	O
cm	NORM
1	O
baca	O
inbound	O
dulu	O
sebelum	O
bales	NORM
yah	NORM
10336740	O
https://t.co/pzj4aeaban	O

cara	O
open	O
account	O
insta	O
forex	O
:	O
https://t.co/zy80dj55sq	O

@ilctv1	O
@karniilyas	O
@ilctv1	O
bagusnya	O
dibubarkan	O
aja	NORM
,	O
acara	O
gda	NORM
faedahnya	O
,	O
isinya	O
cuma	O
gontok2an	NORM
gk	NORM
jls	NORM
,	O
apalagi	O
td	NORM
mlm	NORM
,	O
pak	O
tua	O
banyk	NORM
ngelantur	O
ngomongnya	O
.	O

@minamin2403	O
not	O
habits	O
.	O
tekanan	O

div	O
mau	O
ikut	O
ke	O
.	O
probably	O
not	O

when	O
pas	O
kenal	O
bts	O
gua	NORM
lgsng	NORM
suka	O
sama	O
taehyung	O
ternyata	O
absurd	O
bgst	NORM
trs	NORM
jg	NORM
receh	O
kek	NORM
akuuuuuuuuu	NORM
uwuuuu	NORM
.	O
@bts_twt	O
#soompiawards	O
#teambts	O
#teambts	O
#teambts	O
#soompiawards	O
https://t.co/8kbcmhzbxn	O

namun	O
,	O
fakta	O
berikut	O
ini	O
bisa	O
jadi	O
membuatmu	O
berpikir	O
ulang	O
sebelum	O
memutuskan	O
prinsip	O
hidup	O
single	O
?	O
why	O
not	O
?	O
!	O
https://t.co/2zr34odwhv	O

@detikcom	O
@sandiuno	O
@detikfinance	O
bpjs	O
masalah	O
yg	NORM
sangat	O
pelik	O
juga	O
.	O
bukan	O
cuma	O
dana	O
,	O
ada	O
masalah	O
standart	NORM
yg	NORM
pelayanan	O
kesehatan	O
yg	NORM
gak	NORM
jelas	O
!	O
visi	O
kesehatan	O
yg	NORM
slalu	NORM
kuratif	O
dibandingkan	O
preventif	O
dll	O
.	O
butuh	O
dasawarsas	NORM
utk	NORM
sampai	O
ditingkat	O
win	O
win	O
solutions	O
!	O
.	O
not	O
so	O
easy	O
ferguso	O

.	O
dionisius	O
theodore	O
hartono	O
lahir	O
di	O
singapur	O
,	O
3	O
november	O
2002	O
.	O
tumbuh	O
di	O
keluarga	O
yang	O
bergelimang	O
harta	O
,	O
bukan	O
berarti	O
dion	O
bahagia	O
.	O
as	O
the	O
old	O
sayings	O
,	O
money	O
cant	NORM
buy	O
us	O
happiness	O
.	O
well	O
,	O
guess	O
what	O
?	O
.	O

@panahasrama	O
"	O
just	O
because	O
i	O
punched	O
the	O
walls	O
,	O
does	O
not	O
mean	O
i'll	NORM
punch	O
you	O
.	O
jadi	O
gak	NORM
usah	NORM
khawatir	O
.	O
"	O
key	O
menyungging	O
senyum	O
tipis	O
sambil	O
memasang	O
helm	O
dan	O
menaiki	O
motornya	O
.	O
"	O
yuk	O
?	O
"	O

@syafirannisa	O
i	O
mean	O
,	O
ada	O
yg	NORM
merasa	O
baik-baik	O
aja	NORM
dgn	NORM
responsibility-nya	NORM
,	O
tp	NORM
kadang	O
aku	O
sendiri	O
merasa	O
kalau	O
bebannya	O
way	O
outweigh	O
the	O
privilege	O
.	O
ntahlah	NORM
,	O
guess	O
i'm	NORM
still	O
immature	O
in	O
some	O
way	O
.	O
menyebalkan	O
nggak	NORM
sih	O
,	O
ditolak	O
dgn	NORM
tanpa	O
kejelasan	O
.	O
like	O
being	O
told	O
not	O
to	O
use	O
our	O
rational	O
mind	O
.	O

open	O
trip	O
winter	O
in	O
osaka	O
-	O
kyoto	O
-	O
shirakawago	O
by	O
singapore	O
airlines	O
.	O
12	O
-	O
17	O
januari	O
2020	O
.	O
only	O
12,2	O
juta	O
/	O
pax	O
.	O
start	O
from	O
jakarta	O
.	O
minimum	O
pembelian	O
2	O
pax	O
.	O
dp	O
rp5,8	O
.	O
https://t.co/gntlehyve2	O

mau	O
punya	O
toko	O
online	O
dlm	NORM
hitungan	O
menit	O
dgn	NORM
ribuan	O
produk	O
siap	O
jual	O
di	O
dalamnya	O
?	O
modalnya	O
cuma	O
smartphone	O
doang	NORM
https://t.co/gdlgrikpew	O
#mulaibisnis	O

@yogasaja79	O
@missbehaveink	O
@_smrlina	O
@indsane	O
@lionairid	O
@lionairgroup	O
anyway	O
sarannya	O
ttp	NORM
bisa	O
diterima	O
.	O
hanya	O
saja	O
kembali	O
lagi	O
.	O
still	O
not	O
cool	O
bro	O
.	O

pak	O
cawapres	O
bicara	O
soal	O
startup	O
ada	O
1000	O
-	O
perbandingan	O
yg	NORM
digunakan	O
adalah	O
industri	O
startup	O
di	O
iran	O
.	O
i	O
kid	O
you	O
fucking	O
not	O
i	O
am	O
not	O
making	O
this	O
up	O
.	O
only	O
in	O
indonesia	O
.	O
sekali	O
ini	O
penontonnya	O
aja	NORM
bengong	O
.	O

yeay	O
!	O
stay	O
true	O
to	O
their	O
root	O
mmld	O
.	O
ni	O
kalo	NORM
ada	O
yg	NORM
ngedije	O
disambungin	O
sama	O
lipstick-nya	NORM
oracara	O
kena	O
bat	NORM
nih	O
.	O
https://t.co/fsyfxwe7w9	O

going	O
all	O
out	O
with	O
ur	NORM
partner	O
cuma	O
di	O
sesi	O
3	O
,	O
seseneng	NORM
itu	O
,	O
makasih	NORM
tuhan	O
yesus	O
:")	O

nemu	NORM
buku	O
ini	O
,	O
punya	O
bokap	NORM
,	O
pemberian	O
temennya	NORM
dan	O
dibawa	O
dari	O
jerman	O
.	O
judulnya	O
kurang	O
lebih	O
"	O
kisah-kisah	O
hebat	O
tentang	O
third	O
reich	O
dan	O
perang	O
dunia	O
kedua	O
"	O
(	O
not	O
fluent	O
in	O
german	O
)	O
https://t.co/fogntrhbcn	O

@roycosasa	O
first	O
luv	NORM
ku	O
di	O
dunia	O
fangirl	O
sih	O
1d	O
sm	NORM
5sos	O
ra	O
trs	NORM
sblm	NORM
belok	O
ke	O
wanna	NORM
one	O
ke	O
austin	O
,	O
shawn	O
,	O
cody	O
gt	NORM
aku	O
cuma	O
tau	NORM
aja	NORM
sih	O
magcon	O
tp	NORM
ga	NORM
ngikutin	NORM
bgt	NORM
hehehehe	O

@bumpykitten_	O
@depiop	O
not	O
that	O
yowes	O
karepmu	O
mas	O
wkwkwk	O

tapi	O
iya	O
juga	O
sih	O
sebenernya	NORM
.	O
u	NORM
don't	NORM
hv	NORM
to	O
say	O
sorry	O
.	O
u're	NORM
not	O
that	O
wrong	O
.	O
itu	O
guenya	NORM
aja	NORM
yg	NORM
emang	NORM
lagi	O
moody-an	O
mungkin	O
,	O
jd	NORM
gampang	O
cranky	O
.	O
hehe	O
but	O
i	O
appreciate	O
kok	O
.	O

@badutromantis	O
ah	O
,	O
emang	NORM
mesti	O
luangkan	O
waktu	O
buat	O
kemari	O
lagi	O
sambil	O
cuti	O
,	O
gak	NORM
buat	O
kerjaan	O
haha	O
.	O
well	O
noted	O
and	O
masuk	O
to-do	O
list	O
!	O
https://t.co/o43cdvxhae	O

@sefianaa	O
"	O
jalanan	O
lagi	O
gak	NORM
well	O
"	O
wkwkwkwk	O
ngakak	NORM
sm	NORM
kosakata	O
ini	O

@hariesoklagi	O
"	O
or	O
maybe	O
playing	O
first	O
,	O
and	O
let's	NORM
eat	O
again	O
if	O
we	O
not	O
sleepy	O
?	O
"	O
gabbie	O
meraih	O
wajah	O
bian	O
,	O
dan	O
mengelus	O
perlahan	O
pipinya	O
,	O
hingga	O
jatuh	O
ke	O
bibir	O
.	O
memusatkan	O
perhatian	O
netranya	O
di	O
sana	O
.	O
"	O
can	O
we	O
?	O
"	O
.	O
(	O
@hariesoklagi	O
)	O

#rt	O
@bebyjkt48	O
:	O
"	O
dih	O
gitu	NORM
doang	NORM
"	O
.	O
"	O
mana	O
fotonya	O
"	O
.	O
#akujadinetizen	O
.	O
sudahlah	O
,	O
thank	O
you	O
temannku	NORM
!	O
you	O
know	O
me	O
so	O
well	O
,	O
kok	O
.	O
https://t.co/9xbqsok7ob	O

@cgv_id	O
#mardkodardnahihota	O
screening	O
pertamanya	O
di	O
tiff	O
2018	O
bulan	O
september	O
kemaren	NORM
.	O
bayangkan	O
5	O
bulan	O
nunggu	NORM
nya	O
.	O
jamuran	O
ga	NORM
tuh	O
bolly	O
lovers	O
nunggu	NORM
nya	O
.	O
we	O
can't	NORM
wait	O
to	O
watch	O
.	O
pleassssseeeeeee	NORM

praise	O
the	O
lord	O
almighty	O
!	O
terima	O
kasih	O
semesta	O
yang	O
ramah	O
dan	O
agung	O
.	O
masih	O
mempercayakan	O
tugas	O
ini	O
kepada	O
saya	O
.	O
"	O
management	O
of	O
low	O
back	O
pain	O
"	O
&	O
"	O
management	O
of	O
knee	O
pain	O
"	O
yang	O
kemarin	O
diselenggarakan	O
di	O
the	O
yoga	O
.	O
https://t.co/alfbjcueru	O

@robertronny	O
@ateqahmad	O
paragon	O
yang	O
mostly	O
thai	O
moviesnya	NORM
ada	O
sub	O
english	O

penang	O
food	O
rocks	O
!	O
even	O
in	O
jakarta	O
!	O
but	O
the	O
menu	O
not	O
very	O
penang	O
le	O
!	O
#penangfood	O
#penang	O
@username	O
jakarta	O
,	O
indonesia	O
https://t.co/lutawbfkeh	O

susah	O
kalau	O
udah	NORM
gak	NORM
jujur	O
.	O
i'm	NORM
not	O
signing	O
up	O
for	O
this	O
.	O

@arqomkurnia	O
baik	O
kak	O
,	O
kami	O
sudah	O
bantu	O
tindaklanjuti	NORM
engan	NORM
no	NORM
refrence	NORM
dari	O
laporannya	O
.	O
silakan	NORM
follow	O
back	O
kami	O
agar	O
kami	O
dapat	O
infokan	O
via	O
dm	O
.	O
trims	NORM
-	O
isal	O

@rlthingy	O
well	O
,	O
kalau	O
emang	NORM
udah	NORM
keliatan	NORM
bete	O
sih	O
biasanya	O
aku	O
otomatis	O
mundur	O
ngasih	NORM
space	O
.	O
tapi	O
tanyain	NORM
dulu	O
baik-baik	O
,	O
lagi	O
kenapa	O
,	O
kalau	O
emang	NORM
gamau	NORM
ngebahas	NORM
yaaa	NORM
yaudah	O
.	O
kebetulan	O
aku	O
bukan	O
cewek	O
yang	O
kalau	O
bete	O
malah	O
menghindar	O
so	O
i	O
cant	NORM
relate	O
.	O

@lembaranfiksi	O
"	O
lho	O
sejak	O
kapan	O
sakit	O
?	O
yaah	NORM
vampirnya	O
gagal	O
keren	O
deh	O
.	O
nava	O
juga	O
tepar	NORM
udah	NORM
3	O
hari	O
ini	O
,	O
tapi	O
nggak	NORM
sampe	NORM
dirawat	O
kaya	O
kakak	O
.	O
get	O
well	O
soon	O
kaak	NORM
!	O
"	O

ada	O
yg	NORM
twitter	O
nya	O
kaya	O
saya	O
gini	NORM
?	O
twitter	O
not	O
responding	O
:((((	O
.	O
fighting	O
fams	NORM
!	O
.	O
1	O
rt	O
=	O
1	O
vote	O
(	O
don't	NORM
stop	O
pls	NORM
!	O
)	O
.	O
@bts_twt	O
#teambts	O
#twitterbestfandom	O
#soompiawards	O
https://t.co/kjmkozzeju	O

@indomymenfess	O
iu	NORM
through	O
the	O
night	O
,	O
sama	O
ostnya	NORM
i'm	NORM
not	O
robot	O
.	O
sumpah	O
itu	O
lagunya	O
ngena	NORM
banget	NORM
parah	O
.	O

seperti	O
udah	NORM
gak	NORM
nyaman	O
dan	O
percaya	O
aja	NORM
sama	O
dunia	O
percintaan	O
.	O
temen	NORM
kantor	O
curhat	O
aja	NORM
udah	NORM
gak	NORM
ada	O
feel	O
buat	O
jawab	O
dan	O
kasih	O
solusi	O
.	O
yaelah	O
mba	NORM
,	O
you	O
tell	O
me	O
the	O
wrong	O
story	O
,	O
i'm	NORM
a	O
philophobic	O
and	O
never	O
meet	O
someone	O
who	O
had	O
the	O
same	O
feeling	O
(	O
not	O
yet	O
)	O
.	O

potret	O
sjw	O
yang	O
tidak	O
well	O
informed	O
https://t.co/curygs1ell	O

and	O
dont	NORM
forget	O
she	O
wears	O
high	O
heels	O
.	O
waktu	O
itu	O
mba	NORM
suran	O
high	O
heelsnya	NORM
lumayan	O
tinggi	O
,	O
7	O
cm	O
ada	O
kali	O
ya	O
https://t.co/shalmhadiw	O

@faridzz	O
not	O
yet	O
tp	NORM
udah	NORM
masuk	O
list	O
.	O
list	O
filmku	O
masih	O
banyak	O
,	O
ngantri	NORM
mau	O
nyicil	NORM
skrg	NORM
tp	NORM
eror	O
indoxxinya	O
.	O
ngeselin	NORM
haha	O

the	O
most	O
important	O
things	O
to	O
do	O
in	O
the	O
world	O
are	O
to	O
get	O
something	O
to	O
eat	O
,	O
something	O
to	O
drink	O
and	O
somebody	O
to	O
love	O
you	O
-	O
brendan	O
behan	O
(	O
hal	O
yang	O
paling	O
penting	O
dilakukan	O
di	O
dunia	O
ini	O
adalah	O
mendapatkan	O
makanan	O
,	O
minuman	O
dan	O
seseorang	O
yang	O
mencintaimu	O
)	O

morning	O
quotes	O
.	O
"	O
setiap	O
yg	NORM
bertahan	O
tidak	O
ingin	O
kehilangan	O
,	O
bila	O
sudah	O
menjaganya	O
dengan	O
baik	O
tetapi	O
tetap	O
hilang	O
,	O
berarti	O
itu	O
bukan	O
yg	NORM
terbaik	O
"	O
.	O
"	O
do	O
not	O
affraid	NORM
with	O
an	O
army	O
of	O
lion	O
led	O
by	O
a	O
sheep	O
,	O
be	O
affraid	NORM
with	O
an	O
army	O
sheep	O
led	O
by	O
a	O
lion	O
"	O
.	O
have	O
a	O
best	O
tuesday	O
.	O
!	O
https://t.co/gsau6thejc	O

maenan	NORM
edukasi	O
yang	O
hadir	O
di	O
68	O
negara	O
dan	O
dapat	O
lebih	O
dari	O
100	O
penghargaan	O
solusi	O
tumbuh	O
kembang	O
anak	O
.	O
k's	O
kids	O
not	O
just	O
a	O
toy	O
.	O
our	O
store	O
.	O
-	O
jl.	O
batanghari	O
no.1	O
cideng.	NORM
-	O
lotte	O
shopping	O
avenue	O
.	O
https://t.co/8s8mk1mt2k	O

you	O
come	O
to	O
love	O
not	O
by	O
finding	O
the	O
perfect	O
person	O
,	O
but	O
by	O
seeing	O
an	O
imperfect	O
person	O
perfectly	O
sam	O
keen	O
kau	O
mulai	O
mencintai	O
bukan	O
karena	O
menemukan	O
seorang	O
yang	O
sempurna	O
,	O
tapi	O
dengan	O
sempurna	O
melihat	O
orang	O
yang	O
tak	O
sempurna	O
)	O

pak	O
@jokowi	O
bilangin	NORM
tknnya	O
jangan	O
lengah	O
ya	O
pak	O
.	O
riil	O
battlefield	O
is	O
offline	O
not	O
online	O
.	O
selisih	O
suara	O
makin	O
sempit	O
,	O
saya	O
pengen	NORM
bapak	O
2	O
periode	O
.	O
jangan	O
sampe	NORM
kejadian	O
pilkada	O
dki	O
ya	O

@detikcom	O
yaela	O
isat	O
mah	O
ga	NORM
profit	O
,	O
mending	O
ga	NORM
usa	NORM
di	O
buyback	O
wkwk	O
,	O
not	O
worth	O

alhamdulillah	O
selama	O
ada	O
usaha	O
itu	O
pasti	O
ada	O
jalan	O
,	O
dan	O
itu	O
bener	NORM
eheeheheww	O
,	O
jadi	O
gue	NORM
ga	NORM
pernah	O
ngerasa	NORM
sendiri	O
,	O
allah	O
selalu	O
temenin	NORM
.	O
bukan	O
cuma	O
allah	O
,	O
tuhan	O
kalian	O
masing	NORM
masing	NORM
pun	O
sama	O
,	O
suatu	O
saat	O
kita	O
pasti	O
kembali	O
,	O
.	O
jadi	O
jangan	O
pernah	O
ada	O
kata	O
"	O
buntu	O
"	O
ya	O
,	O
keep	O
going	O
on	O
!	O

@fnmedia_	O
hmm	O
menarik	O
jersey	O
ketiganya	O
,	O
yg	NORM
kolaborasi	O
ama	NORM
air	O
jordan	O
kayanya	NORM
,	O
fontnya	NORM
mirip	O
font	O
basket	O
.	O
will	O
be	O
better	O
if	O
not	O
icardi	O
named	O
on	O
it	O
~	O

sa	O
lu	NORM
kan	O
jutek	O
ma	NORM
orang	O
baru	O
.	O
you	O
know	O
me	O
so	O
well	O
berarti	O
lah	O
yahhhhh	NORM
.	O
yaaa	NORM
hahahahaaaaaaa	O
.	O
jutek	O
ma	NORM
jaga	O
jarak	O
emang	NORM
beda	O
tipis	O
tebal	O
.	O

bukan	O
apa	O
lh	O
,	O
but	O
please	O
enlighten	O
me	O
with	O
this	O
block	O
and	O
unblocking	O
routine	O
we	O
been	O
having	O
all	O
this	O
while	O
?	O
im	NORM
confused	O

@cakeniessuga	O
marsyaa	O
03l	O
,	O
manggilnya	NORM
pake	NORM
kak	O
or	O
not	O
?	O

do	O
or	O
do	O
not	O
.	O
ko	NORM
kesannya	O
maksa	NORM
banget	NORM
yaa	NORM
.	O
ya	O
iya	O
memang	O
,	O
dalam	O
dunia	O
public	O
speaking	O
berani	O
itu	O
adalah	O
koentji	NORM
,	O
ambil	O
kesempatannya	O
ambil	O
risikonya	O
karena	O
kita	O
ga	NORM
akan	O
pernah	O
tau	NORM
.	O
https://t.co/wkriqe8bcy	O

@rlthingy	O
gua	NORM
sih	O
selama	O
pacaran	O
,	O
kalo	NORM
sahabat	O
gua	NORM
jg	NORM
punya	O
pacar	O
.	O
kadang	O
gua	NORM
ama	NORM
sahabat	O
gua	NORM
masih	O
suka	O
tlpnan	NORM
vcan	O
.	O
apa	O
ya	O
lebih	O
ke	O
intensitas	O
aja	NORM
sih	O
mungkin	O
berkurang	O
.	O
yg	NORM
penting	O
hindari	O
yg	NORM
bisa	O
dicemburui	O
pasangan	O
jgn	NORM
terlalu	O
diumbar	O
.	O
udah	NORM
lah	O
lupain	O
,	O
main	O
aja	NORM
ama	NORM
yg	NORM
lain	O
nder	O
.	O

doi	O
prof	O
loh	O
.	O
dan	O
mui	O
bisa	O
dapat	O
laba	O
ya	O
salah	O
satunya	O
dari	O
keahlian	O
dia	O
di	O
ekonomi	O
rakyat	O
.	O
not	O
saying	O
thinga	NORM
doesn't	NORM
mean	O
he	O
doesn't	NORM
have	O
it	O
.	O
https://t.co/ipsksgecgh	O

if	O
you	O
love	O
me	O
,	O
let	O
me	O
know	O
.	O
if	O
not	O
,	O
please	O
let	O
me	O
go	O
anonymous	O
(	O
jika	O
kau	O
mencintaiku	O
,	O
biarkanlah	O
aku	O
tahu	O
.	O
tapi	O
jika	O
tidak	O
,	O
tolong	O
biarkan	O
aku	O
pergi	O
)	O

are	O
you	O
not	O
entertained	O
?	O
!	O
.	O
terus	O
nangis	NORM
menyesali	O
nasib	O
.	O
https://t.co/novmgzmmd0	O

@jinan_jkt48	O
ada	O
lg	NORM
previewnya	NORM
,	O
dunno	NORM
who	O
but	O
keknya	NORM
kamu	O
yg	NORM
lebih	O
tau	NORM
lah	O
ini	O
seifuku	O
nya	O
siapa	O
hehe	O
.	O
https://t.co/nctpxqqyal	O

@danielcristofer	O
u	NORM
know	O
me	O
too	O
well	O
wkwk	O
.	O
denc	O
kapan	O
kita	O
kemana	O
?	O
!	O

byknya	NORM
generasi	O
milenial	O
yng	NORM
menyukai	O
jkowi	NORM
coz	NORM
pemerintahan	O
jkw	NORM
mendkg	NORM
industri	O
creatif	NORM
,	O
milenial	O
ndukung	NORM
jkw	NORM
demi	O
endonesia	O
lbih	NORM
baik	O
.	O
#01indonesiamaju	O
#jokowilagi	O
#jokowi2periode	O
#2019tetapjokowi	O
#2019pilihjokowi	O
#kyaicerdasberpengalaman	O
#kyaiumaro	O
https://t.co/mevrj49fbw	O

@askmenfess	O
why	O
not	O
both	O
?	O
sesekali	O
indo	NORM
sesekali	O
inggris	O

@persija_jkt	O
fokus	O
sama	O
pesan	O
pertama	O
n	NORM
utama	O
mamaknya	O
;	O
.	O
"	O
jaga	O
sholat	NORM
"	O
.	O
good	O
luck	O
yogi	O
!	O

wow	O
.	O
elektabilitas	O
yg	NORM
terus	O
menurun	O
hingga	O
dibawah	O
50%	O
sbg	NORM
petahana	O
dg	NORM
berbagai	O
keuntungan	O
yg	NORM
ada	O
sementara	O
waktu	O
pilpres	O
msh	NORM
1	O
bln	NORM
lg	NORM
?	O
it's	NORM
really	O
not	O
good	O
.	O
https://t.co/rguoan1stl	O

not	O
to	O
mention	O
,	O
pernah	O
ada	O
masa	O
di	O
mana	O
tiap	O
pagi	O
sarapan	O
w	NORM
adalah	O
martabak	O
tahu	O
dihancurin	NORM
pake	NORM
boncabe	O
level	O
30	O
+	O
lada	O
.	O
(	O
kalau	O
yang	O
ini	O
,	O
andai	O
balik	O
ke	O
puri	O
imperium	O
gue	NORM
tetep	NORM
bakal	O
khilaf	O
sih	O
keknya	NORM
)	O

artinya	O
kalau	O
lo	NORM
sejak	O
awal	O
udah	NORM
nyuruh	NORM
bikin	NORM
sesuatu	O
yang	O
random	O
,	O
mau	O
kita	O
jungkir	O
balik	O
tetap	O
bakal	O
unusable	O
.	O
its	NORM
not	O
the	O
interns	O
fault	O
.	O
bilang	O
aja	NORM
malas	O
supervise	O
anak	O
magang	O
.	O
mendingan	O
disuruh	O
fotokopi	O
is	O
quite	O
the	O
extreme	O
,	O
but	O
you	O
get	O
the	O
general	O
sentiment	O
.	O

kalau	O
ditanya	O
:	O
emang	NORM
ga	NORM
cape	NORM
jadi	O
gay	O
terus	O
?	O
.	O
laah	O
balikin	O
aja	NORM
:	O
emang	NORM
ga	NORM
bosen	NORM
maen	NORM
ama	NORM
memek	O
mulu	NORM
?	O
sama	O
aja	NORM
dong	O
.	O
other	O
questions	O
:	O
mau	O
nikah	O
sama	O
cewe	NORM
ga	NORM
nantinya	O
?	O
.	O
well	O
,	O
kalau	O
ku	O
menemukan	O
seorang	O
cewe	NORM
yg	NORM
bener2	NORM
one	O
of	O
a	O
kind	O
and	O
she's	NORM
the	O
one	O
,	O
why	O
not	O
?	O
.	O
jodoh	O
ngga	NORM
ada	O
yg	NORM
tau	NORM

anjing	O
kurap	O
ini	O
keliatannya	NORM
sibuk	O
dengan	O
handphone	O
murahannya	O
.	O
jadi	O
,	O
mungkin	O
dia	O
tak	O
memperhatikan	O
kalau	O
saya	O
lewat	O
.	O
saya	O
pikir	O
aman	O
untuk	O
malam	O
ini	O
.	O
but	O
,	O
its	NORM
not	O
.	O

@kerampungan	O
you're	NORM
not	O
,	O
kak	O
salka	O
.	O
butuh	O
teman	O
cerita	O
?	O

@asnv_	O
wkwkwk	O
kue	O
bandung	O
gw	NORM
baru	O
tau	NORM
lol	O
.	O
gw	NORM
sih	O
dulu	O
tau	NORM
nya	O
ya	O
martabak	O
doaang	NORM
,	O
mao	NORM
martabak	O
telor	O
or	O
manis	O
ya	O
teteup	NORM
'	O
martabak	O
'	O
.	O
makanya	O
pas	O
ada	O
yg	NORM
bilang	O
terang	O
bulan	O
gw	NORM
kira	O
kue	O
chinese	O
gt	NORM

well	O
done	O
,	O
good	O
job	O
erina	O
,	O
we	O
are	O
one	O
,	O
saranghaja	O
!	O
haduh	NORM
nangis	NORM
akutu	O
erina	O
selalu	O
urutan	O
nomer	NORM
1	O
masalah	O
vote	O
exo	O

#latepostbingits	O
agains	O
~	O
hehe	O
.	O
happy	O
weddings	O
mba	NORM
@dellatikaa	O
dan	O
uda	O
noval	O
.	O
hopefully	O
your	O
family	O
be	O
a	O
sakinah	O
,	O
mawadah	O
,	O
and	O
warrahmah	O
.	O
https://t.co/hqu61r79it	O

well	O
.	O
gue	NORM
ngga	NORM
salahin	NORM
kalian2	NORM
yg	NORM
kaget	O
liat	NORM
green	O
teck	NORM
sih	O
.	O
pride	O
.	O
as	O
a	O
crew	O
or	O
solo	O
di	O
hiphop	NORM
battle	O
skrng	NORM
ngga	NORM
seberharga	O
dulu	O
,	O
,	O
,	O
sorry	O
to	O
say	O
.	O
ngga	NORM
seru	O
.	O
https://t.co/fuxqox2duo	O

jika	O
dia	O
cukup	O
bodoh	O
melepasmu	O
,	O
maka	O
kamu	O
harus	O
cukup	O
pintar	O
melupakannya	O
.	O
life	O
must	O
go	O
on	O
,	O
not	O
to	O
be	O
oon	NORM
#cinta	O
#ikhlas	O
#bodoh	O
#pintar	O

@vivacoid	O
percaya	O
iyu	NORM
sama	O
allah	O
,	O
jgn	NORM
sama	O
survey	O
karrna	NORM
pasti	O
ada	O
something	O
klu	NORM
pemilih	O
cerdas	O
gunakan	O
rasional	O
jgn	NORM
emosional	O

yuk	O
,	O
gibson	O
era	O
terbaik	O
di	O
tahun	O
90	O
2000an	O
awalnya	O
silahkan	O
:	O
bekas	O
2001	O
gibson	O
usa	O
les	O
paul	O
standard	O
heritage	O
cherry	O
(	O
unchambered	O
!	O
)	O
,	O
bekas	O
umur	O
20	O
tahun	O
tapi	O
masih	O
.	O
https://t.co/zagw61hxuw	O

@masuk_ongen	O
@aprilliaps_	O
@bayu_joo	O
hahahahahahaha	O
gondes	O
.	O
gue	NORM
juga	O
!	O
yaampun	O
gondrong	O
ndeso	O
ku	O
:((	O
but	O
we're	NORM
not	O
in	O
relationship	O
:)	O

thailand	O
urged	O
to	O
declare	O
emergency	O
in	O
chiang	O
mai	O
as	O
air	O
pollution	O
hits	O
disastrous	O
levels	O
,	O
se	O
asia	O
news	O
&	O
top	O
stories	O
https://t.co/wt8hex5jcm	O

well	O
,	O
today	O
is	O
a	O
good	O
day	O
.	O
masak	O
,	O
nongkrong	NORM
cantik	O
minum	O
es	O
coklat	O
,	O
ke	O
peluncuran	O
buku	O
baru	O
sapardi	O
,	O
nyeritain	NORM
my	O
bestfriend's	O
love	O
story	O
about	O
him	O
,	O
masuk	O
tv	O
ui	O
,	O
dapet	NORM
hadiah	O
,	O
dan	O
ngabisin	NORM
sore	O
baca	O
buku	O
baru	O
di	O
danau	O
ditemani	O
kicauan	O
burung	O
dan	O
sepotong	O
senja	O

@thepopoh	O
been	O
there	O
done	O
that	O
,	O
mantan	O
gw	NORM
di	O
'	O
unboxing	O
'	O
sama	O
jok	O
sepeda	O
bmxnya	O

@watchmenid	O
bingung	O
nonton	NORM
five	O
feet	O
apart	O
atau	O
ini	O
dulu	O
.	O
atua	NORM
why	O
not	O
booth	NORM
?	O

@edwinadrian_	O
ente	O
tim	O
bulat	O
apa	O
datar	O
win	O
?	O
hqhquahaha	O

@til9bcome1again	O
tapi	O
jujur	O
semuanya	O
sekarang	O
kalah	O
sama	O
yang	O
ini	O
.	O
all	O
the	O
ships	O
are	O
going	O
down	O
.	O
love	O
of	O
my	O
life	O
cuyyyy	NORM
https://t.co/uraejyd3l4	O

the	O
most	O
powerful	O
japanese	O
rock	O
girls	O
band	O
.	O
duhhh	NORM
mami-chan	O
dulu	O
ter	O
cute	O
ala2	NORM
hayley	O
williams	O
sekarang	O
ter	O
nyentrik	NORM
nih	O
gw	NORM
banget	NORM
dah	O
.	O
semoga	O
next	O
song	O
konsisten	O
kek	NORM
bgini	NORM
tipe	O
musiknya	O
lebih	O
berani	O
https://t.co/cfbq7iau5f	O

@arieparikesit	O
3	O
poin	O
#fjb2019	O
:	O
1	O
.	O
ada	O
tenda	O
media	O
.	O
2	O
.	O
dapet	NORM
voucher	O
menang	O
kuis	O
3	O
.	O
ada	O
karaoke	O
room	O
.	O
why	O
not	O
10	O
?	O
1	O
.	O
sistem	O
registrasi	O
cuma	O
scan	O
masuk	O
.	O
utk	NORM
dapet	NORM
gelang	O
harus	O
antri	O
panjang	O
lagi	O
2	O
.	O
ga	NORM
dapet	NORM
kipas	O
cem	NORM
taun	NORM
lalu	O
3	O
.	O
antrian	O
stall	O
favorit	O
mengular	O
menutupi	O
stall	O
lain	O

love	O
is	O
not	O
what	O
the	O
mind	O
thinks	O
but	O
what	O
the	O
heart	O
feels	O
greg	O
evans	O
(	O
cinta	O
itu	O
bukan	O
apa	O
yang	O
dipikirkan	O
oleh	O
akal	O
;	O
tapi	O
cinta	O
adalah	O
apa	O
yang	O
dirasakan	O
oleh	O
hati	O
)	O

we	O
riot	O
coz	NORM
its	NORM
only	O
for	O
girl	O
,	O
.	O
well	O
udah	NORM
di	O
delete	O
juga	O
sih	O
tweetnya	O
.	O
ganas	NORM
ganas	NORM
masyarakat	O
sekitar	O
sini	O
emang	NORM
.	O
@jefrinichol	O
https://t.co/naqnyo2kcz	O

isinya	O
cukup	O
menarik	O
,	O
ada	O
cerita-cerita	O
,	O
foto	O
,	O
bahkan	O
dokumen	O
(	O
headline	O
berita	O
)	O
pada	O
waktu	O
itu	O
.	O
disclaimer	O
:	O
this	O
is	O
not	O
a	O
right-wing	O
.	O
nor	O
a	O
nazi	O
propaganda	O
https://t.co/iyvgyzgl2g	O

when	O
u	NORM
segak	NORM
percaya	O
itu	O
sm	NORM
org	NORM
lainn	NORM
.	O
#twitterbestfandom	O
.	O
#teamexo	O
.	O
#soompiawards	O
.	O
@weareoneexo	O
https://t.co/zb0agyt20d	O

@arieparikesit	O
buat	O
first	O
time	O
visitor	O
buat	O
gw	NORM
,	O
harusnya	O
disediain	NORM
disclaimer	O
,	O
not	O
suitable	O
for	O
toddlers	O
and	O
the	O
elderlies	O
,	O
secara	O
panas	O
banget	NORM
dan	O
tentunya	O
tempat	O
duduk	O
terbatas	O
,	O
kasian	NORM
kmrn	NORM
liat	NORM
mereka	O
.	O
pakai	O
sunscreen	O
juga	O
perlu	O

@slapmejuseyo	O
@neutrogenadc	O
@yangbeneran	O
it's	NORM
like	O
debut	O
>>	O
krn	NORM
lucu	O
>>	O
kemudian	O
jd	NORM
meme	O
.	O
gt	NORM
mksdnya	NORM
.	O
is	O
not	O
something	O
bad	O
kok	O
.	O

ketemu	O
tipe	O
emak2	NORM
tukang	O
sirik	O
,	O
dendam	O
,	O
benci	O
,	O
dan	O
iri	O
.	O
diemin	NORM
aja	NORM
,	O
gus	O
.	O
ntar	NORM
juga	O
kena	O
karmanya	O
sendiri	O
.	O
you're	NORM
not	O
on	O
her	O
level	O
.	O

well	O
wajar	O
,	O
dia	O
punya	O
fisik	O
muka	O
yang	O
dengan	O
mudah	O
orang	O
akan	O
langsung	O
menoleh	O
ke	O
dia	O
.	O
saya	O
yang	O
malah	O
jadi	O
tidak	O
pd	O
jalan	O
sama	O
dia	O
lucu	O
memang	O
karena	O
saya	O
ingin	O
dia	O
pd	O
dengan	O
fisik	O
mukanya	O
tapi	O
malah	O
saya	O
yang	O
malu	O
akan	O
fisik	O
muka	O
saya	O
hahaha	O

@johnnjaehyun	O
omg	O
.	O
creep	O
.	O
itu	O
instagram	O
dia	O
?	O

surpey	NORM
new	O
endonesia	O
#02menangfpimerajalela	O
#jokowilagi	O
#jokowinyatakerjanya	O
#rakyatsultengpilihjokowi	O
#jokowiharapanrakyat	O
https://t.co/3d8akbw3vp	O

aku	O
juga	O
gitu	NORM
nder	O
saking	NORM
nyerinya	NORM
sampe	NORM
muntah	O
.	O
but	O
take	O
a	O
painkiller	O
is	O
not	O
good	O
for	O
your	O
health	O
too	O
.	O
coba	O
olahraga	O
deh	O
.	O
yg	NORM
ringan	O
aja	NORM
tp	NORM
tiap	O
hari	O
.	O
aku	O
sejak	O
rutin	O
workout	O
udh	NORM
ga	NORM
nyeri	O
lagi	O

when	O
u	NORM
akan	O
lakuin	NORM
sesuatu	O
yg	NORM
ptg	NORM
pagi2	NORM
but	O
u	NORM
ga	NORM
sholat	NORM
subuh	O
rasanya	O
udah	NORM
gagal	O
dr	NORM
awal	O

well	O
i	O
dunno	NORM
,	O
dikirimin	O
video	NORM
video	NORM
alesan	NORM
dia	O
pen	NORM
ruqyah	NORM
tp	NORM
ga	NORM
kedonlod	NORM
bcs	NORM
sinyal	O
3	O
yg	NORM
ee	O
di	O
sini	O

beritanya	O
dihapus	O
ya	O
:	O
404	O
not	O
found	O
.	O
ada	O
yg	NORM
rekomemdasi	NORM
atau	O
kebakaran	O
janggut	O
kah	O
?	O
https://t.co/maj8tqll5m	O

dear	O
@airasia_indo	O
apk	O
lg	NORM
trouble	O
kah	O
?	O
kode	O
booking	O
not	O
found	O
kenapa	O
.	O
padahal	O
pembayaran	O
sebelum	O
waktu	O
tenggat	O
dan	O
sudah	O
ada	O
pembayaran	O

@luckysubiakto	O
ciamik	O
keduanya	O
di	O
atas	O
angka	O
80	O
.	O
well	O
mr	O
sandy	O
lead	O
anyway	O
.	O
#2019prabowopresidenri	O
.	O
atas	O
ijin	NORM
allah	O
swt	O
doa	O
anak	O
bamgsa	NORM
yg	NORM
ingin	O
perubahan	O
tentunya	O

jangan	O
nikah	O
karena	O
udah	NORM
"	O
umurnya	O
"	O
.	O
ok	NORM
,	O
terus	O
mau	O
kekeh	O
nunggu	NORM
sampe	NORM
ada	O
yang	O
sesuai	O
kriteria	O
dan	O
bersedia	O
?	O
well	O
,	O
good	O
luck	O
.	O

well	O
,	O
atta	O
bisa	O
jadi	O
youtuber	O
dengan	O
subscribers	O
jutaan	O
.	O
lebihin	NORM
dia	O
dulu	O
baru	O
boleh	O
ngatain	O
.	O
kecuali	O
atta	O
uda	NORM
melakukan	O
kriminal	O
bole	NORM
lah	O
dimaki	O
kayak	NORM
gini	NORM
.	O
kritik	O
aja	NORM
gpp	NORM
,	O
maki	O
tanpa	O
landasan	O
gini	NORM
tuh	O
malu2in	NORM
.	O
https://t.co/1wkitpsgjn	O

it	O
is	O
not	O
a	O
lack	O
of	O
love	O
,	O
but	O
a	O
lack	O
of	O
friendship	O
that	O
makes	O
unhappy	O
marriages	O
-	O
friedrich	O
nietzsche	O
(	O
bukan	O
karena	O
kurang	O
cinta	O
,	O
tapi	O
kurang	O
persahabatan	O
yang	O
membuat	O
pernikahan	O
tidak	O
bahagia	O
)	O

baru	O
ngeh	NORM
ada	O
web	O
series	O
dari	O
blued	O
yg	NORM
berjudul	O
bianglala	O
ini	O
.	O
kemana	O
aje	NORM
.	O
not	O
too	O
bad	O
kok	O
.	O
plenty	O
room	O
for	O
improvement	O
,	O
tp	NORM
mayan	NORM
untuk	O
mengobati	O
kerinduan	O
web	O
series	O
ttg	NORM
dunia	O
lgbt	O
di	O
indonesia	O
.	O
always	O
love	O
sunny	O
soon	O
yg	NORM
sipit	O
gemesin	NORM
itu	O
.	O
https://t.co/ktcwx47ueb	O

menjual	O
(	O
b	O
)	O
eu	O
kaos	O
cotton	O
not	O
for	O
you	O
gil	O
rp52,000	O
https://t.co/gmguyufrxz	O
#carousell	O
@carousell_id	O

@askmenfess	O
case	O
per	O
case	O
basis	O
ya	O
non	O
.	O
karena	O
gue	NORM
gak	NORM
terlalu	O
attach	O
dgn	NORM
keluarga	O
,	O
dengan	O
senang	O
hati	O
malah	O
.	O
tapi	O
mungkin	O
faktor	O
kerja	O
,	O
bisa	O
dilihat	O
dulu	O
,	O
ngga	NORM
mungkin	O
downgrade	O
dong	O
.	O
kalau	O
dia	O
anak	O
sultan	O
,	O
why	O
not	O
?	O
bisa	O
rintis	O
usaha	O
,	O
apalagi	O
era	O
4.0	O
,	O
usaha	O
udah	NORM
gak	NORM
landed	O
base	O
.	O

dulu	O
,	O
setiap	O
mau	O
tdr	NORM
/	O
ketiduran	O
,	O
pasti	O
muncul	O
notif	NORM
favorit	O
good	O
night	O
,	O
see	O
u	NORM
when	O
i	O
see	O
u	NORM

noooooo	NORM
,	O
why	O
not	O
july	O
?	O
sedihhhhh	NORM
huaaaaa	NORM
https://t.co/12o9kaoyi9	O

tulisan	O
yg	NORM
sangat	O
memalukan	O
(	O
lagi	O
)	O
.	O
1	O
.	O
kewajiban	O
manusia	O
adalah	O
melindungi	O
sesama	O
manusi	NORM
.	O
siapapun	O
dia	O
.	O
2	O
.	O
respect	O
is	O
earned	O
not	O
given	O
or	O
even	O
forced	O
.	O
tanpa	O
diminta	O
atau	O
dipaksa	O
,	O
anda	O
akan	O
dihormati	O
orang	O
lain	O
juka	NORM
memang	O
anda	O
pantas	O
dihormati	O
.	O
https://t.co/xijijpsza4	O

@viagraciaaa	O
well	O
,	O
i	O
dont	NORM
expect	O
either	O
klo	NORM
dia	O
begitu	O
.	O
but	O
as	O
a	O
bait	O
,	O
harusnya	O
bisa	O
dibongkar	O
yg	NORM
besar2nya	NORM
.	O
naver	O
ngetutup	NORM
akses	O
soal	O
kasus	O
ini	O
kan	O
(	O
?	O
)	O
,	O
ud	NORM
dilicinin	NORM
hapah	O
?	O

@ketidaknyataan	O
"	O
gue	NORM
cabut	O
,	O
ya	O
?	O
jaga	O
diri	O
lo	NORM
.	O
gue	NORM
yakin	O
lo	NORM
bisa	O
.	O
duluan	O
,	O
bang	O
arkan	O
.	O
see	O
you	O
when	O
i	O
see	O
you	O
.	O
semoga	O
tuhan	O
iseng	O
lagi	O
nanti	O
bikin	NORM
kita	O
ketemu	O
.	O
"	O
.	O
setelahnya	O
,	O
audrey	O
melangkah	O
pelan	O
menuju	O
rumah	O
.	O
meninggalkan	O
segala	O
macam	O
nostalgia	O
bersama	O
arkan	O
di	O
sebuah	O
taman	O
.	O
end	O

@adityalokaa	O
oke	O
kalo	NORM
gitu	NORM
resign	O
nih	O
?	O
namun	O
siapkah	O
kalian	O
para	O
lelaki	O
membiayai	O
segala	O
kebutuhan	O
dan	O
keperluan	O
wanita	O
?	O
hahaha	O
.	O
honestly	O
,	O
it's	NORM
not	O
my	O
choice	O

kamu	O
adalah	O
sosok	O
"	O
her	O
"	O
dalam	O
kutipan	O
"	O
the	O
only	O
thing	O
i	O
ask	O
of	O
you	O
is	O
to	O
hold	O
her	O
when	O
i'm	NORM
not	O
around	O
"	O
di	O
lagu	O
dear	O
god	O
.	O
setidaknya	O
dulu	O
.	O

@ameliarizq	O
kau	O
tak	O
tau	NORM
betapa	O
rapuhnya	O
aku	O
.	O
you	O
sing	O
you	O
lose	O
.	O
you	O
not	O
sing	O
you	O
kudet	O

@_citz	O
titik	O
temu	O
tapi	O
puanas	NORM
kalo	NORM
siang	O
,	O
sleepyhead	O
is	O
not	O
bad	O
either	O

@_haye_	O
@_argentalya	O
not	O
at	O
all	O
.	O
hanya	O
seorang	O
pencinta	O
kucing	O

@rlthingy	O
i	O
tried	O
to	O
cheer	O
myself	O
up	O
,	O
but	O
it's	NORM
not	O
working	O
,	O
tapi	O
aku	O
ga	NORM
mau	O
berhenti	O
supaya	O
aku	O
bisa	O
bangkit	O
dari	O
keterpurukan	O
:))	O
dan	O
1	O
lagi	O
selalu	O
berdoa	O
:)	O

udh	NORM
biasa	O
mkanya	NORM
dibwa	NORM
have	O
fun	O
aja	NORM
haha	O

where	O
we	O
love	O
is	O
truly	O
home	O
;	O
home	O
that	O
our	O
feet	O
may	O
leave	O
,	O
but	O
not	O
our	O
hearts	O
oliver	O
windell	O
holmes	O
(	O
tempat	O
yang	O
paling	O
kita	O
cintai	O
adalah	O
rumah	O
;	O
rumah	O
di	O
mana	O
kaki	O
kita	O
bisa	O
saja	O
meninggalkannya	O
,	O
tapi	O
hati	O
kita	O
tak	O
bisa	O
melupakannya	O
)	O

ok	NORM
ok	NORM
,	O
akhirnya	O
not	O
unbeaten	O
.	O
#finoallafineforzajuventus	O

kedua	O
,	O
meningkatkan	O
pengawasan	O
produksi	O
migas	O
,	O
illegal	O
tapping	O
dan	O
illegal	O
drilling	O
.	O
ketiga	O
,	O
menahan	O
penurunan	O
alamiah	O
produksi	O
migas	O
dengan	O
cara	O
meningkatkan	O
kegiatan	O
pemboran	NORM
,	O
work	O
over	O
dan	O
well	O
service	O
.	O
https://t.co/jmnt4ruf7n	O

kayaknya	O
dia	O
selalu	O
muter-muter	NORM
tentang	O
law	O
case	O
is	O
not	O
that	O
easy	O
.	O
pokoknya	O
dia	O
semua	O
lah	O
yang	O
paham	O
,	O
orang	O
lain	O
mah	O
goblok	O
.	O
https://t.co/jtayrjj6yx	O

4	O
.	O
selingkuh	O
/	O
"	O
main	O
di	O
luar	O
"	O
.	O
miris	O
.	O
kenapa	O
?	O
.	O
biasa	O
yang	O
cerita	O
gini	NORM
,	O
suaminya	O
ga	NORM
kerja	O
/	O
uang	O
ga	NORM
seberapa	O
eh	O
malah	O
sok	O
selingkuh	O
.	O
ya	O
emang	NORM
gw	NORM
cuma	O
denger	NORM
pov	O
si	O
istri	O
yang	O
mungkin	O
dilebih"kan	NORM
,	O
tapi	O
tetep	NORM
aja	NORM
.	O
main	O
di	O
luar	O
&	O
selingkuh	O
is	O
not	O
a	O
good	O
thing	O
to	O
do	O
.	O

@hose_twt	O
gimana	O
mau	O
ga	NORM
sayang	O
hoseok	O
,	O
kalo	NORM
aku	O
nangis	NORM
,	O
kesel	O
sama	O
dunia	O
dan	O
ngerasa	NORM
ga	NORM
guna	O
.	O
langsung	O
nyari	NORM
video	O
try	O
not	O
to	O
laugh	O
hoseok	O
vers	O
atau	O
engga	NORM
nonton	O
video	O
yang	O
hoseok	O
main	O
suling	O
pake	NORM
hidung	O
lagu	O
titanic	O
terus	O
diedit	NORM
.	O
itu	O
manjur	NORM
banget	NORM
buat	O
bikin	NORM
ketawa	NORM
lagi	O
,	O
thanks	O
hosiki	O

@rlthingy2	O
well	O
mannered	O
aja	NORM
aku	O
mah	O
.	O
atau	O
gak	NORM
yang	O
perhatian	O
boleh	O
,	O
aku	O
haus	O
akan	O
perhatian	O
soalnya	O
hehe	O

@chelseaindo	O
mesti	O
kebobolan	O
dulu	O
baru	O
nurunin	NORM
cho	O
&	O
rlc	O
.	O
emerson	O
is	O
not	O
even	O
on	O
the	O
bench	O
.	O
kzl	NORM
.	O

@detikcom	O
katanya	O
"	O
itu	O
urusan	O
pribadi	O
"	O
.	O
well	O
ini	O
bukan	O
cuma	O
masalah	O
duit	O
.	O
tapi	O
"	O
pengisian	O
jabatan	O
di	O
kementrian	O
agama	O
"	O
nya	O
itu	O
jadi	O
pertanyaan	O
besar	O
.	O
"	O
jadi	O
ada	O
acara	O
isi2	NORM
jabatan	O
gitu	NORM
ya	O
?	O
"	O

ketika	O
di	O
lingkungan	O
kantor	O
ada	O
yang	O
pake	NORM
jaket	O
exterminator	O
,	O
i	O
know	O
,	O
i'm	NORM
not	O
alone	O
:)	O

@wildhasnb	O
baik	O
,	O
kak	O
.	O
kami	O
bantu	O
respon	NORM
melalui	O
dm	O
.	O
berkenan	O
follow	O
back	O
kami	O
terlebih	O
dahulu	O
kak	O
?	O
kami	O
tunggu	O
konfirmasi	O
selanjutnya	O
.	O
terima	O
kasih	O
-	O
tara	O

apapun	O
,	O
pasti	O
akan	O
reda	O
juga	O
.	O
do	O
not	O
ever	O
be	O
afraid	O
.	O
:)	O
diarydelima	O

nemu	NORM
caption	O
orang	O
posting	O
kamera	O
filmnya	O
.	O
"	O
buy	O
film	O
not	O
pixel	O
"	O
.	O
nah	O
lo	NORM
abis	NORM
kelar	NORM
foto	O
didevelope	NORM
terus	O
di	O
scan	O
jadinya	O
apa	O
?	O
pixel	O
goblog	NORM

@snowangja	O
@hyuktea	O
@navicology	O
kenal	O
sih	O
kir	O
aq	NORM
sama	O
dy	NORM
.	O
tmn	NORM
jg	NORM
,	O
cuma	O
not	O
dat	NORM
freaking	O
close	O
sampe	NORM
taraf	O
appun	NORM
dikasih	O

@askmenfess	O
kemaren	NORM
paniju	NORM
paniju	NORM
ini	O
lagi	O
kentang	O
keju	O
.	O
where	O
are	O
u	NORM
now	O
nder	O
https://t.co/vlhnmrs52x	O

anjirlah	O
ini	O
data	O
udah	NORM
gua	NORM
cut	O
dari	O
19	O
juta	O
+	O
point	O
,	O
jadi	O
cuma	O
6	O
juta	O
dan	O
gua	NORM
bagi	O
jadi	O
per	O
1	O
juta	O
,	O
.	O
masih	O
aja	NORM
not	O
responding	O
cad	O

gw	NORM
bisa	O
nahan	NORM
diri	O
kl	NORM
ada	O
debat	O
soal	O
agama	O
,	O
politik	O
,	O
ato	NORM
masalah	O
ras	O
.	O
yang	O
gw	NORM
gak	NORM
tahan	O
kalo	NORM
udah	NORM
ada	O
cewek	O
jahat	O
ke	O
sesama	O
cewek	O
,	O
menyepelekan	O
musibah	O
pelecehan	O
seksual	O
yang	O
menimpa	O
korban	O
.	O
itu	O
sumpah	O
jahat	O
banget	NORM
.	O
blocked	O
them	O
from	O
tl	O
seems	O
not	O
enough	O
.	O

i	O
usually	O
not	O
gonna	NORM
share	O
things	O
about	O
pollitics	NORM
.	O
and	O
this	O
one	O
is	O
none	O
about	O
it	O
,	O
i	O
think	O
cuma	O
bacaan	O
yang	O
membuka	O
pemahaman	O
gw	NORM
aja	NORM
tentang	O
rakyat	O
indonesia	O
yang	O
(	O
mungkin	O
)	O
memang	O
belum	O
siap	O
menjadi	O
warga	O
negara	O
yang	O
maju	O
.	O
https://t.co/k5v1jx2yk4	O

@gnuna_	O
@iyainajaaaa	O
@shitlicious	O
well	O
okay	O
,	O
benar-benar	O
tepat	O
sasaran	O
jawabannya	O
mba	NORM

@new_preloved	O
minta	O
maaf	O
for	O
what	O
?	O
karna	NORM
ud	NORM
apus	NORM
nomor	O
dia	O
?	O
itu	O
kan	O
hak	O
kamu	O
buat	O
apus	NORM
or	O
not	O
.	O
yash	O
,	O
kangen	O
selalu	O
ada	O
tp	NORM
sebaiknya	O
untuk	O
saat	O
ini	O
pendem	NORM
aja	NORM
,	O
kalo	NORM
suatu	O
saat	O
hbungan	NORM
km	NORM
sm	NORM
cowo	NORM
tsb	NORM
ud	NORM
baikan	NORM
sperti	NORM
temenan	O
normal	O
baru	O
deh	O
becandain	NORM
bilang	O
"	O
w	NORM
kangen	O
lo	NORM
tau	NORM
"	O

@yeabitj	O
dropship	O
apa	O

yuk	O
,	O
gibson	O
era	O
terbaik	O
di	O
tahun	O
90	O
2000an	O
awalnya	O
silahkan	O
:	O
bekas	O
2001	O
gibson	O
usa	O
les	O
paul	O
standard	O
heritage	O
cherry	O
(	O
unchambered	O
!	O
)	O
,	O
bekas	O
umur	O
20	O
tahun	O
tapi	O
masih	O
.	O
https://t.co/rt7wzjjtvy	O

@educationfess	O
ada	O
photography	O
omg	O

/	O
:	O
baru	O
bikin	NORM
dua	O
headplot	O
.	O
semuanya	O
angst	O
.	O
ok	NORM
siap	O
.	O
rae	O
,	O
gak	NORM
usah	NORM
bahagia-bahagia	O
.	O
not	O
your	O
style	O
.	O

let's	NORM
not	O
get	O
too	O
attached	O
to	O
a	O
personality	O
.	O
misalnya	O
kamu	O
suka	O
ide	O
a	O
dari	O
jokowi	O
dan	O
ide	O
b	O
dari	O
prabowo	O
.	O
biarpun	O
mereka	O
ada	O
di	O
kubu	O
yang	O
beroposisi	O
,	O
kamu	O
nggak	NORM
harus	O
memilih	O
salah	O
satu	O
.	O
kamu	O
bisa	O
membangun	O
opinimu	O
sendiri	O
dari	O
adaptasi	O
kedua	O
ide	O
.	O

jangan	O
lupa	O
terus	O
bersyukur	O
pada	O
tuhan	O
.	O

what	O
oke	O
oce	O
katanya	O
sukses	O
di	O
jkt	NORM
.	O
rasanya	O
mau	O
ngekek	O
guling2	NORM
.	O
pasti	O
bro	O
sandy	O
amnesia	O
bahwa	O
oke	O
oce	O
pd	NORM
tutup	O
tak	O
bs	NORM
bertahan	O
#debatcawapres2019	O

@terakotaa	O
mnrtku	NORM
ngga	NORM
tp	NORM
temenku	NORM
cewek	O
ttp	NORM
bilang	O
curang	O
scr	NORM
inheren	O
krn	NORM
pas	O
hubungan	O
suami	O
istri	O
si	O
dia	O
memikirkan	O
pria	O
lain	O
.	O
well	O
berbeda	NORM
beda	NORM
.	O

isi	O
slot	O
neng	O
yu	NORM
.	O
open	O
jaksel	NORM
kemang	O
yawww	NORM
.	O
wajib	O
dp	NORM
.	O
info	O
bo	NORM
dm	O
aja	NORM
or	O
wa	O
lngsng	NORM
.	O
ohya	O
bsk	NORM
neng	O
d	NORM
jaktim	NORM
yaw	NORM
.	O
isi	O
slot	O
dr	NORM
skrng	NORM
juga	O
bisa	O
.	O
#realangel	O
.	O
#realbo	O
.	O
#recomended4bo	O
.	O
#bookingnow	O
.	O
#availbooking	O
.	O
#cewekpanggilan	O
.	O
#wajibdp	O
.	O
#wikwikberbayar	O
.	O
#siapdigoyang	O
.	O
#sdhavail	O
.	O
#jaksel	O
.	O
#kemang	O
https://t.co/9bdoyidols	O

lagi	NORM
lagi	NORM
ngerasain	NORM
apa	O
yang	O
dirasain	NORM
berbulan	NORM
bulan	NORM
lalu	O
.	O
its	NORM
okay	O
not	O
to	O
be	O
okay	O
.	O

terdapat	O
"	O
not	O
all	O
rainbows	O
come	O
in	O
color	O
.	O
"	O
di	O
profile-nya	NORM
.	O

budayakan	O
membaca	O
detail	O
sebelum	O
chat	O
yaaa	NORM
as	O
written	O
on	O
my	O
bio	O
aku	O
tuh	O
exclude	O
.	O
dan	O
please	O
,	O
i'm	NORM
not	O
a	O
bloody	O
tradisonal	NORM
market	O
.	O
so	O
no	O
nawar	NORM
nawar	NORM

@putrabanten80	O
@hukumdan	O
klo	NORM
aku	O
,	O
jawabannya	O
so	O
simpel	O
!	O
.	O
mungkin	O
mereka	O
sudah	O
muak	O
,	O
dengan	O
tingkah	O
laku	O
@sandiuno	O
,	O
yang	O
selalu	O
salah	O
dan	O
bangga	O
,	O
dengan	O
sandiwara	O
unonya	O
!	O

rasa	O
energi_haq	O
di	O
tubuh	O
akan	O
jadi	O
bukti	O
ilmiah	O
.	O
handal	O
utk	NORM
perlindungan	O
selamat	O
24	O
jam	O
tanpa	O
rumit	O
,	O
not	O
mistik	O
t	O
02188468	O
28	O
iklanbarisos	O

gue	NORM
benci	O
bgt	NORM
typo	O
aaakkk	NORM
my	O
fingers	O
why	O
youuuuu	NORM
.	O
like	O
this	O
typo	O
pas	O
minta	O
approval	O
bos	O
dan	O
ku	O
malu	O
walaupun	O
bosqu	NORM
tydac	NORM
peduli	O
neep	O
apaan	O
anjir	O
d	O
sama	O
p	O
kan	O
jauh	O
https://t.co/c3nkp2rt5g	O

@anakdesaid	O
@allamiskoto	O
@mulyadizava	O
@mazdayak	O
@gisellacik	O
@puspindes	O
jateng	O
18	O
m	O
demi	O
persatuan	O
why	O
not	O
dr	NORM
pada	O
kaya	O
suriah	O
perang	O
saudara	O
.	O
lw	NORM
gak	NORM
nyinyir	O
200	O
jt	NORM
bambu	O
di	O
bundaran	O
hi	O
buat	O
apaan	O
?	O

percayalah	O
bukan	O
gue	NORM
yg	NORM
ngerubah	NORM
elu	NORM
.	O
one	O
day	O
you	O
will	O
find	O
the	O
right	O
one	O
,	O
thats	NORM
not	O
me	O
.	O

cerita	O
singkat	O
diperjalanan	O
pada	O
malam	O
hari	O
:	O
.	O
tadiny	NORM
mu	NORM
cerita	O
,	O
tp	NORM
males	NORM
soalnya	O
ada	O
mendung2nya	NORM
gitu	NORM
suasana	O
mood	O
.	O
hmm	O
.	O
u	NORM
know	O
what	O
i	O
think	O
.	O

mikir	NORM
sehari	O
sebelumnya	O
mau	O
makan	O
apaan	O
di	O
fjb	O
,	O
akhirnya	O
milih	NORM
tahu	O
telor	O
yg	NORM
well	O
known	O
di	O
surabaya	O
.	O
walaupun	O
antre	NORM
kurleb	NORM
1	O
jam	O
dan	O
jadinya	O
gabisa	NORM
beli	O
yg	NORM
lain	O
tapi	O
gapapa	NORM
gue	NORM
bangga	O
bisa	O
fokus	O
ke	O
tujuan	O
awal	O
.	O
makasih	NORM
kecapnya	O
!	O
https://t.co/iq9w1drarb	O

@arkimo	O
apa	O
bedanya	O
donut	NORM
sama	O
doughtnut	NORM
?	O

@rxisyx	O
kan	O
.	O
kita	O
ni	O
syukur	O
ada	O
sources	O
,	O
yang	O
takde	NORM
tu	NORM
?	O
sibuk	O
suruh	O
cari	O
part	O
time	O
,	O
some	O
bragged	O
how	O
they	O
did	O
well	O
in	O
uni	O
.	O
nahh	NORM
.	O
at	O
the	O
end	O
nak	O
suruh	O
dorang	NORM
tutup	O
mulut	O
diam	O
terima	O
redha	O
life	O
as	O
a	O
student	O
mcm	NORM
tu	NORM
.	O
i	O
thought	O
kite	NORM
kena	O
tolong	O
improvise	O
everyone's	O
life	O
.	O
nak	O
2020	O
kot	O
.	O
hahaha	O

jangan	O
kemana2	NORM
ya	O
blistener	O
karena	O
abs	NORM
ini	O
masih	O
banyak	O
fakta2	NORM
unik	O
tentang	O
the	O
avengers	O
yg	NORM
bakalan	O
dibawain	NORM
sama	O
breaker	O
made	O
!	O
penasaran	O
kan	O
?	O
stay	O
tuneeed	NORM
!	O
#nightsound	O

pt	O
gw	NORM
tadi	O
pagi	O
kasih	O
beban	O
terberat	O
gw	NORM
sejauh	O
ini	O
.	O
elu	NORM
pasti	O
bisa	O
ed	O
,	O
klien	O
gw	NORM
umur	O
68	O
aja	NORM
bisa	O
.	O
cewek	O
lagi	O
.	O
tiba2	NORM
dia	O
gugup	O
dan	O
langsung	O
buru2	NORM
tambahin	NORM
,	O
eh	O
bukan	O
gitu	NORM
maksud	O
gw	NORM
ya	O
,	O
maksud	O
gua	NORM
cewe	NORM
.	O
langsung	O
gw	NORM
potong	O
,	O
relax	O
man	O
.	O
youre	NORM
not	O
on	O
twitter	O
here	O
.	O

novel	O
harap	O
polri	O
adil	O
proses	O
hukum	O
said	O
aqil	O
https://t.co/frnmo0lvxx	O

@talithxa	O
iya	O
,	O
nih	O
.	O
mukanya	O
not	O
impressed	O
https://t.co/827tf1hae6	O

"	O
public	O
transit	O
is	O
too	O
expensive	O
,	O
we	O
are	O
not	O
jakarta	O
"	O
.	O
persepsi	O
ini	O
jangan	O
sampai	O
muncul	O
di	O
daerah	O
lain	O
,	O
karena	O
angkutan	O
umum	O
bukan	O
cuma	O
mrt	O
https://t.co/4xmpgbtyuv	O

ku	O
dianggap	O
gak	NORM
becus	NORM
krn	NORM
salah	O
mengarahkan	O
.	O
well	O
.	O

"	O
a	O
nation	O
that	O
destroys	O
its	O
soils	O
,	O
destroys	O
itself	O
.	O
forests	O
are	O
the	O
lungs	O
of	O
our	O
land	O
,	O
it's	NORM
purifying	O
the	O
air	O
and	O
giving	O
fresh	O
strenght	NORM
to	O
our	O
people	O
.	O
"	O
-	O
franklin	O
d.	O
roosevelt	O
.	O
happy	O
international	O
forest	O
day	O
.	O
save	O
forest	O
,	O
save	O
life	O
.	O
best	O
regard	O
,	O
.	O
bslc	O
https://t.co/ftjacl8one	O

last	O
but	O
not	O
least	O
nih	O
rekan	O
buana	O
4	O
.	O
sapa	O
dosen	O
di	O
luar	O
kelas	O
ini	O
terlihat	O
muda	NORM
loh	O
rekan	O
buana	O
namun	O
masih	O
banyak	O
dari	O
mahasiswa	O
yang	O
malas	O
melakukan	O
hal	O
sederhana	O
ini	O
karena	O
takut	O
maupun	O
sungkan	O
dengan	O
dosen	O
pengampuhnya	O
.	O
keep	O
streaming	O
only	O
on	O
https://t.co/dutef2t1os	O

@arisetyo	O
terus	O
tiap	O
kalimat	O
kedua	O
yang	O
diucapkan	O
harus	O
berisi	O
konsep	O
filsafat	O
.	O
not	O
my	O
cup	O
of	O
tea	O

i'm	NORM
at	O
one	O
belpark	O
xxi	O
in	O
jakarta	O
selatan	O
,	O
dki	O
jakarta	O
https://t.co/smcapbkfx2	O

@pisangkepok_	O
mm	O
not	O
sure	O
,	O
ada	O
area	O
di	O
lantai	O
atas	O
tapi	O
gak	NORM
sempet	NORM
nanya	NORM
kalo	NORM
ada	O
non-smoking	O
huhu	O

saya	O
kembali	O
ke	O
sudut	O
jalan	O
itu	O
,	O
di	O
mana	O
itu	O
pertama	O
kali	O
kita	O
bertemu	O
.	O
i'm	NORM
not	O
gonna	NORM
move	O
.	O
#historysnow	O

"	O
kegenitan	O
generasi	O
tua	O
"	O
wow	O
jadi	O
lu	NORM
bilang	O
gw	NORM
genit	O
?	O
well	O
at	O
least	O
some	O
generation	O
can	O
take	O
jokes	O
.	O
but	O
maybe	O
not	O
you	O

@adriandhy	O
@comika_id	O
btw	O
.	O
di	O
webtoon	O
waffles	O
and	O
pancakes	O
ada	O
episode	O
ini	O
.	O
realisasi	O
bit	O
stand	O
up	O
dari	O
fttf	O
:))	O
.	O
https://t.co/rtupdsj7zu	O

@18autobase	O
if	O
you're	NORM
not	O
happy	O
,	O
leave	O
(	O
2	O
)	O
.	O
anw	NORM
kayaknya	NORM
lu	NORM
sendiri	O
salah	O
konsep	O
soal	O
perempuan	O
itu	O
ratu	O
.	O
no	O
baby	O
we	O
all	O
are	O
the	O
same	O
.	O
perempuan	O
bukan	O
ratu	O
hehehehehehhee	O
.	O
ya	O
ditreat	O
&	O
disayang	O
memang	O
harus	O
.	O
tp	NORM
ga	NORM
kek	NORM
ratu	O
jg	NORM

@misseu_	O
biasa	O
lah	O
kemaren	NORM
abis	NORM
pemilu	O
gitu	NORM
di	O
kampus	O
trs	NORM
katanya	O
ada	O
kecurangan	O
.	O
but	O
idk	O
hows	NORM
the	O
real	O

@alamisadhomie	O
ini	O
adenya	NORM
lg	NORM
ikutan	O
challenge	O
try	O
not	O
to	O
dance	O
:)	O
@iq_230901	O
@masuk_ongen	O

ke	O
whats	NORM
good	O
malah	O
jadi	O
not	O
good	O
.	O
haha	O
apasi	O
apasi	O

@agungrhamdan	O
timing	O
komedinya	O
bagus	O
sih	O
tapi	O
kadang	O
ada	O
bagian	O
yg	NORM
menurut	O
gue	NORM
"	O
ini	O
kykny	NORM
not	O
meant	O
to	O
be	O
funny	O
"	O
tp	NORM
ada	O
yg	NORM
ngakak	NORM
tuh	O
agak	O
distracting	O
hahaha	O
emg	NORM
pengalaman	O
menonton	O
itu	O
kdg	NORM
unik	O

selalu	O
ada	O
jalan	O
untuk	O
menjemput	O
apa	O
yang	O
kita	O
butuhkan	O
.	O
god	O
give	O
what	O
u	NORM
need	O
not	O
what	O
u	NORM
want	O

selamat	O
pagi	O
!	O
.	O
memulai	O
hari	O
dengan	O
mendengarkan	O
lagu-lagu	O
favorit	O
dari	O
soundtrack	O
film	O
bollywood	O
.	O
these	O
are	O
some	O
of	O
bollywood	O
soundtracks	O
i	O
play	O
on	O
repeat	O
on	O
spotify	O
.	O
kalian	O
punya	O
bollywood	O
soundtracks	O
favorit	O
,	O
tak	O
?	O
https://t.co/xo1gykvqe4	O

@caratsmarket	O
aku	O
ada	O
behind	O
card	O
vernon	O
yg	NORM
before	O
dawn	O
ver	NORM
,	O
50k	O
,	O
udah	NORM
ready	O
di	O
shopee	O
dan	O
bs	NORM
free	O
ong	NORM
,	O
dm	O
buat	O
nego	NORM

vit	NORM
c	O
serum	O
by	O
hello	O
derma	O
.	O
price	O
:	O
85,000	O
.	O
oh	O
iya	O
teksture	NORM
serum	O
vit	NORM
c	O
by	O
hello	O
derma	O
adalah	O
water	O
based	O
ya	O
not	O
oil	O
jadi	O
cepat	O
bgt	NORM
meresapnya	O
dan	O
ga	NORM
lengket	O
sama	O
sekali	O
https://t.co/rq5afl5gfz	O

well	O
ini	O
smt	NORM
terakhir	O
ada	O
kelas	O
,	O
smt	NORM
depan	O
who	O
know	O
?	O
.	O
bahkan	O
mungkin	O
ada	O
yg	NORM
udh	NORM
memutuskan	O
buat	O
pp	O
aja	NORM
.	O
tinggal	O
kompre	NORM
-	O
up	O
-	O
nyusun	NORM
.	O
and	O
you'll	NORM
get	O
de	NORM
rill	NORM
lyfe	NORM
~	O

thats	NORM
why	O
selalu	O
males	NORM
ke	O
cs	O
bank	O
.	O
maunya	O
cuma	O
ganti	O
kartu	O
/	O
buka	O
m-banking	O
malah	O
ditawarin	O
unit	O
link	O
ini	O
itu	O
https://t.co/4ad7pl2kqa	O

siapapun	O
lo	NORM
,	O
mau	O
lo	NORM
followers	O
gua	NORM
atau	O
bukan	O
please	O
stop	O
.	O
it's	NORM
not	O
even	O
funny	O
anymore	O
.	O

@scotchandsoba_	O
been	O
there	O
every	O
month	O
.	O
dan	O
yg	NORM
selalu	O
kena	O
imbasnya	O
pacar	O
,	O
doi	O
yg	NORM
w	NORM
marahin	NORM
,	O
yg	NORM
mood	O
swing	O
.	O
yg	NORM
kalo	NORM
lg	NORM
harinya	O
itu	O
semua	O
serba	O
salah	O
.	O
yg	NORM
nangis	NORM
tanpa	O
sebab	O
.	O
yg	NORM
insecure	O
juga	O
.	O
tapi	O
doi	O
selalu	O
support	O
,	O
dan	O
bilang	O
it	O
will	O
pass	O
you	O
can	O
do	O
it	O
last	O
month	O
so	O
why	O
not	O
now	O

@tubbirfess	O
i	O
want	O
to	O
be	O
a	O
writer	O
or	O
painter	O
soon	O
.	O
pengen	NORM
menyalurkan	O
ekspresi	O
aja	NORM
lewat	O
menulis	O
/	O
menggambar	O
since	O
im	NORM
not	O
really	O
good	O
untuk	O
mengutarakan	O
perasaan	O
sesungguhnya	O
.	O
then	O
i	O
want	O
to	O
have	O
my	O
own	O
exhibition	O
,	O
share	O
everything	O
dari	O
sudut	O
pandang	O
gue	NORM

@roykimochi	O
@syafiramadhi	O
@dancowbubukk	O
well	O
defined	O
.	O
antara	O
iman	O
kuat	O
banget	NORM
sampe	NORM
gak	NORM
bisa	O
kena	O
gangguan	O
mental	O
dan	O
gila	O
beda	O
tipis	O
memang	O
.	O
karena	O
ada	O
norma	O
yang	O
berlaku	O
di	O
sosial	O
.	O
who	O
the	O
judge	O
?	O
the	O
people	O
.	O

@tubbirfess	O
not	O
biased	O
tp	NORM
disini	NORM
dia	O
keren	O
+	O
cantik	O
banget	NORM
gila	O

kadang	O
ingin	O
mencari	O
peluang	O
lain	O
,	O
tp	NORM
di	O
sisi	O
lain	O
belum	O
bisa	O
ninggalin	NORM
keadaan	O
saat	O
ini	O
karena	O
emang	NORM
udah	NORM
setengah	O
jalan	O
.	O
feeling	O
like	O
i'm	NORM
not	O
able	O
to	O
compete	O
in	O
looking	O
for	O
another	O
chance	O
.	O
bcs	NORM
i	O
still	O
need	O
more	O
experiences	O
here	O
.	O

#axgproof	O
3	O
army	O
bombs	O
has	O
been	O
secured	O
!	O
yg	NORM
mau	O
order	O
bisaa	NORM
yaa	NORM
650k	O
udh	NORM
ems	O
tax	O
,	O
dp	NORM
450k	O
langsung	O
dibeliin	NORM
.	O
buruu	NORM
nanti	O
sold	O
out	O
di	O
web	O
bh	O
nya	O
https://t.co/maghaygvlx	O

@wawan_ihwan	O
@haikal_hassan	O
ane	NORM
#orangbandungasli	O
,	O
sampai	O
kapanpun	O
#gaksetuju	O
mega	O
proyek	O
#keretacepatindonesiachina	O
,	O
karena	O
hanya	O
akan	O
#suburkanhegemonitiongkok	O
yg	NORM
tentunya	O
#berdampaknegatif	O
.	O
believe	O
it	O
or	O
not	O
!	O
https://t.co/s6410skn16	O

@badmintontalk	O
19	O
tahun	O
,	O
2x	O
runner	O
up	O
di	O
kelas	O
s300	O
,	O
not	O
bad	O
laaah	NORM
.	O
masih	O
perlu	O
banyak	O
improvement	O
,	O
pasti	O
bisaa	NORM
minimal	O
1	O
gelar	O
tahun	O
ini	O
.	O
thank	O
you	O
rinov	O
/	O
pitha	O

well	O
tergantung	O
,	O
kalo	NORM
maksud	O
lu	NORM
sukses	O
itu	O
bs	NORM
hidup	O
enak	O
makan	O
enak	O
kmn2	NORM
naik	O
mobil	O
bapak	O
lu	NORM
ya	O
oke	O
.	O
tapi	O
kalo	NORM
bisanya	O
cm	NORM
ngabisin	NORM
duit	O
,	O
smp	NORM
suatu	O
saat	O
bnr2	NORM
abis	NORM
,	O
lu	NORM
ga	NORM
punya	O
skill	O
apa2	NORM
,	O
ada	O
warisan	O
jg	NORM
gbs	NORM
ngatur	NORM
,	O
lu	NORM
punya	O
apa	O
?	O
msh	NORM
bs	NORM
disebut	O
sukses	O
?	O
sukses	O
tergantung	O
lu	NORM
bkn	NORM
bapak	O
lu	NORM
https://t.co/o9eferc6yr	O

deat	NORM
tim	O
eco	O
,	O
pls	NORM
fix	O
it	O
the	O
soonest	O
.	O
dari	O
semalem	NORM
offline	O
,	O
thx	NORM
u	NORM
.	O
https://t.co/zqb1fds972	O

kalian	O
pake	NORM
skin	O
care	O
apa	O
aja	NORM
?	O
sekalian	O
pap	O
skin	O
care	O
nya	O
dong	O
ini	O
skin	O
care	O
aku	O
.	O
mager	NORM
fotonya	O
,	O
jadi	O
begini	O
aja	NORM
yaa	NORM
.	O
tapi	O
next	O
aku	O
mau	O
coba	O
skin	O
care	O
dari	O
klavuu	O
.	O
karna	NORM
ada	O
beberapa	O
review	O
,	O
dan	O
itu	O
not	O
bad	O
untuk	O
tipe	O
kulit	O
kaya	O
aku	O
.	O
https://t.co/ojclp1f3dv	O

