ker	O
na	O
ut	O
tud	NORM
ne	O
pride	O
nazaj	O
,	O
ker	O
vsi	O
govorijo	O
da	O
bo	O
ash	O
starter	O
.	O

@bozopredalic	O
@lisaminausa	O
@krtmen	O
@petra_jansa	O
kva	NORM
bi	O
se	O
sekiru	NORM
zarad	NORM
takih	O
.	O

jet	NORM
te	O
pa	O
čakam	O
.....!	O

oče	O
prejema	O
230	O
eurov	NORM
socialke	O
vsak	O
mesec	O
,	O
sedaj	O
pa	O
pravi	O
,	O
da	O
mu	O
banka	O
vse	O
pobere	O
in	O
da	O
jih	O
ne	O
zanima	O
,	O
ko	O
jim	O
pravi	O
da	O
tega	O
ne	O
smejo	O
.	O

@simobil	O
hmm	O
,	O
zanimivo	O
,	O
ceprov	NORM
vsi	O
opisujejo	O
,	O
da	O
se	O
jim	O
to	O
dogaja	O
na	O
ios	O
8	O
,	O
amm	O
js	NORM
sm	NORM
se	NORM
zmerej	NORM
na	O
6-ki	O
🙈	O

js	NORM
sm	NORM
namreč	O
tud	NORM
neki	NORM
pobrala	O
,	O
pa	O
sm	NORM
zaenkrat	O
samo	O
na	O
čajih	O
,	O
isla	O
mintih	O
,	O
isla	O
gingerjih	O
,	O
medu	O
,	O
limoni	O
.	O

tale	O
je	O
tudi	O
dobra	O
-	O
kontrolni	O
seznami	O
,	O
kako	O
prepoznati	O
posamezne	O
vampirje	O
(	O
na	O
levi	O
strani	O
seznam	O
posameznih	O
)	O

ooo	O
ves	NORM
da	O
smo	O
pridne	O
:)	O

a	O
ne	O
bi	O
blo	NORM
fino	O
če	O
bi	O
lahko	O
kar	O
zbrisali	O
tiste	O
gene	O
,	O
ki	O
niso	O
glih	O
fajn	O
za	O
podedvat	NORM
,	O
a	O
?	O

a	O
prav	O
?	O

@iamanej	O
long	O
story	O
short	O
:	O

kaj	O
bi	O
si	O
mislila	O
šele	O
če	O
bi	O
ji	O
nasproti	O
prišel	O
stephen	O
gough	O
:	O
http://www.mladina.si/161648/ne-goli-po-svetu/	O

če	O
že	O
jem	O
čokolado	O
,	O
pol	NORM
temno	O
,	O
kava	O
espresso	O
al	NORM
pa	O
max	NORM
macchiato	O
,	O
obvezno	O
brez	O
cukra	O

;)	O

a	O
draft	O
(	O
draught	O
)	O
je	O
pretezka	NORM
beseda	O
😀😀😀	O

včasih	O
pozabim	O
,	O
da	O
niso	O
vsi	O
na	O
twitterju	O
sharpest	O
tools	O
in	O
the	O
box	O
.	O

mors	NORM
narocit	NORM
jih	O
u	NORM
pisarni	O
hs	O

#lazyday	O
tut	NORM
rabiš	O
kdaj	O
met	NORM
.	O

ma	O
sej	NORM
parter	O
bi	O
se	O
vidu	NORM
sam	NORM
je	O
drago	O
use	NORM
skp	NORM
jao	O
kok	NORM
težka	O
odločitev	O
xd	O

@p_zoran	O
nope	O
.	O

če	O
bi	O
bil	O
naš	O
namen	O
tako	O
jasen	O
kot	O
trdiš	O
ti	O
potem	O
ta	O
tema	O
nebi	NORM
ostajala	NORM
!	O

krasna	O
pripovedna	O
slikca	NORM
.	O

smo	O
videli	O
pri	O
fructalu	O
kolilko	NORM
so	O
drzale	NORM
zaveze	O
novih	O
lastnikov	O
.	O

sailor	O
...	O

in	O
ja	O
bil	O
sem	O
nor	O
;)	O

@leiuca	O
če	O
ni	O
v	O
kilah	O
problem	O
,	O
predlagam	O
tek	O
/	O
sprehod	O
v	O
naravi	O
namest	NORM
fintessa	NORM
:)	O

kaj	O
ti	O
bo	O
ferari	NORM
.	O

@leaathenatabako	O
da	O
bi	O
muhe	O
ponoci	NORM
spale	O
?	O

mah	O
:	O
hvala	O
.	O

lahko	O
je	O
tudi	O
urejena	O
in	O
tapicirana	NORM
kletka	O
:)	O

tabreznogavična	O
...	O

kolko	NORM
je	O
blo	NORM
onih	O
infomatikov	O
v	O
ju	O
,	O
@petrasovdat	O
?	O

;)	O

elton	O
john	O
res	O
zaspilal	NORM
dve	O
uri	O
in	O
pol	O
pa	O
se	NORM
mal	NORM
cez	NORM
....	O

lp	O
matej	O

@davidkovic	O
tko	NORM
kot	O
vsi	O
športniki	O
,	O
ko	O
neki	NORM
zmagajo	O
?	O

nekateri	O
so	O
že	O
3	O
dan	O
brez	O
štroma	O
in	O
naj	O
spremljajo	O
dogajanje	O
na	O
tw	NORM
?!	O

sam	NORM
pozdravljam	O
vse	O
,	O
ki	O
me	O
spremljate	O
.	O

@branem	O
@ambrofuzbal	O
@manutd	O
@arsenal	O
dokler	O
dobivamo	O
gole	O
v	O
zadnjih	O
sekundah	O
proti	O
cardiffom	O
,	O
nej	NORM
se	O
moyes	O
se	NORM
mal	NORM
trudi	O
s	O
fanti	O
:)	O

@ninagray_	O
pa	O
sej	NORM
češnje	O
se	O
tut	NORM
lepo	O
slišjo	NORM
:)	O

kot	O
ponavadi	O
.	O

@buneech	O
haha	O
pejt	NORM
namest	NORM
mene	O
,	O
tele	O
matematicne	NORM
/	O
fizikalne	O
kontrolne	O
so	O
obup	O
in	O
groza	O
😭	O

živjo	NORM
dekleta	O
še	O
tu	O
se	O
dodajam	O
.....	O

dobro	O
,	O
da	O
vsaj	O
priznaš	O
.	O

@pika_so	O
z	O
"	O
neo	O
"	O
in	O
"	O
post	O
"	O
predponami	O
tud	NORM
jako	O
pameten	O
zgledaš	O
,	O
še	O
posebej	O
,	O
če	O
z	O
očali	O
.	O

jst	NORM
sm	NORM
hotu	NORM
pohvalt	NORM
novga	NORM
passata	O
,	O
pa	O
vidm	NORM
,	O
da	O
je	O
bv	O
,	O
ker	O
itak	O
ne	O
berejo	O
.	O

še	O
posebej	O
v	O
chrome-u	NORM
na	O
winsih	O
je	O
katastrofa	O
,	O
zarad	NORM
fontov	O
..	O

eno	O
ej	NORM
na	O
dunaju	O
,	O
eno	O
linz	O
,	O
eno	O
innsbruck	O
.	O

ne	O
pozabit	NORM
da	O
je	O
bil	O
on	O
eden	O
izmed	O
cenejsih	NORM
okrepitev	O
..	O

kdor	O
je	O
za	O
nej	NORM
da	O
lajk	O
(	O
y	O
)	O

ma	O
je	O
brezveze	O
raj	NORM
na	NORM
zbere	O
sliko	O

vsakmu	NORM
se	O
loh	NORM
zgodi	O
...	O

če	O
je	O
kera	NORM
za	O
to	O
naj	O
kar	O
pove	O
,	O
pa	O
brez	O
zavor	O
.	O

mogoce	NORM
kozarcek	NORM
vina	O
pa	O
bo	O
;))	O

naj	O
še	O
omenim	O
,	O
da	O
imam	O
šum	O
na	O
srcu	O
postavili	O
so	O
mi	O
še	O
diagnozo	O
pfo	O
imam	O
pa	O
tudi	O
težave	O
s	O
ščitnico	O
in	O
tri	O
leta	O
že	O
jemljem	O
zdravila	O
.	O

že	O
6	O
let	O
kar	O
naprej	O
poslušam	O
o	O
šparanju	O
,	O
šparanju	O
,	O
šparanju	O
,	O
pa	O
smo	O
še	O
kr	NORM
v	O
minusu	O
.	O

hvala	O
za	O
odgovor	O
lp	O

kaj	O
si	O
sploh	O
rinil	O
na	O
morje	O
??	O

@pegatka	O
pa	O
ok	O
,	O
beljak	O
sam	O
po	O
sebi	O
me	O
ne	O
mot	NORM
tolko	NORM
.	O

se	O
slišiva	O
,	O
navijam	O
zate	O
.	O

naj	O
se	O
zgleduje	O
po	O
islandiji	O
kako	O
se	O
rešuje	O
kriza	O

kakorkoli	O
....	O

@maxatnes	O
@medeja_7	O
@neurovirtu	O
@katjusa12	O
@nusazajc	O
to	O
pa	O
res	O
..	O

:)	O

uradni	O
jezik	O
bo	O
nemščina	O
!!!!	O

*	O
ups	O
,	O
prehitro	O
sklepamo	O
in	O
smo	O
preveč	O
radovedni	O
?	O

dons	NORM
zapeku	NORM
za	O
v	O
avto	O
in	O
je	O
top	O
...	O

da	O
je	O
jerovšek	O
postal	O
politik	O
je	O
razlog	O
ta	O
,	O
da	O
je	O
bil	O
slab	O
kemik	O
.	O

izjemno	O
novinarsko	O
delo	O
!	O

saj	O
neumnosti	O
na	O
internetu	O
bo	O
še	O
dovolj	O
.	O

pa	O
rama	O
,	O
pa	O
hrbet	O
,	O
pa	O
ta	O
lev	O
učk	NORM
...	O

kelner	NORM
v	O
spajzi	NORM
pa	O
:	O
nimamo	O
nic	NORM
vec	NORM
,	O
so	O
bli	NORM
italjani	NORM
tu	O
pa	O
so	O
vse	O
pojedl	NORM
.	O

@cesenj	O
@sta_novice	O
ja	O
sej	NORM
itak	O
!	O

@chuppacadabra	O
@rudibr	O
@lazgor	O
@petersvetina	O
@leaathenatabako	O
@lenci53	O
@tretjeoko	O
uh	O
,	O
una	NORM
sm	NORM
našla	O
,	O
čak	NORM
sedaj	O
poiščem	O
še	O
sončna	O
.	O

@russhie	O
pod	O
celim	O
marofom	O
imam	O
deske	O
ampak	O
ne	O
,	O
nujno	O
je	O
treba	O
najprej	O
nad	O
avtom	O
nardit	NORM
novga	NORM
:)	O

apartmaji	O
so	O
sicer	O
bl	NORM
tko	NORM
in	O
če	O
ne	O
vzameš	O
unga	NORM
za	O
vsaj	O
6	O
oseb	O
,	O
se	O
še	O
jst	NORM
sam	O
komi	NORM
obrnem	O
okol	NORM
.	O

hvala	O
!	O
.	O

#facebukva	O

@erikaplaninsec	O
po	O
#soocenje	O
nisem	O
nasel	NORM
odg.	O
kaj	O
bom	O
obkrozil	NORM
...	O

@hajdyxp	O
@luka_vee	O
twitter	O
z	O
več	O
placa	O
,	O
chat	O
.	O

zna	O
kdo	O
povedati	O
,	O
kje	O
in	O
kdaj	O
bo	O
ta	O
ustanovni	O
kongres	O
?	O

pozdravljeni	O
!	O

:)	O
@itaqrina	O
@matino667	O

fanti	O
so	O
se	O
borili	O
in	O
tudi	O
v	O
zadnji	O
četrtini	O
odigrali	O
dobro	O
obrambo	O
.	O

sej	NORM
to	O
so	O
kot	O
oni	O
moji	O
zelenjavni	O
polpeti	O
iz	O
hofera	NORM
,	O
ki	O
imajo	O
okus	O
po	O
masti	O
.	O

da	O
vidmo	NORM
kuko	NORM
bo	O
@zvabster	O
prletu	NORM
z	O
minijem	O
pošrek	O
čez	O
ovink	NORM
/	O
@karmengreat	O

eni	O
so	O
res	O
slow	O
!	O

:)	O

drugač	NORM
bom	O
zmrznla	NORM
.	O

o	O
tem	O
jamram	O
.	O

prite	NORM
vsi	O
v	O
lotmerk	NORM
na	O
sejen	NORM
pa	O
se	O
stafte	NORM
v	O
grile	NORM
na	O
proooovi	NORM
domoči	NORM
kisli	O
župe	NORM
!!	O

@uporabnastran	O
@adria_airways	O
ima	O
drage	O
karte	O
poleti	O
za	O
london	O
glede	O
na	O
to	O
da	O
ne	O
leti	O
na	O
heathrow	O
ampak	O
gatewick	NORM
ali	O
luton	O
...	O

:)	O

jutr	NORM
ob	O
osmih	O
stisnte	NORM
eno	O
pestko	O
za	O
moj	O
izpit	O
,	O
ob	O
devetih	O
pa	O
še	O
tadrugo	NORM
za	O
federerja	O
,	O
sam	NORM
moje	O
pa	O
vseen	NORM
še	O
ne	O
spustit	NORM
.	O

ceb	NORM
bla	NORM
to	O
visoska	NORM
kronika	O
,	O
bi	O
ze	NORM
grmado	O
testiral	NORM
.	O

in	O
cez	NORM
par	O
let	O
bo	O
transparentnost	O
norma	O
tud	NORM
pri	O
nas	O
.	O

gen	O
.....	O

kako	O
sploh	O
zgleda	O
sperma	O

tudi	O
sama	O
sem	O
ločena	O
,	O
iščem	O
družbo	O
za	O
sprehode	O
,	O
sem	O
iz	O
ljubljane	O
.	O

tnx	O
.	O

answer	O
:	O
super	O
..	O

vsi	O
ostali	O
so	O
že	O
imeli	O
možnosti	O
in	O
so	O
nam	O
naredili	O
to	O
kar	O
imamo	O
....	O

kapo	O
dol	O
!	O

kaj	O
neki	O
bodo	O
zdaj	O
ponudili	O
?	O

ok	O
...	O

moram	O
te	O
razočarati	O
mark	O
avrelij	O
-	O
barak	O
je	O
še	O
kako	O
biblijsko	O
ime	O
.	O

če	O
ma	NORM
kej	NORM
čez	O
janšo	O
,	O
se	O
tud	NORM
džankijem	O
da	O
prostor	O
v	O
medijih	O
.	O

kar	O
je	O
pa	O
easy	O
to	O
say	O
...	O

med.over.net/forum57read.php?95,6676464,9680819#msg-9680819	O

zdej	NORM
..	O

lahko	O
pa	O
se	O
javi	O
tudi	O
kak	O
posrednik	O
za	O
delo	O
.	O

"	O
ja	O
...	O

dobro	O
,	O
da	O
je	O
vikend	O
pred	O
vrati	O
,	O
ane	NORM
...	O

mal	NORM
vlečejo	O
na	O
bon	O
iver	O
.	O

jebiga	NORM
!!!	O

in	O
min.	O
za	O
zdravje	O
res	O
ne	O
more	O
vplivat	NORM
na	O
to	O
kaj	O
naj	O
zakon	O
zajame	O
oz.	O
obdavči	O
..	O

ups	O
zajebu	NORM
,	O
sej	NORM
jo	O
res	O
ni	O
blo	NORM
več	O
.	O

^^	O

boljš	NORM
hitra	O
hoja	O
za	O
začetek	O
.	O

3.	O
začelo	O
se	O
bo	O
novo	O
življenje	O
,	O
nove	O
galaksije	O

:)	O

je	O
reku	NORM
da	O
išče	O
jurčka	O
,	O
ker	O
mu	O
je	O
dolžn	NORM
par	O
milijončkov	O
.	O

;)	O

@spirulinka9	O
aja	O
,	O
brezveze	O
.	O

točno	O
tko	NORM
tukaj	O
in	O
sedaj	O
;)	O

sicer	O
si	O
pa	O
že	O
napisal	O
da	O
se	O
o	O
njih	O
piše	O
in	O
govori	O
veliko	O
slabega	O
.	O

@donfarfezi	O
@dgliha	O
zihr	NORM
je	O
iz	O
kaksnga	NORM
nano	O
materiala	O
narjen	NORM
da	O
ni	O
treba	O
prat	NORM
:)	O

pomoje	NORM
je	O
kriv	O
mraz	O

@markosket	O
ma	O
..	O

@rok_novak	O
ker	O
lahko	O
tako	O
poskrbi	O
,	O
da	O
npr.	O
na	O
trgu	O
ni	O
dovolj	O
npr.	O
čistilk	O
in	O
cena	O
njih	NORM
storitev	O
potem	O
ni	O
tržna	O
..	O

pri	O
kodi	O
motorja	O
mi	O
piše	O
v	O
prometni	O
d4f	O
h7	O
.	O

med	O
trending	O
topics	O
vidim	O
"	O
nur	O
tatar	O
"	O
in	O
si	O
mislim	O
,	O
glej	O
,	O
moji	O
somišljeniki	O
,	O
tud	NORM
jaz	O
ne	O
maram	O
masla	O
pod	O
tatarcem	O
.	O

sm	NORM
se	O
samo	O
"	O
upičil	NORM
"	O
v	O
kredibilnost	O
anonimnih	O
avtorjev@revijareporter	NORM

@gobafunk	O
@luffyslo	O
gobica	O
,	O
pive	O
spil	O
,	O
tut	NORM
js	NORM
spat	O
.	O

#sheisonaroll	O

se	O
strinjam	O
z	O
veliko	O
večino	O
.	O

"	O
jebe	O
lud	O
zbunjenog	O
"	O

mam	NORM
boljso	NORM
moznost	NORM
-	O
kolegics	NORM
bo	O
v	O
ned	NORM
v	O
usa	O
pogledla	NORM
;)	O
@aleksandertusek	O
@firbec	O
@cocozebracom	O

@savicdomen	O
@dc43	O
khm	O
...	O

sorry	O
,	O
excited	O
for	O
you	O
:$	O
^^	O

@prinasalkazlata	O
:d	O
jp	NORM
res	O
,	O
old	O
boysi	O
so	O
si	O
pač	O
zakonodajo	O
tako	O
pisali	O
,	O
da	O
so	O
preživeli	O
,	O
vladali	O
in	O
vladajo	O
.	O

@pikicavelika	O
@urskitka	O
nč	NORM
se	O
ne	O
bom	O
izmikal	O
,	O
sam	NORM
ne	O
vem	O
še	O
,	O
če	O
je	O
res	O
tko	NORM
dobra	O
,	O
zato	O
bi	O
probal	O
.	O

@ps_sportal	O
@bckrka	O
@union_olimpija	O
zarad	NORM
gledanosti	O
se	O
ta	O
serija	O
ne	O
bo	O
podaljševala	O
kot	O
se	O
je	O
pri	O
@pacers	O
-	O
@miamiheat	O
;)	O
#najzmagaboljši	O

zlajnan	NORM
je	O
potrudi	O
se	O
da	O
boste	O
mel	NORM
koncept	O
in	O
se	O
ga	O
drzte	NORM
in	O
koncejte	NORM
v	O
30	O
min	NORM

@zzturk	O
še	O
ena	O
neumnost	O
.	O

also	O
,	O
v	O
vecini	NORM
evrope	O
zoofilija	O
ni	O
bla	NORM
prekrsek	NORM
:)	O

:)	O
vs.	O
:(	O
#sp14si	O
”	O

@nelly_fox	O
@borisdroid	O
men	NORM
tut	NORM
kr	NORM
pase	NORM
,	O
da	O
je	O
vsaj	O
10	O
minut	O
miru	O
.	O

bo	O
vesel	O
.	O

+	O
malecka	NORM
mam	NORM
k	NORM
ne	O
re	NORM
spremenit	O
na	O
moje	O
kr	NORM
sm	NORM
p	NORM
http://t.co/a6qnr2hdab	O

m-hm	O
.	O

dobr	NORM
,	O
da	O
vsaj	O
mal	NORM
zmanjšam	O
opcijo	O
.	O

@mojcica83	O
kjut	O
:)	O

da	O
bi	O
ti	O
rode	O
bi	O
napisal	O
,	O
da	O
sveto	O
pismo	O
v	O
resnici	O
ni	O
sveto	O
?	O

u	NORM
reflejktor	NORM
je	O
mal	NORM
predolg	NORM
puglejdu	NORM
pa	O
je	O
zmotnu	NORM
mislu	NORM
de	NORM
mu	O
je	O
bog	O
roka	NORM
ponudu	NORM
...	O

un	NORM
že	O
neha	O
govorit	NORM
ko	O
glas	O
komi	NORM
pride	O
ven	O
iz	O
zvočnikov	O
...	O

@lazarjevpolzek	O
apropo	NORM
zadnjic	NORM
sem	O
videl	O
enga	NORM
utapljat	NORM
se	O
pa	O
mu	O
nisem	O
pomagal	O
ker	O
ni	O
znal	O
rect	NORM
prosim	O
.	O

saj	O
pa	O
ti	O
si	O
expert	NORM
v	O
tem	O
!	O

:-))	O
@fin1mark	O
@miran7777	O

@larapotocar	O
omg	O
,	O
kok	NORM
sm	NORM
vedla	NORM
,	O
da	O
se	O
bos	NORM
oglasila	O
.	O

nč	NORM
ga	O
ni	O
bolel	NORM
,	O
samo	O
vstal	O
je	O
in	O
vrnu	NORM
milo	O
za	O
drago	O
:)	O

@spirulinka9	O
res	O
čudno	O
.	O

@jernejv	O
a	O
bi	O
mogu	NORM
naredit	NORM
tist	NORM
navig.	O
drawer	O
ali	O
kej	NORM
podobnega	O
..	O

@ales_gantar	O
@gobafunk	O
@martinakenda	O
@denislindros	O
zdej	NORM
sme	NORM
pa	O
zaribov	NORM
.	O

@jelenajal	O
no	O
odg.	O
@zigaturk	O
na	O
inter.	O
tudi	O
ni	O
bil	O
bogve	O
kaj	O
.	O

se	O
vidmo	NORM
!	O

zmagaaaa	NORM
!!!!	O

bi	O
vedu	NORM
kdo	O
ka	NORM
bi	O
lahka	NORM
blo	NORM
narobe	O
.	O

nima	O
veze	O
z	O
rasizmom	O
,	O
ampak	O
turbo	O
folk	O
subkultura	O
...	O

kdo	O
ve	O
kaj	O
je	O
bujta	O
repa	O
?	O

js	NORM
bom	O
spet	O
vsepovsod	O
drugje	O
,	O
ko	NORM
pred	O
tvjem	NORM
.	O

hahaha	O
...	O

spet	O
bo	O
denarnca	NORM
bl	NORM
trpela	O
k	NORM
noge	O
:)	O

kmetje	O
.	O

#nokia	O

better	O
late	O
than	O
never	O
.	O

greš	O
na	O
pm	O
in	O
ovadiš	O
.	O

mislite	O
,	O
da	O
bi	O
tudi	O
levičarji	O
zganjali	O
tako	O
severnokorejsko	O
sceno	O
,	O
če	O
bi	O
bil	O
recimo	O
zaprt	O
kučan	O
ali	O
janković	O
....	O

a	O
jebat	NORM
ga	O
mam	NORM
že	O
surlo	O
do	O
pakistana	O
!!!	O

kva	NORM
so	O
eni	O
zabavni	O
!	O

res	O
da	O
je	O
vasa	NORM
strategija	O
ze	NORM
zazgala	NORM
enkrat	O
,	O
ampak	O
takrat	O
ni	O
blo	NORM
nas	O
,	O
k	NORM
mi	O
smo	O
pa	O
ze	NORM
tko	NORM
on	O
fire	O
!	O

gremo	O
skupaj	O
vsi	O
tri	O
,	O
štiri	O
:	O
ole	O
majole	O
....	O

vso	O
srečo	O

@barjanski	O
@jure_bajic	O
@krnatas	O
pr	NORM
softverju	O
smo	O
temu	O
k	NORM
smo	O
se	NORM
mel	NORM
multitasking	O
rekli	O
deadlock	O
in	O
polsmo	NORM
rabli	NORM
watchdog	O
(	O
)	O
za	O
razresit	NORM

a	O
kaj	O
,	O
ko	O
je	O
brez	O
posluha	O
...	O

ce	NORM
je	O
bla	NORM
vceri	NORM
super	O
uvertura	O
v	O
ta	O
vikend	O
,	O
je	O
tole	O
dans	NORM
super	O
uvertura	O
v	O
naslednji	O
vikend	O
pakiranja	O
!	O

@sillyinnervoice	O
:d	O
resno	O
me	O
irritira	NORM
da	O
una	NORM
mihela	O
v	O
dursovi	O
smrdljivi	O
pisarni	O
ve	O
da	O
mam	NORM
jz	NORM
2	O
pojstle	NORM
pa	O
1	O
stol	O
pa	O
kje	O
mam	NORM
sef	O
@davidkovic	O

sanctury	NORM
,	O
vaguely	O
,	O
hence	O
,	O
inkling	O
,	O
chintzy	O
,	O
fundamental	O
.	O

@banicgregor	O
100	O
+	O
10	O
mi	O
je	O
najboljš	NORM
&amp;	O
naj	O
domišljen	O
politični	O
program	O
v	O
slo	NORM
zgodovini	O
.	O

morm	NORM
vid	NORM
s	O
kok	NORM
dnarja	NORM
bom	O
nzaj	NORM
prsu	NORM
:))	O

obstajajo	O
kakšne	O
slikce	NORM
teh	O
zgradb	O
?	O

ajeja	O
...	O
kaj	O
pa	O
je	O
tu	NORM
tle	NORM
blo	NORM
?	O

uničujejo	O
ljudi	O
.	O

top	O
shit	O
campaign	O
.	O

@bota112	O
rečva	NORM
,	O
da	O
je	O
#krneki	O
...	O

gremo	O
...	O

@cikibucka	O
če	O
bodo	O
ti	O
shodi	O
trajal	NORM
še	O
dolg	NORM
..	O
grem	O
na	O
shujševalno	O
kuro	O
.....	O

trust	O
me	O
!!	O

slovenski	O
mediji	O
še	O
vedno	O
pišejo	O
in	O
govorijo	O
,	O
kar	O
jim	O
narekujejo	O
iz	O
murgelstana	O
.	O

pa	O
vsi	O
mi	O
okol	NORM
njega	O
..	O

@fejstmozakar	O
şeveda	NORM
,	O
je	O
bog	O
neskonzhne	NORM
ljubesni	NORM
in	O
dobrote	O
.	O

kaj	O
,	O
presneto	O
,	O
pa	O
naj	O
bi	O
v	O
svobodni	O
državi	O
pomenil	O
izraz	O
"	O
politično	O
korekten	O
naslov	O
"	O
?!	O

:)))	O

sej	NORM
pol	NORM
sm	NORM
ene	O
motoriste	O
srečal	O
pa	O
čez	O
čelado	O
se	O
jim	O
je	O
vidl	NORM
da	O
jim	O
ni	O
blo	NORM
čist	NORM
jasn	NORM
kak	NORM
sm	NORM
mim	NORM
njih	O
čez	O
ovinke	O
padu	NORM

trenutno	O
mam	NORM
tist	NORM
kolenčnik	O
z	O
lukno	NORM
/	O
cc	O
@klemenhumerca	O

vceri	NORM
sm	NORM
se	O
glede	O
na	O
vso	NORM
sranje	O
ful	O
dobro	O
drzala	NORM
.	O

:)	O

na	O
twitterju	O
sm	NORM
se	O
že	O
navadu	NORM
,	O
da	O
ma	NORM
ženska	O
okol	NORM
30	O
zihr	NORM
mačka	O
al	NORM
pa	O
psa	O
in	O
15670	O
slik	O
njega	O
/	O
nje	O
:))	O

ja	O
že	O
res	O
,	O
ampak	O
tisti	O
gibi	O
so	O
vseeno	O
smešni	O
.	O

ne	O
delam	O
reklame	O
le	O
povem	O
...	O

http://t.co/twwn5uognp	O

pretežna	O
večina	O
sploh	O
ne	O
ve	O
kaj	O
počne	O
.	O

pa	O
tak	NORM
je	O
že	O
vesela	O
bla	NORM
da	O
jih	O
je	O
toliko	O
blo	NORM
proti	O

.	O
@bozopredalic	O
pa	O
da	O
nepozabimo	NORM
na	O
vd	O
prvega	O
moža	O
mitja	O
cvjetičanina	O
in	O
zap.	O
na	O
eppsu	NORM
http://t.co/tnylnteqpv	O
@maxatnes	O
@mihaplacnik	O

vozdra	O
!	O

@vs_	O
videl	O
,	O
blo	NORM
aktiualno	NORM
par	O
mesecev	O
nazaj	O
.	O

lahko	O
se	O
z	O
mano	O
ne	O
strinjate	O
,	O
toda	O
psovke	O
..	O

jj	O
naj	O
šušteršiča	O
prevzame	O
kot	O
dozdaj	NORM
nabolj	NORM
kredibilnega	O
fin.	O
ministra	O
!	O

še	O
dobr	NORM
da	O
najdeš	O
tole	O
rdečo	O
majčko	O
v	O
svojem	O
kabinetu	O
:)	O

nevem	NORM
kako	O
bi	O
tut	NORM
blizu	O
prišel	O
..	O

haahhahahha	O
!	O

ah	O
,	O
slabo	O
mi	O
je	O

tolk	NORM
o	O
jutranjem	O
umivanju	O
glave	O
&amp;	O
all	O
.	O

glede	O
na	O
trenutno	O
smer	O
bi	O
mogla	O
ful	O
preveč	O
dif.	O
nardit	NORM
.	O

@ljkucic	O

#rožnik	O
#zled2014	O
http://t.co/hft5dtkph9	O

berič	O
je	O
peljal	O
grka	O
na	O
ringelšpil	O
haha	O
.	O

rečmo	NORM
kot	O
vodmo	NORM
!	O

še	O
vedno	O
išče	O
stranko	O
,	O
ki	O
bi	O
ga	O
kandidirala	O
na	O
eu	O
volitvah	O
.	O

ati	O
:	O
sej	NORM
je	O
jutr	NORM
petek	O
,	O
boš	O
pršla	NORM
k	O
seb	NORM
ati	O
al	NORM
mi	O
je	O
vseenče	NORM
je	O
petek	O
ker	O
mam	NORM
tak	O
krasn	NORM
viknd	NORM
pred	O
sabo	O
da	O
mi	O
petek	O
ne	O
pomen	NORM
dost	NORM
#gimnazija	O

#ne	O
#znam	O
#uporabljat	O
#hashtagov	O
:d	O

prvo	O
limito	O
derive	O
izracuna	NORM
1/3	O
,	O
ostali	O
dve	O
sta	O
isto	O
.	O

tak	NORM
vsaj	O
veš	O
,	O
da	O
so	O
pubeci	NORM
še	O
vedno	O
pubeci	NORM
.	O

sej	NORM
lahk	NORM
,	O
da	O
so	O
za	O
dostavo	O
ok	O
,	O
sam	NORM
glede	O
na	O
neposredno	O
videno	O
ne	O
bi	O
sel	NORM
ni	O
mrtev	O
tja	O
.	O

@crtseusek	O
@markosket	O
@upalhartinger	O
@blogslovenija	O
@tomltoml	O
@vinkovasle1	O
ka	NORM
pa	O
pol	NORM
tolk	NORM
pizdite	O
kolk	NORM
so	O
jih	O
za	O
glavo	O
skrajšali	O
,	O
..	O
-	O
vaših	O
..	O

men	NORM
so	O
všeč	O
tabi	O
ker	O
so	O
direct	O
manip	NORM
,	O
pokažejo	O
kje	O
si	O
in	O
kaj	O
je	O
še	O
.	O

bedake	O
težko	O
razumem	O

srečko	O
pa	O
neprizadeto	O
v	O
kavču	O
spremlja	O
tekmo	O

#italktomyself	O

zgodba	O
ženske	O
,	O
ki	O
je	O
s	O
svojo	O
etiko	O
in	O
moralo	O
postala	O
legenda	O
medicine	O
slovenskega	O
nob-ja	O
ni	O
nobeno	O
agresivno	O
vsiljevanje	O
komunizma	O
!!!	O

ma	O
tut	NORM
kako	O
enko	O
mi	O
kdaj	O
žvajzni	O
....	O

rt	O
@foxnews	O
:	O
#breaking	O
:	O
house	O
approves	O
$1b	O
loan	O
guarantee	O
package	O
for	O
#ukraine	O
http://t.co/xu9r87k4ca	O

že	O
vem	O
,	O
kak	NORM
bi	O
mogla	O
uporabljat	NORM
hashtage	O
.	O

čeprov	NORM
so	O
bl	NORM
mjhne	NORM
šanse	O
,	O
k	NORM
že	O
zdej	NORM
nevem	NORM
kje	O
sm	NORM

dres	O
je	O
fenomenaln	NORM
zdj	NORM
si	O
ti	O
na	O
vrsti	O
da	O
mi	O
kej	NORM
prneseš	NORM
:d	O

bravo	O
epp	O
!	O

sem	O
rad	O
pil	O
,	O
ko	O
sem	O
bil	O
mali	O
:)	O

@mtbsi	O
no	O
chain	O
indeed	O
!	O

@katjusa12	O
@zorcjoze	O
@dragoogorevc	O
@romanleljak	O

tkole	NORM
grejo	O
pa	O
čehi	O
mislm	NORM
slovencki	NORM
v	O
hribe	O
.	O

komsi	O
,	O
pravo	O
ličko	O
šljivovico	O
moraš	O
probat	NORM
.	O

so	O
resne	O
tevaže	NORM
z	O
delovanjem	O
mailov	O
,	O
(	O
web	O
)	O
dostopom	O
do	O
njih	O
,	O
ipd.	O
..	O

od	O
mene	O
ne	O
zahtevaj	O
.	O

jst	NORM
sm	NORM
tut	NORM
mislu	NORM
nardit	NORM
samomor	O
ampak	O
ko	O
sem	O
dobil	O
novga	NORM
sestriča	O
.	O

@e_nk_a	O
@petrasa1	O
@freewiseguy	O
@cikibucka	O
@lucijausaj	O
@maxatnes	O
nism	NORM
že	O
dolgo	O
preverjala	O
,	O
mogoče	O
je	O
seznam	O
zprašen	NORM
.	O

te	O
s	O
ksilitolom	O
maš	NORM
pa	O
v	O
dmu	NORM
,	O
mullerju	NORM
,	O
lekarnah	O
ipd.	O

@sbeauty101	O
at	O
least	O
you	O
know	O
he	O
loves	O
you	O
.	O

kok	NORM
me	O
pa	O
razpizdi	O
folk	O
k	NORM
mi	O
parkira	O
zravn	NORM
,	O
da	O
tud	NORM
v	O
avto	O
ne	O
mores	NORM
normalno	O
...	O

:))	O

plus	O
milenkovičeve	O
ozke	O
e-je	O
.	O

@vlastakamposj	O
@toplovodar	O
psevdoinetelektualni	NORM
falirani	O
modelček	O
,	O
ki	O
se	O
hvali	O
,	O
da	O
je	O
star	O
39	O
let	O
in	O
da	O
je	O
še	O
vendo	NORM
na	O
žepnini	O
pr	NORM
mami	O
.	O

kaj	O
pa	O
je	O
potem	O
?	O

sej	NORM
sm	NORM
nasla	NORM
v	O
smeteh	O
pol	NORM
ful	O
dobr	NORM
res	O
haha	O
jao	O
👏👍	O

jao	O
,	O
nekdo	O
mi	O
je	O
poslal	O
virus	O
in	O
zdaj	O
vsem	O
kar	O
nekaj	O
posilja	NORM
kot	O
personal	O
message	O
....	O

včeraj	O
sem	O
bil	O
v	O
striptiz	O
baru	O
.	O

tega	O
pa	O
nism	NORM
vedu	NORM
,	O
sm	NORM
bil	O
bol	NORM
offline	O
septembra	O
.	O

sicer	O
pa	O
,	O
da	O
ne	O
pozabim	O
:	O
miheljak	O
je	O
po	O
daljšem	O
času	O
napisal	O
čisto	O
kul	O
uvodnik	O
!	O

:-)	O
#slotalent	O

;)	O

end	NORM
hir	NORM
ar	NORM
de	NORM
fakts	NORM
:	O

kot	O
parlamentarec	O
pa	O
bi	O
bilo	O
bolje	O
za	O
njega	O
,	O
da	O
bi	O
bil	O
tiho	O
,	O
saj	O
je	O
zelo	O
slab	O
govorec	O
pa	O
še	O
,	O
povrhu	O
,	O
kvasi	O
le	O
bedarije	O
.	O

gospodarstvo	O
,	O
konkurenčnost	O
,	O
tuje	O
naložbe	O
,	O
ki	O
bi	O
lahko	O
zelo	O
hitro	O
odpirale	O
nova	O
delovna	O
mesta	O
pa	O
...	O

andromaha	O
....	O

jst	NORM
sem	O
danes	O
pil	O
kofein	O
na	O
avtocesti	O
,	O
bolj	O
optimalno	O
.	O

oziroma	O
kretenisti	O
po	O
domace	NORM
povedano	O
˝	O
.	O

:)	O

http://t.co/6xzbbgm8o0	O

"	O
ko	O
jih	O
hebe	NORM
"	O
!	O

on	O
je	O
samo	O
postal	O
preds.	O
ps	O
..	O

@boriscipot	O
@allbriefs	O
zakaj	O
so	O
taki	O
kretenski	O
unikumi	O
doma	O
ravno	O
pr	NORM
nas	O
?	O

kaj	O
je	O
bila	O
tista	O
srbo-hrvaščina	NORM
v	O
ozadju	O
?	O

pa	O
še	O
hude	O
štikle	O
ma	NORM
,	O
hehe	O
.	O

tudi	O
sam	O
za	O
to	O
uporabljam	O
.	O

dvakrat	O
sem	O
škljocnila	O
za	O
vsak	O
slučaj	O
.	O

”	O

jap	O
res	O
smo	O
super	O
kreatorji	O
;)	O
;)	O

—	O
ne	O
morm	NORM
še	O
strelat	NORM
...	O

@gobafunk	O
@chuppacadabra	O
@leaathenatabako	O
@ales_gantar	O
včasih	O
sva	O
si	O
sledila	O
na	O
tw	NORM
,	O
pa	O
je	O
tip	O
vse	O
preveč	O
sral	O
po	O
tl	O
,	O
sem	O
ga	O
odsledil	O
.	O

:d	O

@urskasoncek	O
sam	NORM
še	O
čakam	O
d	NORM
bo	O
v	O
zgorn	NORM
flat	O
pršu	NORM
pa	O
kle	NORM
začeu	NORM
iskat	NORM
kj	NORM
:p	O

lastim	O
si	O
radio	O
#link#	O

@francojuri1	O
sj	NORM
ne	O
vem	O
pod	O
kaj	O
ti	O
spadaš	O
!	O

s	O
cim	NORM
ze	NORM
si	O
me	O
izzval	O

če	O
bi	O
stranka	O
dobla	NORM
24	O
%	O
bi	O
bil	O
zadovoljen	O
...	O

študentska	O
mafija	O
in	O
član	O
družine	O
s	O
krvavimi	O
rokami	O
...	O

so	O
mi	O
bila	O
cenejša	O
mleka	O
dosti	O
boljša	O
.	O

@jozebizjak	O
sej	NORM
po	O
svoje	O
je	O
blo	NORM
razumljivo	O
.	O

to	O
je	O
pa	O
slišati	O
,	O
kot	O
govoril	O
janša	O
.	O

plus	O
nove	O
gume	O
gor	NORM
.	O

@vidrih	O
jst	NORM
ne	O
maram	O
milke	O
k	NORM
ni	NORM
peče	O
in	O
overall	O
se	O
mi	O
zdi	O
nekvalitetna	O
čokolada	O
ampak	O
ta	O
bubbly	O
me	O
je	O
pa	O
presenetla	NORM
,	O
je	O
pa	O
res	O
da	O
sm	NORM
jo	O
samo	O

mislm	NORM
,	O
da	O
sva	O
se	O
spet	O
zapalila	O
:)	O

plešavost	O
pa	O
ja	O
ni	O
politično	O
dejanje	O
?	O

@jasalorencic	O
hehe	O
,	O
"	O
poured	O
beer	O
"	O
?	O

seveda	O
,	O
grozdni	O
sok	O
je	O
najboljsi	NORM
za	O
brainstorming	O
:)	O
.	O

lahko	O
pa	O
to	O
vzamemo	O
kot	O
pripravo	O
na	O
game	O
of	O
thrones	O
.	O

se	O
mi	O
je	O
mudil	NORM
do	O
prevoza	O
na	O
mobikrog	O
pa	O
na	O
drag	O
race	O
v	O
zagreb	O

skor	NORM
malce	O
preveč	O
.	O

za	O
ružniča	O
se	O
strinjam	O
,	O
tonke	O
druga	O
stvar	O
.	O

vedno	O
je	O
dobr	NORM
poznat	NORM
tud	NORM
širši	O
kontekst	O
.	O

jst	NORM
sem	O
za	O
mrežo	O
!	O

da	O
so	O
eni	O
in	O
isti	O
na	O
vladi	O
,	O
je	O
nekaj	O
hudo	O
narobe	O
.	O

ucer	NORM
na	O
testu	O
sm	NORM
rabla	NORM
pol	O
ure	O
da	O
sm	NORM
razbrala	O
da	O
je	O
enacba	NORM
polinom	O
bravo	O
js	NORM
.	O

vw	O
slovenija	O
ni	O
na	O
tw	NORM
.	O

bolš	NORM
tle	NORM
,	O
ko	NORM
tam	O
,	O
da	O
se	O
vrti	O
na	O
troli	O
xd	O

asia	O
,	O
to	O
je	O
pa	O
zelo	O
različno	O
.	O

(	O
kure	O
pojejo	O
vse	O
press	O
)	O

:-)	O
eno	O
mini	O
tradicionalno	O
mmc	O
kolonijo	O
bi	O
lahko	O
nardil	NORM
.	O

pa	O
se	O
mi	O
zdi	O
d	NORM
mi	O
je	O
šlo	O
kr	NORM
uredu	NORM
:p	O
@lazarjevpolzek	O

@free__jj	O
ne	O
morš	NORM
nekomu	O
rečt	NORM
da	O
je	O
zanič	O
,	O
če	O
on	O
verjame	O
vase	O
,	O
če	O
ne	O
dojema	O
realnosti	O
,	O
tud	NORM
če	O
mu	O
narišeš	O
,	O
ne	O
.	O

noro	O
:)	O
#vacation	O
#madeira	O
http://t.co/hqkkcc2dmj	O

krasno	O
!	O

samo	O
sta	O
pa	O
kr	NORM
pogosto	O
sexala	NORM
...	O

jih	O
nism	NORM
rabil	O
,	O
ju3	NORM
jim	O
pa	O
tko	NORM
poteče	O
rok	O
...	O

#največji	O
pogreb	O
20.	O
stoletja	O
!	O

ja	O
fak	O
,	O
a	O
takrt	NORM
k	NORM
je	O
pa	O
kej	NORM
lepga	NORM
napisan	NORM
pa	O
ne	O
,	O
da	O
bi	O
blo	NORM
kej	NORM
res	O
ane	NORM
?!	O

.	O

hvala	O

pa	O
ne	O
veš	O
,	O
al'	NORM
bi	O
poslušal	O
,	O
al'	NORM
bral	O
.	O

-	O
mhm	O
,	O
zeh	O
...	O

kako	O
je	O
lepa	O
!	O

:)	O

ma	O
šment	O
,	O
no	O
...	O

skromn	NORM
,	O
zadovoljen	O
tut	NORM
če	O
mam	NORM
za	O
izija	O
,	O
soliča	O
al	NORM
slimiča	O
,	O
za	O
lahko	O
noč	O
ko	O
morem	O
spit	NORM
kej	NORM
na	O
bit	O
ker	O
mam	NORM
flow	O
pekoč	O
wudisbaaaaaaan	NORM
...	O

vsi	O
filmi	O
od	O
dicapria	O
in	O
mcconaugheya	O
so	O
top	O
:p	O

jaz	O
sem	O
vse	O
felej	O
dožiivel	NORM
v	O
pordenjakovcaj	NORM
.	O

#smrad	O

zelo	O
lepo	O
,	O
andromaha	O
in	O
zelo	O
dojemljivo	O
.	O

@3	O
.	O

pol	NORM
pa	O
ti	O
men	NORM
o	O
manjkajočih	O
j-jih	O
in	O
i-jih	O
v	O
besedah	O
.	O

če	O
bi	O
rekel	O
kalčo	O
bi	O
vedela	O
.	O

ibiza	O
je	O
dobila	O
2	O
nagradi	O
!	O

no	O
,	O
december	O
bo	O
pa	O
sploh	O
pester	O
.	O

@freeeky	O
ni	O
videt	NORM
,	O
da	O
bi	O
kaj	O
padalo	O
nad	O
lj.	O
http://t.co/cvw1gjdycg	O
za	O
vročinsko	O
je	O
mogoče	O
prehladno	O
.	O

dons	NORM
ful	O
folka	O
laufa	O
gor	O
pa	O
dol	O
po	O
šmarni	O
.	O

tnx	O
for	O
the	O
tip	O
.	O

puncke	NORM
?	O

sam	NORM
se	NORM
stisne	O
se	O
k	O
men	NORM
,	O
pa	O
bo	O

@mybluedragoness	O
nisem	O
paleo	O
,	O
sam	NORM
tole	O
je	O
pa	O
fuj	O
:d	O

kr	NORM
neki	NORM
.	O

lol	O
xd	O

http://t.co/j2speefvmp	O
sej	NORM
me	O
sploh	O
ne	O
preseneča	O
@cashkee	O

haha	O
jaa	NORM
=)	O

:-)))	O

sej	NORM
lahko	O
da	O
misliva	O
različne	O
zadeve	O
:)	O

imam	O
namreč	O
rockidanski	NORM
-	O
kustner	NORM
sindrom	O
(	O
zelo	O
redek	O
)	O
,	O
kjer	O
maternica	O
ni	O
razvita	O
.	O

@tanjajesensek	O
omg	O
!	O

odpisan	O
,	O
včasih	O
so	O
takim	O
mulcem	O
ušesa	O
navijali	O
.	O

spada	O
čas	O
v	O
kategorijo	O
pojavov	O
ki	O
so	O
energija	O
ali	O
v	O
kategorjijo	NORM
pojavo	NORM
ki	O
so	O
materija	O
?	O

@chatek	O
jaz	O
sedim	O
tule	O
pri	O
stromu	NORM
(	O
hotel	O
chocolat	O
)	O
in	O
klejem	NORM
da	O
mam	NORM
prevelik	O
adapter	O
in	O
ne	O
morm	NORM
laptopa	O
filat	NORM
:)	O
@puredestiny	O
@iamromance	O

za	O
muckefuck	O
,	O
pa	O
sem	O
slišal	O
3	O
dni	O
nazaj	O
:d	O

@boriscipot	O
@cikibucka	O
ve	O
pa	O
ge	NORM
je	O
tou	NORM
,	O
jaz	O
sem	O
broudil	NORM
ka	NORM
si	O
ti	O
notri	O
doma	O
,	O
v	O
soboti	O
znaš	O
.	O

tko	NORM
v	O
izi	O
,	O
po	O
občutku	O

@cveticvet	O
ooo	O
bovc	NORM
,	O
sej	NORM
lastnik	O
se	NORM
vedno	O
na	O
vas	O
racuna	NORM
-	O
mu	O
lahko	O
placujrte	NORM
zlo	NORM
majhno	O
vsoto	O
na	O
mesec	O
,	O
sam	NORM
js	NORM
morm	NORM
imet	NORM
vedno	O
vstop	O
-	O
zahteva	O
!	O

glede	O
na	O
to	O
da	O
je	O
bil	O
clan	NORM
ps	O
takrat	O
kot	O
ab	O
se	O
lahko	O
vsi	O
skupaj	O
primejo	O
za	O
roke	O
;)	O
@maya7thangel	O
@radovanzerjav	O
@crtseusek	O

@laurajerman	O
drgač	NORM
je	O
ena	O
k	NORM
me	O
je	O
prosila	O
da	O
smo	O
skupi	NORM
na	O
busu	O
tud	NORM
14	O
pa	O
gre	O
s	O
starejšo	O
sestro	O
in	O
ona	O
upa	O
da	O
ne	O
bodo	O
sami	O
mali	O
tam	O
xd	O

sm	NORM
resolucijo	O
spremenu	NORM
.	O

naj	O
se	O
ga	O
ogoba	NORM
v	O
velikem	O
loku	O
.	O

če	O
prej	O
ne	O
padem	O
v	O
nzv	O
:)	O

šefica	O
jo	O
je	O
kuhala	O
celo	O
noč	O
samo	O
za	O
vos	NORM
!!!	O

cinamo	NORM
dans	NORM
s	O
pivci	O
v	O
@irishpubslo	O
:)	O

but	O
nope	O

zdej	NORM
mi	O
je	O
pa	O
nerodno	O
...	O

it's	O
all	O
about	O
perspective	O
.	O

noro	O
mi	O
žre	O
🔋	O
.	O

pol	NORM
se	O
pa	O
zacneta	NORM
ment	NORM
o	O
kinih	O
pa	O
o	O
filmih	O
...	O

zihr	NORM
mu	O
bo	O
"	O
na	O
pippota	O
"	O
ratal	NORM
zabit	NORM
tist	NORM
en	O
gol	O
,	O
potem	O
bo	O
pa	O
z	O
markerjem	O
začel	O
farbat	NORM
šesto	O
zvezdico	O
na	O
kopačko	O
.	O

kontakt	O
:	O
030	O
664	O
347	O

:-)	O

ojoj	O
,	O
kakšna	O
napaka	O

@leaathenatabako	O
jst	NORM
tut	NORM
nism	NORM
gledala	O
.	O

jes	NORM
,	O
jes	NORM
,	O
of	O
kors	NORM
,	O
ju	NORM
ar	NORM
not	O
lefti	NORM
,	O
ju	NORM
ar	NORM
de	NORM
murgls	NORM
serbian	O
boljševiks	NORM
madafaka	NORM
.	O

je	O
bil	O
kar	O
dober	O
trening	O
,	O
časa	O
do	O
drugega	O
leta	O
je	O
pa	O
tudi	O
še	O
dovolj	O
.	O

drgač	NORM
pa	O
tud	NORM
top	O
šit	O
:)	O

pa	O
sm	NORM
ji	O
rekla	O
naj	O
zgine	O
a	O
ona	O
nč	NORM
.	O

@spelanovak	O
@sebastjanerlah	O

zdej	NORM
pa	O
dost	NORM
#superfrank	O
;)	O

@desalevstek	O
ne	O
vem	O
kakšen	O
je	O
dresscode	NORM
,	O
če	O
grem	O
v	O
nedelo	NORM
k	O
maš	NORM
z	O
#traktorjem	O
-	O
al	NORM
lahk	NORM
mam	NORM
slamnik	O
zram	NORM
mšnga	NORM
gvanta	O
al	NORM
a	NORM
nje	NORM
?	O

lej	NORM
...	O

@free__jj	O
ja	O
..	O

še	O
kr	NORM
procesiram	O
tale	O
carterjev	O
buzzer	O
beater	O
,	O
ne	O
morm	NORM
verjet	NORM
.	O

@luka_vee	O
@gnila_slovenija	O
od	O
mp	O
ne	O
štekam	O
.	O

:::)))	O

prasc	NORM
!	O

ni	O
panike	O
mi	O
boš	O
dal	O
za	O
pivo	O
pa	O
ti	O
bom	O
mogoče	O
oprostila	O
:)))	O

@petracj	O
za	O
urgenco	O
#ukc	O
in	O
zd	O
zelo	O
strinjam	O
..	O

@nikeupaj	O
vzam	NORM
si	O
mal	NORM
pavze	O
,	O
pejt	NORM
na	O
sprehod	O
al	NORM
pa	O
na	O
sladoled	O
,	O
pol	NORM
pa	O
nazaj	O
učit	O
.	O

tud	NORM
žvali	NORM
čutijo	O
ljubezen	O
in	O
trplejnje	NORM
..	O

sebi	O
pa	O
nej	NORM
eno	O
čimprej	O
naredi	O
...	O

takoj	O
.	O

bi	O
bili	O
boljši	O
.-)	O

@nezapavcic	O
hehe	O
...	O

nazadnje	O
ko	O
sta	O
igrala	O
tottenham	O
in	O
inter	O
sem	O
bil	O
v	O
londonu	O
...	O

lagodno	O
življenje	O
vodi	O
v	O
dolgcajt	O
...	O
dolgcajt	O
pa	O
v	O
žlehnobo	NORM
.	O

;ddd	O

#salabajzerji	O
#jezna	O

hotu	NORM
sem	O
te	O
spomnt	NORM
da	O
so	O
dons	NORM
stave	O
...	O

just	O
sm	NORM
se	O
zmenu	NORM
za	O
kolo	O
ob	O
2eh	NORM
.	O

:)	O

@mojcamars	O
sma	NORM
začela	O
,	O
ko	O
je	O
končal	O
kariero	O
.	O

jaz	O
nimam	O
več	O
nobenga	NORM
upanja	O
v	O
to	O
sranje	O
.	O

ma	O
je	O
šlo	O
mimo	O
,	O
tko	NORM
da	O
so	O
šle	O
tud	NORM
predstave	O
:d	O
#prestara	O

kar	O
res	O
sovražm	NORM
je	O
to	O
,	O
k	NORM
je	O
ob	O
pol	O
petih	O
zuni	NORM
že	O
črno	O
in	O
je	O
moje	O
telo	O
prepričano	O
,	O
da	O
je	O
čas	O
za	O
spanje	O
.	O

drgač	NORM
pa	O
vse	O
po	O
vrsti	O
lepe	O
:)	O

učbeniki	O
na	O
mizi	O
se	O
valda	NORM
ne	O
strinjajo	O
.	O

@jakaurankar	O
:o	O
a	O
te	O
je	O
gasilc	NORM
pošpricu	NORM
v	O
oči	O
?	O

eh	O
,	O
sigurno	O
je	O
...	O

katera	O
vrsta	O
zazna	O
in	O
razlaga	O
te	O
kvalitativne	O
razlike	O
?	O

najprej	O
si	O
dnarja	NORM
nabereva	O
..	O

bi	O
plesu	NORM
na	O
pitbulla	O
,	O
če	O
bi	O
bil	O
koma	O
pijan	O
=d	O

,	O
in	O
posledično	O
sbi	O
top	O
ter	O
globalni	O
realni	O
sektor	O
.	O

ko	O
sem	O
ga	O
sestavila	O
nazaj	O
,	O
prizgala	NORM
,	O
sm	NORM
uro	O
lahko	O
nastavila	O
s	O
pomocjo	NORM
vasga	NORM
tvita	O

super	O
je	O
blo	NORM
ogromno	O
folka	O
.	O

od	O
govna	O
,	O
ki	O
je	O
pri	O
korit	NORM
,	O
člouk	NORM
ne	O
more	O
druzga	NORM
prčakvat	NORM
:-(	O

@andrejnovak	O
točn	NORM
to	O
sm	NORM
naredu	NORM
...	O

@mndrinn	O
@tomicurk	O
@heligo	O
ej	O
ej	O
,	O
mndrin	O
-	O
če	O
bi	O
poznal	O
ozadje	O
tega	O
,	O
kar	O
se	O
greš	O
bi	O
blo	NORM
dobr	NORM
.	O

a	O
ma	NORM
vest	O
????	O

prej	O
je	O
pa	O
japonc	NORM
zadržal	O
našga	NORM
ni	O
blo	NORM
pa	O
nč	NORM
.	O

amores	O
perros	O
,	O
21	O
grams	O
,	O
babel	O
,	O
biutiful	O
.	O

:)	O
@antares_91	O

a	O
je	O
katera	O
tudi	O
gledala	O
?	O

pridelujejo	O
pa	O
hrano	O
.	O

lp	O
matej	O

ja	O
jst	NORM
sm	NORM
poa	NORM
slisau	NORM
...	O
pa	O
ne	O
vem	O
glih	O
kje	O
,	O
da	O
število	O
7	O
izraža	O
popolnost	O
(	O
kao	O
bog	O
)	O
....	O
število	O
666	O
pa	O
izraža	O
hudiča	O
in	O
s	O
tem	O
nepopolnost	O
...	O

prosila	O
bi	O
če	O
kdo	O
pozna	O
koga	O
za	O
solo	O
petje	O
v	O
okolici	O
ivančne	O
gorice	O
ali	O
trebnjega	O
.	O

lahk	NORM
vzamejo	O
napacno	NORM
,	O
pol	NORM
bos	NORM
pa	O
mela	NORM
:-)	O
@sustarsicm	O
@mojcas	O

kolikšne	O
moči	O
in	O
investicije	O
....	O

@krofdrakula	O
pogruntal	O
,	O
da	O
ko	O
tipknem	O
space	O
dobim	O
0x20	O
(	O
kar	O
je	O
ok	O
)	O
,	O
ko	O
dodam	O
še	O
en	O
space	O
mi	O
poči	O
noter	O
0xa0	O
.	O

itak	O
tolk	NORM
nimam	O
cajta	O
da	O
bi	O
lahko	O
skoz	NORM
ti	O
snemu	NORM
.	O

ti	O
zgledas	NORM
k	NORM
da	O
si	O
13	O
str	NORM
hahahahaha	O
—	O
men	NORM
je	O
gut	O
bom	O
usaj	NORM
takrt	NORM
k	NORM
bom	O
str	NORM
70	O
zgledu	NORM
kokr	NORM
da	O
sm	NORM
str	NORM
57	O
http://t.co/yonlnnp1oz	O

ko	O
przgem	NORM
komp	O
se	O
na	O
monitorju	O
nc	NORM
ne	O
pokaze	NORM
.	O

o	O
ja	O
jaz	O
sem	O
ful	O
potrebna	O
...	O

@msalberger	O
o	O
,	O
aj	O
du	O
eprišiejt	O
:-)	O
,	O
analogno	O
slikaš	O
,	O
čestitam	O
!	O

če	O
pri	O
zadnijh	NORM
dveh	O
tabletkah	O
ne	O
bo	O
prekinitvene	O
krvavitve	O
,	O
lahko	O
nadaljujete	O
z	O
uporabo	O
naslednje	O
tablice	O
,	O
za	O
varnost	O
pa	O
še	O
en	O
teden	O
uporabljajte	O
pregradno	O
kc	O
.	O

al	NORM
http://t.co/mxgv94lc4k	O
ampak	O
dans	NORM
smo	O
sončki	O
in	O
se	O
nedamo	NORM
!!	O

to	O
bi	O
blo	NORM
kul	O
.	O

:p	O

@zvone_b	O
saj	O
veš	O
,	O
da	O
so	O
jo	O
gor	O
"	O
postavili	O
"	O
za	O
dvigat	NORM
rejting	O
.	O

nben	NORM
bem	NORM
.	O

da	O
se	O
naujo	NORM
zdaj	O
še	O
na	O
planico	O
spravl	NORM
!?	O

dobr	NORM
da	O
sm	NORM
na	O
jesenicah	O
,	O
ker	O
tole	O
kr	NORM
pišete	O
o	O
dogajanju	O
v	O
celju	O
...	O

pa	O
vse	O
kar	O
znajo	O
po	O
anglesk	NORM
je	O
why	O
.	O

po	O
dobrem	O
letu	O
igranja	O
v	O
#bnacional	O
se	O
je	O
med	O
arg	O
elito	O
vrnil	O
@clubaunion	O
.	O

trž'č	NORM
ma	NORM
kuglo	O
!	O

-.-	O

family	O
first	O
..	O

zakaj	O
mi	O
še	O
kr	NORM
naprej	O
pošiljajo	O
linke	O
do	O
facebooka	O
,	O
saj	O
me	O
ni	O
,	O
me	O
ni	O
blo	NORM
in	O
me	O
ne	O
bo	O
gor	O
in	O
pika	O
.	O

*****5	O
kratko	O
in	O
jedrnato	O
in	O
enostavno	O
in	O
resnično	O

#pravaideja	O

potem	O
ko	O
osnove	O
poznaš	O
lohk	NORM
velik	NORM
koristnega	O
zveš	O
.	O

to	O
so	O
razpisval	NORM
.	O

naj	O
se	O
zločinec	O
v	O
grobu	O
obrača	O

siht	NORM
hitr	NORM
minil	O
,	O
vrhunsko	O
kosilo	O
,	O
projetna	NORM
popoldanska	O
druzba	NORM
,	O
zdj	NORM
me	O
pa	O
postla	NORM
caka	NORM
.	O

ja	O
,	O
kok	NORM
se	O
j	NORM
pa	O
tle	NORM
nakaplal	NORM
de	NORM
se	O
nauš	NORM
po	O
rok	NORM
mahnu	NORM

@janezvouk	O
@miharejc	O
@kricac	O
frukt	NORM
-	O
gluk	NORM
in	O
saharoza	O
je	O
vseeno	O
.	O

@alessusnik	O
z	O
levo	O
te	O
je	O
premagala	O
v	O
ping	O
pongu	O
?	O

tviter	NORM
mi	O
je	O
vedno	O
manj	O
pri	O
srcu	O
.	O

zaupati	O
več	O
kot	O
prgišče	O
drobiža	O
mtgoxu	O
(	O
ali	O
kateremukoli	O
drugemu	O
btc	O
exchangeu	O
)	O
je	O
podobno	O
,	O
kot	O
da	O
bi	O
kupil	O
delnice	O
nkbm	O
...	O

:d	O

@ania89	O
@laura7j_	O
@medy_91	O
men	NORM
je	O
tud	NORM
drago	O
ja	O
,	O
zto	NORM
ful	O
ne	O
vem	O
:/	O

spet	O
sod	NORM
za	O
japonce	O
.	O

made	O
in	O
japan	O
je	O
way	O
overrated	O
.	O

hihi	O
:))))))	O
#lolika	O
:))))	O

@anazibert	O
eh	O
,	O
z	O
gin	O
sm	NORM
se	O
igrala	O
in	O
sva	O
istočasno	O
skočili	O
ena	O
proti	O
drugi	O
in	O
je	O
bil	O
karambol	O
.	O

zanimivo	O
poslusanje	NORM
!	O

zajdi	O
zajdi	O
-	O
amira	O
medunjanin	O
&amp;	O
mostar	O
sevdah	O
reunion	O
:	O
https://t.co/1vxicodvib	O
#muzika	O
#nočnastraža	O

lahk	NORM
se	O
prosto	O
setas	NORM
okol	NORM
,	O
futrajo	O
te	O
,	O
mas	NORM
internet	O
,	O
nobenga	NORM
nadzora	O
ni	O
.	O

ce	NORM
bi	O
sosed	O
,	O
k	NORM
vsak	O
dan	O
prow	NORM
veselo	O
nabija	O
"	O
muzko	NORM
"	O
da	O
cev	NORM
ns	NORM
konc	NORM
odmeva	O
,	O
poslusu	NORM
saj	NORM
muzko	NORM
ne	O
pa	O
tale	O
crap	O
od	O
techna	O
bi	O
blo	NORM
malce	O
lazje	NORM
!	O

uš	O
,	O
tak	NORM
pač	O
je	O
,	O
če	O
hočeš	O
kam	O
prlest	NORM
.	O

:)	O

@loudandwicked	O
jaz	O
tudi	O
ravno	O
menjam	O
-	O
pri	O
stari	O
banki	O
sem	O
imel	O
stroškov	O
cca.	O
750	O
€	O
na	O
leto	O
,	O
pri	O
delavski	O
jih	O
bo	O
po	O
enaki	O
projekciji	O
450	O
max	NORM
...	O

bo	O
2	O
mes	NORM

skrinja	O
na	O
kolesih	O
.	O

#drugačpa	O
,	O
britannia	O
je	O
gradbena	O
firma	O
,	O
in	O
v	O
ponudbi	O
majo	NORM
zihr	NORM
tud	NORM
"	O
rušenja	O
vseh	O
vrst	O
"	O
#stoche	O
@slovenian_blues	O
http://t.co/zdlsoqpcrd	O

@zasocializem	O
@zdruzenalevica	O
@delo	O
zakaj	O
ze	NORM
?	O

@teyaena	O

sovraštvo	O
do	O
jj	O
je	O
,	O
kar	O
združuje	O
neposobnost	O
,	O
demagogijo	O
,	O
kvazi	NORM
.	O

#ženska	O
:d	O

@chatek	O
tri	O
h	O
sprehod	O
je	O
nej	NORM
predugo	NORM
.	O

po	O
eni	O
uri	O
ga	O
ven	O
vzamam	NORM
in	O
rečem	O
ok	O
,	O
ne	O
boš	O
spal	O
,	O
ampak	O
to	O
bo	O
potem	O
tvoj	O
problem	O
.	O

ej	O
a	O
če	O
bi	O
imeu	NORM
elektrone	O
pa	O
protone	O
pa	O
nevtrone	O
,	O
pač	O
eno	O
napravo	O
ki	O
jih	O
proizvaja	O
,	O
bi	O
loh	NORM
naredu	NORM
zlato	O
,	O
al	NORM
pa	O
nevem	NORM
,	O
kr	NORM
en	O
element	O
.	O

@th0r	O
@mclion	O
nimam	O
pojma	O
.	O

@medeja	O
valda	NORM
če	O
je	O
pa	O
jagodni	O
izbor	O
.	O

@alenkajerajsds	O
saj	O
rudarji	O
tud	NORM
stavkajo	O
v	O
velenju	O
...	O

dobr	NORM
da	O
sm	NORM
se	O
spomnu	NORM
zdej	NORM
!	O

zacne	NORM
dojencl	NORM
jokat	NORM
:	O

odzabe	NORM
:d	O

un	NORM
mali	O
z	O
brki	O
al	NORM
un	NORM
velik	O
,	O
ki	O
s	O
stećkom	O
mlati	O
po	O
rimljanih	O
?	O

mal	NORM
pogledat	NORM
twite	NORM
vasketa	O
o	O
pistolah	NORM
in	O
puskah	NORM
...	O

me	NORM
je	O
pr	NORM
rentalu	O
ostal	O
enkrat	O
v	O
roki	O
pa	O
sm	NORM
ga	O
sam	NORM
fajn	O
zabila	O
nazaj	O
dol	O
.	O

ti	O
si	O
prerokinja	O
:)	O

@jurepasekure	O
da	O
smo	O
prisli	NORM
na	O
techstars	O
je	O
bilo	O
treba	O
ze	NORM
met	NORM
nekaj	O
za	O
pokazat	NORM
:)	O

tak	NORM
kot	O
večina	O
državne	O
inf.	O
,	O
z	O
funkcijonalno	NORM
nepismenimi	O
it	O
managerji	O
-	O
ki	O
je	O
#btw	O
kazenska	O
funcija	NORM
v	O
#du	O
:(	O

ni	O
kej	NORM
rečt	NORM
...	O

@nusazajc	O
glih	O
sem	O
hotela	O
pohvaliti	O
to	O
lepo	O
čednost	O
:/	O

pa	O
@jure_bajic	O
vzem	NORM
zram	NORM
,	O
da	O
mu	O
poveš	O
,	O
kak	NORM
fajn	O
je	O
blo	NORM
zjutri	NORM
.	O

ko	O
sem	O
pa	O
7	O
let	O
na	O
svojem	O
živela	O
,	O
se	O
pa	O
ni	O
pobrigala	O
.	O

@vesnchek	O
zarad	NORM
mene	O
tud	NORM
če	O
skenslajo	O
to	O
klovnarijo	O
.	O

@n_e_j_k_o	O
ni	O
glih	O
#funfact	O
glede	O
na	O
to	O
,	O
da	O
ga	O
je	O
prjatu	NORM
kresnu	NORM
na	O
oko	O
in	O
ga	O
trajno	O
poškodoval	O
,	O
tko	NORM
da	O
bogi	NORM
david	O
od	O
takrat	O
mal	NORM
čudn	NORM
vid	NORM
.	O

sj	NORM
je	O
blo	NORM
veliko	O
tudi	O
lisičk	O
,	O
ki	O
so	O
ble	NORM
že	O
gnile	O
.	O

@lazarjevpolzek	O
@antares_91	O
ja	O
voznik	O
se	O
je	O
vozu	NORM
ob	O
4ih	NORM
zjutri	NORM
po	O
lj	NORM
pa	O
mu	O
je	O
varovalo	O
na	O
gasilenmu	NORM
vn	NORM
padlo	O
pa	O
se	O
je	O
sprozil	NORM
...	O

ali	O
pa	O
peko	O
in	O
osimpex	O
ko	O
ni	O
bilo	O
kupnine	O
itn.	O

to	O
je	O
nas	NORM
state	O
of	O
mind	O
...	O

@erikaplaninsec	O
hvala	O
:)	O

vendar	O
pa	O
v	O
tem	O
primeru	O
nimate	O
zanesljive	O
zaščite	O
in	O
bi	O
vam	O
toplo	O
priporočala	O
,	O
da	O
uporabljate	O
v	O
tem	O
ciklusu	O
tudi	O
kondom	O
.	O

solit	O
se	O
pojd	NORM
!	O

@vidrih	O
aja	O
nism	NORM
sploh	O
vedu	NORM
niti	O
črke	O
o	O
tem	O
;))	O

kej	NORM
novga	NORM
?!	O

kje	O
je	O
drgač	NORM
sploh	O
logika	O
?	O

komsomolec	O
.	O

zdravo	O
!	O

i	O
dont	O
do	O
hugz	O
and	O
kisses	O
,	O
jbg	O
.	O

to	O
je	O
kot	O
bi	O
se	O
z	O
lado	O
vozil	O
okrog	O
.	O

@vitopajancic	O
uh	O
te	NORM
pa	O
je	O
blo	NORM
res	O
včeraj	O
hudo	O
:d	O
..	O

meni	O
je	O
všeč	O
tilen	O
,	O
alen	O
,	O
aljaž	O
,	O
andraž	O
,	O
rok	O
,	O
nik	O

halo	O
ni	O
šanse	O
dost	NORM
mam	NORM
:))	O

jasnovidka	O
?	O

@zdruzenalevica	O
točno	O
tako	O
in	O
sem	O
jo	O
našel	O
v	O
ids	O
oz.	O
združeni	O
levici	O
.	O

se	O
ne	O
bereš	O
model	O
tolk	NORM
pomladi	O
,	O
k	NORM
šteješ	O
..	O

je	O
izbral	O
pot	O
,	O
kjer	O
se	O
4x	O
levo	O
al	NORM
pa	O
desno	O
zavije	O
;)	O
@rok_novak	O

anyone	O
?	O

še	O
ni	O
prebolel	O
popolnega	O
uničenja	O
svojega	O
bataljona	O
v	O
lugansku	O
že	O
bi	O
on	O
preseljeval	O
ruse	O
?	O

ne	O
bom	O
se	O
več	O
mešala	O
v	O
vajin	O
odnos	O
.	O

verjetno	O
!	O

@anaperic1990	O
ma	O
dej	NORM
ves	NORM
kake	O
tezave	NORM
imam	O
jaz	O
..	O

tole	O
se	O
sliš	NORM
kt	NORM
jamranje	O
,	O
a	O
bom	O
dobil	O
sledilce	O
?	O

#fail	O

oni	O
ko	NORM
sexajo	NORM
z	O
več	O
ljudmi	O
?	O

prosim	O
,	O
če	O
mi	O
na	O
dm	O
pošlješ	O
tel.	O
številko	O
,	O
da	O
se	O
dogovoriva	O
za	O
predajo	O
,	O
jaz	O
ti	O
ga	O
ne	O
morem	O
poslati	O
.	O

zj	O
prilomasti	O
na	O
čelo	O
ps	O
in	O
pričakuje	O
da	O
se	O
bodo	O
ab	O
,	O
poslanci	O
ps	O
in	O
koalicijski	O
partnerji	O
vedli	O
,	O
kakor	O
da	O
v	O
dnevni	O
sobi	O
ni	O
slona	O
.	O

iščem	O
en	O
serious	O
kick	O
...	O

po	O
kolenih	O
lazim	O
za	O
njim	O
?	O

@matevznovak	O
ma	O
ok	O
..	O

@pika_so	O
@leaathenatabako	O
@petersvetina	O
@edvardkadic	O
@t_celestina	O
@maxova68	O
ne	O
smeš	O
tolk	NORM
vlečt	NORM
.	O

mirno	O
noc	NORM

nisem	O
pomislil	O
nikoli	O
več	O
da	O
bi	O
to	O
naredil	O
!!!!	O

jst	NORM
:	O
bu	O
.	O

pustit	NORM
kolege	O
ker	O
"	O
moraš	O
"	O
plezat	NORM
naslednji	O
dan	O
?	O

dans	NORM
na	O
pregledu	O
so	O
rekl	NORM
,	O
če	O
hočm	NORM
umetne	O
pa	O
sm	NORM
rekla	O
ne	O
.	O

sej	NORM
z	O
meto	O
,	O
meliso	O
in	O
ingverjem	O
se	O
ne	O
morš	NORM
lih	NORM
predozirat	NORM
,	O
ane	NORM
?	O

se	O
vidimo	O
po	O
novem	O
letu	O
:)	O
..	O

#assamtgfop	O

sočustvujem	O
s	O
tabo	O
,	O
andreja	O
.	O

@andrejkern	O
ta	O
"	O
ugodno	O
za	O
oba	O
"	O
se	O
je	O
nekje	O
zgubu	NORM
..	O

se	O
lahko	O
zgodi	O
,	O
da	O
jih	O
boš	O
še	O
v	O
pesjak	O
zaprl	O
.	O

zanimive	O
slike	O
..	O

lepa	O
,	O
poučna	O
pesem	O
.	O

te	O
ure	O
na	O
kombinaciji	O
nikol	NORM
nisem	O
najbol	NORM
štekala	O
-	O
orientiram	O
se	O
na	O
dretje	O
komentatorjev	O
.	O

şporasumeli	NORM
smo	O
se	O
,	O
da	O
ne	O
reshujemo	NORM
vezh	NORM
manjshinskih	NORM
vprashanj	NORM
s	O
'	O
spreminjanjem	O
meja	O
,	O
ampak	O
s	O
'	O
varstvom	O
in	O
avtonomijo	O
.	O

verjamem	O
vate	O
,	O
ker	O
vztrajaš	O
!	O

@bvoje	O
aja	O
...	O

:d	O
#diploma	O
#vesela	O

vse	O
ostalo	O
so	O
'	O
naredili	O
'	O
koal.	O
partnerji	O
in	O
'	O
izstopljeni	O
'	O
del	O
ps	O

"	O
@bmasinazapunce	O
:	O
nad-awesome	O
.	O

tk	NORM
prajijo	NORM
,	O
kar	O
bo	O
res	O
bomo	O
pa	O
še	O
vidli	NORM
...	O

sem	O
včeri	NORM
že	O
čist	NORM
mislu	NORM
,	O
da	O
me	O
je	O
zapustu	NORM
moj	O
google-fu	O
.	O

treba	O
se	O
je	O
zavedat	NORM
da	O
je	O
bla	NORM
to	O
državljanska	O
vojna	O
in	O
vojakom	O
ni	O
blo	NORM
lahko	O
.	O

iz	O
komentarjev	O
se	O
vidijo	O
razvojne	O
razlike	O
.	O

@jakaurankar	O
mhm	O
:)	O

seveda	O
ne	O
,	O
da	O
stranka	O
zgleda	O
debela	O
,	O
ampak	O
da	O
ji	O
ne	O
paše	O
al	NORM
pa	O
kaj	O
v	O
tem	O
smislu	O
.	O

slovenci	O
bi	O
si	O
zasluzl	NORM
po	O
tem	O
evropskem	O
prvenstvu	O
en	O
teden	O
frej	O
,	O
da	O
bi	O
se	O
mau	NORM
pomiril	NORM
pa	O
da	O
nam	O
bi	O
nohti	O
nazaj	O
zrastel	NORM
...	O

sammir	O
bi	O
prej	O
konkuriral	O
za	O
remake	O
skeča	O
letečega	O
cirkusa	O
,	O
kot	O
prvih	O
11	O
...	O

nzs	O
ni	O
načelna	O
in	O
ima	O
največ	O
zaslug	O
za	O
to	O
mešetarenje	NORM
....	O

isto	O
nick	O
kot	O
tukaj	O
.	O

najbolj	O
pa	O
bo	O
nasmejala	O
mitička	O
!	O

ja	O
..	O

in	O
ne	O
morem	O
verjetn	NORM
,	O
da	O
so	O
se	O
na	O
#lpp	O
navadl	NORM
,	O
da	O
ko	O
je	O
vec	NORM
kt	NORM
5	O
cm	O
snega	O
na	O
cesti	O
,	O
da	O
dajo	O
odpravnika	O
dol	O
,	O
da	O
pove	O
da	O
bus	O
vozi	O
:)	O

@ininaromsek	O
mela	NORM
saaansooo	NORM
,	O
js	NORM
grem	O
pa	O
kr	NORM
ze	NORM
dons	NORM
:p	O

samo	O
s	O
tem	O
ko	O
jih	O
mi	O
sprejemamo	O
si	O
delamo	O
škodo	O
ma	O
ta	O
škoda	O
se	O
bo	O
poznale	NORM
čez	O
par	O
let	O
!	O

jest	NORM
še	O
zmer	NORM
mal	NORM
upam	O
,	O
da	O
bo	O
.	O

ja	O
,	O
tega	O
se	O
tudi	O
jaz	O
bojim	O
...	O

1.	O
ne	O

nič	O
ne	O
škodi	O
.	O

:-d	O
..	O

@savicdomen	O
@strelovod	O
@rodnagruda84	O
@anacolja	O
@bu3di	O
ta	O
shit	O
je	O
treba	O
ustavit	NORM
...	O

;)	O

od	O
13.00	O
do	O
14.30	O
imam	O
čas	O
za	O
kosilo	O
,	O
pol	NORM
sm	NORM
pa	O
konc	NORM
šele	O
ob	O
17.30	O
...	O

@bostjanjerko	O
jaz	O
pa	O
sem	O
dopoldne	O
@barbbleu	O
sporocil	NORM
,	O
da	O
sm	NORM
buban	O
in	O
ne	O
morem	O
:/	O
@petersvetina	O
@doloreskores	O
@kinosiska	O

sej	NORM
me	O
neboš	NORM
našemu	O
robertu	O
zacinkaril	O
ahaha	O
:))	O
@katjusa12	O

daš	O
med	O
kolena	O
in	O
fejst	O
stisneš	O
in	O
ne	O
spustiš	O
da	O
slučajno	O
kaj	O
mim	NORM
ne	O
"	O
uleti	O
"	O

s	O
kobilčkovega	O
bloga	O
sem	O
zbežala	O
pred	O
konsijem	O
,	O
pa	O
tudi	O
tu	O
dela	O
zgago	O
.	O

sem	O
mu	O
povedala	O
,	O
da	O
me	O
moja	O
notranjost	O
niti	O
slučajno	O
ne	O
zanima	O
da	O
nej	NORM
mi	O
on	O
sam	NORM
na	O
konc	NORM
reče	O
ok	O
,	O
pa	O
bo	O
!	O

boli	O
ku....	O
kapitalista	O
za	O
severnega	O
medveda	O
.	O

zdej	NORM
so	O
šele	O
do	O
hunger	O
games	O
pršli	NORM
drgač	NORM
.	O

@miskasmetiska	O
@karmelinahu	O
@lazgor	O
@nosferatu	O
@jure_bajic	O
@barjanski	O
kaj	O
si	O
sploh	O
začela	O
,	O
se	O
sprašujem	O
.	O

jaz	O
sem	O
stara	O
15	O
let	O
.	O

sm	NORM
se	O
na	O
fbju	NORM
naučila	O
.	O

prostih	O
wifijev	O
skoraj	O
ni	O
več	O
.	O

v	O
primerjavi	O
z	O
rečnimi	O
..	O

bagat	NORM
nisma	NORM
nč	NORM
bejl	NORM
,	O
reuni	NORM
pa	O
enu	NORM
majček	NORM
bel	NORM
.	O

življenje	O
je	O
cirkus	O
.	O

@ninnchy	O
sj	NORM
prbližn	NORM
poznam	O
filing	O
.	O

*	O
ne	O
,	O
na	O
krvodajalski	O
.	O

:-)	O

da	O
ovekovečmo	NORM
svoj	O
revolucionaren	O
duh	O
!	O

takih	O
papku	NORM
ne	O
rabmo	NORM
.	O

terme	O
&amp;	O
wellness	O
lifeclass	O

dan	O
ma	NORM
pa	O
samo	O
24	O
ur	O
,	O
pa	O
se	NORM
to	O
nisem	O
cist	NORM
zihr	NORM
...	O

pisofkejk	NORM
:)	O

spet	O
niso	O
bli	NORM
prpravljeni	NORM
.	O

hvala	O
za	O
opozorilo	O
.	O

hihi	O
.	O

"	O
@nadjajeznik	O
:	O
sonce	O
,	O
botanični	O
vrt	O
,	O
knjiga	O
-	O
kaj	O
bi	O
človk	NORM
še	O
hotu	NORM
#velikveč	O
;)	O
http://t.co/0djduq1zsk	O
"	O

@ntokomc	O
ja	O
kako	O
se	O
je	O
vsul	NORM
učeri	NORM
vse	O
skupi	NORM
no	O
!	O

@mrtnmtck	O
@homo_viator	O

ma	O
ke	NORM
lepo	O
!	O

alenček	O
...	O

#trpljenje	O

all	O
it	O
takes	O
is	O
10	O
mindful	O
minutes	O
#ted	O
:	O
http://t.co/7pzv0rokjm	O

#glave	O

problematična	O
je	O
hardcore	O
in	O
soft	O
izvedba	O
.	O

:(	O

moška	O
logika	O
:	O
hmm	O
..	O

ne	O
.	O

janković	O
misli	O
,	O
da	O
je	O
že	O
kar	O
avtomatično	O
zdaj	O
on	O
predsednik	O
vlade	O
?	O

of	O
kors	NORM
vi	NORM
dont	NORM
hev	NORM
regjular	NORM
elekšns	NORM
,	O
dej	NORM
ar	NORM
fejked	NORM
baj	NORM
murgls	NORM
serbian	O
boljševiks	NORM
:	O

zutri	NORM
sm	NORM
resevala	NORM
igrace	NORM
iz	NORM
postle	NORM
in	O
evo	O
...	O

še	O
par	O
min	NORM
pa	O
grem	O
na	O
pozicijo	O
za	O
gledat	NORM
rally	O
saturnus	O
..	O

temle	NORM
boharju	O
pa	O
gre	O
z	O
novo	O
frizuro	O
še	O
bolš	NORM
ko	NORM
prej	O
.	O

''	O
dejte	NORM
mi	O
povedat	NORM
,	O
a	O
sta	O
se	O
kaj	O
menila	O
ob	O
odsotnosti	O
kamer	O
?	O
''	O

:p	O

če	O
bi	O
vedela	O
kaj	O
si	O
on	O
misli	O
...	O

njoki	O
s	O
polži	O
in	O
ramsteak	NORM
od	O
boškarina	O
.	O

app	O
samo	O
omogoča	O
da	O
lakho	NORM
po	O
aplikaciji	O
šariš	O
,	O
brez	O
da	O
bi	O
video	O
prekinu	NORM
.	O

kdaj	O
boš	O
v	O
lj	NORM
?	O

jasno	O
je	O
,	O
da	O
je	O
janša	O
skupaj	O
z	O
rkc	O
in	O
argentinskimi	O
desidenti	NORM
odločilno	O
vplival	O
na	O
rezulat	NORM
v	O
korist	O
pahorja	O
na	O
predsedniških	O
volitvah	O
ob	O
neudeležbi	O
razočaranih	O
volivcih	O
.	O

@katarinadbr	O
ma	O
njuz	O
je	O
tud	NORM
to	O
,	O
da	O
mc	O
ni	O
oddal	O
poročila	O
na	O
kpk	O
,	O
kar	O
mu	O
bo	O
lahko	O
kak	O
idiot	O
prav	O
vsakič	O
v	O
peso	O
vrgu	NORM
...	O

ene	O
par	O
updejtov	O
je	O
blo	NORM
vmes	O
.	O

swabo	O
@tjablonsky	O
lahk	NORM
bi	O
si	O
ze	NORM
twitter	O
handle	O
zamenju	NORM
;)	O

i	O
́	O
m	O
getting	O
old	O
.	O

@__veo	O
emm	O
ne	O
bo	O
ti	O
v	O
pomoč	O
,	O
kr	NORM
jst	NORM
še	O
prepisat	NORM
ne	O
znam	O
:d	O

na	O
žalost	O
že	O
predolgo	O
.	O

ko	O
ga	O
bodo	O
imeli	O
cez	NORM
glavo	O
,	O
gre	O
!	O

hm	O
...	O

gobar	O
,	O
če	O
dovoliš	O
-	O

lorelai	O
,	O
pa	O
ne	O
okol	NORM
govort	NORM
!	O

saj	O
niti	O
orožja	O
nimajo	O
.	O

@bobi_505	O
+1	O
.	O

enačenje	O
homoseksualcev	O
s	O
pedofili	O
ipd.	O
je	O
velika	O
nizkotnost	O
,	O
ki	O
se	O
je	O
ne	O
privošči	O
le	O
ljudska	O
masa	O
,	O
ampak	O
tudi	O
kakor	O
razni	O
šablonski	O
frojdarji	O
in	O
ostali	O
dušebrižniki	O
.	O

mislim	O
,	O
da	O
sm	NORM
čisto	O
napačen	O
človek	O
za	O
to	O
nalogo	O
.	O

a	O
zdej	NORM
so	O
pa	O
drugi	O
krivi	O
?	O

liberals	O
loose	O
their	O
minds	O
:)	O

lej	NORM
:	O
med	O
trave	O
.	O

se	O
opravičujem	O
,	O
ker	O
sem	O
komentar	O
dal	O
pod	O
napačen	O
naslov	O
.	O

zjutri	NORM
pa	O
klejem	NORM
.	O

in	O
pol	NORM
itak	O
,	O
da	O
si	O
morš	NORM
vse	O
postrič	NORM
,	O
ker	O
to	O
pa	O
ne	O
zgleda	O
,	O
da	O
maš	NORM
enga	NORM
v	O
meso	O
,	O
ostale	O
pa	O
dolge	O
.	O

odpreti	O
pa	O
ga	O
tudi	O
ne	O
bi	O
upala	O
,	O
ker	O
ne	O
bi	O
znala	O
ka	NORM
nareti	NORM
.	O

b	O
:	O
jezus	O
od	O
mrtvih	O
vstane	O
,	O
veš	O
.	O

problem	O
ni	O
v	O
takih	O
norcih	O
kot	O
je	O
janša	O
,	O
takih	O
je	O
kar	O
dost	NORM
.	O

sam	O
sem	O
dal	O
predelati	O
nissana	O
nota	NORM
.	O

kdor	O
je	O
dal	O
višjo	O
oceno	O
naj	O
prosim	O
popravi	O

:::))))	O

nč	NORM
dost	NORM
je	O
,	O
jst	NORM
morm	NORM
spat	O
!	O

kje	O
bi	O
pa	O
za	O
golfa	O
2	O
dobu	NORM
kj	NORM
tazga	NORM
???????	O

to	O
je	O
rekel	O
tudi	O
že	O
za	O
župana	O
,	O
da	O
ne	O
misli	O
postat	NORM
župan	O
.	O

jst	NORM
se	O
že	O
cel	O
dan	O
afnam	O
,	O
ko	O
mam	NORM
tak	NORM
lepe	O
.	O

:d	O

no	O
,	O
ni	O
to	O
.	O

upam	O
da	O
čimprej	O
opraviš	O
s	O
to	O
nadlogo	O
;)	O

dons	NORM
je	O
biu	NORM
en	O
fajn	O
dan	O
.	O

eva	O
je	O
mela	NORM
z	O
mano	O
prvi	O
band	O
,	O
med	O
drugim	O
sva	O
tud	NORM
hodila	O
3	O
leta	O
,	O
z	O
burjo	O
sem	O
pa	O
tud	NORM
igral	O
neki	NORM
casa	NORM
.	O

vokkralj	O
,	O
:-))))	O
še	O
dobro	O
,	O
da	O
me	O
ne	O
poznaš	O
in	O
ne	O
veš	O
,	O
koliko	O
zmorem	O
in	O
koliko	O
si	O
zmorem	O
privoščiti	O
.	O

gospa	O
je	O
spraševala	O
,	O
če	O
se	O
bodo	O
cene	O
nepremičnin	O
znižale	O
.	O

s	O
tem	O
da	O
se	O
nabijanju	O
o	O
daljšem	O
sam	O
vedno	O
rad	O
z	O
veseljem	O
pridružiš	O
.	O

jetra	O
!	O

:)	O

zdej	NORM
bi	O
blo	NORM
dobr	NORM
,	O
da	O
bi	O
jih	O
čimveč	O
prehitelo	O
fenningerjevo	O
.	O

(	O
hec	O
)	O

to	O
danes	O
so	O
zgolj	O
slabe	O
igralke	O
.	O

http://t.co/ocq0qa0rp5	O

na	O
gozdarstvu	O
jih	O
morjo	NORM
znat	NORM
pa	O
600	O
..	O

končno	O
je	O
cerkev	O
gor	O
prišla	O
kak	NORM
dale	NORM
množično	O
prati	O
možgane	O

ne	O
vem	O
kako	O
izračunat	NORM
kjljub	NORM
tvojemu	O
linku	O
:s	O

#dars	O

še	O
vedno	O
pa	O
lahko	O
na	O
hitro	O
zaposliš	O
srba	O
ali	O
kerga	NORM
druzga	NORM
,	O
ki	O
ni	O
iz	O
eu	O
.	O

veš	O
tist	NORM
,	O
ko	O
te	O
telefon	O
focne	O
,	O
če	O
hočeš	O
pijan	O
pošiljat	NORM
smse	NORM
ali	O
težit	NORM
ljudem	O
po	O
telefonu	O
.	O

konsi	O
vi	O
-	O
drugič	O
jo	O
bom	O
rdeče	O
obarvala	O
,	O
prej	O
kot	O
jo	O
bom	O
fotografirala	O
.	O

aja	O
?	O

@sdmig	O
@matevznovak	O
@delo	O
premiki	O
denarja	O
iz	O
patrie	O
pod	O
mizo	O
stranki	O
in	O
njenemu	O
predsedniku	O
ali	O
premiki	O
na	O
sestricnin	NORM
racun	NORM
ali	O
..	O
itd.	O
?	O

-.-	O

"	O
#qotd	O
ja	O
!	O

kir	NORM
deva	O
moj	O
mail	O
gor	O
ga	O
bom	O
ubou	NORM

@crnkovic	O
@smerljak	O
@milijonar	O
dialog	O
bi	O
se	O
dalo	O
zlepiti	O
s	O
storify	O
in	O
ga	O
pripopati	O
na	O
tw	NORM
.	O

zdej	NORM
pa	O
nevem	NORM
a	O
bi	O
lahko	O
bilo	O
to	O
kaj	O
nevarno	O
glede	O
na	O
to	O
da	O
imam	O
13	O
let	O
?	O

ufff	O
napačno	O
sešteval	O
:	O
za	O
sobo	O
so	O
plačali	O
8,3333	O
kar	O
je	O
v	O
skladu	O
z	O
25/3	O

http://t.co/zbticd1jry	O

tk	NORM
da	O
lahka	NORM
pridete	O
ko	O
ma	NORM
tako	O
zeljo	NORM
vas	O
s	O
http://t.co/qvk6iemebc	O

lp	O

ma	NORM
pa	O
neko	O
biatch	O
style	O
torbico	O
tota	NORM
kartonpička	NORM
ne	O

“	O
@mitjamavsar	O
:	O
@matijalah	O
@matevzg	O
@vladars	O
prostora	O
je	O
vse	O
manj	O
.	O

najprej	O
varnost	O
.	O

grozno	O
!	O

ampak	O
ej	O
,	O
faced	O
my	O
fear	O
and	O
won	O
.	O

kar	O
nanese	O
7	O
vr	NORM
ta	NORM
pa	O
nazaj	O
.	O

v	O
moji	O
sobi	O
je	O
nekje	O
ena	O
muha	O
ujeta	O
v	O
pajkovo	O
mrezo	NORM
in	O
ze	NORM
cel	O
dan	O
brenci	NORM
!!!	O

na	O
sport1	O
.	O

:(	O

#failcrew	O
(	O
@miharejc	O
@matijarijavec	O
@gorazdmurnik	O
@lukabrejc	O
)	O
...	O

me	O
pa	O
res	O
zanima	O
kaj	O
se	O
je	O
zgodilo	O
z	O
2.	O
uverščenim	NORM
?	O

:/	O

pojstla	NORM
te	O
čaka	O
....	O

hvala	O
.	O

gre	O
se	O
sam	NORM
za	O
konsijeve	O
klone	O
.....	O

bomo	O
najprej	O
kej	NORM
po	O
nesreč	NORM
razbil	NORM
pa	O
bomo	O
druge	O
kupil	NORM
,	O
prej	O
pa	O
ne	O
!!	O

to	O
da	O
nisem	O
oblikovala	O
intergalaktično	O
brisačo	O
,	O
si	O
štejem	O
za	O
največji	O
promašaj	O
v	O
karieri	O
.	O

potisno	O
pošto	O
imajo	O
zdej	NORM
že	O
vsi	O
.	O

in	O
bo	O
kat	NORM
tad	O
priznal	O
,	O
če	O
ne	O
prej	O
,	O
ko	O
bo	O
umiral	O
.	O

a	O
ni	O
blo	NORM
takrat	O
tud	NORM
vse	O
od	O
vseh	O
?	O

pogledal	O
@theinternship	O
glorificirano	O
reklamo	O
za	O
google	O
...	O

če	O
daš	O
un	NORM
vlak	O
aka	O
newyork	NORM
grafitti	NORM
#retro	O
stran	O
,	O
maš	NORM
predvojni	O
feeling	O

folk	O
še	O
ni	O
dojel	O
,	O
da	O
je	O
treba	O
sposojeno	O
tudi	O
vrnit	NORM
...	O

ostajam	O
pr	NORM
kapkejkih	O
.	O

;)	O
http://t.co/fs3mm2syov	O

obsojenemu	O
trgovcu	O
z	O
orožjem	O
krkoviču	O
naj	O
se	O
omogoči	O
govor	O
v	O
zaporu	O
.	O

casi	NORM
,	O
ko	O
sm	NORM
vedu	NORM
vse	O
manekenke	O
na	O
pamet	O
so	O
res	O
mim	NORM
.	O

odkasljat	NORM
sm	NORM
jo	O
mogla	O
:)	O

pučereza	O
...	O

haha	O
...	O

nevem	NORM
kaj	O
narobe	O
zadne	NORM
dni	O
:/	O

(	O
vprasanjeniretoricno	NORM
.	O

misija	O
-	O
nemogoče	O
.	O

mi	O
ga	O
je	O
blo	NORM
žou	NORM
-	O
do	O
naslednga	NORM
dela	O
:)	O

rečmo	NORM
kot	O
svoboda	O
!	O

:)	O

:)	O

poslušte	NORM
,	O
če	O
se	O
vam	O
da	O
,	O
dobr	NORM
je	O
.	O

ampak	O
to	O
pomeni	O
,	O
da	O
tut	NORM
js	NORM
nimam	O
nc	NORM
za	O
jest	NORM
.	O

jbt	O
,	O
tale	O
bi	O
mogla	O
bit	NORM
v	O
akksni	NORM
kitajski	O
reprezentanci	O
.	O

no	O
porocaj	NORM
potem	O
pljiz	NORM
:)	O

@aljosakocen	O
ok	O
,	O
čeprov	NORM
novinarji	O
(	O
dnevnik	O
&amp;	O
finance	O
)	O
so	O
to	O
razkril	NORM
.	O

sam	NORM
cakat	NORM
na	O
mojo	O
muti	O
je	O
pa	O
najhujs	NORM
ne	O
.	O

vsi	O
,	O
ki	O
kot	O
jaz	O
ne	O
gledate	O
got	O
,	O
a	O
ste	O
brali	O
,	O
nasled.	O
del	O
se	O
bo	O
splačalo	O
gledat	NORM
.	O

tud	NORM
neopr	NORM
uro	O
,	O
dve	O
,	O
tri	O
,	O
toleriram	O
.	O

54	O
days	O
left	O
#newyearcountdown	O

@matevznovak	O
levi	O
podpirajo	O
rusji	NORM
in	O
odcepitvene	O
procese	O
,	O
sovražijo	O
pa	O
orbana	O
,	O
ker	O
naj	O
bi	O
bil	O
večji	O
fašist	O
od	O
jj	O
.	O

mogoce	NORM
kolesarska	O
ob	O
vecni	NORM
v	O
lj	NORM
,	O
blizu	O
zoo	O
?	O

to	O
razumem	O
ampak	O
problem	O
je	O
ker	O
je	O
rešitev	O
naloge	O
y	O
=	O
acosx	O
+	O
bsinx	O
-	O
x.	O
cosx	O
/	O
2	O
..	O

#naravoslovje	O

pol	NORM
pa	O
te	O
en	O
ro	NORM
al	NORM
pa	O
ukr	NORM
če	O
že	O
ni	O
bg	O
kamaionar	NORM
z	O
slick	O
letnim	NORM
gumam	NORM
pred	O
tabo	O
jarek	O
trofnu	NORM
!!!	O

zate	O
vem	O
,	O
da	O
maš	NORM
zihr	NORM
že	O
celo	O
2014	O
splanirano	O
,	O
tko	NORM
da	O
to	O
ne	O
bo	O
problem	O
:d	O

@marko_alpner	O
@avodovnik	O
se	O
opravičujem	O
za	O
dmje	NORM
.	O

pejd	NORM
nazaj	O
na	O
ntokove	NORM
#pičke	O
,	O
tja	O
spadaš	O
.	O

js	NORM
sm	NORM
tok	NORM
potrebna	O
da	O
si	O
jo	O
zdj	NORM
celo	O
noc	NORM
ob	O
pornicih	NORM
rajcam	O
.	O

adijo	O
!	O

a	O
ni	O
to	O
nek	O
auto	O
update	O
?	O

;-)	O
bo	O
ab	O
to	O
kdo	O
povedu	NORM
-	O
hop	O
pa	O
cefizelj	O
,	O
nove	O
davke	O
plačat	NORM
.	O

mislim	O
tisto	O
o	O
trojanah	O
..	O

:d	O
detox	O
s	O
solato	O
pa	O
smutiji	O
do	O
nedelje	O
.	O

cela	O
vahtnca	O
v	O
loki	O
je	O
frej	O
,	O
pa	O
se	O
2	O
gobcne	NORM
mtke	NORM
naparkirata	O
lih	NORM
zravn	NORM
mene	O
.	O

@prinasalkazlata	O
:)	O
@vinkovasle1	O
tw	NORM
je	O
poln	O
točno	O
tistga	NORM
zarotniškga	NORM
vzdušja	O
,	O
kot	O
so	O
ga	O
udbeki	O
fantaziral	NORM
@bolfenk1	O
@katjusa12	O
@revijareporter	O

ma	O
tole	O
je	O
pa	O
res	O
vredno	O
diskurza	O
...	O

:-(	O

serijo	O
bom	O
vseen	NORM
kupla	NORM
.	O

je	O
pa	O
kislo	O
avtorja	O
apriori	NORM
napadat	NORM
zarad	NORM
naslova	O
.	O

tadrug	NORM
.	O

nej	NORM
se	O
mi	O
kksn	NORM
javi	O
rada	O
bi	O
mela	NORM
enga	NORM
douzga	NORM
u	NORM
svoji	O
pizdi	O
:$	O

@donfarfezi	O
@jureflux	O
jst	NORM
bi	O
na	O
primer	O
pocaku	NORM
vsej	NORM
se	NORM
kaksen	NORM
teden	O
...	O

o	O
teh	O
vedno	O
razmišljam	O
.	O

tinček	O
je	O
imel	O
strica	O
v	O
ozadju	O
.	O

dej	NORM
si	O
poglej	O
kašn	NORM
gol	O
je	O
dal	O
alaba	O
...	O

med	O
drugim	O
ste	O
me	O
lepo	O
utiskal	NORM
tko	NORM
da	O
bo	NORM
kr	NORM
nehal	O
pokat	NORM
buce	NORM
...	O

100	O
m	O
od	O
bloka	O
sm	NORM
našla	O
'	O
pljeskavice	NORM
in	O
čevapi	O
'	O
.	O

#fb	O
#spiski	O

zepppelin	NORM
je	O
nastal	O
iz	O
flowrja	O
,	O
pol	NORM
pa	O
pivotal	O
v	O
databox	O

un	NORM
z	O
odprtim	O
gobcem	O
je	O
res	O
nagravžen	O
!	O

:o)	O

ta	O
star	O
bi	O
..	O

očitno	O
mam	NORM
zdej	NORM
tri	O
razloge	O
da	O
med	O
polčasom	O
pridem	O
pozdravt	NORM
@maticslapsak	O

a	O
ti	O
gresta	O
maraton	O
in	O
franja	O
tud	NORM
na	O
zivce	NORM
?	O

kolk	NORM
?	O

men	NORM
prej	O
pr	NORM
stran	NORM
grejo	O
,	O
k	NORM
pa	O
zadi	NORM
.	O

in	O
popravek	O
"	O
na	O
voljo	O
nas	O
imate	O
brezplacno	NORM
"	O

@urskasoncek	O
sj	NORM
to	O
razumm	NORM
.	O

zanima	O
me	O
tudi	O
kako	O
zahtevne	O
se	O
vam	O
zdijo	O
najlepša	O
hvala	O
in	O
ostanite	O
v	O
cvetju	O

ne	O
,	O
ne	O
cenm	NORM
tega	O
,	O
da	O
že	O
dva	O
dni	O
zapored	O
dopoldne	O
nimamo	O
vode	O
in	O
da	O
nas	O
o	O
tem	O
nihče	O
ni	O
obvestil	O
.	O

ok	O
back	O
to	O
topic	O
!!!!!	O

@kalamitykat	O
ne	O
,	O
matr	NORM
.	O

potem	O
pa	O
,	O
upajmo	O
,	O
da	O
bo	O
gmah	O
.	O

človek	O
bi	O
pomislil	O
,	O
da	O
je	O
med	O
inšpekcijo	O
in	O
temi	O
iznajdljivimi	O
firmami	O
nekakšna	O
sprega	O
...	O

spet	O
zapornik	O
prbija	NORM
/	O
facepalm	O

@multikultivator	O
@petraslanic	O
uu	O
,	O
zdej	NORM
še	O
ne	O
bo	O
megleno	O
,	O
ampak	O
jack	O
the	O
ripper	O
walk	O
v	O
megli	O
je	O
fenomenalen	O
ker	O
majo	NORM
super	O
vodiče	O
:)	O

@tretji	O
plus	O
ne	O
izgublaš	NORM
časa	O
z	O
iskanjem	O
prevodov	O
strokovnih	O
terminov	O
in	O
če	O
je	O
dobr	NORM
narjena	NORM
,	O
jo	O
lah	NORM
v	O
tujino	O
pošleš	NORM
kot	O
dokaz	O
,	O
da	O
si	O
sposobn	NORM

@jirikocica	O
@krtmen	O
pol	NORM
so	O
bli	NORM
pa	O
tko	NORM
razumni	O
..	O

v	O
največjem	O
klancu	O
sm	NORM
ga	O
hotu	NORM
obrnt	NORM
za	O
180	O
°	O
in	O
ni	O
ratal	NORM
,	O
pol	NORM
pa	O
spelat	NORM
gor	O
!	O

se	O
slismo	NORM
po	O
koncu	O
naslednje	O
serije	O
.	O

kumi	NORM
je	O
ratal	NORM
\o/	O

prijavaila	NORM
bi	O
14-letno	O
dekle	O
.	O

@petra_jansa	O
@lisaminausa	O
@matevznovak	O
@ap	O
@alizerdin	O
a	O
to	O
tist	NORM
ali	O
??	O

vlade	O
se	O
menjajo	O
,	O
kahla	O
pa	O
ostaja	O
in	O
bo	O
ostal	O
na	O
vekomaj	O
....	O

@svobodablog	O
čist	NORM
razumem	O
^^	O

hvala	O
!	O

uzela	NORM
sem	O
jo	O
drugi	O
dan	O
menstruacije	O

lp	O

@gobafunk	O

če	O
pa	O
bo	O
kda	NORM
pa	O
boga	NORM
js	NORM
:)	O

@larapotocar	O
@laraulavidrih	O
seriously	O
?????	O

po	O
sirizi	O
in	O
pro-ruskem	NORM
teroristu	O
iz	O
ukrajine	O
..	O

v	O
3	O
+	O
letih	O
in	O
cca.	O
10.000	O
ljudi	O
,	O
ki	O
jim	O
sledim	O
,	O
še	O
nisem	O
doživel	O
tega	O
.	O

lep	O
pozdrav	O

ena	O
taka	O
financorožarska	O
patri/a/otska	O
četica	O

pazte	NORM
se	O
ga	O
!	O

čez	O
pa	O
dj	NORM
(	O
tekaško	O
?	O
)	O
majco	NORM
pa	O
hlače	O
če	O
jih	O
rabš	NORM
(	O
ne	O
vem	O
kakšne	O
kopalke	O
maš	NORM
)	O
.	O

@mat3ja	O
@jure_bajic	O
uff	O
,	O
pa	O
smo	O
tam	O
..	O

fora	O
je	O
,	O
da	O
je	O
to	O
kao	O
percepcija	O
korupcije	O
by	O
managers	O
.	O

zadišalo	O
po	O
morju	O
....	O

sem	O
bil	O
prepričan	O
da	O
boš	O
dal	O
kable	O
v	O
plastične	O
požirke	O
?	O

tlakovci	O
so	O
že	O
zeleni	O
,	O
vsi	O
plevelčki	O
razcveteni	O
.	O

najboljš	NORM
,	O
da	O
sm	NORM
kar	O
tih	NORM
.	O

hja	O
,	O
ce	NORM
hocmo	NORM
met	NORM
domaco	NORM
zelenjavo	O
je	O
treba	O
tud	NORM
na	O
vrt	O
it	NORM
.	O

@sillyinnervoice	O
jaz	O
sem	O
vse	O
vzgojila	O
.	O

obstaja	O
kakšna	O
možnost	O
,	O
da	O
bi	O
jih	O
spoznou	NORM
po	O
nastopu	O
?	O

svašta	O

@kungfucij	O
amm	O
...	O

@ambrofuzbal	O
@zabartma	O
@kruhinvino	O
@masta_84	O
@barcastuff	O
@championsleague	O
dobr	NORM
neki	NORM
je	O
lastništvo	O
neki	NORM
pa	O
sponzor	O
na	O
dresih	O
#premal	O
#dajejo	O

nekaj	O
minut	O
podpisoval	O
na	O
robu	O
odra	O
...	O

yeah	O
,	O
that'd	O
be	O
great	O
.	O

ivanu	O
bodo	O
zamrznili	O
mandat	O
?	O

jaz	O
bom	O
samo	O
zasluge	O
pobral	O
ko	O
bo	O
fertik	O
.	O

@petrasa1	O
verjetno	O
je	O
pooblascena	NORM
tud	NORM
na	O
racunih	NORM
na	O
cipru	O
....	O
zato	O
bo	O
mogla	O
dvignat	NORM
ddv	O
.	O

samo	O
bi	O
rad	O
bil	O
malo	O
fray	NORM
...	O

in	O
sicer	O
paket	O
dvojka	O
.	O

verjetn	NORM
bi	O
šolniki	O
znali	O
kaj	O
rečt	NORM
na	O
tole	O
:)	O

ta	O
stori	O
je	O
zmenjen	O
že	O
prej	O
.	O

@jssmrenton	O
@russhie	O
uradni	O
list	O
,	O
http://t.co/fjnbj1fddn	O
itd.	O

:)	O
...	O

@leaathenatabako	O
tud	NORM
to	O
ne	O
bo	O
šlo	O
:-)	O

ist	NORM
cajt	O
pa	O
na	O
js	O
ko	NORM
trakulja	O
.	O

vceri	NORM
je	O
bil	O
en	O
serious	O
raid	O
corruption	O
,	O
in	O
se	O
page	O
servira	O
iz	O
enga	NORM
starga	NORM
cache-a	O
.	O

organizator	O
jaz	O
haha	O
..	O

lani	O
je	O
bil	O
parkrat	O
.	O

ej	O
drgač	NORM
pa	O
@mllevu	O
@mamtakokosalome	O
@kartaprticek	O
tole	O
zveni	O
kot	O
nekaj	O
kar	O
bi	O
lahko	O
blo	NORM
vsem	O
nam	O
všeč	O
..	O

@idejan83	O
sej	NORM
se	O
lahk	NORM
prefinjeno	O
obnašam	O
ampak	O
smeh	O
pa	O
zaenkrat	O
še	O
ni	O
nedovoljen	O
oz	NORM
neprefinjeno	O
dejanje	O
...	O

drgac	NORM
pa	O
ok	O
.	O

matr	NORM
ste	O
pametni	O
..	O

hecn	NORM
:d	O

@irenasirena	O
hehe	O
.	O

tale	O
konkretno	O
:	O
zoey	O
kako	O
zboleti	O
?	O

na	O
koncu	O
bomo	O
sprašval	NORM
pr.	O
ek	O
,	O
da	O
naj	O
izbere	O
pr.	O
vlade	O
rs	O
al	NORM
kak	NORM
?	O

s	O
titekom	O
na	O
čelu	O
...	O

@erikaplaninsec	O
na	O
cenik	O
se	O
js	NORM
nikol	NORM
ne	O
oziram	O
.	O

@peropan1	O
*	O
šla	O
poguglat	O
*	O

hvala	O
!	O

mislm	NORM
,	O
da	O
me	O
je	O
mali	O
zizek	NORM
prehiteu	NORM
v	O
mojem	O
znanju	O
matematike	O
.	O

spoštovani	O
!	O

smučanje	O
je	O
čudovit	O
šport	O
..	O

najdete	O
jih	O
tudi	O
v	O
spletni	O
trgovini	O
;	O
www.pletenje.eu	O

http://t.co/atpgk9yxtk	O

@uros_m	O
drugač	NORM
pa	O
če	O
je	O
basic	O
sajt	O
,	O
lohk	NORM
ponucaš	O
@dropbox	O
namest	NORM
gostovanja	O
.	O

@rgrilec	O
imaš	O
vse	O
zadnje	O
update	O
?	O

najprej	O
modre	O
črte	O
,	O
zdej	NORM
mi	O
interactions	O
ne	O
folgajo	O
,	O
app	O
ima	O
krizo	O
identitete	O
in	O
ne	O
prikzuje	NORM
fotk	O
...	O

kaj	O
pa	O
sziget	O
festival	O
,	O
to	O
se	O
pri	O
nas	O
ne	O
pozna	O
najbolj	O
.	O

ops	O
:	O
asenna	O
:	O
da	O
ti	O
se	NORM
jes	NORM
mal	NORM
"	O
reklame	O
"	O
nardim	NORM

tožilec	O
se	O
bo	O
na	O
finskem	O
pritožil	O
!	O

“	O
@megafotr	O
:	O
+1	O
drgač	NORM
tud	NORM
ekskluzivni	O
prevoznik	O
za	O
@umek_1605	O

ko	O
se	O
usmradijo	O
jih	O
fliknes	NORM
stran	O
...	O

pozdrav	O
v	O
sfk	O
!	O

zdej	NORM
se	O
mi	O
pa	O
nč	NORM
ne	O
da	O
...	O

še	O
zmer	NORM
je	O
ful	O
downeyju	O
podoben	O
!	O

možbrezženebrezotrok	O
,	O
glasuj	O
,	O
kakor	O
te	O
je	O
volja	O
.	O

veliko	O
hujše	O
zmerjanje	O
kot	O
razglasiti	O
nekoga	O
za	O
bedaka	O
,	O
bi	O
rekel	O
.	O

5.	O

proti	O
dubrovniku	O
;))	O
#beautifulnature	O
#croatia	O
#travel	O
#sea	O
http://t.co/rxsvlvznpv	O

samo	O
imam	O
že	O
tako	O
v	O
soboto	O
tolko	NORM
dela	O
doma	O
(	O
ker	O
odkrat	NORM
rihtamo	O
v	O
ozeljanu	O
sem	O
čist	NORM
zanemarla	NORM
bajto	O
v	O
gorici	O
)	O
,	O
da	O
sem	O
jo	O
rajš	NORM
kar	O
naročila	O
.	O

@iztokgartner	O
not	NORM
so	O
šli	O
tisti	O
ki	O
so	O
mel	NORM
karte	O
.	O

@savicdomen	O
iz	O
mojih	O
12	O
+	O
let	O
izkušenj	O
ti	O
lahko	O
povem	O
,	O
da	O
je	O
bla	NORM
ločitev	O
ful	O
bolj	O
simpl	O
.	O

#madeinrussia	O

poklices	NORM
kolega	O
ki	O
te	O
ne	O
pusti	O
na	O
cedilu	O
...	O

kostin	O
....	O

glede	O
na	O
to	O
,	O
da	O
precej	O
rada	O
rišem	O
,	O
sem	O
s	O
sabo	O
prnesla	NORM
čist	NORM
premal	NORM
skicirk	O
.	O

problem	O
je	O
v	O
tem	O
,	O
da	O
bruseljski	O
birokrati	O
,	O
ki	O
pač	O
delajo	O
vse	O
v	O
dobro	O
finančnih	O
oligarhov	O
,	O
ubijajo	O
domačo	O
potrošnjo	O
,	O
ki	O
je	O
ne	O
more	O
nadomestiti	O
noben	O
izvoz	O
na	O
kitajsko	O
,	O
indijo	O
ali	O
brazilijo	O
.	O

ti	O
pa	O
živiš	O
si	O
v	O
iluziji	O
vsakodnevnega	O
celodnevnega	O
bluzenja	O
in	O
sedenja	O
ob	O
računalniku	O
(-̮̮̃•̃)	O

ko	O
so	O
mene	O
jebali	O
ni	O
blo	NORM
nobenega	O
nikjer	O
,	O
še	O
za	O
odvetnike	O
ni	O
blo	NORM
dnarja	NORM
.	O

@masabutara	O
ja	O
,	O
me	O
je	O
kr	NORM
mal	NORM
špiknil	NORM
...	O

tudi	O
second	O
hand	O
trgovine	O
so	O
tam	O
.	O

a	O
je	O
videl	O
casperja	O
?	O

če	O
se	O
pa	O
še	O
smejim	O
zraven	O
,	O
je	O
pa	O
itak	O
gotov	O
;)	O

naj	O
nekdo	O
vpraša	O
@klemenslakonja	O
če	O
ve	O
,	O
kako	O
se	O
reče	O
#jebellacesta	O
po	O
slovensko	O
:	O
reče	O
se	O
#dougcajt	O
:)	O

samo	O
san	NORM
več	O
nej	NORM
mislo	NORM
te	NORM
teden	O
za	O
meso	O
zapravlati	NORM
,	O
temveč	O
raje	O
na	O
bon	O
jesti	O
saki	NORM
den	NORM
.	O

tok	NORM
sem	O
napsihirana	O
zard	NORM
teh	O
dijet	NORM
,	O
da	O
tud	NORM
piškotkov	O
na	O
internetu	O
ne	O
upam	O
potrdit	NORM
.	O

hahah	O
#funnyfact	O

no	O
,	O
da	O
bomo	O
vedeli	O
o	O
čem	O
tu	O
teče	O
beseda	O
......	O

to	O
sem	O
js	NORM
sphotoshopov	NORM
a	O
je	O
zdj	NORM
kej	NORM
bolš	NORM

vse	O
zločinske	O
firme	O
prodat	NORM
v	O
nemcem	O
.	O

super	O
je	O
.	O

#happyvegetarian	O
🌱	O

se	O
mi	O
zdi	O
da	O
ga	O
reklamirate	O
zastonj	O
?	O

če	O
je	O
komu	O
ušeč	NORM
ta	O
komad	O
od	O
črne	O
gore	O
,	O
k	NORM
ga	O
spamajo	O
čez	O
cel	O
facebooku	O
,	O
naj	O
se	O
izpiše	O
u	NORM
glasbe	O
.	O

@nusapavlic	O
ne	O
vem	O
če	O
bo	O
iz	O
te	O
moke	O
kej	NORM
kruha	O
...	O

vam	O
normalnim	O
nea	NORM
bom	O
nič	O
računal	O
..	O

ker	O
te	O
boli	O
prst	O
na	O
nogi	O
si	O
ga	O
odstreli	O
s	O
pištolo	O
!	O

hopkins	O
win	O
shows	O
mastery	O
of	O
craft	O
http://t.co/t98g789i5v	O
še	O
je	O
čas	O
za	O
poklicno	O
spremembo	O
tudi	O
za	O
nas	O
z	O
malo	O
nižjim	O
emšom	O
.	O

letos	O
pa	O
bi	O
lahko	O
miyazakijev	O
#windrises	O

hh	O
:d	O

hribar	O
&amp;	O
novkovič	O
gzs	O
sta	O
že	O
na	O
poti	O
.	O

:)	O

:-))	O
...	O

hehe	O
,	O
tu	O
se	O
je	O
sestanek	O
ze	NORM
blizal	NORM
koncu	O
in	O
smo	O
ze	NORM
vse	O
spili	O
;)	O
.	O

@simonliffe	O
aja	O
letos	O
sm	NORM
pa	O
res	O
pogrešu	NORM
kako	O
dobro	O
animiranko	O
.	O

hehe	O

@lajnar_eu	O
@rava__	O

jes	NORM
mam	NORM
herniju	NORM
diska	O
in	O
zaj	NORM
moram	O
na	O
opraciju	NORM
zanimam	NORM
me	O
kok	NORM
bom	O
meo	NORM
place	NORM
dok	O
sam	O
na	O
bolniski	NORM

@mihaplacnik	O
evo	O
,	O
spet	O
napaka	O
!	O

@alma	O
(	O
#12	O
)	O
:	O
ljubezen	O
.	O

saj	O
štekam	O
:	O
nč	NORM
ne	O
delate	O
,	O
ležite	O
na	O
plaži	O
..	O

druga	O
stran	O
medalje	O
iz	O
mojega	O
prejšnjega	O
tvita	O
.	O

;)	O

lp	O

zadnje	O
ankete	O
so	O
vse	O
pokazale	O
..	O

so	O
bli	NORM
sami	O
učitelji	O
smučanja	O
.	O

bi	O
blo	NORM
boljs	NORM
,	O
da	O
bi	O
kaksnega	NORM
lan	O
party	O
zasvojenca	O
dal	O
.	O

“	O
@ambrofuzbal	O
:	O
boljš	NORM
prej	O
k	NORM
kasnej	NORM
-	O
gremo	O
dam	NORM
!	O

limaš	O
,	O
trdiš	O
in	O
vračaš	O
kontra	O
komu	O
...	O

tist	NORM
k	NORM
si	O
kum	O
na	O
poroki	O
in	O
prids	NORM
nazaj	O
ob	O
6	O
zjutri	NORM
in	O
te	O
nasledn	NORM
dan	O
zbudijo	O
ob	O
10	O
da	O
pijes	NORM
rakijo	O
naprej	O
...	O

@ulavovk	O
ma	O
onmu	NORM
tipu	O
se	O
je	O
tud	NORM
usralo	O
.	O

spremljam	O
doma	O
.	O

bolje	O
1000	O
zadrogiranih	O
oblastnikov	O
kot	O
en	O
stoyan	O

pomoje	NORM
no	O
in	O
to	O
pod	O
hitno	O
;)	O

@puredestiny	O
@chatek	O
nene	NORM
,	O
headline	O
januarja	O
,	O
23	O
eur	O
.	O

spomenike	O
krast	NORM
.	O

ne	O
,	O
sej	NORM
...	O

@raaarghhh	O
v	O
pondelek	NORM
popoudnevi	NORM
san	NORM
priseu	NORM
nazaj	O
,	O
nejsan	NORM
se	NORM
sicer	O
v	O
lj	NORM
,	O
bom	O
kmalu	O
,	O
ampak	O
ostajan	NORM
do	O
5.	O
julij	O
,	O
tak	NORM
ka	NORM
lejko	NORM
naslednji	O
teden	O

&lt;3	O

elvir	O
maš	NORM
prou	NORM
.	O

bb	O
bi	O
moral	O
to	O
vedet	NORM

ko	O
gre	O
vse	O
navzdol	O
..	O
pa	O
naj	O
gre	O
do	O
kraja	O
.....	O

:)	O

:)	O
@allbriefs	O

in	O
ima	O
pravo	O
obutev	O
?	O

mitji	O
meršolu	O
,	O
ps	O
in	O
slovenskemu	O
parlamentu	O
v	O
razmislek	O
.	O

(	O
komej	NORM
čakam	O
)	O
in	O
o	O
morju	O
...	O

za	O
čedahuči	O
pa	O
šla	O
na	O
petrol	O
.	O

to	O
uglavnem	NORM
)	O
in	O
potem	O
naj	O
bi	O
se	O
spremenila	O
v	O
mars	O
(	O
v	O
puscavo	NORM
)	O

@oliva	O
točno	O
,	O
kot	O
si	O
zapisala	O
!	O

kobilčk	NORM
,	O
pejd	NORM
na	O
travnik	O
.	O

na	O
meji	O
slovenska	O
vas	O
so	O
že	O
par	O
dni	O
prej	O
skenslal	NORM
carinike	O
:)	O
.	O

tist	NORM
k	NORM
pokradeš	O
pol	O
slo	NORM
in	O
greš	O
k	O
šrinku	O
,	O
da	O
ti	O
napiše	O
na	O
pildk	NORM
:	O
jest	O
,	O
da	O
je	O
pun	O
,	O
ko	O
čarobnjak	O
ali	O
mozag	O
mu	O
pregorio	O
.	O

v	O
ljudeh	O
.	O

tako	O
kot	O
včeraj	O
se	O
še	O
vidimo	O
pred	O
sodiščem	O
.	O

jst	NORM
sm	NORM
taka	O
sentimentalna	O
duša	O
,	O
da	O
mi	O
gre	O
kljub	O
neotesanosti	O
in	O
pijanosti	O
maturantov	O
mal	NORM
na	O
jok	O
.	O

ona	O
:	O
"	O
ne	O
,	O
zakaj	O
bi	O
bla	NORM
js	NORM
živčna	O
?	O

@mihamale	O
@rtvslo	O
dej	NORM
se	O
zresn	NORM
,	O
na	O
vstajah	O
je	O
bilo	O
vsaj	O
100x	O
več	O
ljudi	O
ko	NORM
na	O
vašem	O
pogrebu	O
.	O

@ninnchy	O
ja	O
lej	NORM
,	O
mimgrede	NORM
se	O
česa	O
primeš	O
.	O

@njokifestival	O
eni	O
visoki	O
predstavniki	O
sklicateljev	O
seje	O
ki	O
so	O
me	O
blokeral	NORM
zarad	NORM
tazga	NORM
posta	O
pravjo	NORM
da	O
je	O
blo	NORM
to	O
kasnej	NORM
..	O
1970	O
.	O

sem	O
ti	O
rekel	O
,	O
da	O
ne	O
gre	O
z	O
baterijo	O
.	O

je	O
zmaga	O
v	O
podaljsku	NORM
kaj	O
manj	O
vredna	O
al	NORM
morjo	NORM
grki	O
zmagat	NORM
?	O

😄	O

:-))	O

@kajadraksler	O
no	O
tist	NORM
je	O
pa	O
sloh	NORM
groza	O
.	O

kpk	O
ze	NORM
pise	NORM
spise	O
,	O
zakaj	O
to	O
ni	O
problem	O
.	O

obetavno	O
,	O
res	O
.	O

časa	O
imaš	O
toliko	O
,	O
kolikor	O
si	O
ga	O
vzameš	O
,	O
samo	O
odločiti	O
se	O
moraš	O
komu	O
ga	O
boš	O
namenil	O
in	O
v	O
kolikšni	O
meri	O
.	O

@iztokx	O
@zerjavicdelo	O
hehee	O
elenka	O
od	O
pv	O
do	O
digitalnih	O
in	O
oh	O
in	O
sploh	O
inovacij	O
,	O
hee	O
,	O
da	O
se	O
ne	O
zarečem	O
..	O

mnogi	O
galantno	O
neuki	O
.	O

blo	NORM
luštn	NORM
.	O

;)	O

crazy	O
shit	O
i	O
say	O
:p	O

če	O
šeraš	O
slike	O
in	O
"	O
stickyje	O
"	O
bo	O
šlo	O
ornk	O
gor	O
.	O

tako	O
da	O
bo	O
to	O
krivo	O
.	O

@kasekae	O
@matevznovak	O
@ivajgl	O
ah	O
ta	O
ivajgl	O
!	O

@smolnikar	O
vau	O
,	O
vse	O
so	O
nama	O
uničl	NORM
...	O

@satyr	O
in	O
10	O
min.	O
pred	O
polnočjo	O
sem	O
hitr	NORM
celo	O
dal	O
bittorrent	O
client	O
dl	O
speed	O
na	O
"	O
unlimited	O
"	O
,	O
pa	O
glih	O
zdej	NORM
ni	O
blo	NORM
pravih	O
seeds	O
/	O
peers	O
!	O

@uros_m	O
ma	O
ja	O
,	O
sam	NORM
skeptičn	NORM
sm	NORM
glede	O
androida	O
in	O
teh	O
zadev	O
.	O

ce	NORM
bi	O
ujel	O
takrat	O
,	O
k	NORM
so	O
se	NORM
zbiral	NORM
sredstva	O
bi	O
blo	NORM
lih	NORM
super	O
.	O

sam	NORM
ne	O
poznam	O
tega	O
tko	NORM
da	O
res	O
nevem	NORM
.	O

success	O
is	O
liking	O
yourself	O
,	O
liking	O
what	O
you	O
do	O
,	O
and	O
liking	O
how	O
you	O
do	O
it	O
.	O

a	O
ti	O
si	O
90	O
letnik	O
?...	O

idiocracy	O
now	O
!	O

je	O
treba	O
prov	NORM
kako	O
staropramen	O
al	NORM
neki	NORM
v	O
tem	O
smislu	O
spit	NORM
.	O

pozdravljena	O
.	O

fffffff	NORM
:d	O

o	O
živjo	NORM
.	O

moški	O
del	O
perpetum	NORM
jazzile	O
je	O
odet	O
v	O
dohtarske	NORM
obleke	O
,	O
kažejo	O
srce	O
pa	O
aorte	O
...	O

@gajmirtic	O
yep	O
sj	NORM
mislm	NORM
da	O
so	O
se	NORM
tujci	O
hodil	NORM
gledat	O
v	O
kakšnih	O
telovadnicah	O
trenirajo	O
in	O
bli	NORM
šokirani	O
v	O
kakšnih	O
razmerah	O
dosegajo	O
kolajne	O

a	O
se	O
sam	NORM
js	NORM
mal	NORM
bedno	O
počutim	O
,	O
ker	O
mi	O
grejo	O
na	O
živce	O
serije	O
k	NORM
so	O
nam	O
ble	NORM
vsem	O
zakon	O
?	O

dare	O
,	O
hvala	O
za	O
tvoje	O
mnenje	O
!	O

(	O
baje	O
nič	O
takega	O
)	O
still	O
,	O
i	O
worry	O
.	O

@godavid7	O
kamera	O
ni	O
panike	O
,	O
recem	NORM
jaz	O
mojim	O
snemalcem	O
,	O
ce	NORM
pridejo	O
za	O
foro	O
:)	O

#mismomaribor	O
#championsleague	O

;)	O

dej	NORM
še	O
ti	O
odpri	O
kolumno	O
:d	O

evo	O
mojih	O
@zballe	O
http://t.co/f7em8whzsl	O

@r0k_b	O
isto	O
sm	NORM
jst	NORM
raznišlu	NORM
ko	O
sm	NORM
začeu	NORM
gledat	NORM
te	O
finalne	O
oddaje	O
.	O

hm	O
...	O

če	O
ima	O
janša	O
v	O
zaporu	O
dostop	O
do	O
neta	O
,	O
pol	NORM
grem	O
jst	NORM
tud	NORM
v	O
zapor	O
.	O

—	O
budale	O
bi	O
pobila	O
...	O

na	O
internetih	O
opazam	NORM
,	O
da	O
so	O
mnenja	O
deljena	O
(	O
5	O
-	O
10	O
let	O
ali	O
kar	O
celo	O
zivlj.	NORM
dobo	O
pnevmatike	O
)	O

un	NORM
siv	O
k	NORM
sm	NORM
ga	O
mel	NORM
,	O
a	O
veš	O
uno	NORM
je	O
blo	NORM
super	O
:)	O

js	NORM
sm	NORM
za	O
bubleja	O
kr	NORM
sprintala	O
sama	O
.	O

@bostjanjerko	O
ja	O
,	O
če	O
ma	NORM
mac	O
bash	O
bi	O
mogl	NORM
tud	NORM
tam	O
delat	NORM
..	O

se	O
mi	O
je	O
zdelo	O
malo	O
pretiho	O
:-)	O
#dodl	O
#hepan	O
#prošekpapir	O
http://t.co/lydhionhaa	O

slik	O
ne	O
bo	O
-	O
razn	NORM
unih	NORM
u	NORM
trenirkah	O

psiho	O
bebavi	O

(	O
cegle	O
sm	NORM
mogu	NORM
sam	O
kupit	NORM
;	O

za	O
slovenijo	O
bi	O
mogu	NORM
igrat	NORM
s	O
srcem	O
,	O
ne	O
pa	O
,	O
da	O
ga	O
mormo	NORM
še	O
prosit	NORM
.	O

kle	NORM
se	O
mi	O
pa	O
prov	NORM
ni	O
zdel	NORM
vredno	O
postavljat	NORM
predmetov	O
po	O
prostoru	O
in	O
iskat	NORM
prave	O
perspektive	O
.	O

po	NORM
leta	O
po	O
končanem	O
jemanju	O
lahko	O
zanosite	O
.	O

tak	NORM
dolgo	O
se	O
je	O
motovilil	O
rikverc	O
parkirat	NORM
,	O
da	O
ga	O
je	O
drug	O
prehitel	O
.	O

-	O
ura	O
je	O
7	O
,	O
tisina	NORM
.	O

da	O
ne	O
bi	O
šlo	O
kaj	O
v	O
nič	O
,	O
sem	O
med	O
celjenjem	O
glave	O
preuredila	O
še	O
en	O
ful	O
luškan	NORM
prostor	O
.	O

posoda	O
za	O
ptičke	O
pred	O
blokom	O
.	O

gospa	O
:	O
hehehe	O
mam	NORM
tolk	NORM
drobiža	O
sem	O
kr	NORM
mal	NORM
zagrabila	O
.	O

kako	O
ugasnt	NORM
to	O
sranje	O
?	O

ni	O
za	O
kaj	O
,	O
vedno	O
pripravljen	O
pomagat	NORM
!!	O

me	O
spomne	NORM
pred	O
enima	O
2	O
letoma	O
k	NORM
sem	O
šla	O
v	O
laško	O
,	O
pa	O
nisem	O
vedla	NORM
al	NORM
bom	O
pršla	NORM
al	NORM
ne	O
.	O

next	O
?	O

vsakič	O
ko	O
kej	NORM
kupim	O
na	O
@eventimsi	O
je	O
večje	O
sranje	O
.	O

jao	O
,	O
maja	O
bo	O
letos	O
svašta	O
.	O

vsen	NORM
pa	O
je	O
dobr	NORM
to	O
delat	NORM
čim	O
bolj	O
diskretno	O
,	O
če	O
pa	O
se	O
še	O
kdo	O
zakur	NORM
za	O
akcijo	O
pa	O
toliko	O
bolje	O
.	O

@vikend	O
in	O
kim	O
pa	O
kanye	O
sta	O
že	O
ful	O
v	O
pripravah	O
na	O
poroko	O
!	O

ti	O
kleptokap.	O
koministi	NORM
..	O

je	O
to	O
okej	O
??	O

si	O
prišel	O
nazaj	O
!	O

ja	O
,	O
vem	O
,	O
staršema	O
tud	NORM
ni	O
najbolj	O
fajn	O
.	O

oce	NORM
je	O
ze	NORM
2	O
leti	O
na	O
besedovnjaku	O
mama	O
je	O
pa	O
na	O
candy	O
crushu	O
in	O
flappy	O
birdu	O
.	O

je	O
ovadbe	O
dat	NORM
.	O

od	O
začetka	O
je	O
blo	NORM
obetavno	O
zaj	NORM
pa	O
je	O
avto	O
zanič	O

kako	O
taki	O
iz	O
avta	O
vn	NORM
pridejo	O
?	O

ne	O
to	O
sm	NORM
zarad	NORM
tebe	O
k	NORM
ti	O
je	O
vroče	O
.	O

naša	O
@umek_1605	O
in	O
@djmikevale	O
sta	O
spet	O
nominirana	O
za	O
idma	O
nagrado	O
.	O

lp	O
,	O
ž	NORM

@anzet	O
včer	NORM
pogledal	O
na	O
dušek	O
5	O
delov	O
married	O
.	O

kako	O
lahko	O
@lipko2013	O
hkrati	O
tvita	O
,	O
skrbi	O
za	O
vdušje	NORM
na	O
tekmah	O
,	O
hodi	O
po	O
mestu	O
in	O
še	O
meče	O
na	O
koš	O
na	O
triglavu	O
?	O

@visnya	O
@esterapremk	O
@_tadeja	O
@xursyx	O
haha	O
aja	O
sm	NORM
misla	NORM
da	O
znaš	O
:d	O

@markopavlisic	O
odkar	O
je	O
koprčan	O
zeznu	NORM
stvar	O
so	O
“	O
svetske	O
sile	O
“	O
privlekle	O
otota	O
in	O
prčkale	O
...	O

@anze00	O
eh	O
...	O

in	O
to	O
ne	O
more	O
biti	O
razlog	O
za	O
takšno	O
spremembo	O
družinske	O
zakonodaje	O
.	O

mah	O
...	O
ta	O
tompson	O
ma	NORM
prav	O
.....	O

@ninnchy	O
aja	O
...	O

fml	O
.	O

ja	O
avstrijci	O
imajo	O
točko	O
manj	O

@froggolina	O
uhh	O
..	O

vsi	O
izgovori	O
,	O
da	O
je	O
zj	O
kaj	O
zrusil	NORM
,	O
so	O
'	O
kr	NORM
neki	NORM
'	O
.	O

še	O
eno	O
:d	O

"	O
komot	O
,	O
jo	O
bom	O
jst	NORM
skuhala	O
"	O

hetfieldov	O
,	O
da	O
ne	O
bo	O
pomote	O
...	O

@bosstjanz	O
@mojcamars	O
@vanfranco	O
@matevzluzar	O
@praprotnik	O
@dnevnik_si	O
jaz	O
bi	O
tud	NORM
vedel	O
,	O
da	O
človeku	O
dam	O
vsaj	O
za	O
kavo	O
,	O
ker	O
mi	O
je	O
polepšal	O
dan	O
.	O

@acmant	O
res	O
škoda	O
.	O

še	O
klovne	O
pa	O
dohtarje	O
zownam	O
pa	O
bo	O
:d	O

do	O
računanja	O
nabrž	NORM
še	O
pridem	O
.	O

eni	O
ga	O
hvaljo	NORM
,	O
drugi	O
tkole	NORM
...	O

to	O
pomeni	O
,	O
da	O
so	O
si	O
lahko	O
nemci	O
kar	O
sami	O
okužili	O
kumare	O
s	O
svojim	O
kravjim	O
gnojem	O
,	O
po	O
katerem	O
te	O
dni	O
smrdi	O
cela	O
nemčija	O
in	O
širše	O
do	O
neba	O
!	O

žalostno	O
ampak	O
pri	O
taki	O
garnituri	O
ne	O
gre	O
drugače	O
.	O

kpk	O
stefaneca	NORM
?	O

blo	NORM
bi	O
mu	O
fajn	O
roko	O
stisnat	NORM
,	O
ce	NORM
bom	O
pa	O
sam	O
v	O
prvi	O
vrsti	O
,	O
bo	O
lih	NORM
tk	NORM
dobr	NORM
.	O

:)	O
http://t.co/egljgxecnm	O

toliko	O
da	O
lahko	O
kolko	NORM
tolko	NORM
normalno	O
oddajajo	O
.	O

#kenede	O

pa	O
na	O
alterju	O
vsi	O
sprašujejo	O
zaka	NORM
so	O
mu	O
vse	O
cote	O
prevelke	NORM
:)))))))))))))))))))))))))))))))))))))))))))))))))	O

@iztokgartner	O
ma	O
dva	O
dedca	O
cvekata	NORM
na	O
puno	NORM
,	O
vsi	O
ostali	O
smo	O
pa	O
htel	NORM
dremat	NORM
.	O

@svobodainodgnst	O
@assiski	O
tole	O
si	O
odlično	O
povzel	O
.	O

deluje	O
.	O

kdo	O
ga	O
bo	O
ce	NORM
ne	O
kriticna	NORM
javnost	O
...	O

indeed	O
.	O

ew	O
,	O
cheesy	O
.	O

a	O
da	O
sm	NORM
se	O
prkazava	NORM
?	O

@petrasovdat	O
kaj	O
čmo	NORM
.	O

mah	O
..	O

zato	O
vsa	O
ta	O
leta	O
all	O
ovr	NORM
the	O
world	O

@vitaminc_si	O
@petraslanic	O
no	O
...	O

enumalu	NORM
motjo	NORM
žice	O
..	O

:)	O

666	O
?	O

@multikultivator	O
kr	NORM
zanimiv	NORM
,	O
ceprov	NORM
mi	O
pa	O
zdj	NORM
ni	O
bilo	O
*	O
toook	NORM
*	O
dobr	NORM
oz	NORM
pri	O
enih	O
sem	O
pogresala	NORM
"	O
žmohtnost	O
"	O
pri	O
tekstu	O
,	O
d	NORM
bi	O
blo	NORM
bolj	O
zanimiv	NORM
:)	O

a	O
loh	NORM
kermu	NORM
pofafam	O
,	O
k	NORM
je	O
str	NORM
12	O
,	O
13	O
al	NORM
pa	O
14	O
?	O

kdo	O
pa	O
je	O
ajštajn	O
?	O

2x	O
je	O
biu	NORM
fail	O
,	O
pa	O
še	O
dobri	O
mi	O
niso	O
.	O

he	O
,	O
he	O
...	O

hahaha	O
..	O

medtem	O
,	O
ko	O
vsi	O
brenčite	O
o	O
stricih	O
,	O
mk	O
in	O
bp	O
jaz	O
razmišljam	O
le	O
o	O
#gaza	O
.	O

kr	NORM
naj	O
pošljejo	O
rusi	O
vojsko	O
,	O
da	O
tele	O
amreričane	NORM
na	O
realna	O
tla	O
postavjo	NORM

super	O
,	O
daj	O
povej	O
vse	O
,	O
še	O
kako	O
podrobnost	O
in	O
to	O
,	O
bo	O
zanimivo	O
prebrat	NORM
;)	O

aja	O
,	O
čak	NORM
mal	NORM
...	O

punce	O
:)	O

@iebergant	O
če	O
ga	O
pa	O
,	O
mu	O
pade	O
cena	O
kar	O
pomeni	O
da	O
ga	O
liverpool	O
ne	O
bo	O
prodal	O
v	O
barco	O
,	O
.	O

marš	O
u	NORM
pizdu	NORM
matr	NORM
!!!	O

jaz	O
sem	O
še	O
vedno	O
na	O
štajerskem	O
,	O
odrezana	O
od	O
sveta	O
in	O
skos	NORM
mi	O
neki	NORM
alko	O
ponujajo	O
.	O

#unfollow	O
#mute	O
#block	O

na	O
prvi	O
fotki	O
je	O
res	O
prava	O
dama	O
,	O
ki	O
čaka	O
na	O
obiskovalca	O
:))	O

ko	O
zgrešijo	O
vse	O
te	O
grimasa	NORM
...	O
občutiš	O
vse	O
breme	O
.	O

@blindluck88	O
@pontifex	O
pa	O
grega	O
pa	O
ka	NORM
te	O
je	O
no	O
?????	O

ozimnica	O
bo	O
dobra	O
v	O
drugi	O
zelenjavi	O
letos	O
,	O
na	O
zalost	NORM
.	O

hehe	O
,	O
elderpunk	O
,	O
ponovila	O
sva	O
isti	O
zzatipk	NORM
;)	O

@adokolenka	O
@jagoda879	O
@superwolke	O
@tomo999	O
@endonas	O
@urskitka	O
@gobafunk	O
tjah	O
..	O

(	O
tisti	O
,	O
ki	O
nadzirajo	O
medije	O
,	O
nadzirajo	O
duha	O
,	O
but	O
it's	O
not	O
the	O
same	O
v	O
slovenščini	O
)	O

@meeyamee	O
@lencicalenca	O
@lenci53	O
@maticslapsak	O
hiter	NORM
pozabiš	O
,	O
drgač	NORM
neb	NORM
blo	NORM
treh	O
.	O

dans	NORM
začenjava	O
s	O
kolegom	O
za	O
gasilce	O
koledarje	O
nosit	NORM
.	O

čez	O
poletje	O
bom	O
ukinil	O
še	O
gmail	O
in	O
čao	O
,	O
kekci	O
!	O

likard	O
....	O

mja	O
,	O
brez	O
taylorjeve	O
vrste	O
ce	NORM
se	O
le	O
da	O
.	O

dodatno	O
molzti	NORM
rajo	O
in	O
ji	O
nato	O
nazaj	O
,	O
v	O
obliki	O
"	O
sociale	O
"	O
,	O
deliti	O
drobtinice	O
.	O

mimgrede	NORM
:	O
kaj	O
ima	O
bb	O
,	O
da	O
se	O
mu	O
ne	O
odrečeš	O
in	O
zamenjaš	O
za	O
s3	O
?	O

najlepša	O
hvala	O
za	O
hitro	O
pomoč	O
!	O

wow	O
,	O
@24ur_com	O
so	O
z	O
izjemno	O
nenovico	O
še	O
malo	O
zasmradili	O
svoj	O
tv	O
program	O
.	O

a	O
kdo	O
ve	O
kje	O
jih	O
najdem	O
ali	O
se	O
spomnite	O
kakšnega	O
!	O

kaj	O
pravte	NORM
ali	O
ima	O
abs	O
,	O
esp	O
in	O
asr	O
vpliv	O
na	O
štirikolesni	O
pogon	O
,	O
oziroma	O
a	O
se	O
avto	O
kej	NORM
drgač	NORM
obnaša	O
če	O
ma	NORM
4x4	O
pogon	O
in	O
vse	O
te	O
pripomočke	O
?	O

boleč	O
hrbet	O
precej	O
učinkovito	O
zatre	O
razne	O
"	O
ne	O
bi	O
šla	O
še	O
dam	NORM
"	O
ideje	O
.	O

po	O
kakšnem	O
kriteriju	O
pa	O
je	O
potrebno	O
imeti	O
neposredni	O
prenos	O
dogajanja	O
pred	O
sodiščem	O
?	O

aaah	O
jes	NORM
sm	NORM
mev	NORM
z	O
mate	O
porpavca	NORM
zarad	NORM
enga	NORM
samga	NORM
suta	NORM
cist	NORM
zadn	NORM
dan	O
pouka	O
pred	O
pocitncam	NORM
:d	O

energetsko	O
sta	O
gluk.	O
in	O
fruk.	O
tam	O
tam	O
.	O

@mr_foto	O
zdej	NORM
si	O
pa	O
predstavljaj	O
,	O
da	O
to	O
naredi	O
zasebnik	O
.	O

pa	O
še	O
majči	O
je	O
dobla	NORM
veeelko	NORM
-	O
rd	O
:)	O

ja	O
?	O

@petrasovdat	O
"	O
maybe	O
yes	O
,	O
maybe	O
no	O
,	O
maybe	O
go	O
home	O
"	O
so	O
radi	O
rekli	O
šerpe	O
na	O
odpravi	O
na	O
annapurno	O
,	O
kadar	O
smo	O
jih	O
vprašali	O
,	O
če	O
bo	O
vreme	O
ok	O
.	O

tega	O
filma	O
pa	O
ne	O
bomo	O
gledal	NORM
se	O
mi	O
zdi	O
:)	O

:)	O

če	O
res	O
niste	O
imeli	O
spolnih	O
odnosov	O
,	O
lahko	O
brez	O
težav	O
nadaljujete	O
in	O
končate	O
zavojček	O
kot	O
je	O
to	O
običajno	O
..	O

vsa	O
čast	O
.	O

ze	NORM
uro	O
pa	O
pol	O
se	O
valjam	O
...	O

tud	NORM
kar	O
se	O
čiščenja	O
tiče	O
;)	O
@dejandular	O
@mladenprajdic	O
@lilayrose	O
@mihamarkic	O

ukradu	NORM
meti	O
rainer	O
''	O
mihaha	O
''	O
!	O

#salabajzerskagostilna	O

ali	O
je	O
kdo	O
slišal	O
podatke	O
o	O
vodnih	O
morskih	O
elektrarnah	O
na	O
vodne	O
tokove	O
...	O

aja	O
.	O

that	O
shit	O
is	O
played	O
out	O
:)	O

@selestenje	O
pomoje	NORM
mal	NORM
odvisn	NORM
tud	NORM
od	O
noge	O
.	O

skranji	NORM
obupi	O
desničarske	O
bande	O
.	O

sem	O
že	O
menjal	O
password	O
in	O
revokal	O
appe	O
.	O

@primozp	O
@perocaks	O
pojma	O
nimam	O
.	O

bazooka	O
!	O

@nelly_fox	O
@makarenca	O
moj	O
tud	NORM
včasih	O
čez	O
dan	O
to	O
dela	O
.	O

ti	O
ga	O
samo	O
čuvaj	O
in	O
varno	O
vožnjo	O
ti	O
želim	O
z	O
njim	O
.	O

sam	NORM
ta	O
ministrca	NORM
bi	O
si	O
pa	O
res	O
zaslužla	NORM
,	O
da	O
bi	O
ji	O
en	O
kvazi	NORM
na	O
uho	O
tulil	O
enako	O
kot	O
enemu	O
njenemu	O
'	O
neustreznem	NORM
'	O
predhodniku	O
.	O

tudi	O
o	O
udbi	O
pišejo	O
bolj	O
konkretno	O
.	O

@megafotr	O
heh	O
,	O
daleč	O
od	O
tega	O
.	O

@mmilena	O
bla	NORM
letos	O
prvič	O
in	O
sm	NORM
totalno	O
vzhičena	O
.	O

;-)	O
@e_nk_a	O
@martinvalic	O

sej	NORM
majo	NORM
debel	O
kožuh	O
,	O
jih	O
ne	O
zebe	O
;)	O

@matjazwinkler	O
ne	O
vem	O
.	O

tudi	O
sam	O
bil	O
prepričan	O
,	O
da	O
ne	O
pa	O
sem	O
ravno	O
danes	O
zvedel	O
,	O
da	O
baje	O
se	O
jih	O
še	O
.	O

ampak	O
v	O
knjigi	O
ni	O
piškotkov	O
.-)	O

nitalne	O
inovacije	O
z	O
računsko	O
podporo	O

@jerry_jernej	O
če	O
odmisliva	O
diskontne	O
nikjer	O
...	O

@_pikl	O
pravsaprav	NORM
ne	O
vem	O
,	O
ker	O
ga	O
she	NORM
nekaj	O
let	O
selo	NORM
malo	O
uporabljam	O
.	O

to	O
pa	O
ni	O
nič	O
drugega	O
,	O
kot	O
sem	O
trdil	O
jaz	O
!	O

jaz	O
sem	O
se	O
s	O
strani	O
svojega	O
psa	O
počutila	O
"	O
ljubljeno	O
"	O
točno	O
2x	O
:d	O

sami	O
vitezi	O
in	O
kneginje	O
okol	NORM
.	O

-	O
zato	O
pa	O
ne	O
dela	O
#sigh	O

žlahta	O
,	O
kadrovnik	O
,	O
služba	O
-	O
pa	O
stari	O
,	O
to	O
je	O
korupcija	O
!	O

se	O
ga	O
prow	NORM
mal	NORM
bojim	O
.	O

hvala	O
:)	O
in	O
dobrodošla	O
!	O

to	O
je	O
za	O
sedet	NORM
.....	O

sorry	O
vsem	O
,	O
upam	O
,	O
da	O
ga	O
se	NORM
kdo	O
drug	O
ne	O
stakne	O
#virus	O

:-)	O

branka	O
....	O
ja	O
no	O
...	O

@mmarinci	O
kr	NORM
take	O
:o	O

in	O
tud	NORM
ps	O
so	O
masovno	O
volil	NORM
zdej	NORM
pa	O
pluvajo	NORM
po	O
ab	O
....	O

wtf	O
!	O

vidim	O
da	O
so	O
me	NORM
komentatorji	O
tudi	O
majerji	O
,	O
agresivni	O
kot	O
sam	O
hu	NORM
!	O

žvau	NORM
mora	O
trpet	NORM
!!	O

@cikibucka	O
@glastrebnje	O
@slsanja	O
@tojevojna	O
tud	NORM
ta	O
stari	O
že	O
razmišljamo	O
,	O
pa	O
naj	O
komiji	O
ostanejo	O
v	O
svoji	O
severni	O
koreji	O
#pametenodneha	O

by	O
katarina	O
@spasteater	O
&amp;	O
ko-ko-komedija	O

zagor	O
te	O
nej	O
,	O
pluton	O
,	O
alan	O
ford	O
,	O
jaka	O
racman	O
,	O
kapetan	O
mark	O
,	O
zvitorepec	O
,	O
conan	O
,	O
miki	O
miška	O
,	O
žalostna	O
sova	O
,	O
tom	O
in	O
jerry	O
,	O
srebrni	O
letač	O
,	O
popaj	O
,	O
blek	O
stena	O
...	O

ali	O
imaš	O
kakšne	O
para-sposobnosti	NORM
?	O

prosim	O
za	O
rt	O
!	O

@jjansasds	O
@francbrezniksds	O
@strankasd	O
@pozitivnaslo	O
@strankasds	O
nevem	NORM
kdo	O
hodi	O
v	O
rovte	O
in	O
casti	NORM
domobrance	O
ki	O
sodelovali	O
s	O
hitlerjem	O

@chatek	O
heart	O
attack	O
ne	O
?	O

zdej	NORM
pa	O
morjo	NORM
upat	NORM
na	O
nas	NORM
poraz	O
,	O
ki	O
ga	O
ne	O
bo	O
.	O

ni	O
jim	O
všeč	O
moj	O
xxx@siol.net	O
naslov	O
ki	O
ga	O
imam	O
že	O
10	O
let	O
.	O

good	O
night	O
and	O
good	O
luck	O
!	O

a	O
veš	O
uno	NORM
ko	O
iščeš	O
ulico	O
no	NORM
zemljevidu	O
in	O
jo	O
vpišeš	O
v	O
google	O
translate	O
namesto	O
v	O
maps	O
in	O
povrhu	O
vsega	O
še	O
buliš	NORM
v	O
prevod	O
:)	O
#fail	O

pravlce	NORM
pa	O
realnost	O
ornk	O
loči	O
...	O

@roganmatevz	O
matevž	O
oprosti	O
ker	O
nism	NORM
vidu	NORM
tega	O
:d	O
:s	O

(	O
internet	O
search	O
)	O
jesus	O
christ	O
.	O

no	O
jaz	O
sm	NORM
obračal	O
sub	O
,	O
na	O
vse	O
možne	O
načine	O
,	O
pa	O
isti	O
drek	O
!	O

mala	O
potrebnica	O
piši	O
na	O

raje	O
jih	O
imam	O
,	O
če	O
gundžajo	O
-	O
so	O
vsaj	O
pristni	O
;)	O

sj	NORM
sm	NORM
reku	NORM
:	O
stacionarc	NORM
..	O

no	O
,	O
mislim	O
,	O
da	O
je	O
celtic	O
pravi	O
za	O
celjenje	O
ran	O
;-)	O

@vavkatja	O
točno	O
tako	O
:)	O

@aleksandertusek	O
sam	NORM
res	O
.	O

pa	O
sej	NORM
punčka	O
ne	O
ve	O
kaj	O
delajo	O
sošolci	O
na	O
wc-ju	O
;)	O

boljs	NORM
da	O
ne	O
dobim	O
junaka	O
,	O
ki	O
je	O
to	O
naredil	O
!	O

a	O
sm	NORM
že	O
povedala	O
,	O
da	O
imam	O
praktično	O
že	O
pol	O
diplomske	O
narjene	NORM
ker	O
lahko	O
nadgradim	O
seminarsko	O
nalogo	O
??	O

očitno	O
mi	O
je	O
nekdo	O
shekal	O
twitter	O
account	O
.	O

dermatološka	O
ambulanta	O
jurčkova	O
cesta	O
231	O
,	O
ljubljana	O

@klemenhumerca	O
js	NORM
se	O
pa	O
nikakor	O
ne	O
morem	O
navadit	NORM
da	O
bi	O
laufu	NORM
s	O
telefonom	O
.	O

;d	O

busy	O
dan	O
,	O
ubistvu	NORM
teden	O
....	O

@lazarjevpolzek	O
uff	O
slab	O
dan	O
:/	O

meni	O
je	O
kunec	O
poginil	O

trije	O
smo	O
v	O
isti	O
stotinki	O

@nejcd	O
@bizmar	O
se	O
posipam	O
s	O
pepelom	O
:)	O
.	O

dopoldan	O
5+	O
km	O
po	O
barju	O
,	O
popoldan	O
5+	O
km	O
na	O
kodeljevem	O
.	O

a	O
mi	O
lahko	O
kdo	O
prosim	O
poda	O
definicijo	O
za	O
sveženj	O
v	O
slovenščini	O

strah	O
je	O
eno	O
najmočnejše	O
čustvo	O
,	O
ki	O
ga	O
niti	O
ni	O
tako	O
težko	O
prebuditi	O
pri	O
ljudeh	O
.	O

@katarinacas	O
se	O
strinjam	O
,	O
mislim	O
da	O
je	O
to	O
točno	O
to	O
...	O

@gospod_profesor	O
o	O
bože	O
moj	O
..	O

tud	NORM
vizualno	O
http://t.co/kvh43fq3rj	O

ok	O
tisto	O
so	O
škoti	O

a	O
bi	O
mogoče	O
rabu	NORM
glih	O
tok	NORM
energije	O
k	NORM
se	O
pr	NORM
e	O
je	O
mc	O
na2	NORM
proizvede	O
?	O

ratt	O
-	O
i	O
want	O
a	O
woman	O
^^	O

sodeč	O
po	O
opisu	O
tw	NORM
profila	O
je	O
@zorandela	O
še	O
vedno	O
predsednik	O
ps	O
.	O

hvala	O

tam	O
okol	NORM
160	O

in	O
ja	O
..	O
strinjam	O
zmer	NORM
bl	NORM
bo	O
poberal	NORM
baterijo	O
..	O

moj	O
je	O
pač	O
matt	O
,	O
tennant	O
takoj	O
za	O
njim	O
.	O

...	O
nažalost	NORM
bt	O
in	O
wifi	O
uporabljata	O
podoben	O
frekvenčni	O
razpon	O
in	O
se	O
to	O
zna	O
zgoditi	O
...	O

@urkez	O
@antares_91	O
k	NORM
bojo	O
pa	O
spet	O
moje	O
taprave	NORM
jesenice	O
je	O
pa	O
zlo	NORM
mal	NORM
stvari	O
,	O
k	NORM
jih	O
neb	NORM
nardila	NORM
za	O
to	O
,	O
da	O
bi	O
sla	NORM
lahko	O
na	O
hokej	O
.	O

švoh	O
pet	O
dek	O
!	O

je	O
tipičen	O
produkt	O
človeka	O
,	O
ki	O
ima	O
ali	O
zmedene	O
misli	O
,	O
ali	O
ki	O
hoče	O
nepoučene	O
zavajati	O
z	O
nebulozno	O
pompoznostjo	O
.	O

delujoča	O
povezava	O
:)	O

karavan	O
je	O
spodoben	O
,	O
nos	O
pa	O
preveč	O
spominja	O
na	O
c5	O
.	O

hahahahahahaaa	O
..	O

tu	O
se	O
skriva	O
pikettyjeva	O
šlamastika	O
.	O

težave	O
modernega	O
sveta	O
.	O

:d	O

《	O
dnar	NORM
je	O
!	O

h	O
je	O
prevec	NORM
...	O

@jureflux	O
tm	NORM
okol	NORM
3	O
si	O
vabljen	O
na	O
kavo	O
,	O
islandski	O
snopc	NORM
,	O
slivov	O
strudl	NORM
,	O
potopisno	O
predavanje	O
islandija	O
in	O
druzbo	NORM
moje	O
druzine	NORM
;)	O

ok	O
,	O
tw	NORM
ni	O
za	O
to	O
..	O

in	O
kako	O
si	O
potem	O
razlagaš	O
moj	O
stavek	O
:	O
odgovornost	O
prevzamemo	O
tisti	O
hip	O
,	O
ko	O
zavestno	O
zanemarimo	O
svarilna	O
znamenja	O
.	O

:)	O

upam	O
,	O
da	O
so	O
vsaj	O
dobre	O
kvalitete	O
(	O
hitro	O
oceno	O
pa	O
swatche	O
)	O
:)	O

bom	O
bom	O
,	O
pa	O
drugače	O
verjameš	O
v	O
smrkce	O
?	O

end	NORM
ol	NORM
pipl	NORM
hev	NORM
tu	NORM
nov	NORM
de	NORM
rizons	NORM
:	O

@petra_jansa	O
nej	NORM
nej	NORM
...	O

*	O
6-ič	O
zarolajo	O
posnetek	O
*	O

za	O
turizem	O
ne	O
rabiš	O
poguma	O
.	O

poklič	NORM
al	NORM
pa	O
sms	O
posl	NORM
k	NORM
mas	NORM
cs	NORM

le	O
da	O
bodo	O
to	O
videli	O
samo	O
tisti	O
,	O
ki	O
to	O
itak	O
že	O
od	O
prej	O
razumejo	O
!	O

sm	NORM
str	NORM
18	O
let	O
že	O
10	O
let	O
drkam	O
pa	O
je	O
dolg	O
31	O
cm	O

res	O
se	O
je	O
včas	NORM
bojš	NORM
v	O
kako	O
pravljico	O
zatečt	NORM
;)	O
:)	O

@meownever	O
napiši	O
na	O
google	O
prevoz	O
na	O
letališče	O
treviso	O
..	O

@rolbek	O
mah	O
kolen	NORM
mi	O
"	O
klika	O
"	O
in	O
pol	NORM
po	O
nekem	O
cajtu	O
me	O
začne	O
bolet	NORM
...	O

"	O
kva	NORM
je	O
to	O
za	O
en	O
hudič	O
,	O
program	O
?	O
"	O

@lavkeri	O
@duledoz	O
@kauro1	O

ma	O
mene	O
vedno	O
moti	O
,	O
ker	O
si	O
te	O
nekdo	O
kar	O
začne	O
prisvajati	O
.	O

se	O
bodo	O
scene	NORM
telefoniranja	O
zvišale	O
?	O

@ursicdomen	O
vsi	O
si	O
vzamejo	O
2	O
leti	O
bufferja	O
in	O
tako	O
je	O
prav	O
.	O

@realest_baller	O
ja	O
in	O
?	O

imam	O
2010	O
renault	O
clio	O
grandtour	O
1.2	O
74	O
kw	O
.	O

@jozebiscak	O
@jernejpavlin	O
@matevznovak	O
@markosket	O
@gregortrebusak	O
bišči	O
,	O
ene	O
tri	O
kadre	O
si	O
švoh	O
osvetlil	O
.	O

@japlov86	O
@maticcot	O
midva	O
sva	O
saj	NORM
probala	O
,	O
ne	O
pa	O
tko	NORM
k	NORM
eni	O
pussyji	O
k	NORM
kao	O
vozjo	NORM
v	O
resnic	NORM
si	NORM
pa	O
od	O
daleč	O
opazoval	NORM
nanje	NORM
elegantne	O
gibe	O
!	O

le	O
kako	O
nj	NORM
se	NORM
te	O
besede	O
zapovnem	NORM
,	O
pesem	O
bom	O
iz	O
njih	O
sestavla	NORM
!	O

ka	NORM
jst	NORM
ko	O
sm	NORM
star	O
12	O
pa	O
mam	NORM
14	O
je	O
vredi	NORM

ko	O
hočem	O
zapret	NORM
playlisto	O
z	O
musko	NORM
,	O
se	O
začne	O
kumad	NORM
k	NORM
ga	O
morm	NORM
slišat	NORM
!	O

drugače	O
pa	O
#veselidecember	O
...	O

lahko	O
pa	O
berete	O
laclau	O
&amp;	O
mouffe	O
,	O
lefort	O
,	O
schmitt	O
ipd.	O

na	O
rampo	O
uleti	O
kamion	O
biip	O
biip	O
in	O
mi	O
začne	O
kipat	NORM
rezine	O
v	O
žemljo	O
lp	O

wow	O
.	O

in	O
to	O
ne	O
kr	NORM
eni	NORM
ampak	O
ta	O
veliko	O
kristalno	O
!	O

cez	NORM
dan	O
sm	NORM
samo	O
po	O
stopnicah	O
dol	O
tezko	NORM
prlezla	NORM
,	O
zdele	NORM
postaja	O
zapleteno	O
:(	O

velbek	O
bo	O
pršu	NORM
u	NORM
arsenal	O
.	O

men	NORM
se	O
prov	NORM
smili	O
.	O

@mitjakravanja	O
@davidtoff	O
@lisjakm	O
@zigaikic	O
jp	NORM
,	O
ravno	O
pred	O
parimi	O
tedni	O
so	O
dodali	O
app	O
.	O

gemi	O
,	O
podaljšani	O
gem	O
,	O
menjave	O
strani	O
,	O
set	O
,	O
podaljšan	O
set	O
,	O
tie	O
break	O
,	O
nec	O
itd.	O

sam	NORM
tko	NORM
mi	O
zgleda	O
bl	NORM
eroticna	NORM
tut	NORM
pocutm	NORM
se	O
pol	NORM
bl	NORM
tko	NORM
.	O

sodniki	O
bi	O
pa	O
tut	NORM
rabli	NORM
da	O
bi	O
jih	O
nedo	NORM
kresno	NORM
po	O
buči	O
..	O

ker	O
jaz	O
to	O
naglas	O
,	O
zakaj	O
se	O
ne	O
bi	O
izbrukala	O
pred	O
vsemi	O
..	O

upam	O
da	O
cim	NORM
prej	O
pridejo	O
nove	O
...	O

in	O
kako	O
oz.	O
kje	O
jo	O
lahko	O
vidiš	O
?	O

pa	O
kaj	O
naredi	O
montaža	O
.	O

zanimiv	NORM
kva	NORM
vse	O
je	O
lohk	NORM
na	O
googlu	O

vem	O
pa	O
kako	O
iz	O
pletene	O
narediti	O
kippah	O
,	O
ce	NORM
kdo	O
rabi	O
nasvet	O
:)	O
@bostjanjerko	O

lp	O

fej	O
vas	O
bod	NORM
.	O

@vanfranco	O
si	O
kr	NORM
mogu	NORM
dodat	NORM
korencka	NORM
,	O
ker	O
sem	O
precej	O
nov	O
.	O

why	O
is	O
this	O
happening	O
to	O
me	O
?	O

sam	NORM
zanč	NORM
je	O
stikala	O
neki	NORM
okul	NORM
tvojga	NORM
bloka	O
.	O

js	NORM
bi	O
tut	NORM
rabil	O
btw	O
.	O

"	O
vrpca	O
preho	O
smrdca	O
"	O

@smolnikar	O
sm	NORM
najdu	NORM
ja	O
.	O

#breakingbad	O
je	O
pa	O
must	O
!!!	O

vidim	O
,	O
da	O
ste	O
kr	NORM
zanimivi	O
:)	O

na	O
vse	O
vprasanja	NORM
imam	O
odgovore	O
!	O

prej	O
je	O
še	O
nikol	NORM
nis	NORM
vidla	NORM
,	O
ker	O
pol	NORM
k	NORM
pržgem	NORM
motor	O
,	O
pa	O
neha	O
....	O

@sergejpergej	O
@ankaslovanka	O
ok	O
,	O
si	O
me	O
potolažu	NORM
.	O

"	O
gori	O
kao	O
što	O
misliš	O
"	O

bi	O
se	O
lahk	NORM
rekl	NORM
,	O
da	O
je	O
en	O
mal	NORM
tecn	NORM
dan	O
dans	NORM
.	O

@desalevstek	O
@leaathenatabako	O
@misavugrinec	O
v	O
lj	NORM
ne	O
.	O

no	O
,	O
če	O
gledaš	O
tolk	NORM
kriminalk	O
kot	O
jaz	O
.	O

mi	O
je	O
pa	O
kul	O
,	O
ker	O
se	O
generira	O
teren	O
vsakič	O
in	O
ne	O
rata	O
monotono	O
.	O

za	O
matematko	NORM
si	O
morm	NORM
zmislt	NORM
naloge	O
in	O
sm	NORM
dala	O
,	O
da	O
ste	O
vi	O
neki	NORM
tekmoval	NORM
:	O
@koccy91	O
,	O
@jakaurankar	O
,	O
@timimaniac	O
,	O
@r4vver	O
in	O
gregi	O
.	O

good	O
morning	O
world	O
!	O

super	O
!	O

posebni	O
dopisnik	O
@jousche	O
skor	NORM
poskrbi	O
,	O
da	O
vam	O
ni	O
treba	O
bit	NORM
tm	NORM
!	O

to	O
je	O
ja	O
najboljsa	NORM
stvar	O
na	O
svetu	O
👌	O

geral	O
lepo	O
napisano	O
,	O
samo	O
nekaj	O
se	O
je	O
potrebno	O
zavedati	O
,	O
da	O
ljudje	O
niso	O
politiki	O
.	O

@tjablonsky	O
@zballe	O
@mihapenko	O
potrudte	NORM
se	O
...	O

ja	O
tle	NORM
sm	NORM
.	O

v	O
moji	O
knjigi	O
lahko	O
.	O

@sanjagornjec	O
vem	O
da	O
sem	O
preširok	O
v	O
ramenih	O
.	O

ps.	NORM
levičarji	O
bodo	O
kmalu	O
opice	O
volili	O
...	O
ker	O
jim	O
bo	O
zmanjkalo	O
"	O
novih	O
obrazov	O
"	O
...	O

sej	NORM
zdej	NORM
grem	O
gledat	O
falling	O
skies	O
..	O

@spirit_healing	O
ok	O
nej	NORM
ti	O
bo	O
:)	O
...	O

@tjasazavrh	O
@japreva	O
@pojei	O
@studiocity_	O
@lukamesec	O
@zdruzenalevica	O
hahaha	O
...	O

tale	O
me	O
sovraži	O
,	O
tti	NORM
nism	NORM
ušeč	NORM
,	O
tti	NORM
sm	NORM
bedn	NORM
..	O

hahaha	O
,	O
počila	O
bom	O
od	O
smeha	O
:d	O
.....	O

maste	NORM
cas	NORM
grete	NORM
zravn	NORM
?	O

pa	O
ne	O
po	O
brezveznem	O
lu...	O

@tusarka	O
a	O
bi	O
blo	NORM
bolš	NORM
,	O
če	O
si	O
pustita	O
lase	O
na	O
eni	O
strani	O
pa	O
si	O
pol	NORM
lase	O
češta	NORM
na	O
drugo	O
stran	O
v	O
prečko	O
?	O

he	O
,	O
he	O
,	O
he	O
.	O

a	O
je	O
to	O
dejansko	O
kdo	O
gledal	O
in	O
poslušal	O
po	O
tv	O
?	O

za	O
5	O
dni	O
ukinite	O
mleko	O
in	O
mlečne	O
izdelke	O
,	O
in	O
v	O
tem	O
času	O
bi	O
se	O
moralo	O
stanje	O
bistveno	O
izboljšati	O
,	O
če	O
je	O
to	O
razlog	O
.	O

@heart_free	O
pri	O
moji	O
ghetto	O
mikrovalovki	O
tm	NORM
enih	O
20	O
sek.	O

kje	O
bi	O
pa	O
lahko	O
v	O
lj	NORM
ali	O
okolici	O
dal	O
odklenit	NORM
telefon	O
blackberry	O
storm	O
9500	O
.	O

@allina_	O
@cesenjezakon	O

rabimo	O
turiste	O
!	O

"	O
bravo	O
tina	O
"	O
.....	O

neumna	O
tema	O
,	O
ki	O
se	O
po	O
nepotrebnem	O
napihuje	O
.	O

respect	O
vam	O
vsem	O
za	O
to	O
pododdajo	O
!	O

@stankotomaj	O
kaaaaj	NORM
?	O

:)	O

kaj	O
pa	O
poleg	O
tega	O
?	O

lep	O
pozdrav	O
,	O
stara	O
sem	O
45	O
let	O
.	O

spet	O
.	O

jo	O
ti	O
anglescina	NORM
.	O

dolenka	NORM
...	O

aeda	O
-	O
avstrijci	O
pišejo	O
in	O
govorijo	O
precej	O
drugače	O
.	O

res	O
bravo	O
tina	O
,	O
sn	NORM
že	O
čist	NORM
obpal	NORM
po	O
prvi	O
vožnji	O
,	O
res	O
neverjetno	O

a	O
ima	O
kdo	O
izkušnje	O
z	O
tabličnim	O
rač.	O
tpad	O
,	O
ki	O
je	O
kao	O
naše	O
gore	O
list	O
?	O

da	O
v	O
večstrankarskem	O
sistemu	O
v	O
resnici	O
obstaja	O
več	O
.	O

#boyswillbeboys	O

pa	O
s	O
čim	O
naj	O
nafila	O
telefon	O
ali	O
tablico	O
?	O

*	O
grem	O
gledat	O
svoj	O
vine	O
pa	O
instagram	O
*	O
...	O

fakmi	O
no	O
.	O

:d	O

@dgliha	O
a	O
tja	O
gor	O
tut	NORM
kake	O
rekorde	O
postavlas	NORM
?	O

za	O
mano	O
je	O
blo	NORM
dans	NORM
treba	O
napolnit	NORM
kavo	O
in	O
vodo	O
;)	O

in	O
kateri	O
nivo	O
prijaznosti	O
je	O
pa	O
to	O
?	O

@edvardkadic	O
@pika_so	O
@leaathenatabako	O
@natasamulec	O
@petersvetina	O
@moj_ca	O
@t_celestina	O
ker	O
se	O
je	O
že	O
lih	NORM
ponujal	O
,	O
sem	O
predlagala	O
fotkoodspred	NORM

sam	NORM
ne	O
zarat	NORM
takih	O
neumnosti	O
.	O

#almosthuman	O
bom	O
počekeru	NORM
!	O

noces	NORM
niti	O
vedet	NORM
:/	O

denimo	O
zoki	O
,	O
ggm	O
,	O
itd.	O
itd.	O

zzzzzz	NORM
,	O
največkrat	O
pišem	O
samo	O
za	O
take	O
komentarje	O
.	O

drugač	NORM
me	O
ne	O
šmergla	NORM
5	O
%	O
.	O

@darkob	O

@agjergek	O
@ales_gantar	O
kva	NORM
če	O
bi	O
vi	O
kej	NORM
delal	NORM
..	O

lej	NORM
,	O
ne	O
vem	O
.	O

ne	O
verjamem	O
:p	O

@jirikocica	O

iščem	O
naslove	O
resničnih	O
zgod	NORM
na	O
pop	O
tv	O

prebrano	O
sem	O
proti	O
privatizaciji	O

ok	O
,	O
za	O
event	O
vsi	O
vemo	O
,	O
tud	NORM
vzajemna	O
bo	O
baje	O
zraven	O
...	O

you	O
murdered	O
her	O
!	O

:)	O

ti	O
je	O
spet	O
zanimivo	O
ne	O
?	O

imajo	O
tak	O
status	O
.	O

@stellarka	O
nisem	O
zdravnik	O
.	O

da	O
bog	O
da	O
joj	O
majka	O
ljubila	O
sliku	O
na	O
banderi	O
!	O

kakšne	O
vohunske	O
triler	O
/	O
kriminalke	O
imam	O
najraje	O
;)	O

men	NORM
je	O
pa	O
hoc	O
supr	NORM
.	O

prva	O
laguna	O
je	O
očitno	O
neponovljiva	O
.	O

bron	O
bomo	O
dobili	O
kaj	O
vam	O
ni	O
jasno	O

@nuckinfutsslo	O
majo	NORM
le	O
manj	O
davka	O
kokr	NORM
pa	O
pr	NORM
nas	O
:d	O

hahaha	O

španci	O
pa	O
angleži	O
se	O
že	O
menjo	NORM
za	O
friendly	O
na	O
ibizi	O
,	O
drug	O
teden	O
!	O

kako	O
pa	O
gledaš	O
na	O
etičnosti	O
treh	O
desetletij	O
jedrskih	O
poskusov	O
v	O
ozračju	O
?	O

te	O
pokličem	O

izveš	O
več	O
prav	O
kmalu	O
:)	O
.	O

..	O
jaz	O
če	O
bi	O
se	O
mi	O
to	O
zgodilo	O
,	O
ne	O
vem	O
ka	NORM
bi	O
.	O

:d	O

ne	O
se	O
bojati	NORM
resen	NORM
je	O
enostavno	O
...	O

pozdravljeni	O
,	O

@gofrasdesign	O
aja	O
samo	O
to	O
je	O
.	O

@kljun	O
:	O
sorry	O
,	O
beaky	O
,	O
most	O
of	O
us	O
are	O
unarguably	NORM
made	O
in	O
bed	O
,	O
but	O
only	O
i	O
am	O
made	O
in	O
bed	O
.	O

@miranstajerc	O
@cashkee	O
@vanfranco	O
a	O
ga	O
pri	O
vas	O
tud	NORM
sipa	O
?	O

@maks_muc	O
ahahahaha	O
,	O
rolam	O
se	O
:d	O

human	O
mode	O
:	O
on	O
!	O

:)	O

@celjan_master	O
pa	O
ka	NORM
ti	O
kidaš	O
te	O
glasovnice	O
??	O

žal	O
je	O
občinstvo	O
zaspalo	O
!	O

čist	NORM
...	O
vse	O
.	O

3	NORM
avto	O
maš	NORM
reko	NORM
pa	O
si	O
da	O
maš	NORM
v	O
zadnjih	O
v	NORM
zvočnike	O

brawo	NORM
leseni	O
kolajni	O
mava	NORM
dans	NORM
!	O

adijo	O
:))	O

drugač	NORM
pa	O
,	O
js	NORM
sm	NORM
doma	O
v	O
elektroniki	O
@gobafunk	O
@merineseri	O

@steinbuch	O
ti	O
si	O
trapek	O
,	O
ker	O
na	O
tako	O
lep	O
dan	O
doma	O
ždiš	O
.	O

:)	O

to	O
je	O
pa	O
pol	NORM
treba	O
direkt	O
povedat	NORM
.	O

dons	NORM
mi	O
je	O
isti	O
model	O
v	O
3	O
minutah	O
2x	O
zapeljou	NORM
pred	O
avto	O
..	O

mal	NORM
razmislte	NORM
o	O
poslovnem	O
modelu	O
.	O

@schoo666	O
ja	O
ne	O
no	O
,	O
zakaj	O
si	O
tist	NORM
na	O
konc	NORM
napisu	NORM
?	O

@ernek58	O
@rtvslo	O
@24ur_com	O
@planetsiolnet	O
@delo	O
@vecer	O
@dnevnik_si	O
@sebastjanerlah	O
ma	O
ne	O
naj	O
ga	O
ze	NORM
dajo	O
v	O
javnost	O
,	O
naj	O
folk	O
ve	O
kaksn	NORM
smrad	O
je	O

se	NORM
dobr	NORM
da	O
mam	NORM
linuxe	O
na	O
kompu	O
se	O
mi	O
ni	O
blo	NORM
treba	O
lagat	NORM
.	O

pa	O
mislm	NORM
,	O
da	O
bo	O
skoz	NORM
kej	NORM
dogajal	NORM
:)	O

reinkarniral	O
se	O
je	O
v	O
mnozini	NORM
:-d	O

kej	NORM
bi	O
rada	O
da	O
siknem	O
mal	NORM
žvepla	O
...	O
al	NORM
kej	NORM
.....	O

zdejle	NORM
grem	O
na	O
hiphop	O
pa	O
pres	NORM
23	O
tud	NORM
ne	O
bom	O
fertik	O
:)	O

#durcheinander	O
.	O

u	O
,	O
ja	O
,	O
night	O
club	O
.	O

he	O
he	O
he	O
...	O

eno	O
vlko	NORM
praznovanje	O
..	O

tam	O
v	O
sredo	O
poslusajo	NORM
cetrtkov	NORM
vecer	NORM
..	O

za	O
pl	O
bo	O
tut	NORM
izgovor	O
,	O
da	O
si	O
dost	NORM
igral	O
a	O
?	O

zakaj	O
so	O
ljudje	O
obsedeni	O
s	O
citati	O
o	O
tem	O
,	O
kako	O
so	O
vsi	O
samo	O
zavistni	O
njihovemu	O
uspehu	O
?	O

ouu	O
ouuuu	NORM
ouuuu	NORM

hahahahahahah	O

tok	NORM
jo	O
mam	NORM
rada	O
.	O

še	O
ostrostrelcev	O
je	O
manjkalo	O
"	O
@guardian	O
:	O
snipers	O
stalk	O
protesters	O
in	O
ukraine	O
as	O
kiev	O
hotel	O
becomes	O
makeshift	O
morgue	O
http://t.co/agsn3fzlcj	O
"	O

@katarinadrlja	O
@petrasovdat	O
@che27che	O
a	O
ne	O
ti	O
si	O
kar	O
fajn	O
dikcijo	O
mela	NORM
...	O

-	O
uff	O
!	O

so	O
sodelavca	O
pohvalil	NORM
po	O
radiu	O
prejšni	NORM
teden	O
,	O
pol	NORM
me	O
pa	O
vsi	O
sprašujejo	O
,	O
če	O
sm	NORM
bojan	O
.	O

zemljariču	O
se	O
tako	O
kolca	O
,	O
da	O
mu	O
proteza	O
skače	O
...	O

:)	O

@t_celestina	O
veš	O
kaj	O
!	O

kaj	O
naredijo	O
bosanci	O
,	O
ko	O
končajo	O
pravno	O
fakulteto	O
?	O

ker	O
imam	O
namen	O
le-to	O
misel	O
si	O
dati	O
tetovirati	O
in	O
ne	O
bi	O
rada	O
,	O
da	O
piše	O
čist	NORM
nekaj	O
drugega	O
.	O

;))	O

upam	O
da	O
ne	O
bo	O
isto	O
s	O
tem	O
.	O

:))))	O
;))))	O

@spirulinka9	O
ne	O
ne	O
mislu	NORM
sm	NORM
,	O
da	O
k	NORM
isces	NORM
mas	NORM
opcijo	O
da	O
lah	NORM
obklukas	NORM
da	O
so	O
zivali	NORM
sprejemljive	O
:)	O

a	O
veš	O
tisto	O
,	O
ko	O
začneš	O
na	O
tw	NORM
pisat	NORM
hashtag	O
in	O
to	O
sproži	O
drop-down	O
meni	O
s	O
predlaganimi	O
hashtagi	O
?	O

pa	O
kje	O
bo	O
poroka	O
?	O

v	O
ned	NORM
bo	O
tud	NORM
razguzil	O
.	O

@_pikl	O
zdi	O
da	O
mi	O
da	O
je	O
blo	NORM
to	O
za	O
nakup	O
nerabljenih	O
:d	O

@tjasasemepa	O
v	O
mb	O
sem	O
tudi	O
prasala	NORM
pa	O
ni	O
...	O

jaja	NORM
,	O
lahk	NORM
kadite	O

sem	O
že	O
videl	O
par	O
bedakov	O
na	O
tw	NORM
,	O
ampak	O
https://t.co/snn866ys8u	O
in	O
njegovi	O
komentarji	O
o	O
#gaza	O
beat	O
all	O
of	O
them	O
https://t.co/edg9oudurz	O
...	O

nj	NORM
povem	O
jst	NORM
ne	O
kadim	O
5	O
dni	O
...	O

pj	O
je	O
...	O
-	O
kako	O
se	O
reče	O
že	O
temu	O
-	O
attention	O
bitch	O
:d	O

,	O
zadeva	O
še	O
ni	O
pravnomočna	O
,	O
za	O
razliko	O
od	O
slovenije	O
!	O

se	O
lahk	NORM
čist	NORM
kamuflažno	O
skrije	O
#barve	O
:d	O

jst	NORM
sem	O
pa	O
za	O
ene	O
norme	O
v	O
politiki	O
koncno	NORM
!	O

bom	O
pa	O
na	O
bb	O
naložila	O
.	O

ostalo	O
pa	O
zaenkrat	O
uspeva	O
:)	O

:d	O

@simobil	O
predvidevam	O
,	O
da	O
če	O
je	O
3	O
g	O
na	O
off	O
teče	O
"	O
2	O
g	O
"	O
;	O

tisto	O
,	O
ko	O
se	O
lotiš	O
čiščenja	O
fajlov	O
ipd	NORM
,	O
pa	O
neki	NORM
zašteka	O
pa	O
neki	NORM
klikneš	O
in	O
vse	O
izgine	O
...	O

bi	O
dodala	O
še	O
srček	O
navdušenja	O
,	O
pa	O
te	O
fb	O
zadeve	O
tukaj	O
ne	O
funkcionirajo	O
.	O

@kozhmann	O
@darkob	O
@petra_jansa	O
wow	O
,	O
wow	O
,	O
izi	O
,	O
no	O
.	O

sej	NORM
bom	O
mogla	O
it	NORM
počas	NORM
pogledat	O
kaj	O
majo	NORM
.	O

je	O
pa	O
kul	O
,	O
pa	O
od	O
sebe	O
daje	O
tak	O
zvok	O
k	NORM
tardis	O
predn	NORM
odleti	O
.	O

in	O
suši	O
.	O

@ninagray_	O
res	O
komi	NORM
čakam	O
,	O
da	O
mal	NORM
poklepetamo	O
pa	O
dobiva	O
kšn	NORM
pametn	NORM
nasvet	O
k	NORM
je	O
on	O
drgač	NORM
rojen	O
kanadčan	O
pa	O
mal	NORM
pozna	O
stvari	O
:)))	O

hvala	O
.	O

od	O
jeftenega	O
labana	O
me	O
ze	NORM
2	O
dni	O
vse	O
boli	O
.	O

ampak	O
ne	O
dedek	O
mraz	O
on	O
ni	O
nič	O
naredu	NORM
narobe	O

delo	O
,	O
dnevnik	O
in	O
mladina	O
vsaj	O
nekaj	O
stejejo	NORM
,	O
jansisticna	NORM
trobila	O
pac	NORM
ne	O
.	O

kuha	O
?	O

@tulipanka18	O
@erikaplaninsec	O
@bvoje	O
@igorzavrsnik	O
@rauterzani	O
ni	O
me	O
bilo	O
na	O
tw	NORM
,	O
šele	O
zdaj	O
vidla	NORM
.	O

hh	O

"	O
naš	O
"	O
rajko	O
si	O
je	O
po	O
18	NORM
črne	O
gradnje	O
dejansko	O
zaslužil	O
to	O
posvetilo	O
:	O
zamislite	O
si	O
njegove	O
psihične	O
bolečine	O
v	O
teh	O
18	O
letih	O
.	O

:)	O

modem	O
zgubu	NORM
konekšn	O
...	O

lp	O
!	O

aja	O
,	O
pa	O
leon	O
štukelj	O
....	O

@mcvelbar	O
@effev	O
@cuisineskaza	O
lej	NORM
,	O
ni	O
druge	O
kot	O
,	O
da	O
jo	O
unfollowamo	O
vsi	O
,	O
če	O
bo	O
še	O
naprej	O
tok	NORM
nesramna	O
...	O

@tyschew	O
@duledoz	O
težave	O
z	O
litvo	O
pa	O
estonijo	O
...	O

"	O
you	O
raped	O
her	O
!	O

zaposleni	O
?	O

jou	O
legende	O
,	O
dons	NORM
bi	O
pa	O
lahko	O
objavu	NORM
en	O
posebn	NORM
napovednik	O
(	O
trailer	O
)	O
za	O
moj	O
nov	O
spot	O
hmm	O
kaj	O
pravte	NORM
a	O
?	O

ono	O
,	O
ko	O
mors	NORM
ustat	NORM
cez	NORM
4	O
urce	NORM
,	O
ma	O
se	NORM
vedno	O
slisis	NORM
njegov	O
glas	O
,	O
ki	O
ti	O
ne	O
da	O
spat	NORM
.	O

tko	NORM
:	O
kumbaya	O
,	O
pa	O
močno	O
gospodarstvo	O
,	O
pa	O
čim	O
več	O
svobode	O
itd.	O

jst	NORM
sem	O
blokiral	O
celo	O
erlahovo	O
žlahto	O
,	O
pa	O
vem	O
,	O
da	O
je	O
spisal	O
novo	O
pesem	O
.	O

sicer	O
pa	O
sm	NORM
jst	NORM
bol	NORM
delu	NORM
za	O
pocitnce	NORM
.	O

bin	O
,	O
:-)))	O
saj	O
ne	O
rabim	O
glih	O
nekam	O
visoko	O
,	O
jaz	O
bi	O
tako	O
,	O
kot	O
krokodil	O
...	O
sasvim	O
nizko	O
...	O
.	O

:d	O

#link#	O
po	O
komentarjih	O
sodeč	O
jih	O
velika	O
večina	O
temu	O
verjame	O

ni	O
fer	O
...	O

faak	NORM
.	O

prosim	O
za	O
izbris	O
treh	O
postov	O
"	O
še	O
poslovil	O
se	O
ni	O
"	O
-	O
avtorica	O
mnog	NORM
,	O
mzo	O
,	O
mmmmmzzzzz	O
,	O
(	O
1.6	O
2014	O
)	O
ne	O
želim	O
,	O
da	O
se	O
ta	O
tema	O
oz	NORM
pošta	O
bere	O
-	O

ce	NORM
se	O
ne	O
,	O
bom	O
pa	O
js	NORM
prezgodi	NORM
konc	NORM
:)	O

datira	O
pa	O
glede	O
na	O
kroge	O
skor	NORM
100	O
%	O
pred	O
1965	O
...	O

ravno	O
problem	O
levakov	O
je	O
v	O
tem	O
,	O
da	O
imajo	O
samo	O
polna	O
usta	O
sociale	O
in	O
vsega	O
tega	O
,	O
pa	O
nihče	O
ne	O
zna	O
misliti	O
s	O
svojo	O
glavo	O
.	O

mal	NORM
heca	O
;)	O

igrc	NORM
ne	O
igram	O
(	O
solitaire	O
mam	NORM
gor	O
no	O
:p	O
)	O
.	O

midva	O
se	O
sam	NORM
bockava	O
mal	NORM
vsake	O
tolk	NORM
jelde	NORM
:)	O

evo	O
,	O
pol	O
ure	O
že	O
klikate	O
follow	O
po	O
jajčkah	NORM
:(	O

lp	O
sej	NORM
sm	NORM
čist	NORM
bliz	NORM
doma	O
)	O

kako	O
je	O
šele	O
pol	NORM
z	O
bratom	O
,	O
hm	O
...	O

@megafotr	O
zgledata	O
zgledno	O
sturdy	O
.	O

je	O
vprašala	O
profesorca	NORM
,	O
če	O
uporablja	O
kdo	O
maca	O
in	O
je	O
sošolka	O
panično	O
zaprla	O
comp	O
,	O
da	O
ne	O
bi	O
vidla	NORM
in	O
ne	O
bi	O
rabla	NORM
odgovrit	NORM
.	O

tak	O
fuzbal	O
bi	O
tud	NORM
jst	NORM
gledov	NORM
:)	O

sam	NORM
mi	O
pr	NORM
nobeni	O
ni	O
lih	NORM
jasno	O
kako	O
si	O
prisu	NORM
do	O
tega	O
,	O
nismo	O
se	NORM
vzel	NORM
taylorjeve	O
vrste	O
,	O
sigurno	O
se	O
da	O
nekako	O
tut	NORM
brez	O
.	O

sam	NORM
kaj	O
,	O
ko	O
pa	O
pol	NORM
baterija	O
zajebe	O
situacijo	O
..	O

danes	O
je	O
pv	O
bratušek	O
že	O
moledovala	O
,	O
naj	O
se	O
mu	O
vendarle	O
da	O
priložnost	O
.	O

pa	O
naj	O
bo	O
komunajzarska	O
:-)))	O

:d	O

@jaka_r2	O
hei	NORM
.	O

@rgrilec	O
svasta	NORM
.	O

za	O
kdaj	O
pa	O
rabite	O
fotografa	O
?	O

govorim	O
o	O
tem	O
,	O
da	O
bi	O
zlatko	O
,	O
če	O
bi	O
bilo	O
res	O
vse	O
odvisno	O
od	O
njega	O
,	O
priigral	O
še	O
kakšno	O
veliko	O
prvenstvo	O
.	O

@markosket	O
zato	O
sem	O
jo	O
povabu	NORM
drva	O
cept	NORM
.	O

10x	O
za	O
to	O
!	O

we	O
ain't	O
friends	O
.	O

lepi	O
spomini	O
,	O
#maturantskaparada	O

čist	NORM
sm	NORM
zbegan	O
...	O

raay	O
ga	O
toži	O
?	O

@itaqrina	O
u	O
,	O
skoda	NORM
.	O

mi	O
tatravnati	NORM
smo	O
za	O
pod	O
grmlje	O
.	O

:d	O

je	O
rekla	O
naj	O
prespim	O
in	O
pridem	O
drugič	O
da	O
nebom	NORM
v	O
šok	O
padla	O
:)))	O

klop	O
je	O
kriv	O
.	O

@darkob	O
@bozopredalic	O
@spletnamladina	O
@marjangr	O
ne	O
,	O
zdaj	O
je	O
to	O
-	O
morš	NORM
mislit	NORM
-	O
svobodna	O
misel	O
-	O
pravljičarstvo	O
za	O
naivne	O
.	O

@tadejtrcektito	O
@libertarec	O
@jjansasds	O
po	NORM
pa	O
hit	NORM
i	NORM
u	NORM
smeti	O
vrz	NORM
,	O
pa	O
leseno	O
tablco	NORM
in	O
kredo	O
v	O
roke	O
pa	O
na	O
drevo	O
#butnglava	O

lep	O
pozdrav	O
vsem	O
!	O

jao	O
,	O
pa	O
ne	O
že	O
spet	O
noooooooooooooooooooo	NORM

@jureflux	O
no	O
sej	NORM
,	O
o	O
tem	O
govorim	O
.	O

nasvet	O
:	O
ne	O
se	O
stresirat	NORM
.	O

aaa	O
,	O
ta	O
druga	O
pa	O
ta	O
zadnja	O
zakon	O
:)))	O

punce	O
dodejte	NORM
me	O
na	O
skype	O
nejc.martinec	O
:	O
in	O
mejte	NORM
se	O
lepo	O
z	O
mano	O
:p	O

well	O
done	O
.	O

tole	O
pa	O
dons	NORM
cel	O
dan	O
na	O
repeat	O
.	O

da	O
,	O
prebrano	O
,	O
novi	O
casi	NORM
,	O
novi	O
pristop	O
.	O

tle	NORM
bi	O
blo	NORM
treba	O
gledat	NORM
ek	O
.	O

itak	O
,	O
da	O
lupčki	O
.	O

je	O
še	O
zgodi	NORM
.	O

..	O
s	O
kakšno	O
lua	O
predvidevam	O
da	O
je	O
kej	NORM
...	O
)	O

po	O
1	O
letu	O
si	O
dobu	NORM
brco	O
od	O
vecine	NORM
slovencev	O
.	O

rt	O
@plesnasolarolly	O
:	O
@multikultivator	O
http://t.co/inlxnaj5gp	O

aja	O
,	O
sm	NORM
mislu	NORM
d	NORM
pač	O
pr	NORM
testih	O
dobijo	O
iq	O
,	O
ne	O
pa	O
mentalne	O
starosti	O
...	O

zlo	NORM
jasno	O
,	O
ker	O
nekaterim	O
res	O
nepotegne	NORM
drgač	NORM
.	O

dobr	NORM
da	O
greva	O
na	O
dopust	O
,	O
da	O
se	O
mal	NORM
pomiriva	O
:)	O

@sivanosoroginja	O
hvala	O
!	O

dobri	O
ste	O
eni	O
...	O

btw	O
:	O
je	O
ljubljančanka	O
(	O
živi	O
v	O
lj	NORM
)	O

in	O
zakaj	O
potem	O
ni	O
jj-ja	O
med	O
obtoženimi	O
na	O
finskem	O
in	O
bi	O
se	O
ga	O
lahko	O
pri	O
nas	O
obsodilo	O
v	O
par	O
urah	O
na	O
podlagi	O
teh	O
finskih	O
dokazov	O
?	O

je	O
neka	O
finta	O
,	O
pomoje	NORM
se	O
kej	NORM
na	O
progi	O
spremeni	O
....	O

@vladars	O
samo	O
zaradi	O
vas	O
!	O

@andrejpoklic	O
hvala	O
!	O

nadaljuj	O
s	O
svojo	O
terapijo	O
,	O
da	O
ne	O
boš	O
doživel	O
kakšno	O
rdečo	O
kolonoskopijo	O
!	O

ampak	O
..	O

ukiniti	O
vsa	O
ministrstva	O
,	O
ukiniti	O
davke	O
,	O
bo	O
že	O
zasebni	O
sektor	O
sam	O
poskrbel	O
za	O
boj	O
proti	O
poplavam	O
.	O

@tretjeoko	O
ja	O
sej	NORM
in	O
s	O
tem	O
so	O
sli	NORM
frajerji	O
tud	NORM
v	O
pozabo	O
..	O

read	O
,	O
people	O
read	O
.	O

preložijo	O
zidarske	O
odre	O
na	O
ekonomsko	O
.	O

lp	O
,	O
kristina	O
modic	O

pametno	O
dekle	O

@monika_brancelj	O
sej	NORM
bo	O
sneg	O
no	O
...	O

@avodovnik	O
@chateebox	O
jp	NORM
.	O

mah	O
ne	O
grem	O
se	O
vec	NORM
!!	O

sej	NORM
razumem	O
da	O
živijo	O
v	O
težkih	O
pogojih	O
...	O

izkušeni	O
monterji	O
šotorjev	O
dobijo	O
zaposlitev	O
za	O
delo	O
v	O
tujini	O
.	O

eni	O
imamo	O
iskrene	O
namene	O
.	O

(	O
vm	NORM
,	O
zleht	NORM
sm	NORM
)	O
:o	O

@barjanski	O
ja	O
sam	NORM
ne	O
preveč	O
snega	O
.	O

to	O
delajo	O
vsi	O
..	O

važn	NORM
,	O
da	O
se	O
draži	O
#lpp	O

ne	O
uzamema	NORM
glih	O
usacga	NORM
.	O

no	O
politicno	NORM
sem	O
neopredeljen	O
ampak	O
extremisti	NORM
kova	O
jj	O
,	O
erlah	O
in	O
se	NORM
kak	O
pacient	O
mi	O
pa	O
res	O
...	O

@markosket	O
dober	O
point	O
.	O

#scoeng	O
kamorkoli	O
prešaltaš	O
@itvfootball	O
+	O
@skyfootball	O
pa	O
še	O
@sport_klub_slo	O
!	O

;)	O

(	O
čestitke	O
lol	O
)	O
tok	NORM
dobr	NORM
pa	O
še	O
ne	O

gnoj	O
!!!	O

tako	O
kot	O
se	O
na	O
fb	O
zdi	O
pri	O
vsej	O
svinjariji	O
tam	O
za	O
lase	O
privlečen	O
pozitivizem	O
s	O
samo	O
lajkom	O
.	O

@jernejch	O
vse	O
si	O
spremeni	NORM
,	O
be	NORM
samo	O
znižač	NORM
najvišjega	O
zneska	O
...	O

pa	O
šu	NORM
lepo	O
do	O
stranke	O
,	O
dal	O
rutar	O
vn	NORM
iz	O
šroma	NORM
pa	O
nazaj	O
..	O

hahah	O
janko	O
ne	O
se	O
hecat	NORM
.	O

oj	O
klara	O
česi	NORM
samska	O
se	O
ti	O
lahko	O
jaz	O
pridružim	O
pokiči	NORM
me	O
na	O
051205634	O
sem	O
tomaž	O
star	O
38	O
let	O
in	O
sem	O
za	O
vse	O
piši	O
na	O
email	NORM
naslov	O

kdo	O
iz	O
njegove	O
volilne	O
baze	O
pa	O
je	O
sposoben	O
prebrati	O
več	O
kot	O
komentar	O
pod	O
člankom	O
in	O
tvit	O
?	O

@nejclasic	O
jaz	O
pogledam	O
še	O
na	O
hrvaške	O
strani	O
,	O
nazadnje	O
sem	O
tam	O
kupil	O
dia	O
scanner	O
.	O

pomoje	NORM
.	O

o	O
tej	O
temi	O
morava	O
še	O
kdaj	O
kar	NORM
rečt	NORM
:)	O

in	O
med	O
čem	O
se	O
odločas	NORM
??	O

#semizdi	O

pa	O
kmalu	O
se	O
vrni	O
:)	O

hvala	O
na	O
prispevkih	O

#advice	O
?	O

avto	O
je	O
hud	O
do	O
konca	O
in	O
še	O
naprej	O
.	O

@zaspanko	O
@pozitivnaslo	O
ahh	O
daj	O
no	O
,	O
kr	NORM
neki	NORM
nakladašenostavno	NORM

škoda	O
pa	O
,	O
da	O
ni	O
v	O
biatlonu	O
tko	NORM
k	NORM
pr	NORM
skokih	O
,	O
da	O
bi	O
lohk	NORM
na	O
domači	O
tekmi	O
vsi	O
,	O
oziroma	O
večje	O
število	O
,	O
nastopl	NORM
.	O

“	O
@fgoria	O
:	O
*	O
greek	O
pm	O
says	O
government	O
rejects	O
eu	O
/	O
imf	O
lenders	O
'	O
demands	O
for	O
tax	O
rises	O
,	O
income	O
cuts	O
”	O
končno	O
.	O

@aljagostecnik	O
hahahaha	O
sej	NORM
se	O
mi	O
je	O
zdelo	O
,	O
premal	NORM
si	O
na	O
štajerskem	O
!!!	O

te	NORM
pa	O
fredi	NORM
...	O

you're	O
not	O
making	O
any	O
sense	O
here	O
.	O

imam	O
pa	O
aktivne	O
jajčnike	O
.	O

tud	NORM
televizijci	O
že	O
obračajo	O
jadra	O
:-))	O

@spirulinka9	O
@tretjeoko	O
pri	O
ex	O
sem	O
si	O
že	O
jaz	O
tud	NORM
marsikaj	O
lahko	O
predstavljala	O
..	O

sm	NORM
mislu	NORM
da	O
so	O
drva	O
,	O
....	O

it	O
crowd	O
je	O
pa	O
podobno	O
tbbt	O
sam	NORM
bols	NORM
.	O

mailman	O
has	O
fallen	O
;)))	O
http://t.co/atnjp4kdmq	O
@dilekayar	O

kaj	O
je	O
švoh	O
?	O

skoraj	O
v	O
vsej	O
hiši	O
imam	O
ali	O
pobeljeno	O
v	O
barvi	O
sončnic	O
ali	O
tapete	O
v	O
barvah	O
sončnic	O
.	O

lp	O

the	O
law1	O
se	O
strinjam	O
...	O

pol	NORM
pa	O
greva	O
....	O
na	O
toplo	O
.	O

@cvetlicarna	O
kak	O
fb	O
profil	O
mate	NORM
to	O
?	O

sj	NORM
sm	NORM
mu	O
reku	NORM
d	NORM
naj	O
raj	NORM
ne	O
išče	O
d	NORM
nebo	NORM
kj	NORM
novga	NORM
najdu	NORM
:d	O

🍻	O

@oblakj	O
@gospod_profesor	O
kera	NORM
panoga	O
?	O

#popravitipodobopotrati	O
,	O
#pierazzi	O
.	O

če	O
kdo	O
misl	NORM
da	O
je	O
neumen	O
pa	O
rab	NORM
en	O
ego	O
boost	O
si	O
vzamte	NORM
urco	NORM
časa	O
pa	O
poglejte	O
epizodo	O
america's	O
most	O
smartest	O
models	O
#vrh	O
#bučki	O
@planettv	O

pa	O
pol	NORM
ko	O
je	O
bil	O
dež	O
in	O
mraz	O
in	O
ste	O
skos	NORM
jokal	NORM
na	O
tw	NORM
.	O

sam	NORM
grunta	O
pa	O
s	O
svojo	O
glavo	O
...	O

ma	O
naj	O
gre	O
u	O
tri	O
pič....	O
matrne	NORM
vse	O
skupi	NORM
,	O
jebemti	NORM
in	O
ancelottia	NORM
,	O
k	NORM
se	O
je	O
zaperal	NORM
,	O
tocno	NORM
sm	NORM
vedu	NORM
da	O
se	NORM
bo	O
gol	O
padu	NORM
u	NORM
zadnjih	O
minutah	O
.	O

na	O
kolo	O
ga	O
še	O
nekako	O
vzamem	O
,	O
ampa	NORM
na	O
tek	O
mi	O
pa	O
ne	O
potegne	O
.	O

drugače	O
pa	O
ebay	O
...	O

za	O
tobijasa	NORM
spravt	NORM
v	O
max	O
protetch	O
se	O
aktiviral	O
cel	O
pogon	O
.	O

@eenca	O
hehe	O
sej	NORM
bo	O
boljš	NORM
.	O

čez	O
koliko	O
časa	O
naj	O
sežem	O
z	O
roko	O
v	O
kletko	O
zdaj	O
jo	O
imam	O
doma	O
4	O
dni	O

dej	NORM
mi	O
švoh	O
pet	O
dek	O
salame	O
!	O

cause	O
that's	O
some	O
weird	O
shit	O
.	O

ker	O
me	O
je	O
napizdil	O
,	O
ce	NORM
ne	O
znam	O
do	O
pet	O
stet	NORM
.	O

tko	NORM
se	O
zafešta	O
,	O
ja	O
.	O

:d	O

to	O
.	O

@crnozanohtam	O
@theneedledrop	O
jup	NORM
,	O
sj	NORM
maš	NORM
že	O
na	O
njihovem	O
instagramu	O
ful	O
enih	O
teaserje	NORM
.	O

ok	O
,	O
kot	O
rotacije	O
pa	O
dobiš	O
:	O

@trdosrcnez	O
ma	O
pujsu	O
ni	O
videt	NORM
hudga	NORM
:)	O

;)	O

"	O
@freeeky	O
:	O

ven	O
iz	O
čuze	O
ne	O
more	O
.	O

to	O
mora	O
,	O
pa	O
tega	O
ne	O
sme	O
bit	NORM
,	O
...	O

ali	O
to	O
ni	O
on	O
?	O

to	O
,	O
da	O
se	O
na	O
fb	O
glasuje	O
,	O
kdo	O
bo	O
obraz	O
nakupovalne	O
hiše	O
=	O
obični	O
rip	O
off	O
.	O

@ovtsa	O
not	O
too	O
bad	O
.	O

to	O
opažam	O
že	O
nekaj	O
časa	O
....	O

je	O
pa	O
plačljiv	O
1.99	O
€	O
http://t.co/2szlfseldd	O

čao	O
bimbo	O
...	O

fuuuuuul	NORM
razočarana	O
res	O
@mercator_sl	O

čeprav	O
lahk	NORM
tukaj	O
napraviš	O
gaussa	O
od	O
oka	O
,	O
saj	O
imaš	O
samo	O
dva	O
stolpca	O
in	O
hitro	O
vidiš	O
da	O
z	O
enim	O
ne	O
upaš	O
pokrajšat	NORM
drugega	O
.	O

radi	O
se	O
nastavljajo	O
soncu	O
,	O
plaže	O
so	O
tu	O
južno	O
..	O

radojko	O
..	O

@upalhartinger	O
@miran7777	O
una	NORM
baba	O
??	O

ni	O
pa	O
preprosto	O
,	O
drugace	NORM
ne	O
bi	O
bila	O
termodinamika	O
svoj	O
predmet	O
na	O
studiju	NORM
fizike	O
.	O

ajde	O
falil	NORM
so	O
do	O
13	O
h	O
ampak	O
pol	NORM
se	O
je	O
pa	O
zacel	NORM
#fb	O
http://t.co/pngkf3n46t	O

rt	O
@itsmissys	O
:	O
@spetra	O
zgleda	O
super	O
,	O
morem	O
še	O
v	O
živo	O
pridt	NORM
pogledat	O
!	O

ruski	O
energetski	O
konglomerat	O
gazprom	O
mora	O
sedaj	O
samo	O
še	O
izračunati	O
,	O
kdaj	O
bo	O
odklopil	O
plin	O
in	O
kako	O
bo	O
to	O
najbolj	O
udarilo	O
po	O
žepu	O
ta	O
zabiti	O
ukrajinski	O
narod	O
!	O

videti	O
lukšića	O
in	O
jankovića	O
poražena	O
...	O
neprecenljivo	O
!	O

rečmo	NORM
kot	O
najboljši	O
smo	O
!	O

hvala	O
za	O
nasvet	O
al	NORM
pač	O
idejo	O
al	NORM
mnenje	O
:)	O

ker	O
krokse	O
furat	NORM
brez	O
nogavic	O
pa	O
ni	O
#slabo	O
#facepalm	O

dva	O
sta	O
se	O
na	O
eno	O
spravla	NORM
...	O

najvecja	NORM
fora	O
bi	O
bla	NORM
,	O
da	O
se	O
tm	NORM
pojavs	NORM
!!	O

omg	O
,	O
zdaj	O
bom	O
še	O
janšo	O
na	O
sds	O
livestreamu	O
poslušal	O
?	O

treba	O
bo	O
začet	NORM
velik	NORM
bolš	NORM
igrat	NORM
,	O
če	O
bi	O
#spurs	O
radi	O
šli	O
v	O
drugi	O
krog	O
.	O

@matevznovak	O
še	O
zadni	NORM
ostanki	O
iz	O
korita	O
patria	O
.	O

poročaj	O
.	O

originala	O
ne	O
poznam	O
niti	O
melodije	O
,	O
povezave	O
pa	O
tudi	O
nimam	O
:-(	O

@savicgoran3	O
ojoj	O
popil	O
sem	O
osem	O
spricerov	NORM
potem	O
sem	O
pa	O
zaspal	O
ze	NORM
ob	O
23:34	O
se	O
zgodi	O
heheh	O
pa	O
ti	O
a	O
si	O
bil	O
na	O
modrijanih	O
srecnez	NORM
lp	O
@itaqrina	O

centralnoplanski	O
trojka	O
bulšit	O
ni	O
moj	O
cup	O
of	O
tea	O
.	O

@aljosa_zvirc	O
to	O
si	O
se	O
pa	O
fajn	O
odlocu	NORM
!	O

zakaj	O
on	O
?	O

:p	O

bom	O
isto	O
jz	NORM
reku	NORM
,	O
če	O
nba	O
slučajn	NORM
zmagaš	O
..	O

lep	O
primer	O
je	O
naša	O
mati	O
zemlja	O

je	O
dost	NORM
cenej	NORM
verjem	NORM
!	O

@rodnagruda84	O
veš	O
kaj	O
so	O
ble	NORM
jezusove	O
zadnje	O
besede	O
?	O

tale	O
komentar	O
s	O
strani	O
#link#	O
je	O
res	O
dober	O
..	O

2/2	O
brez	O
navedbe	O
št.	O
računa	O
,	O
valute	O
,	O
datuma	O
in	O
brez	O
predhodno	O
poslanega	O
opomina	O
,	O
da	O
bi	O
človek	O
videl	O
,	O
da	O
ni	O
blo	NORM
rač.	O

trta	O
v	O
privatni	O
lasti	O
je	O
v	O
nasprotju	O
s	O
komunizmom	O
...	O

to	O
je	O
napredek	O
..	O

kakšna	O
je	O
kej	NORM
razpoložljivost	O
dons	NORM
za	O
kak	O
batcave	O
session	O
#justchecking	O

verjetno	O
je	O
problem	O
zarad	NORM
muzke	NORM
ko	O
jo	O
maš	NORM
v	O
videu	O
,	O
ker	O
je	O
copyrighted	O
@jernejrostan	O

@bokinachbar	O
iz	O
tvoje	O
nba	O
kariere	O
mi	O
je	O
najbolj	O
ostalo	O
v	O
spominu	O
to	O
...	O

ni	O
ti	O
treba	O
bit	NORM
nesramna	O
do	O
mene	O
,	O
samo	O
zato	O
,	O
ker	O
me	O
ne	O
privlačiš	O
na	O
tak	O
način	O
kot	O
js	NORM
privlačm	NORM
tebe	O
,	O
čist	NORM
slučajno	O
te	O
ne	O
mislm	NORM
tolerirat	NORM

hm	O
.	O

jih	O
vsaj	O
križ	O
ne	O
bo	O
bolu	NORM
.	O

nina	O
preverja	O
zdejle	NORM
pri	O
šefici	O
hr	O
departmenta	O
,	O
da	O
bo	O
ziher	O
.	O

dejmo	NORM
kej	O
orgazmirat	NORM
...	O

v	O
bistvu	O
bi	O
lohk	NORM
bli	NORM
insi	O
se	NORM
@neurovirtu	O
jih	O
lajka	O
:)	O

boš	O
še	O
videl	O
:)	O

a	O
še	O
nekaj	O
kar	O
sm	NORM
pozabil	O

sam	NORM
pred	O
smucanjem	NORM
nebom	NORM
.	O

k	NORM
po	O
drkanju	O
mam	NORM
mau	NORM
mokro	O
glauco	NORM
a	O
to	O
je	O
sperma	O

od	O
zdaj	O
bo	O
natv	NORM
serija	O
:	O
štefica	O
cvek	O
in	O
mc	O
u	O
raljama	O
života	O
.	O

alineja	O
,	O
sem	O
že	O
šel	O
malo	O
vase	O
in	O
prišel	O
do	O
istih	O
zaključkov	O
,	O
ma	O
kaj	O
čem	NORM
no	O
taki	O
smo	O

do	O
vecera	NORM
ni	O
vec	NORM
z	O
odprtim	O
gobcen	NORM
dihal	O
...	O

@petracj	O
ja	O
baje	O
,	O
da	O
vse	O
komandirajo	O
,	O
pa	O
nihče	O
jih	O
ne	O
želi	O
imenovat	NORM
...	O

bratušek	O
ingliš	O
.	O

don't	O
be	O
arrogant	O
about	O
your	O
nice	O
life	O
or	O
take	O
it	O
for	O
granted	O
.	O

ko	O
boš	O
naredila	O
test	O
,	O
boš	O
vedela	O
.	O

pridem	O
domov	O
,	O
fotr	O
laufa	O
klimo	O
.	O

porkaflek	O
.	O

tolk	NORM
,	O
da	O
boste	O
vedeli	O
,	O
če	O
boste	O
sli	NORM
v	O
soping	NORM
:)	O

zato	O
bi	O
pa	O
dal	O
.	O

sem	O
jst	NORM
isto	O
star	O
15	O
pa	O
mi	O
ne	O
spricne	NORM
zmeri	NORM
3x	O

-	O

ampak	O
tole	O
nv	O
dr	NORM
uf	O
dr	NORM
hja	O
bbc	O
dr	NORM
ftgvhj	O
uf	O
(	O
cont	O
)	O
http://t.co/5wqzewednw	O

losos	O
je	O
ribast	O
smrkelj	O
za	O
fitneserje	O
.	O

grozljivka	O
v	O
lvovu	O
!	O

nimam	O
na	O
feedu	O
...	O

parter	O
zadaj	O
in	O
tribune	O
sucks	O
.	O

če	O
ne	O
bo	O
nč	NORM
grem	O
v	O
petek	O
nazaj	O
..	O

novo	O
z	O
malo	O
bolj	O
sodobnim	O
os-om	O
...	O

@e_vilinka	O
@jureflux	O
@donfarfezi	O
ne	O
,	O
to	O
ne	O
dela	O
,	O
jst	NORM
kr	NORM
neki	NORM
jamram	O
in	O
mi	O
noben	O
ne	O
sledi	O
.	O

kava	O
ne	O
prime	O
,	O
cukr	NORM
ne	O
prime	O
,	O
čaj	O
ne	O
prime	O
...	O

da	O
ti	O
nepišeš	NORM
po	O
zs	O
,	O
če	O
pa	O
jaz	O
vem	O
,	O
da	O
zelo	O
rada	O
to	O
počneš	O
samo	O
določenim	O
in	O
zato	O
vem	O
veliko	O
o	O
tebi	O
zelo	O
veliko	O
ampak	O
bom	O
bol	NORM
počasi	O
.	O

barjanskmu	NORM
pa	O
reč	NORM
neka	O
smršavi	O
!!!	O

aja	O
zato	O
se	O
briješ	O
itd.	O
pa	O
šminkaš	O
pa	O
pudraš	O
pa	O
še	O
kaj	O
da	O
sama	O
sebe	O
lažje	O
v	O
špegl	NORM
gledaš	O
?	O

@senca72	O
lahk	NORM
jim	O
prodas	NORM
bluetooth	O
vmesnik	O
za	O
povezavo	O
z	O
iphone	O
pa	O
mal	NORM
kode	O
+	O
knof	O
za	O
objavo	O
highscorov	O
na	O
fb	O
...	O

bo	O
pa	O
verjetno	O
več	O
slovencu	NORM
dns	NORM
kot	O
italjanu	NORM
.	O

alfica	O
siba	NORM
!!	O

::))))	O

@roksrakar	O
mislim	O
pa	O
saj	O
kaj	O
bi	O
pa	O
sploh	O
lahko	O
slo	NORM
narobe	O
v	O
kaj	O
,	O
desetem	O
,	O
krogu	O
zmerjanj	O
med	O
dacicem	NORM
,	O
vucicem	NORM
in	O
thacijem	NORM
,	O
sami	O
carli	O
bildti	O
;)	O
.	O

pa	O
še	O
noben	O
ni	O
baš	O
nešto	O
zdržal	O
.	O

:d	O
:d	O
:d	O
:d	O
:d	O
:d	O

program	O
,	O
tov.	O
lukšićenko	NORM
?	O

jaz	O
mu	O
ne	O
verjamem	O
več	O
.	O

@fall_over	O
tudi	O
danes	O
,	O
ne	O
samo	O
v	O
90tih	NORM
.	O

in	O
tako	O
je	O
@simobil	O
za	O
1,83	O
€	O
/	O
mesečno	O
(	O
cca	NORM
pol	O
leta	O
)	O
zgubil	O
naročnika	O
,	O
ki	O
je	O
potrošil	O
cca	NORM
50	O
€	O
mesečno	O
.	O

:d	O

se	O
pravi	O
na	O
tak	O
način	O
si	O
ti	O
prišla	O
do	O
svoje	O
prve	O
zaposlitve	O
?	O

tko	NORM
je	O
.	O

#zgodovina	O
@anzet	O

@juresink	O
@blogslovenija	O
jih	O
bojo	O
uvozli	NORM
do	O
konc	NORM
leta	O
še	O
tistih	O
27500	O
ki	O
jih	O
rabjo	NORM
sam	NORM
jim	O
mojo	NORM
še	O
trenirke	O
prej	O
kupit	NORM
pa	O
jim	O
je	O
verjetno1/1	NORM

@miranstajerc	O
mah	O
ne	O
.	O

#jutranjabomba	O

kdo	O
pa	O
neb	NORM
,	O
k	NORM
se	O
tok	NORM
dobr	NORM
jé	O
.	O

@shamshnita	O

*	O
sponko	O
brez	O
lastnega	O
obraza	O
kritizirati	O
,	O
obtoževati	O
,	O
blatiti	O
druge	O
ljudi	O
je	O
najmanj	O
kar	O
je	O
podlo	O
!	O

;)	O

najboljaša	NORM
#kvaliteta	O
in	O
#cena	O
pa	O
sta	O
seveda	O
v	O
#grilbox	O
'u	O
http://t.co/tffzgisszj	O

hvala	O
vseen	NORM
!	O

:d	O

oziroma	O
v	O
manjsini	NORM
:d	O
@petersvetina	O

:::)))))	O

ne	O
grem	O
vsak	O
dan	O
na	O
spletno	O
od	O
elektro	O
lj	NORM
brat	O
obvestile	NORM
rt	O
@andrejkaroli	O
:	O
@praprotnix	O
i	O
,	O
kao	O
naj	O
bi	O
jaz	O
vedel	O
?	O

a	O
mogoče	O
kdo	O
ve	O
,	O
kak	NORM
recimo	O
na	O
desni	O
ko	O
mamo	NORM
chat	O
,	O
pa	O
ti	O
kaže	O
tiste	NORM
nek	O
folk	O
navrhu	NORM
,	O
kak	NORM
jih	O
zamenjat	NORM
z	O
drugimi	O
oz.	O
dat	NORM
kire	NORM
vn	NORM
?	O

samo	O
pri	O
njem	O
se	O
lohk	NORM
zgodi	O
..	O
da	O
je	O
nekje	O
odpovedan	O
zarad	NORM
pomanjkanja	O
snega	O
..	O
nekje	O
pa	O
odpovedan	O
zarad	NORM
preveč	O
snega	O

luka	O
stigl	NORM
js	NORM
sm	NORM
se	O
poscal	O
v	O
hlače	O
k	NORM
sm	NORM
se	O
vidu	NORM
.	O

@desalevstek	O
didn't	O
get	O
the	O
joke	O
,	O
sorry	O
.	O

sej	NORM
je	O
lepa	O
brez	O
ja	O
.	O

ehh	O
bomo	O
že	O
nadoknadl	NORM
enkrat	O
:-)	O

sej	NORM
ga	O
samo	O
sezidaš	O
ko	O
maš	NORM
gradnike	O
al	NORM
kaj	O
?	O

s	O
kakim	O
izkljucno	NORM
njegovim	O
fb	O
postom	O
mi	O
polepsa	NORM
se	NORM
kako	O
gnjil	NORM
dan	O
!	O

spet	O
"	O
jehovec	O
,	O
ki	O
maha	O
s	O
stražnim	O
stolpom	O
"	O
.	O

ja	O
ja	O
..	O

(	O
enačba	O
je	O
kar	O
slika	O
,	O
ker	O
mi	O
latex	O
nek	O
error	O
javla	NORM
)	O

dva	O
sodelavca	O
mata	NORM
s4	O
..	O

sej	NORM
ne	O
,	O
da	O
sm	NORM
gledala	O
,	O
samo	O
prikažejo	O
ponavadi	O
vse	O
v	O
drugi	O
luči	O
,	O
kot	O
je	O
res	O
blo	NORM
..	O

@nikec3	O
otroke	O
enačiš	O
s	O
psi	O
.	O

gospod	O
mi	O
je	O
prnesu	NORM
kozarc	NORM
kislih	O
kumarc	NORM
.	O

s	O
tezkim	NORM
srcem	O
,	O
ceprou	NORM
so	O
imele	O
gor	NORM
par	O
slojev	O
tapet	O
in	O
barve	O
:)	O

@tankojoze	O
je	O
za	O
#koalicijo	O
neresen	O
kandidat	O
,	O
politična	O
provokacija	O
in	O
zato	O
ne	O
more	O
izbirati	O
namest.	O
preds.	O
#kpk	O
.	O

@urskasoncek	O
dons	NORM
sm	NORM
meu	NORM
test	O
pa	O
sm	NORM
se	O
začeu	NORM
učit	NORM
učeri	NORM
okol	NORM
9ih	NORM
xd	O

moj	O
odziv	O
je	O
biu	NORM
nepraviln	NORM
:p	O

mozn	NORM
da	O
je	O
graficna	NORM
fuc	NORM
?	O

@tretjeoko	O
aha	O
.	O

pa	O
še	O
nekaj	O

:)	O

pol	NORM
pa	O
nazaj	O
v	O
pisarno	O
...	O

za	O
mail	O
,	O
kak	O
app	O
in	O
message	O
zadeve	O
dovolj	O
...	O

skratka	O
,	O
cestitkeeeee	NORM
!	O

pa	O
ne	O
da	O
si	O
res	O
želim	O
keš	O
namest	NORM
daril	O
,	O
ampak	O
raj	NORM
vidim	O
da	O
ni	O
nč	NORM
,	O
kot	O
nabiralec	O
praha	O
:d	O

no	O
ja	O
,	O
vozilo	O
,	O
kot	O
vsa	O
ostala	O
,	O
nič	O
posebnega	O
,	O
samo	O
malo	O
intelegence	NORM
je	O
potrebno	O
vklopiti	O
.	O

mnenja	O

torej	O
kakovost	O
?	O

načeloma	O
je	O
folder	O
folder	O
,	O
k	NORM
nima	O
veze	O
z	O
pathom	O
do	O
le	O
tega	O
...	O

@gobafunk	O
ja	O
nvem	NORM
vrjetno	NORM
?	O

sm	NORM
iz	O
okolice	O
ljubljane	O

lp	O

nč	NORM
,	O
gremo	O
zidat	O
.	O

rt	O
@spelanovak	O

to	O
mi	O
je	O
heli	O
predlagal	O
...	O

ko	O
se	O
grem	O
zabavat	O
,	O
se	O
ne	O
obremenjujem	O
z	O
ničemer	O
.	O

kere	NORM
sole	NORM
to	O
?	O

@borutkirar	O
jap	O
,	O
to	O
je	O
blo	NORM
tud	NORM
čudovito	O
.	O

tamara-tursic	O
,	O
še	O
poštarja	O
sezujem	O
in	O
mi	O
bo	O
vse	O
jasno	O
.	O

smrt	O
neoliberalnim	O
pisunom	O
!	O

@friedcell	O
star	O
bug	O
,	O
ampak	O
ker	O
ne	O
proizvajajo	O
tega	O
vec	NORM
,	O
in	O
za	O
home	O
userje	O
=	O
good	O
enough	O
,	O
se	O
s	O
tem	O
ne	O
da	O
nobenmu	NORM
vec	NORM
ukvarjat	NORM
...	O

sej	NORM
sem	O
razmišljala	O
,	O
da	O
bi	O
se	O
lotila	O
sama	O
torte	O
.	O

mi	O
je	O
čist	NORM
vseen	NORM
,	O
če	O
je	O
božiček	O
zelen	O
,	O
da	O
ma	NORM
le	O
polno	O
malho	O
samo	O
zame	O
,	O
je	O
tako	O
?	O

ministrstvo	O
za	O
kmetijstvo	O
,	O
gozdarstvo	O
in	O
prehrano	O
(	O
oz.	O
mko	O
oz.	O
mop	O
)	O
ima	O
sektor	O
za	O
podnebne	O
spremembe	O
,	O
ngo	O
,	O
šolstvo	O
in	O
knjigovodstvo	O
.	O

al	NORM
se	O
on	O
to	O
poskuša	O
zvlečt	NORM
ven	O
iz	O
dogovora	O
,	O
al	NORM
me	O
opozarja	O
,	O
da	O
ne	O
bo	O
baš	O
enostavno	O
al	NORM
pa	O
kaj	O
???	O

a	O
ima	O
kdo	O
link	O
z	O
slovenskim	O
komentatorjem	O
prosim	O
....	O

ka	NORM
bi	O
blo	NORM
šele	O
če	O
bi	O
se	O
na	O
balin	O
postrigu	NORM
...	O

odfuk	O
od	O
otoka	O
.	O

kaj	O
res	O
?	O

:)	O

bodo	O
zimske	O
gume	O
dost	NORM
al	NORM
rabim	O
ketne	O
?	O

najprej	O
teži	O
da	O
nč	NORM
ne	O
jem	O
pol	NORM
k	NORM
sm	NORM
lačna	O
pa	O
reče	O
,	O
da	O
nej	NORM
si	O
nardim	NORM
popečeno	O
zelenjavo	O
.	O

@erikaplaninsec	O
@thedamjan	O
prablem	NORM
je	O
,	O
de	NORM
se	O
ke	NORM
nem	NORM
prijde	NORM
pu	NORM
posejbih	NORM
vejzah	NORM
ali	O
pa	O
č	NORM
maš	NORM
izjemnu	NORM
butalske	O
talente	O
.	O

@libertarec	O
@zzturk	O
@crnkovic	O

zato	O
se	O
je	O
nujno	O
treba	O
nove	O
besede	O
učit	NORM
s	O
členi	O
..	O

there	O
is	O
a	O
hope	O
that	O
in	O
the	O
framework	O
of	O
toe	O
the	O
values	O
of	O
dimensionless	O
fundamental	O
parameters	O
will	O
be	O
ultimately	O
calculated	O
.	O

90	O
%	O
slo	NORM
in	O
hrv	NORM
folka	O
ne	O
pogreša	O
yuge	O
..	O

srbi	O
bodo	O
razturili	O
dans	NORM
.	O

^^	O

kdo	O
,	O
kaj	O
,	O
kdaj	O
?	O

verjemi	O
če	O
jo	O
ne	O
bi	O
blo	NORM
bi	O
izvozil	O
še	O
več	O
.	O

probaj	O
updajtati	NORM
os	O
!	O

ne	O
more	O
bit	NORM
tag	O
negativn	NORM
.	O

@plestenjakneza	O
vem	O
#sadlife	O

tonta	O
,	O
hvala	O
za	O
reklamo	O
.	O

mal	NORM
prepozn	NORM
sicer	O
ker	O
je	O
edn	NORM
ze	NORM
fajn	O
zasluzu	NORM
ampak	O
bols	NORM
k	NORM
nc	NORM

knjige	O
so	O
na	O
voljo	O
na	O
obroke	O
in	O
dobava	O
knjig	O
je	O
2	O
-	O
3	O
delovnih	O
dni	O
brez	O
obresti	O
!	O

@lale__	O
ja	O
ma	O
js	NORM
bom	O
ubrau	NORM
uno	NORM
pot	O
k	NORM
je	O
važnu	NORM
sam	NORM
da	O
si	O
krščm	NORM
in	O
če	O
prepričš	NORM
kardinale	O
volilce	O
te	O
izvolijo	O
in	O
..	O
tu	NORM
j	NORM
tu	NORM
...	O

glede	O
na	O
pričevanja	O
je	O
najbolj	O
razbitibilna	O
kitara	O
akustika	O
melodija	O
mengeš	O
c108	O
.	O

@puredestiny	O
ej	O
cejli	NORM
den	NORM
san	NORM
to	O
zijau	NORM
,	O
malo	O
se	O
mi	O
mejša	NORM
že	O
,	O
od	O
prejšnjoga	NORM
tedna	O
to	O
geekan	NORM
,	O
pa	O
tretjine	O
glih	O
pojma	O
še	O
neman	NORM
,	O
ovo	O
pa	O
tak	NORM
tak	NORM

pa	O
ful	O
so	O
mi	O
ušeč	NORM
ta	O
latinska	O
imena	O
:d	O

@sanjamodric	O
kaj	O
to	O
pomeni	O
za	O
nase	NORM
ce	NORM
zvecer	NORM
zmagajo	O
...	O

ne	O
vem	O
pa	O
,	O
kaj	O
zadnje	O
čase	O
mečka	O
.	O

ali	O
pa	O
naredit	NORM
kot	O
estonci	O
ko	O
so	O
prosli	NORM
švede	O
naj	O
jih	O
podjarmijo	O
(	O
sad	O
but	O
true	O
)	O
3	O
-	O
4	O
leta	O
nazaj	O
..	O

no	O
,	O
meni	O
od	O
ud	O
sploh	O
ne	O
pomaga	O
oz.	O
mi	O
zdržijo	O
senčke	O
tam	O
okrog	O
4	O
-	O
5	O
ur	O
brez	O
da	O
grejo	O
v	O
gubo	O

koliko	O
strani	O
že	O
ima	O
ta	O
popravek	O
zgodovine	O
?	O

@ulavovk	O
moja	O
bejba	O
je	O
tut	NORM
farbo	O
dobla	NORM
k	NORM
me	O
je	O
sonce	O
,	O
obupn	NORM
zgleda	O
o.o	O

žvižgovc	NORM
pa	O
itak	O
ves	O
čas	O
teče	O

@savicdomen	O
hehe	O
ampak	O
res	O
!	O

se	NORM
vseeno	O
kulsko	O
presenecenje	NORM
ker	O
nism	NORM
vedu	NORM
@simobil	O

pise	NORM
pa	O
nic	NORM
gor	NORM
.	O

bonton	O
je	O
le	O
na	O
prvem	O
mestu	O
.	O

do	O
nerazumevanja	O
pride	O
zato	O
,	O
ker	O
želite	O
duše	O
opredeliti	O
prostorsko	O
in	O
časovno	O
(	O
morda	O
ima	O
celo	O
volumen	O
in	O
težo	O
??	O
)	O

in	O
posledično	O
bo	O
izumrl	O
človek	O
.	O

hehe	O
,	O
erjavc	NORM
že	O
spet	O
predava	O
in	O
modruje	O
.	O

a	O
veš	O
tist	NORM
,	O
ko	O
pošinfaš	O
glavnega	O
negativca	O
filma	O
the	O
call	O
,	O
potem	O
pa	O
se	O
ti	O
ta	O
oglasi	O
na	O
tvitterju	NORM
.	O

@praprotnix	O
@metinalista	O
@pengovsky	O
@dc43	O
še	O
vedno	O
ne	O
vem	O
,	O
kdo	O
je	O
praprotnix	O
.	O

@lazarjevpolzek	O
ta	O
rt	O
o	O
youtubu	O
.	O

itak	O
je	O
odvisn	NORM
od	O
dvorane	O
pa	O
to	O
,	O
sam	NORM
par	O
eur	O
manj	O
bi	O
ble	NORM
pa	O
lohk	NORM
...	O

meh	O
,	O
sej	NORM
to	O
se	O
isti	O
folk	O
navdušuje	O
nad	O
peinkiherjem	O
kot	O
se	O
tud	NORM
na	NORM
kunstljem	O
.	O

@maja_777	O
js	NORM
pa	O
sam	NORM
če	O
me	O
vprašajo	O
.	O

no	O
ja	O
prisiljeni	O
so	O
bili	O
le	O
tisti	O
fantje	O
,	O
ki	O
so	O
jih	O
s	O
puško	O
porinili	O
na	O
bojišča	O
!!!!	O

veš	O
,	O
kje	O
je	O
napaka	O
?	O

@nivesnives	O
moje	O
sozalje	NORM
:)	O
...	O

nič	O
men	NORM
ni	O
jasen	NORM
...	O

kako	O
je	O
bilo	O
prej	O
,	O
pa	O
ne	O
vem	O
#luzerji	O

@pietrodom	O
jp	NORM
,	O
švoh	O
delujejo	O
mentalno	O
.	O

@airbeletrina	O
s	O
prvo	O
videoreportažo	O
z	O
@24liffe	O
!	O

zaj	NORM
pa	O
dokazujem	O
svojo	O
starost	O
.	O

ne	O
jaz	O
bi	O
še	O
za	O
vsak	O
slučaj	O
počakal	O
......	O
nekaj	O
tisoč	O
let	O
da	O
nas	O
nezemljani	O
najdejo	O
.......	O
ali	O
pa	O
se	O
med	O
sabo	O
pobijejo	O

tud	NORM
ce	NORM
bi	O
spremenu	NORM
ime	O
,	O
je	O
se	NORM
zmeri	NORM
vidno	O
,	O
kdaj	O
je	O
bil	O
profil	O
ustvarjen	O
.	O

:)	O

10	O
najdražjih	O
#hamburger	O
'jev	O
na	O
svetu	O
...	O

lp	O

kaj	O
so	O
oni	O
tud	NORM
fašisti	O
?	O

thx	NORM

vsekakor	O
pa	O
z	O
to	O
preteklostjo	O
še	O
ni	O
zaključil	O
,	O
na	O
tebi	O
pa	O
je	O
da	O
sprejmeš	O
odločilne	O
korake	O
za	O
svoje	O
življenje	O
,	O
samo	O
strah	O
naj	O
te	O
ne	O
bo	O
!	O

saj	O
bi	O
napisal	O
še	O
nekaj	O
kaj	O
bi	O
bilo	O
direktno	O
v	O
topicu	O
............	O
ampak	O
trenutno	O
nimam	O
idej	O

@savicdomen	O
@megafotr	O
ostal	O
je	O
po	O
2	O
sv	NORM
vojni	O
ker	O
so	O
italijani	O
tolk	NORM
swabic	NORM
nategnil	NORM
...	O

glavni	O
igralec	O
v	O
filmu	O
,	O
kolk	NORM
je	O
zaslužil	O

jao	O
,	O
pa	O
kaj	O
folk	O
res	O
nima	O
nič	O
bolj	O
pametnega	O
za	O
počet	NORM
?	O

od	O
kod	O
njemu	O
tooliko	NORM
denarja	O
?	O

ko	O
si	O
mulo	O
pr	NORM
20	O
je	O
drgač	NORM
,	O
kot	O
če	O
skrbiš	O
še	O
za	O
koga	O
.	O

draga	O
republjik	O
,	O
vračam	O
ti	O
3	O
nekoriščne	NORM
dni	O
lanskega	O
dopusta	O
.	O

rečmo	NORM
kot	O
oprostite	O
!	O

tako	O
sem	O
besen	O
na	O
to	O
svojat	O
,	O
da	O
lahko	O
rečem	O
samo	O
še	O
jebemti	O
.	O

#tipicnozensko	O

dva	O
meseca	O
prepozno	O
v	O
formi	O

^^	O

@tinalatisha	O
@ellasellamaana	O
sam	NORM
nalakirani	O
nohtki	O
res	O
polepšajo	O
življenje	O
in	O
dvignejo	O
samozavest	O
.	O

heh	O
...	O

na	O
tvojem	O
mestu	O
bi	O
jih	O
tožil	O
za	O
mastne	O
zelence	O
.	O

matr	NORM
ne	O
zastopm	NORM
teh	O
fanatikov	O
...	O

tole	O
si	O
pa	O
ene	O
stare	O
spomine	O
potegnu	NORM
z	O
moje	O
glave	O
....	O

also	O
,	O
končno	O
se	O
skor	NORM
prov	NORM
ne	O
sliš	NORM
explozij	NORM
/	O
collisnov	NORM
.	O

@dc43	O
lol	O
.	O

če	O
mi	O
ne	O
uspe	O
mature	O
dobr	NORM
narest	NORM
,	O
grem	O
še	O
vseen	NORM
lahko	O
v	O
kranj	O
na	O
organizacijo	O
...	O

:*	O
:*	O

a	O
poj	NORM
pri	O
db	O
dragu	O
niso	O
tekmovalci	O

aha	O
,	O
krasno	O
,	O
hvala	O
,	O
se	O
sklada	O
tudi	O
z	O
drugo	O
,	O
ravnokar	O
pridobljeno	O
,	O
informacijo	O
.	O

@iztokgartner	O
@urskitka	O
@_aney	O
za	O
@stylingovernet	O
sem	O
jo	O
delala	O
..	O

gittaana	O

ivanova	O
bolša	NORM
polovica	O
.	O

neverjetno	O
.	O

samo	O
zaj	NORM
(	O
cont	NORM
)	O
http://t.co/mukk3slo	O

sporočam	O
,	O
da	O
klavirja	O
več	O
ne	O
poučujem	O
.	O

kaka	O
ženska	O
pa	O
ja	O
paše	O
..	O
da	O
per	NORM
prnese	NORM
.	O

bravo	O
kralji	O
,	O
vesel	O
sm	NORM
da	O
sm	NORM
spusil	NORM
stavo	O
-	O
prav	O
mi	O
je	O
.	O

@lara4850	O
@erikaplaninsec	O
@tulipanka18	O
@istefan1975	O
@free__jj	O
@tvslv	O
passive	O
aggressive	O
personality	O
slo	NORM
=	O
raj	O
zanje	O
(	O
zato	O
tolikosamomorov	NORM
/	O
preb	NORM

js	NORM
loh	NORM
dokažem	O
,	O
da	O
sem	O
to	O
ime	O
ukradu	NORM
prej	O
:	O
http://t.co/jqjriir9so	O
#2007	O

ampak	O
grem	O
rajs	NORM
v	O
soping	NORM
.	O

skos	NORM
sm	NORM
vm	NORM
pomagala	O
,	O
usak	NORM
drek	O
sm	NORM
vm	NORM
šla	O
gledat	O
alpa	NORM
povedat	O
..	O

@hamaxx	O
ni	O
mi	O
mar	O
za	O
zasebnost	O
.	O

@missnymphee	O
mela	NORM
sem	O
ga	O
1x	O
samo	O
in	O
to	O
doma	O
:)	O

razgled	O
pa	O
kr	NORM
je	O
:	O
http://t.co/gxlwoxeh	O

najhujša	O
nanizanka	O
na	O
discoveryu	NORM
.	O

faraguna	O
pa	O
ma	NORM
očitno	O
cajt	O
za	O
vse	O
budalaščine	O
na	O
fbju	NORM
,	O
razn	NORM
da	O
bi	O
odgovoril	O
za	O
labin	O
ne	O
.	O

#brezsramu	O
še	O
naprej	O
pametuje	O
...	O

kje	O
pa	O
se	O
nahajajo	O
kake	O
slike	O
?	O

je	O
pa	O
fajb	NORM
bit	NORM
spredi	NORM
,	O
l.	O
pravi	O
filing	O
je	O
tle	NORM
.	O

a	O
greva	O
milkshake	O
narest	NORM
tko	NORM
kt	NORM
v	O
filmu	O
ghost	O
,	O
sam	NORM
da	O
sta	O
onadva	O
glinen	O
pepelnik	O
delala	O
,	O
midva	O
bova	O
pa	O
milkshake	O
.	O

hvala	O
za	O
odgovor	O
.	O

po	O
enem	O
letu	O
pa	O
pol	O
pogruntal	O
kaj	O
je	O
povzročalo	O
freeze	O
na	O
mojmu	NORM
kompu	O
driver	O
za	O
asus	O
matično	O
atk	O
0110	O
:p	O

če	O
neb	NORM
sam	NORM
mislu	NORM
na	O
državni	O
udar	O
,	O
tud	NORM
pripisoval	O
ga	O
neb	NORM
vsem	O
naokrog	O
.	O

samo	O
ne	O
utrujaj	O
tle	NORM
gor	NORM
.	O

hecam	O
se	O
,	O
jst	NORM
ga	O
vse	O
razumem	O
:)	O

bolano	O
:)	O
...	O

živjo	O
a	O
mi	O
lahko	O
kdo	O
pošlje	O
omenjeni	O
predlog	O
na	O
moj	O
email	NORM

mariborčan	O
.	O

komad	O
pa	O
kokr	NORM
vem	O
tud	NORM
ni	O
njihov	O
-	O
edini	O
talent	O
da	O
so	O
#boybend	O
#slotalent	O

uverstitve	NORM
pa	O
lucjan	NORM
13	O
,	O
česn	NORM
okol	NORM
20	O
in	O
jst	NORM
4.	O
dns	NORM
tudi	O
pridemo	O
.	O

še	O
dobr	NORM
,	O
da	O
sem	O
vljudna	O
:d	O

to	O
bos	NORM
res	O
prodal	O
ja	O
gg	O

a	O
:	O
nehi	NORM
mi	O
spojlat	NORM
,	O
no	O
!	O

prit	NORM
me	O
kej	NORM
pogledat	O
v	O
pondelk	NORM
,	O
ko	O
bom	O
s	O
šalom	O
reala	O
po	O
lj	O
lutu	NORM
.	O

@sbaksuz	O
@kurcevski	O
tko	NORM
kot	O
je	O
blo	NORM
na	O
v	O
zalogu	O
na	O
hokej	O
tekmi	O
jesenic	O
,	O
ko	O
sm	NORM
@rosso76s	O
delal	O
zadrego	O
,	O
ker	O
nism	NORM
bil	O
true	O
fan	O
s	O
kurčevim	O
šalom	O

je	O
kdo	O
ki	O
isto	O
takrat	O
potuje	O
al	NORM
pa	O
mogoce	NORM
ksn	NORM
k	NORM
je	O
ze	NORM
dol	NORM
pa	O
se	O
dobimo	O
na	O
kaksni	NORM
kavici	O
ali	O
pivu	O
:)	O

jaz	O
sem	O
za	O
take	O
aktivnosti	O
,	O
če	O
bo	O
družba	O
nekje	O
mojih	O
let	O
,	O
recimo	O
30	O
-	O
45	O
.	O

no	O
na	O
eni	O
nagradni	O
igri	O
sem	O
dobil	O
bon	O
za	O
savnanje	O
,	O
zdei	NORM
pa	O
iščem	O
prijetno	O
družbico	O
(	O
žensko	O
)	O
za	O
v	O
savno	O
:)	O

hvala	O
bogu	O
na	O
višavah	O
in	O
černaču	O
postojnskem	O
.	O

@miharejc	O
ob	O
prijavi	O
link	O
bi	O
moral	O
postnit	NORM
link	O
na	O
čas	O
,	O
ki	O
ti	O
ga	O
je	O
izmeril	O
timing	O
lj.	O
ostane	O
še	O
preverjanje	O
tistih	O
,	O
ki	O
imajo	O
čas	O
iz	O
tujine	O
.	O

http://t.co/8aoqi42vsi	O
daleč	O
od	O
tega	O
,	O
da	O
bi	O
mi	O
bli	NORM
pr	NORM
srcu	O
,	O
sploh	O
dule	O
...	O
ampak	O
povejo	O
vse	O
v	O
minuti	O
in	O
pol	O
.	O

http://t.co/ylhxkr6r6z	O

tekst	O
pa	O
ni	O
slab	O
.	O

medium	O
raw	O
.	O

tudi	O
abenomics	O
,	O
ne	O
le	O
križanomics	O
,	O
oz	NORM
damijanomics	O
,	O
so	O
–	O
hvala	O
nasvetom	O
krugmana	O
–	O
dizaster	O
http://t.co/ouickigmbm	O
...	O

ko	O
se	O
tuče	O
,	O
taj	O
se	O
voli	O
...	O

@superbaska	O
strinjam	O
,	O
ampak	O
...	O

no	O
sej	NORM
usak	NORM
po	O
svoje	O
js	NORM
sm	NORM
se	O
udlocla	NORM
za	O
mau	NORM
spremembe	O
.	O

grozovito	O
me	O
spravlja	O
ob	O
zivce	NORM
da	O
je	O
ne	O
morm	NORM
najdt	NORM
pa	O
fentat	NORM
grr	O

@milanzver	O

-	O
dej	NORM
,	O
sam	NORM
nehi	NORM
se	O
me	O
drzat	NORM
,	O
da	O
ne	O
bos	NORM
se	NORM
mene	O
zdru	NORM
.	O

@jure_bajic	O
kera	NORM
beda	O
.	O

kako	O
si	O
??	O

;)	O

fotko	O
s	O
fordom	O
?	O

konoplja	O
je	O
super	O
za	O
novo	NORM
jest	NORM
pa	O
jo	O
lohk	NORM
sam	NORM
popušim	O
u	O
staroj	O
kući	O

se	O
bo	O
z	O
dekco	NORM
čez	O
glavo	O
pokril	O
...	O
tko	NORM
sram	O
ga	O
bo	O
...	O

:)	O

zato	O
pa	O
so	O
bajuka	O
in	O
janšo	O
žigosali	O
kot	O
"	O
neoliberalca	O
"	O
,	O
čeprav	O
sta	O
ravno	O
tako	O
socialna	O
kot	O
levaki	O
.	O

veste	O
,	O
oni	O
nimajo	O
za	O
jest	NORM
,	O
vi	O
si	O
pa	O
majce	NORM
tiskate	O
.	O

drgac	NORM
smo	O
pa	O
prvi	O
dan	O
prezvel	NORM
na	O
jabolkih	O
,	O
korenju	O
,	O
oresckih	NORM
,	O
govedini	O
v	O
solati	O
in	O
vodi	O
.	O

@nadkaku	O
@medeja_7	O
@antontomazic	O
o	O
pumpanju	O
je	O
zmir	NORM
glih	O
povsod	O
po	O
komunajzl	NORM
svetu	O
,	O
murgl	O
kaviar	O
yu	NORM
smrkavc	NORM
ni	O
izjema	O
:	O

@petrasovdat	O
kle	NORM
so	O
itak	O
offshore	O
vampirji	O
.	O

facepalm	O
all	O
the	O
way	O
.	O

ne	O
maila	O
,	O
skypa	O
ipd.	O

@uros_m	O
rule	O
nr.	O
1	O
je	O
itak	O
da	O
ma	NORM
vsak	O
svojga	NORM
fave	O
dohtarja	O
.	O

pomen	NORM
,	O
da	O
si	O
nesposobna	O
in	O
ga	O
očitno	O
ne	O
znač	NORM
dobr	NORM
povlečt	NORM
.	O

3500	O
,	O
3500	O
-	O
mogoče	O
5000	O
jih	O
je	O
danes	O
prišlo	O
,	O
toliko	O
kot	O
na	O
vaške	O
volitve	O
,	O
za	O
izbiro	O
vaških	O
svetnikov	O
.	O

ja	O
,	O
zihr	NORM
je	O
kakšen	O
venezuelski	O
jj	O
kriv	O
,	O
da	O
so	O
police	O
prazne	O
...	O

pa	O
razdraženi	O
očesi	O
mam	NORM
,	O
sam	NORM
to	O
upam	O
da	O
je	O
kriva	O
alergija	O
:$	O

:p	O

@iztokgartner	O
ob	O
2.00	O
zjutri	NORM
zdi	O
se	O
mi	O
da	O
e	O
že	O
fura	O
red	O
karpet	O
nori	O
so	O
2	O
ure	NORM
pred	O
šovom	O
aja	O
pa	O
končno	O
tvoja	O
julia	O
je	O
nominirana	O
:)	O

da	O
bom	O
lohk	NORM
bratuškovo	O
dal	O
za	O
komisarko	O
#fuckthemall	O

lep	O
pozdrav	O
,	O
iztok	O
pilih	O
arthron	O
,	O
sklepne	O
in	O
športne	O
poškodbe	O
ljubljana	O
,	O
celje	O
,	O
maribor	O
,	O
nova	O
gorica	O
041	O
654	O
330	O
,	O
,	O

ne	O
,	O
no	O
...	O

ma	O
smo	O
si	O
eno	O
mičkeno	O
podobne	O
medve	NORM
...	O

:-)	O

drugac	NORM
se	O
pa	O
oproscsm	NORM
res	O
jih	O
je	O
blo	NORM
vec	NORM
kot	O
20	O
kot	O
sm	NORM
napisu	NORM

@dynamitea	O
@grossbruder	O
da	O
ne	O
bosta	O
sam	NORM
fouš	O
,	O
ponoč	NORM
je	O
mal	NORM
scary	O
.	O

na	O
oi	O
pa	O
lahko	O
igrajo	O
le	O
kot	O
uk	O
.	O

@bosstjanz	O
ne	O
vem	O
,	O
če	O
upam	O
povedat	NORM
naglas	NORM
,	O
cepam	O
od	O
smeha	O
ob	O
"	O
podlanka	O
"	O
ker	O
sm	NORM
mislila	O
do	O
zdaj	O
da	O
se	O
reče	O
poddlaka	O
:d	O
@tiskraba	O
@misavugrinec	O

če	O
si	O
bil	O
na	O
vstaji	O
ja	O
..	O
drgač	NORM
pa	O
ne	O

uspelo	O
mu	O
je	O
samo	O
,	O
ko	O
je	O
bil	O
njegov	O
šef	O
katanec	O
.	O

isusek	O
on	O
ze	NORM
prezvecen	NORM
in	O
izpljunen	NORM
..	O

le	O
kje	O
si	O
do	O
sedaj	O
hodil	O
,	O
boh	NORM
te	O
nima	O
rt	NORM
?	O

to	O
je	O
to	O
se	NORM
3	O
mesci	NORM
do	O
19ke	NORM
tko	NORM
da	O
akcija	O
;)	O

tenks	O
,	O
čav	NORM
,	O
lahko	O
noč	O

#szk	O

str	NORM
sm15	NORM
let	O
in	O
se	O
ukvarjam	O
s	O
športom	O
.	O

@nusazajc	O
@petra_jansa	O
tudi	O
'	O
zamejstva	O
'	O
je	O
deplasirano	O
!	O

i'll	O
sleep	O
when	O
i'm	O
dead	O
,	O
je	O
bon	O
jovi	O
reku	NORM
.	O

rečmo	NORM
kot	O
jasno	O
je	O
!	O

je	O
to	O
dejansko	O
možno	O
?	O

pač	O
uzameš	NORM
...	O

sam	NORM
to	O
še	O
ne	O
pomen	NORM
kdo	O
je	O
bl	NORM
"	O
pameten	O
"	O
;	O

:)	O

samo	O
plan	O
je	O
naredit	NORM
dodatno	O
(	O
multiplatform	O
)	O
gui	O
verzijo	O
tega	O
v	O
pythonu	O

kopitar	O
se	O
pač	O
spozna	O
samo	O
na	O
kopitljanje	O
za	O
ljubljenim	O
vodjo	O
kot	O
je	O
bilo	O
v	O
titovi	O
neuvrščeni	O
jugoslaviji	O
.	O

pred	O
kratkim	O
sem	O
bila	O
pri	O
ortopedu	O
zaradi	O
bolečin	O
v	O
hrbtenici	O
,	O
povedal	O
mi	O
je	O
da	O
imam	O
skoliozo	O
.	O

@erikaplaninsec	O
@assiski	O
@tulipanka18	O
džizs	O
,	O
to	O
bi	O
b'lo	NORM
fajn	O
,	O
če	O
gresta	O
,	O
ko	O
bosta	O
najbolj	O
razpištolane	O
,	O
tja	O
v	O
murgle	O
mal	NORM
razgrajat	O
.	O

sem	O
za	O
cigansko	O
restavracijo	O
!	O

lahko	O
pa	O
tud	NORM
,	O
kaj	O
pa	O
vem	O
,	O
ko	O
se	O
na	O
svetu	O
tolk	NORM
dogaja	O
:)	O

@ivicazup	O
ne	O
,	O
sej	NORM
js	NORM
sem	O
čisto	O
za	O
druge	O
barve	O
tudi	O
,	O
to	O
je	O
nekoč	O
en	O
frend	O
stalno	O
ponavljal	O
:)	O

ce	NORM
se	O
nam	O
vlak	O
do	O
lj	NORM
ne	O
pokvari	O
v	O
kr	NORM
smo	O
ze	NORM
kar	O
zmagal	NORM
tale	O
ponedeljek	O
.	O

dons	NORM
sm	NORM
pa	O
res	O
mislava	NORM
da	O
bojo	O
se	O
stepli	O
..	O

sam	NORM
če	O
te	O
pa	O
že	O
posnamejo	O
,	O
pa	O
bod	NORM
rajš	NORM
tih	NORM
,	O
kot	O
da	O
rečeš	O
,	O
da	O
so	O
te	O
zmontiral	NORM
v	O
posnetek	O
.	O

jutri	O
bom	O
jaz	O
na	O
vrsti	O

vazno	NORM
da	O
zdrzis	NORM
do	O
jutra	O
:p	O

@krofdrakula	O
ker	O
ko	O
pride	O
updated	O
verzija	O
libraryja	O
in	O
bo	O
nekdo	O
k	NORM
ne	O
bo	O
vedu	NORM
da	O
so	O
custom	O
spremembe	O
povozu	NORM
originaln	NORM
fajl	O
and	O
stuff	O
breaks	O

sredn	NORM
:	O
mami	O
,	O
js	NORM
bom	O
skocu	NORM
z	O
busa	O
.	O

trto	O
je	O
treba	O
nacionalizirat	NORM
in	O
jo	O
dati	O
sovhozu	O

2/2	O

;)	O

drzi	NORM
pesti	O
zdele	NORM
,	O
lastnik	O
spet	O
na	O
liniji	O
...	O

@markopahor	O
dejva	NORM
kar	O
datum	O
določit	NORM
,	O
kaj	O
praviš	O
?	O

končalo	O
se	O
je	O
slabo	O
za	O
inter	O
...	O

lol	O
,	O
še	O
celo	O
samsung	O
je	O
šel	O
na	O
4k	O
snemanje	O
z	O
dslrjem	NORM
....	O

to	O
,	O
da	O
naj	O
bi	O
pr.	O
ek	O
izbral	NORM
med	O
večimi	O
kandidati	O
je	O
popoln	O
nesmisel	O
.	O

no	O
,	O
ni	O
čist	NORM
tko	NORM
.	O

dokler	O
ne	O
bo	O
kakih	O
konkretnih	O
posnetkov	O
oz.	O
meritev	O
,	O
je	O
brezveze	O
sploh	O
še	O
kar	O
debatirat	NORM
in	O
ugibat	NORM

ability	O
is	O
what	O
you're	O
capable	O
of	O
doing	O
.	O

vsi	O
so	O
sli	NORM
be	NORM
.	O

včasih	O
je	O
treba	O
res	O
izklopit	NORM
ves	O
cinizem	O
in	O
bit	NORM
hvaležen	O
za	O
vse	O
v	O
življenju	O
.	O

:p	O

jst	NORM
se	O
pa	O
ob	O
tej	O
pesmi	O
spomnem	NORM
na	O
marileno	O
...	O

@puredestiny	O
temptation	O
)	O
te	NORM
dale	NORM
pa	O
san	NORM
za	O
konec	O
po	O
30	O
stm	O
na	O
rammsteine	O
sau	NORM
,	O
drugi	O
den	NORM
san	NORM
biu	NORM
na	O
blue	O
stage	O
vecinoma	NORM
,	O
oz	NORM
kr	NORM
vse	O

@jasalorencic	O
@rtv_slovenija	O
jah	O
,	O
lej	NORM
,	O
noben	O
noče	O
7:1	O
spušit	NORM
...	O

itak	O
pa	O
bosanca	O
v	O
matematiki	O
ni	O
tezko	NORM
prehitet	NORM
!	O

@andrejavalic	O
@milanzver	O
@kizidor	O
@petra_jansa	O
@mladinavso	O
res	O
je	O
.	O

@redhotfeferon	O
mo	NORM
vijdla	NORM
v	O
soboto	O
,	O
če	O
ma	NORM
oča	NORM
kaj	O
alkohola	O
doma	O
...	O

a	O
mate	NORM
u	NORM
lublan	NORM
tud	NORM
morje	O
?	O

pomi	O
,	O
pohvalno	O
,	O
da	O
si	O
za	O
akcijo	O
.	O

pol	NORM
si	O
3.	O
letnik	O
...	O

se	O
strinjaš	O
?	O

sej	NORM
zna	O
biti	O
,	O
da	O
bo	O
spet	O
deal	O
na	O
amazonu	O
.	O

o	O
kul	O
.	O

do	O
i	O
really	O
need	O
a	O
salad	O
spinner	O
in	O
my	O
life	O
?	O

bi	O
mi	O
zelo	O
prov	NORM
prsle	NORM
ksne	NORM
info	NORM
iz	O
prve	O
roke	O
.	O

@godavid7	O
david	O
zdj	NORM
ti	O
bom	O
moral	O
malo	O
kontrirati	O
...	O

a	O
to	O
,	O
da	O
mi	O
skos	NORM
prekinja	O
signal	O
@radioterminal	O
prek	O
airplay	O
na	O
stolpu	O
,	O
je	O
kriv	O
moj	O
wifi	O
signal	O
al	NORM
njihov	O
signal	O
do	O
mojga	NORM
kompa	O
?	O

ni	O
se	O
izgubil	O
,	O
samo	O
ni	O
se	O
odobril	O
sam	O
po	O
sebi	O
,	O
kot	O
prej	O
,	O
ampak	O
se	O
je	O
skril	O
med	O
"	O
še	O
neodobrene	O
"	O
.	O

po	O
par	O
dnevih	O
osvojis	NORM
gibe	O
na	O
novem	O
os	O
in	O
je	O
to	O
to	O
.	O

nč	NORM
strašnega	O
,	O
samo	O
kri	O
se	O
ni	O
ustavit	NORM
hotla	NORM
.	O

@sivanosoroginja	O
verjetno	O
se	O
ti	O
zna	O
hmal	NORM
spet	O
odlimat	NORM
.	O

@nika__b	O
dans	NORM
sem	O
z	O
znanstveno	O
analizo	O
pršla	NORM
do	O
zakljulčka	NORM
da	O
so	O
nizozemci	O
že	O
v	O
16.	O
stoletju	O
velik	NORM
bolš	NORM
zgledal	NORM
in	O
se	O
oblačl	NORM
kot	O
vsi	O
ostali	O

:-d	O
..	O

po	O
gledanju	O
oi	O
in	O
vseh	O
hokejev	O
dans	NORM
mi	O
je	O
za	O
ligo	O
prvakov	O
bolj	O
ravno	O
kot	O
za	O
mali	O
štikl	O
bureka	O
,	O
ki	O
mi	O
je	O
3	O
dni	O
nazaj	O
pado	NORM
na	O
tla	O
..	O

@puredestiny	O
ge	NORM
bi	O
letos	O
resno	O
fuuul	NORM
šau	NORM
na	O
rock	O
im	O
park	O
,	O
ka	NORM
je	O
čuda	O
dober	O
line	O
up	O
,	O
pa	O
sicer	O
je	O
identično	O
kak	NORM
rock	O
am	O
ring	O
,	O
samo	O
je	O
sredi	O

#liffe2014	O

pač	O
nivo	O
kulture	O

al	NORM
misliš	O
,	O
da	O
je	O
stara	O
nosila	O
na	O
tržnico	O
?	O

pred	O
eu	O
volitvami	O
..	O

@opica	O
v	O
firencah	O
jej	O
v	O
il	O
santo	O
bevitore	O
;	O
karte	O
za	O
uffici	NORM
rez	NORM
vnaprej	O
;	O
santa	O
maria	O
novella	O
kozmetika	O
;	O
over	O
the	O
top	O
večerja	O
pri	O
il	O
latini	O

@schoo666	O
med	NORM
ko	O
s	O
tem	O
ta	O
hudim	O
asusom	O
traja	O
par	O
sekund	O
dlje	O
,	O
ravno	O
tolk	NORM
da	O
javijo	O
vsi	O
appi	O
da	O
ni	O
connectiona	O
potem	O
pa	O
morm	NORM
refreshat	NORM
..	O

samostojno	O
delam	O
okna	O
,	O
vhodna	O
vrata	O
,	O
stopnice	O
,	O
možna	O
dela	O
tudi	O
za	O
hišnika	O
.	O
.	O
.	O

:)))	O

rečmo	NORM
kot	O
igramo	O
!	O

no	O
,	O
tist	NORM
:)	O
http://t.co/40wvoeclb6	O

@avodovnik	O
aja	O
,	O
ups	O
:)	O

zvečer	O
to	O
hodita	O
,	O
ko	O
dam	O
otroka	O
spat	O
?	O

mylittleone	O
bi	O
dol	O
padel	O
od	O
veselja	O
,	O
če	O
bi	O
bil	O
zdajle	O
na	O
najini	O
končni	O
postaji	O
.	O

#bratovpiknik	O

:)	O

tu	O
je	O
kao	O
niti	O
zamenjat	NORM
ne	O
mors	NORM
v	O
mojem	O
..	O

zdej	NORM
..	O

:)	O

reporter	O
..	O
politiks	NORM
....	O
itd.	O
..	O

mami	O
se	O
je	O
odločla	NORM
skuhat	NORM
golaž	O
in	O
ker	O
ima	O
cca	NORM
10	O
kg	O
čebule	O
premalo	O
,	O
je	O
šla	O
po	O
vasi	O
ter	O
jo	O
dobila	O
od	O
sosedov	O
.	O

hhhaha	O
kak	NORM
jo	O
je	O
zdaj	O
zjebal	O
to	O
voditelco	NORM
...	O

se	O
strinjam	O
motore	O
,	O
gremo	O
se	O
rajš	NORM
o	O
čem	O
drugem	O
pravhat	O
.	O

@fin1mark	O
@turinek	O
malo	O
morgen	O
!!!!	O

niste	O
dsp	O
da	O
bi	O
se	O
s	O
takimi	O
obkladali	O
.	O

@awesome_klara	O
men	NORM
pa	O
gedeon	O
ni	O
zgledu	NORM
policaj	O
.	O

hello	O
twitter	O
!	O

hahahahaha	O
skos	NORM
je	O
isto	O
!	O

@lazarjevpolzek	O
neee	NORM
,	O
oni	O
suhi	O
ko	O
bi	O
lahk	NORM
meli	NORM
3x	O
debelejso	NORM
roko	O
pa	O
bi	O
se	NORM
vedno	O
blo	NORM
placa	O
za	O
3	O
ljudi	O
,	O
glede	O
na	O
to	O
kolk	NORM
na	O
siroko	NORM
hodijo	O

#joške	O
&amp;	O
#martialarts	O
combined	O
#sof2014	O
http://t.co/8agyczmhq2	O

z	O
prstom	O
sem	O
se	O
dotikal	O
njenje	NORM
nožnice	O
.	O

iz	O
tvojih	O
ust	O
v	O
božje	O
roke	O
,	O
pa	O
vendar	O
jaz	O
vem	O
,	O
da	O
nikoli	O
ne	O
morem	O
zanositi	O
.	O

za	O
vse	O
ki	O
imate	O
azoospermijo	O
,	O
bi	O
vam	O
rad	O
vlil	O
malo	O
več	O
upanja	O
,	O
bo	NORM
biopsiji	O
testisov	O
in	O
dveh	O
icsi	O
oploditev	O
v	O
ukc	O
ljubljana	O
se	O
mi	O
je	O
rodila	O
zdrava	O
hčerka	O
,	O
upam	O
da	O
vam	O
bo	O
uspelo	O
.	O

si	O
vedel	O
da	O
se	O
v	O
avstraliji	O
trenutno	O
gradi	O
klinični	O
center	O
?	O

mene	O
pa	O
zanima	O
naslednje	O
.	O

''	O
ne	O
''	O

očitno	O
@garethbale11	O
ne	O
ve	O
da	O
me	O
ni	O
tam	O
:)	O

pa	O
so	O
jim	O
pol	NORM
cokoladke	NORM
posiljal	NORM
ob	O
praznikih	O
;)	O

tko	NORM
kot	O
se	O
od	O
vege	O
obrazci	O
in	O
ne	O
kalkulatorji	O
.	O

:)	O

@mitjamavsar	O
sem	O
najprej	O
pomislil	O
,	O
da	O
gre	O
za	O
app	O
,	O
ki	O
npr.	O
sledi	O
objavam	O
spletnih	O
novic	O
...	O
da	O
vidis	NORM
kako	O
se	O
sirijo	NORM
in	O
kaj	O
je	O
popularno	O

ubistvu	NORM
je	O
nastala	O
med	O
laufanjem	O
na	O
šmarno	O
(	O
lovila	O
vzhod	O
,	O
ki	O
je	O
bil	O
meh	O
)	O
.	O

odlična	O
podaja	O
res	O
.	O

poglej	O
si	O
http://t.co/o196c10nya	O
in	O
podobne	O
storitve	O
.	O

čeprov	NORM
bi	O
jih	O
jst	NORM
tut	NORM
rada	O
mela	NORM
skup	O
:)	O

tako	O
nekako	O
.	O

za	O
na	O
ibico	NORM
pa	O
thule	O
in	O
thinktank	NORM
.	O

::::::))))))))))	O

@mrgabbah	O
plan	O
je	O
za	O
ene	O
4	O
-	O
5	O
dni	O
skočit	NORM
na	O
sosednji	O
otoček	O
porto	O
santo	O
.	O

:)))	O

@lajnar_eu	O
jedro	O
nemoči	O
obsodbe	O
tranizcijskih	NORM
tatov	O
je	O
v	O
tem	O
,	O
da	O
ne	O
rabijo	O
dokazat	NORM
od	O
kje	O
jim	O
premoženje	O
...	O

morm	NORM
rečt	NORM
da	O
sm	NORM
biu	NORM
kr	NORM
lep	O
otrok	O
:d	O

kako	O
naj	O
posnamejo	O
film	O
,	O
če	O
jim	O
nikjer	O
ne	O
bi	O
dovolil	NORM
?	O

valovanje	O
,	O
stiskanje	O
je	O
za	O
vas	O
energija	O
ne	O
način	O
prenosa	O
energije	O
(	O
vzmet	O
)	O

hehe	O
dankešun	NORM
enako	O
vedno	O
mi	O
lah	NORM
zaupaš	O
to	O
veš	O
:)**	O

tezave	NORM
z	O
elektriko	O
...	O

btw	O
oboji	O
mi	O
in	O
slovaki	O
mamo	NORM
skor	NORM
enaki	O
zastavi	O
z	O
barvami	O
enakimi	O
ruski	O
,	O
kot	O
bi	O
bili	O
ruska	O
provinca	O

za	O
to	O
so	O
sailorji	O
,	O
sharki	O
..	O

srecno	NORM
v	O
finalu	O
!	O

enkrat	O
,	O
da	O
je	O
,	O
drugič	O
,	O
da	O
ni	O

lepo	O
vas	O
prosim	O
,	O
obupanci	O
eni	O
.	O

@z8_lj	O
?	O

hahaha	O

oz.	O
so	O
vsaj	O
bli	NORM
30	O
let	O
nazaj	O
:d	O

@urskitka	O
@gobafunk	O
@petersvetina	O
@ales_gantar	O
@anja_gantar	O
@hammanuela	O
@7_burger_kamnik	O
sej	NORM
mene	O
ni	O
blo	NORM
no	O
.	O

tam	O
kofeina	O
ne	O
rabiš	O
.	O

tako	O
da	O
hvala	O
še	O
enkrat	O
tebi	O
in	O
tvojim	O
prijateljem	O
za	O
pomoč	O
.	O

@petraslanic	O
nope	O
,	O
ob	O
5h	O
komaj	O
zapustila	O
hostel	O
...	O

@rsustar	O
@val202	O
in	O
kolikor	O
je	O
gov	NORM
kompenzirala	O
z	O
večjo	O
trošarino	O
je	O
slo	NORM
(	O
gov	NORM
+	O
pipl	O
)	O
zero	O
sum	O
,	O
to	O
je	O
le	O
transfer	O
€	O
od	O
(	O
pipl	O
=	O
&lt;	O
gov	NORM
)	O
?	O

via	O
@davorinpavlica	O
@wuxscho	O
@loudk	O

@gobafunk	O
narediš	O
jo	O
za	O
butce	O
:d	O

hvala	O
!	O

danes	O
jih	O
najbrž	O
ni	O
blo	NORM
več	O
moč	O
dobit	NORM
.	O

+	O

----	O
torej	O
namesto	O
dopolnilnega	O
zavarovanja	O
bo	O
dopolnilna	O
dajatev	O

zdej	NORM
si	O
se	O
izdala	O
....	O

@free__jj	O
ne	O
,	O
sam	O
zur	NORM
mu	O
je	O
bil	O
po	O
loje	NORM
po	O
ovnkih	NORM
vozolit	NORM
;)	O

dons	NORM
sem	O
se	O
marsikej	NORM
naučila	O
.	O

@dzanib1984	O
mah	O
nevem	NORM
..	O

@romanvodeb	O
tak	NORM
na	O
hitro	O
koliko	O
sem	O
preletel	O
...	O

-	O
majsteeeeer	NORM
.........	O

isuse	O
bože	O
...	O

rtvslo	O
pol	O
dneva	O
za	O
tabo	O
:)	O

@prahko	O
@vecer	O
smo	O
pa	O
že	O
lahko	O
mal	NORM
žleht	O
,	O
če	O
je	O
bila	O
ona	O
žleht	O
pri	O
zadolževanju	O
,	O
govorila	O
pa	O
wi	NORM
dont	NORM
nid	NORM
moni	NORM
we	O
dzust	NORM
nid	NORM
tajm	NORM
...	O

naj	O
živi	O
in	O
se	O
razvija	O
kurbarija	O

veryvery	NORM
usefull	NORM
.	O

al	NORM
pa	O
če	O
kar	O
tako	O
pač	O
stankaš	O
jagodni	O
izbor	O
od	O
merviča	O
.	O

jst	NORM
sm	NORM
bolj	O
črnogled	O
..	O

mogoče	O
spomini	O
na	O
usa	O
road	O
trip	O
pa	O
to	O
...	O

@savicdomen	O
vcer	NORM
se	O
je	O
lepo	O
vidl	NORM
,	O
da	O
model	O
ni	O
diht	O
.	O

slim	O
fit	O
pa	O
to	O
,	O
to	O
je	O
zame	O
sam	NORM
k	NORM
nimajo	O
..	O

ime	O
:	O
se	O
še	O
pregovarjava	O
,	O
katera	O
bo	O
obveljala	O
:-)	O

še	O
teb	NORM
lahk	NORM
napišem	O
..	O

kaj	O
maš	NORM
to	O
nekega	O
emiča	O
,	O
še	O
pr	NORM
nas	O
ni	O
blo	NORM
tega	O
:d	O

@pu7r	O
nobody	O
cares	O
,	O
je	O
po	O
mojem	O
se	NORM
najbolj	O
pravilen	O
odgovor	O
:)	O

@m4tija	O
cuj	NORM
nism	NORM
:-)	O

@anajurc	O
je	O
pa	O
tut	NORM
zdj	NORM
prišel	O
pravi	O
čas	O
za	O
#cateblachett	O
za	O
gl	NORM
žensko	O
vlogo	O
,	O
i	O
want	O
revenge	O
&amp;	O
justice	O
za	O
gwyneth	O
incident	O
,	O
tudi	O
ona	O
zasluži	O
več	O

lepi	O
je	O
,	O
samo	O
še	O
kak	O
cm	O
v	O
poden	O
pa	O
bo	O
perfektn	NORM
(	O
no	O
2.0	O
tdi	NORM
bi	O
blo	NORM
še	O
boljše	O
)	O

vat	O
e	O
promoušn	O
det	O
vud	O
bi	O
for	O
a	O
-	O
redr	O
smol	O
-	O
bat	O
truli	O
intereztink	O
kantri	O
es	O
sluvinia	O
#platon	O
#rtvolitve2012	O

@teyaena	O
@nkran	O
@outisnix	O
ne	O
,	O
jst	NORM
sm	NORM
na	O
kemijskem	O
faksu	O
diplomiru	NORM
.	O

@skalar3	O
in	O
to	O
praviš	O
ti	O
...	O
strokovnjak	O
za	O
tw	NORM
...	O
ki	O
nagovarjaš	O
vse	O
prej	O
napisane	O
...	O

@korljan	O
@opica	O
še	O
prejšnji	O
teden	O
sem	O
gledal	O
na	O
htv	O
en	O
film	O
(	O
pozabu	NORM
katerga	NORM
)	O
,	O
ki	O
je	O
imel	O
podnapise	O
.	O

milan	O
pohit	NORM
,	O
pa	O
vpraš	NORM
če	O
rab	NORM
še	O
stanvanje	NORM
!	O

@katjusa12	O
@icinober	O
@neurovirtu	O
lohk	NORM
da	O
je	O
tud	NORM
ta	O
piranski	O
.	O

#drvo	O
#sp14si	O

v	O
nasi	NORM
generaciji	O
ni	O
blo	NORM
vec	NORM
takih	O
tipov	O
:)	O

jaz	O
sem	O
pri	O
15,9	O
pa	O
je	O
blo	NORM
fajn	O

@karmennovak	O
ravnokar	O
sem	O
se	O
po	O
tel.	O
zgovarjala	O
"	O
ne	O
morem	O
v	O
soboto	O
zgodi	NORM
na	O
morje	O
,	O
ker	O
grem	O
v	O
petek	O
vn	NORM
.	O

bbm	O
=	O
najboljsi	NORM
chat	O
app	O
.	O

@berniethepie	O
zakaj	O
http://t.co/x32kg2ytsb	O
ni	O
kle	NORM
gor	NORM
zadnje	O
plate	O
...	O

@orto_si	O
zdaj	O
gledam	O
my	O
contacts	O
v	O
snapchatu	O
in	O
vas	O
sploh	O
nimam	O
.	O

@jutranjisvit	O
mela	NORM
sm	NORM
jih	O
"	O
skrite	O
"	O
v	O
prazni	O
skatlci	NORM
od	O
cigumijev	NORM
haha	O
:p	O

da	O
vidm	NORM
,	O
kdaj	O
se	O
začne	O
prenos	O
.	O

pa	O
tujce	O
ja	O
=)	O

otožnost	O
in	O
bolečina	O

ko	O
bi	O
vedel	O
,	O
s	O
'	O
kako	O
dobroto	O
in	O
ljubesnijo	NORM
je	O
shele	NORM
ustvarjal	O
bolesni	NORM
in	O
pekel	O
.	O

http://t.co/qzw7mh0swl	O
i	O
guess	O
it's	O
all	O
about	O
entertainment	O
.	O

@nika_dzej	O
@marratina	O
@djoannes	O
@jasmiiniiii	O
@sloposum	O
@ankaslovanka	O
ja	O
ce	NORM
bote	NORM
organiziral	NORM
v	O
'	O
otrokuprijaznim	NORM
'	O
uram	O
pa	O
tud	NORM
jz	NORM
pridem	O
:)	O

pir	O
mam	NORM
pa	O
kaj	O
za	O
narezat	NORM
tud	NORM
.	O

@mladenprajdic	O
kako	O
ne	O
?	O

ku	NORM
se	O
pa	O
celotna	O
generacija	O
strinja	O
,	O
da	O
je	O
bil	O
test	O
totalno	O
debiln	NORM
se	O
je	O
pa	O
tut	NORM
mau	NORM
za	O
zamislt	NORM
.	O

srajco	O
bi	O
moral	O
vzet	NORM
!	O

bode	O
in	O
herman	O
sta	O
dvakrat	O
zapored	O
pojedla	O
atlete	O
in	O
nflovce	NORM
na	O
'	O
int	NORM
ath.	O
chalenge	NORM
..	O

@avonrauhlswaggy	O
@zanakunaver	O
jo	O
kva	NORM
za	O
kurca	O
no	O
hahahaha	O
ja	O
vem	O
ja	O
pa	O
ga	O
mam	NORM
,	O
loh	NORM
se	O
prepricas	NORM
...	O

na	O
tožilstvu	O
se	O
jim	O
,	O
če	O
neb	NORM
blo	NORM
tega	O
,	O
pomojm	NORM
neb	NORM
dal	NORM
ukvarjat	NORM
.	O

ja	O
,	O
precej	O
globoko	O
si	O
"	O
zarezal	O
"	O
tokrat	O
…	O

lejga	NORM
,	O
spet	O
težiš	O
,	O
potem	O
pa	O
rep	O
med	O
noge	O
,	O
ko	O
pridejo	O
kontra	O
komentarji	O
.	O

@bandzo_	O
zaenkrat	O
še	O
ne	O
,	O
trenutno	O
sme	NORM
pri	O
uvodu	O
v	O
poglavje	O
structure	O
and	O
reactivity	O
(	O
vollhardt	O
,	O
schore	O
)	O
.	O

@had	O
aaaaaaa	O
.....	O

nasrečmo	NORM
jih	O
mamo	NORM
sam	NORM
40	O
!	O

ne	O
vem	O
,	O
kaj	O
je	O
fora	O
,	O
res	O
ne	O
.	O

čeprav	O
bi	O
raje	O
videl	O
,	O
da	O
mi	O
kaj	O
takega	O
sploh	O
ne	O
bi	O
bilo	O
treba	O
brati	O
.	O

a	O
kaj	O
,	O
ko	O
bi	O
me	O
šibnu	NORM
domov	O
,	O
možu	O
večerjo	O
kuhat	O
:-))	O

plain	O
and	O
simple	O
.	O

#junaki	O

sam	NORM
še	O
to	O
čakam	O
..	O

ali	O
lahko	O
po	O
epu	O
jj	O
in	O
blitzkriegu	O
ab	O
končno	O
zaplujemov	NORM
racionalne	O
vode	O
?	O

cisto	NORM
uredu	NORM
igramo	O
z	O
eno	O
najboljsih	NORM
reprezentanc	O
na	O
svetu	O
bravo	O

jaz	O
bi	O
tud	NORM
!	O

ženske	O
tle	NORM
gor	NORM
te	O
bodo	O
križale	O
za	O
to	O
izjavo	O
:d	O

zna	O
bit	NORM
da	O
bom	O
pojedu	NORM
besede	O
:p:/	O

@superivica	O
@polona95	O
ne	O
skrb	NORM
ivice	O
,	O
ji	O
ne	O
bomo	O
nč	NORM
povedle	NORM
:)	O

roko	O
na	O
srce	O
o	O
politiki	O
pa	O
nima	O
kaj	O
veliko	O
pojma	O

vse	O
-	O
vzporedno	O
.	O

sicer	O
pa	O
sem	O
že	O
včeraj	O
pokazal	O
kako	O
si	O
popolnoma	O
nemisleć	NORM
in	O
neitelektualen	NORM
....	O
in	O
s	O
tem	O
jasno	O
nerelevanten	O
in	O
nepoznavalčski	NORM
...	O

tist	NORM
k	NORM
te	O
prešine	O
predno	NORM
zaspiš	O
.	O

@lajnar_eu	O
@andreobert	O
drugače	O
tudi	O
jaz	O
...	O

na	O
tooooneee	NORM
🙈	O

pa	O
bat.	O
je	O
zdrzala	NORM
full	O
.	O

;)	O
@katjaseruga	O
@roksrakar	O
@petrasovdat	O
@tejcos	O

preddvor	O
se	O
zbudi	O
,	O
ko	O
mene	O
ni	O
vec	NORM
gor	NORM
...	O

sam	NORM
....	O
nimam	O
pojma	O
a	O
bi	O
to	O
uporabljala	O
:d	O

ampak	O
potem	O
kot	O
celota	O
pa	O
:d	O

zakaj	O
,	O
ker	O
se	O
te	O
bojim	O
:p	O

👀	O

@spirulinka9	O
fakin	O
sheet	O
...	O

prvi	O
vzporedni	O
rezultati	O
referenduma	O
v	O
grčiji	O
objavljeni	O
!	O

@petrahren	O
p.	O
s.	O
pa	O
sej	NORM
veš	O
kako	O
sva	O
se	O
midva	O
spoznala	O
,	O
zarad	NORM
tvojga	NORM
alkohola	O
in	O
še	O
nečesa	O
nism	NORM
mogu	NORM
spat	NORM
pr	NORM
kim	O
...	O

ti	O
si	O
tu	O
največji	O
zmerjač	O
!	O

takemu	O
si	O
jaz	O
ne	O
bi	O
dal	O
aspirina	O
predpisat	NORM
.	O

zdej	NORM
dela	O
tko	NORM
da	O
sam	NORM
ruter	O
resetiri	NORM

:)	O

ker	O
mi	O
res	O
ni	O
jasno	O
...	O

lepa	O
...	O

bi	O
kar	O
prisedla	O
...	O

ka	NORM
si	O
boš	O
z	O
listo	O
pomago	NORM
kup	NORM
puško	O
pizdomatr	NORM
nje	NORM
?	O

teoretizirajo	O
po	O
raziskavi	O
.	O

js	NORM
popizdevam	O
sam	NORM
nad	O
enim	O
svojim	O
ucencem	NORM
in	O
enkrat	O
na	O
tri	O
tedne	O
se	O
ful	O
derm	NORM
nanga	NORM
,	O
naj	O
omenim	O
da	O
je	O
zan	NORM
gluh	O
in	O
se	O
mi	O
potem	O
vsi	O
smejijo	O

ista	O
fora	O
:)	O

#matura	O

če	O
ti	O
nekdo	O
ni	O
nič	O
dal	O
,	O
nisi	O
mogel	O
nič	O
dobiti	O
.	O

http://sputniknews.com/europe/20150705/1024238318.html	O

bi	O
ga	O
vzela	O
kot	O
nadlegovanje	O
ali	O
pa	O
kot	O
da	O
je	O
to	O
njegova	O
osebna	O
pravica	O
da	O
razkazuje	O
pimpek	O
.	O

hvala	O
ti	O
!	O

ali	O
pa	O
ne	O
...	O

celje	O
mora	O
spet	O
priti	O
na	O
nivo	O
,	O
ko	O
fantje	O
ne	O
bodo	O
imeli	O
potrebe	O
iskat	O
lovorike	O
v	O
tujino	O

toliko	O
o	O
pravni	O
državi	O
!	O

kr	NORM
mal	NORM
me	O
stisne	O
:(	O

počas	NORM
bom	O
mogu	NORM
začet	NORM
na	O
vstaje	O
hodt	NORM
..	O

http://t.co/yxkzay1dmm	O
sprašujem	O
se	O
,	O
kako	O
bi	O
se	O
odrezala	O
novi	O
pv	O
#mc	O
ali	O
npr.	O
g.	O
#uroščufer	O
,	O
če	O
bi	O
se	O
znašla	O
na	O
vročem	O
stolu	O
namesto	O
#ab	O
.	O

:ss	O

ženska	O
draga	O
,	O
pa	O
nisi	O
ti	O
noben	O
krizni	O
štab	O
!	O

a	O
prou	NORM
vidm	NORM
?	O

kamor	O
pride	O
človek	O
naredi	O
kaos	O
-	O
to	O
lahko	O
vidimo	O

pejte	NORM
dol	O
s	O
twitterja	O
...	O
tu	O
naj	O
bile	O
kredibilne	O
informacije	O
.	O

dans	NORM
me	O
je	O
pičla	NORM
muha	O
excell	NORM
in	O
že	O
cel	O
dan	O
kucam	O
notr	NORM
praktične	O
stvari	O
,	O
kar	O
pomaga	O
pri	O
organizaciji	O
.	O

star	O
cepc	NORM
+	O
mlada	O
žena	O
=	O
viagra	O
(	O
cialis	O
)	O
overdose	O
.	O

s	O
temle	O
tvitom	O
sem	O
jih	O
zihr	NORM
par	O
zgubu	NORM

kolikšni	O
so	O
pretoki	O
,	O
hitrosti	O
tokov	O
..	O

@fuckedupalive	O
živc	O
nebod	NORM
taka	O
fun	O
!	O

grem	O
js	NORM
pod	O
tus	NORM
rajs	NORM
.	O

sej	NORM
je	O
že	O
prou	NORM
...	O

@petrasovdat	O
@indijanec	O
meni	O
sta	O
pa	O
oba	O
tko	NORM
kjut	O
v	O
tem	O
dialogu	O
,	O
da	O
vama	O
bom	O
zdaj	O
kar	O
tkole	NORM
na	O
daljavo	O
rekla	O
:	O
jaz	O
mam	NORM
pa	O
vaju	O
oba	O
rada	O
!	O

wtf	O
?	O

tako	O
pa	O
bomo	O
vsi	O
upali	O
,	O
vzdihovali	O
,	O
na	O
vezne	O
:	O
bohar	O
,	O
vršič	O
,	O
viler	O
,	O
ibraimi	O
...	O

#mmc	O

@petracj	O
sem	O
hotla	NORM
predlagat	NORM
claritine	O
,	O
pa	O
ne	O
vem	O
,	O
kolk	NORM
verjames	NORM
farmaciji	O
;-)	O

"	O
@ataplata	O
ja	O
,	O
pol	NORM
se	O
šele	O
štejejo	O
.	O

hahahaha	O
sam	NORM
smo	O
res	O
vukojebina	O
.	O

dead	O
snow	O
pravs	NORM
..	O

čeprav	O
se	O
nekdo	O
verjetn	NORM
ne	O
bo	O
strinjal	O
..	O

a	O
niste	O
še	O
nikol	NORM
vidli	NORM
ženske	O
v	O
gatah	O
al	NORM
pa	O
v	O
kopalkah	O
?	O

a	O
veš	O
,	O
tist	NORM
filing	O
,	O
ko	O
se	O
zaveš	O
,	O
da	O
maš	NORM
samo	O
še	O
en	O
teden	O
počitnic	O
,	O
potem	O
pa	O
back	O
to	O
reality	O
?	O

a	O
to	O
je	O
ta	O
tipson	O
,	O
ki	O
mu	O
je	O
zemljarič	O
grozil	O
?	O

tud	NORM
če	O
bi	O
slovenci	O
bli	NORM
zdaj	O
na	O
njihovem	O
mestu	O
.	O

a	O
je	O
kakšna	O
alternativa	O
?	O

pogrešajo	O
jo	O
samo	O
srbi	O
...	O

vem	O
,	O
da	O
komarji	O
ne	O
spijo	O
,	O
ker	O
me	O
na	O
morju	O
vedno	O
ponoci	NORM
nahubajo	O
.	O

zdej	NORM
pa	O
prvi	O
,	O
ki	O
bo	O
zvedu	NORM
,	O
a	O
so	O
dans	NORM
varni	O
,	O
prosim	O
,	O
da	O
me	O
obvesti	O
.	O

po	O
novem	O
ti	O
bo	O
feltna	O
zlezla	O
ven	O
za	O
5.5	O
mm	O
.	O

kako	O
cool	O
.	O

@nelly_fox	O
tole	O
mi	O
je	O
vsec	NORM
-	O
http://t.co/ivmmpe1lfn	O

tisti	O
krompirček	O
iz	O
žerjavice	O
me	O
mika	O
!	O

nekje	O
se	O
je	O
opekel	O
,	O
zaradi	O
neke	O
sigurnosti	O
želi	O
sedaj	O
nazaj	O
.	O

@chateebox	O
@stellarka	O
@russhie	O
js	NORM
se	O
ne	O
bi	O
dala	O
skurt	NORM
sam	NORM
zarad	NORM
ekoloških	O
razlogov	O
-	O
da	O
ne	O
onesnažim	O
ozračja	O
še	O
s	O
tem	O
:)	O

sej	NORM
sem	O
šel	O
potem	O
kolesart	NORM
,	O
tko	NORM
da	O
so	O
šle	O
kalorije	O
v	O
pedala	O
;)	O

http://t.co/81u48de1fa	O

je	O
njegov	O
tw	NORM
guru	O
tak	O
levak	O
,	O
ali	O
hoče	O
kaj	O
povedat	NORM
s	O
tem	O
?	O

kaj	O
bi	O
mi	O
lahko	O
nekdo	O
preračunal	O
drugo	O
?	O

en	O
'	O
manjši	O
'	O
izpad	O
bil	O
tm	NORM
pri	O
tebi	O
na	O
ghorenskm	NORM
...	O

smrkce	O
znam	O
na	O
pamet	O
in	O
rabim	O
nove	O
.	O

lep	O
dan	O
še	O
naprej	O
.	O

@bitnipogovori	O
btw	O
še	O
ena	O
ideja	O
,	O
če	O
se	O
vam	O
da	O
kaj	O
omenit	NORM
:	O
kako	O
nardit	NORM
usa	O
app	O
store	O
account	O
za	O
kakšne	O
le	O
njim	O
dosegljive	O
app-e	O

ležte	NORM
pol	NORM
,	O
nehite	NORM
slikat	NORM
!	O

star	O
je	O
eno	O
leto	O
,	O
pa	O
mi	O
je	O
garancija	O
ostala	O
n	O
napeljavo	O
so	O
mi	O
vgradili	O
v	O
asp	O
lesce	O

v	O
rusiji	O
meteorski	O
dež	O
,	O
v	O
portorožu	O
sm	NORM
pa	O
najdu	NORM
neko	O
kapsulo	O
z	O
zelenim	O
možicem	O
notr	NORM
.	O

also	O
:	O
overload	O
brezveznih	O
fac	O
,	O
v	O
naslednjem	O
lajfu	O
bom	O
casting	O
direktor	O
.	O

he	O
wil	NORM
never	O
win	O
:/	O

zato	O
so	O
v	O
britaniji	O
sharia	O
courts	O
-	O
a	O
judicial	O
system	O
within	O
a	O
judicial	O
system	O
.	O

archer	O
je	O
sicer	O
(	O
mau	NORM
prtegnena	NORM
)	O
risanka	O
ampak	O
je	O
kul	O
.	O

@e_nk_a	O
nihče	O
ne	O
bo	O
nič	O
dal	O
,	O
to	O
je	O
blo	NORM
včasih	O
.	O

kaj	O
pa	O
če	O
se	O
zadnja	O
trdnjava	O
komunizma	O
le	O
navidezno	O
krega	O
z	O
zadnjo	O
-	O
zadnjo	O
in	O
na	O
ta	O
način	O
skušajo	O
vse	O
nas	O
pripeljati	O
žejne	O
preko	O
vode	O
,	O
samo	O
jim	O
ni	O
uspelo	O
,	O
a	O
samo	O
zaradi	O
nastopa	O
krize	O
,	O
sicer	O
bi	O
vse	O
polastninili	O
in	O
mi	O
bi	O
ostali	O
na	O
suhem	O
...	O

#budałe	O
😄	O

potem	O
pa	O
pretehti	NORM
ali	O
je	O
tega	O
vredno	O

@fejstmozakar	O
@t_celestinaahahaha	NORM
zdej	NORM
sta	O
pa	O
že	O
smešna	O
postala	O
...	O

;)	O

sinu	O
razlagal	O
pravila	O
tenisa	O
in	O
dojel	O
kok	NORM
zajebana	O
so	O
ubistvu	NORM
.	O

ja	O
ponavad	NORM
je	O
poznej	NORM
vedno	O
drazje	NORM
.	O

ja	O
,	O
ta	O
krive	O
bo	O
treba	O
poglihat	NORM
umetno	O
in	O
andragoško	O
kovaštvo	O
-	O
po	O
predhodnem	O
ogrevanju	O
s	O
kesanjem	O
.	O

@sasosin	O
vsi	O
žvečilni	O
,	O
razen	O
tistih	O
s	O
ksilitolom	O
,	O
imajo	O
med	O
sestavinami	O
aspartam	O
.	O

@gfajdi	O
mnjah	O
,	O
ni	O
glih	O
edini	O
,	O
ampak	O
je	O
treba	O
tud	NORM
kaj	O
dat	NORM
od	O
sebe	O
.	O

:-))	O

:p	O

zanima	O
me	O
koliko	O
število	O
amputacij	O
nog	O
se	O
opravi	O
v	O
sloveniji	O
in	O
katera	O
veja	O
medicine	O
to	O
opravlja	O
in	O
ali	O
je	O
vec	NORM
amputacij	O
nad	O
kolenom	O
ali	O
pod	O
kolenom	O

+5	O

ti	O
si	O
vseskoz	NORM
vedla	NORM
kero	NORM
pesn	NORM
nish	O
čaka	O
pa	O
nisi	O
hotla	NORM
povedat	NORM
.....	O

c'mon	NORM
folk	O
!	O

zdj	NORM
pa	O
cakam	NORM
,	O
da	O
#mojhepan	O
nardi	NORM
palacinke	NORM
.	O

—	O
feeling	O
broken	O

nikoli	O
nic	NORM
ni	O
popolnorazen	NORM
utopije	O
,	O
seveda	O
se	O
lovimo	O
,	O
saj	O
je	O
vse	O
proces	O
,	O
dinamika	O
,	O
pa	O
tudi	O
kak	O
tak	O
napredek	O
....	O

˝	O
.	O

dejte	NORM
bit	NORM
kul	O
in	O
podpret	NORM
(	O
tech	O
house	O
dj	O
in	O
track	O
)	O
http://t.co/kkup2rz7lu	O

al	NORM
je	O
zarad	NORM
grafike	O
al	NORM
zarad	NORM
česa	O
?	O

:)	O

pa	O
še	O
tole	O
!	O

to	O
je	O
vse	O
lepo	O
in	O
prav	O
,	O
samo	O
upaj	O
,	O
da	O
ti	O
kdaj	O
ne	O
bo	O
spodletelo	O
in	O
bo	O
enkrat	O
izvedel	O
.	O

zdaj	O
bom	O
pa	O
jaz	O
začel	O
jokat	NORM
,	O
...	O

ostali	O
kar	O
obstanejo	O
u	NORM
napadu	O
in	O
goran	O
jim	O
zgleda	O
tudi	O
ne	O
zaupa	O
zato	O
kar	O
sam	O
zaklučuje	NORM
napade	O
.	O

brez	NORM
ugibati	O
že	O
zdaj	O
.	O

nikol	NORM
mi	O
ni	O
blo	NORM
jasno	O
,	O
v	O
čem	O
je	O
point	O
revival	O
bandov	O
,	O
dokler	O
se	O
ni	O
abba	O
napovedala	O
.	O

popolna	O
in	O
konkretna	O
argumentacija	O
v	O
tvojem	O
tvitu	O
te	O
uvrsca	NORM
na	O
sam	O
vrh	O
intel	NORM
srenje	O
😂😂😂	O

pljuvate	O
torej	O
vlastno	NORM
skledo	O
.	O

tnx	O
mom	O
^^	O
xd	O

hvala	O

to	O
je	O
bolezen	O
.	O

v	O
eni	O
uri	O
sva	O
skurla	NORM
300	O
mb	O
in	O
pol	NORM
je	O
pozrlo	NORM
se	NORM
vse	O
kune	O
-	O
za	O
7	O
dni	O
:)	O
#ciganija	O

http://t.co/kjucidpivg	O

obična	O
reklama	O
za	O
ipad	O

saj	O
bo	O
nocoj	O
tudi	O
,	O
a	O
lažje	O
bi	O
bilo	O
,	O
če	O
bi	O
našel	O
tiste	O
kopačke	O
izpred	O
15	O
let	O
.	O

sam	NORM
baje	O
ni	O
bas	NORM
neki	NORM
..	O

hahaha	O
,	O
jajaja	NORM
!!!	O

dobr	NORM
da	O
mam	NORM
še	O
čas	O
,	O
da	O
mi	O
ni	O
treba	O
it	NORM
takoj	O
v	O
trebnje	O
..	O

dokler	O
se	O
zj	O
ne	O
umakne	O
s	O
ps	O
nihce	NORM
ne	O
sodeluje	O
.	O

stem	NORM
da	O
smo	O
bli	NORM
pol	NORM
še	O
eno	O
uro	O
ujeti	O
not	NORM
v	O
dvigalu	O
haha	O
..	O

:d	O

sem	O
se	NORM
dons	NORM
cist	NORM
fuc	NORM
.	O

kaj	O
je	O
pa	O
kle	NORM
neprimernega	O
????	O

se	O
bom	O
potrudu	NORM
da	O
te	O
ne	O
bom	O
utrujal	O
s	O
takimi	O
stvarmi	O
.	O

ti	O
lah	NORM
na	O
dm	O
napisem	NORM
/	O
mail	O
?	O

@itstheepicme	O
ja	O
in	O
še	O
kr	NORM
doma	O
..	O

/cc	O
@zballe	O
@tjablonsky	O

o_o	O

pomagajte	O
mi	O
sem	O
sin	O
odvisnika	O
in	O
odvisnice	O
.	O

str	NORM
sm	NORM
15	O

jp	NORM
,	O
@planettv	O
skozi	O
celo	O
oddajo	O
kaže	O
#novzacetek	O
,	O
folk	O
pa	O
vseeno	O
tvita	O
#kmetija	O
.	O

a	O
so	O
usi	NORM
ki	O
se	O
borijo	O
za	O
živalske	O
pravice	O
vegeterjanci	NORM
??	O

velesila	O
,	O
ki	O
jo	O
namuči	O
predmestje	O
mockbе	NORM
-	O
hahaha	O
.	O

jaz	O
sem	O
nad	O
googlom	O
obupal	O
,	O
ko	O
mi	O
je	O
na	O
picasi	O
izginilo	O
pol	O
fotk	O
.	O

ta	O
je	O
izwajdovšneburje	NORM

cez	NORM
pet	O
minut	O
pridem	O
!	O

aja	O
,	O
pa	O
državljanstvo	O
brez	O
davkov	O
lahko	O
kupiš	O
:)	O

brezdelnež	O

to	O
je	O
oprosti	O
navijanje	O
!	O

ej	O
za	O
vikend	O
gremo	O
s	O
kolesi	O
iz	O
mojstrane	O
do	O
kranjske	O
pa	O
naprej	O
do	O
meje	O
.	O

fred	O
.	O

@2sto7	O
sm	NORM
ze	NORM
pozanimala	O
-	O
ena	O
kolegica	O
ga	O
je	O
kupila	O
v	O
usa	O
,	O
v	O
prosti	O
prodaji	O
,	O
plačala	O
zanj	O
750	O
€	O
in	O
dela	O
kot	O
urca	NORM
na	O
simobilovo	O
številko	O
.	O

cucurbitapepo	O
,	O
kje	O
si	O
se	O
pa	O
ti	O
najdu	NORM
?	O

:)	O

od	O
kje	O
pa	O
si	O
si	O
sprintala	O
jedilnike	O
?	O

sam	NORM
tega	O
ne	O
sliki	NORM
...	O

kmecka	NORM
logika	O
vs	NORM
sodna	O
?	O

much	O
hate	O
.	O

@primozartac	O
@neurovirtu	O
@delo_tw	O
od	O
vročine	O
še	O
twitter	O
pregoreva	O
:-)	O

mogoče	O
česa	O
ne	O
štekam	O
,	O
ampak	O
,	O
messija	O
sploh	O
ni	O
videti	O
?	O

dj	NORM
simona	O
,	O
lej	NORM
,	O
ka	NORM
če	O
bi	O
se	O
vsaj	O
za	O
eno	O
uro	O
osredotočla	NORM
,	O
pa	O
počela	O
eno	O
stvar	O
naenkrat	O
?	O

naj	O
ga	O
pobarajo	O
,	O
kaj	O
meni	O
o	O
toninu	O
,	O
stranki	O
n.si	NORM
in	O
njenem	O
programu	O
.	O

sam	NORM
ko	O
sm	NORM
boga	NORM
reva	O
sama	O
doma	O
.	O

ni	O
ga	O
?	O

#fact	O

@_aney	O
@iztokgartner	O
za	O
cinematography	O
lahko	O
samo	O
veš	O
da	O
majo	NORM
čisto	O
vsi	O
šanse	O
čisto	O
vsi	O
razen	O
deakinsa	O
.	O

za	O
tem	O
se	O
pa	O
krije	O
nasilje	O
,	O
droge	O
,	O
itd.	O

ampak	O
,	O
res	O
je	O
strupen	O
letos	O

taisti	O
tud	NORM
iščejo	O
naftne	O
vrtine	O
po	O
bosni	O
,	O
pa	O
neonaciste	O
v	O
sds	O
.	O

punce	O
k	NORM
so	O
ti	O
usec	NORM
ti	O
je	O
kera	NORM
usec	NORM
kej	NORM
vec	NORM
da	O
bi	O
meu	NORM
kej	NORM
z	O
njo	O
al	NORM
so	O
ti	O
use	NORM
e	O
...	O

@maentgael	O
če	O
pridem	O
do	O
kavice	O
bo	O
#nipanike	O
drugač	NORM
bo	O
#panika	O
:d	O

črni	O
niso	O
nič	O
znižani	O
?	O

pa	O
šilt	O
kapo	O
,	O
da	O
ti	O
sonce	O
ne	O
žge	O
v	O
oči	O
;)	O

grem	O
lohk	NORM
kr	NORM
na	O
kavo	O
in	O
jo	O
v	O
miru	O
spijem	O
,	O
pa	O
je	O
se	NORM
ne	O
bo	O
.	O

:-))	O
@turinek	O
@sebastjanerlah	O

@miskasmetiska	O
@tvojasenca	O

no	O
hvala	O
bogu	O
nisem	O
sam	O
,	O
vsaj	O
v	O
primeru	O
ko	O
nekomu	O
piska	O
v	O
ušesih	O
in	O
ostalih	O
simptomih	O
,	O
...	O

we	O
are	O
snowflakes	O
,	O
kaj	O
pa	O
druzga	NORM
.	O

ja	O
želim	O
ti	O
čim	O
več	O
dobrih	O
ocen	O
..	O

sam	NORM
pol	NORM
bi	O
blo	NORM
pou	NORM
mn	NORM
populacije	O
http://t.co/cc3rmbjnb5	O

@rava__	O
@rok_novak	O
a	O
ni	O
1,5	O
cca	NORM
do	O
sedaj	O
za	O
zagotavljanje	O
kapitalske	O
zaradi	O
slabitev	O
+	O
3,5	O
+	O
cca	NORM
po	O
moje	NORM
2	O
za	O
slabitve	O
ki	O
bodo	O
sledile	O
?	O

ke	NORM
znajo	O
skrivnosti	O
držat	NORM
zase	O
.....	O

google	O
mihi	O
kurner	O
...	O

setamo	NORM
po	O
lj	NORM
in	O
pride	O
zoki	O
mim	NORM
,	O
se	O
ustavi	O
pa	O
da	O
emanuelu	O
petko	O
.	O

hvala	O

pa	O
sma	NORM
še	O
en	O
dan	O
zaklučle	NORM
u	NORM
butalah	O
.	O

premal	NORM
barv	O
zame	O
.	O

@freeeky	O
mata	NORM
apple	O
tv	O
.	O

rastlinice	O
tud	NORM
dihajo	O
ponoci	NORM
tko	NORM
kot	O
mi	O
-	O
oddajajo	O
co2	O
.	O

bravo	O
..	O

drgc	NORM
pa	O
raj	NORM
čekiri	NORM
orginal	NORM
:)	O
http://t.co/eswinuv9it	O

da	O
smo	O
eu	O
kaj	O
obljubili	O
?	O

kamunyak	O
nea	NORM
me	O
,	O
čuj	O
.	O

težko	O
se	O
bi	O
blo	NORM
takemu	O
udobju	O
odpovedati	O
.	O

tnx	O
again	O
@lazarjevpolzek	O

@irenasirena	O
hah	O
,	O
to	O
je	O
čaj	O
mojih	O
študentskih	O
let	O
!	O

@urssc	O
pol	NORM
si	O
pa	O
še	O
mlajša	O
po	O
duši	O
kot	O
jaz	O
ker	O
js	NORM
sm	NORM
že	O
nazaj	O
pr	NORM
hribih	O
:)	O

@suligoj	O
zakon	O
so	O
tole	O
naštudiral	NORM
,	O
bi	O
kr	NORM
lahko	O
biu	NORM
še	O
en	O
del	O
danes	O
:)	O

@loudk	O
hmmm	O
...	O
skoda	NORM
.	O

poznam	O
te	O
kot	O
lastni	O
zep	NORM
...	O

lojzek	O
eno	O
vprašanje	O
..	O

drugač	NORM
pa	O
ak47	NORM
pomaga	O
.	O

luštni	O
so	O
ni	O
kaj	O
.	O

tako	O
,	O
da	O
vem	O
,	O
da	O
z	O
moje	O
moke	O
ne	O
bo	O
kruha	O
.	O

čudna	O
je	O
ta	O
mačka	O
:s	O

če	O
se	O
gre	O
,	O
nej	NORM
se	O
gre	O
tko	NORM
kokr	NORM
se	O
spodobi	O
,	O
ne	O
pa	O
furat	NORM
prestiž	O
s	O
kmečkim	O
stilom	O
@medeja	O

@puredestiny	O
meni	O
so	O
bli	NORM
tisti	O
setlisti	O
fantasično	NORM
,	O
jaz	O
bi	O
true	O
love	O
way	O
pa	O
charmer	O
.	O

zabaven	O
je	O
blog	O
bolj	O
kot	O
socilana	NORM
omrežja	O
.	O

zimsko	O
spanje	O
:	O
strah	O
pred	O
grožnjami	O
s	O
triplus-urno	O
minutažo	O
in	O
"	O
rahločutno	O
študijo	O
"	O
so	O
bli	NORM
neutemeljeni	O
.	O

kaj	O
točno	O
je	O
vzajemno	O
?	O

dans	NORM
sem	O
ga	O
vidla	NORM
trikrat	O
,	O
pa	O
že	O
prej	O
dvakrat	O
in	O
..	O

@abejz_no	O
@tetapoli	O
še	O
mal	NORM
,	O
pa	O
direkt	O
na	O
šmarno	O
,	O
pa	O
še	O
enkrat	O
do	O
polnoči	O
:d	O
#malpretiravam	O
#dq	O
/.	O

sploh	O
ko	O
uplahne	O
dow	O
jones	O
,	O
dax	O
,	O
nikkei	O
,	O
...	O

bemti	NORM
moški	O
,	O
pa	O
smo	O
me	O
kao	O
skrivnostne	O
.	O

#helsinki	O
sakaj	NORM
she	NORM
?	O

pa	O
se	NORM
res	O
sem	O
levicar	NORM
.	O

še	O
zj	NORM
bi	O
vs	NORM
šla	O
use	NORM
zagovarjat	O
,	O
če	O
bi	O
blo	NORM
treba	O
.	O

1.	O
ko	O
je	O
bil	O
majhen	O
in	O
je	O
spal	O

@katrakozinc	O
16	O
del	O
je	O
že	O
,	O
ja	O
.	O

superca	O
vsem	O
lepo	O
uspeva	O
vsak	O
dan	O
je	O
lepšiiii	NORM
:)	O

še	O
par	O
dni	O
in	O
bo	O
pozabljen(o)	O
.	O

@maxova68	O
ehehehehe	O
,	O
zgleda	O
star	O
.	O

he	O
he	O
he	O

skačeš	O
v	O
bazen	O
,	O
ne	O
da	O
b	NORM
vedu	NORM
,	O
če	O
je	O
not	NORM
h2o	O
#leptin	O

pr	NORM
nas	O
ni	O
blo	NORM
štroma	O
,	O
jaz	O
pa	O
električno	O
kitaro	O
špilal	O
.	O

zdej	NORM
sm	NORM
se	O
spomnu	NORM
,	O
da	O
mamo	NORM
doma	O
doma	O
arašide	O
,	O
k	NORM
jih	O
je	O
treba	O
res	O
kopat	NORM
iz	O
zemlje	O
;)	O

na	O
konc	NORM
lohk	NORM
pa	O
pokamo	O
s	O
karbidom	O
,	O
k	NORM
ga	O
mam	NORM
za	O
voluharje	O

grem	O
aja	O
aja	O
...	O

ne	O
vem	O
al	NORM
se	O
tole	O
sam	NORM
men	NORM
zdi	O
primitivno	O
pisemce	O
za	O
otroke	O
al	NORM
temu	O
dejansko	O
kdo	O
vrjame	NORM
?	O

nisem	O
!	O

sprijazni	O
se	O
ze	NORM
da	O
je	O
konec	O
.	O

mene	O
zanima	O
jaz	O
ko	O
sem	O
imela	O
prvi	O
spolni	O
.	O
odnos	O
sploh	O
nisem	O
krvavela	O
kaje	NORM
to	O
aje	NORM
.	O
.	O
to	O
to	O
normalno	O
nisem	O
nikoli	O
prej	O
imela	O
kaksen	NORM
spolni	O
odnos	O
.	O

kar	O
naenkrat	O
poplava	O
politicnih	NORM
tvitov	O
.	O

@alenlapanja	O
c'mon	O
...	O

no	O
,	O
za	O
50	O
centov	O
ti	O
lah	NORM
sam	NORM
naaa	NORM
zdraavje	NORM
recem	NORM
!	O

v	O
parlamentu	O
pa	O
danes	O
toliko	O
stopajo	O
skupaj	O
,	O
da	O
so	O
ze	NORM
skoraj	O
ena	O
velka	NORM
srecna	NORM
femili	O
.	O

;)	O

:)	O

a	O
ves	NORM
to	O
,	O
ko	O
je	O
kuhna	NORM
tak	NORM
razmetana	O
,	O
da	O
morm	NORM
najprej	O
pospravit	NORM
,	O
da	O
lahk	NORM
sploh	O
zacnem	NORM
ornk	O
pospravljat	NORM
?	O

:)	O

klapa	O

*	O
5x	O
zarolajo	O
nek	O
random	O
posnetek	O
*	O

ce	NORM
sm	NORM
križni	O
zlom	O
kljucnice	NORM
prezvel	NORM
,	O
pol	NORM
bom	O
tud	NORM
en	O
zob	O
.	O

cpu	O
je	O
overloaded	O
.	O

http://t.co/bwyakr1wjo	O
jp	O
,	O
west	O
coast	O
gangsta	O
shit	O
je	O
vedno	O
inspiracija	O
.	O

inat	O
lahko	O
reši	O
kakšna	O
izvršba	O
ali	O
še	O
kaj	O
...	O

to	O
solze	O
radosnice	NORM
,	O
da	O
se	O
sme	O
brcat	NORM
tud	NORM
čez	O
praznke	NORM
+	O
jim	O
žene	O
ne	O
težijo	O
,	O
ker	O
te	NORM
lahko	O
zapravlajo	NORM
še	O
kje	O
drugje	O
kot	O
samo	O
v	O
špecarijah	NORM

in	O
tle	NORM
se	O
jih	O
najde	O
kr	NORM
veliko	O
na	O
tem	O
našem	O
portalu	O
...	O

bl	NORM
zarad	NORM
tistega	O
,	O
da	O
imam	O
čim	O
več	O
časa	O
110	O
€	O
več	O
v	O
denarnici	O
,	O
dalj	O
časa	O
se	O
pocutm	NORM
bogatega	O
:)	O

v	O
slo	NORM
cefurji	NORM
,	O
v	O
srb	NORM
,	O
cro	NORM
,	O
bih	O
dizelasi	NORM
...	O

joj	O
,	O
samo	O
tega	O
ne	O
:)	O

kritike	O
zaželene	O
.	O

kr	NORM
je	O
res	O
blo	NORM
,	O
da	O
so	O
bli	NORM
zravn	NORM
moji	O
sošolci	O
,	O
pa	O
so	O
se	O
neki	NORM
smejal	NORM
pa	O
neki	NORM
govoril	NORM
,	O
kr	NORM
neki	NORM
:p	O

@szlatko	O
aye	O
,	O
alright	O
,	O
alright	O
,	O
calm	O
down	O
,	O
calm	O
down	O
!	O

;)	O

sm	NORM
ce	NORM
bos	NORM
sou	NORM
z	O
drugo	O
bos	NORM
uno	NORM
punco	O
varou	NORM
.	O

js	NORM
sem	O
se	O
med	O
ibro	O
pa	O
cavanijem	O
za	O
urugvajca	O
odlocu	NORM
,	O
no	O
je	O
se	NORM
cel	O
polčas	O
;)	O
#fantasy	O

wtf	O
?	O

če	O
shendlata	O
občutljivo	O
elektroniko	O
,	O
se	O
ju	O
sam	NORM
drži	O
.	O

a	O
mrš	NORM
.	O

ne	O
pametuj	O
.	O

dobra	O
.	O

@lea_larry	O
že	O
parkrat	O
sm	NORM
ti	O
hotu	NORM
predlagat	NORM
par	O
stripou	NORM
,	O
sam	NORM
sm	NORM
zmirej	NORM
pozabu	NORM
.	O

info	O
041217085	O

ooo	O
glej	O
,	O
švabski	O
fuzbaleri	NORM
znajo	O
pisa...	O
emm	O
...	O
se	O
znajo	O
podpisati	O
.	O

#nbaslo	O

tist	NORM
hecn	NORM
občutek	O
,	O
ko	O
ti	O
vse	O
mamile	O
ne	O
primejo	O
več	O
in	O
počasi	O
padaš	O
v	O
...	O
obolelost	O
...	O

malemu	O
slovencu	O
je	O
že	O
1	O
evro	O
kaznivo	O
dejanje	O
in	O
mu	O
grozi	O
rubež	O
!!!!!!!!!!!!!	O

sej	NORM
mnogi	O
naši	O
levaki	O
ga	O
podpirajo	O
sam	NORM
zarad	NORM
tega	O
,	O
k	NORM
mislijo	O
da	O
hoče	O
bit	NORM
šef	O
ozne	O
ne	O
pa	O
ozna	NORM
...	O

=p	O

se	O
bom	O
probal	O
pridruziti	NORM
s	O
prjateljovo	NORM
5ko	NORM
čeprau	NORM
sm	NORM
star	O
15	O
let	O

@mss_news	O
@kajadekleva	O
@ninamkikelj	O
@mihamohorko	O
@sarakarba	O
pridni	O
ste	O
..	O

...	O

samo	O
dopovej	O
ti	O
to	O
bilderbergom	O
npr.	O
..	O
pa	O
še	O
komu	O
...	O

@drvinkogorenak	O
@petra_jansa	O
se	O
je	O
že	O
oglasil	O
aparatčik	O
ps	O
,	O
da	O
je	O
vse	O
na	O
kpk	O
ok	O
,	O
"	O
ekspert	O
"	O
za	O
pravo	O
s	O
prisotnim	O
tolmačerjem	O
za	O
ang.	O
že	O
ve	O
!	O

a	O
d	NORM
pa	O
tistih	O
zlomkov	O
ni	O
,	O
o	O
tem	O
ravn	NORM
nism	NORM
prepričana	O
,	O
lahk	NORM
da	O
so	O
potuhnjen	NORM
kje	O
pa	O
čakajo	O
svoj	O
pravi	O
trenutek	O
ko	O
se	O
jim	O
tle	NORM
v	O
glav	NORM
zabliska	O
ane	NORM
,	O
jest	NORM
nikol	NORM
sama	O
ne	O
hitim	O
skoz	NORM
park	O
zvečer	O
.	O

kvalitete	O
je	O
tolko	NORM
kolkor	NORM
jo	O
je	O
lahk	NORM
v	O
dve	O
uri	O
dolgi	O
reklami	O
...	O

z	O
necim	NORM
se	O
je	O
pac	NORM
treba	O
zamotit	NORM
.	O

imaš	O
precej	O
ohlapna	O
merila	O
ali	O
te	O
kaj	O
druga	NORM
daje	O
?	O

@oggctopus	O
ah	O
,	O
i	O
wish	O
!	O

na	O
kozjanskem	O
pred	O
leti	O
pa	O
7	O
+	O
dni	O
.	O

komi	NORM
sem	O
domov	O
vse	O
zvozila	O
..	O

game	O
changer	O
za	O
oglaševalce	O
:	O
targetiranje	O
besed	O
na	O
twitterju	O
za	O
boljše	O
targetiranje	O
potrošnikov	O
http://t.co/kssqsgqfvb	O
#oglaševanje	O
@mmtvit	O

@edvardkadic	O
uff	O
pr	NORM
tehle	O
deckih	NORM
pa	O
tud	NORM
znajo	O
ne	O
--	O
fusajo	NORM
,	O
.	O

pr	NORM
21	O
!!?	O

a	O
gre	O
pingvin	O
zravn	NORM
?	O

a	O
pol	NORM
bo	O
spt	NORM
prekinitev	O

@tjasaseme	O
jep	NORM
.	O

lol	O
...	O

sej	NORM
najlazje	NORM
je	O
pa	O
prekopirat	NORM
moj	O
mail	O
in	O
ga	O
dat	NORM
na	O
forum	O
😡	O

@maticej	O
@mybluedragoness	O

@gregorsikosek	O
ni	O
mi	O
všeč	O
myfitnesspal	O
.	O

sem	O
si	O
dala	O
prepoved	O
.	O

marec	O
je	O
moj	O
...	O

na	O
faksu	O
en	O
semester	O
znam	O
tolk	NORM
da	O
se	O
s	O
strankami	O
po	O
nemško	O
lagano	O
vse	O
zmenmo	NORM
:)	O

toni66	O
dream	O
team	O
number	O
ten	O
(	O
oziroma	O
kolikor	O
koli	O
je	O
vlas	NORM
že	O
bilo	O
na	O
tem	O
mestu	O
od	O
leta	O
90	O
!	O

saj	NORM
kej	NORM
doberga	NORM
še	O
nared	NORM
..	O

http://t.co/arqxhqlwbh	O
”	O
auč	O
,	O
ta	O
je	O
pa	O
mocna	NORM
!	O

;)))	O

na	O
zacetku	NORM
so	O
polinomi	O
pa	O
funkcije	O
baje	O
:d	O

in	O
to	O
niso	O
pasemski	O
mucki	O

hej	O
,	O
(ne)ved(n)ež	O
,	O
nekdo	O
ti	O
krade	O
"	O
igro	O
"	O
:	O
#link#	O

)	O
sicr	NORM
pa	O
ne	O
vem	O
zaka	NORM
se	O
se	NORM
vedn	NORM
z	O
nekimi	O
belkami	O
ukvarjas	NORM
:)	O

http://t.co/m4fiwc30kp	O
@fitzroy1985	O

pa	O
rodilnika	O
se	O
nauč	NORM
,	O
je	O
reku	NORM
.	O

zato	O
te	O
nism	NORM
cist	NORM
stekala	NORM
.	O

@1ztok	O
zdaj	O
probavam	O
http://t.co/rae5neinje	O
in	O
vidm	NORM
da	O
je	O
pri	O
njemu	O
na	O
koncu	O
isto	O
...	O

@jozeplut	O
sej	NORM
te	O
tut	NORM
financirat	NORM
nočmo	NORM
,	O
pa	O
te	O
vseen	NORM
,	O
čeprav	O
je	O
inštitucija	O
z	O
namišljenim	O
prijateljem	O
,	O
baje	O
ločena	O
od	O
države	O
!	O

@igoretv	O
@petra_jansa	O
@tvslv	O
@vinkovasle1	O
rubber	O
spines	O
.	O

@ambrofuzbal	O
@ursicdomen	O
no	O
no	O
..	O

pa	O
ptiči	O
,	O
miši	O
etc.	O

ni	O
čudno	O
da	O
je	O
toliko	O
novodobnih	O
bolezni	O
.	O

nč	NORM
jasn	NORM
!!!	O

ni	O
lepsega	NORM
,	O
ko	O
prides	NORM
iz	O
sluzbe	NORM
in	O
se	O
najprej	O
pride	O
pocartat	O
nemski	NORM
ovcar	NORM
,	O
potem	O
pa	O
se	NORM
bernc	NORM
.	O

js	NORM
se	NORM
sicer	O
bil	O
tako	O
zaspan	O
,	O
da	O
sem	O
skoraj	O
skup	NORM
padel	O
,	O
ampak	O
je	O
blo	NORM
.	O

tale	O
naj	O
bi	O
odganjala	O
dež	O
.	O

kot	O
nevesta	O
?	O

tdiu	NORM
jaz	O
mislm	NORM
in	O
sme	NORM
bil	O
to	O
mslil	NORM
prwdvčrejašnjim	NORM
,	O
da	O
se	O
bneo	NORM
urdih	NORM
malo	O
nročjue	NORM
iz	O
nsa	NORM
slwencev	NORM
.	O

@ursicdomen	O
ej	O
,	O
a	O
so	O
te	O
zelene	O
majce	NORM
talal	NORM
al	NORM
smo	O
slovenci	O
končno	O
pokazal	NORM
,	O
da	O
tud	NORM
znamo	O
navijat	NORM
in	O
kšn	NORM
€	O
zapravt	NORM
za	O
take	O
stvari	O
?	O

kvaliteta	O
?	O

khm	O
(	O
si	O
popravlja	O
glas	O
)	O
,	O
sej	NORM
..	O
vse	O
lepo	O
&amp;	O
prav	O
,	O
ampak	O
nevem	NORM
ce	NORM

@tarcartvslo	O
torej	O
lahko	O
upamo	O
na	O
nek	O
tw	NORM
input	O
?	O

epsko	O
.	O

@itsmissys	O
jup	O
.	O

bolano	O
!	O

no	O
krstt	NORM
se	O
morm	NORM

če	O
ne	O
veš	O
dobiš	O
odg.	O
v	O
nasl.	O
tvitu	O
..	O

#jackdaniels	O

dohtar	NORM
,	O
vzemi	O
nazaj	O
ta	O
ideološki	O
spin	O
,	O
prosim	O
,	O
saj	O
imaš	O
možnost	O
editiranja	O
,	O
grozno	O
nizek	O
in	O
nepremišljen	O
je	O
.	O

kar	O
naj	O
ga	O
nadomestijo	O
v	O
mariboru	O
.	O

she	NORM
izzivanje	O
ti	O
je	O
tuj	O
pojem	O
...	O

.	O
@borisdroid	O
@tretjeoko	O
@fejstmozakar	O
niste	O
:)	O

kje	O
človek	O
izklopi	O
to	O
bedarijo	O
?	O

1/2	O

se	O
mi	O
zdi	O
da	O
mi	O
skratki	NORM
s	O
skarjicami	NORM
rezejo	NORM
te	O
ze	NORM
tako	O
kratke	O
ure	O
:(	O
http://t.co/h9zrseud93	O

@mojcas	O
men	NORM
je	O
biu	NORM
pa	O
ecclestone	O
najbol	NORM
anti	O
od	O
vseh	O
.	O

aja	O
no	O
saj	O
on	O
nima	O
nič	O
zraven	O
to	O
je	O
"	O
njen	O
"	O
projekt	O
.	O

...	O
ko	O
smo	O
lih	NORM
pr	NORM
tem	O
.	O

ko	O
greš	O
s	O
tamalim	NORM
zjutri	NORM
pri	O
-15	O
v	O
avto	O
.	O

(	O
@username	O
pub	O
pod	O
skalco	O
)	O
[	O
pic	O
]	O
:	O
http://t.co/nvhuuwi54k	O

@asocialec	O
@kibibic	O
jaz	O
nalimam	O
na	O
rob	O
monitorja	O
pri	O
desktopu	O
,	O
na	O
laptop	O
ali	O
pa	O
dam	O
v	O
denarnico	O
za	O
offline	O
stvari	O
.	O

kva	NORM
ti	O
?	O

če	O
bi	O
vaju	O
filana	O
paprika	O
združila	O
,	O
bi	O
se	O
to	O
tudi	O
spodobilo	O
.	O

ali	O
sem	O
pravilno	O
razumel	O
:-(	O
?	O

:)	O

ha	O
sej	NORM
sn	NORM
vedu	NORM
de	NORM
ne	O
bom	O
mel	NORM
velik	NORM
dela	O
....	O

@moj_ca	O
i	O
feel	O
you	O
.	O

nič	O
:d	O

nekateri	O
se	O
sploh	O
ne	O
razselijo	O
,	O
ker	O
se	O
ne	O
morejo	O
dogovoriti	O
ne	O
za	O
delitev	O
premoženja	O
,	O
ne	O
za	O
stanovanje	O
,	O
niti	O
nimajo	O
kam	O
iti	O
.	O

boom	O
sixpack	O

ali	O
njega	O
tudi	O
spletno	O
preganjajo	O
...	O

kaj	O
mi	O
bojo	O
?	O

dejansko	O
je	O
en	O
uporabu	NORM
vsaj	O
štiri	O
c4	O
za	O
to	O
...	O

@jolandabuh	O
haha	O
..	O

:))))	O

nekdaj	O
je	O
bil	O
gotovo	O
slabshi	NORM
od	O
firefoxa	O
,	O
drugazhe	NORM
pa	O
mu	O
manj	O
saupam	NORM
.	O

aja	O
tok	NORM
hudo	O
drago	O
je	O
salamon	O
?	O

#kosilo	O
#cantmove	O

veš	O
kaj	O
,	O
sama	O
imam	O
4	O
,	O
punčki	O
in	O
2	O
fanta	O
,	O
in	O
sem	O
prepričana	O
še	O
,	O
da	O
bo	O
še	O
eden	O
,	O
naj	O
govori	O
kdo	O
kar	O
hoče	O
,	O
nosila	O
bom	O
jaz	O
,	O
bedela	O
tudi	O
,	O
dojila	O
tudi	O
in	O
živela	O
z	O
njim	O
in	O
preživljala	O
tudi	O
,	O
tako	O
da	O
-	O
gremo	O
punca	O
.	O

tista	O
zmaga	O
letos	O
v	O
mb	O
je	O
bla	NORM
res	O
slučajna	O
...	O

opa	O
...	O

vroče	O
je	O
pod	O
tvojo	O
poezijo	O
!	O

:d	O

napis	NORM
sms	O
pa	O
to	O
pa	O
ti	O
napišem	O
neki	NORM
zlooo	NORM
fun	O
=)	O

danes	O
mašinerija	O
ker	NORM
neče	NORM
in	O
neče	NORM
zaštartat	NORM
...	O

@newsexit	O
@iebergant	O
@borutjanc	O
@ivalacan	O
@ana_nadz	O
@tjasapotisk	O
@tinahojnik	O

andromaha	O
to	O
bo	O
pa	O
lepo	O
:)	O

pa	O
se	O
mi	O
je	O
res	O
malo	O
čudno	O
zdelo	O
zakaj	O
niso	O
v	O
palete	O
zložene	O
.......	O

@iztokgartner	O
@idejan83	O
nisem	O
uzaljen	NORM
,	O
samo	O
ko	O
sn	NORM
videl	O
video	O
in	O
ko	O
sem	O
mislil	O
da	O
sn	NORM
js	NORM
,	O
sn	NORM
dobu	NORM
kr	NORM
rahle	O
metulcke	NORM
v	O
trebuhu	O
:-)	O

kdaj	O
bo	O
nacionalni	O
medij	O
naredu	NORM
propagadni	NORM
intervju	O
s	O
kom	O
iz	O
hamasa	O
..	O

@rok_novak	O
@zzturk	O
@fall_over	O
čistunstvo	O
svetovnega	O
nazorstva	O
je	O
bullshit	O
.	O

dobro	O
,	O
da	O
sem	O
vidla	NORM
drug	O
twit	O
hehe	O
..	O

prej	O
kot	O
rusija	O
pred	O
zda	O
in	O
eu	O
,	O
eu	O
pokleknila	O
pod	O
rusi	O
!	O

@mrdee25	O
@pivotiranje	O
@penkalis	O
@tjablonsky	O
@zballe	O
sem	O
opazil	O
ja	O
!	O

top	O
shit	O
!	O

@marika678	O
ha	O
,	O
kul	O
!	O

film	O
,	O
ne	O
knjige	O
,	O
itak	O
.	O

@trdosrcnez	O
pa	O
mal	NORM
si	O
dons	NORM
razpise	O
poglej	O
na	O
zavodu	O
oe	O
lj	NORM
pozoren	O
na	O
tole	O
...	O

http://t.co/pbwxgjpcyh	O

več	O
kot	O
pošiljaš	O
,	O
več	O
bo	O
porabil	O
.	O

lah	NORM
bi	O
še	O
mal	NORM
fasado	O
poštimal	NORM
pa	O
kak	O
oddelk	NORM
dogradil	NORM
drgač	NORM
pa	O
super	O
ja	O
..	O

pa	O
se	O
zato	O
nista	O
jezila	O
..	O

@gregsonii	O
to	O
je	O
res	O
.	O

thx	NORM
vseeno	O
!	O

@bratpanfilij	O
itak	O
.	O

cimra	O
ima	O
navado	O
po	O
prekrokani	O
noči	O
cel	O
dan	O
poslušat	NORM
nirvanin	O
-	O
where	O
did	O
you	O
sleep	O
last	O
night	O
,	O
js	NORM
pa	O
po	O
novem	O
:	O
https://t.co/hiyqtpo43f	O

sem	O
vedno	O
mislila	O
da	O
je	O
to	O
release	O
based	O
tehnika	O
ne	O
pa	O
nek	O
medvretencni	NORM
musklfibr	O
.	O

tist	NORM
no	O
......	O

:)	O

salabajzejre	NORM
ne	O
prenese	O
.	O

@matjaz_jansa	O
ce	NORM
pa	O
je	O
@zares	O
v	O
tem	O
primeru	O
macka	NORM
...	O

hud	O
zakluček	NORM
tura	O
.	O

likard37	O
,	O
bolj	O
oni	O
so	O
si	O
pripravili	O
,	O
jaz	O
sem	O
pazil	O
na	O
reko	O
,	O
da	O
si	O
ne	O
bi	O
kakšne	O
nenadne	O
daritve	O
poželela	O
.	O

držim	O
pesti	O
jutr	NORM
!	O

ja	O
sori	O
sm	NORM
pac	NORM
clovek	NORM
..	O

:(	O

s	O
tole	O
črno	O
plastiko	O
(	O
al	NORM
kr	NORM
kol	NORM
je	O
)	O
pod	O
lučmi	O
so	O
mal	NORM
v	O
temo	O
brcnl	NORM

jst	NORM
bi	O
pa	O
tko	NORM
rad	O
probal	O
ježov	NORM
golaž	O
.	O

@bejbimejbi	O
@nejcsimsic	O
lej	NORM
..	O

sam	NORM
še	O
to	O
pol	NORM
ti	O
pa	O
dam	O
mir	O

eno	O
ranco	NORM
ma	NORM
pod	O
brado	O
(	O
se	O
vid	NORM
tle	NORM
)	O
,	O
pa	O
dans	NORM
je	O
mela	NORM
kri	O
v	O
kakcu	O
:\	O

@mclion	O
ja	O
kuza	NORM
je	O
takoj	O
ko	O
smo	O
ga	O
v	O
vodo	O
zrinli	NORM
,	O
ven	O
sibal	NORM
in	O
se	O
skril	O
za	O
skalo	O
:)	O

haha	O
,	O
nej	NORM
se	O
še	O
kdo	O
drug	O
z	O
njimi	O
ukvarja	O
.	O

dobis	NORM
pozdravcke	NORM
;)	O

kot	O
golden	O
follower	O
of	O
2013	O
sledečim	O
osebam	O
,	O
bla	O
bla	O
bla	O
:d	O
@sanjagornjec	O

@gromska_strela	O
@tjasaseme	O
jaz	O
mam	NORM
pa	O
kle	NORM
ful	O
razdvojeno	O
mnenje	O
...	O

@jssmrenton	O
kupva	NORM
vsak	O
polovico	O
.	O

@tetecinober	O
@matevznovak	O
@planettv	O
@telekomslo	O
dejte	NORM
no	O
..	O

hahaha	O
.	O

pa	O
kje	O
najdete	O
te	O
stare	O
poste	O
5	O
let	O
in	O
več	O
in	O
nanje	O
odgovarjate	O
??	O

pa	O
kva	NORM
je	O
un	NORM
grintavi	O
poba	O
iz	O
združene	O
glivice	O
trepetal	O
-	O
samo	O
zapornika	O
v	O
dz	O
ne	O
,	O
samo	O
tega	O
ne	O
!	O

kaj	O
pa	O
bus	O
pasovi	O
,	O
bolj	O
flexibilno	NORM
vstopanje	O
na	O
bus	O
itd.	O
??	O

:-)	O

ta	O
prav	O
dec	NORM
https://t.co/aexja5isbe	O

:)	O

thx	O
!	O

grški	O
financ	NORM
o	O
tem	O
,	O
zakaj	O
odpisati	O
dolgove	O
.	O

:)	O

hehe	O
....	O

iščem	O
punco	O
.	O

@petra_jansa	O
kaj	O
je	O
petra	O
,	O
a	O
vs	NORM
že	O
ritka	O
stiska	O
,	O
da	O
boste	O
spet	O
spušili	O
volitve	O
in	O
ste	O
že	O
začeli	O
z	O
antipropagando	O
?	O

a	O
se	O
vam	O
zdi	O
?!	O

@vanfranco	O
o	O
,	O
podmuklo	O
,	O
brez	O
quota	O
.	O

uglaunem	NORM
neki	NORM
novga	NORM
kmal	NORM
;)	O

@t_celestina	O
ja	O
čist	NORM
čedn	NORM
.	O

mini	O
heart	O
attack	O
,	O
ko	O
po	O
celi	O
noci	NORM
dela	O
prides	NORM
dam	NORM
,	O
hocs	NORM
fotke	O
postimat	NORM
pa	O
komp	O
umre	O
za	O
pol	O
ure	O
.	O

)	O

domoljub-50	O
-	O
izsušili	O
bomo	O
jezero	O
.-)	O

ne	O
da	O
se	O
ga	O
"	O
izračunati	O
"	O
,	O
ker	O
je	O
središče	O
vesolja	O
povsod	O
…	O

ja	O
kok	NORM
fletn	NORM
!	O

mrš	NORM
!	O

google	O
?	O

@lculiberg	O
jaz	O
bi	O
že	O
zdavnaj	O
porezal	O
del	O
dolga	O
grčiji	O
,	O
da	O
bi	O
del	O
požrle	O
banke	O
.	O

dejmo	NORM
pol	NORM
rajš	NORM
trošit	NORM
,	O
mogoče	O
bomo	O
pol	NORM
v	O
plusu	O
:p	O

ja	O
no	O
,	O
tut	NORM
res	O

@fantomski	O
khm	O
...	O

pozdrav	O
!	O

hope	O
so	O
;)	O

pride	O
mami	O
v	O
sobo	O
in	O
neki	NORM
govori	O
za	O
ju3	NORM
in	O
rečm	NORM
:	O
"	O
a	O
sva	O
živčne	NORM
?	O
"	O

in	O
jasna	O
,	O
to	O
mi	O
je	O
pri	O
tvojih	O
besedovanjih	O
všeč	O
.	O

za	O
brat	NORM
sm	NORM
pa	O
glih	O
zdaj	O
dobva	NORM
nek	O
pomembn	NORM
dokument	O
tk	NORM
da	O
bo	O
to	O
na	O
dnevnem	O
redu	O

prej	O
pa	O
15	O
let	O
...	O
nista	NORM
...	O
nula	O
...	O
zero	O
...	O
zilch	O
...	O
nada	O
...	O

pa	O
vsi	O
smo	O
bli	NORM
reveži	O
,	O
še	O
kofeta	O
ni	O
blo	NORM
za	O
dobit	NORM
.	O

no	O
,	O
naj	O
se	O
še	O
malo	O
poigram	O
:	O
64	O
:	O
56	O
;)	O

@orleanska1	O
@banicgregor	O
@bernardbrscic	O
@sebastjanerlah	O
@nmusar	O
kakšno	O
zvezo	O
ima	O
,	O
če	O
ni	O
dr.	O
?	O

narava	O
-	O
a	O
tudi	O
ti	O
kuriš	O
?	O

bi	O
se	O
poklali	O
za	O
zadnje	O
drobtinice	O
.	O

also	O
....	O
shut	O
up	O
and	O
take	O
my	O
money	O
;d	O
http://t.co/lbu6eerp	O

al	NORM
kako	O
že	O
?	O

mal	NORM
sčekirej	NORM
umes	NORM
.	O

zdej	NORM
pa	O
nehite	NORM
jamrat	NORM
nad	O
tem	O
vremenom	O
!	O

nice	O
saturday	O
:)	O
#winwinsituation	O
#jackdaniels	O

@karmelinahu	O
al	NORM
pa	O
da	O
je	O
bla	NORM
na	O
isti	O
gimnaziji	O
kt	NORM
jst	NORM
in	O
da	O
sva	O
skupaj	O
igrala	O
v	O
gledaliscu	NORM
;);)	O

he	O
,	O
he	O
,	O
'mam	NORM
še	O
vedno	O
en	O
asahi	O
pentax	O
mx	O
,	O
vendar	O
ne	O
slikam	O
več	O
z	O
njim	O
.	O

:d	O
#slovenskezeleznice	O
#mondaying	O

in	O
razmišljam	O
kdaj	O
je	O
twitter	O
postal	O
just	O
another	O
social	O
network	O
.	O

@lauramlinar	O
ja	O
,	O
jaz	O
sem	O
moje	O
tud	NORM
stran	O
vrgla	O
v	O
angliji	O
.	O

ko	O
te	O
bivsi	NORM
sef	NORM
klice	NORM
,	O
ce	NORM
mam	NORM
kj	NORM
cajta	O
za	O
delat	NORM
,	O
se	O
zamislim	O
ce	NORM
sn	NORM
prej	O
biu	NORM
res	O
dobr	NORM
delavc	NORM
,	O
al	NORM
noce	NORM
noben	O
sprejet	NORM
usranega	O
dela	O
vec	NORM
?	O

tudi	O
tebi	O
hvala	O
za	O
zgodbo	O
,	O
...	O

'	O
sm	NORM
študiru	NORM
,	O
če	O
bi	O
štumfe	O
ubu	NORM
,	O
pa	O
sem	O
reku	NORM
,	O
mah	O
,	O
boli	O
me	O
!	O

to	O
se	O
je	O
dogajalo	O
tut	NORM
u	NORM
mojih	O
časih	O
v	O
oš	O
..	O

pr	NORM
nas	O
je	O
ful	O
zakon	O
,	O
če	O
si	O
nardiš	NORM
kavo	O
in	O
potem	O
aparat	O
zastoka	O
,	O
da	O
rabi	O
kak	O
"	O
servis	O
"	O
.	O

sem	O
že	O
pasel	O
pujse	O
in	O
jih	O
jahal	O
,	O
pa	O
so	O
fuuul	NORM
živahni	O
...	O

#kolksmjsthud	O
#samohvala	O
#hvala	O
#newsoftheday	O

in	O
po	O
češko	O
?	O

:((	O

ful	O
znana	O
mi	O
je	O
slika	O

sicer	O
so	O
ene	O
scene	O
(	O
lahko	O
ju3	NORM
na	O
smsih	NORM
al	NORM
me	O
pa	O
poklič	NORM
če	O
hočš	NORM
podrobnosti	O
)	O
,	O
samo	O
upajmo	O
da	O
bo	O
vse	O
ql	NORM
:)	O

tle	NORM
zgleda	O
vrtijo	O
nek	O
superduper	O
zajeban	O
never-heard	O
house	O
ker	O
so	O
sami	O
hipsterji	O
not	NORM
(	O
@username	O
)	O
http://t.co/iyxcgq7ta2	O

ne	O
,	O
ne	O
rabm	NORM
novga	NORM
ipada	O
,	O
iphona	O
in	O
podobnega	O
sranja	O
.	O

2	O
majci	NORM
,	O
hjoooj	O
.	O

to	O
je	O
pač	O
blo	NORM
zraven	O
...	O

na	O
živce	O
mi	O
gre	O
,	O
k	NORM
te	O
hinavsko	O
z	O
malimi	O
forami	O
hočjo	NORM
prsilt	NORM
v	O
nakup	O
novga	NORM
telefona	O
.	O

jutri	O
enkrat	O
...	O

@slovenistan	O
@janjakralj	O
jaa	NORM
no	O
..	O

ma	O
bejž	NORM
no	O
bejž	NORM
starina	O
...	O

:)	O

@aleslednik	O
@dc43	O
sem	O
ga	O
ze	NORM
jaz	O
par	O
dni	O
nazaj	O
to	O
spraseval	NORM
,	O
en	O
javascript	O
je	O
gor	NORM
,	O
ki	O
je	O
kao	O
zloben	O
(	O
ni	O
)	O
.	O

hrano	O
za	O
ljudi	O
.	O

@tomazzupan	O
predlog	O
...	O

bi	O
biu	NORM
moj	O
tv	O
dons	NORM
že	O
čez	O
balkon	O
.	O

@kracalnik	O
haha	O
...	O
budala	O
jst	NORM
.	O

sploh	O
ne	O
štekam	O
,	O
zakaj	O
se	O
poptv	NORM
na	O
#slotalent	O
tako	O
trudi	O
z	O
dramaturgijo	O
...	O

zda	O
in	O
cia	O
spet	O
brcajo	O
v	O
prazno	O
,	O
saj	O
rusov	O
ne	O
bodo	O
uspeli	O
spovocirati	NORM
.	O

@rafanadal13gs	O
to	O
je	O
pa	O
brat	O
od	O
gejma	O
a	O
ne	O
?	O

prav	O
izogibajo	O
se	O
je	O
...	O

lp	O

#jstvem	O

hvala	O
za	O
odgovor	O
!	O

niti	O
eden	O
ne	O
premore	O
vsaj	O
razmišljanja	O
o	O
mojem	O
vprašanju	O
:	O

ampak	O
lohk	NORM
bi	O
bil	O
total	O
badass	O
z	O
drugim	O
stylingom	O
.	O

na	O
fb	O
obstaja	O
skupina	O
kjer	O
se	O
pogovarjamo	O
o	O
nasiš	NORM
angelčkih	O

@erikaplaninsec	O
@fin1mark	O
erikalamityjane	O
..	O
pištole	O
bomo	O
rabli	NORM
,	O
saj	O
murgle	O
prisegajo	O
#druže	O
tito	O
mi	O
ti	O
se	O
kunemo	O
da	O
sa	O
tvoga	O
puta	O
ne	O
skrenemo	O

lahko	O
noč	O
!	O

@lucijausaj	O
@assiski	O
naj	O
si	O
zdejle	NORM
to	O
oddajo	O
pogleda	O
...	O

jaja	NORM
,	O
a	O
zaleže	O
ja	O
-	O
sm	NORM
pr	NORM
slo	NORM
tajkunčičih	O
je	O
treba	O
kepo	O
najprej	O
najdit	NORM
,	O
ker	O
je	O
rt	NORM
tak	NORM
vlka	NORM

@banicgregor	O
@fantomski	O
@jirikocica	O
@matevznovak	O
@strelovod	O
bi	O
držalo	O
,	O
če	O
bi	O
bli	NORM
pred	O
vojno	O
razdeljeni	O
na	O
dve	O
frakciji	O
.	O

zakaj	O
je	O
folk	O
tolk	NORM
obseden	O
z	O
alkoholom	O
?	O

@fitzroy1985	O
tako	O
je	O
prišlo	O
do	O
skor	NORM
trilijon	O
$	O
subprime	O
mortgage	O
,	O
ki	O
jih	O
ob	O
padcu	O
cen	O
nepremičnin	O
(	O
bubble	O
)	O
1	O
niso	O
mogli	O
več	O
odplačevati	O
.	O

sledi	O
oglasnik	O
tip	O
1	O

#prejšnjitvit	O

:d	O
https://t.co/sgf5kvlwy7	O
#nočnastraža	O

@visnya	O
@urskabozic	O
@esterapremk	O
@_tadeja	O
https://t.co/oq0l7xfxax	O
iz	O
spota	O
evo	O
po	O
moje	NORM
hočjo	NORM
s	O
tem	O
namignt	NORM
da	O
je	O
bill	O
gej	O
al	NORM
pa	O
vsaaaj	NORM
bi	O
:d	O

http://t.co/fqvqv92mzc	O

pozvoni	O
in	O
vpraši	NORM
za	O
kobilco	O
....	O

če	O
nimaš	O
dosti	O
,	O
ni	O
kaj	O
šparat	NORM

@itspolona	O
shit	O
joj	O
na	O
to	O
pa	O
nism	NORM
pomislu	NORM
.	O

fail	O
takoj	O
,	O
ker	O
99	O
%	O
downloada	O
hwood	O
filme	O
(	O
ki	O
so	O
v	O
kinu	O
)	O
in	O
ne	O
evropske	O
art	O
filme	O
.	O

*	O
gre	O
zakuhat	O
še	O
en	O
lonc	NORM
čaja	O
*	O

@maxatnes	O
meni	O
so	O
poslali	O
primere	O
tvitov	O
in	O
fb	O
objav	O
in	O
me	O
za	O
vedno	O
izgubili	O
,	O
my	O
mind	O
is	O
my	O
mind	O
forever	O
@sdsstranka	O
@neoliberalec	O

sere	NORM
pa	O
se	O
maže	O
no	O
sej	NORM
je	O
vladal	O
ko	O
se	NORM
se	O
talal	NORM
krediti	O
i	O
šakom	O
i	O
kapom	O
kva	NORM
pa	O
se	O
spreneveda	O

11	O
€	O
na	O
mesec	O
lol	O
.	O

če	O
ne	O
veste	O
,	O
na	O
katero	O
proslavo	O
bi	O
šli	O
,	O
pridte	NORM
k	O
men	NORM
.	O

@antares_91	O
ker	O
vozjo	NORM
tko	NORM
,	O
da	O
prou	NORM
prosijo	O
,	O
da	O
bi	O
jih	O
en	O
zgaziu	NORM
!	O

pazi	O
to	O
,	O
pol	NORM
uleti	O
pa	O
ena	O
gospa	O
v	O
cakalnico	NORM
,	O
da	O
se	O
naroci	NORM
,	O
in	O
rece	NORM
:	O
"	O
joj	O
,	O
sam	NORM
ce	NORM
lahk	NORM
hitr	NORM
,	O
usest	NORM
se	O
me	NORM
morm	NORM
veste	O
,	O
prevec	NORM
bacilov	O
"	O
o.o	O

@ciservice	O
@planetsiolnet	O
izhaja	O
iz	O
sebe	O
.	O

vidla	NORM
par	O
sekud	NORM
posnetka	O
na	O
fb	O
,	O
ko	O
ena	O
(	O
vstavi	O
poljubno	O
žaljivko	O
)	O
tepe	O
par	NORM
dojenčka	O
.	O

vsa	O
čast	O
.	O

to	O
ni	O
samo	O
film	O
,	O
je	O
kar	O
reality	O
show	O
imenovan	O
življenje	O
:)	O

a	O
je	O
še	O
kak	O
kul	O
programmer's	O
/	O
text	O
editor	O
ki	O
se	O
da	O
scriptat	NORM
(	O
kot	O
npr	NORM
emacs	O
z	O
elisp	NORM
?	O

@urskasoncek	O
hehe	O
,	O
žal	O
nisem	O
nikol	NORM
takšne	O
sreče	O
.	O

gotovo	O
tud	NORM
studio	O
ob	O
17h	O
in	O
odmevi	O
.	O

lp	O
*****************************	O

http://t.co/uoahhr4qth	O
@mmc_sport	O
@sloskiszs	O

;)	O

nobene	O
,	O
v	O
bistvu	O
.	O

samo	O
krzno	O
,	O
babe	O
se	O
skor	NORM
da	O
vun	NORM
ne	O
vidi	O
.	O

@markopavlisic	O
hehe	O
aja	O
si	O
kr	NORM
dobil	O
zagon	O
da	O
se	O
razpišeš	O
..	O

@donfarfezi	O
@mrgabbah	O
@jureflux	O
men	NORM
je	O
pa	O
double	O
whopper	O
bolš	NORM
kt	NORM
karkol	NORM
v	O
meku	O
:d	O

lol	O
.........	O

@lazarjevpolzek	O
neee	NORM
,	O
kopalke	O
maš	NORM
spodi	NORM
:d	O

#emšo	O
?	O

can't	O
wait	O
!!	O

:)	O

sploh	O
z	O
domačo	O
meto	O
in	O
meliso	O
.	O

@peruzzi007	O
@micoo113	O
a	O
dej	NORM
dej	NORM
,	O
rotim	O
te	O
:)	O

:)	O

celinka	O
bi	O
se	O
lahk	NORM
mal	NORM
mnj	NORM
obešala	O
,	O
pa	O
pogled	O
kvarla	NORM
:d	O

#stopimoskupaj	O

kjer	O
je	O
dim	O
je	O
tudi	O
ogenj	O
...	O

saj	O
ni	O
več	O
mej	O
,	O
senza	O
confini	O
,	O
no	O
borders	O
,	O
keine	O
grenzen	O
,	O
nema	O
granica	O
...	O

@barbararamuta	O
kaj	O
pa	O
vem	O
;	O
običajno	O
nekej	NORM
prazne	O
glave	O
okoli	O
mene	O
hodjo	NORM
hahaha	O
:-p	O

ne	O
vem	O
zakaj	O
bi	O
se	O
moral	NORM
zmeraj	O
ozirat	NORM
na	O
neke	O
norme	O
,	O
če	O
nam	O
pa	O
paše	O
.	O

pomanklivost	NORM
proti	O
andrd	NORM
je	O
mn	NORM
aplikacij	O
,	O
sam	NORM
je	O
vse	O
kar	O
rabs	NORM
:)	O

dobr	NORM
no	O
,	O
kakšna	O
je	O
to	O
debilana	O
z	O
icloud	O
drivom	O
na	O
ipadu	O
in	O
iphonu	O
?	O

bil	O
bi	O
zelo	O
hvaležen	O
če	O
bi	O
si	O
kdo	O
vzel	O
čas	O
za	O
rešitev	O
katerekoli	O
od	O
teh	O
limit	O
?	O

kera	NORM
slaba	O
kopija	O
europopa	O
z	O
wannabe	O
antwoord	O

bi	O
,	O
pa	O
ne	O
bom	O
komentirala	O
,	O
ker	O
morš	NORM
delat	NORM
!!	O

spijes	NORM
enga	NORM
ali	O
dva	O
...	O

je	O
reku	NORM
naj	O
jih	O
dostavim	O
@rtvslo	O
da	O
slucajn	NORM
ne	O
bo	O
kksnih	NORM
kislih	O
clankov	NORM
ala	NORM
murko	O
se	O
je	O
jokal	O
...	O

sledi	O
oglasnik	O
tip	O
1	O

zakaj	O
sploh	O
prepovedovati	O
?	O

tist	NORM
k	NORM
hoce	NORM
dobr	NORM
fu*at	O
more	O
znt	NORM
prebrt	NORM
partnerja	O

@tinetincek76	O
@reportermilan	O
tak	NORM
je	O
!	O

g.	O
majster	O
-	O
oče	O
naroda	O
,	O
alfa	O
samec	O
?	O

je	O
dovolj	O
libertaren	O
v	O
ekon	NORM
,	O
a	O
n'mal	NORM
preveč	O
soc	NORM
v	O
soc	NORM
;)	O

predvidevam	O
,	O
da	O
vsak	O
mehanik	O
,	O
ki	O
ne	O
servisira	O
na	O
pamet	O
,	O
je	O
v	O
stanu	NORM
servisirati	O
omenjeno	O
vozilo	O
.	O

:p	O
bom	O
jutri	O
.	O

"	O
tko	NORM
bom	O
zasimuliru	NORM
,	O
da	O
bo	O
sodnik	O
dal	O
penal	O
,	O
skloftal	NORM
unga	NORM
,	O
k	NORM
me	O
ja	NORM
kao	O
spotaknu	NORM
in	O
plesal	O
z	O
delegatom	O
.	O

mislim	O
...	O
:))	O

#link#	O
manjka	O
cca.	O
95	O
%	O
,	O
drugače	O
pa	O
je	O
popolno	O
.	O

tega	O
pa	O
najbrž	O
niso	O
tvegani	O
hedge	O
skladi	O
kupili	O
,	O
a	O
ne	O
?	O

ajmo	O
..	O

fuck	O

sj	NORM
res	O
komisar	O
kje	O
je	O
naš	O
miha	O
pavliha	O
?	O

peterletova	O
švica	O
iz	O
leta	O
1990	O
je	O
tukaj	O
,	O
problem	O
je	O
le	O
v	O
tem	O
,	O
da	O
je	O
peterle	O
švico	O
zamenjal	O
z	O
zimbabvejem	O
.	O

možn	NORM
da	O
pridem	O
domov	O
šele	O
ob	O
20:03	O
tko	NORM
da	O
upam	O
da	O
ne	O
bo	O
prepozn	NORM
...	O

pa	O
tisti	O
ki	O
milsli	NORM
naredit	NORM
samomor	O
nej	NORM
uzame	NORM
list	O
pa	O
pisalo	O
pa	O
napiše	O
zaka	NORM
pa	O
za	NORM
se	O
nebi	NORM
ubil	O
.	O

to	O
je	O
to	O
.	O

kater	NORM
datum	O
?	O

ni	O
mi	O
pa	O
nic	NORM
zablokiral	O
fon	O
,	O
hvala	O

@ninagray_	O
#sleepyhollow	O
je	O
leeeejm	NORM
:d	O

@katjusa12	O
na	O
petrolu	O
majo	NORM
sprej	O
zza	NORM
smolo	O
na	O
avtu	O
,	O
naspricas	NORM
,	O
mal	NORM
pustis	NORM
in	O
obrises	NORM
..	O

pa	O
lah	NORM
se	NORM
kak	O
piiiiii.	O
/	O
kufe	NORM
spijemo	O
..	O

namest	NORM
številk	O
majo	NORM
navešena	O
bolj	O
ali	O
manj	O
posrečena	O
imena	O
.	O

pa	O
včasih	O
take	O
pišeš	O
.	O

@mojcamars	O
@nelly_fox	O
no	O
,	O
mislem	NORM
...	O
sej	NORM
če	O
dost	NORM
dolg	NORM
brskaš	O
najdeš	O
tut	NORM
ene	O
2	O
sprejemljiva	O
looka	O
recimo	O
,	O
kjer	O
šminka	O
ni	O
čez	O
rob	O
,	O
pa	O
je	O
mrbit	NORM

sodelavka	O
:	O
ne	O
,	O
jst	NORM
sn	NORM
tle	NORM
baterijske	O
reje	O
(	O
pod	O
luckami	NORM
)	O
.	O

#marelaless	O
"	O

najboljš	NORM
je	O
pa	O
ob	O
dveh	O
zjutri	NORM
po	O
telefonu	O
receptorki	O
v	O
chicago	O
razlagat	NORM
,	O
da	O
ne	O
morš	NORM
kreditne	O
po	O
faksu	O
poslat	NORM
,	O
ker	O
je	O
faking	O
dve	O
zjutri	NORM
.	O

drugač	NORM
me	O
boš	O
ti	O
prjavu	NORM
:d	O

dejte	NORM
odbojkasice	NORM
kontra	O
,	O
da	O
bo	O
svet	O
uravnotezen	NORM
.	O

@alanbstard2	O
@spletnamladina	O
zglejda	NORM
ne	O
kapiraju	NORM
,	O
de	NORM
sa	NORM
ta	O
pru	NORM
grki	O
sami	O
zakockal	NORM
državo	O
.	O

bi	O
prav	O
rad	O
vedel	O
,	O
o	O
čem	O
ste	O
se	O
v	O
ponedeljek	O
pogovarjali	O
,	O
da	O
si	O
na	O
češplje	O
spomnil	O
!	O

najdu	NORM
sm	NORM
zbirko	O
starih	O
mesečnih	O
vozovnic	O
,	O
najstarejša	O
je	O
iz	O
leta	O
1990	O
.	O

@jozebiscak	O
@finance_si	O
ja	O
kako	O
če	O
je	O
pa	O
un	NORM
večer	O
v	O
odmevih	O
zatrjevala	O
da	O
denarja	O
ne	O
rabmo	NORM
ampak	O
so	O
si	O
ga	O
sposodili	O
kr	NORM
tako	O

čebela	O
-	O
to	O
je	O
pa	O
naslednja	O
faza	O
-	O
:::))))	O

te	O
vedno	O
najrajs	NORM
preberm	NORM
.	O

ko	O
se	O
vrneš	O
nazaj	O
pa	O
neč	NORM
dohtarju	NORM
ne	O
povej	O
,	O
ko	O
te	O
ne	O
bo	O
več	O
ven	O
spustil	O
,	O
he	O
,	O
he	O
.	O

uničujejo	O
svet	O
.	O

@spirulinka9	O
bravo	O
.	O

res	O
nevem	NORM
.	O

don't	O
do	O
too	O
much	O
no	O
.	O

@andrejravnikar	O
hehe	O
.	O

in	O
je	O
preveč	O
za	O
uhe	O
čeprav	O
je	O
naštelano	O
dokaj	O
v	O
nulo	O
(	O
kick	O
ga	O
še	O
neki	NORM
j**e	O
)	O

človk	NORM
skor	NORM
ne	O
more	O
verjet	NORM
.	O

@gregasever	O
he	O
,	O
he	O
...	O
dobra	O
je	O
ta	O
.	O

a	O
vseeno	O
:	O
eko	O
svoboščine	O
brez	O
osebnih	O
:	O
no-go	O
.	O

da	O
o	O
tem	O
,	O
da	O
je	O
tud	NORM
desnica	O
ena	O
curabura	O
,	O
ne	O
bi	O
govrl	NORM
.	O

lahko	O
bi	O
reku	NORM
da	O
nevem	NORM
kdo	O
je	O
avto	O
vozu	NORM
...?	O

vir	O
:	O
#link#	O

pretežko	O
za	O
furat	NORM
..	O

damn	O
it	O
sm	NORM
ga	O
zjutri	NORM
z	O
avtom	O
sral	O
omg	O
:s	O

čakam	O
v	O
začetki	NORM
junija	O
na	O
operacijo	O
žolčnih	O
kamnov	O
.	O

fotr	O
sestri	O
:	O
"	O
če	O
rabiš	O
avto	O
za	O
šminkart	NORM
,	O
ti	O
bom	O
jaz	O
mojga	NORM
dal	O
"	O

lubiana	O
a	O
un	O
passo	O
dagli	O
aiuti	O
europei	O
http://t.co/lief0sopsw	O
via	O
@il_piccolo	O
slovenska	O
politika	O
pač	O
-	O
zafurala	O
vso	O
državo	O
in	O
generacije	O
.	O

dobr	NORM
precednik	NORM
je	O
mrtu	NORM
precednik	NORM

@mmiha2	O
dvakrat	O
je	O
napisala	O
'	O
vstane	O
'	O
.	O

real	O
frendi	O
so	O
sam	NORM
iluzija	O
.	O

deluje	O
samo	O
preko	O
appov	O
,	O
ni	O
pa	O
native	O
appa	O
za	O
gledat	NORM
dokumente	O
in	O
fotke	O
?	O

http://t.co/mhvtc1cuf4	O

poptv	NORM
:	O
tud	NORM
zavašnikovo	O
sodbo	O
je	O
treba	O
spoštovat	NORM
,	O
al	NORM
vprašam	O
pahorja	O

prosim	O
povejte	O
kako	O
pozabiti	O
na	O
pogin	O

sem	O
htel	NORM
danes	O
posnet	NORM
hejterski	O
#nflslo	O
podcast	O
,	O
pa	O
je	O
karma	O
poskrbela	O
,	O
da	O
mi	O
ga	O
ni	O
treba	O
:)	O

res	O
mi	O
ni	O
jasno	O
,	O
zakaj	O
je	O
folk	O
tolk	NORM
blesav	O
:)	O

@anejmehadzic	O
indeed	O
:)	O

:)	O

sam	NORM
hočm	NORM
rečt	NORM
da	O
mačkom	O
je	O
marsikej	NORM
oproščeno	O
zato	O
ker	O
so	O
cute	O
&amp;	O
stupid	O
:)	O
.	O

@simpleplanslo	O
ah	O
,	O
jes	NORM
cem	NORM
zmago	O
!	O

očitno	O
smo	O
se	O
pred	O
leti	O
poznal	NORM
,	O
pol	NORM
pa	O
zbrišem	O
folk	O
če	O
se	O
en	NORM
let	NORM
ne	O
vidmo	NORM
.	O

ti	O
foot-selfiji	O
in	O
morje	O
adriansko	NORM
v	O
ozadju	O
so	O
že	O
prav	O
anojing	O
.	O

kam	O
pa	O
pridemo	O
,	O
da	O
b	NORM
folk	O
ohka	NORM
še	O
na	O
stran	O
djal	NORM
€	O
!!	O

zato	O
-	O
jepte	NORM
se	O
naj	O
splesni	O

mraz	O
jih	O
ne	O
mot	NORM
ampak	O
vrocina	NORM
tud	NORM
ne	O
.	O

http://t.co/2l7ug9eacu	O
...	O

jaz	O
bi	O
tud	NORM
naredo	NORM
to	O
če	O
gre	O
kak	NORM
!	O

sicer	O
mlajši	O
od	O
levaniča	O
...	O
a	O
tud	NORM
on	O
je	O
bil	O
pr	NORM
27ih	NORM
prvič	O
poslanc	NORM
..	O
pa	O
glej	O
kak	O
potencial	O
..	O

happy	O
monday	O
!	O

in	O
oni	O
bodo	O
naprej	O
nakradli	O
kar	O
se	O
še	O
da	O
..	O

nej	NORM
mi	O
prosm	NORM
kdo	O
pove	O
kje	O
naj	O
sploh	O
zacnem	NORM
,	O
zdaj	O
naj	O
bi	O
mogu	NORM
napisat	NORM
eno	O
kratko	O
seminarsko	O
pr	NORM
fizki	NORM
o	O
kaosu	O
......	O

skoda	NORM
besed	O
in	O
tipkanja	O
...	O

ali	O
je	O
to	O
isto	O
kot	O
d4f	O
784	O
ali	O
je	O
to	O
drug	O
motor	O
?	O

spomnu	NORM
sm	NORM
se	O
na	O
en	O
karakter	O
iz	O
enga	NORM
filma	O
(	O
"	O
red	O
angry	O
man	O
in	O
jail	O
"	O
)	O
,	O
pa	O
ga	O
nism	NORM
1/2	O

@nusazajc	O
joj	O
,	O
ste	O
ženske	O
zahtevne	O
!	O

@sbaksuz	O
hm	O
,	O
weird	O
,	O
mercator	O
brand	O
sedvničev	NORM
še	O
nikol	NORM
nisem	O
videl	O
v	O
ljubljan	NORM
.	O

@koccy91	O
jaaaa	NORM
^^	O

:)))))))))))))	O

strup	O
je	O
v	O
majhnih	O
stekleničkah	O
;)	O

ne	O
jokaj	O
!........	O

lepo	O
,	O
da	O
me	O
treniraš	O
.	O

a	O
se	O
motiš	O
,	O
sem	O
že	O
pred	O
mesecem	O
hotla	NORM
zažnarat	NORM
,	O
si	O
premislila	O
,	O
dans	NORM
pa	O
sem	O
.	O

:))	O

)	O

sveza	NORM
epizoda	O
podcasta	O
#podrobnosti	O
je	O
tud	NORM
ze	NORM
na	O
itunes-ih	O
.	O

@pogledi	O

ne	O
bom	O
za	O
tabo	O
hodila	O
kot	O
ena	O
muslimanka	O
.	O

ukrajina	O
je	O
ubogo	O
truplo	O
,	O
ki	O
jo	O
mora	O
tako	O
kot	O
leta	O
2009	O
udariti	O
po	O
glavi	O
debela	O
ruska	O
gorjača	O
!	O

sem	O
že	O
misla	NORM
,	O
da	O
je	O
kej	NORM
narobe	O
....	O

@pocek	O
2/2	O
ker	O
apple	O
lansk	NORM
let	NORM
ni	O
mogu	NORM
uporabt	NORM
gobi	O
9x25	O
ker	O
je	O
bil	O
navoljso	NORM
sele	NORM
konec	O
julija	O
in	O
takrat	O
pa	O
je	O
ze	NORM
zacel	NORM
mass	O
production	O
5s	O
..	O

"	O
država	O
sramote	O
"	O
spet	O
sodi	O
vse	O
drugi	O
po	O
sebi	O

@spovednik	O
dobr	NORM
,	O
to	O
ja	O
;	O
sam	NORM
twitter	O
je	O
itak	O
za	O
vse	O
in	O
vsakogar	O
in	O
za	O
izmenjavo	O
mnenj	O
,	O
ni	O
vazn	NORM
kok	NORM
smo	O
stari	O
,	O
ane	NORM
?	O

največkrat	O
je	O
blo	NORM
slišat	NORM
pi	O
pi	O
pi	O
namesto	O
kletvic	O
.	O

marsikej	NORM
je	O
narobe	O
ja	O

dost	NORM
mam	NORM
..	O
tega	O
tangica	NORM
na	O
slo	NORM
politicnem	NORM
parketu	O
..	O
polnih	O
lun	O
,	O
pajkov	O
v	O
avtu	O
,	O
primitivcov	NORM
in	O
komada	O
:	O
happy	O
day	O
:	O
😈😈😈	O

@alessusnik	O
kupim	O
,	O
če	O
ga	O
še	O
imaš	O
.	O

al	NORM
pa	O
darila	O
za	O
otroke	O
?	O

za	O
notts	O
(	O
ha	O
,	O
i'm	O
privy	O
to	O
insider	O
speak	O
!	O
)	O
pa	O
z	O
next	O
avberšek	O
turo	O

gledam	O
.	O

fight	O
fire	O
with	O
fire	O
.	O

@blogoferised	O
pa	O
skoooz	NORM
je	O
neki	NORM
.	O

odsoten	O
sem	O
trenutno	O
,	O
sem	O
v	O
stockholmu	O
,	O
tko	NORM
da	O
mi	O
prosm	NORM
kr	NORM
pripis	NORM
naslednjega	O
prospecta	O
k	NORM
je	O
na	O
vrsti	O
za	O
draft	O
.	O

kkrkol	NORM
sj	NORM
pata	NORM
10letnik	NORM
pa	O
30letnik	NORM
loh	NORM
enak	O
iq	O
,	O
zakaj	O
ne	O
....	O

kr	NORM
pikice	O
dobim	O
:d	O

@sanjagornjec	O
jap	NORM
^^	O

@samovincetic	O
@vanfranco	O
@mojbonbon	O
'09	O
,	O
'11	O
smo	O
rental	NORM
sim	O
in	O
je	O
bilo	O
največ	O
2	O
gb	O
,	O
pa	O
menda	O
to	O
ne	O
zadošča	O
za	O
livestream	O
za	O
cca.	O
9	O
dni	O
,	O
par	O
ur	O
/	O
d	NORM

lah	NORM
tut	NORM
v	O
prazno	O
strelaš	NORM
.	O

ene	O
par	O
hudih	O
potopisov	O
iz	O
okolisnjih	NORM
drzav	NORM
je	O
blo	NORM
skozi	O
leta	O
tudi	O
na	O
strani	O
rtv	O
.	O

;)	O

je	O
pa	O
žalostno	O
,	O
da	O
ne	O
pozna	O
vsaj	O
osnov	O
-	O
angleščine	O
in	O
računalnika	O

a	O
veš	O
tist	NORM
k	NORM
mulc	NORM
v	O
petek	O
iz	O
šole	O
prinese	O
nek	O
trebušni	O
virus	O
,	O
dans	NORM
pa	O
on	O
po	O
soncu	O
šetka	O
,	O
ti	O
pa	O
doma	O
driskaš	O
in	O
kozlaš	O
...	O

spoštovani	O
,	O
zanima	O
me	O
ali	O
je	O
oseba	O
,	O
ki	O
je	O
prebolela	O
vnetje	O
slepiča	O
s	O
konzervativnim	O
zdravljenjem	O
,	O
v	O
kakšni	O
večji	O
nevarnosti	O
za	O
ponovitev	O
vnetja	O
?	O

ude	O
,	O
tvoje	O
trditve	O
obrni	O
za	O
100	O
%	O
in	O
lahko	O
greš	O
na	O
zdravljenje	O
.	O

:)	O

lep	O
pozdrav	O

če	O
bo	O
šlo	O
tko	NORM
naprej	O
,	O
zemlje	O
ne	O
bo	O
več	O
.	O

tko	NORM
v	O
izi	O
,	O
pol	NORM
pa	O
lepo	O
sonček	O
pa	O
ja	O
tm	NORM
do	O
ene	O
-3	O
.	O

najprej	O
sem	O
bil	O
kr	NORM
mal	NORM
jezn	NORM
,	O
ker	O
je	O
@blackberry	O
odprl	O
@bbm	O
tud	NORM
androidu	O
in	O
ios	O
.	O

i	O
miss	O
me	O
😄	O

vem	O
samo	O
,	O
da	O
ga	O
dnevno	O
uporabljam	O
in	O
ga	O
mam	NORM
že	O
od	O
začetka	O
.	O

ne	O
teče	O
pogovor	O
o	O
mojem	O
možu	O

čeprov	NORM
,	O
clarkson	O
pa	O
hamond	O
ziher	O
nausta	NORM
vozila	O
,	O
tko	NORM
da	O
brez	O
veze	O
.	O

ona	O
antigona	O
,	O
jst	NORM
kreon	O
;)	O

ena	O
ladjica	O
je	O
zato	O
kr	NORM
na	O
špar	NORM
računu	O
.	O

bit	NORM
danes	O
na	O
popu	O
ni	O
več	O
referenca	O
.	O

@abejz_no	O
je	O
pa	O
res	O
da	O
psihicno	NORM
nisem	O
na	O
nikakrsnih	NORM
pocitnicah	NORM
ta	O
oktober	O
.	O

@mobitel	O
ma	O
brzine	O
ni	O
nobene	O
.	O

švabi	O
so	O
nori	O
.	O

mene	O
skoraj	O
vedno	O
pa	O
pol	NORM
low	O
battery	O
zafrkava	O
:)	O

@daresi	O
@jozejos	O
@tomltoml	O
@lucijausaj	O
@darkob	O
@markosket	O
@policija_si	O
tale	O
bi	O
jih	O
s	O
pancarjem	NORM
zbrcala	O
:)))	O
http://t.co/eae0r7dk3r	O

dobr	NORM
za	O
prvič	O
,	O
samo	O
tweeti	O
ti	O
bojo	O
pa	O
v	O
pisker	O
direkt	O
sekal	NORM

doma	O
imam	O
še	O
enega	O

sam	NORM
tina	O
zaka	NORM
na	O
kombinaciji	O
ni	O
blo	NORM
ene	O
podobne	O
vožnje	O
?	O

@ivanathinkspink	O
js	NORM
,	O
ki	O
nisem	O
prevelik	O
ljubitelj	O
roza	O
,	O
jih	O
ne	O
bi	O
mela	NORM
,	O
ampak	O
50	O
%	O
off	O
se	O
pa	O
full	O
pozna	O
pri	O
tej	O
ceni	O
.	O

recem	NORM
to	O
je	O
zoki	O
kralj	O
in	O
se	O
tamal	NORM
zadere	O
:	O
zoki	O
kralj	O
!	O

kaj	O
je	O
slabih	O
?	O

bo	O
pa	O
mogu	NORM
dvignat	NORM
nivo	O
igre	O
če	O
hočejo	O
bit	NORM
prvaki	O
.	O

ma	O
ki	NORM
s	NORM
hodla	NORM
cel	O
tedn	NORM
....	O

tko	NORM
d	NORM
bo	O
tm	NORM
sele	NORM
drug	O
cetrtek	NORM
konc	NORM
sveta	O
....	O

:-((	O

@frutina	O
res	O
nima	O
sreče	O
,	O
ne	O
more	O
sestavt	NORM
tazga	NORM
zaključka	O
k	NORM
bi	O
ga	O
hotu	NORM
:/	O

mi	O
smo	O
tut	NORM
s	O
1.10	O
šli	O
v	O
vrtec	O
.	O

zadnje	O
dni	O
je	O
pa	O
horoskop	O
direkt	O
zame	O
napisan	O
..	O

about	O
time	O
(	O
2013	O
)	O
-	O
http://t.co/k457covhr9	O
//	O
kot	O
je	O
zapisal	O
eden	O
od	O
kritikov	O
-	O
smart	O
and	O
sweet	O
,	O
funny	O
and	O
genuinely	O
moving	O
.	O

jaz	O
bi	O
si	O
ga	O
tud	NORM
raj	NORM
zdrku	NORM
,	O
če	O
bi	O
bla	O
ženska	O
en	O
krš	O
.	O
lp	O

dobro	O
,	O
da	O
imajo	O
ivana	O
janeza	O
vedno	O
na	O
tapeti	O
...	O

😍	O

hmm	O
,	O
@delo	O
je	O
sbrisalo	NORM
rasmislek	NORM
ob	O
tugomerju	O
,	O
da	O
smo	O
spet	O
pod	O
franki	O
,	O
ker	O
sta	O
bxl	NORM
in	O
lux	NORM
frankovski	O
sredishzhi	NORM
,	O
pa	O
tudi	O
juncker	O
je	O
frank	O
...?	O

ampak	O
v	O
politki	NORM
pa	O
ni	O
ljubezni	O
,	O
he	O
he	O
.	O

kaj	O
sem	O
bla	NORM
jezna	O
al	NORM
kaj	O
?	O

eni	O
bedaki	O
,	O
drugi	O
glumci	O
,	O
enih	O
pa	O
sploh	O
ni	O
tako	O
da	O
nevem	NORM
a	O
se	NORM
sodelujejo	O
.	O

aja	O
...	O
sedaj	O
naj	O
še	O
kacin	O
naredi	O
kakšno	O
levo	O
stranko	O
...	O

tisti	O
dan	O
,	O
ko	O
ne	O
zapišem	O
niti	O
enega	O
tvita	O
statistično	O
dobim	O
največ	O
sledilcev	O
.	O

sojenje	O
pod	O
nivojem	O
!	O

al	NORM
si	O
se	O
norčevav	NORM
?	O

sami	O
problemi	O
,	O
skoz	NORM
jokata	O
#dealkiller	O

kja	NORM
pa	O
se	O
to	O
rpavi	NORM
!	O

in	O
že	O
sta	O
lennon	O
in	O
titek	O
v	O
eni	O
zgodbi	O
...	O

@alma	O
:	O
si	O
srečna	O
?	O

glede	O
na	O
to	O
,	O
da	O
sva	O
že	O
true	O
#philippines	O
izvedenca	O
,	O
je	O
čas	O
za	O
nov	O
#askjp	O
trenutek	O
.	O

ta	O
ma	NORM
ze	NORM
srednjo	O
..	O

kaj	O
pa	O
vem	O
,	O
psihopat	O
prepozna	O
psihopata	O
.	O

@smolnikar	O
lan	NORM
je	O
bil	O
tak	O
-	O
http://t.co/apwucuhbpl	O
-	O
pol	NORM
so	O
se	O
mu	O
pa	O
sesedla	O
jetra	O
in	O
ledvice	O
,	O
zdej	NORM
je	O
pa	O
tak	O
,	O
k	NORM
je	O
.	O

poceni	O
ameriške	O
.	O

vreme	O
znam	O
izbrat	NORM
res	O
taprav	NORM
.	O

nm	NORM
pa	O
rece	NORM
razrednicarka	NORM
,	O
da	O
je	O
naj	O
do	O
6ih	NORM
ne	O
budimo	O
,	O
in	O
tko	NORM
npr	NORM
smo	O
bli	NORM
ze	NORM
enkrt	NORM
ob	O
4	O
zjutri	NORM
pred	O
louvrom	O
:d	O

če	O
ne	O
bom	O
omagana	O
od	O
teh	O
dveh	O
tednov	O
vas	O
mogoce	NORM
presenetim	O
v	O
parisu	NORM
.	O

@darkob	O
@matevznovak	O

zvečer	O
pa	O
fr.	O
el	O
class	O
:	O
psg	O
:	O
om	O

kva	NORM
j	NORM
fora	O
da	O
so	O
zurke	NORM
ravno	O
ko	O
mam	NORM
sprint	NORM

@laurabutkovic	O
@zoyamesaric	O
dons	NORM
me	O
je	O
frend	O
skoraj	O
zažgal	O
,	O
ampak	O
ostali	O
so	O
bli	NORM
pa	O
čist	NORM
kul	O
,	O
pa	O
sem	O
bla	NORM
v	O
meku	O
,	O
centru	O
,	O
busu	O
..	O

:)))	O

@tretjeoko	O
to	O
mas	NORM
prav	O
...	O

@masabutara	O
@selestenje	O
wtf	O
?	O

@petraveber	O
@mitjaoter	O
temu	O
se	O
pa	O
reč	NORM
prava	O
"	O
domačica	O
"	O
lahk	NORM
bi	O
še	O
ti	O
kam	O
skočla	NORM
na	O
izlet	O
ki	O
ni	O
podoben	O
kuhinji	O
:)	O

@dejansarka	O
@orleanska1	O
@nmusar	O
@alanbstard2	O
@bernardbrscic	O
dobra	O
je	O
ta	O
njegova	O
"	O
neo	O
,	O
ves	O
privat	O
"	O
poza	O
.	O

😖💩	O
http://t.co/4lijk1qmxt	O

imenuje	O
se	O
naj	O
crkne	O
firma	O
,	O

jap	O
v	O
postih	O
je	O
še	O
vedno	O
ura	O
za	O
eno	O
uro	O
spredaj	O

hahaha	O
...	O

videl	O
sem	O
razmere	O
na	O
mars	NORM
in	O
so	O
zelo	O
podhranjeni	O
...	O

k	NORM
vesoljci	O
,	O
al	NORM
pa	O
helikopter	O
:d	O

premal	NORM
ga	O
tiščiš	O
...	O

vsak	O
tedn	NORM
pa	O
še	O
kdaj	O
poleg	O

specialka	O
je	O
drgac	NORM
.	O

jutranji	O
sprehod	O
po	O
timeline-u	O
kaže	O
da	O
je	O
danes	O
follow	O
friday	O
zato	O
vsi	O
in	O
res	O
vsi	O
follow	O
#ff	O
------	O
&lt;	O
@sun	O
#sončeeeeek	O

se	NORM
dobr	NORM
,	O
da	O
se	O
ta	O
limonada	O
ne	O
dogaja	O
v	O
mojem	O
avtu	O
!	O

imena	O
in	O
priimka	O
ne	O
povemo	O
ker	O
ni	O
nic	NORM
krvavega	O
al	NORM
pa	O
eroticnega	NORM
,	O
vseen	NORM
pa	O
...	O
pazteeee	NORM

hvala	O

stran	O
metanje	O
denarja	O

#domzale	O

you	O
killed	O
her	O
children	O
!	O
"	O

jutr	NORM
grem	O
vprašat	O
sulja	O
če	O
ve	O
za	O
kak	O
dobr	NORM
šoping	O
.	O

kar	O
si	O
napisal	O
,	O
je	O
neuporaben	O
zmazek	O
:	O
predolgo	O
,	O
nepovezano	O
,	O
nejasno	O
,	O
netočno	O
.	O

majo	NORM
tut	NORM
kej	NORM
druzga	NORM
tam	O
:d	O

res	O
misliš	O
,	O
da	O
so	O
v	O
cedeviti	O
vitamini	O
,	O
he	O
,	O
he	O
.	O

gappon	O
ja	O
vidimo	O
,	O
kolko	NORM
jih	O
podpira	O

polom	O
.	O

pridobil	O
pa	O
enga	NORM
,	O
ki	O
bo	O
slabo	O
govoril	O
o	O
njih	O

tele	O
zadnje	O
verzije	O
os	O
x	O
in	O
ios	O
so	O
tolk	NORM
pre******	O
,	O
da	O
so	O
bete	O
kr	NORM
crappy	O
.	O

😃	O
@planetsiolnet	O
@mojcamars	O

preber	NORM
kaksen	NORM
review	O
+	O
youtube	O
.	O

pa	O
ne	O
tko	NORM
kot	O
je	O
mel	NORM
v	O
mislih	O
zoki	O
za	O
mercator	O
...	O

ni	O
projekt	O
spravt	NORM
tolk	NORM
robe	O
v	O
avto	O
,	O
projekt	O
je	O
furat	NORM
avto	O
s	O
polnim	O
piskrom	O
sarm	O
!	O

takrat	O
se	O
je	O
erotika	O
še	O
prodajala	O
.	O

@schoo666	O
če	O
ti	O
katera	O
paše	O
...	O

kako	O
bom	O
dnar	NORM
pobral	O
...	O

a	O
bi	O
blo	NORM
tok	NORM
težko	O
eno	O
službico	O
najt	NORM
?	O

evo	O
uletu	NORM
sm	NORM
dam	NORM
po	O
12	O
h	O
urah	O
snemanja	O
novga	NORM
spota	O
:)	O

@psihojj	O
@drvinkogorenak	O
"	O
hvalite	O
se	O
z	O
nevem	NORM
cim	NORM
"	O

rob	O
warrner	NORM
zihr	NORM
ne	O
:d	O

lep	O
pozdrav	O

škoda	O
časa	O
in	O
energije	O
,	O
raje	O
se	O
ukvarjajmo	O
s	O
pametnejšimi	O
temami	O
.	O

*	O
gasp	O
*	O
*	O
laufa	O
do	O
it-jevca	O
*	O
*	O
itjevc	NORM
spedena	O
*	O
*	O
phew	O
*	O

to	O
so	O
primorci	O
svedske	NORM
:)	O

kasneje	O
sem	O
šel	O
z	O
slačipunco	O
v	O
zadnjo	O
sobo	O
.	O

pa	O
kako	O
naj	O
bi	O
jaz	O
vedel	O
?	O

zakaj	O
mi	O
chrome	O
vsakic	NORM
ko	O
neki	NORM
kliknem	O
mece	NORM
reklame	O
?	O

:/	O

ponavad	NORM
se	O
kakšne	O
zadeve	O
pokažejo	O
na	O
vseh	O
nohtih	O
,	O
če	O
je	O
kaj	O
narobe	O
.	O

@taiag	O
ja	O
no	O
,	O
men	NORM
se	O
to	O
tud	NORM
skoooz	NORM
dogaja	O
!	O

sej	NORM
tut	NORM
pr	NORM
men	NORM
nau	NORM
pomoje	NORM
vec	NORM
k	NORM
en	O
tedn	NORM
tkole	NORM

@morskamania	O
kle	NORM
so	O
tok	NORM
cudni	NORM
..	O

@mladenprajdic	O
fail	O
je	O
pa	O
predvsem	O
nezmožnost	O
online	O
plačevanja	O
in	O
to	O
da	O
ne	O
morš	NORM
na	O
vseh	O
bankomatih	O
keša	O
dvignt	NORM
:)	O
@tibonalta	O

:)	O

jah	O
zemlja	O
naj	O
bi	O
v	O
bliznji	NORM
prihodnoti	NORM
(	O
to	O
se	O
se	NORM
ne	O
ve	O
zihr	NORM
)	O
zgubila	O
magnetni	O
naboj	O
(	O
sever	O
jug	O
...	O

če	O
mene	O
prašaš	NORM
bi	O
mogli	O
to	O
bol	NORM
strogo	O
začet	NORM
gledat	NORM
in	O
ne	O
dovolit	NORM
vsakemu	O
migrantu	O
v	O
evropo	O
!	O

me	O
bo	O
pa	O
sestra	O
klela	O
...	O

problem	O
je	O
v	O
tem	O
,	O
da	O
se	O
je	O
za	O
nekatere	O
preteklost	O
začela	O
cca	NORM
leta	O
1989.	O

hmm	O
..	O

mariborčani	O
niso	O
dal	NORM
niti	O
enga	NORM
gola	O
...	O

dejte	NORM
narest	NORM
dober	O
service	O
.	O

je	O
kdo	O
morda	O
naročnik	O
pri	O
amis-u	NORM
.	O

če	O
se	O
pa	O
slučajn	NORM
prtožuješ	NORM
,	O
da	O
te	O
boli	O
,	O
če	O
te	O
do	O
konca	O
not	O
prbija	NORM
,	O
bi	O
pa	O
lohk	NORM
že	O
sama	O
dojela	O
kaj	O
je	O
narobe	O
.	O

u	NORM
easy	O
...	O

ne	O
oblačim	O
se	O
hipstersko	O
,	O
ker	O
niso	O
vsi	O
tega	O
mnenja	O
ok	O
!	O

:)	O
#meggie	O
http://t.co/96k5yqvgx6	O

:d	O

@crnkovic	O
@milijonar	O
sem	O
že	O
nekaj	O
časa	O
nazaj	O
podal	O
idejo	O
o	O
endless	O
scroll	O
čečkalniku	O
za	O
pametne	O
telefone	O
.	O

john	O
bishop	O
prot	NORM
njemu	O
govori	O
knjižno	O
angleščino	O
:)	O

@mcvelbar	O
ha	O
!	O

tekst	O
dolg	O
3	O
tipkane	O
recimo	O
:)	O
.	O

sicer	O
pa	O
maš	NORM
na	O
mailu	O
...	O

@mclion	O
@peter_pec	O
in	O
pol	NORM
se	O
čudmo	NORM
,	O
da	O
folk	O
ne	O
mara	O
zombifilmov	NORM
,	O
k	NORM
gleda	O
tak	O
crap	O
.	O

ful	O
je	O
dobr	NORM
,	O
ker	O
ne	O
rabš	NORM
skor	NORM
nič	O
trenirat	NORM
,	O
sam	NORM
njihov	O
prašek	O
popit	NORM
k	NORM
si	O
konc	NORM
s	O
sprehodom	O
pa	O
je	O
^^	O
@lazarjevpolzek	O

:)	O

pol	NORM
bojo	O
pa	O
spet	O
razveljavlal	NORM
sodbe	O

"	O
and	O
now	O
,	O
number	O
one	O
-	O
the	O
larch	O
"	O

brez	O
motiva	O
..	O

:)	O
@katarinajenko	O

@kajzerfranc	O
pripomba	O
"	O
ps	O
"	O
mi	O
je	O
všeč	O
.	O

@medeja_7	O
od	O
mojih	O
ima	O
najpoze	NORM
francl	O
http://t.co/2ygmee1nea	O

@madsquidd	O
aha	O
no	O
sej	NORM
ni	O
nujno	O
kofi	O
sam	NORM
tko	NORM
se	O
reče	O
;)	O

res	O
žalostno	O
kar	O
se	O
dogaja	O
v	O
stožicah	O
..	O

@freeeky	O
pride	O
na	O
futbal	NORM
?	O

a	O
ne	O
bi	O
raj	NORM
naredili	O
en	O
page	O
,	O
kjer	O
lahko	O
lajkaš	O
to	O
stran	O
,	O
ne	O
pa	O
vas	O
morm	NORM
dodat	NORM
za	O
frenda	O
(	O
kar	O
ne	O
dela	O
)	O
?	O

01/281	O
11	O
29	O

pač	O
greš	O
do	O
delikatese	O
,	O
al	NORM
pa	O
od	O
kšne	NORM
druge	O
firme	O
kupiš	O

kar	O
se	O
pa	O
tiče	O
meseca	O
o	O
katerem	O
govorite	O
,	O
pa	O
se	O
je	O
meni	O
uprlo	O
,	O
ko	O
je	O
bluzil	O
o	O
prodaji	O
aerodroma	O
ljubljana	O
.	O

#kevinkolb2	O

lol	O
sj	NORM
ne	O
,	O
da	O
fotr	O
fura	O
enga	NORM
starga	NORM
volvota	O
,	O
k	NORM
je	O
ves	O
popraskan	O
..	O

:d	O

@maxatnes	O
@markosket	O
@jurebrankovic	O
@prinasalkazlata	O
clovek	NORM
bi	O
res	O
pricakoval	NORM
da	O
ga	O
zdaj	O
novinarji	O
nabijejo	O
na	O
kol	O
(	O
figurativ	NORM
)	O
....	O

@nejcjemec	O
to	O
sam	O
pletes	NORM
?	O

da	O
sediš	O
na	O
fotelju	O
.	O

drgač	NORM
je	O
pa	O
ful	O
bolš	NORM
gledat	NORM
tekmo	O
pred	O
12.000	O
gledalci	O
kokr	NORM
pa	O
pred	O
500	O
edin	NORM
to	O
mi	O
je	O
ful	O
ušeč	NORM
!	O

to	O
ne	O
gre	O
tako	O
..	O

no	O
,	O
lani	O
sm	NORM
jo	O
prespricala	NORM
in	O
dejansko	O
ne	O
vem	O
kaj	O
in	O
kako	O
bo	O
praksa	O
:d	O

lp	O
!	O

valda	NORM
potrpim	O
do	O
konca	O
šihta	O
,	O
ker	O
sem	O
zgleden	O
delavec	O
:p	O

kje	O
je	O
?	O

obama	O
ima	O
ta	O
bolš	NORM
načrt	O
..	O
kako	O
preprečiti	O
ilegalno	O
priseljevanje	O
-	O
iz	O
amerike	O
naredit	NORM
tak	O
podn	NORM
..	O
da	O
nihče	O
ne	O
bo	O
hotel	O
noter	O
pridt	NORM
..	O

rdeči	O
tornado	O
ti	O
pa	O
se	O
spoznas	NORM
na	O
hokej	O
-	O
sport	NORM
,	O
zakaj	O
mislis	NORM
da	O
so	O
pred	O
nami	O
,	O
ker	O
se	O
steje	NORM
medsebojni	O
rezultat	O
,	O
to	O
bi	O
lahko	O
vedel	O
.................	O

@val202	O
a	O
ma	NORM
kake	O
veze	O
z	O
glihkar	O
poslušano	O
skladbo	O
?	O

kaj	O
,	O
a	O
pol	NORM
so	O
tud	NORM
za	O
krvave	O
poboje	O
?	O

ze	NORM
tko	NORM
so	O
zelo	O
cenena	O
sila	O
-	O
oprosti	O
,	O
da	O
tko	NORM
recem	NORM
..	O

seveda	O
je	O
povsem	O
razumljivo	O
,	O
da	O
cenjena	O
dama	O
,	O
ki	O
bi	O
se	O
znašla	O
v	O
podobni	O
stuaciji	NORM
,	O
na	O
očeta	O
svojih	O
otrok	O
ne	O
bi	O
mogla	O
računat	NORM
,	O
da	O
jih	O
bi	O
prevzel	O
.	O

a	O
:	O
kupila	O
sem	O
si	O
sveto	O
pismo	O
za	O
otroke	O
.	O

delam	O
za	O
tekočim	O
trakom	O
in	O
imam	O
bolečine	O
v	O
hrbtenici	O
,	O
torej	O
zanima	O
me	O
,	O
če	O
se	O
pri	O
mojih	O
letih	O
lahko	O
te	O
bolečine	O
pozdravi	O
ali	O
vsaj	O
zmanjša	O
!!!	O

-	O
sem	O
tankal	O
nekaj	O
časa	O
100	O
pa	O
nisem	O
opazil	O
nič	O
posebnega	O
kljub	O
170	O
km	O

pa	O
po	O
pameti	O
sevede	NORM
.	O

hvaležnost	O
#simbioza	O
style	O
!	O

samo	O
glede	O
na	O
njegovih	O
-10	O
bi	O
mu	O
pa	O
komot	O
lahko	O
c	O
vstran	O
vzel	NORM
...	O

@savicdomen	O
ej	O
ne	O
govor	NORM
....	O

@max970	O
@alenkajerajsds	O
tulk	NORM
huda	O
jeza	O
pa	O
terja	O
en	O
melčken	NORM
pomiritve	O
.	O

za	O
ono	O
spredaj	O
pa	O
ne	O
vem	O
,	O
kaj	O
naj	O
rečem	O
,	O
mislim	O
o	O
fizikih	O
"	O
šovinistih	O
"	O
…	O

matr	NORM
,	O
soft	O
kitty	O
warm	O
kitty	O
znamo	O
vsi	O
še	O
zej	NORM
zapet	NORM
.	O

slovensko	O
združenje	O
bolnikov	O
z	O
limfomom	O
in	O
levkemijo	O
,	O
l	O
&amp;	O
l	O

pa	O
bi	O
ble	NORM
4	O
medalje	O
,	O
ker	O
to	O
danes	O
pa	O
je	O
pokazala	O
da	O
gre	O
.)	O

tjasa	NORM
....	O

@moj_ca	O
hahahaha	O
vidm	NORM
,	O
da	O
ne	O
veš	O
lih	NORM
najboljš	NORM
,	O
kaj	O
pomen	NORM
donf	O
!	O

@skela	O
jaz	O
hodim	O
na	O
jogo	O
pa	O
ni	O
nobenih	O
posebnosti	O
glede	O
prehrane	O
ali	O
pijta	NORM
,	O
je	O
pa	O
res	O
da	O
večina	O
,	O
ki	O
se	O
ukvarja	O
z	O
jogo	O
je	O
bolj	O
naravnih	O
-	O
torej	O
več	O
zelenjave	O
,	O
sadja	O
,	O
...	O

ni	O
čudno	O
,	O
da	O
smo	O
v	O
tvojem	O
"	O
civiliziranem	O
"	O
svetu	O
.	O

dej	NORM
a	O
greve	NORM
prosm	NORM
drug	O
tedn	NORM
z	O
vlakom	O
na	O
dunaj	O
,	O
pa	O
mave	NORM
tm	NORM
šoping	O
,	O
več	O
trgovin	O
pa	O
boljše	O
obleke	O
!!!!!!!!!	O

mi	O
zna	O
kdo	O
,	O
ki	O
se	O
ukvarja	O
s	O
prevajanjem	O
,	O
povedati	O
,	O
?	O
cca	NORM
stane	O
prevajanje	O
iz	O
angl	NORM
/	O
nem	NORM
v	O
slo	NORM
in	O
obratno	O
.	O

zanima	O
me	O
še	O
,	O
če	O
imate	O
mogoče	O
kakšne	O
podatke	O
kje	O
pri	O
urologu	O
je	O
najkrajša	O
čakalna	O
vrsta	O
in	O
če	O
privat	O
urologi	O
vzamejo	O
tudi	O
na	O
napotnico	O
?	O

@ninagray_	O
po	O
pregledu	O
trailerjev	O
me	O
ni	O
noben	O
prepricu	NORM
,	O
mogoce	NORM
prvi	O
,	O
snowpiercer	O
..	O

spomini	O
,	O
hrana	O
,	O
dialekt	O
,	O
okolje	O
,,	O
vse	O
kar	O
je	O
videlo	O
in	O
okusilo	O
otroško	O
oko	O
,,	O
greje	O
naše	O
vedno	O
bolj	O
stare	O
možgane	O
in	O
dušico	O

poglej	O
spodaj	O
kak	O
obraz	O
imaš	O

še	O
malo	O
,	O
pa	O
bo	O
korito	O
prazno	O
in	O
prasci	O
bodo	O
potem	O
ornk	O
krvoločni	O
ratal	NORM
.	O

ampak	O
vsak	O
ma	NORM
svoje	O
.	O

sej	NORM
smo	O
mogoče	O
včasih	O
res	O
preveč	O
pesimisti	O
..	O

mal	NORM
čudno	O
sm	O
strategijo	O
majo	NORM
.	O

@nusazajc	O
no	O
,	O
no	O
sej	NORM
štekam	O
:-)	O

je	O
pa	O
tole	O
kul	O
avto	O
,	O
ampak	O
mi	O
je	O
bil	O
predhodnik	O
bolj	O
všeč	O
...	O

to	O
je	O
neprecenljiv	O
zaklad	O
zgodovine	O
slovenskega	O
naroda	O

je	O
to	O
ze	NORM
kdo	O
slisau	NORM
?	O

ho	O
ho	O
ho	O
to	O
je	O
kakor	O
govor	O
na	O
nekem	O
banketu	O
!	O

na	O
procesu	O
zoper	O
jj	O
se	O
je	O
razkrila	O
beda	O
komi	O
nepotizma	O
:	O
na	O
kaz.	O
odd.	O
vs	O
so	O
le	O
dediči	O
generalov	O
,	O
tožilcev	O
,	O
stebrov	O
režima	O
,	O
ki	O
ga	O
je	O
rušil	O
jj	O
.	O

no	O
,	O
to	O
.	O

:p	O

ampak	O
kavica	O
z	O
razgledom	O
odtehta	O
mal	NORM
.	O

na	O
tviterju	O
pogrešam	O
gumb	O
'	O
this	O
tweet	O
sucks	O
'	O
...	O

nazalost	NORM
:/	O

in	O
ostanejo	O
v	O
isti	O
nepremičnini	O
tudi	O
po	O
ločitvi	O
.	O

hehehe	O
saj	O
veš	O
:-)	O

@jozejos	O
@erikaplaninsec	O
hahhahha	O
yes	O
!!!	O

:d	O

;)	O

ampak	O
včasih	O
je	O
pa	O
tako	O
,	O
da	O
bi	O
res	O
vsaka	O
ženska	O
razumela	O
,	O
kaj	O
ona	O
pripoveduje	O
,	O
on	O
in	O
drugi	O
moški	O
pa	O
ne	O
...	O

svinarija	NORM
je	O
že	O
da	O
so	O
dovolili	O
referendum	O
o	O
družunskem	NORM
zakoniku	O
,	O
ki	O
je	O
več	O
kot	O
očitno	O
kršil	O
človekove	O
pravice	O
,	O
tako	O
,	O
da	O
so	O
klerikalci	O
skoraj	O
doživeli	O
orgazem	O
ko	O
je	O
padel	O
!!	O

le	O
tako	O
naprej	O
oz.	O
končno	O
so	O
se	O
prebudili	O
.	O

prosim	O
vas	O
za	O
malo	O
pomoči	O
pri	O
tej	O
nalogi	O
.	O

zdej	NORM
sam	NORM
še	O
rec	NORM
da	O
si	O
tut	NORM
avto	O
itak	O
nameravu	NORM
menjat	NORM
,	O
pa	O
bo	O
že	O
skor	NORM
perfect	O
...	O

youtube	O
pogledni	NORM
par	O
filmckov	NORM
kak	NORM
pa	O
ide	NORM
:)	O

@artyfarty__	O
pa	O
najhujs	NORM
je	O
k	NORM
gledas	NORM
slike	O
pa	O
razmetana	O
soba	O
v	O
pm	O
,	O
od	O
umazanih	O
cunj	O
,	O
praznih	O
flas	NORM
,	O
dreka	O
...	O

@z3mqp	O
mislim	O
,	O
da	O
sem	O
bil	O
2x	O
od	NORM
sem	O
v	O
#slo	O
lj	NORM
železniški	O
postaji	O
.	O

"	O
@glassrpske	O
:	O
džordž	O
majkl	O
pokušao	O
da	O
se	O
ubije	O
?	O

res	O
,	O
tko	NORM
dobr	NORM
grmi	O
,	O
da	O
bog	O
nima	O
nč	NORM
k	NORM
se	O
krega	O
.	O

dej	NORM
se	O
mal	NORM
vpraši	NORM
k	NORM
se	O
ti	O
bliža	O
zadnja	O
ura	O
...	O

uau	O
,	O
ful	O
dobr	NORM
pišeš	O
.	O

jes	NORM
jim	O
recem	NORM
nej	NORM
ne	O
pozerajo	NORM
ampak	O
se	O
sam	NORM
mebjo	NORM
zmano	NORM
pa	O
mal	NORM
nastavlajo	NORM
jes	NORM
pa	O
slikam	O
:d	O

@bosstjanz	O
krompir	O
je	O
tud	NORM
pr	NORM
nas	O
kr	NORM
neki	NORM
.	O

ja	O
fajn	O
bi	O
blo	NORM
,	O
da	O
bi	O
ishibajeva	O
v	O
kaksnem	NORM
dresu	O
ali	O
vsaj	O
miniču	O
prižgala	O
ogenj	O
.	O

@pika_so	O
@trdosrcnez	O
pa	O
napisi	NORM
se	NORM
kaj	O
o	O
fuckin	NORM
domobrancih	O
enkrat	O
,	O
in	O
katoliski	NORM
cerkvi	O
in	O
njeni	O
vlogi	O
med	O
ww2	O
,	O
ce	NORM
si	O
ze	NORM
tak	O
ekspert	O
.	O

no	O
..	O

sam	NORM
js	NORM
bi	O
se	O
družu	NORM
:d	O

no	O
,	O
zdej	NORM
nisem	O
vec	NORM
-	O
kul	O
je	O
.	O

sledi	O
oglasnik	O
tip	O
1	O

na	O
zdej	NORM
sn	NORM
pa	O
puzabu	NORM
..	O
::))))	O

sailor	O
.....	O

mozno	NORM
d	NORM
sm	NORM
sam	NORM
misico	NORM
nategnu	NORM
pa	O
mau	NORM
preobremeniu	NORM
kolen	NORM
...	O

problem	O
ni	O
v	O
trgovinski	O
menjavi	O
z	O
deželami	O
,	O
ki	O
imajo	O
visoko	O
gospodarsko	O
rast	O
.	O

-	O
za	O
pasoš	O
vam	O
šenkam	O
naftno	O
polje	O
v	O
bosni	O
.	O

takle	NORM
mamo	NORM
...	O

(	O
on	O
pa	O
še	O
par	O
mandelcev	NORM
okol	NORM
njega	O
)	O

bl	NORM
en	O
plačanc	NORM
al	NORM
pa	O
diler	O
,	O
pa	O
sm	NORM
se	O
ga	O
tut	NORM
navadla	NORM
pol	NORM
.	O

pozdravljeni	O
,	O

@mrvates	O
vseen	NORM
.	O

iz	O
tistga	NORM
zavetišča	O
sta	O
bla	NORM
dva	O
endn	NORM
pa	O
z	O
ulice	O
tko	NORM
da	O
js	NORM
nimam	O
placa	O
.	O

ja	O
,	O
prav	O
.	O

@anejevoljna	O
gospa	O
v	O
kranju	O
:	O
"	O
dej	NORM
počak	NORM
pizda	O
.	O

če	O
bi	O
se	O
vsaj	O
tok	NORM
časa	O
učila	O
,	O
kot	O
se	O
guzim	O
na	O
kavču	O
in	O
kombiniram	O
različne	O
blazine	O
in	O
deke	O
za	O
super	O
ugodje	O
med	O
učenjem	O
,	O
bi	O
pa	O
tud	NORM
blo	NORM
.	O

gen	O
je	O
po	O
moje	NORM
v	O
dnk	O
zapakiran	O
zapis	O
-	O
čist	NORM
tehnična	O
zadeva	O
....	O

ni	O
blo	NORM
treba	O
nč	NORM
čakat	NORM
.	O

se	NORM
veckrat	NORM
pa	O
s	O
senckami	NORM
na	O
instagramu	O
.	O

@antares_91	O
@urskasoncek	O
ko	O
ga	O
takole	O
gledam	O
ne	O
morem	O
,	O
da	O
se	O
ne	O
vpašam	NORM
kako	O
bi	O
blo	NORM
če	O
bi	O
bla	NORM
še	O
froome	O
in	O
conti	O
..	O

končno	O
bom	O
lahko	O
volil	O
iz	O
prepričanja	O
,	O
ne	O
samo	O
kot	O
kontra	O
desnici	O
.	O

cenovno	O
se	O
nekako	O
nagibam	O
k	O
operaterju	O
amis	O
.	O

pozdravljeni	O
,	O
tudi	O
mene	O
zanima	O
kakšno	O
pametno	O
delo	O
v	O
avstriji	O
,	O
ampak	O
bolj	O
v	O
smeri	O
mizarstva	O

kuj	NORM
k	NORM
rečeš	O
"	O
bang	O
for	O
a	O
buck	O
"	O
za	O
kšno	NORM
z	O
velik	NORM
dobrih	O
lastnosti	O
veš	O
da	O
se	O
je	O
slišal	NORM
narobe	O
.	O

igor	O
mekina	O
,	O
kapa	O
dol	O
.	O

kaj	O
narediti	O
,	O
ko	O
imam	O
dva	O
ruska	O
hrčka	O
eden	O
je	O
čisto	O
povsod	O
in	O
drugemu	O
sploh	O
ne	O
dovoli	O
,	O
da	O
gre	O
iz	O
hiške	O
(	O
niti	O
jesti	NORM
)	O
.	O

ampak	O
brisalce	O
dajo	O
tud	NORM
,	O
pa	O
ne	O
vem	O
če	O
moreš	O
prej	O
šipo	O
razbit	NORM
al	NORM
ne	O
:-)	O

en	O
dan	O
po	O
uspešni	O
olimpijadi	O
za	O
nas	O
..	O
se	O
folk	O
z	O
bojaznijo	O
sprašuje	O
kako	O
bo	O
čez	O
4	O
leta	O
..	O

today	O
ran	O
away	O
:)	O

@jernejch	O
ja	O
sm	NORM
šu	NORM
gledat	O
s	O
sošolko	O
in	O
sošolcem	O
pa	O
smo	O
šli	O
prej	O
neki	NORM
pojest	O
pa	O
popit	O
.	O

:)	O

greenbakk	O
...........	O

@lazarjevpolzek	O
ne	O
sej	NORM
am	O
..	O

neee	NORM
,	O
čaki	NORM
..	O

@msarlah	O
@freewiseguy	O
@petra_jansa	O
@liamhalligan	O
@cfaevents	O
@telegraph	O
@telefinance	O
hmm	O
,	O
zato	O
se	O
udinjajo	O
pri	O
nemški	O
skrajni	O
levici	O
?	O

@chuckborizi	O
mam	NORM
lumio800	NORM
in	O
sem	O
ful	O
zadovoln	NORM
.	O

počakajmo	O
naslednji	O
teden	O

ufff	O
čist	NORM
preveč	O
najedu	NORM
...	O

spoštovana	O
melanija	O
,	O

polom	O
.	O

@danielkalan	O
bejzbolka	O
-	O
damača	NORM
#arcnija	O
iz	O
moje	O
dežele	O
.	O

delat	NORM
in	O
se	O
borit	NORM
,	O
ne	O
jamrat	NORM
in	O
mentalno	O
masturbirat	NORM
en	O
druzga	NORM
.	O

pol	NORM
je	O
pa	O
to	O
to	O
.	O

#našatina	O
#voyonadzor	O

drugace	NORM
pa	O
mas	NORM
jutri	O
po	O
matematiki	O
dober	O
razlog	O
.	O

pa	O
tud	NORM

;)	O

@vojnaslo91	O
pa	O
spet	O
gleda	O
v	O
črno	O
-	O
belo	O
televizijo	O
...	O

stvari	O
se	O
razkrivajo	O

@nadjasonn	O
zdej	NORM
sm	NORM
pa	O
jest	NORM
nesramn	NORM
,	O
pred	O
30	O
min.	O
mimo	O
tvoje	O
rezidence	O
mahava	O
z	O
kš-jem	O
pa	O
nič	O
:)	O
,	O
sprašuje	O
,	O
če	O
boš	O
ti	O
redi	O
do	O
petka	O
?	O

je	O
pa	O
cool	O
hrvati	O
imajo	O
tablo	O
hr	NORM
z	O
zvezdicami	O
okol	NORM
mi	O
pa	O
"	O
evropska	O
unija	O
"	O
:)	O

auuch	O
.	O

kajne	O
?	O

mati	O
so	O
nadsrecni	NORM
.	O

:p	O

takoj	O
v	O
sredo	O
bom	O
tud	NORM
jaz	O
pisal	O
o	O
hrv.	O
avtocestah	O
...	O

;)	O

se	O
javi	O
kira	NORM
?	O

#softič	O
?	O

grejo	O
v	O
bolj	O
modernistično	O
smer	O
in	O
so	O
začeli	O
...	O

a	O
je	O
že	O
kdo	O
naredil	O
šamar	O
app	O
?	O

5/10	O

žiri	O

@ninastankovic	O

sam	NORM
,	O
da	O
gres	NORM
pa	O
zato	O
najemat	NORM
nekoga	O
druzga	NORM
..	O

fak	O
,	O
eni	O
deli	O
so	O
videt	NORM
skor	NORM
kt	NORM
tunguska	O
1908	O
(	O
http://t.co/fshmp5fqyv	O
)	O
,	O
ko	O
je	O
eksplodiral	O
asteroid	O
.	O

e	O
viš	NORM
...	O

prežvečen	O
plot	O
in	O
dialogi	O
.	O

prim.	O
boris	O
kralj	O
,	O
dr.	O
med	NORM
specialist	O
dermatovenerolog	O
,	O
flebolog	O

preporocam	NORM
vam	O
vision	O
!	O

petek	O
se	O
je	O
začel	O
odlično	O
!	O

moje	O
težave	O
trajajo	O
že	O
teden	O
dni	O
in	O
me	O
zelo	O
skrbi	O
...	O

mislm	NORM
,	O
da	O
je	O
to	O
res	O
.	O

ma	O
komot	O
se	O
kje	O
gor	O
v	O
oblakih	O
bliska	O
.	O

@chateebox	O
isto	O
sm	NORM
obupala	O
z	O
makroni	O
.	O

@darjabenina	O
predvidevam	O
da	O
si	O
mi	O
sms	O
poslala	O
:d	O

@melitajozelj	O
valda	NORM
,	O
lej	NORM
,	O
sej	NORM
mi	O
je	O
itak	O
vseen	NORM
.	O

podpirajmo	O
jih	O
še	O
naprej	O
.	O

in	O
o	O
sončnem	O
zahodu	O
...	O

komi	NORM
sm	NORM
pogledala	O
kej	NORM
..	O

@roksrakar	O
oni	O
na	O
sodišče	O
,	O
ker	O
naj	O
ne	O
bi	O
dobili	O
2	O
%	O
povišice	O
,	O
nam	O
pa	O
zlata	O
pravila	O
,	O
sixpacki	O
,	O
twopacki	O
,	O
ipd.	O

#benoudrih	O
mene	O
bi	O
blo	NORM
tut	NORM
sram	O
ko	O
bi	O
me	O
novinarka	O
uprasala	NORM
če	O
sm	NORM
spremljala	O
#eurobasket2013	O
#sramota	O
#junaki	O
@lipko2013	O
@kzs_si	O

jaz	O
grem	O
.	O

...	O
sej	NORM
hod	NORM
na	O
verouk	O
,	O
ajd	NORM
,	O
vrednote	O
bla	O
bla	O
...	O

@iztokgartner	O
nerazdruzljivo	NORM
sm	NORM
mislu	NORM
.	O

škoda	O
,	O
da	O
ni	O
prišel	O
nihče	O
mimo	O
,	O
da	O
bi	O
še	O
tistega	O
posnel	O
,	O
ko	O
bi	O
mu	O
nastavil	O
ogledalo	O
,	O
če	O
bi	O
te	O
čudno	O
gledal	O
.	O

razliko	O
med	O
ketoni	O
in	O
alkoholi	O
smo	O
se	O
naučili	O
the	O
hard	O
way	O
.	O

saj	O
mam	NORM
pravi	O
azil	O
drgac	NORM
,	O
vsaj	O
20	O
gnezd	O
:p	O

ko	O
bo	O
demokratični	O
socializem	O
..	O
bodo	O
začel	NORM
dajat	NORM
borčevske	O
penzije	O
..	O

sej	NORM
janez	O
gre	O
zdj	NORM
počas	NORM
v	O
zapor	O
.	O

ljudje	O
so	O
množica	O
katero	O
se	O
,	O
da	O
enostavno	O
vodit	NORM
na	O
podlagi	O
čustev	O
.	O

js	NORM
se	O
jih	O
ne	O
dotikam	O
sploh	O
,	O
pa	O
mam	NORM
skos	NORM
svinjska	O
.	O

kt	NORM
da	O
bi	O
gledu	NORM
tl	O
v	O
živo	O
.	O

potem	O
pa	O
posediš	O
samo	O
enga	NORM
igralca	O
.	O

na	O
tapru	NORM
avijon	NORM
pa	O
domou	NORM
!!!	O

@alenkamirt	O
pozdra	NORM
,	O
na	O
radiortl	NORM
je	O
osvezujoca	NORM
glasba	O
,	O
trenutno	O
abba	O
,	O
pomaga	O
.	O

dans	NORM
sem	O
v	O
taksnem	NORM
stanju	O
,	O
da	O
bi	O
lahko	O
10	O
tisoc	NORM
tvitov	O
naklanfal	O
.	O

tole	O
pa	O
spominja	O
na	O
70.	O

pa	O
videospot	O
bi	O
bil	O
lahko	O
mal	NORM
bolj	O
pisan	O
...	O

meme	O
,	O
počakaj	O
na	O
rezultat	O
punkcije	O
.	O

sedaj	O
bo	O
vse	O
drugače	O
,	O
ker	O
bo	O
tastar	NORM
odšel	O
v	O
penzijo	O
,	O
ker	O
je	O
dejansko	O
delal	O
na	O
črno	O
ves	O
čas	O
.	O

https://t.co/aioptckbiy	O

:o	O

kaj	O
ni	O
to	O
tazadnje	NORM
aajevska	NORM
molitev	O
?	O

včasih	O
je	O
treba	O
dominor	O
uživate	NORM
dalj	O
časa	O
(	O
nekaj	O
dni	O
,	O
morda	O
tudi	O
do	O
14	O
dni	O
)	O
,	O
da	O
se	O
pokažejo	O
prva	O
izboljšanja	O
.	O

vsi	O
skos	NORM
sam	NORM
o	O
alkoholu	O
,	O
kok	NORM
se	O
bojo	O
napil	NORM
,	O
kok	NORM
stane	O
jeger	O
nekje	O
v	O
pm	O
..	O

@cikibucka	O
une	NORM
marjetice	O
po	O
travi	O
tem	NORM
okol	NORM
..	O
ob	O
stezi	O
iz	O
desk	O
...	O
do	O
spomenika	O
..	O
so	O
bile	O
koker	NORM
une	NORM
nedovžne	NORM
dušice	O
k	NORM
so	O
tuki	NORM
dotrpele	O
svojkonc	NORM

jutr	NORM
pa	O
majkemi	NORM
akcija	O
,	O
nc	NORM
vec	NORM
krofou	NORM
,	O
kitajske	O
,	O
cokolade	NORM
in	O
ostalga	NORM
sranja	O
!	O

dobra	O
debata	O
o	O
#time4popcorn	O
,	O
nad	O
ktero	NORM
idejo	O
sem	O
kr	NORM
navdušen	O
.	O

bil	O
pa	O
je	O
edini	O
kandidat	O
!!!??	O

pazi	O
,	O
tvoj	O
sarkazem	O
lahko	O
naredi	O
še	O
večjo	O
paranojo	O
:-)	O

vsak	O
je	O
reku	NORM
"	O
vsi	O
razen	O
mene	O
"	O

kaj	O
pa	O
oni	O
vedo	O
o	O
divjih	O
vodah	O
!	O

vidi	O
ovo	O
..	O

če	O
pa	O
keri	NORM
ne	O
sme	O
tam	O
manjkat	NORM
je	O
pa	O
to	O
naš	O
bojči	O
.	O

vsi	O
maste	NORM
narobe	O
!	O

jest	NORM
bi	O
se	O
osredotocu	NORM
predusem	NORM
na	O
kaos	O
pri	O
stromu	NORM
,,	O
nej	NORM
mi	O
kdo	O
kej	NORM
svetuje	O
k	NORM
jest	NORM
drugac	NORM
sploh	O
ne	O
vem	O
tocno	NORM
kaj	O
je	O
to	O

večinski	O
lastniki	O
so	O
zaposleni	O
....	O

heheh	O
ja	O
drugi	O
bi	O
pa	O
šparal	NORM
jederske	NORM
rakete	O
proti	O
rusiji	O
in	O
verjetno	O
nebi	NORM
bila	O
nobena	O
upirjena	NORM
v	O
rusijo	O
jao	O
,	O
jao	O

se	O
mi	O
zdi	O
da	O
do	O
neke	O
mere	O
je	O
vzgoja	O
.	O

če	O
bi	O
moral	O
pr	NORM
telefonu	O
sedet	NORM
in	O
čakat	NORM
na	O
klic	O
,	O
bi	O
še	O
razumela	O
...	O

“	O
@peterprevc	O
:	O
@tinamaze	O
kaj	O
si	O
storila	O
viktorju	O
?	O

pojdmo	NORM
jih	O
ven	O
pult	NORM
,	O
pojdmo	NORM
jih	O
ven	O
pult	NORM
,	O
da	O
bojo	O
sosedje	O
mel	NORM
kej	NORM
bult	NORM
.	O

upam	O
da	O
čimprej	O
najdeš	O
svojo	O
deklico	O
,	O

@ninnchy	O
ninaaa	NORM
!!	O

@firbec	O
hujš	NORM
k	NORM
čokolino	O
bi	O
bla	NORM
nuttella	NORM
:d	O

pa	O
čeprou	NORM
je	O
pol	NORM
slika	O
en	O
qrc	NORM
,	O
hehe	O
.	O

=)	O

in	O
zakaj	O
imajo	O
naši	O
ubogi	O
siromaki	O
največji	O
obseg	O
okoli	O
trebuha	O
?	O

http://t.co/vgsh1ktqpe	O

tole	O
je	O
blo	NORM
se	NORM
ene	O
2	O
h	O
nazaj	O
u	NORM
avajonu	NORM
,	O
zdej	NORM
pa	O
ze	NORM
v	O
hotelu	O
.	O

take	O
mam	NORM
jest	NORM
rad	O
.....	O

in	O
ugani	O
kdo	O
je	O
ustanovitelj	O
(	O
beri	O
lastnik	O
oz.	O
vlagatelj	O
)	O
.	O

se	O
strinjam	O
,	O
ker	O
to	O
so	O
le	O
borci	O
za	O
privilegije	O
in	O
oblast	O
za	O
narod	O
jim	O
pa	O
dol	O
visi	O

čeprov	NORM
mi	O
je	O
1	O
akademik	O
reku	NORM
..	O

v	O
sredni	NORM
4	O
leta	O
nemščine	O
nisem	O
mel	NORM
pojma	O
nič	O
.	O

drsiiiiii	NORM
....	O

čista	O
logika	O
.	O

pol	NORM
je	O
samo	O
še	O
izbira	O
med	O
zab	O
in	O
nsi	O
.	O

ja	O
,	O
fajn	O
se	O
mejte	NORM
,	O
bro	O
..	O

de	NORM
džastic	NORM
hes	NORM
tu	NORM
vin	NORM
end	NORM
vil	NORM
vin	NORM
:	O

@antares_91	O
ta	O
me	O
kliče	O
odkar	O
vem	O
zanjo	O
http://t.co/uoarindnwc	O

rečmo	NORM
kot	O
ljubezen	O
!	O

če	O
koga	O
kej	NORM
zanima	O
-	O
shoot	O
or	O
forever	O
be	O
quiet	O
(	O
sejneno	NORM
)	O

rejs	NORM
neverjetnu	NORM
...	O

:)	O

jaz	O
bi	O
pa	O
nujno	O
rabila	O
note	O
od	O
pesmi	O
dan	O
najlepših	O
sanj	O
-	O
regina	O
in	O
zdravnik	O
-	O
mirna	O
reynolds	O
.	O

adijo	O
!	O

lušten	O
fant	O
si	O
:)	O

sam	NORM
kaj	O
,	O
ko	O
sem	O
pa	O
odkrila	O
najboljše	O
in	O
najcenejše	O
ovseno	O
mleko	O
tam	O
...	O

raje	O
ne	O
imej	O
otrok	O
.	O

kolk	NORM
enega	O
sofisticiranega	O
nastavljanja	O
in	O
kao	O
intelektualnega	O
pecarjenja	O
je	O
pa	O
na	O
twitterju	O
.	O

janez	O
zeljarič	NORM
,	O
hehe	O
.	O

nardim	NORM
smokey	O
zgleda	O
pa	O
cist	NORM
neki	NORM
neznega	NORM
:/	O

in	O
pol	NORM
imaš	O
še	O
obraz	O
kaj	O
tazga	NORM
komu	O
očitat	NORM
.	O

omg	O
,	O
the	O
tekočo	O
sezono	O
the	O
walking	O
dead	O
lahko	O
na	O
tv	NORM
gledam	O
ali	O
naročnina	O
za	O
tv	O
je	O
dejansko	O
uporabna	O
:)	O
#fox	O
#ogledzanaj	O

*****	O

@mauhler	O
a	O
res	O
al	NORM
kaj	O
?	O

@gllmour	O
10dnevna	NORM
vojna	O
je	O
bla	NORM
demonstracija	O
kaj	O
se	O
lohk	NORM
zgodi	O
.	O

@zballe	O
to	O
bi	O
mogl	NORM
razmislat	NORM
na	O
tekmi	O
prot	NORM
litvi	O
-	O
bi	O
zgubil	NORM
,	O
in	O
bli	NORM
z	O
lahkoto	O
tretji	O
.	O

kaj	O
je	O
vrjetno	NORM
...	O

a	O
se	O
nekdo	O
laže	O
in	O
so	O
vsi	O
mediji	O
ugrabljeni	O
?	O

lp	O

ja	O
,	O
jst	NORM
sem	O
bil	O
tam	O
tud	NORM
že	O
štirikrat	O
turistično	O
,	O
in	O
še	O
bom	O
šel	O
.	O

js	NORM
dam	O
pet	O
,	O
jurek	O
pa	O
naj	O
še	O
naprej	O
teče	O
.	O

morda	O
je	O
vaše	O
stanje	O
v	O
tem	O
trenutku	O
intenzivnejše	O
in	O
bolj	O
izraženo	O
,	O
kot	O
takrat	O
ko	O
vam	O
je	O
dominor	O
pomagal	O
.	O

naj	O
zahtevam	O
odškodnino	O
ker	O
ni	O
blo	NORM
denarja	O
?	O

@tetapoli	O
vem	O
,	O
da	O
so	O
hotli	NORM
plexi	O
predpisat	NORM
,	O
pa	O
so	O
se	O
tekmovalci	O
uprli	O
,	O
pa	O
sem	O
mislila	O
,	O
da	O
je	O
to	O
zdej	NORM
kompromis	O
.	O

kapljice	O
po	O
tleh	O
sm	NORM
pobrisov	NORM
.	O

to	O
je	O
un	NORM
-	O
kako	O
nej	NORM
rečem	O
-	O
bingelj	O
,	O
k	NORM
visi	O
z	O
zidne	O
ure	O
dol	O
pa	O
miga	O
sem	O
pa	O
ke	NORM
:)))))	O

pekarna	O
:	O
90	O
centov	O
.	O

ko	O
ga	O
ne	O
uporabljam	O
,	O
je	O
poraba	O
čist	NORM
normalna	O
.	O

ne	O
skrb	NORM
no	O
.	O

puzzle	O
bom	O
jutri	O
sestvljala	NORM
.	O

imam	O
povečan	O
s-ast	O
0,56	O
in	O
a-slt	O
1.08	O
.	O

pozdravljeni	O
,	O

drugač	NORM
si	O
bo	O
več	O
škode	O
kot	O
koristi	O
nardila	NORM
.	O

@opica	O
super	O
za	O
vas	O
.	O

so	O
vzeli	O
preveliko	O
dozo	O
,	O
pa	O
jim	O
je	O
počil	O
film	O
!	O

sem	O
dobil	O
app	O
weight	O
tracker	O
od	O
quicklog.me	O

to	O
se	O
sliši	O
extremistično	NORM
in	O
pogumno	O
.	O

ker	O
sobno	O
kolo	O
iq	O
nima	O
smisla	O
:-b	O

ampak	O
pač	O
jih	O
je	O
sram	O
zunej	NORM
na	O
hodniku	O
lupčkat	NORM
se	O
in	O
pol	NORM
se	O
skrijejo	O
za	O
vrata	O
wc-ja	O

ti	O
lahk	NORM
počivaš	O
potem	O
na	O
plaži	O
s	O
koktejlom	O
3/4	O
časa	O
hahaha	O
.	O

zadel	O
si	O
črno	O
piko	O
v	O
tarči	O
.	O

ze	NORM
js	NORM
sm	NORM
jo	O
znerviro	NORM
...	O

ja	O
verjetno	O
res	O
..	O

@erikaplaninsec	O
@alanbstard2	O
@antonzmavc	O
@uwvzxy	O
@davorvrban	O
@ivan_dnevno	O
@vine	O
raje	O
doma	O
rožce	NORM
zalij	O
...	O

bom	O
še	O
malo	O
poguglal	O

@otmark	O
bi	O
rekla	O
da	O
toliko	O
kot	O
grejopo	NORM
navadi	O
investorjem	O
spremembe	O
zazidalcev	O
ali	O
prostorcev	O
na	O
roko	O
@juremes	O
@stanka_d	O

za	O
svojo	O
starost	O
si	O
lahk	NORM
vesel	O
da	O
ti	O
kej	NORM
spricne	NORM
.	O

@tjasaseme	O
kako	O
to	O
mislis	NORM
?	O

@lazarjevpolzek	O
groza	O
,	O
tale	O
word	O
je	O
vcasih	NORM
tko	NORM
zabit	O
:/	O

ampak	O
cami	O
bi	O
bla	NORM
tut	NORM
fajn	O
z	O
njim	O
...	O

al	NORM
pa	O
če	O
ne	O
prbiješ	NORM
prvo	O
v	O
podn	NORM
...	O

znan	O
sem	O
kot	O
velik	O
ljubitelj	O
deklet	O
.	O

@mara_sirako	O
http://t.co/98t2xb0evl	O
hosting	O
je	O
po	O
7	O
€	O
na	O
mesec	O
pr	NORM
slovenskem	O
ponudniku	O
#slohosting	O
.	O

mene	O
pa	O
zanima	O
če	O
banka	O
lahko	O
trga	O
tudi	O
socialno	O
pomoč	O
?	O

:d	O
@tadejab	O
@majasimoneti	O
@petraslanic	O

predstava	O
na	O
rtvslo	NORM
zagotovljena	O
.	O

in	O
vem	O
,	O
za	O
tisto	O
pest	O
koruze	O
bi	O
vse	O
nardil	NORM
:p	O
#jelenovgreben	O
http://t.co/gp6gecjwyx	O

eto	O
!	O

lp	O

ampak	O
pojutrišnjem	O
pa	O
zihr	NORM
..	O

@strankasds	O
@organizacijasdm	O
@milanzver	O
patria	O
je	O
uspeh	O
za	O
slovensko	O
sodstvo	O
.	O

čiv	O
čiv	O
gg	O
ni	O
nič	O
kriv	O

zenska	NORM
pred	O
mano	O
na	O
bankomatu	O
,	O
dvigne	O
dnar	NORM
in	O
zacne	NORM
pospravljat	NORM
dnarnico	NORM
-	O
prebirat	NORM
papirje	O
in	O
metat	NORM
v	O
kos	NORM
.	O

neman	NORM
nanč	NORM
komentara	NORM
...	O

še	O
dobr	NORM
d	NORM
grem	O
zdj	NORM
mal	NORM
na	O
bolniško	O
.	O

kr	NORM
nmaju	NORM
pojma	O
o	O
čm	NORM
govorjo	NORM
lohk	NORM
govrjo	NORM
zarad	NORM
menu	NORM
tud	NORM
arabsk	NORM
.	O

#wtf	O
?	O

seveda	O
mi	O
ni	O
pomoči	O
,	O
šla	O
sem	O
dela	NORM
z	O
mat	NORM
v	O
svoj	O
studio	O
.	O

beri	O
zgoraj	O
.	O

kaj	O
jim	O
je	O
mati	O
domovina	O
nardila	NORM
,	O
smrk	O

avtor	O
d.	O
h	NORM
rawcliffe	O
zelo	O
podrobno	O
opisuje	O
različne	O
okultne	O
pojave	O
in	O
praktike	O
,	O
med	O
drugim	O
tudi	O
črno	O
magijo	O
.	O

dragi	O
moji	O
,	O
diplomatski	O
jezik	O
je	O
treba	O
razumet	NORM
med	O
vrsticami	O
!	O

he	O
,	O
he	O
...	O

branka	O
.....	O

@robi_bobi	O
na	O
žalost	O
ne	O
,	O
tisto	O
bi	O
bilo	O
lažje	O
in	O
hitrejše	O
-	O
ta	O
je	O
za	O
small	O
office	O
in	O
je	O
treba	O
uštimat	NORM
workgroup	O
z	O
vso	O
šaro	O
:d	O

ti	O
mu	O
kr	NORM
povej	O
,	O
da	O
po	O
faci	O
nima	O
kej	NORM
,	O
he	O
has	O
to	O
treat	O
you	O
with	O
respect	O
;)	O
@lazarjevpolzek	O

@stevilka2	O
@abratusek	O
zakaj	O
pa	O
čestitaš	O
njej	O
,	O
men	NORM
čestitaj	O
.	O

@glinsk10	O
ahahah	O
...	O

lahk	NORM
se	NORM
ksn	NORM
korak	O
vmes	O
razlozis	NORM
?	O

spet	O
je	O
darsovce	O
"	O
presenetu	NORM
"	O
sneg	O
..	O

i	O
feel	O
so	O
dirty	O
.	O

zakaj	O
so	O
ga	O
zaprli	O
?	O

dajana	O
,	O
a	O
ne	O
vidiš	O
da	O
se	O
premikamo	O
v	O
tej	O
smeri	O
?	O

to	O
je	O
velika	O
laž	O
!	O

;-)	O

sam	NORM
..	O
stari	O
ej	O
....	O

ajmo	O
interblock	O
:)	O

;)	O

.	O
@luka_vee	O
@pengovsky	O
@lisicamica	O
čist	NORM
prijazno	O
sporočilo	O
.	O

ziher	O
ja	O
:)..............................................................................................	O

a	O
veš	O
kao	O
ta	O
slovenština	NORM
pa	O
to	O
.	O

;)	O

ja	O
tko	NORM
ti	O
bom	O
povedu	NORM
hmm	O
grozn	NORM
ane	NORM
.	O

hypocrisy	O
on	O
the	O
highest	O
level	O
.	O

prav	O
vsi	O
mojstri	O
od	O
zidarja	O
,	O
vodovodarjev	O
,	O
malarjev	O
itd	NORM
so	O
vedno	O
prišli	O
točni	O
in	O
dobr	NORM
naredl	NORM
#dobrosemzbral	O
:)	O
#prenova	O

martinove	O
ide	O
.............	O

hala	O
madrid	O
.	O

@aljosanovakovic	O
hehe	O
,	O
verjetno	O
izurjeni	O
vinjetnik	O
.	O

@matevznovak	O
to	O
drzi	NORM
,	O
je	O
pa	O
plodna	O
retorika	O
70	O
let	O
kasnej	NORM
ocitno	NORM
na	O
kontra	O
strani	O
.	O

@chatek	O
hmmm	O
...	O

@tamaraznidar	O
@marinmedak	O
pomoje	NORM
res	O
ne	O
,	O
je	O
pač	O
interni	O
kriterij	O
.	O

ker	O
sm	NORM
bla	NORM
poll	NORM
čist	NORM
zgrožena	O
in	O
še	O
dons	NORM
se	O
s	O
tem	O
ubadam	O
:/	O
....	O

lepo	O
..	O

pa	O
blo	NORM
je	O
v	O
dvorani	O
presenetljivo	O
število	O
oseb	O
nad	O
70	O

se	O
je	O
twitter	O
sparu	NORM
z	O
googlom	O
?	O

haha	O
...	O
model	O
ma	NORM
huda	O
besedila	O
.	O

tale	O
patetični	O
alkoholik	O
bo	O
razseljeval	O
ruse	O
po	O
ukrajini	O
?	O

xd	O

sicer	O
pa	O
,	O
na	O
3000	O
m	O
+	O
tud	NORM
slucajno	NORM
ne	O
bom	O
mislu	NORM
nanj	O
.	O

imaš	O
mogoče	O
tudi	O
enačbo	O
za	O
odklon	O
svetlobe	O
pri	O
velki	NORM
gravitaciji	O

cerar	O
pa	O
sploh	O
nima	O
volilnega	O
programa	O
,	O
niti	O
ekipe	O
,	O
zjebal	O
nam	O
je	O
referendume	O
,	O
niti	O
v	O
zapor	O
ne	O
bo	O
šel	O
,	O
pa	O
poglej	O
kako	O
mu	O
stojijo	O
predvolilne	O
ankete	O
.	O

kaj	O
priporočate	O
drugače	O
,	O
pa	O
da	O
ni	O
ipad	O
ali	O
samsung	O
galaxy	O
tab	O
?	O

budilka	O
na	O
tel.	O
neha	O
zvonit	NORM
če	O
obrnem	O
..	O

js	NORM
osebno	O
nimam	O
vec	NORM
zelje	NORM
po	O
ogledu	O
trenutno	O
..	O

:)	O

ljudska	O
stranka	O
je	O
ze	NORM
obcutila	NORM
kako	O
je	O
ce	NORM
se	O
z	O
hudicem	NORM
druzis	NORM
,	O
ce	NORM
bili	O
res	O
desno	O
usmerjeni	O
bi	O
g.	O
jansa	NORM
zagovarjali	O
ne	O
pa	O
,	O
da	O
so	O
ga	O
napadali	O
,	O
sedaj	O
pa	O
imajo	O
rezultat	O
,	O
nobeden	O
jim	O
vec	NORM
ne	O
verjame	O
,	O
to	O
se	O
lahko	O
zgodi	O
tudi	O
z	O
nsi	O
ce	NORM
bojo	O
z	O
hudicem	NORM
sklepali	O
pogodbe	O

:/	O

:p	O

@elouise1979	O
preletel	O
sem	O
par	O
odlomkov	O
in	O
so	O
mi	O
bli	NORM
vsec	NORM
..	O

heh	O
,	O
zgleda	O
zna	O
primer	O
res	O
padet	NORM
.	O

lp	O
!	O

šank	O
rock	O
:	O
jaz	O
nimam	O
noč	O
za	O
spanje	O
..	O

v	O
guinness	O
book	O
of	O
world	O
records	O
..	O
noben	O
kandidat	O
za	O
eu	O
komisarja	O
ni	O
bil	O
tako	O
močno	O
zavrnjen	O
..	O

jst	NORM
pa	O
tko	NORM
racunala	NORM
na	O
tuš	O
kabino	O
....	O

jaz	O
v	O
lestvice	O
ne	O
verjamem	O
več	O
že	O
davno	O
oz.	O
odkar	O
sem	O
"	O
izskusila	NORM
"	O
politiko	O
:-)	O

#malezmage	O

@lazarjevpolzek	O
js	NORM
sm	NORM
vedno	O
iskreno	O
povedala	O
.	O

prav	O
skodi	NORM
vam	O
!	O

in	O
to	O
redni	O
ceni	O
brez	O
popusta	O

bom	O
si	O
mogu	NORM
kr	NORM
doma	O
skuhat	NORM
očitno	O
..	O

bom	O
scekirala	NORM
:)	O

@lazgor	O
ja	O
vem	O
sm	NORM
kr	NORM
piskala	O
frizerki	O
tko	NORM
da	O
me	O
ni	O
upala	O
več	O
postrišt	NORM
:))	O

lep	O
pozdrav	O
in	O
lep	O
dan	O
,	O
olivera	O
svilar	O
-	O
kanjovsky	O
,	O
dr.	O
med.	O
akupunkturolog	O

http://t.co/hzfpkwvmlm	O
http://t.co/haujofm9cr	O
via	O
@avodovnik	O

neki	NORM
sem	O
jih	O
na	O
hiter	NORM
hotla	NORM
skenslat	NORM
in	O
natipkam	O
brez	O
razmišljanja	O
in	O
evo	O
.	O

pol	NORM
sm	NORM
bla	NORM
pa	O
sam	NORM
vesela	O
da	O
spet	O
vidm	NORM
:d	O

grem	O
pol	NORM
vsa	O
navdusena	NORM
laufat	O
v	O
novih	O
cevljih	NORM
in	O
ker	O
sm	NORM
vsa	O
v	O
crnem	NORM
sm	NORM
ful	O
ponosna	O
"	O
crna	NORM
nindza	NORM
"	O
.	O

@thor76	O
@banicgregor	O
vrednote	O
...	O
ok	O
ni	O
to	O
.	O

v	O
(	O
super	O
zanimivem	O
članku	O
,	O
katerega	O
link	O
si	O
objavil	O
)	O
je	O
zapisano	O
tudi	O
tole	O
:	O

najbrž	O
še	O
nisi	O
slišal	O
za	O
foro	O
..	O

ne	O
upam	O
.	O

ampak	O
pomojem	NORM
da	O
ne	O
.	O

no	O
hvala	O
bogu	O
da	O
ni	O
slovenija	O
le	O
ljubljana	O
.	O

@kricac	O
sorry	O
,	O
ampak	O
mojce	O
ne	O
sledim	O
,	O
zato	O
nisem	O
mogla	O
videt	NORM
njenega	O
tw	NORM
.	O

kaže	O
tipe	O
v	O
brazilskih	O
dresih	O
..	O

kako	O
mati	O
na	O
daljavo	O
polepsati	NORM
materinski	O
dan	O
?	O

cenejsi	NORM
od	O
markovica	NORM
(	O
npr	NORM
)	O
pa	O
ni	O
kriv	O
ce	NORM
ne	O
dobi	O
zog	NORM

@leaathenatabako	O
hahaha	O
,	O
saj	O
če	O
je	O
,	O
se	O
itak	O
ob	O
reali	O
razsuje	O
:)	O

glih	O
zbudiu	NORM
sem	O
se	O
iz	O
pop.	O
spanca	O
pa	O
zagledam	O
enega	O
bradatega	O
gospoda	O
.	O

fantje	O
iz	O
vso	O
bi	O
se	O
malo	O
zabavali	O
(	O
po	O
vzoru	O
na	O
civil	O
war	O
re-enactment	O
)	O
,	O
vi	O
se	O
pa	O
razburjate	O
.	O

#hungrymuch	O
?	O

@cashkee	O
stari	O
,	O
men	NORM
verjem	NORM
,	O
če	O
bi	O
tam	O
k	NORM
bi	O
oni	O
radi	O
kakšen	O
keš	O
steku	NORM
se	O
komunjare	O
ne	O
bi	O
zatekle	O
k	O
indičnim	O
krogcom	NORM
!	O

:)	O

in	O
ti	O
ne	O
odbijes	NORM
#letsdothis	O

ka	NORM
pa	O
maš	NORM
dobrega	O
?	O

ali	O
je	O
supporterjen	NORM
@jjansasds	O
fajn	O
,	O
ker	O
se	O
zna	O
izmikati	O
ocitkom	NORM
tozilstvu	NORM
ali	O
je	O
obsodba	O
nasprotnikom	O
fajn	O
,	O
ker	O
jim	O
ze	NORM
20	O
let	O
gre	O
na	O
kurac	NORM
?	O

::)))))	O

eu	O
member	O
states	O
agree	O
to	O
deregulate	O
voice	O
markets	O
@euractiv	O
http://t.co/egjl5iay2n	O

pa	O
bo	O
hitr	NORM
minil	NORM
.	O

tudi	O
mene	O
to	O
zanima	O
...	O

šeramo	O
,	O
invajtamo	O
in	O
lajkamo	O
,	O
ker	O
so	O
res	O
najjači	O
domači	O
glasbeni	O
portal	O
.	O

kaj	O
a	O
v	O
četrtek	O
pa	O
štopamo	O
za	O
neki	NORM
k	NORM
bo	O
kao	O
od	O
topgeara	NORM
?	O

hmm	O
...	O
ne	O
vem	O
.	O

@vidakocjan	O
@igorzavrsnik	O
@demokracija1	O
jst	NORM
bi	O
ga	O
takoj	O
povabila	O
pred	O
mikrofon	O
.	O

in	O
tista	O
plastika	O
je	O
1	O
m	O
al	NORM
pa	O
več	O
dolga	O
...	O

kaj	O
pa	O
beres	NORM
?	O

ne	O
umirjajočim	O
symbianom	O
.	O

pls	O
rt	O
.	O

pa	O
kup	O
ljudi	O
zgrešeno	O
verjame	O
,	O
da	O
je	O
ob	O
poroki	O
neb	NORM
blo	NORM
.	O

veste	O
kaj	O
,	O
butalski	O
komentatorji	O
:	O
ko	O
bo	O
bernard	O
zapustil	O
omladino	O
,,	O
bo	O
ta	O
podobna	O
edinole	O
še	O
eni	O
-	O
seveda	O
rdeči	O
-	O
lady	O
.	O

fak	O
.	O

😂😂😂	O

že	O
res	O
,	O
da	O
me	O
je	O
sodelavčeva	O
kava	O
zadela	O
v	O
žilo	O
(	O
k	NORM
je	O
bla	NORM
tko	NORM
močna	O
)	O
ampak	O
jst	NORM
morm	NORM
še	O
eno	O
!	O

mene	O
dostikrat	O
zanese	O
,	O
da	O
takšnim	O
vrnem	O
z	O
isto	O
mero	O
,	O
a	O
hitro	O
ugotovim	O
,	O
da	O
je	O
to	O
otročje	O
in	O
nesmiselno	O
.	O

in	O
če	O
jj	O
ne	O
bi	O
bilo	O
?	O

@merineseri	O
pa	O
če	O
ni	O
snicekrsaaaa	NORM
;)	O

nekaj	O
mi	O
povej	O
!	O

ni	O
še	O
cajt	O
za	O
to	O
http://t.co/rlxcqdw6	O

@genebygene	O
eh	O
čist	NORM
je	O
razštelana	O
:s	O

u	O
gospa	O
saj	O
ste	O
mi	O
dali	O
preveč	O
,	O
skoraj	O
še	O
enkrat	O
toliko	O
.	O

če	O
se	O
@timimaniac	O
prej	O
zbudi	O
,	O
gremo	O
lahko	O
na	O
kavo	O
k	NORM
bos	NORM
konc	NORM
^^	O

definitivno	O
...	O

še	O
enga	NORM
ušivga	NORM
tvita	O
s	O
sliko	O
ne	O
uspe	O
skoz	O
spravt	NORM
v	O
pol	O
ure	O
!	O

...	O

@denarju	O
he	O
he	O
,	O
si	O
zaključila	O
zanko	O
:p	O
...	O

korupcija	O
in	O
klientelizem	O
?	O

:-))	O
@had	O
@rok_novak	O

heheh	O
::::$	O

pošlji	O
fen5	O
na	O
1919	O
,	O
in	O
doniraj	O
5	O
€	O
za	O
nakup	O
fena	O
za	O
jana	O
plestenjaka	O
,	O
revček	O
ma	NORM
mokre	O
lase	O
že	O
od	O
leta	O
'94	O

da	O
se	O
ne	O
bomo	O
mučili	O
na	O
stara	O
leta	O
.-))	O

@kvadratek	O
ne	O
nč	NORM
tazga	NORM
.	O

in	O
za	O
pesm	NORM
bi	O
mogu	NORM
vse	O
pesmi	O
k	NORM
so	O
zadneih	NORM
5	O
let	O
nazaj	O
zmagale	O
zmešat	NORM
sku	NORM

sej	NORM
se	O
tut	NORM
nemci	O
motijo	O
..	O

bodo	O
pa	O
zato	O
v	O
polni	O
prpravljenosti	NORM
1.	O
februarja	O
v	O
lovu	O
na	O
vinjete	O
..	O

kwa	NORM
pa	O
ne	O
gre	O
?	O

prečekiri	NORM
,	O
do	O
14:30	O
traje	NORM
.	O

hvala	O
za	O
pomoc	NORM

ja	O
to	O
maš	NORM
pa	O
čist	NORM
prav	O
.	O

in	O
ne	O
posebej	O
narobe	O
.	O

jaz	O
vem	O
kdo	O
stoji	O
za	O
tem	O
,	O
sem	O
o	O
tem	O
tudi	O
pisala	O
.	O

it's	O
too	O
good	O
an	O
opportunity	O
to	O
ignore	O
.	O

ne	O
škodi	O
pa	O
,	O
če	O
se	O
držite	O
under	O
promise	O
&amp;	O
over	O
deliver	O
načela	O
:)	O

prav	O
je	O
da	O
zmagajo	O
črne	O
ovce	O
,	O
z	O
lažno	O
desnico	O
je	O
treba	O
pomesti	O
za	O
vedno	O
.	O

@matino667	O
tviter	NORM
,	O
prjatu	NORM
,	O
tviter	NORM
.	O

@strelovod	O
no	O
,	O
na	O
koncu	O
bomo	O
prisli	NORM
do	O
istega	O
zakljucka	NORM
as	O
usual	O
:	O
politika	O
je	O
impitentna	NORM
zarad	NORM
medijskega	O
diskurza	O
,	O
kjer	O
je	O
osn	NORM
posl.	O
model	O
1/2	O

bo	O
hitr	NORM
prosila	O
,	O
če	O
gre	O
loh	NORM
raj	NORM
dam	NORM
kosilo	O
za	O
moške	O
narest	NORM
.	O

;)	O

kako	O
slikco	NORM
bi	O
pa	O
lahk	NORM
dobil	O
,	O
prosim	O
..	O

http://t.co/otcs6q9pfy	O

lih	NORM
vidla	NORM
eno	O
rusinjo	O
z	O
najhujsejso	NORM
smucarsko	NORM
bundo	O
.	O

..	O
or	O
do	O
you	O
just	O
suck	O
that	O
much	O
?	O

@maxova68	O
a	O
ne	O
bi	O
člouk	NORM
znoru	NORM
?	O

ampak	O
tako	O
velikih	O
,	O
kot	O
sem	O
jih	O
zdaj	O
nabrala	O
,	O
še	O
nikoli	O
nisem	O
.	O

no	O
,	O
zdej	NORM
vidm	NORM
da	O
sm	NORM
bolj	O
"	O
prasna	NORM
nindza	NORM
"	O
:d	O

tist	NORM
,	O
k	NORM
na	O
polno	O
"	O
iz	O
srca	O
"	O
kepo	O
zalučaš	O
in	O
te	O
pol	NORM
cela	O
roka	O
boli	O
...	O

janezdolzan	O
#	O
03.09.2014	O
ob	O
17:39	O

pa	O
menda	O
ne	O
delaš	O
v	O
agrokombinatu	O
?	O

!	O

@oblakj	O
komedija	O
zmešnjav	O
,	O
ker	O
če	O
bo	O
to	O
obvejalo	NORM
,	O
je	O
spet	O
sano	NORM
9	O
ekip	O
..	O

skratka	O
bolj	O
zdravo	O
življenje	O
.	O

addicted	O
to	O
#suits	O
.	O

@mladimisleci	O

@sanjskasluzba	O
tenx	NORM
za	O
info	O
..	O

zadnjič	O
sm	NORM
začela	O
en	O
del	O
gledat	NORM
pa	O
sm	NORM
kr	NORM
ugasnla	NORM
:s	O

jao	O
,	O
kolk	NORM
ste	O
poceni	O
..	O

važno	O
je	O
da	O
so	O
take	O
,	O
da	O
se	O
lahko	O
vstavijo	O
v	O
uho	O
in	O
potem	O
ne	O
padajo	O
ven	O

lds	O
je	O
tko	NORM
al	NORM
tko	NORM
pol	O
pirana	O
pokupil	O
v	O
zlati	O
dobi	O
vladanja	O
in	O
kraje	O
.	O

delam	O
se	O
,	O
da	O
ledenega	O
dežja	O
ne	O
slišim	O
.	O

podjetje	O
bo	O
res	O
ostalo	O
tukaj	O
,	O
davki	O
se	O
bodo	O
tudi	O
plačevali	O
sloveniji	O
,	O
dobiček	O
bo	O
šel	O
pa	O
v	O
nemčijo	O
.	O

odličen	O
razlog	O
za	O
nekajdnevno	O
bombardiranje	O
.	O

kaj	O
ni	O
jasn	NORM
?	O

hmmm	O
tle	NORM
pa	O
manjka	O
en	O
računalnik	O
:p	O

ja	O
,	O
pač	O
luksuz	O
...	O

ker	O
je	O
faca	O
!!!	O

heeej	NORM
,	O
hvala	O
,	O
si	O
se	O
spomnla	NORM
!	O

prosiiim	NORM
pomagajte	O
mi	O

@ninagaspari	O
jaz	O
sem	O
pa	O
''	O
kupla	NORM
''	O
vse	O
,	O
in	O
sem	O
še	O
zdaj	O
predmet	O
posmeha	O
...	O

@lara4850	O
@tvslv	O
@allbriefs	O
kje	O
je	O
ta	O
posnetek	O
?	O

slikce	NORM
in	O
možički	O
pa	O
so	O
tvoji	O
,	O
ane	NORM
?	O

#dilema	O
:p	O

predlagam	O
,	O
da	O
mladina	O
naredi	O
intervju	O
s	O
p.	O
k.	O
peršinom	O
.	O

@cikibucka	O
@jjansasds	O
@mirocerar	O
@timjudah1	O
če	O
bi	O
blo	NORM
to	O
res	O
,	O
se	O
mu	O
ne	O
bi	O
poklonil	O
ves	O
svet	O
!	O

btw	O
,	O
če	O
koga	O
zanima	O
je	O
tu	O
par	O
binaural	O
vzorcev	O
(	O
slušalke	O
obvene	NORM
)	O
:	O
https://t.co/ogu0dnmdtq	O

@jernejrostan	O
neeee	NORM
!!!	O

sam	NORM
poglej	O
ce	NORM
ni	O
opozorilo	O
gor	NORM
da	O
kaj	O
razbarva	O

on	O
zmrzuje	O
na	O
zadnjem	O
zicu	O
,	O
ti	O
morš	NORM
pa	O
skrivat	NORM
nasmešek	O
zarad	NORM
tople	O
riti	O
od	O
gretja	O
zica	O
pa	O
volana	O
.	O

@evakobe24ur	O
@slo_super_visor	O
@che27che	O
govor	O
je	O
bil	O
ukinit	NORM
fdv	O
,	O
js	NORM
pa	O
prilagoditi	O
casu	NORM
..	O

@petrasovdat	O
ok	O
ti	O
ze	NORM
ves	NORM
.	O

@inal3igh	O
jep	NORM
,	O
ogromnega	O
jelenovga	NORM
sorodnika	O
z	O
lopatastimi	O
rogovi	O
.	O

@nuckinfutsslo	O
uuu	O
,	O
to	O
lahko	O
napišem	O
tudi	O
za	O
argumentacijo	O
!	O

hahaha	O
:))	O

pol	NORM
te	O
pogruntajo	O
.	O

1×	O
folk	O
hodil	O
mim	NORM
para	O
na	O
trubarjevi	O
,	O
tip	O
jo	O
je	O
klofal	O
,	O
nihče	O
0.	O
js	NORM
svda	NORM
nisem	O
bla	NORM
tih	NORM
,	O
skor	NORM
sama	O
fasala	O
,	O
nato	O
naključni	O
tip	O
useka	O
klofača	O
.	O

obenem	O
ji	O
lahko	O
še	O
svetuješ	O
glede	O
inštrukcij	O
iz	O
angleščine	O
:d	O

nasploh	O
vsi	O
čevlji	O
:)	O
@ninagray_	O
@gromska_strela	O
@gcerne_	O

#kzs	O
#eurobasket	O
2013	O
http://t.co/5wtyxr6yze	O

tud	NORM
jst	NORM
vesela	O
za	O
#blastfromthepast	O
,	O
trolčkov	O
nisem	O
vidla	NORM
že	O
od	O
...	O
dolg	NORM
pač	O
:)	O
http://t.co/ssoowqg4	O

ko	O
negdo	NORM
rece	NORM
'	O
ocitno	NORM
delam	O
neki	NORM
prov	NORM
ko	O
pa	O
ima	O
pa	O
moja	O
hcerka	NORM
ze	NORM
6	O
let	O
'	O
si	O
lahko	O
mislm	NORM
samo	O
ja	O
bravo	O
nisi	O
je	O
ubila	O
you	O
master	O
of	O
time	O

pomaga	O
tud	NORM
homeopatska	O
arnica	O
#lekarnarjevahci	O

js	NORM
nimam	O
tv-ja	O
,	O
zdle	NORM
bi	O
pa	O
plačala	O
,	O
da	O
bi	O
lahko	O
tekme	O
gledala	O
.	O

@airmiran	O
je	O
je	O
:)	O

feejk	NORM
:p	O
...	O

@harveynormanslo	O
waaaaaait	NORM
a	O
sec	O
.	O

drgac	NORM
pa	O
sm	NORM
se	O
zadnje	O
case	NORM
na	O
winse	O
prvaju	NORM
in	O
se	O
cist	NORM
prvadu	NORM
;)	O

"	O
we	O
are	O
interested	O
in	O
minimizing	O
the	O
losses	O
to	O
our	O
partners	O
.	O
”	O

lepo	O
ga	O
je	O
videt	NORM
hahaha	O

js	NORM
sm	NORM
ostal	O
brez	O
gonilk	O
:/	O
...	O

kdo	O
ve	O
če	O
bi	O
se	O
dalo	O
in	O
kje	O
bi	O
najdu	NORM
upgrade	O
da	O
bi	O
mi	O
igral	O
divx	O
.	O

plačilo	O
carine	O
,	O
ponoven	O
pregled	O
plinotesnosti	O
pri	O
pooblačeni	NORM
organizaciji	O
...	O
in	O
vsi	O
ostali	O
ostali	O
papirji	O
z	O
oznako	O
e67r-01	O
...	O

hehe	O
pozabli	NORM
so	O
kupit	NORM
kruh	O
tko	NORM
da	O
bojo	O
zdej	NORM
jedli	O
cevape	NORM
straight	O
up	O
.	O

ce	NORM
pa	O
vzames	NORM
z	O
oklepaji	O
je	O
pa	O
s	O
=	O
{	O
4	O
,	O
-3,4	O
}	O
in	O
s	O
'	O
=	O
{	O
0,5	O
,	O
-4	O
}	O
.	O

js	NORM
razmišljam	O
,	O
da	O
bi	O
šla	O
še	O
laufat	O
zdejle	NORM
.	O

14	O
dni	O
boste	O
to	O
poslušal	NORM
vsak	O
dan	O
.	O

@kvadratek	O
ne	O
rečem	O
da	O
bo	O
dost	NORM
en	NORM
let	NORM
.	O

če	O
bi	O
na	O
avionih	O
namest	NORM
učenja	O
ravnanja	O
s	O
pasom	O
rajš	NORM
povedli	NORM
,	O
da	O
nej	NORM
potniki	O
prdce	O
zadržijo	O
vsaj	O
do	O
terminala	O
...	O

ma	O
dej	NORM
,	O
dost	NORM
je	O
zajebancije	O
.	O

mnogorodka	O

no	O
dajmo	O
bistre	O
glave	O
,	O
boste	O
kaj	O
rodili	O
,	O
ustvarili	O
z	O
vašimi	O
možgani	O
ali	O
ste	O
samo	O
papagaji	O
kot	O
je	O
to	O
mr.	O
schrink	O
?	O

greš	O
pa	O
loh	NORM
še	O
enkrat	O
vseen	NORM
.	O

kure	O
spijo	O
,	O
fast	O
&amp;	O
furious2	O
je	O
mim	NORM
-	O
kaj	O
bi	O
drugega	O
?	O

@dzaden	O
ma	NORM
tulk	NORM
kvalitete	O
dna	NORM
zna	O
kljub	O
slabi	O
tekmi	O
nardit	NORM
neki	NORM
takega	O
.	O

:)	O

pa	O
še	O
poskusla	NORM
nism	NORM
nč	NORM
od	O
tega	O
.	O

mladina	O
,	O
izprašajte	O
ga	O
,	O
ali	O
ima	O
kakšen	O
papir	O
?	O

haha	O
,	O
ne	O
ne	O
,	O
js	NORM
sam	NORM
pušim	O
biomaso	O
:)	O

@moojca	O
ce	NORM
tekma	O
o	O
nicemr	NORM
ne	O
odloca	NORM
in	O
je	O
vsen	NORM
kako	O
igrajo	O
,	O
pol	NORM
nej	NORM
pa	O
vrnejo	O
kes	NORM
za	O
karte	O
,	O
ce	NORM
je	O
itak	O
taka	O
dzabe	NORM
tekma	O
...	O

ce	NORM
si	O
za	O
bb	O
,	O
predlagam	O
,	O
da	O
stestiras	NORM
q10	O
.	O

hvala	O
shrink	O

pa	O
pqce	O
slika	O
pa	O
una	NORM
,	O
ku	NORM
se	O
ne	O
spomnem	NORM
ko	NORM
ma	NORM
risbico	O
za	O
avatar	O
,	O
...	O

ne	O
vem	O
zakaj	O
!	O

@ropotark	O
čeprav	O
bi	O
blo	NORM
fino	O
kej	NORM
prebrat	NORM
,	O
besedni	O
zaklad	O
mi	O
peša	O
;)	O

marlen	O
....	O
nikar	O
tako	O
sramežljivo	O
..	O

:p	O

rodi	O
se	O
iz	O
vsegliharstva	O
in	O
zanikovanja	O
hudih	O
problemov	O
oz.	O
po	O
domače	O
pometanja	O
pod	O
preprogo	O
.	O

pa	O
bodo	O
mehurčki	O
prhajal	NORM
iz	O
ust	O
namest	NORM
neumnosti	O
in	O
laži	O
.	O

@icinober	O
ne	O
ne	O
...	O

@tjakse	O
@davorinpavlica	O
@simobil	O
hmm	O
....	O

martinove	O
ide	O
|	O
7.3.2014	O
|	O
13:33	O
///	O
waw	O
,,,	O
no	O
jaz	O
se	O
ne	O
spuščam	O
na	O
vaš	O
nivo	O
sorry	O
---	O

a	O
ti	O
bomo	O
mi	O
iz	O
lublane	NORM
govoril	O
za	O
mb	O
?	O

se	NORM
njegova	O
sestra	O
je	O
prsla	NORM
pogledat	O
,	O
kaj	O
se	O
dogaja	O
in	O
ce	NORM
se	O
kregava	O
.	O

je	O
pa	O
feeling	O
spacea	O
top	O
.	O

mi	O
smo	O
gimnastičarke	O
tudi	O
vedno	O
zajebavali	O
.	O

da	O
te	O
ne	O
bom	O
sanjal	O
(	O
pa	O
te	O
kripe	O
tud	NORM
)	O
,	O
bom	O
na	O
hitro	O
resil	NORM
...	O

daj	O
se	NORM
eno	O
joie	O
!	O

joži	O
tut	NORM
riše	O
kot	O
vem	O
in	O
to	O
dobro	O
,	O
pa	O
se	NORM
bliz	NORM
barja	O
je	O
doma	O
.	O

s	O
kazahstanci	O
bo	O
kr	NORM
težka	O
ja	O
!!!	O

a	O
rabte	NORM
pasaporto	NORM
,	O
de	NORM
pridete	O
k	O
nam	O
?	O

pa	O
k	O
mamci	NORM
na	O
kavo	O
idi	NORM
..	O

it	O
gets	O
better	O

mislm	NORM
,	O
dva	O
dni	O
nazaj	O
sem	O
updatu	NORM
,	O
ampak	O
ne	O
stekam	NORM
kaj	O
moram	O
zdej	NORM
se	NORM
narest	NORM
?	O

poleg	O
tega	O
pa	O
,	O
ko	O
bo	O
enkrat	O
notr	NORM
,	O
bo	O
hotla	NORM
vn	NORM
:s	O

zaklenjen	O
je	O
na	O
simobil	O
(	O
what	O
else	O
)	O
.	O

@fejstmozakar	O
uff	O
,	O
to	O
si	O
mi	O
pa	O
dal	O
tak	O
čist	NORM
slovenski	O
puzzle	O
za	O
#gruntat	O

"	O
sovarćnikovi	O
"	O
=	O
"	O
sovražnikovi	O
"	O

@z8_lj	O
@zalazza	O
@karmennovak	O
ne	O
razumeš	O
:)	O

@enej_p	O
ja	O
za	O
2.	O
pa	O
3.	O
del	O
...	O

zadeva	O
se	O
obeša	O
,	O
errorji	O
,	O
supporta	O
ne	O
najdeš	O
nikjer	O
..	O

to	O
bo	O
še	O
en	O
zavožen	O
poizkus	O
.	O

mamicu	NORM
jim	O
komunalno	O
-	O
obvestilo	O
o	O
zaprtju	O
vode	O
od	O
10h	O
dalje	O
...	O

aiaaa	NORM
ker	O
se	O
ne	O
bo	O
dalo	O
vec	NORM
krasti	O
po	O
teh	O
podjetjih	O
ali	O
imate	O
kak	O
drug	O
namen	O
????	O

@francikek	O
@bckrka	O
ni	O
šlo	O
,	O
samo	O
koš.	O
trenerji	O
so	O
pa	O
še	O
večji	O
primitivci	O
kot	O
nogometni	O
-	O
ne	O
bi	O
si	O
mislil	O
...	O

100	O
pull	NORM
200	O
push	NORM
300	O
air	O
squats	O

#njamhram	O
http://t.co/cqarfhxil2	O
"	O

@karinska_	O
ok	O
;	O
eni	O
nimajo	O
mere	O
.	O

da	O
se	O
prihrani	O
denar	O
,	O
ker	O
teh	O
''	O
modelk	O
''	O
valda	NORM
ne	O
plačajo	O
.	O

premocena	NORM
desna	O
tacka	NORM
ze	NORM
cel	O
dan	O
,	O
guzva	NORM
na	O
troli	O
,	O
guzva	NORM
na	O
cesti	O
,	O
dez	NORM
pada	O
...	O

ma	NORM
me	O
,	O
da	O
bi	O
sla	NORM
za	O
njo	O
in	O
jo	O
...	O

ampak	O
never	O
mind	O
,	O
sem	O
se	O
zmotu	NORM
.	O

ampak	O
upam	O
da	O
bo	O
!	O

saharoza	O
pa	O
razpade	O
na	O
glu.	O
in	O
fruk.	O

#masonori	O

narobe	O
razmišljaš	O
.	O

ja	O
,	O
to	O
je	O
problem	O
.	O

mozno	NORM
bi	O
blo	NORM
da	O
smo	O
sami	O
..	O

pri	O
ns	NORM
ni	O
blo	NORM
nč	NORM
od	O
tega	O
vsaj	O
za	O
prvo	O
sm	NORM
sigurn	NORM

@idejan83	O
serij	O
mi	O
neki	NORM
ni	O
za	O
gledat	NORM
pa	O
tut	NORM
na	O
tekočem	O
sm	NORM
:)	O

mozno	NORM
je	O
tud	NORM
da	O
nic	NORM
od	O
tega	O
ni	O
res	O
,	O
mozno	NORM
je	O
tudi	O
da	O
se	O
jutri	O
svet	O
podre	O
...	O

kiki	O
dance	O
sploh	O
ni	O
bil	O
bruka	O
!	O

kdo	O
je	O
genij	O
k	NORM
je	O
gledal	O
okno	O
pa	O
reku	NORM
...	O

ste	O
bila	O
pri	O
zdravniku	O
?	O

sicr	NORM
js	NORM
sm	NORM
enkrat	O
za	O
hec	O
megapolis	O
začeu	NORM
igrat	NORM
in	O
sm	NORM
pol	NORM
čist	NORM
not	NORM
padu	NORM
dokler	O
nism	NORM
blokiru	NORM
:)	O

za	O
vikend	O
je	O
v	O
planici	O
tekma	O
celinskega	O
pokala	O
,	O
pa	O
mi	O
ta	O
nove	O
tamale	NORM
nočjo	NORM
dat	NORM
na	O
štartno	O
listo	O
,	O
ker	O
tok	NORM
mejhni	NORM
kao	O
še	O
ne	O
skačejo	O
.	O

s	O
tem	O
ne	O
mislim	O
nič	O
slabega	O
.	O

@gorazdkocjan	O
@medeja_7	O
ce	NORM
bos	NORM
gledal	O
,	O
tudi	O
tebi	O
se	O
zmesa	NORM
...	O

da	O
ti	O
koj	NORM
zmeče	O
vn	NORM
une	NORM
k	NORM
jih	O
ne	O
pstijo	NORM
:)	O

nekoc	NORM
je	O
lahko	O
padel	O
kr	NORM
fajn	O
metrov	O
..	O

ma	O
,	O
a	O
veste	O
,	O
jst	NORM
nisn	NORM
za	O
to	O
"	O
podpisala	O
"	O
zravn	NORM
...	O

:)	O

za	O
svojo	O
si	O
jo	O
vzel	O
,	O
pa	O
ti	O
je	O
tako	O
ljuba	O
.	O

če	O
bi	O
lahko	O
na	O
svetu	O
spremenil	O
eno	O
stvar	O
,	O
kaj	O
bi	O
to	O
bilo	O
?	O

malo	O
pobrskaj	O
po	O
forumu	O
pa	O
boš	O
videl	O
da	O
nekateri	O
ne	O
verjamemo	O
v	O
darwinovo	O
različico	O
evolucije	O

in	O
ravno	O
tako	O
pred	O
vrati	O
zda	O
demokracije	O
postavili	O
nekaj	O
orožja	O
...	O

skoraj	NORM
ni	O
presenečenega	O
psihopata	O
:p	O
@hribar13	O

vsi	O
probat	NORM
pa	O
ocenit	NORM
!	O

neko	O
delo	O
že	O
skoraj	O
dokončaš	O
in	O
potem	O
pride	O
človek	O
s	O
'	O
js	NORM
sm	NORM
superman	O
'	O
kompleksom	O
,	O
reče	O
"	O
dejva	NORM
zdej	NORM
to	O
nardit	NORM
"	O
in	O
si	O
potem	O
šteje	O
zasluge	O
.	O

kolk	NORM
tega	O
čaja	O
sm	NORM
spil	O
ko	O
sm	NORM
se	O
učil	O
za	O
matematiko	O
!!....	O

(:	O
@romunov	O
@napacaps	O

ker	O
jackass	O
#porterridge	O
je	O
zakon	O
!!!	O

:)	O

@juremakovec	O
asusa	O
se	NORM
dobila	O
pred	O
dvema	O
tednoma	O
iz	O
njegove	O
garancije	O
in	O
ga	O
sele	NORM
zdej	NORM
prizgala	NORM
in	O
se	O
mi	O
po	O
20	O
min	NORM
100	O
%	O
cist	NORM
sprazne	NORM
..	O

preden	O
pa	O
jaz	O
grem	O
na	O
švedsko	O
pa	O
tebe	O
verjetno	O
čaka	O
kofi	O
pri	O
slamiču	O
hehe	O
:)	O

:)	O
@sillyinnervoice	O

@einherjar308	O

ponavljam	O
več	O
strank	O
in	O
različnih	O
glasov	O
poleg	O
peketa	O
,	O
se	O
bo	O
pa	O
moral	O
še	O
naučiti	O
.	O

upam	O
,	O
da	O
vam	O
uspe	O
!	O

@senca72	O
heh	O
,	O
zato	O
smo	O
pa	O
danes	O
vsi	O
navalili	O
na	O
amazon	O
deal	O
:)	O

@urska_	O
oprostite	O
gospodicna	NORM
..	O

bod	NORM
slovenc	NORM
,	O
toži	O
ga	O
!	O

no	O
ne	O
sej	NORM
ne	O
,	O
nebi	NORM
ti	O
dou	NORM
!...	O

:)	O

—	O
hahahaha	O
kaj	O
js	NORM
vem	O
...	O

madonca	O
po	O
basketu	O
zdaj	O
se	NORM
tole	O
.	O

@masabutara	O
@smurnik	O
sploh	O
nisem	O
vidla	NORM
vajini	NORM
replyjev	O
včeraj	O
.	O

@anderzey	O
:	O
@tamaravonta	O
ontologije	O
se	O
ne	O
da	O
na	O
primeru	O
razlagati	O
.	O

@alanbstard2	O
@majdasirca	O
@stanka_d	O
@some_meli	O
jaz	O
sem	O
posnel	O
na	O
rš	O
in	O
prinesel	O
na	O
golf	O
v	O
kr	NORM
-	O
je	O
folk	O
čist	NORM
znoru	NORM
,	O
danes	O
malo	O
nerodno	O
heh	O

@erikaplaninsec	O
hahaha	O
.	O

http://t.co/qyzkrzqzns	O

@luka_vee	O
@rok_novak	O
@antigravitypill	O

andrej	O
hofner	NORM
se	O
baje	O
ze	NORM
cel	O
dan	O
joka	O
zarad	NORM
rebekinega	O
rezultata	O

neverjetna	O
globina	O
razmišljanja	O
na	O
straneh	O
mladine	O
!	O

@petrasa1	O
@novaslovenija	O
@mladaslovenija	O
@strankasds	O
saj	O
bo	O
pol	NORM
tud	NORM
blatenje	O
,	O
ko	O
ti	O
bodo	O
otroka	O
posiljeval	NORM
s	O
homo	O
sranjem	O
,	O
pa	O
boš	O
moral	O
bittih	NORM

beda	O
,	O
dans	NORM
me	O
ne	O
bo	O
na	O
svp	O
:(	O

nism	NORM
se	O
rodu	NORM
vseved	O
in	O
brez	O
napak	O
.	O

@markosket	O
sori	O
,	O
sem	O
se	O
zmotu	NORM
,	O
k	NORM
v	O
bistvu	O
nism	NORM
niti	O
bral	O
.	O

zdej	NORM
sam	NORM
čakam	O
da	O
bo	O
kej	NORM
čez	O
mene	O
reku	NORM
,	O
sam	NORM
js	NORM
ne	O
bom	O
tok	NORM
prjazna	NORM
pa	O
za	O
njimi	O
pospravlala	NORM
,	O
zato	O
da	O
bo	O
moj	O
vsaj	O
mal	NORM
počivu	NORM
lahko	O
.	O

#sejto	O
!	O

naslov	O
skupine	O
je	O
mamice	O
angelčkov	O

sam	NORM
dajmo	O
bit	NORM
realni	O
..	O

in	O
simpl	O
ko	NORM
pasulj	O
.	O

pa	O
dej	NORM
no	O
mene	O
bi	O
blo	NORM
sram	O
.	O

@2sto7	O
ravno	O
to	O
sem	O
danes	O
zjutraj	O
razmišljal	O
.	O

zanima	O
pa	O
me	O
če	O
bosta	O
ta	O
dva	O
rezultata	O
vplivala	O
na	O
operacijo	O
oz.	O
ali	O
jo	O
bodo	O
odpovedali	O
in	O
počakali	O
,	O
da	O
se	O
to	O
popravi	O
.	O

zakaj	O
se	O
toliko	O
ukvarjaš	O
z	O
drugimi	O
?	O

že	O
par	O
dni	O
v	O
glavi	O
,	O
zdaj	O
pa	O
še	O
v	O
filmu	O
.	O

je	O
pa	O
itak	O
"	O
obvezna	O
sestavina	O
"	O
brez	O
katere	O
stelček	O
ne	O
pride	O
nazaj	O
...	O

neki	NORM
za	O
dekleta	O
.	O

..	O
tk	NORM
nažgečkam	O
,	O
da	O
se	O
3	O
dni	O
ne	O
bi	O
mogla	O
odžgečkat	NORM
..	O

bom	O
naroceval	NORM
,	O
ti	O
sporocim	NORM
ko	O
bom	O
.	O

to	O
je	O
tudi	O
una	NORM
tomicka	NORM
govorila	O
dokler	O
ni	O
prsla	NORM
v	O
gnezdo	O
...	O

za	O
v	O
anale	O
:))	O

a	O
je	O
evita	O
tud	NORM
na	O
listi	O
?	O

@krtmen	O
mislim	O
,	O
da	O
se	O
bo	O
erjavc	NORM
tolk	NORM
uštulu	NORM
,	O
da	O
ga	O
bo	O
cerar	O
mogu	NORM
uzet	NORM
.	O

če	O
nebi	NORM
šel	O
v	O
bg	O
bi	O
defenitivno	NORM
šel	O
tja	O
!	O

"	O
well	O
,	O
i	O
hope	O
you	O
get	O
a	O
muslim	O
in	O
your	O
family	O
.	O

...	O
a	O
gre	O
kera	NORM
z	O
mano	O
v	O
zavrh	O
pod	O
smarno	NORM
goro	O
...	O

-	O
ivek	O
:	O
nemški	O
navijači	O
se	O
seveda	O
veselijo	O
....	O

skratka	O
,	O
il	O
nipote	O
je	O
pošizu	NORM
,	O
še	O
zakomunicirat	NORM
se	O
ne	O
zna	O
več	O
.	O

ne	O
mors	NORM
vrjet	NORM
da	O
je	O
slovenija	O
sposobna	O
preklicat	NORM
pogodbo	O
s	O
patrijo	NORM
:-)	O

še	O
bom	O
mogu	NORM
šimfat	NORM
vilerja	O
k	NORM
pptem	NORM
vedn	NORM
dobr	NORM
igra	O
.	O

gor	NORM
piše	O
neki	NORM
,	O
vrednost	O
pa	O
veliko	O
večja	O
.	O

@timslo	O
@nejcmravlja	O
@rgrilec	O
@teamjakic	O
mravlja	O
ti	O
hvalis	NORM
grilcs	NORM
...	O
on	O
pa	O
tebe	O
..	O

@visnya	O
@xursyx	O
@esterapremk	O
@_tadeja	O
sm	NORM
pisala	O
unim	NORM
z	O
aranžmaja	O
če	O
bodo	O
mel	NORM
tud	NORM
parter	O
pa	O
je	O
reku	NORM
da	O
lahko	O
nabaujo	NORM
sm	NORM
bo	O
cena	O
170	O

do	O
carrie	O
rabjo	NORM
še	O
enih	O
20	O
let	O
pol	NORM
.	O

aja	O
pa	O
naj	O
bo	O
tudi	O
udobna	O
.	O

brez	O
besed	O
sm	NORM

bi	O
pa	O
mel	NORM
najrajš	NORM
toyoto	O
-	O
kvaliteta	O
.	O

@ursacadez	O
so	O
.	O

al	NORM
kaj	O

—	O
bi	O
meu	NORM
kej	NORM
več	O
k	NORM
sam	NORM
prjaatlstvo	NORM
http://t.co/fesja4bmhs	O

lep	O
pozdrav	O
!	O

še	O
alejandra	O
gonzales	O
inarrituja	O
dodat	NORM
.	O

adijo	O
.	O

doma	O
.	O

:d	O

:p	O

ne	O
seri	NORM
html	O
deluje	O
tu	O
?	O

nš	NORM
butalske	NORM
dohtar	NORM
bi	O
predpisou	NORM
dvojnu	NORM
mercu	NORM
pr	NORM
našme	NORM
oštirji	NORM
.	O

;)	O

ne	O
vem	O
kolk	NORM
časa	O
bom	O
tle	NORM
.	O

so	O
drugod	O
po	O
sloveniji	O
pametnejši	O
ljudje	O
,	O
ki	O
ga	O
sigurno	O
ne	O
bi	O
vodili	O
.	O

ma	O
ja	O
...	O

tist	NORM
čs	NORM
,	O
ko	O
sm	NORM
rada	O
smučala	O
,	O
tist	NORM
nism	NORM
bla	NORM
jst	NORM
.	O

in	O
kot	O
posl.	O
bi	O
morali	O
spoštovati	O
odl.	O
sodišča	O
,	O
tud	NORM
če	O
se	O
ne	O
strinjate	O
z	O
njo	O

tist	NORM
,	O
k	NORM
ste	O
vsak	O
dan	O
kidal	NORM
sneg	O
...	O

@edvardkadic	O
uf	O
,	O
zdej	NORM
mi	O
ze	NORM
vec	NORM
stvari	O
jasnih	O
hehe	O
thnx	NORM
za	O
info	O
,	O
ceprav	NORM
bi	O
se	O
sel	NORM
najraje	O
zaklent	NORM
v	O
klet	O
za	O
tri	O
dni	O
zdej	NORM
:p	O

@nelly_fox	O
men	NORM
jih	O
je	O
blo	NORM
najhuš	NORM
dat	NORM
notr	NORM
prvič	O
,	O
sm	NORM
rabla	NORM
par	O
ur	O
.	O

aja	O
...	O
čak	NORM
...	O

#moški	O
odkokodakam	O
svoje	O
in	O
dobim	O
nazaj	O
:	O

ab	O
nas	O
žali	O
že	O
dolgo	O
pa	O
je	O
le	O
psevdo	NORM

hm	O
...	O
mislim	O
da	O
nas	O
je	O
premal	NORM
.	O

na	O
morju	O
jem	O
samo	O
zajtrk	O
...	O

👏👏	O

vse	O
kar	O
priča	O
o	O
mal	NORM
drugačni	O
zgodbi	O
od	O
60	NORM
pravljic	O
,	O
ki	O
smo	O
jih	O
nekateri	O
poslušali	O
v	O
bivši	O
državi	O
(	O
eni	O
jih	O
niso	O
mogli	O
,	O
jih	O
še	O
sploh	O
ni	O
blo	NORM
)	O
...	O
so	O
seveda	O
ponarejene	O
,	O
laži	O
itd.	O
..??..	O

to	O
pa	O
ni	O
tvitključje	O
,	O
ampak	O
retvitoključje	O
.	O

@vanfranco	O
men	NORM
j	NORM
mobi	O
padel	O
iz	O
postlje	NORM
na	O
tla	O
,	O
se	O
razstavil	O
.	O

prihajajo	O
statistični	O
odgovori	O
na	O
njeno	O
vprašanje	O
.	O

gledat	O
fuzbal	O

thank	O
god	O
za	O
troo	O
barja	O
,	O
k	NORM
še	NORM
ne	O
bi	O
dons	NORM
vsi	O
nemšk	NORM
šprehal	NORM
.	O

we	O
need	O
to	O
talk	O
more	O
:)	O

:-)	O

:(	O

"	O
a	O
ni	O
to	O
tito	O
?	O
"	O
bi	O
reku	NORM
taglavn	NORM
dohtar	O
pr	NORM
90tih	NORM
(	O
še	O
kr	NORM
v	O
službi	O
,	O
ker	O
ni	O
zakona	O
za	O
v	O
penzijo	O
spravt	NORM
metuzaleme	O
:)	O

cinik	O
..	O

@tayaofficial	O
priznam	O
je	O
bilo	O
mucno	NORM
uspavanje	O
danes	O
,	O
se	O
pozna	O
ce	NORM
je	O
clovek	NORM
bolan	O
in	O
je	O
cel	O
dan	O
zaprt	O
doma	O
,	O
tud	NORM
jst	NORM
bi	O
bla	NORM
zoprna	O
:)	O

rezultat	O

@nleskovar	O
settings	O
-&lt;	O
privacy	O
-&lt;	O
location	O
services	O
pa	O
je	O
vijolcna	NORM
puscica	NORM
pr	NORM
appih	O
k	NORM
so	O
uporabil	NORM
location	O
pred	O
kratkim	O

😂	O

že	O
vnaprej	O
se	O
vam	O
zahvaljujem	O
za	O
odgovor	O
.	O

voda	O
pa	O
svetloba	O
pa	O
co2	O
se	O
mi	O
zdi	O
hahahah	O
...	O

@antares_91	O
hehe	O
,	O
sej	NORM
tuki	NORM
se	O
kr	NORM
velik	NORM
mačkonov	O
naokol	NORM
sprehaja	O
,	O
ampak	O
noben	O
ni	O
čist	NORM
sam	NORM
moj	O
:)	O
.	O

če	O
ne	O
bo	O
kul	O
,	O
gre	O
dalje	O
,	O
ne	O
bom	O
je	O
mela	NORM
za	O
brezveze	NORM
v	O
flatu	O
.	O

😱	O

kdaj	O
pa	O
bo	O
podjetje	O

js	NORM
rabim	O
kostim	O
v	O
torek	O
za	O
razgovor	O
,	O
tko	NORM
da	O
bova	O
šli	O
pa	O
sam	NORM
na	O
kavico	O
..	O

jst	NORM
bi	O
tud	NORM
najdu	NORM
kovanec	O
vreden	O
veliko	O
denarja	O
.	O

al	NORM
je	O
bolj	O
problem	O
online	O
office	O
?	O

nkjer	NORM
nobenga	NORM
!	O

p*zda	O
ne	O
smem	O
kurcat	NORM
brandov	O
/	O
agencij	O
/	O
organizacij	O
,	O
ker	O
me	O
nikamor	O
ne	O
bodo	O
povabil	NORM
,	O
nč	NORM
ne	O
bom	O
zastonj	O
dobu	NORM
pa	O
tud	NORM
zaposlil	NORM
me	O
ne	O
bodo	O
nikjer	O
...	O

nekdo	O
:	O
a	O
vidis	NORM
kak	NORM
lepo	O
soncee	NORM
je	O
zunaj	O
(	O
iz	O
pisarne	O
)	O
.	O

tud	NORM
ona	O
je	O
mnenja	O
,	O
da	O
sem	O
obično	O
oblečen	O
!	O

@tamejhna	O
uf	O
,	O
superca	O
je	O
blo	NORM
.	O

k	NORM
se	O
mormo	NORM
tolk	NORM
slikat	NORM
?.	O

lepo	O
dolga	O
proga	O
1:15	O
,	O
kar	O
tini	O
odgovarja	O
!	O

#besna	O

nova	O
verzija	O
cestitke	NORM
ocitno	NORM
:)	O

#slochi	O
@teamslovenia	O
@sloskiszs	O
#tvitajmozanase	O

:(	O

rečmo	NORM
kot	O
zmaga	O
!	O

nočem	O
utopit	NORM
telefona	O
.	O

@2sto7	O
@teteccinober	O

:)	O

@da_stockman	O
@amarena555	O

lih	NORM
sva	O
srecala	NORM
3	O
m	O
starega	O
francoskega	O
buldoga	O
.	O

pa	O
glih	O
danes	O
bi	O
mi	O
radi	O
eno	O
tako	O
budilko	O
prnesli	NORM
domov	O
.	O

hahahaha	O

in	O
zakaj	O
se	O
nisi	O
ugriznila	O
v	O
jezik	O
....	O

2.	O
mislim	O
da	O
ni	O
bilo	O
nič	O

sm	NORM
si	O
dans	NORM
in	O
včeraj	O
vzela	O
čas	O
,	O
da	O
še	O
1x	O
preverim	O
in	O
ja	O
.	O

kriv	O
pa	O
pod	O
alpami	O
itk	NORM
ni	O
noben	O
ane	NORM
?	O

vprasam	NORM
@mojcart	O
ce	NORM
ma	NORM
kej	NORM
proti	O
da	O
pogledam	O
apple	O
event	O
vmes	O
ko	O
se	O
tinkara	O
kopa	O
,	O
pa	O
rece	NORM
:	O

:d	O

priporočam	O
.	O

:)	O

v	O
bistvu	O
ni	O
smešn	NORM
...	O

sm	NORM
mislu	NORM
,	O
da	O
je	O
bil	O
božiček	O
,	O
je	O
bil	O
pa	O
samo	O
urednik	O
na	O
@rtvslo	O
.	O

nehaj	O
težit	NORM
s	O
to	O
lustracijo	O
!	O

bemti	O
cvetni	O
prah	O
;p	O
!!	O

no	O
ja	O
,	O
vsaj	O
brad	O
je	O
biu	NORM
febjuls	O
sred	NORM
apokalipse	O
s	O
šalom	O
.	O

sm	NORM
jim	O
reku	NORM
,	O
da	O
ne	O
maram	O
sushija	O
.	O

a	O
veš	O
tist	O
"	O
a	O
person	O
is	O
typing	O
"	O
moment	O
,	O
ko	O
bi	O
šel	O
najraje	O
tja	O
mu	O
spulit	O
telefon	O
,	O
pa	O
napisal	O
tistih	O
par	O
besed	O
namesto	O
njega	O
?	O

@gromska_strela	O
@laraulavidrih	O

:::)))	O

uživaj	O
...	O

imam	O
članke	O
o	O
času	O
v	O
sci	O
revijah	O
in	O
mi	O
je	O
tvoje	O
stališče	O
malo	O
mar	O
......	O

glanckopf	O
namještaljka	O

ric	O
does	O
it	O
again	O
.	O

#stoletsamote	O
.	O

@purky2000	O
vem	O
vem	O
,	O
se	O
že	O
cel	O
teden	O
pripravljam	O
na	O
to	O
.	O

aveš	NORM
k	NORM
uno	NORM
k	NORM
loh	NORM
nastavš	NORM
da	O
se	O
voda	O
dviga	O
.	O

:)	O
@zakaj_pa_ne	O

pa	O
tud	NORM
bojack	O
horseman	O
je	O
povsem	O
gledljiv	O
.	O

zelooo	NORM
redko	NORM
to	O
prakticirajo	O
..	O

še	O
to	O
sn	NORM
hotu	NORM
povedat	NORM
......	O

pač	O
zionisti	O
mi	O
niso	O
ql	NORM
in	O
.	O

@iztokgartner	O
sem	O
mislu	NORM
,	O
da	O
sem	O
že	O
oring	NORM
pri	O
teb	NORM
presegel	O
črto	O
teženja	O
in	O
pač	O
,	O
da	O
ni	O
kul	O
kaj	O
pa	O
vem	O
.	O

čeprav	O
ne	O
sme	O
,	O
se	O
je	O
to	O
komu	O
že	O
naredilo	O
?	O

:)))	O

oziroma	O
,	O
nihce	NORM
se	NORM
od	O
njih	O
ni	O
tega	O
zahteval	O
.	O

že	O
zdavnaj	O
smo	O
pisali	O
,	O
da	O
bi	O
morali	O
spremeniti	O
volilni	O
sistem	O
,	O
no	O
zdaj	O
je	O
to	O
dejansko	O
nujno	O
.	O

@iamanej	O
@itstheepictejc	O
lol	O
,	O
jst	NORM
sm	NORM
prej	O
sam	NORM
ono	O
sliko	O
nje	O
na	O
malem	O
biciklu	O
vidu	NORM
,	O
zdej	NORM
je	O
pa	O
tudi	O
s	O
trebuščkom	O
:)	O
#cute	O

nina	O

(	O
glede	O
patrije	NORM
je	O
pa	O
tako	O
.	O

na	O
drugi	O
strani	O
?	O

:-p	O

sm	NORM
se	O
po	O
glav	NORM
tepel	O
"	O
zakaj	O
ne	O
morš	NORM
met	NORM
telefona	O
v	O
žoku	O
in	O
mal	NORM
bol	NORM
pazi	O
"	O
..	O

@majchxx	O
sm	NORM
delala	O
ja	O
,	O
zdej	NORM
sm	NORM
koncno	NORM
konc	NORM
...	O

tok	NORM
o	O
hvaležnosti	O
,	O
ja	O
.	O

zal	NORM
jih	O
je	O
politika	O
nastavila	O
...	O

bod	NORM
človk	NORM
in	O
stisn	NORM
rt	O

clovk	NORM
brez	O
hrbtenjace	NORM
pac	NORM
..	O

nekam	O
hitro	O
si	O
zaključil	O
seznam	O
:)))	O

nc	NORM
ni	O
bogi	NORM
.	O

takrat	O
pa	O
nastopi	O
kriza	O
morale	O
in	O
vrednosti	O
.	O

sej	NORM
je	O
vseeno	O
kje	O
...	O

to	O
jst	NORM
že	O
skoz	NORM
govorim	O
..	O

nihče	O
se	O
niti	O
približa	O
ne	O
.	O

zanima	O
me	O
,	O
kakšna	O
je	O
vaša	O
strategija	O
oz.	O
rdeča	O
nit	O
ljubljane	O
-	O
bolj	O
v	O
smislu	O
turističnega	O
mesta	O
ali	O
stičišča	O
gospodarstva	O
torej	O
podjetij	O
in	O
posledično	O
novih	O
delovnih	O
mest	O
?	O

jethros	O
,	O
ce	NORM
ga	O
oprostijo	O
mu	O
bos	NORM
ti	O
tudi	O
?	O

@chuppacadabra	O
vsega	O
je	O
na	O
vsetu	NORM
dovolj	O
...	O
samo	O
je	O
nepravično	O
porazdeljeno	O
...	O

to	O
je	O
uno	NORM
,	O
ko	O
imaš	O
nesplaniran	O
dober	O
večer	O
in	O
kaj	O
bi	O
še	O
lahko	O
blo	NORM
...	O

ja	O
..	O

v	O
mestu	O
sm	NORM
dubu	NORM
par	O
sočutnih	O
pogledov	O
.	O

lep	O
dan	O
želim	O
...	O

kateri	O
je	O
naslednji	O
?	O

se	NORM
enkrat	O
hvala	O
g.	O
stepcu	NORM
za	O
super	O
pogovor	O
o	O
veliki	O
vojni	O
.	O

živjo	NORM
,	O

@lollistickblog	O
hmmm	O
...	O
čudno	O
:)	O

@gajmirtic	O
okay	O
.	O

@urskaturk	O
jz	NORM
smm	NORM
kao	O
3	O
h	O
delala	O
za	O
faks	O
,	O
ampak	O
nism	NORM
uspela	O
nekih	O
predmetov	O
normalno	O
povecat	NORM
in	O
sm	NORM
obupala	O
,	O
sem	O
racunala	NORM
,	O
da	O
bom	O
vse	O
naredila	O

pripravljenega	O
????	O

namest	NORM
da	O
bi	O
lepo	O
stran	O
stopl	NORM
pa	O
prpelal	NORM
tekmo	O
do	O
konca	O
,	O
se	O
pustijo	O
sprovocirat	NORM
#rokomet	O
#fajt	O

lp	O

js	NORM
sm	NORM
hotla	NORM
samo	O
izkušnjo	O
delit	NORM
.	O

jaz	O
sem	O
star	O
10	O
let	O
pa	O
je	O
moj	O
penis	O
velik	O
11,5	O
cm	O
je	O
to	O
dost	NORM

@miranstajerc	O
hihi	O
ze	NORM
sam	NORM
tist	NORM
v	O
skretu	NORM
je	O
bla	NORM
prigoda	O
:	O
petke	O
,	O
velik	O
skret	NORM
,	O
odpirajoca	NORM
se	O
vrata	O
,	O
ne	O
ves	NORM
al	NORM
bi	O
vrata	O
drzal	NORM
@morskamania	O
@lenci53	O

sm	NORM
prvi	O
tam	O
.	O

dejansko	O
učinkovanje	O
je	O
dokazano	O
in	O
ne	O
gre	O
za	O
placebo	O
učinek	O
.	O

slovenija	O
na	O
twitterju	O
,	O
pomagajte	O
mi	O
podaljšati	O
tale	O
seznam	O
oz.	O
se	O
mu	O
pridružite	O
!	O

to	O
je	O
tud	NORM
res	O
zame	O
:p	O

na-a	O
,	O
not	O
my	O
kind	O
:p	O
:)	O

/	O
cc	O
@jernejch	O
http://t.co/x0a3fa2xij	O

če	O
pa	O
kdo	O
ve	O
,	O
kar	O
z	O
besedo	O
na	O
dan	O
.	O

"	O
bodi	O
no	O
razumna	O
!	O

zdej	NORM
ze	NORM
vem	O
,	O
da	O
ce	NORM
miruje	O
,	O
je	O
bolana	O
.	O

sosedov	O
tamau	NORM
zadnjo	O
uro	O
in	O
pol	O
skoz	NORM
joče	O
.	O

@peter_pec	O
tocno	NORM
to	O
!	O

ce	NORM
sm	NORM
prou	NORM
zracunala	NORM
ti	O
bo	O
zrastu	NORM
do	O
27.4.2013	O
se	NORM
za	O
3	O
centi	O

itak	O
je	O
bil	O
le	O
trick	O
question	O
.	O

hehe	O
gorazd	O
mi	O
smo	O
tako	O
obdarjeni	O
,	O
neverjetno	O
,	O
izpod	O
30	O
cm	O
ne	O
gre	O
..	O

imajo	O
pa	O
vsi	O
pravilo	O
spanja	O
pošrek	O
po	O
postelji	O
,	O
jst	NORM
pa	O
zutri	NORM
na	O
robu	O
+	O
vsa	O
trda	O
:)	O

imaš	O
prav	O
:)	O

@infinitedesire7	O
aja	O
.	O

paa	NORM
,	O
sej	NORM
je	O
še	O
mlad	O
,	O
to	O
so	O
vse	O
izkušnje	O
za	O
naprej	O
;)	O

lačen	O
?	O

napišem	O
opr.	O
@funhayek	O

potem	O
pa	O
vse	O
jaz	O
kriva	O
!!!	O

teslo	O
.	O

hmm	O
,	O
sam	NORM
na	O
enmu	NORM
--	O
kaj	O
prauš	NORM
--&lt;	O
@miranstajerc	O
?	O

:/	O

e	O
tada	O
se	O
pali	O
mašina	O
!	O

@mojcica83	O
@had	O
@majagloria	O
@anusmundi	O
narobe	O
!	O

@aljosakocen	O
kolk	NORM
k*rčev	O
uptime	O
?	O

pol	NORM
se	O
pa	O
vam	O
lahk	NORM
zgodi	O
še	O
bavčaritate	O
ali	O
popović	O
.	O

@kricac	O
če	O
maš	NORM
tolk	NORM
da	O
se	O
t	NORM
ne	O
ljubi	O
na	O
zzzs	O
po	O
"	O
malenkost	O
"	O
za	O
očala	O
potem	O
te	O
tudi	O
to	O
ne	O
bo	O
pokopalo	O
..	O

preberite	O
najprej	O
knjigo	O
zmote	O
in	O
slepila	O
okultizma	O
.	O

@lilayrose	O
pa	O
zna	O
?	O

lorelai	O
...	O

@aleshojs	O
to	O
pa	O
ni	O
cisto	NORM
res	O
ne	O
?	O

@mojcamars	O
no	O
,	O
js	NORM
sm	NORM
mela	NORM
v	O
slovenščini	O
in	O
sem	O
še	O
to	O
skor	NORM
pozabla	NORM
govort	NORM
.	O

@telekomslo	O
dejte	NORM
to	O
malo	O
preverit	NORM
še	O
enkrat	O
:)	O

smo	O
v	O
italiji	O
?	O

koze	O
!	O

#naenkrat	O
kakor	O
kaže	O
,	O
se	O
je	O
oblix	NORM
pravkar	O
pošteno	O
#razplinil	O
po	O
dobrem	O
#odojku	O
#fakme	O
idefixu	O
je	O
kr	NORM
gotfleglne	O
nazaj	O
obrnal	NORM
;d	O

@libertarec	O
sramota	O
da	O
rkc	O
omenja	O
v	O
vojski	O
!!!!!	O

dobr	NORM
,	O
sam	NORM
jst	NORM
grem	O
na	O
teraso	O
.	O

lep	O
pozdrav	O

rt	O
@dfb_team	O
und	O
jetzt	O
ist	O
schreibstunde	O
.	O

@itstheepicme	O
če	O
bi	O
bla	NORM
bi	O
razumela	O
oz.	O
bi	O
se	O
trudla	NORM
razumet	NORM
.	O

gasilske	O
veselice	O
trgovine	O
z	O
ženskim	O
perilom	O
-	O
se	O
postaviš	O
v	O
kabino	O
in	O
se	O
delaš	O
obešalnik	O

:)	O
@ulavovk	O

in	O
vse	O
lepo	O
anžetu	O
♥	O
:*	O

si	O
ti	O
prava	O
oseba	O
,	O
da	O
bo	O
komu	O
kaj	O
tazga	NORM
očital	O
..	O

problem	O
je	O
,	O
da	O
ima	O
ta	O
specifični	O
norc	NORM
tak	O
vpliv	O
in	O
moč	O
nad	O
prb.	O
10	O
%	O
slovencev	O
.	O

hudo	O
dvomim	O
.	O

#sneg	O

tazga	NORM
še	O
nisem	O
videl	O
:)	O

bogve	O
kolko	NORM
let	O
se	O
bojo	O
vlekle	O
iz	O
fotrove	O
psihoze	O
.	O

pa	O
zakaj	O
vegeterjanci	NORM
jejo	O
ribe	O
?	O

@petermohorcic	O
eh	O
,	O
namesto	O
poslavljanja	O
od	O
šefa	O
sem	O
se	O
uspela	O
povabit	NORM
na	O
obisk	O
.	O

če	O
bo	O
plo	NORM
tko	NORM
naprej	O
..	O
se	O
bo	O
čez	O
kakih	O
10	O
let	O
govorilo	O
in	O
bralo	O
v	O
knjigah	O
...	O
da	O
so	O
komunisti	O
zaslužni	O
za	O
osamosvojitev	O
in	O
da	O
je	O
bil	O
jj	O
proti	O
.	O

@had	O
,	O
pomagali	O
ti	O
bomo	O
,	O
radi	O
te	O
mamo	NORM
.	O

eh	O
saj	O
sta	O
bila	O
tut	NORM
106ka	NORM
in	O
saxo	O
čisto	O
ista	O
.	O

uboga	O
messi	O
&amp;	O
@cristiano	O
na	O
ol'traffordu	O
,	O
bo	O
kdo	O
gledu	NORM
njiju	O
?	O

res	O
.	O

mater	O
sem	O
jaz	O
ena	O
baba	O
zagamana	O
...	O

@effev	O
ah	O
sm	NORM
lih	NORM
vidu	NORM
da	O
tut	NORM
to	O
ne	O
bo	O
šlo	O
....	O

sam	NORM
ne	O
velja	O
,	O
da	O
jih	O
kr	NORM
v	O
knjiznico	NORM
posljes	NORM
.	O

but	O
...	O
what	O
is	O
your	O
excuse	O
?	O

in	O
kakšne	O
so	O
vaše	O
izkušnje	O
s	O
tem	O
operaterjem	O
?	O

a	O
vseeno	O
moram	O
kmalu	O
ven	O
v	O
lj	NORM
meglo	O
in	O
gost	O
promet	O
.	O

🙈🙈🙈	O

brez	O
tega	O
ne	O
bo	O
šlo	O
.	O

p.s.	NORM
jst	NORM
bi	O
raj	NORM
unga	NORM
ta	O
temnega	O
.	O

rada	O
imam	O
sojo	O
,	O
pri	O
dildih	O
pa	O
potegnem	O
črto	O
,	O
he	O
,	O
he	O

se	O
spomnm	NORM
v	O
8.	O
razredu	O
,	O
k	NORM
smo	O
dobl	NORM
na	O
solo	NORM
vprasalnike	NORM
...	O

pa	O
tako	O
sem	O
se	O
namatral	O
,	O
da	O
sem	O
našel	O
eno	O
spodobno	O
slikco	NORM
.	O

in	O
še	O
bla	O
,	O
bla	O
.	O

;)	O
@symru	O

hmmm	O
..	O
le	O
kako	O
..	O

še	O
dobr	NORM
da	O
si	O
to	O
reku	NORM
"	O
na	O
notr	NORM
"	O
ni	NORM
ne	O
v	O
ekran	O
:)	O

dajte	O
se	O
vsaj	O
pri	O
naslovu	O
potrudit	NORM

like	O
slut	O
day	O
za	O
@hrupmag	O

primerjava	O
obeh	O
slik	O
....	O

@urosgruber	O
pri	O
meni	O
naloži	O
css	O
..	O
kar	O
pa	O
ne	O
pomeni	O
,	O
da	O
stran	O
zgleda	O
lepo	O
:)	O

zato	O
folk	O
jemle	NORM
kredite	O
,	O
da	O
odplaca	NORM
kreditno	O
in	O
kredite	O
,	O
da	O
odplacajo	NORM
kredite	O
...	O

@anazagozen	O
@rodnagruda84	O
leta	O
1974	O
so	O
me	O
v	O
slo	NORM
istri	O
vprašali	O
:	O

verjetn	NORM
si	O
prej	O
misla	NORM
room	O
temperature	O
iq	O
:-)	O

zdj	NORM
smo	O
nek	NORM
na	O
50ish	NORM
%	O
.	O

aja	O
.	O

ti+sarji	O
..	O

@russhie	O
js	NORM
mam	NORM
v	O
ozadju	O
,	O
ne	O
načrtujem	O
več	O
gledanja	O
novic	O
.	O

@tomtomanic	O
@polonaberta	O
@zooorc	O
ceprav	NORM
ene	O
dvakrat	O
na	O
let	NORM
pa	O
tud	NORM
pase	NORM
nekje	O
na	O
2000	O
metrih	O
v	O
cisti	NORM
sajbi	NORM
nardit	NORM
zavoj	O
al	NORM
pa	O
dva	O

ps	O
2	O
pa	O
ne	O
,	O
nisem	O
videla	O
.	O

hot	O
vs	O
pope	O
let	O
the	O
games	O
begin	O
.	O

bolj	O
prijaznega	O
bitja	O
se	NORM
nisem	O
srecal	NORM
:)	O

hehe	O
...	O

janko	O
kersnik	O

direkt	O
povedano	O
take	O
verjetno	O
samo	O
rabijo	O
da	O
fasejo	NORM
u	NORM
guzo	O
...	O

@itstheepicme	O
mislim	O
za	O
fb	O
.	O

.	O
@regionalobala	O
evo	O
ena	O
slikca	NORM
za	O
vas	O
..	O

@andrejkaroli	O
@praprotnik	O
@toplovodar	O
sej	NORM
bi	O
še	O
pogrel	O
pr	NORM
vas	O
ker	O
delujete	O
toplo	O
.	O

ne	O
opazim	O
nobene	O
razlike	O
,	O
mam	NORM
občutek	O
da	O
me	O
glih	O
tako	O
stiska	O
v	O
prsih	O
kot	O
takrat	O
ko	O
sem	O
kadila	O
pa	O
ne	O
vem	O
al	NORM
od	O
muk	O
ali	O
je	O
kej	NORM
narobe	O

tv	O
tok	NORM
ne	O
košta	O
,	O
ne	O
da	O
gledam	O
tolk	NORM
televizije	O
,	O
ampak	O
100	O
kanalov	O
+	O
proti	O
enmu	NORM
cajtngu	O
.	O

se	O
mi	O
ze	NORM
kolca	O
po	O
fuzbal	O
tvitih	O
.	O

prej	O
je	O
bil	O
pa	O
kešn	NORM
glaž	O
...	O

@2sto7	O
@lenci53	O
@cashkee	O
haha	O
ja	O
res	O
..	O

@novax81	O
@jernejverbic	O
@t_celestina	O
ne	O
,	O
ti	O
ostan	NORM
.	O

kobilc	O
na	O
literaeni	NORM
pa	O
le	O
pejd	NORM
!	O

#timeout	O
plese	NORM
.	O

in	O
kaj	O
točno	O
naj	O
naredim	O
?	O

a	O
ves	NORM
,	O
ko	O
sam	O
seb	NORM
pravs	NORM
,	O
da	O
gres	NORM
na	O
kavc	NORM
sam	NORM
za	O
5	O
minut	O
,	O
pa	O
se	O
ze	NORM
4ic	NORM
zbudis	NORM
,	O
pa	O
reces	NORM
,	O
da	O
je	O
zadnjic	NORM
,	O
pa	O
ni	O
.	O

marca	O
al	NORM
pa	O
kr	NORM
konc	NORM
februarja	O
je	O
pa	O
lahk	NORM
že	O
pomlad	O
:-)	O

če	O
pa	O
pogledam	O
mičkn	NORM
drgač	NORM
,	O
bo	O
pa	O
marec	O
tud	NORM
kmal	NORM
tle	NORM
.	O

dons	NORM
je	O
#spn	O
nazaj	O
pa	O
par	O
zadnjih	O
delov	O
njenih	O
serij	O
je	O
zamudila	O
k	NORM
sta	O
se	O
zj	NORM
2	O
dni	O
‘	O
poslavljala	O
’	O
pa	O
net	O
pr	NORM
mt	NORM
sux	NORM
😄	O

je	O
tako	O
@polonac	O
?	O

=)	O
@luka_vee	O
@petrasovdat	O

@suklje	O
ma	O
ni	O
me	O
filmček	O
prepričal	O
...	O

postaneš	O
kar	O
malo	O
bolan	O
,	O
če	O
si	O
lah	NORM
naklukaš	NORM
kaj	O
vse	O
bi	O
lah	NORM
blo	NORM
narobe	O
s	O
tabo	O
.	O

@andrazlogar	O
@juremikuz	O
to	O
pomoje	NORM
sploh	O
ni	O
bil	O
direkt	O
triglav	O
ampak	O
nek	O
call	O
center	O
ki	O
se	O
tako	O
predstavi	O
ampak	O
v	O
resnici	O
je	O
to	O
podobno	O
spamu	O

lahko	O
pa	O
tipček	O
ni	O
rad	O
varuška	O
?!	O

lani	O
ste	O
zadel	NORM
z	O
#aloisnebel	O
&amp;	O
arrugas	O
.	O

http://t.co/qydbp9nlnx	O
"	O

47	O
%	O
casa	NORM
smo	O
izgubljeni	O
v	O
svojih	O
mislih	O
.	O

bravo	O
!	O

kam	O
smo	O
mi	O
padl	NORM
.	O

osebno	O
se	O
mi	O
ne	O
zdi	O
pametno	O
sprejemati	O
določil	O
,	O
ki	O
jim	O
nasprotuje	O
velika	O
večina	O
ljudi	O
.	O

če	O
že	O
,	O
gledat	NORM
3d	O
.	O

valda	NORM
,	O
če	O
ne	O
drma	O
sobne	O
naprave	O
,	O
bo	O
pa	O
sesal	O
nad	O
glavo	O
takrat	O
,	O
ko	O
se	O
po	O
celem	O
dnevu	O
dam	O
v	O
miru	O
.	O

rad	O
bi	O
slišal	O
tvoj	O
komentar	O
glede	O
einsteinovega	O
stališča	O
...	O

@nenadsenic	O
seveda	O
je	O
razlika	O
-	O
slo	NORM
zarnkrat	NORM
pokriva	O
večinoma	O
slo	NORM
teme	O
,	O
.com	O
pa	O
hr	NORM
/	O
srb	NORM
oz.	O
regionalne	O
+	O
international	O
news	O
.	O

ženska	O
logika	O
:	O
če	O
ne	O
boš	O
kliknau	NORM
se	O
pač	O
ne	O
boma	NORM
menla	NORM
!	O

in	O
zjutrej	NORM
v	O
hotelu	O
ni	O
blo	NORM
štroma	O
:s	O

je	O
dost	NORM
da	O
je	O
topla	O
,	O
za	O
čez	O
šmorn	NORM
glih	O
kul	O
.	O

:)))))))	O

pol	NORM
se	O
pa	O
že	O
skor	NORM
strinjam	O
z	O
njim	O
,	O
pa	O
ga	O
spet	O
odpelje	O
.	O

ana	O
,	O

mislim	O
da	O
bom	O
kr	NORM
v	O
zadnjem	O
roku	O
oddala	O
..	O

@mitjaoter	O
jst	NORM
sem	O
vcer	NORM
sla	NORM
s	O
tabo	O
na	O
#bikeride	O
.	O

men	NORM
je	O
letos	O
ratal	NORM
dvakrat	O
da	O
sm	NORM
kihnu	NORM
ene	O
5x	O
,	O
6x	O
zaporedoma	O
.	O

razen	O
če	O
spi	O
pa	O
gre	O
ven	O

so	O
me	O
dali	O
na	O
ležalnik	O
na	O
gradbišču	O
in	O
je	O
blo	NORM
kul	O
:-)	O

@vinkovasle1	O
@libertarec	O
pripravte	NORM
se	O
.	O

koliko	O
smo	O
že	O
dolžni	O
??	O

srpan	O
,	O
je	O
to	O
zate	O
prepovedana	O
literatura	O
?	O

:)))	O
@e_nk_a	O

@katarinajenko	O
awwww	O
.	O

@mitjablazic	O
@kricac	O
pa	O
samo	O
za	O
pol	O
tona	O
je	O
bla	NORM
matrica	O
nižja	O
,	O
pa	O
se	O
ful	O
pozna	O
...	O

ni	O
napak	O
.	O

biser	O
.	O

na	O
7	O
so	O
to	O
očitno	O
ukinli	NORM
.	O

recimo	O
delaš	O
6	O
let	O
,	O
pa	O
napišeš	O
,	O
da	O
jih	O
6	O
let	O
delaš	O
.	O

pahorju	O
je	O
pa	O
janša	O
že	O
povsem	O
presadil	O
svoje	O
možgane	O
.	O

we	O
ain't	O
seen	O
nothing	O
yet	O
.	O

se	NORM
prevoz	O
do	O
dol	O
sm	NORM
dobila	O
..	O

@pengovsky	O
se	O
mi	O
zdi	O
,	O
da	O
je	O
to	O
to	O
.	O

matjazko	NORM
se	O
strinjam	O

omb	O
,	O
@luka_vee	O
,	O
ikskjuz	O
maj	O
frenč	O
,	O
ampak	O
@dinobauk	O
se	O
je	O
pa	O
nehal	O
hecat	NORM
.	O

@g_49er	O
ma	O
jaz	O
uporabljam	O
ta	O
sesuli	O
,	O
če	O
je	O
že	O
+1	O
za	O
nas	O
.	O

pride	O
stranka	O
če	O
bi	O
mu	O
lahko	O
na	O
sverc	NORM
neki	NORM
naredu	NORM
na	O
njegovi	O
napravi	O
.	O

no	O
maks	O
....	O
tole	O
je	O
mogoče	O
še	O
aktualno	O
:	O
wildwind	O
~~~~~~~~~~~~~~~~~~~~~~~~~~~~~~~~~~~~~~~~	O

sam	NORM
veš	O
kolk	NORM
delovne	O
vneme	O
pa	O
zagona	O
je	O
še	O
to	O
!	O

dons	NORM
praznujemo	O
reformacijo	O
.	O

@erikaplaninsec	O
@cikibucka	O
@msalberger	O
@martinvalic	O
@zvone_b	O
pokazalalala	NORM
jo	O
boš	O
?	O

@ursulamavricna	O
he	O
,	O
he	O
...	O

pa	O
sam	NORM
da	O
bodo	O
raznoliko	O
igral	NORM
pa	O
bom	O
zadovoljna	O
.	O

kaj	O
je	O
pirošenku	O
?	O

kmalu	O
boš	O
med	O
najljubšimi	O
sva	NORM
?	O

v	O
nebesih	O
je	O
boljše	O
okolje	O
,	O
v	O
peklu	O
pa	O
boljša	O
družba	O
...	O

;)	O
l.	O
p.	O

aja	O
,	O
btw	O
,	O
baterija	O
za	O
laptop	O
je	O
ze	NORM
prisla	NORM
!	O

moram	O
poguglat	NORM
:)	O
@neurovirtu	O

pozdravljeni	O
v	O
jutranjem	O
šimpanzovanju	O
na	O
planetu	O
človekija	O
.-)	O

za	O
koliko	O
starega	O
me	O
pa	O
imate	O
?	O

@tjablonsky	O
...	O
strinjam	O
popolnoma	O
...	O

kaj	O
delajo	O
tej	O
kitari	O
..	O

da	O
so	O
sprejeli	O
vse	O
svoje	O
pogoje	O
v	O
pogajanjih	O
:)	O

da	O
ma	NORM
tvoj	O
levi	O
bek	O
pr	NORM
21	O
letih	O
tako	O
tehniko	O
je	O
kr	NORM
zavidanja	O
vredno	O
:))	O

robben	O
miri	O
fante	O
.	O

so	O
si	O
lovci	O
na	O
puffine	O
postavl	NORM
kočo	O
za	O
med	O
lovsko	O
sezono	O
.	O

da	O
se	O
malce	O
pomirim	O
..	O

če	O
rabi	O
kdo	O
kak	O
vozel	O
,	O
naj	O
ga	O
kar	O
pride	O
iskat	O
,	O
jst	NORM
jih	O
mam	NORM
dost	NORM
.	O

kakšn	NORM
komentator	O
s	O
fdv	O
tud	NORM
.	O

ne	O
vem	O
,	O
kam	O
je	O
izginila	O
ta	O
lepa	O
navada	O
.	O

:d	O

js	NORM
bi	O
tud	NORM
mel	NORM
taka	O
dva	O
števčka	O

+	O
mogl	NORM
bi	O
se	O
nekot	NORM
zment	NORM
za	O
muzko	NORM
k	NORM
bi	O
vsem	O
bla	NORM
kul	O
:d	O

@merineseri	O
@praprotnix	O
@huferka	O
jao	O
,	O
so	O
jo	O
dobr	NORM
skril	NORM
,	O
jaz	O
se	O
pa	O
v	O
i	O
vozm	NORM
,	O
mam	NORM
pa	O
pred	O
nosom	O
.	O

ko	O
mu	O
je	O
par	O
profesorjev	O
pustilo	O
met	NORM
višjo	O
oceno	O
,	O
da	O
je	O
lahko	O
bil	O
pravdober	NORM
.	O

čeprav	O
sem	O
vas	O
že	O
mel	NORM
dodane	O
.	O

zakaj	O
se	O
boriš	O
proti	O
ljudem	O
,	O
boriti	O
se	O
moramo	O
proti	O
dejanjem	O
in	O
idejam	O
!	O

:)	O
#samestory	O

a	O
je	O
gdo	NORM
za	O
hot	O
pogovor	O
nej	NORM
napise	NORM
gmail	O

:|	O

preveč	O
slab	O
dan	O
danes	O
!!!	O

@lojzepeterle	O
a	O
nevidte	NORM
komentatorji	O
,	O
da	O
vas	O
ima	O
za	O
norcalojzek	NORM
.	O

ogromno	O
križajočih	O
se	O
linij	O
,	O
ta	O
avto	O
meni	O
ni	O
in	O
ni	O
.	O

vseeno	O
...	O

mi	O
lahko	O
kdo	O
pomaga	O
rabim	O
rimo	O
na	O
besedo	O
bo	O

sm	NORM
že	O
bil	O
,	O
nč	NORM
tazga	NORM
,	O
sam	NORM
mal	NORM
morš	NORM
pazit	NORM
,	O
da	O
te	O
ne	O
zamaje	O
al	NORM
pa	O
da	O
ne	O
topiš	O
kj	NORM
narobe	O
,	O
kj	NORM
se	O
lahk	NORM
odkruš	NORM
,	O
....	O

preko	O
vode	O
do	O
svobode	O
..	O

@a_n_c_i	O
sej	NORM
se	O
tud	NORM
pr	NORM
nas	O
dobijo	O
kakšne	O
podobne	O
npr	NORM
v	O
big	O
bangu	O
..	O

@teyaena	O
@istrskapanda	O
jojj	O
to	O
pa	O
res	O
!!	O

40.000	O
evrov	O
je	O
vrgel	O
v	O
koš	O
in	O
ti	O
sklepaš	O
,	O
da	O
nima	O
denarja	O
?	O

drugače	O
pa	O
:	O
češnje	O
+	O
vodka	O
:p	O

iz	O
varne	O
razdaje	NORM
vpije	O
in	O
moli	O
opoštenosti	NORM
,	O
sam	O
kje	NORM
tko	NORM
pošten	O
pa	O
je	O
rajš	NORM
zun	NORM

@mcvelbar	O
bil	O
nekaj	O
casa	NORM
po	O
bb	O
na	O
samsungu	O
:s	O

naj	O
dobijo	O
možnost	O
še	O
ljudje	O
,	O
ki	O
malo	O
drugače	O
razmišljajo	O
od	O
prejšnih	NORM
....	O

g.	O
jobs	O
,	O
o	O
mrtvih	O
vse	O
dobro	O
,	O
ampak	O
...	O
zdele	NORM
vas	O
ne	O
maram	O
.	O

tj	O
ga	O
dostkrat	NORM
serje	O
.	O

mike	O
,	O
nehi	NORM
bit	NORM
hot	O
.	O

kakšna	O
zastava	O
visi	O
pri	O
japodih	O
??	O

js	NORM
sm	NORM
pa	O
čefur	O
.	O

če	O
vam	O
bo	O
potem	O
še	O
ostalo	O
kakšno	O
vprašanje	O
,	O
ga	O
le	O
napišite	O
!	O

zdej	NORM
2	O
dni	O
bil	O
doma	O
,	O
ker	O
je	O
zbolel	O
.	O

:d	O

all	O
good	O
:d	O

ne	O
vem	O
od	O
kok	NORM
jim	O
je	O
uspel	NORM
...	O

sm	NORM
se	O
pol	NORM
spravil	O
tistu	NORM
brat	NORM
pa	O
sm	NORM
ugotovu	NORM
nekaj	O
stvari	O
.	O

nimam	O
je	O
(	O
še	O
)	O
ker	O
je	O
stara	O
skos	NORM
ql	NORM
delala	O
in	O
morm	NORM
globoko	O
sešt	NORM
v	O
denarnico	O
:)	O

saj	O
nisem	O
mislila	O
,	O
da	O
ti	O
ne	O
bi	O
vidla	NORM
,	O
glede	O
izraza	O
,	O
da	O
ni	O
nic	NORM
tricky	O
@firbec	O

mah	O
m	O
vseeno	O
zakaj	O
so	O
bli	NORM
žledovi	O
pa	O
že	O
pred	O
100	O
leti	O

sledi	O
oglasnik	O
tip	O
1	O

@laraulavidrih	O
ti	O
me	O
zmer	NORM
nek	NORM
vidiš	O
,	O
pa	O
nikol	NORM
ne	O
rečeš	O
živjo	NORM
:)	O

nism	NORM
je	O
jst	NORM
postavla	NORM
,	O
ampak	O
mi	O
je	O
lepo	O
,	O
da	O
jo	O
nekdo	O
je	O
.	O

@sraqa	O
sorry	O
:)	O

(	O
tv	O
,	O
internet	O
)	O
.	O

"	O
zakaj	O
te	O
nč	NORM
ni	O
na	O
fb	O
"	O
in	O
podbno	NORM
.	O

haha	O
ok	O
sam	NORM
da	O
nisva	O
mi2	NORM
bla	NORM
kriva	O
:d	O

ejj	O
kaj	O
potrebujemo	O
za	O
fotosintezo	O
?	O

@andrej_vilar	O
mela	NORM
sem	O
cca	NORM
5	O
kg	O
robe	O
...	O

a	O
je	O
že	O
dohtarski	NORM
štrajk	O
?	O

many	O
kill	O
.	O

fotke	O
so	O
iz	O
tega	O
oglasa	O
:	O
http://t.co/yob3es3cik	O
;)	O
#bolha	O
#nepremicnine	O
http://t.co/die0gehvuo	O

tvoji	O
nečakinji	O
bi	O
se	O
takoj	O
pridružila	O
!	O

pa	O
tud	NORM
ponavadi	O
se	O
tekmuje	O
v	O
predelanosti	O
avtomobila	O
.	O

@matevznovak	O
jo	O
že	O
zdaj	O
opozarjam	O
na	O
tega	O
ića	O
.	O

http://t.co/zgtu3iyzrl	O

@e_vilinka	O
sej	NORM
delam	O
na	O
tem	O
oz	NORM
če	O
sem	O
iskren	O
@ketfrigg	O
je	O
delala	O
na	O
tem	O
.	O

sm	NORM
kr	NORM
vprašal	O
šefa	O
,	O
če	O
prej	O
ves	O
pir	O
v	O
hladilniku	O
spijem	O
oz.	O
če	O
lahk	NORM
vzamem	O
dopust	O
.	O

@matevznovak	O
pa	O
2	O
mlade	O
hčerke	O
ma	NORM
,	O
1	O
tak	O
norc	NORM
?	O

@svet_kanala	O
#malikorakizavelikcilj	O
blo	NORM
fajn	O
!	O

@dezh0	O
šifrer	O
,	O
car	O
;)	O

beli	O
obicni	NORM
grdi	O
:)	O

vce	NORM
pa	O
bi	O
se	O
pritozil	NORM
poveljniku	O
pa	O
se	O
bi	O
nic	NORM
naredilo	O
....	O

@sebastjanerlah	O
@markosket	O
ja	O
pa	O
ja	O
de	NORM
.	O

supr	NORM
sva	O
že	O
dva	O
sam	NORM
če	O
bo	O
kdo	O
znau	NORM
odgovort	NORM

kupmo	NORM
eno	O
ali	O
dve	O
..	O

štar	NORM
sm	NORM
13	O
pa	O
mam	NORM
14.5	NORM
velkga	NORM
a	O
tu	NORM
je	O
ured	NORM
ps	NORM
:	O
se	O
mau	NORM
hitrejš	NORM
razvijam	O
k	NORM
vrstniki	O

gledu	NORM
gravity	O
.	O

:)	O

fdv	O
ni	O
spodoben	O
faks	O
.	O

se	O
vid	NORM
kaj	O
rašica	O
dela	O
,	O
čist	NORM
jo	O
zasenči	O
:p	O

čutim	O
sm	NORM
en	O
tak	O
občutek	O
sperme	O
pa	O
ni	O
...	O

he	O
had	O
it	O
coming	O
,	O
vse	O
se	O
vraca	NORM
,	O
vse	O
se	O
placa	NORM
...	O

@had	O
@mackasi	O
@vanfranco	O
kurc	NORM
pa	O
glih	O
sm	NORM
se	O
hvalu	NORM
:-)	O

@n_e_j_k_o	O
to	O
zadnje	O
sm	NORM
jaz	O
mela	NORM
v	O
glavi	O
.	O

vsi	O
domačini	O
pa	O
jst	NORM
tkole	NORM
,	O
ostali	O
neke	O
salomonke	O
pa	O
...	O

to	O
je	O
izključno	O
tvoja	O
krivda	O
..	O

kitijo	O
se	O
z	O
rdečimi	O
zvezdami	O
,	O
romajo	O
v	O
dražgoše	O
in	O
krulijo	O
bandiero	O
rosso	O
v	O
stožicah	O
,	O
njihova	O
politika	O
pa	O
je	O
desničarsko	O
kapitalistična	O
.	O

aja	O
hvala	O
za	O
sveče	O
,	O
grem	O
dans	NORM
na	O
britof	O
zastojn	NORM

:)	O

js	NORM
priznam	O
,	O
da	O
nimam	O
jajc	O
za	O
kej	NORM
tazga	NORM
.	O

a	O
pol	NORM
si	O
su	NORM
naprej	O
kej	NORM
v	O
povezavi	O
s	O
tem	O
?	O

ne	O
...	O
sej	NORM
veš	O
,	O
da	O
te	O
sam	NORM
hecam	O
...	O

uf	O
zdej	NORM
pa	O
slalom	O
,	O
mal	NORM
sm	NORM
že	O
živčna	O
!	O

nekaj	O
mi	O
fon	O
steka	NORM
in	O
mi	O
pol	O
stvari	O
ne	O
dostavlja	O
..	O

škoda	O
se	O
živcerat	NORM
zarad	NORM
te	O
mature	O
res	O
.	O

ja	O
kr	NORM
v	O
zapor	O
...	O
kr	NORM
tku	NORM
narod	O
rece	NORM
...	O

:)	O

smart	O
killers	O
.	O

še	O
dobr	NORM
,	O
da	O
od	O
mon-ovk	O
drek	O
diši	O
.	O

@gbwallac3	O
saj	O
to	O
je	O
ta	O
radijus	NORM
..	O

hehe	O
..	O

senyor	NORM
srčnega	O
utripa	O
,	O
plastik	O
fantastik	O
ohišje	O
,	O
touchwiz	O
in	O
tako	O
naprej	O
.	O

jaz	O
to	O
nemorem	NORM
verjeti	O
kako	O
je	O
clovek	NORM
ponosen	O
,	O
da	O
je	O
invalid	O
.	O

ne	O
bo	O
nič	O
:	O
puno	O
guzica	O
,	O
malo	O
stolica	O
.	O

mi	O
je	O
prsipnl	NORM
zivc	NORM
.	O

tko	NORM
kr	NORM
pr	NORM
harry	O
potterju	O
z	O
onim	O
čarovnikom	O
..	O

večina	O
folka	O
je	O
fejk	O
.	O

sj	NORM
sm	NORM
mal	NORM
še	O
z	O
vami	O
..	O

srečno	O
tina	O
!	O

še	O
dober	NORM
da	O
ne	O
bojo	O
objavli	NORM
96	O
zgodb	O
,,,,,	O
to	O
bi	O
se	O
vleklo	O
.....)))	O

poznaš	O
@martinove	O
ide	O
?	O

povezava	O

:::)))))	O

@ninnchy	O
za	O
energy	O
boost	O
mas	NORM
ful	O
pripomočkov	O
;p	O

lp	O
,	O
bgv	O

cerberus	O
-	O

sicer	O
pa	O
ja	O
še	O
dobro	O
da	O
je	O
tw	O
:)	O

sam	NORM
rec	NORM
,	O
da	O
bi	O
vseen	NORM
gledla	NORM
stran	O
:)	O

@matjazg	O
@lucijausaj	O
@turinek	O

the	O
luckiest	O
day	O
everrrr	NORM
!!!	O

pozdravljena	O
,	O
niste	O
napisala	O
kje	O
so	O
brazgotine	O
.	O

kako	O
si	O
lahko	O
koristo	NORM
kasko	O
za	O
clean	O
look	O
!	O

@mllevu	O
ma	O
zanč	NORM
enkrat	O
sm	NORM
na	O
instagramu	O
bluzila	O
sam	NORM
sm	NORM
pozabla	NORM
pol	NORM
tvitat	NORM
,	O
groza	O
kam	O
zaideš	O
če	O
greš	O
pogledat	O
komu	O
določeni	O
ljudje	O
followajo	O

wtf	O
?	O

mislm	NORM
,	O
a	O
je	O
clovk	NORM
kej	NORM
bolan	O
in	O
me	O
mora	O
bit	NORM
sram	O
,	O
da	O
se	O
zezam	O
iz	O
njega	O
?	O

mi	O
je	O
bad	O
,	O
ampak	O
jebiga	O
.	O

predlagam	O
kremo	O
cosmerba	O
(	O
rjava	O
)	O
in	O
tretma	O
z	O
laserjem	O
,	O
za	O
to	O
je	O
pomembna	O
lokacija	O
brazgotine	O
.	O

@cikibucka	O
ne	O
podpišem	O
pa	O
če	O
plačaš	O
.....	O

drugače	O
pres	O
..	O

@zlatasredina	O
@indijanec	O
@roma9na	O
@vinkovasle1	O
@pika_so	O
@igorzavrsnik	O
@finance_si	O
saj	O
ni	O
panike	O
,	O
vsegliharčki	O
boste	O
pač	O
ostali	O
vsegliharčki	O
.	O

@freeeky	O
optimiziran	O
je	O
tako	O
,	O
da	O
čimmanj	NORM
porabi	O
brezveze	O
.	O

@madsquidd	O
@jurepasekure	O

šibne	O
mim	NORM
kot	O
drama	O
.	O

@jernejch	O
vid	O
se	O
mi	O
je	O
minimalno	O
zbolšu	NORM
(	O
mam	NORM
očala	O
)	O
,	O
ampak	O
vidm	NORM
sence	O
okol	NORM
...	O

temule	NORM
hamerju	O
sm	NORM
jst	NORM
polet	NORM
parkirnino	O
računu	NORM
,	O
sam	NORM
mi	O
ni	O
hotu	NORM
za	O
dva	O
plačat	NORM
k	NORM
je	O
čez	O
dva	O
parkiru	NORM

pomoje	NORM
ti	O
ne	O
bi	O
smelo	O
nič	O
praskat	NORM
,	O
če	O
maš	NORM
zdej	NORM
še	O
kolkr	NORM
tolk	NORM
lufta	O
.	O

a	O
jim	O
za	O
prvič	O
plačamo	O
eno	O
kepco	NORM
?	O

irwin	O
ujeli	O
taprav	NORM
trenutek	O
in	O
kurijo	O
.	O

@jureflux	O
a	O
si	O
vedu	NORM
,	O
da	O
je	O
to	O
na	O
islandiji	O
?	O

@karinbossman	O
seriously	O
?	O

zdj	NORM
sm	NORM
normaln	NORM

@iztokgartner	O
razumem	O
ampak	O
point	O
rapa	O
na	O
začetku	O
je	O
bil	O
predvsem	O
v	O
tem	O
kakšno	O
zgodbo	O
boš	O
povedal	O
btw	O
ma	NORM
kendrick	O
tud	NORM
bangerja	O
...	O

pahor	O
nikoli	O
več	O
ne	O
bo	O
predsednik	O
slovenije	O
.	O

zacaran	NORM
krog	O
.	O

bargo	O
je	O
napisal	O
:	O

ukvarjam	O
s	NORM
mislijo	O
,	O
da	O
bi	O
se	O
za	O
nekaj	O
časa	O
preselila	O
v	O
azijo	O
.	O

tol	NORM
je	O
hudo	O
k	NORM
ps	NORM
.	O

felicitaciones	O
por	O
el	O
ascenso	O
a	O
#primera	O
.	O

matjaž	O

dobro	O
se	O
je	O
odrezal	O
bicikel	O
...	O

ne	O
,	O
nič	O
takega	O
.	O

če	O
če	NORM
imet	NORM
kake	O
procente	O
bo	O
tut	NORM
povedu	NORM
...	O

@jjansasds	O
@vladars	O
dej	NORM
ze	NORM
enkrat	O
tih	NORM
bod	NORM
no	O
,	O
kaj	O
si	O
pa	O
ti	O
naredu	NORM
?	O

pismo	O
,	O
pa	O
je	O
blo	NORM
res	O
v	O
jugi	O
#bolš	O
.	O

več	O
kot	O
100	O
?	O

samo	O
hvaležni	O
v	O
svojih	O
srcih	O
lahko	O
prepoznajo	O
nebesa	O
;)	O

ok	O
,	O
kdo	O
je	O
to	O
sploh	O
skup	NORM
nametal	O
?	O

@huferka	O
bom	O
@username	O
kr	NORM
js	NORM
razlozu	NORM
:	O
tabu	O
nej	NORM
bi	O
bil	O
zato	O
,	O
k	NORM
se	O
jim	O
noben	O
zdravnik	O
k	NORM
dela	O
homeo	O
in	O
šolsko	O
,	O
noce	NORM
javit	NORM
@galar	O
@tarcartvslo	O
@praprotnix	O

@gobafunk	O
@tjasaseme	O
ubistvu	NORM
,	O
še	O
dober	NORM
da	O
fotr	O
en	O
film	O
gleda	O
,	O
čene	NORM
bi	O
jst	NORM
tud	NORM
zdele	NORM
tole	O
gledu	NORM
=)	O

glede	O
njihovega	O
programa	O
...	O

:)	O

isti	O
qac	NORM
:-)	O

konsi	O
-	O
sploh	O
ne	O
:-)))))	O

to	O
ni	O
blo	NORM
nč	NORM
.	O

he	O
,	O
he	O
...	O

@cikibucka	O
sesul	NORM
nes	NORM
bodo	O
,	O
še	O
več	O
jih	O
bo	O
odšlo	O
v	O
tujino	O
..	O

@realest_baller	O
mah	O
,	O
ne	O
vem	O
,	O
kje	O
je	O
njihov	O
problem	O
.	O

pa	O
dobro	O
rtvslo	O
,	O
vaš	O
stream	O
je	O
obupen	O
.	O

preveč	O
"	O
prison	O
breaka	O
"	O
pobč	NORM
,	O
čist	NORM
preveč	O
...	O

kle	NORM
je	O
bols	NORM
se	O
ne	O
zapufat	NORM
.	O

pizza	O
margareta	O
postrežena	O
na	O
zažagani	NORM
lopati	O
za	O
kosilo	O
,	O
deci	O
bena	O
za	O
poplaknt	NORM
,	O
sladica	O
pa	O
šraufi	O
v	O
presni	O
omaki	O
omakore	O

no	O
,	O
predvsem	O
zasedba	O
.	O

drugač	NORM
jaz	O
za	O
to	O
ne	O
rabim	O
pijače	O
,	O
sem	O
lost	O
case	O
:)	O

kok	NORM
jaz	O
vem	O
treba	O
samo	O
redno	O
repetirat	NORM
orodje	O
da	O
maš	NORM
mir	O
z	O
prostato	O
al	NORM
?	O

pa	O
ni	O
blo	NORM
tako	O
...	O

ktere	NORM
službe	O
še	O
imajo	O
dedka	O
mraza	O
..	O

iz	O
domobranske	O
stranke	O
,	O
morjo	NORM
vsi	O
tolk	NORM
otresat	NORM
zató	O
,	O
da	O
bo	O
kahuna	O
uspel	O
na	O
vse	O
naprave	O
8	O
naloadat	NORM
,	O
preden	O
ga	O
pospravijo	O
nazaj	O
v	O
celico	O
?	O

če	O
sem	O
te	O
prav	O
razumu	NORM
,	O
maš	NORM
velik	NORM
proti	O
slovenščini	O
in	O
vsem	O
prevajalcem	O
.	O

če	O
lahk	NORM
rečeš	O
novice	O
nasvetom	O
,	O
kako	O
se	O
oblečt	NORM
.	O

@pingwin74	O
ff	O
uporabljam	O
,	O
sem	O
si	O
instaliru	NORM
adblock	O
pol	NORM
,	O
pa	O
je	O
en	O
prozorn	NORM
kvadrat	O
zdaj	O
cez	NORM
sliko	O
namest	NORM
reklame	O
,	O
mal	NORM
boljs	NORM
je	O
,	O
ni	O
pa	O
supr	NORM

kaj	O
pa	O
dnevne	O
,	O
tedenske	O
,	O
2tedenstke	NORM
vozovnice	O
?	O

"	O
špagenka	O
poprdenka	O
"	O

kle	NORM
ni	O
kej	NORM
za	O
dodat	NORM
.	O

zaslon	O
gre	O
blank	O
po	O
nekaj	O
trupih	O
.	O

a	O
ne	O
predstavlja	O
vesolje	O
samo	O
po	O
sebi	O
definicijo	O
za	O
obstoj	O
?	O

se	O
mi	O
zdi	O
da	O
bo	O
v	O
drugo	O
ena	O
iz	O
ozadja	O
prišla	O
na	O
oder	O
:)	O

no	O
vidiš	O
;)	O

pa	O
si	O
rekla	O
,	O
da	O
bom	O
lahko	O
še	O
eno	O
kost	O
glodala	O
,	O
če	O
bom	O
pridna	O
...	O

sem	O
ti	O
cca	NORM
20	O
min	NORM
nazaj	O
poslal	O
pm	O
pa	O
je	O
se	NORM
zmeram	NORM
v	O
cakajoce	NORM
....	O

nista	O
mogla	O
zravn	NORM
zarad	NORM
massijeve	O
prtljage	O
#slochi	O
#odviskaneboliglava	O

sem	O
si	O
pa	O
danes	O
skor	NORM
ovco	O
domov	O
pripeljala	O
:p	O

drgac	NORM
pa	O
tudi	O
mene	O
čudi	O
da	O
ni	O
rekel	O
za	O
nič	O
popusta	O
:p	O

lahko	O
preveriš	O
če	O
komu	O
zavrneš	O
klic	O
(	O
2x	O
power	O
button	O
)	O
ti	O
kaže	O
pol	NORM
obvestilo	O
missed	O
call	O
?	O

motivation	O
determines	O
what	O
you	O
do	O
.	O

@matjasec	O
lepa	O
slika	O
jugo	NORM
grebena	O
lubnika	O
...	O

pa	O
ne	O
to	O
jajco	NORM
...	O

če	O
se	O
enkrat	O
srečama	NORM
u	NORM
holivudi	NORM
...	O
boš	O
častu	NORM
enga	NORM
đeka	NORM
danielsa	O
....	O

spoštovani	O
,	O
po	O
zvinih	O
gležnja	O
so	O
pogosto	O
bolečine	O
pri	O
začetku	O
hoje	O
večje	O
,	O
nato	O
pa	O
se	O
z	O
gibanjem	O
postopoma	O
zmanjšajo	O
.	O

lepo	O
je	O
vidt	NORM
,	O
da	O
tudi	O
kao	O
top	O
ekipe	O
pušijo	O
:d	O

@petersvetina	O
@sirwilliamspub	O
@natasamulec	O
@t_celestina	O
@doloreskores	O
morte	NORM
bit	NORM
vi	O
ena	O
fajn	O
drušna	NORM
po	O
moje	NORM
.	O

lej	NORM
,	O
tudi	O
najbolj	O
"	O
okorel	O
"	O
it-jevc	NORM
ima	O
da	O
se	O
rastopi	NORM
,	O
ko	O
mu	O
nežno	O
rečem	O
živjo	NORM
po	O
telefonu	O
.	O

kdaj	O
me	O
pelješ	O
na	O
barje	O
mornar	O
?	O

zakvaj	NORM
.	O

pulitzer	O
vam	O
ne	O
uide	O
,	O
vanesse	O
mi	O
!	O

nisem	O
videl	O
cez	NORM
vikend	O
,	O
sm	NORM
bil	O
v	O
tujini	O
..	O

@strelovod	O
mislim	O
da	O
se	O
je	O
tudi	O
tu	O
kreativnost	O
izpela	O
s	O
screenshotom	O
iz	O
twilighta	O
in	O
pripisom	O
"	O
still	O
better	O
love	O
story	O
than	O
5	O
shades	O
"	O
:)	O

@matejkle	O
žal	O
instagramiram	O
že	O
doma	O
,	O
izven	O
nevarnih	O
krempljev	O
roaminga	O
:)	O

zrcaljenje	O
tocke	NORM
in	O
ponovno	O
vlecenje	NORM
premice	O
je	O
dva	O
koraka	O
pocasnejsa	NORM
operacija	O
.	O

moj	O
hladilnik	O
je	O
zabasan	O
.	O

se	O
že	O
počutim	O
bolj	O
domače	O
.	O

btw	O
,	O
dobr	NORM
si	O
zgledala	O
na	O
tevejki	O
:p	O

a	O
ga	O
lahk	NORM
kr	NORM
jst	NORM
nastanm	NORM
pa	O
a	O
bi	O
kdo	O
cel	O
kup	O
sladoleda	O
pa	O
k	NORM
kamn	NORM
trdih	O
šniclov	O
,	O
rabm	NORM
plac	O
pa	O
to	O
....	O

pol	NORM
ga	O
zdele	NORM
ni	O
več	O
v	O
lj	NORM
.	O

:)	O

takim	O
samo	O
šus	O
v	O
glavo	O
!	O

@simpleplanslo	O
upam	O
da	O
bom	O
:d	O

a	O
velik	NORM
je	O
blo	NORM
senkanih	NORM
,	O
tisti	O
pa	O
niso	O
vsi	O
prišli	O
.	O

..	O
no	O
pk	O
..	O

modni	O
trend	O
,	O
posledic	O
pa	O
ne	O
nosiš	O
.	O

npr	NORM
moj	O
načrt	O
tega	O
tedna	O
je	O
bil	O
danes	O
ob	O
11:00	O
storpediran	O
300	O
%	O
:)	O

@allpaulin	O
nastop	O
ne	NORM
makedonske	O
zdravnice	O
,	O
ki	O
zblojenim	O
slovenkam	O
naloži	O
o	O
čurimuri	O
zdravilstvu	O
je	O
1918	O
all	O
over	O
again	O
.	O

hehehe	O
;)	O
#listeningtomusic	O

panda	O
4	O
president	O
!	O

ceprov	NORM
se	O
men	NORM
zmeri	NORM
b.	O
spears	O
video	O
prilaze	NORM
v	O
glavi	O
,	O
z	O
2	O
copkoma	NORM
pa	O
roza	O
puhastimi	O
gumicami	O
v	O
laseh	O
lol	O
:))	O

bi	O
rad	O
bil	O
ironičen	O
,	O
a	O
mi	O
po	O
taki	O
#tarca	O
ne	O
uspe	O
.	O

@masta_84	O
@z8_lj	O
@game_dei	O
komu	O
se	O
pa	O
lub	NORM
štihat	NORM
al	NORM
pa	O
pult	NORM
plevel	O
še	O
ob	O
10h	O
zvečer	O
.	O

bi	O
eno	O
hello	O
kitty	O
raj	NORM

js	NORM
sm	NORM
svojga	NORM
mucka	O
pobrala	O
iz	O
zavetišča	O
pa	O
še	O
1	O
druca	NORM
sm	NORM
mela	NORM

kt	NORM
za	O
wixiw	O
sam	NORM
da	O
so	O
še	O
bl	NORM
moderni	O
:)	O

#twoface	O
#tomimeglič	O
#thefaq	O
http://t.co/nixsixyvaq	O

kt	NORM
sm	NORM
reku	NORM
pred	O
drugim	O
delom	O
:	O
mi	O
sanjamo	O
medaljo	O
in	O
čist	NORM
prov	NORM
sm	NORM
meu	NORM

jst	NORM
potem	O
na	O
naslednji	O
sms	O
,	O
ki	O
pride	O
,	O
ko	O
pride	O
,	O
ponavad	NORM
sploh	O
ne	O
odgovorim	O
več	O
.	O

dude	O
,	O
jst	NORM
tut	NORM
ne	O
.	O

pa	O
ne	O
tist	NORM
športnik	O
.	O

tamalmu	NORM
nc	NORM
jasn	NORM
.	O

a	O
ne	O
bi	O
blo	NORM
fajn	O
,	O
da	O
bi	O
ble	NORM
dve	O
čakalnice	NORM
v	O
bolnicah	O
.	O

@jure_bajic	O
sej	NORM
sj	NORM
tut	NORM
nism	NORM
zaprt	O
.	O

s	O
falconom	O
bi	O
se	O
morala	O
peljat	NORM
k	O
onemu	O
ki	O
nas	O
duši	O
z	O
obrestmi	O
in	O
bi	O
mu	O
morala	O
rečt	NORM
:	O
it	O
iz	NORM
over	O
forged	NORM
it	O

najbrz	NORM
je	O
teb	NORM
dost	NORM
bolj	O
lustn	NORM
.	O

zelo	O
realna	O
ocena	O
ljudi	O
..	O

goopti	O
jih	O
sploh	O
ni	O
med	O
zadetki	O
med	O
prvimi	O
10imi	NORM
;)	O
@stellarka	O

caw	NORM
....	O

@slo_super_visor	O
je	O
pa	O
res	O
,	O
da	O
lahko	O
potem	O
cel	O
segment	O
window	O
job-erjev	O
damo	O
na	O
cesto	O
in	O
jih	O
obsodimo	O
na	O
gospodinjenje	O
doma	O
,	O
kar	O
je	O
tut	NORM
probl	NORM

zgolj	O
za	O
to	O
gre	O
,	O
za	O
lastne	O
riti	O
.	O

lah	NORM
pa	O
mal	NORM
rt	O
nardis	NORM
moje	O
prodajne	O
objave	O
hehe	O

še	O
malo	O
pa	O
bomo	O
ostali	O
sami	O
,	O
...	O

dedovanje	O
se	O
da	O
urediti	O
tudi	O
z	O
oporoko	O
,	O
volili	O
ipd.	O

mi	O
smo	O
za	O
zapahi	O
že	O
polno	O
leto	O
in	O
nekaj	O
!	O

sam	NORM
voditelj	O
ga	O
je	O
cuknu	NORM
,	O
majkemi	O
.	O

@miranstajerc	O
sej	NORM
tud	NORM
tko	NORM
ne	O
zgledajo	O
fajn	O
.	O

sj	NORM
dons	NORM
je	O
ze	NORM
ful	O
dobr	NORM
u	NORM
primerjavi	O
z	O
uceri	NORM
...	O

ha	O
dobis	NORM
invajt	O
na	O
poslovilno	O
zurko	NORM
osebe	O
k	NORM
je	O
nisi	O
vidu	NORM
ze	NORM
3	O
leta	O
..	O

via	O
#fb	O
http://t.co/cam6pryrzo	O

@rolbek	O
@blejc	O
kako	O
si	O
pa	O
ti	O
zmenen	NORM
?	O

bojo	O
prec	O
vidl	NORM
da	O
so	O
že	O
nažrte	O
od	O
njih	O
.	O

sem	O
že	O
napovedala	O
,	O
preden	O
se	O
je	O
jerry	O
vmešal	O
.	O

florentinca	O
san	NORM
že	O
dugo	NORM
nej	NORM
.	O

iz	O
zraka	O
:)	O
..	O

ta	O
faksič	O
je	O
pa	O
tko	NORM
funkylicious	O
:)	O

drgač	NORM
pa	O
ja	O
lohk	NORM
se	O
zmenva	NORM
..	O

drsnik	O
se	O
res	O
vid	NORM
..	O

pol	NORM
pa	O
al	NORM
se	O
pricofukneš	O
en	O
dopoldne	O
do	O
univerzitetnega	O
klincatm	NORM
al	NORM
ti	O
jih	O
pa	O
pošlem	NORM
...	O

sošolka	O
iz	O
osnovne	O
šole	O
je	O
mahnjena	O
na	O
črnske	O
otroke	O
o.o	O
in	O
prau	NORM
da	O
bi	O
raj	NORM
kšnga	NORM
iz	O
tm	NORM
posvojila	O
k	NORM
da	O
bi	O
pa	O
svojga	NORM
mela	NORM
#mindfuck	O

sibam	NORM
spat	O
.	O

@surfon	O
@banicgregor	O
@rok_novak	O
@markopavlisic	O
refokusirajte	O
se	O
iz	O
delitve	O
na	O
ustvarjanje	O
!	O

@turoby	O
@dars_si	O
lej	NORM
sej	NORM
#krompir	O
se	O
včasih	O
tud	NORM
splača	O
prodajat	NORM
-d	O
:)))	O

če	O
že	O
ni	O
blo	NORM
toče	O
v	O
teh	O
muhastih	O
dneh	O
,	O
je	O
bil	O
včeri	NORM
orkan	O
v	O
kš	O
!	O

kaj	O
pravš	NORM
?	O

vse	O
hočejo	O
skopiraj	O
,	O
na	O
začetku	O
neki	NORM
kao	O
audi	O
pa	O
ta	O
kao	O
bmw	O

tako	O
dela	O
janša	O
......	O

ampak	O
s	O
temi	O
zadnjimi	O
kuponi	O
gre	O
pa	O
v	O
@mercator_sl	O
extra	O
super	O
mega	O
f*cking	O
počas	NORM
..	O

@gobafunk	O
he	O
he	O
,	O
zato	O
imam	O
raje	O
januar	O
.	O

@urskasoncek	O
ja	O
usaj	NORM
neki	NORM
:)	O

ker	O
če	O
smo	O
1	O
-	O
3	O
potem	O
tudi	O
wildcard	O
beži	O
...	O

prosim	O
za	O
izbris	O
hvala	O
.	O

vasja	O
je	O
danc	NORM
na	O
bazenu	O
v	O
sgjo	NORM
od	O
3	O
ure	O
dalje	O
:)	O

samo	O
to	O
sm	NORM
hotla	NORM
povedat	NORM
,	O
da	O
bi	O
:)	O
.	O

khm	O
...	O

sokrivci	O
so	O
sledeci	NORM
:	O
@brodul	O
,	O
@ielectric	O
,	O
@jskrablin	O
ter	O
@kosoblejka	O
:)	O
http://t.co/qz7j0wi67j	O

pha	O
boš	O
že	O
vidla	NORM
...	O

nisem	O
prerok	O
,	O
vendar	O
za	O
to	O
vlado	O
napovedujem	O
skrajno	O
desno	O
ali	O
skrajno	O
levo	O
vlado	O
(	O
sds	O
ali	O
zl	O
)	O
.	O

a	O
je	O
košir	O
boljš	NORM
v	O
paralelnem	O
slalomu	O
al	NORM
veleslalomu	O

želodc	NORM
je	O
itak	O
že	O
vsega	O
hudega	O
vajen	O
#normalno	O

sem	O
mal	NORM
skrajšala	O
in	O
prej	O
zavila	O
domov	O
,	O
ker	O
so	O
že	O
ene	O
kaplje	O
ble	NORM
.	O

no	O
osebno	O
sem	O
tud	NORM
veliko	O
zvedi	NORM
od	O
matt	O
granger	O
(	O
thatnikonguy	O
)	O
na	O
youtube-u	NORM
.	O

@rokijesmoki	O
@novax81	O
@itaqrina	O
ti	O
ljudje	O
so	O
za	O
njih	O
dodatni	O
feature	O
.	O

@matejrezek	O
ne	O
sam	NORM
ze	NORM
ene	O
5	O
let	O
nisem	O
bil	O
skupaj	O
14	O
dni	O
frej	O
pa	O
clovk	NORM
mal	NORM
pozab	NORM
kolk	NORM
je	O
gadan	NORM
filing	O
k	NORM
prides	NORM
nazaj	O
na	O
siht	NORM

@sbeauty101	O
sej	NORM
bom	O
sigurno	O
pogledala	O
do	O
konca	O
,	O
pa	O
pol	NORM
podala	O
oceno	O
,	O
ampak	O
tko	NORM
no	O
...	O

@miranstajerc	O
paaa	NORM
ne	O
..	O

js	NORM
vem	O
.	O

sj	NORM
ga	O
boš	O
ti	O
ju3	NORM
najebala	O
.	O
"	O

nič	O
kaj	O
novinarski	O
ni	O
tale	O
tvoj	O
politični	O
aktivizem	O
,	O
grega	O
.	O

nsi	O
res	O
preseneca	NORM
:)	O

pri	O
miru	O
tut	NORM
med	O
gledanjem	O
ni	O
.	O

in	O
ne	O
tehta	O
več	O
kot	O
100	O
kg	O
?	O

zmaji	O
so	O
ognjemet	O
prišparali	O
za	O
zaključek	O
tekme	O
.	O

press	O
)	O

na	O
koncu	O
edin	NORM
canon	O
ne	O
bo	O
mel	NORM
nobenga	NORM
lowbudget	O
4k	O
fotkiča	O
.	O

ena	O
namreč	O
ni	O
nobena	O
!	O

sem	O
ga	O
imela	O
za	O
nežnjaka	O
,	O
pa	O
...	O

@9	O

@anderzey	O
čak	NORM
,	O
še	O
kako	O
leto	O
boja	O
proti	O
homofobiji	O
,	O
pa	O
se	O
bojo	O
športniki	O
počas	NORM
upal	NORM
razkrit	NORM
,	O
kot	O
so	O
danes	O
javno	O
razkrili	O
junake	O
@franjosantalab	O

špeglarji	O
,	O
kako	O
ohranite	O
svoja	O
očala	O
čista	O
?	O

vam	O
pokazem	NORM
sam	NORM
talepsi	NORM
del	O
vsega	O
:p	O

vsi	O
gostje	O
pred	O
@tarcartvslo	O
bodo	O
dons	NORM
spil	NORM
en	O
kozarc	NORM
tega	O
.	O

pa	O
to	O
je	O
pol	O
zivljenja	NORM
!	O

vse	O
je	O
okej	O
,	O
dokler	O
počne	O
to	O
država	O
.	O

