Sangkal	NORM
Putung	NORM
hadirr...	NORM
?	O

Luar	NORM
biasa	O
kak	O
.	O
padahal	O
aku	O
awalnya	O
gak	NORM
percaya	O
kalau	O
produk	O
dari@BEAUTYANDHEALTHYY	NORM
bisa	O
bikin	O
payudara	O
aku	O
tambah	O
besar&indah	O
ka	NORM
padahal	O
baru	O
pakai	O
2minggu	O
kurang	O
ka	NORM

Gw	NORM
baru	O
stalking	O
skrg	NORM
wkwk	O
@91tar	NORM

@veloveputrii	NORM
yg	NORM
goblok	O
dan	O
gk	NORM
ada	O
otak,	O
otak	O
udang	O
cm	NORM
0,1%	O
itu	O
elo.	NORM
Emang	NORM
utk	NORM
tau	O
smua	NORM
hrs	NORM
jd	NORM
babunya	O
dhani	O
maia	O
dlu??	NORM
Skrg	NORM
jaman	O
udh	NORM
canggih	O
dan	O
gampang	O
jalin	O
relasi	O
buat	O
tau	O
ttg	NORM
sesuatu	O
gw	NORM
mang	NORM
ckup	NORM
tau	O
ttg	NORM
kbiasaan	NORM
dhani	O
yg	NORM
doyan	O
perempuan	O
itu	O
udh	NORM
lama	O
tp	NORM
yg	NORM
difitnah	O
malah	O
maia.	O
Intinya	NORM
ya	O
otak	O
udang	O
lo	O
liat	NORM
aja	NORM
skrg	NORM
sapa	O
yg	NORM
hdpnya	NORM
lbh	NORM
enak	O
dan	O
bahagia	O
dan	O
yg	NORM
gk	NORM
byk	NORM
ngomong.	NORM
Si	NORM
dhani	O
rmh	NORM
aja	NORM
pake	NORM
pny	NORM
anknya	NORM
Al,	NORM
job	O
sepi,	O
cari	O
sensasi	O
mulu	O
utk	NORM
pngalihan	O
issue,	O
dll	O
nah	O
si	NORM
maia	O
lo	O
liat	NORM
aja	NORM
jd	NORM
wanita	O
sukses	O
kaya	NORM
raya	O
rmh	NORM
elit	O
,	O
jalan2	NORM
mulu	O
ke	O
eropa	O
itu	O
bukti	O
Tuhan	NORM
gk	NORM
prnh	NORM
tdr.	NORM
Org	NORM
pintar	O
liat	NORM
titik	O
ending	O
dr	NORM
sbuah	NORM
kebenaran	O
bkn	NORM
pembenaran	O
spt	NORM
yg	NORM
dilakukan	O
mulan	O
dan	O
dhani.	O

Pa	NORM
kabar	O
bu??	O
???	O
@fvtrisna	NORM

Duh	NORM
peengn	NORM

Aplikasi	NORM
ap	NORM
nih	O
kak	O

Cantik	NORM
bangett..	NORM
subhanallah	O

@arthurjohntree	NORM
berarti	O
teu	O
aya	O
nyaa	NORM
:(	O

Emang	NORM
yaa	NORM
rempong	NORM
amat	O
urus	O
org..kaya	NORM
sndiri	NORM
ud	NORM
bener	NORM
aja.	NORM
..	O
Masi	NORM
nonton	NORM
porn	O
aja	NORM
palingann	NORM
dan	O
berjinah	NORM
,,dasar	O
manusia	O
munaafikk!!	NORM
Urusn	NORM
org	NORM
mw	NORM
pk	NORM
hijab	O
or	NORM
kaga	NORM

Hahahahaaaaa...	NORM
mirip	O
kmu	NORM
yg	NORM
tengah	O
@toni_dks	NORM

What!!!di	NORM
surabay!!!OMg!!waduuhh	NORM
padahal	O
suer	O
pinginnn	NORM
buanget	NORM
ketemuuu?!	NORM
Ampe	NORM
kebawa	NORM
mimpiii	NORM

Slm	NORM
kenal	O
aj	NORM
dr	NORM
aq	NORM
di	O
jatim	O

Cilacap	NORM
hadirrr..karang	NORM
suci	O
donan.	O

GA	NORM
NYANGKA	NORM
BANGET	NORM
KEPUTUSAN	NORM
AKU	NORM
BUAT	NORM
BELI	NORM
ALAT	NORM
PEMBESAR	NORM
PAYUDARA	NORM
MHCA	NORM
DI@BEAUTYHEALTH_CLINIC	NORM
SEBULAN	NORM
YANG	NORM
LALU	NORM
TERNYATA	NORM
JADI	NORM
KEPUTUSAN	NORM
YANG	NORM
PALING	NORM
TEPAT	NORM
!!	O
AWALNYA	NORM
SIH	NORM
AKU	NORM
RAGU	NORM
TAPI	NORM
TERNYATA	NORM
SETELAH	NORM
PAKE	NORM
SELAMA	NORM
30	O
HARI	NORM
AKU	NORM
UKUR	NORM
LAGI	NORM
PAYUDARA	NORM
AKU	NORM
YANG	NORM
TADINYA	NORM
32	O
SEKARANG	NORM
JADI	NORM
36B	NORM
BENERAN	NORM
SERIUS	NORM
DEH	NORM
!!!	O
KAMU	NORM
HARUS	NORM
COBA	NORM
JUGA	NORM
NIH	NORM
HUB	NORM
ADMINNYA	NORM
DI	NORM
BBM	NORM
5EAE0CE6	NORM
wa	O
082121840797	O

Ini	NORM
judul	O
lgunya	NORM
apa	O
ya??	O

kalah	O
sama	O
ade	NORM
emeshh	NORM
@dindalisaaa	NORM

Iya	NORM
yahhh	NORM
@anifatasha	NORM

Jadi	NORM
pengen	NORM
nafkahin	NORM
km...??@nabilahjkt48	NORM

Ga	NORM
nyesel	NORM
pake	NORM
produk	O
rekomendasi	O
kaka	NORM
buat	O
hilangin	NORM
jerawatku@sehatidealmu	NORM
memang	O
bener2	NORM
solusi.	O
:)	O
pin	O
5E0D8D24	NORM

Kalau	NORM
liat	NORM
poto	NORM
kak	O
@lunamaya	NORM
dgn	NORM
co	NORM
lain	O
.pst	NORM
inggat	NORM
ka	NORM
ariell	O
.ya	O
kalian	O
brdua	NORM
masing2	NORM
sdh	NORM
pny	NORM
pasang	O
sh	O
.tpi	NORM
kalian	O
brdua	NORM
SANGGAT	NORM
COCOK	NORM
:)	O
LUNA?ARIEL	NORM
FOREVER	NORM

@dyahhanin	NORM
banyak	O
yah	NORM
nin.kau	O
buat	O
pulak	NORM
perkelompok	O

Lenje	NORM
teriak	O
lenje	NORM
@novisyahreza	NORM

Sa,	NORM
kalungnya	O
pesen	NORM
dmana?	NORM

Haduh	NORM
cantik2	NORM
pakai	O
jilbab	O
kok	O
mlah	NORM
si	NORM
lepas	O
toh..	O

Pink	NORM
ajaa..lebih	NORM
lucu!!	O

HBD	NORM
kaa	NORM
aku	O
sayanggg	NORM
kaa	NORM
achaaa	O
????????	O

Kita	NORM
hrusnya	NORM
aniv	O
begini	O
@gendutsalembo	NORM

Nihh	NORM
yg	NORM
kepo	O
sm	NORM
jawaban	O
ttg	NORM
video	O
itu	O
tuhh	NORM
hehe	O
@zhrbn	NORM
@restuuef	NORM
@maimunahsm	NORM

Ayooo	NORM
ka	NORM
@evithash	NORM
wkwk	O

Hbd	NORM
kaaaa?	NORM

Lipstiknya	NORM
syantik	NORM
windaa	O
@yuli.winda	NORM

Smoga	NORM
mndap?tkan	O
yg	NORM
terbaik	O
amin	O

Sempurnaaaaa	NORM

Selamat	NORM
ya	O
k	NORM
uben	O
ma	NORM
teh	O
wenda	O
??	O
sehat	O
trus	NORM
dekbayi	O
nyah..	NORM
Amin..	NORM

Fatin	NORM
cantik	O
bngt	NORM
?	O

Aminnn...	NORM

Minta	NORM
maaf	O
tp	NORM
gak	NORM
ngaku	NORM
salah	O
gmn	NORM
sih	O
mbaa	NORM
??	O
Gak	NORM
salah	O
Buat	NORM
apa	O
mnta	NORM
maaf	O
klo	NORM
gt	NORM
?	O

20thn	O
dah	NORM
jadi	O
sarjana	O
@novajayanti15	NORM

Aminnn	NORM

@pputriindah	NORM
15thn	O
ka.	NORM
Kaka	NORM
kalah	O
:p	O
wkwkwk	O

@imririeaj	NORM
makai	O
nuduh	NORM
saya	O
produk	O
MCM	NORM
,	O
anda	O
itu	O
gak	NORM
sopan	O
dan	O
anda	O
suka	O
menuduh!	O
Sudah	NORM
mendukung	O
kekerasan,	O
gak	NORM
sopan,	O
suka	O
nuduh	NORM
kalo	NORM
ini	O
jadi	O
guru	O
bisa	O
rusak	O
mental	O
murid	O
indonesia!	O

Subahanallah	NORM
cantikk	NORM
bgt	NORM
pke	NORM
hijabb	NORM
..	O

Lahh	NORM
iya	O
ada	O
@aassetya	NORM
??	O
masya	O
allaahh	NORM
@haliaisyah	NORM
@dwipratiwiw	NORM
@ifa_alfahrezi	NORM

Agama	NORM
apapun	O
terkandang	O
ada	O
yg	NORM
tdk	NORM
berlogika,	O
baca	O
tu	NORM
777el!!!!!!!	O

Gw	NORM
pengen	NORM
sama	O
lo	O
del	O
@adellyada	NORM

Lucu	NORM
bgt	NORM

Nanti	NORM
gw	NORM
gambarin	NORM
?	O
@roselinakam	NORM

Raisanya	NORM
gw,	NORM
isyananya	O
elu	NORM
wkwk	O
@syafaeka	NORM

Kak	NORM
ali	O
nyanyiin	NORM
lagu	O
buat	O
kak	O
prilly	O
ya	O
cie-cie	O

Tutorial	NORM
hijab	O
yg	NORM
dpke	NORM
kak	O
icha	O
ini	O
donk	NORM

Mbaaa	NORM
lucu	O
koh??	O

yuk	O
MAMPIR	NORM
DULU	NORM
!!!!SWITER	NORM
BAJU	NORM
JAKET	NORM
MURAH	NORM
BGT!!	NORM
YAKIN	NORM
GA	NORM
ADA	NORM
YG	NORM
SEMURAH	NORM
INI	NORM
LOH!!	NORM
mulai	O
dari	O
40K!!!!	NORM
YG	NORM
DI	NORM
PAKE	NORM
ARTIS2	NORM
DAN	NORM
SELEGRAM	NORM
?????	O

Lebih	NORM
tepatnya	O
@mischach	NORM
lebih	O
imut	O
&	O
cute	O
drpd	NORM
@marcelchandra	NORM

Ini	NORM
loh	O
nit	O
yg	NORM
gw	NORM
blg	NORM
tamunya	O
kebykan	NORM
pake	NORM
batik	O
@nita_azalia	NORM
?	O

@monicasterina	NORM
nihhh	NORM

@anisadece	NORM
nisss	O
ini	O
liat	NORM
aduHhhhhhhhh	NORM

Ini	NORM
orang	O
baik	O
yg	NORM
sering	O
nolongin	NORM

Gemeessss	NORM
poollll	NORM
??	O

Vid	NORM
liat	NORM
komenannya	NORM
hahahah	O
@vidiany99	NORM

Aminnnn	NORM

Kok	NORM
kita	O
denger	NORM
dia	O
bilang	O
melbourne	O
kaya	NORM
cirebon	O
ya	O
??.	O
@riskirosdiana	NORM

@yoeriche	NORM
nya	O
off	O
dulu...	O
ikutin	NORM
terus	O
#YoeriChibiDay	NORM

Keluarga	NORM
bhgia	NORM

Kt	NORM
shoot	O
kyk	NORM
gini	NORM
aja	NORM
@veliciahart	NORM
@ibabellee	NORM
@zorayaparlautan	NORM
@agnesjap	NORM
@avery_laird	NORM
@michelleongah30	NORM

lucu	O
.........	O
aku	O
suka	O
dech	NORM
chahaha	O

Enak	NORM
bgt	NORM
yak	NORM
:'v	O
@aufaasalsabil	NORM

Thx	NORM
ya	O
kak	O
udh	NORM
rekomendasiin	NORM
produk	O
pemutih	O
kulit	O
di@dr.ulfa.herbal	NORM
kulit	O
tubuh	O
aku	O
lebih	O
putih	O
dalam	O
2	O
minggu,	O
aku	O
jd	NORM
gak	NORM
minder	O
lagi	O
:)	O

Samaa...eike	NORM
juga	O
seneng	NORM
liatnya..ngademin	NORM
@ellieawaliawati	NORM

Dasar	NORM
@artisn	NORM
Kasihan	NORM
Bgt	NORM
Hdp	NORM
Lo	NORM
Pengidap	NORM
Anjing	NORM
Rabies??ih	NORM
keturunan	O
Anjing	NORM
Rabies	NORM

Kulit	NORM
putih	O
bercahaya,	O
jerawat	O
hilang,	O
wajah	O
makin	O
cantik	O
+	O
BONUS	NORM
1	O
JUTA	NORM
BERKALI-KALI,	NORM
MAUUUUUUU.......??	NORM
Yuk	NORM
intip	O
IG	NORM
kami	O
?	O

@sylvia_agatha	NORM
g	NORM
gagalnya	O
karna	NORM
males	NORM
donk	NORM
and	O
selalu	O
merasa	O
cape.	NORM

Jika	NORM
yesus	O
adlh	NORM
Allah	NORM
mengapa	O
saat	O
di	O
salib	O
dia	O
sebut	O
:	O
eli..eli..namasabatani	O
:	O
Ya	NORM
Allah	NORM
mengapa	O
Engkau	NORM
meninggalkan	O
aku.	O
Pertanyaan	NORM
seorang	O
yesus	O
yg	NORM
putus	O
asa	O
di	O
kayu	O
salib	O
kpd	NORM
Allah	NORM
Tuhannya.	NORM
@chrystoruan	NORM

anak	O
tetangga	O
aku	O
gr2	NORM
d	NORM
cubit	NORM
skrg	NORM
gamau	NORM
masuk	O
skolah	NORM
..	O
pdahal	NORM
msh	NORM
klas	NORM
1	O
sd	O
..	O
krena	NORM
tkut	NORM
sama	O
grunya	NORM
..	O
dan	O
akhirnya	O
skrg	NORM
pndah	NORM
skolah	NORM
tuh	O
bocah	O
nya	O
..	O

Mahal	NORM
bgt	NORM
mam	O
dstu	NORM

Cie	NORM
nge-stalk	O
uga	NORM
@oliptheo_	NORM

@astha_permana	NORM
aqu	NORM
cinta	O
ne	NORM
prilly	O
kok,,?	O

Alhamdulillah,	NORM
Aamiin	NORM
ya	O
Allah	NORM
ya	O
Rabbal	NORM
'alamiin	O
:)	O

Kk	NORM
cha2	O
bukan	O
mau	O
ledkin	NORM
tpi	NORM
yah	NORM
kenapa	O
jilbabnya	O
dibuka???	O
@marshanda99	NORM

kalau	O
orang	O
pintar	O
mah	O
g	NORM
usah	O
nggali	NORM
dosa	O
dari	O
menghujat	O
org	NORM
lain	O
:)	O
alhamdulillah	O
saya	O
meminimalkan	O
hujatan	O
ke	O
publik	O
figur	O
yg	NORM
g	NORM
saya	O
suka	O
dengan	O
cara	O
g	NORM
usah	O
stalking	O
yg	NORM
ujungnya	O
sok	O
ikut	O
cmpur	NORM
urusan	O
org,	NORM
menghujat,	O
cukup	O
memuji	O
dan	O
support	O
idola	O
aja	NORM
??	O

Mas	NORM
tulus	O
kenapa	O
sii..	NORM
Orangnya	NORM
nyenengin	NORM
bgt.	NORM
Gemess	NORM
akuuu	NORM
..	O
Love	NORM
You	NORM
mas	O
@tulusm	NORM
.	O
jgn	NORM
kurus	O
yaa..	NORM
Udah	NORM
gitu	NORM
aja	NORM
ganteng	O
gemesiin.	NORM
Menyenangkn	NORM
dan	O
smart	O
.much	O

Kocakkkkkkkkkkkkkk	NORM

Stalking	NORM
sampw	NORM
bawah	O
cuma	O
pengen	NORM
ngeliat	NORM
vidio	O
ini	O
???	O

Cantik	NORM
gitu	NORM
pakek	NORM
kerudung....kanapa	NORM
ngk	NORM
pakek	NORM
aja....lebih	NORM
cantik	O
dan	O
menarik.....	O

Selamat	NORM
ya	O
om	O
raffi	O
ama	NORM
tante	O
gigi	O
udah	NORM
punya	O
babyyy	O

Mulutnya	NORM
pda	NORM
ga	NORM
bsa	NORM
dijaga	O
semuanya....	O
???	O

Gak	NORM
cocok	O
al	O
jadi	O
kayak	O
tiang	O
listrik	O

Tuh	NORM
ygs	NORM
romantis	O
kan	O
hhheee	O
@tellyfahrul	NORM

Gmn	NORM
kalo	NORM
tinker	O
bell	O
kan	O
unik,apalagi	O
blm	NORM
prnh	NORM
ada	O
yg	NORM
pake	NORM
tema	O
tinker	O
bell	O

Yg	NORM
mw	NORM
berpenghasilan	O
jutaan	O
per	O
hari	O
join	O
bisnisku	O
yuk.	O
GARANSI.	NORM
Yg	NORM
cuma	O
mau	O
asal	O
nyoba	NORM
tapi	O
ngga	NORM
mau	O
ikutin	NORM
sistemnya	O
jgn	NORM
join	O
ya	O
:)	O

Besok	NORM
mmz	NORM
bikinin	NORM
deh	O
@clara.wijaya36	NORM
?	O

Pgn	NORM
foto	O
kayak	O
gini	NORM
@riri_risyad	NORM

kiss2	O
buat	O
mikaa	O
ya	O
mba	NORM
@zahratuljannah...	NORM

BENER	NORM
DEH	NORM
SAY,	NORM
SETELAH	NORM
AKU	NORM
ORDER	NORM
ALATNYA@bigbreastnatural	NORM
AKU	NORM
MERASA	NORM
PUAS	NORM
BANGET.	NORM
PAYUDARA	NORM
JADI	NORM
BESAR	NORM
DAN	NORM
KENCANG.	NORM
PAHA	NORM
DAN	NORM
BETIS	NORM
JUGA	NORM
GAK	NORM
KAYA	NORM
TUKANG	NORM
BECAK	NORM
LAGI.	NORM
SENENGGG	NORM
NIH	NORM
AKU	NORM
KASIH	NORM
KONTAKNYA	NORM
Chat	NORM
ke	O
WA	NORM
:	O
0857-9305-1973	O
/	O
BBM	NORM
:	O
5B8BE79E	NORM
/	O
LINE	NORM
:	O
@ZHB0594N	NORM
(PAKAI	NORM
@)	O

ini	O
bukannya	O
secara	O
tdk	NORM
langsung	O
menyalahkan	O
bella,	O
tapi	O
ini	O
mau	O
mengklarifikasi	O
yang	O
dibilang	O
bella	O
dan	O
ibunya	O
di	O
rumpi	O
dan	O
itu	O
juga	O
SECARA	NORM
TIDAK	NORM
LANGSUNG	NORM
bella	O
dan	O
ibunya	O
sangat	O
sangat	O
sangat	O
menyudutkan	O
salsha	O
dan	O
ibunya	O
salsha.	O
makanya	O
salsha	O
langsung	O
di	O
judge	O
habis	O
habisan,	O
dan	O
salsha	O
skrng	NORM
mau	O
mengklarifikasi	O
yang	O
bener...	NORM
@eunike.febe	NORM
nonton	NORM
aj	NORM
rumpi	O
biar	O
tau	O
kalo	NORM
scr	NORM
tidak	O
langsung	O
banget	O
si	NORM
bella	O
sama	O
ibunya	O
nyalahin,nyindir,menyalahkan	NORM
salsha	O
dan	O
ibunya	O
salsha	O

Nice	NORM
bgt	NORM
ka	NORM
chacha	O
@marshanda99	NORM

Subhanalloh	NORM
cantiknya	O
klo	NORM
berhijab	O

Gue	NORM
suka	O
heran	O
sama	O
agama	O
islam	O
kalo	NORM
ada	O
artis	O
yg	NORM
agama	O
islam	O
dipuji	O
puji	O
dibangga'in	NORM
eh	O
kapan	O
lihat	O
artis	O
yang	O
agama	O
kristen	O
langsung	O
dibully:v,	O
dan	O
bully'an	O
nya	O
tentang	O
agama:'3	O
lucu	O
bgt	NORM
ya?	O

Mantaff??	NORM

@tarrakurniadi2122	NORM
@fiqrihendra	NORM
terrrrbaik...?	NORM

Cantik	NORM
bgt	NORM
,masyaallah	O
@maudyayunda	NORM

Wiiiihhhh	NORM
keren...	O

@yowendru	NORM
@catherinayw	NORM
lanjut	O
senam	O
yooookkk.	NORM
Huuuu	NORM
haaa	O
huuu	O
haaaa	O

Muantteepp...	NORM

Tas	NORM
fashion	O
import,masker	O
kefir,,hijab	O
ootd	O
semua	O
ada	O
di	O
tempat	O
kami,,,cek	O
IG	NORM
yuuu??????	NORM

Ya	NORM
Allah...mmg	NORM
cantik	O
aslinya..	O
mirip	O
el	O

Jesika	NORM
and	O
kevin	O
kok	O
pake	NORM
peci	O
and	O
kilbab	O

Gampang	NORM
bgt	NORM
bedain	NORM
kembar	O
yg	NORM
ini	O
??	O
@marcelchandra	NORM
@mischach	NORM

@afh1802	NORM
lipstick	O
nya	O
sukaaaaaa...	NORM
??	O

Buat	NORM
gini	NORM
yuuks	NORM
@andrianyayu	NORM
@imaliaoktarina	NORM
@sopiyahandayani	NORM

Gk	NORM
jelas	O
woy	O
bego	O
lu!!@nabil.aak	NORM

Itu	NORM
behel	O
mz/mb	NORM
@kadekswandewi25	NORM
@dirextorr	NORM

Amin	NORM
ya	O
robballallamin??	O

Bener	NORM
banget	O
@yuliaaripin	NORM

dasar	O
haters	O
para	O
ababil?	O
kurng	NORM
menikmati	O
hidup	O
dan	O
bahagia	O
kali	O
ya	O
:)	O

Follow	NORM
yaa	NORM

Chat	NORM
ke	O
WA	NORM
:	O
0857-9305-1973	O
/	O
BBM	NORM
:	O
5B8BE79E	NORM
/	O
LINE	NORM
:	O
@ZHB0594N	NORM
(PAKAI	NORM
@)	O
KAMU	NORM
MAU	NORM
PAYUDARAMU	NORM
BESAR+KENCANG?	NORM
GAMPANG	NORM
BANGETT	NORM
TINGGAL	NORM
FOLLOW	NORM
DAN	NORM
KONSULTASIKAN	NORM
DENGAN@bigbreastnatural	NORM
AKU	NORM
UDAH	NORM
BUKTIIN	NORM
SENDIRI	NORM
SIST	NORM
???	O
Order	NORM
kesini	O
sis	O
BBM	NORM
:	O
5B8BE79E	NORM
LINE:	NORM
@zhb0594n	NORM
(pakai	O
@)	O

Semoga	NORM
ttp	NORM
istiqomah	NORM
yaa	NORM
teh	O
@rinanose16	NORM

Congratss	NORM
kakk??	NORM

Ada	NORM
yang	O
bisa	O
saya	O
bantu?	O
:)	O
masalah	O
tinggi	O
badan,	O
langsing,	O
menambah	O
berat	O
badan,	O
masker	O
jerawat,	O
pemutih	O
seluruh	O
tubuh,	O
penumbuh	O
rambut	O
atau	O
pembesar	O
payudara?	O
atau	O
ada	O
penyakit	O
lain?	O
silahkan	NORM
jangan	O
ragu-ragu	O
tanya	O
kaka	NORM
:)	O

NGAREPPPPP	NORM
AHAHAHA	NORM
@intanamaliahh	NORM
Tapi	NORM
Aamiinin	NORM
dulu	O
aja	NORM
ya	O

Hay	NORM
banx	NORM

Pala	NORM
barbie	O
pusingggg	NORM

Baru	NORM
liat	NORM
foto	O
yg	NORM
ini.	O
Ada	NORM
siluman	O
jamila,	O
delete	O
aj	NORM
foto	O
ini	O
al	O
???	O
@alghazali7	NORM

Semoga	NORM
allah	O
meridhoi	O
stiap	NORM
apa	O
yg	NORM
kakak	O
lkuin	NORM
:)	O
ttep	NORM
dalam	O
istiqamah	NORM
kak	O

Kak,	NORM
bosan	O
gaji	O
2	O
sampe	NORM
3	O
juta?	O
Pingin	NORM
belanja	O
banyak	O
tapi	O
gak	NORM
ada	O
uang??	O
Yuk	NORM
join	O
di	O
awstore	O
business!!!	O
Modal	NORM
sekali	O
ditabok	O
berkali	O
kali????!!	O
Udah	NORM
banyak	O
yang	O
join	O
bahkan	O
tentara,	O
pegawai	O
dan	O
polisi	O
pun	O
ikut	O
join	O
loh!!!!!	O

@wulandahri_vina	NORM
ya	O
bener	NORM
banget	O
,	O
mereka	O
kurang	O
menikmati	O
hidup,kasian	NORM
banget	O
selama	O
hidupnya	O
cuma	O
bisa	O
ngomentarin	NORM
kehidupan	O
org,tuhan	NORM
aja	NORM
maha	O
pemaaf,	O
lah	O
ini	O
manusia	O
suka	O
nya	O
menghakimi	O
org,	NORM
udh	NORM
kaya	NORM
tuhan	O
aja	NORM
idupnya,	NORM
awas	O
mulutmu	O
bisa	O
jadi	O
kutukan	O
tuhan	O

Kucing	NORM
nya	O
kan	O
item	O
bang.kasi	NORM
nama	O
yudha	O
kelling	O
aj..wkkwkwk	NORM

cocokkk	NORM
bgt	NORM
ini	O
mahhhh	NORM

Duhhhhh	NORM
ngefly	O
gue	O
?????	O

Da	NORM
macem	NORM
dekor	O
orang2	NORM
kerajaan	O
we	O
aish	O
@taniaadel	NORM
@shelsanikitaa	NORM

@rizqy_adhimy	NORM
kue	O
nya	O
dokter	O
banget	O
yaaa	NORM
hahaha	O
nihh	NORM
calon	O
dokter	O
hewan	O
hahahahahahahahaha	O

Bisa	NORM
usul,please	O
difotoin	NORM
dong	O
Jessica	NORM
Mila&Kevin	NORM
Julio,mreka	NORM
psangan	NORM
yg	NORM
romantis	O
skali,	NORM
@dierabachir	NORM
sama	O
kayak	O
Audi	NORM
Billy	NORM

kirain	NORM
kylie	O
??	O

Naura	NORM
Kamu	NORM
Pingin	NORM
punya	O
adek	O
lagi	O
gk?	NORM
@aku_naura	NORM
#nauraqna	NORM

Cantikkk	NORM
parahh	NORM
dong	O
@zaishaqonitaaa	NORM
@aviraputrii_	NORM

Paling	NORM
suka	O
dgn	NORM
caption	O
yg	NORM
ini..	O

Ya	NORM
ampun	O
ga	NORM
nyangka	NORM
banget	O
sama	O
produknya@QUEEN_BEAUTY_NATURAL	NORM
tubuh	O
aku	O
jadi	O
putih	O
alami	O
dan	O
permanen	O
lagi,aku	O
banyak	O
terimakasih	O
nih	O
sama@QUEEN_BEAUTY_NATURAL	NORM
,kalian	O
jangan	O
mau	O
kalah	O
sama	O
aku	O
buruan	O
kalian	O
yg	NORM
belum	O
coba,sekaeang	NORM
waktunya	O
buat	O
coba,aku	O
udah	NORM
buktiin	NORM
ko,giliran	NORM
kalian	O
yg	NORM
ngebuktiin	NORM
:)	O
nih	O
aku	O
punya	O
pinnya	O
5D885B1C	NORM

Kok	NORM
jadi	O
serem	NORM
ya	O

Waaaaw	NORM
cantik	O
bngt	NORM
ka	NORM
@jscmila	NORM
???	O

Cock	NORM

#All	NORM
mau	O
nanya	NORM
yang	O
lawan	O
maenya	NORM
di	O
sinet	NORM
bulan	O
dan	O
bintang	O
yang	O
jadi	O
bulan	O
itu	O
siapa	O
ya	O
?	O

Luar	NORM
biasa	O
kak	O
@cita_citata	NORM
aku	O
trasa	NORM
minpi	NORM
bner2	NORM
gak	NORM
nyangka	NORM
produknya,	O
padahal	O
awalnya	O
aku	O
gak	NORM
percaya	O
kalo	NORM
produk	O
dari@dr.anita.herbal	NORM
bisa	O
mutihin	NORM
kulit	O
aku,	O
kini	O
kulit	O
ak	NORM
jadi	O
lebih	O
putih	O
dan	O
gak	NORM
kusam	O
lagi	O
ka	NORM
:)	O

Natural	NORM
itu	O
yang	O
kyak	NORM
gni	NORM
bgun	NORM
tidur	O
aja	NORM
cntik	NORM
apa	O
lg	NORM
kalau	O
lagi	O
tdur.....	NORM

Siti	NORM
kadijah	O
ajah	NORM

mirippp?	NORM

Apa	NORM
cita2	NORM
temen-temen?,	NORM
TNI,	NORM
Model,	NORM
Pramugari?	NORM
udah	NORM
cek	O
tubuh	O
mu..	O
udah	NORM
ideal	O
belum?	O
salah	O
stu	NORM
syratnya	NORM
Tubuh	NORM
Harus	NORM
Ideal.	NORM
klo	NORM
belum	O
ayo	O
mampir	O
dan	O
follow@Raja.beauty.Shop	NORM
ada	O
solusi	O
teraman	O
dan	O
terbaik	O
???	O

Bungkuuuuuuuuusss	NORM

Mau	NORM
nanya,	NORM
orangtua	O
laki2	NORM
wilona	O
Yang	NORM
mana	O
ya,	O
gag	NORM
pernah	O
dipost	O
ya	O
fhotonya??	NORM
penasaran	O
aja,	NORM
yang	O
tau	O
bleh	NORM
jawab	O
dong????	O

9	O
hiri	NORM
yang	O
lalu	O
nya	O

Cuaaantikk	NORM

Apasih	NORM
kebanggaan	O
kamu	O
bisa	O
sukses	O
ngadain	NORM
#konserdongeng1	NORM
,	O
dengan	O
umur	O
kamu	O
yg	NORM
masih	O
10	O
thn	NORM
,	O
dan	O
knp	NORM
kamu	O
pengan	NORM
ngadain	NORM
konser	O
lagi.	O
#nauraQnA	NORM

Cantik	NORM
dan	O
berbakat	O
sekali	O
??@gitagut	NORM
salut	O
sm	NORM
km!!	NORM

@teguhkrisw	NORM
download	O
ginian	NORM

Cantik	NORM
bgt....	NORM

Cocok	NORM
memang	O
mereka	O
iniw	NORM

Klo	NORM
anak	O
kucing'y	NORM
jantan	O
nama'in	NORM
nurhalil,	O
panggilan'ya	NORM
ALIL..	NORM
klo	NORM
anak	O
kucing'y	NORM
betina	O
nama'in	NORM
putri,	O
panggilan'y	NORM
APUT..	NORM
heeee	NORM
#kereen	NORM
gak	NORM
ka	NORM
@raditya_dika	NORM

Cantik	NORM
full.,pengen	NORM
bgt	NORM
knl	NORM
mbak	O
aura	O

Sebaik"	NORM
org	NORM
itu	O
DIAM	NORM
atas	O
perlakuan	O
org	NORM
laen,	NORM
selagi	O
itu	O
ga	NORM
merugikan	O
diri	O
kita	O
sendiri	O
kenapa	O
harus	O
ngomentarin	NORM
hidup	O
org	NORM
laen.....	NORM
yg	NORM
suka	O
menghujat	O
juga	O
blm	NORM
tentu	O
dirinya	O
selalu	O
bener...	NORM
1x	O
kalian	O
menghujat	O
ajah	NORM
udh	NORM
dpt	NORM
dosa,	O
jd	NORM
jangan	O
pada	O
SOK	NORM
alim	O
semua,	O
urus	O
diri	O
masing"..	NORM
?	O

Cantik	NORM
bangat	NORM
kalau	O
pake	NORM
hijab...	O

Mika	NORM
akan	O
menjadi	O
anak	O
yang	O
luarbiasa	O
,	O
amiin...	NORM
Super	NORM
dasyat	NORM
buat	O
bunda	O

@danakitri	NORM
duhh	NORM
hae	O

Aneh	NORM
ko	NORM
cd	NORM
di	NORM
perlihatkan	NORM

??????	O
Apaaan	NORM
lagiii	NORM
ini	O
ampuuunn	NORM
daaah	NORM
???	O

Lah	NORM
dikira	O
mah	O
casie	O
20thn	O
baru	O
15thn	O
udah	NORM
kaya	NORM
tante"	NORM
boros	O
amat	O

Bisaa	NORM
apa	O
yang?	O
@dias_prayoga	NORM

@afrianidr	NORM
aku	O
ndak	NORM
bandel	O
ya	O
maak	NORM
?	O

Yayaya	NORM
betul	O
betul	O
like	O
banget	O
lanjut	O
trus	NORM
princes	O
@princessyahrini	NORM
???	O
we	O
love	O
you	O

Pinter	NORM
banget	O
gempi	O
nya	O
@gadiiing	NORM
@gisel_la	NORM

@nerafarfalla	NORM
gini	NORM
dong	O
mi	O
sekali-kali	O
wkwkwk	O

Kak	NORM
mischa	O
lbh	NORM
tinggi,,,trs	NORM
jidad	NORM
nya	O
lbh	NORM
lebar	O
hhehehe	O

Envy	NORM
deh	O
ahhhh	NORM

SUCInya	NORM
Bayi	NORM
kecil	O
mungil	O
itu.	O
.	O
.	O
?	O
Smoga	NORM
jd	NORM
anak	O
yg	NORM
Sholeh	NORM
berguna	O
dimasa	O
depan,	O
agar	O
kelak	O
bs	NORM
jd	NORM
Kebanggan	NORM
u'	NORM
Sang	NORM
Bunda	NORM
dan	O
Ayahnya.	NORM
Amin	NORM

Naturalllll	NORM

Haha	NORM
tuhanya	O
males	NORM
:D	O
@novaluiz	NORM

Coba	NORM
ada	O
yg	NORM
bisa	O
bikin	O
aku	O
begini	O
@vs_si.la	NORM

@nisachusna	NORM
emang	NORM
yo	NORM
beb	O
baru	O
20	O
th,	NORM
aku	O
kan	O
dah	NORM
bilang	O
uga	NORM
kmren	NORM

Takuuuuut	NORM

Aamiin	NORM
yra	O

@yolandinasphr	NORM
@hafidha6699	NORM
lucuu	NORM
banget	O
aaaak	O

G	NORM
tau	O
knp	NORM
suka	O
bngt	NORM
kl	NORM
lht	NORM
@bramastavrl	NORM
sama	O
natasa	O
wilona	O

Profil	NORM
fto	NORM
pke	NORM
hijab	O
tp	NORM
blg	NORM
ya	O
ampun	O
islam	O
kw	NORM
lu@2diniku	NORM

@yulianilansya	NORM
abis	NORM
nonton	NORM
aadc	O
langsung	O
started	O
following	O
@nicholassaputra	NORM
?	O

Tapi	NORM
fany	O
udah	NORM
unfoll	O
ka	NORM
raisa	O
gegra	NORM
kmrin	NORM

@ahmaddhaniprast	NORM
putri	O
kecilnya	O
digituin	NORM
kok	O
dibiarin	NORM
aja	NORM
sich.aq	NORM
yg	NORM
gk	NORM
ikut	O
pny	NORM
ank	NORM
aja	NORM
ikut	O
geram.org	NORM
gk	NORM
tau	O
apa	O
yg	NORM
sbnrny	NORM
trjd	NORM
dlm	NORM
kehidupan	O
m.dhani,mrk	NORM
gk	NORM
mkir	NORM
bhw	NORM
sebuah	O
permasalahan	O
itu	O
gk	NORM
mgkn	NORM
hny	NORM
slah	NORM
1	O
yg	NORM
slah.pasti	NORM
22nya	NORM
slah.seenaknya	NORM
ngatain	NORM
ini	O
itu.apalai	NORM
ini	O
fea	O
yg	NORM
dikata2in.tega	NORM
banget	O
tuh	O
@septi_ayu86	NORM
...ya	O
allah....	O

Pasangan	NORM
serasi...yang	O
satu	O
sholeh	O
yang	O
satu	O
sholihah	NORM
suka	O
bangett	NORM
lihatnya	O
@ichasoebandono	NORM
????	O

Bunda	NORM
maia	O
chantik	O
nya	O
pake	NORM
bangget	NORM
deh...love	O
u	NORM
bundaa....?????	NORM

Kmaren	NORM
mbak	O
fatin	O
saya	O
ambilin	NORM
tiket	O
mobil	O
nya	O
pas	O
mau	O
ke	O
LSPR..	NORM

Judul	NORM
lagu	O
nya	O
ada	O
yg	NORM
tau	O
gk	NORM
bantu	O
jawab	O
dong	O
klo	NORM
tau	O

Pertahankan	NORM
yah	NORM
teteh	O
rina.	O
Semoga	NORM
semakin	O
istiqomah	NORM
dan	O
bila	O
perlu	O
pke	NORM
syar'i	O
teh	O
@rinanose16	NORM

yang	O
kek	NORM
perut	O
aku	O
ya???	O
@mfahmifachrudin	NORM

Lucuk	NORM
mbak	O
@harni78	NORM

Kalo	NORM
kelewat	O
ya	O
nyebur	NORM

@valrifqia	NORM
yukkkk	NORM

@yeremiakrisanto	NORM
ya	O
emang	NORM
itu	O
sindiran,	O
msh	NORM
dlm	NORM
koridor	O
wajar	O
kok	O

Ente	NORM
hobi	O
skali	NORM
stalking	O
mantan	O
ane	O
hehee	O
@topansupertramp	NORM

Gokillllll	NORM

Msh	NORM
mending	O
diingetin	NORM
sesama	O
manusia.	O
Ntar	NORM
kalo	NORM
udah	NORM
ALLAH	NORM
yg	NORM
ngingetin,	NORM
NGERIIIIII.	NORM

Kasih	NORM
nama	O
zero	O
bang...	O
Karena	NORM
wajahnya	O
bentuk	O
topeng	O
zero...	O
Utk	NORM
yg	NORM
cwo...klo	NORM
cwe	NORM
zebra...	O
Panggil	NORM
z	NORM
brara	O

Gx	NORM
lhat	NORM
ja	NORM
dah	NORM
naksir	NORM

Tetep	NORM
cantik	O
kok	O

@putrapratama27	NORM
Agnezmo	NORM
cepet	NORM
keriput	O
karena	O
kalo	NORM
nyanyi	O
ekspresi	O
wajahnya	O
berlebihan,	O
pantes	NORM
aja	NORM
gampang	O
kerut,	O
liat	NORM
kalo	NORM
nyanyi	O
urat2nya	NORM
ketarik	NORM
gitu	NORM
,teknik	O
vokalnya	O
emang	NORM
bagus	O
banget	O
tapi	O
ngorbanin	NORM
wajah	O
jadi	O
tambah	O
kerut	O
makanya	O
cepet	NORM
keriput,	O
jarang	O
banget	O
juga	O
dia	O
kalo	NORM
di	O
photo	O
dengan	O
eksprsi	NORM
muka	O
ketawa	O
di	O
IGnya	NORM
karena	O
kelihatan	O
jelas	O
kerutnya	O

Kok	NORM
aq	NORM
ga	NORM
tau	O
y....	NORM
padahal	O
aq	NORM
nonton	NORM
#aadc2	NORM
di	O
cgvblitz	O
tgl	NORM
30042016	O

Aminnn	NORM
ya	O
rabbal	O
alamin,,,,	O

@dhexanggit	NORM
emm	O
gak	NORM
mirip	O
sama	O
pacarmu	O

@im.jemavers	NORM
kn	NORM
udh	NORM
gnti	NORM
ig	O

@sabithanurul24	NORM
@nadia_evelyn09	NORM
gantengg	NORM
banget,pengen!	NORM

So	NORM
swet	O
bingit	NORM

Lihatnya	NORM
macam	O
gerakan	O
"Pahlawan	NORM
Bertopeng",	NORM
tapi	O
SERU	NORM
LAAAAH	NORM
???	O

Kk	NORM
icha	O
sweet	O
bangett	NORM
yaaa,,,	NORM

Ade	NORM
pusing	O
liatnya	NORM
@ginadwiwahyuni	NORM

Terimah	NORM
kasih	O
fatin,,,udh	NORM
brkunjun	NORM
d	NORM
kab.Kepulauan	NORM
aru.	O

Komennya	NORM
pada	O
sadis2??	NORM

Njiirr	NORM
kok	O
tau	O
kau?	O
@adewulansh	NORM

gk	NORM
ada	O
yg	NORM
lbih	NORM
lucu	O
lagi	O
tah	NORM
bk	O
hahaha	O

makin	O
cantik	O
kak	O
rina	O
pake	NORM
hijab...	O
??	O

cantik	O
bgttttttt	NORM

Mantan	NORM
sahabat	O
mereka	O
dululag	O
masak	O
gk	NORM
kenal	O

Pindah	NORM
ke	O
lain	O
hatii	NORM
aja	NORM
laa	NORM
???	O
@hasiahfebriyanti	NORM

Cantik	NORM
mba	NORM
lbh	NORM
adem	O
liat	NORM
nya	O
n	NORM
manisss	NORM

Lipstiknya	NORM
kereenn	NORM
..	O
merek	O
apa	O
y	NORM

Emesshhh	NORM
gempii	O

@veloveputrii	NORM
lo	O
liat	NORM
jg	NORM
anak2nya	NORM
yg	NORM
tdnya	NORM
si	NORM
dhani	O
bersih	O
keras	O
bkin	NORM
maia	O
jauh	O
dr	NORM
ank2nya	NORM
tp	NORM
akhirnya	O
ank2nya	NORM
yg	NORM
milih	NORM
kembali	O
ke	O
ibunya	O
sndiri	NORM
kn	NORM
stelah	NORM
mrk	NORM
branjak	NORM
besar	O
dan	O
sdh	NORM
mulai	O
mengerti..	O
Ank2	NORM
tuh	O
gk	NORM
bs	NORM
bohong	O
masyarakay	NORM
yg	NORM
lht	NORM
jg	NORM
bs	NORM
nilai	O
dr	NORM
situ	O
ya	O
otak	O
udang	O
mudah2an	NORM
otak	O
lo	O
nyampe	NORM
utk	NORM
menegerti	NORM
itu	O
jgn	NORM
kyk	NORM
majikan	O
lo	O
si	NORM
mulan	O
yg	NORM
gk	NORM
nyampe	NORM
pikirannya	O
makanya	O
suami	O
temen	NORM
yg	NORM
bkin	NORM
hdpnya	NORM
enak	O
diembat	O
juga	O

KANGEN	NORM
KA	NORM
LUNA,ALMARHUM	NORM
KA	NORM
OLGA.	NORM
CUMA	NORM
BISA	NORM
KEBAYANG	NORM
KA	NORM
LUNA.KA	NORM
OLGA	NORM
DAN	NORM
KA	NORM
RAFFI	NORM
BISA	NORM
BERTIGA	NORM
LAGI	NORM
DI	NORM
DAHSYAT.	NORM
YG	NORM
LUCU.YG	NORM
BIKIN	NORM
SEMANGAT	NORM
HARI	NORM
HARI	NORM
?	O

Sabar	NORM
aja	NORM
kak	O
salsa	O
gak	NORM
ush	NORM
dimasukin	NORM
hati	O
klo	NORM
ada	O
yg	NORM
jelekin	NORM
elovii	O
sabar	O
aja	NORM
berarti	O
orng	NORM
yg	NORM
mau	O
jahatin	NORM
elovii	O
dan	O
jelekin	NORM
elovii	O
adalah	O
orng	NORM
iri	O
gak	NORM
ush	NORM
masukin	NORM
dalam	O
hati	O
"DON'T	NORM
WORRY	NORM
AND	NORM
SAD	NORM
BUT	NORM
WE	NORM
ARE	NORM
LOVE	NORM
YOU	NORM
AND	NORM
BE	NORM
HAPPY	NORM
KAK	NORM
@salshabillaadr"	NORM
KAMI	NORM
SEMUA	NORM
SAYANG	NORM
SAMA	NORM
KAK	NORM
SALSA	NORM
?????????	O

Salehah	NORM
ya	O
Kakak	NORM
@rinanose16	NORM

In	NORM
jilbb	NORM
d	NORM
robani	O
kok	O
g	NORM
ada	O
ya	O
:(	O

@mfatihulihsan	NORM
mattihhh	NORM
koenn	O

ayoook.	NORM
kalo	NORM
udah	NORM
nikah	O
yah	NORM
sayang	O
@apriliani_gita	NORM
??	O

Kediri	NORM
yaakk...	NORM
^^	O

Udo	NORM
@tulusm	NORM
happy	O
milad	O
ya..??	O
smga	NORM
diberi	O
kesehatan,	O
kebaikan	O
dan	O
sukses	O
slalu.	NORM
amiin.	NORM

@emilia.ap	NORM
gendut	O
bets	NORM
ya	O
setelah	O
beranak	O
(?)	O

Jual	NORM
Converse	NORM
,	O
jaket	O
Nike,	NORM
Adidas,	NORM
Puma.	NORM
Grade	NORM
ori.	NORM
Harga	NORM
pelajar.	O
Cek	NORM
ig	O
ku	O
yu	NORM
:)	O
@dicky_kw	NORM
@bimodwiputra_	NORM
@indahkurnia9	NORM
@ernalingg	NORM
@yusmanyamaha	NORM
@emillyeleonora	NORM
@riaa228	NORM
@teriadiwiranata	NORM
@maa_hismaa	NORM

Udh	NORM
cocok	O
bgt,	NORM
mukanya	O
mirip,	O
senyumnya	O
mirip	O
banget	O
tp	NORM
sayang	O
kalian	O
ga	NORM
jodoh	O
?	O
@septriasaacha	NORM
@irwansyah_15	NORM

@cheesti	NORM
kaya	NORM
di	O
negeri	O
berbiiiiiihhh	NORM

Happy	NORM
birthday	O
tehhhh?????	NORM

mo	NORM
muntah	O
wueeekkk	O

INGIN	NORM
TAU	NORM
RAHASIA	NORM
CANTIK	NORM
DAN	NORM
LANGSING	NORM
PARA	NORM
ARTIS	NORM
DAN	NORM
MODEL2	NORM
TERNAMA?	NORM
CEK	NORM
THIS	NORM
OUT@DOKTER.TUBUHIDEAL	NORM
PIN:	NORM
5FC26236	NORM
SEMUA	NORM
PRODUK	NORM
ASLI	NORM
DAN	NORM
BERGARANSI!!	NORM

cantiknnnnyaaaaaaa	NORM
@arie_ansyah	NORM

Ga	NORM
ada	O
yg	NORM
bisa	O
ngegantiin	NORM
sosok	O
yoga	O
saputra	O
?	O

Kaya	NORM
@je_jjee	NORM
kalo	NORM
uda	NORM
makan,,	O
hahah	O
@aigaptry	NORM
@refirendra	NORM
@sijimet	NORM

Lucu	NORM
abiz,bkin	NORM
kangen	O
dan	O
gemes	NORM
tiap	O
hari	O
i	O
love	O
Gempi	NORM

Mau	NORM
gtu	NORM
juga	O
kaliii	NORM
@damanikyoga	NORM

Aku	NORM
Mau	NORM
kek	NORM
gitu	NORM
@gracenitapatricia	NORM
@zhafirarefanza	NORM
@riskaoktavianti	NORM
@afriliaflora	NORM
@nurfadillaar	NORM

@ririzaloebis	NORM
sip	O
mbak.	O
:)	O
tp	NORM
memang	O
biar	O
jadi	O
urusanny	NORM
Allah	NORM
aja	NORM
deh.	O
Krn	NORM
balik	O
lg	NORM
urusan	O
seorang	O
hamba	O
dg	NORM
Tuhanny.	NORM
Gitu	NORM
aja.	NORM
Malah	NORM
yg	NORM
miris	O
ini	O
saya	O
baca	O
komen	O
saling	O
brtngkar	NORM
ini	O
knp	NORM
sih???:(	O
sllu	NORM
hny	NORM
krn	NORM
beda	O
pndapat	NORM
hmm..sabar	O
ya	O
teman2	NORM
yg	NORM
komen	O
sling	NORM
beda.	O
Mnding	NORM
nmbah	NORM
temen	NORM
looh	NORM
drpd	NORM
nambah	NORM
musuh	O
:)	O
^^	O

@nnaanna_	NORM
@wiwiendz	NORM
amiin	NORM
ya	O
Allah,	NORM
many	O
thanks	O
dear	O
???	O
alhamdulillah	O
byk	NORM
yg	NORM
sayang	O
sama	O
mika	O
:')	O

Tak	NORM
ada	O
ayah	O
yang	O
tak	O
tersentuh	O
dgn	NORM
karakter	O
sosok	O
@marshanda99.	NORM
Satu	NORM
artikel	O
yg	NORM
pernah	O
sy	NORM
tulis	O
ttg	NORM
figur	O
publik	O
ini	O
mdh2an	NORM
bisa	O
menginspirasi	O
anak2	NORM
masa	O
depan,	O
bahwa	O
kebaikan	O
itu	O
bukan	O
dongeng	O
tapi	O
mmg	NORM
ada	O
dalam	O
realita.	O
@marshanda99	NORM
sudah	O
mendidik	O
anak2	NORM
masa	O
depan	O
dgn	NORM
karakternya	O
ini.	O

Converse	NORM
160	O
ribu	O
dan	O
vans	O
190	O
ribu,	O
semua	O
kualitas	O
grade	O
ori	NORM
dan	O
include	O
box	O
&	O
tag.	O
Silahkan	NORM
cek	O
ig	O
@sfashion_shop	NORM
atau	O
@murah_converse_shoes	NORM

Selamat	NORM
y	NORM
to	NORM
kk	NORM
uben	O
n	NORM
mb	NORM
wenda....	O
Ats	NORM
klahiran	NORM
putri	O
cantiknya....	O

Uda	NORM
celotehya...seburuk2	NORM
ya	O
marshanda	O
psti	NORM
dy	NORM
akan	O
kembali	O
sperti	NORM
dlu	NORM
ini	O
pengaruh	O
rumah	O
tanggayajdi	O
dy	NORM
seperti	O
ini...	O

Manusia	NORM
Paling	NORM
Kocak	NORM
Itu,	NORM
Asal	NORM
Liat	NORM
Mang	NORM
Uus	NORM
Pasti	NORM
Sakit	NORM
Perut	NORM
Gara''	NORM
ketawa	O
teruss,	NORM
SukSes	NORM
Buat	NORM
Mang	NORM
Uus	NORM
?	O
@uus__	NORM
Good	NORM
Job	NORM
Pokok'a	NORM
Mang	NORM
@uus__	NORM

Lucu	NORM
bgt?.	NORM

PENGEN	NORM
MEMPERBESAR	NORM
PAYUDARA	NORM
TAPI	NORM
UANG	NORM
MASIH	NORM
KURANG?	NORM
BELI	NORM
NYA	NORM
DI@DELTABREASTCARE	NORM
DEH,	NORM
KAMU	NORM
BISA	NORM
DAPETIN	NORM
ALAT	NORM
AMPUH	NORM
PEMBESAR	NORM
PAYUDARA	NORM
DENGAN	NORM
CARA	NORM
DICICIL.	NORM
INFO	NORM
BBM	NORM
5F645D8A	NORM
ATAU	NORM
KLIK	NORM
LINK	NORM
DI	NORM
BIO	NORM

Suka	NORM
banget	O
sama	O
mbak	O
@dewisandra	NORM
..	O
Gk	NORM
bosen2	NORM
?	O

Aku	NORM
malu	O
banget	O
sama@dr.fauzi_herbal.therapy	NORM
.	O
Dulu	NORM
aku	O
DC	NORM
BBM	NORM
nya	O
karna	NORM
ngga	NORM
percaya	O
sama	O
sekali	O
sama	O
produknya?	O
Tapi	NORM
aku	O
invite	O
lagi	O
karna	NORM
penasaran?	O
waktu	O
aku	O
coba	O
pemutih	O
seluruh	O
badan	O
sama	O
pelangsing	O
nya,	O
takjub	O
banget	O
perubahannya?	O
Bener2	NORM
rubah	O
total?	O
gak	NORM
nyesel	NORM
deh.	O
?	O
Ayooo	NORM
patut	O
dicoba!	O
Langsung	NORM
aja	NORM
cek@dr.fauzi_herbal.therapy	NORM
mumpung	O
ada	O
promo	O
hihi?	O

Manis	NORM
bgt	NORM
ka	NORM
???	O

Ya	NORM
amploppp	NORM
??	O
@shufia_kennedy	NORM

Imuuttt	NORM

.	O
Slmat	NORM
ya	O
ko	NORM
uben	O
and	O
cce	O
wenda	O

Ke	NORM
tempat	O
kyk	NORM
gt	NORM
pake	NORM
rok	O
panjang.	O
Geeelaakk	NORM
@winaspt	NORM
@junitari	NORM
wkwk	O

cantik	O
bgt	NORM
di	O
belakang	O
kaya	NORM
yg	NORM
mirip	O

A	NORM
beeii	O
gini	NORM
engga	NORM
nantiii??	NORM
??@mujamil.mutaali10	NORM

Mirip	NORM
banget	O
qaqaaaa	NORM
@mainetris	NORM
???	O

Au	NORM
nih	O
foto	O
doangam	NORM
juga	O
jadi	O
tebir"	NORM
amad,-	NORM

Lutu	NORM
na	NORM
dul	O
waktu	O
kecil	O

Begh	NORM
jan	NORM
emboh	O
pokok	O
wong	O
loro	O
kuwi.	O
Terbaeeeek..	NORM
@aprilina25	NORM

@dianferdin	NORM
tahan	O
aja	NORM
dulu	O
?	O

Kak	NORM
olgaaaa	O
kangennnn	NORM

Haid	NORM
tdk	NORM
lancar,	O
Miom,	NORM
Kista,	NORM
peymbtan	O
TuBa	NORM
dll.	O
Konsultasi,	NORM
BBM.	NORM
5ABE53FC	NORM

Maaf	NORM
ya	O
mba.	NORM
Aku	NORM
bukan	O
sok	O
tau	O
.	O
Tapi,	NORM
brhijab	O
itu	O
wajib	O
bagi	O
muslim.	O
Urusan	NORM
sikap	O
dan	O
sifat	O
itu	O
gak	NORM
ada	O
kaitannya	O
dg	NORM
hijab.	O
*cuma	O
mengingatkan	O
sebagai	O
saudra.	NORM
?	O
maaf	O
jika	O
trganggu	NORM
kk.	NORM

Nda	NORM
maauuu...	NORM
jd	NORM
ke	O
embemen	O
@ndani25	NORM
..hihii	O

kemaren	NORM
sempet	NORM
nangis	NORM
karna	NORM
ada	O
yg	NORM
ngaku"	NORM
coklat	O
itu	O
dari	O
diaa	NORM
padahal	O
dari	O
aku	O
@yoeriche	NORM
followback	O
donkk	NORM
kak	O

Here..first	NORM
time	O
we	O
met????	NORM
kapan2	NORM
ke	O
Surabaya	NORM
lagi	O
ya	O
mas??	O

@chaz_leo_	NORM
israel	O
luh	NORM

Wkwkkw	NORM
sabal	NORM
ya	O
lak.	O
Udahlah	NORM
stop	O
bermimpi	O
kauuuu	NORM
@cmsihotang	NORM

wisudanya	O
sederhana	O
bgt	NORM
make	NORM
up	O
sm	NORM
style	O
nya..	O
bedanyaaa	NORM
sm	NORM
wisuda	O
di	O
Indonesia...	NORM

Kangennnn	NORM
olgaa	O
syahputraa	O
?????	O

Di@herbalpedia_shop	NORM
Kini	NORM
telah	O
hadir	O
alat	O
pembesar	O
payudara	O
multifungsi	O
yang	O
bisa	O
bikin	O
payudara	O
kamu	O
jadi	O
tambah	O
besar	O
dan	O
kancang	NORM
hanya	O
dalam	O
waktu	O
kurang	O
dari	O
1	O
minggu!!!!	O
untuk	O
selengkapnya	O
invite	O
bbm	O
5FC3A968	NORM

@melia442	NORM
kaa	NORM

dhani	O
yg	NORM
ceraikan	O
maia	O
LEWAT	NORM
SMS	NORM
malahan	O
@ayujuariserizha	NORM

Liatiii	NORM
jombsss	NORM
?	O
@idaamaliaa	NORM

@aliya_373	NORM
pengen	NORM
ini,,	O
pengen	NORM
ini..	O
Suerrr	NORM
deh	O
??	O
gk	NORM
akan	O
mnta	NORM
yg	NORM
lain	O
lg	NORM
syg	NORM
???	O

Gue	NORM
awalnya	O
gak	NORM
percaya,	O
setelah	O
ke	O
fantasypanel.id	O
rupanya	O
emang	NORM
beneran!	NORM
followers	O
dan	O
like	O
gue	O
nambah	NORM
banyak!	O

Mereka	NORM
mirip	O
.	O
Lah	NORM
aku	O
ga	NORM
ada	O
mirip	O
sama	O
keluarga	O
@fitriramadhani_95	NORM

Anjaayy	NORM
@arieagha	NORM

Dede	NORM
mimpimu	O
mngkin	NORM
klau	NORM
saya	O
mau	O
diksi	NORM
bgini!??	NORM
@shlsabl	NORM
@nrulftmh	NORM

Wkwkw	NORM
kaku	O
ya	O
paaak	NORM

Gooo	NORM
ahok	O
anak	O
hokiii	NORM
!!	O
?	O

Kaya	NORM
gini	NORM
aku	O
nantiii	NORM
yeayyyy	O
@adindamayass	NORM
@mindanasution31	NORM
@sitifeliafelaa	NORM
@anggrainisiregar13	NORM
@novitaasari19	NORM
@ryandnst	NORM
@baskoroaditya	NORM
@anggapraditya31	NORM
@misbahhayati06	NORM

Kak	NORM
fatin,	O
kan	O
papa	O
nya	O
kakak	O
ngajar	NORM
di	O
sma	NORM
aku	O
hahaha	O
;;)	O

Cantik	NORM
gak	NORM
kuatttt	NORM
@	O

Marshanda	NORM
tuh	O
keliatan	NORM
bgt	NORM
wataknya,	O
keras	O
gk	NORM
mau	O
ngalah,	NORM
ngelawan	NORM
sm	NORM
mamanya..	O

ini	O
pasti	O
diajarin	NORM
lu	O
fix	O
@tristanjulianos	NORM

Mereka	NORM
bukan	O
musuhan.	O
Itu	NORM
memang	O
cara	O
bunda	O
memaafkan.	O
Setiap	NORM
orang	O
beda2	NORM
toh.	O
Semangat	NORM
bun	O
!	O
????	O

Lagi	NORM
nyari	NORM
seragam	O
buat	O
foto,	O
kondangan,	O
kantor	O
?	O
Yuk	NORM
cek	O
ig	O
kami	O
kain	O
batiknya	O
cocok	O
banget,	O
kualitas	O
premium,	O
murah	O
banget	O
??	O

Lagian	NORM
cuma	O
foto	O
jadi	O
pada	O
tebir	NORM
hahah	O

Aamiin	NORM
ya	O
rabbal'alamin	O

Eh	NORM
ga	NORM
usah	O
ngomong	NORM
kayak	O
gitu	NORM
keles	NORM
emang	NORM
loh	O
islam	O
ga	NORM
berdosa	O
?	O
Sok	NORM
tau	O
aja	NORM
loh	O
hina	O
hina	O
agama	O
orang	O
!	O
Kayak	NORM
loh	O
ga	NORM
berdosa	O
aja	NORM
!	O
Emang	NORM
tuhan	O
loh	O
?!!!!	O
@muhammad_ridho_edho	NORM

Canttttikkk	NORM
@rinanose16	NORM

mamanya	O
mirip	O
bngt	NORM
sma	NORM
wilona?	O

Keren	NORM
kata2nya	NORM
ynk	NORM
@ekkahondatrioraya	NORM
??	O

Love	NORM
syg	NORM
@rinanose16	NORM
bersyukur	O
skali	NORM
kaka	NORM
dapat	O
hidayah	O

@benycahyadin	NORM
?	O
jalan2	NORM
abis	NORM
nikah	O
amin	O

@yoeriche	NORM
yor	O
lagi	O
dimana?	O
Meet	NORM
up	O
bole	NORM
lahhh	NORM
?	O
#eh	NORM
#sokkenal	NORM

rambute	O
sampek	NORM
morat	O
marit	O
pak??	O

@oliviachyn	NORM
@dinmuth	NORM
@helvaindriani	NORM
seungriii	O
genggg	NORM

Iri	NORM
tanda	O
tak	O
mampu	O
kak.	O
Sabar	NORM
ajaa	NORM

MAUU?????	NORM
@vannisafajr	NORM

INVITE	NORM
5E8CA768	NORM
"	O
MALU	NORM
ITU	NORM
KETIKA	NORM
SUAMI	NORM
BILANG	NORM
MAH	NORM
PUNYA	NORM
MU	NORM
KO	NORM
#KECIL~	NORM
SKRG	NORM
JANGAN	NORM
KHAWATIR	NORM
AKU	NORM
ADA	NORM
SOLUSI	NORM
UNTUK	NORM
#PEMBESAR	NORM
#PAYUDARA	NORM
PIN	NORM
BBM	NORM
:	O
5E8CA768	NORM
/	O
IG@DR.BEAUTYBREAST	NORM

Ngefans	NORM
dr	NORM
dulu	O
pas	O
maen	NORM
film	O
my	O
heart	O
?	O

@mhellena2	NORM
alhamdulillah	O
,	O
tapi	O
yang	O
ini	O
lebih	O
imutt	NORM

@jkt48	NORM
bkln	NORM
ada	O
di	O
hut	O
nya	O
@officialrcti	NORM
ya	O

@nurzafaozy	NORM
janganlah	O
juga	O
menutupi	O
dengan	O
pertanyaan...mohon	O
maaf	O
ya,	O
anjing	O
mmg	NORM
ga	NORM
pernah	O
menggonggong	O
kalau	O
semua	O
baik2...anjing	NORM
hanya	O
menggonggong	O
saat	O
suasana	O
tidak	O
baik.	O
Silahkan	NORM
cek	O
ilmiahnya.	O
Anda	NORM
juga	O
harus	O
belajar	O

ini	O
beneran?@shafiraalya_m	NORM

@aldodarwinmadika	NORM
iyaa	NORM
kenapa	O
ya	O

Folowback	NORM
aku	O
kk	NORM

Knp	NORM
mst	NORM
add	NORM
aliando	O
see	NORM

15th	O
ree	O
u	NORM
kalah	O
wkw	O
@renaap94	NORM

Ngmng	NORM
Taekk	NORM
lahhhhhh.....	NORM
Muna	NORM
Akhirnyapun	NORM
ketahuan	O
kedokk	NORM
dasar	O
PEREBUT	NORM
SUAMI	NORM
ORANG	NORM

MAU	NORM
DAPET	NORM
FOLLOWERS	NORM
LIKERS	NORM
BANYAK	NORM
KAYA	NORM
ARTIS?	NORM
YUK	NORM
BELI	NORM
DI	NORM
KITA,	NORM
BAKAL	NORM
MAKIN	NORM
MURAH	NORM
KALO	NORM
BELI	NORM
DUA2NYA?	NORM

@ladysirait	NORM
anak	O
ini	O
ngomong	NORM
apaaa	NORM
ya	O
ampuunn	NORM

Hikz	NORM
hikz	O
???	O
pengen	NORM
@hasiahfebriyanti	NORM

Lu	NORM
mw	NORM
liat	NORM
kembaran	O
lu	O
dek	O
@fatin30	NORM
,cek	O
aj	NORM
ig	O
tmn	NORM
gue	O
@indahelkarim	NORM

INVITE	NORM
5E8CA768	NORM
"	O
MAU	NORM
PUNYA	NORM
PAYUDARA	NORM
BESAR	NORM
PADAT	NORM
DAN	NORM
IDEAL	NORM
?	O
AKU	NORM
SIH	NORM
SARANIN	NORM
KAMU	NORM
CARI	NORM
TAHU	NORM
SOLUSINYA	NORM
DI@DR.BEAUTYBREAST	NORM
KARENA	NORM
2	O
MINGGU	NORM
YANG	NORM
LALU	NORM
AKU	NORM
BELI	NORM
ALAT	NORM
MHCA	NORM
DISANA	NORM
DAN	NORM
HASILNYA	NORM
SKRG	NORM
PAYUDARA	NORM
AKU	NORM
JAUH	NORM
LEBIH	NORM
KENCANG	NORM
DAN	NORM
UKURANNYA	NORM
PUN	NORM
SUDAH	NORM
MULAI	NORM
MEMBESAR	NORM
NIH	NORM
GA	NORM
NYESEL	NORM
DEH	NORM
^_^	O
NIH	NORM
ADD	NORM
AJA	NORM
BBM	NORM
NYA	NORM
5E8CA768	NORM
wa	O
+621322083838	O

Kocakkk	NORM
Kristen	NORM
pake	NORM
hijabb	NORM
dasarrr	NORM
mempermainkan	O
agama	O
Islam	NORM
ajaaa	NORM
nih...!!!!!	O

Hahaha	NORM
aku	O
sih	O
masih	O
newbie	O
joo.	O
Baru	NORM
dari	O
semester	O
akhir	O
kuliah	O
kmrn.	NORM
Klo	NORM
kamu?	O
@yuyunesel	NORM

Follback	NORM
Donk	NORM
KAK	NORM

@aeinieaeinie	NORM
iya	O
mba...	NORM
Hihihi	NORM
lucu	O
bnget	NORM
ya	O

@sampoerno_	NORM
lo	O
mucikari	O
anak	O
lo	O
cabenya,	O
dahh	NORM
elo	NORM
dehh	NORM
sekeluarga	O
cabe2an	NORM
Dan	NORM
terong2an	NORM
sekalian	O
emak	O
lo,	O
nenek	O
lo	O
seklian	NORM
lo	O
sekeluarga	O

Kk	NORM
rina	O
polback	O

@darevezel	NORM
duh	O
pagi-pagi	O
ada	O
yg	NORM
beginian	O
re	O
rasanya....	O

Happy	NORM
birthday	O
kak	O
..	O
Sukses	NORM
trussss	NORM

sblm	NORM
off	O
jawab	O
punyaku	O
dulu	O
yah..	NORM
@yoeriche	NORM

Duh	NORM
kaya	NORM
tukang	O
cuci	O
tuh	O
cwe	NORM
?	O

semangat	O
terus	O
ya	O
kak,	O
terharu	O
bacanya	O
sampek	NORM
nangis.	NORM
salam	O
sayang	O
buat	O
mikaa	O

@maityaulia	NORM
apaan	O
dh	NORM
orng	NORM
kk	NORM
juga	O
wkwkwk	O

Apaa,	NORM
15	O
?	O

Nd	NORM
ush	NORM
bwa"	NORM
agma	NORM

@eviwlan	NORM
luar	O
biasaaaa	NORM

Love	NORM
you	O
kak	O
??	O
semoga	O
slalu	NORM
diberi	O
kesehatan	O
kaka	NORM
cha"	NORM
sama	O
papanya	O
????	O

astaga,	O
teteknya	O
ngalahin	NORM
emaknya	O

Hepi	NORM
bday	O
kokohh,,;)	NORM

Yg	NORM
nomor	O
1	O

Ternyata	NORM
5	O
mei	O
ke	O
surabaya	O
inii	NORM
hmm	O
@anggeradita	NORM

Sama	NORM
gagahx	NORM

Jangan	NORM
pada	O
menghina	O
juga	O
lah,	O
kalau	O
pun	O
agamamu	O
benar	O
belum	O
tentu	O
u	NORM
org	NORM
yg	NORM
benar	O

Pengen	NORM
y	NORM
@falfazahra	NORM

Mntn	NORM
terindah	O
tetap	O
dlm	NORM
jiwa	O
@karuniamukti	NORM
?	O

Lucunaaa	NORM
@naza_syakira	NORM

@gede.sudarma	NORM
dijewer	O
jdi	NORM
kekerasan?	O
Jgn2	NORM
anda	O
produk	O
dari	O
didikan	O
mcm	NORM
bgni	NORM
ya,	O
makanya	O
ngomong	NORM
sj	NORM
ga	NORM
sopan.	O
Kamu-kamu..	NORM
emg	NORM
situ	O
kenal	O
sm	NORM
sy,	NORM
main	O
kamu2.	NORM
Kampungan.	NORM

Nggak	NORM
mau	O
melek	O
ini	O
gimana	NORM
@diahptanti	NORM
@ferlianameydikaa	NORM
@umaro2320	NORM

kayak	O
pacar	O
sayaa	NORM
wendel's	NORM
?	O

?	O
?	O
?	O
?	O
UMUR	NORM
30	O
TAHUN	NORM
KEATAS	NORM
GAK	NORM
BISA	NORM
TINGGI???	NORM
?	O
FAKTA	NORM
VS	NORM
TAHAYUL???	NORM
?	O
Cek	NORM
ig	O
Kita	NORM
yok,	NORM
TIPS	NORM
TINGGI	NORM
AMAN	NORM
????	O

bagus	O
teh	O
kl	NORM
foto	O
yg	NORM
ngumbar	NORM
auratnya	O
dhpusin	NORM
smua,,soalnya	NORM
dosa	O
akan	O
terus	O
mengalir	O
meski	O
kita	O
sudah	O
mati!	O
semoga	O
tteh	NORM
bsa	NORM
lebih	O
istiqomah.aamiin	NORM

Tetep	NORM
ganteng	O
kok	O
bangg	NORM
@aliandooo	NORM

Lar	NORM
nih	O
yg	NORM
gw	NORM
kasih	O
tau	O
wkwkkwkwkwkwkwkwkw	O
@la.ras	NORM

Subhanallah	NORM
teh	O
@rinanose16	NORM
..	O
moga	O
hijabnya	O
bertahan	O
smpai	NORM
akhir	O
hayat..	O
meni	O
geulis	O
pisan	O
atuh?	O

Yg	NORM
tatoan	O
marcel	O

Semuanya	NORM
PERENCANAAN	NORM
dan	O
namanya	O
perencanaan	O
kadang	O
suka	O
berubah	O
sama	O
yg	NORM
udah	NORM
direncanakan	O
sebelumbya.	NORM
Tp	NORM
yg	NORM
bener2	NORM
progress	O
adalah	O
Juara	NORM
Kota	NORM
paling	O
macet	O
dan	O
kota	O
dg	NORM
warga	O
tunawisma	O
terbanyak,	O
padahal	O
yg	NORM
tunawisma	O
itu	O
KKnya	NORM
Jakarta	NORM

Selamat	NORM
ulang	O
tahun	O
kaakk,	NORM
semoga	O
kedepannya	O
makin	O
baaiikkk??	NORM
@tulusm	NORM
maaf	O
telaatt?	NORM

Mau	NORM
kulit	O
bersih	O
cantik	O
alami	O
tanpa	O
harus	O
bolak	O
balik	O
ke	O
Kecantikan	NORM
???	O
Kami	NORM
punya	O
produk	O
yg	NORM
Khasiat	NORM
nya	O
bisa	O
lebih	O
!	O
Herbal	NORM
Alami	NORM
Tanpa	NORM
Efek	NORM
Samping	NORM
.HALAL	NORM
&	O
BPOM	NORM
:)	O
ikuti	O
juga	O
tips2	NORM
kecantikan	O
pin	O
:598EA2AF.	NORM

@dearasiodika	NORM
ciyusss	NORM
de	NORM
mirip	O

@fanistep	NORM
bae2	NORM
dikomen	O
lg?	NORM

Nau	NORM
kamu	O
klo	NORM
bisa	O
ngadain	NORM
konser	O
dongeng	O
di	O
3	O
negara	O
kamu	O
mau	O
di	O
negara	O
apa?semoga	O
bisa	O
tercapai	O
ya	O
nau,amin	O
#nauraQnA7#ARNA#nauratv#nauraQnA	NORM
@aku_naura	NORM

Yang	NORM
cunong	O
potong	O
rambut	O
kek	NORM
gini	NORM
boleh	O
ga	NORM
?	O
buang	O
stres	O
jugaakk	NORM
yang	O
?	O
@agus.dap	NORM

Pengen	NORM
nyatakan	NORM
perasaan	O
ke	O
gebetan	O
lewat	O
gambar??Cek	NORM
IG	NORM
@dalamkata	NORM
Save	NORM
gambar	O
Graaatiiiis.	NORM

Mnjijikaaaaaan......	NORM

Kok	NORM
bsa	NORM
sehh?	NORM
Deket	NORM
bgt	NORM
?	O
Temen	NORM
dekt?	NORM
Ihh	NORM
sumpah	O
envy	O
bgtt	NORM
????	O

Pusing	NORM
dengan	O
kulit	O
kusam?	O
Pusing	NORM
karna	NORM
kurang	O
tinggi	O
badan	O
anda	O
sulit	O
mencari	O
pekerjaan?	O
Atau	NORM
ingin	O
berat	O
badan	O
ideal?	O
?????	O
?????	O
Temukan	NORM
rahasia	O
tubuh	O
ideal	O
para	O
artis2	NORM
indonesia	O
di	O
kami@DOKTER.HERBAL	NORM
follow@DOKTER.HERBAL	NORM
/	O
BBM	NORM
:	O
5FF31219	NORM
ATAU	NORM
WA	NORM
:	O
083822352668	O
produknya	O
aman	O
banget	O
ga	NORM
ada	O
efek	O
samping	O
dan	O
ketergantungan,	O
Udah	NORM
dapat	O
sertifikat	O
BPOM	NORM
dan	O
Halal	NORM
MUI	NORM
juga	O
(y)??	NORM
Ingin	NORM
tau	O
tips	O
tinggi	O
&	O
langsing	O
secara	O
gratis?	O
kami	O
dan	O
temukan	O
rahasianya,	O
ada	O
cara	O
memutihkan	O
secara	O
alami	O
juga	O
loh	O
;)	O
?????	O
??????info@DOKTER.HERBAL	NORM
/	O
BBM	NORM
:	O
5FF31219	NORM
ATAU	NORM
WA	NORM
:	O
083822352668	O
?	O
produknya	O
aman	O
banget	O
?	O
ga	NORM
ada	O
efek	O
samping	O
dan	O
ketergantungan?	O
,	O
Udah	NORM
dapat	O
sertifikat	O
?	O
BPOM	NORM
dan	O
?	O
Halal	NORM
MUI	NORM
juga	O
(y)	NORM

klo	NORM
cwo	NORM
nurgafita	O
artix	NORM
anugrah	NORM
buT	NORM
raffi	O
nagita	O

@gadiiing	NORM
om	O
punya	O
anak	O
gini	NORM
cakep	O
nya	O
doa	O
nya	O
apa	O
yak?	NORM
Pacar	NORM
ngefans	NORM
banget	O
nih	O
:((	O
@claudyayu	NORM

Borong	NORM
hijab	O
nya	O
yuu	NORM
cantik	O
..	O
yg	NORM
mau	O
berbisnis	O
gabung	O
ig	O
aqu	NORM
yuuu	NORM

Kamu	NORM
Bosan	NORM
dengan	O
kulit	O
mu	O
yang	O
kusam,	O
berjerawat	O
atau	O
banyak	O
kerutan??	O
gak	NORM
salah	O
lagi	O
ini	O
banget	O
tempatnya	O
yu	NORM
visit@Herbs_skinfood	NORM
add	NORM
aja	NORM
D0DAC374	NORM
/	O
WA	NORM
087822104572	O

@fitrifulfah	NORM
mulusssss	NORM

@	O
melisa.	O
Lu	NORM
ke	O
korea	O
aja,	NORM
jngn	NORM
di	O
indo,	NORM
lagian	O
lu	O
di	O
indo	NORM
jg	NORM
ga	NORM
bikin	O
bagus,	O
malah	O
gw	NORM
liat	NORM
lu	O
ky	NORM
sampah	O

Masya	NORM
Allah	NORM
cntiknya	NORM
gempi	O

@mochmalle	NORM
yank	NORM
mirip	O
winter	O
banget	O

Mngkin	NORM
dian	O
lelah	O
mas	O
jd	NORM
salah	O
tulis!!!	O
Hahahah!!!	NORM
@roman_diyas	NORM
@adin_ash	NORM

Niihga	NORM
putus	O
kokkk	NORM
?	O
dasar	O
gosip	O
muluuu	NORM
-_-	O
maafkan	O
mereka	O
ya	O
kaka	NORM
??	O
@raisa6690	NORM
@keenanpearce	NORM

Lucuuuu	NORM
???	O
@fikohwidodo	NORM
@ramadiantifanny	NORM

Lucu,	NORM
liat	NORM
ni	NORM
@danafilmore_	NORM

Fotonya	NORM
bnyk	NORM
dihapus	O
knp	NORM

Suka	NORM
bgt	NORM
@okaahmad_	NORM

Kepala	NORM
lo	O
pusing	O
gk	NORM
mak	O
@enchiiiz	NORM
@aya.eka	NORM
eeem	O
@toritoribilia	NORM
???	O

@theresiasinto	NORM
@adheliaasa	NORM
ini	O
yg	NORM
kita	O
cari	O
kmrn	NORM

Udah	NORM
bagus	O
bagus	O
tutup	O
aurat	O
kak.	O
Jadi	NORM
lebih	O
dekat	O
sama	O
Allah	NORM
dan	O
dapat	O
tiket	O
masuk	O
surga.	O
Tp	NORM
skrg	NORM
kakak	O
malah	O
nyia2in	NORM
tiket	O
itu	O
dan	O
makin	O
jauh	O
dari	O
Allah.	NORM
Jadi	NORM
yg	NORM
kakak	O
maksud	O
'orang	O
berpikir	O
itu	O
intropeksi	O
diri	O
sendiri'	O
adalah	O
kayak	O
gini?	NORM
Keluar	NORM
dari	O
kebenaran	O
dan	O
menuju	O
kerusakan,	O
kesalahan	O
??	O

Pengenn	NORM
gigit..lucu	O
bgttt	NORM

Ga	NORM
laku	O
lagi	O
ya	O
sampai	O
ngerebut	NORM
laki	O
temen	NORM

Gk	NORM
ccok	NORM

Sekarang	NORM
berhijab	O
karna,,	NORM
ka	NORM
fakhrul	O
kah	O
@rinanose16	NORM

Alhamdulillaaaaah...	NORM
dokter	O
sholehah	O
ya	O
teh..	O

?	O
HANYA	NORM
BUAT	NORM
KAMU	NORM
YG	NORM
INGIN	NORM
TAMPIL	NORM
CANTIK	NORM
dan	O
MENARIK	NORM
??Kini	NORM
masalah	O
anda	O
semua	O
ada	O
SOLUSI.	NORM
untuk	O
wajah	O
KUSAM,	NORM
BERJERAWAT,	NORM
dan	O
ingin	O
TAMBAH	NORM
TINGGI	NORM
?	O
/	O
LANGSING	NORM
?	O
Mengencangkan	NORM
Payudara,	NORM
Lepas	NORM
Kacamata	NORM
Minus,	NORM
Meningkatkan	NORM
Hormon	NORM
Kehamilan.	NORM
Konsultasikan	NORM
langsung@solusisehatmu.	NORM
pin	O
5B780FF0/	NORM
add	NORM
idline	O
herbaltianjin.	O
ada	O
BPOM,	NORM
HALAL	NORM
MUI,Tanpaefek	NORM
samping	O
loh	O
.....	O

Pengen	NORM
nyoba	NORM

Ganteng	NORM
nian	O
tauuu..	NORM
awk	NORM
lgi	NORM
suko	NORM
sm	NORM
org	NORM
2	O
niih	NORM
@ridyadara	NORM

Inggrisnya	NORM
lancar	O
bngettt...salut	NORM

Iiiiiiiiii	NORM
serasi	O

Hbs	NORM
ditinggal	O
kabur	O
ya	O
lo	O
@artisn	NORM
si	NORM
Anjing	NORM
Gembel	NORM
sama	O
Pasangan	NORM
Lo??	NORM
Gara2	NORM
itiL	NORM
lo	O
Rabies??Makanya	NORM
kyak	NORM
orang	O
gila	O
Marah2	NORM
ma	NORM
Gw,ih	NORM
Ngeri	NORM
ih	O
lo	O
Gila	NORM
ih,Kasihan	NORM
De	NORM
Lo	NORM
itil	O
rabies	O
Emang	NORM
wenak	NORM

Udh	NORM
cakep,pinter,berbakat	NORM
pula	O
???	O

Baru	NORM
nyadar	NORM

@yaya.caem.33	NORM
pengen	NORM
hubungan	O
yg	NORM
kya	NORM
gini	NORM
anniv	O
teruss	NORM

Makin	NORM
cantik	O
ka	NORM

Kd	NORM
hahaaa...	O
bagus	O
sederhana	O
bejilbbnya	NORM
kytu	O
aja	NORM
te	O
@vithapriani	NORM
@rocky_lin	NORM

Kok	NORM
gitu	NORM
sih	O
nyanyinya	O

bagus	O
suaranya.	O
tp	NORM
lbh	NORM
baik	O
jd	NORM
aktor	O
aja.	NORM
mungkin	O
bs	NORM
sekalian	O
jd	NORM
penyanyi	O
soundtrack	O
filmnya.	O
hehe	O

Nah	NORM
trus	NORM
giliran	O
kita	O
kapan	O
mbak	O
@nurulyks_fitcoach	NORM
?	O

Kangen	NORM
berat	O
sma	NORM
bang	O
ali	O

Meskipun	NORM
kak	O
prilly	O
botak	O
tp	NORM
ttp	NORM
cantik	O
kok.....	O

Kuliah	NORM
Lse,	NORM
beasiswa	O
umur	O
22	O
udah	NORM
s2	O
njirr	NORM
mau	O
iri	O
macam	O
ala	O
kalo	NORM
gini,	NORM
ngerasa	NORM
gagal	O
bgt	NORM
jd'y	NORM
tp	NORM
ini	O
iri	O
yg	NORM
terkagum	O
kagum	O
ko,	NORM
luar	O
biasa	O
bgt!!	NORM
@gitagut	NORM

???	O
kagumi	O
sj	NORM
@daisy__29	NORM

Pacaran	NORM
beneran	NORM
aja	NORM
sma	NORM
kak	O
@giorgino_abraham	NORM

@jasa_hack_facebook	NORM
sy	NORM
minat	O

Frozen	NORM
aja	NORM
aurel	O
syg	NORM

Njir	NORM
suaranya	O
ngakak	NORM
aku	O
?	O

@meilisa_kyungsoo_	NORM
kamu	O
uda	NORM
ngaca?	NORM

Gak	NORM
tau	O
diri	O

Tampil	NORM
berdua	O
@aurelie.hermansyah	NORM
@ananghijau	NORM
Amiga	NORM
Dia	NORM
kluarga	NORM
baikbaik	O
semua.	O
Luv	NORM
loli	O
Mimi	NORM
Dan	NORM
bunda	O

???zara	O
hnm	O
f21	O
murah..	O
Cantik	NORM
ngets	NORM
kak	O

Sapi	NORM
aja	NORM
kan	O
warna	O
nya	O
kayak	O
sapi..	O

Mirip	NORM
apanya	O
emang	NORM
sygkuu?	NORM
Haha	NORM
@syafiranadiaaa	NORM

Amiiiin	NORM
Al	NORM
Fatihah	NORM

Nerusin	NORM
S2	NORM
di	O
Indo	NORM
aja	NORM
mod,univ	NORM
di	O
Indonesia	NORM
gak	NORM
kalah	O
sistem	O
dan	O
mutu	O
kok	O
Mod	NORM
hehe	O

Serang-Banten	NORM
donk	NORM
min	O
@cherrybelleid	NORM

Wihhh	NORM
walaupun	O
hijab	O
tetep	NORM
style	O

@gede.sudarma	NORM
anda	O
duluan	O
tdk	NORM
sopan	O
ngapain	NORM
sy	NORM
sopan.	O
Pakai	NORM
kata	O
kamu	O
itu	O
ke	O
org	NORM
yg	NORM
sdh	NORM
kenal.	O
Lagian	NORM
beropini	O
itu	O
pakai	O
bahasa	O
yg	NORM
baik	O
ya,	O
bung.	O
Baca	NORM
semua	O
jwban	NORM
anda	O
ke	O
org2	NORM
di	O
atas.	O
Mmg	NORM
kampungan	O
kok.	O
Lagian	NORM
ini	O
postingan	O
dari	O
bulan	O
Mei.	NORM
Baru	NORM
bangun	O
ya?	O

Mampir	NORM
yuks	NORM
ke	O
olshop	O
baru	O
ku	O
:)	O
BAJU	NORM
WANITA	NORM
DRESS	NORM
,	O
SKIRT	NORM
,	O
SWEATER	NORM
,	O
SHIRT	NORM
,	O
ETC	NORM
PRICE	NORM
BEGIN	NORM
FROM	NORM
30K	NORM
@CULLUNCOLLECTION	NORM

Klo	NORM
cwek	NORM
namax	NORM
fita	O
ahmad	O
klo	NORM
cwo	NORM
namax	NORM
ahmad	O
fahri	O

U	NORM
tau	O
ga	NORM
itu	O
lagu	O
apa	O
ren?	O
Cb	NORM
cari	O
tau	O
dlu	NORM
@prcirene	NORM
@evalinamagdalen	NORM

Knpp	NORM
sherrr?	O
Udh	NORM
ga	NORM
ad	NORM
lggi	NORM
ei	O
kan?	O
@sherlytrst	NORM

Kyk	NORM
gini	NORM
umm	O
?@syajaroh_hijab	NORM

kaka	NORM
cantik	O

@annasyaalika	NORM
kek	NORM
giniii	NORM
looo	NORM

Gokill	NORM

@gede.sudarma	NORM
ckckck..	O
produk	O
jaman	O
dodol	O
itu	O
yg	NORM
gmna	NORM
ya?	O
Dodol	NORM
msih	NORM
laku	O
loh	O
sampe	NORM
skrg...	NORM
mental	O
desa	O
itu	O
bagus	O
kok.	O
Org	NORM
desa	O
rajin2.	NORM
Sy	NORM
produk	O
kekerasan,	O
tpi	NORM
anda	O
request	O
mau	O
folloow	O
sy.	NORM
Aiih..	NORM
sy	NORM
terharu.	O
Assalamualaikum	NORM
ya..	O

Ihhh	NORM
tau	O
aje	NORM
luhhh	NORM
nyet	NORM
@ayleenaurelia	NORM

Naura	NORM
kapan	O
pertama	O
kalinya	O
kamu	O
nangis	NORM
terharu	O
karena	O
hasil	O
kerja	O
kerasmu?	O

11	O
?@algaeslovania_premiumskincare1	NORM
#SETIAP	NORM
WANITA	NORM
APAPUN	NORM
FROFESI	NORM
NYA	NORM
PASTI	NORM
MENGINGINKAN	NORM
KULIT	NORM
WAJAH	NORM
CANTIK	NORM
SEHAT	NORM
DAN	NORM
TERAWAT,,,	NORM
BYK	NORM
PRODUK	NORM
PRWTN	NORM
KECANTIKAN	NORM
YG	NORM
DITAWARKAN,,,	NORM
KALO	NORM
UTK	NORM
WAJAH	NORM
SEBAIKNYA	NORM
JGN	NORM
ASAL	NORM
PILIH	NORM
YAH,,	NORM
SKINCARE	NORM
YG	NORM
RINGAN	NORM
DAN	NORM
AMAN	NORM
UTK	NORM
DIPAKE	NORM
JANGKA	NORM
PANJANG	NORM
DAN	NORM
GA	NORM
BKIN	NORM
KTERGANTUNGAN	NORM
ITU	NORM
SUSAH	NORM
LOH	NORM
DAPET	NORM
NYA,,	NORM
TP	NORM
YG	NORM
AKU	NORM
PAKE	NORM
INI	NORM
BISA	NORM
MENJADI	NORM
PILIHAN	NORM
TERBAIK	NORM
UTK	NORM
TEMEN	NORM
TEMEN	NORM
SEMUA,	NORM
ALGAE	NORM
SLOVENIA	NORM
PREMIUM	NORM
SKINCARE	NORM
,	O
CREAM	NORM
PRWATN	NORM
WJH	NORM
RACIKAN	NORM
DOKTER	NORM
DR	NORM
SINGAPORE...	NORM
RIBUAN	NORM
ORG	NORM
JG	NORM
UDA	NORM
PAKE	NORM
DAN	NORM
NGEBUKTIIN	NORM
HSLNYA.	NORM
CEK	NORM
IG	NORM
AKU	NORM
AJA	NORM
,	O
SEMUA	NORM
TESTIMONI	NORM
ASLI	NORM
DR	NORM
MRK	NORM
YG	NORM
UDA	NORM
PAKE	NORM
SENDIRI,,	NORM
FOLLOW	NORM
@ALGAESLOVANIA_PREMIUMSKINCARE1	NORM
AND	NORM
ADDMY	NORM
PIN	NORM
5E3E04F5	NORM
UTK	NORM
INFO	NORM
LEBIH	NORM
LGKAP..	NORM
WA:081210238087	NORM

Ahhh	NORM
mirip	O
dong	O
sma	NORM
abii	O
@niiol14	NORM
@herdianivaan	NORM

Mana	NORM
mungkin	O
shot	O
di	O
bali,	O
rame	O
org	NORM

Kangennnnnnnnnnnnnnnn	NORM
kebersamaan	O
kalian?	O

Kerenn	NORM
mbok	O
kayu	O
..ngneh	O
dolan	O
ming	O
purwokerto	O

Iyah..	NORM
paling	O
klop	O

Booming	NORM
!	O
alat	O
pembesar	O
payudara	O
yg	NORM
digunakan	O
artis"	NORM
julia	O
perez	O
,	O
Baby	NORM
Margareta	NORM
,	O
nikita	O
mirzani@QUEEN_BEAUTY_NATURAL	NORM
atau	O
invite	O
PIN:	NORM
5D885B1C.	NORM

Amiiin...	NORM

Yellow...cerah	NORM
bs	NORM
d	NORM
mix	O
n	NORM
macth	O
dg	NORM
apapun	O
warnany	NORM

@yurikeeltonp	NORM
@kartiikawulaan	NORM
@iratriyantii	NORM
ntar	NORM
pas	O
aku	O
ulang	O
tahun	O
kek	NORM
gini	NORM
ya	O
guysss	O

jgn	NORM
salah	O
fokus	O
tay	NORM
@egydsavitri	NORM

Keren	NORM
bor,	O
sampe	NORM
ngikutin	NORM
gayany	NORM
hahaha	O

Anak	NORM
abal"	NORM

U	NORM
r	O
a	O
great	O
mom	O
@zahratuljannah	NORM
...sll	NORM
smangat	NORM
ya	O
mb..sedih	NORM
bc	NORM
nya	O

Bisaan	NORM
amat	O
yah	NORM
itu	O
yang	O
nge	O
make	NORM
up	O
ny!!	NORM

yg	NORM
keliatan	NORM
tatonya	O
kak	O
marcel,	O
yg	NORM
rambut	O
panjang	O
itu	O
mischa	O

Mas	NORM
dhani	O
lgi	NORM
hamil	O
yuh..wkwk	NORM

Uih	NORM
komenx	NORM
serem"	NORM
yg	NORM
di	O
komen	O
happi"	NORM
aza	NORM
sm	NORM
keluarga	O

@rirhyn_jhuliani	NORM
jgn	NORM
jealous	O
yak	NORM
hihihi	O
?	O

Klo	NORM
kangen	O
fany	O
indonesia	O
suka	O
liat	NORM
ig	O
nya	O
ka	NORM
raisa.	O
Soalnya	NORM
berasa	O
tiffany	O
ada	O
di	O
indonesia	O
??	O

Pipi..	NORM
Rame	NORM
bgt	NORM
antara	O
pembela	O
Mimi	NORM
Dan	NORM
Bunda..	NORM
Sebenernya	NORM
sih	O
simple	O
untuk	O
meredakan	O
semuanya..	O
Kasih	NORM
bukti	O
Sama	NORM
mrka	NORM
untuk	O
realisasikan	O
liburan	O
bareng	O
Antarakeluarga	NORM
pipi	O
skrg	NORM
dgn	NORM
keluarga	O
Mimi	NORM
skrg..	NORM
Agar	NORM
silsturahmi	NORM
anak	O
Dan	NORM
miminya	O
jg	NORM
tdk	NORM
Kaku..	NORM
Kasih	NORM
kesempatan	O
yg	NORM
Sama	NORM
untuk	O
Mimi	NORM
dgn	NORM
ank2nya	NORM
agar	O
hubungannya	O
tdk	NORM
Kaku.	NORM
Aurel	NORM
ank	NORM
yg	NORM
baik	O
Dan	NORM
punyaperasaan	O
yg	NORM
halusdia	O
tdk	NORM
mau	O
menyakitihati	O
Bunda	NORM
sambungnya	O
yg	NORM
sdh	NORM
membesarkannya	O
Dan	NORM
sgt	NORM
berjasa	O
kepada	O
mrka.disaat	NORM
ultahnya	O
Mimi	NORM
moments	O
pas	O
sekalidgn	O
ank2nya	NORM
tdk	NORM
Ada	NORM
dijkt..	NORM
Mautdk	NORM
may	NORM
memang	O
pastitdk	O
bs	NORM
hai	O

Mas	NORM
@prandokosigit	NORM
kalo	NORM
kek	NORM
gini	NORM
mirip	O
kamu	O
beneran	NORM
???	O

Aku	NORM
udah	NORM
buktiin	NORM
dan	O
emang	NORM
bener	NORM
ADMIN	NORM
CEWEK!?	NORM
Pembesar	NORM
Payudaranya	NORM
cepet	NORM
bangettttt,	NORM
alatnya	O
juga	O
bisa	O
dipakai	O
untuk	O
keperluan	O
kesehatan	O
yang	O
lain@bigbreastnatural.	NORM
Aku	NORM
rekomendasiin	NORM
deh	O
buat	O
kamu	O
nih	O
Chat	NORM
ke	O
WA	NORM
:	O
0857-9305-1973	O
/	O
BBM	NORM
:	O
5B8BE79E	NORM
/	O
LINE	NORM
:	O
@ZHB0594N	NORM
(PAKAI	NORM
@)	O

Yelow	NORM
seger	NORM
klo	NORM
bwt	NORM
dapur	O
biar	O
mkn	NORM
senangat	NORM
msknya	NORM
ba..	O

Cakepan	NORM
raisa	O
lah	O
@sishideaa	NORM
,	O
yang	O
ini	O
mayan	NORM
sih	O

I	NORM
know	O
that	O
it's	NORM
rude	O
but	O
i	O
just	O
curious.	O
Vidi	NORM
aldiano	O
islam	O
atau	O
bukan?	O
Ngmngnya	NORM
puji	O
tuhan	O
trs	NORM
alhamdulillah	O
hehe	O

nabilah	O
jkt48	O
costume	O
yang	O
kamu	O
pake	NORM
itu	O
judul	O
lagu	O
nya	O
apa	O

Ini	NORM
yg	NORM
aku	O
blg	NORM
@miaadelinaa	NORM

Kenape	NORM
ya?	O

@deaprill	NORM
jd	NORM
@raisa6690	NORM
lbih	NORM
tua	O
dr	NORM
@keenanpevarce	NORM
?	O

Nampak	NORM
yak	NORM
ndak	NORM
mukenye	O
pedek	O
wkwk	O
@frederikasalsablaptri	NORM

cocok.bingiit	NORM
deh	O
sama	O
baby	O

@assailaputri_29	NORM
ucul	NORM
yahh	NORM
kek	NORM
gw	NORM

Caca	NORM
cntik	NORM

Lucuu	NORM
@monicasvtr	NORM

Kasus	NORM
yg	NORM
ini,	O
anaknya	O
udah	NORM
gak	NORM
bisa	O
diingatkan	O
lewat	O
lisan	O
lagi	O
mbak	O
sofia	O
lat	O
juba.	O
Beda	NORM
sm	NORM
anak	O
mbak	O
sofia	O
yg	NORM
baik.	O
Mungkin	NORM
anak	O
mbak	O
sofia	O
tidak	O
perlu	O
diingatkan	O
dgn	NORM
"cubit"	O
an.	O
Saya	NORM
rasa	O
cubit	O
an	O
ibu	O
guru	O
jg	NORM
biasa	O
saja.	O
Bahkan,	NORM
sebagai	O
org	NORM
yg	NORM
mempelajari	O
tentang	O
perkembangan	O
anak,	O
saya	O
tau	O
mencubit	O
bukan	O
solusi	O
yg	NORM
baik,	O
--jika	O
dilakukan	O
setiap	O
kali--	O
anak	O
salah.	O
Boleh	NORM
dilakukan	O
sesekali,	O
utk	NORM
shock	O
terapi.	O
Apalagi	NORM
anak	O
yg	NORM
sudah	O
tidak	O
bs	NORM
diingatkan	O
dengan	O
lisan.	O
Justru,	NORM
anak	O
akan	O
terlalu	O
manja,	O
kalau	O
terlalu	O
sering	O
dimanja.	O
Jaman	NORM
sekarang	O
pun	O
hidup	O
sudah	O
makin	O
keras,	O
pasti	O
mbak	O
Sofia	NORM
Lat	NORM
Juba	NORM
tau.	O
Tapi	NORM
bagaimana	O
anak	O
bs	NORM
menghadapi	O
dunia	O
kalau	O
sm	NORM
sekali	O
gk	NORM
pernah	O
belajar	O
utk	NORM
itu.	O
Intinya,	NORM
boleh2	NORM
saja	O
dgn	NORM
mencubit,	O
asalkan	O
mencubit	O
ini	O
bukan	O
jadi	O
hukuman	O
wajib	O
yg	NORM
harus	O
diberikan	O
setiap	O
kali	O
anak	O
salah.	O
@sophia_latjuba88	NORM

Wkwkwk	NORM
ada	O
yg	NORM
blg	NORM
bunda	O
@maiaestiantyreal	NORM
plg	NORM
kerja	O
main	O
extravaganza	O
larut	O
malam	O
smbil	NORM
mabuk	O
bikin	O
kesel	O
pakde?	O
Hellooooooo	NORM
?	O
daripada	O
jadi	O
pecun	O
ngrebut	NORM
suami	O
majikannya?mendingan	O
mana?	O

Selamat	NORM
kak	O
vidii,	O
sukses	O
selaluu	NORM
ya	O
:)	O

@nandamochamad	NORM
ahhh.	NORM

seterong	NORM
teyuss?	NORM

@athifmzain	NORM
main	O
ngetag	O
aja	NORM
lu	O

@ramdhansumit	NORM
selera	O
km	NORM
bgt	NORM

Nggak	NORM
cocok	O
cocok	O
nya	O
sma	NORM
kk	NORM

Ca	NORM
kaya	NORM
gini	NORM
ahaha	O
@cacassb	NORM

Njrittt	NORM
???	O
@virginiaaul	NORM

Mirip	NORM
cuyy	NORM
@raffafitra	NORM
@ghinanrftn	NORM
@aarizkia	NORM
@sawsanls	NORM

Bikin	NORM
ngiri.....?	NORM

@mryansah	NORM
mau	O
gini	NORM
beb	O
??	O

Haha	NORM
kka	NORM
ngalah	NORM
de	NORM
klo	NORM
sama	O
yg	NORM
begituan	O
wkwkw	O
@utsukushi._	NORM

Buat	NORM
kraya	NORM
brg	NORM
bang	O
aliando	O
lg	NORM
donk	NORM
ka	NORM
prilly...	O

Trteh	NORM
cantik	O
banget	O
sichhhhhhhhhh	NORM

@jordiawaaan	NORM
naha	O
w	NORM
terharu	O

7	O
?@algaeslovania_premiumskincare1	NORM
#PEREMPUAN	NORM
MANA	NORM
YG	NORM
GAK	NORM
MO	NORM
CANTIK,,	NORM
PNYA	NORM
WAJAH	NORM
KINCLONG	NORM
SEHAT	NORM
DAN	NORM
BERSERI..	NORM
TERKADANG	NORM
UANG	NORM
GAK	NORM
MENJADI	NORM
MSLH	NORM
ASALKAN	NORM
DAPAT	NORM
YANG	NORM
DIMAO..	NORM
TAPI	NORM
GAK	NORM
HRS	NORM
JUTAAN	NORM
RUPIAH	NORM
KLO	NORM
CM	NORM
UTK	NORM
DAPETIN	NORM
WJH	NORM
SEHAT	NORM
KINCLONG	NORM
DAN	NORM
TERAWAT...	NORM
INI	NORM
LOH	NORM
CREAM	NORM
TERBAIK	NORM
YANG	NORM
PANTES	NORM
DIJADIIN	NORM
PILIHAN	NORM
..	O
CREAM	NORM
PRWTN	NORM
RACIKAN	NORM
DOKTER	NORM
DR	NORM
SINGAPORE.	NORM
ALGAE	NORM
SLOVENIA	NORM
PREMIUM	NORM
SKINCARE,,	NORM
AKU	NORM
UDAH	NORM
CARI	NORM
CREAM	NORM
YG	NORM
OKE	NORM
ITU	NORM
SUSAH	NORM
LOH,,	NORM
APALAGI	NORM
YG	NORM
TERBUKTI	NORM
KWALITAS	NORM
NY	NORM
,	O
SEBAGAI	NORM
BUKTI	NORM
RIBUAN	NORM
CUSTUMER	NORM
AKU	NORM
UDA	NORM
PD	NORM
PAKE	NORM
DAN	NORM
SILAHKN	NORM
CEK	NORM
TESTI	NORM
NYA	NORM
DL,	NORM
CEK	NORM
IG	NORM
AK	NORM
AJHA	NORM
UTK	NORM
INFO	NORM
LEBIH	NORM
LENGKAP	NORM
ADD	NORM
PIN	NORM
5E3E04F5	NORM
@algaeslovania_premiumskincare1	NORM
WA:081210238087	NORM

Ginsul	NORM
nya	O
tuna	O
yg	NORM
bikin	O
tambah	O
cuanti....	NORM

Suksess	NORM
slalu.	NORM
Ka	NORM

Lebih	NORM
cantik	O
n	NORM
keren	O
Bunda	NORM
Maia	NORM
pastinya??kelas	O
atas	O
naik	O
jet	O
pribadi,	O
hermes,	O
disukai	O
orang	O
banyak	O
n	NORM
byk	NORM
berkah-nah	O
yg	NORM
suka	O
nikung	O
temen	NORM
nangis	NORM
terus	O
hatersnya	O
banyak	O
duh	O
muljem	O
karmanya	O
bejibun?jualan	O
cireng	O
aja	NORM
lah	O
pantes?	NORM

@ikaaapratiwi	NORM
hahaha	O
kalah	O
bgt	NORM
mbaak	NORM

Liaatt	NORM
iniiiii	NORM
?????	O
@antynovia	NORM

so?	NORM
@wahyudi2012	NORM
nanti	O
aku	O
tag	O
semua	O
foto	O
nha	NORM

@dinatrirantini	NORM
kek	NORM
bangke	NORM
lah	O

Dari	NORM
dlu	NORM
@nabilahjkt48	NORM

Amiin	NORM
ya	O
robbal	O
alamin	O

@veloveputrii	NORM
dibayar	O
brp	NORM
lo	O
sm	NORM
nyai	O
cireng	O
ati	O
si	NORM
botak??	O
Dasar	NORM
cewek	O
gk	NORM
punya	O
hati.	O
Gw	NORM
rasa	O
jgn2	NORM
lo	O
perebut	O
suami	O
org	NORM
lg	NORM
kyk	NORM
si	NORM
cireng.Sbaiknya	NORM
lo	O
mngerti	NORM
dan	O
blajar	NORM
dlu	NORM
dr	NORM
fakta2	NORM
yg	NORM
ada	O
slama	NORM
ini	O
spt	NORM
apa.	O
Udh	NORM
ckup	NORM
sabar	O
al	O
el	O
dul	O
ibunya	O
diperlakukan	O
kyk	NORM
gitu.	NORM
Msh	NORM
mnding	NORM
si	NORM
maia	O
cm	NORM
nyinyir	O
klo	NORM
gw	NORM
mah	O
lgsg	NORM
gw	NORM
bakar	O
tuh	O
nyai	O
cireng	O
sm	NORM
si	NORM
botak	O
bego.	O
Bikin	NORM
rusak	O
nilai2	NORM
masyarakat	O
kita	O
aja	NORM
udh	NORM
giti	NORM
gk	NORM
malu	O
lg	NORM
buka2	NORM
aibnya	O
dan	O
nyinyirin	NORM
di	O
media	O
pdhl	NORM
bunmai	O
udh	NORM
closebook.	O
Klo	NORM
haters	O
pd	NORM
nyerang	NORM
mulan	O
ma	NORM
si	NORM
borak	O
yaitu	O
hukuman	O
moral	O
yg	NORM
hrs	NORM
mrk	NORM
trima	NORM
apalagi	O
mrk	NORM
public	O
figure	O
mau	O
gk	NORM
mau	O
hrs	NORM
bs	NORM
ksh	NORM
contoh.	O

Cocok	NORM
banget	O
kk	NORM

Ka...	NORM
hidup	O
d	NORM
dunia	O
cuma	O
smentara	NORM
ka...	NORM
bahagia	O
d	NORM
dunia	O
hanya	O
sebatas	O
umur	O
kita	O
aja,	NORM
bahagia	O
d	NORM
akhirat	O
itu	O
kekal...	O
carilah	O
yg	NORM
kekal	O
ka...	NORM
ga	NORM
ada	O
kata	O
terlambat	O
ka,	NORM
Allah	NORM
maha	O
pengampun,	O
ka	NORM
jangan	O
pernah	O
dengerin	NORM
apa	O
kata	O
org,	NORM
sekali	O
kali	O
jangan	O
ka,	NORM
biarin	NORM
apa	O
kata	O
mereka	O
yg	NORM
penting	O
kaka	NORM
d	NORM
hadapan	O
Allah	NORM
itu	O
ka,	NORM
ayo	O
ka	NORM
jadi	O
diri	O
sendiri	O
yaitu	O
sesuai	O
fitrah	O
hati	O
kaka,	NORM
hati	O
yg	NORM
mengakui	O
akan	O
syariat	O
Allah....	NORM
kaka	NORM
org	NORM
hebat	O
kaka	NORM
pasti	O
bisa...	O

@thatitocctavia	NORM
kapan	O
kita	O
foto	O
bareng	O
lagi	O
kayak	O
gini?	NORM
Sekalian	NORM
nyanyi	O
bareng	O
yah	NORM
?	O
jangan	O
lupa	O
ajakin	NORM
@permatasariayu_	NORM
ntar	NORM
kalo	NORM
gak	NORM
di	O
ajak	O
gondok	O

mbk	NORM
cita	O
yang	O
tabah	O
aj	NORM
y	NORM

Aduhh	NORM
yg	NORM
masih	O
sibuk	O
cari	O
kado,	O
intip	O
IG	NORM
ku,	O
serba	O
kado	O
unik,	O
sesuai	O
keinginanmu	O
malah	O
?	O

@cindyclaudyaong	NORM
nanti	O
ta	O
beliin	NORM

Happy	NORM
Birthday	NORM
teh.	O
I	NORM
love	O
you!	O
Next	NORM
time	O
,	O
smg	NORM
bisa	O
ketemu	O
ya	O
teh	O
?	O
@odywoody	NORM

Yg	NORM
namanya	O
@novisyahreza	NORM
tu	NORM
selalu	O
ada	O
di	O
hampir	O
semua	O
foto	O
nagita	O
dan	O
komen	O
nya	O
yg	NORM
ga	NORM
baik	O
bahasanya.	O
Entah	NORM
sirik	O
atau	O
apalah	O
tu	NORM
cewe.	NORM
Maklumin	NORM
aja	NORM
haters	O
kan	O
begitu.	O

Pusat	NORM
Tas	NORM
&	O
Jam	NORM
Branded	NORM
Harga	NORM
Mahasiswa,	NORM
silahkan	NORM
mampir.	O

mana	O
uitnya	NORM
sekalian	O
buat	O
k	NORM
lombok	O
kmrn	NORM
haha	O
@emiliyaatari	NORM

GROSIR	NORM
&	O
ECER	NORM
pakaian,	O
tas,	O
flatshoes,	O
aksesoris	O
dll.	O
Cuss	NORM
follow	O
dan	O
Cek	NORM
ig	O
kita	O
yuuk!!	NORM
Harga	NORM
super	O
murah	O
banyak	O
SALE	NORM
di	O
akhir	O
bulan	O
juga	O
loh	O

Keren	NORM
bnget	NORM
!!	O
Ungu	NORM
smua	NORM
@tantri24	NORM
@finphotograph	NORM

Ka	NORM
rina	O
putus	O
dengan	O
fakhrul	O
apa	O
karena	O
keluarga	O
ka	NORM
fakhrul	O
ga	NORM
stju	NORM
krna	NORM
belum	O
memakai	O
hijab	O
@rinanose16	NORM

Lagu	NORM
yg	NORM
bikin	O
gue	O
abis	NORM
liat	NORM
aliily	O
duet	O
langsung	O
download	O
wkwk	O

Kereeeen....	NORM

KEREN	NORM
GILS	NORM

hahaha	O
ngakak	NORM
asliii	NORM
kocak	O
nih	O
konten2	NORM
@akumahapa	NORM
coba	O
deh	O
rasain	NORM
lucunya	O
@akumahapa	NORM
dijamin	O
ngakak	NORM
daaaah	NORM
asliiii	NORM

Ciyeeee....	NORM
cocok	O
serasi	O

Cantik	NORM
pake	NORM
banget	O

Siipp	NORM
laa	NORM

follow	O
saya	O
guys,	O
nnti	NORM
folbak	O

Nasehat	NORM
kok	O
dibilang	O
mengirusi	NORM
khdpn	NORM
orang	O
lain,	O
kadang	O
kalo	NORM
hati	O
sudah	O
mengeras	O
susah	O
untuk	O
mendapat	O
hal	O
baik	O
#miris	NORM

Sukses	NORM
yaa	NORM
bunda	O

@astri_elma	NORM
amiin	NORM

Io	NORM
@rose_geor	NORM
qta	NORM
mo	NORM
tag	O
lalu	O
nda	NORM
mo	NORM
ta	O
tag....	O
nentau	O
qapaaa	O
stou	O

Snsd	NORM
bingitsss	NORM

Senang	NORM
lht	NORM
klu	NORM
berhijab	O

Hahahaaahaha	NORM
pen	NORM
gw	NORM
catokin	NORM
gak	NORM
poni	O
nya?	O
@anshilalala	NORM
xD	NORM

Lucu	NORM
kak	O
@yukikt	NORM
kngen	NORM
pngen	NORM
lihat	O
tteh	NORM
main	O
sintron	NORM
lagi	O

Astauviruloh	NORM
cantik	O
binggo	NORM

muka	O
ayah	O
nya	O
bangeett	NORM
???	O

Cantiikk	NORM
bngett	NORM
kli	NORM
poninya	O
kya	NORM
gt..@aurakasih	NORM

PUCING	NORM
ALAK	NORM
EBI	NORM
YA	NORM
KAK	NORM
ALI	NORM
?#(kidding)	O

Iya	NORM
dong	O
mulai	O
nungguin	NORM
nih	O
BAB	NORM
part	O
2	O

Klau	NORM
d	NORM
lombok	O
kapan	O
ya	O
??	O
@karinasalim	NORM

bukanya	O
kak	O
mila	O
dan	O
Kevin	NORM
Kristen	NORM
protestin	NORM

Apa	NORM
bgtttt__-	O
itu	O
mah	O
sodara	O
gua	O
=))	O
(ngarep)@riris_ita	NORM

Hahahaha....yaa	NORM
jelashh	NORM
@monicaadistya	NORM
*geget	O
nyong	O
yakin	O

Kereenn..	NORM

Di	NORM
ruqiyah	O
aja	NORM

Dasar	NORM
xlian	NORM
b3	NORM
lucu	O
bnget...asli..pa	NORM
lg	NORM
kang	O
sule	O
tuh...ihhh	NORM
muka	O
nya	O
nyebelin	NORM
bnget	NORM
lcu...wkkkkk?	NORM

Suka	NORM
banget	O
sama	O
lagu	O
ini	O
sumpah,	O
video	O
clip'a	O
supercool	O
@nikitawillyofficial94	NORM
@aliandooo	NORM
@tengkurassya	NORM
@calvinjaremy	NORM
.	O
Dibuat	NORM
jadi	O
film	O
pendek	O
kaya'a	NORM
oke	O
tuh	O
ckck..	O
pendapat	O
aja	NORM
sih	O
?????	O
3	O
cowok	O
1	O
cewek	O
kuyyy...	NORM
???	O
good	O
luck	O
buat	O
kalian	O
??????	O

Gini	NORM
yu	NORM
ma	NORM
wkk	O
@nurrachmaniahm	NORM

Menuntut	NORM
ilmu	O
setinggi	O
langit,	O
bagus,	O
bagus	O
banget,	O
dunia	O
dunia	O
dunia	O
menjulang	O
tinggi,	O
akhiratnya	O
kliatan,	NORM
belajar	O
aqidah	O
nya	O
minus,	O
what	O
the	O
maksud	O
puji	O
Tuhan!!!	NORM

Liat	NORM
yg	NORM
ini	O
ngegemesin...hahaa	NORM
@hapsa_26	NORM

Kk.dulu	NORM
di	O
Kalimantan	NORM
Selatan	NORM
ya	O

Kak	NORM
marcel	O
happy	O
birthday	O
yaaaa!	NORM
Berharap	NORM
bgt	NORM
commentnya	O
dibales,	O
apalagi	O
ampe	NORM
ketemu	O
lgsg.	NORM
Aaaaaaakkk	NORM
mauuuu:'(	NORM

Dulu	NORM
sering	O
banget	O
nonton	NORM
duo	O
ini	O
di	O
trans7	O
haha	O

Kak	NORM
ichaa...	O
Cantiik	NORM
banget,	O
@ichasoebandono	NORM

k	NORM
prlilly	O
kok	O
itu	O
rambutnya	O
gk	NORM
ada	O
kk	NORM
sakit	O
apa	O
kk	NORM
itu?	O

Liat	NORM
lg	NORM
nek	O
di	O
ignya	O
dian	O
pelangi	O
ada	O
2	O
foto	O
kalo	NORM
ga	NORM
salah.	O
Pengen	NORM
banget	O
kaan,	NORM
cari	O
taulah	O
tempatnya	O
dimanaa	O
@muthiaf_	NORM

ka	NORM
klo	NORM
pke	NORM
hijab	O
cntik	NORM
tau	O
syngnya	NORM
non	O
muslim	O

Punya	NORM
suami	O
ganteng,	O
suka	O
ngajak	NORM
travelling	O
keliling	O
dunia	O
ternyata	O
bukan	O
mitos	O
yakk..	NORM
@mamiavicenna	NORM

@fiddiafitasari	NORM
canteek	NORM
yahh	NORM
??	O

Kapan	NORM
km	NORM
bikin	O
caption	O
kek	NORM
gini	NORM
buat	O
aku	O
??	O
@reinazhafez	NORM

Miripp	NORM

Yaelah	NORM
followers	O
gue	O
udah	NORM
banyak,	O
masa	O
elo	NORM
belum?	O
ke	O
fantasypanel.id	O
kalau	O
mau	O
followers	O
banyak!	O

Wah	NORM
slamt	NORM
ya	O
buat	O
nagita	O
n	NORM
raffi	O
kalian	O
pasangan	O
yg	NORM
menyenangkan	O
...	O

?mau	O
penghasilan	O
1-5	O
jt	NORM
perhari	O
modal	O
receh,	O
serta	O
mau	O
buka	O
olshop	O
sendiri	O
buat	O
nambah	NORM
uang	O
jajan,?add	NORM
line	O
=	O
@pte2486u	NORM
(pakai@)?	O

Gak	NORM
ajak	O
tante	O

@mahnazrramadhah	NORM
SAMPE	NORM
NGEDUBSMASH	NORM
BARENG	NORM
COBA	NORM
AJKFJSHL	NORM

Lama	NORM
lama	O
mnjadi	NORM
bukit	O
?..tikcantikcantik?aku	O
suka	O
@rinanose16	NORM

astafirullah	NORM
wkwk	O
@farzaff	NORM

Jgn	NORM
pada	O
ribut	O
,	O
lebih	O
baik	O
baca	O
AL-QURAN	NORM
.	O
muslim	O
or	NORM
non	O
muslim	O
baca	O
qur'an	O
biar	O
dapet	NORM
mujizat	O
semua	O
.	O
Amiin	NORM
.	O

@arthurjohntree	NORM
jon	O
pilih	O
yg	NORM
mana	O
jon	O
:')	O

BAGI	NORM
ANDA	NORM
YANG	NORM
MERASA	NORM
KEPUTIHAN	NORM
SERING	NORM
MENGGANGU	NORM
AKTIVITAS	NORM
ANDA	NORM
YU	NORM
MULAI	NORM
KONSUL	NORM
SAMA	NORM
AHLINYA	NORM
MASALAH	NORM
KEWANITAAN	NORM
PENGALAM	NORM
BERTAHUN	NORM
TAHUN	NORM
ONLY@CARASEHATID	NORM
CP	NORM
5FB2512C.	NORM

Subhannallah	NORM
?	O
bener	NORM
banget	O
mb	NORM
@ririzaloebis?	NORM
kl	NORM
ada	O
yg	NORM
gk	NORM
bisa	O
ngebedain	NORM
antara	O
nasehat	O
dan	O
ngurusin	NORM
orang	O
ya	O
susah	O
juga	O
sih	O
mb	NORM
Hehehe....	NORM
sesama	O
muslimah	O
memang	O
lebih	O
baik	O
mengingatkan	O
sebelum	O
semuanya	O
terlambat	O
dan	O
menyesal	O
diakhir	O
cerita	O
?	O

Mirip	NORM
El....	NORM
cantik	O
bgt	NORM
mbaaass	NORM

Loh	NORM
kok	O
gtu	NORM
si	NORM

Aku	NORM
kra	NORM
bantal	O
@ratihdwitya	NORM

GA	NORM
NYANGKA	NORM
BANGET	NORM
KEPUTUSAN	NORM
AKU	NORM
BUAT	NORM
BELI	NORM
ALAT	NORM
PEMBESAR	NORM
PAYUDARA	NORM
MHCA	NORM
DI@QUEEN_BEAUTY_NATURAL	NORM
SEBULAN	NORM
YANG	NORM
LALU	NORM
TERNYATA	NORM
JADI	NORM
KEPUTUSAN	NORM
YANG	NORM
PALING	NORM
TEPAT	NORM
!!	O
AWALNYA	NORM
SIH	NORM
AKU	NORM
RAGU	NORM
TAPI	NORM
TERNYATA	NORM
SETELAH	NORM
PAKE	NORM
SELAMA	NORM
30	O
HARI	NORM
AKU	NORM
UKUR	NORM
LAGI	NORM
PAYUDARA	NORM
AKU	NORM
YANG	NORM
TADINYA	NORM
32	O
SEKARANG	NORM
JADI	NORM
36B	NORM
BENERAN	NORM
SERIUS	NORM
DEH	NORM
!!!	O
KAMU	NORM
HARUS	NORM
COBA	NORM
JUGA	NORM
NIH	NORM
HUB	NORM
ADMINNYA	NORM
DI	NORM
BBM	NORM
PIN:	NORM
5D885B1C.	NORM

wewww	NORM
@laspoets	NORM

Cieeeee...	NORM
Kuenya	NORM
@marcelchandra	NORM
sukaaa...	NORM
Pdhal	NORM
dah	NORM
takuttt	NORM
tuh..	O
Hahahahaaa	NORM
@deasypriscilla	NORM
???	O

Alkhamdulilah,	NORM
selamat	O
kak	O
vidi,	O
semoga	O
kedepannya	O
memperoleh	O
pencapaian	O
yang	O
lebih	O
baik	O
lagi...	O

Happy	NORM
anniversary	O
yaaa...	NORM
||	O
jadi	O
pengen	NORM
seromantis	O
itu	O

Bangeett	NORM
??	O
@antynovia	NORM

ah	O
byk	NORM
x	NORM
critamu,	NORM
kw	NORM
urus	O
ja	NORM
dl	NORM
isis	O
tu	NORM
tol,	O
kl	NORM
dh	NORM
bres	NORM
agama	O
mu	O
ku	O
akui	O
agama	O
mu.	O
cmkn	NORM
tu	NORM

Kakak	NORM
milla	O
cantik	O
banget	O
kalau	O
pakek	NORM
jilbab	O
sayang	O
nya	O
non	O
muslim	O

Lo	NORM
semua	O
bisax	NORM
cmn	NORM
nyerocos	NORM
aja	NORM
emang	NORM
hidup	O
lo	O
uda	NORM
pada	O
bener	NORM
apa	O
ngapain	NORM
ngefollow	O
marshanda	O
klo	NORM
kalian	O
cmn	NORM
mw	NORM
ngatain	NORM
marshanda	O
kampungan	O
amat	O

wado	NORM
ini	O
mah	O
fat	O
sama	O
ade	NORM
@fathinasma	NORM
@nauraqila	NORM

22nya	NORM
cantik	O
dan	O
suaranya	O
Bagus	NORM
?	O

Nyindir	NORM
bgt	NORM
ya	O
bun	O
hahaha..yg	NORM
onoh	NORM
drama	O

Payudara	NORM
kendur	O
dan	O
kurang	O
menarik???	O
mungkin	O
anda	O
pun	O
tidak	O
percaya	O
diri	O
dgn	NORM
keadaan	O
tersebut,oleh	O
sebab	O
itu	O
solusinya	O
di@KECANTIKAN_SAHABAT_ARTIS	NORM
menyedia	O
kan	O
alat	O
PEMBESAR	NORM
PAYUDARA	NORM
yg	NORM
alat	O
tersebut	O
hasilnya	O
hanya	O
dgn	NORM
pemakaian	O
kurang	O
dari	O
satu	O
bulan	O
payudara	O
anda	O
akan	O
mengencang	O
dan	O
menarik	O
untuk	O
info	O
silahkan	NORM
invite	O
BBM	NORM
:	O
5FA808D5	NORM
ingat	O
kesempatan	O
tidak	O
datang	O
dua	O
kali	O

@bangkipli.aw	NORM
@marhaendra.surya	NORM
Besok	NORM
aku	O
di	O
BLOK	NORM
M	NORM
Square	NORM
jam	O
19.00	O
kl	NORM
ada	O
yg	NORM
blm	NORM
ntn,	NORM
bareng	O
yuk!	O
@ervitarestiaa	NORM
@agustinusdcn	NORM
@ratnalingg	NORM
@niasuseno	NORM

@mpokkepo	NORM
gw	NORM
tau	O
lo	O
muljembut,	O
tongolin	NORM
muka	O
lo	O
yg	NORM
asli!!!	O
sirik	O
lo	O
ya	O
sm	NORM
bunmay?	O
haha	O
perek	O
recahan	O
mimpi	O
jd	NORM
artis	O
berkelas.	O
jgn	NORM
ngehalu	O
lo	O
ahhh	NORM
cabol!	NORM

Mulan	NORM
cantik	O
dan	O
suaranya	O
tidak	O
dipungkiri.	O
Jahat	NORM
n	NORM
biadabnya	O
juga	O
tdk	NORM
dipungkiri	O
@dianrisdiani21	NORM
@bie_ntang97	NORM
@	O
Tega	NORM
m	NORM
gkhianati	NORM
Maia	NORM
org	NORM
yg	NORM
bjasa	O
kpd	NORM
Mulan	NORM
demi	O
hdup	NORM
kaya	NORM
raya	O
krn	NORM
sdh	NORM
bosan	O
hdup	NORM
miskin	O
dg	NORM
ayahnya	O
Tiara	NORM
Dafi.	NORM
Tapi	NORM
yg	NORM
dipetik	O
Mulan	NORM
skr	NORM
tiap	O
hr	NORM
dihujat	O
sp	NORM
Tiara	NORM
Dafi	NORM
depresi.	O
Itu	NORM
pljaran	NORM
utk	NORM
org	NORM
lain	O
spy	NORM
tdk	NORM
mngikuti	NORM
klkuan	NORM
Mulan	NORM
spy	NORM
tdk	NORM
dihujat	O
n	NORM
anak2nya	NORM
tdk	NORM
terbebani	O
dosa	O
ibunya.	O

@feliciarany	NORM
exercise	O
dunk	NORM
pasti	O
lose	O
weight.	O
Hahaa	NORM

Kalw	NORM
beneran	NORM
kayak	O
gt	NORM
gimana.	NORM

Yakin	NORM
ndut	NORM
@indahelkarim	NORM
,psti	NORM
penasarn	NORM
jg	NORM
si	NORM
@fatin30	NORM

?	O
?	O
?	O
?	O
Langkah	NORM
?	O
AMAN	NORM
TANPA	NORM
EFEKSAMPING,	NORM
terbukti	O
dan	O
terjamin	O
kasiatnya	NORM
lirik	O
yuk	O
langsung	O
saja	O
invite	O
BBM	NORM
;	O
5CCF5874whats	NORM
app	O
:	O
081222798256	O
Add	NORM
line	O
@eau2931e	NORM
.	O
Yuk	NORM
order	O
:)	O
?	O
O?KIR	NORM
?	O
?R???	NORM
BESAR	NORM
BESARAN	NORM
?	O

Tuh	NORM
baru	O
15tahun,	O
kan	O
masih	O
bocah!!	O
Seumuran	NORM
anak	O
smp!!	NORM
Tapi	NORM
lagaknya	O
macam	O
suami	O
istri,kalian	O
memberi	O
contoh	O
buruk	O
pada	O
anak"	NORM
indonesia!!!	O

Ihh,comel	NORM
betul	O
la.....	NORM

Tifanny	NORM
udh	NORM
unfollow	O
ka	NORM
raisa	O

Masya	NORM
Allah	NORM
umur	O
brapa	NORM
sihh	NORM
bunda	O
????	O

Keren	NORM
nih	O
tmpt	NORM
..	O

Kali	NORM
ini	O
nontonx	NORM
ga	NORM
perlu	O
pake	NORM
bolos	O
sekolah	O
buat	O
ngantri	NORM
bli	NORM
tiket..	O
Tp	NORM
ga	NORM
ada	O
8	O
org	NORM
gebetan	O
lg	NORM
yg	NORM
nraktir	NORM
nonton	NORM
sbnyak	NORM
8	O
kali..	O
Penasaraaann	NORM
ga	NORM
sabar	O
liat	NORM
kak	O
@therealdisastr	NORM
????	O

PUCING	NORM
PALA	NORM
ABANG	NORM
NENG??	NORM

Cantiik2	NORM
dech	NORM

Balikan	NORM
gituuu	NORM
?	O

SAYA	NORM
SERING	NORM
NGERASA	NORM
KECEWA	NORM
OLEH	NORM
PRODUK	NORM
DARI	NORM
OL-SHOP	NORM
LAEN,	NORM
TAPI	NORM
SETELAH	NORM
SAYA	NORM
COBA	NORM
DI@WOMANBEAUTY.CARE	NORM
KEKECEWAAN	NORM
ITU	NORM
HILANG,	NORM
KARENA	NORM
PRODUK	NORM
PEMBESAR	NORM
PAYUDARA	NORM
DARI@WOMANBEAUTY.CARE	NORM
ITU	NORM
THRUSTED	NORM
BANGET,	NORM
SELAMA	NORM
3	O
MINGGU	NORM
SAYA	NORM
PAKAI,	NORM
DAN	NORM
HASILNYA	NORM
SANGAT	NORM
KEREN	NORM
SEKALI	NORM
LOH,	NORM
KALIAN	NORM
JUGA	NORM
MAU??	NORM
NIH	NORM
AKU	NORM
KASIH	NORM
PIN	NORM
D30054B4	NORM
whatsapp	O
082240956605	O

Lucu	NORM
banget	O
kaj	NORM

Malah	NORM
aku	O
ik	O
:v	O
@dhesta21_	NORM
itu	O
kan	O
sodaramu	O
yg	NORM
terpisah	O
selama	O
10	O
taun	NORM
to	NORM
dhes	O
@shelmasalsabila	NORM

Misterius....	NORM
Satupunn	NORM
gak	NORM
ada	O
photo	O
yg	NORM
motret...	NORM
Subhanallah......	NORM
@nicholassaputra	NORM
?	O

Lucu	NORM
merekaaaa	NORM
@odywoody	NORM

Subhanallah..ka	NORM
@dewisandra	NORM
cantik	O
banged..persis	NORM
kaya	NORM
barbie	O
??	O

Aakkk	NORM
stalking	O
again	O
n	NORM
again	O
trs	NORM
dan	O
trs	NORM
nyampe	NORM
sini	O
lagi	O
dan	O
lagi	O
??????	O
@muz_ayu	NORM
g	NORM
bosen	NORM
liatnya	NORM

Pantes	NORM
lho	O
Kak	NORM
jadi	O
islam,tapi	O
kakak	O
emang	NORM
kris	O
ten	O
ya	O
tetep	NORM
lurusin	NORM
agamanya	O
ya	O
kak	O

Kalian	NORM
ber2	NORM
cocok	O
banget..	O
Serasi	NORM
deh??	O

Semoga	NORM
aku	O
umur	O
15	O
atau	O
14	O
kek	NORM
gini	NORM
amin	O
ya	O
we??	O
@verenmarshandaa	NORM
@rentyrahmadani	NORM

Wow	NORM
masih	O
15thn	O
?	O

HAHAH	NORM
nonton	NORM
sampe	NORM
akhir!!	O
@ablatgade	NORM

Dua	NORM
diva	O
niyyyyhhhh	NORM

Nau,apa	NORM
sih	O
yang	O
ingin	O
kamu	O
bagiin	NORM
ke	O
temannaura	O
atas	O
terimakasihnya...?	O
Nau,apa	NORM
yang	O
bikin	O
kamu	O
bangga	O
sama	O
temannaura...?	O
#nauraQnA	NORM

Aku	NORM
maluu	NORM
banget	O
sama@dr.elsik.herbal	NORM
,	O
dulu	O
saya	O
sempet	NORM
DC	NORM
bbm	O
nya	O
karna	NORM
aku	O
gk	NORM
percaya	O
sama	O
sekali	O
sama	O
produknya,	O
tapi	O
pas	O
saya	O
invite	O
lagi	O
dan	O
cobaaaa	NORM
produknya	O
,	O
ngerii	NORM
banget	O
perubahannya,masa	O
cuma	O
dalam	O
waktu	O
7	O
hari	O
kulit	O
aku	O
jadi	O
putih	O
waw	NORM
bangett	NORM
dehhh	NORM
gak	NORM
akn	NORM
nyesel	NORM
:),kalian	O
coba	O
cepetan	NORM
jangan	O
mau	O
kalah	O
sama	O
aku	O
cek	O
aja	NORM
langsung	O
ig	O
nya@dr.elsik.herbal	NORM
ga	NORM
akan	O
nyesel	NORM
aku	O
udah	NORM
buktiin	NORM
sekarang	O
giliran	O
kalian	O
:)	O

Mas	NORM
bram	O
masyaAllah	NORM
ntar	NORM
suami	O
gua	O
gitu	NORM
nis	O
tenang	O
ae	NORM
wkwk	O
@annisadas	NORM

??	O
kapan	O
para	O
pria	O
cuek	O
ini	O
bisa	O
jadi	O
kaya	NORM
gini	NORM
@xx.cyn0607ssie	NORM

YaAlloh	NORM
kasian	NORM
banget	O
bayinya	O
udah	NORM
dikata2in	NORM
?	O

doain	O
yaa??	NORM
@annisaaulfa	NORM

Oke	NORM
kak	O
dtunggu	NORM
kok	O
:))	O
@karinasalim	NORM

Cha"	NORM
perlu	O
banyak	O
diingatkan...tp	NORM
dgn	NORM
klmbutan,cha	NORM
jgn	NORM
salah	O
jalan	O
cha	O
gw	NORM
pgn	NORM
lo	O
yg	NORM
dlu	NORM

Gantenggg	NORM

Ya	NORM
ampunnnnn.ka	NORM
?	O
Cantik	NORM
bgt	NORM
kmu	NORM

Sukam	NORM
sama	O
safea	O
tapi	O
ngga	NORM
suka	O
sm	NORM
mamanya	O
maaf	O
yach	NORM
ngga	NORM
tau	O
kenapa	O
ngga	NORM
suka	O
banget	O
sm	NORM
mamanya	O
padahal	O
dulu	O
ngefans	NORM
banget	O
wkt	NORM
di	O
ratu...	O

Follback	NORM
dongg	NORM
kakk	NORM
@mischach	NORM

Fake	NORM
Account	NORM
ini	O
yang	O
bener	NORM
@_officialjkt48	NORM

Keluarin	NORM
m4	O

Pdhl	NORM
udh	NORM
pcrn	NORM
tahun2	NORM
nan	O
tp	NORM
gk	NORM
jodoh	O
ya,,,	O

Aq	NORM
mau	O
jacketnya	O
donk	NORM

Cantikan	NORM
bunda	O
@maiaestiantyreal	NORM
bgt....	NORM

Teteh	NORM
mkn	NORM
cantik	O
pake	NORM
hijab	O
?	O

Cantik	NORM
bgt	NORM
icha	O

bangga	O
lah	O
menjadi	O
warga	O
dki	O
jkt	NORM
dan	O
punya	O
pemimpin	O
seperti	O
pak	O
ahok......jakarta	O
memang	O
butuh	O
pemimpin	O
kayak	O
pak	O
ahok....jakarta	O
banyak	O
mafia	O
anggaran...go	O
go	O
go	O
ahok	O

Blh	NORM
plk	O
x	NORM
pkai	NORM
tudung	O
blik...haiya	NORM

Bulu	NORM
Mata	NORM
astagaaaa	NORM

Romantis...	NORM
pengin	O
suatu	O
saat	O
nanti	O
foto	O
sama	O
suami	O
seperti	O
ini...	O
mauuuuu....	NORM

Amiend	NORM
ya	O
Allah	NORM

wihh	NORM
gara-gara	O
aku	O
pakai	O
www.regram.net	O
sekarang	O
followers	O
aku	O
semakin	O
banyak	O
loh	O
semua	O
nya	O
hanya	O
di	O
www.regram.net	O

Uhhh.....its	NORM
beautiful.....	O

Ni	NORM
elahh	NORM
@nabil.aak	NORM

Emang	NORM
beneran	NORM
ini,nnti	NORM
editannn	NORM

Alhamdulillah....	NORM
semoga	O
istiqomah	NORM
ya	O
mba,	NORM
salut	O
sama	O
mba	NORM
rina..	O
berani	O
berubah	O
dan	O
berhijrah,	O
sampai	O
foto2nya	NORM
sebelum	O
pakai	O
jilbab	O
ga	NORM
tanggung2	NORM
dihapus	O
semua	O
??@rinanose16	NORM

Tak	NORM
caya	NORM
kali:p	O
@likamalika_n	NORM

Suka	NORM
bgt	NORM
sama	O
postingan	O
luna	O
yg	NORM
ini..persahabatan..	O
Real	NORM
best	O
friend	O

makin	O
cantik	O
kk	NORM
:-)	O
@rinanose16	NORM

Pgin	NORM
fto	NORM
studio	O
gini	NORM
put	O
heee	O
@utamputri	NORM

<--	O
PAYUNGPELANGI	NORM
3DIMENSI..	NORM
PayungCantikBikinKitaMakinCantik	NORM
.	O
Ajaib	NORM
bisa	O
MUNCUL	NORM
MOTIF	NORM
bunga	O
kalo	NORM
kena	O
air	O
hujan..	O
Pokonya	NORM
CANTIK	NORM
and	O
Lucuu	NORM

Hi	NORM
sis,	O
Aku	NORM
dari	O
AccessorizeID	NORM
and	O
i'm	NORM
such	O
a	O
big	O
fan	O
of	O
you.	O
Aku	NORM
mau	O
tanya	O
kalo	NORM
aku	O
boleh	O
endorse	O
for	O
u.	NORM
Pls	NORM
line	O
me	O
yah	NORM
at	O
Accessorize_id	NORM
:)	O
Thankyou	NORM

@nuruldhimas	NORM
bun	O
mau	O
yg	NORM
kyk	NORM
gini..	NORM
Yg	NORM
mana	O
aja	NORM
boleh	O
dah..	NORM
Bungkusin	NORM
atu..	NORM

Buat	NORM
sista&agan	O
yg	NORM
mau	O
langsing,	O
tinggi,	O
wajah	O
mulus,	O
kulit	O
putih	O
bersinar,	O
yukk	NORM
cek	O
ig@istanahealth.care	NORM
aku	O
punya	O
solusinya	O
semua	O
terbuat	O
dr	NORM
bahan	O
herbal	O
alami	O
..	O
invite	O
:	O
D280F617	NORM
/whatsapp	O
082220522227	O
(BIG	NORM
PROMO+FREE	NORM
ONGKIR)	NORM

Mba	NORM
KD	NORM
lengkap.anak	O
nya	O
cantik	O
dn	NORM
ganteung.	NORM

Senyum	NORM
nya	O
kyak	NORM
si	NORM
@igarolesyaputry	NORM

Kak	NORM
cooooooocok	NORM
klw	NORM
pkk	NORM
hijab	O
kak	O
mila	O

ini	O
boleh	O
jg	NORM
ya?	O
@dyzkafadela	NORM
oke	O
jerewi	NORM
nanti	O
ilang	NORM
haha	O

Kk	NORM
,	O
aku	O
tantang	O
kk	NORM
nyanyi	O
di	O
ig	O
..	O
Mau	NORM
y	NORM
kak	O
!!	O
Biar	NORM
smua	NORM
tau	O
bakat	O
kk	NORM
tu	NORM
di	O
sgla	NORM
bidang	O
...	O
I	NORM
like	O
you	O
kak	O
..	O

Suka	NORM
sama	O
squishy	O
ngak?	NORM
Alasanya?	NORM

@hasiahfebriyanti	NORM
besook	NORM
ke	O
Korea	NORM
ahh	NORM
..	O
aq	NORM
juga	O
mauu	NORM
gtuu	NORM
..??	O

Congrats	NORM
kak!!	O
Lanjut	NORM
S2	NORM
ajah	NORM
kak	O

Sist	NORM
asalnya	O
aku	O
gk	NORM
percaya	O
sama	O
produk@DR.ALAMSYAH.HERBAL	NORM
yg	NORM
katanya	O
bisa	O
memutihkan	O
dan	O
melangsingkan	O
badan,	O
pas	O
aku	O
coba	O
8	O
hari	O
aku	O
pangling	O
sama	O
muka	O
aku,	O
ngerii	NORM
bangett	NORM
dahh,temen-temen	NORM
aku	O
jadi	O
pada	O
ngiri	NORM
sampe	NORM
orang	O
tua	O
aku	O
aja	NORM
pangling	O
banget	O
liat	NORM
perubahan	O
tubuh	O
aku	O
jadi	O
lebih	O
sexy	O
dan	O
putih,kalian	O
mau	O
kalah	O
sama	O
aku??	O
pasti	O
ga	NORM
akan	O
kan	O
sekarang	O
cek	O
aja	NORM
ignya@DR.ALAMSYAH.HERBAL	NORM
pasti	O
tubuh	O
kalian	O
bakalan	O
lebih	O
indah	O
:)	O

Om	NORM
dhani	O
makin	O
kesini	O
kok	O
wajahnya	O
makin	O
kusem	NORM
dan	O
kucel	O
ya	O

Kyk	NORM
Q	NORM
gingsulnya	O

Wouww	NORM
cantiknya	O

Yg	NORM
jelas	O
kalian	O
milik	O
aku.	O
Wkwkwk	NORM
*mimpi	O

Oiya	NORM
Ternyata	NORM
dhani	O
bopir	O
yah	NORM
(	O
botak	O
pinggir)	O
??,	O
banyak	O
pikiran	O
Apa	NORM
Emang	NORM
rontok	O
Mas	NORM
dhani	O
?	O

@aina.ayu	NORM
iya	O
yank.,	NORM

Salut	NORM
bngt	NORM
sma	NORM
kak	O
caca..	O

Apa	NORM
mksd	NORM
mengirimi	O
foto	O
ini,	O
kyne	O
kah	O
kena	O
model	O
seragam	O
kami	O
@ana_rrr29	NORM
@rocky_lin	NORM

Cantiknyaaa	NORM
bikin	O
pgn	NORM
ikut	O
hijab..	O
..	O
:)	O
@mutiaraannisa	NORM
@gendiswibisana	NORM
@vitriiskandar	NORM
@keyfalevana	NORM
@hanydahirzy	NORM

9	O
?@algaeslovania_premiumskincare1	NORM
#UTK	NORM
WAJAH	NORM
JGN	NORM
ASAL	NORM
PILIH	NORM
YAH,,	NORM
ALGAE	NORM
SLOVENIA	NORM
CREAM	NORM
WAJAH	NORM
YG	NORM
BERKWALITAS	NORM
DIJAMIN	NORM
AMAN	NORM
DAN	NORM
JELAS	NORM
ASAL	NORM
USULNYA,,	NORM
RACIKAN	NORM
DOKTER	NORM
DR	NORM
SINGAPORE,,	NORM
BKN	NORM
ASAL	NORM
CREAM	NORM
PRWTN,,,	NORM
AKU	NORM
SENDIRI	NORM
JG	NORM
PAKE	NORM
LOH,,	NORM
RIBUAN	NORM
CUST	NORM
AK	NORM
JUGA	NORM
UDH	NORM
PADA	NORM
PAKE,,	NORM
BYK	NORM
YG	NORM
UDH	NORM
NGEBUKTIIN	NORM
HASILNYA.	NORM
TERBUKTI	NORM
DARI	NORM
TESTIMONI	NORM
NYA,,	NORM
CEK	NORM
IG	NORM
AKU	NORM
YAH,,	NORM
TESTIMONI	NORM
ASLI	NORM
DR	NORM
CUST	NORM
AK	NORM
SENDIRI...	NORM
PILIHAN	NORM
PRAWATAN	NORM
WAJAH	NORM
TERBAIK	NORM
,ALGAE	NORM
SLOVENIA	NORM
PREMIUM	NORM
SKINCARE	NORM
BUKTI	NORM
NYATA.	NORM
UTK	NORM
INFO	NORM
LBH	NORM
LENGKAP	NORM
follow	O
@algaeslovania_premiumskincare1	NORM
and	O
info	O
lebih	O
lengkap	O
add	NORM
my	O
pin	O
5e3e04f5	O
WA:081210238087	NORM

Ingin	NORM
menarik	O
disetiap	O
penampilanmu?	O
Lengkapi	NORM
dengan	O
barang2	NORM
custom	O
dari	O
droplets_solo.	O
Semua	NORM
dari	O
kulit	O
asli	O
berkualitas,	O
mulai	O
dari	O
gelang	O
kulit,	O
sabuk,	O
strap	O
jam,	O
id	O
card,	O
dompet	O
sampai	O
tas.	O
Bisa	NORM
pesan	O
sesuai	O
seleramu.	O
Check	NORM
it	NORM
out	O
>>>	O
droplets_solo	O

Aduuhhh	NORM
kakak	O
kakak	O
ku	O
wkwkk	O

Itu	NORM
botak	O
bnrn	NORM
dan	O
skrg	NORM
pake	NORM
week	NORM

Ciieeeeeee?	NORM
HBD	NORM
my	O
sweatheart	O
??	O
@marcelchandra	NORM

Cuaantik	NORM

1	O
jam	O
setengah	O
lg	NORM
GA	NORM
nya	O
akan	O
ditutup!!Buruan	NORM
ikutan	O
GA	NORM
nya	O
@hadiblacksite	NORM
hadiahnya	O
banyak	O
dan	O
menarik	O
rulesya	O
jg	NORM
gampang	O
ayo	O
sebelum	O
dituutup	NORM

Subhanallah,	NORM
kakak	O
cantik	O
bnget..	NORM
I	NORM
love	O
you	O
kak	O
@fatin30	NORM

Bujukk	NORM
itu	O
pala	NORM
apa	O
bohlam	O
terang	O
bener??	NORM

@jaquelinekasna	NORM
mayann	NORM
mayan	NORM

ALAT	NORM
PEMBESAR	NORM
PAYUDARA	NORM
ALAMI,mau	NORM
menambah	O
ukuran	O
payudara	O
atau	O
mau	O
mengencangkan	O
payudara	O
?	O
agar	O
bisa	O
menarik	O
perhatian	O
pasangan	O
kamu	O
?	O
yuuuk	NORM
cek	O
IG@QUEEN_BEAUTY_NATURAL	NORM
atau	O
bisa	O
langsung	O
konsultasi	O
via	O
BBM	NORM
PIN:	NORM
5E51CC82	NORM
.	O

No	NORM
dramaa	NORM
:v	O

Yampun	NORM
taraaaaa,	O
udah	NORM
aktingnya	O
paling	O
bisa	O
bgt,	NORM
suaranya	O
oke	O
pake	NORM
bangettt	NORM
pulaa	NORM
ckck...	O
kalah	O
sama	O
penyanyi2	NORM
beneran	NORM
yg	NORM
terkadang	O
hanyalah	O
aji	O
mumpung	O
hahaha	O

@erikamulya.28	NORM
aku	O
ga	NORM
bisa	O
kasar	O
ama.kamu	NORM
erika	O
?????	O

Kakak	NORM
yang	O
di	NORM
undang	NORM
ke	NORM
ultha	NORM
arsy	O
siapa	O
yang	O
idenya	O
ke	O
pakai	O
??	O
@aurelie.hermansyah	NORM

S	NORM
cinta	O
ini	O
muslim	O
guys	O
mamahnya	O
muslim	O
dia	O
ska	NORM
puasa	O
ko..	NORM
Pernah	NORM
ada	O
d	NORM
infoteimen	O

Ini	NORM
mbak2	NORM
yg	NORM
cantik	O
pada	O
pedes	NORM
smua	NORM
komentnya	NORM
???	O

Punya	NORM
kaca	O
gk	NORM
sih	O
yang	O
pada	O
ngebuli!!!	O
Diri	NORM
lu	O
uda	NORM
bersih??	O
Fuck	NORM
bisa	O
ny	NORM
omongin	NORM
orang.NGACA	NORM
dulu.diri	O
lu	O
pada	O
gk	NORM
sesuci	O
anak	O
itu	O
!!!	O

Sexy	NORM
bgt	NORM
ya....	O
@faza_15	NORM

@msyen1211	NORM
yg	NORM
patut	O
dicontoh	O
ya	O
Nabi	NORM
Muhammad	NORM
SAW	NORM

Aku	NORM
suka	O
banget	O
sinetron	O
ini,,sumpah,,,cuma	O
sinetron	O
ini	O
yg	NORM
bikin	O
ht	NORM
happy,,,,di	O
saat	O
galau,,,,kapany	O
bisa	O
ketemu	O
pemainy,,,,,,	NORM

SEPATU	NORM
MURAH	NORM
DAN	NORM
BERKUALITAS	NORM
untuk	O
pria/wanita	O
dan	O
anak2.	NORM
Yuk	NORM
lihat	O
koleksinya	O
sist,	O
gan,	O
cek	O
IG	NORM
kita	O
yaaaa	NORM

Kak	NORM
follback	O
yah	NORM
,aku	O
yng	NORM
kmrn	NORM
di	O
pontianak	O
yang	O
sama	O
bg	NORM
rafly	O
di	O
mercure	O
kmrn	NORM
@marcelchandra	NORM

Keren	NORM
kerennnnn	NORM

Kak	NORM
raissaaa	O
kecantikan	O
paripurnahh	NORM
wanitah	NORM
indonesiaah	NORM
kak	O
???	O
xx	O

Jerapah	NORM
kalo	NORM
ga	NORM
xinga	NORM

Raisa	NORM
cantik	O
gitu	NORM
aja	NORM
putus.	O
Apalagi	NORM
yang	O
mukanya	O
pas2an	NORM
dan	O
sok	O
kepedean...	O

@chiaraaveril_	NORM
lu	O
ngapain	NORM
ra	O
joget	O
joget	O
di	O
belakang	O

KUNINGGG	NORM

Sukaa	NORM
wee	O
haha	O
@dindadelfi	NORM
@retnowulaandarii	NORM

Cocoknya	NORM
sma	NORM
@_irishbella_	NORM
kak	O
@giorgino_abraham	NORM
smoga	NORM
pacaran	O

Segerrrr	NORM
@achy_r	NORM

Ini	NORM
eskrim	O
taiiii	NORM
#diperjelas	NORM
@manullangtuit	NORM
@rks_95	NORM

Kakak	NORM
pembina	O
lg	NORM
sakit....	O
Sesuatu	NORM
yachhh...	NORM
???	O

Inilah	NORM
bedanya	O
kolom	O
komen	O
insta	O
fi	NORM
artis	O
indo	NORM
sm	NORM
luar	O
negeri?	O
di	O
indo	NORM
komennya	O
ttg	NORM
pembelaan	O
agama	O
masing2	NORM
individu	O
yg	NORM
terlihat	O
kyk	NORM
kurang	O
pendidikan	O
soal	O
bhineka	O
tunggal	O
ika,	O
kl	NORM
di	O
luar	O
negeri	O
rata2	NORM
komen	O
semangat	O
buat	O
si	NORM
artis	O
itu	O
sendiri	O
tanpa	O
MANDANG	NORM
Agama	NORM
yg	NORM
dianut	O
artis	O
itu	O
sendiri.	O
Netizen	NORM
insta,	O
coba	O
lbih	NORM
open	O
minded	O
lagi,	O
biar	O
maju	O
negara	O

Engga	NORM
eh	O
herey	O
we	O
wkwk	O
@arie_angga96	NORM

Bilangin	NORM
papa	O
dani	O
dong	O
olahraga..	O
Perut	NORM
buncit	O
amit	O

Pasti	NORM
akn	NORM
slalu	NORM
kita	O
dukung	O
da	NORM
n	NORM
smua	NORM
doa	O
yg	NORM
terbaik	O
untuk	O
kaka,	NORM
semangaatt	NORM
trus	NORM
yaah	NORM
kak	O
@rharyantoracing	NORM
???	O

Kak	NORM
Kpan	NORM
Konser	NORM
Di	NORM
Surabaya	NORM

Terima	NORM
kasih	O
yaa@dr.rekti_fashion.kesehatan	NORM
?	O
saranmu	O
berhasil	O
dok,	O
akhirnya	O
aku	O
turun	O
10kg	O
dan	O
putihnya	O
seluruh	O
tubuh	O
ini	O
yaa	NORM
allah	O
seneng	NORM
banget??	O

Lah	NORM
elo?	NORM
Islam?	NORM
Ngerasa	NORM
bener?	NORM
Ga	NORM
berdosa?	O
Jgn	NORM
judge	O
agama	O
orang	O
donks.lo	NORM
ga	NORM
mau	O
kn	NORM
agama	O
lo	O
di	O
judge..	O
HAHAHA	NORM
@muhammad_ridho_edho	NORM

KaFatin	NORM
pake	NORM
kerudung	O
itu	O
makin	O
imut.?	O
@fatin30	NORM

ya	O
ampun	O
lutuna	NORM
anak	O
ciapa	NORM
itu	O

Sabar	NORM
aja	NORM
sal	O

Aku	NORM
aja	NORM
ngakak	NORM
??	O
@_amelia_putri	NORM

?	O
?????	O
????????	O
?	O
INGIN	NORM
TAU	NORM
KENAPA	NORM
Dewi	NORM
Persik,	NORM
Julia	NORM
Perez,	NORM
Nikita	NORM
Mirzani,	NORM
Aura	NORM
Kasih	NORM
MEMPUNYAI	NORM
PAYUDARA	NORM
BESAR	NORM
DAN	NORM
CANTIK.	NORM
YU	NORM
CEK	NORM
AJA	NORM
PAKARNYA@METRO.HERBAL	NORM
atau	O
langsung	O
aja	NORM
hub	NORM
?	O
BBM	NORM
PIN:	NORM
D19C05BA	NORM
?	O
?????	O
????????	O
?	O
INGIN	NORM
TAU	NORM
KENAPA	NORM
dewi	O
persik	O
MEMPUNYAI	NORM
PAYUDARA	NORM
BESAR	NORM
DAN	NORM
CANTIK.	NORM
YU	NORM
CEK	NORM
AJA	NORM
PAKARNYA@METRO.HERBAL	NORM
atau	O
langsung	O
aja	NORM
hub	NORM
?	O
BBM	NORM
PIN:	NORM
D19C05BA	NORM
?	O
?????	O
????????	O
?	O
INGIN	NORM
TAU	NORM
KENAPA	NORM
dewi	O
persik	O
MEMPUNYAI	NORM
PAYUDARA	NORM
BESAR	NORM
DAN	NORM
CANTIK.	NORM
YU	NORM
CEK	NORM
AJA	NORM
PAKARNYA	NORM
add	NORM
langsung	O
aja	NORM
hub	NORM
?	O
BBM	NORM
PIN:	NORM
D19C05BA	NORM
/	O
WA:	NORM
089675232492	O
Aman	NORM
bgt	NORM
kak..	O
Ga	NORM
ada	O
efek	O
samping	O
dan	O
ketergantungan.	O
Udah	NORM
dapat	O
sertifikat	O
dan	O
Lolos	NORM
uji	O
Lab	NORM
juga	O
(y)	NORM

YANG	NORM
MAU	NORM
PENGHASILAN	NORM
RATUSAN	NORM
RIBU	NORM
HINGGA	NORM
JUTAAN	NORM
TIAP	NORM
HARINYA	NORM
CEK	NORM
IG	NORM
Q	NORM
YA	NORM
KK...	NORM

Ada	NORM
yang	O
tw	NORM
ni	NORM
lagu	O
jdulnya	NORM
ap	NORM
ya???	O

HBD	NORM
kakakuuu	NORM
?	O
panjang	O
umur,sehat,makin	O
cantik,tambah	O
sukses.	O
Aamiin.	NORM
Love	NORM
love	O

Ya	NORM
allah	O
lucu	O
inget	NORM
anak	O
pas	O
baru	O
lahir	O
nangis	NORM
kenceng	NORM
bnget????	NORM

@zena_listiana	NORM
semua	O
agama	O
tuh	O
punya	O
kitab	O
suci	O
sendiri!!n	NORM
km	NORM
suruh	O
semua	O
orang	O
baca	O
quran?gmn	NORM
agamanya?but..aku	O
ngak	NORM
mau	O
ada	O
yg	NORM
marah	O
ato	NORM
ribut	O
lah!!!yg	NORM
bilang	O
kak	O
Sandra	NORM
islam,apakah	O
kalian	O
tau??dia	O
jg	NORM
mendirikan	O
gereja	O
di	O
ntt,trus	NORM
dia	O
jg	NORM
ngeshare	O
tentang	O
Tuhan	NORM
pas	O
paskah	O
kan??nah	O
kita	O
kan	O
harus	O
bersatu	O
walau	O
pun	O
ber	O
beda	O
beda...kita	O
percayai	O
saja	O
agama	O
masing	O
masing	O
ok??	O

Cantik	NORM
bangeeet	NORM
:'v	O

smoga	NORM
bahagia	O
selalu.....	O

Serasi	NORM
bgt	NORM

Cup	NORM
cup	O
cup	O
@nindya.auliya	NORM
sabar	O
y	NORM
istri	O
ke	O
3,	O
gue	O
gk	NORM
kenal	O
elo,	NORM
utk	NORM
apa	O
jg	NORM
gue	O
dgr	NORM
kata	O
elo,	NORM
kalau	O
dia	O
gk	NORM
mau	O
punya	O
haters	O
y	NORM
gak	NORM
usah	O
punya	O
sosmedlah.	O
GITU	NORM
AJA	NORM
KOK	NORM
REPOT,	NORM
wkwkwk	O

Sebelum	NORM
berhijab	O
aku	O
ga	NORM
follow	O
kakak	O
tp	NORM
stlh	NORM
berhijab	O
aku	O
malah	O
follow	O
soalx	NORM
smpt	NORM
liat	NORM
di	O
salah	O
satu	O
stasiun	O
tv	O
ternyata	O
tambah	O
cantik,	O
istiqomah	NORM
ya	O

Aq	NORM
paling	O
suka	O
lht	NORM
fhoto	NORM
baby	O
gempi	O
yg	NORM
ini,,????#lucubanget	NORM
+	O
imuutt	NORM
abizzz?	NORM

Hopefully	NORM
kak	O
@karinasalim	NORM
dapet	NORM
cast	O
lagi,seruan	O
mana	O
acting	O
sama	O
nari	NORM
balet	O
kak	O
:D	O

Paling	NORM
booming	O
dan	O
kekinian...	O
karpet	O
motif	O
dari	O
bahan	O
rasfur	O
atau	O
bahan	O
bulu	O
boneka	O
sangat	O
nyaman	O
dan	O
lembut.	O
gambar	O
dan	O
warna	O
variasi	O
sesuai	O
keinginan.	O
yukk	NORM
di	O
order	O
bunda	O
sekarang	O
cocok	O
untuk	O
hadiah	O
dan	O
arisan	O
baraang.	NORM

@jasa_hack_fb	NORM
kmu	NORM
penipuan	O
ya..smoga	NORM
dpt	NORM
hidiyah..	NORM

@claudoci	NORM
GAG	NORM
USAH	NORM
NAWARIN	NORM
-__-	O

gak	NORM
tau	O
dirinya	O
dimana??	O
jangan	O
pada	O
komen	O
gak	NORM
bener	NORM
klo	NORM
gak	NORM
tau	O
yg	NORM
sebenernya	NORM
mah,	O
udah	NORM
kaya	NORM
anjing	O
aja	NORM
pada	O
ngegonggong	O
gak	NORM
tau	O
salahnya	O
apa	O

@aldyprimananda	NORM
jangan	O
nyari	NORM
debat	O
kata	O
"apa	O
itu	O
perencanaan	O
yg	NORM
bagus"	O
bernada	O
sindiran	O

Soalnya	NORM
videonya	O
lucuuu	NORM
.	O
Biar	NORM
rileks	O
dikerjaan	O
??@rizkimukti	NORM

Kak	NORM
maudy	O
cantik	O
bangett	NORM

@aamelela	NORM
aminnnnn	NORM
??	O

Skrg	NORM
pk	NORM
hijab	O
kk	NORM

@ja.nnice	NORM
@khevani_pangalinan	NORM
yg	NORM
keduaa	NORM

Nangis	NORM
dah,,	NORM
sumpahh	NORM

Lu	NORM
aja	NORM
kali!	O
@sitimasyitah__	NORM

hayukk	NORM
@firrrra	NORM

Gk	NORM
mboizzz	NORM
muljem	O

Kgn	NORM

Pait	NORM
pait	NORM
pait	NORM

Sumpah	NORM
actingnyaaa	O
para2	NORM
keren	O

Makanya	NORM
jangan	O
yg	NORM
aneh	O
lu	O
ca....dasar	O
artis	O
sensasi....	O

Tunik	NORM
murahhh	NORM

kak	O
jessica	O
itu	O
bukan	O
menghina	O
tp	NORM
dia	O
menghargai	O
idul	O
fitri	O
makannya	O
cari	O
dulu	O
info	O
jgn	NORM
langsung	O
tuduh	O

Allah	NORM
memberi	O
hidayah	O
pd	NORM
org2	NORM
yg	NORM
dikehendakiNya	NORM
termasuk	O
@rinanose16..	NORM

Pasti	NORM
yang	O
fotoin	NORM
nya	O
ka	NORM
@jscmila	NORM
ya	O
ngaku	NORM
aja	NORM
kaaa,	NORM
hahahhaaah	O

Good	NORM
kk	NORM
agnes	O

Pengen	NORM
foto	O
kayak	O
gini	NORM
@taufikhidayatt	NORM

@mhardikaji	NORM
pecahhg	NORM

Minta	NORM
pin	O
nya	O
blh	NORM
ga	NORM

Foolback	NORM
ka	NORM
naura..	O
Kaka	NORM
cantik	O
plisss	O
dong	O
kaaa	NORM

@agricis	NORM
kyk	NORM
ako	O
:)	O

@riyan_dul	NORM
@aprial.nurhaidi	NORM
ini	O
ismi	O
yaak?	NORM
Hahhahahahahaa	NORM

Yg	NORM
tengah	O
deasy	O

Amiiiiiiiiiiin	NORM
ya	O
allah	O

Jadi	NORM
mau	O
ke	O
korea	O
trus	NORM
bw	NORM
pulang	O
brownya??	O
@angdhona	NORM

Suka	NORM
lagu2nya	NORM
?@nikitawillyofficial94	NORM

Asyikkkkk???	NORM
@ikaniaputriberliana	NORM

Meleleh	NORM
ngeliatnya	NORM
?	O

Canyk	NORM
bukan	O
main	O

Paling	NORM
suka	O
sama	O
video	O
inii	NORM

Wkwkwk..	NORM
minta	NORM
@luqik	NORM
jiejie	O
@she_margaretta	NORM
???	O

Selalu	NORM
ngfans	NORM
sama	O
mimi	O
@krisdayantilemos	NORM
???	O
aku	O
yakinn	NORM
suatu	O
saat	O
kita	O
bisa	O
satu	O
pentass.	NORM
Haaa	NORM
#ngarepbanget	NORM

Nggak	NORM
cocok	O
,	O
cocokny	NORM
sama	O
kinta(	O
@angelagilsha	NORM
)	O

Iki	NORM
lebih	O
jelase	NORM
@oktaviajr	NORM

Aku	NORM
jg	NORM
mau	O
@ghechantika	NORM
@gracenitapatricia	NORM
@riskaoktavianti	NORM
@zhafirarefanza	NORM
@nurfadillaar	NORM

yg	NORM
lme	O
kan??	O
@nur_aqilahkalil	NORM

AEH	NORM
MATEEEEK	NORM
@namira_alfiani	NORM

Halahh	NORM
luu	NORM
komen	O
post	O
aku	O
di	O
line	O
cuk	O
@srisavitriritonga	NORM
@sriritonga152	NORM
@mindanasution31	NORM

Suka	NORM
dgn	NORM
pemikiran2	O
om	O
adie,sukses	O
trs	NORM
om	O
dan	O
selalu	O
memihak	O
pada	O
org2	NORM
benar	O
ya	O
om	O

@hadi.niic	NORM
kejadian	O
gini	NORM
mah	O
biasa,	O
pas	O
foto	O
yg	NORM
upload	O
foto	O
ini	O
kelihatan	O
cantik,	O
ga	NORM
ngurus	NORM
teman	O
fotonya	O
jelek	O
apa	O
ga	NORM
di	O
foto.	O
Atau	NORM
biar	O
di	O
bully???	O
Biarlah,	NORM
jadi	O
bahan	O
bullyan	O
buat	O
org	NORM
kayak	O
mas	O
ini.	O
Kan	NORM
aneh	O
klo	NORM
kd	O
yg	NORM
upload	O
foto	O
trus	NORM
yg	NORM
difoto	O
agnez	O
kelihatan	O
lebih	O
cantik.	O
Hiihiihii.	NORM
Pamit	NORM
yah	NORM
mas,	O
lanjutin	NORM
aja	NORM
soal	O
keriputnya	O

Selow	NORM
lagi	O
proses	O
yaa?	NORM
@geareani08	NORM

Omg	NORM
cantik	O
ngettt	NORM
???	O
@ayangnadya	NORM

Jgn	NORM
terpengaruh	O
dengan	O
komentarnya	O
mereka	O
ka	NORM
tetap	O
berpeganggang	O
selalu	O
di	O
agama	O
nya	O
kaka	NORM
ya...	O
kaka	NORM
bagus	O
sling	NORM
peduli	O
sesama	O
orang	O
beragama:)	O

Ini	NORM
pasangan	O
ngeselin	NORM
banget	O
sumpah...	O
Bkin	NORM
iri	O
??	O

Jelas	NORM
Safea	NORM
dia	O
anak	O
pelacur	O
ga	NORM
berkelas,	O
anak	O
garut	O
ga	NORM
ada	O
cantik2nya	NORM
??????	O

Pengen	NORM
dipeluk	O
daddy	O
ya	O
el...sabar	O
ya	O
naaaak...?????	NORM

Ternyata	NORM
kaka	NORM
bener	NORM
banget,	O
produk	O
dari@duniaherbalbeauty.id	NORM
yg	NORM
kaka	NORM
saranin	NORM
wow	O
banget	O
deh,	O
seluruh	O
tubuh	O
aku	O
jadi	O
putih	O
banget,	O
gak	NORM
kusam	O
lagi	O
:)	O

jorok	O
amat	O
sih	O
lo	O
agama	O
nya	O
ap	NORM
sih	O
mungkin	O
ajah	NORM
baju	O
nya	O
bgt	NORM
ke	O
kecilan	O

Haha	NORM
kalo	NORM
prewedingnya	O
kaya	NORM
gini	NORM
mah	O
ntar	NORM
ressanya	O
minta	NORM
ga	NORM
ya	O
ti	O
?	O
?	O
@mhmresa	NORM
@slstia	NORM

Bantu	NORM
makup	O
gw	NORM
kaya	NORM
gini	NORM
@xrryte	NORM
?	O

Mana	NORM
ada	O
lagiiii	NORM
@sherlytrst	NORM

Tidakkkk	NORM
kemuh	NORM
da	NORM
berubah	O
:(	O
@dg_freya	NORM

Udah	NORM
coba	O
banyak	O
produk	O
kaya	NORM
cream	O
atau	O
minyak"an	NORM
gitu	NORM
tapi	O
selalu	O
ga	NORM
ada	O
hasil?	O
Setelah	NORM
coba	O
pake	NORM
alat	O
pembesar	O
payudara	O
dari@DR.FAUZI_HERBAL.THERAPY	NORM
malah	O
bikin	O
kaget	O
dari	O
32	O
jadi	O
35E	NORM
cup	O
nih?	O
Salut	NORM
bgt	NORM
alatnya	O
gak	NORM
nipu?	O
Hub?D04E19DC	NORM

@rezaaaaya	NORM
Lucu	NORM
yaaa	NORM
kyk	NORM
aku	O
???	O

kereenn	NORM
bgt	NORM
terharu	O
caca	O
????bangga	O
bgtt	NORM
ma	NORM
km	NORM
@marshanda99	NORM

Ini	NORM
yang	O
gua	O
mauuuuu	NORM
??	O
@raquellyndaf	NORM
@nisaaxs	NORM

Sukaaaa	NORM
@mulyamutawaqqil	NORM
@ayumarwanda	NORM
@muslahatuljafar	NORM
@sucimarfirah	NORM

Tetep	NORM
cantik	O
ka	NORM
@raisa6690	NORM
???	O

Ah	NORM
nggak	NORM
artsy	O
wkwk	O
@missawanda	NORM

Mkin	NORM
cntk	NORM
sj	NORM

Teteh	NORM
@zahratuljannah	NORM
aku	O
baru	O
baca.	O
Doaku,	NORM
mudah2an	NORM
semua	O
doa2	NORM
orang	O
yg	NORM
comment	O
dan	O
berdoa	O
buat	O
putranya	O
teteh	O
dan	O
keluarga	O
teteh,	O
dikabulkan	O
oleh	O
Allah	NORM
SWT.	NORM
Amin	NORM
Ya	NORM
Rabbal	NORM
alamiiiin..	O
Peluk	NORM
cium	O
utk	NORM
mika	O
dan	O
malik	O
????	O

Padahal	NORM
aku	O
kan	O
gak	NORM
akan	O
komen	O
yg	NORM
jelek	O
jelek	O
.cuma	O
mau	O
liat	NORM
liat	NORM
foto	O
Ny	NORM
aja	NORM

Suka	NORM
bgt	NORM
sm	NORM
anak	O
ini...	O
???	O
pinginnn...	NORM
@shintanike	NORM
@veny_ambar	NORM

cantik	O
bgt	NORM
ka	NORM
achaaa	O
????	O

Anjirrrr	NORM
emosi	O
kali	O
liat	NORM
foto	O
ini	O
??	O
@cynthia23_	NORM

Jadi	NORM
manusia	O
tuuu	NORM
jgn	NORM
bersifat	O
iri	O
dan	O
dengki.	O
Pada	NORM
ngurusan	NORM
org.	NORM
Ngaca	NORM
dulu	O
donk	NORM

Nanti	NORM
juga	O
tau	O
tuhan	O
sebenarnya	O
siapa	O
nanti	O
kiamat	O
nabi	O
isa	O
dateng	NORM
ngomong	NORM
bahwa	O
allah	O
adalah	O
tuhan	O
nya	O

Haddeh	NORM
dek	O
cak	O
lah	O
km	NORM
tengok	O
@miftahfurqon1	NORM

Tapi	NORM
aku	O
udah	NORM
lucu	O
sih	O

Oh	NORM
my	O
god,	O
klo	NORM
masalah	O
agama	O
gk	NORM
usah	O
diurusin	NORM
keles	NORM
yg	NORM
penting	O
kita	O
tetap	O
satu.	O
Biarin	NORM
aja	NORM
dia	O
milih	NORM
agamanya	O
ntar	NORM
kan	O
TUHAN	NORM
juga	O
bukakan	O
pintu	O
hatinya	O
utk	NORM
memilih	O
mana	O
agama	O
yg	NORM
tepat	O
utk	NORM
dia...	O

>>>CANTIK	NORM
UDAH<>SEKSI	NORM
UDAH<>PAYUDARA	NORM
KAMU	NORM
BAGAIMANA???	NORM
MAU	NORM
PAYUDARA	NORM
SEHAT	NORM
DAN	NORM
KENCENG	NORM
INFO	NORM
ADD	NORM
BBM	NORM
5E8CA768	NORM
CEK@DR.BEAUTYBREAST	NORM
OWNER	NORM
WANITA	NORM
!!	O

Make	NORM
up	O
nya	O
baguss	NORM
ka???	NORM
sirik	O
aku	O
@marlenehariman	NORM

@irma_febriyanti	NORM
huaa	O
irmaa	O
maafkan	O
baru	O
baca..	O
Terharu	NORM
bgt..	NORM
Kata	NORM
dokter,	O
aku	O
bisa	O
dan	O
harus	O
berharap	O
banyak	O
pd	NORM
mika,	O
dia	O
bisa	O
jadi	O
apa	O
aja	NORM
yg	NORM
dia	O
mau,	O
tp	NORM
aku	O
hrs	NORM
sabar	O
bgt..	NORM
Kalo	NORM
anak	O
lain	O
lari	O
dr	NORM
satu	O
tempat	O
ke	O
tempat	O
lain	O
perlu	O
waktu	O
30	O
detik,	O
buat	O
mika	O
bisa	O
4-5x	O
lebih	O
lama..	O
Iya	NORM
ma,	NORM
aku	O
nyesel	NORM
bgt	NORM
ga	NORM
sempet	NORM
ketemu	O
sblm	NORM
pindah..	O
Thanks	NORM
for	O
trusting	O
me,	O
pdhl	NORM
aku	O
ngerasa	NORM
ga	NORM
bantu	O
byk..	NORM
Pgnnya	NORM
meluk,	NORM
tp	NORM
ga	NORM
bisa..	O
Mudah2an	NORM
nanti	O
abis	NORM
lebaran	O
bisa	O
ketemu..	O
Be	NORM
strong,	O
be	O
patient,	O
u're	NORM
a	O
great	O
mom	O
for	O
anei,	O
she	O
is	O
lucky	O
to	NORM
have	O
you,	O
you	O
are	O
lucky	O
to	NORM
have	O
her..	O
We	NORM
miss	O
you	O
a	O
lot!	O
Big	NORM
hug	O
and	O
kisses	O
???	O

Kakak	NORM
cantik	O
klau	NORM
pakek	NORM
hijab	O

Ucullllll	NORM
@thasyaanandita	NORM

biar	O
item	O
ga	NORM
akn	NORM
hilangv	NORM
di	O
hati	O
aku....	O

I	NORM
support	O
her	O
?	O
semua	O
orang	O
pernah	O
melakukan	O
kesalahan	O
cuma	O
ada	O
yg	NORM
terlihat	O
oleh	O
org	NORM
banyak	O
dan	O
ada	O
jga	NORM
yg	NORM
tak	O
terlihat..	O

YANG	NORM
KIRIII	NORM
?	O

Slmt	NORM
ya	O
k	NORM
ruben	O
n	NORM
k	NORM
wenda..!!!cantik	O
ke	O
mamax.	NORM

Subhanallah..	NORM
tmbh	NORM
cntik	NORM
?.	O
Moga	NORM
istiqomah	NORM
teh	O
@rinanose16	NORM

Ayoooo	NORM
@vienaparamitha	NORM
...	O
Harus	NORM
nonton	NORM
...	O
Sekarang	NORM
udah	NORM
gaya	O
nii	NORM
nontonya	NORM
k	NORM
bioskop,,kl	NORM
dulu	O
nunggu	NORM
dpt	NORM
vcd,wkkwkk..	O

Kdg	NORM
nyesel	NORM
knp	NORM
baru	O
skrg	NORM
baru	O
ngerasa	NORM
kehadiran	O
Maudy,semangatdan	NORM
prinsip	O
pendidikanmu	O
nular	O
sampai	O
sini	O
mod	O
jadi	O
semangat	O
walaupun	O
skrg	NORM
kuliah	O
busa	O
dibilang	O
banyak	O
kebagi	NORM
fokus	O
:)	O

Eh	NORM
ada	O
@ghessawarsana	NORM
.	O
Eeeehhhh	NORM

Miss	NORM
you	O
kak	O
olga...	O
smoga	NORM
kak	O
tnang	NORM
di	O
sana	O

jos	O
temen	NORM
yuu??	NORM

GA	NORM
NYANGKA	NORM
BANGET	NORM
KEPUTUSAN	NORM
AKU	NORM
BUAT	NORM
BELI	NORM
ALAT	NORM
PEMBESAR	NORM
PAYUDARA	NORM
MHCA	NORM
DI@HERBALINDOSEHAT_	NORM
SEBULAN	NORM
YANG	NORM
LALU	NORM
TERNYATA	NORM
JADI	NORM
KEPUTUSAN	NORM
YANG	NORM
PALING	NORM
TEPAT	NORM
!!	O
AWALNYA	NORM
SIH	NORM
AKU	NORM
RAGU	NORM
TAPI	NORM
TERNYATA	NORM
SETELAH	NORM
PAKE	NORM
SELAMA	NORM
30	O
HARI	NORM
AKU	NORM
UKUR	NORM
LAGI	NORM
PAYUDARA	NORM
AKU	NORM
YANG	NORM
TADINYA	NORM
32	O
SEKARANG	NORM
JADI	NORM
36B	NORM
BENERAN	NORM
SERIUS	NORM
DEH	NORM
!!!	O
KAMU	NORM
HARUS	NORM
COBA	NORM
JUGA	NORM
NIH	NORM
HUB	NORM
ADMINNYA	NORM
DI	NORM
BBM	NORM
572EC80B.	NORM

@raisa6690	NORM
kaka	NORM
kulit	O
aku	O
sama	O
kaya	NORM
kaka	NORM
,	O
sama	O
sama	O
putih,	O
aku	O
juga	O
pake	NORM
produkl@DR.NATASYA_TUBUHIDEAL	NORM
gak	NORM
nyesel	NORM
deh	O
ka	NORM
:)	O

Sebenarnya	NORM
sama	O
antara	O
puji	O
tuhan	O
sama	O
alhamdulillah,	O
sama	O
artinya	O
beda	O
bahasa	O
arab,	O
sm	NORM
bahasa	O
indo,,	NORM
but	O
di	O
lafalz	O
alhamdulillah	O
itu	O
ada	O
lafalz	O
Allah,,	NORM
"segala	O
puji	O
bagi	O
Allah"	NORM
jelas	O
buat	O
orang	O
muslim,,	O
Nahhh	NORM
kalo	NORM
puji	O
tuhan,,??	O
Tuhan	NORM
yg	NORM
mana	O
yg	NORM
kau	O
puji	O
dan	O
kau	O
muliakan??	O
Ambigu	NORM
jadinya	O
Bener	NORM
gak	NORM
@indriwulan_np	NORM

Kek	NORM
gua	O
hahahaha	O
@mutiaranovashadiqah	NORM

Sabar	NORM
ya	O
mbak	O
mulan.....	O
Gk	NORM
da	NORM
kok	O
manusia	O
yg	NORM
sempurna	O
n	NORM
g	NORM
prnh	NORM
berbuat	O
salah....	O
tetep	NORM
semangat	O
ya	O
mbak....	O
??	O

15	O
th	NORM
cau,	O
ktp	O
aja	NORM
belum	O
punya	O
pacaranya	NORM
udah	NORM
luarbiasa..	O
Kalah	NORM
ngana	O
@desihanarumi	NORM

Men,ni	NORM
beneran	NORM
klasik	O
ni	NORM
banyolannya	O
???	O
@aingmacan_	NORM

I	NORM
like	O
it	NORM
@rinanose16	NORM
dlm	NORM
proses	O
hijrah	O
nya	O
?	O
tampil	O
lebih	O
cantik	O
dengan	O
hijab	O
nya.	O

Dr	NORM
kecil	O
emg	NORM
udh	NORM
cakep	O
nikita	O
mah	O
...	O

Widihh	NORM
keren	O
ya	O
dutt	O
@nunnazharaa_	NORM

IYHA	NORM
KAN	NORM
HAHAHA	NORM
@sarahharimurti	NORM
@jyotinarayani	NORM
@chiandr.a	NORM

@hokyintan	NORM
kereeen	NORM

Hanya	NORM
di	O
@louveclothing	NORM
bisa	O
dapetin	NORM
sweater	O
dan	O
jacket	O
murah	O
pas	O
kantong	O
pelajar	O

"She"	NORM
nya	O
itu	O
kira2	NORM
ke	O
sapa	O
ya???	O
Lgsg	NORM
ke	O
@natashawilona12	NORM
nih	O
pikiran.	O
?	O

@lighthouse._	NORM
benar	O
menurutmu	O
belum	O
tentu	O
benar	O
menurut	O
orang	O
lain.	O
Sebutan	NORM
itu	O
semua	O
ada	O
asal	O
usulnya,	O
coba	O
baca2	NORM
alkitab	O
dan	O
tanya	O
pendeta	O
biar	O
tau	O
dan	O
ga	NORM
asal	O
mendoktrin	O
orang	O
lain	O
dengan	O
agamamu	O
di	O
akun	O
orang	O
lain	O
yg	NORM
punya	O
keyakinan	O
berbeda	O
denganmu.	O
Kalau	NORM
kamu	O
begitu	O
mencintai	O
agamamu	O
seharusnya	O
kamu	O
bisa	O
menghargai	O
orang	O
lain	O
dgn	NORM
lbh	NORM
baik	O
dengan	O
tidak	O
sembarangan	O
memposting	O
komen	O
SARA.	NORM

Kak	NORM
liat	NORM
badan	O
badan	O
aku	O
udah	NORM
langsing	O
loh	O
skarang	NORM
kaya	NORM
kakak	O
hah??@fashionsehat_herbal	NORM
yang	O
waktu	O
itu	O
kaka	NORM
rekomendasi	O
in	NORM
ke	O
aku	O
itu	O
loh	O
?	O
kapan	O
kita	O
ketemu	O
lagi	O
kak	O
heheh	O
skrang	NORM
kaka	NORM
ada	O
saingannya	O
lohh.	NORM

@syafiralubis	NORM
hai	O
ira,	O
maaf	O
bgt	NORM
aku	O
baru	O
baca	O
komenmu..	O
Terimakasih	NORM
byk	NORM
doanya	O
:)	O
amiin	NORM
ya	O
Allah...	NORM
semoga	O
Allah	NORM
membalas	O
kebaikanmu	O
dear	O
?	O

@raissalimbong	NORM
matanya	O
coklat	O
bgtttt	NORM

Sama2	NORM
flat	O
haha	O

Sweet	NORM
kaaan	NORM
@febri.rahmadi	NORM

Kak	NORM
wilona	O
lucu	O
eakyu	NORM
kecil	O

Penting	NORM
banget	O
sampe	NORM
caption	O
ke	O
gue?	O
Haha	NORM
alay	O
@mysielo	NORM

@nurift02	NORM
tokayyy	NORM

Kpop	NORM
luar	O
kmu	NORM
bangga"in,tpi	NORM
krya	NORM
indonesia	O
kmu	NORM
bilang"	NORM
jiplak,tinggall	NORM
dmna	NORM
sih	O
kamu?	O

<--	O
PAYUNGPELANGI	NORM
3DIMENSI..	NORM
PayungCantikBikinKitaMakinCantik	NORM
.	O
Ajaib	NORM
bisa	O
MUNCUL	NORM
MOTIF	NORM
bunga	O
kalo	NORM
kena	O
air	O
hujan..	O
Pokonya	NORM
CANTIK	NORM
and	O
Lucuuuu	NORM
:)	O

Kak	NORM
fatin	O
cantik	O
banget	O
!!!	O
Udah	NORM
suara	O
nyaa	NORM
bagus	O
cantik	O
pula	O
!!!	O

Cantik	NORM
bgt	NORM
kakakaaaaaaaaaaaaaa......	NORM
@julstelle	NORM

Ihhh,	NORM
soo	O
sweet	O
banged,..langgeng	NORM
n	NORM
bahagia	O
selalu	O
untuk	O
keluarga	O
teh	O
cantik	O
@zahratuljannah	NORM
n	NORM
@bayuningrat	NORM

Lucu	NORM
bgt	NORM
?	O

@farhannalarask	NORM
akur	O
yha	NORM

Kak	NORM
nagita	O
Nice	NORM
Bnget	NORM

Njir	NORM
pink	O
haha	O
@standy.gigih	NORM

Smua	NORM
yg	NORM
ekspresi	O
mukanya	O
kaya	NORM
gtu	NORM
pasti	O
akan	O
bergaris	O
daerah	O
matanya	O
@hadi.niic	NORM

@shiena_handmade	NORM
ini	O
een	O
bunga2	NORM
haha	O

@ahmad_faishal14	NORM
lucu	O
yank	NORM
kamu	O
jadi	O
anaknya?????	O

Lihaatttt	NORM
juga	O
ini	O
@adityapernanda	NORM

Yang	NORM
sabar	O
ya	O
kak...	O
kakak	O
pasti	O
akn	NORM
menemukan	O
jalan	O
keluarnya	O
dari	O
masalah	O
yang	O
kakak	O
hadapi	O

Enak	NORM
banget	O
lagunya	O
suka	O
bangetttt	NORM
@nikitawillyofficial94	NORM

ayoook	NORM
@helenamithya	NORM

@addiems999	NORM
aku	O
jg	NORM
dr	NORM
keluarga	O
soemaatmadja	O
loh	O
om.	O
Cucunya	NORM
kakek	O
achjadi	O
soemaatmadja	O
hehehe	O

Ya	NORM
Allah...	NORM
aku	O
nangis	NORM
bacanya	O
teh,	O
teringat	O
mamaku	O
yg	NORM
dlu	NORM
berjuang	O
untukku	O
karna	NORM
aku	O
punya	O
kelainan	O
pada	O
otak.	O
Cairan	NORM
otak	O
kananku	O
kosong	O
sejak	O
dallam	NORM
kandungan.	O
mungkin	O
kalau	O
saja	O
terlambat	O
diobati	O
aku	O
bisa	O
tak	O
seberuntung	O
mika..	O
aku	O
didiagnosa	O
bisa	O
gila..	O
tp	NORM
alhamdulillah	O
Allah	NORM
punya	O
bantuan	O
untuk	O
hambaNya	NORM
yg	NORM
bersabar..	O
semoga	O
mika	O
dapat	O
sembuh,	O
seperti	O
aku	O
yg	NORM
sekarang	O
sudh	NORM
sembuh	O
dan	O
menikmati	O
hidup	O
dgn	NORM
indah.	O
Dan	NORM
semoga	O
teteh	O
selalu	O
diberi	O
kesabaran	O
atas	O
cobaan	O
dan	O
pertanyaan	O
orang2	NORM
tentanh	NORM
mika.	O
Love	NORM
you	O
mika,	O
love	O
you	O
teh	O
zahra	O
???@zahratuljannah	NORM
@zahratuljannah	NORM

Akhirnya	NORM
foto	O
deh	O
d	NORM
spotnya	O
hidup	O
itu	O
jgn	NORM
terlalu	O
serius	O
shay	NORM
hahaha	O

Mauuu	NORM
nontoonnn	NORM
cepet2!!!!!!	NORM

Ribut	NORM
kalian...	O
Keputusan	NORM
ada	O
ditangan	O
aurel...	O
Jangan	NORM
campurin	NORM
masalah	O
pribadinya......emnknya	NORM
kalian	O
itu	O
udah	NORM
sempurna...	O
Bagaimana	NORM
tingkah	O
kalian	O
sama	O
ibu	O
kandung	O
kalian	O
sendiri....	O
Pernah	NORM
tanya	O
ini	O
itu	O
gak	NORM
sama	O
emak	O
kalian...	O
Pernah	NORM
bawa	O
jjl	O
gak...	NORM
Pernah	NORM
tanya	O
ibu	O
kalian	O
mau	O
makan	O
apa	O
apa	O
gk.....	NORM

Aku	NORM
udah	NORM
nntn	NORM
kak	O
bgus	NORM
bgt	NORM
filmny	NORM
???	O

Amienn	NORM

K	NORM
Cinta	NORM
mirip	O
ariana	O
grande	O
klo	NORM
lg	NORM
kaya	NORM
gini..	NORM

Cantik	NORM
bgt	NORM
kakak@nabilahjkt48	NORM

Lh-lho	NORM
berarto	NORM
snsd	O
ke	O
indo?	NORM
@bethaniamaureen	NORM

Celana	NORM
putihnya	O
gk	NORM
jual	O
yh	NORM
@odywoody	NORM

K	NORM
nabila	O
apa	O
benar	O
main	O
CLASH	NORM
OF	NORM
CLANS	NORM

Beda	NORM
budaya	O
mbk	NORM
caee	O
@ayusesary	NORM

@alesyhrx	NORM
buseett	NORM

Selamat	NORM
ats	NORM
kelahuran	NORM
ank	NORM
pertamany	NORM
BENSU	NORM

Dr	NORM
alis	O
ny	NORM
saja	O
kk	NORM
@natashawilona12	NORM
sudah	O
kelihatan	O
aura	O
,	O
kecantikan	O
pokok	O
ny	NORM
klo	NORM
lht	NORM
wajah	O
@natashawilona12	NORM
itu	O
gak	NORM
bosenin	NORM
..	O

@akerun97	NORM
makin	O
pusing	O
iya	O
kaaa	NORM
-____-	O

Udah	NORM
liat?	NORM
@iindahriyana	NORM
@nurizkycahyati	NORM

Princess	NORM
aja	NORM
kak	O
buat	O
arsi	O
bagus	O
deh	O
kagaxdeh..	O

BOSAAN	NORM
DENGAN	NORM
PENAMPILAN	NORM
PAYUDARA	NORM
KAMU	NORM
YANG	NORM
KECIL	NORM
DAN	NORM
KURANG	NORM
MENARIK,	NORM
UDAH	NORM
PAKE	NORM
OBAT	NORM
DAN	NORM
ALAT	NORM
KEMANA	NORM
MANA	NORM
GAK	NORM
ADA	NORM
PERUBAHAN..	NORM
YUUKK	NORM
SISTA	NORM
CEK	NORM
IG	NORM
KITAAA@dr.beautybreast	NORM
PIN	NORM
7C769CC4.	NORM

Ka	NORM
@mischach	NORM
imut	O
kalo	NORM
Ka	NORM
@marcelchandra	NORM
maskulin	O
bangeet	NORM
??	O

Kamu	NORM
yang	O
ngikutin	NORM
dia	O
kali	O
?	O
@helloamay	NORM

harus	O
terus	O
berharap	O
dan	O
yakin	O
ky	NORM
gini	NORM
yah	NORM
a?	O
@islamincomic	NORM

Sukses	NORM
yah	NORM
broio	O

Njayyy	NORM
@ayleenaurelia	NORM
?????	O
ngakak	NORM
bego	O

Kmu	NORM
teh	O
kaya	NORM
ini	O
ca	O
??@cyesome_	NORM
@cysm_	NORM

mickey	O
n	NORM
minnie	O
baguss..	NORM
?	O

Jaga	NORM
kesehatan	O
mbk	NORM
yach	NORM

Ariana	NORM
grande	O
bet	NORM
njerr	NORM
@rmutiaram	NORM

@hananbanaem	NORM
skrg	NORM
ini	O
jadi	O
tagline	O
gue	O

Bolehnga	NORM
kenalan	O

Kya	NORM
gini	NORM
keq	NORM
ganteng	O
@ergaprbowo	NORM

ini	O
loh	O
yg	NORM
nama.a	NORM
diet	O
mayo	O
dan	O
berhasil	O
@filaandika	NORM
@riskachan96	NORM
semangat	O
in	NORM
aku	O
kak	O

PENGEN	NORM
PAYUDARA	NORM
KAMU	NORM
KENCANG	NORM
BESAR	NORM
DAN	NORM
PADAT	NORM
TANPA	NORM
HARUS	NORM
OPERASI	NORM
?	O
SEKARANG	NORM
KAMU	NORM
BISA	NORM
DAPETIN	NORM
PAYUDARA	NORM
KAYA	NORM
ARTIS	NORM
ARTIS	NORM
HANYA	NORM
DALAM	NORM
WAKTU	NORM
2	O
MINGGU	NORM
Invite	NORM
Wa	NORM
+6287822196828	O
pin	O
bbm	O
5E0D7B81	NORM
di@sari_nature	NORM

Kenapa	NORM
@ahmaddhaniprast	NORM
lebih	O
pilih	O
@mulanjameela1	NORM
duh	O
heran,	O
jd	NORM
kamu	O
dan	O
anak2mu	NORM
yg	NORM
tidak	O
berdosa	O
jg	NORM
kena	O
hujatan	O

Happy	NORM
birthday	O
teteh	O
sayang??	O
panjang	O
umur	O
ya	O
teh:*	O
sehat	O
selalu,	O
lebih	O
baik	O
untuk	O
kedepannya?	O
suksess	NORM
selalu	O
teh	O
@odywoody	NORM

Emang	NORM
misha	O
itu	O
kurus..tap8	NORM
imoet/ihh	NORM
nggak	NORM
bosen	NORM
pandanginya,,kalo	NORM
marcel	O
ferpect/elegant	O

Cantikkk	NORM

Yg	NORM
genduut	NORM
@marcelchandra	NORM
hhahaha...	O
?	O

Cuantikkk	NORM

Udah	NORM
nonton	NORM
???sukak	NORM
filmnyaa	O
pengen	NORM
nonton	NORM
lagi	O
kak??????	O

Yang	NORM
ngomong	NORM
durhaka	O
berlaga	O
kaya	NORM
tuhan	O
Yang	NORM
tau	O
semuanya	O
yg	NORM
tau	O
hati	O
manusia..	O
#please	NORM
haters	O
shut	O
up..	O

Nangis	NORM
bacanya	O
mba,	NORM
,,	O
bunda	O
yg	NORM
hebat,	O
jagoan	O
mika	O
jg	NORM
sama	O
hebatnya	O
pastinya	O

Angeli	NORM
dak	NORM
sopan	O
ngatai	NORM
fatin?	O

liat	NORM
dri	NORM
kalimatnya	O
org	NORM
juga	O
sudah	O
mengerti	O
@gurlxxs	NORM

Kak	NORM
@raisa6690	NORM
suaranya	O
kayak	O
taylor	O
swift	O
baguss	NORM
bngt	NORM
bibirnya	O
kak	O
raisa	O
juga	O
sama	O
kaya	NORM
@taylorswift	NORM
sexy?	O

Nike	NORM
ardila	O
bngeeeetttt	NORM

Ayooo	NORM
nontonx	NORM
bareng	O
kalian	O
yach	NORM
@innaaslm	NORM
@riniarini27	NORM
@nny_syifa	NORM
@santihasmarani	NORM

Yg	NORM
tengah	O
pcarny	NORM
kak	O
marcel,	O
kak	O
marcel	O
yg	NORM
kanan??	O

Fashion	NORM
ootd	O
lengkap	O
dan	O
murah.	O
Lagi	NORM
jaman2nya	NORM
nih	O
kualitas	O
oke	O

@frankfardhufirdaus	NORM
partai	O
boleh	O
partai	O
sapi	O
tp	NORM
hasil	O
dan	O
kinerja	O
yg	NORM
membuktikan..	O

deg2an	NORM
liatnya	NORM

Duuhhh	NORM
tetep	NORM
ganteng	O
kok	O

Happy	NORM
birthday	O
kak..	O
Long	NORM
life	O
and	O
healthy	O
always	O
yaaa	NORM
kak..	O
God	NORM
bless	O
you	O

Bener	NORM
tu	NORM
kata	O
PRINCESS	NORM
SYHAHRINI	NORM

Tema	NORM
binatang	O
aja	NORM
?	O

Beb	NORM
mo	NORM
kek	NORM
gini	NORM
beb	O
??	O
@dalviandre	NORM

Cobaa	NORM
bikin	O
beginian	O
geuraa	O
??	O
@kulakuliramen	NORM

Ada	NORM
yg	NORM
ngikutin	NORM
kita	O
nih	O
wkwk	O
@azhaaa_61	NORM
@andrynmitha	NORM
@meldass2000	NORM
@ajengpangesti11	NORM

@desimegantari	NORM
km	NORM
tahun	O
brp	NORM

Aku	NORM
sungguh	O
mengagumi	O
mu	O
kak...q	NORM
pgen	NORM
jd	NORM
istri,ibu	O
kyk	NORM
kakak,.km	NORM
benar2	NORM
menginspirasi	O
ku.	O

ntaf	NORM
@beckhammirza	NORM
@risaldyss	NORM
@whendiadi	NORM

Haaahaaahaaaa	NORM
kocakkkkkk	NORM
@nsyakieb85	NORM

Ciee	NORM
yg	NORM
mu	O
nikah	O
bln	NORM
novembr	NORM
lancar	O
yaa	NORM
ka	NORM
smga	NORM
smpe	NORM
hri	NORM
H	NORM

Wkwkwk	NORM
yaa	NORM
allah	O
gw	NORM
@citrasiw	NORM

@bunda_ayyie	NORM
kita	O
ngingetin	NORM
bukan	O
berarti	O
kita	O
sok	O
suci,	O
sok	O
bijaksana.	O
Itulah	NORM
akhlah	NORM
muslimah,	O
saling	O
mengingatkan,	O
saling	O
menasihati.	O
Aneh	NORM
aja	NORM
klo	NORM
ada	O
org	NORM
yg	NORM
blg	NORM
ngapain	NORM
ngurusin	NORM
org?!	NORM
Lah	NORM
ntar	NORM
elo2	NORM
pada	O
pas	O
meninggal	O
sapa	O
yg	NORM
mandiin?	NORM
Sapa	NORM
yg	NORM
nguburin?	NORM
Emg	NORM
bisa	O
ngurus	NORM
diri	O
sendiri?	O

Meskipun	NORM
dibentuk	O
apa	O
aja	NORM
tetep	NORM
cantik	O
kok	O
:D	O

15thn	O
udh	NORM
begini	O
mennn?	O
@wnyaasiintha	NORM
@fitrahadel	NORM

Kak	NORM
syahrini	O
cantik	O
bangetttttt:-D	NORM

bella	O
mah	O
tai?	NORM
-2	O

Mauuuuu	NORM
@qtyez_pynk	NORM

maudy	O
ayunda	O
mirip	O
kokomu	O
nih	O
versi	O
prempuan	NORM
@liza_margareta	NORM

ada	O
yang	O
perlu	O
teguran	O
suara	O
keras	O
hingga	O
teguran	O
fisik.	O
Dan	NORM
sifat	O
anak	O
pun	O
bisa	O
berbeda	O
di	O
rumah	O
maupun	O
di	O
sekolah.	O
Ada	NORM
yang	O
pasif	O
di	O
sekolah	O
dan	O
aktif	O
di	O
rumah	O
begitu	O
juga	O
sebaliknya.	O
Tapi	NORM
ingat..zaman	O
dulu	O
perkembangan	O
informasi	O
tidak	O
terbuka	O
dan	O
luas	O
seperti	O
sekarang.	O
Resapan	NORM
informasi	O
dari	O
luar	O
mudah	O
sekali	O
dijangkau.	O
Dulu	NORM
dengan	O
teguran	O
guru	O
kita	O
takut.	O
Sekarang	NORM
banyak	O
anak2	NORM
dengan	O
mudah	O
menjawab	O
bahkan	O
mengancam	O
dari	O
hasil	O
teguran	O
guru	O
dan	O
mudahnya	O
memutar-balikan	O
fakta	O
dari	O
apa	O
yang	O
terjadi	O
di	O
sekolah.	O
Hal	NORM
ini	O
bisa	O
dipraktekan	O
oleh	O
anak2	NORM
bisa	O
melalui	O
film	O
atau	O
sinetron.	O
Bisa	NORM
diliat	NORM
juga	O
kan	O
perbedaan	O
sinetron	O
atau	O
film	O
dulu	O
dan	O
sekarang?	O
Jadi	NORM
liatlah	NORM
tipe	O
anak	O
juga.	O
Teguran	NORM
fisik	O
mungkin	O
bisa	O
jadi	O
luapan	O
kesabaran	O
dari	O
teguran2	NORM
yg	NORM
tidak	O
diindahkan	O
oleh	O
anak	O
berkali-kali.	O
Buatlah	NORM
koordinasi	O
kerjasama	O
antara	O
orang	O
tua	O
dan	O
guru.	O
Zaman	NORM
sekarang	O
banyak	O
orang	O
tua	O
sibuk	O
dengan	O
pekerjaan	O
dan	O
menyerahkan	O
pendidikan	O
kepada	O
guru.	O
Padahal	NORM
pendidikan	O
akarnya	O
dari	O
keluarga.	O
Jadi	NORM
yang	O
terpenting	O
adalah	O
sikap	O
kooperatif	O
dan	O
kerjasama	O
antara	O
guru-orangtua	O
agar	O
tidak	O
sampai	O
terjadi	O
teguran	O
fisik.	O
Dan	NORM
orang	O
tua	O
pun	O
harus	O
memperhatikan	O
sifat	O
dan	O
sikap	O
anaknya	O
baik	O
diluar	O
maupun	O
di	O
dalam	O
rumah.	O
Itu	NORM
saja	O
seh	NORM
menurut	O
saya?	O

?	O
?	O
?	O
?	O
Barang	NORM
kali	O
kaka	NORM
kaka	NORM
mau	O
coba	O
produk	O
?	O
TIENS	NORM
HERBAL	NORM
ALAMI,	NORM
MENGATASI	NORM
KELUHAN	NORM
PADA	NORM
SELURUH	NORM
BADAN,	NORM
HINGGA	NORM
WAKTU	NORM
CEPAT,	NORM
10-15	O
HARI,?	NORM
AMAN	NORM
TANPA	NORM
EFEKSAMPING	NORM
?	O
langsung	O
saja	O
invite	O
BBM	NORM
;	O
D1597027	NORM
whats	O
app	O
:089507115991.	O
Yuk	NORM
order	O
:)	O
?	O
O?KIR	NORM
?	O
?R???	NORM
BESAR	NORM
BESARAN.	NORM

Ka	NORM
@rinanose16	NORM
subhanallah	O
cantik	O
bngatt	NORM
kaaa	NORM

Ilov	NORM
bunda	O
maia	O
pollll	NORM
begete...cantik	NORM
muachhh	O

@artisn	NORM
Situ	NORM
Kali	NORM
Yg	NORM
Gak	NORM
Jelas	NORM
Asal	NORM
Mu	NORM
asal	O
Anjing	NORM
Liar	NORM
Keluarga	NORM
Stres	NORM
Akibat	NORM
Terkena	NORM
Penyakit	NORM
Rabies?????	NORM
wkwkwkwkw	O

Cloningan.	NORM
Mudah-mudah	NORM
ga	NORM
niru	NORM
tingkah	O
bpknya	NORM
?	O

INGIN	NORM
PAYUDARA	NORM
MU	NORM
BESAR	NORM
DALAM	NORM
WAKTU	NORM
CEPAT@indoherbal_juara	NORM
MASA	NORM
SIH	NORM
MAU	NORM
KALAH	NORM
SAMA	NORM
YG	NORM
LAIN.	NORM
KAMU	NORM
PASTI	NORM
BISA	NORM
KOK.	NORM
NIH	NORM
ADA	NORM
PRODUK	NORM
YG	NORM
BAGUS	NORM
DAN	NORM
BERKUALITAS	NORM
DENGAN	NORM
TEKNOLOGI	NORM
CANGGIH	NORM
LAGI	NORM
AMAN	NORM
LINE	NORM
:	O
SMART_HERBAL	NORM
.	O
WA:08156277853	NORM
/	O
BBM	NORM
:	O
?D186C6B8	NORM

@ansf_29	NORM
@achaaslp23	NORM
uwahhhhh...	NORM
hahahh	O

@ariel_nazril_irham	NORM
tidak	O
ada	O
yg	NORM
bisa	O
nyamain	NORM
.	O
Mentok	NORM

Itu	NORM
kak	O
prilly	O
pake	NORM
wik	NORM

Kok	NORM
puji	O
tuhan	O
ktnya..	NORM

lucu	O
bangett	NORM
iiii:3	NORM
@nabilaa.an	NORM

amiiin	NORM
ya	O
rob	O

Rambut	NORM
nyaaa	NORM
cakepp	NORM
bgt	NORM
bunda	O

Gilzz	NORM
@michellekrstn	NORM

Molly	NORM
kaaaaaaaaaakkkkkkkkkkk	NORM

Ya	NORM
betul	O
kalo	NORM
liat	NORM
loly	O
yg	NORM
terekam	O
adalah	O
kisah	O
dulu	O
masih	O
kecil	O
gak	NORM
tau	O
apa	O
apa	O
swmntara	NORM
kala	O
itu	O
pemberitaan	O
dimana	O
mana....kamu	O
itu	O
trmasuk	NORM
anak	O
yg	NORM
kuat	O
hebat	O
benar	O
bener	NORM
menata	O
diri	O
sendiri	O
u	NORM
bangkit.kamu	O
anak	O
jadi	O
aku	O
bisa	O
merasakan	O
apa	O
yg	NORM
kamu	O
cintai	O
dan	O
gak	NORM
apa	O
yg	NORM
kamu	O
benci	O
dan	O
gak....kamu	NORM
saat	O
ini	O
benar	O
berada	O
dlm	NORM
orang2	NORM
yg	NORM
sgt	NORM
memperdulikan	O
kamu	O
dan	O
memperhatikanmu...anak	O
yg	NORM
no	O
1	O
bagi	O
mereka	O

Olgaaa.pengen	NORM
dgr	NORM
lucu	O
lo	O
lagii.dasyat	NORM
itu	O
ngak	NORM
asyik	O
sekarang	O
karna	NORM
ngak	NORM
ada	O
lo	O
olga.?	O

follow	O
saya,nnti	NORM
di	O
follbach	O

Proud	NORM
of	O
you	O
bunda	O
@zahratuljannah	NORM
....Allah	NORM
memberikan	O
keistimewaan	O
pd	NORM
msg2	NORM
anak.	O
Dan	NORM
bunda	O
telah	O
melakukan	O
yg	NORM
terbaik	O
buat	O
Mika.	NORM
Smg	NORM
Mika	NORM
tumbuh	O
menjadi	O
anak	O
yg	NORM
soleh	O
yg	NORM
menjadi	O
kebanggaan	O
org	NORM
tuanya.	O
Selamat	NORM
ulang	O
tahun	O
buat	O
Mika	NORM
tersayang.....	O

mas	O
jangan	O
syuting	O
outdoor	O
suaranya	O
ga	NORM
kedengeran	NORM

Gg	NORM
bisa	O
move	O
on	O
dtinggl	NORM
kk	NORM
olga..?	O

Smoga	NORM
tuhan	O
yesus	O
memberkati	O

Ka	NORM
@marcelchandra	NORM
yg	NORM
tatto	O
dan	O
ka	NORM
@mischach	NORM
yg	NORM
cadel	O
?	O

Mf	NORM
bru	NORM
ngcpin	NORM
nih	O
hehe	O

Agar	NORM
pasangan	O
lebih	O
sayang	O
maka	O
tidak	O
ada	O
salahnya	O
kita	O
memperindah	O
diri,salah	O
satunya	O
di	O
bagian	O
dada	O
kita,untuk	O
itu	O
di@HERBALL_ALAMICINA	NORM
ada	O
alat	O
PEMBESAR	NORM
PAYUDARA	NORM
yg	NORM
hanya	O
dgn	NORM
pemakaian	O
3	O
minggu	O
saja	O
payudara	O
anda	O
akan	O
mengncang	NORM
dan	O
menarik	O
maka	O
pasangan	O
akan	O
lebih	O
sayang,untuk	O
info	O
silahkan	NORM
invit	O
aja	NORM
BBM:D2538B6C	NORM

Ngiriii	NORM
?	O

baru	O
kali	O
ini	O
dia	O
mau	O
liatin	NORM
muka	O
ny	NORM
d	NORM
ig	O
@farydha_kenchon	NORM
??	O

Semoga	NORM
kita	O
selalu	O
dalam	O
lindungannya	O
aminn	NORM
?????	O

Gua	NORM
kr	NORM
td	NORM
nenek2	NORM
taux	NORM
agnes	O
hihihhi	O

Amiin	NORM
Allahuma	NORM
Amiin..	NORM
Smg	NORM
kita	O
mendapatkn	NORM
akhir	O
Hidup	NORM
yg	NORM
terbaik..khusnul	O
Khotimah..	NORM

cocok	O
banget	O
sumpahh	NORM

Subahanallah	NORM

Mantaaap	NORM
bingits	NORM
??@rtsgta	NORM

Wihhh	NORM
gila	O
gila	O

Slmt	NORM
jln	NORM
olga	O
mudh"an..olga	NORM
tenny	NORM
d	NORM
sisi	O
allah..	O

Itu	NORM
beneran	NORM
botak	O
ya	O

ngakak	NORM
muka	O
seungri	O
ya	O
lord	O
gitu	NORM
bgt	NORM

Wkwkwk	NORM
ngakaaaakkk	NORM
???	O

Ka	NORM
prilly	O
beneran	NORM
botak?	O
@prillylatuconsina96	NORM
Dijawab	NORM
yak	NORM
ka??	NORM

Amiin...mdh"	NORM
an	O
qt	NORM
umat	O
rasulullah	O
bz	NORM
berkumpul	O
bersama	O
dibarisannya....	O

<<	O
NYATAKAN	NORM
CINTA	NORM
/	O
MOMENT	NORM
SPECIAL	NORM
DENGAN	NORM
ALPHABET	NORM
FOIL	NORM
BALON	NORM
HARGA	NORM
MURAH	NORM
MERIAHH	NORM
?	O

Sama	NORM
@jscmila	NORM
ajaa	NORM
cocok	O

@nathanaella_keisha	NORM
hai	O
adiik	NORM
kecil	O
manisss...	NORM
suka	O
deh	O
sama	O
komentar	O
nya	O
:)	O
#meredamkan	NORM
...	O
yg	NORM
kecil	O
aja	NORM
bisa	O
ngerti	NORM
untuk	O
saling	O
toleransi	O
kenapa	O
yg	NORM
besar"	NORM
nya	O
pada	O
sibuk	O
menyalahkan.	O
Masing"	NORM
aja..	NORM
hidup	O
berdampingan	O
jauh	O
lebih	O
indah	O
..	O
agamaku	O
agamaku	O
agamamu	O
agamamu...	O
kepercayaan	O
masing"	NORM
aja	NORM
yaaa	NORM
??	O
#jessii	NORM
cantik	O
nya	O
maksimal	O
yah	NORM
:*	O

FOLLOW	NORM
IG@DR.BEAUTYBREAST	NORM
"	O
BOSAAN	NORM
DENGAN	NORM
PENAMPILAN	NORM
PAYUDARA	NORM
KAMU	NORM
YANG	NORM
KECIL	NORM
DAN	NORM
KURANG	NORM
MENARIK,	NORM
UDAH	NORM
PAKE	NORM
OBAT	NORM
DAN	NORM
ALAT	NORM
KEMANA	NORM
MANA	NORM
GAK	NORM
ADA	NORM
PERUBAHAN..	NORM
YUUKK	NORM
SISTA	NORM
CEK	NORM
IG	NORM
KITAAA@DR.BEAUTYBREAST	NORM
PIN	NORM
5E8CA768.	NORM

Ultahnya	NORM
samaaaa	NORM
kak	O
marcellll	O
sama	O
aku	O
happy	O
birthday	O
to	NORM
you	O
wakakaka	O
gak	NORM
nyangka???	NORM

Ahhhh	NORM
oksigen	O
oksigen....	O
Bang...	NORM
Usap	NORM
rambut	O
itu....	O
W	NORM
tergoda	O
cut	O
*eh	O

@r.andono.p	NORM
lihaat	NORM
!	O
aku	O
boleh	O
ya	O
mayoo	O

Kasihan	NORM
liat	NORM
dani	O
skg,	NORM
sngt	NORM
tdk	NORM
terawat,	O
rambut,	O
muka	O
...	O
Pdhl	NORM
dl	NORM
wk	NORM
sm	NORM
bunda	O
@maiaestiantyreal	NORM
bersih	O
ganteng,	O
skg	NORM
kok	O
ky	NORM
gini	NORM

Malang	NORM
kak	O
malangg,	NORM
malang	O
belooomm	NORM
?	O

kak..	O
Pake	NORM
next	O
say:	NORM
Tuhan	NORM
Yesus	NORM
aja	NORM
biar	O
gk	NORM
keluar	O
berita	O
yg	NORM
aneh2-_-	NORM
@sandradewi88	NORM

Setuju	NORM
daripada	O
suka	O
ngurusin	NORM
orang	O
kalo	NORM
nda	NORM
suka	O
lebih	O
baik	O
ngurusin	NORM
diri	O
sendiri!!!	O

@johnduallo	NORM
ini	O
mah	O
hoax,	O
iklan	O
di	O
thailand	O
itu	O
cuma	O
tipu2nya	NORM
doaang	NORM

Nau	NORM
apa	O
sih	O
suka	O
dukanya	O
kalau	O
jadi	O
penyanyi	O
kaya	NORM
kamu,	O
kamu	O
nanggepin	NORM
haters	O
gk??	NORM
#NauraQnA	NORM

Kamu	NORM
sepupunya	O
ka	NORM
raka	O
ya	O

Kek	NORM
guaa	NORM
yaakkk	NORM
hahaha	O
@mutiahzrl	NORM

Molly	NORM
aja	NORM
bang	O

Kanan	NORM
huhuhu*knpa	NORM
pda	NORM
salah	O
cmn	NORM
gara2	NORM
tangan	O
--'	O

Hati2	NORM
jangan2	NORM
al	O
el	O
dul	O
nanti	O
ditaksir	O
jg	NORM
sama	O
jamelahhhh	O
atau	O
anakny,	NORM

Emg	NORM
dasar	O
y	NORM
cantik	O
dr	NORM
lahir.beda	O
sm	NORM
yg	NORM
satu	O
y	NORM
cantik	O
pakai	O
dempul	O
or	NORM
make	NORM
up	O
entr	NORM
tua	O
kyax	NORM
ap	NORM
ea	NORM

Kk	NORM
nab	O

Ntih	NORM
ini	O
yg	NORM
opi	O
bilang	O
model	O
jilbabnyaah	NORM
tadi	O
@rabiahidayantiarnan	NORM
@megaiskanti	NORM
@mutiaapriyeni	NORM
@rozaliafransisca	NORM

?Sakitnya	NORM
bunda	O
ke	O
om	O
dhani	O
ud	NORM
jd	NORM
ikhlas	O
krn	NORM
anak	O
anaknya..namun	O
klo	NORM
utk	NORM
temenan	NORM
sm	NORM
mb	NORM
mulan	O
mungkin	O
enggak!!!	O
Logika	NORM
aja	NORM
kita	O
manusia	O
biasa	O
bukan	O
malaikat	O
yg	NORM
bisa	O
nahan	NORM
rasa	O
sakit	O
yg	NORM
luar	O
biasa	O
dan	O
harus	O
jd	NORM
pemaaf..lov	O
u	NORM
@maiaestiantyreal	NORM
??????terus	O
jd	NORM
wanita	O
yg	NORM
tegar	O
dan	O
kuat.	O

Nyusul	NORM
nyok	NORM
kk	NORM
gni	NORM
@lilysitorus	NORM

WAWW	NORM
MANTAPP	NORM
BANGET	NORM
PERUBAHAN	NORM
TUBUH	NORM
AKU,	NORM
BERKAT	NORM
PRODUK@DR.FRANZ.FASHION	NORM
ASALNYA	NORM
AKU	NORM
TAKUT	NORM
PAKE	NORM
GITUAN,	NORM
TAPI	NORM
SETELAH	NORM
AKU	NORM
COBAAA,	NORM
GAK	NORM
NYESEL	NORM
DEH,PRODUKNYA	NORM
TANPA	NORM
EFEK	NORM
SAMPING	NORM
DAN	NORM
HASILNYA	NORM
PERMANEN	NORM
CEPET	NORM
LAGI	NORM
BERKEMBANGANYA,KALIAN	NORM
GA	NORM
MAU	NORM
COBAA???	NORM
MASA	NORM
AKU	NORM
AJA	NORM
BISA	NORM
BUKTIIN	NORM
KALIAN	NORM
GA	NORM
MAU	NORM
NGEBUKTIIN??	NORM
SEKARANG	NORM
BURUAN	NORM
CEK	NORM
IGNYA@DR.FRANZ.FASHION	NORM
INVITE	NORM
BBM	NORM
:	O
D26EF557	NORM

Cantik	NORM
bgt	NORM
kakkkk	NORM

@rinanose16	NORM
wahhh	NORM
kita	O
samaan	O
nih	O
mba	NORM
rina...aku	O
juga	O
baru	O
2	O
bulan	O
mutuain	NORM
hijab	O
dan	O
udh	NORM
hapus	O
smw	NORM
foto2	NORM
di	O
IG	NORM
yg	NORM
blm	NORM
pake	NORM
hijab	O
???	O
semoga	O
ttp	NORM
istiqomah	NORM
ya	O
mba	NORM
???	O

Aq	NORM
pasti	O
liyat	NORM
sinetron	O
ini	O
krn	NORM
aku	O
sk	NORM
bgt	NORM
sm	NORM
kluarga	NORM
sering	O
nonton	NORM
bareng.	O

Poke	NORM
@she_margaretta	NORM
jgn	NORM
ngiler	O
ya	O
wkwkwk	O

Cntik	NORM
bgt	NORM

akademi	O
malam	O
ini	O
,itu	O
live	O
atau	O
ulangan	O
kox	NORM
gak	NORM
pake	NORM
jilbab	O
mbak	O
rina	O
:(	O

Followback	NORM
donk	NORM
kakak	O
cantikkk?	NORM

@mariamarizka	NORM
ya	O
cocokan	O
audi	O
lah...michel	O
mh	NORM
kan	O
udah	NORM
punya	O
marcell	O
darwin	O
...	O
lagian	O
body	O
audi	O
lebih	O
bohay	O
dripada	NORM
michel	O
kerempeng	O

@tegarsatria	NORM
Gar	NORM
bella	O
pengen	NORM
nih,	O
dr	NORM
td	NORM
ngomongin	NORM
kek	NORM
gini	NORM
ya	O
Vi	NORM
si	NORM
bella	O
di	O
chat	O
hmmm	O
@sorayess_	NORM

Hahahahaha	NORM
lcu	NORM
bngt	NORM

hiii	NORM
cium	O
ciumman	NORM
lagi	O
aurot	NORM
kak	O
allah	O
akan	O
murka	O
kepada	O
kakak	O
sama	O
suami	O
kakak	O

Iya	NORM
kak	O
sama"	NORM

@imririeaj	NORM
hahaha	O
?	O
Emang	NORM
cewer	NORM
dan	O
cubit	O
termasuk	O
apa	O
dong?	O
Nah	NORM
mending	O
saya	O
bilanh	NORM
kamu,	O
kamu	O
termasuk	O
bahasa	O
indonesia	O
lo	O
mbak.	O
Dari	NORM
pada	O
anda	O
bilang	O
situ?	O
Dan	NORM
bilang	O
saya	O
kampungan?	O
Mana	NORM
lebih	O
gak	NORM
sopan?	O
Hahaha	NORM
kamu	O
sok	O
sopan	O
tapi	O
mendukung	O
kekerasan!	O
Cubit	NORM
aja	NORM
anak	O
mu	O
sendiri	O

Ih	NORM
kaka	NORM
cantikkkkkkkk	NORM
banget....	O

Aaaaa	NORM
imutttttt	NORM
aku	O
mau	O
satuuuuu	NORM
????	O

KEEEERRRREEEENNNNNNNNN	NORM
setelah	O
aku	O
pake	NORM
alat	O
pembesar	O
payudara	O
dari@bigbreastnatural	NORM
payudaraku	O
ga	NORM
kendur	O
lagi	O
???	O
Chat	NORM
ke	O
WA	NORM
:	O
0857-9305-1973	O
/	O
BBM	NORM
:	O
5B8BE79E	NORM
/	O
LINE	NORM
:	O
@ZHB0594N	NORM
(PAKAI	NORM
@)	O

Nyusahin	NORM
aku?	O
Emg	NORM
aku	O
makan	O
ikut	O
dia	O
apa??	O
yg	NORM
pasti	O
bukan	O
nyusahin,	NORM
cmn	NORM
malu2in	NORM
indo	NORM
aja.	NORM
Karya	NORM
itu	O
bukan	O
dari	O
hasil	O
jiplak,	O
karya	O
buatan	O
sendiri	O
*tauartikaryagak?	O
Gue	NORM
emg	NORM
punya	O
karya,	O
dan	O
gak	NORM
lebih	O
baik	O
dan	O
blm	NORM
bisa	O
dibanggain.	NORM
Tpi	NORM
itu	O
hasil	O
buatan	O
sendiri.	O
Dan	NORM
gue	O
bangga	O
sma	NORM
diri	O
sendiri	O
wlau	NORM
karya	O
gue	O
masih	O
kurang	O
tpi	NORM
itu	O
tahap	O
awal	O
buat	O
bikin	O
karya.	O
Dan	NORM
baca	O
lagi	O
dong	O
komenan	NORM
gue	O
dari	O
awal!!	O
Emg	NORM
komenan	NORM
gue	O
ada	O
ya	O
yg	NORM
nikita	O
jiplak	O
karya	O
gue???	O
@herra09	NORM

Itu	NORM
simple	O
banget	O
kebayane	O
jugaa	NORM
wkwk	O
@ridhanisabrina	NORM

@xocacola	NORM
adek	O
jgn	NORM
sampe	NORM
masuk	O
angin	O
yaa	NORM
?	O

Baru	NORM
aku	O
sadar	O
dia	O
cantik	O
beudd	NORM
@dianputri929	NORM
diantak	O
termiribkan	NORM

Kamu	NORM
ituu	NORM
,	O
,	O

Kunjungi	NORM
IG	NORM
kamiiii	NORM
batiknya	O
cantik	O

Hbd	NORM
@septriasaacha	NORM
semoga	O
panjang	O
umur	O
dilimpahkan	O
rezekinya	O
&	O
dehat	NORM
selalu	O
aminnnnn	NORM

Kenaliiin.	NORM
Pacar	NORM
sm	NORM
mantan	O
qu	NORM
@ridyadara	NORM

Gua	NORM
ss	O
gua	O
print	O
ah	O
fotonya	O
10R	NORM
trs	NORM
tempel	O
di	O
kamar	O
tulisannya	O
"C'MON	NORM
GIRL	NORM
U'R	NORM
BODY	NORM
CAN	NORM
BE	NORM
LIKE	NORM
THEM"	NORM
WKWKWKWK	NORM
@niluhpinkan	NORM

Hdk	NORM
yg	NORM
simple	O
kyne	O
z	NORM
@fvtrisna	NORM

Masyallah..	NORM
istiqomah	NORM
@missnyctagina	NORM
Allahumma	NORM
aamiin	NORM

Uhhh????	NORM

Mau	NORM
cantik	O
kyk	NORM
raisa	O
:3	O
@mc.square	NORM

Ati2	NORM
neng	O
ada	O
kang	O
ojek	O
lokal	O
ntar	NORM
diapa2in	NORM
lgi	NORM
-_-	O

@elmaqirazi	NORM
mika	O
ga	NORM
sekolah	O
di	O
tmpt	NORM
anak2	NORM
berkebutuhan	O
khusus,	O
dia	O
di	O
sekolah	O
biasa	O
tp	NORM
sekolahnya	O
inklusi,	O
artinya	O
dia	O
menerima	O
anak2	NORM
berkebutuhan	O
khusus,	O
disatukan	O
dgn	NORM
anak2	NORM
yg	NORM
normal,	O
dgn	NORM
begitu	O
si	NORM
anak	O
spesial	O
ini	O
termotivasi	O
utk	NORM
seperti	O
tmn2nya,	NORM
bahkan	O
lebih	O

folback	O
donk	NORM
kak	O
ruben	O

Kangen	NORM
mereka,	O
pengganti	O
triplets	O
sumpah	O
gk	NORM
lucu	O
bgt,	NORM
jdi	NORM
males	NORM
nonton	NORM
TROS	NORM

Selamat	NORM
utk	NORM
Gubernur	NORM
saya	O
dan	O
saya	O
sbg	NORM
warga	O
DKI	NORM
tentunya!	O
Yeaayy??????	NORM

Tempo	NORM
doeloe?	NORM

cantikkkkkk	NORM
bangetttt	NORM

Zonk	NORM
ko	NORM
ada	O
itu	O
sih...	O

Iyuuuhhhh	NORM
iewww	O
@ity_cantik	NORM

Waaa	NORM
kereenn	NORM
banget	O
kak	O
nabila	O
@nsyakieb85	NORM

Yaa..	NORM
semoga	O
kita	O
para	O
saudara	O
seiman..kalo	NORM
bisa	O
liht	NORM
dr	NORM
berbagai	O
sisi	O
sudut	O
pndang	NORM
aja..	NORM
untuk	O
sbagai	NORM
pmbelajaran	NORM
nantinya.	O
Jugaa...	NORM
Apa	NORM
lagi	O
ini	O
urusan	O
privasi	O
orng	NORM
lain	O
yg	NORM
sensitif	O
bgt...bgt...	NORM
dan	O
ingat,,	O
Tuhan	NORM
menciptakan	O
manusia	O
gak	NORM
mungkin	O
jahat	O
100%	O
ataupun	O
baik	O
100%	O
...	O
jadi	O
jangan	O
suka	O
ngejelek	NORM
in	NORM
orang..	O
intinya	O
Kendalikan	NORM
Ke_KEPO_an	NORM
kita	O
yg	NORM
sering	O
muncul	O
ketika	O
ada	O
orang	O
kena	O
maslah.	NORM
.	O
.	O
Fokus	NORM
pake	NORM
kacamata	O
kuda	O
lihat	O
depan...mmperbaiki	NORM
kehidupan	O
diri	O
sendiri	O
aja..	NORM
biar	O
better	O

mischa	O
itu	O
lbih	NORM
krus	NORM
dri	NORM
pda	NORM
marcell	O
.	O
bner	NORM
gaa	NORM

Thx	NORM
ya	O
kak	O
udah	NORM
rekomendasiin	NORM
produk	O
pelangsing	O
di@BEAUTYANDHEALTHYY	NORM
berat	O
badan	O
aku	O
turun	O
7kg	O
dalam	O
2	O
minggu	O
nih	O
kak	O
,	O
aku	O
jadi	O
ga	NORM
minder	O
lagi	O
thx	O
ya	O
kak	O

gk	NORM
naksir	NORM
coeg	O
wes	O
dwe	O
pdkt	O
an	O
@wildn9	NORM

@usamahsams	NORM
wah	O
orang	O
kayak	O
gini	NORM
yang	O
terlalu	O
bodoh	O
untuk	O
menanggapi	O
suatu	O
masalah	O
hingga	O
bawa	O
masalah	O
pribadi.,mas	O
nya	O
seperti	O
kayak	O
paling	O
tua	O
aja	NORM
ya,saya	O
sudah	O
punya	O
anak	O
mas..,dan	O
apa	O
hubungannya	O
opini	O
saya	O
sama	O
wajah	O
saya??hahaha	O
lucu	O
anda..terlihat	O
sekali	O
anda	O
tidak	O
dewasa	O
dalam	O
beropini,saya	O
tekankan	O
lagi	O
ya..semua	O
tindakan	O
di	O
negara	O
ini	O
ada	O
UNDANG	NORM
UNDANG	NORM
yang	O
mengaturnya..guru	O
sebelum	O
bertindak	O
harus	O
ta	O
konsekuensinya,apalagi	O
ini	O
"Guru"	NORM
yang	O
paham	O
dan	O
mengerti	O
tentang	O
ilmu..dan	O
sorry	O
aja	NORM
bro,klo	NORM
saya	O
lihat	O
juga	O
dri	NORM
wajah	O
anda..anda	O
penganut	O
paham	O
ISIS..,dan	NORM
apa	O
hubungannya	O
juga	O
sama	O
korupsi???opini	O
anda	O
terlalu	O
nyeleneh	O
jauh..ini	O
ttg	NORM
bullying	O
kok	O
mempernya	O
ke	O
korupsi..hahahahah	O
LUCU!	NORM

Cek	NORM
IG	NORM
kami	O
yuuuukkk	NORM

fashion	O
harga	O
RESELLER!	NORM
banyak	O
kortingan,	O
sampe	NORM
free	O
ongkir	O
:3	O
happy	O
shopping	O
darl	O
^^	O

Ntikk	NORM

?????????????????????????	O
rumah	O
tangga	O
apabila	O
di	O
tengah2	NORM
kita	O
hadir	O
sang	O
buah	O
hati	O
???	O
akan	O
tetapi	O
terhalang	O
dengan	O
penyakit	O
dan	O
virus	O
seperti:MIOM,PCOS,KISTA,TORCH,APS,KANKER	NORM
SERVIK,OBESITAS,dll	NORM
dikonsultasikan	O
segera	O
kami	O
akan	O
membantu	O
MENEMUKAN	NORM
SOLUSINYA????...!!!pin	NORM
bb7C271F22	NORM

Kangennn	NORM
kaliannnnnnn	NORM
@prillylatuconsina96	NORM
@aliandooo	NORM

CEK	NORM
IG@CARASEHATID	NORM
YUK	NORM
LADIES2	NORM
CANTIK,	NORM
MELANGSINGKAN	NORM
TUBUH	NORM
TURUN	NORM
5KG	NORM
DAN	NORM
KULIT	NORM
JADI	NORM
GLOWING	NORM
DALAM	NORM
SEMINGGU	NORM
,	O
BANYAK	NORM
BUKTI	NORM
BUKAN	NORM
JANJI,	NORM
CEK	NORM
BBM	NORM
KITA	NORM
5FB2512C	NORM
KONSULTASI	NORM
GRATISS...!!	NORM

@st_awaliyah	NORM
mirip	O
syp	NORM
?	O
aku	O
!?	O
SUBHANALLAH	NORM
PUJIAN	NORM
YG	NORM
MENYESATKAN	NORM
wkwwkw	O
bcnda	NORM
ay	O

Ka	NORM
memangnya	O
kk	NORM
ngak	NORM
benci	O
sama	O
ADRIANA	NORM

Amiin	NORM
yra	O
//	O
aduh	O
jadi	O
takut?	O
@nadyaaisha_zau	NORM
@athiarania	NORM

Kangen	NORM
kalian	O
bangettttt	NORM
@aliandooo	NORM
@prillylatuconsina96	NORM
????	O

Pin	NORM
bbm	O
tu	NORM
apa	O
ya	O
@dude2harlino	NORM

Kaka	NORM
gk	NORM
cocok	O
sama	O
ka	NORM
celene	O
mending	O
sama	O
ka	NORM
natasya	O
apaan	O
sama	O
ka	NORM
celene	O
janda	O

Mrip	NORM
bgt	NORM
sma	NORM
mama.nyy	NORM
uhhhh	O

@desyfitra	NORM
udh	NORM
mas	O
bram	O
begini	O
aja	NORM
bagus	O
xD	NORM

g	NORM
bs	NORM
lbh	NORM
perfect	O
lg.	NORM
bnr2	NORM
psgn	NORM
yg	NORM
cocokkk	NORM
dr	NORM
ujg	NORM
rmbut	NORM
smp	NORM
kki	NORM
hehe	O
???	O

Loh?knp	NORM
cha?kita	O
sambung	O
di	O
path	O
yoo..sek	NORM
biso	O
ra?@ichabilal	NORM

Yg	NORM
sbelah	NORM
kanan	O
cew	NORM
it	NORM
mischa	O
&	O
yg	NORM
sblah	NORM
kirinya	O
marcel.	O

Kak	NORM
modii	O
selamat	O
iaa	NORM
kak	O
:)	O
sukses	O
trus	NORM
miss	O
u	NORM
kak	O
modiii	O
:*	O

Ngapain	NORM
ehh	NORM

Semangaatt	NORM
?	O
mudah2	NORM
diberi	O
kemudahan	O
dlm	NORM
istiqomahnya	O
ya	O
teh..??@rinanose16	NORM

Next	NORM
year!!	O
Amen..	NORM

Bangettt	NORM
@iliviav	NORM
aahaha	O

Mampuussss	NORM
Bella	NORM
ketahuan	O
bgt	NORM
diihhhh	NORM
?	O
@bella.deviyani	NORM
@tegarsatria	NORM
@sorayess_	NORM

Kk	NORM
kok	O
gk	NORM
brubah..	NORM

Proud	NORM
of	O
you	O
@vidialdiano...	NORM
semoga	O
bs	NORM
menular	O
ke	O
aku	O
????	O

ya	O
ampun	O
gemes	NORM
lohh	NORM

Nantik	NORM
kita	O
pergi	O
ksitu	NORM
yng	NORM
@dinnahasan	NORM

@imeldagsiregar	NORM
aku	O
udah	NORM
jadi	O
anak	O
baek	NORM
mak	O

Cinta	NORM
laura	O
itu	O
islam	O
...tuh	O
ad	NORM
d	NORM
inseklopedia.y	NORM

Lucu	NORM
bgt	NORM
gempiii	O

Mata	NORM
ku	O
yang	O
seleng	O
atau	O
gimana	NORM
ya....	O
kok	O
kayak	O
ngeliat	NORM
mulan	O
yg	NORM
pake	NORM
mukena...	O
sktika	NORM
lupa	O
wajah	O
bunda	O
maia	O

Kamu	NORM
itu	O
beruntung	O
bgt.	NORM
Aku	NORM
akn	NORM
ndukung	NORM
kamu	O
naura.	O
Please	NORM
follow	O
aku	O
ya	O

AKU	NORM
REKOMENDASIIN	NORM
DEH	NORM
SAY	NORM
OLSHOP	NORM
YANG	NORM
TRUSTED!	NORM
JUAL	NORM
ALAT	NORM
AJAIB!!!!	NORM
BISA	NORM
BIKIN	NORM
LANGSING	NORM
+	O
PEMBESAR	NORM
PAYUDARA,	NORM
PENGECIL	NORM
PAHA	NORM
DAN	NORM
BETIS@bigbreastnatural.	NORM
Chat	NORM
ke	O
WA	NORM
:	O
0857-9305-1973	O
/	O
BBM	NORM
:	O
5B8BE79E	NORM
/	O
LINE	NORM
:	O
@ZHB0594N	NORM
(PAKAI	NORM
@)	O

Jalarta	NORM
barat	O
donk	NORM
di	O
jl	O
gotong	O
royong	O
dpr	O
1	O

captionnya	O
bkin	NORM
meleleh	O
?	O

Subhanallah	NORM
Sunggu	NORM
luar	O
biasa	O
ciptaan	O
-MU	NORM
TUHAN	NORM
.mmm	O
udh	NORM
sholeh	O
beprestasi	O
lagiii....	NORM
??????	O

Alhamdulillah..smoga	NORM
berkekalan	O

Teteh	NORM
rina..	O
Semoga	NORM
istiqomah	NORM
tehh,	NORM
teteh	O
lbih	NORM
cantik	O
pake	NORM
hijabb.	NORM
???	O

Dlm	NORM
hdup	NORM
tak	O
ada	O
yg	NORM
abadi,namun	O
sejatinya	O
itulah	O
yg	NORM
sulit...krn	NORM
hdp	NORM
trus	NORM
berputar	O
dan	O
maju	O
kedpan...	NORM

Saya	NORM
bukan	O
pembela	O
sapa2.	NORM
Tp	NORM
menurut	O
saya	O
maia	O
mmg	NORM
bukan	O
cm	NORM
lebih	O
cantik	O
to	NORM
jg	NORM
jauh	O
lebih	O
cerdas	O
ketimbang	O
mulan.	O
Terlihat	NORM
dari	O
gaya	O
dan	O
cara	O
berbicaranya,	O
bahasanya	O
teratur	O
dan	O
lebih	O
sustematis.	O
Meskipun	NORM
sedang	O
sama2	NORM
emosi.	O
Salut	NORM
maia!	O
Untuk	NORM
mulan,	O
mgkn	NORM
jalan	O
supaya	O
haters	O
mereda	O
kyknya	NORM
kamu	O
perlu	O
tindakan	O
bercerai	O
dgn	NORM
dhani.	O
Mgkn	NORM
itu	O
yg	NORM
diinginkan	O
haters.	O
Tunjukkan	NORM
bhwa	NORM
kamu	O
mampu	O
dan	O
pnya	NORM
pendirian.	O
Sukses	NORM
juga	O
buat	O
mulan.	O
@maiaestiantyreal	NORM
@realmulanjamela	NORM
@mulanjameela1	NORM
@tiaransvtr	NORM
@tyaraa	NORM

Cantik	NORM
jelita	O
mulan	O
jameela..	O
cowo	NORM
mana	O
yg	NORM
ga	NORM
maksir	NORM
sama	O
mulan..	O
udh	NORM
punya	O
anak	O
3.	O
Tp	NORM
tetep	NORM
Langsing.	NORM
Hebatt	NORM

DARI	NORM
PADA	NORM
HARUS	NORM
MAHAL-MAHAL	NORM
PERAWATAN	NORM
KE	NORM
DOKTER,	NORM
NIH	NORM
AKU	NORM
SARANIN	NORM
PAKAI	NORM
PRODUK	NORM
DARI@QUEEN_BEAUTY_NATURAL	NORM
DI	NORM
SINI	NORM
HERBAL	NORM
100	O
GA	NORM
ADA	NORM
EFEK	NORM
SAMPING	NORM
NYA,	NORM
DAN	NORM
EFEKNYA	NORM
SANGAT	NORM
SAMA	NORM
DENGAN	NORM
HASIL	NORM
PERAWATAN	NORM
DARI	NORM
DOKTER,	NORM
AKU	NORM
CUMA	NORM
PAKE	NORM
2	O
MINGGU,	NORM
BEKAS	NORM
JERAWAT	NORM
DI	NORM
MUKA	NORM
AKU	NORM
PADA	NORM
ILANG,	NORM
DAN	NORM
BIKIN	NORM
PUTIH	NORM
JUGA	NORM
MUKA,	NORM
JANGAN	NORM
TAKUT,	NORM
INI	NORM
GA	NORM
ADA	NORM
BAHAN	NORM
KIMIANYA	NORM
LOH,	NORM
COBAIN	NORM
DEH	NORM
INVITE	NORM
5D885B1C	NORM

@arumsaric	NORM
@bella.deviyani	NORM
@tegarsatria	NORM
ngakak	NORM
anjir	O
gue	O
udah	NORM
kek.	NORM
Tp	NORM
emg	NORM
iya	O
gar	O
dia	O
ngirim	NORM
foto	O
itu	O
sambil	O
bilang	O
ngidam	NORM

Ya	NORM
benar	O
mbak	O
,	O
karna	NORM
semua	O
anak	O
itu	O
uniqe	O
,	O
coba	O
deh	O
mbak	O
nnton	NORM
film	O
taare	O
zameen	O
par	O
,	O
kejadianny	NORM
hampir	O
sama	O
tp	NORM
ada	O
penyelesaian	O
kalo	NORM
kita	O
ada	O
kemauan	O
@zahratuljannah	NORM
..	O
?	O

Itu	NORM
baju	O
kokona	O
kerenn	NORM
binggo	NORM
rekomndd	NORM
donk	NORM
beli	O
dmn...pngn	NORM
bli2n	NORM
bwt	NORM
suami	O
jg..	NORM

someday	O
yah	NORM
didi...	O
aamiin...	NORM
@badibastian	NORM

Indah	NORM
bangettt	NORM
???	O

Ngak	NORM
cocok	O
and	O
gak	NORM
setuju	O
bnget	NORM
klow	NORM
al	O
sama	O
jesica	O
mila	O

Aahh.	NORM
.	O
.	O
Ngiri	NORM
banget.	O
.	O

@ariya_dinata	NORM
aku	O
pngen	NORM
poto	NORM
koyok	O
ngene	O

MansyoAllah	NORM
cantik	O
skali	NORM
?	O

Marcel	NORM
yg	NORM
bertato	O
donk	NORM
@marcelchandra	NORM
tetap	O
Ada	NORM
bedanya.aku	O
dari	O
dulu	O
bisa	O
bedain	NORM
kok	O

Ngak	NORM
cocok	O

K	NORM
jullee,,fllbck	O
yaa	NORM
:)	O

Tdk	NORM
usah	O
mmposting	O
sprti	NORM
ini	O
mb	NORM
maia	O

Cantik	NORM
bgt	NORM
bunda...	O

Aku	NORM
senang	O
sama	O
kakak	O
@fatin30	NORM
soalnya	O
kakak	O
mah	O
gk	NORM
bnyk	NORM
gaya	O

Wahai	NORM
pujangga	O
cintaaaaaaa?	NORM
@sakinaahsly	NORM
@nicholassaputra	NORM

@nandashrd	NORM
mirip	O
bgt	NORM
ya	O
sma	NORM
harley	O
quin	O
nya:v	O

Malah	NORM
jadi	O
kek	NORM
orang	O
linglung..	O
mendingan	O
dari	O
gak	NORM
berjilbab	O
jadi	O
berjilbab	O
dari	O
pada	O
habis	O
berjilbab	O
buka	O
jilbab	O
pakai	O
baju	O
sexi2..	NORM

Buonanotte	NORM
@maiaestiantyreal	NORM
??...	O
come	O
stai	O
BUNMAI	NORM
?	O
Pulang	NORM
Indo	NORM
dr	NORM
liburan	O
br	NORM
denger	NORM
berita	O
heboh	O
+	O
lucu	O
skaligus	NORM
bulshit	O
dr	NORM
"	O
pihak	O
sana".	O
BKIN	NORM
GREGET	NORM
BUAT	NORM
COMMENT.	NORM
HEHE..	NORM
Jg	NORM
$y	NORM
bkn	NORM
type	O
crazy	O
of	O
medsos.	O
Jd	NORM
ada	O
waktu	O
br	NORM
buka	O
n	NORM
cek2	NORM
aja.?..	NORM
whatever..	O
INNALLAHA	NORM
MA'ASSOBBIRRIIIINNN..	NORM
?ya	O
Bun..	NORM
pasrah	O
aja.	NORM
Allah	NORM
maha	O
adil.	O
SOAL	NORM
MEMA'AFKAN	NORM
ITU	NORM
HAK	NORM
BUNMAI.	NORM
KL	NORM
PUN	NORM
UDH	NORM
MEMA'AFKAN	NORM
,	O
TP	NORM
G'	NORM
MAU	NORM
DEKAT	NORM
SPTI	NORM
DL	NORM
ITU	NORM
PUN	NORM
WAJAR	NORM
AJA.	NORM
Bunmai	NORM
hanya	O
seorang	O
manusia	O
yg	NORM
jelas	O
punya	O
PERASAAN..	NORM
TP	NORM
SMAKIN	NORM
IKHLAS	NORM
QTA	NORM
MERELAKAN	NORM
NYA	NORM
MAKA	NORM
INSYAALAH	NORM
ALLAH	NORM
AKAN	NORM
MENGGANTIKAN	NORM
DG	NORM
SESUATU	NORM
YG	NORM
LEBIH	NORM
INDAH..	NORM
SUBHANALLAH..	NORM
JGN	NORM
TERPANCING	NORM
HAL	NORM
BULSHIT	NORM
GTU	NORM
BUNMAI	NORM
@maiaestiantyreal	NORM
..	O
?.	O
n	NORM
buat	O
yg	NORM
lain	O
:	O
COBA	NORM
POSISIKAN	NORM
DIRI	NORM
ANDA	NORM
SBGAI	NORM
BUNMAI..	NORM
mgk	NORM
baru	O
anda	O
semua	O
bisa	O
tau	O
n	NORM
bs	NORM
merasakan	O
,	O
bgmn	NORM
kl	NORM
spti	NORM
bunmai..	O
Ok.	NORM
BUON	NORM
FORTUNA	NORM
BUAT	NORM
BUNMAI	NORM
@maiaestiantyreal	NORM
??.	O

Gak	NORM
ah!	O
Kya	NORM
poni	O
nya	O
si	NORM
bencong	O
njir	NORM
wkwkwk	O
@anshilalala	NORM

Uh	NORM
cantik	O
banget	O
pake	NORM
hijab	O
ka	NORM
?	O
@rinanose16	NORM

@nessiadaulay	NORM
banyak2	NORM
tabah	O
yo	NORM
nessssz:)))	O

Yg	NORM
sabar	O
ya	O
kak	O
jangan	O
dengerin	NORM
apa	O
kata	O
haters	O

Hadeuuh	NORM
.	O
Kalo	NORM
artis	O
ngomong	NORM
soal	O
agama	O
aja	NORM
pada	O
ngejudge	O
dia	O
.	O
Terus	NORM
agama	O
sendiri	O
"dikemanain"	NORM
?!?!	O
.	O
MIKIR	NORM
DONG	NORM
.	O
jangan	O
pada	O
bisanya	O
NGEJUDGE	NORM
orang	O
.	O
?	O

Semoga	NORM
menjadi	O
anak	O
yg	NORM
soleh	O
dan	O
berhati	O
mulia..	O

Cinta	NORM
laura	O
itu	O
islam	O
ap	NORM
kristen	O
siiihh	NORM
krpoooo	NORM

@auliaoktaviyani	NORM
kata2nya	NORM
ul	O
bnr	NORM
anget	O

Hehhmmm	NORM
harusnya	O
sadar	O
to	NORM
mulan...dulu	O
mati"an	NORM
menyangkal	O
sekarang	O
dengan	O
bangga	O
nya	O

Wah	NORM
kak	O
mila	O
cantik	O
bgt	NORM
kalau	O
pakai	O
hijab	O
subhanallah	O

jd	NORM
sok	O
sexy	O
gitu	NORM
dia	O
@agustarrifa	NORM
kebarat2an	NORM
umur	O
masih	O
kecil	O
juga	O
????	O

@imririeaj	NORM
saya	O
ada	O
bilang	O
kamu	O
sama	O
anda	O
mbak?	O
Mana	NORM
postingannsaya	O
bilang	O
kamu	O
sama	O
anda?	O
Bisa	NORM
BACA?	NORM
Anda	NORM
sekolah	O
gak?	NORM
???	O
gini	NORM
dah	NORM
produk	O
manusia	O
yang	O
di	O
kuasai	O
oleh	O
kekerasan.	O
Dasar	NORM
gak	NORM
sopan!	O

aku	O
pling	NORM
ska	NORM
denger	NORM
kak	O
yuki	O
ktawa	NORM

15	O
thn	NORM
tapi	O
tuwek	NORM
mukae,	NORM
disikan	O
kene	O
tapi	O
ultahe	NORM
@okesabella	NORM

Liattt	NORM
cuyyy	NORM
@amyypratiwi	NORM
@alba_veronica	NORM

@fanisaindr	NORM
goals	O
yha	NORM

@novisyahreza	NORM
kok	O
omongannya	O
gak	NORM
sopan,	O
perkataan	O
sama	O
jilbabnya	O
gak	NORM
sesuai	O
percuma	O
tuh	O
aurat	O
ditutupin	NORM
tp	NORM
mulut	O
diumbar,	O
walau	O
@lidyaaputrii	NORM
gk	NORM
pake	NORM
jilbab	O
tp	NORM
lebih	O
menjaga	O
sama	O
omongan	O
disosmednya	O

@erikamulya.28	NORM
ga	NORM
seneng	NORM
bilang	O
ae??	NORM

Ini	NORM
baru	O
namnya	NORM
Janda	NORM
semakin	O
di	O
depan	O
hahahahha	O

Asli	NORM
lebih	O
baik	O
dari	O
pada	O
palsu	O
.	O
ayo	O
sisst	O
yg	NORM
mau	O
putih,	O
langsing.	O
konsultasikan	O
langsung	O
deh	O
ke@DR_CANTIK.ID	NORM
kalo	NORM
masih	O
bisa	O
di	NORM
rubah	NORM
rubah	NORM
dari	NORM
sekarang	NORM
sisst.	NORM
poko	NORM
nya	NORM
produk	NORM
ny	NORM
bner	NORM
bner	NORM
bagus	NORM
deh	NORM
15	NORM
hari	NORM
aja	NORM
aku	NORM
udah	NORM
putih	NORM
bnget.	NORM
BB	NORM
aku	O
udah	NORM
trun	NORM
20kg	O
poko	NORM
nya	O
mantepp	NORM
banget	O
dehh.	NORM

Pengen	NORM
punya	O
dinding	O
kamar	O
&	O
dinding	O
rumah	O
yang	O
cantik?	O
Tapi	NORM
harganya	O
mahal?	O
Tidak	NORM
perlu	O
khawatir,	O
langsung	O
saja	O
follow	O
IG	NORM
@meervallertie	NORM
pusat	O
wallsticker	O
termurah	O
seIG	NORM
&	O
banyak	O
pilihan	O
motifnya.	O
Dijamin	NORM
kamu	O
bakalan	O
punya	O
dinding	O
kamar	O
&	O
dinding	O
rumah	O
mu	O
pasti	O
terlihat	O
cantik	O
dengan	O
harga	O
yang	O
murah	O
meriah.	O

Mangkanya	NORM
wkwkwkkw	O
@la.ras	NORM
mukanya	O
mirip	O
elu	NORM
???	O

Ig	NORM
zama	NORM
dulu	O

Diet	NORM
pak	O
.	O
dah	NORM
montok	O
tu	NORM
.	O
hihi	O
.	O
love	O
4	O
voice	O
tulus	O

Sis	NORM
@ridhanisabrina	NORM
wisudamu	O
kaya	NORM
gni	NORM
aja	NORM
simple	O

Subhanallah	NORM
kk	NORM

Kangen	NORM
ma	NORM
olga..kangen	O
ma	NORM
candaan	O
dan	O
celotehan	O
nya	O

Lucu	NORM
bgt	NORM
gambarnya	O
tp	NORM
gw	NORM
kog	NORM
jd	NORM
agak	O
ngeri	O
yha	NORM
liatnya	NORM

Kak	NORM
bkin	NORM
video	O
mail	O
time	O
bareng	O
kak	O
cassy	O
dongg	NORM

@duljaelani	NORM
kamu	O
dulunya	O
ganteng	O
bgt,imut2	NORM
gimana	NORM
gtu	NORM
wkwk	O

Master	NORM
@mastercorbuzier	NORM
tuh	O
tangkep	NORM
jg	NORM
si	NORM
ity	O
cantik,	O
commentnya	O
d	NORM
atas	O
masa	O
kaya	NORM
gitu...	NORM
sosmed	O
masa	O
dipake	NORM
bt	NORM
ngomong	NORM
kaya	NORM
gitu	NORM

Pada	NORM
istighfar	O
coba,,haduh	NORM
comen2nya	NORM
pedesssss	NORM
semua.	O

Payudara	NORM
kamu	O
kurang	O
kencang	O
??	O
pasti	O
belum	O
follow@KECANTIKAN_SAHABAT_ARTIS,	NORM
yuuk	NORM
temukan	O
rahasiannya,	O
atau	O
invite	O
langsung	O
pinnya	O
:	O
5FA808D5	NORM
w.a:081236464927	NORM

ih	O
rin	O
itu	O
mata	O
nya	O
kemn	NORM
y?	NORM
lihat	O
g	NORM
@karinakhansa2_	NORM

15?tp	NORM
kua	O
udh	NORM
20	O
:v	O
udh	NORM
nikah	O
mlh	NORM
kliatanya._.	NORM

Follbck	NORM
kakak	O
yg	NORM
cantik	O
@fatin30,	NORM

kk	NORM
cantik	O
bangeet,aku	NORM
ngfans	NORM
banget	O
sama	O
kk..	NORM

Cpt	NORM
mrit	NORM
y	NORM
luna	O

Gimna	NORM
caranya	O
ka?	NORM

Cantikan	NORM
@raisa6690	NORM
jauhhh,	NORM
padahal	O
pose	O
udh	NORM
monyong	O
&	O
rambut	O
disanggul	O
?	O

Ciyeeeeeee	NORM
ka	NORM
raffi	O

Keche	NORM
Badaii	NORM
teh	O
rina	O
love	O
you	O
???	O

PUNYA	NORM
PAYUDARA	NORM
BESAR	NORM
KENCQNG	NORM
BIAR	NORM
JADI	NORM
PERHATIAN	NORM
LAWAN	NORM
JENIS	NORM
?	O
KEPOIN	NORM
AJA	NORM
NIH	NORM
IG	NORM
@dr_payudara_sehat	NORM
DAN	NORM
BBM	NORM
AKU	NORM
5eae0ce6	O

Wahh	NORM
persis	O
bgt	NORM
yakk	NORM
....	O

Info	NORM
lebih	O
lanjut	O
follow@PROF.CANTIK	NORM
/	O
pin.bbm.com/7c735050	O
/	O
TLP	NORM
:	O
089609859219	O
follow@PROF.CANTIK	NORM
/	O
pin.bbm.com/7c735050	O
/	O
TLP	NORM
:	O
089609859219	O
follow@PROF.CANTIK	NORM
/pin.bbm.com/7c735050	O
/	O
TLP	NORM
:	O
089609859219	O
Mau	NORM
tambah	O
TINGGI	NORM
6-15cm?	O
Berat	NORM
badan	O
turun	O
16-25	O
kg?	O
Berat	NORM
badan	O
bertambah	O
10-25	O
kg?	O
Kulit	NORM
putih	O
sehat	O
alami?	O
Butuh	NORM
Obat	NORM
herbal	O
berbagai	O
penyakit??	O
?????	O
?????	O
Produk	NORM
BEST	NORM
SELLER	NORM
dunia	O
sudah	O
teruji	O
khasiatnya?Mau	NORM
tambah	O
TINGGI	NORM
6-15cm?	O
Berat	NORM
badan	O
turun	O
16-25	O
kg?	O
Berat	NORM
badan	O
bertambah	O
10-25	O
kg?	O
Kulit	NORM
putih	O
sehat	O
alami?	O
Butuh	NORM
Obat	NORM
herbal	O
berbagai	O
penyakit??	O
?????	O
?????	O
Produk	NORM
BEST	NORM
SELLER	NORM
dunia	O
sudah	O
teruji	O
khasiatnya?Mau	NORM
tambah	O
TINGGI	NORM
6-15cm?	O
Berat	NORM
badan	O
turun	O
16-25	O
kg?	O
Berat	NORM
badan	O
bertambah	O
10-25	O
kg?	O
Kulit	NORM
putih	O
sehat	O
alami?	O
Butuh	NORM
Obat	NORM
herbal	O
berbagai	O
penyakit??	O
?????	O
?????	O
Produk	NORM
BEST	NORM
SELLER	NORM
dunia	O
sudah	O
teruji	O
khasiatnya?	O
?	O
produknya	O
aman	O
banget	O
?	O
ga	NORM
ada	O
efek	O
samping	O
dan	O
ketergantungan?	O
,	O
Udah	NORM
dapat	O
sertifikat	O
?	O
BPOM	NORM
dan	O
?	O
Halal	NORM
MUI	NORM
juga	O
(y)	NORM

"PERENCANAAN"	NORM
Rencana	NORM
kdg2	NORM
bisa	O
ga	NORM
jalan	O
looohh...	NORM

Luaarrr	NORM
biasaaa	NORM
kaka	NORM
@marshanda99	NORM
..jadilh	NORM
artis	O
panutan	O
dan	O
inspirasi	O
org**	NORM
yg	NORM
malu	O
terhadap	O
org	NORM
tua	O
na	NORM
sendiri...	O

Lucuuuuu	NORM
pngn	NORM
cubit	O
pipi'y	NORM
?	O
gemmeeezzz	NORM
???	O

Berani	NORM
upload	O
gni	NORM
mbok??	O
??	O
@rahmizulfi	NORM

jogetin	NORM
dulu	O
shaay?	NORM
@karinaamaliaa	NORM
@ratulaila	NORM
@karbianca	NORM
@ennorizkya	NORM

Pliss	NORM
ini	O
lucu	O
banget	O
Ruk,	NORM
ga	NORM
kuaaatt	NORM
@farouck_	NORM

Beda	NORM
setahun	O
sama	O
gua	O
sipp....	NORM
masi	NORM
smp	NORM
cas?	O
@cassandraslee	NORM

ganteng	O
euy	O
,	O
bdan	NORM
nyaaa	NORM
gemesin	NORM
@dhillee	NORM

Kangen	NORM
almarhum	O
kk	NORM
olga	O

@bellagap	NORM
????	O
ternyata	O
gak	NORM
sebaik	O
yg	NORM
ku	O
kira,	O
sabar	O
sal	O
@salshabillaadr	NORM

Yaiyalah..semua	NORM
bisa	O
terjadi	O
klo	NORM
banyak	O
duitnya..hihiiii	O

Hehe	NORM
yauda	O
nanti	O
mas	O
buat	O
gitu	NORM
@likamalika_n	NORM

Iih	NORM
bujur	O
@ruthdolken	NORM
??	O
ayoo	NORM
sapa	O
tau	O
km	NORM
bs	NORM
jd	NORM
artis	O
jua	O

@kristianayunis	NORM
bagaikan	O
bumi	O
dan	O
langit	O
yhaaa??	NORM

Garuk2	NORM
tembokk	NORM
@nrisdiana	NORM

Ngeri	NORM
yaa	NORM
ini	O
masih	O
cobaan??	O
@ernibudiani	NORM

Nau	NORM
folow	O
aku	O
plis	O
aku	O
pengen	NORM
banget	O
di	O
folow	O
orang	O
berbakanmt	O
tapi	O
gk	NORM
pernah	O
ya	O
ALLAH	NORM
MUDAH	NORM
MUDAHAN	NORM
NAURA	NORM
FOLBACK	NORM
AKU	NORM
AMINNNNN	NORM

Ko	NORM
yang	O
ini	O
mah	O
mukanya	O
kampungan	O
gtu	NORM
ya,	O
ga	NORM
kaya	NORM
aleldul	O
kaya	NORM
org	NORM
bule	O

Dul	NORM
jadi	O
anak	O
yg	NORM
sholeh	O
yaa,	NORM
dul	O
ingat	O
jgn	NORM
terikut	O
aliran	O
freemason.	O

Sm	NORM
mba	NORM
kd	O
ny	NORM
cm	NORM
1	O
foto,,ayo	O
dong	O
posting	O
lg	NORM
sm	NORM
mba	NORM
kd	O
,,itu	O
ibu	O
kndung	NORM
mu	O
lho,,,	O

@amrinaafani	NORM
ada	O
bbrp	NORM
sih	O
yg	NORM
blg	NORM
gt.	NORM
Wkwkwwk.	NORM
Mirip	NORM
upilnya	O
ya	O
na	NORM

Masker	NORM
jerawatnya	O
keren	O
loh,	O
cuma	O
1minggu	O
udh	NORM
bisa	O
ngilangin	NORM
jerawat	O
yang	O
ada	O
di	O
wajah!!!	O
Penasaran???	NORM
Kepoin@solusisehatherbal	NORM
yuk.	O
Invite	NORM
BBM:	NORM
5894B9C1	NORM
???	O

@endang_setyowati88	NORM
so	NORM
sweet	O
ya	O
mereka.	O
Semoga	NORM
nanti	O
kita	O
bisa	O
gini	NORM

FOLLOW	NORM
IG@CARASEHATID	NORM
LANGSING	NORM
TANPA	NORM
MENAHAN	NORM
LAPAR?	NORM
SUPLEMEN	NORM
TANPA	NORM
EFEK	NORM
SAMPING??	NORM
?POTENSI	NORM
TURUN	NORM
BERAT	NORM
BADAN	NORM
15KG	NORM
DLM	NORM
20	O
HARI	NORM
?	O
INFO	NORM
LENGKAP	NORM
?	O
PIN	NORM
:	O
5FB2512C.	NORM

Klw	NORM
liat	NORM
loly	O
pasti	O
teringt	NORM
kisahnya	O
dulu...km	NORM
trmsuk	NORM
ank	NORM
yg	NORM
kuat....dn	NORM
pilihnmu	NORM
tepat	O
ikut	O
pipinya....	O

Ini	NORM
kita	O
ni	NORM
@rdinikartika	NORM

Someday	NORM
ya	O
be	O
@syahrezapohan	NORM
.	O
.	O
amiin	NORM

Cantik	NORM
bangettttt	NORM

Aamiin..	NORM

Yok	NORM
@inezamelinda	NORM

masyaallah	O
teh	O
rina	O
geuliiiiiiis	NORM

Pengen	NORM
ciuuuummmm	NORM
mbil	NORM
ngmng	NORM
'oposehh,	O
ngemeng	NORM
epe	NORM
seehh'	NORM
??	O
@blacktiak	NORM

Seluru	NORM
anak	O
RIAU	NORM
mendoakan	O
olga	O

Bazengg	NORM
cakep	O
banget	O

@veliciahart	NORM
I	NORM
muntah	O
dlu	NORM
ya	O

Kapan	NORM
bisa	O
ktmu	NORM
cita	O

Enak	NORM
padahall	NORM
ciganaa	O
??	O
@deanahanifaaa	NORM

Awalnya	NORM
Emang	NORM
Pusing	NORM
Ya	NORM
Sis	NORM
untuk	O
memilih	O
Mana	NORM
Distributor	NORM
yang	O
terbaik	O
aman	O
dan	O
dapat	O
dipercaya	O
waktu	O
temen	NORM
akau	NORM
saranin	NORM
ke@DR.AKBAR.FASHIONHERBALL	NORM
Eh	NORM
malah	O
nemuin	NORM
hasil	O
yang	O
terbaik	O
dari@DR.AKBAR.FASHIONHERBALL	NORM
ya	O
udah	NORM
aku	O
tanpa	O
lama	O
lama	O
lagi	O
waktu	O
habis	O
suplementnya	O
aku	O
tambah	O
lagi	O
hihi...	O
langsung	O
aja	NORM
admin	O
Pin	NORM
Bbm:	NORM
D0545049	NORM
line:@HRX9934Z	NORM
pake	NORM
@	O
yah..	NORM

woowwww	NORM
semenjak	O
aku	O
gabung	O
di	O
www.regram.net	O
sekarang	O
instagramku	O
banyak	O
followers	O
nya	O
..	O
terimakasih	O
www.regram.net	O

aamiinnn...	NORM
Smga	NORM
sehat	O
slalu	NORM
skluarga	NORM
teteh	O
@missnyctagina	NORM
???	O

?	O
????	O
????????	O
?	O
TERAMPUH,	NORM
ALAT	NORM
PEMBESAR	NORM
PAYUDARA	NORM
HANYA	NORM
DALAM	NORM
JANGKA	NORM
WAKTU	NORM
2	O
MINGGU,	NORM
PAYU	NORM
DARA	NORM
UDAH	NORM
BESAR	NORM
DAN	NORM
KENCANG	NORM
!!!	O
MAU	NORM
COBA	NORM
CEK	NORM
AJA	NORM
PAKARNYA	NORM
?	O
di@DR.DEENAN_FASHION.KESEHATAN	NORM
?	O
pin	O
:	O
D1087EA8.	NORM

Semoga	NORM
teteh	O
@zahratuljannah	NORM
dapat	O
menjalankan	O
amanah	O
dr	NORM
allah	O
aminnn	NORM
semangat	O
teh	O

Indo	NORM
punya	O
@govur_abdl	NORM

Ihhhhh	NORM
houwatak	O
aaaa	O
bang@andreastaulany?????	NORM

Pinter..	NORM

Jujur	NORM
aku	O
jatuh	O
cinta	O
sma	NORM
alis	O
matamu	O
itu	O
lhoo...	NORM

two	O
of	O
my	O
most	O
faves	O
in	NORM
Indonesiaaa	NORM
??	O

Haiii	NORM
cantik	O
bangat	NORM
dirimu	O
...????	O

Harus	NORM
liat	NORM
hahahaha	O
@kurniasindi	NORM

Ko	NORM
bangcat	NORM
yha	NORM
:')	O
@bilavkcb	NORM

@pputriindah	NORM
mendadak	O
jadi	O
haters	O
gitu	NORM
ka	NORM
?wkwkwk	O
:p	O

Yg	NORM
tengah	O
pacarnya	O
marcel	O
kali...?	O

Ga	NORM
cocok	O
banget	O
kk	NORM
milla	O
kalo	NORM
pake	NORM
hijab	O

nnti	NORM
aku	O
bikin	O
yaa,	NORM
love	O
challange	O
ya?	O
@meliagustn	NORM

Waw...oc	NORM
banget...	O

ternyata	O
masih	O
ada	O
toh	O
yang	O
ngebela	NORM
ahmad	O
dhani?	O

Kepoin	NORM
my	O
instagram	O
yuk	O
guys	O
banyak	O
baju2	NORM
trendy	O
loh,,	O
ayoooo	NORM
buruannn	NORM
sebelum	O
kehabisan.	O

s2	O
umur	O
22	O
thun	NORM
kita	O
s1	O
umur	O
brp	NORM
ya	O
@amirmuhamad631	NORM

Alhamdulillahirobbilalamin	NORM
,	O
ikut	O
seneng	NORM
kaka	NORM
.	O
Keep	NORM
istiqomah	NORM
to	NORM
jannah	O
??	O

Tuh	NORM
kaan,	NORM
apalagi	O
photo	O
ini.	O
Kaya	NORM
barbie	O
bgt	NORM
kaa	NORM
@dewisandra	NORM

Ini	NORM
anak	O
pinter	NORM
sekali..bahagianya	O
keluarga	O
ini	O

Kamu	NORM
kreative	NORM
bangrt	NORM
sih	O
dek,	O
aku	O
senang	O
liat	NORM
anak	O
pintar	O
sepertimu	O
,:*	O

Cucokkk	NORM
@hartsahanif	NORM

iya	O
pil	O
liat	NORM
aja	NORM
semua	O
itu	O
bkal	NORM
jd	NORM
knyataan	NORM
semua	O
??	O
@yupitaolpiani26	NORM

Suruh	NORM
pahamin	NORM
omongannya	O
apa	O
pantengin	O
mukanya?	O
Kiw	NORM
@thiafdljh	NORM

maksutku	NORM
cantik	O
yang	O
gitu	NORM
byy	O
:3	O
@dienfahmi	NORM

Memang	NORM
turunan	O
cantik	O
slm	NORM
knl	NORM

Unyuuk	NORM
bgd	NORM
kamu	O
dedek	NORM
??????	O

@marshanda99	NORM
udah	NORM
lupa	O

Bunda	NORM
maya	O
itu	O
selain	O
sabaarrr	NORM
CANTIIIIKK	NORM
bangeeeeetttt	NORM

Kan	NORM
ku	O
ukir	O
namamu	O
se	O
dalam	O
dalam	O
dan	O
se	O
banyak	O
banyak	O
nyaaaaaaaaaaaaa	NORM
???	O

Gilaaa	NORM
cocok	O
bgt	NORM
@billydavidson_	NORM
@audimarissa	NORM

Ya	NORM
ka	NORM
thanks	O
juga	O
bls	NORM
an	O
dari	O
ka	NORM
@yoeriche	NORM
dan	O
salam	O
buat	O
semuannya	O
@cherrybelleid	NORM
@yoeriche	NORM

Nah	NORM
iklan	O
yg	NORM
kece	O
itu	O
ini	O
gan	O
@jalingyudha	NORM
?	O

Wah	NORM
ini	O
masadepanmu	O
yha??	NORM
@gustifdlah	NORM

Amiennn	NORM

Pengen	NORM
punya	O
kulit	O
kinclong	O
bebas	O
jerawat	O
?	O
mau	O
punya	O
tinggi	O
badan	O
yg	NORM
ideal	O
?	O
ayoo	NORM
konsultasikan	O
langsung	O
ke	O
ahlinya	O
follow	O
ig	O
nya@montirherbal	NORM
dan	O
invite	O
pin	O
:D098054A	NORM
konsultasi	O
gratis	O
dan	O
free	O
ongkir	O
untuk	O
minggu	O
ini	O
???	O

GA	NORM
HARUS	NORM
MEMAKAN	NORM
WAKTU	NORM
YANG	NORM
LAMA	NORM
UNTUK	NORM
BISA	NORM
MENGUBAH	NORM
TAMPILAN	NORM
PAYUDARA	NORM
SISTA	NORM
BIAR	NORM
JADI	NORM
INDAH,	NORM
SEKARANG	NORM
ADA	NORM
ALAT	NORM
PEMBESAR	NORM
PAYUDARA	NORM
YANG	NORM
SANGAT	NORM
AMPUH	NORM
DAN	NORM
AMAN	NORM
DI@WOMANBEAUTY.CARE	NORM
INVITE	NORM
BBM	NORM
NYA	NORM
D30054B4	NORM
whatsapp	O
082240956605	O

Aminn	NORM
YRA???Terima	NORM
kasih	O
Allah	NORM
SWT..Alhamdulillah	NORM
Terima	NORM
ksh	NORM
@addiems999	NORM
sll	NORM
setia	O
mendampingi	O
&	O
membimbingku	O
jg	NORM
@kevinaprilio	NORM
@tristanjulianos	NORM
..	O
TQ	NORM
utk	NORM
semua	O
doa	O
dan	O
comment2nya	NORM
jg	NORM
teman2	NORM
ig	O
???	O

Krenbabget	NORM

ka	NORM
marcel	O
maen	NORM
dung	NORM
kegaruda	O
martial	O
arts	O
mampir	O
latian	NORM
ajak	O
ka	NORM
catty	O
dll	O
oke	O
@marcelchandra	NORM
happy	O
bday	O
u	NORM
all	O
the	O
best	O

Congratulation	NORM
kk	NORM
mod...impian	O
kk	NORM
akhirnya	O
tercapai...kk	NORM
udah	NORM
mendapatkan	O
gelar	O
yang	O
kk	NORM
ingin?an...tetep	NORM
semangat	O
kk@maudyayunda	NORM

@wilsonivandy	NORM
tar	NORM
i	O
di	O
sana	O
kek	NORM
gini	NORM
???	O

@deaprill	NORM
salah	O
ngetik	NORM
?	O

Sm2	NORM
nau	O
km	NORM
cantik	O
bgt	NORM

jgn	NORM
mngasi	NORM
kmbang	NORM
awal	O
pg	NORM
@me_latng31	NORM
@beecarlsen	NORM
tp	NORM
islam	O
ka	NORM
pulak	NORM
dia	O
nie	NORM

TAU	NORM
GAK	NORM
AKU	NORM
UDAH	NORM
PAKE	NORM
BANYAK	NORM
SEKALI	NORM
PRODUK	NORM
PEMBESAR	NORM
PAYUDARA	NORM
MULAI	NORM
DARI	NORM
KRIM	NORM
SAMPE	NORM
SEGALA	NORM
MACAM	NORM
UDAH	NORM
AKU	NORM
COBA	NORM
TAPI	NORM
GAK	NORM
ADA	NORM
YANG	NORM
BERHASIL	NORM
SAMA	NORM
SEKALI	NORM
:(	O
TAPI	NORM
SEMENJAK	NORM
AKU	NORM
PAKE	NORM
ALAT	NORM
MHCA	NORM
DARI@DR.BEAUTYBREAST	NORM
AKHIRNYA	NORM
SEMUANYA	NORM
BERUBAH	NORM
HANYA	NORM
DALAM	NORM
WAKTU	NORM
3	O
MINGGU	NORM
AKU	NORM
BERHASIL	NORM
DAPETIN	NORM
PAYUDARA	NORM
YANG	NORM
IDEAL	NORM
BESAR	NORM
DAN	NORM
PADET	NORM
KALO	NORM
GA	NORM
PERCAYA	NORM
BUKTIIN	NORM
SENDIRI	NORM
DEH	NORM
NIH	NORM
PIN	NORM
NYA	NORM
BBM:	NORM
5E8CA768	NORM

Kalau	NORM
sekarang	O
wulan	O
sari	O
uda	NORM
lebih	O
baik???	O
MASA	NORM
SIH.....yg	NORM
ada	O
makin	O
sering	O
bikin	O
sensasi,	O
bajunya	O
aja	NORM
sllu	NORM
kekurangan	O
bahan,	O
minta	NORM
maaf	O
di	O
YouTube,	NORM
org	NORM
goblok	O
pun	O
tahu	O
cara	O
minta	NORM
maaf	O
tu	NORM
scra	NORM
langsung.	O
Cium	NORM
dulu	O
kaki	O
bunda	O
@maiaestiantyreal	NORM

Jujur	NORM
ka..	NORM
aku	O
kagum	O
bgt	NORM
sama	O
kaka.!!!??	NORM

Selamat	NORM
iyah	NORM
kak	O
atas	O
kelahiran	O
putri	O
pertama	O
nya	O
Thalia	NORM
Putri	NORM
Onsu	NORM
Tuhan	NORM
Jesus	NORM
Memberkati	NORM

BBM	NORM
INVITE	NORM
:5EACED78	NORM
TERBONGKAR	NORM
!	O
MODEL2	NORM
GUNAKAN	NORM
ALAT	NORM
PEMBESAR	NORM
PAYUDARA	NORM
DARI@dr.inneke.sp.h	NORM
BBM	NORM
INVITE	NORM
:	O
5F5DBA70.	NORM
/	O
whatsapp	O
083837109602	O

Cantikk...	NORM

Ahhiihi,kluar	NORM
aslinya	O
@avry_sitohang	NORM
,....	O

Cwo	NORM
sama	O
cwo	NORM
brantem	NORM
di	O
ig	O
gara2	NORM
belain	NORM
artis	O
??	O
ya	O
Allah	NORM
dunia	O
oh	O
dunia	O

@lalecindynp_	NORM
bsok	NORM
kita	O
sama	O
jinyoung	O
gtu	NORM

@yoeriche	NORM
salam	O
buat	O
chibii	O
yang	O
lain	O
yaa,	NORM
dulu	O
aku	O
pernah	O
ngelive,	O
tp	NORM
blm	NORM
dapet	NORM
foto	O
bareng?,	O
jd	NORM
foto	O
sm	NORM
patungnya?	O

Sudah	NORM
lah	O
jangan	O
musuhan	O
mulu.	O
Maluuuu...sudah	NORM
tua	O
!!	O

Kangem	NORM
canda	O
tawa	O
kak	O
olga	O

Yg	NORM
di	O
tag	O
namax	NORM
@marcelchandra	NORM

Wanjiir	NORM
@rizkiardini	NORM

Emessss	NORM
@honiaisya	NORM

Tapi	NORM
sama	O
@irwansyah	NORM
gak	NORM
di	O
post	O
takut	O
sang	O
wife	O
cemburu	O
dan	O
nganbek	NORM
ya	O
wkwkw	O
hihi	O

@lunamaya	NORM
hik..hik..ikutan	O
tumpah..sakit	O
rasanya	O
ditinggal	O
ama	NORM
org	NORM
yg	NORM
kita	O
sayang	O
spt	NORM
alm	NORM
@olgasyahputra89	NORM
#MissOlga	NORM

Iyak	NORM
kak	O
kakak	O
dari	O
kecil	O
dah	NORM
cantik	O
malh	NORM
sekarang	O
mlah	NORM
jadi	O
lebih	O
cantik	O

Aku	NORM
bisa	O
mengerti	O
perasaan	O
aurel	O
yg	NORM
ditinggalkan	O
ibu	O
nya	O
demi	O
laki	O
laki	O
lain,	O
pasti	O
terluka	O
dan	O
gak	NORM
mudah	O
untuk	O
mengobati	O
luka	O
itu,	O
seorang	O
anak	O
juga	O
py	NORM
hati	O

Hi	NORM
guys	O
yang	O
lagi	O
cari	O
penghasilan	O
tambahan	O
cocok	O
bgt	NORM
bisnis	O
ini	O
buat	O
kalian	O
pelajar	O
mahasiswa	O
dan	O
ibu	O
rumah	O
tangga	O
yukk	NORM
langsung	O
kepoin@fyn_databank	NORM
atm	O
ngalir	NORM
teruss??	NORM

@zena_listiana	NORM
iya	O
mba	NORM
.	O
ayuk	NORM
kita	O
baca	O
alquran	O
.	O
dan	O
fahami	O
maksudnya	O
..	O
Islam	NORM
sangat	O
sempurna	O
..	O
Jika	NORM
banyak	O
yg	NORM
mngira	NORM
islam	O
kurang	O
bertolernsi	NORM
.	O
slahkan	NORM
lah	O
orangnya	O
..	O
Krna	NORM
islam	O
sangat	O
mengajarkan	O
tolernsi	NORM
.	O
dalam	O
sifat	O
allah	O
.	O
seperti	O
Arrahman	NORM
dan	O
arrahim	O

@yukikt	NORM
:yuki	O
nama	O
snapchat	O
kmu	NORM
apa	O

Mbak	NORM
@mulanjameela1	NORM
yg	NORM
selalu	O
dihujat	O
haters	O
dan	O
mbak	O
@maiaestiantyreal	NORM
yg	NORM
selalu	O
dpt	NORM
dukungan	O
lovers...	O
bagaimanapun	O
keedaannya	NORM
duo	O
ratu	O
tetap	O
dihatiku..	O
entah	O
waktu	O
voc.pinkan	O
atau	O
pun	O
voc.mulan..	O
lagu2	NORM
dan	O
penampilan	O
ratu	O
selalu	O
saya2	NORM
tunggu2	NORM
setiap	O
tampil	O
di	O
tv..	O
entahlah	O
sekrng	NORM
mngkin	NORM
sudah	O
ga	NORM
ada	O
lg	NORM
tp	NORM
lagu2nya	NORM
ttap	NORM
masih	O
bsa	NORM
didengar...	O
semangat	O
buat	O
bunda	O
maia.	O
Dan	NORM
sabar	O
buat	O
mbak	O
mulan...	O

Wowwww	NORM

Yorieche	NORM
biasanya	O
d	NORM
gereja	O
apa?	O
Sdh	NORM
ada	O
yg	NORM
tnya	NORM
ini	O
blm	NORM
td	NORM
@yoeriche	NORM

Wajah	NORM
putih,	O
glowing	O
tanpa	O
jerawat	O
dan	O
flek..rugi	O
klo	NORM
blm	NORM
nyoba	NORM
adeeva	O
skincare.	O
Aman	NORM
dan	O
testi	NORM
sudah	O
banyaak	NORM
?	O

Kecr	NORM

Cantiq...?	NORM

Kok	NORM
ngitem	NORM
ya	O
@nabilahjkt48	NORM

Duch	NORM
kakak	O
Al	NORM
..Mantabs	NORM
bingits	NORM
captionnya..	O

Adem	NORM
banget	O
ya	O
liatnya	NORM
@ijezsyelsin	NORM
@kanahsagita	NORM

Bisa	NORM
nggak	NORM
@hilya.im	NORM

Cantik	NORM
aned	NORM
bilbil	O
?	O

Ig	NORM
bunmai	O
kok	O
elo	NORM
yg	NORM
sibuk	O
urusin	NORM
@mulanjameelaahmed	NORM
kurang	O
kerjaan	NORM
apah	NORM

@stellavckh	NORM
nanti	O
gn	NORM
yaahhh	NORM

Ka	NORM
fatin	O
suarranya	NORM
terbuat	O
dri	NORM
apa	O
sihh	NORM
bagus	O
bgt	NORM
apa	O
lagi	O
Klo	NORM
nyanyi	O
kaulah	O
kamuku	O
feat	O
ka	NORM
mikha	O
ya	O
allah	O
bner"	NORM
suarranya	NORM
iu	NORM
bgussss	NORM

Ato	NORM
dak	NORM
iko	O
a	O
@widyamustikaweni	NORM
???	O

Yg	NORM
marcell	O
yg	NORM
ganteng	O
n	NORM
laki	O
bngt,yg	NORM
ada	O
tatonya,	O
yg	NORM
tngh	NORM
pacarnya	O
ko	NORM
marcell,	O
yg	NORM
kiri	O
ko	NORM
mischa,	O
klw	NORM
mischa	O
mknya	NORM
sdkit	NORM
kyk	NORM
prmpuan	NORM
@marcelchandra	NORM

EL	NORM
sayang	O
jgn	NORM
sedih	O
kan	O
ada	O
tuhan	O
yesus	O
yang	O
selalu	O
sayang	O
sama	O
EL.	NORM

Wihh	NORM
gak	NORM
nyangka	NORM
banget	O
produk	O
dari@DR.ALAMSYAH.HERBAL	NORM
bisa	O
membuat	O
aku	O
putih	O
dan	O
tinggi	O
dalam	O
waktu	O
15	O
hari	O
,	O
mantap	O
bangett	NORM
deh,ga	NORM
nyesel	NORM
dehh	NORM
sama	O
produknya	O
sangat	O
cepet	NORM
banget	O
hasilnya,dan	O
pengirimanya	O
juga	O
sangat	O
cepat,cuma	O
di@DR.ALAMSYAH.HERBAL	NORM
yg	NORM
hasilnya	O
sangat	O
memuaskan	O
dan	O
termurah	O
terpercaya,jangan	O
sampai	O
kalian	O
ga	NORM
coba,buruan	O
cek	O
aja	NORM
langsung	O
ig	O
nya@DR.ALAMSYAH.HERBAL	NORM

@rererevita	NORM
amiiinn	NORM
yaa	NORM
Rabbal	NORM
alamiin,	O
many	O
thanks	O
dear	O
???	O

Msih	NORM
lama	O
6thn	O
lg	NORM
@derisaad03	NORM
@achaaslp23	NORM

@amalliamn48	NORM
yg	NORM
bru	NORM
apa	O
namanya?	O

@hadi.niic	NORM
gitulah	NORM
klo	NORM
nyanyi	O
yg	NORM
totalitas	O
gtu,	NORM
ga	NORM
jaim	O
di	O
atas	O
panggung,	O
ga	NORM
mesti	O
jadi	O
kyk	NORM
putri	O
kan	O
klo	NORM
nyanyi,	O
terlalu	O
banyak	O
sih	O
yg	NORM
foto"	NORM
agnez	O
pas	O
nyanyi,	O
makanya	O
pas	O
agnez	O
jelekpun	O
di	O
jepret.	O
Sorry	NORM
yah	NORM
mamas	NORM
ane	O
bukan	O
hatersnya	O
KD	NORM

Pengen	NORM
mas	O
@mochhilfi	NORM

Editan	NORM
ketara	NORM
bgt	NORM
tapi	O
cantik	O
kok	O
?	O

Lucuuu	NORM
lucuu	NORM

Sumpah..	NORM
kirain	NORM
oma..	O
atau	O
neneknya	O
@krisdayantilemos	NORM
..dadakman	O
@agnezmo	NORM
..maaf..	O
?	O

@debio_khalisa	NORM
bini	O
den	O
maso	NORM
dpn	NORM

Hati.a	NORM
blm	NORM
di	O
jilbab	O
mk.a	NORM
gt,mlt.a	NORM
nyerocooooos	NORM
trus	NORM
blg	NORM
tuk	NORM
org...kyk.a	NORM
wkt	NORM
sklh	NORM
dl	NORM
pljrn	NORM
aqidah	O
akhlak	O
srng	NORM
ga	NORM
msk	NORM
yaaa?	NORM
@maiakaiama	NORM

Yukk	NORM
buruan	O
join	O
bisnis	O
database...mumpung	O
masih	O
PROMO	NORM
250	O
.	O
.	O
.	O
akhirbulan	O
udh	NORM
hrga	O
normal	O
ya	O
sis/gan	O
500	O
.	O
.	O
.	O

Aq	NORM
boleh	O
giniin	NORM
ayank	NORM
@wlm.y	NORM
pliiisssssss	O
?	O

Itu	NORM
sok	O
bijak	O
bgt	NORM
bahasanya	O
wkwk	O
miris	O
deh!!!	O
Sukses	NORM
yak	NORM
buat	O
@nikitawillyofficial94	NORM

Udah	NORM
liat	NORM
?	O
@nasyawalia	NORM

Mau	NORM
dianterin	NORM
kmn??	NORM
@nisfupane	NORM
@zenri.herlangga	NORM
@co_abay	NORM
@co_beim	NORM
@ardiansihombing	NORM
@kolak_serabi	NORM

@tia_husain	NORM
insyaaAllah	NORM
yaah	NORM
Bidadarikuu	NORM

15	O
tahun	O
?	O
whaatt	O
ngerasa	NORM
tua	O
banget	O
gw	NORM
?	O

@imadesuhartasena	NORM
cb	NORM
besok	O
tanya	O
anak2	NORM
apakah	O
kangen	O
daddynya	O
wkwkk	O

Cute	NORM
gilaaaa	NORM
????	O
@n.ainnur	NORM

Gingsulnya	NORM
kaya	NORM
kmu	NORM
beb	O
@nur_nabiilah2202	NORM

@rinanose16	NORM
teh	O
nose	O
subahanallah	NORM
banget.	O
Gegara	NORM
kemaren	NORM
aku	O
liat	NORM
cerita	O
teh	O
nose	O
diacara	O
no	O
secret.	O
Semoga	NORM
istiqomah	NORM
teh	O
muaach???	O

Ingeet,	NORM
waktu	O
kondangan	O
tempat	O
mantan	O
kan???	O
@hanumdelfitaa	NORM

elaaaaaaah	O
kalo	NORM
gini	NORM
caranya	O
mah,	O
minta	NORM
kawinin	NORM
wqwqwq	O

Kentut	NORM
aja	NORM

Iyayaa	NORM
aku	O
juga	O
kangen	O
liat	NORM
mereka	O
@hidaynt_	NORM

@melafbry	NORM
kata2nya	NORM
gak	NORM
gombal	O
lg..	NORM
Duh	NORM

Cntk	NORM
kk	NORM
@salshabillaadr	NORM

Kak	NORM
nagita	O
cntik	NORM
bgt	NORM
sih..	O

Miss	NORM
you	O
kk	NORM
olga?	O

In	NORM
omanya	O
kellen	NORM
y	NORM

Aminn	NORM
ya	O
alloh	NORM

Bun	NORM
mirip	O
almh	NORM
nike	O
ardila	O

lha	NORM
masih	O
tuaan	O
gue	O
lak:'v	O
kapan	O
gue	O
kek	NORM
gini?	NORM
@lailanuur_	NORM

Amiiiin	NORM
ya	O
robal	O
alamin.	O

dtg	NORM
doong	NORM
ke	O
pungo	O

Siapa	NORM
sih	O
yg	NORM
kampung	O
sebenernya.	NORM
Ada	NORM
yg	NORM
punya	O
kaca	O
ga?	NORM
Haha	NORM
please	O

Ini	NORM
mereka	O
2	O
klo	NORM
nda	NORM
niat	O
nyanyi	O
nda	NORM
usah	O
karoke	O
d	NORM
smule	O
sdh??	NORM
@ms.setiagung	NORM
@leepongg	NORM
@rereandro.id	NORM

Hihiii	NORM
bikin	O
iri	O
ajaaahhhhh	NORM
:D	O
@sophia_latjuba88	NORM

Miripp	NORM
ka	NORM
angell	O
@libainiassyifa	NORM

Gara2	NORM
ka	NORM
raline,	O
riri	O
jd	NORM
sering	O
maen	NORM
ke	O
INA.	NORM
:v	O

Mirip	NORM
sangt	NORM

Iooo?	NORM
dy	NORM
kw	NORM
d	NORM
mslh	NORM
laeng	O
in	NORM
kong	O
qt	NORM
jdi	NORM
plampiasannn??	NORM
@juvinkainka	NORM

Helooooo	NORM
yang	O
ngaku	NORM
arab	O
siapa	O
bego	O
@chaz_leo_	NORM
makan	O
aja	NORM
tuh	O
daging	O
babi	O
biar	O
gak	NORM
tolol	O
hidup	O
lu	O

lenje	NORM
ngatain	NORM
lenje	NORM

@sya_17	NORM
ini	O
yg	NORM
kk	NORM
bilang	O
jah	O

Tw	NORM
aja	NORM

Favorite	NORM
nya	O
@adislevana	NORM
nih	O
kakk	NORM

Sebenernya	NORM
ini	O
cums	NORM
Bunda	NORM
Dan	NORM
pipinya	O
yg	NORM
bs	NORM
menetralkan..	O
@aurelie.hermansyah	NORM
@ananghijau	NORM

Puji	NORM
tuhan	O
?	O
Abis	NORM
itu	O
ngomong	NORM
alhamdulillah	O
?	O
Kan	NORM
puji	O
tuhan	O
hanya	O
untuk	O
orang	O
kristen	O
dsb	O

Ini	NORM
kyak	NORM
nya	O
foto	O
abang	O
yg	NORM
pling	NORM
byk	NORM
di	O
comment	O
deh	O
?	O

Sip	NORM
kk	NORM

Yellow	NORM
lab	O
lbh	NORM
fresh	O

Siapa	NORM
yg	NORM
mendam	NORM
rasa	O
?	O
Dina	NORM
?	O
OMG	NORM
?	O
@niaasaniaaa	NORM

Ankx	NORM
cantip	NORM

Njirr	NORM

5EAE0FBE	NORM
konsul	NORM
gratis	O
yuk	O
bunda..	O

@desta80s	NORM
video	O
yg	NORM
paling	O
konyol	O
:)	O

@ity_cantik	NORM
yeeee	NORM
ityl	NORM
perek	O

Kenapa	NORM
bisa	O
temenan	NORM
sama	O
seungri	O
ka	NORM
wk	NORM
wk	NORM

@inisarah	NORM
makkk	NORM
ngapain	NORM
ngetag	O
guee!!!	NORM
Jadi	NORM
pengennn?????	NORM

Arianaaa	NORM
bingiiittttzzzz......	NORM

Beda	NORM
atuh	O
do	NORM
diamah	O
lebih	O
cantik	O
?tapi	O
mudah2	NORM
karir	O
nya	O
sama	O
kaya	NORM
gua	O
?@masihkuper_	NORM

Folback	NORM
om	O
ruben....undang	O
yg	NORM
lainnya	O
donk	NORM
artis�	O

@hadi.niic	NORM
ya	O
iyalah,	O
KD	NORM
kebanyakan	O
ke	O
salon,	O
lifting	O
wajah	O
jd	NORM
kencang.	O
Agnez	NORM
kebanyakan	O
olahraga	O
jd	NORM
wajar	O
wajahnya	O
kerut.	O
Agnez	NORM
cuek	O
soal	O
kek	NORM
gtu"an,	NORM
klo	NORM
cantik	O
mah	O
mau	O
gmanapun	NORM
tetep	NORM
aja	NORM
cantik	O

Senang	NORM
itu	O
ketika	O
ngelihat	NORM
bang	O
andre,	O
sule,	O
parto	O
sama	O
neng	O
nunung	O
dalam	O
1	O
stage.	O
Konyol	NORM
lah	O
pokok	O
nya.	O
Apalagi	NORM
ada	O
di	O
net.tv	O
haha	O
jadi	O
pngn	NORM
gabung	O
ngelawak	NORM
bang,	O
ajarin	NORM
lah	O
haha	O
@andreastaulany	NORM

Bukan	NORM
hanya	O
membesarkan	O
dan	O
mengencangkan	O
payudara	O
:*	O
tapi	O
merapatkan	O
miss	O
V	NORM
juga	O
ternyata	O
:O	NORM
bener2	NORM
salut	O
:)	O
nih	O
di@BEAUTYHEALTHCARE.ID	NORM
5EAE0CE6	NORM
JAMINAN	NORM
HARGA	NORM
DISTRIBUTOR	NORM
!!	O
D291BB84	NORM
whatsapp	O
081563733977	O

@febriyantjalu	NORM
cyiiin	NORM

Fikrul	NORM
kalo	NORM
bandel	O
lu	O
giniin	NORM
aja	NORM
dam	O
@saddaamf	NORM

Kubarikan	NORM
gajih	O
ku	O
setahun	O
asal	O
@dhea.anastasya	NORM
tapak	O
akan	O
om	O
ian	O
kytu	O
wk	NORM

Ttp	NORM
ganteng	O

@ariel_nazril_irham	NORM
bener2	NORM
kharismanya	NORM
harga	O
mati..!!	O
Senyumnya...nyengirnya...gayanya	NORM
pas	O
di	O
panggung...	O

Menurur	NORM
saya	O
ada	O
tipe2	NORM
cara	O
untuk	O
mendidik	O
anak.	O
Ada	NORM
anak	O
yang	O
hanya	O
delikan	O
mata	O
bisa	O
tahu	O
kalo	NORM
dia	O
berbuat	O
salah	O

Dimana	NORM
tu	NORM
ka	NORM

Teh	NORM
rina	O
geulis	O
euyyyyy	NORM

Enak	NORM
tuch..	NORM

Kangeeeeeeeeennnnnnnn	NORM
kaliannnnnn	NORM
@aliandooo	NORM
@prillylatuconsina96	NORM
(7035)	O

Mau	NORM
tambah	O
tinggi,	O
Putih,	NORM
Bebas	NORM
Jerawat,	NORM
Langsing,	NORM
penggemuk	O
badan,	O
buat	O
kesehatan	O
lainnya	O
?	O
?	O
Vitamin	NORM
Mata	NORM
Minus,	NORM
Alat	NORM
Pembesar	NORM
&	O
Pengencang	NORM
Payudara	NORM
?	O
?????	O
ter	O
?????	O
Yuk	NORM
Konsultasikan	NORM
dgn	NORM
Consultant	NORM
Herbal	NORM
di@FARMASIHERBAL	NORM
?	O
Pin	NORM
:	O
D049B167	NORM
Wa	NORM
:	O
081321297275	O
LINE	NORM
:	O
@qcl5848n	NORM
ada	O
BPOM,	NORM
HALAL	NORM
MUI.	NORM
Herbal	NORM
100Alami.(HARGA	NORM
PROMO	NORM
DAN	NORM
FREE	NORM
ONGKIIR)	NORM

MEREKA	NORM
EMANG	NORM
PADA	NORM
JUAL	NORM
ALAT	NORM
PEMBESAR,	NORM
TAPI	NORM
EMANG	NORM
TAU	NORM
CARANYA?	NORM
JANGAN	NORM
SAMPE	NORM
BELI	NORM
ALATNYA	NORM
DI	NORM
TEMPAT	NORM
YANG	NORM
SALAH.	NORM
CUMA@DELTABREASTCARE	NORM
AHLINYA.	NORM
HARGA	NORM
LEBIH	NORM
MURAH	NORM
DARI	NORM
YANG	NORM
DIATAS.	NORM
BBM	NORM
5F645D8A	NORM

Pengen	NORM
ini	O
@gmaustofah	NORM

Mantabs	NORM

Thx	NORM
ya	O
ka	NORM
@natashawilona12	NORM
udh	NORM
rekomendasiin	NORM
produk	O
pemutih	O
kulit	O
di	O
@dr.ardian.fashion	NORM
kulit	O
tubuh	O
aku	O
lebih	O
putih	O
dalam	O
2	O
minggu,	O
aku	O
jd	NORM
gak	NORM
minder	O
lagi	O
:)	O

pengen	NORM
ketemu	O
sama	O
kk	NORM
@dewisandra	NORM
....	O
tapi	O
itu	O
mustahil...	O
gak	NORM
mungkin	O
bsa....	NORM
:(	O

Kok	NORM
kyk	NORM
tampangmu	O
jrnk	NORM
@jessica_riyanti	NORM

Aamiin	NORM
allahumma	O
aamiin	NORM

Biarpun	NORM
begitu	O
tetep	NORM
suka	O
deh	O

Sebenarnya	NORM
kmu	NORM
itu	O
asli	O
banjarmasin	O
bukn	NORM
sey	NORM

?!!	O
???	O
wkwk	O
baru	O
ngepoin	NORM
google	O
tentang	O
bigbang	O
?	O
ternyata	O
uuhh	NORM
...	O
@anisyardm	NORM

Kak	NORM
jessica	O
sebener'nya	O
agama'ny	NORM
apa	O
?	O
Kok	NORM
ada	O
yg	NORM
bilng	NORM
kak	O
jessica	O
kristen	O
tp,aq	NORM
gk	NORM
prcy	NORM
klw	NORM
kk	NORM
jsc	O
kristen	O
setauku	O
kk	NORM
jsc	O
org	NORM
islam?	O

@nitnot5917	NORM
ksukaanmuuu	NORM
nih	O

Mudah2n	NORM
istiqomah,	NORM
dan	O
jalan	O
itu	O
semakin	O
bercahaya	O

Pusing	NORM
dengan	O
kulit	O
kusam?	O
Pusing	NORM
karna	NORM
kurang	O
tinggi	O
badan	O
anda	O
sulit	O
pekerjaan?	O
Atau	NORM
ingin	O
berat	O
badan	O
ideal?	O
Temukan	NORM
rahasia	O
tubuh	O
ideal	O
para	O
artis2	NORM
indonesia	O
di	O
kami	O
ig@PERS.HERBAL	NORM
pin.bbm.com/D2403E47	NORM
.D2403E47	NORM
WA:	NORM
081224384206	O

?	O
Masih	NORM
ketergantungan	O
dgn	NORM
perawatan	O
kecantikan	O
yg	NORM
saat	O
ini	O
kamu	O
pakai,	O
pengen	NORM
lepas	O
tapi	O
takut	O
kusam	O
dan	O
rusak,	O
Cek	NORM
IG	NORM
kita	O
yuk	O
kakIG@FARMASIHERBAL	NORM
Pin	NORM
:	O
D049B167	NORM
Wa	NORM
:	O
081321297275	O
LINE	NORM
:	O
@qcl5848n	NORM
beralih	O
ke	O
Herbal	NORM
Alami,	NORM
tanpa	O
efek	O
samping,	O
tidak	O
ketergantungan	O
?	O
bebas	O
jerawat,	O
komedo,	O
flek	O
hitam,	O
putih	O
seluruh	O
tubuh.	O
TERBUKTI	NORM
!!!	O
?	O
Halal	NORM
MUI	NORM
dijamin	O
AMAN,	NORM
ada	O
BPOM.(HARGA	NORM
PROMO+FREE	NORM
ONGKIR	NORM
SELURUH	NORM
INDONESIA)	NORM

Beliiin	NORM
yaaah	NORM
hhehee	O
@suryanii19	NORM

Yuki	NORM
cntik	NORM
bgtt	NORM

cantikx....	NORM

semoga	O
langgeng	O
dan	O
bahagia	O
selalu	O
mba	NORM
#kd	NORM
...	O

Nangiiiiis	NORM
...	O
Bagus	NORM
sekali	O
tuh	O
anak	O
,	O
takut	O
dosa	O
....	O
makanya	O
nangiiis	NORM

Buahahaha	NORM
seperti	O
orang	O
lagi	O
boker	NORM

Naaaaahh	NORM
@dindamoe2th	NORM

@okidms	NORM
kuy	NORM

Ciusss	NORM
lucu	O
banget..palinf	NORM
fav	NORM
nih	O

Wih	NORM
Kezia	NORM
Knp	NORM
ad	NORM
Ko??	NORM
@kezia_utama15	NORM

Kyk	NORM
ariana	O
grande..cntiknya	NORM

Kereeen	NORM
banget	O
?	O

Bunda	NORM
cantikkk	NORM
bgttt....,?	NORM

Ni	NORM
dmna??	NORM
Mw	NORM
jg...	NORM

Ehhh	NORM
btw	O
tattoan	O
smua	NORM
gak	NORM
yaa.	NORM
Kl	NORM
yg	NORM
satu	O
g	NORM
bertatto	NORM
brrt	NORM
ak	NORM
suka	O
yg	NORM
itu.hehheeh	O

Cantikk	NORM
pake	NORM
bgt..	NORM

Aduh	NORM
ngmngin	NORM
logika,nabi	O
isa	O
juga	O
lahir	O
dr	NORM
maria	O
yg	NORM
perawan	O
,	O
logika	O
nya	O
dmn	NORM
tuch,nwkwkkwk	NORM

Itu	NORM
btulan	NORM
kha	NORM
kak	O
@prillylatuconsina96	NORM

Cantik	NORM
banget	O
tapi	O
lebih	O
cantik	O
lagi	O
kalau	O
kebaya	O
y	NORM
agak	O
nutupin	NORM
dada	O
dikit..?sukses	O
ya	O
untuk	O
your	O
family	O
semoga	O
always	O
healthy	O
and	O
long	O
life	O
amiin..	NORM

Hdk	NORM
ke	O
tempt	NORM
ny	NORM
kh	NORM
hdk	NORM
gayanya	O
haha	O
@tyafatyaa	NORM

Cuman	NORM
di	O
IG@LAPAK.DOKTER.HERBAL	NORM
/	O
kamu	O
bisa	O
dapetin	NORM
tips	O
tinggi,	O
langsing,	O
dan	O
putih	O
secara	O
alami,	O
masker	O
jerawat	O
dan	O
PROMO	NORM
ALAT	NORM
PEMBESAR	NORM
PAYUDARA	NORM
banyak	O
artis	O
yg	NORM
sudah	O
coba	O
loh	O
:D	O
Pin:	NORM
D221FC8D	NORM
Aman	NORM
bgt..	NORM
Ga	NORM
ada	O
efek	O
samping	O
dan	O
ketergantungan,	O
krn	NORM
produk	O
organik/alami.	O
Udah	NORM
dapat	O
sertifikat	O
BPOM	NORM
dan	O
Halal	NORM
MUI	NORM
juga	O
(y)	NORM
HARGA	NORM
paling	O
MURAH	NORM
D221FC8D	NORM
Ingin	NORM
tau	O
rahasia	O
cantik	O
dan	O
langsing	O
para	O
artis	O
dan	O
model2	NORM
ternama?	O
yuk	O
cek	O
ig@LAPAK.DOKTER.HERBAL	NORM
/	O
D221FC8D	NORM
Aman	NORM
bgt..	NORM
Ga	NORM
ada	O
efek	O
samping	O
dan	O
ketergantungan,	O
krn	NORM
produk	O
organik/alami.	O
Udah	NORM
dapat	O
sertifikat	O
BPOM	NORM
dan	O
Halal	NORM
MUI	NORM
juga	O
(y)	NORM
,	O
HARGA	NORM
paling	O
MURAH	NORM
/D221FC8D	NORM
/	O
WA:	NORM
087714743635	O

Subhanallah	NORM
bule	O
abeees	NORM

Iiiiiiiii?lucuuu	NORM
kaliiiiiii????	NORM

@vaaaasola8	NORM
yah	NORM
mending	O
putih	O
tulang	O
+	O
maroon	O

AAmiin	NORM
??	O
@odywoody	NORM

.tmbah	NORM
cntikk	NORM
kak	O
rin	O
pkee	NORM
hijabnya..	O
????@rinanose16	NORM

Aminn..	NORM
mba	NORM
jupe?	O
@juliaperrezz	NORM

???	O
k	NORM
aurel	O
bisa	O
sabar	O
y..aku	NORM
aja	NORM
gk	NORM

yang	O
menghina	O
belum	O
tentu	O
lbh	NORM
baik	O
drpada	NORM
yg	NORM
dihina	O

KAK	NORM
ICEEE	NORM
SECEPETNYA	NORM
KE	NORM
MAAKASSAR	NORM
WAJIIIB:(	NORM

Tp	NORM
ngak	NORM
apa2	NORM
kok	O
kak	O
jdi	NORM
kya	NORM
org	NORM
ambon	O
hitam	O
manis	O
hahaha!!!!!!????	O

Kepingin	NORM
nontonnnn	NORM

baru	O
rencana	O
aja	NORM
udh	NORM
seneng	NORM
gila,	O
hasilnya	O
dong	O
tunjukin	NORM
noh	O
kya	NORM
bandung.	O

Jan	NORM
dipotong	O
atuh,	O
cita	O
citaku	O
juga	O
jd	NORM
dokter	O
gigi	O

Ngegemesin	NORM
Gempi	NORM

Ngapain	NORM
aku	O
d	NORM
tag	O
ini	O
yang	O
@rezakusakti	NORM
?	O

Uhhh	NORM

@isafitriani	NORM
@nisaayuasmara	NORM
@unie_emilia	NORM
@nabilanatasya9	NORM
@sasmirayanti	NORM
mau	O
kalung	O
murah	O
&	O
cantik?	O
cek	O
ig	O
kita	O
yaaa??	NORM

Aku	NORM
bilang	O
k	NORM
Dewi	NORM
Sandra	NORM
itu	O
mirip	O
bgt	NORM
kyk	NORM
barbie...	O
beneraan.	NORM
cantiiik	NORM
bgtt...	NORM
:3	O
:3	O
:3	O

Cocok	NORM
bingittzz	NORM
ka	NORM
jesica	O
dgn	NORM
ka	NORM
al	O
???	O

Krenn	NORM
banget	O

@adissasauri	NORM
hahahaha!	O
Hmmm	NORM
gimana	NORM
yaa???	NORM

Ce	NORM
kalau	O
di	O
twitter	O
scrool	O
jgn	NORM
dalam	O
dalam	O
yaaa	NORM
hahaha	O
kasian	NORM
kamu	O
@yoeriche	NORM
??	O

si	NORM
chelsea	O
cantik	O
bngt	NORM
ya	O
@st_awaliyah	NORM

Bunda,	NORM
setelah	O
selesai	O
menyusui	O
biasanya	O
payudara	O
kita	O
akan	O
mengendur	O
dan	O
kurang	O
menarik	O
utk	NORM
itu	O
saya	O
mau	O
berbagi	O
pengalaman	O
nih	O
bunda	O
di@dr.inneke.sp.h	NORM
ada	O
alat	O
yang	O
namanya	O
M.H.C.A	NORM
yaitu	O
alat	O
PENGENCANG	NORM
DAN	NORM
PEMBESAR	NORM
PAYUDARA	NORM
bunda	O
mungkin	O
ingin	O
tampil	O
menarik	O
walau	O
pun	O
sudah	O
mempunyai	O
anak	O
begitu	O
juga	O
dngan	NORM
saya	O
bun,dan	O
dg	NORM
alat	O
tersebut	O
solusi	O
saya	O
teratasi	O
.bunda	O
mau	O
juga	O
???	O
invit	O
aja	NORM
5EACED78	NORM

Ya	NORM
alloh	NORM
lucunya	O
q	NORM
jdi	NORM
gemes	NORM
yakin	O

Hhhh	NORM
kekel	O
aq	NORM
guyu	O
hadeh	O
banget	O
mirip	O
nya	O
dul	O

Kok	NORM
bisa	O
yah	NORM
...??	O

ngakak	NORM
@nisatiani_27	NORM
@mayasaniah	NORM

Idolaku	NORM
tp	NORM
dlu	NORM
??	O

Sa	NORM
fea	O
anak	O
si	NORM
pembantu,,,,	O
gk	NORM
ada	O
muka"	NORM
juragan,	O
dr	NORM
kecil	O
dh	NORM
jlek	NORM
sma	NORM
ky	NORM
emaknya,,,,	O

Hair	NORM
goals	O
njir	NORM

Temenan	NORM
....?	O

Tdk	NORM
ada	O
yg	NORM
salah	O
atas	O
posting	O
mba	NORM
dewi,	O
tp	NORM
saya	O
mempertanyakan	O
komen2	NORM
yg	NORM
sebut	O
Tuhannya	NORM
dgn	NORM
berbeda2	NORM
pdhl	NORM
dlm	NORM
1	O
agama	O
yg	NORM
sama.	O
Tuhan	NORM
yesus,	O
Tuhan	NORM
Allah..yesus	NORM
adlh	NORM
Allah??	NORM
@chrystoruan	NORM

Lah	NORM
kan	O
situ	O
yg	NORM
bilang	O
stupid	O
ke	O
org	NORM
lain,...mkanya	NORM
jgn	NORM
suka	O
mulai	O
neng,...koreksi	O
dlu	NORM
sblm	NORM
komen	O
hay	NORM
@avry_sitohang	NORM
....mreka	NORM
sudah	O
bhagia	NORM
km	NORM
aja	NORM
yg	NORM
suka	O
korek2	NORM
aib	O
org	NORM
lain,.....apa	O
pngen	NORM
dipoligami	O
anang	O
yak?!...	NORM

Di	NORM
instagram	O
banyaaaak	NORM
banget	O
yang	O
jual	O
alat	O
pembesar	O
payudara	O
dengan	O
harga	O
murah,	O
tapi	O
apa	O
kalian	O
gak	NORM
takut	O
kualitasnya?	O
yuk	O
sama"	NORM
main	O
ke@DR.FIRZA_HEALTHY.HERBAL	NORM
dan	O
dapatkan	O
alat	O
pembesar	O
payudara	O
teknologi	O
jerman	O
+	O
titik	O
akupuntur	O
tiongkok	O
yang	O
harganya	O
masuk	O
akal?	O
BBM	NORM
:	O
D29B2BB8.	NORM

Hahaa	NORM
dasyat	NORM

Apikkkk	NORM
ma	NORM
@gysmayeyo	NORM
.	O
Ndang	NORM
golek	O
o	O
info	O

Benci	NORM
benci	O
kw	NORM
bilangg..	NORM
bisa	O
juga	O
yah	NORM
kw	NORM
punya	O
anak	O
dri	NORM
dy..	NORM
itu	O
pun	O
suami	O
org	NORM
..olllaalhahh..	O

Paling	NORM
suka	O
sm	NORM
foto	O
yg	NORM
ini,	O
anggun	O
banget	O
??	O

Kak	NORM
kapan	O
ada	O
chibi	O
di	O
super	O
family	O
100?	O
Soalnya	NORM
ak	NORM
barusan	O
lht	NORM
iklannya	O
di	O
antv	O
@yoeriche	NORM

Love	NORM
u	NORM
ka	NORM
??@chelseaislan	NORM

Waduhhh	NORM
..kasian	NORM
ya	O
org2	NORM
yg	NORM
ikut	O
campur	O
ursan	NORM
org	NORM
lain	O
.	O
dia	O
sudab	NORM
dwsa	NORM
dan	O
pnya	NORM
agma	NORM
pasti	O
dia	O
tau	O
ap	NORM
yg	NORM
baik	O
.	O
jd	NORM
jgn	NORM
rpt2	NORM
komen	O
sana	O
sini	O
.	O
sbr	NORM
aja	NORM
y	NORM
@marshanda99	NORM

Gemesss	NORM
wkwk	O

@virakysh	NORM
ntar	NORM
kita	O
bs	NORM
gini	NORM

Bangat	NORM
?	O
@nadyaronhaziza	NORM

Hahaaaaa	NORM
mff	NORM
y	NORM
al.q	NORM
jd	NORM
ktwa	NORM
pas	O
liat	NORM
fto	NORM
yg	NORM
ini..	O
yg	NORM
pke	NORM
rok	O
panjang	O
lucu	O
bngt,slh	NORM
kostum	O
x	NORM
yeee..	NORM
norak	O
abizzz.bnr2	NORM
malu2in	NORM
aj.beda	NORM
sm	NORM
bun	O
maia.elegan	O
cantik.yg	NORM
ini	O
mah	O
wkwkwkkkkk	O
bkin	NORM
ngakak.mff	NORM
y	NORM
all.q	NORM
trlalu	NORM
jjur	NORM
klo	NORM
ngmg.	NORM
@alghazali7	NORM

their	O
ways	O
to	NORM
keep	O
the	O
gold	O
a.k.a	NORM
nyari	NORM
sponsor	O
nyari	NORM
uang	O
cuy	O
huff	O
?	O
@ikasrnmrd	NORM

Comment	NORM
atas	O
gua	O
sok	O
suci..	O
lihat	O
fotonya...	O
ga	NORM
berhijab	O
juga.....	O
ga	NORM
usah	O
urus	O
prinadi	NORM
org	NORM
lahh	NORM

Gmpg	NORM
bgt	NORM
yg	NORM
bertato	O
@marcelchandra	NORM
yg	NORM
engk	NORM
br	NORM
mischa	O
yg	NORM
tengah	O
mah	O
gk	NORM
penting	O
????	O

@heyhanata	NORM
@bosmaltal	NORM
@rizqyajuwita	NORM
wiih	NORM
iyaa	NORM
demi	O
apaa	NORM
miriip	NORM
euy	O
?	O
wkwkwk	O

@syafiralubis	NORM
amiiinnn	NORM
yaa	NORM
Rabb,	NORM
thanks	O
dear	O

TOD	NORM
SI	NORM
ABANG	NORM
KE	NORM
BLITZ!	NORM
TUH	NORM
KAANNNN	NORM
@antoonei	NORM

Iyaa	NORM
ntar	NORM
dbuat	NORM
gituu?	NORM
@stfazrn	NORM

Yg	NORM
kiri	O
mischa	O
yg	NORM
kanan	O
marcel	O

Cantiik	NORM

Yg	NORM
kiri	O
ka	NORM
marcel	O
.	O
Org	NORM
itu	O
di	O
pungopg	O
kn	NORM
.	O
Ps	NORM
itu	O
jg	NORM
liat	NORM
kk	NORM
di	O
situ	O
abis	NORM
dri	NORM
pungpg	O
k.	NORM
Dllyst	NORM
kn	NORM
nongkrong	O
hee	O

Kalau	NORM
di	O
luar	O
negri	NORM
wisuda	O
gak	NORM
ada	O
yg	NORM
sanggulan	O
ya??	O
@yantiiyan	NORM
@retnorekso	NORM
@si_tia	NORM

Yok	NORM
suruh	O
buatin	NORM
gini	NORM
@dwizubir	NORM

Subahanallah	NORM
cantik	O
banhet	NORM

@nindya.auliya	NORM
??	O
pahala	O
ngalir	NORM
terus	O
yaa	NORM
meski	O
pernah	O
ngrusak	NORM
rumah	O
tangga	O
orang	O
,	O
merebut	O
kebahagiaan	O
bunmai	O
dan	O
anak2nya	NORM
,	O

Ini	NORM
yang	O
kemaren	NORM
di	O
expo	O
nih	O
kak	O
@vino69	NORM

Sebel	NORM
liat	NORM
ini	O
org	NORM
cocok	O
lah	O
sama	O
penggoda	O
kaya	NORM
mulan	O
jamela	O

Deuhh	NORM
foto	O
ramean	O
bolehlah	O
ya	O
foto	O
b2an	NORM
begini?	O
Project	NORM
si	NORM
project	O
tapi	O
teteplah	O
dihargain	NORM
itu	O
perasaan	O
nya	O
kan	O
yg	NORM
comment	O
jadi	O
engga"	NORM
soal	O
kalian,	O
coba	O
situ	O
yg	NORM
jadi	O
@zaskiasungkar15	NORM
,	O
plis	O
deh	O
@septriasaacha	NORM

Temen	NORM
tpa	O
qt	NORM
@purrihapsari	NORM

bagussss	NORM
bang	O
@aliandooo	NORM

Baru	NORM
15thn?	O
haha	O
gue	O
kira	O
udh	NORM
20an?	O

@sampoerno_	NORM
siapa	O
yg	NORM
suka	O
korek	O
aib	O
org?	NORM
Baca	NORM
dulu	O
dong	O
yg	NORM
jelas	O
itu	O
kan	O
w	NORM
ngebales	NORM
krna	NORM
dia	O
duluan	O
yg	NORM
menghujat	O
aurel.	O
W	NORM
sihh	NORM
gak	NORM
menghujat	O
kalo	NORM
w	NORM
ngomong	NORM
sesuai	O
FAKTA	NORM
alias	O
KENYATAAN.	NORM
Udahh	NORM
males	NORM
w	NORM
debat	O
sama	O
lo,	O
GAK	NORM
PENTING!!!!!!!	NORM

Ka	NORM
marcel	O
yg	NORM
lbh	NORM
tinggi	O

beli	O
ginian	NORM
buat	O
di	O
air	O
mahal	O
ga	NORM
ya?	O
@nfakhrotun	NORM

Bayangin	NORM
ami	O
begini	O
@stutmgstn	NORM
@seavhiradm	NORM

Terus	NORM
yng	NORM
ini	O
@sylviarivian	NORM

Jasa	NORM
desain	O
murah	O
tapi	O
ga	NORM
murahan	O
yuk	O
cek	O
ig	O
aku	O
!	O
Start	NORM
from	O
40k	O

Aamiin	NORM
ya	O
robb..	O

Yey	NORM
ulang	O
tahun	O
kak	O
marcel	O
sama	O
kayak	O
aku	O
loo	NORM
????	O
@marcelchandra	NORM
@mischach	NORM

@okta_oktaria	NORM
sm	NORM
tiffany	O
snsd.hehe	O

yup	NORM
aku	O
setuju	O
@intankumala.s1990	NORM
krn	NORM
sebenarnya	O
tdk	NORM
ada	O
bekas	O
ibu	O
n	NORM
bekas	O
anak,	O
mb	NORM
kd	O
tetaplaah	NORM
ibu	O
aurel	O
dan	O
surganya	O
ada	O
dtelapak	O
kaki	O
mb	NORM
kd.	O

Cantik	NORM
bgt	NORM
kak	O
@chelseaislan	NORM

kapan	O
yaaa	NORM
@santiaafriska18	NORM

@dianrisdiani21	NORM
iya	O
betul	O
mbg..	NORM
yang	O
jelas	O
kita	O
jangan	O
menghakimi	O
seseorang	O
sendiri..	O
kita	O
manusia	O
kan	O
juga	O
tidak	O
luput	O
dr	NORM
kesalahan...	O
menghujat	O
orangpun	O
gk	NORM
ada	O
manfaatnya	O
.	O
Jadi	NORM
ngomentnya	NORM
yang	O
sopan	O
n	NORM
bermanfaat	O
.	O

Aku	NORM
baru	O
ngeuh	NORM
klo	NORM
th	NORM
@rinanose16	NORM
telah	O
berhijab..selamat	O
teh	O
yaah..sama	NORM
kaya	NORM
Aku	NORM
juga	O
sedang	O
proses	O
pendeletan	O
..semoga	O
kita	O
berkumpul	O
nnti	NORM
d	NORM
surganya	O
Allah...	NORM

Pengen	NORM
duet	O
Tapi	NORM
kapan?	O

Aaamin	NORM

sia	O
anyeng	NORM
soakkkk	O
atuh	O

Beneran	NORM
mbk	NORM
kd	O
kyk	NORM
sm	NORM
nenek	O
nya..	O

Semoga	NORM
Allah	NORM
selalu	O
membimbing	O
dan	O
semoga	O
istiqomah	NORM
yaa	NORM
:-)	O
@rinanose16	NORM

Lucuuuuu	NORM
@lutfianurna	NORM

Subhanallah	NORM
teh	O
rina	O
cantiikkkk	NORM
bgttt	NORM
klo	NORM
mengenakan	O
hijab??Smga	NORM
setelah	O
teh	O
rina	O
mengenakan	O
hijab,smkin	NORM
bnyk	NORM
rezeki	O
buat	O
teteh	O
amiiiiinnn???	NORM

Sampe	NORM
nangis	NORM
liat	NORM
filmnya	O
@karinasalim	NORM

Kangen	NORM
sm	NORM
olga..met	NORM
jln	NORM
ka	NORM
olga	O

Kalo'	NORM
ngebales	NORM
ngetag	O
uname	O
mbak!!	O
Dripda	NORM
dikira	O
pengecut!!!	O
Btw,	NORM
lagian	O
emg	NORM
gue	O
pernah	O
bilang	O
kalo'	O
gue	O
gk	NORM
pernah	O
bangga2in	NORM
karya	O
indonesia??	O
Emg	NORM
klo'	NORM
suka	O
kpop	O
yg	NORM
dibnggain	NORM
cmn	NORM
kpop	O
doang	O
ya??	O
Kalo'	NORM
kyk	NORM
gitu	NORM
sekalian	O
aja	NORM
tinggal	O
di	O
korea?	O
wlaupun	NORM
gue	O
kpop,	O
gue	O
masih	O
bangga	O
dgn	NORM
karya	O
indonesia	O
yg	NORM
lain!!	O
Kyk	NORM
karyanya	O
maudy	O
ayunda,	O
agnez,raisa,isyana,dll.	O
Jadi	NORM
kalo'	O
nilai	O
ank	NORM
kpop	O
jgn	NORM
krn	NORM
idolnya	O
org	NORM
korea.	O
Tpi	NORM
ank	NORM
kpop	O
juga	O
bangga	O
sma	NORM
karya2	NORM
indonesia	O
yg	NORM
bukan	O
jiplak	O
an!!!	O
Dan	NORM
gk	NORM
semua	O
ank	NORM
kpop	O
gk	NORM
suka	O
dgn	NORM
karya2	NORM
indonesia!!	O
@herra09	NORM

Astagfirullah	NORM
segtu	NORM
ngebenci	NORM
kalian	O
sama	O
mulan..	O
hhmm	O
apa	O
untung	O
ny	NORM
coba?	O
?	O

Ya	NORM
Allah	NORM
kangen	O
sma	NORM
bang	O
Olga	NORM
???	O

Jekry	NORM
versi	O
indo	NORM
lah	O
ni	NORM
@eummutz	NORM
wkwk	O

Manisnyaaaa	NORM

Yang	NORM
kata	O
bg	NORM
rafly	O
aku	O
pnjual	NORM
tiket	O
terbanyak	O
,	O
plisee	O
follback	O
yh	NORM
kak	O
@marcelchandra	NORM

Kak	NORM
@bramastavrl	NORM
liat	NORM
dong	O
aku	O
ga	NORM
pendek	O
lagi	O
skrang	NORM
pake	NORM
produk	O
peninggi	O
badan	O
di@consultanthealty	NORM
tinggi	O
badan	O
aku	O
nambah	NORM
7cm	O
dalam	O
2	O
minggu,	O
yang	O
mba	NORM
saranin	NORM
kmarin	NORM
aku	O
jd	NORM
gak	NORM
minder	O
lg	NORM
??	O

Itu	NORM
bneran	NORM
suara	O
anjingnya,bkn	NORM
kyanya	NORM
tuh	O
@andria_riasih	NORM

Temen2.	NORM
Yang	NORM
mau	O
tau	O
harga	O
murah	O
dan	O
mudahnya	O
sewa	O
yicam	O
untuk	O
wilayah	O
surabaya	O
DM	NORM
ya.	O
Stock	NORM
msh	NORM
ready	O
5	O
unit?	O

Em	NORM
lairannya	NORM
sama	O
sama	O
cesar	O
sasa	O
hari	O
tanggal	O
cuma	O
beda	O
jmnya	NORM
ajha..	NORM
Bedanya	NORM
lagi	O
rafatar	O
(co)	NORM
anak	O
aris	O
dan	O
sahakila	O
(ce)	O
anak	O
orang	O
biasa..	O
15.8.15	O

Sabar	NORM
ya	O
kaka??	NORM

upin	O
ipin	O
luco	NORM
loh	O
hhe	O
@aurelie.hermansyah	NORM
@asha	NORM

@efendinurulhuda	NORM
plen	O
bhnya	NORM

@gede.sudarma	NORM
hey	O
ini	O
media	O
sosial	O
semua	O
orang	O
berhak	O
berpendapat	O
sama	O
sesuatu	O
hal,	O
kalau	O
pendapat	O
lo	O
beda	O
sm	NORM
gue,	O
itu	O
terserah	O
lo!!	O
ga	NORM
perlu	O
lo	O
mention	O
gue	O
supaya	O
pendapat	O
lo	O
di	O
bacaaaa!!!!!	NORM
mau	O
gw	NORM
berasumsi	O
kekk	NORM
jungkiir	NORM
balik	O
kekk,	NORM
ga	NORM
gunaa	NORM
lo	O
bales2in	NORM
komen	O
orangg!	NORM
kaya	NORM
ga	NORM
ada	O
kerjaan	NORM
laen	NORM
ajaa,	NORM
dan	O
yg	NORM
terakhir	O
nih	O
yaaaa..	NORM
itu	O
komen	O
dr	NORM
kapan	O
tauuuu,	NORM
lo	O
bls	NORM
baru	O
skg,	NORM
kaya	NORM
ga	NORM
sehat	O
yaa	NORM
hidup	O
lo!!!	O

Smoga	NORM
ttp	NORM
langgeng	O
till	O
jannah.	O
Aminn	NORM

Gw	NORM
liat	NORM
ada	O
yg	NORM
mirip	O
lw	NORM
di	O
york	O
kmaren,	NORM
70%	O
dah	NORM

Lebih	NORM
cocok	O
bertiga	O
aja	NORM
ka	NORM
dari	O
pada	O
berempat	O
?	O

Pacaran	NORM
geh	NORM
ma	NORM
janda	O

Dmana	NORM
ne	NORM
?	O
@vinastiara	NORM

Ummm	NORM
mauu	NORM
atuhhh	NORM
@znursyifa	NORM

15	O
taun	NORM
?	O
@krtkcndr	NORM
@tyrakrn_	NORM
@laksitawp_	NORM

Luan	NORM
lah	O
dekkk...@frisjuntak	NORM
???	O

Kapan	NORM
kuliahnya	O
dan	O
berapa	O
lama?	O
S1	NORM
kah?	O
Woww....aku	NORM
aja	NORM
yg	NORM
d3	O
lulus	O
ntar	NORM
pas	O
umur	O
21.	O
?????	O

Aurel	NORM
hatinya	O
baik	O
bgt...makanya	NORM
aura	O
wajah	O
aurel	O
cantik	O
bgt,	NORM
menerima	O
seorang	O
ibu	O
tiri	O
dg	NORM
tullus.	NORM
Suka	NORM
bgt	NORM
sm	NORM
pribadi	O
aurel.	O

Mirip	NORM
@elelrumi	NORM
dan	O
mirip	O
alm.nike	NORM
ardila	O

Cocokkkk	NORM
syekaliii	NORM

Kuci	NORM
kuci	O
ini	O
mksdku	NORM
@dennyprayitno	NORM

Inih	NORM
yg	NORM
asli	O
jahh...	O
Liat	NORM
tuhh	NORM
kecil	O
kan	O
*upss	O
wkwkwkkk	O
@amelyachristina	NORM

Eh	NORM
ini	O
yaa	NORM
the	O
freakss	O
yg	NORM
katanyaa	NORM
mvnya	O
plagiat	O
exo	O
mama?	O
?	O

Kangennn?nnmnnnnnnnnnnnnnnnnn	NORM
kaliannnnnm	NORM

GA	NORM
NYANGKA	NORM
BANGET	NORM
KEPUTUSAN	NORM
AKU	NORM
BUAT	NORM
BELI	NORM
ALAT	NORM
PEMBESAR	NORM
PAYUDARA	NORM
MHCA	NORM
DI@QUEEN_BEAUTY_NATURAL	NORM
SEBULAN	NORM
YANG	NORM
LALU	NORM
TERNYATA	NORM
JADI	NORM
KEPUTUSAN	NORM
YANG	NORM
PALING	NORM
TEPAT	NORM
!!	O
AWALNYA	NORM
SIH	NORM
AKU	NORM
RAGU	NORM
TAPI	NORM
TERNYATA	NORM
SETELAH	NORM
PAKE	NORM
SELAMA	NORM
30	O
HARI	NORM
AKU	NORM
UKUR	NORM
LAGI	NORM
PAYUDARA	NORM
AKU	NORM
YANG	NORM
TADINYA	NORM
32	O
SEKARANG	NORM
JADI	NORM
36B	NORM
BENERAN	NORM
SERIUS	NORM
DEH	NORM
!!!	O
KAMU	NORM
HARUS	NORM
COBA	NORM
JUGA	NORM
NIH	NORM
HUB	NORM
ADMINNYA	NORM
DI	NORM
BBM	NORM
PIN:	NORM
5D885B1C	NORM

@efendinurulhuda	NORM
wkwkkw	O
dlu	NORM
Aku	NORM
rjun	O
stkl	O
ini	O
a	O

Setuju	NORM
banget	O
sama	O
kata2	NORM
nya	O
kak	O
@marshanda99	NORM
kalau	O
kita	O
harus	O
intropeksi	O
diri	O
kita	O
sendiri	O
sebelum	O
men	O
judge	O
orang	O
lain....	O

Tau	NORM
dah	NORM
yg	NORM
ngepen	O
sma	NORM
sosiologi,	O
eh..	O
sosialita	O
haha	O
@topansupertramp	NORM

Kakak	NORM
meninggal	O
bertepatan	O
pada	O
rajanya	O
Hari	NORM
yaitu	O
di	O
hari	O
:-)	O
Jum'at	NORM
:)	O
masih	O
gak	NORM
percaya	O
kalo	NORM
kak	O
Yoga	NORM
pergi	O
ninggalin	NORM
dunia	O
hiburan	O
:'(	O

Kayak	NORM
bisa	O
beneran	NORM
ballet	O
aja	NORM

Kapan	NORM
sinetron	O
x	NORM
an	O
SB	NORM
tayang	O
?@dude2harlino	NORM
@ichasoebandono	NORM
kt	NORM
dah	NORM
kangen	O
bgt	NORM
nih	O
?	O

Cek	NORM
ig	O
aq	NORM
yuk	O
..sepatu	O
murah	O
&cantik..	O

@rivanyaayu_31	NORM
haha	O
berarti	O
anda	O
yg	NORM
salah	O
presepsi	O

Ameen	NORM

Happy	NORM
anniversary	O
yaaaa	NORM

Barber	NORM
Shop	NORM
Hnyar	NORM
nah	O
,	O
Ksini	NORM
kah	O
@yoga_lengo	NORM

Dul	NORM
jagain	NORM
bundanya	O
yahbh	NORM

READY?	NORM
?PENGHILANG	NORM
JERAWAT	NORM
?FLEK	NORM
HITAM	NORM
?PEMUTIH	NORM
BADAN	NORM
?PEMBESAR	NORM
PAYUDARA	NORM
??????	O
??????	O
HALAL	NORM
MUI	NORM
TERDAFTAR	NORM
DI	NORM
BPOM	NORM
,	O
PRODUK	NORM
GA	NORM
USAH	NORM
KUATIR	NORM
?	O
AMAN,	NORM
FOR	NORM
INFO	NORM
PROMO@HERBAL.DIGITAL	NORM
/	O
PIN	NORM
D2ACDC61	NORM
/	O
WA	NORM
085846101940	O
PROMO@HERBAL.DIGITAL	NORM
/	O
Pin	NORM
D2ACDC61	NORM
/	O
Wa	NORM
085846101940.	O
????	O
?????????????????????????	O

Aku	NORM
tauuu	NORM

Tapi	NORM
asli	O
kocak	O
bgt	NORM
mulan..	O
Pake	NORM
rok	O
bgtuu	NORM
apa	O
ga	NORM
ribet	O
yaa	NORM
?	O

@jesslynmercylia177	NORM
maap	NORM
ya	O
sosmed	O
yg	NORM
gk	NORM
d	NORM
private	O
cm	NORM
ig	O
and	O
twitter	O
hoho.	O
Follow	NORM
ga	NORM
twitter	O
ku??	O
@witri_gustiani	NORM
thank	O
you	O
kak	O
amin	O
moga	O
semakin	O
banyak	O
Twibi	NORM
Twiboy	NORM
yg	NORM
syg	NORM
Cherrybelle	NORM
selalu	O
hohoho	O
@yoericheofc_fc	NORM
kmrn	NORM
aja	NORM
wkt	NORM
d	NORM
malang	O
aku	O
ketemu	O
ama	NORM
imyoers	O
malang	O
yihaaa?	O

Intinya	NORM
semua	O
jng	NORM
sembarangan	O
ngumung	NORM
walau	O
berhijab	O

Baju	NORM
anak	O
koleksi	O
baru2.	NORM
Cek	NORM
ig	O
kita	O
ya	O

Cantik	NORM
nya	O
msh	NORM
kaya	NORM
dulu	O
aja	NORM

Emang	NORM
gt	NORM
dia	O
viii	O
ruuummm,	O
maapin	NORM
yak	NORM
kalo	NORM
dia	O
suka	O
ngebala??	NORM
@sorayess_	NORM
@arumsaric	NORM

Serem	NORM
tp	NORM
ttp	NORM
cantik	O

Ini	NORM
baru	O
bener	NORM
@nathania.valencia	NORM
@livia_margaretha11	NORM

@vienesayn	NORM
mirip	O
bgt	NORM
yaa..	NORM

Kami	NORM
menjual	O
bantal	O
foto	O
printing	O
full	O
color	O
dan	O
ga	NORM
gampang	O
luntur,	O
ada	O
GKM,	NORM
bando	O
TV/kipas	NORM
,	O
tas	O
foto..	O

Kangeenn	NORM
sama	O
alm	NORM
kak	O
olga..	O

Senengg	NORM
yaa	NORM
@stefannwilliam	NORM
goyang	O
bang	O
jalii	O
teruzzz	NORM
..	O

Kaka	NORM

Kapan	NORM
sitayngin	NORM
di	O
pantai	O
nya	O
@anugerahcinta_rcti	NORM

Klo	NORM
mischa	O
matanya	O
bule	O
bgt	NORM

Nah	NORM
ini	O
lucu	O
kalo	NORM
yg	NORM
bener2	NORM
polosan	O
ngerii	NORM
lucu	O
digambarin	NORM
hehehe	O
?	O
@nisvilailany	NORM

Sabar	NORM
terus	O
semangaatttt	NORM

Iya	NORM
ndak	NORM
pa2	NORM
kak	O
yang	O
penting	O
harus	O
maen	NORM
ke	O
lombok	O
pokoknya	O
:))	O
@karinasalim	NORM

Kalau	NORM
nambah	NORM
tua	O
emang	NORM
selalu	O
lupa	O
ya	O
?	O
@laurakennenbudi	NORM

Lucuuuu..	NORM
hahahaha	O

Hari	NORM
gini	NORM
kostum	O
ny	NORM
kayak	O
gituan??	NORM

@mutiahalidrus	NORM
@andi_febriani	NORM
hidup	O
itu	O
jgan	NORM
terlalu	O
serius	O
shayy,	NORM
sebentar	O
dilingkas	O
sebentar	O
di	O
karjo,	O
sebentar	O
di	O
selumit	O
,	O
sebentar	O
di	O
sebengkok	O
apa	O
sih	O
.	O
Hempas	NORM
datang	O
lagi	O
????	O
syantiek	NORM

Ngasih	NORM
buktinya	O
enak	O
banget@dr.asharisukma.herbal	NORM
?	O
langsing	O
dan	O
tinggi	O
bukan	O
lagi	O
impian,	O
jadi	O
kenyataan??	O
big	O
thanks	O
ya@dr.asharisukma.herbal	NORM
?	O

Niiiihh	NORM
sweeet	O
banget	O
wkwwks	O
@firmanandip	NORM

#cinta	NORM
cantik	O
bngt....	NORM

gue	O
kapan	O
gini	NORM
sama	O
chanyeol	O
we?	O
dan	O
lo	O
kapan	O
gini	NORM
sama	O
mingyu	O
we?	O
@vnkngl_27	NORM
dan	O
lo	O
kapan	O
balikan	O
sama	O
hans	O
we?	O
@indriani.merry	NORM

@bellahasan	NORM
hahahaha	O
lucu	O
amaattt,	NORM
nama	O
nya	O
jenaka	O
lucu	O
ye	O
kalo	NORM
anak	O
lo	O
namain	NORM
kocak	O
aje	NORM
be	O
haha	O

Lucu	NORM
bgt	NORM
@jscmila	NORM

hempaass	NORM
dtg	NORM
lagi	O
@saidakbaryazi21	NORM

Hasil	NORM
stalking	O
un	O
@tickatiqoush	NORM
,	O
pengeeenn.........	NORM

Nonton	NORM
aja	NORM
om	O
,	O
lucu	O
sama	O
org	NORM
kita	O
ini.pesen	NORM
aja	NORM
buat	O
kalian	O
semua,	O
jangan	O
sampai	O
gosong	O
tempe	O
di	O
atas	O
penggorengan	O
hanya	O
karna	NORM
sibuk	O
ngurusin	NORM
urusan	O
orang	O
.	O
Tetap	NORM
berkarya	O
kalian	O
anak	O
bangsa.	O
Thks	NORM
u	NORM
@mastercorbuzier	NORM

Kalo	NORM
cari	O
pembesar	O
dan	O
pengencang	O
payudara	O
yaa	NORM
ini	O
nih	O
solusinya@DR.FAUZI_HERBAL.THERAPY??	NORM
ukuran	O
punyaku	O
juga	O
udah	NORM
mulai	O
besar	O
loh?	O
aman	O
dan	O
terpercaya	O
deh	O
pokonya..	NORM
Yuk	NORM
add?D04E19DC	NORM

Amin....kan	NORM
sdh	NORM
tercapai	O
jadi	O
drg	O
nya	O
@odywoody	NORM

Happy	NORM
birthday	O
ka	NORM
@tulusm	NORM
idolaa	NORM
bangett???	NORM

Gila	NORM
cewenya	O
15	O
thn	NORM
ca??	O
@keishans_	NORM

cntikk	NORM
kak	O
@fatin30	NORM
??	O

BOSAAN????	NORM
DENGAN	NORM
PENAMPILAN	NORM
PAYUDARA	NORM
KAMU	NORM
YANG	NORM
KECIL	NORM
DAN	NORM
GITU2	NORM
AJA???	NORM
,	O
UDAH	NORM
PAKE	NORM
OBAT	NORM
DAN	NORM
ALAT	NORM
KMANA2	NORM
GAK	NORM
ADA	NORM
PERUBAHAN..	NORM
YUUK	NORM
SISTA	NORM
CEK	NORM
IG@QUEEN_BEAUTY_NATURAL	NORM
BBM	NORM
PIN:	NORM
5D885B1C.	NORM

@juliaperrezz	NORM
insyaa	O
Allah	NORM
bisa	O
mbak..	O
kita	O
ndak	NORM
tau	O
bgmna	NORM
nilai	O
ssorg	NORM
d	NORM
hdpn	NORM
Allah..	NORM
kalau	O
Allah	NORM
sayang	O
maka	O
Allah	NORM
terus	O
menunjukkan	O
jalan	O
mnuju	O
hidayah	O
tinggal	O
kita	O
yg	NORM
menyambut	O
hidayah	O
tsb..	NORM
Allah	NORM
sayang	O
dg	NORM
smua	NORM
hambaNya..	NORM
semangat	O
ya	O
mbakyuu..	O
semoga	O
segera	O
kukuh	O
niat	O
baiknya	O
?	O
mbak	O
@rinanose16	NORM
selamat	O
nggih..	O
semoga	O
semakin	O
mantap	O
berhijrahnya..	O
senang	O
liat	NORM
mbak	O
langsung	O
hapus	O
foto2	NORM
yg	NORM
terbuka	O
auratnya,	O
selamat	O
menikmati	O
proses	O
hijrah	O
yg	NORM
lezat	O
luar	O
biasa..	O
barakallaahu	O
fiikunna..	O
?	O

Wihhhhhh...	NORM

Lucu	NORM
bat	NORM
:D	O

Kak	NORM
salsha	O
sabar	O
yha	NORM
kak...	O

GALAU	NORM
DIPUTUSIN	NORM
PACAR	NORM
GARA2	NORM
KM	NORM
PENDEK?	NORM
GARA2	NORM
KAMU	NORM
HITAM?	NORM
GARA2	NORM
KAMU	NORM
GEMUK?	NORM
YUK	NORM
KONSULTASI	NORM
KE@HERBALCONSULTANT	NORM
|	O
TEMUKAN	NORM
RAHASIA	NORM
TUBUH	NORM
IDEAL	NORM
PARA	NORM
ARTIS	NORM
DISANA.	NORM
PIN	NORM
:	O
5CF3A833	NORM
WA:	NORM
082352735219	O

Only	NORM
today..get	O
special	O
proces	O
stp	NORM
penbelian	NORM
aksesoris	O
kalung	O
:)	O

Bang	NORM
ali	O
mau	O
item	O
manis	O
,	O
mau	O
putih.	O
Bang	NORM
ali	O
ttp	NORM
ganteng	O
dan	O
selalu	O
di	O
hati	O
qu......?	NORM

@caturjurgen	NORM
kuat	O
kam	NORM
liat	NORM
ini?	O

Nih	NORM
orang	O
engga	NORM
pernah	O
ikut	O
pramuka	O
kayanye	NORM
??	O
@dwijulistn	NORM
@riskameidakrismonika	NORM

Gingsungny	NORM
sma	NORM
kyk	NORM
aku@nabilahjkt48	NORM

ya	O
iya	O
paling	O
pas	O
sama	O
ariel	O
g	NORM
ada	O
yng	NORM
pas	O
ke	O
cuali	O
sama	O
arel	O
noah	O

Hay...	NORM
km...	NORM

Suka	NORM
bgt	NORM
liat	NORM
kak	O
@agnezmo	NORM
kyk	NORM
gini	NORM

Apa	NORM
ini	O
gara"	NORM
sehari	O
kak	O
prilly	O
ga	NORM
pake	NORM
shampoo	O
beauty	O
girl?	O

Ntr	NORM
ak	NORM
beliin	NORM
balonnya	O
aja	NORM
ya..@niongky	NORM

Ngk	NORM
jadi	O
ahh?	NORM
@nabilahandraa	NORM

Ini	NORM
akun	O
resmi	O
ofc	O
jkt48	O
bkn?	NORM

Masha	NORM
arsy	O
cantik	O
dan	O
luchu	NORM
pake	NORM
baju	O
masha	O

Udh	NORM
putus	O
ama	NORM
kak	O
wilona??	O
@vyanevertary_	NORM

beh	O
badai	O
bet	NORM
@dylaavels	NORM

@forever_lu2	NORM
kalo	NORM
sama	O
mbak	O
KD	NORM
lebih	O
banyak	O
Agnezmo	NORM
keriputnya,	O
Mbak	NORM
KD	NORM
masih	O
kenceng	NORM
kalo	NORM
ketawa	O
juga	O
mukanya	O

Kok	NORM
mirip	O
jangan2	NORM
kembar	O
?	O
mau	O
satu	O
dong	O
?	O

Keren	NORM
baget	NORM
kk	NORM

Dia	NORM
kok	O
matanya	O
ngikutin	NORM
aku	O
boo	O
?	O
@debyanjani	NORM

@ruthnancy96	NORM
yg	NORM
ga	NORM
punya	O
hati	O
itu	O
eloo.	NORM
Apa2nya	NORM
bukan	O
,	O
kenal	O
juga	O
nggak,	NORM
tapi	O
SOK	NORM
MENGHAKIMI	NORM
manusia.	O
Dasar	NORM
goblokkk.	NORM
Otak	NORM
sesatt,	NORM
hati	O
ibliss.	NORM
sok	O
taunya	O
uda	NORM
kayak	O
elo	NORM
pernah	O
jadi	O
babunya	O
dani	O
&	O
bunda	O
aje	NORM
?	O

???	O
pak	O
ahok,majuuu	NORM
teruuss?	NORM

Ya	NORM
aurly	O
suru	NORM
cari	O
pacar	O
sek	O
too	O
wkwkwk	O
@adhy.1993	NORM

@feliciarany	NORM
mana	O
bisaa	NORM
no	O
salt	O
no	O
ice.	O
Mati	NORM
lha	NORM

Mirip	NORM
bgtttt?	NORM

Kgeeeen	NORM

Intip	NORM
koleksi	O
choker2	NORM
kita	O
yuks!?	NORM
kita	O
memang	O
olshop	O
baru,	O
tp	NORM
kita	O
jujur??	O

Kakak	NORM
cantik	O
banget.	O
Kak	NORM
minta	NORM
donk	NORM
pin	O
bbm	O
nya	O

Selmt	NORM
taz	NORM
klhran	NORM
ank	NORM
pertma	NORM
ya	O
kk	NORM

Bagus	NORM
bngt	NORM
rambunya	O
jadi	O
keliatan	NORM
awet	O
muda	O
@dude2harlino	NORM

setuju	O
bgt	NORM
ma	NORM
captionnya	O
@marshanda99	NORM

Hey	NORM
kalian	O
mau	O
tau	O
produk	O
herbal	O
peninggi	O
badan	O
yg	NORM
lg	NORM
top	O
sekarang	O
?	O
cari	O
tau	O
skarang	NORM
juga	O
follow	O
ig@montirherbal	NORM
dan	O
INVITE	NORM
PIN	NORM
:	O
D098054A	NORM

Ngerrrriiii	NORM

pdhl	NORM
cantikan	O
berhijab..lebih	O
disayang	O
ALLAH	NORM
?...sayang	O
memilih	O
meninggalkan	O
perintah	O
ALLAH	NORM
?	O

love	O
u	NORM
cantiks	NORM
???	O

ini	O
akun	O
yg	NORM
bikin	O
si	NORM
jendess	NORM
@celine_evangelista	NORM
perasaan	O
dulu	O
waktu	O
sama	O
wilona	O
ga	NORM
se	O
alay	O
ini	O
dh...????	NORM

@oll_shop_sby	NORM
Yg	NORM
lbh	NORM
tinggi	O
kak	O
marcel	O
?	O

Adik	NORM
kakak'an	O
sama	O
chelsea	O
islan	O
cocok	O
bgt	NORM
mirippp	NORM
mukax	NORM
sama"	NORM
cute	O
cantik~~	O
@rrieschaicha	NORM

uuuuuaaaaaaaaaappppppppppiiiiiiiiiiiiiiiiiikkkkkkkkkkkkkkkk	NORM

Heii	NORM
kamu..	O
yg	NORM
diputusin	NORM
sama	O
pcrnya	NORM
gara2	NORM
kurang	O
tinggi.	O
nih	O
beauty.herbal.id	O
bisa	O
membantu	O
anda	O
!	O
saya	O
pun	O
nambah	NORM
tinggi	O
10cm	O
harga	O
lumayan	O
lah	O
karena	O
kualitas	O
tinggi	O
READY	NORM
STOCK	NORM
:	O
peninggi	O
,	O
pelangsing	O
,	O
penggemuk	O
,	O
pemutih	O
,	O
masker	O
jerawat	O
Langsung	NORM
invite	O
pin	O
bbm	O
:	O
D201CCE7	NORM

Coxok	NORM
bgt	NORM
kak	O
@audimarissa	NORM
&	O
kak	O
@billydavidson_	NORM

@naomistella	NORM
sellow	NORM
dong	O
mbak.	O
Baru	NORM
juga	O
sekali	O
ini	O
saya	O
komen	O
idup	NORM
orang	O
krn	NORM
saking	O
prihatinnya	O
hahaha.	O
Intropeksi	NORM
diri	O
dulu	O
ya	O
mbak	O
sapa	O
sbbrnya	NORM
yg	NORM
suka	O
idup	NORM
org	NORM
hahaha	O

Subhanallah	NORM
...	O
Ka	NORM
cinta	O
bener"	NORM
cantik	O
banget	O
kalau	O
pake	NORM
jilbab	O

Ia	NORM
ini	O
pritt	O
@goprittz	NORM
,	O
sebelum	O
qta	NORM
ke	O
jogja	O
gw	NORM
peen	NORM
tag	O
in	NORM
ini	O
ke	O
lw.	NORM
Gga	NORM
sabar	O
buat	O
nunggu	NORM
sekuel	O
nya	O
yaah..	NORM

Ya	NORM
allah	O
kngenn	NORM
bngett	NORM

yg	NORM
booth	O
nya	O
di	O
tengah	O
n	NORM
rame	O
y?	NORM
wo	O
nya	O
yg	NORM
emejing	O
si	NORM
mel	O
big	O
enterprise	O
@erfasarimelati	NORM

Lu	NORM
boleh	O
sombong	O
klo	NORM
lu	O
gn	NORM
@kazuaenima	NORM

??GELISAH,	NORM
KEPIKIRAN,	NORM
STEESS,	NORM
JENUH	NORM
gara"	NORM
tak	O
punya	O
momongan,	O
..!!??	O
Jngan	NORM
kwatir	NORM
kami	O
punya	O
solusinya..?	O
DAN	NORM
Mengatasi	NORM
:	O
Kista,	NORM
Miom,	NORM
Penyumbatan	NORM
Tuba,	NORM
Pcos,	NORM
Troch,	NORM
Oligosperma,	NORM
Astheno,	NORM
dll.????	O

@sandrigani	NORM
@faramihta	NORM
@tia_rafebrina	NORM
ini	O
lengkap	O
ny	NORM
???	O

@heni.hasibuan	NORM
ngefans	NORM
ma	NORM
om	O
nicholas	O
dah	NORM
lama	O

Rinduuuuuuuuuu	NORM
@prillylatuconsina96	NORM
@aliandooo	NORM

Kak	NORM
kamu	O
cantik	O
dh	NORM

Bah!	NORM
Jorookknya	NORM
haha	O

Gilaaaaaa	NORM
kamu	O
aja	NORM
duluan	O
nanti	O
aku	O
yah	NORM
@lusiana_bolus	NORM
???	O

Ya	NORM
allah	O
kangen	O
bangat	NORM
dgn	NORM
kalian...	O
kapan	O
ya	O
berkumpul	O
lagi	O

Lawaaaas	NORM

@jscmila	NORM
bangga	O
punya	O
idola	O
seperti	O
kamu	O
kak,yang	O
selalu	O
sabar	O
hadapin	NORM
haters,,,pokoknya	O
buat	O
kak	O
@jscmila	NORM
jangan	O
pernah	O
dengarin	NORM
haters	O
kak,,,.masih	O
banyak	O
kok	O
yg	NORM
sayang	O
sama	O
kaka,,JMunity	NORM
selalu	O
ada	O
buat	O
kaka	NORM

Kenapa	NORM
kamu	O
lepasin	NORM
jilbab	O
kamu	O

Apa	NORM
yg	NORM
selalu	O
buat	O
hati	O
kamu	O
seneng???	NORM
Dan	NORM
apa	O
juga	O
yg	NORM
kqmu	NORM
banggain	NORM
dari	O
mama	O
papa	O
kamu	O
naura?	O
mohon	O
jawab	O
ok	O

aplikasi	O
ap	NORM
tu	NORM

@princesscia	NORM
iya	O
say...	NORM
tp	NORM
lihat	O
keadaannya	O
yg	NORM
sekarng	NORM
mb	NORM
@mulanjameela1	NORM
ma	NORM
mbk	NORM
@maiaestiantyreal	NORM
jd	NORM
kangen	O
bgt	NORM
ma	NORM
duo	O
ratu..	O
saya	O
sbg	NORM
fans	NORM
beratnya	O
ratu	O
ga	NORM
mau	O
mmbela	NORM
mb	NORM
mulan	O
ataupun	O
mb	NORM
maia..apapun	O
mslhnya	NORM
hnya	NORM
mereka	O
dan	O
allahlah	O
yg	NORM
tau	O
biar	O
diselesaikan	O
dgn	NORM
cara	O
mereka	O
sndri..	NORM

Kelincinya	NORM
kaka	NORM
unyuu	NORM
lo	O
hehehe	O

Kitaa...	NORM
@lintadwiwardani	NORM
@hannitsaaqi	NORM
@dinanurrizkiana	NORM
@aryanti.rina	NORM
???	O

Hidupppp	NORM
ngapak	O

Aku	NORM
udah	NORM
ngescreenshot	O
ini	O
lama	O
bgt	NORM
padahal	O
wkwk	O
@ayichanja	NORM

Sayangkuuuuu	NORM
kakakuuu	NORM
@maudyayunda	NORM

Iiihhhhh	NORM
gokil	NORM
kak	O
sule..muka_nya	O
nyolotinnnn	NORM
ckckckckc	O
ngeFANS	NORM
beratttttttt	NORM

Yokkk	NORM
buat	O
@salsa_nafita	NORM
@ersakusumara	NORM

Di	NORM
antara	O
77	O
korban	O
AIRASIA	NORM
yg	NORM
warga	O
Surabaya,	NORM
6	O
orang	O
(	O
5	O
dewasa,	O
1	O
anak	O
SD,	NORM
dalam	O
1	O
keluarga)	O
adalah	O
tetangga	O
saya,	O
Semoga	NORM
arwah	O
mereka	O
semua	O
diterima	O
dgn	NORM
baik	O
di	O
sisi	O
Tuhan,,	NORM
Amin	NORM

cantikk	NORM
tehh	NORM
?	O

Verrell	NORM
ko	NORM
ga	NORM
ada	O
foto	O
sama	O
wilona,	O
verrell	O
cocokan	O
sama	O
wilona	O
dri	NORM
pada	O
nasya	O
kata	O
gua	O
ya.	O

Inia	NORM
lho	O
cantik	O
indonesia?	O

@dhisavalen	NORM
yaaa	NORM
sayangg''	O
suatu	O
saat	O
nantii.	NORM
Amin	NORM
aminnnn	NORM

Gubernur	NORM
jawa	O
barat	O
bukannya	O
dr	NORM
partai	O
korupsi	O
sapi?	O

?????????	O
?????	O
makin	O
cantik	O
bingit	NORM
teh	O
rina	O
mah	O

Salah	NORM
pake	NORM
kostom	NORM
loo	NORM
muljampeyot??	O

Jilbabnya	NORM
diapain	NORM
kak?	O

Minta	NORM
anterin	NORM
ke	O
tng	O
mau	O
gak	NORM
ya	O
doi?	O
@cantikarahayu	NORM

@istiqamahpaey	NORM
td	NORM
malam	O
kaya	NORM
begini	O
???	O

@twibiid_	NORM
sabar	O
dong	O
min	O
heehehe	O
mangkanya	O
trs	NORM
ikutin	NORM
update	O
nya	O
jdwl	NORM
kita	O
yaaa	NORM

Ngomong	NORM
ape	NORM
lo	O
nyet?	NORM
@queenshop	NORM

Ya	NORM
allah	O
sedih	O
bgtttt	NORM

Eehhh	NORM
ja	NORM
romantis	O
@febrihasudungan	NORM

Kaka	NORM
gita	O
cantikk	NORM
bangeet...???	NORM

Woow	NORM

duh	O
cntik	NORM
bngt	NORM
happy	O
birthday	O
ya	O
...	O

Ka	NORM
olga	O
kangeeeeennn	NORM

@firdarizkyaa	NORM
lucuuu??	NORM

Tahun	NORM
dpn	NORM
pi	NORM
tu	NORM
iya	O
ti	O
@rihahchan	NORM

Liattt!!	NORM
Triplets	NORM
masih	O
unyu	O
lucu	O
bangeettt	NORM
gemesshh??	NORM
@defierfatimah	NORM

Keren	NORM
bgt	NORM
dekornya,	O
pingin	NORM

Lo	NORM
mamer	NORM
aurat	O
lebih	O
dosa	O
keles	NORM

Seneng	NORM
banget	O
sama	O
pasangan	O
ini,@ichasoebandono	NORM
sopan	O
banget	O
ke	O
suami	O
manggil	O
ke	O
@dude_harlino	NORM
juga	O
adem	O
dengan	O
sebutan	O
kaka...	NORM

Ihhh	NORM
ada	O
jamelontehhh	O
dasar	O
perek	O
ema	NORM
nya	O
jamelonte	O
mungkin	O
perek	O
makanya	O
si	NORM
jamelonte	O
nya	O
perek	O
dasar	O
mulan	O
perek.liat	NORM
aja	NORM
gayany	NORM
engk	NORM
bgt	NORM

Aplikasi	NORM
apa	O
kk???	NORM
@jscmila	NORM

Hahahah	NORM
lol	O
efek	O
nya	O
gagal	O
astagaa	NORM
ke	O
waktu	O
itu	O
w	NORM
bikin	O
ancurrr??	NORM

Ya	NORM
alloh	NORM
cantik	O
pisan	O
ihh???	NORM

@michellee_ren	NORM
nyari	NORM
yg	NORM
model	O
bgini	NORM
dimana	O
ya?	O

@herahumairah	NORM
aminnnn	NORM
yaAllah	NORM
???	O

Alisnya	NORM
g	NORM
dicukur	O
kok	O
tetep	NORM
cantik	O
bangeeettt	NORM

Emngnya	NORM
kak	O
Mila	NORM
Islam?	NORM

Menghargai	NORM
nya	O
saja	O
jadi	O
di	O
posting	O
foto	O
ini,	O
kurus	O
banget	O
udah	NORM
kagak	O
ada	O
aura	O
banget,..	O
Kasian	NORM
banget	O
kayak	O
tertekan..	O

sabar	O
ya	O
ka	NORM
sal,	O
@salshabillaadr	NORM
iya	O
gak	NORM
ka	NORM
@_dumaii	NORM

wajah	O
nya	O
@julstelle	NORM
klasik	O
sekali...	O
suka	O
liat	NORM
nya	O
ga	NORM
bosan..	O

Rindu	NORM
sekangen	O
kangeeeeeeeenya	NORM
sm	NORM
olga	O
saputra	O

Kak	NORM
cantik	O
banget	O
sich	NORM

Alhamdulillah	NORM
ka	NORM
yukiiiii	O
asli	O
beautiful	O
face	O
banget,	O
inerbeautynya	O
keluar	O
banget,	O
ahhhh	NORM
cocok	O
banget	O
pokoknya	O
pake	NORM
jilbab,	O
aku	O
mendungkungmu	O
kak	O
*yuhuuuu	O
@yukikt	NORM

Cantik	NORM
banget	O
sih	O
nagita	O
aku	O
pengen	NORM
deh	O

Proud	NORM
bgt	NORM
deh	O
sm	NORM
teh	O
rina??	O

Diliat	NORM
dr	NORM
penonton,	O
Misya	NORM
kiri,	O
marcel	O
kanan.	O
Ak	NORM
mah	O
apal	NORM

Cantik	NORM
bunda...	O
Rahasia	NORM
nya	O
apa	O
biar	O
tetep	NORM
cantik	O
awet	O
mudaa	NORM

Manteep	NORM
@jezzy.oktavia	NORM

Awesome,	NORM
lain	O
dari	O
pada	O
yg	NORM
lain..	O
Creative	NORM

Bunda	NORM
cantikkkm	NORM
bangett	NORM
parahh	NORM

Tapi	NORM
emg	NORM
mirip	O
oma2?	NORM
@yugimellasih	NORM

Selalu	NORM
buat	O
iri	O
iya	O
gak	NORM
@nissanaflah	NORM
@ryn_raizel	NORM
@irma_syah10	NORM
..	O

Arsitek.	NORM
Yg	NORM
difoto	O
bangunan	O
dan	O
nyeniii	NORM
bget.	NORM
:)	O

Huahahahhahahahahahahaha	NORM
......	O
saket	O
perutku	O
ketawakkkk	NORM
@ayundadharmawan	NORM

China	NORM
banjar	O
nah	O
ce,,	O
tanteny	NORM
segereja	O
sm	NORM
ce	O
Oliv	NORM
di	O
Bethany	NORM
@elisabethoct_	NORM

Lucuu	NORM

Si	NORM
adek	O
lagi	O
usaha	O
mancungin	NORM
idung	NORM
?	O

Cocok	NORM
bngt	NORM
?	O

Kkak	NORM
dari	O
banjarmasin	O
ya	O

caption'e	O
lucuuu	NORM
?hhhh	O

Lagu	NORM
kesukaan	O
aq	NORM
banget	O
@ariel_nazril_irham	NORM

Kngen	NORM
Fillm	NORM
bulan	O
bintang	O

Bener2	NORM
idoolaaa	NORM

Hidup	NORM
bunda#maiaestiantyreal	NORM
love	O
u	NORM
bunda?????	O
alami	O
dan	O
asli	O
nggk	NORM
seperti	O
#mulanjameela	NORM
hidung	O
pesek	O
mancung	O
bikinan	O
kebukti	NORM
anak2e	NORM
pesek	O
Kabeh	NORM
hidunge	O

AAAAMMMIIIINNNN..	NORM
Dtnggu	NORM
yah	NORM
ceh:))	O
happy	O
birthdaaay	O
cehhh	O
sekali	O
lagi!	O
Wish	NORM
you	O
all	O
the	O
best	O
jbu	O
@yoeriche	NORM

@kanadeva**	NORM
namany	NORM
gk	NORM
jels	NORM
bgt	NORM
...itulah	O
kekurangan	O
kita	O
saat	O
ini	O
saling	O
menjatuhkan	O
sampai	O
kita	O
tdk	NORM
bisa	O
melihat	O
kebaikan	O
dn	NORM
kebenaran	O
diakibtkn	NORM
iri	O
dengki	O
..biarlah	O
haters	O
itu	O
..	O
Gk	NORM
ad	NORM
kerjaan	NORM
emng	NORM
suk	NORM
jelek2	NORM
in	NORM
.	O
emng	NORM
dsrny	NORM
dia	O
ny	NORM
nol	O
besar	O
.	O
walaupun	O
sy	NORM
bukan	O
warga	O
DKI	NORM
jkrta	NORM
bahkan	O
Jabar	NORM
.	O
St	NORM
tetap	O
tau	O
mna	NORM
kinerja	O
yg	NORM
baik	O
.	O
selamat	O
buat	O
Ahok	NORM
.dn	NORM
presiden	O
kita	O
Jokowi.	NORM
Pembangun	NORM
an	O
sdh	NORM
nampak	NORM

Ini	NORM
namanya	O
kembar	O
3.	O
Mirip	NORM
bgt	NORM

Didik	NORM
sendiri	O
aja	NORM
kanal	O
anak	O
anda	O
gk	NORM
bol3h	NORM
dicubit	O
kalau	O
nakal.	O
Jaman	NORM
sekolah	O
saya	O
dulu	O
di	NORM
cubit	NORM
dipukul	NORM
pake	NORM
roll	NORM
gak	NORM
ada	NORM
org	NORM
tua	NORM
saya	NORM
ngadu	NORM
kepolisi	NORM
malah	O
kalau	O
ketauan	NORM
ma	NORM
org	NORM
tua	O
malah	O
tambah	O
dimarahin	NORM
lagi..jaman	O
sekarang	O
terlalu	O
manjain	NORM
anak	O
org	NORM
tua	O
sendiri	O
berani	O
dilawan..	O

Cantik	NORM
banget	O
lohhh,sumpah!!???	NORM
@rinanose16	NORM

??	O
waktu	O
itu	O
sempat	O
minder	O
gara"	NORM
ukuran	O
payudara	O
ku	O
yg	NORM
kecil	O
tapi	O
sekarang	O
setelah	O
coba	O
alat	O
canggih	O
di@Beauty_health.store	NORM
??	O
MHCA	NORM
untuk	O
memperbesar	O
&	O
mengencangkan	O
payudara	O
benar"	NORM
terbukti	O
hasilny@Beauty_health.store	NORM
??gratis	O
ongkos	O
kirim,	O
aman	O
&	O
terpercaya	O
nih	O
pinnya	O
D2B8O63E	NORM
????	O

SETELAH	NORM
AKU	NORM
KONSULTASI	NORM
SAMA@CARASEHATID	NORM
SEKARANG	NORM
KEPUTIHAN	NORM
AKU	NORM
UDAH	NORM
ENGGA	NORM
ADA	NORM
,	O
POKONYA	NORM
BEST	NORM
BANGET	NORM
DEH	NORM
PRODAKNYA	NORM
AMAN	NORM
BGT..	NORM
GA	NORM
ADA	NORM
EFEK	NORM
SAMPING	NORM
DAN	NORM
KETERGANTUNGAN,	NORM
KRN	NORM
PRODUK	NORM
ORGANIK/ALAMI.	NORM
UDAH	NORM
DAPAT	NORM
SERTIFIKAT	NORM
BPOM	NORM
DAN	NORM
HALAL	NORM
MUI	NORM
JUGA	NORM
(Y)	NORM
BBM	NORM
5FB2512C.	NORM

Ammiiin	NORM

Elmo	NORM
donk	NORM
arsy	O
tema	O
nya	O
@aurelie.hermansyah	NORM

Haters	NORM
mulan	O
bilang	O
maia	O
lebih	O
cantik	O
dari	O
mulan,nah	O
kalo	NORM
maia	O
lbh	NORM
cantik	O
dri	NORM
mulan	O
knp	NORM
seorang	O
ahmad	O
dhani	O
ceraikan	O
maia	O
dan	O
nikahi	O
mulan?	O
Yg	NORM
idiot	O
haters	O
mulan	O
apa	O
ahmad	O
dhani?	O
@mastercorbuzier	NORM

Aaaaaaaa	NORM
??????	O
aktor	O
dan	O
artis	O
yg	NORM
pertama	O
kali	O
ane	O
fans	NORM
nii	NORM
waktu	O
jaman	O
ny	NORM
msih	NORM
sekolah	O
SMP	NORM
,kka	NORM
@csugiono	NORM
@titi_kamall	NORM
lofyu	O
lofyuuu	O
dah	NORM
jgn	NORM
berantem	O
yak	NORM
ttep	NORM
sperti	NORM
ini	O
yg	NORM
jrang	NORM
msuk	NORM
di	O
berita	O
gossip2.an	NORM
???	O

Liat	NORM
loh	O
uwakk	NORM
@graciags	NORM

Princess	NORM
yasmin	O
yg	NORM
dari	O
disney	O
aja,	NORM
pake	NORM
baju	O
ala	O
ke-arab2	NORM
an	O
gitu	NORM
dan	O
tema	O
istananya	O
kaya	NORM
di	O
film	O
aladin	O
pasti	O
lucu	O
deh,	O
kan	O
cocok	O
sm	NORM
muka	O
arsy	O
yg	NORM
mirip	O
arab2	NORM
gitu.	NORM
Unik	NORM
juga,	O
kl	NORM
karakter	O
princess	O
lain	O
udah	NORM
banyak	O
yg	NORM
pernah	O
pake.	NORM

Mnisss	NORM

@angga_fabiyan	NORM
tega	O
u?	NORM
Nenek	NORM
moyang	O
loe	NORM
gua	O
makan?	O
Haha..	NORM

@talithaimanuella	NORM
kalo	NORM
ketuker	NORM
gmana?	NORM
???	O

Jelas"	NORM
itu	O
cow	NORM
kayax	NORM
km	NORM
@hakimjailz	NORM

Lgi	NORM
ngapain	NORM
tuh...	O
?kya	NORM
orang	O
gx	NORM
waras...	O
haha	O
lucu	O
lu	O
bos...??	O

Dan	NORM
satu	O
hal	O
ngmngin	NORM
logika,berarti	O
isa	O
gak	NORM
berlogika	O
tu,lahir	NORM
dr	NORM
mariyam	O
,	O
n	NORM
mariyam	O
nya	O
perawan	O

Agama	NORM
aja	NORM
didebatkan	O
mending	O
perbaikin	NORM
dan	O
koreksi	O
diri	O
sikap	O
supaya	O
jadi	O
lebih	O
baik.	O
Seram	NORM
sekali	O

oalah	O
si	NORM
abigail	O
ngikutin	NORM
dia	O
tis	O
hahahah	O
@mijtrisha	NORM

Pas	NORM
di	O
bali	O
ya	O
kakk?	NORM
ke	O
bali	O
lagi	O
dongg??????	NORM
@salshabillaadr	NORM

Atutt	NORM
wkwk	O
@livia_margaretha11	NORM

Pgn	NORM
cium	O
pipi	O
mika	O
,,	O
salaam	NORM
buat	O
mika	O
y	NORM
kakk	NORM

Filmnya	NORM
keren	O
banget	O
kak,	O
kaka	NORM
cantik	O
bgt,	NORM
filmnya	O
memotivasi,lucuuuu	NORM
bgt,terharu	NORM
dll	O
kak???	O

@ralineshah	NORM
kak	O
,	O
seungri	O
oppa	O
gimana	NORM
orangnya	O
asik	O
gak	NORM
,	O
baik	O
gak	NORM
.	O
Hehe	NORM

TUH	NORM
KAN	NORM
MEREKA	NORM
PADA	NORM
JUAL	NORM
ALAT	NORM
PEMBESAR,	NORM
TAPI	NORM
YANG	NORM
TERBUKTI	NORM
TETEP	NORM
CUMA	NORM
ALAT	NORM
DARI@KAWASAN.SEHAT	NORM
BBM	NORM
D0DAC374	NORM
WA:	NORM
+6287822104572	O
#AWASBARANGPALSU	NORM

Febhi	NORM
yanckh	NORM
chelalyyu	NORM
therchakitty	NORM
@juvinkainka	NORM

Muak	NORM
pulak	NORM
isi	O
notif	O
asik	O
nengok	NORM
muka	O
jessica	O
mila	O
terus	O
!	O
Bante	NORM
la	NORM
,	O
mau	O
ngomong	NORM
apa	O
..	O
Aku	NORM
muak	O
liat	NORM
foto	O
nya	O
hahahaha	O

pengen	NORM
nyanyi	O
juga	O
mas	O
Seungri,,	NORM
@atinwidha	NORM

kak	O
gigi	O
tu	NORM
cantik	O
ap	NORM
ada	O
nya	O
..walaupun	O
badan	O
nya	O
kk	NORM
gigi	O
agak	O
brisi	NORM
tp	NORM
ttp	NORM
kk	NORM
gigi	O
cntik	NORM
ap	NORM
ada	O
nya	O
.	O
ga	NORM
pake	NORM
make	NORM
up	O
aja	NORM
cantik	O
loo..	NORM
kk	NORM
gigi	O
the	O
best	O
laa	NORM
pkoknya	NORM

bagiii	NORM
@amalio_a	NORM

@rusydinajib	NORM
emg	NORM
kemplu	O

Bagusss,	NORM
bangat	NORM
@julstelle	NORM

Lebih	NORM
tepatnya	O
ngayal	NORM
@mochfh	NORM

Kapan	NORM
lagi	O
punya	O
karpet	O
motif	O
yg	NORM
sesuai	O
keinginan	O
kamu.	O
Order	NORM
yuk.	O

Hidup	NORM
jangan	O
terlalu	O
serius	O
shaaaay	NORM
@betgprm	NORM

Alhamdulillah	NORM
teteh..	O
?	O
senang	O
liat	NORM
teteh	O
udah	NORM
mnutup	NORM
auratnya..	O
Semoga	NORM
selalu	O
istiqomah	NORM
ya	O
teh..	O
Insyaallah	NORM
Secepatnya	NORM
dipertemukan	O
dengan	O
jodoh	O
yg	NORM
baik	O
pula	O
?	O

subhannallah,cantik,segerr	NORM
seperti	O
buah	O
ranum.	O

Para	NORM
pekerja	O
kerass	NORM
?????	O

Wah	NORM
20th	O
udh	NORM
jd	NORM
drg,	O
20th	O
msh	NORM
smster	NORM
4	O
@anikaindah22	NORM
@ahadaov	NORM

Biarkan	NORM
saja	O
mereka	O
berbicara	O
apa?	O
Toh	NORM
kalian	O
engga	NORM
minta	NORM
makan,	O
dan	O
engga	NORM
bikin	O
ribet	O
orang,	O
namanya	O
juga	O
Haters	NORM
dia	O
selalu	O
iri	O
sma	NORM
orang	O
yg	NORM
mempunyai	O
segalanya,	O
jadi	O
hiduplah	O
sebagaimananya	O

Kita	NORM
liht	NORM
aj	NORM
y	NORM
klo	NORM
suaminy	NORM
skrg	NORM
tidak	O
selalu	O
sukses	O
terus,apakah	O
msh	NORM
setia	O
atau	O
kembali	O
selingkuh.....	O
Dulu	NORM
kn	NORM
sm	NORM
tohpati..	O

Pengen	NORM
dh	NORM
kesana	O

Lucu	NORM
bingit	NORM

Ayoookkkkkk	NORM
bgt	NORM
@mercyanafriska	NORM

lucukkkkk	NORM

Iye	NORM
betul	O
bunda	O
maia...ada	O
yg	NORM
lg	NORM
drama	O
cari	O
perhatian	O
hehe...basi"..	NORM
dlu	NORM
drama	O
skrg	NORM
drama..masyarakat	O
indo	NORM
jg	NORM
tau...sapa	O
yg	NORM
suka	O
bo'ong	NORM
dri	NORM
dlu..sapa	NORM
lg	NORM
klo	NORM
bkn	NORM
nyai	O
cireng...hahaii...	O

Masya	NORM
awoohhh	NORM

Mau	NORM
followersmu	O
banyak?	O
gampang	O
aja!	NORM
ke	O
fantasypanel.id	O
aja.	NORM

Anak	NORM
yg	NORM
cantik	O
Sehat	NORM
selalu,	O
panjang	O
umur,	O
banyak	O
rezeki.	O

Cie	NORM
cantikkk	NORM
banger	NORM
kaa	NORM
natasha	O

Ingat	NORM
Hanya	NORM
di@BEAUTYHEALTHCARE.ID	NORM
kamu	O
bisa	O
lihat	O
bukti2	NORM
real	O
PEMBESAR	NORM
PAYUDARA,	NORM
PENINGGI,	NORM
PEMUTIH	NORM
BADAN,	NORM
PELANGSING/GEMUK,	NORM
MASKER	NORM
TERBAIK	NORM
dll	O
invite	O
ajaa	NORM
BBM	NORM
:	O
D291BB84	NORM
whatsapp	O
081563733977	O

selamat	O
jadi	O
bapa	O
yah	NORM

LOGIKA	NORM
lg	NORM
mas	O
bro..kl	NORM
yesus	O
adlh	NORM
Tuhan,	NORM
selama	O
yesus	O
mati	O
di	O
kayu	O
salib	O
3hari	O
alam	O
semesta	O
beserta	O
isi	O
nya	O
ini	O
atas	O
kontrol	O
siapa??	O
Apakah	NORM
alam	O
semesta	O
beserta	O
isinya	O
dlm	NORM
status	O
quo	O
selama	O
3hari??	O
Hrsnya	NORM
sdh	NORM
hancur	O
alam	O
semesta	O
ini	O
bertabrakan	O
antar	O
planet	O
krn	NORM
sang	O
pengaturnya	O
sedang	O
mati..ini	O
menjelaskan	O
bhw	NORM
ada	O
ALLAH	NORM
SWT	NORM
yg	NORM
pegang	O
kendali	O
dan	O
itu	O
bkn	NORM
yesus	O
yg	NORM
sdg	NORM
mati	O
di	O
kayu	O
salib	O
?	O
@kevinfdez25	NORM

Emang	NORM
beneran	NORM
pacaran?	O

Tuhan	NORM
cantik	O
bangett...	NORM

Lucu	NORM
yaaa?	NORM
@ajengsasqiap	NORM

Follow	NORM
nih	O
ig	O
nya	O
andalan	O
gue@DR.FIRZA_HEALTHY.HERBAL	NORM
??	O
ada	O
alat	O
pengencang	O
dan	O
pembesar	O
payudara?	O
bisa	O
bgt	NORM
jadi	O
solusi	O
untuk	O
wanita	O
yg	NORM
payudara	O
kendor	O
dan	O
gak	NORM
kenceng	NORM
lagi??	O
Nih	NORM
BBM	NORM
nya?D29B2BB8.	NORM

Yaa	NORM
Robb...	NORM
cantikkk	NORM
bangetttttttt	NORM

Catiiiiik	NORM

Hallo	NORM
kakak	O
tulus	O

Ntr	NORM
ya	O
ya	O
@coriedenamawarti	NORM
suatu	O
saat	O
nanti	O
ntah	NORM
itu	O
kapan	O

Dulu	NORM
benci	O
bgt	NORM
eh	O
sekrang	NORM
smpe	NORM
ngerebut	NORM
gitu	NORM
haha	O
munafiik	O

Hdup	NORM
mati	O
kita.	O
Kita	NORM
g	NORM
pernah	O
tau.	O
Entah	NORM
nanti	O
bsok	NORM
atau	O
hbis	NORM
ini	O
kita	O
mti	NORM
kita	O
g	NORM
tau..	O

Kayanya	NORM
tuh	O
orang	O
nyanyi	O
sambil	O
boker	NORM

ngga	NORM
jelas....kek	NORM
gini	NORM
ngehina	NORM
mulan....ckxkck..bahasa	O
lo	O
aja	NORM
sampah	O
punya...pemulung	O
jg	NORM
kelas'a	NORM
diatas	O
lo....hadeeehhh	NORM
@ity_cantik	NORM

Ka	NORM
kl	NORM
boleh	O
tau	O
liptsk	NORM
nya	O
dr	NORM
brand	O
apa?kode	O
nya	O
apa?love	O
this	O
makeup	O
ka?	NORM

-,-	O
ya	O
gak	NORM
harus	O
sama	O
dia	O
jugak.	NORM
Nek	NORM
sama	O
dia,	O
Kayak	NORM
nungguin	NORM
siput	O
ngeluarin	NORM
lagu	O
pop?	O
@esy_fanesy	NORM

Ada	NORM
nyamuk	O
hinggap	O
ntr	NORM
lgsg	NORM
kepeleset	NORM
@febbyoe	NORM

@nadianadjib	NORM
amiin	NORM

Menganti	NORM
hadirrr	NORM
@vickyshu	NORM

@cindy_reswita	NORM
iya.	O
Blm	NORM
bisa	O
move	O
on	O
dr	NORM
film	O
itu	O
yah..huhu	NORM

@ananasution97	NORM
kan	O
gara	O
gara	O
brita	NORM
bendera	O
jepang.	O
following	O
tiffany	O
hanya	O
ada	O
15	O

Kok	NORM
KK	NORM
@jscmila	NORM
pakek	NORM
jilbab	O
sih	O
kan	O
orng	NORM
Kristen	NORM
dosa	O
loh	O
kalau	O
orng	NORM
Kristen	NORM
pakek	NORM
kudung	O
maaf	O
yah	NORM
KK	NORM
@jscmila	NORM

Mau	NORM
1	O
aja	NORM
@andimalarangeng	NORM

Yukss?	NORM
@cyntiadls	NORM

Leh	NORM
uga	NORM
@pietapanjaitan	NORM

Kak	NORM
buatin	NORM
lg	NORM
napa	NORM
photoshoot	O
@audimarissa	NORM
@billydavidson_	NORM
@ijunalkaff	NORM
plisss	O
yahhh	NORM
kak??	O

Cleopatra	NORM
mksdnya:'(	NORM

Dul	NORM
imoet	NORM
bgt	NORM
nak	O
@duljaelani	NORM

Penasarannnn	NORM
gilakkkkkk	NORM
@mayleenazzahra	NORM

Ingin	NORM
punya	O
rambut	O
bagus	O
seperti	O
artis	O
awkarin,aisyah	O
aqilah,rasyifap,salsabila	O
dll???	O
Yuk	NORM
mampir	O
ada	O
MASKER	NORM
MURAH	NORM
!!!	O
Masker	NORM
nya	O
biasa	O
dipakai	O
di	O
salon	O
dan	O
sering	O
dipakai	O
artis	O
lohh	NORM
!	O
Kualitas	NORM
terjamin	O
!	O
Merk	NORM
berkualitas,merk	O
masker	O
makarizo	O
terjamin	O
bangt	NORM
kualitasnya	O
!!	O
Ada	NORM
juga	O
vitamin	O
rambut	O
yang	O
murah	O
loh	O
??	O

Mirip	NORM
bgt	NORM
mbg	NORM
gigi	O
@raffinagita1717	NORM

@hadi.niic	NORM
agnez	O
klo	NORM
mau	O
ngilangin	NORM
keriput	O
jg	NORM
gampang	O
banget,	O
artis	O
terkaya	O
di	O
Indonesia	NORM
nomor	O
1.hiihiihi.	O

PUNYA	NORM
PAYUDARA	NORM
BESAR	NORM
KENCANG	NORM
BIAR	NORM
JADI	NORM
PERHATIAN	NORM
LAWAN	NORM
JENIS	NORM
?	O
KEPOIN	NORM
AJA	NORM
NIH	NORM
IG@istanahealth.care	NORM
DAN	NORM
BBM	NORM
AKU	NORM
D280F617	NORM
whatsapp	O
082220522227	O

Pd	NORM
marahan	O
ga	NORM
pnting,	NORM
situ	O
pnya	NORM
didikan	O
dlm	NORM
agama	O
ga?	NORM
Ga	NORM
malu?	O
bela2in	NORM
agama	O
nya	O
smpe	NORM
marah2an	NORM
??	O
prnh	NORM
di	NORM
didik	NORM
tentang	NORM
menghormati	NORM
sesama	NORM
wlaupun	NORM
berbeda	NORM
agama,gasih?(:	NORM

Aminn	NORM

Gila	NORM
gua	O
liatnyaaa	NORM
aaaa	O
@mrna.bacher	NORM

Cantik	NORM
yahh	NORM
@soim_	NORM
@da_faridah	NORM

Ni	NORM
emak	O
emak	O
tapi	O
kek	NORM
abg	NORM
cyin..	NORM
@sucyrahmadhani	NORM

Wowww	NORM
@rizkyfbian	NORM

Ttap	NORM
cantik	O
kak	O
prilly	O

Barbie	NORM
aja	NORM

Selebihnya	NORM
bagus,	O
cuman	O
agak	O
sayang	O
baru	O
30	O
tahun	O
dia	O
Agnezmo,	NORM
keriputnya	O
kaya	NORM
60tahun,	O
kan	O
kasian	NORM
cantik2,	NORM
salah	O
dari	O
teknik	O
vokal	O
yg	NORM
terlalu	O
berlebihan	O
apalagi	O
kaya	NORM
whistle	O
register	O
Lagu	NORM
Rindu,	NORM
itu	O
otot	O
mukanya	O
ketarik	NORM
kebawah	O
kaya	NORM
pake	NORM
tambang	O
kalo	NORM
terus2an	NORM
begitu	O
bakalan	O
cepet	NORM
lebih	O
kendor	O
mukanya,	O
keriputnya	O
banyak,waktu	O
mulai	O
keriput	O
dari	O
2010	O
udah	NORM
jelas,	O
waktu	O
2008	O
masih	O
dikit	O
dan	O
2012	O
udah	NORM
jelas	O
banget	O
keriputnya	O
@putrapratama27	NORM
,saya	O
gak	NORM
liat2	NORM
wajah	O
Agnezmo	NORM
ya,	O
cuman	O
dulu	O
waktu	O
di	O
idol	O
kamera	O
kan	O
di	O
Zoom	NORM
jelas	O
banget	O
keriputnya	O
sampe	NORM
Ahmad	NORM
Dhani	NORM
bengong	O
liatnya	NORM
ke	O
bagian	O
kerut	O
Agnezmo	NORM
waktu	O
Idol	NORM
2012	O

Sukakkk	NORM
bgt	NORM
m	NORM
julie,,,,,,	O

Sabar	NORM
kkak	NORM
cha2	O
syg	NORM
,	O
jgn	NORM
ladenin	NORM
org	NORM
yg	NORM
bkin	NORM
kkak	NORM
cha2	O
jdi	NORM
skit	NORM
hat	NORM
,	O
jadikan	O
itu	O
pembelajaran	O
ya	O
kkak	NORM
cha2	O
syg	NORM
.	O
kkak	NORM
bnyak	NORM
bersabar	O
ya	O
kkak	NORM
,	O
ini	O
bulan	O
ramadhan	O
@marshanda99	NORM

@hildiarahmadani	NORM
nope..	O
i	O
dont	O
like	O
her	O
at	O
all	O
but	O
i	O
dont	O
hate	O
her..smpe	NORM
bs	NORM
bkn	NORM
komen2	NORM
kasar2	NORM
bgt.	NORM
sapalah	O
qt	NORM
bisa	O
menilai	O
diri	O
lbh	NORM
baik	O
dr	NORM
org	NORM
lain~~	O

Setuju	NORM
ma	NORM
commentnya	O
@ririzaloebis	NORM
?	O
Baca	NORM
nich	NORM
Bu	NORM
@marshanda99	NORM
buat	O
bekal	O
sienna	O
juga	O
loh	O
?	O

@yoeriche	NORM
kemaren	NORM
yg	NORM
kasih	O
coklat	O
bukan	O
ivonna	O
tapi	O
aku..	O
Aku	NORM
lupa	O
namain	NORM
??	O

@usamahsams	NORM
,saya	O
ga	NORM
sakit	O
hati	O
hahaha	O
cuman	O
saya	O
mencotohkan	O
sikap	O
anda	O
yg	NORM
kurang	O
dewasa	O
dalam	O
beropini	O
sehingga	O
masuk	O
ke	O
rana	NORM
pribadi	O
saya,tolong	O
fokus	O
ke	O
pokok	O
masalah	O
kalo	NORM
sedang	O
beropini,jangan	O
mencla	O
mencle	O
kesana	O
kesini	O
sampw	NORM
masuk	O
rana	NORM
pribadi,jelas	O
terbukti	O
anda	O
yang	O
sakit	O
hati	O
hahaha,yang	O
saya	O
tau	O
tentang	O
ISIS	NORM
adalah	O
mereka	O
melegalkan	O
kekerasaan	O
terhadap	O
ANAK,WANITA,dan	NORM
ORANG	NORM
TUA..STOP	NORM
VIOLENCE..apapun	NORM
bentuk	O
dan	O
alasannya	O
Bung	NORM
@usamahsams	NORM

Ngakak	NORM
wee	O
@johannawihardi	NORM
@vera_giraffe	NORM
@jasminesuteja	NORM
@davinpresley	NORM
@nicoprawitok	NORM
@sasa_tanara	NORM
@deslylie	NORM

Ithu	NORM
botak	O
asli?	O

Ya	NORM
de	NORM
@aurelie.hermansyah	NORM
baik	O
buruk	O
seorang	O
ibu...	O
dy	NORM
tetap	O
ibu	O
kita	O

Cocok	NORM
an	O
ma	NORM
kak	O
ariel	O
dong	O
kak	O
lunaaa	O
balikan	O
dong	O
kakkk	NORM

@andinamuhdi	NORM
kgn	NORM
liat	NORM
ini	O

Betul	NORM
bgt...agaknya	NORM

Kata2nyaaa	NORM
?	O

@afraalaydrus	NORM
itu	O
emg	NORM
giginya	O
bego!	O
behelnya	O
keliatan	NORM
putih	O

Fix	NORM
-_-	O
yang	O
mirip	O
Tatjana	NORM
kan	O
akuuu	NORM
@thalitaaldila	NORM
@eastereaa	NORM

Yg	NORM
sebelah	O
kanan	O
kak	O
mischa	O
yg	NORM
sebelah	O
kiri	O
kak	O
marcel	O
yg	NORM
tengaj	NORM

Kerennnn...????	NORM

Hy	NORM
kami	O
Distributor	NORM
Resmi	NORM
Senegence	NORM
Indonesia.	NORM
Lipstick	NORM
Tahan	NORM
Lama	NORM
Tahan	NORM
Luntur	NORM
hingga	O
18	O
jam.	O
TANPA	NORM
SULAM	NORM
bibir.	O
Banyak	NORM
teman2	NORM
artist	O
pake	NORM
lho	O
cek	O
aja	NORM
testinya	NORM
di	O
IG	NORM
kami	O
yaa	NORM
tq	O

Kangeeeeeeeeeeennnnn	NORM

Kak	NORM
@aliandooo	NORM
gans	NORM
banget	O
sih	O
?	O

Ntik	NORM
lek	O
anjing	O
e	O
kko	O
pny	NORM
anak	O
dapet	NORM
kek	NORM
gini	NORM
!!	O
@evaristakharisma	NORM

Cek	NORM
IG	NORM
kita	O
yukk@klinikbeauty	NORM
?	O
Ready	NORM
:	O
Peninggi	NORM
Badan,	NORM
Pemutih	NORM
Seluruh	NORM
Tubuh,	NORM
Pelangsing,	NORM
Vitamin	NORM
Mata	NORM
Minus,	NORM
Invite	NORM
?	O
5F994EE7	NORM
|	O
WA	NORM
+6282240984333.	O
BOOMING	NORM
PEMBESAR	NORM
&	O
PENGENCANG	NORM
PAYUDARA	NORM
?	O
cek	O
Bio	NORM
utk	NORM
Line.	NORM

Hahaha	NORM
lu	O
mah	O
ndut	NORM
kepedean	O
@indahelkarim	NORM
hahaha,,si	NORM
fatin	O
udh	NORM
ngecek	NORM
blom	NORM
yah	NORM
ig	O
lu	O
hahaha	O

Amiiiiin	NORM
amin	O
@yaumilhusna	NORM

Qo..nulis	NORM
nya	O
kata	O
"dia"(?)...klu	NORM
gk	NORM
ada	O
masalah	O
knp	NORM
gk	NORM
tulis	O
aja	NORM
nama	O
orangnya!!!!	O

Difoto	NORM
in	NORM
kk	NORM
@chelseaislan	NORM
mirip	O
kyk	NORM
@sandradewi88	NORM

Koplakkk	NORM

Haii	NORM
kaka,	NORM
diintip	O
yuuk.	NORM
Barang	NORM
store,	O
harga	O
miring!!	O

Yg	NORM
kana	NORM
marchel	O
yg	NORM
kiri	O
mischa	O

Sayang	NORM
nya	O
ane	O
skrang	NORM
banyak	O
sibuk	O
nya.	O
Sbnarnya	NORM
ane	O
ingi	NORM
mengungkap	O
kekeliruan	O
dlm	NORM
aga	O
kristen.	O

Al..kamu	NORM
memang	O
anak	O
baik..msh	NORM
bisa	O
bdampingan	NORM
sm	NORM
org	NORM
yg	NORM
sdh	NORM
menyakiti	O
bunda..akan	O
lebih	O
baik	O
klo	NORM
tdk	NORM
hrs	NORM
difoto	O
dengan	O
orang	O
itu..liatnya	NORM
enek	O

Ntapsss	NORM

Lucuu????	NORM

Ngahhahaha	NORM
muke	NORM
nya	O
bang	O
andre	O
????	O

@park_han_byul_0706	NORM
ah	O
kamu	O
juga	O
ada	O
mbanya	NORM

hu	O
kak	O
iki	O
,aku	O
airin	O
umur	O
6	O
tahun	O
aku	O
suka	O
banget	O
nonton	NORM
video	O
video	O
kaka	NORM

Kangen	NORM
Gokilnya	NORM
@aliandooo	NORM
yang	O
dulu..	O
Kangen	NORM
mesranya	O
sma	NORM
@prillylatuconsina96	NORM
yang	O
duluuu.	NORM

@andiislah.a	NORM
maaf	O
cuma	O
mau	O
ngasih	NORM
tau	O
say..	NORM
Ini	NORM
mah	O
lagunya	O
tompi-menghujam	O
jantungku..	O
Bkan	NORM
ciptan	O
ali..	O

@melyagustin07	NORM
udah	NORM
mulai	O
berhijab,	O
cantikk	NORM
yah	NORM
mell	O
??	O

Alaami	NORM

Aku	NORM
cuma	O
pgn	NORM
tau	O
kakak	O
graduate	O
di	O
major	O
apa	O
tapi	O
kenapa	O
komen	O
isinya	O
iklan	O
semua?	O
btw	O
congrats	O
on	O
your	O
graduation!!	O

Rina,...terus	NORM
smangat,terus	NORM
taft,..terus	O
ceria	O
dan	O
slalu	NORM
lakukan	O
yg	NORM
terbaik	O
tuk	NORM
semua,..	O

Hidupmu	NORM
sendiri	O
dibikin2	NORM
trus	NORM
gimana	NORM
nnt	NORM
ngurusin	NORM
Jakarta,,,,	NORM
cew	NORM
cow	NORM
sm	NORM
aja.....	NORM

Bangshad	NORM
@salisaokta	NORM

@shintyln	NORM
prewed	O
kaya	NORM
gini	NORM
cowok	O
nya	O
menang	O
banyak:D	O
@slstia	NORM

Ih	NORM
yg	NORM
bner	NORM
ajh	NORM
@rks_95	NORM
@wulan.reny	NORM
@handayaniiria	NORM
@chitradoloksaribu	NORM
??	O

Luar	NORM
biasa	O
kak	O
ayu	O
aku	O
trasa	NORM
minpi	NORM
bner2	NORM
gak	NORM
nyangka	NORM
produknya,	O
padahal	O
awalnya	O
aku	O
gak	NORM
percaya	O
kalo	NORM
produk	O
dari@dr.inneke.sp.h	NORM
bisa	O
mnjdkan	NORM
payudara	O
aku	O
jd	NORM
sehat.kencang	O
padatkini	O
kulit	O
ak	NORM
jadi	O
lebih	O
putih	O
dan	O
gak	NORM
kusam	O
lagi	O
ka	NORM
:)	O
5EACED78	NORM

Pengn	NORM
gni	NORM
@ety.simanjuntak	NORM
.@fenesasimanjuntak	NORM
.@ziaulfasitumorang	NORM

Wong	NORM
dani	O
jg	NORM
suka	O
ngatain	NORM
orang	O
ya	O
wajarrr	NORM
diganti	O
dikata2in	NORM
orang	O

BANYAK	NORM
ORANG	NORM
YANG	NORM
PAKE	NORM
MHCA	NORM
DAN	NORM
EMANG	NORM
BANYAK	NORM
JUGA	NORM
YANG	NORM
JUAL	NORM
ALATNYA.	NORM
TAPI	NORM
CUMA@DELTABREASTCARE	NORM
YANG	NORM
PALING	NORM
TERPERCAYA.	NORM
HARGA	NORM
MURAH	NORM
BERGARANSI,	NORM
INFO	NORM
BBM	NORM
5F645D8A	NORM
#TOPSELLER	NORM

Bang	NORM
@mischach	NORM
mirip	O
si	NORM
jacob	O
,	O
meleleh	O
dehhh	NORM
?	O

Kak	NORM
fitri	O
dkm	O
13	O
hari	O
mknnya	O
apa	O
aja,bagi	NORM
dong	O
kak	O
rahasianya,aq	NORM
juga	O
mai	NORM
diet	O

@arini3112	NORM
hallo	NORM
kalo	NORM
menjawab	O
pertanyaan	O
itu	O
hak	O
manusia	O
broo	O
mau	O
jawab	O
apa	O
bukan	O
komitmen.	O
Aneh	NORM
juga	O
ya	O
asumsi	O
kamu!	O
???	O
dimana	O
mana	O
kekerasan	O
gak	NORM
nyelesain	NORM
masalah!	O

Ini	NORM
kita	O
berdua.	O
Inget	NORM
momen	O
ini	O
beeel?	O
:3	O
@bellanadyannisa	NORM

mirippp	NORM
sangattt	NORM
????	O
@grace.trisya	NORM
@shaneb353	NORM

Hahahah	NORM
@artisn	NORM
Berarti	NORM
Bnr	NORM
Donk	NORM
Hahhahah	NORM
Ditinggal	NORM
Pasangan	NORM
Gara2	NORM
itil	O
Busuk	NORM
and	O
Rabies?????	NORM

Subhanallah,	NORM
semoga	O
tetep	NORM
istiqomah	NORM
ya	O
kaaa	NORM
@missnyctagina	NORM

@clarawinacw	NORM
"yaoloh	NORM
gue"	O

Beda	NORM
dikit	O
wkwk,	O
ngomong"	NORM
mau	O
lah	O
nad	O
@nadavaar	NORM

Naura	NORM
kalau	O
ada	O
kesempatan	O
lagi	O
untuk	O
konser	O
kamu	O
akan	O
bertemakan	O
apa	O
?	O
Hal	NORM
apa	O
yang	O
kamu	O
senengin	NORM
kalau	O
lagi	O
menyanyi?	O
#NauraQnA	NORM

@imririeaj	NORM
balas	O
komen	O
saya	O
stetmen	O
saya	O
yang	O
mana	O
bilang	O
kamu	O
sama	O
anda	O
mbak??	O
????	O
jangan	O
Ke	NORM
GR	NORM
an	O
ya.	O
Saya	NORM
juga	O
malas	O
kenal	O
sama	O
orang	O
yg	NORM
mendukung	O
kekerasan	O
pada	O
murid	O
seperti	O
anda.	O
Jaman	NORM
skg	NORM
masih	O
main	O
kekerasan?	O
Yang	NORM
kampungan	O
itu	O
anda	O
atau	O
saya	O
???	O
dasar	O
mental	O
desa!	O

Yaa	NORM
ampun	O
cucokkk	NORM
bngettt	NORM
bkin	NORM
meleleh	O
lyt	NORM
expresi	NORM
@billydavidson_	NORM
natap	NORM
audi	O

Cantik	NORM
bgt	NORM
bun,	O
awet	O
muda:	O
)	O

Wkwkwk,,,???lcu	NORM
bngtzt!!	NORM

@sitinabillaj	NORM
so	NORM
sweet	O
ow	O
mrekaaaa	NORM

Brarti	NORM
caca	O
org	NORM
yg	NORM
gk	NORM
mampu	O
berkembang	O
dong	O
.	O
Krn	NORM
dgn	NORM
caca	O
melepas	O
hijab	O
.	O
Caca	NORM
mudah	O
mndpat	NORM
kpuasan	NORM
dr	NORM
situ	O
pdahal	NORM
gk	NORM
sgampang	NORM
itu	O
mlepaskan	NORM
hijab	O
..	O
@marshanda99	NORM

Cantikkk	NORM
bgt	NORM

I	NORM
love	O
u	NORM
@maiaestiantyreal	NORM
...	O
Bunda	NORM
strong	O
n	NORM
sekarang	O
sukses..lupain	NORM
masalalu	O
yang	O
sudah	O
mulai	O
bangkret...love	NORM
u	NORM
bunda	O

@diananasution_	NORM
cantik	O
wajah	O
itu	O
bisa	O
pudar	O
tp	NORM
cantik	O
hati	O
itu	O
kekal...	O
love	O
u	NORM
bunda	O
maia	O

Ihhh	NORM
lucu	O
banget	O
kak	O
ricky	O
cuara:-D	O

@chatrinepricillia	NORM
iya	O
kaya	NORM
gituh	NORM
gua	O
yang	O
tenggah	NORM
ya	O

Ini	NORM
iklan	O
clear	O
itu	O
yaa	NORM
hahaha	O
??	O

Amin..	NORM
Sedih	NORM
sdh	NORM
gk	NORM
ada	O
koca	O

Jeh	NORM
cimot	O
bisa	O
aja?	NORM
@niafiany	NORM

Bang	NORM
@nicholassaputra	NORM
Sempat	NORM
ke	O
Surabaya	NORM
ya?	O
Pengen	NORM
ketemuuu	NORM
?	O

Modal	NORM
SEKALI	NORM
untung	O
BERKALI-KALI!!gaji	NORM
sehari	O
Rp.300.000??emang	NORM
bisa??bisa!!bisnis	O
database	O
supplier	O
solusinya.Bisnis	NORM
yg	NORM
mudah,simpel,real,	O
dan	O
HALAL,bahkan	NORM
ank	NORM
SMP	NORM
juga	O
bisa.cek	O
ig	O
kita	O
kk	NORM
:D	O
buruan	O
join,slot	O
tinggal	O
8.	O

gila	O
udh	NORM
56w	O
serasanya	O
msh	NORM
baru	O
wkwkw	O
@olgabelinda	NORM

Nyimak	NORM
doank	NORM
lbh	NORM
seru	O
baca	O
komen	O
nya	O
orang2	NORM
naif	O
vs	O
orang2	NORM
ababil	O

Pingin	NORM
punya	O
tutu	O
skirt	O
keren	O
yg	NORM
bisa	O
di	O
costum	O
made?	O
Check	NORM
ig	O
kita.	O
Don't	NORM
miss	O
it!!	NORM

hihi	O
@suryanihennie	NORM
tanya	O
lgsg	NORM
aja	NORM
ke	O
kak	O
nico	O
di	O
cini.	NORM
hhe..	O

Iya	NORM
udah	NORM
lama,	O
udah	NORM
lama	O
gak	NORM
nonton	NORM
mereka	O
jugaaa	NORM
@isnaarrifahh	NORM

Cakepp	NORM
@karenshuang_	NORM
??	O

Smg	NORM
dikabulkan	O
teh	O
?	O
@odywoody	NORM

mirip	O
kmu	NORM
Wekawekaweka	NORM
@ientandw	NORM

Ya	NORM
punyaaa	NORM
lah	O
gila	O
aja	NORM
gk	NORM
punya	O
yg	NORM
duluan	O
tuh	O
@nabil.aak	NORM
tau	O
@virginiaveronicaa	NORM

hiii	NORM
kk	NORM
ganteng..I	NORM
realy	O
love	O
you	O
somuch..sukses	O
trus	NORM
ya	O
kk..	NORM

Massss	NORM
mau	O
kesiniii	NORM
@garwijk	NORM
you	O
know	O
why	O
???	O

Dri	NORM
kecil	O
sudah	O
kelihatan	O
kecantikannya	O
.	O
.	O
.	O
Cntik	NORM
bgt	NORM
.	O
.	O
.	O

Congrats	NORM
kakk!!!	NORM

irwannya	O
kaku	O
kaya	NORM
canggung	O
gtu	NORM

Dian	NORM
pelangi	O
fotonya	O
keren"	NORM
mewah	O
bener	NORM
jalan"nya	NORM
@finphotograph	NORM
@zezemrg	NORM

@ristiakartika_u	NORM
pasti	O
bisa	O
asal	O
ada	O
kmauan^^	NORM

Memang	NORM
kalau	O
pakai	O
cream	O
wajah	O
abal"	NORM
bikin	O
wajah	O
jadi	O
rusak.akhirnya	O
disarankan	O
pakai	O
produk	O
herbal	O
perawatan	O
wajah	O
di@FARMASIHERBAL	NORM
hasilnya	O
jerawat	O
kecil"	NORM
&	O
merah	O
di	O
wajahku	O
berangsur	O
membaik	O
malah	O
jadi	O
bersih	O
nih	O
pinnya@FARMASIHERBAL	NORM
Pin	NORM
:	O
D049B167	NORM
Wa	NORM
:	O
081321297275	O
LINE	NORM
:	O
@qcl5848n	NORM
pelayanan	O
ramah	O
ada	O
harga	O
promo	O
+	O
free	O
ongkos	O
kirim	O
semoga	O
bermanfaat	O
#sorrycurhat	NORM
#indahnyaberbagi	NORM
????	O

.harusnya	O
malah	O
jd	NORM
lebih	O
baik	O
bukan	O
malah	O
kaya	NORM
orang	O
depresi	O
akut	O

Gmn	NORM
sih	O
kok	O
punya	O
aku	O
blom	NORM
di	O
repost	O
tuh	O
A	NORM
raffi	O
@raffinagita1717	NORM
@kingkong.snack	NORM
@chipstaro	NORM

dari	O
dlu	NORM
belum	O
kesampean	NORM
poto	NORM
kayak	O
beginiiii....@wigihprasetyo	NORM

Kalo	NORM
aku	O
kelamaan	O
dandan	O
plis	O
nyanyiin	NORM
ini	O
ya	O
HAHAHAHA	NORM
@randytivana	NORM

privasi	O
itu	O
mah	O
trsrh	NORM
dia	O
mau	O
ksih	NORM
tau	O
apa	O
engga?	NORM
jgn	NORM
kepo	O
urusan	O
Hidup	NORM
orng	NORM
lain	O

Astagfirullh	NORM

Sipiit	NORM
?	O

emang	NORM
lu	O
cantik	O
apah?	NORM
@angelicaphatricia	NORM

Tteh	NORM
knpa	NORM
gak	NORM
loncatt	NORM
aja????	NORM

@astryd__	NORM
pusing	O
ih	O
liatnya	NORM
cantik	O
beud	NORM

Cantikkkkkk.	NORM
Semoga	NORM
ga	NORM
akan	O
dilepas2	NORM
jilbabnya	O
@rinanose16.	NORM

Jangan	NORM
liat	NORM
liat	NORM
ntar	NORM
naksir	NORM

Ayoo	NORM
yang	O
@melidwii_	NORM

ntappp	NORM
??	O
@amishf	NORM

@yunisartika.dew	NORM
udh	NORM
jelas	O
dia	O
gk	NORM
mau	O
karier	O
"orang	O
itu"	O
jatuh	O

Suka	NORM
bgt	NORM
sma	NORM
kluarga	NORM
ka	NORM
ica	O
ama	NORM
ka	NORM
dude	O

Alhamdulillah	NORM
ka	NORM
nycta	O
cantik	O
bgt	NORM
smga	NORM
istiqomah	NORM
terus	O
kaka	NORM
@missnyctagina	NORM

FOLLOW	NORM
IG@HERBALBESTBRAND	NORM
Awas	NORM
yah	NORM
nanti	O
jadi	O
kebayang-bayang	NORM
sama	O
prodak	NORM
peninggi	O
ajaib	O
ini	O
?	O
Yang	NORM
bisa	O
ninggiin	NORM
badan	O
3-15cm	O
dalam	O
1	O
-	O
2	O
bulan.	O
?KEREN	NORM
BUKAN	NORM
??	O
info	O
lengkap	O
PIN	NORM
5B2D93F3	NORM
(Harga	NORM
Promo)	NORM

Selalu	NORM
sukaaa	NORM
dgn	NORM
hasil	O
riasan	O
alisnya	O
mba	NORM
@marlenehariman	NORM
?	O

Nutup"in	NORM
muka	O
gitu,	NORM
liatin	NORM
dong	O
tampang	O
nya	O

@iva_khofifah	NORM
bukan	O
yng	NORM
gendut	O
itu	O
kakaknya	O
natasha	O
wilona	O

@mindillaga_25	NORM
njay	NORM
hehh	NORM
??	O

Kemarin	NORM
aku	O
Kepoin@solusisehatherbal	NORM
coba	O
aja	NORM
order	O
Masker	NORM
Anti	NORM
Jerawatnya.	NORM
Edannn,	NORM
baru	O
2hari	O
pake	NORM
udah	NORM
mulai	O
kempes	O
jerawatnya.	O
Nggk	NORM
percaya	O
pasti???	O
Coba	NORM
aja	NORM
sendiri	O
deh	O
mendingan.	O
Nih	NORM
invite	O
BBM:	NORM
5894B9C1	NORM
!!!	O

Klepto	NORM
style	O
nya	O
udh	NORM
ky	NORM
di	O
video	O
klip	O
selena	O
gomez	O
yg	NORM
judulnya	O
kill	O
em	O
with	O
kindness	O
huuu	O
payahh	NORM

@jelitaaps	NORM
jgn	NORM
ngaco	NORM
sis	O
:)	O

Cantik	NORM
klo	NORM
pke	NORM
hijab,darpada	NORM
enggak	O

Jan	NORM
iri	O
mblooo	NORM
@rnovitad	NORM
wkwk	O

@yoeriche	NORM
iya	O
kak	O
mirip	O
bangett,	NORM
sm?	NORM
cantik,baik,manis,imut,ketengilan'nya	O
sm	NORM
gk	NORM
kak??	O
hahaha	O

Q	NORM
setuju	O
yg	NORM
baek	NORM
baek	NORM
ajja	NORM
dech...	NORM
Insyaallah	NORM
kedepannya	O
juga	O
baek...	NORM
Amiiinnn...yarobbal	NORM
aallamin	O

Kangen	NORM
kebersamaan	O
ROL	NORM
raffi	O
olga	O
luna	O
,kangen	O
bgect	NORM

Dan	NORM
tanya	O
sama	O
teman	O
anda	O
yang	O
dulu	O
pernah	O
dihukum	O
keras	O
oleh	O
guru	O
anda,apa	O
semua	O
jadi	O
orang	O
sukses???Ga	NORM
kan	O
??!!!	O
Kesuksesan	NORM
ga	NORM
diukur	O
dari	O
sistem	O
hukuman	O
broo,yang	O
ada	O
menimbulkan	O
psikologis	O
kekerasaan	O
juga	O
yg	NORM
lama2	NORM
menjamur	O
dan	O
traumatik	O
awal	O
pada	O
anak,ingat..yg	NORM
dihukum	O
anak	O
masih	O
dalam	O
tahap	O
pertumbuhan..Guru	NORM
juga	O
harus	O
diberi	O
pelajaran	O
seperti	O
ini	O
biar	O
tidak	O
seenaknya	O
melukai	O
anak	O
orang,kalo	NORM
tidak	O
mau	O
nerima	NORM
resiko	O
ketemu	O
anak	O
nakal..ya	O
GA	NORM
USAH	NORM
JADI	NORM
GURU!	NORM
@usamahsams	NORM

Subhanallah.cantik	NORM
nya	O
mila	O
pake	NORM
jilbab	O

@iqbalmhmmd_	NORM
ucul	NORM
bnr	NORM
?	O

muljem	O
udah	NORM
di	O
bullli	O
masih	O
aja	NORM
angkuh	O
and	O
sombong..ngaca	NORM
donk	NORM
muljem	O
jg	NORM
makin	O
benci	O
dah	NORM
wuekkkkkkk	O

@afahalwa	NORM
pingin	NORM
aku	O

@uus__	NORM
dahlia	O
pasti	O
niiihh	NORM
@raditya_dika	NORM

Salam	NORM
fans	NORM
berat	O
em	O
kpn	NORM
yach	NORM
bs	NORM
ketemu	O
ma	NORM
mbk	NORM
cita	O
citata.	O
Muga	NORM
sehat	O
sllu	NORM
dpt	NORM
jodoh	O
yg	NORM
soleh	O
amin	O

Enakan	NORM
juga	O
muslim	O
sudah	O
pasti	O
dijamin	O
masuk	O
surga,	O
ngaji	NORM
sholat	O
hidup	O
ini	O
akan	O
tentram	O
@marshanda99	NORM

Envy	NORM
binggo	NORM
cak	O
kapan	O
aku	O
ro	O
dimas	O
koyo	O
ngono	O
uhuk	O
@ocaak_	NORM

Luna	NORM
n	NORM
ariel	O
saling	O
sayang	O
n	NORM
cinta	O
udah	NORM
cepet	NORM
nikah	O
za,,jangan	NORM
peduli	O
kan	O
mulut2	NORM
orang	O
yg	NORM
sok	O
suci	O
,,	O
yg	NORM
penting	O
luna	O
ariel	O
bersatu	O
nikah	O

Ya	NORM
olga...	O
knp	NORM
pergi	O
sih	O
k	NORM
tuk	NORM
slama	NORM
lamanya...	O
padahal	O
semua	O
orng	NORM
membutuhkanmu	O
k	NORM
bngunlah	NORM
k	NORM
bngun...	NORM
????	O
@olgasyahputra89	NORM

@arindajuanda	NORM
judulnyaa	NORM
ape	NORM
nihh..	NORM

Tetap	NORM
profesional	O
yaa	NORM
kak	O
@stefannwilliam	NORM
dlam	NORM
berakting,	O
jangan	O
terpancing	O
dengan	O
smua	NORM
masalah	O
diluarann	NORM
,	O
tunjukan	NORM
yg	NORM
trbaik	NORM
untuk	O
karirMu	NORM

Iya,	NORM
kalo	NORM
dngerin	NORM
suaranya	O
brrti	NORM
dngerin	NORM
lagunya	O
beb	O
@prcirene	NORM

Aamiin	NORM

-_-	O
lucuuuk	NORM

Emang	NORM
jodoh	O
ya	O
om	O
wajahnya	O
mirip	O
namanyapun	O
agak	O
mirip	O
memes	O
dan	O
adi	O
ms	NORM
hihi	O
semoga	O
slalu	NORM
di	O
berkahi	O
ya	O
om	O
adi	O
amin	O
hihi	O

@ocirstaa	NORM
@yikprl	NORM
njir	NORM
99,8%	O

Cantika	NORM
bgt	NORM
ka	NORM
nabila	O
jkt	NORM
48	O

Matanya	NORM
ilang?	NORM

@hanakamilaaa07:papa	NORM
nya	O
kak	O
@jscmila	NORM
itu	O
kristen	O
kmu	NORM
gk	NORM
bisa	O
lihat	O
tah	NORM
makam	O
nya,indah	O

Lucuuuu	NORM
@enclissa_	NORM

@setyorini_78	NORM
semua	O
bayi	O
kalo	NORM
baru	O
lahir	O
pasti	O
nangis..	NORM
Kalo	NORM
gak	NORM
nangis	NORM
itu	O
berarti	O
bayi	O
nya	O
cacat	O
!!	O

Kk	NORM
cantik??kk	NORM
flbkc	O
aku	O
ya	O
aku	O
sangat	O
ngefans	NORM
lagu	O
kk	NORM
bagus	O

Jegeg	NORM
yaaa	NORM
@mariapristi	NORM

tema	O
1001	O
malam	O
pasti	O
lucuuuu!	NORM

Pingkan	NORM
mulan	O
meican	O
&	O
maia	O
bisa	O
ga	NORM
ya	O
pada	O
duet	O
....	O
Seru	NORM
x	NORM
ya	O
dgn	NORM
karakter	O
suara	O
masing2	NORM
bakalan	O
laris	O
tuh	O
lagu2nya	NORM
....	O
Ditunggu	NORM
ya	O
albumnya	O
heheheee	O
...	O

Semangattt	NORM
teruss	NORM
caca	O
:)	O

@cantiekmarsya	NORM
ehh	NORM
stupid,	O
masa	O
lalu	O
cuma	O
masa	O
lalu,	O
boleh	O
jadi	O
ibu	O
kandung,	O
tetapi	O
terkadang	O
dalam	O
situasi	O
tertentu	O
wanita	O
yg	NORM
bertanggung	O
jawab	O
terhadap	O
anaknya	O
lahir	O
dan	O
batin	O
sampai	O
ia	O
besar,	O
maka	O
itulah	O
yg	NORM
disebut	O
sbg	NORM
Ibu	NORM
yg	NORM
sesungguhnya.	O
Bukan	NORM
hanya	O
untuk	O
melahirkan	O
saja,	O
tetapi	O
bertanggung	O
jawab	O
juga.	O
Come	NORM
on,	O
Don't	NORM
be	O
stupid	O
please!!!!	O

Hy	NORM
ka	NORM
nabilah	O
q	NORM
lh	NORM
knlan	NORM
g...???!!!	NORM

Siapa	NORM
yg	NORM
sangka,	O
kalau	O
film	O
layar	O
lebar	O
yg	NORM
fenomenal	O
ini	O
bakalan	O
main	O
seri	O
ke	O
2nya.	O
Secara	NORM
udah	NORM
lewat	O
puluhan	O
tahun.	O
Kureeeen.	NORM
Muantaap	NORM

@inrive_store	NORM
betuuuuulllllllllllllllll	NORM

@ohsnapitsdin_	NORM
kulit	O
gue	O
tar	NORM
keq	NORM
gini	NORM
din	O

@hermaa08	NORM
iki	O
saaiiii...woi....akhhggtthhhh..asikkk	NORM

Waktu	NORM
sd	O
taon	NORM
2005	O
klau	NORM
nd	NORM
slah	NORM
@nikitawillyofficial94	NORM
rela	O
nangis"	NORM
minta	NORM
ke	O
ortu	NORM
di	NORM
beliin	NORM
majalah	O
demi	O
liat	NORM
kamu	O
?	O

Seru	NORM
nih	O
macam	O
foto	O
prewed	O
lg?	NORM

Jujur...dulu	NORM
sebelum	O
nikah	O
christian	O
keliatannya	NORM
keren	O
dan	O
berkarisma....tapi	O
begitu	O
udah	NORM
nikah	O
kok	O
keliatannya	NORM
ilang	NORM
karismanya/auranya....tetep	NORM
ganteng	O
siih,	NORM
tapi	O
udah	NORM
gak	NORM
segreget	O
duluuu...	NORM

Jd	NORM
pengen	NORM
namain	NORM
ank	NORM
aku	O
alyssa	O
boleh	O
ya	O
mbak	O
@ichasoebandono	NORM

Cuantik	NORM
bgt,,,msh	NORM
seger	NORM
ky	NORM
umur	O
20an	O
bunda	O

@hestygandhi	NORM
mudah2an	NORM
anakmu	O
sehat	O
selalu	O
tidak	O
kekurangan	O
apapun,amiin..	NORM
Despite	NORM
of	O
his	O
condition,	O
aku	O
belajar	O
byk	NORM
dr	NORM
mika,	O
he's	NORM
my	O
teacher	O
?	O

@_777el	NORM
tunggu	O
lo	O
jadi	O
ustad	O
paling	O
sukses	O
baru	O
gua	O
mau	O
percaya	O
sama	O
omongan	O
sampah	O
lo.	O

Ngomongnya	NORM
gak	NORM
bisa	O
dijaga	O
percuma	O
pake	NORM
jilbab	O
@novisyahreza	NORM

Cantik	NORM
yuk	O
di	O
order	O
produk	O
kecantikanga,	NORM
sedia	O
macam-macam	O
produk	O
kecantikan	O
loh	O
yuk	O
mempercantik	O
kulitmu	O
???	O
pin	O
BBM:	NORM
D19ED84E	NORM
,	O
id	O
line:	O
dwiningrum111	O
.	O
Welcome	NORM
reseler	O
????	O

Iih	NORM
lucuuu	NORM
?	O

Makin	NORM
loveee	O
daah.	NORM
Sukses	NORM
buat	O
suaminga	NORM
kak	O
@missnyctagina	NORM
yang	O
udah	NORM
menuntun	O
istri	O
buat	O
berhijap.	NORM
Smgaa	NORM
istiqamah.	NORM

Mong	NORM
minta	NORM
aja	NORM
ono	NORM
ama	NORM
tembok	O
@zacky_dwyanda	NORM

Hmmm	NORM
suruh	O
shn	O
lahh	NORM
bikin	O
#ilovechallange	NORM
wkwkwkwk	O
@ching_meichu	NORM
,	O
iya	O
juga	O
sih..	O
Andai	NORM
aja	NORM
ada	O
yg	NORM
bs	NORM
bikinin	NORM
aku	O
begituan	O
yah	NORM
wkkwk	O

Cantik	NORM
kaya	NORM
org	NORM
manado	O

???maau	NORM
video	O
ini...lagu	O
kesukaan	O
eyke	NORM
@its.regdp	NORM

Biasa	NORM
ajah	NORM
keles,	NORM

Cewe	NORM
aja	NORM
wajahnya	O
kah	O
licin	O
sm	NORM
rio	O
?	O

aq	NORM
jga	NORM
suka	O
bnget	NORM
kak	O
ama	NORM
sinetron	O
ini	O

Amiiinnn	NORM

Terhaaru	NORM

@nadashfra	NORM
hempas	O
sayyy	NORM

Slh	NORM
marh	NORM
nya	O
kk	NORM
mila	O
islam	O
lu	O
kristen	O
hii	O
kasihan	O
dia	O
memang	O
islam	O
malu	O
@theofilia_monica_parera	NORM

Memang	NORM
cntk	NORM
artis	O
kt	NORM
ini	O

Cantik	NORM
bangetttt	NORM

Sabarrr???	NORM

walaupun	O
ga	NORM
pakek	NORM
360	O
uda	NORM
kliatan	NORM
cantiknya	O
@aurakasih	NORM

Bukan	NORM
main	O
pemutih	O
&	O
pelangsing	O
yang	O
ada	O
di@QUEEN_BEAUTY_NATURAL	NORM
bner"	NORM
keren	O
bgt	NORM
udah	NORM
produk	O
nya	O
halal,	O
100herbal,	O
dan	O
PERMANEN	NORM
pula	O
poko	NORM
nya	O
bagi	O
sisstt	O
yang	O
masih	O
cari	O
cari	O
prodac	NORM
yg	NORM
aman	O
konsultasikan	O
langsung	O
deh	O
ke@QUEEN_BEAUTY_NATURAL	NORM
ga	NORM
bkal	NORM
nyesell	NORM
dehh.	NORM
PUAS	NORM
BANGET	NORM
poko	NORM
nya.	O

Amiinnnn	NORM
@defindaikaa	NORM

ngriii	NORM
amatt	NORM

Aku	NORM
ga	NORM
nyangka	NORM
itu	O
korea	O

Judul	NORM
lagi	O
y	NORM
apa	O
sih,	O

.sarua	O
jelema	O
hirup	O
mh	NORM
geus	O
masing2	NORM
ulah	O
sok	O
nga	NORM
hina	O
btr	O
endk	O
kitu	O
endk	O
kiyeu	O
g	NORM
keun	O
da	NORM
mneh	O
na	NORM
ulah	O
sok	O
ngahina	O
intro	O
fexsi	O
diri	O
sorangan	O
w	NORM
atuh	O
apa	O
anu	O
?oment	O
sadis	O
geus	O
ngarasa	O
bener....hah...ustad	NORM
g	NORM
anu	O
sorban	O
na	NORM
2	O
meter	O
belum	O
tentu	O
mneh	O
na	NORM
geus	O
sempur	O
na...pikir	NORM
gra	O
euyyh	O
pikir	O

Kangeen	NORM
kak	O
olga	O

keren	O
banget	O
mbak	O
fotony....sweet	NORM
pict	O
n	NORM
sweet	O
couple	O

Yg	NORM
sabar	O
ya	O
kk	NORM
@zahratuljannah	NORM
insyaallah	O
smua	NORM
jalan	O
slalu	NORM
dipermudah	O
ALLAH	NORM
SWT	NORM
jika	O
kita	O
ikhlas,yg	NORM
penting	O
mika	O
slalu	NORM
didampingi	O
oleh	O
kk	NORM
n	NORM
klg	NORM
#bahagianya	NORM
jd	NORM
#kk	NORM
@zahratuljannah	NORM
ibu	O
yg	NORM
hebat	O
,,semangat	O
kk,,titip	NORM
cium	O
sayaang	NORM
buat	O
de'mika	NORM
smoga	NORM
panjang	O
umur	O
,slalu	NORM
jd	NORM
kebanggan	NORM
klg	NORM
dan	O
jd	NORM
anak	O
yg	NORM
soleh	O
yg	NORM
slalu	NORM
mendoakan	O
kedua	O
org	NORM
tuanya,amien	O
ya	O
robb	O

Masyaallah	NORM
@rinanose16	NORM
suka	O
xxx	O
lht	NORM
kmu	NORM
skrg	NORM
pake	NORM
hijab	O
alhamdulillah...	O
Makin	NORM
love	O
deh	O
sm	NORM
kmu..<3	NORM

Astagaa	NORM
ngakak	NORM
akuuu	NORM
??@titi_xiaochun	NORM
,@gusmeg	NORM

Kayaknya	NORM
ga	NORM
ada	O
yg	NORM
suka	O
ya	O
ama	NORM
siwulan	O
sari	O

@shamirashahnun	NORM
@syahirahshahnun	NORM
ingat	O
dak	NORM
artis	O
ni	NORM
.	O
rupa2nya	NORM
ada	O
kembaq	NORM
????	O

Lucuuu	NORM
tpii	NORM

Mksud	NORM
x	NORM
jilbab	O
n	NORM
makeup	O
x	NORM
simple..	O
Cuma	NORM
1	O
aj	NORM
ka..	NORM
Dia	NORM
cantik	O
gue	O
kagak..	O
Sesimpel	NORM
itu	O
?	O
@fvtrisna	NORM

Sedihh...	NORM

Inget	NORM
banget	O
ini	O
lagu	O
pas	O
awal	O
awal	O
mereka	O
deket,ini	NORM
lagu	O
kebangsaan	O
banget	O
pas	O
waktu	O
itu	O
haha	O
bang	O
bang	O
@aliandooo	NORM

Happy	NORM
anniversary	O
jg	NORM
om	O
addie	O
dan	O
tante	O
memes?	O

Hy	NORM
kak	O
salsa	O

Hampasss	NORM
Datang	NORM
Lagiii	NORM
Cantiiik	NORM
@princessyahrini	NORM

Kaya	NORM
nama	O
anak	O
gue	O
aja	NORM
klo	NORM
cwe,	NORM
Mikayla	NORM
Maureen	NORM
Zahsy	NORM
artinya	O
Perempuan	NORM
ahli	O
surga	O
yang	O
cerdas	O
dan	O
hebat?	O
alamat	O
:	O
royal	O
residence	O
blok	O
c3	O
no2	O
jaktim	O

Ya	NORM
allah	O
cantik	O
dan	O
ganteng	O
bener	NORM
2	O
pasangan	O
yg	NORM
sangat	O
serasi	O
bangetttttyt	NORM

Buat	NORM
lagi	O
donk....	NORM

Yg	NORM
kiri	O
ka	NORM
mischa	O
yg	NORM
kanan	O
ka	NORM
marcel	O

Ih	NORM
manusia	O
menjijikan,	O
pembantu	O
yang	O
ga	NORM
tau	O
diri	O
nusuk	NORM
majikan	O
dr	NORM
belakang	O
gak	NORM
sopan?	O

Klo	NORM
anak	O
ku	O
digituin	NORM
juga	O
akan	O
ku	O
lapor	O
polisi	O
...	O

Tuh	NORM
kak	O
rina	O
aj	NORM
udah	NORM
pake	NORM
hijab	O
kalian	O
kapan??	O

Pemenangnya	NORM
udh	NORM
ada	O

Kakanya	NORM
yg	NORM
mana	O
sih	O

Smoga	NORM
kekal	O
hgga	NORM
ke	O
syurga	O

Subhanallah....Alhamdulillah	NORM
cantik	O
banget	O
mba	NORM
Rina	NORM
semoga	O
istiqomah	NORM
yaa	NORM
??	O

congrats	O
ya	O
kakk	NORM
modd	O
@maudyayunda	NORM

Setujuuu	NORM

Cantiiillx	NORM
bundaaaa	NORM

MENJUAL	NORM
SEPATU	NORM
DAN	NORM
SENDAL	NORM
DENGAN	NORM
HARGA	NORM
DI	NORM
BAWAH	NORM
90.000	O
LHOOO	NORM
....	O
?????????????????YUK	NORM
BURUANN	NORM
D	NORM
FOLOW	NORM
IG	NORM
KITA	NORM
SIST	NORM
...	O
?????	O

Wajahnya	NORM
sama	O
ky	NORM
daddy,	O
tapi	O
hati	O
copy	O
paste	O
bunda	O
maia	O
ya,	O
dul.	O
?	O
@duljaelani	NORM

3	O
?@algaeslovania_premiumskincare1	NORM
#HAY	NORM
TEMEN2	NORM
SEMUA..MAO	NORM
PRODUK	NORM
BAGUS,,	NORM
TP	NORM
YG	NORM
GAK	NORM
MURHAN	NORM
YAH..	NORM
CREAM?PRWTN	NORM
WJH	NORM
YG	NORM
OKE	NORM
BGETTT,,	NORM
CREAM?	NORM
RACIKAN?	NORM
DOKTER?	NORM
DR	NORM
LUAR	NORM
NEGRI,,	NORM
INI	NORM
LOH	NORM
CREAM	NORM
YG	NORM
MEMBUAT	NORM
IMPIAN	NORM
KITA	NORM
UTK	NORM
MEMILIKI?	NORM
KULIT	NORM
CANTIK	NORM
BS	NORM
MENJADI	NORM
KENYATAAN,	NORM
ALGAE	NORM
SLOVANIA	NORM
PREMIUM	NORM
SKINCARE,	NORM
CREAM	NORM
PRWTN	NORM
WAJAH	NORM
DARI	NORM
SINGAPORE..	NORM
AMAN,	NORM
RINGAN	NORM
N	NORM
TERJAMIN?	NORM
KWALITAS?	NORM
NY,,	NORM
UTK	NORM
MEREKA2	NORM
YG	NORM
TAU	NORM
KWALITAS	NORM
JG	NORM
TENTUNYA,,	NORM
AKU	NORM
JUGA	NORM
PAKKE	NORM
LOH	NORM
N	NORM
RIBUAN?	NORM
CUSTUMER?	NORM
KU	NORM
JUGA	NORM
UDA	NORM
PD	NORM
PAKE,,	NORM
CEK	NORM
IG	NORM
AKU	NORM
YA..	NORM
RIBUAN?	NORM
TESTIMONI?	NORM
N	NORM
TERBUKTI,	NORM
INFO	NORM
ADD	NORM
MY	NORM
PIN.5E3E04F5	NORM
FOLLOW?	NORM
MY	NORM
IG:	NORM
@algaeslovania_premiumskincare1	NORM
WA:081210238087	NORM

Montoknya	NORM
kakak	O
ini	O
yaaa?????	NORM

@miaznr	NORM
awas	O
lo	O
ga	NORM
konsisten	O

@mandekyluu	NORM
cntk	NORM
ya	O
nda	NORM

Mau	NORM
bgt	NORM
kagitu	O
@jusinidelashlifah	NORM

Ko	NORM
suka	O
upload	O
ini	O
terus	O
sih	O
sedih	O
banget	O
orang	O
orang	O
yang	O
sayang	O
ama	NORM
beliau	O
rd	O
juga	O
sedih	O
yah	NORM
ikhlas	O
ajah	NORM
sahabat	O
rd	O
aja	NORM
tak	O
ada	O
rd	O
juga	O
wajib	O
ikhlas	O
ajah	NORM
sama	O
tuhan.	O

Ih	NORM
skrng	NORM
jelek	O
bgt	NORM
knp	NORM
ya	O
rambut	O
agnez	O
d	NORM
semir	O
putih	O
kyk	NORM
nenek2	NORM
maaf	O
bukan	O
ngebully	O
ini	O
kenyataan	O

Yoiii..	NORM
kendal	O
look	O
gituuu	NORM
@tiararachma	NORM

Weeeh	NORM
@awna.fitr	NORM
bagiin	NORM
tips	O
suksea	NORM
jadi	O
selebgram	O
loh!	O
Mau?	NORM
Yuk	NORM
join!	O

Cek	NORM
IG	NORM
kita@FARMASIHERBAL	NORM
?	O
Ready	NORM
:	O
Peninggi	NORM
Badan,	NORM
Pemutih	NORM
Seluruh	NORM
Tubuh,	NORM
Pelangsing,	NORM
Vitamin	NORM
Mata	NORM
Minus,	NORM
pengencang	O
&	O
pembesar	O
PAYUDARA	NORM
Invite	NORM
?	O
Pin	NORM
:	O
D049B167	NORM
Wa	NORM
:	O
081321297275	O
LINE	NORM
:	O
@qcl5848n	NORM
|	O
sedia	O
juga	O
Suplement	NORM
Herbal	NORM
utk,	NORM
??	O
menyembuhkan	O
kanker	O
payudara,	O
kolesterol,	O
asma,	O
stroke,	O
diabetes,	O
asam	O
urat,	O
penyakit	O
paru,	O
ginjal,	O
dll.	O
Herbal	NORM
100Alami,	NORM
ada	O
BPOM,	NORM
HALAL	NORM
MUI.	NORM
(HARGA	NORM
PROMO	NORM
DAN	NORM
FREE	NORM
ONGKIIR)	NORM

Fallback	NORM
donk	NORM

Ap	NORM

Aku	NORM
kiri	O
kanan	O
yg	NORM
mana	O
aja	NORM
daah	NORM
???	O
@risnaais	NORM

langgeng	O
trus	NORM
yaa,best	NORM
couple	O
@riodewanto	NORM
@atiqahhasiholan	NORM

Ya	NORM
allah	O
kejadiannya	O
begini	O
amat	O
yah,	NORM
rabb	O
saya	O
titip	O
perempuan	O
salih	O
yg	NORM
telah	O
melahirkan	O
saya	O
dan	O
laki2	NORM
salih	O
yg	NORM
telah	O
menafkahi	O
saya	O
sedang	O
memenuhi	O
panggilanMu	NORM
di	O
baitullah....	O

bg	NORM
uus	O
weleh-weleh....hehe...justkid	O
bg	NORM
@uus__	NORM

Cantik	NORM
banget	O
sihh	NORM
kk	NORM
@aurakasih	NORM
?????	O

Kak	NORM
@natashawilona12	NORM
dari	O
kecil	O
udh	NORM
cantikkkk	NORM
bngtt	NORM
apalagi	O
udh	NORM
besar	O

Kangen	NORM
sekangen2	NORM
nya	O
sumpah	O

Ga	NORM
sakit	O
apa	O
tu	NORM
pala?	NORM

Happy	NORM
birthday	O
abanggku	NORM
sayanggg	NORM
@marcelchandra	NORM

wanita	O
paling	O
cantik	O
menurut	O
sya?	NORM

cinta	O
Mirip	NORM
Ariana	NORM
Grande,,,Cantik	NORM
ga	NORM
bosan	O
Ngeliatnya,,,Sehat	NORM
sll.cinta	NORM

Jadi	NORM
ngapain	NORM
kau	O
tag	O
sama	O
aku	O
cik	O
@tiaragazr	NORM

Mbuh	NORM
pie	O
carane	O
bsk	NORM
weedingku	O
kudu	O
ngene	O
@ivanakosmetik	NORM

Pke	NORM
aja	NORM

@desyfitra	NORM
oh	O
mungkin	O
si	NORM
bencong	O
ngikutin	NORM
mas	O
bram	O
kali	O
nih	O
wkakkwka	O

Aaaa	NORM
hahaa	O
ngakak	NORM
bangett?	NORM

Beli	NORM
dulu	O
@calvinklein	NORM
nya	O
baru	O
foto	O
kek	NORM
gini	NORM
@vanessadjobul	NORM

Selamat	NORM
ya	O
kak	O
@vidialdiano	NORM
:)	O
sukses	O
terus	O
aamiin	NORM

Aamiiin	NORM
yuk	O
moms	O
?	O
order	O
lipstik	O
/	O
kosmetik	O
DISSY	NORM
nya	O
?	O
udh	NORM
terdaftar	O
BPOM	NORM
&	O
MUI	NORM
loh.	O
100%	O
Halal	NORM

Nama	NORM
mimin	NORM
nya	O
adit..yg	NORM
coment	NORM
di	O
atas	O
mbak	O
natalie.	O

@septi_ayu86	NORM
hrs	NORM
nya	O
lo	O
nyadar.fea	NORM
itu	O
ank	NORM
yg	NORM
gk	NORM
tau	O
apa2,ngapain	NORM
lo	O
ngomong	NORM
/ngeluarin	NORM
kta	NORM
yg	NORM
sangat	O
gk	NORM
pantas	O
utk	NORM
ank	NORM
sekecil	O
itu.dmn	NORM
hati	O
nurani	O
lo...	O

@rositanurdia	NORM
KOK	NORM
LU	NORM
TAU	NORM
GUA	NORM
NGOMEN	NORM

Kak	NORM
mila	O
cantik	O
kl	NORM
pakai	O
jilbab	O

Tetap	NORM
profesional	O
yaa	NORM
kak	O
@steeffawilliam	NORM
dlam	NORM
berakting,	O
jangan	O
terpancing	O
dengan	O
smua	NORM
masalah	O
diluarann	NORM
,	O
tunjukan	NORM
yg	NORM
trbaik	NORM
untuk	O
karirMu	NORM

Hi	NORM
cha.	O
Hope	NORM
you	O
read	O
this.	O
You	NORM
seem	O
have	O
a	O
wide	O
and	O
strong	O
heart.	O
Gue	NORM
tau	O
rasanya	O
perbedaan	O
pakai	O
jilbab	O
dan	O
tidak	O
memakainya.	O
Gue	NORM
envy	O
sama	O
lu	O
bisa	O
berani	O
ambil	O
tindakan	O
sesuai	O
hati	O
nurani	O
lu	O
padahal	O
lu	O
artis	O
yg	NORM
dikenal	O
banyak	O
orang.	O
Gue	NORM
yakin	O
lu	O
makin	O
bahagia	O
skrg.	NORM

Duhh	NORM
?	O
yaAllah?	NORM
kenapa	O
harus	O
bercerai	O
berai	O
coba	O
?	O
@ferarosyita	NORM

Gak	NORM
maksud	O

Semoga	NORM
jiwa	O
kepeduliannya	O
kak	O
olga	O
jd	NORM
suriteladan	O
buat	O
kt	NORM
semua,amin.	O

@deryabidin	NORM
baju	O
brownnya	O
macem2	NORM

Ya	NORM
piiik,	O
kek	NORM
gini	NORM
aja	NORM
dah	NORM
cantik,.	O
@novitaresti	NORM
@rozaliafransisca	NORM
@mutiaapriyeni	NORM

@treswaluya	NORM
@sukma.hidayat	NORM
WKWKWKWKWKWKWKW	NORM
ngakak	NORM
tengah	O
malam	O

Q	NORM
awal	O
liat	NORM
cessi	O
di	O
tv	O
dulu	O
waktu	O
sinetron	O
eneng	O
cakep	O
bingiit..	NORM

Selamat	NORM
y	NORM
Pak	NORM
Ahok	NORM

Walaupun	NORM
telat	O
tapi	O
sampein	NORM
salam	O
ira	O
bwt	NORM
mika	O
yach..happy	NORM
birthday	O
nak..smoga	NORM
mika	O
slalu	NORM
jdi	NORM
anak	O
yg	NORM
terhebat	O
bwt	NORM
orang	O
tuany	NORM
n	NORM
jdi	NORM
anak	O
yg	NORM
sholeh	O
n	NORM
disayang	O
Allah..amiiinn	NORM
ya	O
rabbal	O
alamin...	O

Sangat	NORM
mendukung	O
sama	O
yg	NORM
ini	O
,semoga	O
sampai	O
ijap	NORM
kobul	NORM

@elisabetswanda	NORM
mirip	O
ariana	O
baget	NORM
pingin	NORM
bettt	NORM
cantik	O
ya	O

Cantinya	NORM
bunda	O
@maiaestiantyreal	NORM
...awet	O
muda	O
gx	NORM
kyk	NORM
tetangga	O
sebelah...kyk	NORM
mak	O
lampir	O

Lucuuu	NORM
bgt	NORM
@mugirachmawati	NORM

15	O
tahun??	O
pcaranya	NORM
udah	NORM
kyk	NORM
25an	O
ya???	O

Yallah	NORM
so	NORM
sweet	O
bgt	NORM
liat	NORM
dahh	NORM
@a.janilia30	NORM
@ratna.mey1205	NORM
@febryfeby9000	NORM
@rahmawaty5527	NORM

Cantik	NORM
kak..aku	O
mau	O
dong	O
bunga	O
melati	O
nyaaa	NORM
..	O

Jangan	NORM
follow	O
akun	O
ini,	O
Akun	NORM
ini	O
sudah	O
tidak	O
dipakai.	O
Akun	NORM
IG	NORM
JKT48	NORM
adalah	O
ini	O
?	O
@_officialjkt48	NORM
silahkan	NORM
cek	O
kalo	NORM
tidak	O
percaya.	O

Y	NORM
tunggu	O
adek	O
operasi	O
pelastik	NORM
keak	NORM
dia	O
dulu	O
y	NORM
bg	NORM
?wkwkwk	O
@arthuriski	NORM

RIndu	NORM
k	NORM
olga:(	O

Banyak	NORM
yg	NORM
bilang	O
mirip,mirip	O
drimnanya?jauh	NORM
bgt	NORM
cntikan	NORM
dia	O
huu-_-	O
@nikitabalqiis	NORM

Gak	NORM
usah	O
tag	O
video	O
ke	O
aku	O
percuma	O
gak	NORM
akan	O
bisa	O
diliat	NORM
beda	O
hp	O
nya	O
sama	O
hp	O
km	NORM
mah	O
ngabret	O
liat	NORM
apa	O
apa	O
juga	O
???	O
@chitra.nabila	NORM

@rinanose16	NORM
keren,	O
salluutt,	NORM
bahagia	O
terus	O
yaa...	NORM

Edaaaan	NORM
cantiknya	O

Aamiin	NORM
..	O
Foto	NORM
yg	NORM
gk	NORM
pake	NORM
hijab	O
dihapus	O
lbh	NORM
baik	O
mba	NORM

NOAH	NORM
sekarang	O
d	NORM
kota	O
kediri..kk	NORM
sofi	O
ikut	O
gak	NORM
ya.aq	NORM
ngefan	O
nget	NORM
sama	O
kalian	O
berdua.kususnya	NORM
ariel..tapi	O
sayang	O
..gak	NORM
bisa	O
liat..habis	NORM
dinas	O
malam...oh	O
seandainya..bisa	O
ketemu..	O

Hari	NORM
gini	NORM
followers	O
lu	O
dikit?	O
yaelah	O
pakai	O
aja	NORM
fantasypanel.id	O
gratis	O
kok	O
:)	O

Bagi	NORM
aku	O
bagaimana	O
pun	O
bg	NORM
Ali	NORM
tetap	O
aja	NORM
ganteng	O
dan	O
keceee	NORM
nyaa	NORM
apalagi	O
klu	NORM
shalat	O
hhhmmm	O
gilaa	NORM
banget	O
ganteng	O
nya	O
sampai	O
gak	NORM
berkedip	O
mata	O
aku	O
kk???	NORM
@aliandooo	NORM

Chat	NORM
ke	O
WA	NORM
:	O
0857-9305-1973	O
/	O
BBM	NORM
:	O
5B8BE79E	NORM
/	O
LINE	NORM
:	O
@ZHB0594N	NORM
(PAKAI	NORM
@)	O
BETIS	NORM
BESAR?	NORM
KAYA	NORM
TUKANG	NORM
BECAK?	NORM
GA	NORM
COCOK	NORM
DEH	NORM
SIS.	NORM
KINI	NORM
ADA	NORM
ALAT	NORM
AJAIB	NORM
DARI@bigbreastnatural	NORM
SEKARANG	NORM
BETIS	NORM
AKU	NORM
SUDAH	NORM
GA	NORM
BESAR	NORM
LAGI	NORM
LOH,	NORM
MALAH	NORM
PAYUDARA	NORM
YANG	NORM
JADI	NORM
BESAR	NORM
HEHEHEHE	NORM
KARNA	NORM
ALATNYA	NORM
MULTIFUNGSI	NORM
BANGET	NORM
SIS.	NORM
CEPET	NORM
PESEN	NORM
KESINI	NORM
BBM	NORM
:	O
5B8BE79E.	NORM
LINE:	NORM
@ZHB0594N	NORM
(PAKAI	NORM
@)	O

Slamat	NORM
ulan	NORM
tahun	O
buat	O
ka	NORM
cassi	O

Q	NORM
ngefans	NORM
banget	O
sama	O
kk	NORM
gigi	O
n	NORM
kk	NORM
rafi,moga	O
langgeng	O
n	NORM
lahiran	O
nya	O
lancar	O
y	NORM
kak...Amiin...Amiin	NORM
Ya	NORM
Robb...	NORM

Hoamz	NORM
nged:((((	NORM
@rizasptri	NORM

Masi	NORM
cantikan	O
@claurakiehl	NORM
daripada	O
ari..	O
ari	O
is	O
toooooo	O
cute	O
i	O
think...	O

Mas	NORM
@ahmaddhaniprast	NORM
salam	O
buat	O
teh	O
mulan	O
sm	NORM
cium	O
utk	NORM
safea	O
..semoga	O
kehamilan	O
teh	O
mulan	O
lancar	O
dan	O
selalu	O
diberi	O
kesehatan	O
dan	O
kekuatan..	O

Gila	NORM
nh	NORM
orang	O
@ly.lindax	NORM
@gusti_aiyhuamba	NORM

Selfie	NORM
bareng	O
@arianagrande	NORM
dooong	NORM

?	O
Cek	NORM
IG	NORM
kami	O
yuk..	O
Ada	NORM
cookies,	O
kue	O
kering	O
dan	O
berkarakter	O
dijamin	O
lucu	O
dan	O
enak..	O
Ada	NORM
juga	O
accesories,	O
boneka	O
LINE,	NORM
boneka	O
hello	O
kitty	O
import,	O
souvenir	O
pernikahan	O
dll.	O
Dijamin	NORM
lucu	O
bangeett..	NORM
??????????	O

Kk	NORM
@mischach	NORM
jg	NORM
maskulin	O
bgt...liat	NORM
aja	NORM
gayanya	O
di	O
serial	O
anak	O
jalanan...macho	O
ok	O
bgt!??	NORM

Tu	NORM
cik	O
dia	O
baru	O
20	O
thn	NORM
yo	NORM
@nashriatul	NORM

@rchlho	NORM
pinter	NORM
loh	O

Lah	NORM
lo	O
kok	O
nyolot?	NORM
@dirextorr	NORM

Amiin	NORM
@sandradewi88	NORM

Ngiri	NORM
??	O
@lovnitarsyla	NORM

Tetep	NORM
call	O
saya	O
mah,	O
tp	NORM
ya	O
itu	O
mbakx	NORM
senatural	O
n	NORM
simpel	O
itu	O
aja	NORM
syantik,	NORM
la	NORM
kite	NORM
@una_wardhani	NORM
hahahhaa	O

Kak	NORM
@karinasalim	NORM
ngga	NORM
ada	O
kata	O
cuma	O
Wow	NORM
:)	O

kita	O
hanya	O
tau	O
berkomentar.	O
Tp	NORM
cobalah	O
jadi	O
guru	O
dulu	O
selama	O
setahun	O
supaya	O
bisa	O
tau	O
jadi	O
seorang	O
guru	O
itu	O
bgmn.	NORM
Apalg	NORM
hadapi	O
yg	NORM
naka.	NORM
tdk	NORM
gampang	O
Loh	NORM
jd	NORM
guru.	O

Aamiin	NORM
@sriritonga152	NORM

Bukan	NORM
main	O
PEMUTIH	NORM
,&,	O
PELANGSING	NORM
yang	O
ada	O
di@FARMASIHERBAL	NORM
kesehatan	O
bner	NORM
bner	NORM
keren	O
bnget.	NORM
udah	NORM
prodaknya	NORM
halal,	O
100herbal,	O
dan	O
PERMANEN	NORM
pula.	O
poko	NORM
nya	O
bagi	O
agan	O
dan	O
sista	O
yang	O
masih	O
cari	O
cari	O
prodak	NORM
yg	NORM
aman	O
konsultasikan	O
langsung	O
ke	O
ahlinya	O
ga	NORM
bkal	NORM
nyesell	NORM
dehh.	NORM
PUAS	NORM
BANGET	NORM
poko	NORM
nya.invite	O
Pin	NORM
:	O
D049B167	NORM
Wa	NORM
:	O
081321297275	O
LINE	NORM
:	O
@qcl5848n	NORM
(BIG	NORM
PROMO+FREE	NORM
ONGKIR)	NORM

Pas	NORM
msuk	NORM
kelas	O
gek	O
kita	O
peragain	NORM
ya	O
shayyy???	NORM
@iralestarii20	NORM
@karsytamaya	NORM
@wandatriagustini	NORM
@shintiawulandari28	NORM
@antika_29	NORM
@devasentiya	NORM
@yuniprht04	NORM

Lanjutkaaaaan	NORM
ncek?	NORM
hiduppp	NORM
ncek	NORM

Makin	NORM
dewasa	O
yaaa	NORM
teh..	O
Jadi	NORM
pribadi	O
yg	NORM
lebih	O
baik	O
happy	O
milad	O
??	O

Dan	NORM
lagi,	O
emg	NORM
kalo'	O
tinggal	O
di	O
indonesia	O
gk	NORM
boleh	O
suka	O
sma	NORM
karya	O
luar	O
ya??	O
Sedangkan	NORM
idola	O
lo	O
sendiri	O
suka	O
sma	NORM
artis	O
luar!!	O
Gimana	NORM
dong???	O
@herra09	NORM

Lucuuu	NORM
bngttt	NORM
ngegmesin	NORM

Kita	NORM
kapan	O
kaya	NORM
gini	NORM
sama	O
seungri	O
??	O
@popywf	NORM
@widy_sr	NORM

Aamiin	NORM
amiinn	NORM
ya	O
Rabbal	NORM
allamin	O

Mba,	NORM
apakah	O
harus	O
di	O
sekolah	O
kebutuhan	O
khusus	O
bila	O
kondisinya	O
spt	NORM
Mika,	NORM
adik	O
ipar	O
ku	O
tanda2nya	NORM
spt	NORM
Mika.	NORM
Mohon	NORM
dijwb.	NORM
Tks	NORM

TOP	NORM
bnk	NORM
ariel...	O
gaya	O
g	NORM

Ka	NORM
jesica	O
katanya	O
orang	O
kristen	O

@ulanandari	NORM
iaa	NORM
wkwkwk	O
??	O

Jadu	NORM
flashback	O
waktu	O
ali	O
prilly	O
diundang	O
ke	O
inbox	O
pertama	O
kali?	O
@citra_152696	NORM

astgfrullah?	NORM

Duetin	NORM
aurel	O
sama	O
KRISDAYANTI	NORM
dongg	NORM

G	NORM
bosen	NORM
liat	NORM
ini...?	O

Lucuuu	NORM
iiii????	NORM
@sarahns_14	NORM
@kunti_ayu_sekarini	NORM
@rismamelatiii	NORM

?Vitamin	NORM
mata	O
minus	O
keren	O
itu	O
ga	NORM
pake	NORM
kacamata	O
?buktiin	NORM
deh	O
tapi	O
lepas	O
kaca	O
mata	O
malah	O
burem	NORM
luar	O
biasa?	O
chat	O
order	O
yu	NORM
biar	O
ga	NORM
bingung?pelangsing,pemutih,peninggi,	O
penggemuk,dan	O
pembesar	O
payudara	O
juga	O
ada	O
loh	O
(	O
HARGA	NORM
TERMURAH	NORM
SE-INDONESIA	NORM
DAN	NORM
FREE	NORM
ONGKIR)	NORM
Ingin	NORM
tau	O
tips	O
tinggi	O
&	O
langsing	O
secara	O
gratis?	O
Cek	NORM
ig	O
kami	O
dan	O
temukan	O
rahasianya,	O
ada	O
cara	O
memutihkan	O
secara	O
alami	O
,	O
PENAWARAN	NORM
SPECIAL	NORM
ADA	NORM
PEMBESAR	NORM
PAYUDARA	NORM
loh	O
;)	O
Ingin	NORM
tau	O
tips	O
tinggi	O
&	O
langsing	O
secara	O
gratis?	O
Cek	NORM
ig	O
kami	O
dan	O
temukan	O
rahasianya,	O
ada	O
cara	O
memutihkan	O
secara	O
alami	O
,	O
PENAWARAN	NORM
SPECIAL	NORM
ADA	NORM
PEMBESAR	NORM
PAYUDARA	NORM
loh	O
;)	O
?????	O
?????	O
!!!	O
Herbal	NORM
Alami	NORM
aman	O
tanpa	O
efek	O
samping.	O
Ada	NORM
BPOM,	NORM
HALAL	NORM
MUI.(	NORM
HARGA	NORM
PROMO	NORM
DAN	NORM
FREE	NORM
ONGKIR	NORM
SE-INDONESIA)	NORM
Follow	NORM
utk	NORM
Testimoni	NORM
???	O
Info@PASAR.HERBAL	NORM
Info@PASAR.HERBAL	NORM
Info@PASAR.HERBAL	NORM
Pin:	NORM
D0CEFD9B	NORM
/	O
Wa:	NORM
081564794890	O
Pin:	NORM
D0CEFD9B	NORM
/	O
Wa:	NORM
081564794890	O
Pin:	NORM
D0CEFD9B	NORM
/	O
Wa:	NORM
081564794890	O
?	O
produknya	O
aman	O
banget	O
?	O
ga	NORM
ada	O
efek	O
samping	O
dan	O
ketergantungan?	O
,	O
Udah	NORM
dapat	O
sertifikat	O
?	O
BPOM	NORM
dan	O
?	O
Halal	NORM
MUI	NORM
juga	O
(y	NORM

Nek	NORM
iki	O
pasang	O
wajah	O
iriiiii	NORM
banget	O
@dindamoe2th	NORM

yg	NORM
berbehel	O
memang	O
mematikan	O
@ernalailars	NORM

Ga	NORM
nyangka	NORM
,	O
tinggi	O
ku	O
nambah	NORM
6cm	O
dalam	O
waktu	O
15	O
hari	O
,	O
widih	O
mantap	O
abis	NORM
prodak	NORM
dari@DR.FIRZA_HEALTHY.HERBAL	NORM
.	O
bener	NORM
bener	NORM
deh	O
prodak	NORM
nya	O
sangat	O
ampuh	O
banget	O
,	O
ga	NORM
nyesel	NORM
aku	O
konsultasi	O
sama@DR.FIRZA_HEALTHY.HERBAL	NORM
ga	NORM
sia	O
sia	O
deh	O
dengan	O
hasil	O
nya	O
yang	O
memuaskan	O
.	O
thanks	O
banget	O
ya@DR.FIRZA_HEALTHY.HERBAL	NORM

Hhahaa	NORM
sibukx	NORM
semua	O
in	NORM
haters	O

@cutiemochi_	NORM
satu	O
lg,	NORM
gw	NORM
ksh	NORM
lu	O
satu	O
ayat	O
yg	NORM
ada	O
di	O
alkitab	O
lu,	O
yohannes	O
17:3	O
itu	O
jg	NORM
menurut	O
lu	O
sampah???...??	O
baek2	NORM
lu..	O

Ngaca	NORM
woy!	O
?	O
@its.indira.fd	NORM

@mutiadevii	NORM
ntab	NORM

@cuttiffannyy	NORM
gilaaa	NORM

@mulanjameela1	NORM
kalo	NORM
mau	O
minta	NORM
maaf	O
..temui	O
bunda	O
@maiaestiantyreal	NORM
,	O
tatap	O
matany	NORM
.bukan	O
tatap	O
kamera	O
?klo	NORM
kyk	NORM
gni	NORM
makin	O
byk	NORM
haters	O
..	O
bukan	O
simpati	O
.	O

Terharuuu???	NORM

Aplks	NORM
apa	O
ini	O

Dr	NORM
kecil	O
udah	NORM
cantik	O
bgtt	NORM

Follow	NORM
?	O
IG@HERBALL_ALAMICINA??	NORM
Ingin	NORM
muka	O
putih	O
senatural	O
mngkin	NORM
?	O
?	O
Menghilangkn	NORM
bekas	O
jerawat	O
?	O
NUTRISI	NORM
utk	NORM
kulit	O
?di	O
sini	O
ada	O
??Product	NORM
Herbal	NORM
Alami	NORM
utk	NORM
masalah	O
Anda	NORM
:)	O
untuk	O
info	O
lebih	O
lanjut??	O
invite	O
PIN	NORM
:	O
D2538B6C	NORM
,	O
LINE	NORM
:	O
herball_alamicina	O
dan	O
WHATSAPP	NORM
:	O
085871398440	O

Jd	NORM
rmbut	NORM
s	NORM
prilli	O
g	NORM
botak	O
?	O
Kok	NORM
kayak	O
asli	O
itu	O
ya..	O
rambutnya	O
kan	O
pjg	NORM
mna	NORM
bisa	O
s	NORM
tutupin	NORM
@teresadinanovitalia	NORM

Kereen	NORM

Nyanyi	NORM
bareng	O
lagi	O
di	O
Bandung	NORM
dong	O
ka?	NORM
@aliandooo	NORM
jadiin	NORM
pliss!	O

Yg	NORM
marcel	O
yg	NORM
pakai	O
kalung	O
,	O
yg	NORM
mischa	O
yg	NORM
ga	NORM
pakai	O
kalung	O
,	O
yg	NORM
tengah	O
pacar	O
kak	O
marcel	O
@marcelchandra	NORM

Seorang	NORM
'	O
Tuhan'	NORM
putus	O
asa?	O
Mengapa	NORM
tdk	NORM
dia	O
pakai	O
kekuasaannya	O
sbg	NORM
Tuhan	NORM
utk	NORM
melepaskannya	O
dr	NORM
kayu	O
salib??..mengapa	O
dia	O
menjerit	O
meminta	O
pertolongan	O
Allah??	NORM
Itulah	NORM
logika	O
?	O
@chrystoruan	NORM

Pasangan	NORM
idaman	O
gua	O
bgt	NORM
nih..	O
??	O

Nico...mau	NORM
no	O
hp	O
nya	O
donk	NORM

wihhh	NORM
kakakkk	NORM
cantik	O
bgt	NORM

Nah	NORM
sanmar	O
ky	NORM
qt	NORM
je	O
dlu	NORM
sklinyaa	NORM
@rebecca.olivia22	NORM

@imririeaj	NORM
suk	NORM
suka	O
saya	O
dong	O
mau	O
komen	O
kapan.	O
Emang	NORM
sosial	O
media	O
dan	O
hak	O
komen	O
saya	O
harus	O
ditentukan	O
oleh	O
anda?	O
Emang	NORM
anda	O
siapa	O
boleh	O
ngatur	NORM
saya	O
komen	O
kapan	O
dan	O
dimana?	O
Jangan	NORM
SOK	NORM
sopan	O
jadi	O
orang	O
kalo	NORM
belum	O
paham	O
apa	O
itu	O
sopan!	O

Ko	NORM
kaya	NORM
ngikutin	NORM
kendalljenner	O
ya	O

irwansyah	O
terlihat	O
lebih	O
bahagia	O
yaaa	NORM
wkwkkwwkwk	O
@khusnanl	NORM

Arsy	NORM
muka	O
nya	O
cantik	O
n	NORM
lucu	O
bgt,	NORM
she's	NORM
like	O
an	O
angel,,	O
jd	NORM
tema	O
nya	O
angel	O
from	O
heaven	O
?	O

MashaAllah,	NORM
selamat	O
ya	O
teteh	O
@rinanose16,	NORM
semoga	O
dg	NORM
berhijabnya	O
smakin	NORM
mnambh	NORM
ktaatan	NORM
pd	NORM
Allah,	NORM
dijauhkan	O
dr	NORM
panasnya	O
api	O
neraka,	O
didekatkan	O
dg	NORM
jodohnya...Amin.	NORM
Kudukung	NORM
perjuanganmu	O
memakai	O
hijab,	O
keep	O
istiqomah	NORM
fisabilillah!	O

klo	NORM
cwek	NORM
namax	NORM
ranafita	O
rafi	O
nagita	O

Uhh?	NORM

@desypurbawati	NORM
@rensyokta	NORM
gw	NORM
mau	O
komen	O
lg	NORM
nih	O
?	O

pake	NORM
ganteng	O
mb,,kalok	NORM
adek2	NORM
mu,,mirip	O
ibumu	O
jd	NORM
beda	O
sndri	NORM
dr	NORM
km,,km	NORM
cantik	O
mancung	O

Kk	NORM
@jscmila	NORM
klau	NORM
pakai	O
jilbab	O
cannnnntikkkkkkk	NORM
bangettt	NORM
,	O
mukax	NORM
kayak	O
bercahaya	O
gitu	NORM

Hahahaha,,,	NORM
lucu	O
bnget	NORM
muka	O
kang	O
sule.	O
Ko	NORM
baju	O
om	O
andre	O
klpat.	O

Terharu	NORM
semangat	O
cha	O
syg	NORM
:')	O

Aamiin	NORM
yaa	NORM
Allah...	NORM

Cantik	NORM
bgt	NORM

Mirip	NORM
g?	NORM
@putdevd	NORM

Jelek	NORM
gitu	NORM
kalian.	O
Bilang	NORM
cantik	O

Mau	NORM
dianter	NORM
kemana	O
mas?	O
Ke	NORM
pelaminan?	O
@irsyadabdillah	NORM

Safeak	NORM
beda	O
bingiittt	NORM
sm	NORM
Amora	NORM
anak	O
KD...Amora	NORM
dr	NORM
kecil	O
aja	NORM
sudh	NORM
kelihatan	O
santun	O
dan	O
berkelas..tp	NORM
klu	NORM
sapiah	O
anak	O
cireng	O
ini	O
dr	NORM
kecil	O
dah	NORM
kelihatan	O
kasar	O
(nampar	NORM
anak	O
bebi	O
romeo)	O
dan	O
tukan	NORM
rebut	O
mainan	O
teman	O
persis	O
mbok	O
e	O
tukang	O
rebut	O
laki	O
majikan	O
???	O
buah	O
jatoh	NORM
gk	NORM
jauh	O
dr	NORM
pohonnya	O

mas	O
anang,	O
ko	NORM
di	O
snapchatnya	O
aurel,	O
mereka	O
lg	NORM
pergi	O
bersama	O
mba	NORM
ashanty	O
juga,	O
tp	NORM
yang	O
nyupir	NORM
ko	NORM
azriel?	O
bukannya	O
dia	O
baru	O
15	O
tahun	O
ya?	O

?	O
?	O
?	O
?	O
Langkah	NORM
?	O
AMAN	NORM
TANPA	NORM
EFEKSAMPING,	NORM
terbukti	O
dan	O
terjamin	O
kasiatnya	NORM
lirik	O
yuk	O
langsung	O
saja	O
invite	O
BBM	NORM
;	O
D327B6D7	NORM
whats	O
app	O
:	O
081222798256	O
Add	NORM
line	O
@eau2931e	NORM
.	O
Yuk	NORM
order	O
:)	O
?	O
O?KIR	NORM
?	O
?R???	NORM
BESAR	NORM
BESARAN	NORM
?	O

Isyana	NORM
alisnya	O
ga	NORM
prnh	NORM
diapa2in	NORM
yaak	NORM

Emang	NORM
bagus	O
ternyata	O
suaranya	O
@ayavailable90	NORM

@a_rosyidin	NORM
@rpramudiarta	NORM
@ashimadzorif	NORM
yoooiii	NORM
insyaAllah	NORM
daah	NORM

Cantik	NORM
ya	O
kLo	NORM
make	NORM
kerudung	O

Wow	NORM
pengen	NORM
foto	O
bareng	O
sama	O
tiffany	O
snsd	O

Atau	NORM
sama	O
artis	O
muda	O
kyk	NORM
PRILLY/ALIANDO/AED	NORM

PAYUDARA	NORM
KECIL,	NORM
KENDUR,	NORM
BESAR	NORM
SEBELAH	NORM
SETELAH	NORM
MENYUSUI??	NORM
PASTI	NORM
BELUM	NORM
FOLLOW@CARASEHATID	NORM
,	O
YUUK	NORM
TEMUKAN	NORM
RAHASIANNYA,	NORM
ATAU	NORM
INVITE	NORM
BBM	NORM
:	O
5FB2512C.	NORM

Teteh	NORM
makin	O
cantik	O
pake	NORM
jilbab..	O
congrat	O
teten..	O
@rinanose16	NORM

Kak	NORM
mod,	O
congrats	O
yaaaa	NORM

PELOPOR	NORM
YUKENSI	NORM
DRESS	NORM
DASTER	NORM
TERMURAHHH	NORM
DI	NORM
@dcottonism	NORM
@dcottonism	NORM

Iya	NORM
betul	O
jangan	O
kaya	NORM
bgitu	NORM
yaa	NORM
kak	O
@novisyahreza	NORM

Bulet,	NORM
gede	O
pula.	O
mahkotanya	O
?	O

Baguuuuus	NORM
banget....	O

KALIAN	NORM
LAGI	NORM
MENCARI	NORM
ALAT	NORM
PEMBESAR	NORM
PAYUDARA	NORM
YANG	NORM
AMPUH??	NORM
YANG	NORM
BISA	NORM
BENER-BENER	NORM
MERUBAH	NORM
PAYUDARA	NORM
KALIAN	NORM
JADI	NORM
BESAR	NORM
DAN	NORM
KENCANG??	NORM
NIH	NORM
AKU	NORM
KASIH	NORM
REKOMENDASINYA,	NORM
ITU	NORM
ADA	NORM
DI@BIGBOOBSBEAUTY	NORM
JAWABANYA	NORM
SEMUA,	NORM
PRODUKNYA	NORM
AJAIB	NORM
BANGET,	NORM
CUMA	NORM
DALAM	NORM
KURUNG	NORM
WAKTU	NORM
ITUNGAN	NORM
MINGGU,	NORM
SUDAH	NORM
TERLIHAT	NORM
PERUBAHANYA	NORM
PADA	NORM
PAYUDARA	NORM
SAYA,	NORM
KALIAN	NORM
MAU	NORM
JUGA??	NORM
PIN	NORM
BBMNYA	NORM
NIH	NORM
5F3A981A	NORM
WA:	NORM
087823694432	O

Hy	NORM
kak	O
salsa	O
cantik	O

Lebih	NORM
cantik	O
pake	NORM
jilbab	O
kak	O
@maudyayunda	NORM

ini	O
kan	O
kita	O
ya	O
del,inget	NORM
ga?WKWKWK	NORM
@snowdhel	NORM

Kata	NORM
someonenya	O
hrs	NORM
dicapslock	O
buat	O
aku	O
deh	O
juy,	O
hehe	O
aamiin	NORM
yaa	NORM
?	O
#jodohpastibertemu	NORM
@junisapatricia	NORM

God	NORM
Is	NORM
Love	NORM
?	O
itu	O
dkuburnya	NORM
daerah	O
mana	O
iya..	O

Keren	NORM
banger	NORM

Kapan	NORM
gini?@vanissazera	NORM

@oryzzay	NORM
ga	NORM
bisa	O
ga	NORM
keren	O
kayanya	O

Cantik	NORM
banget	O
dan	O
cooocok	NORM

Keren	NORM
jago	O
bhet	NORM
bhs	NORM
inggrisny	NORM

Hahahah	NORM
@devinurin_mrsimran	NORM
lha	NORM
iya??ini	O
post	O
nya	O
sharusnya	NORM
jg	NORM
buat	O
dia	O
sndiri	NORM

Benet	NORM
bangetttt	NORM
tuu	NORM

gak	NORM
mau	O
kebukaaa	NORM
@intansetyawatii	NORM

yaaAllahhhhhhh	NORM
gemesnya	NORM
tirrr????	O
@mutiarasantika17	NORM

Aamiin	NORM
ya	O
allah	O

Foto	NORM
kaya	NORM
gini	NORM
dong	O
hon	O
@ekasundana	NORM

Hmpir	NORM
Kyak	NORM
kak	O
chel	O
ama	NORM
kak	O
glen?beneran	NORM
dehh	NORM

Elah	NORM
ini	O
yg	NORM
spam	O
produk	O
ngeselin	NORM

Langsung	NORM
jatuh	O
hati	O
sama	O
kak	O
@karinasalim	NORM
setelah	O
nonton	NORM
film	O
ini	O
.	O
cantik	O
dan	O
imut	O
bgt	NORM
.	O
filmnya	O
juga	O
bagusss	NORM
bgt	NORM
.	O
sampe	NORM
nonton	NORM
2	O
kali	O

@chrystoruan	NORM
hrsnya	NORM
jwb	NORM
komen	O
sy	NORM
dgn	NORM
menjelaskan	O
pertanyaan	O
saya,	O
bkn	NORM
seolah	O
bijaksana	O
tp	NORM
tdk	NORM
menjelaskan	O
perkara.	O
Sy	NORM
kan	O
bertanya	O
yg	NORM
benar	O
Tuhan	NORM
yesus	O
atau	O
Tuhan	NORM
Allah?	NORM
Mrk	NORM
dua	O
pribadi	O
yg	NORM
berbeda	O
kan?	O
3	O
malah..3	O
pribadi	O
berbeda	O
tapi	O
1,	O
kan	O
gk	NORM
masuk	O
akal.	O
Budi,	NORM
rudi,	O
andi	O
tapi	O
mrk	NORM
adlh	NORM
1.	O
Agama	NORM
itu	O
bkn	NORM
cm	NORM
iman	O
tp	NORM
jg	NORM
logika.	O
Bagaimana	NORM
org	NORM
bs	NORM
beriman	O
kl	NORM
tdk	NORM
masuk	O
logika?	O
Itu	NORM
tdk	NORM
lbh	NORM
dgn	NORM
doktrin,	O
dipaksakan.	O

Aku	NORM
malu	O
banget	O
sama@DR.DEENAN_FASHION.KESEHATAN.	NORM
Dulu	NORM
aku	O
DC	NORM
BBM	NORM
nya	O
karna	NORM
ngga	NORM
percaya	O
sama	O
sekali	O
sama	O
produknya?	O
Tapi	NORM
aku	O
invite	O
lagi	O
karna	NORM
penasaran?	O
waktu	O
aku	O
coba	O
pemutih	O
seluruh	O
badan	O
sama	O
pelangsing	O
nya,	O
takjub	O
banget	O
perubahannya?	O
Bener2	NORM
rubah	O
total?	O
gak	NORM
nyesel	NORM
deh.	O
?	O
Ayooo	NORM
patut	O
dicoba!	O
Langsung	NORM
aja	NORM
cek@DR.DEENAN_FASHION.KESEHATAN	NORM
mumpung	O
ada	O
promo	O
hihi?	O
:	O

anjir	O
masih	O
bayi	O
aja	NORM
bnyk	NORM
yg	NORM
ngehina,	NORM
gmna	NORM
makin	O
gede.	O
nyahaha.	O

@anggara_ta2626	NORM
luar	O
biasahhh	NORM

Yuppss	NORM
Bunda	NORM
Maia..	NORM
idolaku..	O

Cantik	NORM
bngt	NORM

Ato	NORM
neneng	O

Tgl	NORM
9-15	O
akan	O
ke	O
lombok	O
kok	O
:)	O
@angga_dwitya	NORM

Apapun	NORM
profesi	O
kita...seyogyanya	O
menghindari	O
kekerasan	O
thdp	NORM
anak...senakal	O
apapun	O
anak...dan	O
apapun	O
kenakalannya...kita	O
perlu	O
aware	O
knp	NORM
anak	O
tsb	NORM
nakal...anak	O
nakal	O
adalah	O
stigma	O
yg	NORM
terkadang	O
menyesatkan...bisa	O
jadi	O
krn	NORM
salah	O
pola	O
asuh	O
atau	O
lingkungan...tentu	O
bukan	O
salah	O
anak	O
scr	NORM
mutlak	O
bukan...saya	O
pernah	O
mengajar	O
yg	NORM
1	O
kelas	O
anaknya	O
super	O
duper	O
nakal...hampir	O
semua	O
tdk	NORM
bisa	O
mengatasi...akhirnya	O
saya	O
tertantang	O
utk	NORM
memegang	O
kelas	O
tsb...hasilnya	NORM
adalah...yg	NORM
tadinya	O
liar...mrk	NORM
bisa	O
saya	O
kontrol...kuncinya	O
adalah	O
tulus	O
dan	O
sabar...pdhl	NORM
ada	O
yg	NORM
kurang	O
ajar	O
bhkn	NORM
provokator	O
utk	NORM
mnyerang	O
saya	O
spy	NORM
tdk	NORM
betah	O
di	O
kelas	O
mrk...yg	NORM
penting	O
kita	O
ikhlas	O
dan	O
jgn	NORM
membuat	O
tembok	O
kpd	NORM
mrk...hasilnya	NORM
mencengangkan...bahkan	O
mrk	NORM
akhirnya	O
mau	O
terbuka	O
knp	NORM
mrk	NORM
nakal	O
dll...dari	O
situ	O
saya	O
justeru	NORM
bisa	O
membantu	O
menolong	O
sbg	NORM
tempat	O
share	O
dan	O
terapi...mengarahkan	O
mereka...boleh	O
percaya	O
atau	O
tidak...saya	O
hanya	O
butuh	O
waktu	O
2	O
hari	O
utk	NORM
menakhlukan	O
mereka...yg	NORM
penting	O
hati	O
kita	O
adem...aura	O
pasti	O
sampai	O
pada	O
mereka	O
klo	NORM
kita	O
t	O

Knp	NORM
Bocah	NORM
Gendeng	NORM
@ahmad.adha	NORM

nice	O
iyah	NORM

aku	O
bisa	O
bedain.	NORM
aku	O
ngefans	NORM
sama	O
yang	O
kanan	O
kak	O
@marcelchandra	NORM

Azekkkk	NORM
,kak	O
Encis.	NORM
@kristisetiawan	NORM

Gilakkkkk	NORM
awk	NORM
fly	O
@riskymonikaa	NORM

Ganteng	NORM
bangetsi	O
duaduanya	O
elaaaahhhh??	NORM

Susah	NORM
bgt	NORM
bedainnya!!dari	NORM
muka	O
sih	O
sama	O
tapi	O
dari	O
sifat	O
agak	O
berbeda	O

MasyaAllah	NORM
cantik	O
bgt	NORM

kalo	NORM
nambah	NORM
umur	O
@novantari	NORM
@siskeik	NORM
@yennilena	NORM
LOL	NORM

Met	NORM
hari	O
netaas	NORM
kak!?	O
Wish	NORM
you	O
all	O
the	O
best	O
@tulusm	NORM

Pibesdey	NORM
tetehh....	NORM
sukses	O
selalu	O
tehhh	NORM
???????	O

Gak	NORM
diajari	O
etika	O
yah	NORM
mas	O
oleh	O
orang	O
tua	O
nya	O
haha	O
@nikodemusbkristian	NORM

Ammin.....ya	NORM
allah	O

Emg	NORM
smua	NORM
hal	O
btuh	NORM
proses.	O
Yg	NORM
pnting	NORM
niat	O
n	NORM
usaha.	O
Mie	NORM
yg	NORM
ktanya	NORM
instan	O
aja	NORM
msh	NORM
perlu	O
bebrp	NORM
step	O
sblum	NORM
siap	O
santab	NORM
d	NORM
atas	O
piring.	O
Iya	NORM
kan?!	O
:)	O
moga	O
@rinanose16	NORM
diistiqomahkan	O
dlm	NORM
kebaikan	O
ya	O
Robb..Aamiin..	NORM

Congrats	NORM
kakkkk!	NORM

aaahh	NORM
kangen	O
kak,	O
mau	O
nonton	NORM
bareng	O
lagii	NORM
u,u	NORM
@karinasalim	NORM

Ngga	NORM
pang	O
@dessypuspits	NORM

@wdydara	NORM
woconen	O
komen2an	NORM
e	O
wkwkwkkwkwkw	O

Stevan	NORM
kok	O
mau	O
sichh	NORM

ngtain	NORM
org	NORM
najis	O
kya	NORM
g	NORM
pernah	O
beol	O
aja	NORM
lo	O
@ranurainih	NORM

Sipit	NORM
bgt?	NORM

yuuk	NORM
ukhtii	O
yg	NORM
mau	O
cari	O
berbagai	O
hijab,	O
ada	O
khimar	O
2	O
warna,	O
khimar	O
wolfis	O
..gamis,	O
kaos	O
murah..	O
harga	O
terjangkau,	O
tersedia	O
berbagai	O
ukuran,	O
bahan	O
adem,	O
gak	NORM
nerawang,	NORM
insyaa	O
alloh	NORM
kualitas	O
gak	NORM
mengecewakan	O

@ashleycarmen28	NORM
i	O
ketemunya	O
yang	O
Mischa...	NORM
Udah	NORM
fix	O
banget??	O

syantiiiiikkkkkkkkkkkk	NORM
??????	O

Bagusnyeee	NORM
?	O
@hafidmiftahul	NORM

Mirip	NORM
suami'y...	NORM

Aamiin...	NORM

Nau	NORM
kamu	O
ingin	O
ngasih	NORM
tiket	O
ke	O
mami	O
papi	O
kamu	O
haji	O
gk?	NORM
#nauraQnA	NORM

Nih	NORM
gar,	O
mba	NORM
mba	NORM
gojek	O
cantik	O
bgt.	NORM
Lo	NORM
mau	O
ga	NORM
dianterin?	NORM
@ryanhegar	NORM

Hanya	NORM
org	NORM
yg	NORM
beriman	O
yg	NORM
bisa	O
memahami	O
jd	NORM
kamu	O
tdk	NORM
perlu	O
menjelaskan	O
secara	O
teori,	O
itu	O
soal	O
kepercayaan	O
seseorang	O
krn	NORM
kepercayaan	O
itu	O
bukan	O
logika,	O
Ok	NORM
@_777el	NORM

Emang	NORM
nyeplak	NORM
bgt	NORM
kyk	NORM
miminya	O
nih	O
si	NORM
aurel.	O
KD	NORM
Jr.	NORM
Wkwk	NORM

Mau	NORM
hidup	O
SEHAT	NORM
bonusnya	O
langsing	O
dan	O
cantik..	O
Mau	NORM
turun	O
berat	O
badan	O
3-50	O
kg	O
tanpa	O
efek	O
samping	O
serta	O
bergaransi..	O
Yukk	NORM
follow	O
IG	NORM
ku	O
dan	O
temukan	O
solusinya.	O

Selamat	NORM
ya	O
Icha...semoga	NORM
sehat	O
selalu	O
dgn	NORM
babynya.slm.	NORM

Kak	NORM
olga	O
saputtra...	O
Smog	NORM
allah	O
mnerima	NORM
amal	O
baikxa...	NORM
dan	O
membawa	O
iman..	O

Dan	NORM
si	NORM
exo	O
L	NORM
tdi	NORM
plagiat	O
seluruh	O
hasil	O
karya	O
exo.	O
Dan	NORM
waktu	O
3	O
member	O
itu	O
keluar	O
dri	NORM
exo,	O
si	NORM
exo	O
L	NORM
juga	O
ngeluarin	NORM
3	O
member	O
dari	O
grup!!	O

Aku	NORM
do.ain	NORM
kakak	O
terus	O
kayak	O
gini	NORM
ya	O
@rinanose16	NORM
selalu	O
pake	NORM
hijab,,pakaian	O
tertutup,,,dan	O
istiqomah	NORM
amin	O
amin	O
amin	O

Ngefans	NORM
banget	O
sama	O
kaka?	NORM
sukses	O
selalu	O
ka?	NORM
@tulusm	NORM

Sy	NORM
pernah	O
jd	NORM
guru	O
walau	O
hanya	O
sebentar,	O
memang	O
jd	NORM
guru	O
harus	O
punya	O
hati	O
seluas	O
samudera	O
(kalo	NORM
lebaynya	O
mah)	O
dan	O
itu	O
tidak	O
mudah.	O
Dan	NORM
jika	O
anak	O
sy	NORM
mndpt	NORM
kekerasan,	O
mau	O
dr	NORM
siapapun	O
itu	O
pst	NORM
sy	NORM
akan	O
skt	NORM
hati.	O
Mungkin	NORM
hanya	O
dicubit,	O
tp	NORM
seorang	O
ibu	O
melahirkan	O
anak	O
dengan	O
mempertaruhkan	O
nyawa.	O
Tdk	NORM
sedikit	O
juga	O
yang	O
menunggu	O
untuk	O
punya	O
anak.	O

Ya	NORM
tuhan	O
,	O
sampe	NORM
lupa	O
kalo	NORM
kak	O
olga	O
uda	NORM
kaga	NORM
ada	O
...	O
Tadi	NORM
bru	NORM
nton	NORM
film	O
"mengejar	O
cinta	O
olga"	O
liat	NORM
film	O
itu	O
jdi	NORM
keinget	NORM
sama	O
kak	O
olga	O
...	O

ANJIRRR	NORM
UDAH	NORM
S2	NORM
-___-	O
baru	O
ngeh	NORM

Itu	NORM
gua	O
apa	O
gmana	NORM
sih?	O
@syifawt	NORM

Nyanyi	NORM
nya	O
lucu,,,	O
nex	O
serius	O
amatt	NORM
ngk	NORM
tau	O
tau	O
nya	O
hilang	O
kosentrasi,,,	O
senyum	O
gt,,,	NORM
hahaha	O
,,,tetep	NORM
gokilll	NORM
hehehehe	O

@bayoespeed	NORM
baguuus	NORM
nih	O
jepretannya	O

Tpi	NORM
kocak	O

Mocha	NORM
aja	NORM
kak..	O

Muraaaaah!!!	NORM
Stock	NORM
ready,	O
no	O
PO!!!	NORM
Hijab	NORM
saudia	O
pashmina	O
dan	O
square,	O
beli	O
5	O
pcs	O
100rb,	NORM
cek	NORM
aja,	NORM
ig	NORM
gk	NORM
di	NORM
gembok	NORM

mungkin	O
kalau	O
kesalahannya	O
hanya	O
bandel	O
karena	O
tidak	O
mengerjakan	O
PR	NORM
atau	O
mencontek	O
saat	O
ulangan,	O
nah	O
jaman	O
sekarang	O
nakalnya	O
anak	O
sekolah	O
udah	NORM
beda,	O
udah	NORM
berani	O
ngumpat2	NORM
sama	O
gurunya,	O
itu	O
sudah	O
merupakan	O
pelecehan	O
juga	O
kan,	O
masih	O
banyak	O
lagi	O
yang	O
lebih	O
parah,	O
murid	O
nantangin	NORM
gurunya	O
buat	O
ribut,	O
kan	O
memang	O
sudah	O
diluar	O
batas,	O
bukan	O
cuman	O
gurunya	O
aja	NORM
yang	O
bakal	O
mukul	O
kalo	NORM
kayak	O
gtu,	NORM
siapapun	O
juga	O
bakalan	O
tega	O
ngegampar	NORM
tuh	O
anak2	NORM
yang	O
kayak	O
gitu,	NORM

Duet	NORM
sm	NORM
bunda	O
ajah???	NORM

Parah	NORM
emg	NORM
@yuliffaa	NORM

Kaka	NORM
cita	O
gak	NORM
salah	O
udah	NORM
rekomendasiin	NORM
soal	O
pelangsingnya@dr.arief.herbal	NORM
,	O
baru	O
juga	O
20	O
hari	O
udah	NORM
turun	O
6kg,	O
tanpa	O
olahraga	O
berlebihan	O
:)	O

Daripada	NORM
gak	NORM
ada	O
kerjaan,	NORM
tambahin	NORM
aja	NORM
followersmu	O
di	O
fantasypanel.id	O
,	O
gratis	O
kok	O
:)	O

Coba	NORM
pas	O
aku	O
msh	NORM
hamil	O
diginikan	NORM
@brigitayol	NORM

@amaliamandasari	NORM
untuk	O
nakutin	NORM
malingg	NORM
cocokk	NORM
niihh	NORM
wkwkkw	O

Postingan	NORM
pertama	O
ini	O
tanda	O
kesedihan	O
bagi	O
diriku	O
karena	O
idolaku	O
telah	O
hilang	O
dan	O
digabtikan	NORM
oleh	O
aisyah	O
radiallahuanhu	O

Kerennn	NORM
?	O

Yg	NORM
inii	NORM
cannntikk	NORM
banggett?	NORM

Gx	NORM
ngerti	NORM
aku	O
mah....coba	O
ada	O
yg	NORM
bisa	O
terjemahan...	O

Hari	NORM
ini	O
belum	O
disuntik	O
Jing??	NORM
Suntik	NORM
Anjing	NORM
rabies	O
makanya	O
gila	O
Lo	NORM
kambuh	O
lg	NORM
ya????????	O
@artisn	NORM

Jilbabnya	NORM
kek	NORM
gini	NORM
aja	NORM
@andinadarsono	NORM

@_777el	NORM
semua	O
agama	O
itu	O
baik	O
adanya	O
hati2	NORM
sma	NORM
perkataanmu	O
menghina	O
yg	NORM
menciptakan	O
manusia	O
hahahah	O
smua	NORM
agama	O
itu	O
sma	NORM
cma	NORM
caranya	O
aja	NORM
yg	NORM
berbeda	O
gak	NORM
usah	O
sok	O
nasehatin	NORM
blm	NORM
tentu	O
situ	O
jg	NORM
menjalankan	O
agamanya	O
dgn	NORM
baik	O
kan???	O
Jgn	NORM
menghakimi	O
sesama	O
manusia	O
krna	NORM
sesungguhnya	O
penghakiman	O
itu	O
hnya	NORM
milik	O
Tuhan	NORM
??	O

hbd	O
kak...sorry	O
ya	O
kak	O
bru	NORM
ngucapin?	NORM

Cantik	NORM
kak	O
pake	NORM
hijab	O
??	O
@maudyayunda	NORM

Untuk	NORM
yg	NORM
cwe	NORM
kitty	O
aja	NORM
klo	NORM
yg	NORM
cwo	NORM
bruno	O

Mikaaa	NORM
cakep	O
arabian	O
baby	O
bgttt	NORM
@zahratuljannah	NORM
semoga	O
pjg	NORM
umur	O
yahhh	NORM
syg	NORM
adeeek	NORM
jd	NORM
anak	O
soleh	O
amin	O
yra	O

Serem	NORM
serem	NORM
bgt	NORM
komennya	O
???	O

Nggak,	NORM
itu	O
cuma	O
film?	O
@revinnasafdaniimanu	NORM
#bantujawab	NORM

Dressya	NORM
buat	O
cowo	NORM
vanessa	O
buat	O
cewe?	NORM

Ahhh	NORM
my	O
fav???	NORM

MasyaAllah	NORM
@maudyayunda	NORM
cantik	O
sekali	O
klau	NORM
mnutup	NORM
aurot	NORM

ALLAHUAKBAR	NORM
.	O
SALUT	NORM
!	O
Bener2	NORM
Bela	NORM
agama	O
islam	O
dengan	O
pengetahuan	O
yg	NORM
dalam.	O
Ga	NORM
cuma	O
asal	O
ngomong	NORM
tong	O
kosong	O
nyaring	O
bunyi,	O
tapi	O
emang	NORM
betul2	NORM
paham	O
dan	O
mendalami	O
pengetahuan	O
agama	O
islam	O
dan	O
agama	O
lain	O
dan	O
membela	O
islam	O
karna	NORM
BENAR.	NORM
Sudah	NORM
saya	O
liat	NORM
semua	O
komen	O
@khamadbahadi	NORM
dari	O
awal	O
komen	O
sampe	NORM
akhir.	O
Allahuakbar!	NORM

Sweger	NORM
@irfaul.izzi	NORM

Helleh,kalian	NORM
koment	NORM
negatif.	O
Udah	NORM
ksh	NORM
prestasi	O
apa	O
k	NORM
jakarta??	O
Mulut	NORM
kayak	O
pantat,sukanya	O
koment	NORM
yg	NORM
negatif	O

Wajar	NORM
klau	NORM
naksir	NORM
kmu	NORM
cwek	NORM
ak	NORM
laki2	NORM

Kpn	NORM
d.bikinin	NORM
kya	NORM
gini	NORM
yah	NORM
@wisnu_widjaya	NORM

Hai	NORM
zahra	O
syg..aq	NORM
beneran	NORM
terharu	O
baca	O
postingan	O
qmu..aq	NORM
dokter	O
jdi	NORM
tw	NORM
gimana	NORM
sdkit2	NORM
tntg	NORM
penyakitny	NORM
si	NORM
jagoan	O
mika..InsyaAllah	NORM
gak	NORM
da	NORM
yg	NORM
gak	NORM
mgkin	NORM
klo	NORM
Allah	NORM
sudah	O
berkehendak..yg	NORM
penting	O
qmu	NORM
n	NORM
mika	O
slalu	NORM
sabar..kuat	O
n	NORM
slalu	NORM
rajin	O
bwt	NORM
ngajarin	NORM
mika	O
tntg	NORM
pa	NORM
pun..krn	NORM
smakin	NORM
rajin	O
qmu	NORM
ajak	O
dy	NORM
interaksi	O
spt	NORM
anak	O
laenny	NORM
maka	O
mika	O
jga	NORM
InsyaAllah	NORM
bisa	O
lebih	O
baik	O
dri	NORM
anak	O
laenny	NORM
jga..doakan	NORM
ira	O
jga	NORM
yach	NORM
smoga	NORM
bsa	NORM
dapet	NORM
momongan	O
scpatny..amiinnn	NORM
trus	NORM
semangat	O
yach	NORM
bwt	NORM
mika..	O

Ajaib	NORM
produknya	O
ka	NORM
,	O
banyak	O
orang	O
yg	NORM
bilang	O
ke	O
aku	O
muka	O
aku	O
lebih	O
bersih	O
dan	O
putih	O
garagara	NORM
produk	O
MASKER	NORM
JERAWAT	NORM
daril@DR_BEAUTY_FASHION	NORM
yg	NORM
di	NORM
rekomendain	NORM
kaka	NORM
,	NORM
makasih	NORM
ya	O
ka.	NORM

amiiiiiiiiiinnnnnnn????	NORM

God	NORM
job	O
for	O
Pak	NORM
Ahok,	NORM
pengen	NORM
lihat	O
Jakarta	NORM
makin	O
kece	O
di	O
tangan	O
beliau	O
di	O
tahun"	NORM
mendatang	O
biar	O
makin	O
betah	O
tinggal	O
di	O
Jakarta	NORM

Cute	NORM
bgt	NORM
kuenya	O
biasa	O
aja	NORM
yang	O
bkn!!!	NORM

Sesekk	NORM
Nafass	NORM
mas	O
nick	O
sumpah.	O
Love	NORM
you	O
bgtt	NORM
lah..	O
?	O

Hahaha	NORM
kk	NORM
lucu	O

Ak	NORM
kra	NORM
balon	O
@sindymikelaa	NORM

Gaya	NORM
nya	O
g	NORM
nahannnn???????	NORM

Ti	NORM
plis	O
bgt	NORM
ini	O
knp	NORM
@anshilalala	NORM
?	O
XD	NORM

Tinggal	NORM
tambahim	NORM
cadar	O
aja	NORM

Yaaang??@febriiade	NORM

Wkwkkwkwk	NORM
gak	NORM
logika	O
kan????????????????	O

Tapi	NORM
tetep	NORM
ganteng	O
kok	O
bng	NORM
@aliandoo	NORM

Ini	NORM
Ariana	NORM
apa	O
cincha	O
loowrrr	O
?????	O
Miripp	NORM
banget	O
yakk	NORM
??	O

@achaaslp23	NORM
@ansf_29	NORM
yappp???	NORM

Nyesel	NORM
nge-tag	O
kmu,	NORM
maen	NORM
ngaku"	NORM
aja	NORM
@shoopyah	NORM
?	O

Hahaha	NORM
lucuu...kocak	NORM

Akun	NORM
haters	O
membawaku	O
kesini????	O
gilsss	NORM
@rpusta	NORM

allhamdulillah	O
msih	NORM
ada	O
pria	O
kyak	NORM
gini	NORM
??	O

Iiiihhhhhj	NORM
emeessss	NORM
@wisnu.anjani	NORM

kak	O
@karinasalim	NORM
keren	O
actingnya,,,	O
aku	O
suka	O
banget	O
filmnya	O
#raksasadarijogja	NORM
jadi	O
mengobati	O
masa2	NORM
rindu	O
kuliah	O
di	O
jogja,	O
the	O
best	O
?	O

Ya	NORM
Allah	NORM
anak	O
kecil	O
ngk	NORM
punya	O
salah	O
sama	O
kalian	O
kok	O
pda	NORM
menghujat,sdgkn	NORM
family	O
pak	O
@ahmaddhaniprast	NORM
jgk	NORM
ngk	NORM
meminta	O
apa"dari	NORM
kalian	O
kn,	NORM

Mirip	NORM
bgt	NORM
sama	O
kak	O
@zahratuljannah	NORM
..	O
Semoga	NORM
sehat	O
selalu	O
yaa	NORM
mika	O
??	O

Ubur2	NORM

Cantik	NORM
sekali	O
kak	O
cinta?	O
aku	O
salah	O
satu	O
fans	NORM
yg	NORM
terinspirasi	O
dg	NORM
prestasi	O
dan	O
semangat	O
kak	O
cinta	O
dan	O
kak	O
cinta	O
salah	O
satu	O
role	O
model	O
aku	O
yeay.	O
Semoga	NORM
banyak	O
org	NORM
islam	O
yg	NORM
seperti	O
kak	O
cinta	O
yg	NORM
open	O
minded.	O
Love	NORM
you!?	O

Alhamdulillah,slmt	NORM
utk	NORM
teh	O
rina	O

Sumpah	NORM
ini	O
malah	O
suaminya	O
yg	NORM
romantis	O
bgt	NORM
@_kikiyzakiah	NORM

Roti	NORM
sobeknya	O
pengen	NORM
bgt	NORM
bisa	O
megang	NORM
?????	O

@inesnugroho	NORM
gak	NORM
nes.	O
Miripan	NORM
tadi.	O
Wkwkwk	NORM

@gitasihombing6.	NORM
Sirik	NORM
aja	NORM
lu	O
.	O
Lagian	NORM
beda	O
keles	NORM
.	O
.kan	O
nabila	O
arab	O
jadi	O
konsep	O
nya	O
begitu	O
.	O
Bnyak	NORM
bunga	O
.	O
Saya	NORM
aja	NORM
tingal	NORM
di	O
arab	O
.pernikahn	NORM
orang	O
arab	O
pada	O
gitu	NORM
semua	O
.konsep	O
nya	O
...jadi	O
ga	NORM
usah	O
ngtain	NORM
Kaya	NORM
g	NORM

Itu	NORM
pcarny	NORM
kak	O
marcel..hahah	O
yg	NORM
kri	NORM
lah	O
kak..	O
??	O

?	O
jgn	NORM
sampai	O
Tinggi	NORM
Badan	NORM
kamu	O
menghambat	O
Cita-cita	NORM
pgn	NORM
jd	NORM
Polisi,	NORM
Polwan,	NORM
TNI,	NORM
Pramugari,	NORM
dll.	O
Ready	NORM
?	O
Suplement	NORM
Peninggi	NORM
Badan	NORM
Terbaik	NORM
Dunia	NORM
??	O
Terbuat	NORM
dari	O
bahan	O
Herbal	NORM
Alami.	NORM
Follow@dokterbeauty/	NORM
Konsultasikan	NORM
?	O
Pin	NORM
5FB42757	NORM
WA	NORM
&	O
Line	NORM
cek	O
di	O
Bio.	NORM
Tanpa	NORM
efek	O
samping,	O
ada	O
BPOM,	NORM
HALAL	NORM
MUI.	NORM

hi	O
kak,	O
kita	O
mau	O
endorse	O
bisa	O
hub	NORM
kmn	NORM
ya?	O
hehe	O
klo	NORM
bs	NORM
respon	O
ya??	O

?	O
FOLLOWIG@CANTIK_SIMPLE	NORM
Ga	NORM
perlu	O
repot2	NORM
oles2	NORM
pakai	O
cream,	O
putih	O
nya	O
pun	O
ga	NORM
merata?	O
Ckup	NORM
minum	O
vitaline	O
dptkan	NORM
kulit	O
mulus	O
putih	O
merata	O
?	O
Yuk	NORM
order	O
vitaline	O
nya	O
always	O
ready	O
stock	O
?	O
PIN	NORM
583AD19E	NORM
WA+6289666342881	NORM
add	NORM
IdLine	NORM
Cantik_simple	NORM

WAWWWWW	NORM
WAAAWW	NORM
WAAAWWWW	NORM
MANTAPP	NORM
BANGETTTT	NORM
PERUBAHAN	NORM
TUBUH	NORM
AKU	NORM
BERKAT	NORM
PRODUK@QUEEN_BEAUTY_NATURAL	NORM
ASALNYA	NORM
AKU	NORM
TAKUT	NORM
PAKE	NORM
PRODUK	NORM
NYA,	NORM
TAPI	NORM
SETELAH	NORM
AKU	NORM
COBAAA,	NORM
GAK	NORM
NYESEL	NORM
DEHHH	NORM
AKU	NORM
PAKE	NORM
PRODUK	NORM
NYA	NORM
KEREN	NORM
BANGET.	NORM
ADD	NORM
5D885B1C	NORM
JAMINAN	NORM
HARGA	NORM
DISTRIBUTOR	NORM
!!	O

Cantik	NORM
nya	O
mba	NORM
@therealdisastr	NORM
?	O

kapan	O
kita	O
foto	O
kayak	O
begini	O
kak?	O
pke	NORM
calvin	O
klein	O
@zalinnnn_	NORM
???	O

Astagfirrullah	NORM
te-,	O
@anamaghfiroh82	NORM

Hahahhaa	NORM
@vincentrompies	NORM
lu	O
senang	O
banget	O
kek	NORM
nya	O
bang	O
@desta80s	NORM

HARI	NORM
GINI	NORM
MASIH	NORM
DIET	NORM
KETAT	NORM
BUAT	NORM
JADI	NORM
LANGSING?	NORM
UDH	NORM
GA	NORM
JAMAN	NORM
KALII	NORM
,	O
SOLUSI	NORM
TERBAIK	NORM
DAN	NORM
TERCEPAT	NORM
PAKE	NORM
PRODUK	NORM
DARI@QUEEN_BEAUTY_NATURAL	NORM
AJAA	NORM
CEK	NORM
IGNYA	NORM
INFO	NORM
LENGKAP	NORM
HUBUNGI	NORM
LANGSUNG	NORM
5D885B1C	NORM
JAMINAN	NORM
HARGA	NORM
DISTRIBUTOR	NORM
!!	O

15	O
tahun	O
su	O
pacarn	NORM
model	O
bgni	NORM
.	O
Kalah	NORM
ktg	NORM
@ronald_knoxville	NORM
.	O
Hahahhahahha	NORM

Sexi	NORM
bundaaaa	NORM

Siippp	NORM
siippp	NORM

ngejudge	O
hidup	O
org	NORM
lahh	NORM
hidup	O
loh?	O
Lebih	NORM
baik	O
dri	NORM
Mulan	NORM
?	O
Lebih	NORM
bahagia	O
gtu?	NORM
Mending	NORM
lu	O
masuk	O
kmar,	NORM
duduk	O
diemm,	NORM
Dan	NORM
tnggu	NORM
karma	O
lohh	NORM
dteng.	NORM
Hahaha	NORM
maaf	O
nihhh	NORM
anjing	O
guee	NORM
ketawain	NORM
lohh	NORM
tuh	O

kemana	O
org	NORM
nya	O
ngilang	NORM
dikatain	NORM
buluk	O
hahahhaha	O
@maiakaiama	NORM
maluuu	NORM
yaaaa	NORM
banyak	O
yg	NORM
hujat	O
lu	O
ternyata	O

AWALNYA	NORM
SIH	NORM
RAGU	NORM
tapi	O
sekarang	O
AKU	NORM
YAKIN	NORM
BANGET	NORM
karena	O
di@KECANTIKAN_SAHABAT_ARTIS	NORM
keinginan	O
aku	O
punya	O
WAJAH	NORM
YG	NORM
MULUS	NORM
bener2	NORM
jadi	O
KENYATAAN.	NORM
pin	O
bbm:	O
5FA808D5	NORM

@danlee48	NORM
ada	O
yg	NORM
sakit	O
hati	O
nie	NORM
hehe	O
ISIS?	NORM
tau	O
apa	O
kmu	NORM
soal	O
isis?	O
Ah	NORM
ga	NORM
percaya	O
saya	O
klo	NORM
Anda	NORM
udh	NORM
punya	O
anak.	O
Pengalaman	NORM
hidup	O
dan	O
lingkungan	O
itu	O
ksh	NORM
pengaruh	O
besar	O
seseorang	O
dlm	NORM
berpendapat	O
atas	O
suatu	O
kasus	O
mas.	O
Kaitannha	NORM
ama	NORM
koruptor	O
ya	O
soal	O
hukuman	O
yg	NORM
diberikan	O
pd	NORM
ibu	O
Guru	NORM
itu.	O
Ya	NORM
sud,	NORM
silahkan	NORM
mas	O
Danlee	NORM
yg	NORM
pinter	NORM
dgn	NORM
pendapatnya.	O

@archeldodotz	NORM
pake	NORM
hair	O
clip	O
kyknya	NORM

Purwakarta	NORM
dong	O
ka?kali	NORM
kali	O
aja	NORM
ChiBi	NORM
kn	NORM
blom	NORM
ke	O
purwakarta	O
jawa	O
barat	O
ChiBi?	NORM

Dimana	NORM
ini	O
bgs	NORM
bgt	NORM

Para	NORM
judgement	O
muncul	O
semua	O
dah....oalaaaa...#tepokjidataja	NORM

gtu	NORM

banget.....	O
y	NORM
alloh	NORM
smpe	NORM
saat	O
ini	O
msh	NORM
trsa...	NORM
khadirannyA	NORM

Pengen	NORM
kurus	O
kayak	O
niki	O
ka	NORM
:(	O
@nabilagadry	NORM

Besuk	NORM
pankapan:vv	NORM
@savitriazahra	NORM

Aldo	NORM
aldi	O
kalo	NORM
udh	NORM
gede	O
@stefanietjandra	NORM
@niaclauu	NORM

JUJUR,	NORM
AWALNYA	NORM
SUAMI	NORM
NGELARANG	NORM
BELI	NORM
ALAT	NORM
PENGENCANG	NORM
PAYUDARA	NORM
DI@onbeautyherbal	NORM
,	O
AKHIRNYA	NORM
NGOTOT	NORM
BELI	NORM
DAN	NORM
SETELAH	NORM
BEBERAPA	NORM
HARI	NORM
PAKE	NORM
SUAMI	NORM
MALAH	NORM
TAMBAH	NORM
SENENG	NORM
&	O
SUKA	NORM
SAMA	NORM
PERUBAHANNYA	NORM
;)	O
ADMINNYA	NORM
NIH	NORM
-->	O
NIH	NORM
HUB	NORM
ADMINNYA	NORM
BBM	NORM
D08E90DE	NORM
WA	NORM
+6281917776959	O
.	O

Baiklah...	NORM
terima	O
kasih	O
untuk	O
yang	O
udah	NORM
seru2an	NORM
di	O
love	O
comment..	O
sekali	O
lagi	O
mohom	NORM
maaf	O
jika	O
gak	NORM
bisa	O
kebalas	NORM
semua...	O
thank	O
you	O
yaaa	NORM

G	NORM
da	NORM
yg	NORM
mw	NORM
kk	NORM

Cantikkkk..	NORM
Mirip	NORM
arianegrande	O

Aslinya	NORM
cntik	NORM
sekali....pingin	NORM
peluk	O
lgsung	NORM
.....	O

Harus	NORM
nya	O
@mulanjameela1	NORM
meminta	O
maaf	O
kepada	O
Maia	NORM
@maiaestiantyreal	NORM
khususnya	O
dan	O
publik	O
umumnya	O
krn	NORM
sudah	O
melakukan	O
pembohongan	O
publik	O
loh.	O
Jelas2	NORM
di	O
media	O
pernah	O
Mulan	NORM
menyangkal.	O
Skg	NORM
sdh	NORM
terlihat	O
jelas	O
kl	NORM
mulan	O
istri	O
Dhani.	NORM
Makanya	NORM
banyak	O
yg	NORM
menghujat.	O
Sebaiknya	NORM
meminta	O
maaf	O
utk	NORM
closure	O
juga	O
buat	O
diri	O
sendiri	O
dan	O
masyarakat	O
luas.	O
saya	O
mah	O
kepikiran	O
efek	O
ke	O
anak2nya.	NORM
Percuma	NORM
nyebut2	NORM
nama	O
Tuhan	NORM
tetapi	O
menyakiti	O
hati	O
orang	O
lain.	O
I	NORM
seriously	O
have	O
no	O
respect	O
towards	O
women	O
who	O
take	O
away	O
another	O
women's	NORM
happiness.	O
It's	NORM
unspeakable	O
and	O
horrible	O
thing	O
to	NORM
do.	NORM
But	NORM
I	NORM
pray	O
for	O
you,	O
Mulan,	NORM
semoga	O
anak2mu	NORM
tetap	O
penuh	O
sukacita	O
menjalani	O
kehidupan	O
mereka	O
dan	O
tegar.	O

Kk	NORM
ganteng	O
bgtt	NORM
sihhhh	NORM

GR	NORM
banget	O
lau	NORM
@davinasria	NORM

Kngen	NORM

BANYAK	NORM
YANG	NORM
JUAL	NORM
ALAT	NORM
PEMBESAR	NORM
PAYUDARA	NORM
MHCA	NORM
TAPI	NORM
HANYA	NORM
DI@WOMANBEAUTY.CARE	NORM
KAMU	NORM
BISA	NORM
DAPETIN	NORM
ALAT	NORM
PEMBESAR	NORM
PAYUDARA	NORM
TERMURAH	NORM
TERCEPAT	NORM
DAN	NORM
TERBAIK	NORM
BBM	NORM
D30054B4	NORM
whatsapp	O
082240956605	O

Alhamdulillah..	NORM
Ka	NORM
gina	O
makin	O
cantik	O
make	NORM
hijab	O
?	O
@missnyctagina	NORM
inshaAllah	NORM
istiqomah	NORM
ya	O
kaaaaa?	NORM

Mau	NORM
ditabok	O
duit	O
tiap	O
hari?	O
Mau	NORM
dapat	O
duit	O
banyak	O
hanya	O
dengan	O
main	O
hp?	O
Yuk	NORM
join	O
bareng	O
aku.di	O
database	O
supplier	O
,,,kepoin	NORM
ig	O
aku	O
yuk,,dibimbing	O
sampe	NORM
bisa	O
loh	O
kak,,	O
kapan	O
lagi	O
bisa	O
jadi	O
jutawan	O
muda	O
???	O

Serasi	NORM
bgt?@ichasoebandono	NORM

@im.jemavers	NORM
nmnya	NORM
@_officialjkt48	NORM

Omaigattt???	NORM
ayah	O
stress	NORM
nih	O
gegara	O
bunda	O
nikah	O
sm	NORM
mas	O
wisnu??	O
@ashrafsinclair	NORM
@dewisandra	NORM

Ah	NORM
udah	NORM
berkali	O
kali	O
ngocok	NORM
tetep	NORM
keluar	O
lit	O
ni	NORM
foto	O

Iseng	NORM
aja	NORM
yaa	NORM

Pingin	NORM
daftar	O
nih	O

Iya	NORM
modelnya	O
gthu	NORM
...	O
tp	NORM
diriku	O
lebih	O
panjang	O
@ndani25	NORM
?	O

@nadanad2	NORM
imuttzz	NORM

Allah,	NORM
merinding	O
liatnya	NORM
?	O

@aymliasr	NORM
kalo	NORM
iya	O
foto	O
bareng,	O
nambahh	NORM
item	O
kalah	O
putih????	O

Keren	NORM
gk	NORM
no	O
@mutiaranovashadiqah	NORM

Kakak	NORM
cantik	O
bgt	NORM

Aduhhh	NORM
all	O
hpus	NORM
dong	O
fto	NORM
si	NORM
mulan	O
ini...coba	O
pjang	NORM
bunda	O
maia	O
all	O

Hahahahhahaa..	NORM
Btw	NORM
anak	O
e	O
tora	O
ayu	O
jg	NORM
yaaa..	NORM
@magdalena_marpaung	NORM

@muharramfajar	NORM
ngakak	NORM
nih	O
des	O
haha	O

UNYU	NORM
BANGETTT	NORM
?	O

it	NORM
di	O
qatar	O
begok	NORM
bkan	NORM
di	O
banda	O
??@sarita.sarita	NORM

Cp	NORM
ny	NORM
bikin	O
ngkkkkkk,,yg	NORM
ad	NORM
pengikut	O
makny	NORM
perebut	O
suami	O
orng,,,,,wdooohhh,,ank	NORM
ap	NORM
y,,,ehemmmm	NORM

@mncnct	NORM
kpn	NORM
mon	O
kek	NORM
gni	NORM
wkwk	O

Hy	NORM
kak	O

Kendall	NORM
bgt	NORM
yak?!	NORM
Ayoook!!!	NORM
@rurymegan029	NORM

Cantik	NORM
bgttt	NORM

teteh	O
alis	O
kita	O
mirip	O
ya.	O
cmn	NORM
nasibnya	O
doang	O
yg	NORM
beda...	O

Hehee.	NORM
Kan	NORM
aku	O
udah	NORM
ke	O
Solo	NORM
sama	O
Surabaya	NORM
kemariin	NORM
?	O
Next	NORM
film	O
yaaaa	NORM
sama	O
@filmsalawaku	NORM
coming	O
soon..	O
|	O
@ariestaneneng	NORM
@niasuseno	NORM

nike	O
ardila???	O
sekilas	O
bund	NORM
??	O

mab	O
@rinanose16	NORM
makin	O
cantik	O
mbk..	NORM

Suara	NORM
nya	O
kak	O
niki	O
bagus	O
bgt	NORM
keren	O
??	O

Kakak	NORM
wkt	NORM
kecil	O
kig	O
gendut??	O
@natashawilona12	NORM
...	O
Mirip	NORM
bgt	NORM
sama	O
adik	O
kelasku	O
namanya	O
angel	O

@oggyyusta	NORM
apanya	O
ya	O
yg	NORM
mirip	O
ngeliat	NORM
foto	O
ini	O
ngerasa	NORM
mirip	O
km	NORM

Kalo	NORM
aku	O
sih	O
lebih	O
perhatiam	NORM
sm	NORM
karyanya	O
aj,	NORM
dri	NORM
pd	NORM
kehidupan	O
pribadinya	O
bagaimanapun	O
jg	NORM
mas	O
dhani	O
ttp	NORM
orang	O
yg	NORM
hebat,smpe	NORM
detik	O
ini	O
aku	O
ttp	NORM
ngefens	O
sm	NORM
mas	O
dhani,	O
hidup	O
ahmad	O
dhani..	O

Pipine	NORM
glembeeeer	NORM
@yunitatriwar_	NORM

FOLLOWERSSS	NORM
CUMA5RIBUAN	NORM
AJAHHH	NORM
JOOX	NORM
VIPPP	NORM
10RIBUA	NORM
AJAAA	NORM
????	O

Rokok	NORM
slalu	NORM
membuat	O
ariel	O
semakin	O
lakik	NORM

Cantik	NORM
dan	O
imut	O
banget	O
sihhh	NORM
kak	O
wilona	O

Bgs	NORM

@herrubowh	NORM
ih	O
suka	O
bet	NORM
suaranya	O

aamiin	NORM

Hahhahaha	NORM
aduh	O
pada	O
ributin	NORM
pepesan	O
kosong...???	O

Ah	NORM
mau	O
kesinii	NORM
gemay	NORM
@zuldinayaka	NORM

Njirrr	NORM
teu	O
sopan	O
@axelfrdrk	NORM
@dioapriliyanto	NORM

Wanita	NORM
gak,tau	NORM
malu	O
senang	O
bget	NORM
hancurin	NORM
rmh	NORM
tangga	O
orang	O

Manta	NORM
terasa	O
pacar	O
??	O

@omahketje	NORM
jiaah	O
gebleg	NORM
hahaha	O
tp	NORM
asli	O
nih	O
gojek	O
ya,	O
gw	NORM
mau	O
dong	O
dianterin	NORM
:(	O

Cocok	NORM
bangets	NORM

Aku	NORM
wes	O
roh	O
gambar	O
iki	O
@dhestyindah	NORM
syediiihhh	NORM
akuuu.	NORM
Ahahahah	NORM

Yeuh	NORM
biar	O
ga	NORM
kesepian	O
@wanaanugerah	NORM

Bismillah	NORM
yaa	NORM
tehhh	NORM
semoga	O
Istiqomahhh	NORM
tehhhh	NORM

Cantiikk...	NORM

Amora	NORM
lucu	O
bgt	NORM

Hndak	NORM
kh	NORM
?	O
@_hairunnisaasri	NORM

Kesini	NORM
yuuuuk	NORM
@davirizky_mlg	NORM
@adityalol_lol	NORM
@cici_nufaa	NORM
@diadjeng_	NORM
@khusnunnajibsofyan	NORM

Pipinyaaa	NORM

Sama..	NORM
aku	O
juga	O
dari	O
duluu..	NORM
dari	O
dia	O
masih	O
kinclong	O
mukanya..	O
sampe	NORM
dia	O
jadi	O
gagah	O
dan	O
tangguh	O
kayak	O
gini..	NORM
???	O
@aries6737	NORM

KALIAN	NORM
LAGI	NORM
MENCARI	NORM
ALAT	NORM
PEMBESAR	NORM
PAYUDARA	NORM
YANG	NORM
AMPUH??	NORM
YANG	NORM
BISA	NORM
BENER-BENER	NORM
MERUBAH	NORM
PAYUDARA	NORM
KALIAN	NORM
JADI	NORM
BESAR	NORM
DAN	NORM
KENCANG??	NORM
NIH	NORM
AKU	NORM
KASIH	NORM
REKOMENDASINYA,	NORM
ITU	NORM
ADA	NORM
DI@QUEEN_BEAUTY_NATURAL	NORM
JAWABANYA	NORM
SEMUA,	NORM
PRODUKNYA	NORM
AJAIB	NORM
BANGET,	NORM
CUMA	NORM
DALAM	NORM
KURUNG	NORM
WAKTU	NORM
ITUNGAN	NORM
MINGGU,	NORM
SUDAH	NORM
TERLIHAT	NORM
PERUBAHANYA	NORM
PADA	NORM
PAYUDARA	NORM
SAYA,	NORM
KALIAN	NORM
MAU	NORM
JUGA??	NORM
PIN	NORM
BBMNYA	NORM
NIH	NORM
5E51CC82.	NORM

@apriliabudi_a	NORM
wenakk	NORM

@jelitamrs	NORM
ttp	NORM
ayu?	O

Pusing	NORM
Mikirin	NORM
Tagihan	NORM
Credit	NORM
Card	NORM

Kita	NORM
nonton	NORM
bareng	O
lagi	O
yuk	O
kyk	NORM
dulu	O
@fitripuspitavidyarini	NORM
:D	O

Follback	NORM
dong	O
kk	NORM

Ad	NORM
yg	NORM
tau	O
ga	NORM
seeh	NORM
info	O
ttg	NORM
keluarga	O
@nicholassaputra	NORM

Pake	NORM
lipstick	O
apa	O
yach?	NORM

@thisistjrashid	NORM
every	O
time	O
tgk	NORM
mo	NORM
I	NORM
tgk	NORM
u.	NORM

Tiii	NORM
aku	O
makeupin	O
ginii	NORM
asik	O
kayanya	O
@tiararachma	NORM

Fakta	NORM
fersi	O
lu	O
@avry_sitohang	NORM
,......ok	O
lah	O
aurel.	O
Pan	NORM
cabe	O
juga	O
saling	O
suprt	O
sasama	NORM
cabe	O
....beda	O
nya	O
lu	O
cabe	O
ga	NORM
jelas	O
klo	NORM
aurel	O
cabe	O
MALINKUNDANG	NORM

Ka	NORM
mw	NORM
share.lo	O
thu	NORM
sutra	O
dah	NORM
gurih...tu	NORM
boleh	O
g	NORM
z....	NORM

Nike	NORM
Ardilla	NORM
cakep	O
bgt	NORM

Comment	NORM
nya	O
16k	NORM
lebih	NORM
edaaan,	NORM
emg	NORM
bener2	NORM
kelahiran	NORM
yg	NORM
di	NORM
tunggu2	NORM
sama	O
Indonesia	NORM
nih.	O
Sehat2	NORM
ya	O
a	O
sama	O
teh	O
nagita	O
dan	O
dede	NORM
Rafathar	NORM
nya	O
:)	O

Masyaallahhh...kerennn	NORM

Ini	NORM
org	NORM
nih	O
yg	NORM
dulu	O
ngajak	NORM
pilih	O
Jokowi.	NORM
MENGECEWAKAN	NORM

Mirip	NORM
harley	O
quinn	O
bgt	NORM
?	O
Indonesia	NORM
punya	O
@afda_nadjib	NORM

Ka	NORM
mila	O
cantik	O
pk	NORM
jilbab	O

@mohdabirafdi	NORM
udah	NORM
dong	O

1	O
menit	O
lagiiii	NORM
aaaaaaaaa??	O
pokok	O
nya	O
yg	NORM
tanya	O
harapan	O
buat	O
kedepan	O
yg	NORM
pasti	O
pingin	NORM
bisa	O
lebih	O
baik	O
lagi	O
yg	NORM
pasti	O
belajar	O
menjadi	O
pribadi	O
yg	NORM
kuat	O
sayang	O
Tuhan	NORM
keluarga	O
sahabat	O
orang	O
lain.	O
Yg	NORM
terpenting	O
ingin	O
lebih	O
istimewa.	O
Muacc	NORM
see	NORM
you	O
bhayy	O
bhaay????	O

Fotonya	NORM
emang	NORM
pantes	NORM
diposting	O

Kok	NORM
jam	O
segini	O
kak	O
@riko_0013	NORM
blm	NORM
kasi	NORM
kabar	O
ya?	O

Pgen	NORM
ya	O
@vnatalio_	NORM

Lah	NORM
gua	O
suka	O
korea	O
jg	NORM
ga	NORM
gitu2	NORM
amat,	O
biarin	NORM
ajalah	O
org	NORM
mau	O
kaya	NORM
gimana	NORM
hahhaa	O
aneh	O
ada	O
aja	NORM
orang	O
kaya	NORM
lo	O
@meilisa_kyungsoo_	NORM
???????????????????????????	O

Mau	NORM
gimana	NORM
pun	O
tetep	NORM
nganteng	NORM
?	O

Amiien	NORM
smoga	NORM
ganteng	O
kayak	O
bapak	O
nya...ha	O
ha	O

Jgn	NORM
percya	NORM
kepada	O
jasa	O
hack	O
facebook	O
itu...mohon	O
bgi	NORM
yg	NORM
follow	O
dia,tlg	NORM
comment	O
di	O
ig	O
dia,bahwa	O
dia	O
itu	O
menipu...sya	NORM
sdri	NORM
sdh	NORM
kena	O
tdi	NORM
siang,ikhlas	O
aja	NORM
mgkin	NORM
bkn	NORM
rezeki	O
sya	NORM
duet	O
nya	O
itu..	O
@natalie.susanto	NORM
@mayaariaa	NORM
@riana_sitha	NORM
@fransroebie	NORM
@frencha_always	NORM
@matalentik	NORM
@rusmini_ayu,,tlg	NORM
ya	O
sist,coment	NORM
di	O
ig	O
dia,blg	NORM
bhwa	NORM
itu	O
penipuan,kasian	NORM
dgn	NORM
yg	NORM
lain	O
nya,ig	O
sya	NORM
sdh	NORM
di	O
blocknya..	O

Wkwk	NORM
suipit	NORM
jan..	NORM
y	NORM
wkwk	O
ngomong	NORM
aj	NORM
matanya	O
gk	NORM
kelihatan	O
bk	O
ketawa	O
piye??	O
@ditaapdh	NORM

ini	O
orang	O
apa	O
bkn?	NORM
busetdah:(	O
@fikriyyahnf	NORM

Semenjak	NORM
ada	O
mulan	O
jameela,al	O
el	O
dul	O
suka	O
macem2.kl	NORM
sama	O
bunda	O
maia	O
keliatan	NORM
ga	NORM
neko2	NORM

ada	O
...	O
Father	NORM
?	O
ya	O
Allah	NORM
el	O
,	O
anak	O
pinter	NORM
anak	O
manis	O
aku	O
sayang	O
kamu	O
?	O
aku	O
bangga	O
sm	NORM
kak	O
jedar	O

Cumn	NORM
mau	O
kasi	NORM
tau	O
aja	NORM
@agsa.12340	NORM

Lah	NORM
itu	O
ada	O
mbak"	NORM
konter	O
hp	O
ngatain	NORM
si	NORM
gigi	O
lenjeh???lucuu	NORM
bgt	NORM
deh	O
mbaknyaahh	NORM

Kasihn	NORM
bru	NORM
lhirr,,dpt	NORM
bulian...nd	NORM
hujatann	NORM
palgi	NORM
kl	NORM
dh	NORM
besar,,,	O

Kereen	NORM
suaranyaaaaaa	NORM

Minta	NORM
sama	O
Allah	NORM
smga	NORM
keluarga	O
saya	O
dijauhkan	O
dari	O
perempuan	O
seperti	O
muljem	O
ini,amin	O
yra	O

Qu	NORM
suka	O
qu	NORM
suka	O

Aaaaahhhh	NORM
@tulusm	NORM
,aku	O
suka	O
banget	O
sama	O
pria	O
ini	O
yaa	NORM
Allah....??	NORM

Kak	NORM
kok	O
aku	O
check	O
efeknya	O
gak	NORM
ada	O
yg	NORM
kayak	O
gitu	NORM
Kak?	NORM

@atyrasarlis	NORM
pong	O
mcm	NORM
muka	O
mu	O
blng	NORM
c	NORM
@beecarlsen	NORM

TERBAIKKK	NORM

lg	NORM
cari	O
botol	O
minum	O
unik?	O
coba	O
liat	NORM
ig	O
kita,	O
bs	NORM
buat	O
sovenir,	O
kado	O
dll	O

Spertinya	NORM
curhat	O
ma	NORM
dedi	O
itu	O
kyk	NORM
cm	NORM
drama,kmrn	NORM
ad	NORM
mrah	NORM
gra2	NORM
mj	O
curhat	O
skrg	NORM
dy	NORM
ikutan	O
curhat.sngaja	NORM
kyk	NORM
nya	O
biar	O
image	O
jlek	NORM
nya	O
mj	O
bs	NORM
jd	NORM
baik.	O

Power	NORM
ranger	O
aja	NORM
harusnya	O

Duhh	NORM
@fusvillayu27	NORM

Yaampun	NORM
kalian	NORM
org	NORM
indo	NORM
ini	NORM
masalah	NORM
agama	NORM
lgsg	NORM
kyk	NORM
gini:')	NORM
ga	NORM
malu	NORM
apa?	NORM
Terserah	NORM
cinta	NORM
islam	NORM
apa	NORM
kristen	NORM
semua	NORM
agama	NORM
itu	NORM
benar	NORM
ga	NORM
ada	NORM
yg	NORM
salah.	NORM
Malu	NORM
duh	NORM
di	NORM
liat	NORM
org	NORM
luar	O
sana	O
komen	O
komen	O
kalian:')	O

Jd	NORM
inget	NORM
si	NORM
joel	O
tetangga	O
sbelah	NORM
hahaha	O
@preloved.lemariku	NORM

Netter	NORM
pada	O
lebayy!	NORM
Saskianya	NORM
aja	NORM
biasa	O
aja!	NORM
Biasa	NORM
banget	O
foto	O
kya	NORM
gini	NORM
doang	O
mah	O

Aq	NORM
jg	NORM
kak....	O

Aminnnn2	NORM
@fendi_dbonno9414	NORM

@jsljung	NORM
Guaa	NORM
setuju	O
bgt	NORM
kaa?yang	NORM
lo	O
omongin	NORM
itu	O
bener	NORM
semua??buat	O
apa	O
bikin	O
karya??kalo	NORM
cuma	O
hasil	O
jiplakan	O
kpop?malu	O
maluin	O
indo?	NORM

@angga_fabiyan	NORM
yep.	NORM
Gua	NORM
israel..	O
dri	NORM
pada	O
u..	NORM
ngaku"	NORM
arab..	O
mirip	O
arab	O
aja	NORM
kagak..	O
hahaha...	O

Maaf	NORM
gak	NORM
bisa	O
kejawab	NORM
semua	O
yaaaa	NORM
hohoooo	O
yg	NORM
terpenting	O
love	O
you	O
all	O
kikikikikikkk	O
c	NORM
u	NORM
bhay	O
??	O

Pngen	NORM
kyk	NORM
gtu??	NORM
@kartiikawulaan	NORM
@nurulhardiyantii	NORM
@iratriyantii	NORM

INVITE	NORM
5E8CA768	NORM
"	O
WOOOWWW..WOOOWWW	NORM
PAYUDARA	NORM
MONTOK	NORM
HANYA	NORM
DALAM	NORM
10	O
HARI,	NORM
TANPA	NORM
SUNTIK,	NORM
TANPA	NORM
BAHAN	NORM
KIMIA.	NORM
CEK	NORM
IG@DR.BEAUTYBREAST	NORM
BBM:	NORM
5E8CA768	NORM
WA:	NORM
0813-2208-3838	O

Kln	NORM
sukak	NORM
kali	O
kayaknya	O
banggai	O
fatin	O

@wiwin_aswini	NORM
iya..	O
Wilo	NORM
pas	O
masih	O
kecil	O
mirip	O
ama	NORM
mami	O
nya..	O
Tapi	NORM
menurut	O
aku	O
pas	O
udah	NORM
besar	O
malah	O
kakanya	NORM
yang	O
mirip	O
maminya...	O
Kayanya	NORM
sekarang	O
wilo	O
udah	NORM
besar	O
mirip	O
papinya	O
deh...	O
#mungkin	NORM
menurut	O
kaka?	NORM
@wiwin_aswini	NORM

Gilaaaa	NORM
canttikkk	NORM
baanggeettt	NORM

Kayak	NORM
cita	O
sendiri	O
pernah	O
boong	NORM
soal	O
statusnya	O
ya.	O

Masya	NORM
Allah	NORM
teteh	O
rina,	O
ini	O
bagian	O
dri	NORM
proses	O
slmt	NORM
berproses,	O
smoga	NORM
istiqomah,	NORM
mmg	NORM
tdk	NORM
mudah	O
tpi	NORM
teteh	O
bisa	O
kok..yg	NORM
namanya	O
org	NORM
mau	O
berbuat	O

Bacot	NORM
durhaka2...	NORM
Ibunya	NORM
yg	NORM
brengsek	O
kurang	O
ajar	O
ko..	NORM

Lucuuuuu	NORM

Cantiiiiiiik	NORM

Mana	NORM
lagi	O
kabar	O
terbaru	O
ttg	NORM
papahnya	O

yukk	NORM
cek	O
ig	O
kita	O
brayy,	O
ada	O
wristband	O
kerennn..	NORM
yg	NORM
anak	O
band,kpop,	O
gawul,	NORM
modes,	NORM
rock,	O
pop,metal,	O
anak	O
papa	O
mama,	O
dll..	O
kitaa	NORM
ada	O
wristband	O
idol	O
klian	NORM
brayyy,	NORM
yg	NORM
menambah	O
kegantengan	O
dan	O
kcantikan	NORM
klian	NORM
brayyy,	NORM
cocok	O
dipakai	O
jalan2	NORM
..	O
:)	O

?	O
????????	O
???????	O
?	O
GAK	NORM
TAKUT	NORM
SUNTIK	NORM
SILIKON	NORM
!!!	O
BAHAYA	NORM
LOH	NORM
!!!	O
MENDING	NORM
CARI	NORM
AMAN	NORM
AJA	NORM
DI	NORM
PAKARNYA,	NORM
TANPA	NORM
EFEKSAMPING	NORM
di@dr.inneke.sp.h	NORM
atau	O
langsung	O
aja	NORM
hub	NORM
?	O
BBM	NORM
(5EACED78	NORM
)	O

Anjir	NORM
lah	O
ngakak	NORM
@vanessatriamandaa	NORM

Cantik	NORM
bgt	NORM
klo	NORM
pake	NORM
hijab	O
??	O

Ntr	NORM
klo	NORM
gw	NORM
hamil	O
qt	NORM
foto	O
ky	NORM
gini	NORM
y	NORM
ca	O
@siska_jayanti	NORM
???	O

Kangennn	NORM
olga	O
.ya	O
allah	O
kangen	O
bangeeeet	NORM

Cantiiiik	NORM
banget	O
alysa	O

So	NORM
sweet	O
bnget	NORM
kak	O
ash	O

Pin	NORM
bbm	O
kmu	NORM
brpa	NORM

Ya	NORM
ampuun,	NORM
itu	O
agnes	O
yya	NORM
@agnezmo	NORM
.	O
.	O
sya	NORM
pikir	O
mba	NORM
kd	O
fto	NORM
sm	NORM
nenek"	NORM
.	O
.	O
bneraan	NORM
???	O
kageeet	NORM
sangaaattt	NORM
?,	O
faktor	O
rmbuut	NORM
nya	O
.	O
.	O
?	O

Pasti	NORM
dia	O
ada	O
alasan	O
nya	O
sendiri	O
untuk	O
tidak	O
bhijab	NORM
lgi..	NORM

sma	NORM
ariel	O
noah	O
sja,,	NORM

masyaAllah	NORM
20th	O
udah	NORM
jadi	O
drg?	O

@astuti120	NORM
kl	NORM
teh	O
@raisa6690	NORM
mah	O
tulisannya	O
diatas	O
kolam	O
renang	O
lo	O
mah	O
disepanjang	O
kali	O
cisadane	O
tii..	O
lebih	O
greget	O
gimana	NORM
geetoo	NORM

Gak	NORM
menor	O
n	NORM
norak!!	O
Gk	NORM
ky	NORM
lu.	O
Lu	NORM
yg	NORM
lenje	NORM
?	O

Pingin	NORM
nangiss..	NORM
bangga	O
bgt	NORM
juga.	O
Salut	NORM
buat	O
kak	O
@zahratuljannah	NORM
yg	NORM
jd	NORM
bunda	O
sabar	O
bgt..	NORM

Cantiq	NORM
batwc	NORM
kamyuhhh	NORM

Duetin	NORM
AUREL	NORM
SAMA	NORM
MIMInya	NORM
dongg	NORM
atau	O
sama	O
artis	O
mudaa	NORM

Q	NORM
setju	NORM
bngt	NORM
kalau	O
kak	O
@_irishbella_	NORM
sma	NORM
kak	O
@giorgino_abraham.	NORM
Bnern	NORM
pcrn	NORM
klian	NORM
cocok	O
berdua	O

So	NORM
sweet	O
bngtt	NORM

semut	O
jg	NORM
kpleset	NORM
itu?	O
@fikriyyahnf	NORM

Hijab	NORM
aja	NORM
lau	NORM

Sedih,	NORM
islam	O
suka	O
dipermainin	NORM
cuma	O
buat	O
peran.	O

Lebih	NORM
baik	O
gk	NORM
pak	O
makeup,	O
kliatan	NORM
lebih	O
cantik	O

Klo	NORM
kristen	O
nya	O
bnr	NORM
mah	O
pake	NORM
hijab	O
tauu	NORM

Kakak	NORM
tuhh...	NORM

BANYAK	NORM
ORANG	NORM
MENGABAIKAN	NORM
KELUAR	NORM
NYA	NORM
KEPUTIHAN	NORM
DI	NORM
ORGAN	NORM
MISS	NORM
V	NORM
!	O
HATI	NORM
HATI	NORM
KARNA	NORM
ITU	NORM
BISA	NORM
JADI	NORM
GEJALA	NORM
KANKER	NORM
SERVIKS	NORM
YANG	NORM
BISA	NORM
MEREBUT	NORM
NYAWA	NORM
ANDA	NORM
YU	NORM
SEGERA	NORM
KONSULTASIKAN	NORM
MASALAH	NORM
KEWANITAAN	NORM
ANDA	NORM
ONLY@CARASEHATID	NORM
PIN	NORM
5FB2512C.	NORM

Kereennn	NORM
@septianhadipurnama	NORM

@nindyellisa	NORM
ini	O
ce	O
coba	O
liat	NORM
XD	NORM

Bner	NORM
tuh	O
@zizi_fitri	NORM
,	O
klo	NORM
minta	NORM
maaf	O
dteng	NORM
k	NORM
rumahnya	O
tatap	O
mata'y	NORM
(bunda),	O
bukan	O
tatap	O
kamera,	O
apalagi	O
tatap	O
mata	O
saya	O
(mas	O
dedi)	O
..	O
Hehehehe	NORM
(semangat	O
ya	O
bunda,	O
sayang	O
bunda	O
?)	O

Abes:0	NORM

15	O
tahun..	O
Udh	NORM
kayak	O
suami	O
istri	O
cara	O
pacaran	O
nya	O
behh	O

Wisma	NORM
keiai	O
lt.2	NORM

aku	O
berharap	O
kek	NORM
gini	NORM
lah,	O
tp	NORM
sama	O
siapa	O
?	O
?	O
@yundanila.s	NORM

ka	NORM
alu	NORM
nge	O
fans	NORM
bgt	NORM

Lehernya	NORM
panjang	O
bingit	NORM
@danangyudhap	NORM

Jd?!	NORM
Apa	NORM
maksud	O
anda	O
dgn	NORM
semua	O
komentar2	NORM
yg	NORM
ada	O
ini??	O

Cek	NORM
ig	O
kami	O
yuuuk	NORM
banyak	O
hijab	O
cantik	O
berbagai	O
warnaaa	NORM
?	O
dengan	O
kualitas	O
oke	O
punyaaa	NORM
??	O

Lipstik	NORM
e	O
@kyliejenner	NORM
paling	O
ma	NORM
@gysmayeyo	NORM
.	O
Tp	NORM
mehoonggggg	NORM

Lbh	NORM
cantik	O
waktu	O
kecil	O
@nikitawillyofficial94	NORM

Carikan	NORM
ka	NORM
ayahh??	NORM
@michelle_tene	NORM

Lu	NORM
bgt	NORM
nih	O
keknya	NORM
wkwk	O
@rhakamitslazb	NORM
@rhikimitslazabadilbachri	NORM

??	O
Mau	NORM
tauu	NORM
Rahasia	NORM
Artis	NORM
Memiliki	NORM
tubuh	O
PUTIH	NORM
TINGGI	NORM
LANGSING	NORM
BEBAS	NORM
JERAWAT	NORM
DAN	NORM
SEHAT	NORM
.	O
Yuk	NORM
TEMUKAN	NORM
Rahasianya	NORM
@Herbal_latte	NORM
.	O
Segera	NORM
konsultasikan	O
BBM	NORM
(	O
D06D9155	NORM
)??	O
Dapatkan	NORM
Special	NORM
PROMO	NORM
+	O
FreeONGKIR	NORM
Se-indonesia	NORM
!!?????????	O

Jauh	NORM
bgt	NORM
geo	O
sma	NORM
boriel,	O
mirip	O
suaranya	O
sdkit	NORM
paling	O
ya	O

@mayrasadiya_	NORM
mirror	O
atuh	O
mbaa	NORM

Pacarnyaa	NORM
siapaa	NORM
inii	NORM
ya	O
allah	O
@rereandro.id	NORM
@ms.setiagung	NORM
@fitrimutzz	NORM
sungguh	O
matii	NORM
traa	O
bisa	O
tahan	O
ketawaa	NORM
???	O

Haha...	NORM
Wktu	NORM
kecil	O
imut	O
juga	O
ya	O
@nikitawillyofficial94	NORM

seneng	NORM
banget	O
liat	NORM
kak	O
raisa	O
foto	O
sama	O
tiffany	O
GG.	NORM
sukses	O
terus	O
kak	O
@raisa6690	NORM

Hahahaha...gk	NORM
nyambung	NORM
tuh	O

Kakinya	NORM
stagahhhh	NORM

Y-ALLAH	NORM
kangen	O
kak	O
bgtt	NORM
sma	NORM
kak	O
olga,,,,gaa	NORM
akn	NORM
ada	O
yg	NORM
bisa	O
ganti'kn	NORM
kak	O
olga...smg	NORM
kak	O
olga	O
tnang	NORM
d'sisi-NYA	NORM
AMIIIIIIIIIIIIIIIIIN	NORM

Nyaru	NORM
aja	NORM
kk	NORM
@arieltatum	NORM

Iyah	NORM
gue	O
naksir	NORM
bangt"	NORM
ini	O
nama	O
fb	O
gue	O
abdul	O
basit	O
un	O
beremteman	O
y	NORM

Keren	NORM
kayak	O
gadis	O
Arab	NORM
gtu	NORM

@myaayesha	NORM
she's	NORM
so	NORM
pretty	O
tho.	O
Mcm	NORM
anak	O
dara	O
lagi	O
?	O

@zorayaparlautan	NORM
siapa	O
yaa	NORM
?	O

Semoga	NORM
membawa	O
pengaruh	O
juga	O
untuk	O
orang2	NORM
disekitarmu	O
teh	O
@rinanose16	NORM
cantikkkk????	NORM

@indistagram	NORM
dicubit	O
bisa	O
bikin	O
efek	O
troma	NORM
pada	O
murid	O
dan	O
membuat	O
mental	O
dia	O
jadi	O
down.	O
Banyak	NORM
kok	O
murid	O
jadi	O
balas	O
dendam	O
ke	O
orang	O
lain	O
karena	O
di	O
kerasin	NORM
oleh	O
guru.	O
Kamu	NORM
mendukung	O
kekerasan	O
ya?	O
Aneh!	NORM

Anjay	NORM
km	NORM
stalk	O
-.-	O
@trianitadillacarolinna	NORM

Smvk	NORM
lu	O
?	O
@nadiapananda	NORM

Udh	NORM
ky	NORM
20an	O
tahun..	O

asli	O
cantik	O
bgt	NORM

Pernikahan	NORM
yg	NORM
megah	O
mewah	O
&	O
jdi	NORM
impian	O
para	O
wanita..beruntung	O
ya	O
udh	NORM
artis	O
nikah	O
megah	O
bahagia	O
pula?sempurna	O

amiennn	NORM
ya	O
robbb...	O

Enak	NORM
nya	O
jg	NORM
lagu'y	NORM

tambah	O
cantik	O
kk	NORM
rina	O
pkai	NORM
kerudungnya	O

Pyudara	NORM
terlihat	O
attgfirullahhal	O
azim	O

Aamiin	NORM
mba,	NORM
semoga	O
Istiqomah,	NORM
menutup	O
aurat	O
jauh	O
lebih	O
baik	O

Cantik	NORM
kaakk??	NORM

Perempuan	NORM
gak	NORM
tau	O
malu	O
seperti	O
km	NORM

Nda	NORM
tau	O
pla	NORM
muslim	O
kh	NORM
apa	O
dea	O
ne	NORM
@me_latng31	NORM
@atyrasarlis	NORM
tpi	NORM
sma	NORM
ne	NORM
cm	NORM
muka	O
kw	NORM
tyra	O
.	O
Ada	NORM
movie	O
dea	O
.	O
This	NORM
is	O
cinta	O
.	O
Mcm	NORM
kw	NORM
pla	NORM
yg	NORM
blakon	NORM
sy	NORM
nmpk	NORM
.	O
Haha	NORM

PEMBESAR	NORM
PAYUDARA	NORM
TERAMPUH	NORM
DAN	NORM
TERLARIS	NORM
HANYA	NORM
DI@MITRA.SEHAT	NORM
AKU	NORM
SENDIRI	NORM
SUDAH	NORM
BUKTIIN	NORM
LOH	NORM
KAMU	NORM
JADI	NORM
BUKTI	NORM
BERIKUTNYA	NORM
YUK	NORM
,	O
BBM	NORM
5F08540E	NORM

Fatanik	NORM
bngt	NORM
mba	NORM
@namira_maniz.22	NORM
jgn	NORM
terlalu	O
fanatik	O
bisa	O
ketulah	O
loh	O
hahah	O

??.	O
Tahukah	NORM
Bunda	NORM
Kenapa	NORM
SUSAH	NORM
HAMIL?	NORM
Apakah	NORM
Haid	NORM
Tdk	NORM
Teratur,	NORM
Pcos,	NORM
Kista,	NORM
Sperma	NORM
Buruk	NORM
Dll.	NORM
Konsultasi	NORM
dan	O
Temukan	NORM
Solusinya	NORM
??	O

.	O
Rela	NORM
ninggalin	NORM
ka	NORM
natasya	O
demi	O
orng	NORM
ini,	O
aduh	O
kastefen	O
kurang	O
apa	O
natasyaa	O
(?)	O

Mantabb..	NORM
pilihan	O
smart..	O
@stefannwilliam	NORM
?	O

gingsulnya	O
ko	NORM
mirip	O
aq	NORM
yah,	NORM
mungkin	O
kita	O
jodoh	O
:v	O

Iyaaa	NORM
bagus	O
is	O
@iisyarifah	NORM

@abdul_rasyidi	NORM
liat	NORM
ini	O
kak	O
sedihhh	NORM
yeee	NORM

yank	NORM
liat	NORM
fhoto	NORM
ini	O
@raizchicharito	NORM
??	O

Kok	NORM
bisa	O
botakkkk	NORM
gitu	NORM

Harusnya	NORM
berubah	O
menjadi	O
yg	NORM
lbh	NORM
baik...	O

Beda	NORM
ya	O
cantik	O
ny...anugrah	NORM
terindah	O

Bahagia	NORM
nyaaaa	NORM

Ihh	NORM
ga	NORM
relaaaa	NORM
???	O

Cantik	NORM
tp	NORM
kliatan	NORM
tua	O
than	NORM
bride	O
boy	O
nya	O

Mudah2an	NORM
kamu	O
lebih	O
baik	O
dari	O
bpkmu	NORM

kamu	O
nggausah	O
mikirin	NORM
cantik,	O
mikir	O
pendidikan	O
ajaa.	NORM
dijamin	O
tambah	O
cantik	O
?	O
@ikaorisanti	NORM

Piiink	NORM

Jangan	NORM
terlalu	O
serius	O
shay	NORM
...	O
Sebentar	NORM
ga	NORM
ada	O
duit	O
sebentar	O
kaya	NORM
sebentar	O
pas	O
pas	O
an	O
...	O
Apasih	NORM
semua	O
ini	O
hempas	O
datang	O
lagi	O
hempas	O
datang	O
lagi	O
hahaha	O
??	O
@armandokomo	NORM
@achelmarcela	NORM
@syurirachell	NORM
@gracia_wahab	NORM
@mita._	NORM

Kanan	NORM
marcel	O
(yg	NORM
ad	NORM
tattoo)...	O
Kiri	NORM
mischa	O
with	O
his	O
charming	O
smile	O

Hahaha........	NORM
ini	O
lucu	O
baget	NORM

Birthday	NORM
yg	NORM
keberpa	NORM
kak?	O

Gawl	NORM

Hahah,malah	NORM
pada	O
berantem	O
yak	NORM

Hahaha..gila	NORM
gokil	NORM
bgt	NORM
???	O

Anjirrrr	NORM

Jangan	NORM
biarkan	O
?kista...	O
miom...	O
haid	O
tdk	NORM
teratur...	O
sperma	O
buruk...	O
PCOS..	NORM
tuba	O
falopi...	O
Menunda	NORM
si	NORM
kecil	O
?hadir	O
ya	O
bunda	O
??ayo	O
knsul	NORM
dg	NORM
kami	O
dn	NORM
temukan	O
solusinya	O
dg	NORM
metode	O
yg	NORM
sdh	NORM
terbukti	O
brhasil	NORM
dlm	NORM
wktu	NORM
RELATIF	NORM
SINGKAT,	NORM
Konsul	NORM
Gratisss!!	NORM
Pin:	NORM
D2ADC76C	NORM

Amiinn	NORM
ya	O
allaaahh...semoga	O
semoga	O
@lisaa_anggraini	NORM

Kya	NORM
@zeezeeshahab	NORM
yaaa..cantik	NORM

Cie..ciee..	NORM
Bunda	NORM
@maiaestiantyreal	NORM
meskipun	O
make	NORM
up	O
an..	O
Tp	NORM
gayanya	O
ttp	NORM
kyk	NORM
anak	O
abg..	NORM
I	NORM
like	O
you	O
Bunda	NORM
:	O

@diananasution_	NORM
maia	O
kale	NORM
yg	NORM
gugat	O
cerai	O
dani,	O
iyuuhhh	NORM

@terawaty	NORM
iya	O
kebayang	NORM
kalo	NORM
lebih	O
dr	NORM
itu	O
-_-	O

Bella	NORM
mah	O
tai?	NORM

Sexxi	NORM
bgt.........	NORM

Ori	NORM
bgt..	NORM

Nggk	NORM
apa	O
apa	O
skli	NORM
kli...ali	NORM
yg	NORM
penting	O
km	NORM
ttp	NORM
smart..	O
@aliandooo	NORM

Iyap	NORM
@jaquelinekasna	NORM

Hidungnya	NORM
mulan	O
aneh.	O
pgn	NORM
lihat	O
masa	O
tuwanya	NORM
Gmn	NORM

Ada	NORM
mnis2nya	NORM
gtu	NORM
?	O

Cantikk	NORM
cantikk	NORM
cantiiikk	NORM
:)	O

oh	O
jdi	NORM
it	NORM
di	O
prancis	O
bkan	NORM
di	O
qatar	O
wkwkwkwk	O
@sarita.sarita	NORM
nti	NORM
kita	O
pgi	NORM
ya	O
sayang	O
???	O

Melakukan	NORM
Olahraga	NORM
sudah,	O
pola	O
makan	O
sehat	O
sudah,	O
tapi	O
masih	O
tetep	NORM
PAYUDARA	NORM
anda	O
kurang	O
indah?	O
coba	O
deh	O
konsultasi	O
ke@HEALTHWOMAN.CARE	NORM
cuma	O
di	O
klinik	O
itu	O
sayapun	O
mendapatkan	O
kepuasan	O
dengan	O
alat	O
ajaibnya,	O
cuma	O
kurung	O
waktu	O
bbrpa	NORM
minggu	O
itu	O
hasil	O
nya	O
sudah	O
terlihat	O
banget	O
loh,	O
bisa	O
chat	O
langsung	O
aja	NORM
ke	O
BBM	NORM
D07F822C	NORM
/	O
whatsapp	O
089523966548	O

Di	NORM
video	O
kok	O
merem	O
terus	O
?	O
Malu	NORM
y?	NORM

Lucuuu	NORM
bngtt	NORM
,	O
selmat	NORM
ae	NORM
dah	NORM
mnjdi	NORM
ayah	O
bnda	NORM

Kok	NORM
gkk	NORM
update	O
lg	NORM

Dih	NORM
stress	NORM
ia	O
@ity_cantik	NORM
itil	O
buluk	O
sukak	NORM
ngarang	NORM
cerita...	O

Aq	NORM
nyimak	NORM
ajalah..ehehe	O
komenx	NORM
kok	O
serem2	NORM

Mereka	NORM
mau	O
berkarya?	O
Berkarya	NORM
apa?	O
Karya	NORM
asil	O
jiplak	O
atau	O
buatan	O
sendiri	O
mbaakk???	NORM
@herra09	NORM

Anjir	NORM
fitnah	O
bgt	NORM
nih	O
ya	O
gue	O
kutuk	O
lu	O
berdua	O
@arumsaric	NORM
@sorayess_	NORM

Udah	NORM
cantik,	O
pinter,	NORM
msh	NORM
muda	O
pula,	O
keren	O
kaaakk???	NORM

Iyaa	NORM
kerenn	NORM
cingg??nanti	O
kek	NORM
gitu	NORM
@raditya_rahagi	NORM

Kaloo	NORM
Kelewat	NORM
Gimna	NORM
Tuuh	NORM

kupikir	O
tadinya	O
yg	NORM
sebelah	O
Raisa	NORM
itu	O
si	NORM
Vaness	NORM
Wu	NORM
dari	O
F4,	NORM
tapi	O
kok	O
pake	NORM
baju	O
cewek	O
ya...	O
Mukanya	NORM
mirip	O
bgt	NORM
Vaness	NORM
Wu	NORM
member	O
F4....	NORM
eh	O
ternyata	O
anggota	O
SNSD	NORM
namanya	O
Tiffany,	NORM
maklum	O
gak	NORM
begitu	O
ngerti	NORM
K-Pop....	NORM

So	NORM
sweet	O
bgt,bikin	NORM
ngiri.	NORM

I'm	NORM
your	O
fans	NORM
kka??	NORM

Ucull	NORM
@vilaafr	NORM

Klu	NORM
pose	O
ini	O
jatuhnyaa	NORM
mirip	O
artis	O
korea	O
kka	NORM
moo	O
?	O

Kmu	NORM
gokillllll	NORM

Pengen	NORM
pi	NORM
@hary_tris_diawan	NORM

@mayaovia14	NORM
ntar	NORM
yeee	NORM
klo	NORM
udh	NORM
sah	O
???	O

Cantikan	NORM
kaya	NORM
gini	NORM
kak	O

Cantinya	NORM
nagita	O

@sorayess_	NORM
@arumsaric	NORM
uuh	NORM

Liat	NORM
aja	NORM
uda	NORM
ngekeh	NORM
mau	O
ketawa,hadeeeee	O
bg	NORM
bg,...???	NORM

@aureliabashiira67	NORM
begini	O
ya..	O
jika	O
si	NORM
@salshabillaadr	NORM
nyebutin	NORM
langsung	O
nama	O
seseorang	O
yg	NORM
dia	O
maksud.	O
Itu	NORM
seperti	O
dia	O
menghakimi	O
orang	O
tersebut.	O
Sudah	NORM
benar	O
jika	O
salsa	O
menyebut	O
dengan	O
kata	O
"dia"	O
dan	O
bukan	O
menyebut	O
dengan	O
namanya.	O

Ihh	NORM
gemes	NORM

Pantat	NORM
ayam	O
lah.	O
Sama	NORM
siapa?	O
Lama	NORM
lagi	O
dah.	NORM
Kenapa	NORM
gak	NORM
klen	NORM
aja?	NORM
@dinatrirantini	NORM
@dina_dondi	NORM
@ginatamaranaibaho	NORM
@shanensinagaa	NORM
@florentinadolorosa	NORM

Smua	NORM
manusia	O
pasti	O
akan	O
menyusul	O
yoga	O
ka	NORM
ruben	O
?.	O
Sampai	NORM
ketemu	O
di	O
sisi	O
allah	O
ya	O
ka	NORM
yoga	O
?	O

Jorokkkk...wekkk..	NORM
Mualll	NORM

Kalau	NORM
isyana	O
nggak	NORM
pakai	O
alis	O
lagi	O

Miko	NORM
aja	NORM

Kapan2	NORM
adain	NORM
M	NORM
A	NORM
G	NORM
di	O
bekasi	O
dong	O
bun	O

@velin_kumiko	NORM
:	O
males	NORM
aja	NORM
mbak	O
gw	NORM
ngajuin	NORM
diri	O
buat	O
jadi	O
gub	O
jakarta.	O
Ada	NORM
jokowi	O
yg	NORM
tiba2	NORM
jadi	O
media's	NORM
darling.	O
Dan	NORM
gw	NORM
lupa	O
mendingan	O
mendompleng	O
jokowi	O
yak	NORM
supaya	O
bisa	O
jd	NORM
gub	O
jkt	NORM
kyk	NORM
ni	NORM
orang	O
hahahaahaa....	O

Miriiiip	NORM
bgt	NORM

@ekkyjorgi	NORM
gue	O
gini	NORM
lo	O
naksir	NORM
banget	O
kali	O
ya	O
ky?	NORM
Wkwk	NORM

Bitipul	NORM
skli	NORM
kk..	NORM

Hai	NORM
kk	NORM
gigi	O
slm	NORM
knl,	NORM
canti	NORM
y	NORM

@sefisetiana	NORM
dengerin	NORM
nih,	O
i-am-hope	NORM

Sorong	NORM
plisssss	O
@cherrybelleid	NORM
ajak	O
@margareth_angelina	NORM
yaaa...	NORM
@canon.indonesia	NORM

Lebih	NORM
kasian	NORM
elo!!	NORM
Coba	NORM
deh	O
baca	O
komenan	NORM
lo	O
sendiri,	O
ngatain	NORM
komenan	NORM
org	NORM
lain	O
lucu,	O
tpi	NORM
lo	O
gk	NORM
sadar	O
komenan	NORM
lo	O
kyk	NORM
gimana???	NORM
@pamungkasgautama	NORM

hahaha	O
muka2	NORM
kalian	O
tuh	O
kayak	O
apa?ngaca	NORM
dulu	O
dong	O
kalo	NORM
mau	O
ngatain	NORM
orang	O
eey,	NORM
emang	NORM
lu	O
nggk	NORM
prnh	NORM
buat	O
kslahan,	NORM
dasar	O
cangkem	O
embongan	O
hahaha	O

azeeeek	NORM
kalii	NORM
@ybreza	NORM
aku	O
bejuta	O
kali	O
udh	NORM
aku	O
tonton	O
video	O
ini	O
:v	O

bahagia	O
skli	NORM
kluarga	NORM
kak	O
ruben,,,kpn	NORM
ak	NORM
pnya	NORM
si	NORM
kecil	O
lagi	O

Ngomong	NORM
taek	NORM
laan	O

Lihatlah	NORM
km	NORM
yg	NORM
cantiq	NORM
Luna	NORM
Maya??	NORM
Jangan	NORM
suka	O
gampang	O
tersinggung...klo	NORM
ak	NORM
lihat	O
km	NORM
dibalik	O
layar,	O
mereka	O
smua	NORM
nya	O
hanya	O
bercanda...harus	O
bisa	O
berbesar	O
hati	O
ya	O
..beauty...	O

Happy	NORM
birthday	O
ka	NORM
acha	O
,	O
cantik	O
bgt	NORM

Dua	NORM
duanya	O
hitz	O
bgt	NORM

@dodi_nardo	NORM
coba	O
skali	NORM
bng	NORM

@yunitawiidya	NORM
ini	O
yg	NORM
gw	NORM
mksd	NORM
makhluk	O
makhluk	O
yg	NORM
sering	O
nongol	O
d	NORM
lampu	O
merah	O
hahahahaha	O

Yg	NORM
no	O
1	O

Selamat	NORM
ya	O
menjadi	O
org	NORM
terpilih	O
dan	O
berhijrah	O
menuju	O
lebih	O
baik,	O
keren	O
bgt	NORM
fotonya	O
dihapus	O
smua...semoga	NORM
makin	O
istiqomah....	NORM

teh	O
bisa	O
goride	O
engga?	NORM
@nabilagardena	NORM

Ka	NORM
rina	O
baju2	NORM
nya	O
pakai	O
merek	O
apa	O

Kakak	NORM
cantik	O
pake	NORM
jilbab.	O
Semoga	NORM
langgenh	NORM
sama	O
jilbabnya..	O
??????@rinanose16	NORM

Suru	NORM
telanjang	O
@anindhitakarani	NORM

@mulanjameela_1	NORM
kaLo	NORM
gateL,	NORM
jangan	O
gateL	NORM
sama	O
sama	O
suami	O
sahabat	O
sendirir	NORM
dong..	O
itu	O
namanya	O
brengsekk..	NORM
#Lonte	NORM

Booming	NORM
!	O
alat	O
pembesar	O
payudara	O
yg	NORM
digunakan	O
artis"	NORM
julia	O
perez	O
,	O
Baby	NORM
Margareta	NORM
,	O
nikita	O
mirzani@miss_beauty_natural.	NORM
atau	O
invite	O
pin	O
:	O
D251D44A	NORM

@luthfi.aminulloh	NORM
ya	O
ga	NORM
boleh	O
terus	O
semua	O
di	O
judge	O
sama	O
mz,	NORM
emg	NORM
kenal	O
mbaknya?	O
Tau	NORM
tujuan	O
mbaknya	O
nerima	NORM
tawaran	O
dari	O
gojek?	O

Mantes	NORM
di	O
kamu	O
euy	O
potongan	O
kitu	O
mah	O
@tlatifaah	NORM
mun	O
aku	O
mah	O
katinggali	O
lemakna	O
mereeen	O
wkwkwk	O

Jamannya	NORM
sinet	NORM
bulan	O
&	O
bintang	O

Males	NORM
liat	NORM
pasangan	O
ini,	O
sweet	O
banget	O
jd	NORM
iri	O
??sisain	NORM
satu	O
yg	NORM
kayak	O
aa	O
raffi	O
?	O

@marcelchandra	NORM
yg	NORM
pke	NORM
tato	O
kk	NORM
y	NORM

nyadar?	NORM
@hizradwiaprilianti	NORM

Terbaeq	NORM
kan	O
@derizadd	NORM
hhhaa	O

Cantikan	NORM
raisa	O
klo	NORM
diliat	NORM
seksama.	O

Cantik	NORM
bngt??	NORM
@chelseaislan	NORM

@mulanjameela1	NORM
drama	O
of	O
queen	O
kata	O
alghazli	O
udah	NORM
main	O
sinetron	O
aja	NORM
lu	O
kan	O
jago	O
actong	O

Adem	NORM
ngelihat	NORM
kalian	O
:)	O

Harus	NORM
pake	NORM
email	O
dulu	O
kah	O
itu	O
@abigaiill_roxx	NORM

Kaka	NORM
kulit	O
aku	O
sama	O
kaya	NORM
kaka	NORM
,	O
sama	O
sama	O
putih,	O
aku	O
juga	O
pake	NORM
produkl@DR.NATASYA_TUBUHIDEAL	NORM
gak	NORM
nyesel	NORM
deh	O
ka	NORM
:)	O

Cans	NORM

Wadaaw	NORM
@kerenjrmh	NORM

Apaan	NORM
bgt	NORM
si	NORM
wkwkwk@miripmantanlu	NORM

Ini	NORM
nyindir	NORM
bgt	NORM
si	NORM
muljen	O
@mulanjameelaqueen	NORM

@ity_cantik	NORM
ikh	NORM
seorang	O
ibu	O
n	NORM
seorang	O
istri	O
kok	O
bicaranya	O
kyk	NORM
gt	NORM
g	NORM
pantes..pake	NORM
bahasa	O
yg	NORM
g	NORM
enak	O
buat	O
di	O
bacanya..gmn	NORM
klo	NORM
smpe	NORM
anak	O
kamu	O
nnti	NORM
yg	NORM
baca	O
ampun	O
kok	O
nyokap	O
gue	O
ngomongnya	NORM
kayak	O
gt..malu	NORM
kali	O
tu	NORM
anak	O

Subhanallah	NORM
cantiknyaaa..	NORM
Semangat	NORM
ya	O

LUCU	NORM
BGT	NORM
deh	O
skitar	NORM
2	O
minggu	O
lalu	O
ktmu	NORM
sma	NORM
tmen	NORM
sekolah..dia	O
bengong	O
liat	NORM
aku	O
yg	NORM
skrg..hahah	NORM
maklum	O
dlu	NORM
aku	O
pendek	O
dan	O
dekil.skrg	NORM
aku	O
putih	O
dan	O
tumbuh	O
ke	O
ats	NORM
donk	NORM
berkat	O
produk	O
dr@LUKITAHERBAL	NORM
pin	O
D2F78F9F	NORM
wa	O
083820140366	O

Info	NORM
lebih	O
lanjut	O
follow@DOKTERHERBALID	NORM
/	O
pin.bbm.com/5F8E28D1	NORM
/	O
WA	NORM
:	O
083820039062	O
follow@DOKTERHERBALID	NORM
/	O
pin.bbm.com/5F8E28D1	NORM
/	O
WA	NORM
:	O
083820039062	O
follow@DOKTERHERBALID	NORM
/pin.bbm.com/5F8E28D1	NORM
/	O
WA	NORM
:	O
083820039062	O
Mau	NORM
tambah	O
TINGGI	NORM
6-15cm?	O
Berat	NORM
badan	O
turun	O
16-25	O
kg?	O
Berat	NORM
badan	O
bertambah	O
10-25	O
kg?	O
Kulit	NORM
putih	O
sehat	O
alami?	O
Butuh	NORM
Obat	NORM
herbal	O
berbagai	O
penyakit??	O
?????	O
?????	O
Produk	NORM
BEST	NORM
SELLER	NORM
dunia	O
sudah	O
teruji	O
khasiatnya?Mau	NORM
tambah	O
TINGGI	NORM
6-15cm?	O
Berat	NORM
badan	O
turun	O
16-25	O
kg?	O
Berat	NORM
badan	O
bertambah	O
10-25	O
kg?	O
Kulit	NORM
putih	O
sehat	O
alami?	O
Butuh	NORM
Obat	NORM
herbal	O
berbagai	O
penyakit??	O
?????	O
?????	O
Produk	NORM
BEST	NORM
SELLER	NORM
dunia	O
sudah	O
teruji	O
khasiatnya?Mau	NORM
tambah	O
TINGGI	NORM
6-15cm?	O
Berat	NORM
badan	O
turun	O
16-25	O
kg?	O
Berat	NORM
badan	O
bertambah	O
10-25	O
kg?	O
Kulit	NORM
putih	O
sehat	O
alami?	O
Butuh	NORM
Obat	NORM
herbal	O
berbagai	O
penyakit??	O
?????	O
?????	O
Produk	NORM
BEST	NORM
SELLER	NORM
dunia	O
sudah	O
teruji	O
khasiatnya?	O
?	O
produknya	O
aman	O
banget	O
?	O
ga	NORM
ada	O
efek	O
samping	O
dan	O
ketergantungan?	O
,	O
Udah	NORM
dapat	O
sertifikat	O
?	O
BPOM	NORM
dan	O
?	O
Halal	NORM
MUI	NORM
juga	O
(y)	NORM

@ersaardio	NORM
km	NORM
sabaro	NORM
yaa	NORM

Cek	NORM
Ig	NORM
ak	NORM
yukk?	NORM
jual	O
app	O
termurah	O
dan	O
fast	O
respon	O
lohhh	NORM
20	O
pembeli	O
pertama	O
dapat	O
diskon	O
besar2an	NORM

@nike_ansiy_yoonseong	NORM
,mungkin	O
bunda	O
maia	O
mabuk,karena	O
dia	O
udah	NORM
tau	O
ahmad	O
dhani	O
selingkuh	O
sm	NORM
mulan,coba	O
klo	NORM
km	NORM
lg	NORM
di	O
pihak	O
maia,blim	NORM
tentu	O
km	NORM
sekuat	O
beliau...	O

Biarkan	NORM
mereka	O
yg	NORM
menjalani	O
@amma_dheaa	NORM

Subhanalloh	NORM
Cantiknya	NORM
teh	O
@rinanose16	NORM

Bahagianya	NORM
jd	NORM
de	NORM
mika	O
punya	O
ibu	O
yg	NORM
cantik	O
dan	O
sayaang	NORM
sama	O
klg	NORM

@vionyjesycaa	NORM
ayo	O
sis	O
kurus	O
trus	NORM
foto	O
sama	O
aku	O
kayak	O
gini????	NORM

Cantiikkkk	NORM
bgt	NORM
kaa...	NORM
support	O
you	O
wearing	O
hijaabbb	NORM

@lokitadevia	NORM
anaknya	O
dude	O
pake	NORM
motercare	O
juga	O
mba	NORM

Iyuh	NORM
bngt	NORM
sih	O
komen	O
loh	O
@ity_cantik	NORM

Bobo	NORM
seperti	O
ituh-_-	NORM

MAU	NORM
JADI	NORM
SELEBGRAM	NORM
TAPO	NORM
BINGUNG	NORM
KUY	NORM
CEK	NORM
IG	NORM
DIJAMIN	NORM
MURAH	NORM
DAN	NORM
BERKUALITAS..	NORM

Kok	NORM
gk	NORM
nge-post	O
lagi?	O

@ilhamalhafis16	NORM
haha	O
masi	NORM
lama	O
kaya	NORM
gitu	NORM
mah	O
??sabar?	O

@aparwati	NORM
sempet	NORM
ke	O
sby,	NORM
meet	O
n	NORM
greet?	O

Coba	NORM
ini	O
yuwkkk	NORM
@anggieangelina	NORM
@enny.rosalina	NORM

@rivanyaayu_31	NORM
helloo	NORM
kan	O
pendapat	O
orang	O
masing	O
masing	O

aku	O
udh	NORM
dari	O
dulu	O
naksir	NORM

Cek	NORM
ig	O
ku	O
ya	O
Kaka...	NORM
banyak	O
yg	NORM
bru	NORM
lho...	O

Ini	NORM
mimpi	O
bukan	O
ea???	NORM
Y	NORM
allah	O
olga	O
bangun	O
dong?pangeran	O
surga	O
qu,,,,	NORM

K	NORM
boleh	O
tahu	O
ga	NORM
ini	O
blush	O
on	O
tomford	O
bukan	O
ya	O
kalau	O
iya	O
shade	O
apa	O
aku	O
pgn	NORM
beli	O

..gemesinnnnn	NORM

Uhhh	NORM
kek	NORM
kulit	O
kamu	O
kak	O
@faridarfnt	NORM
??	O
kasih	O
rahasianya	O
dumsss	NORM

hancuuuuuy	NORM
liyuuuuy	O
dapat	O
mwuachnya	O
mas	O
ai	O
@kuman__	NORM
???	O

@shadrinaarfan	NORM
miriiiip	NORM
kaliiii??	NORM

Lucuuuu	NORM
bangettttt	NORM
gempi...	O
mau	O
kyk	NORM
gini	NORM
atuu	NORM
hehe	O

Menurut	NORM
aku	O
cantikan	O
kk	NORM
dri	NORM
pda	NORM
bella	O

Cntik	NORM
n	NORM
ganteng	O
bgt...	NORM

PENGEN	NORM
TINGGI	NORM
BADAN	NORM
3-10cm	O
JANKA	NORM
WAKTU	NORM
10-15	O
HARI	NORM
HERBAL	NORM
ALAMI	NORM
TANPA	NORM
EFEK	NORM
SAMPING	NORM
,,,,	O
YUK	NORM
BURUAN	NORM
ORDER,,,,	NORM
BBM	NORM
:D0E5559F	NORM
LINE	NORM
ID	NORM
:	O
@lef6490b,,	NORM

@vincentmarvin	NORM
@mayo99	NORM
@yennyxu	NORM
diet	O
mayo	O
bisa	O
begini	O
niiih	NORM

Happy	NORM
birthday	O
kakak	O
ganteng	O
dengan	O
kembarannya	O
yg	NORM
ganteng	O
ya	O
ga	NORM
ketinggalan.	O
Sukses	NORM
terus	O
ya	O
kak.	O
Soga	NORM
bisa	O
jumpa	O
sama	O
kalian	O
berdua	O
kak	O
@mischach	NORM
@marcelchandra	NORM
Tuhan	NORM
memberkati?????	O

Huhu	NORM
kok	O
jadi	O
gini	NORM
si	NORM
steff?ga	NORM
asikkk_-	O

Follback	NORM
donk	NORM
kak???	O

Bosen	NORM
sama	O
jajanan	O
yg	NORM
itu	O
itu	O
aja?	NORM
cobain	NORM
deh	O
"Kebab	NORM
Mini	NORM
Pasundan"	NORM
frozen.	O
Dijamin	NORM
ketagihan!	O
Tersedia	NORM
dua	O
rasa:	O
original	O
dan	O
pedas.	O
Isi	NORM
10	O
pcs.	O
Yuk	NORM
langsung	O
cek	O
ig	O
kita	O
?	O

Aku	NORM
yg	NORM
kanan	O
dehhhh	NORM
@anggitayuning	NORM
@fitzaamelya	NORM
?	O

Dri	NORM
org	NORM
biasa	O
mnjdi	NORM
sprti	NORM
skg	NORM
itu	O
krna	NORM
siapa	O
ya??,,,,	O
ckckckck	O

AKu	NORM
donk	NORM

Kak	NORM
luna	O
terima	O
kasih	O
sudah	O
jadi	O
sahabat	O
terbaiiikkkkk	NORM
almarhum	O
olga	O
by	O
dian	O
olgalovers	O

@arsy_r	NORM
kapan	O
gitu	NORM
mblo?	NORM

coba	O
di	O
dunia	O
nyata	O
jga	NORM
benar	O
pacaran.	O

Nama	NORM
sc	O
nya	O
ap	NORM

Kapan	NORM
sih	O
episode	O
yang	O
ini..sudh	NORM
ga	NORM
sbr	NORM
pngen	NORM
nntn..	NORM

Pala	NORM
ikan	O
kakap	O
berbadan	O
ubur2..	NORM

Kangen	NORM
banget	O
ka	NORM
olga	O
syahputra	O
sumpah,	O
jauhkan	O
ka	NORM
olga	O
dari	O
api	O
neraka	O
ya	O
allah?	O
@lunamaya	NORM
@bilsky16	NORM

Setuju	NORM
sm	NORM
@danish_vinolta	NORM
aku	O
juga	O
kangen	O
duo	O
ratu	O
itu	O
karya	O
nya	O
bagus2	NORM

@tha_farida	NORM
yg	NORM
d	NORM
tag	O
sih	O
bunda	O
maia...	O
tapi	O
mataku	O
dr	NORM
td	NORM
liatnya	NORM
sih	O
si	NORM
mulan	O

Cewe	NORM
:	O
Kimmy	NORM
cowo	NORM
Matthew	NORM

kangen	O
bngetttt	NORM

Gw	NORM
baru	O
tau	O
kl	NORM
@nagita.slavina	NORM
punya	O
haters.	O
Krn	NORM
yg	NORM
gw	NORM
tau,	O
gigi	O
tuh	O
artis	O
sederhana,	O
ga	NORM
aneh2	NORM
n	NORM
selama	O
ini	O
ga	NORM
pernah	O
buat	O
macam2	NORM
sensasi.	O
Ga	NORM
pernah	O
juga	O
mengusik	O
yg	NORM
lain.	O

Cantiiikkk	NORM
bunda	O

Hahhahaa....lucuu	NORM
bagaatt	NORM
gayannxa.	NORM

Aaaaaa....suaranya	NORM
keren	O
abizzzz	NORM
kak	O
ariel....kerrrrennnn...alwayz	NORM
support	O
you	O

Klo	NORM
cowok:	O
ahmat	O
pangeran	O
putra...	O

taekk	NORM
@rizkiardini	NORM

I	NORM
like	O
it	NORM
ka	NORM
Caca	NORM
:*	O
bangga	O
deh	O
ama	NORM
ka	NORM
Caca	NORM
berbakti	O
ama	NORM
orang	O
tua	O
:D	O

Mantaap	NORM
pak	O
Ahok...maju	NORM
terus,	O
biarkan	O
para	O
anjing	O
menggonggong,	O
hanya	O
manusia	O
"berakal"	O
dan	O
"benar2	NORM
manusia"	O
yg	NORM
dapat	O
membedakan	O
mana	O
baik	O
dan	O
buruk	O
anda	O
sebagai	O
gubernur...Bravo	NORM
Pak	NORM
Ahok!!!	NORM

Iih	NORM
jd	NORM
rasa	O
hndk	NORM
?	O
@rfhakimm	NORM

Sumpah	NORM
kocak	O
g	NORM
ad	NORM
matinya	O
@vincentrompies	NORM

???CUMA	NORM
ORANG	NORM
TERTENTU	NORM
AJA	NORM
YG	NORM
BERANI	NORM
LIHAT	NORM
AKSI	NORM
VIDEO	NORM
TESTIMONI	NORM
YANG	NORM
TIBA2	NORM
LANGSUNG	NORM
PUTIH???CEK	NORM
IG	NORM
SAYA	NORM
KALAU	NORM
ANDA	NORM
MEMANG	NORM
BENAR"	NORM
PUNYA	NORM
NYALI	NORM
BESAR???SARAN	NORM
SAYA	NORM
TOLONG	NORM
JANGAN	NORM
KAGET	NORM

cb	NORM
ingat	O
saat	O
pertama	O
kali	O
memutuskan	O
berhijab	O
@marshanda99	NORM

@hildiarahmadani	NORM
rude	O
bgt	NORM
loh..	O
kasar.	O
prnh	NORM
sekolah	O
dl?	NORM
jgn	NORM
trll	NORM
sk	NORM
comment	O
hdp	NORM
org..	NORM
perbaiki	O
hdp	NORM
sndr	NORM
dl	NORM
lah~~	O

Amiin	NORM
ya	O
allah	O

Pengen	NORM
banget	O
gua	O
bales	NORM
satu-satu	O
komen	O
para	O
haters	O
"ngehina	NORM
sampe	NORM
segitunya	NORM
?	O
Pada	NORM
punya	O
kepribadian	O
yang	O
sangat	O
baik	O
yah	NORM
atau	O
ga	NORM
punya	O
dosa	O
dan	O
kesalahan	O
sama	O
sekali	O
selama	O
hidup?????	O
Ya	NORM
ampuun,	NORM
kamu	O
hebat	O
ih	O
bisa	O
ngehina	NORM
orang	O
sampe	NORM
mati-matian	O
supaya	O
bisa	O
ngejatuhin	NORM
orang	O
tanpa	O
mikir	O
balasan	O
dari	O
sang	O
maha	O
Esa,	NORM
dan	O
kamu	O
pada	O
ga	NORM
takut	O
ya	O
klo	NORM
nanti	O
seumur	O
hidup	O
kalian	O
ga	NORM
pernah	O
ngelakuin	NORM
dosa	O
eh	O
tiba-tiba	O
dapet	NORM
dosa	O
karena	O
ngehina	NORM
orang	O
lain.	O
Apa	NORM
ga	NORM
takut	O
kamu?	O
Sayang	NORM
lo	O
pahalanya	O
selama	O
ini	O
,,".	O
Gedeg	NORM
gua	O
ama	NORM
haters	O

Mirip	NORM
@arianagrande	NORM
bgt!!!!	NORM
??	O

Wahhhhhh.....lucu	NORM
bngt	NORM

mirip	O
bnget	NORM
ma	NORM
el	O
bun	O

Ambil	NORM
line	O
foto	O
nya	O
keren2	NORM
bang.	O
Gak	NORM
nyangka,	NORM
kirain	NORM
cuma	O
pajangan	O
tuh	O
kamera	O
di	O
film	O
aadc,	O
curiga	O
punya	O
sendiri.	O
Foto	NORM
di	O
NY	NORM
nya	O
kayanya	O
juga	O
abang	O
@nicholassaputra	NORM
yg	NORM
ambil	O
kah?	O

@de_caths	NORM
saya	O
setuju	O
dng	NORM
pndapat	NORM
km	NORM

Mb	NORM
irish	O
sm	NORM
mas	O
gino	O
smga	NORM
jadian	O
yaaa...amiiinnnn	NORM

Lek	NORM
selebgram	O
kok	O
mesti	O
apik	O
apik	O
ae	NORM
yo	NORM
lek	O
masio	NORM
simple	O
jilbab	O
e	O
@shovamardia	NORM

Sukaaak	NORM
kebayanyaaa	NORM
dan	O
mua	O
nya	O
@tlatifaah	NORM
:33	O

Toketnya	NORM
sampe	NORM
tumpe2	NORM
tuuuuh.	NORM
Lenje	NORM
sih	O
lu	O

Pingin:(	NORM
aihhh	O

Kangen	NORM
bangg.	NORM

Kocaaaak????	NORM

Karena	NORM
apa	O
yg	NORM
kita	O
posting	O
akan	O
kita	O
bawa	O
sampai	O
mati	O
lho....	O
meskipun	O
misal	O
kita	O
sudah	O
meninggal,	O
dosa	O
akan	O
tetap	O
mengalir	O
ketika	O
banyak	O
foto	O
kita	O
yg	NORM
tersebar	O
di	O
sosmed	O
(dalam	O
keadaan	O
memamerkan	O
aurat)	O
??	O

Yo	NORM
yo	NORM
yo....	NORM
Kuyy	NORM
lah	O
kita	O
ikutan	O
BGA	NORM
nya@heyitsmaliqaaa????,	NORM
dijamin	O
100%	O
real!!???	O
Waktu	NORM
pengumumannya	O
bentarr	NORM
lagi	O
loh!	O
(1oktober2k16)	O
kuyy	NORM
kita	O
ikutan!????	O
klw	NORM
kamu	O
ga	NORM
ikut	O
kamu	O
bakal	O
rugi	O
bgtt?????	NORM
YUK	NORM
IKUTAN!?	NORM
#maafspam:))	NORM

Hai	NORM
girls,	O
yu	NORM
Follow	NORM
n	NORM
order	O
Softlens	NORM
dari	O
@harajukusoftlens	NORM
Softlens	NORM
nya	O
Kece2	NORM
badaaiii.	NORM
Banyak	NORM
pilihan	O
warna	O
merk	O
n	NORM
Motif	NORM
yg	NORM
super	O
keren.	O
Bikin	NORM
Mata	NORM
makin	O
cantik	O
memukau	O
shine	O
Maksimal.	NORM
Harga	NORM
terjangkau	O
gak	NORM
bikin	O
kantong	O
Bolong.	NORM
Paket	NORM
lengkap	O
juga	O
ada.	O
Free	NORM
Ongkir	NORM
pula	O
seluruh	O
indonesia	O
kakak.	O
Yu	NORM
order	O
girls!!?	O

@yeremiakrisanto	NORM
pilih	O
ga	NORM
pilih	O
itu	O
gak	NORM
saya.	O
Saya	NORM
warga	O
DKI,	NORM
dia	O
gubernur	O
DKI,	NORM
wajar	O
sya	NORM
komplain	O
nyampein	NORM
masalah	O
yg	NORM
ada,	O
sya	NORM
punya	O
hak	O
nyampein	NORM
aspirasi	O
saya.	O
Saya	NORM
justru	O
dukung	O
beliau	O
biar	O
Jakarta	NORM
lebih	O
baik.	O
Bkn	NORM
masalah	O
piala.	O
Tolong	NORM
jgn	NORM
salah	O
faham	O

paraah	NORM
ni???	NORM

Mauuu	NORM
@dwikartikaaaa	NORM

Kayakk	NORM
ariana	O
asliii	NORM

Ya	NORM
ngemben,	O
usah	O
krudungan?	NORM
Haha	NORM
@ciyanlutfi	NORM

@diananasution_	NORM
cwo	NORM
udah	NORM
brengsek	O
mah	O
apapun	O
dijatuhkan	O
yg	NORM
udah	NORM
bukan	O
mnjadi	NORM
milik	O
dia,	O
ktika	NORM
masih	O
dipuja2	NORM
sudah	O
ga	NORM
cinta	O
dibuang,	O
kam	NORM
kan	O
cwe	NORM
smoga	NORM
km	NORM
ngrasain	NORM
apa	O
yg	NORM
bunda	O
cantik	O
rasain	NORM

