pita	O=0.9999959468841553|NORM_1WORD=3.4635361316759372e-06|NORM_2WORD=4.5714861585111066e-07
konobar	O=0.9999792575836182|NORM_1WORD=2.0467281501623802e-05|NORM_2WORD=2.654154513948015e-07
hoćete	O=0.9999902248382568|NORM_1WORD=9.267886525776703e-06|NORM_2WORD=4.5959657768435136e-07
novine	O=0.9999889135360718|NORM_1WORD=1.0683222171792295e-05|NORM_2WORD=3.0044785148675146e-07
?	O=0.9999954700469971|NORM_1WORD=2.524824139982229e-06|NORM_2WORD=1.548982481835992e-06

učenje	O=0.9999741315841675|NORM_1WORD=2.3647633497603238e-05|NORM_2WORD=1.6238503803833737e-06
geografije	O=0.9999656677246094|NORM_1WORD=3.3257896575378254e-05|NORM_2WORD=8.070205126387009e-07
mi	O=0.9999940395355225|NORM_1WORD=5.115899966767756e-06|NORM_2WORD=5.940762548561906e-07
je	O=0.9999942779541016|NORM_1WORD=5.189690000406699e-06|NORM_2WORD=3.9870482737569546e-07
toliko	O=0.999994158744812|NORM_1WORD=5.089438218419673e-06|NORM_2WORD=5.876116802028264e-07
dosadno	O=0.9999843835830688|NORM_1WORD=1.4862290299788583e-05|NORM_2WORD=6.309546733973548e-07
da	O=0.999996542930603|NORM_1WORD=2.8571507755259518e-06|NORM_2WORD=4.5214406441118626e-07
sam	O=0.9999961853027344|NORM_1WORD=3.152233148284722e-06|NORM_2WORD=4.4977210222896247e-07
upalio	O=0.9999868869781494|NORM_1WORD=1.234625142387813e-05|NORM_2WORD=6.362129738590738e-07
mađarske	O=0.9999291896820068|NORM_1WORD=6.966663931962103e-05|NORM_2WORD=1.0047409659819095e-06
vesti	O=0.9999587535858154|NORM_1WORD=4.010041448054835e-05|NORM_2WORD=9.644307965572807e-07
ma	O=0.9594636559486389|NORM_1WORD=0.040530264377593994|NORM_2WORD=5.54171947442228e-06
rtv2	O=0.999176561832428|NORM_1WORD=0.0008136858814395964|NORM_2WORD=7.640795047336724e-06
i	O=0.9999970197677612|NORM_1WORD=2.359387281103409e-06|NORM_2WORD=4.3012855144297646e-07
pokušavam	O=0.9999945163726807|NORM_1WORD=4.831266323890304e-06|NORM_2WORD=4.880787969341327e-07
da	O=0.9999973773956299|NORM_1WORD=2.2040355815988733e-06|NORM_2WORD=3.954139913275867e-07
skontam	O=0.9999899864196777|NORM_1WORD=9.12977793632308e-06|NORM_2WORD=6.313362064247485e-07
šta	O=0.9998307228088379|NORM_1WORD=0.00016398902516812086|NORM_2WORD=4.5039146243652795e-06
voditeljka	O=0.9999884366989136|NORM_1WORD=1.1156223081343342e-05|NORM_2WORD=3.819729670340166e-07
priča	O=0.9999712705612183|NORM_1WORD=2.415653034404386e-05|NORM_2WORD=3.3426756544940872e-06
o	O=0.9999959468841553|NORM_1WORD=3.5918624234909657e-06|NORM_2WORD=4.1671279404909e-07
vučiću	O=0.9999344348907471|NORM_1WORD=6.4144391217269e-05|NORM_2WORD=1.1220413398405071e-06
i	O=0.9999943971633911|NORM_1WORD=4.901939973933622e-06|NORM_2WORD=5.11675352754537e-07
dodiku	O=0.9598305225372314|NORM_1WORD=0.0398862324655056|NORM_2WORD=0.0002456741640344262

"	O=0.9999951124191284|NORM_1WORD=2.554835646151332e-06|NORM_2WORD=1.607531316949462e-06
volim	O=0.9999934434890747|NORM_1WORD=5.304209935275139e-06|NORM_2WORD=7.866054261285171e-07
te	O=0.9999915361404419|NORM_1WORD=7.451129022228997e-06|NORM_2WORD=7.656086040697119e-07
"	O=0.9999957084655762|NORM_1WORD=2.366171202083933e-06|NORM_2WORD=1.3807679124511196e-06
-	O=0.9999949932098389|NORM_1WORD=2.841657078533899e-06|NORM_2WORD=1.5121144087970606e-06
kad	O=0.9999945163726807|NORM_1WORD=3.638278485595947e-06|NORM_2WORD=1.306201397710538e-06
stvarno	O=0.9999853372573853|NORM_1WORD=1.3738190318690613e-05|NORM_2WORD=6.817882081122661e-07
to	O=0.999988317489624|NORM_1WORD=1.0403265150671359e-05|NORM_2WORD=8.409451766056009e-07
osecaju	NORM_1WORD=0.9996007084846497|O=0.0003972704289481044|NORM_2WORD=1.8507431605030433e-06
!	O=0.9999953508377075|NORM_1WORD=2.2476408503280254e-06|NORM_2WORD=1.6796270756458398e-06

u	O=0.9999918937683105|NORM_1WORD=7.736003681202419e-06|NORM_2WORD=2.550524413891253e-07
mladosti	O=0.9999687671661377|NORM_1WORD=3.0425713703152724e-05|NORM_2WORD=5.410557832874474e-07
sam	O=0.9999916553497314|NORM_1WORD=7.288095730473287e-06|NORM_2WORD=7.124316425688448e-07
radio	O=0.9999500513076782|NORM_1WORD=4.897090184385888e-05|NORM_2WORD=7.500393053305743e-07
u	O=0.9999961853027344|NORM_1WORD=3.5514760838850634e-06|NORM_2WORD=2.764330133686599e-07
gvozdjarskoj	O=0.9996201992034912|NORM_1WORD=0.0003790910996031016|NORM_2WORD=5.560429485740315e-07
radnji	O=0.999946117401123|NORM_1WORD=5.308779509505257e-05|NORM_2WORD=5.63657408747531e-07
,	O=0.9999957084655762|NORM_1WORD=2.596872491267277e-06|NORM_2WORD=1.3156920886103762e-06
malo	O=0.999984622001648|NORM_1WORD=1.482561492593959e-05|NORM_2WORD=4.0378563426202163e-07
sam	O=0.9999949932098389|NORM_1WORD=4.4490416257758625e-06|NORM_2WORD=3.6304521700003534e-07
bio	O=0.9999881982803345|NORM_1WORD=1.120033448387403e-05|NORM_2WORD=4.791881451637892e-07
u	O=0.9999942779541016|NORM_1WORD=5.2231853260309435e-06|NORM_2WORD=3.011528235674632e-07
ratnohuskackoj	NORM_1WORD=0.9997779726982117|O=0.0002141446020686999|NORM_2WORD=6.166807906993199e-06
stranci	O=0.9994128942489624|NORM_1WORD=0.000585892063099891|NORM_2WORD=9.501159183855634e-07
,	O=0.9999964237213135|NORM_1WORD=2.9267614536365727e-06|NORM_2WORD=5.22986283613136e-07
bio	O=0.9999431371688843|NORM_1WORD=5.439946835394949e-05|NORM_2WORD=1.7467177713115234e-06
najsramniji	O=0.9999510049819946|NORM_1WORD=4.8164707550313324e-05|NORM_2WORD=5.661404998136277e-07
min.	O=0.9061034917831421|NORM_1WORD=0.09388240426778793|NORM_2WORD=1.2393394172249828e-05
info.	NORM_1WORD=0.9961322546005249|O=0.003858359530568123|NORM_2WORD=8.6381896835519e-06
,	O=0.999995231628418|NORM_1WORD=3.5311959436512552e-06|NORM_2WORD=9.447730349165795e-07
pisao	O=0.9962819218635559|NORM_1WORD=0.003715322818607092|NORM_2WORD=2.392461965428083e-06
recenzije	O=0.999964714050293|NORM_1WORD=3.4156415495090187e-05|NORM_2WORD=7.862678899073217e-07
...	O=0.9999909400939941|NORM_1WORD=7.905536222096998e-06|NORM_2WORD=8.093493306660093e-07

kad	O=0.9999886751174927|NORM_1WORD=5.913905624765903e-06|NORM_2WORD=3.939623184123775e-06
nešto	O=0.9999815225601196|NORM_1WORD=1.5326819266192615e-05|NORM_2WORD=2.2992737740423763e-06
svesno	O=0.9999879598617554|NORM_1WORD=1.15552056740853e-05|NORM_2WORD=3.3746869121387135e-07
radiš	O=0.9999954700469971|NORM_1WORD=4.0344111766899005e-06|NORM_2WORD=4.063047072122572e-07
,	O=0.9999954700469971|NORM_1WORD=2.4211187792388955e-06|NORM_2WORD=1.5980137959559215e-06
znajući	O=0.9999957084655762|NORM_1WORD=3.4959471122419927e-06|NORM_2WORD=6.004681267768319e-07
da	O=0.999996542930603|NORM_1WORD=2.975287998197018e-06|NORM_2WORD=3.8581578110097325e-07
nije	O=0.9999872446060181|NORM_1WORD=1.158858049166156e-05|NORM_2WORD=8.58975965911668e-07
o.	O=0.9999880790710449|NORM_1WORD=9.831836905505043e-06|NORM_2WORD=1.7118034065788379e-06
k.	O=0.9999822378158569|NORM_1WORD=1.4952764104236849e-05|NORM_2WORD=2.1014634512539487e-06
i	O=0.9999951124191284|NORM_1WORD=4.0497516238247044e-06|NORM_2WORD=6.230172289178881e-07
ne	O=0.9999947547912598|NORM_1WORD=4.4425200940168e-06|NORM_2WORD=5.78285209940077e-07
pokušavaš	O=0.9999955892562866|NORM_1WORD=3.8127091102069244e-06|NORM_2WORD=4.173322736278351e-07
da	O=0.9999970197677612|NORM_1WORD=2.4821897568472195e-06|NORM_2WORD=3.5033727385780367e-07
promeniš	O=0.9999892711639404|NORM_1WORD=1.0169438610319048e-05|NORM_2WORD=5.138973051543871e-07
je	O=0.9999947547912598|NORM_1WORD=4.7896855903672986e-06|NORM_2WORD=3.158708921091602e-07
jasan	O=0.9999892711639404|NORM_1WORD=1.0118100362888072e-05|NORM_2WORD=4.642250246433832e-07
znak	O=0.9999905824661255|NORM_1WORD=8.583077942603268e-06|NORM_2WORD=6.475668783423316e-07
da	O=0.9999973773956299|NORM_1WORD=2.308133389306022e-06|NORM_2WORD=2.729867105699668e-07
si	O=0.9999963045120239|NORM_1WORD=3.1592639970767777e-06|NORM_2WORD=3.8091079090918356e-07
debilčina	O=0.9998682737350464|NORM_1WORD=0.00012951182725373656|NORM_2WORD=1.715240728117351e-06
retardirana	O=0.9999719858169556|NORM_1WORD=2.6755646103993058e-05|NORM_2WORD=9.380553933624469e-07
pizda	O=0.9994595646858215|NORM_1WORD=0.0005384066607803106|NORM_2WORD=1.6386263723688899e-06
ti	O=0.9999433755874634|NORM_1WORD=5.54255057068076e-05|NORM_2WORD=9.829685723161674e-07
materina	O=0.9998087286949158|NORM_1WORD=0.00018990138778463006|NORM_2WORD=1.1502492043291568e-06
glupa	O=0.9999377727508545|NORM_1WORD=6.07430592935998e-05|NORM_2WORD=1.1240059620831744e-06
!	O=0.9999963045120239|NORM_1WORD=2.625947217893554e-06|NORM_2WORD=8.187605544662802e-07

ja	O=0.999997615814209|NORM_1WORD=1.8814058648786158e-06|NORM_2WORD=4.401921103180939e-07
kazem	NORM_1WORD=0.9961084723472595|O=0.003882678924128413|NORM_2WORD=7.176734925451456e-06
što	O=0.999363362789154|NORM_1WORD=0.0006350888288579881|NORM_2WORD=1.3701856005354784e-06
samo	O=0.9999785423278809|NORM_1WORD=2.0113413484068587e-05|NORM_2WORD=1.0945108215310029e-06
tabloidi	O=0.9999918937683105|NORM_1WORD=7.2780057962518185e-06|NORM_2WORD=5.87020508646674e-07
?	O=0.9999960660934448|NORM_1WORD=1.869878019533644e-06|NORM_2WORD=1.5600845699736965e-06

cime	NORM_1WORD=0.9997778534889221|O=0.0002121424040524289|NORM_2WORD=7.643643584742676e-06
je	O=0.9999630451202393|NORM_1WORD=3.646283585112542e-05|NORM_2WORD=3.122753753359575e-07
izazvan	NORM_1WORD=0.8569255471229553|O=0.1430579423904419|NORM_2WORD=1.354738742520567e-05
ovaj	O=0.9999935626983643|NORM_1WORD=5.697608685295563e-06|NORM_2WORD=4.936743493999529e-07
patriotizam	O=0.9999891519546509|NORM_1WORD=1.0178364391322248e-05|NORM_2WORD=4.387621572732314e-07
na	O=0.9999951124191284|NORM_1WORD=4.564061782730278e-06|NORM_2WORD=2.6296615374121757e-07
rtsu	NORM_1WORD=0.9837212562561035|O=0.016269439831376076|NORM_2WORD=8.122419785649981e-06
?	O=0.9999939203262329|NORM_1WORD=3.7943882489344105e-06|NORM_2WORD=1.6275258758469136e-06

ne	O=0.9999980926513672|NORM_1WORD=1.2773188018400106e-06|NORM_2WORD=4.3900550394937454e-07
vidim	O=0.9999973773956299|NORM_1WORD=1.7823732605393161e-06|NORM_2WORD=6.416139513021335e-07
stvarnoo	O=0.9999772310256958|NORM_1WORD=2.2038806491764262e-05|NORM_2WORD=5.365907327359309e-07
...	O=0.9999970197677612|NORM_1WORD=1.3713408861804055e-06|NORM_2WORD=1.1879775456691277e-06

kontam	O=0.9999523162841797|NORM_1WORD=4.709155109594576e-05|NORM_2WORD=4.3143830907865777e-07
kad	O=0.9999939203262329|NORM_1WORD=4.596344751917059e-06|NORM_2WORD=1.1023738579751807e-06
neko	O=0.9999860525131226|NORM_1WORD=1.3564077562477905e-05|NORM_2WORD=4.122240397919086e-07
cima	NORM_1WORD=0.9455795884132385|O=0.05441328138113022|NORM_2WORD=6.533413852594094e-06
sa	O=0.9999932050704956|NORM_1WORD=6.558661880262662e-06|NORM_2WORD=1.821829727077784e-07
skrivenog	O=0.9999771118164062|NORM_1WORD=2.2564818209502846e-05|NORM_2WORD=2.8471657742557e-07
broja	O=0.9999542236328125|NORM_1WORD=4.551707024802454e-05|NORM_2WORD=2.277973720765658e-07
da	O=0.9999852180480957|NORM_1WORD=1.4238639778341167e-05|NORM_2WORD=4.945806040268508e-07
samo	O=0.9999912977218628|NORM_1WORD=7.75413354858756e-06|NORM_2WORD=6.66224025280826e-07
gasi	O=0.9999430179595947|NORM_1WORD=5.559425335377455e-05|NORM_2WORD=1.2154788464613375e-06
zelju	NORM_1WORD=0.9994522929191589|O=0.0005430528544820845|NORM_2WORD=4.1684170355438255e-06
za	O=0.9999945163726807|NORM_1WORD=5.132033493282506e-06|NORM_2WORD=2.3439480401066248e-07
cimanjem	O=0.9640615582466125|NORM_1WORD=0.0359337292611599|NORM_2WORD=4.141094450460514e-06
,	O=0.9999958276748657|NORM_1WORD=2.620379746076651e-06|NORM_2WORD=1.2440435739335953e-06
pa	O=0.999992847442627|NORM_1WORD=6.437559932237491e-06|NORM_2WORD=5.206951527725323e-07
sakrije	O=0.9999486207962036|NORM_1WORD=5.078087269794196e-05|NORM_2WORD=5.159792522135831e-07
ime	O=0.9999880790710449|NORM_1WORD=1.145428996096598e-05|NORM_2WORD=3.3412797506571223e-07
da	O=0.9999920129776001|NORM_1WORD=7.5861748882743996e-06|NORM_2WORD=3.298727051515016e-07
ga	O=0.9999896287918091|NORM_1WORD=9.36763626668835e-06|NORM_2WORD=6.717473297612742e-07
ne	O=0.9999923706054688|NORM_1WORD=7.17271541361697e-06|NORM_2WORD=3.676822473153152e-07
prozivaju	O=0.9995118379592896|NORM_1WORD=0.00048750886344350874|NORM_2WORD=6.200588700266962e-07
.	O=0.9999969005584717|NORM_1WORD=2.057211077044485e-06|NORM_2WORD=7.919796871647122e-07

ovaj	O=0.9999520778656006|NORM_1WORD=4.7328674554592e-05|NORM_2WORD=5.166565415493096e-07
listerine	O=0.7308223247528076|NORM_1WORD=0.26915526390075684|NORM_2WORD=1.957777567440644e-05
za	O=0.9999979734420776|NORM_1WORD=1.6954677448666189e-06|NORM_2WORD=2.8431821874619345e-07
ispiranje	O=0.9999910593032837|NORM_1WORD=8.367097507289145e-06|NORM_2WORD=4.246108176175767e-07
usta	O=0.9999663829803467|NORM_1WORD=3.237199052819051e-05|NORM_2WORD=9.951268111763056e-07
grize	NORM_1WORD=0.9997567534446716|O=0.0002385858679190278|NORM_2WORD=3.8098978620837443e-06
toliko	O=0.999993085861206|NORM_1WORD=5.474414138006978e-06|NORM_2WORD=1.2181448028059094e-06
da	O=0.9999977350234985|NORM_1WORD=1.6785311345302034e-06|NORM_2WORD=4.970864324604918e-07
svaki	O=0.9999963045120239|NORM_1WORD=2.080854301311774e-06|NORM_2WORD=1.1677934708131943e-06
put	O=0.9999972581863403|NORM_1WORD=1.951769490915467e-06|NORM_2WORD=6.29009036856587e-07
dobijem	O=0.9999974966049194|NORM_1WORD=2.00535282601777e-06|NORM_2WORD=3.784945477036672e-07
zelju	NORM_1WORD=0.9997009038925171|O=0.00029467808781191707|NORM_2WORD=3.917944923159666e-06
da	O=0.999997615814209|NORM_1WORD=1.718514681670058e-06|NORM_2WORD=5.20649962254538e-07
ga	O=0.9999878406524658|NORM_1WORD=9.728064469527453e-06|NORM_2WORD=1.7452373413107125e-06
progutam	O=0.9999867677688599|NORM_1WORD=1.2300801245146431e-05|NORM_2WORD=6.96293966484518e-07
i	O=0.999997615814209|NORM_1WORD=1.5860714484006166e-06|NORM_2WORD=5.589404281636234e-07
vidim	O=0.9999966621398926|NORM_1WORD=2.3270558813237585e-06|NORM_2WORD=7.624357181157393e-07
sta	NORM_1WORD=0.9999740123748779|O=1.634549698792398e-05|NORM_2WORD=7.612897206854541e-06
ce	NORM_1WORD=0.9999663829803467|O=2.8249383831280284e-05|NORM_2WORD=4.4321063796815e-06
mi	O=0.9999973773956299|NORM_1WORD=1.8825146526069148e-06|NORM_2WORD=5.986389055578911e-07
biti	O=0.9999967813491821|NORM_1WORD=2.4266951186291408e-06|NORM_2WORD=5.545743420043436e-07

svaki	O=0.999994158744812|NORM_1WORD=4.406591870065313e-06|NORM_2WORD=1.0607880085444776e-06
dan	O=0.9999960660934448|NORM_1WORD=3.1695960842625936e-06|NORM_2WORD=5.440435870696092e-07
neki	O=0.9999895095825195|NORM_1WORD=9.548797606839798e-06|NORM_2WORD=6.854642151665757e-07
novi	O=0.9999769926071167|NORM_1WORD=2.031893927778583e-05|NORM_2WORD=1.737148295433144e-06
najeb	NORM_1WORD=0.9978768825531006|O=0.0021185344085097313|NORM_2WORD=3.917934009223245e-06
u	O=0.9999971389770508|NORM_1WORD=2.228282482974464e-06|NORM_2WORD=4.4836866663899855e-07
srbiji	O=0.9999822378158569|NORM_1WORD=1.7223825125256553e-05|NORM_2WORD=4.6818402665849135e-07
.	O=0.9999970197677612|NORM_2WORD=1.3407354799710447e-06|NORM_1WORD=1.280350488741533e-06

stalno	O=0.9999964237213135|NORM_1WORD=1.7790498532122e-06|NORM_2WORD=1.3422776419247384e-06
mu	O=0.9999980926513672|NORM_1WORD=1.623046955501195e-06|NORM_2WORD=2.483275807207974e-07
nešto	O=0.9999929666519165|NORM_1WORD=4.2089627640962135e-06|NORM_2WORD=2.0803374809474917e-06
fali	O=0.9999877214431763|NORM_1WORD=9.328712621936575e-06|NORM_2WORD=1.920672957567149e-06
i	O=0.9999978542327881|NORM_1WORD=1.4785703115194337e-06|NORM_2WORD=4.4821507572123664e-07
smeta	O=0.9999634027481079|NORM_1WORD=3.498210935504176e-05|NORM_2WORD=1.2089451502106385e-06
.	O=0.9999966621398926|NORM_1WORD=1.475731551181525e-06|NORM_2WORD=1.4455303016802645e-06

istrošili	O=0.9999936819076538|NORM_1WORD=6.069534720154479e-06|NORM_2WORD=2.8619379577321524e-07
se	O=0.9999972581863403|NORM_1WORD=2.4185108031815616e-06|NORM_2WORD=2.1785348280900507e-07
za	O=0.9999799728393555|NORM_1WORD=1.9356306438567117e-05|NORM_2WORD=5.506504408003821e-07
ng	O=0.9977964162826538|NORM_1WORD=0.0021999534219503403|NORM_2WORD=3.1634899642085657e-06
i	O=0.9999947547912598|NORM_1WORD=4.627099770004861e-06|NORM_2WORD=4.4447381242207484e-07
božić	O=0.9999942779541016|NORM_1WORD=5.341560608940199e-06|NORM_2WORD=4.16103688394287e-07

#vucic	O=0.9999969005584717|NORM_1WORD=2.387223730693222e-06|NORM_2WORD=5.947673002992815e-07
#oko	O=0.9999955892562866|NORM_2WORD=2.300995220139157e-06|NORM_1WORD=1.7534238168082084e-06

voleo	O=0.999987006187439|NORM_1WORD=1.2345499271759763e-05|NORM_2WORD=5.152642756911519e-07
sam	O=0.9999967813491821|NORM_1WORD=2.6848440484172897e-06|NORM_2WORD=3.975728191107919e-07
slatkiše	O=0.9999655485153198|NORM_1WORD=3.247620043111965e-05|NORM_2WORD=1.6278615930787055e-06
pa	O=0.9999923706054688|NORM_1WORD=6.7957976170873735e-06|NORM_2WORD=6.096406082178873e-07
sam	O=0.9999970197677612|NORM_1WORD=2.363594376220135e-06|NORM_2WORD=4.906842718810367e-07
jedva	O=0.9999945163726807|NORM_1WORD=4.567455107462592e-06|NORM_2WORD=6.579974751730333e-07
čekao	O=0.999994158744812|NORM_1WORD=5.379210051614791e-06|NORM_2WORD=3.461068445176352e-07
da	O=0.9999979734420776|NORM_1WORD=1.6174885786313098e-06|NORM_2WORD=4.096924328678142e-07
poližem	O=0.9999960660934448|NORM_1WORD=3.1740246413392015e-06|NORM_2WORD=6.526631182168785e-07
picu	O=0.9999227523803711|NORM_1WORD=7.683243893552572e-05|NORM_2WORD=3.921294933206809e-07
.	O=0.9999969005584717|NORM_1WORD=1.6435838006145786e-06|NORM_2WORD=1.0938567811535904e-06

#terorizam	O=0.9999973773956299|NORM_1WORD=1.678483954492549e-06|NORM_2WORD=6.876997531435336e-07

uzmes	NORM_1WORD=0.9999685287475586|O=2.6151394195039757e-05|NORM_2WORD=4.1939106267818715e-06
kombi	O=0.9999572038650513|NORM_1WORD=4.173763591097668e-05|NORM_2WORD=8.192986342692166e-07
,	O=0.9999977350234985|NORM_1WORD=1.3624319308291888e-06|NORM_2WORD=7.689383210163214e-07
skines	NORM_1WORD=0.9995288848876953|O=0.0004677054821513593|NORM_2WORD=2.7275646061752923e-06
sedista	NORM_1WORD=0.9997228980064392|O=0.0002748940314631909|NORM_2WORD=1.9592650915001286e-06
nazad	O=0.9999929666519165|NORM_1WORD=6.391442184394691e-06|NORM_2WORD=4.4004443111589353e-07
,	O=0.9999977350234985|NORM_1WORD=1.3943580370323616e-06|NORM_2WORD=7.527436309828772e-07
plastificiras	NORM_1WORD=0.999854326248169|O=0.00014229753287509084|NORM_2WORD=2.8892557111248607e-06
sve	O=0.9999927282333374|NORM_1WORD=6.375806606229162e-06|NORM_2WORD=7.526042509198305e-07
i	O=0.999997615814209|NORM_1WORD=1.8187242858402897e-06|NORM_2WORD=4.1851487253552477e-07
vozis	NORM_1WORD=0.9999557733535767|O=3.7539415643550456e-05|NORM_2WORD=5.305133072397439e-06
pijane	O=0.9999241828918457|NORM_1WORD=7.413505227304995e-05|NORM_2WORD=1.2745815638481872e-06
na	O=0.9999961853027344|NORM_1WORD=3.3533085570525145e-06|NORM_2WORD=3.200220533017273e-07
kilo	O=0.9999226331710815|NORM_1WORD=7.554789772257209e-05|NORM_2WORD=1.5144872804739862e-06
.	O=0.9999973773956299|NORM_1WORD=1.6908322777453577e-06|NORM_2WORD=7.378511099886964e-07

tako	O=0.9999539852142334|NORM_1WORD=4.463957156985998e-05|NORM_2WORD=1.015253360492352e-06
moja	O=0.9999700784683228|NORM_1WORD=2.7113379474030808e-05|NORM_2WORD=2.2756096313969465e-06
debelja	O=0.9976975321769714|NORM_1WORD=0.002300870604813099|NORM_2WORD=1.477348746448115e-06
komsinica	NORM_1WORD=0.9998388290405273|O=0.00015773775521665812|NORM_2WORD=3.0380949738173513e-06
kad	O=0.9999959468841553|NORM_1WORD=2.7287010198051576e-06|NORM_2WORD=9.472546480537858e-07
s	O=0.99996018409729|NORM_1WORD=3.9339789509540424e-05|NORM_2WORD=4.002799016689096e-07
eudala	O=0.99676114320755|NORM_1WORD=0.0032337757293134928|NORM_2WORD=4.516869921644684e-06
rekla	O=0.9999743700027466|NORM_1WORD=2.2206470021046698e-05|NORM_2WORD=2.79497294286557e-06
e	O=0.9998193383216858|NORM_1WORD=0.00017680057499092072|NORM_2WORD=2.7607050014921697e-06
,	O=0.9999947547912598|NORM_1WORD=3.012979277627892e-06|NORM_2WORD=1.5912393109829281e-06
sad	O=0.9999966621398926|NORM_1WORD=2.055100594589021e-06|NORM_2WORD=9.839814083534293e-07
mogu	O=0.999992847442627|NORM_1WORD=5.358967428037431e-06|NORM_2WORD=1.1642309800663497e-06
da	O=0.9999940395355225|NORM_1WORD=4.95290441904217e-06|NORM_2WORD=6.565197168129089e-07
jedem	O=0.999945878982544|NORM_1WORD=4.71221974294167e-05|NORM_2WORD=4.696268206316745e-06
koliko	O=0.9999257326126099|NORM_1WORD=7.107229612302035e-05|NORM_2WORD=2.4745611426624237e-06
hocu	NORM_1WORD=0.9999761581420898|O=1.8064114556182176e-05|NORM_2WORD=4.696186351793585e-06
i	O=0.9999940395355225|NORM_1WORD=4.8818960749485996e-06|NORM_2WORD=7.880896077949728e-07
sta	NORM_1WORD=0.9999778270721436|O=1.0422680134070106e-05|NORM_2WORD=9.351735570817254e-06
hocu	NORM_1WORD=0.999977707862854|O=1.644090843910817e-05|NORM_2WORD=4.600638021656778e-06
...	O=0.9999957084655762|NORM_1WORD=2.9896805244788993e-06|NORM_2WORD=9.373005127599754e-07

profesor	O=0.9999921321868896|NORM_1WORD=7.435346105921781e-06|NORM_2WORD=4.1606116951697913e-07
me	O=0.9999963045120239|NORM_1WORD=3.283796104369685e-06|NORM_2WORD=3.175113647557737e-07
zvao	O=0.9999864101409912|NORM_1WORD=1.3189406672609039e-05|NORM_2WORD=3.5199801118324103e-07
da	O=0.9999973773956299|NORM_1WORD=2.0396614672790747e-06|NORM_2WORD=5.029256158195494e-07
me	O=0.9999974966049194|NORM_1WORD=1.9116753264825093e-06|NORM_2WORD=4.4464374582275923e-07
pita	O=0.9999974966049194|NORM_1WORD=1.9115605027764104e-06|NORM_2WORD=5.160230784895248e-07
da	O=0.9999961853027344|NORM_1WORD=3.2432890293421224e-06|NORM_2WORD=4.184507815807592e-07
li	O=0.9999971389770508|NORM_1WORD=2.232702854598756e-06|NORM_2WORD=4.877775836575893e-07
može	O=0.9998488426208496|NORM_1WORD=0.0001413402787875384|NORM_2WORD=8.306481504405383e-06
da	O=0.9999823570251465|NORM_1WORD=1.6929328921833076e-05|NORM_2WORD=5.551145818571968e-07
svrati	O=0.9992172718048096|NORM_1WORD=0.000775899039581418|NORM_2WORD=5.5665932450210676e-06
sutra	O=0.9999974966049194|NORM_1WORD=1.7406433698852197e-06|NORM_2WORD=5.829206770613382e-07
na	O=0.999995231628418|NORM_1WORD=4.1981843423855025e-06|NORM_2WORD=4.622997096248582e-07
set	O=0.9988887906074524|NORM_1WORD=0.0011079050600528717|NORM_2WORD=2.9011364404141204e-06
da	O=0.9999977350234985|NORM_1WORD=1.8160951640311396e-06|NORM_2WORD=3.540779971444863e-07
vidi	O=0.9999967813491821|NORM_1WORD=2.583097739261575e-06|NORM_2WORD=5.305590775606106e-07
kako	O=0.9999949932098389|NORM_1WORD=3.7426655126182595e-06|NORM_2WORD=9.799762210604968e-07
radimo	O=0.9999959468841553|NORM_1WORD=3.256376203353284e-06|NORM_2WORD=5.583150368693168e-07
.	O=0.9999971389770508|NORM_1WORD=1.6695339581929147e-06|NORM_2WORD=9.025599752021662e-07

sadrzaj	NORM_1WORD=0.9999402761459351|O=5.590261935140006e-05|NORM_2WORD=3.1076017421582947e-06
je	O=0.9999821186065674|NORM_1WORD=1.689272903604433e-05|NORM_2WORD=6.76250635933684e-07
jako	O=0.9999892711639404|NORM_1WORD=8.690488357387949e-06|NORM_2WORD=1.439609377484885e-06
dobar	O=0.999995231628418|NORM_1WORD=3.7438869640027406e-06|NORM_2WORD=7.354833542194683e-07
i	O=0.9999889135360718|NORM_1WORD=9.95024402072886e-06|NORM_2WORD=8.172099228431762e-07
ja	O=0.9999967813491821|NORM_1WORD=2.526995103835361e-06|NORM_2WORD=5.257820134829672e-07
se	O=0.999996542930603|NORM_1WORD=3.139387899864232e-06|NORM_2WORD=2.8970052312615735e-07
osecam	NORM_1WORD=0.9998970031738281|O=9.931778186000884e-05|NORM_2WORD=3.2193170227401424e-06
bozanstveno	NORM_1WORD=0.9178344011306763|O=0.0821518674492836|NORM_2WORD=1.1281519618933089e-05
,	O=0.9999951124191284|NORM_1WORD=2.402359086772776e-06|NORM_2WORD=1.813430344554945e-06
skroz	O=0.9999927282333374|NORM_1WORD=6.663315161858918e-06|NORM_2WORD=4.2202094618915e-07
sam	O=0.9999959468841553|NORM_1WORD=3.493085387162864e-06|NORM_2WORD=3.9581937016919255e-07
se	O=0.9999959468841553|NORM_1WORD=3.7967233765812125e-06|NORM_2WORD=2.7305244998387934e-07
navukla	O=0.9999864101409912|NORM_1WORD=1.319993862125557e-05|NORM_2WORD=4.1353180790792976e-07
...	O=0.999995231628418|NORM_1WORD=3.216693357899203e-06|NORM_2WORD=1.1197714684385573e-06

joj	O=0.999891996383667|NORM_1WORD=0.00010724481398938224|NORM_2WORD=6.243786856430233e-07
jadnice	O=0.55573570728302|NORM_1WORD=0.4442587196826935|NORM_2WORD=5.1028860070800874e-06
,	O=0.9999933242797852|NORM_1WORD=4.498628641158575e-06|NORM_2WORD=1.6137416878336808e-06
dosao	NORM_1WORD=0.9999574422836304|O=3.566423401935026e-05|NORM_2WORD=5.660288934450364e-06
si	O=0.9999865293502808|NORM_1WORD=1.3174385458114557e-05|NORM_2WORD=2.152722515802452e-07
iz	O=0.9999396800994873|NORM_1WORD=5.979738853056915e-05|NORM_2WORD=4.581109465107147e-07
glupavog	O=0.9999023675918579|NORM_1WORD=9.657201735535637e-05|NORM_2WORD=8.873345791471365e-07
gradica	NORM_1WORD=0.9715920090675354|O=0.028402933850884438|NORM_2WORD=4.484435976337409e-06
u	O=0.9999583959579468|NORM_1WORD=4.12076260545291e-05|NORM_2WORD=4.026299222914531e-07
beograd	O=0.9999841451644897|NORM_1WORD=1.5369527318398468e-05|NORM_2WORD=3.1897795338409196e-07
i	O=0.9999778270721436|NORM_1WORD=2.1848636606591754e-05|NORM_2WORD=2.52353373753067e-07
sad	O=0.9999946355819702|NORM_1WORD=4.804071977559943e-06|NORM_2WORD=5.237730533735885e-07
mi	O=0.9999920129776001|NORM_1WORD=7.502978860429721e-06|NORM_2WORD=4.06268043207092e-07
tu	O=0.9999920129776001|NORM_1WORD=7.5363332143751904e-06|NORM_2WORD=4.0570199644207605e-07
prosipas	NORM_1WORD=0.9997608065605164|O=0.00023448211140930653|NORM_2WORD=4.131230070925085e-06
neku	O=0.9999929666519165|NORM_1WORD=6.390886937879259e-06|NORM_2WORD=5.102808700030437e-07
pamet	O=0.9999866485595703|NORM_1WORD=1.2702894309768453e-05|NORM_2WORD=4.6140252152326866e-07
.	O=0.9999961853027344|NORM_1WORD=2.2115873434813693e-06|NORM_2WORD=1.188887722491927e-06

mogao	O=0.9998451471328735|NORM_1WORD=0.0001533679896965623|NORM_2WORD=1.2022823057122878e-06
si	O=0.9999943971633911|NORM_1WORD=5.259244062472135e-06|NORM_2WORD=2.3791390901806153e-07
i	O=0.9999946355819702|NORM_1WORD=5.094830612506485e-06|NORM_2WORD=2.2028282842256885e-07
ti	O=0.9999961853027344|NORM_1WORD=3.5128059607814066e-06|NORM_2WORD=2.907127907292306e-07
meni	O=0.9999840259552002|NORM_1WORD=1.5105550119187683e-05|NORM_2WORD=7.312459615604894e-07
na	O=0.9999947547912598|NORM_1WORD=4.92670096718939e-06|NORM_2WORD=2.345019396443604e-07
isti	O=0.999985933303833|NORM_1WORD=1.3193966879043728e-05|NORM_2WORD=7.032310236354533e-07
nacin	NORM_1WORD=0.9999309778213501|O=6.583548383787274e-05|NORM_2WORD=2.540604782552691e-06
da	O=0.9999953508377075|NORM_1WORD=4.36583331975271e-06|NORM_2WORD=2.0288156576953043e-07
se	O=0.999995231628418|NORM_1WORD=4.509431619226234e-06|NORM_2WORD=2.091923789748762e-07
obratis	NORM_1WORD=0.9998596906661987|O=0.00013579933147411793|NORM_2WORD=3.6733893011842156e-06
,	O=0.9999959468841553|NORM_1WORD=2.7953051358053926e-06|NORM_2WORD=9.49189882248902e-07
da	O=0.9999966621398926|NORM_1WORD=2.9988812002557097e-06|NORM_2WORD=2.3676889782109356e-07
si	O=0.9999947547912598|NORM_1WORD=4.7231696953531355e-06|NORM_2WORD=3.9893777170618705e-07
kulturan	O=0.999471127986908|NORM_1WORD=0.0005281912162899971|NORM_2WORD=5.410624339674541e-07
imalo	O=0.8883245587348938|NORM_1WORD=0.11162696033716202|NORM_2WORD=3.806651875493117e-05
!	O=0.9999964237213135|NORM_1WORD=2.678053760973853e-06|NORM_2WORD=6.645497023782809e-07

tvoja	O=0.9999451637268066|NORM_1WORD=5.377384877647273e-05|NORM_2WORD=9.200958857036312e-07
?	O=0.9999964237213135|NORM_2WORD=1.7226805084646912e-06|NORM_1WORD=1.5127541246329201e-06

@jelenaristicndf	O=0.9999960660934448|NORM_2WORD=1.854171614468214e-06|NORM_1WORD=1.7371301055391086e-06
pozdrav	O=0.9999955892562866|NORM_1WORD=3.461580035946099e-06|NORM_2WORD=6.790160114178434e-07
za	O=0.9999982118606567|NORM_1WORD=1.20611287002248e-06|NORM_2WORD=5.15933948008751e-07
tebe	O=0.9999964237213135|NORM_1WORD=2.1581922737823334e-06|NORM_2WORD=1.1145076541652088e-06
i	O=0.9999973773956299|NORM_1WORD=1.694218894954247e-06|NORM_2WORD=6.995600756454223e-07
za	O=0.999997615814209|NORM_1WORD=1.8500783198760473e-06|NORM_2WORD=4.2977902126040135e-07
sampiona	NORM_1WORD=0.5633478164672852|O=0.4366414546966553|NORM_2WORD=9.848942681855988e-06
:)	O=0.9999945163726807|NORM_2WORD=3.1327688247984042e-06|NORM_1WORD=1.604952444722585e-06

#srbijobudise	O=0.9999806880950928|NORM_1WORD=1.9017557860934176e-05|NORM_2WORD=2.5469108777542715e-07
#gotovje	O=0.9999966621398926|NORM_1WORD=2.9839691251254408e-06|NORM_2WORD=3.714843899160769e-07
@zelenininja	O=0.9999973773956299|NORM_1WORD=1.8321843526791781e-06|NORM_2WORD=7.035570774860389e-07

da	O=0.9999921321868896|NORM_1WORD=7.6037622420699336e-06|NORM_2WORD=2.3930189740895e-07
li	O=0.9999890327453613|NORM_1WORD=1.0153205039387103e-05|NORM_2WORD=6.158438168313296e-07
ce	NORM_1WORD=0.9999805688858032|O=1.1390327017579693e-05|NORM_2WORD=6.329727966658538e-06
neki	O=0.9999924898147583|NORM_1WORD=6.985536856518593e-06|NORM_2WORD=4.160648643392051e-07
navijac	O=0.9776597619056702|NORM_1WORD=0.02233903296291828|NORM_2WORD=1.1699770539053134e-06
zaista	O=0.9999719858169556|NORM_1WORD=2.7240481358603574e-05|NORM_2WORD=6.498029279100592e-07
zazaliti	O=0.6197558641433716|NORM_1WORD=0.3802354633808136|NORM_2WORD=7.763687790429685e-06
kada	O=0.9999974966049194|NORM_1WORD=2.0261220470274566e-06|NORM_2WORD=3.660666720861627e-07
ode	O=0.9999767541885376|NORM_1WORD=2.2506437744596042e-05|NORM_2WORD=6.470591529250669e-07
darko	O=0.9999186992645264|NORM_1WORD=8.051991608226672e-05|NORM_2WORD=6.222251158760628e-07
lazovic	NORM_1WORD=0.9999759197235107|O=1.942427843459882e-05|NORM_2WORD=3.691383199111442e-06
.	O=0.9999969005584717|NORM_1WORD=1.933994326464017e-06|NORM_2WORD=9.457175451643707e-07

jesmo	O=0.9999955892562866|NORM_1WORD=3.490962626528926e-06|NORM_2WORD=7.209609975689091e-07
zagađeni	O=0.9999866485595703|NORM_1WORD=1.2223234989505727e-05|NORM_2WORD=8.411219027948391e-07
ali	O=0.9999898672103882|NORM_1WORD=9.198392035614233e-06|NORM_2WORD=7.442377523148025e-07
imamo	O=0.9999953508377075|NORM_1WORD=3.3009018807206303e-06|NORM_2WORD=9.510822565061972e-07
najbolje	O=0.9999768733978271|NORM_1WORD=2.1526135242311284e-05|NORM_2WORD=1.342422820016509e-06
mutant	O=0.9999581575393677|NORM_1WORD=4.095070107723586e-05|NORM_2WORD=6.815200208620809e-07
devojke	O=0.9999866485595703|NORM_1WORD=1.2909151337225921e-05|NORM_2WORD=3.293108079560625e-07

ima	O=0.9999914169311523|NORM_1WORD=7.012656169536058e-06|NORM_2WORD=1.1843736729133525e-06
kod	O=0.9999979734420776|NORM_1WORD=1.5526661627518479e-06|NORM_2WORD=3.7925133256067056e-07
nas	O=0.9999966621398926|NORM_1WORD=2.7556441182241542e-06|NORM_2WORD=4.7669072955613956e-07
u	O=0.9999980926513672|NORM_1WORD=1.617758812244574e-06|NORM_2WORD=2.417243365471222e-07
kraju	O=0.9999796152114868|NORM_1WORD=1.858493487816304e-05|NORM_2WORD=1.3224134818301536e-06
jedna	O=0.9999915361404419|NORM_1WORD=7.272119546541944e-06|NORM_2WORD=9.203088211506838e-07
devojka	O=0.9999958276748657|NORM_1WORD=3.884069428750081e-06|NORM_2WORD=2.945586174973869e-07
koju	O=0.9999953508377075|NORM_1WORD=3.7962756778142648e-06|NORM_2WORD=5.780572678304452e-07
zovu	O=0.9999946355819702|NORM_1WORD=4.745658316096524e-06|NORM_2WORD=4.343112891547207e-07
mira	O=0.9999709129333496|NORM_1WORD=2.784389471344184e-05|NORM_2WORD=1.0428885843793978e-06
gepek	O=0.9998502731323242|NORM_1WORD=0.0001488044363213703|NORM_2WORD=7.632698384441028e-07
zato	O=0.9999867677688599|NORM_1WORD=1.0522306183702312e-05|NORM_2WORD=1.7470139255237882e-06
što	O=0.9999964237213135|NORM_1WORD=2.5228334834537236e-06|NORM_2WORD=7.092177725098736e-07
se	O=0.9999980926513672|NORM_1WORD=1.650301896916062e-06|NORM_2WORD=2.7831717375192966e-07
samo	O=0.9999940395355225|NORM_1WORD=4.476262347452575e-06|NORM_2WORD=1.1129097856610315e-06
i	O=0.9999971389770508|NORM_1WORD=2.5966285193135263e-06|NORM_2WORD=2.960487961445324e-07
isključivo	O=0.999988317489624|NORM_1WORD=1.0585389645711984e-05|NORM_2WORD=8.802563797871699e-07
gadja	O=0.9998973608016968|NORM_1WORD=0.00010126181587111205|NORM_2WORD=1.2473113883970655e-06
ispod	O=0.9999960660934448|NORM_1WORD=3.052767397093703e-06|NORM_2WORD=5.686020472239761e-07
repića	O=0.9999223947525024|NORM_1WORD=7.685102173127234e-05|NORM_2WORD=6.237364118533151e-07
...	O=0.999996542930603|NORM_1WORD=2.273602149216458e-06|NORM_2WORD=8.805726565697114e-07

jovanka	O=0.9977164268493652|NORM_1WORD=0.002281860914081335|NORM_2WORD=1.442782945559884e-06
broz	O=0.8190932273864746|NORM_1WORD=0.1808946132659912|NORM_2WORD=1.0410203685751185e-05
je	O=0.9999786615371704|NORM_1WORD=2.1045816538389772e-05|NORM_2WORD=2.6975493483405444e-07
bila	O=0.9999912977218628|NORM_1WORD=8.133752089634072e-06|NORM_2WORD=4.750054927171732e-07
to	O=0.9999538660049438|NORM_1WORD=4.5297201722860336e-05|NORM_2WORD=5.868241714779288e-07
sto	NORM_1WORD=0.9999669790267944|O=2.7402124032960273e-05|NORM_2WORD=4.111147518415237e-06
ih	O=0.9999580383300781|NORM_1WORD=4.096167322131805e-05|NORM_2WORD=8.114472507259052e-07
je	O=0.9999326467514038|NORM_1WORD=6.69652727083303e-05|NORM_2WORD=3.854572128147993e-07
na	O=0.999967098236084|NORM_1WORD=3.2271924283122644e-05|NORM_2WORD=4.776714490617451e-07
izvestan	O=0.9989473223686218|NORM_1WORD=0.0010521644726395607|NORM_2WORD=4.3400498839218926e-07
nacin	NORM_1WORD=0.9998824596405029|O=0.00011539325350895524|NORM_2WORD=1.7991669665207155e-06
spajalo	O=0.9998295307159424|NORM_1WORD=0.000168959770235233|NORM_2WORD=1.2147244206062169e-06

-	O=0.9999951124191284|NORM_2WORD=2.737798695306992e-06|NORM_1WORD=1.3027164413870196e-06
bacim	O=0.9999971389770508|NORM_1WORD=1.9625256300059846e-06|NORM_2WORD=7.018252858870255e-07
ga	O=0.9999974966049194|NORM_1WORD=1.653234107834578e-06|NORM_2WORD=7.001355015745503e-07
kroz	O=0.9999940395355225|NORM_1WORD=4.367427209217567e-06|NORM_2WORD=1.2423720363585744e-06
prozor	O=0.9999955892562866|NORM_1WORD=2.8798920084227575e-06|NORM_2WORD=1.1402404425098212e-06
.	O=0.999995231628418|NORM_2WORD=2.6642180728231324e-06|NORM_1WORD=1.362893726764014e-06

juče	O=0.9999936819076538|NORM_1WORD=5.361456260288833e-06|NORM_2WORD=7.445344749612559e-07
sam	O=0.9999977350234985|NORM_1WORD=1.7747530591805116e-06|NORM_2WORD=4.1478975276731944e-07
čuo	O=0.9999947547912598|NORM_1WORD=4.624245775630698e-06|NORM_2WORD=4.403718776302412e-07
za	O=0.9999957084655762|NORM_1WORD=3.584976184356492e-06|NORM_2WORD=5.337446395969891e-07
ostrvo	O=0.9999809265136719|NORM_1WORD=1.768223228282295e-05|NORM_2WORD=1.0204915952272131e-06
koje	O=0.999992847442627|NORM_1WORD=6.351368028845172e-06|NORM_2WORD=6.424113507819129e-07
je	O=0.9999957084655762|NORM_1WORD=3.8298230720101856e-06|NORM_2WORD=3.924574230040889e-07
celo	O=0.9999877214431763|NORM_1WORD=1.111078199755866e-05|NORM_2WORD=9.495859671915241e-07
pokriveno	O=0.9999889135360718|NORM_1WORD=1.0136755008716136e-05|NORM_2WORD=7.506345127694658e-07
wi	NORM_1WORD=0.9772036075592041|O=0.022784912958741188|NORM_2WORD=1.05756507764454e-05
i	O=0.9999858140945435|NORM_1WORD=1.3249217772681732e-05|NORM_2WORD=6.76526667575672e-07
da	O=0.9999969005584717|NORM_1WORD=2.491477061994374e-06|NORM_2WORD=4.953076881974994e-07
su	O=0.9999946355819702|NORM_1WORD=4.721457116829697e-06|NORM_2WORD=4.24842028223793e-07
na	O=0.9999974966049194|NORM_1WORD=1.9902556687156903e-06|NORM_2WORD=3.771476997371792e-07
lokalnom	O=0.9999716281890869|NORM_1WORD=2.7823609343613498e-05|NORM_2WORD=3.9076067537280323e-07
novcu	O=0.9999436140060425|NORM_1WORD=5.594894173555076e-05|NORM_2WORD=3.860110098230507e-07
slike	O=0.9999797344207764|NORM_1WORD=1.9164610421285033e-05|NORM_2WORD=8.678011340634839e-07
pokemona	O=0.9996179342269897|NORM_1WORD=0.0003804380539804697|NORM_2WORD=1.2954100157003268e-06
,	O=0.9999960660934448|NORM_1WORD=1.7128769513874431e-06|NORM_2WORD=1.6603038375251344e-06
ceo	O=0.9999960660934448|NORM_1WORD=3.149465555907227e-06|NORM_2WORD=5.901832764720893e-07
dan	O=0.9999960660934448|NORM_1WORD=2.9314530820556683e-06|NORM_2WORD=7.574837468382611e-07
maštam	O=0.999992847442627|NORM_1WORD=6.3673246586404275e-06|NORM_2WORD=5.557274107559351e-07
da	O=0.9999972581863403|NORM_1WORD=2.2783401618653443e-06|NORM_2WORD=4.0805210232974787e-07
živim	O=0.9999945163726807|NORM_1WORD=4.874608293903293e-06|NORM_2WORD=5.317218665368273e-07
tamo	O=0.9999785423278809|NORM_1WORD=1.6625048374407925e-05|NORM_2WORD=3.3018632166204043e-06
.	O=0.9999967813491821|NORM_1WORD=1.8435689526086207e-06|NORM_2WORD=1.0375426882092142e-06

.	O=0.9999963045120239|NORM_1WORD=1.9921087641705526e-06|NORM_2WORD=1.3992048479849473e-06
@onionlife	O=0.999997615814209|NORM_1WORD=1.6842199102029554e-06|NORM_2WORD=5.478201501318836e-07
s	O=0.999997615814209|NORM_1WORD=1.917597046485753e-06|NORM_2WORD=3.215478443507891e-07
tim	O=0.9999954700469971|NORM_1WORD=4.20883270635386e-06|NORM_2WORD=2.6660296725822263e-07
što	O=0.9999961853027344|NORM_1WORD=3.034599785678438e-06|NORM_2WORD=5.582928679359611e-07
imam	O=0.9999964237213135|NORM_1WORD=2.5313768219348276e-06|NORM_2WORD=7.663516043976415e-07
koju	O=0.9997885823249817|NORM_1WORD=0.0002102453727275133|NORM_2WORD=1.0294112371411757e-06
gđi	O=0.98322993516922|NORM_1WORD=0.016761910170316696|NORM_2WORD=7.28874874766916e-06
blogerki	O=0.9999727010726929|NORM_1WORD=2.6920006348518655e-05|NORM_2WORD=3.326647117773973e-07
da	O=0.9999957084655762|NORM_1WORD=3.8273838072200306e-06|NORM_2WORD=3.201678282493958e-07
kažem	O=0.9999685287475586|NORM_1WORD=3.059274240513332e-05|NORM_2WORD=7.331492497542058e-07
,	O=0.9999961853027344|NORM_1WORD=2.1803023173561087e-06|NORM_2WORD=1.36493724767206e-06
al	NORM_1WORD=0.9988590478897095|O=0.000907542766071856|NORM_2WORD=0.00018852451466955245
opet	O=0.9999958276748657|NORM_1WORD=3.7532843180088094e-06|NORM_2WORD=3.1199508043755486e-07
će	O=0.9999927282333374|NORM_1WORD=6.492642114608316e-06|NORM_2WORD=5.720910394302336e-07
da	O=0.9999972581863403|NORM_1WORD=2.13132784665504e-06|NORM_2WORD=4.392882431147882e-07
mi	O=0.9999969005584717|NORM_1WORD=2.4713929178687977e-06|NORM_2WORD=4.3179426256756415e-07
kažu	O=0.9999958276748657|NORM_1WORD=3.1923352707963204e-06|NORM_2WORD=6.668811920462758e-07
da	O=0.9999973773956299|NORM_1WORD=2.103528458974324e-06|NORM_2WORD=4.0067595818982227e-07
ne	O=0.9999951124191284|NORM_1WORD=4.286517196305795e-06|NORM_2WORD=4.535552022844058e-07
razumem	O=0.9999914169311523|NORM_1WORD=7.930353604024276e-06|NORM_2WORD=4.891970775133814e-07
internet	O=0.9999768733978271|NORM_1WORD=2.2106876713223755e-05|NORM_2WORD=7.515114930356503e-07
i	O=0.9999964237213135|NORM_1WORD=3.1287113415601198e-06|NORM_2WORD=4.019377684016945e-07
da	O=0.9999972581863403|NORM_1WORD=2.228316816399456e-06|NORM_2WORD=3.8410013303291635e-07
sam	O=0.999996542930603|NORM_1WORD=2.873850689866231e-06|NORM_2WORD=4.406520019983873e-07
digitalno	O=0.9999737739562988|NORM_1WORD=2.5357981940032914e-05|NORM_2WORD=6.76686340739252e-07
slepa	O=0.9999797344207764|NORM_1WORD=1.9728960978682153e-05|NORM_2WORD=4.225772727295407e-07
,	O=0.9999966621398926|NORM_1WORD=2.333727479708614e-06|NORM_2WORD=8.470978514196759e-07
gluva	O=0.9999873638153076|NORM_1WORD=1.221494676428847e-05|NORM_2WORD=3.4581972840896924e-07
,	O=0.9999963045120239|NORM_1WORD=2.6574180083116516e-06|NORM_2WORD=8.564994118387403e-07
ćopava	O=0.9998125433921814|NORM_1WORD=0.00018658516637515277|NORM_2WORD=7.774235655233497e-07
.	O=0.9999972581863403|NORM_1WORD=1.7632818298807251e-06|NORM_2WORD=8.535012625543459e-07

još	O=0.9999957084655762|NORM_1WORD=3.5028622278332477e-06|NORM_2WORD=6.012726885273878e-07
jedan	O=0.9999969005584717|NORM_1WORD=2.2490614810521947e-06|NORM_2WORD=6.180096647767641e-07
idiličan	O=0.9999932050704956|NORM_1WORD=6.465766091423575e-06|NORM_2WORD=2.4807334852994245e-07
dan	O=0.9999924898147583|NORM_1WORD=5.760241492680507e-06|NORM_2WORD=1.304182319472602e-06
u	O=0.9999970197677612|NORM_1WORD=2.6382840587757528e-06|NORM_2WORD=2.7377319611332496e-07
vučićevoj	O=0.9999430179595947|NORM_1WORD=5.6352400861214846e-05|NORM_2WORD=4.373679018954135e-07
i	O=0.9999862909317017|NORM_1WORD=1.3239548934507184e-05|NORM_2WORD=3.513744673000474e-07
dačićevoj	O=0.9999618530273438|NORM_1WORD=3.788089452427812e-05|NORM_2WORD=2.7480541575641837e-07
srbiji	O=0.9999637603759766|NORM_1WORD=3.580725388019346e-05|NORM_2WORD=4.038788858906628e-07
...	O=0.9999963045120239|NORM_1WORD=2.5864883355097845e-06|NORM_2WORD=8.747670108277816e-07

ekspresija	O=0.9999370574951172|NORM_1WORD=6.251665035961196e-05|NORM_2WORD=3.667461498935154e-07
sopstvenih	O=0.999990701675415|NORM_1WORD=8.97911741049029e-06|NORM_2WORD=2.6561096433397324e-07
sexualnih	O=0.9990699887275696|NORM_1WORD=0.0009276275523006916|NORM_2WORD=1.935019326992915e-06
zelja	NORM_1WORD=0.9999053478240967|O=9.001675789477304e-05|NORM_2WORD=3.856788680423051e-06
kao	O=0.999983549118042|NORM_1WORD=1.2495304872572888e-05|NORM_2WORD=2.8674319310084684e-06
zavet	O=0.9999945163726807|NORM_1WORD=4.655186785385013e-06|NORM_2WORD=5.724227776227053e-07
egu	O=0.9989446997642517|NORM_1WORD=0.001052982872352004|NORM_2WORD=2.024405830525211e-06
i	O=0.9999943971633911|NORM_1WORD=4.646962679544231e-06|NORM_2WORD=7.161543180700392e-07
samodopadljivosti	O=0.9999895095825195|NORM_1WORD=9.569044777890667e-06|NORM_2WORD=7.304581686184974e-07
.	O=0.9999974966049194|NORM_1WORD=1.7467394854975282e-06|NORM_2WORD=6.520518809338682e-07

bitno	O=0.9999959468841553|NORM_1WORD=3.6893068227072945e-06|NORM_2WORD=2.2044451952751842e-07
da	O=0.9999977350234985|NORM_1WORD=1.829431539590587e-06|NORM_2WORD=3.0272005346887454e-07
je	O=0.9999748468399048|NORM_1WORD=2.490278347977437e-05|NORM_2WORD=2.723686804984027e-07
u	O=0.9999922513961792|NORM_1WORD=7.277418717421824e-06|NORM_2WORD=4.087246168182901e-07

to	O=0.9999910593032837|NORM_1WORD=7.564668067061575e-06|NORM_2WORD=9.681315304987947e-07
radi	O=0.9999955892562866|NORM_1WORD=3.904088771378156e-06|NORM_2WORD=3.2430995133836404e-07
namerno	O=0.9999909400939941|NORM_1WORD=8.138566954585258e-06|NORM_2WORD=6.89812964083103e-07
.	O=0.9999966621398926|NORM_2WORD=1.5396807384604472e-06|NORM_1WORD=1.4333949138745083e-06

alo	O=0.9920060038566589|NORM_1WORD=0.007947196252644062|NORM_2WORD=3.5717592254513875e-05
,	O=0.9999936819076538|NORM_1WORD=3.1607714845449664e-06|NORM_2WORD=2.3875393253547372e-06
to	O=0.999675989151001|NORM_1WORD=0.000318916019750759|NORM_2WORD=3.161202130286256e-06
je	O=0.9999923706054688|NORM_1WORD=7.413420007651439e-06|NORM_2WORD=1.439102561562322e-07
najpozdaniji	O=0.9997062087059021|NORM_1WORD=0.00029330895631574094|NORM_2WORD=3.613758110532217e-07
orijentir	O=0.9995852112770081|NORM_1WORD=0.0004140370583627373|NORM_2WORD=6.329056532194954e-07
u	O=0.9999974966049194|NORM_1WORD=2.1499567992577795e-06|NORM_2WORD=2.40905819737236e-07
savremenim	O=0.9999165534973145|NORM_1WORD=8.296289888676256e-05|NORM_2WORD=3.9749843949721253e-07
"	O=0.9999936819076538|NORM_1WORD=5.430531018646434e-06|NORM_2WORD=7.24606650237547e-07
društvu	O=0.9999765157699585|NORM_1WORD=1.8931417798739858e-05|NORM_2WORD=2.9667114631592995e-06
"	O=0.999990701675415|NORM_1WORD=7.346441634581424e-06|NORM_2WORD=1.3981139090901706e-06

devojka	O=0.999996542930603|NORM_1WORD=3.223422709197621e-06|NORM_2WORD=2.421014073661354e-07
mi	O=0.999991774559021|NORM_1WORD=7.457948413502891e-06|NORM_2WORD=5.450913818094705e-07
je	O=0.9999959468841553|NORM_1WORD=3.5850728181685554e-06|NORM_2WORD=3.540091313425364e-07
usla	NORM_1WORD=0.9964584708213806|O=0.0035359859466552734|NORM_2WORD=4.932828687742585e-06
u	O=0.9999945163726807|NORM_1WORD=4.90301090394496e-06|NORM_2WORD=4.510617088726576e-07
kucu	NORM_1WORD=0.9984110593795776|O=0.0015845581656321883|NORM_2WORD=3.883180397679098e-06
dok	O=0.9999961853027344|NORM_1WORD=2.84331963484874e-06|NORM_2WORD=7.115128255463787e-07
sam	O=0.9999951124191284|NORM_1WORD=4.512545274337754e-06|NORM_2WORD=2.6121003315893176e-07
spavao	O=0.9988743662834167|NORM_1WORD=0.0011245114728808403|NORM_2WORD=1.0620099146763096e-06
ujutru	O=0.9999840259552002|NORM_1WORD=1.466078083467437e-05|NORM_2WORD=9.391569619765505e-07
i	O=0.9999974966049194|NORM_1WORD=1.9945689473388484e-06|NORM_2WORD=3.6086385080125183e-07
probudila	O=0.999991774559021|NORM_1WORD=7.948968232085463e-06|NORM_2WORD=2.15526043234604e-07
me	O=0.9999959468841553|NORM_1WORD=3.7986828829161823e-06|NORM_2WORD=2.3729543841000122e-07
,	O=0.9999959468841553|NORM_1WORD=2.2658109628537204e-06|NORM_2WORD=1.2533058679764508e-06
poljupcem	NORM_1WORD=0.999298095703125|O=0.0006999776232987642|NORM_2WORD=1.7203090010298183e-06

ja	O=0.9999967813491821|NORM_1WORD=2.6302293463231763e-06|NORM_2WORD=4.3237730551481945e-07
:	O=0.9999966621398926|NORM_1WORD=2.094498768201447e-06|NORM_2WORD=1.0049410548162996e-06
omg	O=0.9999953508377075|NORM_1WORD=4.1156108636641875e-06|NORM_2WORD=4.7007551984279417e-07

@aandjelic	O=0.9999963045120239|NORM_1WORD=3.1057579690241255e-06|NORM_2WORD=4.236823087921948e-07
@mareredstar	O=0.9999970197677612|NORM_1WORD=2.2273263766692253e-06|NORM_2WORD=5.561157081501733e-07
ne	O=0.999996542930603|NORM_1WORD=2.517104576327256e-06|NORM_2WORD=6.74866214467329e-07
dajte	O=0.9999562501907349|NORM_1WORD=3.976610241807066e-05|NORM_2WORD=3.4350930491200415e-06
se	O=0.9999949932098389|NORM_1WORD=4.56405268778326e-06|NORM_2WORD=3.425907095788716e-07
isprovocirati	O=0.9999128580093384|NORM_1WORD=8.654447447042912e-05|NORM_2WORD=4.6654437824145134e-07
,	O=0.9999951124191284|NORM_1WORD=2.646622760948958e-06|NORM_2WORD=1.61805940024351e-06
svako	O=0.7472645044326782|NORM_1WORD=0.25272226333618164|NORM_2WORD=1.2031022379233036e-05
normalan	O=0.9982878565788269|NORM_1WORD=0.001711447024717927|NORM_2WORD=5.480342224473134e-07
je	O=0.9999871253967285|NORM_1WORD=1.2632167454285081e-05|NORM_2WORD=2.3602694909641286e-07
video	O=0.9996767044067383|NORM_1WORD=0.00031985226087272167|NORM_2WORD=2.7852202038047835e-06
kolko	O=0.9999604225158691|NORM_1WORD=3.8955262425588444e-05|NORM_2WORD=4.2956841639352206e-07
je	O=0.9999910593032837|NORM_1WORD=8.524145414412487e-06|NORM_2WORD=3.6344840737001505e-07
ljudi	O=0.9999525547027588|NORM_1WORD=4.3402389565017074e-05|NORM_2WORD=2.8174263206892647e-06
bilo	O=0.9999880790710449|NORM_1WORD=1.0778632713481784e-05|NORM_2WORD=8.154948432093079e-07
u	O=0.9999933242797852|NORM_1WORD=5.4999727581162006e-06|NORM_2WORD=8.513103466611938e-07
areni	O=0.99998939037323|NORM_1WORD=9.272980605601333e-06|NORM_2WORD=9.310245445703913e-07

pejaković	O=0.9999324083328247|NORM_1WORD=6.679489160887897e-05|NORM_2WORD=5.89973524256493e-07
je	O=0.9999943971633911|NORM_1WORD=5.292002242640592e-06|NORM_2WORD=2.6204020286968444e-07
metafora	O=0.9999756813049316|NORM_1WORD=2.354727803322021e-05|NORM_2WORD=5.891972136851109e-07
onih	O=0.9999912977218628|NORM_1WORD=7.897791874711402e-06|NORM_2WORD=5.964964771010273e-07
koji	O=0.9999961853027344|NORM_1WORD=3.185758032486774e-06|NORM_2WORD=4.244644173923007e-07
u	O=0.9999969005584717|NORM_1WORD=2.7860064619744662e-06|NORM_2WORD=2.2020729772975756e-07
svemu	O=0.9999798536300659|NORM_1WORD=1.8051592633128166e-05|NORM_2WORD=1.4242332326830365e-06
vide	O=0.9999948740005493|NORM_1WORD=3.945219759771135e-06|NORM_2WORD=8.475303161503689e-07
besmisao	O=0.9999760389328003|NORM_1WORD=2.2535803509526886e-05|NORM_2WORD=1.066506001734524e-06
.	O=0.9999972581863403|NORM_1WORD=1.6197365084735793e-06|NORM_2WORD=8.892699270290905e-07

@anajmilija	O=0.9999969005584717|NORM_1WORD=1.710948595246009e-06|NORM_2WORD=1.2185876130388351e-06
@bednopiskaralo	O=0.9999971389770508|NORM_1WORD=1.4506157413052279e-06|NORM_2WORD=1.139907226388459e-06

@rata_mm_44	O=0.9999972581863403|NORM_1WORD=1.7520543451610138e-06|NORM_2WORD=7.983041427905846e-07
to	O=0.9999819993972778|NORM_1WORD=1.6306952602462843e-05|NORM_2WORD=1.1388849543436663e-06
je	O=0.9999961853027344|NORM_1WORD=3.4813765523722395e-06|NORM_2WORD=2.2218750928004738e-07
ona	O=0.9999958276748657|NORM_1WORD=3.572870127754868e-06|NORM_2WORD=4.6231590999923355e-07
teorija	O=0.9999901056289673|NORM_1WORD=8.208511644625105e-06|NORM_2WORD=1.2988543858227786e-06
da	O=0.9999973773956299|NORM_1WORD=2.3506559045927133e-06|NORM_2WORD=2.849776876701071e-07
sa	O=0.9999957084655762|NORM_1WORD=3.5037141969951335e-06|NORM_2WORD=7.306815064112016e-07
ovakva	O=0.9999721050262451|NORM_1WORD=2.6825835448107682e-05|NORM_2WORD=9.286293334298534e-07
3	O=0.9999899864196777|NORM_1WORD=8.94154618436005e-06|NORM_2WORD=8.74354384450271e-07
centra	O=0.9998113512992859|NORM_1WORD=0.0001862485660240054|NORM_2WORD=2.0896538899251027e-06
čovek	O=0.9999945163726807|NORM_1WORD=5.080032224213937e-06|NORM_2WORD=3.140754358810227e-07
ne	O=0.9999966621398926|NORM_1WORD=2.9896689284214517e-06|NORM_2WORD=2.4083902872007457e-07
može	O=0.999981164932251|NORM_1WORD=1.647163117013406e-05|NORM_2WORD=1.8665489278646419e-06
zdrav	O=0.9998031258583069|NORM_1WORD=0.0001940115907927975|NORM_2WORD=2.2164658730616793e-06
da	O=0.9999953508377075|NORM_1WORD=4.368636837170925e-06|NORM_2WORD=2.857767356090335e-07
izgura	O=0.9999891519546509|NORM_1WORD=9.603872058505658e-06|NORM_2WORD=1.081829736904183e-06
sezonu	O=0.9999920129776001|NORM_1WORD=6.542679784615757e-06|NORM_2WORD=1.0905537237704266e-06
.	O=0.9999971389770508|NORM_1WORD=1.6794523389762617e-06|NORM_2WORD=9.920796628648532e-07

stigao	O=0.9999849796295166|NORM_1WORD=1.3477668289851863e-05|NORM_2WORD=1.2279430166017846e-06
i	O=0.9999860525131226|NORM_1WORD=1.3323231542017311e-05|NORM_2WORD=4.500365662352124e-07
na	O=0.9999864101409912|NORM_1WORD=1.2622645044757519e-05|NORM_2WORD=7.732476774435781e-07
savski	O=0.9601856470108032|NORM_1WORD=0.03981146961450577|NORM_2WORD=2.5715432911965763e-06
i	O=0.9999731779098511|NORM_1WORD=2.613042488519568e-05|NORM_2WORD=5.289732598612318e-07
na	O=0.9999876022338867|NORM_1WORD=1.1435052329034079e-05|NORM_2WORD=6.628216056014935e-07
dunavski	O=0.9987896084785461|NORM_1WORD=0.001209536916576326|NORM_2WORD=7.2958931696121e-07
kej	NORM_1WORD=0.5928260087966919|O=0.407138466835022|NORM_2WORD=3.0822528060525656e-05
pokusao	NORM_1WORD=0.9998444318771362|O=0.00014973226643633097|NORM_2WORD=4.9738505367713515e-06
na	O=0.9999587535858154|NORM_1WORD=3.9916776586323977e-05|NORM_2WORD=1.0223128583675134e-06
adu	O=0.9933329224586487|NORM_1WORD=0.006663329899311066|NORM_2WORD=3.2379628009948647e-06
ali	O=0.999987006187439|NORM_1WORD=1.2032185622956604e-05|NORM_2WORD=7.054605362100119e-07
ni	O=0.9999415874481201|NORM_1WORD=5.757633698522113e-05|NORM_2WORD=6.329605071186961e-07
mesto	O=0.9999785423278809|NORM_1WORD=2.07632238016231e-05|NORM_2WORD=5.651963306263497e-07
za	O=0.9999927282333374|NORM_1WORD=6.936367753951345e-06|NORM_2WORD=2.640793468344782e-07
parking	O=0.9999712705612183|NORM_1WORD=2.74318917945493e-05|NORM_2WORD=9.402472755937197e-07
od	O=0.9999910593032837|NORM_1WORD=8.576766049372964e-06|NORM_2WORD=2.709908244469261e-07
garaze	O=0.9999250173568726|NORM_1WORD=7.455953891621903e-05|NORM_2WORD=3.9858824152361194e-07
za	O=0.9999734163284302|NORM_1WORD=2.6306433937861584e-05|NORM_2WORD=2.4405323983955896e-07
koju	O=0.9999873638153076|NORM_1WORD=1.2350072211120278e-05|NORM_2WORD=2.827587479714566e-07
se	O=0.9999871253967285|NORM_1WORD=1.2750732821587007e-05|NORM_2WORD=1.205837776296903e-07
ceka	NORM_1WORD=0.9997324347496033|O=0.00026420195354148746|NORM_2WORD=2.89215631710249e-06
red	O=0.9994945526123047|NORM_1WORD=0.0005032145418226719|NORM_2WORD=1.7304369066550862e-06
do	O=0.9999754428863525|NORM_1WORD=2.3882121240603738e-05|NORM_2WORD=4.793291736859828e-07
iza	O=0.9999940395355225|NORM_1WORD=5.2915161177224945e-06|NORM_2WORD=4.3812457306557917e-07
rukavca	O=0.8521324396133423|NORM_1WORD=0.147862046957016|NORM_2WORD=4.889593583357055e-06

severna	O=0.9999865293502808|NORM_1WORD=1.2862390576628968e-05|NORM_2WORD=5.329665668796224e-07
tribina	O=0.9999879598617554|NORM_1WORD=1.1448063560237642e-05|NORM_2WORD=5.288222837407375e-07
dinamovog	O=0.9999786615371704|NORM_1WORD=1.9867393348249607e-05|NORM_2WORD=1.1030911082343664e-06
stadiona	O=0.9999781847000122|NORM_1WORD=2.0167051843600348e-05|NORM_2WORD=1.1465558600320946e-06
se	O=0.999993085861206|NORM_1WORD=6.446235602197703e-06|NORM_2WORD=3.6238142797628825e-07
prazni	O=0.9999860525131226|NORM_1WORD=1.2993738891964313e-05|NORM_2WORD=6.721505769746727e-07
jer	O=0.9999912977218628|NORM_1WORD=7.65381810197141e-06|NORM_2WORD=6.721188583469484e-07
vređaju	O=0.9999672174453735|NORM_1WORD=3.203706364729442e-05|NORM_2WORD=5.501237865246367e-07
mamića	O=0.9999810457229614|NORM_1WORD=1.8347396689932793e-05|NORM_2WORD=4.3711554553738097e-07
,	O=0.9999951124191284|NORM_1WORD=2.767430487438105e-06|NORM_2WORD=1.5374422446257086e-06
tole	O=0.9998372793197632|NORM_1WORD=0.00016105844406411052|NORM_2WORD=1.4383862207978382e-06
bi	O=0.999994158744812|NORM_1WORD=5.549552042793948e-06|NORM_2WORD=2.443027824483579e-07
trebalo	O=0.999966025352478|NORM_1WORD=3.268458021921106e-05|NORM_2WORD=1.057715621755051e-06
celu	O=0.9999955892562866|NORM_1WORD=3.369147862031241e-06|NORM_2WORD=8.793382448857301e-07
srbiju	O=0.9999837875366211|NORM_1WORD=1.5109161722648423e-05|NORM_2WORD=8.201741366065107e-07
da	O=0.9999887943267822|NORM_1WORD=1.063928721123375e-05|NORM_2WORD=4.727216946776025e-07
isprazni	O=0.9973710775375366|NORM_1WORD=0.0026199468411505222|NORM_2WORD=7.532525160058867e-06
zbog	O=0.9999959468841553|NORM_1WORD=3.6154315239400603e-06|NORM_2WORD=3.2591489684818953e-07
takvih	O=0.999993085861206|NORM_1WORD=6.43639486952452e-06|NORM_2WORD=3.0608404699705716e-07
prozivki	O=0.9999778270721436|NORM_1WORD=2.1916752302786335e-05|NORM_2WORD=2.7555566362025274e-07
.	O=0.9999970197677612|NORM_1WORD=1.8595903839013772e-06|NORM_2WORD=8.640000714876805e-07

devojke	O=0.9999868869781494|NORM_1WORD=1.2394383702485356e-05|NORM_2WORD=5.029241947340779e-07
moraju	O=0.9999936819076538|NORM_1WORD=5.150307515577879e-06|NORM_2WORD=7.929656362648529e-07
da	O=0.9999978542327881|NORM_1WORD=1.639493348193355e-06|NORM_2WORD=3.100410879142146e-07
znaju	O=0.9999967813491821|NORM_1WORD=2.3730910925223725e-06|NORM_2WORD=6.378036800924747e-07
da	O=0.9999978542327881|NORM_1WORD=1.7229457398570958e-06|NORM_2WORD=3.3337371974084817e-07
su	O=0.9999971389770508|NORM_1WORD=2.4264481908176094e-06|NORM_2WORD=3.700165507325437e-07
sažaljenje	O=0.9999830722808838|NORM_1WORD=1.55668403749587e-05|NORM_2WORD=1.0492541377971065e-06
i	O=0.9999934434890747|NORM_1WORD=5.372567102313042e-06|NORM_2WORD=8.438723284598382e-07
ljubav	O=0.999990701675415|NORM_1WORD=7.600344360980671e-06|NORM_2WORD=1.2821839163734694e-06
dva	O=0.9999872446060181|NORM_1WORD=1.0275837666995358e-05|NORM_2WORD=2.0413219772308366e-06
različita	O=0.9999861717224121|NORM_1WORD=1.3343436876311898e-05|NORM_2WORD=3.5947792298429704e-07
pojma	O=0.9999616146087646|NORM_1WORD=3.498464866424911e-05|NORM_2WORD=2.56211387750227e-06
,	O=0.9999940395355225|NORM_1WORD=4.507237463258207e-06|NORM_2WORD=1.0867922810575692e-06
koja	O=0.9962471127510071|NORM_1WORD=0.003744635498151183|NORM_2WORD=7.431282028846908e-06
hodaju	O=0.9999923706054688|NORM_1WORD=6.994308932917193e-06|NORM_2WORD=5.208150923863286e-07
u	O=0.9999971389770508|NORM_1WORD=2.546516952861566e-06|NORM_2WORD=2.4253969854726165e-07
potpuno	O=0.9999960660934448|NORM_1WORD=3.3841715776361525e-06|NORM_2WORD=3.8891610643077e-07
različitim	O=0.9999927282333374|NORM_1WORD=6.697615845041582e-06|NORM_2WORD=3.8540426317013043e-07
smerovima	O=0.9999657869338989|NORM_1WORD=3.370482590980828e-05|NORM_2WORD=3.174468758970761e-07
i	O=0.9999954700469971|NORM_1WORD=3.729814807229559e-06|NORM_2WORD=6.027900099070393e-07
nikada	O=0.9999966621398926|NORM_1WORD=2.504607664377545e-06|NORM_2WORD=5.649667969009897e-07
se	O=0.9999963045120239|NORM_1WORD=3.4079582746926462e-06|NORM_2WORD=2.536469594360824e-07
ne	O=0.9999959468841553|NORM_1WORD=3.5268601550342282e-06|NORM_2WORD=4.019820778466965e-07
poklapaju	O=0.999987006187439|NORM_1WORD=1.1963498764089309e-05|NORM_2WORD=7.030540700725396e-07
.	O=0.9999969005584717|NORM_1WORD=2.217314204244758e-06|NORM_2WORD=7.032749635982327e-07

http://t.co/l5kzuuthsp	O=0.9999963045120239|NORM_1WORD=2.8814874895033427e-06|NORM_2WORD=7.420271685987245e-07
narode	O=0.9967181086540222|NORM_1WORD=0.0032805423252284527|NORM_2WORD=1.0875214684347156e-06
moj	O=0.9992469549179077|NORM_1WORD=0.0007493047160096467|NORM_2WORD=2.9513223580579506e-06
umorni	O=0.9996973276138306|NORM_1WORD=0.0003020235162694007|NORM_2WORD=5.588236717812833e-07
...	O=0.999996542930603|NORM_1WORD=2.716172957661911e-06|NORM_2WORD=6.318631449175882e-07

#pgs	O=0.999995231628418|NORM_1WORD=2.321803094673669e-06|NORM_2WORD=2.0604081782948924e-06

to	O=0.9999960660934448|NORM_1WORD=3.144561333101592e-06|NORM_2WORD=6.222447836989886e-07
nije	O=0.9999978542327881|NORM_1WORD=1.73934949998511e-06|NORM_2WORD=3.450949463967845e-07
svakodnevn	NORM_1WORD=0.9996428489685059|O=0.0003492470132187009|NORM_2WORD=6.034904345142422e-06
ženska	O=0.999985933303833|NORM_1WORD=1.3195577594160568e-05|NORM_2WORD=7.690069878663053e-07
aktivnost	O=0.9999804496765137|NORM_1WORD=1.5933645045151934e-05|NORM_2WORD=2.8447202566894703e-06
,	O=0.9999967813491821|NORM_1WORD=2.127243305949378e-06|NORM_2WORD=8.254399403995194e-07
već	O=0.9999912977218628|NORM_1WORD=8.282982889795676e-06|NORM_2WORD=4.0597765860184154e-07
zanimanje	O=0.9999970197677612|NORM_1WORD=2.3685176984145073e-06|NORM_2WORD=4.379178335511824e-07
.	O=0.9999972581863403|NORM_1WORD=1.483501819166122e-06|NORM_2WORD=1.0119391617990914e-06

@kolaricjovana	O=0.999997615814209|NORM_1WORD=1.6524351167390705e-06|NORM_2WORD=5.506979618985497e-07
sećam	O=0.9999895095825195|NORM_1WORD=9.656611837272067e-06|NORM_2WORD=6.248976660572225e-07
se	O=0.9999971389770508|NORM_1WORD=2.570526476119994e-06|NORM_2WORD=2.4164526735148684e-07
šta	O=0.9998086094856262|NORM_1WORD=0.00018366157019045204|NORM_2WORD=6.7761839090962894e-06
su	O=0.9999920129776001|NORM_1WORD=7.541696959378896e-06|NORM_2WORD=3.399307217932801e-07
spočitavali	O=0.9998347759246826|NORM_1WORD=0.00016173420590348542|NORM_2WORD=2.634009888424771e-06
verici	O=0.9999591112136841|NORM_1WORD=4.025784437544644e-05|NORM_2WORD=5.226087864684814e-07
barać	O=0.999962329864502|NORM_1WORD=3.612826549215242e-05|NORM_2WORD=1.1872261893586256e-06
.	O=0.9999969005584717|NORM_1WORD=1.5541429547738517e-06|NORM_2WORD=1.218602733388252e-06

kad	O=0.9999972581863403|NORM_1WORD=1.7256810451726778e-06|NORM_2WORD=7.603855465276865e-07
dodjes	NORM_1WORD=0.9999704360961914|NORM_2WORD=1.2553069609566592e-05|O=1.2192685062473174e-05
u	O=0.999984860420227|NORM_1WORD=1.3854756616638042e-05|NORM_2WORD=9.197025292451144e-07
5	O=0.9999432563781738|NORM_1WORD=5.494756987900473e-05|NORM_2WORD=1.4827455743215978e-06
ujutru	O=0.9999828338623047|NORM_1WORD=1.56444039021153e-05|NORM_2WORD=1.0273926136505906e-06
iz	O=0.9999916553497314|NORM_1WORD=7.752006240480114e-06|NORM_2WORD=5.227284987086023e-07
grada	O=0.9999881982803345|NORM_1WORD=1.0565710908849724e-05|NORM_2WORD=8.949459129325987e-07
trezan	O=0.7573158144950867|NORM_1WORD=0.24267756938934326|NORM_2WORD=5.8833379625866655e-06
,	O=0.9999963045120239|NORM_1WORD=1.7654440398473525e-06|NORM_2WORD=1.48990034176677e-06
skroz	O=0.9999927282333374|NORM_1WORD=6.828269306424772e-06|NORM_2WORD=3.612553882703651e-07
je	O=0.9999923706054688|NORM_1WORD=7.337071110669058e-06|NORM_2WORD=2.3176362162757869e-07
trenutak	O=0.9999961853027344|NORM_1WORD=2.8090578325645765e-06|NORM_2WORD=6.564266072928149e-07
da	O=0.9999967813491821|NORM_1WORD=2.778997895802604e-06|NORM_2WORD=3.35855105504379e-07
drkas	NORM_1WORD=0.9999662637710571|O=2.1116384232300334e-05|NORM_2WORD=9.520269486529287e-06
kurac	O=0.9997265934944153|NORM_1WORD=0.0002652499242685735|NORM_2WORD=5.790292107121786e-06
,	O=0.9999955892562866|NORM_1WORD=2.581474063845235e-06|NORM_2WORD=1.3719445632887073e-06
ali	O=0.9999924898147583|NORM_1WORD=6.473548182839295e-06|NORM_2WORD=6.704192969664291e-07
ono	O=0.9987623691558838|NORM_1WORD=0.001232554786838591|NORM_2WORD=3.87710770155536e-06
,	O=0.9999915361404419|NORM_1WORD=6.136243882792769e-06|NORM_2WORD=1.6386233028242714e-06
romanticno	NORM_1WORD=0.9999659061431885|O=2.678982309589628e-05|NORM_2WORD=5.5984801292652264e-06
,	O=0.9999884366989136|NORM_1WORD=7.979277143022045e-06|NORM_2WORD=2.5641727461334085e-06
da	O=0.9999926090240479|NORM_1WORD=6.646825568168424e-06|NORM_2WORD=5.984642257317319e-07
se	O=0.9999899864196777|NORM_1WORD=9.590700756234583e-06|NORM_2WORD=3.9574226207150787e-07
ne	O=0.9999878406524658|NORM_1WORD=1.0798641596920788e-05|NORM_2WORD=9.042505553225055e-07
trudis	NORM_1WORD=0.9999649524688721|O=1.8258046111441217e-05|NORM_2WORD=1.1763282600441016e-05
sto	NORM_1WORD=0.9999431371688843|O=2.8799484425690025e-05|NORM_2WORD=1.875630914582871e-05
pre	O=0.9999673366546631|NORM_1WORD=3.224243482691236e-05|NORM_2WORD=3.510703834308515e-07
da	O=0.9999703168869019|NORM_1WORD=2.8885564461234026e-05|NORM_2WORD=5.603741328741307e-07
svrsis	NORM_1WORD=0.9999535083770752|O=3.5048546124016866e-05|NORM_2WORD=8.491687367495615e-06
.	O=0.9999969005584717|NORM_1WORD=1.9376200270926347e-06|NORM_2WORD=9.778253797776415e-07

muka	O=0.9999434947967529|NORM_1WORD=5.547235923586413e-05|NORM_2WORD=8.851296229295258e-07
nas	O=0.9988088607788086|NORM_1WORD=0.0011904340935871005|NORM_2WORD=6.320112788671395e-07
studenata	O=0.9998403787612915|NORM_1WORD=0.00015717159840278327|NORM_2WORD=1.932246505020885e-06
koji	O=0.99998939037323|NORM_1WORD=1.008968501992058e-05|NORM_2WORD=4.845441594625299e-07
studiramo	O=0.9997155070304871|NORM_1WORD=0.0002838006184902042|NORM_2WORD=5.928264954491169e-07
muzicki	NORM_1WORD=0.9999176263809204|O=7.840624311938882e-05|NORM_2WORD=3.3673752568574855e-06
fakultet	O=0.9999231100082397|NORM_1WORD=7.482915680157021e-05|NORM_2WORD=1.4874091220917762e-06
u	O=0.9999840259552002|NORM_1WORD=1.5725647244835272e-05|NORM_2WORD=2.537894943088759e-07
kg	NORM_1WORD=0.7074204683303833|O=0.2925540506839752|NORM_2WORD=2.151584340026602e-05
je	O=0.9999946355819702|NORM_1WORD=5.253436029306613e-06|NORM_2WORD=1.660816764115225e-07
ta	O=0.9999955892562866|NORM_1WORD=4.01866736865486e-06|NORM_2WORD=2.996394812271319e-07
sto	NORM_1WORD=0.9999681711196899|O=2.514212974347174e-05|NORM_2WORD=5.0376270337437745e-06
kada	O=0.9999977350234985|NORM_1WORD=1.7829620446718764e-06|NORM_2WORD=3.860105550756998e-07
nas	O=0.9999951124191284|NORM_1WORD=4.4860707930638455e-06|NORM_2WORD=3.9123969486354326e-07
pitaju	O=0.9999936819076538|NORM_1WORD=5.902621069253655e-06|NORM_2WORD=3.040062210857286e-07
sta	NORM_1WORD=0.9999773502349854|O=1.0650789590727072e-05|NORM_2WORD=9.217059414368123e-06
studiramo	O=0.9997557997703552|NORM_1WORD=0.00024353527987841517|NORM_2WORD=5.777193337053177e-07
mi	O=0.9999933242797852|NORM_1WORD=6.2447379605146125e-06|NORM_2WORD=4.1335763967254024e-07
kazemo	NORM_1WORD=0.9999725818634033|O=2.150111504306551e-05|NORM_2WORD=4.695094958151458e-06
muzicki	NORM_1WORD=0.9998794794082642|O=0.00011756227468140423|NORM_2WORD=2.492876546966727e-06
fax	NORM_1WORD=0.9992417097091675|O=0.0007548928842879832|NORM_2WORD=2.9057673600618728e-06
a	O=0.9999194145202637|NORM_1WORD=7.9301193181891e-05|NORM_2WORD=1.0328679991289391e-06
oni	O=0.99967360496521|NORM_1WORD=0.0003180071653332561|NORM_2WORD=5.8667960729508195e-06
:	O=0.9999902248382568|NORM_1WORD=7.9905912571121e-06|NORM_2WORD=1.3251517430035165e-06
to	O=0.9968986511230469|NORM_1WORD=0.0030923618469387293|NORM_2WORD=6.483222023234703e-06
ovde	O=0.9999837875366211|NORM_1WORD=1.5268220522557385e-05|NORM_2WORD=7.213493518065661e-07
postoji	O=0.9999868869781494|NORM_1WORD=1.1644811820588075e-05|NORM_2WORD=1.0138325023945072e-06
?	O=0.9999953508377075|NORM_1WORD=3.015579750353936e-06|NORM_2WORD=1.197164010591223e-06

odem	O=0.9999924898147583|NORM_1WORD=7.0993810368236154e-06|NORM_2WORD=3.4782621582962747e-07
da	O=0.9999971389770508|NORM_1WORD=2.0789179870916996e-06|NORM_2WORD=5.575771524490847e-07
vadim	O=0.9999918937683105|NORM_1WORD=7.834730240574572e-06|NORM_2WORD=2.705556596538372e-07
krv	O=0.9999754428863525|NORM_1WORD=2.358379242650699e-05|NORM_2WORD=8.793154506747669e-07
i	O=0.9999947547912598|NORM_1WORD=4.651743893191451e-06|NORM_2WORD=4.232168464568531e-07
u	O=0.9999955892562866|NORM_1WORD=3.974572791776154e-06|NORM_2WORD=3.59595134113988e-07
laboratoriji	O=0.9999668598175049|NORM_1WORD=3.285436469013803e-05|NORM_2WORD=1.918479028972797e-07
pustili	O=0.9999239444732666|NORM_1WORD=7.410753460135311e-05|NORM_2WORD=1.8383609585725935e-06
pesmu	O=0.999942421913147|NORM_1WORD=5.6330387451453134e-05|NORM_2WORD=9.787339649847127e-07
dođeš	O=0.999988317489624|NORM_1WORD=1.091550166165689e-05|NORM_2WORD=7.00973600942234e-07
mi	O=0.9999971389770508|NORM_1WORD=2.6005689051089576e-06|NORM_2WORD=2.8635750481953437e-07
u	O=0.9999966621398926|NORM_1WORD=2.9947284474474145e-06|NORM_2WORD=2.905338760683662e-07
san	O=0.999993085861206|NORM_1WORD=6.152695277705789e-06|NORM_2WORD=6.174288387228444e-07

kad	O=0.9999961853027344|NORM_1WORD=2.2790352431911742e-06|NORM_2WORD=1.0529146265980671e-06
god	O=0.999997615814209|NORM_1WORD=1.5703701592428843e-06|NORM_2WORD=5.410898893387639e-07
čujem	O=0.9999960660934448|NORM_1WORD=3.3139499464596156e-06|NORM_2WORD=4.182321049484017e-07
narodnjačine	O=0.9945883750915527|NORM_1WORD=0.005393890663981438|NORM_2WORD=1.3557141755882185e-05
iz	O=0.999993085861206|NORM_1WORD=6.286995812843088e-06|NORM_2WORD=5.011519306208356e-07
kafane	O=0.9999232292175293|NORM_1WORD=7.051532884361222e-05|NORM_2WORD=4.5211936594569124e-06
koja	O=0.9999972581863403|NORM_1WORD=1.8156250689571607e-06|NORM_2WORD=7.618633617312298e-07
je	O=0.999996542930603|NORM_1WORD=3.0330763820529683e-06|NORM_2WORD=3.228866773952177e-07
na	O=0.9999980926513672|NORM_1WORD=1.3285003888086067e-06|NORM_2WORD=4.1983022924796387e-07
100	O=0.9999901056289673|NORM_1WORD=7.324260877794586e-06|NORM_2WORD=1.8462591242496273e-06
metara	O=0.9999903440475464|NORM_1WORD=8.33533067634562e-06|NORM_2WORD=9.456571774535405e-07
od	O=0.9999977350234985|NORM_1WORD=1.7846767832452315e-06|NORM_2WORD=3.401875972031121e-07
moje	O=0.9999957084655762|NORM_1WORD=2.9604823339468567e-06|NORM_2WORD=1.0553347919994849e-06
kuće	O=0.9999890327453613|NORM_1WORD=9.018492164614145e-06|NORM_2WORD=1.4479115861831815e-06
,	O=0.9999971389770508|NORM_1WORD=1.519090233159659e-06|NORM_2WORD=9.677339676272823e-07
dođe	O=0.9999933242797852|NORM_1WORD=5.778044396720361e-06|NORM_2WORD=7.125048568923376e-07
mi	O=0.9999974966049194|NORM_1WORD=1.8404117554382537e-06|NORM_2WORD=4.3330265953045455e-07
da	O=0.9999974966049194|NORM_1WORD=1.730049802972644e-06|NORM_2WORD=5.451979632198345e-07
ih	O=0.9999732971191406|NORM_1WORD=2.493653846613597e-05|NORM_2WORD=1.2791413155355258e-06
prijavim	O=0.9999912977218628|NORM_1WORD=7.95350661064731e-06|NORM_2WORD=6.364027740346501e-07
za	O=0.999996542930603|NORM_1WORD=2.829983941410319e-06|NORM_2WORD=4.3301017171870626e-07
zagađivanje	O=0.9999935626983643|NORM_1WORD=5.876771865587216e-06|NORM_2WORD=4.922893026559905e-07
okoline	O=0.9999874830245972|NORM_1WORD=1.1693506166920997e-05|NORM_2WORD=6.134208661023877e-07
!	O=0.9999946355819702|NORM_1WORD=3.6945691590517526e-06|NORM_2WORD=1.1628437732724706e-06

obezbeđenje	O=0.9999697208404541|NORM_1WORD=2.970438072225079e-05|NORM_2WORD=4.299154454656673e-07
je	O=0.9999922513961792|NORM_1WORD=7.442406058544293e-06|NORM_2WORD=2.5620516908020363e-07
palo	O=0.9999936819076538|NORM_1WORD=5.894700279895915e-06|NORM_2WORD=3.4166751561315323e-07
na	O=0.9999953508377075|NORM_1WORD=4.202526724839117e-06|NORM_2WORD=3.517471043323894e-07
ispitu	O=0.9999264478683472|NORM_1WORD=7.290961366379634e-05|NORM_2WORD=4.498441228406591e-07
.	O=0.9999971389770508|NORM_1WORD=1.4822430784988683e-06|NORM_2WORD=1.1206935823793174e-06

lazar	O=0.9999682903289795|NORM_1WORD=3.087039658566937e-05|NORM_2WORD=6.912474646014743e-07
ristovski	O=0.9997791647911072|NORM_1WORD=0.00021931747323833406|NORM_2WORD=1.245262296833971e-06
(	O=0.9999958276748657|NORM_1WORD=2.7319297259964515e-06|NORM_2WORD=1.080905576600344e-06
60	O=0.9999939203262329|NORM_1WORD=5.066288395028096e-06|NORM_2WORD=8.048074846556119e-07
)	O=0.9999926090240479|NORM_1WORD=6.0774518715334125e-06|NORM_2WORD=9.666144933362375e-07
izjavio	O=0.9999881982803345|NORM_1WORD=9.512101314612664e-06|NORM_2WORD=1.576197860231332e-06
je	O=0.9999961853027344|NORM_1WORD=3.543509137671208e-06|NORM_2WORD=2.64228901869501e-07
za	O=0.999997615814209|NORM_1WORD=2.104624627463636e-06|NORM_2WORD=2.872380946428166e-07
olgu	O=0.9894914627075195|NORM_1WORD=0.010505609214305878|NORM_2WORD=2.6376774258096702e-06
kirilenko	O=0.9995978474617004|NORM_1WORD=0.0003992035344708711|NORM_2WORD=2.311607431693119e-06
da	O=0.9999971389770508|NORM_1WORD=2.5178189844154986e-06|NORM_2WORD=2.9136700163689966e-07
je	O=0.9999712705612183|NORM_1WORD=2.7622085326584056e-05|NORM_2WORD=8.503989761265984e-07
mazna	NORM_1WORD=0.9996033310890198|O=0.00038883386878296733|NORM_2WORD=6.159290023788344e-06
.	O=0.9999966621398926|NORM_1WORD=2.2101696686149808e-06|NORM_2WORD=8.089379548437137e-07

dobio	O=0.9999942779541016|NORM_1WORD=4.244509000272956e-06|NORM_2WORD=1.0985437484123395e-06
sam	O=0.9999974966049194|NORM_1WORD=1.9714891550393077e-06|NORM_2WORD=3.106254666818131e-07
#račun	O=0.999990701675415|NORM_1WORD=8.218503353418782e-06|NORM_2WORD=8.130586479637714e-07
za	O=0.9999978542327881|NORM_1WORD=1.8608834579936229e-06|NORM_2WORD=2.846833808689553e-07
struju	O=0.9999794960021973|NORM_1WORD=2.007326838793233e-05|NORM_2WORD=3.356594220349507e-07
,	O=0.999996542930603|NORM_1WORD=1.7274318224735907e-06|NORM_2WORD=1.3066003248241032e-06
sad	O=0.999996542930603|NORM_1WORD=2.483671096342732e-06|NORM_2WORD=6.87853969338903e-07
jos	NORM_1WORD=0.8500705361366272|O=0.14988793432712555|NORM_2WORD=3.807021857937798e-05
samo	O=0.9999861717224121|NORM_1WORD=1.261839315702673e-05|NORM_2WORD=9.647028491599485e-07
da	O=0.9999961853027344|NORM_1WORD=3.195751105522504e-06|NORM_2WORD=4.1783667370509647e-07
imam	O=0.9999973773956299|NORM_1WORD=1.7273293906328036e-06|NORM_2WORD=6.279565809563792e-07
#doktorat	O=0.9999966621398926|NORM_1WORD=2.4948287773440825e-06|NORM_2WORD=5.492189529832103e-07
pa	O=0.9999957084655762|NORM_1WORD=3.799768819590099e-06|NORM_2WORD=3.43136974834124e-07
da	O=0.9999964237213135|NORM_1WORD=3.0529286050295923e-06|NORM_2WORD=3.6914221368533617e-07
ga	O=0.9999912977218628|NORM_1WORD=7.369784725597128e-06|NORM_2WORD=9.272436045648647e-07
protumačim	O=0.9999868869781494|NORM_1WORD=1.2798388524970505e-05|NORM_2WORD=2.7239764222031226e-07
#edb	O=0.9999972581863403|NORM_1WORD=2.150479303963948e-06|NORM_2WORD=4.6998857783364656e-07
#dostajebilo	O=0.9999970197677612|NORM_1WORD=2.0487786969169974e-06|NORM_2WORD=7.195573630269791e-07

neki	O=0.9999970197677612|NORM_1WORD=2.357727225898998e-06|NORM_2WORD=4.995749236513802e-07
baš	O=0.9999971389770508|NORM_1WORD=2.118615384461009e-06|NORM_2WORD=5.778334184469713e-07
likuju	O=0.9999938011169434|NORM_1WORD=5.705608600692358e-06|NORM_2WORD=3.4283996797057625e-07
.	O=0.9999964237213135|NORM_2WORD=1.749291527630703e-06|NORM_1WORD=1.2793282166967401e-06

jedino	O=0.999957799911499|NORM_1WORD=4.0374634409090504e-05|NORM_2WORD=1.3707091284231865e-06
su	O=0.9999890327453613|NORM_1WORD=1.0323614333174191e-05|NORM_2WORD=5.199697170610307e-07
se	O=0.9999954700469971|NORM_1WORD=4.1254079405916855e-06|NORM_2WORD=3.64178617928701e-07
vaya	O=0.9983192086219788|NORM_1WORD=0.0016656958032399416|NORM_2WORD=1.4107176866673399e-05
con	O=0.9998098015785217|NORM_1WORD=0.00018723972607403994|NORM_2WORD=2.4560729343647836e-06
dios	O=0.9995493292808533|NORM_1WORD=0.0004380056052468717|NORM_2WORD=9.375985428050626e-06
češće	O=0.9999898672103882|NORM_1WORD=9.3740736701875e-06|NORM_2WORD=6.399097856046865e-07
opraštali	O=0.9999678134918213|NORM_1WORD=3.083360206801444e-05|NORM_2WORD=1.117958845497924e-06
od	O=0.9999934434890747|NORM_1WORD=5.976356987957843e-06|NORM_2WORD=4.4075696337131376e-07
svirke	O=0.9999765157699585|NORM_1WORD=2.211469109170139e-05|NORM_2WORD=1.0848110605365946e-06
nego	O=0.9999963045120239|NORM_1WORD=3.1330823730968405e-06|NORM_2WORD=4.2829569224522857e-07
što	O=0.9999960660934448|NORM_1WORD=3.0913784030417446e-06|NORM_2WORD=6.252773232517939e-07
se	O=0.9999967813491821|NORM_1WORD=2.8919612304889597e-06|NORM_2WORD=2.3664250647925655e-07
kusturica	O=0.999503493309021|NORM_1WORD=0.0004959245561622083|NORM_2WORD=4.2817930534511106e-07
povlačio	O=0.9999874830245972|NORM_1WORD=1.1891195754287764e-05|NORM_2WORD=4.465115353013971e-07
iz	O=0.9999955892562866|NORM_1WORD=3.934469077648828e-06|NORM_2WORD=3.172856395394774e-07
javnosti	O=0.9999914169311523|NORM_1WORD=7.781618478475139e-06|NORM_2WORD=6.271640131672029e-07
a	O=0.9999949932098389|NORM_1WORD=4.580614131555194e-06|NORM_2WORD=3.439958220496919e-07
ja	O=0.9999947547912598|NORM_1WORD=4.6407240006374195e-06|NORM_2WORD=5.026169560551352e-07
skidala	O=0.9999465942382812|NORM_1WORD=5.1265313231851906e-05|NORM_2WORD=1.778520186235255e-06
sa	O=0.9999960660934448|NORM_1WORD=3.515027401590487e-06|NORM_2WORD=2.981357738462975e-07
ugljenih	O=0.9999523162841797|NORM_1WORD=4.630154217011295e-05|NORM_2WORD=1.0241701602353714e-06
hidrata	O=0.9999308586120605|NORM_1WORD=6.756243237759918e-05|NORM_2WORD=1.2731055676340475e-06
.	O=0.9999966621398926|NORM_1WORD=2.3656680241401773e-06|NORM_2WORD=7.072025596244202e-07

"	O=0.9999947547912598|NORM_1WORD=3.5209479847253533e-06|NORM_2WORD=1.3699456076210481e-06
svi	O=0.9999946355819702|NORM_1WORD=3.895397640008014e-06|NORM_2WORD=1.0365831712988438e-06
nosimo	O=0.999990701675415|NORM_1WORD=8.713023817108478e-06|NORM_2WORD=4.221086555844522e-07
maske	O=0.999983549118042|NORM_1WORD=1.599939787411131e-05|NORM_2WORD=3.8907560906409344e-07
.	O=0.9999963045120239|NORM_1WORD=1.6525007140444359e-06|NORM_2WORD=1.515699864285125e-06

objasnio	O=0.9999966621398926|NORM_1WORD=2.6989066554961028e-06|NORM_2WORD=4.871404826189973e-07
mi	O=0.9999973773956299|NORM_1WORD=2.0399338609422557e-06|NORM_2WORD=4.853509381064214e-07
muž	O=0.9999961853027344|NORM_1WORD=2.945940195786534e-06|NORM_2WORD=6.579452360711002e-07
slikovito	O=0.999996542930603|NORM_1WORD=3.0019596124475356e-06|NORM_2WORD=4.01932453542031e-07
.	O=0.9999969005584717|NORM_2WORD=1.4218485375749879e-06|NORM_1WORD=1.308813011746679e-06

onog	O=0.999996542930603|NORM_1WORD=3.0365986276592594e-06|NORM_2WORD=3.022999237600743e-07
trenutka	O=0.9999922513961792|NORM_1WORD=6.2481985878548585e-06|NORM_2WORD=1.0609925311655388e-06
kada	O=0.9999977350234985|NORM_1WORD=1.2635825896722963e-06|NORM_2WORD=7.691289738431806e-07
političari	O=0.999996542930603|NORM_1WORD=3.155726517434232e-06|NORM_2WORD=2.7131943625136046e-07
postanu	O=0.9999947547912598|NORM_1WORD=4.734181857202202e-06|NORM_2WORD=3.5226051409154024e-07
odgovorni	O=0.9999885559082031|NORM_1WORD=1.0569998266873881e-05|NORM_2WORD=7.003029054430954e-07
za	O=0.9999974966049194|NORM_1WORD=2.2147310119180474e-06|NORM_2WORD=2.635623275182297e-07
politiku	O=0.999984622001648|NORM_1WORD=1.3490948731487151e-05|NORM_2WORD=1.4087376030147425e-06
koji	O=0.9999935626983643|NORM_1WORD=5.804766715300502e-06|NORM_2WORD=5.000717351322237e-07
predstavljaju	O=0.999991774559021|NORM_1WORD=7.90844569564797e-06|NORM_2WORD=2.22195012611337e-07
...	O=0.999995231628418|NORM_1WORD=3.37711162501364e-06|NORM_2WORD=9.538534868624993e-07

vojnica	O=0.999966025352478|NORM_1WORD=3.302226832602173e-05|NORM_2WORD=7.527973480137007e-07
zvuči	O=0.9999786615371704|NORM_1WORD=2.011019387282431e-05|NORM_2WORD=8.868608460943506e-07
bolje	O=0.9999682903289795|NORM_1WORD=3.0424856959143654e-05|NORM_2WORD=9.716372915136162e-07
a	O=0.9999957084655762|NORM_1WORD=3.7793859064549906e-06|NORM_2WORD=4.0672736645319674e-07
ima	O=0.9999924898147583|NORM_1WORD=6.32454748483724e-06|NORM_2WORD=7.970953674885095e-07
i	O=0.9999939203262329|NORM_1WORD=5.47994022781495e-06|NORM_2WORD=4.2631904761947226e-07
presedan	O=0.9999363422393799|NORM_1WORD=6.10596762271598e-05|NORM_2WORD=1.9197154870198574e-06
u	O=0.999685525894165|NORM_1WORD=0.0003141684865113348|NORM_2WORD=2.417105520180485e-07
lovac	O=0.9996609687805176|NORM_1WORD=0.00033648390672169626|NORM_2WORD=1.9870640244334936e-06
/	O=0.9999939203262329|NORM_1WORD=5.585347025771625e-06|NORM_2WORD=4.0951186974780285e-07
lovica	O=0.9999790191650391|NORM_1WORD=2.047377529379446e-05|NORM_2WORD=3.974694493535935e-07
(	O=0.9999945163726807|NORM_1WORD=4.4564835661731195e-06|NORM_2WORD=7.624238378411974e-07
koristi	O=0.9999548196792603|NORM_1WORD=4.202511263429187e-05|NORM_2WORD=2.1410692170320544e-06
se	O=0.9999922513961792|NORM_1WORD=7.271410595421912e-06|NORM_2WORD=3.1977549497241853e-07
još	O=0.9999903440475464|NORM_1WORD=8.45579597807955e-06|NORM_2WORD=8.159611297742231e-07
od	O=0.9999855756759644|NORM_1WORD=1.3710432540392503e-05|NORM_2WORD=5.179496724849741e-07
nemanjića	O=0.9999865293502808|NORM_1WORD=1.2482954844017513e-05|NORM_2WORD=6.559878329426283e-07
)	O=0.9999951124191284|NORM_1WORD=4.401853857416427e-06|NORM_2WORD=4.028022146940202e-07
.	O=0.9999971389770508|NORM_1WORD=2.184387994930148e-06|NORM_2WORD=5.24995527939609e-07

ja	O=0.9999967813491821|NORM_1WORD=2.4032522105699172e-06|NORM_2WORD=6.098986204960966e-07
:	O=0.9999958276748657|NORM_1WORD=2.1319938241504133e-06|NORM_2WORD=1.4327431472338503e-06
aha	O=0.9999946355819702|NORM_1WORD=3.862024641421158e-06|NORM_2WORD=1.1870176876982441e-06
...	O=0.9999970197677612|NORM_1WORD=1.3017130413572886e-06|NORM_2WORD=1.2367959243420046e-06

nedostaje	O=0.9998629093170166|NORM_1WORD=0.0001357973087579012|NORM_2WORD=9.013249950839963e-07
mi	O=0.9999953508377075|NORM_1WORD=3.8077989756857278e-06|NORM_2WORD=6.461363568632805e-07
ono	O=0.9991512298583984|NORM_1WORD=0.0008368390845134854|NORM_2WORD=9.325746759714093e-06
kad	O=0.9999942779541016|NORM_1WORD=2.545370989537332e-06|NORM_2WORD=2.2570682176592527e-06
smo	O=0.9999948740005493|NORM_1WORD=3.825041858362965e-06|NORM_2WORD=9.27740472889127e-07
bili	O=0.9999929666519165|NORM_1WORD=5.645696546707768e-06|NORM_2WORD=1.066139702743385e-06
klinci	O=0.9999788999557495|NORM_1WORD=2.0453320757951587e-05|NORM_2WORD=4.869260692430544e-07
pa	O=0.9999889135360718|NORM_1WORD=1.0485225175216328e-05|NORM_2WORD=4.4077265215491934e-07
te	O=0.9999667406082153|NORM_1WORD=3.14418321067933e-05|NORM_2WORD=1.4097929579293123e-06
neko	O=0.9999896287918091|NORM_1WORD=9.616965144232381e-06|NORM_2WORD=5.501954092324013e-07
cima	NORM_1WORD=0.9008886218070984|O=0.09909621626138687|NORM_2WORD=1.4145248314889614e-05
na	O=0.9999618530273438|NORM_1WORD=3.517058212310076e-05|NORM_2WORD=2.1393511815404054e-06
mob	NORM_1WORD=0.7060971260070801|O=0.2938939034938812|NORM_2WORD=8.165367944457103e-06
samo	O=0.9999945163726807|NORM_1WORD=4.140325927437516e-06|NORM_2WORD=9.212827762894449e-07
da	O=0.999995231628418|NORM_1WORD=4.0140962482837494e-06|NORM_2WORD=5.79018262669706e-07
znas	NORM_1WORD=0.9999728202819824|O=1.5702347809565254e-05|NORM_2WORD=8.706238986633252e-06
da	O=0.9999940395355225|NORM_1WORD=5.227833298704354e-06|NORM_2WORD=5.692921263289463e-07
misli	O=0.9999904632568359|NORM_1WORD=8.01396799943177e-06|NORM_2WORD=1.0435596777824685e-06
na	O=0.9999969005584717|NORM_1WORD=2.4146243049472105e-06|NORM_2WORD=5.056319878349314e-07
tebe	O=0.9999939203262329|NORM_1WORD=4.545456249616109e-06|NORM_2WORD=1.0392499234512798e-06
,	O=0.9999929666519165|NORM_1WORD=5.263060302240774e-06|NORM_2WORD=1.2973923730896786e-06
pa	O=0.999994158744812|NORM_1WORD=5.046750175097259e-06|NORM_2WORD=6.16082559190545e-07
ti	O=0.999991774559021|NORM_1WORD=7.044336143735563e-06|NORM_2WORD=8.700124567440071e-07
onda	O=0.9999961853027344|NORM_1WORD=2.870707703550579e-06|NORM_2WORD=7.613694492647483e-07
kao	O=0.9999446868896484|NORM_1WORD=5.235411299508996e-05|NORM_2WORD=2.42122882809781e-06
vratis	NORM_1WORD=0.999968409538269|O=1.9449043975328095e-05|NORM_2WORD=9.213320481649134e-06
cim	NORM_1WORD=0.9999781847000122|O=1.2271697414689697e-05|NORM_2WORD=7.340438969549723e-06
...	O=0.9999934434890747|NORM_1WORD=4.79426716992748e-06|NORM_2WORD=1.224681113853876e-06

danas	O=0.999995231628418|NORM_1WORD=3.6549738524627173e-06|NORM_2WORD=7.87797546308866e-07
sam	O=0.9999924898147583|NORM_1WORD=7.01551971360459e-06|NORM_2WORD=3.6252325230634597e-07
bila	O=0.9999951124191284|NORM_1WORD=4.0521663322579116e-06|NORM_2WORD=6.376067744895408e-07
prisutna	O=0.999990701675415|NORM_1WORD=8.82877066032961e-06|NORM_2WORD=3.3743614835657354e-07
dok	O=0.9999964237213135|NORM_1WORD=2.7208964183955686e-06|NORM_2WORD=5.41871088444168e-07
se	O=0.9999942779541016|NORM_1WORD=5.399615019996418e-06|NORM_2WORD=2.2930392162834323e-07
neka	O=0.9999953508377075|NORM_1WORD=4.001151864940766e-06|NORM_2WORD=4.957667556482193e-07
crnogorka	O=0.9999724626541138|NORM_1WORD=2.6940571842715144e-05|NORM_2WORD=4.950688889948651e-07
preslisavala	O=0.9304808974266052|NORM_1WORD=0.06951294839382172|NORM_2WORD=5.670472091878764e-06
za	O=0.9999954700469971|NORM_1WORD=4.009112672065385e-06|NORM_2WORD=4.0102077036863193e-07
ispit	O=0.9999850988388062|NORM_1WORD=1.3502771253115498e-05|NORM_2WORD=1.0057223107651225e-06
iz	O=0.9999916553497314|NORM_1WORD=7.661350537091494e-06|NORM_2WORD=4.659203511891974e-07
anatomije	O=0.9999599456787109|NORM_1WORD=3.8778845919296145e-05|NORM_2WORD=9.098297368836938e-07
i	O=0.9999905824661255|NORM_1WORD=8.630783668195363e-06|NORM_2WORD=5.865508114766271e-07
sve	O=0.9993488192558289|NORM_1WORD=0.0006472831009887159|NORM_2WORD=3.0806188533460954e-06
sto	NORM_1WORD=0.9999713897705078|O=1.6817208233987913e-05|NORM_2WORD=8.33521244203439e-06
imam	O=0.9999853372573853|NORM_1WORD=1.3941817996965256e-05|NORM_2WORD=5.553989694817574e-07
da	O=0.9999957084655762|NORM_1WORD=4.0052000258583575e-06|NORM_2WORD=1.9374522253201576e-07
kazem	NORM_1WORD=0.9999814033508301|O=1.2126834917580709e-05|NORM_2WORD=4.785156306752469e-06
ne	O=0.9999758005142212|NORM_1WORD=2.320957719348371e-05|NORM_2WORD=7.490785378649889e-07
ponovilo	O=0.9999815225601196|NORM_1WORD=1.7315780496574007e-05|NORM_2WORD=8.556010584470641e-07
se	O=0.9999939203262329|NORM_1WORD=5.91759271628689e-06|NORM_2WORD=1.6373454059248616e-07
.	O=0.9999970197677612|NORM_1WORD=2.0333409338491037e-06|NORM_2WORD=7.292094323929632e-07

majdanpek	O=0.9946743249893188|NORM_1WORD=0.005324790719896555|NORM_2WORD=6.896789273014292e-07
je	O=0.9999879598617554|NORM_1WORD=1.1524556612130255e-05|NORM_2WORD=3.935318773073959e-07
vec	NORM_1WORD=0.9999706745147705|O=2.2583639292861335e-05|NORM_2WORD=5.589544343820307e-06
treci	NORM_1WORD=0.9991804957389832|O=0.0008176274131983519|NORM_2WORD=1.6592979363849736e-06
dan	O=0.9999912977218628|NORM_1WORD=7.746468327241018e-06|NORM_2WORD=6.778426495657186e-07
bez	O=0.9999966621398926|NORM_1WORD=2.6990635433321586e-06|NORM_2WORD=4.7195064212246507e-07
struje	O=0.9999500513076782|NORM_1WORD=4.9643407692201436e-05|NORM_2WORD=2.910882983542251e-07
.	O=0.9999973773956299|NORM_1WORD=1.5785622053954285e-06|NORM_2WORD=8.802450679468166e-07

ima	O=0.9999942779541016|NORM_1WORD=4.735407856060192e-06|NORM_2WORD=6.619378609684645e-07
reklama	O=0.9999147653579712|NORM_1WORD=8.118014375213534e-05|NORM_2WORD=3.0635872008133447e-06
u	O=0.9999967813491821|NORM_1WORD=2.919489361374872e-06|NORM_2WORD=2.422372347155033e-07
kojoj	O=0.9999972581863403|NORM_1WORD=2.2918841295904713e-06|NORM_2WORD=3.585372780889884e-07
tip	O=0.999955415725708|NORM_1WORD=4.435049413586967e-05|NORM_2WORD=2.5878861720229906e-07
sluša	O=0.999991774559021|NORM_1WORD=6.8012850533705205e-06|NORM_2WORD=1.018739681057923e-06
bajagu	O=0.9997625946998596|NORM_1WORD=0.00023632182274013758|NORM_2WORD=9.145343256022898e-07
da	O=0.9999973773956299|NORM_1WORD=2.1234181986073963e-06|NORM_2WORD=3.1852681559030316e-07
bi	O=0.9999955892562866|NORM_1WORD=4.135819835937582e-06|NORM_2WORD=2.0940443334893644e-07
pokazao	O=0.9999921321868896|NORM_1WORD=6.043654138920829e-06|NORM_2WORD=1.2534219422377646e-06
koliko	O=0.9999775886535645|NORM_1WORD=1.8142402041121386e-05|NORM_2WORD=3.229854200981208e-06
je	O=0.9999909400939941|NORM_1WORD=8.552930012228899e-06|NORM_2WORD=3.967247721448075e-07
žestok	O=0.999975323677063|NORM_1WORD=2.3984670406207442e-05|NORM_2WORD=6.072280029911781e-07
.	O=0.9999970197677612|NORM_1WORD=1.6755693650338799e-06|NORM_2WORD=9.539999155094847e-07

dodjem	NORM_1WORD=0.9999629259109497|O=2.9811622880515642e-05|NORM_2WORD=5.673684881912777e-06
kuci	NORM_1WORD=0.9988213181495667|O=0.0011712552513927221|NORM_2WORD=6.636064881604398e-06
kad	O=0.9999978542327881|NORM_1WORD=1.016130113384861e-06|NORM_2WORD=7.984797889548645e-07
sisa	NORM_1WORD=0.7649587392807007|O=0.23502522706985474|NORM_2WORD=1.4892310900904704e-05
tvitala	O=0.9986581802368164|NORM_1WORD=0.0013406142825260758|NORM_2WORD=1.0677550790205714e-06
u	O=0.9999980926513672|NORM_1WORD=1.4746854049008107e-06|NORM_2WORD=3.144422180412221e-07
to	O=0.9999979734420776|NORM_1WORD=1.5308773981814738e-06|NORM_2WORD=3.9741178170515923e-07
vreme	O=0.9999971389770508|NORM_1WORD=2.2300982891465537e-06|NORM_2WORD=4.6343419057848223e-07
.	O=0.9999963045120239|NORM_2WORD=1.748830868564255e-06|NORM_1WORD=1.3199030490795849e-06

ana	O=0.9999890327453613|NORM_1WORD=9.951051652024034e-06|NORM_2WORD=8.308442716042919e-07
i	O=0.9999971389770508|NORM_1WORD=1.6167732610483654e-06|NORM_2WORD=9.399989835401357e-07
mrka	O=0.9999802112579346|NORM_1WORD=1.9114133465336636e-05|NORM_2WORD=5.919359864492435e-07
zajedno	O=0.9999957084655762|NORM_1WORD=2.9810253181494772e-06|NORM_2WORD=1.099723363040539e-06
gledali	O=0.9999966621398926|NORM_1WORD=2.7253404368821066e-06|NORM_2WORD=5.005815069125674e-07
sneki	O=0.8091980814933777|NORM_1WORD=0.19079186022281647|NORM_2WORD=9.101211617235094e-06
!	O=0.9999964237213135|NORM_1WORD=1.6729912886148668e-06|NORM_2WORD=1.4064816014069947e-06

da	O=0.9999899864196777|NORM_1WORD=9.718774890643544e-06|NORM_2WORD=2.866959221137222e-07
moze	NORM_1WORD=0.9999738931655884|O=1.9376244381419383e-05|NORM_2WORD=5.092636456538457e-06
auto	O=0.9989965558052063|NORM_1WORD=0.0010004594223573804|NORM_2WORD=2.52707150139031e-06
bi	O=0.9995438456535339|NORM_1WORD=0.00045567366760224104|NORM_2WORD=3.2582133258074464e-07
me	O=0.9999959468841553|NORM_1WORD=3.7802014958288055e-06|NORM_2WORD=2.5222655608558853e-07
danas	O=0.9999949932098389|NORM_1WORD=4.51705273007974e-06|NORM_2WORD=3.065859743855981e-07
u	O=0.9999847412109375|NORM_1WORD=1.4782668586121872e-05|NORM_2WORD=3.2310836672877485e-07
dupe	O=0.9998593330383301|NORM_1WORD=0.00014016774366609752|NORM_2WORD=3.800197987402498e-07
poljubio	O=0.9999803304672241|NORM_1WORD=1.9396984498598613e-05|NORM_2WORD=2.464560111548053e-07
sto	NORM_1WORD=0.9999712705612183|O=2.1413155991467647e-05|NORM_2WORD=5.381431947171222e-06
sam	O=0.9999887943267822|NORM_1WORD=1.0722619663283695e-05|NORM_2WORD=3.229254446068808e-07
ga	O=0.999990701675415|NORM_1WORD=8.549494850740302e-06|NORM_2WORD=5.553309847527998e-07
oprao	O=0.9999370574951172|NORM_1WORD=6.12215226283297e-05|NORM_2WORD=1.3184522913434193e-06
,	O=0.9999915361404419|NORM_1WORD=7.350792657234706e-06|NORM_2WORD=8.435214908786293e-07
jer	O=0.9999568462371826|NORM_1WORD=4.2598221625667065e-05|NORM_2WORD=4.0643084275870933e-07
je	O=0.9999804496765137|NORM_1WORD=1.9074459487455897e-05|NORM_2WORD=3.9424077158400905e-07
bio	O=0.9999901056289673|NORM_1WORD=9.118007255892735e-06|NORM_2WORD=6.252044499888143e-07
prljaviji	O=0.9451352953910828|NORM_1WORD=0.05486176908016205|NORM_2WORD=2.607813030408579e-06
od	O=0.9999903440475464|NORM_1WORD=9.521288120595273e-06|NORM_2WORD=1.5908763373317925e-07
najprljavijeg	O=0.9987475872039795|NORM_1WORD=0.0012508472427725792|NORM_2WORD=1.358336589873943e-06
ciganina	O=0.9941750168800354|NORM_1WORD=0.005822972394526005|NORM_2WORD=1.7485508578829467e-06
...	O=0.9999940395355225|NORM_1WORD=4.97873361382517e-06|NORM_2WORD=7.115961011550098e-07

kad	O=0.9999970197677612|NORM_1WORD=1.6850350448294193e-06|NORM_2WORD=9.362877335661324e-07
krene	O=0.9999903440475464|NORM_1WORD=8.448879270872567e-06|NORM_2WORD=7.846969083402655e-07
centrifuga	O=0.9999459981918335|NORM_1WORD=5.29296557942871e-05|NORM_2WORD=8.338884072145447e-07
na	O=0.9999953508377075|NORM_1WORD=4.320504103816347e-06|NORM_2WORD=2.819833184730669e-07
veš	O=0.9999170303344727|NORM_1WORD=8.260686445282772e-05|NORM_2WORD=3.764533005323756e-07
mašini	O=0.9949210286140442|NORM_1WORD=0.005077199544757605|NORM_2WORD=1.5870567722231499e-06
,	O=0.9999969005584717|NORM_1WORD=1.6604826669208705e-06|NORM_2WORD=1.1068564162997063e-06
to	O=0.9999871253967285|NORM_1WORD=1.1339092452544719e-05|NORM_2WORD=9.597283678886015e-07
je	O=0.9999943971633911|NORM_1WORD=5.2660302571894135e-06|NORM_2WORD=2.498483979707089e-07
takav	O=0.9999961853027344|NORM_1WORD=3.1857064186624484e-06|NORM_2WORD=4.203426442472846e-07
zvuk	O=0.9999147653579712|NORM_1WORD=8.236298890551552e-05|NORM_2WORD=2.1747362097812584e-06
da	O=0.9999967813491821|NORM_1WORD=2.788382516882848e-06|NORM_2WORD=3.849359870855551e-07
se	O=0.9999957084655762|NORM_1WORD=3.980938799941214e-06|NORM_2WORD=2.2438923963363777e-07
uhvatim	O=0.9999892711639404|NORM_1WORD=1.025794063025387e-05|NORM_2WORD=4.0184443150792504e-07
sa	O=0.9999935626983643|NORM_1WORD=5.997546395519748e-06|NORM_2WORD=3.0104581583145773e-07
obe	O=0.9999741315841675|NORM_1WORD=2.3935968783916906e-05|NORM_2WORD=1.4984625522629358e-06
ruke	O=0.9999821186065674|NORM_1WORD=1.6695445083314553e-05|NORM_2WORD=1.012539655675937e-06
za	O=0.9999909400939941|NORM_1WORD=8.600550245319027e-06|NORM_2WORD=3.7968365518281644e-07
fotelju	O=0.9999905824661255|NORM_1WORD=8.988462468551006e-06|NORM_2WORD=3.0804235962023085e-07
i	O=0.9999964237213135|NORM_1WORD=2.9613399874506285e-06|NORM_2WORD=4.3377892211537983e-07
cekam	NORM_1WORD=0.9991874098777771|O=0.0008079474791884422|NORM_2WORD=4.1461235014139675e-06
da	O=0.9999967813491821|NORM_1WORD=2.5733290840435075e-06|NORM_2WORD=4.224656322548981e-07
avion	O=0.9999827146530151|NORM_1WORD=1.636969500395935e-05|NORM_2WORD=6.935732130841643e-07
uzleti	O=0.9998873472213745|NORM_1WORD=0.00011062266275985166|NORM_2WORD=1.48971821545274e-06
.	O=0.9999967813491821|NORM_1WORD=1.9960480130976066e-06|NORM_2WORD=9.006301979752607e-07

raspored	O=0.9999955892562866|NORM_1WORD=2.9642028493981343e-06|NORM_2WORD=9.70159021562722e-07
pranja	O=0.9999896287918091|NORM_1WORD=9.634076377551537e-06|NORM_2WORD=5.685191695192771e-07
ulica	O=0.9999934434890747|NORM_1WORD=5.283536211209139e-06|NORM_2WORD=1.1280075113972998e-06
određuje	O=0.9999970197677612|NORM_1WORD=2.227081949968124e-06|NORM_2WORD=5.963133276054577e-07
gradska	O=0.9999971389770508|NORM_1WORD=2.435327360217343e-06|NORM_2WORD=3.453475301284925e-07
čistoća	O=0.999997615814209|NORM_1WORD=1.8527425709180534e-06|NORM_2WORD=4.378508720037644e-07
.	O=0.9999973773956299|NORM_1WORD=1.3020201095059747e-06|NORM_2WORD=1.0753171864053002e-06

jel	NORM_1WORD=0.9999752044677734|O=1.2307429642532952e-05|NORM_2WORD=1.0001089322031476e-05
ima	O=0.9999727010726929|NORM_1WORD=2.6436109692440368e-05|NORM_2WORD=7.701365802859073e-07
jos	NORM_1WORD=0.9999725818634033|O=1.7184494936373085e-05|NORM_2WORD=7.964074939081911e-06
neko	O=0.8169266581535339|NORM_1WORD=0.1830660104751587|NORM_2WORD=6.811634193581995e-06
sliku	O=0.9993867874145508|NORM_1WORD=0.0006124616484157741|NORM_2WORD=6.381165462698846e-07
sa	O=0.9999964237213135|NORM_1WORD=2.9717655252170516e-06|NORM_2WORD=4.7559717586409533e-07
drugarom	O=0.9999943971633911|NORM_1WORD=5.141678684594808e-06|NORM_2WORD=3.970042996570555e-07
dadom	O=0.7570565938949585|NORM_1WORD=0.242929145693779|NORM_2WORD=1.2100041203666478e-05
polumentom	NORM_1WORD=0.568308413028717|O=0.4316810369491577|NORM_2WORD=9.115106877288781e-06
da	O=0.9999953508377075|NORM_1WORD=4.221502877044259e-06|NORM_2WORD=3.1677760148340894e-07
okaci	NORM_1WORD=0.999925971031189|O=7.094526517903432e-05|NORM_2WORD=2.6289094421372283e-06
na	O=0.9999959468841553|NORM_1WORD=3.5845907859766157e-06|NORM_2WORD=3.7235312788652664e-07
fejs	O=0.9999585151672363|NORM_1WORD=4.0762788557913154e-05|NORM_2WORD=6.464459829658153e-07
pa	O=0.9999961853027344|NORM_1WORD=3.552350108293467e-06|NORM_2WORD=2.8344490488052543e-07
da	O=0.9999960660934448|NORM_1WORD=3.589866537367925e-06|NORM_2WORD=2.5150407623186766e-07
zavrsimo	NORM_1WORD=0.9999639987945557|O=3.0338700526044704e-05|NORM_2WORD=4.8218207666650414e-06
sa	O=0.999995231628418|NORM_1WORD=3.772412583202822e-06|NORM_2WORD=8.418979291491269e-07
tim	O=0.9999946355819702|NORM_1WORD=4.952577000949532e-06|NORM_2WORD=3.015001084349933e-07
za	O=0.9999958276748657|NORM_1WORD=3.737446604645811e-06|NORM_2WORD=3.279148756973882e-07
danas	O=0.9999964237213135|NORM_1WORD=2.7461912850412773e-06|NORM_2WORD=5.80376138259453e-07
?	O=0.9999947547912598|NORM_1WORD=3.4992094697372522e-06|NORM_2WORD=1.2730580465358798e-06

dođu	O=0.9999914169311523|NORM_1WORD=7.214914603537181e-06|NORM_2WORD=1.0631570148689207e-06
na	O=0.9999977350234985|NORM_1WORD=1.7935936966750887e-06|NORM_2WORD=3.7045035128357995e-07
vlast	O=0.9998400211334229|NORM_1WORD=0.00015750358579680324|NORM_2WORD=1.9722092474694364e-06
teranjem	O=0.9981709718704224|NORM_1WORD=0.0018254994647577405|NORM_2WORD=2.9791037832183065e-06
kralja	O=0.999987006187439|NORM_1WORD=1.2412459909683093e-05|NORM_2WORD=4.807603204426414e-07
sa	O=0.9999958276748657|NORM_1WORD=3.726914883372956e-06|NORM_2WORD=3.4712221008703636e-07
prestola	O=0.9999889135360718|NORM_1WORD=1.045660610543564e-05|NORM_2WORD=4.862260425397835e-07
a	O=0.9999957084655762|NORM_1WORD=3.5577120343077695e-06|NORM_2WORD=5.927370807512489e-07
onda	O=0.9999940395355225|NORM_1WORD=4.512751274887705e-06|NORM_2WORD=1.0639387255650945e-06
im	O=0.9999885559082031|NORM_1WORD=1.0872824532270897e-05|NORM_2WORD=4.893510663350753e-07
dupe	O=0.9998997449874878|NORM_1WORD=9.995706932386383e-05|NORM_2WORD=2.6699700583776576e-07
toliko	O=0.9999828338623047|NORM_1WORD=1.6304989912896417e-05|NORM_2WORD=6.94176094384602e-07
sraste	O=0.9968191385269165|NORM_1WORD=0.003178371349349618|NORM_2WORD=2.1421835754154017e-06
za	O=0.9999923706054688|NORM_1WORD=7.319927135540638e-06|NORM_2WORD=2.6820646326086717e-07
fotelju	O=0.999990701675415|NORM_1WORD=8.819656613923144e-06|NORM_2WORD=3.822026428679237e-07
da	O=0.9999974966049194|NORM_1WORD=1.9518595308909426e-06|NORM_2WORD=4.314804300520336e-07
demokratsku	O=0.999983549118042|NORM_1WORD=1.600899668119382e-05|NORM_2WORD=3.710525220412819e-07
smenu	O=0.9998700618743896|NORM_1WORD=0.0001292673550779|NORM_2WORD=5.071373152532033e-07
doživljavaju	O=0.9999939203262329|NORM_1WORD=5.59331601834856e-06|NORM_2WORD=3.6952377513443935e-07
kao	O=0.9999905824661255|NORM_1WORD=6.825891432526987e-06|NORM_2WORD=2.110651848852285e-06
da	O=0.9999959468841553|NORM_1WORD=3.4214613151561935e-06|NORM_2WORD=4.727309601548768e-07
ih	O=0.9999874830245972|NORM_1WORD=1.1586893378989771e-05|NORM_2WORD=7.079261763465183e-07
seku	O=0.9993415474891663|NORM_1WORD=0.0006575036677531898|NORM_2WORD=8.726532882974425e-07
na	O=0.9999953508377075|NORM_1WORD=3.998321517428849e-06|NORM_2WORD=4.641012196771044e-07
pola	O=0.9999945163726807|NORM_1WORD=4.931715920974966e-06|NORM_2WORD=4.424664723501337e-07
.	O=0.9999971389770508|NORM_1WORD=1.914487938847742e-06|NORM_2WORD=6.895475621604419e-07

kako	O=0.9999954700469971|NORM_1WORD=3.4495280942792306e-06|NORM_2WORD=7.759525146866508e-07
mislite	O=0.999996542930603|NORM_1WORD=3.1832205422688276e-06|NORM_2WORD=2.9198656648077304e-07
da	O=0.9999977350234985|NORM_1WORD=1.56939586304361e-06|NORM_2WORD=5.647599436997552e-07
će	O=0.9999796152114868|NORM_1WORD=1.9454251741990447e-05|NORM_2WORD=8.384826628571318e-07
da	O=0.9999978542327881|NORM_1WORD=1.5784064544277498e-06|NORM_2WORD=5.342310487321811e-07
bude	O=0.9999947547912598|NORM_1WORD=4.187777449260466e-06|NORM_2WORD=7.419255325658014e-07
sve	O=0.9999951124191284|NORM_1WORD=3.7464617435034597e-06|NORM_2WORD=8.004247433746059e-07
ok	O=0.999991774559021|NORM_1WORD=6.903449957462726e-06|NORM_2WORD=1.0014622375820181e-06
kada	O=0.9999978542327881|NORM_1WORD=1.1722048611773062e-06|NORM_2WORD=6.961781764402986e-07
pilotiraju	O=0.9999743700027466|NORM_1WORD=2.5123088562395424e-05|NORM_2WORD=4.4954958866583183e-07
privredom	O=0.9999732971191406|NORM_1WORD=2.6415158572490327e-05|NORM_2WORD=2.631202278280398e-07
i	O=0.9999969005584717|NORM_1WORD=2.4697224034753162e-06|NORM_2WORD=4.841293161916838e-07
politikom	O=0.9999945163726807|NORM_1WORD=5.1914435061917175e-06|NORM_2WORD=2.2563509105566482e-07
?	O=0.9999972581863403|NORM_1WORD=1.4694268202219973e-06|NORM_2WORD=9.42908172874013e-07

danas	O=0.9999960660934448|NORM_1WORD=2.9698155685764505e-06|NORM_2WORD=6.640787546530191e-07
svi	O=0.9999955892562866|NORM_1WORD=3.308053237560671e-06|NORM_2WORD=8.909312896321353e-07
oko	O=0.9999974966049194|NORM_1WORD=1.979881290026242e-06|NORM_2WORD=3.7414628195620026e-07
mene	O=0.9999964237213135|NORM_1WORD=2.6593118036544183e-06|NORM_2WORD=7.705897928644845e-07
nesto	NORM_1WORD=0.9999704360961914|O=2.3024949769023806e-05|NORM_2WORD=5.117984983371571e-06
kaslju	NORM_1WORD=0.9998540878295898|O=0.00014272941916715354|NORM_2WORD=2.6982079361914657e-06
,	O=0.9999954700469971|NORM_1WORD=2.2819783680461114e-06|NORM_2WORD=1.724307594486163e-06
svi	O=0.9999921321868896|NORM_1WORD=6.375413704517996e-06|NORM_2WORD=1.1722630688382196e-06
nesto	NORM_1WORD=0.9999672174453735|O=2.774785752990283e-05|NORM_2WORD=3.9962842492968775e-06
metiljavi	NORM_1WORD=0.8413175940513611|O=0.15867368876934052|NORM_2WORD=7.849060239095706e-06
,	O=0.9999948740005493|NORM_1WORD=2.814395656969282e-06|NORM_2WORD=1.716073029456311e-06
a	O=0.999996542930603|NORM_1WORD=2.9511402317439206e-06|NORM_2WORD=3.9931646256263775e-07
ja	O=0.9999971389770508|NORM_1WORD=1.9319963939778972e-06|NORM_2WORD=6.764169029338518e-07
se	O=0.9999970197677612|NORM_1WORD=2.561647534093936e-06|NORM_2WORD=2.9931149470030505e-07
tusiram	O=0.8745869994163513|NORM_1WORD=0.12540771067142487|NORM_2WORD=4.795666882273508e-06
hladnom	O=0.999994158744812|NORM_1WORD=5.29751559952274e-06|NORM_2WORD=3.826372108051146e-07
vodom	O=0.9999880790710449|NORM_1WORD=1.1383593118807767e-05|NORM_2WORD=3.760630420401867e-07
.	O=0.9999964237213135|NORM_1WORD=1.984813707167632e-06|NORM_2WORD=1.1676443136821035e-06

ne	O=0.9999933242797852|NORM_1WORD=6.043281700840453e-06|NORM_2WORD=4.2209768480461207e-07
samo	O=0.9999748468399048|NORM_1WORD=2.2812775569036603e-05|NORM_2WORD=1.9645156044134637e-06
da	O=0.9999967813491821|NORM_1WORD=2.78503125628049e-06|NORM_2WORD=4.006826372915384e-07
su	O=0.9999798536300659|NORM_1WORD=1.9298573533887975e-05|NORM_2WORD=6.210341325640911e-07
sasekli	O=0.9996968507766724|NORM_1WORD=0.00030018127290531993|NORM_2WORD=2.5544952677591937e-06
gomilu	O=0.9999784231185913|NORM_1WORD=1.962922397069633e-05|NORM_2WORD=1.345612645309302e-06
klipova	O=0.9999793767929077|NORM_1WORD=1.983743641176261e-05|NORM_2WORD=6.149558089418861e-07
đorđa	O=0.9999730587005615|NORM_1WORD=2.594800025690347e-05|NORM_2WORD=8.404674076700758e-07
marjanovića	O=0.9999895095825195|NORM_1WORD=9.850762580754235e-06|NORM_2WORD=4.826505346500198e-07
,	O=0.9999955892562866|NORM_1WORD=2.7786632017523516e-06|NORM_2WORD=1.2476932624849724e-06
već	O=0.9999837875366211|NORM_1WORD=1.4958163774281275e-05|NORM_2WORD=9.850166406977223e-07
mi	O=0.9999973773956299|NORM_1WORD=2.134914666385157e-06|NORM_2WORD=3.9919532923704537e-07
se	O=0.9999971389770508|NORM_1WORD=2.5728172659000847e-06|NORM_2WORD=2.2488831064038095e-07
čini	O=0.9999915361404419|NORM_1WORD=7.388548056042055e-06|NORM_2WORD=7.578863687740522e-07
da	O=0.9999974966049194|NORM_1WORD=2.1562482288572937e-06|NORM_2WORD=2.882250669244968e-07
je	O=0.9999926090240479|NORM_1WORD=6.937564194231527e-06|NORM_2WORD=3.762864650980191e-07
pola	O=0.9999961853027344|NORM_1WORD=3.3250175874854904e-06|NORM_2WORD=3.994644828253513e-07
srpskog	O=0.9999871253967285|NORM_1WORD=1.2119180610170588e-05|NORM_2WORD=5.516846499631356e-07
yt	O=0.9997448325157166|NORM_1WORD=0.00024625129299238324|NORM_2WORD=6.0632810345850885e-06
repertoara	O=0.9999814033508301|NORM_1WORD=1.7625570762902498e-05|NORM_2WORD=7.451461101481982e-07
stradalo	O=0.9999840259552002|NORM_1WORD=1.4877204193908256e-05|NORM_2WORD=8.588454534219636e-07
u	O=0.9999945163726807|NORM_1WORD=5.180459083931055e-06|NORM_2WORD=2.826863862992468e-07
seči	O=0.9993815422058105|NORM_1WORD=0.000615572789683938|NORM_2WORD=2.1839157398062525e-06
.	O=0.9999953508377075|NORM_1WORD=3.211109060430317e-06|NORM_2WORD=1.0675564681150718e-06

vidim	O=0.9999963045120239|NORM_1WORD=2.637494617374614e-06|NORM_2WORD=7.298573336811387e-07
da	O=0.9999964237213135|NORM_1WORD=3.0430890092247864e-06|NORM_2WORD=3.9884943703327735e-07
se	O=0.9999920129776001|NORM_1WORD=7.562164682894945e-06|NORM_2WORD=3.6864028629679524e-07
suspendovani	O=0.9999436140060425|NORM_1WORD=5.577516640187241e-05|NORM_2WORD=4.3228914137216634e-07
iz	O=0.999991774559021|NORM_1WORD=7.6125170380692e-06|NORM_2WORD=5.151006803316704e-07
afere	O=0.9999884366989136|NORM_1WORD=1.092136517399922e-05|NORM_2WORD=5.243790042186447e-07
unapredjuju	NORM_1WORD=0.9975983500480652|O=0.002398231765255332|NORM_2WORD=3.1420756840816466e-06
pa	O=0.9999945163726807|NORM_1WORD=4.981157871952746e-06|NORM_2WORD=3.6084898624721973e-07
je	O=0.9999786615371704|NORM_1WORD=1.9896442609024234e-05|NORM_2WORD=1.0366466085542925e-06
verovatno	O=0.9999909400939941|NORM_1WORD=8.2995138654951e-06|NORM_2WORD=5.43047633527749e-07
50	O=0.999984860420227|NORM_1WORD=1.2697481906798203e-05|NORM_2WORD=1.6610359807600616e-06
%	O=0.9999889135360718|NORM_1WORD=8.782014447206166e-06|NORM_2WORD=1.558712597216072e-06
!	O=0.9999964237213135|NORM_1WORD=2.148480689356802e-06|NORM_2WORD=1.0203215197179816e-06

dobio	O=0.9999755620956421|NORM_1WORD=2.2461210392066278e-05|NORM_2WORD=1.4721272236783989e-06
sam	O=0.9999970197677612|NORM_1WORD=2.423524847472436e-06|NORM_2WORD=3.394205805307138e-07
sipak	O=0.9772015810012817|NORM_1WORD=0.022796152159571648|NORM_2WORD=2.0299746665841667e-06
jer	O=0.9999959468841553|NORM_1WORD=3.4758654692268465e-06|NORM_2WORD=3.7211279391158314e-07
ionako	O=0.9999926090240479|NORM_1WORD=6.194364232214866e-06|NORM_2WORD=8.464104439553921e-07
nemam	O=0.9999940395355225|NORM_1WORD=5.095672804600326e-06|NORM_2WORD=5.837815706399851e-07
leba	NORM_1WORD=0.7794182300567627|O=0.22056844830513|NORM_2WORD=1.2112150216125883e-05
da	O=0.9999939203262329|NORM_1WORD=5.785629582533147e-06|NORM_2WORD=2.3056426812217978e-07
jedem	O=0.9999774694442749|NORM_1WORD=2.0168134142295457e-05|NORM_2WORD=1.6705075722711626e-06
.	O=0.9999964237213135|NORM_1WORD=1.6915146261453629e-06|NORM_2WORD=1.4872288147671497e-06

najbolje	O=0.999945878982544|NORM_1WORD=5.1847669965354726e-05|NORM_2WORD=1.6820412156448583e-06
od	O=0.9999908208847046|NORM_1WORD=8.680917744641192e-06|NORM_2WORD=3.3066791615965485e-07
bivših	O=0.9999861717224121|NORM_1WORD=1.3383634723140858e-05|NORM_2WORD=3.1982906989469484e-07
ljubavi	O=0.9999622106552124|NORM_1WORD=3.5400364140514284e-05|NORM_2WORD=1.7382063788318192e-06
je	O=0.9999959468841553|NORM_1WORD=3.775049890464288e-06|NORM_2WORD=2.797914646635036e-07
što	O=0.9999964237213135|NORM_1WORD=2.728361550907721e-06|NORM_2WORD=6.26730695785227e-07
su	O=0.9999951124191284|NORM_1WORD=4.28245175498887e-06|NORM_2WORD=4.3113018932672276e-07
bile	O=0.999992847442627|NORM_1WORD=5.94992616242962e-06|NORM_2WORD=8.940133966461872e-07
ljubavi	O=0.9999769926071167|NORM_1WORD=2.18753866647603e-05|NORM_2WORD=8.419725077146722e-07
.	O=0.9999966621398926|NORM_1WORD=1.6536001794520416e-06|NORM_2WORD=1.3013227544433903e-06

@constrictoria	O=0.9999974966049194|NORM_1WORD=1.6167430203495314e-06|NORM_2WORD=6.852696969872341e-07
meh	O=0.9999098777770996|NORM_1WORD=8.704467472853139e-05|NORM_2WORD=2.8379190553096123e-06
,	O=0.9999942779541016|NORM_2WORD=2.614449613247416e-06|NORM_1WORD=2.4323912839463446e-06
još	O=0.9999963045120239|NORM_1WORD=2.611437366795144e-06|NORM_2WORD=8.52878031309956e-07
jedan	O=0.9999972581863403|NORM_1WORD=1.6864534018168342e-06|NORM_2WORD=6.738357569702202e-07
običan	O=0.9999959468841553|NORM_1WORD=3.7764937133033527e-06|NORM_2WORD=2.601296387183538e-07
dan	O=0.9999942779541016|NORM_1WORD=4.330709998612292e-06|NORM_2WORD=9.488516639066802e-07
u	O=0.9999980926513672|NORM_1WORD=1.4116089914750773e-06|NORM_2WORD=4.0819099922373425e-07
životu	O=0.999996542930603|NORM_1WORD=2.6528000489633996e-06|NORM_2WORD=6.540478807437466e-07
vašeg	O=0.9999959468841553|NORM_1WORD=3.4840727494156454e-06|NORM_2WORD=4.5489844069379615e-07
lokalnog	O=0.9999953508377075|NORM_1WORD=4.288742275093682e-06|NORM_2WORD=2.834198085110984e-07
superheroja	O=0.9999957084655762|NORM_1WORD=3.856096554955002e-06|NORM_2WORD=3.634019094533869e-07
.	O=0.9999964237213135|NORM_1WORD=1.5698383322160225e-06|NORM_2WORD=1.5602948906234815e-06

zaboravio	O=0.9999878406524658|NORM_1WORD=1.144745147030335e-05|NORM_2WORD=5.474518616210844e-07
koliko	O=0.9998365640640259|NORM_1WORD=0.00015906525368336588|NORM_2WORD=3.454006218817085e-06
mi	O=0.9999927282333374|NORM_1WORD=6.760228188795736e-06|NORM_2WORD=4.108065070340672e-07
zena	NORM_1WORD=0.9999667406082153|O=2.8376840418786742e-05|NORM_2WORD=3.6799540339416126e-06
ljubomorna	O=0.9999654293060303|NORM_1WORD=3.370497506693937e-05|NORM_2WORD=6.57976386264636e-07
sto	NORM_1WORD=0.9999594688415527|O=3.291881876066327e-05|NORM_2WORD=5.5904570217535365e-06
sam	O=0.9999915361404419|NORM_1WORD=7.685622222197708e-06|NORM_2WORD=6.129537837296084e-07
vise	NORM_1WORD=0.9999704360961914|O=2.23352835746482e-05|NORM_2WORD=5.644449174724286e-06
pocrneo	NORM_1WORD=0.8504587411880493|O=0.14950944483280182|NORM_2WORD=2.8427119104890153e-05
pa	O=0.9999779462814331|NORM_1WORD=2.0956096705049276e-05|NORM_2WORD=8.140676754919696e-07
je	O=0.9999412298202515|NORM_1WORD=5.703277201973833e-05|NORM_2WORD=1.2878359711976373e-06
zvao	O=0.9853197932243347|NORM_1WORD=0.01467632781714201|NORM_2WORD=3.3570925097592408e-06
da	O=0.9999914169311523|NORM_1WORD=7.813780030119233e-06|NORM_2WORD=5.672106908605201e-07
mi	O=0.9999966621398926|NORM_1WORD=2.7335347567714052e-06|NORM_2WORD=4.199321494979813e-07
istrlja	O=0.9999525547027588|NORM_1WORD=4.614907084032893e-05|NORM_2WORD=1.0684111657610629e-06
ledja	NORM_1WORD=0.9999673366546631|O=2.8301077691139653e-05|NORM_2WORD=3.5859686704498017e-06
.	O=0.9999966621398926|NORM_1WORD=2.4285723156936e-06|NORM_2WORD=7.044992003102379e-07

vladimire	O=0.999610960483551|NORM_1WORD=0.00038855825550854206|NORM_2WORD=5.133718445904378e-07
,	O=0.9999942779541016|NORM_1WORD=3.873945388477296e-06|NORM_2WORD=1.312667336605955e-06
znaci	NORM_1WORD=0.9999604225158691|O=3.504798951325938e-05|NORM_2WORD=3.6747121612279443e-06
smotana	O=0.9981595873832703|NORM_1WORD=0.0018258850323036313|NORM_2WORD=1.1446546523075085e-05
sam	O=0.9999909400939941|NORM_1WORD=8.498745046381373e-06|NORM_2WORD=4.3351104750399827e-07
polomicu	NORM_1WORD=0.9999139308929443|O=8.351996075361967e-05|NORM_2WORD=2.172294671254349e-06
se	O=0.999976396560669|NORM_1WORD=2.3135007722885348e-05|NORM_2WORD=3.6765501931768085e-07
kad	O=0.9999961853027344|NORM_1WORD=2.9872849154344294e-06|NORM_2WORD=5.845939767823438e-07
tad	O=0.9999799728393555|NORM_1WORD=1.824441278586164e-05|NORM_2WORD=1.209981405736471e-06
a	O=0.9999861717224121|NORM_1WORD=1.327418885921361e-05|NORM_2WORD=4.1966831076933886e-07
kad	O=0.9999974966049194|NORM_1WORD=1.5824723504920257e-06|NORM_2WORD=6.702744030917529e-07
se	O=0.999995231628418|NORM_1WORD=4.436928065842949e-06|NORM_2WORD=2.3162508000496018e-07
polomim	O=0.99978107213974|NORM_1WORD=0.00021855454542674124|NORM_2WORD=4.1344176793245424e-07
ici	NORM_1WORD=0.999765932559967|O=0.00022746980539523065|NORM_2WORD=5.290415174385998e-06
cu	NORM_1WORD=0.9999773502349854|O=1.6564921679673716e-05|NORM_2WORD=4.901547981717158e-06
u	O=0.9999897480010986|NORM_1WORD=9.698792382550891e-06|NORM_2WORD=3.938152701721265e-07
cikodu	O=0.9989914298057556|NORM_1WORD=0.0010071361903101206|NORM_2WORD=1.0731695283539011e-06
da	O=0.9999927282333374|NORM_1WORD=6.970366030145669e-06|NORM_2WORD=2.6989872026206285e-07
me	O=0.999991774559021|NORM_1WORD=7.634590474481229e-06|NORM_2WORD=4.29208853347518e-07
lecis	NORM_1WORD=0.9999675750732422|O=2.7278238121652976e-05|NORM_2WORD=4.220194114168407e-06
..	O=0.999994158744812|NORM_1WORD=4.850904133490985e-06|NORM_2WORD=7.723059525233111e-07

skakućemo	O=0.9999959468841553|NORM_1WORD=3.238945282646455e-06|NORM_2WORD=6.799941729696002e-07
?	O=0.9999960660934448|NORM_2WORD=2.0802010567422258e-06|NORM_1WORD=1.4548842273143237e-06

@dolcegabanabane	O=0.9999963045120239|NORM_1WORD=1.8833297872333787e-06|NORM_2WORD=1.4943200312700355e-06
moze	NORM_1WORD=0.9999057054519653|O=8.963856816990301e-05|NORM_2WORD=3.885460500896443e-06
.	O=0.9999951124191284|NORM_2WORD=2.50991206485196e-06|NORM_1WORD=1.7900449620356085e-06

sps	O=0.9997411370277405|NORM_1WORD=0.0002560020366217941|NORM_2WORD=2.20728361455258e-06
će	O=0.9999864101409912|NORM_1WORD=1.20620397865423e-05|NORM_2WORD=1.159569592346088e-06
smeniti	O=0.9999743700027466|NORM_1WORD=2.3796090317773633e-05|NORM_2WORD=1.3129591707183863e-06
jednog	O=0.9999936819076538|NORM_1WORD=5.1835927479260135e-06|NORM_2WORD=8.923327072807297e-07
svog	O=0.9999959468841553|NORM_1WORD=3.6291382912168046e-06|NORM_2WORD=4.046965500492661e-07
ministra	O=0.999991774559021|NORM_1WORD=7.263547558977734e-06|NORM_2WORD=7.779434554322506e-07
koji	O=0.9999948740005493|NORM_1WORD=4.526077646005433e-06|NORM_2WORD=4.213149225051893e-07
je	O=0.999990701675415|NORM_1WORD=8.88528666109778e-06|NORM_2WORD=3.3489641282358207e-07
najgore	O=0.999981164932251|NORM_1WORD=1.859058284026105e-05|NORM_2WORD=2.938525938134262e-07
radio	O=0.9999665021896362|NORM_1WORD=3.1374274840345606e-05|NORM_2WORD=1.5126944390431163e-06
i	O=0.9999978542327881|NORM_1WORD=1.8310881841898663e-06|NORM_2WORD=2.3967601237018243e-07
ističe	O=0.999994158744812|NORM_1WORD=4.826815711567178e-06|NORM_2WORD=8.384852776543994e-07
da	O=0.9999974966049194|NORM_1WORD=2.1954431304038735e-06|NORM_2WORD=2.4599717107776087e-07
će	O=0.9999891519546509|NORM_1WORD=9.925765880325343e-06|NORM_2WORD=7.739182024124602e-07
radi	O=0.9999958276748657|NORM_1WORD=3.577455800041207e-06|NORM_2WORD=4.347834305917786e-07
veće	O=0.9999911785125732|NORM_1WORD=8.371192961931229e-06|NORM_2WORD=3.2358127555198735e-07
objektivnosti	O=0.9999915361404419|NORM_1WORD=7.983746399986558e-06|NORM_2WORD=3.655035243355087e-07
to	O=0.9999902248382568|NORM_1WORD=8.903596608433872e-06|NORM_2WORD=6.243025154617499e-07
biti	O=0.9999958276748657|NORM_1WORD=3.655927912404877e-06|NORM_2WORD=4.1178407172992593e-07
učinjeno	O=0.9999912977218628|NORM_1WORD=8.050660653680097e-06|NORM_2WORD=5.19367233664525e-07
metodom	O=0.9999908208847046|NORM_1WORD=8.733422873774543e-06|NORM_2WORD=4.114396858767577e-07
slučajnog	O=0.9999915361404419|NORM_1WORD=8.052327757468447e-06|NORM_2WORD=3.054898343179957e-07
uzorka	O=0.9999556541442871|NORM_1WORD=4.322263703215867e-05|NORM_2WORD=8.921166454456397e-07
.	O=0.9999969005584717|NORM_1WORD=2.2071958483138587e-06|NORM_2WORD=6.953215461180662e-07

čuj	O=0.9999973773956299|NORM_1WORD=2.1967055090499343e-06|NORM_2WORD=3.4186760444754327e-07
mene	O=0.9999974966049194|NORM_1WORD=1.682185938989278e-06|NORM_2WORD=6.225412221283477e-07
.	O=0.9999951124191284|NORM_1WORD=2.2462559172709007e-06|NORM_2WORD=2.0870782009296818e-06
da	O=0.9999973773956299|NORM_1WORD=1.3856113127985736e-06|NORM_2WORD=9.995100072046625e-07
ga	O=0.9999966621398926|NORM_1WORD=2.4683020001248224e-06|NORM_2WORD=7.011993830019492e-07
pustim	O=0.9999977350234985|NORM_1WORD=1.828515905799577e-06|NORM_2WORD=4.148297136907786e-07
hahaha	O=0.9999953508377075|NORM_2WORD=2.3328386760113062e-06|NORM_1WORD=1.7578653341843165e-06

meni	O=0.9999970197677612|NORM_1WORD=2.312916649316321e-06|NORM_2WORD=4.524362964275497e-07
soba	O=0.9999865293502808|NORM_1WORD=1.2714297554339282e-05|NORM_2WORD=5.56660609163373e-07
izgleda	O=0.9999951124191284|NORM_1WORD=3.602659035095712e-06|NORM_2WORD=9.537078540233779e-07
mnogo	O=0.9999939203262329|NORM_1WORD=5.588693056779448e-06|NORM_2WORD=3.836405255697173e-07
ruzno	NORM_1WORD=0.9090778827667236|O=0.09091433137655258|NORM_2WORD=6.965765805944102e-06
bez	O=0.9999947547912598|NORM_1WORD=4.174634796072496e-06|NORM_2WORD=7.121716976143944e-07
svih	O=0.9999915361404419|NORM_1WORD=6.929727987881051e-06|NORM_2WORD=1.0669214134395588e-06
onih	O=0.9999814033508301|NORM_1WORD=1.6936239262577146e-05|NORM_2WORD=1.2189407243567985e-06
postera	O=0.9986854195594788|NORM_1WORD=0.0013137602945789695|NORM_2WORD=7.394934868898417e-07
,	O=0.999995231628418|NORM_1WORD=2.3581010282214265e-06|NORM_2WORD=1.775523969627102e-06
crteza	O=0.9945196509361267|NORM_1WORD=0.005479004699736834|NORM_2WORD=1.1910321973118698e-06
,	O=0.9999951124191284|NORM_1WORD=2.589175210232497e-06|NORM_2WORD=1.6970158185358741e-06
zastava	O=0.99960857629776|NORM_1WORD=0.00038948594010435045|NORM_2WORD=1.6676331142662093e-06
i	O=0.9999918937683105|NORM_1WORD=7.448296400980325e-06|NORM_2WORD=4.903383796772687e-07
ostalih	O=0.9999935626983643|NORM_1WORD=5.570233042817563e-06|NORM_2WORD=6.384966582118068e-07
gluposti	O=0.9997454285621643|NORM_1WORD=0.00025177400675602257|NORM_2WORD=1.9382266600587172e-06
po	O=0.9999923706054688|NORM_1WORD=7.154119884944521e-06|NORM_2WORD=3.2545995054533705e-07
zidovima	O=0.9999747276306152|NORM_1WORD=2.4830736947478727e-05|NORM_2WORD=3.651479403288249e-07
.	O=0.9999967813491821|NORM_1WORD=1.8635222431839793e-06|NORM_2WORD=1.1193483260285575e-06

ps.	O=0.993061363697052|NORM_1WORD=0.006928039249032736|NORM_2WORD=9.033922651724424e-06
na	O=0.9999867677688599|NORM_1WORD=1.2813226021535229e-05|NORM_2WORD=3.5401870945861447e-07
stranu	O=0.9961283206939697|NORM_1WORD=0.0038683046586811543|NORM_2WORD=2.908079068220104e-06
to	O=0.9999651908874512|NORM_1WORD=3.393330916878767e-05|NORM_2WORD=6.357213351293467e-07
sto	NORM_1WORD=0.9999608993530273|O=2.111884896294214e-05|NORM_2WORD=1.2516024980868679e-05
je	O=0.999988317489624|NORM_1WORD=1.109540244215168e-05|NORM_2WORD=4.3485977130330866e-07
tema	O=0.9999853372573853|NORM_1WORD=1.3862720152246766e-05|NORM_2WORD=6.314090796877281e-07
univerzalna	O=0.9999873638153076|NORM_1WORD=1.1769189768529031e-05|NORM_2WORD=6.570039090547652e-07
iako	O=0.999993085861206|NORM_1WORD=6.2507901930075604e-06|NORM_2WORD=4.3885424361178593e-07
je	O=0.9999836683273315|NORM_1WORD=1.5569446986773983e-05|NORM_2WORD=5.888649070584506e-07
povod	O=0.999982476234436|NORM_1WORD=1.679809793131426e-05|NORM_2WORD=5.210881681705359e-07
lokalan	O=0.9999754428863525|NORM_1WORD=2.384486469964031e-05|NORM_2WORD=4.919630782751483e-07
.	O=0.9999971389770508|NORM_1WORD=1.6847429833433125e-06|NORM_2WORD=8.959034971667279e-07

žao	O=0.9999773502349854|NORM_1WORD=2.2114034436526708e-05|NORM_2WORD=4.781128950526181e-07
mi	O=0.9999964237213135|NORM_1WORD=3.093650093433098e-06|NORM_2WORD=4.0135134327101696e-07
je	O=0.9999951124191284|NORM_1WORD=4.432186869962607e-06|NORM_2WORD=3.216847801468248e-07
gospa	O=0.999993085861206|NORM_1WORD=6.515091627079528e-06|NORM_2WORD=3.404858830435842e-07
lejdi	O=0.999931812286377|NORM_1WORD=6.7589629907161e-05|NORM_2WORD=4.2334158933954313e-07
gago	O=0.9842250347137451|NORM_1WORD=0.015767352655529976|NORM_2WORD=6.938621027074987e-06
al	NORM_1WORD=0.9551019668579102|O=0.04481980949640274|NORM_2WORD=6.594078877242282e-05
mi	O=0.9999959468841553|NORM_1WORD=3.33180673806055e-06|NORM_2WORD=6.204988949320978e-07
smo	O=0.9999960660934448|NORM_1WORD=3.157576429657638e-06|NORM_2WORD=6.334937552310294e-07
sve	O=0.9999911785125732|NORM_1WORD=7.502636890421854e-06|NORM_2WORD=1.0368386256232043e-06
to	O=0.9999874830245972|NORM_1WORD=1.0976571502396837e-05|NORM_2WORD=1.0836214414666756e-06
već	O=0.9999942779541016|NORM_1WORD=4.426286523084855e-06|NORM_2WORD=9.159613227893715e-07
videli	O=0.999984860420227|NORM_1WORD=1.2643855370697565e-05|NORM_2WORD=1.920269824040588e-06
kod	O=0.9999959468841553|NORM_1WORD=3.3733542750269407e-06|NORM_2WORD=5.250419690128183e-07
slađane	O=0.9999552965164185|NORM_1WORD=4.365811400930397e-05|NORM_2WORD=8.707452252565417e-07
milošević	O=0.9996228218078613|NORM_1WORD=0.00037608726415783167|NORM_2WORD=9.695116887087352e-07
pre	O=0.9999953508377075|NORM_1WORD=3.6501360227703117e-06|NORM_2WORD=7.277353688550647e-07
mnogo	O=0.9999960660934448|NORM_1WORD=3.191769792465493e-06|NORM_2WORD=5.679451646756206e-07
godina	O=0.9999946355819702|NORM_1WORD=4.559569788398221e-06|NORM_2WORD=5.699595249097911e-07
al	NORM_1WORD=0.977336049079895|O=0.022589975968003273|NORM_2WORD=6.231063161976635e-05
sam	O=0.999994158744812|NORM_1WORD=5.394812433223706e-06|NORM_2WORD=3.7088099702486943e-07
mnogo	O=0.999996542930603|NORM_1WORD=3.0269243325165007e-06|NORM_2WORD=3.1911181963550916e-07
više	O=0.9999924898147583|NORM_1WORD=6.171650056785438e-06|NORM_2WORD=1.00768443189736e-06
ukusa	O=0.9999662637710571|NORM_1WORD=3.281129102106206e-05|NORM_2WORD=7.182148351603246e-07
...	O=0.9999959468841553|NORM_1WORD=3.028094624824007e-06|NORM_2WORD=6.72256646794267e-07

@docaoknis	O=0.9999969005584717|NORM_1WORD=2.0797344859602163e-06|NORM_2WORD=8.018075163818139e-07
veruj	O=0.9999852180480957|NORM_1WORD=1.4412417840503622e-05|NORM_2WORD=3.301785795883916e-07
mi	O=0.9999970197677612|NORM_1WORD=2.518885139579652e-06|NORM_2WORD=3.681074076666846e-07
da	O=0.999997615814209|NORM_1WORD=1.8149989955418278e-06|NORM_2WORD=4.6585338964177936e-07
bi	O=0.9998759031295776|NORM_1WORD=0.00012366425653453916|NORM_2WORD=3.192139388374926e-07
bilo	O=0.9999920129776001|NORM_1WORD=6.704014595015906e-06|NORM_2WORD=8.969949476522743e-07
isto	O=0.9999935626983643|NORM_1WORD=5.40085784450639e-06|NORM_2WORD=8.153438102453947e-07
kao	O=0.9999926090240479|NORM_1WORD=5.152969606569968e-06|NORM_2WORD=1.7285983631154522e-06
i	O=0.9999977350234985|NORM_1WORD=1.7133355640908121e-06|NORM_2WORD=4.79250275020604e-07
sada	O=0.9999954700469971|NORM_1WORD=2.937157432825188e-06|NORM_2WORD=1.20898050681717e-06
.	O=0.9999959468841553|NORM_2WORD=1.9575998067011824e-06|NORM_1WORD=1.5716800589871127e-06

dje	NORM_1WORD=0.9999467134475708|O=4.791622995981015e-05|NORM_2WORD=4.088504283572547e-06
ste	O=0.9999781847000122|NORM_1WORD=2.112094807671383e-05|NORM_2WORD=5.297069947118871e-07
kurve	O=0.9999138116836548|NORM_1WORD=8.513011562172323e-05|NORM_2WORD=7.868234206398483e-07
da	O=0.999974250793457|NORM_1WORD=2.5604622351238504e-05|NORM_2WORD=1.7485412229234498e-07
li	O=0.9999791383743286|NORM_1WORD=1.9982860976597294e-05|NORM_2WORD=6.805549332966621e-07
dok	O=0.9999942779541016|NORM_1WORD=4.5339502321439795e-06|NORM_2WORD=8.402816433772387e-07
vas	O=0.9999821186065674|NORM_1WORD=1.7335238226223737e-05|NORM_2WORD=4.279817460428603e-07
jebe	O=0.9998090863227844|NORM_1WORD=0.0001891279243864119|NORM_2WORD=1.3772856846117065e-06
onako	O=0.9999669790267944|NORM_1WORD=3.13856617140118e-05|NORM_2WORD=1.2441405488061719e-06
ruzan	NORM_1WORD=0.9948186278343201|O=0.005178395193070173|NORM_2WORD=2.601258074719226e-06
svrsavate	NORM_1WORD=0.9990743398666382|O=0.0009218481136485934|NORM_2WORD=3.3637434171396308e-06
misleci	NORM_1WORD=0.9999476671218872|O=4.9384245357941836e-05|NORM_2WORD=2.440712705720216e-06
o	O=0.999992847442627|NORM_1WORD=6.713226412102813e-06|NORM_2WORD=3.333946096972795e-07
njegovim	O=0.9997978806495667|NORM_1WORD=0.00019198596419300884|NORM_2WORD=6.953598585823784e-06
milionima	O=0.9999572038650513|NORM_1WORD=4.197430098429322e-05|NORM_2WORD=5.39556765488669e-07
ili	O=0.9999527931213379|NORM_1WORD=4.537450149655342e-05|NORM_2WORD=1.2769942259183154e-06
mu	O=0.9999731779098511|NORM_1WORD=2.6017409254563972e-05|NORM_2WORD=6.394281513166788e-07
potajno	O=0.9999445676803589|NORM_1WORD=5.493328353622928e-05|NORM_2WORD=3.9998710121835757e-07
drzite	NORM_1WORD=0.9303238987922668|O=0.06966815888881683|NORM_2WORD=7.1200079219124746e-06
kesu	O=0.865847110748291|NORM_1WORD=0.13414639234542847|NORM_2WORD=5.592767593043391e-06
preko	O=0.9999752044677734|NORM_1WORD=2.305872658325825e-05|NORM_2WORD=1.2197563137306133e-06
glave	O=0.9999889135360718|NORM_1WORD=1.0086091606353875e-05|NORM_2WORD=7.557408707725699e-07
objasnite	O=0.9999831914901733|NORM_1WORD=1.6180239981622435e-05|NORM_2WORD=5.016548243474972e-07
se	O=0.9999781847000122|NORM_1WORD=2.1463560187839903e-05|NORM_2WORD=2.548532336277276e-07
!	O=0.9999958276748657|NORM_1WORD=3.2692582863091957e-06|NORM_2WORD=7.180107104431954e-07

oni	O=0.9999911785125732|NORM_1WORD=7.949039172672201e-06|NORM_2WORD=6.701711185996828e-07
koji	O=0.9999958276748657|NORM_1WORD=3.6048575111635728e-06|NORM_2WORD=4.809700726582378e-07
toliko	O=0.999969482421875|NORM_1WORD=2.962654434668366e-05|NORM_2WORD=7.990512358446722e-07
namecu	NORM_1WORD=0.9996751546859741|O=0.00032162159914150834|NORM_2WORD=2.920900215030997e-06
stavove	O=0.9998764991760254|NORM_1WORD=0.00012246864207554609|NORM_2WORD=8.523921337655338e-07
su	O=0.9999966621398926|NORM_1WORD=3.0607538974436466e-06|NORM_2WORD=2.2643379793407803e-07
oni	O=0.9999934434890747|NORM_1WORD=5.69371331948787e-06|NORM_2WORD=6.717717155879654e-07
sa	O=0.9999958276748657|NORM_1WORD=3.6025894587510265e-06|NORM_2WORD=4.619602407274215e-07
najvise	NORM_1WORD=0.9999008178710938|O=9.452903759665787e-05|NORM_2WORD=3.7761883504572324e-06
predrasuda	O=0.9998167157173157|NORM_1WORD=0.00018127697694581002|NORM_2WORD=1.6578449049120536e-06
i	O=0.999990701675415|NORM_1WORD=8.85790814209031e-06|NORM_2WORD=3.2753408163443964e-07
za	O=0.999996542930603|NORM_1WORD=3.1048525670485105e-06|NORM_2WORD=2.735723683144897e-07
njih	O=0.9999475479125977|NORM_1WORD=5.134179082233459e-05|NORM_2WORD=8.76155354490038e-07
imam	O=0.9999955892562866|NORM_1WORD=3.7401127883640584e-06|NORM_2WORD=5.044946078669454e-07
ideju	O=0.9999899864196777|NORM_1WORD=9.396521818416659e-06|NORM_2WORD=5.329094392436673e-07
:	O=0.9999938011169434|NORM_1WORD=5.147656338522211e-06|NORM_2WORD=8.233429866777442e-07
da	O=0.9999810457229614|NORM_1WORD=1.8530523448134772e-05|NORM_2WORD=3.591105155464902e-07
cute	NORM_1WORD=0.6969658136367798|O=0.3030208945274353|NORM_2WORD=1.1903000086022075e-05
!	O=0.9999927282333374|NORM_1WORD=5.198647613724461e-06|NORM_2WORD=1.4711616813656292e-06

sve	O=0.999996542930603|NORM_1WORD=2.6589675599097973e-06|NORM_2WORD=5.624829668704479e-07
je	O=0.9999973773956299|NORM_1WORD=2.2902479486219818e-06|NORM_2WORD=2.751025931502227e-07
isto	O=0.9999967813491821|NORM_1WORD=2.4353244043595623e-06|NORM_2WORD=5.975223302812083e-07
.	O=0.9999963045120239|NORM_2WORD=1.95932989299763e-06|NORM_1WORD=1.268868800252676e-06

srbija	O=0.999992847442627|NORM_1WORD=6.753540219506249e-06|NORM_2WORD=3.851023109291418e-07
treba	O=0.9999693632125854|NORM_1WORD=2.851037606887985e-05|NORM_2WORD=1.7274310266657267e-06
da	O=0.9999972581863403|NORM_1WORD=2.127228071913123e-06|NORM_2WORD=4.440055079157901e-07
gleda	O=0.9999960660934448|NORM_1WORD=2.8883512186439475e-06|NORM_2WORD=8.310846055792354e-07
svoje	O=0.9999943971633911|NORM_1WORD=4.4176636038173456e-06|NORM_2WORD=9.692784033177304e-07
interese	O=0.9999696016311646|NORM_1WORD=2.7134399715578184e-05|NORM_2WORD=2.4408361696259817e-06
i	O=0.9999977350234985|NORM_1WORD=1.8067233895635582e-06|NORM_2WORD=3.472533194326388e-07
olakša	O=0.99998939037323|NORM_1WORD=9.435947504243813e-06|NORM_2WORD=9.105830258704373e-07
ulazak	O=0.9999843835830688|NORM_1WORD=1.409012020303635e-05|NORM_2WORD=1.1894669569301186e-06
u	O=0.9999955892562866|NORM_1WORD=3.775566938202246e-06|NORM_2WORD=5.260462216938322e-07
srbiju	O=0.999976396560669|NORM_1WORD=2.2831289243185893e-05|NORM_2WORD=6.095366984482098e-07
zemljama	O=0.9999659061431885|NORM_1WORD=3.243216997361742e-05|NORM_2WORD=1.2538384908111766e-06
čiji	O=0.9999934434890747|NORM_1WORD=5.993074410071131e-06|NORM_2WORD=4.685171575147251e-07
turisti	O=0.9999756813049316|NORM_1WORD=2.260668043163605e-05|NORM_2WORD=1.2592734037752962e-06
sve	O=0.9999978542327881|NORM_1WORD=1.7298822285738424e-06|NORM_2WORD=3.749680388409615e-07
više	O=0.9999972581863403|NORM_1WORD=2.084816969727399e-06|NORM_2WORD=4.696310327290121e-07
putuju	O=0.9999966621398926|NORM_1WORD=2.8410574941517552e-06|NORM_2WORD=3.0204091672203504e-07
jer	O=0.9999915361404419|NORM_1WORD=7.411872957163723e-06|NORM_2WORD=6.947041129024001e-07
#devizni_prihod	O=0.9999969005584717|NORM_1WORD=2.649235966600827e-06|NORM_2WORD=4.0193259565057815e-07

tetkice	NORM_1WORD=0.6993032097816467|O=0.30069005489349365|NORM_2WORD=6.149528871901566e-06
u	O=0.9998830556869507|NORM_1WORD=0.00011652773537207395|NORM_2WORD=3.2245185366264195e-07
ciliju	NORM_1WORD=0.9922693967819214|O=0.007727966643869877|NORM_2WORD=2.4038361061684554e-06
mi	O=0.9999921321868896|NORM_1WORD=7.5886941885983106e-06|NORM_2WORD=2.7957597126260225e-07
uvek	O=0.9999886751174927|NORM_1WORD=1.101190810004482e-05|NORM_2WORD=2.186365009038127e-07
stavi	O=0.9989990592002869|NORM_1WORD=0.0009923127945512533|NORM_2WORD=6.945333552721422e-06
vise	NORM_1WORD=0.9999637603759766|O=3.224407191737555e-05|NORM_2WORD=3.1743791168992175e-06
sira	O=0.9997442364692688|NORM_1WORD=0.0002540939603932202|NORM_2WORD=1.4397838867807877e-06
i	O=0.9999922513961792|NORM_1WORD=6.397199740604265e-06|NORM_2WORD=9.786763257579878e-07
sampinjona	O=0.6166086792945862|NORM_1WORD=0.38335371017456055|NORM_2WORD=3.5142114938935265e-05
u	O=0.9999889135360718|NORM_1WORD=1.0513993402128108e-05|NORM_2WORD=4.369289854366798e-07
slanu	O=0.9998456239700317|NORM_1WORD=0.00015375541988760233|NORM_2WORD=5.005145453651494e-07
palacinku	NORM_1WORD=0.9878425598144531|O=0.012153723277151585|NORM_2WORD=3.318330072943354e-06
pa	O=0.9999773502349854|NORM_1WORD=2.222566763521172e-05|NORM_2WORD=3.6474065723268723e-07
mi	O=0.9999821186065674|NORM_1WORD=1.7419641153537668e-05|NORM_2WORD=3.630800335940876e-07
glupo	O=0.9996790885925293|NORM_1WORD=0.00032045479747466743|NORM_2WORD=3.719572987392894e-07
da	O=0.9999688863754272|NORM_1WORD=3.093563282163814e-05|NORM_2WORD=1.6593270402154303e-07
zakeram	NORM_1WORD=0.9848117828369141|O=0.015182153321802616|NORM_2WORD=5.3681860663346015e-06
sto	NORM_1WORD=0.9999734163284302|O=1.9415190763538703e-05|NORM_2WORD=5.293108188197948e-06
je	O=0.9999698400497437|NORM_1WORD=2.9799435651511885e-05|NORM_2WORD=2.643600680585223e-07
ista	O=0.9996243715286255|NORM_1WORD=0.00037523379432968795|NORM_2WORD=3.3229903806386574e-07
neslana	O=0.8685605525970459|NORM_1WORD=0.13140994310379028|NORM_2WORD=2.5197581635438837e-05
pa	O=0.9999834299087524|NORM_1WORD=1.629092002985999e-05|NORM_2WORD=2.935669840553601e-07
nosam	O=0.9870684146881104|NORM_1WORD=0.012930079363286495|NORM_2WORD=1.3284139868119382e-06
slanik	O=0.9923795461654663|NORM_1WORD=0.007619308307766914|NORM_2WORD=1.0207054401689675e-06
u	O=0.999972939491272|NORM_1WORD=2.6548925234237686e-05|NORM_2WORD=3.9084054037630267e-07
tasni	O=0.7882673740386963|NORM_1WORD=0.21171942353248596|NORM_2WORD=1.1155862011946738e-05
.	O=0.9999963045120239|NORM_1WORD=2.8014067083859118e-06|NORM_2WORD=6.995620083216636e-07

šta	O=0.9999916553497314|NORM_1WORD=7.02593843016075e-06|NORM_2WORD=1.088049771169608e-06
proizvodiš	O=0.9999960660934448|NORM_1WORD=3.3330686619592598e-06|NORM_2WORD=4.751346125431155e-07
sem	O=0.9999790191650391|NORM_1WORD=2.0519299141597003e-05|NORM_2WORD=3.431456718772097e-07
magle	O=0.9999674558639526|NORM_1WORD=3.119865505141206e-05|NORM_2WORD=1.0470395181982894e-06
?	O=0.9999960660934448|NORM_1WORD=1.728945562717854e-06|NORM_2WORD=1.6752738929426414e-06

prati	O=0.9999951124191284|NORM_1WORD=4.272021215001587e-06|NORM_2WORD=4.7134849978647253e-07
tračeve	O=0.9999665021896362|NORM_1WORD=3.302464756416157e-05|NORM_2WORD=4.041612839955633e-07
!	O=0.9999966621398926|NORM_1WORD=1.5745587234050618e-06|NORM_2WORD=1.3865064829587936e-06

a	O=0.9999967813491821|NORM_1WORD=2.297082119184779e-06|NORM_2WORD=6.596885100407235e-07
nismo	O=0.9999966621398926|NORM_1WORD=2.2974675175646553e-06|NORM_2WORD=7.370551884378074e-07
ni	O=0.9999926090240479|NORM_1WORD=6.740862318110885e-06|NORM_2WORD=4.7480185116910434e-07
glasali	O=0.9998797178268433|NORM_1WORD=0.0001174217977677472|NORM_2WORD=2.5226665911759483e-06
za	O=0.9999977350234985|NORM_1WORD=1.6334595329681179e-06|NORM_2WORD=4.251043321801262e-07
njega	O=0.9999961853027344|NORM_1WORD=2.4287751330120955e-06|NORM_2WORD=1.0284002200933173e-06
.	O=0.9999966621398926|NORM_2WORD=1.5941859601298347e-06|NORM_1WORD=1.3636250741910771e-06

ulazim	O=0.9999947547912598|NORM_1WORD=4.867228199145757e-06|NORM_2WORD=2.925122544183978e-07
u	O=0.9999955892562866|NORM_1WORD=3.956722594011808e-06|NORM_2WORD=3.823131464741891e-07
bus	O=0.9971892237663269|NORM_1WORD=0.0027737831696867943|NORM_2WORD=3.2324536732630804e-05
i	O=0.9999967813491821|NORM_1WORD=2.7847522687807214e-06|NORM_2WORD=3.9320332234638045e-07
sedi	O=0.9999852180480957|NORM_1WORD=1.3641303667100146e-05|NORM_2WORD=8.722664688320947e-07
neka	O=0.9999896287918091|NORM_1WORD=9.52563186729094e-06|NORM_2WORD=6.786047492823855e-07
bula	O=0.9999611377716064|NORM_1WORD=3.720608583535068e-05|NORM_2WORD=1.2616181948033045e-06
zavijena	O=0.9999868869781494|NORM_1WORD=1.2509857697295956e-05|NORM_2WORD=4.2202410099889676e-07
u	O=0.99998939037323|NORM_1WORD=1.0160114470636472e-05|NORM_2WORD=3.31255108676487e-07
marame	O=0.9996837377548218|NORM_1WORD=0.00031472332193516195|NORM_2WORD=1.2919679193146294e-06
i	O=0.9999971389770508|NORM_1WORD=2.456179345244891e-06|NORM_2WORD=3.6135446634943946e-07
hrani	O=0.9995280504226685|NORM_1WORD=0.0004535879706963897|NORM_2WORD=1.3268359907669947e-05
neko	O=0.9999792575836182|NORM_1WORD=1.980960587388836e-05|NORM_2WORD=7.928135232759814e-07
malo	O=0.9999510049819946|NORM_1WORD=4.8415098717669025e-05|NORM_2WORD=5.307078936311882e-07
dete	O=0.9999899864196777|NORM_1WORD=9.385470548295416e-06|NORM_2WORD=4.919336902275973e-07
i	O=0.9999972581863403|NORM_1WORD=2.261953568449826e-06|NORM_2WORD=3.2992318210745e-07
njega	O=0.9999958276748657|NORM_1WORD=3.4819065604096977e-06|NORM_2WORD=5.277708510220691e-07
uvila	O=0.9999767541885376|NORM_1WORD=2.2697369786328636e-05|NORM_2WORD=5.148356194695225e-07
,	O=0.9999943971633911|NORM_1WORD=3.444984258749173e-06|NORM_2WORD=1.5337843706220156e-06
a	O=0.9999904632568359|NORM_1WORD=8.599005013820715e-06|NORM_2WORD=7.010178251221078e-07
jbg	NORM_1WORD=0.9999562501907349|NORM_2WORD=2.1382329578045756e-05|O=1.363418505206937e-05
zaboravio	O=0.9999877214431763|NORM_1WORD=1.1449938028817996e-05|NORM_2WORD=6.336939009088383e-07
sam	O=0.9999966621398926|NORM_1WORD=2.901212155848043e-06|NORM_2WORD=3.473039669188438e-07
mišomor	O=0.999637246131897|NORM_1WORD=0.00036058633122593164|NORM_2WORD=1.7301607613262604e-06
da	O=0.999996542930603|NORM_1WORD=3.0008945941517595e-06|NORM_2WORD=3.631060394582164e-07
poslužim	O=0.9999934434890747|NORM_1WORD=5.922931450186297e-06|NORM_2WORD=4.762484309139836e-07
dete	O=0.9999914169311523|NORM_1WORD=8.038692612899467e-06|NORM_2WORD=4.90560807975271e-07
.	O=0.9999966621398926|NORM_1WORD=2.117442818416748e-06|NORM_2WORD=9.112098950936343e-07

počeo	O=0.9999814033508301|NORM_1WORD=1.624969081603922e-05|NORM_2WORD=1.6962288782451651e-06
da	O=0.9999979734420776|NORM_1WORD=1.6294085298795835e-06|NORM_2WORD=3.731615265678556e-07
se	O=0.9999977350234985|NORM_1WORD=1.952598950083484e-06|NORM_2WORD=2.621880526021414e-07
ponašam	O=0.9999921321868896|NORM_1WORD=6.889641099405708e-06|NORM_2WORD=6.910925662850786e-07
kao	O=0.9999927282333374|NORM_1WORD=5.634818535327213e-06|NORM_2WORD=1.2578665291584912e-06
neandertalac	O=0.9998900890350342|NORM_1WORD=0.00010848383681150153|NORM_2WORD=1.2260959465493215e-06
sa	O=0.9999967813491821|NORM_1WORD=2.219188218077761e-06|NORM_2WORD=8.816467698125052e-07
drugarima	O=0.9999936819076538|NORM_1WORD=5.5937252909643576e-06|NORM_2WORD=6.231696829672728e-07
,	O=0.9999948740005493|NORM_2WORD=2.2200836156116566e-06|NORM_1WORD=1.9244785107730422e-06
oni	O=0.9999911785125732|NORM_1WORD=6.958406629564706e-06|NORM_2WORD=1.2522582437668461e-06
me	O=0.9999970197677612|NORM_1WORD=2.1128564640093828e-06|NORM_2WORD=5.564307912209188e-07
gledaju	O=0.9999954700469971|NORM_1WORD=3.7340928429330233e-06|NORM_2WORD=6.466332251875428e-07
,	O=0.9999959468841553|NORM_1WORD=1.7265775795749505e-06|NORM_2WORD=1.641680569264281e-06
kaže	O=0.9999780654907227|NORM_1WORD=1.637517925701104e-05|NORM_2WORD=3.946504421037389e-06
jedan	O=0.9999887943267822|NORM_1WORD=9.924655387294479e-06|NORM_2WORD=9.188646004076872e-07
:	O=0.9999922513961792|NORM_1WORD=5.248575689620338e-06|NORM_2WORD=1.7222413362105726e-06
̋	O=0.9999544620513916|NORM_1WORD=4.070199065608904e-05|NORM_2WORD=3.851409928756766e-06
kad	O=0.9999866485595703|NORM_1WORD=9.27761630009627e-06|NORM_2WORD=2.7545706871023867e-06
si	O=0.9999959468841553|NORM_1WORD=3.6205065043759532e-06|NORM_2WORD=3.6278873949413537e-07
jeb'o	NORM_1WORD=0.999943733215332|O=3.931394167011604e-05|NORM_2WORD=1.2324027011345606e-05
poslednji	O=0.9999970197677612|NORM_1WORD=2.6385985165688908e-06|NORM_2WORD=2.384076367434318e-07
put	O=0.9999892711639404|NORM_1WORD=8.987825822259765e-06|NORM_2WORD=1.2370835520414403e-06
?	O=0.9999942779541016|NORM_1WORD=3.20862000080524e-06|NORM_2WORD=1.6850738120410824e-06

treba	O=0.9999711513519287|NORM_1WORD=2.7867836251971312e-05|NORM_2WORD=8.614840112386446e-07
mi	O=0.9999821186065674|NORM_1WORD=1.6539537682547234e-05|NORM_2WORD=1.2485835441111703e-06
osoba	O=0.9999916553497314|NORM_1WORD=6.731046596542001e-06|NORM_2WORD=1.3170600823286804e-06
sa	O=0.9999964237213135|NORM_1WORD=2.5478366296738386e-06|NORM_2WORD=8.920815730562026e-07
kojom	O=0.9999970197677612|NORM_1WORD=2.243537210233626e-06|NORM_2WORD=5.954597668278439e-07
cu	NORM_1WORD=0.9999765157699585|O=1.5435907698702067e-05|NORM_2WORD=6.5242411437793635e-06
obici	NORM_1WORD=0.9999476671218872|O=4.847375021199696e-05|NORM_2WORD=3.2301581995852757e-06
svet	O=0.999964714050293|NORM_1WORD=3.367603130755015e-05|NORM_2WORD=1.3618828234029934e-06
tako	O=0.999991774559021|NORM_1WORD=6.897902039781911e-06|NORM_2WORD=9.977691206586314e-07
sto	NORM_1WORD=0.9999774694442749|O=1.3510808457795065e-05|NORM_2WORD=6.760415544704301e-06
cemo	NORM_1WORD=0.9999692440032959|O=2.3602140572620556e-05|NORM_2WORD=6.077947546145879e-06
uzeti	O=0.9999939203262329|NORM_1WORD=4.924123004457215e-06|NORM_2WORD=9.923735433403635e-07
ranceve	NORM_1WORD=0.9996631145477295|O=0.0003339880786370486|NORM_2WORD=2.4974574444058817e-06
i	O=0.9999955892562866|NORM_1WORD=3.4083195714629255e-06|NORM_2WORD=7.694259238633094e-07
krenuti	O=0.9999949932098389|NORM_1WORD=3.7626243738486664e-06|NORM_2WORD=9.175462309940485e-07
,	O=0.9999946355819702|NORM_1WORD=2.58884824688721e-06|NORM_2WORD=2.044844450210803e-06
bez	O=0.9999973773956299|NORM_1WORD=1.7665743143879808e-06|NORM_2WORD=6.264539820222126e-07
ikakvih	O=0.9999951124191284|NORM_1WORD=3.760429535759613e-06|NORM_2WORD=8.569355145482405e-07
obaveza	O=0.9999922513961792|NORM_1WORD=5.170477379579097e-06|NORM_2WORD=1.952502543645096e-06
i	O=0.9999958276748657|NORM_1WORD=3.2411078336735955e-06|NORM_2WORD=6.714632831972267e-07
planova	O=0.999995231628418|NORM_1WORD=4.112812348466832e-06|NORM_2WORD=4.34749580335847e-07
.	O=0.999996542930603|NORM_1WORD=1.924198841152247e-06|NORM_2WORD=1.1536492365848972e-06

kako	O=0.9999951124191284|NORM_1WORD=3.6917604120390024e-06|NORM_2WORD=9.674965895101195e-07
je	O=0.999996542930603|NORM_1WORD=2.9471802918124013e-06|NORM_2WORD=3.706895199684368e-07
moguće	O=0.9999940395355225|NORM_1WORD=4.425112820172217e-06|NORM_2WORD=1.2074946198481484e-06
zlostavljanje	O=0.9999856948852539|NORM_1WORD=1.373497252643574e-05|NORM_2WORD=4.7378264866893005e-07
na	O=0.9999979734420776|NORM_1WORD=1.54711290178966e-06|NORM_2WORD=3.927009117887792e-07
netu	O=0.9999887943267822|NORM_1WORD=1.0544538781687152e-05|NORM_2WORD=4.3630600998767477e-07
?	O=0.9999958276748657|NORM_1WORD=2.318166934855981e-06|NORM_2WORD=1.3648052572534652e-06

(	O=0.9999960660934448|NORM_1WORD=1.7037584711943055e-06|NORM_2WORD=1.6158589914994081e-06
pročitala	O=0.9999921321868896|NORM_1WORD=7.1269132604356855e-06|NORM_2WORD=6.163292596284009e-07
tvoj	O=0.9999817609786987|NORM_1WORD=1.6689757103449665e-05|NORM_2WORD=1.1807082955783699e-06
opus	O=0.9999539852142334|NORM_1WORD=4.457571776583791e-05|NORM_2WORD=1.1458110975581803e-06
,	O=0.9999951124191284|NORM_1WORD=2.2852291294839233e-06|NORM_2WORD=2.0603645225492073e-06
u	O=0.9999947547912598|NORM_1WORD=4.413677288539475e-06|NORM_2WORD=6.018227622917038e-07
sebi	O=0.9999938011169434|NORM_1WORD=5.443104782898445e-06|NORM_2WORD=5.455282803268346e-07
,	O=0.999995231628418|NORM_1WORD=2.482628133293474e-06|NORM_2WORD=1.8255578879688983e-06
sinoć	O=0.9999955892562866|NORM_1WORD=3.284892954980023e-06|NORM_2WORD=8.20808224943903e-07
a	O=0.9999970197677612|NORM_1WORD=2.3200852865556953e-06|NORM_2WORD=6.105266834310896e-07
danas	O=0.9999971389770508|NORM_1WORD=2.0764966848219046e-06|NORM_2WORD=6.39078905351198e-07
najbolje	O=0.9999861717224121|NORM_1WORD=1.2290662198211066e-05|NORM_2WORD=1.1377856026228983e-06
delove	O=0.9998548030853271|NORM_1WORD=0.00014225310587789863|NORM_2WORD=2.329461040062597e-06
čitala	O=0.9999909400939941|NORM_1WORD=8.473706657241564e-06|NORM_2WORD=5.251284846963244e-07
naglas	O=0.9999889135360718|NORM_1WORD=1.0373916666139849e-05|NORM_2WORD=6.402436838470749e-07
.	O=0.9999970197677612|NORM_1WORD=1.6250168073383975e-06|NORM_2WORD=1.0878106877498794e-06
)	O=0.9999957084655762|NORM_2WORD=2.0735926682391437e-06|NORM_1WORD=1.6024461046981742e-06

mozda	NORM_1WORD=0.9999603033065796|NORM_2WORD=1.7176076653413475e-05|O=1.405876173521392e-05
ima	O=0.9999924898147583|NORM_1WORD=7.079949227772886e-06|NORM_2WORD=3.084968795974419e-07
nade	O=0.996800422668457|NORM_1WORD=0.0031989305280148983|NORM_2WORD=5.371716156332695e-07

tražim	O=0.9999980926513672|NORM_1WORD=1.1480196917545982e-06|NORM_2WORD=6.202990334713832e-07
krug	O=0.9999955892562866|NORM_1WORD=2.605358304208494e-06|NORM_2WORD=1.387015572618111e-06
.	O=0.9999951124191284|NORM_2WORD=2.7405571927374694e-06|NORM_1WORD=1.369748815704952e-06

sad	O=0.9999979734420776|NORM_1WORD=1.0861615464818897e-06|NORM_2WORD=7.61011392569344e-07
pitam	O=0.9999969005584717|NORM_1WORD=2.6049169719044585e-06|NORM_2WORD=3.7280042874954233e-07
za	O=0.9999980926513672|NORM_1WORD=1.3325964118848788e-06|NORM_2WORD=5.300282737152884e-07
njega	O=0.9999967813491821|NORM_1WORD=2.153858758902061e-06|NORM_2WORD=8.476030188830919e-07
,	O=0.9999929666519165|NORM_2WORD=3.425212071306305e-06|NORM_1WORD=2.3111674636311363e-06
kažu	O=0.9999756813049316|NORM_1WORD=2.0197836420265958e-05|NORM_2WORD=3.03543197333056e-06
mi	O=0.9999980926513672|NORM_1WORD=1.3172721082810313e-06|NORM_2WORD=4.941108500133851e-07
postao	O=0.9999821186065674|NORM_1WORD=1.646911732677836e-05|NORM_2WORD=1.0206708793703e-06
porno	O=0.9966752529144287|NORM_1WORD=0.0032213162630796432|NORM_2WORD=8.185020851669833e-05
zvezda	O=0.999996542930603|NORM_1WORD=3.1804529498913325e-06|NORM_2WORD=2.9340233709262975e-07
.	O=0.9999959468841553|NORM_2WORD=1.8987537941939081e-06|NORM_1WORD=1.5123091543500777e-06

zamisli	O=0.9997887015342712|NORM_1WORD=0.00021022013970650733|NORM_2WORD=9.421389677299885e-07
pitaju	O=0.9999935626983643|NORM_1WORD=6.1735995586786885e-06|NORM_2WORD=2.2799063970069255e-07
te	O=0.9999879598617554|NORM_1WORD=1.1489013559184968e-05|NORM_2WORD=4.7588443408130843e-07
da	O=0.9999957084655762|NORM_1WORD=3.8357043194992e-06|NORM_2WORD=3.939468911084987e-07
izaberes	NORM_1WORD=0.9999431371688843|O=4.529299621935934e-05|NORM_2WORD=8.771359716774896e-06
svoj	O=0.9999942779541016|NORM_1WORD=4.811846338270698e-06|NORM_2WORD=6.684152822344913e-07
broj	O=0.9999837875366211|NORM_1WORD=1.4279959941632114e-05|NORM_2WORD=1.2759759329128428e-06
,	O=0.9999948740005493|NORM_1WORD=3.0683470413350733e-06|NORM_2WORD=1.5828184132260503e-06
a	O=0.9999926090240479|NORM_1WORD=6.319122348941164e-06|NORM_2WORD=9.610618008082383e-07
ti	O=0.9999877214431763|NORM_1WORD=1.1192074452992529e-05|NORM_2WORD=8.497182193423214e-07
imbecil	O=0.841346025466919|NORM_1WORD=0.15864738821983337|NORM_2WORD=5.7616207413957454e-06
pa	O=0.9999881982803345|NORM_1WORD=1.1382627235434484e-05|NORM_2WORD=4.1147549723064003e-07
izaberes	NORM_1WORD=0.9999276399612427|O=5.81276290176902e-05|NORM_2WORD=1.0631658369675279e-05
svoj	O=0.9999972581863403|NORM_1WORD=2.197088633693056e-06|NORM_2WORD=4.594210452069092e-07
datum	O=0.9999946355819702|NORM_1WORD=3.35387562699907e-06|NORM_2WORD=1.3206399671616964e-06
rodjenja	NORM_1WORD=0.9998821020126343|O=0.00011250867100898176|NORM_2WORD=4.388920388009865e-06
.	O=0.9999961853027344|NORM_1WORD=2.207895249739522e-06|NORM_2WORD=1.2342593436187599e-06

@netumbaj	O=0.9999963045120239|NORM_1WORD=3.2334960451407824e-06|NORM_2WORD=3.5709896906155336e-07
istrazivanja	O=0.9761261940002441|NORM_1WORD=0.02387131378054619|NORM_2WORD=2.1957246190140722e-06
pokazuje	O=0.9999947547912598|NORM_1WORD=4.751541382574942e-06|NORM_2WORD=3.880838335135195e-07
da	O=0.9999927282333374|NORM_1WORD=7.102321433194447e-06|NORM_2WORD=1.2157866535744688e-07
da	O=0.9999252557754517|NORM_1WORD=7.441620982717723e-05|NORM_2WORD=2.2381479425348516e-07
...	O=0.9999806880950928|NORM_1WORD=1.8381173504167236e-05|NORM_2WORD=6.567006494151428e-07
vise	NORM_1WORD=0.9999661445617676|O=2.8805337933590636e-05|NORM_2WORD=3.955055490223458e-06
paznje	NORM_1WORD=0.9999655485153198|O=2.97917486022925e-05|NORM_2WORD=3.9033611756167375e-06
obracas	NORM_1WORD=0.9999762773513794|O=1.8451904907124117e-05|NORM_2WORD=4.491273102757987e-06
na	O=0.9999915361404419|NORM_1WORD=7.99962981545832e-06|NORM_2WORD=3.1038405268191127e-07
tekst	O=0.9999816417694092|NORM_1WORD=1.7331360140815377e-05|NORM_2WORD=7.088286793077714e-07
iskazan	NORM_1WORD=0.9708068370819092|O=0.029186785221099854|NORM_2WORD=5.668687208526535e-06
u	O=0.9999966621398926|NORM_1WORD=2.9959453513583867e-06|NORM_2WORD=2.3691525541380543e-07
vokalnoj	O=0.9999774694442749|NORM_1WORD=2.2271480702329427e-05|NORM_2WORD=2.22292513285538e-07
formi	O=0.9999864101409912|NORM_1WORD=1.309660274273483e-05|NORM_2WORD=3.340611272051319e-07

vidim	O=0.9999960660934448|NORM_1WORD=2.297560286024236e-06|NORM_2WORD=1.1318099950585747e-06
jutros	O=0.9999964237213135|NORM_1WORD=2.9228199309727643e-06|NORM_2WORD=5.070204451840254e-07
neko	O=0.999994158744812|NORM_1WORD=5.1589963732112665e-06|NORM_2WORD=5.937251330578874e-07
drvo	O=0.999990701675415|NORM_1WORD=8.576205800636671e-06|NORM_2WORD=5.582407993642846e-07
pred	O=0.9999978542327881|NORM_1WORD=1.6257048400802887e-06|NORM_2WORD=3.9365249904221855e-07
kućom	O=0.9994627833366394|NORM_1WORD=0.000536915787961334|NORM_2WORD=2.4989137159536767e-07
i	O=0.9999978542327881|NORM_1WORD=1.3783369468001183e-06|NORM_2WORD=5.403129534897744e-07
pitam	O=0.9999974966049194|NORM_1WORD=2.0506033706624294e-06|NORM_2WORD=3.553199974248855e-07
se	O=0.9999983310699463|NORM_1WORD=1.3166319376978208e-06|NORM_2WORD=2.795219700146845e-07
šta	O=0.9999954700469971|NORM_1WORD=2.8934580313944025e-06|NORM_2WORD=1.2580211432577926e-06
je	O=0.9999949932098389|NORM_1WORD=4.373604042484658e-06|NORM_2WORD=5.309114499141288e-07
.	O=0.9999969005584717|NORM_1WORD=1.3557840929934173e-06|NORM_2WORD=1.3394623010754003e-06

veoma	O=0.9999951124191284|NORM_1WORD=4.126693056605291e-06|NORM_2WORD=6.129816370048502e-07
mi	O=0.999996542930603|NORM_1WORD=2.851510544132907e-06|NORM_2WORD=4.374196862499957e-07
je	O=0.999996542930603|NORM_1WORD=3.1573761134495726e-06|NORM_2WORD=2.400231551291654e-07
drago	O=0.9999915361404419|NORM_1WORD=6.3485558712272905e-06|NORM_2WORD=1.8422815628582612e-06
što	O=0.9999949932098389|NORM_1WORD=3.910264695150545e-06|NORM_2WORD=8.109805094136391e-07
su	O=0.9999903440475464|NORM_1WORD=8.993854862637818e-06|NORM_2WORD=5.338740152183163e-07
prepoznati	O=0.9999837875366211|NORM_1WORD=1.5254350728355348e-05|NORM_2WORD=7.092859846125066e-07
tvoji	O=0.9999680519104004|NORM_1WORD=2.8762488000211306e-05|NORM_2WORD=2.4228402253356762e-06
kvaliteti	O=0.9999061822891235|NORM_1WORD=9.344749560113996e-05|NORM_2WORD=2.8903028237436956e-07
.	O=0.9999967813491821|NORM_1WORD=1.5196461617961177e-06|NORM_2WORD=1.3436382459985907e-06

@mracnisaputnik	O=0.9999966621398926|NORM_1WORD=2.7442231385066407e-06|NORM_2WORD=5.302474050949968e-07
@dusanninkovic	O=0.9999948740005493|NORM_1WORD=4.640809038392035e-06|NORM_2WORD=3.9668881868237804e-07
ako	O=0.9999918937683105|NORM_1WORD=6.228165148058906e-06|NORM_2WORD=1.408586740581086e-06
uzmete	O=0.9997441172599792|NORM_1WORD=0.0002528871118556708|NORM_2WORD=2.4431824385828804e-06
i	O=0.9999877214431763|NORM_1WORD=1.118676027545007e-05|NORM_2WORD=8.223061058743042e-07
zivadinovica	NORM_1WORD=0.9988664388656616|O=0.001129300449974835|NORM_2WORD=3.972251306549879e-06
,	O=0.9999918937683105|NORM_1WORD=5.423585207608994e-06|NORM_2WORD=1.9875226371368626e-06
pa	O=0.9999873638153076|NORM_1WORD=1.2075873200956266e-05|NORM_2WORD=4.3633534119180695e-07
da	O=0.9999915361404419|NORM_1WORD=8.039061867748387e-06|NORM_2WORD=3.6098529676564794e-07
ovde	O=0.9999874830245972|NORM_1WORD=1.144719499279745e-05|NORM_2WORD=8.638270969640871e-07
pokrenemo	O=0.9999643564224243|NORM_1WORD=3.517633740557358e-05|NORM_2WORD=3.9402016227541026e-07
peticiju	O=0.9999774694442749|NORM_1WORD=2.148586827388499e-05|NORM_2WORD=8.126656894091866e-07
.	O=0.9999959468841553|NORM_1WORD=2.7013975341105834e-06|NORM_2WORD=1.0149329909836524e-06

nismo	O=0.9999971389770508|NORM_1WORD=1.9459428131085588e-06|NORM_2WORD=6.320587999653071e-07
sad	O=0.9999970197677612|NORM_1WORD=1.95176335182623e-06|NORM_2WORD=7.93792196418508e-07
mokri	O=0.9997157454490662|NORM_1WORD=0.00028353341622278094|NORM_2WORD=5.987471354274021e-07
oboje	O=0.9999637603759766|NORM_1WORD=3.0126375349937007e-05|NORM_2WORD=5.3986063903721515e-06
!	O=0.9999938011169434|NORM_1WORD=3.014885123775457e-06|NORM_2WORD=2.3490160856454168e-06

izadjem	NORM_1WORD=0.9999607801437378|O=2.7243164367973804e-05|NORM_2WORD=9.285679880122188e-06
iz	O=0.9999902248382568|NORM_1WORD=8.833862011670135e-06|NORM_2WORD=7.521352927142289e-07
gajbe	O=0.9987275004386902|NORM_1WORD=0.0012700288789346814|NORM_2WORD=2.0252300600986928e-06
vidim	O=0.9999904632568359|NORM_1WORD=6.574751296284376e-06|NORM_2WORD=2.0037252852489473e-06
lik	O=0.9999833106994629|NORM_1WORD=1.5298239304684103e-05|NORM_2WORD=1.1650462283796514e-06
i	O=0.9999959468841553|NORM_1WORD=2.622722604428418e-06|NORM_2WORD=1.0293420018570032e-06
2	O=0.9999923706054688|NORM_1WORD=5.293324193189619e-06|NORM_2WORD=1.8610276129038539e-06
pandura	O=0.9999850988388062|NORM_1WORD=1.426048947905656e-05|NORM_2WORD=5.781984668828954e-07
jure	O=0.9987140893936157|NORM_1WORD=0.0012842888245359063|NORM_2WORD=1.4635984371125232e-06
nekog	O=0.9999967813491821|NORM_1WORD=2.49259846896166e-06|NORM_2WORD=6.536228056575055e-07
lopova	O=0.9999935626983643|NORM_1WORD=6.038777883077273e-06|NORM_2WORD=3.3949973499147745e-07
,	O=0.9999970197677612|NORM_1WORD=1.5249527223204495e-06|NORM_2WORD=1.0957885479001561e-06
baja	O=0.9999794960021973|NORM_1WORD=1.8271724911755882e-05|NORM_2WORD=1.991256340261316e-06
pretrči	O=0.9999934434890747|NORM_1WORD=5.754272933700122e-06|NORM_2WORD=6.057883865651092e-07
ulicu	O=0.9999878406524658|NORM_1WORD=1.101823272620095e-05|NORM_2WORD=8.068075203482294e-07
a	O=0.9999959468841553|NORM_1WORD=3.025052592420252e-06|NORM_2WORD=8.098575676740438e-07
pandura	O=0.9999871253967285|NORM_1WORD=1.2323363080213312e-05|NORM_2WORD=5.054925509284658e-07
odlome	O=0.9999626874923706|NORM_1WORD=3.6737481423188e-05|NORM_2WORD=4.7441511696888483e-07
kola	O=0.9999749660491943|NORM_1WORD=2.3872020392445847e-05|NORM_2WORD=1.0665191894076997e-06
...	O=0.9999955892562866|NORM_1WORD=3.3334388263028814e-06|NORM_2WORD=7.87473311447684e-07

@dvekeva	O=0.9999967813491821|NORM_1WORD=2.4513719836249948e-06|NORM_2WORD=5.652637469211186e-07
to	O=0.9997681975364685|NORM_1WORD=0.00022044846264179796|NORM_2WORD=7.2745251600281335e-06
sam	O=0.9999970197677612|NORM_1WORD=2.490018687240081e-06|NORM_2WORD=3.5313485113874776e-07
i	O=0.9999743700027466|NORM_1WORD=2.4203971406677738e-05|NORM_2WORD=1.0248317039440735e-06
mislila	O=0.999982476234436|NORM_1WORD=1.6966198018053547e-05|NORM_2WORD=5.247986223366752e-07
ali	O=0.9999914169311523|NORM_1WORD=7.840317266527563e-06|NORM_2WORD=5.804624265692837e-07
onda	O=0.9999915361404419|NORM_1WORD=7.408890269289259e-06|NORM_2WORD=7.666197916478268e-07
i	O=0.9999922513961792|NORM_1WORD=7.47725198380067e-06|NORM_2WORD=2.47995728841488e-07
neki	O=0.9999607801437378|NORM_1WORD=3.740177271538414e-05|NORM_2WORD=1.3435206938083866e-06
alkohol	O=0.9997954964637756|NORM_1WORD=0.00018906168406829238|NORM_2WORD=1.1219928637729026e-05
neko	O=0.9997287392616272|NORM_1WORD=0.00027042970759794116|NORM_2WORD=7.187992423496326e-07
pijenje	O=0.9874370098114014|NORM_1WORD=0.012559839524328709|NORM_2WORD=2.838327191057033e-06
uz	O=0.9999929666519165|NORM_1WORD=6.694801868434297e-06|NORM_2WORD=2.702227845929883e-07
teglu	O=0.9999260902404785|NORM_1WORD=7.295312389032915e-05|NORM_2WORD=8.664711117489787e-07
da	O=0.9999949932098389|NORM_1WORD=4.6794875743216835e-06|NORM_2WORD=2.9505403631446825e-07
upotpunimo	O=0.9999939203262329|NORM_1WORD=5.575687282544095e-06|NORM_2WORD=3.4518902225499914e-07
drcnost	NORM_1WORD=0.9999619722366333|O=3.228346031391993e-05|NORM_2WORD=4.7313724280684255e-06
:**	O=0.9999935626983643|NORM_1WORD=4.789940248883795e-06|NORM_2WORD=1.2926801673529553e-06
:')	O=0.9999918937683105|NORM_2WORD=3.7958791381242918e-06|NORM_1WORD=3.476676738500828e-06

malo	O=0.999981164932251|NORM_1WORD=1.8068443750962615e-05|NORM_2WORD=5.738548338740657e-07
su	O=0.9999912977218628|NORM_1WORD=8.328051990247332e-06|NORM_2WORD=2.816167068431241e-07
nerealna	O=0.9999548196792603|NORM_1WORD=4.39284740423318e-05|NORM_2WORD=9.855855296336813e-07
očekivanja	O=0.9999803304672241|NORM_1WORD=1.9331149815116078e-05|NORM_2WORD=2.553162232743489e-07
familije	O=0.9999858140945435|NORM_1WORD=1.3616124306281563e-05|NORM_2WORD=4.5783940549881663e-07
o	O=0.9999938011169434|NORM_1WORD=5.601146312983474e-06|NORM_2WORD=4.794106871486292e-07
udaji	O=0.9994718432426453|NORM_1WORD=0.0005268508684821427|NORM_2WORD=1.1473192671473953e-06
i	O=0.9999867677688599|NORM_1WORD=1.1714918400684837e-05|NORM_2WORD=1.0170321047553443e-06
deci	O=0.999942421913147|NORM_1WORD=5.6978577049449086e-05|NORM_2WORD=4.7446161488551297e-07
od	O=0.999996542930603|NORM_1WORD=3.1568702070217114e-06|NORM_2WORD=2.454064826906688e-07
nekoga	O=0.9999939203262329|NORM_1WORD=5.715134193451377e-06|NORM_2WORD=2.7914884981328214e-07
ko	O=0.9999945163726807|NORM_1WORD=4.864178208663361e-06|NORM_2WORD=4.802589614882891e-07
će	O=0.9999872446060181|NORM_1WORD=1.1832888048957102e-05|NORM_2WORD=7.512999786740693e-07
noćas	O=0.9999850988388062|NORM_1WORD=1.4064677088754252e-05|NORM_2WORD=6.378327270795126e-07
da	O=0.9999957084655762|NORM_1WORD=3.906894107785774e-06|NORM_2WORD=2.9804579071424087e-07
se	O=0.9999949932098389|NORM_1WORD=4.698676093539689e-06|NORM_2WORD=2.14803819176268e-07
rastavi	O=0.9999574422836304|NORM_1WORD=4.106714186491445e-05|NORM_2WORD=1.0569966661932995e-06
u	O=0.9999933242797852|NORM_1WORD=5.9686954045901075e-06|NORM_2WORD=4.690728019340895e-07
jay-z	O=0.9144260287284851|NORM_1WORD=0.08483897894620895|NORM_2WORD=0.0006071882671676576
majici	O=0.99988853931427|NORM_1WORD=0.00011020707461284474|NORM_2WORD=9.806797152123181e-07
i	O=0.999994158744812|NORM_1WORD=4.82012728753034e-06|NORM_2WORD=7.007911904111097e-07
preuskoj	O=0.9991365075111389|NORM_1WORD=0.0008616047562099993|NORM_2WORD=1.5557687902401085e-06
suknji	O=0.9998366832733154|NORM_1WORD=0.00016236658848356456|NORM_2WORD=7.501074037463695e-07
u	O=0.9999842643737793|NORM_1WORD=1.49523802974727e-05|NORM_2WORD=5.480364961840678e-07
stefan	O=0.9999667406082153|NORM_1WORD=3.228127388865687e-05|NORM_2WORD=7.228078970911156e-07
braunu	O=0.999702513217926|NORM_1WORD=0.0002958505356218666|NORM_2WORD=1.3063007600067067e-06
.	O=0.9999966621398926|NORM_1WORD=2.4603255042165983e-06|NORM_2WORD=7.550061127403751e-07

malo	O=0.9999940395355225|NORM_1WORD=5.452332970889984e-06|NORM_2WORD=3.966715098613349e-07
je	O=0.9999942779541016|NORM_1WORD=5.460602551465854e-06|NORM_2WORD=1.9185718258540874e-07
poznato	O=0.9999924898147583|NORM_1WORD=6.662036412308225e-06|NORM_2WORD=7.143767675188428e-07
da	O=0.999997615814209|NORM_1WORD=2.0424729427759303e-06|NORM_2WORD=2.8501688120741164e-07
sam	O=0.9999953508377075|NORM_1WORD=3.916326932085212e-06|NORM_2WORD=4.958376393915387e-07
igrala	O=0.9999942779541016|NORM_1WORD=5.318234343576478e-06|NORM_2WORD=3.110341424417129e-07
sa	O=0.9999979734420776|NORM_1WORD=1.5427400512635359e-06|NORM_2WORD=3.928776948214363e-07
vladom	O=0.9999682903289795|NORM_1WORD=3.1309740734286606e-05|NORM_2WORD=3.0439392162406875e-07
zanimljive	O=0.998189389705658|NORM_1WORD=0.0018088167998939753|NORM_2WORD=1.4004244803800248e-06
geog	O=0.8591518998146057|NORM_1WORD=0.1408362090587616|NORM_2WORD=1.0968610695272218e-05
i	O=0.9999957084655762|NORM_1WORD=3.933422703994438e-06|NORM_2WORD=2.622015244924114e-07
da	O=0.9999971389770508|NORM_1WORD=2.51690926234005e-06|NORM_2WORD=2.507086094283295e-07
je	O=0.9999803304672241|NORM_1WORD=1.8926433767774142e-05|NORM_2WORD=6.217117629603308e-07
na	O=0.999996542930603|NORM_1WORD=3.1924046197673306e-06|NORM_2WORD=2.9665088163710607e-07
slovo	O=0.9999808073043823|NORM_1WORD=1.834154682001099e-05|NORM_2WORD=5.595667289526318e-07
f	O=0.9999771118164062|NORM_1WORD=2.1973264665575698e-05|NORM_2WORD=6.316399776551407e-07
za	O=0.9999914169311523|NORM_1WORD=8.269778845715337e-06|NORM_2WORD=2.402605332463281e-07
zivotinju	NORM_1WORD=0.9999409914016724|O=5.129001510795206e-05|NORM_2WORD=6.7216233219369315e-06
stavio	O=0.999981164932251|NORM_1WORD=1.813175913412124e-05|NORM_2WORD=5.550260198106116e-07
faun	O=0.9998519420623779|NORM_1WORD=0.0001437503524357453|NORM_2WORD=3.069737658734084e-06
.	O=0.9999969005584717|NORM_1WORD=1.998808556891163e-06|NORM_2WORD=8.803814921520825e-07

meni	O=0.9999979734420776|NORM_1WORD=1.3727435543842148e-06|NORM_2WORD=4.726777831365325e-07
se	O=0.9999973773956299|NORM_1WORD=2.279214186273748e-06|NORM_2WORD=2.431085022180923e-07
čini	O=0.9999955892562866|NORM_1WORD=3.736957751243608e-06|NORM_2WORD=5.094036055197648e-07
da	O=0.9999973773956299|NORM_1WORD=2.0947481971234083e-06|NORM_2WORD=3.6959903582101106e-07
je	O=0.9999908208847046|NORM_1WORD=8.722676284378394e-06|NORM_2WORD=3.8996032003524306e-07
bio	O=0.9999914169311523|NORM_1WORD=7.445537448802497e-06|NORM_2WORD=8.208032795664622e-07
debelo	O=0.9999849796295166|NORM_1WORD=1.3358292562770657e-05|NORM_2WORD=1.017404656522558e-06
govno	O=0.9995940327644348|NORM_1WORD=0.0004022679349873215|NORM_2WORD=3.3578305647097295e-06
i	O=0.9999933242797852|NORM_1WORD=6.005357590765925e-06|NORM_2WORD=4.687619821197586e-07
da	O=0.9999974966049194|NORM_1WORD=1.986213192139985e-06|NORM_2WORD=3.660980780750833e-07
je	O=0.9999877214431763|NORM_1WORD=1.1550113413250074e-05|NORM_2WORD=5.453293852042407e-07
isto	O=0.9999946355819702|NORM_1WORD=4.588005140249152e-06|NORM_2WORD=6.237422098820389e-07
ost'o	NORM_1WORD=0.9999676942825317|O=1.6214667994063348e-05|NORM_2WORD=1.198203881358495e-05
.	O=0.9999970197677612|NORM_1WORD=1.4490780131382053e-06|NORM_2WORD=1.245254566129006e-06

#alwayssayyes	O=0.9999961853027344|NORM_1WORD=1.9019728370039957e-06|NORM_2WORD=1.568020024933503e-06

:)))))	O=0.9999935626983643|NORM_2WORD=3.0560252071154537e-06|NORM_1WORD=2.720818656598567e-06
:ddd	O=0.9999942779541016|NORM_1WORD=4.014482783532003e-06|NORM_2WORD=1.4697643564431928e-06
"	O=0.9999834299087524|NORM_2WORD=8.076604899542872e-06|NORM_1WORD=6.600217602681369e-06

ne	O=0.9999974966049194|NORM_1WORD=2.029171582762501e-06|NORM_2WORD=4.0625747033118387e-07
znam	O=0.9999970197677612|NORM_1WORD=2.193238060499425e-06|NORM_2WORD=6.272584300859307e-07
kako	O=0.999925971031189|NORM_1WORD=6.991900590946898e-05|NORM_2WORD=3.250600911997026e-06
drugcije	NORM_1WORD=0.9997641444206238|O=0.00023329845862463117|NORM_2WORD=2.296714228577912e-06
da	O=0.9999920129776001|NORM_1WORD=7.448240921803517e-06|NORM_2WORD=4.544344562873448e-07
nazovem	O=0.9999935626983643|NORM_1WORD=6.108784418756841e-06|NORM_2WORD=2.9469592277564516e-07
nase	NORM_1WORD=0.9994215965270996|O=0.0005757208564318717|NORM_2WORD=2.488942072886857e-06
zemljake	O=0.9997907280921936|NORM_1WORD=0.00020832198788411915|NORM_2WORD=8.727823797016754e-07
koji	O=0.9999935626983643|NORM_1WORD=6.11754057899816e-06|NORM_2WORD=2.7549694436856953e-07
gotive	O=0.9999040365219116|NORM_1WORD=9.572355338605121e-05|NORM_2WORD=2.818610482790973e-07
nato	O=0.9999334812164307|NORM_1WORD=6.39198551652953e-05|NORM_2WORD=1.9730332496692427e-06
i	O=0.9999954700469971|NORM_1WORD=3.6720807656820398e-06|NORM_2WORD=6.354780452966224e-07
njegovu	O=0.999990701675415|NORM_1WORD=7.844656465749722e-06|NORM_2WORD=1.119663807003235e-06
politiku	O=0.9999966621398926|NORM_1WORD=2.457560867696884e-06|NORM_2WORD=6.750130410182464e-07
.	O=0.9999969005584717|NORM_1WORD=1.6499757293786388e-06|NORM_2WORD=1.1022174248864758e-06

@nebojsa_s	O=0.9999970197677612|NORM_2WORD=1.394492642248224e-06|NORM_1WORD=1.3180434734749724e-06
@radojevgoran	O=0.9999979734420776|NORM_1WORD=1.1614644108703942e-06|NORM_2WORD=7.698894819441193e-07
sve	O=0.9999788999557495|NORM_1WORD=1.6560792573727667e-05|NORM_2WORD=3.634479753600317e-06
razumem	O=0.9999959468841553|NORM_1WORD=3.4444935863575665e-06|NORM_2WORD=4.3134974703207263e-07
i	O=0.9999980926513672|NORM_1WORD=1.526620394542988e-06|NORM_2WORD=3.272813842158939e-07
poštujem	O=0.9999947547912598|NORM_1WORD=4.739543783216504e-06|NORM_2WORD=3.9236724092006625e-07
,	O=0.9999934434890747|NORM_1WORD=3.060420112888096e-06|NORM_2WORD=2.468254024279304e-06
isto	O=0.9999805688858032|NORM_1WORD=1.7270822354475968e-05|NORM_2WORD=1.6214173683692934e-06
i	O=0.9999973773956299|NORM_1WORD=2.1475796074810205e-06|NORM_2WORD=3.9862200651441526e-07
ja	O=0.9999970197677612|NORM_1WORD=2.027183654718101e-06|NORM_2WORD=7.705424991399923e-07
.	O=0.9999966621398926|NORM_1WORD=1.5153796084632631e-06|NORM_2WORD=1.4267558299252414e-06

ne	O=0.9999120235443115|NORM_1WORD=8.709758549230173e-05|NORM_2WORD=7.739973284515145e-07
ovi	O=0.9999880790710449|NORM_1WORD=1.0379390005255118e-05|NORM_2WORD=1.0175746183449519e-06
receptaši	O=0.9989475607872009|NORM_1WORD=0.0010512655135244131|NORM_2WORD=1.0523382343308185e-06
u	O=0.9999980926513672|NORM_1WORD=1.419846171302197e-06|NORM_2WORD=4.000516184987646e-07
domu	O=0.999997615814209|NORM_1WORD=1.6234672557402519e-06|NORM_2WORD=5.386053203437768e-07
zdravlja	O=0.9999935626983643|NORM_1WORD=4.878626896243077e-06|NORM_2WORD=1.1424672266002744e-06
,	O=0.9999959468841553|NORM_1WORD=1.7868416080091265e-06|NORM_2WORD=1.7425971918783034e-06
nego	O=0.9999915361404419|NORM_1WORD=7.664338227186818e-06|NORM_2WORD=6.022704042152327e-07
oni	O=0.9999918937683105|NORM_1WORD=6.890217264299281e-06|NORM_2WORD=8.877779578142508e-07
,	O=0.9999971389770508|NORM_1WORD=1.4660686247225385e-06|NORM_2WORD=1.037578726936772e-06
pravi	O=0.9999252557754517|NORM_1WORD=7.249974441947415e-05|NORM_2WORD=1.6628721368761035e-06
?	O=0.9999959468841553|NORM_1WORD=2.5817189452936873e-06|NORM_2WORD=1.1641345736279618e-06

svim	O=0.9999961853027344|NORM_1WORD=2.6636821530701127e-06|NORM_2WORD=8.154540296345658e-07
muškarcima	O=0.9999954700469971|NORM_1WORD=4.007637016911758e-06|NORM_2WORD=3.9097128023968253e-07
koji	O=0.9999966621398926|NORM_1WORD=2.3558070552098798e-06|NORM_2WORD=6.897728326293873e-07
se	O=0.9999967813491821|NORM_1WORD=2.8796041533496464e-06|NORM_2WORD=2.0559544111620198e-07
protive	O=0.9999964237213135|NORM_1WORD=3.2487473617948126e-06|NORM_2WORD=2.651174497714237e-07
abortusu	O=0.9999011754989624|NORM_1WORD=9.648031846154481e-05|NORM_2WORD=1.6990456970233936e-06
preporučujem	O=0.9999949932098389|NORM_1WORD=4.519702997640707e-06|NORM_2WORD=3.7054971357974864e-07
da	O=0.9999964237213135|NORM_1WORD=2.7101723389932886e-06|NORM_2WORD=7.283895229193149e-07
urade	O=0.9999923706054688|NORM_1WORD=6.89431544742547e-06|NORM_2WORD=5.921950219089922e-07
vazektomiju	O=0.9999657869338989|NORM_1WORD=3.3310534490738064e-05|NORM_2WORD=7.553515501967922e-07
i	O=0.9999971389770508|NORM_1WORD=2.3742668417980894e-06|NORM_2WORD=3.7716839074164454e-07
da	O=0.9999970197677612|NORM_1WORD=2.3483671611757018e-06|NORM_2WORD=5.131867055752082e-07
mi	O=0.9999947547912598|NORM_1WORD=4.592378445522627e-06|NORM_2WORD=5.313114570526523e-07
se	O=0.999996542930603|NORM_1WORD=3.063928033952834e-06|NORM_2WORD=3.014083915786614e-07
skinu	O=0.9999935626983643|NORM_1WORD=5.743971541960491e-06|NORM_2WORD=4.982015866517031e-07
s	O=0.9999964237213135|NORM_1WORD=3.1675153877586126e-06|NORM_2WORD=3.844787670459482e-07
pičke	O=0.999433696269989|NORM_1WORD=0.000564365298487246|NORM_2WORD=1.7117013157985639e-06
sa	O=0.9999971389770508|NORM_1WORD=2.2793155949329957e-06|NORM_2WORD=4.97698522394785e-07
svojim	O=0.9999963045120239|NORM_1WORD=3.0796231840213295e-06|NORM_2WORD=5.355702796805417e-07
buržoaskim	O=0.9999680519104004|NORM_1WORD=3.098341039731167e-05|NORM_2WORD=7.16143745194131e-07
moralom	O=0.9999829530715942|NORM_1WORD=1.650586273171939e-05|NORM_2WORD=3.4856273600780696e-07
.	O=0.9999970197677612|NORM_1WORD=1.747065084600763e-06|NORM_2WORD=9.415385306965618e-07

vikend	O=0.9999905824661255|NORM_1WORD=8.433972652710509e-06|NORM_2WORD=7.004331905591243e-07
je	O=0.9999902248382568|NORM_1WORD=9.41092730499804e-06|NORM_2WORD=2.9455810590661713e-07
,	O=0.9999970197677612|NORM_1WORD=1.5322870012823842e-06|NORM_2WORD=1.1120007457066095e-06
znaci	NORM_1WORD=0.952599048614502|O=0.04739590361714363|NORM_2WORD=4.5803481043549255e-06
biće	O=0.9998677968978882|NORM_1WORD=0.00013149130973033607|NORM_2WORD=6.485565222646983e-07
alkohola	O=0.9999552965164185|NORM_1WORD=4.350511517259292e-05|NORM_2WORD=9.766998800841975e-07
,	O=0.9999966621398926|NORM_1WORD=1.672635903560149e-06|NORM_2WORD=1.282431185245514e-06
provoda	O=0.9999198913574219|NORM_1WORD=7.849680696381256e-05|NORM_2WORD=1.295102038056939e-06
i	O=0.9999940395355225|NORM_1WORD=5.275065632304177e-06|NORM_2WORD=5.438619723463489e-07
sexa	O=0.9975451827049255|NORM_1WORD=0.0024508151691406965|NORM_2WORD=3.4346005577390315e-06
.	O=0.9999970197677612|NORM_1WORD=1.5138965636651847e-06|NORM_2WORD=1.1250742772972444e-06

sve	O=0.9999767541885376|NORM_1WORD=2.1707985069951974e-05|NORM_2WORD=1.1505127304189955e-06
me	O=0.999996542930603|NORM_1WORD=3.1264864901459077e-06|NORM_2WORD=2.8834713816650037e-07
boli	O=0.9999686479568481|NORM_1WORD=2.9795222872053273e-05|NORM_2WORD=1.0718778185037081e-06
kurac	O=0.9736469388008118|NORM_1WORD=0.026347525417804718|NORM_2WORD=4.5931610657135025e-06
gde	O=0.9999929666519165|NORM_1WORD=4.90541196995764e-06|NORM_2WORD=1.6543842775718076e-06
ides	NORM_1WORD=0.9999305009841919|O=6.345309520838782e-05|NORM_2WORD=4.347652065916918e-06
sutra	O=0.9999964237213135|NORM_1WORD=2.8478903004725e-06|NORM_2WORD=5.891465661989059e-07
i	O=0.9999935626983643|NORM_1WORD=5.255114047031384e-06|NORM_2WORD=8.739115173739265e-07
s	O=0.9999967813491821|NORM_1WORD=2.5563952021911973e-06|NORM_2WORD=6.105428269620461e-07
kim	O=0.9999963045120239|NORM_1WORD=3.238801127736224e-06|NORM_2WORD=3.745338972294121e-07
ides	NORM_1WORD=0.9999356269836426|O=5.8367902965983376e-05|NORM_2WORD=4.380791324365418e-06
i	O=0.999990701675415|NORM_1WORD=7.783757610013708e-06|NORM_2WORD=1.0193732578045456e-06
u	O=0.9999921321868896|NORM_1WORD=7.3780747698037885e-06|NORM_2WORD=3.640774082214193e-07
koji	O=0.9999927282333374|NORM_1WORD=6.665341970801819e-06|NORM_2WORD=5.1372950338191e-07
kafic	NORM_1WORD=0.9999312162399292|O=6.574007420567796e-05|NORM_2WORD=2.4217990812758217e-06
pijete	O=0.9999827146530151|NORM_1WORD=1.667728429310955e-05|NORM_2WORD=4.950493917021959e-07
jedno	O=0.9999616146087646|NORM_1WORD=3.6270263080950826e-05|NORM_2WORD=1.798057155610877e-06
pice	NORM_1WORD=0.9992082715034485|O=0.0007858174503780901|NORM_2WORD=4.808518497156911e-06
jer	O=0.9999837875366211|NORM_1WORD=1.5506990166613832e-05|NORM_2WORD=4.784800466950401e-07
samo	O=0.9999943971633911|NORM_1WORD=4.504243861447321e-06|NORM_2WORD=8.230223897953692e-07
za	O=0.9999970197677612|NORM_1WORD=2.6291941139788833e-06|NORM_2WORD=2.7113566147818347e-07
to	O=0.9999822378158569|NORM_1WORD=1.5836218153708614e-05|NORM_2WORD=1.2905443327326793e-06
imate	O=0.9999939203262329|NORM_1WORD=4.5257193050929345e-06|NORM_2WORD=1.0243319366054493e-06
pare	O=0.9999792575836182|NORM_1WORD=1.895551395136863e-05|NORM_2WORD=1.2822255257560755e-06
i	O=0.9999862909317017|NORM_1WORD=1.199865982925985e-05|NORM_2WORD=1.1603370921875467e-06
idete	O=0.9999697208404541|NORM_1WORD=2.961350037367083e-05|NORM_2WORD=5.026498683946556e-07
da	O=0.9999939203262329|NORM_1WORD=5.612429504253669e-06|NORM_2WORD=4.0568920667283237e-07
bi	O=0.6972116827964783|NORM_1WORD=0.3027799427509308|NORM_2WORD=7.6018800427846145e-06
krali	O=0.9995929598808289|NORM_1WORD=0.00040613205055706203|NORM_2WORD=8.211071076402732e-07
wi-fi	O=0.9999799728393555|NORM_1WORD=1.9001879991265014e-05|NORM_2WORD=6.969056585148792e-07
.	O=0.9999964237213135|NORM_1WORD=2.5050992462638533e-06|NORM_2WORD=8.914556133277074e-07

nije	O=0.9999978542327881|NORM_1WORD=1.6187507299036952e-06|NORM_2WORD=3.3374081453985127e-07
bitno	O=0.9999967813491821|NORM_1WORD=2.725876129261451e-06|NORM_2WORD=3.0074548362790665e-07
da	O=0.9999978542327881|NORM_1WORD=1.6787280401331373e-06|NORM_2WORD=3.6156777127871464e-07
li	O=0.9999979734420776|NORM_1WORD=1.374690214106522e-06|NORM_2WORD=4.3614357991828e-07
je	O=0.9999920129776001|NORM_1WORD=7.68605968914926e-06|NORM_2WORD=2.2516182696108444e-07
pad	O=0.9999939203262329|NORM_1WORD=4.837021606363123e-06|NORM_2WORD=9.50749893036118e-07
,	O=0.9999945163726807|NORM_1WORD=3.0967230486567132e-06|NORM_2WORD=1.8306142237634049e-06
životni	O=0.9999932050704956|NORM_1WORD=6.12929352428182e-06|NORM_2WORD=5.228529289524886e-07
ili	O=0.9999732971191406|NORM_1WORD=2.6224119210382923e-05|NORM_2WORD=3.757936326564959e-07
sportski	O=0.9999951124191284|NORM_1WORD=4.291859568184009e-06|NORM_2WORD=4.711399981260911e-07
.	O=0.9999969005584717|NORM_1WORD=1.7318333220828208e-06|NORM_2WORD=1.085398139366589e-06

@fbulovic	O=0.9999977350234985|NORM_1WORD=1.7493288169134757e-06|NORM_2WORD=4.3619670009320544e-07
a	O=0.9999946355819702|NORM_1WORD=4.323431767261354e-06|NORM_2WORD=8.601282956988143e-07
rusija	O=0.9999204874038696|NORM_1WORD=7.867619569879025e-05|NORM_2WORD=7.739388934169256e-07
dolare	O=0.9997754693031311|NORM_1WORD=0.0002228734374511987|NORM_2WORD=1.254064954991918e-06
koje	O=0.9999713897705078|NORM_1WORD=2.7534455512068234e-05|NORM_2WORD=8.72054783940257e-07
dobija	O=0.9999775886535645|NORM_1WORD=2.098446748277638e-05|NORM_2WORD=1.1750350950023858e-06
za	O=0.9999954700469971|NORM_1WORD=4.285337126930244e-06|NORM_2WORD=2.207741118809281e-07
naftu	O=0.9999752044677734|NORM_1WORD=2.438017509120982e-05|NORM_2WORD=3.472852654340386e-07
kasnije	O=0.9999942779541016|NORM_1WORD=4.630523108062334e-06|NORM_2WORD=8.425492978858529e-07
pretvara	O=0.9999747276306152|NORM_1WORD=2.3203401724458672e-05|NORM_2WORD=1.6304882137774257e-06
u	O=0.9999935626983643|NORM_1WORD=5.8622740652936045e-06|NORM_2WORD=4.4794737164011167e-07
rublje	O=0.9999746084213257|NORM_1WORD=2.5136467229458503e-05|NORM_2WORD=2.5740240516824997e-07
.	O=0.9999972581863403|NORM_1WORD=1.5562658290946274e-06|NORM_2WORD=9.362335049445392e-07

i	O=0.9999970197677612|NORM_1WORD=2.340553010071744e-06|NORM_2WORD=4.6317254032146593e-07
smirim	O=0.9999821186065674|NORM_1WORD=1.7551410564919934e-05|NORM_2WORD=2.90519665213651e-07
živci	O=0.9999772310256958|NORM_1WORD=2.2145308321341872e-05|NORM_2WORD=4.823667154596478e-07
.	O=0.9999960660934448|NORM_2WORD=1.882688138721278e-06|NORM_1WORD=1.484003746554663e-06

sutra	O=0.9999973773956299|NORM_1WORD=1.9085473468294367e-06|NORM_2WORD=5.195239509703242e-07
će	O=0.9997757077217102|NORM_1WORD=0.00022182491375133395|NORM_2WORD=2.096154048558674e-06
svi	O=0.9999927282333374|NORM_1WORD=5.682436949427938e-06|NORM_2WORD=1.1841436844406417e-06
da	O=0.9999969005584717|NORM_1WORD=2.4875880626495928e-06|NORM_2WORD=4.462713718567102e-07
budu	O=0.9999803304672241|NORM_1WORD=1.848879583121743e-05|NORM_2WORD=8.131463573590736e-07
u	O=0.9999960660934448|NORM_1WORD=3.5371508602111135e-06|NORM_2WORD=3.0546033258360694e-07
fazonu	O=0.9999799728393555|NORM_1WORD=1.95737538888352e-05|NORM_2WORD=3.130834045350639e-07
imali	O=0.9999902248382568|NORM_1WORD=7.182865374488756e-06|NORM_2WORD=1.9325912035128567e-06
ste	O=0.9999834299087524|NORM_1WORD=1.598489143361803e-05|NORM_2WORD=4.490865705975011e-07
četiri	O=0.9999961853027344|NORM_1WORD=2.724122850850108e-06|NORM_2WORD=8.203845709431334e-07
dana	O=0.9999966621398926|NORM_1WORD=2.423769046799862e-06|NORM_2WORD=6.875583267174079e-07
da	O=0.999997615814209|NORM_1WORD=1.919516307680169e-06|NORM_2WORD=3.599492970352003e-07
naučite	O=0.999859094619751|NORM_1WORD=0.00013974022294860333|NORM_2WORD=9.6396877324878e-07
.	O=0.999996542930603|NORM_1WORD=1.7458318097851588e-06|NORM_2WORD=1.2850363191319047e-06

neće	O=0.9999951124191284|NORM_1WORD=3.0738217446923954e-06|NORM_2WORD=1.4264434184951824e-06
joj	O=0.9999957084655762|NORM_1WORD=3.6844853639195208e-06|NORM_2WORD=4.397889199481142e-07
spasti	O=0.9999744892120361|NORM_1WORD=2.463310374878347e-05|NORM_2WORD=7.531010055572551e-07
kruna	O=0.9999949932098389|NORM_1WORD=4.607285973179387e-06|NORM_2WORD=3.632273717357748e-07
.	O=0.9999961853027344|NORM_2WORD=1.8884786641137907e-06|NORM_1WORD=1.355615154352563e-06

zasto	NORM_1WORD=0.9999749660491943|O=1.2440171303751413e-05|NORM_2WORD=9.3109247245593e-06
svi	O=0.9999786615371704|NORM_1WORD=1.9160954252583906e-05|NORM_2WORD=1.5366958905360661e-06
klubovi	O=0.9999911785125732|NORM_1WORD=8.451134817732964e-06|NORM_2WORD=2.619426879846287e-07
posle	O=0.9999938011169434|NORM_1WORD=5.512820280273445e-06|NORM_2WORD=4.734301057851553e-07
losih	O=0.9855822920799255|NORM_1WORD=0.014416183345019817|NORM_2WORD=1.3815468946631881e-06
rezultata	O=0.9999629259109497|NORM_1WORD=3.4395790862618014e-05|NORM_2WORD=1.9072242594120326e-06
menjaju	O=0.9999802112579346|NORM_1WORD=1.9552451703930274e-05|NORM_2WORD=2.473521760748554e-07
trenere	O=0.9999774694442749|NORM_1WORD=2.212789695477113e-05|NORM_2WORD=3.4362193446213496e-07
.	O=0.9999974966049194|NORM_1WORD=1.3765918538410915e-06|NORM_2WORD=8.647720619592292e-07

tomo	O=0.7498118877410889|NORM_1WORD=0.2501784563064575|NORM_2WORD=8.273086677945685e-06
,	O=0.9999959468841553|NORM_1WORD=2.8267129437153926e-06|NORM_2WORD=1.0044699365607812e-06
posalji	NORM_1WORD=0.994934618473053|O=0.0050584725104272366|NORM_2WORD=6.222735919436673e-06
vise	NORM_1WORD=0.9999748468399048|O=1.820332181523554e-05|NORM_2WORD=5.391802460508188e-06
vex	NORM_1WORD=0.999442994594574|O=0.0005532699869945645|NORM_2WORD=3.1872586987446994e-06
pesic	NORM_1WORD=0.998980700969696|O=0.0010162608232349157|NORM_2WORD=2.792091891024029e-06
kao	O=0.9999746084213257|NORM_1WORD=2.377105556661263e-05|NORM_2WORD=1.3357995385376853e-06
ambasadora	O=0.9999598264694214|NORM_1WORD=3.9781756640877575e-05|NORM_2WORD=3.449067662586458e-07
u	O=0.9999904632568359|NORM_1WORD=8.911642908060458e-06|NORM_2WORD=4.4221414441381057e-07
neku	O=0.9999916553497314|NORM_1WORD=7.23132461644127e-06|NORM_2WORD=8.363110168829735e-07
daleku	O=0.999929666519165|NORM_1WORD=6.834519444964826e-05|NORM_2WORD=1.4187041870172834e-06
egzoticnu	NORM_1WORD=0.9999663829803467|O=2.881210639316123e-05|NORM_2WORD=4.12923191106529e-06
zemlju	O=0.9999740123748779|NORM_1WORD=2.3816832253942266e-05|NORM_2WORD=1.663887587710633e-06
da	O=0.9999948740005493|NORM_1WORD=4.644886757887434e-06|NORM_2WORD=3.038996396753646e-07
nam	O=0.9999960660934448|NORM_1WORD=3.4498132208682364e-06|NORM_2WORD=4.105477842131222e-07
se	O=0.9999940395355225|NORM_1WORD=5.632563897961518e-06|NORM_2WORD=2.17351612263883e-07
vise	NORM_1WORD=0.9999762773513794|O=1.7817010302678682e-05|NORM_2WORD=4.560904017125722e-06
skine	O=0.999975323677063|NORM_1WORD=2.3713289920124225e-05|NORM_2WORD=6.722209491272224e-07
sa	O=0.9999957084655762|NORM_1WORD=3.5679358916240744e-06|NORM_2WORD=6.180018203849613e-07
tv	O=0.993669331073761|NORM_1WORD=0.006317871622741222|NORM_2WORD=1.1379360330465715e-05
ekrana	O=0.9999886751174927|NORM_1WORD=1.0710968126659282e-05|NORM_2WORD=5.018293904868187e-07
i	O=0.9999942779541016|NORM_1WORD=4.907627044303808e-06|NORM_2WORD=5.745106363974628e-07
naslovnih	O=0.9999866485595703|NORM_1WORD=1.2887428056274075e-05|NORM_2WORD=3.901647858128854e-07
strana	O=0.999988317489624|NORM_1WORD=1.0275839485984761e-05|NORM_2WORD=1.0185593737332965e-06
.	O=0.9999969005584717|NORM_1WORD=2.1099144760228228e-06|NORM_2WORD=7.84212772941828e-07

sudeći	O=0.9999912977218628|NORM_1WORD=8.297364729514811e-06|NORM_2WORD=3.843022682303854e-07
po	O=0.9999946355819702|NORM_1WORD=4.923122105537914e-06|NORM_2WORD=3.278938436324097e-07
iscrpnom	O=0.9999600648880005|NORM_1WORD=3.832878064713441e-05|NORM_2WORD=1.1099699577243882e-06
izveštavanju	O=0.9999440908432007|NORM_1WORD=5.4523283324670047e-05|NORM_2WORD=1.0601869462334435e-06
o	O=0.9999957084655762|NORM_1WORD=3.711078306878335e-06|NORM_2WORD=4.291306936465844e-07
modnom	O=0.9999614953994751|NORM_1WORD=3.6732046282850206e-05|NORM_2WORD=1.2006620409010793e-06
blogovanju	O=0.9999456405639648|NORM_1WORD=5.302978024701588e-05|NORM_2WORD=9.593097729521105e-07
,	O=0.9999969005584717|NORM_1WORD=2.0303566543589113e-06|NORM_2WORD=8.206880011130124e-07
izgleda	O=0.9999949932098389|NORM_1WORD=3.83565793526941e-06|NORM_2WORD=9.832190244196681e-07
da	O=0.9999951124191284|NORM_1WORD=4.280075245333137e-06|NORM_2WORD=4.850822961088852e-07
druga	O=0.9999839067459106|NORM_1WORD=1.2821684322261717e-05|NORM_2WORD=2.8943352390342625e-06
predavanja	O=0.999982476234436|NORM_1WORD=1.6704752852092497e-05|NORM_2WORD=6.714914206895628e-07
nisu	O=0.9999903440475464|NORM_1WORD=8.427908142039087e-06|NORM_2WORD=8.500349508722138e-07
vredela	O=0.999991774559021|NORM_1WORD=7.703874871367589e-06|NORM_2WORD=5.086715191282565e-07
ni	O=0.999976396560669|NORM_1WORD=2.2050540792406537e-05|NORM_2WORD=1.1426154742366634e-06
po	O=0.999993085861206|NORM_1WORD=6.316654889815254e-06|NORM_2WORD=4.5365030132415995e-07
lule	O=0.999924898147583|NORM_1WORD=7.109989383025095e-05|NORM_2WORD=3.4045053780573653e-06
duvana	O=0.9998323917388916|NORM_1WORD=0.00016639012028463185|NORM_2WORD=1.1188622011104599e-06
,	O=0.9999958276748657|NORM_1WORD=2.3610728021594696e-06|NORM_2WORD=1.3641872556036105e-06
hvala	O=0.9999833106994629|NORM_1WORD=1.4440181075769942e-05|NORM_2WORD=1.717300619930029e-06
vam	O=0.9999895095825195|NORM_1WORD=9.69816028373316e-06|NORM_2WORD=5.874335897715355e-07
.	O=0.9999970197677612|NORM_1WORD=2.0992508780182106e-06|NORM_2WORD=6.745615905856539e-07

cast	NORM_1WORD=0.9999793767929077|O=1.2527457329269964e-05|NORM_2WORD=6.43937028144137e-06
mi	O=0.9999927282333374|NORM_1WORD=6.628152732446324e-06|NORM_2WORD=4.910566531179938e-07
je	O=0.9999933242797852|NORM_1WORD=6.246358225325821e-06|NORM_2WORD=3.420958307742694e-07
i	O=0.9999877214431763|NORM_1WORD=1.14922104330617e-05|NORM_2WORD=5.957882081020216e-07
sto	NORM_1WORD=0.9999605417251587|NORM_2WORD=1.880404306575656e-05|O=1.2838171642215457e-05
saradjujem	NORM_1WORD=0.9999786615371704|O=1.5015685676189605e-05|NORM_2WORD=4.944003649143269e-06
sa	O=0.9999967813491821|NORM_1WORD=2.779533360808273e-06|NORM_2WORD=4.1533641592650383e-07
mladim	O=0.9999518394470215|NORM_1WORD=4.564780829241499e-05|NORM_2WORD=1.8625253233039984e-06
,	O=0.9999837875366211|NORM_1WORD=1.3321307960723061e-05|NORM_2WORD=2.192057081629173e-06
nepoznatim	O=0.9999707937240601|NORM_1WORD=2.86818431050051e-05|NORM_2WORD=3.9301693277593586e-07
ljudima	O=0.9999645948410034|NORM_1WORD=3.262356040067971e-05|NORM_2WORD=1.7652499764153617e-06
.	O=0.999996542930603|NORM_1WORD=1.9176734440407017e-06|NORM_2WORD=1.2417899597494397e-06

ubili	O=0.9999918937683105|NORM_1WORD=7.759552318020724e-06|NORM_2WORD=2.461441397372255e-07
su	O=0.9999939203262329|NORM_1WORD=5.716028226743219e-06|NORM_2WORD=2.8304361876507755e-07
ženu	O=0.9999951124191284|NORM_1WORD=4.409656412462937e-06|NORM_2WORD=3.899664307027706e-07
.	O=0.9999969005584717|NORM_1WORD=1.3932456113252556e-06|NORM_2WORD=1.3097945839035674e-06

i	O=0.9999947547912598|NORM_1WORD=4.762679054692853e-06|NORM_2WORD=3.4316349228902254e-07
to	O=0.9999721050262451|NORM_1WORD=2.639921149238944e-05|NORM_2WORD=1.0882422429858707e-06
vas	O=0.9999898672103882|NORM_1WORD=9.22788694879273e-06|NORM_2WORD=7.818385938662686e-07
izjeda	O=0.999890923500061|NORM_1WORD=0.00010738747369032353|NORM_2WORD=1.4122157381279976e-06
.	O=0.9999963045120239|NORM_2WORD=1.7116361732405494e-06|NORM_1WORD=1.505857881056727e-06

otvorim	O=0.9999963045120239|NORM_1WORD=3.243347919124062e-06|NORM_2WORD=3.073184871027479e-07
youtube	O=0.9999706745147705|NORM_1WORD=2.52942609222373e-05|NORM_2WORD=3.2909695164562436e-06
search	O=0.9998555183410645|NORM_1WORD=0.00013824886991642416|NORM_2WORD=5.460537522594677e-06
u	O=0.9999955892562866|NORM_1WORD=3.969852514273953e-06|NORM_2WORD=3.347696804212319e-07
novom	O=0.9999847412109375|NORM_1WORD=1.4084241229284089e-05|NORM_2WORD=8.761903700360563e-07
tabu	O=0.9996285438537598|NORM_1WORD=0.000340361992130056|NORM_2WORD=2.655282150954008e-05
i	O=0.9999964237213135|NORM_1WORD=3.107541942881653e-06|NORM_2WORD=3.66430214171487e-07
tako	O=0.9999849796295166|NORM_1WORD=1.4039855159353465e-05|NORM_2WORD=7.261091354848759e-07
mi	O=0.9999966621398926|NORM_1WORD=2.864282578229904e-06|NORM_2WORD=4.127020361011091e-07
bleji	O=0.9999351501464844|NORM_1WORD=6.424551247619092e-05|NORM_2WORD=4.35093426176536e-07
jedno	O=0.9999897480010986|NORM_1WORD=8.140078534779605e-06|NORM_2WORD=1.6805950053822016e-06
pola	O=0.9999974966049194|NORM_1WORD=2.010055368373287e-06|NORM_2WORD=4.021123061193066e-07
sata	O=0.9999970197677612|NORM_1WORD=2.340526179978042e-06|NORM_2WORD=4.296218492072512e-07
i	O=0.9999972581863403|NORM_1WORD=2.164844090657425e-06|NORM_2WORD=4.3874229049833957e-07
posle	O=0.9999943971633911|NORM_1WORD=4.8716428864281625e-06|NORM_2WORD=4.7943609615686e-07
se	O=0.9999977350234985|NORM_1WORD=1.9495325886964565e-06|NORM_2WORD=2.2491717288630753e-07
pitam	O=0.9999953508377075|NORM_1WORD=3.990097411588067e-06|NORM_2WORD=4.548639083168382e-07
što	O=0.9999876022338867|NORM_1WORD=1.0726494110713247e-05|NORM_2WORD=1.271944711334072e-06
ne	O=0.9999964237213135|NORM_1WORD=2.911313913500635e-06|NORM_2WORD=5.029884277973906e-07
ide	O=0.9999948740005493|NORM_1WORD=4.46662033937173e-06|NORM_2WORD=4.771665658154234e-07
muzika	O=0.9999492168426514|NORM_1WORD=4.7253310185624287e-05|NORM_2WORD=2.828867764037568e-06
.	O=0.9999959468841553|NORM_1WORD=2.2564972823602147e-06|NORM_2WORD=1.2669336229009787e-06

totalno	O=0.9999748468399048|NORM_1WORD=2.447047518217005e-05|NORM_2WORD=4.990614570488106e-07
sam	O=0.9999935626983643|NORM_1WORD=6.02319687459385e-06|NORM_2WORD=3.008764792866714e-07
nesuptilno	O=0.999937891960144|NORM_1WORD=6.0952490457566455e-05|NORM_2WORD=8.417500794166699e-07
rekao	O=0.9999649524688721|NORM_1WORD=3.2082461984828115e-05|NORM_2WORD=2.2163510493555805e-06
ujaku	O=0.8605429530143738|NORM_1WORD=0.1394149661064148|NORM_2WORD=3.282161560491659e-05
mi	O=0.9999912977218628|NORM_1WORD=8.282532689918298e-06|NORM_2WORD=3.4115552693947393e-07
treba	O=0.9999912977218628|NORM_1WORD=7.792741598677821e-06|NORM_2WORD=6.90989111262752e-07
novi	O=0.9999933242797852|NORM_1WORD=6.004847818985581e-06|NORM_2WORD=5.07658512560738e-07
mobitel	O=0.9999804496765137|NORM_1WORD=1.8498956706025638e-05|NORM_2WORD=6.831438668086776e-07
,	O=0.9999951124191284|NORM_1WORD=3.186741878380417e-06|NORM_2WORD=1.257152348443924e-06
ali	O=0.9999905824661255|NORM_1WORD=8.224556040659081e-06|NORM_2WORD=7.830994945834391e-07
sam	O=0.9999922513961792|NORM_1WORD=7.2144935074902605e-06|NORM_2WORD=4.0433860704069957e-07
zaboravio	O=0.9999626874923706|NORM_1WORD=3.617792754084803e-05|NORM_2WORD=8.384956231566321e-07
naglasim	O=0.9999568462371826|NORM_1WORD=4.268280463293195e-05|NORM_2WORD=3.045333301088249e-07
model	O=0.999934196472168|NORM_1WORD=6.190302519826218e-05|NORM_2WORD=2.6269287900504423e-06
.	O=0.9999970197677612|NORM_1WORD=2.059307689705747e-06|NORM_2WORD=7.417616529892257e-07

neke	O=0.9999920129776001|NORM_1WORD=6.7492078414943535e-06|NORM_2WORD=8.929816317504446e-07
osobe	O=0.9999817609786987|NORM_1WORD=1.6480220438097604e-05|NORM_2WORD=1.2989030437893234e-06
svojim	O=0.9999958276748657|NORM_1WORD=3.5761015624302672e-06|NORM_2WORD=4.4609475935430964e-07
glupim	O=0.9999661445617676|NORM_1WORD=3.269627268309705e-05|NORM_2WORD=8.843784371492802e-07
ponasanjem	NORM_1WORD=0.9996103644371033|O=0.00038720047450624406|NORM_2WORD=2.082597802655073e-06
eliminisu	O=0.6862620711326599|NORM_1WORD=0.31373319029808044|NORM_2WORD=4.241047918185359e-06
sebe	O=0.9999966621398926|NORM_1WORD=2.897020522141247e-06|NORM_2WORD=3.935341794658598e-07
iz	O=0.9999954700469971|NORM_1WORD=3.686959189508343e-06|NORM_2WORD=5.928648079134291e-07
tvog	O=0.9999725818634033|NORM_1WORD=2.6414307285449468e-05|NORM_2WORD=8.297339491036837e-07
zivota	NORM_1WORD=0.999962329864502|O=3.304444908280857e-05|NORM_2WORD=3.7302675082173664e-06
ustedevsi	NORM_1WORD=0.9999493360519409|O=4.2099174606846645e-05|NORM_2WORD=6.592562840523897e-06
ti	O=0.9999958276748657|NORM_1WORD=3.5060743357462343e-06|NORM_2WORD=5.215301257521787e-07
tako	O=0.999957799911499|NORM_1WORD=4.08527375839185e-05|NORM_2WORD=1.0765294291559258e-06
dragoceno	NORM_1WORD=0.9999231100082397|O=7.349192310357466e-05|NORM_2WORD=2.749590294115478e-06
vreme	O=0.9999947547912598|NORM_1WORD=4.779464688908774e-06|NORM_2WORD=3.257234197917569e-07
i	O=0.9999896287918091|NORM_1WORD=9.631439752411097e-06|NORM_2WORD=5.486429017764749e-07
ostavljajuci	NORM_1WORD=0.9999455213546753|O=4.9327842134516686e-05|NORM_2WORD=4.222822553856531e-06
mesto	O=0.9999749660491943|NORM_1WORD=2.391798625467345e-05|NORM_2WORD=9.80808408712619e-07
za	O=0.9999927282333374|NORM_1WORD=6.3708412199048325e-06|NORM_2WORD=6.634738838329213e-07
druge	O=0.9999933242797852|NORM_1WORD=5.718205102311913e-06|NORM_2WORD=6.712195954605704e-07
i	O=0.9999897480010986|NORM_1WORD=9.583494829712436e-06|NORM_2WORD=5.360123509490222e-07
bolje	O=0.9999600648880005|NORM_1WORD=3.9365870179608464e-05|NORM_2WORD=5.304060550770373e-07
.	O=0.9999967813491821|NORM_1WORD=2.0194263470330043e-06|NORM_2WORD=9.73625787992205e-07

tad	O=0.9999973773956299|NORM_1WORD=1.9068498886554153e-06|NORM_2WORD=5.322236233951116e-07
nastupaju	O=0.999997615814209|NORM_1WORD=1.9055049733651686e-06|NORM_2WORD=4.128763748667552e-07
muve	O=0.9998987913131714|NORM_1WORD=0.00010050842683995143|NORM_2WORD=5.5709188018227e-07
i	O=0.9999974966049194|NORM_1WORD=1.8182975054514827e-06|NORM_2WORD=5.128048883307201e-07
crvi	O=0.9999936819076538|NORM_1WORD=5.817408236907795e-06|NORM_2WORD=3.8570209426325164e-07

mrzim	O=0.9999967813491821|NORM_1WORD=2.835122586475336e-06|NORM_2WORD=2.838903299107187e-07
kad'	NORM_1WORD=0.9961125254631042|O=0.0034803831949830055|NORM_2WORD=0.0003554016584530473
sanjam	O=0.9999474287033081|NORM_1WORD=5.087591489427723e-05|NORM_2WORD=1.372634869767353e-06
nešto	O=0.9999905824661255|NORM_1WORD=7.0839882937434595e-06|NORM_2WORD=1.7421292568542412e-06
interesantno	O=0.9999929666519165|NORM_1WORD=6.4103901422640774e-06|NORM_2WORD=4.51805817647255e-07
,	O=0.9999945163726807|NORM_1WORD=2.6056213755509816e-06|NORM_2WORD=2.152648221454001e-06
pa	O=0.9999960660934448|NORM_1WORD=3.071896344408742e-06|NORM_2WORD=6.165321337903151e-07
se	O=0.9999983310699463|NORM_1WORD=1.1793796375059173e-06|NORM_2WORD=4.120730636714143e-07
iscimam	O=0.9999860525131226|NORM_1WORD=1.3156474778952543e-05|NORM_2WORD=5.728143719352374e-07
i	O=0.999997615814209|NORM_1WORD=1.764895841915859e-06|NORM_2WORD=5.160418368177488e-07
probudim	O=0.9999972581863403|NORM_1WORD=2.2963056380831404e-06|NORM_2WORD=3.4570643947517965e-07
i	O=0.9999961853027344|NORM_1WORD=3.0291178063635016e-06|NORM_2WORD=6.519738349197723e-07
onda	O=0.9999969005584717|NORM_1WORD=2.146505721611902e-06|NORM_2WORD=7.580097758363991e-07
ne	O=0.9999980926513672|NORM_1WORD=1.277005821975763e-06|NORM_2WORD=5.297280836202845e-07
znam	O=0.9999972581863403|NORM_1WORD=1.875833390840853e-06|NORM_2WORD=6.483701895376726e-07
šta	O=0.9999967813491821|NORM_1WORD=2.167104867112357e-06|NORM_2WORD=8.912332418731239e-07
bi	O=0.9999970197677612|NORM_1WORD=2.692732323339442e-06|NORM_2WORD=2.8031607257616997e-07
se	O=0.9999978542327881|NORM_1WORD=1.6092521946120542e-06|NORM_2WORD=5.107347078592284e-07
dalje	O=0.9999972581863403|NORM_1WORD=1.760412146722956e-06|NORM_2WORD=7.125987622202956e-07
događalo	O=0.9999949932098389|NORM_1WORD=4.250672645866871e-06|NORM_2WORD=5.382999006542377e-07
.	O=0.9999967813491821|NORM_1WORD=1.534687953608227e-06|NORM_2WORD=1.271112409995112e-06

pokrenuo	O=0.999993085861206|NORM_1WORD=6.492415195680223e-06|NORM_2WORD=3.844070590730553e-07
sam	O=0.9999971389770508|NORM_1WORD=2.342395646337536e-06|NORM_2WORD=3.785131639233441e-07
par	O=0.9999959468841553|NORM_1WORD=3.5221073630964383e-06|NORM_2WORD=3.9240660498762736e-07
projekata	O=0.9999868869781494|NORM_1WORD=1.1504415851959493e-05|NORM_2WORD=1.1597315960898413e-06
,	O=0.9999955892562866|NORM_1WORD=2.063686906694784e-06|NORM_2WORD=1.715400003376999e-06
prvi	O=0.9999796152114868|NORM_1WORD=1.8048163838102482e-05|NORM_2WORD=1.5369932953035459e-06
je	O=0.9999971389770508|NORM_1WORD=2.574284962975071e-06|NORM_2WORD=2.2138503652513464e-07
gotov	O=0.9999903440475464|NORM_1WORD=9.376821253681555e-06|NORM_2WORD=2.0168258174635412e-07
za	O=0.9999984502792358|NORM_1WORD=1.0993898058586637e-06|NORM_2WORD=4.1680127083054685e-07
manje	O=0.9999961853027344|NORM_1WORD=2.9719972189923283e-06|NORM_2WORD=6.547591056005331e-07
od	O=0.9999970197677612|NORM_1WORD=2.5640085823397385e-06|NORM_2WORD=3.4343142374382296e-07
mesec	O=0.9999972581863403|NORM_1WORD=1.8517316675570328e-06|NORM_2WORD=6.776941745556542e-07
dana	O=0.9999973773956299|NORM_1WORD=1.7743901707945042e-06|NORM_2WORD=6.20279081431363e-07
....	O=0.9999963045120239|NORM_1WORD=1.9738047285500215e-06|NORM_2WORD=1.2999665841562091e-06

što	O=0.9999921321868896|NORM_1WORD=6.7288806349097285e-06|NORM_2WORD=8.229561672123964e-07
je	O=0.9999961853027344|NORM_1WORD=3.382955583219882e-06|NORM_2WORD=3.423549514991464e-07
potpuna	O=0.999996542930603|NORM_1WORD=2.484850938344607e-06|NORM_2WORD=7.454644901372376e-07
realnost	O=0.9999940395355225|NORM_1WORD=5.1410002015472855e-06|NORM_2WORD=5.477304512169212e-07
.	O=0.999996542930603|NORM_2WORD=1.6356805190298473e-06|NORM_1WORD=1.3994800838190713e-06

loše	O=0.9999891519546509|NORM_1WORD=8.993629307951778e-06|NORM_2WORD=1.3503540685633197e-06
obrazloženje	O=0.9999754428863525|NORM_1WORD=2.3627600967301987e-05|NORM_2WORD=7.743535093140963e-07
za	O=0.9999974966049194|NORM_1WORD=2.180203409807291e-06|NORM_2WORD=1.9557097630240605e-07
razrešenje	O=0.9998038411140442|NORM_1WORD=0.0001955095212906599|NORM_2WORD=5.420002935352386e-07
monaha	O=0.9999932050704956|NORM_1WORD=5.905631041969173e-06|NORM_2WORD=7.120619329725741e-07
koji	O=0.9999972581863403|NORM_1WORD=2.4221114927058807e-06|NORM_2WORD=2.763552515716583e-07
je	O=0.9999963045120239|NORM_1WORD=3.3699730010994244e-06|NORM_2WORD=2.1504904168523353e-07
trgovao	O=0.9999949932098389|NORM_1WORD=4.6080326683295425e-06|NORM_2WORD=3.0765150427214394e-07
snimkom	O=0.9999686479568481|NORM_1WORD=3.0745835829293355e-05|NORM_2WORD=4.2715475956356386e-07
.	O=0.9999967813491821|NORM_1WORD=1.4299108670456917e-06|NORM_2WORD=1.3498107591658481e-06

@aco_mvp	O=0.9999978542327881|NORM_1WORD=1.2911949625049601e-06|NORM_2WORD=6.824238312219677e-07
sabija	O=0.9999923706054688|NORM_1WORD=7.2135726441047154e-06|NORM_2WORD=3.150335032842122e-07
odbranu	O=0.999992847442627|NORM_1WORD=6.7557243710325565e-06|NORM_2WORD=2.9765408271487104e-07
,	O=0.9999964237213135|NORM_2WORD=1.8684704627958126e-06|NORM_1WORD=9.856717042566743e-07
poene	O=0.9999871253967285|NORM_1WORD=1.1569619346118998e-05|NORM_2WORD=9.261509603675222e-07
nema	O=0.9999966621398926|NORM_1WORD=2.1090288555569714e-06|NORM_2WORD=8.73069609497179e-07
jer	O=0.9999963045120239|NORM_1WORD=2.906467216234887e-06|NORM_2WORD=5.459804128804535e-07
nema	O=0.9999973773956299|NORM_1WORD=1.6667296449668356e-06|NORM_2WORD=6.556572316185338e-07
ni	O=0.9999872446060181|NORM_1WORD=1.1634958354989067e-05|NORM_2WORD=8.22890967810963e-07
lopti	O=0.9999916553497314|NORM_1WORD=7.900832315499429e-06|NORM_2WORD=3.676399273899733e-07
toliko	O=0.999994158744812|NORM_1WORD=4.9852815209305845e-06|NORM_2WORD=6.649120791735186e-07
.	O=0.9999971389770508|NORM_1WORD=1.2788399317287258e-06|NORM_2WORD=1.166768129223783e-06

najgori	O=0.9919135570526123|NORM_1WORD=0.008080046623945236|NORM_2WORD=4.917054411635036e-06
prema	O=0.9999814033508301|NORM_1WORD=1.796179094526451e-05|NORM_2WORD=5.203184514357417e-07
najugrozenijima	NORM_1WORD=0.9990463852882385|O=0.0009489649091847241|NORM_2WORD=4.198098395136185e-06

aj	NORM_1WORD=0.9997723698616028|O=0.0001609817991266027|NORM_2WORD=4.426125451573171e-05
ti	O=0.9999903440475464|NORM_1WORD=8.85978079168126e-06|NORM_2WORD=6.495459956568084e-07
darko	O=0.9966589212417603|NORM_1WORD=0.0033389939926564693|NORM_2WORD=1.8006962818617467e-06
sad	O=0.9999947547912598|NORM_1WORD=4.372122930362821e-06|NORM_2WORD=6.560056817761506e-07
polako	O=0.9999853372573853|NORM_1WORD=1.391434943798231e-05|NORM_2WORD=6.025798597875109e-07
sve	O=0.9998950958251953|NORM_1WORD=0.00010280022252118215|NORM_2WORD=1.7230842104254407e-06
iz	O=0.999992847442627|NORM_1WORD=6.497183221654268e-06|NORM_2WORD=4.988572754882625e-07
pocetka	NORM_1WORD=0.9998859167098999|O=0.00010648287570802495|NORM_2WORD=6.0847137319797184e-06
.	O=0.9999961853027344|NORM_1WORD=2.0940906324540265e-06|NORM_2WORD=1.3095988151690108e-06

imam	O=0.999996542930603|NORM_1WORD=2.3762474938848754e-06|NORM_2WORD=7.395038323920744e-07
utisak	O=0.9999822378158569|NORM_1WORD=1.7476133507443592e-05|NORM_2WORD=2.741555817920016e-07
da	O=0.999997615814209|NORM_1WORD=2.002593419092591e-06|NORM_2WORD=3.1462627703149337e-07
sam	O=0.9999977350234985|NORM_1WORD=1.759687734192994e-06|NORM_2WORD=3.276697668752604e-07
ja	O=0.9999974966049194|NORM_1WORD=1.7636607481108513e-06|NORM_2WORD=5.91638070090994e-07
jedina	O=0.9999958276748657|NORM_1WORD=3.2855800782272127e-06|NORM_2WORD=7.623623901054088e-07
vaga	O=0.9999139308929443|NORM_1WORD=8.560786227462813e-05|NORM_2WORD=3.982411271863384e-07
koja	O=0.999997615814209|NORM_1WORD=1.7715786952976487e-06|NORM_2WORD=4.846756951337738e-07
u	O=0.9999974966049194|NORM_1WORD=2.018130317082978e-06|NORM_2WORD=3.202587777195731e-07
životu	O=0.9999964237213135|NORM_1WORD=2.8489469059422845e-06|NORM_2WORD=6.022521006343595e-07
nije	O=0.9999963045120239|NORM_1WORD=3.0448159122897778e-06|NORM_2WORD=4.978543302058824e-07
donela	O=0.999994158744812|NORM_1WORD=5.06495189256384e-06|NORM_2WORD=5.543656129702867e-07
odluku	O=0.9999867677688599|NORM_1WORD=7.867327440180816e-06|NORM_2WORD=3.5921891594625777e-06
bez	O=0.9999972581863403|NORM_1WORD=2.1701398509321734e-06|NORM_2WORD=4.643181341634772e-07
previše	O=0.9999905824661255|NORM_1WORD=7.510220257245237e-06|NORM_2WORD=1.3340943496586988e-06
dvoumljenja	O=0.9999474287033081|NORM_1WORD=5.177042476134375e-05|NORM_2WORD=5.987871531942801e-07

posle	O=0.999995231628418|NORM_1WORD=3.7195839013293153e-06|NORM_2WORD=7.396115506708156e-07
javašluka	O=0.8889883756637573|NORM_1WORD=0.11099620908498764|NORM_2WORD=1.3874732758267783e-05
sa	O=0.9999979734420776|NORM_1WORD=1.2670520845858846e-06|NORM_2WORD=5.568793994825683e-07
računima	O=0.9999701976776123|NORM_1WORD=2.9330454708542675e-05|NORM_2WORD=3.160972994464828e-07
,	O=0.9999938011169434|NORM_1WORD=3.4473355299269315e-06|NORM_2WORD=1.8586234773465549e-06
problemi	O=0.9999759197235107|NORM_1WORD=2.279390173498541e-05|NORM_2WORD=1.0027958978753304e-06
i	O=0.9999881982803345|NORM_1WORD=1.1333645488775801e-05|NORM_2WORD=3.41670869374866e-07
sa	O=0.9999977350234985|NORM_1WORD=1.441322183381999e-06|NORM_2WORD=6.242570975700801e-07
kvalitetom	O=0.9999924898147583|NORM_1WORD=7.0318033067451324e-06|NORM_2WORD=3.6370377642924723e-07
gasa	O=0.9999735355377197|NORM_1WORD=2.504486656107474e-05|NORM_2WORD=1.0181529432884417e-06

i	O=0.999997615814209|NORM_1WORD=1.7974822412725189e-06|NORM_2WORD=5.252932737676019e-07
tako	O=0.9999964237213135|NORM_1WORD=2.7620344553724863e-06|NORM_2WORD=6.216239967216097e-07
4	O=0.9999921321868896|NORM_1WORD=4.4000448724546e-06|NORM_2WORD=2.7516846330399858e-06
godine	O=0.9999959468841553|NORM_1WORD=2.242890786874341e-06|NORM_2WORD=1.2655955288209952e-06
.	O=0.9999960660934448|NORM_2WORD=2.013325229199836e-06|NORM_1WORD=1.3486181842381484e-06

danas	O=0.9999972581863403|NORM_1WORD=1.8639497056938126e-06|NORM_2WORD=6.414499580387201e-07
bih	O=0.999993085861206|NORM_1WORD=6.315685368463164e-06|NORM_2WORD=4.912357667308243e-07
konačno	O=0.9999958276748657|NORM_1WORD=3.4124964258808177e-06|NORM_2WORD=6.405473413906293e-07
mogla	O=0.9999423027038574|NORM_1WORD=5.4828640713822097e-05|NORM_2WORD=2.390622285020072e-06
i	O=0.9999936819076538|NORM_1WORD=5.742433131672442e-06|NORM_2WORD=5.064324568593292e-07
da	O=0.999997615814209|NORM_1WORD=1.8092338223141269e-06|NORM_2WORD=5.014352950638568e-07
napišem	O=0.9999910593032837|NORM_1WORD=7.95422511146171e-06|NORM_2WORD=6.90612182552286e-07
koji	O=0.9999923706054688|NORM_1WORD=6.538240995723754e-06|NORM_2WORD=7.82785889441584e-07
redak	O=0.9999802112579346|NORM_1WORD=1.9159377188771032e-05|NORM_2WORD=4.814007183995272e-07
...	O=0.9999953508377075|NORM_1WORD=3.3100625387305627e-06|NORM_2WORD=9.341189297629171e-07
nema	O=0.9999961853027344|NORM_1WORD=2.7724047413357766e-06|NORM_2WORD=7.702597031311598e-07
veze	O=0.9999929666519165|NORM_1WORD=5.824232175655197e-06|NORM_2WORD=8.48830950417323e-07
što	O=0.9999836683273315|NORM_1WORD=1.542780410090927e-05|NORM_2WORD=6.623729404964251e-07
sam	O=0.9999966621398926|NORM_1WORD=2.5844055926427245e-06|NORM_2WORD=5.199190695748257e-07
"	O=0.9999961853027344|NORM_1WORD=2.5487277071079006e-06|NORM_2WORD=9.451795222048531e-07
zaglavljena	O=0.9999915361404419|NORM_1WORD=8.056814294832293e-06|NORM_2WORD=3.820367737716879e-07
"	O=0.9999896287918091|NORM_1WORD=9.464094546274282e-06|NORM_2WORD=7.115136213542428e-07
već	O=0.9999969005584717|NORM_1WORD=2.0253401089576073e-06|NORM_2WORD=8.058228786467225e-07
neko	O=0.999997615814209|NORM_1WORD=1.7401671357220039e-06|NORM_2WORD=4.484338660404319e-07
vreme	O=0.9999971389770508|NORM_1WORD=2.1537771317525767e-06|NORM_2WORD=4.2372991515549074e-07
...	O=0.9999959468841553|NORM_1WORD=2.793753992591519e-06|NORM_2WORD=8.492577876495488e-07

neostvarene	O=0.9998939037322998|NORM_1WORD=0.00010505712998565286|NORM_2WORD=8.779483664511645e-07
snove	O=0.9999690055847168|NORM_1WORD=3.008653766300995e-05|NORM_2WORD=7.213180310827738e-07
umem	O=0.9999758005142212|NORM_1WORD=2.3506199795519933e-05|NORM_2WORD=4.46957926669711e-07
i	O=0.999994158744812|NORM_1WORD=5.196037818677723e-06|NORM_2WORD=4.6288556632134714e-07
ja	O=0.9999959468841553|NORM_1WORD=3.521284270391334e-06|NORM_2WORD=4.221209053412167e-07
da	O=0.9999927282333374|NORM_1WORD=6.6481893554737326e-06|NORM_2WORD=5.164627623344131e-07
čuvam	O=0.9999840259552002|NORM_1WORD=1.5237459592754021e-05|NORM_2WORD=6.132754037935229e-07
.	O=0.9999971389770508|NORM_1WORD=1.331911448687606e-06|NORM_2WORD=1.1943994877583464e-06

u	O=0.9999721050262451|NORM_1WORD=2.728166691667866e-05|NORM_2WORD=4.2791953092091717e-07
kladionicama	O=0.9997881054878235|NORM_1WORD=0.00021111484966240823|NORM_2WORD=6.133132046670653e-07
se	O=0.999983549118042|NORM_1WORD=1.6163296095328405e-05|NORM_2WORD=2.427236154289858e-07
vrsi	NORM_1WORD=0.7518694996833801|O=0.24811942875385284|NORM_2WORD=9.573753231961746e-06
preraspodela	O=0.9999328851699829|NORM_1WORD=6.573667633347213e-05|NORM_2WORD=1.031755573421833e-06
naseg	NORM_1WORD=0.9153883457183838|O=0.08459779620170593|NORM_2WORD=1.2985738976567518e-05
siromastva	O=0.8129680156707764|NORM_1WORD=0.1870238184928894|NORM_2WORD=7.362782980635529e-06
.	O=0.9999966621398926|NORM_1WORD=2.5324206944787875e-06|NORM_2WORD=6.547132329615124e-07

o	O=0.9999979734420776|NORM_1WORD=1.3773817499895813e-06|NORM_2WORD=4.942318696521397e-07
privatnom	O=0.9999798536300659|NORM_1WORD=1.9856373910442926e-05|NORM_2WORD=2.3121410208659654e-07
racunu	NORM_1WORD=0.9992843270301819|O=0.0007134057814255357|NORM_2WORD=1.8799563576976652e-06
?	O=0.9999963045120239|NORM_1WORD=1.7122565623139963e-06|NORM_2WORD=1.5967539184202906e-06

a	O=0.9999932050704956|NORM_1WORD=5.810807579109678e-06|NORM_2WORD=8.553678867428971e-07
da	O=0.9999942779541016|NORM_1WORD=4.817884928343119e-06|NORM_2WORD=7.521039151470177e-07
ih	O=0.9999927282333374|NORM_1WORD=6.364416094584158e-06|NORM_2WORD=6.644528411925421e-07
jebeno	O=0.9999974966049194|NORM_1WORD=2.234475687146187e-06|NORM_2WORD=2.8340147650851577e-07
obrises	NORM_1WORD=0.9999711513519287|O=1.99237674678443e-05|NORM_2WORD=6.788573500671191e-06
iz	O=0.9999901056289673|NORM_1WORD=8.940940460888669e-06|NORM_2WORD=7.286815844054217e-07
prijatelja	O=0.9999933242797852|NORM_1WORD=4.889179763267748e-06|NORM_2WORD=1.4687429938931018e-06
?	O=0.9999958276748657|NORM_1WORD=2.5346389520564117e-06|NORM_2WORD=1.15366606223688e-06

traje	O=0.9999960660934448|NORM_1WORD=3.468130898909294e-06|NORM_2WORD=3.836464372852788e-07
svetsko	O=0.999994158744812|NORM_1WORD=5.533148396352772e-06|NORM_2WORD=2.436359807234112e-07
prvenstvo	O=0.9999963045120239|NORM_1WORD=3.0741039154236205e-06|NORM_2WORD=4.985660666534386e-07
u	O=0.9999972581863403|NORM_1WORD=2.384109848208027e-06|NORM_2WORD=2.897708668569976e-07
padobranstvu	O=0.9999881982803345|NORM_1WORD=1.1185602488694713e-05|NORM_2WORD=4.2999309357583115e-07
u	O=0.9999978542327881|NORM_1WORD=1.8207031189376721e-06|NORM_2WORD=2.818141240368277e-07
banja	O=0.999994158744812|NORM_1WORD=5.712132860935526e-06|NORM_2WORD=1.7676697439128475e-07
luci	O=0.9999750852584839|NORM_1WORD=2.4179649699362926e-05|NORM_2WORD=5.668564995175984e-07
.	O=0.9999972581863403|NORM_1WORD=1.3732885690842522e-06|NORM_2WORD=1.0222254331893055e-06

o	O=0.9999734163284302|NORM_1WORD=2.6000323487096466e-05|NORM_2WORD=4.5577621676784474e-07
,	O=0.9999945163726807|NORM_1WORD=3.598663170123473e-06|NORM_2WORD=1.3961366676085163e-06
koju	O=0.999994158744812|NORM_1WORD=4.090094535058597e-06|NORM_2WORD=1.3457583918352611e-06
joj	O=0.999996542930603|NORM_1WORD=3.0688174774695653e-06|NORM_2WORD=3.011121521012683e-07
kaznu	O=0.723597526550293|NORM_1WORD=0.27638667821884155|NORM_2WORD=1.3182539987610653e-05
dodeliti	O=0.9999510049819946|NORM_1WORD=4.757176066050306e-05|NORM_2WORD=1.1318518318148563e-06
?	O=0.9999954700469971|NORM_1WORD=2.5887809442792786e-06|NORM_2WORD=1.4394865957001457e-06

bar	O=0.9999908208847046|NORM_1WORD=8.659436389280017e-06|NORM_2WORD=3.6777319678549247e-07
jednom	O=0.9999934434890747|NORM_1WORD=5.701842383132316e-06|NORM_2WORD=6.353695312100172e-07
dnevno	O=0.9999938011169434|NORM_1WORD=4.6419459067692515e-06|NORM_2WORD=1.0358036206525867e-06
je	O=0.999783456325531|NORM_1WORD=0.0002156815171474591|NORM_2WORD=7.187583719314716e-07
cujem	NORM_1WORD=0.9999797344207764|NORM_2WORD=1.0330766599508934e-05|O=7.346017355303047e-06
kako	O=0.9999655485153198|NORM_1WORD=3.227464549127035e-05|NORM_2WORD=1.6387899677283713e-06
ih	O=0.9999911785125732|NORM_1WORD=7.938826456665993e-06|NORM_2WORD=6.945210202502494e-07
pita	O=0.9999949932098389|NORM_1WORD=4.582772362482501e-06|NORM_2WORD=3.455092212334421e-07
:	O=0.9999939203262329|NORM_1WORD=4.711459496320458e-06|NORM_2WORD=9.797948905543308e-07
da	O=0.9999939203262329|NORM_1WORD=5.2582840908144135e-06|NORM_2WORD=6.479594389929844e-07
li	O=0.9999938011169434|NORM_1WORD=4.953947154717753e-06|NORM_2WORD=8.947511673795816e-07
ste	O=0.9999948740005493|NORM_1WORD=4.297297437005909e-06|NORM_2WORD=5.539368999052385e-07
vi	O=0.9999933242797852|NORM_1WORD=5.544722625927534e-06|NORM_2WORD=8.177935342246201e-07
normalni	O=0.9999799728393555|NORM_1WORD=1.940097354236059e-05|NORM_2WORD=4.4629024387177196e-07
?!?!	O=0.9999935626983643|NORM_1WORD=3.7548761611105874e-06|NORM_2WORD=1.881358798527799e-06

predlog	O=0.9999901056289673|NORM_1WORD=8.796685506240465e-06|NORM_2WORD=7.158344601521094e-07
:	O=0.9999957084655762|NORM_1WORD=2.7081189273303607e-06|NORM_2WORD=1.137863705480413e-06
hajde	O=0.9999681711196899|NORM_1WORD=3.1222491088556126e-05|NORM_2WORD=4.922251832795155e-07
da	O=0.9999966621398926|NORM_1WORD=2.8801423468394205e-06|NORM_2WORD=3.979634755069128e-07
čuvamo	O=0.9999867677688599|NORM_1WORD=1.1978886504948605e-05|NORM_2WORD=9.9975113698747e-07
u	O=0.9999438524246216|NORM_1WORD=5.558321936405264e-05|NORM_2WORD=5.21178378676268e-07
fotku	O=0.9999057054519653|NORM_1WORD=9.146399679593742e-05|NORM_2WORD=2.15592308450141e-06
rezultata	O=0.99998939037323|NORM_1WORD=9.416808097739704e-06|NORM_2WORD=8.878689072844281e-07
glasanja	O=0.9999885559082031|NORM_1WORD=1.0224491234112065e-05|NORM_2WORD=9.288926321460167e-07
za	O=0.9999902248382568|NORM_1WORD=8.955927114584483e-06|NORM_2WORD=6.117837756391964e-07
zojin	O=0.9996620416641235|NORM_1WORD=0.000333611445967108|NORM_2WORD=3.1747772482049186e-06
zakon	O=0.9996364116668701|NORM_1WORD=0.0003615476016420871|NORM_2WORD=1.56840837917116e-06
u	O=0.9999948740005493|NORM_1WORD=4.669479039876023e-06|NORM_2WORD=3.9622722169951885e-07
skupštini	O=0.9999891519546509|NORM_1WORD=1.0244321856589522e-05|NORM_2WORD=4.6041469659030554e-07
,	O=0.999994158744812|NORM_1WORD=3.3915191579581005e-06|NORM_2WORD=1.8239653627460939e-06
pa	O=0.9999921321868896|NORM_1WORD=7.226894467748934e-06|NORM_2WORD=4.237815574015258e-07
je	O=0.9993594288825989|NORM_1WORD=0.0006395905511453748|NORM_2WORD=8.497084991176962e-07
postujemo	O=0.8937085866928101|NORM_1WORD=0.10627180337905884|NORM_2WORD=1.831413828767836e-05
po	O=0.9999922513961792|NORM_1WORD=7.195405942184152e-06|NORM_2WORD=4.5821496996723e-07
netu	O=0.9999765157699585|NORM_1WORD=2.2350270228344016e-05|NORM_2WORD=8.768302564021724e-07
do	O=0.9999817609786987|NORM_1WORD=1.5925203115330078e-05|NORM_2WORD=1.5955630487951566e-06
izbezumljenja	O=0.9999778270721436|NORM_1WORD=2.073040377581492e-05|NORM_2WORD=1.0624979722706485e-06
za	O=0.9999878406524658|NORM_1WORD=1.1281190381851047e-05|NORM_2WORD=6.253795277189056e-07
sledeće	O=0.9999938011169434|NORM_1WORD=5.487113867275184e-06|NORM_2WORD=5.454575671137718e-07
izbore	O=0.9999852180480957|NORM_1WORD=1.3812966244586278e-05|NORM_2WORD=6.674200108136574e-07
.	O=0.9999967813491821|NORM_1WORD=1.975896338990424e-06|NORM_2WORD=9.411019163962919e-07

"	O=0.9999891519546509|NORM_1WORD=9.419185516890138e-06|NORM_2WORD=1.0952365983030177e-06
rutave	O=0.9428470134735107|NORM_1WORD=0.057145752012729645|NORM_2WORD=6.579003638762515e-06
noge	O=0.9999836683273315|NORM_1WORD=1.5540355889243074e-05|NORM_2WORD=6.45860097847617e-07
su	O=0.9999954700469971|NORM_1WORD=4.104894287593197e-06|NORM_2WORD=3.5987233104606275e-07
znak	O=0.9999933242797852|NORM_1WORD=5.530147063836921e-06|NORM_2WORD=8.530211061952286e-07
muževnosti	O=0.9999731779098511|NORM_1WORD=2.611497802718077e-05|NORM_2WORD=5.17891351137223e-07
,	O=0.9999974966049194|NORM_1WORD=1.3136545931047294e-06|NORM_2WORD=9.009779091684322e-07
gužvanja	O=0.999984622001648|NORM_1WORD=1.478703779866919e-05|NORM_2WORD=5.2756672630494e-07
ispod	O=0.9999876022338867|NORM_1WORD=1.1338784133840818e-05|NORM_2WORD=7.599301738991926e-07
jorgana	O=0.999727189540863|NORM_1WORD=0.00027225748635828495|NORM_2WORD=5.351423624233576e-07
,	O=0.9999974966049194|NORM_1WORD=1.2623283964785514e-06|NORM_2WORD=9.025585541166947e-07
dlaka	O=0.9999858140945435|NORM_1WORD=1.3431781553663313e-05|NORM_2WORD=5.600435883934551e-07
na	O=0.9999963045120239|NORM_1WORD=3.3625217383814743e-06|NORM_2WORD=2.5248223778362444e-07
sapunu	O=0.9994385838508606|NORM_1WORD=0.000559403735678643|NORM_2WORD=1.4898193967383122e-06
...	O=0.999991774559021|NORM_1WORD=6.613567165913992e-06|NORM_2WORD=1.0672605412764824e-06

koji	O=0.999997615814209|NORM_1WORD=1.6196274827962043e-06|NORM_2WORD=5.865778689440049e-07
bi	O=0.9999426603317261|NORM_1WORD=5.6787426728988066e-05|NORM_2WORD=4.667238329147949e-07
to	O=0.9999966621398926|NORM_1WORD=2.456136144246557e-06|NORM_2WORD=5.604044304163835e-07
sou	NORM_1WORD=0.9961665272712708|O=0.0038227972108870745|NORM_2WORD=9.017272532219067e-06
program	O=0.9999500513076782|NORM_1WORD=4.796480789082125e-05|NORM_2WORD=1.485390953348542e-06
bio	O=0.9999644756317139|NORM_1WORD=3.482815372990444e-05|NORM_2WORD=6.113259587436914e-07
!	O=0.9999951124191284|NORM_1WORD=2.1339694740163395e-06|NORM_2WORD=2.0075026441190857e-06

tea	NORM_1WORD=0.9834954142570496|O=0.016498101875185966|NORM_2WORD=5.9530866565182805e-06
i	O=0.9999933242797852|NORM_1WORD=5.7889324125426356e-06|NORM_2WORD=7.116553319974628e-07
ja	O=0.9999924898147583|NORM_1WORD=6.602669600397348e-06|NORM_2WORD=8.441097065770009e-07
smo	O=0.9999873638153076|NORM_1WORD=1.184817938337801e-05|NORM_2WORD=7.538148452113091e-07
se	O=0.9999958276748657|NORM_1WORD=3.9139990803960245e-06|NORM_2WORD=2.689878897399467e-07
juce	NORM_1WORD=0.9999634027481079|O=3.255418050684966e-05|NORM_2WORD=3.4611384762683883e-06
skinule	O=0.9999775886535645|NORM_1WORD=2.1704752725781873e-05|NORM_2WORD=6.3843162934063e-07
i	O=0.9999940395355225|NORM_1WORD=5.163528385310201e-06|NORM_2WORD=5.552195148084138e-07
usle	O=0.7406303286552429|NORM_1WORD=0.2593458592891693|NORM_2WORD=2.0531657355604693e-05
u	O=0.9999642372131348|NORM_1WORD=3.5144217690685764e-05|NORM_2WORD=4.7044389361872163e-07
adu	O=0.9998394250869751|NORM_1WORD=0.0001593295601196587|NORM_2WORD=1.1072036159021081e-06
,	O=0.9999929666519165|NORM_1WORD=4.729890861199237e-06|NORM_2WORD=1.6567240663789562e-06
u	O=0.9999960660934448|NORM_1WORD=3.0993660402600653e-06|NORM_2WORD=6.236289209482493e-07
pola	O=0.999992847442627|NORM_1WORD=6.402641702152323e-06|NORM_2WORD=6.431764063563605e-07
deset	O=0.999419093132019|NORM_1WORD=0.0005803573876619339|NORM_2WORD=4.7419882776011946e-07
uvece	NORM_1WORD=0.9999276399612427|O=6.960782047826797e-05|NORM_2WORD=2.4024259346333565e-06
na	O=0.9999967813491821|NORM_1WORD=2.763431666608085e-06|NORM_2WORD=3.8286674453047453e-07
5	O=0.9999935626983643|NORM_1WORD=5.140811481396668e-06|NORM_2WORD=9.825643019212293e-07
stepeni	O=0.9999834299087524|NORM_1WORD=1.599155439180322e-05|NORM_2WORD=5.012259975956113e-07
u	O=0.9999954700469971|NORM_1WORD=4.074262506037485e-06|NORM_2WORD=3.240443220420275e-07
ledenu	O=0.9999481439590454|NORM_1WORD=5.11680991621688e-05|NORM_2WORD=4.5102146373210417e-07
adu	O=0.9999617338180542|NORM_1WORD=3.738080704351887e-05|NORM_2WORD=7.211766046566481e-07

tviteraš	O=0.9999300241470337|NORM_1WORD=6.901637971168384e-05|NORM_2WORD=8.533690447620756e-07
sa	O=0.999995231628418|NORM_1WORD=4.233185791235883e-06|NORM_2WORD=5.035767571826e-07
malo	O=0.9999948740005493|NORM_1WORD=4.330101091909455e-06|NORM_2WORD=5.841122288074985e-07
tvitova	O=0.9999549388885498|NORM_1WORD=4.417740274220705e-05|NORM_2WORD=6.700503263346036e-07
i	O=0.9999974966049194|NORM_1WORD=2.075737029372249e-06|NORM_2WORD=3.523216207668156e-07
puno	O=0.999995231628418|NORM_1WORD=3.942994226235896e-06|NORM_2WORD=5.767207653661899e-07
folovera	O=0.9999755620956421|NORM_1WORD=2.3719943783362396e-05|NORM_2WORD=5.729471013182774e-07
ne	O=0.999993085861206|NORM_1WORD=6.10846063864301e-06|NORM_2WORD=6.17232160493586e-07
znači	O=0.9999927282333374|NORM_1WORD=5.819550551677821e-06|NORM_2WORD=1.0583603398117702e-06
da	O=0.999997615814209|NORM_1WORD=2.03647073249158e-06|NORM_2WORD=2.31041880738303e-07
je	O=0.9999779462814331|NORM_1WORD=2.1218958863755688e-05|NORM_2WORD=6.531138865284447e-07
dobar	O=0.9999924898147583|NORM_1WORD=6.258159373828676e-06|NORM_2WORD=8.690909680808545e-07
tviteraš	O=0.9999551773071289|NORM_1WORD=4.4116990466136485e-05|NORM_2WORD=5.483378799908678e-07
,	O=0.9999960660934448|NORM_1WORD=2.3346190118900267e-06|NORM_2WORD=1.2362711458990816e-06
veća	O=0.9999971389770508|NORM_1WORD=2.6308373435313115e-06|NORM_2WORD=1.990925966310897e-07
verovatnoća	O=0.9999939203262329|NORM_1WORD=5.5820510169724e-06|NORM_2WORD=3.747699111045222e-07
je	O=0.9999964237213135|NORM_1WORD=3.28457326759235e-06|NORM_2WORD=2.1329702803996042e-07
da	O=0.9999972581863403|NORM_1WORD=2.407873580523301e-06|NORM_2WORD=2.5301929440502136e-07
briše	O=0.9999830722808838|NORM_1WORD=1.625543700356502e-05|NORM_2WORD=6.060167265786731e-07
tvitove	O=0.9998897314071655|NORM_1WORD=0.00010915858729276806|NORM_2WORD=8.908540394259035e-07
.	O=0.9999974966049194|NORM_1WORD=1.676466922617692e-06|NORM_2WORD=6.530886480504705e-07

ako	O=0.9999970197677612|NORM_1WORD=2.2068720682000276e-06|NORM_2WORD=5.58247563731129e-07
zelite	NORM_1WORD=0.9997838139533997|O=0.00020988936012145132|NORM_2WORD=5.596606570179574e-06
da	O=0.9999966621398926|NORM_1WORD=2.884865125452052e-06|NORM_2WORD=3.936505663659773e-07
izgubite	O=0.9999949932098389|NORM_1WORD=4.387616627354873e-06|NORM_2WORD=4.7578384965163423e-07
2	O=0.9999969005584717|NORM_1WORD=2.2788369733461877e-06|NORM_2WORD=5.911481935072516e-07
h	O=0.999992847442627|NORM_1WORD=6.315942755463766e-06|NORM_2WORD=6.718776148773031e-07
zivota	NORM_1WORD=0.9999772310256958|O=1.6319476344506256e-05|NORM_2WORD=5.296597009873949e-06
,	O=0.999996542930603|NORM_1WORD=2.2226527107704896e-06|NORM_2WORD=9.403535159435705e-07
molim	O=0.9999805688858032|NORM_1WORD=1.8962733520311303e-05|NORM_2WORD=3.1195702376862755e-07
vas	O=0.9999885559082031|NORM_1WORD=1.0830104656633921e-05|NORM_2WORD=4.4760520268027904e-07
pogledajte	O=0.9999887943267822|NORM_1WORD=8.375493052881211e-06|NORM_2WORD=1.9830313249258325e-06
60	O=0.9999866485595703|NORM_1WORD=1.1055723007302731e-05|NORM_2WORD=1.7506411040812964e-06
puta	O=0.999984622001648|NORM_1WORD=1.4237083632906433e-05|NORM_2WORD=8.915624789551657e-07
video	O=0.9997077584266663|NORM_1WORD=0.00029018352506682277|NORM_2WORD=1.7020364566633361e-06
na	O=0.9999942779541016|NORM_1WORD=5.416439307737164e-06|NORM_2WORD=2.656531989941868e-07
temu	O=0.9999309778213501|NORM_1WORD=6.842544098617509e-05|NORM_2WORD=4.398401358685078e-07
hapsenja	NORM_1WORD=0.9999393224716187|O=5.575199975282885e-05|NORM_2WORD=4.087308752787067e-06
dragoslava	O=0.999521017074585|NORM_1WORD=0.0004780287854373455|NORM_2WORD=8.409370479967038e-07
kosmajca	NORM_1WORD=0.8674522042274475|O=0.1325395107269287|NORM_2WORD=7.414048468490364e-06
ili	O=0.9999886751174927|NORM_1WORD=1.018186412693467e-05|NORM_2WORD=7.988837182892894e-07
film	O=0.9999467134475708|NORM_1WORD=5.0949536671396345e-05|NORM_2WORD=1.7343776335110306e-06
john	O=0.9999616146087646|NORM_1WORD=3.665869735414162e-05|NORM_2WORD=1.3462971537592239e-06
wick	O=0.9837380647659302|NORM_1WORD=0.016257092356681824|NORM_2WORD=4.391890797705855e-06
.	O=0.9999970197677612|NORM_1WORD=2.0569091248034965e-06|NORM_2WORD=7.274777544807876e-07

kontam	O=0.999987006187439|NORM_1WORD=1.2372170203889254e-05|NORM_2WORD=4.5263976744536194e-07
da	O=0.9999978542327881|NORM_1WORD=1.7320595588898868e-06|NORM_2WORD=3.0288813945844595e-07
bih	O=0.9999902248382568|NORM_1WORD=9.259731996280607e-06|NORM_2WORD=3.968769703988073e-07
postao	O=0.9999908208847046|NORM_1WORD=7.357996764767449e-06|NORM_2WORD=1.2516129572759382e-06
bog	O=0.9999831914901733|NORM_1WORD=1.5514657206949778e-05|NORM_2WORD=1.018798911900376e-06
nekog	O=0.999996542930603|NORM_1WORD=2.3867085019446677e-06|NORM_2WORD=8.264219673037587e-07
plemena	O=0.9999923706054688|NORM_1WORD=7.012743026280077e-06|NORM_2WORD=4.796711436938494e-07
crnaca	O=0.9998513460159302|NORM_1WORD=0.0001474225864512846|NORM_2WORD=1.0635089893185068e-06
midžeta	O=0.999666690826416|NORM_1WORD=0.0003318952221889049|NORM_2WORD=1.2176253676443594e-06
i	O=0.9999964237213135|NORM_1WORD=3.0789306038059294e-06|NORM_2WORD=3.0425042041315464e-07
onda	O=0.9999969005584717|NORM_1WORD=2.457594064253499e-06|NORM_2WORD=5.03915316585335e-07
bi	O=0.9998780488967896|NORM_1WORD=0.00011948760220548138|NORM_2WORD=2.0761899577337317e-06
me	O=0.9999960660934448|NORM_1WORD=3.5094303711957764e-06|NORM_2WORD=3.968103783336119e-07
oni	O=0.9999774694442749|NORM_1WORD=2.0383153241709806e-05|NORM_2WORD=1.5916413076411118e-06
hranili	O=0.9999839067459106|NORM_1WORD=1.535116825834848e-05|NORM_2WORD=5.930682505095319e-07
bobicama	O=0.9998427629470825|NORM_1WORD=0.00015645651728846133|NORM_2WORD=5.446370892059349e-07
i	O=0.9999961853027344|NORM_1WORD=3.2852240110514686e-06|NORM_2WORD=3.856346495467733e-07
animirali	O=0.9999823570251465|NORM_1WORD=1.7078937162295915e-05|NORM_2WORD=4.927939016852179e-07
stvarima	O=0.9999821186065674|NORM_1WORD=1.7407568520866334e-05|NORM_2WORD=3.6334463970888464e-07
koje	O=0.9999947547912598|NORM_1WORD=4.7985458877519704e-06|NORM_2WORD=3.030042137197597e-07
rade	O=0.9999929666519165|NORM_1WORD=6.154637048894074e-06|NORM_2WORD=6.421565785785788e-07
crnci	O=0.999904990196228|NORM_1WORD=9.395136294187978e-05|NORM_2WORD=8.795839789854654e-07
midžeti	O=0.9997568726539612|NORM_1WORD=0.0002415566996205598|NORM_2WORD=1.1786372624555952e-06
.	O=0.9999971389770508|NORM_1WORD=1.8742560996543034e-06|NORM_2WORD=7.469850515917642e-07

satima	O=0.9999685287475586|NORM_1WORD=3.097314402111806e-05|NORM_2WORD=3.771601200242003e-07
bih	O=0.9999686479568481|NORM_1WORD=3.0943327146815136e-05|NORM_2WORD=3.498151954772766e-07
tebe	O=0.999969482421875|NORM_1WORD=2.8209949960000813e-05|NORM_2WORD=1.6951186125879758e-06
gledao	O=0.9999853372573853|NORM_1WORD=1.4325813026516698e-05|NORM_2WORD=2.6541707143223903e-07
a	O=0.9998251795768738|NORM_1WORD=0.00017422280507162213|NORM_2WORD=5.89759508784482e-07
da	O=0.9999136924743652|NORM_1WORD=8.589956269133836e-05|NORM_2WORD=3.642704200501612e-07
to	O=0.9996814727783203|NORM_1WORD=0.0003109992831014097|NORM_2WORD=5.289312412060099e-06
i	O=0.9997730851173401|NORM_1WORD=0.0002236929431091994|NORM_2WORD=2.4865664727258263e-06
ne	O=0.999983549118042|NORM_1WORD=1.5992394764907658e-05|NORM_2WORD=4.1527783878336777e-07
znas	NORM_1WORD=0.9999761581420898|O=1.297910694120219e-05|NORM_2WORD=8.340873137058225e-06
,	O=0.9999936819076538|NORM_1WORD=3.894435394613538e-06|NORM_2WORD=1.746532916513388e-06
ti	O=0.9999604225158691|NORM_1WORD=3.826353349722922e-05|NORM_2WORD=9.881171081360662e-07
si	O=0.9999903440475464|NORM_1WORD=9.220712854585145e-06|NORM_2WORD=3.7753650872218714e-07
divna	O=0.9999865293502808|NORM_1WORD=1.2976927791896742e-05|NORM_2WORD=3.396696399704524e-07
cura	O=0.999969482421875|NORM_1WORD=2.942027640528977e-05|NORM_2WORD=8.646645710541634e-07
i	O=0.9999771118164062|NORM_1WORD=2.2393274775822647e-05|NORM_2WORD=3.2149955586646684e-07
zasluzujes	NORM_1WORD=0.9999810457229614|O=9.825749657466076e-06|NORM_2WORD=7.202410415629856e-06
mnogo	O=0.9992969036102295|NORM_1WORD=0.0006992638809606433|NORM_2WORD=3.151047621940961e-06
,	O=0.9999939203262329|NORM_1WORD=4.490290393732721e-06|NORM_2WORD=1.1437737157393713e-06
ovo	O=0.9999101161956787|NORM_1WORD=8.906904986361042e-05|NORM_2WORD=6.042620270818588e-07
nije	O=0.9999933242797852|NORM_1WORD=6.386502718669362e-06|NORM_2WORD=2.784069295103109e-07
gluma	O=0.9998077750205994|NORM_1WORD=0.00019156976486556232|NORM_2WORD=5.75477599795704e-07
srce	O=0.9998785257339478|NORM_1WORD=0.00011936498776776716|NORM_2WORD=1.6587794107181253e-06
ne	O=0.9999490976333618|NORM_1WORD=5.013178088120185e-05|NORM_2WORD=5.635784532387333e-07
glumi	O=0.9997546076774597|NORM_1WORD=0.0002388922730460763|NORM_2WORD=4.375393473310396e-06
dobro	O=0.9995884299278259|NORM_1WORD=0.0004098807694390416|NORM_2WORD=1.3302261550052208e-06
.	O=0.9999964237213135|NORM_1WORD=2.495813532732427e-06|NORM_2WORD=7.938454587019805e-07

fejs	O=0.9999587535858154|NORM_1WORD=3.917264984920621e-05|NORM_2WORD=1.5845569123484893e-06
mi	O=0.9999872446060181|NORM_1WORD=1.1192271813342813e-05|NORM_2WORD=1.2066024055457092e-06
izgleda	O=0.9999947547912598|NORM_1WORD=3.208713224012172e-06|NORM_2WORD=1.6299160279231728e-06
kao	O=0.9999932050704956|NORM_1WORD=5.445858732855413e-06|NORM_2WORD=1.2485794513850124e-06
kupleraj	O=0.9999786615371704|NORM_1WORD=2.07082321139751e-05|NORM_2WORD=5.358812131817103e-07
.	O=0.999996542930603|NORM_1WORD=1.6191347640415188e-06|NORM_2WORD=1.4657587144029094e-06

pustite	O=0.9999927282333374|NORM_1WORD=6.620767180720577e-06|NORM_2WORD=5.222173626862059e-07
fudbal	O=0.9999879598617554|NORM_1WORD=1.164253717433894e-05|NORM_2WORD=3.6228038879926316e-07
,	O=0.9999946355819702|NORM_1WORD=3.012490424225689e-06|NORM_2WORD=1.7861492551674019e-06
nego	O=0.9999643564224243|NORM_1WORD=3.458936043898575e-05|NORM_2WORD=8.185469937416201e-07
jel	NORM_1WORD=0.9999706745147705|O=1.2960050298715942e-05|NORM_2WORD=1.2946436982019804e-05
znate	O=0.9999926090240479|NORM_1WORD=6.801764357078355e-06|NORM_2WORD=5.187947067497589e-07
ko	O=0.9999959468841553|NORM_1WORD=3.6345902572065825e-06|NORM_2WORD=4.014931960227841e-07
peva	O=0.9999649524688721|NORM_1WORD=3.469996590865776e-05|NORM_2WORD=3.1707384096080204e-07
na	O=0.9999972581863403|NORM_1WORD=2.258048198200413e-06|NORM_2WORD=3.447506458087446e-07
djovakovoj	O=0.9999428987503052|NORM_1WORD=5.687816519639455e-05|NORM_2WORD=1.9876611645486264e-07
svadbi	O=0.9999927282333374|NORM_1WORD=6.774918347218772e-06|NORM_2WORD=3.514997217735072e-07
?	O=0.9999954700469971|NORM_1WORD=3.0631915706180735e-06|NORM_2WORD=1.066406753125193e-06

;)	O=0.9999939203262329|NORM_2WORD=3.0013161449460313e-06|NORM_1WORD=2.5309650482086e-06

sve	O=0.9999957084655762|NORM_1WORD=3.820488018391188e-06|NORM_2WORD=3.020086296601221e-07
manje	O=0.9999921321868896|NORM_1WORD=7.3932469604187645e-06|NORM_2WORD=4.070930117450189e-07
njih	O=0.9999865293502808|NORM_1WORD=1.3007494089833926e-05|NORM_2WORD=3.569072077880264e-07
zna	O=0.9999916553497314|NORM_1WORD=7.665318662475329e-06|NORM_2WORD=4.878809818364971e-07
da	O=0.9999974966049194|NORM_1WORD=2.225477828687872e-06|NORM_2WORD=1.8721424055456737e-07
bi	O=0.9799688458442688|NORM_1WORD=0.020028430968523026|NORM_2WORD=2.361547558393795e-06
bili	O=0.9999909400939941|NORM_1WORD=8.087926289590541e-06|NORM_2WORD=7.279306828422705e-07
sjajni	O=0.9999843835830688|NORM_1WORD=1.4858889699098654e-05|NORM_2WORD=5.759015948569868e-07
fudbalski	O=0.9998860359191895|NORM_1WORD=0.00011315214942442253|NORM_2WORD=5.643314011649636e-07
selektori	O=0.999984622001648|NORM_1WORD=1.4900314454280306e-05|NORM_2WORD=3.1953649681781826e-07
.	O=0.9999971389770508|NORM_1WORD=1.765385036378575e-06|NORM_2WORD=8.095975090327556e-07

kupiću	NORM_1WORD=0.9993048906326294|O=0.0006904974579811096|NORM_2WORD=4.086706667294493e-06
samo	O=0.9999822378158569|NORM_1WORD=1.388068176311208e-05|NORM_2WORD=2.7525443329068366e-06
4	O=0.9999942779541016|NORM_1WORD=4.4366493057168555e-06|NORM_2WORD=9.603651278666803e-07
dresa	O=0.9999593496322632|NORM_1WORD=3.9313956222031265e-05|NORM_2WORD=1.0259800546918996e-06
u	O=0.9999973773956299|NORM_1WORD=2.141321374438121e-06|NORM_2WORD=3.562618928754091e-07
životu	O=0.9999951124191284|NORM_1WORD=3.8953621697146446e-06|NORM_2WORD=7.497383762711252e-07
i	O=0.9999973773956299|NORM_1WORD=2.1986652427585796e-06|NORM_2WORD=3.400911339213053e-07
to	O=0.9999915361404419|NORM_1WORD=7.662730240554083e-06|NORM_2WORD=6.419878673113999e-07
ove	O=0.9999972581863403|NORM_1WORD=2.14261626751977e-06|NORM_2WORD=5.136632239555183e-07
godine	O=0.9999946355819702|NORM_1WORD=3.896267116942909e-06|NORM_2WORD=1.0629577218423947e-06
-	O=0.9999954700469971|NORM_1WORD=3.1945846785674803e-06|NORM_2WORD=9.703468322186382e-07
raulov	O=0.9863336682319641|NORM_1WORD=0.013624748215079308|NORM_2WORD=3.320899486425333e-05
ako	O=0.9999934434890747|NORM_1WORD=5.52319033886306e-06|NORM_2WORD=8.227516445913352e-07
zaigra	O=0.9999576807022095|NORM_1WORD=4.0629129216540605e-05|NORM_2WORD=1.3730168575420976e-06
negde	O=0.9999947547912598|NORM_1WORD=4.34917137681623e-06|NORM_2WORD=7.04646993199276e-07
u	O=0.9999954700469971|NORM_1WORD=3.863365691358922e-06|NORM_2WORD=4.307842687012453e-07
mls-u	O=0.9992743134498596|NORM_1WORD=0.0007248362526297569|NORM_2WORD=7.639162618033879e-07
-	O=0.9999964237213135|NORM_1WORD=2.3888896976131946e-06|NORM_2WORD=8.268278293144249e-07
bejlov	O=0.9932369589805603|NORM_1WORD=0.0067451950162649155|NORM_2WORD=1.399591474182671e-05
roze	O=0.9569585919380188|NORM_1WORD=0.043031975626945496|NORM_2WORD=8.113700459944084e-06
iz	O=0.9999935626983643|NORM_1WORD=5.653738753608195e-06|NORM_2WORD=6.17059413343668e-07
reala	O=0.9999645948410034|NORM_1WORD=3.4554617741378024e-05|NORM_2WORD=7.036238685032004e-07
-	O=0.9999955892562866|NORM_1WORD=3.000408469233662e-06|NORM_2WORD=1.0090050182043342e-06
azarov	O=0.9991391897201538|NORM_1WORD=0.0008541604620404541|NORM_2WORD=5.1411684580671135e-06
iz	O=0.9999914169311523|NORM_1WORD=7.906497557996772e-06|NORM_2WORD=5.342342319636373e-07
belgije	O=0.9999550580978394|NORM_1WORD=4.41162301285658e-05|NORM_2WORD=7.193501119218126e-07
-	O=0.9999961853027344|NORM_1WORD=2.6938448627333855e-06|NORM_2WORD=7.865220368330483e-07
šaćirijev	O=0.994436502456665|NORM_1WORD=0.005561365280300379|NORM_2WORD=1.9209637684980407e-06
.	O=0.9999964237213135|NORM_1WORD=2.1771468254883075e-06|NORM_2WORD=1.0416309805805213e-06

zanimljivo	O=0.9999963045120239|NORM_1WORD=2.3656491521251155e-06|NORM_2WORD=1.030335283758177e-06
koliko	O=0.9999914169311523|NORM_1WORD=7.158433163567679e-06|NORM_2WORD=1.1565074373720563e-06
ljudi	O=0.9999808073043823|NORM_1WORD=1.6095340470201336e-05|NORM_2WORD=2.1488040147232823e-06
mrze	O=0.9999972581863403|NORM_1WORD=2.318409087820328e-06|NORM_2WORD=3.6111094914303976e-07
sebi	O=0.9999972581863403|NORM_1WORD=2.1946680135442875e-06|NORM_2WORD=5.160672458259796e-07
slične	O=0.9999966621398926|NORM_1WORD=2.7368241717340425e-06|NORM_2WORD=4.317949731102999e-07
ljude	O=0.9999727010726929|NORM_1WORD=2.346697510802187e-05|NORM_2WORD=2.515237838451867e-06
.	O=0.999996542930603|NORM_2WORD=1.7103672007579007e-06|NORM_1WORD=1.3059724324193667e-06

super	O=0.9999805688858032|NORM_1WORD=1.863894794951193e-05|NORM_2WORD=5.708359935852059e-07
se	O=0.9999974966049194|NORM_1WORD=2.249927547381958e-06|NORM_2WORD=2.3829772999306442e-07
zgotivim	O=0.9998149275779724|NORM_1WORD=0.0001848789834184572|NORM_2WORD=2.6018275889327924e-07
ja	O=0.9999957084655762|NORM_1WORD=3.7614395296259318e-06|NORM_2WORD=4.312497026148776e-07
sa	O=0.9999974966049194|NORM_1WORD=1.9039225662709214e-06|NORM_2WORD=4.354601514933165e-07
likom	O=0.9999749660491943|NORM_1WORD=2.4571501853642985e-05|NORM_2WORD=3.935421659662097e-07
prošle	O=0.9999905824661255|NORM_1WORD=6.496263267763425e-06|NORM_2WORD=2.5178601390507538e-06
godine	O=0.9999954700469971|NORM_1WORD=3.3500934932817472e-06|NORM_2WORD=9.522549362372956e-07
u	O=0.9999973773956299|NORM_1WORD=2.1469609237101395e-06|NORM_2WORD=3.182717591698747e-07
londonu	O=0.9999946355819702|NORM_1WORD=4.8728520596341696e-06|NORM_2WORD=3.164712154557492e-07
,	O=0.9999963045120239|NORM_1WORD=1.658509631852212e-06|NORM_2WORD=1.525750121800229e-06
on	O=0.9999849796295166|NORM_1WORD=1.3636384210258257e-05|NORM_2WORD=9.965593790184357e-07
bio	O=0.9999960660934448|NORM_1WORD=3.31236697093118e-06|NORM_2WORD=5.147247748027439e-07
fotomodel	O=0.9999637603759766|NORM_1WORD=3.401354842935689e-05|NORM_2WORD=1.64976859196031e-06
.	O=0.9999966621398926|NORM_1WORD=1.7427961438443162e-06|NORM_2WORD=1.1610676438067458e-06

svoj	O=0.9999921321868896|NORM_1WORD=7.374825145234354e-06|NORM_2WORD=3.682064004806307e-07
ljubavni	O=0.9999903440475464|NORM_1WORD=9.102213880396448e-06|NORM_2WORD=4.050328925586655e-07
život	O=0.9999927282333374|NORM_1WORD=6.309470336418599e-06|NORM_2WORD=7.320421673284727e-07
delim	O=0.9999803304672241|NORM_1WORD=1.8976281353388913e-05|NORM_2WORD=5.076441311757662e-07
na	O=0.9999953508377075|NORM_1WORD=4.206083758617751e-06|NORM_2WORD=3.5949869925389066e-07
dve	O=0.9999892711639404|NORM_1WORD=8.967456778918859e-06|NORM_2WORD=1.3077027460894897e-06
faze	O=0.9999673366546631|NORM_1WORD=3.13685268338304e-05|NORM_2WORD=9.435401580049074e-07
,	O=0.9999955892562866|NORM_1WORD=1.9282604171166895e-06|NORM_2WORD=1.8770238057186361e-06
kad	O=0.9999837875366211|NORM_1WORD=8.553774932806846e-06|NORM_2WORD=5.315633188729407e-06
se	O=0.9999972581863403|NORM_1WORD=2.444754500174895e-06|NORM_2WORD=2.835008956481033e-07
uopšte	O=0.9999957084655762|NORM_1WORD=3.8645343920507e-06|NORM_2WORD=3.245745290314517e-07
ne	O=0.9999954700469971|NORM_1WORD=3.7739969229733106e-06|NORM_2WORD=5.757954113505548e-07
radujem	O=0.9999788999557495|NORM_1WORD=2.0639410649891943e-05|NORM_2WORD=3.247691040542122e-07
menstruaciji	O=0.9999182224273682|NORM_1WORD=7.847593951737508e-05|NORM_2WORD=2.404291990387719e-06
i	O=0.9999969005584717|NORM_1WORD=2.2988183445704635e-06|NORM_2WORD=5.447304260997043e-07
kad	O=0.9999970197677612|NORM_1WORD=1.4895547337800963e-06|NORM_2WORD=1.1145997405037633e-06
plačem	O=0.9999923706054688|NORM_1WORD=6.5958083723671734e-06|NORM_2WORD=6.837653359070828e-07
od	O=0.9999971389770508|NORM_1WORD=2.5314511731266975e-06|NORM_2WORD=2.5850590645859484e-07
sreće	O=0.9999847412109375|NORM_1WORD=1.3389562809607014e-05|NORM_2WORD=1.2835319012083346e-06
što	O=0.9999955892562866|NORM_1WORD=3.516729066177504e-06|NORM_2WORD=7.241604862429085e-07
sam	O=0.9999948740005493|NORM_1WORD=4.339985935075674e-06|NORM_2WORD=6.265444199016201e-07
dobila	O=0.9999654293060303|NORM_1WORD=3.109374301857315e-05|NORM_2WORD=2.770675564534031e-06

ostatak	O=0.9999974966049194|NORM_1WORD=2.197740968767903e-06|NORM_2WORD=2.724509613472037e-07
vremena	O=0.9999969005584717|NORM_1WORD=2.3525744836661033e-06|NORM_2WORD=6.039675781721598e-07
provedem	O=0.9999966621398926|NORM_1WORD=2.876145799746155e-06|NORM_2WORD=3.500185528082511e-07
–	O=0.9999957084655762|NORM_1WORD=3.3849580631795106e-06|NORM_2WORD=7.548038638560683e-07
prokrastinirajući	O=0.9999948740005493|NORM_1WORD=4.8378979045082815e-06|NORM_2WORD=2.945757557881734e-07
.	O=0.9999966621398926|NORM_1WORD=1.7880244058687822e-06|NORM_2WORD=1.1455190360720735e-06

prozivao	O=0.9999043941497803|NORM_1WORD=9.46085638133809e-05|NORM_2WORD=8.536165410077956e-07
sam	O=0.9999963045120239|NORM_1WORD=3.3381497814843897e-06|NORM_2WORD=2.7581683070820873e-07
neke	O=0.9999895095825195|NORM_1WORD=9.58961663855007e-06|NORM_2WORD=7.479416694877727e-07
poznanike	O=0.9999916553497314|NORM_1WORD=7.611673936480656e-06|NORM_2WORD=5.664222157975018e-07
iz	O=0.9999946355819702|NORM_1WORD=4.948210062138969e-06|NORM_2WORD=3.813794364759815e-07
ldpa	NORM_1WORD=0.998664140701294|O=0.0013242361601442099|NORM_2WORD=9.34271974983858e-06
za	O=0.9999748468399048|NORM_1WORD=2.4367449441342615e-05|NORM_2WORD=6.483736001428042e-07
cenzus	O=0.999481737613678|NORM_1WORD=0.0005164241301827133|NORM_2WORD=1.5780370858919923e-06
u	O=0.9999969005584717|NORM_1WORD=2.7524035886017373e-06|NORM_2WORD=2.9642305321431195e-07
toku	O=0.9999949932098389|NORM_1WORD=4.6904742703191005e-06|NORM_2WORD=2.676687813618628e-07
kampanje	O=0.999984860420227|NORM_1WORD=1.2820731171814259e-05|NORM_2WORD=1.7328615058431751e-06
...	O=0.9999957084655762|NORM_1WORD=2.983641934406478e-06|NORM_2WORD=9.434391472495918e-07

ja	O=0.9999958276748657|NORM_1WORD=3.583779971449985e-06|NORM_2WORD=4.302219736018742e-07
sam	O=0.9999954700469971|NORM_1WORD=4.06363096772111e-06|NORM_2WORD=3.969471720211004e-07
od	O=0.9999866485595703|NORM_1WORD=1.2860074093623552e-05|NORM_2WORD=3.149896485865611e-07
onih	O=0.9999912977218628|NORM_1WORD=8.195779628294986e-06|NORM_2WORD=3.6088229649067216e-07
osoba	O=0.9999582767486572|NORM_1WORD=4.072334195370786e-05|NORM_2WORD=8.215168918468407e-07
koje	O=0.9999921321868896|NORM_1WORD=7.371379979304038e-06|NORM_2WORD=3.77862050982003e-07
ce	NORM_1WORD=0.9999762773513794|O=1.577415969222784e-05|NORM_2WORD=6.535399279528065e-06
svima	O=0.9999918937683105|NORM_1WORD=7.043954155960819e-06|NORM_2WORD=8.412386591771792e-07
naci	NORM_1WORD=0.9999730587005615|O=1.9036573576158844e-05|NORM_2WORD=6.536250566568924e-06
neku	O=0.9999929666519165|NORM_1WORD=5.8256214288121555e-06|NORM_2WORD=8.614937314632698e-07
manu	O=0.9998513460159302|NORM_1WORD=0.00014514560461975634|NORM_2WORD=2.7438504730525892e-06
,	O=0.9999943971633911|NORM_1WORD=4.187033027847065e-06|NORM_2WORD=1.0365700973125058e-06
ali	O=0.9999902248382568|NORM_1WORD=8.735108167456929e-06|NORM_2WORD=6.999641755101038e-07
kad	O=0.9999971389770508|NORM_1WORD=1.812984351090563e-06|NORM_2WORD=7.471716685358842e-07
se	O=0.999995231628418|NORM_1WORD=4.512859959504567e-06|NORM_2WORD=2.5952877535928565e-07
skontaju	O=0.9999638795852661|NORM_1WORD=3.549382745404728e-05|NORM_2WORD=5.349975253921002e-07
s	O=0.9999960660934448|NORM_1WORD=3.2476741580467205e-06|NORM_2WORD=5.181991582503542e-07
nekim	O=0.999990701675415|NORM_1WORD=8.440957572020125e-06|NORM_2WORD=6.127370397734921e-07
to	O=0.9999874830245972|NORM_1WORD=1.0911267963820137e-05|NORM_2WORD=1.048629542310664e-06
bude	O=0.9999889135360718|NORM_1WORD=9.662234333518427e-06|NORM_2WORD=1.0103982504006126e-06
obostrani	O=0.999954104423523|NORM_1WORD=4.4301737943897024e-05|NORM_2WORD=1.0811688753165072e-06
jackpot	O=0.9997819066047668|NORM_1WORD=0.00021526485215872526|NORM_2WORD=2.4996222691697767e-06
.	O=0.9999971389770508|NORM_1WORD=1.950697424035752e-06|NORM_2WORD=7.185179242696904e-07

hoću	O=0.9999878406524658|NORM_1WORD=9.131631486525293e-06|NORM_2WORD=2.30214072871604e-06
da	O=0.9999967813491821|NORM_1WORD=2.4747887437115423e-06|NORM_2WORD=5.952324499958195e-07
živim	O=0.9999958276748657|NORM_1WORD=3.5990697142551653e-06|NORM_2WORD=4.194102700694202e-07
u	O=0.9999970197677612|NORM_1WORD=2.2410863493860234e-06|NORM_2WORD=5.679999048879836e-07
prostoriji	O=0.9999905824661255|NORM_1WORD=8.76236936164787e-06|NORM_2WORD=4.848692469749949e-07
od	O=0.9999936819076538|NORM_1WORD=5.813243205921026e-06|NORM_2WORD=3.9990717937143927e-07
30	O=0.999991774559021|NORM_1WORD=6.593772923224606e-06|NORM_2WORD=1.3166485359761282e-06
kvadrata	O=0.9999834299087524|NORM_1WORD=1.6116900951601565e-05|NORM_2WORD=4.119572736271948e-07
u	O=0.999995231628418|NORM_1WORD=3.78104255105427e-06|NORM_2WORD=7.586268111481331e-07
nekoj	O=0.9999905824661255|NORM_1WORD=8.447616892226506e-06|NORM_2WORD=8.397498163503769e-07
zgradi	O=0.9999911785125732|NORM_1WORD=8.398917998420075e-06|NORM_2WORD=3.588207277971378e-07
na	O=0.9999963045120239|NORM_1WORD=2.980484396175598e-06|NORM_2WORD=5.572939016929013e-07
6	O=0.999984622001648|NORM_1WORD=1.3294501513883006e-05|NORM_2WORD=1.6455696822958998e-06
-	O=0.99992835521698|NORM_1WORD=6.406697502825409e-05|NORM_2WORD=6.0522261264850385e-06
7.	O=0.9998465776443481|NORM_1WORD=0.00014385957911144942|NORM_2WORD=8.00840734882513e-06
spratu	O=0.999984860420227|NORM_1WORD=1.4484779967460781e-05|NORM_2WORD=4.35219618566407e-07
i	O=0.999977707862854|NORM_1WORD=2.1416113668237813e-05|NORM_2WORD=6.613855703108129e-07
kraj	O=0.9997667670249939|NORM_1WORD=0.00023146587773226202|NORM_2WORD=1.6830074400786543e-06
ne	O=0.999993085861206|NORM_1WORD=5.929620783717837e-06|NORM_2WORD=6.871048299217364e-07
mogu	O=0.9999860525131226|NORM_1WORD=1.1030619134544395e-05|NORM_2WORD=1.9952994989580475e-06
više	O=0.999992847442627|NORM_1WORD=5.577622687269468e-06|NORM_2WORD=1.1982917840214213e-06
u	O=0.9999969005584717|NORM_1WORD=2.340780611120863e-06|NORM_2WORD=5.97128746449016e-07
ovoj	O=0.9999942779541016|NORM_1WORD=4.742566488857847e-06|NORM_2WORD=7.489223889933783e-07
kući	O=0.9999872446060181|NORM_1WORD=1.0642680535966065e-05|NORM_2WORD=1.6647762777211028e-06
da	O=0.9999946355819702|NORM_1WORD=4.648785306926584e-06|NORM_2WORD=6.092102466936922e-07
preživljavam	O=0.9999865293502808|NORM_1WORD=1.2416266145010013e-05|NORM_2WORD=8.246013862844848e-07

kada	O=0.9999960660934448|NORM_1WORD=1.9238677850808017e-06|NORM_2WORD=1.4380576658368227e-06
me	O=0.9999929666519165|NORM_1WORD=5.522408628166886e-06|NORM_2WORD=1.0467318816154147e-06
podmicujete	NORM_1WORD=0.9993855953216553|O=0.0006069695227779448|NORM_2WORD=6.679164926026715e-06
i	O=0.9999974966049194|NORM_1WORD=1.8558230294729583e-06|NORM_2WORD=4.7357951871163095e-07
korumpirate	O=0.9999688863754272|NORM_1WORD=2.973227310576476e-05|NORM_2WORD=1.157490942205186e-06
,	O=0.9999953508377075|NORM_1WORD=2.407621195743559e-06|NORM_2WORD=1.6622198018012568e-06
dajte	O=0.9999799728393555|NORM_1WORD=1.5380181139335036e-05|NORM_2WORD=3.711476438184036e-06
bre	O=0.9996167421340942|NORM_1WORD=0.0003815585223492235|NORM_2WORD=1.345745772596274e-06
kintu	O=0.9999622106552124|NORM_1WORD=3.694968836498447e-05|NORM_2WORD=7.473329901586112e-07
.	O=0.999996542930603|NORM_1WORD=2.0201732695568353e-06|NORM_2WORD=1.0471150062585366e-06

svi	O=0.9999350309371948|NORM_1WORD=5.9510439314180985e-05|NORM_2WORD=3.837388703686884e-06
muskarci	NORM_1WORD=0.9999580383300781|O=3.864022437483072e-05|NORM_2WORD=2.732589791776263e-06
koji	O=0.9999909400939941|NORM_1WORD=8.469464773952495e-06|NORM_2WORD=4.7590762619620364e-07
zele	NORM_1WORD=0.999903678894043|O=9.281036909669638e-05|NORM_2WORD=2.9148416160751367e-06
nesto	NORM_1WORD=0.9999535083770752|O=4.082891973666847e-05|NORM_2WORD=4.479800736589823e-06
vise	NORM_1WORD=0.9999518394470215|O=4.0928458474809304e-05|NORM_2WORD=5.527439952857094e-06
od	O=0.9999889135360718|NORM_1WORD=1.0735267096606549e-05|NORM_2WORD=2.4455326297356805e-07
buksne	NORM_1WORD=0.5544797778129578|O=0.44540953636169434|NORM_2WORD=9.36590222408995e-05
sa	O=0.9999971389770508|NORM_1WORD=2.582906290626852e-06|NORM_2WORD=2.7566241556087334e-07
mnom	O=0.999990701675415|NORM_1WORD=8.669044291309547e-06|NORM_2WORD=4.3303035113240185e-07
mogu	O=0.9999889135360718|NORM_1WORD=1.0409345122752711e-05|NORM_2WORD=4.751063045205228e-07
da	O=0.9999939203262329|NORM_1WORD=5.73626584809972e-06|NORM_2WORD=2.604868143407657e-07
prekinu	O=0.999985933303833|NORM_1WORD=1.3689127627003472e-05|NORM_2WORD=2.8013602104692836e-07
da	O=0.9999943971633911|NORM_1WORD=5.226963367022108e-06|NORM_2WORD=2.938155603260384e-07
mi	O=0.9999945163726807|NORM_1WORD=4.899113264400512e-06|NORM_2WORD=4.642114674879849e-07
se	O=0.9999966621398926|NORM_1WORD=3.0968597002356546e-06|NORM_2WORD=1.8930876422018628e-07
obracaju	NORM_1WORD=0.996812641620636|O=0.003184748347848654|NORM_2WORD=2.336684929105104e-06
3,	O=0.9999673366546631|NORM_1WORD=2.5921486667357385e-05|NORM_2WORD=4.482139956962783e-06
4	O=0.9999730587005615|NORM_1WORD=2.4841872800607234e-05|NORM_2WORD=1.4696504422317958e-06
,	O=0.999993085861206|NORM_1WORD=5.196399797569029e-06|NORM_2WORD=1.2648401934711728e-06
sad	O=0.9999903440475464|NORM_1WORD=8.337365215993486e-06|NORM_2WORD=9.071480349120975e-07
,	O=0.9999932050704956|NORM_1WORD=5.213067652221071e-06|NORM_2WORD=1.149033778347075e-06
gej	O=0.9999572038650513|NORM_1WORD=4.1639832488726825e-05|NORM_2WORD=8.411372505179315e-07
moze	NORM_1WORD=0.9999570846557617|O=3.896861744578928e-05|NORM_2WORD=3.2130078579939436e-06
.	O=0.9999958276748657|NORM_1WORD=2.7618216336122714e-06|NORM_2WORD=1.0530708323130966e-06

bedno	O=0.9232014417648315|NORM_1WORD=0.07679259777069092|NORM_2WORD=5.084318217996042e-06
!	O=0.9999946355819702|NORM_2WORD=2.7760570446844213e-06|NORM_1WORD=1.8390678633295465e-06

a	O=0.9999946355819702|NORM_1WORD=4.584134330798406e-06|NORM_2WORD=6.408301373994618e-07
i	O=0.9999966621398926|NORM_1WORD=2.83071290141379e-06|NORM_2WORD=4.163317441907566e-07
lepo	O=0.9999967813491821|NORM_1WORD=2.6002753656939603e-06|NORM_2WORD=5.215037504058273e-07
bi	O=0.9999955892562866|NORM_1WORD=4.0877057472243905e-06|NORM_2WORD=2.518029873499472e-07
bilo	O=0.9999964237213135|NORM_1WORD=2.9667673970834585e-06|NORM_2WORD=4.4575142510439036e-07
da	O=0.9999973773956299|NORM_1WORD=1.8752434698399156e-06|NORM_2WORD=5.77827449887991e-07
hejteri	O=0.9999479055404663|NORM_1WORD=5.0655613449634984e-05|NORM_2WORD=1.0760332997961086e-06
prekinu	O=0.9999884366989136|NORM_1WORD=1.0498899428057484e-05|NORM_2WORD=6.750963734702964e-07
sa	O=0.9999980926513672|NORM_1WORD=1.3069774240648258e-06|NORM_2WORD=4.370713497792167e-07
hejtovanjem	O=0.9999293088912964|NORM_1WORD=6.940358434803784e-05|NORM_2WORD=9.083634608941793e-07
svojih	O=0.9999963045120239|NORM_1WORD=2.8911958906974178e-06|NORM_2WORD=6.213743972693919e-07
krivih	O=0.9999936819076538|NORM_1WORD=5.867235358891776e-06|NORM_2WORD=3.177549672273017e-07
trepavica	O=0.999874472618103|NORM_1WORD=0.000124880883959122|NORM_2WORD=6.534954763992573e-07
i	O=0.9999972581863403|NORM_1WORD=2.1203659343882464e-06|NORM_2WORD=4.87921852254658e-07
da	O=0.9999971389770508|NORM_1WORD=2.0750951534864726e-06|NORM_2WORD=6.277731472437154e-07
se	O=0.9999980926513672|NORM_1WORD=1.5215970279314206e-06|NORM_2WORD=3.14274615220711e-07
pridruže	O=0.9999954700469971|NORM_1WORD=4.2113620111194905e-06|NORM_2WORD=2.3302096963107033e-07
ovoj	O=0.9999954700469971|NORM_1WORD=3.70167526853038e-06|NORM_2WORD=5.941359972894134e-07
radosti	O=0.9999927282333374|NORM_1WORD=6.809858859924134e-06|NORM_2WORD=3.6434019534681283e-07
,	O=0.9999959468841553|NORM_1WORD=2.561705969128525e-06|NORM_2WORD=1.08243864360702e-06
jer	O=0.9999924898147583|NORM_1WORD=5.736169896408683e-06|NORM_2WORD=1.1943997151320218e-06
se	O=0.9999973773956299|NORM_1WORD=2.3127959138946608e-06|NORM_2WORD=2.6160853394685546e-07
desilo	O=0.9999947547912598|NORM_1WORD=4.6218428906286135e-06|NORM_2WORD=4.4747480387741234e-07
nešto	O=0.999992847442627|NORM_1WORD=5.5191326282511e-06|NORM_2WORD=1.1398556125641335e-06
divno	O=0.9999934434890747|NORM_1WORD=5.898044946661685e-06|NORM_2WORD=5.124439894643729e-07
!	O=0.9999970197677612|NORM_1WORD=1.7787184560802416e-06|NORM_2WORD=8.971311444838648e-07

san	O=0.9999594688415527|NORM_1WORD=3.982645648648031e-05|NORM_2WORD=5.547487944568275e-07
:	O=0.9999954700469971|NORM_1WORD=3.0853266252961475e-06|NORM_2WORD=1.095471247936075e-06
u	O=0.9999923706054688|NORM_1WORD=6.978983947192319e-06|NORM_2WORD=5.225504651207302e-07
troli	O=0.9997145533561707|NORM_1WORD=0.000282899709418416|NORM_2WORD=1.893348894554947e-06
sam	O=0.9999959468841553|NORM_1WORD=3.4500365018175216e-06|NORM_2WORD=4.469277428142959e-07
srela	O=0.9999897480010986|NORM_1WORD=9.89374348137062e-06|NORM_2WORD=3.133523307496944e-07
goricu	O=0.9994359612464905|NORM_1WORD=0.0005635956185869873|NORM_2WORD=3.178147380822338e-07
popovic	NORM_1WORD=0.9999492168426514|O=4.68888902105391e-05|NORM_2WORD=3.2300954444508534e-06
,	O=0.9999973773956299|NORM_1WORD=1.687848566689354e-06|NORM_2WORD=6.827489755778515e-07
izdudarala	NORM_1WORD=0.9970972537994385|O=0.002896219491958618|NORM_2WORD=5.83413429922075e-06
manijaka	O=0.9995287656784058|NORM_1WORD=0.00046926314826123416|NORM_2WORD=1.6771965647421894e-06
koji	O=0.9999969005584717|NORM_1WORD=2.763795464488794e-06|NORM_2WORD=2.8855521350124036e-07
se	O=0.9999942779541016|NORM_1WORD=5.42663019587053e-06|NORM_2WORD=1.9197835854356526e-07
prislanjao	O=0.9999358654022217|NORM_1WORD=6.368556205416098e-05|NORM_2WORD=3.9299231957556913e-07
zenama	NORM_1WORD=0.9999284744262695|O=6.846587348263711e-05|NORM_2WORD=2.446673533995636e-06
,	O=0.9999970197677612|NORM_1WORD=1.8857194845622871e-06|NORM_2WORD=7.778726853757689e-07
izasla	NORM_1WORD=0.9998039603233337|O=0.0001910454302560538|NORM_2WORD=4.435237769939704e-06
izula	O=0.9999215602874756|NORM_1WORD=7.741338777123019e-05|NORM_2WORD=8.787675938037864e-07
se	O=0.9999877214431763|NORM_1WORD=1.172636439150665e-05|NORM_2WORD=4.2557465462778055e-07
i	O=0.999995231628418|NORM_1WORD=4.1511339077260345e-06|NORM_2WORD=4.301852243315807e-07
bosa	NORM_1WORD=0.9993384480476379|O=0.0006580962799489498|NORM_2WORD=2.9903808353992645e-06
do	O=0.9999868869781494|NORM_1WORD=1.1861118764500134e-05|NORM_2WORD=8.966884479377768e-07
trga	O=0.9999855756759644|NORM_1WORD=1.3918878721597139e-05|NORM_2WORD=3.6317823060016963e-07
,	O=0.9999973773956299|NORM_1WORD=1.6756866898504086e-06|NORM_2WORD=6.874755058561277e-07
na	O=0.9999916553497314|NORM_1WORD=7.341713626374258e-06|NORM_2WORD=7.405065503007791e-07
trgu	O=0.9999853372573853|NORM_1WORD=1.3406246580416337e-05|NORM_2WORD=9.505114348939969e-07
slet	O=0.997683048248291|NORM_1WORD=0.0023137591779232025|NORM_2WORD=2.515862206564634e-06
!	O=0.9999959468841553|NORM_1WORD=3.146177732560318e-06|NORM_2WORD=7.651754572179925e-07

ako	O=0.9999966621398926|NORM_1WORD=2.00617364498612e-06|NORM_2WORD=1.0457318921908154e-06
niste	O=0.9999971389770508|NORM_1WORD=2.1836381165485363e-06|NORM_2WORD=5.148991704118089e-07
znali	O=0.9999905824661255|NORM_1WORD=8.643130968266632e-06|NORM_2WORD=5.525353117263876e-07
večeras	O=0.9999963045120239|NORM_1WORD=3.043207698283368e-06|NORM_2WORD=5.313345354807097e-07
se	O=0.9999971389770508|NORM_1WORD=2.445642621751176e-06|NORM_2WORD=3.181745285019133e-07
slavi	O=0.9999974966049194|NORM_1WORD=1.7815000319387764e-06|NORM_2WORD=5.926924586674431e-07
doček	O=0.9999954700469971|NORM_1WORD=3.6132751120021567e-06|NORM_2WORD=7.132481414373615e-07
3.	O=0.9984191656112671|NORM_1WORD=0.0015755841741338372|NORM_2WORD=4.802109742740868e-06
nove	O=0.9984946250915527|NORM_1WORD=0.0015006993198767304|NORM_2WORD=3.549997472873656e-06
godine	O=0.9999892711639404|NORM_1WORD=9.354357644042466e-06|NORM_2WORD=1.0857875167857856e-06
jer	O=0.9999898672103882|NORM_1WORD=9.224050700140651e-06|NORM_2WORD=6.487346695394081e-07
su	O=0.9999663829803467|NORM_1WORD=3.2754112908151e-05|NORM_2WORD=6.510131811410247e-07
tako	O=0.9999748468399048|NORM_1WORD=2.445227983116638e-05|NORM_2WORD=6.185372853906301e-07
u	O=0.9999949932098389|NORM_1WORD=4.5907418098067865e-06|NORM_2WORD=3.3440093716308184e-07
mogućnosti	O=0.9999880790710449|NORM_1WORD=1.1070266737078782e-05|NORM_2WORD=7.488834512514586e-07

zasto	NORM_1WORD=0.9999626874923706|NORM_2WORD=1.748536124068778e-05|O=1.2513505680544768e-05
gledam	O=0.9999958276748657|NORM_1WORD=3.8313614822982345e-06|NORM_2WORD=2.1544923356486834e-07
ovo	O=0.999994158744812|NORM_1WORD=5.0833359637181275e-06|NORM_2WORD=5.465877279675624e-07
?	O=0.9999955892562866|NORM_2WORD=1.8918954083346762e-06|NORM_1WORD=1.806028762985079e-06

ako	O=0.9999938011169434|NORM_1WORD=4.2978008423233405e-06|NORM_2WORD=1.4987321037551737e-06
mi	O=0.9999946355819702|NORM_1WORD=4.765745416079881e-06|NORM_2WORD=4.2260572286068054e-07
telenor	O=0.9999746084213257|NORM_1WORD=2.4777533326414414e-05|NORM_2WORD=4.200915100227576e-07
blokira	O=0.9999686479568481|NORM_1WORD=2.8786353141185828e-05|NORM_2WORD=2.07642756322457e-06
račun	O=0.9999823570251465|NORM_1WORD=1.59517367137596e-05|NORM_2WORD=1.199018811348651e-06
sad	O=0.9999935626983643|NORM_1WORD=5.892170975130284e-06|NORM_2WORD=4.4717737068822316e-07
prvog	O=0.9999856948852539|NORM_1WORD=1.3378433322941419e-05|NORM_2WORD=7.24672815977101e-07
jer	O=0.9999940395355225|NORM_1WORD=4.974248895450728e-06|NORM_2WORD=7.455536206180113e-07
mi	O=0.9999933242797852|NORM_1WORD=5.683199560735375e-06|NORM_2WORD=7.381486284430139e-07
nisu	O=0.9999896287918091|NORM_1WORD=9.356635928270407e-06|NORM_2WORD=7.639013119842275e-07
proknjižili	O=0.9999890327453613|NORM_1WORD=1.0562547686276957e-05|NORM_2WORD=3.039747014099703e-07
uplatu	O=0.9999852180480957|NORM_1WORD=1.453009645047132e-05|NORM_2WORD=2.1214539458469517e-07
od	O=0.999994158744812|NORM_1WORD=5.443444024422206e-06|NORM_2WORD=2.7115657985632424e-07
pre	O=0.9999963045120239|NORM_1WORD=2.6172365323873237e-06|NORM_2WORD=7.886019375291653e-07
15	O=0.9999943971633911|NORM_1WORD=4.6519066927430686e-06|NORM_2WORD=7.16490490049182e-07
dana	O=0.999993085861206|NORM_1WORD=5.38966924068518e-06|NORM_2WORD=1.139222376878024e-06
,	O=0.9999972581863403|NORM_1WORD=1.3800748774883687e-06|NORM_2WORD=1.1158305142089375e-06
jebaću	O=0.9999960660934448|NORM_1WORD=3.4358163247816265e-06|NORM_2WORD=4.1695571439959167e-07
ih	O=0.9999926090240479|NORM_1WORD=6.92703906679526e-06|NORM_2WORD=3.4608052601470263e-07
u	O=0.9999942779541016|NORM_1WORD=5.489168415806489e-06|NORM_2WORD=1.827880851124064e-07
dupe	O=0.999964714050293|NORM_1WORD=3.493887561489828e-05|NORM_2WORD=2.916833921062789e-07
!	O=0.9999954700469971|NORM_1WORD=3.2531215765629895e-06|NORM_2WORD=9.471946782468876e-07

loš	O=0.9999858140945435|NORM_1WORD=1.351141145278234e-05|NORM_2WORD=5.622259777737781e-07
sam	O=0.9999974966049194|NORM_1WORD=1.985997187148314e-06|NORM_2WORD=3.6946730119780113e-07
čo'ek	NORM_1WORD=0.9995537400245667|O=0.00043977994937449694|NORM_2WORD=5.244278327154461e-06
.	O=0.9999961853027344|NORM_2WORD=1.8614288137541735e-06|NORM_1WORD=1.474788177802111e-06

verovatno	O=0.9999945163726807|NORM_1WORD=5.1663537306012586e-06|NORM_2WORD=2.484688366166665e-07
je	O=0.999990701675415|NORM_1WORD=9.016065632749815e-06|NORM_2WORD=2.833400856161461e-07
već	O=0.999996542930603|NORM_1WORD=2.831425490512629e-06|NORM_2WORD=5.013961299482617e-07
obezbedila	O=0.9999858140945435|NORM_1WORD=1.3227074305177666e-05|NORM_2WORD=7.703912956458225e-07
med.	NORM_1WORD=0.9982445240020752|O=0.0017383602680638433|NORM_2WORD=1.4842941709503066e-05
sestru	O=0.9999837875366211|NORM_1WORD=1.506930038885912e-05|NORM_2WORD=8.459736591248657e-07
da	O=0.9999977350234985|NORM_1WORD=1.8523101061873604e-06|NORM_2WORD=3.0014805929567956e-07
joj	O=0.9999969005584717|NORM_1WORD=2.8475956241891254e-06|NORM_2WORD=2.8569377263920614e-07
menja	O=0.9999613761901855|NORM_1WORD=3.4263568522874266e-05|NORM_2WORD=3.2492469017597614e-06
pelene	O=0.9999345541000366|NORM_1WORD=6.395254604285583e-05|NORM_2WORD=1.0217843282589456e-06
.	O=0.9999974966049194|NORM_1WORD=1.434956743651128e-06|NORM_2WORD=8.484333875458105e-07

nije	O=0.9999903440475464|NORM_1WORD=9.023459824675228e-06|NORM_2WORD=4.319668960306444e-07
samo	O=0.9999918937683105|NORM_1WORD=6.359198778227437e-06|NORM_2WORD=1.1816867981906398e-06
zato	O=0.9999902248382568|NORM_1WORD=8.434950359514914e-06|NORM_2WORD=1.0106156196343363e-06
sto	NORM_1WORD=0.9999703168869019|O=1.6530637367395684e-05|NORM_2WORD=9.062778190127574e-06
u	O=0.9999960660934448|NORM_1WORD=3.3087362680817023e-06|NORM_2WORD=5.028875307289127e-07
nepusackom	NORM_1WORD=0.9999524354934692|O=4.3586347601376474e-05|NORM_2WORD=3.101602487731725e-06
hotelu	O=0.9999773502349854|NORM_1WORD=1.95199409063207e-05|NORM_2WORD=2.4911907985369908e-06
jedino	O=0.9999860525131226|NORM_1WORD=1.1805282156274188e-05|NORM_2WORD=1.5754131936773774e-06
mesto	O=0.9999951124191284|NORM_1WORD=4.153299414610956e-06|NORM_2WORD=6.069644769013394e-07
gde	O=0.9999953508377075|NORM_1WORD=3.108300006715581e-06|NORM_2WORD=1.2946514971190481e-06
mogu	O=0.9999959468841553|NORM_1WORD=2.7252681320533156e-06|NORM_2WORD=9.397092526342021e-07
da	O=0.9999963045120239|NORM_1WORD=2.9773591450066306e-06|NORM_2WORD=5.638372613248066e-07
zapalim	O=0.9999918937683105|NORM_1WORD=7.8421826401609e-06|NORM_2WORD=2.734010138283338e-07
je	O=0.9999974966049194|NORM_1WORD=2.1595162706944393e-06|NORM_2WORD=2.7337412689121265e-07
wc	O=0.9999891519546509|NORM_1WORD=9.147052878688555e-06|NORM_2WORD=1.3527979945138213e-06
.	O=0.999996542930603|NORM_1WORD=2.0728250547108473e-06|NORM_2WORD=1.0516224620005232e-06

al	NORM_1WORD=0.6745821833610535|O=0.3245849907398224|NORM_2WORD=0.0007136721396818757
kontam	O=0.9999456405639648|NORM_1WORD=5.385449912864715e-05|NORM_2WORD=3.841718694275187e-07
sto	NORM_1WORD=0.9999653100967407|NORM_2WORD=1.778846126399003e-05|O=9.485695045441389e-06
da	O=0.9999570846557617|NORM_1WORD=4.2390536691527814e-05|NORM_2WORD=4.636782477973611e-07
bacamo	O=0.9999825954437256|NORM_1WORD=1.6504660379723646e-05|NORM_2WORD=6.90055969698733e-07
pare	O=0.9998202919960022|NORM_1WORD=0.0001772734831320122|NORM_2WORD=1.92845550373022e-06
kad	O=0.999995231628418|NORM_1WORD=3.6391625144460704e-06|NORM_2WORD=8.007577889657114e-07
necemo	NORM_1WORD=0.9999793767929077|NORM_2WORD=9.360878721054178e-06|O=8.119442099996377e-06
nazad	O=0.9999690055847168|NORM_1WORD=2.9686063498957083e-05|NORM_2WORD=9.02314241102431e-07
?	O=0.999994158744812|NORM_1WORD=3.473059223324526e-06|NORM_2WORD=1.7452083511670935e-06

dvadeseti	O=0.9999837875366211|NORM_1WORD=1.6080797649919987e-05|NORM_2WORD=1.71568487417062e-07
'bem	NORM_1WORD=0.9999505281448364|O=3.980730616603978e-05|NORM_2WORD=7.446674771927064e-06
te	O=0.9998620748519897|NORM_1WORD=0.00013672906788997352|NORM_2WORD=9.906646027957322e-07
glupu	O=0.9998158812522888|NORM_1WORD=0.0001836842711782083|NORM_2WORD=3.9289946585086e-07
!	O=0.9999958276748657|NORM_1WORD=2.221862814622e-06|NORM_2WORD=1.5277501006494276e-06

@msekaric	O=0.9999973773956299|NORM_1WORD=1.8635838614500244e-06|NORM_2WORD=5.615754616883351e-07
ne	O=0.9999973773956299|NORM_1WORD=1.8275179627380567e-06|NORM_2WORD=5.798361826236942e-07
govorim	O=0.9999946355819702|NORM_1WORD=4.748514584207442e-06|NORM_2WORD=4.746800925659045e-07
o	O=0.999997615814209|NORM_1WORD=1.7561969798407517e-06|NORM_2WORD=5.20371031598188e-07
tome	O=0.9999350309371948|NORM_1WORD=5.590696673607454e-05|NORM_2WORD=5.785090252174996e-06
pisnju	NORM_1WORD=0.9983980059623718|O=0.0015966309001669288|NORM_2WORD=4.5438273446052335e-06
o	O=0.9999951124191284|NORM_1WORD=4.1456664803263266e-06|NORM_2WORD=6.033494059920486e-07
tome	O=0.9999362230300903|NORM_1WORD=6.148278771433979e-05|NORM_2WORD=1.6688735513525899e-06
gde	O=0.9999947547912598|NORM_1WORD=3.2965615446300944e-06|NORM_2WORD=1.5640704305042163e-06
škripi	O=0.99980229139328|NORM_1WORD=0.00019667576998472214|NORM_2WORD=8.565448297304101e-07
,	O=0.9999958276748657|NORM_1WORD=2.5901156277541304e-06|NORM_2WORD=1.2426917237462476e-06
nego	O=0.9999951124191284|NORM_1WORD=4.230682861816604e-06|NORM_2WORD=4.7252049739654467e-07
o	O=0.9999982118606567|NORM_1WORD=1.3707395964956959e-06|NORM_2WORD=3.815412412677688e-07
priči	O=0.9998348951339722|NORM_1WORD=0.00016431391122750938|NORM_2WORD=5.489097247846075e-07
o	O=0.9999978542327881|NORM_1WORD=1.6953493968685507e-06|NORM_2WORD=3.796377257003769e-07
tome	O=0.9999868869781494|NORM_1WORD=1.1881372302013915e-05|NORM_2WORD=8.861081255417957e-07
ko	O=0.9999972581863403|NORM_1WORD=2.1759383344033267e-06|NORM_2WORD=4.446393973012164e-07
je	O=0.9999958276748657|NORM_1WORD=3.715920001923223e-06|NORM_2WORD=3.0911755288798304e-07
šta	O=0.999992847442627|NORM_1WORD=6.538986326631857e-06|NORM_2WORD=4.805239086635993e-07
kad	O=0.999995231628418|NORM_1WORD=3.712906618602574e-06|NORM_2WORD=7.837718953851436e-07
rekao	O=0.9999597072601318|NORM_1WORD=3.255256888223812e-05|NORM_2WORD=5.674343356076861e-06
i	O=0.9999979734420776|NORM_1WORD=1.569417122482264e-06|NORM_2WORD=3.6496530242402514e-07
kako	O=0.9999948740005493|NORM_1WORD=4.1584235077607445e-06|NORM_2WORD=6.769084279767412e-07
je	O=0.9999946355819702|NORM_1WORD=4.793916104972595e-06|NORM_2WORD=4.463410334665241e-07
ko	O=0.9999969005584717|NORM_1WORD=2.6376699224783806e-06|NORM_2WORD=3.844231741823023e-07
kriv	O=0.9999933242797852|NORM_1WORD=6.199747076607309e-06|NORM_2WORD=3.084624324856122e-07
za	O=0.9999971389770508|NORM_1WORD=2.4044197743933182e-06|NORM_2WORD=3.2664931381987117e-07
ovu	O=0.999995231628418|NORM_1WORD=3.7587949464068515e-06|NORM_2WORD=6.997547643550206e-07
situaciju	O=0.9999920129776001|NORM_1WORD=7.269453362823697e-06|NORM_2WORD=5.163200285096536e-07
.	O=0.9999967813491821|NORM_1WORD=1.9221727143303724e-06|NORM_2WORD=9.318637239630334e-07

neke	O=0.9999842643737793|NORM_1WORD=1.508208970335545e-05|NORM_2WORD=5.244473300081154e-07
vređa	O=0.9997650980949402|NORM_1WORD=0.00023364892695099115|NORM_2WORD=1.0452655487824813e-06
kada	O=0.9999979734420776|NORM_1WORD=1.1729945299521205e-06|NORM_2WORD=5.529336704057641e-07
za	O=0.9999973773956299|NORM_1WORD=2.3492709715355886e-06|NORM_2WORD=2.551820728058374e-07
njih	O=0.9999936819076538|NORM_1WORD=5.630183295579627e-06|NORM_2WORD=4.422851418439677e-07
kažu	O=0.9999961853027344|NORM_1WORD=2.967695081679267e-06|NORM_2WORD=5.607912498817313e-07
da	O=0.9999977350234985|NORM_1WORD=1.8566661310615018e-06|NORM_2WORD=3.143179867493018e-07
su	O=0.9999947547912598|NORM_1WORD=4.811073722521542e-06|NORM_2WORD=3.4716455843408767e-07
simpatični	O=0.9999803304672241|NORM_1WORD=1.896717913041357e-05|NORM_2WORD=5.199542556511005e-07
.	O=0.9999972581863403|NORM_1WORD=1.3807516552333254e-06|NORM_2WORD=1.1253663387833512e-06

ima	O=0.9999586343765259|NORM_1WORD=3.594725058064796e-05|NORM_2WORD=4.050511961395387e-06
li	O=0.9999953508377075|NORM_1WORD=4.273741978977341e-06|NORM_2WORD=3.353789850280009e-07
išta	O=0.9999881982803345|NORM_1WORD=1.13334399429732e-05|NORM_2WORD=3.206910150765907e-07
morbidnije	O=0.9999626874923706|NORM_1WORD=3.682327951537445e-05|NORM_2WORD=3.6963771776754584e-07
od	O=0.9999936819076538|NORM_1WORD=5.950294507783838e-06|NORM_2WORD=2.164878623034383e-07
novog	O=0.9999966621398926|NORM_1WORD=2.521220267226454e-06|NORM_2WORD=6.497353410850337e-07
albuma	O=0.9999903440475464|NORM_1WORD=8.223307304433547e-06|NORM_2WORD=1.032088448482682e-06
tončija	O=0.9999148845672607|NORM_1WORD=8.46498878672719e-05|NORM_2WORD=3.8702467008988606e-07
huljića	O=0.9997935891151428|NORM_1WORD=0.0002057418751064688|NORM_2WORD=6.269753498600039e-07
?	O=0.999996542930603|NORM_1WORD=2.484467131580459e-06|NORM_2WORD=7.233107908177772e-07

čoveka	O=0.9999935626983643|NORM_1WORD=5.849295121151954e-06|NORM_2WORD=4.7610589604119014e-07
svog	O=0.9999973773956299|NORM_1WORD=1.972783138626255e-06|NORM_2WORD=4.853083055422758e-07
života	O=0.9999967813491821|NORM_1WORD=2.4910443698900053e-06|NORM_2WORD=6.280172328843037e-07
ću	O=0.9999958276748657|NORM_1WORD=2.6215445814159466e-06|NORM_2WORD=1.3555486475524958e-06
sresti	O=0.9999397993087769|NORM_1WORD=5.825625339639373e-05|NORM_2WORD=1.554795403535536e-06
kad	O=0.999997615814209|NORM_1WORD=1.3579514188677422e-06|NORM_2WORD=8.2100098097726e-07
nekom	O=0.9999858140945435|NORM_1WORD=1.3106155165587552e-05|NORM_2WORD=8.625431178188592e-07
nekromanseru	O=0.9997820258140564|NORM_1WORD=0.00021758643561042845|NORM_2WORD=3.4637940871107276e-07
dojadi	O=0.6168912649154663|NORM_1WORD=0.3830851912498474|NORM_2WORD=2.1738884242950007e-05
moja	O=0.9999936819076538|NORM_1WORD=4.990145043848315e-06|NORM_2WORD=1.096123469324084e-06
kuknjava	O=0.9987130165100098|NORM_1WORD=0.0012857201509177685|NORM_2WORD=1.1326087587804068e-06
po	O=0.9999890327453613|NORM_1WORD=1.0393247976026032e-05|NORM_2WORD=4.4605346261050727e-07
tw	O=0.9999170303344727|NORM_1WORD=7.961031224112958e-05|NORM_2WORD=2.9331511086638784e-06
pa	O=0.9999961853027344|NORM_1WORD=3.3923734008567408e-06|NORM_2WORD=4.0455660155203077e-07
pozove	O=0.9999591112136841|NORM_1WORD=3.9342939999187365e-05|NORM_2WORD=1.3049176459389855e-06
čoveka	O=0.9999899864196777|NORM_1WORD=9.399067494086921e-06|NORM_2WORD=4.721694040199509e-07
.	O=0.9999966621398926|NORM_1WORD=1.9869371499225963e-06|NORM_2WORD=1.0905941962846555e-06

pa	O=0.9999957084655762|NORM_1WORD=3.879715222865343e-06|NORM_2WORD=3.113441380264703e-07
sreco	NORM_1WORD=0.9999746084213257|O=1.8179254766437225e-05|NORM_2WORD=5.867095751455054e-06
iz	O=0.9999265670776367|NORM_1WORD=7.258908590301871e-05|NORM_2WORD=7.019550594122848e-07
te	O=0.9999897480010986|NORM_1WORD=9.64303944783751e-06|NORM_2WORD=4.194101563825825e-07
tasnice	NORM_1WORD=0.9998840093612671|O=0.00011310639820294455|NORM_2WORD=2.5408146484551253e-06
ce	NORM_1WORD=0.9999788999557495|O=1.4627384189225268e-05|NORM_2WORD=5.11688176629832e-06
te	O=0.9999886751174927|NORM_1WORD=1.0240926712867804e-05|NORM_2WORD=8.335169354722893e-07
nesto	NORM_1WORD=0.9999740123748779|O=1.954575054696761e-05|NORM_2WORD=5.045363650424406e-06
ujesti	O=0.9058588743209839|NORM_1WORD=0.09413332492113113|NORM_2WORD=6.792255589971319e-06
jednog	O=0.9999939203262329|NORM_1WORD=4.473432454688009e-06|NORM_2WORD=1.2389087942210608e-06
dana	O=0.9999954700469971|NORM_1WORD=3.555889634299092e-06|NORM_2WORD=7.672517767787213e-07
.	O=0.999996542930603|NORM_1WORD=1.9393276033952134e-06|NORM_2WORD=1.2395630619721487e-06

#štamubi	O=0.9999972581863403|NORM_1WORD=1.6639691011732793e-06|NORM_2WORD=8.65048207288055e-07
?	O=0.9999958276748657|NORM_2WORD=2.0034417502756696e-06|NORM_1WORD=1.6518365555384662e-06

opis	O=0.999963641166687|NORM_1WORD=3.520380050758831e-05|NORM_2WORD=8.370439559257647e-07
slike	O=0.9999089241027832|NORM_1WORD=8.546606841264293e-05|NORM_2WORD=4.002389687229879e-06
obesila	O=0.9999656677246094|NORM_1WORD=3.369010300957598e-05|NORM_2WORD=5.595577476924518e-07
mu	O=0.9999905824661255|NORM_1WORD=8.786988473730162e-06|NORM_2WORD=4.514704983193951e-07
se	O=0.9999960660934448|NORM_1WORD=3.6158623970550252e-06|NORM_2WORD=2.624796024974785e-07
oko	O=0.9999954700469971|NORM_1WORD=3.7759805309178773e-06|NORM_2WORD=5.816672796754574e-07
vrata	O=0.9999955892562866|NORM_1WORD=3.767287125810981e-06|NORM_2WORD=4.864176048613444e-07
on	O=0.9998607635498047|NORM_1WORD=0.00013504472735803574|NORM_2WORD=3.0152259569149464e-06
mju	NORM_1WORD=0.999702513217926|O=0.00028164940886199474|NORM_2WORD=1.2948546100233216e-05
zagrlio	O=0.999951958656311|NORM_1WORD=4.628086753655225e-05|NORM_2WORD=1.4442144902204745e-06
radi	O=0.9999914169311523|NORM_1WORD=8.117185643641278e-06|NORM_2WORD=3.7550884712800325e-07
reda	O=0.99998939037323|NORM_1WORD=9.79716241999995e-06|NORM_2WORD=6.271364441090554e-07
zatvorila	O=0.9999613761901855|NORM_1WORD=3.760910840355791e-05|NORM_2WORD=7.958886385495134e-07
oči	O=0.9999827146530151|NORM_1WORD=1.555697963340208e-05|NORM_2WORD=1.2816357184419758e-06
,	O=0.9999938011169434|NORM_1WORD=4.22478660766501e-06|NORM_2WORD=1.601037638465641e-06
i	O=0.9999972581863403|NORM_1WORD=2.2979925233812537e-06|NORM_2WORD=3.456177637417568e-07
nabila	O=0.999984622001648|NORM_1WORD=1.43133484016289e-05|NORM_2WORD=8.578963388572447e-07
njenu	O=0.999974250793457|NORM_1WORD=2.533686529204715e-05|NORM_2WORD=3.4175081964349374e-07
facu	O=0.9997683167457581|NORM_1WORD=0.0002295659651281312|NORM_2WORD=1.5351539559560479e-06
u	O=0.9999773502349854|NORM_1WORD=2.1783027477795258e-05|NORM_2WORD=6.324574997051968e-07
njegovu	O=0.9999256134033203|NORM_1WORD=7.138352520996705e-05|NORM_2WORD=2.2513108888233546e-06
.	O=0.9999970197677612|NORM_1WORD=2.045730752797681e-06|NORM_2WORD=7.661620315957407e-07

a	O=0.9999966621398926|NORM_1WORD=2.927898322013789e-06|NORM_2WORD=3.711706426656747e-07
on	O=0.9998679161071777|NORM_1WORD=0.00013044242223259062|NORM_2WORD=1.1425471484471927e-06
je	O=0.9999914169311523|NORM_1WORD=8.277859706140589e-06|NORM_2WORD=2.896702824273234e-07
retardinjo	NORM_1WORD=0.9890533089637756|O=0.010943547822535038|NORM_2WORD=2.781664306894527e-06
.	O=0.9999973773956299|NORM_1WORD=1.621650312699785e-06|NORM_2WORD=8.091886343208898e-07

kažu	O=0.999990701675415|NORM_1WORD=6.810026661696611e-06|NORM_2WORD=1.6193259853025666e-06
"	O=0.9999964237213135|NORM_1WORD=1.6350222722394392e-06|NORM_2WORD=1.38598522880784e-06
kakve	O=0.9999946355819702|NORM_1WORD=4.674914180213818e-06|NORM_2WORD=5.543680003938789e-07
su	O=0.9999967813491821|NORM_1WORD=2.7771725399361458e-06|NORM_2WORD=3.200088087851327e-07
ti	O=0.999995231628418|NORM_1WORD=3.918246875400655e-06|NORM_2WORD=5.827665177093877e-07
misli	O=0.9999853372573853|NORM_1WORD=1.2483274076657835e-05|NORM_2WORD=1.6482141518281423e-06
takav	O=0.9999006986618042|NORM_1WORD=9.661634976509959e-05|NORM_2WORD=2.0787372250197222e-06
si	O=0.9999979734420776|NORM_1WORD=1.5430902067237184e-06|NORM_2WORD=3.2911427183535125e-07
i	O=0.9999978542327881|NORM_1WORD=1.657693246670533e-06|NORM_2WORD=3.7056346968711296e-07
ti	O=0.9999977350234985|NORM_1WORD=1.6830463209771551e-06|NORM_2WORD=4.722626840703015e-07
"	O=0.9999954700469971|NORM_1WORD=3.1779450182511937e-06|NORM_2WORD=1.121026116379653e-06
...	O=0.9999957084655762|NORM_1WORD=2.7068615509051597e-06|NORM_2WORD=1.1435575970608625e-06

ima	O=0.9999804496765137|NORM_1WORD=1.7240046872757375e-05|NORM_2WORD=1.693967305982369e-06
lik	O=0.999974250793457|NORM_1WORD=2.4192708224290982e-05|NORM_2WORD=1.2475380799514824e-06
u	O=0.9999847412109375|NORM_1WORD=1.4627064047090244e-05|NORM_2WORD=4.2125398636017053e-07
pancevu	NORM_1WORD=0.9985231757164001|O=0.0014743371866643429|NORM_2WORD=2.114802782671177e-06
,	O=0.9999971389770508|NORM_1WORD=1.8824514427251415e-06|NORM_2WORD=8.082459430625022e-07
matori	O=0.9906936287879944|NORM_1WORD=0.009299438446760178|NORM_2WORD=5.544008217839291e-06
bajker	O=0.9999853372573853|NORM_1WORD=1.383470771543216e-05|NORM_2WORD=6.134674777058535e-07
,	O=0.9999960660934448|NORM_1WORD=3.0960220556153217e-06|NORM_2WORD=6.711337618980906e-07
inace	NORM_1WORD=0.9999649524688721|O=3.132265555905178e-05|NORM_2WORD=3.006592123711016e-06
zaludjen	NORM_1WORD=0.9999438524246216|O=5.13438499183394e-05|NORM_2WORD=3.876988103002077e-06
amerikom	O=0.9981735944747925|NORM_1WORD=0.00182226556353271|NORM_2WORD=3.1206413950712886e-06
,	O=0.9999964237213135|NORM_1WORD=2.3679110654484248e-06|NORM_2WORD=1.0059561645903159e-06
cerkama	NORM_1WORD=0.9999557733535767|O=4.0775546949589625e-05|NORM_2WORD=2.8278882382437587e-06
je	O=0.9999794960021973|NORM_1WORD=1.9784765754593536e-05|NORM_2WORD=5.621591299131978e-07
dao	O=0.9999903440475464|NORM_1WORD=9.036144547280855e-06|NORM_2WORD=4.3194299337301345e-07
imena	O=0.9999878406524658|NORM_1WORD=1.1575443750189152e-05|NORM_2WORD=4.998481699658441e-07
virdzinija	O=0.9984481334686279|NORM_1WORD=0.0015493265818804502|NORM_2WORD=2.0981715351808816e-06
i	O=0.9999772310256958|NORM_1WORD=2.0723849956993945e-05|NORM_2WORD=1.3731051922150073e-06
dzordzija	NORM_1WORD=0.9824398756027222|O=0.017552215605974197|NORM_2WORD=7.377776455541607e-06
.	O=0.9999961853027344|NORM_1WORD=2.6269210593454773e-06|NORM_2WORD=9.80745085144008e-07

u	O=0.9999915361404419|NORM_1WORD=7.870650733821094e-06|NORM_2WORD=4.92831816245598e-07
mortal	O=0.9979010820388794|NORM_1WORD=0.002097141230478883|NORM_2WORD=1.506676198914647e-06
kombatu	O=0.9997373223304749|NORM_1WORD=0.0002613037941046059|NORM_2WORD=1.0142244946109713e-06
nikad	O=0.9999963045120239|NORM_1WORD=2.9075818019919097e-06|NORM_2WORD=6.242979111448221e-07
nisam	O=0.9999957084655762|NORM_1WORD=3.2368570828111842e-06|NORM_2WORD=6.840396054030862e-07
birala	O=0.9999936819076538|NORM_1WORD=5.77036462345859e-06|NORM_2WORD=4.7262795987990103e-07
shao	O=0.9999176263809204|NORM_1WORD=8.067348244367167e-05|NORM_2WORD=1.2883068620794802e-06
khan-a	O=0.9998964071273804|NORM_1WORD=0.00010274282976752147|NORM_2WORD=7.288384722414776e-07
jer	O=0.9999935626983643|NORM_1WORD=5.3407056839205325e-06|NORM_2WORD=8.023724262784526e-07
mi	O=0.9999949932098389|NORM_1WORD=4.215804892737651e-06|NORM_2WORD=5.608013111668697e-07
je	O=0.9999881982803345|NORM_1WORD=1.1223354704270605e-05|NORM_2WORD=4.876281423094042e-07
delovao	O=0.9999243021011353|NORM_1WORD=7.503233064198866e-05|NORM_2WORD=6.221229682523699e-07
kao	O=0.9999768733978271|NORM_1WORD=1.9198361769667827e-05|NORM_2WORD=3.1643255624658195e-06
da	O=0.9999948740005493|NORM_1WORD=4.653169071389129e-06|NORM_2WORD=3.938668839964521e-07
će	O=0.9999816417694092|NORM_1WORD=1.7347318134852685e-05|NORM_2WORD=7.783712590025971e-07
da	O=0.9999940395355225|NORM_1WORD=5.4145116337167565e-06|NORM_2WORD=5.004799277230632e-07
umesto	O=0.9999951124191284|NORM_1WORD=4.419764991325792e-06|NORM_2WORD=3.659942251488246e-07
finish	O=0.9999845027923584|NORM_1WORD=1.4375755199580453e-05|NORM_2WORD=8.892509981706098e-07
move-a	O=0.9997676014900208|NORM_1WORD=0.00023158773547038436|NORM_2WORD=7.530055654569878e-07
zapali	O=0.9999411106109619|NORM_1WORD=5.703042552340776e-05|NORM_2WORD=1.4386891962203663e-06
negde	O=0.99998939037323|NORM_1WORD=9.409500307810958e-06|NORM_2WORD=1.01277203157224e-06
na	O=0.999984622001648|NORM_1WORD=1.460048406443093e-05|NORM_2WORD=5.650623506880947e-07
pivo	O=0.999915599822998|NORM_1WORD=8.241310570156202e-05|NORM_2WORD=1.6202485539906775e-06
i	O=0.9999970197677612|NORM_1WORD=2.5041883873200277e-06|NORM_2WORD=3.570644935280143e-07
sjebe	O=0.9999591112136841|NORM_1WORD=3.9244492654688656e-05|NORM_2WORD=1.3185053830966353e-06
mi	O=0.9999963045120239|NORM_1WORD=3.24817665386945e-06|NORM_2WORD=3.6636760114561184e-07
sve	O=0.9999901056289673|NORM_1WORD=8.399028956773691e-06|NORM_2WORD=1.1359273912603385e-06
.	O=0.999996542930603|NORM_1WORD=2.224115860371967e-06|NORM_2WORD=9.88020019576652e-07

gradonacelnika	NORM_1WORD=0.9997538924217224|O=0.00024315770133398473|NORM_2WORD=2.567040155554423e-06
nisa	NORM_1WORD=0.7018916010856628|O=0.2980966567993164|NORM_2WORD=1.1017021279258188e-05
,	O=0.9999963045120239|NORM_1WORD=1.7878326161735458e-06|NORM_2WORD=1.4004943977852236e-06
ministar	O=0.9999959468841553|NORM_1WORD=2.9584339245047886e-06|NORM_2WORD=7.847006031624915e-07
odbrane	O=0.999995231628418|NORM_1WORD=3.694081897265278e-06|NORM_2WORD=8.026149203033128e-07
shisha	O=0.9880296587944031|NORM_1WORD=0.011964705772697926|NORM_2WORD=5.006543233321281e-06
!	O=0.9999963045120239|NORM_1WORD=2.2685360363539075e-06|NORM_2WORD=1.1290309203104698e-06

uzece	NORM_1WORD=0.9999758005142212|O=1.9374767362023704e-05|NORM_2WORD=3.892368567903759e-06
po	O=0.9999911785125732|NORM_1WORD=8.342773071490228e-06|NORM_2WORD=3.202940206392668e-07
hiljadarku	O=0.9999680519104004|NORM_1WORD=3.168554030708037e-05|NORM_2WORD=2.4473621351717156e-07
od	O=0.999996542930603|NORM_1WORD=3.1158572255662875e-06|NORM_2WORD=2.662363840499893e-07
svakog	O=0.9999954700469971|NORM_1WORD=3.919589289580472e-06|NORM_2WORD=4.304212950501096e-07
?	O=0.999996542930603|NORM_1WORD=2.232654651379562e-06|NORM_2WORD=9.430765430806787e-07

od	O=0.9999971389770508|NORM_1WORD=2.5436577288928675e-06|NORM_2WORD=2.901455502524186e-07
svih	O=0.9999963045120239|NORM_1WORD=2.6939376311929664e-06|NORM_2WORD=6.75473870614951e-07
svojih	O=0.999995231628418|NORM_1WORD=4.172980879957322e-06|NORM_2WORD=5.180643256608164e-07
mana	O=0.9999058246612549|NORM_1WORD=8.675384742673486e-05|NORM_2WORD=6.250829301279737e-06
najviše	O=0.9999947547912598|NORM_1WORD=4.252950930094812e-06|NORM_2WORD=8.658417414153519e-07
volim	O=0.9999963045120239|NORM_1WORD=2.8158842724224087e-06|NORM_2WORD=6.226307505130535e-07
to	O=0.9999943971633911|NORM_1WORD=4.31594526162371e-06|NORM_2WORD=8.450730888398539e-07
što	O=0.9999959468841553|NORM_1WORD=3.3705405257933307e-06|NORM_2WORD=5.295850087350118e-07
racionalno	O=0.9999929666519165|NORM_1WORD=6.5419126258348115e-06|NORM_2WORD=3.6582699181053613e-07
shvatim	O=0.9999957084655762|NORM_1WORD=3.639060196292121e-06|NORM_2WORD=4.814729663848993e-07
da	O=0.9999979734420776|NORM_1WORD=1.4917027328920085e-06|NORM_2WORD=4.423376367412857e-07
se	O=0.9999974966049194|NORM_1WORD=2.0459522147575626e-06|NORM_2WORD=3.2719006526349403e-07
nekome	O=0.9999946355819702|NORM_1WORD=4.769173756358214e-06|NORM_2WORD=4.4047848746231466e-07
prosto	O=0.9999815225601196|NORM_1WORD=1.6742327716201544e-05|NORM_2WORD=1.213808786815207e-06
ne	O=0.9999954700469971|NORM_1WORD=3.838828888547141e-06|NORM_2WORD=4.793899961441639e-07
sviđam	O=0.999992847442627|NORM_1WORD=6.503803888335824e-06|NORM_2WORD=4.5775360035804624e-07
.	O=0.9999972581863403|NORM_1WORD=1.4670185919385403e-06|NORM_2WORD=9.551553148412495e-07

kad	O=0.9999960660934448|NORM_1WORD=2.7692415187630104e-06|NORM_2WORD=8.364271479877061e-07
je	O=0.9999109506607056|NORM_1WORD=8.778337360126898e-05|NORM_2WORD=1.0098524398927111e-06
nsatavak	NORM_1WORD=0.9973316192626953|O=0.002661122241988778|NORM_2WORD=6.133815531939035e-06
serije	O=0.9999788999557495|NORM_1WORD=1.8931857994175516e-05|NORM_2WORD=1.6221306395891588e-06
jedva	O=0.9999878406524658|NORM_1WORD=1.0359501175116748e-05|NORM_2WORD=1.3063870483165374e-06
cekam	NORM_1WORD=0.9999316930770874|O=6.401802238542587e-05|NORM_2WORD=3.739171233974048e-06
!	O=0.9999957084655762|NORM_1WORD=2.2851302219351055e-06|NORM_2WORD=1.3991104879096383e-06

@srdjl	O=0.9999972581863403|NORM_1WORD=1.6187823348445818e-06|NORM_2WORD=8.964403832578682e-07
hajmo	O=0.9999948740005493|NORM_1WORD=4.671403075917624e-06|NORM_2WORD=4.1717760268511483e-07
sad	O=0.999997615814209|NORM_1WORD=1.673947622293781e-06|NORM_2WORD=5.780827905255137e-07
ponovo	O=0.9999971389770508|NORM_1WORD=1.9770391190832015e-06|NORM_2WORD=6.992638077463198e-07
.	O=0.9999949932098389|NORM_2WORD=2.4557316464779433e-06|NORM_1WORD=1.708817308099242e-06

nije	O=0.9999955892562866|NORM_1WORD=4.0059289858618286e-06|NORM_2WORD=2.9575514304269745e-07
puno	O=0.9999361038208008|NORM_1WORD=6.295592902461067e-05|NORM_2WORD=7.622659268236021e-07
majku	O=0.9999392032623291|NORM_1WORD=6.019415377522819e-05|NORM_2WORD=5.160038654139498e-07
mu	O=0.9999315738677979|NORM_1WORD=6.77811331115663e-05|NORM_2WORD=5.078005642644712e-07
!	O=0.9999967813491821|NORM_1WORD=1.6336573480657535e-06|NORM_2WORD=1.1862960036523873e-06

ljudi	O=0.9999375343322754|NORM_1WORD=5.7545363233657554e-05|NORM_2WORD=3.3144922326755477e-06
se	O=0.9999856948852539|NORM_1WORD=1.3698045222554356e-05|NORM_2WORD=4.2324487026235147e-07
šetaju	O=0.9999650716781616|NORM_1WORD=3.408779593883082e-05|NORM_2WORD=5.850899924553232e-07
u	O=0.9999957084655762|NORM_1WORD=3.854670467262622e-06|NORM_2WORD=3.539705915045488e-07
kratkim	O=0.9999701976776123|NORM_1WORD=2.8309230401646346e-05|NORM_2WORD=1.0590149486233713e-06
rukavima	O=0.9999582767486572|NORM_1WORD=4.116598574910313e-05|NORM_2WORD=4.574820025027293e-07
,	O=0.9999959468841553|NORM_1WORD=2.2623605673288694e-06|NORM_2WORD=1.363579826829664e-06
a	O=0.9999957084655762|NORM_1WORD=3.737293127414887e-06|NORM_2WORD=4.35879371707415e-07
jedan	O=0.999995231628418|NORM_1WORD=3.9169467527244706e-06|NORM_2WORD=6.408414492398151e-07
čovek	O=0.999987006187439|NORM_1WORD=1.236710977536859e-05|NORM_2WORD=4.5890530486758507e-07
je	O=0.9999885559082031|NORM_1WORD=1.0849622412933968e-05|NORM_2WORD=4.247831100201438e-07
u	O=0.9999957084655762|NORM_1WORD=3.822335202130489e-06|NORM_2WORD=3.568924284991226e-07
grubin	O=0.8977761268615723|NORM_1WORD=0.10221807658672333|NORM_2WORD=4.868229552812409e-06
sandalama	O=0.9999676942825317|NORM_1WORD=3.1273015338229015e-05|NORM_2WORD=6.973944550736633e-07
.	O=0.9999973773956299|NORM_1WORD=1.6215822142839897e-06|NORM_2WORD=7.691544396948302e-07

al	O=0.863976001739502|NORM_1WORD=0.1357656717300415|NORM_2WORD=0.00022222206462174654
je	O=0.9999932050704956|NORM_1WORD=6.694311650790041e-06|NORM_2WORD=1.692250464202516e-07
inspekciji	O=0.9992881417274475|NORM_1WORD=0.0007113085594028234|NORM_2WORD=4.839088774133415e-07
,	O=0.9999963045120239|NORM_1WORD=2.4226960704254452e-06|NORM_2WORD=1.039805624714063e-06
očigledno	O=0.9999709129333496|NORM_1WORD=2.8087044483982027e-05|NORM_2WORD=6.596638399969379e-07
,	O=0.9999963045120239|NORM_1WORD=2.3302507088374114e-06|NORM_2WORD=1.1068894991694833e-06
vučić	O=0.9999849796295166|NORM_1WORD=1.4231876775738783e-05|NORM_2WORD=6.014830091771728e-07
uzor	O=0.9999803304672241|NORM_1WORD=1.8855038433684967e-05|NORM_2WORD=5.833895215801022e-07
i	O=0.9999945163726807|NORM_1WORD=4.865769824391464e-06|NORM_2WORD=4.4456356818045606e-07
njegovo	O=0.9998894929885864|NORM_1WORD=0.00010603363625705242|NORM_2WORD=3.239051466152887e-06
čuveno	O=0.9999618530273438|NORM_1WORD=3.70354755432345e-05|NORM_2WORD=8.120471193251433e-07
-	O=0.9997970461845398|NORM_1WORD=0.00019952743605244905|NORM_2WORD=2.985186483783764e-06
od	O=0.9999948740005493|NORM_1WORD=4.743989848066121e-06|NORM_2WORD=2.820256668201182e-07
sutra	O=0.9999969005584717|NORM_1WORD=2.3510247046942823e-06|NORM_2WORD=6.441599111894902e-07
počinjemo	O=0.9999946355819702|NORM_1WORD=4.77236790175084e-06|NORM_2WORD=4.229218291129655e-07
da	O=0.9999963045120239|NORM_1WORD=3.3611943308642367e-06|NORM_2WORD=2.384099673236051e-07
hapsimo	O=0.6436077952384949|NORM_1WORD=0.35635530948638916|NORM_2WORD=3.457843922660686e-05
kriminalce	O=0.9999814033508301|NORM_1WORD=1.762175452313386e-05|NORM_2WORD=7.230528922264057e-07
.	O=0.9999970197677612|NORM_1WORD=2.0929960555804428e-06|NORM_2WORD=7.505554435738304e-07

danas	O=0.9999943971633911|NORM_1WORD=4.654853455576813e-06|NORM_2WORD=6.884228014314431e-07
povratak	O=0.9999676942825317|NORM_1WORD=3.125733201159164e-05|NORM_2WORD=8.720556934349588e-07
u	O=0.9999932050704956|NORM_1WORD=6.243260941118933e-06|NORM_2WORD=3.938831412142463e-07
redovne	O=0.9999896287918091|NORM_1WORD=9.38188713917043e-06|NORM_2WORD=6.890953727634042e-07
tokove	O=0.9999785423278809|NORM_1WORD=2.0610879801097326e-05|NORM_2WORD=5.766654567196383e-07
rada	O=0.9999831914901733|NORM_1WORD=1.4611802725994494e-05|NORM_2WORD=1.6174232086996199e-06
,	O=0.999995231628418|NORM_1WORD=2.39245264310739e-06|NORM_2WORD=1.7703298453852767e-06
prethodna	O=0.9999861717224121|NORM_1WORD=1.3440692782751285e-05|NORM_2WORD=3.883633610257675e-07
tri	O=0.9999938011169434|NORM_1WORD=5.272268026601523e-06|NORM_2WORD=6.631810833823693e-07
dana	O=0.9999943971633911|NORM_1WORD=4.617342710844241e-06|NORM_2WORD=6.710525894959574e-07
su	O=0.9999750852584839|NORM_1WORD=2.4141858375514857e-05|NORM_2WORD=5.981627282380941e-07
me	O=0.9999964237213135|NORM_1WORD=3.0417861580644967e-06|NORM_2WORD=3.964965742397908e-07
iscedila	NORM_1WORD=0.9983218312263489|O=0.0016653754282742739|NORM_2WORD=1.1567857654881664e-05
,	O=0.9999948740005493|NORM_1WORD=2.9353857371461345e-06|NORM_2WORD=1.688343445493956e-06
ali	O=0.9999963045120239|NORM_1WORD=2.9295952117536217e-06|NORM_2WORD=5.440032850856369e-07
se	O=0.9999954700469971|NORM_1WORD=4.208696282148594e-06|NORM_2WORD=2.74328158411663e-07
dosta	O=0.9999966621398926|NORM_1WORD=2.991394239870715e-06|NORM_2WORD=2.873599953545636e-07
toga	O=0.999994158744812|NORM_1WORD=5.009573214920238e-06|NORM_2WORD=6.153192089186632e-07
naučilo	O=0.9999791383743286|NORM_1WORD=2.0030653104186058e-05|NORM_2WORD=6.087703923185472e-07
.	O=0.9999967813491821|NORM_1WORD=2.1141177057870664e-06|NORM_2WORD=8.554508781344339e-07

osvrni	O=0.9999903440475464|NORM_1WORD=9.067351129488088e-06|NORM_2WORD=5.151485993337701e-07
se	O=0.9999977350234985|NORM_1WORD=1.912324705699575e-06|NORM_2WORD=2.866798354261846e-07
na	O=0.9999963045120239|NORM_1WORD=3.1069132546690525e-06|NORM_2WORD=4.877622927779157e-07
tvrđavu	O=0.9999239444732666|NORM_1WORD=7.454239676008001e-05|NORM_2WORD=1.1408624231989961e-06
gde	O=0.9999922513961792|NORM_1WORD=5.2918449000571854e-06|NORM_2WORD=2.079673322441522e-06
si	O=0.9999922513961792|NORM_1WORD=7.128226116037695e-06|NORM_2WORD=4.816255909645406e-07
me	O=0.9999971389770508|NORM_1WORD=2.4352320906473324e-06|NORM_2WORD=3.8261060808508773e-07
ljubio	O=0.9999955892562866|NORM_1WORD=3.9684791772742756e-06|NORM_2WORD=3.245776269977796e-07
.	O=0.9999966621398926|NORM_1WORD=1.9226877157052513e-06|NORM_2WORD=1.0526861160542467e-06

hvala	O=0.9999816417694092|NORM_1WORD=1.4373329577210825e-05|NORM_2WORD=2.832825430232333e-06
bogu	O=0.9999912977218628|NORM_1WORD=8.368656381207984e-06|NORM_2WORD=2.3396904680339503e-07
,	O=0.9999946355819702|NORM_1WORD=2.2545648334926227e-06|NORM_2WORD=2.2200431430974277e-06
uvek	O=0.999980092048645|NORM_1WORD=1.9074252122663893e-05|NORM_2WORD=7.605277119182574e-07
ima	O=0.9999827146530151|NORM_1WORD=1.5552410332020372e-05|NORM_2WORD=1.3545940191761474e-06
i	O=0.9999960660934448|NORM_1WORD=3.4957417938130675e-06|NORM_2WORD=3.6573391071215156e-07
dobrih	O=0.9999946355819702|NORM_1WORD=4.364536380307982e-06|NORM_2WORD=7.437786280206637e-07
preobražaja	O=0.9999735355377197|NORM_1WORD=2.6026797058875673e-05|NORM_2WORD=3.856509351862769e-07
.	O=0.9999970197677612|NORM_1WORD=1.6102702602438512e-06|NORM_2WORD=1.0605291436149855e-06

rekapitulacija	O=0.9999842643737793|NORM_1WORD=1.5126671314646956e-05|NORM_2WORD=5.17953424150619e-07
predjasnjeg	NORM_1WORD=0.9997096657752991|O=0.0002839305379893631|NORM_2WORD=5.028824034525314e-06
tvita	O=0.9999750852584839|NORM_1WORD=2.414964183117263e-05|NORM_2WORD=5.388824320107233e-07
:	O=0.9999964237213135|NORM_1WORD=1.947262944668182e-06|NORM_2WORD=1.217248950524663e-06
dajem	O=0.9998962879180908|NORM_1WORD=0.00010344785550842062|NORM_2WORD=2.9193392947490793e-07
decka	NORM_1WORD=0.9999470710754395|O=4.869111216976307e-05|NORM_2WORD=3.5964135349786375e-06
na	O=0.9999881982803345|NORM_1WORD=1.1363809790054802e-05|NORM_2WORD=3.667593375666911e-07
moru	O=0.9999004602432251|NORM_1WORD=9.936255810316652e-05|NORM_2WORD=1.765236845585605e-07
za	O=0.9999901056289673|NORM_1WORD=9.406717254023533e-06|NORM_2WORD=3.605082383728586e-07
smoki	O=0.9683915972709656|NORM_1WORD=0.031600791960954666|NORM_2WORD=6.871937785035698e-06
odmah	O=0.9999918937683105|NORM_1WORD=7.18598130333703e-06|NORM_2WORD=7.309170655389607e-07
.	O=0.999997615814209|NORM_1WORD=1.4417112197406823e-06|NORM_2WORD=7.263891461661842e-07

kad	O=0.9999959468841553|NORM_1WORD=1.9057417830481427e-06|NORM_2WORD=1.5912714843580034e-06
im	O=0.999991774559021|NORM_1WORD=7.3865421654772945e-06|NORM_2WORD=5.892927106287971e-07
se	O=0.9999969005584717|NORM_1WORD=2.620369969008607e-06|NORM_2WORD=3.1262149491340097e-07
najviše	O=0.9999942779541016|NORM_1WORD=4.804386662726756e-06|NORM_2WORD=7.01276633208181e-07
obraduješ	O=0.9999958276748657|NORM_1WORD=3.4788297398336e-06|NORM_2WORD=5.611227607005276e-07
,	O=0.9999957084655762|NORM_2WORD=1.956613687070785e-06|NORM_1WORD=1.7676567267699284e-06
oni	O=0.9999902248382568|NORM_1WORD=8.130432433972601e-06|NORM_2WORD=1.1756307003452093e-06
se	O=0.9999898672103882|NORM_1WORD=9.503612091066316e-06|NORM_2WORD=4.695326083492546e-07
istope	O=0.9999672174453735|NORM_1WORD=3.2356059818994254e-05|NORM_2WORD=3.7347331272030715e-07
i	O=0.9999943971633911|NORM_1WORD=4.61492618342163e-06|NORM_2WORD=6.623699277952255e-07
nestanu	O=0.9999890327453613|NORM_1WORD=9.979972674045712e-06|NORM_2WORD=7.100111361069139e-07
.	O=0.9999972581863403|NORM_1WORD=1.4424698520087986e-06|NORM_2WORD=9.918035175360274e-07

ovi	O=0.9999842643737793|NORM_1WORD=1.4204326362232678e-05|NORM_2WORD=1.027561552291445e-06
napaljeni	O=0.9999653100967407|NORM_1WORD=3.306273720227182e-05|NORM_2WORD=1.1358895335433772e-06
stave	O=0.9996635913848877|NORM_1WORD=0.0003349390462972224|NORM_2WORD=1.2690841231233208e-06
tvit	O=0.9998892545700073|NORM_1WORD=0.00010915270104305819|NORM_2WORD=1.0990244163622265e-06
pička	O=0.9990381002426147|NORM_1WORD=0.0009578465833328664|NORM_2WORD=3.5583409498940455e-06
,	O=0.9999954700469971|NORM_1WORD=2.2960277874517487e-06|NORM_2WORD=1.5969930018400191e-06
vraćaju	O=0.9999938011169434|NORM_1WORD=5.622478511213558e-06|NORM_2WORD=4.4108639940532157e-07
se	O=0.9999971389770508|NORM_1WORD=2.6184295620623743e-06|NORM_2WORD=2.098665703442748e-07
tri	O=0.9999961853027344|NORM_1WORD=2.5257820652768714e-06|NORM_2WORD=9.700180498839472e-07
puta	O=0.9999957084655762|NORM_1WORD=3.693653752634418e-06|NORM_2WORD=5.115373937769618e-07
sami	O=0.999995231628418|NORM_1WORD=4.195806923235068e-06|NORM_2WORD=4.6439294010269805e-07
svoj	O=0.9999951124191284|NORM_1WORD=4.410043402458541e-06|NORM_2WORD=3.4745414723147405e-07
tvit	O=0.9998667240142822|NORM_1WORD=0.0001312620152020827|NORM_2WORD=1.2773969046975253e-06
da	O=0.9999971389770508|NORM_1WORD=2.4796279376460006e-06|NORM_2WORD=2.994725321059377e-07
pročitaju	O=0.9999827146530151|NORM_1WORD=1.621338196855504e-05|NORM_2WORD=7.772698040753312e-07
ne	O=0.9999972581863403|NORM_1WORD=1.8881205505749676e-06|NORM_2WORD=6.540433901136566e-07
bi	O=0.9970428347587585|NORM_1WORD=0.0029554080683737993|NORM_2WORD=1.4945103430363815e-06
li	O=0.9999974966049194|NORM_1WORD=1.9688327483891044e-06|NORM_2WORD=4.4382778696672176e-07
izdrkali	O=0.9997066855430603|NORM_1WORD=0.00029137422097846866|NORM_2WORD=1.5228215488605201e-06
.	O=0.9999969005584717|NORM_1WORD=1.6263918496406404e-06|NORM_2WORD=1.0389686622147565e-06

rade	O=0.9999476671218872|NORM_1WORD=5.068647806183435e-05|NORM_2WORD=1.2013418881906546e-06
šerbedžija	O=0.9997631907463074|NORM_1WORD=0.00023626066104043275|NORM_2WORD=4.7366998501274793e-07
u	O=0.9999923706054688|NORM_1WORD=7.128545803425368e-06|NORM_2WORD=3.000191099999938e-07
varioli	O=0.9998695850372314|NORM_1WORD=0.00012874207459390163|NORM_2WORD=1.2523159966804087e-06
veri	O=0.9991982579231262|NORM_1WORD=0.000796812935732305|NORM_2WORD=3.706361439981265e-06
,	O=0.9999957084655762|NORM_2WORD=1.95530810742639e-06|NORM_1WORD=1.7922289998750784e-06
ak'	NORM_1WORD=0.9999428987503052|O=3.9949238271219656e-05|NORM_2WORD=1.3083339581498876e-05
se	O=0.9999949932098389|NORM_1WORD=4.674644060287392e-06|NORM_2WORD=2.647292376423138e-07
ne	O=0.9999961853027344|NORM_1WORD=3.38044333147991e-06|NORM_2WORD=3.6906814671056054e-07
varam	O=0.9999927282333374|NORM_1WORD=6.091843715694267e-06|NORM_2WORD=8.804702247289242e-07
.	O=0.9999966621398926|NORM_1WORD=1.477934347349219e-06|NORM_2WORD=1.414003918398521e-06

moj	O=0.9999939203262329|NORM_1WORD=5.256103122519562e-06|NORM_2WORD=6.047208103154844e-07
obraz	O=0.9999655485153198|NORM_1WORD=3.206158726243302e-05|NORM_2WORD=1.6342514754796866e-06
je	O=0.9999916553497314|NORM_1WORD=7.796141289873049e-06|NORM_2WORD=4.1386459770365036e-07
bar	O=0.9999932050704956|NORM_1WORD=6.3994152696977835e-06|NORM_2WORD=2.637266334204469e-07
za	O=0.9999979734420776|NORM_1WORD=1.671329073360539e-06|NORM_2WORD=2.6296089572497294e-07
sad	O=0.9999971389770508|NORM_1WORD=2.2398069177143043e-06|NORM_2WORD=4.5449655772245023e-07
čist	O=0.9999914169311523|NORM_1WORD=7.700015885347966e-06|NORM_2WORD=5.899655661778525e-07
,	O=0.9999967813491821|NORM_1WORD=1.4928936025171424e-06|NORM_2WORD=1.2989522701900569e-06
dok	O=0.9999978542327881|NORM_1WORD=1.5154420225371723e-06|NORM_2WORD=5.090794275020016e-07
ne	O=0.9999979734420776|NORM_1WORD=1.511764253336878e-06|NORM_2WORD=3.4997231068700785e-07
otkrijem	O=0.9999947547912598|NORM_1WORD=4.799658199772239e-06|NORM_2WORD=3.031984476820071e-07
pančevački	O=0.9999350309371948|NORM_1WORD=6.377910904120654e-05|NORM_2WORD=9.643472367315553e-07
s	O=0.9999971389770508|NORM_1WORD=2.4310322714882204e-06|NORM_2WORD=3.361836888871039e-07
gašom	O=0.9999856948852539|NORM_1WORD=1.3733452760789078e-05|NORM_2WORD=4.317375612572505e-07
.	O=0.9999970197677612|NORM_1WORD=1.405169768986525e-06|NORM_2WORD=1.1902387768714107e-06

@redinmind	O=0.9999973773956299|NORM_1WORD=1.629175926609605e-06|NORM_2WORD=8.053668807406211e-07
nemam	O=0.9999970197677612|NORM_1WORD=2.6579416498861974e-06|NORM_2WORD=2.656797448707948e-07
bolji	O=0.9999767541885376|NORM_1WORD=2.2238058591028675e-05|NORM_2WORD=6.897696493979311e-07
predlog	O=0.9999713897705078|NORM_1WORD=2.5939123588614166e-05|NORM_2WORD=1.684087351350172e-06
.	O=0.9999960660934448|NORM_1WORD=1.969132199519663e-06|NORM_2WORD=1.56105340920476e-06

'	O=0.9999951124191284|NORM_1WORD=3.458578930803924e-06|NORM_2WORD=1.0447853355799452e-06
nisam	O=0.9999932050704956|NORM_1WORD=5.812164999952074e-06|NORM_2WORD=6.549095701302576e-07
,	O=0.9999961853027344|NORM_2WORD=1.8475296883480041e-06|NORM_1WORD=1.3725316421187017e-06
moram	O=0.9999957084655762|NORM_1WORD=3.1931053854350466e-06|NORM_2WORD=7.967452688717458e-07
u	O=0.9999940395355225|NORM_1WORD=4.988767159375129e-06|NORM_2WORD=7.396642445200996e-07
wc	O=0.9999754428863525|NORM_1WORD=2.216067150584422e-05|NORM_2WORD=1.815107566471852e-06
(	O=0.9999959468841553|NORM_1WORD=2.2939627797313733e-06|NORM_2WORD=1.3445279591906e-06
neću	O=0.9999865293502808|NORM_1WORD=1.1492940757307224e-05|NORM_2WORD=1.4715959650857258e-06
,	O=0.9999966621398926|NORM_1WORD=1.4403905197468703e-06|NORM_2WORD=1.413515860804182e-06
ugušićeš	O=0.9992495179176331|NORM_1WORD=0.0007488027331419289|NORM_2WORD=1.5965644024618086e-06
se	O=0.9999961853027344|NORM_1WORD=3.4626286833372433e-06|NORM_2WORD=2.6108878614650166e-07
od	O=0.999997615814209|NORM_1WORD=2.1354244381655008e-06|NORM_2WORD=2.1424565943561902e-07
mirisa	O=0.9999780654907227|NORM_1WORD=2.1523821487789974e-05|NORM_2WORD=3.5994330005451047e-07
cigara	O=0.9999849796295166|NORM_1WORD=1.416541726939613e-05|NORM_2WORD=6.635700060542149e-07
na	O=0.9999964237213135|NORM_1WORD=3.16073487738322e-06|NORM_2WORD=4.1199012912329636e-07
meni	O=0.9999967813491821|NORM_1WORD=2.4231362658611033e-06|NORM_2WORD=5.417431339083123e-07
)	O=0.9999959468841553|NORM_1WORD=2.8253384698473383e-06|NORM_2WORD=9.689897524367552e-07
'	O=0.9999938011169434|NORM_1WORD=4.627845555660315e-06|NORM_2WORD=1.216841837958782e-06
.	O=0.9999960660934448|NORM_1WORD=2.2814119802205823e-06|NORM_2WORD=1.199289158648753e-06

hajde	O=0.9999620914459229|NORM_1WORD=3.752454722416587e-05|NORM_2WORD=3.6559768545885163e-07
sisetine	NORM_1WORD=0.999934196472168|O=6.162918725749478e-05|NORM_2WORD=3.551022473402554e-06
novinarske	O=0.9993880987167358|NORM_1WORD=0.0006112102419137955|NORM_2WORD=6.320185548247537e-07
,	O=0.999996542930603|NORM_1WORD=1.7501060938229784e-06|NORM_2WORD=1.2538590681288042e-06
jel	NORM_1WORD=0.9999785423278809|O=1.1475412975414656e-05|NORM_2WORD=7.773381184961181e-06
kriv	O=0.9999837875366211|NORM_1WORD=1.5199299923551735e-05|NORM_2WORD=8.378770530725888e-07
selektor	O=0.9999809265136719|NORM_1WORD=1.8179542166762985e-05|NORM_2WORD=7.428845378854021e-07
,	O=0.999997615814209|NORM_1WORD=1.4930159295545309e-06|NORM_2WORD=6.88554337102687e-07
igraci	NORM_1WORD=0.99993896484375|O=5.753068035119213e-05|NORM_2WORD=2.925030685219099e-06
?	O=0.9999945163726807|NORM_1WORD=3.949969141103793e-06|NORM_2WORD=1.1006212616848643e-06

neki	O=0.9999949932098389|NORM_1WORD=4.153461759415222e-06|NORM_2WORD=5.788944577034272e-07
su	O=0.9999945163726807|NORM_1WORD=5.134721050126245e-06|NORM_2WORD=2.6823974508261017e-07
opravdali	O=0.9999583959579468|NORM_1WORD=4.079121572431177e-05|NORM_2WORD=6.911424179634196e-07
odsustvo	NORM_1WORD=0.7590454816818237|O=0.24092768132686615|NORM_2WORD=2.2687128875986673e-05
(	O=0.9999933242797852|NORM_1WORD=3.985898274549982e-06|NORM_2WORD=2.072332335956162e-06
npr.	O=0.9995972514152527|NORM_1WORD=0.0003998340689577162|NORM_2WORD=2.4441796995233744e-06
zbog	O=0.9999953508377075|NORM_1WORD=3.5915622902393807e-06|NORM_2WORD=6.839141519776604e-07
službenog	O=0.9999945163726807|NORM_1WORD=5.0623557399376296e-06|NORM_2WORD=3.220993107788672e-07
putovanja	O=0.9999884366989136|NORM_1WORD=9.67584037425695e-06|NORM_2WORD=1.4309546259028139e-06
ili	O=0.9999923706054688|NORM_1WORD=6.328112249320839e-06|NORM_2WORD=9.382767416354909e-07
bolesti	O=0.999982476234436|NORM_1WORD=1.3773532373306807e-05|NORM_2WORD=2.451163936711964e-06
)	O=0.9999924898147583|NORM_1WORD=6.3187239902617875e-06|NORM_2WORD=8.98262271675776e-07
.	O=0.999996542930603|NORM_1WORD=2.006693875955534e-06|NORM_2WORD=1.045129693011404e-06

@smslavisa	O=0.9999973773956299|NORM_1WORD=1.8624893982632784e-06|NORM_2WORD=5.911755351917236e-07
@astrapa175	O=0.9999974966049194|NORM_1WORD=1.6545243397558806e-06|NORM_2WORD=7.193394822024857e-07
bosanac	O=0.9998816251754761|NORM_1WORD=0.00011743836512323469|NORM_2WORD=7.432274173879705e-07
je	O=0.9999949932098389|NORM_1WORD=4.652863481169334e-06|NORM_2WORD=2.401943106633553e-07
bio	O=0.9999969005584717|NORM_1WORD=2.6186560262431158e-06|NORM_2WORD=3.598217119815672e-07
geografski	O=0.99997878074646|NORM_1WORD=2.0369594494695775e-05|NORM_2WORD=5.959175837233488e-07
pojam	O=0.9999736547470093|NORM_1WORD=2.5325811293441802e-05|NORM_2WORD=7.501242293983523e-07
,	O=0.9999949932098389|NORM_1WORD=2.358140818614629e-06|NORM_2WORD=1.8972458519783686e-06
moj	O=0.9999821186065674|NORM_1WORD=1.6918687833822332e-05|NORM_2WORD=7.599173272865301e-07
tata	O=0.9999947547912598|NORM_1WORD=4.5612227950186934e-06|NORM_2WORD=4.993170819034276e-07
je	O=0.9999955892562866|NORM_1WORD=4.072258889209479e-06|NORM_2WORD=2.503194593828084e-07
za	O=0.9999951124191284|NORM_1WORD=4.433692083694041e-06|NORM_2WORD=3.506167161049234e-07
sebe	O=0.9999924898147583|NORM_1WORD=6.8764488787564915e-06|NORM_2WORD=4.4939440613234183e-07
govorio	O=0.9999922513961792|NORM_1WORD=7.085202469170326e-06|NORM_2WORD=4.6778123419244366e-07
da	O=0.9999969005584717|NORM_1WORD=2.8192528134241e-06|NORM_2WORD=2.1623908708079398e-07
je	O=0.9999939203262329|NORM_1WORD=5.589722150034504e-06|NORM_2WORD=3.9710218402433384e-07
bosanac	O=0.9999721050262451|NORM_1WORD=2.6909516236628406e-05|NORM_2WORD=6.644378913733817e-07
iz	O=0.9999959468841553|NORM_1WORD=3.5738382848649053e-06|NORM_2WORD=3.241094077566231e-07
doboja	O=0.6793195605278015|NORM_1WORD=0.3206539750099182|NORM_2WORD=2.396170748397708e-05
.	O=0.9999969005584717|NORM_1WORD=1.7447822528993129e-06|NORM_2WORD=1.0457122243678896e-06

kada	O=0.9999970197677612|NORM_1WORD=1.7733254935592413e-06|NORM_2WORD=9.034192771650851e-07
ti	O=0.9999897480010986|NORM_1WORD=9.544729437038768e-06|NORM_2WORD=5.491297656590177e-07
zaposleni	O=0.9999210834503174|NORM_1WORD=7.516193727497011e-05|NORM_2WORD=2.771620529529173e-06
u	O=0.9999955892562866|NORM_1WORD=4.1118255467154086e-06|NORM_2WORD=2.5316296614619205e-07
pošti	O=0.9985765218734741|NORM_1WORD=0.001422528992407024|NORM_2WORD=8.896942063074675e-07
"	O=0.9999957084655762|NORM_1WORD=3.2456387089041527e-06|NORM_2WORD=8.587063575760112e-07
savetuju	O=0.999924898147583|NORM_1WORD=7.37485388526693e-05|NORM_2WORD=1.0293100558556034e-06
"	O=0.99998939037323|NORM_1WORD=9.660054274718277e-06|NORM_2WORD=7.671301318623591e-07
da	O=0.9999924898147583|NORM_1WORD=6.552405466209166e-06|NORM_2WORD=7.497378646803554e-07
uzmeš	O=0.999993085861206|NORM_1WORD=6.212417247297708e-06|NORM_2WORD=5.746765623371175e-07
bilo	O=0.9999198913574219|NORM_1WORD=7.657174137420952e-05|NORM_2WORD=2.904197799580288e-06
čiji	O=0.9999877214431763|NORM_1WORD=1.1727840501407627e-05|NORM_2WORD=5.291576030685974e-07
net	O=0.9995483756065369|NORM_1WORD=0.0004474071611184627|NORM_2WORD=2.995924887727597e-06
osim	O=0.9999945163726807|NORM_1WORD=4.2786969061126e-06|NORM_2WORD=8.550721304345643e-07
njihovog	O=0.9999877214431763|NORM_1WORD=1.1388332495698705e-05|NORM_2WORD=6.668134915344126e-07
onda	O=0.9999951124191284|NORM_1WORD=3.694828365041758e-06|NORM_2WORD=1.0011409585786168e-06
znaš	O=0.9999951124191284|NORM_1WORD=3.202526613677037e-06|NORM_2WORD=1.2643989748539752e-06
koliko	O=0.9999915361404419|NORM_1WORD=6.083429980208166e-06|NORM_2WORD=1.7411441604053834e-06
je	O=0.9999867677688599|NORM_1WORD=1.249380784429377e-05|NORM_2WORD=5.991083185108437e-07
sati	O=0.9999836683273315|NORM_1WORD=1.4947438103263266e-05|NORM_2WORD=1.035267700899567e-06
.	O=0.9999964237213135|NORM_1WORD=1.7468875057602418e-06|NORM_2WORD=1.2899425883006188e-06

u	O=0.9999738931655884|NORM_1WORD=2.558254709583707e-05|NORM_2WORD=4.0359188346883457e-07
uskoro	O=0.9999494552612305|NORM_1WORD=4.9405676691094413e-05|NORM_2WORD=8.958128887570638e-07
!	O=0.9999892711639404|NORM_1WORD=8.819964023132343e-06|NORM_2WORD=1.4928908740330371e-06
popboksovoj	O=0.9991351962089539|NORM_1WORD=0.0008637121645733714|NORM_2WORD=9.352113465865841e-07
sekciji	O=0.9999877214431763|NORM_1WORD=1.1664561498037074e-05|NORM_2WORD=5.285886572892196e-07
nema	O=0.9999940395355225|NORM_1WORD=4.2753467823786195e-06|NORM_2WORD=1.2435372127583832e-06
mesta	O=0.9999898672103882|NORM_1WORD=9.281239726988133e-06|NORM_2WORD=7.485077730962075e-07
za	O=0.999991774559021|NORM_1WORD=7.557570370408939e-06|NORM_2WORD=4.616223350240034e-07
calexico	O=0.9844552278518677|NORM_1WORD=0.015536753460764885|NORM_2WORD=7.1730787567503285e-06
,	O=0.9999953508377075|NORM_1WORD=2.704195139813237e-06|NORM_2WORD=1.46035722536908e-06
što	O=0.9999940395355225|NORM_1WORD=4.891305252385791e-06|NORM_2WORD=7.215603545773774e-07
je	O=0.9999943971633911|NORM_1WORD=5.246949967840919e-06|NORM_2WORD=2.509006833406602e-07
potpuno	O=0.9999963045120239|NORM_1WORD=3.1974677767721005e-06|NORM_2WORD=3.706318238982931e-07
razumljivo	O=0.9999942779541016|NORM_1WORD=5.169536052562762e-06|NORM_2WORD=4.361153287391062e-07
s	O=0.9999939203262329|NORM_1WORD=5.673325176758226e-06|NORM_2WORD=3.260724668052717e-07
obzirom	O=0.999987006187439|NORM_1WORD=1.2445825632312335e-05|NORM_2WORD=5.246319005891564e-07
na	O=0.9999825954437256|NORM_1WORD=1.6795151168480515e-05|NORM_2WORD=5.307863375492161e-07
zabranjeno	O=0.9999707937240601|NORM_1WORD=2.8402948373695835e-05|NORM_2WORD=5.977022965453216e-07
pušenje	O=0.9999567270278931|NORM_1WORD=4.265272946213372e-05|NORM_2WORD=4.647675666547002e-07
,	O=0.9999904632568359|NORM_1WORD=6.756043148925528e-06|NORM_2WORD=2.065076159851742e-06
dragoljuba	O=0.9999616146087646|NORM_1WORD=3.814323645201512e-05|NORM_2WORD=2.40674893348114e-07
đuričića	O=0.999987006187439|NORM_1WORD=1.2706484085356351e-05|NORM_2WORD=2.922244561887055e-07
,	O=0.9999923706054688|NORM_1WORD=5.558599241339834e-06|NORM_2WORD=1.5933994745864766e-06
zaz	O=0.5482397079467773|NORM_1WORD=0.4517150819301605|NORM_2WORD=4.083195381099358e-05
...	O=0.9928597807884216|NORM_1WORD=0.007129013538360596|NORM_2WORD=9.387740647071041e-06

izgleda	O=0.9999957084655762|NORM_1WORD=2.6738052838481963e-06|NORM_2WORD=1.2369971500447718e-06
da	O=0.9999967813491821|NORM_1WORD=2.6291784251952777e-06|NORM_2WORD=4.631300498658675e-07
ne	O=0.9999927282333374|NORM_1WORD=6.5512008404766675e-06|NORM_2WORD=5.345448244042927e-07
vazi	NORM_1WORD=0.9999345541000366|O=6.0046862927265465e-05|NORM_2WORD=4.491779691306874e-06
samo	O=0.9999873638153076|NORM_1WORD=1.0215239854005631e-05|NORM_2WORD=1.771374741110776e-06
za	O=0.9999960660934448|NORM_1WORD=3.39635130330862e-06|NORM_2WORD=3.9033591292536585e-07
zene	NORM_1WORD=0.9999772310256958|O=1.7150421626865864e-05|NORM_2WORD=4.339801762398565e-06
da	O=0.9999964237213135|NORM_1WORD=3.1079478048923193e-06|NORM_2WORD=3.966781036979228e-07
opanak	O=0.9999492168426514|NORM_1WORD=4.8063357098726556e-05|NORM_2WORD=2.0715078790090047e-06
dobija	O=0.9999955892562866|NORM_1WORD=3.824238319793949e-06|NORM_2WORD=4.623329630248918e-07
stiklu	NORM_1WORD=0.9901914596557617|O=0.009802540764212608|NORM_2WORD=5.3407775340019725e-06
.	O=0.999996542930603|NORM_1WORD=1.812416257962468e-06|NORM_2WORD=1.2704599612334277e-06

bacevic	NORM_1WORD=0.9999638795852661|O=3.030746302101761e-05|NORM_2WORD=4.949402864440344e-06
kaze	NORM_1WORD=0.9999716281890869|O=2.3230608348967507e-05|NORM_2WORD=4.214427917759167e-06
da	O=0.9999924898147583|NORM_1WORD=7.165353054006118e-06|NORM_2WORD=2.2775309105327324e-07
bi	O=0.7260094285011292|NORM_1WORD=0.2739834785461426|NORM_2WORD=6.410087280528387e-06
potopio	O=0.9928817749023438|NORM_1WORD=0.007116302382200956|NORM_2WORD=1.7153312228401774e-06
grdelicku	NORM_1WORD=0.9991391897201538|O=0.0008578135748393834|NORM_2WORD=2.632531504787039e-06
klisuru	O=0.9997636675834656|NORM_1WORD=0.00023488362785428762|NORM_2WORD=1.1415686458349228e-06
.	O=0.9999957084655762|NORM_1WORD=3.23699600812688e-06|NORM_2WORD=7.956518288665393e-07

@pakleneulice	O=0.9999972581863403|NORM_1WORD=2.010687467191019e-06|NORM_2WORD=5.542045187212352e-07
isto	O=0.9999943971633911|NORM_1WORD=4.993599759473e-06|NORM_2WORD=5.284258577376022e-07
bi	O=0.9999972581863403|NORM_1WORD=2.4196342565119267e-06|NORM_2WORD=2.2535421351221885e-07
bilo	O=0.9999967813491821|NORM_1WORD=2.5762142286112066e-06|NORM_2WORD=4.482368183289509e-07
da	O=0.9999960660934448|NORM_1WORD=3.2434400054626167e-06|NORM_2WORD=6.360793349813321e-07
su	O=0.99998939037323|NORM_1WORD=1.0030203156929929e-05|NORM_2WORD=4.37118387708324e-07
mlatili	O=0.9998993873596191|NORM_1WORD=9.993587445933372e-05|NORM_2WORD=6.018917702022009e-07
o	O=0.9999935626983643|NORM_1WORD=6.051172476873035e-06|NORM_2WORD=4.010055079106678e-07
bilo	O=0.9999346733093262|NORM_1WORD=6.125104846432805e-05|NORM_2WORD=3.099341711276793e-06
kom	O=0.9999823570251465|NORM_1WORD=1.6321024304488674e-05|NORM_2WORD=9.293751190853072e-07
detetu	O=0.9999858140945435|NORM_1WORD=1.2835607776651159e-05|NORM_2WORD=9.868161896520178e-07
neprestano	O=0.9999948740005493|NORM_1WORD=4.506136519921711e-06|NORM_2WORD=5.078123308521754e-07
dva	O=0.9999955892562866|NORM_1WORD=2.88708019979822e-06|NORM_2WORD=1.1837734064101824e-06
dana	O=0.9999953508377075|NORM_1WORD=3.2402285796706565e-06|NORM_2WORD=1.0028326187239145e-06
.	O=0.9999969005584717|NORM_1WORD=1.503225803389796e-06|NORM_2WORD=1.1992523241133313e-06

ovi	O=0.999991774559021|NORM_1WORD=7.108372301445343e-06|NORM_2WORD=7.979709835126414e-07
bolovi	O=0.9999840259552002|NORM_1WORD=1.5355270079453476e-05|NORM_2WORD=4.5147527316657943e-07
u	O=0.9999966621398926|NORM_1WORD=2.969502475025365e-06|NORM_2WORD=2.5670550485301646e-07
mojoj	O=0.9999954700469971|NORM_1WORD=4.183026248938404e-06|NORM_2WORD=2.470853246450133e-07
glavi	O=0.9999905824661255|NORM_1WORD=8.735969458939508e-06|NORM_2WORD=4.715887200745783e-07
izazvani	O=0.9999582767486572|NORM_1WORD=4.112266833544709e-05|NORM_2WORD=4.987249440091546e-07
nedostatkom	O=0.9999786615371704|NORM_1WORD=2.0914123524562456e-05|NORM_2WORD=3.384446927157114e-07
sexa	O=0.9967208504676819|NORM_1WORD=0.0032743781339377165|NORM_2WORD=4.118589913559845e-06
odma	NORM_1WORD=0.9999723434448242|O=2.2054427972761914e-05|NORM_2WORD=4.458182957023382e-06
sada	O=0.9999946355819702|NORM_1WORD=3.95657480112277e-06|NORM_2WORD=1.069812242349144e-06
da	O=0.9999924898147583|NORM_1WORD=6.905700502102263e-06|NORM_2WORD=4.91790444812068e-07
prestanu	O=0.9999507665634155|NORM_1WORD=4.730767250293866e-05|NORM_2WORD=1.4355330222315388e-06
,	O=0.9999954700469971|NORM_1WORD=2.862990186258685e-06|NORM_2WORD=1.1695020702973125e-06
pocecu	NORM_1WORD=0.9999748468399048|O=1.438743947801413e-05|NORM_2WORD=9.057634997589048e-06
da	O=0.9999970197677612|NORM_1WORD=2.562089775892673e-06|NORM_2WORD=3.138534907520807e-07
se	O=0.9999964237213135|NORM_1WORD=3.2551761250942945e-06|NORM_2WORD=2.1504169467334577e-07
nabijam	O=0.9999744892120361|NORM_1WORD=2.52045902016107e-05|NORM_2WORD=2.978079294280178e-07
na	O=0.9999957084655762|NORM_1WORD=3.869217380270129e-06|NORM_2WORD=3.387927733911056e-07
bilo	O=0.9999929666519165|NORM_1WORD=6.149978617031593e-06|NORM_2WORD=6.924382773831894e-07
koji	O=0.9999923706054688|NORM_1WORD=6.844676590844756e-06|NORM_2WORD=5.648673777614022e-07
kurac	O=0.9995400905609131|NORM_1WORD=0.0004577056970447302|NORM_2WORD=1.7354770989186363e-06
.	O=0.9999967813491821|NORM_1WORD=1.9381263882678468e-06|NORM_2WORD=9.420663786841033e-07

stvarno	O=0.9999964237213135|NORM_1WORD=3.081048589592683e-06|NORM_2WORD=3.7548312548096874e-07
sam	O=0.9999977350234985|NORM_1WORD=1.960016788871144e-06|NORM_2WORD=2.7876203034793434e-07
negativna	O=0.9999904632568359|NORM_1WORD=9.075034540728666e-06|NORM_2WORD=3.1493289043282857e-07
previse	NORM_1WORD=0.9998962879180908|O=9.513519034953788e-05|NORM_2WORD=6.382631454471266e-06
.	O=0.9999969005584717|NORM_1WORD=1.559983047627611e-06|NORM_2WORD=1.2217061566843768e-06

kaze	NORM_1WORD=0.9999805688858032|O=1.3530308024201076e-05|NORM_2WORD=4.758303475682624e-06
'	O=0.9998661279678345|NORM_1WORD=0.00013285216118674725|NORM_2WORD=8.778436608736229e-07
kada	O=0.9999973773956299|NORM_1WORD=1.2488453648984432e-06|NORM_2WORD=1.0469411790836602e-06
budemo	O=0.9999926090240479|NORM_1WORD=6.993156148382695e-06|NORM_2WORD=4.037437975057401e-07
radili	O=0.999976396560669|NORM_1WORD=2.3177763068815693e-05|NORM_2WORD=3.3785570963118516e-07
novu	O=0.9999922513961792|NORM_1WORD=6.180366199259879e-06|NORM_2WORD=1.2353518741292646e-06
lekciju	O=0.9999834299087524|NORM_1WORD=1.6032556231948547e-05|NORM_2WORD=4.613816884102562e-07
ja	O=0.9999960660934448|NORM_1WORD=3.1317881621362176e-06|NORM_2WORD=7.615094546054024e-07
cu	NORM_1WORD=0.999972939491272|O=2.0333125576144084e-05|NORM_2WORD=5.481550033437088e-06
samo	O=0.9999929666519165|NORM_1WORD=5.922786840528715e-06|NORM_2WORD=8.589923936597188e-07
naslov	O=0.9999903440475464|NORM_1WORD=8.756102943152655e-06|NORM_2WORD=7.356923106272006e-07
napisati	O=0.9999732971191406|NORM_1WORD=2.581339140306227e-05|NORM_2WORD=7.705315283601522e-07
na	O=0.9999943971633911|NORM_1WORD=4.992219146515708e-06|NORM_2WORD=4.2793476495717186e-07
tabli	O=0.9998058676719666|NORM_1WORD=0.00019267882453277707|NORM_2WORD=1.2059003893227782e-06
,	O=0.9999948740005493|NORM_1WORD=3.86185638490133e-06|NORM_2WORD=9.656620250098058e-07
a	O=0.9999966621398926|NORM_1WORD=2.7218443392484915e-06|NORM_2WORD=4.982809969078517e-07
od	O=0.9999959468841553|NORM_1WORD=3.5598579870566027e-06|NORM_2WORD=3.894382700764254e-07
vas	O=0.9995973706245422|NORM_1WORD=0.00040155582246370614|NORM_2WORD=1.0119272246811306e-06
ocekujem	NORM_1WORD=0.999974250793457|O=2.0768304239027202e-05|NORM_2WORD=3.982672296842793e-06
sledeci	NORM_1WORD=0.9999563694000244|O=4.026886745123193e-05|NORM_2WORD=2.7155329007655382e-06
cas	NORM_1WORD=0.999942421913147|O=5.332816726877354e-05|NORM_2WORD=3.373447270860197e-06
celu	O=0.999990701675415|NORM_1WORD=8.55905545904534e-06|NORM_2WORD=6.249401280911115e-07
napisanu	O=0.9997950196266174|NORM_1WORD=0.00020432687597349286|NORM_2WORD=5.455581799651554e-07
lekciju	O=0.9999842643737793|NORM_1WORD=1.5116793292691e-05|NORM_2WORD=5.051966240898764e-07
..	O=0.9999921321868896|NORM_1WORD=5.916047484788578e-06|NORM_2WORD=1.4359305851030513e-06

da	O=0.9999964237213135|NORM_1WORD=3.0376204449567012e-06|NORM_2WORD=4.004750167041493e-07
,	O=0.9999955892562866|NORM_2WORD=2.0761133328051073e-06|NORM_1WORD=1.5730095128674293e-06
pala	O=0.9999973773956299|NORM_1WORD=1.907088062580442e-06|NORM_2WORD=5.822960815748957e-07
je	O=0.999997615814209|NORM_1WORD=1.9617314137576614e-06|NORM_2WORD=3.76065571572326e-07
kiša	O=0.9999957084655762|NORM_1WORD=2.906537474700599e-06|NORM_2WORD=1.1370696029189276e-06
.	O=0.9999963045120239|NORM_2WORD=1.9309450181026477e-06|NORM_1WORD=1.2331275911492412e-06

drugari	O=0.9999921321868896|NORM_1WORD=7.252184786921134e-06|NORM_2WORD=4.817210879082268e-07
od	O=0.9999973773956299|NORM_1WORD=2.102160806316533e-06|NORM_2WORD=3.572699824871961e-07
ponedeljka	O=0.9999908208847046|NORM_1WORD=8.721553967916407e-06|NORM_2WORD=3.8733026030968176e-07
smo	O=0.9999966621398926|NORM_1WORD=2.5674846710899146e-06|NORM_2WORD=5.981539743515896e-07
na	O=0.9999977350234985|NORM_1WORD=1.617202997294953e-06|NORM_2WORD=4.5197688791631663e-07
odmoru	O=0.9999843835830688|NORM_1WORD=1.496319418947678e-05|NORM_2WORD=4.423417578891531e-07
,	O=0.9999939203262329|NORM_1WORD=2.5946499135898193e-06|NORM_2WORD=2.579112333478406e-06
pisemo	NORM_1WORD=0.9999691247940063|O=2.323899207112845e-05|NORM_2WORD=6.217436748556793e-06
vam	O=0.999987006187439|NORM_1WORD=1.2288598554732744e-05|NORM_2WORD=5.617817464553809e-07
kad	O=0.9999973773956299|NORM_1WORD=1.2775834647982265e-06|NORM_2WORD=1.0481969638931332e-06
se	O=0.9999979734420776|NORM_1WORD=1.6172079995158128e-06|NORM_2WORD=3.2644842917761707e-07
vratimo	O=0.999996542930603|NORM_1WORD=2.628891934364219e-06|NORM_2WORD=5.935839340054372e-07
:)	O=0.9999959468841553|NORM_1WORD=2.1616392587020528e-06|NORM_2WORD=1.459066311326751e-06

inače	O=0.999993085861206|NORM_1WORD=6.256718734221067e-06|NORM_2WORD=4.5761927935927815e-07
,	O=0.9999954700469971|NORM_1WORD=2.240879894088721e-06|NORM_2WORD=1.613102085684659e-06
do	O=0.9999966621398926|NORM_1WORD=2.3982515813258942e-06|NORM_2WORD=7.324501325456367e-07
pijace	O=0.9999420642852783|NORM_1WORD=5.5786833399906754e-05|NORM_2WORD=1.7245822618860984e-06
vodi	O=0.9999918937683105|NORM_1WORD=6.8839708546875045e-06|NORM_2WORD=9.371708529215539e-07
jedna	O=0.9999954700469971|NORM_1WORD=3.5505456708051497e-06|NORM_2WORD=7.593015425300109e-07
dugačka	O=0.999935507774353|NORM_1WORD=6.373998621711507e-05|NORM_2WORD=6.477047236330691e-07
ulica	O=0.9999927282333374|NORM_1WORD=5.929968665441265e-06|NORM_2WORD=1.1179621424162178e-06
a	O=0.999996542930603|NORM_1WORD=2.9392367650871165e-06|NORM_2WORD=4.771509338752367e-07
na	O=0.9999979734420776|NORM_1WORD=1.5740472463221522e-06|NORM_2WORD=3.072179026730737e-07
kraju	O=0.9999971389770508|NORM_1WORD=2.112943320753402e-06|NORM_2WORD=6.324893320197589e-07
ulice	O=0.9999802112579346|NORM_1WORD=1.7624523025006056e-05|NORM_2WORD=1.7098108173740911e-06
je	O=0.999997615814209|NORM_1WORD=2.063824922515778e-06|NORM_2WORD=2.325716792483945e-07
most	O=0.999992847442627|NORM_1WORD=5.9424246501293965e-06|NORM_2WORD=9.68223730524187e-07
.	O=0.9999967813491821|NORM_1WORD=1.4785124449190334e-06|NORM_2WORD=1.2779726148437476e-06

ni	O=0.9999980926513672|NORM_1WORD=1.47425930663303e-06|NORM_2WORD=3.151393173084216e-07
obraz	O=0.9999943971633911|NORM_1WORD=5.101815986563452e-06|NORM_2WORD=3.529019352299656e-07
.	O=0.999996542930603|NORM_2WORD=1.7110735370806651e-06|NORM_1WORD=1.3997575933899498e-06

#kodsebecenim	O=0.9999904632568359|NORM_1WORD=8.854613042785786e-06|NORM_2WORD=6.000419148222136e-07
-	O=0.9999911785125732|NORM_1WORD=6.94298796588555e-06|NORM_2WORD=1.408378807354893e-06
sto	NORM_1WORD=0.9999784231185913|O=1.03569627754041e-05|NORM_2WORD=8.451027497358155e-06
postujem	NORM_1WORD=0.9999351501464844|O=6.129654502728954e-05|NORM_2WORD=3.092171709795366e-06
i	O=0.999870777130127|NORM_1WORD=0.00012816830712836236|NORM_2WORD=7.790156359988032e-07
starije	O=0.9972705245018005|NORM_1WORD=0.0027099186554551125|NORM_2WORD=1.6222649719566107e-05
kao	O=0.9997619986534119|NORM_1WORD=0.00022774044191464782|NORM_2WORD=8.250742212112527e-06
i	O=0.999961256980896|NORM_1WORD=3.685477713588625e-05|NORM_2WORD=1.4221246829038137e-06
mladje	NORM_1WORD=0.999680757522583|O=0.0003167007816955447|NORM_2WORD=2.1483967884705635e-06
od	O=0.9999712705612183|NORM_1WORD=2.813541686919052e-05|NORM_2WORD=5.335269293027523e-07
sebe	O=0.9999884366989136|NORM_1WORD=1.1157840162923094e-05|NORM_2WORD=3.944232958019711e-07
-	O=0.9999879598617554|NORM_1WORD=9.917805982695427e-06|NORM_2WORD=1.5422421029143152e-06
sto	NORM_1WORD=0.9999784231185913|O=1.195281402033288e-05|NORM_2WORD=7.358804396062624e-06
mogu	O=0.9999721050262451|NORM_1WORD=2.6263482141075656e-05|NORM_2WORD=1.2118426866436494e-06
da	O=0.9999871253967285|NORM_1WORD=1.2459592653613072e-05|NORM_2WORD=3.149681617742317e-07
unistim	O=0.9996964931488037|NORM_1WORD=0.00030264173983596265|NORM_2WORD=7.513781383750029e-07
zivot	NORM_1WORD=0.9999750852584839|O=1.7782493159756996e-05|NORM_2WORD=5.584933205682319e-06
bilo	O=0.9999768733978271|NORM_1WORD=2.2127758711576462e-05|NORM_2WORD=7.744506547169294e-07
kome	O=0.9999810457229614|NORM_1WORD=1.829305983847007e-05|NORM_2WORD=4.3181995579288923e-07
,	O=0.9999939203262329|NORM_1WORD=4.822770279133692e-06|NORM_2WORD=9.862446859187912e-07
bilo	O=0.9999397993087769|NORM_1WORD=5.849937952007167e-05|NORM_2WORD=1.2815048648917582e-06
kad	O=0.9999899864196777|NORM_1WORD=9.42155656957766e-06|NORM_2WORD=4.7630129529352416e-07
-	O=0.9999828338623047|NORM_1WORD=1.447943395760376e-05|NORM_2WORD=1.9996896298835054e-06
sto	NORM_1WORD=0.9999798536300659|O=1.0332372767152265e-05|NORM_2WORD=7.481431566702668e-06
sam	O=0.9999772310256958|NORM_1WORD=2.1380204998422414e-05|NORM_2WORD=9.618491958462982e-07
jednostavno	O=0.9999117851257324|NORM_1WORD=8.341733337147161e-05|NORM_2WORD=3.4950605822814396e-06
savrsen	NORM_1WORD=0.9999591112136841|O=3.635342000052333e-05|NORM_2WORD=3.5989030493510654e-06

dragi	O=0.9999903440475464|NORM_1WORD=9.037118616106454e-06|NORM_2WORD=4.907750508209574e-07
muškarci	O=0.9999721050262451|NORM_1WORD=2.6562225684756413e-05|NORM_2WORD=9.72599536908092e-07
,	O=0.9999966621398926|NORM_1WORD=1.6545324115213589e-06|NORM_2WORD=1.2610856856554165e-06
kad	O=0.9999969005584717|NORM_1WORD=1.74166177657753e-06|NORM_2WORD=1.064531488736975e-06
već	O=0.999992847442627|NORM_1WORD=5.673589839716442e-06|NORM_2WORD=1.085536609934934e-06
nosite	O=0.9999667406082153|NORM_1WORD=3.120333713013679e-05|NORM_2WORD=1.5031475868454436e-06
šuškave	O=0.9999408721923828|NORM_1WORD=5.725509254261851e-05|NORM_2WORD=1.4598739426219254e-06
šortseve	NORM_1WORD=0.5673393607139587|O=0.43262979388237|NORM_2WORD=2.8060085242032073e-05
van	O=0.9999949932098389|NORM_1WORD=4.443953002919443e-06|NORM_2WORD=4.677852132317639e-07
plaže	O=0.9999825954437256|NORM_1WORD=1.6491349015268497e-05|NORM_2WORD=6.57694158689992e-07
,	O=0.9999964237213135|NORM_1WORD=1.866623620117025e-06|NORM_2WORD=1.3387005992626655e-06
obucite	O=0.9999489784240723|NORM_1WORD=4.859054388361983e-05|NORM_2WORD=1.9005051399290096e-06
ispod	O=0.9999936819076538|NORM_1WORD=5.3421231314132456e-06|NORM_2WORD=6.722114562762727e-07
njih	O=0.9999779462814331|NORM_1WORD=2.082623541355133e-05|NORM_2WORD=9.351410312774533e-07
i	O=0.999992847442627|NORM_1WORD=6.213399046828272e-06|NORM_2WORD=6.636777243329561e-07
neke	O=0.9999935626983643|NORM_1WORD=5.505342869582819e-06|NORM_2WORD=7.344034997913695e-07
gaće	O=0.9999654293060303|NORM_1WORD=3.336558802402578e-05|NORM_2WORD=9.814522172746365e-07
.	O=0.9999966621398926|NORM_1WORD=1.90876971828402e-06|NORM_2WORD=1.0745413874246879e-06

da	O=0.9999974966049194|NORM_1WORD=2.2430137960327556e-06|NORM_2WORD=2.49958816311846e-07
li	O=0.9999954700469971|NORM_1WORD=4.020081632916117e-06|NORM_2WORD=3.466582825240039e-07
se	O=0.9999978542327881|NORM_1WORD=1.8264630625708378e-06|NORM_2WORD=2.335519155849397e-07
fakultet	O=0.9999526739120483|NORM_1WORD=4.250021083862521e-05|NORM_2WORD=3.1663712434237823e-06
na	O=0.999997615814209|NORM_1WORD=2.0282100194890518e-06|NORM_2WORD=2.3509512914188235e-07
kome	O=0.9934230446815491|NORM_1WORD=0.006570748053491116|NORM_2WORD=5.2360664994921535e-06
je	O=0.9999977350234985|NORM_1WORD=2.0013410448882496e-06|NORM_2WORD=2.2410804945138807e-07
tomislav	O=0.9999966621398926|NORM_1WORD=3.1076017421582947e-06|NORM_2WORD=1.985070383625498e-07
nikolić	O=0.9999967813491821|NORM_1WORD=2.897020976888598e-06|NORM_2WORD=2.2392730159026542e-07
postao	O=0.9999957084655762|NORM_1WORD=3.4989091091119917e-06|NORM_2WORD=5.89300100273249e-07
master	O=0.9999934434890747|NORM_1WORD=6.028241386957234e-06|NORM_2WORD=3.8846545180604153e-07
reklamira	O=0.9999686479568481|NORM_1WORD=3.110398392891511e-05|NORM_2WORD=2.1742363287557964e-07
kao	O=0.9999946355819702|NORM_1WORD=3.881898464896949e-06|NORM_2WORD=1.0261219358653761e-06
fakultet	O=0.9999762773513794|NORM_1WORD=2.114625931426417e-05|NORM_2WORD=1.697394850452838e-06
na	O=0.9999979734420776|NORM_1WORD=1.7349132122035371e-06|NORM_2WORD=2.3000211513135582e-07
kome	O=0.8752288222312927|NORM_1WORD=0.12475170940160751|NORM_2WORD=1.6389354641432874e-05
je	O=0.9999980926513672|NORM_1WORD=1.6236274404946016e-06|NORM_2WORD=2.547936617247615e-07
tomislav	O=0.9999971389770508|NORM_1WORD=2.570977812865749e-06|NORM_2WORD=2.244501331460924e-07
nikolić	O=0.9999973773956299|NORM_1WORD=2.2635333607468056e-06|NORM_2WORD=2.7745491593123006e-07
postao	O=0.9999961853027344|NORM_1WORD=2.760943289104034e-06|NORM_2WORD=6.683063134005351e-07
master	O=0.9999939203262329|NORM_1WORD=5.545175099541666e-06|NORM_2WORD=4.13532944776307e-07
?	O=0.9999978542327881|NORM_1WORD=1.3304207868714002e-06|NORM_2WORD=6.190762178448495e-07

muvanje	O=0.9975624084472656|NORM_1WORD=0.0024364585988223553|NORM_2WORD=1.0019049341281061e-06
mentionima	O=0.9904476404190063|NORM_1WORD=0.00955141056329012|NORM_2WORD=8.282627277367283e-07
beznadezan	NORM_1WORD=0.9946423768997192|O=0.005353640299290419|NORM_2WORD=3.2526993436476914e-06
slucaj	NORM_1WORD=0.9997661709785461|O=0.00023000552027951926|NORM_2WORD=3.0716732908331323e-06
k'o	NORM_1WORD=0.9999551773071289|O=2.7081448934040964e-05|NORM_2WORD=1.3780132576357573e-05
karleusa	O=0.9870340824127197|NORM_1WORD=0.012960602529346943|NORM_2WORD=4.7446715143451e-06
kad	O=0.9999958276748657|NORM_1WORD=2.6650025120034115e-06|NORM_2WORD=1.056839664670406e-06
taguje	O=0.9999560117721558|NORM_1WORD=4.352702308096923e-05|NORM_2WORD=3.26817229279186e-07
kreatore	O=0.9999048709869385|NORM_1WORD=9.371287887915969e-05|NORM_2WORD=1.0685639608709607e-06
na	O=0.9999892711639404|NORM_1WORD=1.0219556315860245e-05|NORM_2WORD=4.1442763176746666e-07
svojim	O=0.9999898672103882|NORM_1WORD=9.618178410164546e-06|NORM_2WORD=4.1143184148495493e-07
slikama	O=0.9999631643295288|NORM_1WORD=3.631697836681269e-05|NORM_2WORD=3.753206385681551e-07
ne	O=0.9999932050704956|NORM_1WORD=6.0971701714152005e-06|NORM_2WORD=4.842383418690588e-07
bi	O=0.8732783794403076|NORM_1WORD=0.12671424448490143|NORM_2WORD=6.566147476405604e-06
li	O=0.999990701675415|NORM_1WORD=8.606176379544195e-06|NORM_2WORD=5.174323973733408e-07
je	O=0.9999587535858154|NORM_1WORD=4.083665044163354e-05|NORM_2WORD=3.947980644625204e-07
zapratili	O=0.9999791383743286|NORM_1WORD=2.0374149244162254e-05|NORM_2WORD=3.557549632660084e-07
.	O=0.9999969005584717|NORM_1WORD=2.1432042558444664e-06|NORM_2WORD=6.951929094611842e-07

ljubim	O=0.9999971389770508|NORM_1WORD=2.043560925812926e-06|NORM_2WORD=5.373173053158098e-07
maju	O=0.9138049483299255|NORM_1WORD=0.08618281036615372|NORM_2WORD=1.026849804475205e-05
i	O=0.9999940395355225|NORM_1WORD=5.146357125340728e-06|NORM_2WORD=6.245930990189663e-07
nenada	O=0.9989026784896851|NORM_1WORD=0.0010956600308418274|NORM_2WORD=1.4455058590101544e-06
sto	NORM_1WORD=0.9999746084213257|NORM_2WORD=1.1498987987579312e-05|O=9.800988664210308e-06
nisu	O=0.9999892711639404|NORM_1WORD=9.873153430817183e-06|NORM_2WORD=6.039111895006499e-07
nalik	O=0.999983549118042|NORM_1WORD=1.5713496395619586e-05|NORM_2WORD=5.225149379839422e-07
njima	O=0.9999960660934448|NORM_1WORD=3.4977490486198803e-06|NORM_2WORD=3.289178209797683e-07
,	O=0.9999945163726807|NORM_1WORD=2.440971229589195e-06|NORM_2WORD=2.176187763325288e-06
ne	O=0.9999966621398926|NORM_1WORD=2.6153861654165667e-06|NORM_2WORD=5.295228220347781e-07
znam	O=0.9999973773956299|NORM_1WORD=1.982641833819798e-06|NORM_2WORD=4.966503297509917e-07
sta	NORM_1WORD=0.9999637603759766|NORM_2WORD=2.0229132132953964e-05|O=9.550636605126783e-06
bih	O=0.9999880790710449|NORM_1WORD=1.1272685696894769e-05|NORM_2WORD=4.2945129052895936e-07
onda	O=0.9999948740005493|NORM_1WORD=4.110650479560718e-06|NORM_2WORD=6.690304985568218e-07
!	O=0.9999961853027344|NORM_1WORD=1.9584051642596023e-06|NORM_2WORD=1.2993925793125527e-06

malo	O=0.9999912977218628|NORM_1WORD=8.055828402575571e-06|NORM_2WORD=4.605315950811928e-07
je	O=0.9999923706054688|NORM_1WORD=7.516224286518991e-06|NORM_2WORD=1.2539297244984482e-07
reci	NORM_1WORD=0.9996351003646851|O=0.0003619645722210407|NORM_2WORD=2.4991265945573105e-06
da	O=0.9999969005584717|NORM_1WORD=2.598035052869818e-06|NORM_2WORD=3.014809237811278e-07
umirem	O=0.9999909400939941|NORM_1WORD=8.903127309167758e-06|NORM_2WORD=1.7522931727853575e-07
od	O=0.9999961853027344|NORM_1WORD=3.500279035506537e-06|NORM_2WORD=2.630256403790554e-07
bolova	O=0.9999892711639404|NORM_1WORD=1.0469033441040665e-05|NORM_2WORD=2.470885078764695e-07
..	O=0.9999961853027344|NORM_1WORD=2.4964961085061077e-06|NORM_2WORD=9.87436465038627e-07

ja	O=0.9999978542327881|NORM_1WORD=1.3934661637904355e-06|NORM_2WORD=5.688850706064841e-07
se	O=0.999997615814209|NORM_1WORD=1.682946731307311e-06|NORM_2WORD=5.480631557475135e-07
time	O=0.9999971389770508|NORM_1WORD=2.213811512774555e-06|NORM_2WORD=4.877301762462594e-07
ne	O=0.9999979734420776|NORM_1WORD=1.2435681355782435e-06|NORM_2WORD=6.059228212507151e-07
bavim	O=0.9999972581863403|NORM_1WORD=2.2693582195643103e-06|NORM_2WORD=3.511066495320847e-07
.	O=0.999996542930603|NORM_2WORD=1.682075208009337e-06|NORM_1WORD=1.3376198921832838e-06

nama	O=0.9999971389770508|NORM_1WORD=2.2150998120196164e-06|NORM_2WORD=5.134917842042341e-07
studentima	O=0.9999940395355225|NORM_1WORD=5.441637313197134e-06|NORM_2WORD=4.1638546122158004e-07
je	O=0.9999953508377075|NORM_1WORD=4.312403234507656e-06|NORM_2WORD=2.7438045435701497e-07
sigurno	O=0.9999951124191284|NORM_1WORD=4.015638751297956e-06|NORM_2WORD=7.709923011134379e-07
najviše	O=0.9999957084655762|NORM_1WORD=3.913703494617948e-06|NORM_2WORD=4.019957486889325e-07
laknulo	O=0.9999879598617554|NORM_1WORD=1.1271265975665301e-05|NORM_2WORD=5.464925720843894e-07
što	O=0.9999898672103882|NORM_1WORD=9.244561624655034e-06|NORM_2WORD=6.827074230386643e-07
obradović	O=0.9999337196350098|NORM_1WORD=6.602965004276484e-05|NORM_2WORD=2.5976612505473895e-07
neće	O=0.999990701675415|NORM_1WORD=7.4978124757763e-06|NORM_2WORD=1.3561119658334064e-06
podneti	O=0.999987006187439|NORM_1WORD=1.2504849109973293e-05|NORM_2WORD=4.1084291524384753e-07
ostavku	O=0.9999833106994629|NORM_1WORD=1.5762105249450542e-05|NORM_2WORD=6.661196039203787e-07
...	O=0.9999967813491821|NORM_1WORD=2.441314336465439e-06|NORM_2WORD=5.904427098357701e-07

plus	O=0.9999595880508423|NORM_1WORD=3.992666825070046e-05|NORM_2WORD=3.2392520665780467e-07
je	O=0.9999914169311523|NORM_1WORD=8.232841537392233e-06|NORM_2WORD=2.124242683976263e-07
flafi	O=0.9999696016311646|NORM_1WORD=3.006036968145054e-05|NORM_2WORD=2.411220236808731e-07

legle	O=0.9999821186065674|NORM_1WORD=1.708589115878567e-05|NORM_2WORD=5.827844802297477e-07
cizme	NORM_1WORD=0.9930433034896851|O=0.006949594710022211|NORM_2WORD=6.4729351834103e-06
,	O=0.9999957084655762|NORM_2WORD=2.2470715066447156e-06|NORM_1WORD=1.4065919913264224e-06
torba	O=0.9999752044677734|NORM_1WORD=2.4063780074357055e-05|NORM_2WORD=5.636759397020796e-07
,	O=0.9999959468841553|NORM_2WORD=2.0036216028529452e-06|NORM_1WORD=1.441616632291698e-06
esarpa	O=0.9998524188995361|NORM_1WORD=0.00014712288975715637|NORM_2WORD=3.819472453869821e-07
i	O=0.9999954700469971|NORM_1WORD=2.9293555598997045e-06|NORM_2WORD=1.1374772839189973e-06
2	O=0.999995231628418|NORM_1WORD=2.266438059450593e-06|NORM_2WORD=1.8712537439569132e-06
knjge	NORM_1WORD=0.9936243295669556|O=0.006369288545101881|NORM_2WORD=5.739136213378515e-06
.	O=0.9999967813491821|NORM_1WORD=1.5140651612455258e-06|NORM_2WORD=1.3029422234467347e-06

devojka	O=0.9999880790710449|NORM_1WORD=1.1362366421963088e-05|NORM_2WORD=4.286492867322522e-07
i	O=0.9999971389770508|NORM_1WORD=2.2959441139391856e-06|NORM_2WORD=5.008491257285641e-07
dečko	O=0.9999706745147705|NORM_1WORD=2.8147100238129497e-05|NORM_2WORD=9.55723976403533e-07
posle	O=0.9999967813491821|NORM_1WORD=2.689723714865977e-06|NORM_2WORD=3.6717750617754064e-07
raskida	O=0.9999842643737793|NORM_1WORD=1.4453806215897202e-05|NORM_2WORD=9.870198027783772e-07
ne	O=0.9999945163726807|NORM_1WORD=4.828751571039902e-06|NORM_2WORD=4.292292317131796e-07
mogu	O=0.9999774694442749|NORM_1WORD=2.1759193259640597e-05|NORM_2WORD=6.218238581823243e-07
da	O=0.9999967813491821|NORM_1WORD=2.704591224755859e-06|NORM_2WORD=3.904173695445934e-07
ostanu	O=0.9999841451644897|NORM_1WORD=1.4645062037743628e-05|NORM_2WORD=9.050228300111485e-07
prijatelji	O=0.9999562501907349|NORM_1WORD=3.969165118178353e-05|NORM_2WORD=2.8604872568394057e-06
jer	O=0.9999942779541016|NORM_1WORD=4.611942586052464e-06|NORM_2WORD=7.706770475124358e-07
će	O=0.9999544620513916|NORM_1WORD=4.369618545752019e-05|NORM_2WORD=1.4321811931949924e-06
jedna	O=0.9999936819076538|NORM_1WORD=5.28702003066428e-06|NORM_2WORD=8.053516467043664e-07
strana	O=0.9999450445175171|NORM_1WORD=5.3112806199351326e-05|NORM_2WORD=1.583498942636652e-06
uvek	O=0.9999957084655762|NORM_1WORD=3.85490557164303e-06|NORM_2WORD=3.335390204028954e-07
osećati	O=0.9999843835830688|NORM_1WORD=1.465564128011465e-05|NORM_2WORD=7.338169893955637e-07
nešto	O=0.9999780654907227|NORM_1WORD=1.849141699494794e-05|NORM_2WORD=2.4631367523397785e-06
i	O=0.9999927282333374|NORM_1WORD=6.376153123710537e-06|NORM_2WORD=6.243564030228299e-07
ono	O=0.9996405839920044|NORM_1WORD=0.0003571832785382867|NORM_2WORD=1.6956378203758504e-06
možemo	O=0.9999793767929077|NORM_1WORD=1.8846516468329355e-05|NORM_2WORD=1.3182226439312217e-06
da	O=0.9999973773956299|NORM_1WORD=2.17439333027869e-06|NORM_2WORD=4.104665265458607e-07
budemo	O=0.9999940395355225|NORM_1WORD=4.971090220351471e-06|NORM_2WORD=7.590339805574331e-07
prijatelji	O=0.9999098777770996|NORM_1WORD=8.712689304957166e-05|NORM_2WORD=2.2667657049169065e-06
izgovor	O=0.9978708028793335|NORM_1WORD=0.002124578459188342|NORM_2WORD=3.3290409646724584e-06

udave	O=0.9964849948883057|NORM_1WORD=0.003513224422931671|NORM_2WORD=1.5622059663655818e-06
me	O=0.9999953508377075|NORM_1WORD=4.1985608731920365e-06|NORM_2WORD=3.2339227118427516e-07
preko	O=0.9999895095825195|NORM_1WORD=9.490829143032897e-06|NORM_2WORD=7.558032848464791e-07
moba	O=0.9998143315315247|NORM_1WORD=0.00018465965695213526|NORM_2WORD=8.975371201813687e-07
pa	O=0.9999918937683105|NORM_1WORD=7.54322763896198e-06|NORM_2WORD=4.4978861524214153e-07
kad	O=0.9999974966049194|NORM_1WORD=1.3781024108538986e-06|NORM_2WORD=8.510086786372995e-07
prekinem	O=0.9999947547912598|NORM_1WORD=4.604438800015487e-06|NORM_2WORD=5.019142577111779e-07
vezu	O=0.9999830722808838|NORM_1WORD=1.6357935237465426e-05|NORM_2WORD=4.7265854163924814e-07
kažem	O=0.9999948740005493|NORM_1WORD=4.2448186832189094e-06|NORM_2WORD=6.113433528298629e-07
"	O=0.9999967813491821|NORM_1WORD=1.9813230665022274e-06|NORM_2WORD=9.752595815371023e-07
puši	O=0.9999765157699585|NORM_1WORD=2.2732176148565486e-05|NORM_2WORD=5.890033776267956e-07
kurac	O=0.9999263286590576|NORM_1WORD=7.043341611279175e-05|NORM_2WORD=2.3469433472200762e-06
bre	O=0.9999924898147583|NORM_1WORD=6.696752279822249e-06|NORM_2WORD=6.279708486545132e-07
"	O=0.9999942779541016|NORM_1WORD=3.8075006614235463e-06|NORM_2WORD=1.4159058991936035e-06
i	O=0.9999971389770508|NORM_1WORD=2.2270653516898165e-06|NORM_2WORD=4.645776243705768e-07
onda	O=0.9999969005584717|NORM_1WORD=2.090303041768493e-06|NORM_2WORD=6.821499027864775e-07
premrem	O=0.9999406337738037|NORM_1WORD=5.841524762217887e-05|NORM_2WORD=7.228524623315025e-07
pri	O=0.9999977350234985|NORM_1WORD=1.770131689227128e-06|NORM_2WORD=2.9876184726163046e-07
pomisli	O=0.9999946355819702|NORM_1WORD=4.779842583957361e-06|NORM_2WORD=4.731384990463994e-07
da	O=0.9999978542327881|NORM_1WORD=1.6649383951516938e-06|NORM_2WORD=3.6087499211134855e-07
možda	O=0.999993085861206|NORM_1WORD=4.987411102774786e-06|NORM_2WORD=1.5602300891259802e-06
nisam	O=0.9999954700469971|NORM_1WORD=3.56906480192265e-06|NORM_2WORD=6.574416602234123e-07
dobro	O=0.9999945163726807|NORM_1WORD=4.724181962956209e-06|NORM_2WORD=6.271241090871627e-07
pritisnula	O=0.999994158744812|NORM_1WORD=5.289060027280357e-06|NORM_2WORD=4.849125616601668e-07
crvenu	O=0.9999922513961792|NORM_1WORD=7.50804156268714e-06|NORM_2WORD=2.136149248599395e-07
slušalicu	O=0.9999876022338867|NORM_1WORD=1.1951190572290216e-05|NORM_2WORD=4.022743951281882e-07
.	O=0.9999971389770508|NORM_1WORD=1.7333109099126887e-06|NORM_2WORD=8.581459951528814e-07

ftb	O=0.999736487865448|NORM_1WORD=0.00026220898143947124|NORM_2WORD=1.0200952829109156e-06
je	O=0.9999947547912598|NORM_1WORD=4.963448191119824e-06|NORM_2WORD=2.738349564879172e-07
opština	O=0.9999949932098389|NORM_1WORD=4.108256689505652e-06|NORM_2WORD=7.294555643966305e-07
u	O=0.9999942779541016|NORM_1WORD=5.219361355557339e-06|NORM_2WORD=3.415302387566044e-07
kojoj	O=0.9999953508377075|NORM_1WORD=3.922393716493389e-06|NORM_2WORD=5.339571771401097e-07
na	O=0.9999943971633911|NORM_1WORD=5.229655471339356e-06|NORM_2WORD=3.091736857641081e-07
lokalu	O=0.9999736547470093|NORM_1WORD=2.5891558834700845e-05|NORM_2WORD=3.444434923949302e-07
pobedjuje	NORM_1WORD=0.999964714050293|O=2.884603600250557e-05|NORM_2WORD=4.917901605949737e-06
rojalstička	NORM_1WORD=0.9928604960441589|O=0.007135133258998394|NORM_2WORD=3.843698777927784e-06
grupa	O=0.9999924898147583|NORM_1WORD=6.407623914128635e-06|NORM_2WORD=9.817351838137256e-07
gradjana	NORM_1WORD=0.9999009370803833|O=9.592183778295293e-05|NORM_2WORD=2.8118618047301425e-06
.	O=0.9999971389770508|NORM_1WORD=1.6299386516038794e-06|NORM_2WORD=9.67221922110184e-07

ministar	O=0.9999943971633911|NORM_1WORD=4.880790129391244e-06|NORM_2WORD=5.964607225905638e-07
sa	O=0.9999873638153076|NORM_1WORD=1.12887073555612e-05|NORM_2WORD=1.1785358537963475e-06
najvecim	NORM_1WORD=0.9999704360961914|O=1.9536082618287764e-05|NORM_2WORD=7.869254659453873e-06
m....	O=0.9727990627288818|NORM_1WORD=0.027194185182452202|NORM_2WORD=6.159505574032664e-06
u	O=0.9999972581863403|NORM_1WORD=2.323415856153588e-06|NORM_2WORD=3.4771110790643434e-07
vladi	O=0.9999949932098389|NORM_1WORD=4.450700544111896e-06|NORM_2WORD=5.020694970880868e-07
.	O=0.9999963045120239|NORM_1WORD=2.0086386030016e-06|NORM_2WORD=1.32350044168561e-06

koja	O=0.9999935626983643|NORM_1WORD=5.542688541027019e-06|NORM_2WORD=7.515906759181235e-07
je	O=0.9999914169311523|NORM_1WORD=8.164800419763196e-06|NORM_2WORD=3.424124201956147e-07
fora	O=0.9999415874481201|NORM_1WORD=5.713044811272994e-05|NORM_2WORD=1.010249434330035e-06
da	O=0.9999954700469971|NORM_1WORD=4.084346528543392e-06|NORM_2WORD=3.2971627206279663e-07
stavis	NORM_1WORD=0.99994957447052|O=4.266344694769941e-05|NORM_2WORD=6.0564998420886695e-06
da	O=0.9999921321868896|NORM_1WORD=7.419855137413833e-06|NORM_2WORD=4.0145491198018135e-07
si	O=0.9999809265136719|NORM_1WORD=1.814902134356089e-05|NORM_2WORD=7.014191396592651e-07
sa	O=0.9999970197677612|NORM_1WORD=2.2341296244121622e-06|NORM_2WORD=5.865646244274103e-07
nekim	O=0.999992847442627|NORM_1WORD=6.318502983049257e-06|NORM_2WORD=5.895929575672199e-07
likom	O=0.999686598777771|NORM_1WORD=0.00030977718415670097|NORM_2WORD=2.6848535981116584e-06
il'	NORM_1WORD=0.9997437596321106|O=0.0002325988025404513|NORM_2WORD=1.848456304287538e-05
likusom	NORM_1WORD=0.9995332956314087|O=0.0004634861834347248|NORM_2WORD=2.717678626140696e-06
u	O=0.9999781847000122|NORM_1WORD=2.140587275789585e-05|NORM_2WORD=3.1041869874570693e-07
kaficu	NORM_1WORD=0.9982494115829468|O=0.0017486870056018233|NORM_2WORD=1.7428612864023307e-06
,	O=0.9999955892562866|NORM_1WORD=2.6721299946075305e-06|NORM_2WORD=1.3209585176809924e-06
a	O=0.9999958276748657|NORM_1WORD=3.2169405130844098e-06|NORM_2WORD=7.54585130380292e-07
pritom	O=0.9999947547912598|NORM_1WORD=4.071707735420205e-06|NORM_2WORD=7.843016760489263e-07
sedite	O=0.9999878406524658|NORM_1WORD=1.1244735105719883e-05|NORM_2WORD=7.576870189041074e-07
jedno	O=0.9999703168869019|NORM_1WORD=2.847467112587765e-05|NORM_2WORD=9.176294497592608e-07
pored	O=0.9999958276748657|NORM_1WORD=3.5513294278644025e-06|NORM_2WORD=4.197800365091098e-07
drugog	O=0.9999957084655762|NORM_1WORD=3.595079533624812e-06|NORM_2WORD=4.580322183755925e-07
i	O=0.9999960660934448|NORM_1WORD=3.059748223677161e-06|NORM_2WORD=5.812273684568936e-07
dopisujete	O=0.9999762773513794|NORM_1WORD=2.307537943124771e-05|NORM_2WORD=4.954401333634451e-07
se	O=0.999994158744812|NORM_1WORD=5.425878953246865e-06|NORM_2WORD=3.54897537135912e-07
preko	O=0.9999947547912598|NORM_1WORD=4.2685055632318836e-06|NORM_2WORD=6.823462399552227e-07
komentara	O=0.9999649524688721|NORM_1WORD=3.1774889066582546e-05|NORM_2WORD=2.502274583093822e-06
?	O=0.9999953508377075|NORM_1WORD=2.8371200642141048e-06|NORM_2WORD=1.3364794995140983e-06

student	O=0.9999855756759644|NORM_1WORD=1.3859233149560168e-05|NORM_2WORD=5.063607204647269e-07
,	O=0.9999971389770508|NORM_1WORD=1.3292835774336709e-06|NORM_2WORD=1.1632960195129272e-06
ne	O=0.9999978542327881|NORM_1WORD=1.5028088000690332e-06|NORM_2WORD=5.054627649769827e-07
radi	O=0.999996542930603|NORM_1WORD=2.53675671046949e-06|NORM_2WORD=5.843622830070672e-07
nigde	O=0.9999964237213135|NORM_1WORD=2.2296605948213255e-06|NORM_2WORD=1.030020030157175e-06
,	O=0.9999967813491821|NORM_2WORD=1.4178187939251075e-06|NORM_1WORD=1.3931219200458145e-06
prenosi	O=0.99998939037323|NORM_1WORD=8.69786072144052e-06|NORM_2WORD=1.5037336424938985e-06
svake	O=0.9999967813491821|NORM_1WORD=1.7814461443776963e-06|NORM_2WORD=1.2347661595413228e-06
godine	O=0.9999972581863403|NORM_1WORD=1.6277610939141596e-06|NORM_2WORD=8.630689194433216e-07
par	O=0.9999974966049194|NORM_1WORD=1.717367581477447e-06|NORM_2WORD=5.705583134840708e-07
ispita	O=0.9999955892562866|NORM_1WORD=3.8224698073463514e-06|NORM_2WORD=4.4570896307050134e-07
...	O=0.9999955892562866|NORM_1WORD=2.735216185101308e-06|NORM_2WORD=1.2464231531339465e-06

kad	O=0.9999966621398926|NORM_1WORD=2.189676251873607e-06|NORM_2WORD=7.798466867825482e-07
izgubite	O=0.9999924898147583|NORM_1WORD=6.725463663315168e-06|NORM_2WORD=5.796243840450188e-07
sposobnost	O=0.9999566078186035|NORM_1WORD=4.1447932744631544e-05|NORM_2WORD=1.59832973167795e-06
da	O=0.999996542930603|NORM_1WORD=2.783647005344392e-06|NORM_2WORD=4.858237048210867e-07
se	O=0.9999935626983643|NORM_1WORD=5.985963525745319e-06|NORM_2WORD=3.724420878370438e-07
na	O=0.9999921321868896|NORM_1WORD=6.938778369658394e-06|NORM_2WORD=6.642686685154331e-07
nekoga	O=0.9999873638153076|NORM_1WORD=1.1514344805618748e-05|NORM_2WORD=8.101410458039027e-07
ili	O=0.9999756813049316|NORM_1WORD=2.0397525076987222e-05|NORM_2WORD=2.574214704509359e-06
na	O=0.9999957084655762|NORM_1WORD=3.661223900053301e-06|NORM_2WORD=4.3123654336341133e-07
nešto	O=0.9999814033508301|NORM_1WORD=1.4557988833985291e-05|NORM_2WORD=2.8955098514416022e-06
ljutite	O=0.9999873638153076|NORM_1WORD=1.2079720363544766e-05|NORM_2WORD=4.0045571836344607e-07
,	O=0.999995231628418|NORM_1WORD=2.7681012397806626e-06|NORM_2WORD=1.4291370007413207e-06
onda	O=0.9999958276748657|NORM_1WORD=3.1199108434520895e-06|NORM_2WORD=7.241744128805294e-07
je	O=0.999995231628418|NORM_1WORD=4.48900755145587e-06|NORM_2WORD=2.879991143345251e-07
to	O=0.9999934434890747|NORM_1WORD=5.316972419677768e-06|NORM_2WORD=8.493277618981665e-07
sigiran	O=0.9954217076301575|NORM_1WORD=0.004576850216835737|NORM_2WORD=1.225577534569311e-06
znak	O=0.9999523162841797|NORM_1WORD=4.5379023504210636e-05|NORM_2WORD=1.7631722357691615e-06
da	O=0.9999970197677612|NORM_1WORD=2.6220452582492726e-06|NORM_2WORD=2.9477899943231023e-07
taj	O=0.9999896287918091|NORM_1WORD=9.069628504221328e-06|NORM_2WORD=9.161895491160976e-07
neko	O=0.9998528957366943|NORM_1WORD=0.00014258477312978357|NORM_2WORD=3.4724955639831023e-06
ili	O=0.9999701976776123|NORM_1WORD=2.6550269467406906e-05|NORM_2WORD=2.11605856748065e-06
to	O=0.9999759197235107|NORM_1WORD=2.2456828446593136e-05|NORM_2WORD=1.132281568061444e-06
nešto	O=0.9999853372573853|NORM_1WORD=1.2382808563415892e-05|NORM_2WORD=1.5042984387036995e-06
prestaje	O=0.9999876022338867|NORM_1WORD=1.1469653145468328e-05|NORM_2WORD=6.734996986779151e-07
da	O=0.9999963045120239|NORM_1WORD=3.173556024194113e-06|NORM_2WORD=3.548184395185672e-07
vam	O=0.9999958276748657|NORM_1WORD=3.616017238528002e-06|NORM_2WORD=3.9149750818978646e-07
znači	O=0.999982476234436|NORM_1WORD=1.551932109578047e-05|NORM_2WORD=1.3812712040817132e-06
.	O=0.9999969005584717|NORM_1WORD=2.1831958747497993e-06|NORM_2WORD=7.561376378362183e-07

jedva	O=0.9999945163726807|NORM_1WORD=4.273469130566809e-06|NORM_2WORD=9.395654387844843e-07
cekam	NORM_1WORD=0.9999785423278809|O=1.4021914466866292e-05|NORM_2WORD=5.9877688727283385e-06
da	O=0.9999974966049194|NORM_1WORD=1.965826868399745e-06|NORM_2WORD=4.824178176932037e-07
dodje	NORM_1WORD=0.9999752044677734|O=1.677247382758651e-05|NORM_2WORD=6.06534922553692e-06
,	O=0.9999932050704956|NORM_1WORD=2.95316613119212e-06|NORM_2WORD=2.826742957040551e-06
da	O=0.999997615814209|NORM_1WORD=1.584601932336227e-06|NORM_2WORD=5.593979608420341e-07
se	O=0.9999972581863403|NORM_1WORD=2.249444378321641e-06|NORM_2WORD=3.687631817683723e-07
napijemo	O=0.9999945163726807|NORM_1WORD=4.73830004921183e-06|NORM_2WORD=6.485421977231454e-07
,	O=0.9999945163726807|NORM_1WORD=2.761949644991546e-06|NORM_2WORD=2.0038098682562122e-06
pa	O=0.9999957084655762|NORM_1WORD=3.6857575196336256e-06|NORM_2WORD=4.898111569673347e-07
da	O=0.9999973773956299|NORM_1WORD=2.095143599945004e-06|NORM_2WORD=4.429245450410235e-07
mu	O=0.9999967813491821|NORM_1WORD=2.662665110619855e-06|NORM_2WORD=4.189925562059216e-07
kazem	NORM_1WORD=0.9999645948410034|O=2.98192953778198e-05|NORM_2WORD=4.201700448902557e-06
kako	O=0.9999933242797852|NORM_1WORD=4.940437065670267e-06|NORM_2WORD=1.3602681292468333e-06
sam	O=0.9999970197677612|NORM_1WORD=2.3659893031435786e-06|NORM_2WORD=5.009341634831799e-07
jedva	O=0.9999922513961792|NORM_1WORD=6.354442120937165e-06|NORM_2WORD=1.1175171721333754e-06
prezivela	O=0.9999810457229614|NORM_1WORD=1.8094082406605594e-05|NORM_2WORD=7.038556191218959e-07
ovo	O=0.9999970197677612|NORM_1WORD=2.2537060431204736e-06|NORM_2WORD=5.404016860666161e-07
vreme	O=0.9999966621398926|NORM_1WORD=2.550304770920775e-06|NORM_2WORD=5.947149475105107e-07
bez	O=0.9999969005584717|NORM_1WORD=2.1920563995081466e-06|NORM_2WORD=6.971169455027848e-07
njega	O=0.9999933242797852|NORM_1WORD=5.033062279835576e-06|NORM_2WORD=1.1476913641672581e-06
.	O=0.9999967813491821|NORM_1WORD=1.8624314179760404e-06|NORM_2WORD=1.0559198244664003e-06

ne	O=0.9999819993972778|NORM_1WORD=1.7542137356940657e-05|NORM_2WORD=3.282795546510897e-07
krpi	O=0.9929540753364563|NORM_1WORD=0.007043670862913132|NORM_2WORD=1.8869999394155457e-06
je	O=0.9999927282333374|NORM_1WORD=6.9540919866994955e-06|NORM_2WORD=1.9665104389332555e-07
nikakav	O=0.999995231628418|NORM_1WORD=4.379122856335016e-06|NORM_2WORD=3.014174865256791e-07
porez	O=0.9999799728393555|NORM_1WORD=1.7528840544400737e-05|NORM_2WORD=1.73305636508303e-06
.	O=0.9999967813491821|NORM_1WORD=1.5507183661611634e-06|NORM_2WORD=1.2577156667248346e-06

nešto	O=0.9999914169311523|NORM_1WORD=7.448292763001518e-06|NORM_2WORD=8.473818979837233e-07
slično	O=0.9999790191650391|NORM_1WORD=1.9868974050041288e-05|NORM_2WORD=8.607893846601655e-07
kao	O=0.9999791383743286|NORM_1WORD=1.85821954801213e-05|NORM_2WORD=1.8345165244681993e-06
i	O=0.9999898672103882|NORM_1WORD=9.192524885293096e-06|NORM_2WORD=6.651901571785857e-07
"	O=0.9999961853027344|NORM_1WORD=2.5669914975878783e-06|NORM_2WORD=9.208644087266293e-07
donacije	O=0.9999552965164185|NORM_1WORD=4.2751344153657556e-05|NORM_2WORD=1.3417461559583899e-06
"	O=0.9999898672103882|NORM_1WORD=9.26386292121606e-06|NORM_2WORD=6.851278726571763e-07
zapada	O=0.9999505281448364|NORM_1WORD=4.811928010894917e-05|NORM_2WORD=9.861680609901669e-07
za	O=0.9999967813491821|NORM_1WORD=2.930753680630005e-06|NORM_2WORD=2.7125790325044363e-07
poplavljene	O=0.9999552965164185|NORM_1WORD=4.3115745938848704e-05|NORM_2WORD=1.2323645250944537e-06
,	O=0.9999957084655762|NORM_1WORD=2.4986027256090892e-06|NORM_2WORD=1.3235904816610855e-06
a	O=0.9999964237213135|NORM_1WORD=3.020513531737379e-06|NORM_2WORD=4.6694037791894516e-07
reč	O=0.9999864101409912|NORM_1WORD=1.2503959624154959e-05|NORM_2WORD=8.435315521637676e-07
je	O=0.9999936819076538|NORM_1WORD=5.8486439229454845e-06|NORM_2WORD=3.393929546291474e-07
o	O=0.9999974966049194|NORM_1WORD=2.0670431695180014e-06|NORM_2WORD=3.6927988844581705e-07
kreditima	O=0.9999780654907227|NORM_1WORD=2.1629897673847154e-05|NORM_2WORD=2.1574352615516545e-07
.	O=0.9999970197677612|NORM_1WORD=1.633411670809437e-06|NORM_2WORD=9.814419854592416e-07

ima	O=0.999993085861206|NORM_1WORD=5.873704139958136e-06|NORM_2WORD=8.016622814466245e-07
tih	O=0.9999353885650635|NORM_1WORD=6.362501153489575e-05|NORM_2WORD=7.880825023676152e-07
ovde	O=0.9999874830245972|NORM_1WORD=1.0539588402025402e-05|NORM_2WORD=1.3798535292153247e-06
koje	O=0.9999905824661255|NORM_1WORD=7.969984835654031e-06|NORM_2WORD=1.1285961818430224e-06
sam	O=0.9999971389770508|NORM_1WORD=2.06898926080612e-06|NORM_2WORD=5.806584226775158e-07
smatrala	O=0.9999954700469971|NORM_1WORD=3.789888069150038e-06|NORM_2WORD=5.973795964564488e-07
prelepotama	O=0.9990971088409424|NORM_1WORD=0.0009017227566801012|NORM_2WORD=9.743031341713504e-07
sve	O=0.9999966621398926|NORM_1WORD=2.3816360226192046e-06|NORM_2WORD=6.871643449812836e-07
dok	O=0.9999960660934448|NORM_1WORD=2.9682976219191914e-06|NORM_2WORD=7.360278004853171e-07
ih	O=0.9999880790710449|NORM_1WORD=1.0712586117733736e-05|NORM_2WORD=8.591790674472577e-07
nisam	O=0.9999955892562866|NORM_1WORD=3.4213721846754197e-06|NORM_2WORD=6.677541932731401e-07
uzivo	NORM_1WORD=0.999916672706604|O=7.993879989953712e-05|NORM_2WORD=2.743804770943825e-06
videla	O=0.9999889135360718|NORM_1WORD=1.0612758160277735e-05|NORM_2WORD=4.1390217120351736e-07
i	O=0.9999955892562866|NORM_1WORD=3.6636054119298933e-06|NORM_2WORD=5.639874984808557e-07
skontala	O=0.999984622001648|NORM_1WORD=1.4211228517524432e-05|NORM_2WORD=8.523948054062203e-07
koliko	O=0.9999722242355347|NORM_1WORD=2.4224516891990788e-05|NORM_2WORD=2.583768264230457e-06
zapravo	O=0.9999815225601196|NORM_1WORD=1.5354396964539774e-05|NORM_2WORD=2.2782021460443502e-06
filteri	O=0.9999837875366211|NORM_1WORD=1.573324880155269e-05|NORM_2WORD=3.8724368778275675e-07
prolepsavaju	NORM_1WORD=0.988804042339325|O=0.011188455857336521|NORM_2WORD=6.747260613337858e-06

ptice	NORM_1WORD=0.9996198415756226|O=0.000377543707145378|NORM_2WORD=2.2352814994519576e-06
se	O=0.9999902248382568|NORM_1WORD=9.514888006378897e-06|NORM_2WORD=2.7284784209768986e-07
lede	NORM_1WORD=0.9445997476577759|O=0.055395275354385376|NORM_2WORD=4.233155323163373e-06
u	O=0.9999945163726807|NORM_1WORD=4.629870545613812e-06|NORM_2WORD=6.537609920087561e-07
vazduhu	O=0.9999691247940063|NORM_1WORD=3.025595833605621e-05|NORM_2WORD=5.100162070448278e-07
.	O=0.9999969005584717|NORM_1WORD=1.6275307643809356e-06|NORM_2WORD=1.1525061154316063e-06

@micin_taja	O=0.9999959468841553|NORM_1WORD=2.3940199298522202e-06|NORM_2WORD=1.4837416983937146e-06
@angoldberger	O=0.9999974966049194|NORM_1WORD=1.9957103631895734e-06|NORM_2WORD=4.747801369830995e-07
zato	O=0.999991774559021|NORM_1WORD=6.56206202620524e-06|NORM_2WORD=1.1600934612943092e-06
što	O=0.9999961853027344|NORM_1WORD=3.0264641281974036e-06|NORM_2WORD=5.390176625041931e-07
je	O=0.9999691247940063|NORM_1WORD=3.0122084353934042e-05|NORM_2WORD=5.926603421357868e-07
imao	O=0.9999747276306152|NORM_1WORD=2.3588519979966804e-05|NORM_2WORD=1.3639685221278341e-06
paju	O=0.9708497524261475|NORM_1WORD=0.02914612367749214|NORM_2WORD=3.6621347589971265e-06
patka	O=0.9996262788772583|NORM_1WORD=0.00037288307794369757|NORM_2WORD=7.500574952246097e-07
za	O=0.9999904632568359|NORM_1WORD=8.949491530074738e-06|NORM_2WORD=4.2332439420533774e-07
protivkandidata	O=0.9999865293502808|NORM_1WORD=1.3031768503424246e-05|NORM_2WORD=3.922285713997553e-07
,	O=0.9999970197677612|NORM_1WORD=1.8208785377282766e-06|NORM_2WORD=8.850301469465194e-07
koji	O=0.9999953508377075|NORM_1WORD=3.849995664495509e-06|NORM_2WORD=5.888364285056014e-07
je	O=0.9999960660934448|NORM_1WORD=3.610655994634726e-06|NORM_2WORD=2.9766417242171883e-07
umislio	O=0.9999927282333374|NORM_1WORD=6.830028269178001e-06|NORM_2WORD=3.8170620086930285e-07
da	O=0.9999963045120239|NORM_1WORD=3.2672401175659616e-06|NORM_2WORD=3.635959444636683e-07
je	O=0.9999921321868896|NORM_1WORD=7.103719326551072e-06|NORM_2WORD=5.877309945390152e-07
idol	O=0.9999839067459106|NORM_1WORD=1.4822380762780085e-05|NORM_2WORD=9.493161314821918e-07
!	O=0.9999966621398926|NORM_1WORD=1.8211750330010545e-06|NORM_2WORD=1.2075416861989652e-06

u	O=0.9999970197677612|NORM_1WORD=2.5906670089170802e-06|NORM_2WORD=2.931672611339309e-07
zdravstvenoj	O=0.9999852180480957|NORM_1WORD=1.4488515262200963e-05|NORM_2WORD=1.899520185588699e-07
ustanovi	O=0.9999842643737793|NORM_1WORD=1.3968687198939733e-05|NORM_2WORD=1.3579383448814042e-06
se	O=0.9999979734420776|NORM_1WORD=1.776150384102948e-06|NORM_2WORD=2.04995217245596e-07
iz	O=0.9999959468841553|NORM_1WORD=3.649041900644079e-06|NORM_2WORD=3.247690756325028e-07
neke	O=0.9999908208847046|NORM_1WORD=8.506252925144508e-06|NORM_2WORD=4.439272629497282e-07
od	O=0.9999924898147583|NORM_1WORD=7.253134754137136e-06|NORM_2WORD=1.8682823110793834e-07
ordinacija	O=0.9999369382858276|NORM_1WORD=6.258805660763755e-05|NORM_2WORD=4.046475794439175e-07
čuje	O=0.9999898672103882|NORM_1WORD=8.86813722900115e-06|NORM_2WORD=9.184318514598999e-07
rem	O=0.9999445676803589|NORM_1WORD=5.4535583331016824e-05|NORM_2WORD=6.988883569647442e-07
-	O=0.9999958276748657|NORM_1WORD=2.018113491430995e-06|NORM_2WORD=1.6474866697535617e-06
everybody	O=0.9999940395355225|NORM_1WORD=3.7470726965693757e-06|NORM_2WORD=1.8325032442589873e-06
hurts	O=0.9996390342712402|NORM_1WORD=0.0003556598967406899|NORM_2WORD=4.612521024682792e-06
.	O=0.9999967813491821|NORM_1WORD=1.6459584912809078e-06|NORM_2WORD=1.1513105846461258e-06

stavi	O=0.9999843835830688|NORM_1WORD=1.3086975741316564e-05|NORM_2WORD=1.938127979883575e-06
prst	O=0.9999302625656128|NORM_1WORD=6.880872388137504e-05|NORM_2WORD=7.41495682632376e-07
u	O=0.9999922513961792|NORM_1WORD=7.318606549233664e-06|NORM_2WORD=3.5211488125241885e-07
uvo	O=0.9999667406082153|NORM_1WORD=3.262854443164542e-05|NORM_2WORD=4.690142532126629e-07
seljanko	O=0.9979667663574219|NORM_1WORD=0.0020319027826189995|NORM_2WORD=1.1730011237887084e-06
dok	O=0.9999961853027344|NORM_1WORD=3.1500273962592473e-06|NORM_2WORD=4.24646628971459e-07
se	O=0.999993085861206|NORM_1WORD=6.53455572319217e-06|NORM_2WORD=3.2019812579164864e-07
dernjas	NORM_1WORD=0.9999592304229736|O=3.304542042315006e-05|NORM_2WORD=6.23959658696549e-06
na	O=0.9999911785125732|NORM_1WORD=8.161810001183767e-06|NORM_2WORD=5.096414383842784e-07
telefon	O=0.9997866749763489|NORM_1WORD=0.00020964210852980614|NORM_2WORD=2.5548074518155772e-06
da	O=0.9999935626983643|NORM_1WORD=5.815477834403282e-06|NORM_2WORD=4.637641382032598e-07
te	O=0.9999556541442871|NORM_1WORD=4.300640648580156e-05|NORM_2WORD=1.0230889984086389e-06
lepo	O=0.9987976551055908|NORM_1WORD=0.0012005218304693699|NORM_2WORD=1.5664425063732779e-06
cuju	NORM_1WORD=0.999940037727356|O=5.5975157010834664e-05|NORM_2WORD=3.4452800719009247e-06
i	O=0.9999866485595703|NORM_1WORD=1.2785051694663707e-05|NORM_2WORD=4.6345675741576997e-07
u	O=0.9999951124191284|NORM_1WORD=4.20725791627774e-06|NORM_2WORD=5.143994599166035e-07
ulazu	O=0.999980092048645|NORM_1WORD=1.9398108634050004e-05|NORM_2WORD=3.451776819929364e-07
pored	O=0.9999949932098389|NORM_1WORD=4.5237088670546655e-06|NORM_2WORD=3.5976819390270975e-07
!	O=0.999993085861206|NORM_1WORD=5.2430318646656815e-06|NORM_2WORD=1.1841949572044541e-06

govnjiva	O=0.9906125068664551|NORM_1WORD=0.009382907301187515|NORM_2WORD=3.903168362739962e-06
motka	O=0.5856463313102722|NORM_1WORD=0.41434112191200256|NORM_2WORD=1.0798315997817554e-05
je	O=0.9999874830245972|NORM_1WORD=1.2187103493488394e-05|NORM_2WORD=1.9617216651113267e-07
resenje	NORM_1WORD=0.9999227523803711|O=7.42046904633753e-05|NORM_2WORD=2.73728983302135e-06
!!	O=0.9999936819076538|NORM_1WORD=4.225495104037691e-06|NORM_2WORD=1.5010693914518924e-06

onog	O=0.9999966621398926|NORM_1WORD=3.079130920013995e-06|NORM_2WORD=2.395886724571028e-07
trenutka	O=0.9999964237213135|NORM_1WORD=2.6622501536621712e-06|NORM_2WORD=7.091799147929123e-07
kada	O=0.9999978542327881|NORM_1WORD=1.0829137409018585e-06|NORM_2WORD=8.327380101036397e-07
otkrijem	O=0.9999971389770508|NORM_1WORD=2.42260102822911e-06|NORM_2WORD=3.695482178045495e-07
da	O=0.9999973773956299|NORM_1WORD=2.0072736788279144e-06|NORM_2WORD=4.809432425645355e-07
ovde	O=0.9999942779541016|NORM_1WORD=4.809167421626626e-06|NORM_2WORD=7.6211034638618e-07
ide	O=0.9999921321868896|NORM_1WORD=6.588187716261018e-06|NORM_2WORD=9.95873961073812e-07
po	O=0.999993085861206|NORM_1WORD=6.258987014007289e-06|NORM_2WORD=5.275057333165023e-07
principu	O=0.9999785423278809|NORM_1WORD=1.8646536773303524e-05|NORM_2WORD=2.031593794526998e-06
fejv	O=0.9999639987945557|NORM_1WORD=3.514812487992458e-05|NORM_2WORD=7.483428134946735e-07
za	O=0.9999644756317139|NORM_1WORD=3.5100209061056376e-05|NORM_2WORD=3.2811385608511046e-07
fejv	O=0.9999825954437256|NORM_1WORD=1.6634154235362075e-05|NORM_2WORD=5.71624923395575e-07
,	O=0.9999970197677612|NORM_2WORD=1.3712584632230573e-06|NORM_1WORD=1.102970372812706e-06
gasim	O=0.9999954700469971|NORM_1WORD=3.897136139130453e-06|NORM_2WORD=4.800479018740589e-07
tw	O=0.9999599456787109|NORM_1WORD=3.7016903661424294e-05|NORM_2WORD=2.5114857180597028e-06
.	O=0.9999970197677612|NORM_1WORD=1.5632165286660893e-06|NORM_2WORD=1.1175363852089504e-06

@pile_istoka	O=0.9999980926513672|NORM_1WORD=1.3731141734751873e-06|NORM_2WORD=5.291554998620995e-07
ni	O=0.9999837875366211|NORM_1WORD=1.4988250768510625e-05|NORM_2WORD=9.228522230841918e-07
ja	O=0.9999974966049194|NORM_1WORD=1.310993752667855e-06|NORM_2WORD=9.462701768825355e-07
nisam	O=0.9999935626983643|NORM_1WORD=5.776673788204789e-06|NORM_2WORD=4.386611749396252e-07
cuo	NORM_1WORD=0.9999637603759766|O=1.8592725609778427e-05|NORM_2WORD=1.3704081538890023e-05
za	O=0.9999939203262329|NORM_1WORD=5.583014626608929e-06|NORM_2WORD=4.1191171362697787e-07
nju	O=0.9999961853027344|NORM_1WORD=2.7509190658747684e-06|NORM_2WORD=8.046581001508457e-07
dok	O=0.9999974966049194|NORM_1WORD=1.3744576108365436e-06|NORM_2WORD=8.482343787363789e-07
se	O=0.9999974966049194|NORM_1WORD=2.0462450720515335e-06|NORM_2WORD=3.0651509064227866e-07
nije	O=0.9999972581863403|NORM_1WORD=1.983078391276649e-06|NORM_2WORD=5.860940177626617e-07
udala	O=0.9999963045120239|NORM_1WORD=3.289924279670231e-06|NORM_2WORD=3.5799916986434255e-07
za	O=0.9999971389770508|NORM_1WORD=2.187043264711974e-06|NORM_2WORD=4.4559192247106694e-07
nekog	O=0.9999969005584717|NORM_1WORD=1.8691308696361375e-06|NORM_2WORD=8.976565482043952e-07
matorca	O=0.9999762773513794|NORM_1WORD=2.3165761376731098e-05|NORM_2WORD=4.7487151277891826e-07
i	O=0.999997615814209|NORM_1WORD=1.764012495186762e-06|NORM_2WORD=4.784880047736806e-07
pravila	O=0.9999938011169434|NORM_1WORD=3.971004389313748e-06|NORM_2WORD=1.865284161794989e-06
svadbu	O=0.9999947547912598|NORM_1WORD=4.802180683327606e-06|NORM_2WORD=3.378783617336012e-07
u	O=0.9999971389770508|NORM_1WORD=2.2412064026866574e-06|NORM_2WORD=4.65865184651193e-07
monaku	O=0.9999350309371948|NORM_1WORD=6.419308192562312e-05|NORM_2WORD=6.19071499841084e-07
ahaha	O=0.9999918937683105|NORM_1WORD=5.059663635620382e-06|NORM_2WORD=2.4984074116218835e-06

potencijalni	O=0.9999833106994629|NORM_1WORD=1.6022680938476697e-05|NORM_2WORD=4.373125364054431e-07
si	O=0.9999767541885376|NORM_1WORD=2.2647833247901872e-05|NORM_2WORD=4.6819934595987434e-07
kandidt	O=0.9986627101898193|NORM_1WORD=0.001336731598712504|NORM_2WORD=5.131289526616456e-07
da	O=0.9999946355819702|NORM_1WORD=4.9167265387950465e-06|NORM_2WORD=3.899435512266791e-07
ponovis	NORM_1WORD=0.9999570846557617|O=3.222996019758284e-05|NORM_2WORD=8.16955252957996e-06
godinu	O=0.9999912977218628|NORM_1WORD=7.5470511546882335e-06|NORM_2WORD=8.880264203980914e-07
,	O=0.9999949932098389|NORM_1WORD=3.0614201023126952e-06|NORM_2WORD=1.3914503824707936e-06
a	O=0.9999774694442749|NORM_1WORD=2.1396979718701914e-05|NORM_2WORD=9.752175174071454e-07
ides	NORM_1WORD=0.9998397827148438|O=0.00015282724052667618|NORM_2WORD=5.5139275900728535e-06
u	O=0.9999949932098389|NORM_1WORD=4.3980980990454555e-06|NORM_2WORD=5.010697918805818e-07
london	O=0.9999901056289673|NORM_1WORD=8.082876775006298e-06|NORM_2WORD=1.2689866935033933e-06
????	O=0.9999856948852539|NORM_1WORD=1.0665535228326917e-05|NORM_2WORD=2.8298693450778956e-06
pa	O=0.999988317489624|NORM_1WORD=1.0866404409171082e-05|NORM_2WORD=5.43650401141349e-07
ja	O=0.9999964237213135|NORM_1WORD=2.837994315996184e-06|NORM_2WORD=5.883671860829054e-07
ne	O=0.9999966621398926|NORM_1WORD=2.7029841476178262e-06|NORM_2WORD=4.195930785044766e-07
bi	O=0.9977049231529236|NORM_1WORD=0.0022941837087273598|NORM_2WORD=8.018693620215345e-07
ni	O=0.9999473094940186|NORM_1WORD=5.068636164651252e-05|NORM_2WORD=1.4835832189419307e-06
do	O=0.9999959468841553|NORM_1WORD=3.468272552709095e-06|NORM_2WORD=4.555475072720583e-07
palica	O=0.999835729598999|NORM_1WORD=0.00016298760601785034|NORM_2WORD=1.0698503274397808e-06
stigla	O=0.9999886751174927|NORM_1WORD=1.0933457815553993e-05|NORM_2WORD=3.4433108453413297e-07
da	O=0.9999959468841553|NORM_1WORD=3.5659977584145963e-06|NORM_2WORD=3.833402786312945e-07
sam	O=0.9999958276748657|NORM_1WORD=3.7120876186236273e-06|NORM_2WORD=3.2938640970314736e-07
na	O=0.9999979734420776|NORM_1WORD=1.7367507325616316e-06|NORM_2WORD=2.6945983222503855e-07
tvom	O=0.999976634979248|NORM_1WORD=2.2863825506647117e-05|NORM_2WORD=3.4486521371945855e-07
mestu	O=0.9999953508377075|NORM_1WORD=3.7246391002554446e-06|NORM_2WORD=6.785879236304027e-07
...	O=0.9999949932098389|NORM_1WORD=3.6910241760779172e-06|NORM_2WORD=9.345837952423608e-07

@militch	O=0.9999966621398926|NORM_1WORD=1.980831484615919e-06|NORM_2WORD=1.1847503174067242e-06
pazi	O=0.9999954700469971|NORM_1WORD=3.956650289183017e-06|NORM_2WORD=5.351185450308549e-07
,	O=0.9999955892562866|NORM_2WORD=2.290034217367065e-06|NORM_1WORD=1.4781130630581174e-06
treba	O=0.9999934434890747|NORM_1WORD=4.957102646585554e-06|NORM_2WORD=1.1529626817718963e-06
biti	O=0.9999977350234985|NORM_1WORD=1.4644037946709432e-06|NORM_2WORD=5.751189178226923e-07
originalan	O=0.9999971389770508|NORM_1WORD=2.417638825136237e-06|NORM_2WORD=3.5835540757034323e-07
.	O=0.9999966621398926|NORM_1WORD=1.5002551663201302e-06|NORM_2WORD=1.4813830375715042e-06

@braturke	O=0.9999978542327881|NORM_1WORD=1.6573737866565352e-06|NORM_2WORD=3.5855052260558296e-07
nisam	O=0.9999973773956299|NORM_1WORD=1.9053228470511385e-06|NORM_2WORD=5.301218948261521e-07
mislio	O=0.9999969005584717|NORM_1WORD=2.8494835078163305e-06|NORM_2WORD=2.2208431005310558e-07
na	O=0.9999973773956299|NORM_1WORD=2.333969632672961e-06|NORM_2WORD=2.278686963563814e-07
to	O=0.9999921321868896|NORM_1WORD=6.6739639805746265e-06|NORM_2WORD=7.786719038449519e-07
,	O=0.9999963045120239|NORM_2WORD=1.6609726571914507e-06|NORM_1WORD=1.4818473346167593e-06
mislio	O=0.9999971389770508|NORM_1WORD=2.5471533717791317e-06|NORM_2WORD=2.532312350922439e-07
sam	O=0.9999982118606567|NORM_1WORD=1.5240648281178437e-06|NORM_2WORD=2.3084599831690866e-07
da	O=0.9999974966049194|NORM_1WORD=2.1575440314336447e-06|NORM_2WORD=2.971424351017049e-07
je	O=0.9999915361404419|NORM_1WORD=8.029368473216891e-06|NORM_2WORD=3.5584756119533267e-07
izdominirao	O=0.9999878406524658|NORM_1WORD=1.182491996587487e-05|NORM_2WORD=2.714684796956135e-07
na	O=0.9999909400939941|NORM_1WORD=8.533701475244015e-06|NORM_2WORD=4.1152216567752475e-07
duže	O=0.9999891519546509|NORM_1WORD=1.0437509445182513e-05|NORM_2WORD=3.916084381216933e-07
staze	O=0.999972939491272|NORM_1WORD=2.6311538022127934e-05|NORM_2WORD=6.524438731503324e-07
.	O=0.9999971389770508|NORM_1WORD=1.4261661362979794e-06|NORM_2WORD=1.0338786751162843e-06

lakše	O=0.9999922513961792|NORM_1WORD=6.925174147909274e-06|NORM_2WORD=6.350549597300414e-07
mi	O=0.9999932050704956|NORM_1WORD=6.096124252508162e-06|NORM_2WORD=4.8952597353491e-07
je	O=0.9999929666519165|NORM_1WORD=6.538943580380874e-06|NORM_2WORD=3.840742976990441e-07
navići	O=0.9999862909317017|NORM_1WORD=1.2651954421016853e-05|NORM_2WORD=8.87713781594357e-07
se	O=0.999992847442627|NORM_1WORD=6.690613645332633e-06|NORM_2WORD=3.133072823402472e-07
da	O=0.999991774559021|NORM_1WORD=7.083949185471283e-06|NORM_2WORD=7.96386643742153e-07
sam	O=0.999992847442627|NORM_1WORD=6.2796120801067445e-06|NORM_2WORD=6.434058263948828e-07
neprilagođena	O=0.9998838901519775|NORM_1WORD=0.00011463637201813981|NORM_2WORD=1.1744299399651936e-06
nego	O=0.9999940395355225|NORM_1WORD=4.960737442161189e-06|NORM_2WORD=7.106066846063186e-07
kaskati	O=0.9998795986175537|NORM_1WORD=0.00011571106733754277|NORM_2WORD=3.4083534501405666e-06
u	O=0.999990701675415|NORM_1WORD=8.135873031278607e-06|NORM_2WORD=8.508390010319999e-07
stadu	O=0.9963992834091187|NORM_1WORD=0.003599229035899043|NORM_2WORD=1.1551434226930724e-06
gde	O=0.9999920129776001|NORM_1WORD=5.9952267292828765e-06|NORM_2WORD=1.5359295275629847e-06
si	O=0.9999905824661255|NORM_1WORD=8.65143465489382e-06|NORM_2WORD=5.386272050600382e-07
danas	O=0.9999938011169434|NORM_1WORD=5.105604486743687e-06|NORM_2WORD=8.66566153945314e-07
ovca	O=0.9999349117279053|NORM_1WORD=6.404436135198921e-05|NORM_2WORD=7.758322908557602e-07
,	O=0.9999957084655762|NORM_1WORD=2.945337428172934e-06|NORM_2WORD=9.718751243781298e-07
sutra	O=0.9999934434890747|NORM_1WORD=5.3855092119192705e-06|NORM_2WORD=9.870910844256287e-07
džukac	O=0.9984448552131653|NORM_1WORD=0.0015498098218813539|NORM_2WORD=4.382319275464397e-06
a	O=0.999980092048645|NORM_1WORD=1.9435919966781512e-05|NORM_2WORD=3.706360303112888e-07
o	O=0.999990701675415|NORM_1WORD=8.590228389948606e-06|NORM_2WORD=5.433821570477448e-07
praznicima	O=0.999948263168335|NORM_1WORD=4.994391565560363e-05|NORM_2WORD=1.2943202136739274e-06
,	O=0.9999947547912598|NORM_1WORD=3.6652450035035145e-06|NORM_2WORD=1.1532765711308457e-06
bome	O=0.9979109168052673|NORM_1WORD=0.0020865765400230885|NORM_2WORD=2.08656933864404e-06
,	O=0.9999948740005493|NORM_1WORD=3.38261588694877e-06|NORM_2WORD=1.2997924159208196e-06
i	O=0.9999934434890747|NORM_1WORD=6.099695838202024e-06|NORM_2WORD=4.0943277213045803e-07
magarac	O=0.9935861229896545|NORM_1WORD=0.00641015637665987|NORM_2WORD=3.2210518838837743e-06
.	O=0.9999973773956299|NORM_1WORD=1.8458111981090042e-06|NORM_2WORD=6.118698934187705e-07

dođi	O=0.9999934434890747|NORM_1WORD=5.312481334840413e-06|NORM_2WORD=1.0004806654251297e-06
sutra	O=0.9999964237213135|NORM_1WORD=1.9554099708329886e-06|NORM_2WORD=1.3440376278595068e-06
na	O=0.9999971389770508|NORM_1WORD=2.352128603888559e-06|NORM_2WORD=4.117610501452873e-07
tračericu	O=0.9530969262123108|NORM_1WORD=0.04689662158489227|NORM_2WORD=5.826421784149716e-06
kod	O=0.999997615814209|NORM_1WORD=1.4716626992594684e-06|NORM_2WORD=6.614781682401372e-07
mene	O=0.9999958276748657|NORM_1WORD=2.677738166312338e-06|NORM_2WORD=1.1125339369755238e-06

u	O=0.9999979734420776|NORM_1WORD=1.6774353071014048e-06|NORM_2WORD=2.9537307000282453e-07
slobodno	O=0.999997615814209|NORM_1WORD=1.8267795667270548e-06|NORM_2WORD=3.9167596810329997e-07
vreme	O=0.9999972581863403|NORM_1WORD=2.3072616386343725e-06|NORM_2WORD=2.987189873238094e-07
tražim	O=0.9999973773956299|NORM_1WORD=1.961130465133465e-06|NORM_2WORD=4.448065453743766e-07
razloge	O=0.9999911785125732|NORM_1WORD=8.223250006267335e-06|NORM_2WORD=4.346640594121709e-07
zašto	O=0.9999953508377075|NORM_1WORD=2.2149479264044203e-06|NORM_2WORD=1.846385089265823e-06
prokrastiniram	O=0.9998014569282532|NORM_1WORD=0.00019677540694829077|NORM_2WORD=1.4819613625149941e-06
.	O=0.9999970197677612|NORM_2WORD=1.3568630947702331e-06|NORM_1WORD=1.2578586847666884e-06

#pinkovezvezde	O=0.9999947547912598|NORM_1WORD=3.0891874303051736e-06|NORM_2WORD=1.7469011481807684e-06

ili	O=0.9999973773956299|NORM_1WORD=1.8917037323262775e-06|NORM_2WORD=5.085987595521146e-07
grešim	O=0.9999971389770508|NORM_1WORD=2.5692668259580387e-06|NORM_2WORD=2.1048552412139543e-07
?	O=0.999996542930603|NORM_2WORD=1.5471136975975242e-06|NORM_1WORD=1.4284806866271538e-06

stedis	NORM_1WORD=0.9999542236328125|O=3.943218325730413e-05|NORM_2WORD=4.738370989798568e-06
kintu	O=0.9999345541000366|NORM_1WORD=6.477134593296796e-05|NORM_2WORD=6.153488811833085e-07
da	O=0.9999964237213135|NORM_1WORD=3.148334371871897e-06|NORM_2WORD=3.359991467277723e-07
kupis	NORM_1WORD=0.9999508857727051|O=4.028731200378388e-05|NORM_2WORD=6.6140601120423526e-06
neku	O=0.9999955892562866|NORM_1WORD=3.5972086607216625e-06|NORM_2WORD=5.767973902948142e-07
lepu	O=0.9999688863754272|NORM_1WORD=3.056881178054027e-05|NORM_2WORD=3.915145612154447e-07
kvalitetnu	O=0.9999749660491943|NORM_1WORD=2.4051361833699048e-05|NORM_2WORD=6.849190299362817e-07
krpicu	NORM_1WORD=0.9877222180366516|O=0.01227407343685627|NORM_2WORD=3.277566747783567e-06
i	O=0.9999780654907227|NORM_1WORD=2.146500992239453e-05|NORM_2WORD=3.4326120612604427e-07
to	O=0.9999901056289673|NORM_1WORD=9.018355740408879e-06|NORM_2WORD=6.068270863579528e-07
je	O=0.9999867677688599|NORM_1WORD=1.2767630323651247e-05|NORM_2WORD=3.6809700532103307e-07
okej	O=0.9999903440475464|NORM_1WORD=8.911301847547293e-06|NORM_2WORD=5.389744046624401e-07
,	O=0.9999955892562866|NORM_1WORD=2.134381702489918e-06|NORM_2WORD=1.6101358824016643e-06
ispraksovani	NORM_1WORD=0.6059423685073853|O=0.39405131340026855|NORM_2WORD=5.713738119084155e-06
smo	O=0.999992847442627|NORM_1WORD=6.694060630252352e-06|NORM_2WORD=3.2400856753156404e-07
.	O=0.9999969005584717|NORM_1WORD=1.690541353127628e-06|NORM_2WORD=1.1081153843406355e-06

u	O=0.9999929666519165|NORM_1WORD=6.491789008578053e-06|NORM_2WORD=3.990215589055879e-07
fazonu	O=0.9999845027923584|NORM_1WORD=1.4861441741231829e-05|NORM_2WORD=4.5606432763634075e-07
koji	O=0.9999783039093018|NORM_1WORD=1.9157549104420468e-05|NORM_2WORD=1.8711739357968327e-06
ces	NORM_1WORD=0.9999750852584839|O=1.3056561328994576e-05|NORM_2WORD=9.05873366718879e-06
kurac	O=0.9993128776550293|NORM_1WORD=0.0006830805796198547|NORM_2WORD=3.0981527743279003e-06
tamo	O=0.9999901056289673|NORM_1WORD=8.016755600692704e-06|NORM_2WORD=1.3512105851987144e-06
.	O=0.9999967813491821|NORM_1WORD=1.6403298559453106e-06|NORM_2WORD=1.2589829339049174e-06

kritikovani	O=0.9999288320541382|NORM_1WORD=6.98149306117557e-05|NORM_2WORD=1.0857870620384347e-06
ne	O=0.9999521970748901|NORM_1WORD=4.608325980370864e-05|NORM_2WORD=1.2233047073095804e-06
mora	O=0.9999256134033203|NORM_1WORD=7.210439798654988e-05|NORM_2WORD=1.7794193354347954e-06
da	O=0.9999932050704956|NORM_1WORD=6.386471795849502e-06|NORM_2WORD=3.1243135367731156e-07
se	O=0.9999940395355225|NORM_1WORD=5.609550953522557e-06|NORM_2WORD=2.597198829334957e-07
složi	O=0.9999815225601196|NORM_1WORD=1.7499536625109613e-05|NORM_2WORD=7.359763571912481e-07
ali	O=0.9999912977218628|NORM_1WORD=7.832573828636669e-06|NORM_2WORD=6.387960524989467e-07
je	O=0.9999243021011353|NORM_1WORD=7.49303653719835e-05|NORM_2WORD=6.53371046155371e-07
mora	O=0.9999887943267822|NORM_1WORD=1.0261850547976792e-05|NORM_2WORD=7.059935001052509e-07
prihvatiti	O=0.9999901056289673|NORM_1WORD=9.307185791840311e-06|NORM_2WORD=4.3565958662838966e-07
na	O=0.9999955892562866|NORM_1WORD=3.9719202504784334e-06|NORM_2WORD=3.090938776040275e-07
kulturan	O=0.9999688863754272|NORM_1WORD=3.042095704586245e-05|NORM_2WORD=5.229160819908429e-07
način	O=0.9999926090240479|NORM_1WORD=6.45094314677408e-06|NORM_2WORD=6.186014047671051e-07
.	O=0.999997615814209|NORM_1WORD=1.4297919506134349e-06|NORM_2WORD=7.201866765171872e-07

građani	O=0.9999871253967285|NORM_1WORD=1.182932192023145e-05|NORM_2WORD=8.044651167438133e-07
mionice	NORM_1WORD=0.7202823162078857|O=0.27970412373542786|NORM_2WORD=1.2280951523280237e-05
će	O=0.9999853372573853|NORM_1WORD=1.35903401314863e-05|NORM_2WORD=7.761089477753558e-07
imati	O=0.9999949932098389|NORM_1WORD=3.828910848824307e-06|NORM_2WORD=7.80026880420337e-07
jedinstvenu	O=0.9999871253967285|NORM_1WORD=1.2727467947115656e-05|NORM_2WORD=1.7045761069311993e-07
priliku	O=0.9999926090240479|NORM_1WORD=5.830921054439386e-06|NORM_2WORD=1.2706209417956416e-06
da	O=0.9999977350234985|NORM_1WORD=1.908349531731801e-06|NORM_2WORD=2.954211595351808e-07
izaberu	O=0.999993085861206|NORM_1WORD=6.419499641197035e-06|NORM_2WORD=2.9889383768022526e-07
koja	O=0.999995231628418|NORM_1WORD=3.466319412837038e-06|NORM_2WORD=1.073815610652673e-06
će	O=0.9999914169311523|NORM_1WORD=7.598770025651902e-06|NORM_2WORD=7.549301699327771e-07
im	O=0.999996542930603|NORM_1WORD=3.0723197141924175e-06|NORM_2WORD=2.910308012360474e-07
stranka	O=0.9999899864196777|NORM_1WORD=8.853148756315932e-06|NORM_2WORD=9.747340072863153e-07
izvoditi	O=0.9999949932098389|NORM_1WORD=4.648712092603091e-06|NORM_2WORD=2.304860373669726e-07
program	O=0.9999821186065674|NORM_1WORD=1.6316522305714898e-05|NORM_2WORD=1.0712200264606508e-06
čede	O=0.9981942772865295|NORM_1WORD=0.0017947072628885508|NORM_2WORD=8.521928975824267e-06
praška	O=0.9995021820068359|NORM_1WORD=0.0004936886252835393|NORM_2WORD=3.335583869557013e-06
.	O=0.9999970197677612|NORM_1WORD=1.897199126688065e-06|NORM_2WORD=8.215706088776642e-07

"	O=0.9999964237213135|NORM_1WORD=2.28833096116432e-06|NORM_2WORD=9.11227971300832e-07
testament	O=0.9999635219573975|NORM_1WORD=3.500066668493673e-05|NORM_2WORD=1.0181465768255293e-06
"	O=0.9999905824661255|NORM_1WORD=8.662630534672644e-06|NORM_2WORD=6.425116225727834e-07
miše	O=0.9997825026512146|NORM_1WORD=0.0002167825005017221|NORM_2WORD=5.478240154843661e-07
radivojevića	O=0.9999618530273438|NORM_1WORD=3.777400706894696e-05|NORM_2WORD=3.247022561936319e-07
na	O=0.9999967813491821|NORM_1WORD=2.886786433009547e-06|NORM_2WORD=2.884428909055714e-07
televizijama	O=0.9999459981918335|NORM_1WORD=5.3061921789776534e-05|NORM_2WORD=7.499518801523664e-07
bar	O=0.9999945163726807|NORM_1WORD=4.894784069620073e-06|NORM_2WORD=4.2443375036782527e-07
jednom	O=0.999996542930603|NORM_1WORD=2.8349325020826655e-06|NORM_2WORD=4.388767251839454e-07
nedeljno	O=0.9999947547912598|NORM_1WORD=4.8053784666990396e-06|NORM_2WORD=3.361950575708761e-07
,	O=0.9999945163726807|NORM_1WORD=3.5180100894649513e-06|NORM_2WORD=1.4708078879266395e-06
da	O=0.9999960660934448|NORM_1WORD=3.2936904972302727e-06|NORM_2WORD=4.5108134827387403e-07
nadoknade	O=0.999971866607666|NORM_1WORD=2.60113702097442e-05|NORM_2WORD=1.575703322487243e-06
sve	O=0.9999958276748657|NORM_1WORD=2.984811999340309e-06|NORM_2WORD=9.703730938781518e-07
godine	O=0.9999946355819702|NORM_1WORD=3.951910002797376e-06|NORM_2WORD=1.0113710686709965e-06
zapostavljanja	O=0.9999439716339111|NORM_1WORD=5.468794552143663e-05|NORM_2WORD=1.0450887657498242e-06
,	O=0.9999946355819702|NORM_1WORD=2.9691200325032696e-06|NORM_2WORD=1.6942819911491824e-06
šta	O=0.9999947547912598|NORM_1WORD=4.5550023060059175e-06|NORM_2WORD=5.424151368060848e-07
li	O=0.9999964237213135|NORM_1WORD=2.966263991766027e-06|NORM_2WORD=4.881872541773191e-07
?	O=0.9999915361404419|NORM_1WORD=5.283122845867183e-06|NORM_2WORD=2.1493249278137228e-06

@vuk_bubalo	O=0.9999239444732666|NORM_1WORD=7.410987018374726e-05|NORM_2WORD=1.7042839317582548e-06
isto	O=0.999992847442627|NORM_1WORD=5.67307597520994e-06|NORM_2WORD=1.1343457799739554e-06
.	O=0.9999958276748657|NORM_2WORD=2.168082573916763e-06|NORM_1WORD=1.461967485738569e-06

promet	O=0.9998445510864258|NORM_1WORD=0.00015333981718868017|NORM_2WORD=1.5982299146344303e-06
gmo	NORM_1WORD=0.7347553968429565|O=0.26523274183273315|NORM_2WORD=1.0460256817168556e-05
je	O=0.9999923706054688|NORM_1WORD=7.493092198274098e-06|NORM_2WORD=1.6610475483957998e-07
uslov	O=0.9999855756759644|NORM_1WORD=1.413665358995786e-05|NORM_2WORD=2.1697388774555293e-07
za	O=0.9999978542327881|NORM_1WORD=2.002082055696519e-06|NORM_2WORD=1.5015299936749216e-07
ulazak	O=0.9999899864196777|NORM_1WORD=8.582844202464912e-06|NORM_2WORD=1.087685859602061e-06
u	O=0.9999963045120239|NORM_1WORD=3.0235364647523966e-06|NORM_2WORD=4.489467926305224e-07
sto	NORM_1WORD=0.999593198299408|O=0.0004018870531581342|NORM_2WORD=3.923310941900127e-06
i	O=0.9999955892562866|NORM_1WORD=3.93941036236356e-06|NORM_2WORD=4.0066416318040865e-07
eu	O=0.999996542930603|NORM_1WORD=2.350452177779516e-06|NORM_2WORD=8.527944146408117e-07
.	O=0.999996542930603|NORM_2WORD=1.5599930520693306e-06|NORM_1WORD=1.4414786164707039e-06

@kizinjivice	O=0.9999969005584717|NORM_1WORD=1.7750274992067716e-06|NORM_2WORD=1.0143862709810492e-06
znam	O=0.9999765157699585|NORM_1WORD=1.7893997210194357e-05|NORM_2WORD=3.7829840948688798e-06
,	O=0.9999933242797852|NORM_1WORD=2.9234547582746018e-06|NORM_2WORD=2.793597559502814e-06
takođe	O=0.999894380569458|NORM_1WORD=0.00010359594307374209|NORM_2WORD=1.8294832671017502e-06
.	O=0.9999954700469971|NORM_2WORD=2.266609499201877e-06|NORM_1WORD=1.6720694020477822e-06

ne	O=0.9999977350234985|NORM_1WORD=1.7977448578676558e-06|NORM_2WORD=3.2048737352852186e-07
znaš	O=0.9999940395355225|NORM_1WORD=4.512024133873638e-06|NORM_2WORD=1.025227220452507e-06
dal	O=0.954727828502655|NORM_1WORD=0.0451853983104229|NORM_2WORD=7.854604336898774e-05
je	O=0.9999916553497314|NORM_1WORD=7.921715223346837e-06|NORM_2WORD=3.3195038895428297e-07
on	O=0.9999862909317017|NORM_1WORD=1.2249708561284933e-05|NORM_2WORD=1.0506112175789895e-06
ili	O=0.9999809265136719|NORM_1WORD=1.688918382569682e-05|NORM_2WORD=1.385068003401102e-06
njegov	O=0.9999772310256958|NORM_1WORD=2.0672565369750373e-05|NORM_2WORD=1.4636967762271524e-06
pitbul	O=0.9642096161842346|NORM_1WORD=0.03577875718474388|NORM_2WORD=9.263460924557876e-06
.	O=0.9999966621398926|NORM_2WORD=1.513735924163484e-06|NORM_1WORD=1.3835662002747995e-06

prema	O=0.999991774559021|NORM_1WORD=6.392653176590102e-06|NORM_2WORD=1.2031858886984992e-06
snegu	O=0.9998980760574341|NORM_1WORD=0.00010055235907202587|NORM_2WORD=1.0051650178866112e-06
,	O=0.9999960660934448|NORM_1WORD=2.28214958042372e-06|NORM_2WORD=1.2034365681756753e-06
kao	O=0.9999244213104248|NORM_1WORD=7.103364623617381e-05|NORM_2WORD=3.6823398659180384e-06
prema	O=0.999991774559021|NORM_1WORD=6.271328857110348e-06|NORM_2WORD=1.3093582538203918e-06
nekim	O=0.9999954700469971|NORM_1WORD=3.7037443689769134e-06|NORM_2WORD=5.808014407193696e-07
ljudima	O=0.9999836683273315|NORM_1WORD=1.3013660463911947e-05|NORM_2WORD=2.0622792362701148e-06
.	O=0.9999966621398926|NORM_1WORD=1.4685741689390852e-06|NORM_2WORD=1.3712134432353196e-06

1350	O=0.9999940395355225|NORM_1WORD=5.046961632615421e-06|NORM_2WORD=7.638791430508718e-07
dolara	O=0.9999806880950928|NORM_1WORD=1.5327741493820213e-05|NORM_2WORD=3.085125172219705e-06
karta	O=0.9999942779541016|NORM_1WORD=4.784757038578391e-06|NORM_2WORD=6.734772455274651e-07
povratna	O=0.9996069073677063|NORM_1WORD=0.00039219242171384394|NORM_2WORD=8.349088034265151e-07
.	O=0.9999969005584717|NORM_2WORD=1.4081357448958443e-06|NORM_1WORD=1.3453538940666476e-06

kakav	O=0.9999808073043823|NORM_1WORD=1.776671524567064e-05|NORM_2WORD=1.047729824676935e-06
strucnjak	NORM_1WORD=0.9999779462814331|O=1.5172548955888487e-05|NORM_2WORD=5.6619001043145545e-06
ovaj	O=0.9999890327453613|NORM_1WORD=9.682279596745502e-06|NORM_2WORD=9.265546623282717e-07
krka	O=0.9998358488082886|NORM_1WORD=0.00016160115774255246|NORM_2WORD=2.010462821999681e-06
mladji	NORM_1WORD=0.9998915195465088|O=0.00010461707279318944|NORM_2WORD=3.2847674447111785e-06
.	O=0.9999966621398926|NORM_1WORD=1.8000829413722386e-06|NORM_2WORD=1.1765724821088952e-06

huh	O=0.9999080896377563|NORM_1WORD=9.040879376698285e-05|NORM_2WORD=1.202900534735818e-06
,	O=0.9999948740005493|NORM_2WORD=2.373414645262528e-06|NORM_1WORD=1.8856543420042726e-06
tj	O=0.858376681804657|NORM_1WORD=0.14159606397151947|NORM_2WORD=2.231023790955078e-05
-	O=0.9999831914901733|NORM_1WORD=1.4347098840516992e-05|NORM_2WORD=1.8522531490816618e-06
ne	O=0.999991774559021|NORM_1WORD=7.358299171755789e-06|NORM_2WORD=6.624022717005573e-07
ja	O=0.9999953508377075|NORM_1WORD=3.5371181184018496e-06|NORM_2WORD=9.347944001092401e-07
nego	O=0.9999951124191284|NORM_1WORD=3.655517502920702e-06|NORM_2WORD=1.010192704598012e-06
moji	O=0.9999264478683472|NORM_1WORD=7.122127863112837e-05|NORM_2WORD=1.875394787020923e-06
.	O=0.9999963045120239|NORM_1WORD=1.8027554915533983e-06|NORM_2WORD=1.3869041595171439e-06

kod	O=0.9999979734420776|NORM_1WORD=1.2071412811565096e-06|NORM_2WORD=5.545347789848165e-07
mene	O=0.9999967813491821|NORM_1WORD=1.8887716350945993e-06|NORM_2WORD=1.005287231237162e-06
sve	O=0.9999873638153076|NORM_1WORD=1.0667140486475546e-05|NORM_2WORD=1.5477503438887652e-06
stoji	O=0.9999964237213135|NORM_1WORD=2.400481889708317e-06|NORM_2WORD=8.277849019577843e-07
na	O=0.9999980926513672|NORM_1WORD=1.344487145615858e-06|NORM_2WORD=5.18373212798906e-07
svom	O=0.999993085861206|NORM_1WORD=5.4228107728704344e-06|NORM_2WORD=1.0902471103690914e-06
mestu	O=0.9999961853027344|NORM_1WORD=2.8456036034185672e-06|NORM_2WORD=7.195924354164163e-07
,	O=0.9999954700469971|NORM_2WORD=2.0478496480791364e-06|NORM_1WORD=1.6657810419928865e-06
baš	O=0.9999939203262329|NORM_1WORD=4.013184025097871e-06|NORM_2WORD=1.586171379130974e-06
kako	O=0.9999958276748657|NORM_1WORD=3.0804501420789165e-06|NORM_2WORD=8.060603136073041e-07
treba	O=0.9999924898147583|NORM_1WORD=6.35915421298705e-06|NORM_2WORD=8.735706842344371e-07
.	O=0.9999966621398926|NORM_2WORD=1.5237615116348024e-06|NORM_1WORD=1.3378049743550946e-06

jel	NORM_1WORD=0.9999722242355347|NORM_2WORD=1.1677614565996919e-05|O=1.1635105693130754e-05
ima	O=0.9999589920043945|NORM_1WORD=3.758810998988338e-05|NORM_2WORD=2.6142329261347186e-06
još	O=0.9999957084655762|NORM_1WORD=3.4145666631957283e-06|NORM_2WORD=7.487941502404283e-07
neko	O=0.9998724460601807|NORM_1WORD=0.00012670803698711097|NORM_2WORD=7.055236892483663e-07
nei	NORM_1WORD=0.9421964883804321|O=0.05779430270195007|NORM_2WORD=7.233683845697669e-06
idiotski	O=0.9999592304229736|NORM_1WORD=3.9779606595402583e-05|NORM_2WORD=7.257677907546167e-07
savet	O=0.9999821186065674|NORM_1WORD=1.729123505356256e-05|NORM_2WORD=5.101902047499607e-07
za	O=0.9999954700469971|NORM_1WORD=4.1945436350943055e-06|NORM_2WORD=2.5474196263530757e-07
žene	O=0.9999716281890869|NORM_1WORD=2.648680492711719e-05|NORM_2WORD=1.6043493360484717e-06
kako	O=0.9999929666519165|NORM_1WORD=5.78498975301045e-06|NORM_2WORD=1.0299506811861647e-06
da	O=0.9999970197677612|NORM_1WORD=2.5284978164563654e-06|NORM_2WORD=3.8914910760468047e-07
provedu	O=0.999994158744812|NORM_1WORD=5.4185566114028916e-06|NORM_2WORD=3.3694789181026863e-07
narednih	O=0.9999899864196777|NORM_1WORD=9.58190685196314e-06|NORM_2WORD=3.2325766596841277e-07
mesec	O=0.9999927282333374|NORM_1WORD=6.512399068014929e-06|NORM_2WORD=6.300267045844521e-07
dana	O=0.9999932050704956|NORM_1WORD=5.596380105998833e-06|NORM_2WORD=8.604954473412363e-07
totalnog	O=0.9999954700469971|NORM_1WORD=4.033972345496295e-06|NORM_2WORD=3.6206685649631254e-07
mraka	O=0.9999704360961914|NORM_1WORD=2.7081294319941662e-05|NORM_2WORD=1.8697320456340094e-06
,	O=0.9999958276748657|NORM_1WORD=2.4687590212124633e-06|NORM_2WORD=1.3041368447375135e-06
izazvanog	O=0.9999948740005493|NORM_1WORD=4.768392500409391e-06|NORM_2WORD=2.8776315730283386e-07
zamislite	O=0.9915898442268372|NORM_1WORD=0.00840745959430933|NORM_2WORD=2.48333390118205e-06
-	O=0.9999837875366211|NORM_1WORD=1.4288937563833315e-05|NORM_2WORD=1.5130798374229926e-06
dobrim	O=0.999992847442627|NORM_1WORD=6.7223363657831214e-06|NORM_2WORD=3.178717236096418e-07
fudbalom	O=0.9999722242355347|NORM_1WORD=2.7428333851275966e-05|NORM_2WORD=2.2432985247178294e-07
!?	O=0.9999958276748657|NORM_1WORD=1.802651468096883e-06|NORM_2WORD=1.783283551048953e-06

teza	O=0.9999161958694458|NORM_1WORD=8.27289986773394e-05|NORM_2WORD=9.391433763994428e-07
profesora	O=0.9999942779541016|NORM_1WORD=5.110966412757989e-06|NORM_2WORD=5.230414785728499e-07
mencingera	O=0.9990575909614563|NORM_1WORD=0.0009383383439853787|NORM_2WORD=3.6966132483939873e-06
da	O=0.9999961853027344|NORM_1WORD=3.484106855466962e-06|NORM_2WORD=2.40932166661878e-07
strane	O=0.9999910593032837|NORM_1WORD=7.788950824760832e-06|NORM_2WORD=8.347606694769638e-07
investicije	O=0.9999834299087524|NORM_1WORD=1.5619340047123842e-05|NORM_2WORD=6.419557507797435e-07
nisu	O=0.9999942779541016|NORM_1WORD=5.141874225955689e-06|NORM_2WORD=3.7447890122166427e-07
dobre	O=0.9999915361404419|NORM_1WORD=7.241295406856807e-06|NORM_2WORD=7.880365728851757e-07
za	O=0.9999954700469971|NORM_1WORD=4.13647012464935e-06|NORM_2WORD=2.634765792208782e-07
privredni	O=0.9999887943267822|NORM_1WORD=1.0858309906325303e-05|NORM_2WORD=2.2952232825446117e-07
razvoj	O=0.9999823570251465|NORM_1WORD=1.53287601278862e-05|NORM_2WORD=1.6335418422386283e-06
suverenih	O=0.9999673366546631|NORM_1WORD=3.237776400055736e-05|NORM_2WORD=2.0038250170273386e-07
država	O=0.9999843835830688|NORM_1WORD=1.4097432540438604e-05|NORM_2WORD=1.1889588904523407e-06
se	O=0.9999943971633911|NORM_1WORD=5.413305188994855e-06|NORM_2WORD=1.7534226515181217e-07
pokazala	O=0.9999923706054688|NORM_1WORD=6.479872354248073e-06|NORM_2WORD=8.33550132028904e-07
u	O=0.9999948740005493|NORM_1WORD=4.773274667968508e-06|NORM_2WORD=2.090395412324142e-07
praksi	O=0.9999836683273315|NORM_1WORD=1.5681012882851064e-05|NORM_2WORD=4.527776980012277e-07
apsulotno	O=0.9999583959579468|NORM_1WORD=4.122975587961264e-05|NORM_2WORD=2.7507189770403784e-07
tačnom	O=0.9999548196792603|NORM_1WORD=4.4344291382003576e-05|NORM_2WORD=6.235746354832372e-07
.	O=0.9999970197677612|NORM_1WORD=2.059745611404651e-06|NORM_2WORD=7.472100946870341e-07

molim	O=0.99998939037323|NORM_1WORD=9.798395694815554e-06|NORM_2WORD=5.375407567953516e-07
prijateljice	O=0.9999790191650391|NORM_1WORD=2.0487508663791232e-05|NORM_2WORD=3.810335726939229e-07
na	O=0.9999972581863403|NORM_1WORD=2.4568239496147726e-06|NORM_2WORD=2.2455230919149471e-07
fb	O=0.9999661445617676|NORM_1WORD=3.002806261065416e-05|NORM_2WORD=3.0045034691283945e-06
da	O=0.9999977350234985|NORM_1WORD=1.8683037978917127e-06|NORM_2WORD=3.1845434023125563e-07
me	O=0.9999967813491821|NORM_1WORD=2.553899776103208e-06|NORM_2WORD=4.242525903919159e-07
zovu	O=0.9999938011169434|NORM_1WORD=5.71778809899115e-06|NORM_2WORD=3.9359312609121844e-07
da	O=0.999997615814209|NORM_1WORD=1.9153360426571453e-06|NORM_2WORD=3.513700619350857e-07
lajkujem	O=0.9999852180480957|NORM_1WORD=1.4217933312465902e-05|NORM_2WORD=4.5459174202733266e-07
stranice	O=0.9999879598617554|NORM_1WORD=1.077216711564688e-05|NORM_2WORD=1.002298290586623e-06
tipa	O=0.9999964237213135|NORM_1WORD=3.113450929959072e-06|NORM_2WORD=3.741173486560001e-07
plutajuća	O=0.9999927282333374|NORM_1WORD=6.862666850793175e-06|NORM_2WORD=3.2388217618972703e-07
podloga	O=0.9999539852142334|NORM_1WORD=4.475500827538781e-05|NORM_2WORD=1.0935021919067367e-06
za	O=0.999996542930603|NORM_1WORD=3.108271357632475e-06|NORM_2WORD=2.651169950240728e-07
bebe	O=0.9999570846557617|NORM_1WORD=4.180623000138439e-05|NORM_2WORD=8.678443350618181e-07
,	O=0.9999964237213135|NORM_1WORD=1.956796268132166e-06|NORM_2WORD=1.1811581543952343e-06
najlepše	O=0.9999091625213623|NORM_1WORD=8.931811316870153e-05|NORM_2WORD=1.2711780073004775e-06
flašice	O=0.9994578957557678|NORM_1WORD=0.0005346983089111745|NORM_2WORD=5.7718621064850595e-06
i	O=0.9999967813491821|NORM_1WORD=2.7450739708001493e-06|NORM_2WORD=3.100552135038015e-07
slično	O=0.9999352693557739|NORM_1WORD=6.353671778924763e-05|NORM_2WORD=9.738167818795773e-07
.	O=0.999996542930603|NORM_1WORD=2.1514686068258015e-06|NORM_2WORD=9.14064571588824e-07

poruka	O=0.9999793767929077|NORM_1WORD=1.988966323551722e-05|NORM_2WORD=5.904515774091124e-07
za	O=0.9999951124191284|NORM_1WORD=4.403109414852224e-06|NORM_2WORD=3.332571054670552e-07
onog	O=0.9999964237213135|NORM_1WORD=3.226522267141263e-06|NORM_2WORD=2.751127965439082e-07
koji	O=0.999997615814209|NORM_1WORD=1.946747261172277e-06|NORM_2WORD=3.0625361091551895e-07
mi	O=0.9999850988388062|NORM_1WORD=1.3577368918049615e-05|NORM_2WORD=9.982974233935238e-07
je	O=0.9999967813491821|NORM_1WORD=2.9828599963366287e-06|NORM_2WORD=1.8301845727819455e-07
hakovao	O=0.999964714050293|NORM_1WORD=3.353546708240174e-05|NORM_2WORD=1.3633332400786458e-06
tviter	O=0.9999480247497559|NORM_1WORD=5.1113955123582855e-05|NORM_2WORD=6.42829888874985e-07
-	O=0.9999969005584717|NORM_1WORD=2.12485906558868e-06|NORM_2WORD=7.356901505772839e-07
tvitaj	O=0.9999127388000488|NORM_1WORD=8.577455446356907e-05|NORM_2WORD=1.1556051049410598e-06
zapraćuj	O=0.9999755620956421|NORM_1WORD=2.3892123863333836e-05|NORM_2WORD=4.746167405755841e-07
fejvuj	O=0.9997679591178894|NORM_1WORD=0.00023132558271754533|NORM_2WORD=5.981791559861449e-07
retvituj	O=0.9999749660491943|NORM_1WORD=2.4256463802885264e-05|NORM_2WORD=5.809579306514934e-07
al'	NORM_1WORD=0.9990798234939575|O=0.0008518174290657043|NORM_2WORD=5.746508395532146e-05
nemoj	O=0.9999915361404419|NORM_1WORD=8.00088128016796e-06|NORM_2WORD=3.142015430057654e-07
mi	O=0.9999953508377075|NORM_1WORD=4.256130068824859e-06|NORM_2WORD=3.410342515053344e-07
otpraćivati	O=0.9999738931655884|NORM_1WORD=2.5364175598951988e-05|NORM_2WORD=5.854367373103742e-07
ljude	O=0.9999380111694336|NORM_1WORD=5.673627674696036e-05|NORM_2WORD=3.7664667615899816e-06
sve	O=0.9999827146530151|NORM_1WORD=1.563020487083122e-05|NORM_2WORD=1.3661507409779006e-06
mu	O=0.9999761581420898|NORM_1WORD=2.285677328472957e-05|NORM_2WORD=7.736639986433147e-07
jebem	O=0.9999872446060181|NORM_1WORD=1.171807434729999e-05|NORM_2WORD=7.203865948213206e-07
!	O=0.9999958276748657|NORM_1WORD=3.0273463380581234e-06|NORM_2WORD=8.296890996462025e-07

pitala	O=0.999987006187439|NORM_1WORD=1.2479640645324253e-05|NORM_2WORD=4.708082599336194e-07
ga	O=0.999995231628418|NORM_1WORD=4.028888724860735e-06|NORM_2WORD=5.393318929236557e-07
da	O=0.99998939037323|NORM_1WORD=1.007437731459504e-05|NORM_2WORD=4.172970307081414e-07
li	O=0.9999889135360718|NORM_1WORD=9.708982361189555e-06|NORM_2WORD=1.0259066129947314e-06
hoce	NORM_1WORD=0.9999747276306152|O=1.5335166608565487e-05|NORM_2WORD=7.473442110494943e-06
sladoled	O=0.9999403953552246|NORM_1WORD=5.81874955969397e-05|NORM_2WORD=1.1218756981179467e-06
.	O=0.9999954700469971|NORM_1WORD=2.2823267045168905e-06|NORM_2WORD=1.693634089861007e-06

drugovi	O=0.9999454021453857|NORM_1WORD=5.375181353883818e-05|NORM_2WORD=6.048898626431765e-07
su	O=0.9999672174453735|NORM_1WORD=3.231224400224164e-05|NORM_2WORD=3.9208410385072057e-07
uzeli	O=0.9999854564666748|NORM_1WORD=1.394628816342447e-05|NORM_2WORD=5.277473178466607e-07
zvezdu	O=0.9999129772186279|NORM_1WORD=8.624252950539812e-05|NORM_2WORD=5.999102086207131e-07
za	O=0.999990701675415|NORM_1WORD=8.912053090170957e-06|NORM_2WORD=2.9758334108009876e-07
svoj	O=0.999992847442627|NORM_1WORD=6.700172889395617e-06|NORM_2WORD=3.1216080742524355e-07
logo	O=0.9998760223388672|NORM_1WORD=0.00011948656174354255|NORM_2WORD=3.2199741326621734e-06
,	O=0.9999948740005493|NORM_1WORD=3.2214165912591852e-06|NORM_2WORD=1.3359565400605788e-06
namerno	O=0.9999020099639893|NORM_1WORD=9.585107181919739e-05|NORM_2WORD=1.5873814618316828e-06
su	O=0.9999793767929077|NORM_1WORD=2.0162055079708807e-05|NORM_2WORD=3.841965394713043e-07
izbegli	O=0.9999653100967407|NORM_1WORD=3.246783307986334e-05|NORM_2WORD=1.6171844663404045e-06
srp	O=0.9970383644104004|NORM_1WORD=0.0029596241656690836|NORM_2WORD=1.6982655779429479e-06
i	O=0.9999613761901855|NORM_1WORD=3.713271871674806e-05|NORM_2WORD=1.0197518349741586e-06
cekic	NORM_1WORD=0.9999583959579468|O=3.6781497328775004e-05|NORM_2WORD=4.157225248491159e-06
,	O=0.999995231628418|NORM_1WORD=3.5109806049149483e-06|NORM_2WORD=9.671213092588005e-07
jer	O=0.999970555305481|NORM_1WORD=2.877968108805362e-05|NORM_2WORD=4.6005237663848675e-07
ne	O=0.9999897480010986|NORM_1WORD=9.970067367248703e-06|NORM_2WORD=2.223535489065398e-07
postoje	O=0.9999798536300659|NORM_1WORD=1.913886262627784e-05|NORM_2WORD=7.554817216259835e-07
ni	O=0.9999580383300781|NORM_1WORD=4.1113326005870476e-05|NORM_2WORD=6.22073912381893e-07
radnici	O=0.9998264908790588|NORM_1WORD=0.00017029675655066967|NORM_2WORD=2.361010501772398e-06
ni	O=0.9998877048492432|NORM_1WORD=0.00011077630915679038|NORM_2WORD=1.0690471299312776e-06
seljaci	O=0.9997192025184631|NORM_1WORD=0.0002803538227453828|NORM_2WORD=3.1572213288200146e-07
,	O=0.9999946355819702|NORM_1WORD=3.6099966109759407e-06|NORM_2WORD=1.324609229413909e-06
unistili	O=0.9969026446342468|NORM_1WORD=0.0030932268127799034|NORM_2WORD=3.350176029925933e-06
su	O=0.9999620914459229|NORM_1WORD=3.745990034076385e-05|NORM_2WORD=3.7272349118211423e-07
ih	O=0.9999773502349854|NORM_1WORD=2.181624950026162e-05|NORM_2WORD=6.382981609931448e-07
slobini	NORM_1WORD=0.9132248759269714|O=0.08676961064338684|NORM_2WORD=4.7344483391498215e-06
sledbenici	O=0.9842944145202637|NORM_1WORD=0.015704810619354248|NORM_2WORD=7.009562068560626e-07
.	O=0.9999966621398926|NORM_1WORD=2.4526718789275037e-06|NORM_2WORD=6.704759130116145e-07

kako	O=0.9999675750732422|NORM_1WORD=3.116300649708137e-05|NORM_2WORD=9.109714369515132e-07
sere	O=0.9876910448074341|NORM_1WORD=0.012302901595830917|NORM_2WORD=5.234375294094207e-06
ovaj	O=0.9999920129776001|NORM_1WORD=7.1094859777076636e-06|NORM_2WORD=5.763916988144047e-07
ivan	O=0.9999867677688599|NORM_1WORD=1.2765754945576191e-05|NORM_2WORD=4.163149185387738e-07
marinković	O=0.9999827146530151|NORM_1WORD=1.6805119230411947e-05|NORM_2WORD=3.3000870303112606e-07
o	O=0.9999825954437256|NORM_1WORD=1.692602199909743e-05|NORM_2WORD=3.7527925655922445e-07
goci	O=0.8886244893074036|NORM_1WORD=0.11136376112699509|NORM_2WORD=9.838102414505556e-06
tržan	O=0.9984965324401855|NORM_1WORD=0.00150168570689857|NORM_2WORD=1.5354399920397555e-06
to	O=0.9999703168869019|NORM_1WORD=2.7580310415942222e-05|NORM_2WORD=1.3376306924328674e-06
je	O=0.999995231628418|NORM_1WORD=4.416605406731833e-06|NORM_2WORD=2.0314426762979565e-07
neverovatno	O=0.9999878406524658|NORM_1WORD=1.169275310530793e-05|NORM_2WORD=3.887464288254705e-07
.	O=0.9999974966049194|NORM_1WORD=1.3103100400257972e-06|NORM_2WORD=9.14336567348073e-07

hocu	O=0.861008882522583|NORM_1WORD=0.13898798823356628|NORM_2WORD=2.6445140974828973e-06
...	O=0.9999964237213135|NORM_1WORD=2.252896820209571e-06|NORM_2WORD=9.87717385214637e-07

kaže	O=0.999977707862854|NORM_1WORD=2.077891622320749e-05|NORM_2WORD=1.2493915164668579e-06
ako	O=0.9999972581863403|NORM_1WORD=1.772957261891861e-06|NORM_2WORD=6.810867034801049e-07
napravi	O=0.9999676942825317|NORM_1WORD=2.9630758945131674e-05|NORM_2WORD=1.8384345139565994e-06
veću	O=0.9999932050704956|NORM_1WORD=6.481620857812231e-06|NORM_2WORD=1.9615328028521617e-07
pauzu	O=0.9999808073043823|NORM_1WORD=1.770683411450591e-05|NORM_2WORD=1.0851654224097729e-06
između	O=0.9999954700469971|NORM_1WORD=3.7754582535853842e-06|NORM_2WORD=5.083737164568447e-07
dve	O=0.9999923706054688|NORM_1WORD=5.937244168308098e-06|NORM_2WORD=1.2981676036361023e-06
cigarete	O=0.9999685287475586|NORM_1WORD=3.087069853791036e-05|NORM_2WORD=5.332406658453692e-07
baš	O=0.9999945163726807|NORM_1WORD=4.4919547690369654e-06|NORM_2WORD=7.545481253146136e-07
joj	O=0.9999948740005493|NORM_1WORD=4.496833753364626e-06|NORM_2WORD=4.306977814394486e-07
se	O=0.9999977350234985|NORM_1WORD=1.936576154548675e-06|NORM_2WORD=2.1969229635487864e-07
prdi	O=0.9999773502349854|NORM_1WORD=2.1543355614994653e-05|NORM_2WORD=7.854743557800248e-07
.	O=0.9999974966049194|NORM_1WORD=1.329668180005683e-06|NORM_2WORD=9.231482636096189e-07

najvise	NORM_1WORD=0.9999676942825317|O=2.671404945431277e-05|NORM_2WORD=4.352248197392328e-06
cenim	NORM_1WORD=0.9999362230300903|O=5.968386176391505e-05|NORM_2WORD=3.4238391890539788e-06
ljude	O=0.9991855025291443|NORM_1WORD=0.0007802764885127544|NORM_2WORD=2.424559170322027e-05
koji	O=0.9999951124191284|NORM_1WORD=4.252230155543657e-06|NORM_2WORD=5.309074140313896e-07
kazu	NORM_1WORD=0.9999551773071289|O=4.0439303120365366e-05|NORM_2WORD=3.5790646961686434e-06
:	O=0.9999884366989136|NORM_1WORD=9.101346222450957e-06|NORM_2WORD=1.7240308807231486e-06
"	O=0.9999953508377075|NORM_1WORD=3.207717554687406e-06|NORM_2WORD=1.0297773087586393e-06
izvini	O=0.9993906021118164|NORM_1WORD=0.0006057244027033448|NORM_2WORD=2.7055255031882552e-06
"	O=0.9999947547912598|NORM_1WORD=4.466964583116351e-06|NORM_2WORD=6.399641279131174e-07
-	O=0.9999929666519165|NORM_1WORD=5.14893827130436e-06|NORM_2WORD=1.2816807384297135e-06
kada	O=0.9999958276748657|NORM_1WORD=2.831015535775805e-06|NORM_2WORD=9.326150802735356e-07
pogrese	NORM_1WORD=0.9999324083328247|O=6.41698352410458e-05|NORM_2WORD=2.819614337568055e-06
.	O=0.999996542930603|NORM_1WORD=2.392074975432479e-06|NORM_2WORD=7.773754759909934e-07

ili	O=0.9999969005584717|NORM_1WORD=2.0043305539729772e-06|NORM_2WORD=7.708613907198014e-07
dok	O=0.9999978542327881|NORM_1WORD=1.1878619261551648e-06|NORM_2WORD=7.455735158146126e-07
se	O=0.9999979734420776|NORM_1WORD=1.5929282426441205e-06|NORM_2WORD=3.8509364230776555e-07
tuširaju	O=0.9999942779541016|NORM_1WORD=5.224181677476736e-06|NORM_2WORD=3.171554112668673e-07
.	O=0.9999964237213135|NORM_2WORD=1.6397801800849265e-06|NORM_1WORD=1.3937419680587482e-06

@dejanbu	O=0.9999973773956299|NORM_1WORD=1.7482225302956067e-06|NORM_2WORD=6.638389322688454e-07
@dejanbu	O=0.9999973773956299|NORM_1WORD=2.0406362182257e-06|NORM_2WORD=5.288832198857563e-07
ma	O=0.9999654293060303|NORM_1WORD=3.381276474101469e-05|NORM_2WORD=6.13784209235746e-07
za	O=0.9999966621398926|NORM_1WORD=2.903074800997274e-06|NORM_2WORD=3.739376666089811e-07
dalmatince	O=0.9999603033065796|NORM_1WORD=3.8830483390484005e-05|NORM_2WORD=7.695169301769056e-07
pravim	O=0.9999951124191284|NORM_1WORD=4.565707513393136e-06|NORM_2WORD=2.8159843168396037e-07
ručak	O=0.9999762773513794|NORM_1WORD=2.266212504764553e-05|NORM_2WORD=8.567437248530041e-07
,	O=0.9999949932098389|NORM_1WORD=3.124118165942491e-06|NORM_2WORD=1.4726628023709054e-06
koji	O=0.9999945163726807|NORM_1WORD=4.648984486266272e-06|NORM_2WORD=6.287025939855084e-07
je	O=0.9999963045120239|NORM_1WORD=3.3682892990327673e-06|NORM_2WORD=1.854121620681326e-07
ono	O=0.9997535347938538|NORM_1WORD=0.00024371921608690172|NORM_2WORD=2.425718548693112e-06
bolji	O=0.9999814033508301|NORM_1WORD=1.687996154942084e-05|NORM_2WORD=1.1630258995865006e-06
za	O=0.9999978542327881|NORM_1WORD=1.8331394358028774e-06|NORM_2WORD=2.3050363040511002e-07
police	O=0.9995793700218201|NORM_1WORD=0.0004191878833808005|NORM_2WORD=1.3603978459286736e-06
,	O=0.9999918937683105|NORM_1WORD=4.571836143441033e-06|NORM_2WORD=2.6501579668547492e-06
crveni	O=0.9999779462814331|NORM_1WORD=2.1108315195306204e-05|NORM_2WORD=7.158571975196537e-07
ili	O=0.9999874830245972|NORM_1WORD=1.1738265129679348e-05|NORM_2WORD=5.690197326657653e-07
beli	O=0.9999896287918091|NORM_1WORD=9.475745173403993e-06|NORM_2WORD=6.741784090991132e-07
?	O=0.9999961853027344|NORM_1WORD=2.2633450953435386e-06|NORM_2WORD=1.1453853403509129e-06

neverovatno	O=0.9999865293502808|NORM_1WORD=1.2991192306799348e-05|NORM_2WORD=3.043736569452449e-07
koje	O=0.999992847442627|NORM_1WORD=6.660132839897415e-06|NORM_2WORD=3.7947549458294816e-07
zadovoljstvo	O=0.9999854564666748|NORM_1WORD=1.3507064068107866e-05|NORM_2WORD=8.14911231827864e-07
mi	O=0.9999963045120239|NORM_1WORD=3.17290550810867e-06|NORM_2WORD=3.645903916549287e-07
nekad	O=0.9999920129776001|NORM_1WORD=7.39884671929758e-06|NORM_2WORD=4.66379333374789e-07
pridaje	O=0.9984558820724487|NORM_1WORD=0.0015428561018779874|NORM_2WORD=1.0525467359912e-06
kad	O=0.9999970197677612|NORM_1WORD=2.1847333755431464e-06|NORM_2WORD=5.736784487453406e-07
one	O=0.9999654293060303|NORM_1WORD=3.210638169548474e-05|NORM_2WORD=1.9480776245472953e-06
krugiće	O=0.9489604234695435|NORM_1WORD=0.051034342497587204|NORM_2WORD=4.389776677271584e-06
koji	O=0.9999954700469971|NORM_1WORD=4.063127107656328e-06|NORM_2WORD=3.3294273293904553e-07
mi	O=0.9999948740005493|NORM_1WORD=4.681616246671183e-06|NORM_2WORD=3.9490046788159816e-07
iskaču	O=0.9999831914901733|NORM_1WORD=1.535196315671783e-05|NORM_2WORD=1.1156712389492895e-06
zbog	O=0.9999957084655762|NORM_1WORD=3.982776888733497e-06|NORM_2WORD=2.553854301368119e-07
poruka	O=0.9999661445617676|NORM_1WORD=3.317646769573912e-05|NORM_2WORD=5.365797051126719e-07
sa	O=0.9999938011169434|NORM_1WORD=5.867958407179685e-06|NORM_2WORD=2.838145007899584e-07
fb	O=0.9999191761016846|NORM_1WORD=7.557638309663162e-05|NORM_2WORD=3.951122380385641e-06
mesindžera	O=0.9966249465942383|NORM_1WORD=0.0033730757422745228|NORM_2WORD=1.7666969824858825e-06
odvučem	O=0.9999864101409912|NORM_1WORD=1.2581243026943412e-05|NORM_2WORD=6.813690447415865e-07
u	O=0.9999693632125854|NORM_1WORD=3.0103023163974285e-05|NORM_2WORD=4.0923123378888704e-07
iksić	O=0.9963147044181824|NORM_1WORD=0.0036828890442848206|NORM_2WORD=2.1449295672937296e-06
.	O=0.9999966621398926|NORM_1WORD=2.074338226520922e-06|NORM_2WORD=8.962277888713288e-07

u	O=0.9999899864196777|NORM_1WORD=9.318258889834397e-06|NORM_2WORD=4.891133471573994e-07
zemlji	O=0.9999744892120361|NORM_1WORD=2.423892328806687e-05|NORM_2WORD=9.798935707294731e-07
gde	O=0.9999960660934448|NORM_1WORD=3.033407665498089e-06|NORM_2WORD=6.797167202421406e-07
se	O=0.9999810457229614|NORM_1WORD=1.8506132619222626e-05|NORM_2WORD=3.4836202189580945e-07
ljudi	O=0.9999637603759766|NORM_1WORD=3.40263286489062e-05|NORM_2WORD=1.5459244195881183e-06
pale	O=0.9999165534973145|NORM_1WORD=8.159375283867121e-05|NORM_2WORD=1.4258308738135383e-06
na	O=0.9999738931655884|NORM_1WORD=2.459630195517093e-05|NORM_2WORD=1.1788448546212749e-06
razne	O=0.9999312162399292|NORM_1WORD=6.105715874582529e-05|NORM_2WORD=5.475009857036639e-06
sexi	O=0.9962499737739563|NORM_1WORD=0.003746778704226017|NORM_2WORD=2.534353370720055e-06
sandre	NORM_1WORD=0.9836745262145996|O=0.016320375725626945|NORM_2WORD=4.609120423992863e-06
,	O=0.999985933303833|NORM_1WORD=1.0489875421626493e-05|NORM_2WORD=2.7691712602972984e-06
soraje	NORM_1WORD=0.9992774128913879|O=0.0007174060447141528|NORM_2WORD=4.75258184451377e-06
,	O=0.9999898672103882|NORM_1WORD=6.746941380697535e-06|NORM_2WORD=2.59739476859977e-06
stanije	O=0.9997721314430237|NORM_1WORD=0.00022600169177167118|NORM_2WORD=1.4982555285314447e-06
,	O=0.999983549118042|NORM_1WORD=1.2688422430073842e-05|NORM_2WORD=2.9183481728978222e-06
afrike	O=0.9978050589561462|NORM_1WORD=0.0021846224553883076|NORM_2WORD=8.020987479540054e-06
i	O=0.9999897480010986|NORM_1WORD=9.408489859197289e-06|NORM_2WORD=6.121366027400654e-07
pizde	O=0.9994695782661438|NORM_1WORD=0.0005267133237794042|NORM_2WORD=2.9564876058429945e-06
mile	O=0.9971638321876526|NORM_1WORD=0.0028290245682001114|NORM_2WORD=5.965223408566089e-06
materine	O=0.9976192116737366|NORM_1WORD=0.0023763354402035475|NORM_2WORD=3.4971046716236742e-06
,	O=0.9999806880950928|NORM_1WORD=1.630438055144623e-05|NORM_2WORD=2.2454673853644636e-06
da	O=0.9999878406524658|NORM_1WORD=1.1324447768856771e-05|NORM_2WORD=6.629849167438806e-07
ne	O=0.9999865293502808|NORM_1WORD=1.2453359886421822e-05|NORM_2WORD=6.763485203009623e-07
spominjem	O=0.9999532699584961|NORM_1WORD=4.62710449937731e-05|NORM_2WORD=3.7644178974005627e-07
kriminalce	O=0.9998432397842407|NORM_1WORD=0.00015506090130656958|NORM_2WORD=1.3036892596574035e-06
,	O=0.999991774559021|NORM_1WORD=5.263219918560935e-06|NORM_2WORD=2.17105116462335e-06
nema	O=0.9999833106994629|NORM_1WORD=1.4511304470943287e-05|NORM_2WORD=1.5208188415272161e-06
zivota	NORM_1WORD=0.9999709129333496|O=2.348441739741247e-05|NORM_2WORD=4.567573796521174e-06
!	O=0.9999946355819702|NORM_1WORD=3.7441814129124396e-06|NORM_2WORD=1.231994815498183e-06

koliko	O=0.9998553991317749|NORM_1WORD=0.00013792213576380163|NORM_2WORD=4.9383152145310305e-06
bi	O=0.9999450445175171|NORM_1WORD=5.4532643844140694e-05|NORM_2WORD=3.204668530543131e-07
mi	O=0.9999970197677612|NORM_1WORD=2.4124840365402633e-06|NORM_2WORD=4.334396805916185e-07
zivot	NORM_1WORD=0.9999743700027466|O=1.738475293677766e-05|NORM_2WORD=6.940819730516523e-06
bio	O=0.999987006187439|NORM_1WORD=1.1494623322505504e-05|NORM_2WORD=1.0214509984507458e-06
jednostavniji	O=0.9999829530715942|NORM_1WORD=1.6707659597159363e-05|NORM_2WORD=2.1297726959801366e-07
kada	O=0.999997615814209|NORM_1WORD=1.4094317748458707e-06|NORM_2WORD=7.717954417785222e-07
bih	O=0.9999918937683105|NORM_1WORD=7.502048447349807e-06|NORM_2WORD=4.92840001697914e-07
umeo	O=0.9999843835830688|NORM_1WORD=1.4817639566899743e-05|NORM_2WORD=5.820858746119484e-07
da	O=0.9999966621398926|NORM_1WORD=2.862922656277078e-06|NORM_2WORD=4.000991111752228e-07
zauzdam	O=0.9988493919372559|NORM_1WORD=0.001145570888184011|NORM_2WORD=4.060320861754008e-06
prokletu	O=0.999969482421875|NORM_1WORD=2.9708198781008832e-05|NORM_2WORD=6.078131491449312e-07
jezicinu	O=0.9839096665382385|NORM_1WORD=0.016088565811514854|NORM_2WORD=1.57989290983096e-06
i	O=0.9999973773956299|NORM_1WORD=2.1552118596446235e-06|NORM_2WORD=3.3198580240423325e-07
precutim	NORM_1WORD=0.999108612537384|O=0.0008880117675289512|NORM_2WORD=2.9805687518091872e-06
neke	O=0.9999955892562866|NORM_1WORD=3.8865546230226755e-06|NORM_2WORD=3.9181151123557356e-07
stvari	O=0.9999793767929077|NORM_1WORD=1.89570891961921e-05|NORM_2WORD=1.1730778624041704e-06
.	O=0.9999964237213135|NORM_1WORD=2.280077069372055e-06|NORM_2WORD=1.0066078175441362e-06

moj	O=0.9995782971382141|NORM_1WORD=0.0004194347420707345|NORM_2WORD=1.784350274647295e-06
deda	O=0.9999923706054688|NORM_1WORD=7.328399988182355e-06|NORM_2WORD=2.86425233753107e-07
toliko	O=0.9999802112579346|NORM_1WORD=1.9214508938603103e-05|NORM_2WORD=4.7621395538044453e-07
jede	O=0.9999773502349854|NORM_1WORD=2.0772844436578453e-05|NORM_2WORD=1.3719195521844085e-06
beli	O=0.999935507774353|NORM_1WORD=6.258032226469368e-05|NORM_2WORD=1.4157606074149953e-06
luk	O=0.9999338388442993|NORM_1WORD=6.462987221311778e-05|NORM_2WORD=1.1610466117417673e-06
da	O=0.9999935626983643|NORM_1WORD=6.082397703721654e-06|NORM_2WORD=2.409034891570627e-07
kad	O=0.9999973773956299|NORM_1WORD=1.755233938638412e-06|NORM_2WORD=5.71890780065587e-07
podrigne	O=0.9991424083709717|NORM_1WORD=0.0008555303793400526|NORM_2WORD=1.6787098502391018e-06
u	O=0.9998175501823425|NORM_1WORD=0.00018190957780461758|NORM_2WORD=5.024996312386065e-07
vranju	O=0.9998052716255188|NORM_1WORD=0.00019321325817145407|NORM_2WORD=1.184628672490362e-06
,	O=0.9999972581863403|NORM_1WORD=1.6576306052229484e-06|NORM_2WORD=8.692500728102459e-07
drakula	O=0.9998568296432495|NORM_1WORD=0.0001414419966749847|NORM_2WORD=1.4467016171693103e-06
u	O=0.999994158744812|NORM_1WORD=5.479371793626342e-06|NORM_2WORD=2.5525915248181263e-07
rumuniji	O=0.9999611377716064|NORM_1WORD=3.826523243333213e-05|NORM_2WORD=4.93359038955532e-07
sam	O=0.9999967813491821|NORM_1WORD=2.9238917704788037e-06|NORM_2WORD=1.8138197788175603e-07
sebe	O=0.999993085861206|NORM_1WORD=6.605627277167514e-06|NORM_2WORD=2.4779075147307594e-07
probada	O=0.9982044696807861|NORM_1WORD=0.0017943286802619696|NORM_2WORD=1.0887663393077673e-06
glogovim	O=0.9998619556427002|NORM_1WORD=0.00013791843957733363|NORM_2WORD=1.421253301714387e-07
kocem	NORM_1WORD=0.91773921251297|O=0.08224935084581375|NORM_2WORD=1.0520740943320561e-05
.	O=0.9999969005584717|NORM_1WORD=1.986327561098733e-06|NORM_2WORD=8.117713150568306e-07

dude	O=0.999972939491272|NORM_1WORD=2.6655452529666945e-05|NORM_2WORD=3.2260143711937417e-07
,	O=0.9999961853027344|NORM_2WORD=1.6999640592985088e-06|NORM_1WORD=1.538055471428379e-06
it's	O=0.9999895095825195|NORM_1WORD=9.290915841120295e-06|NORM_2WORD=9.52599862102943e-07
šampita	O=0.9999905824661255|NORM_1WORD=8.904245078156237e-06|NORM_2WORD=3.448095355906844e-07
.	O=0.9999967813491821|NORM_2WORD=1.5750483726151288e-06|NORM_1WORD=1.2735135896946304e-06

a	O=0.999997615814209|NORM_1WORD=1.8251080291520339e-06|NORM_2WORD=5.021618108003167e-07
još	O=0.9999945163726807|NORM_1WORD=4.482475560507737e-06|NORM_2WORD=7.165049282775726e-07
bi	O=0.9999945163726807|NORM_1WORD=5.243519808573183e-06|NORM_2WORD=2.072078899573171e-07
smešnije	O=0.9999605417251587|NORM_1WORD=3.906117854057811e-05|NORM_2WORD=3.7969275012983417e-07
bilo	O=0.9999954700469971|NORM_1WORD=4.086707576789195e-06|NORM_2WORD=3.092982012731227e-07
da	O=0.9999969005584717|NORM_1WORD=2.5127594653895358e-06|NORM_2WORD=4.4495908468888956e-07
je	O=0.9999946355819702|NORM_1WORD=4.929572241962887e-06|NORM_2WORD=3.976682876327686e-07
došao	O=0.9999951124191284|NORM_1WORD=3.2419277431472437e-06|NORM_2WORD=1.172394036075275e-06
i	O=0.9999966621398926|NORM_1WORD=2.7666008008964127e-06|NORM_2WORD=4.842543717131775e-07
#zokibunda	O=0.9999964237213135|NORM_1WORD=2.7364267225493677e-06|NORM_2WORD=7.578734653179708e-07
#damozdane	O=0.9999959468841553|NORM_1WORD=3.145178880004096e-06|NORM_2WORD=7.615514618919406e-07
@mkrivokuca	O=0.9999972581863403|NORM_1WORD=1.8917974102805601e-06|NORM_2WORD=6.59246040868311e-07
@zorandirektno	O=0.999997615814209|NORM_1WORD=1.8341672785027185e-06|NORM_2WORD=4.92459378165222e-07

upravo	O=0.9999877214431763|NORM_1WORD=1.0275744898535777e-05|NORM_2WORD=1.2794488384315628e-06
čuh	O=0.9999796152114868|NORM_1WORD=1.852275636338163e-05|NORM_2WORD=1.3427210205918527e-06
,	O=0.9999933242797852|NORM_1WORD=3.078862619076972e-06|NORM_2WORD=2.4504099656041944e-06
pa	O=0.9999921321868896|NORM_1WORD=6.624236903007841e-06|NORM_2WORD=7.808463351466344e-07
sam	O=0.9999957084655762|NORM_1WORD=3.558825028449064e-06|NORM_2WORD=5.158243538971874e-07
se	O=0.9999953508377075|NORM_1WORD=4.170761258137645e-06|NORM_2WORD=3.6424177096705534e-07
podsetio	O=0.9999796152114868|NORM_1WORD=1.8869955965783447e-05|NORM_2WORD=1.0779707508845604e-06
:	O=0.9999960660934448|NORM_1WORD=2.640667617015424e-06|NORM_2WORD=9.499398743173515e-07
rif	O=0.999784529209137|NORM_1WORD=0.0002099127450492233|NORM_2WORD=3.967576958530117e-06
iz	O=0.999993085861206|NORM_1WORD=5.809427420899738e-06|NORM_2WORD=8.483730766783992e-07
makartnijeve	NORM_1WORD=0.7314595580101013|O=0.268516480922699|NORM_2WORD=2.1828922399436124e-05
"	O=0.9999953508377075|NORM_1WORD=2.139108801202383e-06|NORM_2WORD=1.6842401464600698e-06
live	O=0.999988317489624|NORM_1WORD=8.654196790303104e-06|NORM_2WORD=1.967238176803221e-06
and	O=0.9999918937683105|NORM_1WORD=5.718125976272859e-06|NORM_2WORD=1.742679842209327e-06
let	O=0.9976897239685059|NORM_1WORD=0.0020461862441152334|NORM_2WORD=0.00020176749967504293
die	O=0.9999915361404419|NORM_1WORD=7.314652521017706e-06|NORM_2WORD=8.285469448310323e-07
"	O=0.9999953508377075|NORM_1WORD=3.012644810951315e-06|NORM_2WORD=1.1458147355369874e-06
može	O=0.9998431205749512|NORM_1WORD=0.00015412028005812317|NORM_2WORD=2.2814263047621353e-06
komotno	O=0.9999812841415405|NORM_1WORD=1.8040860595647246e-05|NORM_2WORD=5.020463049731916e-07
u	O=0.9999805688858032|NORM_1WORD=1.884204539237544e-05|NORM_2WORD=4.4271527599448746e-07
top	O=0.9999761581420898|NORM_1WORD=1.8703001842368394e-05|NORM_2WORD=3.2367568110203138e-06
10	O=0.9999716281890869|NORM_1WORD=2.1308986106305383e-05|NORM_2WORD=4.4492940105556045e-06
rifova	O=0.9998965263366699|NORM_1WORD=0.00010239275434287265|NORM_2WORD=8.13374469998962e-07
svih	O=0.9999959468841553|NORM_1WORD=2.899210358009441e-06|NORM_2WORD=8.531558819413476e-07
vremena	O=0.9999948740005493|NORM_1WORD=3.940700025850674e-06|NORM_2WORD=7.788790981066995e-07
.	O=0.9999957084655762|NORM_1WORD=2.446136022626888e-06|NORM_2WORD=1.3065518942312337e-06

svi	O=0.9999933242797852|NORM_1WORD=5.575285740633262e-06|NORM_2WORD=7.811347586539341e-07
mi	O=0.9999964237213135|NORM_1WORD=3.133534164589946e-06|NORM_2WORD=3.5033306744480797e-07
imamo	O=0.9999818801879883|NORM_1WORD=1.662259819568135e-05|NORM_2WORD=1.0395397112006322e-06
u	O=0.9999915361404419|NORM_1WORD=7.924057172203902e-06|NORM_2WORD=4.385991871913575e-07
prijateljima	O=0.9996392726898193|NORM_1WORD=0.0003582128556445241|NORM_2WORD=2.2396609438146697e-06
one	O=0.9997699856758118|NORM_1WORD=0.00022716201783623546|NORM_2WORD=2.4202888653235277e-06
krembile	O=0.9980975985527039|NORM_1WORD=0.0019003988709300756|NORM_2WORD=1.7699926502245944e-06
koji	O=0.9999880790710449|NORM_1WORD=1.1664643352560233e-05|NORM_2WORD=2.3625531753168616e-07
se	O=0.9999967813491821|NORM_1WORD=3.077886503888294e-06|NORM_2WORD=1.4058845465569902e-07
obracaju	NORM_1WORD=0.9968151450157166|O=0.003181565785780549|NORM_2WORD=2.935440306828241e-06
bebama	O=0.9999352693557739|NORM_1WORD=6.253329775063321e-05|NORM_2WORD=1.7186597460749908e-06
,	O=0.9999922513961792|NORM_1WORD=5.669805432262365e-06|NORM_2WORD=1.5994540945030167e-06
mrtvima	O=0.9996538162231445|NORM_1WORD=0.0003452224191278219|NORM_2WORD=8.713157058082288e-07
ili	O=0.9997039437294006|NORM_1WORD=0.0002934224612545222|NORM_2WORD=1.8819694105332019e-06
novaku	O=0.9979991316795349|NORM_1WORD=0.0019996201153844595|NORM_2WORD=1.0304205488864682e-06
.	O=0.9999953508377075|NORM_1WORD=2.9122436444595223e-06|NORM_2WORD=1.2974720675629214e-06

jebotee	O=0.6839543581008911|NORM_1WORD=0.3160364329814911|NORM_2WORD=7.717553671682253e-06
,	O=0.9999921321868896|NORM_1WORD=4.891393928119214e-06|NORM_2WORD=2.1279008706187597e-06
'de	NORM_1WORD=0.9998617172241211|O=7.370014645857736e-05|NORM_2WORD=3.615268360590562e-05
ide	O=0.9999924898147583|NORM_1WORD=6.663224667136092e-06|NORM_2WORD=6.263660452532349e-07
ovaj	O=0.9999978542327881|NORM_1WORD=1.6333568737536552e-06|NORM_2WORD=3.35451829869271e-07
svet	O=0.9999955892562866|NORM_1WORD=3.6293968150857836e-06|NORM_2WORD=6.419868441298604e-07
.	O=0.9999967813491821|NORM_2WORD=1.3945376622359618e-06|NORM_1WORD=1.392488343299192e-06

nisam	O=0.9999908208847046|NORM_1WORD=8.142083061102312e-06|NORM_2WORD=7.006183864177729e-07
skoro	O=0.9999833106994629|NORM_1WORD=1.4407140952243935e-05|NORM_2WORD=1.8042179590338492e-06
pravila	O=0.9999743700027466|NORM_1WORD=2.50056527875131e-05|NORM_2WORD=5.860962346559973e-07
generalku	O=0.9991650581359863|NORM_1WORD=0.0008339312043972313|NORM_2WORD=8.554431474294688e-07
u	O=0.9999874830245972|NORM_1WORD=1.2248156963323709e-05|NORM_2WORD=2.936824330390664e-07
prijateljima	O=0.9997822642326355|NORM_1WORD=0.00021626743546221405|NORM_2WORD=1.3315516298462171e-06
na	O=0.9999914169311523|NORM_1WORD=7.913505214673933e-06|NORM_2WORD=4.93933214329445e-07
facebooku	O=0.9995414018630981|NORM_1WORD=0.00045770584256388247|NORM_2WORD=7.68745735513221e-07
,	O=0.9999943971633911|NORM_1WORD=2.921755367424339e-06|NORM_2WORD=2.0190827854094096e-06
sad	O=0.9999964237213135|NORM_1WORD=2.6681573217501864e-06|NORM_2WORD=6.779793579880788e-07
ću	O=0.9999940395355225|NORM_1WORD=4.779629762197146e-06|NORM_2WORD=9.194917538479785e-07
da	O=0.9999977350234985|NORM_1WORD=1.7145239326055162e-06|NORM_2WORD=4.85876682887465e-07
stavim	O=0.9999921321868896|NORM_1WORD=7.21787910151761e-06|NORM_2WORD=5.265031290946354e-07
duga	O=0.9262338280677795|NORM_1WORD=0.07375846803188324|NORM_2WORD=7.161253506637877e-06
zastavu	O=0.9999159574508667|NORM_1WORD=8.317801257362589e-05|NORM_2WORD=7.213217259049998e-07
na	O=0.9999929666519165|NORM_1WORD=6.453363766922848e-06|NORM_2WORD=5.080729579276522e-07
cover	O=0.999859094619751|NORM_1WORD=0.0001348365331068635|NORM_2WORD=4.799240286956774e-06
bar	O=0.9994262456893921|NORM_1WORD=0.0005722331115975976|NORM_2WORD=1.2122904990974348e-06
da	O=0.9999970197677612|NORM_1WORD=2.5203028144460404e-06|NORM_2WORD=3.1496949759457493e-07
očistim	O=0.9999839067459106|NORM_1WORD=1.5446534234797582e-05|NORM_2WORD=4.682044618675718e-07
one	O=0.9999268054962158|NORM_1WORD=6.912471872055903e-05|NORM_2WORD=2.927275090769399e-06
patrijote	O=0.9984704852104187|NORM_1WORD=0.0015251630684360862|NORM_2WORD=3.4132654036511667e-06
.	O=0.9999945163726807|NORM_1WORD=3.7013646760897245e-06|NORM_2WORD=1.2829691513616126e-06

gledam	O=0.9999923706054688|NORM_1WORD=6.4638807089067996e-06|NORM_2WORD=8.131033837344148e-07
semjuel	O=0.9941887855529785|NORM_1WORD=0.005802866071462631|NORM_2WORD=6.810646482335869e-06
l	NORM_1WORD=0.996613085269928|O=0.0033690461423248053|NORM_2WORD=1.5777190128574148e-05
džeksona	O=0.997886598110199|NORM_1WORD=0.0021075543481856585|NORM_2WORD=4.8870006139623e-06
u	O=0.9999667406082153|NORM_1WORD=3.218944766558707e-05|NORM_2WORD=8.521592462784611e-07
tok	O=0.999321460723877|NORM_1WORD=0.000674462819006294|NORM_2WORD=3.214850721633411e-06
šou	O=0.9999794960021973|NORM_1WORD=1.7706117432680912e-05|NORM_2WORD=2.256234211017727e-06
grejema	O=0.9920135140419006|NORM_1WORD=0.007980030961334705|NORM_2WORD=5.4105744311527815e-06
nortona	O=0.9980631470680237|NORM_1WORD=0.001930550904944539|NORM_2WORD=5.236498054728145e-06
,	O=0.9999898672103882|NORM_1WORD=5.502157364389859e-06|NORM_2WORD=3.478785629340564e-06
i	O=0.999993085861206|NORM_1WORD=6.2513267948816065e-06|NORM_2WORD=4.5466117626347113e-07
sad	O=0.9999960660934448|NORM_1WORD=2.8453591767174657e-06|NORM_2WORD=7.91949560152716e-07
mi	O=0.9999947547912598|NORM_1WORD=4.43628732682555e-06|NORM_2WORD=5.607861908174527e-07
se	O=0.9999955892562866|NORM_1WORD=4.050491952511948e-06|NORM_2WORD=2.619770498313301e-07
gleda	O=0.9999899864196777|NORM_1WORD=7.360096788033843e-06|NORM_2WORD=1.836544242905802e-06
'	O=0.9999958276748657|NORM_1WORD=3.1331526315625524e-06|NORM_2WORD=8.774075581641227e-07
mofo	O=0.9970257878303528|NORM_1WORD=0.0029710824601352215|NORM_2WORD=2.658078301465139e-06
snakes	O=0.9995181560516357|NORM_1WORD=0.0004749438085127622|NORM_2WORD=5.769117251475109e-06
on	O=0.9999942779541016|NORM_1WORD=4.944797638017917e-06|NORM_2WORD=6.55612666378147e-07
the	O=0.9999954700469971|NORM_1WORD=3.5837995255860733e-06|NORM_2WORD=7.300503170881711e-07
mofo	O=0.9959374666213989|NORM_1WORD=0.004057256039232016|NORM_2WORD=4.429299679031828e-06
plane	O=0.9999755620956421|NORM_1WORD=2.2972886654315516e-05|NORM_2WORD=1.143793042501784e-06
'	O=0.9999781847000122|NORM_1WORD=2.0117973690503277e-05|NORM_2WORD=1.3546008403864107e-06
po	O=0.9999635219573975|NORM_1WORD=3.584787555155344e-05|NORM_2WORD=4.487077660542127e-07
ko	O=0.9999171495437622|NORM_1WORD=8.200656156986952e-05|NORM_2WORD=7.192981570369739e-07
zna	O=0.9999936819076538|NORM_1WORD=5.544687155634165e-06|NORM_2WORD=5.990443696646253e-07
koji	O=0.9999879598617554|NORM_1WORD=1.1065083526773378e-05|NORM_2WORD=6.772886536055012e-07
put	O=0.9999858140945435|NORM_1WORD=1.2602237802639138e-05|NORM_2WORD=1.080783476936631e-06
.	O=0.9999946355819702|NORM_1WORD=3.5805373954644892e-06|NORM_2WORD=1.2744671948894393e-06

ako	O=0.999996542930603|NORM_2WORD=1.5360110410256311e-06|NORM_1WORD=1.4956607401472866e-06
ti	O=0.9999980926513672|NORM_1WORD=1.3095251460981672e-06|NORM_2WORD=5.347077376427478e-07
nešto	O=0.9999945163726807|NORM_1WORD=3.994198777945712e-06|NORM_2WORD=1.0770064591270057e-06
nije	O=0.9999979734420776|NORM_1WORD=1.5944876849971479e-06|NORM_2WORD=3.1923920573717623e-07
jasno	O=0.9999908208847046|NORM_1WORD=6.989509984123288e-06|NORM_2WORD=1.5140215054998407e-06
,	O=0.9999969005584717|NORM_2WORD=1.524509002592822e-06|NORM_1WORD=1.108846959141374e-06
žali	O=0.9999964237213135|NORM_1WORD=2.7627245344774565e-06|NORM_2WORD=6.289136535997386e-07
se	O=0.9999982118606567|NORM_1WORD=1.508953005213698e-06|NORM_2WORD=2.6934867491945624e-07
učiteljici	O=0.9999641180038452|NORM_1WORD=3.547850428731181e-05|NORM_2WORD=3.730215496489109e-07
.	O=0.9999970197677612|NORM_2WORD=1.352045046587591e-06|NORM_1WORD=1.3232273659014027e-06

hm	O=0.9999759197235107|NORM_1WORD=2.3479653464164585e-05|NORM_2WORD=5.357606482903066e-07
,	O=0.9999972581863403|NORM_1WORD=1.5523467027378501e-06|NORM_2WORD=8.789984349277802e-07
ovog	O=0.9999868869781494|NORM_1WORD=1.2354696082184091e-05|NORM_2WORD=5.411506549535261e-07
odavno	O=0.9999969005584717|NORM_1WORD=2.7005783067579614e-06|NORM_2WORD=3.18334116400365e-07
traže	O=0.9999934434890747|NORM_1WORD=5.390591468312778e-06|NORM_2WORD=7.832534265617142e-07
za	O=0.9999935626983643|NORM_1WORD=5.884943675482646e-06|NORM_2WORD=3.994131816398294e-07
kojekakve	O=0.999987006187439|NORM_1WORD=1.2343085472821258e-05|NORM_2WORD=5.146376338416303e-07
prestupe	O=0.9997128844261169|NORM_1WORD=0.00028493942227214575|NORM_2WORD=1.5676384919061093e-06
,	O=0.9999966621398926|NORM_1WORD=1.934768533828901e-06|NORM_2WORD=1.0850128546735505e-06
sad	O=0.999996542930603|NORM_1WORD=2.896155592679861e-06|NORM_2WORD=4.773312411998631e-07
mu	O=0.999990701675415|NORM_1WORD=8.935244295571465e-06|NORM_2WORD=2.5534589553899423e-07
nakače	O=0.99933260679245|NORM_1WORD=0.0006653337040916085|NORM_2WORD=1.7300922081631143e-06
saobraćajku	O=0.9998071789741516|NORM_1WORD=0.0001892661239253357|NORM_2WORD=2.695136799957254e-06
i	O=0.9999938011169434|NORM_1WORD=5.913608674745774e-06|NORM_2WORD=2.8416658892638225e-07
odgovara	O=0.9999873638153076|NORM_1WORD=1.2187939319119323e-05|NORM_2WORD=3.4799830928022857e-07
nekoliko	O=0.9999948740005493|NORM_1WORD=4.183155851933407e-06|NORM_2WORD=7.057190600789909e-07
godina	O=0.9999957084655762|NORM_1WORD=3.47193531524681e-06|NORM_2WORD=6.32276112355612e-07
a	O=0.9999959468841553|NORM_1WORD=3.590228743632906e-06|NORM_2WORD=3.4949462701661105e-07
neki	O=0.9996339082717896|NORM_1WORD=0.000365235231583938|NORM_2WORD=6.714194000778662e-07
mudonja	O=0.999799907207489|NORM_1WORD=0.00019986319239251316|NORM_2WORD=2.48582580297807e-07
se	O=0.9999949932098389|NORM_1WORD=4.891291155217914e-06|NORM_2WORD=1.6021782300867926e-07
izvuče	O=0.9999889135360718|NORM_1WORD=1.023797995003406e-05|NORM_2WORD=5.60811827199359e-07
.	O=0.9999971389770508|NORM_1WORD=1.7295988072874025e-06|NORM_2WORD=8.252111456386046e-07

utesite	O=0.9998214840888977|NORM_1WORD=0.00017801606736611575|NORM_2WORD=4.623309166618128e-07
se	O=0.999994158744812|NORM_1WORD=5.722339665226173e-06|NORM_2WORD=1.4461382136232714e-07
,	O=0.9999935626983643|NORM_1WORD=3.256424406572478e-06|NORM_2WORD=2.41226166508568e-06
to	O=0.9999226331710815|NORM_1WORD=7.639951218152419e-05|NORM_2WORD=6.875827693875181e-07
vam	O=0.99998939037323|NORM_1WORD=1.013023666018853e-05|NORM_2WORD=3.5392784525356547e-07
je	O=0.9999898672103882|NORM_1WORD=9.928640793077648e-06|NORM_2WORD=1.589201588103606e-07
zajednicko	O=0.9808239936828613|NORM_1WORD=0.019174594432115555|NORM_2WORD=1.231569285664591e-06
..	O=0.9999966621398926|NORM_1WORD=2.100301571772434e-06|NORM_2WORD=9.89957356978266e-07

nikada	O=0.9999974966049194|NORM_1WORD=1.7462165260440088e-06|NORM_2WORD=5.376291483116802e-07
više	O=0.9999929666519165|NORM_1WORD=4.5936935748613905e-06|NORM_2WORD=1.8394138123767334e-06
ne	O=0.9999971389770508|NORM_1WORD=2.4841535832820227e-06|NORM_2WORD=2.8698792675641016e-07
čezneš	O=0.9981290698051453|NORM_1WORD=0.0018622295465320349|NORM_2WORD=7.743303285678849e-06
za	O=0.9999977350234985|NORM_1WORD=1.7364091036142781e-06|NORM_2WORD=4.075467074926564e-07
tišinom	O=0.999984622001648|NORM_1WORD=1.4750207810720894e-05|NORM_2WORD=4.5375853119367093e-07
nego	O=0.9999948740005493|NORM_1WORD=4.334935056249378e-06|NORM_2WORD=5.773462135039154e-07
u	O=0.9999982118606567|NORM_1WORD=1.3554756606026785e-06|NORM_2WORD=3.42178083201361e-07
društvu	O=0.9999942779541016|NORM_1WORD=4.015447757410584e-06|NORM_2WORD=1.2739684507323545e-06
ljudi	O=0.9999804496765137|NORM_1WORD=1.705101203697268e-05|NORM_2WORD=1.7918275716510834e-06
koji	O=0.9999951124191284|NORM_1WORD=4.024084773845971e-06|NORM_2WORD=5.879434752387169e-07
su	O=0.999993085861206|NORM_1WORD=6.284813935053535e-06|NORM_2WORD=4.4316772118691006e-07
puni	O=0.9999865293502808|NORM_1WORD=1.286236602027202e-05|NORM_2WORD=4.3026801677115145e-07
praznih	O=0.9999902248382568|NORM_1WORD=9.451806363358628e-06|NORM_2WORD=2.3722122932667844e-07
priča	O=0.9999843835830688|NORM_1WORD=1.4225178347260226e-05|NORM_2WORD=1.0226618769593188e-06
a	O=0.9999884366989136|NORM_1WORD=8.395779332204256e-06|NORM_2WORD=2.7122760002384894e-06
ne	O=0.999997615814209|NORM_1WORD=1.7833174297265941e-06|NORM_2WORD=4.21584587684265e-07
zaklapaju	O=0.9999946355819702|NORM_1WORD=4.863005415245425e-06|NORM_2WORD=3.0668792305732495e-07
usta	O=0.9999896287918091|NORM_1WORD=9.680162293079775e-06|NORM_2WORD=5.280143682284688e-07
.	O=0.9999972581863403|NORM_1WORD=1.5060488749440992e-06|NORM_2WORD=1.008619960884971e-06

ako	O=0.9999933242797852|NORM_1WORD=4.191902917227708e-06|NORM_2WORD=1.931915221575764e-06
vas	O=0.9999669790267944|NORM_1WORD=3.218196434318088e-05|NORM_2WORD=7.679824989281769e-07
žulja	O=0.9995101690292358|NORM_1WORD=0.00048530049389228225|NORM_2WORD=3.679754627228249e-06
pogrešan	O=0.9999810457229614|NORM_1WORD=1.8218717741547152e-05|NORM_2WORD=5.598369057224772e-07
korak	O=0.9999759197235107|NORM_1WORD=2.2066518795327283e-05|NORM_2WORD=1.4711158655700274e-06
od	O=0.9999792575836182|NORM_1WORD=2.0281873730709776e-05|NORM_2WORD=3.838910629383463e-07
pre	O=0.9999938011169434|NORM_1WORD=5.07527829540777e-06|NORM_2WORD=8.248244398600946e-07
par	O=0.9999953508377075|NORM_1WORD=4.131616606173338e-06|NORM_2WORD=4.1142428131024644e-07
meseci	O=0.9999946355819702|NORM_1WORD=5.060087914898759e-06|NORM_2WORD=2.8447237809814396e-07
,	O=0.9999969005584717|NORM_1WORD=1.8274752164870733e-06|NORM_2WORD=9.991473461923306e-07
a	O=0.9999967813491821|NORM_1WORD=2.525730451452546e-06|NORM_2WORD=5.640338827106461e-07
savest	O=0.9999871253967285|NORM_1WORD=1.2449816495063715e-05|NORM_2WORD=3.196308568931272e-07
vas	O=0.9999798536300659|NORM_1WORD=1.9446781152510084e-05|NORM_2WORD=6.215514645191433e-07
gricka	O=0.9998676776885986|NORM_1WORD=0.00013026510714553297|NORM_2WORD=1.6688594541847124e-06
,	O=0.9999961853027344|NORM_1WORD=1.8432689330438734e-06|NORM_2WORD=1.5251813465511077e-06
eto	O=0.9999951124191284|NORM_1WORD=4.036114660266321e-06|NORM_2WORD=5.678579668710881e-07
baš	O=0.9999946355819702|NORM_1WORD=4.389858077047393e-06|NORM_2WORD=7.384791160802706e-07
danas	O=0.9999973773956299|NORM_1WORD=1.989439397220849e-06|NORM_2WORD=5.213564122641401e-07
pošaljite	O=0.999994158744812|NORM_1WORD=5.0755656957335304e-06|NORM_2WORD=5.470091082315776e-07
poruku	O=0.999976634979248|NORM_1WORD=2.207543730037287e-05|NORM_2WORD=9.97336428554263e-07
,	O=0.9999963045120239|NORM_2WORD=1.6982644410745706e-06|NORM_1WORD=1.4238968333302182e-06
izvinite	O=0.9999927282333374|NORM_1WORD=6.831447990407469e-06|NORM_2WORD=4.1697063579704263e-07
se	O=0.9999946355819702|NORM_1WORD=4.967382210452342e-06|NORM_2WORD=3.012655724887736e-07
,	O=0.9999966621398926|NORM_1WORD=1.5039137224448496e-06|NORM_2WORD=1.4807842489972245e-06
olakšajte	O=0.9999878406524658|NORM_1WORD=1.085590793081792e-05|NORM_2WORD=9.739849247125676e-07
sebi	O=0.9999970197677612|NORM_1WORD=2.694666818570113e-06|NORM_2WORD=2.8387466954882257e-07
.	O=0.9999971389770508|NORM_1WORD=1.962514488695888e-06|NORM_2WORD=7.399064543278655e-07

g-din	NORM_1WORD=0.8816003203392029|O=0.11838658154010773|NORM_2WORD=1.160964893642813e-05
mi	O=0.9999966621398926|NORM_1WORD=2.854087369996705e-06|NORM_2WORD=3.443498997057759e-07
je	O=0.9999946355819702|NORM_1WORD=4.900978183286497e-06|NORM_2WORD=3.456036665738793e-07
otac	O=0.9999876022338867|NORM_1WORD=1.1895212082890794e-05|NORM_2WORD=3.444200160629407e-07
.	O=0.9999964237213135|NORM_2WORD=1.53375970057823e-06|NORM_1WORD=1.507181423221482e-06

pa	O=0.9999977350234985|NORM_1WORD=1.853601929724391e-06|NORM_2WORD=3.135730821668403e-07
jel	NORM_1WORD=0.9999593496322632|NORM_2WORD=2.242427035525907e-05|O=1.0502279110369273e-05
to	O=0.9999935626983643|NORM_1WORD=5.819477792101679e-06|NORM_2WORD=5.021856281928194e-07
sad	O=0.9999977350234985|NORM_1WORD=1.738041078169772e-06|NORM_2WORD=4.5493311517930124e-07
siguran	O=0.9999964237213135|NORM_1WORD=2.993142970808549e-06|NORM_2WORD=5.17377600317559e-07
znak	O=0.9999942779541016|NORM_1WORD=4.957262717653066e-06|NORM_2WORD=5.706310730602127e-07
da	O=0.999997615814209|NORM_1WORD=1.8998092627953156e-06|NORM_2WORD=3.885626540522935e-07
je	O=0.9999964237213135|NORM_1WORD=3.195843419234734e-06|NORM_2WORD=2.985333082961006e-07
bdsm	O=0.9998831748962402|NORM_1WORD=0.00011378843919374049|NORM_2WORD=2.3522261471953243e-06
perverzija	O=0.9999922513961792|NORM_1WORD=7.130931408028118e-06|NORM_2WORD=4.967311042491929e-07
završila	O=0.9999964237213135|NORM_1WORD=2.970858758999384e-06|NORM_2WORD=4.7387538870680146e-07
?	O=0.9999972581863403|NORM_1WORD=1.595472213011817e-06|NORM_2WORD=8.840231089379813e-07

nema	O=0.9999967813491821|NORM_1WORD=2.60663637163816e-06|NORM_2WORD=4.361884293757612e-07
da	O=0.9999771118164062|NORM_1WORD=2.2431364413932897e-05|NORM_2WORD=3.410563351735618e-07
omane	O=0.9919084906578064|NORM_1WORD=0.008089069277048111|NORM_2WORD=2.171704863940249e-06
!	O=0.9999961853027344|NORM_2WORD=1.7086156276491238e-06|NORM_1WORD=1.5952132343954872e-06

sta	NORM_1WORD=0.999976396560669|NORM_2WORD=1.0362010470998939e-05|O=1.0086898328154348e-05
ti	O=0.9999934434890747|NORM_1WORD=5.8925465964421164e-06|NORM_2WORD=5.280314212541271e-07
je	O=0.9999806880950928|NORM_1WORD=1.8880813513533212e-05|NORM_2WORD=3.6721573337672453e-07
gasni	NORM_1WORD=0.9821285009384155|O=0.01786518469452858|NORM_2WORD=5.324176527210511e-06
lobi	O=0.9995402097702026|NORM_1WORD=0.00045853169285692275|NORM_2WORD=9.868158485915046e-07
...	O=0.9999964237213135|NORM_1WORD=2.4088019472401356e-06|NORM_2WORD=8.694026973898872e-07

“	O=0.9999940395355225|NORM_1WORD=3.658272134998697e-06|NORM_2WORD=1.6192834664252587e-06
@kinky_mind	O=0.9999973773956299|NORM_1WORD=1.8627008557814406e-06|NORM_2WORD=6.395704303940875e-07
:	O=0.9999949932098389|NORM_1WORD=2.6343266199546633e-06|NORM_2WORD=1.6660216033415054e-06
drugarica	O=0.999987006187439|NORM_1WORD=1.1898348020622507e-05|NORM_2WORD=8.401201512242551e-07
:	O=0.999991774559021|NORM_1WORD=4.959869784215698e-06|NORM_2WORD=2.228300445494824e-06
"	O=0.9999960660934448|NORM_1WORD=1.9340038761583855e-06|NORM_2WORD=1.390242232446326e-06
kakvo	O=0.9999723434448242|NORM_1WORD=2.5934425138984807e-05|NORM_2WORD=1.1403792541386792e-06
je	O=0.9999949932098389|NORM_1WORD=4.560167326417286e-06|NORM_2WORD=3.372320236394444e-07
vreme	O=0.9999954700469971|NORM_1WORD=3.9307856241066474e-06|NORM_2WORD=4.357974319191271e-07
došlo	O=0.9999955892562866|NORM_1WORD=3.3839119168987963e-06|NORM_2WORD=7.313534524655552e-07
,	O=0.999994158744812|NORM_1WORD=2.8155534437246388e-06|NORM_2WORD=2.1128544176463038e-06
ne	O=0.9999946355819702|NORM_1WORD=4.462272045202553e-06|NORM_2WORD=5.783528536085214e-07
nagovaraju	O=0.9998782873153687|NORM_1WORD=0.00012059740402037278|NORM_2WORD=9.66533434620942e-07
više	O=0.9999923706054688|NORM_1WORD=5.685807082045358e-06|NORM_2WORD=1.4280565210356144e-06
dva	O=0.9999953508377075|NORM_1WORD=3.4654635783226695e-06|NORM_2WORD=9.617034493203391e-07
tipa	O=0.9999903440475464|NORM_1WORD=9.275067895941902e-06|NORM_2WORD=3.2477595368618495e-07
ribu	O=0.9986934065818787|NORM_1WORD=0.0013023994397372007|NORM_2WORD=3.461443611740833e-06
na	O=0.9999902248382568|NORM_1WORD=8.727463864488527e-06|NORM_2WORD=6.780333592359966e-07
seks	O=0.9999352693557739|NORM_1WORD=6.288800796028227e-05|NORM_2WORD=1.2997087424082565e-06
,	O=0.9999955892562866|NORM_1WORD=2.290586735398392e-06|NORM_2WORD=1.4997042399045313e-06
nego	O=0.9999966621398926|NORM_1WORD=2.4212208700191695e-06|NORM_2WORD=6.632765234826365e-07
dve	O=0.9999942779541016|NORM_1WORD=4.468079168873373e-06|NORM_2WORD=9.048550282386714e-07
ribe	O=0.999958872795105|NORM_1WORD=4.007373718195595e-05|NORM_2WORD=8.570532941121201e-07
tipa	O=0.9996640682220459|NORM_1WORD=0.0003335160145070404|NORM_2WORD=1.9794722447841195e-06
.	O=0.9999960660934448|NORM_1WORD=2.1331024981918745e-06|NORM_2WORD=1.2954626527061919e-06
"	O=0.9999958276748657|NORM_1WORD=2.2168824216350913e-06|NORM_2WORD=1.4661281966255046e-06
”	O=0.9999958276748657|NORM_1WORD=2.203897565777879e-06|NORM_2WORD=1.4913609902578173e-06

ja	O=0.9999958276748657|NORM_1WORD=3.2619643661746522e-06|NORM_2WORD=7.284530738616013e-07
ne	O=0.9999979734420776|NORM_1WORD=1.547712031424453e-06|NORM_2WORD=3.383905493592465e-07
znam	O=0.999996542930603|NORM_1WORD=2.5535096028761473e-06|NORM_2WORD=6.047800980013562e-07
kako	O=0.9999912977218628|NORM_1WORD=7.13174813427031e-06|NORM_2WORD=1.1780044815168367e-06
se	O=0.9999967813491821|NORM_1WORD=2.7889702778338687e-06|NORM_2WORD=3.194718374288641e-07
moja	O=0.9999778270721436|NORM_1WORD=2.0780444174306467e-05|NORM_2WORD=1.2145546861574985e-06
mama	O=0.9999880790710449|NORM_1WORD=1.0670708434190601e-05|NORM_2WORD=9.162562264464214e-07
oseca	NORM_1WORD=0.9992042183876038|O=0.0007932250737212598|NORM_2WORD=2.3608060928381747e-06
povodom	O=0.9999933242797852|NORM_1WORD=5.020813659939449e-06|NORM_2WORD=1.101793031921261e-06
toga	O=0.9999963045120239|NORM_1WORD=2.909143404394854e-06|NORM_2WORD=5.549211437028134e-07
sto	NORM_1WORD=0.9999750852584839|O=1.732245618768502e-05|NORM_2WORD=5.68240193388192e-06
joj	O=0.9999934434890747|NORM_1WORD=5.572415830101818e-06|NORM_2WORD=7.421127747875289e-07
svakodnevno	O=0.9999951124191284|NORM_1WORD=3.221583256163285e-06|NORM_2WORD=1.232387717209349e-06
dizem	NORM_1WORD=0.9398249983787537|O=0.06016934663057327|NORM_2WORD=4.805104708793806e-06
pritisak	O=0.9999856948852539|NORM_1WORD=1.338301535724895e-05|NORM_2WORD=7.448140308952134e-07
,	O=0.9999924898147583|NORM_1WORD=5.319432148098713e-06|NORM_2WORD=1.5815471670066472e-06
ali	O=0.9999933242797852|NORM_1WORD=5.28866166860098e-06|NORM_2WORD=1.0043600013887044e-06
mogla	O=0.9999797344207764|NORM_1WORD=1.815926589188166e-05|NORM_2WORD=1.6552966144445236e-06
bih	O=0.9999871253967285|NORM_1WORD=1.2210401109769009e-05|NORM_2WORD=5.16751526902226e-07
da	O=0.9999972581863403|NORM_1WORD=2.317790404049447e-06|NORM_2WORD=3.934995334020641e-07
pretpostavim	O=0.9983102083206177|NORM_1WORD=0.0016873995773494244|NORM_2WORD=2.0057264009665232e-06
ili	O=0.9999499320983887|NORM_1WORD=4.779553273692727e-05|NORM_2WORD=1.7252176576221245e-06
da	O=0.9999974966049194|NORM_1WORD=1.8866719528887188e-06|NORM_2WORD=4.6787695850980526e-07
prestanem	O=0.999991774559021|NORM_1WORD=7.091648512869142e-06|NORM_2WORD=7.924704163997376e-07
.	O=0.9999971389770508|NORM_1WORD=1.8850957985705463e-06|NORM_2WORD=7.44015380860219e-07

obozavam	NORM_1WORD=0.9999741315841675|O=2.2175716367200948e-05|NORM_2WORD=2.9822349461028352e-06
bioskop	O=0.9999842643737793|NORM_1WORD=1.5202365830191411e-05|NORM_2WORD=4.229888759255118e-07
,	O=0.9999958276748657|NORM_1WORD=2.9451496175170178e-06|NORM_2WORD=9.234478852704342e-07
ali	O=0.9999915361404419|NORM_1WORD=7.647916390851606e-06|NORM_2WORD=5.566581080529431e-07
podizem	NORM_1WORD=0.9936810731887817|O=0.006315215025097132|NORM_2WORD=3.0801402317592874e-06
noge	O=0.9999927282333374|NORM_1WORD=6.640433184657013e-06|NORM_2WORD=4.394522079564922e-07
kad	O=0.9999979734420776|NORM_1WORD=1.2477879636207945e-06|NORM_2WORD=6.456390906350862e-07
se	O=0.999996542930603|NORM_1WORD=3.1784034035808872e-06|NORM_2WORD=2.6841865974347456e-07
svetla	O=0.999964714050293|NORM_1WORD=3.4854943805839866e-05|NORM_2WORD=3.622090787303023e-07
ugase	NORM_1WORD=0.8645797967910767|O=0.13541151583194733|NORM_2WORD=7.717630069237202e-06
i	O=0.9999953508377075|NORM_1WORD=3.954261956096161e-06|NORM_2WORD=4.567343410144531e-07
pocne	NORM_1WORD=0.9999396800994873|O=5.613776374957524e-05|NORM_2WORD=3.3774877010728233e-06
film	O=0.9999345541000366|NORM_1WORD=6.26958571956493e-05|NORM_2WORD=2.0556706203933572e-06
jer	O=0.9999957084655762|NORM_1WORD=3.5915020362153882e-06|NORM_2WORD=4.905629111817689e-07
se	O=0.9999967813491821|NORM_1WORD=2.9500490654754685e-06|NORM_2WORD=2.690884741696209e-07
bojim	O=0.9999909400939941|NORM_1WORD=8.31401030154666e-06|NORM_2WORD=5.736328603234142e-07
bubasvaba	NORM_1WORD=0.7873637676239014|O=0.21262283623218536|NORM_2WORD=1.247584350494435e-05
i	O=0.9999929666519165|NORM_1WORD=5.747864179284079e-06|NORM_2WORD=9.077207323571201e-07
lepljivih	O=0.9999879598617554|NORM_1WORD=1.1419451766414568e-05|NORM_2WORD=5.202018087402394e-07
podova	O=0.9999485015869141|NORM_1WORD=5.1171435188734904e-05|NORM_2WORD=2.516351003123418e-07
.	O=0.9999967813491821|NORM_1WORD=2.326195271962206e-06|NORM_2WORD=7.112500952644041e-07

based	O=0.9999895095825195|NORM_1WORD=7.285828814929118e-06|NORM_2WORD=2.2536848973686574e-06
on	O=0.9999940395355225|NORM_1WORD=4.246309345035115e-06|NORM_2WORD=1.2867401437688386e-06
photos	O=0.9999319314956665|NORM_1WORD=6.418853445211425e-05|NORM_2WORD=3.00362148664135e-06
you	O=0.9998522996902466|NORM_1WORD=0.00010560564260231331|NORM_2WORD=3.5260825825389475e-05
liked	O=0.999991774559021|NORM_1WORD=6.7400919760984834e-06|NORM_2WORD=1.3250313486423693e-06
instagram	O=0.9999834299087524|NORM_1WORD=1.5161322153289802e-05|NORM_2WORD=1.1882684702868573e-06
mi	O=0.9999964237213135|NORM_1WORD=3.1313443287217524e-06|NORM_2WORD=4.1623479773988947e-07
nudi	O=0.9999061822891235|NORM_1WORD=8.890856406651437e-05|NORM_2WORD=3.7397501273517264e-06
guzice	O=0.9966102242469788|NORM_1WORD=0.0033856190275400877|NORM_2WORD=3.4470165246602846e-06
tri	O=0.9999924898147583|NORM_1WORD=6.175500402605394e-06|NORM_2WORD=1.1322356385790044e-06
preplanule	O=0.9999673366546631|NORM_1WORD=3.069124431931414e-05|NORM_2WORD=1.3831484011461725e-06
plavuše	O=0.9999198913574219|NORM_1WORD=7.914551679277793e-05|NORM_2WORD=8.911961231206078e-07
jer	O=0.9999898672103882|NORM_1WORD=9.32180500967661e-06|NORM_2WORD=6.418093221327581e-07
očigledno	O=0.9999825954437256|NORM_1WORD=1.6812249668873847e-05|NORM_2WORD=4.6814670895400923e-07
misli	O=0.9999912977218628|NORM_1WORD=7.79326910560485e-06|NORM_2WORD=7.122602596609795e-07
da	O=0.9999977350234985|NORM_1WORD=1.934667352543329e-06|NORM_2WORD=2.5979389306485245e-07
sam	O=0.9999973773956299|NORM_1WORD=2.1025518890382955e-06|NORM_2WORD=3.929689000869985e-07
lezbejka	O=0.9966979026794434|NORM_1WORD=0.0033001548144966364|NORM_2WORD=1.7962386209546821e-06
.	O=0.9999963045120239|NORM_1WORD=2.536640295147663e-06|NORM_2WORD=8.761194862927368e-07

@xygoius	O=0.9999972581863403|NORM_1WORD=1.7139770989160752e-06|NORM_2WORD=8.221242069339496e-07
ja	O=0.999997615814209|NORM_1WORD=1.7379629753122572e-06|NORM_2WORD=5.027952738601016e-07
se	O=0.9999969005584717|NORM_1WORD=2.770570063148625e-06|NORM_2WORD=2.255485043178851e-07
slažem	O=0.9999967813491821|NORM_1WORD=2.6383715976407984e-06|NORM_2WORD=5.216674026087276e-07
da	O=0.9999958276748657|NORM_1WORD=3.7729114410467446e-06|NORM_2WORD=3.051429189326882e-07
jeste	O=0.9998953342437744|NORM_1WORD=0.00010152190952794626|NORM_2WORD=2.224578111054143e-06
,	O=0.9999943971633911|NORM_1WORD=2.7616677016339963e-06|NORM_2WORD=2.102788130287081e-06
ali	O=0.9999953508377075|NORM_1WORD=4.00997214455856e-06|NORM_2WORD=5.1659515065694e-07
boljeg	O=0.9999938011169434|NORM_1WORD=5.774290002591442e-06|NORM_2WORD=3.251259670378204e-07
pleja	O=0.999854326248169|NORM_1WORD=0.0001437586615793407|NORM_2WORD=1.5268668676071684e-06
nemate	O=0.9999881982803345|NORM_1WORD=1.104811963159591e-05|NORM_2WORD=5.890113925488549e-07
.	O=0.9999970197677612|NORM_1WORD=1.429810254194308e-06|NORM_2WORD=1.2050616078340681e-06

čekajte	O=0.999995231628418|NORM_1WORD=3.983481747127371e-06|NORM_2WORD=5.380813945521368e-07
,	O=0.9999947547912598|NORM_2WORD=2.411277819192037e-06|NORM_1WORD=2.0398194919835078e-06
imamo	O=0.9999958276748657|NORM_1WORD=2.3299317035707645e-06|NORM_2WORD=1.310290485889709e-06
brejking	O=0.9999892711639404|NORM_1WORD=9.875611794996075e-06|NORM_2WORD=6.388568749571277e-07
njuz	O=0.999029278755188|NORM_1WORD=0.0009678947972133756|NORM_2WORD=2.1117862161190715e-06
,	O=0.9999939203262329|NORM_1WORD=2.5695499061839655e-06|NORM_2WORD=2.5327422008558642e-06
jednoj	O=0.9999960660934448|NORM_1WORD=2.3049803985486506e-06|NORM_2WORD=1.193141429212119e-06
našoj	O=0.9999922513961792|NORM_1WORD=6.449723059631651e-06|NORM_2WORD=1.1105381645393209e-06
eminentnoj	O=0.9999969005584717|NORM_1WORD=2.681093292267178e-06|NORM_2WORD=4.0251563859783346e-07
umetnici	O=0.9999935626983643|NORM_1WORD=5.796811819891445e-06|NORM_2WORD=4.7055414142960217e-07
ispala	O=0.9999967813491821|NORM_1WORD=2.165636033168994e-06|NORM_2WORD=8.560001560908859e-07
sisa	O=0.9993115663528442|NORM_1WORD=0.0006819721893407404|NORM_2WORD=6.016334282321623e-06
!	O=0.9999966621398926|NORM_1WORD=1.7358063360006781e-06|NORM_2WORD=1.1449074008851312e-06

miloš	O=0.9999953508377075|NORM_1WORD=4.331582204031292e-06|NORM_2WORD=2.684091384708154e-07
ninković	O=0.9999898672103882|NORM_1WORD=9.771748409548309e-06|NORM_2WORD=2.6695155952438654e-07
donirao	O=0.9999921321868896|NORM_1WORD=7.382840067293728e-06|NORM_2WORD=3.8673945823575195e-07
je	O=0.9999958276748657|NORM_1WORD=3.904350705852266e-06|NORM_2WORD=1.9405648288284283e-07
veliku	O=0.9999971389770508|NORM_1WORD=2.019991597990156e-06|NORM_2WORD=5.754159815296589e-07
svotu	O=0.9999657869338989|NORM_1WORD=3.364201256772503e-05|NORM_2WORD=4.4832893308921484e-07
novca	O=0.999991774559021|NORM_1WORD=7.550258033006685e-06|NORM_2WORD=6.545089945575455e-07
za	O=0.9999980926513672|NORM_1WORD=1.6622320799797308e-06|NORM_2WORD=2.0301682468470972e-07
lečenje	O=0.9999929666519165|NORM_1WORD=6.084715096221771e-06|NORM_2WORD=7.386639140349871e-07
male	O=0.9999823570251465|NORM_1WORD=1.502688701293664e-05|NORM_2WORD=1.8760165403364226e-06
une	O=0.9980080723762512|NORM_1WORD=0.001988861011341214|NORM_2WORD=2.5128588276857045e-06
,	O=0.9999957084655762|NORM_1WORD=2.8434969863155857e-06|NORM_2WORD=1.091352714865934e-06
koja	O=0.9999959468841553|NORM_1WORD=3.445946049396298e-06|NORM_2WORD=4.810095219909272e-07
boluje	O=0.9999948740005493|NORM_1WORD=4.879298103332985e-06|NORM_2WORD=2.0030300618145702e-07
od	O=0.999995231628418|NORM_1WORD=4.5095821405993775e-06|NORM_2WORD=1.8171621718465758e-07
najtežeg	O=0.9999877214431763|NORM_1WORD=1.197750407300191e-05|NORM_2WORD=1.95771718836113e-07
oblika	O=0.9999895095825195|NORM_1WORD=8.627877832623199e-06|NORM_2WORD=1.4119052593741799e-06
leukemije	O=0.999976634979248|NORM_1WORD=2.2431031538872048e-05|NORM_2WORD=7.582004286632582e-07
.	O=0.9999972581863403|NORM_1WORD=1.8910703829533304e-06|NORM_2WORD=6.64118829263316e-07

cela	O=0.9999823570251465|NORM_1WORD=1.6198708181036636e-05|NORM_2WORD=1.2132682059018407e-06
ekipa	O=0.9999920129776001|NORM_1WORD=6.923633918631822e-06|NORM_2WORD=8.419835921813501e-07
iz	O=0.9999803304672241|NORM_1WORD=1.8122098481399007e-05|NORM_2WORD=1.1625078286670032e-06
'	O=0.9999887943267822|NORM_1WORD=1.0107456546393223e-05|NORM_2WORD=9.555526503390865e-07
tvoje	O=0.999920129776001|NORM_1WORD=7.656650268472731e-05|NORM_2WORD=2.6528095986577682e-06
lice	O=0.9999954700469971|NORM_1WORD=4.0714039641898125e-06|NORM_2WORD=3.5284278965264093e-07
zvuči	O=0.9999926090240479|NORM_1WORD=6.588944870600244e-06|NORM_2WORD=5.924866286477481e-07
poznato	O=0.9999955892562866|NORM_1WORD=3.737542101589497e-06|NORM_2WORD=4.4391330789039785e-07
'	O=0.9999892711639404|NORM_1WORD=9.57305746851489e-06|NORM_2WORD=9.96121912066883e-07
kopira	O=0.9999668598175049|NORM_1WORD=3.244175968575291e-05|NORM_2WORD=5.464054879666946e-07
najbolje	O=0.9999868869781494|NORM_1WORD=1.2005822100036312e-05|NORM_2WORD=8.750924962441786e-07
,	O=0.9999966621398926|NORM_1WORD=1.7881028497868101e-06|NORM_2WORD=1.1840636489068856e-06
i	O=0.9999973773956299|NORM_1WORD=2.1388091226981487e-06|NORM_2WORD=3.13625292847064e-07
dobri	O=0.99998939037323|NORM_1WORD=9.101112482312601e-06|NORM_2WORD=1.0710499509514193e-06
su	O=0.9999854564666748|NORM_1WORD=1.3639421922562178e-05|NORM_2WORD=6.205361273714516e-07
.	O=0.9999969005584717|NORM_1WORD=1.6964816040854203e-06|NORM_2WORD=1.089353304450924e-06

dođem	O=0.9999899864196777|NORM_1WORD=9.185804628941696e-06|NORM_2WORD=5.828612188452098e-07
u	O=0.9999970197677612|NORM_1WORD=2.4970768208731897e-06|NORM_2WORD=3.384483306945185e-07
školu	O=0.9999737739562988|NORM_1WORD=2.389572728134226e-05|NORM_2WORD=1.9426672679401236e-06
15	O=0.9999929666519165|NORM_1WORD=5.802565738122212e-06|NORM_2WORD=9.518739148006716e-07
min.	O=0.7255845665931702|NORM_1WORD=0.2743794918060303|NORM_2WORD=3.3502357837278396e-05
ranije	O=0.9999902248382568|NORM_1WORD=8.850246558722574e-06|NORM_2WORD=6.617584631385398e-07
da	O=0.9999971389770508|NORM_1WORD=2.4007952106330777e-06|NORM_2WORD=4.0958778413369146e-07
isteram	NORM_1WORD=0.9998279809951782|O=0.00016391038661822677|NORM_2WORD=7.036227088974556e-06
muve	O=0.9017435312271118|NORM_1WORD=0.0982503592967987|NORM_2WORD=5.539615813177079e-06
iz	O=0.9999946355819702|NORM_1WORD=4.774384706252022e-06|NORM_2WORD=4.255999499491736e-07
učionice	O=0.9998703002929688|NORM_1WORD=0.00012897085980512202|NORM_2WORD=5.750264335802058e-07
,	O=0.9999954700469971|NORM_1WORD=2.0686304651462706e-06|NORM_2WORD=1.8242686792291352e-06
da	O=0.999996542930603|NORM_1WORD=2.588472852949053e-06|NORM_2WORD=6.740930302839843e-07
ih	O=0.9999886751174927|NORM_1WORD=1.0791310160129797e-05|NORM_2WORD=4.719342427961237e-07
učenica	O=0.9999960660934448|NORM_1WORD=3.4819140637409873e-06|NORM_2WORD=3.212782360151323e-07
ne	O=0.9999960660934448|NORM_1WORD=3.158573235850781e-06|NORM_2WORD=5.40419705430395e-07
bi	O=0.9999872446060181|NORM_1WORD=1.2169422916485928e-05|NORM_2WORD=4.855691031480092e-07
vijala	O=0.9999082088470459|NORM_1WORD=9.100620809476823e-05|NORM_2WORD=7.022609338491748e-07
i	O=0.9999978542327881|NORM_1WORD=1.5483350352951675e-06|NORM_2WORD=5.164620233699679e-07
kidala	O=0.9999932050704956|NORM_1WORD=5.678235993400449e-06|NORM_2WORD=9.6149233286269e-07
im	O=0.999995231628418|NORM_1WORD=4.4027319745509885e-06|NORM_2WORD=2.8909624916195753e-07
krila	O=0.9999938011169434|NORM_1WORD=5.7644360822450835e-06|NORM_2WORD=3.2144299666470033e-07
.	O=0.999996542930603|NORM_1WORD=2.129839231201913e-06|NORM_2WORD=1.0093793889609515e-06

jel	NORM_1WORD=0.9999743700027466|O=1.5305033230106346e-05|NORM_2WORD=8.226649697462562e-06
nikola	O=0.9996034502983093|NORM_1WORD=0.00039538773125968874|NORM_2WORD=9.881676987788524e-07
opalio	O=0.9999717473983765|NORM_1WORD=2.70029286184581e-05|NORM_2WORD=8.963507411863247e-07
onu	O=0.9999322891235352|NORM_1WORD=6.563646456925198e-05|NORM_2WORD=1.6494129795319168e-06
svoju	O=0.9998836517333984|NORM_1WORD=0.00011501676635816693|NORM_2WORD=1.2069273225279176e-06
cimerku	NORM_1WORD=0.9997932314872742|O=0.0002039640094153583|NORM_2WORD=2.4592081899754703e-06
martu	O=0.9999291896820068|NORM_1WORD=7.036795432213694e-05|NORM_2WORD=3.5377021845306444e-07
?	O=0.9999901056289673|NORM_1WORD=7.573380571557209e-06|NORM_2WORD=1.6793908343970543e-06

a	O=0.9999979734420776|NORM_1WORD=1.5920139730951632e-06|NORM_2WORD=3.888860646839021e-07
ispitiju	O=0.9999830722808838|NORM_1WORD=1.665975469222758e-05|NORM_2WORD=2.695948637665424e-07
se	O=0.999997615814209|NORM_1WORD=2.015964582824381e-06|NORM_2WORD=2.7850214223690273e-07
i	O=0.9999974966049194|NORM_1WORD=2.060597353192861e-06|NORM_2WORD=3.9719336086818657e-07
pomenuti	O=0.9999940395355225|NORM_1WORD=5.100369889987633e-06|NORM_2WORD=6.204882083693519e-07
stan	O=0.9999871253967285|NORM_1WORD=1.000418524199631e-05|NORM_2WORD=2.0755235254910076e-06
.	O=0.9999970197677612|NORM_2WORD=1.3571607269113883e-06|NORM_1WORD=1.3510486951417988e-06

treba	O=0.9999949932098389|NORM_1WORD=4.10433676734101e-06|NORM_2WORD=7.318176926673914e-07
mi	O=0.9999980926513672|NORM_1WORD=1.4623932429458364e-06|NORM_2WORD=3.8159430459927535e-07
pomoć	O=0.9999642372131348|NORM_1WORD=3.2696741982363164e-05|NORM_2WORD=2.6165312192460988e-06
najboljeg	O=0.9999970197677612|NORM_1WORD=2.468842012604e-06|NORM_2WORD=4.166154781160003e-07
prijatelja	O=0.9999934434890747|NORM_1WORD=4.297979558032239e-06|NORM_2WORD=1.816944859456271e-06
,	O=0.9999971389770508|NORM_1WORD=1.4893362276779953e-06|NORM_2WORD=1.0898315849772189e-06
koji	O=0.9999967813491821|NORM_1WORD=2.3985307961993385e-06|NORM_2WORD=6.028511734257336e-07
je	O=0.9999973773956299|NORM_1WORD=2.3546742795588216e-06|NORM_2WORD=2.0649869725275494e-07
sada	O=0.9999979734420776|NORM_1WORD=1.2658938430831768e-06|NORM_2WORD=5.602533974524704e-07
boga	O=0.9999662637710571|NORM_1WORD=3.258027209085412e-05|NORM_2WORD=1.054245558407274e-06
pitaj	O=0.9999901056289673|NORM_1WORD=9.457368832954671e-06|NORM_2WORD=3.5448513813207683e-07
gde	O=0.9999970197677612|NORM_1WORD=1.925029437188641e-06|NORM_2WORD=8.264759685516765e-07
,	O=0.999996542930603|NORM_1WORD=1.9322458228998585e-06|NORM_2WORD=1.1516881386341993e-06
i	O=0.9999980926513672|NORM_1WORD=1.501834844930272e-06|NORM_2WORD=3.558326113761723e-07
koji	O=0.9999971389770508|NORM_1WORD=2.0344293716334505e-06|NORM_2WORD=6.155088385639829e-07
mi	O=0.9999970197677612|NORM_1WORD=2.030275481956778e-06|NORM_2WORD=6.819470286245632e-07
ne	O=0.999997615814209|NORM_1WORD=1.6912359797061072e-06|NORM_2WORD=4.906012804894999e-07
odgovara	O=0.999996542930603|NORM_1WORD=2.4828423192957416e-06|NORM_2WORD=6.567743753294053e-07
na	O=0.9999979734420776|NORM_1WORD=1.553894094286079e-06|NORM_2WORD=3.360237030847202e-07
poruku	O=0.9999747276306152|NORM_1WORD=2.4272840164485388e-05|NORM_2WORD=7.567311968159629e-07
već	O=0.999997615814209|NORM_1WORD=1.262870455320808e-06|NORM_2WORD=7.774429491291812e-07
jedan	O=0.9999978542327881|NORM_1WORD=1.3493270216713427e-06|NORM_2WORD=5.911419975745957e-07
dan	O=0.9999972581863403|NORM_1WORD=1.9672461348818615e-06|NORM_2WORD=5.468104973260779e-07
,	O=0.999996542930603|NORM_1WORD=1.9317926671647e-06|NORM_2WORD=1.1450907777543762e-06
i	O=0.9999971389770508|NORM_1WORD=2.1236562588455854e-06|NORM_2WORD=5.653508310388133e-07
koji	O=0.9999973773956299|NORM_1WORD=2.0412453523022123e-06|NORM_2WORD=4.816602086066268e-07
me	O=0.9999966621398926|NORM_1WORD=2.8942454264324624e-06|NORM_2WORD=3.8270718505373225e-07
blokirao	O=0.9999955892562866|NORM_1WORD=4.005642949778121e-06|NORM_2WORD=3.1409078360411513e-07
svuda	O=0.9999966621398926|NORM_1WORD=2.7135790787724545e-06|NORM_2WORD=4.2354184870418976e-07

kad	O=0.9999974966049194|NORM_1WORD=1.5123735011002282e-06|NORM_2WORD=7.380249940069916e-07
odlepim	O=0.999988317489624|NORM_1WORD=1.1398706192267127e-05|NORM_2WORD=1.9968641140621912e-07
zbog	O=0.9999959468841553|NORM_1WORD=3.3763637929951074e-06|NORM_2WORD=4.365238623904588e-07
drustvenih	NORM_1WORD=0.998388409614563|O=0.001601403928361833|NORM_2WORD=7.927100341476034e-06
mreza	NORM_1WORD=0.9944925308227539|O=0.005497776437550783|NORM_2WORD=8.152227565005887e-06
,	O=0.9999924898147583|NORM_1WORD=4.637218808056787e-06|NORM_2WORD=2.146936139979516e-06
igrica	O=0.9999451637268066|NORM_1WORD=5.392503589973785e-05|NORM_2WORD=7.514310027545434e-07
i	O=0.9999946355819702|NORM_1WORD=4.324054316384718e-06|NORM_2WORD=7.095317755556607e-07
serija	O=0.9999951124191284|NORM_1WORD=4.37317930845893e-06|NORM_2WORD=4.7120380486376234e-07
...	O=0.9999954700469971|NORM_1WORD=2.7183443762623938e-06|NORM_2WORD=1.1541497997313854e-06

@dragokovacevic	O=0.9999971389770508|NORM_1WORD=2.368030209254357e-06|NORM_2WORD=4.302816307699686e-07
da	O=0.9999849796295166|NORM_1WORD=1.3932854926679283e-05|NORM_2WORD=7.708441103204677e-07
,	O=0.9999960660934448|NORM_1WORD=1.762780357239535e-06|NORM_2WORD=1.5166134517130558e-06
štetu	O=0.9999760389328003|NORM_1WORD=2.2972591978032142e-05|NORM_2WORD=7.4432819019421e-07
smo	O=0.9999960660934448|NORM_1WORD=3.2349755656468915e-06|NORM_2WORD=5.266006155579817e-07
uračunali	O=0.9999793767929077|NORM_1WORD=1.9651233742479235e-05|NORM_2WORD=7.490733651138726e-07
kada	O=0.9999977350234985|NORM_1WORD=1.4583872598450398e-06|NORM_2WORD=5.846495696459897e-07
smo	O=0.9999957084655762|NORM_1WORD=3.48317485077132e-06|NORM_2WORD=5.789842703052273e-07
uračunali	O=0.9999860525131226|NORM_1WORD=1.315351346420357e-05|NORM_2WORD=6.209888852026779e-07
realnost	O=0.999983549118042|NORM_1WORD=1.530323424958624e-05|NORM_2WORD=8.041768637667701e-07
i	O=0.9999915361404419|NORM_1WORD=7.2349930633208714e-06|NORM_2WORD=9.55743985286972e-07
njihove	O=0.999855637550354|NORM_1WORD=0.0001388180535286665|NORM_2WORD=4.038354290969437e-06
pristalice	O=0.9997188448905945|NORM_1WORD=0.0002805768162943423|NORM_2WORD=5.221027095103636e-07
.	O=0.9999971389770508|NORM_1WORD=1.4887028783050482e-06|NORM_2WORD=1.0172926749874023e-06

za	O=0.9999960660934448|NORM_1WORD=3.582270664992393e-06|NORM_2WORD=2.8444731015042635e-07
vreme	O=0.9999934434890747|NORM_1WORD=5.8971563703380525e-06|NORM_2WORD=4.2220804630233033e-07
slobe	O=0.9033166766166687|NORM_1WORD=0.09665638208389282|NORM_2WORD=2.2484340661321767e-05
i	O=0.9999772310256958|NORM_1WORD=2.2053567590774037e-05|NORM_2WORD=5.378613536777266e-07
radikala	O=0.9999616146087646|NORM_1WORD=3.8007139664841816e-05|NORM_2WORD=3.8805472968306276e-07
je	O=0.9999953508377075|NORM_1WORD=4.248449840815738e-06|NORM_2WORD=3.6198881048221665e-07
kao	O=0.9999964237213135|NORM_1WORD=2.7853991468873573e-06|NORM_2WORD=6.00340285927814e-07
direktan	O=0.9999902248382568|NORM_1WORD=9.265765584132168e-06|NORM_2WORD=3.4812674698514456e-07
rezultat	O=0.9999916553497314|NORM_1WORD=7.587902018713066e-06|NORM_2WORD=5.204969966143835e-07
njihove	O=0.9999861717224121|NORM_1WORD=1.2238112503837328e-05|NORM_2WORD=1.199737198476214e-06
vladavine	O=0.9999812841415405|NORM_1WORD=1.8023787561105564e-05|NORM_2WORD=5.865028356311086e-07
bilo	O=0.9999938011169434|NORM_1WORD=4.862235982727725e-06|NORM_2WORD=9.962157037080033e-07
nekoliko	O=0.9999958276748657|NORM_1WORD=2.82042742583144e-06|NORM_2WORD=9.024469136420521e-07
desetina	O=0.9999923706054688|NORM_1WORD=6.678339559584856e-06|NORM_2WORD=7.502749213017523e-07
hiljada	O=0.9999896287918091|NORM_1WORD=9.312588190368842e-06|NORM_2WORD=7.793505574227311e-07
mrtvih	O=0.9999758005142212|NORM_1WORD=2.3672697352594696e-05|NORM_2WORD=4.7520381940557854e-07
.	O=0.9999972581863403|NORM_1WORD=1.971157871594187e-06|NORM_2WORD=6.447766054407111e-07

sestra	O=0.9999940395355225|NORM_1WORD=5.12687483933405e-06|NORM_2WORD=7.238817261168151e-07
otisla	NORM_1WORD=0.999970555305481|O=2.3400325517286547e-05|NORM_2WORD=5.061119281890569e-06
da	O=0.9999947547912598|NORM_1WORD=4.816885393665871e-06|NORM_2WORD=4.116006380172621e-07
spava	O=0.9997369647026062|NORM_1WORD=0.0002622458559926599|NORM_2WORD=6.931442726454407e-07
a	O=0.9999948740005493|NORM_1WORD=4.366560460766777e-06|NORM_2WORD=6.465958790613513e-07
njena	O=0.9999890327453613|NORM_1WORD=9.994944775826298e-06|NORM_2WORD=7.843943876650883e-07
drugarica	O=0.9999954700469971|NORM_1WORD=3.971169917349471e-06|NORM_2WORD=4.361616277037683e-07
sedi	O=0.9999953508377075|NORM_1WORD=4.04793854613672e-06|NORM_2WORD=4.337052246228268e-07
kod	O=0.9999973773956299|NORM_1WORD=1.971137407963397e-06|NORM_2WORD=4.5297872475202894e-07
mene	O=0.9999959468841553|NORM_1WORD=2.5755832666618517e-06|NORM_2WORD=1.1053807611460797e-06
u	O=0.999995231628418|NORM_1WORD=3.978268978244159e-06|NORM_2WORD=6.154701281957387e-07
sobi	O=0.9999873638153076|NORM_1WORD=1.2160307051090058e-05|NORM_2WORD=3.81664477799859e-07
,	O=0.9999959468841553|NORM_1WORD=2.5167453259200556e-06|NORM_2WORD=1.1669246759993257e-06
pusi	NORM_1WORD=0.9999037981033325|O=9.293234325014055e-05|NORM_2WORD=2.752716909526498e-06
i	O=0.9999954700469971|NORM_1WORD=3.5082873637293233e-06|NORM_2WORD=6.769294600417197e-07
gleda	O=0.999992847442627|NORM_1WORD=6.086489975132281e-06|NORM_2WORD=8.746739013076876e-07
tudje	NORM_1WORD=0.9999743700027466|O=1.995499769691378e-05|NORM_2WORD=4.597977749654092e-06
bolesne	NORM_1WORD=0.9430021047592163|O=0.05698860436677933|NORM_2WORD=8.124189662339631e-06
zivote	NORM_1WORD=0.9999678134918213|O=2.7743033570004627e-05|NORM_2WORD=3.609166697060573e-06
na	O=0.9999773502349854|NORM_1WORD=2.17059459828306e-05|NORM_2WORD=7.181255341492943e-07
tlc	NORM_1WORD=0.8619325757026672|O=0.13805720210075378|NORM_2WORD=8.95712037163321e-06
...	O=0.999993085861206|NORM_1WORD=5.600127224170137e-06|NORM_2WORD=9.738060953168315e-07

-	O=0.9999958276748657|NORM_2WORD=2.1202336029091384e-06|NORM_1WORD=1.3830202760800603e-06
mislite	O=0.999996542930603|NORM_1WORD=2.960809752039495e-06|NORM_2WORD=3.579405358777876e-07
iq	NORM_1WORD=0.9869261980056763|O=0.013035192154347897|NORM_2WORD=3.525358624756336e-05
?	O=0.9999958276748657|NORM_2WORD=1.9967312709923135e-06|NORM_1WORD=1.5957073173922254e-06

prošli	O=0.9999963045120239|NORM_1WORD=3.0235278245527297e-06|NORM_2WORD=5.002930265618488e-07
put	O=0.9999947547912598|NORM_1WORD=4.5538686208601575e-06|NORM_2WORD=4.3493059820320923e-07
sam	O=0.9999983310699463|NORM_1WORD=1.3656198234457406e-06|NORM_2WORD=2.8842191568401176e-07
stajao	O=0.9999967813491821|NORM_1WORD=2.9224449917819584e-06|NORM_2WORD=2.9373362053775054e-07
okružen	O=0.9999970197677612|NORM_1WORD=1.977527290364378e-06|NORM_2WORD=7.513862101404811e-07
old	O=0.9999947547912598|NORM_1WORD=4.174189143668627e-06|NORM_2WORD=8.747890092308808e-07
school	O=0.9999768733978271|NORM_1WORD=2.2069421902415343e-05|NORM_2WORD=8.138208045238571e-07
krajišnicima	O=0.999963641166687|NORM_1WORD=3.580479460651986e-05|NORM_2WORD=4.340158454851917e-07
.	O=0.999996542930603|NORM_1WORD=1.5343553059210535e-06|NORM_2WORD=1.462382783756766e-06

@srkoprivica	O=0.9999977350234985|NORM_1WORD=1.5507582702412037e-06|NORM_2WORD=5.375596288104134e-07
ne	O=0.9999964237213135|NORM_1WORD=2.9261780127853854e-06|NORM_2WORD=4.859182354266522e-07
odustaj	O=0.9999881982803345|NORM_1WORD=1.1546825589903165e-05|NORM_2WORD=2.1968958208162803e-07
sad	O=0.9999977350234985|NORM_1WORD=1.7385334558639443e-06|NORM_2WORD=4.2899040408883593e-07
,	O=0.9999972581863403|NORM_1WORD=1.221534148498904e-06|NORM_2WORD=1.215544784827216e-06
kada	O=0.999997615814209|NORM_1WORD=1.3729995771427639e-06|NORM_2WORD=7.544296067862888e-07
ozbiljno	O=0.999756395816803|NORM_1WORD=0.00024277993361465633|NORM_2WORD=6.930599170118512e-07
sam	O=0.9999960660934448|NORM_1WORD=3.458196260908153e-06|NORM_2WORD=3.7931206975372334e-07
fan	O=0.9999887943267822|NORM_1WORD=1.0029937584477011e-05|NORM_2WORD=9.425422717868059e-07
!	O=0.9999969005584717|NORM_1WORD=1.5912457911326783e-06|NORM_2WORD=1.1899583114427514e-06

ovo	O=0.9996820688247681|NORM_1WORD=0.0003163111978210509|NORM_2WORD=1.425496520823799e-06
kad	O=0.9999967813491821|NORM_1WORD=1.6853559827723075e-06|NORM_2WORD=1.2123188071200275e-06
se	O=0.9999957084655762|NORM_1WORD=3.8556777326448355e-06|NORM_2WORD=3.007747011452011e-07
zoveš	O=0.9999959468841553|NORM_1WORD=3.4041854632960167e-06|NORM_2WORD=5.113868724038184e-07
i	O=0.9999970197677612|NORM_1WORD=2.337425712539698e-06|NORM_2WORD=4.297902762573358e-07
prezivaš	O=0.9999964237213135|NORM_1WORD=3.030239440704463e-06|NORM_2WORD=4.864625680056633e-07
mane	O=0.9652777314186096|NORM_1WORD=0.03471270203590393|NORM_2WORD=8.490721484122332e-06
šakić	O=0.999487042427063|NORM_1WORD=0.0005123205482959747|NORM_2WORD=5.008821517549222e-07
,	O=0.9999929666519165|NORM_1WORD=3.0601936487073544e-06|NORM_2WORD=2.9132036161172437e-06
to	O=0.9999971389770508|NORM_1WORD=2.044584334726096e-06|NORM_2WORD=5.799290079266939e-07
znači	O=0.9999971389770508|NORM_1WORD=2.153869672838482e-06|NORM_2WORD=6.494302056125889e-07
da	O=0.999997615814209|NORM_1WORD=1.7356243233734858e-06|NORM_2WORD=4.339999861713295e-07
ne	O=0.9999966621398926|NORM_1WORD=2.7356288683222374e-06|NORM_2WORD=4.1803855310718063e-07
umeš	O=0.9999902248382568|NORM_1WORD=8.869028533808887e-06|NORM_2WORD=7.129730192900752e-07
da	O=0.9999972581863403|NORM_1WORD=2.1589514744846383e-06|NORM_2WORD=4.2313351400480315e-07
drkaš	O=0.9999915361404419|NORM_1WORD=7.575500603707042e-06|NORM_2WORD=7.401662287520594e-07
,	O=0.999994158744812|NORM_1WORD=3.1345639399660286e-06|NORM_2WORD=1.990803411899833e-06
pa	O=0.9999938011169434|NORM_1WORD=5.397645509219728e-06|NORM_2WORD=5.730149723603972e-07
desnicom	O=0.9999779462814331|NORM_1WORD=2.1612657292280346e-05|NORM_2WORD=3.519033953125472e-07
udaraš	O=0.9999957084655762|NORM_1WORD=3.399499973966158e-06|NORM_2WORD=6.651078479080752e-07
nemoćne	O=0.9999927282333374|NORM_1WORD=6.855635092506418e-06|NORM_2WORD=3.81728398224368e-07
žene	O=0.9999840259552002|NORM_1WORD=1.449029423383763e-05|NORM_2WORD=1.2228886134835193e-06
.	O=0.9999971389770508|NORM_1WORD=1.6085897414086503e-06|NORM_2WORD=1.0074661531689344e-06

ode	O=0.9999845027923584|NORM_1WORD=1.4124872905085795e-05|NORM_2WORD=1.128513872572512e-06
,	O=0.9999970197677612|NORM_1WORD=1.6138369574036915e-06|NORM_2WORD=1.0920246040768689e-06
a	O=0.9999969005584717|NORM_1WORD=1.9313290522404714e-06|NORM_2WORD=9.48796184729872e-07
mene	O=0.9999946355819702|NORM_1WORD=3.7708491618104745e-06|NORM_2WORD=1.2059532537023188e-06
ostavi	O=0.9999912977218628|NORM_1WORD=8.028754564293195e-06|NORM_2WORD=5.949579531261406e-07
sa	O=0.9999973773956299|NORM_1WORD=1.6412727745773736e-06|NORM_2WORD=7.781452495692065e-07
punim	O=0.9999959468841553|NORM_1WORD=3.7406562114483677e-06|NORM_2WORD=2.4761641270742984e-07
bokalom	O=0.999967098236084|NORM_1WORD=3.203748929081485e-05|NORM_2WORD=7.247822964018269e-07
djus	NORM_1WORD=0.9999250173568726|O=5.835881893290207e-05|NORM_2WORD=1.3276781828608364e-05
vodke	O=0.9984695315361023|NORM_1WORD=0.0015272102318704128|NORM_2WORD=2.6326117676944705e-06
.	O=0.9999970197677612|NORM_1WORD=1.6071879826995428e-06|NORM_2WORD=1.026670474857383e-06

dodala	O=0.999992847442627|NORM_1WORD=5.862929810973583e-06|NORM_2WORD=1.0336829063817277e-06
biih	NORM_1WORD=0.7206699848175049|O=0.27931344509124756|NORM_2WORD=1.4677157196274493e-05
tome	O=0.9952136278152466|NORM_1WORD=0.004779066424816847|NORM_2WORD=5.375600721890805e-06
i	O=0.9999911785125732|NORM_1WORD=8.094278200587723e-06|NORM_2WORD=6.505210308205278e-07
ravnodusnost	NORM_1WORD=0.9994924068450928|O=0.0005030767060816288|NORM_2WORD=3.913633463525912e-06
.	O=0.9999963045120239|NORM_1WORD=1.7339161786367185e-06|NORM_2WORD=1.537215439384454e-06

niko	O=0.999997615814209|NORM_1WORD=1.8111085182681563e-06|NORM_2WORD=4.86751844164246e-07
neće	O=0.9999926090240479|NORM_1WORD=6.150991339382017e-06|NORM_2WORD=9.910878588925698e-07
pivo	O=0.9991694688796997|NORM_1WORD=0.0008084789733402431|NORM_2WORD=1.919448004628066e-05
,	O=0.999995231628418|NORM_2WORD=2.0929903712385567e-06|NORM_1WORD=1.9364215404493734e-06
a	O=0.9999966621398926|NORM_1WORD=2.5409799491171725e-06|NORM_2WORD=6.367060905176913e-07
kad	O=0.9999967813491821|NORM_1WORD=1.599610754965397e-06|NORM_2WORD=1.2256970194357564e-06
otvorim	O=0.9999973773956299|NORM_1WORD=2.24548352889542e-06|NORM_2WORD=2.9416634106382844e-07
jedno	O=0.9996740818023682|NORM_1WORD=0.0003129740944132209|NORM_2WORD=1.1184797585883643e-05
,	O=0.9999959468841553|NORM_2WORD=1.924552179843886e-06|NORM_1WORD=1.539155618957011e-06
dolete	O=0.9999722242355347|NORM_1WORD=2.631049028423149e-05|NORM_2WORD=1.2018675761282793e-06
lokalni	O=0.9999709129333496|NORM_1WORD=2.7140255042468198e-05|NORM_2WORD=1.4672876886834274e-06
alkoholičari	O=0.9999904632568359|NORM_1WORD=9.049046639120206e-06|NORM_2WORD=3.5748738014262926e-07
,	O=0.9999953508377075|NORM_2WORD=2.0048494207003387e-06|NORM_1WORD=1.8257861711390433e-06
sva	O=0.9999964237213135|NORM_1WORD=2.840417664629058e-06|NORM_2WORD=5.450346520774474e-07
rodbina	O=0.999996542930603|NORM_1WORD=3.049303586522001e-06|NORM_2WORD=3.5490077721078706e-07
,	O=0.9999963045120239|NORM_1WORD=1.6191373788387864e-06|NORM_2WORD=1.5855308674872504e-06
baba	O=0.999992847442627|NORM_1WORD=6.530348400701769e-06|NORM_2WORD=4.3621122358672437e-07
iz	O=0.9999973773956299|NORM_1WORD=2.214580490544904e-06|NORM_2WORD=3.190418169651821e-07
reklame	O=0.9998892545700073|NORM_1WORD=0.0001049833299475722|NORM_2WORD=4.303134119254537e-06
za	O=0.9999932050704956|NORM_1WORD=6.326789844024461e-06|NORM_2WORD=3.170162869992055e-07
abatel	O=0.997353196144104|NORM_1WORD=0.002640222432091832|NORM_2WORD=5.461196451506112e-06
i	O=0.9999966621398926|NORM_1WORD=2.413560196146136e-06|NORM_2WORD=6.480527190433349e-07
ulete	O=0.9998660087585449|NORM_1WORD=0.00013198722444940358|NORM_2WORD=1.6164534599738545e-06
mi	O=0.9999966621398926|NORM_1WORD=2.8365227535687154e-06|NORM_2WORD=3.6499613997875713e-07
još	O=0.9999957084655762|NORM_1WORD=3.1260933610610664e-06|NORM_2WORD=1.005872036330402e-06
2	O=0.9999862909317017|NORM_1WORD=1.1897386684722733e-05|NORM_2WORD=1.3781107099930523e-06
jehovina	O=0.7010396122932434|NORM_1WORD=0.2989501655101776|NORM_2WORD=9.372517524752766e-06
svedoka	O=0.9999072551727295|NORM_1WORD=9.237228368874639e-05|NORM_2WORD=3.5822239397020894e-07

u	O=0.9999970197677612|NORM_1WORD=2.5445165192650165e-06|NORM_2WORD=3.7900798588452744e-07
svakoj	O=0.9999932050704956|NORM_1WORD=6.4439745983690955e-06|NORM_2WORD=2.3238528967794991e-07
šali	O=0.9999786615371704|NORM_1WORD=1.9503237126627937e-05|NORM_2WORD=1.4399113297258737e-06
ima	O=0.9999949932098389|NORM_1WORD=4.207273832435021e-06|NORM_2WORD=6.396836056410393e-07
malo	O=0.9999947547912598|NORM_1WORD=4.68969938083319e-06|NORM_2WORD=4.0327560668629303e-07
šale	O=0.9999856948852539|NORM_1WORD=1.3644420505443122e-05|NORM_2WORD=5.052648361925094e-07
.	O=0.9999971389770508|NORM_1WORD=1.4444312910200097e-06|NORM_2WORD=1.076840931091283e-06

za	O=0.9999980926513672|NORM_1WORD=1.6474997437398997e-06|NORM_2WORD=2.39569800442041e-07
sada	O=0.9999973773956299|NORM_1WORD=1.9489073110889876e-06|NORM_2WORD=5.17885609951918e-07
izuzetno	O=0.999995231628418|NORM_1WORD=4.066769633936929e-06|NORM_2WORD=6.430735766116413e-07
pozitivno	O=0.9999898672103882|NORM_1WORD=9.081297321245074e-06|NORM_2WORD=8.523074370714312e-07
iskustvo	O=0.9999940395355225|NORM_1WORD=5.0241892495250795e-06|NORM_2WORD=8.002392064554442e-07
sa	O=0.9999972581863403|NORM_1WORD=2.133863972630934e-06|NORM_2WORD=4.5885880695095693e-07
splitom	O=0.9999513626098633|NORM_1WORD=4.8339083150494844e-05|NORM_2WORD=1.8433523507610516e-07
!	O=0.9999969005584717|NORM_1WORD=1.8593473214423284e-06|NORM_2WORD=9.854767313299817e-07

cristina	O=0.9999663829803467|NORM_1WORD=3.264424958615564e-05|NORM_2WORD=8.276542189378233e-07
yang	O=0.9985598921775818|NORM_1WORD=0.0014370637945830822|NORM_2WORD=2.7746023079089355e-06
napušta	O=0.9999947547912598|NORM_1WORD=4.719202934211353e-06|NORM_2WORD=4.849512151849922e-07
seriju	O=0.999976634979248|NORM_1WORD=2.2483975044451654e-05|NORM_2WORD=7.342299568335875e-07
na	O=0.9999977350234985|NORM_1WORD=1.785459858183458e-06|NORM_2WORD=3.418331573357136e-07
kraju	O=0.9999969005584717|NORM_1WORD=2.3298609903577017e-06|NORM_2WORD=5.877763555872662e-07
ove	O=0.999995231628418|NORM_1WORD=4.1301859710074496e-06|NORM_2WORD=5.235125968283683e-07
sezone	O=0.999992847442627|NORM_1WORD=5.864612830919214e-06|NORM_2WORD=9.439530117560935e-07
.	O=0.9999967813491821|NORM_1WORD=1.5155097798924544e-06|NORM_2WORD=1.270041252610099e-06

baci	O=0.999974250793457|NORM_1WORD=2.4313001631526276e-05|NORM_2WORD=1.2297791727178264e-06
sestro	O=0.9999845027923584|NORM_1WORD=1.4906068827258423e-05|NORM_2WORD=5.27833378782816e-07
olovku	O=0.9998471736907959|NORM_1WORD=0.0001519908691989258|NORM_2WORD=6.602764415220008e-07
i	O=0.9999974966049194|NORM_1WORD=1.935698492161464e-06|NORM_2WORD=4.792346430804173e-07
probaj	O=0.9999921321868896|NORM_1WORD=7.430398454744136e-06|NORM_2WORD=3.103389474290452e-07
da	O=0.999997615814209|NORM_1WORD=1.9598633116402198e-06|NORM_2WORD=3.1555777013636543e-07
prodaješ	O=0.9999918937683105|NORM_1WORD=7.394105523417238e-06|NORM_2WORD=6.365002036545775e-07
kokice	O=0.9999728202819824|NORM_1WORD=2.6394447559141554e-05|NORM_2WORD=5.836121772517799e-07
!	O=0.9999951124191284|NORM_1WORD=3.0747216896997998e-06|NORM_2WORD=1.2641060038731666e-06

ukoliko	O=0.9999972581863403|NORM_1WORD=1.7400154774804832e-06|NORM_2WORD=7.205765655271534e-07
niste	O=0.999996542930603|NORM_1WORD=2.5542863113514613e-06|NORM_2WORD=6.116114832366293e-07
plaćeni	O=0.9999921321868896|NORM_1WORD=7.5936172834190074e-06|NORM_2WORD=2.2556807266482792e-07
,	O=0.9999966621398926|NORM_1WORD=1.3832971035299124e-06|NORM_2WORD=1.3763071819994366e-06
onda	O=0.9999969005584717|NORM_1WORD=2.237221224277164e-06|NORM_2WORD=6.40601797385898e-07
je	O=0.9999973773956299|NORM_1WORD=2.357921630391502e-06|NORM_2WORD=2.73457288813006e-07
to	O=0.9999967813491821|NORM_1WORD=2.4309829314006492e-06|NORM_2WORD=5.835448746438487e-07
tužno	O=0.9999954700469971|NORM_1WORD=3.5033287986152573e-06|NORM_2WORD=7.856324373278767e-07
.	O=0.9999971389770508|NORM_1WORD=1.2644569551412133e-06|NORM_2WORD=1.1458101880634786e-06

niko	O=0.9999959468841553|NORM_1WORD=2.9273994641698664e-06|NORM_2WORD=8.965657229964563e-07
.	O=0.9999959468841553|NORM_2WORD=2.094022192977718e-06|NORM_1WORD=1.3738749657932203e-06

kaže	O=0.9999895095825195|NORM_1WORD=7.2905063461803365e-06|NORM_2WORD=2.399744289505179e-06
jovana	O=0.999622106552124|NORM_1WORD=0.00037663616240024567|NORM_2WORD=1.0999910955433734e-06
danas	O=0.9999949932098389|NORM_1WORD=3.7534994135057786e-06|NORM_2WORD=9.743291684571886e-07
plašim	O=0.9999936819076538|NORM_1WORD=5.5412356232409365e-06|NORM_2WORD=5.427902465271472e-07
se	O=0.9999972581863403|NORM_1WORD=2.437635203023092e-06|NORM_2WORD=2.438654576053523e-07
da	O=0.999997615814209|NORM_1WORD=1.7177511608679197e-06|NORM_2WORD=4.806031483894913e-07
odem	O=0.9999960660934448|NORM_1WORD=3.473022843536455e-06|NORM_2WORD=4.0064182371679635e-07
na	O=0.999997615814209|NORM_1WORD=1.7215230627698475e-06|NORM_2WORD=4.86155215639883e-07
depilaciju	O=0.9999802112579346|NORM_1WORD=1.8379183529759757e-05|NORM_2WORD=1.047719251801027e-06
prepona	O=0.9999822378158569|NORM_1WORD=1.64710363605991e-05|NORM_2WORD=9.47677222029597e-07
imam	O=0.9999935626983643|NORM_1WORD=4.322952918300871e-06|NORM_2WORD=1.3810019936499884e-06
osećaj	O=0.9999902248382568|NORM_1WORD=8.927386261348147e-06|NORM_2WORD=7.675083111280401e-07
da	O=0.9999973773956299|NORM_1WORD=2.05020614885143e-06|NORM_2WORD=4.544689602425933e-07
ću	O=0.9999946355819702|NORM_1WORD=3.575293021640391e-06|NORM_2WORD=1.3713703310713754e-06
dobiti	O=0.9999600648880005|NORM_1WORD=3.866116821882315e-05|NORM_2WORD=1.101304633266409e-06
podlive	O=0.9975806474685669|NORM_1WORD=0.0024169867392629385|NORM_2WORD=2.1999589989718515e-06
do	O=0.9999963045120239|NORM_1WORD=2.689924940568744e-06|NORM_2WORD=6.861137080704793e-07
večeras	O=0.9999942779541016|NORM_1WORD=4.90777665618225e-06|NORM_2WORD=5.549168804463989e-07

moci	NORM_1WORD=0.9999697208404541|O=2.5535762688377872e-05|NORM_2WORD=3.8776429391873535e-06
pomoci	NORM_1WORD=0.9998040795326233|O=0.00019257595704402775|NORM_2WORD=2.7382625376048964e-06
prijatelju	O=0.9999854564666748|NORM_1WORD=1.4192224625730887e-05|NORM_2WORD=2.8087504233553773e-07
,	O=0.999994158744812|NORM_1WORD=3.901429863617523e-06|NORM_2WORD=1.4235719163480098e-06
to	O=0.9999899864196777|NORM_1WORD=9.132356353802606e-06|NORM_2WORD=5.751030016654113e-07
je	O=0.9999921321868896|NORM_1WORD=7.5452726377989165e-06|NORM_2WORD=2.2153452050588385e-07
dvostruka	O=0.9999779462814331|NORM_1WORD=2.1395580915850587e-05|NORM_2WORD=5.241480494078132e-07
sreca	NORM_1WORD=0.9988816380500793|O=0.0011152721708640456|NORM_2WORD=2.7855412554345094e-06
:	O=0.9999935626983643|NORM_1WORD=5.142635473021073e-06|NORM_2WORD=9.120661275119346e-07
tvoja	O=0.9993669390678406|NORM_1WORD=0.0006315011996775866|NORM_2WORD=1.3672236036654795e-06
jer	O=0.9999291896820068|NORM_1WORD=6.730219320161268e-05|NORM_2WORD=2.39168321058969e-06
si	O=0.9999867677688599|NORM_1WORD=1.2653022167796735e-05|NORM_2WORD=4.1779208004300017e-07
ucinio	NORM_1WORD=0.9999712705612183|O=2.380591286055278e-05|NORM_2WORD=4.102861566934735e-06
dobro	O=0.998426079750061|NORM_1WORD=0.001570624066516757|NORM_2WORD=2.805396434268914e-06
i	O=0.9999904632568359|NORM_1WORD=8.586499461671337e-06|NORM_2WORD=7.449596637343348e-07
njegova	O=0.9997552037239075|NORM_1WORD=0.00023784102813806385|NORM_2WORD=5.6609305829624645e-06
jer	O=0.9999932050704956|NORM_1WORD=6.180430773383705e-06|NORM_2WORD=4.5168010842644435e-07
je	O=0.9999862909317017|NORM_1WORD=1.3228922398411669e-05|NORM_2WORD=4.102772379610542e-07
problem	O=0.9999597072601318|NORM_1WORD=3.853165981126949e-05|NORM_2WORD=1.166953552456107e-06
resio	NORM_1WORD=0.999968409538269|O=2.6385723685962148e-05|NORM_2WORD=4.449653260962805e-06
.	O=0.9999969005584717|NORM_1WORD=2.026899437623797e-06|NORM_2WORD=8.149850714289641e-07

u	O=0.9999953508377075|NORM_1WORD=3.976793777837884e-06|NORM_2WORD=4.784043312611175e-07
ranoj	O=0.9999942779541016|NORM_1WORD=5.2695509111799765e-06|NORM_2WORD=3.266729891038267e-07
mladosti	O=0.9999868869781494|NORM_1WORD=1.2615322702913545e-05|NORM_2WORD=4.131985065214394e-07
sam	O=0.999996542930603|NORM_1WORD=2.7912524274142925e-06|NORM_2WORD=5.208743800722004e-07
maštala	O=0.9999938011169434|NORM_1WORD=5.65796335649793e-06|NORM_2WORD=4.218150024826173e-07
o	O=0.999997615814209|NORM_1WORD=1.874476765806321e-06|NORM_2WORD=3.9952371366780426e-07
belom	O=0.9999909400939941|NORM_1WORD=8.313804755744059e-06|NORM_2WORD=5.518519969882618e-07
bmw-u	O=0.9999799728393555|NORM_1WORD=1.9006211005034856e-05|NORM_2WORD=7.025236641311494e-07
i	O=0.9999969005584717|NORM_1WORD=2.440162688799319e-06|NORM_2WORD=5.312700182003027e-07
kući	O=0.9999904632568359|NORM_1WORD=7.641303454875015e-06|NORM_2WORD=1.4961266288082697e-06
na	O=0.9999978542327881|NORM_1WORD=1.6659851098665968e-06|NORM_2WORD=3.699758792663488e-07
obali	O=0.9999967813491821|NORM_1WORD=2.9410543902486097e-06|NORM_2WORD=2.0116866039643355e-07
mora	O=0.9999879598617554|NORM_1WORD=1.1632381756498944e-05|NORM_2WORD=3.346218875321938e-07
,	O=0.9999957084655762|NORM_1WORD=2.2500266823044512e-06|NORM_2WORD=1.5190504427664564e-06
a	O=0.9999967813491821|NORM_1WORD=2.2419621927838307e-06|NORM_2WORD=8.131729032356816e-07
sada	O=0.9999974966049194|NORM_1WORD=1.5278750424840837e-06|NORM_2WORD=6.864424335617514e-07
sam	O=0.999997615814209|NORM_1WORD=1.7726756595948245e-06|NORM_2WORD=4.331862157869182e-07
shvatila	O=0.9999974966049194|NORM_1WORD=2.0504469375737244e-06|NORM_2WORD=4.1694082142385014e-07
da	O=0.9999977350234985|NORM_1WORD=1.818783402995905e-06|NORM_2WORD=3.1042031878314447e-07
i	O=0.9999963045120239|NORM_1WORD=3.286195806140313e-06|NORM_2WORD=3.581412215680757e-07
gulaš	O=0.9999908208847046|NORM_1WORD=8.369737770408392e-06|NORM_2WORD=6.437126103264745e-07
sa	O=0.9999979734420776|NORM_1WORD=1.5300980749088922e-06|NORM_2WORD=3.4845430718632997e-07
pireom	O=0.999982476234436|NORM_1WORD=1.7213467799592763e-05|NORM_2WORD=2.0219906105012342e-07
nije	O=0.9999964237213135|NORM_1WORD=2.9132413601473672e-06|NORM_2WORD=4.7076781584109995e-07
loša	O=0.9999934434890747|NORM_1WORD=5.889984549867222e-06|NORM_2WORD=5.363978630157362e-07
stvar	O=0.9999921321868896|NORM_1WORD=7.103245025064098e-06|NORM_2WORD=5.8993674656449e-07
...	O=0.9999960660934448|NORM_1WORD=2.6522218377067475e-06|NORM_2WORD=9.543883834339795e-07

#gladni	O=0.9999581575393677|NORM_1WORD=4.1613788198446855e-05|NORM_2WORD=2.9304376880645577e-07
mozda	NORM_1WORD=0.6616477370262146|O=0.33833467960357666|NORM_2WORD=1.6044265066739172e-05
?	O=0.9999963045120239|NORM_1WORD=1.7690725826469134e-06|NORM_2WORD=1.5280946854545618e-06

@mrdarkod	O=0.9999967813491821|NORM_1WORD=2.647672317834804e-06|NORM_2WORD=4.4290231926424894e-07
@miss_ivanovic	O=0.9999899864196777|NORM_1WORD=9.586183296050876e-06|NORM_2WORD=3.866722693146585e-07
mizerni	O=0.9996912479400635|NORM_1WORD=0.00030791712924838066|NORM_2WORD=7.210791181933018e-07
ste	O=0.9999914169311523|NORM_1WORD=7.98312157712644e-06|NORM_2WORD=4.1827806285255065e-07
oboje	O=0.9999892711639404|NORM_1WORD=9.528718692308757e-06|NORM_2WORD=1.0288306384609314e-06
!	O=0.9999966621398926|NORM_1WORD=2.0973773189325584e-06|NORM_2WORD=9.993148069042945e-07

radulja	O=0.9999610185623169|NORM_1WORD=3.830214336630888e-05|NORM_2WORD=5.618185809908027e-07
lično	O=0.9999946355819702|NORM_1WORD=4.468954102776479e-06|NORM_2WORD=6.988113909756066e-07
:	O=0.999996542930603|NORM_1WORD=1.6981757653411478e-06|NORM_2WORD=1.3184842373448191e-06
rt	O=0.9999822378158569|NORM_1WORD=1.6194751879083924e-05|NORM_2WORD=1.3197472981119063e-06
@mozzartsport	O=0.9999973773956299|NORM_1WORD=1.745420490806282e-06|NORM_2WORD=7.156976948863303e-07
raduljica	O=0.9999955892562866|NORM_1WORD=3.597123168219696e-06|NORM_2WORD=6.237880825210596e-07
:	O=0.9999960660934448|NORM_1WORD=1.967831167348777e-06|NORM_2WORD=1.4727135067005293e-06
do	O=0.9999961853027344|NORM_1WORD=2.860083213818143e-06|NORM_2WORD=6.6720332370096e-07
juče	O=0.9999866485595703|NORM_1WORD=1.1763424481614493e-05|NORM_2WORD=1.2262014479347272e-06
sam	O=0.9999970197677612|NORM_1WORD=2.2310723579721525e-06|NORM_2WORD=5.170011263544438e-07
bio	O=0.999993085861206|NORM_1WORD=5.845166469953256e-06|NORM_2WORD=8.666532380630088e-07
bradati	O=0.9962803721427917|NORM_1WORD=0.0037072491832077503|NORM_2WORD=1.0686604582588188e-05
majmun	O=0.9998874664306641|NORM_1WORD=0.00010899095650529489|NORM_2WORD=2.4865901195880724e-06
i	O=0.9999973773956299|NORM_1WORD=2.1774499145976733e-06|NORM_2WORD=3.480137422684493e-07
splavar	O=0.9997631907463074|NORM_1WORD=0.00023537168453913182|NORM_2WORD=1.1753031685657334e-06
,	O=0.9999939203262329|NORM_1WORD=3.509720500005642e-06|NORM_2WORD=1.8434089952279464e-06
a	O=0.9999949932098389|NORM_1WORD=3.4255197078891797e-06|NORM_2WORD=1.2954056956004933e-06
sad	O=0.9999964237213135|NORM_1WORD=2.499622496543452e-06|NORM_2WORD=8.397883561883646e-07
sam	O=0.999997615814209|NORM_1WORD=1.7776274034986272e-06|NORM_2WORD=4.828874011764128e-07
car	O=0.9999805688858032|NORM_1WORD=1.8520866433391348e-05|NORM_2WORD=8.561731874578982e-07
,	O=0.9999967813491821|NORM_1WORD=1.871647555162781e-06|NORM_2WORD=1.103462523133203e-06
bog	O=0.9999864101409912|NORM_1WORD=1.2225202226545662e-05|NORM_2WORD=1.0896535513893468e-06
,	O=0.9999971389770508|NORM_1WORD=1.5252918501573731e-06|NORM_2WORD=1.0512500239201472e-06
legenda	O=0.999993085861206|NORM_1WORD=5.695986601494951e-06|NORM_2WORD=1.115669419959886e-06

@mdamnjanovic	O=0.9999973773956299|NORM_1WORD=1.4219754120858852e-06|NORM_2WORD=9.32442162593361e-07
@srka1970	O=0.9999977350234985|NORM_1WORD=1.2472427215470816e-06|NORM_2WORD=8.702001537130855e-07
da	O=0.9999922513961792|NORM_1WORD=6.900089829287026e-06|NORM_2WORD=5.660342594637768e-07
,	O=0.9999961853027344|NORM_2WORD=1.7612429701330257e-06|NORM_1WORD=1.300266376347281e-06
tamo	O=0.9999909400939941|NORM_1WORD=6.717350970575353e-06|NORM_2WORD=1.628197878744686e-06
je	O=0.999996542930603|NORM_1WORD=2.8506242415460292e-06|NORM_2WORD=4.2252918319718447e-07
više	O=0.9999966621398926|NORM_1WORD=2.0100726487726206e-06|NORM_2WORD=1.011932795336179e-06
kola	O=0.9999924898147583|NORM_1WORD=6.505582405225141e-06|NORM_2WORD=7.412038485199446e-07
.	O=0.999996542930603|NORM_2WORD=1.6214988818319398e-06|NORM_1WORD=1.3126926887707668e-06

a	O=0.9999920129776001|NORM_1WORD=7.410900707327528e-06|NORM_2WORD=4.678253162637702e-07
naduvana	O=0.999945878982544|NORM_1WORD=5.302195131662302e-05|NORM_2WORD=9.66741708907648e-07
pčela	O=0.9999223947525024|NORM_1WORD=7.612159970449284e-05|NORM_2WORD=1.339709911007958e-06
pokazuje	O=0.9999071359634399|NORM_1WORD=9.108476660912856e-05|NORM_2WORD=1.4920281046215678e-06
van	O=0.9948038458824158|NORM_1WORD=0.005194326397031546|NORM_2WORD=1.5681893046348705e-06
košnice	O=0.9994407296180725|NORM_1WORD=0.0005559874116443098|NORM_2WORD=2.6210716441710247e-06
:	O=0.9999958276748657|NORM_1WORD=2.7199996566196205e-06|NORM_2WORD=1.0635066018949146e-06
the	O=0.9999974966049194|NORM_1WORD=1.6896429997359519e-06|NORM_2WORD=6.039725803930196e-07
truth	O=0.9999852180480957|NORM_1WORD=1.1516658560140058e-05|NORM_2WORD=2.51692722486041e-06
is	O=0.9999949932098389|NORM_1WORD=4.006867129646707e-06|NORM_2WORD=7.421776331284491e-07
out	O=0.9999960660934448|NORM_1WORD=3.042858452317887e-06|NORM_2WORD=6.613686309719924e-07
there	O=0.9999934434890747|NORM_1WORD=4.636559424398001e-06|NORM_2WORD=1.3970779946248513e-06
.	O=0.9999970197677612|NORM_1WORD=1.616221311451227e-06|NORM_2WORD=1.0758286634882097e-06

"	O=0.9999916553497314|NORM_1WORD=6.867451702419203e-06|NORM_2WORD=1.114500264520757e-06
sreća	O=0.9999940395355225|NORM_1WORD=5.268881523079472e-06|NORM_2WORD=6.023242349328939e-07
počiva	O=0.9999914169311523|NORM_1WORD=8.086002708296292e-06|NORM_2WORD=3.435375788285455e-07
na	O=0.9999963045120239|NORM_1WORD=3.1853662676439853e-06|NORM_2WORD=3.4767896295306855e-07
poverenju	O=0.999987006187439|NORM_1WORD=1.272693134524161e-05|NORM_2WORD=2.367169571471095e-07
,	O=0.9999947547912598|NORM_1WORD=2.5270023797929753e-06|NORM_2WORD=1.996921810132335e-06
a	O=0.9999966621398926|NORM_1WORD=2.437861439830158e-06|NORM_2WORD=6.895696174069599e-07
ljubav	O=0.9999780654907227|NORM_1WORD=1.9294306184747256e-05|NORM_2WORD=2.0804372979910113e-06
zahteva	O=0.9999955892562866|NORM_1WORD=3.771982164835208e-06|NORM_2WORD=4.45508788970983e-07
sumnju	O=0.9999340772628784|NORM_1WORD=6.51136870146729e-05|NORM_2WORD=6.631680093960313e-07
i	O=0.999996542930603|NORM_1WORD=3.122761881968472e-06|NORM_2WORD=2.7649636535898026e-07
uznemirenost	O=0.9999884366989136|NORM_1WORD=1.1228603398194537e-05|NORM_2WORD=2.582434603937145e-07
.	O=0.9999958276748657|NORM_1WORD=2.4387641133216675e-06|NORM_2WORD=1.302487589782686e-06

kod	O=0.9999972581863403|NORM_1WORD=1.870440314633015e-06|NORM_2WORD=6.132016778792604e-07
ostalih	O=0.9999963045120239|NORM_1WORD=2.7557823614188237e-06|NORM_2WORD=7.563384087916347e-07
pomaže	O=0.9999878406524658|NORM_1WORD=9.272612260247115e-06|NORM_2WORD=1.933583916979842e-06
samo	O=0.9999969005584717|NORM_1WORD=1.7956666624741047e-06|NORM_2WORD=9.946656973625068e-07
ovo	O=0.9999946355819702|NORM_1WORD=4.207280198897934e-06|NORM_2WORD=7.798079195708851e-07
drugo	O=0.9999933242797852|NORM_1WORD=5.359072019928135e-06|NORM_2WORD=1.0239289167657262e-06
.	O=0.9999964237213135|NORM_2WORD=1.5801090285094688e-06|NORM_1WORD=1.4369559266924625e-06

samo	O=0.9999964237213135|NORM_1WORD=1.9139022242598003e-06|NORM_2WORD=1.16461717425409e-06
ja	O=0.9999972581863403|NORM_1WORD=1.319597117799276e-06|NORM_2WORD=1.0551000286795897e-06
?	O=0.9999957084655762|NORM_2WORD=2.229053052360541e-06|NORM_1WORD=1.407112449669512e-06

pa	O=0.9999969005584717|NORM_1WORD=1.8656527345228824e-06|NORM_2WORD=9.44720568440971e-07
ljubav	O=0.9999959468841553|NORM_1WORD=2.9485192953870865e-06|NORM_2WORD=9.103424076783995e-07
!	O=0.9999958276748657|NORM_2WORD=1.9087590317212744e-06|NORM_1WORD=1.7033485164574813e-06

spisak	O=0.999983549118042|NORM_1WORD=1.5856960089877248e-05|NORM_2WORD=5.026300300414732e-07
je	O=0.9999918937683105|NORM_1WORD=7.672319952689577e-06|NORM_2WORD=3.000501465066918e-07
duzi	NORM_1WORD=0.9996390342712402|O=0.0003572944551706314|NORM_2WORD=3.0745413823751733e-06
,	O=0.9999959468841553|NORM_1WORD=2.3166867322288454e-06|NORM_2WORD=1.2963424751433195e-06
nego	O=0.9999734163284302|NORM_1WORD=2.5954295779229142e-05|NORM_2WORD=5.101001079310663e-07
ja	O=0.9999942779541016|NORM_1WORD=4.909073595626978e-06|NORM_2WORD=7.468347575922962e-07
samo	O=0.999992847442627|NORM_1WORD=4.777067715622252e-06|NORM_2WORD=1.7307746702499571e-06
one	O=0.9999935626983643|NORM_1WORD=5.036410584580153e-06|NORM_2WORD=1.0499137488295673e-06
upecatljive	NORM_1WORD=0.9997938275337219|O=0.00020273210247978568|NORM_2WORD=3.051110979868099e-06
teme	O=0.9997962117195129|NORM_1WORD=0.0002012487530009821|NORM_2WORD=2.019774456130108e-06
,	O=0.9999966621398926|NORM_1WORD=1.7876697029350908e-06|NORM_2WORD=1.1666273849186837e-06
koje	O=0.999993085861206|NORM_1WORD=6.326801212708233e-06|NORM_2WORD=4.2481056539145357e-07
traju	O=0.9999920129776001|NORM_1WORD=7.622798420925392e-06|NORM_2WORD=2.8362703119455546e-07
po	O=0.9999889135360718|NORM_1WORD=1.0329087672289461e-05|NORM_2WORD=5.812653398606926e-07
par	O=0.9999964237213135|NORM_1WORD=2.8065737751603592e-06|NORM_2WORD=6.117607540545578e-07
meseci	O=0.9999948740005493|NORM_1WORD=4.70500708615873e-06|NORM_2WORD=3.418856522330316e-07
,	O=0.9999957084655762|NORM_1WORD=2.24970040108019e-06|NORM_2WORD=1.5509873492192128e-06
dok	O=0.999996542930603|NORM_1WORD=3.010325144714443e-06|NORM_2WORD=3.694831605116633e-07
se	O=0.9999964237213135|NORM_1WORD=3.325678108012653e-06|NORM_2WORD=2.2020215340035065e-07
dzepari	NORM_1WORD=0.9720640778541565|O=0.02793065644800663|NORM_2WORD=4.5053566282149404e-06
ovaj	O=0.9999934434890747|NORM_1WORD=5.860708370164502e-06|NORM_2WORD=4.697788540397596e-07
narod	O=0.9999945163726807|NORM_1WORD=4.547679054667242e-06|NORM_2WORD=7.143713105506322e-07
.	O=0.9999971389770508|NORM_1WORD=1.8435838455843623e-06|NORM_2WORD=8.34247657621745e-07

posle	O=0.9999971389770508|NORM_1WORD=2.232945462310454e-06|NORM_2WORD=4.935758397550671e-07
napornog	O=0.999992847442627|NORM_1WORD=6.544582902279217e-06|NORM_2WORD=4.785847522725817e-07
radnog	O=0.9999909400939941|NORM_1WORD=8.56917722558137e-06|NORM_2WORD=3.848089704661106e-07
dana	O=0.999991774559021|NORM_1WORD=5.708242042601341e-06|NORM_2WORD=1.9421834167587804e-06
,	O=0.9999964237213135|NORM_1WORD=1.7230222510988824e-06|NORM_2WORD=1.427732854608621e-06
najbolje	O=0.9999891519546509|NORM_1WORD=9.88271403912222e-06|NORM_2WORD=7.715291303611593e-07
je	O=0.9999973773956299|NORM_1WORD=2.271720859425841e-06|NORM_2WORD=2.384909407737723e-07
opistiti	O=0.9985281229019165|NORM_1WORD=0.0014697132864966989|NORM_2WORD=1.9791284557868494e-06
se	O=0.999997615814209|NORM_1WORD=2.1150874545128318e-06|NORM_2WORD=2.306231721149743e-07
uz	O=0.9999967813491821|NORM_1WORD=2.4708058390388032e-06|NORM_2WORD=6.042025688657304e-07
klopu	O=0.9993170499801636|NORM_1WORD=0.0006819163681939244|NORM_2WORD=8.619671234555426e-07
i	O=0.9999939203262329|NORM_1WORD=5.0925877985719126e-06|NORM_2WORD=7.165885449467169e-07
ladnog	O=0.9999209642410278|NORM_1WORD=7.809673843439668e-05|NORM_2WORD=6.976858344387438e-07
jelenka	O=0.999964714050293|NORM_1WORD=3.456698323134333e-05|NORM_2WORD=6.536660066558397e-07
.	O=0.9999970197677612|NORM_1WORD=1.7248252106583095e-06|NORM_2WORD=1.0028533097283798e-06

setih	O=0.9999198913574219|NORM_1WORD=7.859321340220049e-05|NORM_2WORD=1.155351014858752e-06
se	O=0.9999972581863403|NORM_1WORD=2.397589696556679e-06|NORM_2WORD=2.625219792662392e-07
kako	O=0.9999945163726807|NORM_1WORD=3.927574653062038e-06|NORM_2WORD=1.1929688525924576e-06
je	O=0.9999933242797852|NORM_1WORD=6.199262315931264e-06|NORM_2WORD=3.601424225507799e-07
prof.	O=0.9997062087059021|NORM_1WORD=0.00028993631713092327|NORM_2WORD=3.231134087400278e-06
filozofije	O=0.9998148083686829|NORM_1WORD=0.00018307389109395444|NORM_2WORD=1.7073674598577782e-06
u	O=0.9999947547912598|NORM_1WORD=4.469010036700638e-06|NORM_2WORD=6.161475880617218e-07
srednjoj	O=0.9999821186065674|NORM_1WORD=1.7558106264914386e-05|NORM_2WORD=2.275197346079949e-07
govorio	O=0.9999797344207764|NORM_1WORD=1.9135208276566118e-05|NORM_2WORD=8.233589028350252e-07
djacima	NORM_1WORD=0.9999634027481079|O=3.084905620198697e-05|NORM_2WORD=4.861406978307059e-06
na	O=0.9999972581863403|NORM_1WORD=2.0666011550929397e-06|NORM_2WORD=4.5533221282312297e-07
odmoru	O=0.9999905824661255|NORM_1WORD=8.918003914004657e-06|NORM_2WORD=3.375712935849151e-07
:	O=0.9999926090240479|NORM_1WORD=5.338093615137041e-06|NORM_2WORD=1.5672235349484254e-06
izadjite	NORM_1WORD=0.9999256134033203|O=7.008701504673809e-05|NORM_2WORD=3.523435225361027e-06
napolje	O=0.9999867677688599|NORM_1WORD=1.246786086994689e-05|NORM_2WORD=6.202766940077709e-07
,	O=0.9999946355819702|NORM_1WORD=2.5530566745146643e-06|NORM_2WORD=2.0669585865107365e-06
da	O=0.9999964237213135|NORM_1WORD=2.4854953153408132e-06|NORM_2WORD=8.289698598673567e-07
nam	O=0.9999969005584717|NORM_1WORD=2.485769073246047e-06|NORM_2WORD=5.181264555176313e-07
ulica	O=0.9999943971633911|NORM_1WORD=5.151042842044262e-06|NORM_2WORD=3.4470301102373924e-07
bude	O=0.999984622001648|NORM_1WORD=1.3507685252989177e-05|NORM_2WORD=1.3087845900372486e-06
lepsa	NORM_1WORD=0.9092561602592468|O=0.09071498364210129|NORM_2WORD=2.5234012355213054e-05
,	O=0.9999960660934448|NORM_2WORD=1.7113273997892975e-06|NORM_1WORD=1.6808669442980317e-06
a	O=0.9999939203262329|NORM_1WORD=5.18574552188511e-06|NORM_2WORD=7.507764507863612e-07
skola	O=0.9311155676841736|NORM_1WORD=0.06887202709913254|NORM_2WORD=1.1110877494502347e-05
pametnija	O=0.9998733997344971|NORM_1WORD=0.00012590894766617566|NORM_2WORD=6.058878057046968e-07
.	O=0.9999967813491821|NORM_1WORD=1.8419768821331672e-06|NORM_2WORD=1.0811994570758543e-06

mmmm	O=0.9999731779098511|NORM_1WORD=2.537737054808531e-05|NORM_2WORD=1.1345040320520638e-06
a	O=0.9999849796295166|NORM_1WORD=1.4337316315504722e-05|NORM_2WORD=5.925984964960662e-07
da	O=0.9999961853027344|NORM_1WORD=3.371775846972014e-06|NORM_2WORD=3.763509539567167e-07
je	O=0.9999897480010986|NORM_1WORD=9.857898476184346e-06|NORM_2WORD=3.901049581145344e-07
prevarila	O=0.9999927282333374|NORM_1WORD=6.622226010222221e-06|NORM_2WORD=4.837156097892148e-07
boškića	O=0.9999840259552002|NORM_1WORD=1.5443987649632618e-05|NORM_2WORD=5.069987309980206e-07
ti	O=0.9999912977218628|NORM_1WORD=7.789717528794426e-06|NORM_2WORD=6.75604553634912e-07
bi	O=0.9998718500137329|NORM_1WORD=0.00012766571308020502|NORM_2WORD=4.114331204618793e-07
mu	O=0.9999953508377075|NORM_1WORD=4.123385679122293e-06|NORM_2WORD=3.9574476318193774e-07
oprostila	O=0.9999946355819702|NORM_1WORD=4.817496119358111e-06|NORM_2WORD=4.3773098923338694e-07
?	O=0.9999973773956299|NORM_1WORD=1.4197667042026296e-06|NORM_2WORD=9.678514061306487e-07

@mango_on_diet	O=0.9999971389770508|NORM_1WORD=1.801533358047891e-06|NORM_2WORD=9.649830872149323e-07
zavisi	O=0.9999892711639404|NORM_1WORD=9.43698159971973e-06|NORM_2WORD=9.534967375657288e-07
ko	O=0.9999967813491821|NORM_1WORD=2.699285460039391e-06|NORM_2WORD=4.804808781955217e-07
sta	NORM_1WORD=0.9999613761901855|NORM_2WORD=2.230015343229752e-05|O=1.0019940418715123e-05
voli	O=0.9999878406524658|NORM_1WORD=1.0217894669040106e-05|NORM_2WORD=1.399702796334168e-06
.	O=0.9999963045120239|NORM_2WORD=1.6716323898435803e-06|NORM_1WORD=1.6251457282123738e-06

@uopstenijefrka	O=0.9999977350234985|NORM_1WORD=1.736795070428343e-06|NORM_2WORD=4.791405672222027e-07
ušao	O=0.9999955892562866|NORM_1WORD=3.2587017813057173e-06|NORM_2WORD=8.898282999325602e-07
je	O=0.9999890327453613|NORM_1WORD=1.0549460057518445e-05|NORM_2WORD=3.589681512039533e-07
u	O=0.9999958276748657|NORM_1WORD=3.5346142794878688e-06|NORM_2WORD=4.999036491426523e-07
pekaru	O=0.999947190284729|NORM_1WORD=5.159907595952973e-05|NORM_2WORD=8.532095421287522e-07
,	O=0.9999970197677612|NORM_2WORD=1.29541933802102e-06|NORM_1WORD=1.2620354254977428e-06
verovatno	O=0.9999942779541016|NORM_1WORD=5.265522304398473e-06|NORM_2WORD=3.858848174331797e-07
se	O=0.9999971389770508|NORM_1WORD=2.5790839117689757e-06|NORM_2WORD=2.3798740755864856e-07
setio	O=0.9999897480010986|NORM_1WORD=9.195145139528904e-06|NORM_2WORD=8.578516599300201e-07
opet	O=0.9999959468841553|NORM_1WORD=3.5758907870331313e-06|NORM_2WORD=4.1621353830123553e-07
sperme	O=0.9999387264251709|NORM_1WORD=6.0267535445746034e-05|NORM_2WORD=6.868440891594219e-07
i	O=0.999997615814209|NORM_1WORD=1.93131563719362e-06|NORM_2WORD=3.500973662085016e-07
izašao	O=0.999996542930603|NORM_1WORD=2.6685011107474566e-06|NORM_2WORD=6.075942451388983e-07
praznih	O=0.9999881982803345|NORM_1WORD=1.1471661309769843e-05|NORM_2WORD=1.9608198442711e-07
ruku	O=0.9999904632568359|NORM_1WORD=9.10766812012298e-06|NORM_2WORD=3.4340953902756155e-07
.	O=0.9999967813491821|NORM_1WORD=1.4717288649990223e-06|NORM_2WORD=1.310609036409005e-06

ma	O=0.9999960660934448|NORM_1WORD=3.152951194351772e-06|NORM_2WORD=5.999474410600669e-07
,	O=0.9999953508377075|NORM_2WORD=2.347223926335573e-06|NORM_1WORD=1.6132217979247798e-06
m'rš	O=0.7890307307243347|NORM_1WORD=0.21091990172863007|NORM_2WORD=4.293236997909844e-05
!	O=0.999995231628418|NORM_2WORD=2.1836547148268437e-06|NORM_1WORD=2.066421757263015e-06

pa	O=0.9999974966049194|NORM_1WORD=1.957053882506443e-06|NORM_2WORD=4.1562199726286053e-07
da	O=0.9999936819076538|NORM_1WORD=5.743824203818804e-06|NORM_2WORD=5.240353289082123e-07
li	O=0.9999953508377075|NORM_1WORD=3.9134743019531015e-06|NORM_2WORD=5.891504315513885e-07
taj	O=0.9999963045120239|NORM_1WORD=3.242389084334718e-06|NORM_2WORD=3.560061259122449e-07
račun	O=0.999967098236084|NORM_1WORD=3.141896740999073e-05|NORM_2WORD=9.851053164311452e-07
kucka	O=0.9994565844535828|NORM_1WORD=0.00053997035138309|NORM_2WORD=2.7866394702869e-06
neki	O=0.9999901056289673|NORM_1WORD=9.292100003222004e-06|NORM_2WORD=4.85226109958603e-07
ćata	O=0.9985016584396362|NORM_1WORD=0.001490417867898941|NORM_2WORD=6.425360879802611e-06
u	O=0.9999961853027344|NORM_1WORD=3.2220384582615225e-06|NORM_2WORD=5.248108436717303e-07
podrumu	O=0.9999731779098511|NORM_1WORD=2.624575972731691e-05|NORM_2WORD=4.3124944681949273e-07
na	O=0.9999904632568359|NORM_1WORD=8.702615559741389e-06|NORM_2WORD=6.369693323904357e-07
pisaćoj	O=0.9680919647216797|NORM_1WORD=0.03189047425985336|NORM_2WORD=1.587787119206041e-05
?	O=0.9999967813491821|NORM_1WORD=1.910921128001064e-06|NORM_2WORD=9.385618682244967e-07

mislim	O=0.9999961853027344|NORM_1WORD=2.64265327132307e-06|NORM_2WORD=6.720388228131924e-07
,	O=0.9999960660934448|NORM_2WORD=2.0280638182157418e-06|NORM_1WORD=1.2658008472499205e-06
može	O=0.9999587535858154|NORM_1WORD=3.377734174137004e-05|NORM_2WORD=6.209153980307747e-06
,	O=0.9999940395355225|NORM_2WORD=3.042806156372535e-06|NORM_1WORD=1.8194914446212351e-06
al	NORM_1WORD=0.9754769206047058|O=0.02430173009634018|NORM_2WORD=0.00017647001368459314
ne	O=0.9999983310699463|NORM_1WORD=1.085728968064359e-06|NORM_2WORD=5.171941666048951e-07
valja	O=0.9999969005584717|NORM_1WORD=2.183991455240175e-06|NORM_2WORD=7.400735171358974e-07
.	O=0.9999959468841553|NORM_2WORD=2.0149213924014475e-06|NORM_1WORD=1.37642825848161e-06

kako	O=0.9999877214431763|NORM_1WORD=1.0879173714783974e-05|NORM_2WORD=1.088360932044452e-06
da	O=0.9999974966049194|NORM_1WORD=1.8631504872246296e-06|NORM_2WORD=5.253132826510409e-07
operem	O=0.9999918937683105|NORM_1WORD=7.2546667979622725e-06|NORM_2WORD=6.501697953353869e-07
kosu	O=0.9998617172241211|NORM_1WORD=0.0001377216394757852|NORM_2WORD=4.510753512931842e-07
sad	O=0.9999964237213135|NORM_1WORD=2.8156159714853857e-06|NORM_2WORD=5.439862320599786e-07
nakon	O=0.9999974966049194|NORM_1WORD=1.4725231949341833e-06|NORM_2WORD=6.859274890302913e-07
sto	NORM_1WORD=0.9999034404754639|O=9.248546848539263e-05|NORM_2WORD=3.107294560322771e-06
sam	O=0.9999964237213135|NORM_1WORD=3.1051363293954637e-06|NORM_2WORD=4.023830513233406e-07
se	O=0.9999960660934448|NORM_1WORD=3.599293677325477e-06|NORM_2WORD=2.6496266514186573e-07
posvadjala	NORM_1WORD=0.9965696334838867|O=0.0034219822846353054|NORM_2WORD=7.556370746897301e-06
s	O=0.9999960660934448|NORM_1WORD=3.1468052839045413e-06|NORM_2WORD=6.08684331382392e-07
kevom	O=0.9999399185180664|NORM_1WORD=5.885506107006222e-05|NORM_2WORD=9.331064347861684e-07
,	O=0.9999936819076538|NORM_1WORD=3.982632279075915e-06|NORM_2WORD=1.6881385818123817e-06
a	O=0.9999939203262329|NORM_1WORD=5.027745373809012e-06|NORM_2WORD=7.866823352742358e-07
da	O=0.9999971389770508|NORM_1WORD=2.239279410787276e-06|NORM_2WORD=5.235256139712874e-07
nemam	O=0.9999969005584717|NORM_1WORD=2.6154764327657176e-06|NORM_2WORD=3.810600048836932e-07
strah	O=0.9999934434890747|NORM_1WORD=5.39515849595773e-06|NORM_2WORD=8.828503155200451e-07
da	O=0.9999973773956299|NORM_1WORD=2.2936380901228404e-06|NORM_2WORD=2.40959110442418e-07
ce	NORM_1WORD=0.9999613761901855|O=3.408949123695493e-05|NORM_2WORD=3.7797317418153398e-06
mi	O=0.999995231628418|NORM_1WORD=4.134804839850403e-06|NORM_2WORD=4.3756224954449863e-07
ubaciti	NORM_1WORD=0.6082983613014221|O=0.3916916251182556|NORM_2WORD=9.114076419791672e-06
fen	O=0.9926756024360657|NORM_1WORD=0.007319959346204996|NORM_2WORD=3.8025243611627957e-06
.	O=0.9999966621398926|NORM_1WORD=2.0763493466802174e-06|NORM_2WORD=9.590888794264174e-07

idalje	O=0.9999839067459106|NORM_1WORD=1.5654657545383088e-05|NORM_2WORD=3.970107229633868e-07
ne	O=0.9999960660934448|NORM_1WORD=3.30841453433095e-06|NORM_2WORD=4.264911694917828e-07
razumem	O=0.9999961853027344|NORM_1WORD=3.3338001230731606e-06|NORM_2WORD=3.3060854320865474e-07
kako	O=0.9999856948852539|NORM_1WORD=1.2445287211448886e-05|NORM_2WORD=1.285103166992485e-06
se	O=0.9999960660934448|NORM_1WORD=3.587949549910263e-06|NORM_2WORD=2.337498017368489e-07
od	O=0.9999960660934448|NORM_1WORD=3.619147037170478e-06|NORM_2WORD=1.8955759628624946e-07
ovolike	O=0.999991774559021|NORM_1WORD=7.5685479714593384e-06|NORM_2WORD=4.753383109346032e-07
zaljubljenosti	O=0.9999728202819824|NORM_1WORD=2.652758666954469e-05|NORM_2WORD=4.6356348093468114e-07
još	O=0.9999967813491821|NORM_1WORD=2.4313724225066835e-06|NORM_2WORD=5.476493925016257e-07
uvek	O=0.9999963045120239|NORM_1WORD=3.375872211108799e-06|NORM_2WORD=2.69555016529921e-07
nisam	O=0.9999949932098389|NORM_1WORD=4.1224998312827665e-06|NORM_2WORD=5.892524654882436e-07
pretvorila	O=0.9999939203262329|NORM_1WORD=5.573885118792532e-06|NORM_2WORD=3.847206073714915e-07
u	O=0.9999967813491821|NORM_1WORD=2.744780886132503e-06|NORM_2WORD=3.0218703273021674e-07
jednu	O=0.9999969005584717|NORM_1WORD=2.273724703627522e-06|NORM_2WORD=6.451909371207876e-07
džinovsku	O=0.9997685551643372|NORM_1WORD=0.0002307911345269531|NORM_2WORD=5.171828547645418e-07
papuču	O=0.9999717473983765|NORM_1WORD=2.7081507141701877e-05|NORM_2WORD=8.635655603939085e-07
.	O=0.9999972581863403|NORM_1WORD=1.533241857032408e-06|NORM_2WORD=9.427552640772774e-07

sada	O=0.9999973773956299|NORM_1WORD=1.6558674360567238e-06|NORM_2WORD=7.392717407128657e-07
bi	O=0.9789526462554932|NORM_1WORD=0.021042559295892715|NORM_2WORD=4.242735030857148e-06
se	O=0.9999972581863403|NORM_1WORD=2.4766550268395804e-06|NORM_2WORD=2.4695944489394606e-07
dobrovoljno	O=0.9999854564666748|NORM_1WORD=1.4124577319307718e-05|NORM_2WORD=3.3779625141505676e-07
javila	O=0.9999932050704956|NORM_1WORD=6.335611033136956e-06|NORM_2WORD=3.7534908869929495e-07
da	O=0.999997615814209|NORM_1WORD=1.979424723685952e-06|NORM_2WORD=3.526221519223327e-07
isključi	O=0.9999148845672607|NORM_1WORD=8.120881102513522e-05|NORM_2WORD=3.1145721095526824e-06
prekidač	O=0.99997878074646|NORM_1WORD=2.019920793827623e-05|NORM_2WORD=8.27827079774579e-07
.	O=0.9999964237213135|NORM_1WORD=1.6271961840175209e-06|NORM_2WORD=1.4199791849023313e-06

pa	O=0.9999938011169434|NORM_1WORD=5.9179642448725644e-06|NORM_2WORD=2.392961562236451e-07
zaboga	O=0.9934210181236267|NORM_1WORD=0.006576985120773315|NORM_2WORD=1.860123802543967e-06
vi	O=0.9999921321868896|NORM_1WORD=7.605002338095801e-06|NORM_2WORD=2.806308430081117e-07
tvitujete	O=0.9986648559570312|NORM_1WORD=0.0013341465964913368|NORM_2WORD=7.740086402918678e-07
o	O=0.9999929666519165|NORM_1WORD=6.796605703129899e-06|NORM_2WORD=1.8279796165643347e-07
burecima	O=0.9076387882232666|NORM_1WORD=0.09235844016075134|NORM_2WORD=2.5309170723630814e-06
i	O=0.9999958276748657|NORM_1WORD=3.717302433869918e-06|NORM_2WORD=3.9030160792208335e-07
jednorozima	NORM_1WORD=0.9899635910987854|O=0.010032858699560165|NORM_2WORD=3.2020077469496755e-06
.	O=0.9999970197677612|NORM_1WORD=1.6711999251128873e-06|NORM_2WORD=1.082093149307184e-06

navodno	O=0.9999778270721436|NORM_1WORD=2.045780638582073e-05|NORM_2WORD=1.3094748965158942e-06
osuđuju	O=0.9999887943267822|NORM_1WORD=1.0694157936086413e-05|NORM_2WORD=3.2749940714893455e-07
manipulaciju	O=0.9999821186065674|NORM_1WORD=1.6709685951354913e-05|NORM_2WORD=8.663461699143227e-07
,	O=0.9999960660934448|NORM_1WORD=2.2181225176609587e-06|NORM_2WORD=1.32844184008718e-06
ali	O=0.9999971389770508|NORM_1WORD=2.082775836242945e-06|NORM_2WORD=5.616985276901687e-07
samo	O=0.9999980926513672|NORM_1WORD=1.4672015140604344e-06|NORM_2WORD=4.110269458124094e-07
kada	O=0.9999978542327881|NORM_1WORD=1.147502757703478e-06|NORM_2WORD=6.931969096513058e-07
nemaju	O=0.9999964237213135|NORM_1WORD=2.7299283829052e-06|NORM_2WORD=5.845996611242299e-07
koristi	O=0.9999673366546631|NORM_1WORD=2.8269325412111357e-05|NORM_2WORD=3.0104699817457004e-06
.	O=0.9999971389770508|NORM_1WORD=1.6509583247170667e-06|NORM_2WORD=9.334295896223921e-07

zamišljam	O=0.9999730587005615|NORM_1WORD=2.6251262170262635e-05|NORM_2WORD=5.698091740669042e-07
kako	O=0.999994158744812|NORM_1WORD=4.2582241803756915e-06|NORM_2WORD=1.233750822393631e-06
uzimam	O=0.9999938011169434|NORM_1WORD=5.1014922064496204e-06|NORM_2WORD=8.260288382189174e-07
sačmaru	O=0.9995614886283875|NORM_1WORD=0.00043780941632576287|NORM_2WORD=5.669782012773794e-07
i	O=0.9999967813491821|NORM_1WORD=2.761213636404136e-06|NORM_2WORD=3.5051431268584565e-07
gadjam	NORM_1WORD=0.9970930814743042|O=0.0028879011515527964|NORM_2WORD=1.7110418411903083e-05
ovog	O=0.9999910593032837|NORM_1WORD=7.796174031682312e-06|NORM_2WORD=9.388787702846457e-07
komšiju	O=0.9999797344207764|NORM_1WORD=1.988729854929261e-05|NORM_2WORD=3.130089964997751e-07
što	O=0.9999958276748657|NORM_1WORD=3.1773827231518226e-06|NORM_2WORD=7.294714805539115e-07
se	O=0.9999953508377075|NORM_1WORD=4.225635620969115e-06|NORM_2WORD=3.9743349589116406e-07
dere	O=0.9998716115951538|NORM_1WORD=0.00012646395771298558|NORM_2WORD=1.4307739775176742e-06
po	O=0.9999970197677612|NORM_1WORD=2.3089032765710726e-06|NORM_2WORD=4.903043873127899e-07
ceo	O=0.9999945163726807|NORM_1WORD=4.649818038160447e-06|NORM_2WORD=6.312234290817287e-07
dan	O=0.9999927282333374|NORM_1WORD=5.5517775763291866e-06|NORM_2WORD=1.1855854609166272e-06
na	O=0.9999972581863403|NORM_1WORD=2.330408506168169e-06|NORM_2WORD=3.931570233817183e-07
ulici	O=0.9999812841415405|NORM_1WORD=1.7906169887282886e-05|NORM_2WORD=5.887028464712785e-07
direkt	O=0.9999505281448364|NORM_1WORD=4.823032213607803e-05|NORM_2WORD=9.251584174307936e-07
u	O=0.9999921321868896|NORM_1WORD=7.599246600875631e-06|NORM_2WORD=2.963074621220585e-07
dupe	O=0.9997404217720032|NORM_1WORD=0.0002586569171398878|NORM_2WORD=7.548241569566017e-07
.	O=0.9999969005584717|NORM_1WORD=1.7634157529755612e-06|NORM_2WORD=1.0609386436044588e-06

@jovankg	O=0.9999963045120239|NORM_2WORD=1.8025697272605612e-06|NORM_1WORD=1.5643876167814597e-06
hahahah	O=0.9999890327453613|NORM_1WORD=9.36049491429003e-06|NORM_2WORD=1.2575980008477927e-06
.	O=0.9999942779541016|NORM_2WORD=2.799259391395026e-06|NORM_1WORD=2.169210574720637e-06

nikad	O=0.9999822378158569|NORM_1WORD=1.714190875645727e-05|NORM_2WORD=5.185152645026392e-07
mi	O=0.9999881982803345|NORM_1WORD=1.1199681466678157e-05|NORM_2WORD=4.3864122289960505e-07
nece	NORM_1WORD=0.9999732971191406|O=2.0719124222523533e-05|NORM_2WORD=5.059192972112214e-06
biti	O=0.9999641180038452|NORM_1WORD=3.475736593827605e-05|NORM_2WORD=8.545790706193657e-07
jasni	O=0.9995574355125427|NORM_1WORD=0.00044123889529146254|NORM_2WORD=1.1080658168793889e-06
ljudi	O=0.999046266078949|NORM_1WORD=0.0009408434852957726|NORM_2WORD=9.000079444376752e-06
koji	O=0.9999593496322632|NORM_1WORD=3.997946987510659e-05|NORM_2WORD=5.325486540641577e-07
su	O=0.999943733215332|NORM_1WORD=5.5451164371334016e-05|NORM_2WORD=5.728764449486334e-07
u	O=0.9999839067459106|NORM_1WORD=1.5484290997846983e-05|NORM_2WORD=4.7673418634985865e-07
fazonu	O=0.9999297857284546|NORM_1WORD=6.949991075089201e-05|NORM_2WORD=5.121084427628375e-07
"	O=0.9999899864196777|NORM_1WORD=7.783454748278018e-06|NORM_2WORD=1.820799980123411e-06
ne	O=0.999929666519165|NORM_1WORD=6.83758407831192e-05|NORM_2WORD=1.3176733091313508e-06
treba	O=0.9999330043792725|NORM_1WORD=6.139259494375437e-05|NORM_2WORD=3.9738547457091045e-06
mi	O=0.9999947547912598|NORM_1WORD=4.92425397169427e-06|NORM_2WORD=2.573560777818784e-07
alkohol	O=0.9999037981033325|NORM_1WORD=9.115729335462674e-05|NORM_2WORD=3.6892938624077942e-06
i	O=0.9999756813049316|NORM_1WORD=2.378595672780648e-05|NORM_2WORD=3.9203584378810774e-07
ovako	O=0.9998875856399536|NORM_1WORD=0.00011046781582990661|NORM_2WORD=1.4311543736766907e-06
sam	O=0.9999912977218628|NORM_1WORD=8.199406693165656e-06|NORM_2WORD=3.232836718325416e-07
lud	O=0.9997915625572205|NORM_1WORD=0.000202980445465073|NORM_2WORD=3.6816154533880763e-06
"	O=0.99997878074646|NORM_1WORD=1.891898864414543e-05|NORM_2WORD=1.840682784859382e-06
ili	O=0.9950272440910339|NORM_1WORD=0.0049618142656981945|NORM_2WORD=7.725522664259188e-06
"	O=0.9999920129776001|NORM_1WORD=5.6848066378734075e-06|NORM_2WORD=1.619048475731688e-06
kol'ko	NORM_1WORD=0.9529150128364563|O=0.04703953489661217|NORM_2WORD=3.589367406675592e-05
smo	O=0.9999831914901733|NORM_1WORD=1.5935178453219123e-05|NORM_2WORD=6.474151632573921e-07
ludi	O=0.9998494386672974|NORM_1WORD=0.00013936035975348204|NORM_2WORD=7.598103366035502e-06
"	O=0.9999887943267822|NORM_1WORD=9.963404409063514e-06|NORM_2WORD=9.712671271699946e-07
za	O=0.9999895095825195|NORM_1WORD=9.97121514956234e-06|NORM_2WORD=3.612783245898754e-07
mene	O=0.9999887943267822|NORM_1WORD=1.0018256944022141e-05|NORM_2WORD=7.82583754244115e-07
je	O=0.9999916553497314|NORM_1WORD=8.234900633397046e-06|NORM_2WORD=1.7338494728846854e-07
to	O=0.9999493360519409|NORM_1WORD=4.896217797067948e-05|NORM_2WORD=1.182308324132464e-06
vrh	O=0.9999798536300659|NORM_1WORD=1.889866871351842e-05|NORM_2WORD=8.863477773957129e-07
debilizma	O=0.9999285936355591|NORM_1WORD=7.090967119438574e-05|NORM_2WORD=3.0981979648458946e-07
.	O=0.9999964237213135|NORM_1WORD=2.613961669339915e-06|NORM_2WORD=6.733810664627526e-07

okačim	O=0.9999927282333374|NORM_1WORD=6.4516766542510595e-06|NORM_2WORD=5.513632004294777e-07
ekv	O=0.9998942613601685|NORM_1WORD=0.00010434295836603269|NORM_2WORD=1.135361571868998e-06
na	O=0.9999971389770508|NORM_1WORD=2.4334121917490847e-06|NORM_2WORD=3.0368590842044796e-07
fb	O=0.9999866485595703|NORM_1WORD=1.1623251339187846e-05|NORM_2WORD=1.3013196848987718e-06
imam	O=0.9999943971633911|NORM_1WORD=4.252126018400304e-06|NORM_2WORD=9.287881539421505e-07
lajkova	O=0.9998632669448853|NORM_1WORD=0.00013592744653578848|NORM_2WORD=7.728929745098867e-07
kao	O=0.9999727010726929|NORM_1WORD=2.0536243027891032e-05|NORM_2WORD=5.794380285806255e-06
da	O=0.9999967813491821|NORM_1WORD=2.7014950774173485e-06|NORM_2WORD=4.2989921666958253e-07
sam	O=0.9999978542327881|NORM_1WORD=1.655329924687976e-06|NORM_2WORD=3.676817925679643e-07
anastasija	O=0.9999938011169434|NORM_1WORD=5.237538516666973e-06|NORM_2WORD=7.777692871968611e-07
ražnatović	O=0.9999898672103882|NORM_1WORD=9.882965969154611e-06|NORM_2WORD=2.1171044295442698e-07
.	O=0.9999969005584717|NORM_1WORD=1.7923474615599844e-06|NORM_2WORD=9.938672747011879e-07

to	O=0.9999395608901978|NORM_1WORD=5.926654557697475e-05|NORM_2WORD=8.132713560371485e-07
kad	O=0.9999970197677612|NORM_1WORD=1.721282274047553e-06|NORM_2WORD=9.547361514705699e-07
ne	O=0.9999957084655762|NORM_1WORD=3.7202528346824693e-06|NORM_2WORD=4.107297684186051e-07
odreagujem	O=0.9999680519104004|NORM_1WORD=3.16761143039912e-05|NORM_2WORD=2.5694060923342477e-07
na	O=0.9999932050704956|NORM_1WORD=6.484445748355938e-06|NORM_2WORD=2.73640864634217e-07
pojedine	O=0.9999508857727051|NORM_1WORD=4.847312084166333e-05|NORM_2WORD=4.42890041085775e-07
stvari	O=0.9996401071548462|NORM_1WORD=0.00034431941458024085|NORM_2WORD=9.644551028031856e-06
,	O=0.9999959468841553|NORM_1WORD=2.119501914421562e-06|NORM_2WORD=1.3899343684897758e-06
ne	O=0.9999960660934448|NORM_1WORD=3.608284487199853e-06|NORM_2WORD=2.9111450317031995e-07
znači	O=0.9999958276748657|NORM_1WORD=3.662474682641914e-06|NORM_2WORD=3.7206623915153614e-07
da	O=0.9999970197677612|NORM_1WORD=2.6505781534069683e-06|NORM_2WORD=2.2860976400806976e-07
ih	O=0.9999595880508423|NORM_1WORD=3.895519330399111e-05|NORM_2WORD=1.0486633073014673e-06
nisam	O=0.9999943971633911|NORM_1WORD=4.985111445421353e-06|NORM_2WORD=4.5755177779938094e-07
svesna	NORM_1WORD=0.5574331879615784|O=0.44254979491233826|NORM_2WORD=1.4690952411910985e-05
,	O=0.9999961853027344|NORM_1WORD=2.149462034140015e-06|NORM_2WORD=1.2293183999645407e-06
nego	O=0.9999951124191284|NORM_1WORD=4.3590302993834484e-06|NORM_2WORD=3.8712954619768425e-07
da	O=0.9999977350234985|NORM_1WORD=1.9951476133428514e-06|NORM_2WORD=2.714892559652071e-07
me	O=0.9999974966049194|NORM_1WORD=2.065687567665009e-06|NORM_2WORD=3.3018423550856824e-07
totalno	O=0.9999953508377075|NORM_1WORD=4.29582041761023e-06|NORM_2WORD=2.450058218528284e-07
boli	O=0.9999939203262329|NORM_1WORD=5.486110239871778e-06|NORM_2WORD=4.883029305347009e-07
uvo	O=0.999981164932251|NORM_1WORD=1.8597233065520413e-05|NORM_2WORD=2.0576248971337918e-07
.	O=0.9999971389770508|NORM_1WORD=1.6489946119691012e-06|NORM_2WORD=9.434369303562562e-07

nisko	O=0.9984979629516602|NORM_1WORD=0.0015011767391115427|NORM_2WORD=7.599003311042907e-07
je	O=0.9999889135360718|NORM_1WORD=1.0933710655081086e-05|NORM_2WORD=1.4140894677439064e-07
prepucavati	O=0.9987298846244812|NORM_1WORD=0.0012693569296970963|NORM_2WORD=6.553759135385917e-07
se	O=0.999995231628418|NORM_1WORD=4.593331595970085e-06|NORM_2WORD=1.4151129335004953e-07
na	O=0.9999966621398926|NORM_1WORD=3.146855306113139e-06|NORM_2WORD=1.77818762381321e-07
osnovu	O=0.9999963045120239|NORM_1WORD=3.275510835010209e-06|NORM_2WORD=3.017756000645022e-07
fizičkog	O=0.9999521970748901|NORM_1WORD=4.729930151370354e-05|NORM_2WORD=3.8322517070810136e-07
izgleda	O=0.999980092048645|NORM_1WORD=1.676038846198935e-05|NORM_2WORD=2.3252557639352744e-06
.	O=0.9999967813491821|NORM_1WORD=1.757747099873086e-06|NORM_2WORD=1.0516748716327129e-06

od	O=0.9999728202819824|NORM_1WORD=2.6403055016999133e-05|NORM_2WORD=5.727358143303718e-07
prirode	O=0.9999638795852661|NORM_1WORD=3.383880539331585e-05|NORM_2WORD=1.7908291738422122e-06
posle	O=0.9999903440475464|NORM_1WORD=8.421336133324075e-06|NORM_2WORD=8.270192211057292e-07
zmije	O=0.9999566078186035|NORM_1WORD=4.255589738022536e-05|NORM_2WORD=6.830845791228057e-07
,	O=0.9999935626983643|NORM_1WORD=3.55010206476436e-06|NORM_2WORD=2.125658738805214e-06
miša	O=0.9999710321426392|NORM_1WORD=2.8119799026171677e-05|NORM_2WORD=7.429359243360523e-07
i	O=0.9999947547912598|NORM_1WORD=4.126053681829944e-06|NORM_2WORD=7.943107220853562e-07
ostalih	O=0.9999970197677612|NORM_1WORD=2.1890923562750686e-06|NORM_2WORD=5.630708983517252e-07
bih	O=0.9999080896377563|NORM_1WORD=9.1385911218822e-05|NORM_2WORD=4.781437041856407e-07
malo	O=0.999968409538269|NORM_1WORD=3.049405313504394e-05|NORM_2WORD=8.71528413881606e-07
da	O=0.9999963045120239|NORM_1WORD=3.2369669042964233e-06|NORM_2WORD=3.3607631166887586e-07
iskuliram	O=0.9999532699584961|NORM_1WORD=4.523246388998814e-05|NORM_2WORD=1.226268068421632e-06
..	O=0.9999886751174927|NORM_1WORD=9.050886546901893e-06|NORM_2WORD=1.732426994749403e-06
i	O=0.9999949932098389|NORM_1WORD=4.0393256313109305e-06|NORM_2WORD=7.302434710254602e-07
da	O=0.999997615814209|NORM_1WORD=1.7384834336553467e-06|NORM_2WORD=4.312431371999992e-07
odmorim	O=0.999993085861206|NORM_1WORD=6.247381861612666e-06|NORM_2WORD=4.1871453504427336e-07
..	O=0.9999935626983643|NORM_1WORD=4.05355558541487e-06|NORM_2WORD=1.6689198218955426e-06

kao	O=0.9999948740005493|NORM_1WORD=3.480731493255007e-06|NORM_2WORD=1.3236044651421253e-06
da	O=0.9999973773956299|NORM_1WORD=2.1815010313730454e-06|NORM_2WORD=3.145631808365579e-07
ljudi	O=0.9999850988388062|NORM_1WORD=1.2678003258770332e-05|NORM_2WORD=1.4935567378415726e-06
ne	O=0.9999967813491821|NORM_1WORD=2.716585868256516e-06|NORM_2WORD=3.791865026414598e-07
znaju	O=0.9999942779541016|NORM_1WORD=3.923305939679267e-06|NORM_2WORD=1.1974265134995221e-06
ko	O=0.9999969005584717|NORM_1WORD=2.601560709081241e-06|NORM_2WORD=4.1036611264644307e-07
stoji	O=0.9999948740005493|NORM_1WORD=4.0180975702241994e-06|NORM_2WORD=7.46803834772436e-07
iza	O=0.9999936819076538|NORM_1WORD=5.251076345302863e-06|NORM_2WORD=7.37460027266934e-07
tog	O=0.9999905824661255|NORM_1WORD=7.486143658752553e-06|NORM_2WORD=1.3104283880238654e-06
projekta	O=0.9999557733535767|NORM_1WORD=3.928412843379192e-05|NORM_2WORD=3.6023591292178025e-06
i	O=0.9999955892562866|NORM_1WORD=3.5645414300233824e-06|NORM_2WORD=6.554471951858432e-07
protiv	O=0.9999814033508301|NORM_1WORD=1.6838001101859845e-05|NORM_2WORD=1.2175883057352621e-06
koga	O=0.999996542930603|NORM_1WORD=3.0174503535818076e-06|NORM_2WORD=3.441449791807827e-07
je	O=0.9999892711639404|NORM_1WORD=1.0222285709460266e-05|NORM_2WORD=3.441710703100398e-07
uperen	O=0.9999606609344482|NORM_1WORD=3.8826867239549756e-05|NORM_2WORD=3.4875512255894137e-07
.	O=0.9999970197677612|NORM_1WORD=1.5843288565520197e-06|NORM_2WORD=1.048522562996368e-06

vučić	O=0.9999895095825195|NORM_1WORD=1.0056199243990704e-05|NORM_2WORD=3.4824935823962733e-07
:	O=0.9999957084655762|NORM_1WORD=2.698819116631057e-06|NORM_2WORD=1.2307689303270308e-06
do	O=0.9999973773956299|NORM_1WORD=1.8064230289382976e-06|NORM_2WORD=6.203139832905435e-07
4.	O=0.9999970197677612|NORM_1WORD=2.0833635971939657e-06|NORM_2WORD=7.080457180563826e-07
avgusta	O=0.9999963045120239|NORM_1WORD=3.439308557062759e-06|NORM_2WORD=2.8596784318324353e-07
sve	O=0.9999964237213135|NORM_1WORD=2.908461283368524e-06|NORM_2WORD=5.289805926622648e-07
mere	O=0.9999784231185913|NORM_1WORD=2.03967447305331e-05|NORM_2WORD=7.990370818333759e-07
iz	O=0.9999949932098389|NORM_1WORD=4.506704044615617e-06|NORM_2WORD=3.964211430229625e-07
ekspozea	O=0.9998761415481567|NORM_1WORD=0.0001233582734130323|NORM_2WORD=4.760481999710464e-07
!	O=0.9999961853027344|NORM_1WORD=2.2463912046077894e-06|NORM_2WORD=1.1878066743520321e-06

:)	O=0.9999918937683105|NORM_2WORD=4.470651219889987e-06|NORM_1WORD=2.6339364467276027e-06

kad	O=0.9999963045120239|NORM_1WORD=1.7779132122086594e-06|NORM_2WORD=1.4155523331282893e-06
bi	O=0.9999765157699585|NORM_1WORD=2.2967475160839967e-05|NORM_2WORD=4.7568207151016395e-07
me	O=0.9999964237213135|NORM_1WORD=2.9304537747520953e-06|NORM_2WORD=4.205632535558834e-07
neko	O=0.9999963045120239|NORM_1WORD=2.6941561372950673e-06|NORM_2WORD=7.858594130993879e-07
kidnapovao	O=0.9999862909317017|NORM_1WORD=1.3154871339793317e-05|NORM_2WORD=5.250889785202162e-07
i	O=0.9999977350234985|NORM_1WORD=1.7407299992555636e-06|NORM_2WORD=3.6337840469968796e-07
uzeo	O=0.999996542930603|NORM_1WORD=2.821069756464567e-06|NORM_2WORD=4.6304251100082183e-07
mi	O=0.9999972581863403|NORM_1WORD=2.318944325452321e-06|NORM_2WORD=3.386014100215107e-07
telefon	O=0.9999580383300781|NORM_1WORD=3.8476515328511596e-05|NORM_2WORD=2.315267010999378e-06
,	O=0.9999969005584717|NORM_1WORD=1.6394478734582663e-06|NORM_2WORD=1.0781209311971907e-06
verovatno	O=0.9999969005584717|NORM_1WORD=2.7458754630060866e-06|NORM_2WORD=2.961015184155258e-07
bi	O=0.9999887943267822|NORM_1WORD=1.0745837244030554e-05|NORM_2WORD=3.183801027262234e-07
me	O=0.9999971389770508|NORM_1WORD=2.397701564404997e-06|NORM_2WORD=3.457222135239135e-07
vratio	O=0.9999957084655762|NORM_1WORD=3.6242161058908096e-06|NORM_2WORD=4.3679861505552253e-07
nepovređenu	O=0.9999747276306152|NORM_1WORD=2.479802969901357e-05|NORM_2WORD=3.045172434212873e-07
čim	O=0.9999971389770508|NORM_1WORD=2.1694113456760533e-06|NORM_2WORD=4.3058705045950774e-07
bi	O=0.9999778270721436|NORM_1WORD=2.1866124370717444e-05|NORM_2WORD=2.270839161155891e-07
pročitao	O=0.9999908208847046|NORM_1WORD=8.44819896883564e-06|NORM_2WORD=6.304486532826559e-07
psiho	O=0.9698778986930847|NORM_1WORD=0.030097883194684982|NORM_2WORD=2.242610753455665e-05
poruke	O=0.9998133778572083|NORM_1WORD=0.00018088625802192837|NORM_2WORD=4.534059826255543e-06
sa	O=0.9999971389770508|NORM_1WORD=2.0708407646452542e-06|NORM_2WORD=6.073228746572568e-07
najboljim	O=0.9999933242797852|NORM_1WORD=6.330894848360913e-06|NORM_2WORD=2.909244187776494e-07
prijateljima	O=0.9999902248382568|NORM_1WORD=8.03856073616771e-06|NORM_2WORD=1.313529764956911e-06
.	O=0.9999972581863403|NORM_1WORD=1.6552356782995048e-06|NORM_2WORD=8.380505960303708e-07

izuzev	O=0.9998669624328613|NORM_1WORD=0.00013243834837339818|NORM_2WORD=4.5180573238212673e-07
1	O=0.9999864101409912|NORM_1WORD=1.247796717507299e-05|NORM_2WORD=7.850950396459666e-07
predmeta	O=0.9999814033508301|NORM_1WORD=1.7815504179452546e-05|NORM_2WORD=6.12115115927736e-07
za	O=0.9999707937240601|NORM_1WORD=2.874123674700968e-05|NORM_2WORD=2.991840517552191e-07
koje	O=0.9999849796295166|NORM_1WORD=1.4469566849584226e-05|NORM_2WORD=5.028963414588361e-07
će	O=0.9999960660934448|NORM_1WORD=3.3913022434717277e-06|NORM_2WORD=4.3426015849945543e-07
se	O=0.9999974966049194|NORM_1WORD=2.2213646388991037e-06|NORM_2WORD=2.1037362785136793e-07
sudjenje	NORM_1WORD=0.9994706511497498|O=0.0005255182040855289|NORM_2WORD=3.509028601911268e-06
ponoviti	O=0.9999932050704956|NORM_1WORD=6.1668065427511465e-06|NORM_2WORD=4.431990703324118e-07
,	O=0.9999936819076538|NORM_1WORD=2.9861892016924685e-06|NORM_2WORD=2.5175797873089323e-06
uspešni	O=0.9999889135360718|NORM_1WORD=9.8571572380024e-06|NORM_2WORD=8.440197802883631e-07
smo	O=0.9999961853027344|NORM_1WORD=2.9780571821902413e-06|NORM_2WORD=5.428527174444753e-07
stoprocentno	O=0.9999904632568359|NORM_1WORD=9.274909643863793e-06|NORM_2WORD=2.6035579026029154e-07
.	O=0.9999972581863403|NORM_1WORD=1.636856836739753e-06|NORM_2WORD=8.550206302970764e-07

ali	O=0.9999872446060181|NORM_1WORD=1.2404309927660506e-05|NORM_2WORD=2.462415693571529e-07
kad	O=0.9999958276748657|NORM_1WORD=2.7546668661670992e-06|NORM_2WORD=1.0463655826242757e-06
mi	O=0.9999885559082031|NORM_1WORD=1.0478524018253665e-05|NORM_2WORD=8.119411063489679e-07
mama	O=0.9999914169311523|NORM_1WORD=7.619777534273453e-06|NORM_2WORD=6.998147910053376e-07
i	O=0.9999953508377075|NORM_1WORD=3.8527655306097586e-06|NORM_2WORD=5.807294201076729e-07
tata	O=0.9999938011169434|NORM_1WORD=5.191216587263625e-06|NORM_2WORD=7.308563567676174e-07
salju	NORM_1WORD=0.9999357461929321|O=6.0750058764824644e-05|NORM_2WORD=3.04190325550735e-06
zahteve	O=0.894028902053833|NORM_1WORD=0.10596451163291931|NORM_2WORD=5.902610610064585e-06
za	O=0.9999932050704956|NORM_1WORD=6.529360689455643e-06|NORM_2WORD=2.3681009508891293e-07
sve	O=0.9999939203262329|NORM_1WORD=5.5166447054944e-06|NORM_2WORD=4.851899575442076e-07
zive	NORM_1WORD=0.9999134540557861|O=8.337364124599844e-05|NORM_2WORD=2.6585664727463154e-06
igrice	O=0.9810830950737|NORM_1WORD=0.01891486532986164|NORM_2WORD=1.7777133507479448e-06
pa	O=0.9999921321868896|NORM_1WORD=7.357592949119862e-06|NORM_2WORD=3.84825568744418e-07
me	O=0.999996542930603|NORM_1WORD=2.9524774163292022e-06|NORM_2WORD=3.358188109814364e-07
napinju	O=0.9999572038650513|NORM_1WORD=4.141488534514792e-05|NORM_2WORD=1.038533127939445e-06
da	O=0.9999964237213135|NORM_1WORD=3.0900055207894184e-06|NORM_2WORD=3.580661314117606e-07
im	O=0.9999849796295166|NORM_1WORD=1.4368717529578134e-05|NORM_2WORD=4.737091217066336e-07
prihvatim	O=0.999995231628418|NORM_1WORD=4.290816377761075e-06|NORM_2WORD=3.0711100862390595e-07
sve	O=0.9999940395355225|NORM_1WORD=5.232332114246674e-06|NORM_2WORD=5.633716568809177e-07
pa	O=0.999992847442627|NORM_1WORD=6.631213636865141e-06|NORM_2WORD=3.0226479452721833e-07
to	O=0.9999874830245972|NORM_1WORD=1.165661888080649e-05|NORM_2WORD=5.607265052276489e-07
je	O=0.9999963045120239|NORM_1WORD=3.3793382954172557e-06|NORM_2WORD=1.8729383555182721e-07
haos	O=0.999942421913147|NORM_1WORD=5.543851148104295e-05|NORM_2WORD=1.5378393527498702e-06

upravo	O=0.9999915361404419|NORM_1WORD=7.003968221397372e-06|NORM_2WORD=9.611421774025075e-07
sam	O=0.9999961853027344|NORM_1WORD=3.1013951229397207e-06|NORM_2WORD=5.261152864477481e-07
shvatio	O=0.9999961853027344|NORM_1WORD=3.19188870889775e-06|NORM_2WORD=4.828950181945402e-07
da	O=0.999997615814209|NORM_1WORD=1.760291752361809e-06|NORM_2WORD=4.7526495450256334e-07
jovan	O=0.999609649181366|NORM_1WORD=0.0003889604122377932|NORM_2WORD=1.2145892469561659e-06
ducic	NORM_1WORD=0.9999353885650635|O=6.203861994436011e-05|NORM_2WORD=2.2445415197580587e-06
i	O=0.9999969005584717|NORM_1WORD=2.147447503375588e-06|NORM_2WORD=7.13673045993346e-07
ja	O=0.9999970197677612|NORM_1WORD=1.757697305038164e-06|NORM_2WORD=9.838860250965809e-07
imamo	O=0.999995231628418|NORM_1WORD=3.242435241190833e-06|NORM_2WORD=1.0156777534575667e-06
zajednicko	NORM_1WORD=0.9998799562454224|O=0.00011698947491822764|NORM_2WORD=2.6160487323068082e-06
onteresovanje	NORM_1WORD=0.999735414981842|O=0.0002604839683044702|NORM_2WORD=3.5620134894998046e-06
;	O=0.9999916553497314|NORM_1WORD=7.114305844879709e-06|NORM_2WORD=9.335632853435527e-07
ne	O=0.9999955892562866|NORM_1WORD=3.7880167838011403e-06|NORM_2WORD=4.6991425506348605e-07
zelimo	NORM_1WORD=0.9999637603759766|O=3.0774019251111895e-05|NORM_2WORD=4.7874909796519205e-06
da	O=0.9999964237213135|NORM_1WORD=2.8335562092252076e-06|NORM_2WORD=5.798865458928049e-07
se	O=0.999997615814209|NORM_1WORD=1.9401991266931873e-06|NORM_2WORD=3.071571370583115e-07
bavimo	O=0.9999933242797852|NORM_1WORD=5.906154910917394e-06|NORM_2WORD=6.377223940035037e-07
svakodnevnim	O=0.9999955892562866|NORM_1WORD=3.952611677959794e-06|NORM_2WORD=3.4812728699762374e-07
zivotom	NORM_1WORD=0.9999669790267944|O=2.8651444154093042e-05|NORM_2WORD=3.553771421138663e-06

lov	O=0.9999915361404419|NORM_1WORD=7.527803063567262e-06|NORM_2WORD=7.32862076802121e-07
na	O=0.9999948740005493|NORM_1WORD=4.846736828767462e-06|NORM_2WORD=2.3606322940850077e-07
ježa	O=0.9999793767929077|NORM_1WORD=2.0203266103635542e-05|NORM_2WORD=3.403685866487649e-07
veselina	O=0.9999383687973022|NORM_1WORD=6.091625618864782e-05|NORM_2WORD=6.319505700957961e-07
,	O=0.999994158744812|NORM_1WORD=3.3716146390361246e-06|NORM_2WORD=1.806480895538698e-06
upravo	O=0.999992847442627|NORM_1WORD=6.299117558228318e-06|NORM_2WORD=6.42394184069417e-07
počinje	O=0.9999946355819702|NORM_1WORD=4.3564145926211495e-06|NORM_2WORD=7.03353236986004e-07
.	O=0.9999961853027344|NORM_1WORD=1.767424919307814e-06|NORM_2WORD=1.5586228983011097e-06

'	O=0.9999943971633911|NORM_1WORD=4.029761385027086e-06|NORM_2WORD=1.2111278238080558e-06
predpostavljam	O=0.9977497458457947|NORM_1WORD=0.0022487530950456858|NORM_2WORD=1.2986997717234772e-06
da	O=0.9999915361404419|NORM_1WORD=7.777204700687435e-06|NORM_2WORD=5.113006977808254e-07
te	O=0.9999685287475586|NORM_1WORD=3.0018483812455088e-05|NORM_2WORD=1.080169226952421e-06
svi	O=0.999981164932251|NORM_1WORD=1.61148673214484e-05|NORM_2WORD=1.9456517748039914e-06
stalno	O=0.9999908208847046|NORM_1WORD=7.496711987187155e-06|NORM_2WORD=1.1514058542161365e-06
nešto	O=0.9999793767929077|NORM_1WORD=1.8207849279860966e-05|NORM_2WORD=1.6212452464969829e-06
pitaju	O=0.99997878074646|NORM_1WORD=2.0290877728257328e-05|NORM_2WORD=7.378296800197859e-07
tako	O=0.9999520778656006|NORM_1WORD=4.402548438520171e-05|NORM_2WORD=2.5605309019738343e-06
da	O=0.9999877214431763|NORM_1WORD=1.1192896636202931e-05|NORM_2WORD=7.361641678471642e-07
ja	O=0.9999945163726807|NORM_1WORD=4.695251845987514e-06|NORM_2WORD=5.391494255491125e-07
neću	O=0.9999892711639404|NORM_1WORD=9.735363164509181e-06|NORM_2WORD=7.974227855811478e-07
ništa	O=0.999862551689148|NORM_1WORD=0.0001345395139651373|NORM_2WORD=2.167192405977403e-06
da	O=0.9999946355819702|NORM_1WORD=5.006284936825978e-06|NORM_2WORD=2.8721751732518896e-07
te	O=0.9999756813049316|NORM_1WORD=2.2441643523052335e-05|NORM_2WORD=1.287484906242753e-06
pitam	O=0.9999686479568481|NORM_1WORD=3.002890844072681e-05|NORM_2WORD=9.067314294952666e-07
,	O=0.9999948740005493|NORM_1WORD=2.470386107233935e-06|NORM_2WORD=1.917158442665823e-06
hoću	O=0.9999918937683105|NORM_1WORD=7.112163984857034e-06|NORM_2WORD=7.146352345444029e-07
samo	O=0.9999943971633911|NORM_1WORD=4.341321073297877e-06|NORM_2WORD=1.0092559250551858e-06
da	O=0.9999932050704956|NORM_1WORD=6.265903266466921e-06|NORM_2WORD=3.9610225144315336e-07
nazdravljamo	O=0.9999681711196899|NORM_1WORD=3.14092067128513e-05|NORM_2WORD=3.9611347801837837e-07
'	O=0.9999933242797852|NORM_1WORD=4.481790710997302e-06|NORM_2WORD=1.652990704315016e-06

@drtviterovski	O=0.9999977350234985|NORM_1WORD=1.5701741631346522e-06|NORM_2WORD=6.248229738048394e-07
sa	O=0.999997615814209|NORM_1WORD=1.653056074246706e-06|NORM_2WORD=5.65814900710393e-07
svakim	O=0.9999616146087646|NORM_1WORD=3.7742163840448484e-05|NORM_2WORD=5.189656917536922e-07
po	O=0.9999934434890747|NORM_1WORD=6.023276455380255e-06|NORM_2WORD=4.4316789171716664e-07
jedan	O=0.999976396560669|NORM_1WORD=2.0216042685206048e-05|NORM_2WORD=2.1339294562494615e-06
...	O=0.9999967813491821|NORM_1WORD=1.7758670765033457e-06|NORM_2WORD=1.1046987538065878e-06

obozavas	NORM_1WORD=0.9999730587005615|O=1.861507371359039e-05|NORM_2WORD=6.631410997215426e-06
?	O=0.9999954700469971|NORM_1WORD=2.594386614873656e-06|NORM_2WORD=1.5455221955562592e-06

takođe	O=0.998444139957428|NORM_1WORD=0.0015531578101217747|NORM_2WORD=2.3892359877208946e-06
,	O=0.9999960660934448|NORM_1WORD=2.0053653315699194e-06|NORM_2WORD=1.4062235322853667e-06
sve	O=0.9999804496765137|NORM_1WORD=1.737842831062153e-05|NORM_2WORD=1.6555976571908104e-06
sam	O=0.9999955892562866|NORM_1WORD=3.624340024543926e-06|NORM_2WORD=5.651148740071221e-07
više	O=0.9999945163726807|NORM_1WORD=4.2852680053329095e-06|NORM_2WORD=8.666799544698733e-07
pun	O=0.9999953508377075|NORM_1WORD=3.6535211620503105e-06|NORM_2WORD=6.677641977148596e-07
razumevanja	O=0.9999918937683105|NORM_1WORD=7.62380796004436e-06|NORM_2WORD=4.1327623989673157e-07
za	O=0.99998939037323|NORM_1WORD=9.971889994631056e-06|NORM_2WORD=4.1936598904612765e-07
tuđa	O=0.9999781847000122|NORM_1WORD=2.009595846175216e-05|NORM_2WORD=1.5051371065055719e-06
s*anja	NORM_1WORD=0.7680789232254028|O=0.23188051581382751|NORM_2WORD=3.811214992310852e-05
.	O=0.9999967813491821|NORM_1WORD=1.61054924774362e-06|NORM_2WORD=1.144761313298659e-06

ovde	O=0.9999865293502808|NORM_1WORD=1.2476885785872582e-05|NORM_2WORD=7.653792408746085e-07
neke	O=0.9999943971633911|NORM_1WORD=5.161782610230148e-06|NORM_2WORD=3.6339136499918823e-07
osobe	O=0.999982476234436|NORM_1WORD=1.654042898735497e-05|NORM_2WORD=7.64862420510326e-07
kukaju	O=0.9999934434890747|NORM_1WORD=6.273612598306499e-06|NORM_2WORD=2.487521442162688e-07
kako	O=0.999976396560669|NORM_1WORD=2.120616045431234e-05|NORM_2WORD=1.7345482774544507e-06
im	O=0.9999847412109375|NORM_1WORD=1.4624469258706085e-05|NORM_2WORD=4.933678496854554e-07
niko	O=0.9999953508377075|NORM_1WORD=4.104138042748673e-06|NORM_2WORD=5.233749220678874e-07
ne	O=0.9999966621398926|NORM_1WORD=3.036543603229802e-06|NORM_2WORD=2.3724491882148868e-07
uzvraća	O=0.9999934434890747|NORM_1WORD=5.681861239281716e-06|NORM_2WORD=7.263957968461909e-07
silovanje	O=0.9999802112579346|NORM_1WORD=1.9326742403791286e-05|NORM_2WORD=3.420945802190545e-07
a	O=0.9999899864196777|NORM_1WORD=9.28558802115731e-06|NORM_2WORD=5.834975240759377e-07
oni	O=0.9999831914901733|NORM_1WORD=1.5701911252108403e-05|NORM_2WORD=8.050068345255568e-07
sami	O=0.9999951124191284|NORM_1WORD=4.3051904867752455e-06|NORM_2WORD=4.256659167367616e-07
ne	O=0.9999966621398926|NORM_1WORD=3.021672455361113e-06|NORM_2WORD=2.0059546557149588e-07
uzvraćaju	O=0.9999850988388062|NORM_1WORD=1.4412333257496357e-05|NORM_2WORD=3.209638634871226e-07
ka	O=0.995539128780365|NORM_1WORD=0.004447522573173046|NORM_2WORD=1.2187628271931317e-05
njih	O=0.9996639490127563|NORM_1WORD=0.00033364928094670177|NORM_2WORD=1.8749327637124225e-06
neko	O=0.9999862909317017|NORM_1WORD=1.29473064589547e-05|NORM_2WORD=5.405319711826451e-07
siluje	O=0.9999815225601196|NORM_1WORD=1.8163455024478026e-05|NORM_2WORD=2.7397294388720184e-07
..	O=0.9999940395355225|NORM_1WORD=4.557336978905369e-06|NORM_2WORD=1.0435912827233551e-06

b92	O=0.999995231628418|NORM_1WORD=3.9908582039061e-06|NORM_2WORD=6.519856583508954e-07
-	O=0.9999966621398926|NORM_2WORD=1.5036326885820017e-06|NORM_1WORD=1.3609422921945225e-06
vesti	O=0.9999909400939941|NORM_1WORD=7.710152203799225e-06|NORM_2WORD=1.0420972103020176e-06
-	O=0.9999967813491821|NORM_1WORD=1.5513513744735974e-06|NORM_2WORD=1.3649770380652626e-06
tužilaštvo	O=0.9999964237213135|NORM_1WORD=2.98707482215832e-06|NORM_2WORD=4.7212785148076364e-07
:	O=0.9999964237213135|NORM_1WORD=1.5556976222796948e-06|NORM_2WORD=1.5541999118795502e-06
vratite	O=0.9999949932098389|NORM_1WORD=4.2751266846607905e-06|NORM_2WORD=5.419282160801231e-07
šešelja	O=0.9999957084655762|NORM_1WORD=3.987074705946725e-06|NORM_2WORD=2.9626272635141504e-07
u	O=0.999996542930603|NORM_1WORD=3.1581107577949297e-06|NORM_2WORD=2.677110444437858e-07
hag	O=0.9999659061431885|NORM_1WORD=3.3667591196717694e-05|NORM_2WORD=4.0909364429353445e-07
http://t.co/fetf0omysc	O=0.9999940395355225|NORM_1WORD=4.283276211936027e-06|NORM_2WORD=1.573053737047303e-06

#ja	O=0.9999969005584717|NORM_1WORD=1.7035811197274597e-06|NORM_2WORD=1.2173795767012052e-06
#i	O=0.9999970197677612|NORM_1WORD=1.3961586091681966e-06|NORM_2WORD=1.3474727893481031e-06
#moji	O=0.9999960660934448|NORM_1WORD=2.14462966141582e-06|NORM_2WORD=1.609241621736146e-06
#drugari	O=0.9999973773956299|NORM_1WORD=1.8749680066321162e-06|NORM_2WORD=6.161832857287664e-07
#mortus	O=0.999996542930603|NORM_1WORD=2.239628202005406e-06|NORM_2WORD=1.0925491551461164e-06
#pijani	O=0.9999977350234985|NORM_1WORD=1.463031708226481e-06|NORM_2WORD=6.768793809897033e-07
#u	O=0.9999970197677612|NORM_1WORD=1.5319479871322983e-06|NORM_2WORD=1.1851282124553109e-06
#kafani	O=0.9999955892562866|NORM_1WORD=2.839356284312089e-06|NORM_2WORD=1.2969022691322607e-06
#a	O=0.9999971389770508|NORM_1WORD=1.4077506875764811e-06|NORM_2WORD=1.1770476930905716e-06
#evo	O=0.999996542930603|NORM_1WORD=2.0891761778329965e-06|NORM_2WORD=1.1254794571868842e-06
#i	O=0.9999972581863403|NORM_1WORD=1.4460784996117582e-06|NORM_2WORD=1.1030758741981117e-06
#konobara	O=0.9999967813491821|NORM_1WORD=1.980242586796521e-06|NORM_2WORD=1.0648685702108196e-06
#da	O=0.9999972581863403|NORM_1WORD=1.7372415186400758e-06|NORM_2WORD=7.775850008329144e-07
#naplati	O=0.9999960660934448|NORM_1WORD=3.0817936931271106e-06|NORM_2WORD=6.966537853259069e-07
.	O=0.9999940395355225|NORM_1WORD=3.129315700789448e-06|NORM_2WORD=2.2907274797034916e-06

ko	O=0.9999943971633911|NORM_1WORD=4.96118900628062e-06|NORM_2WORD=4.96162158469815e-07
god	O=0.9999942779541016|NORM_1WORD=4.4924713620275725e-06|NORM_2WORD=9.957108204616816e-07
da	O=0.9999970197677612|NORM_1WORD=2.3896272978163324e-06|NORM_2WORD=5.180336302146316e-07
je	O=0.9999935626983643|NORM_1WORD=5.947724275756627e-06|NORM_2WORD=3.6695999483526975e-07
u	O=0.9999967813491821|NORM_1WORD=2.5357367121614516e-06|NORM_2WORD=4.1766165281842405e-07
pitanju	O=0.9999918937683105|NORM_1WORD=6.8521126195264515e-06|NORM_2WORD=9.24078506159276e-07
...	O=0.999996542930603|NORM_1WORD=1.867161472546286e-06|NORM_2WORD=1.2059681466780603e-06

ja	O=0.9999954700469971|NORM_1WORD=3.8421394492615946e-06|NORM_2WORD=5.631715112031088e-07
kad	O=0.9999971389770508|NORM_1WORD=1.4620320598623948e-06|NORM_2WORD=1.1053334674215876e-06
pokušavam	O=0.9999970197677612|NORM_1WORD=2.3156776478572283e-06|NORM_2WORD=4.957032615493517e-07
da	O=0.9999973773956299|NORM_1WORD=1.6083645277831238e-06|NORM_2WORD=8.462102982775832e-07
razumem	O=0.9999954700469971|NORM_1WORD=3.6006579193781363e-06|NORM_2WORD=7.39342283395672e-07
šta	O=0.9999955892562866|NORM_1WORD=3.20361573358241e-06|NORM_2WORD=1.0096432561113033e-06
mi	O=0.9999886751174927|NORM_1WORD=9.307696018368006e-06|NORM_2WORD=1.4619248531744233e-06
ljudi	O=0.9999679327011108|NORM_1WORD=2.638213845784776e-05|NORM_2WORD=3.7827207961527165e-06
govore	O=0.9999525547027588|NORM_1WORD=3.816741445916705e-05|NORM_2WORD=5.6066869547066744e-06
.	O=0.9999940395355225|NORM_2WORD=2.629745495141833e-06|NORM_1WORD=2.386342885074555e-06

kao	O=0.9999619722366333|NORM_1WORD=3.3751111914170906e-05|NORM_2WORD=3.5908190056943567e-06
da	O=0.9999923706054688|NORM_1WORD=7.055420610413421e-06|NORM_2WORD=5.06851165482658e-07
sere	O=0.8783466815948486|NORM_1WORD=0.12163355201482773|NORM_2WORD=1.6936945030465722e-05
konstanto	O=0.9999765157699585|NORM_1WORD=2.3075846911524422e-05|NORM_2WORD=4.1178279275300156e-07
3	O=0.9999853372573853|NORM_1WORD=1.2081504792149644e-05|NORM_2WORD=1.945081066878629e-06
sata	O=0.999992847442627|NORM_1WORD=6.173506790219108e-06|NORM_2WORD=7.943909281493688e-07
,	O=0.9999970197677612|NORM_1WORD=1.5584369066345971e-06|NORM_2WORD=1.049490833793243e-06
napuni	O=0.9998235106468201|NORM_1WORD=0.00016975287871900946|NORM_2WORD=4.883941073785536e-06
kofu	O=0.9992538094520569|NORM_1WORD=0.000742620206438005|NORM_2WORD=2.5974959498853423e-06
i	O=0.9999953508377075|NORM_1WORD=3.892685526807327e-06|NORM_2WORD=5.384705445976579e-07
onda	O=0.9999943971633911|NORM_1WORD=4.235015239828499e-06|NORM_2WORD=1.0497564062461606e-06
ti	O=0.999995231628418|NORM_1WORD=3.830252353509422e-06|NORM_2WORD=6.78023809541628e-07
sruci	NORM_1WORD=0.9997835755348206|O=0.00021451435168273747|NORM_2WORD=1.742200424814655e-06
sva	O=0.9999910593032837|NORM_1WORD=7.885762897785753e-06|NORM_2WORD=9.338592121821421e-07
ta	O=0.9999936819076538|NORM_1WORD=5.602817964245332e-06|NORM_2WORD=6.150924605208274e-07
govna	O=0.9997647404670715|NORM_1WORD=0.0002339454076718539|NORM_2WORD=1.1704918279065168e-06
na	O=0.9999921321868896|NORM_1WORD=7.308214662771206e-06|NORM_2WORD=4.6066026015978423e-07
glavu	O=0.9999905824661255|NORM_1WORD=8.68802180775674e-06|NORM_2WORD=5.590777050201723e-07
.	O=0.9999970197677612|NORM_1WORD=1.7493875930085778e-06|NORM_2WORD=9.801175337997847e-07

selaković	O=0.9997485280036926|NORM_1WORD=0.000250609329668805|NORM_2WORD=6.928879656697973e-07
je	O=0.9999910593032837|NORM_1WORD=8.367353075300343e-06|NORM_2WORD=4.357165437340882e-07
odgovorom	O=0.9999712705612183|NORM_1WORD=2.846234383468982e-05|NORM_2WORD=1.987122431046373e-07
novinaru	O=0.9999916553497314|NORM_1WORD=7.901728167780675e-06|NORM_2WORD=3.024230181836174e-07
na	O=0.9999967813491821|NORM_1WORD=2.7036264782509534e-06|NORM_2WORD=3.818297216184874e-07
pitanje	O=0.9999959468841553|NORM_1WORD=3.405549250601325e-06|NORM_2WORD=5.153775077815226e-07
'	O=0.9999955892562866|NORM_1WORD=2.8828596896346426e-06|NORM_2WORD=1.1974624385402421e-06
da	O=0.9999901056289673|NORM_1WORD=8.501803677063435e-06|NORM_2WORD=1.0165796311412123e-06
li	O=0.9999949932098389|NORM_1WORD=3.9609217310498934e-06|NORM_2WORD=7.890184861025773e-07
zna	O=0.9999964237213135|NORM_1WORD=2.3892062017694116e-06|NORM_2WORD=8.443271894975624e-07
da	O=0.9999967813491821|NORM_1WORD=2.522675686122966e-06|NORM_2WORD=5.072997169008886e-07
su	O=0.9999926090240479|NORM_1WORD=6.55701933283126e-06|NORM_2WORD=5.58871988687315e-07
ovi	O=0.9999736547470093|NORM_1WORD=2.377946839260403e-05|NORM_2WORD=1.759442284310353e-06
napustili	O=0.9999951124191284|NORM_1WORD=3.6332392028270988e-06|NORM_2WORD=9.56666553975083e-07
sudjenje	NORM_1WORD=0.999846339225769|O=0.00014968300820328295|NORM_2WORD=3.430309561736067e-06
'	O=0.9999889135360718|NORM_1WORD=9.009044333652128e-06|NORM_2WORD=1.5917687505861977e-06
upravo	O=0.9999871253967285|NORM_1WORD=1.1160411304445006e-05|NORM_2WORD=1.2127649142712471e-06
postao	O=0.9999767541885376|NORM_1WORD=1.87588175322162e-05|NORM_2WORD=3.034905603271909e-06
najveći	O=0.9999978542327881|NORM_1WORD=1.4772596159673412e-06|NORM_2WORD=5.308714321472507e-07
teletabis	O=0.9746037125587463|NORM_1WORD=0.025390448048710823|NORM_2WORD=5.000185865355888e-06
sns	O=0.9520251750946045|NORM_1WORD=0.04796309024095535|NORM_2WORD=1.0421489605505485e-05
.	O=0.9999959468841553|NORM_1WORD=2.5731721962074516e-06|NORM_2WORD=1.0389379667685716e-06

rts	O=0.9891229271888733|NORM_1WORD=0.010863699950277805|NORM_2WORD=1.1455224921519402e-05
je	O=0.9999879598617554|NORM_1WORD=1.1735987754946109e-05|NORM_2WORD=2.615940672967554e-07
reprizirao	O=0.9999434947967529|NORM_1WORD=5.5682943639112636e-05|NORM_2WORD=7.028444883871998e-07
tv	O=0.9796039462089539|NORM_1WORD=0.020381435751914978|NORM_2WORD=1.3777544154436328e-05
lica	O=0.9998792409896851|NORM_1WORD=0.00011960551637457684|NORM_2WORD=1.0524100844122586e-06
sa	O=0.9999972581863403|NORM_1WORD=2.4436030798824504e-06|NORM_2WORD=2.728372976434912e-07
berčekom	O=0.999946117401123|NORM_1WORD=5.3714702517027035e-05|NORM_2WORD=1.4264027470289875e-07
i	O=0.9999971389770508|NORM_1WORD=2.3733700800221413e-06|NORM_2WORD=3.848098799608124e-07
hvala	O=0.9999934434890747|NORM_1WORD=5.222429081186419e-06|NORM_2WORD=1.1018331633749767e-06
im	O=0.9999914169311523|NORM_1WORD=8.018088919925503e-06|NORM_2WORD=4.041952195166232e-07
.	O=0.9999970197677612|NORM_1WORD=1.6556000446144026e-06|NORM_2WORD=1.0399561460872064e-06

toe	O=0.9997157454490662|NORM_1WORD=0.0002818919892888516|NORM_2WORD=2.155710717488546e-06
taj	O=0.9999805688858032|NORM_1WORD=1.723183049762156e-05|NORM_2WORD=1.6764817019065958e-06
vucicev	NORM_1WORD=0.9999754428863525|O=1.621334013179876e-05|NORM_2WORD=6.83287998981541e-06
napredak	O=0.9999816417694092|NORM_1WORD=1.6949703422142193e-05|NORM_2WORD=1.1295044259895803e-06
i	O=0.9999948740005493|NORM_1WORD=4.466372956812847e-06|NORM_2WORD=5.102093609821168e-07
bolji	O=0.9999598264694214|NORM_1WORD=3.7037803849671036e-05|NORM_2WORD=1.983662514248863e-06
zivot	NORM_1WORD=0.9999746084213257|O=1.507134766143281e-05|NORM_2WORD=8.152447662723716e-06
.	O=0.9999972581863403|NORM_1WORD=1.5161378996708663e-06|NORM_2WORD=9.95620780486206e-07

ako	O=0.9999940395355225|NORM_1WORD=4.377468485472491e-06|NORM_2WORD=1.2389832590997685e-06
je	O=0.9999955892562866|NORM_1WORD=4.11115934184636e-06|NORM_2WORD=2.625490651553264e-07
dron	O=0.999886155128479|NORM_1WORD=0.00010974491306114942|NORM_2WORD=2.827230218827026e-06
pornadjen	NORM_1WORD=0.9998918771743774|O=9.988519741455093e-05|NORM_2WORD=6.461265002144501e-06
bilo	O=0.9997527003288269|NORM_1WORD=0.0002446068683639169|NORM_2WORD=2.222746843472123e-06
gde	O=0.9999896287918091|NORM_1WORD=8.807115591480397e-06|NORM_2WORD=1.2430065225998987e-06
na	O=0.9999951124191284|NORM_1WORD=4.235733285895549e-06|NORM_2WORD=5.157916689313424e-07
teritoriji	O=0.9999778270721436|NORM_1WORD=2.1904277673456818e-05|NORM_2WORD=1.9861768407736236e-07
srbije	O=0.9999712705612183|NORM_1WORD=2.7875710657099262e-05|NORM_2WORD=6.667033289886604e-07
,	O=0.9999964237213135|NORM_1WORD=1.5367685364253703e-06|NORM_2WORD=1.5025285620140494e-06
onda	O=0.9999967813491821|NORM_1WORD=2.2943718249734957e-06|NORM_2WORD=6.713025868521072e-07
je	O=0.9999963045120239|NORM_1WORD=3.3680673823255347e-06|NORM_2WORD=2.855465197626472e-07
jasno	O=0.9999960660934448|NORM_1WORD=2.7820931336464128e-06|NORM_2WORD=8.341050943272421e-07
da	O=0.9999974966049194|NORM_1WORD=2.0481447791098617e-06|NORM_2WORD=3.1217717832987546e-07
je	O=0.9999957084655762|NORM_1WORD=3.849123459076509e-06|NORM_2WORD=3.610094836403732e-07
država	O=0.9999943971633911|NORM_1WORD=4.5925521590106655e-06|NORM_2WORD=8.822166250865848e-07
šuplja	O=0.9999617338180542|NORM_1WORD=3.675854532048106e-05|NORM_2WORD=1.2349654525678488e-06
ko	NORM_1WORD=0.9989672899246216|O=0.0010227360762655735|NORM_2WORD=8.356969374290202e-06
budjav	NORM_1WORD=0.9980073571205139|O=0.00197615590877831|NORM_2WORD=1.3536281585402321e-05
sir	O=0.9993137121200562|NORM_1WORD=0.0006834753439761698|NORM_2WORD=2.249388444397482e-06
.	O=0.9999971389770508|NORM_1WORD=1.6686839217072702e-06|NORM_2WORD=9.418816375728056e-07

ha	O=0.9999974966049194|NORM_1WORD=1.5355938103311928e-06|NORM_2WORD=7.614248147547187e-07
!	O=0.9999960660934448|NORM_1WORD=1.7174045296997065e-06|NORM_2WORD=1.7135860161943128e-06

operi	O=0.9999819993972778|NORM_1WORD=1.7547557945363224e-05|NORM_2WORD=3.417228526814142e-07
kosu	O=0.9999834299087524|NORM_1WORD=1.6012309060897678e-05|NORM_2WORD=4.835077334064408e-07
,	O=0.9999955892562866|NORM_2WORD=2.3413492726831464e-06|NORM_1WORD=1.469009589527559e-06
isfeniraj	O=0.9999842643737793|NORM_1WORD=1.5314779375330545e-05|NORM_2WORD=3.295777162293234e-07
se	O=0.9999947547912598|NORM_1WORD=4.987338343198644e-06|NORM_2WORD=2.7106807465315796e-07
,	O=0.9999957084655762|NORM_2WORD=2.2898314000485698e-06|NORM_1WORD=1.5474194015041576e-06
nalakiraj	O=0.9999783039093018|NORM_1WORD=2.1191946871113032e-05|NORM_2WORD=4.629546026535536e-07
nokte	O=0.9999885559082031|NORM_1WORD=1.0877107342821546e-05|NORM_2WORD=4.286359853722388e-07
,	O=0.9999955892562866|NORM_2WORD=2.3280299501493573e-06|NORM_1WORD=1.4362491356223472e-06
našminkaj	O=0.999461829662323|NORM_1WORD=0.0005354959866963327|NORM_2WORD=2.5038959847734077e-06
se	O=0.9999963045120239|NORM_1WORD=3.426017428864725e-06|NORM_2WORD=2.1399911531716498e-07
,	O=0.9999959468841553|NORM_2WORD=2.145672624465078e-06|NORM_1WORD=1.4125715779300663e-06
obuci	O=0.712832510471344|NORM_1WORD=0.2871546149253845|NORM_2WORD=1.2009892998321448e-05
se	O=0.9999964237213135|NORM_1WORD=3.2486170766787836e-06|NORM_2WORD=2.457024379509676e-07
...	O=0.9999884366989136|NORM_1WORD=9.48831166169839e-06|NORM_2WORD=1.4089204114497988e-06

zivot	NORM_1WORD=0.9999667406082153|NORM_2WORD=1.6172169125638902e-05|O=1.13117403088836e-05
49	O=0.9999674558639526|NORM_1WORD=2.8697948437184095e-05|NORM_2WORD=2.9095617719576694e-06
%	O=0.999985933303833|NORM_1WORD=1.0135778211406432e-05|NORM_2WORD=2.778723910523695e-06
-	O=0.999995231628418|NORM_1WORD=2.1990022105455864e-06|NORM_2WORD=1.895548052743834e-06
ne	O=0.9999922513961792|NORM_1WORD=6.994428076723125e-06|NORM_2WORD=5.42744999165734e-07
zelim	NORM_1WORD=0.9999790191650391|NORM_2WORD=9.720327398099471e-06|O=9.09081609279383e-06
da	O=0.999996542930603|NORM_1WORD=2.8584806841536192e-06|NORM_2WORD=4.335659582466178e-07
pitam	O=0.9999516010284424|NORM_1WORD=4.7143232222879305e-05|NORM_2WORD=1.006116576718341e-06
,	O=0.999995231628418|NORM_1WORD=2.1126454612385714e-06|NORM_2WORD=1.985962398975971e-06
ne	O=0.9999927282333374|NORM_1WORD=6.508983915409772e-06|NORM_2WORD=6.534655199175177e-07
zelim	NORM_1WORD=0.9999788999557495|NORM_2WORD=9.51163201534655e-06|O=9.496043276158161e-06
da	O=0.9999973773956299|NORM_1WORD=2.026817355726962e-06|NORM_2WORD=4.4404194454727985e-07
znam	O=0.9999899864196777|NORM_1WORD=8.909080861485563e-06|NORM_2WORD=7.794415068929084e-07
.	O=0.9999967813491821|NORM_1WORD=1.651515276535065e-06|NORM_2WORD=1.2223001704114722e-06

zbog	O=0.9999936819076538|NORM_1WORD=6.028012649039738e-06|NORM_2WORD=1.963562539231134e-07
ravnoteze	NORM_1WORD=0.5563143491744995|O=0.44368115067481995|NORM_2WORD=4.157279363425914e-06
u	O=0.9999935626983643|NORM_1WORD=6.305547231022501e-06|NORM_2WORD=1.4224603717138962e-07
kosmosu	O=0.9999157190322876|NORM_1WORD=8.402366074733436e-05|NORM_2WORD=2.6958957732858835e-07
,	O=0.9999960660934448|NORM_1WORD=2.7230787509324728e-06|NORM_2WORD=9.15225200515124e-07
ocekujem	NORM_1WORD=0.9999580383300781|O=3.6452220228966326e-05|NORM_2WORD=4.415359398990404e-06
da	O=0.9999887943267822|NORM_1WORD=1.1028240805899259e-05|NORM_2WORD=1.7163596055524977e-07
naidje	NORM_1WORD=0.9999657869338989|O=2.9280130547704175e-05|NORM_2WORD=3.982471298513701e-06
i	O=0.9999719858169556|NORM_1WORD=2.7610254619503394e-05|NORM_2WORD=3.044020218112564e-07
jin	O=0.9992289543151855|NORM_1WORD=0.0007673484506085515|NORM_2WORD=3.4124104786315e-06
.	O=0.9999960660934448|NORM_1WORD=2.618814050947549e-06|NORM_2WORD=9.767285291673033e-07

stojim	O=0.9999920129776001|NORM_1WORD=7.474925496353535e-06|NORM_2WORD=4.029219553558505e-07
na	O=0.9999966621398926|NORM_1WORD=3.014318735949928e-06|NORM_2WORD=2.4916155894061376e-07
stanici	O=0.9999847412109375|NORM_1WORD=1.4819283023825847e-05|NORM_2WORD=3.4658580716495635e-07
i	O=0.9999946355819702|NORM_1WORD=4.651064500649227e-06|NORM_2WORD=5.218494720793387e-07
cekam	NORM_1WORD=0.9999697208404541|O=2.5882889531203546e-05|NORM_2WORD=3.820716756308684e-06
autobus	O=0.9999507665634155|NORM_1WORD=4.829380486626178e-05|NORM_2WORD=7.017137022558018e-07
,	O=0.999996542930603|NORM_1WORD=1.849993509495107e-06|NORM_2WORD=1.1780240356529248e-06
nailazi	O=0.9998188614845276|NORM_1WORD=0.00017957015370484442|NORM_2WORD=1.2884743227914441e-06
profesor	O=0.9999973773956299|NORM_1WORD=2.198656829932588e-06|NORM_2WORD=3.673896742384386e-07
tehnickog	NORM_1WORD=0.9999641180038452|O=2.9106608053552918e-05|NORM_2WORD=5.491893261933001e-06
iz	O=0.9998972415924072|NORM_1WORD=0.00010178831144003198|NORM_2WORD=7.973387710080715e-07
os	NORM_1WORD=0.9540867209434509|O=0.04589173197746277|NORM_2WORD=1.973826510948129e-05
i	O=0.9999951124191284|NORM_1WORD=4.396286840346875e-06|NORM_2WORD=3.056238142562506e-07
kaze	NORM_1WORD=0.9999614953994751|O=3.475531775620766e-05|NORM_2WORD=3.0744013201911002e-06
profesoru	O=0.9999939203262329|NORM_1WORD=5.920957391936099e-06|NORM_2WORD=1.775644165036283e-07
fizike	O=0.9999654293060303|NORM_1WORD=3.355023727635853e-05|NORM_2WORD=7.087407425387937e-07
:	O=0.9999948740005493|NORM_1WORD=3.7406489354907535e-06|NORM_2WORD=1.0681508229026804e-06
dje	NORM_1WORD=0.9999632835388184|O=2.7771893655881286e-05|NORM_2WORD=6.568080152646871e-06
si	O=0.9999898672103882|NORM_1WORD=9.851029062701855e-06|NORM_2WORD=2.772161167285958e-07
ba	O=0.9882652759552002|NORM_1WORD=0.011730043217539787|NORM_2WORD=4.185546004009666e-06
digitronac	NORM_1WORD=0.9990255832672119|O=0.0009709736332297325|NORM_2WORD=3.0107050861261087e-06
?	O=0.9999947547912598|NORM_1WORD=3.4406255053909263e-06|NORM_2WORD=1.3336089068616275e-06

jesam	O=0.9999955892562866|NORM_1WORD=3.454222678556107e-06|NORM_2WORD=7.523818226218282e-07
jedini	O=0.9999959468841553|NORM_1WORD=2.9025800358795095e-06|NORM_2WORD=8.349883842129202e-07
koji	O=0.9999978542327881|NORM_1WORD=1.5423632930833264e-06|NORM_2WORD=4.2635650743250153e-07
ima	O=0.999995231628418|NORM_1WORD=3.2441796520288335e-06|NORM_2WORD=1.1672032087517437e-06
oko	O=0.9999951124191284|NORM_1WORD=4.0185777834267356e-06|NORM_2WORD=7.248095812428801e-07
30ak	NORM_1WORD=0.9964052438735962|O=0.0035879272036254406|NORM_2WORD=5.932273325015558e-06
pcela	NORM_1WORD=0.9993855953216553|O=0.0006094354903325438|NORM_2WORD=4.380136033432791e-06
oko	O=0.999996542930603|NORM_1WORD=2.5168812953779707e-06|NORM_2WORD=7.335783038797672e-07
prozora	O=0.9999959468841553|NORM_1WORD=3.4798288197634974e-06|NORM_2WORD=4.4582515101865283e-07
koje	O=0.9999898672103882|NORM_1WORD=8.752733265282586e-06|NORM_2WORD=1.1260129895163118e-06
uspevaju	O=0.9999780654907227|NORM_1WORD=2.0143848814768717e-05|NORM_2WORD=1.3727031955568236e-06
da	O=0.9999971389770508|NORM_1WORD=2.2757533315598266e-06|NORM_2WORD=4.2524843024693837e-07
prodju	NORM_1WORD=0.9993643164634705|O=0.0006279140943661332|NORM_2WORD=6.483953256974928e-06
kroz	O=0.9999951124191284|NORM_1WORD=4.0299528336618096e-06|NORM_2WORD=5.455404448184709e-07
njega	O=0.9999959468841553|NORM_1WORD=3.11003100250673e-06|NORM_2WORD=7.342890171457839e-07
?	O=0.9999943971633911|NORM_1WORD=3.5239061162428698e-06|NORM_2WORD=1.5546429494861513e-06

ako	O=0.9999942779541016|NORM_1WORD=4.719277058029547e-06|NORM_2WORD=8.339508781318727e-07
zicom	NORM_1WORD=0.999822199344635|O=0.0001751958334352821|NORM_2WORD=2.2491942672786536e-06
ograde	O=0.9974759221076965|NORM_1WORD=0.002512505045160651|NORM_2WORD=8.990870810521301e-06
neki	O=0.9999799728393555|NORM_1WORD=1.8693870515562594e-05|NORM_2WORD=1.0280364222126082e-06
grad	O=0.9999619722366333|NORM_1WORD=3.6540874134516343e-05|NORM_2WORD=1.174927206193388e-06
da	O=0.9999603033065796|NORM_1WORD=3.808629480772652e-05|NORM_2WORD=1.14566091724555e-06
stanovnici	O=0.9999737739562988|NORM_1WORD=2.5762963559827767e-05|NORM_2WORD=3.602013407544291e-07
ne	O=0.9999881982803345|NORM_1WORD=1.1137924957438372e-05|NORM_2WORD=4.63835931441281e-07
mogu	O=0.9998581409454346|NORM_1WORD=0.0001384736824547872|NORM_2WORD=2.3423872335115448e-06
da	O=0.9999674558639526|NORM_1WORD=3.2114498026203364e-05|NORM_2WORD=3.91361709262128e-07
izadju	NORM_1WORD=0.9999744892120361|O=1.9503026123857126e-05|NORM_2WORD=4.828484179597581e-06
i	O=0.9999525547027588|NORM_1WORD=4.663098297896795e-05|NORM_2WORD=5.662487865265575e-07
ko	NORM_1WORD=0.9509526491165161|O=0.04903370514512062|NORM_2WORD=1.1930374967050739e-05
na	O=0.999983549118042|NORM_1WORD=1.5489189536310732e-05|NORM_2WORD=6.671707524219528e-07
streljanje	O=0.9998354911804199|NORM_1WORD=0.00016244957805611193|NORM_2WORD=1.6945261904766085e-06
ih	O=0.9999830722808838|NORM_1WORD=1.6257157767540775e-05|NORM_2WORD=4.908800406155933e-07
odvedu	O=0.9999589920043945|NORM_1WORD=4.000733679276891e-05|NORM_2WORD=6.898882816130936e-07
vezane	O=0.9992689490318298|NORM_1WORD=0.0007267731707543135|NORM_2WORD=3.3658618576737354e-06
,	O=0.9999946355819702|NORM_1WORD=4.2715059862530325e-06|NORM_2WORD=7.876528229644464e-07
mozda	NORM_1WORD=0.9999693632125854|NORM_2WORD=1.2976667676412035e-05|O=1.2556588444567751e-05
skupi	O=0.9987296462059021|NORM_1WORD=0.0012651055585592985|NORM_2WORD=4.242012437316589e-06
toliko	O=0.999969482421875|NORM_1WORD=2.975310962938238e-05|NORM_2WORD=6.297970003288356e-07

pa	O=0.9999977350234985|NORM_1WORD=1.6638825854897732e-06|NORM_2WORD=4.499246699651849e-07
pusi	NORM_1WORD=0.999823272228241|O=0.0001723894092720002|NORM_2WORD=3.6307997106632683e-06
kurac	O=0.9996223449707031|NORM_1WORD=0.0003694960614666343|NORM_2WORD=5.702966973331058e-06
!	O=0.9999964237213135|NORM_1WORD=1.82102007784124e-06|NORM_2WORD=1.337559751846129e-06

neki	O=0.9999897480010986|NORM_1WORD=8.888549928087741e-06|NORM_2WORD=9.530153874948155e-07
ljudi	O=0.9999351501464844|NORM_1WORD=6.0116286476841196e-05|NORM_2WORD=3.19835498885368e-06
me	O=0.9999951124191284|NORM_1WORD=4.061772870045388e-06|NORM_2WORD=6.414907716134621e-07
jednostavno	O=0.9999786615371704|NORM_1WORD=1.880823947431054e-05|NORM_2WORD=1.8487011175238877e-06
nikada	O=0.9999953508377075|NORM_1WORD=3.902104253938887e-06|NORM_2WORD=6.423326794902096e-07
nece	NORM_1WORD=0.9999791383743286|O=1.4851458217890467e-05|NORM_2WORD=4.858414740738226e-06
voleti	O=0.9999755620956421|NORM_1WORD=2.3364898879663087e-05|NORM_2WORD=8.30343537927547e-07
,	O=0.9999936819076538|NORM_1WORD=4.724493010144215e-06|NORM_2WORD=1.2267037163837813e-06
ali	O=0.9999865293502808|NORM_1WORD=1.2644333764910698e-05|NORM_2WORD=5.540221081901109e-07
mene	O=0.9999957084655762|NORM_1WORD=3.2678863135515712e-06|NORM_2WORD=7.359573146459297e-07
,	O=0.9999929666519165|NORM_1WORD=5.191138370719273e-06|NORM_2WORD=1.4434806416829815e-06
sto	NORM_1WORD=0.9999772310256958|O=1.2384528417896945e-05|NORM_2WORD=7.829826245142613e-06
je	O=0.9999778270721436|NORM_1WORD=2.1667570763383992e-05|NORM_2WORD=3.352212161189527e-07
jos	NORM_1WORD=0.9999703168869019|O=1.9502313080010936e-05|NORM_2WORD=7.67928304412635e-06
jednostavnije	O=0.9938920736312866|NORM_1WORD=0.006106020417064428|NORM_2WORD=1.4921421325198025e-06
,	O=0.9999948740005493|NORM_1WORD=3.5023881537199486e-06|NORM_2WORD=1.2472664820961654e-06
nikada	O=0.9999955892562866|NORM_1WORD=3.7732811506430153e-06|NORM_2WORD=5.259674367152911e-07
nece	NORM_1WORD=0.9999798536300659|O=1.367977984045865e-05|NORM_2WORD=5.097340817883378e-06
zanimati	O=0.9999921321868896|NORM_1WORD=7.238897524075583e-06|NORM_2WORD=4.4916848196407955e-07
njihovo	O=0.9999775886535645|NORM_1WORD=2.039260471065063e-05|NORM_2WORD=1.3782168934994843e-06
misljenje	NORM_1WORD=0.9985563158988953|O=0.001436677877791226|NORM_2WORD=5.920830062677851e-06
.	O=0.999996542930603|NORM_1WORD=2.244139523099875e-06|NORM_2WORD=9.70551468526537e-07

majko	O=0.999991774559021|NORM_1WORD=7.786023161315825e-06|NORM_2WORD=3.278816222973546e-07
,	O=0.9999960660934448|NORM_2WORD=1.9602864540502196e-06|NORM_1WORD=1.421463821316138e-06
ja	O=0.9999972581863403|NORM_1WORD=1.6472752122353995e-06|NORM_2WORD=8.542252203369571e-07
ću	O=0.9999955892562866|NORM_1WORD=2.7736698484659428e-06|NORM_2WORD=1.3217764944783994e-06
sutra	O=0.9999972581863403|NORM_1WORD=1.9361393697181484e-06|NORM_2WORD=6.164599994917808e-07
zakovati	O=0.9898921251296997|NORM_1WORD=0.01008583139628172|NORM_2WORD=1.874495137599297e-05
takvog	O=0.9999951124191284|NORM_1WORD=4.012607405456947e-06|NORM_2WORD=7.247446092151222e-07
keca	O=0.9999885559082031|NORM_1WORD=1.0404131899122149e-05|NORM_2WORD=7.932164294288668e-07
,	O=0.9999958276748657|NORM_2WORD=1.9511951450112974e-06|NORM_1WORD=1.6348918734365725e-06
dobiti	O=0.99994957447052|NORM_1WORD=4.828066812478937e-05|NORM_2WORD=1.8217875776826986e-06
neopravdane	O=0.9981293082237244|NORM_1WORD=0.0018630506237968802|NORM_2WORD=6.547198609041516e-06
,	O=0.9999940395355225|NORM_1WORD=2.5963927328120917e-06|NORM_2WORD=2.53203984357242e-06
ali	O=0.9999955892562866|NORM_1WORD=3.323078772154986e-06|NORM_2WORD=7.832244364180951e-07
bitno	O=0.9999921321868896|NORM_1WORD=7.3299147516081575e-06|NORM_2WORD=4.041932015752536e-07
je	O=0.9999953508377075|NORM_1WORD=4.159936452197144e-06|NORM_2WORD=3.301325079974049e-07
da	O=0.9999972581863403|NORM_1WORD=2.1197472506173654e-06|NORM_2WORD=4.974238549948495e-07
sam	O=0.9999954700469971|NORM_1WORD=3.577492179829278e-06|NORM_2WORD=6.747889074176783e-07
živa	O=0.9999909400939941|NORM_1WORD=8.254709428001661e-06|NORM_2WORD=5.959401505606365e-07
i	O=0.9999939203262329|NORM_1WORD=4.959682428307133e-06|NORM_2WORD=7.999735771591077e-07
zdrava	O=0.9999926090240479|NORM_1WORD=6.827480774518335e-06|NORM_2WORD=4.75141973765858e-07
je	O=0.9999561309814453|NORM_1WORD=4.2670235416153446e-05|NORM_2WORD=9.575293233865523e-07
l'	NORM_1WORD=0.9999099969863892|O=4.6544715587515384e-05|NORM_2WORD=3.212699084542692e-05
da	O=0.9999854564666748|NORM_1WORD=1.3965413927508052e-05|NORM_2WORD=5.068486075288092e-07
?	O=0.9999966621398926|NORM_1WORD=1.7971120769288973e-06|NORM_2WORD=1.1617122481766273e-06

