꼴릿꼴릿하노	NORM_1WORD=0.6571131944656372|NORM_2WORD=0.151714026927948|O=0.1418229341506958|NORM_3PLUS=0.04698505625128746

년들	O=0.9360238313674927|NORM_1WORD=0.05562574788928032|NORM_2WORD=0.006787239108234644|NORM_3PLUS=0.0014859833754599094
허영심	O=0.997051477432251|NORM_1WORD=0.0018263994716107845|NORM_2WORD=0.0008790967403911054|NORM_3PLUS=0.00019028886163141578
만땅	O=0.9973865151405334|NORM_1WORD=0.0018499258439987898|NORM_2WORD=0.0005583996535278857|NORM_3PLUS=0.0001542994868941605
프로포즈	O=0.9977432489395142|NORM_2WORD=0.0010059167398139834|NORM_1WORD=0.0009761550463736057|NORM_3PLUS=0.00018974291742779315
가방	O=0.997766375541687|NORM_1WORD=0.0013382519828155637|NORM_2WORD=0.0006186017417348921|NORM_3PLUS=0.00018104743503499776
브라덜샤워	O=0.994082510471344|NORM_1WORD=0.0036892907228320837|NORM_2WORD=0.0019063287181779742|NORM_3PLUS=0.0002704696962609887
3천만원	O=0.9980090260505676|NORM_1WORD=0.0010364975314587355|NORM_2WORD=0.0006796803791075945|NORM_3PLUS=0.00017032049072440714
결혼식	O=0.996921956539154|NORM_1WORD=0.0016521469224244356|NORM_2WORD=0.001124991336837411|NORM_3PLUS=0.0002192342362832278
거르는거지	O=0.9937726855278015|NORM_1WORD=0.0031417987775057554|NORM_2WORD=0.0024017211981117725|NORM_3PLUS=0.00046748132444918156
안쓴다는건아님	O=0.9933804273605347|NORM_1WORD=0.0034849420189857483|NORM_2WORD=0.0023524793796241283|NORM_3PLUS=0.0005522362189367414

맞아요	O=0.9991509914398193|NORM_1WORD=0.0005776339094154537|NORM_2WORD=0.00019467064703349024|NORM_3PLUS=5.393840547185391e-05
잘해도	O=0.9989765882492065|NORM_1WORD=0.0005769118433818221|NORM_2WORD=0.0002974788367282599|NORM_3PLUS=9.416439570486546e-05
요즘애들	O=0.9988614320755005|NORM_1WORD=0.0006370312767103314|NORM_2WORD=0.0003692431200761348|NORM_3PLUS=9.775612852536142e-05
같지	O=0.9984728693962097|NORM_1WORD=0.0008563274750486016|NORM_2WORD=0.000489768513944|NORM_3PLUS=0.00012729380978271365
않게	O=0.9994078874588013|NORM_1WORD=0.000332109717419371|NORM_2WORD=0.00016792584210634232|NORM_3PLUS=5.8631754654925317e-05
소리	O=0.9995118379592896|NORM_1WORD=0.00029487849678844213|NORM_2WORD=0.00011758754408219829|NORM_3PLUS=4.96802749694325e-05
들으면	O=0.9991803765296936|NORM_1WORD=0.00040962794446386397|NORM_2WORD=0.00028252077754586935|NORM_3PLUS=8.609514043200761e-05
칭찬처럼	O=0.999158501625061|NORM_1WORD=0.0004356241843197495|NORM_2WORD=0.00026540880207903683|NORM_3PLUS=9.163992945104837e-05
들리지	O=0.9990795850753784|NORM_1WORD=0.0004682553408201784|NORM_2WORD=0.000290006137220189|NORM_3PLUS=0.00010559026122791693
않아요	O=0.9994055032730103|NORM_1WORD=0.0003599432820919901|NORM_2WORD=0.00017118309915531427|NORM_3PLUS=4.320606967667118e-05

군데	O=0.997795581817627|NORM_1WORD=0.0012863656738772988|NORM_2WORD=0.0006871597142890096|NORM_3PLUS=0.00015205757517833263
공룡	O=0.9944361448287964|NORM_1WORD=0.003614284796640277|NORM_2WORD=0.0015139663591980934|NORM_3PLUS=0.0003277290379628539
다들	O=0.9984920024871826|NORM_1WORD=0.0009718433138914406|NORM_2WORD=0.0004114607581868768|NORM_3PLUS=9.082827455131337e-05
웨케	O=0.9964941143989563|NORM_1WORD=0.002523031085729599|NORM_2WORD=0.0007823440246284008|NORM_3PLUS=0.00015095867274794728
몸집	O=0.9966554641723633|NORM_1WORD=0.0018569115782156587|NORM_2WORD=0.0011208781506866217|NORM_3PLUS=0.0002630637027323246
커	O=0.9988093376159668|NORM_1WORD=0.0007223529391922057|NORM_2WORD=0.00034957099705934525|NORM_3PLUS=7.667613681405783e-05

요즘	O=0.9996577501296997|NORM_1WORD=0.00018760426610242575|NORM_2WORD=9.669822611613199e-05|NORM_3PLUS=3.815114177996293e-05
저런	O=0.9987296462059021|NORM_1WORD=0.0006154024158604443|NORM_2WORD=0.0004509488062467426|NORM_3PLUS=0.00013927638065069914
외모	O=0.999112069606781|NORM_1WORD=0.00040009169606491923|NORM_2WORD=0.00034033507108688354|NORM_3PLUS=9.568258974468336e-05
가진	O=0.9994975328445435|NORM_1WORD=0.00025410830858163536|NORM_2WORD=0.00015497223648708314|NORM_3PLUS=5.527034227270633e-05
일본	O=0.9996275901794434|NORM_1WORD=0.00021416936942841858|NORM_2WORD=0.00010024886432802305|NORM_3PLUS=3.816250682575628e-05
남배우	O=0.9995937943458557|NORM_1WORD=0.00022674216597806662|NORM_2WORD=0.00012169781984994188|NORM_3PLUS=3.9055044908309355e-05
없나	O=0.9996045231819153|NORM_1WORD=0.00024066869809757918|NORM_2WORD=0.0001088162898668088|NORM_3PLUS=3.4617823985172436e-05
진짜	O=0.9997054934501648|NORM_1WORD=0.0001708456256892532|NORM_2WORD=8.121968858176842e-05|NORM_3PLUS=2.9737342629232444e-05
존나	O=0.8220892548561096|NORM_1WORD=0.16717201471328735|NORM_2WORD=0.00843114499002695|NORM_3PLUS=0.00220501865260303
멋있네	O=0.9994291663169861|NORM_1WORD=0.0003055795095860958|NORM_2WORD=0.00018167495727539062|NORM_3PLUS=5.560263161896728e-05

크	O=0.9716261029243469|NORM_1WORD=0.025154128670692444|NORM_2WORD=0.0024858471006155014|NORM_3PLUS=0.0006273256149142981
가오지	NORM_1WORD=0.8210062384605408|NORM_2WORD=0.07976893335580826|O=0.07484664767980576|NORM_3PLUS=0.02308564819395542

인천사람들	O=0.9984643459320068|NORM_1WORD=0.0008556263637728989|NORM_2WORD=0.000523364928085357|NORM_3PLUS=0.00011705335055012256
안가는	O=0.9993351101875305|NORM_1WORD=0.0003456279810052365|NORM_2WORD=0.00023228854115586728|NORM_3PLUS=5.7063301937887445e-05
소래포구	O=0.9982825517654419|NORM_1WORD=0.0008880597888492048|NORM_2WORD=0.000629753281828016|NORM_3PLUS=0.00014241132885217667
ㅋㅋ	O=0.9993651509284973|NORM_1WORD=0.00038434803718701005|NORM_2WORD=0.0001679434790275991|NORM_3PLUS=5.508264439413324e-05
지역주민	O=0.999026894569397|NORM_1WORD=0.00047775034909136593|NORM_2WORD=0.00033862065174616873|NORM_3PLUS=0.00011342404468450695
마저	O=0.9991768002510071|NORM_1WORD=0.0003789610927924514|NORM_2WORD=0.0003260865923948586|NORM_3PLUS=8.032562618609518e-05
외면하는	O=0.9988366961479187|NORM_1WORD=0.0005738796317018569|NORM_2WORD=0.00042439522803761065|NORM_3PLUS=0.00011018649820471182
이유	O=0.9995095729827881|NORM_1WORD=0.00025520933559164405|NORM_2WORD=0.00015122166951186955|NORM_3PLUS=5.662252806359902e-05
다들	O=0.9991868138313293|NORM_1WORD=0.0004474142915569246|NORM_2WORD=0.0002626791247166693|NORM_3PLUS=7.336997805396095e-05
아시죠	O=0.9992052912712097|NORM_1WORD=0.0004518451460171491|NORM_2WORD=0.0002633999101817608|NORM_3PLUS=5.738904656027444e-05

와	O=0.999413013458252|NORM_1WORD=0.0004327220667619258|NORM_2WORD=0.00010457597818458453|NORM_3PLUS=3.67317879863549e-05
정말	O=0.99962317943573|NORM_1WORD=0.000256022613029927|NORM_2WORD=7.887341780588031e-05|NORM_3PLUS=3.063580152229406e-05
대단한	O=0.9993489384651184|NORM_1WORD=0.00037150963908061385|NORM_2WORD=0.00019752455409616232|NORM_3PLUS=5.349516504793428e-05
청년	O=0.999545156955719|NORM_1WORD=0.0002672491245903075|NORM_2WORD=0.00011994002852588892|NORM_3PLUS=4.287370393285528e-05
일쎄	O=0.999487042427063|NORM_1WORD=0.0003396666143089533|NORM_2WORD=0.00011563288717297837|NORM_3PLUS=4.5078857510816306e-05
이런	O=0.9996713399887085|NORM_1WORD=0.00020353014406282455|NORM_2WORD=8.333915320690721e-05|NORM_3PLUS=2.9740211175521836e-05
청년들	O=0.9992247819900513|NORM_1WORD=0.0004390346002765|NORM_2WORD=0.00023308966774493456|NORM_3PLUS=6.97801515343599e-05
나와야	O=0.9995689988136292|NORM_1WORD=0.0002431382454233244|NORM_2WORD=0.00013588342699222267|NORM_3PLUS=3.880607255268842e-05
우리나라	O=0.9996893405914307|NORM_1WORD=0.00016947535914368927|NORM_2WORD=9.040298027684912e-05|NORM_3PLUS=3.697464126162231e-05
도	O=0.9996939897537231|NORM_1WORD=0.0001879934425232932|NORM_2WORD=7.671368803130463e-05|NORM_3PLUS=2.9699756851186976e-05
위상	O=0.999473512172699|NORM_1WORD=0.0003098340530414134|NORM_2WORD=0.000149652871186845|NORM_3PLUS=4.6088396629784256e-05
이	O=0.9996132254600525|NORM_1WORD=0.0002465163415763527|NORM_2WORD=9.304294508183375e-05|NORM_3PLUS=3.2894869946176186e-05
올라가지	O=0.9992781281471252|NORM_1WORD=0.00035294442204758525|NORM_2WORD=0.00025666115107014775|NORM_3PLUS=7.306712359422818e-05

우리	O=0.9973074197769165|NORM_1WORD=0.002098890021443367|NORM_2WORD=0.0004657523240894079|NORM_3PLUS=0.00010051178105641156
파카	O=0.9905891418457031|NORM_1WORD=0.006897642742842436|NORM_2WORD=0.0018364571733400226|NORM_3PLUS=0.0005234589334577322
응원해	O=0.987812340259552|NORM_1WORD=0.009766415692865849|NORM_2WORD=0.002048986963927746|NORM_3PLUS=0.00032683578319847584

검사	O=0.9984123706817627|NORM_1WORD=0.0011842517415061593|NORM_2WORD=0.00030307911220006645|NORM_3PLUS=7.823373016435653e-05
이거	O=0.9989153146743774|NORM_1WORD=0.0005025990540161729|NORM_2WORD=0.0004337620921432972|NORM_3PLUS=0.00010453396680532023
깔아서	O=0.9988446235656738|NORM_1WORD=0.0005443936679512262|NORM_2WORD=0.0004760367446579039|NORM_3PLUS=0.00010425509390188381
들어갔다가	O=0.9990604519844055|NORM_1WORD=0.00043888238724321127|NORM_2WORD=0.0003811832866631448|NORM_3PLUS=8.437711221631616e-05
퀘스트	O=0.998474657535553|NORM_1WORD=0.0007612717454321682|NORM_2WORD=0.0006107707158662379|NORM_3PLUS=0.00010729274799814448
동선	O=0.99893718957901|NORM_1WORD=0.0005575676914304495|NORM_2WORD=0.0003870460204780102|NORM_3PLUS=8.310926932608709e-05
자동	O=0.9993971586227417|NORM_1WORD=0.000308771530399099|NORM_2WORD=0.00021025826572440565|NORM_3PLUS=5.5854357924545184e-05
따라가는	O=0.9987756609916687|NORM_1WORD=0.0005360934883356094|NORM_2WORD=0.0005083884461782873|NORM_3PLUS=0.00011944844300160185
오토무빙	O=0.9977824091911316|NORM_1WORD=0.0010889677796512842|NORM_2WORD=0.0008763322257436812|NORM_3PLUS=0.0001688983611529693
그거	O=0.9990907907485962|NORM_1WORD=0.00044683911255560815|NORM_2WORD=0.0003217147896066308|NORM_3PLUS=9.839126869337633e-05
보자마자	O=0.9992130994796753|NORM_1WORD=0.0003539029567036778|NORM_2WORD=0.00034238831722177565|NORM_3PLUS=7.261260179802775e-05
바로	O=0.9994317889213562|NORM_1WORD=0.00031615153420716524|NORM_2WORD=0.00018168703536503017|NORM_3PLUS=5.066071389592253e-05
삭제했는데	O=0.9989620447158813|NORM_1WORD=0.0006129491375759244|NORM_2WORD=0.0003210135328117758|NORM_3PLUS=7.416556763928384e-05
병신같은	NORM_1WORD=0.5535382032394409|NORM_2WORD=0.1988077461719513|O=0.18041346967220306|NORM_3PLUS=0.06531989574432373
K게임	O=0.9962479472160339|NORM_1WORD=0.0020081144757568836|NORM_2WORD=0.001359382877126336|NORM_3PLUS=0.0002867570146918297
역시	O=0.9992719292640686|NORM_1WORD=0.00038012690492905676|NORM_2WORD=0.0002458139497321099|NORM_3PLUS=6.829763151472434e-05
다	O=0.9993999004364014|NORM_1WORD=0.0003012508386746049|NORM_2WORD=0.00022123374219518155|NORM_3PLUS=5.4821586672915146e-05
똑같다	O=0.9991039633750916|NORM_1WORD=0.0004316134727559984|NORM_2WORD=0.0003576616873033345|NORM_3PLUS=7.536921475548297e-05
자동사냥	O=0.9984056353569031|NORM_1WORD=0.0009527374641038477|NORM_2WORD=0.0004828993696719408|NORM_3PLUS=0.00011295692820567638
도	O=0.9994391798973083|NORM_1WORD=0.00032576313242316246|NORM_2WORD=0.00015696429181843996|NORM_3PLUS=5.309104744810611e-05
그렇고	O=0.9988524913787842|NORM_1WORD=0.0005553363007493317|NORM_2WORD=0.0004603460256475955|NORM_3PLUS=9.290637535741553e-05
그딴게	O=0.9977685213088989|NORM_1WORD=0.0010655501391738653|NORM_2WORD=0.0009741110843606293|NORM_3PLUS=0.00013632063928525895
게임이냐	O=0.9990124702453613|NORM_1WORD=0.000518913147971034|NORM_2WORD=0.0003546054649632424|NORM_3PLUS=8.029281161725521e-05

사진	O=0.999473512172699|NORM_1WORD=0.0002753501175902784|NORM_2WORD=0.00016793319082353264|NORM_3PLUS=4.848482785746455e-05
이뻐요	O=0.9995367527008057|NORM_1WORD=0.00022517816978506744|NORM_2WORD=0.0001797790318960324|NORM_3PLUS=4.0330276533495635e-05
전부다	O=0.999462902545929|NORM_1WORD=0.00026769362739287317|NORM_2WORD=0.0001965508854482323|NORM_3PLUS=5.21787915204186e-05
아이폰	O=0.9993708729743958|NORM_1WORD=0.0003370226768311113|NORM_2WORD=0.00019885553047060966|NORM_3PLUS=5.650312596117146e-05
인가요	O=0.999539852142334|NORM_1WORD=0.00023531033366452903|NORM_2WORD=0.00015703447570558637|NORM_3PLUS=4.3309861212037504e-05
아님	O=0.9995468258857727|NORM_1WORD=0.00022631372848991305|NORM_2WORD=0.00016047527606133372|NORM_3PLUS=4.397815064294264e-05
다른	O=0.9996867179870605|NORM_1WORD=0.00016064272494986653|NORM_2WORD=0.00010196078073931858|NORM_3PLUS=3.3733838790794834e-05
카메라	O=0.9994327425956726|NORM_1WORD=0.00027281424263492227|NORM_2WORD=0.0001952553284354508|NORM_3PLUS=5.997165135340765e-05
섞여있나용	O=0.9980494976043701|NORM_1WORD=0.0010188791202381253|NORM_2WORD=0.0007343293400481343|NORM_3PLUS=0.00014451351307798177
잘	O=0.9996182918548584|NORM_1WORD=0.00020638627756852657|NORM_2WORD=0.00011757214815588668|NORM_3PLUS=3.670424484880641e-05
봤어요	O=0.9994727969169617|NORM_1WORD=0.00026529867318458855|NORM_2WORD=0.0001935565087478608|NORM_3PLUS=4.528572753770277e-05

낭만	O=0.9990212917327881|NORM_1WORD=0.0005468085291795433|NORM_2WORD=0.000272900186246261|NORM_3PLUS=9.176027378998697e-05
까지	O=0.9995552897453308|NORM_1WORD=0.0003159359039273113|NORM_2WORD=7.700017158640549e-05|NORM_3PLUS=3.412393925827928e-05
있네	O=0.9996606111526489|NORM_1WORD=0.00022815645206719637|NORM_2WORD=6.300830864347517e-05|NORM_3PLUS=3.2785468647489324e-05
ㅋㅋ	O=0.9994139671325684|NORM_1WORD=0.000426195387262851|NORM_2WORD=8.915084617910907e-05|NORM_3PLUS=4.6475553972413763e-05

충청도	O=0.9970794916152954|NORM_1WORD=0.0017293757991865277|NORM_2WORD=0.00087418791372329|NORM_3PLUS=0.0002755012537818402
맛있겠냐	O=0.9970019459724426|NORM_1WORD=0.0018720253137871623|NORM_2WORD=0.0009503333712927997|NORM_3PLUS=0.0001379838795401156
씨발아	NORM_1WORD=0.7650666236877441|O=0.11367518454790115|NORM_2WORD=0.0952395424246788|NORM_3PLUS=0.02557949349284172

기성세대	O=0.9979070425033569|NORM_1WORD=0.0012157296296209097|NORM_2WORD=0.0005912318010814488|NORM_3PLUS=0.00018938680295832455
기득권	O=0.998492956161499|NORM_1WORD=0.0007893307483755052|NORM_2WORD=0.0005597147392109036|NORM_3PLUS=0.00010324741742806509
가지고	O=0.9991708993911743|NORM_1WORD=0.00039292810834012926|NORM_2WORD=0.0002927984460256994|NORM_3PLUS=7.79854817665182e-05
있으니	O=0.9992313385009766|NORM_1WORD=0.00041893162415362895|NORM_2WORD=0.000241675297729671|NORM_3PLUS=6.451872468460351e-05
부탁	O=0.9991425275802612|NORM_1WORD=0.00045941618736833334|NORM_2WORD=0.00028646597638726234|NORM_3PLUS=7.287788321264088e-05
하는게	O=0.9983019828796387|NORM_1WORD=0.0009555297438055277|NORM_2WORD=0.0005457281367853284|NORM_3PLUS=0.00012877433618996292
아니라	O=0.9993065595626831|NORM_1WORD=0.0004157446091994643|NORM_2WORD=0.00020640221191570163|NORM_3PLUS=4.3880660086870193e-05
주문	O=0.9990928173065186|NORM_1WORD=0.0004905188689008355|NORM_2WORD=0.00029839089256711304|NORM_3PLUS=7.774903497193009e-05
하는거지	O=0.9984866380691528|NORM_1WORD=0.0007763054454699159|NORM_2WORD=0.0005551063804887235|NORM_3PLUS=0.00010873172141145915

전라도	O=0.9979726672172546|NORM_1WORD=0.001542695565149188|NORM_2WORD=0.00035417627077549696|NORM_3PLUS=0.00010297654807800427
40대	O=0.9964913725852966|NORM_1WORD=0.0018317735521122813|NORM_2WORD=0.0011546328896656632|NORM_3PLUS=0.00037267935113050044
진보대학생들	O=0.9971480965614319|NORM_1WORD=0.001376406871713698|NORM_2WORD=0.0011665726779028773|NORM_3PLUS=0.00024178216699510813
대구청년정책	O=0.9959917664527893|NORM_1WORD=0.0020263756159693003|NORM_2WORD=0.001350771402940154|NORM_3PLUS=0.00043808549526147544
대격노	O=0.9277039170265198|NORM_1WORD=0.05900599807500839|NORM_2WORD=0.011107594706118107|NORM_3PLUS=0.0020188221242278814

뒤질	O=0.5514256358146667|NORM_1WORD=0.3725367784500122|NORM_2WORD=0.06611624360084534|NORM_3PLUS=0.009638609364628792
때	O=0.9964620471000671|NORM_1WORD=0.00198399112559855|NORM_2WORD=0.001234792754985392|NORM_3PLUS=0.00028517559985630214
한	O=0.9991298317909241|NORM_1WORD=0.0004929279675707221|NORM_2WORD=0.0002811902086250484|NORM_3PLUS=7.217204256448895e-05
번	O=0.9990216493606567|NORM_1WORD=0.0005041732219979167|NORM_2WORD=0.00031944672809913754|NORM_3PLUS=0.00010335550177842379
잘	O=0.9995515942573547|NORM_1WORD=0.00024804362328723073|NORM_2WORD=0.0001456294412491843|NORM_3PLUS=3.841732905129902e-05
생각해봐라	O=0.9987435936927795|NORM_1WORD=0.0006160163902677596|NORM_2WORD=0.0005054996581748128|NORM_3PLUS=9.863192099146545e-05

찍어	O=0.9468098282814026|NORM_1WORD=0.045732252299785614|NORM_2WORD=0.006681056693196297|NORM_3PLUS=0.0007031115237623453

ㄹㅇ	NORM_1WORD=0.9373955130577087|NORM_2WORD=0.032864075154066086|O=0.017454376444220543|NORM_3PLUS=0.011858646757900715
몇번	O=0.9978590607643127|NORM_1WORD=0.0011926640290766954|NORM_2WORD=0.0006914755795150995|NORM_3PLUS=0.00017111818306148052
을	O=0.9991822838783264|NORM_1WORD=0.0005460773245431483|NORM_2WORD=0.00019854382844641805|NORM_3PLUS=5.3285395551938564e-05
봐도	O=0.9993162155151367|NORM_1WORD=0.00034736155066639185|NORM_2WORD=0.0002559808490332216|NORM_3PLUS=5.739881453337148e-05
명작	O=0.9971790313720703|NORM_1WORD=0.0017374458257108927|NORM_2WORD=0.0008222307078540325|NORM_3PLUS=0.00019476654415484518

삼엽충	NORM_1WORD=0.6789841055870056|NORM_2WORD=0.1387055367231369|O=0.11792831122875214|NORM_3PLUS=0.06197099760174751

미국야구장	O=0.9949186444282532|NORM_1WORD=0.002990968758240342|NORM_2WORD=0.0014946582959964871|NORM_3PLUS=0.0004370158421806991
왜	O=0.9990004897117615|NORM_1WORD=0.0007046890677884221|NORM_2WORD=0.0002055798249784857|NORM_3PLUS=7.285751780727878e-05
순대	O=0.9971776008605957|NORM_1WORD=0.0019265152513980865|NORM_2WORD=0.0006583584472537041|NORM_3PLUS=0.00018149538664147258
파놐	O=0.9870730638504028|NORM_1WORD=0.011386962607502937|NORM_2WORD=0.0011943681165575981|NORM_3PLUS=0.00028904314967803657
ㅋㅋ	O=0.9979191422462463|NORM_1WORD=0.0016781273297965527|NORM_2WORD=0.0002769476268440485|NORM_3PLUS=9.41880643949844e-05

난	O=0.9942065477371216|NORM_1WORD=0.004635900724679232|NORM_2WORD=0.0008665064233355224|NORM_3PLUS=0.00026297272415831685
테넷	O=0.984921395778656|NORM_1WORD=0.00924425944685936|NORM_2WORD=0.004950875416398048|NORM_3PLUS=0.0006919732550159097
지리면서	O=0.996216356754303|NORM_2WORD=0.0017125685699284077|NORM_1WORD=0.0015852118376642466|NORM_3PLUS=0.0003791642957367003
봤는뎅	O=0.9196699857711792|NORM_1WORD=0.06802751868963242|NORM_2WORD=0.010043369606137276|NORM_3PLUS=0.00201808987185359

읽었네요	O=0.9892676472663879|NORM_1WORD=0.007783384993672371|NORM_2WORD=0.0024976786226034164|NORM_3PLUS=0.0003620376519393176

팩트	O=0.9989702701568604|NORM_1WORD=0.0006127720698714256|NORM_2WORD=0.00028643678524531424|NORM_3PLUS=9.929454972734675e-05
진짜로	O=0.9991932511329651|NORM_1WORD=0.00045721864444203675|NORM_2WORD=0.0002714669390115887|NORM_3PLUS=6.127478263806552e-05
한일	O=0.9988579750061035|NORM_1WORD=0.0006471151718869805|NORM_2WORD=0.0003693121543619782|NORM_3PLUS=9.358003444503993e-05
단교되길	O=0.9986270666122437|NORM_1WORD=0.0007682672003284097|NORM_2WORD=0.0004887186223641038|NORM_3PLUS=9.091015090234578e-05
원하는	O=0.9995502829551697|NORM_1WORD=0.00028891710098832846|NORM_2WORD=0.00011431649181758985|NORM_3PLUS=3.1699499231763184e-05
새끼들	NORM_1WORD=0.8307892680168152|NORM_2WORD=0.08410587906837463|O=0.062215957790613174|NORM_3PLUS=0.022206127643585205
제식갤이다	O=0.9957864880561829|NORM_1WORD=0.0021325082052499056|NORM_2WORD=0.001761364983394742|NORM_3PLUS=0.0002568731433711946
일뽕	O=0.9931013584136963|NORM_1WORD=0.004987518303096294|NORM_2WORD=0.0015459152637049556|NORM_3PLUS=0.0002875072823371738
=	O=0.9986149072647095|NORM_1WORD=0.0008688436937518418|NORM_2WORD=0.0004208166210446507|NORM_3PLUS=7.438512693624943e-05
짱깨	NORM_1WORD=0.8293949365615845|O=0.0910920798778534|NORM_2WORD=0.06042800843715668|NORM_3PLUS=0.018469680100679398

재밌단	O=0.9925934672355652|NORM_1WORD=0.004699225537478924|NORM_2WORD=0.0018429409246891737|NORM_3PLUS=0.0005758086917921901
무미건조한	O=0.9868119359016418|NORM_1WORD=0.006969977170228958|NORM_2WORD=0.0051070754416286945|NORM_3PLUS=0.0009735935600474477
삶	O=0.9977372884750366|NORM_1WORD=0.001386549905873835|NORM_2WORD=0.0005348356207832694|NORM_3PLUS=0.000232269725529477
살아왔던거냐	O=0.9956293106079102|NORM_1WORD=0.0030112501699477434|NORM_2WORD=0.001063958858139813|NORM_3PLUS=0.0002553871599957347
망하기	O=0.9932067394256592|NORM_1WORD=0.004676729440689087|NORM_2WORD=0.0016048685647547245|NORM_3PLUS=0.0003804074367508292
개콘수준	O=0.9848989844322205|NORM_1WORD=0.009784265421330929|NORM_2WORD=0.004420938435941935|NORM_3PLUS=0.0008245607605203986
이구만	O=0.9932946562767029|NORM_1WORD=0.0038311611860990524|NORM_2WORD=0.002359936246648431|NORM_3PLUS=0.0004285394970793277

뜬금	O=0.995882511138916|NORM_1WORD=0.002611634088680148|NORM_2WORD=0.001151866978034377|NORM_3PLUS=0.0002786635886877775
홍보	O=0.9981499910354614|NORM_1WORD=0.001047333236783743|NORM_2WORD=0.0004997054929845035|NORM_3PLUS=0.00018598359019961208
섞어넣네	O=0.9971060156822205|NORM_1WORD=0.0018932422390207648|NORM_2WORD=0.0007814030977897346|NORM_3PLUS=0.00014965591253712773

그렇읍니까	O=0.9759171605110168|NORM_1WORD=0.019284315407276154|NORM_2WORD=0.003919471520930529|NORM_3PLUS=0.0007652489002794027
정말	O=0.9997003078460693|NORM_1WORD=0.00018338144582230598|NORM_2WORD=7.018545147730038e-05|NORM_3PLUS=3.482234023977071e-05
너무	O=0.999642014503479|NORM_1WORD=0.00022644193086307496|NORM_2WORD=7.91364218457602e-05|NORM_3PLUS=3.801775528700091e-05
예뻤음	O=0.999534010887146|NORM_1WORD=0.0002500864793546498|NORM_2WORD=0.00014878431102260947|NORM_3PLUS=4.832968988921493e-05

디렉터	O=0.9962355494499207|NORM_1WORD=0.0020191322546452284|NORM_2WORD=0.0014239615993574262|NORM_3PLUS=0.00024165604554582387
사인회	O=0.9976338148117065|NORM_1WORD=0.0014811689034104347|NORM_2WORD=0.000664258433971554|NORM_3PLUS=0.000179587077582255
또	O=0.9956511855125427|NORM_1WORD=0.0034008785150945187|NORM_2WORD=0.0007614010246470571|NORM_3PLUS=0.00016382418107241392

흑누나	O=0.8655620217323303|NORM_1WORD=0.11372553557157516|NORM_2WORD=0.016788432374596596|NORM_3PLUS=0.0037474134005606174
존나	NORM_1WORD=0.49749526381492615|O=0.4806405007839203|NORM_2WORD=0.017029212787747383|NORM_3PLUS=0.004702770616859198
이쁘네	O=0.9993058443069458|NORM_1WORD=0.000406128354370594|NORM_2WORD=0.0002048526657745242|NORM_3PLUS=5.8935376728186384e-05
저런	O=0.9996148347854614|NORM_1WORD=0.00022163489484228194|NORM_2WORD=0.00010983646643580869|NORM_3PLUS=3.965283030993305e-05
파마머리	O=0.9974367022514343|NORM_1WORD=0.0013456267770379782|NORM_2WORD=0.0009243348613381386|NORM_3PLUS=0.00022362654272001237
이쁘긴	O=0.9994600415229797|NORM_1WORD=0.00034535551094450057|NORM_2WORD=0.00014161552826408297|NORM_3PLUS=3.989896140410565e-05
불가능인데	O=0.9995477795600891|NORM_1WORD=0.00031497745658271015|NORM_2WORD=9.437912376597524e-05|NORM_3PLUS=3.080722308368422e-05
ㅋㅋ	O=0.9994402527809143|NORM_1WORD=0.0003712572215590626|NORM_2WORD=0.00011933338828384876|NORM_3PLUS=4.704185266746208e-05

역시	O=0.9987583160400391|NORM_1WORD=0.0008816461195237935|NORM_2WORD=0.00026533790514804423|NORM_3PLUS=7.4053205025848e-05
월클	O=0.9892919659614563|NORM_1WORD=0.008327547460794449|NORM_2WORD=0.0018144354689866304|NORM_3PLUS=0.000457170041045174
이다	O=0.9988375306129456|NORM_1WORD=0.0006664827815257013|NORM_2WORD=0.0003902787866536528|NORM_3PLUS=8.289083052659407e-05

형님덜	O=0.994219183921814|NORM_1WORD=0.004827784840017557|NORM_2WORD=0.0007620971882715821|NORM_3PLUS=0.0001591881737112999
국결	O=0.9991230368614197|NORM_1WORD=0.0004903917433694005|NORM_2WORD=0.0002896602381952107|NORM_3PLUS=6.944708729861304e-05
좋은데	O=0.9991915822029114|NORM_1WORD=0.0004020517517346889|NORM_2WORD=0.0002924587461166084|NORM_3PLUS=7.173436461016536e-05
유전자	O=0.9990801811218262|NORM_1WORD=0.0004990255692973733|NORM_2WORD=0.0003083435003645718|NORM_3PLUS=8.130476635415107e-05
생각합시다	O=0.9995342493057251|NORM_1WORD=0.0002818010398186743|NORM_2WORD=0.0001386591320624575|NORM_3PLUS=3.273140100645833e-05
혼혈	O=0.9989762306213379|NORM_1WORD=0.000555113481823355|NORM_2WORD=0.0003436231054365635|NORM_3PLUS=8.28129705041647e-05
밑	O=0.9992239475250244|NORM_1WORD=0.00043595509487204254|NORM_2WORD=0.000245490315137431|NORM_3PLUS=6.451886292779818e-05
팔뚝	O=0.998950183391571|NORM_1WORD=0.0005766218528151512|NORM_2WORD=0.000336015917127952|NORM_3PLUS=0.00010193717025686055
하나	O=0.9992419481277466|NORM_1WORD=0.0003799583646468818|NORM_2WORD=0.0002756938338279724|NORM_3PLUS=6.994151044636965e-05
달고	O=0.998885452747345|NORM_1WORD=0.0005984436138533056|NORM_2WORD=0.0003882347955368459|NORM_3PLUS=9.30952446651645e-05
다니는데	O=0.9989689588546753|NORM_1WORD=0.0005132149090059102|NORM_2WORD=0.0003933144616894424|NORM_3PLUS=8.439682278549299e-05
여자한테	O=0.9993082284927368|NORM_1WORD=0.0004105971602257341|NORM_2WORD=0.00021422676218207926|NORM_3PLUS=4.563291804515757e-05
차여본적	O=0.9987342953681946|NORM_1WORD=0.0007645079167559743|NORM_2WORD=0.0003527338558342308|NORM_3PLUS=0.00011027076106984168
없습니더	O=0.9987586736679077|NORM_1WORD=0.0006832602666690946|NORM_2WORD=0.00040852127131074667|NORM_3PLUS=9.394869266543537e-05
당신의	O=0.9991675615310669|NORM_1WORD=0.0005232425755821168|NORM_2WORD=0.00023235946719069034|NORM_3PLUS=5.479488390847109e-05
자식	O=0.9991605281829834|NORM_1WORD=0.00044093982432968915|NORM_2WORD=0.0003031439846381545|NORM_3PLUS=7.209652540041134e-05
생각하시어	O=0.9991462230682373|NORM_1WORD=0.00043397987610660493|NORM_2WORD=0.00033352739410474896|NORM_3PLUS=6.084449705667794e-05
벳녀보단	O=0.9924426078796387|NORM_1WORD=0.0041755069978535175|NORM_2WORD=0.0027854943182319403|NORM_3PLUS=0.0004649229231290519
우즈벡	O=0.9978985786437988|NORM_1WORD=0.0014473116025328636|NORM_2WORD=0.0005162603338249028|NORM_3PLUS=9.139590110862628e-05
갑시더	O=0.9966711401939392|NORM_1WORD=0.0020760258194059134|NORM_2WORD=0.0010159231023862958|NORM_3PLUS=0.00016766079352237284

류호정	O=0.9893231987953186|NORM_1WORD=0.007104597985744476|NORM_2WORD=0.0029910802841186523|NORM_3PLUS=0.0004986651474609971
너모	O=0.9959415793418884|NORM_1WORD=0.0027237434405833483|NORM_2WORD=0.0009861786384135485|NORM_3PLUS=0.0002691068802960217
좋아	O=0.9991169571876526|NORM_1WORD=0.0005438928492367268|NORM_2WORD=0.00023129800683818758|NORM_3PLUS=7.935037865536287e-05
사랑해	O=0.9975413084030151|NORM_1WORD=0.0017596385441720486|NORM_2WORD=0.000558000523597002|NORM_3PLUS=0.00010777097486425191

나폴레옹	O=0.9964786171913147|NORM_1WORD=0.0024503611493855715|NORM_2WORD=0.0007789485389366746|NORM_3PLUS=0.00022996631741989404
모자	O=0.9990867376327515|NORM_1WORD=0.0004891679272986948|NORM_2WORD=0.00029454962350428104|NORM_3PLUS=0.00010596588253974915
는	O=0.9991523027420044|NORM_1WORD=0.0005042831180617213|NORM_2WORD=0.00025485598598606884|NORM_3PLUS=6.463734462158754e-05
시밬	NORM_1WORD=0.5001813173294067|O=0.47482943534851074|NORM_2WORD=0.019787563011050224|NORM_3PLUS=0.004976087249815464
ㅋㅋㅋㅋㅋㅋㅋㅋㅋㅋㅋ	O=0.9989601373672485|NORM_1WORD=0.0006434801616705954|NORM_2WORD=0.000251571909757331|NORM_3PLUS=9.910357766784728e-05

미친새끼들	NORM_1WORD=0.6461108326911926|NORM_2WORD=0.20938780903816223|NORM_3PLUS=0.09265658259391785|O=0.048894159495830536
구라	O=0.9494686722755432|NORM_1WORD=0.04505837708711624|NORM_2WORD=0.004412782844156027|NORM_3PLUS=0.0009855024982243776
칠게	O=0.9937655925750732|NORM_1WORD=0.0036325757391750813|NORM_2WORD=0.00219444977119565|NORM_3PLUS=0.00035417889012023807
따로	O=0.9986758828163147|NORM_1WORD=0.0008043257403187454|NORM_2WORD=0.0004095784679520875|NORM_3PLUS=7.980047666933388e-05
있지	O=0.9989066123962402|NORM_1WORD=0.0006316354847513139|NORM_2WORD=0.00035590489278547466|NORM_3PLUS=7.660057599423453e-05

조센에서	O=0.9378610253334045|NORM_1WORD=0.034737322479486465|NORM_2WORD=0.024546535685658455|NORM_3PLUS=0.002535200212150812
사모펀드	O=0.99614417552948|NORM_1WORD=0.0017211366211995482|NORM_2WORD=0.0016136595513671637|NORM_3PLUS=0.0003746636211872101
엘리트	O=0.9966942071914673|NORM_1WORD=0.0014984412118792534|NORM_2WORD=0.0014719883911311626|NORM_3PLUS=0.0002604289329610765
웅앵웅ㅋㅋㅋㅋㅋ	O=0.9932107329368591|NORM_1WORD=0.004121601115912199|NORM_2WORD=0.0019263477297499776|NORM_3PLUS=0.000556579849217087
럭키	O=0.9941650032997131|NORM_1WORD=0.0044222138822078705|NORM_2WORD=0.0011225356720387936|NORM_3PLUS=0.0002374578471062705
일수업자	O=0.9888518452644348|NORM_2WORD=0.005894384812563658|NORM_1WORD=0.004333253484219313|NORM_3PLUS=0.000854398007504642
병신이	NORM_1WORD=0.5808888077735901|O=0.170584574341774|NORM_2WORD=0.16236767172813416|NORM_3PLUS=0.0847894549369812
뭐라노	O=0.9548936486244202|NORM_1WORD=0.03196405991911888|NORM_2WORD=0.011678313836455345|NORM_3PLUS=0.001299563911743462

현준이형	O=0.9996428489685059|NORM_1WORD=0.0001930954895215109|NORM_2WORD=0.00011618806456681341|NORM_3PLUS=3.388945697224699e-05
진짜	O=0.9997345805168152|NORM_1WORD=0.00013958601630292833|NORM_2WORD=7.549328438472003e-05|NORM_3PLUS=3.3098956919275224e-05
좋다	O=0.9996215105056763|NORM_1WORD=0.00020124985894653946|NORM_2WORD=0.0001124248665291816|NORM_3PLUS=4.1721439629327506e-05
건축가들	O=0.9993388056755066|NORM_1WORD=0.00035694745020009577|NORM_2WORD=0.00021355242643039674|NORM_3PLUS=6.218346243258566e-05
멋있다	O=0.9996250867843628|NORM_1WORD=0.0001929571299115196|NORM_2WORD=0.00011893299233634025|NORM_3PLUS=4.2259027395630255e-05
공간	O=0.9996700286865234|NORM_1WORD=0.0001509374415036291|NORM_2WORD=0.000115520553663373|NORM_3PLUS=4.04563506890554e-05
통해	O=0.9997031092643738|NORM_1WORD=0.00014262989861890674|NORM_2WORD=9.563626372255385e-05|NORM_3PLUS=3.752377233467996e-05
사람들	O=0.9997220635414124|NORM_1WORD=0.00013472231512423605|NORM_2WORD=9.295082418248057e-05|NORM_3PLUS=3.331476909806952e-05
체험	O=0.999708354473114|NORM_1WORD=0.00014596055552829057|NORM_2WORD=9.038892312673852e-05|NORM_3PLUS=3.6911889765178785e-05
바꾸잖아	O=0.9994787573814392|NORM_1WORD=0.0002778255147859454|NORM_2WORD=0.0001757397985784337|NORM_3PLUS=4.850802361033857e-05

빨리	O=0.992493748664856|NORM_1WORD=0.006540657952427864|NORM_2WORD=0.00075552798807621|NORM_3PLUS=0.00017392713925801218
다음화	O=0.995684027671814|NORM_1WORD=0.0030715237371623516|NORM_2WORD=0.0010461186757311225|NORM_3PLUS=0.00015380402328446507
연재	O=0.9932035207748413|NORM_1WORD=0.004775981418788433|NORM_2WORD=0.0016788288485258818|NORM_3PLUS=0.000272624398348853

이건	O=0.9991610050201416|NORM_1WORD=0.00047249195631593466|NORM_2WORD=0.0002465451543685049|NORM_3PLUS=8.033783524297178e-05
남녀	O=0.9813416004180908|NORM_1WORD=0.01587652787566185|NORM_2WORD=0.002241400768980384|NORM_3PLUS=0.0004320711886975914
문제	O=0.9990168809890747|NORM_1WORD=0.0004690608475357294|NORM_2WORD=0.00039284038939513266|NORM_3PLUS=8.419564255746081e-05
따질게	O=0.9956971406936646|NORM_1WORD=0.0021825055591762066|NORM_2WORD=0.0017216707346960902|NORM_3PLUS=0.0003173744771629572
아니라	O=0.9988232254981995|NORM_1WORD=0.0005558734410442412|NORM_2WORD=0.00045556019176729023|NORM_3PLUS=0.00010627926531014964
저런거	O=0.9961560368537903|NORM_2WORD=0.0017784058582037687|NORM_1WORD=0.0016012568958103657|NORM_3PLUS=0.00035560131072998047
알고도	O=0.9980950951576233|NORM_1WORD=0.000920722377486527|NORM_2WORD=0.0007605786086060107|NORM_3PLUS=0.000169619670487009
결혼한놈이	NORM_1WORD=0.49352341890335083|O=0.2482471466064453|NORM_2WORD=0.18771234154701233|NORM_3PLUS=0.06943590193986893
바보등신	NORM_1WORD=0.40790385007858276|O=0.35978883504867554|NORM_2WORD=0.19640427827835083|NORM_3PLUS=0.03527316823601723
아닐까요	O=0.997668445110321|NORM_1WORD=0.0011718334862962365|NORM_2WORD=0.0009064078913070261|NORM_3PLUS=0.00017751334235072136

짱개새끼들	NORM_1WORD=0.6767863631248474|NORM_2WORD=0.18246868252754211|NORM_3PLUS=0.09669972211122513|O=0.03995364159345627

예쁘네	O=0.9960559606552124|NORM_1WORD=0.0030233049765229225|NORM_2WORD=0.000713658519089222|NORM_3PLUS=0.0001411218981957063

한국어	O=0.9975835084915161|NORM_1WORD=0.0014029167359694839|NORM_2WORD=0.0006944093620404601|NORM_3PLUS=0.00019886215159203857
온거냐	O=0.9959126114845276|NORM_1WORD=0.002929545706138015|NORM_2WORD=0.0009417918045073748|NORM_3PLUS=0.00017788431432563812
의사소통	O=0.997763991355896|NORM_1WORD=0.0011412069434300065|NORM_2WORD=0.0008046054863370955|NORM_3PLUS=0.00019211650942452252
비자	O=0.9979498982429504|NORM_1WORD=0.0010745477629825473|NORM_2WORD=0.0007701299036853015|NORM_3PLUS=0.00016663828864693642
연장	O=0.9990174770355225|NORM_1WORD=0.0006209029234014452|NORM_2WORD=0.00025295140221714973|NORM_3PLUS=6.991166446823627e-05
체류	O=0.9984281063079834|NORM_1WORD=0.0008235543500632048|NORM_2WORD=0.0005431732279248536|NORM_3PLUS=0.00013793438847642392
언어적	O=0.9981908202171326|NORM_1WORD=0.0010053750593215227|NORM_2WORD=0.0005914938519708812|NORM_3PLUS=0.00015424948651343584
해결	O=0.9988526105880737|NORM_1WORD=0.0007260486017912626|NORM_2WORD=0.0003001744335051626|NORM_3PLUS=8.116137905744836e-05
와야한다	O=0.9979240894317627|NORM_1WORD=0.0011074390495195985|NORM_2WORD=0.0007319597061723471|NORM_3PLUS=0.0001653733488637954
고	O=0.9987032413482666|NORM_1WORD=0.0008914826903492212|NORM_2WORD=0.0002959717530757189|NORM_3PLUS=7.812520925654098e-05

어쩐지	NORM_1WORD=0.7563371658325195|O=0.14672191441059113|NORM_2WORD=0.08338375389575958|NORM_3PLUS=0.012908491306006908

중간	O=0.9978024363517761|NORM_1WORD=0.0013093999586999416|NORM_2WORD=0.0006623498047702014|NORM_3PLUS=0.00016846467042341828
철근	O=0.9930413961410522|NORM_1WORD=0.003781008068472147|NORM_2WORD=0.0023681125603616238|NORM_3PLUS=0.0005764869856648147
촘촘하거	O=0.9933753609657288|NORM_2WORD=0.003164359601214528|NORM_1WORD=0.0027581537142395973|NORM_3PLUS=0.0005481598782353103
보소	O=0.9955230951309204|NORM_1WORD=0.0025690721813589334|NORM_2WORD=0.0015214463928714395|NORM_3PLUS=0.0003266573476139456
보고있냐	O=0.9913673996925354|NORM_1WORD=0.006008458323776722|NORM_2WORD=0.002183332573622465|NORM_3PLUS=0.0003801332204602659
순살	O=0.9881872534751892|NORM_1WORD=0.007617607247084379|NORM_2WORD=0.0033370009623467922|NORM_3PLUS=0.0007132590981200337

저런	O=0.9996159076690674|NORM_1WORD=0.00022161823289934546|NORM_2WORD=0.00011093699868069962|NORM_3PLUS=3.5068336728727445e-05
부모	O=0.9993464350700378|NORM_1WORD=0.0003304849669802934|NORM_2WORD=0.00020298510207794607|NORM_3PLUS=6.398902769433334e-05
한테서	O=0.999525785446167|NORM_1WORD=0.00023694458650425076|NORM_2WORD=0.00018309745064470917|NORM_3PLUS=3.5736691643251106e-05
태어나는	O=0.9994850158691406|NORM_1WORD=0.0002323346707271412|NORM_2WORD=0.00020177447004243731|NORM_3PLUS=5.0137816288042814e-05
얘	O=0.9994708895683289|NORM_1WORD=0.0003552170528564602|NORM_2WORD=0.00012036204861942679|NORM_3PLUS=3.585519516491331e-05
는	O=0.9996142387390137|NORM_1WORD=0.0002446159487590194|NORM_2WORD=0.00011041023390134797|NORM_3PLUS=2.160926851502154e-05
자라서	O=0.9995307922363281|NORM_1WORD=0.00022867661027703434|NORM_2WORD=0.00018259946955367923|NORM_3PLUS=3.924796692444943e-05
부모랑	O=0.9996259212493896|NORM_1WORD=0.00022512677242048085|NORM_2WORD=0.00011200435983482748|NORM_3PLUS=2.4953280444606207e-05
똑같은	O=0.9996415376663208|NORM_1WORD=0.00019094717572443187|NORM_2WORD=0.00012461779988370836|NORM_3PLUS=2.7847707315231673e-05
인간	O=0.9996963739395142|NORM_1WORD=0.0001655812666285783|NORM_2WORD=8.965971937868744e-05|NORM_3PLUS=2.825078263413161e-05
이	O=0.999710738658905|NORM_1WORD=0.000162821525009349|NORM_2WORD=8.517454261891544e-05|NORM_3PLUS=2.6144030925934203e-05
된다	O=0.9994107484817505|NORM_1WORD=0.0002822831447701901|NORM_2WORD=0.00020882154058199376|NORM_3PLUS=5.760781277786009e-05
고로	O=0.9995434880256653|NORM_1WORD=0.00027260545175522566|NORM_2WORD=0.00013219907123129815|NORM_3PLUS=3.469427247182466e-05
잘	O=0.9997194409370422|NORM_1WORD=0.0001713659439701587|NORM_2WORD=7.448928226949647e-05|NORM_3PLUS=2.1452297005453147e-05
한	O=0.9995643496513367|NORM_1WORD=0.0002619119477458298|NORM_2WORD=0.00011609421198954806|NORM_3PLUS=3.289668165962212e-05
거니까	O=0.9997022747993469|NORM_1WORD=0.000179053662577644|NORM_2WORD=8.510846237186342e-05|NORM_3PLUS=2.012982622545678e-05
벌	O=0.9994729161262512|NORM_1WORD=0.00035703310277312994|NORM_2WORD=0.00012083476030966267|NORM_3PLUS=3.367738827364519e-05
을	O=0.9995098114013672|NORM_1WORD=0.0003279104130342603|NORM_2WORD=0.00012351575423963368|NORM_3PLUS=2.8064774596714415e-05
줄게	O=0.9995039701461792|NORM_1WORD=0.0002744228986557573|NORM_2WORD=0.0001680225832387805|NORM_3PLUS=3.6292443837737665e-05
아니라	O=0.9995872378349304|NORM_1WORD=0.0002171966334572062|NORM_2WORD=0.00013727438636124134|NORM_3PLUS=3.623998782131821e-05
상을	O=0.9994404911994934|NORM_1WORD=0.00034546948154456913|NORM_2WORD=0.00015827950846869498|NORM_3PLUS=3.909030419890769e-05
줘야	O=0.9995334148406982|NORM_1WORD=0.00023634494573343545|NORM_2WORD=0.00017652985116001219|NORM_3PLUS=3.647536505013704e-05
한다	O=0.9995232820510864|NORM_1WORD=0.0002349071146454662|NORM_2WORD=0.00017088177264668047|NORM_3PLUS=4.2611107346601784e-05

비록	O=0.9992086291313171|NORM_1WORD=0.0005222654435783625|NORM_2WORD=0.00019070945563726127|NORM_3PLUS=5.319089177646674e-05
무관	O=0.9995631575584412|NORM_1WORD=0.00025111547438427806|NORM_2WORD=0.00012678958592005074|NORM_3PLUS=3.7686309951823205e-05
지만	O=0.9994826316833496|NORM_1WORD=0.0002814655308611691|NORM_2WORD=0.0001706258481135592|NORM_3PLUS=4.7314482799265534e-05
월드컵	O=0.9993677735328674|NORM_1WORD=0.000337973702698946|NORM_2WORD=0.00019980690558440983|NORM_3PLUS=5.577845513471402e-05
레전드	O=0.9994507431983948|NORM_1WORD=0.00030297102057375014|NORM_2WORD=0.00017647133790887892|NORM_3PLUS=4.580367749440484e-05
골	O=0.9996552467346191|NORM_1WORD=0.0001984280243050307|NORM_2WORD=9.515589044895023e-05|NORM_3PLUS=3.3008604077622294e-05
은	O=0.9996398687362671|NORM_1WORD=0.0002028703165706247|NORM_2WORD=0.00011562277359189466|NORM_3PLUS=3.0205412258510478e-05
알차게	O=0.9989179372787476|NORM_1WORD=0.0005327675607986748|NORM_2WORD=0.0004254416562616825|NORM_3PLUS=8.570948557462543e-05
넣었다	O=0.9994421601295471|NORM_1WORD=0.0002506412856746465|NORM_2WORD=0.00022661419643554837|NORM_3PLUS=5.015728675061837e-05

이	O=0.9958072900772095|NORM_1WORD=0.0030088212806731462|NORM_2WORD=0.000916527584195137|NORM_3PLUS=0.00024306554405484349
새끼	NORM_1WORD=0.7287594079971313|O=0.22234098613262177|NORM_2WORD=0.04056760296225548|NORM_3PLUS=0.008138741366565228
금손이네	O=0.9934309124946594|NORM_1WORD=0.004088584799319506|NORM_2WORD=0.002047767397016287|NORM_3PLUS=0.0003331245097797364

뭐	O=0.9990436434745789|NORM_1WORD=0.000739157956559211|NORM_2WORD=0.0001649244368309155|NORM_3PLUS=3.618992923293263e-05
욕댓글	O=0.9554890394210815|NORM_1WORD=0.031163359060883522|NORM_2WORD=0.011151744984090328|NORM_3PLUS=0.00202502915635705
유도하다	O=0.9983445405960083|NORM_1WORD=0.0009117186418734491|NORM_2WORD=0.0005773033481091261|NORM_3PLUS=0.00010943137749563903
고소하다	O=0.9980400204658508|NORM_1WORD=0.0011483151465654373|NORM_2WORD=0.0006356160738505423|NORM_3PLUS=0.00011901286779902875
합의금	O=0.9980747699737549|NORM_1WORD=0.0010552920866757631|NORM_2WORD=0.0006778505048714578|NORM_3PLUS=0.00013404125638771802
챙기다	O=0.9976493716239929|NORM_1WORD=0.0011833737371489406|NORM_2WORD=0.0009107445366680622|NORM_3PLUS=0.00017332701827399433
그런거임	O=0.9986445307731628|NORM_1WORD=0.00080612808233127|NORM_2WORD=0.0004337375867180526|NORM_3PLUS=7.791837560944259e-05

윤미향	O=0.9917910099029541|NORM_1WORD=0.006431243848055601|NORM_2WORD=0.0014066224684938788|NORM_3PLUS=0.00032690155785530806
떴었는데	O=0.9943740367889404|NORM_1WORD=0.0027946012560278177|NORM_2WORD=0.0023518565576523542|NORM_3PLUS=0.0004255949752405286
병신들인가	NORM_1WORD=0.5298691391944885|NORM_2WORD=0.2708357572555542|NORM_3PLUS=0.11012563854455948|O=0.08705656975507736

도리친다	O=0.9423810839653015|NORM_1WORD=0.03567385673522949|NORM_2WORD=0.01787201687693596|NORM_3PLUS=0.0033447828609496355
모리노	O=0.9809580445289612|NORM_1WORD=0.015103776007890701|NORM_2WORD=0.0032690567895770073|NORM_3PLUS=0.000572403019759804
뭐	O=0.9994457364082336|NORM_1WORD=0.0003799689875449985|NORM_2WORD=0.00011960771371377632|NORM_3PLUS=4.055360841448419e-05
만	O=0.999372661113739|NORM_1WORD=0.00041752937249839306|NORM_2WORD=0.00015449870261363685|NORM_3PLUS=4.004462971352041e-05
하면	O=0.9990925788879395|NORM_1WORD=0.0005246400251053274|NORM_2WORD=0.00027194665744900703|NORM_3PLUS=7.199763058451936e-05
일본어	O=0.998503565788269|NORM_1WORD=0.0008164895698428154|NORM_2WORD=0.0005120024434290826|NORM_3PLUS=0.00011641735909506679
라고	O=0.999112069606781|NORM_1WORD=0.0005104656447656453|NORM_2WORD=0.00027815322391688824|NORM_3PLUS=7.361574535025284e-05
어설프게	O=0.9970191717147827|NORM_1WORD=0.0016057462198659778|NORM_2WORD=0.0010534713510423899|NORM_3PLUS=0.00022363144671544433
배운	O=0.9991318583488464|NORM_1WORD=0.0005420363158918917|NORM_2WORD=0.0002350409486098215|NORM_3PLUS=6.345612928271294e-05
놈들	O=0.5050564408302307|NORM_1WORD=0.4224495589733124|NORM_2WORD=0.06247228756546974|NORM_3PLUS=0.00962906889617443
이	O=0.9985553622245789|NORM_1WORD=0.0010591988684609532|NORM_2WORD=0.00028768606716766953|NORM_3PLUS=8.182063174899668e-05
젤	O=0.9898832440376282|NORM_1WORD=0.008603190071880817|NORM_2WORD=0.0011965690646320581|NORM_3PLUS=0.0002723114739637822
문제	O=0.997219443321228|NORM_1WORD=0.0019229864701628685|NORM_2WORD=0.0006498068105429411|NORM_3PLUS=0.00015900238940957934

한녀	NORM_1WORD=0.8556475639343262|NORM_2WORD=0.07264186441898346|O=0.051025986671447754|NORM_3PLUS=0.019618066027760506
범접	O=0.9968037605285645|NORM_1WORD=0.0024680353235453367|NORM_2WORD=0.0005430658347904682|NORM_3PLUS=0.00013940063945483416
못하는	O=0.998989999294281|NORM_1WORD=0.0007368313963524997|NORM_2WORD=0.00020593205408658832|NORM_3PLUS=4.19443822465837e-05
빵댕이노	NORM_1WORD=0.6826523542404175|NORM_2WORD=0.17424963414669037|NORM_3PLUS=0.07152348011732101|O=0.06566277891397476

대구	O=0.9995085000991821|NORM_1WORD=0.0003547365195117891|NORM_2WORD=8.990416972665116e-05|NORM_3PLUS=3.385676973266527e-05
살아보면	O=0.9993558526039124|NORM_1WORD=0.0003429259522818029|NORM_2WORD=0.00020195204706396908|NORM_3PLUS=6.446666520787403e-05
좋은	O=0.999659538269043|NORM_1WORD=0.00020098283130209893|NORM_2WORD=8.62442611833103e-05|NORM_3PLUS=3.3519634598633274e-05
도신거	O=0.9993940591812134|NORM_1WORD=0.0003275027556810528|NORM_2WORD=0.00018999977328348905|NORM_3PLUS=6.031012526364066e-05
아는데	O=0.999345600605011|NORM_1WORD=0.00038216542452573776|NORM_2WORD=0.0001916014007292688|NORM_3PLUS=5.486018199007958e-05
안타깝게도	O=0.9993904829025269|NORM_1WORD=0.0003453262324910611|NORM_2WORD=0.000184609554708004|NORM_3PLUS=5.591820445260964e-05
원래	O=0.9997218251228333|NORM_1WORD=0.00017205280892085284|NORM_2WORD=6.458801362896338e-05|NORM_3PLUS=2.7166743166162632e-05
경상도	O=0.9992550015449524|NORM_1WORD=0.00038896090700291097|NORM_2WORD=0.00023738968593534082|NORM_3PLUS=7.749558426439762e-05
사람	O=0.9996212720870972|NORM_1WORD=0.00021480662690009922|NORM_2WORD=0.00010228172322968021|NORM_3PLUS=3.9272938010981306e-05
아니면	O=0.9995898604393005|NORM_1WORD=0.0002317502221558243|NORM_2WORD=0.00011338669719407335|NORM_3PLUS=4.1375002183485776e-05
그	O=0.999630331993103|NORM_1WORD=0.00022665296273771673|NORM_2WORD=8.990364585770294e-05|NORM_3PLUS=3.653328894870356e-05
쪽	O=0.9993994235992432|NORM_1WORD=0.0003774987708311528|NORM_2WORD=0.0001431461569154635|NORM_3PLUS=5.404708281275816e-05
에서	O=0.9995392560958862|NORM_1WORD=0.00026782238273881376|NORM_2WORD=0.00013533903984352946|NORM_3PLUS=3.880495569319464e-05
살	O=0.9996065497398376|NORM_1WORD=0.0002412724425084889|NORM_2WORD=9.656776092015207e-05|NORM_3PLUS=3.6558136343955994e-05
일	O=0.9994805455207825|NORM_1WORD=0.00027522945310920477|NORM_2WORD=0.0001594136847415939|NORM_3PLUS=5.206523564993404e-05
이	O=0.9996066689491272|NORM_1WORD=0.0002530257625039667|NORM_2WORD=8.551734936190769e-05|NORM_3PLUS=3.6215300497133285e-05
없음	O=0.9993141889572144|NORM_1WORD=0.00033877487294375896|NORM_2WORD=0.00023147430329117924|NORM_3PLUS=6.681913509964943e-05

솔직히	O=0.998810887336731|NORM_1WORD=0.0007002551574259996|NORM_2WORD=0.0003363895521033555|NORM_3PLUS=0.000105740808066912
저	O=0.999619722366333|NORM_1WORD=0.000256106723099947|NORM_2WORD=8.54323006933555e-05|NORM_3PLUS=2.6488243747735396e-05
몸	O=0.9995439648628235|NORM_1WORD=0.00029140320839360356|NORM_2WORD=0.00010603419650578871|NORM_3PLUS=3.88863445550669e-05
보면	O=0.9991945624351501|NORM_1WORD=0.000484664662508294|NORM_2WORD=0.00022004185302648693|NORM_3PLUS=6.5017091401387e-05
보컬	O=0.9991983771324158|NORM_1WORD=0.00048787493142299354|NORM_2WORD=0.00022898174938745797|NORM_3PLUS=5.7274868595413864e-05
인줄	O=0.999169111251831|NORM_1WORD=0.0005629077204503119|NORM_2WORD=0.00019222713308408856|NORM_3PLUS=5.506212619366124e-05
알지	O=0.9982472658157349|NORM_1WORD=0.000972583657130599|NORM_2WORD=0.0005615868722088635|NORM_3PLUS=0.0001446338283130899
근데	O=0.9993452429771423|NORM_1WORD=0.0004275711835362017|NORM_2WORD=0.00015796435764059424|NORM_3PLUS=4.304208778194152e-05
춤	O=0.9979192614555359|NORM_1WORD=0.0016723154112696648|NORM_2WORD=0.00030116390553303063|NORM_3PLUS=8.293404971482232e-05
개	O=0.9692692756652832|NORM_1WORD=0.02926732413470745|NORM_2WORD=0.0009984109783545136|NORM_3PLUS=0.0004026780079584569
잘	O=0.9986553192138672|NORM_1WORD=0.0010908149415627122|NORM_2WORD=0.0001950353616848588|NORM_3PLUS=4.408356107887812e-05

근대	O=0.9995444416999817|NORM_1WORD=0.0002825234842021018|NORM_2WORD=0.0001008243125397712|NORM_3PLUS=5.3871513955527917e-05
진짜	O=0.9996570348739624|NORM_1WORD=0.00021761900279670954|NORM_2WORD=7.769477815600112e-05|NORM_3PLUS=3.276722054579295e-05
잘생기긴	O=0.9995686411857605|NORM_1WORD=0.00024834254872985184|NORM_2WORD=0.00013106991536915302|NORM_3PLUS=3.694536644616164e-05
하네	O=0.9996638298034668|NORM_1WORD=0.0002014006458921358|NORM_2WORD=8.849099685903639e-05|NORM_3PLUS=3.121691770502366e-05
저	O=0.9997292160987854|NORM_1WORD=0.0001474218734074384|NORM_2WORD=7.762639870634302e-05|NORM_3PLUS=3.4375789255136624e-05
정도면	O=0.9995978474617004|NORM_1WORD=0.0002152399974875152|NORM_2WORD=0.0001256252871826291|NORM_3PLUS=4.387453373055905e-05
감탄할	O=0.9994677901268005|NORM_1WORD=0.00028724296134896576|NORM_2WORD=0.0001631092163734138|NORM_3PLUS=5.616716589429416e-05
만	O=0.9997630715370178|NORM_1WORD=0.00014695647405460477|NORM_2WORD=5.2335020882310346e-05|NORM_3PLUS=2.7447320462670177e-05
하다	O=0.999731719493866|NORM_1WORD=0.00014745528460480273|NORM_2WORD=7.87943135946989e-05|NORM_3PLUS=2.7626609153230675e-05

미필들	O=0.9768506288528442|NORM_1WORD=0.01636469177901745|NORM_2WORD=0.0057975612580776215|NORM_3PLUS=0.0008653813856653869
이반	O=0.9928907155990601|NORM_1WORD=0.004812073893845081|NORM_2WORD=0.0018582881893962622|NORM_3PLUS=0.0003392434155102819
데니소비치	O=0.9975918531417847|NORM_1WORD=0.001576181035488844|NORM_2WORD=0.0006217989721335471|NORM_3PLUS=0.00017324479995295405
하루	O=0.9991549253463745|NORM_1WORD=0.0005706258816644549|NORM_2WORD=0.00019750841602217406|NORM_3PLUS=5.9397130826255307e-05
꼭	O=0.9991063475608826|NORM_1WORD=0.0005763691733591259|NORM_2WORD=0.00023842064547352493|NORM_3PLUS=5.614717520074919e-05
읽어봐라	O=0.997036337852478|NORM_1WORD=0.0014178731944411993|NORM_2WORD=0.0012428432237356901|NORM_3PLUS=0.00022698790417052805

나쁘지	O=0.9940933585166931|NORM_1WORD=0.0034275734797120094|NORM_2WORD=0.0018333184998482466|NORM_3PLUS=0.00040141158387996256
않군	O=0.9866336584091187|NORM_1WORD=0.012122330255806446|NORM_2WORD=0.0009070192463696003|NORM_3PLUS=0.00029622146394103765

한녀	NORM_1WORD=0.8313387632369995|NORM_2WORD=0.08573201298713684|O=0.04903682693839073|NORM_3PLUS=0.031722541898489
리즈	O=0.9899715185165405|NORM_1WORD=0.00593180488795042|NORM_2WORD=0.0034552165307104588|NORM_3PLUS=0.0005326792015694082
미성년	O=0.9886351823806763|NORM_1WORD=0.008522775024175644|NORM_2WORD=0.002365662483498454|NORM_3PLUS=0.00041645008604973555

뭔	O=0.9896037578582764|NORM_1WORD=0.008958657272160053|NORM_2WORD=0.0011027668369933963|NORM_3PLUS=0.0002859237138181925
시발	NORM_1WORD=0.8534539937973022|NORM_2WORD=0.05799517035484314|O=0.051451295614242554|NORM_3PLUS=0.03454368934035301
ㅋㅋㅋㅋㅋㅋㅋㅋㅋㅋ	O=0.9987046718597412|NORM_1WORD=0.0009118618909269571|NORM_2WORD=0.00023643359600100666|NORM_3PLUS=0.0001040358911268413

로봇	O=0.9987645149230957|NORM_1WORD=0.0007208993774838746|NORM_2WORD=0.0003515027347020805|NORM_3PLUS=9.587653039488941e-05
인간	O=0.9991305470466614|NORM_1WORD=0.0005260532489046454|NORM_2WORD=0.00023439507640432566|NORM_3PLUS=7.07881772541441e-05
감시	O=0.9990448355674744|NORM_1WORD=0.0005509485490620136|NORM_2WORD=0.00032553618075326085|NORM_3PLUS=5.765442256233655e-05
하다	O=0.9990137815475464|NORM_1WORD=0.0006942784530110657|NORM_2WORD=0.00023762497585266829|NORM_3PLUS=3.8266189221758395e-05
사회	O=0.9994623064994812|NORM_1WORD=0.0003169856790918857|NORM_2WORD=0.0001539142831461504|NORM_3PLUS=4.766937126987614e-05
오다	O=0.9974712133407593|NORM_1WORD=0.001502742525190115|NORM_2WORD=0.0008379766368307173|NORM_3PLUS=0.00013822571781929582

글구	O=0.9960189461708069|NORM_1WORD=0.003196448553353548|NORM_2WORD=0.00058149010874331|NORM_3PLUS=0.00015698741481173784
일본	O=0.9986076951026917|NORM_1WORD=0.0008730468689464033|NORM_2WORD=0.00035097592626698315|NORM_3PLUS=0.00011084687866969034
저런	O=0.9989868998527527|NORM_1WORD=0.0005657492438331246|NORM_2WORD=0.0003101957554463297|NORM_3PLUS=9.327552106697112e-05
제국	O=0.9985997080802917|NORM_1WORD=0.0007467138348147273|NORM_2WORD=0.0004670417110901326|NORM_3PLUS=0.00012870995851699263
유지	O=0.9994422793388367|NORM_1WORD=0.00032366273808293045|NORM_2WORD=0.00015418196562677622|NORM_3PLUS=5.266895823297091e-05
20년도	O=0.9989694356918335|NORM_1WORD=0.0005752054858021438|NORM_2WORD=0.00028634589398279786|NORM_3PLUS=0.00010994187323376536
못함	O=0.9991727471351624|NORM_1WORD=0.00046403094893321395|NORM_2WORD=0.0002459590614307672|NORM_3PLUS=7.564618135802448e-05
걍	O=0.9116275310516357|NORM_1WORD=0.08369091898202896|NORM_2WORD=0.003924972377717495|NORM_3PLUS=0.0006735757924616337
조센	O=0.8736361265182495|NORM_1WORD=0.11733255535364151|NORM_2WORD=0.007485722191631794|NORM_3PLUS=0.0014303779462352395
만주	O=0.9956660270690918|NORM_1WORD=0.0034504409413784742|NORM_2WORD=0.0006270041922107339|NORM_3PLUS=0.00019857118604704738
대만	O=0.9988769888877869|NORM_1WORD=0.0006938464939594269|NORM_2WORD=0.0003082666953559965|NORM_3PLUS=8.222573524108157e-05
먹은게	O=0.9976402521133423|NORM_1WORD=0.0013518012128770351|NORM_2WORD=0.0007431618287228048|NORM_3PLUS=0.00017873852630145848
땡	O=0.9639869928359985|NORM_1WORD=0.032994311302900314|NORM_2WORD=0.0024724246468394995|NORM_3PLUS=0.0004706943000201136
필리핀지역	O=0.9977856874465942|NORM_1WORD=0.0012304105330258608|NORM_2WORD=0.000671977992169559|NORM_3PLUS=0.00020761236373800784
먹은건	O=0.9980998635292053|NORM_1WORD=0.0011417320929467678|NORM_2WORD=0.0005587942432612181|NORM_3PLUS=0.00014359263877850026
바로	O=0.9993448853492737|NORM_1WORD=0.0004066986730322242|NORM_2WORD=0.0001652632636250928|NORM_3PLUS=5.799427526653744e-05
또	O=0.9994275569915771|NORM_1WORD=0.00036630508839152753|NORM_2WORD=0.00013874907745048404|NORM_3PLUS=4.68454381916672e-05
미국	O=0.9993166923522949|NORM_1WORD=0.00040810959762893617|NORM_2WORD=0.00018778581579681486|NORM_3PLUS=5.9176159993512556e-05
에게	O=0.9993481040000916|NORM_1WORD=0.00041685710311867297|NORM_2WORD=0.00017050594033207744|NORM_3PLUS=4.5356835471466184e-05
참교육당함	O=0.9988723397254944|NORM_1WORD=0.0006096040015108883|NORM_2WORD=0.00036091895890422165|NORM_3PLUS=0.00010301847942173481

별	O=0.9996507167816162|NORM_1WORD=0.00017059854872059077|NORM_2WORD=0.0001204620348289609|NORM_3PLUS=3.939450834877789e-05
내용	O=0.9992964267730713|NORM_1WORD=0.0003432993544265628|NORM_2WORD=0.00022654722852166742|NORM_3PLUS=7.904255471657962e-05
없는데	O=0.9989657402038574|NORM_1WORD=0.0004862718633376062|NORM_2WORD=0.00036710838321596384|NORM_3PLUS=0.00010870143887586892
그냥	O=0.9996552467346191|NORM_1WORD=0.00018160082981921732|NORM_2WORD=0.00011052770423702896|NORM_3PLUS=3.653865496744402e-05
읽게	O=0.99854576587677|NORM_1WORD=0.000753976171836257|NORM_2WORD=0.0005044984864071012|NORM_3PLUS=0.00012991584662813693
만드네	O=0.9994545578956604|NORM_1WORD=0.0002958753611892462|NORM_2WORD=0.0001799170859158039|NORM_3PLUS=4.592553887050599e-05
나중에	O=0.9996774196624756|NORM_1WORD=0.0001785484200809151|NORM_2WORD=9.932257671607658e-05|NORM_3PLUS=3.1892788683762774e-05
드라마	O=0.9996206760406494|NORM_1WORD=0.00019193308253306895|NORM_2WORD=0.00013029952242504805|NORM_3PLUS=3.729418313014321e-05
작가	O=0.9996209144592285|NORM_1WORD=0.0001774817064870149|NORM_2WORD=0.00013349385699257255|NORM_3PLUS=4.4476426410255954e-05
로	O=0.9996205568313599|NORM_1WORD=0.0002036306686932221|NORM_2WORD=0.00012102331675123423|NORM_3PLUS=3.506916982587427e-05
등장할	O=0.9989585876464844|NORM_1WORD=0.00048113628872670233|NORM_2WORD=0.00040257067303173244|NORM_3PLUS=0.00010338574793422595
듯	O=0.9995794892311096|NORM_1WORD=0.00020941125694662333|NORM_2WORD=0.00014637228741776198|NORM_3PLUS=4.356149293016642e-05

존나	NORM_1WORD=0.5637266039848328|O=0.41064339876174927|NORM_2WORD=0.01934482343494892|NORM_3PLUS=0.006096924655139446
귀엽네	O=0.9942083358764648|NORM_1WORD=0.004408744163811207|NORM_2WORD=0.0010705445893108845|NORM_3PLUS=0.0002447666774969548

캬	O=0.9663671255111694|NORM_1WORD=0.03150763735175133|NORM_2WORD=0.0014951000921428204|NORM_3PLUS=0.0005470633041113615
개	O=0.8598830699920654|NORM_1WORD=0.13650915026664734|NORM_2WORD=0.002437771297991276|NORM_3PLUS=0.001048329402692616
잘	O=0.9984526634216309|NORM_1WORD=0.0011153025552630424|NORM_2WORD=0.0003215188335161656|NORM_3PLUS=7.868922693887725e-05
만들었네	O=0.9988180994987488|NORM_1WORD=0.0007891402347013354|NORM_2WORD=0.000302254717098549|NORM_3PLUS=6.411263893824071e-05

갓본갓본	NORM_1WORD=0.5720086097717285|NORM_2WORD=0.20066756010055542|O=0.1742144674062729|NORM_3PLUS=0.05226195231080055
하는구나	O=0.9932807087898254|NORM_1WORD=0.004967147018760443|NORM_2WORD=0.0013336300617083907|NORM_3PLUS=0.0003234524338040501

김정미	O=0.998683750629425|NORM_1WORD=0.0008860985981300473|NORM_2WORD=0.0003337865637149662|NORM_3PLUS=6.912851677043363e-05
노래	O=0.9993960857391357|NORM_1WORD=0.00042964715976268053|NORM_2WORD=0.00010738531273091212|NORM_3PLUS=4.445997910806909e-05
좋노	O=0.9965638518333435|NORM_1WORD=0.002849831711500883|NORM_2WORD=0.0004489400307647884|NORM_3PLUS=9.904260514304042e-05

이야말로	O=0.9990934133529663|NORM_1WORD=0.000498394132591784|NORM_2WORD=0.00031319077243097126|NORM_3PLUS=7.695137901464477e-05
지옥	O=0.9988441467285156|NORM_1WORD=0.0008109937771223485|NORM_2WORD=0.00026919841184280813|NORM_3PLUS=6.35892283753492e-05
죽인	O=0.9991889595985413|NORM_1WORD=0.00047224879381246865|NORM_2WORD=0.00023774668807163835|NORM_3PLUS=7.188806193880737e-05
20년	O=0.9975904226303101|NORM_1WORD=0.0009928821818903089|NORM_2WORD=0.0009512117831036448|NORM_3PLUS=0.0003007679188158363
뿐이엇네	O=0.9989882111549377|NORM_1WORD=0.0005642587784677744|NORM_2WORD=0.00030841538682579994|NORM_3PLUS=9.321544348495081e-05
천만명	O=0.9987629652023315|NORM_1WORD=0.0005846422864124179|NORM_2WORD=0.0004450725973583758|NORM_3PLUS=0.0001396642328472808
이었던걸	O=0.9987358450889587|NORM_2WORD=0.0005326511454768479|NORM_1WORD=0.0005283380160108209|NORM_3PLUS=0.00013187121658120304
계산하면	O=0.9985066056251526|NORM_2WORD=0.000616135832387954|NORM_1WORD=0.0005886153667233884|NORM_3PLUS=0.0001866772654466331
새발의	NORM_1WORD=0.5847805738449097|O=0.31757843494415283|NORM_2WORD=0.07275274395942688|NORM_3PLUS=0.024191252887248993

나지방	O=0.860034167766571|NORM_1WORD=0.08388551324605942|NORM_2WORD=0.04462618753314018|NORM_3PLUS=0.009950592182576656
업보	NORM_1WORD=0.5359904766082764|O=0.38344839215278625|NORM_2WORD=0.06780831515789032|NORM_3PLUS=0.012281899340450764
못던지	O=0.8694836497306824|NORM_1WORD=0.09032204002141953|NORM_2WORD=0.03674767538905144|NORM_3PLUS=0.003120641689747572
9이닝당	O=0.9275533556938171|NORM_1WORD=0.03854113072156906|NORM_2WORD=0.02776515483856201|NORM_3PLUS=0.005522365681827068
볼넷	O=0.9588472843170166|NORM_1WORD=0.024417800828814507|NORM_2WORD=0.013871611095964909|NORM_3PLUS=0.002383581828325987

여고생	O=0.9965567588806152|NORM_1WORD=0.002491890685632825|NORM_2WORD=0.0007671600906178355|NORM_3PLUS=0.0001443505025235936
다니겠네	O=0.9945992231369019|NORM_1WORD=0.004198883660137653|NORM_2WORD=0.0009818053804337978|NORM_3PLUS=0.00016542390221729875
개부럽다	O=0.8765099048614502|NORM_1WORD=0.096794992685318|NORM_2WORD=0.02353937178850174|NORM_3PLUS=0.0028984660748392344

서버	O=0.9861543774604797|NORM_1WORD=0.010073341429233551|NORM_2WORD=0.0028246024157851934|NORM_3PLUS=0.0007180147804319859
지랄하네	NORM_1WORD=0.8141041398048401|NORM_2WORD=0.10219841450452805|O=0.057696521282196045|NORM_3PLUS=0.025354208424687386

맞음	O=0.9983439445495605|NORM_1WORD=0.0012944003101438284|NORM_2WORD=0.000271756638539955|NORM_3PLUS=6.873659003758803e-05
딱	O=0.9995457530021667|NORM_1WORD=0.00035273691173642874|NORM_2WORD=6.54298928566277e-05|NORM_3PLUS=2.527652213757392e-05
앰흑	O=0.8993583917617798|NORM_1WORD=0.0929996445775032|NORM_2WORD=0.006228161510080099|NORM_3PLUS=0.001311221276409924
치열임	O=0.9993951320648193|NORM_1WORD=0.00036017922684550285|NORM_2WORD=0.0001672025246080011|NORM_3PLUS=5.423676338978112e-05
ㅋㅋㅋㅋㅋㅋㅋㅋㅋㅋㅋ	O=0.9991704225540161|NORM_1WORD=0.0005605933838523924|NORM_2WORD=0.00016738157137297094|NORM_3PLUS=7.023259240668267e-05

스마트폰	O=0.9983487129211426|NORM_1WORD=0.0009479830041527748|NORM_2WORD=0.00048629252705723047|NORM_3PLUS=0.00014443502004723996
이기	O=0.998372495174408|NORM_1WORD=0.001092650811187923|NORM_2WORD=0.00037409429205581546|NORM_3PLUS=0.0001300157600780949
는다	O=0.9987689852714539|NORM_1WORD=0.0007635439396835864|NORM_2WORD=0.00037261907709762454|NORM_3PLUS=7.121288945199922e-05

문맹시키야	O=0.9584014415740967|NORM_1WORD=0.01965847983956337|NORM_2WORD=0.019445864483714104|NORM_3PLUS=0.002373995492234826
젠더결정권	O=0.9937114715576172|NORM_1WORD=0.0032348735257983208|NORM_2WORD=0.0024304755497723818|NORM_3PLUS=0.0004901846405118704
없으니까	O=0.9984923601150513|NORM_1WORD=0.0008301817579194903|NORM_2WORD=0.0005334794986993074|NORM_3PLUS=0.0001036165704135783
강제로	O=0.9987207055091858|NORM_1WORD=0.0007491544238291681|NORM_2WORD=0.0003819102712441236|NORM_3PLUS=0.00010791970271384344
결혼시키겠다는거잖아	O=0.9972259402275085|NORM_1WORD=0.0015396702801808715|NORM_2WORD=0.0009791319025680423|NORM_3PLUS=0.00020103983115404844

이런	O=0.9997314810752869|NORM_1WORD=0.00018227387045044452|NORM_2WORD=5.580647484748624e-05|NORM_3PLUS=2.152212618966587e-05
분	O=0.9996606111526489|NORM_1WORD=0.00020932580810040236|NORM_2WORD=8.324094960698858e-05|NORM_3PLUS=3.265833220211789e-05
정말	O=0.9997465014457703|NORM_1WORD=0.00016881866031326354|NORM_2WORD=5.275664079817943e-05|NORM_3PLUS=2.322759246453643e-05
타고난	O=0.9995352029800415|NORM_1WORD=0.00026573758805170655|NORM_2WORD=0.0001415731239831075|NORM_3PLUS=4.182598786428571e-05
몸	O=0.9997435212135315|NORM_1WORD=0.00015359594544861466|NORM_2WORD=6.129859684733674e-05|NORM_3PLUS=2.8493825084296986e-05
너무	O=0.9997172951698303|NORM_1WORD=0.0001847888488555327|NORM_2WORD=6.079862214392051e-05|NORM_3PLUS=2.6096347937709652e-05
이쁘고	O=0.9995362758636475|NORM_1WORD=0.0002672852424439043|NORM_2WORD=0.0001439286716049537|NORM_3PLUS=3.8368627429008484e-05
와	O=0.9996908903121948|NORM_1WORD=0.00022192903270479292|NORM_2WORD=5.6274559028679505e-05|NORM_3PLUS=2.2625730707659386e-05
이렇게	O=0.9997103810310364|NORM_1WORD=0.0001917982444865629|NORM_2WORD=6.771335756639019e-05|NORM_3PLUS=2.228416269645095e-05
골고루	O=0.999430239200592|NORM_1WORD=0.00032825415837578475|NORM_2WORD=0.00017133745132014155|NORM_3PLUS=4.95996318932157e-05
잘	O=0.9996500015258789|NORM_1WORD=0.00020676023268606514|NORM_2WORD=0.00010063676018035039|NORM_3PLUS=2.9058281143079512e-05
만들다니	O=0.9996328353881836|NORM_1WORD=0.0002212889085058123|NORM_2WORD=0.00010318367276340723|NORM_3PLUS=3.0317780328914523e-05
만들기	O=0.999660849571228|NORM_1WORD=0.00020535192743409425|NORM_2WORD=8.989197522168979e-05|NORM_3PLUS=2.9209018975961953e-05
장인임	O=0.9995371103286743|NORM_1WORD=0.0002546309551689774|NORM_2WORD=0.00015099711890798062|NORM_3PLUS=3.7887381040491164e-05

검은털개미	NORM_1WORD=0.5658950209617615|NORM_2WORD=0.21122048795223236|O=0.1357068568468094|NORM_3PLUS=0.07950390875339508

시발	NORM_1WORD=0.9079799652099609|O=0.05916082113981247|NORM_2WORD=0.022920208051800728|NORM_3PLUS=0.009548268280923367
죄	O=0.5916187167167664|NORM_1WORD=0.3943741023540497|NORM_2WORD=0.010287294164299965|NORM_3PLUS=0.0034523592330515385
귀엽다	O=0.9924237728118896|NORM_1WORD=0.005359144415706396|NORM_2WORD=0.0017814222956076264|NORM_3PLUS=0.00035863646189682186
진심으로	O=0.9933224320411682|NORM_1WORD=0.005566233769059181|NORM_2WORD=0.0008794793975539505|NORM_3PLUS=0.0001920003560371697

정보	O=0.9994564652442932|NORM_1WORD=0.000327340851072222|NORM_2WORD=0.0001463233056711033|NORM_3PLUS=4.853517020819709e-05
실제로	O=0.999481737613678|NORM_1WORD=0.00032176548847928643|NORM_2WORD=0.0001369655510643497|NORM_3PLUS=3.8215392123674974e-05
포청천	O=0.9991446733474731|NORM_1WORD=0.0005074437358416617|NORM_2WORD=0.00026055084890685976|NORM_3PLUS=6.456685514422134e-05
이	O=0.9994775652885437|NORM_1WORD=0.00034954375587403774|NORM_2WORD=0.00011743681534426287|NORM_3PLUS=4.0883111068978906e-05
개봉부	O=0.9984269142150879|NORM_1WORD=0.0008943530265241861|NORM_2WORD=0.000486605305923149|NORM_3PLUS=0.00013181105896364897
판관직	O=0.9991747736930847|NORM_1WORD=0.0004895564634352922|NORM_2WORD=0.00023966851586010307|NORM_3PLUS=6.956642755540088e-05
에	O=0.999347984790802|NORM_1WORD=0.00046755620860494673|NORM_2WORD=0.00012294405314605683|NORM_3PLUS=4.521366281551309e-05
있었던건	O=0.9981368780136108|NORM_1WORD=0.000949166773352772|NORM_2WORD=0.0006547889788635075|NORM_3PLUS=0.00017404726531822234
1년	O=0.9971519708633423|NORM_1WORD=0.0014207469066604972|NORM_2WORD=0.001006297068670392|NORM_3PLUS=0.0002765165700111538
남짓이다	O=0.999212384223938|NORM_1WORD=0.000395659968489781|NORM_2WORD=0.00027841050177812576|NORM_3PLUS=6.853987724753097e-05

잘해주면	O=0.9721704721450806|NORM_2WORD=0.01376422680914402|NORM_1WORD=0.011177614331245422|NORM_3PLUS=0.002363967476412654
배신할	O=0.979608952999115|NORM_1WORD=0.010500076226890087|NORM_2WORD=0.008053387515246868|NORM_3PLUS=0.001669619930908084
뿐임	O=0.9849475026130676|NORM_1WORD=0.007410503923892975|NORM_2WORD=0.006250734906643629|NORM_3PLUS=0.0011601189617067575

존나	NORM_1WORD=0.5292139649391174|O=0.44636446237564087|NORM_2WORD=0.018680527806282043|NORM_3PLUS=0.00554788950830698
재밌게	O=0.9947941899299622|NORM_1WORD=0.0026419959031045437|NORM_2WORD=0.002089369110763073|NORM_3PLUS=0.0003515279677230865
읽었음	O=0.9977551102638245|NORM_1WORD=0.0013301725266501307|NORM_2WORD=0.0007023180951364338|NORM_3PLUS=0.00014951502089388669
개추	O=0.9939788579940796|NORM_1WORD=0.004364656750112772|NORM_2WORD=0.0012139561586081982|NORM_3PLUS=0.00034139002673327923
나도	O=0.9978501796722412|NORM_1WORD=0.001272783032618463|NORM_2WORD=0.0006489336374215782|NORM_3PLUS=0.00017232885875273496
가봐야겠다	O=0.9972227811813354|NORM_1WORD=0.0013924282975494862|NORM_2WORD=0.0010305537143722177|NORM_3PLUS=0.00023354314907919616

똥싸면서	NORM_2WORD=0.35566845536231995|NORM_1WORD=0.345264732837677|O=0.24462726712226868|NORM_3PLUS=0.053343821316957474
생각한걸	O=0.9575152397155762|NORM_2WORD=0.020117755979299545|NORM_1WORD=0.01817409321665764|NORM_3PLUS=0.0037152678705751896
이딴글에	O=0.9388441443443298|NORM_1WORD=0.03457552567124367|NORM_2WORD=0.02134593389928341|NORM_3PLUS=0.004930449184030294
올러	O=0.9915418028831482|NORM_1WORD=0.005069254897534847|NORM_2WORD=0.0027953730896115303|NORM_3PLUS=0.0004858531174249947

미국	O=0.9993650317192078|NORM_1WORD=0.00034482841147109866|NORM_2WORD=0.00018417595128994435|NORM_3PLUS=7.188291056081653e-05
나라	O=0.998999297618866|NORM_1WORD=0.0005096278619021177|NORM_2WORD=0.0002914399956353009|NORM_3PLUS=0.00013882553321309388
원래	O=0.9995354413986206|NORM_1WORD=0.00025747582549229264|NORM_2WORD=0.0001296779082622379|NORM_3PLUS=5.467211303766817e-05
지구상	O=0.99915611743927|NORM_1WORD=0.0004990879679098725|NORM_2WORD=0.0002477911184541881|NORM_3PLUS=7.23782432032749e-05
가장	O=0.999197781085968|NORM_1WORD=0.00045463599963113666|NORM_2WORD=0.00023032855824567378|NORM_3PLUS=8.104607695713639e-05
차별	O=0.9983565211296082|NORM_1WORD=0.0008215851848945022|NORM_2WORD=0.0005596185219474137|NORM_3PLUS=0.0001752096723066643
심한	O=0.998380184173584|NORM_1WORD=0.0008622446330264211|NORM_2WORD=0.0005616319249384105|NORM_3PLUS=0.00013061230129096657
생기다	O=0.9984536170959473|NORM_1WORD=0.0007124266703613102|NORM_2WORD=0.0006345981382764876|NORM_3PLUS=0.00013991996820550412
문제	O=0.9986602067947388|NORM_1WORD=0.0006725250277668238|NORM_2WORD=0.00046683152322657406|NORM_3PLUS=0.00013522995868697762

ㅋㅋ	O=0.9980489015579224|NORM_1WORD=0.0015218353364616632|NORM_2WORD=0.00026769479154609144|NORM_3PLUS=0.00010974014730891213
멍청도	O=0.9972186088562012|NORM_1WORD=0.0017948512686416507|NORM_2WORD=0.0007405735668726265|NORM_3PLUS=0.00019756361143663526
사는	O=0.9993614554405212|NORM_1WORD=0.0003827773325610906|NORM_2WORD=0.00015610242553520948|NORM_3PLUS=7.197291415650398e-05
나보다도	O=0.998724639415741|NORM_1WORD=0.0008464748389087617|NORM_2WORD=0.0003149264375679195|NORM_3PLUS=9.034985851030797e-05
삶이	O=0.998646080493927|NORM_1WORD=0.0009507482754997909|NORM_2WORD=0.00028799910796806216|NORM_3PLUS=9.183425572700799e-05
피폐하노	O=0.9935362339019775|NORM_1WORD=0.00503977807238698|NORM_2WORD=0.0011860773665830493|NORM_3PLUS=0.00018884467135649174

이	O=0.9996854066848755|NORM_1WORD=0.0001880997879197821|NORM_2WORD=7.130453741410747e-05|NORM_3PLUS=3.922443647752516e-05
친구	O=0.9995059967041016|NORM_1WORD=0.0002839969820342958|NORM_2WORD=0.0001078123168554157|NORM_3PLUS=5.7037857914110646e-05
는	O=0.9997014403343201|NORM_1WORD=0.00016163615509867668|NORM_2WORD=9.113320265896618e-05|NORM_3PLUS=3.21215447911527e-05
진짜로	O=0.9996343851089478|NORM_1WORD=0.00020514996140263975|NORM_2WORD=0.0001072790619218722|NORM_3PLUS=3.508671943563968e-05
좀	O=0.9997771382331848|NORM_1WORD=0.00012788843014277518|NORM_2WORD=5.542628059629351e-05|NORM_3PLUS=2.424095873720944e-05
멋있노	O=0.999413251876831|NORM_1WORD=0.0003737628576345742|NORM_2WORD=0.0001577018847456202|NORM_3PLUS=3.605261372285895e-05

관상	O=0.9994720816612244|NORM_1WORD=0.00029944308334961534|NORM_2WORD=0.0001318690337939188|NORM_3PLUS=6.693532486679032e-05
은	O=0.9994621872901917|NORM_1WORD=0.00031868062797002494|NORM_2WORD=0.0001502607046859339|NORM_3PLUS=5.388341742218472e-05
엄청	O=0.999705970287323|NORM_1WORD=0.00016636431973893195|NORM_2WORD=7.006640953477472e-05|NORM_3PLUS=3.656993430922739e-05
착해보이네	O=0.9995050430297852|NORM_1WORD=0.0002658905286807567|NORM_2WORD=0.00015679645002819598|NORM_3PLUS=4.70475060865283e-05

재인이랑	O=0.9974161386489868|NORM_1WORD=0.0014788038097321987|NORM_2WORD=0.0008929109899327159|NORM_3PLUS=0.00015303859254345298
재명이	O=0.9987127780914307|NORM_1WORD=0.0008530662744306028|NORM_2WORD=0.00033065330353565514|NORM_3PLUS=7.561143866041675e-05
반반	O=0.9983274340629578|NORM_1WORD=0.001226467895321548|NORM_2WORD=0.0003235373296774924|NORM_3PLUS=9.28699373616837e-05
섞은거	O=0.9972034692764282|NORM_1WORD=0.001443892135284841|NORM_2WORD=0.0010472475551068783|NORM_3PLUS=0.0002481957199051976
같이	O=0.9994675517082214|NORM_1WORD=0.0003342987038195133|NORM_2WORD=0.00013579164806287736|NORM_3PLUS=4.5256048906594515e-05
생겼누	O=0.9987490177154541|NORM_1WORD=0.0010354184778407216|NORM_2WORD=0.00015033228555694222|NORM_3PLUS=4.931935836793855e-05
ㅋㅋㅋ	O=0.9987803101539612|NORM_1WORD=0.0008335031452588737|NORM_2WORD=0.0002468016464263201|NORM_3PLUS=9.319310629507527e-05

이런	O=0.9985429048538208|NORM_1WORD=0.0009793039644137025|NORM_2WORD=0.0003249282599426806|NORM_3PLUS=9.83386198640801e-05
미묘한	O=0.9940012097358704|NORM_1WORD=0.0030137826688587666|NORM_2WORD=0.0022402971517294645|NORM_3PLUS=0.0004931798903271556
분위기	O=0.9979826211929321|NORM_1WORD=0.0012097134022042155|NORM_2WORD=0.0005295114824548364|NORM_3PLUS=0.00016183136904146522
가	O=0.9987558126449585|NORM_1WORD=0.0008191088563762605|NORM_2WORD=0.00030930733191780746|NORM_3PLUS=8.394764154218137e-05
개좋음	O=0.9422619938850403|NORM_1WORD=0.04588707163929939|NORM_2WORD=0.009884996339678764|NORM_3PLUS=0.001614313223399222
ㅇㅇ	O=0.9761005640029907|NORM_1WORD=0.01995980367064476|NORM_2WORD=0.003044272307306528|NORM_3PLUS=0.000664742139633745

씹센징	NORM_1WORD=0.7084314823150635|O=0.14760737121105194|NORM_2WORD=0.1284755915403366|NORM_3PLUS=0.014651305973529816
저격	O=0.9976771473884583|NORM_1WORD=0.0012047815835103393|NORM_2WORD=0.0009023288730531931|NORM_3PLUS=0.00017154510715045035
그랜저	O=0.9960371851921082|NORM_2WORD=0.0018180904444307089|NORM_1WORD=0.0016914496663957834|NORM_3PLUS=0.0003185173263773322
만한게	O=0.9945598244667053|NORM_1WORD=0.0025311813224107027|NORM_2WORD=0.0023040787782520056|NORM_3PLUS=0.0004323222383391112
잘보일려고	O=0.9879466891288757|NORM_1WORD=0.006143166683614254|NORM_2WORD=0.00486906198784709|NORM_3PLUS=0.0009075626730918884

된장국	O=0.996915340423584|NORM_1WORD=0.0019297812832519412|NORM_2WORD=0.000936148629989475|NORM_3PLUS=0.00017032884352374822
맛있겠다	O=0.9989696741104126|NORM_1WORD=0.0005767595721408725|NORM_2WORD=0.00033933750819414854|NORM_3PLUS=7.482108048861846e-05
나	O=0.9994184970855713|NORM_1WORD=0.0003913257969543338|NORM_2WORD=0.0001263716840185225|NORM_3PLUS=5.141837755218148e-05
도	O=0.9992401599884033|NORM_1WORD=0.0005327280377969146|NORM_2WORD=0.00015209500270429999|NORM_3PLUS=5.334690649760887e-05
끓여봐야지	O=0.9975106716156006|NORM_1WORD=0.001421463442966342|NORM_2WORD=0.0008778917253948748|NORM_3PLUS=0.00012811295164283365

이거	O=0.9917150139808655|NORM_1WORD=0.004526532255113125|NORM_2WORD=0.0029379145707935095|NORM_3PLUS=0.0006149520049802959
받아준	O=0.9943342208862305|NORM_1WORD=0.0041543287225067616|NORM_2WORD=0.0012183946091681719|NORM_3PLUS=0.0002418187796138227
황제	O=0.9951158761978149|NORM_1WORD=0.0026471070013940334|NORM_2WORD=0.001744161476381123|NORM_3PLUS=0.0003955080173909664
명군임	O=0.975532054901123|NORM_1WORD=0.015471655875444412|NORM_2WORD=0.007560263387858868|NORM_3PLUS=0.0012699030339717865

ㄹㅇ	NORM_1WORD=0.9328197240829468|NORM_2WORD=0.03546585142612457|O=0.015710700303316116|NORM_3PLUS=0.01539168693125248
좌편향	O=0.9927006959915161|NORM_1WORD=0.004979713819921017|NORM_2WORD=0.0017789080739021301|NORM_3PLUS=0.0004395122523419559
판사들	O=0.9976840019226074|NORM_1WORD=0.0013737458502873778|NORM_2WORD=0.0007489119307138026|NORM_3PLUS=0.0001580901152919978
나라	O=0.999004065990448|NORM_1WORD=0.0005550739006139338|NORM_2WORD=0.00030375595088116825|NORM_3PLUS=0.0001078222194337286
쑥대밭	O=0.9970477223396301|NORM_1WORD=0.0019675111398100853|NORM_2WORD=0.0007274368545040488|NORM_3PLUS=0.000205120857572183
만드노	O=0.9965280890464783|NORM_1WORD=0.0024034311063587666|NORM_2WORD=0.0008886650903150439|NORM_3PLUS=0.00014348210243042558

정상적으로	O=0.9985606074333191|NORM_1WORD=0.0007602558471262455|NORM_2WORD=0.00047203199937939644|NORM_3PLUS=0.00014016641944181174
저런	O=0.9989847540855408|NORM_1WORD=0.0005432877806015313|NORM_2WORD=0.0003317950468044728|NORM_3PLUS=9.588916873326525e-05
몸	O=0.9992035031318665|NORM_1WORD=0.0004229187034070492|NORM_2WORD=0.00024346273858100176|NORM_3PLUS=8.428560249740258e-05
될려면	O=0.9983752965927124|NORM_1WORD=0.0007780375890433788|NORM_2WORD=0.0006081871688365936|NORM_3PLUS=0.00015898491255939007
6~7년	O=0.9948152899742126|NORM_1WORD=0.002532030688598752|NORM_2WORD=0.001925349817611277|NORM_3PLUS=0.0004804736527148634
해야되누	O=0.9948891401290894|NORM_1WORD=0.0034564088564366102|NORM_2WORD=0.0012684727553278208|NORM_3PLUS=0.0002794104511849582

열병식	O=0.8261168003082275|NORM_1WORD=0.11097864806652069|NORM_2WORD=0.05294112116098404|NORM_3PLUS=0.009397965855896473
왜함	O=0.9032507538795471|NORM_1WORD=0.07137317955493927|NORM_2WORD=0.021646125242114067|NORM_3PLUS=0.003280301345512271

공익	O=0.9944314360618591|NORM_1WORD=0.003933046944439411|NORM_2WORD=0.001229515066370368|NORM_3PLUS=0.0003026385384146124
끝나고	O=0.9967468976974487|NORM_1WORD=0.0016130239237099886|NORM_2WORD=0.0013068465050309896|NORM_3PLUS=0.0002529683115426451
납치돼서	O=0.9890797734260559|NORM_2WORD=0.00489379744976759|NORM_1WORD=0.004890855867415667|NORM_3PLUS=0.0009039544966071844
어색해하던거	O=0.9879970550537109|NORM_1WORD=0.005248290952295065|NORM_2WORD=0.005177084822207689|NORM_3PLUS=0.0012445691972970963
기억난다	O=0.997191846370697|NORM_1WORD=0.001398601452820003|NORM_2WORD=0.0009831254137679935|NORM_3PLUS=0.0003032225649803877
그후로	O=0.9969871640205383|NORM_1WORD=0.0016630450263619423|NORM_2WORD=0.0010200825054198503|NORM_3PLUS=0.0002554054372012615
오랫동안	O=0.9972135424613953|NORM_1WORD=0.0013975693145766854|NORM_2WORD=0.0009474651888012886|NORM_3PLUS=0.0003118219901807606
겉돌음	O=0.9959965944290161|NORM_1WORD=0.0022049739491194487|NORM_2WORD=0.0013301296858116984|NORM_3PLUS=0.0003497752477414906

조선새끼들	NORM_1WORD=0.6492749452590942|NORM_2WORD=0.22536422312259674|NORM_3PLUS=0.07912078499794006|O=0.043815113604068756
중국산	O=0.9893418550491333|NORM_1WORD=0.0050898888148367405|NORM_2WORD=0.004198867827653885|NORM_3PLUS=0.0010734861716628075
사라는	O=0.9939597845077515|NORM_1WORD=0.0034424460027366877|NORM_2WORD=0.0019005327485501766|NORM_3PLUS=0.0005753549048677087

도마뱀	O=0.9952249526977539|NORM_1WORD=0.003695137333124876|NORM_2WORD=0.0007971980376169086|NORM_3PLUS=0.00021503519383259118
구ㅏ엽다고	NORM_1WORD=0.5343442559242249|O=0.21698163449764252|NORM_2WORD=0.20318545401096344|NORM_3PLUS=0.04451151564717293
생각한적	O=0.9945318698883057|NORM_1WORD=0.003841523313894868|NORM_2WORD=0.0012116096913814545|NORM_3PLUS=0.000358709687134251
첨이다	O=0.9970966577529907|NORM_1WORD=0.0017139323754236102|NORM_2WORD=0.0009142571943812072|NORM_3PLUS=0.00020994619990233332
ㅋㅋ	O=0.9988117218017578|NORM_1WORD=0.0008836647029966116|NORM_2WORD=0.00021131857647560537|NORM_3PLUS=6.888458301546052e-05

조식세트	O=0.9843965172767639|NORM_1WORD=0.008122921921312809|NORM_2WORD=0.005615872330963612|NORM_3PLUS=0.001268113381229341
콜라	O=0.9935124516487122|NORM_1WORD=0.004024953115731478|NORM_2WORD=0.0019908114336431026|NORM_3PLUS=0.00037074691499583423
마실	O=0.9967653751373291|NORM_1WORD=0.0019666419830173254|NORM_2WORD=0.0010381481843069196|NORM_3PLUS=0.00017961017147172242
서	O=0.995668888092041|NORM_1WORD=0.0033928011544048786|NORM_2WORD=0.0007929519051685929|NORM_3PLUS=0.00012144468928454444

지금	O=0.9995558857917786|NORM_1WORD=0.0002757025940809399|NORM_2WORD=0.00010741190635599196|NORM_3PLUS=4.59863840660546e-05
시작	O=0.9996097683906555|NORM_1WORD=0.00024845224106684327|NORM_2WORD=9.84068974503316e-05|NORM_3PLUS=3.0164259442244656e-05
하면	O=0.9995903372764587|NORM_1WORD=0.000225037380005233|NORM_2WORD=0.00012527905346360058|NORM_3PLUS=4.1518069338053465e-05
고인물	O=0.9987843632698059|NORM_1WORD=0.0006346271256916225|NORM_2WORD=0.0004220337432343513|NORM_3PLUS=0.00011881686805281788
이랑	O=0.9991668462753296|NORM_1WORD=0.00047817963059060276|NORM_2WORD=0.00028576512704603374|NORM_3PLUS=5.278008393361233e-05
pvp	O=0.9972972273826599|NORM_1WORD=0.0018784955609589815|NORM_2WORD=0.0006213563028723001|NORM_3PLUS=0.00015257253835443407
뜨면	O=0.9986749291419983|NORM_1WORD=0.0005993423401378095|NORM_2WORD=0.0005363469826988876|NORM_3PLUS=0.00013465990195982158
기스	O=0.9988021850585938|NORM_1WORD=0.0005848051514476538|NORM_2WORD=0.0004368012596387416|NORM_3PLUS=0.0001229064364451915
도	O=0.9994519352912903|NORM_1WORD=0.0003313824418000877|NORM_2WORD=0.00014285104407463223|NORM_3PLUS=5.061947740614414e-05
못	O=0.9993995428085327|NORM_1WORD=0.00034552422584965825|NORM_2WORD=0.00017926764849107713|NORM_3PLUS=4.473091757972725e-05
낸다는데	O=0.9948613047599792|NORM_1WORD=0.0026518262457102537|NORM_2WORD=0.0020031300373375416|NORM_3PLUS=0.0003824000887107104
ㄹ으	NORM_1WORD=0.910521388053894|NORM_2WORD=0.04189267009496689|O=0.03324680030345917|NORM_3PLUS=0.013869551941752434

부연설명하자면	O=0.999121367931366|NORM_1WORD=0.00040174927562475204|NORM_2WORD=0.00033241501660086215|NORM_3PLUS=9.997083543566987e-05
이런	O=0.9995637536048889|NORM_1WORD=0.00024401620612479746|NORM_2WORD=0.00012294492626097053|NORM_3PLUS=4.494288805290125e-05
인간유형들	O=0.9991539716720581|NORM_1WORD=0.0004506338154897094|NORM_2WORD=0.00028293122886680067|NORM_3PLUS=8.287654054583982e-05
특징이	O=0.9994261264801025|NORM_1WORD=0.00032319329329766333|NORM_2WORD=0.00016521320503670722|NORM_3PLUS=6.202606891747564e-05
자기	O=0.9996390342712402|NORM_1WORD=0.0002015958889387548|NORM_2WORD=0.00010214609210379422|NORM_3PLUS=3.972976264776662e-05
기분이	O=0.9991816878318787|NORM_1WORD=0.0004913334269076586|NORM_2WORD=0.0002348729904042557|NORM_3PLUS=6.757938535884023e-05
상해있는데	O=0.9994176626205444|NORM_1WORD=0.0003139782929793|NORM_2WORD=0.0001776828576112166|NORM_3PLUS=5.8926118072122335e-05
다른	O=0.9996756315231323|NORM_1WORD=0.00016929162666201591|NORM_2WORD=9.64525606832467e-05|NORM_3PLUS=4.077800622326322e-05
가족들이	O=0.9993940591812134|NORM_1WORD=0.0003175195015501231|NORM_2WORD=0.00019411410903558135|NORM_3PLUS=6.491723615908995e-05
하하호호하는	O=0.9984380602836609|NORM_1WORD=0.0008084822329692543|NORM_2WORD=0.0005574291571974754|NORM_3PLUS=0.00013727486657444388
꼴을	O=0.9987549781799316|NORM_1WORD=0.000774628366343677|NORM_2WORD=0.00036923211882822216|NORM_3PLUS=7.755296974210069e-05
눈뜨고	O=0.998725950717926|NORM_1WORD=0.000676351017318666|NORM_2WORD=0.00046235520858317614|NORM_3PLUS=0.00010163310798816383
못봄자기	O=0.9965835213661194|NORM_1WORD=0.0020910731982439756|NORM_2WORD=0.0010109329596161842|NORM_3PLUS=0.00025917781749740243
기분	O=0.9996225833892822|NORM_1WORD=0.0002321374195162207|NORM_2WORD=9.278579091187567e-05|NORM_3PLUS=3.6981589801143855e-05
눈치	O=0.9992284774780273|NORM_1WORD=0.0004408684908412397|NORM_2WORD=0.00023237541608978063|NORM_3PLUS=7.032461144262925e-05
보면서	O=0.9991269707679749|NORM_1WORD=0.0004260191635694355|NORM_2WORD=0.0003162190841976553|NORM_3PLUS=9.084513294510543e-05
설설	O=0.9993694424629211|NORM_1WORD=0.0003301577235106379|NORM_2WORD=0.00020276551367715|NORM_3PLUS=6.870982178952545e-05
기어야	O=0.9994415640830994|NORM_1WORD=0.00028552956064231694|NORM_2WORD=0.0002028836461249739|NORM_3PLUS=4.971365342498757e-05
만족함감히	O=0.9990589022636414|NORM_1WORD=0.0004899351042695343|NORM_2WORD=0.0003111425321549177|NORM_3PLUS=0.00010080032370751724
내가	O=0.9995667338371277|NORM_1WORD=0.00024212234711740166|NORM_2WORD=0.00012555273133330047|NORM_3PLUS=4.243683360982686e-05
안좋은데	O=0.9990069270133972|NORM_1WORD=0.0005030239117331803|NORM_2WORD=0.0003521823382470757|NORM_3PLUS=9.165950177703053e-05
니들은	O=0.9993513226509094|NORM_1WORD=0.0003656568005681038|NORM_2WORD=0.0002108001644955948|NORM_3PLUS=5.077212699688971e-05
신나?	O=0.9978817105293274|NORM_1WORD=0.0013753467937931418|NORM_2WORD=0.0005731750861741602|NORM_3PLUS=0.00013262376887723804
빡돌아서	O=0.963853657245636|NORM_1WORD=0.022572575137019157|NORM_2WORD=0.011814889498054981|NORM_3PLUS=0.0016072822036221623
트집잡고	O=0.9840649962425232|NORM_1WORD=0.009573963470757008|NORM_2WORD=0.005638439208269119|NORM_3PLUS=0.0006444841856136918
망쳐놓고	O=0.9973006844520569|NORM_1WORD=0.001550970016978681|NORM_2WORD=0.0009190881391987205|NORM_3PLUS=0.00018100917804986238
지는	O=0.992506206035614|NORM_1WORD=0.0047172014601528645|NORM_2WORD=0.0022457491140812635|NORM_3PLUS=0.00040836725383996964
화풀려서	O=0.9892039895057678|NORM_1WORD=0.006001713685691357|NORM_2WORD=0.004059107508510351|NORM_3PLUS=0.0006331094191409647
티비	O=0.998497724533081|NORM_1WORD=0.000785564654506743|NORM_2WORD=0.0005319303600117564|NORM_3PLUS=0.00012029933714075014
보고	O=0.9989238381385803|NORM_1WORD=0.0005961303832009435|NORM_2WORD=0.00036153566907159984|NORM_3PLUS=7.775175618007779e-05
껄껄껄	NORM_1WORD=0.5440124869346619|O=0.3312254250049591|NORM_2WORD=0.0973716750741005|NORM_3PLUS=0.02584024891257286
웃음	O=0.9938058853149414|NORM_1WORD=0.00427874643355608|NORM_2WORD=0.0014935802901163697|NORM_3PLUS=0.0003214457246940583

경제적으로	O=0.9990949630737305|NORM_1WORD=0.0005027907900512218|NORM_2WORD=0.00028429090161807835|NORM_3PLUS=8.964262087829411e-05
기생하다	O=0.9981914162635803|NORM_1WORD=0.0008509309263899922|NORM_2WORD=0.0007548074354417622|NORM_3PLUS=0.00013405615754891187
씨발	NORM_1WORD=0.8862488865852356|NORM_2WORD=0.052733566612005234|O=0.04230531305074692|NORM_3PLUS=0.018171608448028564
새끼들	NORM_1WORD=0.7923848032951355|NORM_2WORD=0.12637774646282196|O=0.0431152768433094|NORM_3PLUS=0.03717754781246185
저	O=0.9986366629600525|NORM_1WORD=0.0006234684842638671|NORM_2WORD=0.0006008894997648895|NORM_3PLUS=0.00010928920528385788
정도	O=0.9992648959159851|NORM_1WORD=0.000366083113476634|NORM_2WORD=0.0002689265529625118|NORM_3PLUS=7.16827271389775e-05
굽신굽신	O=0.9676993489265442|NORM_1WORD=0.014972926117479801|NORM_2WORD=0.014327025972306728|NORM_3PLUS=0.0022116766776889563
거려야지	O=0.9905898571014404|NORM_1WORD=0.004685672465711832|NORM_2WORD=0.003984813578426838|NORM_3PLUS=0.0005147787160240114

동남아계열	O=0.9744479060173035|NORM_1WORD=0.01921711675822735|NORM_2WORD=0.005587869323790073|NORM_3PLUS=0.0006885842885822058
애	O=0.9992222785949707|NORM_1WORD=0.000549031887203455|NORM_2WORD=0.00016773924289736897|NORM_3PLUS=4.651931885746308e-05
안쓰럽고	O=0.9984550476074219|NORM_1WORD=0.0009370527695864439|NORM_2WORD=0.0004644816799554974|NORM_3PLUS=9.774805221240968e-05
그래서	O=0.9988044500350952|NORM_1WORD=0.0007797227008268237|NORM_2WORD=0.00028907592059113085|NORM_3PLUS=7.955677574500442e-05
보는	O=0.9993212223052979|NORM_1WORD=0.00041667933692224324|NORM_2WORD=0.00017086563457269222|NORM_3PLUS=6.010568904457614e-05
내내	O=0.9990726709365845|NORM_1WORD=0.0005761634674854577|NORM_2WORD=0.0002465055149514228|NORM_3PLUS=6.586698873434216e-05
불편했을텐데	O=0.9988200068473816|NORM_1WORD=0.0007074714521877468|NORM_2WORD=0.00034959142794832587|NORM_3PLUS=8.955805969890207e-05
백인	O=0.9985756874084473|NORM_1WORD=0.0008926932932808995|NORM_2WORD=0.0003642850206233561|NORM_3PLUS=0.00011272433766862378
귀엽네	O=0.9982818365097046|NORM_1WORD=0.0010100100189447403|NORM_2WORD=0.0005123512237332761|NORM_3PLUS=0.00012290661106817424

송지효	O=0.9950979351997375|NORM_1WORD=0.0026284190826117992|NORM_2WORD=0.0020011498127132654|NORM_3PLUS=0.0002333393058506772
최고	O=0.9990153312683105|NORM_1WORD=0.00045579252764582634|NORM_2WORD=0.00038700096774846315|NORM_3PLUS=9.600950579624623e-05
여배우	O=0.9968409538269043|NORM_1WORD=0.0019678876269608736|NORM_2WORD=0.0009916689014062285|NORM_3PLUS=0.0001667063479544595
ㄹㅇ	NORM_1WORD=0.9363160133361816|NORM_2WORD=0.03168591484427452|NORM_3PLUS=0.01568100042641163|O=0.015480821952223778

퍼리들	O=0.49218979477882385|NORM_1WORD=0.3879040479660034|NORM_2WORD=0.10097209364175797|NORM_3PLUS=0.01848781853914261
살짝	O=0.9890205264091492|NORM_1WORD=0.007263618055731058|NORM_2WORD=0.003098438959568739|NORM_3PLUS=0.0005155780236236751
이해가	O=0.9972550272941589|NORM_1WORD=0.0013952795416116714|NORM_2WORD=0.0011131465435028076|NORM_3PLUS=0.00020206617773510516
될지도	O=0.9924992918968201|NORM_2WORD=0.0034621895756572485|NORM_1WORD=0.0029460012447088957|NORM_3PLUS=0.0007357962313108146

쿠라마	O=0.9872063398361206|NORM_1WORD=0.009252622723579407|NORM_2WORD=0.0029137127567082644|NORM_3PLUS=0.0005239568999968469
죽이고	O=0.9967664480209351|NORM_1WORD=0.0023196828551590443|NORM_2WORD=0.0007482831133529544|NORM_3PLUS=0.0001351711107417941
사스케	O=0.8946141600608826|NORM_1WORD=0.09729723632335663|NORM_2WORD=0.005869459360837936|NORM_3PLUS=0.0021269891876727343
눈깔	O=0.9984927177429199|NORM_1WORD=0.00112426676787436|NORM_2WORD=0.000267407507635653|NORM_3PLUS=9.463171591050923e-05
터뜨려서	O=0.9986924529075623|NORM_1WORD=0.000626963737886399|NORM_2WORD=0.0005323045770637691|NORM_3PLUS=0.00011183873721165583
밸런스	O=0.997887909412384|NORM_1WORD=0.0009585703373886645|NORM_2WORD=0.0008468112209811807|NORM_3PLUS=0.00021639296028297395
조절하던데	O=0.9982221722602844|NORM_1WORD=0.0008829860598780215|NORM_2WORD=0.0006418582051992416|NORM_3PLUS=0.0001593928609509021
차라리	O=0.998730480670929|NORM_1WORD=0.0006761463591828942|NORM_2WORD=0.00045146618504077196|NORM_3PLUS=0.00010711124195950106
시점을	O=0.9988546371459961|NORM_1WORD=0.0006766932783648372|NORM_2WORD=0.00035969531745649874|NORM_3PLUS=8.169621287379414e-05
100년후로	O=0.9981805086135864|NORM_1WORD=0.0009552799165248871|NORM_2WORD=0.0006741401157341897|NORM_3PLUS=0.0001417335879523307
보내든가	O=0.9988006353378296|NORM_1WORD=0.0006511714891530573|NORM_2WORD=0.00042334001045674086|NORM_3PLUS=8.859099034452811e-05
기존캐	O=0.9964951872825623|NORM_1WORD=0.002407943597063422|NORM_2WORD=0.0008448144071735442|NORM_3PLUS=0.00019162532407790422
능욕을	O=0.9983497858047485|NORM_1WORD=0.0009909503860399127|NORM_2WORD=0.00049412134103477|NORM_3PLUS=0.00012866461474914104
왜	O=0.9993870258331299|NORM_1WORD=0.0003412234364077449|NORM_2WORD=0.00019000732572749257|NORM_3PLUS=6.367525202222168e-05
하는거지	O=0.997946560382843|NORM_1WORD=0.0009984323987737298|NORM_2WORD=0.000786400749348104|NORM_3PLUS=0.0001746465131873265

쓰	NORM_1WORD=0.5125011801719666|O=0.4766387343406677|NORM_2WORD=0.007393334060907364|NORM_3PLUS=0.0033401777036488056

젊은	O=0.9993253946304321|NORM_1WORD=0.0004152149485889822|NORM_2WORD=0.00016295180830638856|NORM_3PLUS=6.192053115228191e-05
김혜수	O=0.9987140893936157|NORM_1WORD=0.0006033364334143698|NORM_2WORD=0.0005472161574289203|NORM_3PLUS=0.00010994657350238413
리사	O=0.7068619132041931|NORM_1WORD=0.23143257200717926|NORM_2WORD=0.05294051393866539|NORM_3PLUS=0.008453085087239742
느낌도	O=0.9992923736572266|NORM_1WORD=0.00042219748138450086|NORM_2WORD=0.00018206736422143877|NORM_3PLUS=7.533823372796178e-05
좀	O=0.9996943473815918|NORM_1WORD=0.00018604837532620877|NORM_2WORD=7.458983600372449e-05|NORM_3PLUS=2.922891690104734e-05
있네	O=0.9993979930877686|NORM_1WORD=0.0003384808369446546|NORM_2WORD=0.00017561521963216364|NORM_3PLUS=5.4792941227788106e-05

파운드	O=0.9920696020126343|NORM_1WORD=0.0053327567875385284|NORM_2WORD=0.0019048787653446198|NORM_3PLUS=0.00046624470269307494
쏘노	O=0.8571839928627014|NORM_1WORD=0.12665070593357086|NORM_2WORD=0.013324613682925701|NORM_3PLUS=0.0026234665419906378

4	O=0.9994484782218933|NORM_1WORD=0.00038692570524290204|NORM_2WORD=0.00011653886758722365|NORM_3PLUS=3.4530261473264545e-05
학년	O=0.9987824559211731|NORM_1WORD=0.0006921940366737545|NORM_2WORD=0.00037529924884438515|NORM_3PLUS=0.00010629204916767776
인데	O=0.9996474981307983|NORM_1WORD=0.00022613219334743917|NORM_2WORD=8.955433440860361e-05|NORM_3PLUS=2.5191491658915766e-05
교수님	O=0.9996658563613892|NORM_1WORD=0.00018088733486365527|NORM_2WORD=0.00010000519250752404|NORM_3PLUS=3.778126847464591e-05
처럼	O=0.9996575117111206|NORM_1WORD=0.00018947564240079373|NORM_2WORD=0.00010099566861754283|NORM_3PLUS=3.477777499938384e-05
생겼네	O=0.9996528625488281|NORM_1WORD=0.00019167567370459437|NORM_2WORD=0.00010639584070304409|NORM_3PLUS=3.1877712899586186e-05
하버드	O=0.9994658827781677|NORM_1WORD=0.0002723163925111294|NORM_2WORD=0.00017824336828198284|NORM_3PLUS=5.378991409088485e-05
공부	O=0.9995505213737488|NORM_1WORD=0.0002369961148360744|NORM_2WORD=0.00013106803817208856|NORM_3PLUS=4.6729248424526304e-05
가	O=0.9997690320014954|NORM_1WORD=0.00014056467625778168|NORM_2WORD=5.761198190157302e-05|NORM_3PLUS=2.228663652203977e-05
많이	O=0.9997479319572449|NORM_1WORD=0.00014552003995049745|NORM_2WORD=6.899262371007353e-05|NORM_3PLUS=2.4146782379830256e-05
힘든	O=0.9996095299720764|NORM_1WORD=0.0002112344081979245|NORM_2WORD=0.00010957986523862928|NORM_3PLUS=3.8669255445711315e-05
가부다	O=0.9992794394493103|NORM_1WORD=0.0003648349374998361|NORM_2WORD=0.0002642716863192618|NORM_3PLUS=6.32380906608887e-05

올라왔던거	O=0.9987636804580688|NORM_1WORD=0.0006467209313996136|NORM_2WORD=0.00040263705886900425|NORM_3PLUS=0.00013376919378060848
또	O=0.999373733997345|NORM_1WORD=0.00044466680265031755|NORM_2WORD=0.0001257919066119939|NORM_3PLUS=4.136392453801818e-05
올라오네	O=0.9989708662033081|NORM_1WORD=0.0005718264146707952|NORM_2WORD=0.0003280040982645005|NORM_3PLUS=9.049131040228531e-05
네	O=0.9994407296180725|NORM_1WORD=0.0003225212567485869|NORM_2WORD=0.0001496084441896528|NORM_3PLUS=6.0842587117804214e-05
다음	O=0.9991738200187683|NORM_1WORD=0.0004118925426155329|NORM_2WORD=0.0002648386580403894|NORM_3PLUS=9.543988562654704e-05
바이럴	O=0.9988431930541992|NORM_1WORD=0.0006408517947420478|NORM_2WORD=0.00037446117494255304|NORM_3PLUS=0.00011068888125009835

폭발물처리반	O=0.6129387617111206|NORM_1WORD=0.2780247926712036|NORM_2WORD=0.09249071776866913|NORM_3PLUS=0.015551164746284485

누칼협	NORM_1WORD=0.8038821220397949|O=0.09408880025148392|NORM_2WORD=0.08225284516811371|NORM_3PLUS=0.019219255074858665
나가시덩가	NORM_1WORD=0.8328536152839661|NORM_2WORD=0.07981587946414948|O=0.06491517275571823|NORM_3PLUS=0.02141241915524006

진짜	O=0.999515175819397|NORM_1WORD=0.000318667123792693|NORM_2WORD=0.0001081994705600664|NORM_3PLUS=3.849106724373996e-05
존나	NORM_1WORD=0.5259498357772827|O=0.45903438329696655|NORM_2WORD=0.011515270918607712|NORM_3PLUS=0.0033951816149055958
재미있어보이는데	O=0.9994743466377258|NORM_1WORD=0.00027091344236396253|NORM_2WORD=0.0001744091568980366|NORM_3PLUS=5.303376019583084e-05
처음에	O=0.9995803236961365|NORM_1WORD=0.0002585175971034914|NORM_2WORD=0.00011182197340531275|NORM_3PLUS=3.4277931263204664e-05
팀	O=0.9995662569999695|NORM_1WORD=0.00023202472948469222|NORM_2WORD=0.00013185014540795237|NORM_3PLUS=4.4786658691009507e-05
찾고	O=0.9997177720069885|NORM_1WORD=0.00017080992984119803|NORM_2WORD=7.32272383174859e-05|NORM_3PLUS=2.4676737666595727e-05
시작하는게	O=0.9993426203727722|NORM_1WORD=0.00033794750925153494|NORM_2WORD=0.0002258869499200955|NORM_3PLUS=6.319825479295105e-05
너무	O=0.9997128844261169|NORM_1WORD=0.0001712390367174521|NORM_2WORD=7.226079469546676e-05|NORM_3PLUS=2.8210137315909378e-05
어려울거같음	O=0.9992380142211914|NORM_1WORD=0.0003998747270088643|NORM_2WORD=0.00025263422867283225|NORM_3PLUS=7.072155858622864e-05
ㄹㅇ	NORM_1WORD=0.9463673830032349|O=0.023579681292176247|NORM_2WORD=0.020528728142380714|NORM_3PLUS=0.00915477517992258
;;	O=0.996853768825531|NORM_1WORD=0.0025257307570427656|NORM_2WORD=0.000444710545707494|NORM_3PLUS=0.00012352375779300928

실붕이들	O=0.9863939881324768|NORM_1WORD=0.007799014914780855|NORM_2WORD=0.005265229847282171|NORM_3PLUS=0.00046496294089592993
얘기	O=0.9989132881164551|NORM_1WORD=0.0007281025755219162|NORM_2WORD=0.0002525993622839451|NORM_3PLUS=7.234664371935651e-05
아니놐	O=0.9958847165107727|NORM_1WORD=0.003355938009917736|NORM_2WORD=0.000595809193328023|NORM_3PLUS=0.00012097840226488188
ㅋㅋㅋㅋㅋㅋㅋㅋㅋㅋㅋㅋㅋㅋㅋㅋㅋㅋㅋㅋㅋㅋㅋㅋㅋㅋ	O=0.9992208480834961|NORM_1WORD=0.000540790380910039|NORM_2WORD=0.0001484109670855105|NORM_3PLUS=6.363869033521041e-05

글로	O=0.998969554901123|NORM_1WORD=0.0006726540741510689|NORM_2WORD=0.0002652242546901107|NORM_3PLUS=7.216900121420622e-05
줄줄줄	O=0.98940509557724|NORM_1WORD=0.007871435955166817|NORM_2WORD=0.002225687960162759|NORM_3PLUS=0.00045712574501521885
적어놓으니	O=0.9984557628631592|NORM_1WORD=0.0008662659674882889|NORM_2WORD=0.0004685426247306168|NORM_3PLUS=0.00015449081547558308
많아보이지	O=0.9983468055725098|NORM_1WORD=0.0008134006056934595|NORM_2WORD=0.0006148928659968078|NORM_3PLUS=0.00015488847566302866
전부	O=0.9994099140167236|NORM_1WORD=0.0003630391147453338|NORM_2WORD=0.00015096727292984724|NORM_3PLUS=5.1018385420320556e-05
일반적인	O=0.9987916350364685|NORM_1WORD=0.0006157215102575719|NORM_2WORD=0.0004216085944790393|NORM_3PLUS=0.00011513464414747432
집안일	O=0.9987066984176636|NORM_1WORD=0.000680198019836098|NORM_2WORD=0.00045609340304508805|NORM_3PLUS=0.00011562670988496393
아니노	O=0.9982123374938965|NORM_1WORD=0.0012063414324074984|NORM_2WORD=0.00045068084727972746|NORM_3PLUS=9.655112808104604e-05
부모세대들은	O=0.998779833316803|NORM_1WORD=0.0006655020988546312|NORM_2WORD=0.0004127062566112727|NORM_3PLUS=0.00010412809933768585
저거	O=0.9988195300102234|NORM_1WORD=0.0005708346143364906|NORM_2WORD=0.0004165529680904001|NORM_3PLUS=0.00013262465654406697
곱절로	O=0.998674750328064|NORM_1WORD=0.0007889806875027716|NORM_2WORD=0.00041585732833482325|NORM_3PLUS=9.298307850258425e-05
당연시하며	O=0.9982975125312805|NORM_1WORD=0.0009474806720390916|NORM_2WORD=0.0005600237636826932|NORM_3PLUS=0.00013142221723683178
다했는데	O=0.9983274340629578|NORM_1WORD=0.000998833915218711|NORM_2WORD=0.0004739556461572647|NORM_3PLUS=0.00013337188283912838
ㅋㅋ	O=0.998908519744873|NORM_1WORD=0.0006757624796591699|NORM_2WORD=0.0002816703054122627|NORM_3PLUS=8.68343558977358e-05

차차기대선	O=0.9784301519393921|NORM_1WORD=0.010532469488680363|NORM_2WORD=0.008872837759554386|NORM_3PLUS=0.0016584888799116015
준스	O=0.9888046383857727|NORM_1WORD=0.007122071459889412|NORM_2WORD=0.003451248863711953|NORM_3PLUS=0.0005448992014862597
기다	O=0.9839951395988464|NORM_1WORD=0.008649962954223156|NORM_2WORD=0.006093526724725962|NORM_3PLUS=0.0010279605630785227

증액	O=0.9960151314735413|NORM_1WORD=0.0021131932735443115|NORM_2WORD=0.0013984240358695388|NORM_3PLUS=0.0003247294807806611
두창견입네	NORM_1WORD=0.6916314959526062|O=0.13932815194129944|NORM_2WORD=0.1393154114484787|NORM_3PLUS=0.029135294258594513
권리당원	O=0.9951825737953186|NORM_1WORD=0.0026780811604112387|NORM_2WORD=0.001757207210175693|NORM_3PLUS=0.0003177351609338075
책임당원	O=0.995604395866394|NORM_1WORD=0.002482159063220024|NORM_2WORD=0.0015313050244003534|NORM_3PLUS=0.00031376531114801764
딱봐도	O=0.995716392993927|NORM_1WORD=0.002405487233772874|NORM_2WORD=0.0014888232108205557|NORM_3PLUS=0.0003198347694706172
유승민	O=0.9977647066116333|NORM_1WORD=0.0011412800522521138|NORM_2WORD=0.0007994149345904589|NORM_3PLUS=0.00021725987608078867
김무성계	O=0.9982335567474365|NORM_1WORD=0.000844527326989919|NORM_2WORD=0.0007075858884491026|NORM_3PLUS=0.00016135387704707682
권리당원이더라도	O=0.9953765869140625|NORM_1WORD=0.0022865498904138803|NORM_2WORD=0.001912962645292282|NORM_3PLUS=0.0003265441919211298
말이다	O=0.998211145401001|NORM_1WORD=0.0010993172181770205|NORM_2WORD=0.00046806142199784517|NORM_3PLUS=0.00014938291860744357

존나	NORM_1WORD=0.5766677856445312|O=0.3954998552799225|NORM_2WORD=0.021377332508563995|NORM_3PLUS=0.006289351265877485
웃기네	O=0.9916175007820129|NORM_1WORD=0.005495206452906132|NORM_2WORD=0.002258053980767727|NORM_3PLUS=0.0004656754608731717

그러고보니	O=0.9920255541801453|NORM_1WORD=0.004681040998548269|NORM_2WORD=0.002436497714370489|NORM_3PLUS=0.0005709325196221471
오뎅	O=0.6914410591125488|NORM_1WORD=0.28944453597068787|NORM_2WORD=0.01583106257021427|NORM_3PLUS=0.0030050743371248245
다꾸앙	O=0.9722122550010681|NORM_1WORD=0.025165949016809464|NORM_2WORD=0.0020998611580580473|NORM_3PLUS=0.0004785197670571506
일본거	O=0.9864264726638794|NORM_1WORD=0.009267144836485386|NORM_2WORD=0.0033102030865848064|NORM_3PLUS=0.0008212595712393522
닭도리탕	O=0.9833189249038696|NORM_1WORD=0.010039713233709335|NORM_2WORD=0.005270150024443865|NORM_3PLUS=0.0010074861347675323

평행세계	O=0.9991680383682251|NORM_1WORD=0.00040926598012447357|NORM_2WORD=0.00028393694083206356|NORM_3PLUS=0.00010581615060800686
같은	O=0.9996137022972107|NORM_1WORD=0.0002262449124827981|NORM_2WORD=9.522854816168547e-05|NORM_3PLUS=4.9238540668739006e-05
느낌	O=0.9993959665298462|NORM_1WORD=0.0003911393869202584|NORM_2WORD=0.00013127931742928922|NORM_3PLUS=5.627443169942126e-05

현재	O=0.9994439482688904|NORM_1WORD=0.0003555089933797717|NORM_2WORD=0.00013985320401843637|NORM_3PLUS=4.34007597505115e-05
한녀	NORM_1WORD=0.6248344779014587|O=0.3169131875038147|NORM_2WORD=0.04868601635098457|NORM_3PLUS=0.009105019271373749
혼하면	O=0.9895612597465515|NORM_1WORD=0.0062546879053115845|NORM_2WORD=0.003335345070809126|NORM_3PLUS=0.0007089832215569913
좋은	O=0.9996817111968994|NORM_1WORD=0.000196648106793873|NORM_2WORD=8.008434815565124e-05|NORM_3PLUS=2.6204999812762253e-05
직장	O=0.9993435740470886|NORM_1WORD=0.00036892073694616556|NORM_2WORD=0.00019184293341822922|NORM_3PLUS=6.119698082329705e-05
다니고	O=0.9992024302482605|NORM_1WORD=0.0003631245926953852|NORM_2WORD=0.000331235583871603|NORM_3PLUS=7.092835585353896e-05
집차	O=0.9983803033828735|NORM_1WORD=0.0010889855911955237|NORM_2WORD=0.000368785229511559|NORM_3PLUS=0.00012694208999164402
다해가도	O=0.99898761510849|NORM_1WORD=0.0005154295358806849|NORM_2WORD=0.0003700800589285791|NORM_3PLUS=9.234120807377622e-05
처가	O=0.9978320002555847|NORM_1WORD=0.0014268604572862387|NORM_2WORD=0.0005850305897183716|NORM_3PLUS=0.00012192357098683715
대릴사위	O=0.9897475242614746|NORM_1WORD=0.006688151974231005|NORM_2WORD=0.0029006963595747948|NORM_3PLUS=0.0005564306629821658
노릇하게	O=0.9988699555397034|NORM_1WORD=0.0005679151508957148|NORM_2WORD=0.0004223054856993258|NORM_3PLUS=9.935874550137669e-05
된다	O=0.9992200136184692|NORM_1WORD=0.00040346558671444654|NORM_2WORD=0.00026742040063254535|NORM_3PLUS=7.222007116070017e-05
궁금하면	O=0.9991748929023743|NORM_1WORD=0.0004145720158703625|NORM_2WORD=0.00029008302954025567|NORM_3PLUS=8.211568638216704e-05
결혼한	O=0.9991377592086792|NORM_1WORD=0.0005152858211658895|NORM_2WORD=0.0002590592484921217|NORM_3PLUS=6.028591451467946e-05
주위	O=0.9992578625679016|NORM_1WORD=0.00042336664046160877|NORM_2WORD=0.0002447890874464065|NORM_3PLUS=5.385210897657089e-05
사람	O=0.9994922876358032|NORM_1WORD=0.0002841163659468293|NORM_2WORD=0.00015634368173778057|NORM_3PLUS=4.623348286258988e-05
물어봐라	O=0.9992152452468872|NORM_1WORD=0.00038442458026111126|NORM_2WORD=0.0003062276227865368|NORM_3PLUS=6.941846368135884e-05
10이면	O=0.9988613128662109|NORM_1WORD=0.0006650807918049395|NORM_2WORD=0.00033588369842618704|NORM_3PLUS=9.704515105113387e-05
10	O=0.9992923736572266|NORM_1WORD=0.00040184526005759835|NORM_2WORD=0.0002136172552127391|NORM_3PLUS=5.899598545511253e-05
비슷한	O=0.9995192289352417|NORM_1WORD=0.00025759570416994393|NORM_2WORD=0.00014845372061245143|NORM_3PLUS=4.695502866525203e-05
소리	O=0.9990442395210266|NORM_1WORD=0.00045292804134078324|NORM_2WORD=0.0003297045477665961|NORM_3PLUS=0.00010435023432364687
나올껄	O=0.9995482563972473|NORM_1WORD=0.0002316142199561|NORM_2WORD=0.00015998589515220374|NORM_3PLUS=3.9432041376130655e-05

미국	O=0.9993461966514587|NORM_1WORD=0.0003559623728506267|NORM_2WORD=0.00019706640159711242|NORM_3PLUS=6.701311212964356e-05
10블럭	O=0.9986311793327332|NORM_1WORD=0.0007679663831368089|NORM_2WORD=0.0003939456946682185|NORM_3PLUS=0.00013937106996309012
떨어진	O=0.9983240962028503|NORM_2WORD=0.0007450138800777495|NORM_1WORD=0.0007185212452895939|NORM_3PLUS=0.00015340332174673676
거리	O=0.9995909333229065|NORM_1WORD=0.00022225757129490376|NORM_2WORD=0.000123860445455648|NORM_3PLUS=4.2874969949480146e-05
소방차	O=0.9989244341850281|NORM_1WORD=0.0005753576406277716|NORM_2WORD=0.00033735152101144195|NORM_3PLUS=0.00013378907169681042
사이렌	O=0.9990842342376709|NORM_1WORD=0.000418989424360916|NORM_2WORD=0.0003535036521498114|NORM_3PLUS=0.00010273105726810172
소리	O=0.9988034963607788|NORM_1WORD=0.000545123009942472|NORM_2WORD=0.0003915849083568901|NORM_3PLUS=0.00015477766282856464
명확하게	O=0.9982686042785645|NORM_1WORD=0.0008216479909606278|NORM_2WORD=0.0006809934275224805|NORM_3PLUS=0.00015516167331952602
들린다	O=0.9979509711265564|NORM_2WORD=0.0008527578320354223|NORM_1WORD=0.0007799057639203966|NORM_3PLUS=0.000267376919509843

현금	O=0.9990779161453247|NORM_1WORD=0.0005522661376744509|NORM_2WORD=0.000249377335421741|NORM_3PLUS=8.260573667939752e-05
선물	O=0.9989193677902222|NORM_1WORD=0.0005731902783736587|NORM_2WORD=0.0003787745372392237|NORM_3PLUS=9.363846038468182e-05
화교들	O=0.9974923133850098|NORM_1WORD=0.0017705142963677645|NORM_2WORD=0.0005975275416858494|NORM_3PLUS=0.00011763097427319735
퍼뜨린	O=0.995519757270813|NORM_1WORD=0.002206502016633749|NORM_2WORD=0.0017729769460856915|NORM_3PLUS=0.00034489785321056843
거임	O=0.9981474876403809|NORM_1WORD=0.0009995477739721537|NORM_2WORD=0.0006860863068141043|NORM_3PLUS=0.00011933779751416296
돌반지	O=0.9734821915626526|NORM_1WORD=0.018385067582130432|NORM_2WORD=0.006999191828072071|NORM_3PLUS=0.0010339563013985753
같이	O=0.9972051978111267|NORM_1WORD=0.002036326564848423|NORM_2WORD=0.0005979149136692286|NORM_3PLUS=0.00013788371870759875
좆센	O=0.7202135324478149|NORM_1WORD=0.25335192680358887|NORM_2WORD=0.02214849554002285|NORM_3PLUS=0.003999055363237858
전통문화	O=0.99803227186203|NORM_1WORD=0.0008569731144234538|NORM_2WORD=0.0007974653854034841|NORM_3PLUS=0.00022199738305062056
아님	O=0.9985530972480774|NORM_1WORD=0.0006492285174317658|NORM_2WORD=0.000592774071265012|NORM_3PLUS=0.0001382986083626747

라이벌	O=0.9952693581581116|NORM_1WORD=0.003212869632989168|NORM_2WORD=0.001225829473696649|NORM_3PLUS=0.00021408387692645192
자초하다	O=0.9978771209716797|NORM_1WORD=0.0013815925922244787|NORM_2WORD=0.0005788483540527523|NORM_3PLUS=0.00013226633018348366
적	O=0.9988705515861511|NORM_1WORD=0.0008473537745885551|NORM_2WORD=0.00020879029761999846|NORM_3PLUS=6.19704878772609e-05

딸배	NORM_1WORD=0.4930884540081024|O=0.48090654611587524|NORM_2WORD=0.020498380064964294|NORM_3PLUS=0.00529096694663167
대리	O=0.9892430305480957|NORM_1WORD=0.007834427058696747|NORM_2WORD=0.002368736080825329|NORM_3PLUS=0.00047560548409819603
기본	O=0.9996829032897949|NORM_1WORD=0.00016814451373647898|NORM_2WORD=0.00010251498315483332|NORM_3PLUS=3.0218523534131236e-05
보험	O=0.9993588328361511|NORM_1WORD=0.000377229560399428|NORM_2WORD=0.00017669977387413383|NORM_3PLUS=5.555260577239096e-05
다넣고	O=0.9995375871658325|NORM_1WORD=0.00023059218074195087|NORM_2WORD=0.00017126189777627587|NORM_3PLUS=4.047028050990775e-05
한다	O=0.9995040893554688|NORM_1WORD=0.0002519865520298481|NORM_2WORD=0.0001708232593955472|NORM_3PLUS=4.631655610864982e-05
위에	O=0.999512791633606|NORM_1WORD=0.0003007291234098375|NORM_2WORD=0.00013496876636054367|NORM_3PLUS=3.566537634469569e-05
사건	O=0.9995836615562439|NORM_1WORD=0.00024665979435667396|NORM_2WORD=0.00011690294923027977|NORM_3PLUS=3.629114871728234e-05
은	O=0.9996092915534973|NORM_1WORD=0.00023215114197228104|NORM_2WORD=0.00011455768253654242|NORM_3PLUS=3.2339357858290896e-05
식당	O=0.9996329545974731|NORM_1WORD=0.00020148009934928268|NORM_2WORD=0.00011333483416819945|NORM_3PLUS=3.422508598305285e-05
에서	O=0.9996968507766724|NORM_1WORD=0.0001591656036907807|NORM_2WORD=0.00010693162039387971|NORM_3PLUS=2.531928475946188e-05
무보험	O=0.9994311928749084|NORM_1WORD=0.0003390683268662542|NORM_2WORD=0.00016835503629408777|NORM_3PLUS=4.0214606997324154e-05
기사	O=0.9996089339256287|NORM_1WORD=0.00020758727623615414|NORM_2WORD=0.00011984682350885123|NORM_3PLUS=4.203181742923334e-05
한데	O=0.9995114803314209|NORM_1WORD=0.00025906271184794605|NORM_2WORD=0.00016735440294723958|NORM_3PLUS=3.944788841181435e-05
시켜서	O=0.9993597865104675|NORM_1WORD=0.0003105542855337262|NORM_2WORD=0.00026226547197438776|NORM_3PLUS=4.979181176167913e-05
생긴일임	O=0.9965298771858215|NORM_1WORD=0.0021583226043730974|NORM_2WORD=0.0010602375259622931|NORM_3PLUS=0.0001975013583432883
안넣으면	O=0.9990934133529663|NORM_1WORD=0.0004239805566612631|NORM_2WORD=0.0003733684425242245|NORM_3PLUS=7.184555579442531e-05
일	O=0.999586284160614|NORM_1WORD=0.00023516557121183723|NORM_2WORD=0.00012192401482025161|NORM_3PLUS=3.857877163682133e-05
도	O=0.9996259212493896|NORM_1WORD=0.00023271562531590462|NORM_2WORD=9.148313984042034e-05|NORM_3PLUS=3.259317236370407e-05
못한다	O=0.9993811845779419|NORM_1WORD=0.00029733465635217726|NORM_2WORD=0.00023691165552008897|NORM_3PLUS=5.4112577345222235e-05

형소법	O=0.9949990510940552|NORM_1WORD=0.0026493000332266092|NORM_2WORD=0.001859238720498979|NORM_3PLUS=0.0003904238692484796
개정	O=0.9985936284065247|NORM_1WORD=0.0008618505671620369|NORM_2WORD=0.00039209896931424737|NORM_3PLUS=0.00010460949852131307
해야함	O=0.9983543157577515|NORM_1WORD=0.0008803507662378252|NORM_2WORD=0.0005809278809465468|NORM_3PLUS=0.00012224243255332112
판사새끼들	NORM_1WORD=0.7150650024414062|NORM_2WORD=0.1559315174818039|O=0.07229609787464142|NORM_3PLUS=0.05550257861614227
잘못	O=0.9978440999984741|NORM_1WORD=0.001418980653397739|NORM_2WORD=0.0006193261360749602|NORM_3PLUS=9.101516479859129e-05
국회의원들	O=0.9991967082023621|NORM_1WORD=0.00047064918908290565|NORM_2WORD=0.00025733921211212873|NORM_3PLUS=5.45589136891067e-05
일	O=0.999231219291687|NORM_1WORD=0.0004286528273951262|NORM_2WORD=0.0002531959908083081|NORM_3PLUS=6.0265858337515965e-05
안하는거지	O=0.9987074136734009|NORM_1WORD=0.0007172902696765959|NORM_2WORD=0.00044297659769654274|NORM_3PLUS=9.015498653752729e-05
뭐	O=0.9994902610778809|NORM_1WORD=0.00038261772715486586|NORM_2WORD=9.270424925489351e-05|NORM_3PLUS=2.418699295958504e-05
구속요건	O=0.9969921112060547|NORM_1WORD=0.0013661278644576669|NORM_2WORD=0.0012118971208110452|NORM_3PLUS=0.00028721572016365826
피해자	O=0.9994320273399353|NORM_1WORD=0.0003339637187309563|NORM_2WORD=0.00016218806558754295|NORM_3PLUS=4.702630394604057e-05
위해	O=0.9994237422943115|NORM_1WORD=0.0003215961914975196|NORM_2WORD=0.00018648021796252578|NORM_3PLUS=4.570500459522009e-05
위험	O=0.9993752837181091|NORM_1WORD=0.0003630814026109874|NORM_2WORD=0.00018891142099164426|NORM_3PLUS=4.856673695030622e-05
있을	O=0.9992583394050598|NORM_1WORD=0.0003930848906747997|NORM_2WORD=0.00025609249132685363|NORM_3PLUS=6.254408799577504e-05
때	O=0.9989635944366455|NORM_1WORD=0.0004990467568859458|NORM_2WORD=0.0003895129484590143|NORM_3PLUS=0.00010256987297907472
문구	O=0.9984593391418457|NORM_1WORD=0.0010401728795841336|NORM_2WORD=0.000382362341042608|NORM_3PLUS=8.895127393770963e-05
추가	O=0.9991200566291809|NORM_1WORD=0.0005799956270493567|NORM_2WORD=0.0002370124275330454|NORM_3PLUS=4.363970219856128e-05
판새들	NORM_1WORD=0.6908508539199829|O=0.14623524248600006|NORM_2WORD=0.13276153802871704|NORM_3PLUS=0.02955291047692299
영장	O=0.996849000453949|NORM_1WORD=0.0019912105053663254|NORM_2WORD=0.0008875933126546443|NORM_3PLUS=0.00019933489966206253
허가	O=0.9963032007217407|NORM_1WORD=0.001886244979687035|NORM_2WORD=0.0014200832229107618|NORM_3PLUS=0.0002755415334831923

늙어서	O=0.9989244341850281|NORM_1WORD=0.0005650517414323986|NORM_2WORD=0.00037878588773310184|NORM_3PLUS=9.126354416366667e-05
저정도인거임	O=0.9992256164550781|NORM_1WORD=0.0004197068337816745|NORM_2WORD=0.0002653347619343549|NORM_3PLUS=6.435575051000342e-05
ㅋㅋ	O=0.9993247985839844|NORM_1WORD=0.00045165448682382703|NORM_2WORD=0.00014949141768738627|NORM_3PLUS=5.1272243581479415e-05
슈주	O=0.8754664063453674|NORM_1WORD=0.11253560334444046|NORM_2WORD=0.009394142776727676|NORM_3PLUS=0.0024735156912356615
초창기에는	O=0.9992086291313171|NORM_1WORD=0.00039069997728802264|NORM_2WORD=0.0002793647872749716|NORM_3PLUS=8.570794307161123e-05
어지간한	O=0.9978958368301392|NORM_1WORD=0.0010668571339920163|NORM_2WORD=0.00075705157360062|NORM_3PLUS=0.0001866490492830053
걸그룹	O=0.9981734752655029|NORM_1WORD=0.0008214188273996115|NORM_2WORD=0.0007338965078815818|NORM_3PLUS=0.00018609782273415476
보다	O=0.9994066953659058|NORM_1WORD=0.00027657649479806423|NORM_2WORD=0.0002031681506196037|NORM_3PLUS=7.386132347164676e-05
이뻤다	O=0.9987289309501648|NORM_1WORD=0.0005514852236956358|NORM_2WORD=0.0005145265604369342|NORM_3PLUS=0.00014115909289103001

그거는	O=0.9854629039764404|NORM_1WORD=0.01123784389346838|NORM_2WORD=0.0028165404219180346|NORM_3PLUS=0.0004115448973607272
더블제타	O=0.8782063126564026|NORM_1WORD=0.08263419568538666|NORM_2WORD=0.034851644188165665|NORM_3PLUS=0.00404610438272357

트와이스같은	O=0.7645885348320007|NORM_1WORD=0.17714788019657135|NORM_2WORD=0.051460325717926025|NORM_3PLUS=0.006522282958030701
그룹	O=0.9925678968429565|NORM_2WORD=0.0034409461077302694|NORM_1WORD=0.003168379655107856|NORM_3PLUS=0.0005936770467087626

대구에서	O=0.9991669654846191|NORM_1WORD=0.00048582672025077045|NORM_2WORD=0.0002592529053799808|NORM_3PLUS=6.636585749220103e-05
착한사람은	O=0.99872225522995|NORM_1WORD=0.0007078878115862608|NORM_2WORD=0.0004284267488401383|NORM_3PLUS=0.00010108437709277496
수성구	O=0.9990563988685608|NORM_1WORD=0.0005034229252487421|NORM_2WORD=0.00032657760311849415|NORM_3PLUS=8.182882447727025e-05
출신밖에	O=0.9990296363830566|NORM_1WORD=0.0005708318785764277|NORM_2WORD=0.0002910838520620018|NORM_3PLUS=7.404640928143635e-05
없다	O=0.9994057416915894|NORM_1WORD=0.00027142578619532287|NORM_2WORD=0.00022707450261805207|NORM_3PLUS=6.234551983652636e-05
내가	O=0.9996370077133179|NORM_1WORD=0.00020547790336422622|NORM_2WORD=0.00010686293535400182|NORM_3PLUS=3.6862227716483176e-05
출신이라	O=0.9993521571159363|NORM_1WORD=0.0003479478182271123|NORM_2WORD=0.0002128420164808631|NORM_3PLUS=6.053075412637554e-05
이말하는게	O=0.9981433153152466|NORM_1WORD=0.0009934903355315328|NORM_2WORD=0.0006313593476079404|NORM_3PLUS=0.0001582132827024907
아니다	O=0.9994305968284607|NORM_1WORD=0.00029758765595033765|NORM_2WORD=0.00018290322623215616|NORM_3PLUS=5.5819644330767915e-05
출신사람한테	O=0.999290943145752|NORM_1WORD=0.0004069605201948434|NORM_2WORD=0.00022160407388582826|NORM_3PLUS=5.5674212489975616e-05
도움받은적이	O=0.9985253214836121|NORM_1WORD=0.0009220464853569865|NORM_2WORD=0.0003822158614639193|NORM_3PLUS=0.00013705155288334936
많아서	O=0.9986536502838135|NORM_1WORD=0.0006998775061219931|NORM_2WORD=0.0004860680492129177|NORM_3PLUS=0.00011466425348771736
그렇다	O=0.9984209537506104|NORM_1WORD=0.0008299770997837186|NORM_2WORD=0.0005483232671394944|NORM_3PLUS=0.00013476797903422266

내고	O=0.9961804151535034|NORM_1WORD=0.0031110704876482487|NORM_2WORD=0.0005677991430275142|NORM_3PLUS=0.0001049438287736848
수업	O=0.9987930059432983|NORM_1WORD=0.000892522803042084|NORM_2WORD=0.00023854029132053256|NORM_3PLUS=5.3089315770193934e-05
들으니까	O=0.9985028505325317|NORM_1WORD=0.0008902087574824691|NORM_2WORD=0.0004907531547360122|NORM_3PLUS=8.56144106364809e-05
모태솔로인	O=0.9908698201179504|NORM_1WORD=0.004823792725801468|NORM_2WORD=0.003667281474918127|NORM_3PLUS=0.0004753825778607279
거임	O=0.9966404438018799|NORM_1WORD=0.0017476418288424611|NORM_2WORD=0.0013439467875286937|NORM_3PLUS=0.00018390887998975813

롤대남	O=0.883470892906189|NORM_1WORD=0.09055696427822113|NORM_2WORD=0.022106099873781204|NORM_3PLUS=0.0036602593027055264
반중롤깨	O=0.7615006566047668|NORM_1WORD=0.18648235499858856|NORM_2WORD=0.040933068841695786|NORM_3PLUS=0.01086476631462574
라는	O=0.9792895317077637|NORM_1WORD=0.013397484086453915|NORM_2WORD=0.005932863336056471|NORM_3PLUS=0.0011991733917966485
듣고	O=0.996535062789917|NORM_1WORD=0.0022127709817141294|NORM_2WORD=0.0009680742514319718|NORM_3PLUS=0.00021535257110372186
띵해져서	O=0.9837470650672913|NORM_1WORD=0.008410799317061901|NORM_2WORD=0.006429053843021393|NORM_3PLUS=0.0011544200824573636
롤도	O=0.9753913879394531|NORM_1WORD=0.015458769164979458|NORM_2WORD=0.007284247316420078|NORM_3PLUS=0.0016093382146209478
접음	O=0.9838687777519226|NORM_1WORD=0.011176105588674545|NORM_2WORD=0.004128098487854004|NORM_3PLUS=0.000690339773427695

빠따	NORM_1WORD=0.7395997047424316|O=0.18018662929534912|NORM_2WORD=0.06587634235620499|NORM_3PLUS=0.013562587089836597
들고	O=0.9989449381828308|NORM_1WORD=0.0006174019654281437|NORM_2WORD=0.0002954575465992093|NORM_3PLUS=9.047395724337548e-05
돈	O=0.9991521835327148|NORM_1WORD=0.00047921878285706043|NORM_2WORD=0.00023728806991130114|NORM_3PLUS=7.724568422418088e-05
달라고	O=0.9988327622413635|NORM_1WORD=0.0006615869933739305|NORM_2WORD=0.00039393105544149876|NORM_3PLUS=7.468015974154696e-05
해버리네	O=0.9990689158439636|NORM_1WORD=0.0005171527154743671|NORM_2WORD=0.0002979978744406253|NORM_3PLUS=7.412181003019214e-05
ㅋㅋㅋ	O=0.9985186457633972|NORM_1WORD=0.0009299732046201825|NORM_2WORD=0.000352683593519032|NORM_3PLUS=0.00012396035890560597

들어올린다	O=0.9825994968414307|NORM_1WORD=0.010825884528458118|NORM_2WORD=0.005269082263112068|NORM_3PLUS=0.0010721192229539156

받다	O=0.9958615899085999|NORM_1WORD=0.0024666974786669016|NORM_2WORD=0.0013234878424555063|NORM_3PLUS=0.00025675215874798596
용돈	O=0.9975669384002686|NORM_1WORD=0.0014007182326167822|NORM_2WORD=0.0007686986355111003|NORM_3PLUS=0.00016389241500291973
때	O=0.9990231990814209|NORM_1WORD=0.0005476549849845469|NORM_2WORD=0.0003110415127594024|NORM_3PLUS=8.632428216515109e-05
힘들다	O=0.9981378316879272|NORM_1WORD=0.0010149570880457759|NORM_2WORD=0.0006487741484306753|NORM_3PLUS=0.00014100517728365958
지내다	O=0.9974435567855835|NORM_1WORD=0.0012555985013023019|NORM_2WORD=0.0009840386919677258|NORM_3PLUS=0.000221523703658022
미니멈	O=0.9961627721786499|NORM_1WORD=0.0026950943283736706|NORM_2WORD=0.0009573490242473781|NORM_3PLUS=0.00013604572450276464
벌다	O=0.9979251623153687|NORM_1WORD=0.0011083573335781693|NORM_2WORD=0.0007463910733349621|NORM_3PLUS=0.0001639609836274758
누구	O=0.9993263483047485|NORM_1WORD=0.0004245314048603177|NORM_2WORD=0.00018142563931178302|NORM_3PLUS=5.372729719965719e-05
욕	O=0.9983537197113037|NORM_1WORD=0.0009865539614111185|NORM_2WORD=0.0005128320190124214|NORM_3PLUS=0.00010738764103734866
선택	O=0.999138355255127|NORM_1WORD=0.0005803139647468925|NORM_2WORD=0.00021860157721675932|NORM_3PLUS=4.6625911636510864e-05
설거지	O=0.9961965084075928|NORM_1WORD=0.0019804080948233604|NORM_2WORD=0.0014340255875140429|NORM_3PLUS=0.0002682073973119259

좋은	O=0.9996515512466431|NORM_1WORD=0.0001998606021516025|NORM_2WORD=9.227884584106505e-05|NORM_3PLUS=3.715925049618818e-05
현상	O=0.9994319081306458|NORM_1WORD=0.0002764447999652475|NORM_2WORD=0.00018894067034125328|NORM_3PLUS=5.788565977127291e-05
대통령	O=0.9995089769363403|NORM_1WORD=0.0002756975300144404|NORM_2WORD=0.00014046489377506077|NORM_3PLUS=5.652402978739701e-05
잘하신다	O=0.9985176920890808|NORM_1WORD=0.0007660504779778421|NORM_2WORD=0.0005636553396470845|NORM_3PLUS=0.0001067548873834312

10억	O=0.9897733330726624|NORM_1WORD=0.007014126982539892|NORM_2WORD=0.002269287593662739|NORM_3PLUS=0.0006418267148546875
줘	O=0.9949797987937927|NORM_1WORD=0.003806982422247529|NORM_2WORD=0.0008300227927975357|NORM_3PLUS=0.0003331237530801445
감	O=0.9957713484764099|NORM_1WORD=0.003531036200001836|NORM_2WORD=0.0005214690463617444|NORM_3PLUS=0.00015458912821486592

존재하는	O=0.995492696762085|NORM_1WORD=0.002265277085825801|NORM_2WORD=0.0018437711987644434|NORM_3PLUS=0.0003197123296558857
간첩	O=0.9936414361000061|NORM_1WORD=0.003250648733228445|NORM_2WORD=0.002413069596514106|NORM_3PLUS=0.0005342178628779948
있다	O=0.9966285824775696|NORM_1WORD=0.002377907047048211|NORM_2WORD=0.000834345817565918|NORM_3PLUS=0.0001311263331444934
명심하자	O=0.9931595325469971|NORM_1WORD=0.0041299485601484776|NORM_2WORD=0.0021820999681949615|NORM_3PLUS=0.0004594471538439393
잡힌	O=0.9952555298805237|NORM_1WORD=0.002075173892080784|NORM_2WORD=0.001988097792491317|NORM_3PLUS=0.0004713257949333638
정신차려야한다	O=0.9186434149742126|NORM_1WORD=0.0382780097424984|NORM_2WORD=0.036429263651371|NORM_3PLUS=0.005677160806953907

위	O=0.9856055378913879|NORM_1WORD=0.012633750215172768|NORM_2WORD=0.00143352709710598|NORM_3PLUS=0.0002618725993670523
커신	O=0.9756999015808105|NORM_1WORD=0.02074510231614113|NORM_2WORD=0.003014121437445283|NORM_3PLUS=0.00042170894448645413

석방하다	O=0.9438508152961731|NORM_1WORD=0.04747128486633301|NORM_2WORD=0.007638041861355305|NORM_3PLUS=0.0009445801260881126
종신당대표	O=0.9666059017181396|NORM_1WORD=0.016958128660917282|NORM_2WORD=0.013931367546319962|NORM_3PLUS=0.0021357988007366657
종신대선후보	O=0.9864380359649658|NORM_1WORD=0.008059684187173843|NORM_2WORD=0.004849686753004789|NORM_3PLUS=0.0005561526049859822
응원하다	O=0.9918020367622375|NORM_1WORD=0.005888489540666342|NORM_2WORD=0.001959771616384387|NORM_3PLUS=0.00027653531287796795

진짜	O=0.9996079802513123|NORM_1WORD=0.0002652080147527158|NORM_2WORD=8.380200597457588e-05|NORM_3PLUS=2.923447755165398e-05
ㅅㅂ	NORM_1WORD=0.9032936096191406|O=0.07695086300373077|NORM_2WORD=0.013456705026328564|NORM_3PLUS=0.006068481598049402
여자력	O=0.9995748400688171|NORM_1WORD=0.0002783105010166764|NORM_2WORD=9.998436144087464e-05|NORM_3PLUS=3.459257641225122e-05
하늘	O=0.9996641874313354|NORM_1WORD=0.00022795413678977638|NORM_2WORD=7.041542266961187e-05|NORM_3PLUS=2.5872242986224592e-05
찌르네	O=0.999239444732666|NORM_1WORD=0.0004547585849650204|NORM_2WORD=0.00022176072525326163|NORM_3PLUS=5.446932846098207e-05
ㅋㅋ	O=0.999503493309021|NORM_1WORD=0.000325627566780895|NORM_2WORD=0.00011189435463165864|NORM_3PLUS=3.838808333966881e-05
한녀민국	O=0.9887998104095459|NORM_1WORD=0.006640770472586155|NORM_2WORD=0.0036706847604364157|NORM_3PLUS=0.0007421234040521085
연예인	O=0.9992190599441528|NORM_1WORD=0.00043764544534496963|NORM_2WORD=0.0002479552058503032|NORM_3PLUS=6.429650238715112e-05
여배우	O=0.9994072914123535|NORM_1WORD=0.000365970132406801|NORM_2WORD=0.00016101280925795436|NORM_3PLUS=4.554904444376007e-05
누가	O=0.999588668346405|NORM_1WORD=0.00025434314738959074|NORM_2WORD=0.00010493826266610995|NORM_3PLUS=3.5223234590375796e-05
못	O=0.999627947807312|NORM_1WORD=0.0002561503497418016|NORM_2WORD=8.033982157940045e-05|NORM_3PLUS=2.205539021815639e-05
이긴다	O=0.9991631507873535|NORM_1WORD=0.0005049023893661797|NORM_2WORD=0.0002386585110798478|NORM_3PLUS=6.132952694315463e-05

베르단디	O=0.993650496006012|NORM_1WORD=0.003922055941075087|NORM_2WORD=0.0019267917377874255|NORM_3PLUS=0.00040467383223585784
는	O=0.997448205947876|NORM_1WORD=0.0015491467202082276|NORM_2WORD=0.0007956749177537858|NORM_3PLUS=0.00017556568491272628
ㅇㅈ	NORM_1WORD=0.7633433938026428|O=0.2034151256084442|NORM_2WORD=0.026556193828582764|NORM_3PLUS=0.006366219837218523
이지	O=0.977006733417511|NORM_1WORD=0.019049763679504395|NORM_2WORD=0.002840248867869377|NORM_3PLUS=0.0010063790250569582

막짤	O=0.995559573173523|NORM_1WORD=0.0031615756452083588|NORM_2WORD=0.0010406568180769682|NORM_3PLUS=0.00017364768427796662
좀	O=0.9992092251777649|NORM_1WORD=0.0005285019287839532|NORM_2WORD=0.00020433514146134257|NORM_3PLUS=4.378922676551156e-05
간지나다	O=0.8638379573822021|NORM_1WORD=0.06638027727603912|NORM_2WORD=0.059409238398075104|NORM_3PLUS=0.009743284434080124
솔직히	O=0.9978190660476685|NORM_1WORD=0.001206733169965446|NORM_2WORD=0.0006997422897256911|NORM_3PLUS=0.0002096257812809199

얘네는	O=0.9990671277046204|NORM_1WORD=0.0005080895498394966|NORM_2WORD=0.0003282547404523939|NORM_3PLUS=7.114330946933478e-05
원래	O=0.9995725750923157|NORM_1WORD=0.00023714940471109003|NORM_2WORD=0.00011400777293602005|NORM_3PLUS=4.6550005208700895e-05
그냥	O=0.9995872378349304|NORM_1WORD=0.0002293032011948526|NORM_2WORD=0.00011676042049657553|NORM_3PLUS=4.286499824956991e-05
예의바른	O=0.9979913234710693|NORM_1WORD=0.0009942530887201428|NORM_2WORD=0.0007112813764251769|NORM_3PLUS=0.00019959337078034878
민족	O=0.9988570213317871|NORM_1WORD=0.0005135169485583901|NORM_2WORD=0.00040916219586506486|NORM_3PLUS=0.0001359025773126632
아니냐	O=0.999333918094635|NORM_1WORD=0.00034174785832874477|NORM_2WORD=0.00021580547036137432|NORM_3PLUS=7.195227226475254e-05
내가	O=0.999627947807312|NORM_1WORD=0.0001994910417124629|NORM_2WORD=0.00010583921539364383|NORM_3PLUS=4.513016392593272e-05
본	O=0.9995599389076233|NORM_1WORD=0.00024502852465957403|NORM_2WORD=0.00012046728807035834|NORM_3PLUS=4.944934698869474e-05
일본애들은	O=0.9989631175994873|NORM_1WORD=0.0005281083285808563|NORM_2WORD=0.0003588863182812929|NORM_3PLUS=0.00010323045717086643
다	O=0.9996378421783447|NORM_1WORD=0.0001998773223021999|NORM_2WORD=0.00010732845112215728|NORM_3PLUS=3.794554868363775e-05
그랬음	O=0.9990897178649902|NORM_1WORD=0.00047657376853749156|NORM_2WORD=0.00030016983509995043|NORM_3PLUS=8.423798863077536e-05

이거	O=0.998790442943573|NORM_1WORD=0.0006878274725750089|NORM_2WORD=0.00033472946961410344|NORM_3PLUS=0.00013869712711311877
존나	NORM_1WORD=0.551153302192688|O=0.42847740650177|NORM_2WORD=0.015628919005393982|NORM_3PLUS=0.004595660604536533
웃기네	O=0.9986059069633484|NORM_1WORD=0.000851068296469748|NORM_2WORD=0.0003760349645745009|NORM_3PLUS=0.00011551970237633213
ㅋㅋㅋㅋㅋㅋㅋㅋㅋㅋㅋㅋㅋㅋ	O=0.9992096424102783|NORM_1WORD=0.0005295152659527957|NORM_2WORD=0.00016061830683611333|NORM_3PLUS=7.189496682258323e-05

근집트임	O=0.9970666766166687|NORM_1WORD=0.0017726549413055182|NORM_2WORD=0.0009555854485370219|NORM_3PLUS=0.000169928913237527
근라미드	O=0.9965971112251282|NORM_1WORD=0.0015583513304591179|NORM_2WORD=0.0013921201461926103|NORM_3PLUS=0.0003109031531494111
뽕	O=0.963245689868927|NORM_1WORD=0.02955624833703041|NORM_2WORD=0.006206693593412638|NORM_3PLUS=0.0008981442078948021
쳐맞고	NORM_1WORD=0.6762366890907288|O=0.21373866498470306|NORM_2WORD=0.08689054101705551|NORM_3PLUS=0.02246137335896492
근집트	O=0.9965079426765442|NORM_1WORD=0.001614539884030819|NORM_2WORD=0.0014437709469348192|NORM_3PLUS=0.0003182790824212134
후회함	O=0.9981657862663269|NORM_1WORD=0.0007954033790156245|NORM_2WORD=0.0007647040183655918|NORM_3PLUS=0.0001888871192932129
유투버들	O=0.9984936714172363|NORM_1WORD=0.0007438284228555858|NORM_2WORD=0.0005978106055408716|NORM_3PLUS=0.00012568640522658825
근집트는	O=0.997632622718811|NORM_1WORD=0.0011793009471148252|NORM_2WORD=0.0009600961930118501|NORM_3PLUS=0.00017813034355640411
근트버로만	O=0.9983927607536316|NORM_1WORD=0.0007328158244490623|NORM_2WORD=0.0006975806900300086|NORM_3PLUS=0.00012981842155568302
즐기라는	O=0.9982276558876038|NORM_2WORD=0.0008270634571090341|NORM_1WORD=0.0007058307528495789|NORM_3PLUS=0.00017606787150725722
헛소리가	O=0.9860174059867859|NORM_1WORD=0.008118263445794582|NORM_2WORD=0.005203139036893845|NORM_3PLUS=0.0006078729638829827
근트버	O=0.9959319233894348|NORM_2WORD=0.0018183595966547728|NORM_1WORD=0.0018056005937978625|NORM_3PLUS=0.0003299808013252914
영상만	O=0.9990876913070679|NORM_1WORD=0.00040740074473433197|NORM_2WORD=0.00037328244070522487|NORM_3PLUS=9.547425725031644e-05
외국인이다	O=0.9989789724349976|NORM_1WORD=0.0004411911068018526|NORM_2WORD=0.0004327181086409837|NORM_3PLUS=0.00010535895125940442
깁미	O=0.9867510199546814|NORM_1WORD=0.01055888645350933|NORM_2WORD=0.002324014436453581|NORM_3PLUS=0.00032174866646528244
근달러가	O=0.9952614903450012|NORM_1WORD=0.0023162730503827333|NORM_2WORD=0.002159697003662586|NORM_3PLUS=0.00023080591927282512
기본임	O=0.9982648491859436|NORM_1WORD=0.0007798996521160007|NORM_2WORD=0.0007232654606923461|NORM_3PLUS=0.0001687737094471231

딸배헌터	O=0.9808489680290222|NORM_2WORD=0.009514727629721165|NORM_1WORD=0.007911468856036663|NORM_3PLUS=0.001494416850619018
뜨고나서	O=0.9967132806777954|NORM_1WORD=0.0017738941824063659|NORM_2WORD=0.0011757930042222142|NORM_3PLUS=0.00028380422736518085
나도	O=0.9983355402946472|NORM_1WORD=0.0010033870348706841|NORM_2WORD=0.0004919892526231706|NORM_3PLUS=0.00013442606723401695
동네	O=0.9977564215660095|NORM_1WORD=0.001460521249100566|NORM_2WORD=0.0005915398942306638|NORM_3PLUS=0.00014415451732929796
딸배들	O=0.9289761185646057|NORM_1WORD=0.049089960753917694|NORM_2WORD=0.019209083169698715|NORM_3PLUS=0.00259069143794477
유심히	O=0.9975284934043884|NORM_1WORD=0.0012301260139793158|NORM_2WORD=0.0009243039530701935|NORM_3PLUS=0.00023763671924825758
살펴보는데	O=0.9982219338417053|NORM_1WORD=0.0009005970205180347|NORM_2WORD=0.0006503062904812396|NORM_3PLUS=0.00016227606101892889
나름	O=0.9985552430152893|NORM_1WORD=0.0008633487741462886|NORM_2WORD=0.0004216585657559335|NORM_3PLUS=0.00011872902541654184
얌전하게	O=0.9959667921066284|NORM_1WORD=0.0019825203344225883|NORM_2WORD=0.001545472419820726|NORM_3PLUS=0.00035898611531592906
다니더라	O=0.997006356716156|NORM_1WORD=0.0017231249948963523|NORM_2WORD=0.0010043794754892588|NORM_3PLUS=0.00019089441047981381
지역차	O=0.9970598816871643|NORM_1WORD=0.0017520067049190402|NORM_2WORD=0.0008856940548866987|NORM_3PLUS=0.0002435314963804558
확실한듯	O=0.9983318448066711|NORM_1WORD=0.0009473899262957275|NORM_2WORD=0.0005348214181140065|NORM_3PLUS=0.00013921665959060192

3년	O=0.993603527545929|NORM_1WORD=0.004023487213999033|NORM_2WORD=0.0018435973906889558|NORM_3PLUS=0.0004391486581880599
TSMC	O=0.9900668859481812|NORM_1WORD=0.006018262356519699|NORM_2WORD=0.003048894926905632|NORM_3PLUS=0.0006657369085587561
모가지	O=0.997685432434082|NORM_1WORD=0.0014078712556511164|NORM_2WORD=0.0007012250134721398|NORM_3PLUS=0.00015981434262357652
거고	O=0.9977059364318848|NORM_1WORD=0.0013449769467115402|NORM_2WORD=0.0007791382377035916|NORM_3PLUS=0.00012630887795239687
7년	O=0.9944555163383484|NORM_1WORD=0.0034737305250018835|NORM_2WORD=0.0015855905367061496|NORM_3PLUS=0.0004042214422952384
바뀔	O=0.9973676800727844|NORM_1WORD=0.001661396585404873|NORM_2WORD=0.0007533581811003387|NORM_3PLUS=0.0001686844479991123

좌좀들	NORM_1WORD=0.46879446506500244|O=0.35626524686813354|NORM_2WORD=0.1471831053495407|NORM_3PLUS=0.02715996652841568
필히	O=0.9986623525619507|NORM_1WORD=0.0006976937875151634|NORM_2WORD=0.0004691141948569566|NORM_3PLUS=0.00012692225573118776
봐야할	O=0.9988538026809692|NORM_1WORD=0.0006032205419614911|NORM_2WORD=0.0004081987717654556|NORM_3PLUS=9.507416689302772e-05
명작	O=0.9989627599716187|NORM_1WORD=0.0005921514821238816|NORM_2WORD=0.00032219121931120753|NORM_3PLUS=9.60027173277922e-05
보고	O=0.9994588494300842|NORM_1WORD=0.00034750872873701155|NORM_2WORD=0.00013917923206463456|NORM_3PLUS=3.873498644679785e-05
좀	O=0.9995608925819397|NORM_1WORD=0.0002682509657461196|NORM_2WORD=0.00012021171278320253|NORM_3PLUS=3.542816193657927e-05
깨어나길	O=0.9982878565788269|NORM_1WORD=0.0008440555538982153|NORM_2WORD=0.0006477133138105273|NORM_3PLUS=0.00015544089546892792
바람	O=0.9994681477546692|NORM_1WORD=0.0003241254889871925|NORM_2WORD=0.00014407017442863435|NORM_3PLUS=4.367052315501496e-05

뭔가	O=0.9993855953216553|NORM_1WORD=0.0003794177027884871|NORM_2WORD=0.0001475057506468147|NORM_3PLUS=6.0970553022343665e-05
예쁜	O=0.9991779923439026|NORM_1WORD=0.000537256826646626|NORM_2WORD=0.00018623890355229378|NORM_3PLUS=6.963541818549857e-05
트젠같다	O=0.9965597987174988|NORM_1WORD=0.0018018762348219752|NORM_2WORD=0.0012054757680743933|NORM_3PLUS=0.0003121038607787341
느낌이	O=0.9994723200798035|NORM_1WORD=0.00033666339004412293|NORM_2WORD=0.00011708996316883713|NORM_3PLUS=5.49420146853663e-05

역시	O=0.9993554949760437|NORM_1WORD=0.00042060029227286577|NORM_2WORD=0.00015241546498145908|NORM_3PLUS=4.694917151937261e-05
잘	O=0.9993922710418701|NORM_1WORD=0.0004209627222735435|NORM_2WORD=0.0001278885902138427|NORM_3PLUS=4.063005690113641e-05
생기고	O=0.9984360337257385|NORM_1WORD=0.0008333795703947544|NORM_2WORD=0.0005614464753307402|NORM_3PLUS=0.00011542737047420815
예쁜	O=0.99903404712677|NORM_1WORD=0.0007808638620190322|NORM_2WORD=0.00012384729052428156|NORM_3PLUS=4.523533789324574e-05
거	O=0.9993603825569153|NORM_1WORD=0.00039029974141158164|NORM_2WORD=0.00016060040798038244|NORM_3PLUS=5.5728916777297854e-05
좋아하는	O=0.9995520710945129|NORM_1WORD=0.00027996927383355796|NORM_2WORD=0.00010948759882012382|NORM_3PLUS=3.626211764640175e-05
건	O=0.9994027614593506|NORM_1WORD=0.0003602745709940791|NORM_2WORD=0.00014685462519992143|NORM_3PLUS=5.828390931128524e-05
만국	O=0.9990732669830322|NORM_1WORD=0.000600273662712425|NORM_2WORD=0.00022292727953754365|NORM_3PLUS=7.412186096189544e-05
공통이다	O=0.9991718530654907|NORM_1WORD=0.0004500550276134163|NORM_2WORD=0.0002545442257542163|NORM_3PLUS=7.971175364218652e-05
ㅋㅋㅋㅋㅋㅋㅋㅋ	O=0.9982374906539917|NORM_1WORD=0.001136629842221737|NORM_2WORD=0.0003935891145374626|NORM_3PLUS=0.00014542035933118314
활동명도	O=0.9990565180778503|NORM_1WORD=0.0005776492180302739|NORM_2WORD=0.0002423562982585281|NORM_3PLUS=8.812405576463789e-05
본인이랑	O=0.9983287453651428|NORM_1WORD=0.0011549160117283463|NORM_2WORD=0.0003746368456631899|NORM_3PLUS=0.00010193517664447427
넘	O=0.996605634689331|NORM_1WORD=0.003089036326855421|NORM_2WORD=0.00020824873354285955|NORM_3PLUS=7.685542368562892e-05
찰떡	O=0.996439516544342|NORM_1WORD=0.002945586107671261|NORM_2WORD=0.00044428714318200946|NORM_3PLUS=0.0001414267608197406

이보다	O=0.9697115421295166|NORM_1WORD=0.023222509771585464|NORM_2WORD=0.005207122769206762|NORM_3PLUS=0.001616777735762298
폐급	NORM_1WORD=0.6292511224746704|O=0.2483987808227539|NORM_2WORD=0.09631133079528809|NORM_3PLUS=0.025109875947237015
일수	O=0.7340681552886963|NORM_1WORD=0.14575186371803284|NORM_2WORD=0.10593689978122711|NORM_3PLUS=0.013894014991819859

근데	O=0.9996441602706909|NORM_1WORD=0.00019975432951468974|NORM_2WORD=9.269050497096032e-05|NORM_3PLUS=3.825102612609044e-05
진짜	O=0.9996838569641113|NORM_1WORD=0.0001790459209587425|NORM_2WORD=7.8648874477949e-05|NORM_3PLUS=3.692700920510106e-05
근육	O=0.9985805749893188|NORM_1WORD=0.0008052102057263255|NORM_2WORD=0.0003244033141527325|NORM_3PLUS=0.00016615183267276734
부담스럽지	O=0.9987564086914062|NORM_1WORD=0.0007108813151717186|NORM_2WORD=0.00039558124262839556|NORM_3PLUS=9.296301868744195e-05
않게	O=0.9993554949760437|NORM_1WORD=0.0003344783908687532|NORM_2WORD=0.0001999108208110556|NORM_3PLUS=6.785374716855586e-05
너무	O=0.9996365308761597|NORM_1WORD=0.00021284351532813162|NORM_2WORD=8.535059896530584e-05|NORM_3PLUS=4.240136331645772e-05
이쁘게	O=0.9984087347984314|NORM_1WORD=0.0008079351391643286|NORM_2WORD=0.0006045221816748381|NORM_3PLUS=0.00012646321556530893
만들어졌다	O=0.999273955821991|NORM_1WORD=0.0003193771990481764|NORM_2WORD=0.0002768073172774166|NORM_3PLUS=7.981887029018253e-05

영포티햄	O=0.9983305335044861|NORM_1WORD=0.0009527943911962211|NORM_2WORD=0.0004583094851113856|NORM_3PLUS=0.00015981201431713998
젊은	O=0.9993594288825989|NORM_1WORD=0.0003920831950381398|NORM_2WORD=0.00014981027925387025|NORM_3PLUS=6.397851393558085e-05
감각	O=0.9989894032478333|NORM_1WORD=0.0004757904971484095|NORM_2WORD=0.00036751499283127487|NORM_3PLUS=0.00011263345368206501
보소	O=0.9991483688354492|NORM_1WORD=0.0004292308585718274|NORM_2WORD=0.0002988845808431506|NORM_3PLUS=9.068304643733427e-05
캬	O=0.9988994598388672|NORM_1WORD=0.0008387677371501923|NORM_2WORD=0.00016701380081940442|NORM_3PLUS=7.202408596640453e-05
ㅋㅋㅋ	O=0.9990562796592712|NORM_1WORD=0.0006164596998132765|NORM_2WORD=0.0001994442573050037|NORM_3PLUS=8.422465180046856e-05

그러네	O=0.9984076619148254|NORM_1WORD=0.0010821076575666666|NORM_2WORD=0.00038078639772720635|NORM_3PLUS=8.702802006155252e-05
ㅋㅋㅋ	O=0.9981693029403687|NORM_1WORD=0.0011430305894464254|NORM_2WORD=0.0004696364630945027|NORM_3PLUS=0.0001380165049340576
영화	O=0.9994804263114929|NORM_1WORD=0.00028861957252956927|NORM_2WORD=0.0001575121277710423|NORM_3PLUS=4.950547372573055e-05
진행	O=0.999332845211029|NORM_1WORD=0.0003811744973063469|NORM_2WORD=0.0002022220432991162|NORM_3PLUS=5.3019528422737494e-05
더뎌지는거	O=0.9987548589706421|NORM_1WORD=0.0006750710890628397|NORM_2WORD=0.0004125021514482796|NORM_3PLUS=0.00011619151337072253
우려해서	O=0.9986211061477661|NORM_1WORD=0.0007006270461715758|NORM_2WORD=0.000495250744279474|NORM_3PLUS=0.00012364389840513468
저지랄한건데	O=0.9960475564002991|NORM_1WORD=0.002289015566930175|NORM_2WORD=0.0012466348707675934|NORM_3PLUS=0.00028463485068641603
결국에	O=0.9990788698196411|NORM_1WORD=0.0005764932720921934|NORM_2WORD=0.0002519052941352129|NORM_3PLUS=6.47186316200532e-05
늦게	O=0.9979146122932434|NORM_1WORD=0.0011550630442798138|NORM_2WORD=0.0007130324956960976|NORM_3PLUS=0.0001517391938250512
전전이랑	O=0.999043881893158|NORM_1WORD=0.000585749454330653|NORM_2WORD=0.0002800979127641767|NORM_3PLUS=6.486905476776883e-05
전작은	O=0.9990170001983643|NORM_1WORD=0.0005895576905459166|NORM_2WORD=0.0002982197911478579|NORM_3PLUS=6.870459037600085e-05
3년텀인데	O=0.9983978867530823|NORM_1WORD=0.0010116912890225649|NORM_2WORD=0.00042937955004163086|NORM_3PLUS=0.00010993777686962858
이번엔	O=0.9992527365684509|NORM_1WORD=0.0004386934160720557|NORM_2WORD=0.00021524059411603957|NORM_3PLUS=6.0877337091369554e-05
5년이나	O=0.9987369179725647|NORM_1WORD=0.0007400104077532887|NORM_2WORD=0.00036462972639128566|NORM_3PLUS=0.00010766496416181326
끌어서	O=0.9984531402587891|NORM_1WORD=0.0007775474805384874|NORM_2WORD=0.0005907356971874833|NORM_3PLUS=0.00012510156375356019
개봉하노	O=0.9988573789596558|NORM_1WORD=0.0006777146481908858|NORM_2WORD=0.0003639807109721005|NORM_3PLUS=7.154254126362503e-05
ㅋㅋㅋㅋ	O=0.9990597367286682|NORM_1WORD=0.0005739823100157082|NORM_2WORD=0.0002401769597781822|NORM_3PLUS=7.695260137552395e-05

호르몬	O=0.9990469813346863|NORM_1WORD=0.000551460194401443|NORM_2WORD=0.0002948968030977994|NORM_3PLUS=7.131379243219271e-05
직접적	O=0.9993158578872681|NORM_1WORD=0.0004009900731034577|NORM_2WORD=0.00020438813953660429|NORM_3PLUS=5.618562499876134e-05
체외	O=0.9995163679122925|NORM_1WORD=0.00026541625265963376|NORM_2WORD=0.00015556449943687767|NORM_3PLUS=4.2953826778102666e-05
배출	O=0.9993419051170349|NORM_1WORD=0.00039173304685391486|NORM_2WORD=0.00019619321392383426|NORM_3PLUS=5.001264435122721e-05
냄새	O=0.9995613694190979|NORM_1WORD=0.0003324389981571585|NORM_2WORD=6.80935918353498e-05|NORM_3PLUS=2.9322098271222785e-05
당연히	O=0.9996285438537598|NORM_1WORD=0.00023754297581035644|NORM_2WORD=9.332688932772726e-05|NORM_3PLUS=2.8162437956780195e-05
반응	O=0.9996820688247681|NORM_1WORD=0.00019555282779037952|NORM_2WORD=8.425426494795829e-05|NORM_3PLUS=2.7002599381376058e-05
분비물	O=0.9991550445556641|NORM_1WORD=0.00045297894394025207|NORM_2WORD=0.0002960914862342179|NORM_3PLUS=7.193967030616477e-05
변화	O=0.9996669292449951|NORM_1WORD=0.00019632535986602306|NORM_2WORD=9.392837091581896e-05|NORM_3PLUS=2.9263566830195487e-05
체취	O=0.999032735824585|NORM_1WORD=0.000606563757173717|NORM_2WORD=0.0002588112256489694|NORM_3PLUS=7.039577758405358e-05
이야기	O=0.9996819496154785|NORM_1WORD=0.00018840256961993873|NORM_2WORD=8.847589197102934e-05|NORM_3PLUS=2.950207817775663e-05
거	O=0.9996455907821655|NORM_1WORD=0.00021362713596317917|NORM_2WORD=9.567372035235167e-05|NORM_3PLUS=2.774364475044422e-05
아닌가	O=0.9996293783187866|NORM_1WORD=0.0002112003421643749|NORM_2WORD=0.0001141637476393953|NORM_3PLUS=2.882720946217887e-05
교수	O=0.9996159076690674|NORM_1WORD=0.00024827185552567244|NORM_2WORD=9.328237501904368e-05|NORM_3PLUS=3.052074316656217e-05
없다고	O=0.9996117949485779|NORM_1WORD=0.00021712925808969885|NORM_2WORD=0.00012342461559455842|NORM_3PLUS=3.0509469070238993e-05
단언	O=0.999579131603241|NORM_1WORD=0.00026203846209682524|NORM_2WORD=0.00011764335795305669|NORM_3PLUS=2.9958640880067833e-05
수	O=0.9995877146720886|NORM_1WORD=0.0002760581555776298|NORM_2WORD=9.704119293019176e-05|NORM_3PLUS=2.852233410521876e-05
레퍼런스	O=0.9984847903251648|NORM_1WORD=0.0008346304530277848|NORM_2WORD=0.0004911089199595153|NORM_3PLUS=0.00013330754882190377
게	O=0.9995831847190857|NORM_1WORD=0.0002578353160060942|NORM_2WORD=0.00010999598453054205|NORM_3PLUS=3.207134432159364e-05
존재하나	O=0.9994243383407593|NORM_1WORD=0.00030901588615961373|NORM_2WORD=0.00020030570158269256|NORM_3PLUS=4.4106021960033104e-05

시대	O=0.9986591339111328|NORM_1WORD=0.0008124721935018897|NORM_2WORD=0.00034656221396289766|NORM_3PLUS=0.00012938876170665026
다르다	O=0.9982831478118896|NORM_1WORD=0.0007966129342094064|NORM_2WORD=0.0006812026840634644|NORM_3PLUS=0.000174128552316688
않다	O=0.9993107318878174|NORM_1WORD=0.00037531249108724296|NORM_2WORD=0.00021413189824670553|NORM_3PLUS=6.450458749895915e-05

알랭들롱	O=0.9854803681373596|NORM_1WORD=0.009624832309782505|NORM_2WORD=0.0039055736269801855|NORM_3PLUS=0.0007351496606133878
대박	O=0.9976250529289246|NORM_1WORD=0.0015946121420711279|NORM_2WORD=0.0005407509161159396|NORM_3PLUS=0.00015656632604077458
이엿네	O=0.9956678152084351|NORM_1WORD=0.0028662229888141155|NORM_2WORD=0.0011392791057005525|NORM_3PLUS=0.0002354495518375188
잘	O=0.9993725419044495|NORM_1WORD=0.00039738189661875367|NORM_2WORD=0.00016607061843387783|NORM_3PLUS=4.6253342588897794e-05
생겻네	O=0.9984549283981323|NORM_1WORD=0.0009929913794621825|NORM_2WORD=0.0004130968591198325|NORM_3PLUS=9.510527888778597e-05
ㅎ	O=0.9972869157791138|NORM_1WORD=0.002189153805375099|NORM_2WORD=0.0003650460275821388|NORM_3PLUS=0.0001146362628787756

누구보다	O=0.9973067045211792|NORM_1WORD=0.0015523186884820461|NORM_2WORD=0.0008041143883019686|NORM_3PLUS=0.0002574451791588217
남여평등	O=0.9961187839508057|NORM_1WORD=0.0020615302491933107|NORM_2WORD=0.0012333485065028071|NORM_3PLUS=0.0004269838100299239
외치지만	O=0.9963793158531189|NORM_1WORD=0.0017442861571907997|NORM_2WORD=0.001424496527761221|NORM_3PLUS=0.0003327385929878801
징집	O=0.6502901315689087|NORM_1WORD=0.2970079779624939|NORM_2WORD=0.04694743454456329|NORM_3PLUS=0.005542485509067774
집지키는개	O=0.9449791312217712|NORM_1WORD=0.037443432956933975|NORM_2WORD=0.013811907730996609|NORM_3PLUS=0.0032024665270000696
꺌꺌꺌	O=0.9496545195579529|NORM_1WORD=0.04425550624728203|NORM_2WORD=0.004897186066955328|NORM_3PLUS=0.0010831940453499556
거리는	O=0.9952945113182068|NORM_1WORD=0.0029401422943919897|NORM_2WORD=0.0013833524426445365|NORM_3PLUS=0.00030374558991752565
터진	O=0.9934651255607605|NORM_1WORD=0.00332019105553627|NORM_2WORD=0.002518003573641181|NORM_3PLUS=0.0005125391180627048
수준이라	O=0.9986000657081604|NORM_1WORD=0.0008662481559440494|NORM_2WORD=0.0003915882552973926|NORM_3PLUS=0.0001110473822336644
기대도	O=0.9969478249549866|NORM_1WORD=0.001573308021761477|NORM_2WORD=0.0010864674113690853|NORM_3PLUS=0.00028919035685248673
안한다	O=0.9965054988861084|NORM_1WORD=0.001605826080776751|NORM_2WORD=0.0013764705508947372|NORM_3PLUS=0.00035358607419766486

춤추는거	O=0.9970683455467224|NORM_2WORD=0.0012800961267203093|NORM_1WORD=0.001270086388103664|NORM_3PLUS=0.0002797643537633121
감독이랑	O=0.998992383480072|NORM_1WORD=0.0005751446587964892|NORM_2WORD=0.0003411928191781044|NORM_3PLUS=6.718766962876543e-05
다툰	O=0.9989039897918701|NORM_1WORD=0.0007382913609035313|NORM_2WORD=0.00026845638058148324|NORM_3PLUS=6.070399103919044e-05
이후라	O=0.99912029504776|NORM_1WORD=0.00044223153963685036|NORM_2WORD=0.000335996737703681|NORM_3PLUS=7.697546243434772e-05
역멋으라고	O=0.9988619089126587|NORM_1WORD=0.0005162333836778998|NORM_2WORD=0.00048295583110302687|NORM_3PLUS=9.855633834376931e-05
넣은	O=0.9988725781440735|NORM_1WORD=0.0005068181199021637|NORM_2WORD=0.0004615668149199337|NORM_3PLUS=0.00010722102160798386
장면이란	O=0.9995169639587402|NORM_1WORD=0.000277129583992064|NORM_2WORD=0.00013774179387837648|NORM_3PLUS=4.716531839221716e-05
카더라	O=0.997771680355072|NORM_1WORD=0.0011573112569749355|NORM_2WORD=0.0007743706810288131|NORM_3PLUS=0.0001875212328741327
맞는거임	O=0.9991481304168701|NORM_1WORD=0.00042032639612443745|NORM_2WORD=0.00032373599242419004|NORM_3PLUS=7.300462311832234e-05
춤을	O=0.9987218976020813|NORM_1WORD=0.0007970215519890189|NORM_2WORD=0.00036509710480459034|NORM_3PLUS=8.984318264992908e-05
얼마나	O=0.9994382262229919|NORM_1WORD=0.0003385388699825853|NORM_2WORD=0.00015726996934972703|NORM_3PLUS=4.772199099534191e-05
좃같이	O=0.5514772534370422|NORM_1WORD=0.3957531154155731|NORM_2WORD=0.0435948446393013|NORM_3PLUS=0.00882001407444477
췄으면	O=0.9985004663467407|NORM_1WORD=0.0008007609285414219|NORM_2WORD=0.0005443685804493725|NORM_3PLUS=0.00011034592898795381
강제로	O=0.9992178678512573|NORM_1WORD=0.00042455759830772877|NORM_2WORD=0.0002571741642896086|NORM_3PLUS=7.09426385583356e-05
당했단	O=0.9993563294410706|NORM_1WORD=0.00034800515277311206|NORM_2WORD=0.00020040843810420483|NORM_3PLUS=6.656588811893016e-05
이야기까지	O=0.9993108510971069|NORM_1WORD=0.000388179236324504|NORM_2WORD=0.00021785279386676848|NORM_3PLUS=5.913846689509228e-05
나오는거냐	O=0.9995296001434326|NORM_1WORD=0.00027937645791098475|NORM_2WORD=0.0001406271621817723|NORM_3PLUS=3.80086203222163e-05
ㅋㅋㅋㅋ	O=0.9989114999771118|NORM_1WORD=0.0006213840679265559|NORM_2WORD=0.0003183353110216558|NORM_3PLUS=9.211454744217917e-05

난	O=0.9984799027442932|NORM_1WORD=0.0011489763855934143|NORM_2WORD=0.00025948756956495345|NORM_3PLUS=9.12143150344491e-05
니	O=0.9986903071403503|NORM_1WORD=0.0009735151543281972|NORM_2WORD=0.0002156508417101577|NORM_3PLUS=8.203837205655873e-05
세대	O=0.9980675578117371|NORM_1WORD=0.001137606450356543|NORM_2WORD=0.0005335240857675672|NORM_3PLUS=0.00017043951083905995
가	O=0.9992120265960693|NORM_1WORD=0.0005425752606242895|NORM_2WORD=0.00017151320935226977|NORM_3PLUS=4.823295967071317e-05
싫어	O=0.9987279772758484|NORM_1WORD=0.0008022543624974787|NORM_2WORD=0.0003351446066517383|NORM_3PLUS=8.180910663213581e-05

병신새끼들	NORM_1WORD=0.6449944376945496|NORM_2WORD=0.21821466088294983|NORM_3PLUS=0.08900488913059235|O=0.045114584267139435
압수수색	O=0.9978299736976624|NORM_1WORD=0.0012242859229445457|NORM_2WORD=0.0007798959850333631|NORM_3PLUS=0.0001330180384684354
울고불고	O=0.9884967803955078|NORM_1WORD=0.007019840180873871|NORM_2WORD=0.003762143198400736|NORM_3PLUS=0.0006281391833908856
넘쳐서	O=0.9968146681785583|NORM_1WORD=0.001613882021047175|NORM_2WORD=0.0012444275198504329|NORM_3PLUS=0.0002664227213244885
못자고	O=0.9945358037948608|NORM_1WORD=0.003059842623770237|NORM_2WORD=0.001978076994419098|NORM_3PLUS=0.00034991916618309915
지랄할껄	NORM_1WORD=0.5222118496894836|NORM_2WORD=0.20878440141677856|O=0.19308672845363617|NORM_3PLUS=0.07400242984294891
아마	O=0.9985446929931641|NORM_1WORD=0.0008466540602967143|NORM_2WORD=0.0004318740393500775|NORM_3PLUS=0.00014218853903003037
자살한다고	O=0.9977256655693054|NORM_1WORD=0.001133247627876699|NORM_2WORD=0.0009115706197917461|NORM_3PLUS=0.00017575759557075799
지랄발광할거다	O=0.9943488240242004|NORM_1WORD=0.0025751872453838587|NORM_2WORD=0.002483818680047989|NORM_3PLUS=0.00045670889085158706
300번넘게	O=0.9918636083602905|NORM_1WORD=0.0040106335654854774|NORM_2WORD=0.0033522581215947866|NORM_3PLUS=0.000597817765083164
압수수색하는	O=0.9978235960006714|NORM_1WORD=0.0012895393883809447|NORM_2WORD=0.0007085493416525424|NORM_3PLUS=0.00014310210826806724
개새끼들	NORM_1WORD=0.6519506573677063|NORM_2WORD=0.21420049667358398|NORM_3PLUS=0.08371596783399582|O=0.04761857911944389

반항	O=0.9526749849319458|NORM_1WORD=0.03749659284949303|NORM_2WORD=0.008025923743844032|NORM_3PLUS=0.0014862176030874252
역겨운	O=0.9119821786880493|NORM_1WORD=0.07651182264089584|NORM_2WORD=0.009945863857865334|NORM_3PLUS=0.0014257720904424787

깔아야하는	O=0.9990479350090027|NORM_1WORD=0.000473490305012092|NORM_2WORD=0.0003733530465979129|NORM_3PLUS=7.406486110994592e-05
비용	O=0.9992520213127136|NORM_1WORD=0.00034713593777269125|NORM_2WORD=0.00026849695132113993|NORM_3PLUS=7.289811765076593e-05
기준	O=0.9995720982551575|NORM_1WORD=0.00022204004926607013|NORM_2WORD=0.00013334305549506098|NORM_3PLUS=4.315618934924714e-05
사람들	O=0.9995940327644348|NORM_1WORD=0.0002135389222530648|NORM_2WORD=0.00013172600301913917|NORM_3PLUS=3.789466791204177e-05
대다수	O=0.9994239807128906|NORM_1WORD=0.00025690015172585845|NORM_2WORD=0.0002346947876503691|NORM_3PLUS=5.77307291678153e-05
조건	O=0.9994737505912781|NORM_1WORD=0.0002570318174548447|NORM_2WORD=0.00018406324670650065|NORM_3PLUS=5.2187766414135695e-05
복지	O=0.9992524981498718|NORM_1WORD=0.00040752103086560965|NORM_2WORD=0.0002318379993084818|NORM_3PLUS=6.94110567565076e-05
봐도	O=0.9992289543151855|NORM_1WORD=0.0003497375291772187|NORM_2WORD=0.00029199113487266004|NORM_3PLUS=8.368207636522129e-05
장난	O=0.9987682700157166|NORM_1WORD=0.0008425163105130196|NORM_2WORD=0.00030635081930086017|NORM_3PLUS=6.004694296279922e-05
아닐건데	O=0.9992209672927856|NORM_1WORD=0.0004054044547956437|NORM_2WORD=0.0002662589540705085|NORM_3PLUS=6.483540346380323e-05
통일하자고	O=0.99935382604599|NORM_1WORD=0.0003316293586976826|NORM_2WORD=0.00024234056763816625|NORM_3PLUS=5.2077750297030434e-05
해도	O=0.9993718266487122|NORM_1WORD=0.00030682343640364707|NORM_2WORD=0.00020583989680744708|NORM_3PLUS=6.580582703463733e-05
입장	O=0.9995556473731995|NORM_1WORD=0.00025626106071285903|NORM_2WORD=0.00012022025475744158|NORM_3PLUS=4.064391032443382e-05
에서는	O=0.9995272159576416|NORM_1WORD=0.00025599851505830884|NORM_2WORD=0.00015433657972607762|NORM_3PLUS=3.874007234117016e-05
달갑지않은	O=0.9993352293968201|NORM_1WORD=0.00030987689387984574|NORM_2WORD=0.00026629504282027483|NORM_3PLUS=6.109489186201245e-05
조건임	O=0.9994139671325684|NORM_1WORD=0.00031189582659862936|NORM_2WORD=0.00019179935043212026|NORM_3PLUS=5.268886889098212e-05

링크	O=0.8610568642616272|NORM_1WORD=0.1319175362586975|NORM_2WORD=0.004699780605733395|NORM_3PLUS=0.0021806249860674143

존나	NORM_1WORD=0.5766667723655701|O=0.3955008387565613|NORM_2WORD=0.021377306431531906|NORM_3PLUS=0.006289350334554911
웃기네	O=0.9916175007820129|NORM_1WORD=0.005495209246873856|NORM_2WORD=0.0022580560762435198|NORM_3PLUS=0.0004656761302612722

어떻게	O=0.9995026588439941|NORM_1WORD=0.0002820664085447788|NORM_2WORD=0.00015239416097756475|NORM_3PLUS=4.5569988287752494e-05
사람이름	O=0.9994161128997803|NORM_1WORD=0.0003449234936852008|NORM_2WORD=0.00018149004608858377|NORM_3PLUS=4.0982595237437636e-05
이	O=0.9995941519737244|NORM_1WORD=0.0002773217565845698|NORM_2WORD=8.962491119746119e-05|NORM_3PLUS=3.1074636353878304e-05
탈룰라	O=0.9980149269104004|NORM_1WORD=0.001113720703870058|NORM_2WORD=0.0006978371529839933|NORM_3PLUS=0.000141192736919038
ㅋㅋㅋㅋ	O=0.9993484616279602|NORM_1WORD=0.00039205516804941|NORM_2WORD=0.00017422296514268965|NORM_3PLUS=5.671483086189255e-05

따자하오	NORM_1WORD=0.7101491093635559|O=0.19255605340003967|NORM_2WORD=0.08215458691120148|NORM_3PLUS=0.014349667355418205
중궈	NORM_1WORD=0.8138322830200195|O=0.11069286614656448|NORM_2WORD=0.061590004712343216|NORM_3PLUS=0.013243884779512882

잘	O=0.9989368319511414|NORM_1WORD=0.0007719056447967887|NORM_2WORD=0.00021578370069619268|NORM_3PLUS=5.478724779095501e-05
그렸네	O=0.9965580105781555|NORM_1WORD=0.0024998080916702747|NORM_2WORD=0.0007227949681691825|NORM_3PLUS=0.00014792641741223633

하이에나	NORM_1WORD=0.6517468094825745|O=0.292421817779541|NORM_2WORD=0.04477795958518982|NORM_3PLUS=0.010730823501944542

나	O=0.999159574508667|NORM_1WORD=0.0005785863613709807|NORM_2WORD=0.0001882575888885185|NORM_3PLUS=5.6886536185629666e-05
포켓몬	O=0.996300458908081|NORM_1WORD=0.0019428953528404236|NORM_2WORD=0.0012575580039992929|NORM_3PLUS=0.00030997380963526666
한번도	O=0.9983177185058594|NORM_1WORD=0.0008863759576343|NORM_2WORD=0.0005787895061075687|NORM_3PLUS=0.0001518485660199076
안	O=0.9992011189460754|NORM_1WORD=0.0004334370605647564|NORM_2WORD=0.00025066162925213575|NORM_3PLUS=7.473136065527797e-05
해봤지만	O=0.9982379674911499|NORM_1WORD=0.0008280195179395378|NORM_2WORD=0.0006732061738148332|NORM_3PLUS=0.00017793715232983232
블화2	O=0.9932904243469238|NORM_1WORD=0.0036578348372131586|NORM_2WORD=0.0022710594348609447|NORM_3PLUS=0.0005397262284532189
썬앤문	O=0.991499125957489|NORM_1WORD=0.004445552825927734|NORM_2WORD=0.0032639699056744576|NORM_3PLUS=0.0005658778245560825
소드실드는	O=0.9973258972167969|NORM_1WORD=0.0014220033772289753|NORM_2WORD=0.0009563714265823364|NORM_3PLUS=0.00021325299167074263
극호임	O=0.9945843815803528|NORM_1WORD=0.0025113550946116447|NORM_2WORD=0.002359002595767379|NORM_3PLUS=0.0004271357611287385

카메라	O=0.99957674741745|NORM_1WORD=0.0002538576372899115|NORM_2WORD=0.00011614659160841256|NORM_3PLUS=3.451855809544213e-05
매체	O=0.9993816614151001|NORM_1WORD=0.00027249244158156216|NORM_2WORD=0.00024496749392710626|NORM_3PLUS=6.613993173232302e-05
사람	O=0.9996492862701416|NORM_1WORD=0.00019904680084437132|NORM_2WORD=0.00010329032375011593|NORM_3PLUS=3.2290048693539575e-05
비춰주는게	O=0.9991481304168701|NORM_1WORD=0.0004601655527949333|NORM_2WORD=0.00028658125665970147|NORM_3PLUS=7.193964847829193e-05
다르더라	O=0.9988816380500793|NORM_1WORD=0.000624480249825865|NORM_2WORD=0.0003620330535341054|NORM_3PLUS=8.30684439279139e-05
살찐거	O=0.9826645255088806|NORM_1WORD=0.009608810767531395|NORM_2WORD=0.006299977190792561|NORM_3PLUS=0.0012470530346035957
아닌데	O=0.9993147850036621|NORM_1WORD=0.0003338477690704167|NORM_2WORD=0.0002397841599304229|NORM_3PLUS=6.444625614676625e-05
TV	O=0.9995936751365662|NORM_1WORD=0.0002517715620342642|NORM_2WORD=0.00010809575178427622|NORM_3PLUS=3.168936018482782e-05
실물	O=0.999524712562561|NORM_1WORD=0.00025844035553745925|NORM_2WORD=0.0001479162456234917|NORM_3PLUS=4.675090895034373e-05
유튜브	O=0.9992803931236267|NORM_1WORD=0.00032072991598397493|NORM_2WORD=0.0002841796667780727|NORM_3PLUS=7.467181421816349e-05
대충	O=0.9994320273399353|NORM_1WORD=0.0003440206637606025|NORM_2WORD=0.0001588375016581267|NORM_3PLUS=4.2118503188248724e-05
그런거	O=0.9992777705192566|NORM_1WORD=0.00035436320467852056|NORM_2WORD=0.00024509531795047224|NORM_3PLUS=8.028357842704281e-05
볼때	O=0.9992412328720093|NORM_1WORD=0.00034891380346380174|NORM_2WORD=0.0002788487181533128|NORM_3PLUS=8.416909986408427e-05
확	O=0.9994083642959595|NORM_1WORD=0.00038367760134860873|NORM_2WORD=0.00015200632333289832|NORM_3PLUS=3.9166363421827555e-05
다름	O=0.999458372592926|NORM_1WORD=0.000317724741762504|NORM_2WORD=0.00015654857270419598|NORM_3PLUS=4.489005004870705e-05
제일	O=0.9995625615119934|NORM_1WORD=0.00026056761271320283|NORM_2WORD=0.00011895493662450463|NORM_3PLUS=3.7800065911142156e-05
살찌게	O=0.9987198114395142|NORM_1WORD=0.0006482086610049009|NORM_2WORD=0.0004716587718576193|NORM_3PLUS=0.00011004812404280528
나와서	O=0.9993563294410706|NORM_1WORD=0.00031646789284422994|NORM_2WORD=0.00023831297585275024|NORM_3PLUS=6.206255784491077e-05
말랐으면	O=0.9993143081665039|NORM_1WORD=0.00033996094134636223|NORM_2WORD=0.00024862217833288014|NORM_3PLUS=6.269689038163051e-05
실제	O=0.9997497200965881|NORM_1WORD=0.00014396585174836218|NORM_2WORD=6.93274851073511e-05|NORM_3PLUS=2.383209539402742e-05
보면	O=0.9994799494743347|NORM_1WORD=0.00026752566918730736|NORM_2WORD=0.000179370486875996|NORM_3PLUS=4.580964377964847e-05
걍	O=0.992420494556427|NORM_1WORD=0.00663610128685832|NORM_2WORD=0.000793124723713845|NORM_3PLUS=0.00012088304356439039
스켈레톤	O=0.9982954859733582|NORM_1WORD=0.000886018096935004|NORM_2WORD=0.0006181299104355276|NORM_3PLUS=0.00012123529450036585
정상같으면	O=0.9990401864051819|NORM_1WORD=0.0004502208612393588|NORM_2WORD=0.0003674304753076285|NORM_3PLUS=8.86709094629623e-05
존나	O=0.9388880729675293|NORM_1WORD=0.055667635053396225|NORM_2WORD=0.00453344639390707|NORM_3PLUS=0.0008527847239747643
말랐고	O=0.9991826415061951|NORM_1WORD=0.0004218269605189562|NORM_2WORD=0.00029494697810150683|NORM_3PLUS=6.764051067875698e-05
통통하면	O=0.9993188381195068|NORM_1WORD=0.0003531987313181162|NORM_2WORD=0.00023611738288309425|NORM_3PLUS=6.221300282049924e-05
정상임	O=0.9994718432426453|NORM_1WORD=0.00028577441116794944|NORM_2WORD=0.0001701401051832363|NORM_3PLUS=4.845294824917801e-05
물론	O=0.9996757507324219|NORM_1WORD=0.00019481207709759474|NORM_2WORD=8.859937952365726e-05|NORM_3PLUS=2.6001014703069814e-05
아예	O=0.9995030164718628|NORM_1WORD=0.0002546436444390565|NORM_2WORD=0.00017657903663348407|NORM_3PLUS=4.3827170884469524e-05
씹돼지	NORM_1WORD=0.49818557500839233|O=0.33849725127220154|NORM_2WORD=0.1329246461391449|NORM_3PLUS=0.026043973863124847
제외	O=0.9897610545158386|NORM_1WORD=0.007944541983306408|NORM_2WORD=0.0019304795423522592|NORM_3PLUS=0.00031120533822104335
그리고	O=0.9996284246444702|NORM_1WORD=0.00019699614495038986|NORM_2WORD=0.00012063950271112844|NORM_3PLUS=3.5725472116610035e-05
얼굴	O=0.9996308088302612|NORM_1WORD=0.00021517917048186064|NORM_2WORD=0.00010826288053067401|NORM_3PLUS=3.0192120902938768e-05
막쓰는거	O=0.9995330572128296|NORM_1WORD=0.00022700468252878636|NORM_2WORD=0.00016733264783397317|NORM_3PLUS=4.824753341381438e-05
같은	O=0.9997058510780334|NORM_1WORD=0.00015793321654200554|NORM_2WORD=9.388814942212775e-05|NORM_3PLUS=2.780814975267276e-05
애들이	O=0.9995546936988831|NORM_1WORD=0.00023299281019717455|NORM_2WORD=0.0001504192769061774|NORM_3PLUS=4.34392350143753e-05
실제보면	O=0.9994028806686401|NORM_1WORD=0.0003103414783254266|NORM_2WORD=0.00020025651610922068|NORM_3PLUS=5.477518425323069e-05
잘생기고	O=0.9992289543151855|NORM_1WORD=0.00037173277814872563|NORM_2WORD=0.0002956503303721547|NORM_3PLUS=6.937818398000672e-05
예쁨	O=0.999576985836029|NORM_1WORD=0.00024290794681292027|NORM_2WORD=0.00013114827743265778|NORM_3PLUS=3.423302769078873e-05
무조건	O=0.9993875026702881|NORM_1WORD=0.00032009079586714506|NORM_2WORD=0.0002056961675407365|NORM_3PLUS=5.286227315082215e-05
너프시키는게	O=0.9983199238777161|NORM_1WORD=0.0007903949008323252|NORM_2WORD=0.0006492205429822206|NORM_3PLUS=0.00015753657498862594
있나봄	O=0.9979131817817688|NORM_1WORD=0.0012405260931700468|NORM_2WORD=0.0006610752898268402|NORM_3PLUS=0.00012753208284266293

비혼하기로	O=0.9765917658805847|NORM_1WORD=0.015336277894675732|NORM_2WORD=0.006763040088117123|NORM_3PLUS=0.001153705408796668
결혼할	O=0.9956705570220947|NORM_1WORD=0.002347946399822831|NORM_2WORD=0.0014738404424861073|NORM_3PLUS=0.00037863230681978166
맘	O=0.9934371113777161|NORM_1WORD=0.004024101421236992|NORM_2WORD=0.001936931861564517|NORM_3PLUS=0.0004195653600618243
못박았는데	O=0.9838337302207947|NORM_1WORD=0.009075799956917763|NORM_2WORD=0.005789078772068024|NORM_3PLUS=0.0010381662286818027
꺼내는지	O=0.9608563184738159|NORM_1WORD=0.019589100033044815|NORM_2WORD=0.01568475551903248|NORM_3PLUS=0.0031094460282474756
안감	O=0.9970299005508423|NORM_1WORD=0.0017204941250383854|NORM_2WORD=0.0009542193147353828|NORM_3PLUS=0.00021743762772530317

국회법상	O=0.9970721006393433|NORM_1WORD=0.0017190530197694898|NORM_2WORD=0.0008923443383537233|NORM_3PLUS=0.0002531824284233153
관례로	O=0.9973383545875549|NORM_1WORD=0.0012441015569493175|NORM_2WORD=0.0011474756756797433|NORM_3PLUS=0.00022490201808977872
4-5분	O=0.9921616911888123|NORM_1WORD=0.004817478824406862|NORM_2WORD=0.002301592845469713|NORM_3PLUS=0.000583881454076618
이야기해왔었음	O=0.9911433458328247|NORM_1WORD=0.005623742938041687|NORM_2WORD=0.002615910954773426|NORM_3PLUS=0.00045700810733251274

안정환	O=0.9959445595741272|NORM_1WORD=0.0019471845589578152|NORM_2WORD=0.0014951659832149744|NORM_3PLUS=0.00042113728704862297
근	O=0.9986634254455566|NORM_1WORD=0.0009457693086005747|NORM_2WORD=0.0002572865050751716|NORM_3PLUS=0.00010273245425196365
몇년간	O=0.9978546500205994|NORM_1WORD=0.0011787834810093045|NORM_2WORD=0.0006884621689096093|NORM_3PLUS=0.00018781426479108632
과체중	O=0.9971520900726318|NORM_1WORD=0.0016841150354593992|NORM_2WORD=0.0009005335159599781|NORM_3PLUS=0.00019528203119989485

