rt	O=0.9999817609786987|NORM_2WORD=1.0103193744726013e-05|NORM_1WORD=3.645998958745622e-06|NORM_3PLUS=2.4258581561298342e-06
@teenpizzaqueen	O=0.9999895095825195|NORM_2WORD=5.460394277179148e-06|NORM_1WORD=3.00095393868105e-06|NORM_3PLUS=1.2948095218234812e-06
:	O=0.9999904632568359|NORM_2WORD=3.832733455055859e-06|NORM_1WORD=3.036470161532634e-06|NORM_3PLUS=1.3100210480843089e-06
lmfao	O=0.9999837875366211|NORM_2WORD=1.0233945431536995e-05|NORM_3PLUS=2.6106029054062674e-06|NORM_1WORD=2.3293750928132795e-06
my	O=0.9999862909317017|NORM_2WORD=5.076435627415776e-06|NORM_1WORD=3.8156126720423345e-06|NORM_3PLUS=2.183014657930471e-06
friend	O=0.9999793767929077|NORM_1WORD=9.418491572432686e-06|NORM_2WORD=7.273605660884641e-06|NORM_3PLUS=1.7450394125262392e-06
just	O=0.999980092048645|NORM_2WORD=7.365712008322589e-06|NORM_1WORD=6.309883701760555e-06|NORM_3PLUS=2.6518962386035128e-06
told	O=0.9999434947967529|NORM_1WORD=2.1803343770443462e-05|NORM_2WORD=1.683883965597488e-05|NORM_3PLUS=6.742440746165812e-06
me	O=0.9999901056289673|NORM_2WORD=4.165758582530543e-06|NORM_1WORD=2.5315757739008404e-06|NORM_3PLUS=1.5090989791133325e-06
that	O=0.9999862909317017|NORM_1WORD=5.252645678410772e-06|NORM_2WORD=4.575483217195142e-06|NORM_3PLUS=1.806792511160893e-06
niall	O=0.9999731779098511|NORM_1WORD=1.4268700397224165e-05|NORM_2WORD=9.517012586002238e-06|NORM_3PLUS=1.732790110509086e-06
and	O=0.9999849796295166|NORM_1WORD=6.3150796449917834e-06|NORM_2WORD=5.041325948695885e-06|NORM_3PLUS=2.0522993509075604e-06
piers	O=0.9999691247940063|NORM_1WORD=1.5817025996511802e-05|NORM_2WORD=1.2687464732152876e-05|NORM_3PLUS=1.3436983863357455e-06
are	O=0.9999712705612183|NORM_1WORD=1.78230220626574e-05|NORM_2WORD=6.405636668205261e-06|NORM_3PLUS=2.6846578293771017e-06
shouting	O=0.9999676942825317|NORM_1WORD=1.9267830793978646e-05|NORM_2WORD=9.758401574799791e-06|NORM_3PLUS=2.063832198473392e-06
at	O=0.9999852180480957|NORM_1WORD=8.301065463456325e-06|NORM_2WORD=4.310484655434266e-06|NORM_3PLUS=1.1798940704466077e-06
each	O=0.9999840259552002|NORM_1WORD=6.994617251621094e-06|NORM_2WORD=5.349330876924796e-06|NORM_3PLUS=1.9111464553134283e-06
other	O=0.999982476234436|NORM_1WORD=9.185069757222664e-06|NORM_2WORD=5.60519720238517e-06|NORM_3PLUS=1.3040224757787655e-06

.	O=0.999985933303833|NORM_2WORD=5.696278094546869e-06|NORM_1WORD=3.4742099614959443e-06|NORM_3PLUS=2.7512110136740375e-06
@hitakshibawa	O=0.9999796152114868|NORM_2WORD=1.1551759598660283e-05|NORM_1WORD=4.603903562383493e-06|NORM_3PLUS=2.0872191726084566e-06
she	O=0.9999858140945435|NORM_1WORD=7.200843811006052e-06|NORM_2WORD=5.012097517465008e-06|NORM_3PLUS=1.0169582083108253e-06
u/s	O=0.9991434812545776|NORM_1WORD=0.0005318113253451884|NORM_2WORD=0.00029074554913677275|NORM_3PLUS=1.990553028008435e-05
d	NORM_1WORD=0.9999102354049683|O=6.881620356580243e-05|NORM_2WORD=1.0677308637241367e-05|NORM_3PLUS=6.683939318463672e-06
effect	O=0.636273980140686|NORM_1WORD=0.33792200684547424|NORM_2WORD=0.02303759939968586|NORM_3PLUS=0.0020944373682141304
of	O=0.9999828338623047|NORM_1WORD=7.850372639950365e-06|NORM_2WORD=6.148649390524952e-06|NORM_3PLUS=1.5016385077615269e-06
hungry	O=0.9999603033065796|NORM_1WORD=2.4254581148852594e-05|NORM_2WORD=1.100818371924106e-05|NORM_3PLUS=1.7517791093268897e-06
-->	O=0.9999685287475586|NORM_1WORD=1.376925592921907e-05|NORM_2WORD=8.288072422146797e-06|NORM_3PLUS=3.6123476547800237e-06
sleepy	O=0.9999809265136719|NORM_2WORD=9.546283763484098e-06|NORM_1WORD=7.322426881728461e-06|NORM_3PLUS=1.193582079395128e-06
->	O=0.999982476234436|NORM_1WORD=7.842744707886595e-06|NORM_2WORD=5.316052011039574e-06|NORM_3PLUS=1.8650583797352738e-06
waking	O=0.9999591112136841|NORM_1WORD=2.2815635020378977e-05|NORM_2WORD=1.312206222792156e-05|NORM_3PLUS=2.3678046545683173e-06
up	O=0.9999842643737793|NORM_1WORD=9.288961337006185e-06|NORM_2WORD=4.786338195117423e-06|NORM_3PLUS=8.517362743987178e-07
hungry	O=0.999955415725708|NORM_1WORD=2.999213756993413e-05|NORM_2WORD=1.037466608977411e-05|NORM_3PLUS=1.6302313952110126e-06
cycle	O=0.9999420642852783|NORM_1WORD=4.598849409376271e-05|NORM_2WORD=9.592591595719568e-06|NORM_3PLUS=1.2366949704301078e-06
:-d	O=0.99998939037323|NORM_1WORD=4.574223112285836e-06|NORM_2WORD=4.156739123573061e-06|NORM_3PLUS=9.74876684267656e-07
n	NORM_1WORD=0.9998728036880493|O=9.960828174371272e-05|NORM_2WORD=1.702862027741503e-05|NORM_3PLUS=7.0974820118863136e-06
upsc	NORM_1WORD=0.9866407513618469|NORM_2WORD=0.008708730340003967|O=0.004285528790205717|NORM_3PLUS=0.00033718434860929847
chaat	O=0.9999767541885376|NORM_1WORD=1.2358813364699017e-05|NORM_2WORD=8.631132914160844e-06|NORM_3PLUS=1.5179587080638157e-06
wala	O=0.999972939491272|NORM_1WORD=1.3657290764967911e-05|NORM_2WORD=1.0435499461891595e-05|NORM_3PLUS=1.5436610283359187e-06
isnt	NORM_1WORD=0.9999300241470337|O=4.97243891004473e-05|NORM_2WORD=1.1926387742278166e-05|NORM_3PLUS=5.2318732741696294e-06
good	O=0.9999877214431763|NORM_1WORD=6.764818863302935e-06|NORM_2WORD=3.2070508950710064e-06|NORM_3PLUS=1.099144242289185e-06
nw	NORM_1WORD=0.679513156414032|NORM_2WORD=0.19463814795017242|NORM_3PLUS=0.12084387242794037|O=0.004398370161652565
@wearenewdelhi	O=0.9999880790710449|NORM_2WORD=6.1766513681504875e-06|NORM_1WORD=2.718557425396284e-06|NORM_3PLUS=1.5233518979584915e-06
@beinganupama	O=0.9999865293502808|NORM_2WORD=7.168235242716037e-06|NORM_1WORD=2.6395598524686648e-06|NORM_3PLUS=1.9555659491743427e-06

rt	O=0.9999862909317017|NORM_2WORD=7.415601885440992e-06|NORM_1WORD=2.7144644718646305e-06|NORM_3PLUS=2.0157492599537363e-06
@harry_styles	O=0.9999802112579346|NORM_2WORD=1.5229484233714174e-05|NORM_3PLUS=2.0108909666305408e-06|NORM_1WORD=1.5916835991447442e-06
:	O=0.9999879598617554|NORM_2WORD=5.561581474466948e-06|NORM_1WORD=2.4147936983354157e-06|NORM_3PLUS=1.93057167052757e-06
niall	O=0.9999773502349854|NORM_2WORD=1.0755280527519062e-05|NORM_1WORD=6.7066534938931e-06|NORM_3PLUS=3.2943512451311108e-06
on	O=0.9999837875366211|NORM_2WORD=7.3415299084445e-06|NORM_1WORD=5.274372597341426e-06|NORM_3PLUS=2.010497610172024e-06
his	O=0.9999562501907349|NORM_2WORD=1.857670213212259e-05|NORM_1WORD=9.708997822599486e-06|NORM_3PLUS=8.2006599768647e-06
way	O=0.999972939491272|NORM_1WORD=1.2854367923864629e-05|NORM_2WORD=9.530097486276645e-06|NORM_3PLUS=2.8727633889502613e-06
to	O=0.9999871253967285|NORM_2WORD=5.377720754040638e-06|NORM_1WORD=4.244919637130806e-06|NORM_3PLUS=1.6901863091334235e-06
the	O=0.9999866485595703|NORM_2WORD=6.762012162653264e-06|NORM_1WORD=2.5905908387358068e-06|NORM_3PLUS=1.939058620337164e-06
x	O=0.9999765157699585|NORM_1WORD=1.215223346662242e-05|NORM_2WORD=7.660809387743939e-06|NORM_3PLUS=2.1098855995660415e-06
games	O=0.9999669790267944|NORM_2WORD=1.0586122698441613e-05|NORM_1WORD=1.035748664435232e-05|NORM_3PLUS=5.467649771162542e-06
.	O=0.9999861717224121|NORM_2WORD=6.669928097835509e-06|NORM_3PLUS=3.014246885868488e-06|NORM_1WORD=2.166695367122884e-06
https://t.co/qrmqyimohd	O=0.9999874830245972|NORM_2WORD=5.8193813856632914e-06|NORM_1WORD=3.5939531244366663e-06|NORM_3PLUS=1.7337140434392495e-06

she	O=0.9999833106994629|NORM_2WORD=6.382530045812018e-06|NORM_1WORD=6.259027031774167e-06|NORM_3PLUS=2.2869658096169587e-06
brown	O=0.9999574422836304|NORM_1WORD=2.8250775358173996e-05|NORM_2WORD=8.752707799430937e-06|NORM_3PLUS=3.2841066968103405e-06
but	O=0.9999873638153076|NORM_2WORD=5.025382051826455e-06|NORM_1WORD=4.633158823708072e-06|NORM_3PLUS=1.5605769476678688e-06
is	O=0.9999641180038452|NORM_1WORD=1.8211045244242996e-05|NORM_2WORD=1.0955116522382013e-05|NORM_3PLUS=3.5145296806149418e-06
a	O=0.9999436140060425|NORM_2WORD=3.056663990719244e-05|NORM_1WORD=1.2310985766816884e-05|NORM_3PLUS=7.903511686890852e-06
baby	O=0.9999879598617554|NORM_1WORD=5.633556156681152e-06|NORM_2WORD=4.1857688302116e-06|NORM_3PLUS=1.2382433851598762e-06
weh	O=0.9996129870414734|NORM_1WORD=0.00034012336982414126|NORM_2WORD=4.3149393604835495e-05|NORM_3PLUS=2.7848996069224086e-06
black	O=0.9999805688858032|NORM_1WORD=1.1457776054157875e-05|NORM_2WORD=5.247748958936427e-06|NORM_3PLUS=1.580346179252956e-06
born	O=0.9999368190765381|NORM_1WORD=4.528684075921774e-05|NORM_2WORD=1.1270517461525742e-05|NORM_3PLUS=3.3478020213806303e-06
fi	NORM_2WORD=0.6350767612457275|NORM_1WORD=0.259689599275589|O=0.0956527441740036|NORM_3PLUS=0.00942492950707674
show	O=0.9999328851699829|NORM_1WORD=3.374199150130153e-05|NORM_2WORD=2.075224074360449e-05|NORM_3PLUS=7.844510037102737e-06
you	O=0.9999778270721436|NORM_1WORD=1.1554217962839175e-05|NORM_2WORD=8.00415909907315e-06|NORM_3PLUS=1.592807961969811e-06
how	O=0.9999749660491943|NORM_1WORD=1.0353085599490441e-05|NORM_2WORD=9.776720617082901e-06|NORM_3PLUS=2.2833489765616832e-06
far	O=0.9999707937240601|NORM_1WORD=1.7992530047195032e-05|NORM_2WORD=8.915242688090075e-06|NORM_3PLUS=1.5468571064047865e-06
me	O=0.9999607801437378|NORM_2WORD=2.7791298634838313e-05|NORM_1WORD=7.245023880386725e-06|NORM_3PLUS=3.1117815524339676e-06
cock	O=0.9998325109481812|NORM_1WORD=0.00010644927533576265|NORM_2WORD=4.523114694165997e-05|NORM_3PLUS=7.079194801917765e-06
gone	O=0.999948263168335|NORM_1WORD=2.328853588551283e-05|NORM_2WORD=2.314910125278402e-05|NORM_3PLUS=3.283356363681378e-06
~	O=0.9999768733978271|NORM_2WORD=7.898747753642965e-06|NORM_1WORD=7.369229024334345e-06|NORM_3PLUS=4.091303253517253e-06

scientists	O=0.9999321699142456|NORM_1WORD=3.59906189260073e-05|NORM_2WORD=2.6705125492298976e-05|NORM_3PLUS=3.333564791319077e-06
achieve	O=0.9999234676361084|NORM_1WORD=5.549887282541022e-05|NORM_2WORD=1.2047312338836491e-05|NORM_3PLUS=5.3807589210919105e-06
reliable	O=0.9999617338180542|NORM_1WORD=2.2228055968298577e-05|NORM_2WORD=1.0322032721887808e-05|NORM_3PLUS=3.256637455706368e-06
quantum	O=0.9999643564224243|NORM_1WORD=2.1021445718361065e-05|NORM_2WORD=1.0065474270959385e-05|NORM_3PLUS=2.3195093490357976e-06
teleportation	O=0.9999390840530396|NORM_1WORD=3.388450204511173e-05|NORM_2WORD=2.1921507141087204e-05|NORM_3PLUS=3.088968014708371e-06
for	O=0.9999717473983765|NORM_1WORD=1.763528780429624e-05|NORM_2WORD=7.56525014367071e-06|NORM_3PLUS=1.6758594938437454e-06
first	O=0.9999703168869019|NORM_1WORD=2.0277475414332002e-05|NORM_2WORD=6.5729254856705666e-06|NORM_3PLUS=1.5176362921920372e-06
time	O=0.9999556541442871|NORM_1WORD=2.4020684577408247e-05|NORM_2WORD=1.3552945347328205e-05|NORM_3PLUS=3.4847396364057204e-06
http://t.co/lk9oatih0f	O=0.9999884366989136|NORM_2WORD=7.131985967134824e-06|NORM_1WORD=2.724504383877502e-06|NORM_3PLUS=1.009754441838595e-06
.	O=0.9999850988388062|NORM_2WORD=7.497255410271464e-06|NORM_3PLUS=3.0371054435818223e-06|NORM_1WORD=2.3930947463668417e-06
a	O=0.9999808073043823|NORM_2WORD=9.106773177336436e-06|NORM_1WORD=6.488664894277463e-06|NORM_3PLUS=2.0554639377223793e-06
concept	O=0.999970555305481|NORM_1WORD=1.540276025480125e-05|NORM_2WORD=8.52645007398678e-06|NORM_3PLUS=2.6151706151722465e-06
to	O=0.9999836683273315|NORM_1WORD=6.831523023720365e-06|NORM_2WORD=6.210741503309691e-06|NORM_3PLUS=1.8342449266128824e-06
watch	O=0.999987006187439|NORM_1WORD=5.332060027285479e-06|NORM_2WORD=4.526719749264885e-06|NORM_3PLUS=1.933250587171642e-06
-	O=0.9999786615371704|NORM_2WORD=9.628900443203747e-06|NORM_1WORD=4.745170372189023e-06|NORM_3PLUS=3.6605993045668583e-06
data	O=0.9999392032623291|NORM_1WORD=4.392573464429006e-05|NORM_2WORD=1.142020209954353e-05|NORM_3PLUS=3.50241703017673e-06
teleportation	O=0.9999585151672363|NORM_1WORD=2.0418194253579713e-05|NORM_2WORD=1.6544339814572595e-05|NORM_3PLUS=3.013318519151653e-06

rt	O=0.9999822378158569|NORM_2WORD=1.0008049684984144e-05|NORM_1WORD=4.22604352934286e-06|NORM_3PLUS=1.997904291783925e-06
@5sos	O=0.9999797344207764|NORM_2WORD=1.1579678357520606e-05|NORM_1WORD=4.845161583943991e-06|NORM_3PLUS=2.544719791330863e-06
:	O=0.9999903440475464|NORM_2WORD=4.6307391130540054e-06|NORM_1WORD=2.4215148641815176e-06|NORM_3PLUS=1.2281720955797937e-06
hi	O=0.9999840259552002|NORM_1WORD=8.649134542793036e-06|NORM_2WORD=5.372649411583552e-06|NORM_3PLUS=1.0911921890510712e-06
we	O=0.999987006187439|NORM_1WORD=7.178479791036807e-06|NORM_2WORD=3.815418949670857e-06|NORM_3PLUS=1.1475385690573603e-06
are	O=0.9999845027923584|NORM_1WORD=8.606541996414308e-06|NORM_2WORD=5.083150881546317e-06|NORM_3PLUS=1.136565856540983e-06
doin	NORM_1WORD=0.9999376535415649|O=2.6536090445006266e-05|NORM_3PLUS=1.4567587641067803e-05|NORM_2WORD=1.0033539183496032e-05
a	O=0.9999798536300659|NORM_2WORD=1.1234837074880488e-05|NORM_1WORD=6.669306912954198e-06|NORM_3PLUS=1.5224519529510872e-06
signing	O=0.999957799911499|NORM_1WORD=2.235603278677445e-05|NORM_2WORD=1.812782466004137e-05|NORM_3PLUS=1.1454483228590107e-06
and	O=0.9999880790710449|NORM_2WORD=5.8329310377303045e-06|NORM_1WORD=4.143569640291389e-06|NORM_3PLUS=1.1859701771754771e-06
we	O=0.9999889135360718|NORM_1WORD=5.756722657679347e-06|NORM_2WORD=3.585283366192016e-06|NORM_3PLUS=1.0399397751825745e-06
found	O=0.9999849796295166|NORM_1WORD=7.4466897785896435e-06|NORM_2WORD=5.848336058988934e-06|NORM_3PLUS=9.387029535901092e-07
this	O=0.9999874830245972|NORM_2WORD=7.137130069168052e-06|NORM_1WORD=3.463605708020623e-06|NORM_3PLUS=1.040950337483082e-06
other	O=0.9999895095825195|NORM_2WORD=5.517277713806834e-06|NORM_1WORD=3.487424464765354e-06|NORM_3PLUS=7.983581440385024e-07
aussie	O=0.9999164342880249|NORM_1WORD=4.3432872189441696e-05|NORM_2WORD=3.7039480957901105e-05|NORM_3PLUS=2.507035560483928e-06
xo	O=0.9999498128890991|NORM_1WORD=3.632369771366939e-05|NORM_2WORD=9.6270805443055e-06|NORM_3PLUS=2.2811104827269446e-06
http://t.co/mqx5faedws	O=0.9999858140945435|NORM_2WORD=7.165024726418778e-06|NORM_1WORD=5.265211711957818e-06|NORM_3PLUS=1.0882405376833049e-06

thats	NORM_1WORD=0.9999420642852783|O=2.3212160158436745e-05|NORM_2WORD=1.3933040463598445e-05|NORM_3PLUS=1.2990477443963755e-05
not	O=0.9999756813049316|NORM_2WORD=8.890536264516413e-06|NORM_1WORD=7.867854947107844e-06|NORM_3PLUS=3.3435319437558064e-06
tabaruis	O=0.9932976365089417|NORM_2WORD=0.0061826943419873714|NORM_1WORD=0.0004069496935699135|NORM_3PLUS=0.00010518080671317875
i	O=0.9999821186065674|NORM_1WORD=6.600277629331686e-06|NORM_2WORD=5.860641977051273e-06|NORM_3PLUS=2.2456013084592996e-06
think	O=0.9999772310256958|NORM_1WORD=9.289985428040382e-06|NORM_2WORD=6.792999101890018e-06|NORM_3PLUS=2.7310377390676877e-06
thats	NORM_1WORD=0.9999399185180664|O=2.468172533554025e-05|NORM_2WORD=1.3648089407070074e-05|NORM_3PLUS=1.3465255506162066e-05
a	O=0.9999587535858154|NORM_2WORD=2.5323504814878106e-05|NORM_1WORD=6.198066785145784e-06|NORM_3PLUS=5.387135843193391e-06
troll	O=0.9998774528503418|NORM_1WORD=8.43648158479482e-05|NORM_2WORD=2.054339347523637e-05|NORM_3PLUS=6.338636922009755e-06
account	O=0.9999610185623169|NORM_2WORD=1.7954163922695443e-05|NORM_1WORD=1.1839193575724494e-05|NORM_3PLUS=4.075412562087877e-06

.	O=0.9999847412109375|NORM_2WORD=7.339030617004028e-06|NORM_3PLUS=3.583135594453779e-06|NORM_1WORD=2.318172164450516e-06
@umarcheema1	O=0.9999904632568359|NORM_2WORD=4.625932888302486e-06|NORM_1WORD=1.9654328298202017e-06|NORM_3PLUS=1.6230794699367834e-06
maybe	O=0.9999855756759644|NORM_1WORD=6.131959253252717e-06|NORM_2WORD=6.005356681271223e-06|NORM_3PLUS=1.2635588291232125e-06
he	O=0.9999865293502808|NORM_2WORD=5.093924755783519e-06|NORM_1WORD=4.986864951206371e-06|NORM_3PLUS=1.6974220216070535e-06
was	O=0.9999808073043823|NORM_1WORD=7.641309821337927e-06|NORM_2WORD=7.007246949797263e-06|NORM_3PLUS=2.4944395136117237e-06
told	O=0.9999784231185913|NORM_1WORD=9.661054718890227e-06|NORM_2WORD=6.414730250980938e-06|NORM_3PLUS=2.324484512428171e-06
by	O=0.9999871253967285|NORM_2WORD=6.4585901782265864e-06|NORM_1WORD=3.97508893001941e-06|NORM_3PLUS=1.3597020824818173e-06
"	O=0.9999909400939941|NORM_2WORD=3.8079492696851958e-06|NORM_1WORD=2.4909941203077324e-06|NORM_3PLUS=1.3470508974933182e-06
faal	O=0.9998643398284912|NORM_2WORD=7.201284461189061e-05|NORM_1WORD=5.8624813391361386e-05|NORM_3PLUS=4.0641984924150165e-06
wala	O=0.9999679327011108|NORM_2WORD=1.7185235265060328e-05|NORM_1WORD=1.1212226127099711e-05|NORM_3PLUS=2.21363711716549e-06
tota	O=0.9999597072601318|NORM_1WORD=1.7032716641551815e-05|NORM_2WORD=1.6187083019758575e-05|NORM_3PLUS=3.6722294680657797e-06
"	O=0.999990701675415|NORM_2WORD=3.960810317948926e-06|NORM_1WORD=2.3375512228085427e-06|NORM_3PLUS=1.4451605920839938e-06

fb	O=0.9998342990875244|NORM_2WORD=8.03081420599483e-05|NORM_1WORD=7.523207750637084e-05|NORM_3PLUS=7.244695098052034e-06
;	O=0.9999805688858032|NORM_2WORD=6.765537818864686e-06|NORM_1WORD=6.632536042161519e-06|NORM_3PLUS=2.8442623261071276e-06
junior	O=0.9999551773071289|NORM_1WORD=2.3888103896752e-05|NORM_2WORD=1.2018076631648e-05|NORM_3PLUS=4.791931132785976e-06
bautista	O=0.9999784231185913|NORM_2WORD=9.497442079009488e-06|NORM_1WORD=9.472133569943253e-06|NORM_3PLUS=1.640008690628747e-06
big	O=0.9999581575393677|NORM_2WORD=1.6356232663383707e-05|NORM_1WORD=1.570869244460482e-05|NORM_3PLUS=5.34977925781277e-06
tits	O=0.999962568283081|NORM_1WORD=1.780616548785474e-05|NORM_2WORD=1.371428879792802e-05|NORM_3PLUS=3.0210478598746704e-06
masturbating	O=0.9999370574951172|NORM_1WORD=2.9523935154429637e-05|NORM_2WORD=1.8561790056992322e-05|NORM_3PLUS=7.7403028626577e-06
and	O=0.9999728202819824|NORM_1WORD=1.0817774636961985e-05|NORM_2WORD=1.0377895705460105e-05|NORM_3PLUS=3.5291841413709335e-06
squirting	O=0.9999345541000366|NORM_1WORD=3.525445208651945e-05|NORM_2WORD=2.0299097741371952e-05|NORM_3PLUS=5.535256605071481e-06
in	O=0.9999240636825562|NORM_1WORD=4.196714871795848e-05|NORM_2WORD=2.033746386587154e-05|NORM_3PLUS=6.242883046070347e-06
chair	O=0.9999544620513916|NORM_1WORD=2.9817570975865237e-05|NORM_2WORD=1.1061135410272982e-05|NORM_3PLUS=2.3692821287113475e-06
:	O=0.9999822378158569|NORM_1WORD=7.094712145772064e-06|NORM_2WORD=6.2471408455166966e-06|NORM_3PLUS=1.811061679291015e-06
views	O=0.9999170303344727|NORM_1WORD=4.5001801481703296e-05|NORM_2WORD=2.6666421035770327e-05|NORM_3PLUS=5.989525106997462e-06
:	O=0.9999834299087524|NORM_1WORD=7.049176474538399e-06|NORM_2WORD=6.71860107104294e-06|NORM_3PLUS=1.2164834970462834e-06
0	O=0.9999803304672241|NORM_2WORD=7.888145773904398e-06|NORM_1WORD=7.073060714901658e-06|NORM_3PLUS=2.2907331640453776e-06
rating	O=0.9999085664749146|NORM_1WORD=5.300253542372957e-05|NORM_2WORD=2.3545382646261714e-05|NORM_3PLUS=7.5638854468706995e-06
:	O=0.999981164932251|NORM_1WORD=8.727917702344712e-06|NORM_2WORD=7.632733286300208e-06|NORM_3PLUS=1.2451766906451667e-06
0	O=0.9999630451202393|NORM_2WORD=1.4642782844020985e-05|NORM_1WORD=1.3509427844837774e-05|NORM_3PLUS=4.367866495158523e-06
durat	O=0.6806884407997131|NORM_1WORD=0.3094230592250824|NORM_2WORD=0.009205726906657219|NORM_3PLUS=0.0006238563801161945
...	O=0.9999586343765259|NORM_2WORD=1.4286520126916002e-05|NORM_1WORD=1.3024733561906032e-05|NORM_3PLUS=5.446392606245354e-06

holds	O=0.9999785423278809|NORM_2WORD=9.863062587101012e-06|NORM_1WORD=8.929231626098044e-06|NORM_3PLUS=1.7364817495035823e-06
head	O=0.9999639987945557|NORM_1WORD=1.984432128665503e-05|NORM_2WORD=1.1975746019743383e-05|NORM_3PLUS=2.367197566854884e-06
in	O=0.999961256980896|NORM_1WORD=2.1977484720991924e-05|NORM_2WORD=1.157555561803747e-05|NORM_3PLUS=2.7807018341263756e-06
hands	O=0.9999284744262695|NORM_1WORD=4.8589361540507525e-05|NORM_2WORD=1.6344411051250063e-05|NORM_3PLUS=3.7642835195583757e-06
har	NORM_1WORD=0.9985685348510742|O=0.001352741033770144|NORM_2WORD=5.318668991094455e-05|NORM_3PLUS=2.0015339032397605e-05
u	NORM_1WORD=0.9999234676361084|O=4.1075025364989415e-05|NORM_3PLUS=1.8728611394180916e-05|NORM_2WORD=9.024241990118753e-06
k	NORM_1WORD=0.984025776386261|O=0.015712544322013855|NORM_2WORD=0.00021665387612301856|NORM_3PLUS=3.613570879679173e-05
a	O=0.9570293426513672|NORM_1WORD=0.042491525411605835|NORM_2WORD=0.00038580820546485484|NORM_3PLUS=7.626078877365217e-05

@eat_my_skirts	O=0.9999642372131348|NORM_2WORD=2.7144940759171732e-05|NORM_3PLUS=3.477256996120559e-06|NORM_1WORD=2.867647253879113e-06
obsessed	O=0.9999685287475586|NORM_2WORD=1.5781455658725463e-05|NORM_1WORD=9.880352081381716e-06|NORM_3PLUS=3.0776029689150164e-06
with	O=0.9999748468399048|NORM_2WORD=1.3381324606598355e-05|NORM_1WORD=4.2531055441941135e-06|NORM_3PLUS=3.7833312944712816e-06
what	O=0.9999872446060181|NORM_2WORD=6.152289643068798e-06|NORM_1WORD=3.5178804864699487e-06|NORM_3PLUS=1.5175838825598476e-06
?	O=0.9999802112579346|NORM_2WORD=9.18292880669469e-06|NORM_1WORD=3.512582452458446e-06|NORM_3PLUS=2.977839585582842e-06
don't	O=0.999962568283081|NORM_2WORD=2.6159344997722656e-05|NORM_1WORD=7.108144927769899e-06|NORM_3PLUS=2.4272694645333104e-06
hate	O=0.9999669790267944|NORM_1WORD=1.618493115529418e-05|NORM_2WORD=1.348349451291142e-05|NORM_3PLUS=1.6546914594073314e-06
cuz	NORM_1WORD=0.9999520778656006|O=1.6064515875768848e-05|NORM_3PLUS=1.4590725186280906e-05|NORM_2WORD=1.1338998774590436e-05
im	NORM_1WORD=0.9999574422836304|O=1.6174964912352152e-05|NORM_3PLUS=1.3980693438497838e-05|NORM_2WORD=7.659612492716406e-06
fabulous	O=0.9999642372131348|NORM_2WORD=1.883162622107193e-05|NORM_1WORD=1.2427799447323196e-05|NORM_3PLUS=2.307049044247833e-06
.	O=0.9999738931655884|NORM_2WORD=1.3047969332546927e-05|NORM_1WORD=5.117324235470733e-06|NORM_3PLUS=4.828274086321471e-06

rt	O=0.9999793767929077|NORM_2WORD=1.064809021045221e-05|NORM_1WORD=5.606313607131597e-06|NORM_3PLUS=2.420784085188643e-06
@petregister	O=0.9999816417694092|NORM_2WORD=1.0179773198615294e-05|NORM_1WORD=3.907934569724603e-06|NORM_3PLUS=2.1810089947393863e-06
:	O=0.9999873638153076|NORM_2WORD=5.843879080202896e-06|NORM_1WORD=2.813832452375209e-06|NORM_3PLUS=1.8497081555324257e-06
missing	O=0.9999721050262451|NORM_1WORD=1.4453038602368906e-05|NORM_2WORD=8.434129995293915e-06|NORM_3PLUS=2.4946866687969305e-06
cat	O=0.9999806880950928|NORM_1WORD=1.1413151696615387e-05|NORM_2WORD=5.372293344407808e-06|NORM_3PLUS=1.347301690657332e-06
british	O=0.9999785423278809|NORM_1WORD=1.1836793419206515e-05|NORM_2WORD=7.835767974029295e-06|NORM_3PLUS=1.1398208243917907e-06
short	O=0.9999783039093018|NORM_2WORD=1.0141308848687913e-05|NORM_1WORD=8.881669600668829e-06|NORM_3PLUS=1.647740532462194e-06
hair	O=0.9999656677246094|NORM_1WORD=2.1325893612811342e-05|NORM_2WORD=1.0331960766052362e-05|NORM_3PLUS=1.5421798025272437e-06
black	O=0.9999794960021973|NORM_2WORD=8.569831152271945e-06|NORM_1WORD=8.118111509247683e-06|NORM_3PLUS=2.077238605124876e-06
and	O=0.9999701976776123|NORM_2WORD=1.830066139518749e-05|NORM_1WORD=6.380085324053653e-06|NORM_3PLUS=3.1716670036985306e-06
wh	NORM_1WORD=0.8214147686958313|O=0.1727905571460724|NORM_2WORD=0.005497206002473831|NORM_3PLUS=0.0002621467283461243
http://t.co/shsoq6lgjc	O=0.9999877214431763|NORM_2WORD=6.265910997171886e-06|NORM_1WORD=3.578679297788767e-06|NORM_3PLUS=1.3164585652702954e-06
#leeds	O=0.9999865293502808|NORM_2WORD=7.66459106671391e-06|NORM_1WORD=3.329923174533178e-06|NORM_3PLUS=1.3668441170011647e-06
#westyorkshire	O=0.9999872446060181|NORM_1WORD=5.164901722309878e-06|NORM_2WORD=5.162050911167171e-06|NORM_3PLUS=1.211516519106226e-06
pls	NORM_1WORD=0.9999197721481323|O=4.148927109781653e-05|NORM_2WORD=2.7387504815123975e-05|NORM_3PLUS=7.82296592660714e-06
rt	O=0.9273822903633118|NORM_1WORD=0.06872894614934921|NORM_2WORD=0.0035076714120805264|NORM_3PLUS=0.00030425647855736315

i	O=0.9999780654907227|NORM_1WORD=7.790573363308795e-06|NORM_2WORD=6.477864189946558e-06|NORM_3PLUS=4.3414988795120735e-06
love	O=0.9999852180480957|NORM_1WORD=5.840874109708238e-06|NORM_2WORD=5.536941444006516e-06|NORM_3PLUS=2.110332616211963e-06
love	O=0.9999831914901733|NORM_1WORD=7.348950475716265e-06|NORM_2WORD=6.5312824517604895e-06|NORM_3PLUS=1.945262283697957e-06
love	O=0.9999827146530151|NORM_1WORD=7.228198228403926e-06|NORM_2WORD=7.175108748924686e-06|NORM_3PLUS=2.012880031543318e-06
my	O=0.9999845027923584|NORM_2WORD=7.228659342217725e-06|NORM_1WORD=3.1540728286927333e-06|NORM_3PLUS=3.0522983252012637e-06
new	O=0.9999834299087524|NORM_2WORD=7.03656269251951e-06|NORM_3PLUS=3.8763168959121685e-06|NORM_1WORD=3.385171567060752e-06
macbook	O=0.9999616146087646|NORM_2WORD=2.1743622710346244e-05|NORM_1WORD=7.634658686583862e-06|NORM_3PLUS=6.45671980237239e-06
omg	O=0.9999760389328003|NORM_2WORD=1.2606815289473161e-05|NORM_1WORD=7.455989361915272e-06|NORM_3PLUS=2.6452703423274215e-06
.	O=0.9999799728393555|NORM_2WORD=7.531148185080383e-06|NORM_3PLUS=6.689111160085304e-06|NORM_1WORD=2.6507859729463235e-06

rt	O=0.9999860525131226|NORM_2WORD=6.7656133069249336e-06|NORM_1WORD=4.184304088994395e-06|NORM_3PLUS=1.6066433090600185e-06
@exoffical	O=0.9999881982803345|NORM_2WORD=6.507092621177435e-06|NORM_1WORD=2.8303218186920276e-06|NORM_3PLUS=1.3113855175106437e-06
:	O=0.9999898672103882|NORM_2WORD=4.65384664494195e-06|NORM_1WORD=2.288824589413707e-06|NORM_3PLUS=1.5602340681653004e-06
[	O=0.9999903440475464|NORM_2WORD=4.819001333089545e-06|NORM_1WORD=2.6088680442626355e-06|NORM_3PLUS=1.1069947731812135e-06
official	O=0.9999892711639404|NORM_1WORD=4.341791736806044e-06|NORM_2WORD=3.919288246834185e-06|NORM_3PLUS=1.3047180118519464e-06
]	O=0.9999922513961792|NORM_2WORD=3.738253553819959e-06|NORM_1WORD=1.7962818219530163e-06|NORM_3PLUS=1.0688286238291766e-06
140529	O=0.9999897480010986|NORM_2WORD=4.13580346503295e-06|NORM_1WORD=3.476709025562741e-06|NORM_3PLUS=1.4530238559018471e-06
smtown	O=0.9999693632125854|NORM_2WORD=1.8751488823909312e-05|NORM_1WORD=8.735092706046999e-06|NORM_3PLUS=1.8521674292060197e-06
update	O=0.9999871253967285|NORM_2WORD=5.151059212948894e-06|NORM_1WORD=5.040788892074488e-06|NORM_3PLUS=1.463588318983966e-06
:	O=0.999991774559021|NORM_2WORD=3.802255150731071e-06|NORM_1WORD=2.4213265987782506e-06|NORM_3PLUS=9.70218252405175e-07
support	O=0.9999871253967285|NORM_1WORD=5.899420102650765e-06|NORM_2WORD=4.7773132791917305e-06|NORM_3PLUS=1.1561209021238028e-06
messages	O=0.9999866485595703|NORM_2WORD=6.9701573011116125e-06|NORM_1WORD=4.4694043026538566e-06|NORM_3PLUS=1.1005056421709014e-06
for	O=0.9999897480010986|NORM_2WORD=4.5417805267788935e-06|NORM_1WORD=4.086314220330678e-06|NORM_3PLUS=9.381132031194284e-07
exo	O=0.9999815225601196|NORM_2WORD=9.078389666683506e-06|NORM_1WORD=6.8024546635570005e-06|NORM_3PLUS=1.6877703501450014e-06
http://t.co/davgtibggw	O=0.9999856948852539|NORM_2WORD=7.486684808100108e-06|NORM_1WORD=5.384831183619099e-06|NORM_3PLUS=9.558076499160961e-07

seeing	O=0.9999594688415527|NORM_1WORD=2.4255648895632476e-05|NORM_2WORD=1.0619026397762354e-05|NORM_3PLUS=3.0967148632043973e-06
oll	NORM_1WORD=0.5502703189849854|O=0.44619637727737427|NORM_2WORD=0.0031810076907277107|NORM_3PLUS=0.0003112236736342311
dogg	O=0.9998887777328491|NORM_1WORD=7.43939817766659e-05|NORM_2WORD=3.1474148272536695e-05|NORM_3PLUS=3.3784722290874925e-06
again	O=0.9999755620956421|NORM_1WORD=1.041107316268608e-05|NORM_2WORD=1.0218021998298354e-05|NORM_3PLUS=1.9104304556094576e-06
was	O=0.9999710321426392|NORM_1WORD=1.7391610526829027e-05|NORM_2WORD=7.916507456684485e-06|NORM_3PLUS=2.071470134978881e-06
good'o	O=0.9983160495758057|NORM_2WORD=0.0009783011628314853|NORM_1WORD=0.0005721659981645644|NORM_3PLUS=0.00011932129564229399

rt	O=0.9999823570251465|NORM_2WORD=8.488927960570436e-06|NORM_1WORD=4.117700427741511e-06|NORM_3PLUS=2.4996181764436187e-06
@joeyslastname	O=0.9999885559082031|NORM_2WORD=6.755837148375576e-06|NORM_3PLUS=1.9451317712082528e-06|NORM_1WORD=1.3652953612108831e-06
:	O=0.9999903440475464|NORM_2WORD=3.77806463802699e-06|NORM_1WORD=2.0441648302949034e-06|NORM_3PLUS=1.690701083134627e-06
when	O=0.99998939037323|NORM_2WORD=4.054141754750162e-06|NORM_1WORD=3.3294945751549676e-06|NORM_3PLUS=1.3857575140718836e-06
u	NORM_1WORD=0.9999568462371826|O=1.6848331142682582e-05|NORM_3PLUS=1.419761247234419e-05|NORM_2WORD=6.249795205803821e-06
see	O=0.9999896287918091|NORM_1WORD=4.019720108772162e-06|NORM_2WORD=3.853327143588103e-06|NORM_3PLUS=1.466780645387189e-06
bae	O=0.9999817609786987|NORM_1WORD=8.094611985143274e-06|NORM_2WORD=6.7134083110431675e-06|NORM_3PLUS=2.3106499611458275e-06
talkin	NORM_1WORD=0.9999244213104248|O=3.172013384755701e-05|NORM_3PLUS=2.045603105216287e-05|NORM_2WORD=1.1737324712157715e-05
to	O=0.9999877214431763|NORM_2WORD=6.3176389630825724e-06|NORM_1WORD=3.099405375905917e-06|NORM_3PLUS=1.3994169876241358e-06
other	O=0.9999872446060181|NORM_2WORD=6.624652996833902e-06|NORM_1WORD=2.9290354177646805e-06|NORM_3PLUS=1.246438841917552e-06
guys	O=0.9999839067459106|NORM_1WORD=6.241607025003759e-06|NORM_2WORD=6.1304058363020886e-06|NORM_3PLUS=1.744413452797744e-06
on	O=0.9999880790710449|NORM_2WORD=6.606816441490082e-06|NORM_1WORD=2.336742909392342e-06|NORM_3PLUS=1.6377285874114023e-06
twitter	O=0.9999759197235107|NORM_2WORD=1.0375849342381116e-05|NORM_1WORD=9.819413207878824e-06|NORM_3PLUS=2.152741672034608e-06
http://t.co/jrud5jvj4d	O=0.9999884366989136|NORM_2WORD=6.419837973226095e-06|NORM_1WORD=2.1860903416381916e-06|NORM_3PLUS=1.7603947526367847e-06

u	NORM_1WORD=0.999955415725708|NORM_3PLUS=1.737295497150626e-05|O=1.2996587429370265e-05|NORM_2WORD=8.241445357271004e-06
have	O=0.9999858140945435|NORM_2WORD=6.065321031201165e-06|NORM_1WORD=5.597875770035898e-06|NORM_3PLUS=1.2912433930978295e-06
a	O=0.9999750852584839|NORM_2WORD=1.755025004968047e-05|NORM_1WORD=4.688158242061036e-06|NORM_3PLUS=1.7915530179379857e-06
very	O=0.9999858140945435|NORM_2WORD=6.023339210514678e-06|NORM_1WORD=4.87715124108945e-06|NORM_3PLUS=1.4240433756640414e-06
sexy	O=0.9999837875366211|NORM_2WORD=6.942406798771117e-06|NORM_1WORD=6.640854735451285e-06|NORM_3PLUS=1.4310477354229079e-06
header	O=0.9987899661064148|NORM_2WORD=0.0009314532508142292|NORM_1WORD=0.0002538431726861745|NORM_3PLUS=2.148185194528196e-05
@jaibrooks1	O=0.9999836683273315|NORM_2WORD=9.06451532500796e-06|NORM_1WORD=3.3625367450440535e-06|NORM_3PLUS=2.3612442419107538e-06
rawr	O=0.9483205080032349|NORM_2WORD=0.04624665901064873|NORM_1WORD=0.004857132211327553|NORM_3PLUS=0.0005373297608457506

im	NORM_1WORD=0.9998847246170044|NORM_3PLUS=7.60694601922296e-05|O=1.6672021956765093e-05|NORM_2WORD=9.741450412548147e-06
going	O=0.9999825954437256|NORM_2WORD=8.13503902463708e-06|NORM_1WORD=5.091636467113858e-06|NORM_3PLUS=2.250696525152307e-06
shopping	O=0.9999669790267944|NORM_1WORD=1.3197945918363985e-05|NORM_2WORD=1.1274481039436068e-05|NORM_3PLUS=3.9452488636015914e-06
with	O=0.9999818801879883|NORM_2WORD=7.878002179495525e-06|NORM_1WORD=4.4028661250195e-06|NORM_3PLUS=2.718973519222345e-06
my	O=0.9999760389328003|NORM_2WORD=9.734687409945764e-06|NORM_1WORD=6.4718674366304185e-06|NORM_3PLUS=3.628831109381281e-06
mum	O=0.9698165059089661|NORM_1WORD=0.029769178479909897|NORM_2WORD=0.00037535608862526715|NORM_3PLUS=2.7459815100883134e-05
tomorrow	O=0.9999655485153198|NORM_1WORD=1.2996421901334543e-05|NORM_2WORD=1.1687875485222321e-05|NORM_3PLUS=4.381215148896445e-06
ee	O=0.9999372959136963|NORM_1WORD=5.077119203633629e-05|NORM_2WORD=7.977818313520402e-06|NORM_3PLUS=3.0063170015637297e-06

"	O=0.9999842643737793|NORM_1WORD=7.051219654385932e-06|NORM_2WORD=4.724728569271974e-06|NORM_3PLUS=2.1720436507166596e-06
grammies	O=0.999944806098938|NORM_2WORD=2.766223951766733e-05|NORM_1WORD=2.4733733880566433e-05|NORM_3PLUS=2.053246589639457e-06
droppin	NORM_1WORD=0.9998108744621277|O=8.465771679766476e-05|NORM_3PLUS=3.6518842534860596e-05|NORM_2WORD=3.6250548873795196e-05
off	O=0.9999796152114868|NORM_1WORD=1.086155589291593e-05|NORM_2WORD=6.617940925934818e-06|NORM_3PLUS=1.5198373830571654e-06
the	O=0.9999841451644897|NORM_2WORD=8.526826604793314e-06|NORM_1WORD=4.153392637817888e-06|NORM_3PLUS=1.6935503026616061e-06
mantle	O=0.9999784231185913|NORM_1WORD=1.2024167517665774e-05|NORM_2WORD=7.170310254878132e-06|NORM_3PLUS=1.2611636748260935e-06
thats	NORM_1WORD=0.9999376535415649|O=2.4881013814592734e-05|NORM_2WORD=1.5837551472941414e-05|NORM_3PLUS=1.1936641385545954e-05
what	O=0.9999808073043823|NORM_1WORD=7.775667654641438e-06|NORM_2WORD=7.352557531703496e-06|NORM_3PLUS=1.760819714036188e-06
i	O=0.9999759197235107|NORM_1WORD=8.778911251283716e-06|NORM_2WORD=8.037548468564637e-06|NORM_3PLUS=3.6552833080349956e-06
dream	O=0.9999710321426392|NORM_1WORD=1.6865691577550024e-05|NORM_2WORD=8.307940333907027e-06|NORM_3PLUS=1.7042049194060382e-06
about	O=0.9999852180480957|NORM_2WORD=5.855754807271296e-06|NORM_1WORD=5.4824536164232995e-06|NORM_3PLUS=1.8281895108884783e-06
told	O=0.9999558925628662|NORM_1WORD=2.4065448087640107e-05|NORM_2WORD=1.2207307008793578e-05|NORM_3PLUS=3.2617219858366298e-06
you	O=0.999987006187439|NORM_1WORD=6.305151146079879e-06|NORM_2WORD=4.554094175546197e-06|NORM_3PLUS=1.0938574632746167e-06
it	O=0.9999781847000122|NORM_1WORD=1.2847768630308565e-05|NORM_2WORD=5.866188530490035e-06|NORM_3PLUS=1.4707643458677921e-06
was	O=0.999961256980896|NORM_1WORD=2.5308720069006085e-05|NORM_2WORD=9.49983314058045e-06|NORM_3PLUS=2.4255330117739504e-06
comin	NORM_1WORD=0.9999514818191528|O=2.0610264982678927e-05|NORM_3PLUS=1.1482962690934073e-05|NORM_2WORD=9.747974218043964e-06
i	O=0.9999685287475586|NORM_1WORD=1.5062993043102324e-05|NORM_2WORD=8.34564707474783e-06|NORM_3PLUS=3.944190211768728e-06
just	O=0.9999792575836182|NORM_1WORD=9.276229320676066e-06|NORM_2WORD=6.6771563069778495e-06|NORM_3PLUS=2.243647031718865e-06
really	O=0.9999823570251465|NORM_1WORD=8.74404031492304e-06|NORM_2WORD=5.9979020079481415e-06|NORM_3PLUS=1.3003810863665421e-06
had	O=0.9999698400497437|NORM_1WORD=1.6330113794538192e-05|NORM_2WORD=9.34743457037257e-06|NORM_3PLUS=2.1501866740436526e-06
to	O=0.999982476234436|NORM_2WORD=7.778684448567219e-06|NORM_1WORD=6.783143362554256e-06|NORM_3PLUS=1.7059317087841919e-06
feel	O=0.9999665021896362|NORM_1WORD=2.0711102479253896e-05|NORM_2WORD=8.606978553871159e-06|NORM_3PLUS=2.0429235974006588e-06
it	O=0.9999761581420898|NORM_1WORD=1.2594103282026481e-05|NORM_2WORD=7.736914994893596e-06|NORM_3PLUS=1.6969316902759601e-06
out	O=0.9999804496765137|NORM_1WORD=1.1736548913177103e-05|NORM_2WORD=5.7406487030675635e-06|NORM_3PLUS=1.1948171732001356e-06
"	O=0.9999864101409912|NORM_1WORD=6.008208401908632e-06|NORM_2WORD=4.0239651752926875e-06|NORM_3PLUS=1.8302117723578704e-06
#falconcity	O=0.9999878406524658|NORM_2WORD=5.816342309117317e-06|NORM_1WORD=4.085203727299813e-06|NORM_3PLUS=9.550169579597423e-07
#fccb	O=0.9999911785125732|NORM_2WORD=4.043241460749414e-06|NORM_1WORD=3.0152912131597986e-06|NORM_3PLUS=8.708620384823007e-07
#getdown	O=0.9999845027923584|NORM_2WORD=7.251728675328195e-06|NORM_1WORD=6.011435289110523e-06|NORM_3PLUS=1.2371791626719641e-06

@kapalik1	O=0.9999850988388062|NORM_2WORD=6.645070243394002e-06|NORM_1WORD=2.864528141799383e-06|NORM_3PLUS=2.6991610866389237e-06
i	O=0.9999569654464722|NORM_1WORD=3.4271426557097584e-05|NORM_2WORD=4.729120519186836e-06|NORM_3PLUS=2.122542355209589e-06
suspect	O=0.9998304843902588|NORM_1WORD=0.00014312186976894736|NORM_2WORD=1.3527490409614984e-05|NORM_3PLUS=6.394421234290348e-06
congis	O=0.9998875856399536|NORM_1WORD=8.658604201627895e-05|NORM_2WORD=1.7274436686420813e-05|NORM_3PLUS=4.099640136701055e-06
were	O=0.9999442100524902|NORM_1WORD=3.9249935070984066e-05|NORM_2WORD=8.719533980183769e-06|NORM_3PLUS=4.38743518316187e-06
to	O=0.999971866607666|NORM_1WORD=1.776277531462256e-05|NORM_2WORD=5.832869646837935e-06|NORM_3PLUS=2.4655939796502935e-06
british	O=0.9999442100524902|NORM_1WORD=4.6422403102042153e-05|NORM_2WORD=6.723362730554072e-06|NORM_3PLUS=1.5307600733649451e-06
what	O=0.9999778270721436|NORM_1WORD=1.4673375517304521e-05|NORM_2WORD=4.743546924146358e-06|NORM_3PLUS=1.3175960020817001e-06
kejriwal	O=0.999981164932251|NORM_1WORD=1.0492576620890759e-05|NORM_2WORD=5.452948698803084e-06|NORM_3PLUS=1.7126585589721799e-06
is	O=0.9999178647994995|NORM_1WORD=5.8058692957274616e-05|NORM_2WORD=1.3725830285693519e-05|NORM_3PLUS=5.464326932269614e-06
to	O=0.9999719858169556|NORM_1WORD=2.078484249068424e-05|NORM_2WORD=3.935070708394051e-06|NORM_3PLUS=1.823740717554756e-06
congis	O=0.99983811378479|NORM_1WORD=0.00013173818297218531|NORM_2WORD=1.9815217456198297e-05|NORM_3PLUS=5.190279807720799e-06
now	O=0.9999589920043945|NORM_1WORD=2.758057598839514e-05|NORM_2WORD=7.372372692771023e-06|NORM_3PLUS=2.8064846446795855e-06
...	O=0.9999481439590454|NORM_1WORD=2.7036820029024966e-05|NORM_2WORD=1.0469880180608016e-05|NORM_3PLUS=5.9060239436803386e-06
an	O=0.9999631643295288|NORM_1WORD=1.873399924079422e-05|NORM_2WORD=1.1185429684701376e-05|NORM_3PLUS=3.428983063713531e-06
offshoot	O=0.9999560117721558|NORM_1WORD=2.6670004444895312e-05|NORM_2WORD=1.4276241927291267e-05|NORM_3PLUS=2.013469384110067e-06
to	O=0.9999786615371704|NORM_1WORD=1.0266013305226807e-05|NORM_2WORD=6.935039891686756e-06|NORM_3PLUS=2.0653235424106242e-06
fool	O=0.9999507665634155|NORM_1WORD=3.375414235051721e-05|NORM_2WORD=8.23895516077755e-06|NORM_3PLUS=3.642768206191249e-06
people	O=0.9999834299087524|NORM_1WORD=8.304914445034228e-06|NORM_2WORD=4.974708190275123e-06|NORM_3PLUS=1.575423993926961e-06
@missmumbai1	O=0.9999879598617554|NORM_2WORD=5.4926108532527e-06|NORM_1WORD=2.642903609739733e-06|NORM_3PLUS=1.972527570615057e-06
@kanchangupta	O=0.9999884366989136|NORM_2WORD=6.502218639070634e-06|NORM_1WORD=2.2479662220575847e-06|NORM_3PLUS=1.609798687240982e-06
@ram_guha	O=0.9999885559082031|NORM_2WORD=5.373770818550838e-06|NORM_1WORD=3.843189915642142e-06|NORM_3PLUS=1.2076560551577131e-06

@talal33l	O=0.9999804496765137|NORM_2WORD=1.3482339454640169e-05|NORM_3PLUS=2.607409442134667e-06|NORM_1WORD=2.0547811345750233e-06
follow	O=0.9999743700027466|NORM_2WORD=1.159122803073842e-05|NORM_1WORD=1.0117050806002226e-05|NORM_3PLUS=2.2011236069374718e-06
for	O=0.9999781847000122|NORM_2WORD=1.317429996561259e-05|NORM_1WORD=5.655544555338565e-06|NORM_3PLUS=1.6804955293991952e-06
follow	O=0.9999681711196899|NORM_2WORD=1.5570498362649232e-05|NORM_1WORD=1.1871909009641968e-05|NORM_3PLUS=2.4973023755592294e-06
,	O=0.9999622106552124|NORM_2WORD=2.172454696847126e-05|NORM_1WORD=7.58796022637398e-06|NORM_3PLUS=5.598934876616113e-06
directioners	O=0.9996888637542725|NORM_2WORD=0.00019856210565194488|NORM_1WORD=0.00010227537131868303|NORM_3PLUS=7.917322363937274e-06
!	O=0.9999815225601196|NORM_2WORD=9.740247151057702e-06|NORM_3PLUS=2.787342737065046e-06|NORM_1WORD=2.7427713575889356e-06
ask	O=0.9999816417694092|NORM_2WORD=9.763881280377973e-06|NORM_1WORD=6.085307632019976e-06|NORM_3PLUS=1.502291411270562e-06
for	O=0.9999734163284302|NORM_2WORD=1.8904187527368777e-05|NORM_1WORD=4.272103524272097e-06|NORM_3PLUS=2.0394668354128953e-06
a	O=0.9997908473014832|NORM_2WORD=0.0001792569673852995|NORM_1WORD=1.4765320884180255e-05|NORM_3PLUS=1.123234960687114e-05
followback	NORM_2WORD=0.9976873397827148|NORM_1WORD=0.001445117755793035|O=0.0004101298109162599|NORM_3PLUS=0.0004094623145647347
.	O=0.9999598264694214|NORM_2WORD=2.5220546376658604e-05|NORM_3PLUS=6.655690867773956e-06|NORM_1WORD=5.256946678855456e-06
:)	O=0.9999815225601196|NORM_2WORD=9.027503438119311e-06|NORM_3PLUS=3.5952928101323778e-06|NORM_1WORD=3.0990963750809897e-06
#directionersfollowspree	O=0.9999810457229614|NORM_2WORD=1.2261729352758266e-05|NORM_1WORD=3.128776597804972e-06|NORM_3PLUS=2.5145318431896158e-06
please	O=0.9999814033508301|NORM_2WORD=8.883772352419328e-06|NORM_1WORD=6.0911820582987275e-06|NORM_3PLUS=2.270662207592977e-06
rt	NORM_1WORD=0.9624489545822144|O=0.03231991454958916|NORM_2WORD=0.004467444494366646|NORM_3PLUS=0.0005846314015798271
.	O=0.9999591112136841|NORM_2WORD=2.28246244660113e-05|NORM_3PLUS=9.67746655078372e-06|NORM_1WORD=4.991795321984682e-06
#t4a	O=0.9999864101409912|NORM_2WORD=7.719866516708862e-06|NORM_1WORD=2.3949951355461963e-06|NORM_3PLUS=2.2602082481171237e-06
#090b	O=0.9999843835830688|NORM_2WORD=7.395989541691961e-06|NORM_1WORD=4.004856691608438e-06|NORM_3PLUS=2.4968310299300356e-06

abo	O=0.9999841451644897|NORM_1WORD=6.079631930333562e-06|NORM_2WORD=5.182880613574525e-06|NORM_3PLUS=2.5859562811092474e-06
o	O=0.9999854564666748|NORM_2WORD=6.308112460828852e-06|NORM_1WORD=4.5121573748474475e-06|NORM_3PLUS=2.3312545636144932e-06
gainile	O=0.9999692440032959|NORM_2WORD=1.741908272379078e-05|NORM_1WORD=1.0035761079052463e-05|NORM_3PLUS=2.624997250677552e-06
gape	O=0.9999912977218628|NORM_2WORD=4.567457835946698e-06|NORM_1WORD=2.1696428120776545e-06|NORM_3PLUS=1.1708497140716645e-06
kitso	O=0.9999823570251465|NORM_2WORD=7.567603461211547e-06|NORM_1WORD=6.797531113988953e-06|NORM_3PLUS=1.6922393797358382e-06
akere	O=0.9999874830245972|NORM_1WORD=4.99425141242682e-06|NORM_2WORD=4.357280431577237e-06|NORM_3PLUS=2.084762627418968e-06
rt	O=0.9994326233863831|NORM_1WORD=0.0004924066015519202|NORM_2WORD=6.540320464409888e-05|NORM_3PLUS=6.816750101279467e-06
"	O=0.9999896287918091|NORM_2WORD=4.566844836517703e-06|NORM_1WORD=2.458321660014917e-06|NORM_3PLUS=1.5743357835162897e-06
@suna_baby	O=0.9999876022338867|NORM_2WORD=5.7560450841265265e-06|NORM_1WORD=3.100294861724251e-06|NORM_3PLUS=1.7547247352922568e-06
:	O=0.9999901056289673|NORM_2WORD=3.929231752408668e-06|NORM_1WORD=2.619110546220327e-06|NORM_3PLUS=1.4887463066770579e-06
yessssiiiirrrrr	NORM_1WORD=0.9572349786758423|O=0.0423935130238533|NORM_2WORD=0.0003238320641685277|NORM_3PLUS=3.10333889501635e-05
!	O=0.9999880790710449|NORM_2WORD=4.172895387455355e-06|NORM_1WORD=3.507545443426352e-06|NORM_3PLUS=1.6110114984257962e-06
rt	O=0.9999790191650391|NORM_1WORD=1.3110416148265358e-05|NORM_2WORD=6.10470578976674e-06|NORM_3PLUS=9.64617697718495e-07
@jozi00915	O=0.9999828338623047|NORM_2WORD=6.969173682591645e-06|NORM_1WORD=3.867939540214138e-06|NORM_3PLUS=3.21017182614014e-06
:	O=0.9999901056289673|NORM_2WORD=3.74366095456935e-06|NORM_1WORD=2.9222276225482346e-06|NORM_3PLUS=1.4278396065492416e-06
me	O=0.9999920129776001|NORM_2WORD=2.932392135335249e-06|NORM_1WORD=2.5918973278749036e-06|NORM_3PLUS=1.155325321633427e-06
and	O=0.999990701675415|NORM_2WORD=3.848076175927417e-06|NORM_1WORD=2.705451606743736e-06|NORM_3PLUS=1.3843922488376847e-06
suna_baby	O=0.9999886751174927|NORM_2WORD=4.858201918978011e-06|NORM_1WORD=2.955530590043054e-06|NORM_3PLUS=1.7392987956554862e-06
..	O=0.999987006187439|NORM_2WORD=5.141581823409069e-06|NORM_1WORD=3.3482638173154555e-06|NORM_3PLUS=2.0911036244797288e-06
#weddingvibez	O=0.9999902248382568|NORM_2WORD=4.594661731971428e-06|NORM_1WORD=2.266686351504177e-06|NORM_3PLUS=1.7660833009358612e-06
http://t.co/dxwxoyry5c	O=0.999987006187439|NORM_2WORD=6.929319624759955e-06|NORM_1WORD=2.258020458612009e-06|NORM_3PLUS=2.228238827228779e-06
"	O=0.9999902248382568|NORM_2WORD=3.7207396417215932e-06|NORM_1WORD=2.5359665869473247e-06|NORM_3PLUS=1.5976459053490544e-06

@ohsayhuns	O=0.9999592304229736|NORM_2WORD=3.140553963021375e-05|NORM_3PLUS=3.680607278511161e-06|NORM_1WORD=3.4672591482376447e-06
like	O=0.999983549118042|NORM_2WORD=7.430058303725673e-06|NORM_1WORD=4.865934442932485e-06|NORM_3PLUS=2.351459670535405e-06
srlsy	O=0.9944592714309692|NORM_1WORD=0.004262395668774843|NORM_2WORD=0.0012082321336492896|NORM_3PLUS=5.972348299110308e-05
nada	O=0.9999866485595703|NORM_1WORD=6.543998551933328e-06|NORM_2WORD=4.3467098294058815e-06|NORM_3PLUS=1.3724766176892444e-06
im	NORM_1WORD=0.9999014139175415|O=4.924764289171435e-05|NORM_3PLUS=3.2941843528533354e-05|NORM_2WORD=9.648415471019689e-06
so	O=0.9999696016311646|NORM_1WORD=1.5992141925380565e-05|NORM_2WORD=1.025528308673529e-05|NORM_3PLUS=1.8963728507515043e-06
mad	O=0.9999759197235107|NORM_1WORD=1.272660847462248e-05|NORM_2WORD=7.768380783090834e-06|NORM_3PLUS=1.7690905451672734e-06
http://t.co/1wlf8mr6ro	O=0.9999821186065674|NORM_2WORD=1.0110165931109805e-05|NORM_1WORD=3.919140908692498e-06|NORM_3PLUS=2.420797954982845e-06

i	O=0.9999732971191406|NORM_1WORD=1.6233883798122406e-05|NORM_2WORD=5.109440735395765e-06|NORM_3PLUS=2.9238537990750046e-06
had	O=0.9999703168869019|NORM_1WORD=1.6402340406784788e-05|NORM_2WORD=7.516681762353983e-06|NORM_3PLUS=3.039013108718791e-06
to	O=0.999976396560669|NORM_2WORD=9.454732207814232e-06|NORM_1WORD=8.653185432194732e-06|NORM_3PLUS=3.230004494980676e-06
be	O=0.999985933303833|NORM_1WORD=7.2648485911486205e-06|NORM_2WORD=3.734687652467983e-06|NORM_3PLUS=1.8078482071359758e-06
informed	O=0.9999561309814453|NORM_1WORD=3.220175494789146e-05|NORM_2WORD=8.192099812731612e-06|NORM_3PLUS=1.8508434322939138e-06
n	NORM_1WORD=0.9999245405197144|O=3.264630868216045e-05|NORM_3PLUS=2.2349237042362802e-05|NORM_2WORD=9.77986474026693e-06
told	O=0.9999568462371826|NORM_1WORD=3.185512832715176e-05|NORM_2WORD=6.0005013438058086e-06|NORM_3PLUS=2.466954128976795e-06
face	O=0.9999765157699585|NORM_1WORD=1.4238801668398082e-05|NORM_2WORD=6.12303983871243e-06|NORM_3PLUS=1.6088832808236475e-06
to	O=0.9999788999557495|NORM_1WORD=1.2321144822635688e-05|NORM_2WORD=5.113169208925683e-06|NORM_3PLUS=2.017565520873177e-06
face	O=0.999984860420227|NORM_1WORD=8.265931683126837e-06|NORM_2WORD=4.474829438549932e-06|NORM_3PLUS=1.3238374094726169e-06
i	O=0.9999666213989258|NORM_1WORD=2.2346361220115796e-05|NORM_2WORD=5.097920166008407e-06|NORM_3PLUS=2.9761720270471415e-06
didnt	NORM_1WORD=0.9999444484710693|O=2.141476761607919e-05|NORM_3PLUS=1.3819570995110553e-05|NORM_2WORD=1.1325121704430785e-05
undestanrd	NORM_1WORD=0.9999058246612549|O=6.928918446647003e-05|NORM_2WORD=1.299708219448803e-05|NORM_3PLUS=8.014673767320346e-06
but	O=0.9999830722808838|NORM_1WORD=8.66340815264266e-06|NORM_2WORD=4.940363396599423e-06|NORM_3PLUS=1.7888016827782849e-06
now	O=0.9999741315841675|NORM_1WORD=1.3538869097828865e-05|NORM_2WORD=6.9475790951400995e-06|NORM_3PLUS=2.4904463771235896e-06
life	O=0.9999840259552002|NORM_1WORD=8.836587767291348e-06|NORM_2WORD=4.250804977345979e-06|NORM_3PLUS=1.3798000964015955e-06
has	O=0.9999593496322632|NORM_1WORD=2.3505723220296204e-05|NORM_2WORD=9.390061677549966e-06|NORM_3PLUS=3.577970346668735e-06
meaning	O=0.9999239444732666|NORM_1WORD=4.765665653394535e-05|NORM_2WORD=1.6564541510888375e-05|NORM_3PLUS=5.761659394920571e-06

rt	O=0.9999691247940063|NORM_2WORD=1.4779463526792824e-05|NORM_1WORD=8.091668860288337e-06|NORM_3PLUS=4.369696853245841e-06
@larryyys	O=0.9999613761901855|NORM_2WORD=2.1607207600027323e-05|NORM_1WORD=1.0594517334538978e-05|NORM_3PLUS=4.861526576860342e-06
:	O=0.9999858140945435|NORM_2WORD=5.880308890482411e-06|NORM_1WORD=3.868662588502048e-06|NORM_3PLUS=2.145241751350113e-06
remember	O=0.9999693632125854|NORM_1WORD=1.4131207535683643e-05|NORM_2WORD=1.0095922334585339e-05|NORM_3PLUS=3.500562570479815e-06
the	O=0.999956488609314|NORM_2WORD=2.5756620743777603e-05|NORM_1WORD=1.0974023098242469e-05|NORM_3PLUS=3.7528432130784495e-06
last	O=0.9999715089797974|NORM_2WORD=1.5118343981157523e-05|NORM_1WORD=7.859527613618411e-06|NORM_3PLUS=3.012949491676409e-06
time	O=0.9999593496322632|NORM_2WORD=1.9250901459599845e-05|NORM_1WORD=1.2478176358854398e-05|NORM_3PLUS=4.484776582103223e-06
niall	O=0.9999593496322632|NORM_2WORD=1.878647344710771e-05|NORM_1WORD=1.4883364201523364e-05|NORM_3PLUS=4.540914687822806e-06
performed	O=0.9999653100967407|NORM_1WORD=1.7562517314217985e-05|NORM_2WORD=1.31682518258458e-05|NORM_3PLUS=2.3546774627902778e-06
at	O=0.9999816417694092|NORM_2WORD=8.963053915067576e-06|NORM_1WORD=7.016266863502096e-06|NORM_3PLUS=1.4941614381314139e-06
home	O=0.9999798536300659|NORM_2WORD=1.0788652616611216e-05|NORM_1WORD=6.019812190061202e-06|NORM_3PLUS=2.2051278847357025e-06
n	NORM_1WORD=0.9999291896820068|O=3.828288390650414e-05|NORM_3PLUS=1.3842338375980034e-05|NORM_2WORD=1.0915210623352323e-05
his	O=0.9999599456787109|NORM_2WORD=1.622958188818302e-05|NORM_1WORD=1.2069820513715968e-05|NORM_3PLUS=6.549424142576754e-06
friends	O=0.9999659061431885|NORM_1WORD=1.4128100701782387e-05|NORM_2WORD=1.3103406672598794e-05|NORM_3PLUS=3.933174411940854e-06
just	O=0.9999837875366211|NORM_2WORD=6.607574960071361e-06|NORM_1WORD=6.599061634915415e-06|NORM_3PLUS=1.7731041452861973e-06
http://t.co/bf60ouiawk	O=0.9999847412109375|NORM_2WORD=8.570864338253159e-06|NORM_1WORD=4.535870630206773e-06|NORM_3PLUS=1.3664480320585426e-06

#dreadlockrasta	O=0.9999779462814331|NORM_2WORD=1.4921644833520986e-05|NORM_1WORD=3.0439646252489183e-06|NORM_3PLUS=2.3933971533551812e-06
with	O=0.9999866485595703|NORM_2WORD=6.199900781211909e-06|NORM_1WORD=4.344397439126624e-06|NORM_3PLUS=1.4458618124990608e-06
no	O=0.9999836683273315|NORM_1WORD=6.992453563725576e-06|NORM_2WORD=5.718466582038673e-06|NORM_3PLUS=1.9908811736968346e-06
trees	O=0.9999594688415527|NORM_1WORD=2.463811142661143e-05|NORM_2WORD=1.2610911653609946e-05|NORM_3PLUS=2.0595407477230765e-06
lol	O=0.9999804496765137|NORM_1WORD=1.1224456102354452e-05|NORM_2WORD=4.795878794539021e-06|NORM_3PLUS=1.4074453247303609e-06
dats	NORM_1WORD=0.99991774559021|O=4.882317807641812e-05|NORM_2WORD=2.2244383217184804e-05|NORM_3PLUS=6.250194019230548e-06
unique	O=0.9999721050262451|NORM_1WORD=1.6309513739543036e-05|NORM_2WORD=9.06673631106969e-06|NORM_3PLUS=1.379503373755142e-06
...	O=0.9999698400497437|NORM_2WORD=1.39868816404487e-05|NORM_1WORD=9.221921573043801e-06|NORM_3PLUS=3.1442450563190505e-06

juss	NORM_1WORD=0.999107301235199|NORM_2WORD=0.0004487860423978418|O=0.0004034795274492353|NORM_3PLUS=3.364879376022145e-05
hold	O=0.9999562501907349|NORM_1WORD=2.63475831161486e-05|NORM_2WORD=9.192382094624918e-06|NORM_3PLUS=3.946448032365879e-06
on	O=0.9999786615371704|NORM_1WORD=9.522303116682451e-06|NORM_2WORD=7.094923603290226e-06|NORM_3PLUS=2.8322172056505224e-06
we	O=0.9999825954437256|NORM_1WORD=7.946136065584142e-06|NORM_2WORD=5.102418072056025e-06|NORM_3PLUS=2.788536903608474e-06
goin	NORM_1WORD=0.9999392032623291|O=2.3512648112955503e-05|NORM_3PLUS=1.7292950360570103e-05|NORM_2WORD=8.576460459153168e-06
home	O=0.9999873638153076|NORM_2WORD=6.9847087615926284e-06|NORM_1WORD=3.1217002742778277e-06|NORM_3PLUS=1.4911264543115976e-06
http://t.co/jvkdk1awuu	O=0.9999862909317017|NORM_2WORD=6.647227564826608e-06|NORM_1WORD=4.8141814659175e-06|NORM_3PLUS=1.455300207453547e-06

@zach_13inman	O=0.9999855756759644|NORM_2WORD=9.29864381760126e-06|NORM_1WORD=2.2532094590133056e-06|NORM_3PLUS=1.6023335547288298e-06
lol	O=0.9999853372573853|NORM_1WORD=6.7168330133426934e-06|NORM_2WORD=4.305920356273418e-06|NORM_3PLUS=1.386972257932939e-06
u	NORM_1WORD=0.9999575614929199|O=1.7108217434724793e-05|NORM_3PLUS=1.3669236977875698e-05|NORM_2WORD=7.4703211794258095e-06
have	O=0.9999889135360718|NORM_2WORD=5.796541699965019e-06|NORM_1WORD=3.224129613954574e-06|NORM_3PLUS=9.220256060871179e-07
one	O=0.9999858140945435|NORM_2WORD=7.084035132720601e-06|NORM_1WORD=5.435813818621682e-06|NORM_3PLUS=8.508462769896141e-07
too	O=0.999950647354126|NORM_1WORD=3.763693894143216e-05|NORM_2WORD=8.544342563254759e-06|NORM_3PLUS=1.8819349634213722e-06
?	O=0.999984622001648|NORM_2WORD=7.128939614631236e-06|NORM_1WORD=3.7477520891116e-06|NORM_3PLUS=1.9671670088428073e-06

i	O=0.9999735355377197|NORM_1WORD=1.3866207154933363e-05|NORM_2WORD=6.063280125090387e-06|NORM_3PLUS=3.913825366907986e-06
give	O=0.9999768733978271|NORM_2WORD=9.044100806931965e-06|NORM_1WORD=6.266481705097249e-06|NORM_3PLUS=4.118255674256943e-06
no	O=0.9999818801879883|NORM_2WORD=6.541215952893253e-06|NORM_1WORD=6.206195394042879e-06|NORM_3PLUS=3.091818143730052e-06
fucks	O=0.7849859595298767|NORM_1WORD=0.21133609116077423|NORM_2WORD=0.00354679673910141|NORM_3PLUS=9.059584408532828e-05
wat	NORM_1WORD=0.9999231100082397|O=4.2319945350755006e-05|NORM_3PLUS=1.556581810291391e-05|NORM_2WORD=1.2983977285330184e-05
someone	O=0.9999740123748779|NORM_1WORD=1.08860613181605e-05|NORM_2WORD=6.321862201730255e-06|NORM_3PLUS=4.1426146708545275e-06
has	O=0.9999524354934692|NORM_1WORD=1.9067194443778135e-05|NORM_2WORD=1.592660555616021e-05|NORM_3PLUS=5.795882316306233e-06
to	O=0.9999669790267944|NORM_2WORD=1.8200958948000334e-05|NORM_1WORD=6.7559485614765435e-06|NORM_3PLUS=4.892176093562739e-06
say	O=0.999975323677063|NORM_2WORD=8.976272511063144e-06|NORM_1WORD=8.846232049108949e-06|NORM_3PLUS=3.857294359477237e-06
about	O=0.9999850988388062|NORM_2WORD=5.41578583579394e-06|NORM_1WORD=4.539728251984343e-06|NORM_3PLUS=2.8045778890373185e-06
another	O=0.9999819993972778|NORM_2WORD=6.960692189750262e-06|NORM_1WORD=5.2862369557260536e-06|NORM_3PLUS=2.6493532914173556e-06
mf	NORM_2WORD=0.998552143573761|O=0.000734233355615288|NORM_1WORD=0.0003797610697802156|NORM_3PLUS=0.00030967657221481204
cuz	NORM_1WORD=0.9999513626098633|O=1.768408765201457e-05|NORM_3PLUS=1.491874354542233e-05|NORM_2WORD=1.0524061508476734e-05
alot	NORM_2WORD=0.9653478264808655|NORM_1WORD=0.024076446890830994|NORM_3PLUS=0.007897742092609406|O=0.0025156158953905106
ya	NORM_1WORD=0.9993133544921875|O=0.0006344293360598385|NORM_2WORD=3.1193594622891396e-05|NORM_3PLUS=1.8645634554559365e-05
got	O=0.9999699592590332|NORM_1WORD=1.65970268426463e-05|NORM_2WORD=8.056117621890735e-06|NORM_3PLUS=2.9829193408659194e-06
bad	O=0.9999871253967285|NORM_1WORD=4.882966095465235e-06|NORM_2WORD=4.688666194851976e-06|NORM_3PLUS=1.673255042078381e-06
blood	O=0.9999598264694214|NORM_1WORD=2.6787003662320785e-05|NORM_2WORD=8.756770512263756e-06|NORM_3PLUS=2.665671672730241e-06
..	O=0.9999797344207764|NORM_1WORD=6.9645016083086375e-06|NORM_2WORD=5.548746685235528e-06|NORM_3PLUS=3.360558366694022e-06
str8	NORM_1WORD=0.9877277612686157|O=0.00761852553114295|NORM_2WORD=0.004338521044701338|NORM_3PLUS=0.00028067739913240075
hate	O=0.9998812675476074|NORM_1WORD=8.443443948635831e-05|NORM_2WORD=2.6461035304237157e-05|NORM_3PLUS=5.643251824949402e-06
runnin	NORM_1WORD=0.9999464750289917|O=2.9166501917643473e-05|NORM_3PLUS=1.0789084626594558e-05|NORM_2WORD=9.005166248243768e-06
thru	NORM_1WORD=0.9995875954627991|O=0.0002610671508591622|NORM_2WORD=0.00010026168456533924|NORM_3PLUS=4.775603156303987e-05
ya	NORM_1WORD=0.9986743927001953|O=0.0012598879402503371|NORM_2WORD=4.0525130316382274e-05|NORM_3PLUS=2.2978425477049313e-05

@harry_styles	O=0.999985933303833|NORM_2WORD=9.78804200713057e-06|NORM_1WORD=1.943811867022305e-06|NORM_3PLUS=1.5744727761557442e-06
heey	O=0.9998563528060913|NORM_1WORD=0.00013342004967853427|NORM_2WORD=7.75308672018582e-06|NORM_3PLUS=1.8671829593586153e-06
harry	O=0.9999532699584961|NORM_1WORD=3.818069671979174e-05|NORM_2WORD=6.924256922502536e-06|NORM_3PLUS=1.0737235243141185e-06
!!!	O=0.9999871253967285|NORM_2WORD=4.164590336586116e-06|NORM_1WORD=4.03476997234975e-06|NORM_3PLUS=2.1198472950345604e-06
follow	O=0.999977707862854|NORM_1WORD=1.1547794201760553e-05|NORM_2WORD=6.561293503182242e-06|NORM_3PLUS=2.0856175524386344e-06
me	O=0.9999895095825195|NORM_2WORD=4.3769978219643235e-06|NORM_1WORD=3.849169388558948e-06|NORM_3PLUS=1.2246003961990937e-06
please	O=0.9999853372573853|NORM_1WORD=7.682394425501116e-06|NORM_2WORD=4.604197783919517e-06|NORM_3PLUS=1.4582509493266116e-06
???	O=0.9999842643737793|NORM_2WORD=5.95646679357742e-06|NORM_1WORD=5.451348897622665e-06|NORM_3PLUS=1.8412599729344947e-06
you	O=0.9999864101409912|NORM_1WORD=8.039979547902476e-06|NORM_2WORD=3.820824076683493e-06|NORM_3PLUS=9.477354296905105e-07
are	O=0.9999659061431885|NORM_1WORD=2.6516579964663833e-05|NORM_2WORD=5.502996373252245e-06|NORM_3PLUS=1.194344122268376e-06
so	O=0.9999749660491943|NORM_1WORD=1.5582400010316633e-05|NORM_2WORD=7.2933626142912544e-06|NORM_3PLUS=9.322594678451424e-07
important	O=0.9999834299087524|NORM_1WORD=8.364353561773896e-06|NORM_2WORD=5.992574187985156e-06|NORM_3PLUS=1.2873204013885697e-06
to	O=0.9999884366989136|NORM_2WORD=4.99759107697173e-06|NORM_1WORD=4.416049250721699e-06|NORM_3PLUS=1.099060114029271e-06
me	O=0.9999898672103882|NORM_2WORD=4.339214683568571e-06|NORM_1WORD=3.338497208460467e-06|NORM_3PLUS=1.4601333759856061e-06
...	O=0.9999696016311646|NORM_1WORD=1.609462378837634e-05|NORM_2WORD=7.65459299145732e-06|NORM_3PLUS=2.8633910460484913e-06
and	O=0.9999843835830688|NORM_2WORD=6.926130026840838e-06|NORM_1WORD=4.966706001141574e-06|NORM_3PLUS=2.3762481760059018e-06
ilysm	O=0.9998239874839783|NORM_2WORD=9.857509576249868e-05|NORM_1WORD=7.041740900604054e-05|NORM_3PLUS=5.37447976967087e-06
!!!	O=0.9999878406524658|NORM_1WORD=4.897407961834688e-06|NORM_2WORD=3.695883151522139e-06|NORM_3PLUS=1.5745823702673079e-06
please	O=0.9999872446060181|NORM_1WORD=6.265005595196271e-06|NORM_2WORD=3.9607893995707855e-06|NORM_3PLUS=1.4826481447016704e-06
notice	O=0.9999731779098511|NORM_1WORD=1.703643829387147e-05|NORM_2WORD=6.911569016665453e-06|NORM_3PLUS=1.7303988215644495e-06
mee	NORM_1WORD=0.9998505115509033|O=0.00011402022209949791|NORM_2WORD=1.6804595361463726e-05|NORM_3PLUS=1.4953474419598933e-05
!!!	O=0.9999849796295166|NORM_1WORD=6.623709850828163e-06|NORM_2WORD=4.421393896336667e-06|NORM_3PLUS=1.8465931361788535e-06
:s	O=0.9999752044677734|NORM_2WORD=1.5548497685813345e-05|NORM_1WORD=6.684112122457009e-06|NORM_3PLUS=1.8134875290343189e-06
x47	O=0.9999825954437256|NORM_1WORD=9.700794180389494e-06|NORM_2WORD=5.9565991250565276e-06|NORM_3PLUS=1.1486984021757962e-06

@joeylocascio	O=0.9999831914901733|NORM_2WORD=9.030152796185575e-06|NORM_1WORD=4.026961505587678e-06|NORM_3PLUS=2.360736516493489e-06
ty	O=0.9999748468399048|NORM_1WORD=1.668197182880249e-05|NORM_2WORD=6.007016054354608e-06|NORM_3PLUS=1.3724315977015067e-06
4	O=0.9998212456703186|NORM_1WORD=0.00014972451026551425|NORM_2WORD=2.0696224964922294e-05|NORM_3PLUS=6.125715117377695e-06
following	O=0.9999731779098511|NORM_1WORD=1.5708299542893656e-05|NORM_2WORD=7.330293101404095e-06|NORM_3PLUS=1.8954901861434337e-06
tattered	O=0.9999722242355347|NORM_2WORD=1.8122384062735364e-05|NORM_1WORD=7.79871243139496e-06|NORM_3PLUS=1.1768757985919365e-06
website	O=0.9999654293060303|NORM_2WORD=2.0389263227116317e-05|NORM_1WORD=9.354178473586217e-06|NORM_3PLUS=3.3889643873408204e-06
http://t.co/p6zwaxdud5	O=0.9999880790710449|NORM_2WORD=5.540464826481184e-06|NORM_1WORD=3.6658534554590005e-06|NORM_3PLUS=1.5681853255955502e-06
#facebook	O=0.9999138116836548|NORM_2WORD=5.4237956646829844e-05|NORM_1WORD=1.8096838175551966e-05|NORM_3PLUS=8.477288247377146e-06
http://t.co/xtpeffmpnq	O=0.9999880790710449|NORM_2WORD=6.746543022018159e-06|NORM_1WORD=2.98835470857739e-06|NORM_3PLUS=1.2997439853279502e-06
#itunes	O=0.9999861717224121|NORM_2WORD=7.434600320266327e-06|NORM_1WORD=3.0537823931808816e-06|NORM_3PLUS=1.7945825447895913e-06
&	O=0.9999874830245972|NORM_2WORD=5.727564712287858e-06|NORM_1WORD=3.4048839552269783e-06|NORM_3PLUS=1.7005199879349675e-06
dwnld	O=0.9998027682304382|NORM_1WORD=0.00013188600132707506|NORM_2WORD=6.0810602008132264e-05|NORM_3PLUS=3.393250835870276e-06
r	NORM_1WORD=0.7316933274269104|O=0.26794901490211487|NORM_2WORD=0.0002563362068030983|NORM_3PLUS=7.640924013685435e-05
free	O=0.999988317489624|NORM_2WORD=5.750194759457372e-06|NORM_1WORD=3.05262733490963e-06|NORM_3PLUS=1.6503613551321905e-06
#android	O=0.9999780654907227|NORM_2WORD=1.2514245099737309e-05|NORM_1WORD=5.138427695783321e-06|NORM_3PLUS=2.663717623363482e-06
app	O=0.9999810457229614|NORM_2WORD=7.411781098198844e-06|NORM_1WORD=7.384313903457951e-06|NORM_3PLUS=2.436979684716789e-06

luke	O=0.9999786615371704|NORM_1WORD=1.3037309145147447e-05|NORM_2WORD=4.796487701241858e-06|NORM_3PLUS=1.8121090761269443e-06
hemmings	O=0.9999862909317017|NORM_2WORD=6.556002063007327e-06|NORM_1WORD=5.180258540349314e-06|NORM_3PLUS=1.1314331231915276e-06
you	O=0.9999849796295166|NORM_2WORD=6.367098649207037e-06|NORM_1WORD=5.677712579199579e-06|NORM_3PLUS=1.745580220813281e-06
follow	O=0.9999616146087646|NORM_1WORD=2.654621857800521e-05|NORM_2WORD=6.622316959692398e-06|NORM_3PLUS=2.1068983642180683e-06
all	O=0.9999499320983887|NORM_1WORD=2.9559560061898082e-05|NORM_2WORD=1.2973953744221944e-05|NORM_3PLUS=3.4427027912897756e-06
my	O=0.9999634027481079|NORM_1WORD=1.818102646211628e-05|NORM_2WORD=9.815564226300921e-06|NORM_3PLUS=3.7132738270884147e-06
mutuals	O=0.9995883107185364|NORM_1WORD=0.0003147812094539404|NORM_2WORD=9.095869609154761e-05|NORM_3PLUS=3.7802244605700253e-06
when	O=0.9999676942825317|NORM_1WORD=1.5736222849227488e-05|NORM_2WORD=9.080878044187557e-06|NORM_3PLUS=3.160056621709373e-06
will	O=0.9999570846557617|NORM_1WORD=2.6776204322231933e-05|NORM_2WORD=1.0512656444916502e-05|NORM_3PLUS=2.9491584427887574e-06
it	O=0.9999667406082153|NORM_1WORD=2.164902980439365e-05|NORM_2WORD=7.150327746785479e-06|NORM_3PLUS=2.0174795736238593e-06
be	O=0.9999748468399048|NORM_1WORD=1.8156735677621327e-05|NORM_2WORD=4.501115654420573e-06|NORM_3PLUS=1.2983527994947508e-06
my	O=0.9999669790267944|NORM_1WORD=1.519850775366649e-05|NORM_2WORD=9.04770422494039e-06|NORM_3PLUS=3.7020884064986603e-06
turn	O=0.9999593496322632|NORM_1WORD=2.9155000447644852e-05|NORM_2WORD=7.170877779572038e-06|NORM_3PLUS=2.090850330205285e-06

photoset	O=0.9954427480697632|NORM_1WORD=0.002392197260633111|NORM_2WORD=0.0020865213591605425|NORM_3PLUS=7.270141941262409e-05
:	O=0.999985933303833|NORM_2WORD=7.133749932108913e-06|NORM_1WORD=2.6681752842705464e-06|NORM_3PLUS=2.2038484530639835e-06
guydirectioners	O=0.9999592304229736|NORM_2WORD=2.7730706278816797e-05|NORM_1WORD=8.160941433743574e-06|NORM_3PLUS=2.9305990665307036e-06
:	O=0.9999887943267822|NORM_2WORD=5.114087798574474e-06|NORM_1WORD=2.6594109385769116e-06|NORM_3PLUS=1.6839723002703977e-06
what	O=0.9999865293502808|NORM_2WORD=5.342767053662101e-06|NORM_1WORD=4.357746092864545e-06|NORM_3PLUS=1.8342134353588335e-06
are	O=0.9999806880950928|NORM_1WORD=8.375664947379846e-06|NORM_2WORD=6.921416115801549e-06|NORM_3PLUS=2.3462764602300012e-06
you	O=0.9999891519546509|NORM_2WORD=4.399544650368625e-06|NORM_1WORD=3.4062536542478483e-06|NORM_3PLUS=1.7055169792001834e-06
wearing	O=0.9999656677246094|NORM_1WORD=1.3575578122981824e-05|NORM_2WORD=1.1906232430192176e-05|NORM_3PLUS=4.0702384467294905e-06
?	O=0.9999860525131226|NORM_2WORD=6.6215061451657675e-06|NORM_1WORD=2.7122489427711116e-06|NORM_3PLUS=2.2319095478451345e-06
05/28	O=0.99998939037323|NORM_2WORD=4.482875738176517e-06|NORM_1WORD=2.665608008101117e-06|NORM_3PLUS=2.066949718937394e-06
http://t.co/r6pgtpup0f	O=0.999984622001648|NORM_2WORD=1.02629319371772e-05|NORM_1WORD=2.442991899442859e-06|NORM_3PLUS=1.637304421819863e-06

rt	O=0.9999818801879883|NORM_2WORD=1.1184124559804332e-05|NORM_1WORD=3.0638568659924204e-06|NORM_3PLUS=2.099802031807485e-06
@88wfn	O=0.9999821186065674|NORM_2WORD=1.2705453627859242e-05|NORM_3PLUS=1.9789561065408634e-06|NORM_1WORD=1.7362611970384023e-06
:	O=0.9999871253967285|NORM_2WORD=6.606356691918336e-06|NORM_3PLUS=2.23936353904719e-06|NORM_1WORD=1.5344622852353496e-06
openfollow	O=0.8980316519737244|NORM_2WORD=0.10091656446456909|NORM_3PLUS=0.0007346844649873674|NORM_1WORD=0.00023155161761678755
for	O=0.9999849796295166|NORM_2WORD=1.0170432688028086e-05|NORM_1WORD=1.8359396563027985e-06|NORM_3PLUS=1.7012213220368722e-06
rp	O=0.999329686164856|NORM_2WORD=0.000519788998644799|NORM_1WORD=0.00013540321378968656|NORM_3PLUS=1.1957414244534448e-05
.	O=0.9999808073043823|NORM_2WORD=1.1396306035749149e-05|NORM_3PLUS=3.7879174215049716e-06|NORM_1WORD=1.6596659406786785e-06
retweet	O=0.999977707862854|NORM_2WORD=1.2535970199678559e-05|NORM_1WORD=4.4709545363730285e-06|NORM_3PLUS=2.519201643735869e-06
?	O=0.9999880790710449|NORM_2WORD=6.305633178271819e-06|NORM_1WORD=1.966701120181824e-06|NORM_3PLUS=1.6173862604773603e-06

@pufc_melissa	O=0.9999661445617676|NORM_2WORD=2.4470658900099806e-05|NORM_1WORD=4.432946752785938e-06|NORM_3PLUS=3.043081051146146e-06
landaan	O=0.9999794960021973|NORM_2WORD=1.1395094588806387e-05|NORM_1WORD=5.926159246882889e-06|NORM_3PLUS=2.056298399111256e-06
.	O=0.9999903440475464|NORM_2WORD=4.493272626859834e-06|NORM_1WORD=1.9614442408055766e-06|NORM_3PLUS=1.8071082195092458e-06
lol	O=0.9999874830245972|NORM_1WORD=5.122887159814127e-06|NORM_2WORD=3.1495646908297203e-06|NORM_3PLUS=1.7997282384385471e-06
defo	NORM_1WORD=0.9982510209083557|NORM_3PLUS=0.0008463191334158182|NORM_2WORD=0.0004884351510554552|O=0.0003134153666906059
worth	O=0.999969482421875|NORM_1WORD=1.916368455567863e-05|NORM_2WORD=9.413648513145745e-06|NORM_3PLUS=1.1579332976907608e-06
it	O=0.9999862909317017|NORM_1WORD=5.676160981238354e-06|NORM_2WORD=5.493654498422984e-06|NORM_3PLUS=1.238664140146284e-06
then	O=0.9999855756759644|NORM_1WORD=7.4742783908732235e-06|NORM_2WORD=4.514150987233734e-06|NORM_3PLUS=1.2206511428303202e-06
yeah	O=0.9999895095825195|NORM_1WORD=5.173940735403448e-06|NORM_2WORD=3.9338933675026055e-06|NORM_3PLUS=7.914422894828022e-07
lol	O=0.9999822378158569|NORM_1WORD=8.71358861331828e-06|NORM_2WORD=4.045715741085587e-06|NORM_3PLUS=1.9859974145219894e-06

rt	O=0.9999812841415405|NORM_2WORD=9.19113153940998e-06|NORM_1WORD=4.39438144894666e-06|NORM_3PLUS=2.5723616090544965e-06
@relatablequote	O=0.999982476234436|NORM_2WORD=9.215435966325458e-06|NORM_1WORD=4.550348876364296e-06|NORM_3PLUS=1.9086953670921503e-06
:	O=0.9999868869781494|NORM_2WORD=4.998884833185002e-06|NORM_3PLUS=2.3065315417625243e-06|NORM_1WORD=2.1764035409432836e-06
when	O=0.9999767541885376|NORM_2WORD=7.648977771168575e-06|NORM_1WORD=7.181809451139998e-06|NORM_3PLUS=3.136459099550848e-06
im	NORM_1WORD=0.9999574422836304|O=1.8711501979851164e-05|NORM_3PLUS=1.2910805708088446e-05|NORM_2WORD=6.809332717239158e-06
mad	O=0.999980092048645|NORM_1WORD=9.098345799429808e-06|NORM_2WORD=6.5228273342654575e-06|NORM_3PLUS=1.8821374396793544e-06
at	O=0.9999871253967285|NORM_2WORD=5.231518116488587e-06|NORM_1WORD=4.444909791345708e-06|NORM_3PLUS=1.41792395425e-06
someone	O=0.9999780654907227|NORM_1WORD=7.037840532575501e-06|NORM_2WORD=6.8544554778782185e-06|NORM_3PLUS=3.1437341476703295e-06
but	O=0.9999876022338867|NORM_2WORD=5.759795840276638e-06|NORM_1WORD=3.4590805171319516e-06|NORM_3PLUS=1.5910047750367085e-06
then	O=0.9999856948852539|NORM_1WORD=6.71387624606723e-06|NORM_2WORD=4.117156549909851e-06|NORM_3PLUS=1.56014277763461e-06
they	O=0.9999806880950928|NORM_1WORD=8.076828635239508e-06|NORM_2WORD=6.116446911619278e-06|NORM_3PLUS=2.4633618522784673e-06
ask	O=0.9999840259552002|NORM_1WORD=6.586814834008692e-06|NORM_2WORD=6.052528078726027e-06|NORM_3PLUS=1.491215357418696e-06
if	O=0.9999855756759644|NORM_2WORD=5.326563496055314e-06|NORM_1WORD=3.999289219791535e-06|NORM_3PLUS=2.1282116904330906e-06
im	NORM_1WORD=0.9999442100524902|O=3.4516138839535415e-05|NORM_3PLUS=9.762034096638672e-06|NORM_2WORD=7.677786925341934e-06
hungry	O=0.9999808073043823|NORM_1WORD=1.0369785741204396e-05|NORM_2WORD=6.213544111233205e-06|NORM_3PLUS=1.2638854514079867e-06
http://t.co/bv2hbgivwo	O=0.9999884366989136|NORM_2WORD=5.758284714829642e-06|NORM_1WORD=3.551055669959169e-06|NORM_3PLUS=1.3666981431015301e-06

rt	O=0.9999783039093018|NORM_2WORD=1.1210172488063108e-05|NORM_1WORD=4.715669547294965e-06|NORM_3PLUS=2.886865331674926e-06
@fvckxhemmings	O=0.9999853372573853|NORM_2WORD=9.376507478009444e-06|NORM_1WORD=1.9369103938515764e-06|NORM_3PLUS=1.7755385215423303e-06
:	O=0.9999890327453613|NORM_2WORD=4.527285909716738e-06|NORM_1WORD=3.014364892806043e-06|NORM_3PLUS=1.5190314570645569e-06
did	O=0.9999586343765259|NORM_1WORD=2.6138595785596408e-05|NORM_2WORD=7.844674655643757e-06|NORM_3PLUS=3.5709215353563195e-06
calum	O=0.9999651908874512|NORM_1WORD=2.3684819097979926e-05|NORM_2WORD=8.077751772361808e-06|NORM_3PLUS=1.7429490526410518e-06
slip	O=0.9999805688858032|NORM_1WORD=8.658942533656955e-06|NORM_2WORD=5.758898169005988e-06|NORM_3PLUS=2.479390559528838e-06
?!!	O=0.9999845027923584|NORM_2WORD=6.349752766254824e-06|NORM_1WORD=3.314116838737391e-06|NORM_3PLUS=2.499647507647751e-06
omfg	O=0.9999864101409912|NORM_2WORD=6.250355454540113e-06|NORM_1WORD=5.550239166041138e-06|NORM_3PLUS=1.022142328110931e-06

@shof2207	O=0.9999845027923584|NORM_2WORD=6.95735161571065e-06|NORM_3PLUS=3.121703002761933e-06|NORM_1WORD=3.107860493400949e-06
hahaha	O=0.9999867677688599|NORM_2WORD=4.670425369113218e-06|NORM_1WORD=4.56360112366383e-06|NORM_3PLUS=1.6864470353539218e-06
!	O=0.9999856948852539|NORM_2WORD=4.680965957959415e-06|NORM_1WORD=3.3872527183120837e-06|NORM_3PLUS=2.1317200662451796e-06
yeah	O=0.9999880790710449|NORM_1WORD=6.303775535343448e-06|NORM_2WORD=3.3211085792572703e-06|NORM_3PLUS=1.1133467978652334e-06
it's	O=0.9999653100967407|NORM_2WORD=1.5591882402077317e-05|NORM_1WORD=1.4155307326291222e-05|NORM_3PLUS=2.4569305878685554e-06
kinna	NORM_1WORD=0.9945871829986572|O=0.004981182515621185|NORM_2WORD=0.0003508951631374657|NORM_3PLUS=5.4526637541130185e-05
tough	O=0.9999606609344482|NORM_1WORD=1.5274072211468592e-05|NORM_2WORD=1.2181768397567794e-05|NORM_3PLUS=5.2322375267976895e-06
to	O=0.9999847412109375|NORM_2WORD=6.759916686860379e-06|NORM_1WORD=4.019493644591421e-06|NORM_3PLUS=2.2573394744540565e-06
do	O=0.9999828338623047|NORM_1WORD=9.955556379281916e-06|NORM_2WORD=4.256024112692103e-06|NORM_3PLUS=1.4549315210388158e-06
yourself	O=0.9999860525131226|NORM_2WORD=5.793728178105084e-06|NORM_1WORD=4.257824002706911e-06|NORM_3PLUS=1.7861817696029902e-06
but	O=0.9999852180480957|NORM_1WORD=6.609468982787803e-06|NORM_2WORD=4.785740202351008e-06|NORM_3PLUS=1.5558464383502724e-06
it's	O=0.9999464750289917|NORM_2WORD=2.2832326067145914e-05|NORM_1WORD=2.2518983314512298e-05|NORM_3PLUS=4.509581231104676e-06
doable	O=0.9956265687942505|NORM_1WORD=0.004248468205332756|NORM_2WORD=0.00011320811609039083|NORM_3PLUS=9.596416020940524e-06
!	O=0.9999850988388062|NORM_2WORD=5.112679446028778e-06|NORM_1WORD=3.885854766849661e-06|NORM_3PLUS=2.191102566939662e-06
promise	O=0.9999802112579346|NORM_1WORD=1.2286253877391573e-05|NORM_2WORD=4.632564468920464e-06|NORM_3PLUS=1.2750589348797803e-06
!	O=0.999985933303833|NORM_2WORD=4.782449650519993e-06|NORM_1WORD=3.967369593738113e-06|NORM_3PLUS=2.1106095573486527e-06

conseal	NORM_1WORD=0.7176278829574585|O=0.2715263068675995|NORM_2WORD=0.010157317854464054|NORM_3PLUS=0.0006646679830737412
dont	NORM_1WORD=0.9999538660049438|NORM_3PLUS=1.637743662286084e-05|O=1.3324441169970669e-05|NORM_2WORD=9.629608030081727e-06
feel	O=0.9999598264694214|NORM_1WORD=2.248666169180069e-05|NORM_2WORD=9.930938176694326e-06|NORM_3PLUS=4.884234840574209e-06
..	O=0.9999651908874512|NORM_2WORD=9.95935988612473e-06|NORM_3PLUS=7.952661690069363e-06|NORM_1WORD=7.643143362656701e-06
dont	NORM_1WORD=0.9999450445175171|O=2.0541960111586377e-05|NORM_3PLUS=1.67941689142026e-05|NORM_2WORD=1.1173584425705485e-05
let	O=0.999954342842102|NORM_1WORD=2.486734047124628e-05|NORM_2WORD=1.116706152970437e-05|NORM_3PLUS=5.423164566309424e-06
them	O=0.999962329864502|NORM_2WORD=1.3748111086897552e-05|NORM_1WORD=1.2647838047996629e-05|NORM_3PLUS=6.816155291744508e-06
know	O=0.9999760389328003|NORM_1WORD=8.815213732304983e-06|NORM_2WORD=8.631169293948915e-06|NORM_3PLUS=3.6903697946399916e-06
..	O=0.9999750852584839|NORM_2WORD=6.9038092078699265e-06|NORM_1WORD=6.147921794763533e-06|NORM_3PLUS=6.100730388425291e-06

i	O=0.9999728202819824|NORM_1WORD=1.5628380424459465e-05|NORM_2WORD=6.103003215685021e-06|NORM_3PLUS=2.7862820388691034e-06
don't	O=0.9999665021896362|NORM_2WORD=1.701708242762834e-05|NORM_1WORD=1.0921095054072794e-05|NORM_3PLUS=2.5909585019689985e-06
like	O=0.999969482421875|NORM_2WORD=1.437233186152298e-05|NORM_1WORD=1.149593481386546e-05|NORM_3PLUS=2.331999894522596e-06
,	O=0.9999675750732422|NORM_2WORD=1.5172087842074689e-05|NORM_1WORD=9.640094503993168e-06|NORM_3PLUS=3.8520329326274805e-06
bcs	NORM_1WORD=0.9850333333015442|O=0.013001641258597374|NORM_2WORD=0.0015330403111875057|NORM_3PLUS=0.00027817717636935413
they	O=0.999961256980896|NORM_1WORD=2.0419047359609976e-05|NORM_2WORD=1.3266492715047207e-05|NORM_3PLUS=2.9273451218614355e-06
r	NORM_1WORD=0.9981094598770142|O=0.0017910157330334187|NORM_2WORD=5.23794733453542e-05|NORM_3PLUS=2.706282612052746e-05
so	O=0.9999505281448364|NORM_1WORD=2.246765507152304e-05|NORM_2WORD=2.202086579927709e-05|NORM_3PLUS=2.2567971882381244e-06
popular	O=0.9999744892120361|NORM_1WORD=1.2156810953456443e-05|NORM_2WORD=9.917577699525282e-06|NORM_3PLUS=1.674126110629004e-06
n	NORM_1WORD=0.999799907207489|O=0.0001535031187813729|NORM_2WORD=2.1961910533718765e-05|NORM_3PLUS=1.6121044609462842e-05
from	O=0.9999648332595825|NORM_2WORD=1.9718398107215762e-05|NORM_1WORD=1.0385008863522671e-05|NORM_3PLUS=2.799422645693994e-06
big	O=0.9999768733978271|NORM_2WORD=1.1549745067895856e-05|NORM_1WORD=7.1954323175305035e-06|NORM_3PLUS=2.3126383439375786e-06
agency	O=0.9999164342880249|NORM_1WORD=4.178320523351431e-05|NORM_2WORD=3.503916013869457e-05|NORM_3PLUS=4.160905518801883e-06

@shawnrashmore	O=0.9999816417694092|NORM_1WORD=7.499539151467616e-06|NORM_2WORD=6.157684765639715e-06|NORM_3PLUS=2.5676324639789527e-06
who	O=0.9999709129333496|NORM_1WORD=2.1439958800328895e-05|NORM_2WORD=4.8134052121895365e-06|NORM_3PLUS=1.6485834066770622e-06
is	O=0.9998751878738403|NORM_1WORD=0.00011050406465074047|NORM_2WORD=1.0708281479310244e-05|NORM_3PLUS=2.3259919998963596e-06
your	O=0.9998435974121094|NORM_1WORD=0.0001211157941725105|NORM_2WORD=2.4376407964155078e-05|NORM_3PLUS=7.0120208874868695e-06
favourite	NORM_1WORD=0.9997941851615906|O=0.00016720499843358994|NORM_2WORD=1.8560180251370184e-05|NORM_3PLUS=1.3029547517362516e-05
@xmenmovies	O=0.9999769926071167|NORM_2WORD=1.3275535820866935e-05|NORM_1WORD=5.997612788632978e-06|NORM_3PLUS=2.4780576950433897e-06
?	O=0.9999791383743286|NORM_1WORD=1.1442461982369423e-05|NORM_2WORD=5.014253474655561e-06|NORM_3PLUS=2.2223257474252023e-06
me	O=0.9999606609344482|NORM_1WORD=3.1454084819415584e-05|NORM_2WORD=5.183659141039243e-06|NORM_3PLUS=1.6001998801584705e-06
it's	O=0.9999295473098755|NORM_1WORD=5.7782133808359504e-05|NORM_2WORD=1.029093618853949e-05|NORM_3PLUS=1.588606551194971e-06
the	O=0.9999593496322632|NORM_1WORD=2.756949106696993e-05|NORM_2WORD=1.0683465006877668e-05|NORM_3PLUS=1.517121859251347e-06
fay	O=0.9238630533218384|NORM_1WORD=0.07515494525432587|NORM_2WORD=0.0009139608009718359|NORM_3PLUS=5.719831824535504e-05
of	O=0.9998511075973511|NORM_1WORD=0.00013913484872318804|NORM_2WORD=7.1797635428083595e-06|NORM_3PLUS=1.4275349258241476e-06
futur	NORM_1WORD=0.9995213747024536|O=0.00031538514303974807|NORM_2WORD=0.00012985094508621842|NORM_3PLUS=2.890436189773027e-05
past	O=0.999603807926178|NORM_1WORD=0.00037048847298137844|NORM_2WORD=2.23197912418982e-05|NORM_3PLUS=2.168148284908966e-06
!	O=0.9999716281890869|NORM_1WORD=1.9340090148034506e-05|NORM_2WORD=4.740559688798385e-06|NORM_3PLUS=2.2991896457824623e-06
whithout	NORM_1WORD=0.9953743815422058|NORM_2WORD=0.002514016116037965|O=0.001614896347746253|NORM_3PLUS=0.0004383238556329161
hesitation	O=0.9999222755432129|NORM_1WORD=4.972523311153054e-05|NORM_2WORD=2.0109924662392586e-05|NORM_3PLUS=4.479523795453133e-06
!	O=0.9999699592590332|NORM_1WORD=1.9473647626000457e-05|NORM_2WORD=5.750182481278898e-06|NORM_3PLUS=2.577821078375564e-06

rt	O=0.9999834299087524|NORM_2WORD=8.453946975350846e-06|NORM_1WORD=4.275093033356825e-06|NORM_3PLUS=2.123106696672039e-06
@harryschapel	O=0.9999890327453613|NORM_2WORD=5.676885393768316e-06|NORM_1WORD=2.4773316908976994e-06|NORM_3PLUS=1.8174221168010263e-06
:	O=0.9999881982803345|NORM_2WORD=5.528816927835578e-06|NORM_1WORD=2.8025601750414353e-06|NORM_3PLUS=1.7857580587588018e-06
zouis	O=0.9999700784683228|NORM_1WORD=1.678266198723577e-05|NORM_2WORD=1.0725058018579148e-05|NORM_3PLUS=1.4558289649357903e-06
smoking	O=0.9999343156814575|NORM_1WORD=2.9040886147413403e-05|NORM_2WORD=2.107410728058312e-05|NORM_3PLUS=7.82228926254902e-06
and	O=0.9999886751174927|NORM_2WORD=6.216449492058018e-06|NORM_1WORD=2.488065774741699e-06|NORM_3PLUS=1.4899302414050908e-06
harrys	O=0.999968409538269|NORM_1WORD=1.745617191772908e-05|NORM_2WORD=1.0294320418324787e-05|NORM_3PLUS=2.248493728984613e-06
probably	O=0.9999829530715942|NORM_2WORD=7.130947324185399e-06|NORM_1WORD=5.517583758773981e-06|NORM_3PLUS=2.7271439648757223e-06
like	O=0.9999874830245972|NORM_2WORD=5.355679149943171e-06|NORM_1WORD=4.730216915049823e-06|NORM_3PLUS=1.3858077636541566e-06
https://t.co/dbavztaxj7	O=0.9999843835830688|NORM_2WORD=7.681171155127231e-06|NORM_1WORD=4.787366378877778e-06|NORM_3PLUS=2.162548298656475e-06

rt	O=0.9999802112579346|NORM_2WORD=9.653750566940289e-06|NORM_1WORD=6.0274546740402e-06|NORM_3PLUS=2.335546014364809e-06
@dirtysanchez47	O=0.9999780654907227|NORM_2WORD=9.488710929872468e-06|NORM_1WORD=6.387934263329953e-06|NORM_3PLUS=3.4046086057060165e-06
:	O=0.9999872446060181|NORM_1WORD=5.071069608675316e-06|NORM_2WORD=4.080785856785951e-06|NORM_3PLUS=1.6608023543085437e-06
you	O=0.9999822378158569|NORM_1WORD=1.1544532753759995e-05|NORM_2WORD=4.5413999032462016e-06|NORM_3PLUS=1.0128073881787714e-06
in	O=0.9999452829360962|NORM_1WORD=4.314028046792373e-05|NORM_2WORD=8.402568710152991e-06|NORM_3PLUS=1.6688711639289977e-06
the	O=0.9999768733978271|NORM_2WORD=1.1420348528190516e-05|NORM_1WORD=8.502420314471237e-06|NORM_3PLUS=1.8597959297039779e-06
presence	O=0.999932050704956|NORM_1WORD=4.528053250396624e-05|NORM_2WORD=1.5568182789138518e-05|NORM_3PLUS=3.942572220694274e-06
of	O=0.999981164932251|NORM_1WORD=1.0452985407027882e-05|NORM_2WORD=5.151588993612677e-06|NORM_3PLUS=1.4397020322576282e-06
stars	O=0.9999759197235107|NORM_2WORD=1.455559231544612e-05|NORM_1WORD=7.360133622569265e-06|NORM_3PLUS=1.2669928537434316e-06
now	O=0.9999817609786987|NORM_1WORD=1.0662665772542823e-05|NORM_2WORD=5.360891464079032e-06|NORM_3PLUS=1.1330735105730128e-06
lil	NORM_1WORD=0.999961256980896|O=1.8733569959294982e-05|NORM_3PLUS=8.730698937142733e-06|NORM_2WORD=6.905195277795428e-06
dipper	O=0.9999774694442749|NORM_1WORD=1.4985097550379578e-05|NORM_2WORD=5.792225692857755e-06|NORM_3PLUS=1.0921866078206222e-06
haters	O=0.999977707862854|NORM_2WORD=1.2360793334664777e-05|NORM_1WORD=7.522022769990144e-06|NORM_3PLUS=1.4359208080350072e-06
are	O=0.999984622001648|NORM_1WORD=1.0363094588683452e-05|NORM_2WORD=3.6959208955522627e-06|NORM_3PLUS=7.773602419547387e-07
haters	O=0.9999841451644897|NORM_2WORD=7.97002485342091e-06|NORM_1WORD=6.122823378973408e-06|NORM_3PLUS=1.0442280427014339e-06
i	O=0.9999827146530151|NORM_1WORD=9.378333743370604e-06|NORM_2WORD=4.35749234384275e-06|NORM_3PLUS=1.7154859506263165e-06
love	O=0.9999855756759644|NORM_1WORD=8.325137969222851e-06|NORM_2WORD=4.3104732867504936e-06|NORM_3PLUS=9.444377724321384e-07
you	O=0.9999892711639404|NORM_1WORD=5.268324002827285e-06|NORM_2WORD=3.994112830696395e-06|NORM_3PLUS=8.567883469368098e-07
lil	NORM_1WORD=0.9999626874923706|O=1.5418803741340525e-05|NORM_3PLUS=1.009873449220322e-05|NORM_2WORD=6.908867362653837e-06
nikkaz	O=0.9999698400497437|NORM_2WORD=1.559169868414756e-05|NORM_1WORD=1.1594194802455604e-05|NORM_3PLUS=1.8770292626868468e-06
.	O=0.99998939037323|NORM_2WORD=3.7680542845919263e-06|NORM_1WORD=3.305421614641091e-06|NORM_3PLUS=1.980843762794393e-06

rt	O=0.9999772310256958|NORM_2WORD=1.0866409866139293e-05|NORM_1WORD=4.930135219183285e-06|NORM_3PLUS=3.589524794733734e-06
@rapiikelilwayne	O=0.9999890327453613|NORM_2WORD=5.109789071866544e-06|NORM_1WORD=2.510095555408043e-06|NORM_3PLUS=1.8200046270067105e-06
:	O=0.9999876022338867|NORM_2WORD=4.44153511125478e-06|NORM_1WORD=3.6398498650669353e-06|NORM_3PLUS=1.8507780623622239e-06
when	O=0.9999864101409912|NORM_2WORD=4.952876224706415e-06|NORM_1WORD=3.725436954482575e-06|NORM_3PLUS=1.9313861230330076e-06
u	NORM_1WORD=0.9999570846557617|O=1.5065306797623634e-05|NORM_3PLUS=1.3804045920551289e-05|NORM_2WORD=7.277453732967842e-06
see	O=0.9999830722808838|NORM_1WORD=7.097622074070387e-06|NORM_2WORD=5.6914991546364035e-06|NORM_3PLUS=2.4602429675724125e-06
"	O=0.999987006187439|NORM_1WORD=6.29891883363598e-06|NORM_2WORD=3.6199216992827132e-06|NORM_3PLUS=1.4066480389374192e-06
bae	O=0.9999686479568481|NORM_1WORD=1.3774681065115146e-05|NORM_2WORD=1.1170843208674341e-05|NORM_3PLUS=4.276028903404949e-06
"	O=0.9999885559082031|NORM_1WORD=4.099991201655939e-06|NORM_2WORD=3.4738479826046387e-06|NORM_3PLUS=1.6233735777859692e-06
talking	O=0.999958872795105|NORM_1WORD=1.5629222616553307e-05|NORM_2WORD=1.46440215758048e-05|NORM_3PLUS=4.676793196267681e-06
to	O=0.999985933303833|NORM_2WORD=6.66103323965217e-06|NORM_1WORD=3.94796188629698e-06|NORM_3PLUS=1.7223912891495274e-06
someone	O=0.9999845027923584|NORM_1WORD=6.598788786504883e-06|NORM_2WORD=4.668726887757657e-06|NORM_3PLUS=2.0134768874413567e-06
u	NORM_1WORD=0.9999572038650513|NORM_3PLUS=1.7901624232763425e-05|O=1.1068013009207789e-05|NORM_2WORD=7.011212346696993e-06
kno	NORM_1WORD=0.9998999834060669|NORM_3PLUS=3.3983367757173255e-05|O=2.774147105810698e-05|NORM_2WORD=2.4030256099649705e-05
that's	O=0.9999675750732422|NORM_1WORD=1.7433745597372763e-05|NORM_2WORD=1.0707156434364151e-05|NORM_3PLUS=2.2142908164823893e-06
thirsty	O=0.9999483823776245|NORM_1WORD=4.085052205482498e-05|NORM_2WORD=7.888841537351254e-06|NORM_3PLUS=1.6374200413338258e-06
for	O=0.9999760389328003|NORM_1WORD=1.6160971426870674e-05|NORM_2WORD=5.6801804930728395e-06|NORM_3PLUS=1.1438296496635303e-06
em	NORM_1WORD=0.9999386072158813|O=3.566747545846738e-05|NORM_3PLUS=1.1218485269637313e-05|NORM_2WORD=9.945104466169141e-06
http://t.co/6qthmwja2i	O=0.9999890327453613|NORM_2WORD=6.247022156458115e-06|NORM_1WORD=2.137955107173184e-06|NORM_3PLUS=1.7349539120914415e-06

@irwinpoppies	O=0.999976634979248|NORM_2WORD=1.1963557881244924e-05|NORM_1WORD=7.609447493450716e-06|NORM_3PLUS=2.0574107111315243e-06
wow	O=0.9999765157699585|NORM_1WORD=1.5344059647759423e-05|NORM_2WORD=4.404699211590923e-06|NORM_3PLUS=1.5408337503686198e-06
congratz	NORM_1WORD=0.9999382495880127|NORM_2WORD=2.516716813261155e-05|O=1.842976598709356e-05|NORM_3PLUS=1.2874091225967277e-05
im	NORM_1WORD=0.9999573230743408|NORM_3PLUS=1.7986969396588393e-05|O=1.1179924513271544e-05|NORM_2WORD=7.284399089257931e-06
so	O=0.9999715089797974|NORM_1WORD=1.757958671078086e-05|NORM_2WORD=7.912480214145035e-06|NORM_3PLUS=1.2040372894261964e-06
happy	O=0.9999854564666748|NORM_1WORD=6.638479135290254e-06|NORM_2WORD=4.886008809990017e-06|NORM_3PLUS=1.5564019122393802e-06
for	O=0.9999885559082031|NORM_1WORD=4.931484454573365e-06|NORM_2WORD=3.889089384756517e-06|NORM_3PLUS=1.3445270496958983e-06
you	O=0.999985933303833|NORM_1WORD=5.89214823776274e-06|NORM_2WORD=4.371204795461381e-06|NORM_3PLUS=1.7982688405027147e-06

teta	O=0.9999881982803345|NORM_2WORD=5.101585429656552e-06|NORM_1WORD=3.348893415022758e-06|NORM_3PLUS=1.8698491430768627e-06
beso	O=0.9999780654907227|NORM_1WORD=8.255721695604734e-06|NORM_2WORD=7.803437256370671e-06|NORM_3PLUS=3.6822250422119396e-06
na	O=0.9999879598617554|NORM_2WORD=5.320813215803355e-06|NORM_1WORD=3.4471770504751476e-06|NORM_3PLUS=2.162092414437211e-06
rosita	O=0.9999897480010986|NORM_2WORD=4.451097993296571e-06|NORM_1WORD=2.8573219879035605e-06|NORM_3PLUS=1.7097310092140106e-06
(	O=0.9999833106994629|NORM_2WORD=7.934449968161061e-06|NORM_1WORD=3.3449448437750107e-06|NORM_3PLUS=2.7523847165866755e-06
@r0senschwert	O=0.9999886751174927|NORM_2WORD=5.986031283100601e-06|NORM_1WORD=3.1202278023556573e-06|NORM_3PLUS=1.346667545476521e-06
live	O=0.9999892711639404|NORM_1WORD=4.1714206417964306e-06|NORM_2WORD=3.893118446285371e-06|NORM_3PLUS=1.6357669210265158e-06
on	O=0.9999871253967285|NORM_2WORD=6.124196715973085e-06|NORM_1WORD=3.7349382182583213e-06|NORM_3PLUS=1.964356215466978e-06
http://t.co/p8ihh2gu2b	O=0.9999868869781494|NORM_2WORD=5.66396010981407e-06|NORM_1WORD=4.708322649094043e-06|NORM_3PLUS=1.8097216525347903e-06
)	O=0.999984622001648|NORM_2WORD=5.6554677030362654e-06|NORM_1WORD=4.3590057430265006e-06|NORM_3PLUS=2.6463501399121014e-06

rt	O=0.9999850988388062|NORM_2WORD=6.647910595347639e-06|NORM_1WORD=5.446868726721732e-06|NORM_3PLUS=1.4262469676395995e-06
@biebersgrills	O=0.9999858140945435|NORM_2WORD=9.120194590650499e-06|NORM_1WORD=3.029149866051739e-06|NORM_3PLUS=1.0986694860548596e-06
:	O=0.9999841451644897|NORM_1WORD=6.122169907030184e-06|NORM_2WORD=5.085966222395655e-06|NORM_3PLUS=1.895328296086518e-06
justin	O=0.9999758005142212|NORM_1WORD=1.751159106788691e-05|NORM_2WORD=4.8681940825190395e-06|NORM_3PLUS=1.0373249779149774e-06
got	O=0.9999712705612183|NORM_1WORD=1.7572221622685902e-05|NORM_2WORD=6.3555453380104154e-06|NORM_3PLUS=1.9426624930929393e-06
sick	O=0.9999713897705078|NORM_1WORD=1.7231639503734186e-05|NORM_2WORD=7.074899713188643e-06|NORM_3PLUS=1.8950455569211044e-06
of	O=0.999987006187439|NORM_1WORD=5.760879957961151e-06|NORM_2WORD=4.754478140966967e-06|NORM_3PLUS=1.0832013686012942e-06
selenas	O=0.9999797344207764|NORM_2WORD=9.766656148713082e-06|NORM_1WORD=7.211171123344684e-06|NORM_3PLUS=2.009659283430665e-06
games	O=0.9999645948410034|NORM_1WORD=2.110974492097739e-05|NORM_2WORD=8.80621428223094e-06|NORM_3PLUS=2.5798631213547196e-06
and	O=0.9999898672103882|NORM_1WORD=4.593276116793277e-06|NORM_2WORD=3.4962101835844805e-06|NORM_3PLUS=1.133706405198609e-06
now	O=0.9999771118164062|NORM_1WORD=1.2005555618088692e-05|NORM_2WORD=6.5286949393339455e-06|NORM_3PLUS=1.8706291484704707e-06
he	O=0.9999805688858032|NORM_1WORD=9.0035409812117e-06|NORM_2WORD=5.437243089545518e-06|NORM_3PLUS=2.3238646917889128e-06
tries	O=0.9999345541000366|NORM_1WORD=4.337695281719789e-05|NORM_2WORD=1.3322531231096946e-05|NORM_3PLUS=4.241042915964499e-06
to	O=0.9999786615371704|NORM_1WORD=9.351101653010119e-06|NORM_2WORD=7.820421160431579e-06|NORM_3PLUS=2.0853128717135405e-06
move	O=0.999968409538269|NORM_1WORD=1.7032702089636587e-05|NORM_2WORD=8.438500117335934e-06|NORM_3PLUS=2.639718559294124e-06
on	O=0.9999872446060181|NORM_1WORD=6.839265097369207e-06|NORM_2WORD=4.091076334589161e-06|NORM_3PLUS=9.736741048982367e-07
,	O=0.9999825954437256|NORM_1WORD=6.9404659370775335e-06|NORM_2WORD=5.358360340323998e-06|NORM_3PLUS=2.520410816941876e-06
so	O=0.9999834299087524|NORM_1WORD=7.73584997659782e-06|NORM_2WORD=5.016575869376538e-06|NORM_3PLUS=1.7828481304604793e-06
jelena	O=0.9999852180480957|NORM_2WORD=8.693470590515062e-06|NORM_1WORD=3.620799361669924e-06|NORM_3PLUS=1.615807605048758e-06
shippers	O=0.9999551773071289|NORM_1WORD=2.5660896426416002e-05|NORM_2WORD=1.3717980436922517e-05|NORM_3PLUS=2.9447237466229126e-06
u	NORM_1WORD=0.999961256980896|O=1.5902067389106378e-05|NORM_3PLUS=1.0369642950536218e-05|NORM_2WORD=6.27576218903414e-06
better	O=0.9999871253967285|NORM_1WORD=7.78710818849504e-06|NORM_2WORD=3.2535631362407003e-06|NORM_3PLUS=1.0111011761182453e-06
do	O=0.9999853372573853|NORM_1WORD=1.0526697224122472e-05|NORM_2WORD=2.794769216052373e-06|NORM_3PLUS=7.685057994422095e-07
too	O=0.9999638795852661|NORM_1WORD=2.856492210412398e-05|NORM_2WORD=5.45432158105541e-06|NORM_3PLUS=1.0439568995934678e-06
damn	O=0.9999768733978271|NORM_1WORD=1.6109604985103942e-05|NORM_2WORD=4.126452495256672e-06|NORM_3PLUS=1.4732892168467515e-06

@naegi_actual	O=0.999983549118042|NORM_2WORD=8.747546416998375e-06|NORM_3PLUS=3.251743009968777e-06|NORM_1WORD=2.913003754656529e-06
no	O=0.9999873638153076|NORM_2WORD=6.1732548601867165e-06|NORM_1WORD=3.3242367862840183e-06|NORM_3PLUS=2.117190888384357e-06
pe	O=0.9997746348381042|NORM_1WORD=0.00016721482097636908|NORM_2WORD=5.0865037337644026e-05|NORM_3PLUS=6.248864792723907e-06
righ	NORM_1WORD=0.9462310671806335|O=0.051393672823905945|NORM_2WORD=0.0021741220261901617|NORM_3PLUS=0.00018179445760324597
t	O=0.9984052777290344|NORM_1WORD=0.0013595193158835173|NORM_2WORD=0.0002091060159727931|NORM_3PLUS=2.3090797185432166e-05

rt	O=0.999985933303833|NORM_2WORD=6.7049331846646965e-06|NORM_1WORD=5.048441835242556e-06|NORM_3PLUS=1.2502671324909898e-06
@worldstarghetto	O=0.9999746084213257|NORM_2WORD=1.22014707812923e-05|NORM_1WORD=9.517742910247762e-06|NORM_3PLUS=1.8187935211244621e-06
:	O=0.99998939037323|NORM_2WORD=4.86932822241215e-06|NORM_1WORD=2.9955749596410897e-06|NORM_3PLUS=1.2592857956406078e-06
lil	NORM_1WORD=0.9999505281448364|O=2.4726210540393367e-05|NORM_3PLUS=1.1058116797357798e-05|NORM_2WORD=8.238112968683708e-06
homies	O=0.9999631643295288|NORM_1WORD=2.4502134692738764e-05|NORM_2WORD=8.875718776835129e-06|NORM_3PLUS=1.9946469365095254e-06
a	O=0.9999831914901733|NORM_2WORD=9.69636039371835e-06|NORM_1WORD=4.301527951611206e-06|NORM_3PLUS=1.7020847735693678e-06
real	O=0.9999872446060181|NORM_1WORD=5.269689609121997e-06|NORM_2WORD=4.804443960892968e-06|NORM_3PLUS=1.3525321946872282e-06
g	O=0.9999139308929443|NORM_1WORD=7.274146628333256e-05|NORM_2WORD=1.1071282642660663e-05|NORM_3PLUS=1.3819011428495287e-06
http://t.co/aymaquzjpr	O=0.9999862909317017|NORM_2WORD=5.925312052568188e-06|NORM_1WORD=5.522508672584081e-06|NORM_3PLUS=1.0779799595184159e-06

falling	O=0.9999500513076782|NORM_1WORD=2.7294778192299418e-05|NORM_2WORD=1.8511809685151093e-05|NORM_3PLUS=2.3188438262877753e-06
off	O=0.999982476234436|NORM_1WORD=7.878412361606024e-06|NORM_2WORD=6.4675900830479804e-06|NORM_3PLUS=1.7986296825256431e-06
the	O=0.9999758005142212|NORM_2WORD=1.4424849723582156e-05|NORM_1WORD=4.528167210082756e-06|NORM_3PLUS=3.4751953990053153e-06
jetski	O=0.9999353885650635|NORM_2WORD=3.23069907608442e-05|NORM_1WORD=2.3356586098088883e-05|NORM_3PLUS=6.068306902307086e-06
today	O=0.9999816417694092|NORM_1WORD=6.0244692576816306e-06|NORM_2WORD=6.024055437592324e-06|NORM_3PLUS=3.063449867113377e-06
was	O=0.999984860420227|NORM_1WORD=7.96180211182218e-06|NORM_2WORD=4.783557415066753e-06|NORM_3PLUS=1.4421451624002657e-06
the	O=0.9999709129333496|NORM_2WORD=1.6792791939224117e-05|NORM_1WORD=7.637898306711577e-06|NORM_3PLUS=2.5407593966519926e-06
most	O=0.99996018409729|NORM_2WORD=1.7742033378453925e-05|NORM_1WORD=1.1566351531655528e-05|NORM_3PLUS=5.211459665588336e-06
fun	O=0.9999755620956421|NORM_1WORD=9.661367585067637e-06|NORM_2WORD=9.566940207150765e-06|NORM_3PLUS=2.4972091523522977e-06
ive	NORM_1WORD=0.9986302852630615|NORM_3PLUS=0.0005896575166843832|O=0.0003208362031728029|NORM_2WORD=0.00018058384011965245
had	O=0.9999332427978516|NORM_1WORD=3.0754807085031644e-05|NORM_2WORD=2.3715141651337035e-05|NORM_3PLUS=6.422404112527147e-06
in	O=0.9999376535415649|NORM_1WORD=3.10873037960846e-05|NORM_2WORD=2.2204745619092137e-05|NORM_3PLUS=4.107171207579086e-06
a	O=0.999954342842102|NORM_2WORD=2.4951077648438513e-05|NORM_1WORD=9.127503290073946e-06|NORM_3PLUS=6.806818419136107e-06
while	O=0.9999529123306274|NORM_1WORD=2.5531973733450286e-05|NORM_2WORD=1.3751297956332564e-05|NORM_3PLUS=4.352395535534015e-06

@stevemratcliff	O=0.9999610185623169|NORM_1WORD=1.6147449059644714e-05|NORM_2WORD=1.4185247891873587e-05|NORM_3PLUS=4.909439212497091e-06
haha	O=0.9999866485595703|NORM_1WORD=5.770500592916505e-06|NORM_2WORD=4.45266732640448e-06|NORM_3PLUS=1.3749448726230185e-06
no	O=0.9999874830245972|NORM_1WORD=7.604814527439885e-06|NORM_2WORD=2.625410616019508e-06|NORM_3PLUS=1.2433595202310244e-06
worries	O=0.9999246597290039|NORM_1WORD=6.10997958574444e-05|NORM_2WORD=9.57544307311764e-06|NORM_3PLUS=2.77220647149079e-06
,	O=0.9999808073043823|NORM_2WORD=8.161133337125648e-06|NORM_1WORD=6.953876891202526e-06|NORM_3PLUS=2.1638691123371245e-06
bit	O=0.9991995692253113|NORM_1WORD=0.0007440571789629757|NORM_2WORD=5.159684951649979e-05|NORM_3PLUS=3.2928692235145718e-06
of	O=0.9999737739562988|NORM_1WORD=1.794872514437884e-05|NORM_2WORD=6.335234957077773e-06|NORM_3PLUS=8.568715657020221e-07
a	O=0.999980092048645|NORM_2WORD=1.156300822913181e-05|NORM_1WORD=4.741807060781866e-06|NORM_3PLUS=2.1125003968336387e-06
weird	O=0.9999740123748779|NORM_1WORD=1.603760574653279e-05|NORM_2WORD=6.388864676409867e-06|NORM_3PLUS=1.940489937624079e-06
name	O=0.999975323677063|NORM_1WORD=1.4873583495500498e-05|NORM_2WORD=6.2474255173583515e-06|NORM_3PLUS=1.9024175799131626e-06
so	O=0.9999812841415405|NORM_1WORD=1.0600680980132893e-05|NORM_2WORD=5.996826075715944e-06|NORM_3PLUS=1.0598876087897224e-06
it's	O=0.9999462366104126|NORM_1WORD=3.482888132566586e-05|NORM_2WORD=1.5239789718179964e-05|NORM_3PLUS=1.9851001979986904e-06
understandable	O=0.9999758005142212|NORM_1WORD=1.4851932974124793e-05|NORM_2WORD=7.372975233010948e-06|NORM_3PLUS=1.153082052951504e-06
haha	O=0.9999833106994629|NORM_1WORD=8.643958608445246e-06|NORM_2WORD=4.8831661842996255e-06|NORM_3PLUS=1.3963033325126162e-06

i'm	O=0.9999713897705078|NORM_2WORD=1.1718760106305126e-05|NORM_1WORD=1.1034877388738096e-05|NORM_3PLUS=2.9536170131905237e-06
tired	O=0.9999325275421143|NORM_1WORD=4.333741162554361e-05|NORM_2WORD=1.4499114513455424e-05|NORM_3PLUS=3.5200503134547034e-06
of	O=0.9999752044677734|NORM_2WORD=1.0598108929116279e-05|NORM_1WORD=7.783377441228367e-06|NORM_3PLUS=2.5414997253392357e-06
seeing	O=0.9999514818191528|NORM_1WORD=1.9412802430451848e-05|NORM_2WORD=1.6546478946111165e-05|NORM_3PLUS=5.978112767479615e-06
lsu	O=0.9308603405952454|NORM_1WORD=0.045158278197050095|NORM_2WORD=0.023275276646018028|NORM_3PLUS=0.0006045718328095973
face	O=0.9999505281448364|NORM_1WORD=3.034364453924354e-05|NORM_2WORD=1.5507817806792445e-05|NORM_3PLUS=1.883771574284765e-06
fck	NORM_1WORD=0.9996805191040039|O=0.0001570950698805973|NORM_2WORD=0.0001448613911634311|NORM_3PLUS=1.3518123523681425e-05
.	O=0.999987006187439|NORM_2WORD=5.184695510251913e-06|NORM_1WORD=3.94164180761436e-06|NORM_3PLUS=2.2907920538273174e-06

niggas	NORM_1WORD=0.9999531507492065|NORM_3PLUS=1.647446879360359e-05|O=1.5237294064718299e-05|NORM_2WORD=9.776721526577603e-06
die	O=0.999945878982544|NORM_1WORD=3.873088280670345e-05|NORM_2WORD=1.283309939026367e-05|NORM_3PLUS=1.7001817695927457e-06
everyday	O=0.999974250793457|NORM_2WORD=9.216942089551594e-06|NORM_1WORD=8.893432095646858e-06|NORM_3PLUS=3.650581447800505e-06
in	O=0.9999783039093018|NORM_1WORD=9.25927724892972e-06|NORM_2WORD=8.552267900086008e-06|NORM_3PLUS=1.969046479644021e-06
big	O=0.9999830722808838|NORM_2WORD=7.459156677214196e-06|NORM_1WORD=5.315010639606044e-06|NORM_3PLUS=2.201678171331878e-06
cities	O=0.9999706745147705|NORM_1WORD=1.2645062270166818e-05|NORM_2WORD=1.06657316791825e-05|NORM_3PLUS=2.864912858058233e-06
so	O=0.9999772310256958|NORM_1WORD=9.167256393993739e-06|NORM_2WORD=9.05347587831784e-06|NORM_3PLUS=2.109257366100792e-06
wht	NORM_1WORD=0.9999055862426758|O=6.401274731615558e-05|NORM_2WORD=1.5911498849163763e-05|NORM_3PLUS=9.64377341006184e-06
moving	O=0.9999405145645142|NORM_1WORD=2.417572250124067e-05|NORM_2WORD=2.020294232352171e-05|NORM_3PLUS=6.717454198224004e-06
away	O=0.999981164932251|NORM_2WORD=8.122809958877042e-06|NORM_1WORD=7.3510391302988864e-06|NORM_3PLUS=1.9322346815897617e-06
gonna	NORM_2WORD=0.9967671632766724|NORM_3PLUS=0.002883783308789134|O=0.00016472054994665086|NORM_1WORD=0.0001352953986497596
do	O=0.999985933303833|NORM_1WORD=6.454573849623557e-06|NORM_2WORD=5.141193469171412e-06|NORM_3PLUS=1.4680626918561757e-06
smh	O=0.9999743700027466|NORM_2WORD=1.3141988347342703e-05|NORM_1WORD=9.999555913964286e-06|NORM_3PLUS=1.266799927179818e-06
y'all	O=0.999971866607666|NORM_2WORD=1.3292570656631142e-05|NORM_1WORD=1.191272349387873e-05|NORM_3PLUS=1.997155777644366e-06
crazy	O=0.9999679327011108|NORM_1WORD=1.422680179530289e-05|NORM_2WORD=1.1561355677258689e-05|NORM_3PLUS=3.2923103390203323e-06

once	O=0.9999778270721436|NORM_1WORD=1.0541255505813751e-05|NORM_2WORD=6.235530236153863e-06|NORM_3PLUS=2.5708641260280274e-06
did	O=0.9999642372131348|NORM_1WORD=2.832710015354678e-05|NORM_2WORD=4.166600319877034e-06|NORM_3PLUS=1.8771029317576904e-06
so	O=0.9999802112579346|NORM_1WORD=1.1752360478567425e-05|NORM_2WORD=5.291256456985138e-06|NORM_3PLUS=1.4185202417138498e-06
little	O=0.9999868869781494|NORM_1WORD=7.24010169506073e-06|NORM_2WORD=3.2482794267707504e-06|NORM_3PLUS=1.6175555401787278e-06
revision	O=0.9999675750732422|NORM_1WORD=2.2681388145429082e-05|NORM_2WORD=5.816867997054942e-06|NORM_3PLUS=2.3058776150719495e-06
for	O=0.9999840259552002|NORM_1WORD=1.0404043678136077e-05|NORM_2WORD=3.636863084466313e-06|NORM_3PLUS=1.0791068234539125e-06
exam	O=0.9999555349349976|NORM_1WORD=3.371174170752056e-05|NORM_2WORD=7.094340162439039e-06|NORM_3PLUS=2.132932877429994e-06
about	O=0.999984860420227|NORM_1WORD=7.693543011555448e-06|NORM_2WORD=4.141546014579944e-06|NORM_3PLUS=1.951168314917595e-06
brains	O=0.9999374151229858|NORM_1WORD=4.675313175539486e-05|NORM_2WORD=1.257367057405645e-05|NORM_3PLUS=2.063362217086251e-06
that	O=0.9999874830245972|NORM_1WORD=5.236086963122943e-06|NORM_2WORD=3.7615127439494245e-06|NORM_3PLUS=1.957282620423939e-06
i	O=0.9999831914901733|NORM_1WORD=8.181375051208306e-06|NORM_2WORD=3.82020698452834e-06|NORM_3PLUS=2.6419133973831777e-06
answered	O=0.9999431371688843|NORM_1WORD=3.930480670533143e-05|NORM_2WORD=9.953015251085162e-06|NORM_3PLUS=3.712656962306937e-06
a	O=0.999983549118042|NORM_1WORD=8.497718226863071e-06|NORM_2WORD=5.323931873135734e-06|NORM_3PLUS=1.4985095049269148e-06
q	O=0.999940037727356|NORM_1WORD=5.104481533635408e-05|NORM_2WORD=6.865886007290101e-06|NORM_3PLUS=1.3861504157830495e-06
on	O=0.9999750852584839|NORM_1WORD=1.6669364413246512e-05|NORM_2WORD=4.699264081864385e-06|NORM_3PLUS=2.017334736592602e-06
the	O=0.9999804496765137|NORM_1WORD=8.453196642221883e-06|NORM_2WORD=7.072211701597553e-06|NORM_3PLUS=2.3511206563853193e-06
basis	O=0.9999629259109497|NORM_1WORD=2.7112306270282716e-05|NORM_2WORD=5.841936399519909e-06|NORM_3PLUS=2.088241672026925e-06
on	O=0.9999840259552002|NORM_1WORD=9.792728633328807e-06|NORM_2WORD=3.5446723813947756e-06|NORM_3PLUS=1.514388145551493e-06
something	O=0.9999719858169556|NORM_1WORD=1.5527819414273836e-05|NORM_2WORD=6.386141194525408e-06|NORM_3PLUS=2.77749018096074e-06
learned	O=0.9999663829803467|NORM_1WORD=2.1591249605990015e-05|NORM_2WORD=6.114393727330025e-06|NORM_3PLUS=2.7334338028595084e-06
from	O=0.9999803304672241|NORM_1WORD=9.891348781820852e-06|NORM_2WORD=5.384755695558852e-06|NORM_3PLUS=2.1877431208849885e-06
adam	O=0.9999793767929077|NORM_1WORD=1.1525281479407568e-05|NORM_2WORD=5.631756721413694e-06|NORM_3PLUS=1.6096461195047596e-06
sandler	O=0.9999871253967285|NORM_2WORD=5.525094820768572e-06|NORM_1WORD=5.1801043809973635e-06|NORM_3PLUS=1.3766668871539878e-06
film	O=0.999976396560669|NORM_1WORD=1.4190201000019442e-05|NORM_2WORD=6.321213732007891e-06|NORM_3PLUS=1.6637424096188624e-06
,	O=0.9999829530715942|NORM_2WORD=6.124924311734503e-06|NORM_1WORD=5.085334123577923e-06|NORM_3PLUS=3.346848643559497e-06
the	O=0.9999815225601196|NORM_1WORD=6.517594556498807e-06|NORM_2WORD=6.103324267314747e-06|NORM_3PLUS=3.115893832728034e-06
waterboy	O=0.9999717473983765|NORM_2WORD=1.2666330803767778e-05|NORM_1WORD=1.259516466234345e-05|NORM_3PLUS=1.7382229771101265e-06

rt	O=0.999984622001648|NORM_2WORD=8.670587703818455e-06|NORM_1WORD=3.1558965929434635e-06|NORM_3PLUS=2.082491619148641e-06
@smtownfamily	O=0.9999841451644897|NORM_2WORD=9.51830588746816e-06|NORM_1WORD=2.677619704627432e-06|NORM_3PLUS=2.123588274116628e-06
:	O=0.9999898672103882|NORM_2WORD=5.123173195897834e-06|NORM_1WORD=1.8532408603277872e-06|NORM_3PLUS=1.5886658957242616e-06
{	O=0.9999911785125732|NORM_2WORD=4.400707894092193e-06|NORM_1WORD=2.173786924686283e-06|NORM_3PLUS=1.0907421028605313e-06
fantaken	O=0.9999831914901733|NORM_2WORD=9.854768904915545e-06|NORM_1WORD=4.60772344013094e-06|NORM_3PLUS=1.5227518588289968e-06
}	O=0.9999911785125732|NORM_2WORD=4.157075636612717e-06|NORM_1WORD=2.383899982305593e-06|NORM_3PLUS=1.0735654996096855e-06
140526	O=0.999990701675415|NORM_2WORD=3.7874922327318927e-06|NORM_1WORD=3.0329283617902547e-06|NORM_3PLUS=1.3591338756668847e-06
luhan	O=0.999984622001648|NORM_2WORD=6.577309250133112e-06|NORM_1WORD=5.9116996453667525e-06|NORM_3PLUS=1.467623974349408e-06
at	O=0.9999867677688599|NORM_2WORD=5.922101081523579e-06|NORM_1WORD=4.115869614906842e-06|NORM_3PLUS=1.8204067373517319e-06
mbc	O=0.9999799728393555|NORM_2WORD=1.2800253898603842e-05|NORM_1WORD=3.4124066132790176e-06|NORM_3PLUS=2.0476597910601413e-06
idol	O=0.999984622001648|NORM_2WORD=6.031161319697276e-06|NORM_1WORD=5.614946985588176e-06|NORM_3PLUS=1.8182669236921356e-06
futsal	O=0.9999741315841675|NORM_2WORD=1.6429235984105617e-05|NORM_1WORD=5.372847681428539e-06|NORM_3PLUS=2.262414682263625e-06
championship	O=0.9999881982803345|NORM_2WORD=5.499000963027356e-06|NORM_1WORD=3.39262442139443e-06|NORM_3PLUS=1.2684978401011904e-06
||	O=0.9999849796295166|NORM_2WORD=7.766621820337605e-06|NORM_1WORD=2.9469886158040026e-06|NORM_3PLUS=2.4372425286856014e-06
cr	O=0.999988317489624|NORM_1WORD=5.687812063115416e-06|NORM_2WORD=3.3558924315002514e-06|NORM_3PLUS=1.2714567674265709e-06
.	O=0.9999865293502808|NORM_2WORD=5.763432454841677e-06|NORM_1WORD=3.7623269690811867e-06|NORM_3PLUS=2.5909364467224805e-06
luvely	O=0.9999874830245972|NORM_2WORD=5.6787666835589334e-06|NORM_1WORD=4.588755473378114e-06|NORM_3PLUS=1.3540244481191621e-06
http://t.co/t0babk0v7s	O=0.9999872446060181|NORM_2WORD=7.696342436247505e-06|NORM_1WORD=2.018866098296712e-06|NORM_3PLUS=2.001270559048862e-06

uma	O=0.9992238283157349|NORM_2WORD=0.0003886888443958014|NORM_1WORD=0.00034903318737633526|NORM_3PLUS=3.400786590646021e-05
see	O=0.9999638795852661|NORM_1WORD=2.6509573217481375e-05|NORM_2WORD=6.269353889365448e-06|NORM_3PLUS=2.2716274088452337e-06
wats	NORM_1WORD=0.9926924705505371|NORM_2WORD=0.0059920563362538815|O=0.0009191069984808564|NORM_3PLUS=0.00035841058706864715
to	O=0.9999748468399048|NORM_1WORD=1.1031474969058763e-05|NORM_2WORD=8.136946235026699e-06|NORM_3PLUS=3.1443148600374116e-06
marshalls	O=0.9999282360076904|NORM_1WORD=4.6978453610790893e-05|NORM_2WORD=2.1409865439636633e-05|NORM_3PLUS=1.7648593484409503e-06
toma	O=0.9999423027038574|NORM_1WORD=3.037515671167057e-05|NORM_2WORD=1.3186284377297852e-05|NORM_3PLUS=6.513561402243795e-06

lfsci	O=0.9999680519104004|NORM_2WORD=1.9168006474501453e-05|NORM_1WORD=7.274106337717967e-06|NORM_3PLUS=3.197130581611418e-06
block	O=0.9999738931655884|NORM_1WORD=1.295236961595947e-05|NORM_2WORD=1.0114770702784881e-05|NORM_3PLUS=1.7460021126680658e-06
lists	O=0.9999473094940186|NORM_2WORD=3.354249565745704e-05|NORM_1WORD=1.563497426104732e-05|NORM_3PLUS=2.171368805647944e-06
are	O=0.9999785423278809|NORM_2WORD=8.631733180664014e-06|NORM_1WORD=8.357001206604764e-06|NORM_3PLUS=2.625171646286617e-06
out	O=0.9999837875366211|NORM_1WORD=8.033603990043048e-06|NORM_2WORD=6.174098416522611e-06|NORM_3PLUS=1.2164200597908348e-06
!!!	O=0.9999836683273315|NORM_2WORD=7.116902452253271e-06|NORM_3PLUS=2.95374343295407e-06|NORM_1WORD=2.9494365207938245e-06
aaand	O=0.9999827146530151|NORM_2WORD=9.667104677646421e-06|NORM_1WORD=5.103474904899485e-06|NORM_3PLUS=1.4977239288782584e-06
idk	O=0.999983549118042|NORM_2WORD=7.269218713190639e-06|NORM_1WORD=6.6024654188368e-06|NORM_3PLUS=1.5937987427605549e-06
anyone	O=0.9999864101409912|NORM_2WORD=6.30541808277485e-06|NORM_1WORD=5.22065465702326e-06|NORM_3PLUS=1.1881144246217445e-06

i	O=0.9999775886535645|NORM_1WORD=1.1402008567529265e-05|NORM_2WORD=6.30434624326881e-06|NORM_3PLUS=2.7684166070685023e-06
added	O=0.9999396800994873|NORM_1WORD=2.5158660719171166e-05|NORM_2WORD=2.204849079134874e-05|NORM_3PLUS=5.9795420384034514e-06
a	O=0.9999661445617676|NORM_2WORD=2.0053157641086727e-05|NORM_1WORD=5.9367371250118595e-06|NORM_3PLUS=4.939982773066731e-06
video	O=0.999971866607666|NORM_2WORD=1.3381425560510252e-05|NORM_1WORD=7.947505764605012e-06|NORM_3PLUS=3.939534508390352e-06
to	O=0.9999823570251465|NORM_2WORD=9.62764988798881e-06|NORM_1WORD=4.727013219962828e-06|NORM_3PLUS=1.832871703300043e-06
a	O=0.9999741315841675|NORM_2WORD=1.6847434380906634e-05|NORM_1WORD=3.86594001611229e-06|NORM_3PLUS=3.606622840379714e-06
@youtube	O=0.9999128580093384|NORM_2WORD=6.297152140177786e-05|NORM_1WORD=1.1007996363332495e-05|NORM_3PLUS=9.367228813061956e-06
playlist	O=0.9999414682388306|NORM_1WORD=3.263674443587661e-05|NORM_2WORD=1.847167186497245e-05|NORM_3PLUS=3.887753337039612e-06
http://t.co/kkn83wtuws	O=0.9999804496765137|NORM_2WORD=1.05251210698043e-05|NORM_1WORD=6.504938482976286e-06|NORM_3PLUS=1.5182466768237646e-06
hardwell	O=0.9999775886535645|NORM_2WORD=1.0742428457888309e-05|NORM_1WORD=8.403450920013711e-06|NORM_3PLUS=1.6513166656295653e-06
vs	O=0.9999746084213257|NORM_1WORD=1.1074626854679082e-05|NORM_2WORD=8.53666369948769e-06|NORM_3PLUS=2.8109159302402986e-06
fragma	O=0.9999803304672241|NORM_2WORD=9.171325473289471e-06|NORM_1WORD=6.812404535594396e-06|NORM_3PLUS=2.036915020653396e-06
-	O=0.9999804496765137|NORM_2WORD=7.398401066893712e-06|NORM_1WORD=5.775055797130335e-06|NORM_3PLUS=3.347382744323113e-06
spaceman's	O=0.9999747276306152|NORM_2WORD=1.323156993748853e-05|NORM_1WORD=8.280263500637375e-06|NORM_3PLUS=2.2083638668846106e-06
miracle	O=0.9999008178710938|NORM_1WORD=5.575591785600409e-05|NORM_2WORD=2.5241313778678887e-05|NORM_3PLUS=8.296447049360722e-06
(	O=0.9999803304672241|NORM_2WORD=8.011534191609826e-06|NORM_1WORD=6.941390438441886e-06|NORM_3PLUS=2.4306505110871512e-06
hardwell	O=0.9999724626541138|NORM_1WORD=1.266819890588522e-05|NORM_2WORD=1.189302474813303e-05|NORM_3PLUS=1.6691011524017085e-06
sensation	O=0.9999295473098755|NORM_1WORD=5.167804556549527e-05|NORM_2WORD=1.3551777556131128e-05|NORM_3PLUS=2.5249587451980915e-06
mashup	O=0.999970555305481|NORM_1WORD=1.7571539501659572e-05|NORM_2WORD=8.704533684067428e-06|NORM_3PLUS=2.169831759601948e-06
)	O=0.9999781847000122|NORM_1WORD=8.270963917311747e-06|NORM_2WORD=7.029389507806627e-06|NORM_3PLUS=3.0435646749538137e-06

rt	O=0.9999790191650391|NORM_2WORD=1.1553152035048697e-05|NORM_1WORD=4.102666480321204e-06|NORM_3PLUS=2.896218120440608e-06
@nbafollowtrain	O=0.9999794960021973|NORM_2WORD=1.4252565961214714e-05|NORM_1WORD=3.3466549211880192e-06|NORM_3PLUS=2.052595618806663e-06
:	O=0.9999874830245972|NORM_2WORD=5.101324404677143e-06|NORM_1WORD=3.2029147405410185e-06|NORM_3PLUS=1.9827959931717487e-06
rt	NORM_1WORD=0.9351555705070496|O=0.06262484192848206|NORM_2WORD=0.0016495444579049945|NORM_3PLUS=0.00044745096238330007
for	O=0.9999850988388062|NORM_1WORD=7.5147004281461705e-06|NORM_2WORD=4.8701244850235526e-06|NORM_3PLUS=1.414690359524684e-06
michael	O=0.99998939037323|NORM_2WORD=3.7623090065608267e-06|NORM_1WORD=3.4688355299294926e-06|NORM_3PLUS=2.0010820662719198e-06
jordan	O=0.99998939037323|NORM_2WORD=5.5144523685157765e-06|NORM_1WORD=2.9342108973651193e-06|NORM_3PLUS=1.2293932059037616e-06
fav	NORM_1WORD=0.9998078942298889|O=0.00011478440865175799|NORM_3PLUS=3.6514204111881554e-05|NORM_2WORD=3.175348319928162e-05
for	O=0.9999853372573853|NORM_1WORD=7.959712092997506e-06|NORM_2WORD=4.4730654735758435e-06|NORM_3PLUS=1.2720194035864552e-06
lebron	O=0.9999761581420898|NORM_1WORD=1.2178472388768569e-05|NORM_2WORD=5.806443368783221e-06|NORM_3PLUS=3.0481887733913027e-06
james	O=0.9999836683273315|NORM_1WORD=6.5255826484644786e-06|NORM_2WORD=5.355862867872929e-06|NORM_3PLUS=2.5411673050257377e-06
http://t.co/cwhg5cr95q	O=0.9999880790710449|NORM_2WORD=6.117559678386897e-06|NORM_1WORD=2.509867954358924e-06|NORM_3PLUS=2.1653197563864524e-06

rt	O=0.9999793767929077|NORM_2WORD=1.0660515727067832e-05|NORM_1WORD=5.895746198802954e-06|NORM_3PLUS=2.4552598461013986e-06
@cee_lows16	O=0.9999830722808838|NORM_2WORD=6.559852863574633e-06|NORM_1WORD=5.443264399218606e-06|NORM_3PLUS=2.9951474971312564e-06
:	O=0.9999884366989136|NORM_2WORD=4.940804046782432e-06|NORM_1WORD=3.179965915478533e-06|NORM_3PLUS=1.805323563530692e-06
performance	O=0.9999788999557495|NORM_1WORD=9.569033863954246e-06|NORM_2WORD=8.049777534324676e-06|NORM_3PLUS=2.018560735450592e-06
tomorrow	O=0.9999775886535645|NORM_1WORD=9.482482710154727e-06|NORM_2WORD=8.525453267793637e-06|NORM_3PLUS=2.521386022635852e-06
at	O=0.9999872446060181|NORM_2WORD=6.374269560183166e-06|NORM_1WORD=4.380813152238261e-06|NORM_3PLUS=1.3563466154664638e-06
lamedale	O=0.9998226761817932|NORM_2WORD=0.00014606051263399422|NORM_1WORD=2.0267463696654886e-05|NORM_3PLUS=8.369695024157409e-06
.	O=0.9999884366989136|NORM_2WORD=5.029208750784164e-06|NORM_1WORD=2.951434453279944e-06|NORM_3PLUS=2.320388375665061e-06
lol	O=0.9999862909317017|NORM_1WORD=5.327491635398474e-06|NORM_2WORD=4.1059056457015686e-06|NORM_3PLUS=1.9618121314124437e-06
im	NORM_1WORD=0.9999349117279053|O=2.485187360434793e-05|NORM_3PLUS=2.3467629944207147e-05|NORM_2WORD=9.673753993411083e-06
pretty	O=0.9999841451644897|NORM_1WORD=7.100919447111664e-06|NORM_2WORD=4.90774573336239e-06|NORM_3PLUS=2.014010078710271e-06
pumped	O=0.9999842643737793|NORM_2WORD=6.831181508459849e-06|NORM_1WORD=6.750887223461177e-06|NORM_3PLUS=1.2154420119259157e-06
!!!!!	O=0.9999892711639404|NORM_2WORD=4.715915110864444e-06|NORM_1WORD=2.566731382103171e-06|NORM_3PLUS=1.9880408217431977e-06

don't	O=0.9999634027481079|NORM_2WORD=2.455214962537866e-05|NORM_1WORD=8.775118658377323e-06|NORM_3PLUS=2.2031724711268907e-06
miss	O=0.9999667406082153|NORM_1WORD=1.7222851965925656e-05|NORM_2WORD=1.2389241419441532e-05|NORM_3PLUS=2.282069544889964e-06
the	O=0.9999659061431885|NORM_2WORD=2.1488160200533457e-05|NORM_1WORD=7.00347482052166e-06|NORM_3PLUS=3.7653792333003366e-06
update	O=0.9999784231185913|NORM_2WORD=9.586832675267942e-06|NORM_1WORD=7.920741154521238e-06|NORM_3PLUS=2.418968051642878e-06
info	O=0.9999696016311646|NORM_1WORD=1.507150136603741e-05|NORM_2WORD=1.0943647794192657e-05|NORM_3PLUS=2.6424118004797492e-06
by	O=0.9999750852584839|NORM_2WORD=1.5421039279317483e-05|NORM_1WORD=6.1897449086245615e-06|NORM_3PLUS=2.2243948478717357e-06
subscribing	O=0.9991146922111511|NORM_1WORD=0.0007703904411755502|NORM_2WORD=0.00010751706577138975|NORM_3PLUS=6.1452337831724435e-06
your	O=0.9999759197235107|NORM_2WORD=1.4851098967483267e-05|NORM_1WORD=4.549546702037333e-06|NORM_3PLUS=3.22009304909443e-06
mail	O=0.9999750852584839|NORM_2WORD=1.0989150723617058e-05|NORM_1WORD=1.0592792932584416e-05|NORM_3PLUS=2.397028993073036e-06
to	O=0.9999814033508301|NORM_2WORD=1.2130120012443513e-05|NORM_1WORD=3.665986014311784e-06|NORM_3PLUS=1.7943993952940218e-06
http://t.co/lbvcsrtgvj	O=0.9999797344207764|NORM_2WORD=1.3997601854498498e-05|NORM_3PLUS=2.5970168735511834e-06|NORM_1WORD=2.3650031835131813e-06
,	O=0.999974250793457|NORM_2WORD=1.4342605936690234e-05|NORM_3PLUS=5.001296358386753e-06|NORM_1WORD=3.7779243484692415e-06
temukan	O=0.9999803304672241|NORM_2WORD=1.3023251085542142e-05|NORM_1WORD=3.2188117984333076e-06|NORM_3PLUS=2.0066095203219447e-06
olshop	O=0.9999755620956421|NORM_2WORD=1.568636071169749e-05|NORM_1WORD=5.384899850469083e-06|NORM_3PLUS=2.211832907050848e-06
#distributor	O=0.9999786615371704|NORM_2WORD=1.1861960956593975e-05|NORM_1WORD=4.289337994123343e-06|NORM_3PLUS=3.2210202789428877e-06
#grosir	O=0.9999587535858154|NORM_2WORD=2.4286946427309886e-05|NORM_1WORD=8.566124051867519e-06|NORM_3PLUS=5.831847829540493e-06
#supplier	O=0.999968409538269|NORM_2WORD=1.8442315194988623e-05|NORM_1WORD=5.548620265471982e-06|NORM_3PLUS=5.38934091309784e-06
#1sthand	O=0.9999594688415527|NORM_2WORD=2.816579581121914e-05|NORM_1WORD=6.035514616087312e-06|NORM_3PLUS=4.090046331839403e-06

i	O=0.9999773502349854|NORM_1WORD=1.5985648133209907e-05|NORM_2WORD=3.5448415474093053e-06|NORM_3PLUS=1.6819948314150679e-06
cant	NORM_1WORD=0.999922513961792|O=4.446948514669202e-05|NORM_3PLUS=1.4107077731750906e-05|NORM_2WORD=1.2804413927369751e-05
wait	O=0.9999793767929077|NORM_1WORD=1.248598528036382e-05|NORM_2WORD=5.352173502615187e-06|NORM_3PLUS=1.3353269423532765e-06
for	O=0.9999817609786987|NORM_1WORD=1.003629768092651e-05|NORM_2WORD=6.019576630933443e-06|NORM_3PLUS=1.2185017794763553e-06
my	O=0.999987006187439|NORM_2WORD=5.3935236792312935e-06|NORM_1WORD=4.922060725220945e-06|NORM_3PLUS=1.4162737898004707e-06
wwa	O=0.9998537302017212|NORM_2WORD=9.994065476348624e-05|NORM_1WORD=3.9532365917693824e-05|NORM_3PLUS=5.301724286255194e-06
show	O=0.9999829530715942|NORM_1WORD=1.0567650861048605e-05|NORM_2WORD=4.285553131921915e-06|NORM_3PLUS=1.2336121244516107e-06
im	NORM_1WORD=0.9999394416809082|O=2.9591910788440146e-05|NORM_3PLUS=2.037174635916017e-05|NORM_2WORD=7.1268573265115265e-06
dbhdjddn	O=0.9969224333763123|NORM_2WORD=0.002533342456445098|NORM_1WORD=0.0005112648359499872|NORM_3PLUS=2.8483798814704642e-05
f	O=0.9999737739562988|NORM_1WORD=1.2876328582933638e-05|NORM_2WORD=1.1067299965361599e-05|NORM_3PLUS=1.5000205166870728e-06

the	O=0.9999685287475586|NORM_2WORD=1.5995281501091085e-05|NORM_3PLUS=6.182116976560792e-06|NORM_1WORD=4.939867267239606e-06
movie	O=0.9999661445617676|NORM_2WORD=1.5488625649595633e-05|NORM_1WORD=6.597384526685346e-06|NORM_3PLUS=5.77471973883803e-06
revolved	O=0.9999516010284424|NORM_1WORD=2.653843694133684e-05|NORM_2WORD=1.3119586583343334e-05|NORM_3PLUS=4.192511823930545e-06
mostly	O=0.9999643564224243|NORM_1WORD=1.360919759463286e-05|NORM_2WORD=1.2197798241686542e-05|NORM_3PLUS=4.786046702065505e-06
around	O=0.999982476234436|NORM_1WORD=8.370969226234592e-06|NORM_2WORD=4.7393364184245e-06|NORM_3PLUS=2.0758445771207334e-06
hugh	O=0.9999730587005615|NORM_2WORD=1.364423496852396e-05|NORM_1WORD=8.837114364723675e-06|NORM_3PLUS=2.3373006570182042e-06
jackman	O=0.9999769926071167|NORM_2WORD=1.305292607867159e-05|NORM_3PLUS=3.721126859090873e-06|NORM_1WORD=3.581949613362667e-06
,	O=0.999982476234436|NORM_2WORD=8.110296221275348e-06|NORM_3PLUS=3.661629307316616e-06|NORM_1WORD=2.9786472168780165e-06
james	O=0.9999817609786987|NORM_2WORD=6.676109478576109e-06|NORM_1WORD=5.980232799629448e-06|NORM_3PLUS=2.893007376769674e-06
mcavoy	O=0.9999817609786987|NORM_2WORD=7.309595275728498e-06|NORM_1WORD=7.142604772525374e-06|NORM_3PLUS=2.1875189304410014e-06
,	O=0.9999819993972778|NORM_2WORD=8.21848698251415e-06|NORM_3PLUS=3.722320116139599e-06|NORM_1WORD=3.2939269658527337e-06
michael	O=0.999987006187439|NORM_2WORD=5.113064617034979e-06|NORM_1WORD=4.19263233197853e-06|NORM_3PLUS=2.261481540699606e-06
fassbender	O=0.9999833106994629|NORM_2WORD=7.316964456549613e-06|NORM_1WORD=5.734449587180279e-06|NORM_3PLUS=2.066891738650156e-06
,	O=0.9999752044677734|NORM_2WORD=1.2042834896419663e-05|NORM_1WORD=5.1757024266407825e-06|NORM_3PLUS=3.874012236337876e-06
and	O=0.9999860525131226|NORM_2WORD=5.852956746821292e-06|NORM_1WORD=4.546860509435646e-06|NORM_3PLUS=2.1493622170964954e-06
patrick	O=0.9999754428863525|NORM_1WORD=1.2231365872139577e-05|NORM_2WORD=6.933265467523597e-06|NORM_3PLUS=2.9281320621521445e-06
stewart	O=0.9999698400497437|NORM_1WORD=1.7447542631998658e-05|NORM_2WORD=8.058691491896752e-06|NORM_3PLUS=2.3880493245087564e-06

rt	O=0.9999823570251465|NORM_1WORD=7.762624591123313e-06|NORM_2WORD=7.448318228853168e-06|NORM_3PLUS=1.3858785905540572e-06
@_maryyroses	O=0.9999878406524658|NORM_2WORD=6.439547632908216e-06|NORM_1WORD=3.237103101128014e-06|NORM_3PLUS=1.5302050542231882e-06
:	O=0.9999858140945435|NORM_2WORD=5.473528744914802e-06|NORM_1WORD=4.977050139132189e-06|NORM_3PLUS=1.6630061736577773e-06
i	O=0.9999852180480957|NORM_2WORD=5.739296284446027e-06|NORM_1WORD=5.519533260667231e-06|NORM_3PLUS=1.8431995840728632e-06
need	O=0.9999842643737793|NORM_1WORD=7.599744549224852e-06|NORM_2WORD=5.301056262396742e-06|NORM_3PLUS=1.412864889971388e-06
chipotle	O=0.9999469518661499|NORM_2WORD=3.0259561754064634e-05|NORM_1WORD=1.7646827473072335e-05|NORM_3PLUS=3.2173170438909438e-06
or	O=0.9999877214431763|NORM_2WORD=4.984716269973433e-06|NORM_1WORD=4.37835524280672e-06|NORM_3PLUS=1.426186713615607e-06
chick	O=0.9997647404670715|NORM_1WORD=0.00011800367792602628|NORM_2WORD=9.491750097367913e-05|NORM_3PLUS=1.4181543519953266e-05
fil	NORM_1WORD=0.9868287444114685|O=0.01219038013368845|NORM_2WORD=0.0009010297944769263|NORM_3PLUS=6.127936649136245e-05
a	O=0.9847413897514343|NORM_2WORD=0.007968025282025337|NORM_1WORD=0.006933065131306648|NORM_3PLUS=0.00033329540747217834
for	O=0.9999731779098511|NORM_2WORD=1.200357382913353e-05|NORM_1WORD=1.0737013326433953e-05|NORM_3PLUS=2.251177647849545e-06
dinner	O=0.9999676942825317|NORM_1WORD=1.4011148778081406e-05|NORM_2WORD=1.246266492671566e-05|NORM_3PLUS=2.712025889195502e-06

im	NORM_1WORD=0.9999433755874634|NORM_3PLUS=2.3284312192117795e-05|O=1.6998101273202337e-05|NORM_2WORD=7.5637371992343105e-06
in	O=0.9998031258583069|NORM_1WORD=0.00012995779979974031|NORM_2WORD=4.377527875476517e-05|NORM_3PLUS=1.074598367267754e-05
a	O=0.9998113512992859|NORM_2WORD=0.00010388898954261094|NORM_1WORD=4.1656632674857974e-05|NORM_3PLUS=2.8672237021964975e-05
good	O=0.9999380111694336|NORM_1WORD=2.239560490124859e-05|NORM_2WORD=2.0031397070852108e-05|NORM_3PLUS=8.601555236964487e-06
mood	O=0.9999549388885498|NORM_1WORD=2.527139258745592e-05|NORM_2WORD=1.2972396689292509e-05|NORM_3PLUS=3.0138248803268652e-06
right	O=0.9999687671661377|NORM_1WORD=1.3391801076068077e-05|NORM_2WORD=1.1216064194741193e-05|NORM_3PLUS=3.2251041375275236e-06
now	O=0.9999374151229858|NORM_2WORD=2.5086057576118037e-05|NORM_1WORD=1.7225958799826913e-05|NORM_3PLUS=8.863993571139872e-06
just	O=0.9999667406082153|NORM_2WORD=1.2818591130780987e-05|NORM_1WORD=1.2321770554990508e-05|NORM_3PLUS=3.7616389363392955e-06
cus	NORM_1WORD=0.9999284744262695|O=4.198018359602429e-05|NORM_2WORD=1.4024209121998865e-05|NORM_3PLUS=9.591099114913959e-06
this	O=0.9999393224716187|NORM_2WORD=3.5445533285383135e-05|NORM_1WORD=1.2170326044724789e-05|NORM_3PLUS=6.32587625659653e-06
music	O=0.9999316930770874|NORM_1WORD=3.30202528857626e-05|NORM_2WORD=2.4644525183248334e-05|NORM_3PLUS=5.330483418219956e-06
.	O=0.999963641166687|NORM_2WORD=1.789451744116377e-05|NORM_3PLUS=7.947151971166022e-06|NORM_1WORD=5.5272730605793186e-06

rt	O=0.9999867677688599|NORM_2WORD=6.740244771208381e-06|NORM_1WORD=3.2802684017951833e-06|NORM_3PLUS=1.623708158149384e-06
@rudeboibynature	O=0.9999886751174927|NORM_2WORD=5.7323695727973245e-06|NORM_1WORD=3.129215201624902e-06|NORM_3PLUS=1.317901933362009e-06
:	O=0.9999896287918091|NORM_2WORD=4.616053047357127e-06|NORM_1WORD=1.9795809294009814e-06|NORM_3PLUS=1.8150951746065402e-06
@tweetandtasteit	O=0.9999635219573975|NORM_2WORD=2.445853351673577e-05|NORM_1WORD=7.968689715198707e-06|NORM_3PLUS=2.6763852929434506e-06
u	NORM_1WORD=0.9999533891677856|O=1.8734870536718518e-05|NORM_3PLUS=1.370144309476018e-05|NORM_2WORD=8.091548806987703e-06
cute	O=0.9999866485595703|NORM_1WORD=5.5406790124834515e-06|NORM_2WORD=4.705744686361868e-06|NORM_3PLUS=1.3701018133360776e-06
wea	O=0.9850085973739624|NORM_1WORD=0.01388274971395731|NORM_2WORD=0.0010493098525330424|NORM_3PLUS=5.154289829079062e-05
u	NORM_1WORD=0.9999412298202515|O=2.535256317059975e-05|NORM_3PLUS=1.6515139577677473e-05|NORM_2WORD=9.249429240298923e-06
from	O=0.9999876022338867|NORM_2WORD=6.629281870118575e-06|NORM_1WORD=3.200542323611444e-06|NORM_3PLUS=1.5698318520662724e-06

rt	O=0.9999847412109375|NORM_2WORD=7.619741609232733e-06|NORM_1WORD=3.903566266671987e-06|NORM_3PLUS=1.934380179591244e-06
@5hontour	O=0.9999858140945435|NORM_2WORD=7.471828666893998e-06|NORM_1WORD=3.0420644634432392e-06|NORM_3PLUS=1.9605563466029707e-06
:	O=0.9999891519546509|NORM_2WORD=4.648777576221619e-06|NORM_1WORD=2.3205336674436694e-06|NORM_3PLUS=1.672675921327027e-06
camila	O=0.9999873638153076|NORM_2WORD=7.243945219670422e-06|NORM_1WORD=2.5962367544707377e-06|NORM_3PLUS=1.5869933349677012e-06
with	O=0.999988317489624|NORM_2WORD=5.316022452461766e-06|NORM_1WORD=2.416294364593341e-06|NORM_3PLUS=1.9160163446940714e-06
funaki	O=0.999984622001648|NORM_2WORD=8.915985745261423e-06|NORM_1WORD=3.326669684611261e-06|NORM_3PLUS=1.6773808511061361e-06
and	O=0.9999876022338867|NORM_2WORD=6.136611773399636e-06|NORM_1WORD=2.923424517575768e-06|NORM_3PLUS=1.7010148667395697e-06
dinah's	O=0.9999758005142212|NORM_2WORD=1.716591214062646e-05|NORM_1WORD=2.7044259240938118e-06|NORM_3PLUS=2.2678082132188138e-06
aunt	O=0.9999179840087891|NORM_1WORD=5.020533353672363e-05|NORM_2WORD=2.633861186041031e-05|NORM_3PLUS=3.576553353923373e-06
(	O=0.999983549118042|NORM_2WORD=8.528765647497494e-06|NORM_1WORD=3.521472535794601e-06|NORM_3PLUS=1.977606189029757e-06
via	O=0.9999895095825195|NORM_2WORD=4.563017682812642e-06|NORM_1WORD=3.4111476452380884e-06|NORM_3PLUS=1.4726925883223885e-06
rinatauveli	O=0.9999825954437256|NORM_2WORD=9.563996172801126e-06|NORM_1WORD=5.018648607801879e-06|NORM_3PLUS=1.6365656847483478e-06
on	O=0.9999879598617554|NORM_2WORD=6.396855496859644e-06|NORM_1WORD=3.4222532576677622e-06|NORM_3PLUS=1.2218222309456905e-06
ig	NORM_1WORD=0.8654821515083313|O=0.12036409229040146|NORM_2WORD=0.01113832090049982|NORM_3PLUS=0.0029260865412652493
)	O=0.9999849796295166|NORM_2WORD=6.522480362036731e-06|NORM_1WORD=4.066363544552587e-06|NORM_3PLUS=1.7259775404454558e-06
http://t.co/yurai4iiz1	O=0.9999887943267822|NORM_2WORD=5.052097549196333e-06|NORM_1WORD=3.3184135190822417e-06|NORM_3PLUS=1.6583502429057262e-06

rt	O=0.9999752044677734|NORM_2WORD=1.1340277524141129e-05|NORM_1WORD=6.65861216475605e-06|NORM_3PLUS=3.480855184534448e-06
@bbcsporf	O=0.9999862909317017|NORM_2WORD=7.329879281314788e-06|NORM_1WORD=2.9690102110180305e-06|NORM_3PLUS=1.942261633303133e-06
:	O=0.9999834299087524|NORM_2WORD=5.675841748598032e-06|NORM_1WORD=5.4811521295050625e-06|NORM_3PLUS=2.3095942651707446e-06
exclusive	O=0.999962329864502|NORM_1WORD=1.8983069821842946e-05|NORM_2WORD=1.0163870683754794e-05|NORM_3PLUS=4.474357410799712e-06
:	O=0.9999831914901733|NORM_2WORD=6.206665148056345e-06|NORM_1WORD=6.082763775339117e-06|NORM_3PLUS=2.0069714992132504e-06
footage	O=0.9999217987060547|NORM_1WORD=3.8718317227903754e-05|NORM_2WORD=2.75304882961791e-05|NORM_3PLUS=6.75996852805838e-06
of	O=0.9999544620513916|NORM_1WORD=2.6434317987877876e-05|NORM_2WORD=1.0216803275397979e-05|NORM_3PLUS=4.284994247427676e-06
vincent	O=0.9999788999557495|NORM_1WORD=9.33538467506878e-06|NORM_2WORD=6.726995252392953e-06|NORM_3PLUS=2.447287215545657e-06
kompany	O=0.9999808073043823|NORM_1WORD=8.451587746094447e-06|NORM_2WORD=6.444816335715586e-06|NORM_3PLUS=2.385080506428494e-06
going	O=0.9999517202377319|NORM_1WORD=2.4217251848313026e-05|NORM_2WORD=1.3663709978573024e-05|NORM_3PLUS=4.597702627506806e-06
up	O=0.9999641180038452|NORM_1WORD=2.6730698664323427e-05|NORM_2WORD=5.7297420426039025e-06|NORM_3PLUS=1.625484173928271e-06
to	O=0.9999786615371704|NORM_1WORD=9.767913070390932e-06|NORM_2WORD=6.43577413939056e-06|NORM_3PLUS=2.498531785022351e-06
yaya	O=0.9999804496765137|NORM_2WORD=8.147746484610252e-06|NORM_1WORD=7.071766503941035e-06|NORM_3PLUS=2.445821110086399e-06
toure	O=0.9999878406524658|NORM_1WORD=5.559984401770635e-06|NORM_2WORD=4.109978817723459e-06|NORM_3PLUS=1.3769133602181682e-06
after	O=0.9999649524688721|NORM_1WORD=2.0484032575041056e-05|NORM_2WORD=6.919076440681238e-06|NORM_3PLUS=2.5929493858711794e-06
telling	O=0.9999425411224365|NORM_1WORD=3.2310552342096344e-05|NORM_2WORD=1.2672182492678985e-05|NORM_3PLUS=5.038045856053941e-06
him	O=0.999961256980896|NORM_1WORD=1.947187956830021e-05|NORM_2WORD=1.0087601367558818e-05|NORM_3PLUS=4.179111783741973e-06
he	O=0.9999788999557495|NORM_1WORD=1.1172620361321606e-05|NORM_2WORD=5.229744147072779e-06|NORM_3PLUS=2.1531238871830283e-06
was	O=0.9999604225158691|NORM_1WORD=2.7718921046471223e-05|NORM_2WORD=7.1841855060483795e-06|NORM_3PLUS=2.603937900858e-06
leaving	O=0.9998787641525269|NORM_1WORD=7.772706157993525e-05|NORM_2WORD=2.3051599782775156e-05|NORM_3PLUS=9.422989023732953e-06
.	O=0.9999785423278809|NORM_2WORD=8.111409442790318e-06|NORM_1WORD=5.0781150093826e-06|NORM_3PLUS=4.756873295264086e-06
https://t.co/wxa0klstoh	O=0.9999862909317017|NORM_2WORD=6.338444109132979e-06|NORM_1WORD=3.980308974860236e-06|NORM_3PLUS=1.9527776657923823e-06

@catarina_cf	O=0.9999836683273315|NORM_2WORD=7.69527287047822e-06|NORM_3PLUS=3.5685463899426395e-06|NORM_1WORD=2.892256816267036e-06
pls	NORM_1WORD=0.9999234676361084|O=2.5181201635859907e-05|NORM_2WORD=2.2551537767867558e-05|NORM_3PLUS=2.13905605050968e-05
do	O=0.9999765157699585|NORM_1WORD=1.4999909581092652e-05|NORM_2WORD=4.410095698403893e-06|NORM_3PLUS=2.0586389837262686e-06
it	O=0.9999719858169556|NORM_1WORD=1.4142030522634741e-05|NORM_2WORD=7.753975296509452e-06|NORM_3PLUS=3.0302667255455162e-06
for	O=0.9999833106994629|NORM_1WORD=7.782459761074279e-06|NORM_2WORD=4.569046268443344e-06|NORM_3PLUS=2.1106827716721455e-06
pitbull	O=0.9999779462814331|NORM_1WORD=1.1736452506738715e-05|NORM_2WORD=6.948089321667794e-06|NORM_3PLUS=2.000568656512769e-06

@mshofique	O=0.9999840259552002|NORM_2WORD=9.362403943669051e-06|NORM_1WORD=3.562994606909342e-06|NORM_3PLUS=2.0067798232048517e-06
i	O=0.9999785423278809|NORM_1WORD=9.136110747931525e-06|NORM_2WORD=7.701400136284065e-06|NORM_3PLUS=2.5982772058341652e-06
was	O=0.9999793767929077|NORM_1WORD=9.654349923948757e-06|NORM_2WORD=8.342897672264371e-06|NORM_3PLUS=1.8198621773990453e-06
gona	NORM_1WORD=0.9994328618049622|NORM_2WORD=0.00029382441425696015|NORM_3PLUS=0.0001736045815050602|O=7.403957715723664e-05
say	O=0.9999809265136719|NORM_2WORD=8.572679689677898e-06|NORM_1WORD=6.914589448570041e-06|NORM_3PLUS=1.9590531792346155e-06
something	O=0.9999785423278809|NORM_1WORD=9.115154171013273e-06|NORM_2WORD=7.445036771969171e-06|NORM_3PLUS=2.1397379441623343e-06
mean	O=0.999972939491272|NORM_1WORD=1.0854193533305079e-05|NORM_2WORD=1.0105455658049323e-05|NORM_3PLUS=2.9451607588271145e-06
but	O=0.9999887943267822|NORM_2WORD=5.445388069347246e-06|NORM_1WORD=3.2418515729659703e-06|NORM_3PLUS=1.3969902283861302e-06
nvm	NORM_2WORD=0.9963191747665405|NORM_3PLUS=0.0033725732937455177|O=0.00019110900757368654|NORM_1WORD=6.769844185328111e-05
.	O=0.9999858140945435|NORM_2WORD=6.580008175660623e-06|NORM_1WORD=3.6292678942118073e-06|NORM_3PLUS=2.459883717165212e-06
lol	O=0.9999819993972778|NORM_1WORD=8.043793968681712e-06|NORM_2WORD=4.543113846011693e-06|NORM_3PLUS=2.361722408750211e-06

@alfredoflores	O=0.9999866485595703|NORM_2WORD=6.081584160710918e-06|NORM_1WORD=3.342242507642368e-06|NORM_3PLUS=2.30155842473323e-06
fredo	O=0.99997878074646|NORM_1WORD=9.521169886284042e-06|NORM_2WORD=8.342071851075161e-06|NORM_3PLUS=2.276352233820944e-06
ilysm	O=0.9999769926071167|NORM_2WORD=1.4565243873221334e-05|NORM_1WORD=5.442862857307773e-06|NORM_3PLUS=2.0718341602332657e-06
can	O=0.9999639987945557|NORM_1WORD=1.937165689014364e-05|NORM_2WORD=1.071124461304862e-05|NORM_3PLUS=3.403028358661686e-06
u	NORM_1WORD=0.9999563694000244|NORM_3PLUS=1.8547283616499044e-05|O=1.2719249752990436e-05|NORM_2WORD=6.672541530861054e-06
follow	O=0.9999711513519287|NORM_1WORD=1.5249198440869804e-05|NORM_2WORD=8.483191777486354e-06|NORM_3PLUS=2.565962859080173e-06
me	O=0.9999864101409912|NORM_1WORD=5.78651315663592e-06|NORM_2WORD=5.084013537270948e-06|NORM_3PLUS=1.4805501677983557e-06
please	O=0.9999803304672241|NORM_1WORD=1.1747712051146664e-05|NORM_2WORD=5.588095064013032e-06|NORM_3PLUS=1.529064547867165e-06
?	O=0.9999833106994629|NORM_1WORD=7.877764801378362e-06|NORM_2WORD=5.382081326388288e-06|NORM_3PLUS=1.6914956404434633e-06
x69	O=0.9999772310256958|NORM_2WORD=1.3411392501438968e-05|NORM_1WORD=6.337474133033538e-06|NORM_3PLUS=2.0385859897942282e-06

rt	O=0.9999814033508301|NORM_2WORD=1.0110620678460691e-05|NORM_1WORD=3.434619202380418e-06|NORM_3PLUS=2.831760411936557e-06
@hayatalvi	O=0.9999797344207764|NORM_2WORD=1.246550164069049e-05|NORM_3PLUS=3.106784788542427e-06|NORM_1WORD=3.0723765576112783e-06
:	O=0.9999843835830688|NORM_2WORD=7.732877747912426e-06|NORM_1WORD=3.5549076073948527e-06|NORM_3PLUS=2.2689739580528112e-06
jihadis	O=0.9999349117279053|NORM_1WORD=3.144502261420712e-05|NORM_2WORD=2.8795704565709457e-05|NORM_3PLUS=3.194367081960081e-06
,	O=0.9999785423278809|NORM_2WORD=1.1732699022104498e-05|NORM_1WORD=5.09388428326929e-06|NORM_3PLUS=2.968593889818294e-06
hardliners	O=0.9999436140060425|NORM_2WORD=3.9060036215232685e-05|NORM_1WORD=1.3650132132170256e-05|NORM_3PLUS=2.416965344309574e-06
fume	O=0.9999409914016724|NORM_1WORD=2.86033045995282e-05|NORM_2WORD=2.671700349310413e-05|NORM_3PLUS=2.682682861632202e-06
over	O=0.9999867677688599|NORM_1WORD=6.942573691048892e-06|NORM_2WORD=4.367540896055289e-06|NORM_3PLUS=1.1352262845321093e-06
nawaz	O=0.9999667406082153|NORM_2WORD=1.430908014299348e-05|NORM_1WORD=1.3916346688347403e-05|NORM_3PLUS=3.001724280693452e-06
sharif's	O=0.9999784231185913|NORM_2WORD=1.3496592146111652e-05|NORM_1WORD=5.233783213043353e-06|NORM_3PLUS=1.7783477233024314e-06
visit	O=0.9999562501907349|NORM_1WORD=3.083821866312064e-05|NORM_2WORD=7.858021490392275e-06|NORM_3PLUS=2.7026455882150913e-06
to	O=0.9999856948852539|NORM_1WORD=5.716062787541887e-06|NORM_2WORD=5.42043335372e-06|NORM_3PLUS=1.6013575532269897e-06
india	O=0.9999793767929077|NORM_2WORD=8.981704013422132e-06|NORM_1WORD=6.635919817199465e-06|NORM_3PLUS=2.532693315515644e-06
http://t.co/fgcoeg2ngq	O=0.999987006187439|NORM_2WORD=7.394083695544396e-06|NORM_1WORD=2.859696905943565e-06|NORM_3PLUS=1.8352010329181212e-06

yan	O=0.9999828338623047|NORM_2WORD=7.4458284871070646e-06|NORM_1WORD=5.0845292207668535e-06|NORM_3PLUS=2.5906106202455703e-06
gomes	O=0.9999845027923584|NORM_2WORD=6.805284101574216e-06|NORM_1WORD=3.38101017405279e-06|NORM_3PLUS=3.2354289487557253e-06
is	O=0.9999810457229614|NORM_2WORD=8.711434929864481e-06|NORM_1WORD=4.754250312544173e-06|NORM_3PLUS=3.2279685910907574e-06
better	O=0.9999769926071167|NORM_2WORD=7.340394859056687e-06|NORM_1WORD=6.920869054738432e-06|NORM_3PLUS=4.365082986623747e-06
than	O=0.9999796152114868|NORM_2WORD=8.005937161215115e-06|NORM_1WORD=4.271421403245768e-06|NORM_3PLUS=4.155279839324066e-06
jason	O=0.999982476234436|NORM_2WORD=7.676396307942923e-06|NORM_1WORD=4.336725851317169e-06|NORM_3PLUS=3.2838070183061063e-06
giambi	O=0.9999828338623047|NORM_2WORD=6.013822257955326e-06|NORM_1WORD=5.646602858178085e-06|NORM_3PLUS=3.322823886264814e-06

@maseditor	O=0.9999814033508301|NORM_2WORD=1.0539784852880985e-05|NORM_1WORD=3.628365902841324e-06|NORM_3PLUS=2.597585989860818e-06
were	O=0.99997878074646|NORM_1WORD=1.4629823454015423e-05|NORM_2WORD=4.8552492444287054e-06|NORM_3PLUS=1.0141667416974087e-06
they	O=0.9999855756759644|NORM_2WORD=6.719410066580167e-06|NORM_1WORD=4.962655111739878e-06|NORM_3PLUS=1.5735173519715318e-06
all	O=0.9999711513519287|NORM_1WORD=1.6165440683835186e-05|NORM_2WORD=8.959446859080344e-06|NORM_3PLUS=2.045217797785881e-06
coming	O=0.9999717473983765|NORM_1WORD=1.3867806956113782e-05|NORM_2WORD=9.516971658740658e-06|NORM_3PLUS=2.4545950054744026e-06
from	O=0.9999852180480957|NORM_2WORD=6.835456588305533e-06|NORM_1WORD=5.4111910685605835e-06|NORM_3PLUS=1.4413495819098898e-06
bea	O=0.9999749660491943|NORM_2WORD=1.324768345511984e-05|NORM_1WORD=8.493861969327554e-06|NORM_3PLUS=2.142584889952559e-06
parties	O=0.9999387264251709|NORM_1WORD=3.9718746847938746e-05|NORM_2WORD=1.492979845352238e-05|NORM_3PLUS=3.250778490837547e-06
?	O=0.9999874830245972|NORM_2WORD=5.535180207516532e-06|NORM_1WORD=3.0170203899615444e-06|NORM_3PLUS=1.8075321577271097e-06
heh	O=0.9997819066047668|NORM_1WORD=0.00012215995229780674|NORM_2WORD=8.421865641139448e-05|NORM_3PLUS=8.095734301605262e-06
.	O=0.9999845027923584|NORM_2WORD=6.511643732665107e-06|NORM_1WORD=3.9329361243289895e-06|NORM_3PLUS=2.9501957214961294e-06

@niallofficial	O=0.9999735355377197|NORM_2WORD=1.3769218639936298e-05|NORM_1WORD=5.3808748816663865e-06|NORM_3PLUS=4.219780294079101e-06
im	NORM_1WORD=0.9999529123306274|NORM_3PLUS=1.7755815861164592e-05|O=1.695112223387696e-05|NORM_2WORD=6.598625077458564e-06
so	O=0.999970555305481|NORM_1WORD=1.4444815860770177e-05|NORM_2WORD=1.164068999059964e-05|NORM_3PLUS=1.6303913525916869e-06
clingy	O=0.9998663663864136|NORM_1WORD=9.295998461311683e-05|NORM_2WORD=3.42889798048418e-05|NORM_3PLUS=4.280107987142401e-06
to	O=0.9999804496765137|NORM_1WORD=8.536867426300887e-06|NORM_2WORD=7.231174095068127e-06|NORM_3PLUS=2.052092440862907e-06
you	O=0.9999874830245972|NORM_2WORD=5.267253982310649e-06|NORM_1WORD=4.928305315843318e-06|NORM_3PLUS=1.481807430536719e-06
right	O=0.9999803304672241|NORM_1WORD=9.444207535125315e-06|NORM_2WORD=6.47994284008746e-06|NORM_3PLUS=2.2149527012516046e-06
now	O=0.9999687671661377|NORM_2WORD=1.3085236787446775e-05|NORM_1WORD=1.1006691238435451e-05|NORM_3PLUS=3.908667167706881e-06
lols	O=0.9998711347579956|NORM_1WORD=6.502910400740802e-05|NORM_2WORD=5.7737339375307783e-05|NORM_3PLUS=4.125960913370363e-06

u	NORM_1WORD=0.999961256980896|NORM_3PLUS=1.5493720638914965e-05|O=1.1534893019415904e-05|NORM_2WORD=6.511771516670706e-06
just	O=0.9999841451644897|NORM_2WORD=6.2707126744498964e-06|NORM_1WORD=4.793793323187856e-06|NORM_3PLUS=2.2309286578092724e-06
wait	O=0.9999887943267822|NORM_1WORD=5.7629181355878245e-06|NORM_2WORD=3.074678716075141e-06|NORM_3PLUS=9.817006230150582e-07
"	O=0.9999889135360718|NORM_2WORD=4.082956365891732e-06|NORM_1WORD=3.2705079320294317e-06|NORM_3PLUS=1.743610596349754e-06
@timmybonez	O=0.9999889135360718|NORM_2WORD=4.813422947336221e-06|NORM_1WORD=3.439256715864758e-06|NORM_3PLUS=1.5156207382460707e-06
:	O=0.9999892711639404|NORM_2WORD=4.002601144748041e-06|NORM_1WORD=3.39529196935473e-06|NORM_3PLUS=1.4273875876824604e-06
@ennyboss	O=0.999987006187439|NORM_2WORD=7.64772903494304e-06|NORM_1WORD=3.0603362120018573e-06|NORM_3PLUS=1.2487288358897786e-06
errm	NORM_1WORD=0.9963731169700623|O=0.0023404767271131277|NORM_2WORD=0.001245180144906044|NORM_3PLUS=3.463413304416463e-05
..	O=0.9999810457229614|NORM_1WORD=6.5056005951191764e-06|NORM_2WORD=4.8547840378887486e-06|NORM_3PLUS=2.852532361430349e-06
what	O=0.9999904632568359|NORM_2WORD=3.6807855394727085e-06|NORM_1WORD=3.4349616271356354e-06|NORM_3PLUS=1.0648343504726654e-06
really	O=0.9999873638153076|NORM_1WORD=4.847134732699487e-06|NORM_2WORD=4.6023410504858475e-06|NORM_3PLUS=1.210161144626909e-06
happened	O=0.9999772310256958|NORM_1WORD=1.2968702321813907e-05|NORM_2WORD=5.228553618508158e-06|NORM_3PLUS=1.6882316913324757e-06
then	O=0.9999860525131226|NORM_1WORD=7.8545463111368e-06|NORM_2WORD=3.5928617307945387e-06|NORM_3PLUS=1.1378873523426591e-06
pls	NORM_1WORD=0.999948263168335|O=2.1674888557754457e-05|NORM_2WORD=1.5305977285606787e-05|NORM_3PLUS=9.830750968831126e-06
?	O=0.9999864101409912|NORM_2WORD=5.582200174103491e-06|NORM_1WORD=3.792655661527533e-06|NORM_3PLUS=1.7779295831132913e-06
"	O=0.9999891519546509|NORM_1WORD=3.7775089367642067e-06|NORM_2WORD=3.4694596706685843e-06|NORM_3PLUS=1.5887843574091676e-06

hong	O=0.9999736547470093|NORM_2WORD=1.2520004020188935e-05|NORM_1WORD=7.322974397538928e-06|NORM_3PLUS=4.050989900861168e-06
jong	O=0.9998821020126343|NORM_1WORD=4.1804050852078944e-05|NORM_2WORD=4.018481922685169e-05|NORM_3PLUS=1.983074253075756e-05
hyun	O=0.9999760389328003|NORM_2WORD=1.302971850236645e-05|NORM_1WORD=5.720042736356845e-06|NORM_3PLUS=3.5356704302103026e-06
and	O=0.9999792575836182|NORM_2WORD=1.060167960531544e-05|NORM_1WORD=5.105959189677378e-06|NORM_3PLUS=3.0876490200171247e-06
girl's	O=0.999976634979248|NORM_2WORD=1.3694655535800848e-05|NORM_1WORD=7.855903277231846e-06|NORM_3PLUS=1.212100073644251e-06
day's	O=0.9999550580978394|NORM_1WORD=2.3035972844809294e-05|NORM_2WORD=1.8830536646419205e-05|NORM_3PLUS=2.0353743366285926e-06
yura	O=0.999790608882904|NORM_1WORD=0.00013678279356099665|NORM_2WORD=6.117223529145122e-05|NORM_3PLUS=8.534433618478943e-06
to	O=0.9999819993972778|NORM_2WORD=9.947233593265992e-06|NORM_1WORD=5.238900484982878e-06|NORM_3PLUS=1.900138272503682e-06
join	O=0.9999444484710693|NORM_1WORD=2.9755201467196457e-05|NORM_2WORD=1.699220410955604e-05|NORM_3PLUS=4.686834017775254e-06
'	O=0.9999805688858032|NORM_1WORD=9.152716302196495e-06|NORM_2WORD=7.437203748850152e-06|NORM_3PLUS=1.320816522820678e-06
we	O=0.9999895095825195|NORM_2WORD=4.160515345574822e-06|NORM_1WORD=3.987704531027703e-06|NORM_3PLUS=1.3075546121399384e-06
got	O=0.9999606609344482|NORM_1WORD=2.0895085981464945e-05|NORM_2WORD=1.1552687283256091e-05|NORM_3PLUS=2.9797013212373713e-06
married	O=0.999950647354126|NORM_1WORD=2.2194044504431076e-05|NORM_2WORD=1.7566513633937575e-05|NORM_3PLUS=4.267999884177698e-06
'	O=0.9999815225601196|NORM_2WORD=7.507316695409827e-06|NORM_1WORD=6.83508551446721e-06|NORM_3PLUS=1.9486365090415347e-06
season	O=0.9999582767486572|NORM_1WORD=1.6583684555371292e-05|NORM_2WORD=1.531017551315017e-05|NORM_3PLUS=4.9671734814182855e-06
4	O=0.9999716281890869|NORM_1WORD=1.815813266148325e-05|NORM_2WORD=7.5229313551972155e-06|NORM_3PLUS=1.7455186025472358e-06
:	O=0.9999785423278809|NORM_2WORD=8.955199518823065e-06|NORM_1WORD=5.2360705922183115e-06|NORM_3PLUS=3.6186074794386514e-06
actor	O=0.9999516010284424|NORM_1WORD=2.129106542270165e-05|NORM_2WORD=1.5722887837910093e-05|NORM_3PLUS=5.8406053540238645e-06
hong	O=0.9999746084213257|NORM_2WORD=1.1644546248135157e-05|NORM_1WORD=7.665757948416285e-06|NORM_3PLUS=3.786405841310625e-06
jong	O=0.9999099969863892|NORM_1WORD=3.073459447477944e-05|NORM_2WORD=2.970357127196621e-05|NORM_3PLUS=1.5985304344212636e-05
hyun	O=0.9999790191650391|NORM_2WORD=1.1376457223377656e-05|NORM_1WORD=4.4613725549425e-06|NORM_3PLUS=3.5295627185405465e-06
and	O=0.9999716281890869|NORM_2WORD=1.3576383025792893e-05|NORM_1WORD=5.6784497246553656e-06|NORM_3PLUS=5.6053663683997e-06
girl's	O=0.9999798536300659|NORM_2WORD=1.2407470421749167e-05|NORM_1WORD=4.806113793165423e-06|NORM_3PLUS=1.8950615867652232e-06
day's	O=0.9999675750732422|NORM_2WORD=1.7666068742983043e-05|NORM_1WORD=1.0822423064382747e-05|NORM_3PLUS=2.551541683715186e-06
...	O=0.9999570846557617|NORM_2WORD=1.9914787117158994e-05|NORM_3PLUS=7.380828265013406e-06|NORM_1WORD=6.672552444797475e-06
http://t.co/ltwr31azco	O=0.9999849796295166|NORM_2WORD=8.290271580335684e-06|NORM_3PLUS=2.700172899494646e-06|NORM_1WORD=2.157646804334945e-06

who	O=0.9999868869781494|NORM_2WORD=5.8203986554872245e-06|NORM_3PLUS=2.6543332296569133e-06|NORM_1WORD=2.5860101686703274e-06
wore	O=0.9999617338180542|NORM_1WORD=2.6647681806934997e-05|NORM_2WORD=7.022365934972186e-06|NORM_3PLUS=2.646877874212805e-06
it	O=0.9999842643737793|NORM_1WORD=6.76164108881494e-06|NORM_2WORD=5.138586857356131e-06|NORM_3PLUS=1.8379319044470321e-06
better	O=0.9999898672103882|NORM_1WORD=3.6565443224390037e-06|NORM_2WORD=3.1842587304709014e-06|NORM_3PLUS=1.4890555348756607e-06
?	O=0.9999834299087524|NORM_2WORD=7.089100563462125e-06|NORM_3PLUS=3.383012426638743e-06|NORM_1WORD=2.2929236820345977e-06
lee	O=0.9999793767929077|NORM_2WORD=8.38666073832428e-06|NORM_1WORD=5.611652341031004e-06|NORM_3PLUS=4.441045348357875e-06
yeon	O=0.9999762773513794|NORM_2WORD=1.1082040145993233e-05|NORM_3PLUS=5.228961981629254e-06|NORM_1WORD=4.965244897903176e-06
hee	O=0.9999740123748779|NORM_2WORD=1.0834120075742248e-05|NORM_3PLUS=6.391247552528512e-06|NORM_1WORD=5.766532012785319e-06
vs	O=0.9999830722808838|NORM_2WORD=6.146153737063287e-06|NORM_3PLUS=3.858368927467382e-06|NORM_1WORD=3.1205765935737872e-06
.	O=0.9999837875366211|NORM_2WORD=6.289276370807784e-06|NORM_3PLUS=4.675036961998558e-06|NORM_1WORD=2.1969856334180804e-06
jessica	O=0.9999802112579346|NORM_2WORD=1.09621378214797e-05|NORM_1WORD=3.3998135222645942e-06|NORM_3PLUS=3.2450159324071137e-06
http://t.co/grdznikba6	O=0.9999868869781494|NORM_2WORD=5.86380065215053e-06|NORM_3PLUS=2.9840994102414697e-06|NORM_1WORD=2.2298966086964356e-06

@andyhspurs	O=0.9999822378158569|NORM_2WORD=9.744110684550833e-06|NORM_1WORD=2.9679422368644737e-06|NORM_3PLUS=2.7567716642806772e-06
@stespurs	O=0.9999898672103882|NORM_2WORD=5.243479790806305e-06|NORM_1WORD=2.5248120891774306e-06|NORM_3PLUS=1.281625372939743e-06
@pipey78	O=0.9999806880950928|NORM_2WORD=8.819468348519877e-06|NORM_1WORD=4.662800165533554e-06|NORM_3PLUS=3.2504813134437427e-06
why	O=0.9999858140945435|NORM_1WORD=6.0149127421027515e-06|NORM_2WORD=4.78385891256039e-06|NORM_3PLUS=1.8386396050118492e-06
you	O=0.999988317489624|NORM_1WORD=5.052721462561749e-06|NORM_2WORD=3.925471446564188e-06|NORM_3PLUS=1.417214548382617e-06
going	O=0.9999810457229614|NORM_1WORD=7.435540283040609e-06|NORM_2WORD=7.270524747582385e-06|NORM_3PLUS=2.0659156234614784e-06
on	O=0.9999821186065674|NORM_2WORD=8.015170351427514e-06|NORM_1WORD=6.686389951937599e-06|NORM_3PLUS=1.740684524520475e-06
about	O=0.9999858140945435|NORM_2WORD=5.817601504531922e-06|NORM_1WORD=4.562326466839295e-06|NORM_3PLUS=1.92054267245112e-06
benitez	O=0.9999754428863525|NORM_1WORD=1.3254704754217528e-05|NORM_2WORD=6.051039235899225e-06|NORM_3PLUS=3.015467882505618e-06
?	O=0.9999810457229614|NORM_1WORD=5.903655619476922e-06|NORM_2WORD=5.85618272452848e-06|NORM_3PLUS=2.8925583137606736e-06
why	O=0.9999837875366211|NORM_1WORD=7.329511845455272e-06|NORM_2WORD=5.0256712711416185e-06|NORM_3PLUS=2.13726320907881e-06
on	O=0.9999783039093018|NORM_1WORD=1.478743797633797e-05|NORM_2WORD=5.254196366877295e-06|NORM_3PLUS=8.854171369421238e-07
earth	O=0.9999786615371704|NORM_1WORD=1.183659060188802e-05|NORM_2WORD=6.831657628936227e-06|NORM_3PLUS=1.6544079244340537e-06
leave	O=0.9999723434448242|NORM_1WORD=1.969347613339778e-05|NORM_2WORD=4.852172423852608e-06|NORM_3PLUS=1.6081648936960846e-06
napoli	O=0.9999799728393555|NORM_1WORD=9.275643606088124e-06|NORM_2WORD=5.912145752517972e-06|NORM_3PLUS=2.5568810997356195e-06
now	O=0.9999814033508301|NORM_1WORD=8.654549674247392e-06|NORM_2WORD=6.014037353452295e-06|NORM_3PLUS=1.949448687810218e-06
?	O=0.9999806880950928|NORM_1WORD=6.532561656058533e-06|NORM_2WORD=6.219447641342413e-06|NORM_3PLUS=2.8932358873134945e-06
poch	NORM_1WORD=0.9976245760917664|O=0.0022413344122469425|NORM_2WORD=0.00011019111116183922|NORM_3PLUS=1.8662009097170085e-05
will	O=0.9999613761901855|NORM_1WORD=1.7652653696131893e-05|NORM_2WORD=1.5121393516892567e-05|NORM_3PLUS=4.042303316964535e-06
get	O=0.9999867677688599|NORM_1WORD=7.620207270520041e-06|NORM_2WORD=3.5889258924726164e-06|NORM_3PLUS=1.1145489224873018e-06
time	O=0.9999662637710571|NORM_1WORD=2.0344046788522974e-05|NORM_2WORD=8.62089200381888e-06|NORM_3PLUS=2.2313397494144738e-06
,	O=0.9999786615371704|NORM_1WORD=8.203002835216466e-06|NORM_2WORD=7.316602932405658e-06|NORM_3PLUS=3.1163069706963142e-06
let's	O=0.9999814033508301|NORM_2WORD=9.52052232605638e-06|NORM_1WORD=5.530883299798006e-06|NORM_3PLUS=2.368894001847366e-06
get	O=0.999977707862854|NORM_1WORD=1.1186339179403149e-05|NORM_2WORD=6.373109044943703e-06|NORM_3PLUS=2.5054584966710536e-06
behind	O=0.9999605417251587|NORM_1WORD=2.813425635395106e-05|NORM_2WORD=6.520168881252175e-06|NORM_3PLUS=2.573945039330283e-06
him	O=0.999966025352478|NORM_1WORD=1.3700099771085661e-05|NORM_2WORD=1.0856788321689237e-05|NORM_3PLUS=4.8834262997843325e-06

rt	O=0.9999759197235107|NORM_2WORD=1.0580222806311212e-05|NORM_1WORD=7.81799008109374e-06|NORM_3PLUS=2.980980525535415e-06
@donotkyungsoo	O=0.9999746084213257|NORM_2WORD=1.1421586350479629e-05|NORM_1WORD=7.198450020950986e-06|NORM_3PLUS=4.359531885711476e-06
:	O=0.9999887943267822|NORM_1WORD=4.030792297271546e-06|NORM_2WORD=3.889405434165383e-06|NORM_3PLUS=1.4220893262972822e-06
suho	O=0.9999791383743286|NORM_1WORD=1.0419999853183981e-05|NORM_2WORD=8.113131116260774e-06|NORM_3PLUS=1.4725691244166228e-06
going	O=0.9999833106994629|NORM_2WORD=7.857394848542754e-06|NORM_1WORD=5.920787316426868e-06|NORM_3PLUS=1.7365845224048826e-06
to	O=0.9999825954437256|NORM_2WORD=8.84725886862725e-06|NORM_1WORD=4.297876330383588e-06|NORM_3PLUS=2.5785498110053595e-06
start	O=0.9999850988388062|NORM_1WORD=6.355354798870394e-06|NORM_2WORD=5.62061768505373e-06|NORM_3PLUS=1.44614227792772e-06
crying	O=0.9999871253967285|NORM_2WORD=5.8240871112502646e-06|NORM_1WORD=5.162173238204559e-06|NORM_3PLUS=1.0524713616177905e-06
i	O=0.9999849796295166|NORM_1WORD=5.582464382314356e-06|NORM_2WORD=4.961302693118341e-06|NORM_3PLUS=2.0233912891853834e-06
can	O=0.9999788999557495|NORM_1WORD=9.423932169738691e-06|NORM_2WORD=7.900241143943276e-06|NORM_3PLUS=1.817261704673001e-06
feel	O=0.999975323677063|NORM_1WORD=1.652164246479515e-05|NORM_2WORD=5.069848612038186e-06|NORM_3PLUS=1.477416503803397e-06
it	O=0.9999822378158569|NORM_1WORD=1.1059312782890629e-05|NORM_2WORD=4.384113708510995e-06|NORM_3PLUS=1.1776500059568207e-06
lmao	O=0.9999622106552124|NORM_2WORD=2.3050157324178144e-05|NORM_1WORD=7.084476237650961e-06|NORM_3PLUS=5.74829027755186e-06

eric	O=0.9999856948852539|NORM_1WORD=5.972811777610332e-06|NORM_2WORD=5.735212653235067e-06|NORM_3PLUS=1.3969206520414446e-06
stonestreet	O=0.9999880790710449|NORM_2WORD=5.071460691397078e-06|NORM_1WORD=3.892906079272507e-06|NORM_3PLUS=1.9264998627477325e-06
--	O=0.999974250793457|NORM_2WORD=1.0742781341832597e-05|NORM_1WORD=4.732166416943073e-06|NORM_3PLUS=4.27835811933619e-06
beefs	O=0.9999414682388306|NORM_2WORD=3.660416405182332e-05|NORM_1WORD=1.619603790459223e-05|NORM_3PLUS=3.2546868169447407e-06
with	O=0.9999842643737793|NORM_2WORD=6.968838533794042e-06|NORM_1WORD=3.2396367259934777e-06|NORM_3PLUS=3.0775045161135495e-06
kiss	O=0.9999737739562988|NORM_2WORD=1.6296806279569864e-05|NORM_1WORD=4.4789171624870505e-06|NORM_3PLUS=3.1827350994717563e-06
over	O=0.999984860420227|NORM_1WORD=6.665341061307117e-06|NORM_2WORD=5.858143595105503e-06|NORM_3PLUS=1.5185878510237671e-06
perceived	O=0.999975323677063|NORM_2WORD=1.0027718417404685e-05|NORM_1WORD=8.481140866933856e-06|NORM_3PLUS=3.2363343507313402e-06
mom	O=0.9999704360961914|NORM_2WORD=1.4952986930438783e-05|NORM_1WORD=8.743461876292713e-06|NORM_3PLUS=2.3407008029607823e-06
diss	NORM_1WORD=0.9113722443580627|O=0.06723569333553314|NORM_2WORD=0.021010221913456917|NORM_3PLUS=0.00034181721275672317
http://t.co/x7kqilw0nb	O=0.9999876022338867|NORM_2WORD=6.608105195482494e-06|NORM_1WORD=3.481950898276409e-06|NORM_3PLUS=1.4755773918295745e-06

why	O=0.999985933303833|NORM_1WORD=7.073734195728321e-06|NORM_2WORD=3.964721599913901e-06|NORM_3PLUS=1.7306355175605859e-06
is	O=0.9999535083770752|NORM_1WORD=2.6654148314264603e-05|NORM_2WORD=1.3010265320190229e-05|NORM_3PLUS=3.870626642310526e-06
my	O=0.9999704360961914|NORM_2WORD=1.2218141819175798e-05|NORM_1WORD=9.286964086641092e-06|NORM_3PLUS=4.0137597352440935e-06
whole	O=0.9999773502349854|NORM_1WORD=1.3549504728871398e-05|NORM_2WORD=5.1035785872954875e-06|NORM_3PLUS=2.0219658836140297e-06
tl	O=0.9790762662887573|NORM_1WORD=0.01966877654194832|NORM_2WORD=0.001178368809632957|NORM_3PLUS=5.595605034613982e-05
talking	O=0.9999212026596069|NORM_1WORD=4.1443301597610116e-05|NORM_2WORD=1.975734812731389e-05|NORM_3PLUS=7.341189302678686e-06
about	O=0.9999834299087524|NORM_1WORD=6.350424428092083e-06|NORM_2WORD=5.791973308078013e-06|NORM_3PLUS=2.1069281501695514e-06
how	O=0.9999749660491943|NORM_1WORD=1.0427332199469674e-05|NORM_2WORD=7.91521688370267e-06|NORM_3PLUS=2.825974434017553e-06
attractive	O=0.9999769926071167|NORM_1WORD=1.4126870155450888e-05|NORM_2WORD=4.4859507397632115e-06|NORM_3PLUS=1.931139649968827e-06
zayn	O=0.9999834299087524|NORM_1WORD=8.086693924269639e-06|NORM_2WORD=5.427254563983297e-06|NORM_3PLUS=1.796135734366544e-06
malik	O=0.9999579191207886|NORM_1WORD=1.7710633983369917e-05|NORM_2WORD=1.1271561561443377e-05|NORM_3PLUS=6.767998002032982e-06
is	O=0.9999756813049316|NORM_1WORD=1.231197893503122e-05|NORM_2WORD=6.773278073524125e-06|NORM_3PLUS=2.7346638944436563e-06
im	NORM_1WORD=0.9999443292617798|NORM_3PLUS=3.0990537197794765e-05|O=1.1899452147190459e-05|NORM_2WORD=6.344612756947754e-06
having	O=0.9999457597732544|NORM_1WORD=2.987229891004972e-05|NORM_2WORD=1.4164199455990456e-05|NORM_3PLUS=4.542606802715454e-06
chest	O=0.9998544454574585|NORM_1WORD=0.00012903919559903443|NORM_2WORD=1.3520385437004734e-05|NORM_3PLUS=1.8343612282478716e-06
pains	O=0.99996018409729|NORM_2WORD=2.3265949494089e-05|NORM_1WORD=1.2765878636855632e-05|NORM_3PLUS=2.251700379929389e-06

rt	O=0.9999814033508301|NORM_2WORD=7.985257070686202e-06|NORM_1WORD=6.926961759745609e-06|NORM_3PLUS=1.887287680801819e-06
@marchyprobs	O=0.9999862909317017|NORM_2WORD=8.385551154788118e-06|NORM_1WORD=3.1108786515687825e-06|NORM_3PLUS=1.1594235047596158e-06
:	O=0.9999872446060181|NORM_1WORD=4.476099093153607e-06|NORM_2WORD=4.275688752386486e-06|NORM_3PLUS=1.616226995793113e-06
looch	O=0.9998540878295898|NORM_1WORD=0.0001312146632699296|NORM_2WORD=1.237904689332936e-05|NORM_3PLUS=1.3914799410486012e-06
doesn't	O=0.9999842643737793|NORM_1WORD=7.525853561674012e-06|NORM_2WORD=5.632944066746859e-06|NORM_3PLUS=1.2565358247229597e-06
have	O=0.9999845027923584|NORM_1WORD=8.168754902726505e-06|NORM_2WORD=5.024500296713086e-06|NORM_3PLUS=1.1397646630939562e-06
to	O=0.9999856948852539|NORM_1WORD=6.517373549286276e-06|NORM_2WORD=5.142781446920708e-06|NORM_3PLUS=1.4250377944335924e-06
kill	O=0.9999514818191528|NORM_1WORD=3.05521025438793e-05|NORM_2WORD=9.777907507668715e-06|NORM_3PLUS=3.1354047678178176e-06
weise	O=0.9999595880508423|NORM_1WORD=2.7619549655355513e-05|NORM_2WORD=9.814600161917042e-06|NORM_3PLUS=1.8536919696998666e-06
next	O=0.9999868869781494|NORM_1WORD=7.107192686817143e-06|NORM_2WORD=3.7188433452683967e-06|NORM_3PLUS=1.0766038940346334e-06
year	O=0.9999839067459106|NORM_1WORD=1.0130114787898492e-05|NORM_2WORD=4.311099019105313e-06|NORM_3PLUS=8.462335472358973e-07
now	O=0.9999840259552002|NORM_1WORD=8.859142326400615e-06|NORM_2WORD=4.341408384789247e-06|NORM_3PLUS=1.27990654164023e-06
.	O=0.999987006187439|NORM_1WORD=5.107225661049597e-06|NORM_2WORD=4.236761469655903e-06|NORM_3PLUS=1.8350733625993598e-06
he	O=0.9999842643737793|NORM_1WORD=7.991671736817807e-06|NORM_2WORD=4.4651628741121385e-06|NORM_3PLUS=1.3425531051325379e-06
just	O=0.9999804496765137|NORM_1WORD=1.0267598554491997e-05|NORM_2WORD=5.0288954298594035e-06|NORM_3PLUS=1.7508957625977928e-06
got	O=0.9999651908874512|NORM_1WORD=2.3664182663196698e-05|NORM_2WORD=6.050025604054099e-06|NORM_3PLUS=1.936507487698691e-06
destroyed	O=0.9999896287918091|NORM_1WORD=5.120158220961457e-06|NORM_2WORD=3.682829628814943e-06|NORM_3PLUS=7.958852847878006e-07
#nhl15bergeron	O=0.9999896287918091|NORM_2WORD=4.466647624212783e-06|NORM_1WORD=3.9391684367728885e-06|NORM_3PLUS=9.47568594256154e-07

@sydkn33c	O=0.9999831914901733|NORM_2WORD=1.0385507266619243e-05|NORM_1WORD=2.3914544726721942e-06|NORM_3PLUS=2.358711299166316e-06
@merna_fm	O=0.9999834299087524|NORM_2WORD=1.0348177966079675e-05|NORM_3PLUS=2.504168605810264e-06|NORM_1WORD=2.2283138605416752e-06
weddings	O=0.9997825026512146|NORM_2WORD=0.0001721067528706044|NORM_1WORD=2.5234812710550614e-05|NORM_3PLUS=1.3719209164264612e-05
in	O=0.999969482421875|NORM_1WORD=1.4196695701684803e-05|NORM_2WORD=1.0714950803958345e-05|NORM_3PLUS=2.2876649836689467e-06
the	O=0.9999576807022095|NORM_2WORD=2.707810745050665e-05|NORM_1WORD=7.25858490113751e-06|NORM_3PLUS=4.804256604984403e-06
summer	O=0.9999632835388184|NORM_1WORD=1.6498739569215104e-05|NORM_2WORD=1.3764522009296343e-05|NORM_3PLUS=3.5276329981570598e-06
in	O=0.9999740123748779|NORM_1WORD=1.3348111679079011e-05|NORM_2WORD=8.074117431533523e-06|NORM_3PLUS=1.8511165080781211e-06
aruba	O=0.9990574717521667|NORM_1WORD=0.0006182578508742154|NORM_2WORD=0.0002784398093353957|NORM_3PLUS=3.3697626349749044e-05
ofc	NORM_1WORD=0.8192142248153687|NORM_2WORD=0.16406764090061188|O=0.011806097812950611|NORM_3PLUS=0.00462992861866951
u	NORM_1WORD=0.9999392032623291|O=2.172647145926021e-05|NORM_3PLUS=1.7690670574666e-05|NORM_2WORD=1.3547475646191742e-05
guys	O=0.999051034450531|NORM_1WORD=0.0008087051101028919|NORM_2WORD=0.00011489469034131616|NORM_3PLUS=1.6518481061211787e-05
r	NORM_1WORD=0.9999268054962158|O=4.655988232116215e-05|NORM_2WORD=1.0715351891121827e-05|NORM_3PLUS=1.0352251592848916e-05
my	O=0.9999837875366211|NORM_2WORD=6.858254891994875e-06|NORM_1WORD=5.002131274522981e-06|NORM_3PLUS=2.2337189875543118e-06
bridesmaids	O=0.9999253749847412|NORM_2WORD=6.206870602909476e-05|NORM_1WORD=6.7687137743632775e-06|NORM_3PLUS=3.789398078879458e-06

http://t.co/dye4akqs8e	O=0.9999895095825195|NORM_2WORD=5.388206318457378e-06|NORM_1WORD=2.149058218492428e-06|NORM_3PLUS=2.0100681012991117e-06
#2	O=0.9999772310256958|NORM_1WORD=8.632809112896211e-06|NORM_2WORD=7.741972694930155e-06|NORM_3PLUS=3.2566663321631495e-06
:	O=0.9999904632568359|NORM_2WORD=4.341970907262294e-06|NORM_1WORD=2.127134621332516e-06|NORM_3PLUS=1.6809633507364197e-06
clep	O=0.999963641166687|NORM_1WORD=2.0764915461768396e-05|NORM_2WORD=1.22242472571088e-05|NORM_3PLUS=2.270124014103203e-06
american	O=0.9999864101409912|NORM_2WORD=5.6423541536787525e-06|NORM_1WORD=3.591358790799859e-06|NORM_3PLUS=2.3339064227911877e-06
literature	O=0.999976634979248|NORM_1WORD=1.3464311450661626e-05|NORM_2WORD=6.883813512104098e-06|NORM_3PLUS=1.5357755955847097e-06
with	O=0.9999825954437256|NORM_1WORD=7.256612207129365e-06|NORM_2WORD=5.913745553698391e-06|NORM_3PLUS=2.2846818410471315e-06
online	O=0.9999822378158569|NORM_1WORD=7.594120688736439e-06|NORM_2WORD=5.539021913136821e-06|NORM_3PLUS=2.8832034786319127e-06
pratice	NORM_1WORD=0.7584577798843384|O=0.24065321683883667|NORM_2WORD=0.0007812909898348153|NORM_3PLUS=8.621936285635456e-05
tests	O=0.9999388456344604|NORM_1WORD=3.9852231566328555e-05|NORM_2WORD=1.2214250091346912e-05|NORM_3PLUS=4.693414666689932e-06
clep	O=0.9999215602874756|NORM_1WORD=5.846925705554895e-05|NORM_2WORD=1.445214275008766e-05|NORM_3PLUS=3.5788179957307875e-06
american	O=0.9999828338623047|NORM_2WORD=6.29195756118861e-06|NORM_1WORD=5.060346211394062e-06|NORM_3PLUS=2.9636787530762376e-06
literature	O=0.999976396560669|NORM_1WORD=1.4477531294687651e-05|NORM_2WORD=5.892423359910026e-06|NORM_3PLUS=1.6513997707079398e-06
with	O=0.9999771118164062|NORM_1WORD=1.2053336831741035e-05|NORM_2WORD=6.233534350030823e-06|NORM_3PLUS=2.4424098228337243e-06
on	O=0.9999823570251465|NORM_1WORD=8.714495379535947e-06|NORM_2WORD=6.025731636327691e-06|NORM_3PLUS=2.048564965662081e-06
...	O=0.9999727010726929|NORM_2WORD=1.141165557783097e-05|NORM_1WORD=6.672917606920237e-06|NORM_3PLUS=4.244473529979587e-06
http://t.co/gz25gyhzjp	O=0.9999831914901733|NORM_2WORD=9.28156623558607e-06|NORM_3PLUS=3.2361067496822216e-06|NORM_1WORD=2.807205646604416e-06

looks	O=0.9999679327011108|NORM_2WORD=1.5936257113935426e-05|NORM_1WORD=1.056211294780951e-05|NORM_3PLUS=2.4964590465970105e-06
like	O=0.9999678134918213|NORM_2WORD=2.2121397705632262e-05|NORM_1WORD=5.066818630439229e-06|NORM_3PLUS=2.6984248506778385e-06
1	O=0.9998536109924316|NORM_2WORD=8.091540803434327e-05|NORM_1WORD=4.322651511756703e-05|NORM_3PLUS=9.608525033399928e-06
person	O=0.9999182224273682|NORM_2WORD=5.5427597544621676e-05|NORM_1WORD=1.6811985915410332e-05|NORM_3PLUS=5.633232831314672e-06
unfollowed	O=0.9998761415481567|NORM_2WORD=9.268920257454738e-05|NORM_1WORD=2.3932961994432844e-05|NORM_3PLUS=4.340079158282606e-06
me	O=0.9998983144760132|NORM_2WORD=5.976379179628566e-05|NORM_1WORD=1.839428296079859e-05|NORM_3PLUS=1.3454606232699007e-05
recently	O=0.9999414682388306|NORM_2WORD=3.5900760849472135e-05|NORM_1WORD=1.1920089491468389e-05|NORM_3PLUS=4.763684046338312e-06
.	O=0.9999154806137085|NORM_2WORD=5.158711428521201e-05|NORM_3PLUS=1.314273049501935e-05|NORM_1WORD=1.0368693438067567e-05
good	O=0.9999675750732422|NORM_1WORD=1.5465266187675297e-05|NORM_2WORD=1.286160659219604e-05|NORM_3PLUS=1.9956012238253606e-06
thing	O=0.9999583959579468|NORM_1WORD=2.3013039026409388e-05|NORM_2WORD=1.5975654605426826e-05|NORM_3PLUS=1.5470930065930588e-06
i	O=0.9999825954437256|NORM_2WORD=7.451062629115768e-06|NORM_1WORD=6.3564662013959605e-06|NORM_3PLUS=1.8266858887727722e-06
use	O=0.9999761581420898|NORM_2WORD=1.3519671483663842e-05|NORM_1WORD=7.430945970554603e-06|NORM_3PLUS=1.6243552636296954e-06
http://t.co/ignryregix	O=0.9999679327011108|NORM_1WORD=1.5158614587562624e-05|NORM_2WORD=1.3375324670050759e-05|NORM_3PLUS=1.9300302938063396e-06
to	O=0.9999598264694214|NORM_2WORD=2.8537524485727772e-05|NORM_1WORD=5.7614925026427954e-06|NORM_3PLUS=3.4067550132022006e-06
track	O=0.9999537467956543|NORM_1WORD=2.5814513719524257e-05|NORM_2WORD=1.6192992916330695e-05|NORM_3PLUS=1.8420555534248706e-06
unfollowers	O=0.9995637536048889|NORM_2WORD=0.0003593881556298584|NORM_1WORD=4.845588046009652e-05|NORM_3PLUS=2.037067861238029e-05
.	O=0.9999188184738159|NORM_2WORD=5.036521179135889e-05|NORM_3PLUS=1.3383089026319794e-05|NORM_1WORD=9.352093002235051e-06
#whounfollowedme	O=0.9996094107627869|NORM_2WORD=0.00029664114117622375|NORM_3PLUS=5.355592293199152e-05|NORM_1WORD=1.7003072571242228e-05

@nfltalkrt	O=0.9999791383743286|NORM_2WORD=1.2884283023595344e-05|NORM_1WORD=4.113989689358277e-06|NORM_3PLUS=2.068900585072697e-06
i	O=0.9999711513519287|NORM_1WORD=1.0868976460187696e-05|NORM_2WORD=1.0564865988271777e-05|NORM_3PLUS=3.7207819332252257e-06
never	O=0.999983549118042|NORM_2WORD=7.4165859587083105e-06|NORM_1WORD=4.526194516074611e-06|NORM_3PLUS=2.277324711030815e-06
put	O=0.999977707862854|NORM_2WORD=1.1772634934459347e-05|NORM_1WORD=6.511723768198863e-06|NORM_3PLUS=2.0120255612710025e-06
retweet	O=0.9999401569366455|NORM_2WORD=2.884051536966581e-05|NORM_1WORD=1.948692624864634e-05|NORM_3PLUS=5.9506514844542835e-06
.	O=0.9999791383743286|NORM_2WORD=1.0732583177741617e-05|NORM_3PLUS=4.0935137803899124e-06|NORM_1WORD=2.9390987492661225e-06
i	O=0.9999792575836182|NORM_2WORD=7.954662578413263e-06|NORM_1WORD=7.015995379333617e-06|NORM_3PLUS=2.923190777437412e-06
just	O=0.9999862909317017|NORM_2WORD=7.029224889265606e-06|NORM_1WORD=3.2812554309202824e-06|NORM_3PLUS=1.8271700810146285e-06
retweeted	O=0.9999160766601562|NORM_2WORD=4.423052814672701e-05|NORM_1WORD=3.527565786498599e-05|NORM_3PLUS=2.529725634303759e-06
.	O=0.9999798536300659|NORM_2WORD=1.0345033842895646e-05|NORM_3PLUS=4.003044068667805e-06|NORM_1WORD=2.7672326723404694e-06

rt	O=0.9999837875366211|NORM_2WORD=8.085331501206383e-06|NORM_1WORD=4.09547737945104e-06|NORM_3PLUS=2.18884429159516e-06
@aurak4s1h	O=0.9999854564666748|NORM_2WORD=7.939742317830678e-06|NORM_1WORD=4.24064319304307e-06|NORM_3PLUS=1.5603432075295132e-06
:	O=0.999987006187439|NORM_2WORD=6.806729288655333e-06|NORM_1WORD=2.3172958663053578e-06|NORM_3PLUS=2.0626027890102705e-06
desain	O=0.9999830722808838|NORM_2WORD=8.500073818140663e-06|NORM_1WORD=3.6482431369222468e-06|NORM_3PLUS=2.5288820779678645e-06
rumah	O=0.9999768733978271|NORM_2WORD=1.280729611607967e-05|NORM_1WORD=6.360141014738474e-06|NORM_3PLUS=2.160765234293649e-06
mewah	O=0.9999829530715942|NORM_2WORD=7.23022685633623e-06|NORM_1WORD=6.264733656280441e-06|NORM_3PLUS=1.6522375290151103e-06
-	O=0.9999815225601196|NORM_2WORD=9.001265425467864e-06|NORM_1WORD=3.3971539323829347e-06|NORM_3PLUS=2.939509386123973e-06
deluxe	O=0.9997221827507019|NORM_2WORD=0.00018441511201672256|NORM_1WORD=8.037460065679625e-05|NORM_3PLUS=9.765304639586248e-06
interior	O=0.9999833106994629|NORM_2WORD=6.984041192481527e-06|NORM_1WORD=5.602716555586085e-06|NORM_3PLUS=2.0155396214249777e-06
design	O=0.9999842643737793|NORM_2WORD=7.543724223069148e-06|NORM_1WORD=5.239117399469251e-06|NORM_3PLUS=1.6324579519277904e-06
with	O=0.9999706745147705|NORM_2WORD=1.244872146344278e-05|NORM_1WORD=6.164650585560594e-06|NORM_3PLUS=4.929482201987412e-06
a	O=0.9999743700027466|NORM_2WORD=1.4724982975167222e-05|NORM_1WORD=5.231182058196282e-06|NORM_3PLUS=3.212168849131558e-06
rooftop	O=0.9998983144760132|NORM_2WORD=6.567430682480335e-05|NORM_1WORD=2.93824341497384e-05|NORM_3PLUS=3.9379146983264945e-06
garden	O=0.999966025352478|NORM_1WORD=1.9541475921869278e-05|NORM_2WORD=9.369577128381934e-06|NORM_3PLUS=2.1943167212157277e-06
http://t.co/nwbt6rtj0j	O=0.9999881982803345|NORM_2WORD=6.331744316412369e-06|NORM_1WORD=2.859634832930169e-06|NORM_3PLUS=1.6950452845776454e-06

@56la_hanif	O=0.9999881982803345|NORM_2WORD=5.386415978136938e-06|NORM_1WORD=4.355011242296314e-06|NORM_3PLUS=1.2197257319712662e-06
@millick61	O=0.9999803304672241|NORM_2WORD=8.005591553228442e-06|NORM_1WORD=5.488243914442137e-06|NORM_3PLUS=3.103845756413648e-06
lmaoo	O=0.999985933303833|NORM_1WORD=7.1851227403385565e-06|NORM_2WORD=4.129926765017444e-06|NORM_3PLUS=1.6435078578069806e-06
aww	O=0.9999476671218872|NORM_1WORD=3.962451592087746e-05|NORM_2WORD=9.451277946936898e-06|NORM_3PLUS=1.859766484813008e-06
mane	NORM_1WORD=0.997531533241272|O=0.0020645742770284414|NORM_2WORD=0.0001998975785681978|NORM_3PLUS=0.00019121641525998712
i	O=0.9999797344207764|NORM_1WORD=9.990696526074316e-06|NORM_2WORD=5.4674014791089576e-06|NORM_3PLUS=2.4321238925040234e-06
told	O=0.9999604225158691|NORM_1WORD=2.2165622795000672e-05|NORM_2WORD=9.90263833955396e-06|NORM_3PLUS=2.990661187141086e-06
ya	NORM_1WORD=0.9999139308929443|O=5.885605787625536e-05|NORM_3PLUS=1.1846293091366533e-05|NORM_2WORD=1.1568331501621287e-05
ass	O=0.9998924732208252|NORM_1WORD=7.789182564010844e-05|NORM_2WORD=2.6299861929146573e-05|NORM_3PLUS=2.0359243535494898e-06
to	O=0.9999822378158569|NORM_2WORD=9.259534635930322e-06|NORM_1WORD=4.567726136883721e-06|NORM_3PLUS=2.4934038265200797e-06
text	O=0.9999794960021973|NORM_1WORD=1.1692609405145049e-05|NORM_2WORD=6.186077825987013e-06|NORM_3PLUS=1.5399391486425884e-06
me	O=0.9999884366989136|NORM_2WORD=4.902686669083778e-06|NORM_1WORD=4.196334430162096e-06|NORM_3PLUS=1.3751125607086578e-06
when	O=0.9999818801879883|NORM_2WORD=6.650038358202437e-06|NORM_1WORD=6.006783678458305e-06|NORM_3PLUS=2.318683073099237e-06
you	O=0.9999876022338867|NORM_1WORD=5.397561380959814e-06|NORM_2WORD=4.077600806340342e-06|NORM_3PLUS=1.579581294208765e-06
got	O=0.9999589920043945|NORM_1WORD=2.7160491299582645e-05|NORM_2WORD=7.807382644386962e-06|NORM_3PLUS=2.504845269868383e-06
up	O=0.9999736547470093|NORM_1WORD=1.9891560441465117e-05|NORM_2WORD=4.26514361606678e-06|NORM_3PLUS=1.0742062386270845e-06
tho	NORM_1WORD=0.9998403787612915|O=9.379633411299437e-05|NORM_2WORD=2.76024602499092e-05|NORM_3PLUS=2.6508927476243116e-05

rt	O=0.9999797344207764|NORM_2WORD=9.678173228166997e-06|NORM_1WORD=6.268030574574368e-06|NORM_3PLUS=2.150541831724695e-06
@ammirul_mirza	O=0.9999847412109375|NORM_2WORD=8.368498129129875e-06|NORM_1WORD=3.25709743265179e-06|NORM_3PLUS=2.024852165050106e-06
:	O=0.9999887943267822|NORM_2WORD=4.045530204166425e-06|NORM_1WORD=4.002873538411222e-06|NORM_3PLUS=1.4051047401153482e-06
muka	O=0.9878588318824768|NORM_1WORD=0.008913345634937286|NORM_2WORD=0.0023575033992528915|NORM_3PLUS=0.0005853078328073025
bangga	O=0.9997678399085999|NORM_1WORD=0.00013653271889779717|NORM_2WORD=5.619291914626956e-05|NORM_3PLUS=2.049398608505726e-05
pegang	O=0.9998773336410522|NORM_1WORD=5.308773688739166e-05|NORM_2WORD=4.455432645045221e-05|NORM_3PLUS=1.438854724256089e-05
thomas	O=0.9999575614929199|NORM_2WORD=2.0376099200802855e-05|NORM_1WORD=1.8987306248163804e-05|NORM_3PLUS=1.649382284085732e-06
cup	O=0.9999734163284302|NORM_1WORD=1.3979969480715226e-05|NORM_2WORD=9.43477061809972e-06|NORM_3PLUS=1.5720912642791518e-06
.	O=0.9999892711639404|NORM_2WORD=3.995728093286743e-06|NORM_1WORD=3.8099990433693165e-06|NORM_3PLUS=1.50641608342994e-06
maklumlah	O=0.9999613761901855|NORM_1WORD=2.2415357307181694e-05|NORM_2WORD=1.1862750397995114e-05|NORM_3PLUS=2.5201361495419405e-06
'	O=0.999987006187439|NORM_1WORD=6.759242296539014e-06|NORM_2WORD=4.209864982840372e-06|NORM_3PLUS=9.258302497983095e-07
for	O=0.9999697208404541|NORM_1WORD=1.614917528058868e-05|NORM_2WORD=9.626445717003662e-06|NORM_3PLUS=2.0011173091916135e-06
the	O=0.9999523162841797|NORM_2WORD=2.0829695131396875e-05|NORM_1WORD=1.802566839614883e-05|NORM_3PLUS=4.147086656303145e-06
first	O=0.9999773502349854|NORM_1WORD=1.17030494948267e-05|NORM_2WORD=7.523533440689789e-06|NORM_3PLUS=1.4475398302238318e-06
time	O=0.9999605417251587|NORM_1WORD=1.6890320694074035e-05|NORM_2WORD=1.5791973055456765e-05|NORM_3PLUS=3.0224423426261637e-06
in	O=0.9999680519104004|NORM_1WORD=2.0261635654605925e-05|NORM_2WORD=8.249774509749841e-06|NORM_3PLUS=1.5465709566342412e-06
forever	O=0.9999761581420898|NORM_1WORD=1.2559104106912855e-05|NORM_2WORD=6.826228855061345e-06|NORM_3PLUS=1.907966179715004e-06
'	O=0.9999861717224121|NORM_1WORD=6.903661869728239e-06|NORM_2WORD=4.2856045183725655e-06|NORM_3PLUS=1.221028924192069e-06
hahahahaha	O=0.999972939491272|NORM_1WORD=1.63583317771554e-05|NORM_2WORD=7.046307018754305e-06|NORM_3PLUS=1.5681525837862864e-06

john	O=0.9999792575836182|NORM_2WORD=1.2196502211736515e-05|NORM_1WORD=5.329588475433411e-06|NORM_3PLUS=1.9345984583196696e-06
mayer	O=0.9999822378158569|NORM_2WORD=1.0118346835952252e-05|NORM_1WORD=4.363470452517504e-06|NORM_3PLUS=2.154883304683608e-06
"	O=0.9999862909317017|NORM_2WORD=6.011526693328051e-06|NORM_1WORD=4.218426056468161e-06|NORM_3PLUS=1.7384704733558465e-06
xo	O=0.999953031539917|NORM_1WORD=2.1359757738537155e-05|NORM_2WORD=1.9065915694227442e-05|NORM_3PLUS=3.2118002764036646e-06
(	O=0.9999697208404541|NORM_2WORD=1.4098234714765567e-05|NORM_1WORD=9.889150533126667e-06|NORM_3PLUS=2.9251541491248645e-06
beyonce	O=0.9998987913131714|NORM_2WORD=6.439363642130047e-05|NORM_1WORD=3.215973265469074e-05|NORM_3PLUS=3.1864872198639205e-06
cover	O=0.9999349117279053|NORM_2WORD=2.748989572864957e-05|NORM_1WORD=2.736011811066419e-05|NORM_3PLUS=5.524679636437213e-06
)	O=0.9999821186065674|NORM_2WORD=8.68944789544912e-06|NORM_1WORD=4.688236458605388e-06|NORM_3PLUS=2.038284719674266e-06
"	O=0.9999834299087524|NORM_2WORD=7.385670414805645e-06|NORM_1WORD=4.014148544229101e-06|NORM_3PLUS=2.420438704575645e-06
(	O=0.9999550580978394|NORM_2WORD=2.472705273248721e-05|NORM_1WORD=1.0724620551627595e-05|NORM_3PLUS=4.5763704292767216e-06
new	O=0.9999774694442749|NORM_2WORD=1.1766706847993191e-05|NORM_1WORD=5.16684713147697e-06|NORM_3PLUS=2.8603624286915874e-06
music	O=0.9999574422836304|NORM_1WORD=2.014946767303627e-05|NORM_2WORD=1.7199583453475498e-05|NORM_3PLUS=2.8733518320223084e-06
)	O=0.9999748468399048|NORM_2WORD=1.3140740520611871e-05|NORM_1WORD=5.725875780626666e-06|NORM_3PLUS=2.879530029531452e-06
-	O=0.9999659061431885|NORM_2WORD=1.900806455523707e-05|NORM_3PLUS=5.989378223603126e-06|NORM_1WORD=5.144102033227682e-06
http://t.co/dpwsakocj2	O=0.999981164932251|NORM_2WORD=1.0253779691993259e-05|NORM_1WORD=4.132582489546621e-06|NORM_3PLUS=2.6261902803526027e-06

lol	O=0.9999878406524658|NORM_1WORD=4.995410108676879e-06|NORM_2WORD=3.4515517199906753e-06|NORM_3PLUS=1.4984432255005231e-06
rt	O=0.9999755620956421|NORM_2WORD=1.0793309229484294e-05|NORM_1WORD=9.538988706481177e-06|NORM_3PLUS=2.251732666991302e-06
@fanzorro	O=0.999987006187439|NORM_2WORD=5.214776138018351e-06|NORM_1WORD=3.874730282404926e-06|NORM_3PLUS=1.8980704226123635e-06
:	O=0.9999896287918091|NORM_2WORD=3.986963292845758e-06|NORM_1WORD=3.205069560863194e-06|NORM_3PLUS=1.3386506907409057e-06
wait	O=0.9999887943267822|NORM_1WORD=6.037666025804356e-06|NORM_2WORD=2.8669164748862386e-06|NORM_3PLUS=9.307036066275032e-07
..	O=0.9999816417694092|NORM_1WORD=6.695236606901744e-06|NORM_2WORD=5.394703748606844e-06|NORM_3PLUS=2.568386662460398e-06
how	O=0.9999892711639404|NORM_1WORD=4.610045834851917e-06|NORM_2WORD=3.6159585761197377e-06|NORM_3PLUS=1.2362886536720907e-06
,	O=0.9999780654907227|NORM_1WORD=8.684599379193969e-06|NORM_2WORD=7.703585652052425e-06|NORM_3PLUS=2.6193511075689457e-06
infact	NORM_2WORD=0.9724880456924438|NORM_3PLUS=0.022198624908924103|O=0.003630903083831072|NORM_1WORD=0.0011313033755868673
,	O=0.9999866485595703|NORM_2WORD=5.686034455720801e-06|NORM_1WORD=4.02738305638195e-06|NORM_3PLUS=1.8594931816551252e-06
why	O=0.9999829530715942|NORM_1WORD=6.627095444855513e-06|NORM_2WORD=6.289097200351534e-06|NORM_3PLUS=2.1949126676190645e-06
do	O=0.9999833106994629|NORM_1WORD=9.523510016151704e-06|NORM_2WORD=4.901450665784068e-06|NORM_3PLUS=1.1664726571325446e-06
you	O=0.9999903440475464|NORM_2WORD=3.94205744669307e-06|NORM_1WORD=3.4296060675842455e-06|NORM_3PLUS=1.2074740425305208e-06
know	O=0.9999890327453613|NORM_1WORD=5.00579380968702e-06|NORM_2WORD=4.152541805524379e-06|NORM_3PLUS=8.475075219394057e-07
this	O=0.9999840259552002|NORM_2WORD=7.311431090784026e-06|NORM_1WORD=5.255374162516091e-06|NORM_3PLUS=1.6075302937679226e-06
??	O=0.9999825954437256|NORM_2WORD=6.269231562328059e-06|NORM_1WORD=5.839978257426992e-06|NORM_3PLUS=2.2269755390880164e-06
rt	O=0.9965852499008179|NORM_1WORD=0.0028850806411355734|NORM_2WORD=0.0005137277767062187|NORM_3PLUS=1.346443696093047e-05
@yung_btee	O=0.999990701675415|NORM_2WORD=3.871324679494137e-06|NORM_1WORD=3.245993866585195e-06|NORM_3PLUS=1.343180315416248e-06
:	O=0.9999868869781494|NORM_1WORD=4.932981482852483e-06|NORM_2WORD=4.459152933122823e-06|NORM_3PLUS=1.5918125200187205e-06
most	O=0.9999786615371704|NORM_1WORD=1.2411693205649499e-05|NORM_2WORD=5.366818641050486e-06|NORM_3PLUS=1.7868517261376837e-06
zulu	O=0.9999649524688721|NORM_1WORD=2.4480083084199578e-05|NORM_2WORD=7.718339475104585e-06|NORM_3PLUS=1.6212218270084122e-06
nikkas	O=0.9999709129333496|NORM_1WORD=1.432643966836622e-05|NORM_2WORD=1.226120821229415e-05|NORM_3PLUS=1.5792236354172928e-06
got	O=0.9999518394470215|NORM_1WORD=3.500623279251158e-05|NORM_2WORD=8.455695933662355e-06|NORM_3PLUS=2.359438212806708e-06
fore	O=0.9999788999557495|NORM_1WORD=1.2636161045520566e-05|NORM_2WORD=6.61189915263094e-06|NORM_3PLUS=1.0722712886490626e-06
skin	O=0.9999680519104004|NORM_1WORD=2.0872177628916688e-05|NORM_2WORD=7.642021955689415e-06|NORM_3PLUS=1.6587142681601108e-06
and	O=0.9999896287918091|NORM_1WORD=4.45615569333313e-06|NORM_2WORD=3.922673840861535e-06|NORM_3PLUS=1.005424792310805e-06
they	O=0.9999780654907227|NORM_1WORD=1.0487971849215683e-05|NORM_2WORD=6.567876425833674e-06|NORM_3PLUS=2.616974143165862e-06
smell	O=0.9999356269836426|NORM_1WORD=4.55351073469501e-05|NORM_2WORD=1.3814889825880527e-05|NORM_3PLUS=2.4617172584839864e-06
...	O=0.9999822378158569|NORM_1WORD=6.436134754039813e-06|NORM_2WORD=5.795856395707233e-06|NORM_3PLUS=2.3670511382078985e-06

refreshing	O=0.9999817609786987|NORM_2WORD=8.067484486673493e-06|NORM_1WORD=6.2945800891611725e-06|NORM_3PLUS=2.125062110280851e-06
"	O=0.999987006187439|NORM_2WORD=4.7622925194446e-06|NORM_1WORD=3.029439767487929e-06|NORM_3PLUS=2.414489699731348e-06
@mentionsimi	O=0.9999793767929077|NORM_2WORD=8.670269380672835e-06|NORM_1WORD=4.811284270545002e-06|NORM_3PLUS=3.6265562357584713e-06
:	O=0.9999878406524658|NORM_1WORD=4.413848728290759e-06|NORM_2WORD=3.925825694750529e-06|NORM_3PLUS=1.6827038962219376e-06
#spongebobadv	O=0.9999884366989136|NORM_2WORD=5.380785296438262e-06|NORM_1WORD=2.8072793156752596e-06|NORM_3PLUS=1.7975019090954447e-06
need	O=0.9999821186065674|NORM_1WORD=9.173214493785053e-06|NORM_2WORD=5.14515249960823e-06|NORM_3PLUS=1.6277549548249226e-06
refreshing	O=0.9999803304672241|NORM_1WORD=8.880129826138727e-06|NORM_2WORD=7.72688326833304e-06|NORM_3PLUS=1.4887600627844222e-06
/	O=0.9999864101409912|NORM_2WORD=5.17951775691472e-06|NORM_1WORD=4.144088961766101e-06|NORM_3PLUS=1.8443482758812024e-06
need	O=0.9999829530715942|NORM_1WORD=9.863924788078293e-06|NORM_2WORD=4.265675215719966e-06|NORM_3PLUS=1.3647629657498328e-06
hape	O=0.9997171759605408|NORM_2WORD=0.00016737128316890448|NORM_1WORD=0.00010691860370570794|NORM_3PLUS=6.174095233291155e-06
baru	O=0.9996539354324341|NORM_1WORD=0.00024802290135994554|NORM_2WORD=7.38271264708601e-05|NORM_3PLUS=1.7129352272604592e-05
?	O=0.9999868869781494|NORM_2WORD=4.7315766096289735e-06|NORM_1WORD=4.6005266085558105e-06|NORM_3PLUS=1.665801619310514e-06
"	O=0.9999868869781494|NORM_1WORD=4.1710245568538085e-06|NORM_2WORD=4.1195930862159e-06|NORM_3PLUS=2.160993062716443e-06

rt	O=0.9999814033508301|NORM_2WORD=9.067858627531677e-06|NORM_1WORD=4.313840236136457e-06|NORM_3PLUS=2.7863616196555085e-06
@jaredleto	O=0.9999866485595703|NORM_2WORD=5.960243015579181e-06|NORM_1WORD=2.599376330181258e-06|NORM_3PLUS=2.5453516627749195e-06
:	O=0.9999854564666748|NORM_2WORD=6.357739493978443e-06|NORM_1WORD=3.8117796066217124e-06|NORM_3PLUS=2.131284645656706e-06
cano	O=0.9999630451202393|NORM_1WORD=1.694135607976932e-05|NORM_2WORD=1.4070348697714508e-05|NORM_3PLUS=3.72133058590407e-06
cristales	O=0.999956488609314|NORM_1WORD=2.2451082259067334e-05|NORM_2WORD=1.5101763892744202e-05|NORM_3PLUS=3.825854491878999e-06
in	O=0.9999678134918213|NORM_1WORD=1.7035275959642604e-05|NORM_2WORD=1.014999725157395e-05|NORM_3PLUS=2.9058635391265852e-06
colombia	O=0.9999772310256958|NORM_2WORD=1.1946075574087445e-05|NORM_1WORD=6.376097189786378e-06|NORM_3PLUS=2.912063337134896e-06
http://t.co/aoyiejyloo	O=0.9999849796295166|NORM_2WORD=6.6443726609577425e-06|NORM_1WORD=4.941791303281207e-06|NORM_3PLUS=1.9015689076695708e-06
#nfto	O=0.9999853372573853|NORM_2WORD=8.062374945438933e-06|NORM_1WORD=3.2812210974952905e-06|NORM_3PLUS=1.6949272776400903e-06
http://t.co/zhzs5jawt8	O=0.9999864101409912|NORM_2WORD=6.570180175913265e-06|NORM_1WORD=3.4941347166750347e-06|NORM_3PLUS=2.168823357351357e-06

@legeaigosse	O=0.9999843835830688|NORM_2WORD=9.454862265556585e-06|NORM_1WORD=2.8256883979338454e-06|NORM_3PLUS=2.1686346372007392e-06
hey	O=0.9999805688858032|NORM_1WORD=1.3213501915743109e-05|NORM_2WORD=4.682973667513579e-06|NORM_3PLUS=7.564829616057978e-07
man	O=0.9999749660491943|NORM_1WORD=1.2290338418097235e-05|NORM_2WORD=1.0268237019772641e-05|NORM_3PLUS=1.2840652061640867e-06
.	O=0.9999854564666748|NORM_2WORD=5.917971520830179e-06|NORM_1WORD=3.562972551662824e-06|NORM_3PLUS=2.9325908599275863e-06
do	O=0.9999797344207764|NORM_1WORD=1.0345288501412142e-05|NORM_2WORD=6.6342513491690625e-06|NORM_3PLUS=1.576792101332103e-06
u	NORM_1WORD=0.9999605417251587|O=1.731845441099722e-05|NORM_3PLUS=9.425664757145569e-06|NORM_2WORD=6.918954113643849e-06
have	O=0.999975323677063|NORM_2WORD=1.3548739843827207e-05|NORM_1WORD=6.786498488509096e-06|NORM_3PLUS=2.2026881651981967e-06
adress	O=0.9696541428565979|NORM_1WORD=0.0203531663864851|NORM_2WORD=0.00984947383403778|NORM_3PLUS=0.00010407553781988099
for	O=0.9999821186065674|NORM_1WORD=8.081594387476798e-06|NORM_2WORD=7.994749466888607e-06|NORM_3PLUS=9.559264526615152e-07
the	O=0.9999809265136719|NORM_2WORD=1.2459740901249461e-05|NORM_1WORD=4.1978960325650405e-06|NORM_3PLUS=1.280436208617175e-06
chaffey	O=0.9999432563781738|NORM_1WORD=2.758971822913736e-05|NORM_2WORD=2.639235754031688e-05|NORM_3PLUS=1.5995100284271757e-06
party	O=0.9999637603759766|NORM_1WORD=1.8571528926258907e-05|NORM_2WORD=1.434155274182558e-05|NORM_3PLUS=1.4911623793523177e-06
today	O=0.9999833106994629|NORM_2WORD=7.939052011352032e-06|NORM_1WORD=5.1843499022652395e-06|NORM_3PLUS=1.660407747294812e-06
?	O=0.9999849796295166|NORM_2WORD=6.573937298526289e-06|NORM_1WORD=3.946625838580076e-06|NORM_3PLUS=1.98362522496609e-06

rt	O=0.9999831914901733|NORM_2WORD=7.441934030794073e-06|NORM_1WORD=5.495177902048454e-06|NORM_3PLUS=2.0671575384767493e-06
@_5sosnews_	O=0.9999825954437256|NORM_2WORD=9.322848200099543e-06|NORM_3PLUS=3.1537811082671396e-06|NORM_1WORD=2.131374003511155e-06
:	O=0.999984622001648|NORM_2WORD=5.578103809966706e-06|NORM_1WORD=4.71200928586768e-06|NORM_3PLUS=2.368463583479752e-06
calum	O=0.9999568462371826|NORM_1WORD=3.2715528504922986e-05|NORM_2WORD=7.717437256360427e-06|NORM_3PLUS=1.6372637219319586e-06
tonight	O=0.9999761581420898|NORM_1WORD=1.2219598829688039e-05|NORM_2WORD=7.672879291931167e-06|NORM_3PLUS=2.0928328012814745e-06
at	O=0.9999788999557495|NORM_1WORD=1.1053750313294586e-05|NORM_2WORD=7.267743512784364e-06|NORM_3PLUS=1.762592091836268e-06
the	O=0.9999796152114868|NORM_2WORD=1.0608682714519091e-05|NORM_1WORD=6.000506346026668e-06|NORM_3PLUS=2.519610006856965e-06
stadium	O=0.9999526739120483|NORM_1WORD=3.2152147468877956e-05|NORM_2WORD=8.973133844847325e-06|NORM_3PLUS=3.0164346753736027e-06
of	O=0.9999812841415405|NORM_1WORD=1.311092000833014e-05|NORM_2WORD=3.6194871881889412e-06|NORM_3PLUS=1.036618641592213e-06
light	O=0.9999841451644897|NORM_1WORD=1.0115992154169362e-05|NORM_2WORD=3.3079741115216166e-06|NORM_3PLUS=1.2707981795756496e-06
sunderland	O=0.9999781847000122|NORM_1WORD=1.3394585039350204e-05|NORM_2WORD=5.516031706065405e-06|NORM_3PLUS=1.4458386203841656e-06
!	O=0.9999794960021973|NORM_1WORD=7.382908734143712e-06|NORM_2WORD=7.106564225978218e-06|NORM_3PLUS=2.6020709356089355e-06
(	O=0.9999724626541138|NORM_2WORD=1.1257930964347906e-05|NORM_1WORD=1.008886920317309e-05|NORM_3PLUS=3.023124236278818e-06
via	O=0.9999717473983765|NORM_1WORD=1.602408337930683e-05|NORM_2WORD=7.51567495171912e-06|NORM_3PLUS=2.7391818093747133e-06
our	O=0.9999693632125854|NORM_1WORD=1.673816586844623e-05|NORM_2WORD=9.686873454484157e-06|NORM_3PLUS=2.5040712898771744e-06
c	O=0.999889612197876|NORM_1WORD=9.281544043915346e-05|NORM_2WORD=1.4357361578731798e-05|NORM_3PLUS=2.020047986661666e-06
o-o	O=0.9998998641967773|NORM_1WORD=6.590819975826889e-05|NORM_2WORD=2.7510965082910843e-05|NORM_3PLUS=5.098289420857327e-06
wner	O=0.8998811841011047|NORM_1WORD=0.08126702159643173|NORM_2WORD=0.018107013776898384|NORM_3PLUS=0.0006478381110355258
@cliffxrdstop	O=0.9999850988388062|NORM_2WORD=6.307785042736214e-06|NORM_1WORD=5.630199211736908e-06|NORM_3PLUS=1.550697334096185e-06
)	O=0.9999761581420898|NORM_1WORD=8.586409421695862e-06|NORM_2WORD=8.007077667571139e-06|NORM_3PLUS=3.258573315179092e-06
http://t.co/6lxuolzxft	O=0.9999892711639404|NORM_2WORD=5.348884769773576e-06|NORM_1WORD=2.810329760905006e-06|NORM_3PLUS=1.4321273056339123e-06

india	O=0.9999778270721436|NORM_1WORD=1.0005371223087423e-05|NORM_2WORD=7.4280251283198595e-06|NORM_3PLUS=2.916234052463551e-06
lose	O=0.9999761581420898|NORM_1WORD=1.5669325875933282e-05|NORM_2WORD=6.104117801442044e-06|NORM_3PLUS=1.297047560910869e-06
to	O=0.9999901056289673|NORM_1WORD=4.583374902722426e-06|NORM_2WORD=3.0660100946988678e-06|NORM_3PLUS=1.1439459512985195e-06
japan	O=0.999974250793457|NORM_1WORD=1.0913401638390496e-05|NORM_2WORD=8.142545084410813e-06|NORM_3PLUS=3.5093303267785814e-06
,	O=0.9999744892120361|NORM_2WORD=8.884838280209806e-06|NORM_1WORD=8.492529559589457e-06|NORM_3PLUS=4.383908162708394e-06
settle	O=0.9999470710754395|NORM_1WORD=4.0074181015370414e-05|NORM_2WORD=8.3386030382826e-06|NORM_3PLUS=2.5849601570371306e-06
for	O=0.9999791383743286|NORM_1WORD=1.1188637472514529e-05|NORM_2WORD=5.359624537959462e-06|NORM_3PLUS=2.2319854906527326e-06
uber	O=0.9999825954437256|NORM_1WORD=9.258152203983627e-06|NORM_2WORD=5.067362053523539e-06|NORM_3PLUS=1.9904102828149917e-06
cup	O=0.9999613761901855|NORM_1WORD=2.0624289390980266e-05|NORM_2WORD=1.0541072697378695e-05|NORM_3PLUS=3.516971219141851e-06
bronze	O=0.9999775886535645|NORM_1WORD=1.0498193660168909e-05|NORM_2WORD=9.013428098114673e-06|NORM_3PLUS=1.7259829974136665e-06
:	O=0.9999816417694092|NORM_1WORD=7.432028723997064e-06|NORM_2WORD=5.663643605657853e-06|NORM_3PLUS=2.412619323877152e-06
olympic	O=0.9999754428863525|NORM_1WORD=1.2322183465585113e-05|NORM_2WORD=9.408678124600556e-06|NORM_3PLUS=1.6210364037760883e-06
champion	O=0.9999839067459106|NORM_1WORD=8.676760444359388e-06|NORM_2WORD=4.858266493101837e-06|NORM_3PLUS=1.2496828958319384e-06
li	O=0.9999805688858032|NORM_1WORD=1.06219740700908e-05|NORM_2WORD=4.589467607729603e-06|NORM_3PLUS=2.254212631669361e-06
xuerui	O=0.9999837875366211|NORM_1WORD=7.493542852898827e-06|NORM_2WORD=5.037043138145236e-06|NORM_3PLUS=2.1758073671662714e-06
,	O=0.9999771118164062|NORM_1WORD=8.557674846088048e-06|NORM_2WORD=7.343476227106294e-06|NORM_3PLUS=3.5861369269696297e-06
world	O=0.9999862909317017|NORM_1WORD=7.328187621169491e-06|NORM_2WORD=3.961824404541403e-06|NORM_3PLUS=1.173191208181379e-06
no	O=0.9999821186065674|NORM_1WORD=1.0285923053743318e-05|NORM_2WORD=4.988945420336677e-06|NORM_3PLUS=1.2403422715578927e-06
.	O=0.9999856948852539|NORM_2WORD=5.686896656698082e-06|NORM_1WORD=4.831711976294173e-06|NORM_3PLUS=2.4114629013638478e-06
2	O=0.9998699426651001|NORM_1WORD=0.00011736052692867815|NORM_2WORD=8.348128176294267e-06|NORM_3PLUS=2.10617076845665e-06
shixian	O=0.9999765157699585|NORM_2WORD=1.1490382348711137e-05|NORM_1WORD=8.100917511910666e-06|NORM_3PLUS=2.057514166153851e-06
wang	O=0.9999778270721436|NORM_1WORD=1.1901529433089308e-05|NORM_2WORD=6.838594799774e-06|NORM_3PLUS=1.8013131466432242e-06
and	O=0.999983549118042|NORM_1WORD=7.345057838392677e-06|NORM_2WORD=5.398188022809336e-06|NORM_3PLUS=2.2655622160527855e-06
top	O=0.9999622106552124|NORM_1WORD=3.144099537166767e-05|NORM_2WORD=4.0152694964490365e-06|NORM_3PLUS=9.209385325448238e-07
d	O=0.9994990825653076|NORM_1WORD=0.0004616198712028563|NORM_2WORD=3.401940921321511e-05|NORM_3PLUS=3.3626261028985027e-06
...	O=0.9999685287475586|NORM_2WORD=1.4783204278501216e-05|NORM_1WORD=7.1633430707152e-06|NORM_3PLUS=4.46735430159606e-06
http://t.co/pzo1yng7cs	O=0.9999819993972778|NORM_2WORD=1.0837587069545407e-05|NORM_3PLUS=3.0123349006316857e-06|NORM_1WORD=2.556213530624518e-06

rt	O=0.999980092048645|NORM_2WORD=1.035849163599778e-05|NORM_1WORD=3.874023605021648e-06|NORM_3PLUS=2.9122438718331978e-06
@gatorzonesball	O=0.9999747276306152|NORM_2WORD=1.642904317122884e-05|NORM_1WORD=3.5276430025987793e-06|NORM_3PLUS=2.7555338419915643e-06
:	O=0.9999853372573853|NORM_2WORD=5.854481969436165e-06|NORM_1WORD=3.009924057550961e-06|NORM_3PLUS=2.2110086774773663e-06
walkoff	O=0.9980829954147339|NORM_2WORD=0.0017301226034760475|NORM_1WORD=0.00013695555389858782|NORM_3PLUS=4.079310019733384e-05
grand	O=0.9999834299087524|NORM_2WORD=6.457587460317882e-06|NORM_1WORD=5.689379577233922e-06|NORM_3PLUS=1.8129077261619386e-06
slam	O=0.9999657869338989|NORM_2WORD=1.8151256881537847e-05|NORM_1WORD=1.0530437975830864e-05|NORM_3PLUS=3.2030225156631786e-06
chelsea	O=0.9999843835830688|NORM_2WORD=8.512788554071449e-06|NORM_1WORD=2.588782081147656e-06|NORM_3PLUS=2.4459100131934974e-06
herndon	O=0.9999861717224121|NORM_2WORD=7.382381227216683e-06|NORM_1WORD=3.131342054984998e-06|NORM_3PLUS=1.5634366263839183e-06
!	O=0.9999797344207764|NORM_2WORD=7.952769919938873e-06|NORM_1WORD=3.75435161004134e-06|NORM_3PLUS=2.9579966849269113e-06
#gators	O=0.9999467134475708|NORM_2WORD=2.2061014533392154e-05|NORM_1WORD=1.5011453797342256e-05|NORM_3PLUS=6.793219654355198e-06
defeat	O=0.9999771118164062|NORM_2WORD=9.743456757860258e-06|NORM_1WORD=5.858690201421268e-06|NORM_3PLUS=3.364837311892188e-06
baylor	O=0.9999828338623047|NORM_2WORD=6.91975492372876e-06|NORM_1WORD=6.4154928622883745e-06|NORM_3PLUS=1.6043093182815937e-06
,	O=0.9999599456787109|NORM_2WORD=1.5260797226801515e-05|NORM_1WORD=9.108727681450546e-06|NORM_3PLUS=6.618656243517762e-06
11-0	O=0.9999738931655884|NORM_2WORD=1.1858216566906776e-05|NORM_1WORD=5.764871275459882e-06|NORM_3PLUS=3.7689983400923666e-06
(	O=0.9999786615371704|NORM_2WORD=8.902864465198945e-06|NORM_1WORD=7.695614840486087e-06|NORM_3PLUS=2.254436139992322e-06
5	O=0.9999057054519653|NORM_1WORD=4.88843688799534e-05|NORM_2WORD=2.6545292712398805e-05|NORM_3PLUS=8.010332749108784e-06
innings)	O=0.9999816417694092|NORM_2WORD=7.672167157579679e-06|NORM_1WORD=4.958174031344242e-06|NORM_3PLUS=2.7446658350527287e-06
!	O=0.9999821186065674|NORM_2WORD=6.785029654565733e-06|NORM_1WORD=3.5640921396407066e-06|NORM_3PLUS=2.7961330033576814e-06

rt	O=0.9999804496765137|NORM_2WORD=9.660687283030711e-06|NORM_1WORD=4.790311322722118e-06|NORM_3PLUS=2.6071409138239687e-06
@lilreese300	O=0.9999872446060181|NORM_2WORD=6.45822774458793e-06|NORM_1WORD=2.934590838776785e-06|NORM_3PLUS=1.9333560885570478e-06
:	O=0.9999901056289673|NORM_2WORD=4.000272383564152e-06|NORM_1WORD=2.4105813736241544e-06|NORM_3PLUS=1.6389568600061466e-06
i'm	O=0.9999842643737793|NORM_2WORD=9.806179150473326e-06|NORM_1WORD=2.509597607058822e-06|NORM_3PLUS=2.1700743673136458e-06
oblock	NORM_2WORD=0.9625965356826782|O=0.01788460835814476|NORM_1WORD=0.01268515270203352|NORM_3PLUS=0.006756013259291649
300	O=0.9998181462287903|NORM_2WORD=0.0001617247035028413|NORM_1WORD=1.1166286640218459e-05|NORM_3PLUS=6.619794476137031e-06
bitch	O=0.9999644756317139|NORM_2WORD=2.180294723075349e-05|NORM_1WORD=1.1891920621565077e-05|NORM_3PLUS=1.1385108109607245e-06
yu	NORM_1WORD=0.9998980760574341|O=7.475745951524004e-05|NORM_2WORD=1.4708365597471129e-05|NORM_3PLUS=8.7963953774306e-06
kno	NORM_1WORD=0.9995461106300354|O=0.0002769397688098252|NORM_2WORD=0.00011095580703113228|NORM_3PLUS=4.868165706284344e-05
how	O=0.999982476234436|NORM_1WORD=8.502921446051914e-06|NORM_2WORD=6.019925422151573e-06|NORM_3PLUS=1.4914476196281612e-06
id	O=0.9935495257377625|NORM_1WORD=0.006154668051749468|NORM_2WORD=0.0002749319828581065|NORM_3PLUS=1.736500416882336e-05
go	O=0.9999868869781494|NORM_1WORD=6.153596586955246e-06|NORM_2WORD=4.51760661235312e-06|NORM_3PLUS=1.2712282568827504e-06
!!....	O=0.9999885559082031|NORM_2WORD=4.517006800597301e-06|NORM_1WORD=2.813347236951813e-06|NORM_3PLUS=2.3625646008440526e-06

@robtwo_	O=0.9999703168869019|NORM_2WORD=1.2889429854112677e-05|NORM_3PLUS=6.519088401546469e-06|NORM_1WORD=4.239160261931829e-06
idk	O=0.9999841451644897|NORM_1WORD=7.687391189392656e-06|NORM_2WORD=5.764133220509393e-06|NORM_3PLUS=1.4022173218108946e-06
yet	O=0.9999712705612183|NORM_1WORD=1.9977613192168064e-05|NORM_2WORD=4.9430855142418295e-06|NORM_3PLUS=1.9747003534575924e-06
foolie	O=0.9993034601211548|NORM_1WORD=0.0006326455622911453|NORM_2WORD=5.715200677514076e-05|NORM_3PLUS=4.789949798578164e-06
ill	NORM_1WORD=0.9996285438537598|O=0.00026657854323275387|NORM_2WORD=5.611002052319236e-05|NORM_3PLUS=4.3600583012448624e-05
let	O=0.9999755620956421|NORM_1WORD=1.3467430107994005e-05|NORM_2WORD=5.891070031793788e-06|NORM_3PLUS=2.5561798793205526e-06
you	O=0.9999790191650391|NORM_1WORD=9.611526365915779e-06|NORM_2WORD=6.151846264401684e-06|NORM_3PLUS=2.4613336790935136e-06
know	O=0.9999873638153076|NORM_1WORD=4.788901151187019e-06|NORM_2WORD=4.435924893186893e-06|NORM_3PLUS=1.555182166157465e-06

"	O=0.9999899864196777|NORM_2WORD=4.553421604214236e-06|NORM_1WORD=2.195217120970483e-06|NORM_3PLUS=1.8138118775823386e-06
@imgooby	O=0.9999821186065674|NORM_2WORD=9.279291589336935e-06|NORM_1WORD=5.038082235842012e-06|NORM_3PLUS=2.2278093183558667e-06
:	O=0.9999878406524658|NORM_2WORD=5.7395309340790845e-06|NORM_1WORD=3.050114628422307e-06|NORM_3PLUS=1.7251942381335539e-06
zoom	O=0.9999630451202393|NORM_1WORD=1.6807627616799437e-05|NORM_2WORD=1.4103316971159074e-05|NORM_3PLUS=3.271855121056433e-06
in	O=0.999983549118042|NORM_2WORD=7.1193589974427596e-06|NORM_1WORD=6.450836281146621e-06|NORM_3PLUS=1.4741930272066384e-06
2	O=0.9999325275421143|NORM_1WORD=4.15466602134984e-05|NORM_2WORD=2.209404919994995e-05|NORM_3PLUS=2.401223810011288e-06
c	O=0.9999723434448242|NORM_1WORD=1.5060149962664582e-05|NORM_2WORD=1.0603912414808292e-05|NORM_3PLUS=1.299775476581999e-06
an	O=0.9999825954437256|NORM_2WORD=9.153223800240085e-06|NORM_1WORD=5.756850896432297e-06|NORM_3PLUS=1.6571747210036847e-06
sekret	O=0.9985228180885315|NORM_1WORD=0.0011070840992033482|NORM_2WORD=0.0003130599798168987|NORM_3PLUS=4.7069268475752324e-05
mesage	O=0.9999837875366211|NORM_2WORD=8.587695447204169e-06|NORM_1WORD=5.32846433998202e-06|NORM_3PLUS=1.590636202308815e-06
http://t.co/wahejeh987	O=0.9999830722808838|NORM_2WORD=9.683348253020085e-06|NORM_1WORD=3.1557683541905135e-06|NORM_3PLUS=2.17214642361796e-06
"	O=0.9999886751174927|NORM_2WORD=5.111766313348198e-06|NORM_1WORD=2.3484799385187216e-06|NORM_3PLUS=1.973552571143955e-06
@emilydavison196	O=0.9999876022338867|NORM_2WORD=6.878370186313987e-06|NORM_1WORD=2.661204007381457e-06|NORM_3PLUS=1.682405240899243e-06
@carolinemckiben	O=0.9999908208847046|NORM_2WORD=3.893963821610669e-06|NORM_1WORD=2.7933829187531956e-06|NORM_3PLUS=1.433006673323689e-06
you	O=0.9999865293502808|NORM_2WORD=7.580087640235433e-06|NORM_1WORD=3.2975281101244036e-06|NORM_3PLUS=1.4566597883458599e-06
will	O=0.9999756813049316|NORM_2WORD=1.3550348739954643e-05|NORM_1WORD=7.322912097151857e-06|NORM_3PLUS=2.161292513847002e-06
appreciate	O=0.9999746084213257|NORM_2WORD=1.2864580639870837e-05|NORM_1WORD=9.181170753436163e-06|NORM_3PLUS=1.7439631392335286e-06
this	O=0.9999843835830688|NORM_2WORD=9.334920832770877e-06|NORM_1WORD=3.355293529239134e-06|NORM_3PLUS=1.5245569784383406e-06
!	O=0.9999847412109375|NORM_2WORD=6.754007245035609e-06|NORM_1WORD=4.072206593264127e-06|NORM_3PLUS=1.987783434742596e-06
#urafegit	O=0.9999828338623047|NORM_2WORD=1.033362696034601e-05|NORM_1WORD=3.9025317164487205e-06|NORM_3PLUS=1.5877974419709062e-06

rt	O=0.9999793767929077|NORM_2WORD=1.0765615115815308e-05|NORM_1WORD=5.640184554067673e-06|NORM_3PLUS=2.2630824787484016e-06
@_ctkg	O=0.9999849796295166|NORM_2WORD=7.92401988292113e-06|NORM_1WORD=4.428483407536987e-06|NORM_3PLUS=1.4597378594771726e-06
:	O=0.9999887943267822|NORM_2WORD=4.768963663082104e-06|NORM_1WORD=2.9410618935798993e-06|NORM_3PLUS=1.6503054212080315e-06
free	O=0.9999896287918091|NORM_2WORD=4.974596777174156e-06|NORM_1WORD=3.1724034670332912e-06|NORM_3PLUS=1.092526872525923e-06
big	O=0.9999852180480957|NORM_2WORD=7.288340839295415e-06|NORM_1WORD=5.2208424676791765e-06|NORM_3PLUS=1.348655132460408e-06
cuz	NORM_1WORD=0.9999560117721558|O=1.9656639778986573e-05|NORM_3PLUS=1.1293824172753375e-05|NORM_2WORD=8.879236702341586e-06
mane	NORM_1WORD=0.990680992603302|O=0.008045150898396969|NORM_2WORD=0.0008911159820854664|NORM_3PLUS=0.00036023210850544274
i'm	O=0.9999833106994629|NORM_2WORD=9.042684723681305e-06|NORM_1WORD=3.921818461094517e-06|NORM_3PLUS=1.9860863176290877e-06
sick	O=0.9999747276306152|NORM_1WORD=1.6229372704401612e-05|NORM_2WORD=6.586521067220019e-06|NORM_3PLUS=1.2172561127954395e-06
without	O=0.9999802112579346|NORM_2WORD=9.035527000378352e-06|NORM_1WORD=7.901637218310498e-06|NORM_3PLUS=1.5026990922706318e-06
my	O=0.9999793767929077|NORM_2WORD=1.2421908650139812e-05|NORM_1WORD=5.274595878290711e-06|NORM_3PLUS=1.5977062730598846e-06
nigga	NORM_1WORD=0.999896764755249|O=7.91849015513435e-05|NORM_2WORD=1.332483680016594e-05|NORM_3PLUS=6.382610536093125e-06
out	O=0.9999841451644897|NORM_1WORD=6.968823981878813e-06|NORM_2WORD=6.963064151932485e-06|NORM_3PLUS=1.150568436969479e-06
here	O=0.9999874830245972|NORM_2WORD=7.49167702451814e-06|NORM_1WORD=2.2820754566055257e-06|NORM_3PLUS=1.4237700725061586e-06
right	O=0.9999868869781494|NORM_2WORD=5.452325240185019e-06|NORM_1WORD=5.183567736821715e-06|NORM_3PLUS=1.3189493301979383e-06
now	O=0.9999862909317017|NORM_2WORD=7.176004146458581e-06|NORM_1WORD=3.4569654872029787e-06|NORM_3PLUS=1.5920089708743035e-06

@tbrazy719	O=0.9999850988388062|NORM_2WORD=6.870878678455483e-06|NORM_3PLUS=3.4696743114182027e-06|NORM_1WORD=1.95320740203897e-06
cross	O=0.9999628067016602|NORM_1WORD=1.571546272316482e-05|NORM_2WORD=1.5553392586298287e-05|NORM_3PLUS=3.1749968911753967e-06
fit	O=0.9999816417694092|NORM_2WORD=7.024354090390261e-06|NORM_1WORD=6.899726940901019e-06|NORM_3PLUS=2.342374955333071e-06
uce	O=0.6016674637794495|NORM_2WORD=0.25329717993736267|NORM_1WORD=0.1411977857351303|NORM_3PLUS=0.003630074905231595
.	O=0.9999862909317017|NORM_2WORD=5.9369531300035305e-06|NORM_3PLUS=3.5099183151032776e-06|NORM_1WORD=2.104632812915952e-06
get	O=0.9999810457229614|NORM_1WORD=7.5914331318927e-06|NORM_2WORD=5.831126600241987e-06|NORM_3PLUS=3.0273768061306328e-06
fit	O=0.9999853372573853|NORM_1WORD=5.5940099628060125e-06|NORM_2WORD=5.221978426561691e-06|NORM_3PLUS=2.0739705632877303e-06
fast	O=0.9999704360961914|NORM_2WORD=1.1222663488297258e-05|NORM_1WORD=9.98631730908528e-06|NORM_3PLUS=4.216923571220832e-06
lol	O=0.9999719858169556|NORM_1WORD=1.0472775102243759e-05|NORM_2WORD=7.186118637036998e-06|NORM_3PLUS=4.298330168239772e-06

rt	O=0.9999781847000122|NORM_2WORD=1.0151497008337174e-05|NORM_1WORD=6.476024282164872e-06|NORM_3PLUS=2.7469004635349847e-06
@dollfacelopez	O=0.9999843835830688|NORM_2WORD=6.883867172291502e-06|NORM_1WORD=4.6123545871523675e-06|NORM_3PLUS=2.234783551102737e-06
:	O=0.9999879598617554|NORM_2WORD=4.895022357231937e-06|NORM_1WORD=3.4392896850476973e-06|NORM_3PLUS=1.7925057136380929e-06
@mikiaalexis	O=0.9999827146530151|NORM_2WORD=8.252626685134601e-06|NORM_1WORD=5.685692030965583e-06|NORM_3PLUS=2.066391971311532e-06
i	O=0.9999871253967285|NORM_1WORD=6.464494163083145e-06|NORM_2WORD=3.6778681078430964e-06|NORM_3PLUS=1.4799863947700942e-06
got	O=0.9999786615371704|NORM_1WORD=1.3857169506081846e-05|NORM_2WORD=4.889229330728995e-06|NORM_3PLUS=1.3096831708026002e-06
u	NORM_1WORD=0.9999668598175049|O=1.462334330426529e-05|NORM_3PLUS=8.221873940783553e-06|NORM_2WORD=5.607526418316411e-06
bra	O=0.9999761581420898|NORM_1WORD=1.6604299162281677e-05|NORM_2WORD=5.5033256103342865e-06|NORM_3PLUS=9.73745045484975e-07
.	O=0.9999895095825195|NORM_2WORD=4.799179350811755e-06|NORM_1WORD=2.6598488602758152e-06|NORM_3PLUS=1.7623821122469963e-06
i'm	O=0.9999829530715942|NORM_2WORD=9.23004154174123e-06|NORM_1WORD=5.304376372805564e-06|NORM_3PLUS=1.6212295577133773e-06
bouta	NORM_2WORD=0.9378693103790283|NORM_3PLUS=0.06119205430150032|O=0.0003379636036697775|NORM_1WORD=0.00012290271115489304
come	O=0.9999830722808838|NORM_1WORD=8.473533853248227e-06|NORM_2WORD=6.256142569327494e-06|NORM_3PLUS=1.4180346852299408e-06
scoop	O=0.9971454739570618|NORM_1WORD=0.002649429254233837|NORM_2WORD=0.00019871855329256505|NORM_3PLUS=5.224154392635683e-06
u	NORM_1WORD=0.9999665021896362|O=1.642990901018493e-05|NORM_3PLUS=6.913777724548709e-06|NORM_2WORD=5.843562121299328e-06
from	O=0.9999833106994629|NORM_1WORD=7.83140512794489e-06|NORM_2WORD=5.997827884129947e-06|NORM_3PLUS=1.663680905039655e-06
the	O=0.9999876022338867|NORM_2WORD=6.330164524115389e-06|NORM_1WORD=3.206564315405558e-06|NORM_3PLUS=1.6407465182055603e-06
hills	O=0.9999816417694092|NORM_2WORD=1.2412096111802384e-05|NORM_1WORD=3.871193712257082e-06|NORM_3PLUS=1.3246780099507305e-06
boy	O=0.9999785423278809|NORM_1WORD=1.1368088962626643e-05|NORM_2WORD=8.02881368144881e-06|NORM_3PLUS=1.2048556072841166e-06
boy	O=0.9999802112579346|NORM_1WORD=1.1463936971267685e-05|NORM_2WORD=6.479509011114715e-06|NORM_3PLUS=1.1993651014563511e-06

@myxolo	O=0.9999810457229614|NORM_2WORD=8.775800779403653e-06|NORM_1WORD=5.890113698114874e-06|NORM_3PLUS=2.233063014500658e-06
#missionmillion	O=0.9999815225601196|NORM_2WORD=8.057348168222234e-06|NORM_1WORD=7.376097528322134e-06|NORM_3PLUS=1.4769833569516777e-06
pass	O=0.9999819993972778|NORM_1WORD=1.1287387678748928e-05|NORM_2WORD=4.884938789473381e-06|NORM_3PLUS=8.408212579524843e-07
the	O=0.9999865293502808|NORM_1WORD=7.49484252082766e-06|NORM_2WORD=4.286463990865741e-06|NORM_3PLUS=8.607023005424708e-07
xolo	O=0.9999815225601196|NORM_1WORD=9.542594852973707e-06|NORM_2WORD=5.481334937940119e-06|NORM_3PLUS=1.608162733646168e-06
lfc	O=0.9999393224716187|NORM_1WORD=3.588086838135496e-05|NORM_2WORD=2.0358733308967203e-05|NORM_3PLUS=2.5943720629584277e-06
football	O=0.9999656677246094|NORM_1WORD=2.489989492460154e-05|NORM_2WORD=6.346951067826012e-06|NORM_3PLUS=1.4408060451387428e-06
to	O=0.9999873638153076|NORM_1WORD=6.555778327310691e-06|NORM_2WORD=4.033712684758939e-06|NORM_3PLUS=9.945517831511097e-07
@dronapanchal	O=0.9999812841415405|NORM_2WORD=1.012317261483986e-05|NORM_1WORD=4.389276000438258e-06|NORM_3PLUS=2.067191189780715e-06
join	O=0.9999297857284546|NORM_1WORD=4.8378071369370446e-05|NORM_2WORD=1.4108269169810228e-05|NORM_3PLUS=3.654093461591401e-06
in	O=0.9999769926071167|NORM_1WORD=1.6365245755878277e-05|NORM_2WORD=4.733249170385534e-06|NORM_3PLUS=7.982742999956827e-07
and	O=0.9999810457229614|NORM_1WORD=8.873701517586596e-06|NORM_2WORD=7.985833690327127e-06|NORM_3PLUS=1.326091592090961e-06
pass	O=0.9999816417694092|NORM_1WORD=1.0452581591380294e-05|NORM_2WORD=5.783556389360456e-06|NORM_3PLUS=9.582013262843248e-07
the	O=0.9999837875366211|NORM_1WORD=8.029735909076408e-06|NORM_2WORD=6.477011538663646e-06|NORM_3PLUS=8.594278142481926e-07
ball	O=0.99997878074646|NORM_1WORD=1.2870119462604634e-05|NORM_2WORD=5.727433290303452e-06|NORM_3PLUS=1.1618432154136826e-06
:)	O=0.9999815225601196|NORM_1WORD=8.709204848855734e-06|NORM_2WORD=5.58387182536535e-06|NORM_3PLUS=1.6623172314211843e-06
#missionmillion	O=0.9999830722808838|NORM_1WORD=7.458587788278237e-06|NORM_2WORD=7.224562068586238e-06|NORM_3PLUS=1.1805453823399148e-06
487	O=0.9999775886535645|NORM_2WORD=1.0437756827741396e-05|NORM_1WORD=9.451524420001078e-06|NORM_3PLUS=1.4975491922086803e-06

rt	O=0.9999752044677734|NORM_2WORD=1.32928053062642e-05|NORM_1WORD=4.440505563252373e-06|NORM_3PLUS=3.666900283860741e-06
@yeolstagram	O=0.9999738931655884|NORM_2WORD=1.6537069313926622e-05|NORM_3PLUS=3.4906938708445523e-06|NORM_1WORD=3.227360593882622e-06
:	O=0.999987006187439|NORM_2WORD=5.442926976684248e-06|NORM_1WORD=2.6600630462780828e-06|NORM_3PLUS=2.063940883090254e-06
srsly	NORM_1WORD=0.971985936164856|O=0.026906725019216537|NORM_2WORD=0.0010133589385077357|NORM_3PLUS=7.526685658376664e-05
why	O=0.9999819993972778|NORM_2WORD=8.517323294654489e-06|NORM_1WORD=4.467551207198994e-06|NORM_3PLUS=2.4951705199782737e-06
do	O=0.9999743700027466|NORM_1WORD=1.2971548130735755e-05|NORM_2WORD=8.230260391428601e-06|NORM_3PLUS=2.3758525458106305e-06
sm	NORM_1WORD=0.5792374610900879|O=0.40620067715644836|NORM_2WORD=0.014180673286318779|NORM_3PLUS=0.0003437146369833499
forbid	O=0.999940037727356|NORM_1WORD=3.839825512841344e-05|NORM_2WORD=1.5881421859376132e-05|NORM_3PLUS=3.0892833819962107e-06
fans	O=0.9999713897705078|NORM_2WORD=1.3017573110118974e-05|NORM_1WORD=9.331130968348589e-06|NORM_3PLUS=2.646610482770484e-06
from	O=0.999967098236084|NORM_2WORD=1.6778130884631537e-05|NORM_3PLUS=6.0353240769472905e-06|NORM_1WORD=5.849687568115769e-06
bringing	O=0.999953031539917|NORM_1WORD=2.369969297433272e-05|NORM_2WORD=1.6022866475395858e-05|NORM_3PLUS=3.942760486097541e-06
cameras	O=0.9998428821563721|NORM_2WORD=8.151488145813346e-05|NORM_1WORD=6.299582310020924e-05|NORM_3PLUS=8.670574061397929e-06
srsly	NORM_1WORD=0.9996888637542725|O=0.00018707930576056242|NORM_2WORD=9.958568261936307e-05|NORM_3PLUS=1.9302711734781042e-05
it's	O=0.9999607801437378|NORM_2WORD=2.3047312424751e-05|NORM_1WORD=1.2164749932708219e-05|NORM_3PLUS=2.4995761123136617e-06
use	O=0.9998934268951416|NORM_1WORD=8.124324813252315e-05|NORM_2WORD=1.857440292951651e-05|NORM_3PLUS=3.71115538655431e-06
to	O=0.9999626874923706|NORM_2WORD=1.9795454136328772e-05|NORM_1WORD=1.085168059944408e-05|NORM_3PLUS=4.1167481867887545e-06
capture	O=0.9999220371246338|NORM_1WORD=3.74423289031256e-05|NORM_2WORD=2.8314696464804e-05|NORM_3PLUS=6.317187853710493e-06
memorable	O=0.9998583793640137|NORM_2WORD=6.927929644007236e-05|NORM_1WORD=5.3984520491212606e-05|NORM_3PLUS=1.1618391908996273e-05
moments	O=0.9999254941940308|NORM_1WORD=4.230406557326205e-05|NORM_2WORD=2.215548556705471e-05|NORM_3PLUS=5.240323389443802e-06

@lordtug	O=0.9999654293060303|NORM_2WORD=1.8695847757044248e-05|NORM_1WORD=1.2564600183395669e-05|NORM_3PLUS=2.2827020984550472e-06
fuck	O=0.9999607801437378|NORM_1WORD=2.5518567781546153e-05|NORM_2WORD=6.486549409601139e-06|NORM_3PLUS=2.9997861474839738e-06
you	O=0.9999819993972778|NORM_1WORD=7.958887181302998e-06|NORM_2WORD=7.084076059982181e-06|NORM_3PLUS=1.7364214954795898e-06
and	O=0.9999727010726929|NORM_1WORD=1.2359080756141338e-05|NORM_2WORD=9.185181625070982e-06|NORM_3PLUS=2.919302232839982e-06
that	O=0.9999831914901733|NORM_1WORD=7.712004844506737e-06|NORM_2WORD=5.891255113965599e-06|NORM_3PLUS=1.743101734064112e-06
weak	O=0.9999819993972778|NORM_2WORD=7.865983207011595e-06|NORM_1WORD=7.677886969759129e-06|NORM_3PLUS=1.5551636352029163e-06
ass	O=0.9999645948410034|NORM_2WORD=1.5738605725346133e-05|NORM_1WORD=1.5370209439424798e-05|NORM_3PLUS=2.3633058390259976e-06
nigga	NORM_1WORD=0.9999099969863892|O=5.686886652256362e-05|NORM_3PLUS=1.2771447472914588e-05|NORM_2WORD=1.2524139492597897e-05
who	O=0.9999805688858032|NORM_1WORD=8.057962986640632e-06|NORM_2WORD=8.004952178453095e-06|NORM_3PLUS=2.05537708097836e-06
favorited	O=0.9998689889907837|NORM_1WORD=8.638187864562497e-05|NORM_2WORD=3.860934521071613e-05|NORM_3PLUS=2.926648221546202e-06
it	O=0.9999696016311646|NORM_1WORD=1.5779440218466334e-05|NORM_2WORD=1.069598329195287e-05|NORM_3PLUS=1.9526444248185726e-06

#albert_stanlie	O=0.9999884366989136|NORM_2WORD=5.242177849140717e-06|NORM_1WORD=3.7604868339258246e-06|NORM_3PLUS=1.5949575526974513e-06
inf	O=0.9999339580535889|NORM_1WORD=5.3086387197254226e-05|NORM_2WORD=8.699360478203744e-06|NORM_3PLUS=2.754845809249673e-06
:	O=0.9999877214431763|NORM_1WORD=4.925323082716204e-06|NORM_2WORD=3.842028945655329e-06|NORM_3PLUS=1.7392871995980386e-06
goodell	O=0.9999880790710449|NORM_1WORD=5.7617926358943805e-06|NORM_2WORD=3.630463424997288e-06|NORM_3PLUS=1.4506067600450478e-06
responds	O=0.9999741315841675|NORM_1WORD=1.623375828785356e-05|NORM_2WORD=6.798117283324245e-06|NORM_3PLUS=1.5792061276442837e-06
to	O=0.9999767541885376|NORM_1WORD=1.0085910616908222e-05|NORM_2WORD=7.514185654144967e-06|NORM_3PLUS=2.768884314718889e-06
nflpa	O=0.9999711513519287|NORM_1WORD=1.2868928934040014e-05|NORM_2WORD=1.2854540727857966e-05|NORM_3PLUS=1.8330503053221037e-06
criticism	O=0.9999321699142456|NORM_1WORD=3.914311673725024e-05|NORM_2WORD=1.9821183741441928e-05|NORM_3PLUS=4.300217824493302e-06
:	O=0.9999853372573853|NORM_1WORD=5.973664428893244e-06|NORM_2WORD=4.555076884571463e-06|NORM_3PLUS=1.8949457398775849e-06
goodell	O=0.9999868869781494|NORM_1WORD=6.4648502302588895e-06|NORM_2WORD=3.939108864869922e-06|NORM_3PLUS=1.5518820646320819e-06
responds	O=0.999953031539917|NORM_1WORD=3.0225422960938886e-05|NORM_2WORD=1.170812265627319e-05|NORM_3PLUS=2.7405101263866527e-06
to	O=0.9999688863754272|NORM_1WORD=1.4048816410650034e-05|NORM_2WORD=9.661957847129088e-06|NORM_3PLUS=3.5371626836422365e-06
nflpa	O=0.9999581575393677|NORM_1WORD=2.0676330677815713e-05|NORM_2WORD=1.7840984583017416e-05|NORM_3PLUS=2.0658583252952667e-06
criticism	O=0.9999480247497559|NORM_1WORD=3.0301349397632293e-05|NORM_2WORD=1.5662863006582484e-05|NORM_3PLUS=3.17513445224904e-06
over	O=0.9999544620513916|NORM_1WORD=3.268369982833974e-05|NORM_2WORD=7.921699761936907e-06|NORM_3PLUS=2.783649051707471e-06
delayed	O=0.9999376535415649|NORM_1WORD=4.889408955932595e-05|NORM_2WORD=8.927742783271242e-06|NORM_3PLUS=2.308889634150546e-06
dis	NORM_1WORD=0.9767481684684753|O=0.022916747257113457|NORM_2WORD=0.00022852550318930298|NORM_3PLUS=8.457677904516459e-05
...	O=0.9999668598175049|NORM_1WORD=1.230919315275969e-05|NORM_2WORD=1.2021311704302207e-05|NORM_3PLUS=3.855834620480891e-06
http://t.co/bh7wl5dmvh	O=0.9999823570251465|NORM_2WORD=1.1428123798395973e-05|NORM_1WORD=3.098732804573956e-06|NORM_3PLUS=1.978424506887677e-06

@anithassim	O=0.9999806880950928|NORM_2WORD=8.829364560369868e-06|NORM_1WORD=4.3422596718301065e-06|NORM_3PLUS=3.4804459119186504e-06
do	O=0.9999759197235107|NORM_1WORD=1.6741323634050786e-05|NORM_2WORD=3.7226809581625275e-06|NORM_3PLUS=1.6242109950326267e-06
i	O=0.9999830722808838|NORM_1WORD=8.78330411069328e-06|NORM_2WORD=3.820093297690619e-06|NORM_3PLUS=1.9664662431750912e-06
have	O=0.9999877214431763|NORM_1WORD=5.216813860897673e-06|NORM_2WORD=3.873687546729343e-06|NORM_3PLUS=1.4906491969668423e-06
to	O=0.9999876022338867|NORM_2WORD=4.824694315175293e-06|NORM_1WORD=4.395830274006585e-06|NORM_3PLUS=1.5487516975554172e-06
tell	O=0.9999785423278809|NORM_1WORD=1.0239768016617745e-05|NORM_2WORD=4.910902134724893e-06|NORM_3PLUS=2.258813537991955e-06
u	NORM_1WORD=0.9999465942382812|O=2.3095588403521106e-05|NORM_3PLUS=1.2741805221594404e-05|NORM_2WORD=9.87508610705845e-06
??????	O=0.9999814033508301|NORM_2WORD=7.05720003679744e-06|NORM_1WORD=5.265670552034862e-06|NORM_3PLUS=2.6937484562949976e-06
hahaha	O=0.9999864101409912|NORM_1WORD=5.291733032208867e-06|NORM_2WORD=4.40048052041675e-06|NORM_3PLUS=1.7366146494168788e-06
nyaaaaa	O=0.9998961687088013|NORM_1WORD=8.484606951242313e-05|NORM_2WORD=1.547472675156314e-05|NORM_3PLUS=2.1515479602385312e-06
used	O=0.9999662637710571|NORM_1WORD=1.5427565813297406e-05|NORM_2WORD=1.0063957233796827e-05|NORM_3PLUS=3.4299421258765506e-06
to	O=0.9999849796295166|NORM_2WORD=6.42155418972834e-06|NORM_1WORD=5.26446910953382e-06|NORM_3PLUS=1.5445277767867083e-06
be	O=0.9999910593032837|NORM_1WORD=4.374012860353105e-06|NORM_2WORD=2.8971840038138907e-06|NORM_3PLUS=8.376594564651896e-07
my	O=0.999984622001648|NORM_2WORD=5.144895112607628e-06|NORM_1WORD=4.907869879389182e-06|NORM_3PLUS=1.963124532267102e-06
crush	O=0.9998841285705566|NORM_1WORD=9.484333713771775e-05|NORM_2WORD=1.5353853086708114e-05|NORM_3PLUS=2.9276191071403446e-06
do	O=0.9977962970733643|NORM_1WORD=0.002159460447728634|NORM_2WORD=3.6032542993780226e-05|NORM_3PLUS=5.071582563687116e-06
plus	O=0.6760474443435669|NORM_1WORD=0.31823867559432983|NORM_2WORD=0.004960234742611647|NORM_3PLUS=0.0006332250195555389
cutee	NORM_1WORD=0.9990946054458618|O=0.0006673034513369203|NORM_2WORD=0.00015861238352954388|NORM_3PLUS=5.978640547255054e-05
hehehe	O=0.9999837875366211|NORM_1WORD=8.350773896381725e-06|NORM_2WORD=4.492968855629442e-06|NORM_3PLUS=1.580426669534063e-06

@tyboney	O=0.9999831914901733|NORM_2WORD=7.422888756991597e-06|NORM_1WORD=6.480455340351909e-06|NORM_3PLUS=1.7271271417484968e-06
lmao	O=0.9999823570251465|NORM_2WORD=9.448767741560005e-06|NORM_1WORD=3.8068164940341376e-06|NORM_3PLUS=2.9722903036599746e-06
!	O=0.9999865293502808|NORM_2WORD=5.1901297410950065e-06|NORM_1WORD=3.0758774300920777e-06|NORM_3PLUS=2.087862640109961e-06
crazy	O=0.9999828338623047|NORM_1WORD=7.225566150736995e-06|NORM_2WORD=6.307831426966004e-06|NORM_3PLUS=1.8035721041087527e-06
ahh	O=0.9999146461486816|NORM_2WORD=4.193294807919301e-05|NORM_1WORD=3.885678597725928e-05|NORM_3PLUS=3.2525424558116356e-06
girl	O=0.9999864101409912|NORM_1WORD=6.192631190060638e-06|NORM_2WORD=5.1609786169137806e-06|NORM_3PLUS=1.4343512475534226e-06
..	O=0.9999790191650391|NORM_2WORD=6.904172096255934e-06|NORM_1WORD=5.424369192041922e-06|NORM_3PLUS=3.7210563732514856e-06
i	O=0.9999818801879883|NORM_1WORD=6.84693577568396e-06|NORM_2WORD=6.478531304310309e-06|NORM_3PLUS=2.38947723119054e-06
guess	O=0.9999856948852539|NORM_1WORD=6.652252068306552e-06|NORM_2WORD=5.6240419326059055e-06|NORM_3PLUS=1.0858963150894851e-06
you	O=0.9999892711639404|NORM_2WORD=5.352175776351942e-06|NORM_1WORD=3.184648448950611e-06|NORM_3PLUS=1.3035141819273122e-06
were	O=0.9999799728393555|NORM_1WORD=1.054906260833377e-05|NORM_2WORD=6.875674444017932e-06|NORM_3PLUS=1.4458920531978947e-06
supposed	O=0.9999768733978271|NORM_1WORD=9.862951628747396e-06|NORM_2WORD=9.221011168847326e-06|NORM_3PLUS=1.853191974987567e-06
to	O=0.9999653100967407|NORM_2WORD=2.5471608751104213e-05|NORM_1WORD=4.9272703108727e-06|NORM_3PLUS=2.681197884157882e-06
be	O=0.9999873638153076|NORM_2WORD=7.072731932566967e-06|NORM_1WORD=3.395262638150598e-06|NORM_3PLUS=1.3198496162658557e-06
pressed	O=0.999977707862854|NORM_2WORD=1.3033853974775411e-05|NORM_1WORD=7.35669391360716e-06|NORM_3PLUS=1.1103070391982328e-06
???	O=0.9999836683273315|NORM_2WORD=7.677950634388253e-06|NORM_1WORD=3.7324005006666994e-06|NORM_3PLUS=2.1896269117860356e-06
#unbothered	O=0.999988317489624|NORM_2WORD=6.188085535541177e-06|NORM_1WORD=3.854538590530865e-06|NORM_3PLUS=9.73016085481504e-07

rt	O=0.9999831914901733|NORM_2WORD=7.738334716123063e-06|NORM_1WORD=4.080075996171217e-06|NORM_3PLUS=2.697074478419381e-06
@purekabarangayg	O=0.9999842643737793|NORM_2WORD=7.953745807753876e-06|NORM_1WORD=5.0089170144929085e-06|NORM_3PLUS=1.7369158058500034e-06
:	O=0.9999903440475464|NORM_2WORD=3.6516184991342016e-06|NORM_1WORD=3.257069238316035e-06|NORM_3PLUS=1.3925564417149872e-06
satin	O=0.9999840259552002|NORM_1WORD=7.368993465206586e-06|NORM_2WORD=6.421346370188985e-06|NORM_3PLUS=1.3115989077050472e-06
na	O=0.9999871253967285|NORM_1WORD=7.349723091465421e-06|NORM_2WORD=4.023461315227905e-06|NORM_3PLUS=8.902358672457922e-07
to	O=0.9999908208847046|NORM_1WORD=3.5880232189811068e-06|NORM_2WORD=3.3666810850263573e-06|NORM_3PLUS=1.2514757372628083e-06
pleaseeeee	NORM_1WORD=0.9995765089988708|O=0.00036545327748171985|NORM_2WORD=3.877854396705516e-05|NORM_3PLUS=1.525482912256848e-05
.	O=0.9999908208847046|NORM_2WORD=3.4592169413372176e-06|NORM_1WORD=2.940195372502785e-06|NORM_3PLUS=1.596469473952311e-06
go	O=0.9999887943267822|NORM_1WORD=6.06302000960568e-06|NORM_2WORD=2.9210116281319642e-06|NORM_3PLUS=1.1866712839037064e-06
ginebra	O=0.9999849796295166|NORM_1WORD=8.129737580020446e-06|NORM_2WORD=4.016877483081771e-06|NORM_3PLUS=1.5614410813213908e-06
!	O=0.9999898672103882|NORM_2WORD=3.980946075898828e-06|NORM_1WORD=3.3934586554096313e-06|NORM_3PLUS=1.305739488088875e-06
3-0	O=0.999976634979248|NORM_1WORD=1.1296188858977985e-05|NORM_2WORD=6.839421075710561e-06|NORM_3PLUS=2.6698101009969832e-06
!	O=0.9999897480010986|NORM_2WORD=4.012509180029156e-06|NORM_1WORD=3.1474005481868517e-06|NORM_3PLUS=1.3830210718879243e-06
puso	O=0.9999727010726929|NORM_1WORD=1.3383287296164781e-05|NORM_2WORD=8.981438440969214e-06|NORM_3PLUS=2.392132046225015e-06
!	O=0.9999889135360718|NORM_1WORD=4.606809852703009e-06|NORM_2WORD=3.6160645322524942e-06|NORM_3PLUS=1.2535253972600913e-06
puso	O=0.9999656677246094|NORM_1WORD=1.720279033179395e-05|NORM_2WORD=1.0353127436246723e-05|NORM_3PLUS=3.2060690955404425e-06
!	O=0.9999891519546509|NORM_1WORD=4.4474795686255675e-06|NORM_2WORD=3.6113403893978102e-06|NORM_3PLUS=1.225957703354652e-06
puso	O=0.9999709129333496|NORM_1WORD=1.4100146472628694e-05|NORM_2WORD=9.470427357882727e-06|NORM_3PLUS=2.730491587499273e-06
!	O=0.9999895095825195|NORM_2WORD=4.066001565661281e-06|NORM_1WORD=3.639186843429343e-06|NORM_3PLUS=1.3456185570248635e-06
#ginebra	O=0.9999879598617554|NORM_1WORD=4.528459612629376e-06|NORM_2WORD=3.9957153603609186e-06|NORM_3PLUS=1.60061904352915e-06
#nsd	O=0.9999876022338867|NORM_2WORD=6.147371550468961e-06|NORM_1WORD=3.2765974538051523e-06|NORM_3PLUS=1.4447122111960198e-06

@ray71107935	O=0.9999867677688599|NORM_2WORD=7.54128313928959e-06|NORM_1WORD=2.9061043278488796e-06|NORM_3PLUS=1.7264925418203347e-06
nah	NORM_1WORD=0.999446451663971|O=0.0004905425594188273|NORM_2WORD=4.3805805034935474e-05|NORM_3PLUS=1.6224526916630566e-05
u	NORM_1WORD=0.9999587535858154|O=1.484040967625333e-05|NORM_3PLUS=1.412158781022299e-05|NORM_2WORD=6.666317403869471e-06
wallin	NORM_1WORD=0.9999274015426636|O=4.481698852032423e-05|NORM_2WORD=1.543255893921014e-05|NORM_3PLUS=9.578400749887805e-06
u	NORM_1WORD=0.9999562501907349|O=1.80887000169605e-05|NORM_3PLUS=1.3190744539315347e-05|NORM_2WORD=7.67495839681942e-06
gotta	O=0.9998844861984253|NORM_2WORD=0.00010158152144867927|NORM_3PLUS=8.3402446762193e-06|NORM_1WORD=2.9338527838262962e-06
go	O=0.999983549118042|NORM_1WORD=6.95990638632793e-06|NORM_2WORD=6.2751300902164076e-06|NORM_3PLUS=1.656620042922441e-06
all	O=0.9999470710754395|NORM_1WORD=3.174037192366086e-05|NORM_2WORD=1.5026083929114975e-05|NORM_3PLUS=3.2322454899258446e-06
over	O=0.9999773502349854|NORM_1WORD=1.205205171572743e-05|NORM_2WORD=7.780357918818481e-06|NORM_3PLUS=1.6400100548707996e-06
ct	O=0.9959530830383301|NORM_1WORD=0.0036786391865462065|NORM_2WORD=0.0003493614203762263|NORM_3PLUS=1.3418936759990174e-05
not	O=0.9999810457229614|NORM_1WORD=9.286000022257213e-06|NORM_2WORD=5.984769813949242e-06|NORM_3PLUS=2.0075835891475435e-06
jus	NORM_1WORD=0.9993263483047485|O=0.0005582935991697013|NORM_2WORD=7.872901915106922e-05|NORM_3PLUS=2.9388011171249673e-05
ansonia	O=0.999977707862854|NORM_2WORD=1.3570782357419375e-05|NORM_1WORD=6.189259238453815e-06|NORM_3PLUS=1.8051081269732094e-06

rt	O=0.9999806880950928|NORM_2WORD=9.396577297593467e-06|NORM_1WORD=4.654948952520499e-06|NORM_3PLUS=2.915218829002697e-06
@jvreyes12	O=0.9999847412109375|NORM_2WORD=7.148254098865436e-06|NORM_3PLUS=2.9132240797480335e-06|NORM_1WORD=2.720166548897396e-06
:	O=0.9999874830245972|NORM_2WORD=5.805025011795806e-06|NORM_1WORD=2.395267301835702e-06|NORM_3PLUS=2.04772572942602e-06
nas	O=0.9999634027481079|NORM_1WORD=1.68648075486999e-05|NORM_2WORD=1.2784682439814787e-05|NORM_3PLUS=4.0432910282106604e-06
buie	O=0.9999632835388184|NORM_1WORD=2.3219758077175356e-05|NORM_2WORD=1.0148518413188867e-05|NORM_3PLUS=2.5488118353678146e-06
sectional	O=0.9999698400497437|NORM_2WORD=1.813928429328371e-05|NORM_1WORD=8.879402230377309e-06|NORM_3PLUS=2.066014531010296e-06
champion	O=0.999962329864502|NORM_1WORD=1.5675745089538395e-05|NORM_2WORD=1.4705959074490238e-05|NORM_3PLUS=3.465560894255759e-06
in	O=0.9999804496765137|NORM_1WORD=8.044870810408611e-06|NORM_2WORD=8.040168722800445e-06|NORM_3PLUS=1.7193965504702646e-06
the	O=0.999982476234436|NORM_2WORD=1.0649107025528792e-05|NORM_1WORD=3.2598868529021274e-06|NORM_3PLUS=2.066093884423026e-06
discus	O=0.9998667240142822|NORM_1WORD=8.227424405049533e-05|NORM_2WORD=4.230303238728084e-05|NORM_3PLUS=5.216028512222692e-06
throw	O=0.999936580657959|NORM_1WORD=3.761893094633706e-05|NORM_2WORD=2.008690353250131e-05|NORM_3PLUS=2.7659518764266977e-06
http://t.co/gpdap5ynqt	O=0.99998939037323|NORM_2WORD=6.386831046256702e-06|NORM_1WORD=2.323885382793378e-06|NORM_3PLUS=1.0737622915257816e-06

rt	O=0.9999821186065674|NORM_2WORD=8.562762559449766e-06|NORM_1WORD=4.755574991577305e-06|NORM_3PLUS=2.3087827685230877e-06
@natnatnatchiu	O=0.999987006187439|NORM_2WORD=6.7262735683470964e-06|NORM_1WORD=3.5643915907712653e-06|NORM_3PLUS=1.5656670484531787e-06
:	O=0.9999885559082031|NORM_2WORD=4.835745585296536e-06|NORM_1WORD=3.530848971422529e-06|NORM_3PLUS=1.4064061133467476e-06
new	O=0.9999865293502808|NORM_2WORD=5.249301921139704e-06|NORM_1WORD=4.832743798033334e-06|NORM_3PLUS=1.6470125956402626e-06
method	O=0.9999649524688721|NORM_1WORD=2.1767826183349825e-05|NORM_2WORD=8.921772860048804e-06|NORM_3PLUS=2.2235576579987537e-06
of	O=0.9999853372573853|NORM_1WORD=8.540696398995351e-06|NORM_2WORD=3.963109065807657e-06|NORM_3PLUS=9.817543968893006e-07
ponning	O=0.9998975992202759|NORM_1WORD=7.277573604369536e-05|NORM_2WORD=2.6513098418945447e-05|NORM_3PLUS=1.8231231706522522e-06
school	O=0.9999735355377197|NORM_1WORD=1.230250381922815e-05|NORM_2WORD=1.0787504834297579e-05|NORM_3PLUS=1.9194555989088258e-06
hahhahaha	O=0.9999661445617676|NORM_1WORD=1.6854113709996454e-05|NORM_2WORD=1.2262073141755536e-05|NORM_3PLUS=2.5898755211528623e-06
http://t.co/xrvmh0dmhc	O=0.9999866485595703|NORM_2WORD=8.366693691641558e-06|NORM_1WORD=2.7446822059573606e-06|NORM_3PLUS=1.312632207373099e-06

rt	O=0.9999802112579346|NORM_2WORD=1.101670932257548e-05|NORM_1WORD=3.958356046496192e-06|NORM_3PLUS=2.7641922315524425e-06
@syazakatrina	O=0.9999688863754272|NORM_2WORD=1.6862311895238236e-05|NORM_3PLUS=5.4365209507523105e-06|NORM_1WORD=4.203225216770079e-06
:	O=0.999988317489624|NORM_2WORD=5.306413640937535e-06|NORM_1WORD=2.5115880362136522e-06|NORM_3PLUS=1.8183118299930356e-06
can	O=0.9999505281448364|NORM_1WORD=2.497307286830619e-05|NORM_2WORD=1.3914410374127328e-05|NORM_3PLUS=5.0145645218435675e-06
i	O=0.999983549118042|NORM_1WORD=6.065145498723723e-06|NORM_2WORD=6.020907676429488e-06|NORM_3PLUS=2.0956342723366106e-06
pls	NORM_1WORD=0.9999403953552246|O=2.1701998775824904e-05|NORM_3PLUS=1.721656917652581e-05|NORM_2WORD=1.5326979337260127e-05
be	O=0.9999889135360718|NORM_1WORD=5.100338967167772e-06|NORM_2WORD=3.927896614186466e-06|NORM_3PLUS=1.2464658993849298e-06
khloe	O=0.9905602335929871|NORM_1WORD=0.008800903335213661|NORM_2WORD=0.0005823997198604047|NORM_3PLUS=4.863964568357915e-05
k	O=0.9964643716812134|NORM_1WORD=0.003048769198358059|NORM_2WORD=0.0004541026137303561|NORM_3PLUS=2.8412665415089577e-05
http://t.co/d7ltg1djr0	O=0.9999822378158569|NORM_2WORD=9.530577699479181e-06|NORM_1WORD=4.981743131793337e-06|NORM_3PLUS=1.999196456381469e-06

#crankpm	O=0.9999758005142212|NORM_2WORD=1.742341737553943e-05|NORM_1WORD=2.6682778297981713e-06|NORM_3PLUS=2.6163545499002794e-06
4/20	O=0.9999850988388062|NORM_2WORD=6.118953024270013e-06|NORM_1WORD=3.830950845440384e-06|NORM_3PLUS=2.409038643236272e-06
beat	O=0.9999808073043823|NORM_1WORD=1.0514590030652471e-05|NORM_2WORD=5.903812052565627e-06|NORM_3PLUS=1.475267595196783e-06
tape	O=0.9999754428863525|NORM_2WORD=1.1399418326618616e-05|NORM_1WORD=9.926396160153672e-06|NORM_3PLUS=1.8901799876402947e-06
(	O=0.9999778270721436|NORM_2WORD=1.0832064617716242e-05|NORM_1WORD=5.811111805087421e-06|NORM_3PLUS=2.6479933694645297e-06
prod	O=0.9998387098312378|NORM_1WORD=9.015147224999964e-05|NORM_2WORD=6.40346625004895e-05|NORM_3PLUS=4.443102170625934e-06
.	O=0.9999629259109497|NORM_2WORD=2.133441921614576e-05|NORM_1WORD=8.017593245313037e-06|NORM_3PLUS=5.925484856561525e-06
by	O=0.9999827146530151|NORM_2WORD=7.98461951490026e-06|NORM_1WORD=6.817946086812299e-06|NORM_3PLUS=1.5099660686246352e-06
d	O=0.9516388773918152|NORM_1WORD=0.04762265086174011|NORM_2WORD=0.0006190450512804091|NORM_3PLUS=9.177655738312751e-05
shortz	O=0.9994599223136902|NORM_2WORD=0.0003589345433283597|NORM_1WORD=0.0001651461498113349|NORM_3PLUS=1.1992641702818219e-05
)	O=0.9999840259552002|NORM_2WORD=6.744643997080857e-06|NORM_1WORD=3.8080245303717675e-06|NORM_3PLUS=2.402582140348386e-06
http://t.co/l44rsobvmu	O=0.999987006187439|NORM_2WORD=7.287380867637694e-06|NORM_1WORD=2.542235051805619e-06|NORM_3PLUS=1.8504698573451606e-06

@srnonstop	O=0.9999802112579346|NORM_2WORD=1.2164221516286489e-05|NORM_1WORD=4.3354584704502486e-06|NORM_3PLUS=1.9322751541039906e-06
budur	O=0.999749481678009|NORM_1WORD=0.00022385861666407436|NORM_2WORD=2.2404838091460988e-05|NORM_3PLUS=2.3745571979816305e-06
isteeeee	O=0.9958244562149048|NORM_1WORD=0.004067099653184414|NORM_2WORD=9.647572005633265e-05|NORM_3PLUS=8.403289029956795e-06
!	O=0.999987006187439|NORM_2WORD=4.648062713386025e-06|NORM_1WORD=3.900282081303885e-06|NORM_3PLUS=1.94834433386859e-06
eye	O=0.999968409538269|NORM_1WORD=2.170948027924169e-05|NORM_2WORD=7.472169272659812e-06|NORM_3PLUS=1.4732544286744087e-06
of	O=0.9999873638153076|NORM_1WORD=7.132053269742755e-06|NORM_2WORD=3.957463377446402e-06|NORM_3PLUS=8.321401878674806e-07
the	O=0.999988317489624|NORM_2WORD=5.67768256587442e-06|NORM_1WORD=3.0844221328152344e-06|NORM_3PLUS=1.5322736999223707e-06
tiger'im	O=0.99993896484375|NORM_2WORD=3.283728437963873e-05|NORM_1WORD=2.3621172658749856e-05|NORM_3PLUS=3.265221266701701e-06
benim	O=0.9999752044677734|NORM_2WORD=1.1750598787330091e-05|NORM_1WORD=8.305321898660623e-06|NORM_3PLUS=2.737365548455273e-06
;)	O=0.9999850988388062|NORM_1WORD=6.312551249720855e-06|NORM_2WORD=4.145581442571711e-06|NORM_3PLUS=2.0158431652816944e-06

oh	O=0.9999864101409912|NORM_1WORD=7.674047992622945e-06|NORM_2WORD=3.330113486299524e-06|NORM_3PLUS=1.3707078778679715e-06
gosh	O=0.966914713382721|NORM_1WORD=0.03254682570695877|NORM_2WORD=0.0005034490022808313|NORM_3PLUS=2.723970465012826e-05
i	O=0.9999586343765259|NORM_1WORD=2.8540291168610565e-05|NORM_2WORD=6.838854460511357e-06|NORM_3PLUS=2.8684598873951472e-06
sound	O=0.9998489618301392|NORM_1WORD=0.00012981475447304547|NORM_2WORD=1.2266754310985561e-05|NORM_3PLUS=3.049976157853962e-06
rlly	NORM_1WORD=0.9994274377822876|O=0.00044470172724686563|NORM_2WORD=9.714794578030705e-05|NORM_3PLUS=2.15885229408741e-05
depressed	O=0.9999855756759644|NORM_1WORD=6.811823823227314e-06|NORM_2WORD=5.176091690373141e-06|NORM_3PLUS=1.0843430118256947e-06
but	O=0.9999887943267822|NORM_1WORD=4.341437488619704e-06|NORM_2WORD=4.108031589566963e-06|NORM_3PLUS=1.4497295524051879e-06
im	NORM_1WORD=0.9999550580978394|NORM_3PLUS=1.9133569367113523e-05|O=1.0404437489341944e-05|NORM_2WORD=7.561337497463683e-06
laughinf	NORM_2WORD=0.5953611135482788|NORM_1WORD=0.3785843551158905|O=0.019911084324121475|NORM_3PLUS=0.0055382936261594296
for	O=0.999981164932251|NORM_1WORD=1.0022422429756261e-05|NORM_2WORD=5.924129254708532e-06|NORM_3PLUS=1.634114937587583e-06
no	O=0.9999734163284302|NORM_1WORD=1.476418492529774e-05|NORM_2WORD=6.964158274058718e-06|NORM_3PLUS=2.581242142696283e-06
damn	O=0.9999222755432129|NORM_1WORD=6.246001430554315e-05|NORM_2WORD=8.67305789142847e-06|NORM_3PLUS=3.117682581432746e-06
reason	O=0.999972939491272|NORM_1WORD=1.753075594024267e-05|NORM_2WORD=5.815146778331837e-06|NORM_3PLUS=1.7650728523221915e-06
.	O=0.9999755620956421|NORM_2WORD=7.871605703257956e-06|NORM_1WORD=7.754529178782832e-06|NORM_3PLUS=5.029244675824884e-06

@thevampsband	O=0.999972939491272|NORM_2WORD=1.353886636934476e-05|NORM_1WORD=7.886733328632545e-06|NORM_3PLUS=3.1902109185466543e-06
follow	O=0.9999721050262451|NORM_1WORD=1.5115759197215084e-05|NORM_2WORD=8.055942998907994e-06|NORM_3PLUS=2.5255933451262536e-06
me	O=0.9999866485595703|NORM_2WORD=6.234426109585911e-06|NORM_1WORD=4.404264927870827e-06|NORM_3PLUS=1.5932291717035696e-06
please	O=0.9999864101409912|NORM_1WORD=7.109107627911726e-06|NORM_2WORD=4.094629275641637e-06|NORM_3PLUS=1.6700828382454347e-06
ilysm	O=0.995684027671814|NORM_2WORD=0.003643495263531804|NORM_1WORD=0.0006080230814404786|NORM_3PLUS=5.984501331113279e-05
omg	O=0.9999779462814331|NORM_2WORD=1.0548044883762486e-05|NORM_1WORD=9.030846740643028e-06|NORM_3PLUS=1.785295239642437e-06
#thevampsbgt	O=0.9999755620956421|NORM_2WORD=1.766341483744327e-05|NORM_1WORD=4.4961639105167706e-06|NORM_3PLUS=1.533245153950702e-06
31	O=0.9999896287918091|NORM_1WORD=4.563140009850031e-06|NORM_2WORD=3.655988848549896e-06|NORM_3PLUS=1.1693391570588574e-06

@rp_scales	O=0.999982476234436|NORM_2WORD=7.115828793757828e-06|NORM_1WORD=6.1539212765637785e-06|NORM_3PLUS=2.4790949737507617e-06
hey	O=0.999969482421875|NORM_1WORD=2.500631489965599e-05|NORM_2WORD=3.7312693166313693e-06|NORM_3PLUS=1.0068448546007858e-06
hi	O=0.9999696016311646|NORM_1WORD=2.2272664864431135e-05|NORM_2WORD=5.554180461331271e-06|NORM_3PLUS=1.307829165853036e-06
i'm	O=0.9999747276306152|NORM_1WORD=1.1098893992311787e-05|NORM_2WORD=9.058730029209983e-06|NORM_3PLUS=2.8279578145884443e-06
tenshi	O=0.9995213747024536|NORM_1WORD=0.00040964814252220094|NORM_2WORD=5.961542046861723e-05|NORM_3PLUS=5.637821232085116e-06
or	O=0.9999871253967285|NORM_1WORD=6.306613158812979e-06|NORM_2WORD=4.618537786882371e-06|NORM_3PLUS=1.1549846021807753e-06
my	O=0.9999853372573853|NORM_2WORD=5.564102593780262e-06|NORM_1WORD=4.4590869947569445e-06|NORM_3PLUS=2.0498609956121072e-06
name	O=0.9999836683273315|NORM_1WORD=6.0958564063184895e-06|NORM_2WORD=5.73789202462649e-06|NORM_3PLUS=2.006369641094352e-06
is	O=0.9999732971191406|NORM_1WORD=1.0880262379941996e-05|NORM_2WORD=1.0340743756387383e-05|NORM_3PLUS=2.5762494715309003e-06
tenshi	O=0.999915599822998|NORM_1WORD=6.132300040917471e-05|NORM_2WORD=1.9276385501143523e-05|NORM_3PLUS=2.021686896114261e-06
n	NORM_1WORD=0.9999268054962158|O=5.123316805111244e-05|NORM_2WORD=1.0831532563315704e-05|NORM_3PLUS=7.195778835011879e-06
you	O=0.999987006187439|NORM_1WORD=5.63410912945983e-06|NORM_2WORD=4.867631560045993e-06|NORM_3PLUS=1.2595950238392106e-06
are	O=0.999975323677063|NORM_1WORD=1.4014463886269368e-05|NORM_2WORD=7.0405867518275045e-06|NORM_3PLUS=2.05660558094678e-06
?	O=0.9999881982803345|NORM_2WORD=4.4680987230094615e-06|NORM_1WORD=4.062508651259122e-06|NORM_3PLUS=1.5041176766317221e-06

@flyboiidotcom	O=0.9999831914901733|NORM_2WORD=1.0317707165086176e-05|NORM_3PLUS=2.7287728698865976e-06|NORM_1WORD=1.993399564526044e-06
nigga	NORM_1WORD=0.9999428987503052|O=2.7011861675418913e-05|NORM_3PLUS=1.276121474802494e-05|NORM_2WORD=1.1393722161301412e-05
gon	NORM_1WORD=0.9999442100524902|O=2.886927904910408e-05|NORM_3PLUS=1.2764737221004907e-05|NORM_2WORD=1.0198913514614105e-05
look	O=0.9999760389328003|NORM_1WORD=1.133561454480514e-05|NORM_2WORD=6.904144811414881e-06|NORM_3PLUS=2.902433607232524e-06
like	O=0.9999823570251465|NORM_2WORD=6.742227014910895e-06|NORM_1WORD=6.362480689858785e-06|NORM_3PLUS=2.5902684228640283e-06
50	O=0.9999741315841675|NORM_1WORD=1.0632791600073688e-05|NORM_2WORD=8.442179023404606e-06|NORM_3PLUS=3.788965159401414e-06
on	O=0.9999884366989136|NORM_2WORD=4.553849066724069e-06|NORM_1WORD=3.949719484808156e-06|NORM_3PLUS=1.7552398503539735e-06
"	O=0.9999889135360718|NORM_2WORD=4.8263023018080276e-06|NORM_1WORD=3.113374077656772e-06|NORM_3PLUS=1.5922455531836022e-06
all	O=0.9999797344207764|NORM_2WORD=7.641214324394241e-06|NORM_1WORD=6.740132903360063e-06|NORM_3PLUS=2.9927502964710584e-06
things	O=0.9999651908874512|NORM_1WORD=1.5225086826831102e-05|NORM_2WORD=1.0956926416838542e-05|NORM_3PLUS=4.0973663999466226e-06
fall	O=0.9999783039093018|NORM_1WORD=1.0680307241273113e-05|NORM_2WORD=6.352233413053909e-06|NORM_3PLUS=2.329922153876396e-06
apart	O=0.9999825954437256|NORM_1WORD=8.122286999423523e-06|NORM_2WORD=5.75064495933475e-06|NORM_3PLUS=1.95024495042162e-06
"	O=0.999988317489624|NORM_2WORD=4.782215000886936e-06|NORM_1WORD=3.098618435615208e-06|NORM_3PLUS=1.8225115354653099e-06
lmaoo	O=0.9999837875366211|NORM_1WORD=7.346887741732644e-06|NORM_2WORD=5.678800334862899e-06|NORM_3PLUS=2.061616669379873e-06

study	O=0.9999735355377197|NORM_2WORD=1.0946468137262855e-05|NORM_1WORD=8.889032869774383e-06|NORM_3PLUS=4.100277237739647e-06
week	O=0.9999878406524658|NORM_2WORD=5.294496986607555e-06|NORM_1WORD=4.444743353815284e-06|NORM_3PLUS=1.5976740996848093e-06
itu	O=0.9999574422836304|NORM_2WORD=1.7623788153287023e-05|NORM_1WORD=1.2284240256121848e-05|NORM_3PLUS=6.762111297575757e-06
penting	O=0.9999756813049316|NORM_2WORD=1.2235650501679629e-05|NORM_1WORD=8.482122211717069e-06|NORM_3PLUS=2.2559502212970983e-06
buat	O=0.9999642372131348|NORM_1WORD=1.4961494343879167e-05|NORM_2WORD=1.4073078091314528e-05|NORM_3PLUS=3.6703627301903907e-06
kami	O=0.999980092048645|NORM_2WORD=1.0975380973832216e-05|NORM_1WORD=4.0024683585215826e-06|NORM_3PLUS=3.1289498565456597e-06
.	O=0.9999849796295166|NORM_2WORD=5.952796982455766e-06|NORM_3PLUS=3.667506462079473e-06|NORM_1WORD=3.2772111353551736e-06

i'm	O=0.9999814033508301|NORM_2WORD=9.86082432063995e-06|NORM_1WORD=5.6864928410504945e-06|NORM_3PLUS=1.977641659323126e-06
at	O=0.9999816417694092|NORM_2WORD=1.0166927495447453e-05|NORM_1WORD=5.4322108553606085e-06|NORM_3PLUS=1.8459670627635205e-06
ioi	O=0.9999817609786987|NORM_2WORD=8.714390787645243e-06|NORM_1WORD=5.894821697438601e-06|NORM_3PLUS=2.601441792648984e-06
mall	O=0.9999659061431885|NORM_1WORD=1.537093339720741e-05|NORM_2WORD=1.2703418178716674e-05|NORM_3PLUS=3.4197178138128947e-06
(	O=0.999983549118042|NORM_2WORD=7.969290891196579e-06|NORM_1WORD=4.396994881972205e-06|NORM_3PLUS=2.173594111809507e-06
puchong	O=0.9999638795852661|NORM_2WORD=1.5927806089166552e-05|NORM_1WORD=1.1475102837721352e-05|NORM_3PLUS=4.314245870773448e-06
,	O=0.9999829530715942|NORM_2WORD=8.637198334326968e-06|NORM_3PLUS=3.0922751648176927e-06|NORM_1WORD=3.026912054338027e-06
selangor	O=0.9999852180480957|NORM_2WORD=7.275923508132109e-06|NORM_1WORD=4.418890966917388e-06|NORM_3PLUS=1.751966465235455e-06
)	O=0.9999864101409912|NORM_2WORD=5.889752173970919e-06|NORM_1WORD=3.4422014323354233e-06|NORM_3PLUS=2.016505277424585e-06
w/	O=0.9999775886535645|NORM_1WORD=9.787838280317374e-06|NORM_2WORD=9.429116289538797e-06|NORM_3PLUS=1.8771494296743185e-06
23	O=0.999968409538269|NORM_1WORD=1.5275734767783433e-05|NORM_2WORD=1.223919025505893e-05|NORM_3PLUS=2.0604411474778317e-06
others	O=0.9999570846557617|NORM_2WORD=1.8498738427297212e-05|NORM_1WORD=1.8017661204794422e-05|NORM_3PLUS=3.2913110317167593e-06
https://t.co/un8sawl71z	O=0.9999839067459106|NORM_2WORD=9.457454325456638e-06|NORM_1WORD=2.870097659979365e-06|NORM_3PLUS=2.343984760955209e-06

#nowplaying	O=0.999980092048645|NORM_2WORD=1.3404807759798132e-05|NORM_1WORD=3.6194307995174313e-06|NORM_3PLUS=1.78986624632671e-06
on	O=0.9999874830245972|NORM_2WORD=6.728637345077004e-06|NORM_1WORD=2.8040685720043257e-06|NORM_3PLUS=1.6956195167949772e-06
#fuerza943fm	O=0.9999860525131226|NORM_2WORD=8.992520633910317e-06|NORM_1WORD=2.1860601009393577e-06|NORM_3PLUS=1.7516454136057291e-06
yiyo	O=0.999969482421875|NORM_1WORD=1.5926041669445112e-05|NORM_2WORD=1.0812509572133422e-05|NORM_3PLUS=2.3761265310895396e-06
sarante	O=0.9999703168869019|NORM_1WORD=1.3159517948224675e-05|NORM_2WORD=9.052774657902773e-06|NORM_3PLUS=3.539239514793735e-06
-	O=0.9999864101409912|NORM_2WORD=5.731498731620377e-06|NORM_1WORD=3.6220744732418098e-06|NORM_3PLUS=2.0390750705701066e-06
homenaje	O=0.9999570846557617|NORM_1WORD=2.032762495218776e-05|NORM_2WORD=1.1632654604909476e-05|NORM_3PLUS=5.532869181479327e-06
a	O=0.9999843835830688|NORM_2WORD=6.559517260029679e-06|NORM_1WORD=5.0929565986734815e-06|NORM_3PLUS=2.5425676994927926e-06
willy	O=0.9999874830245972|NORM_2WORD=5.381252321967622e-06|NORM_1WORD=4.698305019701365e-06|NORM_3PLUS=1.3954704627394676e-06
gonzales	O=0.9999793767929077|NORM_1WORD=7.411026217596373e-06|NORM_2WORD=7.123472187231528e-06|NORM_3PLUS=3.119648454230628e-06
click	O=0.9999644756317139|NORM_1WORD=1.8355667634750716e-05|NORM_2WORD=9.917583156493492e-06|NORM_3PLUS=3.834695235127583e-06
to	O=0.9999834299087524|NORM_2WORD=7.323821137106279e-06|NORM_1WORD=6.212517291714903e-06|NORM_3PLUS=1.6904782569326926e-06
listen	O=0.999961256980896|NORM_1WORD=1.8087015632772818e-05|NORM_2WORD=1.2113748198316898e-05|NORM_3PLUS=4.129096396354726e-06
http://t.co/ywv0tbwfbx	O=0.9999860525131226|NORM_2WORD=8.1693679021555e-06|NORM_1WORD=2.8254883090994554e-06|NORM_3PLUS=1.6433716609753901e-06

zouis	O=0.9999629259109497|NORM_1WORD=1.8909146092482843e-05|NORM_2WORD=1.4368481970450375e-05|NORM_3PLUS=2.547306849010056e-06
is	O=0.9999747276306152|NORM_1WORD=1.3840750398230739e-05|NORM_2WORD=7.266257398441667e-06|NORM_3PLUS=2.328405344087514e-06
probably	O=0.9999805688858032|NORM_2WORD=8.098161742964294e-06|NORM_1WORD=6.996054253249895e-06|NORM_3PLUS=2.672278924364946e-06
sitting	O=0.9999685287475586|NORM_1WORD=1.4625935364165343e-05|NORM_2WORD=1.0879265573748853e-05|NORM_3PLUS=3.1091210530576063e-06
in	O=0.9999768733978271|NORM_1WORD=1.4613967323384713e-05|NORM_2WORD=6.59109718981199e-06|NORM_3PLUS=1.060437853084295e-06
their	O=0.9999779462814331|NORM_2WORD=1.0014173312811181e-05|NORM_1WORD=7.918691153463442e-06|NORM_3PLUS=2.7977591798844514e-06
scooby	O=0.9999157190322876|NORM_1WORD=6.43459934508428e-05|NORM_2WORD=1.3307601875567343e-05|NORM_3PLUS=4.47502861788962e-06
doo	O=0.9999651908874512|NORM_1WORD=1.7339971236651763e-05|NORM_2WORD=1.1501138033054303e-05|NORM_3PLUS=4.4710945985571016e-06
mystery	O=0.9999563694000244|NORM_1WORD=2.3345182853518054e-05|NORM_2WORD=1.2814937690563966e-05|NORM_3PLUS=4.138900749239838e-06
van	O=0.9999687671661377|NORM_1WORD=2.217551264038775e-05|NORM_2WORD=6.342378128465498e-06|NORM_3PLUS=1.7108480960814632e-06
lighting	O=0.9998806715011597|NORM_1WORD=7.940860814414918e-05|NORM_2WORD=2.845357812475413e-05|NORM_3PLUS=6.019697138981428e-06
up	O=0.9999724626541138|NORM_1WORD=1.69209288287675e-05|NORM_2WORD=7.717071639490314e-06|NORM_3PLUS=1.4544697251039906e-06
another	O=0.9999747276306152|NORM_2WORD=1.0569327969278675e-05|NORM_1WORD=9.72534871834796e-06|NORM_3PLUS=2.196446303059929e-06
blunt	O=0.999937891960144|NORM_1WORD=4.684755185735412e-05|NORM_2WORD=1.2031617188767996e-05|NORM_3PLUS=1.7421053826183197e-06
while	O=0.9999858140945435|NORM_2WORD=6.015583494445309e-06|NORM_1WORD=5.196847268962301e-06|NORM_3PLUS=1.6460849110444542e-06
scrolling	O=0.9999736547470093|NORM_2WORD=1.2203346159367356e-05|NORM_1WORD=1.1146348697366193e-05|NORM_3PLUS=1.6043450159486383e-06
down	O=0.999987006187439|NORM_2WORD=5.92220430917223e-06|NORM_1WORD=5.2355499065015465e-06|NORM_3PLUS=9.672120313553023e-07
twitter	O=0.9999529123306274|NORM_1WORD=3.2872805604711175e-05|NORM_2WORD=1.0817713700816967e-05|NORM_3PLUS=1.8895859739131993e-06
and	O=0.999985933303833|NORM_2WORD=7.493830253224587e-06|NORM_1WORD=3.6745993838849245e-06|NORM_3PLUS=1.5827121160327806e-06
laughing	O=0.9999771118164062|NORM_1WORD=1.0989445399900433e-05|NORM_2WORD=9.048296305991244e-06|NORM_3PLUS=1.4432457646762487e-06
at	O=0.999984860420227|NORM_1WORD=8.834893378661945e-06|NORM_2WORD=4.448716481419979e-06|NORM_3PLUS=9.344601608063385e-07
everyone	O=0.9999821186065674|NORM_2WORD=7.293143880815478e-06|NORM_1WORD=6.872097401355859e-06|NORM_3PLUS=2.1637997633661143e-06

yaya	O=0.9999862909317017|NORM_2WORD=6.940922048670473e-06|NORM_1WORD=4.199163868179312e-06|NORM_3PLUS=1.6393084933952196e-06
toure	O=0.9999873638153076|NORM_2WORD=5.714355211239308e-06|NORM_1WORD=4.523019015323371e-06|NORM_3PLUS=1.4643006807091297e-06
refuses	O=0.9999825954437256|NORM_1WORD=8.115241143968888e-06|NORM_2WORD=6.79577033224632e-06|NORM_3PLUS=1.2600196441781009e-06
to	O=0.9999781847000122|NORM_2WORD=8.883592272468377e-06|NORM_1WORD=8.479192729282659e-06|NORM_3PLUS=2.473874474162585e-06
commit	O=0.9999710321426392|NORM_1WORD=1.7162832591566257e-05|NORM_2WORD=8.288646313303616e-06|NORM_3PLUS=1.8234900380775798e-06
future	O=0.9999691247940063|NORM_1WORD=2.009497256949544e-05|NORM_2WORD=7.342815479205456e-06|NORM_3PLUS=1.5086068287928356e-06
to	O=0.9999780654907227|NORM_1WORD=1.0881745765800588e-05|NORM_2WORD=7.493106750189327e-06|NORM_3PLUS=1.977812416953384e-06
manchester	O=0.9999816417694092|NORM_2WORD=9.266287634090986e-06|NORM_1WORD=5.770597908849595e-06|NORM_3PLUS=1.653241042731679e-06
city	O=0.9999794960021973|NORM_1WORD=8.855638952809386e-06|NORM_2WORD=7.704574272793252e-06|NORM_3PLUS=1.6276528640446486e-06
http://t.co/cuty8s3wnu	O=0.999983549118042|NORM_2WORD=9.06651075638365e-06|NORM_1WORD=4.416949650476454e-06|NORM_3PLUS=1.58162038133014e-06

can	O=0.9999619722366333|NORM_1WORD=1.7769632904673927e-05|NORM_2WORD=1.201771192427259e-05|NORM_3PLUS=4.4864355004392564e-06
y'all	O=0.9999634027481079|NORM_1WORD=1.581752258061897e-05|NORM_2WORD=1.4803670637775213e-05|NORM_3PLUS=4.046720277983695e-06
pls	NORM_1WORD=0.999875545501709|O=3.800944978138432e-05|NORM_2WORD=3.6761968658538535e-05|NORM_3PLUS=3.6559049476636574e-05
shut	O=0.9999450445175171|NORM_1WORD=3.642825686256401e-05|NORM_2WORD=1.2314878404140472e-05|NORM_3PLUS=3.2817870305734687e-06
the	O=0.9999715089797974|NORM_2WORD=1.1306930900900625e-05|NORM_1WORD=1.0480774108145852e-05|NORM_3PLUS=3.446183654887136e-06
fk	O=0.640480637550354|NORM_1WORD=0.3558342754840851|NORM_2WORD=0.0035739424638450146|NORM_3PLUS=9.620383207220584e-05
up	O=0.9999762773513794|NORM_1WORD=1.4965485206630547e-05|NORM_2WORD=5.749155207013246e-06|NORM_3PLUS=1.835225248214556e-06

the	O=0.9999792575836182|NORM_2WORD=9.040664735948667e-06|NORM_1WORD=6.8918329816369805e-06|NORM_3PLUS=2.7399755708756857e-06
dumbs	O=0.9999370574951172|NORM_1WORD=3.461207597865723e-05|NORM_2WORD=1.7198772184201516e-05|NORM_3PLUS=5.774188593932195e-06
will	O=0.999972939491272|NORM_1WORD=1.2873370906163473e-05|NORM_2WORD=1.0256120731355622e-05|NORM_3PLUS=2.4741682409512578e-06
be	O=0.9999833106994629|NORM_1WORD=8.545885066268966e-06|NORM_2WORD=5.908349521632772e-06|NORM_3PLUS=1.3392576647675014e-06
on	O=0.9999810457229614|NORM_1WORD=1.0712745279306546e-05|NORM_2WORD=6.290830697253114e-06|NORM_3PLUS=1.1619810038610012e-06
asc	O=0.9932008385658264|NORM_1WORD=0.004137834999710321|NORM_2WORD=0.0026030424050986767|NORM_3PLUS=5.318025796441361e-05
show	O=0.9999774694442749|NORM_1WORD=1.1969159459113143e-05|NORM_2WORD=7.4966765168937854e-06|NORM_3PLUS=1.7492100141680567e-06
again	O=0.9999593496322632|NORM_1WORD=2.1240144633338787e-05|NORM_2WORD=1.338835500064306e-05|NORM_3PLUS=3.067772922804579e-06
*	O=0.9999586343765259|NORM_1WORD=1.9034718206967227e-05|NORM_2WORD=1.1920714314328507e-05|NORM_3PLUS=5.169736596144503e-06
claps	O=0.999910831451416|NORM_1WORD=5.92658034292981e-05|NORM_2WORD=2.4574143026256934e-05|NORM_3PLUS=3.218035317331669e-06
*	O=0.9999769926071167|NORM_1WORD=1.0097587619384285e-05|NORM_2WORD=7.066880698403111e-06|NORM_3PLUS=3.092427732553915e-06

rt	O=0.9999823570251465|NORM_2WORD=8.813428394205403e-06|NORM_1WORD=4.150886979914503e-06|NORM_3PLUS=2.5502220069029136e-06
@yvonnewenger	O=0.9999794960021973|NORM_2WORD=9.34808576857904e-06|NORM_1WORD=4.974892817699583e-06|NORM_3PLUS=3.6052938412467483e-06
:	O=0.9999823570251465|NORM_2WORD=7.0214055085671134e-06|NORM_1WORD=4.3031118366343435e-06|NORM_3PLUS=2.9109121442161268e-06
police	O=0.9999738931655884|NORM_1WORD=1.1954605724895373e-05|NORM_2WORD=8.277247616206296e-06|NORM_3PLUS=3.191525593138067e-06
commissioner	O=0.9999722242355347|NORM_2WORD=1.3942021723778453e-05|NORM_1WORD=7.390576229227008e-06|NORM_3PLUS=3.977293545176508e-06
batts	O=0.9999022483825684|NORM_1WORD=5.760131170973182e-05|NORM_2WORD=3.370445119799115e-05|NORM_3PLUS=3.573094772946206e-06
wants	O=0.9998451471328735|NORM_1WORD=6.142063648439944e-05|NORM_2WORD=4.884384907200001e-05|NORM_3PLUS=2.2148613425088115e-05
to	O=0.9999403953552246|NORM_2WORD=2.7240866984357126e-05|NORM_3PLUS=1.1619898032222409e-05|NORM_1WORD=1.0096813639393076e-05
spend	O=0.9999580383300781|NORM_2WORD=1.4855849258310627e-05|NORM_1WORD=1.382422760798363e-05|NORM_3PLUS=6.284221854002681e-06
$5.5	O=0.9998884201049805|NORM_1WORD=4.4786484068026766e-05|NORM_2WORD=4.004146103397943e-05|NORM_3PLUS=1.536588570161257e-05
m	O=0.999751627445221|NORM_1WORD=0.00020347718964330852|NORM_2WORD=2.657787990756333e-05|NORM_3PLUS=1.0277180081175175e-05
on	O=0.9999498128890991|NORM_2WORD=1.971749952645041e-05|NORM_1WORD=1.4681251741421875e-05|NORM_3PLUS=8.747000720177311e-06
aviation-related	O=0.9997158646583557|NORM_2WORD=0.00013901364582125098|NORM_1WORD=8.438208169536665e-05|NORM_3PLUS=3.302269396954216e-05
special	O=0.9999649524688721|NORM_1WORD=1.744958535709884e-05|NORM_2WORD=1.0392858712293673e-05|NORM_3PLUS=4.01846727982047e-06
operations	O=0.9996567964553833|NORM_2WORD=0.00015270878793671727|NORM_1WORD=0.00014928131713531911|NORM_3PLUS=2.2827018256066367e-05
.	O=0.9999635219573975|NORM_2WORD=1.3245284208096564e-05|NORM_3PLUS=9.209059498971328e-06|NORM_1WORD=7.374979759333655e-06

video	O=0.9999804496765137|NORM_2WORD=9.476813829678576e-06|NORM_3PLUS=4.533822902885731e-06|NORM_1WORD=2.5659303446445847e-06
:	O=0.999984622001648|NORM_2WORD=8.03267630544724e-06|NORM_3PLUS=2.4209721232182346e-06|NORM_1WORD=2.398611513854121e-06
'	O=0.9999827146530151|NORM_2WORD=9.750436220201664e-06|NORM_1WORD=3.538672672220855e-06|NORM_3PLUS=1.9405881630518707e-06
all	O=0.9999346733093262|NORM_2WORD=3.015898801095318e-05|NORM_1WORD=1.8690085198613815e-05|NORM_3PLUS=8.91317813511705e-06
out	O=0.9999781847000122|NORM_2WORD=1.2516288734332193e-05|NORM_1WORD=5.916703685215907e-06|NORM_3PLUS=2.1294465568644227e-06
'	O=0.9999784231185913|NORM_2WORD=1.2020395843137521e-05|NORM_1WORD=3.2368227493861923e-06|NORM_3PLUS=3.203716687494307e-06
demi	O=0.9999796152114868|NORM_1WORD=9.642417353461497e-06|NORM_2WORD=7.080263003444998e-06|NORM_3PLUS=2.0199927348585334e-06
la	O=0.9999796152114868|NORM_2WORD=1.0280092283210251e-05|NORM_1WORD=5.133704235049663e-06|NORM_3PLUS=2.852419584087329e-06
decima	O=0.9999698400497437|NORM_2WORD=1.4523388927045744e-05|NORM_1WORD=8.991389222501311e-06|NORM_3PLUS=3.736397957254667e-06
http://t.co/0cs9iaq0vd	O=0.9999864101409912|NORM_2WORD=8.503880053467583e-06|NORM_1WORD=2.234135763501399e-06|NORM_3PLUS=1.8552078699940466e-06

haha	O=0.9999896287918091|NORM_2WORD=3.966245458286721e-06|NORM_1WORD=3.4428428534738487e-06|NORM_3PLUS=1.3864267884855508e-06
love	O=0.9999874830245972|NORM_1WORD=6.15822591498727e-06|NORM_2WORD=4.496161182032665e-06|NORM_3PLUS=9.632396995584713e-07
that	O=0.9999885559082031|NORM_2WORD=6.190925887494814e-06|NORM_1WORD=2.970110244859825e-06|NORM_3PLUS=1.2772212585332454e-06
nike	O=0.9998292922973633|NORM_2WORD=9.122651681536809e-05|NORM_1WORD=5.185215923120268e-05|NORM_3PLUS=1.9714880181709304e-05
advert	O=0.999946117401123|NORM_1WORD=2.92605473077856e-05|NORM_2WORD=1.8471298972144723e-05|NORM_3PLUS=3.5667078464030055e-06
.	O=0.9999872446060181|NORM_2WORD=6.717864835081855e-06|NORM_1WORD=2.664461135282181e-06|NORM_3PLUS=2.074034000543179e-06
ronaldo	O=0.9999827146530151|NORM_2WORD=9.368124665343203e-06|NORM_1WORD=4.701061243395088e-06|NORM_3PLUS=1.8270485497851041e-06
:	O=0.9999847412109375|NORM_1WORD=6.134282557468396e-06|NORM_2WORD=6.11559653407312e-06|NORM_3PLUS=1.4404708963411395e-06
"	O=0.999987006187439|NORM_2WORD=4.881890163233038e-06|NORM_1WORD=4.799725957127521e-06|NORM_3PLUS=1.5003865883045364e-06
but	O=0.9999878406524658|NORM_1WORD=5.879972832190106e-06|NORM_2WORD=3.8756720641686115e-06|NORM_3PLUS=1.1315805750200525e-06
not	O=0.9999843835830688|NORM_1WORD=8.852144674165174e-06|NORM_2WORD=4.352960786491167e-06|NORM_3PLUS=1.0965262617901317e-06
her	O=0.999974250793457|NORM_2WORD=1.1557724974409211e-05|NORM_1WORD=1.0841130460903514e-05|NORM_3PLUS=1.5604805412294809e-06
.	O=0.9999849796295166|NORM_2WORD=7.171321612986503e-06|NORM_1WORD=4.716753664979478e-06|NORM_3PLUS=1.9624624201242113e-06
"	O=0.9999895095825195|NORM_1WORD=3.997905423602788e-06|NORM_2WORD=3.5276411836093757e-06|NORM_3PLUS=1.3158145293346024e-06
ooooohh	O=0.9990960359573364|NORM_1WORD=0.0008107373723760247|NORM_2WORD=8.404121035709977e-05|NORM_3PLUS=6.308503088803263e-06
!!	O=0.9999876022338867|NORM_2WORD=4.8204865379375406e-06|NORM_1WORD=4.2301508074160665e-06|NORM_3PLUS=1.4158964631860727e-06
burn	O=0.9999258518218994|NORM_1WORD=6.040618245606311e-05|NORM_2WORD=1.024988705466967e-05|NORM_3PLUS=2.0097618289582897e-06
!	O=0.9999874830245972|NORM_2WORD=5.354330824047793e-06|NORM_1WORD=4.288271156838164e-06|NORM_3PLUS=1.1771385288739111e-06
lol	O=0.999983549118042|NORM_1WORD=7.65342338127084e-06|NORM_2WORD=4.001898560090922e-06|NORM_3PLUS=1.949848865478998e-06

rt	O=0.9999840259552002|NORM_2WORD=7.3958381108241156e-06|NORM_1WORD=4.6755380935792346e-06|NORM_3PLUS=1.9995281945739407e-06
@gxthluke	O=0.9999854564666748|NORM_1WORD=5.713107384508476e-06|NORM_2WORD=5.6741323533060495e-06|NORM_3PLUS=1.8535967001298559e-06
:	O=0.9999861717224121|NORM_1WORD=5.092791070637759e-06|NORM_2WORD=4.669963800552068e-06|NORM_3PLUS=1.6892727217054926e-06
"	O=0.9999884366989136|NORM_1WORD=4.497988811635878e-06|NORM_2WORD=3.3267967864958337e-06|NORM_3PLUS=1.6427959508291679e-06
and	O=0.9999889135360718|NORM_1WORD=4.300170076021459e-06|NORM_2WORD=3.763204404094722e-06|NORM_3PLUS=1.4578932905351394e-06
on	O=0.9999889135360718|NORM_1WORD=5.549427442019805e-06|NORM_2WORD=3.7001791497459635e-06|NORM_3PLUS=7.958863079693401e-07
the	O=0.9999828338623047|NORM_2WORD=7.909703526820522e-06|NORM_1WORD=5.754234280175297e-06|NORM_3PLUS=1.5767878949191072e-06
seventh	O=0.9999561309814453|NORM_1WORD=2.6947147489408962e-05|NORM_2WORD=1.1338860531395767e-05|NORM_3PLUS=1.9342880932526896e-06
day	O=0.999984622001648|NORM_1WORD=7.760488188068848e-06|NORM_2WORD=4.908923074253835e-06|NORM_3PLUS=1.242600887962908e-06
,	O=0.9999876022338867|NORM_1WORD=4.582978817779804e-06|NORM_2WORD=4.3855334297404625e-06|NORM_3PLUS=1.7389867252859403e-06
god	O=0.9999809265136719|NORM_1WORD=1.1397187336115167e-05|NORM_2WORD=4.639071448764298e-06|NORM_3PLUS=1.3299555803314433e-06
created	O=0.999940037727356|NORM_1WORD=4.041505962959491e-05|NORM_2WORD=1.0056161954707932e-05|NORM_3PLUS=3.462612539806287e-06
the	O=0.9999840259552002|NORM_1WORD=7.001624908298254e-06|NORM_2WORD=6.008337550156284e-06|NORM_3PLUS=1.430732822882419e-06
janoskians	O=0.9999579191207886|NORM_1WORD=2.3011074517853558e-05|NORM_2WORD=1.5662719306419604e-05|NORM_3PLUS=1.679588194747339e-06
in	O=0.9999774694442749|NORM_1WORD=1.4589830243494362e-05|NORM_2WORD=5.212309588387143e-06|NORM_3PLUS=1.1495856142573757e-06
bandanas	O=0.9999486207962036|NORM_2WORD=2.3881069864728488e-05|NORM_1WORD=2.2378504581865855e-05|NORM_3PLUS=2.95913491754618e-06
"	O=0.9999887943267822|NORM_1WORD=4.386743967188522e-06|NORM_2WORD=3.500890898067155e-06|NORM_3PLUS=1.4324640460472438e-06
http://t.co/cudsu1wmmj	O=0.9999874830245972|NORM_2WORD=7.098370588209946e-06|NORM_1WORD=2.5838767214736436e-06|NORM_3PLUS=1.685097686277004e-06

@iezzaahs	O=0.999980092048645|NORM_2WORD=1.2612915270437952e-05|NORM_1WORD=3.0870041882735677e-06|NORM_3PLUS=2.4937648959166836e-06
@ainnaprincess	O=0.9999802112579346|NORM_2WORD=8.60158252180554e-06|NORM_1WORD=6.237871275516227e-06|NORM_3PLUS=2.2913075099495472e-06
shld	NORM_1WORD=0.9988964796066284|O=0.001032105297781527|NORM_2WORD=5.9054498706245795e-05|NORM_3PLUS=8.85611825651722e-06
i	O=0.9999790191650391|NORM_1WORD=1.2750459973176476e-05|NORM_2WORD=4.080522558069788e-06|NORM_3PLUS=2.065540911644348e-06
ask	O=0.9999864101409912|NORM_1WORD=6.2713252191315405e-06|NORM_2WORD=5.027213774155825e-06|NORM_3PLUS=1.1878788654939854e-06
u	NORM_1WORD=0.9999638795852661|O=1.474098735343432e-05|NORM_3PLUS=9.27605196920922e-06|NORM_2WORD=6.741601282556076e-06
...	O=0.9999735355377197|NORM_2WORD=9.056576345756184e-06|NORM_1WORD=7.870321496739052e-06|NORM_3PLUS=3.4620020414877217e-06
y	NORM_1WORD=0.5367921590805054|O=0.46260544657707214|NORM_2WORD=0.0005049502942711115|NORM_3PLUS=6.479903095168993e-05
dun	NORM_1WORD=0.9984682202339172|O=0.001414769678376615|NORM_2WORD=9.757275256561115e-05|NORM_3PLUS=1.1303151950414758e-05
u	NORM_1WORD=0.9999611377716064|O=1.765827437338885e-05|NORM_3PLUS=9.122543815465178e-06|NORM_2WORD=7.1220511017600074e-06
hve	NORM_1WORD=0.9999505281448364|O=1.7664960978436284e-05|NORM_3PLUS=1.4736473531229421e-05|NORM_2WORD=1.2066588169545867e-05
summer	O=0.9999768733978271|NORM_1WORD=1.3172072613087948e-05|NORM_2WORD=6.30255590294837e-06|NORM_3PLUS=1.9975982468167786e-06
vaccations	O=0.9999496936798096|NORM_1WORD=2.34454964811448e-05|NORM_2WORD=2.0874345864285715e-05|NORM_3PLUS=3.145018354189233e-06
??	O=0.999987006187439|NORM_1WORD=4.769542101712432e-06|NORM_2WORD=4.043864464620128e-06|NORM_3PLUS=1.5727634945505997e-06

.	O=0.9999890327453613|NORM_2WORD=4.108459506824147e-06|NORM_1WORD=3.3188480301760137e-06|NORM_3PLUS=2.0696077172033256e-06
see	O=0.9999908208847046|NORM_1WORD=4.849093329539755e-06|NORM_2WORD=2.6071952561323997e-06|NORM_3PLUS=1.037511765389354e-06
ii	O=0.8045130968093872|NORM_1WORD=0.19450950622558594|NORM_2WORD=0.000786249409429729|NORM_3PLUS=0.00016344852338079363
respect	O=0.9999662637710571|NORM_1WORD=2.5768567866180092e-05|NORM_2WORD=4.510087364906212e-06|NORM_3PLUS=1.8706909941101912e-06
nassau	O=0.9999756813049316|NORM_1WORD=1.5458741472684778e-05|NORM_2WORD=5.5134146350610536e-06|NORM_3PLUS=1.9218039142288035e-06
&	O=0.9999785423278809|NORM_1WORD=1.2487427738960832e-05|NORM_2WORD=5.0825387916120235e-06|NORM_3PLUS=2.08313235816604e-06
junkanoo	O=0.9999831914901733|NORM_2WORD=6.634976671193726e-06|NORM_1WORD=6.43653356746654e-06|NORM_3PLUS=2.4517269139323616e-06
but	O=0.9999860525131226|NORM_1WORD=7.400474714813754e-06|NORM_2WORD=3.929541435354622e-06|NORM_3PLUS=1.380809862894239e-06
they	O=0.9999758005142212|NORM_1WORD=1.4620504771301057e-05|NORM_2WORD=5.161248736840207e-06|NORM_3PLUS=2.502752749933279e-06
know	O=0.9999858140945435|NORM_1WORD=8.971830538939685e-06|NORM_2WORD=3.4066354146489175e-06|NORM_3PLUS=8.619749110039265e-07
they	O=0.9999756813049316|NORM_1WORD=1.3880762708140537e-05|NORM_2WORD=5.643509666697355e-06|NORM_3PLUS=2.70478676611674e-06
could	O=0.9999781847000122|NORM_1WORD=1.1390745385142509e-05|NORM_2WORD=7.099848062352976e-06|NORM_3PLUS=1.783056518434023e-06
have	O=0.9999852180480957|NORM_1WORD=8.877149412001017e-06|NORM_2WORD=4.586911927617621e-06|NORM_3PLUS=7.874801895013661e-07
come	O=0.99996018409729|NORM_1WORD=2.75155089184409e-05|NORM_2WORD=8.160855941241607e-06|NORM_3PLUS=2.1767625639768085e-06
out	O=0.9999706745147705|NORM_1WORD=2.1561132598435506e-05|NORM_2WORD=5.889147814741591e-06|NORM_3PLUS=1.175674924525083e-06
wayy	NORM_1WORD=0.9434136748313904|O=0.05255090817809105|NORM_2WORD=0.0038638534024357796|NORM_3PLUS=0.0001422525820089504
better	O=0.9999822378158569|NORM_1WORD=1.1208601790713146e-05|NORM_2WORD=4.289696335035842e-06|NORM_3PLUS=1.226968038281484e-06
than	O=0.9999861717224121|NORM_1WORD=8.450319000985473e-06|NORM_2WORD=3.91761341234087e-06|NORM_3PLUS=8.170798082574038e-07
this	O=0.9999842643737793|NORM_2WORD=6.908950581419049e-06|NORM_1WORD=5.4205033848120365e-06|NORM_3PLUS=1.5200098459899891e-06
.	O=0.99998939037323|NORM_1WORD=4.672019258578075e-06|NORM_2WORD=3.2722221021685982e-06|NORM_3PLUS=1.5338338243964245e-06
smt	NORM_1WORD=0.9504393339157104|O=0.045517656952142715|NORM_2WORD=0.00395601149648428|NORM_3PLUS=7.641423144377768e-05
remind	O=0.9999181032180786|NORM_1WORD=3.849971471936442e-05|NORM_2WORD=1.9680956029333174e-05|NORM_3PLUS=1.0096357982547488e-05
me	O=0.9999881982803345|NORM_1WORD=5.773442808276741e-06|NORM_2WORD=3.047495965802227e-06|NORM_3PLUS=1.4001666386320721e-06
of	O=0.9999829530715942|NORM_1WORD=9.74606882664375e-06|NORM_2WORD=3.886401827912778e-06|NORM_3PLUS=1.5851029502300662e-06
fpo	O=0.9999769926071167|NORM_1WORD=1.235090985574061e-05|NORM_2WORD=7.834762072889134e-06|NORM_3PLUS=1.5556288417428732e-06
junkanoo	O=0.9999808073043823|NORM_2WORD=7.379307589872042e-06|NORM_1WORD=6.5253707361989655e-06|NORM_3PLUS=3.4085651350324042e-06

neikeiishav	O=0.9999830722808838|NORM_2WORD=8.62412889546249e-06|NORM_1WORD=5.078690719528822e-06|NORM_3PLUS=2.2293968413578114e-06
:	O=0.9999860525131226|NORM_1WORD=5.289057298796251e-06|NORM_2WORD=4.208472091704607e-06|NORM_3PLUS=2.1943858428130625e-06
my	O=0.9999822378158569|NORM_2WORD=6.075847522879485e-06|NORM_1WORD=5.772610620624619e-06|NORM_3PLUS=2.889994675570051e-06
heart	O=0.9999818801879883|NORM_1WORD=1.069930749508785e-05|NORM_2WORD=5.166948540136218e-06|NORM_3PLUS=1.2502204072006862e-06
where	O=0.9999830722808838|NORM_1WORD=7.340866432059556e-06|NORM_2WORD=5.189651346881874e-06|NORM_3PLUS=2.5671097318991087e-06
are	O=0.9999791383743286|NORM_1WORD=1.265334776689997e-05|NORM_2WORD=4.873561920248903e-06|NORM_3PLUS=2.032306383625837e-06
u	NORM_1WORD=0.9999593496322632|O=1.708398667688016e-05|NORM_3PLUS=9.5254063126049e-06|NORM_2WORD=8.144545063260011e-06
,	O=0.9999815225601196|NORM_2WORD=7.343978722929023e-06|NORM_1WORD=4.887336217507254e-06|NORM_3PLUS=3.408437351026805e-06
i	O=0.9999709129333496|NORM_1WORD=1.2536458598333411e-05|NORM_2WORD=7.59528074922855e-06|NORM_3PLUS=4.638816790247802e-06
can	O=0.999969482421875|NORM_1WORD=1.3654638678417541e-05|NORM_2WORD=1.0638016647135373e-05|NORM_3PLUS=3.4397114632156445e-06
go	O=0.9999744892120361|NORM_1WORD=1.1200971130165271e-05|NORM_2WORD=9.177571882901248e-06|NORM_3PLUS=2.7339535790815717e-06
out	O=0.9999805688858032|NORM_1WORD=1.1612954040174372e-05|NORM_2WORD=5.847301054018317e-06|NORM_3PLUS=1.0829011216628714e-06
now	O=0.9999663829803467|NORM_1WORD=1.4043973351363093e-05|NORM_2WORD=1.2586691809701733e-05|NORM_3PLUS=3.579012627596967e-06
!	O=0.9999816417694092|NORM_1WORD=7.630247637280263e-06|NORM_2WORD=5.91362731938716e-06|NORM_3PLUS=2.1058899619674776e-06
/	O=0.9999873638153076|NORM_1WORD=4.60285036751884e-06|NORM_2WORD=4.418474873091327e-06|NORM_3PLUS=1.681490402916097e-06
hehe	O=0.9999878406524658|NORM_1WORD=5.1263887144159526e-06|NORM_2WORD=3.6691155855805846e-06|NORM_3PLUS=1.7226525415026117e-06
,	O=0.9999872446060181|NORM_2WORD=4.841331247007474e-06|NORM_1WORD=3.5485802527546184e-06|NORM_3PLUS=2.4114667667163303e-06
let's	O=0.9999827146530151|NORM_2WORD=9.225225767295342e-06|NORM_1WORD=4.852436177316122e-06|NORM_3PLUS=2.1148262021597475e-06
go	O=0.9999834299087524|NORM_1WORD=8.155288014677353e-06|NORM_2WORD=4.873642865277361e-06|NORM_3PLUS=1.908624426505412e-06
to	O=0.9999862909317017|NORM_2WORD=5.754083758802153e-06|NORM_1WORD=5.017781404603738e-06|NORM_3PLUS=1.620636680854659e-06
the	O=0.9999686479568481|NORM_2WORD=2.0923809643136337e-05|NORM_1WORD=4.105575044377474e-06|NORM_3PLUS=3.913862201443408e-06
beach	O=0.9999635219573975|NORM_1WORD=1.7629256035434082e-05|NORM_2WORD=1.233393504662672e-05|NORM_3PLUS=3.4916233744297642e-06
.	O=0.9999899864196777|NORM_2WORD=3.30067337017681e-06|NORM_1WORD=2.7983774089079816e-06|NORM_3PLUS=2.2508870642923284e-06
lol	O=0.9999849796295166|NORM_1WORD=7.5308698797016405e-06|NORM_2WORD=3.3117141811089823e-06|NORM_3PLUS=1.8300416968486388e-06
,	O=0.999987006187439|NORM_1WORD=4.563850779959466e-06|NORM_2WORD=4.4156972762721125e-06|NORM_3PLUS=2.168280616388074e-06
happy	O=0.9999845027923584|NORM_1WORD=1.0005066542362329e-05|NORM_2WORD=3.4645172490854748e-06|NORM_3PLUS=1.1110009836556856e-06
me	O=0.999988317489624|NORM_1WORD=5.83282098887139e-06|NORM_2WORD=3.991667654190678e-06|NORM_3PLUS=1.1512987612150027e-06
it	O=0.9999531507492065|NORM_1WORD=3.7827536289114505e-05|NORM_2WORD=6.594040314666927e-06|NORM_3PLUS=1.4521853017868125e-06

@taevhyung1	O=0.999984622001648|NORM_2WORD=8.35589617054211e-06|NORM_3PLUS=2.6948621325573185e-06|NORM_1WORD=2.4762082375673344e-06
anak	O=0.9998352527618408|NORM_1WORD=7.193751662271097e-05|NORM_2WORD=6.294639752013609e-05|NORM_3PLUS=1.796120523067657e-05
emak	O=0.9999769926071167|NORM_2WORD=1.0715879398048855e-05|NORM_1WORD=8.421769962296821e-06|NORM_3PLUS=2.8035817649652017e-06
is	O=0.9999849796295166|NORM_2WORD=8.074922334344592e-06|NORM_1WORD=4.264085418981267e-06|NORM_3PLUS=1.7262080973523553e-06
my	O=0.9999853372573853|NORM_2WORD=7.469210231647594e-06|NORM_1WORD=3.875004949804861e-06|NORM_3PLUS=1.9231372334616026e-06
style	O=0.9999767541885376|NORM_1WORD=1.075546879292233e-05|NORM_2WORD=1.0289066267432645e-05|NORM_3PLUS=1.5138240314627183e-06
mblow	NORM_1WORD=0.8580405116081238|NORM_2WORD=0.11036175489425659|O=0.02812114916741848|NORM_3PLUS=0.0034161279909312725

grabe	O=0.8770478367805481|NORM_1WORD=0.0799143835902214|NORM_2WORD=0.04093346744775772|NORM_3PLUS=0.001882767304778099
after	O=0.9999711513519287|NORM_2WORD=1.0881898560910486e-05|NORM_1WORD=1.0406837645859923e-05|NORM_3PLUS=3.4463403153495165e-06
2	O=0.9999125003814697|NORM_1WORD=4.885193629888818e-05|NORM_2WORD=2.203706571890507e-05|NORM_3PLUS=8.37645166029688e-06
years	O=0.9999443292617798|NORM_1WORD=2.3798938855179586e-05|NORM_2WORD=1.701853943814058e-05|NORM_3PLUS=6.455099537561182e-06
na	O=0.9998132586479187|NORM_1WORD=0.00012420053826645017|NORM_2WORD=4.7805999201955274e-05|NORM_3PLUS=9.484595466346946e-06
agad	O=0.9982773065567017|NORM_1WORD=0.0014135579112917185|NORM_2WORD=0.00017999294504988939|NORM_3PLUS=8.887570584192872e-05
hahahaa	O=0.9999526739120483|NORM_2WORD=2.304314693901688e-05|NORM_1WORD=1.327744121226715e-05|NORM_3PLUS=6.759396910638316e-06

@tgonnzalez	O=0.9999772310256958|NORM_2WORD=1.081215941667324e-05|NORM_3PLUS=4.784793873113813e-06|NORM_1WORD=3.4767253964673728e-06
imma	NORM_3PLUS=0.9989008903503418|NORM_2WORD=0.00033587522921152413|NORM_1WORD=0.00013080984354019165|O=0.00011374236783012748
hafto	O=0.9730646014213562|NORM_2WORD=0.025668328627943993|NORM_3PLUS=0.0007491577998735011|NORM_1WORD=0.0004355376004241407
agree	O=0.9999752044677734|NORM_2WORD=1.1115306733699981e-05|NORM_1WORD=4.754934707307257e-06|NORM_3PLUS=3.6586916394298896e-06
with	O=0.9999833106994629|NORM_2WORD=9.485160262556747e-06|NORM_3PLUS=2.376186785113532e-06|NORM_1WORD=2.130495659002918e-06
that	O=0.9999818801879883|NORM_2WORD=8.918172170524485e-06|NORM_3PLUS=3.4087149742845213e-06|NORM_1WORD=2.3972786493686726e-06
statement	O=0.999969482421875|NORM_2WORD=1.3510945791495033e-05|NORM_1WORD=6.105741704232059e-06|NORM_3PLUS=4.276493655197555e-06
lol	O=0.9999783039093018|NORM_1WORD=7.69485723139951e-06|NORM_2WORD=6.3568145378667396e-06|NORM_3PLUS=2.9427928893710487e-06

rt	O=0.9999825954437256|NORM_2WORD=7.355656180152437e-06|NORM_1WORD=5.5897280617500655e-06|NORM_3PLUS=2.2724543669028208e-06
@suhelseth	O=0.9999849796295166|NORM_2WORD=5.8440541579329874e-06|NORM_1WORD=4.96131224281271e-06|NORM_3PLUS=2.0596207832568325e-06
:	O=0.9999889135360718|NORM_2WORD=3.732088998731342e-06|NORM_1WORD=3.3920027817657683e-06|NORM_3PLUS=1.5999613651729305e-06
digvijay	O=0.9999891519546509|NORM_1WORD=5.1659612836374436e-06|NORM_2WORD=3.8638645492028445e-06|NORM_3PLUS=1.0872172424569726e-06
amrita	O=0.9999881982803345|NORM_2WORD=4.959525995218428e-06|NORM_1WORD=4.105420430278173e-06|NORM_3PLUS=1.5548232568107778e-06
singh	O=0.9999804496765137|NORM_1WORD=8.509223334840499e-06|NORM_2WORD=7.235375505842967e-06|NORM_3PLUS=2.079950263578212e-06
just	O=0.9999788999557495|NORM_1WORD=8.578787856095005e-06|NORM_2WORD=6.125892923591891e-06|NORM_3PLUS=2.6217528557026526e-06
told	O=0.999972939491272|NORM_1WORD=1.2114699529774953e-05|NORM_2WORD=7.009043201833265e-06|NORM_3PLUS=3.0264891393017024e-06
me	O=0.9999915361404419|NORM_1WORD=3.137576413791976e-06|NORM_2WORD=2.7987846351607004e-06|NORM_3PLUS=1.1609189414230059e-06
that	O=0.9999895095825195|NORM_1WORD=4.5985602810105775e-06|NORM_2WORD=3.1751937967783306e-06|NORM_3PLUS=1.1622546480793972e-06
the	O=0.9999898672103882|NORM_2WORD=4.034788616991136e-06|NORM_1WORD=3.584784280974418e-06|NORM_3PLUS=1.1631555025815032e-06
congress	O=0.9999768733978271|NORM_1WORD=1.2156654520367738e-05|NORM_2WORD=6.854650109744398e-06|NORM_3PLUS=1.8236607957078377e-06
loves	O=0.9999822378158569|NORM_1WORD=8.316388630191796e-06|NORM_2WORD=6.4431173996126745e-06|NORM_3PLUS=1.30901355532842e-06
sanjay	O=0.9999853372573853|NORM_1WORD=7.844046194804832e-06|NORM_2WORD=4.352856194600463e-06|NORM_3PLUS=1.3017673836657195e-06
jha	O=0.9999070167541504|NORM_1WORD=4.978977085556835e-05|NORM_2WORD=3.7718444218626246e-05|NORM_3PLUS=3.77815695173922e-06
.	O=0.9999902248382568|NORM_1WORD=3.428974423513864e-06|NORM_2WORD=2.9794373404001817e-06|NORM_3PLUS=1.85428109489294e-06
because	O=0.9999876022338867|NORM_1WORD=6.47089336780482e-06|NORM_2WORD=3.0397411592275603e-06|NORM_3PLUS=1.092037223315856e-06
he	O=0.9999834299087524|NORM_1WORD=6.699745426885784e-06|NORM_2WORD=4.8086430979310535e-06|NORM_3PLUS=2.1778928385174368e-06
makes	O=0.9999402761459351|NORM_1WORD=3.33121934090741e-05|NORM_2WORD=1.3236933227744885e-05|NORM_3PLUS=4.462974175112322e-06
even	O=0.9999897480010986|NORM_1WORD=5.210410563449841e-06|NORM_2WORD=3.2161631224880693e-06|NORM_3PLUS=8.934940751714748e-07
rahul	O=0.9999784231185913|NORM_1WORD=1.3162586583348457e-05|NORM_2WORD=4.467871349334018e-06|NORM_3PLUS=1.5606179886162863e-06
look	O=0.9999822378158569|NORM_1WORD=1.164030527434079e-05|NORM_2WORD=3.3868889204313746e-06|NORM_3PLUS=1.2135526503698202e-06
intelligent	O=0.999974250793457|NORM_1WORD=1.4933106285752729e-05|NORM_2WORD=5.2323539421195164e-06|NORM_3PLUS=2.3847053398640128e-06
!!!	O=0.9999876022338867|NORM_1WORD=5.0865078264905605e-06|NORM_2WORD=3.2486286727362312e-06|NORM_3PLUS=1.728538450151973e-06

http://t.co/zdhldjjchb	O=0.9999861717224121|NORM_2WORD=6.7694868448597845e-06|NORM_1WORD=4.390649792185286e-06|NORM_3PLUS=1.66025415637705e-06
markit	O=0.9999656677246094|NORM_1WORD=1.9776927729253657e-05|NORM_2WORD=1.2703681022685487e-05|NORM_3PLUS=1.0897432503043092e-06
us	O=0.9999747276306152|NORM_1WORD=1.4709717106597964e-05|NORM_2WORD=7.649020517419558e-06|NORM_3PLUS=1.7122131339419866e-06
pmi	O=0.9999724626541138|NORM_1WORD=1.4260716852732003e-05|NORM_2WORD=1.0805862075358164e-05|NORM_3PLUS=1.4594245385524118e-06
services	O=0.9999597072601318|NORM_1WORD=2.061554550891742e-05|NORM_2WORD=1.2924127076985314e-05|NORM_3PLUS=3.739275825864752e-06
(	O=0.9999840259552002|NORM_2WORD=6.898447736602975e-06|NORM_1WORD=6.3675415731268e-06|NORM_3PLUS=1.3681004702448263e-06
prelim	O=0.9999159574508667|NORM_1WORD=5.578032141784206e-05|NORM_2WORD=2.4857823518686928e-05|NORM_3PLUS=2.559398581070127e-06
)	O=0.9999806880950928|NORM_1WORD=9.314468115917407e-06|NORM_2WORD=6.042548193363473e-06|NORM_3PLUS=1.7282628732573357e-06
may	O=0.9999473094940186|NORM_1WORD=3.688615470309742e-05|NORM_2WORD=1.1008386536559556e-05|NORM_3PLUS=2.7910086828342173e-06
:	O=0.9999656677246094|NORM_1WORD=2.071623930532951e-05|NORM_2WORD=8.460765457130037e-06|NORM_3PLUS=2.306557462361525e-06
58.4	O=0.999962329864502|NORM_1WORD=2.261897134303581e-05|NORM_2WORD=8.258582965936512e-06|NORM_3PLUS=3.561785888450686e-06
,	O=0.999977707862854|NORM_2WORD=1.0057805411634035e-05|NORM_1WORD=6.213678261701716e-06|NORM_3PLUS=3.2266220841847826e-06
exp	O=0.9992905855178833|NORM_1WORD=0.0006258447538129985|NORM_2WORD=6.459409632952884e-05|NORM_3PLUS=1.2871544640802313e-05
54.5	O=0.9999688863754272|NORM_1WORD=1.850246735557448e-05|NORM_2WORD=6.820323051215382e-06|NORM_3PLUS=3.469078365014866e-06
,	O=0.9999815225601196|NORM_2WORD=7.615119102410972e-06|NORM_1WORD=5.733586021960946e-06|NORM_3PLUS=2.886428319470724e-06
prev	NORM_1WORD=0.6620234847068787|O=0.33662447333335876|NORM_2WORD=0.0009656062466092408|NORM_3PLUS=0.0003043726901523769
55	O=0.9999508857727051|NORM_1WORD=2.4566294086980633e-05|NORM_2WORD=1.352141953248065e-05|NORM_3PLUS=5.856380084878765e-06
,	O=0.99997878074646|NORM_2WORD=8.89777311385842e-06|NORM_1WORD=6.646644578722771e-06|NORM_3PLUS=3.1693568871560274e-06
range	O=0.9999710321426392|NORM_1WORD=1.8804152205120772e-05|NORM_2WORD=6.138891876616981e-06|NORM_3PLUS=2.2413571514334762e-06
54	O=0.9999723434448242|NORM_1WORD=1.4473856026597787e-05|NORM_2WORD=7.450893917848589e-06|NORM_3PLUS=2.8031408874085173e-06
to	O=0.9999849796295166|NORM_1WORD=6.848733391962014e-06|NORM_2WORD=4.316966624173801e-06|NORM_3PLUS=2.0987572497688234e-06
56.5	O=0.999981164932251|NORM_1WORD=9.681907613412477e-06|NORM_2WORD=5.2416698963497765e-06|NORM_3PLUS=2.290750217071036e-06

http://t.co/5l6gk0tuye	O=0.9999904632568359|NORM_2WORD=4.5736392166872974e-06|NORM_1WORD=2.6558695935818832e-06|NORM_3PLUS=1.4559308283423888e-06
#4	O=0.9999561309814453|NORM_2WORD=1.8870339772547595e-05|NORM_1WORD=1.8168537280871533e-05|NORM_3PLUS=4.743615590996342e-06
:	O=0.9999858140945435|NORM_2WORD=6.218898306542542e-06|NORM_1WORD=2.608074737509014e-06|NORM_3PLUS=2.521067926863907e-06
mad	O=0.9999769926071167|NORM_1WORD=8.724652616365347e-06|NORM_2WORD=7.766922863083892e-06|NORM_3PLUS=2.81006759905722e-06
catz	O=0.9999730587005615|NORM_2WORD=1.626724588277284e-05|NORM_1WORD=6.973214567551622e-06|NORM_3PLUS=2.101724703607033e-06
r	O=0.9999605417251587|NORM_1WORD=3.1733961805002764e-05|NORM_2WORD=4.9276650315732695e-06|NORM_3PLUS=1.4429465409193654e-06
.	O=0.9999599456787109|NORM_2WORD=2.1409932742244564e-05|NORM_1WORD=8.300142326334026e-06|NORM_3PLUS=7.175206064857775e-06
a	O=0.9999828338623047|NORM_1WORD=7.705011739744805e-06|NORM_2WORD=6.956749530218076e-06|NORM_3PLUS=1.6238303714999347e-06
.	O=0.9999548196792603|NORM_2WORD=2.157860762963537e-05|NORM_1WORD=1.4035027561476454e-05|NORM_3PLUS=6.425563242373755e-06
t	O=0.9999785423278809|NORM_1WORD=1.589560997672379e-05|NORM_2WORD=3.5948360164184123e-06|NORM_3PLUS=1.0062108231068123e-06
.	O=0.9999861717224121|NORM_2WORD=6.6079883254133165e-06|NORM_3PLUS=2.962626240332611e-06|NORM_1WORD=2.7083849545306293e-06
5	O=0.9999557733535767|NORM_1WORD=2.85507740045432e-05|NORM_2WORD=9.307753316534217e-06|NORM_3PLUS=3.6099975204706425e-06
gaming	O=0.9999210834503174|NORM_1WORD=3.448348797974177e-05|NORM_2WORD=2.1018731786170974e-05|NORM_3PLUS=9.886924090096727e-06
mouse	O=0.9999712705612183|NORM_1WORD=1.31751257868018e-05|NORM_2WORD=9.958755072148051e-06|NORM_3PLUS=2.7658343242364936e-06
for	O=0.9999876022338867|NORM_1WORD=5.020459411753109e-06|NORM_2WORD=4.344016815593932e-06|NORM_3PLUS=1.4257935845307657e-06
pc	O=0.9999877214431763|NORM_1WORD=4.622101187123917e-06|NORM_2WORD=4.060162609675899e-06|NORM_3PLUS=1.582766230967536e-06
and	O=0.9999853372573853|NORM_2WORD=5.5211130529642105e-06|NORM_1WORD=4.7412895582965575e-06|NORM_3PLUS=2.086365157083492e-06
mac	O=0.9999784231185913|NORM_1WORD=1.1443818038969766e-05|NORM_2WORD=5.540738584386418e-06|NORM_3PLUS=2.260903556816629e-06
mad	O=0.9999792575836182|NORM_1WORD=8.669524504512083e-06|NORM_2WORD=6.164691967569524e-06|NORM_3PLUS=2.4784817469480913e-06
catz	O=0.9999713897705078|NORM_2WORD=1.713982601359021e-05|NORM_1WORD=6.951126124477014e-06|NORM_3PLUS=2.6408267785882344e-06
r	O=0.9999665021896362|NORM_1WORD=2.6998874091077596e-05|NORM_2WORD=4.110729605599772e-06|NORM_3PLUS=1.2595861562658683e-06
.	O=0.9999655485153198|NORM_2WORD=1.7654041585046798e-05|NORM_3PLUS=7.012982678133994e-06|NORM_1WORD=6.828331152064493e-06
a	O=0.9999842643737793|NORM_1WORD=7.330982498388039e-06|NORM_2WORD=5.979084107821109e-06|NORM_3PLUS=1.587021642990294e-06
.	O=0.9999672174453735|NORM_2WORD=1.4651030141976662e-05|NORM_1WORD=1.0071321412397083e-05|NORM_3PLUS=5.440074801299488e-06
t	O=0.9999769926071167|NORM_1WORD=1.6523246813449077e-05|NORM_2WORD=3.8968005355854984e-06|NORM_3PLUS=1.3125844589012559e-06
.	O=0.9999854564666748|NORM_2WORD=6.650575869571185e-06|NORM_3PLUS=3.2352807011193363e-06|NORM_1WORD=3.023682438652031e-06
5	O=0.9999525547027588|NORM_1WORD=2.928921276179608e-05|NORM_2WORD=1.033971147990087e-05|NORM_3PLUS=4.637661277229199e-06
gaming	O=0.9999362230300903|NORM_1WORD=2.6924337362288497e-05|NORM_2WORD=1.7192000086652115e-05|NORM_3PLUS=8.421860002272297e-06
mouse	O=0.999972939491272|NORM_1WORD=1.1414542314014398e-05|NORM_2WORD=9.869687346508726e-06|NORM_3PLUS=2.917254278145265e-06
for	O=0.9999856948852539|NORM_2WORD=5.37262258148985e-06|NORM_1WORD=4.6581030801462475e-06|NORM_3PLUS=1.951501189978444e-06
pc	O=0.9999876022338867|NORM_1WORD=4.4433140828914475e-06|NORM_2WORD=4.22204220740241e-06|NORM_3PLUS=1.6968265299510676e-06
a	O=0.9999496936798096|NORM_1WORD=2.902773667301517e-05|NORM_2WORD=1.544089536764659e-05|NORM_3PLUS=3.568319471014547e-06
...	O=0.9999662637710571|NORM_2WORD=1.499383506597951e-05|NORM_1WORD=6.358490281854756e-06|NORM_3PLUS=5.738274012401234e-06
http://t.co/wkyu5fj8sr	O=0.9999812841415405|NORM_2WORD=1.2233151210239157e-05|NORM_3PLUS=2.9884770356147783e-06|NORM_1WORD=2.2841386453364976e-06

indie	O=0.9999794960021973|NORM_1WORD=9.85868064162787e-06|NORM_2WORD=7.993538929440547e-06|NORM_3PLUS=1.9345195596542908e-06
spotlight	O=0.9999785423278809|NORM_1WORD=1.148691080743447e-05|NORM_2WORD=7.87293629400665e-06|NORM_3PLUS=1.4382300150828087e-06
on	O=0.9999861717224121|NORM_2WORD=5.7233255574828945e-06|NORM_1WORD=4.489741513680201e-06|NORM_3PLUS=2.0448312625376275e-06
earth	O=0.9999872446060181|NORM_1WORD=5.2237014642742e-06|NORM_2WORD=4.812895895156544e-06|NORM_3PLUS=1.4552251741406508e-06
kid	O=0.9999256134033203|NORM_1WORD=5.952503488515504e-05|NORM_2WORD=1.2399014849506784e-05|NORM_3PLUS=1.5611801700288197e-06
hero	O=0.999974250793457|NORM_1WORD=1.5845551388338208e-05|NORM_2WORD=6.855083029222442e-06|NORM_3PLUS=1.8286681324752863e-06
by	O=0.9999823570251465|NORM_2WORD=7.091351108101662e-06|NORM_1WORD=5.482908363774186e-06|NORM_3PLUS=3.0049359338590875e-06
korey	O=0.9999861717224121|NORM_1WORD=7.404203188343672e-06|NORM_2WORD=4.527385044639232e-06|NORM_3PLUS=1.2172758943052031e-06
troyer	O=0.9999881982803345|NORM_1WORD=5.591780336544616e-06|NORM_2WORD=3.981866029789671e-06|NORM_3PLUS=1.4990224599387147e-06
@koreytroyer	O=0.9999884366989136|NORM_2WORD=4.568359599943506e-06|NORM_1WORD=3.8293828765745275e-06|NORM_3PLUS=1.8927948985947296e-06
http://t.co/awa2fm4evm	O=0.9999808073043823|NORM_2WORD=1.3969278370495886e-05|NORM_1WORD=2.411718014627695e-06|NORM_3PLUS=1.903763859445462e-06
via	O=0.9999891519546509|NORM_2WORD=4.419722245074809e-06|NORM_1WORD=3.7183590393397026e-06|NORM_3PLUS=1.7186639524879865e-06
@hacktothefuture	O=0.9999845027923584|NORM_2WORD=6.572423444595188e-06|NORM_1WORD=5.4393126447394025e-06|NORM_3PLUS=2.073526047752239e-06

rt	O=0.9999752044677734|NORM_2WORD=1.0733063390944153e-05|NORM_1WORD=8.067346243478823e-06|NORM_3PLUS=3.2242944598692702e-06
@mccannada	O=0.9999856948852539|NORM_2WORD=7.416828793793684e-06|NORM_1WORD=2.8504709916887805e-06|NORM_3PLUS=2.3836641958041582e-06
:	O=0.9999896287918091|NORM_2WORD=3.7524271192523884e-06|NORM_1WORD=3.261368647144991e-06|NORM_3PLUS=1.5275570603989763e-06
i	O=0.9999842643737793|NORM_1WORD=8.823393727652729e-06|NORM_2WORD=3.577991265046876e-06|NORM_3PLUS=1.7352982695229002e-06
hate	O=0.9999833106994629|NORM_1WORD=1.0387994734628592e-05|NORM_2WORD=3.881828888552263e-06|NORM_3PLUS=1.2295264468775713e-06
missing	O=0.9999768733978271|NORM_1WORD=1.251827779924497e-05|NORM_2WORD=6.7624491748574656e-06|NORM_3PLUS=1.7328559351881268e-06
this	O=0.9999889135360718|NORM_2WORD=6.06165031058481e-06|NORM_1WORD=2.7110982045996934e-06|NORM_3PLUS=1.0283633855578955e-06
shit	O=0.9999635219573975|NORM_1WORD=2.7636257073027082e-05|NORM_2WORD=5.628166491078446e-06|NORM_3PLUS=1.4863235264783725e-06
because	O=0.9999881982803345|NORM_1WORD=5.332651198841631e-06|NORM_2WORD=3.5035038763453485e-06|NORM_3PLUS=1.2101158972654957e-06
im	NORM_1WORD=0.9999580383300781|O=2.1296404156601056e-05|NORM_3PLUS=8.58507428347366e-06|NORM_2WORD=8.340897693415172e-06
so	O=0.9999769926071167|NORM_1WORD=1.6129053619806655e-05|NORM_2WORD=5.0193671086162794e-06|NORM_3PLUS=7.976304345902463e-07
lost	O=0.9999833106994629|NORM_1WORD=9.876418516796548e-06|NORM_2WORD=4.321169399190694e-06|NORM_3PLUS=1.2300342859816737e-06
why	O=0.9999845027923584|NORM_1WORD=8.407973837165628e-06|NORM_2WORD=4.290524429961806e-06|NORM_3PLUS=1.3655424027092522e-06
didnt	NORM_1WORD=0.999915599822998|O=4.4604155846172944e-05|NORM_2WORD=3.006149927387014e-05|NORM_3PLUS=5.166783466847846e-06
carter	O=0.999976396560669|NORM_2WORD=1.2205088751215953e-05|NORM_1WORD=9.773946658242494e-06|NORM_3PLUS=1.1701848734446685e-06
invite	O=0.9999727010726929|NORM_1WORD=1.8380165784037672e-05|NORM_2WORD=5.901270469621522e-06|NORM_3PLUS=1.5847843997107702e-06
taylor	O=0.9999794960021973|NORM_1WORD=1.2853079169872217e-05|NORM_2WORD=5.09460778630455e-06|NORM_3PLUS=1.3127116744726663e-06
lolz	O=0.999971866607666|NORM_1WORD=1.3766084521193989e-05|NORM_2WORD=1.1878860277647618e-05|NORM_3PLUS=1.5979640011209995e-06
bye	O=0.9971655011177063|NORM_1WORD=0.0018713398603722453|NORM_2WORD=0.0009362603886984289|NORM_3PLUS=2.44411585299531e-05

@michael5sos	O=0.9999709129333496|NORM_2WORD=1.3550826224673074e-05|NORM_1WORD=6.839688921900233e-06|NORM_3PLUS=4.894509402220137e-06
a	O=0.9999794960021973|NORM_2WORD=1.138532843469875e-05|NORM_1WORD=6.058392045815708e-06|NORM_3PLUS=1.8976381852553459e-06
follow	O=0.9999576807022095|NORM_1WORD=2.5528370315441862e-05|NORM_2WORD=9.761813089426141e-06|NORM_3PLUS=3.3427290873078164e-06
from	O=0.9999740123748779|NORM_1WORD=1.2077002793375868e-05|NORM_2WORD=9.762466106622014e-06|NORM_3PLUS=2.1098460365465144e-06
u	NORM_1WORD=0.9999591112136841|O=1.5602567145833746e-05|NORM_3PLUS=1.1408171303628478e-05|NORM_2WORD=7.501866548409453e-06
is	O=0.9999735355377197|NORM_1WORD=1.5491885278606787e-05|NORM_2WORD=7.224514320114395e-06|NORM_3PLUS=2.2411063582694624e-06
like	O=0.9999709129333496|NORM_1WORD=1.2040097317367326e-05|NORM_2WORD=1.080073525372427e-05|NORM_3PLUS=3.516293418215355e-06
catching	O=0.9999710321426392|NORM_1WORD=1.6504753148183227e-05|NORM_2WORD=9.249351933249272e-06|NORM_3PLUS=1.7408826806786237e-06
rare	O=0.9999654293060303|NORM_1WORD=1.559728116262704e-05|NORM_2WORD=1.0564896001596935e-05|NORM_3PLUS=3.6863561945210677e-06
pokemon	O=0.9999849796295166|NORM_1WORD=6.394066986104008e-06|NORM_2WORD=5.422927188192261e-06|NORM_3PLUS=1.6945855350058991e-06
...	O=0.999974250793457|NORM_1WORD=9.356367627333384e-06|NORM_2WORD=7.886421371949837e-06|NORM_3PLUS=3.2910124900809024e-06
michael	O=0.9999885559082031|NORM_1WORD=4.564119080896489e-06|NORM_2WORD=4.21139748141286e-06|NORM_3PLUS=1.6274658491965965e-06
clifford	O=0.999982476234436|NORM_1WORD=9.537007827020716e-06|NORM_2WORD=5.6116696214303374e-06|NORM_3PLUS=1.1072226016040077e-06
from	O=0.9999812841415405|NORM_1WORD=7.3401606641709805e-06|NORM_2WORD=7.013788945187116e-06|NORM_3PLUS=2.155685024263221e-06
5sos	O=0.9999631643295288|NORM_2WORD=1.5328672816394828e-05|NORM_1WORD=1.4718079000886064e-05|NORM_3PLUS=3.640021077444544e-06
be	O=0.9999780654907227|NORM_1WORD=1.778956902853679e-05|NORM_2WORD=2.690732799237594e-06|NORM_3PLUS=8.17603279301693e-07
my	O=0.999966025352478|NORM_1WORD=1.7979973563342355e-05|NORM_2WORD=8.626614544482436e-06|NORM_3PLUS=3.510195028866292e-06
rare	O=0.9999387264251709|NORM_1WORD=3.4108132240362465e-05|NORM_2WORD=1.4852274034637958e-05|NORM_3PLUS=6.004977876727935e-06
pokemon	O=0.9999809265136719|NORM_1WORD=9.82118581305258e-06|NORM_2WORD=5.307401806931011e-06|NORM_3PLUS=2.004061570914928e-06
and	O=0.9999850988388062|NORM_1WORD=6.0865359046147205e-06|NORM_2WORD=5.476329079101561e-06|NORM_3PLUS=1.9172125576005783e-06
let	O=0.9999723434448242|NORM_1WORD=1.3967613995191641e-05|NORM_2WORD=7.910313797765411e-06|NORM_3PLUS=2.9501711651391815e-06
me	O=0.9999871253967285|NORM_2WORD=4.97289056511363e-06|NORM_1WORD=4.7475737119384576e-06|NORM_3PLUS=1.7384585362378857e-06
catch	O=0.9999632835388184|NORM_1WORD=2.0271570974728093e-05|NORM_2WORD=9.483803296461701e-06|NORM_3PLUS=3.0844037155475235e-06
a	O=0.9999743700027466|NORM_2WORD=1.1406910743971821e-05|NORM_1WORD=8.93826836545486e-06|NORM_3PLUS=2.7872722512256587e-06
follow	O=0.9999545812606812|NORM_1WORD=2.818167195073329e-05|NORM_2WORD=9.863268132903613e-06|NORM_3PLUS=3.544777655406506e-06
(;	O=0.9999849796295166|NORM_2WORD=5.903369128645863e-06|NORM_1WORD=4.120438006793847e-06|NORM_3PLUS=2.773087771856808e-06
x73	O=0.9999823570251465|NORM_2WORD=1.0297134394932073e-05|NORM_1WORD=4.635672667063773e-06|NORM_3PLUS=1.6699693787813885e-06

rt	O=0.9999825954437256|NORM_2WORD=8.920935215428472e-06|NORM_1WORD=4.168663963355357e-06|NORM_3PLUS=2.3387008241115836e-06
@worldstarfunny	O=0.9999887943267822|NORM_2WORD=6.535431111842627e-06|NORM_1WORD=2.820464487740537e-06|NORM_3PLUS=1.1719102985807694e-06
:	O=0.9999881982803345|NORM_2WORD=6.227216090337606e-06|NORM_1WORD=2.122378191415919e-06|NORM_3PLUS=1.811744482438371e-06
manny	O=0.999988317489624|NORM_2WORD=6.2181188695831224e-06|NORM_1WORD=2.748896577031701e-06|NORM_3PLUS=1.6041987009884906e-06
pacquiao	O=0.9999533891677856|NORM_2WORD=2.9849232305423357e-05|NORM_3PLUS=9.315057468484156e-06|NORM_1WORD=4.401523256092332e-06
is	O=0.9999792575836182|NORM_2WORD=1.2614985280379187e-05|NORM_1WORD=4.644911314244382e-06|NORM_3PLUS=2.2834349238110008e-06
real	O=0.999976634979248|NORM_2WORD=1.2571956176543608e-05|NORM_1WORD=7.287069365702337e-06|NORM_3PLUS=1.999013875320088e-06
af	O=0.5523386597633362|NORM_2WORD=0.40068817138671875|NORM_1WORD=0.044642627239227295|NORM_3PLUS=0.0021901570726186037
for	O=0.9999388456344604|NORM_2WORD=3.442505476414226e-05|NORM_1WORD=2.1613232092931867e-05|NORM_3PLUS=3.4210802368761506e-06
this	O=0.9999850988388062|NORM_2WORD=1.0211175322183408e-05|NORM_1WORD=2.473806716807303e-06|NORM_3PLUS=1.3361575383896707e-06
http://t.co/umielw16tz	O=0.9999868869781494|NORM_2WORD=7.495131285395473e-06|NORM_1WORD=3.1272049909603084e-06|NORM_3PLUS=1.5275005580406287e-06

rt	O=0.9999837875366211|NORM_2WORD=7.791323696437757e-06|NORM_1WORD=4.4924631765752565e-06|NORM_3PLUS=2.0012844288430642e-06
@j4_fernandez	O=0.999984622001648|NORM_2WORD=5.9981102822348475e-06|NORM_1WORD=3.932850631827023e-06|NORM_3PLUS=2.4781618321867427e-06
:	O=0.9999901056289673|NORM_2WORD=4.008838914160151e-06|NORM_1WORD=2.307923068656237e-06|NORM_3PLUS=1.483003188695875e-06
i	O=0.9999856948852539|NORM_2WORD=5.157142368261702e-06|NORM_1WORD=4.615321813616902e-06|NORM_3PLUS=2.0587697235896485e-06
hate	O=0.9999823570251465|NORM_1WORD=7.395120519504417e-06|NORM_2WORD=5.8626947065931745e-06|NORM_3PLUS=2.006925569730811e-06
when	O=0.9999772310256958|NORM_2WORD=1.0506914804864209e-05|NORM_1WORD=4.9946620492846705e-06|NORM_3PLUS=3.2276116144203115e-06
folks	O=0.9999778270721436|NORM_2WORD=1.1682335752993822e-05|NORM_1WORD=5.757899089076091e-06|NORM_3PLUS=2.237679836980533e-06
only	O=0.999968409538269|NORM_2WORD=1.5167745914368425e-05|NORM_1WORD=9.209920790453907e-06|NORM_3PLUS=3.195058980054455e-06
hit	O=0.9999709129333496|NORM_1WORD=1.612223422853276e-05|NORM_2WORD=7.862529855628964e-06|NORM_3PLUS=2.1005198505008593e-06
you	O=0.9999853372573853|NORM_1WORD=5.832425358676119e-06|NORM_2WORD=5.6796593526087236e-06|NORM_3PLUS=1.4354224049384356e-06
up	O=0.9999868869781494|NORM_2WORD=6.246794782782672e-06|NORM_1WORD=4.92563367515686e-06|NORM_3PLUS=1.0501570386622916e-06
when	O=0.9999828338623047|NORM_2WORD=8.061709195317235e-06|NORM_1WORD=4.252863163856091e-06|NORM_3PLUS=2.0890079213131685e-06
they	O=0.9999828338623047|NORM_2WORD=6.985415893723257e-06|NORM_1WORD=5.223509106144775e-06|NORM_3PLUS=2.4446351289952872e-06
want	O=0.9999854564666748|NORM_1WORD=6.3145589592750184e-06|NORM_2WORD=5.315682756190654e-06|NORM_3PLUS=1.485029997638776e-06
something	O=0.9999816417694092|NORM_1WORD=7.16213253326714e-06|NORM_2WORD=6.953272077225847e-06|NORM_3PLUS=1.7704120409689494e-06
lol	O=0.9999840259552002|NORM_1WORD=6.971376024011988e-06|NORM_2WORD=4.768372491525952e-06|NORM_3PLUS=1.595425260347838e-06
smh	O=0.9999828338623047|NORM_2WORD=8.517386959283613e-06|NORM_1WORD=6.098142421251396e-06|NORM_3PLUS=1.148680098594923e-06
#fake	O=0.9999880790710449|NORM_2WORD=6.255571861402132e-06|NORM_1WORD=3.0750959467695793e-06|NORM_3PLUS=1.552917296976375e-06

rt	O=0.999982476234436|NORM_2WORD=8.043329216889106e-06|NORM_1WORD=5.961979695712216e-06|NORM_3PLUS=2.047098405455472e-06
@mlflhyeri	O=0.9999891519546509|NORM_1WORD=4.469470695767086e-06|NORM_2WORD=3.910801297024591e-06|NORM_3PLUS=1.4498490372716333e-06
:	O=0.999990701675415|NORM_1WORD=3.3068793072743574e-06|NORM_2WORD=3.245718289690558e-06|NORM_3PLUS=1.402059524480137e-06
awkward	O=0.9999794960021973|NORM_1WORD=9.757334737514611e-06|NORM_2WORD=8.171690751623828e-06|NORM_3PLUS=1.5998822391338763e-06
turtle	O=0.9999854564666748|NORM_1WORD=6.319571184576489e-06|NORM_2WORD=6.0902248151251115e-06|NORM_3PLUS=1.3040065596214845e-06
-	O=0.9999896287918091|NORM_2WORD=3.726987642949098e-06|NORM_1WORD=3.4475608572392957e-06|NORM_3PLUS=1.7213418459505192e-06
koala	O=0.9999861717224121|NORM_2WORD=6.172235316626029e-06|NORM_1WORD=4.671206625062041e-06|NORM_3PLUS=1.732016244204715e-06
hyeriester	O=0.999984622001648|NORM_1WORD=8.172216439561453e-06|NORM_2WORD=5.407901426224271e-06|NORM_3PLUS=1.2302072036618483e-06
kouhai	O=0.9999876022338867|NORM_2WORD=5.362006504583405e-06|NORM_1WORD=4.64235063191154e-06|NORM_3PLUS=1.6215986988754594e-06
.	O=0.9999886751174927|NORM_1WORD=4.525462372839684e-06|NORM_2WORD=3.7068289202579763e-06|NORM_3PLUS=1.937485876624123e-06
;	O=0.999987006187439|NORM_1WORD=6.779235263820738e-06|NORM_2WORD=3.5963580558018293e-06|NORM_3PLUS=1.3987528291181661e-06
o	O=0.9999890327453613|NORM_1WORD=5.740999313275097e-06|NORM_2WORD=3.201731942681363e-06|NORM_3PLUS=1.2642984756894293e-06
;	O=0.9999865293502808|NORM_1WORD=7.16556951374514e-06|NORM_2WORD=3.6090207231609384e-06|NORM_3PLUS=1.526087430647749e-06

what	O=0.9999860525131226|NORM_2WORD=5.942225470789708e-06|NORM_1WORD=4.304133653931785e-06|NORM_3PLUS=2.054008973573218e-06
happen	O=0.9999864101409912|NORM_1WORD=5.816428711113986e-06|NORM_2WORD=4.688511126005324e-06|NORM_3PLUS=1.5785780078658718e-06
with	O=0.9999911785125732|NORM_2WORD=3.2031282444222597e-06|NORM_1WORD=2.89148169940745e-06|NORM_3PLUS=1.3635460618388606e-06
maomao	O=0.9999864101409912|NORM_2WORD=6.4237315200443845e-06|NORM_1WORD=3.4330744256294565e-06|NORM_3PLUS=2.5784906938497443e-06
?	O=0.9999873638153076|NORM_2WORD=5.706589035980869e-06|NORM_1WORD=2.5610661396058276e-06|NORM_3PLUS=1.9748131308006123e-06
rt	O=0.9999784231185913|NORM_1WORD=1.0523011042096186e-05|NORM_2WORD=8.201561286114156e-06|NORM_3PLUS=1.5230538110699854e-06
@jungjessicara	O=0.9999798536300659|NORM_2WORD=1.1323935723339673e-05|NORM_3PLUS=3.443748482823139e-06|NORM_1WORD=2.7082696760771796e-06
:	O=0.999987006187439|NORM_2WORD=5.634539320453769e-06|NORM_1WORD=2.9930120035714936e-06|NORM_3PLUS=1.9774658994720085e-06
"	O=0.9999889135360718|NORM_2WORD=4.2600945562298875e-06|NORM_1WORD=3.1447277706320165e-06|NORM_3PLUS=1.679955744293693e-06
@dorkyuri	O=0.9999860525131226|NORM_2WORD=7.405105861835182e-06|NORM_1WORD=2.5061531232495327e-06|NORM_3PLUS=2.1453054159792373e-06
:	O=0.9999899864196777|NORM_2WORD=4.165253358223708e-06|NORM_1WORD=2.387093445577193e-06|NORM_3PLUS=1.5598623122059507e-06
maomao	O=0.9999880790710449|NORM_2WORD=5.430919827631442e-06|NORM_1WORD=2.9146231099730358e-06|NORM_3PLUS=2.3165139282355085e-06
...	O=0.9999768733978271|NORM_2WORD=1.0487169674888719e-05|NORM_1WORD=4.730004093289608e-06|NORM_3PLUS=3.475672883723746e-06
http://t.co/l7fabxdsxi"haha	O=0.9999650716781616|NORM_2WORD=2.0835384930251166e-05|NORM_1WORD=6.511766059702495e-06|NORM_3PLUS=4.721245659311535e-06
..	O=0.9999872446060181|NORM_2WORD=4.45721207142924e-06|NORM_1WORD=3.3354463084833696e-06|NORM_3PLUS=2.354547177674249e-06

how	O=0.9999768733978271|NORM_2WORD=1.0824681339727249e-05|NORM_1WORD=6.495797151728766e-06|NORM_3PLUS=3.4574866276670946e-06
to	O=0.9999796152114868|NORM_2WORD=1.1022997568943538e-05|NORM_3PLUS=3.6341045870358357e-06|NORM_1WORD=3.6017102047480876e-06
add	O=0.999951958656311|NORM_1WORD=1.945933763636276e-05|NORM_2WORD=1.8017775801126845e-05|NORM_3PLUS=5.348108516045613e-06
wi-fi	O=0.9999445676803589|NORM_2WORD=2.4022618163144216e-05|NORM_1WORD=2.280388434883207e-05|NORM_3PLUS=5.7691022448125295e-06
to	O=0.9999774694442749|NORM_1WORD=9.557054909237195e-06|NORM_2WORD=7.523268777731573e-06|NORM_3PLUS=3.194018745489302e-06
your	O=0.9999723434448242|NORM_2WORD=9.903917998599354e-06|NORM_1WORD=7.588695552840363e-06|NORM_3PLUS=6.677256806142395e-06
dslr	O=0.9999346733093262|NORM_1WORD=3.57474600605201e-05|NORM_2WORD=2.3230879378388636e-05|NORM_3PLUS=4.5008146116742864e-06
or	O=0.999980092048645|NORM_2WORD=7.75480020820396e-06|NORM_1WORD=6.313796347967582e-06|NORM_3PLUS=3.6677822663477855e-06
mirrorless	O=0.9999679327011108|NORM_2WORD=1.628710924705956e-05|NORM_1WORD=1.0406834007881116e-05|NORM_3PLUS=3.6369920053402893e-06
interchangeable	O=0.9999744892120361|NORM_1WORD=1.1665497368085198e-05|NORM_2WORD=9.722090908326209e-06|NORM_3PLUS=2.5086974346777424e-06
lens	O=0.9998763799667358|NORM_2WORD=8.512571366736665e-05|NORM_1WORD=3.0047967811697163e-05|NORM_3PLUS=6.714583378197858e-06
camera	O=0.9999569654464722|NORM_2WORD=2.0809462512261234e-05|NORM_1WORD=1.6145797417266294e-05|NORM_3PLUS=3.928711521439254e-06
http://t.co/i83lotte34	O=0.9999723434448242|NORM_2WORD=1.6073132428573444e-05|NORM_1WORD=5.994422281219158e-06|NORM_3PLUS=3.6325398014014354e-06
cc	O=0.9999418258666992|NORM_2WORD=3.4394412068650126e-05|NORM_1WORD=1.7420168660464697e-05|NORM_3PLUS=4.4615339902520645e-06
:	O=0.9999836683273315|NORM_2WORD=8.171561603376176e-06|NORM_1WORD=3.77236528947833e-06|NORM_3PLUS=2.2235801679926226e-06
@joanfotografia	O=0.9999804496765137|NORM_2WORD=1.2681874068221077e-05|NORM_3PLUS=3.2647151329001645e-06|NORM_1WORD=2.0531531390588498e-06

ets	O=0.99983811378479|NORM_2WORD=0.00012796906230505556|NORM_1WORD=2.1415309674921446e-05|NORM_3PLUS=8.673849151819013e-06
2	O=0.9999434947967529|NORM_1WORD=2.999378011736553e-05|NORM_2WORD=1.5158676433202345e-05|NORM_3PLUS=6.212790594872786e-06
metallic	O=0.9999544620513916|NORM_2WORD=2.615975790831726e-05|NORM_1WORD=1.4356484825839289e-05|NORM_3PLUS=3.5783964449365158e-06
paint	O=0.999922513961792|NORM_1WORD=4.673656803788617e-05|NORM_2WORD=1.8514105249778368e-05|NORM_3PLUS=6.95463813826791e-06
dlc	O=0.9998400211334229|NORM_1WORD=0.00012569826503749937|NORM_2WORD=3.0728660931345075e-05|NORM_3PLUS=2.4181399567169137e-06
patch	O=0.9999599456787109|NORM_1WORD=2.3419681383529678e-05|NORM_2WORD=1.0311427104170434e-05|NORM_3PLUS=3.1987210604711436e-06
1.10.1	O=0.9999809265136719|NORM_1WORD=6.983830644458067e-06|NORM_2WORD=6.750092325091828e-06|NORM_3PLUS=3.085184744122671e-06

eiichiro	O=0.999980092048645|NORM_1WORD=6.698451215925161e-06|NORM_2WORD=6.328903509711381e-06|NORM_3PLUS=3.729124273377238e-06
oda	O=0.9999840259552002|NORM_2WORD=5.327378403308103e-06|NORM_1WORD=4.868536052526906e-06|NORM_3PLUS=3.3734074804669945e-06
sensei	O=0.9999862909317017|NORM_2WORD=5.485435394803062e-06|NORM_1WORD=4.884866939391941e-06|NORM_3PLUS=2.251204932690598e-06
had	O=0.9999771118164062|NORM_1WORD=1.0131581802852452e-05|NORM_2WORD=6.469239451689646e-06|NORM_3PLUS=2.8142492283222964e-06
a	O=0.9999747276306152|NORM_2WORD=1.0862610906769987e-05|NORM_1WORD=7.369044396909885e-06|NORM_3PLUS=3.7735371734015644e-06
tonsillitis	O=0.999041736125946|NORM_1WORD=0.0008817196940071881|NORM_2WORD=6.062297325115651e-05|NORM_3PLUS=1.00888746601413e-05
operation	O=0.9999421834945679|NORM_1WORD=3.275875496910885e-05|NORM_2WORD=1.1285022083029617e-05|NORM_3PLUS=6.370943992806133e-06
,	O=0.9999849796295166|NORM_2WORD=5.628609414998209e-06|NORM_1WORD=5.601999873761088e-06|NORM_3PLUS=2.1637192730850074e-06
so	O=0.9999725818634033|NORM_1WORD=1.462493310100399e-05|NORM_2WORD=7.837844350433443e-06|NORM_3PLUS=2.6303812319383724e-06
op	O=0.9999728202819824|NORM_1WORD=1.9417475414229557e-05|NORM_2WORD=5.446214345283806e-06|NORM_3PLUS=1.5832482631594758e-06
will	O=0.9999624490737915|NORM_1WORD=1.4917826774762943e-05|NORM_2WORD=1.4491558431473095e-05|NORM_3PLUS=4.71672865387518e-06
not	O=0.9999784231185913|NORM_1WORD=8.795743269729428e-06|NORM_2WORD=8.669995622767601e-06|NORM_3PLUS=2.2254823761613807e-06
be	O=0.999984622001648|NORM_1WORD=7.137137345125666e-06|NORM_2WORD=5.876270734006539e-06|NORM_3PLUS=1.5452285424544243e-06
here	O=0.9999725818634033|NORM_1WORD=1.1659012670861557e-05|NORM_2WORD=1.082464586943388e-05|NORM_3PLUS=2.8189099339215318e-06
for	O=0.9999815225601196|NORM_1WORD=9.161169145954773e-06|NORM_2WORD=6.58458748148405e-06|NORM_3PLUS=1.515236704108247e-06
2	O=0.9998680353164673|NORM_1WORD=0.00010464934894116595|NORM_2WORD=1.840216646087356e-05|NORM_3PLUS=4.778284164785873e-06
weeks	O=0.9999697208404541|NORM_1WORD=1.6104389942483976e-05|NORM_2WORD=8.529192200512625e-06|NORM_3PLUS=2.866664772227523e-06
.	O=0.9999872446060181|NORM_2WORD=4.7501011977146845e-06|NORM_1WORD=4.179634743195493e-06|NORM_3PLUS=2.4565720195823815e-06
bir	O=0.9999712705612183|NORM_1WORD=1.430044176231604e-05|NORM_2WORD=7.880397788539995e-06|NORM_3PLUS=3.473211563687073e-06
haftada	O=0.9096116423606873|NORM_1WORD=0.0859452486038208|NORM_2WORD=0.0036541118752211332|NORM_3PLUS=0.0005865829298272729
hem	O=0.9999794960021973|NORM_1WORD=1.1333190741424914e-05|NORM_2WORD=6.399473932106048e-06|NORM_3PLUS=1.581577862452832e-06
got'u	O=0.9999247789382935|NORM_1WORD=4.2226241930620745e-05|NORM_2WORD=2.912626223405823e-05|NORM_3PLUS=2.5929909952537855e-06
hem	O=0.9999823570251465|NORM_1WORD=1.0084496352646966e-05|NORM_2WORD=4.962870207236847e-06|NORM_3PLUS=1.4149279650155222e-06
op'u	O=0.999951958656311|NORM_1WORD=2.7224898076383397e-05|NORM_2WORD=1.557574069011025e-05|NORM_3PLUS=2.8533856948342873e-06
kaybetmek	O=0.9999630451202393|NORM_2WORD=1.6509124179719947e-05|NORM_1WORD=1.5590982002322562e-05|NORM_3PLUS=3.3667545267235255e-06
koydu	O=0.9954811334609985|NORM_1WORD=0.0036979042924940586|NORM_2WORD=0.0006489912630058825|NORM_3PLUS=0.00010350358206778765
!	O=0.9999788999557495|NORM_2WORD=7.709361852903385e-06|NORM_1WORD=7.025038485153345e-06|NORM_3PLUS=3.125134981019073e-06

investissement	O=0.999940037727356|NORM_1WORD=2.9678129067178816e-05|NORM_2WORD=2.131664405169431e-05|NORM_3PLUS=5.065349341748515e-06
a	O=0.9999732971191406|NORM_2WORD=1.2002818948531058e-05|NORM_1WORD=1.0652350283635315e-05|NORM_3PLUS=2.694605427677743e-06
cape	O=0.9999696016311646|NORM_2WORD=1.4675843885925133e-05|NORM_1WORD=1.1988519872829784e-05|NORM_3PLUS=2.181660875066882e-06
coral	O=0.9999566078186035|NORM_1WORD=2.292660064995289e-05|NORM_2WORD=1.4368472875503357e-05|NORM_3PLUS=2.3638526727154385e-06
|	O=0.9999767541885376|NORM_2WORD=1.324101413047174e-05|NORM_1WORD=4.317696948419325e-06|NORM_3PLUS=3.1724021027912386e-06
murs	O=0.9991613626480103|NORM_1WORD=0.00044079116196371615|NORM_2WORD=0.0003879235591739416|NORM_3PLUS=5.972842700430192e-06
'	O=0.9999804496765137|NORM_2WORD=8.648905350128189e-06|NORM_1WORD=8.224526936828624e-06|NORM_3PLUS=1.2013182413284085e-06
chinois	O=0.999951958656311|NORM_1WORD=2.6942871045321226e-05|NORM_2WORD=1.1830496987386141e-05|NORM_3PLUS=4.014121714135399e-06
'	O=0.9999808073043823|NORM_2WORD=9.558317287883256e-06|NORM_1WORD=5.621418949885992e-06|NORM_3PLUS=1.7517515971121611e-06
|	O=0.999976396560669|NORM_2WORD=1.3802231478621252e-05|NORM_1WORD=4.248842742526904e-06|NORM_3PLUS=3.0050327950448263e-06
chinese	O=0.999953031539917|NORM_1WORD=2.4391447368543595e-05|NORM_2WORD=1.5030789654701948e-05|NORM_3PLUS=3.8524331102962606e-06
drywall	O=0.9999383687973022|NORM_2WORD=3.6578749131876975e-05|NORM_1WORD=1.9110671928501688e-05|NORM_3PLUS=3.314406740173581e-06
:	O=0.9999834299087524|NORM_2WORD=9.084979865292553e-06|NORM_1WORD=3.472326625342248e-06|NORM_3PLUS=2.266473984491313e-06
http://t.co/ffsbrpb2x3	O=0.9999847412109375|NORM_2WORD=8.563274604966864e-06|NORM_1WORD=3.346155608596746e-06|NORM_3PLUS=1.8117866602551658e-06
via	O=0.9999876022338867|NORM_2WORD=6.215974735823693e-06|NORM_1WORD=3.2917973840085324e-06|NORM_3PLUS=1.9622300442279084e-06
@youtube	O=0.9999678134918213|NORM_2WORD=1.9829831217066385e-05|NORM_1WORD=5.844221504958114e-06|NORM_3PLUS=4.4076105041312985e-06

waddup	O=0.9991256594657898|NORM_1WORD=0.00047529753646813333|NORM_2WORD=0.000385384977562353|NORM_3PLUS=1.1914248716493603e-05
yal	NORM_1WORD=0.9700038433074951|NORM_2WORD=0.014418534934520721|O=0.011601511389017105|NORM_3PLUS=0.0037464748602360487
...	O=0.9999769926071167|NORM_2WORD=8.165321560227312e-06|NORM_1WORD=6.233462045202032e-06|NORM_3PLUS=4.527887540461961e-06
wake	O=0.9999642372131348|NORM_1WORD=2.389795918134041e-05|NORM_2WORD=6.9492134571191855e-06|NORM_3PLUS=2.776231895040837e-06
up	O=0.9999784231185913|NORM_1WORD=1.5564093700959347e-05|NORM_2WORD=3.4374763799860375e-06|NORM_3PLUS=1.524207618786022e-06
n	NORM_1WORD=0.9997448325157166|O=0.00020776544988621026|NORM_2WORD=2.3613820303580724e-05|NORM_3PLUS=1.8424585505272262e-05
live	O=0.9999872446060181|NORM_1WORD=6.312444384093396e-06|NORM_2WORD=3.762214873859193e-06|NORM_3PLUS=1.7104295011449722e-06
...	O=0.9999852180480957|NORM_2WORD=5.246131422609324e-06|NORM_1WORD=4.176103630015859e-06|NORM_3PLUS=2.980073077196721e-06

i	O=0.9999768733978271|NORM_1WORD=1.139964115282055e-05|NORM_2WORD=7.826696673873812e-06|NORM_3PLUS=1.933816974997171e-06
never	O=0.9999837875366211|NORM_2WORD=6.576827217941172e-06|NORM_1WORD=6.3552970459568314e-06|NORM_3PLUS=1.4982068705648999e-06
thought	O=0.9999721050262451|NORM_1WORD=1.4498775271931663e-05|NORM_2WORD=9.29443194763735e-06|NORM_3PLUS=1.690250996944087e-06
that	O=0.9999866485595703|NORM_2WORD=6.490701707662083e-06|NORM_1WORD=3.936783286917489e-06|NORM_3PLUS=1.5086362736838055e-06
afgan	O=0.9999711513519287|NORM_2WORD=1.6290439816657454e-05|NORM_1WORD=8.975405762612354e-06|NORM_3PLUS=1.844172402343247e-06
was	O=0.9999735355377197|NORM_1WORD=1.1070612345065456e-05|NORM_2WORD=1.03720449260436e-05|NORM_3PLUS=2.6516638627072098e-06
a	O=0.9999786615371704|NORM_2WORD=1.1200921107956674e-05|NORM_1WORD=4.596151484292932e-06|NORM_3PLUS=3.1365218546852702e-06
youtuber	O=0.9999560117721558|NORM_2WORD=2.6485584385227412e-05|NORM_1WORD=1.284129757550545e-05|NORM_3PLUS=3.097551825703704e-06
..	O=0.999974250793457|NORM_1WORD=9.595746632840019e-06|NORM_2WORD=9.194380254484713e-06|NORM_3PLUS=3.0469391276710667e-06
#youtubefanfestsg	O=0.9999667406082153|NORM_2WORD=2.546091127442196e-05|NORM_1WORD=3.753590362975956e-06|NORM_3PLUS=2.526555363147054e-06

rt	O=0.9999783039093018|NORM_2WORD=1.0343862413719762e-05|NORM_1WORD=4.8853589760256e-06|NORM_3PLUS=3.3433302633056883e-06
@1dpelinhoran	O=0.9999839067459106|NORM_2WORD=7.824266504030675e-06|NORM_1WORD=3.384543788342853e-06|NORM_3PLUS=2.6798161343322136e-06
:	O=0.9999902248382568|NORM_2WORD=3.891500000463566e-06|NORM_1WORD=2.507289536879398e-06|NORM_3PLUS=1.5648108728782972e-06
bossy	O=0.9999911785125732|NORM_2WORD=4.164424808550393e-06|NORM_1WORD=2.6423426788824145e-06|NORM_3PLUS=1.0563298928900622e-06
niall	O=0.9999891519546509|NORM_2WORD=4.704154889623169e-06|NORM_1WORD=3.271619334554998e-06|NORM_3PLUS=1.6604095662842155e-06
narry	O=0.9999847412109375|NORM_1WORD=6.146544819785049e-06|NORM_2WORD=4.9747195589588955e-06|NORM_3PLUS=2.187617155868793e-06
hug	O=0.9999762773513794|NORM_1WORD=1.2924772818223573e-05|NORM_2WORD=6.0988641052972525e-06|NORM_3PLUS=2.359783820793382e-06
niam	O=0.9999887943267822|NORM_2WORD=5.445886472443817e-06|NORM_1WORD=3.3586281915631844e-06|NORM_3PLUS=1.3442991075862665e-06
hug	O=0.9999691247940063|NORM_1WORD=1.9411369066801853e-05|NORM_2WORD=7.06913760950556e-06|NORM_3PLUS=2.23227402784687e-06
harry	O=0.9999828338623047|NORM_1WORD=9.175696504826192e-06|NORM_2WORD=5.581073310167994e-06|NORM_3PLUS=1.2829908655476174e-06
scored	O=0.9999878406524658|NORM_2WORD=5.392180810304126e-06|NORM_1WORD=4.1555517782398965e-06|NORM_3PLUS=1.3414062323136022e-06
sweaty	O=0.999988317489624|NORM_2WORD=5.613886060018558e-06|NORM_1WORD=4.324130259192316e-06|NORM_3PLUS=9.104405762627721e-07
3/5	O=0.9999880790710449|NORM_1WORD=4.828973032999784e-06|NORM_2WORD=4.0905415517045185e-06|NORM_3PLUS=1.7119028825618443e-06
fandom	O=0.9999812841415405|NORM_2WORD=1.1138432455481961e-05|NORM_1WORD=5.711024186894065e-06|NORM_3PLUS=1.0724824051067117e-06
be	O=0.9999897480010986|NORM_1WORD=5.939397397014545e-06|NORM_2WORD=2.7292437607684406e-06|NORM_3PLUS=8.910824931263051e-07
like	O=0.9999856948852539|NORM_1WORD=5.339925792213762e-06|NORM_2WORD=5.138947017258033e-06|NORM_3PLUS=2.0023535398649983e-06
#teamniall	O=0.9999873638153076|NORM_2WORD=5.662876901624259e-06|NORM_1WORD=3.3270659969275584e-06|NORM_3PLUS=1.927678340507555e-06
http://t.co/zupjioxl7q	O=0.9999884366989136|NORM_2WORD=5.69880239709164e-06|NORM_1WORD=2.6578302367852302e-06|NORM_3PLUS=2.0746533664350864e-06

idk	O=0.9999731779098511|NORM_1WORD=1.9589624571381137e-05|NORM_2WORD=4.9878490244736895e-06|NORM_3PLUS=1.1212192703169421e-06
what	O=0.999976396560669|NORM_1WORD=1.2807888197130524e-05|NORM_2WORD=7.00798409525305e-06|NORM_3PLUS=1.7356768466925132e-06
i'd	O=0.9999649524688721|NORM_1WORD=1.987887117138598e-05|NORM_2WORD=1.178506590804318e-05|NORM_3PLUS=1.773481585587433e-06
do	O=0.9999756813049316|NORM_1WORD=1.6069750927272253e-05|NORM_2WORD=4.99986344948411e-06|NORM_3PLUS=1.5422187971125823e-06
if	O=0.9999880790710449|NORM_2WORD=4.915217232337454e-06|NORM_1WORD=4.653355063055642e-06|NORM_3PLUS=1.1387235190341016e-06
tana	O=0.9999113082885742|NORM_1WORD=6.250234582694247e-05|NORM_2WORD=1.9097677068202756e-05|NORM_3PLUS=4.120574430999113e-06
cut	O=0.9998435974121094|NORM_1WORD=0.00011633525718934834|NORM_2WORD=2.325598143215757e-05|NORM_3PLUS=7.667999852856155e-06
off	O=0.9999611377716064|NORM_1WORD=2.6064826670335606e-05|NORM_2WORD=8.5090186985326e-06|NORM_3PLUS=2.19356115849223e-06
his	O=0.9999488592147827|NORM_1WORD=2.4410172045463696e-05|NORM_2WORD=1.4207901585905347e-05|NORM_3PLUS=5.826975666423095e-06
beard	O=0.9998958110809326|NORM_1WORD=8.698352758074179e-05|NORM_2WORD=1.2413778677000664e-05|NORM_3PLUS=2.371080427110428e-06
.	O=0.9999810457229614|NORM_1WORD=6.870608558529057e-06|NORM_2WORD=6.553536877618171e-06|NORM_3PLUS=3.1084782676771283e-06
prolly	O=0.9999114274978638|NORM_1WORD=7.501720392610878e-05|NORM_2WORD=9.81599987426307e-06|NORM_3PLUS=2.0892573502351297e-06
curl	O=0.9978352189064026|NORM_1WORD=0.0020919679664075375|NORM_2WORD=6.0071281041018665e-05|NORM_3PLUS=6.964401109144092e-06
up	O=0.9999734163284302|NORM_1WORD=2.0052022591698915e-05|NORM_2WORD=4.379457550385268e-06|NORM_3PLUS=1.1140102742501767e-06
in	O=0.9999598264694214|NORM_1WORD=2.8737686079693958e-05|NORM_2WORD=7.371894298557891e-06|NORM_3PLUS=1.9526253254298354e-06
the	O=0.9999769926071167|NORM_1WORD=1.0888804354181048e-05|NORM_2WORD=8.081545274762902e-06|NORM_3PLUS=1.969734967133263e-06
fetal	O=0.9999126195907593|NORM_1WORD=6.747504812665284e-05|NORM_2WORD=1.4915945939719677e-05|NORM_3PLUS=2.4458511234115576e-06
position	O=0.9999268054962158|NORM_1WORD=5.0454265874577686e-05|NORM_2WORD=1.383666767651448e-05|NORM_3PLUS=3.563898417269229e-06

its	NORM_1WORD=0.5351259112358093|O=0.46392425894737244|NORM_2WORD=0.0006257403874769807|NORM_3PLUS=0.00021610670955851674
sunny	O=0.9999725818634033|NORM_1WORD=1.4633820683229715e-05|NORM_2WORD=9.892555681290105e-06|NORM_3PLUS=1.963196382348542e-06
,	O=0.9999841451644897|NORM_1WORD=6.17809428149485e-06|NORM_2WORD=5.7561128414818086e-06|NORM_3PLUS=2.23431834456278e-06
which	O=0.9999841451644897|NORM_1WORD=9.427847544429824e-06|NORM_2WORD=3.826179181487532e-06|NORM_3PLUS=1.572582050357596e-06
means	O=0.9999223947525024|NORM_1WORD=5.8479232393437997e-05|NORM_2WORD=1.2509934094850905e-05|NORM_3PLUS=3.343025355206919e-06
i	O=0.9999728202819824|NORM_1WORD=1.53430228237994e-05|NORM_2WORD=6.627135462622391e-06|NORM_3PLUS=2.808183353408822e-06
have	O=0.999982476234436|NORM_1WORD=7.720063877059147e-06|NORM_2WORD=6.726936135237338e-06|NORM_3PLUS=1.7800568912207382e-06
to	O=0.9999799728393555|NORM_2WORD=1.0173088412557263e-05|NORM_1WORD=6.339480478345649e-06|NORM_3PLUS=2.1598739294859115e-06
go	O=0.9999758005142212|NORM_1WORD=1.0101504813064821e-05|NORM_2WORD=8.99351744010346e-06|NORM_3PLUS=2.885839421651326e-06
outside	O=0.9999682903289795|NORM_1WORD=2.041909465333447e-05|NORM_2WORD=7.102947620296618e-06|NORM_3PLUS=2.348817133679404e-06
with	O=0.9999843835830688|NORM_2WORD=7.547409495600732e-06|NORM_1WORD=4.6506534090440255e-06|NORM_3PLUS=1.859144958871184e-06
people	O=0.9999831914901733|NORM_1WORD=7.1473164098279085e-06|NORM_2WORD=6.2662347772857174e-06|NORM_3PLUS=1.8011852489507874e-06
!	O=0.9999821186065674|NORM_2WORD=6.708143246214604e-06|NORM_1WORD=6.367742116708541e-06|NORM_3PLUS=2.1551011286646826e-06
fuck	O=0.9999244213104248|NORM_1WORD=6.740123353665695e-05|NORM_2WORD=5.451943252410274e-06|NORM_3PLUS=1.2663693951253663e-06
u	NORM_1WORD=0.9999508857727051|NORM_3PLUS=1.4266300240706187e-05|O=1.3947135812486522e-05|NORM_2WORD=1.192636409541592e-05
civilisation	O=0.9778985977172852|NORM_1WORD=0.020688623189926147|NORM_2WORD=0.0013609101297333837|NORM_3PLUS=4.741144584841095e-05

@cbelllll_5	O=0.9999878406524658|NORM_2WORD=5.610153039015131e-06|NORM_1WORD=2.780645672828541e-06|NORM_3PLUS=2.2727933810529066e-06
lol	O=0.9999850988388062|NORM_1WORD=5.068786322226515e-06|NORM_2WORD=5.0364733397145756e-06|NORM_3PLUS=1.8796715721691726e-06
that's	O=0.9999752044677734|NORM_2WORD=1.4079244465392549e-05|NORM_1WORD=6.874402515677502e-06|NORM_3PLUS=2.035263833022327e-06
not	O=0.9999850988388062|NORM_2WORD=6.3190927903633565e-06|NORM_1WORD=4.3721597648982424e-06|NORM_3PLUS=2.05784203899384e-06
a	O=0.9999611377716064|NORM_2WORD=2.2984937459114008e-05|NORM_3PLUS=6.647694135608617e-06|NORM_1WORD=4.363328571344027e-06
selfie	O=0.9999581575393677|NORM_2WORD=1.867279570433311e-05|NORM_1WORD=1.7330588889308274e-05|NORM_3PLUS=3.1083507110452047e-06
.	O=0.999966025352478|NORM_2WORD=1.6290636267513037e-05|NORM_3PLUS=6.862804184493143e-06|NORM_1WORD=6.29712303634733e-06
but	O=0.9999878406524658|NORM_2WORD=5.5632090152357705e-06|NORM_1WORD=3.858884156215936e-06|NORM_3PLUS=1.5727558775324724e-06
it's	O=0.9999712705612183|NORM_2WORD=1.3951517757959664e-05|NORM_1WORD=1.1872940376633778e-05|NORM_3PLUS=1.6029066500777844e-06
pretty	O=0.9999829530715942|NORM_1WORD=6.834932719357312e-06|NORM_2WORD=5.887614406674402e-06|NORM_3PLUS=2.0897973627143074e-06
awesome	O=0.9999842643737793|NORM_2WORD=6.911237051099306e-06|NORM_1WORD=5.375382897909731e-06|NORM_3PLUS=2.1420655684778467e-06
tho	NORM_1WORD=0.9998212456703186|O=0.0001186789377243258|NORM_2WORD=4.123970938962884e-05|NORM_3PLUS=1.3915569070377387e-05

u	NORM_1WORD=0.9999617338180542|NORM_3PLUS=1.4140226085146423e-05|O=1.264691491087433e-05|NORM_2WORD=5.885850441700313e-06
know	O=0.9999879598617554|NORM_1WORD=6.07251058681868e-06|NORM_2WORD=3.845780156552792e-06|NORM_3PLUS=1.04304365322605e-06
i	O=0.9999817609786987|NORM_1WORD=9.056660019268747e-06|NORM_2WORD=5.105416676087771e-06|NORM_3PLUS=2.1426117200462613e-06
b	NORM_1WORD=0.9999151229858398|O=4.329444345785305e-05|NORM_3PLUS=1.9080818674410693e-05|NORM_2WORD=1.7297943486482836e-05
kiddn	NORM_1WORD=0.999674916267395|O=0.0002266533556394279|NORM_2WORD=8.592975791543722e-05|NORM_3PLUS=8.246247489296366e-06
nana	O=0.9999681711196899|NORM_2WORD=2.451967156957835e-05|NORM_1WORD=3.3879719012475107e-06|NORM_3PLUS=2.7869468794960994e-06
:d	O=0.9999833106994629|NORM_2WORD=7.812801413820125e-06|NORM_1WORD=5.668905942002311e-06|NORM_3PLUS=1.815184305087314e-06
"	O=0.9999887943267822|NORM_2WORD=4.817564331460744e-06|NORM_1WORD=2.6429968329466647e-06|NORM_3PLUS=1.885195160866715e-06
@trinityhotnez	O=0.9999852180480957|NORM_2WORD=7.977789209689945e-06|NORM_1WORD=3.899188868672354e-06|NORM_3PLUS=1.55486156927509e-06
:	O=0.9999899864196777|NORM_2WORD=4.430123226484284e-06|NORM_1WORD=3.0261942356446525e-06|NORM_3PLUS=1.376683940179646e-06
@djpride1	O=0.9999876022338867|NORM_2WORD=5.337726179277524e-06|NORM_1WORD=3.446857135713799e-06|NORM_3PLUS=1.9024482753593475e-06
@questionnier	O=0.9999853372573853|NORM_2WORD=7.425333024002612e-06|NORM_1WORD=4.749585059471428e-06|NORM_3PLUS=1.5053805100251338e-06
ah	O=0.9999866485595703|NORM_1WORD=6.591469627892366e-06|NORM_2WORD=4.139187694818247e-06|NORM_3PLUS=1.6855849480634788e-06
..	O=0.9999773502349854|NORM_1WORD=8.547513061785139e-06|NORM_2WORD=6.010315246385289e-06|NORM_3PLUS=3.527322860463755e-06
u	NORM_1WORD=0.9999537467956543|O=1.8026486941380426e-05|NORM_3PLUS=1.3584804037236609e-05|NORM_2WORD=7.4567833507899195e-06
too	O=0.9999611377716064|NORM_1WORD=3.0355427952599712e-05|NORM_2WORD=6.231098723219475e-06|NORM_3PLUS=1.2303025869186968e-06
much	O=0.9999814033508301|NORM_1WORD=9.90494208963355e-06|NORM_2WORD=6.798438789701322e-06|NORM_3PLUS=1.1672326536427136e-06
!	O=0.9999827146530151|NORM_1WORD=8.333343430422246e-06|NORM_2WORD=5.133279501023935e-06|NORM_3PLUS=1.50534776821587e-06
:p	O=0.9999852180480957|NORM_1WORD=6.775015663151862e-06|NORM_2WORD=5.627649898087839e-06|NORM_3PLUS=1.4119449360805447e-06
"	O=0.9999895095825195|NORM_2WORD=3.730749540409306e-06|NORM_1WORD=2.9410020943032578e-06|NORM_3PLUS=1.6929360526773962e-06

nick	O=0.9999752044677734|NORM_1WORD=8.78338596521644e-06|NORM_2WORD=7.257776360347634e-06|NORM_3PLUS=4.051908035762608e-06
warren	O=0.9999790191650391|NORM_2WORD=7.050409749354003e-06|NORM_1WORD=5.957083430985222e-06|NORM_3PLUS=4.015777449239977e-06
and	O=0.9999767541885376|NORM_2WORD=7.860236109991092e-06|NORM_1WORD=7.547575023636455e-06|NORM_3PLUS=4.019419975520577e-06
hernan	O=0.9999785423278809|NORM_2WORD=8.747962056077085e-06|NORM_1WORD=6.618420229642652e-06|NORM_3PLUS=2.845105882443022e-06
cattaneo	O=0.9999778270721436|NORM_2WORD=7.4573040365066845e-06|NORM_3PLUS=5.631382464343915e-06|NORM_1WORD=5.5845971473900136e-06
lost	O=0.9998985528945923|NORM_1WORD=5.2431041694944724e-05|NORM_2WORD=1.9747387341340072e-05|NORM_3PLUS=1.1867447938129772e-05
at	O=0.9999818801879883|NORM_1WORD=7.888956133683678e-06|NORM_2WORD=6.509112608910073e-06|NORM_3PLUS=1.837494551182317e-06
sea	O=0.9999839067459106|NORM_2WORD=6.402877716027433e-06|NORM_1WORD=5.578371201409027e-06|NORM_3PLUS=2.254153514513746e-06
wmc	O=0.999943733215332|NORM_1WORD=2.9395316232694313e-05|NORM_2WORD=2.086822860292159e-05|NORM_3PLUS=2.6369409624749096e-06
2014	O=0.9999810457229614|NORM_1WORD=9.284256520913914e-06|NORM_2WORD=4.683029601437738e-06|NORM_3PLUS=2.475462679285556e-06
(	O=0.9999731779098511|NORM_2WORD=1.245471321453806e-05|NORM_1WORD=6.470028438343434e-06|NORM_3PLUS=3.875582024193136e-06
official	O=0.9999802112579346|NORM_2WORD=7.810944225639105e-06|NORM_1WORD=5.720961326005636e-06|NORM_3PLUS=3.058240963582648e-06
video	O=0.9999804496765137|NORM_1WORD=7.513633590860991e-06|NORM_2WORD=6.995172498136526e-06|NORM_3PLUS=2.553716740294476e-06
)	O=0.9999802112579346|NORM_1WORD=7.238314083224395e-06|NORM_2WORD=6.676544671790907e-06|NORM_3PLUS=2.654844593052985e-06
http://t.co/qtbyib0b2s	O=0.9999847412109375|NORM_2WORD=9.016896910907235e-06|NORM_1WORD=3.1132869935390772e-06|NORM_3PLUS=1.983912397918175e-06

omg	O=0.9999843835830688|NORM_2WORD=7.459934749931563e-06|NORM_1WORD=5.248469278740231e-06|NORM_3PLUS=1.6543448282391182e-06
this	O=0.9999867677688599|NORM_2WORD=7.4117033364018425e-06|NORM_1WORD=2.72229249276279e-06|NORM_3PLUS=1.5644263839931227e-06
mango	O=0.9999665021896362|NORM_2WORD=2.064511863864027e-05|NORM_1WORD=9.811805284698494e-06|NORM_3PLUS=2.110355353579507e-06
is	O=0.9999727010726929|NORM_2WORD=1.2811848137062043e-05|NORM_1WORD=9.288500223192386e-06|NORM_3PLUS=2.9447667202475714e-06
some	O=0.9999862909317017|NORM_2WORD=7.178426585596753e-06|NORM_1WORD=3.51946118826163e-06|NORM_3PLUS=1.6015234223232255e-06
fuckn	NORM_1WORD=0.9998568296432495|NORM_2WORD=8.430355956079438e-05|O=3.462372478679754e-05|NORM_3PLUS=1.639557012822479e-05
kill	O=0.9999420642852783|NORM_1WORD=4.0452003304380924e-05|NORM_2WORD=1.2569663340400439e-05|NORM_3PLUS=2.6884661110671004e-06

roll	O=0.9999629259109497|NORM_1WORD=1.8800197722157463e-05|NORM_2WORD=1.3009904250793625e-05|NORM_3PLUS=3.21253651236475e-06
out	O=0.9999817609786987|NORM_2WORD=1.115578652388649e-05|NORM_1WORD=4.447625087777851e-06|NORM_3PLUS=1.6605620203336002e-06
!	O=0.9999819993972778|NORM_2WORD=8.278775567305274e-06|NORM_1WORD=4.271993930160534e-06|NORM_3PLUS=2.254368610010715e-06
:	O=0.9999808073043823|NORM_2WORD=7.776728125463706e-06|NORM_1WORD=5.302352292346768e-06|NORM_3PLUS=2.718773885135306e-06
smitefire	O=0.9998533725738525|NORM_2WORD=7.803279004292563e-05|NORM_1WORD=5.949349360889755e-05|NORM_3PLUS=6.511571882583667e-06
is	O=0.9999796152114868|NORM_2WORD=9.019061508297455e-06|NORM_1WORD=7.485711648769211e-06|NORM_3PLUS=2.179621787945507e-06
giving	O=0.9999545812606812|NORM_2WORD=2.5906128939823247e-05|NORM_1WORD=9.620976925361902e-06|NORM_3PLUS=4.588779574987711e-06
away	O=0.9999743700027466|NORM_2WORD=1.150148546003038e-05|NORM_1WORD=9.805296031117905e-06|NORM_3PLUS=2.443999392198748e-06
3	O=0.999922513961792|NORM_1WORD=4.925173561787233e-05|NORM_2WORD=2.18378881982062e-05|NORM_3PLUS=3.0926428280508844e-06
unlock	O=0.9999470710754395|NORM_1WORD=3.078008012380451e-05|NORM_2WORD=1.6903853975236416e-05|NORM_3PLUS=3.284727199570625e-06
codes	O=0.9999432563781738|NORM_2WORD=2.8221777029102668e-05|NORM_1WORD=2.27283871936379e-05|NORM_3PLUS=3.2018019737733994e-06
for	O=0.9999732971191406|NORM_1WORD=1.533549584564753e-05|NORM_2WORD=7.370348157564877e-06|NORM_3PLUS=1.8330769080421305e-06
geb	O=0.9999099969863892|NORM_1WORD=7.174713391577825e-05|NORM_2WORD=1.0931647921097465e-05|NORM_3PLUS=4.341087333159521e-06
&	O=0.9998843669891357|NORM_1WORD=8.276274456875399e-05|NORM_2WORD=2.4566299543948844e-05|NORM_3PLUS=4.192906089883763e-06
his	O=0.9999455213546753|NORM_1WORD=2.4923509045038372e-05|NORM_2WORD=1.7323001884506084e-05|NORM_3PLUS=5.9461453929543495e-06
skin	O=0.9997768998146057|NORM_1WORD=0.00017730181571096182|NORM_2WORD=3.135310544166714e-05|NORM_3PLUS=8.348871233465616e-06
,	O=0.9999655485153198|NORM_1WORD=1.6201092876144685e-05|NORM_2WORD=1.2792709640052635e-05|NORM_3PLUS=2.9245309178804746e-06
g	O=0.9941617846488953|NORM_1WORD=0.00558673357591033|NORM_2WORD=0.00019348271598573774|NORM_3PLUS=3.3328520657960325e-05
.	O=0.9999686479568481|NORM_1WORD=1.55162069859216e-05|NORM_2WORD=1.1710807484632824e-05|NORM_3PLUS=2.8939296043972718e-06
e	O=0.9995704293251038|NORM_1WORD=0.00040506600635126233|NORM_2WORD=1.795550633687526e-05|NORM_3PLUS=4.5158540160628036e-06
.	O=0.9999674558639526|NORM_1WORD=1.5874240489210933e-05|NORM_2WORD=1.2748074368573725e-05|NORM_3PLUS=2.7629789656202774e-06
b	O=0.998683512210846|NORM_1WORD=0.0012543929042294621|NORM_2WORD=4.575891580316238e-05|NORM_3PLUS=1.057035660778638e-05
.	O=0.9999749660491943|NORM_2WORD=1.1394195098546334e-05|NORM_1WORD=8.484073987347074e-06|NORM_3PLUS=3.711266572281602e-06
1	O=0.9999552965164185|NORM_1WORD=3.509161979309283e-05|NORM_2WORD=6.8134168031974696e-06|NORM_3PLUS=1.3391511402005563e-06
!	O=0.9999852180480957|NORM_2WORD=6.3512475207971875e-06|NORM_1WORD=3.3485803214716725e-06|NORM_3PLUS=2.1872031084058108e-06
the	O=0.9999767541885376|NORM_2WORD=1.4405960428121034e-05|NORM_1WORD=4.1085772863880266e-06|NORM_3PLUS=2.7976677756669233e-06
giveaway	O=0.999945878982544|NORM_1WORD=2.6514251658227295e-05|NORM_2WORD=2.115804272762034e-05|NORM_3PLUS=3.5896518966183066e-06
ends	O=0.9999680519104004|NORM_2WORD=2.0013323592138477e-05|NORM_1WORD=8.216405149141792e-06|NORM_3PLUS=1.999843334488105e-06
sunday	O=0.999935507774353|NORM_2WORD=4.0197581256506965e-05|NORM_1WORD=1.8418226318317465e-05|NORM_3PLUS=4.09983249483048e-06
,	O=0.9999773502349854|NORM_2WORD=1.1514953257574234e-05|NORM_1WORD=5.733425496146083e-06|NORM_3PLUS=3.0853179850964807e-06
6/1	O=0.9999768733978271|NORM_2WORD=9.842430699791294e-06|NORM_1WORD=9.34351555770263e-06|NORM_3PLUS=1.8771122540783836e-06
!	O=0.9999840259552002|NORM_2WORD=7.2687366809987e-06|NORM_1WORD=2.804227278829785e-06|NORM_3PLUS=2.6697075554693583e-06
http://t.co/vpqgy8grok	O=0.9999793767929077|NORM_2WORD=1.2874461390310898e-05|NORM_3PLUS=3.1684674013376934e-06|NORM_1WORD=3.0635451366833877e-06

#sportsnews	O=0.9999830722808838|NORM_2WORD=1.0752080015663523e-05|NORM_3PLUS=2.6805219022207893e-06|NORM_1WORD=2.1932746676611714e-06
beckett	O=0.9999850988388062|NORM_2WORD=8.798680028121453e-06|NORM_1WORD=3.6650451420428e-06|NORM_3PLUS=1.4069419194129296e-06
pitches	O=0.9999773502349854|NORM_1WORD=1.1040205208701082e-05|NORM_2WORD=7.784633453411516e-06|NORM_3PLUS=2.1731100332544884e-06
no-hitter	O=0.9999779462814331|NORM_1WORD=1.3977780326968059e-05|NORM_2WORD=5.482612323248759e-06|NORM_3PLUS=1.611615971341962e-06
,	O=0.9999818801879883|NORM_2WORD=9.448835044167936e-06|NORM_1WORD=4.494087534112623e-06|NORM_3PLUS=2.465447096255957e-06
dodgers	O=0.9999710321426392|NORM_1WORD=1.2390865776978899e-05|NORM_2WORD=1.2320226232986897e-05|NORM_3PLUS=2.4779012619546847e-06
stop	O=0.9999773502349854|NORM_1WORD=1.1803861525550019e-05|NORM_2WORD=7.179320618888596e-06|NORM_3PLUS=2.103755150528741e-06
phillies	O=0.9999710321426392|NORM_1WORD=1.7276834114454687e-05|NORM_2WORD=8.249216989497654e-06|NORM_3PLUS=2.0923689589835703e-06
:	O=0.999980092048645|NORM_2WORD=8.054094905673992e-06|NORM_1WORD=6.7978726292494684e-06|NORM_3PLUS=2.4128687527991133e-06
josh	O=0.9999864101409912|NORM_2WORD=5.793188847746933e-06|NORM_1WORD=5.646305453410605e-06|NORM_3PLUS=1.2915951401737402e-06
beckett	O=0.9999852180480957|NORM_1WORD=6.832191502326168e-06|NORM_2WORD=6.012592166371178e-06|NORM_3PLUS=1.1266877208981896e-06
transformed	O=0.9999825954437256|NORM_1WORD=9.41256894293474e-06|NORM_2WORD=5.871833309356589e-06|NORM_3PLUS=1.26100417219277e-06
himself	O=0.9999823570251465|NORM_1WORD=6.9621623879356775e-06|NORM_2WORD=6.933227268746123e-06|NORM_3PLUS=2.1578202904493082e-06
from	O=0.9999734163284302|NORM_1WORD=1.5607449313392863e-05|NORM_2WORD=7.003146947681671e-06|NORM_3PLUS=2.19394587475108e-06
power	O=0.9999690055847168|NORM_1WORD=2.1165473299333826e-05|NORM_2WORD=7.005647603364196e-06|NORM_3PLUS=1.8094046936312225e-06
pitc	O=0.8537167310714722|NORM_1WORD=0.14335960149765015|NORM_2WORD=0.002802223199978471|NORM_3PLUS=9.107131336349994e-05
...	O=0.9999547004699707|NORM_2WORD=1.7485106582171284e-05|NORM_1WORD=1.3733106243307702e-05|NORM_3PLUS=6.00181010668166e-06
http://t.co/wiyd4kaqsk	O=0.9999853372573853|NORM_2WORD=8.945461559051182e-06|NORM_1WORD=2.680903889995534e-06|NORM_3PLUS=2.046940380751039e-06

rt	O=0.9999738931655884|NORM_2WORD=1.2234181667736266e-05|NORM_1WORD=4.786845693161013e-06|NORM_3PLUS=4.425723545864457e-06
@taottoos	O=0.9999843835830688|NORM_2WORD=7.717068001511507e-06|NORM_3PLUS=3.1021866107039386e-06|NORM_1WORD=2.5814354103204096e-06
:	O=0.9999886751174927|NORM_2WORD=4.68874532089103e-06|NORM_1WORD=2.220838496214128e-06|NORM_3PLUS=1.9301348856970435e-06
luhan	O=0.9999765157699585|NORM_2WORD=1.107080424844753e-05|NORM_1WORD=8.269710633612704e-06|NORM_3PLUS=2.175776899093762e-06
thats	NORM_1WORD=0.999944806098938|O=2.1679277779185213e-05|NORM_3PLUS=1.3782683708996046e-05|NORM_2WORD=1.2351854820735753e-05
not	O=0.9999867677688599|NORM_1WORD=6.1024129536235705e-06|NORM_2WORD=4.251030986779369e-06|NORM_3PLUS=1.4344665260068723e-06
how	O=0.9999840259552002|NORM_2WORD=6.289169959927676e-06|NORM_1WORD=5.904534646106185e-06|NORM_3PLUS=1.766274522196909e-06
ring	O=0.9999691247940063|NORM_1WORD=1.920427348522935e-05|NORM_2WORD=8.524390068487264e-06|NORM_3PLUS=1.5375048860732932e-06
ding	O=0.999752938747406|NORM_1WORD=0.00020674032566603273|NORM_2WORD=2.8233416742295958e-05|NORM_3PLUS=6.976335043873405e-06
dong	O=0.9997610449790955|NORM_1WORD=0.00013073495938442647|NORM_2WORD=9.005948231788352e-05|NORM_3PLUS=1.1935214388358872e-05
goes	O=0.9999854564666748|NORM_1WORD=5.9835751926584635e-06|NORM_2WORD=4.882263965555467e-06|NORM_3PLUS=1.8525541918279487e-06
https://t.co/7r9i5w3tgp	O=0.9999814033508301|NORM_2WORD=9.815516023081727e-06|NORM_1WORD=5.205653906159569e-06|NORM_3PLUS=1.9899428025382804e-06

rt	O=0.9999812841415405|NORM_2WORD=1.1011269634764176e-05|NORM_1WORD=4.069266196893295e-06|NORM_3PLUS=2.175310100938077e-06
@polocam_	O=0.9999737739562988|NORM_2WORD=1.618599890207406e-05|NORM_3PLUS=4.455128873814829e-06|NORM_1WORD=2.3334760044235736e-06
:	O=0.999984860420227|NORM_2WORD=7.598900992888957e-06|NORM_1WORD=3.0595153930335073e-06|NORM_3PLUS=2.0940829017490614e-06
i	O=0.9999845027923584|NORM_1WORD=7.082769570843084e-06|NORM_2WORD=5.108031473355368e-06|NORM_3PLUS=1.8066651819026447e-06
added	O=0.9999514818191528|NORM_1WORD=2.0401954316184856e-05|NORM_2WORD=1.763751970429439e-05|NORM_3PLUS=4.656007604353363e-06
a	O=0.999975323677063|NORM_2WORD=1.524571325717261e-05|NORM_1WORD=4.6219643081713e-06|NORM_3PLUS=2.982918203997542e-06
video	O=0.9999765157699585|NORM_2WORD=1.2025555406580679e-05|NORM_1WORD=5.595198217633879e-06|NORM_3PLUS=3.476245410638512e-06
to	O=0.9999845027923584|NORM_2WORD=8.76026115292916e-06|NORM_1WORD=4.059406819578726e-06|NORM_3PLUS=1.5242356994349393e-06
a	O=0.9999716281890869|NORM_2WORD=2.0200102881062776e-05|NORM_1WORD=3.6112251109443605e-06|NORM_3PLUS=3.2792522688396275e-06
@youtube	O=0.9999326467514038|NORM_2WORD=4.97210057801567e-05|NORM_1WORD=7.145891686377581e-06|NORM_3PLUS=7.007103249634383e-06
playlist	O=0.9999581575393677|NORM_1WORD=2.1962832761346363e-05|NORM_2WORD=1.4367701623996254e-05|NORM_3PLUS=2.843192532964167e-06
http://t.co/eecgowtub7	O=0.999987006187439|NORM_2WORD=7.510802333854372e-06|NORM_1WORD=2.268571051899926e-06|NORM_3PLUS=2.0092791146453237e-06
cartier	O=0.9999895095825195|NORM_2WORD=4.185603302175878e-06|NORM_1WORD=3.997897692897823e-06|NORM_3PLUS=1.4587925534215174e-06
queens	O=0.9999853372573853|NORM_1WORD=6.7140404098609e-06|NORM_2WORD=5.167158178664977e-06|NORM_3PLUS=1.367664026474813e-06
cup	O=0.9999829530715942|NORM_1WORD=9.191891876980662e-06|NORM_2WORD=4.746557806356577e-06|NORM_3PLUS=1.4910971231074654e-06
uae	O=0.9999864101409912|NORM_1WORD=6.132918770163087e-06|NORM_2WORD=4.534645540843485e-06|NORM_3PLUS=1.7283288116232143e-06
vs	O=0.9999827146530151|NORM_1WORD=6.463405043177772e-06|NORM_2WORD=5.51451557839755e-06|NORM_3PLUS=2.7546573164727306e-06
lucchese	O=0.9999847412109375|NORM_2WORD=6.647153441008413e-06|NORM_1WORD=6.057863174646627e-06|NORM_3PLUS=1.6005193401724682e-06

rt	O=0.9999692440032959|NORM_2WORD=1.4736510820512194e-05|NORM_1WORD=8.218445145757869e-06|NORM_3PLUS=4.010109023511177e-06
@baekhyunee_exos	O=0.9999667406082153|NORM_1WORD=1.520756723039085e-05|NORM_2WORD=1.2328906450420618e-05|NORM_3PLUS=3.3359187909809407e-06
:	O=0.9999836683273315|NORM_2WORD=7.077739610394929e-06|NORM_1WORD=3.990347977378406e-06|NORM_3PLUS=2.442663571855519e-06
exo's	O=0.9999319314956665|NORM_2WORD=4.431102570379153e-05|NORM_1WORD=1.55115394591121e-05|NORM_3PLUS=5.264656920189736e-06
solo	O=0.9999362230300903|NORM_2WORD=2.5784829631447792e-05|NORM_1WORD=2.3104248612071387e-05|NORM_3PLUS=7.63459593144944e-06
concert	O=0.9999314546585083|NORM_1WORD=2.9472681490005925e-05|NORM_2WORD=2.3913135009934194e-05|NORM_3PLUS=7.132062819437124e-06
:	O=0.9999834299087524|NORM_2WORD=7.1511294663650915e-06|NORM_1WORD=5.174027137400117e-06|NORM_3PLUS=1.9383996914257295e-06
day	O=0.9999790191650391|NORM_2WORD=9.821505045692902e-06|NORM_1WORD=7.100436050677672e-06|NORM_3PLUS=2.1999210275680525e-06
1	O=0.9999769926071167|NORM_1WORD=9.801563464861829e-06|NORM_2WORD=9.088500519283116e-06|NORM_3PLUS=1.8496855318517191e-06
-	O=0.9999840259552002|NORM_2WORD=7.364574685198022e-06|NORM_1WORD=3.947954155592015e-06|NORM_3PLUS=2.4888279313017847e-06
baekhyun's	O=0.9999599456787109|NORM_2WORD=2.5628025468904525e-05|NORM_1WORD=9.280288395530079e-06|NORM_3PLUS=3.2178284072870156e-06
grandma	O=0.973000168800354|NORM_1WORD=0.01344687957316637|NORM_2WORD=0.013229602947831154|NORM_3PLUS=0.00030984930344857275
day	O=0.9999790191650391|NORM_2WORD=9.162685273622628e-06|NORM_1WORD=8.238897862611338e-06|NORM_3PLUS=1.969664026546525e-06
3	O=0.9999586343765259|NORM_1WORD=2.1781122995889746e-05|NORM_2WORD=1.2848901860706974e-05|NORM_3PLUS=2.7616877105174353e-06
-	O=0.9999791383743286|NORM_2WORD=8.12320377008291e-06|NORM_1WORD=5.63151343158097e-06|NORM_3PLUS=3.614322395151248e-06
lee	O=0.9999721050262451|NORM_1WORD=1.4369024938787334e-05|NORM_2WORD=8.11178961157566e-06|NORM_3PLUS=3.277797077316791e-06
soo	NORM_1WORD=0.9528028964996338|O=0.04625489190220833|NORM_2WORD=0.0007856048177927732|NORM_3PLUS=0.00014194173854775727
man	O=0.9999570846557617|NORM_1WORD=2.1621357518597506e-05|NORM_2WORD=1.4796505638514645e-05|NORM_3PLUS=3.901348463841714e-06
yixing	O=0.9999572038650513|NORM_1WORD=2.5185001504723914e-05|NORM_2WORD=1.323312972090207e-05|NORM_3PLUS=2.681958676475915e-06
,	O=0.9999645948410034|NORM_2WORD=1.4363849004439544e-05|NORM_1WORD=1.0389515409769956e-05|NORM_3PLUS=5.288701686367858e-06
such	O=0.9999502897262573|NORM_1WORD=2.9019423891440965e-05|NORM_2WORD=1.2694573342741933e-05|NORM_3PLUS=3.107114025624469e-06
a	O=0.9999686479568481|NORM_2WORD=1.2536046597233508e-05|NORM_1WORD=1.246640931640286e-05|NORM_3PLUS=3.3519947919558035e-06
lucky	O=0.9999758005142212|NORM_1WORD=1.393822913087206e-05|NORM_2WORD=6.549746558448533e-06|NORM_3PLUS=1.8996880726263043e-06
fanboy	O=0.9915820956230164|NORM_2WORD=0.008187314495444298|NORM_1WORD=0.00017433453467674553|NORM_3PLUS=4.9439175199950114e-05

rt	O=0.9999862909317017|NORM_2WORD=5.7134284361382015e-06|NORM_1WORD=5.408189281297382e-06|NORM_3PLUS=1.312844574385963e-06
@theywant_money	O=0.9999896287918091|NORM_2WORD=4.9076184041041415e-06|NORM_1WORD=3.5542043406167068e-06|NORM_3PLUS=1.06735296867555e-06
:	O=0.999991774559021|NORM_2WORD=3.192115400452167e-06|NORM_1WORD=2.4004227725527016e-06|NORM_3PLUS=1.1687551477734814e-06
i'm	O=0.9999843835830688|NORM_2WORD=9.350057553092483e-06|NORM_1WORD=4.336465281085111e-06|NORM_3PLUS=1.2572563719004393e-06
tryna	NORM_2WORD=0.9979336261749268|NORM_3PLUS=0.001595424022525549|NORM_1WORD=0.0002324690285604447|O=0.0001819032186176628
fwit	O=0.8167394995689392|NORM_1WORD=0.17080679535865784|NORM_2WORD=0.012134354561567307|NORM_3PLUS=0.000297558173770085
miami	O=0.9999791383743286|NORM_2WORD=1.2485970728448592e-05|NORM_1WORD=5.697374490409857e-06|NORM_3PLUS=1.6389903976232745e-06
!!	O=0.9999915361404419|NORM_2WORD=3.2384182304667775e-06|NORM_1WORD=2.8377692160574952e-06|NORM_3PLUS=1.1489682947285473e-06
like	O=0.999984860420227|NORM_1WORD=8.449123015452642e-06|NORM_2WORD=4.5369743020273745e-06|NORM_3PLUS=1.2258531114639482e-06
soon	O=0.9999886751174927|NORM_1WORD=5.10155859956285e-06|NORM_2WORD=3.769855766222463e-06|NORM_3PLUS=1.2943773981533013e-06

defs	O=0.999936580657959|NORM_2WORD=3.29636168316938e-05|NORM_1WORD=2.7089961804449558e-05|NORM_3PLUS=2.0537388536467915e-06
just	O=0.9999707937240601|NORM_2WORD=1.1461849680927116e-05|NORM_1WORD=1.1085351616202388e-05|NORM_3PLUS=3.2572634154348634e-06
ran	O=0.9997702240943909|NORM_1WORD=0.00015365309081971645|NORM_2WORD=4.7907957196002826e-05|NORM_3PLUS=1.3401137039181776e-05
into	O=0.9999514818191528|NORM_1WORD=2.2894560970598832e-05|NORM_2WORD=1.584055098646786e-05|NORM_3PLUS=4.455136149772443e-06
dan	O=0.9999637603759766|NORM_2WORD=1.3952171684650239e-05|NORM_1WORD=1.2447470908227842e-05|NORM_3PLUS=4.593143330566818e-06
and	O=0.9999792575836182|NORM_2WORD=8.172826710506342e-06|NORM_1WORD=6.57810824122862e-06|NORM_3PLUS=2.6786694888869533e-06
aaron	O=0.9999282360076904|NORM_2WORD=2.698476419027429e-05|NORM_1WORD=2.195821980421897e-05|NORM_3PLUS=1.1282680134172551e-05
at	O=0.9999831914901733|NORM_1WORD=7.225217814266216e-06|NORM_2WORD=6.831747214164352e-06|NORM_3PLUS=1.5275647911039414e-06
disneyland	O=0.9999736547470093|NORM_2WORD=1.729834548314102e-05|NORM_1WORD=6.95593598720734e-06|NORM_3PLUS=1.2935596487295697e-06
lols	O=0.9999366998672485|NORM_2WORD=3.931302853743546e-05|NORM_1WORD=1.8938699213322252e-05|NORM_3PLUS=3.099944933637744e-06

disfavor	NORM_1WORD=0.534557580947876|O=0.4635547399520874|NORM_2WORD=0.001476285862736404|NORM_3PLUS=0.00036807969445362687
microsofts	O=0.9998362064361572|NORM_2WORD=8.31165089039132e-05|NORM_1WORD=7.268741319421679e-05|NORM_3PLUS=5.189127023186302e-06
largest	O=0.9999109506607056|NORM_1WORD=5.879019226995297e-05|NORM_2WORD=1.525948209746275e-05|NORM_3PLUS=7.964776159496978e-06
efforts	O=0.9999452829360962|NORM_1WORD=3.783459760597907e-05|NORM_2WORD=8.625998816569336e-06|NORM_3PLUS=4.8782285375637e-06
,	O=0.9999768733978271|NORM_1WORD=8.59542706166394e-06|NORM_2WORD=7.203060249594273e-06|NORM_3PLUS=4.061640993313631e-06
vme	O=0.9999316930770874|NORM_2WORD=5.0186688895337284e-05|NORM_1WORD=1.2732626601064112e-05|NORM_3PLUS=4.176398306299234e-06
restful	O=0.9999798536300659|NORM_1WORD=1.0119432772626169e-05|NORM_2WORD=7.956510671647266e-06|NORM_3PLUS=1.4613796111007105e-06
condone	O=0.9973084926605225|NORM_1WORD=0.0025081189814954996|NORM_2WORD=0.00017037375073414296|NORM_3PLUS=1.0596945685392711e-05
problems	O=0.9999290704727173|NORM_1WORD=4.794591950485483e-05|NORM_2WORD=1.1392261512810364e-05|NORM_3PLUS=5.356535893952241e-06
epidemic	O=0.999920129776001|NORM_1WORD=5.827028144267388e-05|NORM_2WORD=1.8511005691834725e-05|NORM_3PLUS=2.0660772861447185e-06
:	O=0.9999755620956421|NORM_1WORD=1.376356158289127e-05|NORM_2WORD=5.484434950631112e-06|NORM_3PLUS=2.6988859644916374e-06
vyd	O=0.999968409538269|NORM_1WORD=2.2911875930731185e-05|NORM_2WORD=6.035183105268516e-06|NORM_3PLUS=1.5761200984343304e-06

where	O=0.9999841451644897|NORM_2WORD=7.888935215305537e-06|NORM_1WORD=4.234826519677881e-06|NORM_3PLUS=2.409128455838072e-06
tf	NORM_2WORD=0.9982423782348633|NORM_3PLUS=0.0013037568423897028|O=0.00035897555062547326|NORM_1WORD=4.032090146210976e-05
is	O=0.9999635219573975|NORM_2WORD=1.9826378775178455e-05|NORM_1WORD=1.1161117072333582e-05|NORM_3PLUS=3.5229236345912796e-06
my	O=0.9999774694442749|NORM_2WORD=1.3683765246241819e-05|NORM_1WORD=4.2670599214034155e-06|NORM_3PLUS=2.5241765797545668e-06
bestfriend	NORM_2WORD=0.9606314897537231|O=0.02215539664030075|NORM_1WORD=0.014143063686788082|NORM_3PLUS=0.0029185095336288214
?	O=0.9999817609786987|NORM_2WORD=9.677325579104945e-06|NORM_1WORD=3.470268438832136e-06|NORM_3PLUS=2.6650461677490966e-06

@lionel_racing	O=0.9999611377716064|NORM_2WORD=1.7647969798417762e-05|NORM_1WORD=9.36192100198241e-06|NORM_3PLUS=6.5712356445146725e-06
just	O=0.999976634979248|NORM_2WORD=8.303480171889532e-06|NORM_1WORD=7.224439741548849e-06|NORM_3PLUS=3.5228758861194365e-06
went	O=0.9999740123748779|NORM_1WORD=1.2536580470623448e-05|NORM_2WORD=7.262600774993189e-06|NORM_3PLUS=2.9831760457454948e-06
by	O=0.9999809265136719|NORM_1WORD=9.564546417095698e-06|NORM_2WORD=7.222583462862531e-06|NORM_3PLUS=1.4283140217230539e-06
the	O=0.999983549118042|NORM_2WORD=7.98056225903565e-06|NORM_1WORD=4.1432313082623295e-06|NORM_3PLUS=2.4254668460343964e-06
store	O=0.9999762773513794|NORM_1WORD=1.1164187526446767e-05|NORM_2WORD=8.171406989276875e-06|NORM_3PLUS=2.3002444322628435e-06
i	O=0.9998701810836792|NORM_1WORD=0.00011180928413523361|NORM_2WORD=1.0520067007746547e-05|NORM_3PLUS=4.317488219385268e-06
but	O=0.9998754262924194|NORM_1WORD=0.00011183045717189088|NORM_2WORD=9.892008165479638e-06|NORM_3PLUS=1.6224500996031566e-06
all	O=0.9999409914016724|NORM_1WORD=3.485464912955649e-05|NORM_2WORD=1.702932786429301e-05|NORM_3PLUS=3.556421688699629e-06
my	O=0.9999765157699585|NORM_2WORD=1.0964648936351296e-05|NORM_1WORD=5.588393378275214e-06|NORM_3PLUS=3.4610354759934125e-06
diecast	O=0.9996036887168884|NORM_1WORD=0.0002672777627594769|NORM_2WORD=0.00011959854600718245|NORM_3PLUS=6.697232947772136e-06
from	O=0.9999675750732422|NORM_1WORD=1.5637333490303718e-05|NORM_2WORD=1.163451906904811e-05|NORM_3PLUS=2.6096047349710716e-06
and	O=0.999982476234436|NORM_2WORD=8.007701580936555e-06|NORM_1WORD=4.467199687496759e-06|NORM_3PLUS=2.8144304451416247e-06
told	O=0.9999638795852661|NORM_1WORD=1.8567900042398833e-05|NORM_2WORD=9.165246410702821e-06|NORM_3PLUS=3.492923269732273e-06
me	O=0.9999892711639404|NORM_1WORD=4.239883310219739e-06|NORM_2WORD=3.909064162144205e-06|NORM_3PLUS=1.3221134622654063e-06
elliott	O=0.9999574422836304|NORM_1WORD=2.917455458373297e-05|NORM_2WORD=8.206740858440753e-06|NORM_3PLUS=2.788738129311241e-06
sadlers	O=0.9999700784683228|NORM_2WORD=1.7392225345247425e-05|NORM_1WORD=8.332101970154326e-06|NORM_3PLUS=2.360667167522479e-06
cars	O=0.9999613761901855|NORM_1WORD=1.802122642402537e-05|NORM_2WORD=1.604612043593079e-05|NORM_3PLUS=2.592245436972007e-06
dnp	O=0.9995891451835632|NORM_1WORD=0.0002397059288341552|NORM_2WORD=0.00016432991833426058|NORM_3PLUS=5.467794835567474e-06
.	O=0.9999833106994629|NORM_2WORD=5.647074431180954e-06|NORM_1WORD=5.409715413406957e-06|NORM_3PLUS=3.2787402233225293e-06
ive	NORM_1WORD=0.9997938275337219|O=7.905014354037121e-05|NORM_3PLUS=6.487653445219621e-05|NORM_2WORD=3.64866791642271e-05
bought	O=0.9999524354934692|NORM_1WORD=2.5756417016964406e-05|NORM_2WORD=1.1911082765436731e-05|NORM_3PLUS=4.3341851778677665e-06
tons	O=0.9998146891593933|NORM_1WORD=0.00011717880261130631|NORM_2WORD=4.054134478792548e-05|NORM_3PLUS=1.0626392395352013e-05
from	O=0.9999821186065674|NORM_1WORD=7.830649337847717e-06|NORM_2WORD=6.919142833794467e-06|NORM_3PLUS=1.4945753719075583e-06
yall	NORM_1WORD=0.9999033212661743|O=6.93823239998892e-05|NORM_2WORD=1.7112559362431057e-05|NORM_3PLUS=7.746363735350315e-06
.	O=0.9999862909317017|NORM_2WORD=4.900198746327078e-06|NORM_1WORD=4.121830443182262e-06|NORM_3PLUS=2.775176199065754e-06
not	O=0.9999744892120361|NORM_1WORD=1.0097909580508713e-05|NORM_2WORD=7.625224498042371e-06|NORM_3PLUS=3.3460958093201043e-06
anymore	O=0.9999549388885498|NORM_1WORD=2.2092861399869435e-05|NORM_2WORD=1.2448786037566606e-05|NORM_3PLUS=3.9490373637818266e-06

this	O=0.9999831914901733|NORM_1WORD=7.152846592362039e-06|NORM_2WORD=5.006174887967063e-06|NORM_3PLUS=1.8537233472670778e-06
lil	NORM_1WORD=0.9999570846557617|O=2.0343042706372216e-05|NORM_3PLUS=1.0574797670415137e-05|NORM_2WORD=6.487657174147898e-06
boy	O=0.9999606609344482|NORM_1WORD=2.5317754989373498e-05|NORM_2WORD=7.973684660100844e-06|NORM_3PLUS=2.8036215553584043e-06
on	O=0.9999845027923584|NORM_1WORD=1.0195686627412215e-05|NORM_2WORD=3.725252327058115e-06|NORM_3PLUS=8.52196421874396e-07
the	O=0.9999852180480957|NORM_2WORD=7.3416867962805554e-06|NORM_1WORD=4.44994839199353e-06|NORM_3PLUS=1.6160756786121055e-06
train	O=0.9999622106552124|NORM_1WORD=2.960678466479294e-05|NORM_2WORD=4.882354915025644e-06|NORM_3PLUS=1.4080425216889125e-06
is	O=0.9999709129333496|NORM_1WORD=1.8756096324068494e-05|NORM_2WORD=5.687164957635105e-06|NORM_3PLUS=2.236796035504085e-06
constantly	O=0.9999606609344482|NORM_1WORD=1.9163004253641702e-05|NORM_2WORD=1.100323333957931e-05|NORM_3PLUS=3.707244786710362e-06
taking	O=0.9999712705612183|NORM_1WORD=1.666863499849569e-05|NORM_2WORD=7.746971277811099e-06|NORM_3PLUS=1.921483999467455e-06
pics	NORM_1WORD=0.9990218877792358|O=0.0009004062740132213|NORM_2WORD=5.8298661315348e-05|NORM_3PLUS=1.296851405641064e-05
of	O=0.9999765157699585|NORM_1WORD=1.6718264305382036e-05|NORM_2WORD=3.8503708310599905e-06|NORM_3PLUS=1.333402906311676e-06
me	O=0.9999867677688599|NORM_1WORD=6.435077466449002e-06|NORM_2WORD=4.067138888785848e-06|NORM_3PLUS=1.4572158306691563e-06
smh	O=0.9999643564224243|NORM_1WORD=2.4404753276030533e-05|NORM_2WORD=8.736440577195026e-06|NORM_3PLUS=1.2372970559226815e-06
n	NORM_1WORD=0.9999217987060547|O=5.344595410861075e-05|NORM_2WORD=1.0156734788324684e-05|NORM_3PLUS=9.433276318304706e-06
his	O=0.999962329864502|NORM_1WORD=1.8326381905353628e-05|NORM_2WORD=1.0361014574300498e-05|NORM_3PLUS=4.1575585782993585e-06
flash	O=0.9999657869338989|NORM_1WORD=2.3892847821116447e-05|NORM_2WORD=6.521651812363416e-06|NORM_3PLUS=2.000563654291909e-06
keeps	O=0.9999746084213257|NORM_1WORD=1.2746075299219228e-05|NORM_2WORD=9.939801202563103e-06|NORM_3PLUS=1.3617301419799333e-06
going	O=0.9999738931655884|NORM_1WORD=1.4688411283714231e-05|NORM_2WORD=7.616266429977259e-06|NORM_3PLUS=1.7124763189713121e-06
off	O=0.9999761581420898|NORM_1WORD=1.7172089428640902e-05|NORM_2WORD=4.606777110893745e-06|NORM_3PLUS=1.041701352733071e-06
as	O=0.999975323677063|NORM_1WORD=1.4880621165502816e-05|NORM_2WORD=5.950685135758249e-06|NORM_3PLUS=1.7035021073752432e-06
he	O=0.9999768733978271|NORM_1WORD=1.1831061783595942e-05|NORM_2WORD=5.818415047542658e-06|NORM_3PLUS=2.6451461963006295e-06
points	O=0.9999334812164307|NORM_1WORD=5.176723425392993e-05|NORM_2WORD=9.023687198350672e-06|NORM_3PLUS=2.66364486378734e-06
his	O=0.9999817609786987|NORM_1WORD=8.980089660326485e-06|NORM_2WORD=5.776566922577331e-06|NORM_3PLUS=1.7029267382895341e-06
phone	O=0.9999790191650391|NORM_1WORD=1.5463720046682283e-05|NORM_2WORD=3.4649212921067374e-06|NORM_3PLUS=1.0908339618254104e-06
at	O=0.9999793767929077|NORM_1WORD=1.4157774785417132e-05|NORM_2WORD=3.994404778495664e-06|NORM_3PLUS=1.1187225936737377e-06
me	O=0.9999877214431763|NORM_1WORD=5.981733920634724e-06|NORM_2WORD=3.5239429507782916e-06|NORM_3PLUS=1.442185066480306e-06

@_sarahhmariee	O=0.999990701675415|NORM_2WORD=3.583201305445982e-06|NORM_1WORD=3.374881089257542e-06|NORM_3PLUS=1.5478750583497458e-06
@putton_bree	O=0.9999897480010986|NORM_2WORD=4.302323304727906e-06|NORM_1WORD=3.312346052553039e-06|NORM_3PLUS=1.5930670542729786e-06
bruh	NORM_1WORD=0.9999469518661499|O=3.2688971259631217e-05|NORM_2WORD=9.842831786954775e-06|NORM_3PLUS=7.153951173677342e-06
i'm	O=0.9999774694442749|NORM_2WORD=1.1934418580494821e-05|NORM_1WORD=6.671632036159281e-06|NORM_3PLUS=2.3922891614347463e-06
tryna	NORM_2WORD=0.9993159770965576|NORM_3PLUS=0.00033402812550775707|O=0.0002174812980229035|NORM_1WORD=9.251375740859658e-05
take	O=0.9999613761901855|NORM_1WORD=1.94403764908202e-05|NORM_2WORD=1.2285529919608962e-05|NORM_3PLUS=3.8266030060185585e-06
a	O=0.9999589920043945|NORM_2WORD=1.649708065087907e-05|NORM_1WORD=1.4504629689326975e-05|NORM_3PLUS=5.6828798733477015e-06
shit	O=0.9999276399612427|NORM_1WORD=5.8336881920695305e-05|NORM_2WORD=7.645940968359355e-06|NORM_3PLUS=3.4109393709513824e-06
yeah	O=0.9999750852584839|NORM_1WORD=1.7633612515055574e-05|NORM_2WORD=4.8752435759524815e-06|NORM_3PLUS=1.5080922821653076e-06
"	O=0.9999734163284302|NORM_1WORD=1.6118185158120468e-05|NORM_2WORD=5.879142008780036e-06|NORM_3PLUS=1.9383246581128333e-06
you	O=0.9999793767929077|NORM_1WORD=1.0944664609269239e-05|NORM_2WORD=5.745347152696922e-06|NORM_3PLUS=2.5577064661774784e-06
keep	O=0.9999723434448242|NORM_1WORD=1.3615485841000918e-05|NORM_2WORD=8.479724783683196e-06|NORM_3PLUS=2.8043496058671735e-06
mention	O=0.9999723434448242|NORM_1WORD=1.7433265384170227e-05|NORM_2WORD=6.637062142544892e-06|NORM_3PLUS=1.6281519492622465e-06
me	O=0.9999866485595703|NORM_1WORD=5.471701115311589e-06|NORM_2WORD=5.243427949608304e-06|NORM_3PLUS=1.3467869166561286e-06
i	O=0.9999620914459229|NORM_1WORD=2.1670844944310375e-05|NORM_2WORD=7.277607892319793e-06|NORM_3PLUS=4.3337845454516355e-06
can't	O=0.9999796152114868|NORM_1WORD=9.15812051971443e-06|NORM_2WORD=8.2310807556496e-06|NORM_3PLUS=1.6136918929987587e-06
concentrate	O=0.9999573230743408|NORM_1WORD=2.872448749258183e-05|NORM_2WORD=1.110484117816668e-05|NORM_3PLUS=1.976498651856673e-06

niggas	NORM_1WORD=0.9999434947967529|NORM_3PLUS=1.840200820879545e-05|NORM_2WORD=1.5671876099077053e-05|O=1.4633060345659032e-05
in	O=0.999936580657959|NORM_1WORD=4.190148683846928e-05|NORM_2WORD=1.5288569557014853e-05|NORM_3PLUS=3.5369032502785558e-06
the	O=0.9999735355377197|NORM_2WORD=1.4452962204813957e-05|NORM_1WORD=7.346728580159834e-06|NORM_3PLUS=3.0870369300828315e-06
hood	O=0.9999141693115234|NORM_1WORD=7.06129358150065e-05|NORM_2WORD=1.112004611059092e-05|NORM_3PLUS=2.586298251117114e-06
,	O=0.9999827146530151|NORM_2WORD=8.241009709308855e-06|NORM_1WORD=3.784324690059293e-06|NORM_3PLUS=2.9117654776200652e-06
thats	NORM_1WORD=0.999957799911499|O=1.7318026948487386e-05|NORM_2WORD=1.1027888831449673e-05|NORM_3PLUS=8.675449862494133e-06
nigga	NORM_1WORD=0.9999393224716187|O=2.748936094576493e-05|NORM_2WORD=1.3665181541000493e-05|NORM_3PLUS=1.2874264029960614e-05
shit	O=0.999957799911499|NORM_1WORD=2.847070209099911e-05|NORM_2WORD=7.4960712481697556e-06|NORM_3PLUS=3.48037656294764e-06
.	O=0.9999839067459106|NORM_2WORD=7.48837874198216e-06|NORM_3PLUS=3.7418851661641384e-06|NORM_1WORD=2.8379479317663936e-06
west	O=0.9999774694442749|NORM_1WORD=1.21842849694076e-05|NORM_2WORD=5.669159236276755e-06|NORM_3PLUS=2.5672763968032086e-06
indians	O=0.9997420907020569|NORM_2WORD=0.0001881176431197673|NORM_1WORD=5.981112190056592e-05|NORM_3PLUS=7.248311248986283e-06
in	O=0.9999794960021973|NORM_1WORD=1.0476021088834386e-05|NORM_2WORD=6.9536349656118546e-06|NORM_3PLUS=1.6207569615289685e-06
the	O=0.9999808073043823|NORM_2WORD=1.2409282135195099e-05|NORM_1WORD=3.6772976272914093e-06|NORM_3PLUS=1.9177036847395357e-06
west	O=0.9999667406082153|NORM_1WORD=1.6837913790368475e-05|NORM_2WORD=8.452370821032673e-06|NORM_3PLUS=3.9931965147843584e-06
indies	O=0.6796022653579712|NORM_1WORD=0.29532572627067566|NORM_2WORD=0.024579748511314392|NORM_3PLUS=0.0004623648419510573
,	O=0.9999833106994629|NORM_2WORD=7.769585863570683e-06|NORM_1WORD=4.780084509548033e-06|NORM_3PLUS=2.3874692942627007e-06
thats	NORM_1WORD=0.9999568462371826|O=1.6350018995581195e-05|NORM_2WORD=1.0865865988307633e-05|NORM_3PLUS=9.847566616372205e-06
west	O=0.999974250793457|NORM_1WORD=1.4678922525490634e-05|NORM_2WORD=6.451206900237594e-06|NORM_3PLUS=2.6394570795673644e-06
indian	O=0.9999598264694214|NORM_1WORD=1.9681248886627145e-05|NORM_2WORD=1.0820182069437578e-05|NORM_3PLUS=5.061195679445518e-06
shit	O=0.9999618530273438|NORM_1WORD=2.4805800421745516e-05|NORM_2WORD=8.10936307971133e-06|NORM_3PLUS=2.770306309685111e-06
.	O=0.9999817609786987|NORM_2WORD=7.954401553433854e-06|NORM_1WORD=4.294618975109188e-06|NORM_3PLUS=3.946748165617464e-06
dont	NORM_1WORD=0.9999240636825562|O=3.1332998332800344e-05|NORM_2WORD=1.7538695828989148e-05|NORM_3PLUS=1.7280653992202133e-05
try	O=0.9999499320983887|NORM_1WORD=3.448777351877652e-05|NORM_2WORD=9.230625437339768e-06|NORM_3PLUS=3.4174333904957166e-06
2	NORM_1WORD=0.9996942281723022|NORM_2WORD=0.00019967195112258196|NORM_3PLUS=6.352751370286569e-05|O=3.309925887151621e-05
understand	O=0.9999728202819824|NORM_1WORD=1.4750510672456585e-05|NORM_2WORD=7.107668807293521e-06|NORM_3PLUS=3.1918141303322045e-06
it	O=0.9999762773513794|NORM_1WORD=1.3395631867751945e-05|NORM_2WORD=6.204290457390016e-06|NORM_3PLUS=2.4183609639294446e-06
,	O=0.9999809265136719|NORM_2WORD=8.575581887271255e-06|NORM_1WORD=4.799788712261943e-06|NORM_3PLUS=3.4405154565320117e-06
dont	NORM_1WORD=0.9999184608459473|O=3.5358832974452525e-05|NORM_3PLUS=1.9254281141911633e-05|NORM_2WORD=1.6931297068367712e-05
get	O=0.9999792575836182|NORM_1WORD=9.628244697523769e-06|NORM_2WORD=6.849804776720703e-06|NORM_3PLUS=2.701509629332577e-06
involved	O=0.9999337196350098|NORM_1WORD=4.577737126965076e-05|NORM_2WORD=1.0914000995398965e-05|NORM_3PLUS=5.443811005534371e-06

rt	O=0.9999839067459106|NORM_2WORD=8.736968993616756e-06|NORM_1WORD=4.1167882045556325e-06|NORM_3PLUS=1.8380890196567634e-06
@1d_worldinfo	O=0.9999845027923584|NORM_2WORD=9.260226761398371e-06|NORM_1WORD=2.937111275969073e-06|NORM_3PLUS=2.1133278096385766e-06
:	O=0.999987006187439|NORM_2WORD=6.564271643583197e-06|NORM_1WORD=2.7287758257443784e-06|NORM_3PLUS=2.028296876233071e-06
#hq	O=0.999983549118042|NORM_2WORD=7.6030737545806915e-06|NORM_1WORD=6.275273335631937e-06|NORM_3PLUS=1.7394473843523883e-06
zayn	O=0.9999794960021973|NORM_2WORD=8.48760100780055e-06|NORM_1WORD=8.169829015969299e-06|NORM_3PLUS=2.3052630240272265e-06
on	O=0.9999828338623047|NORM_2WORD=8.131349204631988e-06|NORM_1WORD=6.484675395768136e-06|NORM_3PLUS=1.540794869470119e-06
stage	O=0.999974250793457|NORM_1WORD=1.2277711903152522e-05|NORM_2WORD=1.0818905138876289e-05|NORM_3PLUS=1.6042433799157152e-06
at	O=0.9999765157699585|NORM_2WORD=1.0240177289233543e-05|NORM_1WORD=1.0097582162416074e-05|NORM_3PLUS=1.9306082776893163e-06
croke	O=0.999977707862854|NORM_1WORD=1.1259138773311861e-05|NORM_2WORD=7.582804300909629e-06|NORM_3PLUS=2.244786401206511e-06
park	O=0.9999767541885376|NORM_1WORD=1.2104583220207132e-05|NORM_2WORD=7.932922017062083e-06|NORM_3PLUS=1.8979604874402867e-06
,	O=0.9999841451644897|NORM_2WORD=7.234857093862956e-06|NORM_1WORD=4.915217232337454e-06|NORM_3PLUS=2.1821483642270323e-06
dublin	O=0.999948263168335|NORM_1WORD=3.1135579774854705e-05|NORM_2WORD=1.6288249753415585e-05|NORM_3PLUS=2.7818007310997928e-06
!	O=0.999980092048645|NORM_2WORD=8.44657733978238e-06|NORM_1WORD=6.358705832099076e-06|NORM_3PLUS=2.3264135506906314e-06
#2	O=0.9999802112579346|NORM_1WORD=1.090128625946818e-05|NORM_2WORD=5.267231244943105e-06|NORM_3PLUS=1.7384945749654435e-06
http://t.co/sry0cugc7e	O=0.9999897480010986|NORM_2WORD=4.9506634240970016e-06|NORM_1WORD=2.746961172306328e-06|NORM_3PLUS=1.7254773183594807e-06

tyneteeswear	O=0.9999297857284546|NORM_2WORD=3.482206375338137e-05|NORM_1WORD=2.9478564101736993e-05|NORM_3PLUS=4.215525223116856e-06
news	O=0.9999791383743286|NORM_1WORD=1.1006070963048842e-05|NORM_2WORD=6.4937485149130225e-06|NORM_3PLUS=1.7961845060199266e-06
:	O=0.9999856948852539|NORM_2WORD=5.811633855046239e-06|NORM_1WORD=3.900805040757405e-06|NORM_3PLUS=2.043558879449847e-06
technip	O=0.9999566078186035|NORM_2WORD=2.117617623298429e-05|NORM_1WORD=1.906609395518899e-05|NORM_3PLUS=2.158373717975337e-06
safeguards	O=0.9999474287033081|NORM_2WORD=2.4210705305449665e-05|NORM_1WORD=2.2243408238864504e-05|NORM_3PLUS=3.4200361369585153e-06
hundreds	O=0.9999148845672607|NORM_2WORD=5.400065128924325e-05|NORM_1WORD=2.2583024474442936e-05|NORM_3PLUS=4.435408754943637e-06
of	O=0.9999639987945557|NORM_1WORD=1.629210964892991e-05|NORM_2WORD=1.3255071280582342e-05|NORM_3PLUS=3.1234703783411533e-06
tyneside	O=0.9999579191207886|NORM_1WORD=2.547990152379498e-05|NORM_2WORD=1.226769200002309e-05|NORM_3PLUS=2.107216232616338e-06
jobs	O=0.9999563694000244|NORM_1WORD=2.5075241865124553e-05|NORM_2WORD=1.2821502423321363e-05|NORM_3PLUS=3.086692458964535e-06
with	O=0.9999805688858032|NORM_2WORD=7.843731509638019e-06|NORM_1WORD=6.8132126216369215e-06|NORM_3PLUS=2.3817292458261363e-06
world	O=0.9999830722808838|NORM_1WORD=7.080199793563224e-06|NORM_2WORD=6.750100055796793e-06|NORM_3PLUS=1.612618916624342e-06
leading	O=0.9999505281448364|NORM_1WORD=3.23552121699322e-05|NORM_2WORD=1.305848218180472e-05|NORM_3PLUS=2.4126616153807845e-06
cables	O=0.9999382495880127|NORM_2WORD=3.441755325184204e-05|NORM_1WORD=2.2647911464446224e-05|NORM_3PLUS=2.9848677058907924e-06
...	O=0.9999746084213257|NORM_2WORD=1.1305327461741399e-05|NORM_1WORD=5.707109721697634e-06|NORM_3PLUS=3.762501137316576e-06
http://t.co/0raqw7z7pl	O=0.9999884366989136|NORM_2WORD=5.3040971579321194e-06|NORM_1WORD=3.611502961575752e-06|NORM_3PLUS=1.5687990071455715e-06
#tyneside	O=0.999976396560669|NORM_2WORD=9.91215983958682e-06|NORM_1WORD=9.70760993368458e-06|NORM_3PLUS=2.0577103896357585e-06
#northeast	O=0.9999761581420898|NORM_2WORD=1.1348845873726532e-05|NORM_1WORD=7.901297067292035e-06|NORM_3PLUS=2.555981609475566e-06

mtn	O=0.9999558925628662|NORM_2WORD=3.2387706596637145e-05|NORM_1WORD=7.60937746235868e-06|NORM_3PLUS=3.134683083771961e-06
i	O=0.9999818801879883|NORM_1WORD=9.260741535399575e-06|NORM_2WORD=4.0623122004035395e-06|NORM_3PLUS=2.9200386961747427e-06
need	O=0.9999867677688599|NORM_1WORD=6.473943358287215e-06|NORM_2WORD=3.5552041026676307e-06|NORM_3PLUS=1.7389620552421547e-06
automatic	O=0.9999828338623047|NORM_1WORD=9.111455256061163e-06|NORM_2WORD=4.573416845232714e-06|NORM_3PLUS=2.249928684250335e-06
configuration	O=0.9999749660491943|NORM_1WORD=1.7658063370618038e-05|NORM_2WORD=3.998118245363003e-06|NORM_3PLUS=1.905418230307987e-06
on	O=0.9999885559082031|NORM_1WORD=5.059367140347604e-06|NORM_2WORD=3.908126018359326e-06|NORM_3PLUS=1.5494047147512902e-06
my	O=0.999984860420227|NORM_1WORD=6.0813126765424386e-06|NORM_2WORD=5.47953504792531e-06|NORM_3PLUS=2.1324258341337554e-06
fone	NORM_1WORD=0.9665205478668213|O=0.031996067613363266|NORM_2WORD=0.001118145533837378|NORM_3PLUS=0.00029522404656745493
(	O=0.9999822378158569|NORM_2WORD=7.46166233511758e-06|NORM_1WORD=5.700794190488523e-06|NORM_3PLUS=2.865727537937346e-06
08135627853	O=0.9999769926071167|NORM_2WORD=1.1234333214815706e-05|NORM_1WORD=8.859941772243474e-06|NORM_3PLUS=2.0686300103989197e-06
)	O=0.9999887943267822|NORM_1WORD=4.263032678863965e-06|NORM_2WORD=3.4497156775614712e-06|NORM_3PLUS=1.7785731643016334e-06
my	O=0.9999830722808838|NORM_1WORD=7.73164356360212e-06|NORM_2WORD=4.857164640270639e-06|NORM_3PLUS=2.2987885586189805e-06
fone	NORM_1WORD=0.9975074529647827|O=0.0021235442254692316|NORM_2WORD=0.0002253612328786403|NORM_3PLUS=0.00011746359814424068
is	O=0.9999847412109375|NORM_1WORD=8.084436558419839e-06|NORM_2WORD=4.752083441417199e-06|NORM_3PLUS=1.5926062815196929e-06
htc	O=0.9999393224716187|NORM_2WORD=3.186678441124968e-05|NORM_1WORD=2.4053073502727784e-05|NORM_3PLUS=3.2204850413108943e-06
desire	O=0.9996824264526367|NORM_1WORD=0.0002942009596154094|NORM_2WORD=1.93264422705397e-05|NORM_3PLUS=2.9995117074577138e-06
hd	O=0.9999819993972778|NORM_1WORD=1.0227038728771731e-05|NORM_2WORD=5.036198217567289e-06|NORM_3PLUS=1.669327161835099e-06
a9191	O=0.9999871253967285|NORM_2WORD=5.55361066290061e-06|NORM_1WORD=4.617225386027712e-06|NORM_3PLUS=1.7946424577530706e-06

@123darkness	O=0.9999852180480957|NORM_2WORD=9.162400601780973e-06|NORM_1WORD=2.8485756047302857e-06|NORM_3PLUS=1.6407628891101922e-06
bruh	NORM_1WORD=0.9999558925628662|O=2.394397961325012e-05|NORM_2WORD=7.977030691108666e-06|NORM_3PLUS=7.266071861522505e-06
u	NORM_1WORD=0.999957799911499|O=1.6720039639039896e-05|NORM_3PLUS=1.187224916066043e-05|NORM_2WORD=6.517583187815035e-06
gon	NORM_1WORD=0.9999264478683472|O=4.1767612856347114e-05|NORM_2WORD=1.3249215044197626e-05|NORM_3PLUS=1.1537010323081631e-05
have	O=0.9999825954437256|NORM_2WORD=8.071547199506313e-06|NORM_1WORD=5.973659426672384e-06|NORM_3PLUS=2.006619979511015e-06
to	O=0.999984860420227|NORM_2WORD=7.544470008724602e-06|NORM_1WORD=4.0860718399926554e-06|NORM_3PLUS=2.0201575807732297e-06
stop	O=0.9999589920043945|NORM_1WORD=1.9567520212149248e-05|NORM_2WORD=1.2069406693626661e-05|NORM_3PLUS=4.2018691601697356e-06
giving	O=0.9999630451202393|NORM_1WORD=1.6505377061548643e-05|NORM_2WORD=1.5154968423303217e-05|NORM_3PLUS=2.5844569790933747e-06
these	O=0.9999645948410034|NORM_1WORD=2.123679587384686e-05|NORM_2WORD=1.1257424375799019e-05|NORM_3PLUS=1.5003988664830104e-06
niggas	NORM_1WORD=0.9999421834945679|O=3.2572275813436136e-05|NORM_2WORD=1.0672448297555093e-05|NORM_3PLUS=8.518454706063494e-06
the	O=0.9999644756317139|NORM_2WORD=1.6854713976499625e-05|NORM_1WORD=1.2504925507528242e-05|NORM_3PLUS=3.3942753816518234e-06
stank	O=0.9999639987945557|NORM_1WORD=1.952422462636605e-05|NORM_2WORD=1.3476089407049585e-05|NORM_3PLUS=1.7176163282783818e-06
water	O=0.9999648332595825|NORM_1WORD=2.205192686233204e-05|NORM_2WORD=8.997527402243577e-06|NORM_3PLUS=2.0613988453987986e-06
scents	O=0.9999291896820068|NORM_1WORD=4.510172220761888e-05|NORM_2WORD=2.059074722637888e-05|NORM_3PLUS=2.6890725166595075e-06
!	O=0.9999818801879883|NORM_2WORD=5.962192517472431e-06|NORM_1WORD=5.473402779898606e-06|NORM_3PLUS=2.614978484416497e-06
if	O=0.9999867677688599|NORM_2WORD=5.1296892706886865e-06|NORM_1WORD=4.859351065533701e-06|NORM_3PLUS=1.608500838301552e-06
hey	NORM_1WORD=0.9879909157752991|O=0.011826845817267895|NORM_2WORD=0.00012581089686136693|NORM_3PLUS=3.652489249361679e-05
ain't	O=0.9999655485153198|NORM_1WORD=1.7538453903398477e-05|NORM_2WORD=1.1696483852574602e-05|NORM_3PLUS=2.806765451168758e-06
up	O=0.9999558925628662|NORM_1WORD=3.181380816386081e-05|NORM_2WORD=7.688940968364477e-06|NORM_3PLUS=2.4246389784821076e-06
on	O=0.9999815225601196|NORM_1WORD=8.297084605146665e-06|NORM_2WORD=6.635484169237316e-06|NORM_3PLUS=1.92139941646019e-06
game	O=0.9999796152114868|NORM_1WORD=9.634080925025046e-06|NORM_2WORD=6.266822310863063e-06|NORM_3PLUS=2.2499129954667296e-06
let	O=0.9999617338180542|NORM_1WORD=2.601202686491888e-05|NORM_2WORD=6.823071089456789e-06|NORM_3PLUS=2.6502800665184623e-06
em	NORM_1WORD=0.9999275207519531|O=5.109433550387621e-05|NORM_2WORD=8.86541874933755e-06|NORM_3PLUS=7.104005817382131e-06
suffer	O=0.9999659061431885|NORM_1WORD=2.0289302483433858e-05|NORM_2WORD=6.430422217817977e-06|NORM_3PLUS=3.2162492971110623e-06
!	O=0.9999833106994629|NORM_2WORD=5.46529963685316e-06|NORM_1WORD=5.031802629673621e-06|NORM_3PLUS=2.5494098281342303e-06

@maryamnsharif	O=0.9999818801879883|NORM_1WORD=6.61453577777138e-06|NORM_2WORD=6.594047590624541e-06|NORM_3PLUS=2.7539692837308394e-06
corrupt&dhandli	O=0.9999803304672241|NORM_1WORD=9.534051059745252e-06|NORM_2WORD=6.399625817721244e-06|NORM_3PLUS=1.6965876739050145e-06
wali	O=0.9999866485595703|NORM_1WORD=7.2300745159736834e-06|NORM_2WORD=3.7278334730217466e-06|NORM_3PLUS=1.2689604318438796e-06
jamhooriyat	O=0.9999724626541138|NORM_1WORD=1.901912401081063e-05|NORM_2WORD=6.319742169580422e-06|NORM_3PLUS=1.235220224771183e-06
cant	NORM_1WORD=0.9998362064361572|O=0.00011337354953866452|NORM_2WORD=3.1373150704894215e-05|NORM_3PLUS=1.3157013199815992e-05
dare	O=0.9999638795852661|NORM_1WORD=2.3976550437510014e-05|NORM_2WORD=6.870202014397364e-06|NORM_3PLUS=2.614178356452612e-06
2	NORM_1WORD=0.9970136880874634|NORM_3PLUS=0.0012263505486771464|NORM_2WORD=0.001096903346478939|O=0.0006312995101325214
resolve	O=0.9999431371688843|NORM_1WORD=3.131439007120207e-05|NORM_2WORD=1.2599488400155678e-05|NORM_3PLUS=5.291196430334821e-06
the	O=0.999977707862854|NORM_1WORD=1.011483709589811e-05|NORM_2WORD=6.869629032735247e-06|NORM_3PLUS=2.3565871742903255e-06
issue	O=0.9999707937240601|NORM_1WORD=1.736648118821904e-05|NORM_2WORD=5.774988949269755e-06|NORM_3PLUS=2.677689053598442e-06
.	O=0.9999898672103882|NORM_1WORD=3.6857604754914064e-06|NORM_2WORD=3.177142389176879e-06|NORM_3PLUS=1.5828677533136215e-06
jali	O=0.9999816417694092|NORM_1WORD=9.110784958465956e-06|NORM_2WORD=5.274275736155687e-06|NORM_3PLUS=1.925301148730796e-06
jamhooriyat	O=0.9999721050262451|NORM_1WORD=1.9125156541122124e-05|NORM_2WORD=6.458222287619719e-06|NORM_3PLUS=1.1751027386708301e-06
na	O=0.9999885559082031|NORM_1WORD=7.190262294898275e-06|NORM_2WORD=2.5751046450750437e-06|NORM_3PLUS=8.454550766145985e-07
manzoor	O=0.9999755620956421|NORM_1WORD=1.6324927855748683e-05|NORM_2WORD=5.140542270964943e-06|NORM_3PLUS=1.4952898936826386e-06
.	O=0.9999909400939941|NORM_1WORD=3.0801238608546555e-06|NORM_2WORD=2.977831400130526e-06|NORM_3PLUS=1.4391958984560915e-06
nawaz	O=0.9999741315841675|NORM_1WORD=1.2841910574934445e-05|NORM_2WORD=7.778819963277783e-06|NORM_3PLUS=3.1171873615676304e-06
dhandli	O=0.999985933303833|NORM_1WORD=5.75037847738713e-06|NORM_2WORD=4.858855845668586e-06|NORM_3PLUS=1.6368990145565476e-06
sharif	O=0.9999899864196777|NORM_2WORD=3.953776740672765e-06|NORM_1WORD=3.3925789466593415e-06|NORM_3PLUS=1.3846683941665106e-06
na	O=0.9999890327453613|NORM_1WORD=6.41339738649549e-06|NORM_2WORD=2.672171376616461e-06|NORM_3PLUS=1.0240124765914516e-06
manzoor	O=0.9999788999557495|NORM_1WORD=1.2358380445220973e-05|NORM_2WORD=4.997843916498823e-06|NORM_3PLUS=1.8391809817330795e-06

uhh	O=0.9599665403366089|NORM_1WORD=0.03958182781934738|NORM_2WORD=0.00041977822547778487|NORM_3PLUS=2.437660441501066e-05
the	O=0.99997878074646|NORM_2WORD=1.3190801837481558e-05|NORM_1WORD=4.354144039098173e-06|NORM_3PLUS=2.021359250647947e-06
struggles	O=0.999966025352478|NORM_2WORD=2.2130641809781082e-05|NORM_1WORD=8.05376566859195e-06|NORM_3PLUS=1.90944683708949e-06
of	O=0.9999853372573853|NORM_2WORD=6.2562048697145656e-06|NORM_1WORD=6.030280019331258e-06|NORM_3PLUS=1.0504279543965822e-06
life	O=0.9999794960021973|NORM_2WORD=1.1219629413972143e-05|NORM_1WORD=6.00712974119233e-06|NORM_3PLUS=1.7763649111657287e-06
,	O=0.9999809265136719|NORM_2WORD=1.0917305189650506e-05|NORM_1WORD=3.813289595200331e-06|NORM_3PLUS=2.334071268705884e-06
everyone	O=0.9999784231185913|NORM_2WORD=1.2788056665158365e-05|NORM_1WORD=5.664808668370824e-06|NORM_3PLUS=1.9205963326385245e-06
tryna	NORM_2WORD=0.9991768002510071|NORM_3PLUS=0.0004575373895931989|O=0.00023660087026655674|NORM_1WORD=7.925060344859958e-05
get	O=0.9999865293502808|NORM_2WORD=7.1389613367500715e-06|NORM_1WORD=4.359757895144867e-06|NORM_3PLUS=1.1170941434102133e-06
summer	O=0.9999786615371704|NORM_1WORD=1.0633489182509948e-05|NORM_2WORD=8.496729606122244e-06|NORM_3PLUS=1.2140716307840194e-06
time	O=0.9999692440032959|NORM_2WORD=1.5125723621167708e-05|NORM_1WORD=1.2857826732215472e-05|NORM_3PLUS=1.2699177887043334e-06
fine	O=0.9999790191650391|NORM_2WORD=1.1620026270975359e-05|NORM_1WORD=7.099962203938048e-06|NORM_3PLUS=1.3911680980527308e-06
.	O=0.9999830722808838|NORM_2WORD=8.75388468557503e-06|NORM_1WORD=3.102271421084879e-06|NORM_3PLUS=3.0573046387871727e-06
#storyofmylife	O=0.9999750852584839|NORM_2WORD=1.8469931092113256e-05|NORM_1WORD=2.720711336223758e-06|NORM_3PLUS=2.3526442873844644e-06
http://t.co/vvioqwu0gz	O=0.9999842643737793|NORM_2WORD=8.004119990800973e-06|NORM_1WORD=4.599404746841174e-06|NORM_3PLUS=1.917441295518074e-06

them	O=0.999784529209137|NORM_2WORD=9.81188568403013e-05|NORM_1WORD=9.082684846362099e-05|NORM_3PLUS=2.2095984604675323e-05
jiggas	NORM_1WORD=0.9998939037322998|O=8.174393587978557e-05|NORM_2WORD=1.3013671377848368e-05|NORM_3PLUS=7.479054602299584e-06
made	O=0.999971866607666|NORM_2WORD=1.0256813766318373e-05|NORM_1WORD=1.0084660061693285e-05|NORM_3PLUS=3.7727306789747672e-06
me	O=0.9999884366989136|NORM_2WORD=4.050756160722813e-06|NORM_1WORD=3.305576001366717e-06|NORM_3PLUS=2.1137736894161208e-06
do	O=0.9999759197235107|NORM_1WORD=1.678740227362141e-05|NORM_2WORD=4.06135814046138e-06|NORM_3PLUS=1.5239451158777229e-06
it	O=0.9999856948852539|NORM_1WORD=7.866200576245319e-06|NORM_2WORD=4.071046078024665e-06|NORM_3PLUS=1.260393673874205e-06
..	O=0.9999775886535645|NORM_2WORD=6.807470526837278e-06|NORM_1WORD=6.75719320497592e-06|NORM_3PLUS=4.333669494371861e-06
(	O=0.9999752044677734|NORM_2WORD=1.1263643500569742e-05|NORM_1WORD=6.331179065455217e-06|NORM_3PLUS=3.9808801375329494e-06
boosie	O=0.999962568283081|NORM_1WORD=2.2866315703140572e-05|NORM_2WORD=1.2203664482512977e-05|NORM_3PLUS=1.8744700582828955e-06
voice	O=0.9999759197235107|NORM_1WORD=1.0308692253602203e-05|NORM_2WORD=9.990792023018003e-06|NORM_3PLUS=2.40206099988427e-06
)	O=0.9999866485595703|NORM_2WORD=5.049466381024104e-06|NORM_1WORD=4.500005616137059e-06|NORM_3PLUS=1.8685467466639238e-06

rt	O=0.9999793767929077|NORM_2WORD=8.910524229577277e-06|NORM_1WORD=7.76178694650298e-06|NORM_3PLUS=2.159992163797142e-06
@crooz	O=0.9999821186065674|NORM_1WORD=7.586671472381568e-06|NORM_2WORD=6.066321930120466e-06|NORM_3PLUS=2.5052809178305324e-06
:	O=0.9999867677688599|NORM_2WORD=5.179732397664338e-06|NORM_1WORD=3.849900167551823e-06|NORM_3PLUS=1.9702952158695552e-06
big	O=0.9999828338623047|NORM_2WORD=6.919392035342753e-06|NORM_1WORD=5.847057309438242e-06|NORM_3PLUS=2.446223334118258e-06
shout	O=0.9999719858169556|NORM_1WORD=1.7323362044407986e-05|NORM_2WORD=8.694118150742725e-06|NORM_3PLUS=1.2844069487982779e-06
jam	O=0.9999687671661377|NORM_2WORD=1.4223721336747985e-05|NORM_1WORD=1.2960334970557597e-05|NORM_3PLUS=2.35313200391829e-06
-	O=0.9999837875366211|NORM_2WORD=6.801237759646028e-06|NORM_1WORD=4.922810148855206e-06|NORM_3PLUS=2.3391587546939263e-06
hip	O=0.9999719858169556|NORM_1WORD=2.003180816245731e-05|NORM_2WORD=5.199045972403837e-06|NORM_3PLUS=1.3465783013089094e-06
hop	O=0.999954104423523|NORM_1WORD=3.0089073334238492e-05|NORM_2WORD=1.1862256542372052e-05|NORM_3PLUS=2.1089811070851283e-06
night	O=0.9999840259552002|NORM_1WORD=7.236947112687631e-06|NORM_2WORD=6.589145868929336e-06|NORM_3PLUS=1.2957262924828683e-06
live	O=0.9999644756317139|NORM_1WORD=1.7171660147141665e-05|NORM_2WORD=1.0430117981741205e-05|NORM_3PLUS=4.124040970054921e-06
at	O=0.9999885559082031|NORM_1WORD=5.201815383770736e-06|NORM_2WORD=4.497684585658135e-06|NORM_3PLUS=9.728966006150586e-07
crooz	O=0.9999805688858032|NORM_1WORD=1.0497795301489532e-05|NORM_2WORD=6.2420385802397504e-06|NORM_3PLUS=1.6768589148341562e-06
stage	O=0.9999701976776123|NORM_1WORD=1.7877595382742584e-05|NORM_2WORD=9.91167235042667e-06|NORM_3PLUS=1.2571929346449906e-06
jakcloth	O=0.9999622106552124|NORM_1WORD=2.4025654056458734e-05|NORM_2WORD=1.1783448826463427e-05|NORM_3PLUS=1.1332058420521207e-06
14	O=0.9999840259552002|NORM_1WORD=1.0805646525113843e-05|NORM_2WORD=3.2595748962194193e-06|NORM_3PLUS=9.895852599584032e-07
.	O=0.9999898672103882|NORM_2WORD=4.378426638140809e-06|NORM_1WORD=3.628822014434263e-06|NORM_3PLUS=1.2719524420390371e-06
kamis	O=0.999980092048645|NORM_1WORD=1.0047438081528526e-05|NORM_2WORD=8.066447662713472e-06|NORM_3PLUS=1.0791191016323864e-06
29	O=0.9999850988388062|NORM_1WORD=9.380663868796546e-06|NORM_2WORD=3.094470912401448e-06|NORM_3PLUS=1.077978708963201e-06
may	O=0.9999865293502808|NORM_1WORD=7.3590254032751545e-06|NORM_2WORD=3.787260084209265e-06|NORM_3PLUS=1.1719993153747055e-06
2014	O=0.9999871253967285|NORM_1WORD=7.338152499869466e-06|NORM_2WORD=3.2858990834938595e-06|NORM_3PLUS=1.2272373624000465e-06
.	O=0.9999910593032837|NORM_2WORD=3.574345555534819e-06|NORM_1WORD=2.9204638849478215e-06|NORM_3PLUS=1.4044139788893517e-06
merapaaaat	O=0.9999525547027588|NORM_1WORD=2.857936851796694e-05|NORM_2WORD=1.3652831512445118e-05|NORM_3PLUS=3.38027666657581e-06
!!!	O=0.9999896287918091|NORM_1WORD=4.2426395339134615e-06|NORM_2WORD=3.076934262935538e-06|NORM_3PLUS=1.4177004459270393e-06
wohooo	O=0.9999163150787354|NORM_1WORD=5.714665894629434e-05|NORM_2WORD=2.1687281332560815e-05|NORM_3PLUS=3.3132844237115933e-06
:d	O=0.9999727010726929|NORM_2WORD=1.2226329090481158e-05|NORM_1WORD=1.0768223546619993e-05|NORM_3PLUS=2.536159627197776e-06
http://t.co/pnesslrrtj	O=0.9999871253967285|NORM_2WORD=7.616381481057033e-06|NORM_3PLUS=2.187023710575886e-06|NORM_1WORD=1.8583896235213615e-06

rt	O=0.9999853372573853|NORM_2WORD=7.153304977691732e-06|NORM_1WORD=3.734952542799874e-06|NORM_3PLUS=2.0096647403988754e-06
@justinbieber	O=0.9999905824661255|NORM_2WORD=3.689311597554479e-06|NORM_1WORD=2.705472070374526e-06|NORM_3PLUS=1.6041885828599334e-06
:	O=0.9999885559082031|NORM_2WORD=4.388831257529091e-06|NORM_1WORD=3.3910826005012495e-06|NORM_3PLUS=1.5723760498076444e-06
and	O=0.9999901056289673|NORM_2WORD=4.116354375582887e-06|NORM_1WORD=2.3017289549898123e-06|NORM_3PLUS=1.940958100021817e-06
haterz	NORM_1WORD=0.9992648959159851|O=0.00037259404780343175|NORM_2WORD=0.0003267641586717218|NORM_3PLUS=3.162782741128467e-05
....	O=0.9999727010726929|NORM_2WORD=1.5795358194736764e-05|NORM_3PLUS=5.5695695664326195e-06|NORM_1WORD=2.91804940388829e-06
i	O=0.9999876022338867|NORM_1WORD=4.395708401716547e-06|NORM_2WORD=4.1063185562961735e-06|NORM_3PLUS=1.924824118759716e-06
love	O=0.9999874830245972|NORM_2WORD=4.590213393385056e-06|NORM_1WORD=4.493324013310485e-06|NORM_3PLUS=1.5944085589580936e-06
u	NORM_1WORD=0.9999561309814453|NORM_3PLUS=1.4853058019070886e-05|O=1.3382006727624685e-05|NORM_2WORD=9.265971129934769e-06
too	O=0.9999834299087524|NORM_1WORD=7.5917264439340215e-06|NORM_2WORD=5.948877969785826e-06|NORM_3PLUS=1.5756479569972726e-06
.	O=0.9999821186065674|NORM_2WORD=7.4299914558650926e-06|NORM_1WORD=3.815134732576553e-06|NORM_3PLUS=3.7042425446998095e-06
;)	O=0.9999874830245972|NORM_2WORD=4.115908268431667e-06|NORM_1WORD=3.5208752251492115e-06|NORM_3PLUS=2.4086814391921507e-06

on	O=0.9999637603759766|NORM_2WORD=1.853196954471059e-05|NORM_3PLUS=7.095014552760404e-06|NORM_1WORD=6.8120193645881955e-06
sale	O=0.9999692440032959|NORM_2WORD=1.7450674931751564e-05|NORM_1WORD=6.217668214958394e-06|NORM_3PLUS=4.611862095771357e-06
this	O=0.9999803304672241|NORM_2WORD=1.1279147656750865e-05|NORM_1WORD=3.2137904781848192e-06|NORM_3PLUS=2.8902923077112064e-06
weekend	O=0.9999818801879883|NORM_2WORD=9.778373168956023e-06|NORM_1WORD=4.4558023546414915e-06|NORM_3PLUS=2.442374807287706e-06
.	O=0.9999788999557495|NORM_2WORD=1.1125326636829413e-05|NORM_3PLUS=3.974662377004279e-06|NORM_1WORD=3.894214387401007e-06
just	O=0.9999833106994629|NORM_2WORD=8.410104783251882e-06|NORM_1WORD=4.17381079387269e-06|NORM_3PLUS=2.2076983441365883e-06
99c	O=0.9991660118103027|NORM_2WORD=0.0007664264994673431|NORM_1WORD=3.685441333800554e-05|NORM_3PLUS=2.438289811834693e-05
.	O=0.9999804496765137|NORM_2WORD=1.0878409739234485e-05|NORM_3PLUS=3.5419022879068507e-06|NORM_1WORD=3.490477183731855e-06
<3	O=0.9999866485595703|NORM_2WORD=6.677689725620439e-06|NORM_1WORD=2.9849525162717327e-06|NORM_3PLUS=2.27513942263613e-06
~	O=0.9999850988388062|NORM_2WORD=6.298907010204857e-06|NORM_1WORD=3.545034815033432e-06|NORM_3PLUS=2.560459506639745e-06
bex	O=0.9999836683273315|NORM_2WORD=8.16393549030181e-06|NORM_1WORD=4.982771770301042e-06|NORM_3PLUS=1.924225443872274e-06
paladin	O=0.9999703168869019|NORM_2WORD=1.710673859633971e-05|NORM_1WORD=8.271923434222117e-06|NORM_3PLUS=2.730258074734593e-06
amazon	O=0.9999860525131226|NORM_2WORD=8.432156391791068e-06|NORM_1WORD=2.170767629650072e-06|NORM_3PLUS=2.117531494150171e-06
:	O=0.9999868869781494|NORM_2WORD=6.748799933120608e-06|NORM_1WORD=2.4578084776294418e-06|NORM_3PLUS=2.1679247765860055e-06
http://t.co/qm52vhxscc	O=0.9999805688858032|NORM_2WORD=1.172262454929296e-05|NORM_1WORD=3.85015528081567e-06|NORM_3PLUS=2.313345930815558e-06
smashwords	O=0.9994775652885437|NORM_2WORD=0.00046470644883811474|NORM_3PLUS=2.4806131477816962e-05|NORM_1WORD=2.33609043789329e-05
:	O=0.9999785423278809|NORM_2WORD=1.1285733307886403e-05|NORM_1WORD=4.077307494299021e-06|NORM_3PLUS=3.2622067465126747e-06
...	O=0.999940037727356|NORM_2WORD=3.4453769330866635e-05|NORM_3PLUS=9.301918908022344e-06|NORM_1WORD=6.188901807036018e-06
http://t.co/tyz35iih2g	O=0.9999843835830688|NORM_2WORD=9.5631112344563e-06|NORM_1WORD=2.5522904252284206e-06|NORM_3PLUS=2.2966987671679817e-06

gmorning	O=0.9893263578414917|NORM_2WORD=0.006252707447856665|NORM_1WORD=0.004298927262425423|NORM_3PLUS=0.00010455578012624756
sayang	O=0.9996160268783569|NORM_1WORD=0.00019725238962564617|NORM_2WORD=0.0001715275866445154|NORM_3PLUS=1.184480879601324e-05
:	O=0.9999837875366211|NORM_2WORD=7.5975299296260346e-06|NORM_1WORD=4.245156560500618e-06|NORM_3PLUS=2.147181703548995e-06
"	O=0.9999878406524658|NORM_2WORD=4.50145762442844e-06|NORM_1WORD=3.963285507779801e-06|NORM_3PLUS=1.716416022645717e-06
have	O=0.9999880790710449|NORM_2WORD=4.777833055413794e-06|NORM_1WORD=4.752646873384947e-06|NORM_3PLUS=1.0830227665792336e-06
a	O=0.9999841451644897|NORM_2WORD=8.82509266375564e-06|NORM_1WORD=4.454491318028886e-06|NORM_3PLUS=1.2086002243449911e-06
nice	O=0.9999854564666748|NORM_1WORD=5.6486264838895295e-06|NORM_2WORD=5.467276423587464e-06|NORM_3PLUS=1.2974232959095389e-06
day	O=0.9999873638153076|NORM_2WORD=5.554888957703952e-06|NORM_1WORD=4.80051539852866e-06|NORM_3PLUS=1.1468857792351628e-06
hon	O=0.996601939201355|NORM_1WORD=0.0030592242255806923|NORM_2WORD=0.00030635116854682565|NORM_3PLUS=2.4984214178402908e-05
:	O=0.999981164932251|NORM_2WORD=8.9628101704875e-06|NORM_1WORD=6.026431037753355e-06|NORM_3PLUS=2.032432576015708e-06
"	O=0.9999891519546509|NORM_2WORD=4.820857157028513e-06|NORM_1WORD=2.208400019299006e-06|NORM_3PLUS=1.9053399000767968e-06
@bangmoim	O=0.9999840259552002|NORM_2WORD=8.817789421300404e-06|NORM_1WORD=3.3101132430601865e-06|NORM_3PLUS=2.2590713797399076e-06

rt	O=0.9999806880950928|NORM_2WORD=9.453996426600497e-06|NORM_1WORD=5.028709438192891e-06|NORM_3PLUS=2.653223418747075e-06
@knockknock0408	O=0.9999860525131226|NORM_2WORD=6.628279606957221e-06|NORM_1WORD=3.438597559579648e-06|NORM_3PLUS=2.530042820581002e-06
:	O=0.9999880790710449|NORM_2WORD=5.15321153216064e-06|NORM_1WORD=2.827256821547053e-06|NORM_3PLUS=2.104393843183061e-06
[	O=0.9999890327453613|NORM_2WORD=5.518343186849961e-06|NORM_1WORD=2.4270095764222788e-06|NORM_3PLUS=1.5691008456997224e-06
dl	O=0.9999799728393555|NORM_1WORD=1.1448015357018448e-05|NORM_2WORD=6.347386715788161e-06|NORM_3PLUS=1.20277468340646e-06
]	O=0.9999889135360718|NORM_2WORD=5.569468157773372e-06|NORM_1WORD=2.273452764711692e-06|NORM_3PLUS=1.566064270264178e-06
140523-140525	O=0.9999884366989136|NORM_2WORD=4.961315426044166e-06|NORM_1WORD=3.5497723729349673e-06|NORM_3PLUS=1.8012324289884418e-06
kai	O=0.99998939037323|NORM_1WORD=4.310724307288183e-06|NORM_2WORD=3.87309592042584e-06|NORM_3PLUS=1.409986225553439e-06
cr	O=0.9999853372573853|NORM_1WORD=7.073069355101325e-06|NORM_2WORD=5.0348994591331575e-06|NORM_3PLUS=1.4266621519709588e-06
.	O=0.9999868869781494|NORM_2WORD=5.913725544814952e-06|NORM_1WORD=3.062744553972152e-06|NORM_3PLUS=2.6339557734900154e-06
mpst_96p	O=0.999971866607666|NORM_2WORD=2.135749309672974e-05|NORM_1WORD=3.7513370898523135e-06|NORM_3PLUS=2.218449481006246e-06
link	O=0.9999854564666748|NORM_2WORD=6.136574938864214e-06|NORM_1WORD=5.5657483244431205e-06|NORM_3PLUS=1.8429574311085162e-06
>>	O=0.9999752044677734|NORM_2WORD=1.2640162822208367e-05|NORM_1WORD=5.041685653850436e-06|NORM_3PLUS=4.410426754475338e-06
http://t.co/ldbi0yvcpv	O=0.9999898672103882|NORM_2WORD=4.835659638047218e-06|NORM_1WORD=2.8547676720336312e-06|NORM_3PLUS=1.3875473996449728e-06
http://t.co/md5fvw979b	O=0.9999842643737793|NORM_2WORD=9.319326636614278e-06|NORM_3PLUS=2.675782297956175e-06|NORM_1WORD=2.334731561859371e-06

@anduweiii69	O=0.9999815225601196|NORM_2WORD=9.319033779320307e-06|NORM_3PLUS=4.526400971371913e-06|NORM_1WORD=1.8395821825833991e-06
joke	O=0.9999847412109375|NORM_2WORD=6.779666364309378e-06|NORM_1WORD=5.253794824966462e-06|NORM_3PLUS=1.730664848764718e-06
lang	O=0.9999831914901733|NORM_1WORD=8.122346116579138e-06|NORM_2WORD=6.466281320172129e-06|NORM_3PLUS=1.3134152823113254e-06
hahahahahaha	O=0.9999735355377197|NORM_1WORD=1.189843715110328e-05|NORM_2WORD=8.456153409497347e-06|NORM_3PLUS=2.7887613214261364e-06
chill	O=0.9999792575836182|NORM_1WORD=1.0568367542873602e-05|NORM_2WORD=6.240803941182094e-06|NORM_3PLUS=2.4291368845297256e-06
aso	O=0.9999525547027588|NORM_2WORD=3.395745443413034e-05|NORM_1WORD=6.428434971894603e-06|NORM_3PLUS=5.225717359280679e-06
lang	O=0.9999850988388062|NORM_1WORD=5.859038537892047e-06|NORM_2WORD=5.653264906868571e-06|NORM_3PLUS=1.9219614841858856e-06
yan	O=0.9999840259552002|NORM_2WORD=7.852029739296995e-06|NORM_1WORD=5.6181143008871e-06|NORM_3PLUS=1.4081417702982435e-06
andrei	O=0.9999877214431763|NORM_2WORD=6.66265941617894e-06|NORM_1WORD=3.122740281469305e-06|NORM_3PLUS=1.6701441154509666e-06
aso	O=0.9999735355377197|NORM_2WORD=1.4846390513412189e-05|NORM_1WORD=6.394036518031498e-06|NORM_3PLUS=3.501314722598181e-06
lang	O=0.9999822378158569|NORM_1WORD=7.58005535317352e-06|NORM_2WORD=6.171268978505395e-06|NORM_3PLUS=2.2312030978355324e-06
yan	O=0.9999796152114868|NORM_2WORD=9.768070412974339e-06|NORM_1WORD=7.177879069786286e-06|NORM_3PLUS=1.9596150195866358e-06
t.t	O=0.999982476234436|NORM_2WORD=9.846485227171797e-06|NORM_1WORD=4.941769475408364e-06|NORM_3PLUS=1.6326870309057995e-06

nak	O=0.9988715052604675|NORM_2WORD=0.0006488338112831116|NORM_3PLUS=0.00021461705910041928|NORM_1WORD=0.00012770277680829167
nangis	O=0.9999536275863647|NORM_2WORD=2.6790157789946534e-05|NORM_1WORD=1.2733852599922102e-05|NORM_3PLUS=4.514635293162428e-06
tengok	O=0.9999384880065918|NORM_2WORD=2.8802096494473517e-05|NORM_3PLUS=1.1569090020202566e-05|NORM_1WORD=1.1365541467966978e-05
kawan	O=0.9999732971191406|NORM_2WORD=1.709640127955936e-05|NORM_1WORD=4.381963663036004e-06|NORM_3PLUS=2.9390957934083417e-06
post	O=0.9999761581420898|NORM_2WORD=1.3705349374504294e-05|NORM_1WORD=6.581300112884492e-06|NORM_3PLUS=2.084309699057485e-06
video	O=0.9999648332595825|NORM_2WORD=1.983985202969052e-05|NORM_1WORD=7.5842685873794835e-06|NORM_3PLUS=4.63499918623711e-06
concert	O=0.9999474287033081|NORM_1WORD=2.211316314060241e-05|NORM_2WORD=2.0746763766510412e-05|NORM_3PLUS=4.901788543065777e-06
arctic	O=0.999940037727356|NORM_1WORD=3.568936881492846e-05|NORM_2WORD=1.6214267816394567e-05|NORM_3PLUS=3.005083954121801e-06
monkeys	O=0.9999661445617676|NORM_2WORD=1.9617680663941428e-05|NORM_1WORD=1.0476051102159545e-05|NORM_3PLUS=1.920210252137622e-06
@username	O=0.999983549118042|NORM_2WORD=9.744503586261999e-06|NORM_1WORD=3.534978532115929e-06|NORM_3PLUS=1.7396132534486242e-06
finsbury	O=0.9999563694000244|NORM_2WORD=2.333805969101377e-05|NORM_1WORD=1.675519706623163e-05|NORM_3PLUS=2.120259068760788e-06
park	O=0.9999812841415405|NORM_2WORD=7.975354492373299e-06|NORM_1WORD=6.999950073804939e-06|NORM_3PLUS=2.0383276932989247e-06
.	O=0.9999799728393555|NORM_2WORD=9.552577466820367e-06|NORM_3PLUS=4.497024292504648e-06|NORM_1WORD=3.0347910069394857e-06

did	O=0.9999217987060547|NORM_1WORD=4.6422825107583776e-05|NORM_2WORD=1.7101016055676155e-05|NORM_3PLUS=7.842688319215085e-06
vittoria	O=0.9996781349182129|NORM_1WORD=0.0002420253586024046|NORM_2WORD=6.291393947321922e-05|NORM_3PLUS=1.164724653790472e-05
just	O=0.9999549388885498|NORM_2WORD=1.683516165940091e-05|NORM_1WORD=1.5756053471704945e-05|NORM_3PLUS=6.350758212647634e-06
say	O=0.9999558925628662|NORM_2WORD=1.842420533648692e-05|NORM_1WORD=1.327206518908497e-05|NORM_3PLUS=6.326542006718228e-06
that	O=0.9999749660491943|NORM_1WORD=1.0278104127792176e-05|NORM_2WORD=8.730936315259896e-06|NORM_3PLUS=2.9318359793251147e-06
she	O=0.9999829530715942|NORM_1WORD=7.158652351790806e-06|NORM_2WORD=6.522615876747295e-06|NORM_3PLUS=1.7196862245327793e-06
was	O=0.9999411106109619|NORM_1WORD=3.500271850498393e-05|NORM_2WORD=1.4407878552447073e-05|NORM_3PLUS=5.354613676900044e-06
her	O=0.9999558925628662|NORM_2WORD=1.8620328773977235e-05|NORM_1WORD=1.796256583475042e-05|NORM_3PLUS=3.818186542048352e-06
wcw	NORM_1WORD=0.8648731708526611|O=0.1340673565864563|NORM_2WORD=0.0009567736415192485|NORM_3PLUS=8.320497727254406e-05
hahahahahha	O=0.9999817609786987|NORM_2WORD=1.1912522495549638e-05|NORM_1WORD=3.2490586363564944e-06|NORM_3PLUS=1.9549693206499796e-06

@califxflowers	O=0.9999785423278809|NORM_2WORD=1.5253427591233049e-05|NORM_1WORD=3.652888381111552e-06|NORM_3PLUS=1.6950757526501548e-06
haha	O=0.9999850988388062|NORM_1WORD=6.0597885749302804e-06|NORM_2WORD=5.3696999202657025e-06|NORM_3PLUS=1.6812219882922363e-06
chill	O=0.9999099969863892|NORM_1WORD=7.408417877741158e-05|NORM_2WORD=1.2842763680964708e-05|NORM_3PLUS=2.1437415398395387e-06
that	O=0.9999829530715942|NORM_2WORD=8.681693543621805e-06|NORM_1WORD=5.446031082101399e-06|NORM_3PLUS=1.8338464542466681e-06
dont	NORM_1WORD=0.9999496936798096|O=2.276126542710699e-05|NORM_3PLUS=1.2116127436456736e-05|NORM_2WORD=9.760915418155491e-06
read	O=0.9999806880950928|NORM_1WORD=1.0346037925046403e-05|NORM_2WORD=6.814324478909839e-06|NORM_3PLUS=1.2134096323279664e-06
smh	O=0.9999300241470337|NORM_1WORD=3.6202804039930925e-05|NORM_2WORD=2.9083666959195398e-05|NORM_3PLUS=3.1002998639451107e-06

@shabrinaanugera	O=0.9999840259552002|NORM_2WORD=8.511600753990933e-06|NORM_3PLUS=2.907590669565252e-06|NORM_1WORD=2.7597593543760013e-06
wkwkw	O=0.9999728202819824|NORM_2WORD=1.3101109288982116e-05|NORM_1WORD=1.1540493687789422e-05|NORM_3PLUS=1.361809495392663e-06
songong	O=0.9999372959136963|NORM_2WORD=3.149804615532048e-05|NORM_1WORD=2.4938994101830758e-05|NORM_3PLUS=3.460147127043456e-06
kemaren2	O=0.9996215105056763|NORM_2WORD=0.00023605536262039095|NORM_1WORD=0.00012568829697556794|NORM_3PLUS=1.1476995496195741e-05
itu	O=0.9999572038650513|NORM_1WORD=1.7958393073058687e-05|NORM_2WORD=1.599250936124008e-05|NORM_3PLUS=4.932971478410764e-06
bkn	O=0.9932059049606323|NORM_1WORD=0.005937187932431698|NORM_2WORD=0.0007947146659716964|NORM_3PLUS=4.329909279476851e-05
jones	O=0.9999837875366211|NORM_2WORD=6.940375442354707e-06|NORM_1WORD=6.39314475847641e-06|NORM_3PLUS=1.6613843172308407e-06
ye	O=0.9999656677246094|NORM_1WORD=2.04134157684166e-05|NORM_2WORD=9.993587809731252e-06|NORM_3PLUS=2.3307904939429136e-06
tp	O=0.9963679313659668|NORM_1WORD=0.002987621584907174|NORM_2WORD=0.0005418782820925117|NORM_3PLUS=7.070272840792313e-05
single	O=0.9999810457229614|NORM_1WORD=8.108459041977767e-06|NORM_2WORD=7.177047336881515e-06|NORM_3PLUS=1.955911784534692e-06
mulia	O=0.9999666213989258|NORM_2WORD=2.639743070176337e-05|NORM_1WORD=3.7632712519553024e-06|NORM_3PLUS=2.2925701159692835e-06
bin	O=0.9999818801879883|NORM_1WORD=9.030244655150454e-06|NORM_2WORD=5.712100573873613e-06|NORM_3PLUS=2.058881818811642e-06
wkwkw	O=0.9999693632125854|NORM_1WORD=1.534192961116787e-05|NORM_2WORD=1.2701172636297997e-05|NORM_3PLUS=1.2989092965653981e-06

prateik	O=0.9999334812164307|NORM_2WORD=2.4892447981983423e-05|NORM_1WORD=2.429242704238277e-05|NORM_3PLUS=1.1388475286366884e-05
babbar	O=0.9999750852584839|NORM_2WORD=1.1084246580139734e-05|NORM_1WORD=9.79350988927763e-06|NORM_3PLUS=2.7559392492548795e-06
to	O=0.9999116659164429|NORM_2WORD=3.841650686808862e-05|NORM_1WORD=3.290889799245633e-05|NORM_3PLUS=1.0339692380512133e-05
work	O=0.9999816417694092|NORM_1WORD=8.220960808102973e-06|NORM_2WORD=5.77552009417559e-06|NORM_3PLUS=2.1429098069347674e-06
in	O=0.99996018409729|NORM_1WORD=2.0856135961366817e-05|NORM_2WORD=1.0997059689543676e-05|NORM_3PLUS=3.37985102305538e-06
a	O=0.999962568283081|NORM_2WORD=1.8398726751911454e-05|NORM_1WORD=8.305793926410843e-06|NORM_3PLUS=6.254648269532481e-06
bengali	O=0.9999508857727051|NORM_2WORD=1.9975932445959188e-05|NORM_1WORD=1.950489058799576e-05|NORM_3PLUS=4.193324457446579e-06
film	O=0.9999735355377197|NORM_1WORD=1.126392453443259e-05|NORM_2WORD=1.003299985313788e-05|NORM_3PLUS=2.6077841539517976e-06
for	O=0.9999784231185913|NORM_2WORD=8.306505151267629e-06|NORM_1WORD=8.091667041298933e-06|NORM_3PLUS=2.5279878173023462e-06
his	O=0.9999678134918213|NORM_2WORD=1.281986442336347e-05|NORM_1WORD=7.255861419253051e-06|NORM_3PLUS=5.466544280352537e-06
mom	O=0.9999419450759888|NORM_1WORD=2.8390863008098677e-05|NORM_2WORD=1.9098095435765572e-05|NORM_3PLUS=5.118288754601963e-06
-	O=0.9999551773071289|NORM_2WORD=1.9431490727583878e-05|NORM_1WORD=9.241570296580903e-06|NORM_3PLUS=8.89810598891927e-06
http://t.co/bvqb1lribh	O=0.999976396560669|NORM_1WORD=1.1552967407624237e-05|NORM_2WORD=8.216098649427295e-06|NORM_3PLUS=2.3784691620676313e-06
http://t.co/1j7e3qx0dv	O=0.9999864101409912|NORM_2WORD=6.214763743628282e-06|NORM_1WORD=4.414987415657379e-06|NORM_3PLUS=1.785741233106819e-06

#pointlessblogfollowspree	O=0.9999885559082031|NORM_2WORD=6.242469680728391e-06|NORM_1WORD=3.1710083021607716e-06|NORM_3PLUS=1.4278235767051228e-06
@pointlessblog	O=0.9999887943267822|NORM_2WORD=6.525254775624489e-06|NORM_1WORD=1.682469701336231e-06|NORM_3PLUS=1.626073071747669e-06
please	O=0.9999889135360718|NORM_1WORD=4.404871560836909e-06|NORM_2WORD=4.215903572912794e-06|NORM_3PLUS=1.4720176295668352e-06
follow	O=0.9999806880950928|NORM_1WORD=8.848726793075912e-06|NORM_2WORD=6.441816822189139e-06|NORM_3PLUS=1.9674876057251822e-06
me	O=0.9999889135360718|NORM_2WORD=5.635995876218658e-06|NORM_1WORD=3.5643915907712653e-06|NORM_3PLUS=1.1234246812819038e-06
alfie	O=0.999906063079834|NORM_2WORD=6.43604071228765e-05|NORM_1WORD=2.4805198336252943e-05|NORM_3PLUS=3.6498693134490168e-06
ily	O=0.9999802112579346|NORM_1WORD=1.1313577488181181e-05|NORM_2WORD=6.705470241286093e-06|NORM_3PLUS=1.2018393817925244e-06
!!!!	O=0.9999853372573853|NORM_2WORD=4.840237579628592e-06|NORM_1WORD=4.577722393150907e-06|NORM_3PLUS=2.469378159730695e-06
x47	O=0.9999804496765137|NORM_2WORD=8.906983566703275e-06|NORM_1WORD=7.27747828932479e-06|NORM_3PLUS=2.1437454051920213e-06

texas	O=0.9999544620513916|NORM_1WORD=2.5735454983077943e-05|NORM_2WORD=1.5932471796986647e-05|NORM_3PLUS=2.184602863053442e-06
dems	NORM_1WORD=0.706728994846344|O=0.28635165095329285|NORM_2WORD=0.006708806846290827|NORM_3PLUS=0.00016878593305591494
scared	O=0.9999773502349854|NORM_1WORD=1.3354903785511851e-05|NORM_2WORD=5.360800969356205e-06|NORM_3PLUS=1.6496209127581096e-06
of	O=0.9999821186065674|NORM_1WORD=1.1271887160546612e-05|NORM_2WORD=3.94109292756184e-06|NORM_3PLUS=1.065679839484801e-06
kesha	O=0.9999842643737793|NORM_2WORD=6.808729722251883e-06|NORM_1WORD=6.2537942540075164e-06|NORM_3PLUS=1.5616067230439512e-06
http://t.co/mugggpw3nj	O=0.9999853372573853|NORM_2WORD=9.158522516372614e-06|NORM_1WORD=2.4461619432258885e-06|NORM_3PLUS=1.8244920738652581e-06
via	O=0.9999837875366211|NORM_2WORD=6.8786193878622726e-06|NORM_1WORD=5.283686277834931e-06|NORM_3PLUS=2.4443647816951852e-06
@youtube	O=0.9999686479568481|NORM_2WORD=1.6222509657382034e-05|NORM_1WORD=1.0162345461139921e-05|NORM_3PLUS=3.099438117715181e-06

rt	O=0.9999831914901733|NORM_2WORD=8.218410584959202e-06|NORM_1WORD=4.180379164608894e-06|NORM_3PLUS=2.3039399366098223e-06
@leezansabrina	O=0.9999858140945435|NORM_2WORD=9.022300218930468e-06|NORM_3PLUS=1.8797838947648415e-06|NORM_1WORD=1.838320372371527e-06
:	O=0.9999901056289673|NORM_2WORD=4.487640126171755e-06|NORM_1WORD=2.255683739349479e-06|NORM_3PLUS=1.4914604662408237e-06
@aqimeir	O=0.9999891519546509|NORM_2WORD=4.784016255143797e-06|NORM_1WORD=3.117159849352902e-06|NORM_3PLUS=1.715853727546346e-06
oh	O=0.9999865293502808|NORM_1WORD=5.626331585517619e-06|NORM_2WORD=5.4867755352461245e-06|NORM_3PLUS=1.4604920579586178e-06
bah	O=0.9999817609786987|NORM_1WORD=8.03028615337098e-06|NORM_2WORD=6.9940606408636086e-06|NORM_3PLUS=1.8345459693591692e-06
.	O=0.9999884366989136|NORM_2WORD=4.234602329233894e-06|NORM_1WORD=3.6897506561217597e-06|NORM_3PLUS=1.9888716451532673e-06
gemorning	O=0.5431225895881653|NORM_1WORD=0.4285311698913574|NORM_2WORD=0.027517441660165787|NORM_3PLUS=0.0007091747829690576
!	O=0.9999867677688599|NORM_2WORD=5.530495855055051e-06|NORM_1WORD=3.7062739011162193e-06|NORM_3PLUS=1.6720404119041632e-06
xd	O=0.9999810457229614|NORM_2WORD=8.536400855518878e-06|NORM_1WORD=7.637107955815736e-06|NORM_3PLUS=1.4769699419048266e-06

i	O=0.999962568283081|NORM_1WORD=2.175305962737184e-05|NORM_2WORD=9.331708497484215e-06|NORM_3PLUS=3.3445692224631784e-06
need	O=0.9999614953994751|NORM_1WORD=2.291602322657127e-05|NORM_2WORD=9.533525371807627e-06|NORM_3PLUS=2.9581008220702643e-06
cuddlez	NORM_1WORD=0.6297419667243958|O=0.36815568804740906|NORM_2WORD=0.0019764129538089037|NORM_3PLUS=0.00010161566024180502
.	O=0.9999825954437256|NORM_2WORD=6.984755145822419e-06|NORM_1WORD=5.991940724925371e-06|NORM_3PLUS=2.55716099673009e-06
*	O=0.9999510049819946|NORM_1WORD=2.3134289222070947e-05|NORM_2WORD=1.3783688700641505e-05|NORM_3PLUS=5.50639515495277e-06
sees	O=0.9999334812164307|NORM_1WORD=4.240692578605376e-05|NORM_2WORD=1.7421501979697496e-05|NORM_3PLUS=3.5546859180612955e-06
other	O=0.9999676942825317|NORM_1WORD=1.4887235920468811e-05|NORM_2WORD=1.2583887837536167e-05|NORM_3PLUS=2.0413951915543294e-06
ppl	NORM_1WORD=0.9999344348907471|O=4.514804822974838e-05|NORM_2WORD=1.086617248802213e-05|NORM_3PLUS=6.6410279941919725e-06
approching	O=0.9950748085975647|NORM_1WORD=0.0043329340405762196|NORM_2WORD=0.0005572175141423941|NORM_3PLUS=2.6357603928772733e-05
*	O=0.9999600648880005|NORM_1WORD=1.6568979845033027e-05|NORM_2WORD=1.271710243599955e-05|NORM_3PLUS=4.575952061713906e-06
fak	NORM_1WORD=0.9896718263626099|O=0.008224201388657093|NORM_2WORD=0.0020062560215592384|NORM_3PLUS=8.72915843501687e-05
off	O=0.9999212026596069|NORM_1WORD=3.725821079569869e-05|NORM_2WORD=3.701147943502292e-05|NORM_3PLUS=2.702983920244151e-06
.	O=0.9999855756759644|NORM_2WORD=6.7453424890118185e-06|NORM_1WORD=4.2618808038241696e-06|NORM_3PLUS=1.9434962723607896e-06
only	O=0.9999450445175171|NORM_1WORD=2.8753680453519337e-05|NORM_2WORD=1.6887464880710468e-05|NORM_3PLUS=3.908787221007515e-06
silver	O=0.9999326467514038|NORM_1WORD=4.157516377745196e-05|NORM_2WORD=1.756351957737934e-05|NORM_3PLUS=3.845886112685548e-06
can	O=0.9999675750732422|NORM_1WORD=1.6193664123420604e-05|NORM_2WORD=1.077809247362893e-05|NORM_3PLUS=2.634058091643965e-06
.	O=0.9999854564666748|NORM_1WORD=6.047956048860215e-06|NORM_2WORD=5.266716470941901e-06|NORM_3PLUS=1.8249796767122461e-06
#janebot	O=0.9999767541885376|NORM_2WORD=9.366336598759517e-06|NORM_1WORD=7.473571258742595e-06|NORM_3PLUS=3.0067051284277113e-06

ppl	NORM_1WORD=0.9999254941940308|O=4.9547124945092946e-05|NORM_2WORD=1.344759493804304e-05|NORM_3PLUS=8.080142833932769e-06
in	O=0.9999011754989624|NORM_1WORD=6.896267586853355e-05|NORM_2WORD=2.1163836208870634e-05|NORM_3PLUS=4.813900432054652e-06
cowdenbeath	O=0.9999531507492065|NORM_2WORD=2.2636784706264734e-05|NORM_1WORD=2.0670038793468848e-05|NORM_3PLUS=2.5455310606048442e-06
come	O=0.9999641180038452|NORM_1WORD=2.057285928458441e-05|NORM_2WORD=9.824318112805486e-06|NORM_3PLUS=3.0535638870787807e-06
get	O=0.9999759197235107|NORM_1WORD=1.0427631423226558e-05|NORM_2WORD=8.144905223161913e-06|NORM_3PLUS=2.9566092507593567e-06
food	O=0.999968409538269|NORM_1WORD=1.6226513253059238e-05|NORM_2WORD=1.030547900882084e-05|NORM_3PLUS=2.29246052185772e-06
with	O=0.9999681711196899|NORM_2WORD=1.3117451999278273e-05|NORM_1WORD=9.871232578007039e-06|NORM_3PLUS=4.47452066509868e-06
me	O=0.9999618530273438|NORM_2WORD=1.984098707907833e-05|NORM_1WORD=9.928553481586277e-06|NORM_3PLUS=4.528989393293159e-06
nd	NORM_1WORD=0.9972662925720215|O=0.00262011238373816|NORM_2WORD=8.230494859162718e-05|NORM_3PLUS=2.480049261066597e-05
tammi	O=0.9998446702957153|NORM_2WORD=8.269184763776138e-05|NORM_1WORD=5.9196812799200416e-05|NORM_3PLUS=9.522635082248598e-06
xxx	O=0.9999086856842041|NORM_1WORD=4.635413279174827e-05|NORM_2WORD=2.9018658096902072e-05|NORM_3PLUS=8.24058133730432e-06

@arianagrande	O=0.9999890327453613|NORM_2WORD=4.957089913659729e-06|NORM_1WORD=2.512402033971739e-06|NORM_3PLUS=1.9116189378109993e-06
@nashfvckingrier	O=0.9999808073043823|NORM_1WORD=7.389969596260926e-06|NORM_2WORD=6.862290319986641e-06|NORM_3PLUS=2.5251408715121215e-06
please	O=0.9999828338623047|NORM_1WORD=7.152605121518718e-06|NORM_2WORD=5.816934844915522e-06|NORM_3PLUS=2.3057591533870436e-06
make	O=0.999972939491272|NORM_1WORD=1.5406203601742163e-05|NORM_2WORD=8.654731573187746e-06|NORM_3PLUS=1.3196141708249343e-06
my	O=0.9999618530273438|NORM_2WORD=1.3620823665405624e-05|NORM_1WORD=1.1887886103068013e-05|NORM_3PLUS=5.006211267755134e-06
life	O=0.9999796152114868|NORM_2WORD=8.890384378901217e-06|NORM_1WORD=8.362407243112102e-06|NORM_3PLUS=1.4220153161659255e-06
and	O=0.9999692440032959|NORM_2WORD=1.5881263607298024e-05|NORM_1WORD=7.6938777056057e-06|NORM_3PLUS=4.129275112063624e-06
follow	O=0.9999649524688721|NORM_1WORD=1.604218596185092e-05|NORM_2WORD=1.1113867913081776e-05|NORM_3PLUS=3.544246737874346e-06
me	O=0.999977707862854|NORM_2WORD=9.858211342361756e-06|NORM_1WORD=6.8338081291585695e-06|NORM_3PLUS=2.77617687061138e-06
,	O=0.9999736547470093|NORM_2WORD=9.731117643241305e-06|NORM_1WORD=8.584553143009543e-06|NORM_3PLUS=3.91937282984145e-06
ive	NORM_1WORD=0.9998557567596436|NORM_3PLUS=6.0305825172690675e-05|O=3.059282244066708e-05|NORM_2WORD=3.039260809600819e-05
been	O=0.9999722242355347|NORM_1WORD=1.5522064131801017e-05|NORM_2WORD=8.768034604145214e-06|NORM_3PLUS=1.5489481484110001e-06
trying	O=0.9999595880508423|NORM_1WORD=2.0915958884870633e-05|NORM_2WORD=1.1507888302730862e-05|NORM_3PLUS=3.185829882568214e-06
to	O=0.9999825954437256|NORM_2WORD=7.654050932615064e-06|NORM_1WORD=5.829695965076098e-06|NORM_3PLUS=1.8405230548523832e-06
get	O=0.9999877214431763|NORM_1WORD=5.433445494418265e-06|NORM_2WORD=4.401749720273074e-06|NORM_3PLUS=1.1805620943050599e-06
one	O=0.9999837875366211|NORM_1WORD=8.892965524864849e-06|NORM_2WORD=5.471335953188827e-06|NORM_3PLUS=8.896294616533851e-07
for	O=0.9999732971191406|NORM_1WORD=1.1154310413985513e-05|NORM_2WORD=8.935710866353475e-06|NORM_3PLUS=2.8235288027644856e-06
years	O=0.9999712705612183|NORM_1WORD=1.3294526979734655e-05|NORM_2WORD=8.881344001565594e-06|NORM_3PLUS=2.628311676744488e-06
plz	NORM_1WORD=0.9999160766601562|O=4.740443910122849e-05|NORM_2WORD=1.752322532411199e-05|NORM_3PLUS=1.391256409988273e-05

rt	O=0.9999855756759644|NORM_2WORD=6.20697528574965e-06|NORM_1WORD=4.930665454594418e-06|NORM_3PLUS=1.7140207546617603e-06
@little_yunnie	O=0.99998939037323|NORM_2WORD=5.040876658313209e-06|NORM_1WORD=3.0862115636409726e-06|NORM_3PLUS=1.559627776259731e-06
:	O=0.9999902248382568|NORM_2WORD=4.142104899074184e-06|NORM_1WORD=2.8315396320977015e-06|NORM_3PLUS=1.358151166641619e-06
140528	O=0.9999890327453613|NORM_2WORD=4.932069714413956e-06|NORM_1WORD=2.833567805282655e-06|NORM_3PLUS=1.8046998775389511e-06
#yoochun	O=0.999980092048645|NORM_2WORD=1.0258090696879663e-05|NORM_1WORD=5.006173978472361e-06|NORM_3PLUS=2.281986780872103e-06
at	O=0.9999901056289673|NORM_2WORD=4.67802374259918e-06|NORM_1WORD=3.108974624410621e-06|NORM_3PLUS=1.1717800134647405e-06
incheon	O=0.9999864101409912|NORM_2WORD=8.05054423835827e-06|NORM_1WORD=3.62747391591256e-06|NORM_3PLUS=1.1812082902906695e-06
ap	O=0.9999852180480957|NORM_1WORD=6.666246008535381e-06|NORM_2WORD=6.213002507138299e-06|NORM_3PLUS=1.2685134151979582e-06
(	O=0.9999898672103882|NORM_2WORD=4.9106065489468165e-06|NORM_1WORD=2.774132781269145e-06|NORM_3PLUS=1.190471039080876e-06
f	O=0.9999886751174927|NORM_1WORD=5.76520369577338e-06|NORM_2WORD=4.188039838481927e-06|NORM_3PLUS=7.539870239270385e-07
:	O=0.9999881982803345|NORM_1WORD=4.518814876064425e-06|NORM_2WORD=4.475395144254435e-06|NORM_3PLUS=1.3364495998757775e-06
lamiel	O=0.9999837875366211|NORM_2WORD=6.8169256337569095e-06|NORM_1WORD=6.548157216457184e-06|NORM_3PLUS=1.8411905102766468e-06
)	O=0.9999895095825195|NORM_2WORD=4.2903907342406455e-06|NORM_1WORD=3.061885308852652e-06|NORM_3PLUS=1.408701450600347e-06
http://t.co/cydsunojap	O=0.9999915361404419|NORM_2WORD=3.805243295573746e-06|NORM_1WORD=1.9249362139817094e-06|NORM_3PLUS=1.4980698779254453e-06

aku	O=0.9999747276306152|NORM_1WORD=8.750540473556612e-06|NORM_2WORD=7.872703463362996e-06|NORM_3PLUS=4.536651886155596e-06
stress	O=0.9999723434448242|NORM_1WORD=1.444755707780132e-05|NORM_2WORD=8.714292562217452e-06|NORM_3PLUS=2.6759239517559763e-06
aku	O=0.9999740123748779|NORM_2WORD=8.851174243318383e-06|NORM_1WORD=8.484714271617122e-06|NORM_3PLUS=4.504087883105967e-06
stress	O=0.9999740123748779|NORM_1WORD=1.2689547475019936e-05|NORM_2WORD=8.782235454418696e-06|NORM_3PLUS=2.6814745979208965e-06
aku	O=0.9999736547470093|NORM_2WORD=8.866344614943955e-06|NORM_1WORD=8.645680281915702e-06|NORM_3PLUS=4.505598553805612e-06
stress	O=0.999970555305481|NORM_1WORD=1.4368742995429784e-05|NORM_2WORD=1.0014740837505087e-05|NORM_3PLUS=2.877667384382221e-06
tgk	O=0.9925722479820251|NORM_1WORD=0.006625463720411062|NORM_2WORD=0.0006605152157135308|NORM_3PLUS=9.582046186551452e-05
game	O=0.9999814033508301|NORM_2WORD=8.77128513820935e-06|NORM_1WORD=6.082428171794163e-06|NORM_3PLUS=2.2792821710027056e-06
ni	O=0.9999279975891113|NORM_2WORD=2.9316270229173824e-05|NORM_1WORD=2.0255300114513375e-05|NORM_3PLUS=1.1992253348580562e-05
-__-""	O=0.9999884366989136|NORM_2WORD=5.818110366817564e-06|NORM_1WORD=2.572532139311079e-06|NORM_3PLUS=1.9228662040404743e-06

rt	O=0.9999853372573853|NORM_2WORD=6.802156349294819e-06|NORM_1WORD=4.3101849769300316e-06|NORM_3PLUS=1.8372801378063741e-06
@the_hindu	O=0.9999871253967285|NORM_2WORD=6.1479254327423405e-06|NORM_1WORD=3.781617579079466e-06|NORM_3PLUS=1.6002484244381776e-06
:	O=0.9999902248382568|NORM_2WORD=4.19149864683277e-06|NORM_1WORD=2.227591494374792e-06|NORM_3PLUS=1.62847311457881e-06
i	O=0.9999880790710449|NORM_1WORD=4.096452357771341e-06|NORM_2WORD=3.837365056824638e-06|NORM_3PLUS=2.0998888885515044e-06
am	O=0.9999788999557495|NORM_1WORD=9.074556146515533e-06|NORM_2WORD=6.851350462966366e-06|NORM_3PLUS=3.0620014968008036e-06
eager	O=0.9999812841415405|NORM_1WORD=9.98471205093665e-06|NORM_2WORD=6.340570507745724e-06|NORM_3PLUS=1.42725787100062e-06
to	O=0.9999872446060181|NORM_2WORD=5.445134775072802e-06|NORM_1WORD=4.019097559648799e-06|NORM_3PLUS=1.7876000129035674e-06
live	O=0.9999905824661255|NORM_1WORD=3.7949218949506758e-06|NORM_2WORD=3.3849989904410904e-06|NORM_3PLUS=1.3090095762890996e-06
:	O=0.99998939037323|NORM_2WORD=3.98553311242722e-06|NORM_1WORD=3.304803612991236e-06|NORM_3PLUS=1.6684163028912735e-06
irom	O=0.9999879598617554|NORM_1WORD=4.676559001381975e-06|NORM_2WORD=4.615345460479148e-06|NORM_3PLUS=1.4802869827690301e-06
sharmila	O=0.9999897480010986|NORM_2WORD=5.095937922305893e-06|NORM_1WORD=2.767436626527342e-06|NORM_3PLUS=1.4762125601919251e-06
http://t.co/wpir6v5rsl	O=0.9999878406524658|NORM_2WORD=7.501716936531011e-06|NORM_1WORD=2.377503051320673e-06|NORM_3PLUS=1.4836575701338006e-06

@greatest_ever1	O=0.9999871253967285|NORM_2WORD=7.239240858325502e-06|NORM_1WORD=2.240196636194014e-06|NORM_3PLUS=1.90766149898991e-06
lmao	O=0.9999788999557495|NORM_2WORD=1.1951884516747668e-05|NORM_3PLUS=4.054195869684918e-06|NORM_1WORD=3.341232059028698e-06
team	O=0.9999853372573853|NORM_1WORD=6.412437869585119e-06|NORM_2WORD=4.752375843963819e-06|NORM_3PLUS=1.9408655589359114e-06
big	O=0.999982476234436|NORM_2WORD=7.2695506787567865e-06|NORM_1WORD=6.4725759330031e-06|NORM_3PLUS=2.360023472647299e-06
head	O=0.9999818801879883|NORM_1WORD=9.685312761575915e-06|NORM_2WORD=6.411199592548655e-06|NORM_3PLUS=1.2071875516994623e-06
bahahaha	O=0.9999833106994629|NORM_2WORD=6.141754965938162e-06|NORM_1WORD=5.8486998568696436e-06|NORM_3PLUS=2.1380672023951774e-06

srk	O=0.9771782159805298|NORM_1WORD=0.01397906243801117|NORM_2WORD=0.008501379750669003|NORM_3PLUS=0.00031747284810990095
with	O=0.999984860420227|NORM_2WORD=7.22440927347634e-06|NORM_3PLUS=2.9790262487949803e-06|NORM_1WORD=2.3805678210919723e-06
salmann	O=0.9999809265136719|NORM_2WORD=1.0436059710627887e-05|NORM_1WORD=3.7951858757878654e-06|NORM_3PLUS=2.940281547125778e-06
khann	O=0.9999563694000244|NORM_2WORD=3.1313844374381006e-05|NORM_1WORD=8.43296766106505e-06|NORM_3PLUS=2.3139741642808076e-06
.	O=0.9999892711639404|NORM_2WORD=5.0363455557089765e-06|NORM_3PLUS=2.043722361122491e-06|NORM_1WORD=1.9643846371764084e-06
auchhh	NORM_1WORD=0.996538519859314|O=0.003103530267253518|NORM_2WORD=0.0003277610521763563|NORM_3PLUS=2.572369521658402e-05
!	O=0.9999864101409912|NORM_2WORD=6.2902345234761015e-06|NORM_1WORD=2.716953758863383e-06|NORM_3PLUS=2.1170858417463023e-06
shoo	O=0.9999538660049438|NORM_2WORD=2.8549575290526263e-05|NORM_1WORD=1.1442107279435731e-05|NORM_3PLUS=4.9054633564082906e-06
handsome	O=0.9999674558639526|NORM_2WORD=2.3325770598603413e-05|NORM_1WORD=5.2570621846825816e-06|NORM_3PLUS=2.328546315766289e-06

fav	NORM_1WORD=0.999846339225769|NORM_3PLUS=9.14921474759467e-05|O=2.85497990262229e-05|NORM_2WORD=2.6149147743126377e-05
coffee	O=0.9999628067016602|NORM_2WORD=1.626272023713682e-05|NORM_1WORD=1.4696081052534282e-05|NORM_3PLUS=3.7356592201831518e-06
place	O=0.9999771118164062|NORM_2WORD=9.75359944277443e-06|NORM_1WORD=9.576018783263862e-06|NORM_3PLUS=2.2339147562888684e-06
in	O=0.9999825954437256|NORM_1WORD=8.71454813022865e-06|NORM_2WORD=5.538601271837251e-06|NORM_3PLUS=1.724479488984798e-06
scottsdale	O=0.9999759197235107|NORM_2WORD=1.2338923625065945e-05|NORM_1WORD=8.762057404965162e-06|NORM_3PLUS=1.4443813824982499e-06
:)	O=0.9999862909317017|NORM_2WORD=5.01051817991538e-06|NORM_1WORD=3.6555095448420616e-06|NORM_3PLUS=2.589137693576049e-06
(@	O=0.9999762773513794|NORM_2WORD=9.710173799248878e-06|NORM_1WORD=8.322020221385173e-06|NORM_3PLUS=3.156174443574855e-06
village	O=0.9999607801437378|NORM_1WORD=2.6194224119535647e-05|NORM_2WORD=9.797861821425613e-06|NORM_3PLUS=2.152809884137241e-06
coffee	O=0.9999719858169556|NORM_1WORD=1.162594162451569e-05|NORM_2WORD=1.0421883416711353e-05|NORM_3PLUS=3.4041916023852536e-06
roastery	O=0.9999643564224243|NORM_2WORD=1.7290285541093908e-05|NORM_1WORD=1.5511155652347952e-05|NORM_3PLUS=1.9964666080340976e-06
)	O=0.9999876022338867|NORM_2WORD=5.540726306207944e-06|NORM_1WORD=3.13981513500039e-06|NORM_3PLUS=1.999052756218589e-06
on	O=0.9999889135360718|NORM_2WORD=5.400827376433881e-06|NORM_1WORD=3.211057673979667e-06|NORM_3PLUS=1.6869217915882473e-06
#yelp	O=0.9999847412109375|NORM_2WORD=7.68738846090855e-06|NORM_1WORD=4.381198777991813e-06|NORM_3PLUS=1.9924636944779195e-06
http://t.co/b2gyt6yh64	O=0.9999881982803345|NORM_2WORD=5.82417715122574e-06|NORM_1WORD=3.727313014678657e-06|NORM_3PLUS=1.4110177062320872e-06

out	O=0.999984860420227|NORM_1WORD=6.9494299168582074e-06|NORM_2WORD=4.780296876560897e-06|NORM_3PLUS=1.9341700863151345e-06
-	O=0.9999768733978271|NORM_2WORD=9.097049769479781e-06|NORM_1WORD=5.3067124099470675e-06|NORM_3PLUS=4.156913291808451e-06
jos	O=0.9999831914901733|NORM_2WORD=5.5879295359773096e-06|NORM_1WORD=5.157178293302422e-06|NORM_3PLUS=3.090165364483255e-06
buttler	O=0.9999847412109375|NORM_2WORD=5.261561454972252e-06|NORM_1WORD=4.763439847010886e-06|NORM_3PLUS=2.404977294645505e-06
c	O=0.9999890327453613|NORM_2WORD=4.076253844687017e-06|NORM_1WORD=3.946479864680441e-06|NORM_3PLUS=1.4773902421438834e-06
senanayake	O=0.9999912977218628|NORM_2WORD=3.65080722986022e-06|NORM_1WORD=2.2555896066478454e-06|NORM_3PLUS=1.6261966493402724e-06
b	O=0.9999879598617554|NORM_1WORD=5.595166385319317e-06|NORM_2WORD=3.4866839087044355e-06|NORM_3PLUS=1.8518875322115491e-06
mathews	O=0.9999887943267822|NORM_2WORD=5.414968654804397e-06|NORM_1WORD=3.776866378757404e-06|NORM_3PLUS=1.202957264467841e-06
4(6	O=0.9999731779098511|NORM_2WORD=1.1264866770943627e-05|NORM_1WORD=1.0308043783879839e-05|NORM_3PLUS=3.4481915918149753e-06
)	O=0.9999852180480957|NORM_1WORD=4.826680196856614e-06|NORM_2WORD=4.5056249291519634e-06|NORM_3PLUS=2.187052814406343e-06
-	O=0.9999815225601196|NORM_1WORD=5.520360446098493e-06|NORM_2WORD=5.169046289665857e-06|NORM_3PLUS=3.511843715386931e-06
55/6	O=0.9999781847000122|NORM_1WORD=8.78124228620436e-06|NORM_2WORD=6.9760567384946626e-06|NORM_3PLUS=3.335501787660178e-06
in	O=0.9999784231185913|NORM_1WORD=8.827786587062292e-06|NORM_2WORD=7.444141374435276e-06|NORM_3PLUS=2.5771005311980844e-06
17.1	O=0.9999817609786987|NORM_1WORD=9.44773455557879e-06|NORM_2WORD=5.856186817254638e-06|NORM_3PLUS=1.6697820228728233e-06
ov	O=0.9984096884727478|NORM_1WORD=0.001473915996029973|NORM_2WORD=0.0001032606596709229|NORM_3PLUS=1.1194230864930432e-05
.	O=0.9999831914901733|NORM_2WORD=7.72990460973233e-06|NORM_3PLUS=3.658330115285935e-06|NORM_1WORD=3.3163100852107164e-06
#cricket	O=0.9999843835830688|NORM_2WORD=6.162836143630557e-06|NORM_1WORD=5.583775873674313e-06|NORM_3PLUS=2.3652239633520367e-06
#engvsl	O=0.9999890327453613|NORM_2WORD=6.4735259002191015e-06|NORM_1WORD=1.9618735223048134e-06|NORM_3PLUS=1.469762196393276e-06
http://t.co/6fnzmwlews	O=0.9999840259552002|NORM_2WORD=1.0916860446741339e-05|NORM_3PLUS=2.080868625853327e-06|NORM_1WORD=1.6634853636787739e-06

@keeezyyy	O=0.9999836683273315|NORM_1WORD=7.446850759151857e-06|NORM_2WORD=6.401551218004897e-06|NORM_3PLUS=1.713545088932733e-06
dtfl	O=0.9999817609786987|NORM_1WORD=8.0852378232521e-06|NORM_2WORD=8.043093657761347e-06|NORM_3PLUS=1.1217679229957866e-06
.	O=0.9999864101409912|NORM_2WORD=4.722535322798649e-06|NORM_3PLUS=3.435190137679456e-06|NORM_1WORD=3.05003163703077e-06
that	O=0.9999895095825195|NORM_2WORD=4.172491571807768e-06|NORM_1WORD=3.3319979593215976e-06|NORM_3PLUS=1.6141141259140568e-06
means	O=0.9999394416809082|NORM_1WORD=3.2731841201893985e-05|NORM_2WORD=1.629936923563946e-05|NORM_3PLUS=5.470451924338704e-06
in	O=0.9999823570251465|NORM_1WORD=8.164633982232772e-06|NORM_2WORD=6.804854365327628e-06|NORM_3PLUS=1.3466681139107095e-06
class	O=0.9999663829803467|NORM_2WORD=1.38108234750689e-05|NORM_1WORD=1.3494252925738692e-05|NORM_3PLUS=3.9134993130574e-06
you	O=0.9999850988388062|NORM_1WORD=6.672713425359689e-06|NORM_2WORD=5.777842943643918e-06|NORM_3PLUS=1.4916095096850768e-06
not	O=0.9999862909317017|NORM_2WORD=5.564097136812052e-06|NORM_1WORD=5.471140866575297e-06|NORM_3PLUS=1.4618713066738565e-06
gonna	NORM_2WORD=0.9985978007316589|NORM_1WORD=0.0006026178598403931|O=0.00037361853173933923|NORM_3PLUS=0.0003498312726151198
b	O=0.9436042904853821|NORM_1WORD=0.02980339340865612|NORM_2WORD=0.026274973526597023|NORM_3PLUS=0.000298110069707036
on	O=0.999964714050293|NORM_2WORD=1.6993082681437954e-05|NORM_1WORD=1.2902516573376488e-05|NORM_3PLUS=3.309942258056253e-06
ur	NORM_1WORD=0.9999498128890991|NORM_3PLUS=2.0637235138565302e-05|NORM_2WORD=1.1910416105820332e-05|O=1.173216151073575e-05
phone	O=0.9999817609786987|NORM_1WORD=1.0468444997968618e-05|NORM_2WORD=5.2654213504865766e-06|NORM_3PLUS=1.5700697986176237e-06

rt	O=0.9999843835830688|NORM_2WORD=7.699587513343431e-06|NORM_1WORD=4.6594568630098365e-06|NORM_3PLUS=1.7209587213073974e-06
@2legit_adriana	O=0.999988317489624|NORM_2WORD=5.988764314679429e-06|NORM_1WORD=3.0504068035952514e-06|NORM_3PLUS=1.5845114376134006e-06
:	O=0.9999885559082031|NORM_2WORD=4.686924967245432e-06|NORM_1WORD=3.2179418667510618e-06|NORM_3PLUS=1.6153413753272616e-06
"	O=0.9999899864196777|NORM_2WORD=3.5974769616586855e-06|NORM_1WORD=3.0532903565472225e-06|NORM_3PLUS=1.4783965980313951e-06
@anaelyy_	O=0.999984622001648|NORM_2WORD=7.706303222221322e-06|NORM_3PLUS=2.4971839138743235e-06|NORM_1WORD=2.0101176687603584e-06
:	O=0.9999880790710449|NORM_2WORD=4.909707968181465e-06|NORM_1WORD=3.075729409829364e-06|NORM_3PLUS=1.6754585203671013e-06
should	O=0.9999831914901733|NORM_2WORD=5.904631052544573e-06|NORM_1WORD=5.608045739791123e-06|NORM_3PLUS=2.233821760455612e-06
i	O=0.999984860420227|NORM_2WORD=5.555197731155204e-06|NORM_1WORD=4.96448274134309e-06|NORM_3PLUS=2.2589204036194133e-06
make	O=0.9999816417694092|NORM_2WORD=7.896977876953315e-06|NORM_1WORD=3.86134843211039e-06|NORM_3PLUS=2.627211188155343e-06
brownies	O=0.9999476671218872|NORM_2WORD=2.264829890918918e-05|NORM_1WORD=1.926095865201205e-05|NORM_3PLUS=5.957032499281922e-06
...	O=0.9999836683273315|NORM_2WORD=6.835061412857613e-06|NORM_1WORD=3.159986363243661e-06|NORM_3PLUS=2.371284153923625e-06
"	O=0.9999880790710449|NORM_2WORD=3.9756650949129835e-06|NORM_1WORD=3.643421678134473e-06|NORM_3PLUS=1.6785195384727558e-06
uhh	O=0.9792390465736389|NORM_1WORD=0.019591281190514565|NORM_2WORD=0.00103653478436172|NORM_3PLUS=8.140534191625193e-05
this	O=0.999987006187439|NORM_2WORD=6.349780960590579e-06|NORM_1WORD=4.070127488375874e-06|NORM_3PLUS=1.0599472943795263e-06
shouldn't	O=0.9999775886535645|NORM_2WORD=1.1450074453023262e-05|NORM_1WORD=7.864711733418517e-06|NORM_3PLUS=1.7273890762226074e-06
be	O=0.9999879598617554|NORM_2WORD=5.185867394175148e-06|NORM_1WORD=4.363678272056859e-06|NORM_3PLUS=1.3496893416231615e-06
a	O=0.9999790191650391|NORM_2WORD=1.0600837413221598e-05|NORM_1WORD=5.155799499334535e-06|NORM_3PLUS=2.545038569223834e-06
question	O=0.9999827146530151|NORM_1WORD=8.836474989948329e-06|NORM_2WORD=5.878288448002422e-06|NORM_3PLUS=1.2119537586841034e-06
lol	O=0.9999780654907227|NORM_1WORD=1.1557361176528502e-05|NORM_2WORD=4.770987288793549e-06|NORM_3PLUS=1.7013620663419715e-06

goodmorning	NORM_2WORD=0.9981687068939209|NORM_3PLUS=0.0010437940945848823|O=0.0003837634576484561|NORM_1WORD=0.00036083831219002604
!!!	O=0.9999872446060181|NORM_2WORD=5.995180799800437e-06|NORM_1WORD=3.2161092349269893e-06|NORM_3PLUS=1.700936309134704e-06
here	O=0.9999850988388062|NORM_2WORD=6.989430403336883e-06|NORM_1WORD=3.928844762413064e-06|NORM_3PLUS=2.009652689594077e-06
at	O=0.9999865293502808|NORM_2WORD=7.2015086516330484e-06|NORM_1WORD=3.6894618915539468e-06|NORM_3PLUS=1.3928047337685712e-06
@chelsealorienne	O=0.9999833106994629|NORM_2WORD=9.983075869968161e-06|NORM_1WORD=3.6250282846594928e-06|NORM_3PLUS=1.77989363692177e-06
'	O=0.9999659061431885|NORM_2WORD=1.5212369362416212e-05|NORM_1WORD=1.339209484285675e-05|NORM_3PLUS=2.720136308198562e-06
s	O=0.9997671246528625|NORM_1WORD=0.000156949638039805|NORM_2WORD=4.754904148285277e-05|NORM_3PLUS=1.6490610505570658e-05
house	O=0.9999837875366211|NORM_2WORD=8.87618080014363e-06|NORM_1WORD=4.479731160245137e-06|NORM_3PLUS=1.5739065020170528e-06
..	O=0.9999778270721436|NORM_2WORD=8.996984433906619e-06|NORM_1WORD=5.997903826937545e-06|NORM_3PLUS=3.107718384853797e-06
:)))	O=0.9999804496765137|NORM_2WORD=7.277019903995097e-06|NORM_1WORD=6.315617156360531e-06|NORM_3PLUS=2.841469722625334e-06

vancouver	O=0.9999874830245972|NORM_2WORD=4.864803031523479e-06|NORM_1WORD=4.589075160765788e-06|NORM_3PLUS=1.9307547063363018e-06
gull	O=0.9999678134918213|NORM_1WORD=2.1708492567995563e-05|NORM_2WORD=6.435759132727981e-06|NORM_3PLUS=2.4344037683476927e-06
by	O=0.9999905824661255|NORM_2WORD=4.130536581214983e-06|NORM_1WORD=2.4486184884153772e-06|NORM_3PLUS=1.7045796312231687e-06
jered	O=0.9999772310256958|NORM_1WORD=1.325608081970131e-05|NORM_2WORD=5.284457984089386e-06|NORM_3PLUS=2.149810825358145e-06
widmer	O=0.9999905824661255|NORM_2WORD=4.185456418781541e-06|NORM_1WORD=3.4159820643253624e-06|NORM_3PLUS=1.2233516599735594e-06
:	O=0.9999908208847046|NORM_2WORD=3.826237843895797e-06|NORM_1WORD=2.373715233261464e-06|NORM_3PLUS=1.4377264960785396e-06
akansha_gautam	O=0.9999909400939941|NORM_2WORD=4.602690751198679e-06|NORM_1WORD=1.8397450958218542e-06|NORM_3PLUS=1.4641885854871362e-06
posted	O=0.9999711513519287|NORM_2WORD=1.0439422112540342e-05|NORM_1WORD=1.0245143130305223e-05|NORM_3PLUS=3.721080247487407e-06
a	O=0.9999836683273315|NORM_2WORD=9.15576583793154e-06|NORM_1WORD=3.8137145565997344e-06|NORM_3PLUS=1.969673348867218e-06
photo	O=0.9999845027923584|NORM_1WORD=7.43265263736248e-06|NORM_2WORD=5.437098025140585e-06|NORM_3PLUS=1.4092104265728267e-06
:	O=0.9999865293502808|NORM_2WORD=6.801042218285147e-06|NORM_1WORD=3.277037876614486e-06|NORM_3PLUS=1.7102978517868905e-06
via	O=0.9999908208847046|NORM_2WORD=4.558300133794546e-06|NORM_1WORD=2.417810264887521e-06|NORM_3PLUS=1.4736555158378906e-06
500px	O=0.999925971031189|NORM_2WORD=4.7003130021039397e-05|NORM_1WORD=1.6980648069875315e-05|NORM_3PLUS=6.749914518877631e-06
:	O=0.9999878406524658|NORM_2WORD=6.1856753745814785e-06|NORM_1WORD=2.515822643545107e-06|NORM_3PLUS=1.86095894605387e-06
http://t.co/utgjfi75mx	O=0.9999884366989136|NORM_2WORD=6.4553910306131e-06|NORM_1WORD=2.8542244763229974e-06|NORM_3PLUS=1.3264669860291178e-06
http://t.co/xzsfwu5lfx	O=0.9999864101409912|NORM_2WORD=8.153376256814227e-06|NORM_1WORD=2.1284672584442887e-06|NORM_3PLUS=1.9433439319982426e-06

rt	O=0.9999849796295166|NORM_2WORD=7.944435310491826e-06|NORM_1WORD=3.3193471153936116e-06|NORM_3PLUS=1.8870676967708278e-06
@therealdnice4	O=0.9999881982803345|NORM_2WORD=5.164877620700281e-06|NORM_1WORD=3.887886578013422e-06|NORM_3PLUS=1.6578906070208177e-06
:	O=0.9999903440475464|NORM_2WORD=3.637697773228865e-06|NORM_1WORD=2.2975536921876483e-06|NORM_3PLUS=1.6573076209169813e-06
who	O=0.9999915361404419|NORM_2WORD=3.6391734283824917e-06|NORM_1WORD=2.709851514737238e-06|NORM_3PLUS=1.178773345600348e-06
kenia	O=0.9994344115257263|NORM_2WORD=0.0005187079659663141|NORM_3PLUS=2.7648544346448034e-05|NORM_1WORD=1.5425406672875397e-05
be	O=0.9999852180480957|NORM_2WORD=6.159275471873116e-06|NORM_1WORD=5.943229098193115e-06|NORM_3PLUS=1.8121952507499373e-06
subtweeting	O=0.9999794960021973|NORM_2WORD=1.3992726962896995e-05|NORM_1WORD=3.814193405560218e-06|NORM_3PLUS=1.5410234937007772e-06

http://t.co/zozhaf9v68	O=0.9999852180480957|NORM_2WORD=7.0283263085002545e-06|NORM_1WORD=3.505465201669722e-06|NORM_3PLUS=2.2856704617879586e-06
at	O=0.9999711513519287|NORM_1WORD=1.6947989934124053e-05|NORM_2WORD=8.554146916139871e-06|NORM_3PLUS=1.7852898963610642e-06
first	O=0.999955415725708|NORM_1WORD=2.334821328986436e-05|NORM_2WORD=1.4338984328787774e-05|NORM_3PLUS=3.264689667048515e-06
glance	O=0.9999045133590698|NORM_1WORD=6.634989404119551e-05|NORM_2WORD=2.5883002308546565e-05|NORM_3PLUS=2.051441470030113e-06
,	O=0.9999673366546631|NORM_2WORD=1.3225013390183449e-05|NORM_1WORD=1.1890491805388592e-05|NORM_3PLUS=3.5992175071442034e-06
it	O=0.9999690055847168|NORM_1WORD=1.8742026441032067e-05|NORM_2WORD=7.66096400184324e-06|NORM_3PLUS=2.053190655715298e-06
didn't	O=0.9999736547470093|NORM_2WORD=1.1586787877604365e-05|NORM_1WORD=1.0485635357326828e-05|NORM_3PLUS=1.9733722638193285e-06
look	O=0.9999263286590576|NORM_1WORD=3.8246136682573706e-05|NORM_2WORD=2.0262954421923496e-05|NORM_3PLUS=6.407805358321639e-06
like	O=0.9999539852142334|NORM_1WORD=2.206168028351385e-05|NORM_2WORD=1.6117810446303338e-05|NORM_3PLUS=3.5628261230158387e-06
much	O=0.9999735355377197|NORM_1WORD=1.3231264347268734e-05|NORM_2WORD=8.76418471307261e-06|NORM_3PLUS=2.405640543656773e-06
,	O=0.9999518394470215|NORM_2WORD=1.921563125506509e-05|NORM_1WORD=1.7791884602047503e-05|NORM_3PLUS=5.765788955613971e-06
center	O=0.999966025352478|NORM_1WORD=1.626156154088676e-05|NORM_2WORD=1.0340610060666222e-05|NORM_3PLUS=3.409346845728578e-06
maurkice	O=0.9999788999557495|NORM_1WORD=1.1838716091006063e-05|NORM_2WORD=6.657391622866271e-06|NORM_3PLUS=1.6026147022785153e-06
pouncey	O=0.9993987083435059|NORM_1WORD=0.000572563149034977|NORM_2WORD=2.324268461961765e-05|NORM_3PLUS=3.650161261248286e-06
taking	O=0.9999337196350098|NORM_1WORD=4.2620638851076365e-05|NORM_2WORD=1.5326439097407274e-05|NORM_3PLUS=4.020707365270937e-06
his	O=0.9999532699584961|NORM_1WORD=1.724204412312247e-05|NORM_2WORD=1.711891673039645e-05|NORM_3PLUS=5.965366199234268e-06
spot	O=0.9999295473098755|NORM_1WORD=3.951138933189213e-05|NORM_2WORD=1.9081657228525728e-05|NORM_3PLUS=5.979595698590856e-06
in	O=0.9999403953552246|NORM_1WORD=3.531569382175803e-05|NORM_2WORD=1.4935207218513824e-05|NORM_3PLUS=4.049997642141534e-06
the	O=0.9999804496765137|NORM_2WORD=9.774116733751725e-06|NORM_1WORD=5.939812581345905e-06|NORM_3PLUS=2.076034206766053e-06
midd	NORM_1WORD=0.6257033348083496|O=0.371772438287735|NORM_2WORD=0.0024074034299701452|NORM_3PLUS=9.547606896376237e-05
http://t.co/jjmoaefh6r	O=0.9999898672103882|NORM_2WORD=4.395580162963597e-06|NORM_1WORD=3.0236262773541966e-06|NORM_3PLUS=1.6757875300754677e-06

@willlhardee	O=0.9999861717224121|NORM_2WORD=7.1759141064831056e-06|NORM_1WORD=3.1172962735581677e-06|NORM_3PLUS=2.2866670406074263e-06
right	O=0.9999871253967285|NORM_1WORD=6.664192824246129e-06|NORM_2WORD=4.8146312110475264e-06|NORM_3PLUS=8.638613735456602e-07
.	O=0.9999876022338867|NORM_2WORD=6.138133358035702e-06|NORM_1WORD=3.466719135758467e-06|NORM_3PLUS=1.5690507098042872e-06
she's	O=0.9999693632125854|NORM_2WORD=2.0365927412058227e-05|NORM_1WORD=7.3049818638537545e-06|NORM_3PLUS=1.8180797951572458e-06
out	O=0.9999828338623047|NORM_1WORD=8.170339242496993e-06|NORM_2WORD=7.320660643017618e-06|NORM_3PLUS=1.0094677236338612e-06
if	O=0.9999768733978271|NORM_2WORD=1.652921855566092e-05|NORM_1WORD=4.632527179637691e-06|NORM_3PLUS=1.3840641486240202e-06
control	O=0.9999508857727051|NORM_1WORD=2.7983036488876678e-05|NORM_2WORD=1.8510640074964613e-05|NORM_3PLUS=1.5225253946482553e-06
.	O=0.999983549118042|NORM_2WORD=9.576957381796092e-06|NORM_1WORD=3.8022312764951494e-06|NORM_3PLUS=1.8038709868051228e-06
esta	O=0.9997863173484802|NORM_1WORD=0.00017251558892894536|NORM_2WORD=3.52418574038893e-05|NORM_3PLUS=4.468449333216995e-06
loca	O=0.9999165534973145|NORM_1WORD=5.4998628911562264e-05|NORM_2WORD=2.5143184757325798e-05|NORM_3PLUS=2.149010015273234e-06
.	O=0.9999856948852539|NORM_2WORD=7.879858458181843e-06|NORM_1WORD=2.8427095912775258e-06|NORM_3PLUS=2.159993300665519e-06

rt	O=0.9999758005142212|NORM_2WORD=1.0083738743560389e-05|NORM_1WORD=8.009014891285915e-06|NORM_3PLUS=2.9790760436299024e-06
@spnmaisiedaisy	O=0.9999901056289673|NORM_2WORD=5.201803105592262e-06|NORM_1WORD=2.848168378477567e-06|NORM_3PLUS=1.0607232070469763e-06
:	O=0.9999805688858032|NORM_1WORD=8.475509275740478e-06|NORM_2WORD=5.49307787878206e-06|NORM_3PLUS=2.294531441293657e-06
jared	O=0.9999535083770752|NORM_1WORD=3.0293194868136197e-05|NORM_2WORD=8.799695024208631e-06|NORM_3PLUS=3.409717237445875e-06
on	O=0.9999899864196777|NORM_1WORD=5.202759894018527e-06|NORM_2WORD=2.6327411433157977e-06|NORM_3PLUS=1.0613523500069277e-06
misha	O=0.9999837875366211|NORM_2WORD=7.59915383241605e-06|NORM_1WORD=6.031380507920403e-06|NORM_3PLUS=1.5019049897091463e-06
"	O=0.9999834299087524|NORM_1WORD=7.646294761798345e-06|NORM_2WORD=4.959156740369508e-06|NORM_3PLUS=1.5529057009189273e-06
in	O=0.9999756813049316|NORM_1WORD=1.5344456187449396e-05|NORM_2WORD=5.608442734228447e-06|NORM_3PLUS=1.4750588661627262e-06
all	O=0.9999840259552002|NORM_1WORD=7.789572009642143e-06|NORM_2WORD=5.139301265444374e-06|NORM_3PLUS=1.3790159982818295e-06
fairness	O=0.999981164932251|NORM_1WORD=1.2584992873598821e-05|NORM_2WORD=5.1417773647699505e-06|NORM_3PLUS=6.048647946954588e-07
we	O=0.9999843835830688|NORM_1WORD=9.54402275965549e-06|NORM_2WORD=3.4864854114857735e-06|NORM_3PLUS=1.1369527328497497e-06
knew	O=0.9999629259109497|NORM_1WORD=2.4019758711801842e-05|NORM_2WORD=8.041844921535812e-06|NORM_3PLUS=2.082408627757104e-06
from	O=0.9999767541885376|NORM_1WORD=1.2817594324587844e-05|NORM_2WORD=6.666163699264871e-06|NORM_3PLUS=1.593944489286514e-06
the	O=0.9999815225601196|NORM_2WORD=8.22192396299215e-06|NORM_1WORD=6.736372597515583e-06|NORM_3PLUS=1.7347589391647489e-06
get	O=0.9999817609786987|NORM_1WORD=1.1288838322798256e-05|NORM_2WORD=3.914197804988362e-06|NORM_3PLUS=1.4489481827695272e-06
go	O=0.9999822378158569|NORM_1WORD=1.0144773114006966e-05|NORM_2WORD=4.18355784859159e-06|NORM_3PLUS=1.5705946907473844e-06
that	O=0.9999836683273315|NORM_1WORD=8.061638254730497e-06|NORM_2WORD=4.757623628393048e-06|NORM_3PLUS=1.6574689425397082e-06
he	O=0.9999713897705078|NORM_1WORD=1.1798625564551912e-05|NORM_2WORD=8.361756044905633e-06|NORM_3PLUS=3.5796279007627163e-06
was	O=0.9999738931655884|NORM_1WORD=1.5131089639908168e-05|NORM_2WORD=6.671519258816261e-06|NORM_3PLUS=2.26296629080025e-06
cooky	O=0.9999282360076904|NORM_1WORD=5.541621067095548e-05|NORM_2WORD=1.4466924767475575e-05|NORM_3PLUS=1.0808407751028426e-06
"	O=0.9999785423278809|NORM_1WORD=1.0281983122695237e-05|NORM_2WORD=6.34288198853028e-06|NORM_3PLUS=1.9096382857242133e-06
lol	O=0.9999803304672241|NORM_1WORD=9.141800546785817e-06|NORM_2WORD=4.380611699161818e-06|NORM_3PLUS=2.0414752270880854e-06
#jibcon	O=0.999988317489624|NORM_2WORD=5.690079888154287e-06|NORM_1WORD=3.0453988983936142e-06|NORM_3PLUS=1.2968321243533865e-06
#jib5	O=0.999988317489624|NORM_2WORD=5.682769824488787e-06|NORM_1WORD=3.148230689475895e-06|NORM_3PLUS=1.5105406419024803e-06

rt	O=0.9999806880950928|NORM_2WORD=7.899877346062567e-06|NORM_1WORD=7.453798389178701e-06|NORM_3PLUS=2.035205170614063e-06
@fukktrickdaddy	O=0.9999834299087524|NORM_2WORD=6.566909178218339e-06|NORM_1WORD=5.410082394519122e-06|NORM_3PLUS=2.173668463001377e-06
:	O=0.999987006187439|NORM_1WORD=4.939906830259133e-06|NORM_2WORD=3.870708496833686e-06|NORM_3PLUS=1.8015527984971413e-06
my	O=0.9999808073043823|NORM_1WORD=6.4990877035597805e-06|NORM_2WORD=6.020983619237086e-06|NORM_3PLUS=2.9947607345093274e-06
grandpa	O=0.999975323677063|NORM_1WORD=1.3729696547670756e-05|NORM_2WORD=7.959768481669016e-06|NORM_3PLUS=1.8210058669865248e-06
goes	O=0.999967098236084|NORM_1WORD=1.834154136304278e-05|NORM_2WORD=7.440359695465304e-06|NORM_3PLUS=3.0425269414990908e-06
ik	NORM_1WORD=0.775824785232544|NORM_2WORD=0.0944935604929924|O=0.07210495322942734|NORM_3PLUS=0.05351740121841431
ur	NORM_1WORD=0.9999294281005859|O=2.7238567781751044e-05|NORM_3PLUS=1.7647023923927918e-05|NORM_2WORD=1.3210418728704099e-05
in	O=0.9999330043792725|NORM_1WORD=4.297189661883749e-05|NORM_2WORD=1.6363137547159567e-05|NORM_3PLUS=3.44824024978152e-06
alot	NORM_2WORD=0.9677780270576477|NORM_3PLUS=0.015473006293177605|NORM_1WORD=0.013653500936925411|O=0.0025368505157530308
of	O=0.999956488609314|NORM_1WORD=2.8722657589241862e-05|NORM_2WORD=1.1671329957607668e-05|NORM_3PLUS=1.823035859160882e-06
trouble	O=0.9999452829360962|NORM_1WORD=4.056207399116829e-05|NORM_2WORD=9.270086593460292e-06|NORM_3PLUS=2.286290282427217e-06
but	O=0.999987006187439|NORM_1WORD=7.5590628512145486e-06|NORM_2WORD=3.330436129544978e-06|NORM_3PLUS=1.0854971606022445e-06
i	O=0.9999736547470093|NORM_1WORD=1.618400710867718e-05|NORM_2WORD=4.969154815626098e-06|NORM_3PLUS=2.4131247755576624e-06
just	O=0.9999788999557495|NORM_1WORD=9.819377737585455e-06|NORM_2WORD=6.761056738469051e-06|NORM_3PLUS=1.9911185518139973e-06
wanted	O=0.9999760389328003|NORM_1WORD=1.3492453945218585e-05|NORM_2WORD=6.711219157296e-06|NORM_3PLUS=2.0247687189112185e-06
to	O=0.9999817609786987|NORM_1WORD=7.794481462042313e-06|NORM_2WORD=7.125370757421479e-06|NORM_3PLUS=1.6389510619774228e-06
let	O=0.9999743700027466|NORM_1WORD=1.5311443348764442e-05|NORM_2WORD=5.9931599025730975e-06|NORM_3PLUS=1.943024017236894e-06
u	NORM_1WORD=0.999940037727356|O=1.9708451873157173e-05|NORM_3PLUS=1.768941910995636e-05|NORM_2WORD=9.7038237072411e-06
know	O=0.9999821186065674|NORM_1WORD=7.649085091543384e-06|NORM_2WORD=5.6789908740029205e-06|NORM_3PLUS=1.984149321287987e-06
we	O=0.9999850988388062|NORM_1WORD=9.897840755002107e-06|NORM_2WORD=2.50631592280115e-06|NORM_3PLUS=1.1750933026632993e-06
have	O=0.999984860420227|NORM_1WORD=8.547935976821464e-06|NORM_2WORD=4.0324603105545975e-06|NORM_3PLUS=1.2734097936117905e-06
the	O=0.9999781847000122|NORM_1WORD=1.090902242140146e-05|NORM_2WORD=6.85612349116127e-06|NORM_3PLUS=2.0513812160061207e-06
hbo	O=0.999786913394928|NORM_1WORD=0.0001314068358624354|NORM_2WORD=6.440234574256465e-05|NORM_3PLUS=1.1242314030823763e-05
channels	O=0.9999091625213623|NORM_1WORD=5.520700869965367e-05|NORM_2WORD=2.8713218853226863e-05|NORM_3PLUS=3.862136964016827e-06
now	O=0.9999700784683228|NORM_1WORD=1.7415395632269792e-05|NORM_2WORD=6.725235380145023e-06|NORM_3PLUS=2.461384156049462e-06

it	O=0.9999654293060303|NORM_1WORD=2.1411704437923618e-05|NORM_2WORD=7.296869625861291e-06|NORM_3PLUS=3.319595634820871e-06
feel	O=0.9999638795852661|NORM_1WORD=2.1658137484337203e-05|NORM_2WORD=9.007831067719962e-06|NORM_3PLUS=2.724752221183735e-06
like	O=0.9999785423278809|NORM_1WORD=8.43351699586492e-06|NORM_2WORD=8.12172675068723e-06|NORM_3PLUS=2.8899507924506906e-06
i	O=0.9999831914901733|NORM_1WORD=6.367275545926532e-06|NORM_2WORD=5.245880856818985e-06|NORM_3PLUS=2.558892219894915e-06
aint	NORM_1WORD=0.999901294708252|O=3.6348585126688704e-05|NORM_3PLUS=2.8531199859571643e-05|NORM_2WORD=1.653285653446801e-05
went	O=0.9999785423278809|NORM_1WORD=1.0463679245731328e-05|NORM_2WORD=7.245387223520083e-06|NORM_3PLUS=1.873356154646899e-06
swimmin	NORM_1WORD=0.9999403953552246|NORM_3PLUS=2.0567624233081006e-05|O=1.5194322259048931e-05|NORM_2WORD=1.2720259292109404e-05
n	NORM_1WORD=0.9999079704284668|O=6.412484071915969e-05|NORM_2WORD=1.36089101943071e-05|NORM_3PLUS=7.843162165954709e-06
like	O=0.9999831914901733|NORM_2WORD=6.327450591925299e-06|NORM_1WORD=6.1175533119239844e-06|NORM_3PLUS=2.5884555725497194e-06
2	O=0.9999693632125854|NORM_2WORD=1.2689634786511306e-05|NORM_1WORD=1.0237555216008332e-05|NORM_3PLUS=3.836949417745927e-06
or	O=0.9999819993972778|NORM_2WORD=7.40429959478206e-06|NORM_1WORD=6.740488970535807e-06|NORM_3PLUS=2.2888962121214718e-06
3	O=0.9999775886535645|NORM_1WORD=9.815338671614882e-06|NORM_2WORD=8.192158020392526e-06|NORM_3PLUS=2.183058313676156e-06
years	O=0.9999752044677734|NORM_1WORD=1.1707924386428203e-05|NORM_2WORD=8.932292985264212e-06|NORM_3PLUS=1.8983269001182634e-06

@trawmadhard	O=0.9999815225601196|NORM_2WORD=8.945939043769613e-06|NORM_1WORD=5.615754162136e-06|NORM_3PLUS=2.047022462647874e-06
@bigpapiporras	O=0.9999767541885376|NORM_2WORD=1.2569632417580578e-05|NORM_1WORD=6.234435204532929e-06|NORM_3PLUS=2.630184098961763e-06
idk	O=0.9999374151229858|NORM_1WORD=3.714432750712149e-05|NORM_2WORD=1.90407063200837e-05|NORM_3PLUS=4.346036348579219e-06
but	O=0.9999709129333496|NORM_1WORD=1.8518550859880634e-05|NORM_2WORD=6.268166089284932e-06|NORM_3PLUS=2.294723799423082e-06
i'm	O=0.9999643564224243|NORM_2WORD=2.217941073467955e-05|NORM_1WORD=9.530452189210337e-06|NORM_3PLUS=2.5413826278963825e-06
tryna	NORM_2WORD=0.9990954399108887|O=0.0003846552863251418|NORM_3PLUS=0.00032942474354058504|NORM_1WORD=0.00013040282647125423
get	O=0.9999790191650391|NORM_1WORD=1.0041439963970333e-05|NORM_2WORD=7.6085370892542414e-06|NORM_3PLUS=1.9949486613768386e-06
buck	O=0.9999204874038696|NORM_1WORD=4.933074887958355e-05|NORM_2WORD=2.6770858312374912e-05|NORM_3PLUS=2.214927690147306e-06
fosho	O=0.9998559951782227|NORM_1WORD=7.748268399154767e-05|NORM_2WORD=5.798173151561059e-05|NORM_3PLUS=6.900650532770669e-06
fosho	O=0.9998530149459839|NORM_2WORD=8.232813706854358e-05|NORM_1WORD=5.698511813534424e-05|NORM_3PLUS=6.239802587515442e-06

transfer	O=0.9999240636825562|NORM_1WORD=5.117291584610939e-05|NORM_2WORD=1.7418480638298206e-05|NORM_3PLUS=4.662580522563076e-06
rumour	O=0.9999535083770752|NORM_1WORD=3.152791759930551e-05|NORM_2WORD=1.1403604730730876e-05|NORM_3PLUS=2.418317535557435e-06
gossip	O=0.9999538660049438|NORM_1WORD=2.9325135983526707e-05|NORM_2WORD=1.1740668924176134e-05|NORM_3PLUS=2.582959723440581e-06
:	O=0.9999833106994629|NORM_2WORD=5.995225819788175e-06|NORM_1WORD=5.908309958613245e-06|NORM_3PLUS=2.1620778625219828e-06
red	O=0.9999834299087524|NORM_1WORD=8.426595741184428e-06|NORM_2WORD=4.383199211588362e-06|NORM_3PLUS=1.7594579730939586e-06
devils	O=0.9983552098274231|NORM_2WORD=0.0012125771027058363|NORM_1WORD=0.00041181620326824486|NORM_3PLUS=1.623109528736677e-05
star	O=0.9999790191650391|NORM_1WORD=1.2521456483227666e-05|NORM_2WORD=6.04889737587655e-06|NORM_3PLUS=1.2320366522544646e-06
heads	O=0.9999561309814453|NORM_1WORD=2.2891414118930697e-05|NORM_2WORD=1.7965741790249012e-05|NORM_3PLUS=1.7862747654362465e-06
to	O=0.9999876022338867|NORM_1WORD=5.136345862410963e-06|NORM_2WORD=4.730564796773251e-06|NORM_3PLUS=1.3796905022900319e-06
barca	O=0.9999747276306152|NORM_1WORD=1.13799678729265e-05|NORM_2WORD=9.84391135716578e-06|NORM_3PLUS=1.959235532922321e-06
,	O=0.9999805688858032|NORM_2WORD=9.073378350876737e-06|NORM_1WORD=4.35930815001484e-06|NORM_3PLUS=3.2939663014985854e-06
psg	O=0.9999786615371704|NORM_2WORD=1.0252794709231239e-05|NORM_1WORD=8.574418643547688e-06|NORM_3PLUS=1.333992145191587e-06
eye	O=0.9999756813049316|NORM_1WORD=1.475241151638329e-05|NORM_2WORD=7.321138127736049e-06|NORM_3PLUS=1.333086402155459e-06
blues	O=0.9999538660049438|NORM_1WORD=2.9941134926048107e-05|NORM_2WORD=1.1086010090366472e-05|NORM_3PLUS=2.640788125063409e-06
no	O=0.9999788999557495|NORM_1WORD=1.0222385753877461e-05|NORM_2WORD=7.838169949536677e-06|NORM_3PLUS=1.5455939319508616e-06
1	O=0.9999864101409912|NORM_2WORD=6.021487934049219e-06|NORM_1WORD=5.4899314818612766e-06|NORM_3PLUS=9.707212029752554e-07
,	O=0.9999803304672241|NORM_2WORD=8.697350494912826e-06|NORM_1WORD=5.070116003480507e-06|NORM_3PLUS=3.1801646400708705e-06
gunners	O=0.9999556541442871|NORM_1WORD=2.8247033696970902e-05|NORM_2WORD=1.059742680808995e-05|NORM_3PLUS=2.9080069907649886e-06
target	O=0.9999347925186157|NORM_1WORD=3.842586011160165e-05|NORM_2WORD=1.3699346709472593e-05|NORM_3PLUS=7.108225418051006e-06
milan	O=0.9999867677688599|NORM_2WORD=7.174590791692026e-06|NORM_1WORD=3.042435764655238e-06|NORM_3PLUS=1.6360952486138558e-06
striker	O=0.9999867677688599|NORM_1WORD=5.380909442465054e-06|NORM_2WORD=5.114438408782007e-06|NORM_3PLUS=1.5325796312026796e-06
and	O=0.9999831914901733|NORM_1WORD=6.914493042131653e-06|NORM_2WORD=5.8948694459104445e-06|NORM_3PLUS=2.203400981670711e-06
r	O=0.999936580657959|NORM_1WORD=5.602863893727772e-05|NORM_2WORD=4.884111604042118e-06|NORM_3PLUS=1.3122061091053183e-06
...	O=0.9999665021896362|NORM_2WORD=1.3934830349171534e-05|NORM_1WORD=7.534818450949388e-06|NORM_3PLUS=5.047505965194432e-06
http://t.co/gtc3mljadu	O=0.999983549118042|NORM_2WORD=7.501620984839974e-06|NORM_1WORD=3.85525936508202e-06|NORM_3PLUS=2.681354317246587e-06

glaciar	O=0.9999480247497559|NORM_2WORD=2.689799111976754e-05|NORM_1WORD=1.7382488294970244e-05|NORM_3PLUS=5.69191297472571e-06
piedras	O=0.9999611377716064|NORM_1WORD=1.916160726977978e-05|NORM_2WORD=1.5044031897559762e-05|NORM_3PLUS=3.1488659715250833e-06
blancas	O=0.9999613761901855|NORM_1WORD=2.0108485841774382e-05|NORM_2WORD=1.4619539797422476e-05|NORM_3PLUS=2.5770370939426357e-06
by	O=0.9999877214431763|NORM_2WORD=5.2641921683971304e-06|NORM_1WORD=3.6137296319793677e-06|NORM_3PLUS=2.0375828171381727e-06
prakasit	O=0.9999605417251587|NORM_1WORD=2.1616011508740485e-05|NORM_2WORD=1.3820294043398462e-05|NORM_3PLUS=2.819701649059425e-06
koosuwan	O=0.9999878406524658|NORM_2WORD=5.393466835812433e-06|NORM_1WORD=4.639360213332111e-06|NORM_3PLUS=1.5632692793587921e-06
:	O=0.9999898672103882|NORM_2WORD=4.099105353816412e-06|NORM_1WORD=3.1194460916594835e-06|NORM_3PLUS=1.4477760714726173e-06
akansha_gautam	O=0.9999902248382568|NORM_2WORD=4.8255537876684684e-06|NORM_1WORD=2.5195745365635958e-06|NORM_3PLUS=1.4642475889559137e-06
posted	O=0.9999723434448242|NORM_2WORD=1.0335113984183408e-05|NORM_1WORD=1.0022391506936401e-05|NORM_3PLUS=3.491534016575315e-06
a	O=0.999983549118042|NORM_2WORD=9.017539923661388e-06|NORM_1WORD=4.082326995558105e-06|NORM_3PLUS=1.9778910882450873e-06
photo	O=0.9999828338623047|NORM_1WORD=8.699254976818338e-06|NORM_2WORD=5.838120614498621e-06|NORM_3PLUS=1.490461499997764e-06
:	O=0.9999862909317017|NORM_2WORD=6.275979103520513e-06|NORM_1WORD=4.010609245597152e-06|NORM_3PLUS=1.6761299548306852e-06
via	O=0.9999903440475464|NORM_2WORD=4.4423645704227965e-06|NORM_1WORD=3.026218564627925e-06|NORM_3PLUS=1.455253254789568e-06
500px	O=0.9999380111694336|NORM_2WORD=3.532935807015747e-05|NORM_1WORD=1.803810300771147e-05|NORM_3PLUS=5.495155164680909e-06
:	O=0.9999872446060181|NORM_2WORD=6.2547674133384135e-06|NORM_1WORD=2.81958864434273e-06|NORM_3PLUS=1.999994083234924e-06
http://t.co/3wumz48d3q	O=0.9999891519546509|NORM_2WORD=5.622495336865541e-06|NORM_1WORD=2.835801296896534e-06|NORM_3PLUS=1.7672978174232412e-06
http://t.co/ekibwx80v1	O=0.9999868869781494|NORM_2WORD=7.244432254083222e-06|NORM_1WORD=2.5487456696282607e-06|NORM_3PLUS=1.965056526387343e-06

1	O=0.9985833168029785|NORM_2WORD=0.0011620069853961468|NORM_1WORD=0.00010570824815658852|NORM_3PLUS=8.3387982158456e-05
daily	O=0.9995860457420349|NORM_2WORD=0.00032906231353990734|NORM_3PLUS=3.570406624930911e-05|NORM_1WORD=2.3896169295767322e-05
follower	O=0.9993582367897034|NORM_2WORD=0.00057783885858953|NORM_3PLUS=3.22329651680775e-05|NORM_1WORD=1.8787322915159166e-05
.	O=0.9998831748962402|NORM_2WORD=9.195529855787754e-05|NORM_3PLUS=1.413175505149411e-05|NORM_1WORD=4.213436113786884e-06
3	O=0.9849786162376404|NORM_2WORD=0.008307785727083683|NORM_1WORD=0.004800241906195879|NORM_3PLUS=0.0012706402922049165
unfollowers	O=0.9991718530654907|NORM_2WORD=0.0007608705782331526|NORM_3PLUS=3.105644282186404e-05|NORM_1WORD=2.407122156000696e-05
.	O=0.9997748732566833|NORM_2WORD=0.0001855843438534066|NORM_3PLUS=2.4698794732103124e-05|NORM_1WORD=4.369631369627314e-06
justunfollow	NORM_2WORD=0.8129132390022278|O=0.13582947850227356|NORM_3PLUS=0.03261125460267067|NORM_1WORD=0.011095693334937096
doesn't	O=0.9996949434280396|NORM_2WORD=0.0002859747619368136|NORM_3PLUS=8.706799235369544e-06|NORM_1WORD=5.8043451645062305e-06
miss	O=0.9999316930770874|NORM_2WORD=5.087924000690691e-05|NORM_1WORD=1.0842696610779967e-05|NORM_3PLUS=4.4159373828733806e-06
a	O=0.9998291730880737|NORM_2WORD=0.00014977269165683538|NORM_3PLUS=8.99971473700134e-06|NORM_1WORD=8.69720406626584e-06
trick	O=0.9998928308486938|NORM_2WORD=7.25673307897523e-05|NORM_1WORD=2.6734884158940986e-05|NORM_3PLUS=4.797864221472992e-06
-	O=0.9998798370361328|NORM_2WORD=9.086963837035e-05|NORM_3PLUS=1.544484075566288e-05|NORM_1WORD=5.048989805800375e-06
via	O=0.9998564720153809|NORM_2WORD=0.00010531401494517922|NORM_3PLUS=2.4142153051798232e-05|NORM_1WORD=8.894224265532102e-06
http://t.co/ym32g3k2yx	O=0.9999697208404541|NORM_2WORD=1.5066790183482226e-05|NORM_1WORD=1.1930126674997155e-05|NORM_3PLUS=2.1671369268005947e-06

delhi	O=0.9999817609786987|NORM_2WORD=8.400233127758838e-06|NORM_1WORD=6.715118161082501e-06|NORM_3PLUS=1.5744360553071601e-06
dmu	O=0.9999585151672363|NORM_2WORD=2.3285154384211637e-05|NORM_1WORD=1.394320042891195e-05|NORM_3PLUS=2.725200147324358e-06
74024	O=0.999982476234436|NORM_1WORD=7.888050276960712e-06|NORM_2WORD=6.161649707792094e-06|NORM_3PLUS=1.9644369331217604e-06
started	O=0.999922513961792|NORM_1WORD=4.8934260121313855e-05|NORM_2WORD=1.5193876606645063e-05|NORM_3PLUS=5.772397798864404e-06
on	O=0.9999822378158569|NORM_1WORD=9.48471551964758e-06|NORM_2WORD=5.285734459903324e-06|NORM_3PLUS=1.649772229939117e-06
23/05/2014	O=0.999985933303833|NORM_1WORD=7.052919499983545e-06|NORM_2WORD=3.5195907912566327e-06|NORM_3PLUS=1.961042698894744e-06
reached	O=0.9998501539230347|NORM_1WORD=0.00010415491851745173|NORM_2WORD=2.4654409571667202e-05|NORM_3PLUS=1.0397007827123161e-05
its	O=0.9999666213989258|NORM_1WORD=2.3863534806878306e-05|NORM_2WORD=5.989685178064974e-06|NORM_3PLUS=1.9063038507738383e-06
destination	O=0.99992835521698|NORM_1WORD=4.951930168317631e-05|NORM_2WORD=1.273916586796986e-05|NORM_3PLUS=4.860990429733647e-06
dli	O=0.9999420642852783|NORM_1WORD=4.2513132939348e-05|NORM_2WORD=1.264933143829694e-05|NORM_3PLUS=1.5796857724126312e-06
and	O=0.99997878074646|NORM_1WORD=1.1080092008342035e-05|NORM_2WORD=6.304239832388703e-06|NORM_3PLUS=2.0472666619753e-06
was	O=0.9999477863311768|NORM_1WORD=3.512875991873443e-05|NORM_2WORD=1.0990517694153823e-05|NORM_3PLUS=3.4829679407266667e-06
70	O=0.9999557733535767|NORM_1WORD=2.917261554102879e-05|NORM_2WORD=1.1068314961448777e-05|NORM_3PLUS=2.526101525290869e-06
mins	NORM_1WORD=0.9996378421783447|NORM_2WORD=0.00023585668532177806|O=0.00010459192708367482|NORM_3PLUS=1.5011526556918398e-05
late	O=0.9999504089355469|NORM_1WORD=3.3396889193682e-05|NORM_2WORD=1.0080827451020014e-05|NORM_3PLUS=3.2014522730605677e-06
http://t.co/umlpibbxbb	O=0.9999895095825195|NORM_2WORD=4.390907633933239e-06|NORM_1WORD=4.306870778236771e-06|NORM_3PLUS=9.777445484360214e-07

rt	O=0.9999774694442749|NORM_2WORD=1.11857498268364e-05|NORM_1WORD=4.770652139995946e-06|NORM_3PLUS=3.3398825962649425e-06
@wizkhalifa	O=0.9999855756759644|NORM_2WORD=7.676537279621698e-06|NORM_3PLUS=2.628752781674848e-06|NORM_1WORD=2.0669556306529557e-06
:	O=0.999988317489624|NORM_2WORD=4.6451136768155266e-06|NORM_1WORD=2.61924560618354e-06|NORM_3PLUS=2.0301147287682397e-06
no	O=0.9999842643737793|NORM_2WORD=6.755157301086001e-06|NORM_1WORD=4.169200110482052e-06|NORM_3PLUS=2.187138534281985e-06
matter	O=0.9999778270721436|NORM_1WORD=1.2169343790446874e-05|NORM_2WORD=5.975409294478595e-06|NORM_3PLUS=1.8971519466504105e-06
how	O=0.9999575614929199|NORM_2WORD=1.9579158106353134e-05|NORM_1WORD=1.0656299309630413e-05|NORM_3PLUS=5.48410071132821e-06
much	O=0.9999831914901733|NORM_2WORD=1.0186305189563427e-05|NORM_1WORD=2.8773661142622586e-06|NORM_3PLUS=2.036431396845728e-06
money	O=0.9999749660491943|NORM_2WORD=1.2962392247573007e-05|NORM_1WORD=4.138290933042299e-06|NORM_3PLUS=3.419755330469343e-06
i	O=0.9999784231185913|NORM_1WORD=9.468629286857322e-06|NORM_2WORD=5.967252036498394e-06|NORM_3PLUS=3.2680886761227157e-06
make	O=0.9999834299087524|NORM_2WORD=9.285164196626283e-06|NORM_1WORD=3.061881216126494e-06|NORM_3PLUS=1.7879698361866758e-06
,	O=0.9999847412109375|NORM_2WORD=7.335329428315163e-06|NORM_1WORD=2.867006060114363e-06|NORM_3PLUS=2.7741425583371893e-06
im	NORM_1WORD=0.9999384880065918|NORM_3PLUS=3.562623533071019e-05|NORM_2WORD=9.59577846515458e-06|O=8.65210677147843e-06
gon	NORM_1WORD=0.9999449253082275|NORM_3PLUS=2.3621314539923333e-05|NORM_2WORD=1.2655775208259001e-05|O=1.207790683110943e-05
stay	O=0.9999744892120361|NORM_2WORD=1.2144885658926796e-05|NORM_1WORD=6.791225587221561e-06|NORM_3PLUS=3.3309438549622428e-06
the	O=0.9999701976776123|NORM_2WORD=1.9331268049427308e-05|NORM_1WORD=5.668701760441763e-06|NORM_3PLUS=2.2973629256739514e-06
same	O=0.9999818801879883|NORM_2WORD=1.00591723821708e-05|NORM_1WORD=3.3561716463736957e-06|NORM_3PLUS=2.534722170821624e-06
.	O=0.9999874830245972|NORM_2WORD=4.711235760623822e-06|NORM_3PLUS=3.1293252504838165e-06|NORM_1WORD=2.3465181584469974e-06

i	O=0.9999814033508301|NORM_1WORD=8.253410669567529e-06|NORM_2WORD=5.951760158495745e-06|NORM_3PLUS=2.395494675511145e-06
liked	O=0.9999599456787109|NORM_1WORD=1.8242777514387853e-05|NORM_2WORD=1.7760617993189953e-05|NORM_3PLUS=2.1577470761258155e-06
a	O=0.9999582767486572|NORM_2WORD=2.5071583877434023e-05|NORM_1WORD=6.994123395998031e-06|NORM_3PLUS=5.717623025702778e-06
@youtube	O=0.9999561309814453|NORM_2WORD=2.781402326945681e-05|NORM_1WORD=6.923926775925793e-06|NORM_3PLUS=6.060746727598598e-06
video	O=0.9999735355377197|NORM_2WORD=1.0775597729661968e-05|NORM_1WORD=9.149658581009135e-06|NORM_3PLUS=3.50712639374251e-06
http://t.co/4o3mmaet7y	O=0.9999842643737793|NORM_1WORD=6.922774900885997e-06|NORM_2WORD=6.62057891531731e-06|NORM_3PLUS=1.3607580058305757e-06
french	O=0.9999691247940063|NORM_2WORD=1.3774398212262895e-05|NORM_1WORD=1.2837155736633576e-05|NORM_3PLUS=2.520311909393058e-06
open	O=0.9999732971191406|NORM_1WORD=1.7013449905789457e-05|NORM_2WORD=6.008742730045924e-06|NORM_3PLUS=1.94250128515705e-06
in	O=0.999967098236084|NORM_1WORD=2.0810544810956344e-05|NORM_2WORD=7.774278856231831e-06|NORM_3PLUS=2.0036193291161908e-06
the	O=0.9999816417694092|NORM_2WORD=9.338500603917055e-06|NORM_1WORD=4.778786205861252e-06|NORM_3PLUS=2.404958195256768e-06
rain	O=0.9999295473098755|NORM_1WORD=4.5037741074338555e-05|NORM_2WORD=1.3069620763417333e-05|NORM_3PLUS=5.546822649193928e-06
with	O=0.999948263168335|NORM_1WORD=1.9530620193108916e-05|NORM_2WORD=1.552548201289028e-05|NORM_3PLUS=8.030530807445757e-06
novak	O=0.999974250793457|NORM_1WORD=1.2794505892088637e-05|NORM_2WORD=8.376249752473086e-06|NORM_3PLUS=2.61528271039424e-06
djokovic	O=0.9999477863311768|NORM_1WORD=3.097923763561994e-05|NORM_2WORD=1.0733853741839994e-05|NORM_3PLUS=4.812150564248441e-06

rt	O=0.999982476234436|NORM_2WORD=8.429996341874357e-06|NORM_1WORD=5.068096015747869e-06|NORM_3PLUS=1.9520273326634197e-06
@bharat_putra	O=0.9999879598617554|NORM_2WORD=5.994001639919588e-06|NORM_1WORD=3.0335042993101524e-06|NORM_3PLUS=1.4021479728398845e-06
:	O=0.9999884366989136|NORM_2WORD=4.262819402356399e-06|NORM_1WORD=3.510621809255099e-06|NORM_3PLUS=1.5929297205730109e-06
shazia	O=0.9999833106994629|NORM_2WORD=7.198731964308536e-06|NORM_1WORD=5.367555331758922e-06|NORM_3PLUS=2.5227282094419934e-06
ilmi	O=0.9999842643737793|NORM_2WORD=8.675994649820495e-06|NORM_1WORD=2.984179673148901e-06|NORM_3PLUS=2.49590220846585e-06
has	O=0.9999700784683228|NORM_1WORD=1.5370438632089645e-05|NORM_2WORD=9.89596446743235e-06|NORM_3PLUS=2.1831190224474994e-06
blown	O=0.9999650716781616|NORM_2WORD=1.6915961168706417e-05|NORM_1WORD=1.5550918760709465e-05|NORM_3PLUS=1.2217254834467894e-06
the	O=0.9999815225601196|NORM_2WORD=9.907749699777924e-06|NORM_1WORD=3.879116320604226e-06|NORM_3PLUS=2.2306803657556884e-06
lid	O=0.9999617338180542|NORM_1WORD=1.986107054108288e-05|NORM_2WORD=1.1716066182998475e-05|NORM_3PLUS=2.5566030217305524e-06
over	O=0.9999845027923584|NORM_1WORD=7.192406883405056e-06|NORM_2WORD=5.567686002905248e-06|NORM_3PLUS=1.527850827187649e-06
inner	O=0.9999626874923706|NORM_1WORD=2.352798037463799e-05|NORM_2WORD=1.0757389645732474e-05|NORM_3PLUS=1.5245353779391735e-06
party	O=0.9999567270278931|NORM_1WORD=2.3264426999958232e-05|NORM_2WORD=1.4964878573664464e-05|NORM_3PLUS=2.4384059997828444e-06
democracy	O=0.9999103546142578|NORM_1WORD=6.876124098198488e-05|NORM_2WORD=1.6223064449150115e-05|NORM_3PLUS=2.2197034468263155e-06
claim	O=0.9999407529830933|NORM_1WORD=4.419017204781994e-05|NORM_2WORD=1.0632719749992248e-05|NORM_3PLUS=1.8072393004331389e-06
of	O=0.999974250793457|NORM_1WORD=1.5666500985389575e-05|NORM_2WORD=5.2943842092645355e-06|NORM_3PLUS=1.9350020465935813e-06
@arvindkejriwal	O=0.9999866485595703|NORM_2WORD=6.726739684381755e-06|NORM_1WORD=3.246795131417457e-06|NORM_3PLUS=1.974638507817872e-06
the	O=0.9999862909317017|NORM_1WORD=5.3124640544410795e-06|NORM_2WORD=4.642951353162061e-06|NORM_3PLUS=1.833789724514645e-06
dictator	O=0.9999682903289795|NORM_1WORD=1.4356765859702136e-05|NORM_2WORD=9.688526006357279e-06|NORM_3PLUS=4.107594577362761e-06
.	O=0.9999884366989136|NORM_2WORD=3.928183559764875e-06|NORM_1WORD=2.9424409149214625e-06|NORM_3PLUS=2.412863523204578e-06

@elanie_rod	O=0.9999862909317017|NORM_1WORD=5.40982455277117e-06|NORM_2WORD=4.412844191392651e-06|NORM_3PLUS=1.927163339132676e-06
im	NORM_1WORD=0.9999206066131592|NORM_3PLUS=4.933682066621259e-05|NORM_2WORD=1.1261546205787454e-05|O=8.950497431214899e-06
sorrry	NORM_1WORD=0.9997555613517761|O=0.00015740259550511837|NORM_2WORD=6.677703640889376e-05|NORM_3PLUS=1.5830348274903372e-05
imma	NORM_3PLUS=0.9991759657859802|NORM_2WORD=0.0004120290104765445|O=4.046857065986842e-05|NORM_1WORD=2.0385470634209923e-05
text	O=0.9999732971191406|NORM_1WORD=1.749540570017416e-05|NORM_2WORD=6.997378022788325e-06|NORM_3PLUS=1.5409727893711533e-06
you	O=0.999983549118042|NORM_1WORD=7.1861882133816835e-06|NORM_2WORD=6.26398423264618e-06|NORM_3PLUS=1.8418802483211039e-06
now	O=0.9999830722808838|NORM_1WORD=8.13198676041793e-06|NORM_2WORD=5.712728579965187e-06|NORM_3PLUS=1.6577619135205168e-06

@pjdoyle17	O=0.999985933303833|NORM_2WORD=5.997253992973128e-06|NORM_1WORD=3.36364814756962e-06|NORM_3PLUS=2.4297139589180006e-06
warm	O=0.9999836683273315|NORM_1WORD=6.417486929422012e-06|NORM_2WORD=6.1135197029216215e-06|NORM_3PLUS=1.9609183254942764e-06
milk	O=0.9999638795852661|NORM_1WORD=1.8920960428658873e-05|NORM_2WORD=1.232452177646337e-05|NORM_3PLUS=2.77531262327102e-06
?!	O=0.9999845027923584|NORM_2WORD=6.82472318658256e-06|NORM_1WORD=3.628339300121297e-06|NORM_3PLUS=2.79424193649902e-06
what	O=0.9999897480010986|NORM_1WORD=5.337956736184424e-06|NORM_2WORD=3.1080458029464353e-06|NORM_3PLUS=9.302678449785162e-07
r	NORM_1WORD=0.9999573230743408|O=2.3072412659530528e-05|NORM_3PLUS=8.237711881520227e-06|NORM_2WORD=7.954647117003333e-06
u	NORM_1WORD=0.9999594688415527|NORM_3PLUS=1.6538075215066783e-05|O=9.214969395543449e-06|NORM_2WORD=7.476557129848516e-06
5	O=0.9999445676803589|NORM_1WORD=3.8178939576027915e-05|NORM_2WORD=1.4032970284461044e-05|NORM_3PLUS=2.107079353663721e-06
??	O=0.9999873638153076|NORM_1WORD=4.518043624557322e-06|NORM_2WORD=4.4845728552900255e-06|NORM_3PLUS=1.4825394600848085e-06
how	O=0.9999862909317017|NORM_1WORD=8.035478458623402e-06|NORM_2WORD=3.4732308904494857e-06|NORM_3PLUS=1.0260487215418834e-06
bout	NORM_1WORD=0.9999556541442871|O=2.5794233806664124e-05|NORM_2WORD=8.724908184376545e-06|NORM_3PLUS=6.35028436590801e-06
an	O=0.9999890327453613|NORM_2WORD=5.745128419221146e-06|NORM_1WORD=3.387047627256834e-06|NORM_3PLUS=1.0823526963577024e-06
ambien	O=0.9999803304672241|NORM_1WORD=9.42179758567363e-06|NORM_2WORD=7.962655217852443e-06|NORM_3PLUS=1.4825714060862083e-06
?	O=0.9999886751174927|NORM_2WORD=4.463734967430355e-06|NORM_1WORD=3.8105561088741524e-06|NORM_3PLUS=1.408689627169224e-06
#thatswhyweloveu	O=0.9999703168869019|NORM_2WORD=2.1080653823446482e-05|NORM_1WORD=5.819430953124538e-06|NORM_3PLUS=2.0928246158291586e-06

@camilacabello97	O=0.9999855756759644|NORM_2WORD=5.995714218443027e-06|NORM_3PLUS=3.0290423183032544e-06|NORM_1WORD=2.9514653760998044e-06
#askcamila	O=0.9999886751174927|NORM_2WORD=6.007420324749546e-06|NORM_1WORD=2.277477733514388e-06|NORM_3PLUS=1.765575348144921e-06
what	O=0.9999891519546509|NORM_2WORD=4.293839992897119e-06|NORM_1WORD=3.4388312997180037e-06|NORM_3PLUS=1.4087817135077785e-06
you	O=0.9999889135360718|NORM_2WORD=4.867779807682382e-06|NORM_1WORD=3.343350044815452e-06|NORM_3PLUS=1.5080239563758369e-06
like	O=0.9999850988388062|NORM_1WORD=5.817624696646817e-06|NORM_2WORD=5.768526989413658e-06|NORM_3PLUS=1.6627781178613077e-06
to	O=0.9999876022338867|NORM_2WORD=6.344397661450785e-06|NORM_1WORD=3.2059772365755634e-06|NORM_3PLUS=1.5390047565233544e-06
eat	O=0.9999895095825195|NORM_1WORD=4.472021828405559e-06|NORM_2WORD=3.717693289218005e-06|NORM_3PLUS=1.1637454235824407e-06
here	O=0.9999890327453613|NORM_2WORD=5.171096745471004e-06|NORM_1WORD=3.149055601170403e-06|NORM_3PLUS=1.262890918951598e-06
in	O=0.9999876022338867|NORM_1WORD=5.367506673792377e-06|NORM_2WORD=4.537821951089427e-06|NORM_3PLUS=1.225975665875012e-06
brazil	O=0.999819815158844|NORM_1WORD=0.00014967389870435|NORM_2WORD=2.095078343700152e-05|NORM_3PLUS=5.9767098719021305e-06
???????	O=0.9999861717224121|NORM_2WORD=5.34118134964956e-06|NORM_1WORD=4.577071194944438e-06|NORM_3PLUS=1.6220775478359428e-06
follow	O=0.9999796152114868|NORM_1WORD=1.0789586667669937e-05|NORM_2WORD=5.609599156741751e-06|NORM_3PLUS=1.8252438849231112e-06
me	O=0.9999904632568359|NORM_1WORD=3.815039235632867e-06|NORM_2WORD=3.7943932511552703e-06|NORM_3PLUS=9.455004033043224e-07
please	O=0.9999890327453613|NORM_1WORD=5.954501375526888e-06|NORM_2WORD=3.1439665235666325e-06|NORM_3PLUS=1.1041939842471038e-06
camila	O=0.999984622001648|NORM_2WORD=7.929860657895915e-06|NORM_1WORD=4.941492079524323e-06|NORM_3PLUS=1.5392571413030964e-06
ilysm	O=0.9998478889465332|NORM_2WORD=0.00011387474660295993|NORM_1WORD=2.926040906459093e-05|NORM_3PLUS=7.361858934018528e-06
<3	O=0.9999878406524658|NORM_1WORD=4.332904154580319e-06|NORM_2WORD=4.085441560164327e-06|NORM_3PLUS=1.8327033330933773e-06

rt	O=0.9999839067459106|NORM_2WORD=7.617846222274238e-06|NORM_1WORD=4.423674909048714e-06|NORM_3PLUS=2.187396148656262e-06
@rsherman_25	O=0.9999874830245972|NORM_2WORD=5.702074759028619e-06|NORM_1WORD=2.4757287064858247e-06|NORM_3PLUS=2.2795438781031407e-06
:	O=0.9999881982803345|NORM_2WORD=4.579189408104867e-06|NORM_1WORD=2.745616029642406e-06|NORM_3PLUS=1.9002299040948856e-06
@realpeterson21	O=0.9999841451644897|NORM_2WORD=6.9994157456676476e-06|NORM_3PLUS=2.8548520276672207e-06|NORM_1WORD=2.575081225586473e-06
wideouts	O=0.9998979568481445|NORM_2WORD=7.031390850897878e-05|NORM_1WORD=2.6023268219432794e-05|NORM_3PLUS=3.807700522884261e-06
regularly	O=0.9999574422836304|NORM_2WORD=1.7439790099160746e-05|NORM_1WORD=1.1704824828484561e-05|NORM_3PLUS=6.433459020627197e-06
have	O=0.999987006187439|NORM_2WORD=5.85294037591666e-06|NORM_1WORD=4.124055067222798e-06|NORM_3PLUS=1.6228973436227534e-06
career	O=0.9999635219573975|NORM_1WORD=1.7517355445306748e-05|NORM_2WORD=1.0643574569257908e-05|NORM_3PLUS=3.781041414185893e-06
days	O=0.9999703168869019|NORM_1WORD=1.2542525837488938e-05|NORM_2WORD=1.1305623957014177e-05|NORM_3PLUS=3.1195547762763454e-06
on	O=0.9999780654907227|NORM_1WORD=1.0000775546359364e-05|NORM_2WORD=8.645733942103107e-06|NORM_3PLUS=1.7274362562602619e-06
u	NORM_1WORD=0.999954342842102|O=1.4302599993243348e-05|NORM_3PLUS=1.404408521921141e-05|NORM_2WORD=9.46229829423828e-06
.	O=0.999987006187439|NORM_2WORD=5.402842361945659e-06|NORM_1WORD=2.9020891361142276e-06|NORM_3PLUS=2.576818133093184e-06
they	O=0.99997878074646|NORM_1WORD=7.557414846814936e-06|NORM_2WORD=6.827476681792177e-06|NORM_3PLUS=3.634157110354863e-06
ask	O=0.999968409538269|NORM_1WORD=1.519606576039223e-05|NORM_2WORD=1.0572124665486626e-05|NORM_3PLUS=3.0717585559614236e-06
u	NORM_1WORD=0.9999598264694214|O=1.48589642776642e-05|NORM_3PLUS=1.0790524356707465e-05|NORM_2WORD=8.465663995593786e-06
to	O=0.9999727010726929|NORM_2WORD=1.0525791367399506e-05|NORM_1WORD=8.681381586939096e-06|NORM_3PLUS=4.461297521629604e-06
stop	O=0.9999681711196899|NORM_1WORD=1.608208185643889e-05|NORM_2WORD=8.558544323022943e-06|NORM_3PLUS=3.5802891034109052e-06
them	O=0.9999510049819946|NORM_1WORD=1.8294515029992908e-05|NORM_2WORD=1.539455661259126e-05|NORM_3PLUS=8.17284580989508e-06
.	O=0.9999856948852539|NORM_2WORD=5.570555458689341e-06|NORM_1WORD=3.1832373679208104e-06|NORM_3PLUS=3.1702736578154145e-06
not	O=0.9999837875366211|NORM_2WORD=5.891309683647705e-06|NORM_1WORD=5.433061687654117e-06|NORM_3PLUS=2.638923433551099e-06
let	O=0.9999779462814331|NORM_1WORD=1.0323519745725207e-05|NORM_2WORD=6.485095127573004e-06|NORM_3PLUS=2.9633872600243194e-06
them	O=0.9999730587005615|NORM_2WORD=9.04300577531103e-06|NORM_1WORD=8.344229172507767e-06|NORM_3PLUS=5.649871127388906e-06
score	O=0.9999407529830933|NORM_1WORD=3.288867446826771e-05|NORM_2WORD=1.4960914995754138e-05|NORM_3PLUS=5.98568158238777e-06
at	O=0.9999791383743286|NORM_1WORD=1.3190290701459162e-05|NORM_2WORD=5.378406058298424e-06|NORM_3PLUS=1.2693432154264883e-06
will	O=0.9999666213989258|NORM_1WORD=1.5988831364666112e-05|NORM_2WORD=1.0036634193966165e-05|NORM_3PLUS=4.8920014705799986e-06
.	O=0.9999852180480957|NORM_2WORD=5.126369615027215e-06|NORM_3PLUS=3.5947196010965854e-06|NORM_1WORD=3.4123331715818495e-06

lmao	O=0.999982476234436|NORM_2WORD=1.0622633453749586e-05|NORM_3PLUS=2.8421907245501643e-06|NORM_1WORD=2.437696821289137e-06
"	O=0.9999885559082031|NORM_2WORD=4.8617612264934e-06|NORM_1WORD=2.424926378807868e-06|NORM_3PLUS=1.88817432444921e-06
@tweetgodfada	O=0.9999874830245972|NORM_2WORD=5.848880846315296e-06|NORM_1WORD=4.1111848076980095e-06|NORM_3PLUS=1.2077285873601795e-06
:	O=0.9999872446060181|NORM_1WORD=4.666251697926782e-06|NORM_2WORD=4.176690254098503e-06|NORM_3PLUS=1.6200216350625851e-06
one	O=0.999985933303833|NORM_1WORD=5.526363111130195e-06|NORM_2WORD=5.230952865531435e-06|NORM_3PLUS=1.3613482678920263e-06
outright	O=0.9999692440032959|NORM_2WORD=1.458140650356654e-05|NORM_1WORD=1.3609575944428798e-05|NORM_3PLUS=1.740325160426437e-06
fool	O=0.9999771118164062|NORM_1WORD=1.1831673873530235e-05|NORM_2WORD=6.347563157760305e-06|NORM_3PLUS=2.089576128128101e-06
just	O=0.9999810457229614|NORM_2WORD=7.594857834192226e-06|NORM_1WORD=6.428256710933056e-06|NORM_3PLUS=2.0152738215983845e-06
came	O=0.9999616146087646|NORM_1WORD=2.219340058218222e-05|NORM_2WORD=1.037763104250189e-05|NORM_3PLUS=2.4658838810864836e-06
into	O=0.9999867677688599|NORM_1WORD=5.605616934190039e-06|NORM_2WORD=5.483340373757528e-06|NORM_3PLUS=9.142239605353097e-07
my	O=0.9999849796295166|NORM_2WORD=8.65642141434364e-06|NORM_1WORD=2.9772913876513485e-06|NORM_3PLUS=1.5527376717727748e-06
dm	NORM_2WORD=0.9912247061729431|O=0.006125793792307377|NORM_1WORD=0.0014857235364615917|NORM_3PLUS=0.0010980218648910522
to	O=0.9999830722808838|NORM_2WORD=8.848131983540952e-06|NORM_1WORD=4.2696683522081e-06|NORM_3PLUS=1.7297790009251912e-06
ask	O=0.9999827146530151|NORM_2WORD=7.2229886427521706e-06|NORM_1WORD=6.406962711480446e-06|NORM_3PLUS=1.532873056930839e-06
me	O=0.9999891519546509|NORM_2WORD=5.032901754020713e-06|NORM_1WORD=2.9140539936634013e-06|NORM_3PLUS=1.284397058043396e-06
if	O=0.9999830722808838|NORM_2WORD=7.196437309175963e-06|NORM_1WORD=5.156980932952138e-06|NORM_3PLUS=1.993513478737441e-06
the	O=0.9999756813049316|NORM_2WORD=1.2338873602857348e-05|NORM_1WORD=6.744767233612947e-06|NORM_3PLUS=2.183982587666833e-06
girl	O=0.9999817609786987|NORM_1WORD=9.568094355927315e-06|NORM_2WORD=5.954600055702031e-06|NORM_3PLUS=1.2893210623587947e-06
in	O=0.9999797344207764|NORM_1WORD=1.0288842531736009e-05|NORM_2WORD=7.666038072784431e-06|NORM_3PLUS=1.081160348803678e-06
my	O=0.9999830722808838|NORM_2WORD=7.541809281974565e-06|NORM_1WORD=4.059214916196652e-06|NORM_3PLUS=2.1692733298550593e-06
avi	O=0.9999327659606934|NORM_1WORD=3.8349160604411736e-05|NORM_2WORD=2.592422424640972e-05|NORM_3PLUS=2.0482837044255575e-06
is	O=0.9999790191650391|NORM_1WORD=9.843418411037419e-06|NORM_2WORD=7.5839279816136695e-06|NORM_3PLUS=1.659819645283278e-06
my	O=0.9999849796295166|NORM_2WORD=6.714928531437181e-06|NORM_1WORD=4.58099157185643e-06|NORM_3PLUS=1.6746195115047158e-06
gf	NORM_1WORD=0.6393067240715027|O=0.25313523411750793|NORM_2WORD=0.10706552863121033|NORM_3PLUS=0.00040674704359844327
....	O=0.9999854564666748|NORM_2WORD=6.356981430144515e-06|NORM_1WORD=3.0790142773184925e-06|NORM_3PLUS=3.0578719361074036e-06
"	O=0.9999874830245972|NORM_2WORD=4.039483883389039e-06|NORM_1WORD=3.295648184575839e-06|NORM_3PLUS=2.270017830596771e-06

rt	O=0.9999754428863525|NORM_2WORD=1.4263942830439191e-05|NORM_1WORD=4.090684797120048e-06|NORM_3PLUS=3.2153843676496763e-06
@miilkkk	O=0.9999767541885376|NORM_2WORD=1.5909277863102034e-05|NORM_1WORD=3.7148677165532717e-06|NORM_3PLUS=2.440851176288561e-06
:	O=0.9999861717224121|NORM_2WORD=7.307919986487832e-06|NORM_1WORD=2.22421999751532e-06|NORM_3PLUS=2.01444822778285e-06
best	O=0.9999874830245972|NORM_2WORD=6.782212949474342e-06|NORM_1WORD=3.1564622986479662e-06|NORM_3PLUS=1.2861403320130194e-06
snapchat	O=0.9999454021453857|NORM_2WORD=4.094744144822471e-05|NORM_1WORD=7.361979896813864e-06|NORM_3PLUS=3.815474883595016e-06
i've	O=0.9999406337738037|NORM_1WORD=2.7977361241937615e-05|NORM_2WORD=2.7892405341845006e-05|NORM_3PLUS=2.299741481692763e-06
seen	O=0.9999815225601196|NORM_2WORD=8.926491318561602e-06|NORM_1WORD=5.77208311369759e-06|NORM_3PLUS=2.1382102204370312e-06
all	O=0.9999799728393555|NORM_2WORD=9.671947736933362e-06|NORM_1WORD=7.845575055398513e-06|NORM_3PLUS=1.2593843621289125e-06
day	O=0.9999865293502808|NORM_2WORD=7.867722160881385e-06|NORM_1WORD=4.1443931877438445e-06|NORM_3PLUS=9.928602366926498e-07
lmao	O=0.9999222755432129|NORM_2WORD=5.687504381057806e-05|NORM_1WORD=9.962343028746545e-06|NORM_3PLUS=8.16867577668745e-06
...	O=0.9999661445617676|NORM_2WORD=1.786072061804589e-05|NORM_3PLUS=5.0459739213692956e-06|NORM_1WORD=4.457738668861566e-06
http://t.co/euximfm9qg	O=0.9999839067459106|NORM_2WORD=1.0490493878023699e-05|NORM_1WORD=3.0152521048876224e-06|NORM_3PLUS=1.5416770793308388e-06

||	O=0.9999632835388184|NORM_2WORD=2.0864717953372747e-05|NORM_1WORD=7.164193448261358e-06|NORM_3PLUS=5.173616955289617e-06
your	O=0.9999794960021973|NORM_2WORD=8.47698720463086e-06|NORM_1WORD=6.396886874426855e-06|NORM_3PLUS=2.7102400963485707e-06
account	O=0.9999688863754272|NORM_2WORD=1.4537038623529952e-05|NORM_1WORD=1.0092384400195442e-05|NORM_3PLUS=3.281001227151137e-06
is	O=0.9999632835388184|NORM_1WORD=1.6048525139922276e-05|NORM_2WORD=1.3841819054505322e-05|NORM_3PLUS=3.630103492469061e-06
perfect	O=0.9999780654907227|NORM_1WORD=8.301607522298582e-06|NORM_2WORD=8.218595212383661e-06|NORM_3PLUS=2.8417014164006105e-06
you're	O=0.9999728202819824|NORM_1WORD=1.608893580851145e-05|NORM_2WORD=8.092023563222028e-06|NORM_3PLUS=1.6820032442410593e-06
so	O=0.9999761581420898|NORM_1WORD=1.1060299584642053e-05|NORM_2WORD=9.738227163325064e-06|NORM_3PLUS=1.3522230801754631e-06
pretty	O=0.9999831914901733|NORM_1WORD=7.088084657880245e-06|NORM_2WORD=5.862073066964513e-06|NORM_3PLUS=1.992280203921837e-06
and	O=0.9999744892120361|NORM_2WORD=1.3640922588820104e-05|NORM_1WORD=6.8942645157221705e-06|NORM_3PLUS=3.058168204006506e-06
your	O=0.9999680519104004|NORM_1WORD=1.3655660040967632e-05|NORM_2WORD=1.3234169273346197e-05|NORM_3PLUS=2.663597115315497e-06
bio	O=0.9899284243583679|NORM_1WORD=0.006456885952502489|NORM_2WORD=0.0034344547893851995|NORM_3PLUS=0.00014865360572002828
same	O=0.999976396560669|NORM_2WORD=1.1940986041736323e-05|NORM_1WORD=9.082992619369179e-06|NORM_3PLUS=1.646705300117901e-06
stay	O=0.9999808073043823|NORM_2WORD=8.289873221656308e-06|NORM_1WORD=7.761420420138165e-06|NORM_3PLUS=1.8218652257928625e-06
perf	NORM_2WORD=0.9837622046470642|NORM_1WORD=0.012373154982924461|O=0.002281513763591647|NORM_3PLUS=0.0014875216875225306
x	O=0.9999667406082153|NORM_1WORD=1.825774961616844e-05|NORM_2WORD=1.0749915418273304e-05|NORM_3PLUS=2.692278485483257e-06

rt	O=0.9999719858169556|NORM_2WORD=1.232331578648882e-05|NORM_1WORD=9.980954928323627e-06|NORM_3PLUS=3.1903753097139997e-06
@syainaquiah	O=0.9999861717224121|NORM_2WORD=7.660767550987657e-06|NORM_1WORD=3.1402237254951615e-06|NORM_3PLUS=1.7967059875445557e-06
:	O=0.9999874830245972|NORM_2WORD=4.717373030871386e-06|NORM_1WORD=3.803697154580732e-06|NORM_3PLUS=1.856291191870696e-06
stop	O=0.9999730587005615|NORM_1WORD=1.29540267153061e-05|NORM_2WORD=8.24115068098763e-06|NORM_3PLUS=2.7388402941141976e-06
acting	O=0.999976396560669|NORM_1WORD=1.2847377547586802e-05|NORM_2WORD=7.892057510616723e-06|NORM_3PLUS=1.616557824490883e-06
like	O=0.9999809265136719|NORM_1WORD=7.57624366087839e-06|NORM_2WORD=7.368500064330874e-06|NORM_3PLUS=2.052083573289565e-06
nothing	O=0.9999774694442749|NORM_1WORD=8.817530215310398e-06|NORM_2WORD=7.414341780531686e-06|NORM_3PLUS=2.7456205771159148e-06
happened	O=0.9999474287033081|NORM_1WORD=2.7815585781354457e-05|NORM_2WORD=1.2819064977520611e-05|NORM_3PLUS=5.078766207589069e-06
for	O=0.999988317489624|NORM_1WORD=6.063970886316383e-06|NORM_2WORD=3.5240593661001185e-06|NORM_3PLUS=1.0522769571252866e-06
god	O=0.9999858140945435|NORM_1WORD=7.281655143742682e-06|NORM_2WORD=4.870634711551247e-06|NORM_3PLUS=9.752227470016805e-07
sakelah	O=0.9998569488525391|NORM_1WORD=7.464610098395497e-05|NORM_2WORD=6.262257375055924e-05|NORM_3PLUS=4.804391210200265e-06
weh	O=0.9999672174453735|NORM_1WORD=2.2209424059838057e-05|NORM_2WORD=8.718952813069336e-06|NORM_3PLUS=1.2584318938024808e-06
omg	O=0.9999703168869019|NORM_1WORD=1.3957067494629882e-05|NORM_2WORD=1.3349743312573992e-05|NORM_3PLUS=1.5180719401541864e-06
.	O=0.9999891519546509|NORM_2WORD=3.7751608488179045e-06|NORM_1WORD=3.681514272102504e-06|NORM_3PLUS=1.9629478629212826e-06

#update	O=0.9999692440032959|NORM_2WORD=2.1127465515746735e-05|NORM_1WORD=4.466475729714148e-06|NORM_3PLUS=3.0750820769753773e-06
trailer	O=0.9999597072601318|NORM_1WORD=1.8073244063998573e-05|NORM_2WORD=1.6260451957350597e-05|NORM_3PLUS=2.542190259191557e-06
of	O=0.9999861717224121|NORM_1WORD=5.855352355865762e-06|NORM_2WORD=5.094646439829376e-06|NORM_3PLUS=1.142698579315038e-06
sdtg	O=0.9999724626541138|NORM_2WORD=1.3525978829420637e-05|NORM_1WORD=1.1479240129119717e-05|NORM_3PLUS=1.2057126923536998e-06
will	O=0.9999809265136719|NORM_2WORD=8.45420072437264e-06|NORM_1WORD=7.249178452184424e-06|NORM_3PLUS=1.8693665424507344e-06
be	O=0.9999864101409912|NORM_2WORD=6.0489137467811815e-06|NORM_1WORD=4.750867447000928e-06|NORM_3PLUS=1.4243282748793717e-06
shown	O=0.9999599456787109|NORM_1WORD=1.608992533874698e-05|NORM_2WORD=1.481318031437695e-05|NORM_3PLUS=4.094208179594716e-06
sa	O=0.9997549653053284|NORM_1WORD=0.00016429231618531048|NORM_2WORD=7.003416976658627e-05|NORM_3PLUS=7.507606369472342e-06
primiere	O=0.9991933703422546|NORM_1WORD=0.0005376763874664903|NORM_2WORD=0.000241951594944112|NORM_3PLUS=2.0586665414157324e-05
night	O=0.9999834299087524|NORM_2WORD=7.590133009216515e-06|NORM_1WORD=6.646960628131637e-06|NORM_3PLUS=1.1778693078667857e-06
ng	O=0.9859888553619385|NORM_1WORD=0.013233064673841|NORM_2WORD=0.0007115770131349564|NORM_3PLUS=3.8029244024073705e-05
maybe	O=0.999976396560669|NORM_2WORD=1.1367023944330867e-05|NORM_1WORD=8.665085260872729e-06|NORM_3PLUS=1.6675007827871013e-06
this	O=0.9999839067459106|NORM_2WORD=8.413013347308151e-06|NORM_1WORD=4.586919203575235e-06|NORM_3PLUS=1.2353332294878783e-06
time	O=0.9999823570251465|NORM_2WORD=8.124251507979352e-06|NORM_1WORD=7.062654276523972e-06|NORM_3PLUS=1.0257492704113247e-06
:))	O=0.9999712705612183|NORM_1WORD=1.3736529581365176e-05|NORM_2WORD=8.840554983180482e-06|NORM_3PLUS=2.4549638055759715e-06
-selaii	O=0.9999710321426392|NORM_1WORD=1.3457496606861241e-05|NORM_2WORD=1.2510518899944145e-05|NORM_3PLUS=1.8590171748655848e-06

rt	O=0.9999785423278809|NORM_2WORD=1.032118234434165e-05|NORM_1WORD=6.007112915540347e-06|NORM_3PLUS=2.703767904677079e-06
@worldstarfunny	O=0.9999886751174927|NORM_2WORD=5.953750132903224e-06|NORM_1WORD=3.5544719594327034e-06|NORM_3PLUS=1.19025378353399e-06
:	O=0.9999878406524658|NORM_2WORD=5.583907295658719e-06|NORM_1WORD=2.8021313482895494e-06|NORM_3PLUS=1.7742294176059659e-06
bruh	NORM_1WORD=0.9999439716339111|O=3.1470208341488615e-05|NORM_2WORD=1.148460796684958e-05|NORM_3PLUS=9.42027872952167e-06
.	O=0.9999792575836182|NORM_2WORD=8.858153705659788e-06|NORM_1WORD=4.6679724619025365e-06|NORM_3PLUS=4.454133886611089e-06
this	O=0.9999842643737793|NORM_1WORD=7.200187610578723e-06|NORM_2WORD=6.0758015933970455e-06|NORM_3PLUS=1.1205304417671869e-06
why	O=0.9999865293502808|NORM_2WORD=5.490947842190508e-06|NORM_1WORD=5.008823336538626e-06|NORM_3PLUS=1.4262666354625253e-06
white	O=0.9999865293502808|NORM_1WORD=5.8127084230363835e-06|NORM_2WORD=4.497671397984959e-06|NORM_3PLUS=1.4903845340086264e-06
people	O=0.9999837875366211|NORM_2WORD=7.102129529812373e-06|NORM_1WORD=4.595583504851675e-06|NORM_3PLUS=2.034440967690898e-06
dont	NORM_1WORD=0.9999396800994873|O=4.011277269455604e-05|NORM_2WORD=9.742506335896906e-06|NORM_3PLUS=6.422745173040312e-06
like	O=0.9999860525131226|NORM_2WORD=6.608271178265568e-06|NORM_1WORD=5.017943294660654e-06|NORM_3PLUS=1.3007989991820068e-06
niggas	NORM_1WORD=0.999954342842102|O=1.490193790232297e-05|NORM_3PLUS=1.4592400475521572e-05|NORM_2WORD=1.1084365723945666e-05
https://t.co/5wxflxvms9	O=0.9999825954437256|NORM_2WORD=8.07741434982745e-06|NORM_1WORD=3.922728410543641e-06|NORM_3PLUS=3.0085182061156956e-06

@raila_khan	O=0.9999837875366211|NORM_2WORD=8.16534611658426e-06|NORM_3PLUS=2.7932192097068764e-06|NORM_1WORD=2.265342345708632e-06
@jaspreetreen1	O=0.9999897480010986|NORM_2WORD=5.1174888540117536e-06|NORM_1WORD=1.7565735106472857e-06|NORM_3PLUS=1.7428390037821373e-06
lololol	O=0.9999713897705078|NORM_2WORD=1.233844432135811e-05|NORM_1WORD=1.2194208466098644e-05|NORM_3PLUS=1.9038020582229365e-06
...	O=0.9999754428863525|NORM_2WORD=8.502805030730087e-06|NORM_1WORD=4.5503079491027165e-06|NORM_3PLUS=4.36720802099444e-06
what	O=0.9999902248382568|NORM_2WORD=4.005120899819303e-06|NORM_1WORD=2.826540367095731e-06|NORM_3PLUS=1.4077355672270642e-06
did	O=0.9999825954437256|NORM_1WORD=7.525273304054281e-06|NORM_2WORD=6.27997906121891e-06|NORM_3PLUS=1.813329845390399e-06
i	O=0.999987006187439|NORM_1WORD=5.100854650663678e-06|NORM_2WORD=4.442154931894038e-06|NORM_3PLUS=1.8443070075591095e-06
miss	O=0.9999816417694092|NORM_1WORD=8.915619218896609e-06|NORM_2WORD=6.115997621236602e-06|NORM_3PLUS=1.7685692910163198e-06
on	O=0.9999886751174927|NORM_2WORD=5.927134679950541e-06|NORM_1WORD=3.2115774502017302e-06|NORM_3PLUS=1.1401997426219168e-06
if	O=0.9999868869781494|NORM_2WORD=7.216003268695204e-06|NORM_1WORD=3.841868419840466e-06|NORM_3PLUS=1.0538108199398266e-06
todays	NORM_1WORD=0.9996970891952515|O=0.00025554827880114317|NORM_2WORD=3.812387149082497e-05|NORM_3PLUS=5.427335509011755e-06
?	O=0.9999879598617554|NORM_2WORD=5.243955456535332e-06|NORM_1WORD=2.3772402073518606e-06|NORM_3PLUS=1.994660124182701e-06

me	O=0.9999910593032837|NORM_2WORD=4.31954640589538e-06|NORM_1WORD=1.9678175249282504e-06|NORM_3PLUS=1.666186790316715e-06
regalan	O=0.9999767541885376|NORM_2WORD=1.5186805285338778e-05|NORM_1WORD=5.314866029948462e-06|NORM_3PLUS=1.8650781612450373e-06
rt	O=0.9773271679878235|NORM_1WORD=0.019866550341248512|NORM_2WORD=0.002492137486115098|NORM_3PLUS=0.00023811675782781094
p	O=0.9971591234207153|NORM_1WORD=0.0016186345601454377|NORM_2WORD=0.0010734957177191973|NORM_3PLUS=0.00010464058868819848
'	O=0.9999655485153198|NORM_2WORD=1.6253166904789396e-05|NORM_1WORD=1.3485237104760017e-05|NORM_3PLUS=2.801855089273886e-06
mi	O=0.9993264675140381|NORM_1WORD=0.0003506286593619734|NORM_2WORD=0.0002120688441209495|NORM_3PLUS=8.122807776089758e-05
evento	O=0.9999356269836426|NORM_1WORD=3.487560752546415e-05|NORM_2WORD=1.698839150776621e-05|NORM_3PLUS=8.408886060351506e-06
xfa	O=0.9999505281448364|NORM_2WORD=3.3533295209053904e-05|NORM_1WORD=9.180730558000505e-06|NORM_3PLUS=4.7226449169102125e-06
?	O=0.9999881982803345|NORM_2WORD=5.544006853597239e-06|NORM_3PLUS=2.499856918802834e-06|NORM_1WORD=1.9759904716920573e-06
@paulo_bennetts	O=0.9999868869781494|NORM_2WORD=8.888211596058682e-06|NORM_3PLUS=1.5954374248394743e-06|NORM_1WORD=1.4255450651035062e-06
@pablogaribay	O=0.9999890327453613|NORM_2WORD=5.847835382155608e-06|NORM_1WORD=2.6442223770573037e-06|NORM_3PLUS=1.4349241155287018e-06
@eduardogaribayg	O=0.9999884366989136|NORM_2WORD=6.911892342031933e-06|NORM_1WORD=2.421709041300346e-06|NORM_3PLUS=1.4131726402411005e-06
@mon_gaitan	O=0.9999901056289673|NORM_2WORD=4.510784492595121e-06|NORM_1WORD=2.0953721104888245e-06|NORM_3PLUS=1.5515113318542717e-06
@yadteran	O=0.9999891519546509|NORM_2WORD=5.9449757827678695e-06|NORM_3PLUS=1.7066493001038907e-06|NORM_1WORD=1.4248863635657472e-06
@anapaomijares	O=0.9999881982803345|NORM_2WORD=5.661617706209654e-06|NORM_3PLUS=2.4154717266355874e-06|NORM_1WORD=1.7590248262422392e-06
http://t.co/c3qs0tkadb	O=0.9999868869781494|NORM_2WORD=6.381974344549235e-06|NORM_1WORD=2.7398266411182703e-06|NORM_3PLUS=2.5697331693663727e-06

@shaigoddess	O=0.9999692440032959|NORM_2WORD=1.8815419025486335e-05|NORM_1WORD=5.573960152105428e-06|NORM_3PLUS=3.6735955291078426e-06
yeah	O=0.9999853372573853|NORM_1WORD=7.065632416924927e-06|NORM_2WORD=5.082277766632615e-06|NORM_3PLUS=1.2310953252381296e-06
i	O=0.9999821186065674|NORM_1WORD=9.076810783881228e-06|NORM_2WORD=5.134618277224945e-06|NORM_3PLUS=1.5065015759319067e-06
know	O=0.9999885559082031|NORM_2WORD=4.706476374849444e-06|NORM_1WORD=4.33666491517215e-06|NORM_3PLUS=1.0861502914849552e-06
it's	O=0.999971866607666|NORM_2WORD=1.4470521819021087e-05|NORM_1WORD=8.970234375738073e-06|NORM_3PLUS=2.265715238536359e-06
a	O=0.9999697208404541|NORM_2WORD=1.502934901509434e-05|NORM_1WORD=7.4146873885183595e-06|NORM_3PLUS=3.5463394851831254e-06
guy	O=0.9999680519104004|NORM_1WORD=1.1799058484029956e-05|NORM_2WORD=1.133355817728443e-05|NORM_3PLUS=3.7106076433701674e-06
haha	O=0.9999821186065674|NORM_2WORD=6.23194273430272e-06|NORM_1WORD=5.666272500093328e-06|NORM_3PLUS=2.309379624421126e-06
i	O=0.9999804496765137|NORM_1WORD=7.586601441289531e-06|NORM_2WORD=7.016933977865847e-06|NORM_3PLUS=2.195168917751289e-06
was	O=0.9999833106994629|NORM_2WORD=7.373860171355773e-06|NORM_1WORD=6.753302386641735e-06|NORM_3PLUS=1.4550583955497132e-06
just	O=0.999977707862854|NORM_2WORD=1.002697717922274e-05|NORM_1WORD=7.195307716756361e-06|NORM_3PLUS=2.365821728744777e-06
saying	O=0.9999746084213257|NORM_2WORD=1.190258171845926e-05|NORM_1WORD=7.695430213061627e-06|NORM_3PLUS=2.528964387238375e-06
(:	O=0.9999840259552002|NORM_2WORD=8.053182682488114e-06|NORM_1WORD=3.0181208785506897e-06|NORM_3PLUS=2.430087079119403e-06
do	O=0.9999743700027466|NORM_1WORD=1.2040023648296483e-05|NORM_2WORD=8.531737876182888e-06|NORM_3PLUS=2.515335381758632e-06
you	O=0.9999878406524658|NORM_2WORD=5.057655471318867e-06|NORM_1WORD=4.691934918810148e-06|NORM_3PLUS=1.2377568054944277e-06
needto	NORM_2WORD=0.9993662238121033|NORM_3PLUS=0.0003247455751989037|O=0.00017179784481413662|NORM_1WORD=0.00010869535617530346
talk	O=0.999967098236084|NORM_1WORD=1.4746531633136328e-05|NORM_2WORD=1.1498659659991972e-05|NORM_3PLUS=2.8256151836103527e-06
?	O=0.9999781847000122|NORM_2WORD=9.107912774197757e-06|NORM_1WORD=5.2721907195518725e-06|NORM_3PLUS=3.0732801405974897e-06

