(	O
ok	O
,	O
i	O
još	O
neki	O
)	O

zasto	NORM_1WORD
u	O
nasoj	NORM_1WORD
zemlji	O
,	O
koja	O
,	O
uzgred	O
receno	NORM_1WORD
,	O
je	O
u	O
eu	O
,	O
ljudi	O
imaju	O
potrebu	O
oduzimati	O
prava	O
drugim	O
ljudima	O
?	O

na	O
brodu	O
smo	O
se	O
skompale	O
s	O
posadom	O
pa	O
nista	NORM_1WORD
ne	O
placamo	NORM_1WORD
.	O

kad	O
ti	O
život	O
pruži	O
drugu	O
šansu	O
,	O
mislila	O
je	O
,	O
sve	O
ostalo	O
je	O
dobitak	O
.	O

poslije	O
ćemo	O
brojat	NORM_1WORD
mrtve	O
samo	O
znam	O
da	O
od	NORM_1WORD
banaka	O
i	O
svijeta	O
da	O
banke	O
dobijaju	NORM_1WORD
a	O
svijet	O
duva	O

twitter	O
...	O

@pickbox_tv	O
:)	O

i	O
da	O
,	O
na	O
swinger	O
dance	O
partyu	NORM_1WORD
sam	O
sudjelovao	O
samo	O
kao	O
promatrač	O
...	O

bakice	O
uvijek	O
imaju	O
potrebu	O
izaci	NORM_1WORD
na	O
prva	O
vrata	O
,	O
cak	NORM_1WORD
i	O
ako	O
to	O
znaci	NORM_1WORD
gurati	O
se	O
kroz	O
guzvu	NORM_1WORD
duz	NORM_1WORD
cijelog	O
tramvaja	O

u	O
battery	O
details	O
imam	O
screen	O
27	O
%	O
(	O
to	O
je	O
ok	O
)	O
i	O
onda	O
ide	O
android	O
system	O
sa	O
24	O
%	O
.	O

kupujem	O
danas	O
u	O
takko	O
fashio	NORM_1WORD
:	O
"	O
xyz	O
kn	O
"	O
,	O
vadim	O
diners	O
,	O
"	O
ne	O
primamo	O
diners	O
"	O
,	O
krenem	O
vaditi	O
american	O
express	O
"	O
ne	O
primamo	O
ni	O
amex	O
"	O
,	O
vadim	O
visu	O
.	O

novosela	O
?	O

ja	O
pijem	O
pivo	O
,	O
a	O
oni	O
kave	O
.	O

zato	O
se	O
čitavo	O
vrijeme	O
kesi	O
ko	NORM_1WORD
degenerik	O
.	O

ili	O
to	O
ili	O
beton	O
.	O

jos	NORM_1WORD
je	O
ziv	NORM_1WORD
.	O

@utikejt	O
da	O
,	O
ružno	O
je	O
zvučao	O
taj	O
prvi	O
tweet	O
"	O
prosjaka	O
i	O
smeća	O
"	O
,	O
zato	O
sam	O
i	O
poslije	O
ispravila	O
u	O
"	O
prosjaka	O
i	O
nesreće	O
"	O
.	O

saznajte	O
u	O
rubrici	O
moja	O
uprava	O
na	O
središnjem	O
državnom	O
portalu	O
.	O

bezveze	NORM_1WORD
trošio	O
pare	O
:)	O

well	O
done	O
.	O

šta	NORM_1WORD
oni	O
imaju	O
marširati	O
ulicama	O
,	O
k'o	NORM_1WORD
da	O
je	O
to	O
pravi	O
karneval	O
,	O
rio	O
ili	O
tako	O
šta	NORM_1WORD
?!	O

ponavlja	O
kupac	O
da	O
treba	O
savijaču	O
s	O
jabolkom	NORM_1WORD
,	O
jabolkom	NORM_1WORD
,	O
jabolkom	NORM_1WORD
.	O

info	O
o	O
ulaznicama	O
za	O
utakmicu	O
1/4	O
kupa	O
dinamo	O
-	O
@hajduk	O
potražite	O
na	O
http://t.co/2pwf0ywo4h	O
!	O

jer	O
ja	O
sam	O
ranije	O
gledao	O
pod	O
about	O
,	O
a	O
tamo	O
ne	O
pise	NORM_1WORD
.	O

s	O
jednom	O
nogom	O
.	O

svi	O
ko	NORM_1WORD
jedan	O
!	O

pošaljite	O
nam	O
koju	O
slikicu	NORM_1WORD
...	O

danas	O
je	O
dan	O
smijeha	O
imao	NORM_1WORD
li	O
se	O
mi	O
cemu	NORM_1WORD
smijat	NORM_1WORD
ili	O
nam	O
samo	O
to	O
ostaje	O
,	O
samo	O
se	O
smijat	NORM_1WORD
da	O
ne	O
poludimo	O
do	O
kraja	O

gay	O
frend	O
se	O
svim	O
silama	O
trudi	O
biti	O
anti	NORM_1WORD
,	O
bilda	O
,	O
muzevno	NORM_1WORD
se	O
oblaci	NORM_1WORD
i	O
onda	O
objavi	O
sliku	O
"	O
fresh	O
baked	O
ginger	O
cookies	O
"	O
.	O

sutra	O
21.45	O
:	O
detalji	O
uhićenja	O
optuživanog	O
kamatara	O
mire	O
čalušića	O
i	O
njegovih	O
suradnika	O
o	O
kojima	O
je	O
magazin	O
provjereno	O
objavio	O
prilog	O
.	O

savudrija	O
ima	O
3	O
zast.	NORM_1WORD
kulturna	O
dobra	O
:	O
svjetionik	O
,	O
2	O
tis.	O
god.	O
rimsku	O
luku	O
i	O
stanciju	O
:(	O

barenje	O
uz	O
alena	O
islamovića	O
,	O
coloniu	NORM_1WORD
,	O
richie	NORM_1WORD
blackmoorea	O
i	O
kršćanski	O
ska	O
.	O

lucka	O
morat	O
ćemo	O
surađivati	O
u	O
braku	O
,	O
neće	O
moći	O
ovako	O
..	O

sta	NORM_1WORD
cemo	NORM_1WORD
sa	O
sumama	NORM_1WORD
,	O
pitaju	O
se	O
bica	NORM_1WORD
temeljena	O
na	O
ugljiku	O
.	O

oprosti	O
,	O
ne	O
mogu	O
i	O
ne	O
zelim	NORM_1WORD
da	O
te	O
razumjem	NORM_1WORD
!	O

moram	O
to	O
promijeniti	O
.	O

da	O
,	O
da	O
to	O
vi	O
ljudi	O
iz	O
medija	O
...	O

sardinijen	NORM_1WORD
,	O
korsika	NORM_1WORD
,	O
sicilijen	NORM_1WORD
su	O
iza	O
mene	O
.	O

@alitaisonfire	O
teška	O
je	O
spoznaja	O
da	O
i	O
prošlost	O
može	O
postati	O
digitalna	O
i	O
svima	O
dostupna	O
informacija	O
.	O

ne	O
razumin	NORM_1WORD
.	O

kako	O
je	O
dobar	O
osjećaj	O
kad	O
te	O
konkurencija	O
okleveće	O
a	O
ti	O
im	O
pristojno	O
zahvališ	O
na	O
besplatnoj	O
reklami	O
.	O

dobijen	NORM_1WORD
poruku	O
na	O
whatsappu	O
-	O
da	O
li	O
je	O
ovo	O
i	O
dalje	O
tvoj	O
broj	O
?	O

mislim	O
svi	O
znamo	O
da	O
se	O
lako	O
sad	O
preseravat	NORM_1WORD
,	O
ovo	O
ono	O
kanye	O
west	O
neutral	O
milk	O
hotel	O
vampire	O
weekend	O
kendrick	O
lamar	O
,	O
al	NORM_1WORD
kada	O
se	O
tool	O
vrate	O
opet	O

taman	O
da	O
cu	NORM_1WORD
zapratiti	O
,	O
kad	O
ono	O
zadnji	O
tweet	O
,	O
'	O
today	O
stats	O
...	O
'	O
.	O

#kckzg	O

ja	O
sam	O
kao	O
magnet	O
za	O
komarce	O
gdje	O
god	O
da	O
dođem	O
.	O

@darac42	O
@horvatmilan	O
@nbakic	O
prije	O
tri	O
godine	O
dotični	O
gospodin	O
je	O
pjevao	O
sasvim	O
drugačiju	O
pjesmu	O
.....	O

susjedi	O
će	O
pomisliti	O
da	O
smo	O
totalni	O
clean	O
frikovi	O
...	O

ponekad	O
zavidim	O
onim	O
ljudima	O
koji	O
ne	O
trepnu	O
dok	O
izgovaraju	O
laž	O
i	O
potrebna	O
im	O
je	O
samo	O
sekunda	O
da	O
smisle	O
istu	O

@3ulquiorra	O
@utikejt	O
@milicabio	O
a	O
životinjice	O
bi	O
u	O
kuću	O

podsjetnik	O
na	O
natječaj	O
'	O
be	O
the	O
change	O
you	O
want	O
so	O
see	O
in	O
#croatia	O
.	O

ko	NORM_1WORD
zna	O
di	NORM_1WORD
cu	NORM_1WORD
ja	O
bit	NORM_1WORD
...	O

#funfact	O

prva	O
utakmica	O
dobivena	O
protiv	O
ekipe	O
zameta	O
.	O

block	O
!	O

@dnevnikhr	O
6	O
(	O
šest	O
)	O
sekundi	O
je	O
jako	O
puno	O
vremena	O
.	O

a	O
te	O
volim	O
"	O
.	O

sutra	O
sam	O
sama	O
na	O
usmenom	O
jer	O
su	O
ostali	O
bili	O
lijeni	O
za	O
učit	NORM_1WORD
.	O

mf'a'as	O
!	O

jer	O
ako	O
ih	O
zaboraviš	O
,	O
oni	O
se	O
više	O
neće	O
vratiti	O
!	O

samo	O
teorija	O
,	O
teorija	O
...	O

@5usurrus	O
nemoj	O
prijateljski	O
razgovarat	NORM_1WORD
s	O
deckima	NORM_1WORD
o	O
stvarima	O
koje	O
te	O
zanimaju	O
jer	O
oni	O
misle	O
da	O
mi	O
to	O
samo	O
radimo	O
kao	O
neku	O
vrstu	O
upucavanja	O

kuharica	O
hameda	O
bangoure	O

side	O
effects	O
.	O

da	O
li	O
je	O
istina	O
da	O
muškarci	O
i	O
žene	O
što	O
su	O
stariji	O
ne	O
bi	O
smjeli	O
gajiti	O
prijateljstva	O
?	O

http://t.co/ojoejasuzh	O
#np	O

http://t.co/zs08s6zmnt	O
#svedigitalno	O

sreća	O
da	O
je	O
tamo	O
demokracija	O
,	O
poštivanje	O
ljudskih	O
prava	O
,	O
ravnopravnost	O
rasa	O
i	O
spolova	O
,	O
pa	O
nema	O
potrebe	O
za	O
intervencijom	O
oklopnjaka	O
.	O

izvadin	NORM_1WORD
mliko	NORM_1WORD
iz	O
frižidera	O
pa	O
za	O
minut	NORM_1WORD
tražin	NORM_1WORD
mliko	NORM_1WORD
po	O
frižideru	O
.	O

policija	O
u	O
#gospiću	O
uhitili	O
nekoliko	O
policijskih	O
dužnosnika	O
u	O
gradu	O
zbog	O
zouporabu	NORM_1WORD
položaja	O
i	O
ovlasti	O
.	O

linic	NORM_1WORD
ide	O
u	O
sad	O
po	O
jako	O
puno	O
dolara	O

#futbolnow	O

@utikejt	O
@jagoda_la	O
@carmrznje	O
svakoj	O
jedinici	O
obitelji	O
-	O
dodjela	O
osnovnih	O
uvjeta	O
zadovoljenja	O
maslowljevih	O
potreba	O
+	O
ostalo	O
po	O
željama	O

razmišljam	O
je	O
li	O
ok	O
da	O
odgodim	O
sve	O
dogovore	O
i	O
odem	O
na	O
masažu	O
pa	O
vidim	O
tipa	O
s	O
only	O
god	O
can	O
judge	O
me	O
tetovažom	O
.	O

cod	O
:	O
advanced	O
warfare	O
je	O
„	O
veliki	O
korak	O
naprijed	O
“	O
http://t.co/irp48lq9sh	O
#fps	O
#it	O
#računala	O
#mobi	O

većini	O
hrvata	O
bila	O
bi	O
čast	O
da	O
su	O
u	NORM_1WORD
naši	O
redarstvenici	O
u	O
vojnom	O
savezu	O
s	O
vjekovnim	O
prijateljima	O

danas	O
je	O
gospa	O
od	O
zdravlja	O
,	O
blagdan	O
u	O
veloj	O
luci	O
,	O
ali	O
samo	O
na	O
području	O
od	O
pristaništa	O
do	O
peškarije	O
.	O

mislim	O
si	O
dan	O
je	O
bio	O
loš	O
,	O
puno	O
kontakata	O
i	O
sastanaka	O
,	O
a	O
efekt	O
nikakav	O
.	O

..	O
nadam	O
se	O
da	O
si	O
i	O
ti	O
!	O

ha	O
,	O
ha	O
...	O

čim	O
se	O
sunce	O
spusti	O
malo	O
niže	O
,	O
spremno	O
da	O
ode	O
na	O
zasluženi	O
počinak	O
,	O
objavljujemo	O
noćnu	O
verziju	O
obojene	O
kolibe	O
:)	O

@hrvatskitelekom	O
"	O
žao	O
nam	O
je	O
na	O
vašem	O
priključku	O
trenutno	O
nisu	O
dostupne	O
usluge	O
putem	O
optičke	O
veze	O
.	O
"	O

msm	NORM_1WORD
da	O
ovo	O
netreba	NORM_1WORD
objasnjavat	NORM_1WORD
hahah	O
.	O

@komentar_dana	O
"	O
bit	O
će	O
zanimljivo	O
čuti	O
koga	O
će	O
biskup	O
na	O
nedjeljnoj	O
misi	O
prije	O
glasovanja	O
preporučiti	O
vjernicima	O
-	O
glasačima	O
?	O
"	O

"	O
stalna	O
na	O
tom	O
svijetu	O
samo	O
mijena	O
jest	O
!	O
"	O

sad	O
skužih	O
ponavljanje	O
ovog	O
"	O
cijelo	O
vrijeme	O
"	O
,	O
i've	O
had	O
way	O
too	O
much	O
alcohol	O

i	O
double	O
dare	O
you	O
motherfucker	O
.	O

guilty	O
pleasure	O
breakfast	O
:	O
#kolumbo	O
cokolada	NORM_1WORD
umakana	O
u	O
vruce	NORM_1WORD
mlijeko	O
i	O
polizana	O
s	O
prstiju	O
.	O

@thaumantis	O
ali	O
ti	O
i	O
dalje	O
imaš	O
više	O
šanse	O
od	O
nje	O
da	O
ostvariš	O
blistavu	O
glumačku	O
karijeru	O
.	O

osim	O
povremeno	O
s	O
@ruzina	O
nemam	O
s	O
kim	O
ovdje	O
komentirati	O
nfl	O
.	O

živjeli	O
ste	O
u	O
srednjem	O
vijeku	O
,	O
ćao	O
zdravo	O
i	O
hvala	O
na	O
svemu	O

još	O
jedan	O
snježni	O
neradni	O
dan	O
,	O
a	O
freaking	O
snijeg	O
još	O
nije	O
pao	O
.	O

sandra	O
afrika	O
,	O
dara	O
bubamara	O
plakati	O
.	O

najveca	NORM_1WORD
hvala	O
gl.	O
tajnici	O
@huoj_hr	O
koraljki	O
rak	O
.	O

#modrice	O
#kličko	O
#tvornica	O
#0604	O

ako	O
se	O
vraćate	O
u	O
rijeku	O
iz	O
snijega	O
dođite	O
do	O
nas	O
i	O
operite	O
auto	O
od	O
soli	O
i	O
blata	O
koji	O
nagrizaju	O
boju	O
i	O
podvozje	O
.	O

sign	O
me	O
up	O
for	O
a	O
new	O
nervous	O
system	O
.	O

počeli	O
su	O
švicarci	O
kopirati	O
nas	O
hrvate	O
...	O

nestade	O
struje	O
na	O
poslu	O
.	O

ovaj	O
@zvucnizid	O
ft.	O
skugor	NORM_1WORD
nikad	O
ljepsih	NORM_1WORD
sat	O
vremena	O
na	O
poslu	O
-	O
spoj	O
posla	O
obavljenog	O
i	O
svega	O
odslusanog	NORM_1WORD
-	O
like	O
having	O
my	O
cake	O
&	O
eating	O
it	O
too	O

već	O
sam	O
prošla	O
2.8	NORM_1WORD
,	O
dakle	O
još	O
1,2.	O

na	O
24	O
kitchen	O
ima	O
prijevod	O
ispod	O
srpskog	O
kuhara	O
.	O

a	O
kad	O
smo	O
kod	O
rasvjete	O
,	O
molim	O
stručnjake	O
da	O
me	O
upute	O
na	O
najbolju	O
led	O
rasvjetu	O
,	O
dakle	O
rasvjetna	O
tijela	O
s	O
led	O
lampama	O
i	O
slično	O
.	O

@kjukar	O
@maxmurluk	O
ognjištari	O
su	O
posebna	O
vrsta	O
ljudi	O
koja	O
živi	O
u	O
nekoj	O
alternativnoj	O
stvarnosti	O
uzrokovanoj	O
pretjeranom	O
konzumacijom	O
bunike	O

recimo	O
,	O
prokrastiniraš	O
i	O
ne	O
napraviš	O
ništa	O
produktivno	NORM_1WORD
par	O
dana	O
,	O
dođe	O
ti	O
masivni	O
bilder	O
sa	O
ginekomastijon	NORM_1WORD
,	O
plesne	NORM_1WORD
te	O
sa	O
sison	NORM_1WORD
.	O

nisam	O
znala	O
kak	NORM_1WORD
se	O
ugasi	O
kamera	O
na	O
hangoutsima	O
pa	O
je	O
odrađen	O
i	O
iznenadni	O
video	O
poziv	O
-	O
pidžama	O
i	O
podočnjaci	O
ko	NORM_1WORD
da	O
nisam	O
16	O
dana	O
spavala	O
look	O

recite	O
nam	O
!	O

noć	O
je	O
.	O

s	O
osobnom	O
i	O
ekipom	O
:)	O
@yaca_os	O
@damirurban	O

imam	O
veće	O
povjerenje	O
u	O
pravničko	O
znanje	O
vlade	O
šeksa	O
,	O
nego	O
ono	O
peđe	O
grbina	O
.	O

ove	O
godine	O
uspješno	O
izbjegavam	O
najezdu	O
prigodnih	O
pjesama	O
na	O
radio	O
stanicama	O
.	O

sigurno	O
.	O

@bobankarovic	O
a	O
etiketiranje	O
predsjednika	O
države	O
kao	O
cigana	NORM_1WORD
,	O
zviždati	O
mu	O
i	O
ismijavati	O
ga	O
?	O

birali	O
su	O
one	O
iz	O
italije	O
ili	O
madžarske	O

lean	O
startup	O
:	O
minimalni	O
održivi	O
proizvod	O
(	O
mvp	O
)	O
kao	O
strategija	O
i	O
proces	O
http://t.co/qdccqbv70n	O

tako	O
ih	O
mogu	O
donekle	O
kontrolirati	O
:d	O

jetse	NORM_1WORD
li	O
ikada	O
razmišljali	O
o	O
problemu	O
nataliteta	O
u	O
hrvatskoj	O
?	O

skoro	O
pa	O
je	O
službeni	O
početak	O
vikenda	O
-	O
obaveze	O
bye	O
bye	O
i	O
uživancija	O
hi	O
!	O

veceras	NORM_1WORD
je	O
akcija	O
''	O
matejuška	O
je	O
naša	O
''	O
,	O
znači	O
prvo	O
hc	O
kolektivno	O
pijanstvo	O
creme	O
de	O
la	O
creme	O
tzv.	O
društvene	O
avagarde	NORM_1WORD
.	O

'	O
lopovi	O
ušli	O
u	O
minsko	O
polje	O
i	O
ukrali	O
dvije	O
mine	O
'	O

no	O
to	O
je	O
druga	O
prica	NORM_1WORD
.	O

@velimish	O
posteno	NORM_1WORD
!	O

felling	O
proud	O
kad	O
te	O
hrpa	O
turista	O
pohvali	O
u	O
restoranu	O
i	O
jos	NORM_1WORD
te	O
slikaju	O
za	O
blog	O
.	O

jasno	O
,	O
prvi	O
su	O
puno	O
disfunkcionalniji	O
,	O
ali	O
ima	O
nekih	O
zajednickih	NORM_1WORD
tocaka	NORM_1WORD

;)	O

potpuno	O
se	O
slažem	O
s	O
ovim	O
člankom	O
.	O

počet	O
ću	O
tagirat	NORM_1WORD
ljude	O
kada	O
serem	O
po	O
vrsti	O
po	O
fejsu	O
tako	O
da	O
se	O
kompleksaši	O
ne	O
nađu	O
uvređeni	NORM_1WORD
radi	O
nečeg	O
kaj	NORM_1WORD
nema	O
veze	O
s	O
njima	O

thnx	O
@2shaq	O

ako	O
objave	O
loše	O
vijesti	O
euro	O
bii	NORM_1WORD
mogao	O
naglo	O
oslabiti	O
.	O

hvala	O
vam	O
što	O
ste	O
sirotinji	O
izbili	O
svakom	O
po	O
20	O
kn	O
iz	O
đepa	NORM_1WORD
tako	O
da	O
sutra	O
opet	O
moraju	O
skupit	NORM_1WORD
novih	O
40	O
plastičnih	O
boca	O
za	O
sljedeći	O
referendum	O

i	O
neka	O
je	O
,	O
kralj	O
:d	O

ista	O
osoba	O
.	O

sve	O
je	O
to	O
goli	O
k...	O
(	O
arijerizam	O
)	O
(	O
retenizam	O
)	O
(	O
atastrofizam	O
)	O
.......	O

sve	O
si	O
kontam	O
kako	O
najbezbolnije	O
bicklirat	NORM_1WORD
u	O
haljetku	O
,	O
a	O
onda	O
me	O
@malinosorog	O
prosvijetli	O
sa	O
bickama	O
.	O

somebody	O
shoot	O
me	O
!	O

rt	O
@worstofaquarius	O
:	O
an	O
#aquarius	O
is	O
not	O
afraid	O
to	O
tell	O
you	O
as	O
it	O
is	O
.	O

marca	O
:	O
realovih	O
5	O
transfer-meta	O
za	O
ljetni	O
prijelazni	O
rok	O
:	O
1.	O
luis	O
suarez	O
2.	O
paul	O
pogba	O
3.	O
ilkay	O
gundogan	O
4.	O
ivan	O
rakitić	O
5.	O
sergio	O
aguero	O
(	O
j	O
)	O

a	O
on	O
izgleda	O
kao	O
da	O
će	O
si	O
prosvirati	O
glavu	O
svaki	O
čas	O
.	O

jer	O
zašto	O
bi	O
spavala	O
kad	O
postoje	O
treš	O
frizure	O
za	O
radit	NORM_1WORD
,	O
kao	O
što	O
su	O
mullet	O
i	O
one	O
dve	O
punđice	O
sa	O
strane	O
iz	O
devedesetih	O
.	O

dobra	O
!	O

pička	O
nije	O
ni	O
ribica	O
,	O
ni	O
maca	O
,	O
ni	O
školjkica	O
.	O

http://t.co/qqcq2ipz1g	O
#gadget	O
#41mp	O
#foto	O
#fotosat	O
#fotografija	O
#it	O
#računala	O
#mobi	O

@pixyloves	O
@karleusastar	O
neopisiv	O
je	O
taj	O
osjecaj	NORM_1WORD
kad	O
stoji	O
ispred	O
tebe	O
,	O
da	O
ti	O
svoju	O
ruku	O
i	O
pjevate	O
zajedno	O
,	O
zar	O
ne	O
??	O

noćas	O
mi	O
je	O
@dariobelic	O
poklonio	O
10	O
cm	O
prostora	O
u	O
krevetu	O
!	O

navodno	O
.	O

danny	O
macaskill	O
pretvara	O
snove	O
u	O
stvarnost	O
u	O
novom	O
projektu	O
-	O
imaginate	O
!	O

neki	O
izlozi	O
su	O
toliko	O
nakiceni	NORM_1WORD
da	O
nisam	O
sigurna	O
jel	NORM_1WORD
to	O
ducan	NORM_1WORD
s	O
bozicnim	NORM_1WORD
ukrasima	O
ili	O
s	O
odjecom	NORM_1WORD
?	O

uh	O
što	O
je	O
ovaj	O
ponedjeljak	O
bio	O
naporan	O

taman	O
vremena	O
da	O
zapalim	O
one	O
stare	O
automobilske	O
gume	O
što	O
mi	O
stoje	O
u	O
dvorištu	O
.	O

rt	O
@frankaoreb	O
di	NORM_1WORD
su	O
šta	NORM_1WORD
rade	O
one	O
dvi	NORM_1WORD
šta	NORM_1WORD
su	O
uvik	NORM_1WORD
išle	O
okolo	O
ka	NORM_1WORD
prateći	O
vokali	O
žaka	NORM_1WORD
houdeka	O
?	O

koja	O
ju	O
je	O
propuhala	O
sa	O
svih	O
strana	O
.	O

a	O
kada	O
završim	O
sa	O
pisanjem	O
,	O
ne	O
misliš	O
valjda	O
da	O
ću	O
biti	O
budalast	O
kao	O
tata	O
i	O
ubaciti	O
pismo	O
u	O
poštarevu	O
torbu	O
?	O

-	O
da	O
.	O

jovana	O
jovanovic	NORM_1WORD
anonimno	O
.	O

jedan	O
poziv	O
,	O
jedna	O
poruka	O
i	O
nema	O
spavanja	O
zbog	O
samo	O
jednog	O
lijepog	O
teksta	O
na	O
fb	O
kućni	O
ljubimci	O
.	O

ove	O
nedjelje	O
u	O
18	O
sati	O
:	O
obiteljsko	O
bogoslužje	O
i	O
zakuska	O
:	O
od	O
ove	O
nedjelje	O
,	O
svake	O
prve	O
nedjelje	O
nova	O
predavanja	O
za	O
obitelji	O
.	O

stvarno	O
prekrasno	O
.	O

same	O
all	O
...	O

a	O
dan	O
tempiran	O
u	O
minut	NORM_1WORD
.	O

zanimljivo	O
je	O
kak	NORM_1WORD
uvijek	O
oko	O
17	O
h	O
,	O
18	O
h	O
se	O
voze	O
najhitniji	O
slučajevi	O
u	O
ambulantnim	O
kolima	O
s	O
upaljenom	O
sirenom	O
.	O

oy	NORM_1WORD
@plushostinghr	O
možete	O
li	O
mi	O
pomoći	O
.	O

sweet	O
crispy	O
cheesus	O

#budiponosan	O

rt	O
@sleepingsun7	O
:	O
@danijelonline	O
da	O
mi	O
plate	O
,	O
ne	O
bih	O
gledala	O
hrpu	O
preseravanja	O

zasto	NORM_1WORD
nam	O
na	O
jutarnjem	O
radio	O
programu	O
ne	O
puste	O
neku	O
djecju	NORM_1WORD
pjesmicu	O
koju	O
svi	O
znamo	O
,	O
mislim	O
da	O
bi	O
bio	O
pun	O
pogodak	O
.	O

#glazbenapreporuka	O
uživamo	O
u	O
baršunastom	O
glasu	O
glumice	O
leonore	O
surian	O
i	O
ambijentalnoj	O
jazz	O
maniri	O
njezina	O
debija	O
http://t.co/cu94ntwynp	O
#np	O

obuka	NORM_1WORD
san	NORM_1WORD
đemper	NORM_1WORD
.	O

kad	O
god	O
dođe	O
ljeto	O
,	O
ja	O
popizdim	O
.	O

@svetonilovic	O
ne	O
,	O
ne	O
...	O

tko	O
se	O
raduje	O
goloj	O
vreci	NORM_1WORD
kostiju	O
?	O

fore	O
i	O
fazoni	O
s	O
facebooka	O
–	O
na	O
što	O
se	O
smijemo	O
??	O

život	O
je	O
ponekad	O
kuja	O
koja	O
te	O
natira	NORM_1WORD
da	O
se	O
sam	O
setas	NORM_1WORD
prisavackin	NORM_1WORD
poljanama	O
.	O

@tinavukovich	O
@heartliekstone	O
ne	O
ja	O
nezelim	NORM_1WORD
nis	NORM_1WORD
od	O
njega	O

svi	O
ti	O
"	O
fuck	O
the	O
system	O
"	O
ljudi	O
koji	O
crtaju	O
kurceve	NORM_1WORD
po	O
zidovima	O
ulica	O
i	O
šutaju	O
kante	O
za	O
smece	NORM_1WORD
...	O

ukleto	O
suvozačevo	O
mjesto	O
.	O

obvezno	O
sučeljavanje	O
kao	O
prijedlog	O
?	O

tko	O
je	O
prisustovao	O
sinoćnjem	O
koncertu	O
dio	O
je	O
legende	O
u	O
nastajanju	O
.	O

uz	O
sve	O
to	O
#trecasmjena	O
zalivena	O
s	O
par	O
pivi	NORM_1WORD

zaključao	O
sam	O
biciklo	NORM_1WORD
tako	O
da	O
ova	O
dva	O
sa	O
strane	O
neće	O
moći	O
izaći	O
van	O
,	O
dušbeg	O
lvl	NORM_1WORD
nauči	O
slagati	O
biciklo	NORM_1WORD
kak	NORM_1WORD
se	O
spada	O
.	O

povremeno	O
je	O
moguće	O
malo	O
kiše	O
ili	O
kratkotrajan	O
pljusak	O
.	O

@marinaobsivac	O
sve	O
fore	O
koje	O
izvodim	O
je	O
prvo	O
ivana	O
poslusala	NORM_1WORD
-	O
tek	O
nakon	O
sto	NORM_1WORD
ona	O
izbaci	O
"	O
grozote	O
"	O
onda	O
smijem	O
nastupati	O
;)	O
@mdjanic	O

jeste	O
li	O
posjetili	O
stranicu	O
http://t.co/ejiymzsy6l	O
?	O

to	O
je	O
baš	O
isplivavanje	O
implikacije	O
bitnosti	O
na	O
površinu	O
,	O
samom	O
sebi	O
svrha	O
ja	O
bih	O
čak	O
rekao	O
,	O
a	O
samom	O
sebi	O
svrha	O
=	O
uglavnom	O
besmisleno	O
.	O

sutra	O
sa	O
terasa	O
mićemo	NORM_1WORD
sve	O
pomično	O
i	O
vezujemo	O
špagom	O
ono	O
polupomično	O
.	O

osvoji	O
titulu	O
"	O
zlatni	O
ćevap	O
"	O
za	O
najboljeg	O
roštilj-majsotra	O
na	O
3.	O
prvenstvu	O
hrvatske	O
;)	O

@vecernji_list	O
jako	O
bitno	O
što	O
se	O
srušio	O
#helikopter	O
u	O
rusiji	O
.	O

@kmacan	O
zanima	O
me	O
vas	NORM_1WORD
komentar	O
na	O
nedolazak	O
predsjedničkih	O
kandidata	O
na	O
sučeljavanje	O
?	O

duje	O
me	O
tek	O
danas	O
uputia	NORM_1WORD
u	O
sva	O
ta	O
zanimljiva	O
događanja	O
na	O
hemendex	O
koncertu	O
,	O
malo	O
sam	O
jelly	O
sta	NORM_1WORD
sam	O
propustia	NORM_1WORD
svu	O
tu	O
dramu	O
.	O

tkalča	O
recimo	O
...	O

@mornarka	O
to	O
ovisi	O
od	O
osobe	O
do	O
osobe	O
:)	O

i	O
ode	O
#nokia	O
u	O
povijest	O
.	O

mislim	O
,	O
što	O
se	O
tu	O
tako	O
bitno	O
prelomilo	O
?	O

;)	O

na	O
htv	NORM_1WORD
2	O
oliver	O
u	O
1.	O
emisiji	O
show	O
serijala	O
"	O
20	O
godina	O
@porinhr	O
a	O
"	O
upravo	O
otvorio	O
s	O
legendarnom	O
cesaricom	O

@ddakki	O
heh	O
-	O
pročitao	O
"	O
make	O
boobs	O
...	O
"	O
i	O
smajli	NORM_1WORD
od	O
uha	O
do	O
uha	O
:)	O

nadam	O
se	O
da	O
nikad	O
neće	O
biti	O
doslovno	O
ovako	O
kao	O
u	O
ovom	O
crtiću	O
.	O

večeras	O
u	O
klubu	O
koncert	O
grupa	O
flyer	O
na	O
kojem	O
predstavljaju	O
novi	O
sing	NORM_1WORD
"	O
na	O
mjestu	O
sova	O
"	O
,	O
upad	O
free	O
hepi	NORM_1WORD
od	O
21	O
-	O
23	O
h	O

koliko	O
si	O
djubre	NORM_1WORD
od	O
psa	O
od	O
0	O
do	O
s	O
blatnim	O
sapama	NORM_1WORD
moras	NORM_1WORD
prehodati	O
cijelu	O
kucu	NORM_1WORD
,	O
jer	O
evo	O
sve	O
se	O
promijenilo	O
u	O
5	O
min	NORM_1WORD
dok	O
si	O
bio	O
vani	O

@izabellatink	O
@eminajahovic2	O
ajmo	O
macko	NORM_1WORD
,	O
nemoj	O
da	O
ti	O
emina	O
jahavic	NORM_1WORD
(	O
fejk	O
emina	O
iz	O
nisa	NORM_1WORD
)	O
ne	O
bi	O
iz	O
pasulja	O
i	O
bacala	O
urokljivo	O
oko	O
tri	O
puta	O
.	O

unda	NORM_1WORD
ja	O
unfollow	O
.	O

spominje	O
osim	O
#isil	O
i	O
radikaniju	NORM_1WORD
#khorasangroup	O
građali	NORM_1WORD
ih	O
#tomahawk	O

koliko	O
god	O
puta	O
da	O
prelazim	O
serious	O
sama	O
,	O
uvijek	O
ću	O
se	O
usrati	O
igrajući	O
,	O
jumpscares	O
will	O
never	O
get	O
old	O
.	O

ali	O
ima	O
nade	O
:)	O

kasnio	O
na	O
#tweetupos	O
,	O
pozdravio	O
,	O
nazdravio	O
,	O
popričao	O
sa	O
@sanjsaboris	O
,	O
otišao	O
do	O
@vinotekavinita	O
s	O
ekipom	O
iz	O
@netokracija	O
i	O
@blagonic	O
...	O

#angdota	O
#srbinkaouvreda	O
#nu2	O

#šteta	O

pitao	O
sam	O
je	O
zašto	O
izlazi	O
s	O
ljudima	O
od	O
22	O
godine	O
.	O

sinoć	O
igrali	O
bocu	O
istine	O
i	O
pitanje	O
meni	O
dirty	O
dream	O
,	O
odgovor	O
je	O
bio	O
i	O
have	O
no	O
dream	O
,	O
i	O
have	O
life	O
.	O

top	O
lista	O
nadrealista	O
,	O
švedska	O
,	O
nemiri	O
,	O
zdravo	O
http://t.co/ult69ff9r6	O

uvijek	O
bih	O
radije	O
bila	O
doma	O
s	O
njim	O
,	O
mazila	O
se	O
i	O
gledala	O
crtice	NORM_1WORD
,	O
cause	NORM_1WORD
we're	O
actually	O
kids	O
&	O
not	O
adults	O
,	O
nego	O
bila	O
vani	O
do	O
tipa	O
sad	O
.	O

i	O
svevi	NORM_1WORD
izgleda	O
grozno	O
...	O
i	O
bez	O
smisla	O
...	O
i	O
neposteno	NORM_1WORD
..	O
a	O
onda	O
jednog	O
dana	O
..	O
shvatis	NORM_1WORD
..	O
zasto	NORM_1WORD
se	O
to	O
bas	NORM_1WORD
desilo	O

excellent	O
****	O

gud	O
đob	O
lol	O

izgleda	O
da	O
je	O
fakat	O
100	O
%	O
radnih	O
mjesta	O
za	O
biologe	O
popunjeno	O
i	O
moram	O
čekati	O
da	O
netko	O
umre	O
.	O

#zagreb	O
rt	O
@organvida	O
:	O
obavijest	O
]	O
zamolili	O
ste	O
nas	O
,	O
ispunili	O
smo	O
vam	O
želju	O
!	O

samo	O
maži	O
i	O
ženi	O
.	O

a	O
di	NORM_1WORD
je	O
tvoj	O
čep	O
?	O

ovo	O
je	O
zadnji	O
dan	O
samoće	O
.	O

ogroman	O
potencijal	O
na	O
hrv.	O
oranicama	O
.	O

@josipjagic	O
al	NORM_1WORD
brate	O
moraš	O
priznat	NORM_1WORD
da	O
nas	O
baš	O
i	O
nije	O
posebno	O
zaštitio	O
:p	O

vidimo	O
se	O
!	O

predivne	O
uskršnje	O
dekoracije	O
na	O
ulazu	O
kuće	O
.	O

#godišnji	O
blagodarim	O
.	O
”	O

hnl	O
:	O
lokomotiva	O
je	O
'	O
pregazila	O
'	O
osijek	O
s	O
čak	O
pet	O
različitih	O
strijelaca	O
http://t.co/ok7zlqzlg9	O
#hnl	O
#lokomotiva	O
#hrt	O
#strijelci	O
#sport	O
#igraci	O

nasca	O
kaze	NORM_1WORD
pitajte	O
me	O
sto	NORM_1WORD
trebate	O
ispravit	NORM_1WORD
.	O

@mgeric	O
znaš	O
li	O
da	O
možeš	O
pinati	O
'	O
check	O
in	O
now	O
'	O
od	O
4	O
&	O
mayora	O
,	O
pa	O
ti	O
odmah	O
nađe	O
mjeata	NORM_1WORD
u	O
blizini	O
?	O

@greblaher	O

smatram	O
kako	O
nije	O
svjestan	O
stanja	O
u	O
kojem	O
se	O
nalazi	O
država	O
.	O

rt	O
@kapjela	O
odoh	O
na	O
misu	O
,	O
valjda	O
me	O
neće	O
kakav	O
gorljivi	O
protagorijanac	O
ili	O
sekularijanac	O
zatući	O

evo	O
htjela	O
bi	NORM_1WORD
se	O
pozdravit	NORM_1WORD
sa	O
svima	O
pošto	O
#radiotaxi	O
vozi	O
ko	NORM_1WORD
da	O
rađam	O
,	O
a	O
ne	O
ko	NORM_1WORD
da	O
kasnim	O
na	O
posao	O
.	O

pakleni	O
plan	O
austrije	O
:	O
ukidaju	O
republiku	O
srpsku	O
!	O

#uzivoizstozera	O

usput	O
,	O
mislim	O
da	O
mu	O
je	O
to	O
izvučeno	O
iz	O
konteksta	O
...	O

*	O
ime	O
i	O
prezime	O
u	O
kom	NORM_1WORD
*	O

'	O
sila	O
je	O
tamo	O
jaka	O
'	O
:	O
darth	O
vader	O
ulazi	O
utrku	O
za	O
čelnika	O
ukrajine	O
http://t.co/klaqpwxlez	O
via	O
@24sata_hr	O

yours	O
sincerely	O
,	O
every	O
man	O
ever	O
.	O

@levy_adicta	O
haha	O
,	O
forum	O
je	O
očaj	O
.	O

@vladarh	O
@lijenihinko	O
još	O
uvijek	O
znači	O
nije	O
sada	O
ali	O
biti	NORM_1WORD
će	O
.	O

"	O
@hercegbosna	O
:	O
uspješno	O
organizirana	O
akcija	O
darivanja	O
krvi	O
u	O
novoj	O
biloj	O
.	O

završen	O
specijalistički	O
pregled	O
.	O

vakula	O
dragi	O
drakula	O
,	O
kiša	O
ti	O
je	O
glupa	O
.	O

@sleepingsun7	O
bogami	NORM_1WORD
je	O
dogurao	O
android	O
do	O
pravog	O
igrača	O
...	O

@danny_hr	O
da	O
sudim	O
po	O
izgledu	O
ti	O
si	O
čisti	O
četnik	O
.	O

kako	O
ljudi	O
mogu	O
nasjedati	O
na	O
tu	O
holy	O
?	O

blagdani	O
su	O
kad	O
se	O
piše	O
zaleđe	O
:	O
kako	O
je	O
(	O
i	O
zašto	O
)	O
hdz	O
iščupao	O
eu	O
iz	O
gospodarske	O
krize	O
http://t.co/ophzyxyzlz	O
#politikahr	O

:)	O

[	O
crowdfunding	O
]	O
7	O
razloga	O
zbog	O
kojih	O
ubuntu	O
edge	O
nije	O
prikupio	O
32	O
milijuna	O
dolara	O
http://t.co/ofbt4bajot	O

taman	O
krenem	O
sa	O
novim	O
dečkom	O
graditi	O
sve	O
,	O
i	O
vrati	O
se	O
onaj	O
stari	O
kojeg	O
nikako	O
da	O
zaboravim	O
.	O

automatizirajte	O
preuzimanje	O
torrenta	O
,	O
neka	O
torrentrover	O
za	O
vas	O
preuzme	O
slijedeću	NORM_1WORD
epizodu	O
omiljene	O
serije	O
.	O

jeste	O
vidjeli	O
reklamu	O
:	O
"	O
umrijet	O
ćeš	O
prije	O
ako	O
hrčeš	O
!	O

jel	NORM_1WORD
se	O
to	O
ikona	O
whatsapp-a	O
povećala	O
nakon	O
ovog	O
zadnjeg	O
update-a	NORM_1WORD
ili	O
sam	O
ja	O
sam	NORM_1WORD
poluslijepi	O
retardatos	O
?	O

na	O
spomen	O
koprive	O
,	O
misao	O
mi	O
pade	O
na	O
@ikopric	O
-a	O
,	O
sad	O
se	O
pitam	O
jel'	NORM_1WORD
on	O
ko	NORM_1WORD
kopriva	O
,	O
il'	NORM_1WORD
ga	O
ni	O
grom	O
neće	O
?	O

putujete	O
li	O
u	O
trudnoći	O
informirajte	O
se	O
što	O
bolje	O
o	O
zdravstvenim	O
ustanovama	O
u	O
gradu	O
u	O
koji	O
idete	O
@etourshr	O
#putovanje	O

koliko	O
je	O
tek	O
to	O
monstruozno	O
?	O

čista	O
je	O
sreća	O
što	O
sam	O
miroljubiv	O
po	O
naravi	O
...	O

iz	O
tel	O
aviva	O
za	O
#dnevniknovetv	O
najnovije	O
informacije	O
ima	O
veleposlanik	O
u	O
#izr	O
p.	O
šimunović	O

sutra	O
dalje	O
work	O
work	O
work	O
.	O

c'mon	NORM_1WORD
batter	NORM_1WORD
battery	O
life	O
!	O

na	O
vratima	O
će	O
koštati	O
35	O
kn	O
,	O
ako	O
ih	O
bude	O
!	O

u	O
njegovoj	O
kampanji	O
su	O
zajedno	O
čacic	NORM_1WORD
i	O
pusicka	NORM_1WORD
,	O
odnosno	O
dva	O
hnsa	NORM_1WORD
.	O

obrišem	O
history	O
,	O
upišem	O
u	O
adress	NORM_1WORD
bar	O
y	O
da	O
ću	O
na	O
youtube	O
i	O
puknem	O
enter	O
.	O

primam	O
"	O
[	O
installatron	O
]	O
new	O
versions	O
available	O
"	O
mail	O
sa	O
sitea	O
koji	O
više	O
ne	O
uređujem	O
.	O

true	O
fact	O
by	O
the	O
way	O
,	O
svemir	O
,	O
placebo	O
,	O
karma	O
...	O

izvodjaca	NORM_1WORD
stavljam	O
na	O
crnu	O
listu	O
.	O

nisi	O
faca	O
ako	O
se	O
za	O
korizmu	O
nečega	O
odrekneš	O
,	O
a	O
ostatak	O
godine	O
pretjeruješ	O
u	O
svemu	O
.	O

jeste	O
imali	O
kad	O
erotske	O
snove	O
?	O

to	O
balkansko	O
izigravanje	O
swaga	O
.	O

dabogda	O
mu	O
se	O
muda	O
osusila	NORM_1WORD

ostavite	O
nesto	NORM_1WORD
i	O
nama	O
nezgodnima	O
.	O

:/	O

@24sata_hr	O
mi	O
hrvati	O
smo	O
kakti	O
veliki	O
moreplovci	O
a	O
nismo	O
u	O
stanju	O
organizirati	O
2	O
-	O
3	O
bolja	O
trajekta	O
koji	O
bi	O
rješavali	O
ovakve	O
probleme	O
.	O

nisam	O
vidjela	O
još	O
ni	O
jedan	O
wake	O
me	O
up	O
when	O
september	O
ends	O
ili	O
september	O
rain	O
post	O
!	O

i	O
nisu	O
nešto	O
super	O
...	O

gadljivi	O
su	O
tipovi	O
koji	O
nagovaraju	O
druge	O
da	O
ih	O
hvale	O
,	O
pogotovo	O
na	O
drustvenim	NORM_1WORD
mrezama	NORM_1WORD
.	O

još	O
ću	O
se	O
i	O
rascmizdriti	O
...	O

natočila	O
pun	O
tank	O
95ice	NORM_1WORD
u	O
auto	O
s	O
dizel	O
motorom	O
,	O
bila	O
2	O
minute	O
previše	O
u	O
solariju	O
i	O
najdraži	O
sladoled	O
mi	O
pao	O
na	O
pod	O
!	O

na	O
kraju	O
sam	O
jučer	O
skužila	O
da	O
znam	O
onog	O
mladog	O
dečka	O
hadezeovca	O
sa	O
gejastim	O
glasićem	O
koji	O
je	O
sad	O
u	O
funkciji	O
predsjednika	O
udruge	O
mladih	O
:d	O

pomozite-dragi-građani	O
-	O
guy	O
ispred	O
trešnjevačkog	O
konzuma	O
stvarno	O
treba	O
nać	NORM_1WORD
novo	O
mjesto	O
.	O

noćas	O
se	O
moje	O
čelo	O
,	O
žari	O
noćas	O
se	O
moje	O
vjeđe	O
pote	O
i	O
moje	O
misli	O
san	O
ozari	O
umrijet	O
ću	O
noćas	O
od	O
vrućine	O
...	O

uz	O
ovaj	O
vatromet	O
i	O
ove	O
proslave	O
imam	O
osjećaj	O
ko	NORM_1WORD
da	O
je	O
nova	O
godina	O
all	O
over	O
again	O
.	O

ko	NORM_1WORD
bolje	O
puže	O
pobjednik	O
.	O

ca	O
propelerac	O
-	O
bombardier	O
dash	O
8-q	O
400	O

idem	O
kući	O
i	O
ne	O
nosim	O
ni	O
laptop	O
ni	O
filmove	O
ni	O
serije	O
,	O
ništa	O
osim	O
skripti	O
,	O
baš	O
me	O
zanima	O
šta	NORM_1WORD
će	O
biti	O
.	O

@sandramatkovic	O

izlet	O
na	O
#drina	O
me	O
posjetio	NORM_1WORD
na	O
#nadrinićupija	O
i	O
ponovo	O
je	O
čitam	O
.	O

u	O
desetom	O
mjesecu	O
cu	NORM_1WORD
napuniti	O
17	O
godina	O
i	O
cijeli	O
dan	O
cu	NORM_1WORD
pjevati	O
:	O
...	O
dancing	O
queen	O
,	O
young	O
and	O
sweet	O
,	O
only	O
seventeen	O
...	O

šta	NORM_1WORD
će	O
se	O
točno	O
dogodit	NORM_1WORD
u	O
utd	O
zbog	O
ovoga	O
šta	NORM_1WORD
ljudi	O
ode	NORM_1WORD
pišu	O
glazers	O
out	O
?	O

di	NORM_1WORD
su	O
#haiku	O
stihovi	O
za	O
@milinkovic_alex	O
#enterjutro	O
??	O

[	O
suradnja	O
]	O
tražimo	O
novog	O
community	O
managera	O
!	O

nisu	O
neselili	NORM_1WORD
samo	O
suboticu	O
.	O

http://t.co/ljiyr7wurk	O
još	O
samo	O
da	O
se	O
gospoda	O
iz	O
wpml-a	O
udostoje	O
otvoriti	O
mi	O
account	O
i	O
mogu	O
u	O
mirovinu	O
...	O

žene	O
treba	O
tretirati	O
jednako	O
zato	O
što	O
to	O
stimulira	O
gospodarski	O
rast	O
.	O

we	O
are	O
back	O
in	O
a	O
week	O
.	O

ne	O
?	O

@vladimirpilepic	O
malo	O
dalje	O
...	O

inace	NORM_1WORD
suvise	NORM_1WORD
gnjavim	O
@tvrtkobarun	O
i	O
jednom	O
prilikom	O
cu	NORM_1WORD
mu	O
morati	O
platiti	O
kavu	O
kada	O
bude	O
u	O
zagrebu	O
:)	O

@azavada	O

sva	O
ona	O
stoka	O
koja	O
me	O
žicala	O
kunu	NORM_1WORD
pa	O
ih	O
kasnije	O
vidiš	O
kako	O
natežu	O
pivo	O
dime	O
marlboro	O
trče	O
u	O
kladionicu	O
marš	O

sdp	O
nema	O
veze	O
sa	O
socijademokracijom	NORM_1WORD
.	O

jao	O
što	O
čovjek	O
voli	O
ovu	O
slobodu	O
twittera	O
gdje	O
do	O
mile	O
volje	O
možeš	O
klikati	O
follow	O
,	O
unfollow	O
,	O
favorite	O
,	O
block	O
...	O

#kckzg	O

@strings_kings	O
već	O
je	O
kupio	O
jedan	O
maslac	O
(	O
kupi	O
maslac	O
)	O
.	O

molimvas	NORM_1WORD
,	O
gospon	O
predsjednik	O
,	O
zasto	NORM_1WORD
bismo	O
vjerovali	O
da	O
kitaroviceva	NORM_1WORD
zeli	NORM_1WORD
legalizirati	O
korupcijsko	O
postupanje	O
.	O

messi	O
je	O
postigao	O
svoj	O
71.	O
pogodak	O
u	O
lp	O
sa	O
27	O
godina	O
,	O
4	O
mjeseca	O
i	O
10	O
dana	O
.	O

(	O
1	O
/	O
2	O
)	O

football	O
watching	O
:	O
level	O
housewife	O
.	O

ali	O
nije	O
bilo	O
i	O
nema	O
preferiranja	O
ni	O
nametanja	O
jednog	O
sustava	O
.	O

avdiću	O
bi	O
bilo	O
jednostavnije	O
nazvat	NORM_1WORD
album	O
"	O
jebem	O
svima	O
mater	O
"	O
,	O
snimit	NORM_1WORD
pol	NORM_1WORD
sata	O
tišine	O
i	O
mirna	O
bosna	O
.	O

union	O
slavi	O
150	O
godina	O
ovaj	O
vikend	O
jel	NORM_1WORD
vam	O
moram	O
uopce	NORM_1WORD
govorit	NORM_1WORD
da	O
nisam	O
vise	NORM_1WORD
straightedge	NORM_1WORD
.	O

pedeset	O
nijansi	O
sive	O
najprodavanija	O
je	O
knjiga	O
svih	O
vremena	O
u	O
v.	O
britaniji	O
!	O

@djordjesrb	O
@amina93	O
@marijamasazec	O
@sanjasaky84	O
i	O
ja	O
,	O
nisu	O
me	O
pustili	O
2006.	O
,	O
bio	O
sam	O
maloljetan	O

sestri	O
mi	O
ne	O
radi	O
htc	O
one	O
x	O
kamera	O
,	O
jednostavno	O
je	O
nece	NORM_1WORD
otvoriti	O
i	O
nakon	O
hard	O
reseta	O
,	O
custom	O
roma	O
i	O
drugih	O
cam	O
appova	O
.	O

tad	O
ce	NORM_1WORD
sdp	O
pobijediti	O
na	O
izborima	O
.	O

http://t.co/6ciaulxgjv	O
#tihtreninzi	O
#protivkorupcija	O
#transparentnost	O

evo	O
koji	O
su	O
zastupnici	O
u	O
saboru	O
bili	O
najaktivniji	O
,	O
a	O
koji	O
nisu	O
rekli	O
ni	O
riječi	O
!	O

@miss__iva	O
@vlahovic_n	O
@tsrpak	O
@ptalajic	O
@petermanecova	O
ali	O
stvarno	O
nabili	O
ste	O
osjećaje	O
u	O
osjećajnu	O
pjesmu	O
ali	O
kraj	O
ipak	O
rastura	O
😉	O
😜	O
😉	O

kill	O
it	O
with	O
fire	O

štimac	O
se	O
potpisa	NORM_1WORD
protiv	O
gej	O
brakova	O
kme	O
kme	O
kme	O
,	O
ako	O
ne	O
misli	O
ko	NORM_1WORD
ja	O
onda	O
je	O
u	O
krivu	O
i	O
triba	NORM_1WORD
ga	O
popljuvat	NORM_1WORD
kme	O
kme	O
kme	O
.	O

@stjepanhauser	O
@lukasulic	O

xd	O

it's	O
brilliant	O
!	O

dan	O
poslije	O
(	O
pretpremijere	O
)	O
i	O
dan	O
prije	O
(	O
službenog	O
izlaska	O
)	O
...	O

faca	O
si	O
ako	O
cijele	O
godine	O
paziš	O
kakva	O
si	O
osoba	O
.	O

nazvala	O
bih	O
to	O
failom	O
.	O

pogrješka	O
,	O
ne	O
će	O
i	O
slično	O
...	O

#coravakokos	O
#instagram	O
#i'mashamed	O

i	O
tako	O
se	O
ja	O
igram	O
diabla	O
,	O
vidim	O
healing	O
well	O
i	O
kažem	O
"	O
@marija_perica	O
tu	O
ti	O
je	O
healing	O
well	O
"	O
.	O

ništa	O
sve	O
će	O
ostat	NORM_1WORD
isto	O
.	O

bitno	O
da	O
se	O
vlasnike	O
ajfoneta	NORM_1WORD
naziva	O
glupima	O
jer	O
su	O
"	O
nasjeli	O
"	O
na	O
"	O
vodootpornost	O
"	O
koju	O
"	O
donosi	O
"	O
ios	O
7.	O
xd	O

promatrat	NORM_1WORD
mu	O
boju	O
,	O
upijati	O
miris	O
i	O
na	O
kraju	O
u	O
njemu	O
uživat	NORM_1WORD
s	O
nekime	O
u	O
onome	O
što	O
ti	O
nosi	O
.	O

vlada	O
rh	O
ima	O
plan	O
i	O
strategiju	O
za	O
borbu	O
protiv	O
siromaštva	O
,	O
a	O
to	O
je	O
suzbijanje	O
socijalnih	O
nemira	O
na	O
sve	O
načine	O
.	O

@thundersturm7	O
@velentajn	O
apsolutno	O
je	O
tvoje	O
pravo	O
ali	O
je	O
i	O
moje	O
da	O
kažem	O
da	O
neizlasci	O
biraju	O
vlast	O
jednako	O
kao	O
i	O
izlasci	O
ako	O
ne	O
i	O
više	O
:)	O

kad	O
se	O
prejedeš	O
nečeg	O
što	O
obožavaš	O
najbolje	O
osjetiš	O
koliko	O
je	O
tanka	O
linija	O
između	O
raja	O
i	O
pakla	O
.	O

treba	O
ima	O
shorts	O
,	O
ugg's	O
,	O
blijedo	O
rozi	NORM_1WORD
ruž	O
i	O
žvače	O
žvaku	O
k'o	NORM_1WORD
kobila	O
sijeno	O
.	O

ne	O
provjeriti	O
ili	O
što	O
već	O
si	O
zabrijao	O
:)	O

gdje	O
klinci	O
koji	O
dobro	O
crtaju	O
odu	O
u	O
art	O
school	O
.	O

fpzg	O
:	O
prosvjed	O
sutra	O
u	O
10	O
sati	O
:	O
studenti	O
fakulteta	O
političkih	O
znanosti	O
,	O
njih	O
130	O
apsolovenata	O
koji	O
studir	NORM_1WORD
...	O

danas	O
počinjem	O
učiti	O
/	O
večeras	O
ne	O
ću	O
večerati	O
/	O
jesti	NORM_1WORD
ću	O
manje	O
slatkog	O
/	O
ne	O
ću	O
piti	O
coca	O
colu	O
danas	O
i	O
-	O
ine	O
laži	O

a	O
za	O
mamurluk	O
neki	O
kurac	O
da	O
izmislite	O
?	O

zašto	O
onda	O
uopće	O
javno	O
istupaju	O
?	O

najbolje	O
mjesto	O
u	O
rijeci	O
.	O

nikiju	O
parfem	O
,	O
pa	O
šta	NORM_1WORD
?	O

#nu2	O

zapanjena	O
sam	O
,	O
očarana	O
,	O
jednostavno	O
savršenstvo	O
!	O

pojašnjenje	O
zadnjeg	O
tvita	O
:	O
'	O
portali	O
'	O
bez	O
autorskog	O
sadržaja	O
i	O
bez	O
svojih	O
novinara	O
nisu	O
mediji	O
nego	O
klik	O
generatori	O
.	O

u	O
2:26	O
ja	O
razmisljam	NORM_1WORD
kako	O
vennovim	O
dijagramima	O
izraziti	O
frazu	O
"	O
izvannastavno	O
nije	O
izvanskolsko	NORM_1WORD
,	O
ali	O
izvanskolsko	NORM_1WORD
je	O
i	O
izvannastavno	O
"	O
.	O

nekima	O
bi	O
zatvorska	O
kazna	O
stvarno	O
dobro	O
dosla	NORM_1WORD
.	O

neka	O
žena	O
30+	O
u	O
ekipi	O
20+	O
me	O
pitala	O
zašto	O
ne	O
puštam	O
musiq	NORM_1WORD
za	O
stare	O
ljude	O
.	O

:d	O

btw	O
,	O
na	O
ovim	O
feštama	O
u	O
rogoznici	O
nekad	O
je	O
znalo	O
biti	O
i	O
fine	O
klope	O
.	O

reality	O
shows	O
first	O
thing	O
in	O
the	O
morning	O
jer	O
pripremimo	O
mozak	O
i	O
učinimo	O
ga	O
imunim	O
na	O
sve	O
imbecile	O
s	O
kojima	O
ću	O
se	O
susresti	O
danas	O
.	O

mali	O
je	O
to	O
korak	O
za	O
mene	O
veliki	O
za	O
čovječanstvo	O
!	O

ako	O
se	O
ne	O
varam	O
kod	O
djevojaka	O
je	O
taj	O
broj	O
čak	O
13.	O

katastrofalno	O
!	O

super	O
su	O
mi	O
ljubomorni	O
ispadi	O
nezrelih	O
dječačića	O
.	O

onaj	O
burrito	O
u	O
masarykovoj	O
je	O
zapravo	O
skroz	O
smljac	O
!	O

mekše	O
kokice	O
,	O
obilnija	O
porcija	O
nachosa	O
i	O
umaka	O
,	O
komotnija	O
sjedala	O
,	O
tiši	O
ali	O
bolji	O
zvuk	O
,	O
znatno	O
litetnija	NORM_1WORD
slika	O
.	O

tko	O
bi	O
rekao	O
da	O
će	O
tijekom	O
seksa	O
mene	O
i	O
njega	O
s	O
kurvom	O
background	O
biti	O
rihanna	O
-	O
pour	O
it	O
up	O
.	O

solangeina	O
vjenčanica	O
pobjedila	NORM_1WORD
sve	O
.	O

#pastguide	O
http://t.co/rccuzklm4p	O
cc	O
@bios_osijek	O

presmijesno	NORM_1WORD
.	O

@franko12	O
@saramaddow	O
koliko	O
ja	O
vidim	O
da	O
i	O
previše	O
!	O

-	O
@vecernji_list	O
http://t.co/zhmmqssmbm	O
@europarl_hr	O
#vukovar	O

bit	O
će	O
10/10	O
bez	O
obzira	O
kakav	O
je	O
.	O

moralizam	O

postoji	O
li	O
koji	O
hr	O
site	O
gdje	O
možete	O
vidjeti	O
popis	O
edukativnih	O
poslovnih	O
evenata	O
?	O

jebem	O
ti	O
vegane	O
šugave	O
kad	O
mi	O
se	O
nađu	O
raspravljat	NORM_1WORD
na	O
twitteru	O
.	O

in	O
receding	O
hairlines	O
@kadjamanitram	O
samo	O
cu	NORM_1WORD
jednog	O
dana	O
ugasiti	O
kmp	NORM_1WORD
i	O
nestati	O
u	O
prasumi	NORM_1WORD
.	O

psihicki	NORM_1WORD
se	O
pripreman	NORM_1WORD
za	O
tortu	O
i	O
uvjeravan	NORM_1WORD
sebe	O
da	O
je	O
dovoljan	O
1	O
komad	O
.	O

te	O
neke	O
lyricse	O
moraš	O
znati	O
.	O

ali	O
baš	O
ono	O
iz	O
dna	O
duše	O
te	O
mrzim	O
.	O

..	O
i	O
sad	O
pročitam	O
članak	O
gdje	O
kažu	O
da	O
taj	O
štiti	O

svi	O
'	O
oh	O
so	O
important	O
'	O
ljudi	O
koji	O
ne	O
žele	O
imati	O
profil	O
na	O
facebooku	O
jer	O
ih	O
je	O
strah	O
ostavljati	O
informacije	O
o	O
svojem	O
'	O
oh	O
so	O
important	O
'	O
životu	O
.	O

kava	O
prije	O
8	O
,	O
oprano	O
svo	NORM_1WORD
suđe	O
na	O
turskoj	O
česmi	O
i	O
sad	O
pijem	O
pivo	O
,	O
chillam	O
i	O
čekam	O
da	O
netko	O
drugi	O
napravi	O
doručak	O
.	O

mama	O
be	O
like	O
:	O
oo	O
ćero	NORM_1WORD
moja	O
jesam	O
te	O
poželila	NORM_1WORD
,	O
jesil	NORM_1WORD
gladna	O
evo	O
jedi	O
,	O
jesi	O
se	O
najela	O
,	O
evo	O
ti	O
spisak	O
poslova	O
!	O

@zvjeronika	O
upravo	O
to	O
.	O

netiquette	O
je	O
skraćenica	O
od	O
"	O
network	O
etiquette	O
"	O
,	O
a	O
predstavlja	O
skup	O
pravila	O
koja	O
se	O
odnose	O
na	O
prihvatljivo	O
online	O
ponašanje	O
.	O

kršan	O
nam	O
u	O
11.	O
mj.	O
sprema	O
nešto	O
novo	O
-	O
hubertfest	O
-	O
festival	O
lova	O
i	O
kinologije	O
http://t.co/ydiahmhgw9	O
#kršan	O
#kinologija	O
@visitistra	O

https://t.co/nbti5aumyh	O
#autokreso	O

e	O
aj	NORM_1WORD
što	O
ovaj	O
jakovina	O
ne	O
zna	O
,	O
razumljivo	O
mi	O
je	O
to	O
,	O
ali	O
toliko	O
lagat	NORM_1WORD
u	O
kemeru	NORM_1WORD
...	O

upaljene	O
svijeće	O
pred	O
spomen-pločom	O
šesnaestorici	O
hrvatskih	O
vojnika	O
,	O
pripadnika	O
106.	O
brigade	O
.	O

radimo	O
taj	O
walter	O
brani	O
sarajevo	O
after	O
.	O

sutra	O
zovu	O
neku	O
oluju	O
.	O

za	O
seljaka	O
je	O
dobar	O
domaći	O
.	O

malo	O
stvari	O
ne	O
razumijiem	NORM_1WORD
,	O
a	O
jedna	O
od	O
njih	O
je	O
kako	O
par	O
tisuća	O
followera	O
ima	O
netko	O
kome	O
svaki	O
treći	O
twit	NORM_1WORD
nije	O
today	O
stats	O
:	O
xy	O
followers	O
...	O

pretprodaja	O
u	O
dirty	O
oldu	O
(	O
30	O
/	O
40	O
)	O
!	O

sloboda	O
govora	O
i	O
misli	O
nije	O
isto	O
što	O
i	O
neodgovorno	O
laprdanje	O
.	O

@mojbonbon	O
mogu	O
za	O
povezivanje	O
koristiti	O
t-mobile	O
usb	O
stick	O
od	O
huaweija	O
?	O

prouzročit	O
će	O
vam	O
zamućenje	O
dogme	O
.	O

ovi	O
bedačeki	O
sta	NORM_1WORD
od	O
niceg	NORM_1WORD
dodju	NORM_1WORD
do	O
neceg	NORM_1WORD
sitnog	O
pa	O
prodaju	O
pamet	O
i	O
svoju	O
aroganciju	O
,	O
pa	O
daj	O
,	O
nemoj	O
bit	NORM_1WORD
seljacina	NORM_1WORD
.	O

plaćaju	O
sami	O
?	O

slusal	NORM_1WORD
two	O
dogs	O
fucking	O
,	O
prejeben	O
album	O
,	O
let	O
3	O
u	O
svom	O
svom	O
sjaju	O
...	O

[	O
help	O
]	O
zna	O
netko	O
link	O
na	O
novi	O
zakon	O
koji	O
omogućava	O
registraciju	O
tvrtke	O
na	O
stranom	O
jeziku	O
?	O

(ne)poštena	O
prednost	O
ili	O
zašto	O
nikada	O
nećmo	NORM_1WORD
osvojiti	O
zlato	O
u	O
bobu	O
:d	O
http://t.co/yfz4lpfgbm	O
#znanostblog	O

ili	O
vas	O
ugodno	O
griju	O
i	O
maze	O
ili	O
vas	O
stežu	O
i	O
guše	O
.	O
”	O

ako	O
nekome	O
pomogne	O
...	O

>.>	O

@ictracunalo	O
i	O
meni	O
,	O
ali	O
je	O
skup	O
...	O

izvrstan	O
intervju	O
s	O
našom	O
teatrologinjom	O
#sanjanikčević	O
http://t.co/yyrbrosevj	O
@bitnonet	O

@humpibump	O
blago	O
ti	O
se	O
.	O

otvorim	O
film	O
na	O
filmoviziji	O
i	O
iskoče	O
mi	O
tri	O
reklame	O
,	O
dvoje	NORM_1WORD
igrice	O
,	O
jedan	O
pornić	O
i	O
eto	O
,	O
sad	O
ne	O
znam	O
što	O
da	O
prvo	O
pogledam	O
...	O

@ivana_culjak	O
siguran	O
sam	O
,	O
fest	O
..	O

poluvrijeme	O
:	O
chelsea	O
0-0	O
norwich	O
stativa	O
schurrlea	O
i	O
nedosuđenjen	NORM_1WORD
penal	O
za	O
norwich	O
.	O

mandžukić	O
propušta	O
1.	O
utakmicu	O
na	O
svjetskom	O
nogometnom	O
prvenstvu	O
,	O
joe	O
šimunić	O
dobio	O
kaznu	O
svih	O
kazni	O
i	O
ne	O
ide	O
u	O
brazil	O
.	O

poala	NORM_1WORD
kiša	O
je	O
i	O
sivo	O
i	O
gnjilo	O
i	O
ko	NORM_1WORD
će	O
sad	O
išta	O
radit	NORM_1WORD
?	O

pa	O
tako	O
#np	O

spržio	O
sam	O
ocu	O
tošinu	O
kompilaciju	O
i	O
ne	O
mogu	O
vjerovati	O
koliko	O
je	O
taj	O
dečko	O
imao	O
hitova	O
u	O
tako	O
malo	O
godina	O
karijere	O
.	O

napokon	O

kaj	NORM_1WORD
ima	O
tak	NORM_1WORD
posebnog	O
na	O
tom	O
rujanfestu	O
?	O

#wtf	O

onaj	O
koji	O
je	O
sastavljo	NORM_1WORD
moj	O
raspored	O
i	O
stavio	O
tjelesno	NORM_1WORD
zadnji	O
sat	O
petkom	O
,	O
u	O
drugu	O
smjenu	O
,	O
taj	O
je	O
luđak	O
.	O

koje	O
je	O
malo	O
zadovoljstvo	O
danas	O
zavelo	O
vaše	O
nepce	O
?	O

@jurablazevic	O
@beriannodittere	O
drejk	NORM_1WORD
ima	O
na	O
albumu	O
pjesme	O
"	O
wu	O
tang	O
forever	O
"	O
i	O
"	O
connect	O
"	O
,	O
niste	O
ni	O
svjesni	O
svog	O
utjecaja	O

|	O
tportal.hr	O
http://t.co/7wl2ze5rzb	O
via	O
@tportal	O

@pitbullsm7	O
kasnije	O
su	O
mi	O
isto	O
neki	O
govorili	O
da	O
sam	O
trebao	O
izbaciti	O
španjolce	O
jer	O
u	O
prvim	O
kolima	O
često	O
kiksaju	O

prvi	O
put	O
u	O
ovoj	O
sezoni	O
.	O

ah	O
koji	O
problemi	O

oće	NORM_1WORD
se	O
u	O
ponedjeljak	O
naštimat	NORM_1WORD
termini	O
ovih	O
dvaju	O
koncerata	O
?	O

any	O
ideas	O
on	O
why	O
?	O

ne	O
znam	O
,	O
taman	O
kad	O
pomislim	O
da	O
mi	O
ego	O
ne	O
može	O
biti	O
veći	O
...	O
stignu	O
rezultati	O
prijemnog	O
kao	O
još	O
jedan	O
dokaz	O
koliko	O
sam	O
superioran	O
.	O

avaz	O
|	O
online	O
izdanje	O
http://t.co/1apadaerem	O
#dnevniavaz	O
via	O
@dnevniavaz	O

@bvanaizlagune	O
nisam	O
bio	O
u	O
nisu	NORM_1WORD
nikad	O
...	O

guverner	O
središnje	O
mađarske	O
banke	O
traži	O
ostavku	O
ollija	O
rehna	O
http://t.co/69ontam9km	O
#olli_rehn	O
#ostavka	O
#politikahr	O

kako	O
sam	O
nabrijana	O
na	O
vježbanje	O
.	O

spot	O
#disko	O
http://t.co/g8ituaelus	O
#enterjutro	O
@enterzagreb	O

fenomenalnim	O
koncertom	O
u	O
helsingborgu	O
završena	O
skandinavska	O
turneja	O
.	O

ifeliz	O
navidad	O
madridistas	O
!	O

sretna	O
svima	O
nova	O
,	O
da	O
imate	O
para	O
,	O
cuge	O
,	O
žena	O
/	O
muškiju	NORM_1WORD
,	O
seksova	NORM_1WORD
,	O
'rane	NORM_1WORD
,	O
boga	O
i	O
'rvata	NORM_1WORD
,	O
referenduma	O
i	O
sveg	NORM_1WORD
takog	NORM_1WORD
:d	O
#jadocekaokodkuce	O

ode	O
disk	O
,	O
nekad	O
je	O
to	O
bilo	O
zesce	NORM_1WORD
sranje	O
,	O
danas	O
neki	O
repair	O
10-ak	O
min	NORM_1WORD
,	O
vratis	NORM_1WORD
backup	O
i	O
za	O
sat	O
vremena	O
sve	O
po	O
starom	O
,	O
zelo	O
lepo	O
...	O

..	O
al	NORM_1WORD
eto	O
10	O
€	O
za	O
kavu	O
od	O
mađara	O
koji	O
perfektno	O
govori	O
hrvatski	O
jedina	O
utjeha	O
..	O

podvaljivanje	O
kvazi-kulinarskog	O
umijeća	O
s	O
orijenta	O
@petarvevo	O
nakon	O
predugo	O
vremena	O
.	O

:d	O

http://t.co/hwhwnb2khk	O
@gibonniofficial	O
#np	O

otišla	O
na	O
internet	O
na	O
računalu	O
u	O
kabinetu	O
informatike	O
i	O
naišla	O
na	O
sve	O
fotografije	O
zamijenjene	O
varijacijom	O
lica	O
nicolasa	O
cagea	O

:-)	O

ali	O
možda	O
sam	O
samo	O
ja	O
previše	O
pristran	O
što	O
se	O
tiče	O
mog	O
faksa	O
xd	O

rereadam	O
poruke	O
na	O
xperiji	O
između	O
@5usurrus	O
i	O
my	O
fucking	O
awesome	O
self	O
iz	O
doba	O
jordanovca	O
.	O

ja	O
imam	O
to	O
prokletstvo	O
osvajanja	O
lanova	NORM_1WORD
.	O

venice	O
by	O
lowlight	O
http://t.co/0qoqdpn	O
via	O
@mixcloud	O

imam	O
pitanje	O
za	O
@vladarh	O
!	O

nisu	O
ni	O
svjesni	O
koliko	O
će	O
ljenčina	NORM_1WORD
razviti	O
;)	O

a	O
mi	O
smo	O
tu	O
da	O
pomognemo	O
da	O
vaše	O
poslovanje	O
od	O
kuće	O
bude	O
što	O
efikasnije	O
,	O
vidimo	O
se	O
sutra	O
!...	O

koliko	O
dugo	O
ste	O
vi	O
prokuhavali	O
to	O
mlijeko	O
?	O

i	O
don't	O
like	O
threats	O
,	O
a	O
jadan	O
seljak	O
sirotinja	O
bullshit	O
pričaj	O
nekom	O
drugom	O
,	O
znam	O
kolko	NORM_1WORD
košta	O
tvoj	O
deer	O
.	O

udruga	O
'	O
život	O
ili	O
cijepljenje	O
'	O
svojim	O
djelovanjem	O
ugrožava	O
zdravlje	O
svih	O
nas	O
.	O

majmuni	O
ovamo	O
majmuni	O
onamo	O
-	O
what's	O
the	O
difference	O
?	O

http://t.co/8lwkcqdive	O
#weareone	O
@pitbull	O
@jlo	O
@claudialeitte	O

svi	O
drugi	O
tvrde	O
da	O
pročitaju	O
ispravno	O
:)	O
@ikaurin	O

@goran_maravic	O
baš	O
i	O
ne	O
kada	O
pogledaš	O
unazad	O
sa	O
dovoljno	O
odmaka	O
vidjet	O
češ	NORM_1WORD
da	O
ta	O
rusija	O
uopće	O
nije	O
tako	O
antifašistička	O

o	O
tome	O
koliko	O
dobro	O
mi	O
je	O
ispala	O
rolada	O
najviše	O
govori	O
sestrino	O
pitanje	O
"	O
a	O
zašto	O
ju	O
nisi	O
zarolala	O
?	O
"	O

na	O
današnji	O
dan	O
2008.	O
godine	O
preminuo	O
je	O

#dalmatinciuzagrebu	O
:)))	O

kakvo	O
osvježenje	O
!	O

@9mlg9	O
drago	O
mi	O
je	O
što	O
mi	O
ne	O
vidiš	O
noge	O
:d	O

zašto	O
je	O
prelazak	O
s	O
bonova	O
na	O
pretplatu	O
u	O
vip-u	O
ravan	O
tome	O
ko	NORM_1WORD
da	O
riješavaš	NORM_1WORD
papire	O
za	O
let	O
u	O
space	O
shuttleu	O
?	O

bespovratne	O
potpore	O
od	O
400.000	O
kuna	O
dobili	O
rimac	O
automobili	O
,	O
ux	O
passion	O
i	O
shoutem	O
!	O

i	O
eustahije	O
će	O
biti	O
na	O
akter-u	O
pelodiscus	O
sinensis	O
ili	O
kineska	O
mekoštitka	O
kornjača	O
,	O
odrasli	O
dečko	O
dolazi	O
pokazati	O
svu	O
svoju	O
ljepotu	O
#akter	O

2/2	O
povratna	O
karta	O
je	O
60	O
kn	O
,	O
a	O
za	O
djecu	O
se	O
ne	O
plaća	O
.	O

kad	O
se	O
govori	O
o	O
brazilu	O
,	O
često	O
se	O
sjetim	O
riječi	O
profesorice	O
kos	O
stanišić	O
-	O
u	O
brazilu	O
ne	O
znaš	O
tko	O
je	O
crnac	O
,	O
tko	O
je	O
bijelac	O
(	O
1/2	O
)	O

b2	O
:	O
"	O
ajde	NORM_1WORD
kate	O
bogati	NORM_1WORD
,	O
ka	NORM_1WORD
da	O
ja	O
i	O
ti	O
nismo	O
pile	O
vina	O
njiovi	NORM_1WORD
godin	NORM_1WORD
.	O

u	O
tom	O
slučaju	O
ne	O
propustite	O
promociju	O
knjige	O
darije	O
vranešić	O
-	O
bender	O
"	O
priče	O
o	O
hrani	O
"	O
u	O
vip	O
clubu	O
na	O
trgu	O
bana	O
jelačića	O
u	O
20	O
h	O

http://soc.li/ojgpvod	O
wow	O
!	O

prethodni	O
tvit	O
je	O
citat	O
iz	O
podcasta	O
welcome	O
to	O
night	O
vale	O
,	O
jer	O
eto	O
,	O
slušam	O
surreal	O
/	O
horror	O
mock	O
news	O
podcast	O
umjesto	O
*	O
pravih	O
*	O
vijesti	O
:(	O

http://t.co/xhejxpv9	O
#ffzg	O

meni	O
neko	NORM_1WORD
ulazi	O
na	O
fb	O
profil	O
pa	O
šalje	O
nepoznatim	O
ljudima	O
rikvestove	NORM_1WORD
.	O

kopun	O
u	O
guzicu	O
!	O

@tvrtkobarun	O
francuski	O
biskupi	O
preporučili	O
da	O
se	O
preko	O
tvitera	NORM_1WORD
još	O
snažnije	O
čuje	O
glas	O
mladih	O
#novarhema	O

danas	O
se	O
bore	O
za	O
gazde	O
,	O
stranke	O
,	O
religije	O
...	O

ljudi	O
kondom	O
ne	O
poznaju	O
.	O

jebote	NORM_1WORD
reda	O
,	O
ima	O
se	O
,	O
ili	O
su	O
to	O
ovi	O
minusi	O
koje	O
linić	O
oće	NORM_1WORD
skresat	NORM_1WORD
....	O

dok	O
pišem	O
koncept	O
projekta	O
,	O
borim	O
se	O
s	O
prehladom	O
,	O
pijem	O
čaj	O
od	O
trešnje	O
i	O
trujem	O
se	O
gumenim	O
bombonima	O
.	O

😒	O

probudila	O
se	O
dva	O
sata	O
kasnije	O
s	O
precudnim	NORM_1WORD
mislima	O
u	O
glavi	O
,	O
mrzim	O
kad	O
se	O
to	O
dogodi	O
.	O

''	O
nećemo	O
noćas	O
doma	O
nećemo	O
do	O
zore	O
jednom	O
se	O
samo	O
živi	O
jednom	O
se	O
umire	O
''	O
...	O
itd	NORM_1WORD
:)	O

bjelicu	O
za	O
predsjednika	O
!	O

narasla	O
mi	O
brada	O
i	O
morao	O
bih	O
ju	O
obrijat	NORM_1WORD
.	O

#data4children	O

aha	O
...	O

citam	NORM_1WORD
vas	O
sto	NORM_1WORD
kukate	O
o	O
bateriji	O
pa	O
se	O
sjetim	O
da	O
je	O
moj	O
konstantn	NORM_1WORD
na	O
punjacu	NORM_1WORD
jer	O
mi	O
sluzi	NORM_1WORD
za	O
testiranje	O

svojstvo	O
,	O
ovisnik	O
sam	O
o	O
učenju	O
svaki	O
dan	O
,	O
je	O
oduvijek	O
glavni	O
preduvijet	NORM_1WORD
za	O
svakog	O
budućeg	O
poduzetnika	O
,	O
a	O
danas	O
je	O
to	O
doseglo	O
vrh	O
.	O

falija	NORM_1WORD
je	O
puno	O
šta	NORM_1WORD
je	O
sa	O
16	O
godina	O
otisa	NORM_1WORD
tamo	O
.	O

http://t.co/1qd2ftwzgi	O
svetac	O
zaštitnik	O
hrvatskih	O
političara	O
:	O
sveta	O
ignorantia	O
nije	O
tako	O
zahtjevna	O
kao	O
marija	O
#politikahr	O

slavna	O
glumica	O
nam	O
je	O
otkrila	O
mnoge	O
zanimljivosti	O
,	O
između	O
ostalog	O
i	O
kako	O
napreduje	O
snimanje	O
filma	O
u	O
susjednoj	O
srbiji	O
.	O

jos	NORM_1WORD
kad	O
cuju	NORM_1WORD
da	O
si	O
hrvat	O
#freshmeat	O
lol	O

o	O
tome	O
koliko	O
sam	O
loš	O
u	O
igrama	O
dovoljno	O
govori	O
činjenica	O
da	O
nisam	O
uspio	O
proći	O
trening	O
u	O
"	O
assassin's	O
creed	O
"	O
.	O

#neslusajmater	O

@humpibump	O
actually	O
to	O
je	O
više	O
moje	O
mišljenje	O
o	O
meni	O
pa	O
sam	O
mislio	O
da	O
svi	O
tako	O
kada	O
se	O
napiju	O
hahahah	O

i	O
pity	O
the	O
fool	O
!	O

..	O
ja	O
volim	O
životinje	O
zato	O
ih	O
i	O
nemam	O
:)	O

hrvatska	O
vodi	O
1:0	O
!	O

stojin	NORM_1WORD
u	O
redu	O
za	O
kabinu	O
(	O
sa	O
ženon	NORM_1WORD
)	O
u	O
izvjesnoj	O
butigi	O
o	NORM_1WORD
robe	O
...	O

ek	O
kontra	O
hdz-a	O
i	O
hup-a	O
:	O
hr	O
porezi	O
ne	O
narušavaju	O
rast	O
,	O
a	O
potrebna	O
još	O
jača	O
naplata	O
poreza	O
.	O

koja	O
je	O
politika	O
sa	O
pdv-om	O
i	O
carinom	O
?	O

malo	O
fuj	O
al	NORM_1WORD
su	O
mi	O
i	O
dalje	O
the	O
bestest	O
couple	O
ikad	O
!	O

treća	O
runda	O
:	O
sučeljavanje	O
kandidata	O
hribara	O
i	O
gregurića	O
za	O
ravnatelja	O
havc-a	O
-	O
hrt3	O
,	O
22.50	O
http://t.co/vkjeht2vvx	O
via	O
@novimedijihrt	O

neumjesan	NORM_1WORD
sam	O
,	O
znam	O
.	O

#yemodjabuke	O
#djpuska	O
#djbilingualillierate	O

@modernalutka	O
dok	O
je	O
to	O
izašlo	O
na	O
@bbcf1	O
,	O
znači	O
da	O
je	O
gotovo	O
sigurno	O
istina	O
.	O

shut	O
up	O
and	O
take	O
my	O
money	O
!	O

fakat	O
!	O

@kjukar	O
@r_i_b_a	O
meni	O
je	O
potpuno	O
nevažno	O
od	O
kuda	O
netko	O
dolazi	O
da	O
bi	O
živio	O
u	O
rijeci	O
ali	O
ako	O
vas	O
to	O
toliko	O
zanima	O
ja	O
sam	O
rođen	O
u	O
rijeci	O

toliko	O
sam	O
pažljivo	O
pregledala	O
stan	O
koji	O
sam	O
unajmila	O
da	O
uopće	O
nisam	O
skužila	O
da	O
nema	O
umivaonik	O

znate	O
li	O
što	O
je	O
ljubav	O
?	O

news	O
feed	O
desktop	O
only	O
(	O
kroz	O
power	O
editor	O
)	O
nije	O
moguć	O
za	O
"	O
website	O
clicks	O
"	O
?	O

pusa	O
svima	O
od	O
barbare	O

pa	O
nije	O
to	O
tako	O
teško	O
,	O
valjda	O
?!	O

još	O
su	O
neke	O
neraspakirane	O
od	O
zadnje	O
selidbe	O
.	O

"	O
medjusobno	NORM_1WORD
suceljavanje	NORM_1WORD
sukobljenih	O
strana	O
moze	NORM_1WORD
uroditi	O
plodom	O
jedino	O
onda	O
ako	O
se	O
na	O
prvo	O
mjesto	O
postavi	O
istinska	O
skrb	O
za	O
covjecanstvo	NORM_1WORD
.	O
"	O

sve	O
nas	O
zasipaju	O
s	O
"	O
here	O
are	O
accounts	O
similar	O
to	O
who	O
you	O
followed	O
"	O
.	O

sve	O
nase	NORM_1WORD
cuge	O
naplacuju	NORM_1WORD
gostima	O
koji	O
imaju	O
all	O
inclusive	O
.	O

@ddakki	O
@vladarh	O
što	O
se	O
mene	O
tiče	O
,	O
hdz	O
se	O
može	O
vratiti	O
na	O
vlast	O
.	O

pokleknula	O
sam	O
i	O
napravila	O
instagram	O
.	O

@marina_b612	O
@nedeljko	O
@strings_kings	O
dovoljan	O
je	O
reply	O
na	O
newsletter	O
s	O
tekstom	O
"	O
odjava	O
"	O
,	O
ako	O
ne	O
vidite	O
link	O
za	O
odjavu	O
na	O
dnu	O
.	O

a	O
tko	O
zna	O
,	O
možda	O
je	O
zaista	O
za	O
sve	O
kriva	O
milanovićeva	O
tajnica	O
http://t.co/lkhmk2igjz	O
via	O
@24sata_hr	O

vodite	O
li	O
djecu	O
na	O
putovanje	O
ne	O
zaboravite	O
ponijeti	O
neku	O
njihovu	O
najdražu	O
igračku	O
@etourshr	O
#putovanja	O

glava	O
gori	O
,	O
tijelo	O
kaže	O
-	O
temperature	O
nema	O
.	O

slusam	NORM_1WORD
u	O
dnevniku	O
izjave	O
ovih	O
mma	O
boraca	O
,	O
postaje	O
mi	O
jasno	O
zasto	NORM_1WORD
to	O
rade	O
...	O

mamu	O
mu	O
uobraženu	O
...	O

poili	NORM_1WORD
ste	O
i	O
propili	O
...	O

hej	O
doktors	O
kako	O
šašavo	O
,	O
ali	O
će	O
ti	O
izbacit	NORM_1WORD
syntax	O
error	O
:d	O

ante	O
nobilo	O
,	O
da	O
može	O
tužio	O
bi	O
kralja	O
tomislava	O
za	O
udruženi	O
zločinački	O
pothvat	O
,	O
stvaranja	O
hrvatske	O
do	O
drine	O
.	O

@zaboky	O
pa	O
mislim	O
da	O
nisu	O
sitnice	O
,	O
imaju	O
desetak	O
takvih	O
mjesta	O
,	O
a	O
na	O
20	O
m	O
parkiralište	O
baš	O
za	O
njih	O
...	O

@utikejt	O

kontrolori	O
zapadne	O
civilizacije	O
su	O
dopustili	O
ovom	O
stvorenju	O
mraka	O
da	O
divlja	O
neko	O
vrijeme	O
,	O
onda	O
odlučiše	O
da	O
ga	O
pozovu	O
na	O
odgovornost	O
.	O

kaže	O
istraživanje	O
->	O
playing	O
video	O
games	O
can	O
boost	O
brain	O
power	O
http://t.co/m0k5savtoh	O
#brainpower	O

i	O
rep	O
!	O

nema	O
veze	O
.	O

nikad	O
nećemo	O
fermat	NORM_1WORD
šetat	NORM_1WORD
po	O
sikama	O
;	O
to	O
se	O
uvik	NORM_1WORD
igramo	O
,	O
to	O
je	O
uvik	NORM_1WORD
zabava	O
,	O
to	O
su	O
uvik	NORM_1WORD
noge	O
iskidane	O
.	O

sviđa	O
mi	O
se	O
inicijativa	O
iako	O
mislim	O
da	O
će	O
dotična	O
gospođa	O
izgubiti	O
povjerenje	O
kod	O
nekih	O
svećenika	O
.	O

@writingmammal	O
925	O
http://t.co/1uw0rcqoji	O
cijena	O
nije	O
mala	O
ali	O
to	O
je	O
sad	O
valjda	O
najjaci	NORM_1WORD
nokijin	O
mob	O
,	O
osim	O
1020.	O

lijepo	O
je	O
biti	O
mlad	O
i	O
nemati	O
sve	O
informacije	O
-	O
život	O
izgleda	O
bolji	O
nego	O
što	O
je	O
.	O

valjda	O
neće	O
biti	O
baš	O
prolom	O
oblaka	O
.	O

grci	O

http://t.co/jd3sdhzjpv	O
stravičan	O
sudar	O
dva	O
tramvaja	O
u	O
sarajevu	O
,	O
ozlijeđeno	O
40	O
osoba	O
#sarajevo	O
#tramvaj	O
#sudar	O

hladno	O
profesionalan	O
...	O

#croatiafloods	O
#poplave	O

imam	O
blagu	O
amneziju	O
i	O
ne	O
sjećam	O
se	O
ničega	O
zadnjih	O
godinu	O
dana	O
jer	O
zbog	O
pothranjenosti	O
mozak	O
mi	O
nije	O
imao	O
dovoljno	O
kisika	O
i	O
hrane	O
.	O

sada	O
nato	O
ima	O
monopol	O
.	O

http://t.co/rfmtwmzkht	O

@irenamali	O
u	O
tome	O
i	O
je	O
problem	O

i	O
spremam	O
se	O
i	O
razmišljam	O
kak	NORM_1WORD
sam	O
too	O
old	O
for	O
this	O
shit	O
.	O

jedan	O
bar	O
graf	O
to	O
sredi	O
,	O
samo	O
nije	O
"	O
sexy	O
"	O
.	O

brad	O
moze	NORM_1WORD
glumiti	O
sve	O
.	O

pare	O
idu	O
vani	O
.	O

nova	O
#volimmeso	O
galerija	O
s	O
instagrama	O
-	O
http://t.co/tljgfgi14m	O
-	O
feat.	O
@ivanbrezakbrkan	O
,	O
@nebojsag	O
,	O
@anapriha	O
i	O
drugi	O
!	O

fulo	NORM_1WORD
sam	O
zanimanje	O
,	O
trebo	NORM_1WORD
sam	O
u	O
svecenike	NORM_1WORD
ic	NORM_1WORD
:	O
slusas	NORM_1WORD
sexy	O
ispovjedi	NORM_1WORD
,	O
citas	NORM_1WORD
bajke	O
iz	O
jedno	NORM_1WORD
te	O
iste	O
knige	NORM_1WORD
,	O
cugas	NORM_1WORD
vino	O
,	O
trollas	NORM_1WORD
naivne	O
ljude	O

luda	O
!	O

pustimo	O
negativne	O
aspektr	NORM_1WORD
,	O
nego	O
to	O
ziher	O
ima	O
posla	O
u	O
call	O
centru	O
!	O

pliz	O
help	O
,	O
htjela	O
bih	O
ovdje	O
nešto	O
šerati	NORM_1WORD
.	O

gorak	O
,	O
očiti	O
,	O
realan	O
...	O

smislio	O
dobra	NORM_1WORD
tvit	O
koji	O
bi	O
sigurno	O
imao	O
7485937	O
fejvova	NORM_1WORD
i	O
zaboravio	O
ga	O
.	O

ipak	O
su	O
to	O
90-ete	NORM_1WORD
.	O

lolo	O
,	O
ak	NORM_1WORD
lajkiram	O
krivo	O
brišem	O
ga	O
instat	NORM_1WORD
eo	NORM_1WORD
grantiram	NORM_1WORD
vam	O

odaberi	O
pravi	O
i	O
ne	O
pravi	O
se	O
lud	O
!	O

ict	O
business	O
|	O
hrvatski	O
telekom	O
donirao	O
495	O
tisuća	O
kuna	O
za	O
devet	O
društveno	O
vrijednih	O
projekata	O
http://t.co/myf8qy6hkr	O
#ictbusiness	O

ako	O
na	O
ovom	O
statusu	O
bude	O
40	O
lajkova	O
do	O
ponoći	O
ide	O
jedna	O
slika	O
za	O
sve	O
muške	O
fanove	O
ove	O
stranice	O
!	O

nije	O
valjda	O
da	O
appleovci	O
misle	O
da	O
je	O
bolji	O
od	O
iworka	O
?	O

umjesto	O
da	O
sjednem	O
i	O
pročitam	O
svoj	O
diplomski	O
rad	O
,	O
ja	O
prolazim	O
kroz	O
popis	O
koncerata	O
u	O
londonu	O
do	O
kraja	O
mjeseca	O
.	O

dobra	O
.	O

njih	O
sam	O
pitala	O
da	O
provjere	O
jednu	O
staru	O
...	O

još	O
samo	O
da	O
mi	O
filjana	NORM_1WORD
paprika	O
iskipi	O
i	O
to	O
je	O
to	O
.	O

philip	O
je	O
sada	O
pitao	O
publiku	O
:	O
"	O
r	O
u	O
havin	O
a	O
good	O
fuckin	O
time	O
in	O
this	O
cocksucker	O
?	O
"	O

ne	O
znam	O
kako	O
moj	O
glupi	O
bioritam	O
danas	O
misli	O
općit	NORM_1WORD
sa	O
mnom	O
,	O
pa	O
da	O
znam	O
dal	NORM_1WORD
da	O
kuham	O
kavu	O
,	O
il	NORM_1WORD
će	O
mi	O
se	O
smilovat	NORM_1WORD
pa	O
da	O
uskoro	O
zaspem	NORM_1WORD
.	O

#onokad	O
službeno	O
objave	O
da	O
počinje	O
[	O
23.	O
sezona	O
]	O
@amazingrace_cbs	O
.	O

ok	O
.	O

frendica	O
se	O
ne	O
slaze	NORM_1WORD
.	O

bravo	O
!	O

google	O
scholar	O
mi	O
nije	O
neš	NORM_1WORD
dobro	O
danas	O
.	O

iz	O
medija	O
:	O
'	O
fotografiju	O
vukovarske	O
ratne	O
bolnice	O
su	O
zabranili	O
'	O

definitivno	O
ima	O
:)	O

kroz	O
cijelu	O
srednju	O
san	NORM_1WORD
nosia	NORM_1WORD
neke	O
narukvice	O
i	O
bia	NORM_1WORD
jako	O
cool	O
.	O

hipsterčina	O
je	O
ove	O
sezone	O
good	O
cop	O
.	O

http://t.co/lli1x9xins	O
//	O
@gng_bol	O

birajte	O
cure	O
sa	O
šiškama	O
.	O

@bubreg	O
@novimedijihrt	O
imam	O
već	O
spreman	O
naslov	O
:	O
ćosić	O
i	O
vlaović	O
skoro	O
uništtili	NORM_1WORD
nabolju	NORM_1WORD
utakmicu	O
sp-a	O
!	O

da	O
vidimo	O
sta	NORM_1WORD
ima	O
na	O
skype	NORM_1WORD
...	O

rado	O
bi	NORM_1WORD
ga	O
skinula	O
.	O

u	O
blogpostu	O
na	O
@fenixapps	O
,	O
petar	O
govori	O
o	O
targetiranju	O
uz	O
pomoć	O
#fb	O
id-eva	NORM_1WORD
i	O
e-maila	O
http://t.co/nbjcnb5kds	O
#drugasmjena	O

taj	O
hoda	O
po	O
zg	O
isto	O
stalno	O
hehe	O

omg	O
,	O
evo	O
,	O
još	O
jedan	O
ubijen	O
u	O
ludilu	O
....	O
#islamicstate	O

šta	NORM_1WORD
nekog	O
zaboli	O
šta	O
misli	O
r.	O
žeravica	O
,	O
m.	O
novosel	O
ili	O
p.	O
skansi	O
.	O

textbook	O
cringe	O
beta	O
fotto	O
.	O

@ivanbrezakbrkan	O
razumijem	O
i	O
ne	O
razumijem	O
jer	O
gledam	O
s	O
obje	O
strane	O
pricu	NORM_1WORD
:)	O

danas	O
sam	O
vidila	NORM_1WORD
majice	O
na	O
#selfie	O
i	O
'	O
cool	O
story	O
bro	O
(	O
tell	O
it	O
again	O
)	O
'	O
,	O
dosta	O
depresivno	O
,	O
pozdrav	O
iz	O
švedske	O
.	O

@stajapougovoru	O
@milangrahovac	O
@sns_srbija	O
predsjednik	O
jednog	O
važnog	O
skupštinskog	O
odbora	O
i	O
uvaženi	O
narodni	O
poslanik	O
sns-a	O
:)	O

deezer	O
...	O

dns	NORM_1WORD
cas	NORM_1WORD
vogue-a	NORM_1WORD
bio	O
odlican	NORM_1WORD
,	O
jedini	O
problem	O
je	O
bio	O
sto	NORM_1WORD
sam	O
trebala	O
ispoljit	NORM_1WORD
manekenku	O
u	O
sebi	O
,	O
a	O
dns	NORM_1WORD
se	O
nisam	O
mogla	O
deblje	O
osjecat	NORM_1WORD
!	O

kickaj	O
ga	O
van	O
zemlje	O
ako	O
je	O
illegal	O
immigrant	O
.	O

i	O
ja	O
bih	O
to	O
radila	O
kada	O
nešto	O
ne	O
razumijem	O
jer	O
se	O
tako	O
osjećam	O
.	O

tako	O
mi	O
i	O
treba	O
kad	O
sam	O
emotivna	O
i	O
sta	NORM_1WORD
me	O
to	O
sve	O
tak	NORM_1WORD
dira	O
,	O
i	O
sta	NORM_1WORD
mog	O
decka	NORM_1WORD
boli	O
k	NORM_1WORD
za	O
nju	O
i	O
sta	NORM_1WORD
nema	O
nikakvog	O
osjecaja	NORM_1WORD
za	O
odgovornost	O
...	O

mater	O
me	O
dosla	NORM_1WORD
pitat	NORM_1WORD
dal	NORM_1WORD
sam	O
kupila	O
jucer	NORM_1WORD
sirkovu	O
metlu	O
.	O

ponekad	O
i	O
malo	O
zadovolji	O
puno	O
!	O

oba	O
su	O
mi	O
zvjeri	NORM_1WORD
...	O

nona	O
nije	O
.	O

par	O
losih	NORM_1WORD
poteza	O
i	O
nema	O
te	O
...	O

lik	O
je	O
prvo	O
napravio	O
polukrug	O
po	O
križanju	O
pa	O
zatim	O
skrenuo	O
kam	NORM_1WORD
treba	O
.	O

za	O
veceru	NORM_1WORD
jedite	O
posni	O
sir	O
s	O
bademima	O
-	O
niskokaloricno	NORM_1WORD
,	O
a	O
puno	O
bjelancevina	NORM_1WORD
.	O

@isixubio	O
ne	O
znamo	O
na	O
koju	O
odluku	O
misliš	O
kada	O
smo	O
uvijek	O
stavljali	O
poveznicu	O
na	O
javnu	O
raspravu	O
.	O

evo	O
i	O
drugo	O
pitanje	O
za	O
nogomet	O
-	O
koji	O
je	O
zadranin	O
u	O
prvoj	O
momčadi	O
hrvatskog	O
dragovoljca	O
?	O

@princezatamara	O
cula	NORM_1WORD
kako	O
pjeva	O
,	O
ali	O
ne	O
marić	O
nego	O
crni	O
.	O

#ff	O

repliku	O
si	O
zabite	NORM_1WORD
u	O
dupe	O
!	O

nikad	O
mi	O
to	O
neće	O
bit	NORM_1WORD
jasno	O
.	O

@zdravkasimek	O
haha	O
...	O

nocas	NORM_1WORD
sam	O
gledala	O
film	O
:	O
pilot	O
ima	O
3	O
zakonite	O
žene	O
koje	O
međusobno	O
ne	O
znaju	O
jedna	O
za	O
drugu	O
.	O

info	O
:	O
http://t.co/ovamfxpson	O
!	O

jednom	O
davno	O
smo	O
poslije	O
koncerta	O
u	O
pauku	O
naletili	NORM_1WORD
na	O
matta	O
.	O

huh	O
?	O

answered	O
:	O
gdje	O
kupiti	O
it	O
opremu	O
-	O
na	O
njuškalu	O
ili	O
ebayu	O
ili	O
aliexpressu	O
?	O

novi	O
svjedok	O
mladićeve	O
odbrane	NORM_1WORD
je	O
milorad	O
džida	O
,	O
bivši	O
oficir	O
vojske	O
republike	O
srpske	O
na	O
području	O
sarajeva	O
.	O

ajde	NORM_1WORD
i	O
kao	O
pomoć	O
.	O

papa	O
:	O
očito	O
ima	O
naroda	O
s	O
tako	O
različitim	O
kulturama	O
da	O
ih	O
ne	O
možete	O
slijepiti	O
zajedno	O
http://t.co/6ttokmjbrc	O
#vijesti	O
#hr	O

u	O
90	O
%	O
automobilskih	O
nesreća	O
od	O
svih	O
putnika	O
u	O
automobilu	O
pogine	O
samo	O
suvozač	O
.	O

lepi	NORM_1WORD
,	O
s	O
mahovinom	O
i	O
češerima	O
!	O

he	O
,	O
he	O
...	O

@barbaraslade	O
imas	NORM_1WORD
i	O
http://t.co/omix8pphip	O

xy	O
bljucanja	O
,	O
xy	O
na	O
entu	O
punih	O
pelena	O
,	O
xy	O
na	O
n	O
+1	O
plakanja	O
...	O

djed	O
,	O
u	O
pola	O
10	O
ujutro	O
kupio	O
dva	O
pelina	O
i	O
brandy	O
i	O
bacio	O
foru	O
"	O
a	O
nećete	O
me	O
pitati	O
koliko	O
imam	O
godina	O
"	O
.	O

kako	O
možeš	O
bit	NORM_1WORD
tako	O
blizu	O
pripizdine	O
s	O
masovnim	O
grobnicama	O
i	O
ne	O
kužit	NORM_1WORD
čime	O
si	O
okružen	O
?!	O

imaš	O
problem	O
sa	O
logiranjem	O
u	O
account	O
.	O

roza	O
plis	NORM_1WORD
trenirka	O
rozi	NORM_1WORD
satic	NORM_1WORD
roza	O
vestica	O
i	O
rozi	NORM_1WORD
plasticni	NORM_1WORD
nokti	O
koje	O
gricka	O
u	O
tramvaju	O
.	O

@kjukar	O
@robi052	O
@kresendo	O
ova	O
ciklona	O
je	O
malo	O
sjeverno	O
pošla	O
,	O
mislim	O
obično	O
u	O
nas	O
krene	O
ona	O
genovska	O
pa	O
se	O
ispada	O
uz	O
obalu	O
krećući	NORM_1WORD
se	O
dalje	O

no	O
psajkikici	O
sam	O
ju	O
posudila	O
(	O
jej	O
steam	O
sharing	O
!	O
)	O
pa	O
će	O
bacit	NORM_1WORD
kakav	O
first	O
look	O
video	O
na	O
jubito	NORM_1WORD
ovih	O
dana	O
stoga	O
ček	NORM_1WORD
it	O
aut	NORM_1WORD
!	O

bila	O
je	O
ljuta	O
,	O
ogorčena	O
žena	O
.	O

seljacina	NORM_1WORD
neodgojena	O
.	O

angela	O
merkel	O
phone	O
bugging	O
:	O
'	O
spying	O
on	O
friends	O
is	O
not	O
acceptable	O
'	O

koje	O
je	O
to	O
deranje	O
,	O
bacanje	O
alata	O
i	O
sve	O
pod	O
mojim	O
prozorom	O
.	O

45	O
'	O
kraj	O
prvog	O
dijela	O
!	O

@vranac	O
možda	O
kompenziraš	O
dvostrukom	O
srećom	O
:d	O

nemogu	NORM_1WORD
boostat	NORM_1WORD
mic	O
na	O
kompjuktoru	NORM_1WORD
nikako	O
,	O
najtiša	O
sam	O
na	O
svijetu	O
.	O

pa	O
nek	NORM_1WORD
mama	O
shvati	O
zašto	O
mi	O
se	O
ne	O
sviđaju	O
.	O

i	O
suck	O
le	O
cock	O
sportif	O
...	O

@karloaflinta	O
možeš	O
se	O
već	O
sada	O
predbilježiti	O
:)	O

.	O

http://t.co/swd8jede13	O
#osijekhr	O

-	O
dobro	O
je	O
,	O
imam	O
tajnu	O
,	O
živa	O
sam	O
.	O

gol	O
postigao	O
mandžukić	O
!	O

da	O
ja	O
sad	O
upadnen	NORM_1WORD
u	O
komu	O
i	O
probudin	NORM_1WORD
se	O
s	O
amnezijon	NORM_1WORD
,	O
ne	O
bi	NORM_1WORD
mogla	O
prezivit	NORM_1WORD
istinu	O
o	O
mom	O
zivotu	NORM_1WORD
i	O
ko	NORM_1WORD
san	NORM_1WORD
ja	O
.	O

pls	O
rt	O
?	O

meni	O
se	O
uvijek	O
tako	O
malo	O
slomi	O
srce	O
kad	O
pročitam	O
"	O
policija	O
zaplijenila	O
velike	O
količine	O
marihuane	O
"	O
.	O

s	O
tim	O
da	O
nemam	O
ni	O
pola	O
toliko	O
followersa	NORM_1WORD
.	O

#protiv	O
turanja	O
struje	O
u	O
ogradu	O
:d	O
#radovanecrniradovane	O
#milunka	O
#mrtavladan	O

"	O
čarobnjak	O
elektronike	O
"	O
,	O
jeff	O
mills	O
,	O
30.	O
ožujka	O
stiže	O
u	O
zagreb	O
http://t.co/rucdrqwehp	O
via	O
@24sata_hr	O

:)	O

bbb	O
,	O
torcida	O
,	O
armad	NORM_1WORD
,	O
kohrta	NORM_1WORD
,	O
funcuti	O
,	O
divlje	O
svinje	O
,	O
ws	O
,	O
ultrasi	O
,	O
crveni	O
đavoli	O
...	O

moje	O
obrve	O
su	O
toliko	O
guste	O
da	O
se	O
znoje	O
zasebno	O
od	O
ostatka	O
glave	O
i	O
nemaju	O
funkciju	O
"	O
štićenja	O
očiju	O
od	O
znoja	O
"	O
već	O
su	O
krive	O
za	O
znoj	O
u	O
očima	O
.	O

vrlo	O
brzo	O
nakon	O
me	O
ostavio	O
.	O

kazna	O
šimuniću	O
.	O

kaže	O
komentator	O
:	O
when	O
the	O
field	O
is	O
wet	O
you	O
have	O
to	O
play	O
good	O
balls	O
...	O

#izbori	O

#posao	O
#beograd	O

ne	O
na	O
razini	O
neke	O
odredjene	NORM_1WORD
stranice	O
nego	O
bas	NORM_1WORD
u	O
ie-u	O
.	O

uz	O
.	O

don't	O
care	O
.	O

jos	NORM_1WORD
je	O
mogao	O
proć	NORM_1WORD
ko	NORM_1WORD
neki	O
jole	O
,	O
a	O
sad	O
ko	NORM_1WORD
da	O
klaun	O
s	O
rodendana	NORM_1WORD
svira	O
mus	O
od	O
cokolade	NORM_1WORD
.	O

..	O
split	O
iza	O
ugla	O

spora	O
je	O
to	O
institucija	O
!	O

evo	O
par	O
savjeta	O
http://t.co/binkd41r02	O
#hr	O
#career	O

užas	O
što	O
si	NORM_1WORD
izmislili	O
-	O
hatebook	O
,	O
društvena	O
mreža	O
za	O
trolove	O
i	O
hejtere	O
http://t.co/gsw7t5ulep	O

zašto	O
se	O
onda	O
lgbtiq-ovci	O
toliko	O
zalažu	O
za	O
istospolni	O
brak	O
?	O

što	O
se	O
najednom	O
čude	O
josipovićevim	O
putešestvijama	O
.	O

hrana	O
grozna	O
.	O

čega	O
sve	O
ima	O
....	O

hdssb	O
zadrtost	O
lvl	NORM_1WORD
9000	O
.	O

ali	O
jedno	O
je	O
uvijek	O
-	O
kršćani	O
protiv	O
zdravog	O
razuma	O
...	O

ne	O
razumijem	O
ova	O
fensi	NORM_1WORD
#burger	O
mjesta	O
.	O

http://t.co/pwybno3urf	O

pa	O
nemreš	NORM_1WORD
mi	O
!	O

@krasnec	O
prati	O
radni	O
program	O
sabora	O
u	O
eu	O
poslovima	O
http://t.co/cv0mn20p73	O
i	O
na	O
webu	O
imaš	O
sva	O
stajališta	O
iz	O
programa	O

@mejs	O
a	O
baš	O
mangupi	O
koji	O
nam	O
od	O
jutra	O
kidaju	O
živce	O
.	O

večerica	O
pa	O
filmčina	O
.	O

obamina	O
kampanja	O
za	O
re-election	O
,	O
kraj	O
govora	O
,	O
pozdrav	O
okupljenim	O
i	O
kreće	O
koncert	O
,	O
the	O
national	O
svira	O
fake	O
empire	O
,	O
takav	O
humor	O
volim	O

ne	O
znam	O
sto	NORM_1WORD
je	O
bolje	O
,	O
feed	O
koj	NORM_1WORD
mi	O
je	O
pun	O
"	O
sex	O
tapeova	O
"	O
ili	O
sto	NORM_1WORD
ne	O
znam	O
skoro	O
ni	O
jednu	O
protagonisticu	O
videa	O
.	O

da	O
je	O
drugačije	O
bilo	O
bi	O
dosadno	O
.	O

filipe	O
preljem	NORM_1WORD
si	O
samo	O
uživaj	O
i	O
uvjek	O
budi	O
tako	O
sretan	O
super	O
ti	O
stoji	O

#prioriteti	O

od	O
cijelog	O
sarenog	NORM_1WORD
i	O
upecatjivog	NORM_1WORD
asortimana	O
na	O
zenskom	NORM_1WORD
odjelu	O
,	O
odem	O
na	O
muski	NORM_1WORD
i	O
pronadjem	NORM_1WORD
si	O
extra	O
majicu	O
!	O

mislim	O
da	O
se	O
treba	O
cuvati	NORM_1WORD
zte	NORM_1WORD
i	O
huaweya	NORM_1WORD
.	O

želite	O
što	O
prije	O
jeftiniji	O
račun	O
za	O
struju	O
?	O

....	O
jedino	O
ljetni	O
posao	O
me	O
moze	NORM_1WORD
spasit	NORM_1WORD
,	O
a	O
niko	NORM_1WORD
nedaje	NORM_1WORD
posao	O

mislim	O
da	O
bi	O
bilo	O
dosta	O
pretjerivanja	O
.	O

moja	O
prabaka	O
je	O
živjela	O
98	O
godina	O
.	O

dođe	O
mi	O
mail	O
od	O
neke	O
ronde	O
silva	O
i	O
kaže	O
:	O
"	O
i	O
am	O
your	O
perfect	O
chance	O
to	O
become	O
slim	O
now	O
!	O
"	O

nisi	O
dostojan	O
trošenja	O
riječi	O
!	O

#wtf	O

@patkica20	O
ne	O
znam	O
ali	O
stampa	NORM_1WORD
valjda	O
ne	O
laže	O
.	O

zakaj	NORM_1WORD
?	O

lucić	O
:	O
hag	O
šešelja	O
stavio	O
na	O
muku	O
-	O
šta	NORM_1WORD
bi	O
rađe	NORM_1WORD
-	O
prase	O
il'	NORM_1WORD
jabuku	O
?	O

.	O
proguglajte	O
malo	O
o	O
sigurnosti	O
,	O
kako	O
i	O
kada	O
ih	O
je	O
ca	O
uzeo	O
na	O
leasing	O
i	O
nesrece	NORM_1WORD
s	O
njime	O
...	O

ima	O
nešto	O
u	O
tome	O
kad	O
dođeš	O
s	O
posla	O
u	O
3	O
ujutro	O
mrtva	O
,	O
uvlačiš	O
se	O
u	O
krevet	O
,	O
a	O
on	O
u	O
snu	O
širi	O
ruke	O
da	O
uđeš	O
...	O

mozda	NORM_1WORD
sam	O
trebala	O
sutit	NORM_1WORD
,	O
trpit	NORM_1WORD
i	O
cekat	NORM_1WORD
da	O
odapnem	O
nenadano	O
.	O

drinks	O
on	O
me	O
,	O
dogs	O
are	O
free	O
!	O

nakon	O
što	O
sam	O
objasnila	O
eufemizam	O
....	O
moram	O
ići	O
obući	O
se	O
,	O
stavit	NORM_1WORD
naočale	O
i	O
igrat	NORM_1WORD
se	O
zločeste	O
profesorice	O
...	O

hajde	O
bajo	O
na	O
spavanje	O
,	O
dva	O
oče	O
naša	O
i	O
hrk	O
http://t.co/ipk1ans2yc	O
via	O
@youtube	O

#kamatar	O

jedva	O
sam	O
spavala	O
,	O
put	O
za	O
bg	O
,	O
pa	O
sa	O
mojom	O
@yv_an_ah	O
nikad	O
nije	O
dosadno	O
,	O
nas	O
dvije	O
u	O
nekoliko	O
sati	O
odradimo	O
vise	NORM_1WORD
nego	O
neki	O
za	O
nekoliko	O
dana	O
.	O

@kjukar	O
ponavljam	O
,	O
nije	O
stvar	O
u	O
punjaču	O
već	O
u	O
konektoru	O
.	O

@josephbt	O
@jumales	O
@blueangel1802	O
automatiku	O
koristim	O
samo	O
za	O
sortiranje	O
mailova	O
po	O
kojima	O
ne	O
moram	O
nista	NORM_1WORD
raditi	O
nego	O
ih	O
samo	O
pratiti	O
-	O
liste	O

@cricketine987	O
čuvam	O
za	O
jana	O
jer	O
će	O
iduće	O
godine	O
u	O
1.	O
razred	O
u	O
istu	O
školu	O
pa	O
bi	O
trebale	O
biti	O
iste	O
knjige	O
:)	O

@icarus_smicarus	O
album	O
je	O
baš	O
...	O
"	O
feel	O
good	O
"	O
.	O

edisa	O
bapić	O
/	O
zgportal	O
djevojka	O
mjeseca	O
/	O
http://t.co/ql32psvjc4	O
#djevojkamjeseca	O
#girlofthemonth	O
#edisabapic	O
#girl	O
#zgportal	O
#zagreb	O

shvaćate	O
vi	O
tu	O
good	O
cop	O
/	O
bad	O
cop	O
logiku	O
masterchefa	O
.	O

turistički	O
promotor	O
,	O
ispomoć	O
pri	O
pisanju	O
životopisa	O
te	O
još	O
malo	O
pa	O
i	O
hindu	O
guru	O
i	O
lifecoach	NORM_1WORD
,	O
@vladarh	O

pitajte	O
.	O

jesan	NORM_1WORD
ja	O
mislin	NORM_1WORD
ali	O
eto	O
da	O
ponovin	NORM_1WORD
!	O

@marinajurak	O
@aqua_room	O
@pojemario	O
@blueangel1802	O
@melitamunjas	O
da	O
stignemo	O
otići	O
na	O
frizuru	O
prije	O
paparazza	O
;)	O

@tele2croatia	O
zašto	O
ne	O
šaljete	O
obavjest	NORM_1WORD
o	O
potrošenom	O
internet	O
prometu	O
već	O
sami	O
pokupite	O
sve	O
što	O
bude	O
na	O
računu	O

@josephbt	O
prvi	O
put	O
uopce	NORM_1WORD
u	O
zivotu	NORM_1WORD
cuo	NORM_1WORD
za	O
to	O
.	O

rak	O
mirno	O
gleda	O
,	O
vi	O
mirno	O
plaćate	O
taksu	O
.	O

kad	O
autoriteti	O
presude	O
ja	O
prihvacam	NORM_1WORD
.	O

sređujem	O
demo	O
svoje	O
premium	O
wordpress	O
theme	O
,	O
noćas	O
ide	O
na	O
review	O
themeforestu	O
.	O

transformers	O
:	O
"	O
we're	O
giving	O
you	O
freedom	O
,	O
ali	O
buraz	O
moraš	O
mi	O
se	O
pokoriti	O
da	O
te	O
vodim	O
do	O
slobode	O
.	O

o'dur	O
i	O
jess	O
millf	O
su	O
zabavili	O
,	O
pa	O
se	O
nadamo	O
da	O
ste	O
se	O
i	O
vi	O
:)	O

nema	O
te	O
sile	O
koja	O
će	O
zaustaviti	O
ljude	O
koji	O
nemaju	O
što	O
izgubiti	O

na	O
ng-u	O
ide	O
emisija	O
o	O
osamdesetima	O
i	O
na	O
početku	O
upozorenje	O
:	O
flushing	O
images	O
,	O
can	O
cause	O
epileptic	O
seizures	O
!	O

kava	O
je	O
zakon	O
,	O
nju	O
se	O
uvik	NORM_1WORD
pije	O
,	O
pržilo	O
vanka	NORM_1WORD
sunce	O
na	O
+40	O
stupnjeva	O
ili	O
se	O
smrzava	O
u	O
kutiću	O
uz	O
grijalicu	O
.	O

tinejdžeri	O
,	O
naučite	O
kako	O
pravilno	O
birati	O
namirnice	O
koje	O
će	O
vam	O
osigurati	O
zdravlje	O
i	O
vitkost	O
...	O

ponudila	O
bi	NORM_1WORD
joj	O
asepsoletu	O
.	O

a	O
nije	O
bilo	O
ni	O
važno	O
.	O

@jumales	O
jest	O
.	O

mercator	O
menadjer	NORM_1WORD
/	O
faca	O
wannabe	O
u	O
centru	O
se	O
nasao	NORM_1WORD
izdrkavat	NORM_1WORD
nad	O
sakupljacem	NORM_1WORD
boca	O
.	O

jebes	NORM_1WORD
me	O
ako	O
znam	O
sta	NORM_1WORD
je	O
u	O
njenoj	O
glavi	O
.	O

(	O
lm	O
)	O

war	O
is	O
over	O
/	O
happy	O
christmass	NORM_1WORD
!!!	O

a	O
onda	O
kreće	O
masterplan	O
učenja	O
farmakologije	O
,	O
may	O
the	O
odds	O
be	O
ever	O
in	O
my	O
favor	O
!	O

predivna	O
pjesmica	O
.	O

to	O
podrazumijeva	O
naravno	O
i	O
da	O
ću	O
živjeti	O
u	O
tipa	O
njemačkoj	O
.	O

(	O
foto	O
)	O
|	O
telegraf	O
–	O
najnovije	O
vesti	NORM_1WORD
http://t.co/5dh7ptvraz	O
via	O
@telegrafrs	O

@twitexter	O
zanimljiv	O
pogled	O
.	O

tatatatira	O
rt	O
@daliborn	O
:	O
branko	O
kockica	O
-	O
u	O
svetu	NORM_1WORD
postoji	O
jedno	O
carstvo	O
-	O
spica	NORM_1WORD
http://youtu.be/4kde-5jdyyg	O
via	O
@youtube	O

javim	O
ti	O
kad	O
se	O
emitira	O
:)	O

cc	O
hvala	O
@anamisin	O
na	O
rt	O
:)	O

dave	O
radparvar	O

winamp	O
5.65	O
features	O
:	O
fully	O
integrated	O
web	O
browser	O
and	O
customizable	O
links	O
.	O

dumdumanje	O
uz	O
bolestan	O
set	O
i	O
pljuscinu	NORM_1WORD
#wettothebones	O
#dumdumvikend	O
@enterzagreb	O

kraj	O
!	O

ne	O
kužim	O
što	O
znači	O
ovo	O
"	O
demokratska	O
"	O
.	O

božić	O
-	O
dan	O
kada	O
filmska	O
umjetnost	O
umre	O
.	O

nasamareni	O
studenti	O
:	O
stopiran	O
rad	O
studija	O
koji	O
dijeli	O
skupe	O
i	O
bezvrijedne	O
diplome	O
-	O
istra	O
/	O
novi	O
list	O
http://t.co/wk9rye5nrl	O
via	O
@novilisthr	O

valpovština	O
info	O
:	O
objavljen	O
demantij	O
glavnog	O
tajnika	O
pere	O
ćorića	O
i	O
predsjednika	O
podružnice	O
bizovac	O
ivana	O
zadravca	O

"	O
sad	O
ću	O
ja	O
kalaš	O
donit	NORM_1WORD
pa	O
da	O
vidimo	O
ko	NORM_1WORD
je	O
guzičar	O
"	O
,	O
odgovara	O
ivan	O
(	O
7	O
)	O
na	O
naklapanja	O
o	O
svojoj	O
spolnoj	O
orijentaciji	O

ali	O
ne	O
zeli	NORM_1WORD
cuti	NORM_1WORD
.	O

@kumpivic	O
ali	O
eljugi	O
je	O
najteze	NORM_1WORD
zeni	NORM_1WORD
koja	O
se	O
skoro	O
pa	O
ostvarila	O
(	O
jer	O
jedino	O
je	O
udaja	O
vazna	NORM_1WORD
)	O
reci	NORM_1WORD
da	O
nece	NORM_1WORD
dozivjeti	NORM_1WORD
ostvariti	O
svoju	O
ulogu	O

also	O
:	O
depresivno	O
je	O
kolko	O
je	O
puno	O
ekipe	O
u	O
redu	O
staro	O
ko	NORM_1WORD
ja	O
ili	O
mladje	NORM_1WORD
.	O

drago	O
mi	O
je	O
da	O
imamo	O
prvakinju	O
u	O
bacanju	O
diska	O
,	O
to	O
će	O
nam	O
bit	NORM_1WORD
izuzetna	O
pomoć	O
u	O
slučaju	O
nuklearne	O
opasnosti	O
.	O

daj	O
sunca	O
!	O

gotovo	O
.	O

http://t.co/bqfnrsttdi	O
timelapse	O
death	O
valley	O
dreamlapse	O
2	O

da	O
kompenziramo	O
fizički	O
kontakt	O
i	O
društvenu	O
aktivnost	O
plesa	O
već	O
tri	O
sata	O
gledamo	O
black	O
mirror	O
,	O
cheers	O
.	O

budu	O
teski	NORM_1WORD
ti	O
trenuci	O
i	O
padovi	O
...	O

koji	O
je	O
hrvatski	O
stav	O
prema	O
događajima	O
u	O
#gaza	O
?	O

rezultat	O
zajedničkog	O
djelovanja	O
hrane	O
i	O
otrova	O
je	O
smrt	O
pa	O
tako	O
i	O
suradnje	O
dobra	O
i	O
zla	O
ima	O
loš	O
učinak	O
.	O

@marija_perica	O
onda	O
želim	O
crtež	O
s	O
temom	O
"	O
pink	O
fluffy	O
unicorns	O
dancing	O
on	O
rainbows	O
"	O
.	O

no	O
popović	O
volarić	O
,	O
oh	O
yes	O
,	O
please	O
.	O

piše	O
:	O
@hafomatic	O

moje	O
ljudsko	O
pravo	O
je	O
da	O
se	O
naslonim	O
gdje	O
god	O
se	O
nalazio	O
:d	O

dragi	O
otočani	O
,	O
ignorirajte	O
taj	O
cirkus	O
.	O

pogotovo	O
ako	O
su	O
u	O
braku	O
?	O

nista	NORM_1WORD
od	O
developerske	O
ljetne	O
dijete	O
...	O

ocekuj	NORM_1WORD
najbolje	O
,	O
budi	O
spreman	O
za	O
najgore	O
,	O
zaboravi	O
sto	NORM_1WORD
drugi	O
pricaju	NORM_1WORD
...	O
i	O
do	O
your	O
own	O
thing	O
.	O

#stvarikojećuraditikadsevratimuhrvatsku	O
hodat	NORM_1WORD
gradom	O
koji	O
se	O
ne	O
guši	O
u	O
smeću	O
koje	O
očito	O
nikom	NORM_1WORD
ne	O
smeta	O

kad	O
se	O
tak	NORM_1WORD
najedem	O
neceg	NORM_1WORD
tipa	O
jabuka	O
/	O
lubenica	O
/	O
kukuruza	NORM_1WORD
prva	O
misao	O
koja	O
mi	O
padne	O
na	O
pamet	O
je	O
ta	O
kako	O
bi	O
bilo	O
dobro	O
da	O
imam	O
svinje	O

i	O
njezin	O
.	O

jako	O
zanimljivo	O
..	O

erazmusovci	NORM_1WORD
pričaju	O
glasno	O
u	O
knjižnici	O
..	O
morat	O
ću	O
iskoristit	NORM_1WORD
svoju	O
najdražu	O
englesku	O
rečenicu	O
.	O

uzmi	O
si	O
ju	O
natrag	O
.	O

kažem	O
često	O
:	O
kad	O
nešto	O
ideš	O
reći	O
drugima	O
,	O
prvo	O
to	O
reci	O
u	O
svojoj	O
glavi	O
...!	O

valjda	O
je	O
kod	O
tebe	O
bolje	O
za	O
spavanje	O
:)	O
#centarsux	O

ako	O
ikad	O
budem	O
gradila	O
kuću	O
nema	O
jebene	O
šanse	O
išta	O
mjesta	O
ostavit	NORM_1WORD
pred	O
njom	O
pa	O
tko	O
će	O
taj	O
snijeg	O
očistit	NORM_1WORD
majku	O
ti	O
jebem	O

jurim	O
,	O
hodam	O
,	O
busy	O
busy	O
-	O
eto	O
ga	O
bljesti	NORM_1WORD
,	O
a	O
kad	O
hocu	NORM_1WORD
sjesti	O
-	O
neema	NORM_1WORD
sunca	O
.	O

gostovao	O
sam	O
na	O
karlovačkoj	O
televiziji	O
tv4rijeke	O
u	O
emisiji	O
"	O
intervju	O
tjedna	O
"	O
.	O

ono	O
kad	O
kolega	O
izrazito	O
katoličkoj	O
kolegici	O
kaže	O
:	O
pišeš	O
lijevom	O
rukom	O
?!	O

neki	O
radnik	O
na	O
sc-u	O
se	O
izgubi	O
u	O
pol	NORM_1WORD
recenice	NORM_1WORD
i	O
ne	O
moze	NORM_1WORD
ju	O
slozit	NORM_1WORD
,	O
al	NORM_1WORD
da	O
vidis	NORM_1WORD
kak	NORM_1WORD
proradi	O
vikabular	NORM_1WORD
kad	O
treba	O
najkreativnije	O
psovke	O
rec	NORM_1WORD
.	O

e	O
ovaj	O
@radio_101	O
je	O
žešče	NORM_1WORD
ošo	NORM_1WORD
vrit	O
.	O

a	O
da	O
ne	O
kazem	NORM_1WORD
koliko	O
me	O
nova	O
splitska	O
premijera	O
mami	O
...	O

@tvitereja	O
nekakvo	O
je	O
cudno	NORM_1WORD
vrime	NORM_1WORD
u	O
kojem	O
zivimo	NORM_1WORD
ali	O
moze	NORM_1WORD
se	O
organizirati	O
zivot	NORM_1WORD
sto	NORM_1WORD
dalje	O
od	O
svih	O
vrsta	O
primitivnog	O
malogradjanstva	NORM_1WORD

ajd	NORM_1WORD
ima	O
neko	NORM_1WORD
.	O

ne	O
bi	O
vjerovao	O
koliko	O
secera	NORM_1WORD
u	O
dukatovim	O
proizvodima	O

udaramo	O
te	O
bengalke	O
ka	NORM_1WORD
kekse	O

a	O
cricket	O
sings	O
and	O
sings	O
on	O
a	O
knobby	O
branch	O
of	O
a	O
black	O
spruce	O
.	O

sigh	O
.	O

bila	O
sam	O
u	O
tvojem	O
gradu	O
jucer	NORM_1WORD
.	O

da	O
je	O
trivijalna	O
nebi	NORM_1WORD
je	O
ljudi	O
voljeli	O
-	O
a	O
to	O
za	O
schuberta	O
je	O
bila	O
interna	O
;)	O

:)	O

@ivanasentic	O
@myrthica	O
da	O
,	O
vi	O
ste	O
nam	O
najdraže	O
mačko-ljubiteljice	O
!	O

prekrasan	O
,	O
vizualno	O
maestralan	O
film	O
o	O
zivotu	NORM_1WORD
,	O
i	O
opstanku	O
jednog	O
mladica	NORM_1WORD
i	O
jednog	O
tigra	O
,	O
na	O
camcu	NORM_1WORD
nasred	O
pacifika	O
.	O

http://t.co/rxwseofvy8	O
#wc2014	O

raspisao	O
se	O
ja	O
u	O
1:03	O
kao	O
da	O
ne	O
moram	O
ustati	O
u	O
7:00.	O

rest	O
is	O
history	O
...	O

međutim	O
,	O
u	O
ovim	O
gluhim	O
satima	O
efekt	O
ne	O
samo	O
da	O
ja	O
vidim	O
,	O
nego	O
-	O
svi	O
!	O

sutra	O
-	O
kao	O
i	O
svaki	O
ponedjeljak	O
,	O
krećemo	O
u	O
nove	O
radne	O
pobjede	O
.	O

teški	O
dani	O
za	O
"	O
demokraciju	O
"	O
.	O

ono	O
si	O
što	O
učiniš	O
od	O
svog	O
života	O
.	O

'	O
s	O
ovom	O
babskom	NORM_1WORD
kombinacijom	O
najbolje	O
prolazim	O
kod	O
frajera	O
'	O
@nivescelsius	O
http://t.co/1j2zg63s1l	O
#nivescelsius	O

osobe	O
,	O
nebitna	O
spolna	O
i	O
sexualna	NORM_1WORD
orijentacija	O
,	O
voljnje	NORM_1WORD
doći	O
na	O
breg	NORM_1WORD
i	O
pomoći	O
uvesti	O
reda	O
u	O
ovaj	O
kaos	O
;	O
welcome	O
!	O

povodom	O
gostovanja	O
cirkusa	O
safari	O
u	O
westgateu	O
u	O
zaprešiću	O
,	O
udruga	O
prijatelji	O
životinja	O
poziva	O
sve	O
da	O
bojkotiraju	O
cirkus	O
!	O

brb	O
#earthhour	O

kako	O
bi	NORM_1WORD
zakrpali	O
proracunsku	NORM_1WORD
rupu	O
koja	O
evidentno	O
nastaje	O
,	O
znajuci	NORM_1WORD
da	O
je	O
naftni	O
pdv	O
jedan	O
od	O
stupova	O
proracuna	NORM_1WORD
#tojepraviput	O

@hrvojeh	O
veli	O
da	O
je	O
drugi	O
gol	O
pao	O
dok	O
su	O
trazili	NORM_1WORD
igru	O
zbog	O
iskljucenja	NORM_1WORD
...	O

bolje	O
dado	O
neg	NORM_1WORD
ne	O
znam	O
...	O

viva	O
la	O
jednostavnost	O
!	O

dok	O
mi	O
žena	O
unosi	O
korekture	O
u	O
rukopis	O
moje	O
nove	O
knjige	O
ja	O
malo	O
odmaram	O
:)))	O

šlag	O
je	O
tu	O
najmanje	O
zlo	O
.	O

svi	O
već	O
znamo	O
njegovu	O
priču	O
,	O
we're	O
not	O
buyin	O
it	O
.	O

stipe	O
pletikosa	O
:	O
"	O
izazov	O
je	O
igrati	O
protiv	O
najboljih	O
,	O
a	O
što	O
je	O
početak	O
bliži	O
,	O
ja	O
sam	O
sve	O
mirniji	O
"	O
.	O

ja	O
bi	NORM_1WORD
ovo	O
ja	O
bi	NORM_1WORD
ono	O
,	O
ajme	O
sta	NORM_1WORD
kvocas	NORM_1WORD
.	O

sada	O
je	O
bitno	O
da	O
znaš	O
šta	NORM_1WORD
je	O
"	O
hendlanje	O
"	O
,	O
jebeš	O
njivu	O
i	O
vrste	O
korova	O
.	O

kaj	NORM_1WORD
ja	O
radim	O
tamo	O
u	O
to	O
vrijeme	O
nisu	O
pesje	NORM_1WORD
brige	O
.	O

odoh	O
se	O
sakupit	NORM_1WORD
,	O
rastopila	O
sam	O
se	O
po	O
podu	O

da	O
vama	O
aha	O
,	O
da	O
vam	O
porucim	NORM_1WORD
kako	O
vas	O
vidim	O
bolje	O
nego	O
vi	O
mene	O
..	O

upravo	O
slusam	NORM_1WORD
novu	O
rozgu	O
.	O

masu	O
ljudi	O
nigdi	NORM_1WORD
čovika	NORM_1WORD
.	O

kolega	O
meni	O
...	O

danas	O
su	O
na	O
večernjoj	O
misi	O
predstavljena	O
dva	O
nova	O
bogoslova	O
iz	O
naše	O
župe	O
,	O
marko	O
i	O
domagoj	O
.	O

to	O
je	O
statistika	O
.	O

dakle	O
,	O
ovaj	O
mjesec	O
očekujemo	O
još	O
samo	O
masters	O
of	O
sex	O
,	O
the	O
blacklist	O
i	O
the	O
client	O
list	O
,	O
ili	O
će	O
biti	O
još	O
toga	O
?	O

ostavio	O
trag	O
u	O
vremenu	O
vise	NORM_1WORD
od	O
onih	O
kojima	O
je	O
zivotni	NORM_1WORD
vrhunac	O
2:2	O
na	O
nekoj	O
utakmici	O
omiljenog	O
kluba	O
.	O

http://t.co/4gfqev6nsv	O
#hrvatska	O
#pravosuđe	O
#bandić	O
#hanžeković	O
#pravnadržava	O

pomirenje	O
kao	O
politička	O
tabu-tema	O
http://t.co/on3jb2sb	O
#civilnodrustvo	O
#rekom	O
#politikahr	O
#vladarh	O
#balkan	O
#rat	O
#saborrh	O
#predsjednikrh	O

@nikolapejda	O
@ssuljic	O
@utikejt	O
matematika	O
je	O
više	O
kurva	O
nego	NORM_1WORD
dama	O
znanosti	O
ako	O
je	O
vjerovati	O
quineovoj	O
tezi	O
o	O
promiskuitetnosti	O
matematike	O

i	O
opet	O
mi	O
je	O
premalo	O
...	O

ova	O
serija	O
k.t.2	O
je	O
prestala	O
sa	O
snimanjem	O
jer	O
glavni	O
policajac	O
leon	O
,	O
je	O
u	O
stvarnom	O
zivotu	NORM_1WORD
opljackao	NORM_1WORD
banku	O
i	O
postu	NORM_1WORD
.	O

hoće	O
li	O
zbog	O
svega	O
ovoga	O
mandžo	O
ipak	O
ostati	O
u	O
bayernu	O
?	O

ah	O
qantas	O
:-(	O

tovar	O
,	O
uvik	NORM_1WORD
ima	O
nešto	O
adidas	O
na	O
sebi	O
.	O

'zgleda	NORM_1WORD
da	O
moram	O
se	O
vrnut	NORM_1WORD
na	O
os	O
x	O
...	O

@mmotika	O
dosta	O
izmotavanja	O
,	O
da	O
si	O
oma	NORM_1WORD
rodila	O
,	O
@sasastankovic	O
jel	NORM_1WORD
vidis	NORM_1WORD
do	O
kud	O
te	O
rad	O
odveo	O
?	O

tada	O
,	O
tek	O
tada	O
,	O
postoji	O
nada	O
da	O
i	O
tebe	O
pronađem	O
...	O

bye	O
tweeps	O
.	O

u	O
londonu	O
je	O
suncano	NORM_1WORD
i	O
toplo	O
,	O
a	O
u	O
zagrebu	O
kisa	NORM_1WORD
pada	O
ko'	NORM_1WORD
iz	O
kabla	O
.	O

i	O
don't	O
wanna	NORM_2WORD
live	O
on	O
this	O
planet	O
anymore	O
.	O

tu	O
sam	O
,	O
samo	O
nisam	O
baš	O
tu	O
:d	O

jesu	O
.	O

večeras	O
u	O
20	O
h	O
u	O
lisinskom	O
ne	O
propustite	O
svjetsku	O
slovensku	O
senzaciju	O
"	O
perpetuum	O
jazzile	O
"	O
,	O
jednu	O
od	O
najvećih	O
vokalnih	O
grupa	O
na	O
svijetu	O
.	O

bože	O
,	O
kako	O
sam	O
sretan	O
.	O

meni	O
npr	NORM_1WORD
zauzeti	O
muškarci	O
nikad	O
nisu	O
bili	O
nešto	O
posebno	O
zanimljivi	O
,	O
ali	O
emotivno	O
poremećeni	O
..	O
i'm	O
like	O
,	O
come	O
to	O
mama	O
and	O
let	O
me	O
fix	O
you	O
!	O

ako	O
je	O
bilo	O
zločina	O
,	O
rješavat	O
ćemo	O
ih	O
sami	O
.	O

:d	O

@kajkristina	O
ma	O
kuuuuzim	NORM_1WORD
,	O
da	O

http://t.co/lksqwynjan	O
#politikahr	O
#vladarh	O
#vukovar	O
#hdz	O

tko	O
vrijedi	O
je	O
dostupan	O
.	O

@emanuelblagonic	O
@zriha	O
@ylodi	O
mislim	O
da	O
niste	O
svjesni	O
kolika	O
ste	O
manjina	O
.	O

što	O
@hrvatskitelekom	O
loše	O
srtoji	NORM_1WORD
?	O

kvalitetna	O
izrada	O
,	O
čini	O
se	O
.	O

o	O
njegovom	O
životu	O
bi	O
trebalo	O
napisati	O
knjigu	O
ili	O
napraviti	O
film	O
.	O

..	O
treba	O
zabraniti	O
uopće	O
pojavljivanje	O
hrvatskih	O
navijača	O
na	O
svim	O
utakmicama	O
zauvijek	O
..	O

#ruske	O
#vlasti	O
dopustile	O
#kijev	O
'	O
u	NORM_1WORD
izvršiti	O
#promatrački	O
#let	O
iznad	O
teritorija	O
rusije	O
http://t.co/3bxoyenb5h	O
#rusija	O
#ukrajina	O

erste	O
banka	O
traži	O
všs	O
mlađu	O
blagajnicu	O
/	O
blagajnika	O
.	O

@i_milek	O
kakvu	O
ciglu	O
kolke	NORM_1WORD
smo	O
srece	NORM_1WORD
uhvatila	O
bi	NORM_1WORD
ju	O
oa	NORM_1WORD
bi	O
bilo	O
"	O
i	O
takoo	NORM_1WORD
ovo	O
je	O
ciglaa	NORM_1WORD
boje	O
moje	O
facee	NORM_1WORD
sa	O
3	O
kilee	NORM_1WORD
puderaa	NORM_1WORD
"	O

vozam	O
se	O
po	O
gradu	O
,	O
svi	O
znaju	O
ko	NORM_1WORD
sam	O
iz	O
auta	O
trešti	O
jelena	O
rozga	O
i	O
nema	O
veze	O
to	O
što	O
spika	O
mi	O
je	O
loša	O
,	O
žene	O
vole	O
kad	O
nosam	O
trenerku	NORM_1WORD
i	O
kožnjak	O

i	O
sad	O
ima	O
jaja	O
pa	O
kupi	O
10.	O
1	O
+	O
10	O
=	O
11	O
@marijazg	O

ak	NORM_1WORD
ikad	O
sretnete	O
čančaru	O
na	O
cesti	O
i	O
odlučite	O
ju	O
prenijet	NORM_1WORD
na	O
travu	O
da	O
ju	O
nešto	O
ne	O
zgazi	O
,	O
pazite	O
da	O
vas	O
ne	O
zapiša	O
.	O

sjajno	O
to	O
radi	O
:)	O

odjenite	O
svoje	O
najbolje	O
odijelo	O
i	O
pripremite	O
čašu	O
dobrog	O
vina	O
jer	O
vrijeme	O
je	O
za	O
filmske	O
klasike	O
:	O
http://t.co/9kol2gmzts	O
#3dmag	O

email	O
:	O
duc126d1@yahoo.com	O

duboko	O
i	O
kožno	O
.	O

😊	O
🙏🙏🙏	O
hvala	O
ti	O

http://t.co/munzxnfcdx	O
#vjesticarenje	O

hoce	NORM_1WORD
li	O
se	O
to	O
dopustiti	O
?	O

#talibani	O

ili	O
izmedu	NORM_1WORD
"	O
you're	O
"	O
i	O
"	O
your	O
"	O
.	O

bit	O
će	O
kaos	O
,	O
dodjite	NORM_1WORD
.	O

godine	O
su	O
tu	O
,	O
podigla	O
je	O
odraslog	O
sina	O
;	O
u	O
zdanje	NORM_1WORD
vrijeme	O
iza	O
krute	O
maske	O
tajno	O
,	O
ona	O
se	O
uči	O
opet	O
biti	O
ranjiva	O
.	O

sličnosti	O
između	O
njih	O
i	O
milana	O
i	O
severine	O
su	O
nevjerojatne	O
:	O
bogataš	O
,	O
starleta	O
najpoznatija	O
po	O
seks-snimci	O
,	O
totalni	O
gubitak	O
digniteta	O

ho	O
ho	O
ho	O
-	O
sjeća	O
li	O
se	O
netko	O
famoznog	O
locationgatea	O
,	O
kada	O
su	O
iphoneovi	NORM_1WORD
pamtili	O
kretanje	O
(	O
podaci	O
su	O
ostali	O
u	O
mobu	O
neizbrisani	O
)	O
zbog	O
buga	O
?	O

ljubitelji	O
nasilja	O
i	O
pornografije	O
otvaraju	O
šampanjac	O
.	O

ti	O
ljudi	O
s	O
faxa	NORM_1WORD
su	O
vecinom	NORM_1WORD
ok	O
,	O
ali	O
kad	O
mi	O
u	O
emisiju	O
kao	O
experta	NORM_1WORD
pozovu	O
zelica	O
iz	O
#gong	O
umisto	NORM_1WORD
prof	NORM_1WORD
s	O
fpzg	NORM_1WORD
.	O

kajaznam	NORM_1WORD
,	O
kad	O
je	O
pošaljem	O
u	O
dućkas	O
,	O
čak	O
da	O
i	O
ima	O
nekog	O
tipa	O
,	O
briem	NORM_1WORD
da	O
je	O
3	O
čuke	O
čist	NORM_1WORD
fajn	O
za	O
zekicu	O
,	O
sad	O
nek	NORM_1WORD
dofura	O
pljuge	O
i	O
ide	O
di	NORM_1WORD
hoće	O

službeno	O
:	O
cristiano	O
ronaldo	O
,	O
lionel	O
messi	O
i	O
franck	O
ribery	O
su	O
tri	O
finalista	O
za	O
osvajanje	O
zlatna	NORM_1WORD
lopte	O
.	O

tekma	O
je	O
bila	O
dobra	O
tvrda	O
.	O

@akeglovichorvat	O
@vladarh	O
@goranapp	O
@_adrianb_	O
@zgembec	O
@tomislavk	O
@posvudusha	O
ha	O
ha	O
haha	O
lol	O
,	O
spot	O
on	O
...	O

nekad	O
me	O
stvarno	O
fascinira	O
kolko	NORM_1WORD
su	O
neki	O
ljudi	O
zlopamtila	O
,	O
aj	NORM_1WORD
da	O
je	O
bar	O
neko	O
zlo	O
bilo	O
cak	NORM_1WORD
nebi	NORM_1WORD
nis	NORM_1WORD
reko	NORM_1WORD
,	O
move	O
on	O
ženo	O
božja	O
...	O

video	O
:	O
hollywoodska	O
zvijezda	O
armand	O
assante	O
stigao	O
u	O
#dubrovnik	O
http://t.co/8gpxxlnr5h	O
@mpurivatra	O
@danistanovic	O

ti	O
gnjusovi	O
od	O
šljakera	O
najglasniji	O
su	O
od	O
8	O
-	O
9	O
ujutro	O
.	O

onako	O
kako	O
nalaže	O
vrhuška	O
.	O

koja	O
potraga	O
,	O
koje	O
uzbudjenje	NORM_1WORD
,	O
nadahnuce	NORM_1WORD
...	O

konjski	O
repovi	O
,	O
zlatne	O
naušnice	O
s	O
privjeskom	O
na	O
križić	O
,	O
hard	O
rock	O
,	O
teški	O
riff	O
asu	O
,	O
moto	O
jakne	O
,	O
polugoli	O
likovi	O
u	O
uskim	O
kožnjim	NORM_1WORD
hlaćama	NORM_1WORD
.	O

uop	O
.	O

manje	O
gluposti	O
izađe	O
tako	O
van	O

idući	O
mjesec	O
mi	O
je	O
level	O
up	O
,	O
na	O
wish	O
listi	O
mi	O
je	O
naravno	O
riding	O
crop	O
,	O
lisice	O
,	O
15	O
metara	O
lanaca	O
,	O
unicorn	O
onesie	O
i	O
coronet	O
.	O

liam	O
neeson	O
u	O
unicefovoj	NORM_1WORD
reklami	O
o	O
nasilju	O
nad	O
djecom	O
.	O

čim	O
bude	O
prilike	O
,	O
naravno	O
da	O
ćemo	O
nagraditi	O
naše	O
vjerne	O
followere	O
.	O

u	O
zadnjih	O
15	O
min	O
prošle	O
su	O
tri	O
šestice	O
i	O
nijedna	O
dvojka	O
.	O

evo	O
u	O
predahu	O
kratki	O
vodic	NORM_1WORD
za	O
lakse	NORM_1WORD
razumijevanje	O
drugog	O
poluvremena	O
http://t.co/b8wmkpfca2	O
#rukomet	O

fala	NORM_1WORD
,	O
tenkju	NORM_1WORD
,	O
obrigado	O
.	O

:d	O

režite	O
sebi	O
plaće	O
.	O

iz	O
istog	O
razloga	O
nemam	O
ni	O
4	O
sq	O
iako	O
mu	O
neki	O
nalaze	O
1000	O
prednosti	O
.	O

excellent	O
****	O

bez	O
mobitela	O
,	O
maila	O
,	O
facebook-a	NORM_1WORD
...	O

eu	O
potpisala	O
ugovor	O
s	O
ukrajinskom	O
vladom	O
koja	O
je	O
na	O
vlast	O
došla	O
pučem	O
.	O

i	O
tako	O
...	O

spirometrija	O
140	O
%	O
,	O
pluća	O
8	O
litara	O
.	O

ovde	NORM_1WORD
,	O
ko	NORM_1WORD
je	O
ovo	O
,	O
sta	NORM_1WORD
je	O
ovo	O
,	O
imeba	NORM_1WORD
iz	O
bukvara	O
za	O
učenje	O
slova	O
biraju	O
?	O

i	O
ostavila	O
tako	O
,	O
potpuno	O
u	O
čudu	O
.	O

http://t.co/q9ef4gm7vo	O
dječački	O
san	O
osnivača	O
kompanije	O
marantz	O
postao	O
je	O
java	O
u	O
novom	O
audio	O
playeru	O
via	O
@gadgeterija	O

supač	O
.	O

prvi	O
wc	O
je	O
postavljen	O
1851	O
u	O
londonu	O
,	O
crystal	O
palace	O
.	O

@valentinastory	O
@joka_pavlovic	O
a	O
kak'	NORM_1WORD
sam	O
glupa	O
,	O
zbog	O
te	O
stranice	O
sam	O
svo	NORM_1WORD
vrijeme	O
mislila	O
da	O
idu	O
i	O
tamo	O

teska	NORM_1WORD
odluka	O
-	O
galaxy	O
s4	O
ili	O
blackberry	O
q4	O
;	O
sto	NORM_1WORD
nositi	O
za	O
primarni	O
mob	O
.	O

ima	O
jedna	O
cura	O
koja	O
je	O
bila	O
jako	O
popularna	O
na	O
myspaceu	O
i	O
pisalo	O
joj	O
je	O
"	O
i	O
was	O
born	O
to	O
lead	O
,	O
not	O
to	O
follow	O
"	O
,	O
evo	O
je	O
sad	O
živi	O
u	O
skvotu	O
.	O

neko	O
dijete	O
će	O
se	O
zagledati	O
u	O
tebe	O
i	O
pomisliti	O
"	O
tako	O
ću	O
i	O
ja	O
kad	O
budem	O
velik	O
"	O
.	O

@allixsenos	O
rekla	O
bih	O
da	O
ovo	O
ne	O
smiju	O
raditi	O
ako	O
im	O
nisi	O
dao	O
privolu	O
na	O
koristenje	NORM_1WORD
osobnih	O
podataka	O
nekad	O
ranije	O
:d	O

holy	O
shit	O

@eden_zg	O
@pojemario	O
eh	O
,	O
nikad	O
nisam	O
rentao	O
prema	O
zadru	O
,	O
pa	O
ne	O
znam	O
koja	O
firma	O
ima	O
drop-off	O
point	O
tamo	O
.	O

..	O
istu	O
grešku	O
neću	O
ponoviti	O
!!	O

hvala	O
svima	O
na	O
velikom	O
i	O
dobrom	O
feedbacku	O
!	O

cinestar	O
online	O
rezerviranje	O
,	O
jedan	O
od	O
jačih	O
#fail	O
-ova	O
.	O

pa	O
si	O
ti	O
skandiraj	O
tako	O
doma	O
u	O
australiji	O
!	O

noćas	O
sam	O
htio	O
složiti	O
upvote	O
bot	O
za	O
tomislava	O
na	O
http://t.co/n1aa0i3pb3	O
,	O
ali	O
me	O
netko	O
već	O
pretekao	O
.	O

počela	O
je	O
i	O
posljednja	O
trećina	O
u	O
#brlogu	O
,	O
#medvjedi	O
imaju	O
2	O
gola	O
prednosti	O
,	O
rezultat	O
u	O
#brlogu	O
3:1	O
!	O

reiner	O
(	O
hdz	O
)	O
o	O
izlasku	O
@ruzatomasic	O
iz	O
stranke	O
:	O
nastavit	O
ćemo	O
suradnju	O
i	O
s	O
njom	O
i	O
hsp-om	O
as	O
#tomasic	O
#n1info	O

dobra	O
vijest	O
današnjeg	O
dana	O
pitate	O
?	O

s	O
obzirom	O
na	O
gastronomsku	O
ponudu	O
u	O
zagrebu	O
,	O
izgleda	O
da	O
u	O
leskovcu	O
vise	NORM_1WORD
nema	O
kuhara	O
ni	O
grill	O
majstora	O
.	O

dobrodošli	O
!	O

jel	NORM_1WORD
to	O
fejl	NORM_1WORD
karijere	O
ili	O
samo	O
2013	O
?	O

dakle	O
,	O
svaka	O
cura	O
treba	O
pedera	O
????	O

projekt	O
koji	O
je	O
dobio	O
financiranje	O
#smeinstrument	O
#h2020	O
first	O
mobile	O
time	O
machine	O
app	O
!	O

ludi	O
profesor	O
si	O
je	O
mutirao	O
introne	O
(	O
lol	O
)	O
pa	O
mu	O
je	O
izrasla	O
karta	O
na	O
leđima	O
koja	O
ga	O
je	O
odvela	O
do	O
šume	O
u	O
kojoj	O
je	O
svemirski	O
brod	O

#kckzg	O

saznat	O
cemo	NORM_1WORD
tko	O
je	O
hrabar	O
a	O
tko	O
lud	O
:)	O

tiny	O
furniture	O
.	O

tu	O
je	O
i	O
rundek	O
.	O

:)	O

@utikejt	O
@kegnatz	O
kad	O
napraviš	O
da	O
pretvaranje	O
nečeg	O
u	O
nešto	O
drugo	O
više	O
nije	O
magija	O
nego	O
transsupstancijacija	O
,	O
onda	O
moraš	O
reć	NORM_1WORD
"	O
hokus	O
pokus	O
"	O
.	O

"	O
help	O
!	O

😃	O

sad	O
kad	O
sam	O
ameru	O
objasnio	O
sto	NORM_1WORD
je	O
spajanje	O
dana	O
,	O
mislim	O
da	O
se	O
nece	NORM_1WORD
buniti	O
sto	NORM_1WORD
hrvatske	O
obicaje	NORM_1WORD
primjenjujem	O
i	O
na	O
njihove	O
praznike	O

rojo	O
ne	O
treba	O
na	O
operaciju	O
ali	O
je	O
out	O
6	O
tjedana	O
,	O
falcao	O
,	O
jones	O
,	O
evans	O
i	O
rafael	O
još	O
nisu	O
spremni	O
i	O
propustit	O
će	O
sutrašnju	O
utakmicu	O

fala	NORM_1WORD
lepa	NORM_1WORD
!	O

piše	O
@mhegedic	O
,	O
a	O
spominje	O
se	O
i	O
@casetrek	O

-	O
buka	O
magazin	O
http://t.co/azsfixnnx5	O
http://t.co/j6uuhaglht	O
via	O
@buka_portal	O

da	O
znam	O
uspoređivat	NORM_1WORD
kilo...	O
bajtažu	O
?	O

[	O
video	O
]	O
kada	O
ste	O
zadnji	O
put	O
napravili	O
backup	O
vlastite	O
web	O
stranice	O
?	O

ff	O
!	O

mi	O
smo	NORM_1WORD
slušamo	O
@radio_101	O
,	O
gledamo	O
@klasiktv	O
.	O

hrvatska	O
će	O
za	O
obnovu	O
gaze	O
donirati	O
7,8	O
milijuna	O
kuna	O
http://t.co/k0yluaitcd	O
”	O
.	O

nisam	O
očekivao	O
ali	O
radi	O
vrlo	O
dobro	O
,	O
baza	O
glazbe	O
je	O
široka	O
i	O
nije	O
nasilan	O
s	O
baterijom	O
.	O

danas	O
stavin	NORM_1WORD
sliku	O
s	O
mačkama	O
i	O
sad	O
mi	O
netko	O
ostavio	O
mače	O
isprid	NORM_1WORD
kuće	O
.	O

i	O
u	O
snu	O
ljubio	O
.	O

@alexholiga	O
@kresoz	O
nabrojao	O
si	O
pola	O
ekipe	O
,	O
a	O
to	O
je	O
dovoljno	O
da	O
se	O
nadam	O
bate-basel-cipar	O
scenariju	O
.	O

kupim	O
si	O
sladoled	O
,	O
stavim	O
ga	O
u	O
dzep	NORM_1WORD
jer	O
kao	O
pojest	O
cu	NORM_1WORD
cim	NORM_1WORD
izadem	NORM_1WORD
iz	O
ducana	NORM_1WORD
...	O

desetogodišnji	O
luka	O
žuža	O
pobjednik	O
je	O
prvog	O
svjetskog	O
prvenstva	O
u	O
potapanju	O
brodova	O
battleship	O
fiume	O
2014.	O

možda	O
bi	O
ljudi	O
,	O
osobito	O
oni	O
od	O
znanosti	O
,	O
u	O
javnosti	O
trebali	O
govoriti	O
o	O
svojem	O
području	O
,	O
a	O
ne	O
o	O
tuđem	O
?	O

ccsystemstatus	O
tweak	O
ubacuje	O
sistemske	O
informacije	O
u	O
control	O
center	O
:	O
sbsettings	O
nekoć	O
je	O
bio	O
tweak	O
koj	NORM_1WORD
...	O

izgleda	O
da	O
sam	O
jucer	NORM_1WORD
pijan	O
obecao	NORM_1WORD
kolegi	O
da	O
cemo	NORM_1WORD
od	O
sri	O
do	O
pet	O
ici	NORM_1WORD
u	O
banja	O
luku	O
u	O
nocni	NORM_1WORD
zivot	NORM_1WORD
.	O

subota	O
26.7.	O
mali	O
plac	O
na	O
džamiji	O
(	O
hdlu	O
)	O
http://t.co/2cn1ceuv7o	O
via	O
@sjediijedi	O

istudio	O
najbolji	O
poslodavac	O
u	O
kategoriji	O
malih	O
poduzeća	O
prema	O
istraživanju	O
portala	O
mojposao	O
http://t.co/16vkinifhf	O
#prvasmjena	O

nemrem	NORM_1WORD
nikak	NORM_1WORD
,	O
imam	O
filling	NORM_1WORD
da	O
će	O
mi	O
list	O
postat	NORM_1WORD
pire	O
.	O

@ante_znate	O
u	O
oba	O
slučaja	O
ne	O
želim	O
nešto	O
loše	O
već	O
da	O
svoje	O
talente	O
upotrijebe	O
za	O
dobro	O
@jutarnji	O

jer	O
ako	O
ja	O
skomentiram	NORM_1WORD
,	O
gle	O
kak	NORM_1WORD
si	O
se	O
ukrmio	O
/	O
zdebljala	O
,	O
daj	O
vodi	O
malo	O
računa	O
o	O
sebi	O
,	O
užas	O
;	O
onda	O
si	O
neosjetljivo	O
đubre	O
.	O

good	O
luck	O
!	O

kad	O
inače	O
pitam	O
nekog	O
ima	O
li	O
čokse	O
,	O
nitko	O
nema	O
,	O
a	O
danas	O
će	O
ti	O
uvaliti	O
tri	O
kutije	O
jebene	O
čokolade	O
.	O

jednom	O
sam	O
krenula	O
čitati	O
"	O
kič	O
-	O
antologija	O
lošeg	O
ukusa	O
"	O
i	O
bila	O
sam	O
u	O
nadi	O
da	O
će	O
pričati	O
o	O
kiču	O
kao	O
u	O
onom	O
đelinom	O
dokumentarcu	O

@perodespero	O
jedno	O
dite	NORM_1WORD
iz	O
moje	O
ulice	O
se	O
zove	O
tako	O
..	O

hocemo	NORM_1WORD
li	O
internet	O
i	O
ja	O
napokon	O
biti	O
sretni	O
zajedno	O
?	O

@nedeljko	O
srušila	O
sam	O
se	O
kad	O
sam	O
čula	O
luđaka	O
kako	O
nije	O
na	O
milanovicu	NORM_1WORD
da	O
komentira	O
odsustvo	O
crkve	O
s	O
proslave	O
holokausta	O

#takotakobravobravo	O

još	O
mi	O
se	O
nisu	O
zalomili	O
ni	O
george	O
michael	O
ni	O
mariah	O
.	O

i	O
sada	O
si	O
mislim	O
i	O
skuzim	NORM_1WORD
da	O
sam	O
cijeli	O
dan	O
gladovao	O
(	O
a	O
nisam	O
gladan	O
)	O

+1	O
rt	O
“	O
@mjuricdutvnet	O
:	O
glazbeni	O
spektakl	O
:	O
zdravko	O
čolić	O
u	O
#dubrovnik	O
9.	O
kolovoza	O
!	O

obrtnička	O
komora	O
kzž	O
dodijelila	O
ovogodišnja	O
priznanja	O
.	O

sa	O
toliko	O
godina	O
,	O
raul	O
je	O
postigao	O
48	O
,	O
a	O
ronaldo	O
44.	O

višak	O
informatičara	O
,	O
nema	O
posla	O
za	O
njih	O
?	O

ne	O
nadam	O
se	O
puno	O
,	O
eventualno	O
nekoj	O
jačoj	O
plaćici	O
:)	O

@vandosevic	O

izgleda	O
da	O
vrijeme	O
neće	O
poslužiti	O
,	O
ali	O
nema	O
veze	O
.	O

dislike	O
!!	O

u	O
moje	O
vrijeme	O
,	O
kad	O
si	O
se	O
nabo	NORM_1WORD
na	O
iglu	O
pljuno	NORM_1WORD
bi	O
malo	O
i	O
to	O
počistio	O
i	O
nastavio	O
skakat	NORM_1WORD
po	O
cesti	O
.	O

a	O
bilo	O
je	O
dana	O
kad	O
sam	O
ja	O
u	O
superlativima	O
govorila	O
o	O
ministru	O
linicu	NORM_1WORD
.	O

ne	O
znam	O
kako	O
mi	O
je	O
promaknulo	O
...	O

cijela	O
hrvatska	O
je	O
puna	O
gavrilović	O
promocija	O
:	O
http://t.co/o6ewoosr	O
:)	O

kad	O
netko	O
samo	O
žica	O
,	O
al	NORM_1WORD
kad	O
ga	O
vidim	O
da	O
se	O
ko	NORM_1WORD
budala	O
veseli	O
malim	O
stvarima	O
dođe	O
mi	O
da	O
ga	O
potapšam	O
po	O
glavi	O
xd	O

male	O
i	O
velike	O
,	O
zelene	O
i	O
crne	O
.	O

indijac	O
neki	O
ludi	O
.	O

danas	O
klinka	O
prvi	O
put	O
na	O
treadmillu	O
.	O

fun	O
fact	O
:	O
na	O
dasnji	NORM_1WORD
dan	O
prosle	NORM_1WORD
godine	O
sam	O
takoder	NORM_1WORD
bio	O
rasprodan	O
u	O
tomtom-u	O
,	O
a	O
prije	O
dvije	O
u	O
cranberryu	NORM_1WORD
.	O

ova	O
tramvajska	O
sjedala	O
hladnija	O
su	O
od	O
sljemenskih	O
klupa	O
,	O
ali	O
zato	O
će	O
u	O
travnju	O
grijati	O
kao	O
u	O
sauni	O
.	O

http://t.co/pwypytzufu	O
via	O
@cosmopolitan.hr	O

nedjelja	O
bi	O
trebala	O
izdržati	O
suha	O
i	O
topla	O
do	O
večeri	O
,	O
a	O
onda	O
šamarčina	O
ljetu	O
uz	O
jak	O
vjetar	O
,	O
kišu	O
i	O
zahlađenje	O
.	O

zna	O
li	O
tko	O
za	O
kakav	O
slobodan	O
apartman	O
ili	O
sobu	O
za	O
dvije	O
osobe	O
na	O
kvarneru	O
,	O
oko	O
zadra	O
od	O
3.	O
do	O
5.	O
kolovoza	O
?	O

neću	O
čekati	O
"	O
the	O
first	O
results	O
are	O
not	O
expected	O
to	O
be	O
declared	O
much	O
before	O
2	O
am	O
"	O
ali	O
nadam	O
se	O
dobrim	O
vijestima	O
ujutro	O
.	O

u	O
zagrebu	O
je	O
otvoren	O
prvi	O
hrvatski	O
integralni	O
#hotel	O
,	O
a	O
mi	O
smo	O
istražili	O
što	O
to	O
znači	O
http://t.co/7ldzevkwba	O
#zagreb	O

quickstore	O
–	O
brzopotezni	O
appstore	NORM_1WORD
:	O
evo	O
jedan	O
jako	O
koristan	O
cydia	O
tweak	O
za	O
one	O
koji	O
su	O
na	O
iosu	O
6	O
.	O

ovog	O
petka	O
ponovno	O
u	O
jabuci	O
.	O

@saleniskanovic	O
dobio	O
sada	O
ili	O
nisi	O
ni	O
znao	O
da	O
ga	O
imas	NORM_1WORD
?	O

ali	O
znas	NORM_1WORD
sto	NORM_1WORD
kazu	NORM_1WORD
...	O

kao	O
i	O
oni	O
koji	O
im	O
daju	O
prostor	O
u	O
medijima	O
.	O

uvijek	O
sam	O
govorio	O
da	O
kao	O
da	O
su	O
mi	O
glava	O
i	O
tijelo	O
odvojeni	O
.	O

i	O
ja	O
bi	NORM_1WORD
najrađe	NORM_1WORD
da	O
mi	O
je	O
najveći	O
problem	O
u	O
životu	O
kad	O
mi	O
je	O
sljedeći	O
joint	O
il	NORM_1WORD
dop	O
.	O

cc	O
@jbozicko	O

@nordic_meerkat	O
onda	O
ti	O
ne	O
preostaje	O
ništa	O
nego	O
da	O
biraš	O
samo	O
letove	O
s	O
mlažnjacima	O
:)	O
@nordic_squirrel	O

red	O
po	O
red	O

i	O
uvik	NORM_1WORD
mi	O
dodu	NORM_1WORD
ovi	O
osjecaji	NORM_1WORD
leptirica	NORM_1WORD
u	O
stomaku	O
pred	O
ispite	O
,	O
pa	O
me	O
kasniie	NORM_1WORD
boli	O
glava	O
od	O
svega	O
.	O

opasna	O
regulacija	O
prometa	O
:	O
na	O
kuku	O
se	O
sudarili	O
autobus	O
i	O
"	O
corsa	O
$.	O
-	O
crna	O
kronika	O
/	O
novi	O
list	O
http://t.co/ajh9y2mkbf	O
via	O
@novilisthr	O

@kresendo	O
@marina_b612	O
misliš	O
da	O
ne	O
bi	O
prošao	O
?	O

ako	O
@jutarnji	O
ne	O
laže	O
,	O
kaže	O
mama	O
jedne	O
od	O
prvih	O
eu-hr	O
beba	O
:	O
"	O
sretna	O
sam	O
,	O
moj	O
mali	O
jan	O
i	O
hrvat	O
je	O
i	O
europljanin	O
!	O
"	O

—	O
pavle	O
s.	O
,	O
25	O

-	O
a	O
di	NORM_1WORD
mu	O
je	O
kapa	O
?!	O

gdje	O
je	O
tu	O
pravda	O

više	O
:	O
http://t.co/pntdve8dvy	O
#politikahr	O

poništava	O
se	O
natječaj	O
za	O
nabavku	O
zastava	O
-	O
nagrade	O
za	O
platiše	O
vodovoda	O
jer	O
nitko	O
ne	O
nudi	O
zastave	O
na	O
kojima	O
se	O
nalazi	O
službeni	O
grb	O
.	O

uskoro	O
godišnji	O
,	O
primam	O
prijedloge	O
za	O
čitanje	O
:	O
od	O
stručne	O
literature	O
big	O
data	O
i	O
gamification	O
,	O
za	O
razbibrigu	O
sam	O
fleksibilan	O
.	O

..	O
sve	O
jasno	O
!	O

armani	O
jeans	O
borsa	NORM_1WORD
,	O
patike	O
i	O
gace	NORM_1WORD
,	O
miu	O
miu	O
cvike	O
i	O
ulazi	O
u	O
bus	O
.	O

moram	O
se	O
pohvaliti	O
da	O
iako	O
nisam	O
spavala	O
3	O
dana	O
,	O
četvrti	O
ću	O
rađe	NORM_1WORD
pomoći	O
prijatelju	O
da	O
ne	O
padne	O
svoj	O
projektni	O
studio	O
.	O

:-)	O

sto	NORM_1WORD
ste	O
danas	O
vecerali	NORM_1WORD
?	O

pisi	O
linux	O
–	O
povratak	O
otpisanog	O
pardusa	O
http://t.co/bk0wvisgme	O
#naslovnica	O
#recenzije	O
#kde	O
#osvrt	O
#pardus	O
#it	O
#računala	O
#mobi	O

nemam	O
volje	O
spavati	O
danas	O

po	O
njegovom	O
govoru	O
znam	O
sve	O
namirnice	O
,	O
po	O
našem	O
prijevodu	O
ne	O
znam	O
pola	O
,	O
jbt	O
prijevod	O
:d	O

like	O
!	O

@frankaoreb	O
to	O
je	O
tvoj	O
teritorij	O
,	O
jel	NORM_1WORD
ima	O
tamo	O
šta	NORM_1WORD
za	O
jebat	NORM_1WORD
?	O

strasno	NORM_1WORD
...	O

@drazendrnas	O
@antonioperic	O
precijenjeni	O
,	O
dakako	O
.	O

upravo	O
podesio	O
postavku	O
za	O
"	O
sigurno	O
twittanje	NORM_1WORD
"	O
.	O

isti	O
taj	O
netko	O
neka	O
meni	O
objasni	O
zašto	O
je	O
ovoliko	O
slušam	O
.	O

jebem	O
ti	O
sve	O
po	O
redu	O
,	O
nisam	O
ja	O
još	O
za	O
ovakve	O
akrobacije	O
...	O

sad	O
znam	O
i	O
zašto	O
je	O
kinez	O
rekao	O
"	O
blago	O
vama	O
vi	O
se	O
svi	O
poznajete	O
"	O
.	O

samo	O
smo	O
dobri	O
prijatelji	O

@pearsawfly	O
@ivana_culjak	O
@humpibump	O
to	O
je	O
super	O
.	O

riješit	O
ćemo	O
to	O
fajtom	O
.	O

život	O
ima	O
način	O
da	O
testira	O
volju	O
čovjeka	O
.	O

što	O
direktno	O
,	O
što	O
indirektno	O
,	O
kapitalističko-fašistički	O
sistem	O
pod	O
vodstvom	O
sad-a	O
ubio	O
je	O
daleko	O
više	O
ljudi	O
nego	O
hitler	O
i	O
staljin	O
zajedno	O
...	O

@outlawoflove_	O
to	O
je	O
ono	O
kada	O
smo	O
uvjereni	O
da	O
znamo	O
i	O
jedan	O
i	O
drugi	O
i	O
onda	O
nas	O
oplete	O
ovakva	O
spoznaja	O
:d	O

eh	O
da	O
,	O
@vipnethrv	O
eknjižara	O
app	O
je	O
katastrofa	O
,	O
kasnije	O
ću	O
napisati	O
review	O
,	O
ali	O
baš	O
sam	O
razočaran	O
.	O

polazak	O
je	O
u	O
6	O
h	O
,	O
a	O
cijena	O
je	O
100	O
kn	O
.	O

nije	O
uživo	O
,	O
ali	O
skoro	O
.	O

stanje	O
-	O
i	O
dalje	O
shake	O
it	O
that	O
ass	O
...	O

vrhunska	O
usluga	O
,	O
lokacija	O
,	O
smjestaj	NORM_1WORD
,	O
spiza	O
...	O

dhmz	O
:	O
u	O
zagrebu	O
danas	O
pretežno	O
oblačno	O
.	O

čekat	O
će	O
te	O
onda	O
kad	O
počneš	O
raditi	O
stvari	O
koje	O
voliš	O
.	O
"	O

najbolji	O
recept	O
za	O
očistit	NORM_1WORD
stan	O
kad	O
ti	O
se	O
neda	NORM_1WORD
je	O
taj	O
da	O
se	O
napiješ	O
da	O
ne	O
znaš	O
ni	O
di	NORM_1WORD
si	O
ni	O
kaj	NORM_1WORD
si	O
i	O
još	O
ti	O
je	O
sve	O
kaj	NORM_1WORD
delaš	O
super	O

meni	O
je	O
s	NORM_1WORD
šta	O
ota	NORM_1WORD
mala	O
ne	O
zna	O
pivat	NORM_1WORD
pa	O
kopira	O
severinu	O
"	O

"	O
@forcebook	O
:	O
cheering	O
for	O
#bih	O
#worldcup	O
#brasil2014	O
#argvsbih	O
#argentinavsbosnia	O
#argbih	O

mrzim	O
internet	O
portal	O
merlin	O
i	O
proklinjem	O
ga	O

/	O
ništa	O
čovjek	O
nije	O
slagao	O
...	O

@i_milek	O
@robi052	O
ima	O
jedan	O
momak	O
koji	O
pleše	O
trbušni	O
...	O

nakon	O
skoro	O
dva	O
mjeseca	O
ni	O
traga	O
mom	O
laptopu	O
koji	O
je	O
predan	O
na	O
servis	O
.	O

hoce	NORM_1WORD
,	O
hoce	NORM_1WORD
,	O
oci	NORM_1WORD
bi	O
ti	O
iskopala	O
da	O
je	O
probudis	NORM_1WORD
prije	O
12	O
h	O

just	O
let	O
that	O
sink	O
in	O
.	O

.	O

novi	O
svjedok	O
tužilaštva	O
na	O
suđenju	O
mladić	O
je	O
dušan	O
janc	O
,	O
bivši	O
istražitelj	O
tužilaštva	O
mksj-a	O
.	O

ha-ha	NORM_1WORD
!	O

@jaadamovic	O
pa	O
kad	O
nam	O
je	O
vrijeme	O
ko	NORM_1WORD
u	O
engleskoj	O
,	O
sve	O
se	O
okrenulo	O
naopacke	NORM_1WORD
izgleda	O
,	O
mozda	NORM_1WORD
ocaj	NORM_1WORD
tjedan	O
bude	O
bolji	O

danas	O
si	O
faca	O
ako	O
pohvališ	O
javnu	O
službu	O
rh	O
jer	O
je	O
obavila	O
svoj	O
posao	O
,	O
a	O
kreten	O
jer	O
ti	O
je	O
normalno	O
da	O
se	O
posao	O
za	O
koji	O
su	O
plaćeni	O
i	O
obavi	O
.	O

@tomislavcapan	O
@monikaharmonika	O
ja	O
zadnji	O
slavio	O
u	O
skopju	O
...	O

fakdisšit	NORM_1WORD
:p	O

:o	O
#ljuta	O
#onlycroatia	O

od	O
srece	NORM_1WORD
iden	NORM_1WORD
šišat	NORM_1WORD
dlake	O
na	O
jajima	O
.	O

splitska	O
legenda	O
i	O
hrvatski	O
kralj	O
funka	O
.	O

http://t.co/mxkggqqw6f	O
#bratušek	O
@vladars	O
@pozitivnaslo	O
@skyslovenia	O
#politikahr	O

pričali	O
smo	O
do	O
4	O
ujutro	O
,	O
on	O
se	O
vise	NORM_1WORD
ne	O
bi	O
jebao	O
on	O
bi	O
htio	O
vodit	NORM_1WORD
ljubav	O
sa	O
mnom	O
!	O

😱	O
#fact	O

odselila	O
!	O

well	O
,	O
umrt	NORM_1WORD
ću	O
prije	O
ali	O
ću	O
se	O
barem	O
dobro	O
naspavat	NORM_1WORD
:d	O

"	O
it's	O
not	O
about	O
target	O
marketing	O
,	O
it's	O
about	O
targeting	O
moments	O
"	O

mrzim	O
kad	O
mi	O
netko	O
kaže	O
da	O
sam	O
tipa	O
kul	O
kao	O
osoba	O
i	O
onda	O
mi	O
se	O
čini	O
da	O
mi	O
je	O
svaki	O
sljedeći	O
potez	O
u	O
životu	O
lame	O
i	O
ne	O
znam	O

http://t.co/wfkonzxna9	O
@dnevnikhr	O

gdje	O
je	O
sada	O
.	O

ameri	O
prisluškuju	O
i	O
papu	O
.	O

oj	O
,	O
slavonska	O
rastovino	NORM_1WORD
stara	O
,	O
u	O
svitu	NORM_1WORD
ti	O
nigdi	NORM_1WORD
neme	NORM_1WORD
para	O
!	O

puhat	O
će	O
sjeveroistočnjak	O
uz	O
temperaturu	O
do	O
4	O
°	O
c.	O
#kckzg	O

sve	O
je	O
jasno	O
.	O

i	O
ispita	O
i	O
leptirica	NORM_1WORD
.	O

da	O
bi	NORM_1WORD
se	O
bolje	O
osjećali	O
,	O
neke	O
ljude	O
morate	O
svrstati	O
u	O
kategoriju	O
"	O
ko	NORM_1WORD
ih	O
'ebe	NORM_1WORD
"	O
....	O
a	O
čak	O
me	O
ni	O
ne	O
zanima	O
ko	NORM_1WORD
njih	O
'ebe	NORM_1WORD
....	O

#ildolcefarniente	O

help	O
?	O

obojane	O
face	O
@dropdopers	O
koje	O
svijetle	O
u	O
mraku	O
!	O

sumnjam	O
nekako	O
da	O
to	O
švicarci	O
rade	O
.	O

eh	O
.	O

večeras	O
u	O
17:45	O
nastavljamo	O
sa	O
predavanjem	O
na	O
temu	O
:	O
postati	O
poput	O
krista	O
:	O
preobličavanje	O
i	O
obnova	O
uma	O
,	O
volja	O
i	O
emocije	O
.	O

kao	O
što	O
je	O
nekada	O
davno	O
bila	O
i	O
ona	O
,	O
noć	O
od	O
sjećanja	O
.	O

nemoj	O
me	O
triskat	NORM_1WORD
pred	O
ženskima	O
u	O
klubu	O
,	O
uzet	O
ću	O
skakavca	O
iz	O
ćaćine	O
mazde	O
pa	O
da	O
si	O
dvaput	O
sportaš	O
!	O

@marija_lugaric	O
@cmszagreb	O
@statistikahr	O
@pravica	O
@zagrebtime	O
@institutrb	O
@zelenaakcija	O
@carnethr	O

nakon	O
13	O
dana	O
talijjanskih	NORM_1WORD
keksica	NORM_1WORD
za	O
dorucak	NORM_1WORD
,	O
konacno	NORM_1WORD
jedem	O
jaja	O
i	O
hrenovke	O
ponovno	O
.	O

novinarska	O
udruženja	O
protiv	O
vučićevog	O
obračuna	O
s	O
"	O
vremenom	O
"	O
http://t.co/vccv4v86if	O
#vučić	O
@nedeljnikvreme	O
@nuns_1994	O

nezakonitim	O
radnjama	O
.	O

neka	O
ženska	O
,	O
vidno	O
pijana	O
,	O
hoda	O
po	O
cesti	O
i	O
vrišti	O
"	O
i	O
just	O
want	O
a	O
cab	O
and	O
some	O
chips	O
.	O

baš	O
je	O
dobro	O
...	O

ultimativno	O
postovanje	NORM_1WORD
nije	O
splasnulo	O
.	O

dok	O
brojimo	O
samo	O
malo	O
više	O
od	O
mjesec	O
dana	O
do	O
novog	O
festivala	O
,	O
pogledajte	O
kako	O
je	O
to	O
izgledalo	O
lani	O
:	O
http://t.co/xmwzhi7ygl	O
:)	O

ne	O
zaboravi	O
lijepe	O
dane	O
!	O

utorak	O
back	O
to	O
zg	O
.	O

bit	O
će	O
to	O
ludi	O
9	O
mj.	O

u	O
zadnjih	O
tipa	O
mjesec	O
dana	O
mi	O
je	O
hobi	O
prevođenje	O
hrvatskih	O
uzrećica	NORM_1WORD
i	O
slično	O
na	O
engleski	O
da	O
zvuči	O
glupo	O
.	O

u	O
zagrebu	O
bi	O
te	O
samo	O
pogledao	O
i	O
zatvorio	O
ti	O
vrata	O
pred	O
nosom	O
.	O

moram	O
priznat	NORM_1WORD
da	O
je	O
ovo	O
late	O
night	O
grocery	O
shoppingiranje	O
bas	NORM_1WORD
nadnaravno	O
iskustvo	O
.	O

@zoeoezz	O
zlatko	O
pejaković	O
pjeva	O
tu	O
pjesmu	O
...	O

slušat	O
će	O
se	O
to	O
večeras	O
kad	O
se	O
pijan	O
vratim	O
doma	O
.	O

kako	O
se	O
reče	O
,	O
bolje	O
sa	O
sramoton	NORM_1WORD
doma	O
stat	NORM_1WORD
.	O

jedini	O
problem	O
je	O
što	O
ne	O
znam	O
koje	O
boje	O
oči	O
onaj	O
moj	O
ima	O
.	O

tragedija	O
se	O
nastavlja	O
.	O

dali	O
su	O
sve	O
,	O
dobili	O
ništa	O
.	O

faris	O
nam	O
objašnjava	O
vizije	O
budućnosti	O
slikama	O
iz	O
prošlosti	O
-	O
http://t.co/nrancp0vsx	O
=	O
today	O
we	O
have	O
touch	O
screens	O
!	O

jel	NORM_1WORD
ne	O
bi	O
bilo	O
super	O
da	O
kad	O
umremo	O
nam	O
se	O
izlista	O
životna	O
statistika	O
.	O

ili	O
samo	O
ako	O
izgubi	O
na	O
izborima	O
?	O

cya	O
!	O

http://t.co/gifi6cspg1	O
molim	O
retweet	O

@elecunt	O
poslom	O
i	O
hobijima	O
pa	O
nema	O
vremena	O
i	O
ima	O
jedna	O
scena	O
gdje	O
mu	O
govori	O
kako	O
ju	O
dosta	O
frajera	O
zeli	NORM_1WORD
jer	O
osjete	O
miris	O
zene	NORM_1WORD
koja	O
zudi	NORM_1WORD
za	O

što	O
god	O
danas	O
obukla	O
znam	O
da	O
ću	O
nositi	O
bijele	O
čipkaste	O
čarapice	O
koje	O
mi	O
je	O
baka	O
dala	O
#kontroverzno	O

financiranje	O
političkih	O
stranaka	O
iz	O
državnog	O
proračuna	O
je	O
krajnje	O
nepotrebno	O
,	O
naročito	O
u	O
situaciji	O
u	O
kojoj	O
se	O
kao	O
država	O
nalazimo	O
.	O

#gnkdinamo	O
#nogomet	O
#hrkup	O

a	O
ona	O
ne	O
igra	O
sa	O
mnom	O
.	O

"	O
ako	O
tražiš	O
lubav	NORM_1WORD
svog	O
života	O
-	O
prestani	O
.	O

nije	O
burger	O
ako	O
nemam	O
umaka	O
po	O
prstima	O
.	O

svitanje	O
,	O
sjedimo	O
na	O
krovu	O
,	O
maramice	O
na	O
izvlačenje	O
,	O
lepinje	O
i	O
cigarete	O
,	O
razmazane	O
maskare	O
i	O
srca	O
.	O

relativno	O
je	O
dosta	O
uhljeba	O
na	O
fakultetima	O
i	O
centrima	O
izvrsnosti	O
sto	NORM_1WORD
zive	NORM_1WORD
na	O
porezu	O
i	O
lupetaju	O
gluposti	O

isto	O
od	O
nasih	NORM_1WORD
susjeda	O
,	O
ljudi	O
me	O
zovu	O
zadnjih	O
dana	O
da	O
cestitaju	NORM_1WORD
hahha	O

o	O
već	O
sam	O
tamo	O
zamisli	O
.	O

najgore	O
od	O
svega	O
mi	O
je	O
ovo	O
kada	O
pregledam	O
ekstra	O
film	O
i	O
onda	O
se	O
bezveze	NORM_1WORD
naložim	O
na	O
nešto	O
i	O
utripujem	O

@vlapatkapa	O
ne	O
spavam	O
bas	NORM_1WORD
dobro	O
zadnjih	O
par	O
dana	O
:(	O

u	O
nedjelju	O
opet	O
naoblačenje	O
i	O
do	O
kraja	O
dana	O
kiša	O
.	O

zašto	O
nije	O
tu	O
.	O

@lucija0doll	O
eto	O
na	O
sad	O
,	O
znači	O
da	O
ću	O
ja	O
morati	O
dvostruko	O
divan	O
umjesto	O
tebe	O
.	O

@cepodario	O
a	O
ultimativno	O
ce	NORM_1WORD
i	O
milanovic	NORM_1WORD
i	O
karamarko	O
dijeliti	O
politicku	NORM_1WORD
sudbinu	O
jadranke	O
kosor	O
@mijicmate	O

#feellikemakinglove	O

zika	O
je	O
koma	O
,	O
lokacija	O
jos	NORM_1WORD
gora	O
,	O
cuga	O
skupa	O
ak	NORM_1WORD
se	O
ne	O
varam	O
,	O
al	NORM_1WORD
opet	O
pol	O
zg-a	O
ide	O
...	O

temperatura	O
oko	O
30	O
°	O
c	O
ili	O
viša	O
.	O

bavarski	O
skeč-šou	O
:	O
komičar	O
prvo	O
priča	O
s	O
režiserom	O
koji	O
psuje	O
na	O
allgauerskom	NORM_1WORD
dijalektu	O
,	O
pa	O
biciklom	O
ide	O
na	O
sushi	O
koji	O
glođe	O
kao	O
weisswurst	O
.	O

@tomislavcapan	O
@pojemario	O
@allixsenos	O
@marcec	O
@sbsuzana	O
a	O
jebi	O
ga	O
,	O
došao	O
s	O
posla	O
prije	O
pol	O
vure	NORM_1WORD
.	O

pišamo	O
crnac	O
i	O
ja	O
jedan	O
pored	O
drugog	O
i	O
krene	O
priča	O
,	O
kažem	O
mu	O
this	O
is	O
my	O
first	O
time	O
in	O
vegas	O
a	O
on	O
meni	O
get	O
that	O
cherry	O
poppin	O
!	O

ponekad	O
pomislim	O
da	O
neću	O
uspjeti	O
u	O
životu	O
,	O
ali	O
se	O
sjetim	O
da	O
još	O
uvijek	O
postoje	O
ljudi	O
koji	O
pišu	O
"	O
sumljam	O
"	O
pa	O
mi	O
bude	O
lakše	O
.	O

sve	O
je	O
izglednije	O
da	O
cu	NORM_1WORD
morati	O
večeras	O
na	O
rivu	O
gledati	O
neku	O
klapu	O
i	O
vatromet	O
,	O
sin	O
zahtijeva	O
da	O
idemo	O
.	O

ocekujem	NORM_1WORD
ds	O
!	O

u	O
životu	O
nisam	O
nikog	O
otpratila	O
zbog	O
stava	O
ili	O
ičeg	NORM_1WORD
sličnog	O
.	O

sutra	O
idem	O
na	O
ovu	O
utrku	O
.	O

film	O
lene	O
dunham	O
iz	O
2010.	O
zahvaljujuci	NORM_1WORD
kojem	O
je	O
dobila	O
seriju	O
na	O
hbo-u	O
.	O

zašto	O
si	O
preselio	O
nutellu	O
?	O

lol	O
...	O

problemi	O
su	O
dublji	O
.	O

evo	O
jedan	O
današnji	O
...	O

i	O
dobit	O
ćeš	O
iato	NORM_1WORD
.	O

ali	O
ipak	O
mi	O
je	O
najbitniji	O
hardware	O
a	O
nokia	O
pi	NORM_1WORD
meni	O
nema	O
premca	O
.	O

ta	O
dugo	O
čekana	O
ljetna	O
oluja	O
.	O

nijedan	O
njegove	O
generacije	O
to	O
nema	O
.	O

@kresod	O
da	O
stvar	O
bude	O
gora	O
neki	O
dan	O
je	O
objašnjavo	NORM_1WORD
nekom	O
liku	O
kako	O
od	O
toga	O
super	O
zarađuje	O
i	O
uvjeravao	O
ga	O
da	O
i	O
on	O
počne	O
...	O

fox	O
news	O
blonde	O
bimbo	O
alert	O
!	O

;)))	O
"	O

organizirali	O
smo	O
tu	O
smotru	O
amaterskih	O
kazališta	O
i	O
odigrali	O
predstavu	O
i	O
pogledali	O
još	O
4	O
i	O
kad	O
bi	NORM_1WORD
birao	O
klišej	O
rekao	O
bi	NORM_1WORD
da	O
mi	O
je	O
srce	O
puno	O

zbog	O
toga	O
tek	O
neću	O
kod	O
vatikana	O
dobit	NORM_1WORD
popust	O
.	O

jebe	O
se	O
njima	O
za	O
prste	O
kad	O
vide	O
priliku	O
za	O
napunit	NORM_1WORD
kasu	O
.	O

bere	O
se	O
smilje	O
i	O
po	O
otocima	O
..	O
nece	NORM_1WORD
imat	NORM_1WORD
ovce	O
sta	NORM_1WORD
ist	NORM_1WORD
.	O

#yolo	O

@grzi	O
@whoamiee	O
@patkica20	O
treći	O
zbog	O
onih	O
futurističkih	O
ludih	O
staza	O
koje	O
su	O
naj	O
i	O
jahanje	O
na	O
dinosauriću	O
i	O
tigriću	O

-	O
ok	O
,	O
aj	NORM_1WORD
bok	O
!	O

@nelchee	O
@zhillustrator	O
trebali	O
su	O
doći	O
ove	O
godine	O
u	O
veljači	O
ali	O
su	O
skratili	O
tour	O
.	O

stvarno	O
se	O
ponekad	O
zapitam	O
zašto	O
mi	O
se	O
news	O
feed	O
na	O
fb-u	O
puni	O
idiotarijama	O
poput	O
toga	O
što	O
je	O
obukla	O
severina	O
,	O
rozga	O
i	O
slični	O
.	O

somebody	O
call	O
the	O
doctor	O
!	O

odmah	O
na	O
poluvremenu	O
vadiš	O
2	O
najgora	O
,	O
bez	O
oklijevanja	O
.	O

http://t.co/rxsgio9gy7	O
#vijesti	O
#hr	O

napokon	O
sam	O
,	O
nakon	O
dugo	O
vremena	O
,	O
našao	O
film	O
koji	O
mi	O
se	O
stvarno	O
gleda	O
.	O

demokratska	O
stranka	O
srbije	O
.	O

ne	O
znam	O
je	O
li	O
lažnjak	O
,	O
ali	O
ako	O
je	O
stvarno	O
,	O
uočite	O
kako	O
se	O
društvo	O
mete	O
uopće	O
ne	O
uzbuđuje	O
što	O
je	O
netko	O
došao	O
s	O
leđa	O
i	O
poljubio	O
kolegicu	O
.	O

http://t.co/drpihyy2	O
#drugasmjena	O

neki	O
ducani	NORM_1WORD
tradicionalno	O
s	O
cijenama	O
ko	NORM_1WORD
da	O
nisu	O
outlet	O
u	O
nekima	O
bagatela	O

u	O
svijetu	O
bijelih	O
vitezova	O
,	O
jedino	O
oni	O
imaju	O
pravo	O
napadati	O
tuđe	O
argumente	O
kroz	O
optužbe	O
da	O
"	O
netko	O
tako	O
misli	O
samo	O
zato	O
što	O
je	O
djevac	O
"	O
.	O

za	O
web	O
,	O
visual	O
branding	O
,	O
logo	O
dizajn	O
i	O
to	O
.	O

e	O
moj	O
japanac	O
.	O
”	O

zena	NORM_1WORD
u	O
varazdinu	NORM_1WORD
pokusala	NORM_1WORD
platiti	O
ubojstvo	O
muza	NORM_1WORD
kojeg	O
je	O
prijevarom	O
natjerala	O
u	O
brak	O
.	O

still	O
better	O
love	O
story	O
than	O
twillight	NORM_1WORD
.	O

murija	O
ima	O
izlozbu	NORM_1WORD
ispred	O
faksa	O
.	O

samo	O
da	O
znate	O
ako	O
zelite	NORM_1WORD
citati	NORM_1WORD
horoskop	O
najgori	O
je	O
na	O
24	O
sata	O
a	O
najbolji	O
na	O
ehoroskopu	O
zahvalite	O
mi	O
poslije	O

manji	O
je	O
problem	O
kad	O
nemaš	O
s	O
kim	O
izać	NORM_1WORD
,	O
nego	O
kad	O
imaš	O
al	NORM_1WORD
ti	O
je	O
prezabavno	O
sa	O
samim	O
sobom	O
da	O
bi	O
ti	O
se	O
dalo	O
s	O
drugima	O
.	O

prosječni	O
auto	O
(	O
vozač	O
)	O
prijeđe	O
10	O
km	O
godišnje	O
,	O
a	O
koliko	O
tweetova	O
godišnje	O
ima	O
prosječni	O
twitteraš	O
?	O

najviše	O
volim	O
kad	O
pošaljem	O
mail	O
pa	O
dobijem	O
odgovor	O
-	O
nazovite	O
(	O
neću	O
)	O
.	O

zivot	NORM_1WORD
vam	O
se	O
sveo	O
na	O
novac	O
,	O
ljubav	O
na	O
sex	NORM_1WORD
,	O
covjeka	NORM_1WORD
procjenjujete	O
na	O
osnovi	O
fizickog	NORM_1WORD
izgleda	O

vidošević	O
nedavno	O
angažirao	O
jednog	O
skupljeg	O
pr-ovca	O
da	O
'	O
sanira	O
'	O
štetu	O
afere	O
remorker	O
.	O

sta	NORM_1WORD
radi	O
sad	O
?	O

sa	O
mlađima	O
se	O
prije	O
skužimo	O
na	O
stranim	O
jezicima	O
:d	O
#bratstvoijedinstvo	O

#ep	O

u	O
zatvorenom	O
prostoru	O
?	O

da	O
je	O
ch.	O
b.	O
u	O
jane	O
eyre	O
umjesto	O
ignis	O
fatuus	O
napisala	O
will-o'-the-wisp	O
'	O
;	O
bi	O
li	O
to	O
gg	O
prevela	O
kao	O
"	O
svjetlost	O
lutalica	O
"	O
,	O
hm	O
...	O

ne	O
followam	O
nekog	O
jer	O
mi	O
se	O
ne	O
svidaju	NORM_1WORD
njegovi	O
tvitovi	O
.	O

ovi	O
timelapsovi	NORM_1WORD
krenuli	O
stopama	O
umrimuški	NORM_1WORD
i	O
smrtonosnooružje	NORM_1WORD
i	O
šta	NORM_1WORD
sve	O
ne	O
.	O

kuiš	NORM_1WORD
.	O

kao	O
sresti	NORM_1WORD
ćeš	O
ga	O
skoro	O
opet	O
,	O
pa	O
nisi	O
htjela	O
bit	NORM_1WORD
napasna	O
...	O

i	O
već	O
vidim	O
da	O
sam	O
home	O
,	O
negdje	O
oko	O
frižidera	O
.	O

trebam	O
na	O
more	O
s	O
dečkima	O
i	O
onda	O
skužim	O
da	O
baš	O
tad	O
kad	O
smo	O
dogovorili	O
more	O
ja	O
trebam	O
dobit	NORM_1WORD
mengu	O
.	O

♡	O

@obi_rijecki	O
@t_josip	O
stokic	O
,	O
strok	O
,	O
hfp	O
starcevic	NORM_1WORD
,	O
kalem	O
,	O
minovski	O
,	O
arena	O
turist	O
,	O
ina	O
sa	O
poljima	O
u	O
siriji	O
,	O
i	O
da	O
ne	O
nabrajam	O
dalje	O
....	O

od	NORM_1WORD
je	O
ljepo	NORM_1WORD
vrijeme	O
puno	O
se	O
druzim	NORM_1WORD
s	O
majkom	O
prirodom	O
...	O

slatkica	O
,	O
my	O
dear	O
,	O
you're	O
not	O
.	O

link	O
=	O
>	O
http://t.co/3xv1npwl7e	O
#hdz	O
#eu	O
#eu28	O
#politikahr	O

necu	NORM_1WORD
to	O
fuj	O
to	O
,	O
fuj	O
ljubav	O
,	O
fuj	O
emocije	O
!	O

požderi	O
se	O
olivia	O
palermo	O
sa	O
svojim	O
puloverom	O
od	O
kašmira	O
(	O
iako	O
,	O
to	O
mi	O
je	O
second	O
best	O
)	O

#jučer	O
via	O
delle	O
botteghe	O
oscure	O
roma	O
saltimbocca	O
alla	O
romana	O
partija	O
koja	O
se	O
raspala	O
trešnje	O
&	O
jagode	O
&	O
šlag	O
jedan	O
pas	O
me	O
poljubio	O

:)	O

da	O
li	O
bi	NORM_1WORD
se	O
tada	O
vi	O
,	O
'	O
veterani	O
mira	O
'	O
,	O
smirili	O
,	O
dok	O
vas	O
hdz	O
opet	O
ne	O
povuće	NORM_1WORD
za	O
jaja	O
?	O

ma	O
ljubaf	NORM_1WORD
za	O
nju	O
:))	O

kad	O
sam	O
bila	O
mlađa	O
imala	O
sam	O
zreliji	O
pogled	O
na	O
život	O
.	O

http://t.co/veghgdxk1g	O
#aplikacija	O
#poljoprivrednici	O
#proizvodnja	O

upravo	O
otkriven	O
yet	O
another	O
žešći	O
debilizam	O
iste	O
:	O
max	O
broj	O
ulaznica	O
je	O
4.	O
ffs	O
.	O

datum	O
ostaje	O
(	O
19.09	O
u	O
20	O
h	O
)	O
'	O

"	O
dobar	O
je	O
!	O
"	O
,	O
rekoše	O
svi	O
,	O
ali	O
što	O
ako	O
nije	O
-	O
može	O
li	O
moje	O
maleno	O
srce	O
podnijeti	O
razočaranje	O
?	O

@kinoeuropaos	O
hvala	O
lijepo	O
:)	O

life	O
of	O
pi	O
.	O

gotta	NORM_1WORD
love	O
this	O
job	O
:d	O
#happy	O
#proud	O
#smile	O

alcohol	O
,	O
drunkenness	O
and	O
inclusive	O
town	O
centres	O
...	O

ekipa	O
ga	O
je	O
skuzila	NORM_1WORD
tek	O
kad	O
je	O
zasvirao	O
apokalipso	O
.	O

sad	O
sam	O
se	O
sjetila	O
kak	NORM_1WORD
smo	O
isle	NORM_1WORD
u	O
pauk	O
na	O
d	NORM_1WORD
doors	O
expirijens	NORM_1WORD
i	O
vristale	NORM_1WORD
na	O
tog	O
lika	O
imitatora	O
morisona	NORM_1WORD
.	O

fasciniraju	O
me	O
ljudi	O
koji	O
unatoč	O
ovolikom	O
napretku	O
tehnologije	O
još	O
uvijek	O
pitaju	O
za	O
upute	O
u	O
kojem	O
smjeru	O
je	O
nešto	O
.	O

eto	O
koliko	O
svi	O
sve	O
znaju	O
.	O

bez	O
tebe	O
,	O
jutra	O
su	O
mi	O
tako	O
prazna	O
...	O
"	O

@gosaric	O
@blueangel1802	O
hahah	O
..	O
ja	O
sad	O
kod	O
sestre	O
dosao	NORM_1WORD
da	O
mi	O
da	O
cokolino	NORM_1WORD
jer	O
ne	O
mogu	O
nista	NORM_1WORD
jesti	O
#neugodnjak	O

@tihomirkupina	O
@svetopr	O
@jadovno1941	O
ja	O
san	NORM_1WORD
ponosna	O
na	O
vas	O
jer	O
ste	O
sigurno	O
branili	O
otadzbinu	NORM_1WORD
na	O
liniji	O
virovitica	O
-	O
karlovac	O
-	O
karlobag	O

u	O
petak	O
se	O
vidimo	O
pa	O
mozemo	NORM_1WORD
i	O
o	O
tome	O
:d	O

o.o	O

zauvik	NORM_1WORD
ces	NORM_1WORD
ostat	NORM_1WORD
nebo	O
iznad	O
mene	O
,	O
sa	O
pituron	NORM_1WORD
bilon	NORM_1WORD
prosa	NORM_1WORD
si	O
kroz	O
vene	O
,	O
tu	O
u	O
mome	O
srcu	O
hajduk	O
je	O
lipota	NORM_1WORD
zauvik	NORM_1WORD
ces	NORM_1WORD
ostat	NORM_1WORD
ljubav	O
mog	O
zivota	NORM_1WORD
.	O

ikad	O
.	O

guardiola	O
raus	O
!?	O

evo	O
ga	O
opet	O
.	O

pa	O
nećete	O
valjda	O
na	O
godišnji	O
kada	O
ide	O
niz	O
it	O
događanja	O
poput	O
@kulendayz	O
(	O
13.	O
-	O
15.9\	O
)	O
,	O
@mobilityday	O
(	O
26.9	O
)	O
,	O
e-learning	O
konf	NORM_1WORD
11.10.	O
?	O

fale	O
mi	O
ona	O
vremena	O
kad	O
si	O
završavao	O
na	O
"	O
zabranjen	O
ulazak	O
"	O
listama	O
za	O
džabe	O
:d	O

yle	O
news	O
:	O
study	O
:	O
recession	O
blights	O
teens'	O
whole	O
working	O
life	O
http://t.co/qkamnzvmuy	O

kako	O
?	O

blago	O
ti	O
se	O
.	O

one	O
traže	O
sigurnost	O
i	O
doručak	O
u	O
krevetu	O
.	O

sinoc	NORM_1WORD
sam	O
se	O
trudila	O
razumjeti	O
razgovor	O
nase	NORM_1WORD
proslavljene	O
olimpijke	O
i	O
njenog	O
decka	NORM_1WORD
trenera	O
na	O
drzavnoj	NORM_1WORD
tv	O
.	O

jednog	O
po	O
jednog	O
kolegu	O
psihološki	O
slamam	O
da	O
mi	O
povjere	O
svoje	O
probleme	O
kako	O
bi	O
izgubili	O
moć	O
i	O
autoritet	O
.	O

#fotosinteza	O

-	O
ateist	O
?	O

djevojčica	O
,	O
gerla	O
,	O
tjolka	O
,	O
putana	O
–	O
ruski	O
žargon	O
za	O
riječ	O
„	O
žena	O
“	O
http://t.co/morm4mhouo	O
#rusija	O
#ruski	O
#jezik	O
#kultura	O
#rječnik	O
#leksik	O

i	O
nisu	O
znali	O
jesu	O
li	O
više	O
voljeli	O
to	O
svoje	O
ili	O
to	O
njihovo	O
.	O

na	O
konferenciji	O
o	O
demokraciji	O
brišem	O
prstom	O
sa	O
zapešća	O
tragove	O
noćnog	O
života	O

meni	O
zvuči	O
ko	NORM_1WORD
prilivanje	NORM_1WORD
iz	O
šupljeg	O
u	O
prazno	O
.	O

@kresendo	O
jer	O
svi	O
zanemaruju	O
onih	O
500	O
milijona	NORM_1WORD
kineza	O
šta	NORM_1WORD
kopaju	O
tunele	O
prema	O
svim	O
već	NORM_1WORD
gradovima	O
svita	NORM_1WORD
...	O

“	O
@goranbralo	O
:	O
/	O
2013	O
>	O
2014	O
>	O
”	O

onda	O
možemo	O
dalje	O
.	O

ispuni	O
glavu	O
radosnim	O
mislima	O
,	O
srce	O
pomirljivošću	O
,	O
dobrotom	O
,	O
radošću	O
,	O

anydrop	O
3	O
tweak	O
omogućava	O
slanje	O
bilo	O
kog	NORM_1WORD
file-a	NORM_1WORD
airdrop	O
servisom	O
:	O
anydrop	O
,	O
popularni	O
tweak	O
koji	O
omogu	NORM_1WORD
...	O

@demonskot	O
naše	O
pivo	O
zasad	O
je	O
dostupno	O
u	O
hrvatskoj	O
,	O
bih	O
,	O
australiji	O
i	O
sloveniji	O
.	O

plave	O
definitivno	O
ubijaju	O

"	O
bog	O
me	O
tada	O
poučavao	O
kao	O
što	O
učitelj	O
poučava	O
učenika	O
.	O
"	O

sometimes	O
a	O
small	O
meal	O
bring	NORM_1WORD
a	O
huge	O
satisfaction	O
!	O

frente	O
bruno	O
koić	O
javi	O
se	O
u	O
inbox	O
sa	O
adresom	O
na	O
koju	O
da	O
ti	O
pošaljemo	O
majcu	NORM_1WORD
.	O

kada	O
poznaješ	O
barem	O
jednog	O
taxista	NORM_1WORD
u	O
stranoj	O
zemlji	O
u	O
kojoj	O
živiš	O
,	O
i	O
koji	O
ti	O
hoće	O
doć	NORM_1WORD
upalit	NORM_1WORD
auto	O
-	O
nisi	O
sam	O

jucer	NORM_1WORD
je	O
neko	NORM_1WORD
povukao	O
kap	O
do	O
dvije	O
muja	NORM_1WORD
sa	O
dna	O
bacve	NORM_1WORD
,	O
i	O
danas	O
je	O
mamuran	O
.	O

od	O
sutra	O
do	O
petka	O
idemo	O
sa	O
#marketing	O
medness-om	NORM_1WORD
!	O

posiljke	NORM_1WORD
iz	O
uk	O
(	O
od	O
kojih	O
stalno	O
narucujem	NORM_1WORD
)	O
za	O
3	O
-	O
6	O
dana	O
odkad	NORM_1WORD
smo	O
u	O
eu	O
!	O

http://t.co/zfedfp4v	O
via	O
@independent	O

@cedomirarnaut	O
hocu	NORM_1WORD
reci	NORM_1WORD
da	O
je	O
svijet	O
bio	O
normalnije	O
mjesto	O
kada	O
je	O
bila	O
neka	O
ravnoteza	NORM_1WORD
.	O

@dmerlic	O
u	O
pressingu	O
u	O
20	O
h	O
s	O
#miljenic	O
@andrejplenkovic	O
@tpicula	O
http://t.co/vzfas7vxvi	O
#n1info	O

još	O
se	O
nije	O
rodio/la	O
ona	O
/	O
onaj	O
koji	O
bi	O
ovom	O
narodu	O
ugodio	O
....	O

ako	O
10	O
puta	O
izgovorite	O
neku	O
laž	O
,	O
pritom	O
da	O
vjerujete	O
u	O
to	O
,	O
ona	O
će	O
se	O
ostvariti	O
...	O

zach	O
braff	O
i	O
harry	O
styles	O
skupa	O
na	O
sundanceu	O
,	O
oj	O
pa	O
ubacite	O
mi	O
još	O
bradleyja	O
coopera	O
i	O
svrstajte	O
to	O
pod	O
sve	O
kategorije	O
pornografije	O
.	O

ne	O
znam	O
hocu	NORM_1WORD
li	O
izdrzati	NORM_1WORD
do	O
kraja	O
filma	O

kako	O
to	O
da	O
je	O
u	O
ovom	O
tkalča	O
pubu	O
dozvoljeno	O
pušenje	O
gdje	O
serviraju	O
hranu	O
?	O

-	O
kraj	O
članka	O

ostavljam	O
ves	NORM_1WORD
na	O
balkonu	O
.	O

šibe	O
:	O
bol	O
...	O
i	O
khm	O
...	O
zadovoljstvo	O
.	O

mini	O
sjecko	O
,	O
maxi	O
,	O
ultra	O
,	O
lefty	O
,	O
happy	O
choppy	O
...	O

molimo	O
vas	O
odgovorite	O
nam	O
,	O
znate	O
li	O
koja	O
nam	O
velika	O
izložba	O
stiže	O
u	O
zagreb	O
i	O
znamo	O
li	O
dovoljno	O
o	O
takvim	O
događajima	O
?	O

ja	O
sam	O
stvarno	O
poremecen	NORM_1WORD
,	O
a	O
nisam	O
nekad	O
bio	O
.	O

ne	O
vjeruj	O
ljudima	O
koji	O
kazu	NORM_1WORD
da	O
kontiki	O
nije	O
sladoled	O
.	O

bravo	O
kretenu	O
,	O
odabrao	O
si	O
trenutak	O
!	O

još	O
malo	O
pa	O
ćemo	O
prestić	NORM_1WORD
dinu	O
jelušića	NORM_1WORD
:d	O

tehnološka	O
revolucija	O
koja	O
kuca	O
na	O
vrata	O
-	O
3d	O
printanje	O
http://t.co/nuoew42gfb	O
#svijet	O
#znanost	O
#tehnologija	O
#industrija	O
#3d	O
#printanje	O

#masha	O

ti	O
neki	O
ljudi	O
koji	O
imaju	O
ljubomorne	O
partnere	O
za	O
koje	O
nije	O
jasno	O
uopće	O
na	O
šta	NORM_1WORD
su	O
pali	O
i	O
na	O
šta	NORM_1WORD
imaju	O
bit	NORM_1WORD
ljubomorni	O

pokažite	O
svoj	O
obrt	O
na	O
google	O
karti	O
-	O
neka	O
vas	O
pronađu	O
oni	O
koji	O
traže	O
http://t.co/ti1imsxgwq	O
#zagreb	O

tiha	O
,	O
naša	O
,	O
jedna	O
.	O

a	O
parfemi	O

pokušavam	O
kupovati	O
na	O
ebayju	O
,	O
ali	O
mi	O
se	O
stalno	O
prikazuje	O
ovo	O
:	O
"	O
we	O
are	O
not	O
able	O
to	O
process	O
your	O
payment	O
using	O
your	O
paypal	O
account	O
...	O

uzalud	O
potraćena	O
3	O
sata	O
.	O

@fluoxetinum	O
ja	O
se	O
jučer	O
prvi	O
puta	O
družio	O
sa	O
wp	O
.	O

home	O
sweet	O
home	O
.	O

sorit	O
će	O
mi	O
roger	O
zid	O
pa	O
će	O
bit	NORM_1WORD
di	NORM_1WORD
si	O
bija	NORM_1WORD
nigdi	NORM_1WORD
,	O
šta	NORM_1WORD
si	O
radija	NORM_1WORD
ništa	O
situacija	O

never	O
judge	O
people	O
by	O
their	O
appearance	O
:	O
http://t.co/5apk8ufbs0	O

pokušala	O
sam	O
se	O
sjetiti	O
neke	O
svoje	O
tajne	O
i	O
nisam	O
mogla	O
pa	O
sam	O
panično	O
pitala	O
frendicu	O
jel	NORM_1WORD
imam	O
neku	O
tajnu	O

novi	O
app	O
za	O
andriod	O
-	O
lokator	O
javnih	O
kuhinja	O
ubožnica	O
i	O
dobro	O
opskrbljenih	O
kontejnera	O
.	O

hrvatski	O
telekom	O
će	O
svim	O
stradalnicima	O
u	O
prihvatnim	O
centrima	O
na	O
područjima	O
stradalima	O
od	O
poplave	O
osigurati	O
besplatni	O
internet	O
i	O
wi-fi	O
zone	O
..	O

not	O
good	O
,	O
right	O
?	O

odabrali	O
smo	O
najbolje	O
epizode	O
do	O
sada	O
:	O
http://t.co/s710scoli1	O
#thewalkingdead	O

a	O
odlična	O
je	O
samo	O
ljudima	O
koji	O
nikad	O
nisu	O
daljinski	O
vidjeli	O
.	O

evo	O
za	O
sve	O
stalkere	O
i	O
koji	O
se	O
tako	O
osjećaju	O
..	O

hvala	O
svima	O
!	O

kad	O
me	O
neko	NORM_1WORD
pita	O
:	O
'	O
a	O
taj	O
twitter	O
,	O
koja	O
je	O
to	O
fora	O
?	O
'	O

shellac	O
imaju	O
novi	O
album	O
koga	O
briga	O
"	O
dude	O
incredible	O
"	O
i	O
naslov	O
perfect	O
fits	O
all	O
sizes	O
.	O

čim	O
dublje	O
zalazim	O
u	O
entity	O
framework	O
sve	O
je	O
beskorisniji	O
.	O

@nikolaleder	O
da	O
:))	O

@tajanasumecki	O
nadam	O
se	O
da	O
se	O
jednoga	O
lijepoga	O
dana	O
budemo	O
sve	O
lijepo	O
susrele	O
...	O

imaš	O
sobu	O
,	O
imaš	O
vrtal	O
,	O
kar	O
i	O
bićikletu	NORM_1WORD
ča	NORM_1WORD
ne	O
želiš	O
ča	NORM_1WORD
ne	O
želiš	O
onu	O
marijetu	O
?	O

prije	O
ću	O
u	O
čekaonici	O
umrijeti	O
od	O
hladnoće	O
nego	O
će	O
mi	O
'	O
hitna	O
'	O
pomoći	O
.	O

dino	O
merlin	O
-	O
teško	O
meni	O
sa	O
tobom	O
:	O
http://t.co/j59jjla0jx	O
via	O
@youtube	O
#mrkva	O
#prijateljstvo	O
#ljubav	O
#dinomerlin	O
#kiša	O
#kesten	O
#muzika	O
#love	O

bratušek	O
spremna	O
na	O
ostavku	O
,	O
ali	O
...	O

okej	O
,	O
to	O
sto	NORM_1WORD
cujem	NORM_1WORD
susjede	O
da	O
se	O
bude	O
me	O
podsjetilo	O
da	O
bi	NORM_1WORD
trebala	O
poc	NORM_1WORD
spavat	NORM_1WORD
,	O
not	O
normal	O
.	O

konstantno	O
3	O
>	O
%	O
no	O
me	O
gusta	O
za	O
battery	O
life	O
:d	O

sanjala	O
sam	O
stalkera	O
da	O
imam	O
.	O

kako	O
uvesti	O
bebi	O
kasice	NORM_1WORD
,	O
moze	NORM_1WORD
ujutru	NORM_1WORD
voce	NORM_1WORD
a	O
popodne	O
povrce	NORM_1WORD
ili	O
?	O

....	O
://	O

obučena	O
all	O
black	O
,	O
timberlands	O
na	O
nogama	O
,	O
lanac	O
oko	O
vrata	O
,	O
kanye	O
laje	O
i	O
vozikam	O
se	O
okolo	O
.	O

istraživanje	O
:	O
više	O
od	O
4	O
h	O
pred	O
tv-om	O
dnevno	O
vs.	O
1	O
h	O
mise	O
u	O
nedjelju	O
.	O

kada	O
blokiram	O
kontakt	O
na	O
whats	NORM_1WORD
,	O
koju	O
info	NORM_1WORD
javlja	O
osobi	O
koja	O
uporno	O
zeli	NORM_1WORD
poslati	O
poruku	O
?	O

i	O
can	O
never	O
understand	O
why	O
...	O

pažnja	O
pažnja	O
,	O
ovo	O
je	O
važna	O
obavijest	O
.	O

reading	O
@crosound	O
"	O
bože	O
čuvaj	O
anđela	O
moga	O
...	O

najljepša	O
pjesma	O
svjetskog	O
prvenstva	O
u	O
nogometu	O
2014.	O

hrvatska	O
uživo	O
:	O
vladin	O
plan	O
za	O
smanjivanje	O
broja	O
županija	O
i	O
povezivanje	O
u	O
pet	O
regija	O
naišao	O
na	O
otpor	O
župana	O
.	O

vjeran	O
piršić	O
:	O
posljedice	O
tranzita	O
kemijskog	O
oružja	O
mogu	O
biti	O
pogubne	O
http://t.co/sppt1bmrqj	O
via	O
@sharethis	O

tipa	O
dize	NORM_1WORD
im	O
se	O
na	O
slike	O
picaka	NORM_1WORD
sa	O
indexa	O
i	O
to	O
.	O

konacno	NORM_1WORD
znam	O
kako	O
cu	NORM_1WORD
na	O
ifa-u	O
.	O

..	O
ko	NORM_1WORD
ide	O
u	O
kino	O

http://t.co/o0nzelrge6	O
#omizio	O

kaže	O
mi	O
apotetka	O
u	O
ljekarni	O
da	O
spavam	O
sa	O
zatvorenim	O
prozorom	O
,	O
zbog	O
alergije	O
.	O

lakše	O
mi	O
je	O
tako	O
.	O

#elita	O
#puk	O
#drustvo	O
#klasa	O
#siromasi	O
#pustos	O
#duh	O
#glumci	O
#koma	O

http://t.co/x3celr1mm7	O
@ecrgroup	O

recimo	O
,	O
ovima	O
sto	NORM_1WORD
su	O
napravili	O
film	O
"	O
veliki	O
gatsby	O
"	O
.	O

and	O
thank	O
you	O
for	O
that	O
sista	NORM_1WORD
.	O

kako	O
bilo	O
,	O
you're	O
a	O
true	O
pal	O
!	O

@5usurrus	O
tj	NORM_1WORD
"	O
živim	O
u	O
iluziji	O
da	O
će	O
doći	O
dan	O
kad	O
mi	O
drugi	O
neće	O
trebati	O
jer	O
uopće	O
ne	O
shvaćam	O
koncept	O
društva	O
"	O

:)	O

metroseksualac	O
san	NORM_1WORD
ja	O
,	O
nemogu	NORM_1WORD
one	O
toliko	O
rast	NORM_1WORD
doli	NORM_1WORD
koliko	O
ih	O
ka	NORM_1WORD
mogu	O
mašinon	NORM_1WORD
ostrič	NORM_1WORD

eh	O
,	O
kad	O
u	O
nedjelju	O
navečer	O
izgubiš	O
živce	O
na	O
excel-ici	NORM_1WORD
i	O
poželim	O
ju	O
ne	O
vidjeti	O
bar	O
jedno	O
desetljeće	O
.	O

ali	O
npr.	O
tko	O
vidi	O
da	O
je	O
obr.	O
i	O
znanost	O
2	O
x	O
više	O
od	O
zaj.	O
poslova	O
?	O

fuck	O
everything	O
.	O

prolazak	O
nekih	O
u	O
drugi	O
krug	O
bi	O
jasno	O
dalo	O
do	O
znanja	O
da	O
je	O
velik	O
dio	O
gradjana	NORM_1WORD
za	O
radikalni	O
zaokret	O
u	O
desno	O
.	O

@abrakebabraos	O
za	O
keb.	O

velika	O
gorica	O
je	O
za	O
vas	O
pripremila	O
koncert	O
gudačkog	O
kvarteta	O
sebastijan	O
.	O

work	O
hard	O
and	O
keep	O
your	O
computer	O
clean	O
.	O

valjda	O
je	O
kod	O
ovog	O
ovlazivaca	NORM_1WORD
najgora	O
stvar	O
to	O
sto	NORM_1WORD
moram	O
na	O
svakom	O
punjenju	O
sve	O
settings	O
vracati	NORM_1WORD
uz	O
nuzno	NORM_1WORD
beep	O
beep	O
na	O
svakom	O
dugmetu	O
.	O

@hbujas	O
nikad	O
zadovoljni	O
.	O

kanal	O
sport	O
tv2	O

pravoslavne	O
crkve	O
bez	O
problema	O
zaređuju	O
oženjene	O
bogoslove	O
(	O
dipl.	O
teologe	O
)	O
,	O
što	O
je	O
nekad	O
činila	O
i	O
kc	O

mene	O
zanima	O
tko	O
to	O
ovoj	O
arogantnoj	O
djeci	O
iz	O
#vip-a	O
plaća	O
tu	O
tarifu	O
dok	O
oni	O
govore	O
kako	O
su	O
mladi	O
?	O

jedva	O
čekam	O
da	O
mi	O
sutra	O
noge	O
otkažu	O
poslušnost	O
što	O
bi	O
rekla	O
rebecca	O
black	O
fun	O
fun	O
fun	O
which	O
seat	O
can	O
i	O
take	O
.	O

ima	O
svakakvih	O
komentara	O
,	O
ovo	O
je	O
pomak	O
a	O
u	O
kom	NORM_1WORD
smjeru	O
,	O
nek	NORM_1WORD
vrime	NORM_1WORD
kaže	O

ne	O
vjeruj	O
ballmeru	O
ni	O
kad	O
darove	O
nosi	O
!	O

jest	O
da	O
sam	O
uglavnom	O
happy-go-lucky	O
cheshire	O
cat	O
vrsta	O
net	O
osobe	O
,	O
no	O
ni	O
ja	O
nisam	O
hodajući	O
disneyland	O
.	O

aj	NORM_1WORD
ti	O
u	O
kurac	O
s	O
tim	O
askom	O
,	O
ako	O
nekog	O
zanima	O
otić	NORM_1WORD
će	O
i	O
pogledat	NORM_1WORD
,	O
a	O
ne	O
svako	O
jebeno	O
pitanje	O
da	O
objavljuješ	O
.	O

danas	O
navijam	O
za	O
brazil	O
,	O
samo	O
zato	O
sto	NORM_1WORD
uvijek	O
ispadnu	O
oni	O
za	O
koje	O
navijam	O
:)	O

dosta	O
mi	O
je	O
nine-to-five	O
kancelarijskog	O
životarenja	O
.	O

zahtijevam	O
ugly	O
pride	O
za	O
sve	O
nas	O
"	O
visually	O
challenged	O
people	O
"	O
,	O
da	O
ukazemo	NORM_1WORD
na	O
tu	O
diskriminaciju	O
.	O

#ftw	O

..	O
onog	O
trena	O
kada	O
je	O
znanost	O
podlegla	O
kapitalizmu	O
tj	NORM_1WORD
novcu	O
..	O
izgubila	O
je	O
vjerodostojnost	O
.	O

za	O
požar	O
na	O
#msu	O
koji	O
je	O
uzbunio	O
#zagreb	O
'	O
kriv	O
'	O
je	O
fabian	O
k.	O
http://t.co/9hnr9mpiks	O
cc	O
@letecireporter	O

....	O
natalija	O
??	O

po	O
drugi	O
put	O
danas	O
da	O
mi	O
muha	O
uletjela	O
u	O
usta	O
,	O
to	O
je	O
neki	O
znak	O
da	O
i	O
just	O
need	O
to	O
shut	O
the	O
fuck	O
up	O
.	O

čak	O
sam	O
se	O
pomalo	O
zaljubio	O
.	O

@hrvatskitelekom	O
to	O
mi	O
nemojte	O
gooriti	NORM_1WORD
.	O

@alexholiga	O
nisam	O
bio	O
zavaran	O
s	O
velikom	O
igrom	O
dinama	O
.	O

nema	O
dostojnog	O
protivnika	O
.	O

bruno	O
šimleša	O
-	O
predavanje	O
`	O
kako	O
naša	O
psiha	O
utječe	O
na	O
zdravlje	O
?	O
`	O

pa	O
seli	O
!	O

hvala	O
!	O

složi	O
svoju	O
#deezer	O
playlistu	O
i	O
tweetaj	O
ju	O
uz	O
#deezerinmusic	O
.	O

#medvescak	O
#preseason	O
#khl	O

lastane	O
?!	O

nona	O
je	O
u	O
99.	O
blaga	O
,	O
mirna	O
osoba	O
.	O

svi	O
su	O
jebali	O
svako	O
pero	O
na	O
glupoj	O
flappy	O
bird	O
,	O
a	O
dns	NORM_1WORD
svi	O
placu	NORM_1WORD
jer	O
se	O
vise	NORM_1WORD
nemre	NORM_1WORD
skinut	NORM_1WORD
.	O

what	O
if	O
#gameofthrones	O
was	O
a	O
#hitchcock	O
movie	O
?	O

plus	O
ne	O
mogu	O
vise	NORM_1WORD
bez	O
wc-a	O
mater	O
vam	O
jebem	O
!!!!	O

zanima	O
vas	O
marketing	O
na	O
googleu	O
i	O
društvenim	O
mrežama	O
?	O

a	O
evo	O
sad	O
istinite	O
priče	O
,	O
koja	O
baš	O
i	O
nije	O
smiješna	O
.	O

remek	NORM_1WORD
.	O

koliko	O
se	O
rusa	O
samo	O
srušilo	O
od	O
votke	O
danas	O
...	O

to	O
šti	NORM_1WORD
voda	O
teče	O
u	O
susjednoj	O
prostoriji	O
ne	O
znači	O
da	O
je	O
netko	O
tu	O
.	O

@brookadler	O
matic	NORM_1WORD
je	O
ok	O
.	O

prika	O
me	O
vozija	NORM_1WORD
doma	O
nakon	O
kina	O
,	O
puklo	O
ga	O
uć	NORM_1WORD
u	O
kazino	O
bacit	NORM_1WORD
50	O
kuna	O
,	O
ja	O
kažem	O
nemoj	O
,	O
on	O
ipak	O
uša	NORM_1WORD
i	O
onda	O
izaša	NORM_1WORD
s	O
2	O
keke	O
.	O

uglavnom	O
nema	O
izlaza	O
dok	O
se	O
vlast	O
ne	O
promjeni	NORM_1WORD
totalno	O
iz	O
temelja	O
,	O
što	O
se	O
neće	O
desit	NORM_1WORD
:)	O

inače	O
sam	O
protiv	O
bilo	O
kakvih	O
parada	O
i	O
sličnih	O
sranja	O
,	O
ali	O
kad	O
vidim	O
s	O
kim	O
sam	O
sve	O
u	O
skupini	O
,	O
onda	O
sam	O
za	O
.	O

he	O
he	O
he	O
....	O

radim	O
od	O
doma	O
i	O
moral	NORM_1WORD
sam	O
na	O
novu	O
godinu	O
tražiti	O
ljude	O
od	O
kojih	O
bi	O
mogel	NORM_1WORD
raditi	O
.	O

i	O
u	O
7.	O
i	O
u	O
8.	O
i	O
cijelu	O
srednju	O
i	O
na	O
faksu	O
...	O

ja	O
sad	O
odlazim	O
u	O
karantenu	O
.	O

ma	O
nije	O
tražia	NORM_1WORD
puno	O
jer	O
je	O
samo	O
jedan	O
dan	O
htia	NORM_1WORD
biti	O
poželjan	O
,	O
a	O
možda	O
bi	O
i	O
onda	O
sam	O
odusta	NORM_1WORD
.	O

cure	O
mojih	O
godina	O
imaju	O
2	O
-	O
3	O
djece	O
a	O
ja	O
sam	O
4.	O
godina	O
faxa	NORM_1WORD
i	O
tek	O
sam	O
stavila	O
aparatic	NORM_1WORD
za	O
zube	O
.	O

ja	O
sam	O
dovoljno	O
daleko	O
,	O
ali	O
teta	O
ima	O
25	O
cm	O
vode	O
u	O
podrumu	O
.	O

awesome	O
!	O

jako	O
hocu	NORM_1WORD
nastavit	NORM_1WORD
gledat	NORM_1WORD
mentalista	O
ali	O
je	O
toliko	O
veliko	O
i	O
komplicirano	O
sve	O
postalo	O
a	O
ja	O
se	O
uzasno	NORM_1WORD
lako	O
izivciram	NORM_1WORD
na	O
gluposti	O

noćas	O
sam	O
sanjao	O
neki	O
"	O
event	O
"	O
,	O
a	O
voditelj	O
je	O
bio	O
-	O
joso	O
krmpotić	O
!!	O

@zdravodrakulo	O
ne	O
družim	O
se	O
s	O
dovoljno	O
60	O
+	O
ekipe	O
koja	O
koristi	O
izraze	O
poput	O
"	O
ljubim	O
ruke	O
milostiva	O
"	O

okroška	O
,	O
čorba	O
od	O
kvasa	O
i	O
kefira	O
http://t.co/zwf2qmcfnf	O
#okroška	O
#kuhinja	O
#recept	O
#rusija	O
#kultura	O
#kvas	O
#čorba	O
#juha	O
#ruska	O
#kefir	O
#ukusno	O

i	O
još	O
me	O
antun	O
cimno	NORM_1WORD
za	O
post	O
.	O

npr	NORM_1WORD
on	O
.	O

@pearsawfly	O
čak	O
ni	O
hrvatski	O
jezični	O
portal	O
nije	O
uvrstio	O
to	O
u	O
svoju	O
bazu	O
,	O
držat	O
ću	O
se	O
ja	O
i	O
dalje	O
njih	O
:o)	O

lahka	NORM_1WORD
noc	NORM_1WORD
.	O

*	O
pleše	O
*	O

zapošljavamo	O
jednog	O
linux	O
administratora/icu	O
i	O
dva	O
mobile	O
app	O
developera/ku	NORM_1WORD
..	O
http://t.co/rbxqzhlrhv	O
!	O

samo	O
zato	O
što	O
je	O
smrznut	O
.	O

@frankoccean	O
http://t.co/2w81a7y28h	O
#wealltry	O

navodno	O
i	O
sandra	O
echeverria	O
ulazi	O
u	O
bitku	O
za	O
protagonisticu	O
#algodemi	O
od	O
giselle	O
gonzalez	O
!	O

davanje	O
krvi	O
-	O
osim	O
osjećaja	O
dobrog	O
djela	O
,	O
uvijek	O
je	O
prisutno	O
(	O
još	O
neobjašnjivo	O
)	O
poboljšanje	O
raspoloženja	O
...	O

u	O
#autokreso	O
trgovine	O
stigla	O
su	O
nova-stara	NORM_1WORD
#teroson	O
ljepila	O
i	O
brtvila	O
..!	O

poludim	O
.	O

jeste	O
primjetili	NORM_1WORD
?	O

jebeš	O
bioritam	O
.	O

uopće	O
ne	O
znam	O
otkud	O
to	O
uvjerenje	O
dođe	O
?	O

ok	O
update	O
:	O
proradio	O
je	O
komp	O
...	O

slobodno	O
me	O
dodajte	O
na	O
skype	O
:	O
maydayy2	O

i	O
onak	NORM_1WORD
se	O
budim	O
i	O
gledam	O
wajf	NORM_1WORD
kaj	NORM_1WORD
bu	NORM_1WORD
rekla	O
,	O
a	O
ono	O
san	O
..	O
phew	O
!	O

uz	O
retvitove	NORM_1WORD
,	O
robot	O
slaviša	O
sad	O
kuži	O
i	O
mentione	O
i	O
hashtagove	O
.	O

i	O
ko	NORM_1WORD
je	O
onda	O
tu	O
lud	O
?	O

tolerirati	O
netoleranciju	O
zbog	O
tolerancije	O
je	O
kao	O
tolerirati	O
provalnika	O
u	O
vlastitom	O
stanu	O
zbog	O
slobode	O
kretanja	O
!	O

#beertija	O
#rijeka	O
#ily	O

ako	O
da	O
-	O
nominiram	O
ovim	O
putem	O
prijenos	O
alke	O
.	O

broj	O
pregleda	O
na	O
njuškalu	O
raste	O
k'o	NORM_1WORD
blesav	O
.	O

@povracacu	O
ja	O
sam	O
jednom	O
ljubavniku	O
persirala	O
i	O
nakon	O
prvog	O
seksa	O
.	O

želi	O
li	O
netko	O
android	O
mobitel	O
i	O
to	O
sony	O
xperia	O
z	O
,	O
crni	O
,	O
nov	O
,	O
vodootporan	O
,	O
svemrežno	O
raspoložen	O
i	O
nadasve	O
prekokrasan	NORM_1WORD
nek	NORM_1WORD
me	O
cimne	O
.	O

lajna	O
postala	O
festivalska	O
,	O
kjuki	O
zaspo	NORM_1WORD
taman	O
kad	O
smo	O
se	O
trebali	O
ko	NORM_1WORD
ljudi	O
popičkarat	NORM_1WORD
,	O
bzo	NORM_1WORD
će	O
unforgiven	O
...	O

opet	O
čekaj	O

ima	O
li	O
neka	O
nagrada	O
za	O
najdosadniji	O
tv	O
dogadaj	NORM_1WORD
sezone	O
?	O

#pobjeda	O

@myrthica	O
mislim	O
da	O
njoj	O
nije	O
ništa	O
već	O
ti	O
dodje	NORM_1WORD
kao	O
neki	O
zahtjev	O
preko	O
itunesa	O
kad	O
spojis	NORM_1WORD
na	O
komp	O
ajfon	O
@mademoisellel_	O

niče	O
titaniče	O
,	O
čujemo	O
kako	O
nas	O
hvališ	O
na	O
svojem	O
fejsbuk	NORM_1WORD
profilu	O
.	O

cilj	O
je	O
zaštiti	O
branitelje	O
.	O

a	O
i	O
scarlett	O
me	O
nasekirala	O

čemu	O
tolika	O
buka	O
oko	O
novog	O
zakona	O
o	O
radu	O
i	O
što	O
nas	O
čeka	O
u	O
2014.	O
godini	O
http://t.co/2hpevukaen	O
via	O
@gjaric	O

čini	O
mi	O
se	O
da	O
te	O
je	O
trener	O
stavija	NORM_1WORD
na	O
poziciju	O
koja	O
ti	O
baš	O
ne	O
odgovara	O
.	O

ali	O
špica	O
i	O
jinglovi	O
u	O
novoj	O
htv-ovoj	O
emisji	O
o	O
kuturi	NORM_1WORD
-	O
ajme	O
i	O
ku	O
ku	O
.	O

#politikahr	O

pregradit	O
ćemo	O
veliki	O
pogon	O
i	O
pustit	NORM_1WORD
još	O
mali	O
broj	O
ulaznica	O
u	O
prodaju	O
za	O
subotni	NORM_1WORD
retrostep	O
.	O

scary	O
really	O

cipele	O
koje	O
mi	O
se	O
baš	O
jako	O
jako	O
svidjaju	NORM_1WORD
su	O
na	O
dodatnom	O
sniženju	O
,	O
a	O
ja	O
još	O
važem	O
da	O
li	O
kupiti	O
ili	O
ne	O
.	O

ćaća	O
se	O
sitio	NORM_1WORD
neke	O
engleske	O
pisme	NORM_1WORD
koju	O
su	O
slušali	O
u	O
vojsci	O
u	O
pirotu	O
'79	O
,	O
naša	NORM_1WORD
je	O
na	O
yt	NORM_1WORD
i	O
sad	O
ima	O
izraz	O
lica	O
ko	NORM_1WORD
dite	NORM_1WORD
kad	O
mu	O
daš	O
poklon	O
.	O

da	O
ne	O
bi	O
bila	O
mauna	O
,	O
jel	NORM_1WORD
.	O

http://t.co/vdsnuykygp	O
#hotelnacional	O

idealna	O
subota	O
uvijek	O
sam	O
mastala	NORM_1WORD
o	O
ovakvim	O
pustolovinama	O
da	O
zapnem	O
u	O
nekoj	O
pripizdini	O
sama	O
,	O
gladna	O
,	O
zedna	NORM_1WORD
i	O
bijesna	O

zaboravili	O
su	O
napomenuti	O
da	O
i	O
osobni	O
dohodak	O
ide	O
dolje	O
,	O
dakle	O
manji	O

@nedeljko	O
danas	O
se	O
zbog	O
raširenosti	O
polažu	O
oba	O
.	O

bar	O
da	O
imaju	O
razlog	O
.	O

bravo	O
medvjedi	O
!	O

nakon	O
hr	O
,	O
sada	O
imamo	O
i	O
sr	O
kuhare	O
na	O
ftv	O
.	O

u	O
tami	O
crnogorskog	O
disco	O
kluba	O
prilazi	O
momak	O
djevojci	O
.	O

pa	O
on	O
je	O
u	O
predizbornoj	O
kampanji	O
još	O
od	O
prošlih	O
izbora	O
.	O

baš	O
smo	O
teniska	O
velesila	O
.	O

upravo	O
gledam	O
film	O
o	O
steveu	O
jobsu	O
i	O
ako	O
su	O
autentični	O
podaci	O
onda	O
je	O
jobs	O
bio	O
govno	O
od	O
čovjeka	O
.	O

slažem	O
neke	O
knjige	O
i	O
bilježnice	O
iz	O
nižih	O
razreda	O
i	O
u	O
isti	O
me	O
tren	O
preplavljuju	O
divne	O
uspomene	O
i	O
nesnošljiv	O
sram	O

'	O
kolegijali	O
'	O
istocno	NORM_1WORD
od	O
6:30	O
h	O
,	O
nocimo	NORM_1WORD
sa	O
zapadom	O
.	O

iz	O
proračuna	O
uzeli	O
do	O
900	O
tisuća	O
kuna	O

pa	O
da	O
posaljemo	NORM_1WORD
u	O
ameriku	O
i	O
afriku	O
ove	O
zgodne	O
lopove	O
koje	O
imamo	O
pa	O
da	O
ih	O
tamo	O
malo	O
crnci	O
obrade	O

@marsfields	O
al	NORM_1WORD
to	O
jedino	O
oni	O
mogu	O

#samokažem	O

ne	O
mrzim	O
jadne	O
prosjake	O

bilanca	O
dosadašnjeg	O
izraelskog	O
raketiranja	O
:	O
583	O
ubijenih	O
osoba	O
http://t.co/gkq33koaqz	O
#gazaunderattack	O

ni	O
ne	O
mogu	O
postati	O
ovisan	O
o	O
flappy	O
bird	O
kad	O
sam	O
nesposoban	O
za	O
score	O
veci	NORM_1WORD
od	O
2	O
i	O
razvijanje	O
ovisnosti	O
.	O

not	O
croatian	O
problems	O
....	O
dogovorite	O
se	O
jebte	NORM_1WORD
!	O

@zdravkasimek	O
@nandinoloncar	O
;)	O

predugo	O
.	O

-	O
http://t.co/owloocbaed	O
mathieu	O
carle	O
#medvescak	O
powered	O
by	O
fans	O
#khl	O
#medvescak28	O

kako	O
neki	O
dolaze	O
popravljati	O
stare	O
tetovaže	O
nekom	O
novom	O
,	O
tako	O
neke	O
cure	O
dolaze	O
"	O
jel	NORM_1WORD
mi	O
moš	NORM_1WORD
u	O
ove	O
strije	O
ukomponirat	NORM_1WORD
neku	O
cool	O
tetovažu	O
?	O
"	O

jedno	O
je	O
biti	O
opinionated	O
,	O
drugo	O
je	O
biti	O
potpuni	O
douchebag	O
.	O

livno	O
:	O
učenici	O
srednje	O
strukovne	O
škole	O
"	O
silvije	O
strahimir	O
kranjčević	O
"	O
osvojili	O
su	O
sredstva	O
za	O
financiranje	O
projekta	O
"	O
herrbi-berrbi	O
"	O
.	O

zapratio	O
me	O
'	O
a	O
magazine	O
for	O
people	O
who	O
couldn't	O
care	O
less	O
.	O
'	O
.	O

brzinski	O
ga	O
vraćao	O
.	O

pošto	O
sam	O
imao	O
priliku	O
probati	O
betu	O
nisam	O
baš	O
hrabar	O
:)	O

mislim	O
da	O
se	O
tu	O
nudi	O
manje	O
hrvatskih	O
stanova	O
/	O
kuca	NORM_1WORD
pa	O
je	O
mozda	NORM_1WORD
veca	NORM_1WORD
sansa	NORM_1WORD
da	O
te	O
netko	O
uoci	NORM_1WORD

vrlo	O
obećavajuće	O
:)	O

hrvatski	O
zastupnici	O
u	O
europskom	O
parlamentu	O
,	O
tonino	O
picula	O
i	O
davor	O
ivo	O
stier	O
,	O
danas	O
su	O
otputovali	O
u	O
sad	O
na	O
radni	O
sastanak	O
.	O

http://t.co/4uopeoqgsk	O
#energetika	O
#ucinkovitost	O
#obnovljivi	O

pogledajte	O
kakvo	O
je	O
stanje	O
u	O
kzž	O
.	O

prvi	O
communitycation	O
postigao	O
ciljeve	O
organizatora	O
:	O
"	O
komunicirajte	O
–	O
zabavite	O
se	O
–	O
naučite	O
nešto	O
novo	O
!...	O

iako	O
je	O
svim	O
medijima	O
u	O
srbiji	O
poslan	O
cijeli	O
izvjestaj	NORM_1WORD
antikorupcijske	O
lige	O
kojeg	O
smo	O
predali	O
europskoj	O
komisiji	O
nitko	O
ga	O
ne	O
smije	O
objaviti	O

a	O
uvijek	O
je	O
tu	O
i	O
block	O
u	O
real	O
life	O
.	O

da	O
se	O
barem	O
ovaj	O
spokoj	O
umorne	O
ugode	O
i	O
pročišćenog	O
uma	O
kod	O
povratka	O
s	O
basketa	O
protegne	O
i	O
na	O
ostatak	O
noći	O
i	O
dana	O
.	O

da	O
smo	O
ranije	O
u	O
povijesti	O
ti	O
bi	O
gorila	NORM_1WORD
na	O
lomači	O
!	O

kako	O
god	O
okrenem	O
,	O
vjetar	O
u	O
mene	O
...	O

dila	O
–	O
dramatična	O
ljubavna	O
priča	O
o	O
ljubavi	O
i	O
mržnji	O
,	O
zločinu	O
i	O
kazni	O
,	O
osveti	O
i	O
oprostu	O
http://t.co/x2wmovoztl	O
#dila	O
#novatv	O
#nova	O
#serija	O

#croatiacountdown	O
:	O
više	O
od	O
1200	O
otoka	O
,	O
sunce	O
,	O
more	O
,	O
ljeto	O
...	O

http://t.co/huwduxnj73	O
@sevefanclub	O
#homoizbori	O
#homofrend	O
@crol_hr	O

@kumpiric	O
@carmrznje	O
ne	O
dolazim	O
u	O
kontakt	O
s	O
takvim	O
ljudima	O
ili	O
sam	O
gluha	O
ili	O
jako	O
jako	O
selektivno	O
slušam	O

#represent	O
#hood	O
#privlax	O

rtl	O
:	O
australian	O
open	O
,	O
nepredvidljivo	O
vrijeme	O
,	O
visoke	O
temperature	O
koje	O
će	O
pasti	O
i	O
do	O
20	O
°	O
c	O
...	O

skužajte	O
,	O
falija	NORM_1WORD
san	NORM_1WORD
rt	O
@bujicarijeci	O
što	O
odabrati	O
između	O
izraza	O
"	O
sorry	O
"	O
,	O
"	O
izvini	O
"	O
,	O
"	O
oprosti	O
"	O
...?	O

@ivana_culjak	O
probaj	O
sa	O
"	O
dobar	O
dan	O
susjeda	O
"	O
pricom	NORM_1WORD
,	O
ti	O
si	O
tu	O
"	O
iz	O
dubrave	O
"	O
...	O

@vladarh	O
zahvalite	O
im	O
i	O
u	O
moje	O
ime	O
i	O
pitajte	O
ih	O
mogu	O
li	O
drugi	O
put	O
poslat	NORM_1WORD
prazne	O
boce	O
da	O
ljudi	O
imaju	O
sta	NORM_1WORD
skupljat	NORM_1WORD
po	O
kontejnerima	O

ne	O
kuzim	NORM_1WORD
ljude	O
koji	O
kazu	NORM_1WORD
da	O
su	O
u	O
nekom	O
proslom	NORM_1WORD
zivotu	NORM_1WORD
bili	O
npr	NORM_1WORD
psi	O
a	O
sada	O
laju	O
kao	O
ljudi	O
jos	NORM_1WORD
i	O
vise	NORM_1WORD
!	O

#lešinar	O

zadnja	O
dostava	O
koju	O
sam	O
zvala	O
je	O
rekla	O
"	O
zao	NORM_1WORD
mi	O
je	O
gospodicna	NORM_1WORD
,	O
pao	O
nam	O
je	O
dio	O
krova	O
na	O
auto	O
"	O

u	O
zadnjih	O
par	O
dana	O
,	O
najviše	O
govorim	O
:	O
"	O
cazzo	O
"	O
i	O
"	O
è	O
stato	O
un	O
piacere	O
"	O
,	O
u	O
prijevodu	O
"	O
kurac	O
"	O
i	O
"	O
bilo	O
mi	O
je	O
drago	O
"	O
.	O

rt	O
"	O
@bbrankica	O
:	O
imam	O
26	O
godina	O
i	O
nikad	O
nisam	O
jela	O
burek	O
"	O
”	O

a	O
jebate	NORM_1WORD
,	O
imam	O
fb	O
,	O
tviter	NORM_1WORD
,	O
g+	O
gtalk	O
,	O
hangout	O
,	O
stvarno	O
mi	O
fali	O
jos	NORM_1WORD
samo	O
omegle	O
za	O
spiku	O
s	O
ljudima	O
koje	O
nikad	O
necu	NORM_1WORD
vidjeti	O
...	O

anoreksija	O
je	O
gadna	O
stvar	O
.	O

ne	O
želim	O
reći	O
told	O
you	O
so	O
,	O
ali	O
to	O
je	O
možda	O
najbolji	O
hrvatski	O
trener	O
na	O
svijetu	O
.	O

@kresendo	O
@danijelonline	O
dali	O
su	O
ih	O
i	O
nba	O
klubovima	O
,	O
ali	O
ih	O
je	O
ekipa	O
zvala	O
ipadi	O
pa	O
je	O
išao	O
addendum	O
ugovora	O
,	O
"	O
not	O
to	O
be	O
referred	O
as	O
ipads	O
"	O
.	O

potpuno	O
se	O
poistovjećujem	O
:	O
“	O
bojim	O
se	O
da	O
izgledam	O
kao	O
šmokljan	O
kad	O
plešem	O
.	O

komunikacija	O
ne	O
poznaje	O
kanale	O
isto	O
kao	O
što	O
ljubav	O
ne	O
poznaje	O
godine	O
..	O

excellent	O
****	O

bam	O
!	O

ja	O
moram	O
jedno	O
6	O
-	O
7	O
puta	O
refreshati	O
da	O
se	O
to	O
makne	O
i	O
tako	O
već	O
tjednima	O
.	O

dobrodošli	O
!	O

doradio	O
sam	O
onaj	O
social	O
network	O
discovery	O
&	O
analysis	O
algoritam	O
.	O

@_drac0	O
jebemu	O
pokvario	O
mi	O
se	O
denon	O
tv	O
monitor	O
i	O
već	O
sam	O
ga	O
danas	O
zamijenio	O
i	O
kaže	O
frend	O
da	O
mu	O
je	O
to	O
prvi	O
koji	O
se	O
vrati	O
:)	O

@tinaleina_vale	O
nije	O
sve	O
u	O
sili	O
.	O

@zvjeronika	O
ja	O
inace	NORM_1WORD
imam	O
dosta	O
osjetljivu	O
kozu	NORM_1WORD
i	O
svake	O
godine	O
kupujem	O
kremu	O
sa	O
50	O
+	O
faktorom	O

pratite	O
nas	O
u	O
nedjelju	O
!	O

a	O
vi	O
?	O

pošto	O
najčešće	O
od	O
mene	O
izvire	O
hejt	O
,	O
eo	NORM_1WORD
da	O
ja	O
jednom	O
bar	O
širim	O
ljubav	O
....	O
i	O
love	O
so	O
much	O
shy	O
people	O
!!	O

ak	NORM_1WORD
misliš	O
da	O
ću	O
ti	O
ja	O
hodat	NORM_1WORD
negdi	NORM_1WORD
jer	O
ste	O
vi	O
veliki	O
law	O
office	O
-	O
krivo	O
.	O

svađa	O
u	O
saboru	O
:	O
milanović	O
:	O
svatko	O
se	O
češe	O
gdje	O
ga	O
najviše	O
svrbi	O
;	O

ah	O
well	O
.	O

neko	NORM_1WORD
zatvorio	O
žemsku	NORM_1WORD
autom	O
,	O
traži	O
ona	O
oko	O
kafane	NORM_1WORD
ko	NORM_1WORD
bi	O
to	O
moga	NORM_1WORD
bit	NORM_1WORD
,	O
dolazi	O
do	O
cara	O
i	O
pita	O
:	O
pardon	O
,	O
imate	O
vi	O
dizelaša	O
?	O

znanstvenici	O
su	O
dokazali	O
da	O
su	O
starija	O
braća	O
i	O
sestre	O
pametnija	O
od	O
mlađih	O
.	O

nova	O
pozicija	O
:	O
finance	O
and	O
accounting	O
controller	O
!	O

rat	O
grobara	O
:	O
tuku	O
se	O
,	O
svađaju	O
,	O
ali	O
i	O
opasno	O
prijete	O
konkurenciji	O
http://t.co/9s5drzncqi	O
via	O
@24sata_hr	O

@sevenwinters	O
ja	O
se	O
ne	O
zalim	NORM_1WORD
.	O

@pearsawfly	O
@marija_lugaric	O
za	O
mene	O
je	O
http://t.co/bbysvjkyml	O
...	O

ajmo	NORM_1WORD
svi	O
glas	O
severini	O
za	O
homofrenda	O
godine	O
!	O

@ivaamelie	O
definitivno	O
je	O
pokret	O
:d	O

uzima	O
se	O
prvi	O
coffee	O
to	O
go	O
i	O
kreće	O
na	O
bicikliranje	O
do	O
posla	O
u	O
records	O
storeu	O
.	O

bez	O
obzira	O
na	O
godine	O
i	O
iskustvo	O
,	O
još	O
uvijek	O
mogu	O
voljeti	O
bez	O
granica	O
i	O
kočnica	O
,	O
pod	O
cijenu	O
vlastite	O
propasti	O
.	O

chocolate	O
skulls	O
*	O
breathing	O
intensifies	O
*	O
http://t.co/9liiuava0y	O
via	O
@9gag	O

ja	O
i	O
dalje	O
ne	O
kužim	O
silnu	O
velevažnost	O
pokojne	O
princeze	O
dijane	NORM_1WORD
,	O
ali	O
dobro	O
.	O

(	O
nema	O
boljeg	O
posta	O
od	O
posta	O
s	O
gifovima	O
)	O
http://t.co/m18vms1vas	O
via	O
@pingponghr	O

http://t.co/vthpmocz4l	O
#lider_press	O

to	O
je	O
najsmijesnija	NORM_1WORD
stvar	O
koja	O
se	O
dogodila	O
prosle	NORM_1WORD
godine	O
.	O

pusić	O
i	O
bevanda	O
:	O
postoji	O
volja	O
da	O
se	O
pomogne	O
bih	O
na	O
putu	O
u	O
eu	O
|	O

marka	O
računala	O
:	O
lg	O
flatron	O
w1946s	O
.	O

lijepo	O
je	O
da	O
si	O
uplatio	O
a	O
di	NORM_1WORD
bi	O
je	O
ti	O
?	O

ili	O
ono	O
nešto	O
izmedju	NORM_1WORD
.	O

#nigelfarage	O
o	O
hr	O
.	O

da	O
ih	O
nije	O
...	O
pojeo	O
?	O

ili	O
ništa	O
.	O

ne	O
znam	O
na	O
twitter	O
staviti	O
link	O
vlastitog	O
statusa	O
na	O
fb	O
.	O

give	O
it	O
a	O
generation	O
or	O
two	O
...	O

već	O
zamišljam	O
vintage	O
snimke	O
dima	O
kako	O
se	O
uzdiže	O
nad	O
starbucksovom	O
kavom	O
.	O

super	O
,	O
a	O
kada	O
ćemo	O
napokon	O
biti	O
čovjek	O
,	O
kada	O
ćemo	O
biti	O
ljudi	O
?	O

http://t.co/7jnpkn6zdx	O
@miamilovcic	O
”	O

uzmeš	O
čitati	O
knjigu	O
,	O
a	O
ono	O
prijevod	O
nekog	O
učenika	O
sande	O
ndham	O
....	O

"	O
@purgerblack	O
:	O
pb	O
iz	NORM_1WORD
a	O
fan	O
ov	NORM_1WORD
rap	O
muzik	NORM_1WORD
!	O

@blueangel1802	O
mozes	NORM_1WORD
mislit	NORM_1WORD
-	O
mozda	NORM_1WORD
im	O
je	O
samo	O
bed	O
priznati	O
...	O

zašto	O
se	O
da	O
cilj	O
ne	O
bira	O
sredstvo	O
govori	O
isključivo	O
u	O
situacijama	O
u	O
kojima	O
je	O
cilj	O
očito	O
izabrao	O
sredstvo	O
?	O

@simonovsky	O
vrijeme	O
je	O
da	O
se	O
zapitaš	O
šta	NORM_1WORD
si	O
to	O
skrivio	O
svemiru	O
da	O
te	O
uvaljuje	O
u	O
takve	O
probleme	O
:))	O

redizajniran	O
automobili.hr	O
:	O
responzivan	O
,	O
fokusiran	O
na	O
sadržaj	O
i	O
učinkovito	O
oglašavanje	O
http://t.co/szb6a1a18f	O
#trecasmjena	O

u	O
gradu	O
zagrebu	O
!	O

industrija	O
u	O
kojoj	O
je	O
nokia	O
bila	O
neunistiva	NORM_1WORD
,	O
pa	O
bb	O
,	O
pa	O
apple	O
,	O
pa	O
sad	O
samsung	O
.	O

@lovcevi_zapisi	O
razumljivo	O
je	O
da	O
nisi	O
znao	O
di	NORM_1WORD
je	O
miramare	O
kad	O
ga	O
očekujepš	NORM_1WORD
u	O
italiji	O
a	O
ne	O
u	O
istri	O
:-d	O

@josephbt	O
sad	O
tek	O
vidim	O
pitanje	O
.	O

-	O
to	O
je	O
bio	O
požar	O
u	O
prostoriji	O
negdje	O
gore	O
(	O
potkrovlje	O
?	O
)	O
...	O

ja	O
bio	O
dvaputa	NORM_1WORD
i	O
najpovoljnije	O
mjesto	O
gdje	O
sam	O
bio	O
naravno	O
stripbarovi	NORM_1WORD
i	O
droga	O
su	O
malo	O
skuplji	O
al	NORM_1WORD
novin	O

englezici	NORM_1WORD
se	O
čude	O
kako	O
je	O
stala	O
kiša	O
,	O
okrenem	O
se	O
catwalk	O
style	O
,	O
poviknem	O
its	O
just	O
my	O
magic	O
i	O
ostavim	O
da	O
se	O
cude	NORM_1WORD
.	O

godišnje	O
se	O
pred	O
hr	O
sudovima	O
odlučuje	O
o	O
2,5	O
milijuna	O
predmeta	O
.	O

ovi	O
'	O
fun	O
factovi	O
'	O
o	O
vocu	NORM_1WORD
koje	O
je	O
povrce	NORM_1WORD
i	O
povrcu	NORM_1WORD
koje	O
je	O
voce	NORM_1WORD
se	O
stalno	O
pojavljuju	O
,	O
a	O
toliko	O
su	O
neinteresantni	O
.	O

-	O
http://t.co/uqv0ffo65p	O
#webhosting	O
#cpanel	O
#backup	O

mreža	O
,	O
zajednica	O
,	O
ne	O
hijerarhija	O
.	O

ict	O
business	O
|	O
snimanje	O
filma	O
warcraft	O
započinje	O
u	O
siječnju	O
2014.	O
http://t.co/3rrqyjbpdz	O
#ictbusiness	O

http://t.co/4lyf1rwqdp	O
#hajduk	O
#maxtvprvaliga	O
#lakrdija	O

i	O
jedni	O
i	O
drugi	O
su	O
zasluzili	NORM_1WORD
pobjediti	NORM_1WORD
,	O
penali	O
su	O
lutrija	O
.	O

boja	O
s	O
druge	O
strane	O
prozora	O
ne	O
obecava	NORM_1WORD
!	O

čistiš	O
stan	O
,	O
a	O
kad	O
čuješ	O
dreku	O
iz	O
susjednih	O
birceva	O
dođeš	O
do	O
livestreama	O
i	O
minutu	O
čekaš	O
da	O
vidiš	O
gol	O
.	O

je	O
li	O
itko	O
primjecuje	NORM_1WORD
slicnost	NORM_1WORD
izmedu	NORM_1WORD
shamelessa	O
i	O
smogovaca	O
?	O

21.06.	O
u	O
12	O
h	O
izabrat	O
ćemo	O
nama	O
tri	O
naj	O
i	O
nagraditi	O
ih	O
ulaznicama	O
za	O
#inmusic	O
.	O

cineplexx	O
je	O
best	O
buy	O
2013	O
!	O

ležimo	O
,	O
pričamo	O
random	O
gluposti	O
na	O
njemačkom	O
i	O
smijemo	O
se	O
k'o	NORM_1WORD
kobile	O
because	O
nazi	O
language	O
.	O

@paolacro	O
@binnasaa	O
@marella_11	O
@monikatru	O
@laramanojlovic	O
i	O
onda	O
dan	O
prije	O
maturalca	O
idemo	O
pit	NORM_1WORD
;)	O

jedna	O
jedina	O
torcida	O
!	O

a	O
onda	O
smo	O
skuzili	NORM_1WORD
da	O
imamo	O
1	O
k	O
€	O
u	O
tih	O
6	O
pari	O
cipela	O
.	O

al	O
jazeera	O
balkans	O
http://t.co/qrtujf8lgd	O
via	O
@ajbalkans	O

robovi	O
,	O
kmetovi	O
,	O
radnici	O
...	O

zenica	O
:	O
uokviru	NORM_1WORD
gradske	O
narodne	O
kuhinje	O
priprema	O
se	O
hrana	O
za	O
skoro	O
2.000	O
korisnika	O
šest	O
dana	O
u	O
sedmici	O

sanjao	O
sam	O
te	O
.	O

@hgabelica	O
ne	O
stanu	O
mi	O
u	O
tweet	O
:)	O

i	O
još	O
su	O
žene	O
!	O

@amystiqa	O
@antonio_0708	O
ja	O
sam	O
kod	O
leftoversa	O
izgubio	O
nit	O
kad	O
sam	O
otisao	NORM_1WORD
na	O
more	O
i	O
sad	O
moram	O
sve	O
nadoknaditi	O

žao	O
mi	O
je	O
da	O
smo	O
izgubili	O
,	O
ali	O
čestitka	O
gostima	O
na	O
upornosti	O
i	O
spretnosti	O
.	O

"	O
europski	O
identitet	O
treba	O
očuvati	O
kako	O
bi	O
se	O
građani	O
opet	O
prepoznali	O
u	O
njegovim	O
temeljima	O
u	O
kojima	O
su	O
mir	O
i	O
poštovanje	O
"	O
-	O
poručuje	O
@potifex	O

kad	O
smo	O
kod	O
toga	O
kad	O
će	O
nova	O
serija	O
@seabro	O

dvi	NORM_1WORD
cure	O
stol	O
do	O
mene	O
komentiraju	O
:	O
-	O
dok	O
pise	NORM_1WORD
na	O
fejsu	O
lajkovi	O
1,3	O
k	O
,	O
jel	NORM_1WORD
to	O
tisucu	NORM_1WORD
?	O

@emedjimurje	O
pa	O
prvo	O
je	O
međimurje	O
došlo	O
u	O
studio	O
htva	NORM_1WORD
a	O
sad	O
ja	O
tek	O
idem	O
tamo	O
:)	O

kupujem	O
jednog	O
za	O
slovenski	O
jer	O
ih	O
qrca	NORM_1WORD
ne	O
razumijem	O
,	O
ampak	O
#rex	O
#komisar	O

@adujmovic1anne	O
@_zelenooka	O
svoj	O
mozak	O
i	O
svoje	O
oči	O
..	O

pita	O
susida	NORM_1WORD
žena	O
:	O
di	NORM_1WORD
je	O
mali	O
?	O

i	O
baš	O
tamo	O
di	NORM_1WORD
smo	O
sjeli	O
nema	O
...	O

ko	NORM_1WORD
nije	O
nek	NORM_1WORD
poslusa	NORM_1WORD
ko	NORM_1WORD
je	O
neka	O
se	O
podsjeti	O
...	O

"	O
the	O
world's	O
end	O
"	O
,	O
svršetak	O
cornetto	O
trilogije	O
.	O

@svetiignacije	O
podsjetit	O
ću	O
se	O
da	O
ima	O
još	O
mnogo	O
stvari	O
kojima	O
me	O
bog	O
treba	O
poučiti	O

#medvescak	O
#khl	O

biti	O
bezobrazan	O
ponekad	O
je	O
najlogičnije	O
riješenje	NORM_1WORD
jer	O
s	O
nekima	O
nema	O
drugačije	O
.	O

stopa	O
nezaposlenosti	O
pala	O
na	O
najnižu	O
razinu	O
u	O
gotovo	O
dvije	O
godine	O
,	O
potvrdio	O
je	O
danas	O
@statistikahr	O
:	O
http://t.co/oqiybrrqww	O
#politikahr	O

treća	O
sezona	O
the	O
killing	O
je	O
nešto	O
najbolje	O
ikad	O
.	O

svi	O
smo	O
mi	O
za	O
njih	O
vampiri	O
.	O

just	O
completed	O
a	O
30.47	O
km	O
mtn	O
bike	O
-	O
osjecajan	NORM_1WORD
spust	O
.	O

coding	O
time	O
&	O
sleep	O
is	O
for	O
weak	O
.	O

da	O
li	O
je	O
svit	NORM_1WORD
poša	NORM_1WORD
svragun	NORM_1WORD
?	O

:(	O

excellent****	NORM_1WORD

onaj	O
osjećaj	O
kad	O
su	O
samo	O
škandali	NORM_1WORD
oko	O
tebe	O
,	O
a	O
ti	O
kao	O
jehovin	O
svjedok	O
sam	NORM_1WORD
blejiš	O
i	O
nešto	O
ti	O
nije	O
jasno	O
...	O

ne	O
mogu	O
ja	O
to	O
.	O

@miro_zlikovski	O
žutilo	O
naslovi	O
pa	O
treba	O
bit	NORM_1WORD
oprezan	O
što	O
pišu	O
;-)	O

i	O
da	O
,	O
rekla	O
sam	O
mu	O
:	O
ti	O
vece	NORM_1WORD
sise	O
a	O
ja	O
veci	NORM_1WORD
kurac	O
.	O

tuzla	O
:	O
miroslav	O
ćiro	O
blažević	O
sa	O
saradnicima	NORM_1WORD
denisom	O
karićem	O
i	O
mirsadom	O
dedićem	O
održao	O
prvi	O
trening	O
na	O
klupi	O
slobode	O

kaže	O
forum.hr	O

dopizdio	O
mi	O
ready-made	O
.	O

i	O
nije	O
jedina	O
.	O

u	O
toku	O
je	O
prijateljska	O
utakmica	O
između	O
omana	O
i	O
urugvaja	O
,	O
trenutni	O
rezultat	O
je	O
0	O
-	O
2	O
,	O
a	O
oba	O
gola	O
za	O
goste	O
postigao	O
je	O
luis	O
suarez	O
!	O

ništa	O
ne	O
želim	O
ko	NORM_1WORD
biti	O
na	O
viksi	O
,	O
ugensan	O
u	O
hammocku	O
,	O
hladni	O
sommersby	NORM_1WORD
u	O
kanti	O
,	O
ostaci	O
roštilja	O
,	O
čitam	O
great	O
gatsbyja	O
.	O

igram	O
se	O
s	O
fiskalizacijom	O
i	O
u	O
uputama	O
piše	O
"	O
otvara	O
se	O
microsoft	O
address	O
book	O
aplikacija	O
"	O
,	O
ali	O
ja	O
nemam	O
ništa	O
microsoftovo	O
na	O
stroju	O
...	O

weird	O
x	NORM_1WORD
stuff	O
...	O

@whoamiee	O
jučer	O
si	O
elegantno	O
izvela	O
kombinaciju	O
s	O
jednim	O
koljenom	O
u	O
rukama	O
u	O
zraku	O
.	O

morat	O
ću	O
ovih	O
dana	O
opet	O
proć	NORM_1WORD
pozdravit	NORM_1WORD
lidiju	O
,	O
nema	O
je	O
sad	O
.	O

eh	O
.	O

@petarbogdan	O
pogledaj	O
etiketu	O
dukata	O
i	O
zbregov	O
mlijeka	O
i	O
mlijecnih	NORM_1WORD
proizvoda	O
...	O

ak	NORM_1WORD
me	O
trebaš	O
oko	O
sudskog	O
spora	O
,	O
slobodno	O
me	O
zovi	O
službenim	O
putem	O
.	O

kao	O
što	O
smo	O
i	O
obećali	O
,	O
evo	O
prve	O
mogućnosti	O
:	O
#pan	O
i	O
#medvescak	O
te	O
vode	O
u	O
rusiju	O
!	O

bay	O
je	O
bil	NORM_1WORD
bolji	O
poluvreme	NORM_1WORD
i	O
produzetak	NORM_1WORD
,	O
isto	O
ko	NORM_1WORD
i	O
che	O
.	O

@igorklajo	O
@zdravkasimek	O
meni	O
su	O
ljudi	O
najdraži	O
kad	O
imaju	O
status	O
online	O
...	O

a	O
skijanje	O
u	O
crnoj	O
gori	O
,	O
po	O
iznimno	O
povoljnoj	O
cijeni	O
?	O

kraj	O
najjači	O
ikad	O
.	O

.......	O
a	O
našao	O
bi	O
se	O
i	O
pokoji	O
original	O
........	O

ovo	O
drugo	O
ne	O
traži	O
ništa	O
.	O

napokon	O
sam	O
se	O
probudio	O
dovoljno	O
rano	O
da	O
vidim	O
kakve	O
mi	O
gluposti	O
macka	NORM_1WORD
izvadja	NORM_1WORD
dok	O
mi	O
spavamo	O
.	O

onaj	O
stih	O
"	O
i	O
was	O
gonna	NORM_2WORD
pay	O
child	O
support	O
but	O
then	O
i	O
got	O
high	O
"	O
od	O
afromana	O
nisam	O
čuo	O
s	O
12	O
,	O
ali	O
danas	O
odzvanja	O
.	O

ict	O
business	O
|	O
skype	O
najavio	O
novu	O
aplikaciju	O
za	O
android	O
4.0	O
http://t.co/gv8qns2kxb	O
#ictbusiness	O
#skype	O

http://t.co/wvguuqcylo	O
#omizio	O

ja	O
izbjegavam	O
ljude	O
koji	O
gledaju	O
tv	O
,	O
tj.	O
balkanske	O
kanale	O
.	O

kaj	NORM_1WORD
će	O
biti	O
sutra	O
nekih	O
promatrača	O
na	O
referendumu	O
da	O
sve	O
ide	O
po	O
špagi	O
?	O

bom	O
dia	O
,	O
dobro	O
ujutro	O
by	O
etto	O
aruho	O

dijete	O
najbrže	O
zaspe	NORM_1WORD
uz	O
zvuk	O
usisavača	O
.	O

to	O
je	O
moja	O
slobodna	O
procjena	O
.	O

znam	O
ja	O
što	O
pričam	O
,	O
makar	O
sad	O
buncao	O

jedan	O
tango	O
kroz	O
crveno	O
,	O
tamo	O
gdje	O
nitko	O
ne	O
bi	O
plesao	O
...	O

mrk	O
ivanic	NORM_1WORD
izgubio	O
od	O
matulja	O
.	O

http://t.co/evgyyqy7fx	O
#omizio	O

na	O
web-str	NORM_1WORD
imaju	O
(	O
vrlo	O
glasni	O
!!	O
)	O
video	O
koji	O
se	O
automatski	O
pokreće	O
-	O
probilo	O
mi	O
uši	O
na	O
slušalicama	O
!!	O

za	O
pokus	O
stavi	O
vagu	O
na	O
pod	O
ispred	O
mikrovalne	O
:d	O

u	O
situacijama	O
sitnog	O
prekršaja	O
,	O
argument	O
da	O
tu	O
mene	O
jebu	O
dok	O
bandić	O
slobodno	O
hoda	O
ovom	O
zemljom	O
više	O
ne	O
vrijedi	O

but	O
yes	O
!	O

veliki	O
izbor	O
,	O
cijene	O
razne	O
baš	O
kao	O
i	O
boje	O
!!	O

sutra	O
kada	O
se	O
republika	O
šumska	O
bude	O
odcjepljivala	O
od	O
bosne	O
onda	O
će	O
bit	NORM_1WORD
rata	O
ali	O
vi	O
ste	O
pametni	O
pa	O
ću	O
ja	O
šutit	NORM_1WORD

@modestyblaise7	O
poslije	O
godišnjeg	O
:)	O

uđem	O
na	O
slovensku	O
stranicu	O
a	O
oni	O
napišu	O
:	O
"	O
dovoli	O
piškotke	O
"	O
..	O
i	O
ja	O
se	O
odvalim	O
smijat	NORM_1WORD
!	O

@rudjersimek	O
tnx	O
:)	O
.	O

svaki	O
put	O
kad	O
slusam	NORM_1WORD
charli	O
xcx	O
-	O
boom	O
clap	O
,	O
osjecam	NORM_1WORD
se	O
kao	O
zaljubljena	O
skolarka	NORM_1WORD
.	O

striček	O
na	O
pozornici	O
je	O
rekao	O
da	O
je	O
to	O
nešto	O
najbolje	O
u	O
povijesti	O
svih	O
povijesti	O
galaksija	O
:)	O
@vtarczay	O

ok	O
,	O
upravo	O
je	O
neki	O
bog	O
odložio	O
paket	O
toalet	O
papira	O
na	O
pod	O
,	O
stavio	O
na	O
njega	O
vruć	O
burek	O
,	O
pogodio	O
tricu	O
,	O
pokupio	O
stvari	O
i	O
odšetao	O
dalje	O
.	O

jel	NORM_1WORD
ima	O
netko	O
da	O
nije	O
vidio	O
moj	O
novi	O
yt	O
video	O
?	O

obzirom	O
da	O
svi	O
divljaju	O
s	O
planovima	O
o	O
iću	O
,	O
piću	O
i	O
nogometu	O
valjalo	O
bi	O
otić	NORM_1WORD
na	O
kakvog	O
točenog	O
pivkana	O
.	O

:(	O

..	O
moze	NORM_1WORD
?	O
"	O

čaša	O
iz	O
koje	O
je	O
nemoguće	O
proliti	O
vino	O
?!	O

"	O
@marketingitd	O
:	O
dizajnirajte	O
sami	O
omot	O
nove	O
knjige	O
harukija	O
murakamija	O
http://t.co/nxsrrir2lk	O
"	O

svi	O
ti	O
koji	O
pisu	NORM_1WORD
postove	O
velikim	O
slovima	O
samo	O
dokazuju	O
da	O
su	O
markirali	O
satove	O
jezika	O
.	O

hvala	O
zetu	NORM_1WORD
na	O
odličnoj	O
organizaciji	O
reda	O
vožnje	O
.	O

kako	O
dati	O
otkaz	O
:)	O

zaposlenje	O
-	O
kratki	O
film	O
o	O
životu	O
i	O
radu	O
http://t.co/y5fy3e32wo	O
via	O
@sharethis	O

a	O
samo	O
je	O
jedan	O
,	O
jedan	O
pravi	O
put	O
.	O

jel	NORM_1WORD
moguce	NORM_1WORD
u	O
dvadesetima	O
razviti	O
onaj	O
poremecaj	NORM_1WORD
koncentracije	O
ili	O
to	O
moras	NORM_1WORD
vuc	NORM_1WORD
od	O
djetinjstva	O
?	O

da	O
profesor	O
učenici	O
kaže	O
da	O
"	O
mora	O
da	O
joj	O
smrdi	O
p***a	O
"	O
,	O
znamo	O
što	O
bi	O
se	O
dogodilo	O
.	O

kad	O
treba	O
odabrat	NORM_1WORD
šta	NORM_1WORD
ćeš	O
obuć	NORM_1WORD
,	O
nemaš	O
niš	NORM_1WORD
u	O
ormaru	O
,	O
al	NORM_1WORD
kad	O
treba	O
pobacat	NORM_1WORD
stvari	O
koje	O
ne	O
nosiš	O
,	O
odma	NORM_1WORD
sve	O
valja	O
!	O

super	O
odradjeno	NORM_1WORD
!	O

prijedor	O
:	O
prošlogodišnji	O
podaci	O
iz	O
matičnog	O
ureda	O
potvrdili	O
su	O
da	O
je	O
u	O
ovom	O
gradu	O
demografska	O
slika	O
i	O
dalje	O
nepovoljna	O

da	O
bar	O
možeš	O
osobnu	O
nazvat	NORM_1WORD
kad	O
ju	O
izgubiš	O
i	O
neznaš	NORM_1WORD
di	NORM_1WORD
je	O
,	O
kao	O
kad	O
mobitel	O
izgubiš	O
,	O
nazoveš	O
se	O
i	O
etto	NORM_1WORD
tiguana	NORM_1WORD
.	O

uživo	O
smo	O
iz	O
#split	O
u	O
19:15	O
na	O
@novahr	O
.	O

odoh	O
u	O
#lazarat	O
bavit	NORM_1WORD
se	O
poljoprivredom	O
.	O

pitajte	O
i	O
vi	O
:	O
@vladarh	O
može	O
li	O
se	O
umjesto	O
energetskog	O
certifikata	O
stana	O
predočiti	O
uvjerenje	O
o	O
blagoslovu	O
istog	O
?	O

makar	O
zbog	O
preljutih	O
tortilja	O
.	O

@anamariaradi	O
@helenapuljiz	O
...	O
ili	O
nemogu	NORM_1WORD
da	O
shvate	O
kad	O
je	O
malom	O
čovilu	NORM_1WORD
dobro	O
da	O
je	O
onda	O
svima	O
dobro	O
bolje	O
kap	O
po	O
kap	O
primat	NORM_1WORD
ali	O
onda	O
cili	NORM_1WORD
živ	O

znate	O
kad	O
klinci	O
histerično	O
lupaju	O
nogama	O
o	O
pod	O
jer	O
nešto	O
ne	O
mogu	O
dobiti	O
?	O

hrvatska	O
policija	O
didn't	O
see	O
that	O
coming	O
...	O

progonjen	O
strašnim	O
vizijama	O
,	O
mladi	O
čovjek	O
želi	O
zaštiti	NORM_1WORD
obitelj	O
:	O
u	O
zaklon	O
(	O
kinotv	O
,	O
0:00	O
)	O
http://t.co/7vxkde1upz	O
#trecasmjena	O

žene	O
aj	NORM_1WORD
dosta	O
piganja	O
i	O
dakfejsova	O
po	O
slikama	O
,	O
osmijeh	O
vam	O
je	O
puno	O
bolji	O
i	O
ljepši	O
ukras	O
.	O

/	O
w	O
@mrak	O

😄	O
🐽	O
🙊	O

well	O
done	O
,	O
un	O
.	O

http://t.co/d3togrepcf	O
#dekoracije	O
#easter_decorations	O
#spring_decorations	O

@hkresic	O
@tvrtkobarun	O
skeptičan	O
sam	O
oko	O
ovog	O
"	O
dublje	O
"	O
.	O

oči	O
ću	O
si	O
izvadit	NORM_1WORD
ako	O
vidim	O
još	O
jedan	O
naslov	O
o	O
nečemu	O
vezano	O
uz	O
igru	O
.	O

ista	O
ekipa	O
,	O
slicni	NORM_1WORD
problemi	O
.	O

svedski	NORM_1WORD
art	O
film	O
iz	O
'08.	O
snimljen	O
u	O
staticnim	NORM_1WORD
kadar-sekvencama	O
,	O
o	O
ljudskom	O
ponasanju	NORM_1WORD
unutar	O
grupe	O
.	O

mi	O
idemo	O
u	O
nabavku	O
pa	O
ak	NORM_1WORD
nečeg	O
jako	O
fali	O
javi	O
da	O
ne	O
kupujemo	O
bez	O
veze	O

#kerempuh	O
misli	O
za	O
vas	O
!	O

hi	O
hi	O
hi	O
.	O

ako	O
niste	O
slušali	O
taking	O
back	O
sunday	O
u	O
srednjoj	O
školi	O
,	O
nezz	NORM_1WORD
možemo	O
li	O
se	O
družiti	O
i	O
dalje	O
.	O

ti	O
ru	O
ri	O
ru	O
.	O

drugi	O
dan	O
@inmusicfestivala	O
u	O
tijeku	O
,	O
karte	O
za	O
@exitfestival	O
u	O
dzepu	NORM_1WORD
,	O
hostel	O
za	O
@szigetofficial	O
rezerviran	O
.	O

bio	O
sam	O
turist	O
prosli	NORM_1WORD
tjedan	O
i	O
malo	O
gledao	O
oko	O
sebe	O
.	O

prvi	O
red	O
do	O
mora	O
život	O
.	O

na	O
tom	O
šašavom	O
tl	NORM_1WORD
ste	O
baš	O
mogli	O
vidjeti	O
kako	O
je	O
teško	O
biti	O
synthpop	O
bend	O
i	O
švercati	O
se	O
u	O
tramvajima	O
ili	O
raditi	O
u	O
cd	O
shopu	O
.	O

ida	O
:	O
eu	O
natječaj	O
-	O
dizajn	O
,	O
implementacija	O
,	O
promocija	O
i	O
marketing	O
dostupnih	O
turističkih	O
itinerara	O
http://t.co/htdnbr1xos	O
via	O
@sharethis	O

ja	O
:	O
uh	O
jebote	NORM_1WORD
itekako	O
*.*	O
hahah	O
#bibi	O

valjda	O
😁	O
😃	O

cijela	O
povijest	O
i	O
budućnost	O
nesretne	O
obitelji	O
u	O
jednoj	O
ovlaš	O
slici	O
.	O

u	O
pivnici	O
smo	O
.	O

rastanak	O
!	O

@danny_hr	O
samo	O
ti	O
izazivaj	O
,	O
lučiću	O
.	O

o	O
kako	O
ću	O
večeras	O
gledati	O
tu	O
seriju	O

problemi	O
koje	O
nisam	O
imao	O
prije	O
nego	O
sto	NORM_1WORD
sam	O
nabavio	O
macku	NORM_1WORD
-	O
"	O
10	NORM_1WORD
rule	O
"	O
je	O
odjednom	O
postao	O
"	O
no	O
way	O
in	O
hell	O
rule	O
"	O
.	O

@b92vesti	O
pa	O
i	O
takve	O
treba	O
potpuno	O
.	O
izbacit	NORM_1WORD
iz	O
sastava	O
i	O
uklonjen	O
kardinalan	O
problem	O
a	O
njih	O
vratit	NORM_1WORD
il	NORM_1WORD
na	O
rezim	NORM_1WORD
ali	O
ne	O
za	O
drustvo	NORM_1WORD
vise	NORM_1WORD
nigdje	O

međutim	O
,	O
radi	O
li	O
?	O

tribunal	O
ne	O
radi	O
24.	O
i	O
25.	O
marta	O
ove	O
godine	O
zbog	O
održavanja	O
nuklearnog	O
samita	O
u	O
den	O
hagu	NORM_1WORD
.	O

mrzim	O
odvratnu	O
kavu	O
iz	O
njihovih	O
aparata	O
.	O

discobol	O
je	O
subotnji	O
program	O
na	O
kojem	O
vrtimo	O
raznoliku	O
mjuzu	O
za	O
svakog	O
ponešto	O
...	O

ah	O
,	O
kids	O
these	O
days	O
.	O

(y)	O

epska	O
ljubavna	O
priča	O
o	O
aferi	O
fotografa	O
i	O
kućanice	O
-	O
mostovi	O
okruga	O
madison	O
:	O
http://t.co/0wpz0pt7zj	O
#videoteka	O

ja	O
sam	O
si	O
presuper	O
dok	O
krivo	O
pjevam	O
"	O
fever's	O
got	O
me	O
icky	O
"	O
jer	O
mi	O
ima	O
smisla	O
i	O
zakaj	NORM_1WORD
black	O
keysi	O
ne	O
bi	O
to	O
tak	NORM_1WORD
pjevali	O
.	O

ti	O
si	O
srbin	O
isto	O
kao	O
i	O
ja	O
?	O
'	O

brunch	O
je	O
besplatan	O
!	O

ja	O
cu	NORM_1WORD
danas	O
primat	NORM_1WORD
goste	O
do	O
20:45	O
tak	NORM_1WORD
da	O
predjem	NORM_1WORD
gledat	NORM_1WORD
tekmu	O
preko	O
pa	O
ti	O
onda	O
nastavi	O

pomozite	O
stjepanu	O
ako	O
možete	O
,	O
boluje	O
od	O
als-a	O
http://t.co/z5c56ofsir	O

izbacite	O
uljeza	O
rofl	O

nives	O
celzijus	O
nije	O
tako	O
niska	O
k'o	NORM_1WORD
što	O
sam	O
zamišljao	O
.	O

šta	NORM_1WORD
ti	O
je	O
čovjek	O
..	O

cylinder	O
tweak	O
je	O
besplatna	O
alternativa	O
za	O
barrel	O
:	O
svi	O
ste	O
čuli	O
za	O
barrel	O
,	O
legendarni	O
tweak	O
čiji	O
je	O
au	O
...	O

narezanu	O
na	O
komadiće	O
sa	O
zelenom	O
salatom	O
i	O
malo	O
kiselog	O
vrhnja	O
:d	O

sugababes	O
na	O
radiu	NORM_1WORD
i	O
upravo	O
se	O
sjetih	O
reći	O
kako	O
mi	O
@krvavameri	O
liči	O
na	O
heidi	O
.	O

ma	O
lazem	NORM_1WORD
,	O
ne	O
jedna	O
zraka	O
,	O
ona	O
je	O
moje	O
vlastito	O
sunce	O
♥	O

-	O
eto	O
,	O
bilo	O
mi	O
je	O
lijepo	O
družiti	O
se	O
s	O
vama	O
.	O

i	O
opet	O
počinjem	O
graditi	O
zid	O
,	O
ciglu	O
po	O
ciglu	O
...	O

to	O
je	O
svit	NORM_1WORD
u	O
kojen	NORM_1WORD
bi	NORM_1WORD
tia	NORM_1WORD
živit	NORM_1WORD
,	O
svit	NORM_1WORD
pun	O
triggera	O
koji	O
te	O
nagrađuju	O
i	O
kažnjavaju	O
ovisino	NORM_1WORD
o	O
tome	O
jesi	O
li	O
retaj	O
ili	O
si	O
dobar	O
.	O

ne	O
smeta	O
.	O

policija	O
je	O
u	O
8	O
navečer	O
blokirala	O
apartmane	O
i	O
mi	O
nismo	O
u	O
mogućnosti	O
ući	O
u	O
zgradu	O
koja	O
je	O
predmet	O
ovrhe	O
,	O
čekamo	O
jutro	O
,	O
ovršitelja	O
i	O
bankare	O

i	O
zapjevajmo	O
zajedno	O
.	O

omg	O
people	O
,	O
still	O
?	O

holling	O
je	O
imao	O
63	O
a	O
shelly	O
18	O
kad	O
ju	O
je	O
napumpo	NORM_1WORD
i	O
oženio	O
.	O

mission	O
accomplished	O
.	O

@montipajtonovka	O
on	O
piše	O
-	O
ne	O
glumi	O
;-)	O

aaargh	O
!	O

no	O
na	O
svjetliju	O
stranu	O
nema	O
struje	O
,	O
nema	O
telefona	O
:d	O

doživila	NORM_1WORD
i	O
vidila	NORM_1WORD
puno	O
.	O

privatni	O
sektor	O
neće	O
izgubiti	O
plaću	O
,	O
već	O
bez	O
beneficija	O
ostaju	O
paraziti	O
iz	O
državnog	O
aparata	O
.	O

ajde	NORM_1WORD
neka	O
im	O
se	O
pridruzi	NORM_1WORD
i	O
sammir	O
kad	O
se	O
daje	O
...	O

odnosno	O
,	O
koliko	O
toga	O
mozes	NORM_1WORD
uzet	NORM_1WORD
npr.	O
todoricu	NORM_1WORD
ili	O
bankama	O
.	O

facebook	O
ukinuo	O
profil	O
majci	O
zbog	O
ove	O
fotografije	O
http://t.co/k2kq5juwnr	O

čestitamo	O
!	O

robionek	O
:	O
perkoviću	O
će	O
se	O
teško	O
bilo	O
što	O
dokazati	O
http://t.co/nuprfaxvhw	O
#robionek	O
#perkovic	O
#udba	O
#politikahr	O

fritaju	O
od	O
jaja	O
i	O
pancete	O
(	O
sta	NORM_1WORD
nije	O
bilo	O
sparoga	NORM_1WORD
)	O
,	O
da	O
mi	O
se	O
divi	O
,	O
da	O
me	O
jubi	NORM_1WORD

"	O
@lolaseth	O
:	O
@vandervu	O
tuzna	NORM_1WORD
sam	O
jer	O
ga	O
nemrem	NORM_1WORD
nac	NORM_1WORD
sad	O
,	O
a	O
ne	O
zelim	NORM_1WORD
trenutno	O
druge	O
gledat	NORM_1WORD
:(	O
"	O

samo	O
glas	O
za	O
ds	O
može	O
da	O
obuzda	O
vlast	O
http://t.co/mhluptbrke	O
via	O
@sharethis	O

fuck	O
it	O
all	O
,	O
imam	O
novi	O
greenfield	O
.	O

you	O
don't	O
want	O
that	O
!	O

@stellar_musique	O
to	O
definitivno	O
:d	O

@malisenfash	O
mislim	O
da	O
su	O
naši	O
redatelji	O
opčinjeni	O
ljudskom	O
patnjom	O
i	O
pristrano	O
gledaju	O
na	O
ljudske	O
tragedije	O
pa	O
im	O
je	O
rat	O
vječna	O
inspiracija	O

wide	NORM_1WORD
and	O
hopefully	O
wild	O
,	O
evo	O
najrađe	NORM_1WORD
bi	NORM_1WORD
si	O
na	O
čelo	O
tetovirala	O
,	O
ali	O
morat	O
ću	O
naći	O
bolje	O
mjesto	O
.	O

kupio	O
sam	O
neki	O
poutpurri	NORM_1WORD
od	O
lavande	O
jučer	O
pa	O
sam	O
danas	O
pod	O
hitno	O
išao	O
dinstati	O
luk	O
da	O
povratim	O
muškost	O

došao	O
mi	O
u	O
ambulantu	O
tip	O
sa	O
ogromnom	O
zlatnom	O
lančinom	O
,	O
na	O
lančini	O
križina	O
a	O
na	O
križini	O
isusčina	O
od	O
3	O
kg	O
.	O

od	O
večeras	O
živi	O
mrtvaci	O
ponovno	O
na	O
malim	O
ekranima	O
!	O

:(	O

svoj	O
životopis	O
pošaljite	O
na	O
:	O
matea@webedukacija.com	O
do	O
25.04.	O

meni	O
boljeg	O
od	O
tog	O
nema	O

so	O
you	O
must	O
adapt	O
.	O

70	O
veliki	O
pljesak	O
dobio	O
je	O
kapetan	O
milović	O
,	O
istrčao	O
je	O
s	O
loptom	O
od	O
svojeg	O
do	O
zadrovog	O
kaznenog	O
prostora	O
.	O

penzioner	O
u	O
tramvaju	O

ovo	O
što	O
europa	O
zabranjuje	O
jake	O
usisivače	O
,	O
jel	NORM_1WORD
se	O
to	O
odnosi	O
i	O
na	O
pušenje	O
kurca	O
?	O

katolički	O
svećenik	O
nikola	O
majcen	O
iz	O
volodera	O
:	O
"	O
ako	O
čovjeku	O
pozli	O
,	O
najprije	O
pozovite	O
svećenika	O
"	O
.	O

@pearsawfly	O
prvo	O
vasari	O
pa	O
neki	O
tekstovi	O
o	O
povijesti	O
europe	O
pa	O
štogod	NORM_1WORD
uhvatim	O
mi	O
je	O
nekako	O
meh	O
tako	O
da	O
sad	O
skidam	O
sve	O
filmove	O
svijeta	O
:d	O

gej	O
je	O
okej	O
,	O
sprajt	NORM_1WORD
je	O
olrajt	NORM_1WORD
,	O
al	NORM_1WORD
zapitajmo	O
se	O
"	O
cui	O
bono	O
?	O
"	O

ovih	O
dana	O
bi	O
mi	O
bas	NORM_1WORD
trebao	O
jedan	O
;)	O

mozda	NORM_1WORD
je	O
to	O
pokrenuto	O
danasnjim	NORM_1WORD
4.	O
srpnjem	O
i	O
slavljem	O
u	O
americi	O
,	O
a	O
mozda	NORM_1WORD
i	O
svim	O
clancima	NORM_1WORD
iz	O
novina	O
koje	O
citam	NORM_1WORD
o	O
takvim	O
dogadajima	NORM_1WORD
.	O

"	O
@miro_zlikovski	O
:	O
smokva	O
i	O
karamela	O
#rakija	O
#novarunda	O
ide	O
ko	NORM_1WORD
stvorena	O
uz	O
to	O

kako	O
sinčić	O
misli	O
ostvariti	O
i	O
realizirati	O
svoje	O
ideje	O
?	O

za	O
kredit	O
u	O
njemačkoj	O
traže	O
poslovni	O
plan	O
,	O
u	O
rh	O
hipoteku	O
-	O
večernji.hr	O
http://t.co/wphkgjlkd4	O
via	O
@vecernji_list	O

rojo	O
ispituje	O
lichtsteinera	O
tko	O
njegovima	O
čuva	O
banku	O
noću	O
?	O

koga	O
trebate	O
u	O
profesionalnom	O
životu	O
?	O

sta	NORM_1WORD
nas	O
briga	O
,	O
nama	O
je	O
tw	O
momak	O
i	O
djevojka	O
.	O

uvijek	O
ce	NORM_1WORD
biti	O
nesto	NORM_1WORD
sto	NORM_1WORD
ce	NORM_1WORD
nam	O
smetati	O
.	O

toliko	O
sam	O
se	O
razocarala	NORM_1WORD
danas	O
u	O
prijateljicu	O
da	O
bih	O
najradje	NORM_1WORD
stavljala	O
pateticne	NORM_1WORD
statuse	O
po	O
fb	O
tipa	O
'	O
prave	O
prijatelje	O
prepoznas	NORM_1WORD
u	O
nevolji	O
'	O

@2cellos	O
kako	O
prokomentirati	O
obradu	O
dedićeve	O
„	O
u	O
registraturi	O
”	O
?	O

hoce	NORM_1WORD
oni	O
dat	NORM_1WORD
i	O
na	O
sud	O
.	O

@noonoo__	O
pa	O
jebem	O
mu	O
,	O
ja	O
ti	O
to	O
već	O
pola	O
mjecesa	NORM_1WORD
najmanje	O
pišem	O
po	O
tviterima	NORM_1WORD
..	O
neki	O
dan	O
te	O
pitam	O
od	NORM_1WORD
tvitaš	O
,	O
ona	O
meni	O
iz	O
kreveta	O
odgovara	O

sinoć	O
smo	O
na	O
koncertu	O
@borebalboa	O
u	O
medixu	O
dobili	O
i	O
shout-out	O
.	O

vidim	O
da	O
sam	O
antisocialite	O
tvitoslavije	O
,	O
do	O
jučer	O
su	O
svi	O
prostačili	O
sa	O
mnom	O
ovdje	O
,	O
a	O
sad	O
su	O
svi	O
fini	O
cmovi	NORM_1WORD
.	O

kad	O
navrate	O
onda	O
je	O
senzacija	O
u	O
novinama	O
:d	O

ne	O
tražim	O
potvrdu	O
,	O
nego	O
volim	O
pisati	O
upitnike	O
:)	O

divan	O
grad	O
,	O
turisticki	NORM_1WORD
centar	O
istre	O
,	O
vrhunski	O
hotel	O
,	O
a	O
u	O
minibaru	O
sto	NORM_1WORD
?	O

u	O
roku	O
10	O
dana	O
hep-u	O
prijavite	O
stanje	O
brojila	O
!	O

@rijeka_darko	O
nama	O
nije	O
,	O
imamo	O
puno	O
važnijih	O
problema	O
,	O
al	NORM_1WORD
njima	O
je	O
to	O
jedno	O
od	O
najvažnijih	O
pitanja	O
,	O
ljudska	O
prava	O
su	O
u	O
pitanju	O
...	O

inače	O
postoji	O
posebna	O
traka	O
za	O
to	O
ali	O
je	O
najčešće	O
nema	O
za	O
kupiti	O
.	O

gdje	O
je	O
oporba	O
@hdz001	O
,	O
@hspas_hr	O

who	O
will	O
win	O
!?	O

jutros	O
sam	O
održao	O
govor	O
na	O
konferenciji	O
@eppgroup	O
o	O
strategiji	O
eu-a	O
za	O
jadransko-jonsku	O
regiju	O
,	O
#bari	O
,	O
#italy	O

posada	O
kao	O
po	O
kazni	O
.	O

to	O
malo	O
što	O
sam	O
spavao	O
(	O
stariji	O
prehlađen	O
)	O
,	O
sanjao	O
sam	O
viđenije	O
twitteraš(ic)e	O
s	O
moje	O
lajne	O
.	O

ili	O
onima	O
koji	O
tvrde	O
da	O
muffini	O
nisu	O
kolaci	NORM_1WORD
.	O

dvije	O
šestice	O
prazne	O
.	O

http://t.co/acfik8zssd	O
#politika	O
#francuska	O
#francoishollande	O

@brizitbordo	O
samo	O
što	O
smo	O
mi	O
namjerno	O
ostavljali	O
otvoren	O
stan	O
da	O
mi	O
možemo	O
opljačkati	O
onog	O
tko	O
uđe	O

ali	O
s	O
dolaskom	O
ljeta	O
,	O
ne	O
proljeća	O
.	O

@sampjer	O
situacije	O
su	O
normalna	O
stvar	O
.	O

tako	O
fino	O
;	O
svježe	O
okupana	O
i	O
mirišljava	O
,	O
vrijeme	O
da	O
se	O
izvalim	O
na	O
terasu	O
i	O
lagano	O
otvorim	O
neki	O
alkohol	O
lalala	NORM_1WORD
.	O

najdraža	O
knjiga	O
mi	O
je	O
bills	NORM_1WORD
sydney	O
food	O
.	O

odlično	O
mi	O
je	O
ovo	O
kad	O
rozga	O
i	O
jole	O
zabavlja	O
našu	O
zlatnu	O
mladež	O
na	O
zakintosu	O
i	O
hladno	O
pivo	O
u	O
kurševelu	NORM_1WORD

ima	O
li	O
išta	O
gore	O
od	O
mame	O
koja	O
se	O
igra	O
u	O
parku	O
s	O
djetetom	O
,	O
a	O
iz	O
usta	O
joj	O
viri	O
čik	O
veličine	O
austro-ugarske	O
.	O

deset	O
minuta	O
kasniji	O
dolazak	O
doktorici	O
nego	O
prekjučer	O
,	O
deset	O
ljudi	O
više	O
...	O

podržat	O
će	O
i	O
pažane	O
u	O
5	O
do	O
podne	O
na	O
paškom	O
mostu	O

jesi	O
li	O
osjetila	O
lagani	O
ugriz	O
na	O
usnici	O
onoga	O
jutra	O
,	O
pitao	O
ju	O
je	O
.	O

#dinamozg	O

hear	O
yee	O
,	O
hear	O
yee	O
,	O
fejs	O
nagovara	O
telefonski	O
za	O
kupnju	O
oglasnog	O
prostora	O
.	O

prvi	O
dan	O
godišnjeg	O
započinjem	O
putovanjem	O
,	O
ne	O
prema	O
moru	O
kao	O
većina	O
,	O
nego	O
prema	O
unutrašnjosti	O
,	O
prema	O
najdražem	O
varaždinu	O
.	O

ministar	O
@ivanvrdoljak	O
:	O
'	O
svi	O
se	O
trebaju	O
ponašati	O
profesionalno	O
,	O
pa	O
tako	O
i	O
moja	O
malenkost	O
'	O
http://t.co/ksv225ov0o	O
cc	O
@vladarh	O
@haenes_	O

što	O
nevalja	NORM_1WORD
s	O
internetom	O
da	O
imam	O
infinite	O
ping	O
and	O
no	O
response	O
do	O
zapadne	O
obale	O
sad-a	O
?	O

vidimo	O
se	O
!	O

;)	O
@izzetta	O

he	O
,	O
he	O
,	O
danas	O
slijedi	O
imperija	NORM_1WORD
uzvraca	NORM_1WORD
udarac	O
,	O
oruzje	NORM_1WORD
:	O
usisavac	NORM_1WORD
.	O

iznajmljujem	O
stan	O
u	O
osijeku	O
:	O
http://t.co/pqzadfzvsv	O

veliki	O
turn	NORM_1WORD
.	O

it	O
manageri	O
istre	O
i	O
primorja	O
,	O
kako	O
poboljšati	O
poslovanje	O
vaše	O
tvrtke	O
?	O

potraži	O
riješenj	NORM_1WORD
"	O
...	O

switching	O
to	O
dalmejšan	NORM_1WORD
subbacultcha-rural	NORM_1WORD
sleng	O
,	O
da	O
isperem	O
uši	O
nakon	O
bečkog	O
gastarbajterovanja	O

metalni	O
komad	O
firewarea	O
-	O
odvojio	O
se	O
i	O
prislonio	O
uz	O
nekoliko	O
nožica	O
-	O
čip	O
je	O
izgorio	O
.	O

i	O
da	O
,	O
ako	O
nešto	O
mrzim	O
više	O
od	O
cajki	O
,	O
onda	O
je	O
to	O
taj	O
treš-tuctuc-ajmorukegore	O
tekno	NORM_1WORD
sa	O
kraja	O
devedesetih	O
...	O

@jumales	O
ide	O
mi	O
na	O
živce	O
kada	O
ljudi	O
misle	O
da	O
je	O
crkva	O
tu	O
radi	O
nekog	O
njihovog	O
boga	O
ili	O
njih	O
samih	O
.	O

ja	O
ovo	O
ne	O
kužim	O
.	O

axwell	O
sinoc	NORM_1WORD
:	O
jedan	O
od	O
najboljih	O
partija	NORM_1WORD
koje	O
sam	O
dozivio	NORM_1WORD
!	O

http://t.co/bsnovdbipt	O
via	O
@rse_balkan	O

ali	O
normalne	O
,	O
dobre	O
...	O

ne'a	NORM_1WORD
veze	O
,	O
bitno	O
da	O
ima	O
manje	O
od	O
300	O
kalorija	O
:p	O

jednom	O
kad	O
sam	O
posjetila	O
prapratetu	O
u	O
staračkom	O
domu	O
nije	O
znala	O
tko	O
sam	O
ali	O
mi	O
je	O
u	O
detalje	O
objasnila	O
pravila	O
hazene	O

itsy	O
bitsy	O
spider	O
,	O
here	O
i	O
come	O
!	O

#referendum	O

siniša	O
kovačević	O
:	O
vojvodina	O
mora	O
imati	O
srpski	O
prefiks	O
"	O
dok	O
je	O
sveta	NORM_1WORD
i	O
veka	NORM_1WORD
"	O
ali	O
i	O
biti	O
dovoljno	O
široka	O
za	O
sve	O
druge	O
#izbori	O

i	O
hate	O
to	O
be	O
the	O
one	O
to	O
say	O
it	O
people	O
,	O
ali	O
ljeto	O
je	O
gotovo	O
.	O

-	O
tko	O
će	O
donirati	O
prvi	O
primjerak	O
za	O
muzej	O
penisa	O
.	O

dani	O
su	O
predugi	O
,	O
gubimo	O
noci	NORM_1WORD
.	O

super	O
mi	O
je	O
kad	O
ovako	O
ne	O
drkam	O
pa	O
vidim	O
na	O
sta	NORM_1WORD
sve	O
pleb	O
drka	O
.	O

vidimo	O
se	O
tamo	O
.	O

@msrsan	O
kao	O
evo	O
mene	O
ja	O
sudim	O
:)	O

sandra	O
izgleda	O
ko	NORM_1WORD
da	O
bi	O
sazvakala	NORM_1WORD
40	O
dag	O
goude	NORM_1WORD
da	O
joj	O
pristojno	O
pruzis	NORM_1WORD
40	O
dag	O
goude	NORM_1WORD
(	O
onako	O
odreazanih	NORM_1WORD
u	O
komadu	O
,	O
ko	NORM_1WORD
za	O
pohanje	O
)	O

@tanjugnews	O
@hrpredsjednik	O
@novimedijihrt	O
pa	O
i	O
prokaklulirajte	NORM_1WORD
na	O
duze	NORM_1WORD
pruge	O
i	O
uzmite	O
u	O
obzir	O
i	O
realno	O
sire	NORM_1WORD
trziste	NORM_1WORD
pa	O
makar	O
i	O
za	O
dijelove	O

ovo	O
mi	O
se	O
čak	O
i	O
sviđa	O
:)	O

:)	O
-	O
aoc	O
-	O

ne	O
bi	O
se	O
smilo	NORM_1WORD
napinjat	NORM_1WORD
mozak	O
pred	O
san	O
al	NORM_1WORD
meni	O
ga	O
primiri	O
.	O

to	O
mora	O
biti	O
to	O
.	O

baš	O
kao	O
i	O
prije	O
petnaestak	O
godina	O
sa	O
‘	O
sex	O
and	O
the	O
city	O
’	O
,	O
nitko	O
se	O
ne	O
bi	O
trebao	O
uspoređivati	O
s	O
likovima	O
u	O
‘	O
girls	O
’	O
jer	O
su	O
ljudska	O
smeća	O
.	O

ostanite	O
sa	O
nama	O
i	O
pratite	O
nas	O
i	O
dalje	O
:	O
http://t.co/4eys2l1vcb	O
!	O

pitam	O
nonu	O
da	O
li	O
je	O
platila	O
dozvolu	O
za	O
branje	O
šparuga	NORM_1WORD
po	O
državnim	O
šumama	O
.	O

isusu	O
sretan	O
rođendan	O
,	O
a	O
svima	O
nama	O
želim	O
da	O
mu	O
budemo	O
što	O
sličniji	O
!	O

snimat	O
će	O
se	O
spin-off	O
himym	O
pod	O
nazivom	O
'	O
how	O
i	O
met	O
your	O
father	O
'	O
,	O
ali	O
sa	O
drugim	O
likovima	O
,	O
pričom	O
itd.	O

bivši	O
zvaničnik	O
policije	O
bih	O
i	O
republike	O
srpske	O
čedo	O
kljajić	O
je	O
novi	O
svjedok	O
odbrane	NORM_1WORD
na	O
suđenju	O
karadžiću	O
.	O

dražen	O
lalić	O
:	O
davor	O
šuker	O
mora	O
hitno	O
dati	O
ostavku	O
,	O
kao	O
i	O
zdravko	O
mamić	O
http://t.co/diinjsl6ab	O
#politikahr	O
#vladarh	O
#hns	O

zakaj	NORM_1WORD
dijelovi	O
grada	O
okolini	O
uskom	O
centru	O
smrde	O
po	O
korn	NORM_1WORD
(	O
sumpor	O
,	O
čišćenje	O
kanalizacija	O
mejbi	NORM_1WORD
?	O
)	O
?	O

@karlaandric	O
je	O
i	O
ja	O
sam	O
na	O
kraju	O
bio	O
onak	NORM_1WORD
..	O
njah	O
..	O
očekivao	O
puno	O
više	O
...	O

@anarogina	O
onda	O
bi	O
bilo	O
previse	NORM_1WORD
lijepih	O
predavaca	NORM_1WORD
na	O
jednom	O
predavanju	O
;)	O
@tomislavbilic	O
@aronstanic	O

kakvo	O
špananje	O
žica	O
i	O
nepotrebno	O
treskanje	O
reketa	O
o	O
glavu	O
sudije	O

ja	O
jesam	O
na	O
antikoagulansima	O
.	O

on	O
isto	O
tako	O
misli	O

dovođenje	O
suradnika	O
vojne	O
hunte	O
u	O
hdz	O
organizira	O
stjepo	O
bartulica	O
,	O
i	O
njegova	O
kamarila	O
koja	O
je	O
dovela	O
i	O
npr	NORM_1WORD
reismanicu	O
u	O
rh	O
.	O

kad	O
se	O
radi	O
o	O
muško-ženskim	O
odnosima	O
,	O
backend	O
i	O
dobri	O
data	O
processing	O
algoritmi	O
su	O
ponešto	O
bitniji	O
od	O
frontenda	O
.	O

shoot	O
!	O

@marsfields	O
uvijek	O
je	O
lijepo	O
dobiti	O
bilo	O
kakav	O
komentar	O
jer	O
samim	O
tim	O
znaci	NORM_1WORD
da	O
netko	O
i	O
čita	O
ono	O
što	O
ste	O
napisali	O

eh	O
.	O

@korniv	O
:	O
@universeceo	O
omg	O
sreca	NORM_1WORD
pa	O
te	O
necu	NORM_1WORD
sresti	O
uzivo	NORM_1WORD
.	O

“	O
@zemljinaosa	O
:	O
oće	NORM_1WORD
biti	O
rata	O
?	O
”	O

ok	O
,	O
znam	O
da	O
je	O
netko	O
nekome	O
ponekad	O
fizicki	NORM_1WORD
slican	NORM_1WORD
,	O
podsjeca	NORM_1WORD
necim	NORM_1WORD
na	O
nekoga	O
,	O
no	O
ovo	O
je	O
zastrasujuce	NORM_1WORD
!	O

sad	O
samo	O
izgledam	O
šporka	O

@ivojosipovic	O
ok	O
.	O

jednostavno	O
ću	O
piknuti	O
unfollow	O
na	O
ljude	O
koji	O
od	O
jutra	O
isijavaju	O
negativu	O
na	O
tl	O
.	O

pita	O
linic	NORM_1WORD
poduzetnike	O
di	NORM_1WORD
je	O
novac	O
...	O

imaju	O
li	O
obrtnici	O
uopće	O
koristi	O
od	O
svoje	O
komore	O
?	O

3000	O
kn	O
.	O

kasnim	O
samo	O
10	O
godina	O
.	O

petra	O
marinčić	O
piše	O
o	O
biskupu	O
,	O
zaštitniku	O
mornara	O
i	O
djece	O
,	O
sv.	O
nikoli	O
:	O
http://t.co/xkjvf1ojwg	O
#čizmenaprozore	O

odakle	O
van	NORM_1WORD
hokej	O
mentalitet	O
?	O

rado	O
:)	O

like	O
,	O
really	O
?	O

samsung	O
ponovo	O
kažnjen	O
,	O
ovaj	O
put	O
za	O
prljavi	O
marketing	O
:	O
ako	O
se	O
sjećate	O
,	O
u	O
travnju	O
sam	O
pisao	O
o	O
samsungov	NORM_1WORD
...	O

http://t.co/2vwug6fghk	O
#ffzg	O

kratkometražni	O
animafest	O
:	O
više	O
od	O
400	O
filmova	O
iz	O
cijeloga	O
svijeta	O
http://t.co/c31dbhru5m	O
#zagreb	O
via	O
@jutarnji	O
#film	O
#festival	O

em	O
zadnji	O
dan	O
godišnjeg	O
,	O
em	O
plaćam	O
račune	O
i	O
bookiram	NORM_1WORD
drugim	O
ljudima	O
letove	O
.	O

da	O
,	O
upravo	O
je	O
policajac	O
na	O
airport	O
security-u	NORM_1WORD
pitao	O
crnca	O
sa	O
dreadovima	O
ima	O
li	O
u	O
torbi	O
kakve	O
droge	O
he-he	NORM_1WORD
.	O

kad	O
me	O
obuzme	O
pesimizam	O
,	O
otvorim	O
random	O
portal	O
,	O
pročitam	O
nešto	O
poput	O
:	O
"	O
milana	O
vlaović	O
:	O
tamna	O
strana	O
nogometnog	O
glamura	O
"	O
i	O
odmah	O
je	O
bolje	O
.	O

a	O
on	O
je	O
bio	O
u	O
svakoj	O
kapi	O
kiše	O

današnja	O
pobjednica	O
stvarnog	O
života	O
je	O
16-ogodišnjakinja	NORM_1WORD
somehow	O
nesigurnog	O
i	O
'	O
nisi	O
me	O
vidio	O
'	O
pogleda	O
koja	O
nespretno	O
puši	O
svoju	O
cigaretu	O
.	O

vidila	NORM_1WORD
sam	O
kako	O
izgledaš	O
i	O
čula	O
kako	O
govoriš	O
.	O

mislim	O
da	O
bi	O
dino	O
rađa	O
još	O
uvik	NORM_1WORD
moga	NORM_1WORD
igrat	NORM_1WORD
za	O
repku	O
.	O

od	O
srijede	O
,	O
na	O
još	O
jedan	O
način	O
-	O
svi	O
kao	O
jedno	O

s	O
blagim	O
osmjehom	NORM_1WORD
ic	NORM_1WORD
spavat	NORM_1WORD
.	O

istražite	O
ovu	O
jednostavnu	O
i	O
korisnu	O
aplikaciju	O
za	O
poljoprivrednike	O
!	O

možete	O
osvojiti	O
put	O
na	O
konferenciju	O
u	O
#bruxelles	O
'	O
http://t.co/1npzkghrjx	O

stay	O
tuned	O
!	O

zg	O
jebi	O
se	O

sindikalist	O
zet-a	O
na	O
tv-u	O
kaže	O
da	O
se	O
pokušao	O
švercati	O
u	O
sloveniji	O
,	O
ali	O
su	O
ga	O
drugi	O
putnici	O
spriječili	O
i	O
sada	O
žele	O
da	O
i	O
mi	O
to	O
radimo	O
.	O

pissing	O
contests	O
se	O
nastavljaju	O
i	O
desetljece	NORM_1WORD
nakon	O
.	O

#johnlennon	O
#citati	O
#mudremisli	O
#mudreizreke	O

nije	O
sssr	O
miki	O
ali	O
jebeno	O
ste	O
blizu	O

povezivanje	O
poduzetnika	O
s	O
investitorima	O
kroz	O
projekt	O
#ecofunding	O
http://t.co/ixa8qvw0af	O
#financiranje	O

the	O
soy	O
to	O
meat	O
ratio	O
u	O
tom	O
"	O
hamburgeru	O
"	O
je	O
bio	O
takav	O
da	O
bi	O
ga	O
se	O
komotno	O
moglo	O
preporučit	NORM_1WORD
veganima	O
.	O

čekamo	O
vašu	O
prijavu	O
!	O

odrednica	O
"	O
muškarac	O
"	O
:	O
bećar	O
,	O
bekrija	O
,	O
bilmez	O
,	O
buđovan	O
,	O
čajo	O
,	O
cuger	O
,	O
čularoš	O
,	O
dilkan	O
,	O
dripac	O
,	O
fićfirić	O
,	O
grmalj	O
,	O
kicoš	O
,	O
kum	O
,	O
levat	O
,	O
macan	O
...	O

treba	O
se	O
vratiti	O
čehovu	O
.	O

ja	O
imam	O
slobodnog	O
vremena	O
kao	O
18	O
sati	O
dnevno	O
,	O
a	O
naravno	O
da	O
nista	NORM_1WORD
ne	O
napravim	O
i	O
govorim	O
da	O
nemam	O
vremena	O

gibonni	O
i	O
"	O
20th	O
century	O
man	O
"	O
,	O
njegov	O
prvi	O
album	O
na	O
engleskom	O
,	O
potražite	O
na	O
deezeru	O
!	O

jesmo	O
li	O
bili	O
na	O
istoj	O
utakmici	O
?	O

zapamtite	O
#vukovar	O
!	O

cini	NORM_1WORD
se	O
da	O
je	O
do	O
mreze	NORM_1WORD
u	O
sigetu	O
.	O

@marija_perica	O
kako	O
se	O
kaže	O
ono	O
...	O

pičkin	O
dim	O
.	O

i	O
to	O
ono	O
-	O
budjenje	NORM_1WORD
i	O
akcija	O
!	O

zaljubljena	O
+	O
godisnji	NORM_1WORD
.	O

😍😍	O

eto	O
to	O
mi	O
se	O
događa	O
dragi	O
twitteru	O
.	O

stvarno	O
ne	O
bih	O
,	O
jer	O
to	O
bi	O
bilo	O
stresa	O
na	O
lopate	O
.	O

on	O
stavi	O
na	O
fb	O
sliku	O
svojeg	O
sina	O
kak'	NORM_1WORD
je	O
zaspao	O
sa	O
sisom	O
u	O
ustima	O
.	O

zapratite	O
@zivot_je_igra	O
jer	O
možda	O
kad	O
postane	O
tviter	NORM_1WORD
fejms	O
provodit	O
ce	NORM_1WORD
vise	NORM_1WORD
vremena	O
na	O
tviteru	NORM_1WORD
.	O

gdje	O
ćete	O
vi	O
otići	O
po	O
svoju	O
romanu	O
,	O
a	O
gdje	O
bi	NORM_1WORD
htjeli	O
da	O
dođemo	O
?	O

hžv	O
fa10	O

za	O
20	O
godina	O
od	O
uvođenja	O
građanskog	O
odgoja	O
u	O
škole	O
jutarnji	O
će	O
pisati	O
:	O
nikad	O
manje	O
građani	O
,	O
nikad	O
veći	O
seljačine	O

što	O
naše	O
mlade	O
čeka	O
po	O
tom	O
pitanju	O
strah	O
me	O
i	O
pomisliti	O

bas	NORM_1WORD
sam	O
jadan	O
od	O
kada	O
mi	O
se	O
skype	O
update-ao	NORM_1WORD
;	O
microsoft-ov	NORM_1WORD
plan	O
'	O
ajmo	NORM_1WORD
ga	O
kupit	NORM_1WORD
pa	O
razrondat	NORM_1WORD
'	O
uspjesno	NORM_1WORD
realiziran	O

je	O
li	O
stanković	O
mazohista	NORM_1WORD
kad	O
daje	O
priliku	O
mamiću	O
da	O
urla	O
na	O
njega	O
,	O
a	O
i	O
sve	O
koji	O
to	O
žele	O
gledati	O
?	O

večeras	O
smo	O
vam	O
pripremili	O
fenomenalnu	O
#bubauuhu	O

pa	O
stoko	O
birokratska	O
di	NORM_1WORD
je	O
nas	NORM_1WORD
novac	O
koji	O
uplacujemo	NORM_1WORD
desetljecima	NORM_1WORD
?	O

ocuvati	NORM_1WORD
radna	O
mjesta	O
smanjivanjem	O
satnice	O
.	O

predivna	O
...	O

ako	O
mu	O
već	O
daš	O
vozačku	O
,	O
onda	O
mu	O
daj	O
i	O
pravo	O
boravka	O
.	O

ali	O
portugizac	O
je	O
bio	O
izvrstan	O
.	O

tuzan	NORM_1WORD
neki	O
grad	O
.	O

http://t.co/q9cj62vr82	O
via	O
@sharethis	O

@martinalevar	O
@hrvuljak	O
ovo	O
stvarno	O
je	O
misterij	O
,	O
priznajem	O
.	O

amerharlemboy	O
haha	O
jes	O
jes	O
,	O
ja	O
tu	O
na	O
svaki	O
saraf	NORM_1WORD
vicem	NORM_1WORD
drillin	O
them	O
hoes	O
like	O
chicago	O
isto	O
ne	O
znam	O
jel	NORM_1WORD
necije	NORM_1WORD
#traplife	O

sretan	O
božić	O
,	O
volite	O
se	O
!	O

i	O
to	O
prokleto	O
fini	O
.	O

hrana	O
i	O
vino	O
excluded	O
.	O

dugo	O
.	O

maltene	O
se	O
jede	O
vilicom	O
i	O
nožem	O
,	O
sram	O
te	O
bilo	O
drugačije	O
.	O

isto	O
kao	O
matej	O
delač	O
.	O

no	O
bitch	O
,	O
don't	O
!	O

@vladarh	O
@ivobojkic	O
mahom	O
odlazak	O
u	O
punu	O
mirovinu	O
(	O
dupli	O
broj	O
)	O

na	O
@tportal	O
možete	O
nači	NORM_1WORD
članak	O
'	O
10	O
naj	O
znakova	O
da	O
je	O
ljeto	O
gotovo	O
'	O
http://t.co/2nz5jgsubz	O
srsly	O
?	O

među	O
prvima	O
smo	O
recenzirali	O
iphone	O
...	O

prestalo	O
se	O
grijati	O
ima	O
2	O
tjedna	O
.	O

imale	O
smo	O
dosta	O
skins	O
scenu	O
nakon	O
izlaska	O
.	O

poučno	O
,	O
smiješno	O
i	O
s	O
gif-ovima	NORM_1WORD
!	O

ja	O
sam	O
vaš	O
novi	O
admin	O
toni	O
i	O
potpisivati	NORM_1WORD
ću	O
se	O
kao	O
tonny_69	O
ako	O
vam	O
nije	O
problem	O
budite	O
aktivni	O
i	O
dovodite	O
više	O
fanova	O
.	O

koga	O
postavimo	O
za	O
izbornika	O
,	O
petra	O
skansija	O
?	O

ima	O
puno	O
nelogicnosti	NORM_1WORD
!	O

@kjukar	O
šta	O
fali	O
ljepoti	O
svjetala	O
,	O
šarenilu	O
boja	O
,	O
dva	O
asa	O
i	O
asici	O
?	O

ambijentalna	O
muzika	O
...	O

jel	NORM_1WORD
ima	O
netko	O
za	O
preporučit	NORM_1WORD
nekog	O
mladog	O
domaćeg	O
dizajnera	O
?	O

jer	O
jedno	O
je	O
pisati	O
u	O
steampunku	O
,	O
a	O
drugo	O
je	O
osjećati	O
se	O
ko	NORM_1WORD
u	O
steam	O
roomu	O
...	O

@mate_lendic	O
na	O
svakom	O
koncertu	O
u	O
sloveniji	O
izvodi	O
se	O
gardelin	O
budući	O
da	O
je	O
ta	O
pjesma	O
(	O
kao	O
i	O
film	O
)	O
bila	O
apsolutni	O
hit	O
te	O
godine	O
u	O
sloveniji	O

inače	O
,	O
pravo	O
kršenje	O
umjetničke	O
slobode	O
dogodilo	O
se	O
kad	O
su	O
se	O
pobunili	O
protiv	O
kraja	O
mass	O
effecta	O
3	O
,	O
kojeg	NORM_1WORD
su	O
zbog	O
pritiska	O
"	O
doradili	O
"	O
.	O

od	O
danas	O
do	O
27.11.	O
obrađivat	O
ćemo	O
izabrane	O
dokumente	O
drugog	O
vatikanskog	O
sabora	O
.	O

i	O
ak	NORM_1WORD
je	O
ona	O
kucica	NORM_1WORD
s	O
bazenom	O
slobodna	O
...	O

..	O
ali	O
sada	O
idem	O
,	O
pa	O
makar	O
mi	O
to	O
bilo	O
zadnje	O

@ssuljic	O
sad	O
i	O
ja	O
vidim	O
da	O
dobro	O
radi	O
ovaj	O
dio	O
s	O
kojim	O
se	O
ja	O
mučim	O
...	O

naravno	O
da	O
nije	O
trebao	O
pitati	O
.	O

zval	NORM_1WORD
me	O
neki	O
vrag	O
sa	O
čudnog	O
+77040	O
počeo	O
je	O
pričati	O
na	O
engleskom	O
o	O
nekim	O
dionicama	O
pobiga	NORM_1WORD
sam	O
ća	O
od	O
toga	O
.	O

#croatia	O
is	O
waiting	O
for	O
you	O
!	O

zlo	O
koje	O
ljudi	O
čine	O
živi	O
i	O
poslije	O
njih	O
.	O

predsjednica	O
stranke	O
orah	O
mirela	O
holy	O
za	O
rtl	O
komentirala	O
napade	O
premijera	O
milanovića	O
!	O

tko	O
god	O
da	O
je	O
tvitao	O
za	O
@trecasmjena	O
nek	NORM_1WORD
zna	O
:	O
taj	O
acc	O
je	O
samo	O
jedan	O
od	O
sretnika	O
koji	O
su	O
danas	O
dobili	O
cast	NORM_1WORD
biti	O
na	O
unfollowed	O
listi	O
.	O

opcije	O
u	O
kontakt	O
formi	O
su	O
"	O
pre-sales	O
"	O
i	O
"	O
billing	O
/	O
account	O
"	O
.	O

temperatura	O
uglavnom	O
između	O
6	O
i	O
10	O
°	O
c.	O

volim	O
sendvič	O
iz	O
dubravice	O
od	O
tune	O
i	O
sve	O
sam	O
ih	O
pojela	O
pa	O
ih	O
nema	O
više	O
u	O
zagrebu	O

jebla	NORM_1WORD
vas	O
markićka	O
da	O
vas	O
jebla	NORM_1WORD
u	O
nos	O
,	O
uši	O
i	O
oči	O
proklete	O
,	O
tko	O
je	O
ona	O
bokte	NORM_1WORD
mazo	NORM_1WORD
da	O
nas	O
stalno	O
šopate	O
s	O
tim	O
šta	O
ona	O
ima	O
za	O
reći	O
jebote	NORM_1WORD
!	O

video	O
:	O
k-plus	O
mlijeko	O
–	O
evo	O
čime	O
hranite	O
djecu	O
,	O
okrenut	O
će	O
vam	O
se	O
želudac	O
http://t.co/bbnhsbnkae	O
via	O
@theme_junkie	O

svi	O
cekaju	NORM_1WORD
taj	O
jedan	O
uspjesan	NORM_1WORD
posao	O
koji	O
ce	NORM_1WORD
im	O
promjeniti	NORM_1WORD
zivot	NORM_1WORD
.	O

jesmo	O
nas	O
troje	O
u	O
rodu	O
?	O

osim	O
toga	O
da	O
jesu	O
ne	O
bi	O
to	O
radili	O
javno	O
....	O

u	O
ovoj	O
epizodi	O
:	O
srbin	O
,	O
hrvat	O
i	O
albanac	O
,	O
ali	O
nije	O
vic	O
,	O
24	O
minuta	O
;	O
deveta	O
epizoda	O
http://t.co/foctxnmxls	O
via	O
@youtube	O
,	O
mnogo	O
dobro	O
,	O
idro	O
je	O
zakon	O

nisam	O
to	O
ja	O
rekao	O
!	O

@vdulabic	O
@kegnatz	O
@skukolja	O
nažalost	O
,	O
kvaliteta	O
kadra	O
na	O
fakultetima	O
i	O
outputa	O
koji	O
proizvodi	O
sustav	O
sprječava	O
rezolutne	O
osude	O
ovakvih	O
mjera	O

svatko	O
ima	O
pravo	O
pogađati	O
koliko	O
god	O
puta	O
želi	O
.	O

gajite	O
li	O
vi	O
ljubav	O
prema	O
nekome	O
,	O
gaji	O
li	O
ju	O
netko	O
prema	O
vama	O
?	O

majka	O
je	O
ušla	O
kroz	O
vrata	O
i	O
prvo	O
što	O
je	O
rekla	O
je	O
da	O
sada	O
izgledam	O
kao	O
morticija	O

moj	O
čep	O
je	O
nesta	NORM_1WORD
.	O

kappa	O
tene	O
,	O
bijele	O
,	O
samo	O
to	O
nosiš	O
ko	NORM_1WORD
kišni	O
čovjek	O
.	O

volim	O
siditi	NORM_1WORD
do	O
zadnje	O
sekunde	O
prije	O
nego	O
ću	O
izaći	O
tramvaja	O
da	O
pokažem	O
ljudima	O
koji	O
se	O
dignu	O
stanicu	O
prije	O
da	O
postoji	O
bolji	O
život	O
od	O
toga	O

eh	O
,	O
na	O
što	O
će	O
me	O
sve	O
majka	O
natjerati	O
...	O

baš	O
me	O
raznježi	O
.	O

ah	O
taj	O
xampp	O
na	O
windowsima	O
počinje	O
raditi	O
belaj	O
.	O

ja	O
stvarno	O
ne	O
mogu	O
vjerovati	O
da	O
se	O
viješću	O
naziva	O
informacija	O
da	O
jennifer	O
lawrence	O
na	O
nekoj	O
zabavi	O
nije	O
nosila	O
donje	O
rublje	O
.	O

to	O
je	O
dokaz	O
da	O
sam	O
mrvu	O
nezrela	O
ili	O
pak	O
politicki	NORM_1WORD
mutava	O
.	O

spraksiro	NORM_1WORD
sam	O
se	O
u	O
in	NORM_1WORD
purchase	O
programiranju	O
.	O

#nomnom	O
#bosnianmomsarebest	O

stay	O
tuned	O
za	O
premijeru	O
kratkog	O
filma	O
u	O
režiji	O
velikana	O
@spikelee	O
za	O
@kellyrowland	O
's	O
#thegame	O
sutra	O
!	O

priprema	O
,	O
pooozor	NORM_1WORD
-	O
sad	O
!	O

jedva	O
čekam	O
da	O
se	O
večeras	O
vratim	O
u	O
stvarnost	O
jer	O
sutra	O
je	O
monday	O
,	O
monday	O
gotta	O
go	O
to	O
work	O
on	O
monday	O
.	O

guess	O
what	O
nakon	O
tri	O
sata	O
.	O

ako	O
nemas	NORM_1WORD
bar	O
jednog	O
prijatelja	O
s	O
kojim	O
se	O
druzis	NORM_1WORD
vise	NORM_1WORD
od	O
deset	O
godina	O
,	O
onda	O
imas	NORM_1WORD
karakterni	O
problem	O
.	O

[	O
opatija	O
]	O
dođite	O
na	O
europski	O
dan	O
poslova	O
-	O
utorak	O
,	O
11.11.	O
grand	O
hotel	O
4	O
opatijska	O
cvijeta	O
11	O
-	O
17	O
h.	O
http://t.co/5pymwutr2n	O
#eures	O

razmišljate	O
o	O
otvaranju	O
vlastite	O
agencije	O
za	O
zapošljavanje	O
?	O

daj	O
mi	O
mlađe	O
nas	O
!	O

@vdulabic	O
a	O
smanjenje	O
broja	O
zupanija	NORM_1WORD
povlaci	NORM_1WORD
povecanje	NORM_1WORD
broja	O
agencija	O
za	O
prodavanje	O
magle	O
gdje	O
ce	NORM_1WORD
se	O
uhljebiti	O
visak	NORM_1WORD
politickih	NORM_1WORD
podobnika	O

@claircc	O
neka	O
ženska	O
je	O
na	O
neko	O
predavanje	O
prvi	O
tjedan	O
faksa	O
donila	O
laptop	O
i	O
account	O
joj	O
je	O
bio	O
doktorica	O

"	O
potraži	O
ženu	O
s	O
kojom	O
ćeš	O
dijeliti	O
novac	O
kada	O
ga	O
budete	O
imali	O
i	O
fantazije	O
kada	O
ga	O
nećete	O
imati	O
.	O
"	O

nikako	O
to	O
nema	O
veze	O
s	O
gužvom	O
!	O

hm	O
...	O

jedna	O
pra-pra-pra-pra-nona	O
mi	O
se	O
prezivala	O
isto	O
k'o	NORM_1WORD
i	O
@kjukar	O
,	O
a	O
druga	O
kao	O
@lijerko	O
.	O

želite	O
zadržati	O
talentirane	O
zaposlenike	O
?	O

to	O
je	O
njihov	O
thing	O
.	O

ubio	O
bivšu	O
ženu	O
nakon	O
dugih	O
prijetnji	O
da	O
će	O
je	O
ubiti	O
.	O

al	NORM_1WORD
ova	O
scena	O
pocinje	NORM_1WORD
hey	O
bruder	O
na	O
radiu	NORM_1WORD
,	O
gelo	O
dize	NORM_1WORD
ruke	O
skida	O
tshirt	NORM_1WORD
,	O
ma	O
đe	NORM_1WORD
to	O
ima	O
,	O
kakav	O
je	O
to	O
bosanac	O

http://t.co/rkualuydcw	O
#omizio	O

@barbaraslade	O
da	O
al	NORM_1WORD
baš	O
veli	O
ekipa	O
da	O
je	O
vulkal	O
jako	O
spustio	O
cijene	O
...	O

install	O
,	O
login	O
,	O
sve	O
5	O
,	O
ali	O
nema	O
kontakata	O
.	O

:)	O

a	O
da	O
ne	O
kažem	O
da	O
će	O
trajati	O
ravno	O
do	O
zimskog	O
računanja	O
vremena	O
nakon	O
čega	O
će	O
mu	O
susjedi	O
odrediti	O
istu	O
sudbinu	O
kao	O
i	O
malom	O
pogonu	O
tvornice	O
.	O

ne	O
znam	O
da	O
li	O
je	O
ovaj	O
imdb	O
top	O
250	O
najveća	O
prevara	O
ikad	O
ili	O
empirijski	O
dokaz	O
da	O
je	O
svijet	O
pun	O
ljudi	O
bez	O
stila	O
i	O
ukusa	O

jel	NORM_1WORD
mi	O
netko	O
može	O
objasnit	NORM_1WORD
ovaj	O
mega	O
ultra	O
turbo	O
hype	O
oko	O
destinya	NORM_1WORD
?	O

nešto	O
se	O
događa	O

poželjna	O
blizina	O
tramvaja	O
i	O
centralno	O
grijanje	O
.	O

uživam	O
u	O
svakom	O
slovu	O
briljantnog	O
pisca	O
#ivoandric	O

21:00	O
,	O
ulaz	O
free	O

uh	O
...	O

il	NORM_1WORD
što	O
već	O
bio	O
pravi	O
razlog	O
!	O

jer	O
je	O
attention	O
whore	O
.	O

di	NORM_1WORD
mi	O
je	O
če	NORM_1WORD
za	O
boćicu	NORM_1WORD
proteina	O
?	O

–	O
rather	O
be	O
feat.	O
jess	O
glynne	O
by	O
clean	O
bandit	O
,	O
fro	O
...	O

@utikejt	O
zato	O
jer	O
je	O
goran	NORM_1WORD
duhačak	NORM_1WORD
treća	O
klasa	O
aktivista	O
i	O
on	O
može	O
samo	O
na	O
sućeljavanje	NORM_1WORD
u	O
lokalne	O
tv	O
kanale	O
sa	O
pripravnicima	O
opusdei	NORM_1WORD
družine	O

-	O
muka	O
mi	O
je	O
od	O
onih	O
koji	O
se	O
kunu	O
u	O
zemlju	O
koju	O
su	O
ogulili	O
ko	NORM_1WORD
bananu	O
.	O

hvala	O
.	O

vidimo	O
se	O
u	O
hgk	O
u	O
puli	O
u	O
srijedu	O
.	O

od	O
ponedjeljka	O
svježije	O
.	O

najgore	O
mi	O
je	O
kad	O
u	O
pekari	O
nemaju	O
onaj	O
jedan	O
kruh	O
koji	O
uvijek	O
kupujem	O
pa	O
nakon	O
razmišljanja	O
kažem	O
:	O
dajte	O
mi	O
onaj	O
okrugli	O
.	O

lijepi	O
ljudi	O
bolje	O
prolaze	O
u	O
zivotu	NORM_1WORD
.	O

@onlymartina	O
pa	O
da	O
,	O
čekat	NORM_1WORD
neke	O
turce	NORM_1WORD
da	O
nas	O
potope	O
!	O

takav	O
smo	O
narod	O
.	O

puno	O
hrane	O
i	O
ljubavi	O
danas	O
na	O
našem	O
portalu	O
-	O
http://t.co/2emnklqeb3	O

pritom	O
teško	O
oštećeni	O
za	O
gol	O
kod	O
1:0.	O

jel	NORM_1WORD
to	O
znači	O
da	O
mi	O
trebaju	O
friški	O
drajveri	NORM_1WORD
?	O

sirnica	O
se	O
isto	O
broji	O
:d	O

zakon	O
kupovine	O
:	O
"	O
kada	O
pronađete	O
neki	O
artikal	NORM_1WORD
koji	O
vam	O
se	O
zaista	O
sviđa	O
i	O
nije	O
skup	O
,	O
prestanu	O
ga	O
proizvoditi	O
!	O
"	O

ovaj	O
ballmer	O
-	O
milanovic	O
dogovor	O
i	O
daljnje	O
sirenje	NORM_1WORD
toksicnih	NORM_1WORD
m	O
$	O
paketa	O
je	O
takav	O
korak	O
unazad	O
.	O

moje	O
su	O
prognoze	O
rezultat	O
lošeg	O
kombiniranja	O
pročitanog	O
na	O
meteo.hr	O
i	O
podataka	O
s	O
iphonea	O
(	O
powered	O
by	O
yahoo	O
)	O
.	O

na	O
inm	NORM_1WORD
sam	O
upoznao	O
pola	O
članova	O
benda	O
gatuzo	O
;-)	O

a	O
,	O
danas	O
i	O
jučer	O
su	O
moby	O
days	O
.	O

biti	O
muškarac	O
ima	O
svojih	O
prednosti	O
.	O

thumbs	O
up	O

https://t.co/6ki5cm0yzt	O
@skakeller	O

http://t.co/zq2ytr6pvm	O
danas	O
slavi	O
10	O
mjeseci	O
postojanja	O
i	O
još	O
uvijek	O
smo	O
tu	O
i	O
polako	O
ali	O
sigurno	O
rastemo	O
i	O
ne	O
damo	O
se	O

jedva	O
dišem	O
.	O

@mrak	O

sta	NORM_1WORD
je	O
ovo	O
?	O

nije	O
me	O
dugo	O
bilo	O
sa	O
#uletiuprazno	O
...	O

onak	NORM_1WORD
,	O
trebao	O
bi	O
imat	NORM_1WORD
supermegagiga	NORM_1WORD
ideje	O
i	O
još	O
bolje	O
načine	O
da	O
ih	O
izrekne	NORM_1WORD
,	O
a	O
lik	O
krade	O
jebene	O
tweetove	O
.	O

@karleusastar	O
se	O
uvijek	O
napada	O
,	O
nije	O
bitan	O
razlog	O
.	O

drugih	O
50	O
%	O
je	O
vjerojatno	O
sumnjalo	O
da	O
se	O
radi	O
o	O
prijevari	O
,	O
no	O
to	O
je	O
i	O
dalje	O
velik	O
broj	O
.	O

kad	O
si	O
sa	O
sestrama	O
ne	O
može	O
drugačije	O
nego	O
da	O
pričate	O
nepovezano	O
i	O
grčite	O
se	O
od	O
smijeha	O
na	O
sve	O
!	O

bless	O
you	O
moja	O
bosanska	O
majkačo	O
.	O

volim	O
peglati	O
odjeću	O
,	O
opušta	O
me	O
.	O

@vipnethrv	O
da	O
li	O
je	O
,	O
kako	O
su	O
mi	O
rekli	O
u	O
vip	O
shopu	O
,	O
promocija	O
za	O
bez	O
granice	O
tarife	O
,	O
produžena	O
do	O
kraja	O
srpnja	O
?	O

eragon	O
na	O
televiziji	O
sta	NORM_1WORD
je	O
ovo	O
noc	NORM_1WORD
dobrih	O
filmova	O
,	O
prvo	O
kronike	O
iz	O
narnije	O
a	O
sad	O
eragon	O
wow	O
,	O
thanks	O

ko	NORM_1WORD
ce	NORM_1WORD
za	O
ovi	NORM_1WORD
bigfoot	O
ista	NORM_1WORD
nač	NORM_1WORD
....	O

u	O
društvu	O
sam	O
5ero	NORM_1WORD
muških	O
kolega	O
s	O
faksa	O
.	O

zvuk	O
u	O
ušima	O
je	O
nepoznat	O
.	O

lev	O
centrih	O
:	O
dugo	O
20.	O
stoljeće	O
seljačkih	O
ratova	O
(	O
ii.	O
dio	O
)	O
:	O
uoči	O
sutrašnjeg	O
predavanja	O
leva	O
centriha	O
„	O
pov	O
...	O

fejv	NORM_1WORD
,	O
fejv	NORM_1WORD
...	O

prva	O
polovica	O
puta	O
je	O
bilo	O
ok	O
,	O
a	O
onda	O
je	O
počela	O
borba	O
s	O
vjetrom	O
.	O

đurđica	O
iz	O
naše	O
priče	O
tvrdi	O
:	O
zbog	O
cjepiva	O
protiv	O
gripe	O
ne	O
mogu	O
normalno	O
hodati	O
!	O

u.s.	O
hits	O
militants	O
in	O
syria	O
http://t.co/dsh5jzi2rr	O
via	O
@washingtonpost	O

dosta	O
mi	O
je	O
provjera	O
i	O
sl.	O

@velinovski	O
samim	O
tim	O
znači	O
da	O
se	O
samo	O
ulaže	O
a	O
ništa	O
se	O
ne	O
dobija	NORM_1WORD
a	O
posluje	O
pozitivno	O
...	O

tako	O
sam	O
umorna	O
,	O
a	O
u	O
ponoć	O
me	O
čeka	O
sastanak	O
u	O
trajanju	O
od	O
vjerojatno	O
sat	O
vremena	O
,	O
zatim	O
rano	O
ustajanje	O
i	O
cjelodnevni	O
program	O
na	O
plaži	O
.	O

slučaj	O
brazil	O
6	O
-	O
unutarnja	O
kontrola	O
istražuje	O
slučaj	O
‘	O
utakmice	O
’	O
argentina	O
-	O
bosna	O
i	O
hercegovina	O
http://t.co/lsqnkwibkc	O
via	O
@news_bar	O

jesmo	O
se	O
za	O
to	O
borili	O
?	O

glej	NORM_1WORD
te	O
nogice	NORM_1WORD
,	O
bele	NORM_1WORD
rokice	NORM_1WORD
,	O
i	O
tajice	O
sa	O
textom	NORM_1WORD
na	O
guzi	O
.	O

ajd	NORM_1WORD
u	O
kurac	O

odgovara	O
#skansi	O
markoviću	O
:	O
jedva	O
čekamo	O
da	O
dođe	O
uefa	O
pa	O
da	O
vide	O
kako	O
se	O
to	O
kod	O
nas	O
radi	O
..	O
@rtldanas	O

go	O
go	O
go	O
!	O

podebljaš	O
s	O
pola	O
litre	O
jogurta	O
(	O
prehladno	O
je	O
za	O
pivu	NORM_1WORD
)	O
i	O
nemaš	O
brige	O

majstori	O
spavaju	O
u	O
kombijima	O
sa	O
dicom	NORM_1WORD
i	O
familijama	O
i	O
brste	O
sve	O
redom	O
.	O

zidane	O
:	O
"	O
real	O
madrid	O
se	O
nece	NORM_1WORD
preplasiti	NORM_1WORD
nijedne	O
cene	NORM_1WORD
koju	O
tottenham	O
zatrazi	NORM_1WORD
,	O
za	O
njega	O
necemo	NORM_1WORD
zaliti	NORM_1WORD
novac	O
.	O
"	O

elbert	O
hubbard	O
(	O
1856	O
-	O
1915	O
)	O

@petkovitj	O
gledala	O
sam	O
danas	O
svoje	O
greske	NORM_1WORD
i	O
samo	O
se	O
pomolila	O
za	O
svoju	O
dusu	NORM_1WORD
i	O
njen	O
siguran	O
odlazak	O
u	O
raj	O

čuvaj	O
glavu	O

kod	O
nas	O
su	O
pretezno	NORM_1WORD
neke	O
bieber	O
digimonke	O
koje	O
nude	O
follow	O
back	O
i	O
vriste	NORM_1WORD
u	O
svakom	O
tvitu	O
.	O

@kjukar	O
@writingmammal	O
uvukli	O
smo	O
te	O
u	O
mrežu	O
paukovu	O
iz	O
koje	O
se	O
više	O
ne	O
možeš	O
iskoprcati	O
:)	O

how	O
corrupt	O
is	O
your	O
country	O
?	O

....	O
sta	NORM_1WORD
mu	O
fali	O
i	O
bla	O
bla	O
bla	O
.	O

unda	NORM_1WORD
mir	O
na	O
lajni	O
.	O

http://t.co/7orthouohh	O
#govhr	O

hvala	O
što	O
nas	O
pratite	O
!	O

yo	NORM_1WORD
can't	O
make	O
this	O
shit	O
up	O
!	O

kuhanje	O
tortelina	NORM_1WORD
me	O
podsjeca	NORM_1WORD
na	O
ucjene	O
od	O
bivseg	NORM_1WORD
da	O
ce	NORM_1WORD
me	O
ostaviti	O
jer	O
ce	NORM_1WORD
se	O
od	O
mene	O
samo	O
udebljati	O
^^	O

imala	O
sam	O
"	O
holy	O
shit	O
mind	O
blown	O
"	O
trenutak	O
kada	O
sam	O
shvatila	O
da	O
je	O
luke	O
hemmings	O
samo	O
godinu	O
dana	O
stariji	O
od	O
mene	O
.	O

koji	O
odjebic	NORM_1WORD
sebic	NORM_1WORD

danas	O
i	O
do	O
kraja	O
tjedna	O
vrijeme	O
će	O
biti	O
suho	O
i	O
prohladno	O
.	O

sve	O
je	O
rečeno	O
.	O

eat	O
,	O
sleep	O
,	O
rave	O
,	O
repeat	O
je	O
definitivno	O
moj	O
moto	O
.	O

jučer	O
me	O
ovi	O
iz	O
firme	O
nisu	O
pustili	O
na	O
usavršavanje	O
.	O

ko	NORM_1WORD
radodajka	O
na	O
cajkama	O
...	O

pa	O
baš	O
mi	O
je	O
drago	O
da	O
je	O
ovaj	O
šimleša	O
tako	O
in	O
tune	O
sa	O
svojim	O
osjećajima	O
,	O
good	O
for	O
him	O
.	O

reko	NORM_1WORD
nema	O
jabolka	NORM_1WORD
,	O
samo	O
vanilka	O
.	O

chocolate	O
chip	O
cookies	O
,	O
strudle	NORM_1WORD
i	O
noblice	O
-	O
beach	O
body	O
here	O
i	O
come	O
;)	O

#britanskakultura	O

drugorazredna	O
replika	O
catch	O
me	O
if	O
you	O
can	O
.	O

i	O
tako	O
sam	O
ja	O
svojoj	O
svekrvi	O
po	O
tko	O
zna	O
koji	O
put	O
pokusala	NORM_1WORD
objasniti	O
nesto	NORM_1WORD
.	O

zna	O
li	O
netko	O
za	O
dobar	O
middleman	O
shipping	O
servis	O
za	O
njemačku	O
ili	O
uk	O
?	O

nije	O
fer	O
.	O

anyone	O
got	O
a	O
clue	O
?	O

reklama	O
na	O
jednom	O
sajtu	NORM_1WORD
:	O
"	O
click	O
here	O
if	O
you	O
want	O
to	O
know	O
if	O
god	O
exist	O
.	O
"	O

mlađa	O
sestra	O
je	O
obaviještena	O
.	O

biciklisti	O
!	O

mosmislit	NORM_1WORD

bit	O
ce	NORM_1WORD
ko	NORM_1WORD
u	O
inglorious	NORM_1WORD
bastards	NORM_1WORD
....	O

veliki	O
horoskop	O
za	O
2014.	O
godinu	O
!	O

@ahmateja	O
narucis	NORM_1WORD
sa	O
uk	O
ebaya	O
,	O
platis	NORM_1WORD
mrvicu	O
vise	NORM_1WORD
dode	NORM_1WORD
za	O
par	O
dana	O
.	O

sa	O
oduševljenjem	O
smo	O
prihvatili	O
sve	O
najgore	O
od	O
nacionalizma	O
.	O

nidje	NORM_1WORD
golfa	O
,	O
nidje	NORM_1WORD
lopticijeh	NORM_1WORD
.	O

nemerem	NORM_1WORD
ja	O
te	O
tambure	O
i	O
harmonike	O
,	O
sto	NORM_1WORD
se	O
mene	O
tice	NORM_1WORD
~	O
addio	O
carnevale	O
;	O
lepo	NORM_1WORD
se	O
imajte	O
!	O

@lucija0doll	O
sumnjam	O
da	O
jesu	O
...	O

samo	O
na	O
http://t.co/suxvz6n5j2	O
od	O
ponoći	O
!	O

ako	O
#ff	O
onda	O
@georgebelgrade	O
jer	O
momak	O
ima	O
izvrstan	O
glazbeni	O
ukus	O
i	O
osjecaj	NORM_1WORD
za	O
estetiku	O
.	O

@amademozart	O
nisam	O
jos	NORM_1WORD
,	O
vjerojatno	O
cu	NORM_1WORD
za	O
vikend	O
.	O

#nkrijeka	O

nemremo	NORM_1WORD
nać	NORM_1WORD
sijedog	O
sa	O
sex	O
and	O
submissiona	O
,	O
help	O
!	O

u	O
slavoniji	O
tmurnije	O
.	O

na	O
moru	O
samo	O
sunce	O
,	O
a	O
ovdje	O
na	O
kopnu	O
polusunčano	O
-	O
polumaglovito	O
.	O

http://t.co/vmj0s04tot	O
#omizio	O

e	O
vi	O
hodajuce	NORM_1WORD
venere	O
,	O
odjebite	O
s	O
izjavama	O
tipa	O
:	O
jao	O
grozno	O
izgledam	O
i	O
ne	O
zicajte	NORM_1WORD
indirektno	O
komplimente	O
.	O

popularni	O
istarski	O
pjevac	NORM_1WORD
d.	O
marovic	NORM_1WORD
sudjelovao	O
je	O
na	O
manifestaciji	O
istarski	O
dani	O
u	O
slovackoj	NORM_1WORD
.	O

znaci	NORM_1WORD
moji	O
najbolji	O
prijatelji	O
se	O
klade	O
koliko	O
dugo	O
cu	NORM_1WORD
se	O
vidjat	NORM_1WORD
s	O
nekime	O
dok	O
ne	O
kazem	NORM_1WORD
da	O
je	O
psiho	O
kolekcija	O

zivilo	NORM_1WORD
20.	O
stoljece	NORM_1WORD
!	O

shvatila	O
sam	O
da	O
je	O
bojanje	O
kose	O
nekom	O
novom	O
nijansom	O
vjerojatno	O
najveci	NORM_1WORD
rizik	O
u	O
mom	O
zivotu	NORM_1WORD
.	O

ok	O
,	O
ne	O
mogu	O
je	O
više	O
smisliti	O
zato	O
jer	O
me	O
podsjeća	O
na	O
osobu	O
koju	O
volim	O
,	O
a	O
koja	O
nije	O
uz	O
mene	O
i	O
ok	O
,	O
mrzim	O
je	O
i	O
ne	O
želim	O
pričati	O
s	O
njom	O
.	O

ove	O
godine	O
za	O
bozic	NORM_1WORD
zelin	NORM_1WORD
..	O
da	O
si	O
tu	O

o	O
bože	O
mili	O
,	O
stvarno	O
sam	O
ponekad	O
ekstrem	O
.	O

kad	O
cura	O
frajeru	O
na	O
zid	O
napiše	O
kako	O
svatko	O
treba	O
takvog	O
prijatelja	O
koji	O
zna	O
sve	O
njezine	O
tajne	O
bla	O
bla	O
...	O

oke	O
ajd	NORM_1WORD
.	O

“	O
nisam	O
shvaćala	O
što	O
to	O
znači	O
.	O

superman's	O
chest	O
hair	O
?	O

-	O
ne	O
znam	O
kako	O
grbin	O
onoliki	O
stane	O
u	O
šupak	O
milanovića	O
i	O
ponavlja	O
sve	O
što	O
ovaj	O
kaže	O
...	O

#podijeli	O
#plzrt	O

"	O
gledaj	O
i	O
pati	O
"	O
#cirozapameti	O

@branaja	O
nije	O
loše	O
,	O
iako	O
bi	NORM_1WORD
radije	O
kupio	O
dvd	O
(	O
ili	O
blu	NORM_1WORD
)	O
boxset	NORM_1WORD
,	O
ali	O
je	O
stvarno	O
ok	O
cijena	O
.	O

zašto	O
se	O
još	O
niko	NORM_1WORD
u	O
poreznoj	O
upravi	O
nije	O
sitia	NORM_1WORD
na	O
one	O
natpise	O
o	O
nužnosti	O
izdavanja	O
računa	O
napisati	O
slogan	O
"	O
tko	O
ne	O
izda	O
-	O
piz*a	NORM_1WORD
!	O
"	O

i	O
will	O
murder	O
you	O
.	O

tri	O
čaja	O
s	O
limunom	O
,	O
imunosal	O
,	O
coldrex	O
,	O
šumeće	O
tablete	O
,	O
deke	O
i	O
panick	O
attack	O
.	O

@utikejt	O
@shoppinghauer	O
brak	O
će	O
postojati	O
koliko	O
i	O
vjerovanje	O
u	O
bogove	O
.	O

ako	O
je	O
syllabus	O
točan	O
,	O
danas	O
na	O
predavanje	O
dolazi	O
genius	O
,	O
billionaire	O
,	O
playboy	O
,	O
filantropist	O
@scvetojevic	O
#efzg	O

nadam	O
se	O
da	O
neće	O
propasti	O
knjižnice	O
zbog	O
ove	O
akcije	O
.	O

jedino	O
je	O
danas	O
bilo	O
bas	NORM_1WORD
naporno	O
a	O
dolje	O
nikak	NORM_1WORD
da	O
se	O
s	O
kuharom	O
dogovorim	O
za	O
rucak	NORM_1WORD
jer	O
ga	O
neki	O
deda	O
udavio	O
:)	O

djeve	O
drage	O
,	O
bolje	O
bi	O
vam	O
kung-fu	O
ili	O
taekwondo	O
stajao	O
zato	O
jer	O
previse	NORM_1WORD
mlacenja	NORM_1WORD
i	O
izgledate	O
strgano	O
:	O

bek-sten	O
-	O
feat.	O
irena	O
sladic	NORM_1WORD
-	O
zbog	O
tebe	O
tekst	O
:	O
i	O
dok	O
sam	O
drugu	O
gledao	O
,	O
bila	O
si	O
u	O
mojim	O
ocim	NORM_1WORD
...	O

evo	O
i	O
filma	O
,	O
možda	O
mi	O
postane	O
jasnije	O
.	O

cheers	O
iz	O
ladovine	NORM_1WORD
.	O

@kirby_kenny	O
nažalost	O
čini	O
mi	O
se	O
da	O
će	O
sad	O
ljudi	O
s	O
drugih	O
kontinenata	O
znati	O
što	O
je	O
točno	O
hrvatska	O
pa	O
neće	O
više	O
ni	O
biti	O
takvih	O
pitanja	O

na	O
kraju	O
će	O
se	O
potucati	O
po	O
bh	O
premier	O
league	O
.	O

isključio	O
sam	O
svjetla	O
na	O
jedan	O
sat	O
.	O

iako	O
su	O
nad	O
mojim	O
kvartom	O
crni	O
oblaci	O
,	O
ja	O
vjerujem	O
kad	O
moj	O
weather	O
app	O
kaze	NORM_1WORD
da	O
nece	NORM_1WORD
padati	O
kisa	NORM_1WORD
.	O

kad	O
bi	O
@hajduk	O
svaku	O
utakmicu	O
igrao	O
kao	O
ovu	O
s	O
@besiktas	O
,	O
nitko	O
sretniji	O
nebi	NORM_1WORD
bio	O
od	O
mene	O
!	O

pod	O
hitno	O
.	O

dođite	O
i	O
pitajte	O
stručnjake	O
o	O
svojim	O
pravima	O
!	O

znači	O
@boskovicmarko	O
se	O
naježio	O
,	O
ja	O
proplakah	O
na	O
alessa	O
,	O
nemam	O
drugih	O
riječi	O
#dumdumvikend	O
@enterzagreb	O
:))	O

eto	O
koliko	O
ocu	NORM_1WORD
pojebat	NORM_1WORD
nesto	NORM_1WORD
novo	O
veceras	NORM_1WORD
.	O

mnogi	O
pitaju	O
koliko	O
košta	O
ulaznica	O
za	O
brunch	O
.	O

jebeno	O
je	O
ovo	O
naše	O
zdravstvo	O
.	O

u	O
prevodu	NORM_1WORD
još	O
malo	O
free	O
money	O
.	O

metoxx	O
portal	O
na	O
2.	O
mjestu	O
najčitanijih	O
&#141;	O
tv	O
portala	O
!	O

nakon	O
toga	O
far	NORM_1WORD
l'americano	O
kuduro	O
crapmix	O

“	O
@humpibump	O
:	O
:o	O

kombinacija	O
nutele	NORM_1WORD
,	O
oraha	O
,	O
bajama	O
,	O
cokolade	NORM_1WORD
i	O
kokosa	O
ce	NORM_1WORD
me	O
stajat	NORM_1WORD
zivota	NORM_1WORD

ovo	O
jutro	O
posvećujem	O
svim	O
bendovima	O
koji	O
me	O
se	O
na	O
prvu	O
nisu	O
dojmili	O
i	O
sada	O
im	O
dajem	O
novu	O
šansu	O
da	O
mi	O
se	O
svide	O
:)	O

dobro	O
jutro	O
#prvasmjena	O

jao	O
.	O

sutra	O
sunčano	O
i	O
toplo	O
.	O

tijekom	O
četvrtka	O
moglo	O
bi	O
biti	O
obilne	O
kiše	O
pa	O
čak	O
i	O
lokalnog	O
nevremena	O
.	O

'	O
@organvida	O
:	O
@openshowzagreb	O
neće	O
se	O
održati	O
na	O
livadi	O
hdlu-a	O
,	O
već	O
u	O
galeriji	O
sc	O
(	O
iza	O
francuskog	O
paviljona	O
)	O
!	O

@bur7al	O
@pohane_tikvice	O
jedino	O
dobro	O
sto	NORM_1WORD
mi	O
se	O
dogodilo	O
taj	O
dan	O
je	O
predivna	O
pato	O
u	O
predivnoj	O
bozicnoj	NORM_1WORD
opravici	O
i	O
taj	O
caj	NORM_1WORD

@nedeljko	O
naravno	O
da	O
je	O
potrebno	O
dobro	O
matematičko	O
obrazovanje	O
u	O
okviru	O
pmf-a	O
ali	O
ako	O
oni	O
ostanu	O
kruti	O
prostor	O
će	O
osvajati	O
učiteljski	O

javljam	O
joj	O
svaki	O
pokret	O
njenih	O
roditelja	O
jer	O
joj	O
je	O
dečko	O
u	O
kući	O
hehe	O
.	O

#ramljak2013	O

tvitove	O
o	O
politici	O
uredno	O
preskacem	NORM_1WORD
:)	O

..	O
svi	O
bi	O
tribali	NORM_1WORD
imati	O
split	O
..	O
:/	O

@mari7ske	O
jesi	O
cula	NORM_1WORD
da	O
se	O
udajem	O
?	O

evo	O
sad	O
sam	O
zakasnio	O
na	O
bus	O
jer	O
je	O
album	O
usporen	O
.	O

mama	O
kaže	O
da	O
me	O
čeka	O
krumpiruša	O
doma	O
.	O

@mornarka	O
prošle	O
godine	O
sam	O
lajsao	O
sa	O
stativom	O
i	O
fotićem	O
po	O
noći	O

1.	O
otvoriš	O
"	O
profile	O
"	O
,	O
2.	O
"	O
edit	O
your	O
profile	O
"	O
,	O
3.	O
uključiš	O
"	O
always	O
use	O
https	O
"	O
.	O

internet	O
na	O
staroj	O
zemljopisnoj	O
karti	O
->	O
http://t.co/ukabk4ojky	O
[	O
foto	O
]	O
http://t.co/dygarkhztb	O

obećala	O
sam	O
sestri	O
da	O
idemo	O
van	O
večeras	O
.	O

slušatelj	O
dobije	O
dojam	O
da	O
su	O
do	O
isključenja	O
imali	O
igru	O

there	O
,	O
good	O
doggy	O
!	O

not	O
so	O
funny	O
anymore	O
.	O

@r_i_b_a	O
i	O
ti	O
bi	O
tako	O
izgledao	O
da	O
si	O
godinama	O
u	O
politici	O
i	O
radis	NORM_1WORD
16	O
sati	O
dnevno	O
da	O
nama	O
svima	O
bude	O
bolje	O

dosta	O
tupavo	O
,	O
nista	NORM_1WORD
saxy	NORM_1WORD
.	O

ma	O
fuck	O
off	O
,	O
sparkirajte	O
vodeni	O
top	O
pred	O
sabor	O
i	O
cekajte	NORM_1WORD
kraj	O
sjednice	O
.	O

osvrt	O
napisan	O
i	O
poslan	O
pola	O
sata	O
prije	O
roka	O
,	O
a	O
sada	O
malo	O
tenisa	O
.	O

|	O
pčele	O
žive	O
tajnovitim	O
životom	O
o	O
kojem	O
samo	O
nagađamo	O
.	O

ako	O
želiš	O
da	O
izbjegneš	O
kritike	O
nemoj	O
ništa	O
raditi	O
,	O
nemoj	O
ništa	O
reći	O
,	O
nemoj	O
ništa	O
biti	O
.	O

:)	O

živciraš	O
se	O
da	O
nećeš	O
stići	O
,	O
od	O
živciranja	O
se	O
razboliš	O
i	O
na	O
kraju	O
zbog	O
toga	O
ne	O
stigneš	O
.	O

nebitno	O
kojeg	O
.	O

jedan	O
timski	O
rad	O
daleko	O
sam	O
od	O
killing	O
spree	O
kad	O
mi	O
kolega	O
na	O
4.	O
god	NORM_1WORD
ekon.	O
izjavi	O
da	O
ne	O
moze	NORM_1WORD
napisati	O
nista	NORM_1WORD
o	O
ekonom.	O
rh	O
jer	O
to	O
ne	O
razumije	O
.	O

na	O
http://t.co/h2otoqexbc	O
mi	O
izleti	O
banner	O
"	O
novi	O
album	O
u	O
prodaji	O
-	O
lady	O
gaga	O
born	O
this	O
way	O
"	O
.	O

danas	O
sam	O
morao	O
držati	O
čovjeka	O
za	O
čelo	O
da	O
se	O
ne	O
miče	O
.	O

:)	O
http://t.co/nrf7mm2mg8	O
cc	O
@ihg_cro	O

ponedjeljak	O
,	O
1.7.	O
national	O
+	O
johnny	O
marr	O
,	O
milano	O
(	O
vozio	O
bi	O
samo	O
u	O
jednom	O
smjeru	O
,	O
plaćen	O
mu	O
je	O
put	O
)	O
.	O

@dnevnikhr	O
http://t.co/d9epodsf	O
#politikahr	O
#vladarh	O

zabavni	O
hororac	O
daje	O
posvetu	O
klišejima	O
horor	O
filmova	O
:	O
koliba	O
u	O
šumi	O
(	O
htv	O
1	O
,	O
23:05	O
)	O
http://t.co/ndqoduhwbt	O
#kokice	O

danas	O
@skladistekulture	O
skup	O
sa	O
dennam	O
puscam	NORM_1WORD
muzku	NORM_1WORD
i	O
to	O
samo	O
sa	O
kazeta	O
,	O
vinili	O
i	O
cdi	NORM_1WORD
su	O
za	O
fejkere	O
#rnbimetal	O

good	O
vibrations	O
u	O
sklopu	O
2.	O
rođendana	O
vintagea	O
u	O
srijedu	O
,	O
10.12	O
:	O
gužva	O
u	O
16ercu	NORM_1WORD
,	O
halter	O
ego	O
,	O
saučešće	O
.	O

@mattmarenic	O
ja	O
sam	O
prešao	O
sa	O
symbiana	O
tako	O
da	O
mi	O
je	O
wp	O
super	O
.	O

mep	O
:	O
"	O
plenković	O
je	O
prodao	O
rh	O
i	O
iz	O
toga	O
izvukao	O
dobro	O
plaćen	O
posao	O
"	O
.	O

link	O
za	O
vas	O
!	O

hvala	O
!	O

zakasnila	O
je	O
na	O
posao	O
jer	O
nije	O
mogla	O
odlučiti	O
koji	O
lak	O
joj	O
ide	O
uz	O
balerinke	O
.	O

tipa	O
koje	O
sam	O
riječi	O
najviše	O
koristio	O
,	O
koliko	O
puta	O
sam	O
bio	O
blizu	O
smrti	O

@amademozart	O
nije	O
trivijalna	O
...	O

vidi	O
se	O
da	O
jako	O
volite	O
svoje	O
mace	O
!	O

da	O
sam	O
jako	O
seretnw	NORM_1WORD
oa	O
od	O
sutra	O
i	O
pristava	NORM_1WORD

@zapunjara	O
aha	O
,	O
to	O
je	O
ozon	O
...	O

mrzim	O
bolnice	O
.	O

jok	O
,	O
turbobenzinca	O
!	O

@ivana_culjak	O
ma	O
super	O
:)	O

nacuga	NORM_1WORD
sam	O
mater	O
.	O

al	NORM_1WORD
ok	O
,	O
nije	O
bilo	O
uzalad	NORM_1WORD
.	O

ako	O
bas	NORM_1WORD
moramo	O
raditi	O
ovih	O
30	O
dana	O
...	O

sinoc	NORM_1WORD
tj	NORM_1WORD
prije	O
nekoliko	O
sati	O
mama	O
i	O
ja	O
smo	O
gledale	O
boogie	O
nights	O
,	O
sto	NORM_1WORD
je	O
u	O
odredjenim	NORM_1WORD
trenutcima	O
bilo	O
jako	O
awkward	O
.	O

nekulturna	O
sam	O
bila	O
zadnjih	O
par	O
mjeseci	O
pa	O
nadoknađujem	O
.	O

#rtloskari	O

energetska	O
obnova	O
zgrada	O
potiče	O
gospodarsku	O
aktivnost	O
,	O
nova	O
zapošljavanja	O
i	O
smanjuje	O
ukupnu	O
potrošnju	O
energije	O
,	O
što	O
je	O
od	O
interesa	O
države	O
.	O

http://t.co/juwc7uvi4t	O
#politikahr	O

vidimo	O
se	O
i	O
nadamo	O
da	O
će	O
vam	O
se	O
svidjeti	O
!	O

oh	O
wow	O
,	O
ipak	O
se	O
nešto	O
mjenja	NORM_1WORD
,	O
nakon	O
ovog	O
referenduma	O
više	O
je	O
(	O
javno	O
)	O
raspižđenih	O
straight	O
ljudi	O
nego	O
lgbtq	O
.	O

@ivojosipovic	O
meni	O
nije	O
.	O

inače	O
bi	O
bili	O
u	O
bankrotu	O
.	O

objavljena	O
je	O
snimka	O
seminara	O
za	O
sistemce	O
"	O
windows	O
8	O
"	O
koji	O
je	O
održan	O
8.	O
travnja	O
.	O

baš	O
me	O
interesira	O
koliko	O
ću	O
tweeter	NORM_1WORD
people	O
vidit	NORM_1WORD
na	O
brucošijadi	O
fera	NORM_1WORD
.	O

@politikaplus	O
ako	O
ja	O
dobro	O
razumijem	O
sto	NORM_1WORD
je	O
rekla	O
onda	O
je	O
ideja	O
velike	O
srbije	O
koju	O
on	O
propovijeda	O
samo	O
doprinijela	O
ratu	O
u	O
"	O
regionu	O
"	O
.	O

ako	O
@jutarnji	O
želi	O
da	O
itko	O
otvori	O
nešto	O
što	O
stave	O
na	O
twitter	O
,	O
ne	O
kužim	O
zbog	O
čega	O
počinju	O
tweet	O
s	O
"	O
davor	O
butković	O
"	O
...	O

hjoj	O
,	O
ja	O
ću	O
počet	NORM_1WORD
živjet	NORM_1WORD
ovo	O
ljeto	O
kak	NORM_1WORD
spada	O
,	O
ić	NORM_1WORD
na	O
more	O
i	O
provodit	NORM_1WORD
se	O
,	O
po	O
svemu	O
sudeći	O
tek	O
idući	O
mjesec	O
...	O

kasia	O
je	O
htjela	O
svoj	O
zadnji	O
vikend	O
u	O
lijepoj	O
našoj	O
proslaviti	O
neumjerenošću	O
,	O
a	O
onda	O
su	O
je	O
oni	O
oteli	O
na	O
"	O
službeni	O
sastanak	O
"	O
i	O
ništa	O
od	O
plana	O

a	O
za	O
veceru	NORM_1WORD
kiflice	O
punjene	O
topljenim	O
sirom	O
,	O
linolada	O
i	O
grcki	NORM_1WORD
jogurt	O
,	O
'cause	O
once	O
you	O
go	O
krmača	O
you	O
never	O
go	O
back	O
.	O

rudeš	O
danas	O
igra	O
doma	O
protiv	O
inkera	O
zadnju	O
tekmu	O
prije	O
stanke	O
.	O

znaci	NORM_1WORD
li	O
to	O
da	O
cu	NORM_1WORD
istovremeno	O
i	O
dobivati	O
i	O
davati	O
,	O
if	O
you	O
know	O
what	O
i	O
mean	O

stoji	O
sastrane	NORM_1WORD
,	O
tip	O
joj	O
namjesti	O
dosta	O
veliku	O
brzinu	O
,	O
ona	O
zakoraci	NORM_1WORD
.	O

nakon	O
'	O
selfija	NORM_1WORD
'	O
stiže	O
-	O
'	O
telfie	O
'	O
!	O

zoi	O
su	O
zatvorene	O
,	O
#khl	O
sezona	O
se	O
nastavlja	O
,	O
a	O
#medvjedi	O
sutra	O
putuju	O
za	O
rigu	O
gdje	O
će	O
26.2.	O
odigrati	O
utakmicu	O
protiv	O
@hcdinamoriga	O
#medvescak	O

jackson	O
c.	O
frank	O
-	O
američki	O
blues	O
/	O
folk	O
izvođač	O
.	O

šokantna	O
ispovijest	O
:	O
očuh	O
nas	O
je	O
okrutno	O
zlostavljao	O
!	O

em	O
politika	O
,	O
em	O
dosadne	O
fotke	O
,	O
em	O
životne	O
mudrosti	O
!	O

my	O
ass	O
.	O

sljedece	NORM_1WORD
su	O
klasicne	NORM_1WORD
crne	O
stikle	NORM_1WORD
,	O
stikle	NORM_1WORD
s	O
remencicima	NORM_1WORD
,	O
jordanice	O
retro	O
iv	O
i	O
neke	O
kricave	NORM_1WORD
air	O
max-ice	NORM_1WORD
.	O

..	O
ovi	O
šetači	O
su	O
me	O
nekako	O
nejasno	O
pogledivali	NORM_1WORD
,	O
ali	O
neka	O

@ivanbrezakbrkan	O
@tangosix_srpski	O
@dodelimar	O
s	O
malim	O
zakašnjenjem	O
-	O
hvala	O
i	O
od	O
male	O
ekipe	O
@velikabritanija	O
portala	O
:)	O

rekla	O
je	O
da	O
kega	NORM_1WORD
vraga	O
govorin	NORM_1WORD
,	O
ki	NORM_1WORD
će	O
ju	O
vrah	NORM_1WORD
nju	O
ča	NORM_1WORD
pitati	O
.	O

😂	O

@perorados	O
@koji_lik	O
ovdje	O
treba	O
odvojiti	O
one	O
koji	O
zamataju	O
stvari	O
u	O
najlone	O
od	O
onih	O
koji	O
ne	O
skidaju	O
zastitne	NORM_1WORD
folije	O

izmislili	O
tabletu	O
da	O
kada	O
prdneš	O
,	O
miriše	O
na	O
čokoladu	O
.	O

suker	NORM_1WORD
nikada	O
ne	O
bi	O
rekao	O
nesto	NORM_1WORD
takvo	O
.	O

90	O
%	O
njihovih	O
proizvoda	O
je	O
za	O
bacit	NORM_1WORD
.	O

"	O
di	NORM_1WORD
su	O
pljugice	O
?	O

na	O
poledjini	NORM_1WORD
kutije	O
od	O
cda	NORM_1WORD
kojeg	O
sam	O
predala	O
profesorici	O
napisala	O
sam	O
'	O
smile	O
if	O
you	O
see	O
this	O
'	O
.	O

so	O
i've	O
changed	O
.	O

fuck	O
logic	O
.	O

rt	O
“	O
@danteuss88	O
:	O
@bmarasovic	O
@claircc	O
jeste	O
vi	O
ozbiljni	O
jebem	O
vam	O
mater	O
?	O
”	O

rispekt	O
što	O
riža	O
nije	O
ljepljiva	O
ni	O
prekuhana	O
.	O

ali	O
dan	O
ima	O
potencijala	O
.	O

a	O
i	O
prehrana	O
bi	O
mi	O
se	O
bazirala	O
na	O
gastro	O
ponudi	O
benzinskih	O
pumpi	O
(	O
vegetarijanski	O
odjel	O
)	O
.	O

jer	O
hrvacka	NORM_1WORD
,	O
wohoo	O
!	O

namješten	O
,	O
lokacija	O
top	O
topova	O
.	O

ljubav	O
je	O
kad	O
se	O
spustiš	O
na	O
dno	O
bunara	O
i	O
vjeruješ	O
da	O
ti	O
neće	O
pustit	NORM_1WORD
bujicu	O
vode	O
.	O

#nebudipizda	O

styria	O
kupuje	O
index.hr	O
za	O
820	O
tisuća	O
eura	O
?!	O

.	O
@vladarh	O
zasto	NORM_1WORD
se	O
ne	O
broji	O
lova	O
koja	O
je	O
zauvijek	O
izgubljena	O
i	O
neiskoristena	NORM_1WORD
radi	O
nase	NORM_1WORD
trome	O
i	O
neefikasne	O
administracije	O
?	O

jedina	O
novost	O
otkad	O
sam	O
tu	O
,	O
je	O
da	O
nema	O
više	O
rokija	O
,	O
živčanog	O
žuće	O
kraj	O
kojeg	O
nisi	O
mogao	O
proći	O
bez	O
da	O
se	O
mahnito	O
zatrči	O
na	O
sve	O
što	O
hoda	O
.	O

two	O
thumbs	O
up	O
.	O

moji	NORM_1WORD
50	O
kila	O
rado	O
ustaju	O
što	O
kasnije	O
je	O
moguće	O
:d	O

uskok	O
je	O
predao	O
(	O
prodao	O
?	O

and	O
still	O
counting	O
.	O

#slavendinamo	O
#maxtvprvaliga	O
#nogomet	O

štoviše	O
,	O
čak	O
bih	O
se	O
usudio	O
reći	O
da	O
na	O
kraju	O
diploma	O
ispadne	O
"	O
hendikep	O
"	O
jer	O
se	O
ljudi	O
"	O
opuste	O
"	O
i	O
ne	O
"	O
snalaze	O
"	O
.	O

ali	O
nema	O
tog	O
rezima	NORM_1WORD
,	O
tog	O
kineskog	O
zida	O
koji	O
se	O
ne	O
moze	NORM_1WORD
overrajdati	O
s	O
proksijem	NORM_1WORD
,	O
malo	O
keširanja	O
i	O
ovom	O
hardkor	NORM_1WORD
ekipom	O
s	O
kojom	O
dijelim	O
dane	O
.	O

jel	NORM_1WORD
to	O
samo	O
meni	O
ili	O
svima	O
skype	O
uzima	O
gro	O
cpu	O
powera	O
na	O
mavericksima	O
?	O

sad	O
nema	O
.	O

@lukazenich	O
ili	O
posljednju	O
večeru	O
preko	O
ramena	O
i	O
golu	O
žensku	O
na	O
mišiće	O
da	O
pokažeš	O
kako	O
si	O
domoljubna	O
muškarčina	O
ultra	O
faker	O
hahah	O

-	O
važno	O
da	O
je	O
kod	O
nas	O
politički	O
sustav	O
stalan	O
(	O
očito	O
je	O
dobar	O
)	O
#croatiantragedies	O

rezultat	O
se	O
vidi	O
.	O

hoće	O
i	O
mene	O
efzg	O
retrogradno	O
suspendirati	O
,	O
i	O
to	O
sa	O
efpu-a	O
,	O
pošto	O
su	O
toliko	O
demokratični	O
?	O

svaka	O
cast	NORM_1WORD
amd	O
!	O

#ljubav	O

@ficapanajotovic	O
pozdrav	O
najljepšem	O
dečku	O
.	O

need	O
this	O
asap	O
!	O

speaking	O
of	O
,	O
zastava	O
spremna	O
,	O
lovranski	O
bambus	O
se	O
hladi	O
,	O
ćevapi	O
u	O
"	O
piti	O
"	O
jer	O
nema	O
lepinja	O
u	O
mom	O
selu	O
.	O

al	NORM_1WORD
ne	O
ona	O
entuzijasticna	NORM_1WORD
,	O
glasna	O
,	O
skakutava	O
,	O
nego	O
nekakva	O
chill	O
sreca	NORM_1WORD
.	O

prof	NORM_1WORD
iz	O
računovodstva	O
ima	O
sliku	O
dva	O
frajera	O
u	O
stravstvenom	NORM_1WORD
poljubcu	NORM_1WORD
na	O
coveru	O
timelinea	O
.	O

jedva	O
cekam	NORM_1WORD
da	O
budem	O
baba	O
pa	O
da	O
mi	O
ustaju	O
u	O
javnom	O
prijevozu	O
.	O

grejp	O
.	O

djetinjasto	O
?	O

rory	O
stewart	O
:	O
why	O
democracy	O
matters	O
http://t.co/ula8ca35	O
#ted	O

daj	O
se	O
odlucite	NORM_1WORD
!	O

hdz	O
nema	O
veze	O
sa	O
demokršćanstvom	O
.	O

a	O
ukoliko	O
se	O
posjetitlej	NORM_1WORD
web	O
trgovine	O
ulogira	O
s	O
npr.	O
facebook	O
accountom	O
,	O
ponuda	O
se	O
individualizira	O
prema	O
keywordima	O
iz	O
njegovog	O
tl-a	O
.	O

šešelj	O
o	O
vesni	O
pusić	O
:	O
"	O
...	O
cijenim	O
je	O
zbog	O
njenog	O
obiteljskog	O
četničkog	O
pedigrea	O
s	O
majčine	O
strane	O
"	O

#skijanje	O
#avantura	O
#crnagora	O

stvari	O
imaju	O
svoju	O
unutarnju	O
logiku	O
,	O
i	O
ja	O
nju	O
na	O
tviteru	NORM_1WORD
možda	O
doista	O
objašnjavam	O
"	O
pretjerano	O
mehanički	O
"	O
(	O
pojednostavljeno	O
)	O
..	O

@fico45	O
cimer	O
i	O
ja	O
doruckujemo	NORM_1WORD
i	O
gledam	O
kako	O
pije	O
cedevitu	O
i	O
stavi	O
2	O
žlice	O
šećera	O
+	O
6	O
žlica	O
cedevite	O

dugo	O
joj	O
nije	O
pričao	O
.	O

a	O
obično	O
to	O
naprave	O
.	O

@nmotika	O
a	O
nemamo	O
dovoljno	O
velikih	O
poduzeca	NORM_1WORD
.	O

kušeta	O
za	O
bosančića	O
koji	O
kroz	O
gužvu	O
pogađa	O
za	O
vodstvo	O
hajduka	O
na	O
hitrecu	O
!	O

ona	O
je	O
valjda	O
slijepa	O
kad	O
je	O
s	O
njim	O
.	O

jb	O
u	O
novom	O
spotu	O
izgleda	O
premaloljetno	O
da	O
dira	O
curu	O
onak	NORM_1WORD
,	O
ispada	O
kao	O
da	O
ne	O
zna	O
sta	NORM_1WORD
da	O
radi	O
s	O
njom	O
,	O
bedara	O
.	O

@sagaroni	O
likovni	O
je	O
meni	O
upropastio	O
prosjek	O
,	O
al	NORM_1WORD
ajde	NORM_1WORD
to	O
,	O
al'	NORM_1WORD
brate	O
predmet	O
je	O
jedan	O
od	O
zanimljivijih	O
ali	O
imamo	O
trudnu	O
profesoricu	O
hormones911	O

a	O
da	O
je	O
cijena	O
pristojna	O
.	O

@nmotika	O
u	O
svakom	O
slučaju	O
slabo	O
poznavanje	O
pravila	O
pisane	O
komunikacije	O
i	O
gotovo	O
sigurno	O
uključen	O
caps	O
lock	O
:)	O

fasovat	O
će	O
...	O

opet	O
se	O
blizi	NORM_1WORD
ono	O
sto	NORM_1WORD
stranci	O
zovu	O
"	O
halloween	O
"	O
a	O
mi	O
ostali	O
"	O
noc	NORM_1WORD
bezveznih	O
zena	NORM_1WORD
u	O
kurvinskim	O
kostimima	O
"	O
.	O

>>>	O
http://t.co/c5fix4kkon	O
#metoxx	O
#čitanost	O
#tv	O
#portali	O
#statistike	O

then	O
again	O
i	O
might	O
be	O
wrong	O
...	O

i	O
,	O
jesi	O
aristotelova	O
mala	O
?	O

to	O
je	O
trener	O
.	O

sve	O
je	O
izvjesnije	O
da	O
nikad	O
neću	O
postat	NORM_1WORD
istraživač	O
noćnih	O
mora	O
kao	O
dylan	O
dog	O
.	O

kako	O
pravilno	O
postaviti	O
screen	O
protector	O
na	O
iphone	O
:	O
osobno	O
nisam	O
ljubitelj	O
maskica	O
i	O
screen	O
protektora	O
...	O

koja	O
je	O
poanta	O
u	O
trenutku	O
svađe	O
reći	O
nekome	O
kako	O
laže	O
?	O

split	O
lave	O
,	O
hard	O
knock	O
life	O
.	O

koji	O
je	O
svijet	O
tvoj	O
dom	O
učini	O
zadovoljstvo	O
radoznalom	O
srcu	O
mom	O

@bmarasovic	O
zasto	NORM_1WORD
me	O
pokusavas	NORM_1WORD
smjestiti	O
u	O
tu	O
zamku	O
?!	O

https://t.co/aqnoymzljj	O
#zigzag	O

sljedecih	NORM_1WORD
par	O
tweetova	O
posvecujem	NORM_1WORD
svojim	O
stalkerima	O
!	O

jedan	O
od	O
njih	O
i	O
nije	O
predruštven	O
pa	O
traži	O
točnu	O
riječ	O
,	O
izraz	O
,	O
po	O
minutu-dvije	NORM_1WORD
,	O
bit	O
će	O
dobar	O
dan	O
.	O

i	O
šta	NORM_1WORD
sad	O
?	O

@netkodrugi	O
a	O
opet	O
moza	NORM_1WORD
su	O
optocene	NORM_1WORD
dijamantima	O
,	O
safirma	NORM_1WORD
i	O
rubinima	O
?	O

"	O
devedesete	O
:	O
desetljeće	O
koje	O
nas	O
je	O
povezalo	O
"	O
,	O
dokumentarac	O
na	O
#nationalgeographicu	O
14.	O
,	O
15.	O
i	O
16.	O
rujna	O

što	O
ću	O
krepat	NORM_1WORD
ko	NORM_1WORD
ćuko	O
od	O
ove	O
dijete	O
.	O

naravno	O
da	O
ga	O
nisam	O
preuzeo	O
pa	O
nek	O
im	O
se	O
lijepo	O
vrati	O
:)	O

ljudi	O
,	O
hvala	O
vam	O
puno	O
,	O
od	O
srca	O
!	O

danas	O
ako	O
torcida	O
napravi	O
prijekid	NORM_1WORD
najviše	O
će	O
napravit	NORM_1WORD
štetu	O
hajduku	O
!	O

jel	NORM_1WORD
zna	O
netko	O
što	O
i	O
kako	O
dalje	O
?	O

recimo	O
,	O
u	O
subotu	O
sam	O
ušao	O
u	O
butik	O
,	O
u	O
15	O
minuta	O
isprobao	O
5	O
pari	NORM_1WORD
traperica	O
,	O
kupio	O
4	O
komada	O
.	O

koja	O
prestrašna	O
dosada	O
-	O
svi	O
seruckaju	O
o	O
hčsp-u	O
,	O
kao	O
da	O
actually	O
zaslužuju	O
bilo	O
kakav	O
prostor	O
ili	O
o	O
onom	O
pažnje	O
gladnom	O
guntheru	O
grassu	O
...	O

dugo	O
ju	O
nije	O
osjećao	O
.	O

samo	O
sam	O
ja	O
primjetio	NORM_1WORD
da	O
su	O
sve	O
redom	O
ove	O
eksponirane	O
'	O
uimeobiteljašice	O
'	O
plavuše	O
?	O

@vesnamimica	O
i	O
potpredsjednik	O
udruge	O
specijalca	NORM_1WORD
koji	O
mu	O
poručuje	O
da	O
"	O
sljedeći	O
put	O
neće	O
biti	O
tih	O
ženevskih	O
konvencija	O
koje	O
su	O
nas	O
zaustavile	O
"	O

dan	O
je	O
odmah	O
bolji	O
!	O

veliki	O
hype	O
se	O
stvara	O
oko	O
novog	O
samsung	O
galaxy	O
s4	O
...	O

petar	O
preradović	O

u	O
maniri	O
megazvijezde	O
,	O
jole	O
počinje	O
pjevati	O
sat	O
i	O
pol	O
kasnije	O
.	O

http://t.co/tq9oyc4jfm	O
#omizio	O

zna	O
li	O
netko	O
zašto	O
mi	O
neće	O
pokrenut	NORM_1WORD
chrome	O
zbog	O
side-by-side	O
configuration	O
error	O
,	O
a	O
neće	O
mi	O
niti	O
reintalirat	NORM_1WORD
?	O

sve	O
je	O
krcato	O
tim	O
darovima	O
,	O
ispred	O
svakog	O
ducana	NORM_1WORD
,	O
po	O
plocnicima	NORM_1WORD
,	O
u	O
ducanima	NORM_1WORD
pored	O
blagajne	O
...	O

mojoj	O
odrasloj	O
lori	O
su	O
trebali	O
mjeseci	O
.	O

danas	O
dodali	O
još	O
jedno	O
5	O
novih	O
evenata	O
od	O
3	O
nova	O
organizatora	O

''	O
bolje	O
to	O
neg	NORM_1WORD
da	O
jede	O
neka	O
sranja	O
iz	O
pekare	O
''	O

trebali	O
bi	O
imati	O
jutarnje	O
razgibavanje	O
u	O
klubu	O
prije	O
doručka	O
i	O
polaska	O
na	O
put	O
za	O
tekmu	O
,	O
nadam	O
se	O
da	O
ćemo	O
samo	O
vilice	O
razgibati	O
.	O

imamo	O
mladu	O
reprezentaciju	O
"	O

božja	O
nedjelja	O
.	O

@koji_lik	O
ja	O
sam	O
htjela	O
kupiti	O
novu	O
sim	O
bon	O
karticu	O
.	O

@barbaraslade	O
kod	O
mene	O
na	O
androidu	O
drzis	NORM_1WORD
malo	O
duze	NORM_1WORD
kontakt	O
u	O
imeniku	O
ne	O
otvaras	NORM_1WORD
ga	O
,	O
i	O
dobijes	NORM_1WORD
pop	NORM_1WORD
na	O
kojem	O
odaberes	NORM_1WORD
'	O
blokiraj	O
pozivatelja	O
'	O

@ivankisic	O
palčevi	O
u	O
portretnom	O
modu	O
,	O
"	O
puni	O
layout	O
"	O
(	O
skoro	O
)	O
u	O
landscape	O
.	O

..	O
ne	O
treba	O
mi	O
netko	O
tko	O
samo	O
oprašta	O
,	O
da	O
tražim	O
takvu	O
osobu	O
,	O
zaredio	O
bih	O
se	O
odavno	O
..	O
8-)	O

dm	O
,	O
green	O
gold	O
,	O
13:30	O
,	O
u	O
redu	O
stoji	O
30	O
urbanih	O
ful	O
prezaposlenih	O
wannabe	O
managerica	NORM_1WORD
.	O

"	O
stršljani	O
ubojice	O
dolaze	O
u	O
hrvatsku	O
"	O

:)	O

^^	O

jebeno	O
.	O

carlo	O
je	O
potvrdio	O
početni	O
sastav	O
protiv	O
cornelle	O
:	O
navas	O
;	O
carvajal	O
,	O
varane	O
,	O
nacho	O
,	O
arbeloa	O
;	O
illarra	O
,	O
khedira	O
,	O
isco	O
;	O
james	O
,	O
chicharito	O
,	O
benzema	O

stvarno	O
su	O
zaboravili	O
da	O
čim	O
je	O
došla	O
na	O
vlast	O
,	O
provjeravala	O
je	O
jesu	O
li	O
njezini	O
uhljebljeni	O
.	O

ko	NORM_1WORD
zna	O
.	O

"	O
više	O
neće	O
nać	NORM_1WORD
takve	O
budale	O
koje	O
bi	O
,	O
kao	O
'91.	O
,	O
išle	O
branit	NORM_1WORD
domovinu	O
"	O
-	O
hrvatski	O
branitelj	O
.	O

prelose	NORM_1WORD

baš	O
razvesele	O
i	O
uljepšaju	O
dan	O
..	O
:-d	O

ne	O
razumijem	O
.	O

brazilski	O
#sbt	O
u	O
svojem	O
katalogu	O
ponudit	O
će	O
dječje	O
telenovele	O
#carrossel	O
i	O
#chiquititas	O
,	O
kao	O
i	O
lanjsku	O
#amorerevolução	O
.	O

,	O
ja	O
se	O
pravim	O
da	O
ni	O
ja	O
ne	O
kužim	O
.	O

cili	NORM_1WORD
hebeni	NORM_1WORD
dan	O
učim	O
ovu	O
hebenu	NORM_1WORD
#glotodidaktiku	O
i	O
ništa	O
mi	O
ne	O
ulazi	O
u	O
glavu	O
!	O

znanstveno	O
je	O
dokazano	O
da	O
je	O
najbolji	O
lijek	O
protiv	O
depresije	O
šetnja	O
.	O

i	O
okus	O
krvi	O
.	O

cekam	NORM_1WORD
da	O
zavrsi	NORM_1WORD
tekma	O
da	O
se	O
idem	O
znojit	NORM_1WORD
jer	O
vocna	NORM_1WORD
salata	O
je	O
danas	O
morala	O
bit	NORM_1WORD
s	O
preljevom	O
od	O
cokolade	NORM_1WORD

probudila	O
sam	O
se	O
i	O
skužila	O
da	O
cimeri	O
ipak	O
nisu	O
ubili	O
sve	O
muffine	O
od	O
sinoć	O
,	O
today	O
was	O
a	O
good	O
day	O
.	O

#slepsou	O
...	O

dakle	O
nismo	O
isti	O
.	O

koza	O
mlađa	O
od	O
mene	O
,	O
a	O
bahata	O
.	O

izgleda	O
da	O
sam	O
preplašio	O
spamera	NORM_1WORD
,	O
više	O
se	O
ne	O
javlja	O
,	O
great	O
success	O
.	O

mislim	O
da	O
ću	O
zapisati	O
to	O
negdje	O
.	O

ma	O
cijeli	O
high	O
five	O
fazon	O
mi	O
je	O
zesce	NORM_1WORD
awkward	O
kao	O
pozdrav	O
.	O

moram	O
se	O
složiti	O
s	O
čačićem	O
koji	O
kaže	O
:	O
"	O
slušaj	O
karibi	O
su	O
prema	O
jadranu	O
smiješni	O
!	O

hahaha	O
.	O

pranje	O
kose	O
,	O
šišanje	O
,	O
feniranje	O
i	O
frizerka	O
koja	O
ne	O
voli	O
ćakulati	O
za	O
70	O
kn	O
-	O
to	O
ja	O
zovem	O
#epicwin	O
^^	O

ono	O
sto	NORM_1WORD
mene	O
zanima	O
,	O
jel	NORM_1WORD
smrdi	O
biljka	O
?	O

ameri	O
(	O
vladajući	O
)	O
su	O
protestanti	O
,	O
papa	O
je	O
katolik	O
i	O
svaka	O
informacija	O
od	O
protivnika	O
dobro	O
dođe	O
.	O

najuzasnije	NORM_1WORD
:	O
sinoc	NORM_1WORD
su	O
mene	O
i	O
suprugu	O
neke	O
dvije	O
butrice	O
na	O
kanye	O
gigu	O
pitale	O
are	O
you	O
guys	O
french	O
?	O

jeste	O
li	O
ikada	O
nekom	NORM_1WORD
ko	NORM_1WORD
opako	O
smrdi	O
u	O
tramvaju	O
ili	O
busu	O
rekli	O
što	O
ili	O
ste	O
jednostavno	O
trpili	NORM_1WORD
smrad	O
ili	O
čak	O
odlučili	O
pričekati	O
drugi	O
tramvaj	O
?	O

brine	O
ih	O
rast	O
..	O

dragan	O
bursać	O
:	O
zašto	O
mrzim	O
federalne	O
proteste	O
?	O

spika	O
je	O
bila	O
da	O
najprije	O
bend	O
treba	O
zatražiti	O
da	O
ih	O
zamp	O
prestane	O
štititi	O
.	O

svakim	O
danom	O
u	O
riječkoj	O
luci	O
sve	O
više	O
jahti	O
,	O
ne	O
razumijem	O
šta	NORM_1WORD
imaju	O
nekakav	O
popust	O
na	O
količinu	O
šta	NORM_1WORD
if	O
you're	O
rich	O
as	O
fuck	O
come	O

......	O
a	O
ovdje	O
je	O
riječ	O
o	O
diskriminaciji	O
koja	O
se	O
čini	O
selektivnim	O
provođenjem	O
zakona	O
od	O
strane	O
minfin-a	O

mi	O
tjeramo	O
oblake	O
sive	O
osmijeh	O
nam	O
je	O
srednje	O
ime	O
i	O
sreću	O
svu	O
širimo	O
ko	NORM_1WORD
zarazu	O
.	O

@jimbojonezhr	O
pedere	O
svrstavas	NORM_1WORD
medu	NORM_1WORD
politicare	NORM_1WORD
ccc	O

@mrkimile	O

jer	O
kisa	NORM_1WORD
i	O
grmljavina	O
.	O

označite	O
koji	O
projekt	O
smatrate	O
najvažnijim	O
za	O
naš	O
split	O
ili	O
dopišite	O
svoj	O
prijedlog	O
http://t.co/q2dwv9kelq	O
#split	O
#moremogucnosti	O

od	O
3	O
do	O
9	O
pm	O
.	O

sićan	NORM_1WORD
se	O
kad	O
san	NORM_1WORD
ka	NORM_1WORD
dite	NORM_1WORD
iša	NORM_1WORD
na	O
splitski	O
festival	O
,	O
to	O
je	O
tada	O
bija	NORM_1WORD
događaj	O
lita	NORM_1WORD
,	O
šušur	O
u	O
gradu	O
,	O
kvalitetne	O
pisme	NORM_1WORD
i	O
najpoznatiji	O
izvođači	O
...	O

@melitamunjas	O
svi	O
smo	O
se	O
osuli	O
osim	O
sare	O
,	O
al	NORM_1WORD
nju	O
smo	O
odmah	O
jos	NORM_1WORD
na	O
plazi	NORM_1WORD
isprali	O
cistom	NORM_1WORD
vodom	O
.	O

javi	O
nam	O
samo	O
u	O
dm	O
svoj	O
broj	O
,	O
oib	O
i	O
lokaciju	O
preuzimanja	O
uređaja	O
.	O

bio	O
na	O
talent	O
showu	O
.	O

nadolazeći	O
@lynxlynxmusic	O
koncerti	O
:	O
02.03.	O
and	O
the	O
wiremen	O
,	O
the	O
marshmallow	O
notebooks	O
19.03.	O
vum	O
,	O
manmachine	O
19.04.	O
true	O
widow	O
,	O
stonebride	O
.	O

evo	O
još	O
jedne	O
"	O
profesionalne	O
"	O
fotografkinje	O
koji	O
jedini	O
efekt	O
je	O
krivi	O
kontrast	O
crno	O
bijele	O
fotke	O
.	O

čekao	O
sam	O
20	O
dana	O
da	O
mi	O
spojite	O
telegon	NORM_1WORD
i	O
net	O
i	O
onda	O
mi	O
nakon	O
dva	O
dana	O
opet	O
ništa	O
ne	O
radi	O
.	O

i	O
sliku	O
molim	O
.	O

što	O
do	O
sada	O
znamo	O
o	O
iosu	NORM_1WORD
7	O
?	O

#tockica	O
sama	O
preradila	O
onu	O
pjesmicu	O
"	O
mama	O
voli	O
bebu	O
"	O

@antonio_0708	O
niska	O
kvota	O
na	NORM_1WORD
ukrajina	O
dobiva	O
crveni	O
...	O

jel	NORM_1WORD
oke	O
da	O
se	O
on	O
otišao	O
jebat	NORM_1WORD
u	O
split	O
?	O

@ludilo_brale	O
eto	O
,	O
opet	O
.	O

malo	O
su	O
mi	O
bizi	NORM_1WORD
dani	O
,	O
prođu	O
,	O
a	O
da	O
se	O
ni	O
ne	O
okrenem	O
i	O
pol	O
toga	O
ne	O
stignem	O
.	O

cesto	NORM_1WORD
mi	O
se	O
dogodi	O
da	O
kad	O
se	O
probudim	O
u	O
glavi	O
mi	O
svira	O
bowie	O
.	O

izblidila	NORM_1WORD
il	NORM_1WORD
šta	NORM_1WORD
?	O

@tvrtkobarun	O
od	O
najbistrijih	O
,	O
velicanstvenih	NORM_1WORD
umova	O
koji	O
su	O
krocili	NORM_1WORD
zemljom	O
.	O

stvarno	O
,	O
kako	O
će	O
igrati	O
u	O
tim	O
(ne)uvjetima	O
-.-	O

#blackberry	O
#galaxys4	O

ljeto	O
i	O
moje	O
gomilanje	O
love	O

instaliram	O
win7	O
i	O
idem	O
instalirat	NORM_1WORD
drivere	O
za	O
radeon	O
grafičku	O
i	O
uporno	O
baca	O
blue	O
screen	O
.	O

@juricnovatv	O
jako	O
su	O
zgodni	O
i	O
super	O
su	O
simpa	O
.	O

little	O
feat	O
"	O
spanish	O
moon	O
"	O
:	O
http://t.co/tgbck7zcca	O

poslije	O
revolucije	O
sve	O
nizbrdo	O
.	O

sirotice	O
me	O
nis	NORM_1WORD
nisu	O
razumijele	NORM_1WORD
,	O
a	O
nisu	O
se	O
usudile	O
pitati	O
sta	NORM_1WORD
je	O
to	O
.	O

što	O
bi	NORM_1WORD
mogli	O
razabrati	O
iz	O
tog	O
stovarišta	O
ratova	O
,	O
datuma	O
,	O
mržnje	O
,	O
kraljeva	O
,	O
krvi	O
,	O
osvete	O
i	O
gluposti	O
koju	O
nazivamo	O
povijest	O
?	O

možeš	O
i	O
večerati	O
za	O
30	O
i	O
300	O
kn	O
.	O

kolege	O
iz	O
srbije	O
u	O
akciji	O
!	O

ili	O
da	O
recimo	O
se	O
nekada	O
slikas	NORM_1WORD
sa	O
mobom	O
ne	NORM_1WORD
nekom	O
staklu	O
..	O

krizanteme	O
na	O
velikom	O
parkingu	O
kod	O
tržnice	O
u	O
poreču	O
,	O
od	O
8	O
-	O
do	O
mraka	O
,	O
do	O
petka	O
(	O
31.10.	O
)	O
.	O

koristi	O
unfollow	O
!	O

uvijek	O
se	O
ražalostim	O
kad	O
vidim	O
da	O
je	O
nekome	O
zdravlje	O
vlastitim	O
trudom	O
izmaklo	O
kontroli	O
:(	O

povratak	O
:(	O

e	O
,	O
slijedeća	NORM_1WORD
tri	O
dana	O
rafting	O
na	O
tari	O
!!	O

ivan	O
rakitić	O
o	O
sp-u	O
i	O
hrvatskoj	O
:	O
"	O
treba	O
imati	O
povjerenja	O
u	O
stožer	O
i	O
igrače	O
.	O

volim	O
prije	O
spavanja	O
ususkana	NORM_1WORD
u	O
krevetu	O
plasirat	NORM_1WORD
jedan	O
high	O
score	O
u	O
sudokuu	O
.	O

:	O
idućeg	O
ponedjeljka	O
počinje	O
wwdc	O
2014.	O

@sandra_ri051	O
@ivantomica	O
potraži	O
"	O
windows	O
to	O
usb	O
"	O
.	O

zna	O
netko	O
nepušački	O
klimatizirani	O
kafić	O
koji	O
ima	O
i	O
wi-fi	O
?	O

@borna35	O
@hvo102	O
mene	O
muči	O
i	O
što	O
nema	O
reakcija	O
na	O
jovićeve	O
riječi	O
i	O
što	O
je	O
takva	O
osoba	O
jospovićev	O
savjetnik	O
.	O

mi	O
smo	O
ispustili	O
2	O
ljepotice	O
na	O
njih	O
👍	O
❤	O

ovoj	O
"	O
black	O
books	O
"	O
dajem	O
šansu	O
kroz	O
prve	O
dvije	O
epizode	O
,	O
a	O
onda	O
ću	O
ponovno	O
gledat	NORM_1WORD
"	O
ellen	O
"	O
.	O

vikend	O
-	O
engage	O
!	O

idu	O
kolo	O
2.	O
lige	O
je	O
1.3.	O
,	O
to	O
je	O
godišnji	O
.	O

hrvati	O
bi	O
poslje	NORM_1WORD
svakog	O
poraza	O
ostavke	O
.	O

jedan	O
novce	O
broji	O
,	O
drugi	O
se	O
zajebava	O
treći	O
se	O
izgubio	O
...	O

zajedno	O
sa	O
@liceulice	O
šaljemo	O
ih	O
vlastima	O
25.3	O

prvo	O
uzvratim	O
poziv	O
pa	O
ako	O
se	O
ne	O
javi	O
onda	O
sejvam	O
broj	O
i	O
gledam	O
na	O
whatsappu	O
,	O
viberu	O
,	O
fb-u	O
tko	O
je	O
to	O
.	O

sve	O
ostalo	O
se	O
ubaci	O
u	O
taj	O
raspored	O
ako	O
imam	O
vremena	O
za	O
to	O
!	O

sta	NORM_1WORD
rec'	NORM_1WORD
,	O
ja	O
sam	O
ko	NORM_1WORD
ona	O
hobotnica	O
sa	O
sp	O
2010	O
samo	O
naopako	O
.	O

@brankocovic	O
može	O
,	O
samo	O
je	O
zaguraš	O
između	O
profila	O
i	O
podloge	O
.	O

knedle	O
sa	O
čokoladom	O
,	O
knedle	O
ša	NORM_1WORD
šlijvama	O
.	O

spontatno	NORM_1WORD
sam	O
došla	O
ne	NORM_1WORD
event	O
i	O
postala	O
slučajni	O
fotto	NORM_1WORD
artist	O
događaja	O
.	O

http://t.co/c1xjrnxint	O
"	O
the	O
finammember	O
"	O

tko	O
me	O
outbida	O
umirat	O
će	O
groznom	O
smrću	O
tisuću	O
godina	O
.	O

we're	O
number	O
21	O
on	O
the	O
reverbnation	O
rock	O
charts	O
for	O
hr	O
.	O

nebitno	O
...	O

http://t.co/xiseck62au	O
#mobilno	O
#najava	O
#aplikacija	O
#html5	O
#it	O
#računala	O
#mobi	O

prvo	O
sam	O
mooseu	O
botiću	O
prigovorio	O
što	O
je	O
svog	O
slatkog	O
sinčića	O
ostavio	O
bejbisiterici	O
koja	O
sluša	O
cajke	O
,	O
ali	O
onda	O
sam	O
nešto	O
shvatio	O
.	O

problem	O
je	O
sto	NORM_1WORD
nemamo	O
uopce	NORM_1WORD
filmske	O
glumce	O
vec	NORM_1WORD
koriste	O
kazalisni	NORM_1WORD
izgovor	O
i	O
nastup	O

zasticena	NORM_1WORD
kulturna	O
bastina	NORM_1WORD
.	O

skoro	O
se	O
potukla	O
s	O
''	O
frajerom	O
''	O
jer	O
me	O
u	O
prolazu	O
plesnuo	NORM_1WORD
po	O
guzici	O
...	O

zadnjih	O
2	O
minute	O
rusi	O
s	O
igračem	O
manje	O
a	O
on	O
priča	O
jeli	NORM_1WORD
ono	O
bio	O
gol	O
ili	O
nije	O
.	O

2.	O
to	O
me	O
uopšte	NORM_1WORD
ne	O
smeta	O
.	O

ima	O
li	O
itko	O
od	O
muških	O
da	O
nije	O
sanjario	O
o	O
nečem	O
ovakvom	O
u	O
6.	O
razredu	O
?	O

#granny	O
#is	O
#thebest	O

žarko	O
želim	O
da	O
mi	O
na	O
tečaju	O
sigurnosti	O
i	O
preživljavanja	O
na	O
moru	O
netko	O
objasni	O
što	O
su	O
to	O
cicipjoverice	O
a	O
što	O
skafanderice	O

:)	O

nezgodno	O
je	O
jer	O
mu	O
se	O
ne	O
smije	O
nadjenuti	O
nadimak	O
kao	O
ni	O
tebi	O
ustašo	O
jedna	O
!	O

ono	O
isto	O
strpljenje	O
koje	O
je	O
potrebno	O
curi	O
da	O
se	O
nosi	O
s	O
vašim	O
sranjima	O
.	O

aha	O
,	O
obrisao	O
sam	O
history	O
...	O

vrijedi	O
prohodati	O
...	O

@spitka	O
@ikopric	O
sad	O
se	O
moze	NORM_1WORD
njegovim	O
timovima	O
za	O
gospodarstvo	O
i	O
socijalu	O
pridruziti	NORM_1WORD
i	O
tim	O
za	O
ustav	O
.	O

@hbujas	O
mislim	O
da	O
nije	O
optužen	O
za	O
ubojstvo	O
nego	O
ga	O
žele	O
ispitati	O
kao	O
bivšeg	O
šefa	O
službe	O
koja	O
stoji	O
iza	O
ubojstva	O

dobra	O
međunarodna	O
zajebancija	O
i	O
jezični	O
nesporazumi	O
:d	O

odgovorim	O
da	O
sam	O
nereligiozan	O
.	O

svi	O
oni	O
što	O
se	O
na	O
dnevnoj	O
bazi	O
pizde	O
na	O
rh	O
su	O
nešto	O
pozivitno	NORM_1WORD
napisali	O
.	O

p0sixninja	O
radi	O
na	O
nečemu	O
većem	O
od	O
jailbreaka	O
?	O

😒	O

@marina_b612	O
najdraži	O
mi	O
je	O
onaj	O
u	O
spavaćoj	O
kojeg	O
mogu	O
držat	NORM_1WORD
jednom	O
rukom	O
dok	O
puštam	O
porniće	O
na	O
njemu	O

stvarno	O
nisi	O
mogla	O
negdi	NORM_1WORD
dalje	O
otići	O
živjeti	O
nego	O
baš	O
na	O
kraj	O
svijeta	O
.	O

odjebala	O
vin	O
dizela	NORM_1WORD
,	O
funny	O
fizičara	O
,	O
frajera	O
vođu	O
,	O
freaky	O
motherfuckera	O
.	O

phillitchevanje	O
nam	O
je	O
bilo	O
super	O
.	O

danas	O
smo	O
prikupljali	O
stavove	O
stanovnika	O
neformalnih	O
naselja	O
u	O
ns	O
o	O
diskriminaciji	O
i	O
rasizmu	O
.	O

zamisli	O
da	O
neko	NORM_1WORD
kaze	NORM_1WORD
churchilu	NORM_1WORD
da	O
mu	O
se	O
kvotovi	O
koriste	O
kao	O
gym	O
motivation	O
.	O

vjerojatno	O
si	O
dijete	O
od	O
15	O
g	O
sretno	O
ti	O
takvom	O
u	O
životu	O

al'	NORM_1WORD
ništa	O
,	O
just	O
another	O
day	O
in	O
the	O
office	O
...	O

ma	O
,	O
udrila	NORM_1WORD
me	O
postučenička	O
depresija	O
haha	O

mora	O
postojati	O
neki	O
stručni	O
naziv	O
za	O
to	O
,	O
attention	O
whores	O
?	O

@homerhsimpson	O
@irenamali	O
@porec11	O
@bebakron	O
homere	O
,	O
utapam	O
tugu	O
u	O
drugom	O
pivu	O
!	O

odmah	O
mi	O
je	O
"	O
sjelo	O
"	O
.	O

@shoneboss	O
jel	NORM_1WORD
on	O
ozbiljno	O
takav	O
?!	O

naravno	O
,	O
imaju	O
još	O
neke	O
upade	O
za	O
vas	O
.	O

ali	O
fuj	O
,	O
bekino	O
.	O

skonto	NORM_1WORD
sam	O
da	O
ak	NORM_1WORD
na	O
linkedinu	O
postam	O
neku	O
sliku	O
sa	O
nekim	O
glupim	O
quoteom	O
nekog	O
businessmana	O
dobijem	O
puno	O
likeova	O
i	O
viewova	O
.	O

kupuju	O
je	O
mađari	O
,	O
slovenci	O
i	O
austrijanci	O
.	O

ajme	O
jedva	O
čekam	O
vidjet	NORM_1WORD
kolindu	O
u	O
dnevniku	O
nove	O
tv	O
i	O
čut	NORM_1WORD
napokon	O
što	O
misli	O
o	O
titu	O
jer	O
to	O
će	O
definitivno	O
odlučit	NORM_1WORD
za	O
kog	NORM_1WORD
ću	O
glasat	NORM_1WORD
.	O

ne	O
znam	O
sta	NORM_1WORD
da	O
msm	NORM_1WORD
o	O
tome	O
kada	O
ti	O
se	O
netko	O
javi	O
sa	O
"	O
daj	O
mi	O
5	O
"	O
"	O
baci	O
ruku	O
"	O

što	O
kažete	O
kada	O
bi	O
na	O
naš	O
račun	O
dobili	O
super	O
cijenu	O
za	O
naručenu	O
pizzu	O
ili	O
novootvorene	O
pizzerije	O
"	O
casper	O
"	O
?	O

ali	O
da	O
,	O
ovo	O
#ws15	O
je	O
bila	O
posljednja	O
web	O
::	O
strategija	O
.	O

u	O
svakom	O
slučaju	O
,	O
#split	O
je	O
film	O
s	O
zanimljivim	O
temama	O
,	O
ali	O
je	O
malo	O
pre-artsy	NORM_1WORD
i	O
pre-trippy	NORM_1WORD
za	O
moj	O
ukus	O
.	O

na	O
marsu	O
.	O

pas	O
u	O
pms-u	O
.	O

http://t.co/crtehdkvcg	O
#omizio	O

https://t.co/ya8rawze	O
upoznajte	O
tima	O
rogersa	O
,	O
studenta	O
europskih	O
društvenih	O
i	O
političkih	O
studija	O
koji	O
se	O
bavi	O
i	O
razvojem	O
za	O
web	O
i	O
mobitele	O
!	O

zagreb	O
iz	O
3d	O
printera	O
:	O
trebalo	O
im	O
je	O
6	O
mjeseci	O
da	O
ga	O
isprintaju	O
http://t.co/veohoywkd4	O
via	O
@24sata_hr	O

hajduk	O
vodi	O
1:0	O
!	O

wow	O
,	O
mislio	O
je	O
da	O
sam	O
mu	O
bivša	O
.	O

da	O
li	O
ste	O
nakon	O
onih	O
frankie	O
goes	O
to	O
hollywood	O
slika	O
oko	O
bazena	O
ikad	O
vidjeli	O
u	O
jutarnjem	O
sliku	O
lovrena	O
u	O
dresu	O
?	O

evo	O
,	O
drago	O
mi	O
je	O
da	O
nismo	O
jedini	O
u	O
svijetu	O
kod	O
kojih	O
se	O
takve	O
gluposti	O
javno	O
i	O
ponosno	O
izjavljuju	O
od	O
strane	O
"	O
stručnjaka	O
"	O
.	O

moj	O
i	O
tonkin	O
whatsapp	O
izgleda	O
kao	O
razgovor	O
dva	O
fbi	O
agenta	O
.	O

just	O
love	O
my	O
life	O
!	O

izaberite	O
nove	O
.	O

bili	O
smo	O
na	O
najvećem	O
.uk	O
eventu	O
#internetworld2013	O
gdje	O
smo	O
osjetili	O
ogroman	O
jaz	O
između	O
svjetske	O
i	O
hrvatske	O
web	O
scene	O
.	O

@hgradeca	O
nokia	O
je	O
imala	O
najbolji	O
hw	O
i	O
mogli	O
su	O
napraviti	O
najbolji	O
android	O
telefon	O
-	O
a	O
inovacije	O
su	O
puno	O
lakse	NORM_1WORD
ako	O
imas	NORM_1WORD
stabilne	O
prihode	O

uredjaji	NORM_1WORD
su	O
u	O
hr	O
*	O
s	O
tim	O
snizenjima	NORM_1WORD
*	O
za	O
par	O
tisuca	NORM_1WORD
skuplji	O
nego	O
u	O
swe	O
.	O

ali	O
to	O
nije	O
nuzno	NORM_1WORD
lose	NORM_1WORD
.	O

@igorklajo	O
:	O
big	O
thanks	O
@inchoohq	O
za	O
majicu	O
big	O
shout	O
i	O
hvala	O
@the_maja	O
za	O
org.	O
#twitupos	O
@kafic123	O
za	O
lok.	O

zvuči	O
ko	NORM_1WORD
život	O
nekog	O
junaka	O
novog	O
singla	O
kiše	O
metaka	O
kojem	O
se	O
slučajno	O
zalomilo	O
dijete	O
s	O
kvartašicom	O

poslušat	O
ću	O
je	O
zasigurno	O
još	O
koji	O
put	O
danas	O
.	O

danas	O
sam	O
shvatio	O
da	O
svi	O
u	O
hrvatskoj	O
imaju	O
nekog	O
zajedničkog	O
poznanika	O
.	O

kako	O
uvik	NORM_1WORD
dođem	O
usrid	NORM_1WORD
neke	O
wuxie	O
?	O

najbolje	O
mi	O
je	O
kad	O
me	O
fallowiraju	O
padobranci	O
tipa	O
:	O
nemaju	O
ni	O
twitta	NORM_1WORD
napisanog	O
niti	O
ista	NORM_1WORD
zajednickoga	NORM_1WORD
.	O

[	O
prijevoz	O
-	O
cohen	O
]	O
pičimo	O
iz	O
rijeka	NORM_1WORD
za	O
pulu	O
oko	O
16:00	O
,	O
vraćamo	O
se	O
nakon	O
koncerta	O
(	O
cohen	O
)	O
,	O
ako	O
nekome	O
treba	O
prijevoz	O
neka	O
se	O
javi	O
!	O

tad	O
sam	O
skoro	O
ritualno	O
zapalio	O
taj	O
netom	O
kupljeni	O
album	O
,	O
al	NORM_1WORD
suzdržah	O
se	O
od	O
tih	O
nazi	NORM_1WORD
navada	O
;-)	O

bila	O
bi	O
mu	O
dovoljna	O
jedna	O
boca	O
(	O
puna	O
)	O
i	O
jedna	O
svijeća	O
...	O

obozavam	NORM_1WORD
kad	O
mi	O
ove	O
fešn	O
face	O
odvažno	O
donesu	O
svoju	O
mjuzu	O
za	O
reviju	O
u	O
obliku	O
128	NORM_1WORD
youtube	O
ripa	O
..	O
clap	O
clap	O
!	O

pusha	O
ima	O
novi	O
singl	O
s	O
chris	NORM_1WORD
brownom	O
i	O
swizz	O
beatzom	O
,	O
dva	O
izvodaca	NORM_1WORD
koje	O
nikad	O
u	O
zivotu	NORM_1WORD
ne	O
zelim	NORM_1WORD
opet	O
cuti	NORM_1WORD

-.-'	O

imala	O
sam	O
priliku	O
prije	O
dosta	O
godina	O
raditi	O
reportažu	O
o	O
guerlainu	O
i	O
trajno	O
su	O
mi	O
se	O
urezali	O
u	O
sjećanje	O
:)	O

laku	O
noc	NORM_1WORD
pce	NORM_1WORD
out	O

volimo	O
meso	O
,	O
volimo	O
valentinovo	O
.	O

@irenamali	O
navodno	O
preko	O
@fridgecheck	O
ćeš	O
moći	O
twitnuti	NORM_1WORD
koje	O
sastojke	O
imaš	O
-	O
i	O
vratiti	NORM_1WORD
će	O
ti	O
nekoliko	O
prijedloga	O
;)	O

=)	O

ne	O
mogu	O
reći	O
da	O
se	O
u	O
potpunosti	O
slažem	O
,	O
ali	O
svakako	O
zanimljiva	O
hipoteza	O
!	O

@astrucic	O
zasad	O
sam	O
bio	O
jedini	O
na	O
lajni	O
koji	O
je	O
otvoreno	O
priznao	O
:d	O

bliži	O
se	O
turistička	O
sezona	O
pa	O
se	O
i	O
nezaposlonost	NORM_1WORD
smanjuje	O
.	O

i	O
love	O
you	O
.	O

protiv	O
drugih	O
pedera	O
.	O

vidim	O
da	O
je	O
time	O
magazine	O
kandidirao	O
tima	O
cooka	O
kao	O
osobu	O
godine	O
(	O
izmedju	NORM_1WORD
ostalih	O
)	O
.	O

dal	NORM_1WORD
postoji	O
u	O
hr.	NORM_1WORD
osoba	O
/	O
agencija	O
da	O
radi	O
copywriting	O
za	O
web	O
(	O
a	O
da	O
usput	O
ne	O
nudi	O
i	O
dizajn	O
,	O
razvoj	O
,	O
hosting	O
,	O
seo	O
,	O
cjepnje	NORM_1WORD
drva	O
...	O
)	O
?	O

ict	O
business	O
|	O
7.	O
weekend	O
media	O
festival	O
:	O
regionalna	O
komunikacijska	O
industrija	O
na	O
jednom	O
mjestu	O
http://t.co/amm5lsaarh	O
#	O

@bankamagazine	O
a	O
poslije	O
kad	O
ne	O
budu	O
mogli	O
vraćati	O
kredite	O
slijedi	O
privatizacija	O
i	O
trostruko	O
skuplja	O
voda	O
stanovnicima	O
tih	O
gradova	O
......	O

josipovic	NORM_1WORD
je	O
već	O
uspio	O
.	O

jer	O
oni	O
ne	O
prenose	O
laži	O
.	O

"	O
golem	O
kolut	O
svjetski	O
poznatog	O
midsomerskog	O
sira	O
s	O
plemenitom	O
plijesni	O
padne	O
na	O
ženu	O
i	O
ubije	O
je	O
"	O

tko	O
je	O
dostupan	O
,	O
vrijedi	O
.	O

rt	O
"	O
@franko12	O
:	O
u	O
kojem	O
se	O
ono	O
nastavku	O
pojavi	O
željka	O
mark	O
..	O
ovaj	O
dolores	O
umbridge	O
?	O

ako	O
bi	O
nas	O
ikad	O
pogodia	NORM_1WORD
tsunami	O
ja	O
bi	NORM_1WORD
bia	NORM_1WORD
onaj	O
sa	O
odvaljenin	NORM_1WORD
vratima	O
od	O
wca	NORM_1WORD
koji	O
trči	O
u	O
suprotnon	NORM_1WORD
smjeru	O
od	O
svih	O
i	O
pokušava	O
zajahat	NORM_1WORD
val	O
.	O

źene	NORM_1WORD
u	O
haljinama	O
i	O
kratkim	O
rukavima	O
.	O

pada	O
mi	O
na	O
pamet	O
jedna	O
njima	O
dobro	O
poznata	O
-	O
kme	O
?!	O

dođe	O
žena	O
i	O
"	O
ona	O
nije	O
mislila	O
da	O
će	O
to	O
bit	NORM_1WORD
tako	O
"	O
.	O

netko	O
podmece	NORM_1WORD
,	O
)	O

odma	NORM_1WORD
je	O
bilo	O
kme	O
kme	O

od	O
danas	O
je	O
na	O
snazi	O
zabrana	O
loženja	O
vatre	O
na	O
otvorenome	O
,	O
koja	O
zadaje	O
glavobolje	O
vatrogascima	O
.	O

#kckzg	O

u	O
međuvremenu	O
je	O
u	O
temp	NORM_1WORD
u	O
šibeniku	O
dosegla	O
ugodnih	O
11	O
°	O
.	O

i	O
just	O
realized	O
,	O
trebam	O
više	O
razmjenjivat	NORM_1WORD
konstruktivne	O
kritike	O
na	O
nove	O
wip	O
radove	O
.	O

#kralj	O
najveci	NORM_1WORD
:)	O

@zvonimir89	O
zagrepčani	O
rođeni	O
u	O
zagrebu	O
čiji	O
otac	O
i	O
djed	O
su	O
također	O
rođeni	O
u	O
zagrebu	O
.	O

ijaoooooooooo	NORM_1WORD
kad	O
se	O
sjetiiiiiiiiiiiiiiiiiiiiiiiiiiiiiiiiiiiiiiiiiiiiiiiiiiiiiiiiiiiiiiiiiiiiiiiiiiiiiiiiiiiiiiiiiiiiiim	NORM_1WORD
:d	O

tko	O
je	O
kriv	O
što	O
#seselj	O
politički	O
djeluje	O
?	O

ja	O
volim	O
ljude	O
.	O

može	O
i	O
više	O
komada	O
.	O

1.	O
kuhana	O
jaja	O
:	O
stavite	O
jaja	O
u	O
vodu	O
,	O
izvadite	O
ih	O
iz	O
vode	O
,	O
još	O
su	O
sirova	O
,	O
mater	O
im	O
jebem	O
!	O

sjećam	O
se	O
te	O
duge	O
vožnje	O
vlakom	O
i	O
onog	O
auta	O
što	O
je	O
vozio	O
uz	O
nas	O
,	O
istom	O
brzinom	O
,	O
kao	O
da	O
smo	O
samo	O
mi	O
stajali	O
,	O
a	O
sve	O
drugo	O
se	O
kretalo	O
.	O

puj	O
stoko	O
nevaspitana	O
,	O
ajd	NORM_1WORD
bar	O
sakama	NORM_1WORD
.	O

odgodili	O
smo	O
izložbe	O
zbog	O
lošeg	O
vremena	O
tako	O
da	O
je	O
prva	O
sljedeća	O
06.	O
travnja	O
u	O
zagrebu	O
!	O

znači	O
,	O
ima	O
nade	O
za	O
ljudski	O
rod	O
!	O

kupia	NORM_1WORD
san	NORM_1WORD
priki	O
čestitku	O
za	O
svadbu	O
i	O
krivu	NORM_1WORD
napisa	NORM_1WORD
ženino	O
ime	O
:/	O

@vdulabic	O
@vladarh	O
ja	O
sam	O
za	O
zezanje	O
i	O
u	O
teskim	NORM_1WORD
vremenina	NORM_1WORD
ali	O
ovo	O
mi	O
nije	O
bilo	O
to	O
nego	O
populisticka	NORM_1WORD
izjava	O
ko	NORM_1WORD
da	O
je	O
teretana	O
luksuz	O
i	O
losa	NORM_1WORD
:)	O

@spitka	O
imamo	O
100	O
dana	O
sezone	O
.	O

nakon	O
mise	O
,	O
od	O
19	O
-	O
21	O
sati	O
,	O
zajednica	O
mladih	O
poziva	O
sve	O
na	O
večer	O
klanjanja	O
i	O
slavljenja	O
pod	O
zajedničkim	O
nazivom	O
'	O
(	O
biti	O
)	O
kristom	O
oduševljen	O
!	O
'	O

savjest	O
je	O
savjest	O
i	O
ona	O
je	O
najvaznija	NORM_1WORD
,	O
jasno	O
.	O

pl	O
na	O
popisu	O
39	O
država	O
koje	O
ispunjavaju	O
stroge	O
fitosanitarne	O
uvjete	O
vijet.	O
vlasti	O
i	O
moći	O
će	O
izvoziti	O
proizvode	O
biljnog	O
podrijetla	O
u	O
vijetnam	O

.	O

http://t.co/13hj6oafqt	O

jer	O
i	O
ja	O
bi	NORM_1WORD
ga	O
kombinirala	O
s	O
piletinom	O
,	O
samo	O
ne	O
znam	O
kako	O
da	O
napravim	O
da	O
bude	O
tekući	O
:d	O

bolje	O
da	O
se	O
nikad	O
nije	O
ni	O
stavljalo	O

mislim	O
,	O
volio	O
bi	NORM_1WORD
da	O
mu	O
ne	O
uspije	O
ali	O
dobar	O
potez	O
.	O

na	O
webu	O
još	O
piše	O
10.7.	O

ok	O
,	O
to	O
je	O
2	O
2	O
x	O
4	O
.	O

tko	O
to	O
nije	O
gledao	O
ne	O
zna	O
sta	NORM_1WORD
propusta	NORM_1WORD
.	O

..	O
12torica	NORM_1WORD
muškaraca	O
koji	O
su	O
obilježili	O
2014.	O
god.	O
i	O
gledam	O
na	O
netu	O
http://t.co/pccfhe5geh	O
i	O
nemanike	NORM_1WORD
😭	O

..	O
sad	O
opet	O
moram	O
ić	NORM_1WORD
izjednačit	NORM_1WORD
naočale	O

#auuu	O

frizura	O
mi	O
je	O
tako	O
slatka	O
veceras	NORM_1WORD
da	O
zelite	NORM_1WORD
pricati	NORM_1WORD
sa	O
mnom	O
,	O
plesati	O
sa	O
mnom	O
,	O
a	O
najvise	NORM_1WORD
od	O
svega	O
dirati	O
se	O
sa	O
mnom	O
.	O

@akcijaaa	O
može	O
jedno	O
pitanje	O
?	O

e	O
,	O
ako	O
ima	O
među	O
vama	O
neka	O
dobraduša	NORM_1WORD
,	O
trebam	O
znanstvenu	O
definiciju	O
samocenzure	O
,	O
jel	NORM_1WORD
možete	O
help	O
?	O

u	O
portlandu	O
je	O
sad	O
7	O
h	O
ujutro	O
.	O

slažem	O
se	O
.	O

it's	O
a	O
good	O
day	O
.	O

i	O
boban	O
rajović	O
je	O
neki	O
hipster	O
sad	O
s	O
crnim	O
pepeljarkama	O
?	O

izletnici	O
se	O
vraćaju	O
sutra	O
,	O
moje	O
vrijeme	O
je	O
prošlo	O
.	O

moji	O
kao	O
da	O
priželjkuju	O
da	O
organiziram	O
neki	O
divlji	O
party	O
kad	O
odu	O
,	O
a	O
umjesto	O
toga	O
me	O
zateknu	O
kako	O
slažem	O
svoj	O
tom	O
hiddleston	O
folder	O
.	O

a	O
sjetim	O
se	O
i	O
jednog	O
mog	O
birtijanera	O
koji	O
na	O
#politikahr	O
gleda	O
ovako	O
:	O
"	O
muni	O
ti	O
sebi	O
kol'ko	NORM_1WORD
'oćeš	NORM_1WORD
,	O
al'	NORM_1WORD
deder	O
ostavi	O
i	O
meni	O
malo	O
...	O
"	O

opet	O
je	O
u	O
mom	O
sjećanju	O
,	O
mislila	O
je	O
.	O

in	O
other	O
news	O
kolege	O
koji	O
su	O
ostavili	O
pivo	O
u	O
fridžu	O
bečkog	O
stana	O
firme	O
just	O
made	O
my	O
day	O
!	O

s	O
druge	O
strane	O
imam	O
nekog	O
ko	NORM_1WORD
ritvita	NORM_1WORD
sve	O
njegove	O
tvitove	O
.	O

pročitajte	O
ovdje	O
:	O
http://t.co/qvzzvashzh	O

prvo	O
me	O
probudi	O
u	O
pol	O
8	O
cvileci	NORM_1WORD
ko	NORM_1WORD
prase	O
na	O
kolinju	O
,	O
onda	O
nece	NORM_1WORD
nist	NORM_1WORD
jest	NORM_1WORD
,	O
onda	O
ne	O
zna	O
di	NORM_1WORD
bi	O
sa	O
sobom	O
dok	O
ne	O
izadjemo	NORM_1WORD
van	O
.	O

predlazem	NORM_1WORD
isto	O
i	O
za	O
pjesme	O
na	O
radiju	O
.	O

moja	O
malenkost	O
leži	O
na	O
krevetu	O
.	O

@majibee	O
aha	O
.	O

jer	O
,	O
ako	O
budete	O
dovoljno	O
dugo	O
šetali	O
,	O
izaći	O
ćete	O
iz	O
ove	O
zemlje	O
.	O

neću	O
takvu	O
etiketu	O
pa	O
si	O
tražim	O
mjesto	O
i	O
dozu	O
prazničkog	O
raspoloženja	O
.	O

@fsohr	O
@domizg	O
@mbajkusa	O
slažem	O
se	O
s	O
projektom	O
lansiranja	O
@jklicinovic	O
u	O
upravljačku	O
orbitu	O
obrazovnog	O
sustava	O

prakticki	NORM_1WORD
sam	O
imala	O
two-hour	O
nap	O
.	O

ajde	NORM_1WORD
neko	NORM_1WORD
:(	O
#očajnesmo	O

squee	O
je	O
ušao	O
u	O
oksfordski	O
rječnik	O
!	O

hvala	O
sto	NORM_1WORD
ste	O
nam	O
dopustili	O
da	O
čujemo	O
jedan	O
intervju	O
!	O

hrv.	O
poljoprivrednici	O
izvoze	O
slamu	O
.	O

@ppajdakovic	O
ako	O
ti	O
je	O
država	O
stoljećima	O
neprijatelj	O
i	O
učen	O
si	O
biti	O
protiv	O
tuđinske	O
vlade	O
onda	O
je	O
mali	O
korak	O
do	O
toga	O
da	O
mrziš	O
vlade	O
općenito	O

1	O
!	O

gdje	O
je	O
nestao	O
covjek	NORM_1WORD

razmišlja	O
li	O
bayern	O
stvarno	O
o	O
tome	O
?	O

dečki	O
,	O
odrastite	O
i	O
prestanite	O
se	O
sramotit	NORM_1WORD
,	O
you'll	O
never	O
get	O
the	O
girl	O
.	O

kako	O
dalje	O
?	O

teško	O
napraviti	O
domaće	O
.	O

kako	O
napisati	O
kvalitetan	O
životopis	O
?	O

ronaldo	O
je	O
iznenadio	O
svoje	O
suigrače	O
golovima	O
i	O
svojim	O
fizičkim	O
stanjem	O
.	O

sviđaju	O
mi	O
se	O
njegovi	O
roditelji	O
jer	O
me	O
nisu	O
pitali	O
ništa	O
vezano	O
za	O
školu	O
uključujući	O
i	O
standardno	O
pitanje	O
'	O
šta	NORM_1WORD
češ	NORM_1WORD
studirati	O
?	O
'	O
👍	O

jedna	O
više	O
ili	O
manje	O
-	O
koga	O
briga	O

"	O
@perspective_pic	O
:	O
how	O
to	O
find	O
your	O
roots	O
http://t.co/pz5wluaylv	O
"	O

zbilja	O
dobrih	O
i	O
poučnih	O
twitova	NORM_1WORD
ima	O
!	O

večeras	O
vam	O
nudimo	O
promotivni	O
meni	O
,	O
vrhunsko	O
tamno	O
pivo	O
guinness	O
+	O
pivničke	O
kobasice	O
za	O
samo	O
10	O
km	O
.	O

nikad	O
necu	NORM_1WORD
osvojiti	O
5on5	O
lan	O
turnir	O
:(	O

gotičari	O
i	O
gotičarke	O
,	O
večeras	O
na	O
jelovniku	O
imamo	O
ebm	O
,	O
dark	O
electro	O
,	O
futurepop	O
,	O
industrial	O
,	O
ncmsn	O
ncmsn	O
,	O
synthpop	O
party	O
na	O
2	O
floora	O
:)	O

schumi	O
,	O
izvuci	O
se	O
,	O
vidjet	O
ćeš	O
koliko	O
te	O
ljudi	O
vole	O
!	O

and	O
it	O
goes	O
something	O
like	O
this	O
http://t.co/dx1re7nsnr	O
u	O
strujanju	O
@radio808	O
uz	O
još	O
jedan	O
puding	O
show	O
koji	O
počinje	O
za	O
5	O
minuta	O
!	O

valjda	O
se	O
to	O
konta	O
bar	O
za	O
25	O
%	O

(	O
izbori	O
)	O
2014.	O
će	O
biti	O
godina	O
izbora	O
eu	O
,	O
no	O
kako	O
ćete	O
vi	O
glasati	O
,	O
ovisi	O
o	O
nacionalnim	O
pravilima	O
.	O

takoder	NORM_1WORD
sam	O
i	O
za	O
argentinu	O
;)	O

@nemamidejezaime	O
to	O
je	O
notorna	O
laz	NORM_1WORD
.	O

u	O
roku	O
sam	O
i	O
svira	O
hurem	O
od	O
severine	O
a	O
na	O
tvu	NORM_1WORD
se	O
pojavi	O
spot	O
od	O
danny	NORM_1WORD
browna	O
grown	O
up	O
.	O

odavno	O
znam	O
da	O
će	O
doći	O
to	O
vrijeme	O
kad	O
ću	O
čuti	O
glasove	O
u	O
glavi	O
,	O
fingers	O
crossed	O
za	O
alec	O
baldwin	O
/	O
will	O
arnett	O
kombinaciju	O

koliko	O
varijacija	O
na	O
temu	O
sjeckalice	O
povrća	O
i	O
ostalog	O
crapa	O
možeš	O
izmisliti	O
i	O
prodavati	O
?!	O

vise	NORM_1WORD
bi	O
se	O
stvari	O
dalo	O
pogurati	O
pod	O
njih	O
.	O

susjed	O
je	O
vozio	O
neku	O
novu	O
mazdu	O
pickup	O
,	O
onda	O
kangooa	O
staroga	NORM_1WORD
,	O
sada	O
vozi	O
neki	O
passat	O
karavan	O
91.	O
-2.	O
,	O
još	O
malo	O
upast	O
će	O
u	O
old	NORM_1WORD
.	O

prijave	O
u	O
župnom	O
uredu	O
.	O

natječaj	O
za	O
5.	O
organ	O
vida	O
produžili	O
smo	O
do	O
15.	O
svibnja	O
!	O

drugo	O
izdanje	O
webiz	O
konferencije	O
od	O
20.	O
do	O
23.	O
marta	O
u	O
zrenjaninu	O
http://t.co/kyqkd7dui9	O
#trecasmjena	O

nije	O
uvijek	O
baš	O
sve	O
kako	O
se	O
čini	O
na	O
prvu	O
,	O
zar	O
ne	O
?	O

da	O
se	O
zelis	NORM_1WORD
druzit	NORM_1WORD
,	O
druzio	NORM_1WORD
bi	O
se	O
bez	O
obzira	O
na	O
umor	O

dark	O
side	O

vrijeme	O
je	O
da	O
se	O
o	O
svim	O
zločinima	O
total.	O
režima	O
u	O
rh	O
otvoreno	O
razgovara	O
i	O
da	O
osuda	O
svih	O
koji	O
su	O
se	O
ogriješili	O
o	O
pravo	O
i	O
pravdu	O
bude	O
jednaka	O
.	O

microsoft	O
i	O
sony	O
prema	O
najnovijim	O
glasinama	O
najavljuju	O
svoje	O
konzole	O
nove	O
generacije	O
na	O
posebnim	O
eventovima	NORM_1WORD
na	O
proljeće	O
!	O

tudor	O
zadovoljan	O
porazom	O

načuo	O
sam	O
iz	O
ustaške	O
emigracije	O
da	O
je	O
lorde	O
spoznala	O
svoje	O
korijene	O
i	O
priprema	O
duet	O
s	O
tihom	O
orlićem	O
i	O
šimunićem	O
:	O
"	O
vjetre	O
s	O
pacifika	O
"	O

:)	O

krv	O
i	O
nevjerica	O
.	O

odmah	O
iduća	O
rečenica	O
u	O
članku	O
daje	O
isti	O
prigovor	O
kao	O
i	O
ti	O
:	O
"	O
although	O
this	O
study	O
did	O
not	O
directly	O
assess	O
sexual	O
orientation	O
....	O
@plisnjesa	O

lakše	O
je	O
urediti	O
kaos	O
nego	O
naučiti	O
živjeti	O
u	O
njemu	O
je	O
filozofija	O
koju	O
primjenjujem	O
u	O
životu	O
svjesna	O
njene	O
nelogičnosti	O
.	O

priđite	O
,	O
pojedite	O
i	O
popijte	O
.	O

rt	O
@maxmurluk	O
:	O
tepisi	O
bi	O
trebali	O
biti	O
bar	O
metar	O
od	O
poda	O
.	O

ne	O
baš	O
često	O
nešto	O
vezano	O
za	O
pravo	O
više	O
za	O
svoje	O
političe	NORM_1WORD
stavove	O
ili	O
zaštitu	O
interesa	O
koji	O
su	O
ih	O
tamo	O

#univerzijada2016	O

lijepo	O
su	O
krenuli	O
.	O

jedna	O
od	O
top	O
5	O
najgorih	O
bozicnih	NORM_1WORD
ikad	O
!	O

i	O
sad	O
mater	O
i	O
brat	O
upalili	O
hrt2	O
i	O
cila	NORM_1WORD
zgrada	O
trešti	O
!	O

za	O
dobro	O
jutro	O
,	O
guštam	O
:-)	O

jer	O
ni	O
trud	O
i	O
rad	O
nekima	O
ne	O
donese	O
nista	NORM_1WORD
ako	O
im	O
se	O
ne	O
poklopi	O
.	O

#standup	O

fitness	O
tviter	NORM_1WORD
akaunti	O
koji	O
kvotaju	O
churchila	NORM_1WORD
.	O

oh	O
joy	O
!	O

u	O
glavi	O
su	O
mi	O
flešbekovi	NORM_1WORD
,	O
a	O
pred	O
očima	O
trejo	O
.	O

@svetonilovic	O
paaa	NORM_1WORD
vrlo	O
cesto	NORM_1WORD
tam	NORM_1WORD
to	O
i	O
jedemo	O
,	O
ima	O
blizu	O
nekoliko	O
pecenjara	NORM_1WORD
s	O
dobrim	O
odojkom	O
pa	O
si	O
uzmemo	O
na	O
putu	O
tam	NORM_1WORD
i	O
onda	O
se	O
tam	NORM_1WORD
ubijamo	O

jel	NORM_1WORD
vi	O
to	O
malo	O
trollate	NORM_1WORD
ljudi	O
ili	O
što	O
?	O

@ddakki	O
zaljubila	O
se	O
brzo	O
u	O
taj	O
mobitel	O
(	O
to	O
joj	O
je	O
prvi	O
smartphone	O
)	O
i	O
sad	O
je	O
baš	O
nesretna	O
što	O
ga	O
nema	O
:(	O
@kresendo	O

znaš	O
kako	O
je	O
to	O
neobično	O
za	O
mene	O
?	O

ne	O
znam	O
što	O
to	O
govori	O
o	O
mojem	O
mozgu	O
,	O
ali	O
u	O
zadnje	O
vrijeme	O
svaki	O
put	O
kad	O
na	O
twitter	O
feedu	O
vidim	O
"	O
breaking	O
news	O
"	O
,	O
to	O
pročitam	O
"	O
breaking	O
bad	O
"	O
.	O

@dorabubanko	O
...	O
a	O
kao	O
da	O
imaju	O
više	O
izbora	O
:)	O
...	O

[	O
hnl	O
teatar	O
apsurda	O
]	O
brbić	O
:	O
sve	O
skupa	O
je	O
smiješno	O
i	O
nećemo	O
šutjeti	O
!	O

vidimo	O
se	O
u	O
dvorani	O
!!	O

/	O
site	O
down	O
for	O
host	O
maintenance	O
.	O

btw	O
,	O
ako	O
ikoga	O
zanima	O
,	O
germanwings	O
leti	O
u	O
berlin	O
iz	O
pule	O
i	O
nazad	O
,	O
utorkom	O
i	O
nedjeljom	O
.	O

http://t.co/44hws94fvn	O
#imaginate	O
#dajetikrila	O

grozim	O
se	O
kad	O
mi	O
netko	O
kaže	O
da	O
mora	O
provjeriti	O
prije	O
odgovora	O
.	O

/	O
http://t.co/rjbgrtvrmw	O
#promo	O
#marketing	O
#adds	O
#zagreb	O
#zgportal	O
#oglasavanje	O
#oglas	O

@antemarkic	O
ja	O
sam	O
jedno	O
kolo	O
zaboravio	O
postaviti	O
ekipu	O
i	O
igrali	O
su	O
mi	O
3	O
-	O
4	O
ozlijeđena	O
i	O
od	O
tad	O
se	O
ne	O
mogu	O
vratiti	O
na	O
stare	O
staze	O
slave	O
:(	O

hoće	O
li	O
bandić	O
snizit	NORM_1WORD
cijene	O
parkinga	O
u	O
zg	O
i	O
ako	O
izgubi	O
na	O
izborima	O
?	O

#kiša	O

ali	O
voljela	O
bi	NORM_1WORD
jest	NORM_1WORD
.	O

za	O
naciju	O
koja	O
je	O
u	O
ovoj	O
godini	O
najčešće	O
ukucavala	O
tursku	O
sapunjaru	O
silu	O
u	O
google	O
,	O
dobro	O
nam	O
i	O
ide	O
.	O

objedinjena	O
nabava	O
ljubavi	O
za	O
sve	O
građane	O

a	O
11-ogodišnji	NORM_1WORD
momak	O
male	O
olsenice	O
tipični	O
kvartovski	O
swag	O
-	O
šilterica	O
ustranu	O
,	O
lanci	O
,	O
pederuša	O
i	O
pljuga	O
u	O
čubakima	O
.	O

evo	O
gledam	O
koje	O
su	O
šanse	O
da	O
nam	O
dijete	O
ima	O
zelene	O
oči	O
.	O

politika	O
|	O

žele	O
primati	O
plaću	O
bez	O
da	O
išta	O
rade	O
:p	O

zadnje	O
srpanjsko	O
maloplacje	O
!	O

@bulja1	O
to	O
me	O
jako	O
žalosti	O
...	O

šta	NORM_1WORD
je	O
sa	O
svitlećon	NORM_1WORD
gospon	NORM_1WORD
iz	O
međugorja	O
?	O

a	O
baš	O
sam	O
se	O
dobro	O
nasmijao	O
na	O
reakciju	O

di	NORM_1WORD
,	O
di	NORM_1WORD
?	O

a	O
kada	O
stignes	NORM_1WORD
na	O
odrediste	NORM_1WORD
padne	O
pohvala	O
tipa	O
s	O
obzirom	O
kako	O
vozis	NORM_1WORD
dobro	O
da	O
si	O
stigao	O
ziv	NORM_1WORD
hihihi	NORM_1WORD

jedan	O
lik	O
s	O
faksa	O
mi	O
je	O
na	O
rikvest	NORM_1WORD
na	O
last.fm-u	O
napisao	O
inbox	O
"	O
se	O
ti	O
šališ	O
?	O
"	O

polagala	O
sam	O
nadu	O
u	O
tebe	O

jandroković	O
:	O
govorite	O
kao	O
ulični	O
huligan	O

cc	O
@nokiacee	O

i	O
don't	O
think	O
so	O
.	O

na	O
što	O
ja	O
jednako	O
šaljivo	O
odgovorim	O
:	O
-	O
da	O
bar	O
:))))	O

@vtarczay	O
nisu	O
djeca	O
lijena	O
,	O
krive	O
su	O
isključivo	O
punoljetne	O
osobe	O
.	O

moj	O
doprinos	O
će	O
vam	O
najbolje	O
dočarati	O
slijedeći	NORM_1WORD
citat	O
:	O
"	O
every	O
battle	O
needs	O
a	O
coward	O
"	O
-	O
andy	O
richter	O

je	O
l	NORM_1WORD
opet	O
na	O
akciji	O
?	O

i	O
svi	O
ostali	O
logični	O
razlozi	O
.	O

krasno	O
.	O

nadam	O
se	O
da	O
je	O
u	O
kunstu	O
svršilo	O
sa	O
tom	O
monstruoznom	O
modom	O
koju	O
zovemo	O
arte	O
povera	O
.	O

sa	O
džigijem	O
i	O
nepoznatom	O
ekipom	O
pogledati	O
machette	NORM_1WORD
kills	O
.	O

nikad	O
nije	O
kasno	O
;	O

upita	O
ga	O
biskup	O
-	O
kakva	O
su	O
to	O
slova	O
:	O
crno	O
,	O
crveno	O
i	O
bijelo	O
?	O

za	O
yellowsaffron	O
video	O
recepte	O
ubrzo	O
mi	O
neće	O
više	O
trebati	O
engleski	O
prijevod	O
.	O

adventska	O
kuća	O
odlazi	O
s	O
trga	O
bana	O
jelačića	O
.	O

more	O
,	O
godišnji	O
,	O
predstavljanje	O
uređaja	O
od	O
strane	O
apple	O
i	O
samsung	O
.	O

i	O
sad	O
dodje	NORM_1WORD
onaj	O
i	O
pita	O
:	O
a	O
kad	O
je	O
sljedeca	NORM_1WORD
?!	O

nisam	O
ništa	O
htjela	O
naručit	NORM_1WORD
.	O

bilo	O
dobro	O
da	O
u	O
kafićima	O
umjesto	O
karleuše	O
puštaju	O
ovo	O
:	O
el	O
2009	O
:	O
http://t.co/vbigzofwrf	O
via	O
@youtube	O

#follow	O
croatian	O
girl	O
curently	O
studying	O
in	O
cardiff	O
.	O

pitanjce	O
.	O

sta	NORM_1WORD
da	O
radim	O
,	O
sta	NORM_1WORD
sta	NORM_1WORD
??	O

moj	O
govor	O
na	O
temu	O
"	O
strategija	O
za	O
ribarstvo	O
u	O
jadranskom	O
i	O
jonskom	O
moru	O
"	O
možete	O
naći	O
na	O
linku	O
:	O
http://t.co/gbkooaymxf	O
.	O

http://t.co/wtlfbxn6bq	O
#omizio	O

http://bit.ly/iyat8f	O

christoph	O
waltz	O
je	O
u	O
postotcima	O
najuspješniji	O
glumac	O
u	O
povijesti	O
hollywooda	O
valjda	O
.	O

--	O
ah	O
..	O
javit	O
će	O
brzo	O
za	O
drugi	O
krug	O
,	O
a	O
i	O
dosta	O
nas	O
je	O
malo	O
bilo	O
..	O
drži	O
,	O
javim	O
♡	O

hzzo	O
je	O
napravio	O
svinjariju	O
s	O
neobavještavanjem	O
o	O
neprodužavanju	NORM_1WORD
dopunskoga	O
onima	O
koji	O
si	O
sami	O
ne	O
plaćaju	O
.	O

a	O
namin	NORM_1WORD
je	O
bilo	O
bolje	O
ka	NORM_1WORD
je	O
on	O
bija	NORM_1WORD
na	O
vlasti	O
.	O

“	O
@pearsawfly	O
:	O
glasovi	O
su	O
kao	O
dolčevite	O
.	O

@stefmilic	O
sretno	O
onda	O
!	O

ides	NORM_1WORD
bosa	O
doma	O
.	O

ako	O
ne	O
pomogne	O
...	O

ooo	O
matereti	NORM_1WORD
ove	O
apple	O
karte	O
su	O
zesci	NORM_1WORD
zakurnjak	O
.	O

svim	O
našim	O
čitateljima	O
islamske	O
vjeroispovjesti	O
želimo	O
čestit	O
kurban-bajram	O
-	O
bajram	O
.	O

nisam	O
branka	O
htio	O
niš	NORM_1WORD
ni	O
pitat	NORM_1WORD
.	O

u	O
sportu	O
je	O
bitno	O
da	O
znaš	O
i	O
gubiti	O
tako	O
da	O
bi	O
ove	O
uplakane	O
igrače	O
i	O
pokislog	O
strijelca	O
prvenstva	O
rado	O
sve	O
redom	O
izbacila	O
sa	O
ceremonije	O
.	O

ajmo	NORM_1WORD
snimiti	O
film	O
o	O
njemu	O
ili	O
barem	O
spot	O

pa	O
je	O
fejla	NORM_1WORD
upast	NORM_1WORD
.	O

aaah	O
life	O
is	O
good	O
!	O

kadeti	O
hajduka	O
i	O
karlovca	O
i	O
sutra	O
igraju	O
utakmicu	O
,	O
ovaj	O
put	O
ligašku	O
.	O

funk	O
,	O
soul	O
,	O
disco	O
,	O
boogie	O
,	O
r'n'b	O
,	O
hip	O
hop	O
,	O
house	O
...!	O

i	O
ja	O
se	O
nadam	O
da	O
će	O
rijeka	O
postat	NORM_1WORD
klub	O
pa	O
ih	O
i	O
budemo	O
mogli	O
smatrat	NORM_1WORD
rivalima	O
:-p	O

@rossadelliventi	O
onih	O
koji	O
slijepo	O
inzistiraju	O
i	O
nedaju	NORM_1WORD
se	O
smesti	O
da	O
ih	O
rastroje	O
i	O
uniste	NORM_1WORD
i	O
oslabe	O
unutarnje	O
principe	O
i	O
unutar	O
ljudi	O
da	O
bi	O

..	O
meni	O
je	O
bilo	O
lijepo	O

baza	O
.	O

video	O
:	O
hollywoodska	O
zvijezda	O
armand	O
assante	O
stigao	O
u	O
#dubrovnik	O
http://t.co/xghyh0t5zy	O
@mpurivatra	O
@danistanovic	O

super	O
,	O
ima	O
i	O
zuky	O
hashtagove	O
ajmo	NORM_1WORD
se	O
sad	O
malo	O
preseravat	NORM_1WORD
#fb	O
#sunce	O
#priroda	O
#sex	O
#gay	O
#zeljkamarkic	O
#hrvatska	O
#europa	O

malo	O
je	O
čudno	O
čovjeku	O
iz	O
herbalifea	O
poželjet	NORM_1WORD
sve	O
najbolje	O
za	O
rođendan	O
kad	O
oni	O
već	O
imaju	O
najbolje	O
shakeove	O
,	O
naj	O
edukacije	O
,	O
naj	O
fit	O
campove	O
...	O

worst	O
female	O
protagonist	O
ever	O
.	O

@iskon_hr	O
interesuje	NORM_1WORD
me	O
širokopojasni	O
priključak	O
na	O
lokaciji	O
nove	O
vasi	O
pored	O
brtonigle	O
.	O

ovo	O
je	O
sigurno	O
najbolje	O
koncipiran	O
stream	O
ikada	O
!	O

za	O
sve	O
one	O
koji	O
tvrde	O
da	O
se	O
pivo	O
pije	O
iz	O
flaše	O
,	O
ja	O
ga	O
pijem	O
iz	O
čaše	O
.	O

@francesmute	O
@josephbt	O
bolje	O
od	O
toga	O
je	O
kad	O
dobiješ	O
ime	O
po	O
mjestu	O
gdje	O
su	O
te	O
napravili	O
-	O
solinko	O
npr	NORM_1WORD

ne	O
zaboravite	O
da	O
sutra	O
naveče	NORM_1WORD
svi	O
vaši	O
tvitovi	O
sa	O
#demofest06	O
idu	O
uživo	O
na	O
tweetwall	O
demofesta	O
na	O
tvrđavi	O
.	O

@milan_tarot	O
u	O
jebo	NORM_1WORD
te	O
konkurencija	O
u	O
vidovitosti	O
.	O

otvoriš	O
ableton	O
i	O
kreneš	O
iz	O
zajebancije	O
u	O
synth	NORM_1WORD
80-ete	NORM_1WORD
,	O
a	O
završiš	O
na	O
nekom	O
carpenter	O
witch	O
houseu	O
s	O
reverba	O
i	O
bassa	O
za	O
udebljat	NORM_1WORD
se	O

http://t.co/8j50cksesu	O
#rajendra_pachauri	O
#klima	O
#eu	O

@raifpasa	O
možda	O
i	O
bi	O
da	O
imamo	O
bazen	O
:(	O

a	O
valjda	O
će	O
(	O
bar	O
posthumno	O
)	O
i	O
gotovina	O
objaviti	O
neku	O
knjigu	O
.	O

znate	O
sto	NORM_1WORD
ja	O
hocu	NORM_1WORD
?	O

ako	O
bi	O
se	O
nastavili	O
družit	NORM_1WORD
sa	O
rodijakon	NORM_1WORD
moga	NORM_1WORD
bi	NORM_1WORD
uvik	NORM_1WORD
van	NORM_1WORD
šavat	NORM_1WORD
svašta	O
našega	O
odozda	NORM_1WORD
domaćega	O
mislin	NORM_1WORD
od	O
rane	NORM_1WORD
jeli	NORM_1WORD
.	O

niti	O
pos	O
uredjaji	NORM_1WORD
u	O
trgovinama	O
.	O

kućni	O
ured	O
možete	O
napraviti	O
i	O
u	O
ormaru	O
!	O

treba	O
mi	O
5	O
minuta	O
da	O
ju	O
otvorim	O
.	O

ej	O
,	O
pa	O
bicke	O
!	O

@dexemotivac_	O
@dunja14294896	O
ako	O
jeste	NORM_1WORD
moć	O
biti	O
u	O
jednom	O
duhu	O
,	O
onda	O
sto	NORM_1WORD
ako	O
ta	O
ista	O
moć	O
ali	O
i	O
odgovornost	O
te	O
iste	O
moći	O
,	O
donosi	O
svakom	O
biti	O

ovo	O
sunce	O
provokatorsko	O
me	O
vec	NORM_1WORD
drugi	O
dan	O
zafrkava	O
.	O

nasli	NORM_1WORD
tenisice	O
broj	O
50	O
u	O
new	O
balance	O
i	O
reeboku	O
u	O
rosesu	O
.	O

-	O
kad	O
ti	O
je	O
zločinac	O
prijatelj	O
,	O
onda	O
su	O
i	O
tvoje	O
ruke	O
krvave	O
...	O

uh	O
uh	O
uh	O
,	O
@dunjx	O
slušam	O
muškarcemuškarce	O
i	O
pikam	O
po	O
glupavim	O
testovima	O
tipa	O
koji	O
bi	O
bio	O
vaš	O
daemon	O
i	O
ispadne	O
:	O
snowy	O
owl	O
!	O
:d	O

gasim	O
alarm	O
na	O
#nokialumia900	O
,	O
ispadne	O
mi	O
i	O
razbije	O
mi	O
usnicu	O
.	O

kupi	O
krumpir	O
preko	O
e-baya	NORM_1WORD
,	O
šta'šjebat	NORM_1WORD
sa	O
kopanjem	O
?	O

@zorankrusvar	O
tak	NORM_1WORD
se	O
definitivno	O
ne	O
zove	O
žanr	O
u	O
koji	O
spadaju	O
sve	O
te	O
tisuće	O
romana	O
o	O
intelektualcima	O
koji	O
se	O
ne	O
mogu	O
nositi	O
sa	O
životom	O
:d	O

talijanski	O
mcdonald's	O
će	O
,	O
u	O
partnerstvu	O
s	O
barillom	O
,	O
početi	O
posluživati	O
lokalne	O
specijalitete	O
:	O
http://t.co/7n3lphwday	O
/	O
via	O
@guardianfood	O

a	O
poznanik	O
se	O
jednom	O
napio	O
ko	NORM_1WORD
guzica	O
i	O
isao	NORM_1WORD
pitat	NORM_1WORD
curu	O
jel	NORM_1WORD
masturbira	O
,	O
kaze	NORM_1WORD
:	O
jel	NORM_1WORD
ti	O
mastur	O
,	O
mastur	O
,	O
mastur	O
,	O
jbg	NORM_1WORD
,	O
jel	NORM_1WORD
ti	O
drkas	NORM_1WORD
picku	NORM_1WORD
?	O

fuck	O
this	O
earth	O
.	O

francuzi	O
?	O

@marinoskalnik	O
navodno	O
su	O
rezultati	O
i	O
zadaci	O
bili	O
dostupni	O
prije	O
cijelog	O
natjecanja	O
ako	O
si	O
promjenio	NORM_1WORD
par	O
slova	O
u	O
urlu	NORM_1WORD
...	O

a	O
gdje	O
su	O
naše	O
toplane	O
?	O

#golikuhar	O
#masterofthekitchen	O
#domacica	O
#spremanzazenidbu	O

da	O
mi	O
nije	O
žao	O
mobitela	O
,	O
bacila	O
bi	NORM_1WORD
ga	O
u	O
glavu	O
ovoj	O
nepristojnoj	O
med.	O
sestri	O
.	O

sad	O
ne	O
miče	O
se	O
nigdje	O
niti	O
list	O
.	O

sad	O
ima	O
slabije	O
reklama	O
!	O

komplicirano	O
dobiva	O
jedan	O
potpuno	O
novi	O
,	O
osjetno	O
kompliciraniji	O
smisao	O
kad	O
smo	O
ja	O
i	O
ona	O
,	O
odnosno	O
mi	O
u	O
pitanju	O

sutra	O
je	O
još	O
radno	O
pa	O
moram	O
izgledati	O
ko	NORM_1WORD
čovjek	O
a	O
ne	O
ko	NORM_1WORD
zombi	O
...	O

#tvitispodimbotilje	O

ne	O
mozes	NORM_1WORD
ni	O
kratku	O
nedeljnu	NORM_1WORD
dremku	NORM_1WORD
u	O
miru	O
odradit	NORM_1WORD
,	O
pa	O
kaj	NORM_1WORD
je	O
ovo	O
s	O
rezom	O
mancestera	NORM_1WORD
,	O
jel	NORM_1WORD
gledao	O
itko	O
?	O

trebao	O
bi	O
dobiti	O
nagradu	O
,	O
uspjesno	NORM_1WORD
rastura	O
ugled	O
tvrtke	O
.	O

kazu	NORM_1WORD
tu	O
dr	NORM_1WORD
,	O
da	O
je	O
od	O
neke	O
alge	O
,	O
pune	O
cekaonice	NORM_1WORD

a	O
kad	O
se	O
maca	O
agresivno	O
umiva	O
onda	O
škilji	O
i	O
onda	O
joj	O
izađu	O
oni	O
treći	O
kapci	O

my	O
top	O
five	O
are	O
the	O
same	O
person	O
.	O

ako	O
je	O
imao	O
dvogodisnji	NORM_1WORD
ugovor	O
to	O
je	O
cca	O
jos	NORM_1WORD
godinu	O
,	O
godinu	O
i	O
po	NORM_1WORD
place	NORM_1WORD
.	O

fucking	O
epic	O
lol	O
.	O

meni	O
je	O
baš	O
nekako	O
muka	O
drive	NORM_1WORD
.	O

rtl	O
otkriva	O
:	O
već	O
uhićeni	O
bandić	O
jučer	O
vodio	O
kolegij	O
u	O
pratnji	O
policije	O
!	O

ajmo	NORM_1WORD
se	O
sad	O
kladit	NORM_1WORD
da	O
ću	O
zbog	O
prethodne	O
rečenice	O
dva	O
dana	O
squishat	O
bugove	O
u	O
kodu	O
.	O

zna	O
li	O
netko	O
točno	O
što	O
je	O
'	O
in-house	O
'	O
kojeg	O
uvode	O
umisto	NORM_1WORD
'	O
spin	NORM_1WORD
'	O
i	O
'	O
outsourcinga	O
'	O
?	O

zadnji	O
i	O
najusamljeniji	O
dalmatinac	O
.	O

ja	O
i	O
moja	O
opsjednutost	O
rozom	NORM_1WORD
bojom	O
,	O
uzas	NORM_1WORD
hahah	O
,	O
a	O
o	O
crnoj	O
da	O
ne	O
pricam	NORM_1WORD
,	O
love	O
at	O
first	O
sight	O

carrie	O
underwood	O
,	O
kaj	NORM_1WORD
ja	O
znam	O
,	O
to	O
svakako	O
nije	O
moja	O
salica	NORM_1WORD
caja	NORM_1WORD
,	O
al	NORM_1WORD
mozda	NORM_1WORD
bi	NORM_1WORD
se	O
ljubio	O
s	O
njom	O
.	O

aj	NORM_1WORD
nek	NORM_1WORD
mi	O
neko	NORM_1WORD
ode	O
u	O
mcdonalds	NORM_1WORD
po	O
dva	O
boaca	O
i	O
dva	O
hamburgera	O
i	O
sprajt	NORM_1WORD
.	O

get	O
yours	O
too	O
!	O

misliš	O
izgledaš	O
kao	O
rihanna	O
a	O
izgledaš	O
kao	O
da	O
je	O
rasprodaja	O
u	O
new	O
yorkeru	O
.	O

nemoguce	NORM_1WORD
odredit	NORM_1WORD
izvor	O

evo	O
sad	O
me	O
opet	O
ubio	O
stih	O
as	O
we	O
pull	O
up	O
in	O
our	O
brand	O
new	O
used	O
car	O
.	O

imaju	O
i	O
autohtonog	O
izgladnjivača	O
konja	O
branka	O
borkovića	O
.	O

rt	O
@dino_k23	O
kurim	O
frku	O
po	O
birtijama	O
za	O
smjesne	NORM_1WORD
novce	O

ka	NORM_1WORD
zesci	NORM_1WORD
mamurluk	O
,	O
kad	O
sam	O
i	O
kako	O
ja	O
zapratila	O
ubitacnodosadnogpisnikaprincatame	NORM_1WORD
lika	O
ka	NORM_1WORD
sta	NORM_1WORD
je	O
@basket3ca	O

nećemo	O
o	O
tome	O
,	O
jer	O
iskreno	O
te	O
ne	O
zanima	O
,	O
stav	O
si	O
odredio	O
unaprijed	O
jer	O
je	O
o	O
appleu	O
.	O

explore	O
wsj's	O
guide	O
to	O
frontier	O
markets	O
:	O
http://t.co/5zs3zug7kx	O
via	O
@wsjgraphics	O

ovo	O
je	O
skeri	NORM_1WORD
!	O

[	O
izvanredna	O
vijest	O
]	O
u	O
svom	O
današnjem	O
pismu	O
p.	O
general	O
adolfo	O
nicolás	O
najavio	O
je	O
36.	O
generalnu	O
kongregaciju	O
družbe	O
isusove	O
-	O
krajem	O
2016.	O

i	O
danas	O
oblačno	O
,	O
mokro	O
i	O
hladno	O
.	O

da	O
li	O
netko	O
od	O
vas	O
cura	O
zna	O
napravit	NORM_1WORD
kamikazu	O
na	O
štangi	O
a	O
da	O
ne	O
boli	O
?	O

http://t.co/3uuonygjik	O
#sad	O
#upozorenje	O
#napadi	O
#prijetnje	O

bjutiful	NORM_1WORD
morning	O
maj	NORM_1WORD
es	NORM_1WORD
.	O

#madajmenemoj	O

cinio	NORM_1WORD
mi	O
se	O
veci	NORM_1WORD
od	O
ostatka	O
svijeta	O
jer	O
jedine	O
oci	NORM_1WORD
koje	O
sam	O
cijeli	O
dan	O
trazila	NORM_1WORD
nisam	O
ugledala	O
.	O

pale	O
sam	O
na	O
svijetu	O
kao	O
ultimativni	O
sneak	O
peek	O
u	O
adulthood	O
.	O

koja	O
je	O
bila	O
izlaznost	O
,	O
a	O
tko	O
su	O
izabrani	O
članovi	O
?	O

jandroković	O
:	O
nakon	O
'	O
lex	O
perković	O
'	O
,	O
ovo	O
je	O
najveći	O
udar	O
na	O
ustavno-pravni	O
poredak	O
hrvatske	O
-	O
narod.hr	O
http://t.co/tgzvan99ue	O
via	O
@narodhr	O

a	O
ona	O
meni	O
za	O
uzvrat	O
u	O
prosjeku	O
jedamput	NORM_1WORD
tjedno	O
zaljepi	NORM_1WORD
krpelja	O
na	O
tijelo	O
grrrrrr	NORM_1WORD

#danikomunikacija	O

@tinzaja	O
@wleoni	O
@lanymat	O
@alexandarmilic	O
@juricavukovic1	O
@knobtviker	O

ovo	O
prvo	O
traži	O
disciplinu	O
.	O

ja	O
želim	O
treći	O
kapak	O
!	O

#wtf	O

e	O
sad	O
tko	O
je	O
od	O
koga	O
pokupio	O
,	O
ne	O
bih	O
ulazila	O
u	O
to	O
;)))	O

najviše	O
volim	O
onaj	O
dio	O
u	O
kojem	O
zamišljam	O
da	O
nekog	O
udaram	O
peglom	O
u	O
glavu	O
.	O

@suncek	O
@komentar_dana	O
jedini	O
tko	O
ce	NORM_1WORD
profitirat	NORM_1WORD
u	O
tome	O
je	O
todoric	NORM_1WORD
koji	O
isto	O
ne	O
dela	O
po	O
eu	O
standardima	O
al	NORM_1WORD
njega	O
se	O
ne	O
propituje	O

stranke	O
u	O
hr	O
su	O
kao	O
kobasice	O
u	O
komunizmu	O
.	O

da	O
se	O
ne	O
zaboravi	O
.	O

@ahmateja	O
valjda	O
su	O
ovdašnji	O
"	O
arhitekti	O
"	O
bilo	O
puno	O
načitaniji	O
od	O
zagrebačkih	O
kolega	O
...	O

:d	O

molimvas	NORM_1WORD
,	O
gospodine	O
predsjednice	NORM_1WORD
,	O
sazovite	O
vijece	NORM_1WORD
za	O
spas	O
gospodarstva	O
:	O
oni	O
neka	O
rijese	NORM_1WORD
pitanje	O
otoka	O
oslobodenih	NORM_1WORD
poreza	O
.	O

neki	O
jadni	O
lik	O
šenuo	O
pa	O
sklepali	O
šupu	O
i	O
zatvorili	O
ga	O
,	O
a	O
kako	O
je	O
urlao	O
,	O
stalno	O
mu	O
govorili	O
:	O
janko	O
!	O

#kckzg	O

kad	O
imenom	O
opišu	O
kakva	O
glazba	O
čeka	O
nutra	NORM_1WORD
.	O

ima	O
plusa	NORM_1WORD
i	O
minuseva	NORM_1WORD
,	O
sve	O
u	O
svemu	O
meni	O
dobar	O
film	O
.	O

busy	O
week	O
,	O
par	O
sastanaka	O
i	O
snimanje	O
sve	O
začinjeno	O
fakultetom	O
i	O
treninzima	O
.	O

a	O
comfortable	O
night	O
out	O
?	O

iako	O
sam	O
već	O
u	O
krevetu	O
,	O
da	O
me	O
netko	O
sad	O
nazove	O
,	O
rekao	O
bih	O
fuck	O
it	O
!	O
,	O
ustao	O
i	O
otišao	O
to	O
drink	O
with	O
him	O
/	O
her	O
instead	O
.	O

za	O
časopis	O
bivše	O
škole	O
nitko	O
nije	O
htio	O
poslati	O
ctrež	O
da	O
objave	O
pa	O
su	O
stavili	O
sliku	O
koja	O
je	O
na	O
naslovnici	O
kolaž	O
papira	O
i	O
potpisali	O
nekog	O
lika	O

-	O
samo	O
na	O
dvije	O
stranice	O
papira	O
?	O

onako	O
za	O
chillanje	O
i	O
maštanje	O
o	O
eurojackpotu	O
odnosno	O
večerašnjih	O
160	O
milijuna	O
:)	O

jel	NORM_1WORD
ove	O
wanna	NORM_2WORD
nije	O
sram	O
hodat	NORM_1WORD
po	O
gradu	O
u	O
gumenenim	NORM_1WORD
čizmama	O
.	O

mir	O
!	O

recite	O
im	O
to	O
u	O
facu	O
,	O
a	O
ne	O
tu	O
vikat	NORM_1WORD
!	O

bravo	O

@nmotika	O
a	O
i	O
ta	O
negativna	O
iskustva	O
su	O
vise	NORM_1WORD
greske	NORM_1WORD
vlasnika	O
jer	O
su	O
konobari	O
/	O
kuhinje	O
preoptereceni	NORM_1WORD
nego	O
samih	O
konobara	O

@bsevo	O
džaba	O
informiranost	O
kad	O
su	O
ljudima	O
toliko	O
mozgovi	O
prebrikani	O
da	O
ne	O
znaju	O
razmišljat	NORM_1WORD
samostalno	O

za	O
bullying	O
,	O
bully	O
treba	O
biti	O
snažniji	O
od	O
žrtve	O
.	O

sad	O
je	O
waves	O
u	O
eteru	O
-	O
bit	O
će	O
sjeda	O
ko	NORM_1WORD
naručena	O
:)	O

life	O
is	O
life	O
,	O
jel	NORM_1WORD
tako	O
?	O

reci	O
da	O
li	O
ljubav	O
sada	O
ima	O
išta	O
s	O
time	O
...	O

ima	O
li	O
tu	O
koga	O
tko	O
razlikuje	O
running	O
backa	O
od	O
fullbacka	O
?	O

majko	O
,	O
na	O
bengama	O
u	O
tri	O
ujuro	NORM_1WORD
nema	O
sirkovih	O
metli	O
.	O

140	O
znakova	O
je	O
za	O
mene	O
prava	O
pizdarija	O

budjenje	NORM_1WORD
i	O
prilagodba	O
-	O
dupli	O
poplun	O
,	O
dupla	O
pidjama	NORM_1WORD
,	O
termo	O
carape	NORM_1WORD
i	O
vunena	O
dolcevita	NORM_1WORD
.	O

obožavam	O
dok	O
mi	O
se	O
u	O
glavi	O
stvori	O
salata	O
od	O
svih	O
mogućih	O
kratica	O
:	O
esf	O
,	O
erdf	O
,	O
eafrd	O
,	O
eagf	O
,	O
emff	O
.	O

nemam	O
namjeru	O
dramatizirati	O
,	O
ali	O
ovo	O
je	O
važan	O
trenutak	O
za	O
bih	O
http://t.co/2l07yatu6u	O
#dnevniavaz	O
via	O
@dnevniavaz	O

@ante_mufc	O
na	O
(	O
njihovu	O
)	O
žalost	O
to	O
im	O
uvijek	O
dođe	O
prekasno	O
.	O

bio	O
je	O
svoj	O
.	O

#petaknavečer	O

ipak	O
,	O
drago	O
mi	O
je	O
da	O
ih	O
čitate	O
.	O

:)	O

histrionski	O
dom	O
@username	O
20	O
h	O

konobar	O
ih	O
je	O
nazvao	O
pičkicama	O
.	O

svemire	O
,	O
koliko	O
prikladnije	O
trenutke	O
ćeš	O
još	O
moći	O
pronaći	O
.	O

i	O
kakvog	O
je	O
osjećaja	O
bit	NORM_1WORD
svjestan	O
da	O
svaki	O
odnos	O
u	O
koji	O
ćete	O
uć	NORM_1WORD
ima	O
već	O
definirani	O
rok	O
trajanja	O
?	O

via	O
showbuzz.hr	O
http://t.co/00j9umtqut	O
"	O

zvuči	O
kao	O
utopija	O
,	O
ali	O
nije	O
:	O
dobijamo	NORM_1WORD
banku	O
koja	O
ne	O
"	O
pljačka	O
"	O
http://t.co/yiz81fnsfl	O
#etičnabanka	O

nvm	O
,	O
opcenito	NORM_1WORD
problemi	O
s	O
twitterom	O
,	O
weird	O
.	O

..	O
premija	O

dobro	O
se	O
,	O
međutim	O
,	O
sahranjuje	O
s	O
ljudima	O
.	O

@toncilucin	O
ma	O
@ivospigel	O
je	O
mučki	O
provokator	O
koji	O
će	O
biti	O
na	O
škoju	O
kad	O
ćemo	O
mi	O
već	O
jest	NORM_1WORD
ćevape	O
:d	O

#ponosan	O

@hajduk_hr	O

za	O
promoted	O
posts	O
,	O
page	O
likes	O
je	O
?	O

nedavno	O
sam	O
rekla	O
da	O
nikada	O
nisam	O
niti	O
ću	O
tvitati	O
o	O
seksu	O
i	O
pogodite	O
samo	O
u	O
vezi	O
čega	O
trenutno	O
imam	O
inspiraciju	O
najs	O

@sudo666	O

@mgeric	O
ima	O
i	O
app	O
za	O
to	O
"	O
sozoom	O
"	O
.	O

ako	O
naručim	O
sa	O
ebay.de	O
ili	O
ebay.it	O
dal	NORM_1WORD
me	O
to	O
oslobađa	O
carine	O
i	O
pdv-a	O
?	O

prijateljica	O
rekla	O
da	O
ce	NORM_1WORD
mi	O
donit	NORM_1WORD
komad	O
torte	O
jos	NORM_1WORD
oko	O
10	O
ipo	NORM_1WORD
i	O
sad	O
kaze	NORM_1WORD
tek	O
za	O
40-ak	O
min	NORM_1WORD
,	O
a	O
ne	O
necu	NORM_1WORD
je	O
cekat	NORM_1WORD
.	O

all	O
hell's	O
about	O
to	O
break	O
loose	O
.	O

#dinamo	O
vodi	O
3:1	O
protiv	O
domaćina	O
!	O

@vdulabic	O
@sampjer	O
@boweryplace	O
to	O
je	O
reklama	O
za	O
turizam	O

xd	O

pa	O
me	O
sad	O
razapnite	O
.	O

danas	O
ostajem	O
u	O
svojim	O
očima	O
,	O
tražeči	NORM_1WORD
onu	O
dubinu	O
sanjara	O
...	O

evolucija	O
moj	O
kurac	O
...	O

svaki	O
put	O
se	O
osjećam	O
voajerski	O
.	O

među	O
najgledanijim	O
filmovima	O
u	O
#bnet	O
videoteci	O
:	O
voditelj	O
uzvraća	O
udarac	O
2	O
-	O
http://t.co/7yruc01h4p	O
#trecasmjena	O
#videoteka	O

do	O
nas	O
stize	NORM_1WORD
samo	O
vuciceva	NORM_1WORD
"	O
magla	O
"	O
o	O
investicijama	O
i	O
rastu	O
...	O

you	O
had	O
one	O
job	O
,	O
people	O
.	O

budite	O
iznad	O
svakodnevnih	O
sranja	O
uzdignite	O
se	O
ponad	O
prljave	O
politicke	NORM_1WORD
gluposti	O
i	O
dajte	O
recimo	O
kujundzicu	NORM_1WORD
da	O
malo	O
od	O
pavelica	NORM_1WORD
ghandija	NORM_1WORD
radi	O

da	O
li	O
već	O
možeš	O
koristiti	O
ovu	O
opciju	O
?	O

#reverse_sexism	O
#buhu	O

"	O
@netokracija	O
:	O
twitterov	O
prvi	O
kvartal	O
:	O
250	O
milijuna	O
dolara	O
zarade	O
,	O
većinom	O
od	O
mobilnog	O
oglašavanja	O
http://t.co/jnu0ylrrxj	O
"	O

ili	O
su	O
totalno	O
lignjasti	O
pa	O
niti	O
smrde	O
niti	O
mirise	NORM_1WORD
niti	O
se	O
znaju	O
veseliti	O

http://t.co/xswctwya	O
#follow	O
us	O
guys	O
for	O
news	O
:)	O

jer	O
da	O
nisam	O
,	O
odavno	O
bi	O
neki	O
bili	O
u	O
vječnim	O
lovištima	O
...	O

:((	O

malo	O
nam	O
je	O
dosadno	O
u	O
ovoj	O
utopiji	O
,	O
zato	O
se	O
okupimo	O
ne	O
bi	NORM_1WORD
li	O
pružili	O
potporu	O
turcima	O
,	O
koji	O
su	O
,	O
za	O
razliku	O
od	O
nas	O
,	O
u	O
problemu	O
.	O

(	O
uključujući	O
naklapanja	O
)	O
:	O
karte	O
za	O
ovogodišnje	O
wwdc	O
rasprodane	O
su	O
u	O
roku	O
d	O
...	O

shpitza	NORM_1WORD
.	O

u	O
popularnom	O
showu	O
"	O
ples	O
sa	O
zvijezdama	O
"	O
plešu	O
čak	O
3	O
plesna	O
profesionalca	O
iz	O
plesnog	O
centra	O
"	O
zagreb	O
"	O
!	O

[	O
biznis	O
plan	O
]	O
registrirat	NORM_1WORD
http://t.co/iruk746opb	O
i	O
napravit	NORM_1WORD
oglasnik	O
za	O
plaćene	O
ubojice	O
#whynot	O
#lecdoit	O

http://t.co/ubbsibdt	O
seth	O
godin	O
o	O
coachingu	O
a	O
bez	O
da	O
spomene	O
tu	O
riječ	O
...	O

vidi	O
se	O
napredak	O
u	O
zg	O
zracnoj	NORM_1WORD
luci	O
,	O
sad	O
*	O
moras	NORM_1WORD
*	O
proci	NORM_1WORD
kroz	O
duty	O
free	O
shop	O
da	O
dodjes	NORM_1WORD
do	O
smanjene	O
cekaonice	NORM_1WORD
za	O
odlazne	O
letove	O
.	O

http://t.co/h70ojz653p	O
#budiponosan	O

pokušavam	O
se	O
registrirati	O
na	O
ebay	O
već	O
10ak	NORM_1WORD
dana	O
i	O
sustav	O
javlja	O
"	O
we're	O
having	O
problem	O
right	O
now	O
.	O

hm	O
...	O

bljuje	O
mi	O
se	O
od	O
ljudi	O
koji	O
se	O
tu	O
na	O
twitteru	O
žale	O
da	O
jadni	O
jedu	O
i	O
debeli	O
su	O
a	O
kad	O
pogledam	O
sliku	O
štapić	O
štapićasti	O
!	O

dvoje	O
dja	NORM_1WORD
ko	NORM_1WORD
jack	O
i	O
meg	O
,	O
u	O
sretnijim	O
danima	O
.	O

jeste	O
li	O
znali	O
da	O
su	O
zvjezdana	O
vrata	O
korištena	O
za	O
snimanje	O
serije	O
zvjezdana	O
vrata	O
:	O
atlantis	O
[	O
v.	O
ep	O
1	O
i	O
2	O
,	O
14:10	O
]	O
napravljena	O
od	O
gume	O
?	O

ove	O
reklame	O
za	O
maskaru	O
,	O
koji	O
high-tech	O
,	O
k'o	NORM_1WORD
da	O
ću	O
se	O
s	O
njom	O
lansirat'	NORM_1WORD
s	O
bajkonura	O
,	O
a	O
ne	O
otić'	NORM_1WORD
na	O
tulum	O
i	O
doć'	NORM_1WORD
doma	O
ujutro	O
k'o	NORM_1WORD
rakun	O
:-d	O

get	O
it	O
today	O
.	O

sigurno	O
neću	O
prepordavati	NORM_1WORD
mini	O
mandarinu	O
.	O

nadam	O
se	O
da	O
smo	O
svi	O
ovdje	O
oni	O
koji	O
kad	O
egzempliraju	O
muziku	O
drugim	O
ljudima	O
via	O
youtube	O
kliknu	O
ne	O
na	O
spot	O
nego	O
samo	O
na	O
pjesmu	O
.	O

\o/	O

dubioza	O
voč	NORM_1WORD
yrslf	NORM_1WORD
!	O

trash	O
mi	O
je	O
puno	O
zabavniji	O
jer	O
uzrokuje	O
hipsterski	O
shadenfreude	NORM_1WORD
nad	O
tuđom	O
nesposobnošću	O
.	O

bilo	O
mi	O
je	O
8	O
godina	O
”	O

cc	O
/	O
@vkokanov	O
http://t.co/vq3oiyal7q	O
"	O

provjereno	O
.	O

dok	O
je	O
bandic	NORM_1WORD
bio	O
clan	NORM_1WORD
sdpa	NORM_1WORD
tvrdilo	O
se	O
da	O
je	O
idealan	O

#monday	O

što	O
se	O
mora	O
nije	O
teško	O
...	O

☀	O
🍀	O
🎶	O
@sofia__hm	O

pomagajte	O
,	O
imam	O
problema	O
sa	O
sixpackom	O
,	O
kad	O
se	O
najedem	O
lubenice	O
gornja	O
dva	O
komada	O
mi	O
postanu	O
još	O
veća	O
.	O

teško	O
za	O
prošetati	O
ili	O
..?	O

mrzim	O
te	O
@jarrettjack03	O
.	O

a	O
malo	O
prije	O
je	O
lupala	O
tu	O
malu	O
koj	NORM_1WORD
joj	O
je	O
dala	O
zadacu	NORM_1WORD
olovcicom	NORM_1WORD
po	O
glavi	O
.	O

+1	O
rt	O
@drpproteus	O
:	O
postoje	O
dva	O
tipa	O
ljudi	O
:	O
oni	O
koji	O
vole	O
lidlov	O
(	O
čokoladni	O
)	O
sladoled	O
,	O
i	O
oni	O
koji	O
ga	O
još	O
nisu	O
probali	O
.	O

tko	O
je	O
mogao	O
očekivati	O
da	O
će	O
burrito	O
zamijenit	NORM_1WORD
ćevose	O
i	O
kebab	O
kao	O
najdražu	O
hranu	O
za	O
pojest	NORM_1WORD
u	O
kvartu	O

@nmotika	O
upravo	O
sam	O
ti	O
to	O
napisao	O
:)	O

pita	O
me	O
frend	O
dal	NORM_1WORD
da	O
kupi	O
ajfon	O
na	O
pretplati	O
ili	O
prek	NORM_1WORD
oglasnika	O
?	O

ti	O
muškarci	O
koji	O
idu	O
na	O
kurve	O
pa	O
misle	O
da	O
su	O
superiorniji	O
od	O
njih	O
,	O
a	O
ove	O
kruh	O
zarađuju	O
s	O
njime	O
,	O
a	O
šta	NORM_1WORD
ti	O
jado	O
radiš	O
s	O
njom	O
?	O

cila	NORM_1WORD
fameja	O
na	O
noge	O
jer	O
četiri	O
jedrilice	O
nosi	O
u	O
sike	O
.	O

možda	O
si	O
autorizirao	O
neku	O
pa	O
objavljuje	O
spam	O
.	O

au	O
contrare	O
mon	O
ami	O
,	O
netko	O
ti	O
upravo	O
dahće	O
za	O
vratom	O
...	O

x	O
untether	O
:	O
kao	O
što	O
znate	O
nakon	O
orgina	NORM_1WORD
...	O

s	O
obzirom	O
na	O
trend	O
,	O
čudno	O
da	O
na	O
ftv	O
režiju	O
na	O
adu	O
nisu	O
primili	O
nijednu	O
ženu	O
,	O
nego	O
5	O
frajera	O
(	O
od	O
kojih	O
je	O
jedan	O
,	O
nikica	O
zdunić	O
,	O
očito	O
srbin	O
)	O
.	O

pregled	O
@username	O
http://t.co/luhl9tncm0	O
#ep2014	O

[	O
el	O
confidencial	O
]	O

evasi0n7	O
jailbreak	O
update	O
izbačen	O
u	O
cydiai	NORM_1WORD
kao	O
tweak	O
–	O
evasi0n7	O
.	O

i	O
tko	O
je	O
uopće	O
pitao	O
za	O
današnju	O
sjednicu	O
?	O

izvještaj	O
"	O
the	O
climate	O
change	O
performance	O
index	O
2015	O
"	O
(	O
germanwatch	O
i	O
climate	O
action	O
network	O
europe	O
)	O
:	O
poljska	O
na	O
40.	O
mjestu	O
-	O
za	O
5	O
više	O
nego	O
lani	O

vidi	O
prošli	O
tvit	O
!	O

@markobozac	O
poslije	O
šetnje	O
po	O
zrinjevcu	O
u	O
restoran	O
azija	O
(	O
ipak	O
se	O
tako	O
piše	O
)	O
na	O
tomislavcu	O
(	O
obavezno	O
)	O
cc	O
@sjena444	O
@blueangel1802	O
@jumales	O

muscle	O
tribe	O
of	O
danger	O
and	O
excellence	O

maloprije	O
mi	O
muka	O
kad	O
se	O
sjetim	O
da	O
ovaj	O
vikend	O
planiram	O
kupiti	O
kutije	O
za	O
selidbu	O
.	O

ne	O
razumijem	O
,	O
sta	NORM_1WORD
sam	O
poceo	NORM_1WORD
trendat	NORM_1WORD
na	O
instagramu	O
kad	O
mi	O
random	O
stranci	O
lajkaju	O
stare	O
fotke	O
bez	O
hashtaggova	NORM_1WORD
?	O

ne	O
bih	O
ja	O
njega	O
uzimao	O
za	O
ozbiljno	O
...	O

i	O
dalje	O
ne	O
shvacam	NORM_1WORD
kako	O
neki	O
ne	O
razumiju	O
razliku	O
izmedu	NORM_1WORD
"	O
too	O
"	O
,	O
"	O
to	O
"	O
i	O
"	O
two	O
"	O
.	O

#life	O

donacije	O
ostavljamo	O
tamo	O
,	O
a	O
nekoliko	O
životinja	O
vozimo	O
ovdje	O
u	O
privremeni	O
dom	O
!	O

pogledajte	O
nove	O
programe	O
lspr-a	O
http://t.co/0aecrdqwe6	O
via	O
@netokracija	O

zašto	O
,	O
ali	O
zašto	O
ljudi	O
imaju	O
potrebu	O
stavljat	NORM_1WORD
svoje	O
fotke	O
šavova	O
,	O
posjekotina	O
,	O
rana	O
,	O
modrica	O
i	O
sl.	O
na	O
društvene	O
mreže	O
?	O

onda	O
se	O
zapitamo	O
gdje	O
je	O
...	O

fenomenalan	O
je	O
osjećaj	O
kad	O
znaš	O
da	O
,	O
unatoč	O
i	O
usprkos	O
svima	O
i	O
svemu	O
,	O
radiš	O
dobre	O
stvari	O
.	O

@malimujo	O
ne	O
zelim	NORM_1WORD
crkvene	O
zakonitosti	O
u	O
civilnom	O
drustvu	NORM_1WORD
,	O
pa	O
pobogu	O
mislili	O
su	O
da	O
je	O
zemlja	O
ravna	O
...	O

traži	O
se	O
vozač	O
!	O

ako	O
cu	NORM_1WORD
ikada	O
morati	O
umrijeti	O
neka	O
me	O
neko	NORM_1WORD
odvede	O
i	O
izbaci	O
u	O
univerzumu	O
da	O
odlebdim	O
u	O
astronautskom	O
odjelu	NORM_1WORD
.	O

program	O
od	O
17	O
h	O
#labin	O
@winesofcroatia	O

učenici	O
s	O
mentorima	O
mogu	O
priskrbiti	O
neke	O
nagrade	O
za	O
svoju	O
školu	O
a	O
istovremeno	O
sustav	O
bi	O
bio	O
stalno	O
u	O
toku	O
s	O
tehnologijom	O
#wish	O

u	O
opisu	O
zanimanja	O
moje	O
sestre	O
trebalo	O
bi	O
biti	O
:	O
spustam	NORM_1WORD
na	O
zemlju	O
povoljno	O
uz	O
pokoju	O
zescu	NORM_1WORD
psovku	O
ili	O
uvredicu	O
.	O

bilo	O
je	O
krvi	O
.	O

član	O
akademije	O
,	O
visoko	O
rangirani	O
političar	O
,	O
zatucani	O
nacionalist	O
,	O
blagoglagoljivi	O
klerikalac	O
,	O
homofob	O
.	O

samo	O
rijeka	O
,	O
rakija	O
i	O
janjad	O
:-)	O

uplate	O
za	O
eurojackpot	O
primaju	O
se	O
do	O
17	O
h	O
,	O
a	O
od	O
sada	O
možete	O
uplatiti	O
i	O
na	O
benzinskim	O
postajama	O
petrola	O
.	O

http://t.co/0ddt2t8omu	O
#togetherweare	O
#medvescak	O
#becreative	O

mislim	O
,	O
razumjeti	O
poziciju	O
svih	O
.	O

juraj	O
,	O
get	O
over	O
your	NORM_1WORD
allready	NORM_1WORD
.	O

kada	O
se	O
nasmiješiš	O
odraslome	O
,	O
on	O
se	O
pita	O
"	O
zašto	O
se	O
ovaj	O
smije	O
?	O
"	O

zanimljivo	O
je	O
kako	O
su	O
amerikanci	O
u	O
borbu	O
s	O
ekonomskim	O
krizama	O
uvijek	O
ulazili	O
ulaganjem	O
u	O
obrazovanje	O
i	O
razvoj	O
tehnologije	O
.	O

xd	O

vijest	O
dana	O
na	O
svim	O
portalima	O
je	O
da	O
nevenka	O
bečić	O
ima	O
novu	O
frizuru	O
.	O

to	O
je	O
29	O
od	O
ukupno	O
31	O
#rodilišta	O
koja	O
nose	O
tu	O
prestižnu	O
titulu	O
.	O

novi	O
nastavak	O
(	O
zapravo	O
reboot	O
čitavog	O
serijala	O
)	O
thiefa	O
je	O
još	O
jedan	O
upravo	O
oktirven	NORM_1WORD
i	O
potvrđen	O
nextgen	O
naslov	O
.	O

saznajte	O
na	O
koji	O
način	O
možete	O
povezati	O
ostale	O
servise	O
koje	O
koristite	O
preko	O
bitid-a	O
!	O

ove	O
bozicne	NORM_1WORD
praznike	O
planiram	O
provesti	O
isprobavajuci	NORM_1WORD
make	NORM_1WORD
s	O
youtuba	NORM_1WORD
i	O
otvarajuci	NORM_1WORD
roditeljima	O
vina	O
da	O
ih	O
konzumiram	O
....	O

@predsjednikhr	O
@vladarh	O
@novimedijihrt	O
gledakjte	NORM_1WORD
sa	O
nasa	NORM_1WORD
tko	O
vrsi	NORM_1WORD
utjecaj	O
na	O
mene	O
po	O
pitanju	O
od	O
jucer	NORM_1WORD

sutra	O
plačem	O
.	O

hg	NORM_1WORD
je	O
sutra	O
najebao	O
.	O

kakva	O
vam	O
je	O
snaha	O
,	O
jel	NORM_1WORD
vrijedna	O
,	O
hoce	NORM_1WORD
li	O
kopat	NORM_1WORD
?	O

asti	O
srećice	O
!	O

http://t.co/fnwflkixkk	O
zaustavite	O
kaos	O
u	O
hrvatskim	O
bolnicama	O
#politikahr	O
#vladarh	O
#zdrastvo	O
#lječnici	O

@akeglovichorvat	O
a	O
i	O
to	O
sto	NORM_1WORD
kazes	NORM_1WORD
(	O
znas	NORM_1WORD
da	O
me	O
boli	O
fest	O
jos	NORM_1WORD
uvijek	O
)	O

sad	O
sam	O
si	O
čitala	O
starije	O
tvitove	O
i	O
vidim	O
jedan	O
koji	O
kaže	O
da	O
sam	O
u	O
5	O
ujutro	O
isprobavala	O
kak	NORM_1WORD
bi	O
mi	O
stajao	O
mullet	O
.	O

istodobno	O
me	O
svrbe	O
i	O
lijevi	O
i	O
desni	O
dlan	O
.	O

ako	O
još	O
niste	O
skužili	O
@vizkultura	O
je	O
moj	O
projekt	O
i	O
bit	O
ćete	O
mi	O
mega	O
mega	O
dragi	O
ako	O
je	O
čitate	O
i	O
pratite	O
.	O

ta	O
situacija	O
s	O
neplaćanjem	O
u	O
hrvatskoj	O
je	O
toliko	O
zastranila	O
da	O
čak	O
ni	O
one	O
ultra-likvidne	O
firme	O
,	O
pune	O
para	O
,	O
ne	O
plaćaju	O
dok	O
ih	O
ne	O
podsjetiš	O

u	O
mesnici	O
si	O
imao	O
sam	NORM_1WORD
2	O
vrste	O
loših	O
.	O

kad	O
povjesničar	O
u	O
znanstvenom	O
radu	O
govori	O
o	O
sebi	O
u	O
1.	O
licu	O
množine	O
uvik	NORM_1WORD
mislim	O
da	O
ima	O
mpd	O
.	O

sve	O
više	O
saznajte	O
u	O
novoj	O
predstavi	O
-	O
svećenikova	O
djeca	O

žicanje	O
i	O
obećavanje	O
followa	O
kao	O
strategija	O
na	O
društvenoj	O
mreži	O
.	O

dal	NORM_1WORD
imate	O
dobro	O
jebeno	O
vrijeme	O
u	O
ovom	O
pusacu	NORM_1WORD
kurca	O
?	O

kad	O
ideš	O
van	O
,	O
followeru	O
,	O
izgledaj	O
lijepo	O
.	O

respect	O
!	O

#dinamo	O
slavi	O
2:1	O
protiv	O
slaven	O
belupa	O
te	O
je	O
uz	O
ukupnih	O
4:1	O
u	O
finalu	O
kupa	O
!	O

#bosch	O
objašnjava	O
...	O

janko	O
bucar	NORM_1WORD

@kauernde	O
@ninikinikica	O
ja	O
samo	O
moram	O
rec	NORM_1WORD
da	O
je	O
nevio	O
marasovic	NORM_1WORD
napravio	O
jeben	O
film	O
(	O
o	O
filmu	O
)	O
,	O
vis	NORM_1WORD
se	O
zove	O
.	O

ni	O
bura	O
im	O
grane	O
ne	O
lomi	O
.	O

osjećam	O
se	O
iscrpljeno	O
,	O
ižmikano	O
,	O
a	O
samo	O
sam	O
sanjala	O
.	O

gledam	O
ove	O
nove	O
teveove	NORM_1WORD
,	O
pa	O
to	O
nema	O
sta	NORM_1WORD
nema	O
,	O
hd	O
,	O
3d	O
,	O
wifi	NORM_1WORD
,	O
dtv	O
,	O
dual	O
core	O
,	O
pa	O
to	O
ko	NORM_1WORD
racunalo	NORM_1WORD
postalo	O
!	O

fejv	NORM_1WORD
...	O

e	O
,	O
ajmo	NORM_1WORD
svi	O
organizirat	NORM_1WORD
petnajs	NORM_1WORD
miljardi	NORM_1WORD
zbivanja	O
u	O
prosincu	O
i	O
onda	O
se	O
čudit	NORM_1WORD
što	O
ih	O
novinari	O
ne	O
pokrivaju	O
!	O

primjetio	NORM_1WORD
sam	O
da	O
je	O
ekipa	O
sa	O
zastavicama	O
i	O
kockastim	O
retrovizorima	O
dosta	O
nervozna	O
danas	O
u	O
prometu	O
.	O

slijedi	O
prilagodba	O
na	O
staro	O
stanje	O
.	O

sve	O
mi	O
danas	O
nešto	O
super	O
,	O
em	O
majić	O
,	O
em	O
sunce	O
,	O
em	O
petak	O
,	O
em	O
banka	O
,	O
em	O
kolege	O
blesave	NORM_1WORD
,	O
em	O
kuća	O
,	O
ma	O
sve	O
se	O
slaže	O
lagano	O
...	O

on	O
ima	O
naušnicu	O
u	O
uhu	O
,	O
futbalerku	NORM_1WORD
za	O
frizuru	O
,	O
rozu	NORM_1WORD
polo	O
majicu	O
i	O
lacoste	O
pederušu	O
preko	O
ramena	O
.	O

pa	O
valjda	O
2	O
-	O
3	O
sata	O
svaki	O
dan	O
"	O
izgubim	O
"	O
na	O
to	O
:)	O

oh	O
,	O
funny	O
fun	O
fun	O
,	O
14.4.	O
imam	O
sastanak	O
sa	O
savjetnicom	O
na	O
hzz-u	O
,	O
moramo	O
revidirati	O
moj	O
,	O
khm	O
,	O
"	O
profesionalni	O
plan	O
zapošljavanja	O
"	O
.	O

ili	O
su	O
i	O
njih	O
zabranili	O
.	O

nadam	O
se	O
sa	NORM_1WORD
ce	NORM_1WORD
nastavit	NORM_1WORD
radit	NORM_1WORD
na	O
tome	O
!	O

dobro	O
jutro	O
.	O

neki	O
death	O
metal	O
,	O
stojim	O
na	O
ulici	O
sa	O
susjedom	O
u	O
trenirci	O
,	O
osjecam	NORM_1WORD
se	O
ko	NORM_1WORD
u	O
filmu	O
il	NORM_1WORD
igrici	O
nekoj	O
.	O

ne	O
bi	NORM_1WORD
rado	O
kupovao	O
još	O
jedan	O
usb	O
modem	O
.	O

ja	O
sam	O
pišao	O
pored	O
njega	O
.	O

nazalost	NORM_1WORD
spadate	O
u	O
onih	O
1	O
%	O
pametnih	O
koji	O
se	O
jedino	O
mogu	O
odselit	NORM_1WORD
.	O

najgluplji	O
pg	O
u	O
povijesti	O
nba	O
.	O

treba	O
mi	O
samo	O
jedan	O
zagrljaj	O
da	O
na	O
jedan	O
tren	O
zaboravim	O
na	O
sve	O
,	O
i	O
imam	O
sve	O
u	O
svojim	O
rukama	O
!!	O

@mojposao	O
mogu	O
oni	O
raditi	O
blokade	O
kad	O
nema	O
novaca	O
:(	O

#u3pm	O

small	O
things	O
,	O
crazy	O
shit	O
.	O

dal	NORM_1WORD
se	O
@utikejt	O
nabacuje	O
govnima	O
na	O
elgebetekve	NORM_1WORD
jer	O
im	O
želi	O
zlo	O
?	O

ima	O
ljudi	O
koji	O
imaju	O
malo	O
,	O
a	O
daju	O
sve	O
što	O
imaju	O
.	O

poslije	O
smo	O
sve	O
fino	O
zaokružili	O
circle	O
jerkom	O
u	O
ispišanom	O
wcu	NORM_1WORD
,	O
uz	O
par	O
đokica	O
!	O

želite	O
li	O
imati	O
trening	O
program	O
u	O
svojoj	O
školi	O
?	O

volim	O
kada	O
netko	O
pokusa	NORM_1WORD
komplimentom	O
da	O
ocisti	NORM_1WORD
ono	O
prehodno	NORM_1WORD
vrijedjanje	NORM_1WORD
,	O
presmijesno	NORM_1WORD
mi	O
je	O
too	NORM_1WORD
...	O

smiješno	O
mi	O
je	O
koliko	O
se	O
ljudi	O
zapravo	O
loži	O
na	O
lajkanje	O
,	O
fejvanje	NORM_1WORD
,	O
retweetanje	O
.	O

najradije	O
bih	O
izrađivala	O
papirnate	O
avione	O
dok	O
ne	O
bude	O
društveno	O
prihvatljivo	O
da	O
izađem	O
iz	O
sobe	O
na	O
doručak	O

ako	O
imas	NORM_1WORD
za	O
baciti	O
stari	O
inkjet	O
ili	O
iglični	O
pisač	O
,	O
neispravan	O
,	O
javi	O
mi	O
,	O
dolazim	O
po	O
njega	O
,	O
zg	O
,	O
ši	O
i	O
st	O
.	O

srce	O
mi	O
se	O
slomilo	O

o.o	O

ducky	O
i	O
ona	O
goth	O
zenska	NORM_1WORD
iz	O
ncis-a	O
i	O
ona	O
informaticarka	NORM_1WORD
s	O
naocalama	NORM_1WORD
iz	O
kriminalnih	O
umova	O
,	O
to	O
su	O
mi	O
najgori	O
likovi	O
u	O
povijesti	O
tv-a	O
.	O

bio	O
na	O
bankomatu	O
i	O
mogao	O
bi	NORM_1WORD
se	O
zakleti	O
da	O
je	O
umjeti	NORM_1WORD
hvala	O
i	O
dovidjenja	NORM_1WORD
pisalo	O
-	O
thank	O
you	O
,	O
and	O
get	O
laid	O
please	O
.	O

nema	O
dalje	O
..	O

jastozi	O
su	O
uvik	NORM_1WORD
bili	O
spiza	O
za	O
siromašne	O
,	O
bilo	O
ih	O
je	O
na	O
bacanje	O
.	O

pronađite	O
na	O
jutubu	NORM_1WORD
pjesmu	O
sa	O
tematikom	O
crushed	O
,	O
izmrcvareno	O
,	O
broken	O
,	O
more	O
dead	O
than	O
alive	O
pa	O
ćete	O
znati	O
kako	O
se	O
osjećam	O
.	O

tribal	NORM_1WORD
ko	NORM_1WORD
kopivrajtera	NORM_1WORD
?	O

#iveneterianci	O
moram	O
si	O
uzet	NORM_1WORD
ovu	O
@blackouthiphop	O
revolt	O
za	O
bozic	NORM_1WORD
!	O

@vladarh	O
naravno	O
da	O
ni	O
to	O
ne	O
ispravlja	O
njegovu	O
provalu	O
!	O

@helenatkalcevic	O
@alikante1	O
a	O
sad	O
zamisli	O
da	O
dolazis	NORM_1WORD
u	O
banku	O
po	O
kredit	O
za	O
otvaranje	O
visokoprofitnog	O
posla	O
-	O
praonice	O
auta	O

now	O
we	O
sit	O
and	O
wait	O
...	O

s	O
obzirom	O
na	O
to	O
kakve	O
noćne	O
more	O
imam	O
u	O
zadnje	O
vrijeme	O
,	O
komotno	O
bih	O
mogla	O
izmisliti	O
novi	O
žanr	O
horor	O
filmova	O

nemre	NORM_1WORD
pr	O
od	O
cammea	O
poslat	NORM_1WORD
toliko	O
objava	O
za	O
medije	O
koliko	O
ih	O
ja	O
mogu	O
izbrisati	O
.	O

fuck	O
i	O
betis	O
i	O
sevilla	O
.	O

posvadali	NORM_1WORD
su	O
se	O
i	O
ona	O
sad	O
stalno	O
provjerava	O
kad	O
je	O
on	O
zadni	NORM_1WORD
put	O
bio	O
online	O
na	O
whatsappu	O
.	O

@utikejt	O
...	O
od	O
ovih	O
tvitova	O
izdati	O
priručnik	O
,	O
štatijaznam	NORM_1WORD
,	O
"	O
antirodne	O
antiideologije	O
"	O
?	O

neće	O
mi	O
stranice	O
učitavati	O
?	O

tko	O
god	O
bio	O
na	O
vlasti	O
.	O

ostvaren	O
porast	O
turističkog	O
prometa	O
u	O
posezoni	NORM_1WORD
:	O
4,19	O
%	O
više	O
dolazaka	O
i	O
5,48	O
%	O
više	O
noćenja	O
u	O
studenom	O
http://t.co/byrvtyao63	O
#turizam	O

da	O
mi	O
je	O
bar	O
ljeto	O
cijele	O
godine	O
.	O

@ana_mitric	O
slažem	O
se	O
.	O

oni	O
idioti	O
iz	O
@businessinsider	O
pisu	NORM_1WORD
kako	O
"	O
apple's	O
ipad	O
business	O
is	O
collapsing	O
"	O
,	O
iako	O
je	O
prodaja	O
veca	NORM_1WORD
prema	O
istom	O
q2013	O
.	O

-	O
aleksandar	O
dragaš	O
.	O

oće	NORM_1WORD
li	O
kopat	NORM_1WORD
?	O

završilo	O
je	O
awkward	O
tisinom	NORM_1WORD
i	O
tugom	O
jer	O
je	O
skoro	O
pocela	NORM_1WORD
plakat	NORM_1WORD
da	O
neće	O
uspjet	NORM_1WORD
položit	NORM_1WORD
taj	O
predmet	O
.	O

neke	O
stvari	O
se	O
poslože	O
same	O
od	O
sebe	O
i	O
sve	O
"	O
sjedne	O
"	O
,	O
na	O
svoje	O
mjesto	O
...	O

@marinakatic	O
onda	O
moraš	O
probat	NORM_1WORD
i	O
limonu	O
gazirano	O
bezalkoholno	O
piće	O
od	O
voćne	O
baze	O
limuna	O
s	O
okusom	O
limete	O

@tvrtkobarun	O
recimo	O
samo	O
da	O
se	O
nadam	O
da	O
ce(mo)	NORM_1WORD
svi	O
korizmeno	O
vrijeme	O
iskoristiti	O
na	O
pravi	O
nacin	NORM_1WORD
#politikarh	O

dalo	O
se	O
sve	O
to	O
razvući	O
na	O
više	O
dana	O
,	O
ali	O
tada	O
bi	O
roi	O
na	O
iskorišteno	O
vrijeme	O
bio	O
manji	O
,	O
što	O
nije	O
bila	O
opcija	O

@hrvatskitelekom	O
nadam	O
se	O
da	O
nećete	O
naplatiti	O
utakmicu	O
dinamo	O
-	O
hajduk	O
koju	O
smo	O
kupili	O
preko	O
arena	O
sporta	O
a	O
koja	O
se	O
neće	O
odigrati	O
.	O

ah	O
ti	O
vasi	NORM_1WORD
tvitapi	O
..	O
ak	NORM_1WORD
se	O
ne	O
desi	O
neka	O
pizdajija	NORM_1WORD
da	O
o	O
njoj	O
tvitate	O
10	O
dana	O
ko	NORM_1WORD
da	O
si	NORM_1WORD
nije	O
ni	O
desio	O
tvitap	O
..	O

kujem	O
urotu	O
,	O
pokušavam	O
prodat	NORM_1WORD
ideju	O
prekida	O
timbildinga	NORM_1WORD
.	O

a	O
1,5	O
%	O
i	O
1	O
%	O
daje	O
2,5	O
%	O
što	O
je	O
pola	O
od	O
izbornog	O
praga	O

al	NORM_1WORD
oduvijek	O
mi	O
je	O
bila	O
misterija	O
kak	NORM_1WORD
je	O
i	O
zašto	O
pače	O
dospjelo	O
u	O
dapače	O

na	O
visokom	O
3.	O
mjestu	O
liste	O
hr	O
top	O
40	O
našao	O
se	O
detour	O
s	O
pjesmom	O
prigodna	O
naziva	O
...	O

našao	O
sam	O
si	O
prekul	O
rare	O
print	O
wayfarerke	O
na	O
ebayu	O
za	O
30	O
$	O

isto	O
jedno	O
veliko	O
srce	O
.	O

ne	O
kuzim	NORM_1WORD
kako	O
firma	O
moze	NORM_1WORD
nuditi	O
usluge	O
cm-a	O
ljudima	O
,	O
a	O
ni	O
na	O
vlastitoj	O
ga	O
fb	O
stranici	O
ne	O
rade	O
kako	O
treba	O
,	O
a	O
pise	NORM_1WORD
da	O
su	O
profici	NORM_1WORD
.	O

50	O
lipa	O
po	O
posuđenoj	O
domaćoj	O
knjizi	O
u	O
knjižnici	O
.	O

zuja	NORM_1WORD
!	O

da	O
li	O
su	O
radio	O
stanice	O
upoznate	O
sa	O
tim	O
da	O
postoji	O
još	O
pjesama	O
osim	O
"	O
get	O
lucky	O
"	O
,	O
"	O
counting	O
stars	O
"	O
,	O
"	O
wake	O
me	O
up	O
"	O
i	O
sl.	O
ili	O
im	O
se	O
neda	NORM_1WORD
raditi	O
?	O

dealer	O
mu	O
je	O
famozni	O
john	O
goodman	O
.	O

@mrdee25	O
@vjularic	O
prije	O
bi	NORM_1WORD
ja	O
rekao	O
da	O
nekad	O
ne	O
vidi	O
teren	O
zbog	O
utjecaja	O
nekih	O
unutarnjih	O
neprijatelja	O
:)	O

sanjala	O
sam	O
da	O
sam	O
se	O
išla	O
ubiti	O
ali	O
je	O
neki	O
lik	O
već	O
bio	O
na	O
toj	O
zgradi	O
gdje	O
sam	O
ja	O
htjela	O
i	O
ubio	O
se	O
prije	O
mene	O
pa	O
ja	O
nisam	O

barcelona	O
je	O
na	O
camp	O
nou	O
pobijedila	O
2:0	O
ath	O
.	O

http://t.co/yhcre75h	O
a	O
povelja	O
kzž	O
došla	O
u	O
ruke	O
kzž	O
.	O

uklonite	O
plz	O
...?	O

http://t.co/sislalwbrf	O
#omizio	O

yuck	O
.	O

@vladarh	O
-	O
stihove	O
"	O
teci	O
dravo	O
,	O
savo	O
teci	O
/	O
nit'	NORM_1WORD
ti	O
dunav	O
silu	O
gubi	O
"	O
treba	O
prilagoditi	O
aktualnoj	O
situaciji	O
asap	O
!	O

@trsurf	O
@ivana_culjak	O
bilo	O
bi	O
pošteno	O
da	O
hns	O
organizira	O
put	O
za	O
recimo	O
1000	O
hrvata	O
u	O
brazil	O
s	O
obzirom	O
na	O
lovu	O
koju	O
su	O
pokupili	O
#nagradnaigra	O

please	O
try	O
again	O
later	O
.	O
"	O

@rausboris	O
@norafora	O
ali	O
nije	O
svuda	O
toliko	O
,	O
možeš	O
popiti	O
i	O
za	O
6	O
-	O
7	O
kn	O
.	O

@ikopric	O
ja	O
govorim	O
o	O
novcima	NORM_1WORD
hrvatskih	O
građana	O
.	O

why	O
dieting	O
doesn't	O
usually	O
work	O
https://t.co/96m8kzwonf	O
#ted	O

napeti	O
vertigo	O
old	O
school	O
gaminga	O
,	O
pop	O
kulture	O
80tih	NORM_1WORD
i	O
mmorpga	NORM_1WORD
kao	O
stvarnije	O
stvarnosti	O
.	O

al'	NORM_1WORD
sad	O
kad	O
čitam	O
ove	O
komentare	O
latinosa	O
molim	O
boga	O
da	O
ih	O
europljani	O
sve	O
prebiju	O
!	O

@lucija0doll	O
@spitka	O
poznanik	O
trazio	NORM_1WORD
209,7	O
g	O
salame	O
pa	O
kad	O
je	O
teta	O
pitala	O
kako	O
to	O
misli	O
objasnio	O
da	O
tako	O
obicno	NORM_1WORD
odreze	NORM_1WORD
kad	O
trazi	NORM_1WORD
200	O
g	O
:d	O

bit	O
će	O
tu	O
i	O
romanse	O
,	O
recepata	O
,	O
modnih	O
savjeta	O
...	O

cestitke	NORM_1WORD
@ilijabrajkovic	O
and	O
@sasastankovic	O
za	O
kick	NORM_1WORD
predavanje	O
na	O
#weboo2013	O
,	O
ukratko	O
rasurili	NORM_1WORD
su	O
!	O

a	O
to	O
da	O
su	O
mi	O
na	O
predavanje	O
došli	O
uglavnom	O
stari	O
antifašisti	O
i	O
partizani	O
koji	O
su	O
poslije	O
žurili	O
u	O
crkvu	O
poseban	O
je	O
detalj	O

-	O
mislin	NORM_1WORD
da	O
je	O
.	O

:)	O

mislim	O
bilo	O
je	O
to	O
jednom	O
kad	O
su	O
svirali	O
ljudi	O
a	O
ne	O
sample	O
masine	NORM_1WORD
,	O
cudno	NORM_1WORD
vrijeme	O
...	O

to	O
baš	O
trebam	O
.	O

:)	O

danas	O
na	O
repertoaru	O
u	O
beertiji	O
:	O
ramonsi	NORM_1WORD
i	O
the	O
clash	O
.	O

hard	O
knock	O
lyff	NORM_1WORD
.	O

xxx	O
@rijeckikarneval	O
-	O
dođi	O
i	O
budi	O
što	O
hoćeš	O
.	O

http://t.co/1yw0sswn98	O
dođite	O
svi	O
na	O
#vinkovačke_jeseni	O

u	O
dnevniku	O
zorana	O
šprajca	O
u	O
19:00	O
gledajte	O
priču	O
o	O
rasprodaji	O
tzv.	O
stečajnih	O
stanova	O
na	O
javnim	O
aukcijama	O
.	O

i	O
265	O
dana	O
ostatka	O
godine	O
.	O

rođendane	O
mi	O
ionako	O
ignoriraju	O
nakon	O
ča	NORM_1WORD
san	NORM_1WORD
napunila	O
dvajstjednu	NORM_1WORD
,	O
a	O
ni	O
kruha	O
ni	O
petica	O
doma	O
ne	O
nosin	NORM_1WORD
.	O

prijatelju	O
jebiga	NORM_1WORD
!	O

sotonsko	O
dijete	O
!	O

@kresendo	O
a	O
šta	NORM_1WORD
će	O
joj	O
?	O

kredit	O
u	O
chf	O
i	O
sad	O
sam	O
presretan	O
i	O
sve	O
to	O
....	O

nova	O
na	O
t	NORM_1WORD
-	O
o	O
novoj	O
vanjskopolitičkoj	O
emisiji	O
'	O
horizonti	O
'	O
:	O
http://t.co/pad6ftiy	O

od	O
ruskog	O
#trash-a	O
uče	O
saint	O
#laurent	O
i	O
#gaultier	O
http://t.co/0z0gxsybzp	O
#moda	O
#stil	O
#ljepota	O
#odjeća	O
#dizajn	O
#dizajner	O

ima	O
1	O
mj.	O
da	O
sam	O
izgubila	O
psa	O
,	O
a	O
još	O
uvijek	O
pritežem	O
imaginarni	O
povodac	O
kada	O
sretnem	O
one	O
neprijateljske	O
lutalice	O
od	O
kojih	O
smo	O
znali	O
bježati	O

wordpress	O
thema	NORM_1WORD
za	O
tf	O
gotova	O
!	O

saints	O
row	O
4	O
-	O
bliži	O
se	O
prva	O
ekspanzija	O
http://t.co/ehzcp69pgp	O
#akcijskaavantura	O
#it	O
#računala	O
#mobi	O

😊	O

novi	O
usernamer	NORM_1WORD
jer	O
sam	O
sada	O
vaadosevic	O
na	O
last.fm-u	O
,	O
a	O
onda	O
bi	O
me	O
netko	O
mogao	O
pronaći	O
na	O
tw	O
.	O

aj	NORM_1WORD
drnas	NORM_1WORD
ostavi	O
se	O
rokanja	O
i	O
donesi	O
token	O
.	O

http://t.co/diajpvvwyi	O
#omizio	O

još	O
da	O
su	O
i	O
angažirani	O
!	O

ne	O
znam	O
zašto	O
su	O
svi	O
tolikom	NORM_1WORD
oduševljeni	O
s	O
"	O
black	O
swan	O
"	O
ako	O
svi	O
znamo	O
da	O
je	O
najbolji	O
film	O
o	O
baletu	O
"	O
billy	O
elliot	O
"	O
!	O

vlahušićeva	O
manipulacija	O
povjerenjem	O
pacijenata	O
ne	O
smeta	O
ni	O
dorh-u	O
,	O
ni	O
azop-u	O
,	O
ni	O
struci	O
,	O
ni	O
stranci	O
http://t.co/cq7ea23eyt	O
#platforma112	O

nema	O
noge	O
u	O
lavor	O
i	O
neću	O
bit	NORM_1WORD
s	O
duhom	O
s	O
vama	O
,	O
dolazim	O
vam	O
od	O
krvi	O
i	O
mesa	O
:d	O
#ultra	O
@boskovicmarko	O
@drca07	O
@frnx_	O
@lackoz	O

@fico45	O
@ivanaljubich	O
ima	O
u	O
kauflandu	O
ovakvih	O
kakve	O
ima	O
ivana	O
,	O
a	O
ima	O
i	O
ovih	O
.	O

naručio	O
bi	NORM_1WORD
tenisice	O
preko	O
ebaya	O
.	O

ono	O
kad	O
si	O
na	O
rubu	O
da	O
nekome	O
pošalješ	O
članak	O
koji	O
opisuje	O
ponašanje	O
attention	O
whore	O
.	O

#životinja	O

http://t.co/mund0aqlkh	O
#posao	O

o	O
problemima	O
je	O
najbolje	O
pričati	O
sa	O
životinjama	O
jer	O
sve	O
o	O
čemu	O
pričaš	O
s	O
ljudima	O
jednog	O
dana	O
budu	O
ti	O
priredili	O

http://t.co/arabpg21n5	O
#sistemac	O

nakon	O
#google	O
appsa	O
(	O
free	O
)	O
sad	O
je	O
otišao	O
i	O
#microsoft	O
sa	O
svojim	O
besplatim	NORM_1WORD
cloud	O
servisom	O
.	O

u	O
14:30	O
konferencija	O
za	O
novinare	O
evropske	NORM_1WORD
centralne	O
banke	O
.	O

album	O
je	O
star	O
3	O
godine	O
haha	O

danas	O
je	O
održava	O
15.	O
uskršnji	O
turnir	O
u	O
košarci	O
i	O
obilježava	O
30.	O
godina	O
postojanja	O
kk	O
“	O
jabuka	O
”	O
,	O
pridružite	O
se	O
ovom	O
sportskom	O
događaju	O
u	O
...	O

za	O
brakove	O
iz	O
općine	O
nisam	O
ziher	O
.	O

mostar	O
:	O
17	O
profesora	O
i	O
studenata	O
iz	O
internacionalne	O
škole	O
zug	O
i	O
luzern	O
iz	O
švicarske	O
posjetili	O
mališane	O
sos	O
vrtića	O
mostar	O

http://bit.ly/s6vzaož	O
#zdravlje	O

na	O
današnji	O
dan	O
kad	O
izgledam	O
oronulo	O
kao	O
nives	O
celzijus	O
susrećem	O
najviše	O
poznatih	O
ljudi	O
:(	O

pa	O
recite	O
da	O
se	O
nisam	O
dobro	O
udao	O
:))))	O

upravo	O
sam	O
sama	O
u	O
mekdonaldsu	NORM_1WORD
žvakala	O
neki	O
mekvrep	NORM_1WORD
koji	O
je	O
bio	O
hladan	O
i	O
žilav	O
.	O

hrvatska	O
,	O
2014.	O
godine	O
.	O

da	O
su	O
sad	O
praktički	O
iste	O
...	O

and	O
we're	O
#feeling	O
#good	O
!	O

/	O
zgportal	O
zagreb	O
http://t.co/ebwaymvchh	O
#brunosimlesa	O
#zgportal	O
#kaptol	O

inovativno	O
moglo	O
bi	O
se	O
reci	NORM_1WORD
,	O
takodjer	NORM_1WORD
odvratno	O
.	O

'	O
u	O
sastavu	O
u	O
kojem	O
smo	O
došli	O
odigrali	O
smo	O
dobru	O
utakmicu	O
'	O

http://t.co/uphrgbzwo1	O
#drugasmjena	O

@ante_mufc	O
tako	O
je	O
.	O

andro	O
o	O
drustvenoj	NORM_1WORD
eliti	O
.	O

@msrsan	O
samo	O
u	O
londonu	O
.	O

jeste	O
li	O
jedva	O
dočekali	O
toplije	O
vrijeme	O
ili	O
više	O
volite	O
prohladni	O
zagreb	O
?	O

:d	O

@aresstarcic	O
one	O
gu10	O
su	O
po	O
120	O
kn	O
komad	O
,	O
mislim	O
da	O
su	O
philips	O
.	O

oj	O
,	O
je	O
naručivao	O
netko	O
od	O
vas	O
robu	O
sa	O
http://t.co/3ungk80rvr	O
?	O

preko	O
1000	O
ljudi	O
planira	O
/	O
razmišlja	O
doći	O
ove	O
godine	O
putem	O
fb	O
eventa	O
!	O

a	O
ovo	O
slavan	O
...	O

@tportal	O
niije	NORM_1WORD
........	O
ali	O
ustav	O
jest	O

vlasnik	O
bi	O
je	O
amazon	O

😊	O

zamisljam	NORM_1WORD
da	O
moj	O
kolega	O
dovede	O
sa	O
sobom	O
na	O
posao	O
malo	O
dijete	O
i	O
da	O
sa	O
njim	O
dodjemo	NORM_1WORD
nekome	O
doma	O
na	O
montazu	NORM_1WORD
.	O

dobila	O
sam	O
jedan	O
mejl	NORM_1WORD
koji	O
ima	O
potencijala	O
(	O
kao	O
i	O
sve	O
ostalo	O
doduše	O
)	O
odrediti	O
tijek	O
mog	O
života	O
počevši	O
od	O
sutra	O

:)	O

drage	O
mame	O
curica	O
mi	O
pije	O
kravlje	O
mlijeko	O
malo	O
vise	NORM_1WORD
od	O
mjesec	O
dana	O
.	O

...	O

time	O
da	O
se	O
ništa	O
ne	O
dešava	O
ili	O
da	O
se	O
sve	O
dešava	O
odjednom	O
.	O

a	O
prijateljima	O
dođem	O
kao	O
autan	O
kad	O
sjedimo	O
vani	O
.	O

danas	O
sam	O
(	O
krivo	O
)	O
pretpostavio	O
da	O
je	O
alex	O
muško	O
ime	O
klijenta	O
,	O
a	O
prodavačica	O
da	O
nemam	O
konzum	O
karticu	O
-	O
što	O
ste	O
vi	O
danas	O
pretpostavili	O
?	O

#jao	O

studenti	O
:	O
idemo	O
iz	O
#hrvatska	O
,	O
ovdje	O
za	O
nas	O
nema	O
budućnosti	O
http://t.co/xcfhiqtojj	O
cc	O
@vladarh	O
#zagreb	O

ured	O
za	O
stat.	O
pl	O
:	O
sintetički	O
pokazatelj	O
gospod.	O
konjunkture	O
formira	O
se	O
u	O
10	O
mj.	O
na	O
nešto	O
višoj	O
razini	O
od	O
zabilježene	O
prije	O
mjesec	O
i	O
god.	O
dana	O

evo	O
članka	O
,	O
nisam	O
stigao	O
prije	O
linkati	O
,	O
@dpasaric	O
@viborc	O
ibm	O
and	O
apple	O
deal	O
http://t.co/lc6gr442rm	O

zna	O
li	O
tko	O
kako	O
disableat	NORM_1WORD
shift	O
+	O
mouseclick	O
(	O
otvaranje	O
u	O
novom	O
prozoru	O
)	O
u	O
ie-u	O
?	O

zar	O
ne	O
znaš	O
svojim	O
?	O

ako	O
umrem	O
,	O
podijelite	O
svi	O
foloweri	NORM_1WORD
mojih	O
100	O
kuna	O
sa	O
računa	O
.	O

jel	NORM_1WORD
i	O
velesajam	O
zahvacen	NORM_1WORD
?	O

a	O
igra	NORM_1WORD
san	NORM_1WORD
za	O
smauga	O
!	O

koliko	O
nam	O
je	O
još	O
života	O
preostalo	O
do	O
all	O
i	O
want	O
for	O
christmas	O
?	O

incijativu	O
@promo_overtime	O
#hnlzavukovar	O
za	O
sada	O
su	O
podržali	O
#dinamo	O
#lokomotiva	O
#cibalia	O
#hrvatskidragovoljac	O

rajendra	O
pachauri	O
:	O
'	O
ljude	O
treba	O
uvjeriti	O
u	O
znanstvenu	O
stvarnost	O
klimatskih	O
promjena	O
'	O

koncerti	O
i	O
stalno	O
po	O
časopisima	O
.	O

kaj	NORM_1WORD
ne	O
bi	O
to	O
trebala	O
bit	NORM_1WORD
ekipa	O
kaj	O
ju	O
svi	O
oce	NORM_1WORD
zaposlit	NORM_1WORD
?	O

:)	O

tramvaji	O
od	O
ove	O
subote	O
do	O
18.	O
kolovoza	O
neće	O
voziti	O
savskom	O
od	O
zagrepčanke	O
do	O
cibone	O
http://t.co/bxkcgtircz	O
via	O
@vecernji_list	O

"	O
kauboji	O
"	O
ujahali	O
s	O
najvećim	O
otvaranjem	O
u	O
povijesti	O
hrvatske	O
kinematografije	O
-	O
moj	O
film	O
http://t.co/mj4xxbpfbk	O
via	O
@mojfilmhr	O

bit	O
će	O
bolje	O
protiv	O
čilea	O
i	O
nizozemske	O
.!	O

negdje	O
u	O
zg	O
!	O

#bullfacts	O

za	O
vikend	O
sunčano	O
i	O
vruće	O
bez	O
pljuskova	O
.	O

daj	O
prestanite	O
srat	NORM_1WORD
više	O

imamo	O
i	O
podno	O
grijanje	O
!	O

jos	NORM_1WORD
uvijek	O
mislim	O
da	O
nije	O
trebala	O
promjena	O
beata	O
na	O
whogonstopme	O
ili	O
je	O
trebala	O
biti	O
samo	O
kratka	O
,	O
a	O
pogotovo	O
ne	O
na	O
murder	O

involuntary	O
.	O

na	O
5.	O
danu	O
e-učenja	O
na	O
unizg	O
priča	O
se	O
o	O
strategiji	O
studija	O
i	O
studiranja	O
unizg	O
2014	O
-	O
2025	O
,	O
iz	O
perspektive	O
e-učenja	O
#eučenje	O
#elearning	O

pozivamo	O
te	O
da	O
nas	O
posjetiš	O
da	O
možemo	O
zajedno	O
nazdraviti	O
.	O

nisu	O
dovoljni	O
problemi	O
s	O
nesanicom	O
,	O
ucestalim	NORM_1WORD
ponavljanjima	O
weird	NORM_1WORD
intenzivnih	O
snova	O
,	O
vec	NORM_1WORD
se	O
listi	O
dodaje	O
i	O
sve	O
cesce	NORM_1WORD
mjesecarenje	NORM_1WORD
.	O

nikad	O
on	O
chelsea	O
vidjet	NORM_1WORD
neće	O
.	O

je	O
li	O
to	O
previse	NORM_1WORD
za	O
traziti	NORM_1WORD
?	O

što	O
(ni)smo	O
naučili	O
iz	O
povijesti	O
:	O
"	O
neka	O
#vukovar	O
bude	O
grad	O
,	O
a	O
ne	O
groblje	O
"	O

želimo	O
svima	O
puno	O
dobitaka	O
:)	O

shvatio	O
sam	O
i	O
sam	O
,	O
ne	O
možeš	O
više	O
u	O
ovom	O
današnjem	O
svijetu	O
funkcionirati	O
ovako	O
naivno	O
,	O
blago	O
i	O
otvoreno	O
...	O

ja	O
sam	O
doma	O
...	O

nigdje	O
nisam	O
vidjela	O
nijedan	O
tvit	O
o	O
downton	O
abbeyu	NORM_1WORD
,	O
pretpostavljam	O
da	O
je	O
to	O
zato	O
što	O
su	O
svi	O
umrli	O
od	O
tuge	O
nakon	O
krismas	NORM_1WORD
spešla	NORM_1WORD
.	O

tu	O
navalu	O
adrenalina	O
kad	O
znaš	O
da	O
radiš	O
nešto	O
krivo	O
i	O
da	O
ćeš	O
malo	O
najebat	NORM_1WORD
,	O
sad	O
se	O
osjećan	NORM_1WORD
tako	O
kad	O
oden	NORM_1WORD
na	O
predavana	NORM_1WORD
.	O

:	O
runtimeerror	O
:	O
maximum	O
recursion	O
depth	O
exceeded	O
.	O

prijavite	O
svoj	O
startup	O
na	O
hy	O
!	O
berlin	O
i	O
osvojite	O
30.000	O
eura	O
i	O
put	O
u	O
silicijsku	O
dolinu	O
http://t.co/zdpdf5txzr	O
via	O
@zimoonline	O
@hyberlin	O

danas	O
u	O
9.30	O
nakon	O
mise	O
general	O
d.	O
kordic	NORM_1WORD
,	O
za	O
neke	O
zlocinac	NORM_1WORD
,	O
za	O
mene	O
bogumil	O
u	O
punom	O
smislu	O
rijeci	NORM_1WORD
,	O
govoriti	NORM_1WORD
ce	NORM_1WORD
u	O
studencima	O
.	O

bilbao	O
golovima	O
neymara	O
.	O

ooo	O
sinko	O
oće	NORM_1WORD
oće	NORM_1WORD
ma	O
oči	O
bi	O
iskopala	O
onom	O
tko	O
je	O
probudi	O
prije	O
podne	NORM_1WORD
!	O

@stefijl	O
@myrthica	O
@schokac	O
udruga	O
je	O
već	O
najavila	O
da	O
će	O
rezultat	O
referenduma	O
značiti	O
blokiranje	O
zakona	O
o	O
ispospolnim	NORM_1WORD
zajednicama	O

one	O
koji	O
znaju	O
što	O
žele	O
.	O

bitch	O
,	O
you	O
want	O
me	O
to	O
suffocate	O
??	O

je	O
ovo	O
newsbar	O
?	O

svi	O
ste	O
dobro	O
došli	O
,	O
posebno	O
majke	O
i	O
djeca	O
.	O

03:30	O
ujutro	O
,	O
vitar	NORM_1WORD
prid	NORM_1WORD
neveru	O
.	O

@petralovestv	O
dobrodošla	O
na	O
tvitere	NORM_1WORD
,	O
lijepo	O
se	O
zabavi	O
.	O

http://t.co/7rzxushkri	O
#osijek	O

istra	O
rekorder	O
po	O
drogama	O
,	O
a	O
jedan	O
od	O
razloga	O
su	O
ocito	NORM_1WORD
festivali	O
jer	O
da	O
daju	O
thompsonu	O
da	O
svira	O
ne	O
bi	O
bilo	O
droge	O
!	O

jucer	NORM_1WORD
sam	O
sa	O
djevojkom	O
mislio	O
ic	NORM_1WORD
u	O
shoping	NORM_1WORD
za	O
unesrecene	NORM_1WORD
u	O
poplavama	O
,	O
ali	O
kad	O
se	O
ona	O
spremila	O
vec	NORM_1WORD
se	O
sve	O
osusilo	NORM_1WORD
.	O

jednog	O
dana	O
cu	NORM_1WORD
bit	NORM_1WORD
toliko	O
bogat	O
da	O
cu	NORM_1WORD
unajmit	NORM_1WORD
nekog	O
da	O
jede	O
umjesto	O
mene	O
jer	O
ne	O
mogu	O
vise	NORM_1WORD
hodat	NORM_1WORD
do	O
frizidera	NORM_1WORD
cijeli	O
dan	O

ne	O
znam	O
šta	NORM_1WORD
to	O
govori	O
o	O
meni	O
,	O
ali	O
ova	O
zaz	O
mi	O
je	O
em	O
ružna	O
,	O
em	O
zvuči	O
kao	O
pokvarena	O
ploča	O
,	O
em	O
je	O
kontam	O
-	O
šta	NORM_1WORD
je	O
na	O
njoj	O
interesantno	O
?	O

pa	O
o	O
ovom	O
ću	O
morat	NORM_1WORD
pisat	NORM_1WORD
negdje	O

21.	O
stoljeće	O
-	O
kada	O
vidiš	O
osobu	O
na	O
ulici	O
koja	O
priča	O
sama	O
sa	O
sobom	O
,	O
ne	O
pomisliš	O
"	O
luđak	O
"	O
,	O
nego	O
"	O
handsfree	O
"	O
...	O

hyetis	O
crossbow	O
je	O
najimpresivniji	O
gadget	O
godine	O
,	O
a	O
...	O

na	O
jadranu	O
i	O
tu	O
na	O
sjeverozapadu	O
najviše	O
sunca	O
.	O

“	O
@ivospigel	O
:	O
@drazendrnas	O
ne	O
,	O
nego	O
su	O
toliko	O
bili	O
mudri	O
stari	O
latini	O
”	O

@ivanamiseric	O
meni	O
je	O
to	O
stress	O
release	O
kad	O
odem	O
tak	NORM_1WORD
na	O
kraju	O
radnog	O
tjedna	O
do	O
interspara	O
.	O

a	O
ja	O
nis	NORM_1WORD
ni	NORM_1WORD
pogledal	NORM_1WORD
za	O
sobom	O
,	O
od	O
tuge	O
nisem	NORM_1WORD
mogel	NORM_1WORD
pozdraviti	O
kraj	O
.	O

ma	O
kakvi	O
,	O
šta	NORM_1WORD
će	O
nam	O
to	O
,	O
bukalin	O
rules	O
!	O

hahahahahaha	O
,	O
ovako	O
ja	O
na	O
zmije	O
.	O

vidimo	O
se	O
u	O
srijedu	O
na	O
#epzgtweetup	O
3.	O
5.	O
?	O

još	O
mi	O
fali	O
neka	O
kurva	O
da	O
swag	O
bude	O
potpun	O
.	O

tko	O
je	O
za	O
kazalište	O
večeras	O
?	O

i	O
zaboravim	O
na	O
mail	O
...	O

@kriticarn	O
ma	O
kad	O
bi	O
ušli	O
u	O
nato	O
onda	O
bi	O
eu	O
bio	O
izlaz	O

predobro	O
.	O

mbv	O
značajno	O
opasniji	O
nego	O
na	O
terraneu	O
i	O
bez	O
mostruoznog	O
frljenja	O
decibela	O
.	O

"	O
balkan	O
je	O
u	O
dubiozi	O
dobio	O
svoj	O
the	O
clash	O
za	O
21.	O
stoljeće	O
.	O
"	O

@lejlase	O
on	O
je	O
divan	O
,	O
obozavam	NORM_1WORD
ga	O
!	O

a	O
i	O
delac	NORM_1WORD
otkad	O
je	O
otisa	NORM_1WORD
u	O
chelsea	O
samo	O
po	O
posudbama	O
ide	O
.	O

@_cox	O
možeš	O
"	O
prelistati	O
"	O
ikea	O
katalog	O
na	O
http://t.co/zmwdxwt1zp	O
ili	O
ga	O
preuzeti	O
u	O
robnoj	O
kući	O
ikea	O
nakon	O
otvorenja	O
.	O

više	O
:	O
http://t.co/jjv6zpdajr	O
#henkel	O
#autodijelovi	O

:(	O

@paraldehid	O
@whoamiee	O
frendica	O
je	O
bila	O
u	O
barceloni	O
prošli	O
tjedan	O
i	O
rekla	O
da	O
je	O
lane	O
moje	O
sviralo	O
na	O
onim	O
glazbenim	O
fontanama	O
:d	O

@jlcunff	O
pa	O
zakon	O
.	O

moj	O
govor	O
na	O
otvaranju	O
izložbe	O
fotografija	O
"	O
vukovar	O
1991.	O
"	O
u	O
@europarl_hr	O
.	O

tražio	O
si	O
pjesmu	O
i	O
eno	O
je	O
,	O
u	O
mojoj	O
sobi	O
.	O

ne	O
sjećam	O
se	O
kada	O
sam	O
gledala	O
neki	O
dobar	O
film	O
na	O
rtl-u	O
,	O
ali	O
večeras	O
#prestige	O
s	O
teslom	O
ilitiga	NORM_1WORD
mr.	O
bowiejem	O
=	O
totally	O
worth	O
watching	O
it	O
again	O
.	O

@onassis_de_la	O
@ce60	O
pa	O
recimo	O
da	O
se	O
radi	O
o	O
nekim	O
principima	O
,	O
da	O
:d	O
.	O

#pvsp	O

i	O
tak	NORM_1WORD
oni	O
krenuli	O
pisati	O
pozitivno	O
o	O
rh	O
...	O

ona	O
je	O
,	O
jadna	O
,	O
morala	O
postati	O
fotomodel	O
.	O

rt	O
@seebiz_	O
:	O
matić	O
:	O
glavaševića	O
neću	O
smijeniti	O
http://t.co/dza3jqgh7g	O
#matić	O
#glavašević	O
#politikahr	O
@bglavasevic	O

to	O
je	O
zapravo	O
sve	O
što	O
mogu	O
tvitati	O
a	O
da	O
ostanem	O
u	O
granicama	O
pristojnosti	O
.	O

miro	O
buljan	O
i	O
neno	O
nincevic	NORM_1WORD
kazu	NORM_1WORD
da	O
je	O
navijacka	NORM_1WORD
pjesma	O
klape	O
intrade	O
bas	NORM_1WORD
megasuper	O
.	O

@velimish	O
da	O
si	O
bar	O
i	O
mi	O
plaću	O
tak	NORM_1WORD
možemo	O
dići	O
jer	O
je	O
kućni	O
budžet	O
na	O
gubitku	O
zbog	O
poskupljenja	O
:(	O

prvo	O
pogledati	O
značenje	O
riječi	O
uzmicanje	O
,	O
pa	O
ju	O
tek	O
tada	O
upotrijebiti	O
.	O

sto	NORM_1WORD
ako	O
inicijativa	O
@uimeobitelji	O
ne	O
objavi	O
popis	O
donatora	O
?	O

http://t.co/lszuwqxljq	O
...	O

ona	O
igrati	O
lastis	O
nikad	O
nije	O
znala	O
;)	O

jos	NORM_1WORD
su	O
ti	O
usne	O
umorne	O
i	O
sve	O
sto	NORM_1WORD
kazes	NORM_1WORD
znam	O
da	O
nije	O

da	O
se	O
prolije	O
kap	O
krvi	O
potrebna	O
je	O
velika	O
mržnja	O
,	O
a	O
da	O
se	O
daruje	O
ista	O
potrebno	O
je	O
samo	O
malo	O
ljubavi	O
.	O

prema	O
zadnjim	O
izjavama	O
prof.	O
nikolića	O
izgleda	O
da	O
ovaj	O
etnološki	O
inovator	O
ne	O
planira	O
prestati	O
s	O
izmišljanjem	O
novih	O
naroda	O
na	O
ovim	O
prostorima	O
.	O

ah	O
,	O
da	O
,	O
oni	O
su	O
radikalni	O
,	O
mi	O
smo	O
pristojni	O
@vladarh	O

često	O
puta	O
se	O
to	O
ne	O
dočeka	O
baš	O
najbolje	O
:)	O

drago	O
je	O
popizdio	O
.	O

muko	O
moja	O
pređi	NORM_1WORD
na	O
drugoga	O

onda	O
san	NORM_1WORD
skuzia	NORM_1WORD
da	O
nisan	NORM_1WORD
surfer	O
pa	O
je	O
sve	O
to	O
propalo	O
.	O

počeo	O
naplaćivati	O
školama	O
mail	O
adrese	O
http://t.co/enn8wrnrip	O
za	O
samo	O
10	O
kn	O
.	O

takvi	O
ljudi	O
vjeruju	O
u	O
život	O
i	O
životno	O
blago	O
i	O
njihove	O
škrinje	O
nisu	O
nikada	O
prazne	O
...	O

ja	O
san	NORM_1WORD
najlakši	O
target	O
ako	O
ikad	O
iko	NORM_1WORD
unajmi	O
plaćenog	O
ubojicu	O
.	O

uključio	O
sam	O
sports	O
tracker	O
aplikaciju	O
,	O
stavio	O
na	O
indoor	O
activity	O
,	O
sjeo	O
na	O
kauč	O
,	O
grickam	O
čips	O
i	O
izgorio	O
sam	O
već	O
300	O
kcal	O
#mršavitizdravo	O

palimo	O
se	O
na	O
robu	O
s	O
greškom	O
,	O
jer	O
nitko	O
nije	O
savršen	O
,	O
niti	O
je	O
itko	O
princeza	O
ili	O
princ	O
,	O
a	O
na	O
nešto	O
se	O
moramo	O
paliti	O
!!	O

:)	O

@brpusic	O
kako	O
te	O
put	O
koji	O
vodi	O
do	O
interpola	O
može	O
napuniti	O
ičim	O
osim	O
bezgraničnom	O
ljubavi	O
prema	O
paulu	O

pogoci	O
:	O
brozović	O
,	O
čop	O
(	O
11	O
m	O
)	O
i	O
šimunović	O
!	O

uspjela	O
sam	O
instalirati	O
neki	O
softver	O
.	O

zloduse	NORM_1WORD
prigrizi	O
nesto	NORM_1WORD
pa	O
hajde	O
doma	O
.	O

new	O
york	O
here	O
we	O
come	O
♥	O

neki	O
dan	O
su	O
me	O
iranac	O
,	O
indijac	O
i	O
peruanac	O
zajebavali	O
da	O
dolazim	O
iz	O
gaybashing	NORM_1WORD
zemlje	O
zbog	O
referenduma	O
.	O

-	O
ali	O
možeš	O
se	O
izgubiti	O
i	O
mojim	O
,	O
a	O
to	O
je	O
teže	O

raspodija	NORM_1WORD
!	O

:)	O

..	O
♥	O
:)	O

#onokad	O
se	O
probudiš	O
na	O
kauču	O
i	O
ugledaš	O
tri	O
žutocrne	O
glave	O
kako	O
bleje	O
u	O
tebe	O
iz	O
neposredne	O
blizine	O
i	O
jako	O
se	O
razvesele	O
što	O
si	O
ih	O
ugledao	O

@komentar_dana	O
kako	O
ti	O
lose	NORM_1WORD
vijesti	O
uspijes	NORM_1WORD
interpretirati	O
da	O
se	O
svi	O
moraju	O
nasmijati	O
:)	O

tko	O
nije	O
dostupan	O
,	O
ne	O
vrijedi	O
.	O

#djecamedija	O

pravosuđe	O
"	O
netrasparentno	NORM_1WORD
,	O
neučinkovito	O
i	O
korumpirano	O
-	O
izvješće	O
obdusmana	NORM_1WORD

zasto	NORM_1WORD
ne	O
uvedu	O
razmjenu	O
zatvorenika	O
...	O

platini	O
je	O
održao	O
kreativni	O
brainstorming	O
sa	O
sucima	O
prije	O
tekme	O
:)	O

pamtim	O
ga	O
po	O
dobrom	O
od	O
"	O
swimming	O
pool	O
"	O
,	O
mada	O
su	O
mi	O
neke	O
druge	O
njegove	O
stvari	O
bile	O
dosta	O
trashy	O
.	O

da	O
sam	O
ginekolog	O
,	O
ne	O
bih	O
voljela	O
raditi	O
u	O
tradicionalnim	O
zabitim	O
selima	O
.	O

@forcebook	O
pa	O
baš	O
sam	O
se	O
bila	O
udobno	O
izvalila	O
kad	O
se	O
"	O
uteg	O
"	O
od	O
34	O
kg	O
legao	O
preko	O
mene	O
.	O

djeca	O
uživaju	O
u	O
maro	O
discu	O
a	O
tate	O
uživaju	O
u	O
animatorici	O
u	O
vrućim	O
bijelim	O
hlačicama	O
kad	O
se	O
sagne	O
#jezevac	O

virginia	O
,	O
get	O
your	O
shit	O
together	O
,	O
ovo	O
postaje	O
apsurdno	O
.	O

#kckzg	O

ict	O
business	O
|	O
adobe	O
se	O
našao	O
na	O
meti	O
hakera	O
,	O
ugroženi	O
podaci	O
2,9	O
milijuna	O
korisnika	O
http://t.co/iiogoml2ou	O
#ictbusiness	O
#adobe	O

number	O
1	O
!	O

..	O
dobro	O
sam	O

rt	O
@mademoisellel_	O
:	O
kak	NORM_1WORD
je	O
ovo	O
fino	O
,	O
jaoo	O
http://t.co/ioidck4y4e	O
jel	NORM_1WORD
da	O
@gellowlive	O
?	O

ne	O
razumi	NORM_1WORD
ćaća	O
da	O
današanje	O
cure	O
vataju	NORM_1WORD
tajkune	O
,	O
lovu	O
i	O
doture	NORM_1WORD

nemoš	NORM_1WORD
više	O
covjeku	NORM_1WORD
urucit	NORM_1WORD
ranu	NORM_1WORD
knjizicu	NORM_1WORD
,	O
nego	O
de	NORM_1WORD
se	O
ulogiraj	O
...	O

the	O
boy	O
had	O
it	O
all	O
!	O

prijelomna	O
vijest	O
,	O
objavljen	O
datum	O
predsjedničkih	O
izbora	O
?	O

..	O
ove	O
godine	O
je	O
ionako	O
manje	O
turista	O

reko	NORM_1WORD
mars	NORM_1WORD
moze	NORM_1WORD
!	O

rt	O
@organizehacks	O
:	O
have	O
hiccups	O
?	O

hahahahaha	O
...	O

mesić	O
drži	O
tezu	O
o	O
telefonu	O
i	O
dunji	O
zloić	O
,	O
peratović	O
o	O
poa-i	O
...	O

novo	O
na	O
vjetrenjači	O
:	O
naučite	O
pronaći	O
smisao	O
u	O
nepreglednim	O
podacima	O
-	O
besplatno	O
https://t.co/v4gksi3z74	O
#politikahr	O

portable	O
program	O
koji	O
će	O
kopirati	NORM_1WORD
će	O
na	O
usb	O
i	O
učiniti	O
ga	O
bootabilnim	O
.	O

i	O
odgovorno	O
tvrdim	O
da	O
je	O
istog	O
okusa	O
.	O

večeras	O
od	O
01:30	O
,	O
prva	O
svirka	O
u	O
klubu	O
žedno	O
uho	O
na	O
@motovunff	O
,	O
nastupa	O
@eddyramich	O
.	O

propušteni	O
poziv	O
od	O
nepoznatog	O
broja	O
.	O

di	NORM_1WORD
?	O

oni	O
su	O
tu	O
,	O
tvrdi	O
i	O
prkosni	O
ki	NORM_1WORD
kamen	O
,	O
ki	NORM_1WORD
stina	NORM_1WORD
i	O
ki	NORM_1WORD
dentijera	O
šta	NORM_1WORD
im	O
podrhtava	O
od	O
touretteova	O
sindroma	O

koga	O
to	O
zanima	O
džizs	NORM_1WORD
?	O

koliko	O
općina	O
wels	O
i	O
gornja	O
austrija	O
ulažu	O
u	O
zelene	O
tehnologije	O
?	O

može	O
li	O
civilizacija	O
biti	O
gluplja	O
od	O
ovog	O
ili	O
se	O
dno	O
još	O
ne	O
nazire	O
?	O

don't	O
care	O

argh	O
!	O

i	O
kakva	O
ti	O
je	O
nevista	NORM_1WORD
?	O

kupujem	O
lijekove	O
za	O
baku	O
i	O
razlika	O
u	O
cijenama	O
izmedju	NORM_1WORD
razlicitih	NORM_1WORD
ljekarni	O
u	O
gradu	O
se	O
dize	NORM_1WORD
i	O
do	O
30	O
%	O
!	O

#tugica	O

ili	O
ni	O
to	O
nije	O
sada	O
in	O
.	O

"	O
kvaliteta	O
briefa	NORM_1WORD
je	O
obrnuto	O
proporcionalna	O
dužini	O
riječi	O
koja	O
se	O
koristi	O
u	O
njemu	O
.	O
"	O

i	O
sve	O
one	O
čekaju	O
da	O
dođem	O
kući	O
da	O
njihovi	O
listovi	O
bude	NORM_1WORD
istrgnuti	O
.	O

thumb	O
up	O
.	O

uz	O
ulaznicu	O
dobivate	O
i	O
malu	O
bočicu	O
kisika	O
.	O

@dvidosic23	O
pozdrav	O
brate	O
!	O

ljudi	O
masovno	O
fotkaju	O
s	O
tabletima	O
.	O

dubokih	O
tajnā	O
puno	O
sve	O
se	O
čini	O
na	O
ovoj	O
tako	O
bijeloj	O
mjesečini	O
.	O

“	O
@alekscuracsaric	O
:	O
@infinum_hr	O
opet	O
dokazao	O
zašto	O
su	O
najbolji	O
sa	O
@fojography	O
camera	O
app-om	NORM_1WORD
!	O

[	O
audio	O
]	O
ministar	O
@ivanvrdoljak	O
:	O
obje	O
strane	O
izrazile	O
su	O
spremnost	O
razgovarati	O
o	O
svim	O
točkama	O
pregovora	O
http://t.co/1igd43tfk1	O
#ina	O
#mol	O

http://t.co/zyhi6ous8b	O
reforma	O
ministra	O
@gordanmaras	O

ah	O
da	O
-	O
i	O
u	O
posljednje	O
vrijeme	O
sam	O
poceo	NORM_1WORD
opet	O
pratiti	O
hardverske	O
forume	O
.	O

http://t.co/whibhr6e8r	O
#followfriday	O
#ff	O

otišao	O
sam	O
do	O
dalibora	O
,	O
objasnit	NORM_1WORD
mu	O
kako	O
stoje	O
stvari	O
!	O

poredat	O
cu	NORM_1WORD
ove	O
birokrate	O
kaj	NORM_1WORD
glume	O
frajere	O
i	O
jebu	O
me	O
sa	O
parkingom	O
pred	O
zgradom	O
.	O

lako	O
je	O
postat	NORM_1WORD
budalom	O
.	O

ovi	O
konobari	O
u	O
caffe	NORM_1WORD
baru	O
havana	O
su	O
tako	O
niš	NORM_1WORD
i	O
spori	O
da	O
je	O
to	O
strašno	O
.	O

#minase	O
#bibleblack	O

ne	O
znam	O
da	O
li	O
ste	O
skužili	O
da	O
se	O
u	O
hobbitu	O
pojavljuju	O
obojica	O
:	O
#sherlock	O
i	O
watson	O
.	O

malo	O
kasnim	O
..	O
hvala	O
vam	O
na	O
ljepim	NORM_1WORD
željama	O
od	O

..	O
i	O
onda	O
se	O
pitate	O
zasto	NORM_1WORD
ste	O
nesretni	O
?!	O

svaki	O
put	O
kad	O
nosim	O
stativ	O
neka	O
legendica	O
šaljivo	O
pita	O
:	O
-	O
jel	NORM_1WORD
to	O
mitraljez	O
???	O

http://t.co/3bj6kikfxu	O
#hrvatska	O
#udarno	O
#zlostavljanje	O
#djeca	O

u	O
smiraj	O
jednog	O
prebučnog	O
,	O
napetog	O
dana	O
...	O

jedva	O
čekam	O

pita	O
me	O
jučer	O
jedan	O
dečko	O
zašto	O
ne	O
idem	O
na	O
vjeronauk	O
s	O
cimerom	O
.	O

koja	O
je	O
relevantna	O
za	O
kosovo	O
?	O

a	O
post	O
vam	O
izgleda	O
grozno	O
atenšnhorično	O
.	O

o	O
odnosima	O
s	O
javnoscu	NORM_1WORD
i	O
drustvenim	NORM_1WORD
mrezama	NORM_1WORD
pricao	NORM_1WORD
sam	O
u	O
intervjuu	O
za	O
novi	O
radio	O
zadar	O
koji	O
ce	NORM_1WORD
se	O
emitirati	O
u	O
petak	O
u	O
13:30	O
.	O

pogledao	O
sam	O
novog	O
supesa	O
.	O

:)	O

a	O
ja	O
ih	O
u	O
stanu	O
trebam	O
jedno	O
20ak	NORM_1WORD
.	O

mir	O
bozji	NORM_1WORD
u	O
kuci	NORM_1WORD
,	O
zivot	NORM_1WORD
u	O
sreci	NORM_1WORD
.	O

radioamateri	O
u	O
službi	O
spašavanja	O
|	O

like	O
i	O
u	O
box	O
dobis	NORM_1WORD
:	O
lijep/a	NORM_1WORD
:	O
sviđaš	O
mi	O
se	O
:	O
kava	O
:	O
slikanje	O
:	O
mrak	O
:	O
krevet	O
:	O
veza	O
:	O
ali	O
s	O
tim	O
da	O
i	O
ti	O
meni	O
moras	NORM_1WORD
odgovorit	NORM_1WORD
:p	O

ne	O
rade	O
bankomati	O
u	O
avenue	O
mallu	O
.	O

kaze	NORM_1WORD
jedan	O
portal	O
"	O
konacno	NORM_1WORD
izasla	NORM_1WORD
dugo	O
ocekivana	NORM_1WORD
naslovnica	O
playboya	O
s	O
kate	O
moss	O
...	O
"	O
.	O

tridesetogodišnji	O
penis	O
nestao	O
u	O
noći	O
sa	O
subote	O
na	O
nedjelju	O
,	O
policija	O
moli	O
za	O
pomoć	O
http://t.co/u5v6r7tvph	O
via	O
@news_bar	O

@lidijakralj	O
neka	O
dvorišta	O
oko	O
potoka	O
su	O
potopljena	O
,	O
ali	O
je	O
kiša	O
stala	O
na	O
vrijeme	O
.	O

care	O
!	O

nije	O
im	O
valjao	O
ni	O
naš	O
ni	O
španjolski	O
pa	O
napraviše	O
svoj	O
.	O

budenje	NORM_1WORD
u	O
4:07	O
trecu	NORM_1WORD
noc	NORM_1WORD
zaredom	O
popraceno	NORM_1WORD
prvim	O
jutarnjim	O
zrakama	O
na	O
balkonu	O
.	O

program	O
energetske	O
obnove	O
visestambenih	NORM_1WORD
zgrada	O
2014	O
-	O
2020	O
usvaja	O
danas	O
@vladarh	O

to	O
kažem	O
tako	O
samo	O
.	O

sad	O
bi	O
trebao	O
ići	O
punchline	O
,	O
ali	O
stvarno	O
ne	O
znam	O
...	O

zbog	O
prometne	O
nezgode	O
na	O
261.	O
km	O
autoceste	O
a3	O
,	O
neposredno	O
prije	O
čvora	O
babina	O
greda	O
,	O
u	O
smjeru	O
zagreba	O
,	O
promet	O
teče	O
usporeno	O
,	O
jednim	O
trakom	O
.	O

@tportal	O
volim	O
kad	O
je	O
država	O
ažurna	O
sa	O
svojim	O
protivnicima	O
#babić	O

nagovaram	O
danas	O
sina	O
da	O
ide	O
u	O
vrtić	O
,	O
a	O
ni	O
sam	O
baš	O
ne	O
vjerujem	O
u	O
priču	O
koju	O
mu	O
prodajem	O
#tatastrofa	O

@ssuljic	O
@markopadovan	O
@utikejt	O
pokojni	O
general	O
ivan	O
šibl	O
je	O
savjetovao	O
svog	O
sina	O
milovana	O
ovako	O
:	O
uči	O
sine	O
,	O
jer	O
više	O
neće	O
biti	O
nob-a	O
!	O

profesor	O
na	O
#fpzg	O
:	O
“	O
nikad	O
nemojte	O
glasati	O
za	O
političara	O
koji	O
ima	O
zgužvano	O
konfekcijsko	O
odijelo	O
!	O
”	O

@nepoznata_lady	O
jer	O
oni	O
su	O
vazniji	NORM_1WORD
od	O
milijuna	O
djece	O
spasenih	NORM_1WORD
od	O
teskih	NORM_1WORD
bolesti	O
kroz	O
obvezno	O
cjepljenje	NORM_1WORD

#zagrebfacts	O

dal	NORM_1WORD
je	O
krava	O
vrabcu	NORM_1WORD
nepriatelj	NORM_1WORD
koji	O
sere	O
ponjem	NORM_1WORD
,	O
dal	NORM_1WORD
mu	O
je	O
mačka	O
priatelj	NORM_1WORD
koimu	NORM_1WORD
pomaže	O
kad	O
je	O
u	O
govnima	O
.	O

imam	O
kornjaču	O
-	O
napravili	O
joj	O
bazen	O
kak	NORM_1WORD
narasla	O

nasmrdim	O
ih	O
na	O
kilometre	O
!	O

whatsapp	O
će	O
uskoro	O
biti	O
dostupan	O
na	O
iosu	NORM_1WORD
samo	O
uz	O
godišnju	O
pretplatu	O
:	O
whatsapp	O
je	O
nedvojbeno	O
jedan	O
od	O
n	O
...	O

@spitka	O
to	O
sam	O
i	O
ja	O
cuo	NORM_1WORD
,	O
kazu	NORM_1WORD
jako	O
jako	O
tesko	NORM_1WORD
se	O
zivi	NORM_1WORD
,	O
sve	O
gore	O
.	O

poradi	O
malo	O
na	O
sebi	O
inače	O
ode	O
pod	O
led	O
vrlo	O
brzo	O
!!	O

nije	O
to	O
toliko	O
strašno	O
;)	O

@utikejt	O
znam	O
,	O
ali	O
ljudi	O
oko	O
nas	O
doslovce	O
skapavaju	O
od	O
gladi	O
,	O
dok	O
se	O
ti	O
kreteni	O
sopaju	NORM_1WORD
novcima	O
iz	O
proracuna	NORM_1WORD
@jack_beem	O

a	O
da	O
-	O
kakav	O
narod	O
,	O
takve	O
serije	O
.	O

vidimo	O
se	O
na	O
zrinjevcu	O
!!	O

i	O
agree	O
with	O
you	O
girl	O
;)	O

@vecernji_list	O
"	O
uzmiču	O
"	O
?	O

lovren	O
je	O
jako	O
zgodan	O
ali	O
mislim	O
da	O
bi	O
ga	O
trenalo	NORM_1WORD
'	O
matchmake-at	NORM_1WORD
'	O
sa	O
kate	O
upton	O
,	O
tu	O
su	O
negdje	O
na	O
sl	NORM_1WORD
razini	O
iq-a	O

al	NORM_1WORD
o	O
vrsti	O
pokreta	O
prerano	O
je	O
reći	O
:d	O

nti	O
put	O
!	O

večeras	O
u	O
czk	O
novi	O
zagreb	O
nastupaju	O
talentirani	O
,	O
mladi	O
i	O
lijepi	O
kantautori	O
:	O
elephant	O
and	O
the	O
moon	O
,	O
sara	O
renar	O
i	O
luka	O
čabo	O
!	O

jebote	NORM_1WORD
kako	O
bi	O
uspio	O
bend	O
koji	O
bi	O
pjevao	O
priče	O
iz	O
tužibabe	O
na	O
neki	O
ska-dab-rege-pank	O
!	O

u	O
slavici	O
romantična	O
komedija	O
sa	O
scharlett	NORM_1WORD
johansson	O
nastala	O
po	O
motivima	O
wildeove	O
drame	O
lepeza	O
lady	O
windermere	O
-	O
dobra	O
zena	NORM_1WORD
u	O
21:00	O
!	O

da	O
barem	O
nadoknade	O
nekom	O
trkom	O
,	O
požrtvovnošću	O
,	O
da	O
im	O
vidiš	O
ljutnju	O
kad	O
prime	O
ovakav	O
gol	O
.	O

@pekmezmatilda	O
ako	O
je	O
tako	O
onda	O
sam	O
u	O
najvišem	O
stupnju	O
ljudske	O
svijesti	O
provela	O
skoro	O
pa	O
cijeli	O
zivot	NORM_1WORD

pustin	NORM_1WORD
kišu	O
metaka	O
,	O
upozore	O
me	O
da	O
ima	O
previše	O
psovki	O
i	O
repanja	O
o	O
kurvama	O
,	O
da	O
im	O
nastavim	O
puštat	NORM_1WORD
strani	O
rap	O
.	O

mobilni	O
solarni	O
paneli	O
koje	O
možete	O
instalirati	O
odmah	O
bilo	O
gdje	O
u	O
svijetu	O
:	O
http://t.co/h61o1abdem	O

vrlo	O
zanimljiv	O
uradak	O
!	O

pod	O
novo	O
mislim	O
nesto	NORM_1WORD
drugo	O
osim	O
svoje	O
šake	O
.	O

ili	O
je	O
samo	O
četvrtak	O
dan	O
za	O
masovni	O
jutarnji	O
izlazak	O
penzionera	O

batler	O
,	O
kuhar	O
i	O
spremačica	O
nisu	O
uključeni	O
u	O
cijenu	O
:)	O

razliku	O
su	O
pozaposlili	O
i	O
6000	O
najavljenih	O
odlazaka	O
2013	O
je	O
u	O
punu	O
mirovinu	O

danas	O
sam	O
od	O
taksiste	NORM_1WORD
dobila	O
raffaello	O
s	O
porukicom	NORM_1WORD
,	O
besplatnu	O
vožnju	O
i	O
cvijeće	O
.	O

sutra	O
cu	NORM_1WORD
po	O
prvi	O
put	O
dozivjet	NORM_1WORD
ono	O
pravo	O
valentinovo	O
,	O
kak	NORM_1WORD
se	O
šika	O
ne	O
,	O
gospon	NORM_1WORD
@gellowlive	O
me	O
vidi	NORM_1WORD
na	O
dinner	O
.	O

problem	O
,	O
a	O
?	O

learning	O
italian	O
,	O
he	O
,	O
he	O
,	O
he	O
.	O

kapitalizam	O
par	O
ekselans	NORM_1WORD

još	O
danas	O
se	O
u	O
našoj	O
župi	O
prikuplja	O
pomoć	O
za	O
poplavljena	O
područja	O
.	O

comic	NORM_1WORD
,	O
otaku	NORM_1WORD
ili	O
bilo	O
sta	NORM_1WORD
slicno	NORM_1WORD
u	O
jebenoj	O
hrv	NORM_1WORD
ili	O
okolici	O
.	O

http://t.co/kjwolrmwap	O
#budiponosan	O

nek	NORM_1WORD
uzme	O
100	O
milijardi	O
samo	O
da	O
ne	O
moramo	O
vraćati	O
u	O
iducih	NORM_1WORD
50	O
godina	O
.	O

napravio	O
je	O
svoje	O
.	O

ma	O
nema	O
na	O
majkemi	NORM_1WORD
@mornarka	O
,	O
čim	O
@ivavejic	O
odradi	O
vožnju	O
,	O
postat	O
će	O
ti	O
da	O
vidiš	O
...	O

sutra	O
će	O
biti	O
idealan	O
dan	O
za	O
gubljenje	O
kalorija	O
,	O
djelomično	O
sunčano	O
i	O
toplo	O
.	O

šta	NORM_1WORD
je	O
sa	O
ljudima	O
koji	O
sad	O
idu	O
u	O
bih	O
sa	O
osobnon	NORM_1WORD
i	O
vracaju	NORM_1WORD
se	O
nakon	O
šta	NORM_1WORD
rh	O
bude	O
u	O
eu	O
a	O
nemaju	O
putovnicu	O
.	O

još	O
sutra	O
i	O
ovo	O
službeno	O
postaje	O
dio	O
eu	O
:	O
http://t.co/eyinrhunvy	O
#croatiaeu	O

igrači	O
koji	O
su	O
najviše	O
iznenađeni	O
su	O
kroos	O
i	O
james	O
.	O

otvaranje	O
#ikea	O
tretira	O
se	O
kao	O
drvo-prerađivačko	NORM_1WORD
i	O
proizvodno	O
pitanje	O
,	O
umjesto	O
kao	O
ekonomsko	O
i	O
marketinško	O
pitanje	O
.	O

@igorgli	O
haha	O
igore	O
ja	O
cu	NORM_1WORD
kod	O
tebe	O
u	O
emisiju	O
vecer	NORM_1WORD
s	O
igorom	O
..	O

mirela	O
holy	O
:	O
prvo	O
,	O
pa	O
muško	O
!	O

ne	O
morate	O
se	O
polijevati	O
hladnom	O
vodom	O
!	O

aj	NORM_1WORD
ka	NORM_1WORD
,	O
nasmijali	O
su	O
se	O
i	O
rekli	O
uokvirit	NORM_1WORD
.	O

ali	O
ko	NORM_1WORD
jebe	O
deckica	NORM_1WORD
,	O
sljedecih	NORM_1WORD
dana	O
treba	O
paziti	O
da	O
neko	NORM_1WORD
ne	O
napise	NORM_1WORD
nekaj	NORM_1WORD
previse	NORM_1WORD
ruzno	NORM_1WORD
o	O
nekoj	O
navijackoj	NORM_1WORD
skupini	O
.	O

-	O
ne	O
.	O

@utikejt	O
medutim	NORM_1WORD
tu	O
nisu	O
drzave	NORM_1WORD
tvrtke	O
koje	O
posluju	O
samo	O
s	O
drzavom	NORM_1WORD
a	O
njihovi	O
zaposlenici	O
se	O
utapaju	O
u	O
lovi	O
.	O

zašto	O
neki	O
ljudi	O
misle	O
da	O
su	O
oni	O
toliko	O
posebni	O
,	O
drugačiji	O
,	O
nekonformirani	O
,	O
neovisni	O
,	O
emancipirani	O
,	O
'	O
uzvišeni	O
'	O
od	O
drugih	O
-	O
you're	O
not	O
...	O

nije	O
više	O
došla	O
.	O

ko	NORM_1WORD
voli	O
moj	O
sadasnji	NORM_1WORD
avatar	O
neka	O
ga	O
skine	O
na	O
komp	O
jer	O
ce	NORM_1WORD
sutra	O
tu	O
biti	O
neka	O
druga	O
(	O
ozbiljnija	O
)	O
slika	O
.	O

zašto	O
obavijest	O
o	O
tome	O
ne	O
šljašti	O
neđe	NORM_1WORD
da	O
to	O
počmem	NORM_1WORD
gledat	NORM_1WORD
od	O
početka	O
?	O

idiot	O
riječ	O
je	O
označavala	O
građanina	O
koji	O
se	O
ne	O
zanima	O
za	O
opće	O
dobro	O
,	O
ne	O
zanima	O
ga	O
rješavanje	O
problema	O
u	O
društvu	O
nego	O
vlastiti	O
interes	O
.	O

nevjerojatno	O
kakve	O
zadaće	O
za	O
fax	NORM_1WORD
dobim	NORM_1WORD
...	O

stvarno	O
bih	O
mogao	O
malo	O
počistiti	O
lajnu	O
,	O
neki	O
me	O
ljudi	O
svojim	O
tvitovima	O
počeli	O
zamarati	O
.	O

http://t.co/albyhhrsth	O
@mate_kapovic	O

rovinj	O
,	O
lone	O
.	O

nešto	O
između	O
meetupa	O
(	O
preneformalno	O
)	O
i	O
lanyarda	O
(	O
konfe	O
)	O
?	O

stranica	O
je	O
down	O
zbog	O
mijenjanja	O
hosta	O
.	O

tu	O
je	O
plaća	O
ministra	O
sasvim	O
o.k.	O

znak	O
da	O
je	O
ok	O
.	O

godina	O
je	O
2014.	O

ja	O
cu	NORM_1WORD
si	O
odsic	NORM_1WORD
prst	O
.	O

zamislite	O
da	O
se	O
zbog	O
klimatskih	O
promjena	O
zamijene	O
godišnja	O
doba	O
i	O
rođendan	O
vam	O
bude	O
liti	NORM_1WORD
umisto	NORM_1WORD
zimi	O
i	O
obrnuto	O

@blueangel1802	O
mladja	NORM_1WORD
,	O
kalifornijanizirana	NORM_1WORD
,	O
moderna	O
verzija	O
brit	O
ludila	O
kakvo	O
je	O
bilo	O
za	O
beatlesima	O
.	O

potrudite	O
se	O
projuriti	O
pored	O
najljepših	O
pejzaža	O
.	O

ako	O
postanem	O
premijer	O
uzet	O
cu	NORM_1WORD
te	O
za	O
glasnogovornika	O

jutro	O
#prvasmjena	O
.	O

@alitaisonfire	O
it's	O
like	O
downton	O
abbey	O
with	O
douchebags	O
je	O
otprilike	O
najtočnije	O
.	O

a	O
tek	O
jutro	O
.	O

čujem	O
kako	O
pred	O
kućom	O
prijateljice	O
sestru	O
pitaju	O
da	O
li	O
imamo	O
wc	O
.	O

+	O
privatne	O
podobnih	O

i	O
?	O

uvijek	O
hodam	O
tempom	O
pjesme	O
koju	O
slušam	O
,	O
tako	O
svijet	O
funkcionira	O
.	O

zbog	O
čišćenja	O
kolnika	O
za	O
sav	O
je	O
promet	O
,	O
do	O
daljnjega	O
,	O
zatvorena	O
sljemenska	O
cesta	O
od	O
blizneca	O
prema	O
vrhu	O
.	O

tolko	NORM_1WORD
slagala	O
u	O
životu	O
nisam	O
.	O

erlang	O
na	O
#wczg	O

pa	O
tuko	O
,	O
pa	O
nejdeš	NORM_1WORD
odma	NORM_1WORD
s	O
džonom	NORM_1WORD
,	O
debeli	NORM_1WORD
si	O
&	O
stuff	O
.	O

povremeno	O
slabe	O
oborine	O
,	O
ali	O
bez	O
zimskih	O
uvjeta	O
.	O

onak	NORM_1WORD
...	O

administrativac	O
je	O
.	O

sanjal	NORM_1WORD
sam	O
da	O
sm	NORM_1WORD
kupil	NORM_1WORD
još	O
jednu	O
pilu	O
za	O
drvo	O
,	O
a	O
da	O
staru	O
nisam	O
ni	O
prodal	NORM_1WORD
.	O

ne	O
treba	O
mi	O
ništa	O
više	O

#lijepa	O
#moćna	O
#	O
...	O

pička	O
je	O
pička	O
.	O

pisem	NORM_1WORD
pjesmice	O
za	O
osnovnjak	O
nema	O
beda	O
dijelim	O
mnozim	NORM_1WORD
perem	O
vozim	O
tjesim	NORM_1WORD
pjevam	O
slikam	O
ko	NORM_1WORD
ona	O
ruskinja	O

da	O
23.	O
sezona	O
!	O

ma	O
jedva	O
čekam	O
:)	O

kaj	NORM_1WORD
!	O
"	O

=)	O

okićena	O
jelka	O
,	O
vatra	O
u	O
kaminu	O
,	O
hrana	O
ispred	O
mene	O
,	O
božićni	O
filmovi	O
...	O

kako	O
pravilno	O
zamijeniti	O
stari	O
#akumulator	O
novim	O
?	O

wait	O
for	O
me	O
na	O
ripitu	NORM_1WORD
.	O

mrsić	O
:	O
zakonom	O
o	O
radu	O
omogućili	O
smo	O
poziv	O
inspektora	O
u	O
preventivne	O
preglede	O
,	O
utvrđene	O
nepravilnosti	O
moći	O
će	O
se	O
ispraviti	O
bez	O
kažnjavanja	O
.	O

pazite	O
se	O
kod	O
kazališta	O
trešnja	O
.	O

2	O
sata	O
trčanja	O
je	O
dosta	O
.	O

bivanje	O
tradicionalnim	O
i	O
konzervativnim	O
alfom	O
svejedno	O
i	O
dalje	O
traži	O
barem	O
tračak	O
igre	O
i	O
muškosti	O
.	O

šta	NORM_1WORD
jest	O
jest	O
!	O

sorry	O
but	O
jebiga	NORM_1WORD
!	O

trebam	O
ici	NORM_1WORD
gledat	NORM_1WORD
novorodjeno	NORM_1WORD
dijete	O
i	O
volim	O
ja	O
klince	O
,	O
ali	O
osim	O
'	O
krasan	O
je	O
i	O
evo	O
mu	O
pare	O
'	O
ne	O
znam	O
sta	NORM_1WORD
bi	NORM_1WORD
s	O
njim	O
.	O

čagica	O
je	O
ok	O
,	O
al	NORM_1WORD
ova	O
ekipa	O
brije	O
ozbiljno	O
-	O
radionice	O
...	O

od	O
svih	O
ponudjenih	NORM_1WORD
blagdanskih	O
partyja	O
,	O
halloween	O
je	O
najprihvaceniji	NORM_1WORD
medju	NORM_1WORD
rajom	O
.	O

čestitamo	O
!	O

....	O
moran	NORM_1WORD
kasnije	O
ic	NORM_1WORD
kupit	NORM_1WORD
marinu	O
patike	O
ajme	O
odma	NORM_1WORD
mi	O
je	O
muka	O
...	O

️	O
rt	O
“	O
@tom4pervan	O
:	O
a	O
na	O
istoj	O
strani	O
smo	O
bili	O
u	O
drugom	O
svjetskom	O
ratu	O
.	O

više	O
ljubavi	O
dobiš	NORM_1WORD
od	O
peciva	O
,	O
galebova	O
,	O
i	O
plejke	O
nego	O
u	O
vezi	O
!!!	O

“	O
@crnojaje	O
:	O
nikako	O
ne	O
propustite	O
http://t.co/mb539nz0z2	O
jer	O
...	O
”	O

jednom	O
kad	O
odes	NORM_1WORD
gotovo	O
je	O
.	O

steak	O
house	O
fort	O
apache	O
:	O
kakvi	O
su	O
steakovi	O
?	O

zm	O
:	O
europski	O
uhidbeni	O
nalog	O
bit	O
će	O
izglasan	O
kako	O
je	O
i	O
predložen	O
.	O

matko	O
,	O
fala	NORM_1WORD
ti	O
što	O
me	O
nosiš	O
stubama	O
,	O
premda	O
bih	O
radije	O
da	O
to	O
ne	O
činiš	O
jer	O
ja	O
to	O
još	O
mogu	O
sam	O
!	O

ajde	NORM_1WORD
,	O
bar	O
se	O
lijepo	O
napričam	O
s	O
njegovim	O
kolegama	O
koji	O
su	O
fascinirani	O
činjenicom	O
da	O
je	O
nečija	O
žena	O
gamer	O
i	O
sci-fi	O
nerd	O
.	O

full	O
report	O
soon	O
.	O

mrš	O
.	O

fact	O
-	O
ak	NORM_1WORD
se	O
još	O
družiš	O
s	O
fufom	O
koja	O
je	O
bila	O
s	O
većinom	O
tvojih	O
frendova	O
i	O
teb	NORM_1WORD
se	O
uvaljivala	O
u	O
krilo	O
da	O
ju	O
maziš	O
iako	O
si	O
zauzet	O
-	O
želiš	O
ju	O
mrknut	NORM_1WORD
.	O

meni	O
je	O
#windows7	O
dobar	O
kao	O
#xp	O
do	O
prije	O
koju	O
godinu	O
,	O
i	O
preskačem	O
osmicu	O
te	O
čekam	O
devetku	O
,	O
tj.	O
#windows10	O

nikad	O
ne	O
nalazim	O
nikog	O
tko	O
ima	O
isti	O
glazbeni	O
ukus	O
kao	O
ja	O
a	O
ako	O
nađem	O
onda	O
su	O
u	O
srbiji	O

-	O
dnevnik.hr	O
http://t.co/hp9dgwmiuv	O
via	O
@dnevnikhr	O

evo	O
,	O
dovoljno	O
je	O
ne	O
obazirati	O
pažnju	O
od	O
klika	O
na	O
'	O
install	O
'	O
,	O
preko	O
nekoliko	O
'	O
next	O
'	O
do	O
'	O
ok	O
'	O
.	O

jebote	NORM_1WORD
pa	O
na	O
simbijanu	NORM_1WORD
je	O
to	O
pred	O
5	O
godina	O
radilo	O
.	O

novi	O
ipad	O
,	O
jeftiniji	O
imac	O
,	O
macbook	O
s	O
retina	O
zaslonom	O
...	O

želimo	O
vam	O
ugodan	O
#throwbackweekend	O
uz	O
risi	O
e	O
bisi	O
,	O
mlađeg	O
brata	O
rižota	O
:	O
http://t.co/08qatneoja	O
/	O
via	O
@food52	O

poala	NORM_1WORD
ludilo	O
je	O
vani	O
sunce	O
i	O
proliće	NORM_1WORD
i	O
gušt	O
pa	O
neš	NORM_1WORD
sad	O
valjda	O
nešto	O
radit	NORM_1WORD
?	O

-	O
oš	NORM_1WORD
plesat	NORM_1WORD
?	O

nenaspavana	O
dolazim	O
na	O
1.	O
dan	O
nastave	O
i	O
odmah	O
si	O
obećavam	O
kako	O
ću	O
ove	O
godine	O
bit	NORM_1WORD
naspavana	O
i	O
odlazit	NORM_1WORD
u	O
22	O
spavat	NORM_1WORD
.	O

ma	O
biti	NORM_1WORD
cemo	NORM_1WORD
bec	NORM_1WORD
slijedece	NORM_1WORD
godine	O
ground	O
zero	O
.	O

buddylock	O
cydia	O
tweak	O
–	O
lock	O
screen	O
tweak	O
velikih	O
mogućnosti	O
:	O
postaje	O
prilično	O
teško	O
ne	O
primjetiti	NORM_1WORD
da	O
...	O

baš	O
si	O
odvratan	O
.	O

ono	O
kad	O
odbiješ	O
poziv	O
na	O
dejt	O
pa	O
primiš	O
odgovor	O
'	O
so	O
gay	O
'	O
,	O
štono	O
bi	O
rekao	O
skinner	O
'	O
don't	O
mug	O
yourself	O
'	O
.	O

opako	O
se	O
isplati	O
!	O

i	O
što	O
su	O
radili	O
ljudi	O
?	O

@kjukar	O
i	O
tako	O
on	O
cijelo	O
vrijeme	O
..	O
kao	O
zuto	NORM_1WORD
na	O
semaforu	O
ni	O
naprijed	O
ni	O
nazad	O

a	O
sta	NORM_1WORD
ako	O
se	O
gazda	O
zajebo	NORM_1WORD
,	O
pa	O
iduca	NORM_1WORD
gadina	NORM_1WORD
bude	O
bolja	O
?	O

rt	O
@webcampzg	O
webcamp	O
zg	O
u	O
brojkama	O
:	O
600	O
sudionika	O
,	O
24	O
predavanja	O
,	O
8	O
user	O
grupa	O
,	O
14	O
volont.	O
,	O
2	O
sponz.	O
dvor.	O
i	O
12	O
sponzora	O
#wczg	O

-	O
eno	O
,	O
otiša	NORM_1WORD
gori	NORM_1WORD
u	O
sobu	O
s	O
curon	NORM_1WORD
da	O
joj	O
pokaže	O
smartfon	NORM_1WORD
i	O
isprobaju	O
neke	O
aplikacije	O
-	O
tako	O
se	O
danas	O
vade	O
,	O
a	O
?	O

otvaraju	O
se	O
prilike	O
.	O

tak	NORM_1WORD
mi	O
treba	O
kad	O
kupujem	O
kablove	O
po	O
1	O
dolar	O
.	O

jedna	O
dobra	O
s	O
fejsa	O
:	O
"	O
kada	O
se	O
nasmiješiš	O
djetetu	O
,	O
ono	O
se	O
nasmiješi	O
natrag	O
.	O

dobio	O
satelitski	O
maxtv	O
prijemnik	O
danas	O
a	O
da	O
ga	O
nitko	O
nije	O
narucio	NORM_1WORD
.	O

http://t.co/t5f1uhdhqb	O
via	O
@vecernji_list	O

feels	O
good	O
.	O

the	O
ball	O
is	O
in	O
my	O
court	O
.	O

a	O
i	O
bež	O
boja	O
isto	O
haha	O
top	O
3	O
eto	O
hahah	O

@manjgura	O
prenosi	O
što	O
sve	O
o	O
govorništvu	O
možemo	O
naučiti	O
od	O
winstona	O
churchilla	O
http://t.co/deua6bbh59	O
#prglas	O

dok	O
se	O
8	O
god	NORM_1WORD
pljačkalo	O
tvrdili	O
su	O
da	O
je	O
proračun	O
razvojan	O
i	O
socijalan	O
-	O
rece	NORM_1WORD
milanovic	NORM_1WORD
.	O

evo	O
formule	O
:	O
proizvodi	O
trećinu	O
jeftiniji	O
u	O
maloprodaji	O
,	O
usluge	O
duplo	O
skuplje	O
,	O
min.	O
plaća	O
3x	O
veća	O
od	O
hrvatske	O
prosječne	O
.	O

postoje	O
obećanja	O
koja	O
sam	O
dala	O
sebi	O
i	O
onima	O
koje	O
volim	O
,	O
obećanja	O
za	O
koja	O
vrijedi	O
prijeći	O
svaki	O
kamenčić	O
na	O
putu	O
kojem	O
jesam	O
.	O

hubba	O
hubba	O
squared	O
.	O

iza	O
svake	O
minute	O
dvominutna	O
reklama	O
...	O

a	O
dok	O
ja	O
toliko	O
skupim	O

kraljica	O
preda	O
cipela	NORM_1WORD
da	O
stavim	O
u	O
garderobu	O
i	O
ode	O
prije	O
neg	NORM_1WORD
joj	O
donesem	O
broj	O
.	O

pitali	O
su	O
,	O
ne	O
vjeruju	O
,	O
...	O

rt	O
@brandnewrock	O
:	O
hey	O
.	O

@kumpivic	O
@arnaudbilen	O
@mijicmate	O
....	O
ne	O
budi	O
skromna	O
,	O
nebi	NORM_1WORD
oni	O
tako	O
dobro	O
ispali	O
bez	O
tvoje	O
spretne	O
ruke	O
i	O
smisla	O
za	O
fotografiju	O
!!!	O

ni	O
birače	O
hdz-a	O
2007.	O
nije	O
nitko	O
plaćao	O
,	O
ali	O
kada	O
smo	O
otkrili	O
kako	O
se	O
financirala	O
kampanja	O
,	O
nismo	O
se	O
osjećali	O
dobro	O

i	O
najvažnije	O
:	O
čemu	O
galama	O
-	O
cui	O
bono	O
?	O

prosječna	O
brzina	O
pristupa	O
internetu	O
širom	O
svijeta	O
u	O
trećem	O
kvartalu	O
prošle	O
godine	O
porasla	O
je	O
10	O
%	O
:	O
http://t.co/xfac3xfbes	O
^	O
kb	O

nenadano	O
mi	O
uvalište	NORM_1WORD
sok	O
od	O
mandarine	O
,	O
mrkve	O
,	O
jabuke	O
i	O
još	O
nečega	O
što	O
sam	O
zaboravio	O
,	O
and	O
it	O
tastes	O
so	O
good	O
.	O

ovaj	O
komisar	NORM_1WORD
rex	O
je	O
najjaci	NORM_1WORD
pas	O
,	O
malo	O
talijan	O
malo	O
njemac	NORM_1WORD
.	O

http://t.co/rwjkgc316o	O
#bitcoin	O
#bitid	O
#hbp	O

ajde	NORM_1WORD
tko	O
hoće	O
da	O
me	O
ispravlja	O
il	NORM_1WORD
nadopunjuje	O
il	NORM_1WORD
...	O

sad	O
:	O
73	O
%	O
odraslih	O
na	O
društvenim	O
mrežama	O
http://t.co/wujjoaufr9	O
#društvenemreže	O
#it	O
#računala	O
#mobi	O

istralandia	O
aquapark	O
-	O
okej	O
za	O
izludirat	NORM_1WORD
se	O
po	O
toboganima	O
jedan	O
dan	O
,	O
ali	O
ih	O
je	O
premalo	O
i	O
preskupi	O
su	O
.	O

#savezzahrvatsku	O
i	O
predsjednika	O
jedne	O
trećine	O
hsp-a	O
.	O

od	O
dogovora	O
za	O
sf	O
janje	O
do	O
eventualnog	O
konzumiranja	O
istog	O
ispada	O
da	O
čemo	NORM_1WORD
konzumirati	O
janje	O
od	O
čukun	O
čukun	O
čukun	O
čukun	O
čukun	O
čukun	O
janjeta	O
.	O

cure	O
sorry	O
,	O
ali	O
ja	O
nerazumijem	NORM_1WORD
vašu	O
aktualnu	O
modu	O
...	O

stručno	O
osposobljavanje	O
.	O

http://t.co/hd9sbtre	O
#ffzg	O

@tanjugnews	O
@hrpredsjednik	O
@novimedijihrt	O
zedna	NORM_1WORD
a	O
da	O
mi	O
ne	O
udari	O
u	O
glavu	O
ili	O
vrlo	O
malo	O
pa	O
da	O
mogu	O
jos	NORM_1WORD
i	O
sjest	NORM_1WORD
i	O
vozit	NORM_1WORD

this	O
is	O
why	O
i	O
don't	O
have	O
friends	O
.	O

dokaz	O
da	O
ono	O
što	O
je	O
skupo	O
ne	O
mora	O
biti	O
i	O
kvalitetno	O
.	O

žene	O
poslije	O
2	O
godina	NORM_1WORD
braka	O
izgledaju	O
lošije	O
nego	O
poslije	O
10	O
godina	O
braka	O
jer	O
ga	O
poslije	O
2	O
godine	O
još	O
vole	O
,	O
a	O
poslije	O
10	O
im	O
je	O
svejedno	O
.	O

:)	O

rt	O
@anjaivaperovic	O
:	O
jedno	O
pitanje	O
:	O
evi	NORM_1WORD
koji	O
ne	O
pogode	O
jer	NORM_1WORD
se	O
mogu	O
natjecat	NORM_1WORD
dalje	O
ili	O
ne	O
?	O

ja	O
samo	O
znam	O
da	O
postoji	O
pjesma	O
koja	O
se	O
tako	O
zove	O
:-)	O
@marekuzmavk	O

a	O
da	O
podržava	O
više	O
accounta	O
?	O

bizzaro	O
.	O

scorsese	O
zamaglile	O
su	O
ti	O
se	O
naočale	O
.	O

a	O
onda	O
bi	O
bila	O
motivacija	O
kad	O
bude	O
vedrije	O
još	O
jednom	O
se	O
popeti	O
na	O
isto	O
mjesto	O
:-d	O

na	O
moment	O
pomislio	O
da	O
će	O
poručiti	O
nasilnicima	O
"	O
i	O
will	O
find	O
you	O
and	O
kill	O
you	O
"	O
.	O

vozin	NORM_1WORD
se	O
buson	NORM_1WORD
i	O
onda	O
babe	O
zauzmu	O
sidalo	NORM_1WORD
uz	O
prolaz	O
da	O
nebi	NORM_1WORD
slučajno	O
neko	NORM_1WORD
sia	NORM_1WORD
kod	O
njih	O
i	O
omea	NORM_1WORD
njihov	O
smrad	O
i	O
privatnost	O
.	O

i	O
kendrick	O
lamar	O
je	O
tweetokradica	O
.	O

:d	O
#justkidding	O

savet	NORM_1WORD
mamw	O
mame	O

battlefield	O
:	O
hardline	O
službeno	O
potvrđen	O
,	O
procurio	O
gameplay	O
http://t.co/gc58c3ta0o	O
#it	O
#računala	O
#mobi	O

molimo	O
rt	O
!	O

:)	O

upozorenje	O
amerikancima	O
:	O
pazite	O
na	O
sebe	O
,	O
al-qaida	NORM_1WORD
prijeti	O
napadima	O
!	O

dio	O
:	O
65	O
http://t.co/jctogixrl3	O
via	O
@wordpressdotcom	O

ono	O
mame	O
te	O
da	O
prebaciš	O
program	O
.	O

night	O
shift	O
-	O
sweet	O
dreams	O
///	O

vidimo	O
se	O
uskor	NORM_1WORD
!	O

:d	O

liniću	O
,	O
dugovi	O
prethodnih	O
vlada	O
se	O
ne	O
moraju	O
vraćati	O
.	O

super	O
stvar	O
kod	O
činjenice	O
da	O
san	NORM_1WORD
profesorica	O
je	O
da	O
jednom	O
godišnje	O
iman	NORM_1WORD
pristup	O
otvorenom	O
šanku	O
koji	O
se	O
zove	O
maturalna	O
.	O

anyhow	O
,	O
za	O
danas	O
samo	O
jos	NORM_1WORD
ovo	O
.	O

danas	O
imam	O
neki	O
"	O
dapače	O
weird	O
guy	O
on	O
the	O
street	O
,	O
dođi	O
,	O
ćaskajmo	O
"	O
znak	O
na	O
sebi	O
samo	O
ga	O
ne	O
znam	O
locirat	NORM_1WORD
.	O

fora	O
stvar	O
na	O
otvorenom	O
radiu	NORM_1WORD
bila	O
,	O
a	O
sad	O
puštaju	O
"	O
dove	O
"	O
.	O

ict	O
business	O
|	O
kontaktni	O
centar	O
optima	O
telekoma	O
prvi	O
u	O
regiji	O
dobio	O
certifikat	O
en	O
15838	O
http://t.co/giwkgffyrh	O
#ictbusiness	O
#politikahr	O

znate	O
li	O
koji	O
je	O
bivši	O
nogometaš	O
i	O
kapetan	O
reprezentacije	O
novi	O
zastupnik	O
?	O

ne	O
samo	O
glazbeni	O
festival	O
,	O
već	O
relaksirajući	O
trodnevni	O
odmor	O
prožet	O
sjajnom	O
muzikom	O
:	O
http://t.co/tkdpqsph2x	O
@lighthousecro	O

bila	O
je	O
svoja	O
.	O

..	O
ne	O
moze	NORM_1WORD
biti	O
za	O
sve	O

količina	O
glupih	O
app	O
na	O
osovima	NORM_1WORD
i	O
ljudi	O
koji	O
ih	O
koriste	O
doseže	O
zabrinjavajuće	O
razine	O
.	O

poraz	O
na	O
penale	O
u	O
finalu	O
...	O

ne	O
volim	O
kad	O
nešto	O
moram	O
.	O

rt	O
"	O
@e1401	O
anteovo	NORM_1WORD
je	O
nepce	O
kusalo	NORM_1WORD
toliko	O
prekrasnu	O
reboot	O
paradajz	O
juhicu	O
da	O
jos	NORM_1WORD
uvijek	O
broji	O
ram	O
"	O

isabel	O

a	O
informatika	O
i	O
kreativna	O
industrija	O
super	O
to	O
sve	O
samo	O
ni	O
blizu	O
neće	O
zaposliti	O
po	O
300	O
-	O
500	O
ljudi	O
pa	O
da	O
se	O
riješi	O
komad	O
nezaposlenih	O

"	O
šporkicee	NORM_1WORD
...	O

rumunjski	O
ministar	O
vanjskih	O
poslova	O
posjetio	O
općinu	O
kršan	O
http://t.co/lyjlmcy4ch	O
#vlada	O
#politikahr	O

kriva	O
je	O
.	O

sorry	O
sinusi	O
me	O
dave	O
užas	O
je	O
mozak	O
mi	O
pomućen	O
:d	O

http://t.co/eioosyaokj	O
via	O
@wordpressdotcom	O

bože	O
mili	O
,	O
kako	O
se	O
žalostim	O
kad	O
na	O
#tl	O
vidim	O
mentalne	O
bljuvotine	O
onih	O
koji	O
se	O
pozivaju	O
na	O
tvoje	O
ime	O
.	O

krčani	O
potpisuju	O
peticiju	O
protiv	O
ekocida	O
na	O
kršu	O
u	O
puntu	O
,	O
baški	O
,	O
dobrinju	O
,	O
malinskoj	O
,	O
krku	O
.	O

puno	O
.	O

prvo	O
sučeljavanje	O
u	O
životu	O
odrađeno	O
!	O

@lovenikokovac	O
otvoreni	O
,	O
reklama	O
za	O
story	O

rekla	O
mi	O
roditeljica	O
da	O
samo	O
depresivci	O
ne	O
slave	O
.	O

članak	O
i	O
galerija	O
o	O
mosi	O
on	O
tunya	O
,	O
nacionalnom	O
parku	O
gdje	O
se	O
nalaze	O
viktorijini	O
slapovi	O
;)	O

jao	O
onima	O
za	O
koje	O
ja	O
navijam	O
#uru	O
#zubatac	O

ne	O
sviđa	O
mi	O
se	O
novi	O
update	O
fb-a	O
za	O
android	O
.	O

ovo	O
divljanje	O
s	O
fontovima	O
na	O
profilu	O
ublaženo	O
je	O
s	O
time	O
što	O
nema	O
interakcijskih	O
tvitova	O
i	O
što	O
možeš	O
pinnati	NORM_1WORD
omiljeni	O
tvit	O
na	O
vrh	O
.	O

za	O
lovu	O
koju	O
su	O
platili	O
fellainija	O
su	O
mogli	O
prošlu	O
sezonu	O
dobiti	O
modrića	O
.	O

roza	O
cvjetici	NORM_1WORD
po	O
drvecu	NORM_1WORD
u	O
ovo	O
doba	O
dana	O
izgledaju	O
kao	O
da	O
im	O
je	O
netko	O
isprao	O
boju	O
blatnjavom	O
vodom	O
s	O
ceste	O
.	O

jedu	O
mi	O
se	O
kinder	O
maksi	NORM_1WORD
kingovi	O
i	O
one	O
cokoladice	NORM_1WORD
sa	O
grozdicama	NORM_1WORD
i	O
ljesnjacima	NORM_1WORD
ali	O
one	O
okrugle	O
kaj	NORM_1WORD
izgledaju	O
ko	NORM_1WORD
no2	NORM_1WORD
od	O
pticice	NORM_1WORD
.	O

ispada	O
da	O
taj	O
nezni	NORM_1WORD
dalibor	O
ipak	O
nije	O
toliko	O
nježan	O
!	O

@branaja	O
prosječni	O
ferovac	O
>>>>>	O
ostatak	O
:d	O

da	O
mi	O
država	O
kupi	O
ljubav	O
po	O
najmanje	O
mogućoj	O
nabavnoj	O
cijeni	O
.	O

tu	O
imam	O
pak	O
mali	O
milijun	O
pozadinskih	O
radnji	O
.	O

malo	O
se	O
natjeram	O
da	O
razmišljam	O
o	O
poslu	O
i	O
onda	O
opet	O
pročitam	O
kako	O
je	O
država	O
jedno	O
veliko	O
govno	O
i	O
odustanem	O
od	O
života	O
,	O
hoću	O
van	O
.	O

http://t.co/5n23613u36	O
#nogomet	O
#vatreni	O
#hrvatska	O
#srbija	O

investirali	O
dobit	O
ili	O
ne	O
,	O
poduzetnici	O
će	O
morati	O
plaćati	O
akontaciju	O
poreza	O
na	O
dobit	O
http://t.co/lfin0n0feb	O
#linicmrzipoduzetnike	O

(	O
http://t.co/xqqfpuh0pd	O
)	O

inače	O
zadnjih	O
par	O
twittova	NORM_1WORD
su	O
sarkazam	O
.	O

:)	O

the	O
police	O
-	O
every	O
breath	O
you	O
take	O
(	O
with	O
lyrics	O
)	O
:	O
http://t.co/ktzepyefgj	O
#np	O

sve	O
.	O

morat	O
cu	NORM_1WORD
tražit	NORM_1WORD
alternativnu	O
karijeru	O
.	O

grcki	NORM_1WORD
sistem	O
.	O

..	O
dosadan	O
je	O
.	O

više	O
mi	O
se	O
sviđaju	O
priče	O
koje	O
o	O
meni	O
kruže	O
po	O
rijeci	O
nego	O
po	O
zagrebu	O
,	O
u	O
ovima	O
u	O
zagrebu	O
sam	O
samo	O
peder	O
.	O

mos	NORM_1WORD
imat	NORM_1WORD
hunter	O
,	O
ali	O
nemas	NORM_1WORD
ranc	NORM_1WORD
i	O
konje	O
glupaco	NORM_1WORD

to	O
ću	O
sad	O
pojest	NORM_1WORD
jer	O
sam	O
ogladnila	NORM_1WORD
pisajući	NORM_1WORD
ovo	O
:d	O

henry	O
becque	O

srce	O
mi	O
se	O
slomi	O
kada	O
krenem	O
pricati	NORM_1WORD
s	O
osobom	O
o	O
npr.	O
batmanu	O
i	O
ispostavi	O
se	O
da	O
ga	O
uopce	NORM_1WORD
ne	O
voli	O
nego	O
samo	O
majicu	O

@tamaradzuver	O
moja	O
nesanica	O
dijeli	O
tvoje	O
mišljenje	O
...	O

sačuvaj	O
nas	O
bože	O
od	O
hrvatske	O
pravde	O
!	O

@amademozart	O
iako	O
ti	O
moram	O
reci	NORM_1WORD
da	O
me	O
uvijek	O
iznova	O
odusevi	NORM_1WORD
marija	O
barbieri	O
s	O
opaskama	O
tipa	O
"	O
i	O
to	O
smo	O
dozivjeli	NORM_1WORD
-	O
tosca	O
nepokrivene	O
glave	O
"	O

hahaha	O
****	O

osjećaj	O
u	O
plućima	O
je	O
gori	O
neg	NORM_1WORD
dok	O
sam	O
pušila	O
dve	NORM_1WORD
kutije	O
dnevno	O
.	O

unaprijed	O

gavrilović	O
paštete	O
dolaze	O
u	O
tri	O
jako	O
fina	O
okusa	O
,	O
ali	O
i	O
sa	O
dodatnih	O
20	O
g	O
gratis	O
!	O

kukam	O
danas	O
svom	O
omiljenom	O
barmenu	O
kako	O
su	O
mi	O
riknula	O
vec	NORM_1WORD
2	O
iphone	O
punjaca	NORM_1WORD
ove	O
godine	O
a	O
majstor	O
mi	O
pokloni	O
treceg	NORM_1WORD
!	O

živa	O
istina	O
ili	O
realnost	O
.	O

http://t.co/t5msvsfkez	O
...	O

još	O
da	O
nije	O
prenosio	O
#mićo	O
,	O
bilo	O
bi	O
i	O
bolje	O
.	O

sjecam	NORM_1WORD
se	O
filma	O
kalifornia	O
,	O
neviđena	O
izvedba	O
.	O

heh	O
,	O
oni	O
su	O
pomjesali	NORM_1WORD
taj	O
rege	NORM_1WORD
sa	O
klapskim	O
pjesmama	O
.	O

veselin	NORM_1WORD
se	O
naletit	NORM_1WORD
na	O
bmarasa	O
dok	O
svira	O
ruzne	NORM_1WORD
ribe	O
od	O
krankšvestera	O
.	O

rumena	O
će	O
se	O
predstaviti	O
sa	O
svojom	O
ponudom	O
tofua	O
,	O
sejtana	O
,	O
veganskih	O
kobasa	O
,	O
kulena	O
od	O
soje	O
...	O
ma	NORM_1WORD
7.	O
#zegevege	O
festivalu	O
!	O

čak	O
bih	O
rekao	O
i	O
da	O
je	O
jedan	O
od	O
boljih	O
iz	O
njihova	O
opusa	O
.	O

našizam	O
,	O
našisti	O
i	O
našizmi	O
-	O
satirički	O
pogled	O
na	O
fenomen	O
"	O
našega	O
"	O
http://t.co/0y87ca9k	O
#politikahr	O

odmah	O
nam	O
je	O
sve	O
jasno	O
#zagreb	O
,	O
#politikahr	O

ona	O
ju	O
pjeva	O
"	O
mama	O
voli	O
saju	O
najvise	NORM_1WORD
na	O
svijetu	O
"	O

francuski	O
predsjednik	O
francois	NORM_1WORD
hollande	O
uštedio	O
6	O
milijuna	O
eura	O
!	O

jadan	O
čovik	NORM_1WORD
,	O
zercu	NORM_1WORD
je	O
kra	NORM_1WORD
i	O
vako	NORM_1WORD
mu	O
sad	O
.	O

i	O
dva	O
dana	O
slobodno	O
,	O
naravno	O
:)	O

kao	O
da	O
oni	O
imaju	O
11	O
savrsenih	NORM_1WORD
.	O

svako	O
toliko	O
kupim	O
cijeli	O
bunt	O
gumica	O
za	O
kosu	O
.	O

haknuli	O
mi	O
wow	O
account	O
jebo	O
,	O
nije	O
bed	O
za	O
igru	O
,	O
vise	NORM_1WORD
me	O
jebe	O
trojan	O
il	NORM_1WORD
keylogger	O
koji	O
nod	O
i	O
spybot	O
nisu	O
nasli	NORM_1WORD
na	O
kompu	O

ali	O
da	O
to	O
bude	O
"	O
seemless	NORM_1WORD
"	O
.	O

to	O
sve	O
dođe	O
na	O
isto	O
s	O
@frankaoreb	O
-	O
'	O
ja	O
cu	NORM_1WORD
tebe	O
ak'oš	NORM_1WORD
ti	O
mene	O
'	O
princip	O
....	O

-	O
ma	O
jok	O
,	O
klali	O
!	O

http://t.co/cyqvfnvxjz	O
#novost	O
#tehnologija	O
#apple	O
#imac	O
#ipad6	O
#it	O
#računala	O
#mobi	O

no	O
srećom	O
ovi	O
iz	O
90-ih	O
(	O
'	O
four	O
weddings	O
and	O
a	O
funeral	O
'	O
)	O
su	O
manje	O
gluplji	O
od	O
današnjih	O
.	O

išli	O
smo	O
prije	O
utaknice	NORM_1WORD
na	O
punpu	NORM_1WORD
di	NORM_1WORD
smo	O
bacili	O
par	O
bonbi	NORM_1WORD
,	O
uglavnon	NORM_1WORD
prekonplicirano	NORM_1WORD
je	O
.	O

@zemmy89	O
@bajgajka	O
gamad	O
a	O
john	O
je	O
specijalno	O
napravio	O
blog	O
za	O
raspravljanje	O
o	O
knjizi	O
gdje	O
se	O
mogu	O
stavljati	O
spoileri	O
,	O
tako	O
j	NORM_1WORD
na	O
gr	O
znaju	O

i	O
hope	O
not	O
.	O

#lol	O
#trash	O
#obozavam	O
#rozga	O
#vrucekrafne	O
#trecaputna	O

doslovce	O
se	O
zatresem	O
od	O
smijeha	O
kad	O
god	O
se	O
sjetim	O
.	O

@vila_matovila	O
"	O
dominira	O
vam	O
ta	O
strana	O
"	O

postavljena	O
je	O
krajem	O
listopada	O
prošle	O
godine	O
,	O
a	O
s	O
demontažom	O
se	O
krenulo	O
jučer	O

e	O
taj	O
ima	O
vremena	O
u	O
životu	O
.	O

večeras	O
na	O
good	O
vibrationsu	O
u	O
vintageu	O
nastupaju	O
umor	O
,	O
fjodor	O
,	O
hazarder	O
i	O
autarch	O
,	O
a	O
za	O
dj	O
pultom	O
kneža	O
i	O
neman	O
(	O
nešo	O
iz	O
cojonesa	O
)	O
!	O

http://t.co/cscym36liz	O

nisi	O
bio	O
na	O
vijestima	O
.	O

sritno	NORM_1WORD
susjedi	O
:)	O

@aresstarcic	O
moram	O
priznati	O
da	O
me	O
fascinira	O
institucija	O
otpraćivanja	O
.	O

izađeš	O
iz	O
stana	O
ujutro	O
,	O
ostaviš	O
sve	O
rastvoreno	O
(	O
lijep	O
dan	O
,	O
nek	NORM_1WORD
se	O
razrači	O
)	O
,	O
vratiš	O
se	O
navečer	O
doma	O
,	O
nađeš	O
ptičje	O
govno	O
nasred	O
stola	O
!!	O

imam	O
dvije	O
lijeve	O

..	O
5	O
min	O
autom	O

(	O
dobriša	O
cesarić	O
:	O
mjesečina	O
)	O

@utikejt	O
i	O
u	O
samome	O
paklu	O
,	O
netko	O
može	O
biti	O
bezbrižan	O
,	O
dakle	O
živjeti	O
kvalitetno	O
,	O
samo	O
ako	O
jak	O
da	O
se	O
transcendira	O
uticaj	O
okoline	O
.	O

zašto	O
koračaš	O
mojim	O
koracima	O
,	O
djevojko	O
?	O

to	O
je	O
jurnjava	O
dok	O
se	O
ne	O
zabijete	O
u	O
zid	O
.	O

good	O
morning	O
pipl	NORM_1WORD
!	O

haha	O
televizori	O
pokriveni	O
maramom	O
od	O
heklanja	O
,	O
jer	NORM_1WORD
ima	O
neko	NORM_1WORD
fotku	O
da	O
objavi	O
sa	O
takvim	O
?	O

da	O
stvarno	O
nisu	O
izbacili	O
we	O
are	O
young	O
s	O
albuma	O
,	O
jel	NORM_1WORD
bi	O
dobili	O
grammy	O
za	O
hit	O
godine	O
kao	O
sto	NORM_1WORD
su	O
fun	O
dobili	O
za	O
tu	O
pjesmu	O
?	O

valjda	O
bum	NORM_1WORD
čitava	O
iz	O
busa	O
izašla	O

tata	O
ne	O
prica	NORM_1WORD
s	O
mamom	O
,	O
mama	O
s	O
tatom	O
,	O
a	O
oboje	O
ne	O
pricaju	NORM_1WORD
sa	O
mnom	O
,	O
a	O
ni	O
ja	O
s	O
njima	O
.	O

-	O
crno	O
me	O
podsjeća	O
na	O
grijeh	O
i	O
na	O
pakao	O
pa	O
ga	O
se	O
čuvam	O

imam	O
talenta	O
,	O
dajte	O
mi	O
job	O
to	O
blow	O
you	O
.	O

sve	O
bude	O
šareno	O
i	O
ružičasto	O
.	O

zašto	O
ne	O
izlazit	NORM_1WORD
više	O
:	O
"	O
realno	O
,	O
doći	O
ćemo	O
amo	NORM_1WORD
,	O
gurat	NORM_1WORD
se	O
,	O
bit	O
će	O
loše	O
,	O
razočarani	O
se	O
vratit	NORM_1WORD
doma	O
,	O
******	O
se	O
i	O
leć	NORM_1WORD
spavat	NORM_1WORD
:d	O
"	O

@mojsa24	O
imao	O
sam	O
jaaako	NORM_1WORD
radni	O
dan	O
...	O

mrzim	O
taj	O
miris	O
sterilnosti	O
.	O

u	O
zamjenu	O
mogu	O
dat	NORM_1WORD
invite	O
za	O
torrentleech	O

-	O
bože	O
molim	O
te	O
otvori	O
prozor	O
onima	O
kojima	O
su	O
se	O
vrata	O
zatvorila	O

@cepodario	O
ali	O
nisi	O
pokusao	NORM_1WORD
objasniti	O
i	O
navesti	O
u	O
jednakoj	O
mjeri	O
i	O
dobre	O
i	O
lose	NORM_1WORD
strane	O
pa	O
ti	O
teorija	O
ne	O
stoji	O
:)	O

http://t.co/ylcokgcsby	O
#sabor	O
#aktivnost	O

zašto	O
mi	O
svaki	O
5.	O
submitta	O
u	O
"	O
pre-sales	O
"	O
?	O

brade	O
ne	O
nose	O
samo	O
mudraci	O
,	O
žene	O
nose	O
brageše	O
,	O
a	O
i	O
kokoše	NORM_1WORD
su	O
se	O
malo	O
pomutile	O
,	O
nesu	O
ko	NORM_1WORD
lude	O
,	O
a	O
i	O
popodne	O
.	O

prijedlog	O
:	O
kako	O
mi	O
svaki	O
film	O
prekinu	O
s	O
15	O
blokova	O
reklama	O
...	O

http://t.co/8jjuwjoehc	O
#samsung	O
#nx300	O
#zambia	O

http://t.co/mmtg94ubjz	O
#runkeeper	O

najveći	O
problem	O
kad	O
stalkam	O
na	O
instagramu	O
mi	O
je	O
ocu	NORM_1WORD
lajkat	NORM_1WORD
sliku	O
.	O

zaboli	O
me	O
kurac	O
,	O
kurvo	O
,	O
želim	O
čuti	O
alkohol	O
maye	O
s	O
ipsilon	O
.	O

nice	O
.	O

ušli	O
smo	O
u	O
eu	O
,	O
toliko	O
se	O
guzili	O
za	O
to	O
,	O
kad	O
tako	O
moran	NORM_1WORD
reč	NORM_1WORD
,	O
i	O
ča	NORM_1WORD
sad	O
?	O

vratiš	O
se	O
sa	O
godišnjeg	O
.	O

od	O
toga	O
je	O
30ak	NORM_1WORD
dana	O
promet	O
gust	O
.	O

i	O
woke	O
up	O
this	O
morning	O
feeling	O
really	O
refresh	O
...	O

@sleepingsun7	O
uvijek	O
se	O
radi	O
za	O
0	O
kuna	O
,	O
samo	O
za	O
ručak	O
?	O

nizetic	NORM_1WORD
je	O
na	O
poljudu	O
piva	NORM_1WORD
kada	O
umrem	O
umotan	O
u	O
bilo	NORM_1WORD
,	O
u	O
cast	NORM_1WORD
vinku	O
coci	O
.	O

sta	NORM_1WORD
nije	O
nitko	O
mogo	NORM_1WORD
dati	O
taj	O
3	O
da	O
dobijem	O
ja	O
na	O
kladi	O
,	O
a	O
oni	O
prodju	NORM_1WORD
bez	O
produzetaka	NORM_1WORD
.	O

prečudno	O
.	O

di	O
marzio	O
(	O
#sky	O
)	O
:	O
"	O
romulo	O
je	O
igrač	O
čije	O
se	O
kvalitete	O
jako	O
sviđaju	O
inzaghiju	O
,	O
no	O
za	O
milan	O
je	O
trenutno	O
prioritet	O
dovođenje	O
desnog	O
krila	O
.	O
"	O

nevolja	O
s	O
jednakošću	O
je	O
što	O
se	O
želimo	O
izjednačiti	O
samo	O
sa	O
onima	O
koji	O
su	O
iznad	O
nas	O
.	O

i	O
pogotovo	O
ako	O
voliš	O
sci-fi	O
filmove	O
tipa	O
odiseja	O
u	O
svemiru	O
ili	O
npr	NORM_1WORD
solaris	O
:)	O

ako	O
vjerujete	O
u	O
boga	O
,	O
nikako	O
nemojte	O
čitati	O
saramagovo	O
evanđelje	O
po	O
isusu	O
kristu	O
...	O

fettuccine	O
„	O
a	O
la	O
bolognese	O
"	O
sa	O
svježe	O
ribanom	O
mrkvom	O
,	O
grana	O
padanom	O
i	O
bosiljkom	O
:	O
http://t.co/su4gshqato	O
putem	O
@youtube	O

..	O
stara	O
moja	O
,	O
on	O
je	O
sve	O

najljepši	O
trenuci	O
galeba	O
su	O
tišine	O
na	O
sceni	O
i	O
duga	O
minuta	O
mraka	O
.	O

have	O
a	O
nice	O
day	O
!	O

"	O
život	O
je	O
ono	O
što	O
nam	O
se	O
događa	O
dok	O
smo	O
zauzeti	O
planiranjem	O
budućnosti	O
.	O
"	O

i	O
zaboravila	O
naočale	O
na	O
predavanje	O
,	O
this	O
is	O
going	O
to	O
be	O
fun	O
.	O

lol	O

@vecernji_list	O
debili	O
koji	O
sramote	O
hrvatsku	O

xhaka	O
mu	O
uklizuje	O
u	O
koljeno	O
,	O
50	O
%	O
mu	O
je	O
veća	O
satnica	O
noću	O
#argswi	O

josipović	O
:	O
trebamo	O
upozoriti	O
haag	O
da	O
šešelj	O
krši	O
uvjete	O
puštanja	O
http://t.co/4pgytwo1qo	O
@dnevnikhr	O
#josipovic	O
#seselj	O
#haag	O

dvije	O
stvari	O
sam	O
naučio	O
u	O
posljednja	O
24	O
sata	O

pogledaj	O
island	O
i	O
argentinu	O
.	O

bakalar	O
za	O
ručak	O
...	O

yammat	O
-	O
"	O
putujem	O
"	O
:	O
http://t.co/g0ntj71rgf	O
via	O
@youtube	O

jutros	O
se	O
osjeca	NORM_1WORD
dvojba	O
na	O
timelineu	O
!	O

tuko	O
za	O
te	O
pare	O
si	O
mogla	O
vozacki	NORM_1WORD
uplatit	NORM_1WORD
3	O
puta	O

hm	O
!	O

@lana5678	O
upisujem	O
brata	O
i	O
isto	O
mi	O
se	O
dogadja	NORM_1WORD
..	O
kaze	NORM_1WORD
da	O
ne	O
ispunjava	O
uvjet	O
1.	O
stranog	O
jezika	O
sto	NORM_1WORD
nije	O
tocno	NORM_1WORD
:/	O

@kresoz	O
@gfilipic	O
@smijesimenpivu	O
@blizzard1011	O
@d1nac	O
nađemo	O
se	O
u	O
gradu	O
pa	O
cemo	NORM_1WORD
nesto	NORM_1WORD
smisliti	O
.	O

baldasar	O
:	O
kk	O
split	O
neće	O
dobiti	O
gradski	O
novac	O
http://t.co/htbixfhltm	O
#split	O
#baldasar	O
#hajduk	O
#kosarka	O
@kosarkahr	O

zato	O
mase	O
idu	O
van	O
gdje	O
je	O
vise	NORM_1WORD
opcija	O

i	O
taj	O
duboki	O
pogled	O
u	O
očima	O
?	O

odlučila	O
sam	O
!	O

ako	O
klincu	O
nešto	O
pokažeš	O
,	O
entuzijazam	O
rijetko	O
izostaje	O
.	O

u	O
dalnjim	NORM_1WORD
razmjerima	O
a	O
ne	O
prozvana	O
saborska	O
zastupnica	O
((	O
vise	NORM_1WORD
puta	O
izbacivana	O
i	O
smjenjivana	NORM_1WORD
))	O
pozivajuci	NORM_1WORD
se	O
na	O
prava	O
u	O
kojima	O
ne	O
ucestvuje	NORM_1WORD

ovim	O
putem	O
čestitamo	O
#hass	O
te	O
cijelom	O
timu	O
na	O
čelu	O
s	O
gordanom	O
kožuljem	O
na	O
prihvaćenoj	O
kandidaturi	O
od	O
strane	O
#eusa	O
!	O

zavrsila	NORM_1WORD
#huojpr2020	O
.	O

koliko	O
još	O
vremena	O
imamo	O
do	O
božićnih	O
izloga	O
?	O

ovako	O
nešto	O
bi	O
dobro	O
došlo	O
u	O
gunji	O
..	O

#nenaspavana	O

@nemanjal87	O
@il_numero_uno	O
@dragan_djuras	O
ako	O
zadar	O
bude	O
posljednji	O
,	O
a	O
mogao	O
bi	O
biti	O
,	O
hrvatskoj	O
će	O
biti	O
dovoljna	O
i	O
3	O
predstavnika	O
.	O

ljubo	O
jurčić	O
:	O
temeljni	O
cilj	O
koalicije	O
povećati	O
proizvodnju	O
,	O
a	O
time	O
i	O
broj	O
radnih	O
mjesta	O
#izborihr	O
#hrvatska	O

sukob	O
kamenjem	O
i	O
šok	O
bombama	O
:	O
izraelska	O
policija	O
ušla	O
na	O
brdo	O
hrama	O
:	O
izraelska	O
policija	O
u	O
...	O

@veceivan	O
ivane	O
,	O
to	O
što	O
si	O
niskog	O
rasta	O
nije	O
mana	O
,	O
ali	O
nizak	O
nivo	O
kulture	O
jeste	NORM_1WORD
!!	O

u	O
rukama	O
,	O
za	O
subotnje	O
čitanje	O
i	O
gledanje	O
(	O
tekstovi	O
&	O
fotografije	O
)	O
,	O
"	O
palača	O
zarobljenih	O
snova	O
"	O
gordane	O
benić	O

dijelimo	O
2	O
x	O
2	O
ulaznice	O
za	O
predstavu	O
"	O
djeca	O
sa	O
cnn-a	O
"	O
!	O

@makisar	O
@sonja158	O
da	O
,	O
i	O
kad	O
je	O
tužan	O
-	O
preboliš	O
i	O
ideš	O
na	O
novu	O
seriju	O
.	O

zbog	O
radova	O
na	O
110.	O
+600	O
km	O
autoceste	O
a1	O
kod	O
vijadukta	O
jezerane	O
,	O
u	O
oba	O
smjera	O
,	O
vozi	O
se	O
jednim	O
trakom	O
uz	O
ograničenje	O
brzine	O
od	O
60	O
km	O
/	O
h.	O

asistent	O
iz	O
miniranja	O
izgleda	O
kao	O
pokemon	O
trener	O
.	O

dani	O
i	O
ja	O
stavili	O
ljetne	O
cipele	O
na	O
balkon	O
,	O
da	O
se	O
malo	O
prozrace	NORM_1WORD
i	O
da	O
ih	O
malo	O
zglancamo	NORM_1WORD
.	O

kako	O
to	O
objasniti	O
?	O

|	O
tportal.hr	O
http://t.co/mitau6kisv	O
via	O
@tportal	O

kad	O
je	O
strop	O
na	O
metaripol	NORM_1WORD
uzalud	O
ti	O
škola	O
za	O
skok	O
preko	O
2.20	O
sinko	O
.	O

osjetite	O
li	O
vi	O
ljubav	O
?	O

instagram	O
uvodi	O
i	O
videe	NORM_1WORD
.	O

mrzite	O
li	O
i	O
vi	O
one	O
prozirne	O
vrecice	NORM_1WORD
iz	O
marketa	O
s	O
odjela	O
za	O
voce	NORM_1WORD
i	O
povrce	NORM_1WORD
?	O

http://t.co/7v4qhlqwqo	O
skupština	O
sutra	O
o	O
besplatnim	O
udžbenicima	O
za	O
osmoškolce	O
#gradska_skupstina	O
#zagreb	O
#wwwzagrebhr	O

to	O
je	O
bio	O
blotan	NORM_1WORD
komad	O
softvera	O
,	O
pa	O
sam	O
počeo	O
koristiti	O
foobar	O
.	O

-	O
...	O
jesan	NORM_1WORD
...	O

hell	O
yeah	O
!	O

http://t.co/sj47nww7xj	O
#bandić	O
#kolegij	O
#policija	O

zašto	O
mi	O
@ilijabrajkovic	O
recommenda	O
na	O
engleskom	O
šašave	O
stranice	O
u	O
direct	O
message	O
koje	O
se	O
ne	O
mogu	O
otvorit	NORM_1WORD
?	O

ionako	O
mozda	NORM_1WORD
nece	NORM_1WORD
biti	O
struje	O
pa	O
nitko	O
nece	NORM_1WORD
gledati	O
.	O

živinice	O
:	O
u	O
gradskoj	O
dvorani	O
danas	O
će	O
biti	O
održan	O
košarkaški	O
turnir	O
"	O
osman	O
šehić	O
"	O
u	O
organizaciji	O
okk	O
"	O
millennium	O
"	O
.	O

..	O
samo	O
ti	O
praštaj	O
sve	O
,	O
ali	O
ja	O
ti	O
kažem	O
ne	O

@marija_perica	O
@jumales	O
za	O
to	O
kupiš	O
igru	O
za	O
5	O
$	O
i	O
pojedeš	O
nekakvih	O
gljiva	O
.	O

http://t.co/p01lp94qp6	O
57.	O
mjesto	O
-	O
ruanda	O
je	O
ispred	O
nas	O
.	O

jedva	O
čekam	O
da	O
me	O
nogomet	O
u	O
potpunosti	O
prestane	O
zanimati	O
,	O
pa	O
da	O
se	O
okrenem	O
konzumaciji	O
američke	O
pop	O
kulture	O

go	O
hard	O
or	O
go	O
home	O
.	O

pronašla	O
sam	O
ljude	O
iz	O
svog	O
života	O
u	O
tim	O
likovima	O
.	O

i	O
tako	O
,	O
neki	O
dan	O
mene	O
nagovore	O
moji	O
pajdaši	O
na	O
neko	O
trčanje	O
u	O
zagorju	O
,	O
ne	O
znam	O
gdje	O
,	O
lijevo	O
desno	O
,	O
ne	O
bih	O
znao	O
naći	O
ponovno	O
.	O

i'm	O
still	O
that	O
young	O
.	O

ne	O
mogu	O
spavati	O
pa	O
evo	O
prebrojavam	O
stranice	O
svih	O
skripti	O
za	O
3.	O
godinu	O
da	O
uvalim	O
nekom	O
sirotom	O
studentu	O
za	O
300	O
kn	O

promotivni	O
članci	O
na	O
zgportalu	O
/	O
oglašavajte	O
se	O
!	O

recommendao	O
sam	O
zabunom	O
sportski	O
članak	O
s	O
tportala	O
.	O

@novahr	O
pravi	O
novinar	O
bi	O
pitao	O
zašt	NORM_1WORD
je	O
predsjednik	O
uzeo	O
dotičnog	O
za	O
savjetnika	O
s	O
obzirom	O
da	O
je	O
znao	O
njegove	O
stavove	O
koje	O
već	O
godinama	O
iznosi	O

i	O
ne	O
curi	O
sve	O
po	O
tebi	O
dok	O
hrdaš	O
.	O

vidite	O
vi	O
šta	NORM_1WORD
je	O
ratovanje	O
u	O
2013.	O
godini	O
,	O
zarobi	O
te	O
al	NORM_1WORD
il	NORM_1WORD
kak	NORM_1WORD
se	O
već	O
piše	O
,	O
pa	O
fotkaš	O
selfie	O
s	O
otmičarima	O
za	O
instagram	O
.	O

ne	O
kužim	O
nogometnu	O
taktiku	O
,	O
al	NORM_1WORD
ne	O
kužim	O
ni	O
kak	NORM_1WORD
profi	O
sportaši	O
ne	O
mogu	O
trčat	NORM_1WORD
.	O

mrzim	O
cekanja	NORM_1WORD
iako	O
je	O
vikend	O
.	O

ne	O
pušim	O
10	O
dana	O
,	O
to	O
je	O
200	O
kuna	O
koje	O
nisam	O
potrošila	O
i	O
200	O
cigareta	O
koje	O
nisam	O
popušila	O

počastite	O
se	O
vrhunskim	O
irskim	O
pivom	O
!!!	O

sreca	NORM_1WORD
.	O

bleso	O
!	O

ali	O
uzvikuj	O
svoje	O
ime	O
kad	O
si	O
u	O
opasnosti	O
i	O
neprijatelj	O
ce	NORM_1WORD
te	O
dozivjeti	NORM_1WORD
kao	O
ljudsko	O
bice	NORM_1WORD
.	O

@kimverson4	O
ja	O
imam	O
kod	O
kuće	O
računalo	O
osobno	O
kućno	O
i	O
napon	O
struje	O
mu	O
je	O
220	O
v	O
ac	O
.	O

camp	O
već	O
je	O
hipsterski	O
i	O
meta	O
a	O
gdje	O
je	O
tu	O
zabava	O
?	O

ne	O
želim	O
apdejtat	NORM_1WORD
#ios7	O
iz	O
inata	O
jer	O
je	O
kata-faking-strofa	O
,	O
a	O
ikonice	O
izgledaju	O
ko	NORM_1WORD
da	O
ih	O
je	O
dijete	O
napravilo	O
u	O
paintu	O
.	O

@peshaanec	O
,	O
@eveita	O
,	O
@velimish	O
,	O
@princezatamara	O
,	O
@svetonilovic	O
,	O
@koji_lik	O
i	O
ostali	O
.	O

mujo	O
i	O
haso	O
natovarili	O
ubijenog	O
medveda	NORM_1WORD
i	O
prolaze	O
pored	O
unproforca	O
koji	O
zapita	O
:	O
-	O
grizli	O
?	O

nezaustavljivi	O
@mariomandzukic9	O
zabio	O
je	O
već	O
u	O
drugoj	O
minuti	O
uzvrata	O
španjolskog	O
superkupa	O
protiv	O
real	O
madrida	O
!	O

moje	O
statuse	O
koje	O
ne	O
razumije	O
komentira	O
recimo	O
sa	O
'	O
do	O
you	O
speak	O
tagalog	O
'	O
.	O

8	O
mart	O
svaki	O
dan	O
!!	O

sretan	O
uskrs	O
!	O

rt	O
"	O
@taubekjdt	O
:	O
sine	O
vjetra	O
vrati	O
se	O
na	O
twitter	O
.	O

čujem	O
komarca	O
u	O
sobi	O
,	O
strah	O
me	O
,	O
ili	O
je	O
komarac	O
ili	O
je	O
sušilica	O
od	O
susjeda	O
i	O
can't	O
really	O
tell	O
the	O
two	O
apart	O

@hrvatskitelekom	O
naravno	O
samo	O
je	O
stvar	O
principa	O
.	O

čini	O
se	O
da	O
se	O
dijele	O
kazne	O
za	O
krivi	O
smjer	O
,	O
pa	O
čak	O
i	O
za	O
slušalice	O
.	O

jašta	O
,	O
zaračan	NORM_1WORD
.	O

da	O
imam	O
para	O
ošo	NORM_1WORD
bi	NORM_1WORD
sutra	O
u	O
stambol	O
,	O
zdero	NORM_1WORD
dve	NORM_1WORD
kile	O
dolmi	O
s	O
nogu	O
,	O
salio	O
litru	O
efesa	O
i	O
stao	O
pred	O
prvog	O
policajca	O
:	O
pu	O
bre	O
!	O

zadovoljstvo	O
mi	O
je	O
raditi	O
web	O
stranice	O
,	O
popravljati	O
errore	O
,	O
plivati	O
kroz	O
cpanel	O
,	O
podešavati	O
sitnice	O
da	O
sve	O
bude	O
cakum	O
pakum	O
tj.	O
tip	O
top	O
.	O

hehe	O
.	O

move	O
along	O
people	O
,	O
nothing	O
to	O
see	O
here	O
.	O

druge	O
igre	O
su	O
tu	O
u	O
pitanju	O
!	O

ja	O
nisam	O
mogao	O
vjerovati	O
.	O

zašto	O
?	O

sad	O
kad	O
sam	O
malo	O
odrasla	O
i	O
skužila	O
o	O
čemu	O
se	O
radi	O
i'm	O
like	O
fuck	O
this	O
gimme	O
ice	O
cream	O
.	O

sud	O
će	O
nastaviti	O
sa	O
radom	O
26.	O
marta	O
.	O

šefova	O
žena	O
to	O
dobro	O
podnosi	O
,	O
dočim	O
je	O
strina	O
,	O
netom	O
ušla	O
u	O
sedmo	O
desetljeće	O
života	O
,	O
i	O
dalje	O
veoma	O
ljubomorna	O
supruga	O
.	O

.....	O
mene	O
ste	O
zaboravili	O

@dancivk	O
ehej	NORM_1WORD
danči	O
!	O

neuredno	O
,	O
ali	O
fino	O
!	O

free	O
instalacija	O
u	O
vašem	O
app	O
store	O
.	O

http://t.co/l8i9fchf4h	O
#udarno	O
#novost	O
#hrvatska	O
#mediji	O
#styria	O

nemilosrdni	O
gadovi	O
na	O
adresi	O
http://t.co/vxyt5nndyp	O
,	O
odličan	O
je	O
medij	O
koji	O
redovno	O
ažurira	O
sve	O
teme	O
vezane	O
za	O
film	O
i	O
filmsku	O
industriju	O
.	O

a	O
mi	O
mislili	O
kako	O
su	O
80-e	NORM_1WORD
cool	O
!	O

ima	O
jedna	O
suma	NORM_1WORD
,	O
a	O
u	O
sumi	NORM_1WORD
cesta	O
,	O
cesta	O
koja	O
vodi	O
na	O
mnoga	O
cudna	NORM_1WORD
mjesta	O
.	O

fly	O
you	O
fool	O
!	O

prvi	O
i	O
drugi	O
svjecki	NORM_1WORD
ratovi	O
opče	NORM_1WORD
nisu	O
bili	O
svjecki	NORM_1WORD
ratovi	O
,	O
i	O
boim	NORM_1WORD
se	O
povuč	NORM_1WORD
kosekvence	NORM_1WORD
za	O
budučnost	NORM_1WORD
ratovanja	O
...	O

pasterizirano	O
mlijeko	O
kontaminirano	O
sa	O
150	O
puta	O
većom	O
količinom	O
krvi	O
,	O
gnoja	O
i	O
fekalija	O
od	O
svj	NORM_1WORD
...	O

masturbation	O
cures	O
them	O
!	O

are	O
you	O
gej	NORM_1WORD
?	O

iž	O
će	O
i	O
dalje	O
sufinancirati	O
troškove	O
prijevoza	O
učenika	O
srednjih	O
škola	O
na	O
području	O
županije	O
u	O
iznosu	O
75	O
%	O
od	O
cijene	O
mjesečne	O
učeničke	O
karte	O
.	O

a	O
da	O
bi	O
mogli	O
meritorno	O
raspravljati	O
,	O
morali	O
bi	O
znati	O
što	O
,	O
zašto	O
i	O
kako	O
se	O
izvodi	O
tzv.	O
pregovarački	O
postupak	O
javne	O
nabave	O
bez	O
preth.	O
objave	O

dutch	O
government	O
pays	O
millions	O
to	O
extend	O
microsoft	O
xp	O
support	O
via	O
http://t.co/bslz6irm1x	O
-	O
zvuči	O
kao	O
hrvatska	O
priča	O
!	O

srećom	O
,	O
ostalo	O
je	O
vrijedilo	O
pogledat	NORM_1WORD
.	O

večeras	O
za	O
kraj	O
tango	O
i	O
pogled	O
na	O
zagreb	O
.	O

@josephbt	O
boze	NORM_1WORD
tebe	O
,	O
stalno	O
nekaj	NORM_1WORD
prigovaras	NORM_1WORD
:)	O

radim	O
cijeli	O
tjedan	O
100	O
sati	O
i	O
onda	O
dode	NORM_1WORD
vikend	O
kad	O
je	O
vreme	NORM_1WORD
da	O
se	O
sednem	NORM_1WORD
u	O
kafanu	NORM_1WORD
,	O
nasikam	NORM_1WORD
i	O
pravim	O
haos	NORM_1WORD
.	O

100	O
%	O
invalidi	O
uvjetuju	O
ostavke	O
,	O
sto	NORM_1WORD
je	O
jos	NORM_1WORD
mirni	O
kompromis	O
u	O
prema	O
onima	O
sto	NORM_1WORD
dolaze	O
ako	O
se	O
ne	O
ispune	O
zahtjevi	O

r	O
u	O
serious	O
i	O
fuck	O
your	O
mother	O
?	O

danasnji	NORM_1WORD
razgovor	O
s	O
ukucanima	NORM_1WORD
;	O
os	NORM_1WORD
se	O
naljutit	NORM_1WORD
ak	NORM_1WORD
me	O
nebu	NORM_1WORD
pol	O
dana	O
i	O
ak	NORM_1WORD
userem	O
majicu	O
?	O

http://t.co/zr0dcjwktf	O
#omizio	O

na	O
toj	O
poveznici	O
je	O
i	O
nacrt	O
kurikuluma	O
.	O

life	O
is	O
too	O
short	O
da	O
bi	O
mi	O
ga	O
trovale	O
riječi	O
i	O
slike	O
ljudi	O
koji	O
mi	O
znače	O
koliko	O
i	O
enronove	O
dionice	O
.	O

uskoro	O
više	O
o	O
projektima	O
koji	O
nam	O
stižu	O
!	O

manji	O
stan	O
u	O
blizini	O
veterinarskog	O
fakulteta	O
,	O
unajmljujem	O
.	O

meni	O
hoće	O
.	O

switchspring	O
cydia	O
tweak	O
–	O
ugasite	O
sve	O
aplikacije	O
ili	O
respringajte	O
iuređaj	O
iz	O
ios	O
7	O
app	O
switchera	O
:	O
nei	O
...	O

hail	O
to	O
većeslav	O
holjevac	O

može	O
biti	O
da	O
je	O
ljubav	O
kad	O
je	O
rekao	O
:	O
bilo	O
bi	O
ljepše	O
da	O
sam	O
te	O
probudio	O
dodirima	O
i	O
poljupcima	O
nego	O
porukom	O
.	O

s	O
nestrpljenjem	O
čekamo	O
sljedeći	O
epitet	O
.	O

gledam	O
u	O
dvojnicu	O
scarlett	O
johansson	O
.	O

mostar	O
:	O
u	O
kc	O
abrašević	O
20.	O
septembra	O
bit	O
će	O
održano	O
rođendansko	O
metal	O
druženje	O
,	O
a	O
nastupit	O
će	O
bendovi	O
iz	O
italije	O

#edp	O
#politikahr	O

tražimo	O
inženjera	O
za	O
microsoft	O
platformu	O
–	O
1	O
izvršitelj	O
na	O
neodređeno	O
vrijeme	O
.	O

17	O
h	O
|	O
@nkosijek	O
-	O
#rijeka	O
sastav	O
:	O
vargić	O
mujanović	O
-	O
knežević	O
-	O
marić	O
-	O
bertoša	O
močinić	O
-	O
brezovec	O
jugović	O
-	O
moises	O
-	O
sharbini	O
kramarić	O

pa	O
šta	NORM_1WORD
se	O
nije	O
dovoljno	O
oparila	O
?	O

jos	NORM_1WORD
su	O
ti	O
suve	NORM_1WORD
cipele	O
napolju	O
znam	O
da	O
kisa	NORM_1WORD
lije	O

nope	O
!	O

nikad	O
ne	O
znaš	O
koliko	O
ljudi	O
čuči	O
u	O
tvojoj	O
glavi	O
...	O

da	O
me	O
ko	NORM_1WORD
sad	O
ima	O
slikat	NORM_1WORD
-	O
ociscen	NORM_1WORD
stan	O
,	O
okupana	O
ja	O
,	O
muzikica	O
,	O
kauc	NORM_1WORD
,	O
casa	NORM_1WORD
posipa	NORM_1WORD
u	O
ruci	O
i	O
pogled	O
u	O
zalazak	O
sunca	O
...	O

rt	O
@marinavstweets	O
:	O
content	O
doesn't	O
matter	O
right	O
,	O
boss	O
?	O

netko	O
je	O
rekao	O
da	O
ništa	O
ne	O
radimo	O
da	O
bi	O
bolje	O
bilo	O
.	O

danas	O
naučio	O
na	O
bregu	O
:	O
ako	O
ti	O
se	O
povremeno	O
"	O
pogubi	O
film	O
"	O
i	O
ne	O
sičaš	NORM_1WORD
se	O
di	NORM_1WORD
si	O
bija	NORM_1WORD
i	O
što	O
si	O
radija	NORM_1WORD
,	O
nisi	O
alkos	O
.	O

2.	O
pol	NORM_1WORD
pratite	O
s	O
nama	O
!	O

@zmajizspilje	O
@dewje	O
aono	NORM_1WORD
,	O
ja	O
bih	O
mijenjao	O
stvari	O
na	O
njegovom	O
mjestu	O
,	O
ali	O
ništa	O
nesredivo	O
besplatnim	O
transferima	O
ili	O
-4	O
eventualno	O
.	O

omogućite	O
im	O
fleksibilno	O
radno	O
vrijeme	O
...	O

http://t.co/fwruhojifp	O
via	O
@volim_meso	O

kolinda	O
:	O
pedofile	O
bi	O
trebalo	O
kastrirati	O
.	O

@malimujo	O
@adujmovic1anne	O
aha	O
,	O
imam	O
par	O
reprodukcija	O
plaćenih	O
100	O
eura	O
po	O
komadu	O

dakle	O
startal	NORM_1WORD
sam	O
htc	O
8	O
x	O
,	O
pokrenul	NORM_1WORD
system	O
update	O
,	O
staklo	O
je	O
i	O
dalje	O
puknuto	O
,	O
ali	O
ajde	NORM_1WORD
da	O
vidimo	O
jel	NORM_1WORD
novi	O
update	O
donesel	NORM_1WORD
kaj	NORM_1WORD
boljega	O
.	O

galerija	O
:	O
orah-u	O
1	O
mandat	O
!	O

carmen	O
ortiz	O
,	O
javna	O
tužiteljica	O
kojoj	O
se	O
pripisuje	O
smrt	O
aarona	O
swartza	O
,	O
govorila	O
na	O
presici	O
povodom	O
bombaškog	O
napada	O
na	O
bostonski	O
maraton	O
.	O

zamisli	O
taj	O
zajebani	O
survivor	O
horor	O
.	O

bar	O
mi	O
se	NORM_1WORD
bi	O
bilo	O
dosadno	O
na	O
dosadnim	O
tekmama	O
a	O
takva	O
mi	O
je	O
skoro	O
svaka	O
:d	O

ne	O
mogu	O
ovu	NORM_1WORD
mizogonične	NORM_1WORD
muškarce	O
koji	O
govore	O
za	O
kim	O
k	NORM_1WORD
da	O
je	O
golddigger	NORM_1WORD
,	O
a	O
ona	O
za	O
30	O
godina	O
zaradila	O
više	O
nego	O
što	O
bi	O
oni	O
za	O
1000.	O

vaš	O
komentar	O
na	O
prvi	O
dio	O
?	O

oni	O
sutra	O
kreću	O
na	O
svoj	O
put	O
prema	O
svećeništvu	O
.	O

http://t.co/lht0vdd2eg	O
#omizio	O

otpor	O
sistemu	O
!	O

profesorice	O
,	O
jeli	NORM_1WORD
ono	O
mjesec	O
ili	O
sunce	O
?	O

http://t.co/sszhjetvu3	O
#selfie	O
#telfie	O
#udarno	O
#novost	O
#zabava	O
#zanimljivosti	O
#svijet	O
#news	O
#fun	O

odem	O
se	O
sunčat	NORM_1WORD
da	O
izjednačim	O
majicu	O
i	O
rukave	O
od	O
prethodnog	O
sunčanja	O

sa	O
timom	O
i	O
kendom	O
kuršlusirat	O
će	O
i	O
elephant	O
and	O
the	O
moon	O
povodom	O
giga	O
u	O
@mochvara	O
.	O

puno	O
tuge	O
i	O
suza	O
je	O
bilo	O
.	O

@goranapp	O
ako	O
misliš	O
da	O
se	O
@riapostol	O
uklapa	O
u	O
opis	O
"	O
ideologically	O
obsessed	O
christian	O
"	O
,	O
onda	O
ga	O
baš	O
ne	O
poznaš	NORM_1WORD
(	O
ili	O
sam	O
krivo	O
iščitala	O
tvit	O
)	O

@srbbrand	O
bunjevci	O
se	O
u	O
svim	O
krajevima	O
koje	O
su	O
naselili	O
deklariraju	O
kao	O
hrvati	O
jer	O
to	O
i	O
jesu	O
.	O

prednost	O
života	O
u	O
gradu	O
:	O
možeš	O
oprat	NORM_1WORD
piđin	NORM_1WORD
šit	NORM_1WORD
s	O
auta	O
u	O
self-service	O
praonici	O
i	O
u	O
23	O
h.	O
nedostaci	O
života	O
u	O
gradu	O
:	O
piđin	NORM_1WORD
šit	NORM_1WORD
na	O
autu	O
.	O

e	O
moj	O
andrej	O
,	O
trebao	O
si	O
znati	O
-	O
don't	O
feed	O
the	O
troll	O
!	O

odmah	O
,	O
vakula	O
!	O

jesan	NORM_1WORD
li	O
ja	O
vec	NORM_1WORD
rekla	O
da	O
je	O
manđukic	NORM_1WORD
moj	O
idol	O
...	O

napravit	O
će	O
vel'ke	NORM_1WORD
stvari	O
...	O

netko	O
neka	O
lani	O
del	O
rey	O
objasni	O
da	O
su	O
joj	O
sve	O
pjesme	O
iste	O
.	O

znate	O
#onokad	O
vam	O
web	O
napiše	O
"	O
allow	O
cookie	O
"	O
...	O

šibeniče	O
pismo	NORM_1WORD
mila	O
,	O
maslino	O
neobrana	O
.	O

do	O
kraja	O
tjedna	O
uglavnom	O
sunčano	O
i	O
vruće	O
(	O
šansa	O
za	O
par	O
kapi	O
kiše	O
minimalna	O
)	O
.	O

ima	O
7.5	NORM_1WORD
mj	O

unda	NORM_1WORD
se	O
ljudi	O
žeste	O
i	O
pametuju	O
.	O

who	O
to	O
follow	O
kaže	O
jedno	O
ispod	O
drugog	O
:	O
croat	O
problems	O
!	O

bavim	O
se	O
šeldonizmima	O
:	O
kako	O
na	O
skrivenu	O
efi	O
particiju	O
na	O
ssd-u	O
pod	O
guid	O
formatiranjem	O
prebaciti	O
neslužbeni	O
boot	NORM_1WORD
s	O
mbr	O
diska	O
.	O

@josephbt	O
inace	NORM_1WORD
mi	O
je	O
krvava	O
ekipa	O
s	O
ovim	O
"	O
uber	O
"	O
snizenjima	NORM_1WORD
u	O
nokiji	O
.	O

eh	O
,	O
ti	O
londonđani	NORM_1WORD
!	O

nadamo	O
se	O
dogodine	O
da	O
stižu	O
u	O
naše	O
krajeve	O
;)	O

a	O
twitam	NORM_1WORD
na	O
engleskom	O
jer	O
,	O
well	O
,	O
zar	O
se	O
nikad	O
niste	O
osjećali	O
malo	O
glupo	O
?	O

karte	O
u	O
pretprodaji	O
možete	O
kupiti	O
u	O
dirty	O
old	O
shopu	O
,	O
25	O
kn	O
.	O

obavezno	O
štivo	O
!!!	O

ovo	O
nisam	O
još	O
čuo	O
,	O
ali	O
je	O
vjerojatno	O
dobro	O
.	O

svu	O
svoju	O
lipotu	NORM_1WORD
daje	O
suncu	O
i	O
moru	O
.	O

brate	O
ja	O
sam	O
iz	O
privlax	NORM_1WORD
,	O
pušin	NORM_1WORD
kupus	O
,	O
na	O
plaži	O
chillax	O
,	O
susjed	O
mi	O
je	O
dillax	O
,	O
more	O
isprid	NORM_1WORD
kuće	O
,	O
jebo	NORM_1WORD
fax	NORM_1WORD
.	O

soderberghov	O
zadnji	O
,	O
ali	O
nikako	O
i	O
najmanje	O
vrijedan	O
film	O
.	O

zar	O
to	O
nije	O
previse	NORM_1WORD
kao	O
na	O
lutriji	O
?	O

@marinkraljevic	O
negoduju	O
ljudi	O
jer	O
shvacaju	NORM_1WORD
da	O
to	O
malo	O
sad	O
je	O
mnogima	O
jedina	O
opcija	O
da	O
ista	NORM_1WORD
doma	O
donesu	O
.	O

tapkat	O
ćeš	O
već	O
danas	O
.	O

neam	NORM_1WORD
pojma	O
,	O
moram	O
razmislit	NORM_1WORD
.	O

ne	O
razumijem	O
.	O

http://t.co/ppwwiogza8	O
#orah	O
#vladarh	O
#politikarh	O

napustili	O
europu	O
i	O
zaposjeli	O
latinsku	O
ameriku	O
...	O

kuhamo	O
ih	O
skupa	O
pa	O
će	O
bit	NORM_1WORD
knedla	O
suprise	NORM_1WORD
party	O
kad	O
krenemo	O
om	O
nom	O
nonm	O
nom	O
nom	O

stvarno	O
nisam	O
mislio	O
da	O
usb	O
port	O
i	O
usb	O
kabel	O
mogu	O
kaos	O
uzrokovati	O
.	O

ja	O
bi	NORM_1WORD
da	O
on	O
sad	O
dođe	O
po	O
mene	O
i	O
da	O
se	O
njegovim	O
autom	O
vozimo	O
po	O
autoputu	O
cijelu	O
noć	O

whohack	O
hackathon	O
#3	O
:	O
osmisli	O
i	O
izradi	O
društveno	O
korisnu	O
...	O

ništa	O
nije	O
bolje	O
od	O
bernarde	O
koja	O
je	O
ciganki	O
kupila	O
hamburger	O
u	O
mcdonaldsu	O

ili	O
preciznije	O
,	O
već	O
par	O
dana	O
vidimo	O
eksploziju	O
-	O
a	O
star	O
in	O
our	O
galactic	O
neighbourhood	O
just	O
exploded	O
!	O

drž'te	NORM_1WORD
se	O
#karlovac	O
,	O
#sisak	O
,	O
#petrinja	O
,	O
#letovanić	O
,	O
#žažina	O
,	O
#staropračno	O
,	O
#koprivnica	O
i	O
svi	O
ostali	O
ugroženi	O
poplavama	O
!	O

navijači	O
,	O
kreirajte	O
ulazak	O
#medvjeda	O
u	O
novu	O
sezonu	O
!	O

bravo	O
!	O

muškarci	O
to	O
stječu	O
fizičkom	O
snagom	O
,	O
a	O
žene	O
društvenim	O
statusom	O
.	O

večeras	O
rođendansko	O
izdanje	O
good	O
vibrationsa	O
,	O
a	O
nastupaju	O
kryn	O
,	O
e.n.d.	O
i	O
talijanski	O
tystnaden	O
uz	O
dj	O
knežu	O
!	O

ok	O
,	O
tweetcaster	O
mi	O
je	O
potpuno	O
poludio	O
,	O
kaj	NORM_1WORD
drugo	O
u	O
današnje	O
doba	O
koristimo	O
na	O
'droidu	NORM_1WORD
za	O
twitter	O
?	O

kada	O
dobijem	O
na	O
eurojackpotu	O
,	O
kupujem	O
stan	O
u	O
zagrebu	O
,	O
parizu	O
,	O
reykjaviku	O
...	O

'	O
i	O
ti	O
voliš	O
sarmu	O
?	O

a	O
ni	O
za	O
talijanske	O
modne	O
magazine	O
.	O

muž	O
i	O
djete	NORM_1WORD
zapalili	O
sa	O
parsto	NORM_1WORD
milja	O
u	O
sša	O
.	O

..	O
ljubav	O
je	O
kad	O
ode	O
na	O
slavu	O
i	O
ostavi	O
otvoren	O
tviter	NORM_1WORD
nalog	O
,	O
a	O
ti	O
ne	O
zaviriš	O
u	O
dm	O
..	O
..	O
ili	O
je	O
to	O
glupost	O
,	O
sad	O
više	O
nisam	O
sigurna	O
..	O

skoro	O
san	NORM_1WORD
izaša	NORM_1WORD
vanka	O
ali	O
nisan	NORM_1WORD
da	O
mogu	O
ostat	NORM_1WORD
s	O
vama	O
twitat	NORM_1WORD
kako	O
islanđanka	O
izgleda	O
ko	NORM_1WORD
drvo	O
a	O
turkinja	O
ko	NORM_1WORD
atila	O
na	O
steoroidima	NORM_1WORD
.	O

ljudi	O
se	O
dijele	O
na	O
one	O
koji	O
u	O
paranoidu	O
cuju	NORM_1WORD
"	O
occupy	O
my	O
brain	O
"	O
i	O
one	O
koji	O
cuju	NORM_1WORD
"	O
thought	O
you	O
are	O
my	O
friend	O
"	O
.	O

plac	NORM_1WORD
:')	O

"	O
ha	O
ha	O
ha	O
ha	O
"	O
-	O
svemir	O
.	O

nešto	O
za	O
@aquaroom	O
:	O
@tidalhifi	O
donosi	O
lossless	O
streaming	O
http://t.co/qizctuvzml	O
(	O
via	O
@mrak	O
newsletter	O
)	O
.	O

ne	O
znam	O
,	O
ne	O
twittam	NORM_1WORD
toliko	O
jer	O
mi	O
je	O
twitter	O
manje	O
grafičan	O
,	O
da	O
bi	O
se	O
vidjela	O
fotka	O
mora	O
se	O
kliknut	NORM_1WORD
,	O
a	O
ja	O
u	O
zadnje	O
vrijeme	O
pričam	O
slikama	O
...	O

#bruka	O

ikad	O
.	O

http://t.co/y9yerurptt	O

tko	O
je	O
pretjerao	O
u	O
ovom	O
slučaju	O
,	O
majka	O
ili	O
facebook	O
?	O

smijem	O
joj	O
se	O
u	O
facu	O
malterisanu	O
.	O

i'm	O
not	O
asking	O
for	O
much	O
,	O
just	O
chips	O
.	O
"	O

srešćemo	NORM_1WORD
se	O
kadtad	NORM_1WORD
!	O

http://t.co/5hcaf38wsu	O
#teamfollowback	O
#tfb	O

dolazite	O
li	O
na	O
brunch	O
?	O

fun	O
fact	O
:	O
kad	O
u	O
pjesmi	O
cujem	NORM_1WORD
baby	O
,	O
girl	O
,	O
preacher	O
,	O
play	O
the	O
blues	O
i	O
slicne	NORM_1WORD
kliseje	NORM_1WORD
,	O
pjesmu	O
odmah	O
gasim	O
.	O

kada	O
nekome	O
od	O
nas	O
krene	O
krivo	O
,	O
nađemo	O
se	O
i	O
zapjevamo	O
"	O
konjuh	O
planinom	O
..	O
"	O
.	O

naglasak	O
i	O
guess	O
.	O

riskirala	O
sam	O
rak	O
kože	O
sunčanjem	O
,	O
a	O
sad	O
tu	O
boju	O
nemam	O
gdje	O
ni	O
pokazati	O
i	O
stalno	O
sam	O
u	O
dugim	O
rukavima	O
!	O

uživajte	O
!	O

@carr_	O
dobro	O
,	O
trud	O
i	O
rad	O
,	O
ali	O
i	O
doza	O
srece	NORM_1WORD
.	O

nakon	O
odgledanih	O
hrpu	O
filmova	O
danas	O
na	O
zgbdoxu	NORM_1WORD
čovjek	O
stvarno	O
može	O
biti	O
sretan	O
što	O
živi	O
u	O
hrvatskoj	O
.	O

mene	O
očito	O
ne	O
zanimaju	O
muškarci	O
.	O

gozpun	NORM_1WORD
imenjak	O
,	O
sorry	O
!	O

#jesen	O
:	O
iako	O
još	O
nije	O
službeno	O
potvrđeno	O
,	O
na	O
#novatv	O
bi	O
u	O
sklopu	O
jesenske	O
sheme	O
trebao	O
krenuti	O
glazbeni	O
show	O
'	O
tvoje	O
lice	O
zvuči	O
poznato	O
'	O
.	O

gračanica	O
:	O
planirana	O
je	O
obnova	O
4	O
kuće	O
,	O
a	O
sredstava	NORM_1WORD
za	O
obnovu	O
osigurana	O
su	O
iz	O
federalnog	O
fonda	O
za	O
pomoć	O
nastradalim	O
područjima	O

puce	NORM_1WORD
veza	O
!	O

najdrazim	NORM_1WORD
volonterima	O
programa	O
jahača	O
nade	O
,	O
napokon	O
su	O
stigle	O
uniforme	O
!	O

sjajna	O
asistencija	O
cleytona	O
za	O
pogodak	O
čopa	O
!	O

pozivamo	O
vas	O
na	O
kateheze	O
za	O
odrasle	O
,	O
danas	O
nakon	O
mise	O
.	O

a	O
tko	O
hoće	O
platiti	O
31	O
,	O
zašto	O
ne	O
?	O

nakon	O
20	O
+	O
uboda	O
koje	O
sam	O
zbrojila	O
komarci	O
mi	O
više	O
ne	O
mogu	O
ništa	O
nemam	O
straha	O
mogu	O
slobodno	O
gledati	O
smrti	O
u	O
oči	O

i	O
onda	O
joj	O
kazem	NORM_1WORD
,	O
znas	NORM_1WORD
sta	NORM_1WORD
ja	O
ocu	NORM_1WORD
,	O
ocu	NORM_1WORD
spavat	NORM_1WORD
.	O

evo	O
,	O
baš	O
smo	O
se	O
"	O
sreli	O
"	O
u	O
roses	O
fashion	O
outletu	O
.	O

podržavam	O
prosvjed	O
udruge	O
stopostotnih	O
hrv.	O
ratnih	O
vojnih	O
invalida	O
dr-a	O
jer	O
smatram	O
da	O
se	O
ministarstvo	O
sramotno	O
odnosi	O
prema	O
braniteljima	O
.	O

bajram	O
šerif	O
mubarek	O
olsun	O
!	O

nije	O
valjalo	O
ovo	O
,	O
ovaj	O
govor	O
bio	O
loš	O
,	O
nja	O
nja	O
nja	O
...	O

ili	O
smo	O
od	O
njega	O
preuzeli	O
ideju	O
?	O

laptop	O
se	O
prvo	O
spojio	O
na	O
susjedov	O
wireless	O
,	O
iako	O
sad	O
konačno	O
imam	O
internet	O
u	O
stanu	O
(	O
nakon	O
mjesec	O
dana	O
,	O
hvala	O
bnet	NORM_1WORD
)	O
.	O

nemojmi	NORM_1WORD
more	O
zvat	NORM_1WORD
voda	O
,	O
to	O
vriđa	NORM_1WORD
mene	O
i	O
moje	O
didove	NORM_1WORD
,	O
našin	NORM_1WORD
venamin	NORM_1WORD
teku	O
girice	O
,	O
ti	O
to	O
ne	O
razumiš	NORM_1WORD
!	O

jucer	NORM_1WORD
sam	O
oborio	O
svoj	O
osobni	O
rekord	O
u	O
broju	O
odrzanih	NORM_1WORD
sastanka	O
u	O
jednom	O
danu	O
,	O
odradio	O
sam	O
ih	O
5	O
.	O

za	O
150	O
k	O
evra	NORM_1WORD
po	O
sezoni	O
mogu	O
i	O
balegu	O
skupljat	NORM_1WORD
ako	O
treba	O
.	O

samo	O
sam	O
bregima	NORM_1WORD
dragim	O
obecal	NORM_1WORD
da	O
vrnul	NORM_1WORD
se	O
bum	NORM_1WORD
nazaj	NORM_1WORD
...	O

čini	O
se	O
da	O
ću	O
se	O
morati	O
umivati	O
nad	O
kadom	O
.	O

ne	O
shvacam	NORM_1WORD
vaznost	NORM_1WORD
hashtagova	O
#jer	O
#tko	O
#uopce	O
#klikne	O
#na	O
#svaki	O
#jebeni	O
#hashtag	O
#koji	O
#napisete	O
#u	O
#jednom	O
#tweetu	O

sjedimo	O
jucer	NORM_1WORD
u	O
kafiću	O
,	O
meni	O
ledene	O
ruke	O
i	O
primi	O
ih	O
on	O
i	O
pocne	NORM_1WORD
grijat	NORM_1WORD
i	O
kaze	NORM_1WORD
sad	O
je	O
meni	O
jasno	O
zasto	NORM_1WORD
si	O
stalno	O
u	O
krevetu	O
pod	O
dekicom	O
hihihi	NORM_1WORD

cijenim	O
rt	O
.	O

pod	O
zemljom	O
.	O

..	O
bolje	O
nisu	O
mogli	O
da	O
otjeraju	O
goste	O
#zalosno	O

melankolična	O
opuštenost	O
na	O
38	O
stupnjeva	O
celzijevih	O
.	O

ako	O
ste	O
u	O
blizini	O
,	O
navratite	O
..	O

excellent	O
****	O

kad	O
ti	O
se	O
ne	O
da	O
učit	NORM_1WORD
pa	O
sam	O
sebe	O
googlaš	O
i	O
otkriješ	O
da	O
u	O
du	O
ima	O
glazbenica	O
koja	O
je	O
tvoja	O
imenjakinja	O
i	O
prezimenjakinja	O
...	O

http://t.co/et6p5e9lbv	O
#omizio	O

srećom	O
tu	O
je	O
bih	O
i	O
neumska	O
granica	O
preko	O
koje	O
možeš	O
prevest	NORM_1WORD
i	O
mrtvu	O
babu	O
bez	O
papira	O
napunjenu	O
kokainom	O
.	O

ma	O
'ajte	NORM_1WORD
molim	O
vas	O
!	O

#sporijekužim	O
@thaumantis	O
@ppajdakovic	O

hrvatski	O
parovi	O
lezbijki	O
i	O
gejeva	O
u	O
medijima	O
ne	O
pokazuju	O
lice	O
.	O

javlja	O
mi	O
se	O
ženska	O
,	O
pita	O
imal'	NORM_1WORD
sutra	O
škole	O
pošto	O
pada	O
kiša	O
.	O

..	O
uzas	NORM_1WORD
zalosno	NORM_1WORD
je	O
sve	O
to	O

@princessmaja	O
dicaprio	O
nije	O
los	NORM_1WORD
,	O
ali	O
pittu	O
nije	O
do	O
koljena	O
.	O

#rainbow	O
#youtube	O

u	O
prodaji	O
je	O
57.	O
broj	O
vrgoračkih	O
novina	O
,	O
kojim	NORM_1WORD
smo	O
ušli	O
u	O
sedmu	O
godinu	O
izlaženja	O
.	O

mislim	O
da	O
ću	O
uspjeti	O
nešto	O
iskombinirati	O

bolje	O
ostarit	NORM_1WORD
sam	O
i	O
krepat	NORM_1WORD
nepokretan	O
nego	O
ostat	NORM_1WORD
takav	O
ležat	NORM_1WORD
dok	O
te	O
okolo	O
jebu	O
budale	O
kojima	O
ne	O
možeš	O
ništa	O
#srusisvemostovedokstignes	O

u	O
potretnom	NORM_1WORD
još	O
i	O
swyping	O
(	O
na	O
stock	O
tipkovnici	O
)	O
.	O

prijateljica	O
mi	O
proslijedila	O
dior	O
j'adore	O
od	O
100	O
ml	O
koji	O
je	O
dobila	O
i	O
ne	O
sviđa	O
joj	O
se	O
.	O

:	O
joshua	O
hill	O
,	O
u	O
jailbreak	O
zajednici	O
poznatiji	O
kao	O
posix	O
...	O

a	O
ja	O
bi	NORM_1WORD
ih	O
tamo	O
naganjao	O
...	O

prognoza	O
kaže	O
da	O
će	O
se	O
,	O
uz	O
jak	O
vjetar	O
,	O
početi	O
raditi	O
#mozart	O
.	O

ima	O
situacija	O
kada	O
sam	O
divan	O
,	O
krasan	O
i	O
susretlji	NORM_1WORD
....	O
u	O
drugim	O
situacijama	O
sam	O
profesionalan	O
...	O

ne	O
sjećam	O
se	O
kad	O
sam	O
gledala	O
koji	O
novi	O
film	O
na	O
našim	O
programima	O
:)	O

kad	O
dodju	NORM_1WORD
oni	O
dani	O
u	O
mjesecu	O
(	O
besparica	O
)	O
zna	O
se	O
na	O
cija	NORM_1WORD
vrata	O
se	O
treba	O
pokucat	NORM_1WORD
-	O
babina	O
!	O

onda	O
kuću	O
na	O
novom	O
zelandu	O
,	O
toscani	O
,	O
jugu	O
francuske	O
i	O
mislim	O
je	O
to	O
to	O
.	O

@esperansa_vulic	O
@onamateja	O
@ivana_culjak	O
trcimo	NORM_1WORD
i	O
rolamo	O
tu	O
i	O
tamo	O
,	O
al	NORM_1WORD
zato	O
cevape	NORM_1WORD
i	O
pljeskavice	O
nikad	O
ne	O
odbijamo	O

@littlebrooce	O
dragi	O
tomo	O
,	O
to	O
nas	O
nije	O
obeshrabrilo	O
:)	O

više	O
na	O
:	O
http://t.co/wszlws2gnd	O

prije	O
dva	O
,	O
tri	O
tjedna	O
sam	O
opet	O
počela	O
čitati	O
harry	O
potter	O
knjige	O
i	O
sad	O
kad	O
mi	O
je	O
preostala	O
još	O
sedma	O
ne	O
znam	O
šta	NORM_1WORD
ću	O
sa	O
sobom	O
kad	O
ju	O
dovršim	O
.	O

dugo	O
ju	O
nije	O
čitao	O
.	O

–	O
dave	O
trott	O
#blogomanija	O

twitter	O
mi	O
se	O
navečer	O
pretvori	O
u	O
timeline	O
zavijanja	O
i	O
oh-woe-is-me	O
.	O

@henleyreeeves	O
3	O
sata	O
se	O
pise	NORM_1WORD
i	O
jednostavno	O
mi	O
je	O
ocito	NORM_1WORD
pala	O
kocenteacija	NORM_1WORD
..	O
kronicno	NORM_1WORD
sam	O
neispavan	O
i	O
zivcan	NORM_1WORD
..	O
i	O
jos	NORM_1WORD
sad	O
ovo	O
-.+	O

još	O
jedna	O
zvučiistokaoipedesetdrugihformatreceptiranih	O
radio	O
postaja	O
.	O

#mojemišljenje	O

odmah	O
na	O
godisnji	NORM_1WORD
!	O

video	O
purports	O
to	O
show	O
british	O
aid	O
worker	O
slain	O
http://t.co/ms1wsgu14q	O

neka	O
.	O

držim	O
fige	O
da	O
bude	O
sretan	O
!	O

passengers	O
laud	O
new	O
trams	O
http://t.co/pg6bnwvcjp	O

subota	O
navecer	NORM_1WORD
provedena	O
u	O
skroz	O
praznom	O
restoranu	O
,	O
ne	O
brojimo	O
li	O
predsjednika	O
hsu-a	O
i	O
dva	O
pajdasa	NORM_1WORD
.	O

za	O
djecu	O
je	O
ali	O
ćeš	O
pogledati	O
:)	O

moram	O
se	O
počet	NORM_1WORD
kontrolirat	NORM_1WORD
kaj	NORM_1WORD
pišem	O
na	O
twitter	O
jer	O
inače	O
neću	O
više	O
nikad	O
do	O
kraja	O
života	O
poljubit	NORM_1WORD
ni	NORM_1WORD
curu	O
u	O
obraz	O

samo	O
nekoliko	O
minuta	O
nakon	O
što	O
je	O
@katyperry	O
objavila	O
datum	O
izlaska	O
singla	O
,	O
@ladygaga	O
na	O
twitteru	O
ponovno	O
objavljuje	O
kada	O
izlazi	O
applause	O

..	O
ki	NORM_1WORD
svako	O
misto	NORM_1WORD
sto	NORM_1WORD
ima	O
birc	O

ovaj	O
povetkin	O
stvarno	O
ima	O
veliko	O
srce	O
,	O
nagovjestio	NORM_1WORD
je	O
klicku	NORM_1WORD
probleme	O
,	O
izazvat	O
ce	NORM_1WORD
kontroverze	O
sljedecih	NORM_1WORD
dana	O
...	O

bora	O
je	O
potvrdio	O
.	O

nije	O
mi	O
jasno	O
,	O
jel	NORM_1WORD
htio	O
pobrat'	NORM_1WORD
lajkove	O
na	O
dijete	O
ili	O
sisu	O
?	O

kolovoz	O
u	O
zg	O
?	O

@balkanzg021	O
pošto	O
grčka	O
i	O
cipar	O
nisu	O
natjerali	O
eu	O
u	O
bankrot	O
,	O
morati	NORM_1WORD
će	O
on	O
odraditi	O
taj	O
težak	O
posao	O
.	O

koliko	O
seksualnih	O
insinuacija	O
u	O
jednoj	O
rečenici	O

"	O
nutelom	NORM_1WORD
ću	O
ti	O
namazati	O
taj	O
radoznali	O
nosić	O
"	O

od	O
repetitivne	O
playliste	O
,	O
izgrebanih	O
cda	NORM_1WORD
,	O
rezanja	O
pjesama	O
,	O
do	O
sve	O
iritantnijih	O
voditelja	O
.	O

osim	O
ako	O
si	O
šiptar	O
il	NORM_1WORD
tako	O
nešto	O
...	O

xd	O

sa	O
životom	O
treba	O
kao	O
sa	O
vinom	O
.	O

rezime	O
dana	O
:	O
igranje	O
na	O
turniru	O
zavrsilo	NORM_1WORD
osvajanjem	O
drugog	O
mjesta	O
...	O

kad	O
me	O
prošle	O
godine	O
ulovilo	O
in	O
flagranti	O
s	O
uskršnjim	O
zecom	O
,	O
poslalo	O
me	O
na	O
quality	O
assurance	O
kod	O
krampusa	O
.	O

upravo	O
sam	O
čula	O
novu	O
pjesmu	O
nives	O
celzijus	O
i	O
neizmjerno	O
me	O
zabavila	O
.	O

gledam	O
općenito	O
slike	O
koje	O
stavljaš	O
s	O
1020	O
-	O
odličan	O
prikaz	O
boja	O
-	O
bolji	O
nego	O
na	O
808.	O

primjetit	NORM_1WORD
cu	NORM_1WORD
da	O
sam	O
izmislila	O
neke	O
rijeci	NORM_1WORD
tipa	O
uz	O
ostalo	O
,	O
ne	O
znam	O
kakve	O
to	O
veze	O
ima	O
s	O
cim	NORM_1WORD
,	O
al	NORM_1WORD
bu	NORM_1WORD
ostalo	O
.	O

dokleeeee	NORM_1WORD
....	O
ae	O

bees	O
have	O
a	O
secret	O
life	O
we	O
don't	O
know	O
about	O
.	O

samo	O
puzanje	O
igra	O
.	O

ivi	O
g.	O
je	O
u	O
tom	O
filmu	O
ime	O
krele	O
-	O
jel	NORM_1WORD
marinković	O
smislio	O
to	O
prije	O
nego	O
je	O
krele	O
nastao	O
iz	O
slenga	O
za	O
"	O
kreten	O
"	O
?	O

90	O
'	O
+3	O
kraj	O
!	O

udobne	O
cipele	O
za	O
starčad	O
(	O
anatomija	O
,	O
ortopedija	O
i	O
to	O
)	O
zovu	O
se	O
mephisto	O
.	O

odnia	NORM_1WORD
san	NORM_1WORD
ga	O
tamo	O
di	NORM_1WORD
mu	O
je	O
misto	NORM_1WORD
,	O
triba	NORM_1WORD
mi	O
je	O
da	O
promućkan	NORM_1WORD
.	O

-	O
stranica	O
1	O
-	O
večernji.hr	O
http://t.co/soi7irvhhz	O
via	O
@vecernji_list	O

kako	O
netko	O
tko	O
nije	O
duhovan	O
i	O
izruguje	O
drugo	O
može	O
govoriti	O
da	O
je	O
pun	O
ljubavi	O
?	O

rt	O
@jutarnji	O
jadranka	O
kosor	O
:	O
'	O
pišem	O
bilješke	O
za	O
svoju	O
knjigu	O
u	O
kojoj	O
ću	O
otkriti	O
sve	O
'	O

marvin	O
gayeova	O
putovnica	O
iz	O
1964.	O
procijenjena	O
na	O
20	O
tisuća	O
dolara	O
http://t.co/yxzgajugev	O
#marvin_gaye	O
#putovnica	O

kakvi	O
su	O
to	O
kinezi	O
radili	O
te	O
balerinke	O
da	O
imaju	O
rupu	O
za	O
prste	O
?!	O

ako	O
bi	O
netko	O
otišao	O
pomoć	NORM_1WORD
civilima	O
u	O
gazi	O
bio	O
bi	O
proglašen	O
teroristom	O
i	O
moglo	O
bi	O
mu	O
se	O
sudit	NORM_1WORD
#pravda	O

;)))	O

umro	O
neil	O
armstrong	O
.	O

@kjukar	O
pa	O
o	O
tome	O
ti	O
i	O
govorim	O
.	O

do	O
iduće	O
godine	O
ćeš	O
i	O
s	O
nama	O
koji	O
put	O
na	O
tekmu	O

ict	O
business	O
|	O
passport	O
rasprodan	O
,	O
blackberry	O
i	O
dalje	O
u	O
velikim	O
gubicima	O
http://t.co/l2noibvepg	O
#ictbusiness	O

nadam	O
se	O
da	O
će	O
mu	O
presjesti	NORM_1WORD
.	O

u	O
ostalim	O
vijestima	O
:	O
na	O
tabletu	O
ne	O
mogu	O
rešetar	O
o.o	O

upravo	O
pročitao	O
#readyplayerone	O
.	O

krećemo	O
za	O
slavoniju	O
!	O

#onokad	O
prođeš	O
pol	O
grada	O
poslije	O
posla	O
da	O
bi	O
ti	O
na	O
mjestu	O
rekli	O
da	O
trebas	NORM_1WORD
neki	O
papir	O
koji	O
su	O
ti	O
mogli	O
prije	O
sveg	NORM_1WORD
tog	O
sranja	O
reci	NORM_1WORD
da	O
trebas	NORM_1WORD

muž	O
,	O
ljubavnik	O
,	O
djeca	O
,	O
majka	O
,	O
svekrva	O
,	O
susjeda	O
...	O

ali	O
sam	O
je	O
stavija	NORM_1WORD
u	O
postelju	O
spavat	NORM_1WORD
.	O

imam	O
taj	O
super	O
gmail	O
add	NORM_1WORD
koji	O
mi	O
pop	NORM_1WORD
kada	O
netko	O
čita	O
mejl	NORM_1WORD
.	O

kapa	O
dole	NORM_1WORD
čičica	O
!	O

vjerujem	O
da	O
brak	O
nije	O
između	O
muškarca	O
i	O
žene	O
,	O
već	O
između	O
ljubavi	O
i	O
ljubavi	O
.	O

jel	NORM_1WORD
saša	O
matić	O
koristi	O
izraz	O
kad	O
se	O
dogovara	O
za	O
nesto	NORM_1WORD
-	O
brate	O
ne	O
znam	O
sad	O
,	O
ajde	NORM_1WORD
videt	NORM_1WORD
cemo	NORM_1WORD
ne	O
,	O
jel	NORM_1WORD
?	O

melanija	O
pilaj	O
/	O
zgportal	O
djevojka	O
mjeseca	O
/	O
http://t.co/ccl8y1omws	O
#girlofthemonth	O
#djevojkamjeseca	O
#melanijapilaj	O
#zgportal	O
#zagreb	O

guys	O
,	O
really	O
?	O

tjedan	O
dana	O
želučane	O
viroze	O
je	O
bilo	O
dovoljno	O
da	O
suočen	O
sa	O
vlastitom	O
smrtnosti	O
prestanem	O
pit	NORM_1WORD
evo	O
već	O
11.	O
dan	O
.	O

http://t.co/o5rrf8rx	O
#civilnodrustvo	O
#rekom	O
#politika	O
#rat	O
#tranzicijskapravda	O
#balkan	O
#ex-yu	O
#zrtve	O
#nestali	O

ne	O
znam	O
.	O

#medvjedi	O
su	O
pobijedili	O
@metallurgnk	O
5:2	O
i	O
osvojili	O
turnir	O
u	O
biasci	O
!	O

volim	O
ovu	O
uru	O
,	O
sve	O
je	O
tiho	O
,	O
misli	O
lutaju	O
,	O
nema	O
obaveza	O
,	O
samo	O
knjiga	O
uz	O
mene	O
,	O
tv	O
sa	O
serijama	O
,	O
ipad	O
sa	O
svime	NORM_1WORD
ostalime	O
,	O
što	O
ćemo	O
noćas	O
vanja	O
?	O

uživajte	O
u	O
ovoj	O
glazbenoj	O
večeri	O
koja	O
počinje	O
u	O
19:30	O
u	O
dvorani	O
...	O

svi	O
nešto	O
viču	O
!	O

i'll	O
always	O
have	O
christmas	O
.	O

profesorica	O
strpljivo	O
odgovara	O
:	O
mjesec	O
,	O
sunce	O
moje	O
.	O

perv.	O
2.	O

mark	O
my	O
words	O
...	O

nominirani	O
@porinhr	O
hit	O
:	O
@elementalbend	O
@parnivaljak	O
@silentelive	O
@jelenarozga	O
@hladnopivo1987	O
#massimo	O
#thompson	O
#psihomodo	O
#bebek	O
#mejaši	O

samo	O
vodi	O
trudnoće	O
.	O

meni	O
to	O
kao	O
fotkanje	O
s	O
lopatom	O
.	O

današnjom	O
svetkovinom	O
završava	O
vazmeno	O
vrijeme	O
crkvene	O
liturgijske	O
godine	O
,	O
te	O
se	O
nastavlja	O
vrijeme	O
kroz	O
godinu	O
.	O

jovanović	O
odbio	O
izbor	O
marije	O
budimir	O
iako	O
je	O
pobijedila	O
na	O
natječaju	O
!	O

#medvjedi	O
posljednje	O
2	O
utakmice	O
pred	O
novu	O
#khl	O
sezonu	O
igraju	O
idući	O
tjedan	O
protiv	O
starog	O
rivala	O
@ec_kac	O
#medvescak	O

http://t.co/xak5gisskw	O

valentinovo	O
,	O
dan	O
zaljubljenih	O
u	O
milku	O
.	O

@kjukar	O
šteta	O
što	O
ne	O
zna	O
...	O

najnoviji	O
ulet	O
"	O
zivjo	O
,	O
vem	O
da	O
mleko	O
pomaga	O
pri	O
lepoti	O
,	O
sam	O
hudica	O
,	O
kok	O
si	O
ga	O
pa	O
ti	O
spila	O
?	O

trkačka	O
matematika	O
:	O
zadano	O
je	O
8	O
km	O
.	O

znate	O
kaj	NORM_1WORD
?	O

danas	O
sam	O
pribacija	NORM_1WORD
45	O
karijola	O
đubreta	O
.	O

vise	NORM_1WORD
ne	O
znas	NORM_1WORD
cemu	NORM_1WORD

danas	O
9.	O
smotra	O
vina	O
istočne	O
istre	O
-	O
skitača	O
http://t.co/zyk4dpzgzw	O

evo	O
vam	O
jedan	O
pozitivan	O
tweet	O
da	O
mi	O
fejvate	NORM_1WORD
kao	O
podršku	O
u	O
borbi	O
protiv	O
zločestih	O
doktora	O
i	O
zločeste	O
države	O

@sorazg	O
@tportal	O
nije	O
to	O
stav	O
crkve	O
,	O
to	O
je	O
stav	O
urednika	O
glasa	O
koncila	O
.	O

danas	O
je	O
dan	O
ujedinjenih	O
naroda	O
.	O

odakle	O
dolaziš	O
ljepotice	O
nikad	O
nisam	O
vidio	O
takvo	O
lice	O

;-)	O

tko	O
god	O
dođe	O
na	O
vlast	O
,	O
morat	O
će	O
prodati	O
i	O
autoceste	O
i	O
hpb	O
i	O
co	O
i	O
sve	O
što	O
je	O
ostalo	O
,	O
prije	O
ili	O
kasnije	O
,	O
ali	O
ne	O
zbog	O
krpanja	O
proračuna	O

druga	O
u	O
13:30	O
protiv	O
ekipe	O
trsata	O
iz	O
rijeke	O
.	O

upoznala	O
divne	O
ljude	O
.	O

potpisujem	O

xd	O

@matijakapic	O
idemo	O
na	O
otok	O
langkawi	O
da	O
se	O
malo	O
odmorimo	O
,	O
a	O
zadnji	O
dan	O
smo	O
u	O
kuala	O
lumpuru	O
,	O
to	O
je	O
3.	O
ili	O
4.8.	O

trebao	O
sam	O
reći	O
da	O
idem	O
na	O
utakmicu	O
....	O
#samodreka	O

nekada	O
su	O
se	O
ljudi	O
borili	O
za	O
sebe	O
...	O

@sbsuzana	O
pogledam	O
tviter	NORM_1WORD
nakon	O
xy	O
mjeseci	O
i	O
prvi	O
tvit	O
koji	O
vidim	O
je	O
o	O
"	O
utjecajnoscu	NORM_1WORD
"	O
.	O

if	O
this	O
isn't	O
paralel	O
universe	O
,	O
onda	O
ne	O
znam	O
kaj	NORM_1WORD
je	O
!	O

šta	NORM_1WORD
ovo	O
mene	O
neka	O
gej	O
hejterčina	O
(	O
s	O
rječju	NORM_1WORD
"	O
hejterčina	O
"	O
u	O
imenu	O
)	O
otpratila	O
kad	O
sam	O
ja	O
hejtala	O
,	O
koji	O
kurac	O

#sarkazam	O

da	O
da	O
yada	O
yada	O
,	O
moš'	NORM_1WORD
mislit'	NORM_1WORD
...	O

-	O
dnevnik.hr	O
http://t.co/1hojpdwss2	O
via	O
@dnevnikhr	O

#harrypotter	O
"	O

otkriven	O
datum	O
održavanja	O
najvećeg	O
regionalnog	O
sajma	O
videogara	NORM_1WORD
,	O
više	O
na	O
http://t.co/cqokax8zxd	O
#rebootinfogamer2014	O
#rebootinfogamer	O

dođite	O
na	O
dors	O
/	O
cluc	O
2012	O
i	O
predstavljanje	O
sponzora	O
crossvallia	NORM_1WORD
i	O
njihovu	O
potražnju	O
za	O
linuxašima	O
!	O

#greenlantern	O
.	O
”	O

1.	O
nisu	O
svi	O
ljudi	O
mog	O
mišljenja	O
.	O

fuckable	O
,	O
nontheless	NORM_1WORD
“	O
@miamlikota	O
:	O
isse	NORM_1WORD
,	O
ova	O
blake	O
lively	O
unistava	NORM_1WORD
cijeli	O
film	O
.	O

ono	O
,	O
u	O
12ak	NORM_1WORD
minuta	O
po	O
10	O
-	O
15	O
brzih	O
poena	O
,	O
kad	O
triba	NORM_1WORD
.	O

imam	O
još	O
nakupljenih	O
slobodnih	O
dana	O
pa	O
neće	O
biti	O
problem	O
;)	O

protestno	O
pismo	O
povodom	O
smjene	O
savjetnika	O
za	O
medije	O
milana	O
f.	O
živkovića	O
:	O
portal	O
slobodni	O
filozofski	O
pridru	O
...	O

@dnevnikhr	O
za	O
5	O
godina	O
biti	NORM_1WORD
cemo	NORM_1WORD
ground	O
zero	O
...	O

dat	O
ću	O
sve	O
od	O
sebe	O
da	O
ove	O
blagdane	O
uvjerim	O
roditelje	O
da	O
ne	O
kupujemo	O
jela	O
i	O
pića	O
drugačija	O
od	O
svakodnevnih	O
.	O

malo	O
novosti	O
iz	O
svijeta	O
#facebook	O
ads	O
manager-a	NORM_1WORD
.	O

@velimish	O
ako	O
te	O
put	O
neku	O
srijedu	O
nanese	O
u	O
zagreb	O
u	O
pred	NORM_1WORD
satima	O
je	O
open	O
mat	O
u	O
klubu	O
pa	O
si	O
dobro	NORM_1WORD

#ne	O

@obrothermusic	O
and	O
mike	O
sapone	O
made	O
a	O
record	O
together	O
.	O

@pampershr	O
prečesto	O
,	O
sad	O
kad	O
razmislim	O
...	O

preuzmi	O
"	O
kerempuh	O
"	O
mobilnu	O
aplikaciju	O
i	O
osvoji	O
ulaznice	O
.	O

let	O
bio	O
težak	O
.	O

volite	O
i	O
budite	O
voljeni	O
!	O

tata	O
je	O
bio	O
u	O
pravu	O
.	O

veće	O
plaće	O
za	O
milijun	O
zaposlenih	O
-	O
#dnevniknovetv	O
donosi	O
izračun	O
koliko	O
će	O
plaće	O
rasti	O
nakon	O
porezne	O
reforme	O
.	O

ljude	O
najmanje	O
zanimaju	O
tekstovi	O
koji	O
zagovaraju	O
zdrav	O
razum	O
,	O
smirivanje	O
strasti	O
i	O
kritičko	O
mišljenje	O
.	O

čovjek	O
bi	O
trebao	O
napraviti	O
nešto	O
i	O
stvarno	O
podići	O
tužbu	O
.	O

@smaug360	O
eto	O
ti	O
u	O
kakva	O
sve	O
sranja	O
upadamo	O
samo	O
zato	O
što	O
student	O
ne	O
može	O
imati	O
normalnu	O
zdravstvenu	O
brigu	O
u	O
mjestu	O
studiranja	O
:(	O

)	O
snimke	O
ispitivanja	O
slobodna	NORM_1WORD
ljubičića	O
i	O
petra	O
pripuza	O
televiziji	O
n1	O
.	O

budući	O
da	O
se	O
klinci	O
međusobno	O
vrijeđaju	O
sa	O
"	O
yo	NORM_1WORD
mamma	O
is	O
so	O
...	O
"	O
uvredama	O
,	O
jel	NORM_1WORD
se	O
onda	O
i	O
mame	O
vrijeđaju	O
sa	O
"	O
yo	NORM_1WORD
son	O
is	O
so	O
...	O
"	O
uvredama	O
?	O

prije	O
bi	NORM_1WORD
stigao	O
na	O
jupiter	O
nego	O
na	O
sam	O
kraj	O
azije	O
..	O

kvarnerska	O
filijala	O
izgubila	O
u	O
belgiji	O
.	O

svoje	O
pakete	O
možete	O
donijeti	O
od	O
17	O
-	O
20	O
h	O
u	O
naš	O
pc	O
!	O

zato	O
suzdržite	O
se	O
...	O

iako	O
sam	O
na	O
androidu	O
,	O
stvarno	O
se	O
nadam	O
se	O
da	O
će	O
apple	O
predstavit	NORM_1WORD
nekaj	NORM_1WORD
uber	O
dobro	O
(	O
ala	O
iphone	O
4	O
)	O
.	O

..	O
:)	O

samo	O
nam	O
je	O
još	O
to	O
nedostajalo	O
.	O

flight	O
.	O

a	O
sada	O
odoh	O
u	O
miru	O
održati	O
prva	O
dva	O
mikropoučavanja	O
s	O
trećašima	O
.	O

pitchfork	O
stage	O
pobjeđuje	O
ove	O
godine	O
.	O

udomljavanje	O
je	O
fora	O
:	O
-	O
prvi	O
put	O
simultana	O
akcija	O
u	O
dva	O
grada	O
:	O
zagreb	O
i	O
osijek	O
traže	O
udomitelje	O
za	O
roka	O
,	O
terčiku	O
i	O
ostale	O
pse	O
!	O

"	O
što	O
te	O
nema	O
"	O
via	O
branimir	O
štulić	O
,	O
ekskluzivno	O
!	O

mozda	NORM_1WORD
mu	O
je	O
program	O
timski	O
rad	O
.	O

kuham	O
u	O
boksericama	O
,	O
solo	O
doma	O
,	O
pa	O
ak	NORM_1WORD
to	O
nije	O
sexy	O
!	O

@zriha	O
stari	O
daj	O
javi	O
čega	O
najviše	O
fali	O
...	O

šta	NORM_1WORD
si	O
radio	O
u	O
ratu	O
,	O
tata	O
?!	O

danas	O
počinje	O
18.	O
po	O
redu	O
međunarodni	O
festival	O
lepoglavske	O
pičke	O
,	O
a	O
ovogodišnja	O
tema	O
festivala	O
je	O
„	O
pička	O
i	O
nakit	O
“	O
.	O

#mojabernarda	O

alkosi	O
teturaju	O
po	O
cesti	O
.	O

svaka	O
dva	O
dana	O
mi	O
vade	O
iz	O
žile	O
(	O
koje	O
su	O
već	O
uništene	O
od	O
bockanja	O
)	O
.	O

ne	O
znam	O
gdje	O
nestaju	O
.	O

jedina	O
dobra	O
utakmica	O
je	O
bila	O
vs	O
osijek	O

@zekaem	O

ja	O
nezz	NORM_1WORD
:)	O

u	O
subotu	O
,	O
14.	O
lipnja	O
,	O
hodočastimo	O
na	O
trsat	O
.	O

..	O
smijem	O
sad	O
bar	O
jednu	O
?	O

življenje	O
po	O
isusovom	O
zakonu	O
ima	O
nerijetko	O
rezultat	O
dijeljenja	O
,	O
jer	O
dobro	O
i	O
zlo	O
ne	O
mogu	O
biti	O
jedno	O
uz	O
drugo	O
.	O

25	O
igrača	O
od	O
mogućih	O
256.	O

isneru	O
ne	O
trebaju	O
reketi	O
,	O
dovoljno	O
je	O
da	O
maše	O
livo-desno	NORM_1WORD
super-ručetinama	NORM_1WORD
.	O

a	O
u	O
budget	O
varijanti	O
swarovski	O
kristalima	O
...	O

prišao	O
mi	O
je	O
izgovarajuci	NORM_1WORD
stihove	O
"	O
i	O
don't	O
wanna	NORM_2WORD
miss	O
a	O
thing	O
"	O

zene	NORM_1WORD
snimaju	O
i	O
ganjaju	O
muske	NORM_1WORD
.	O

bože	O
uskrsnuća	O
,	O
ne	O
razum	O
nego	O
jedino	O
ljubav	O
spoznaje	O
da	O
je	O
prazni	O
gorb	NORM_1WORD
svjedok	O
uskrsnuća	O
tvojega	O
sina	O
.	O

mislim	O
,	O
možda	O
bi	O
to	O
prihvatio	O
objavit	NORM_1WORD
neki	O
ngo	O
?	O

kad	O
mi	O
netko	O
retvita	NORM_1WORD
7	O
dana	O
star	O
tvit	O
,	O
okrecem	NORM_1WORD
se	O
oko	O
sebe	O
,	O
provjeravam	O
zakljucanost	NORM_1WORD
vrata	O
i	O
brisem	NORM_1WORD
browsing	O
history	O

#kisa	O
#vrijeme	O
#prognoza	O

al	NORM_1WORD
znam	O
lika	O
kojeg	O
zovu	O
vepar	O
pa	O
jedino	O
tako	O
:)	O

:	O
http://t.co/zlt38zti	O
via	O
@youtube	O

ignoriram	O
ju	O
od	O
sad	O
pa	O
nadalje	O

@anarogina	O
@ninocosic	O
@zlatarodin	O
@damirkorpar	O
@nenadandrakovic	O
@kkoloska	O
ja	O
sam	O
za	O
za	O
onaj	O
termin	O
.	O

em	O
je	O
kriza	O
em	O
nismo	O
dovoljno	O
pametni	O
da	O
sami	O
izradimo	O
oružije	NORM_1WORD

najgore	O
od	O
svega	O
je	O
što	O
ne	O
znamo	O
cijeniti	O
ono	O
normalno	O
,	O
svakodnevno	O
,	O
sve	O
dok	O
ne	O
ostanemo	O
bez	O
njega	O
.	O

ali	O
sutra	O
...	O

roditelji	O
su	O
u	O
fazonu	O
'	O
you	O
know	O
my	O
name	O
but	O
not	O
my	O
story	O
'	O
kada	O
ih	O
upitaš	O
nešto	O
o	O
njihovoj	O
mladosti	O
.	O

sretan	O
i	O
blagoslovljen	O
božić	O
želi	O
vam	O
klub	O
navijača	O
real	O
madrid	O
hrvatska	O
!	O

@nos_kos	O
a	O
dobro	O
...	O

početak	O
u	O
20:30	O
u	O
vintageu	O
!	O

@pearsawfly	O
samo	O
tako	O
?	O

kad	O
smo	O
već	O
kod	O
fenomenâ	O
...	O

#istra	O
#flat	O
#duo	O
#brzo	O

kuhanje	O
,	O
masaža	O
,	O
sex	NORM_1WORD
...	O

ryan	O
gosling	O
ima	O
filmove	O
i	O
karizmu	O
brada	O
.	O

really	O
?	O

call	O
me	O
a	O
geek	O
,	O
ali	O
kad	O
god	O
odem	O
u	O
inozemstvo	O
,	O
obavezno	O
moram	O
posjetiti	O
prirodoslovni	O
muzej	O
u	O
datom	O
gradu	O
.	O

(	O
o.k.	O
utješite	O
se	O
vinterbergovim	O
"	O
lovom	O
"	O
)	O

predivan	O
dokumentarac	O
na	O
hbo	O
-	O
"	O
isprika	O
slonovima	O
"	O
.	O

pa	O
ipak	O
smo	O
odradile	O
i	O
kvaitetno	NORM_1WORD
druzenje	NORM_1WORD
i	O
kvalitetnu	O
setnju	NORM_1WORD
danas	O
.	O

...	O
ti	O
znam	O
čak	O
i	O
moje	O
plašiš	O
se	O
blizine	O
...	O

hvala	O
svima	O
na	O
pripremi	O
,	O
sudjelovanju	O
i	O
dolasku	O
.	O

gamadi	O
lopovska	O
...	O

https://t.co/pvjxsjvshl	O
@drca07	O
ne	O
znam	O
za	O
tebe	O
ali	O
ja	O
sam	O
gace	NORM_1WORD
isao	NORM_1WORD
mijenjati	O
tamo	O
oko	O
39/40	O
sekunde	O

:)	O

http://t.co/nsx74pkeiu	O
zagrebački	O
zoološki	O
vrt	O
od	O
ove	O
će	O
subote	O
biti	O
obogaćen	O
bundevama	O
#zagreb	O
#zoloskivrt	O

oh	O
wait	O
,	O
that's	O
me	O
,	O
osim	O
onog	O
"	O
penzić	O
"	O
dijela	O
.	O

vraćamo	O
se	O
za	O
tjedan	O
dana	O
.	O

ako	O
se	O
na	O
jesen	O
pod	O
hitno	O
ne	O
pojavi	O
neki	O
novi	O
supernajsmrtonosniji	O
virus	O
,	O
bojim	O
se	O
da	O
će	O
redakcije	O
otić	NORM_1WORD
u	O
predstečajnu	O
nagodbu	O
!	O

:(	O

oni	O
su	O
na	O
šejtanovoj	O
strani	O
,	O
a	O
onī	NORM_1WORD
na	O
šejtanovoj	O
strani	O
će	O
,	O
sigurno	O
,	O
nastradati	O
.	O

u	O
samo	O
24	O
sata	O
napravljeno	O
4	O
milijuna	O
predbilježbi	O
za	O
#iphone6	O
i	O
#iphone6plus	O
http://t.co/z16npbwtfh	O
#ictbusiness	O
#iphone6preorder	O

oni	O
ne	O
mogu	O
zaposliti	O
mladu	O
osobu	O
za	O
plaću	O
-	O
pripravnika	O
?	O

http://t.co/byiq2gie7w	O
#n1info	O

-	O
zašto	O
ne	O
vjeruješ	O
?	O

sa	O
oduševljenjem	O
smo	O
prihvatili	O
sve	O
najgore	O
od	O
kapitalizma	O
.	O

uvijek	O
zaboravim	O
kako	O
se	O
zove	O
...	O

otkako	O
je	O
počela	O
školska	O
godina	O
ja	O
ni	O
jedan	O
jedini	O
put	O
nisam	O
otišla	O
u	O
školu	O
sa	O
svim	O
potrebnim	O
stvarima	O
za	O
taj	O
dan	O

brzo	O
do	O
najbližeg	O
dućana	O
i	O
uživajte	O
u	O
doručku	O
:)	O

mačak	O
se	O
nadurio	O
jer	O
ga	O
više	O
nismo	O
pustili	O
u	O
dvorište	O
jer	O
je	O
sunce	O
zapeklo	O
.	O

jana	O
,	O
voda	O
s	O
porukom	O
paulo	NORM_1WORD
coelha	O
-	O
jer	O
vodu	O
ne	O
moš'	NORM_1WORD
više	O
pit	NORM_1WORD
iz	O
(	O
nedajbog	NORM_1WORD
)	O
špine	O
ili	O
ak	NORM_1WORD
ti	O
netko	O
ne	O
kaze	NORM_1WORD
neku	O
mudru	O
o	O
zivotu	NORM_1WORD
#seremise	O

nešto	O
mi	O
štekaus	NORM_1WORD
ovi	O
windowsi	O
(	O
penđeri	NORM_1WORD
)	O
,	O
morat	O
ću	O
ih	O
ponovo	O
instalirat	NORM_1WORD
,	O
i	O
tako	O
nis	NORM_1WORD
leto	NORM_1WORD
dan	O
već	O
....	O

#neilyoung	O
-	O
"	O
live	O
npmsn	O
npmsn	O
npmsn	O
npmsn	O
"	O
,	O
live	O
album	O
sa	O
šest	O
koncerata	O
održanih	O
u	O
washingtonskom	O
klubu	O
1970.	O
godine	O
http://t.co/n55oqixro4	O
#np	O

potrosila	NORM_1WORD
sam	O
masu	O
para	O
na	O
mobitelu	O
na	O
mms-ove	O
rodbini	O
,	O
a	O
na	O
kraju	O
nitko	O
ne	O
moze	NORM_1WORD
primit	NORM_1WORD
mms	O
.	O

nist	NORM_1WORD
...	O

@hrvoje_ri	O
bio	O
sam	O
u	O
italiji	O
neki	O
dan	O
i	O
sve	O
sto	NORM_1WORD
smo	O
kupili	O
je	O
ista	O
cijena	O
tako	O
da	O
smo	O
profitirali	O
jer	O
je	O
put	O
do	O
villesse	O
jeftiniji	O
:)	O

zašto	O
izmišljate	O
riječi	O
za	O
pičku	O
?	O

@ddakki	O
ma	O
nijeeeee	NORM_1WORD
dražene	O
za	O
k...	O

jane's	O
addiction	O
objavili	O
novi	O
singl	O
-	O
"	O
another	O
soulmate	O
"	O
,	O
poslušajte	O
ga	O
na	O
deezeru	O
!	O

rt	O
@mornarka	O
:	O
hladnjikavo	O
jutro	O
.	O

ako	O
ti	O
se	O
neda	NORM_1WORD
samnom	NORM_1WORD
vidjet	NORM_1WORD
,	O
nemoj	O
rec	NORM_1WORD
umoran	O
sam	O
,	O
nego	O
reci	O
neda	NORM_1WORD
mi	O
se	O
.	O

-	O
oću	NORM_1WORD
-	O
ajd	NORM_1WORD
diž'	NORM_1WORD
se	O
i	O
pleši	O
,	O
pusti	O
mene	O
da	O
sjednem	O
.	O

još	O
malo	O
i	O
mogao	O
bi	O
mi	O
biti	O
primarni	O
uredaj	NORM_1WORD

#nezavisninačelnici	O
i	O
#medijskahisterija	O

obecanje	NORM_1WORD
je	O
obecanje	NORM_1WORD
#kadvecmoram	O
;)))	O

ali	O
ovdje	O
si	O

škole	O
,	O
ako	O
već	O
niste	O
,	O
izradite	O
i	O
vi	O
svoju	O
sigurnosnu	O
politiku	O
-	O
https://t.co/1llgq6ckal	O
#elacd12	O
#sigurnost	O
#ict	O
#ikt	O

nakon	O
sto	O
godina	O
idem	O
večeras	O
vanka	O
,	O
"	O
u	O
štetu	O
"	O
.	O

:-)	O

konačno	O
izašao	O
cydia	O
mobile	O
substrate	O
za	O
ios	O
7	O
!	O

nema	O
drugog	O
objašnjenja	O
za	O
ovo	O
"	O
xy	O
accepted	O
your	O
friend	O
request	O
"	O

dobar	O
dokumentarac	O
o	O
shakespeareu	O
na	O
hrtu	NORM_1WORD
.	O

pri	O
polijetanju	O
odvojio	O
mi	O
se	O
držač	O
za	O
glavu	O
.	O

republika	O
hrvatska	O
,	O
državna	O
uprava	O
za	O
zaštitu	O
i	O
spašavanje	O
:	O
angažirani	O
vatrogasci	O
http://t.co/jqzuhadtw6	O
via	O
@duzs_hr	O

upalim	O
laptop	O
kako	O
bi	NORM_1WORD
poslao	O
mail	O
,	O
kad	O
ono	O
...	O

popov	O
toranj	O
sagraden	NORM_1WORD
u	O
13.	O
st.	O
kao	O
dio	O
obrambenih	O
zidina	O
oko	O
gradeca	O
u	O
vrijeme	O
turskih	O
napada	O
,	O
u	O
17.	O
stoljecu	NORM_1WORD
#zagrebfacts	O

znate	O
zasto	NORM_1WORD
jer	O
opet	O
krece	NORM_1WORD
kupovanje	O
u	O
italiji	O
ali	O
sad	O
bez	O
kontrole	O
;)	O

kaj	O
su	O
svi	O
popušili	O
virus	O
koji	O
s	O
njihovog	O
gmaila	O
šalje	O
mailove	O
ljudima	O
iz	O
addressbooka	O
sa	O
subjectom	O
"	O
re	O
:	O
notice	O
file	O
.	O
"	O
?	O

“	O
@borisradosevic	O
:	O
jenu	NORM_1WORD
biru	O
,	O
dve	NORM_1WORD
biri	O
,	O
tri	O
biri	O
ću	O
ja	O
popit	NORM_1WORD
...	O

internet	O
novinarstvo	O
je	O
konačno	O
ošlo	NORM_1WORD
kvragu	O
!	O

političari	O
sa	O
balkana	O
to	O
ne	O
znaju	O
pa	O
seru	O
gdje	O
stignu	O
.	O

još	O
malo	O
:)	O
!	O

a	O
kako	O
srbija	O
danas	O
izgleda	O
vidimo	O
na	O
suđenju	O
za	O
genocid	O
u	O
haagu	O
,	O
još	O
su	O
luđi	O
neg	NORM_1WORD

http://t.co/zcfailrtdf	O

njegova	O
taktika	O
.	O

za	O
seriju	O
"	O
kako	O
od	O
vrha	O
do	O
dna	O
u	O
7	O
godina	O
"	O
.	O

danas	O
-	O
let's	O
dance	O
!	O

jel'	NORM_1WORD
izraz	O
'	O
mauna	O
'	O
as	O
in	O
'	O
mahuna	O
'	O
as	O
in	O
'	O
kako	O
da	O
ne	O
'	O
,	O
nešto	O
što	O
je	O
u	O
cijeloj	O
rh	O
poznato	O
i	O
u	O
upotrebi	O
?	O

fuck	O
off	O
pametnjakovići	O
...	O

istra	O
-	O
#dinamo	O
1:2	O
#istradinamo	O
#gnkdinamo	O
#maxtvprvaliga	O

grass	O
is	O
always	O
greener	O
.	O

zenska	NORM_1WORD
je	O
izjavila	O
da	O
na	O
svon	NORM_1WORD
piru	O
nece	NORM_1WORD
zapalit	NORM_1WORD
jer	O
joj	O
to	O
glupo	O
izgleda	O
,	O
a	O
trudnica	O
u	O
biloj	NORM_1WORD
vincanici	NORM_1WORD
ne	O
.	O

dok	O
se	O
drugi	O
toksiraju	O
,	O
ja	O
sam	O
na	O
detoksikaciji	O
.	O

crkva	O
:	O
"	O
...	O
i	O
kazniti	O
sve	O
koji	O
nas	O
optužuju	O
za	O
naše	O
nazadne	O
izjave	O
(	O
i	O
nazadnost	O
uopće	O
)	O
.	O
"	O

ova	O
bol	O
koju	O
godina	O
čuvam	O
u	O
sebi	O
me	O
ždere	O
!	O

rt	O
"	O
@bmarasovic	O
di	NORM_1WORD
je	O
,	O
što	O
radi	O
bob	O
sinclar	NORM_1WORD
?	O
"	O

"	O
vjerujem	O
u	O
hrvatsku	O
-	O
konzum	O
"	O

ovo	O
mi	O
je	O
totalno	O
pointless	O
.	O

hrvatska	O
demokratska	O
zajednica	O
.	O

jel	NORM_1WORD
netko	O
napravio	O
update	O
iphone	O
4	O
na	O
ios	O
7	O
?	O

lipe	NORM_1WORD
su	O
masline	O
.	O

u	O
emisiji	O
govornica	O
na	O
4.	O
programu	O
hrt-a	O
,	O
u	O
20.20	O
sati	O
gostovat	O
će	O
nova	O
predstojnica	O
unicef-a	O
za	O
hrvatsku	O
valentina	O
otmačić	O
.	O

a	O
baš	O
je	O
netko	O
nedavno	O
tvitao	O
o	O
tome	O
.	O

jednom	O
sii	NORM_1WORD
je	O
kupila	O
neki	O
faux	O
fur	O
coat	O
od	O
2500	O
kn	O
sav	O
je	O
bio	O
ono	O
"	O
bitch	O
,	O
i'm	O
fabulous	O
"	O
,	O
a	O
danima	O
prije	O
starome	O
njurgala	O
da	O
nema	O
kaj	NORM_1WORD
obuć	NORM_1WORD

zapravo	O
,	O
lakše	O
se	O
nositi	O
s	O
tim	O
klincima	O
iz	O
travnika	O
nego	O
nesposobnim	O
carnetom	O
#frustracije	O

😂😂😂	O

rt	O
“	O
@pro_pogub	O
:	O
imam	O
gossip	O
girl	O
u	O
selu	O
,	O
ali	O
i	O
ugly	O
little	O
liars	O
.	O
”	O

:)	O

fino	O
minglanje	O
među	O
delicijama	O
uz	O
usputne	O
osmijehe	O

http://t.co/ekdypdxu9q	O
via	O
@verge	O
#theverge	O
#nerdland	O

bend	O
dede	O
putra	O
:	O
za	O
dolazak	O
u	O
sarajevo	O
kupili	O
smo	O
wartburg	O
karavan	O
http://t.co/t23rmozxlv	O
#klix	O
via	O
@klixba	O

you	O
go	O
gurl	O
,	O
pokazao	O
si	O
sistemu	O
!	O

razbilo	O
nan	NORM_1WORD
je	O
konbi	NORM_1WORD
.	O

app	O
bi	O
mogao	O
biti	O
bolji	O
.	O

http://t.co/gebgjmouhe	O
#hep	O
#režije	O
#struja	O

pa	O
jel	NORM_1WORD
te	O
nije	O
stid	O
!	O

12	O
majmuna	O
?	O

@zzumlp	O
hvala	O
,	O
također	O
!	O

to	O
je	O
kupio	O
u	O
algoritmu	O
ili	O
na	O
interliberu	O
?	O

tako	O
nastade	O
umobolnica	O
.	O

i	O
nije	O
sve	O
tako	O
crno	O
kako	O
se	O
čini	O
...	O

prvi	O
dan	O
na	O
moru	O
je	O
uvijek	O
neka	O
vrsta	O
nicije	NORM_1WORD
zemlje	O
.	O

must	O
see	O
,	O
pogotovo	O
za	O
one	O
koji	O
misle	O
da	O
su	O
zoo	O
vrtovi	O
sjajna	O
stvar	O
.	O

it's	O
a	O
family	NORM_1WORD
program	O
,	O
after	O
all	O
.	O

a	O
mmf	O
svoje	O
kredite	O
uvjetuje	O
uvođenjem	O
trošarine	O
na	O
plin	O
,	O
tj.	O
dizanje	O
cijena	O
i	O
vraćanjem	O
kontrole	O
nad	O
istokom	O
zemlje	O
.	O

naš	O
tjedni	O
pregled	O
događaja	O
u	O
#ep-u	O
:	O
pristupanje	O
hrvatske	O
#eu	O
,	O
proračun	O
,	O
#prism	O
i	O
odabir	O
@euombudsman	O
http://t.co/vun4tk93dy	O
#croatiaeu	O

i'm	O
officially	O
old	O
.	O

ovaj	O
tjedan	O
-	O
dobili	O
smo	O
#poslovniuzlet2014	O
nagradu	O
,	O
fb	O
objavio	O
success	O
story	O
našeg	O
klijenta	O
,	O
a	O
mi	O
novi	O
natječaj	O
za	O
posao	O
.	O

#hrmediji	O

triba	NORM_1WORD
bi	NORM_1WORD
u	O
wordu	O
napisat	NORM_1WORD
par	O
rečenica	O
o	O
ovome	O
šta	NORM_1WORD
san	NORM_1WORD
napravia	NORM_1WORD
za	O
sutrašnje	O
vježbe	O
,	O
problem	O
je	O
šta	NORM_1WORD
ja	O
ne	O
znam	O
šta	NORM_1WORD
sam	O
napravia	NORM_1WORD

zasluzila	NORM_1WORD
si	O
ljubi	O

ivana	O
simić	O
bodrožić	O
,	O
na	O
jedinstven	O
nacin	NORM_1WORD
,	O
o	O
vukovaru	O
neki	O
dan	O
:	O
http://t.co/l0ulpzqa3d	O
cc	O
@ajbalkans	O

produktofilija	O
je	O
u	O
mojem	O
rječniku	O
je	O
ljubav	O
prema	O
osjećaju	O
nakon	O
puno	O
uspješno	O
obavljenih	O
stvari	O

što	O
je	O
tu	O
čudno	O
.	O

@vicebozic	O
@mrenic	O
ta	O
stranica	O
je	O
bila	O
pre	NORM_1WORD
i	O
ucila	NORM_1WORD
ljude	O
o	O
vrlo	O
vaznoj	NORM_1WORD
lekciji	O
u	O
zivotu	NORM_1WORD
vezanoj	O
za	O
internet	O
;)	O

tek	O
nedavno	O
sam	O
skužio	O
da	O
frajer	O
uopće	O
nije	O
crnac	O
i	O
da	O
je	O
francuz	O
.	O

nakon	O
što	O
je	O
podnijela	O
ostavku	O
marinu	O
su	O
od	O
lijepe	O
prometnuli	O
u	O
moćnu	O
županicu	O
.	O

predzadnji	O
u	O
parizu	O
....	O

više	O
sam	O
naučio	O
o	O
marketingu	O
i	O
startupu	O
u	O
ovoj	O
knjizi	O
http://t.co/qzfrmnqfxp	O
psihologa	O
,	O
nego	O
svih	O
200-injak	NORM_1WORD
do	O
sad	O
knjiga	O
tipa	O
seth	O
godin	O

najbolja	O
pjesama	NORM_1WORD
o	O
grupici	O
momaka	O
koji	O
bi	O
rado	O
gangbangnula	O
mladu	O
udovicu	O
,	O
ali	O
ova	O
ne	O
da	O
mi	O
je	O
vjerojatno	O
"	O
piva	NORM_1WORD
klapa	O
ispo'	NORM_1WORD
volta	O
"	O
.	O

pogledaš	O
jedan	O
set	O
reklama	O
na	O
rtl-u	O
zajedno	O
sa	O
polovicom	O
epizode	O
tajni	O
i	O
ode	O
iq	O
u	O
tripičkematerine	NORM_1WORD
.	O

dragi	O
naši	O
!	O

@vojkovic	O
ustavni	O
sud	O
svašta	O
kaže	O
:)	O

otiđi	O
u	O
postavke	O
->	O
aplikacije	O
i	O
provjeri	O
koje	O
imaš	O
na	O
profilu	O
.	O

baš	O
me	O
zanima	O
koji	O
ćemo	O
novi	O
super	O
zakon	O
dobiti	O
dok	O
se	O
nacija	O
zabavlja	O
izborima	O
i	O
širenjem	O
mržnje	O
prema	O
gej	O
parovima	O
.	O

osjetno	O
će	O
zahladiti	O
,	O
za	O
desetak	O
stupnjeva	O
.	O

"	O
@redcarpetnovatv	O
:	O
hm	O
...	O

a	O
i	O
realizacija	O
će	O
doći	O
s	O
vremenom	O
...	O

raditi	O
na	O
godisnjem	NORM_1WORD
ono	O
za	O
sto	NORM_1WORD
nemas	NORM_1WORD
vremena	O
inace	NORM_1WORD
=	O
ako	O
je	O
to	O
ucenje	NORM_1WORD
kartelo	O
ima	O
besplatna	O
zanimanja	O
sljedecu	NORM_1WORD
godinu	O
dana	O
.	O

svake	O
godine	O
iznova	O
,	O
svake	O
godine	O
sve	O
okrutnije	O
.	O

