http://t.co/kmzm3fw6r5	O
vučić	O
je	O
na	O
početku	O
mandata	O
rekao	O
da	O
će	O
mnoge	O
odluke	O
biti	O
bolne	O
.	O

ili	O
su	O
svi	O
ludi	O
ili	O
drogirani	O
?!	O

-	O
neću	O
.	O

s.	O
de	O
bovoar	O
je	O
drugi	O
pol	O
napisala	O
pre	O
vise	NORM_1WORD
od	O
50	O
god	NORM_1WORD
,	O
a	O
mi	O
se	O
i	O
dalje	O
"	O
pitamo	O
"	O
zasto	NORM_1WORD
zene	NORM_1WORD
sebe	O
dozivljavaju	NORM_1WORD
kao	O
slabiji	O
pol	O
.	O

ne	O
ucim	NORM_1WORD
level	O
toma	O
nikolic	NORM_1WORD
hoce	NORM_1WORD
da	O
me	O
postavi	O
za	O
licnog	NORM_1WORD
asistenta	O
i	O
predlozi	NORM_1WORD
ovima	O
iz	O
ministarstva	O
prosvet	NORM_1WORD
,	O
nauke	O
i	O
tehnoloskog	NORM_1WORD
napretka	O
.	O

@enteringm	O
@kontrash34	O
.	O
ja	O
sam	O
ljubomorna	O
i	O
zavidna	O
dusa	NORM_1WORD
,	O
zavidim	O
na	O
njenoj	O
lepoti	O
a	O
posebno	O
inteligenciji	O
pa	O
bacam	O
komentare	O

gledam	O
film	O
i	O
čujem	O
neku	O
dobru	O
pesmu	O
.	O

mnogo	O
su	O
gotivni	O
ovi	O
profesori	O
što	O
nagrađuju	O
studente	O
čokoladicama	O
.	O

do	O
sledećih	O
izbora	O
toma	O
će	O
da	O
iskrsne	O
sa	O
titulom	O
dr	O

svako	O
jutro	O
sef	NORM_1WORD
ulazi	O
u	O
kanc	NORM_1WORD
tako	O
sto	NORM_1WORD
zakuca	O
na	O
vrata	O
sve	O
snage	O
i	O
onda	O
koleginice	O
"	O
jao	O
sefe	NORM_1WORD
sto	NORM_1WORD
vam	O
dobar	O
kuc	O
"	O
i	O
tako	O
svako	O
jebeno	O
jutro	O
.	O

jel	NORM_1WORD
to	O
znaci	NORM_1WORD
da	O
nas	O
5.	O
avgusta	O
napusta	NORM_1WORD
i	O
odlazi	O
u	O
penziju	O
?	O

@bojandjuric78	O
a	O
sta	NORM_1WORD
je	O
netačno	O
rekao	O
,	O
pod	O
uslovom	O
da	O
je	O
prevod	O
ispravan	O
?	O

drugara	O
ujela	O
lutalica	O
,	O
uzeo	O
100.000	O
,	O
znači	O
večeras	O
šetam	O
po	O
gradu	O
u	O
trofrtaljkama	O
namazan	O
slaninom	O
do	O
kolena	O

@daleko_odavde	O
htela	O
sam	O
da	O
ima	O
nešto	O
čime	O
će	O
se	O
zanimati	O
dok	O
mi	O
nismo	O
tu	O
.	O

brat	O
:	O
...	O

de	NORM_1WORD
su	O
ovi	O
beogradjabi	NORM_1WORD
mamicu	O
im	O
beogradsku	O
....	O

u	O
pekari	O
u	O
barajevu	O
radnica	O
vec	NORM_1WORD
2.	O
nedelju	O
dolazi	O
sa	O
svezom	NORM_1WORD
sljivom	NORM_1WORD
na	O
oku	O
.	O

@lotostatistika	O
vodozemci	O
!	O

@ajiramdar	O
kažem	O
ti	O
adsl	O
je	O
osetljiviji	O
;	O
verujem	O
da	O
je	O
long	O
shot	O
,	O
ali	O
ako	O
je	O
sve	O
dobro	O
povezano	O
,	O
zovi	O
provajdera	O
da	O
proveri	O
jačinu	O
signala	O

negde	O
pred	O
jutro	O
sam	O
sanjao	O
nju	O
kako	O
me	O
proganja	O
i	O
prica	NORM_1WORD
kako	O
je	O
(	O
ne	O
)	O
zadovoljna	O
svojim	O
zivotom	NORM_1WORD
.	O

kad	O
mi	O
je	O
jedna	O
osoba	O
rekla	O
da	O
ne	O
zna	O
ništa	O
da	O
skuva	O
i	O
da	O
nikad	O
ne	O
radi	O
kućne	O
poslove	O
odreagovala	O
sam	O
tipa	O
-	O
kako	O
te	O
nije	O
sramota	O
da	O
živiš	O
?!?!	O

@lilninana	O
nemoj	O
da	O
ritvituješ	O
imam	O
osećaj	O
da	O
znaš	O
o	O
čemu	O
je	NORM_1WORD
radi	O
,	O
a	O
obe	O
znamo	O
da	O
moraš	O
da	O
ćutiš	O

ali	O
još	O
je	O
teže	O
odustati	O
ako	O
znaš	O
da	O
je	O
to	O
nešto	O
što	O
si	O
uvek	O
želeo	O
.	O

baš	O
diskutujem	O
sa	O
drugom	O
o	O
tome	O
,	O
ubedjuje	NORM_1WORD
ga	O
ta	O
ista	O
da	O
je	O
to	O
veza	O
...	O

zasto	NORM_1WORD
bi	O
ikome	O
zamerali	O
ako	O
naplacuje	NORM_1WORD
svoje	O
tvitanje	O
i	O
taj	O
tzv	NORM_1WORD
uticaj	O
.	O

@bojandjuricldp	O
ima	O
jedna	O
pametna	O
-	O
nećeš	O
znati	O
ako	O
ne	O
pokušaš	O
.	O

šta	O
drugo	O
...	O

nagovoriću	O
drugaricu	O
da	O
ona	O
uzme	O
,	O
pa	O
ako	O
to	O
radi	O
i	O
ja	O
ću	O
:)	O

priznaćete	O
da	O
je	O
moja	O
odluka	O
da	O
jedem	O
ladan	NORM_1WORD
burek	O
,	O
ćevape	O
i	O
rusku	O
salatu	O
uz	O
gledanje	O
lotr-a	O
u	O
4	O
ujutru	O
odlična	O
ideja	O
.	O

@bokaams	O
pa	O
,	O
ne	O
radi	O
to	O
jadnim	O
ljudima	O
.	O

volim	O
da	O
pevam	O
neku	O
pesmu	O
i	O
kad	O
dođe	O
neki	O
deo	O
koji	O
ne	O
znam	O
ili	O
sam	O
zaboravila	O
kažem	O
šta	O
?	O
i	O
oni	O
nastave	O

očigledno	O
je	O
potrebno	O
da	O
nas	O
pukne	O
nešto	O
baš	O
snažno	O
posred	O
čela	O
,	O
kako	O
bismo	O
mi	O
shvatili	O
koliko	O
je	O
život	O
bitan	O
zaista	O
.	O

jebote	O
muskarci	NORM_1WORD
su	O
ugrozena	NORM_1WORD
vrsta	O
.	O

by	O
the	O
way	O
sad	O
mi	O
je	O
jos	NORM_1WORD
odvratniji	O
...	O

i	O
opet	O
sve	O
isto	O
,	O
ili	O
slicno	NORM_1WORD
;	O
plagirani	O
doktorati	O
,	O
razne	O
poznate	O
nam	O
zadnjice	O
...	O

naravno	O
,	O
kad	O
zaposljavaju	NORM_1WORD
sns	O
kadar	O
koji	O
bi	O
u	O
kancelariju	O

ako	O
mi	O
se	O
od	O
necega	NORM_1WORD
pegla	O
to	O
je	O
od	O
sabana	NORM_1WORD
i	O
krompirasa	NORM_1WORD
koji	O
share-uju	NORM_1WORD
linkove	O
od	O
ekv-a	O
,	O
krug	O
i	O
srce	O
,	O
jer	O
misle	O
da	O
su	O
tako	O
ultrakul	O
.	O

ko	O
je	O
aktivan	O
kao	O
pčelica	O
,	O
jak	O
kao	O
bik	O
,	O
radi	O
kao	O
konj	O
i	O
dodje	NORM_1WORD
kući	O
umoran	O
kao	O
pas	O
,	O
treba	O
da	O
konsultuje	O
veterinara	O
i	O
pita	O
da	O
li	O
je	O
-	O
magarac	O
?	O

ili	O
izdvoje	O
vreme	O
i	O
citaju	NORM_1WORD
strucnu	NORM_1WORD
literaturu	O
.	O

@phaetonmax	O
ako	O
planiraš	O
vrhunske	O
rakije	O
savetujem	O
ti	O
da	O
krečenje	O
odradiš	O
oikos	O
ili	O
bojom	O
sličnog	O
kvaliteta	O

ja	O
sad	O
stojim	O
uz	O
kucu	NORM_1WORD
je	O
l'	NORM_1WORD
to	O
znaci	NORM_1WORD
da	O
sam	O
oluk	O
?	O

gledam	O
reportaze	NORM_1WORD
o	O
susretima	O
sa	O
ajkulama	O
a	O
na	O
pozadini	O
telefona	O
mi	O
more	O
.	O

na	O
listu	O
najglupljih	O
ideja	O
ikada	O
dodajte	O
i	O
moju	O
od	O
proslog	NORM_1WORD
vikenda	O
da	O
pola	O
litre	O
vinjaka	O
u	O
zardinjeri	NORM_1WORD
u	O
porti	O
niko	O
nece	NORM_1WORD
skontati	O
/	O
namirisati	O
.	O

ponekad	O
napraviš	O
baš	O
one	O
poteze	O
koji	O
uvek	O
nose	O
ono	O
najgore	O
,	O
najeo	O
sam	O
se	O
kao	O
som	O
glavati	O
,	O
evo	O
znam	O
.	O

@slobageorgiev	O
sjajno	O
:)	O
.	O

tkdj	NORM_1WORD
na	O
lajni	O
koju	O
evo	O
bas	NORM_1WORD
sad	O
listam	O
sve	O
sami	O
ameri	O
,	O
horoskop	O
i	O
neki	O
facts	O
.	O

zvali	O
su	O
me	O
da	O
idem	O
na	O
kupanje	O
u	O
12	O
.	O

najlakše	O
zaspem	O
i	O
najlepše	O
sanjam	O
kad	O
mašta	O
ispriča	O
umu	O
priču	O
koju	O
niko	O
nikada	O
nije	O
čuo	O
.	O

mi	O
ostatke	O
od	O
hrane	O
ne	O
bacamo	O
već	O
ih	O
prvo	O
spremimo	O
u	O
frižider	O
pa	O
ih	O
nakon	O
par	O
dana	O
izvadimo	O
i	O
onda	O
ih	O
uredno	O
odložimo	O
u	O
kantu	O
za	O
djubre	NORM_1WORD
.	O

nvo	O
antiratno	O
profiterske	O
su	O
zauzete	O
odbranom	O
gey	NORM_1WORD
sloboda	O
,	O
inace	NORM_1WORD
bi	O
zaurlale	O
da	O
treba	O
najstrozije	NORM_1WORD
kazniti	O
neodgovarne	NORM_1WORD
roditelje	O
!	O

da	O
mi	O
je	O
ovoliku	O
paznju	NORM_1WORD
poklanjao	O
i	O
kada	O
smo	O
bili	O
zajedno	O
,	O
ne	O
verujem	O
da	O
bi	NORM_1WORD
raskinuli	O
...	O

@rijeka_darko	O
stvar	O
je	O
u	O
otcepljenju	O
.	O

kad	O
budem	O
jednog	O
dana	O
pravila	O
ručak	O
,	O
pre	O
nego	O
što	O
postavim	O
ću	O
prići	O
mužu	O
i	O
reći	O
:	O
ljubavi	O
evo	O
ti	O
jedna	O
dijetalna	O
šniclica	O
.	O

dobro	O
jutro	O
,	O
jebite	O
se	O
manekeni	O
ja	O
moram	O
kuvati	O
kavu	O
,	O
za	O
1	O
h	O
radim	O
.	O

toliko	O
sam	O
ti	O
nebitan	O
u	O
životu	O
da	O
smaraš	O
svaki	O
put	O
kada	O
čuješ	O
da	O
u	O
rečenici	O
spomenem	O
neko	O
slovo	O
koje	O
sadrži	O
tvoje	O
ime	O
2:0	O

a	O
evo	O
moš'	NORM_1WORD
ti	O
u	O
vrhu	O
ženskadije	O
.	O

zanima	O
me	O
da	O
li	O
je	O
jedan	O
od	O
uslova	O
za	O
pk	O
iskustvo	O
?	O

napravi	O
mi	O
keva	O
tako	O
bakin	O
kolac	NORM_1WORD
malo	O
jedem	O
kolac	NORM_1WORD
malo	O
njene	O
dlake	O
s	O
kose	O
koje	O
su	O
upale	O
u	O
kolac	NORM_1WORD
...	O

dosta	O
mi	O
je	O
seljadina	NORM_1WORD
na	O
fejsu	O
.	O

odkad	NORM_1WORD
sam	O
prvi	O
put	O
ustala	O
,	O
našla	O
telefon	O
,	O
isključila	O
alarm	O
bez	O
sećanja	O
o	O
tome	O
i	O
nastavila	O
da	O
spavam	O
,	O
nariktavam	O
2	O
telefona	O
.	O

kad	O
treba	O
neku	O
bitnu	O
odluku	O
da	O
donesem	O
,	O
kao	O
sada	O
,	O
obično	O
umem	O
(	O
volim	O
)	O
da	O
odlepim	O
.	O

samo	O
sam	O
slepac	O
.	O

lotar	O
mateus	O
ogorceno	NORM_1WORD
reagovao	O
pošto	O
je	O
minh.	NORM_1WORD
sud	O
na	O
obaveštenju	O
o	O
alimentaciji	O
stavio	O
ozn.	NORM_1WORD
da	O
je	O
preminuo	O
,	O
jer	O
nisu	O
uspele	O
da	O
ga	O
lociraju	O
.	O

kancelarijski	O
pacovi	O
pomisle	O
:	O
"	O
fuck	O
yeah	O
"	O
i	O
odmah	O
ovlaže	O
na	O
tu	O
svoju	O
kovanicu	O
...	O

zaista	O
mi	O
je	O
cast	NORM_1WORD
.	O

eh	O
,	O
godine	O
...	O

@turizam_vrsac	O
@zaboljivrsac	O
@ljuban_panic	O
@boramatic	O
#represija	O
#logor	O
#diskriminacija	O

@nenadpantelic	O
nikad	O
mi	O
nije	O
palo	O
na	O
pamet	O
da	O
razmisljam	NORM_1WORD
o	O
alarmu	O
na	O
tabletu	O
,	O

i	O
dok	O
se	O
moje	O
kolege	O
na	O
faxu	NORM_1WORD
skenjaju	O
kad	O
padnu	O
ispit	O
,	O
ja	O
se	O
skenjao	O
jer	O
je	O
onaj	O
kreten	O
od	O
japanca	O
wolverinu	O
odsekao	O
kandže	O
!!	O

ja	O
kad	O
nemam	O
šta	O
da	O
radim	O
napravim	O
kokice	O
i	O
sednem	O
da	O
čitam	O
komentare	O
u	O
kojima	O
se	O
ljudi	O
vrlo	O
"	O
argumentovano	O
"	O
rasoravljaju	NORM_1WORD
oko	O
nečega	O
.	O

koga	O
vi	O
zajebavate	O
ovde	O
?	O

o	O
smanjenju	O
vaših	O
plata	O
i	O
penzija	O
odlučuju	O
oni	O
čija	O
letovanja	O
koštaju	O
više	O
nego	O
što	O
vi	O
zaradite	O
za	O
deceniju	O
.	O

juna	O
???	O

sutra	O
nam	O
je	O
gost	O
marčelo	O
,	O
nova	O
stvar	O
mu	O
fucks	O
mothers	O
!	O

:d	O

@zozast	O
izvini	O
,	O
ali	O
taj	O
termin	O
ne	O
koristim	O
.	O

vecinu	NORM_1WORD
tih	O
stvari	O
smo	O
culi	NORM_1WORD
nebrojano	O
puta	O
i	O
pre	O
tw	O
.	O

beogradska	O
filharmonija	O
večeras	O
nastupila	O
u	O
čuvenom	O
karnegi	O
ho	NORM_1WORD
...	O

džabe	O
mi	O
šaljes	NORM_1WORD
najnoviji	O
'tjub	NORM_1WORD
treš	O
hit	O
klip	O
sa	O
naših	O
prostora	O
,	O
prso	NORM_1WORD
mi	O
je	O
flash	O
od	O
straha	O
,	O
a	O
i	O
mrzi	O
me	O
da	O
restartujem	O
browser	O
.	O

sam	O
sebi	O
je	O
urednik	O
.	O

kapiram	O
da	O
zbog	O
retkosti	O
,	O
zene	NORM_1WORD
koje	O
u	O
danasnje	NORM_1WORD
vreme	O
imaju	O
svoje	O
obrve	O
(	O
citaj	NORM_1WORD
nisu	O
nacrtane	O
)	O
,	O
to	O
treba	O
u	O
cv-ju	NORM_1WORD
da	O
navedu	O
!	O

posvađala	O
sam	O
se	O
sa	O
najlepšim	O
kolegom	O
iz	O
grupe	O
sad	O
.	O

samo	O
se	O
menjaju	O
razlozi	O
zasto	NORM_1WORD
.	O

smradovi	O
!	O

sestra	O
mi	O
uzela	O
mis	NORM_1WORD
,	O
treba	O
joj	O
za	O
laptop	O
.	O

@vukomand	O
gospođo	O
dijana	O
koje	O
lekove	O
vaš	O
šef	O
koristi	O
i	O
da	O
li	O
se	O
isti	O
mogu	O
prepisati	O
na	O
recept	O
ili	O
se	O
moraju	O
kupiti	O
??	O

je	O
l'	NORM_1WORD
se	O
ko	O
posvađao	O
oko	O
toga	O
ko	O
je	O
kome	O
ukrao	O
tvit	O
?	O

njegov	O
zakljucak	NORM_1WORD
svadje	NORM_1WORD
'	O
svadjamo	NORM_1WORD
se	O
jer	O
se	O
nevidjamo	NORM_1WORD
cesto	NORM_1WORD
i	O
jer	O
jos	NORM_1WORD
ne	O
znam	O
da	O
ti	O
citam	NORM_1WORD
misli	O
'	O
+++	O

vidi	O
kako	O
motivaciona	O
poslovica	O
!	O

treba	O
mi	O
neko	O
ko	O
apsolutno	O
nema	O
nikakve	O
veze	O
sa	O
mojim	O
fakultetom	O
i	O
da	O
mi	O
priča	O
o	O
svojim	O
podvizima	O
u	O
svom	O
svetu	O
od	O
kog	O
sam	O
ja	O
jako	O
daleko	O
.	O

e	O
,	O
aj	NORM_1WORD
idi	O
smenjuj	O
trenere	O
sa	O
covicem	NORM_1WORD
,	O
svega	O
ti	O
.	O

ili	O
dzinovsku	NORM_1WORD
tarantulu	O
u	O
kadu	O
?	O

:-)	O

putijem	NORM_1WORD
sutra	O
na	O
enskurziju	NORM_1WORD
pa	O
da	O
imamo	O
šta	O
da	O
čalabrcnemo	O
u	O
autobusu	O
.	O

a	O
?	O

a	O
danas	O
smo	O
na	O
kontrolnom	O
iz	O
engleskog	O
bili	O
u	O
fazonu	O
:	O
da	O
l	NORM_1WORD
sam	O
pokupio	O
svoj	O
kontrolni	O
sa	O
tuđeg	O
stola	O
dok	O
sam	O
prepisivao	O
.	O

gledam	O
nesto	NORM_1WORD
sad	O
ovog	O
vucica	NORM_1WORD
,	O
malo	O
se	O
podgojio	O
,	O
tako	O
to	O
ide	O
,	O
prvo	O
se	O
ugoje	O
a	O
tek	O
posle	O
osede	O
.	O

mama	O
:	O
sta	NORM_1WORD
sam	O
ono	O
ja	O
?	O

neko	O
mi	O
je	O
u	O
subotu	O
na	O
zurci	NORM_1WORD
polio	O
torbu	O
vinom	O
.	O

ne	O
gotivim	O
baš	O
ljude	O
koji	O
vole	O
isključivo	O
jedan	O
(	O
muzički	O
)	O
žanr	O
,	O
ma	O
koliko	O
god	O
taj	O
žanr	O
bio	O
gotivan	O
.	O

ajd'	NORM_1WORD
otprati	O
se	O
sama	O
,	O
molim	O
te	O
...	O

daljinski	O
!	O

jer	O
u	O
kupovnim	O
pogacicama	NORM_1WORD
nema	O
bas	NORM_1WORD
toga	O
sto	NORM_1WORD
ima	O
u	O
nazivu	O
proizvoda	O
-	O
cvaraka	NORM_1WORD
!	O

znači	O
:	O
nisu	O
našli	O
"	O
najbolje	O
"	O
rešenje	O
!	O

vodolija	O
-	O
napokon	O
osećate	O
više	O
optimizma	O
i	O
da	O
su	O
pozitivne	O
promene	O
blizu	O
.	O

jbm	NORM_1WORD
ti	O
sunce	O
radila	O
sam	O
trajnu	O
epilaciju	O
lica	O
,	O
reci	O
kakvo	O
vreme	O
ide	O
moraću	O
bradu	O
da	O
nadograđujem	O
uskoro	O
.	O

@nemanjal87	O
@djolemvp	O
@jo_zizou	O
ubedjeni	NORM_1WORD
ljudi	O
.	O

nešto	O
između	O
vrhunskog	O
specijaliteta	O
,	O
i	O
smrada	O
veprovih	O
muda	O
u	O
sezoni	O
parenja	O
.	O

moja	O
pitanja	O
kad	O
sam	O
pijana	O
:	O
-	O
gde	O
je	O
to	O
pivo	O
?	O

ja	O
se	O
sad	O
setila	O
da	O
sam	O
prošlu	O
novu	O
godinu	O
provela	O
ljubeći	O
sa	O
slovencem	O
kojem	O
je	O
tad	O
,	O
1.1.	O
bio	O
rođendan	O
.	O

#utisak	O
koji	O
ostavljaju	O
emisija	O
gde	O
se	O
pojavljuju	O
kriminalci	O
ili	O
se	O
prica	NORM_1WORD
o	O
njima	O
.	O

iskoristimo	O
ovaj	O
trenutak	O
da	O
budemo	O
srećni	O
što	O
od	O
pesme	O
"	O
čke	NORM_1WORD
beogradske	O
"	O
više	O
nema	O
ni	O
traga	O
ni	O
glasa	O

najveće	O
pritiske	O
su	O
vršili	O
kada	O
je	O
bila	O
u	O
bolnici	O
.	O

izbacivanje	O
mene	O
iz	O
citaonice	NORM_1WORD
u	NORM_1WORD
rasplamsavanja	O
zara	NORM_1WORD
ka	O
odredjenoj	NORM_1WORD
temi	O
direktno	O
je	O
proporcionalno	O
efektu	O
miki-maus	NORM_1WORD
kondoma	O
na	O
erekciju	O
.	O

@pedjasp	O
a	O
,	O
mozda	NORM_1WORD
zavrsavaju	NORM_1WORD
drugi	O
faks	O
...	O

@vukicevic_	O
@beli_chovek	O
@parun_	O
okultizam	O
-	O
spaljujemo	O
marksisticku	NORM_1WORD
literaturu	O
roditelja	O
na	O
pun	O
mesec	O
ili	O
?	O

@zuja_lica	O
to	O
se	O
meni	O
desavalo	NORM_1WORD
,	O
internet	O
ti	O
vuče	O
i	O
mimo	O
paketa	O
....	O

toliko	O
o	O
tome	O
,	O
jedina	O
koja	O
se	O
tamo	O
bavila	O
sa	O
medicinom	O
,	O
svi	O
ostali	O
su	O
shit	O
.	O

ne	O
boj	O
se	O
duso	NORM_1WORD
,	O
necemo	NORM_1WORD
komunicirati	O
,	O
samo	O
hm	O
;	O
ajde	NORM_1WORD
ovako	O
da	O
umires	NORM_1WORD
,	O
spasao	O
bih	O
te	O
samo	O
kad	O
bih	O
bio	O
izuzetno	O
raspolozen	NORM_1WORD
.	O

ma	O
odslicu	NORM_1WORD
ija	NORM_1WORD
u	O
tu	O
barandu	O
.	O

samo	O
problemi	O
i	O
situacije	O
.	O

jebeš	O
takvog	O
lika	O
koji	O
se	O
tripuje	O
što	O
mu	O
opada	O
kosa	O
,	O
eno	O
ti	O
stetam	O
ili	O
milijaš	O
ili	O
miša	O
tumbas	O
,	O
sve	O
frajeri	O
...	O

rekla	O
sam	O
jebao	O
na	O
danasnji	NORM_1WORD
dan	O
.	O

za	O
ljude	O
iz	O
obrenovca	O
.	O

ok	O
,	O
shvatili	O
smo	O
da	O
je	O
fora	O
da	O
gledaš	O
u	O
more	O
i	O
napraviš	O
srce	O
i	O
da	O
te	O
slikaju	O
.	O

radonjićeve	O
najveće	O
pobede	O
:	O
poklon	O
markovića	O
u	O
laktašima	O
za	O
el	O
,	O
mladost	O
mege	O
u	O
kupu	O
,	O
ludilo	O
dženkinsa	O
sa	O
ukrajincima	O
u	O
nebitnoj	O
utakmici	O
.	O

e	O
ljudi	O
,	O
je	O
l`	NORM_1WORD
zna	O
neko	O
kada	O
nam	O
stižu	O
one	O
hiljade	O
milijardi	O
?	O

nekad	O
me	O
je	O
stvarno	O
sramota	O
ove	O
''	O
drzave	NORM_1WORD
''	O

vulin	O
podneo	O
ostavku	O
iz	O
moralnih	O
razloga	O
.	O

ja	O
kad	O
kazem	NORM_1WORD
da	O
se	O
ortaknja	NORM_1WORD
jebe	O
sa	O
ozenjenim	NORM_1WORD
covekom	NORM_1WORD
ja	O
imam	O
i	O
printrskinove	NORM_1WORD
,	O
audio	O
i	O
video	O
fajlove	O
da	O
to	O
i	O
dokazem	NORM_1WORD
.	O

kada	O
retvituju	O
moj	O
horoskopski	O
znak	O
:	O
uu	O
kul	O
,	O
daj	O
da	O
procitam	NORM_1WORD
.	O

ko	O
god	O
ima	O
informacije	O
o	O
gmo	O
neka	O
pise	NORM_1WORD
,	O
prica	NORM_1WORD
o	O
tome	O
.	O

osvrni	O
se	O
na	O
sreću	O
.	O

oh	O
,	O
wait	O
...	O

oh	O
wait	O
,	O
svadba	O
ce	NORM_1WORD
biti	O
u	O
crnoj	O
gori	O
.	O

i	O
on	NORM_1WORD
kazes	NORM_1WORD
toceno	NORM_1WORD
...	O

prica	NORM_1WORD
se	O
da	O
je	O
negde	O
na	O
jos	NORM_1WORD
neizgradjenom	NORM_1WORD
koridoru	O
10	O
,	O
vidjena	NORM_1WORD
riba	O
na	O
rolerima	O
,	O
koja	O
nema	O
dobro	O
dupe	O
!	O

zove	O
se	O
prijateljstvo	O
bez	O
očekivanja	O
.	O

:'(	O

e	O
sad	O
,	O
nije	O
precizirano	O
koji	O
vikend	O

na	O
večerašnjoj	O
seansi	O
smo	O
zaključili	O
da	O
smo	O
možda	O
totalno	O
sjebane	O
persone	O
,	O
ali	O
da	O
zato	O
imamo	O
sjajan	O
draft	O
za	O
predstojeći	O
salon	O
stripa	O
.	O

bedak	O
.	O

pozdrav	O
.	O

pa	O
čekaj	O
,	O
jel	NORM_1WORD
to	O
normalno	O
?	O

ok	O
,	O
ne	O
slažemo	O
se	O
.	O

ja	O
kupila	O
lap	NORM_1WORD
da	O
se	O
ne	O
bih	O
jebala	O
oko	O
kablova	O
,	O
a	O
gle	O
ovo	O
ne	O
mogu	O
se	O
najurim	O
sa	O
njima	O
.	O

španski	O
košarkaški	O
derbi	O
,	O
#barselona	O
#valensija	O
!	O

dao	O
sam	O
sjajan	O
intervju	O
za	O
topestrada	O
portal	O
,	O
hvala	O
emini	O
!	O

trosim	NORM_1WORD
vode	O
koliko	O
i	O
jedan	O
nadprosecan	NORM_1WORD
soliter	O
!	O

gde	O
su	O
,	O
šta	O
rade	O
one	O
žene	O
/	O
devojke	O
/	O
glasačice	O
u	O
srbiji	O
što	O
su	O
glasale	O
za	O
tadića	O
jer	O
je	O
lep	O
?	O

milijarde	O
ili	O
topshop	NORM_1WORD
isto	O
ti	O
je	O
-	O
vi	O
ih	O
okrtećete	NORM_1WORD
one	O
samo	O
padnu	O
.	O

ja	O
dodjem	NORM_1WORD
kuci	NORM_1WORD
iz	O
grada	O
nebitno	O
u	O
kakvom	O
stanju	O
i	O
nikada	O
nikog	O
ne	O
probudim	O
.	O

zasto	NORM_1WORD
bi	O
ikoga	O
platio	O
,	O
uzmes	NORM_1WORD
telefon	O
svoj	O
i	O
snimas	NORM_1WORD
,	O
i	O
okacis	NORM_1WORD
na	O
jutjub	NORM_1WORD
i	O
eto	O
spot	O
.	O

dečko	O
,	O
znam	O
da	O
imaš	O
taj	O
dar	O
da	O
se	O
forskveruješ	O
iz	O
stefan	O
brauna	O
,	O
a	O
ovamo	O
kitiš	O
pevaljke	O
na	O
šabačkom	O
vašaru	O
.	O

ej	O
vi	O
sto	NORM_1WORD
se	O
tripujete	O
kako	O
neko	O
moze	NORM_1WORD
cecu	O
da	O
slusa	NORM_1WORD
,	O
a	O
ne	O
nego	O
ste	O
uz	O
baha	O
lomili	O
čaše	O
,	O
ae	NORM_1WORD
ne	O
kenjajte	O
!	O

a	O
ja	O
mislio	O
da	O
sam	O
mogao	O
kutiju	O
softu	NORM_1WORD
zvaka	NORM_1WORD
da	O
nabijem	O
u	O
usta	O
.	O

nebojsa	NORM_1WORD
doktore	O
,	O
legendo	O
!	O

omiljeno	O
ćebe	O
,	O
čaj	O
od	O
hibiskusa	O
,	O
gijom	O
muso	O
,	O
konačno	O
ugrejana	O
,	O
skrivena	O
od	O
pogleda	O
i	O
sveta	O
:	O
samo	O
moja	O
dimenzija	O
i	O
ja	O
.	O

daj	O
brate	O
klik	O
i	O
vozi	O
.	O

je	O
l'	NORM_1WORD
se	O
to	O
sto	NORM_1WORD
smo	O
sinoc	NORM_1WORD
zaspale	O
dok	O
smo	O
pricale	NORM_1WORD
telefonom	O
racuna	NORM_1WORD
kao	O
noc	NORM_1WORD
koju	O
smo	O
provele	O
zajedno	O
i	O
ako	O
ne	O
zasto	NORM_1WORD
ne	O
?	O

haha	O
kao	O
kupila	O
si	O
novu	O
tasnicu	NORM_1WORD
,	O
a	O
ruka	O
u	O
nju	O
do	O
ramena	O
ulazi	O
!	O

srećom	O
,	O
nada	O
poslednja	O
umire	O
.	O

jednog	O
lepog	O
dana	O
,	O
njihova	O
ljubav	O
je	O
počela	O
ovde	O
na	O
tviteru	O
...	O
sutra	O
ću	O
prisustvovati	O
njihovom	O
najdivnijem	O
danu	O
...	O
venčanju	O
...	O

ja	O
otiš'o	NORM_1WORD
da	O
spava	NORM_1WORD
...	O

brinite	O
o	O
sebi	O
!	O

genijalno	O
...!	O

@solisio	O
ma	O
i	O
da	O
ih	O
je	O
bilo	O
više	O
,	O
jedino	O
bi	O
možda	O
posledice	O
bombardovanja	O
bile	O
manje	O
.	O

jel	NORM_1WORD
se	O
snimak	O
daje	O
pre	O
ili	O
posle	O
uclanjenja	NORM_1WORD
?	O

najdosadniji	O
je	O
onaj	O
deo	O
prespavanja	NORM_1WORD
kad	O
vise	NORM_1WORD
nemate	O
ideje	O
sta	NORM_1WORD
vise	NORM_1WORD
raditi	O
pa	O
samo	O
lezite	NORM_1WORD
ko	NORM_1WORD
retardi	O
i	O
pricate	NORM_1WORD
gluposti	O

prelep	O
dan	O
,	O
sunce	O
sija	O
,	O
ptičice	O
cvrkuću	O
,	O
a	O
ja	O
sedim	O
i	O
razmišljam	O
koliko	O
bi	O
do	O
jaja	O
bilo	O
ubiti	O
nekoga	O
turpijom	O
za	O
nokte	O
.	O

da	O
li	O
ja	O
radim	O
u	O
knjigovodstvu	O
?	O

#oldboysnetwork	O

vratiti	O
zlo	O
za	O
dobro	O
je	O
đavolji	O
način	O
;	O
vratiti	O
dobro	O
za	O
dobro	O
je	O
ljudski	O
način	O
;	O
vratiti	O
dobro	O
za	O
zlo	O
je	O
božji	O
način	O
.	O

ja	O
:	O
jos	NORM_1WORD
da	O
me	O
hoce	NORM_1WORD
i	O
da	O
me	O
poznaje	O
i	O
da	O
sam	O
stariji	O

ulazim	O
u	O
zgradu	O
i	O
osetim	O
miris	O
pljeskavice	O
i	O
ponadam	O
se	O
da	O
dolazi	O
iz	O
mog	O
stana	O
.	O

sutra	O
treba	O
da	O
imamo	O
pismeni	O
iz	O
eng	NORM_1WORD
i	O
persone	O
iz	O
razreda	O
jako	O
kriziraju	O
jer	O
jelte	O
oni	O
imaju	O
pet	O
,	O
epa	NORM_1WORD
sad	O
cemo	NORM_1WORD
da	O
vidimo	O
ko	O
u	O
stvari	O
zna	O
eng.	NORM_1WORD

svi	O
nešto	O
tripuju	O
da	O
je	O
kod	O
nas	O
divlji	O
zapad	O
.	O

odluke	O
po	O
"	O
prosvetnim	O
"	O
parnicama	O
se	O
lagano	O
vraćaju	O
sa	O
apelacije	O
.	O

covek	NORM_1WORD
je	O
civilno	O
lice	O
jbt	NORM_1WORD
,	O
ne	O
komandant	O
vojske	O
.	O

od	O
frizera	O
tražim	O
da	O
ume	O
da	O
šiša	O
,	O
da	O
ne	O
bude	O
siledžija	O
kad	O
fenira	O
i	O
da	O
ne	O
češe	O
međunožije	NORM_1WORD
o	O
moja	O
ramena	O
.	O

jedna	O
devojka	O
je	O
čekala	O
i	O
čekala	O
i	O
čekala	O
svog	O
princa	O
na	O
belom	O
konju	O
,	O
a	O
onda	O
je	O
doskakutao	O
poštar	O
i	O
doneo	O
joj	O
penziju	O
...	O

zelim	NORM_1WORD
da	O
se	O
zahvalim	O
svim	O
hororima	O
koje	O
sam	O
gledala	O
jer	O
ce	NORM_1WORD
doci	NORM_1WORD
dan	O
kada	O
cu	NORM_1WORD
u	O
strahu	O
ubiti	O
svoje	O
dete	O
jer	O
u	O
pola	O
noci	NORM_1WORD
trazi	NORM_1WORD
casu	NORM_1WORD
vode	O
.	O

ostalo	O
se	O
ne	O
bi	O
značajno	O
promenilo	O
.	O

da	O
li	O
vam	O
je	O
stvano	NORM_1WORD
zaista	O
teško	O
da	O
sedite	O
kod	O
kuće	O
za	O
računarem	NORM_1WORD
u	O
toplom	O
i	O
da	O
zarađujete	O
?	O

u	O
njemu	O
nestaće	O
svaki	O
njen	O
strah	O
...	O

blago	O
nama	O
u	O
tunguziji	O
.	O

život	O
je	O
stanija	O
.	O

stoka	O
nazadnjacka	NORM_1WORD
sto	NORM_1WORD
ne	O
placa	NORM_1WORD
porez	O
!	O

vise	NORM_1WORD
se	O
usredsredjujes	NORM_1WORD
na	O
sex.	NORM_1WORD
orijentaciju	O
nastradalog	O
,	O
nego	O
na	O
samo	O
delo	O
.	O

ovi	O
bilbordi	O
slavimo	O
#beograd	O
deluju	O
mi	O
morbidno	O
.	O

jako	O
zrelo	O
za	O
moje	O
23.	O

@tidziridzi	O
hahhahahahaha	O
,	O
ja	O
sam	O
juce	NORM_1WORD
bila	O
primorana	O
da	O
gledam	O
,	O
rodbina	O
kad	O
ne	O
bi	O
smarala	O
,	O
ja	O
ne	O
znam	O
+	O

nasuprot	O
tvom	O
dubokom	O
ubedjenju	NORM_1WORD
,	O
svet	O
ne	O
vrti	O
oko	O
tvog	O
medjunozja	NORM_1WORD
.	O

šaljem	O
ti	O
jedan	O
:*	O
da	O
ti	O
ovaj	O
topli	O
,	O
prolećni	O
dan	O
bude	O
još	O
lepši	O
!	O

recite	O
vi	O
šta	O
konkretno	O
nameravate	O
.	O

promeni	O
oblik	O
u	O
krug	O
,	O
u	O
ništa	O
.	O

afrikanci	O
plaču	O
od	O
hladnoće	O
.	O

kažem	O
đevojci	NORM_1WORD
sa	O
radija	O
da	O
mi	O
napravi	O
listu	O
pop	O
rock	O
pesama	O
i	O
ona	O
između	O
ostalog	O
stavila	O
"	O
a	O
da	O
me	O
vidi	O
babo	O
"	O

@digitalicious_	O
sta	NORM_1WORD
sad	O
da	O
komentarisem	NORM_1WORD
-	O
sto	NORM_1WORD
se	O
i	O
dalje	O
tripujes	NORM_1WORD
da	O
je	O
igrica	O
,	O
sto	NORM_1WORD
ne	O
znas	NORM_1WORD
po	O
kome	O
da	O
opalis	NORM_1WORD
ili	O
to	O
sto	NORM_1WORD
zelis	NORM_1WORD
da	O
varas	NORM_1WORD
?	O

ovaj	O
mi	O
je	O
momak	O
potpuno	O
nejasan	O
.....	O

izgleda	O
da	O
će	O
ove	O
nedelje	O
da	O
bude	O
:	O
ja	O
se	O
iznervirala	O
i	O
izubivam	NORM_1WORD
nastavnike	O
i	O
bacim	O
knjige	O
u	O
resavu	O
i	O
tol'ko	NORM_1WORD
.	O

moja	O
sestra	O
bi	O
bila	O
fenomenalan	O
advokat	O
,	O
samo	O
je	O
zamišljam	O
onako	O
malu	O
i	O
slatku	O
kako	O
kad	O
progovori	O
odmah	O
jebe	O
keve	O
okolo	O
,	O
a	O
svi	O
u	O
šoku	O
.	O

prvo	O
,	O
jebalo	O
ga	O
imanje	O
,	O
a	O
drugo	O
,	O
nista	NORM_1WORD
mi	O
pomogao	O
nije	O
,	O
a	O
ovamo	O
kao	O
prvi	O
vampir	O
,	O
najbolji	O
,	O
bla	O
bla	O
.	O

@nborovcanin	O
@zajecaracgr	O
@marusiceva	O
složimo	O
se	O
,	O
slika	O
je	O
(	O
zlo	O
)	O
upotrebljena	O
,	O
mos	O
logotip	O
se	O
ne	O
vidi	O
i	O
zaštićen	O
je	O
"	O
odricanjem	O
odgovornosti	O
"	O

ni	O
pre	O
ni	O
posle	O
nije	O
imala	O
toliku	O
potrebu	O
.	O

prema	O
@eu_eurostat	O
najveći	O
pad	O
broja	O
stanovnika	O
u	O
2012.	O
u	O
eu	O
je	O
u	O
zemljama	O
baltika	O
i	O
onim	O
teško	O
pogođenim	O
ekon.	NORM_1WORD
krizom	O
-	O
grčka	O
,	O
portug	NORM_1WORD
,	O
bug	NORM_1WORD
.	O

ja	O
sam	O
u	O
ovoj	O
kuci	NORM_1WORD
diskriminisana	O
na	O
verskoj	O
osnovi	O
,	O
ne	O
zasluzujem	NORM_1WORD
da	O
postim	O
samo	O
zato	O
sto	NORM_1WORD
svi	O
drugi	O
veruju	O
u	O
boga	O
.	O

da	O
li	O
postoji	O
tw	O
code	O
fazon	O
da	O
sve	O
sto	NORM_1WORD
napisem	NORM_1WORD
ovde	O
i	O
sto	NORM_1WORD
procitaju	NORM_1WORD
ljudi	O
koji	O
me	O
znaju	O
,	O
nikad	O
,	O
ali	O
nikad	O
ne	O
sire	NORM_1WORD
jer	O
bi	O
moglo	O
da	O
me	O
sjebe	O
?	O

nemam	O
pojma	O
sad	O
sam	O
ustao	O
.	O

ako	O
zapne	O
,	O
možeš	O
da	O
prodaš	O
kola	O
i	O
platiš	O
kredit	O
.	O

a	O
sto	NORM_1WORD
se	O
raznih	O
drukara	O
i	O
satelita	O
tice	NORM_1WORD
,	O
znam	O
da	O
se	O
citamo	NORM_1WORD
,	O
i	O
treba	O
,	O
sve	O
ovo	O
i	O
pisem	NORM_1WORD
da	O
bi	O
se	O
citalo	NORM_1WORD
!	O

jer	O
ostaju	O
secanja	NORM_1WORD
iz	O
najranije	O
mladosti	O
.	O

narezao	O
sam	O
diplo-a	O
,	O
neće	O
ni	O
skontati	O
.	O

vi	O
sandru	O
afriku	O
nazivate	O
pevacicom	NORM_1WORD
?	O

ah	O
,	O
koliko	O
stvari	O
mogu	O
da	O
uradim	O
,	O
stvorim	O
,	O
izgradim	O
,	O
darujem	O
,	O
podelim	O
,	O
sastavim	O
i	O
popravim	O
...	O

mamu	O
ti	O
jebem	O
!	O

ličnim	O
primerom	O
na	O
čelu	O
srbije	O
!	O

mora	O
sada	O
da	O
se	O
jebu	O
s	O
nekim	O
mnogo	O
ružnim	O
jel	NORM_1WORD
da	O
?	O

@dacaonedaca	O
imam	O
utisak	O
da	O
bismo	O
sami	O
imali	O
grdan	O
problem	O
da	O
naučimo	O
ovaj	O
naš	O
jezik	O
,	O
onako	O
iz	O
početka	O
.	O

a	O
kad	O
završim	O
smenu	O
,	O
pa	O
izađem	O
na	O
ovo	O
sunce	O
pa	O
počnem	O
da	O
žimrkam	NORM_1WORD
kao	O
blesava	O
jer	O
su	O
mi	O
cvikeri	O
ostali	O
kod	O
kuće	O
.	O

kapiram	O
da	O
je	O
teško	O
kupiti	O
poklon	O
predsedniku	O
kine	O
jer	O
je	O
sve	O
jebeno	O
mejd	O
in	O
čajna	O
/	O
prc	O
.	O

od	O
ovih	O
10	O
pajtićevih	O
tačaka	O
http://t.co/myksb56b0g	O
slažem	O
se	O
samo	O
da	O
treba	O
nova	O
generacija	O
političara	O
...	O

izgradnja	O
tzv.	O
koridora	O
je	O
kulturni	O
obrazac	O
kenzijanskog	O
ekonomskog	O
modela	O
koji	O
ima	O
mitološku	O
crtu	O
i	O
permanentan	O
rok	O
.	O

jebo	NORM_1WORD
dnevne	O
novine	O
ako	O
u	O
njima	O
nema	O
paparaco	O
fotke	O
rdmiletine	NORM_1WORD
manojlovic	NORM_1WORD
na	O
kojoj	O
joj	O
se	O
vide	O
bele	O
gacurine	NORM_1WORD
ispod	O
one	O
suknjetine	O
.	O

kad	O
sam	O
bila	O
mala	O
terala	O
sam	O
kevu	O
da	O
se	O
igramo	O
ona	O
moja	O
poslužavka	NORM_1WORD
ja	O
joj	O
naređujem	O
da	O
me	O
poslužuje	O
.	O

toliko	O
puta	O
sam	O
ti	O
rekla	O
da	O
te	O
volim	O
a	O
to	O
se	O
samo	O
odbijalo	O
od	O
tebe	O
.	O

#tuga	O

navedite	O
ek.	NORM_1WORD
analizu	O
koja	O
pokazuje	O
opravdanost	O
ulaska	O
.	O

njegovo	O
prisustvo	O
je	O
nepotrebno	O
sa	O
ovakvim	O
ostatkom	O
tima	O
i	O
direktno	O
guši	O
svakog	O
pleja	O
.	O

kako	O
decu	O
školovati	O
,	O
obući	O
nahraniti	O
...	O

zeznuta	O
je	O
stvar	O
što	O
mozak	O
neće	O
da	O
pamti	O
selektivno	O
.	O

zasadiš	O
tuje	O
na	O
trgu	O
pre	O
izbora	O
pa	O
ih	O
posle	O
izbora	O
izvadiš	O
.	O

nažalost	O
,	O
one	O
što	O
znam	O
u	O
sns	NORM_1WORD
su	O
bili	O
problematični	O
i	O
pre	O
ulaska	O
u	O
sns	O
.	O

srpski	O
policajac	O
provocira	O
crnogorca	O
pitanjem	O
:	O
''	O
da	O
li	O
ti	O
razumes	NORM_1WORD
srpski	O
?	O
''	O

kad	O
se	O
sretnu	O
muškarac	O
koji	O
ne	O
zna	O
šta	O
hoće	O
i	O
žena	O
koja	O
zna	O
šta	O
hoće	O
,	O
takav	O
susret	O
mora	O
da	O
se	O
završi	O
brakom	O
.	O

ona	O
koja	O
samo	O
trepce	NORM_1WORD
.	O

u	O
prodavnici	O
u	O
jednom	O
selu	O
:	O
je	O
l'	NORM_1WORD
imate	O
danhil	O
?	O

znači	O
brišem	O
komentare	O
brzinom	O
svetlosti	O
.	O

devojka	O
upucana	O
na	O
splavu	O
,	O
pretučena	O
žena	O
vozač	O
tramvaja	O
...	O

romantika	O

a	O
svi	O
znamo	O
šta	O
je	O
sirotnjska	O
zabava	O
u	O
tom	O
slučaju	O
+	O

toma	O
nikolić	O
izjavio	O
je	O
večeras	O
da	O
je	O
srbija	O
na	O
dobrom	O
putu	O
,	O
da	O
je	O
ovo	O
odlučujuća	O
godina	O
i	O
da	O
građani	O
uskoro	O
mogu	O
očekivati	O
bolji	O
život	O
.	O

posaljem	NORM_1WORD
drugarici	O
sliku	O
modre	O
noge	O
,	O
a	O
ona	O
jao	O
ja	O
sam	O
vise	NORM_1WORD
za	O
umetnicko	NORM_1WORD
klizanje	O
!	O

kaće	NORM_1WORD
muškarci	O
nauče	O
da	O
je	O
vađenje	O
kurca	O
na	O
videlo	O
bolji	O
stimulans	O
od	O
bilo	O
kakvog	O
nagovaranja	O
na	O
seks	O
.	O

moli	O
se	O
@oliverizam	O
na	O
svim	O
drustvenim	NORM_1WORD
mrezama	NORM_1WORD
da	O
se	O
povrati	O
iz	O
sveta	O
snova	O
u	O
svet	O
jave	O
,	O
jer	O
imamo	O
obaveza	O
veceras	NORM_1WORD
!	O

eno	O
ga	O
deda	O
odvežen	NORM_1WORD
u	O
bolnicu	O
.	O

#ideja	O
i	O
o	O
buducem	NORM_1WORD
pozivu	O
.	O

počeo	O
da	O
kocka	O
,	O
vozi	O
raspalog	O
yuga	O
,	O
a	O
sa	O
ženom	O
nije	O
ni	O
na	O
ćao	O
...	O

svaka	O
proslava	O
na	O
svojoj	O
trpezi	O
mora	O
da	O
ima	O
malo	O
fiktivnih	O
akcija	O
i	O
malo	O
lova	O
na	O
dilere	O
dok	O
su	O
kursadzije	NORM_1WORD
na	O
tvu	NORM_1WORD
.	O

čule	O
dolaze	O
maldi	NORM_1WORD
notari	O
,	O
već	O
planiraju	O
kako	O
da	O
ih	O
zaskoče	O
,	O
pojebu	O
,	O
zatrudne	O
sa	O
njima	O
i	O
udaju	O
se	O
!	O

porezima	O
i	O
drugim	O
nametima	O
nam	O
krv	O
isisaše	O
,	O
a	O
onda	O
nas	O
pitaju	O
šta	O
smo	O
učinili	O
za	O
srbiju	O
.	O

jednog	O
dana	O
kada	O
budem	O
radila	O
neki	O
super	O
cool	O
slash	O
big	O
deal	O
posao	O
oblačiću	O
se	O
kao	O
cameron	O
diaz	O
u	O
filmu	O
the	O
other	O
woman	O
.	O

ocekujem	NORM_1WORD
-300	O

ne	O
znam	O
kako	O
da	O
opišem	O
dozu	O
sreće	O
,	O
kada	O
te	O
voljeni	O
zagrli	O
,	O
poljubi	O
...	O
kada	O
se	O
osećaš	O
tako	O
voljeno	O
,	O
da	O
sve	O
stane	O
...	O

ne	O
razumem	O
ove	O
ljude	O
što	O
kače	O
covere	O
na	O
yt	O
,	O
a	O
ne	O
uvežbaju	O
dobro	O
to	O
što	O
sviraju	O
/	O
pevaju	O
.	O

♥	O

kako	O
uz	O
botox	NORM_1WORD
?	O

tehnomantu	O
veselom	O
kao	O
da	O
je	O
majušni	O
anđeo	O
plovio	O
po	O
sobi	O
.	O

elegancija	O
od	O
jutros	O
crveni	O
ruž	O
crna	O
kosa	O
podignuta	O
u	O
pundju	NORM_1WORD
izvučen	O
crni	O
ajlajner	O
i	O
to	O
bez	O
greške	O
!	O

nikada	O
mi	O
nece	NORM_1WORD
biti	O
jasno	O
,	O
zasto	NORM_1WORD
cim	NORM_1WORD
otvorim	O
oci	NORM_1WORD
automatski	O
iskacem	NORM_1WORD
iz	O
kreveta	O
i	O
pocinjem	NORM_1WORD
da	O
spremams	NORM_1WORD
svoju	O
sobu	O
?	O

nova	O
kategorija	O
ljudi	O
koje	O
sam	O
upoznala	O
na	O
poslu	O
:	O
polilicni	NORM_1WORD
ljudi	O
.	O

koliko	O
god	O
da	O
iskidaju	O
u	O
odbrani	O
ovi	O
drugi	O
pogode	O
nemoguce	NORM_1WORD
.	O

gledam	O
snimak	O
,	O
loncar	NORM_1WORD
obilazi	O
onu	O
nesrecnu	NORM_1WORD
otrovanu	O
decu	O
...	O

i	O
nikad	O
nećeš	O
.	O

budi	O
glup	O
interesantnije	O
je	O
.	O

a	O
deca	O
bandita	O
će	O
živeti	O
u	O
toplijim	O
krajevima	O
.	O

u	O
ubu	O
nemaju	O
hleba	O
i	O
snalaze	O
se	O
ko	O
kako	O
može	O
.	O

kada	O
kažem	O
:	O
"	O
srbiju	O
više	O
niko	O
neće	O
smeti	O
da	O
ucenjuje	O
,	O
srbija	O
je	O
ozbiljna	O
država	O
,	O
uskoro	O
velika	O
akcija	O
hapšenja	O
tajkuna	O
"	O
-	O
podsećam	O
vas	O
na	O
?	O

ja	O
vise	NORM_1WORD
ne	O
mogu	O
..	O

kao	O
,	O
tražili	O
i	O
nisu	O
našli	O
.	O

vi	O
koji	O
ste	O
pokušali	O
da	O
mi	O
hakujete	O
fb	O
profil	O
i	O
ako	O
vas	O
ima	O
ovde	O
i	O
krijete	O
se	O
imam	O
nešto	O
da	O
izjavim	O
:	O
popušite	O
mi	O
kurac	O
vi	O
i	O
vaša	O
porodica	O
!	O

u	O
ovom	O
momentu	O
imam	O
stav	O
"	O
sve	O
bih	O
dala	O
da	O
bude	O
kao	O
ranije	O
"	O
,	O
sutra	O
će	O
već	O
da	O
me	O
boli	O
kurac	O
,	O
ali	O
će	O
me	O
podsvest	O
pojesti	O

hm	O
.	O

dakle	O
lud	O
sam	O
,	O
a	O
vi	O
?	O

nije	O
mu	O
dosta	O
što	O
ga	O
je	O
najurio	O
iz	O
#ds-a	O
već	O
želi	O
da	O
ga	O
najuri	O
i	O
iz	O
#ldp-a	O

sad	O
kad	O
se	O
preselim	O
u	O
svoj	O
novi	O
mali	O
prelepi	O
stan	O
dodjite	NORM_1WORD
da	O
donesete	O
poklone	O
za	O
useljenje	O
ispred	O
kapije	O
iznecu	NORM_1WORD
posluzenje	NORM_1WORD
ko	NORM_1WORD
sina	O
da	O
zenim	NORM_1WORD

to	O
je	O
kao	O
i	O
novinari	O
hajde	O
da	O
izvučemo	O
iz	O
konteksta	O
i	O
napravimo	O
priču	O
koja	O
nije	O
baš	O
takva	O

npr	NORM_1WORD
desna	O
obrva	O
spustena	NORM_1WORD
,	O
a	O
leva	O
izdignuta	O
ponosno	O
u	O
ispitivackom	NORM_1WORD
stilu	O
?	O

kad	O
ispriča	O
,	O
odmahneš	O
glavom	O
i	O
kažeš	O
mu	O
da	O
je	O
retard	O
.	O

minut	O
ćutanja	O
za	O
uticajne	O
tviteraše	O
,	O
koji	O
su	O
minimum	O
trećinu	O
svojih	O
tvitova	O
"	O
smislili	O
"	O
prostom	O
reciklažom	O
tvitova	O
neuticajnih	O
.	O

obožavam	O
kad	O
nam	O
stignu	O
spamovi	O
penis	O
enlargement	O
pills	O
na	O
firmin	O
mejl	O
.	O

zaboli	O
me	O
glava	O
ja	O
istripujem	O
da	O
imam	O
redak	O
poremecaj	NORM_1WORD
gena	O
i	O
da	O
ce	NORM_1WORD
tlc	O
doci	NORM_1WORD
da	O
snima	O
rijaliti	O
o	O
meni	O
.	O

rekoh	O
joj	O
didn't	O
ask	O
u	NORM_1WORD
,	O
slut	O
.	O

@slobageorgiev	O
@biljanaluki	O
jel	NORM_1WORD
o	O
zaretu	NORM_1WORD
pricas	NORM_1WORD
?	O

pa	O
da	O
vraćamo	O
kredite	O
?	O

kreten	O
!	O

devojka	O
pobedila	O
.	O

iskreno	O
,	O
zabole	NORM_1WORD
me	O
za	O
paradu	O
,	O
ali	O
ovo	O
je	O
izlaženje	O
u	O
susret	O
zahtevima	O
primitivaca	O
i	O
latentnih	O
neo-nacista	NORM_1WORD
.	O

kakvo	O
je	O
to	O
momacko	NORM_1WORD
bez	O
dame	O
noci	NORM_1WORD
?	O

iskreno	O
verujem	O
da	O
nas	O
egoiste	O
vole	O
samo	O
ljudi	O
koji	O
su	O
suštinski	O
bolji	O
od	O
nas	O
.	O

mrtva	O
trka	O
!	O

baš	O
mi	O
je	O
drago	O
što	O
počinju	O
opet	O
porodične	O
tajne	O
,	O
mom	O
srcu	O
je	O
potrebno	O
veće	O
uzbuđenje	O
od	O
indijskih	O
serija	O

siguran	O
da	O
postoje	O
ljudi	O
koji	O
bi	O
me	O
streljali	O
što	O
sam	O
,	O
između	O
pršute	NORM_1WORD
i	O
pice	O
,	O
odlučio	O
da	O
jedem	O
picu	O
.	O

narucuje	NORM_1WORD
mi	O
neka	O
prepicka	NORM_1WORD
ful	O
skockana	O
kratki	O
espreso	O
bez	O
mleka	O
,	O
reko	NORM_1WORD
maco	O
mleka	O
nemamo	O
moze	NORM_1WORD
li	O
bez	O
neceg	NORM_1WORD
drugog	O
?	O

za	O
1.	O
januar	O
,	O
sasvim	O
dovoljno	O
od	O
obrazovanja	O
.	O

i	O
ono	O
kao	O
pravim	O
se	O
da	O
mi	O
te	O
glupave	O
fore	O
prijaju	O
.	O

ideja	O
i	O
ljudi	O
grade	O
stranku	O
.	O

ok	O
ljubavi	O
kako	O
ti	O
kažeš	O

evo	O
,	O
skuvala	O
je	O
toliko	O
,	O
koliko	O
prosecna	NORM_1WORD
srpska	O
porodica	O
ne	O
skuva	O
ni	O
za	O
uskrs	O

vreme	O
je	O
da	O
se	O
nauči	O
kako	O
se	O
usisava	O
i	O
kako	O
se	O
peru	O
sudovi	O
...	O

objavila	O
si	O
sliku	O
sa	O
zvezdinim	O
šalom	O
oko	O
glave	O
,	O
u	O
dopičnjaku	O
i	O
sisama	O
na	O
izvolte	NORM_1WORD
,	O
jeste	O
,	O
ti	O
si	O
huliganka	O
,	O
idi	O
čitaj	O
grabljivicu	O
,	O
molim	O
te	O
.	O

@raspevana	O
kada	O
si	O
rekla	O
dva	O
crnca	O
pomislio	O
sam	O
da	O
ih	O
pozdravljaš	O
iz	O
drugog	O
razloga	O
.	O

danas	O
više	O
ne	O
važi	O
ono	O
"	O
kad	O
se	O
najmanje	O
nadaš	O
"	O
nego	O
diži	O
dupe	O
,	O
učini	O
nešto	O
,	O
pošalji	O
poruku	O
,	O
momci	O
nemaju	O
muda	O
.	O

wau	NORM_1WORD
,	O
sta	NORM_1WORD
cu	NORM_1WORD
da	O
radim	O
sebi	O
nocas	NORM_1WORD
.	O

@zhillustrator	O
drugar	O
ih	O
slušao	O
u	O
berlinu	O
pre	O
neko	O
veče	O
,	O
kaže	O
da	O
su	O
baš	O
momačku	O
svirku	O
otprašili	O
.	O

ako	O
te	O
život	O
mazio	O
nije	O
molim	O
te	O
zastani	O
na	O
tren	O
i	O
nemoj	O
ga	O
pogledom	O
punim	O
vatre	O
zasuti	O
,	O
čudni	O
su	O
putevi	O
do	O
ćupa	O
duginih	O
boja	O
,	O
pokušaj	O
opet	O
.	O

pa	O
je	O
l'	NORM_1WORD
su	O
na	O
sinodu	O
rekli	O
da	O
se	O
ne	O
zna	O
da	O
li	O
je	O
na	O
snimku	O
kacavenda	NORM_1WORD
?!	O

jbt	NORM_1WORD
da	O
znate	O
da	O
sam	O
uvređen	O
!?	O

@trbicnenad	O
mnogo	O
su	O
prijatniji	O
nego	O
kad	O
te	O
bucmasta	O
stjuardesa	O
aeroflota	O
bez	O
pardona	O
udari	O
kolicima	O
za	O
uslugu	O
svaki	O
put	O
,	O
veruj	O
mi	O
.	O

ne	O
znate	O
vi	O
tu	O
zivotnu	NORM_1WORD
patnju	O
kad	O
cujete	NORM_1WORD
brucose	NORM_1WORD
na	O
fpn-u	O
koji	O
su	O
posle	O
dva	O
predmeta	O
politike	O
istripovali	O
opstu	NORM_1WORD
spoznaju	O
!	O

budeš	O
human	O
,	O
pomogneš	O
svima	O
,	O
svakom	O
,	O
a	O
onda	O
se	O
pojavi	O
fejk	O
debil	O
da	O
te	O
izvređa	O
.	O

baba	O
će	O
njemu	O
:	O
-	O
sinko	O
,	O
možeš	O
ti	O
pričat	NORM_1WORD
koliko	O
god	O
'oćeš	NORM_1WORD
,	O
ali	O
te	O
ja	O
ne	O
čujem	O
.	O

ali	O
,	O
evo	O
-	O
ja	O
sam	O
jednom	O
zakucala	O
70	O
eksera	O
za	O
3	O
h	O
,	O
pa	O
vi	O
sad	O
vidite	O
.	O

.	O
ako	O
docekam	NORM_1WORD
jutro	O
,	O
spremam	O
veliku	O
gozbu	O
za	O
tw-ase	NORM_1WORD
.	O

kad	O
mi	O
donesoše	O
,	O
ono	O
puslica	O
,	O
zube	O
sam	O
polomila	O
.	O

@slobageorgiev	O
pa	O
kad	O
nije	O
država	O
.	O

to	O
sto	NORM_1WORD
postujem	NORM_1WORD
i	O
verujem	O
u	O
politiku	O
#sns-a	O
je	O
samo	O
moja	O
stvar	O
i	O
moj	O
problem	O
,	O
a	O
vi	O
otpracujte	NORM_1WORD
,	O
radite	O
sta	NORM_1WORD
hocete	NORM_1WORD
,	O
ne	O
zanima	O
me	O
.	O

je	O
l'	NORM_1WORD
se	O
kaže	O
"	O
tvit	O
u	O
cecinoj	O
senci	O
"	O
ili	O
da	O
se	O
izlogujem	O
i	O
ostatak	O
vremena	O
da	O
odlupam	O
glavom	O
o	O
zid	O
?	O

dogovor	O
kao	O
fiktivno	O
slaganje	O
između	O
normalnog	O
koji	O
se	O
iscima	O
da	O
smisli	O
nešto	O
pametno	O
i	O
budale	O
koja	O
uradi	O
po	O
sopstvenom	O
debilnom	O
nahođenju	O
.	O

oni	O
zapravo	O
nisu	O
normalni	O
.	O

vlasnici	O
kladionica	O
dobiju	O
vise	NORM_1WORD
,	O
a	O
svi	O
igraci	NORM_1WORD
ukupno	O
malo	O
.	O

debil	O
!	O

@sowercookie	O
tvoj	O
mozak	O
jednostavno	O
ne	O
moze	NORM_1WORD
da	O
primi	O
toliku	O
kolicinu	NORM_1WORD
sranja	O
...	O

svejedno	O
,	O
gledajmo	O
je	O
.	O

da	O
li	O
je	O
ovo	O
onaj	O
dan	O
u	O
pmsu	NORM_1WORD
koji	O
cu	NORM_1WORD
da	O
preplacem	NORM_1WORD
zbog	O
hiljadu	O
pateticnih	NORM_1WORD
i	O
par	O
nepateticnih	NORM_1WORD
razloga	O
?	O

jebeš	O
tetovažu	O
koju	O
prekrivaju	O
malje	O
.	O

zaključio	O
na	O
osnovu	O
teksta	O
,	O
a	O
@onlinedanas	O
smatram	O
ozbiljnim	O
...	O

zasto	NORM_1WORD
uvek	O
i	O
samo	O
protiv	O
zvezde	O
neka	O
ekipa	O
ima	O
nestvaran	O
procenat	O
suta	NORM_1WORD
za	O
3	O
?	O

kakvi	O
tviteri	NORM_1WORD
,	O
fb	O
,	O
viberi	O
i	O
ostala	O
čuda	O
.	O

interesantna	O
je	O
cinjenica	NORM_1WORD
da	O
je	O
matematika	O
nebitna	O
u	O
srbiji	O
i	O
da	O
je	O
oro	O
bitniji	O
od	O
tablice	O
mnozenja	NORM_1WORD
.	O

imam	O
jedan	O
medjuljudski	NORM_1WORD
odnos	O
koji	O
je	O
toliko	O
društveno	O
neprihvaćen	O
da	O
je	O
potpuno	O
korektan	O
.	O

odem	O
na	O
home	O
page	O
a	O
tamo	O
svi	O
kače	O
linkove	O
kao	O
da	O
su	O
anastasija	O
ražnatović	O
.	O

poražavajuće	O
je	O
postojanje	O
ljudi	O
koji	O
imaju	O
stav	O
:	O
"	O
ni	O
sram	O
.	O

aaa	O
ja	O
i	O
dalje	O
ne	O
verujem	O
da	O
neko	O
moze	NORM_1WORD
da	O
kaze	NORM_1WORD
da	O
grupa	O
lmfao	O
izvodi	O
rap	O
muziku	O
.	O

apelaju	NORM_1WORD
da	O
im	O
se	O
pomogne	O
sa	O
dostavom	O
hrane	O
-	O
katastrofa	O
!	O

dzesi	NORM_1WORD
se	O
kupa	O
xd	O

bravo	O
nela	O
,	O
ti	O
i	O
sledeci	NORM_1WORD
put	O
pokusaj	NORM_1WORD
da	O
sama	O
,	O
u	O
stiklama	NORM_1WORD
,	O
posle	O
izlaska	O
pronadjes	NORM_1WORD
precicu	NORM_1WORD
kroz	O
sumu	NORM_1WORD
!	O

selakovic	NORM_1WORD
kaze	NORM_1WORD
da	O
notari	O
imaju	O
osig	NORM_1WORD
od	O
odgovornosti	O
.	O

rano	O
je	O

jebena	O
demokratija	O
!	O

koji	O
sam	O
ja	O
majstor	O
ustvari	NORM_1WORD
.	O

znaci	NORM_1WORD
kako	O
tako	O
ne	O
umem	O
da	O
procenim	O
ljude	O

pa	O
ok	O
,	O
idi	O
čuvaj	O
ovce	O
i	O
meditiraj	O
!	O

a	O
ima	O
tih	O
tviteraša	O
kojima	O
gledam	O
svaki	O
tvit	O
,	O
svaki	O
menšn	O
,	O
gledam	O
šta	O
fejvuju	O
,	O
eventualno	O
ih	O
gledam	O
dok	O
spavaju	O
.	O

http://t.co/qzgkomdhay	O
#samopitam	O

šteta	O
,	O
a	O
taman	O
sam	O
hteo	O
da	O
sklopim	O
pakt	O
sa	O
par	O
huligana	O
da	O
mi	O
iz	O
konversa	O
ukradu	O
duboke	O
sive	O
i	O
plitke	O
crvene	O
starke	O
,	O
te	O
mi	O
još	O
fale	O
.	O

drugarica	O
je	O
izjavila	O
da	O
licim	NORM_1WORD
na	O
musko	NORM_1WORD
jer	O
nemam	O
dugacke	NORM_1WORD
nokte	O
,	O
drugarice	O
znaci	NORM_1WORD
druze	NORM_1WORD
brate	O
okej	O
vazi	NORM_1WORD

ja	O
reko	NORM_1WORD
ovaj	O
ne	O
ovaj	O
ima	O
tablice	O
bg	O
.	O

osvrni	O
se	O
na	O
grad	O
u	O
kojem	O
sam	O
bila	O
tvoja	O
.	O

@tonibaranek	O
@waveyparticle	O
ne	O
pomazu	NORM_1WORD
ni	O
dva	O
sunca	O
istovremeno	O
ako	O
je	O
magla	O
gusta	O
.	O

ma	O
da	O
li	O
se	O
pije	O
rakija	O
i	O
jede	O
domaca	NORM_1WORD
sunka	NORM_1WORD
sa	O
sestrama	O
ruskinjama	O
.	O

oni	O
izađu	O
,	O
ja	O
ostanem	O
kod	O
kuće	O
da	O
učim	O
-	O
klup	NORM_1WORD
pun	O
,	O
dve	O
devojke	O
se	O
pobiju	O
,	O
piće	O
džabe	O
,	O
muzika	O
nikad	O
bolja	O
,	O
ešton	O
kučer	O
pitao	O
gde	O
sam	O
...	O

kakav	O
promašaj	O
chado	O
.	O

zato	O
što	O
je	O
nju	O
sramota	O
što	O
kupuje	O
kondome	O
a	O
mene	O
što	O
ne	O
kupujem	O
.	O

ako	O
ukradeš	O
nešto	O
u	O
srbiji	O
,	O
onda	O
si	O
lopov	O
.	O

dok	O
se	O
ne	O
rastope	O
boje	O
je	O
za	O
mene	O
dobilo	O
značenje	O
kad	O
sam	O
sveže	O
ofarbana	O
i	O
našminkama	NORM_1WORD
izašla	O
na	O
kišu	O
.	O

žao	O
mi	O
je	O
pravih	O
fotografa	O
,	O
novinara	O
,	O
šminkera	O
,	O
dj-eva	O
,	O
modela	O
...	O
što	O
ih	O
brukaju	O
ovi	O
retardi	O
koji	O
misle	O
da	O
to	O
jesu	O
.	O

satima	O
,	O
danima	O
,	O
godinama	O
.	O

to	O
znaci	NORM_1WORD
da	O
sam	O
nevidjeno	NORM_1WORD
pametan	O
...!!	O

uspem	O
da	O
se	O
popnem	O
na	O

nekad	O
mi	O
dođe	O
da	O
se	O
ošišam	O
drastično	O
,	O
a	O
onda	O
se	O
ugreje	O
voda	O
u	O
bojleru	O
,	O
pa	O
se	O
na	O
miru	O
isfeniram	O
,	O
zamahnem	O
k'o	NORM_1WORD
beyoncé	O
i	O
sve	O
bude	O
ok	O
.	O

izgleda	O
da	O
sam	O
u	O
istraživanju	O
fb-a	O
o	O
uticaja	NORM_1WORD
na	O
raspoloženje	O
upala	O
u	O
grupu	O
za	O
pozitivne	O
info	NORM_1WORD
.	O

to	O
je	O
ta	O
svetla	O
buducnost	NORM_1WORD

jao	O
ljudi	O
sto	NORM_1WORD
volim	O
da	O
gledam	O
filmove	O
o	O
isterivanju	O
djavola	NORM_1WORD
,	O
pa	O
to	O
je	O
zabava	O
od	O
pocetka	NORM_1WORD
do	O
kraja	O
filma	O
.	O

-	O
ćaletova	O
pesma	O
:	O
http://t.co/cf9bydbww3	O
via	O
@youtube	O

odavno	O
refleksno	O
ispravljam	O
tuđe	O
gramatičke	O
greške	O
,	O
ali	O
mi	O
ništa	O
nije	O
slađe	O
nego	O
kad	O
ispravim	O
milostivu	O
...	O

mama	O
:	O
e	O
ova	O
ti	O
je	O
lepa	O

ja	O
reko	NORM_1WORD
jel	NORM_1WORD
ti	O
licim	NORM_1WORD
na	O
hostesu	O
debilu	O
?	O

ispostavilo	O
se	O
da	O
je	O
ista	O
grupa	O
u	O
pitanju	O
.	O

naše	NORM_1WORD
dede	O
boluju	O
od	O
rata	O
(	O
2.	O
)	O
,	O
naše	NORM_1WORD
tate	O
od	O
bombardovanja	O
,	O
ja	O
ću	O
da	O
se	O
pozovem	O
jednog	O
dana	O
na	O
to	O
što	O
nisam	O
uspela	O
da	O
izbavim	O
loru	O

odem	O
u	O
poslastičaru	NORM_1WORD
,	O
i	O
naručim	O
kolač	O
,	O
beli	O
,	O
svideo	O
mi	O
se	O
,	O
mislim	O
kremast	O
,	O
šlag	O
.	O

komunalci	O
,	O
kace	NORM_1WORD
pocne	NORM_1WORD
kaznjavanje	NORM_1WORD
?	O

pojeo	O
sam	O
red	O
milke	O
s	O
bombonicama	O
i	O
necim	NORM_1WORD
sto	NORM_1WORD
lici	NORM_1WORD
na	O
gumenu	O
bombonu	O
.	O

nemam	O
ni	O
ja	O
neki	O
poseban	O
stav	O
o	O
protestu	O
.	O

spc	O
sluzi	NORM_1WORD
moleban	O
da	O
prestane	O
kisa	NORM_1WORD
,	O
evo	O
i	O
ja	O
cu	NORM_1WORD
da	O
popijem	O
par	O
vinjaka	O
u	O
to	O
ime	O
!	O

valjda	O
će	O
me	O
zapasti	O
neko	O
milionče	O
,	O
nešto	O
sam	O
utanjio	O
preko	O
praznika	O
.	O

izem	O
ti	O
ja	O
sva	O
tehnoloska	NORM_1WORD
dostignuca	NORM_1WORD
kad	O
jos	NORM_1WORD
uvek	O
nije	O
pronadjen	NORM_1WORD
magicni	NORM_1WORD
stapic	NORM_1WORD
za	O
sredjivanje	NORM_1WORD
kuce	NORM_1WORD
!	O

ali	O
hoću	O
sad	O
još	O
da	O
je	O
hejtujem	O

weber	O
revisited	O
.	O

oni	O
koji	O
žive	O
pregršt	O
nesavršenih	O
trenutaka	O
verujući	O
da	O
su	O
bliži	O
savršenom	O
i	O
svi	O
oni	O
koji	O
shvataju	O
da	O
je	O
svaki	O
trenutak	O
savršen	O
.	O

uz	O
to	O
me	O
boli	O
rame	O
.	O

kad	O
god	O
je	O
vreme	O
da	O
se	O
neki	O
belosvetski	O
tiranin	O
bombarduje	O
,	O
on	O
pobije	O
nevinu	O
decu	O
i	O
koristi	O
hemijsko	O
oruzje	NORM_1WORD
.	O

on	O
odgovara	O
direktno	O
vladi	O
,	O
ne	O
njoj	O
,	O
zato	O
mu	O
ne	O
moze	NORM_1WORD
ništa	O
.	O

samo	O
još	O
da	O
nas	O
ograde	O
žicom	O
kao	O
kerove	O
.	O

postoje	O
dve	O
stvari	O
od	O
kojih	O
bi	NORM_1WORD
da	O
živim	O
:	O
od	O
roisin	O
night	O
i	O
od	O
skandinavije	O
.	O

kad	O
me	O
ćale	O
pozove	O
da	O
se	O
vidim	O
sa	O
rodjacima	NORM_1WORD
na	O
skajpu	O
koje	O
prvi	O
put	O
vidim	O
pa	O
moram	O
da	O
se	O
smeškam	O
i	O
serem	O
kako	O
sam	O
odličan	O
.	O

da	O
je	O
kul	O
da	O
te	O
neispavanog	O
probudi	O
vrućina	O
i	O
istera	O
te	O
na	O
kafu	O
?	O

iako	O
relavantni	NORM_1WORD
politički	O
akteri	O
odbijaju	O
promenu	O
ka	O
većinskom	O
izbornom	O
sistemu	O
,	O
građani	O
sami	O
sve	O
više	O
glasaju	O
prema	O
ličnostima	O
.	O

svako	O
ima	O
svoju	O
mračnu	O
stranu	O
,	O
problem	O
je	O
ako	O
je	O
ona	O
slušanje	O
jareda	O
leta	O
kako	O
peva	O
lady	O
gagu	O
i	O
rihannu	O
.	O

kolac	NORM_1WORD
u	O
tiganju	O
21.	O
veka	O
:d	O

hvala	O
bogu	O
,	O
nisu	O
česte	O
..	O

leba	NORM_1WORD
nemali	O
vi	O
sto	NORM_1WORD
'leb	NORM_1WORD
prodajete	O
u	O
ducanima	NORM_1WORD
za	O
paprene	O
pare	O
i	O
zedni	NORM_1WORD
lipsali	O
,	O
zbog	O
vode	O
koju	O
naplacujete	NORM_1WORD
kao	O
da	O
je	O
nafta	O
.	O

hmeljnickom	O
?	O

#uzivam	O
u	O
jagodama	O
sa	O
slagom	NORM_1WORD
:)	O

eve	NORM_1WORD
doruckujem	NORM_1WORD
treci	NORM_1WORD
put	O
,	O
ustao	O
sam	O
u	O
pola	O
pet	O
pa	O
bsnzam	NORM_1WORD
i	O
skupljam	O
izgubljene	O
duse	NORM_1WORD
.	O

@coachgoran	O
@vladimircvijan	O
vladimir	O
cvijan	O
nema	O
podršku	O
građana	O
,	O
izašao	O
je	O
iz	O
sns	NORM_1WORD
a	O
ima	O
toliko	O
novca	O
da	O
će	O
osnovati	O
svoju	O
stranku	O
.	O

sad	O
kad	O
je	O
gusto	O
krivi	O
djelic	NORM_1WORD
i	O
djindjic	NORM_1WORD
.	O

eskimi	O
pocrkali	O
.	O

istinsko	O
bogatstvo	O
i	O
sreća	O
mogu	O
se	O
naći	O
isključivo	O
iznutra	O
,	O
a	O
ne	O
spolja	O
,	O
i	O
oni	O
se	O
ne	O
mogu	O
„	O
postići	O
“	O
već	O
isključivo	O
„	O
ostvariti	O
“	O
„	O
ovde	O
i	O
sada	O
“	O

glupo	O
je	O
.	O

keba	O
ima	O
uverenje	O
da	O
nije	O
mandov	O
,	O
šerifovička	NORM_1WORD
da	O
nije	O
lgbd	NORM_1WORD
,	O
nikolićka	O
da	O
nije	O
rasista	O
.	O

@harambasha10	O
ili	O
recimo	O
kao	O
majkl	O
daglas	O
u	O
filmu	O
"	O
igra	O
"	O
...	O

brate	O
...	O
ovaj	O
m.	O
n.	O
ponekad	O
previse	NORM_1WORD
kenja	O
.	O

pa	O
kralju	O
ti	O
uznemiravas	NORM_1WORD
mene	O
,	O
a	O
ne	O
ja	O
tebe	O
!	O

za	O
vođu	O
se	O
ne	O
sprema	O
samo	O
slepac	O
koji	O
je	O
za	O
žaljenje	O
nego	O
bezočni	O
stručnjak	O
za	O
lagamnje	NORM_1WORD
,	O
oblizivanje	O
i	O
glumatanje	O
.	O

više	O
puta	O
su	O
je	O
ponovili	O
u	O
jednoj	O
rečenici	O
nego	O
vučić	O
srbiju	O
...	O

ovo	O
vise	NORM_1WORD
nema	O
smisla	O
vako	NORM_1WORD
!	O

kazem	NORM_1WORD
cerki	NORM_1WORD
pitaj	O
razrednu	O
da	O
te	O
pusti	O
zadnja	O
dva	O
casa	NORM_1WORD
kaze	NORM_1WORD
ne	O
smem	O
dobicu	NORM_1WORD
neopravdani	O
i	O
ukor	O

od	O
brze	O
hrane	O
želudac	O
.	O

ništa	O
ne	O
shvataj	O
lično	O
.	O

na	O
http://t.co/2drqcsjhor	O
je	O
spisak	O
dodeljenih	O
pomoci	NORM_1WORD
.	O

gde	O
je	O
razum	O
tu	O
je	O
đavo	O
.	O

lizala	O
nam	O
rektume	O
sa	O
nama	O
se	O
seva	NORM_1WORD
,	O
na	O
preponama	O
njenim	O
se	O
snifala	O
linea	O
!	O

@markomudrinic	O
cek	NORM_1WORD
cek	NORM_1WORD
,	O
ne	O
znam	O
da	O
li	O
si	O
me	O
dobro	O
razumeo	O
:)	O

tad	O
se	O
bese	NORM_1WORD
samo	O
zvala	O
stari	O
zavet	O
jel	NORM_1WORD
?	O

-	O
izvini	O
,	O
je	O
l'	NORM_1WORD
izlaziš	O
na	O
sledećoj	O
stanici	O
?	O

da	O
ih	O
ne	O
urekne	O
kao	O
cz	O
i	O
partizan	O
.	O

tišina	O
...	O

ako	O
smo	O
mogli	O
da	O
oprostimo	O
rad	O
na	O
etničkom	O
čišćenju	O
jer	O
nisu	O
videli	O
pad	O
berlinskog	O
zida	O
,	O
razumećemo	O
i	O
drkanje	O
medija	O
,	O
da	O
proste	O
žene	O
i	O
deca	O

@panic_snezana	O
dovoljno	O
je	O
staviti	O
im	O
do	O
znanja	O
.	O

ko	O
sve	O
danas	O
ne	O
peva	O

.	O
dva	O
puta	O
sam	O
brojao	O
(	O
oba	O
)	O
.	O

sta	NORM_1WORD
bi	O
froj	NORM_1WORD
rekao	O
na	O
to	O
??	O

u	O
čast	O
današnjeg	O
jubileja	O
(	O
350.	O
dan	O
smaka	O
sveta	O
i	O
pomaka	O
polusveta	O
)	O
,	O
osnivač	O
sds	O
srbije	O
novi	O
predsednik	O
programskog	O
odbora	O
rts	NORM_1WORD
.	O

van	O
domašaja	O
.	O

ali	O
ljudi	O
,	O
teča	O
djuro	NORM_1WORD
iz	O
njemačke	NORM_1WORD
,	O
rusin	O
najveći	O
mi	O
uleteo	O
sa	O
10	O
ojra	NORM_1WORD
,	O
pa	O
ja	O
plačem	O
nijagarine	O
vodopade	O
i	O
suze	O
devojačke	O
!	O

care	O
crna	O
si	O
kao	O
ugalj	O
posle	O
3	O
min	NORM_1WORD
.	O

nijedan	O
me	O
nije	O
ubedio	O
da	O
me	O
nece	NORM_1WORD
povrediti	O
emotivno	O
,	O
dok	O
skoro	O
svaki	O
ne	O
voli	O
grub	O
seks	O
i	O
fizicko	NORM_1WORD
'	O
povredjivanje	NORM_1WORD
'	O

kurva	O
je	O
nevina	O
devojčica	O
u	O
odnosu	O
na	O
političke	O
ober	O
kurve	O
u	O
javnoj	O
kući	O
pod	O
firmom	O
#skupstinasrbije	O

šta	O
kaže	O
podgoričanka	O
za	O
momka	O
kad	O
nije	O
sigurna	O
da	O
li	O
je	O
bogat	O
?	O

kesiću	O
,	O
čekam	O
te	O
da	O
nas	O
isprozivaš	O
,	O
nema	O
šta	O
da	O
se	O
gleda	O
.	O

osecamo	NORM_1WORD
se	O
vise	NORM_1WORD
zivi	NORM_1WORD
dok	O
to	O
radimo	O
.	O

hm	O
?	O

blic	O
je	O
out	O
a	O
ovde	O
ima	O
više	O
golotinje	O
i	O
patetike	O
.	O

nova	O
sirija	O
rt	O
“	O
@harisjusufovic	O
:	O
zao	NORM_1WORD
mi	O
je	O
ukrajine	O
,	O
godinama	O
podijeljena	O
zemlja	O
na	O
zapad	O
i	O
istok	O
tone	O
u	O
građanski	O
rat	O
.	O
”	O

za	O
vreme	O
reklama	O
sam	O
odgledao	O
film	O
i	O
spremio	O
2	O
ispita	O
i	O
imam	O
vremena	O
za	O
kafu	O
da	O
skuvam	O
#xfactoradria	O

kvalitet	O
tekstova	O
u	O
danasnjim	NORM_1WORD
novinama	O
(	O
cast	NORM_1WORD
izuzecima	O
)	O
je	O
takav	O
da	O
je	O
horoskop	O
najsmislenija	O
stvar	O
koju	O
ces	NORM_1WORD
procitati	NORM_1WORD
.	O

čestitam	O
autorki	O
tvita	O
što	O
kod	O
nje	O
sve	O
vrste	O
inteligencije	O
postoje	O
u	O
skladu	O
jedne	O
s	O
drugima	O
.	O

budimo	O
realni	O
,	O
od	O
građanije	O
koja	O
je	O
zapela	O
onomad	O
na	O
čedu	O
da	O
se	O
izvinjava	O
zbog	O
pominjanja	O
kanibala	O
nisam	O
bolje	O
ni	O
očekivao	O
.	O

@gordanacom	O
@slideshare	O
multikult.	NORM_1WORD
je	O
besmislica	O
.	O

svima	O
je	O
hladno	O
.	O

jel	NORM_1WORD
tako	O
@milojesekulic	O
?	O

ove	O
godine	O
bih	O
malo	O
promenio	O
tipa	O
neki	O
drugi	O
crtani	O

reko'	NORM_1WORD
kamo	O
sreće	O
da	O
jesam	O
,	O
spasio	O
bih	O
se	O
prevoza	O
gspom	NORM_1WORD
i	O
tebe	O

kad	O
udjem	NORM_1WORD
na	O
neciji	NORM_1WORD
profil	O
,	O
i	O
vidim	O
da	O
ima	O
20	O
k	O
tvitova	O
,	O
odma'	NORM_1WORD
izadjem	NORM_1WORD
.	O

obozavam	NORM_1WORD
da	O
se	O
jebem	O
dok	O
grmi	O
i	O
pada	O
kisa	NORM_1WORD
,	O
samo	O
sto	NORM_1WORD
se	O
nikada	O
nisam	O
jebala	O
dok	O
grmi	O
i	O
pada	O
kisa	NORM_1WORD
,	O
ali	O
obozavam	NORM_1WORD
.	O

problem	O
je	O
u	O
nepostojanju	O
tih	O
moći	O
.	O

mi	O
srbi	O
smo	O
doktori	O
nauka	O
da	O
nađemo	O
načina	O
i	O
spojimo	O
mesece	O
nerada	O
.	O

da	O
li	O
sam	O
sad	O
uticajna	O
?	O

stvarno	O
moraš	O
imati	O
izuzetan	O
talenat	O
da	O
na	O
pozicije	O
ministara	O
dovodiš	O
ljude	O
za	O
koje	O
se	O
ne	O
zna	O
ko	O
je	O
veća	O
budala	O
.	O

marketing	O
nije	O
na	O
odmet	O
.	O

imaju	O
li	O
ljudi	O
srca	O
uopšte	O
..	O

malo	O
oblaka	O
,	O
malo	O
kiše	O
nad	O
vračarom	O
.	O

ako	O
vam	O
kojim	O
slučajem	O
smeta	O
prisustvo	O
majke	O
dok	O
gledate	O
tv	O
,	O
prebacite	O
na	O
neki	O
film	O
sa	O
stivenom	O
sigalom	O
,	O
moja	O
odmah	O
pobegne	O
kako	O
đavo	O
od	O
krsta	O

hahah	O
,	O
dal'	NORM_1WORD
je	O
ovo	O
realno	O
?!	O

rekla	O
sam	O
drugarici	O
da	O
sam	O
tu	O
za	O
10	O
,	O
misleći	O
da	O
sam	O
bajsom	O
,	O
odem	O
navodno	O
po	O
njega	O
i	O
shvatim	O
da	O
sam	O
ustvari	O
ipak	O
došla	O
peške	O
.	O

ne	O
pravi	O
stranka	O
ljude	O
i	O
ideju	O
.	O

dva	O
dana	O
po	O
ulasku	O
u	O
eu	O
na	O
hrt-u	O
nazvaše	O
@marionbartoli	O
italijankom	O
.	O

rtv	O
prekida	O
program	O
od	O
1.	O
septembra	O
i	O
to	O
je	O
strašno	O
,	O
ali	O
mene	O
zanima	O
gde	O
će	O
ići	O
"	O
državni	O
pos'o	NORM_1WORD
"	O
sad	O
.	O

tri	O
naša	O
epska	O
arhetipa	O
su	O
marko	O
kraljević	O
,	O
banović	O
strahinja	O
,	O
maksim	O
crnojević	O
,	O
kaže	O
milena	O
marković	O
.	O

otišao	O
je	O
iza	O
ćoška	O
da	O
ga	O
izdrka	O
,	O
sto	O
posto	O
.	O

izbacili	O
ih	O
iz	O
hotela	O
pa	O
moraju	O
da	O
spavaju	O
u	O
busu	O
i	O
drugi	O
odma	NORM_1WORD
kenjaju	O
da	O
je	O
to	O
ispravan	O
postupak	O
,	O
šta	O
ti	O
bi	O
kao	O
bio	O
miran	O
i	O
nebi	NORM_1WORD
pio	O
!?	O

a	O
ja	O
bas	NORM_1WORD
mislila	O
da	O
jesu	O
,	O
steta	NORM_1WORD
.	O

cekam	NORM_1WORD
klinca	O
u	O
skoli	NORM_1WORD
,	O
i	O
pitam	O
se	O
o	O
cemu	NORM_1WORD
se	O
ovde	O
radi	O
?	O

setam	NORM_1WORD
se	O
ja	O
kroz	O
usce	NORM_1WORD
i	O
pocinje	NORM_1WORD
'	O
wiggle	O
'	O
i	O
ja	O
na	O
sred	O
hodnika	O
pocibjem	NORM_1WORD
da	O
igram	O
...	O

okej	O
,	O
vratio	O
sam	O
se	O
,	O
pogrešna	O
epizoda	O
mi	O
se	O
učitala	O
,	O
a	O
internet	O
mi	O
je	O
i	O
dalje	O
prespor	O
od	O
tajnija	O
,	O
plaky	NORM_1WORD
.	O

nikako	O
da	O
kažu	O
ovi	O
iskvarcovani	O
zašto	O
su	O
raspisani	O
izbori	O
?	O

kako	O
može	O
da	O
dozvoli	O
da	O
propadne	O

na	O
rjuriku	O
?	O

ili	O
je	O
to	O
zato	O
što	O
sam	O
blokirala	O
blic	O
.	O

a	O
šta	O
ako	O
me	O
zevs	O
pogledao	O
i	O
sutra	O
me	O
redakcija	O
elle-a	O
pozove	O
na	O
šuting	O
za	O
fotku	O
decembarske	O
naslovnice	O
?	O

ja	O
ne	O
bih	O
umela	O
da	O
budem	O
direktor	O
nuklearne	O
elektrane	O
i	O
da	O
mi	O
to	O
neko	O
ponudi	O
odbila	O
bih	O
...	O

kupio	O
sam	O
sto	O
piva	O
i	O
nutelu	O
,	O
kasirka	O
u	O
maksiju	O
samo	O
što	O
mi	O
nije	O
rekla	O
aj'	NORM_1WORD
prođi	O
,	O
ne	O
moraš	O
ništa	O
da	O
platiš	O
.	O

i	O
plavetnila	O
iznad	O
mene	O
.	O

kada	O
sazri	O
za	O
vlast	O
postaje	O
slatka	O
i	O
meka	O
.	O

zar	O
ce	NORM_1WORD
opet	O
srbija	O
da	O
bude	O
kontejner	O
za	O
svako	O
svetsko	O
dzubre	NORM_1WORD
.	O

skoro	O
je	O
upalilo	O
.	O

vaš	O
je	O
veoma	O
stimulativan	O
.	O

pusite	NORM_1WORD
kurac	O
politicari	NORM_1WORD
!	O

svaki	O
put	O
kad	O
svršiš	O
u	O
peškir	O
a	O
ne	O
u	O
njena	O
usta	O
stara	O
majka	O
mora	O
da	O
dokupljuje	O
ariel	O
,	O
pu	O
bedniče	O
poštedi	O
majku	O
troška	O
.	O

@vladogeorgiev	O
nisam	O
dizajner	O
,	O
ali	O
zamisljam	NORM_1WORD
zalazak	O
sunca	O
u	O
prvom	O
planu	O
,	O
more	O
,	O
vi	O
sedite	O
na	O
palubi	O
,	O
gledate	O
u	O
daljinu	O
.	O

svi	O
vi	O
sto	NORM_1WORD
se	NORM_1WORD
se	O
molili	O
za	O
upokojenje	O
vlade	O
,	O
7	O
puta	O
ocenas	NORM_1WORD
i	O
klecanje	NORM_1WORD
na	O
kukuruzu	O
1389	O
minuta	O
...	O

kakve	O
sad	O
uplate	O
?	O

umesto	O
da	O
posaljem	NORM_1WORD
krasu	O
smajli	O
ja	O
mu	O
posaljem	NORM_1WORD
neki	O
retardirani	O
stiker	O
na	O
kome	NORM_1WORD
pise	NORM_1WORD
ajm	O
sori	O
,	O
pa	O
ne	O
mogu	O
ubicu	NORM_1WORD
se	O
.	O

niko	O
nema	O
vise	NORM_1WORD
od	O
jednog	O
zivota	NORM_1WORD
.	O

opozicija	O
zvanično	O
postoji	O
ali	O
kao	O
da	O
je	O
nema	O
.	O

treba	O
raditi	O
na	O
vlastitoj	O
kulturi	O
,	O
a	O
"	O
multi	O
"	O
će	O
da	O
stigne	O
samo	O
,	O
kad	O
vreme	O
za	O
to	O
sazri	O
.	O

ti	O
mu	O
napises	NORM_1WORD
"	O
napravi	O
mi	O
sina	O
pod	O
svetlima	O
kazina	O
"	O
a	O
on	O
tebi	O
"	O
radjaj	NORM_1WORD
sinove	O
,	O
idi	O
drugome	O
samo	O
pusti	O
me	O
na	O
miru	O
"	O
i	O
ti	O
lepo	O
umres	NORM_1WORD
od	O
blama	O
...	O

masniji	O
burek	O
sa	O
krompirom	O
u	O
životu	O
nisam	O
video	O
,	O
a	O
kamoli	O
pojeo	O
.	O

među	O
njima	O
videh	O
tomića	O
iz	O
simpa	O
,	O
kolko	NORM_1WORD
juče	O
bio	O
je	O
poreski	O
dužnik	O
.	O

koliko	O
su	O
neka	O
deca	O
nepodnosljiva	NORM_1WORD
i	O
prenevaspitana	O
,	O
pa	O
ubila	O
bih	O
ih	O
tacno	NORM_1WORD
!	O

ja	O
bez	O
nje	O
nisam	O
ni	O
zdrav	O
,	O
a	O
jos	NORM_1WORD
manje	O
ziv	NORM_1WORD
.	O

ha	O
,	O
ha	O
.	O

-	O
nije	O
nego	O
je	O
to	O
genetika	O
.	O

pa	O
ti	O
vidi	O
šta	O
ćeš	O
:p	O

kod	O
inteligentnih	O
ljudi	O
uglavnom	O
postoji	O
sklonost	O
da	O
ne	O
veruju	O
u	O
ono	O
u	O
šta	O
veruju	O
mase	O
,	O
i	O
najčešće	O
ih	O
to	O
stavi	O
na	O
nišan	O
.	O

sve	O
te	O
neke	O
zene	NORM_1WORD
po	O
televizijama	O
koje	O
nameste	O
glas	O
na	O
dramaticno	NORM_1WORD
i	O
izraz	O
lica	O
na	O
ozbiljno	NORM_1WORD
,	O
pa	O
kazu	NORM_1WORD
da	O
ce	NORM_1WORD
biti	O
izuzetno	O
hladno	O
.	O

teleportacijo	O
,	O
ako	O
ćeš	O
ikada	O
da	O
se	O
aktiviraš	O
neka	O
to	O
bede	NORM_1WORD
sada	O
,	O
dakle	O
daljinski	O
!	O

-	O
zamisli	O
da	O
se	O
vozimo	O
u	O
smartu	O
,	O
izginuli	O
bi	NORM_1WORD
!	O

ako	O
su	O
usta	O
ko	NORM_1WORD
kod	O
majmuna	O
,	O
grudi	O
ko	NORM_1WORD
lopte	O
a	O
gardetroba	NORM_1WORD
ko	NORM_1WORD
sa	O
pinka	O
,	O
onda	O
budite	O
sigurni	O
da	O
bi	O
i	O
mozak	O
bio	O
nabudzen	NORM_1WORD
da	O
ga	O
je	O
bilo	O
.	O

ništa	O
.	O

eno	O
ga	O
jos	NORM_1WORD
uvek	O
kuka	O
kako	O
unuce	NORM_1WORD
doziveti	NORM_1WORD
nece	NORM_1WORD
.	O

au	O
pa	O
kako	O
sam	O
ja	O
mogao	O
da	O
živim	O
do	O
sada	O
bez	O
android	O
jebenog	O
play	O
store	O
mater	O
li	O
vam	O
jebem	O
buržujsku	O
.	O

he	O
once	O
was	O
red	O
now	O
he	O
is	O
blue	O
!	O

ako	O
su	O
bezb.	NORM_1WORD
sluzbe	NORM_1WORD
znale	O
da	O
je	O
neko	O
nabavio	O
sonu	NORM_1WORD
kiselinu	O
,	O
oruzje	NORM_1WORD
i	O
da	O
je	O
planirao	O
napad	O
na	O
ucesnike	NORM_1WORD
prajda	O
,	O
zasto	NORM_1WORD
niko	O
nije	O
uhapsen	NORM_1WORD
?	O

čekam	O
u	O
redu	O
za	O
pljedzu	NORM_1WORD
,	O
i	O
pita	O
likuša	O
pre	O
mene	O
.	O

@dje_ces_stani	O
@barbikakurva	O
gotivi	O
te	O
samo	O
zato	O
što	O
imaš	O
više	O
folovera	O
od	O
mene	O
.	O

stala	O
moja	O
majka	O
i	O
krsti	O
se	O
,	O
ja	O
se	O
pitam	O
zasto	NORM_1WORD
i	O
onda	O
shvatim	O
da	O
je	O
to	O
zato	O
sto	NORM_1WORD
sam	O
uzela	O
da	O
sredjujem	NORM_1WORD
stvari	O
.	O

ali	O
nemam	O
ja	O
tolike	O
godine	O
da	O
cekam	NORM_1WORD
niti	O
se	O
zajebavam	O
sa	O
nekim	O
.	O

svima	O
.	O

moje	O
stranke	O
su	O
sve	O
sjebane	O
do	O
te	O
mere	O
da	O
me	O
je	O
sramota	O
da	O
nosim	O
na	O
posao	O
odeću	O
koja	O
nije	O
siva	O
ili	O
teget	O
.	O

movao	NORM_1WORD
sam	O
da	O
vas	O
vazočavam	NORM_1WORD
što	O
nisam	O
došao	O
danas	O
,	O
jev	NORM_1WORD
bi	O
ljudi	O
pomisvivi	NORM_1WORD
da	O
sam	O
ja	O
natevao	NORM_1WORD
one	O
ljude	O
da	O
tomi	O
viču	O
da	O
je	O
šiptav	NORM_1WORD
.	O

zvezda	O
je	O
letos	O
odigrala	O
egal	O
utakmicu	O
sa	O
bazelom	O
.	O

kakvo	O
god	O
da	O
je	O
mišljenje	O
ljudi	O
o	O
tebi	O
,	O
pozitivno	O
ili	O
negativno	O
,	O
to	O
je	O
samo	O
njihovo	O
mišljenje	O
,	O
a	O
ne	O
istina	O
.	O

@mdamnjanovic	O
hvala	O
!	O

a	O
zašto	O
boža	O
đelić	O
ne	O
bi	O
otišao	O
u	O
kafanu	O
?	O

jutros	O
baka	O
ispred	O
mene	O
u	O
redu	O
na	O
kasi	O
kupila	O
vinjak	O
,	O
2	O
l	O
crnog	O
vina	O
,	O
coca-colu	O
,	O
milku	O
i	O
cips	NORM_1WORD
.	O

smrtonosni	O
pohod	O
internet	O
trolova	O
:	O
9	O
tinejdžera	O
se	O
ubilo	O
posle	O
zlostavljanja	O
na	O
druš.	NORM_1WORD
mreži	O
>	O

@mahlat	O
baš	O
sinoć	O
sam	O
razgovarao	O
o	O
tome	O
s	O
majkom	O
,	O
penzionisanom	O
učiteljicom	O
.	O

ja	O
to	O
ne	O
doživljavam	O
kao	O
neko	O
izdvajanje	O
,	O
nego	O
neko	O
ima	O
više	O
,	O
neko	O
manje	O
,	O
nekom	O
naišla	O
neka	O
para	O
,	O
neko	O
ostao	O
bez	O
istih	O
.	O

http://t.co/7qfwvlpwdi	O
via	O
@mozzartsport	O

kakvim	O
sudaranjem	O
atoma	O
je	O
stvoreno	O
biće	O
koje	O
diše	O
,	O
kojem	O
krv	O
teče	O
venama	O
,	O
a	O
da	O
nema	O
u	O
sebi	O
,	O
kada	O
sklopi	O
oči	O
,	O
tih	O
uzdah	O
maštanja	O
?	O

nijedna	O
obrazovna	O
institucija	O
u	O
zemlji	O
nema	O
takvu	O
moć	O
da	O
formira	O
beskrajno	O
pogrešnu	O
ličnost	O
,	O
kao	O
akademija	O
umetnosti	O
u	O
novom	O
sadu	O
.	O

vi	O
znate	O
zašto	O
.	O

ova	O
nataša	O
bekvalac	O
ima	O
pokrete	O
na	O
sceni	O
kao	O
da	O
je	O
kući	O
pred	O
ogledalom	O
vežbala	O
koreografiju	O
za	O
jednu	O
pesmu	O
,	O
a	O
ovi	O
u	O
studiju	O
pustili	O
drugu	O
.	O

kupio	O
sam	O
gotovo	O
jelo	O
(	O
ćufte	O
)	O
na	O
slici	O
7	O
u	O
pakovanju	O
jedva	O
2	O

mesto	O
gde	O
provedeš	O
najsrećnije	O
,	O
najtužnije	O
,	O
najstrastvenije	O
i	O
najusamljenije	O
trenutke	O
života	O
.	O

evo	O
je	O
depresija	O
na	O
vidiku	O
.	O

normalan	O
čovek	O
ne	O
može	O
dugo	O
da	O
živi	O
u	O
patnji	O
i	O
da	O
potiskuje	O
bes	O
i	O
nesreću	O
.	O

pa	O
sta	NORM_1WORD
ako	O
si	O
posla	NORM_1WORD
do	O
prodavnice	O
,	O
ocesljaj	NORM_1WORD
se	O
,	O
ne	O
budi	O
lopata	O
jbt	NORM_1WORD
.	O

pustis	NORM_1WORD
jednom	O
prijatelju	O
iz	O
ukrajine	O
pesmu	O
iskreno	O
od	O
@vladogeorgiev	O
i	O
on	O
je	O
peva	O
cele	O
nedelje	O
.	O

@viridisknight	O
i	O
mene	O
bi	O
žena	O
tako	O
pazila	O
pre	O
5	O
godina	O
(	O
treća	O
godina	O
braka	O
)	O
.	O

neke	O
stvari	O
možemo	O
reći	O
ljudima	O
ali	O
će	O
se	O
oni	O
pretvarati	O
kao	O
da	O
ih	O
nisu	O
čuli	O
,	O
a	O
mi	O
na	O
kraju	O
kao	O
da	O
ih	O
nismo	O
ni	O
rekli	O
...	O

nisam	O
ja	O
nikad	O
bila	O
za	O
njega	O
,	O
ja	O
nisam	O
jedna	O
od	O
onih	O
koja	O
bi	O
te	O
slusala	NORM_1WORD
i	O
radila	O
sve	O
sto	NORM_1WORD
joj	O
kazes	NORM_1WORD
,	O
ja	O
sam	O
od	O
onih	O
koja	O
tera	O
po	O
svom	O
.	O

lezim	NORM_1WORD
u	O
krevetu	O
,	O
slusam	NORM_1WORD
kosmajca	O
i	O
pesmu	O
pitaju	O
me	O
pitaju	O
ko	O
je	O
zena	NORM_1WORD
ta	O
.	O

pa	O
realno	O
boli	O
me	O
kurac	O
za	O
druge	O
ja	O
ću	O
sama	O
sebi	O
napraviti	O
tortu	O
za	O
rođendan	O
kakvu	O
ja	O
hoću	O
jer	O
moju	O
kevu	O
boli	O
hemijska	O
olovka	O
da	O
mi	O
pravi	O
!	O

tako	O
ti	O
je	O
kada	O
se	O
veruje	O
samo	O
jednom	O
čoveku	O
.	O

koliko	O
je	O
puta	O
@bruxbey	O
sačuvan	O
na	O
mom	O
tl	NORM_1WORD
samo	O
zahvaljujući	O
krvci	NORM_1WORD
,	O
to	O
više	O
ni	O
ne	O
brojim	O
.	O

@fruitforce	O
kakvo	O
čojstvo	O
?	O

kapućino	O
u	O
aureliju	O
-	O
jedna	O
cena	O
za	O
baštu	O
druga	O
za	O
unutra	O
.	O

aleksa	O
(	O
drug	O
iz	O
vrtica	NORM_1WORD
)	O
stalno	O
trazi	NORM_1WORD
da	O
se	O
igramo	O
pcelice	NORM_1WORD
maje	O
i	O
pava	O
.	O

kad	O
mi	O
cale	NORM_1WORD
poverava	O
banalne	O
stvari	O
kao	O
npr.	O
da	O
se	O
javim	O
na	O
interfon	O
ako	O
on	O
zaspe	NORM_1WORD
,	O
u	O
to	O
se	O
udubi	O
kao	O
da	O
mi	O
obasnjava	NORM_1WORD
tajnu	O
svetog	O
grala	O
.	O

prvo	O
su	O
je	O
pravili	O
kao	O
skadar	O
na	O
bojani	O
..	O

mislim	O
da	O
cu	NORM_1WORD
pojmove	O
tipa	O
soli	O
,	O
usori	NORM_1WORD
,	O
ston	O
,	O
peljesac	NORM_1WORD
,	O
stubik	O
,	O
kruse	O
i	O
slicne	NORM_1WORD
wtf	O
geografske	O
lokacije	O
doveka	O
imati	O
u	O
mozgu	O
.	O

jel	NORM_1WORD
ima	O
neki	O
update	O
ili	O
si	O
resio	NORM_1WORD
da	O
osvezis	NORM_1WORD
temu	O
?	O

upucaš	O
par	O
ljudi	O
i	O
db	O
-	O
bia	O
....	O
te	O
pozove	O
da	O
radiš	O
za	O
njih	O
.	O

evo	O
idem	O
na	O
foamfest	O
i	O
nema	O
veze	O
sto	NORM_1WORD
narednih	O
nedelju	O
dana	O
necu	NORM_1WORD
moci	NORM_1WORD
ustati	O
iz	O
kreveta	O
,	O
sta	NORM_1WORD
znam	O
,	O
#yolo	O
!	O

easy	O
.	O

igram	O
,	O
dižem	O
ruku	O
dok	O
navlačim	O
majicu	O
,	O
izboksujem	O
kuglu	O
sa	O
lustera	O
,	O
pogledam	O
srču	O
,	O
bole	O
me	O
đoci	O
nastavljam	O
da	O
đuskam	O
.	O

@dzejnreloaded	O
drugaričina	O
sestra	O
je	O
upala	O
u	O
anoreksiju	O
kad	O
je	O
zbog	O
akutnog	O
stresa	O
prestala	O
da	O
jede	O
.	O

@acomdr	O
@simon_w_helper	O
@moravacpz	O
@hrw	O
ne	O
znam	O
gde	O
radiš	O
,	O
ali	O
tamo	O
izgleda	O
rade	O
budale	O
kao	O
ti	O
i	O
idioti	O
.	O

naravno	O
da	O
notari	O
treba	O
da	O
postoje	O
kao	O
u	O
celom	O
civiliz	NORM_1WORD
svetu	O
,	O
ali	O
treba	O
da	O
je	O
stvar	O
izbora	O
da	O
li	O
notar	O
sastavlja	O
ug	NORM_1WORD
ili	O
samo	O
overava	O
potpis	O
.	O

ko	O
tvrdi	O
da	O
prijateljstvo	O
između	O
muškarca	O
i	O
žene	O
ne	O
postoji	O
ne	O
zna	O
šta	O
je	O
pravi	O
i	O
iskreni	O
prijatelj	O
.	O

#gluposti	O

mesani	NORM_1WORD
ili	O
muckani	NORM_1WORD
?	O

upravo	O
sam	O
konstatovala	O
da	O
su	O
skoro	O
sve	O
devojke	O
,	O
koje	O
su	O
važile	O
za	O
"	O
lake	O
"	O
u	O
gradu	O
,	O
danas	O
udate	O
.	O

samo	O
,	O
nisu	O
to	O
ti	O
rifovi	O
bez	O
ritchie	NORM_1WORD
blackmore-a	NORM_1WORD
,	O
nisu	O
zbog	O
toga	O
sto	NORM_1WORD
su	O
njegovi	O

tzv.	O
strucni	NORM_1WORD
kolega	O
/	O
koleginice	O
,	O
slusajte	NORM_1WORD
pazljivo	NORM_1WORD
sta	NORM_1WORD
govorim	O
.	O

mislim	O
da	O
smo	O
@bojana8boyana	O
i	O
ja	O
lakse	NORM_1WORD
uspevale	O
da	O
privolimo	O
nekoga	O
da	O
nas	O
uslika	O
u	O
nici	O
nego	O
u	O
kikindi	O
.	O

nisam	O
optimistična	O
po	O
tom	O
pitanju	O
.	O

bas	NORM_1WORD
preterujem	O
nekad	O
.	O

krevet	O
.	O

kaće	NORM_1WORD
crknu	O
devojke	O
koje	O
nose	O
samostojeće	O
čarape	O
(	O
nemam	O
ideju	O
kako	O
drugačije	O
da	O
ih	O
nazovem	O
)	O
van	O
privatnosti	O
svoga	O
doma	O
?	O

a	O
takvih	O
je	O
često	O
mnogo	O
.	O

upravo	O
sam	O
skapirala	O
da	O
sam	O
od	O
jutros	O
na	O
int.	NORM_1WORD
kifli	O
...	O

zaboravim	O
stvari	O
pre	O
tusiranja	NORM_1WORD
pa	O
onda	O
gologuza	O
smisljam	NORM_1WORD
strategiju	O
kako	O
doci	NORM_1WORD
do	O
sobe	O
da	O
me	O
niko	O
ne	O
vidi	O
!	O

#utisak	O
#macmac	O

to	O
što	O
sam	O
počela	O
da	O
gledam	O
how	O
to	O
get	O
away	O
with	O
murder	O
mesec	O
dana	O
pre	O
ispitnog	O
roka	O
je	O
podmetanje	O
samoj	O
sebi	O
noge	O
.	O

http://t.co/8llmzctkoz	O
...	O

sredina	O
?	O

samo	O
čekam	O
da	O
#zonjak	O
izađe	O
sa	O
megafonom	O
u	O
odžinku	O
i	O
razgalami	O
se	O
:	O
glasajte	O
za	O
nas	O
ako	O
oćete	NORM_1WORD
vodu	O
vi	NORM_1WORD
puštimo	NORM_1WORD
!	O

tu	O
bar	O
imamo	O
iskustvo	O
.	O

mene	O
nemoj	O
ja	O
se	O
plasim	NORM_1WORD
mraka	O
.	O

crci	NORM_1WORD
cu	NORM_1WORD
necu	NORM_1WORD
reci	NORM_1WORD
i	O
told	O
you	O
so	O
.	O

sve	O
manje	O
verujem	O
da	O
je	O
bila	O
gumena	O
bombona	O
...	O

da	O
se	O
trkamo	O
sa	O
putničkim	O
vozom	O
.	O

@djokernole	O

oslepela	O
sam	O
.	O

@turizmologija	O
spot	O
je	O
odličan	O
,	O
samo	O
su	O
izostavljeni	O
mećavnik	O
,	O
a	O
i	O
kragujevac	O
,	O
kao	O
nekadašnja	O
prestonica	O
!	O

zbog	O
ovolke	NORM_1WORD
gungule	O
oko	O
šita	O
godine	O
zaboravili	O
smo	O
žute	O
ljude	O
sa	O
istoka	O
,	O
i	O
vulina	O
,	O
i	O
sve	O
.	O

startuje	O
me	O
lik	O
na	O
sred	O
kneza	O
,	O
konobar	O
mi	O
namiguje	O
,	O
lik	O
u	O
pozeskoj	NORM_1WORD
me	O
pita	O
jel	NORM_1WORD
mi	O
treba	O
prevoz	O
.	O

-	O
ko	O
ti	O
je	O
umro	O
?	O

vi	O
što	O
kukate	O
kako	O
vam	O
treba	O
zagrljaj	O
i	O
koješta	O
a	O
onda	O
odete	O
i	O
kurvate	O
se	O
okolo	O
,	O
ae	NORM_1WORD
igrajte	O
se	O
žmurke	O
u	O
nekom	O
ustom	NORM_1WORD
saobračaju	NORM_1WORD
negde	O
.	O

izgleda	O
da	O
su	O
in	O
tetovirani	O
ćelavi	O
majmuni	O
na	O
steroidima	O
u	O
tesnim	O
pederskim	O
crnim	O
majicama	O
i	O
papučama	O
.	O

svako	O
dobro	O
.	O

jelena	O
bacic	NORM_1WORD
:	O
"	O
postala	O
sam	O
najcitaniji	NORM_1WORD
pisac	O
srbije	O
knjigom	O
poslednje	O
prolece	NORM_1WORD
u	O
parizu	O
"	O

a	O
toliko	O
se	O
kajem	O
i	O
toliko	O
bih	O
zeleo	NORM_1WORD
da	O
odem	O
na	O
ekskurziju	O
da	O
bih	O
sad	O
iz	O
glasa	O
plakao	O
!	O

nagurala	O
je	O
u	O
živu	O
ogradu	O
300	O
kg	O
žice	O
i	O
2	O
tone	O
kamenja	O
.	O

ja	O
ću	O
ipak	O
izaći	O
.	O

u	O
slobodno	O
vreme	O
prolazim	O
između	O
držimo	O
se	O
za	O
ručice	O
parova	O
.	O

"	O
ne	O
kajem	O
se	O
,	O
i	O
dalje	O
mislim	O
da	O
smo	O
mi	O
iz	O
insajdera	O
mnogo	O
toga	O
uradili	O
za	O
srbiju	O
.	O

mama	O
:	O
jbg	NORM_1WORD
sad	O

preslatki	O
su	O
ovi	O
što	O
danas	O
na	O
fb	O
objavljuju	O
da	O
su	O
u	O
vezi	O
,	O
da	O
su	O
se	O
verili	O
ili	O
venčali	O
...	O
i	O
misle	O
da	O
je	O
to	O
prekul	O
i	O
previckasto	O
.	O

koga	O
zajebavam	O
,	O
to	O
sam	O
radila	O
i	O
u	O
sred	O
ispitnog	O
roka	O
.	O

volim	O
mesec	O
.	O

okej	O
neki	O
turčin	O
me	O
zapratio	O
na	O
instagramu	O
i	O
poslao	O
request	O
na	O
fejs	O
,	O
od	O
ovog	O
momenta	O
sebe	O
smatram	O
dobrom	O
ribom	O
.	O

ako	O
neko	O
zna	O
ciji	NORM_1WORD
je	O
nrka	NORM_1WORD
.	O
mi	O
javi	O
ja	O
.	O
sam	O
.	O
u	O
sarajevskoj	O
.	O
70	O

a	O
ti	O
ne	O
smeš	O
da	O
mu	O
kažeš	O
:	O
naduvaš	O
mi	O
se	O
kurca	O
!	O

vučem	O
jedne	O
japanke	O
,	O
sorc	NORM_1WORD
i	O
flekam	O
se	O
sladoledom	O
i	O
lubenicom	O
.	O

au	O
,	O
dobro	O
je	O
,	O
našli	O
krivca	O
za	O
provaljene	O
testove	O
...	O

priznajte	O
da	O
kad	O
god	O
igrate	O
kaladont	O
jedva	O
čekate	O
da	O
vam	O
se	O
namesti	O
prilika	O
da	O
arčibald	O
dođe	O
na	O
red	O
!	O

uvodim	O
drugo	O
pravilo	O
zapošljavanja	O
:	O
lice	O
kome	O
smeta	O
moj	O
višak	O
škole	O
ne	O
može	O
biti	O
moj	O
poslodavac	O
sve	O
i	O
da	O
hoće	O
.	O

nema	O
veze	O
što	O
to	O
nije	O
on	O
reko	NORM_1WORD
,	O
ja	O
kažem	O
,	O
a	O
ja	O
sam	O
bog	O
.	O

ja	O
doneo	O
tablet	O
i	O
mi	O
gledali	O
pornice	NORM_1WORD
.	O

@odbeglaodsna	O
@loladardarevic	O
@profesorlucifer	O
onda	O
mislim	O
da	O
je	O
sve	O
ovo	O
sada	O
traumatski	O
.	O

kraj	O
vica	O
.	O

ne	O
od	O
ljudi	O
,	O
već	O
od	O
sudbine	O
.	O

#onokad	O
se	O
tvoja	O
familija	O
dopisuje	O
sa	O
tetkom	O
iz	O
nemačke	O
preko	O
tvog	O
statusa	O
.	O

kada	O
god	O
je	O
do	O
toga	O
dolazilo	O
on	O
je	O
ustuknuo	O
.	O

a	O
,	O
kad	O
mi	O
ćerke	O
ovo	O
naruče	O
,	O
totalno	O
se	O
razorim	O
.	O

@nebojsa_s	O
po	O
meni	O
je	O
premijer	O
liga	O
sada	O
na	O
nivou	O
kvaliteta	O
koji	O
je	O
imao	O
nba	O
sa	O
džordanom	O
,	O
medžikom	O
i	O
leri	O
birdom	O
...	O

evo	O
na	O
poslu	O
najela	O
se	O
,	O
napila	O
se	O
,	O
sedim	O
a	O
drugi	O
nose	O
teske	NORM_1WORD
stvari	O
,	O
nisam	O
ni	O
izasla	NORM_1WORD
...	O

ali	O
kad	O
uđeš	O
u	O
wc	O
u	O
kafiću	O
,	O
a	O
neko	O
se	O
žešće	O
istres'o	NORM_1WORD
pa	O
onda	O
kad	O
izađeš	O
budeš	O
u	O
fazonu	O
nisam	O
ja	O
majke	O
mi	O
.	O

#dobrovece	O
mafijasi	NORM_1WORD
!	O

uvlacenje	NORM_1WORD
u	O
bulju	O
e.	O
uniji	O

@letemeatcake_	O
ako	O
ne	O
zele	NORM_1WORD
to	O
je	O
njihov	O
izbor	O
,	O
ali	O
ako	O
zele	NORM_1WORD
,	O
ane	NORM_1WORD
mogu	O
,	O
neka	O
usvoje	O
.	O

za	O
moju	O
barbiku	O
je	O
!	O

aj	NORM_1WORD
vi	O
zene	NORM_1WORD
da	O
prekinete	O
svaku	O
zajebanciju	O
u	O
glavi	O
da	O
nazivate	O
bubicam	NORM_1WORD
,	O
jer	O
kako	O
mi	O
se	O
čini	O
polako	O
ali	O
sigurno	O
taj	O
prostor	O
zaslužuje	O
raid	O
.	O

ej	O
srbijo	O
...	O

pa	O
da	O
ti	O
jebem	O
mater	O
u	O
picku	NORM_1WORD
koliko	O
glup	O
moras	NORM_1WORD
biti	O
da	O
otvoris	NORM_1WORD
vrata	O
,	O
udjes	NORM_1WORD
negde	O
i	O
onda	O
izadjes	NORM_1WORD
i	O
ostavis	NORM_1WORD
otvorena	O
.	O

ministarstvo	O
prosvete	O
,	O
nauke	O
i	O
tehnoloskog	NORM_1WORD
razvoja	O
uvrstilo	O
je	O
nesto	NORM_1WORD
sto	NORM_1WORD
se	O
zove	O
"	O
megatrend	O
revija	O
"	O
u	O
kategorizaciju	O
naucnih	NORM_1WORD
casopisa	NORM_1WORD
.	O

mute	O
ili	O
block	O
?	O

spisak	O
poklona	O
se	O
povecava	NORM_1WORD
,	O
a	O
ja	O
jos	NORM_1WORD
ni	O
sebi	O
nista	NORM_1WORD
nisam	O
kupio	O
.	O

ispovracao	NORM_1WORD
bih	O
se	O
po	O
njemu	O
sad	O
!	O

nije	O
dovoljno	O
sto	NORM_1WORD
cale	NORM_1WORD
celu	O
osnovnu	O
i	O
srednju	O
nije	O
znao	O
koje	O
sam	O
odeljenje	O
nego	O
i	O
juce	NORM_1WORD
na	O
bratovoj	O
maturi	O
pita	O
koje	O
je	O
on	O
i	O
koje	O
sam	O
ja	O
bila	O

shvatila	O
sam	O
da	O
ću	O
zauvek	O
biti	O
sama	O
kad	O
sam	O
prestala	O
da	O
se	O
muvam	O
s	O
dečkom	O
samo	O
iz	O
razloga	O
jer	O
piše	O
'	O
samnom	NORM_1WORD
'	O

samo	O
nestanem	O
.	O

neki	O
ljudi	O
su	O
do	O
te	O
mere	O
naporni	O
i	O
nedokazani	O
,	O
da	O
kapiram	O
ne	O
bi	O
skapirali	O
zasto	NORM_1WORD
je	O
zalud	O
slepcu	O
oci	NORM_1WORD
kopati	O
...	O

pojas	O
od	O
gaća	O
,	O
od	O
dva	O
para	O
hulahopki	O
,	O
od	O
suknje	O
,	O
od	O
kaputa	O
,	O
od	O
kola	O
-	O
ma	O
jok	O
,	O
uopšte	O
se	O
ne	O
osećam	O
sputano	O
.	O

da	O
se	O
neko	O
od	O
miseva	NORM_1WORD
koji	O
su	O
pezili	O
na	O
zadnjim	O
nogicama	NORM_1WORD
svojevremeno	O
oglasi	O
i	O
kaze	NORM_1WORD
sto	NORM_1WORD
nisu	O
pljuvali	O
celnike	NORM_1WORD
ds	NORM_1WORD
dok	O
su	O
ovi	O
bili	O
na	O
vlasti	O
?	O

nije	O
da	O
se	O
ložim	O
na	O
fizički	O
izgled	O
srednjoškolki	O
već	O
na	O
to	O
da	O
znam	O
da	O
bi	O
me	O
volele	O
celim	O
srcem	O
,	O
a	O
ne	O
ove	O
kučkaste	O
.	O

jebo	NORM_1WORD
te	O
telefon	O
kojem	O
danima	O
ne	O
znam	O
dubacim	NORM_1WORD
karticu	O
.	O

vreme	O
je	O
da	O
se	O
krece	NORM_1WORD
.	O

najviše	O
volim	O
da	O
odem	O
na	O
trač	O
partiju	O
sa	O
društvom	O
iz	O
dveri	O
pa	O
da	O
ogovaramo	O
obrazovce	O
i	O
naše	O
1389	O
.	O

ja	O
sam	O
se	O
probudio	O
u	O
pola	O
2	O
,	O
poslao	O
poruku	O
da	O
ne	O
idem	O
i	O
nastavio	O
da	O
spavam	O
.	O

neki	O
deda	O
sedi	O
ispod	O
mog	O
prozora	O
mrtav	O
pijan	O
a	O
meni	O
bilo	O
dosadno	O
pa	O
sam	O
ga	O
gađala	O
semenkama	O
u	O
glavu	O

objasnite	O
mi	O
tu	O
potrebu	O
da	O
kačite	O
slike	O
svojih	O
majki	O
na	O
fejs	O
koje	O
,	O
da	O
'prostite	NORM_1WORD
,	O
izgledaju	O
kao	O
da	O
traže	O
kurac	O
?	O

konan	O
imam	O
satare	O
.	O

moram	O
sutra	O
čim	O
pre	O
do	O
konzulata	O
da	O
glasujem	NORM_1WORD
.	O

izvini	O
,	O
ali	O
uvek	O
kad	O
'	O
se	O
nekom	O
prva	O
javim	O
,	O
pomislim	O
da	O
smaram	O
.	O

.	O

mada	O
možda	O
šef	O
ima	O
nekih	O
problema	O
,	O
pa	O
zato	O
nas	O
jebe	O
u	O
zdrav	O
mozak	O
.	O

decko	NORM_1WORD
nije	O
problem	O
jer	O
decka	NORM_1WORD
nece	NORM_1WORD
biti	O
ako	O
ja	O
nastavim	O
da	O
odlazem	NORM_1WORD
nase	NORM_1WORD
vidjanje	NORM_1WORD
,	O
a	O
on	O
nastavi	O
da	O
bude	O
jebeni	O
deja	NORM_1WORD
vu	O
.	O

@iva_tanackovic	O
misliš	O
ono	O
bipolarno	O
?	O

-	O
yes	O
...	O

pricala	NORM_1WORD
sam	O
juce	NORM_1WORD
sa	O
tatom	O
o	O
mojim	O
zivotnim	NORM_1WORD
planovima	O
.	O

odbijanje	O
primanja	O
azilanata	O
je	O
necovestvo	NORM_1WORD
prema	O
ljudima	O
koji	O
beze	NORM_1WORD
od	O
smrti	O
i	O
terora	O
.	O

@bastenova	O
pleonazam	O
-	O
gomilanje	O
suvišnih	O
reči	O
.	O

@srdjl	O
@lukazb	O
@kokota	O
oni	O
nisu	O
postali	O
takvi	O
ubistvom	O
onog	O
repera	O
.	O

kažeš	O
budali	O
da	O
je	O
budala	O
,	O
misli	O
da	O
mu	O
zavidiš	O
.	O

postoje	O
ljudi	O
koji	O
su	O
mnogo	O
prosli	NORM_1WORD
i	O
oni	O
drugi	O
koji	O
nisu	O
al	NORM_1WORD
za	O
njih	O
mislimo	O
da	O
su	O
superiorniji	O
u	O
odnosu	O
na	O
nas	O
.	O

crkoh	O
,	O
dok	O
od	O
tate	O
i	O
mame	O
ne	O
iskamčih	O
nemale	O
pare	O
.	O

tipujem	O
na	O
njih	O
.	O

"	O
hvala	O
"	O
-	O
kad	O
im	O
pomognes	NORM_1WORD
.	O

puštali	O
smo	O
ti	O
enigmu	O
i	O
dovodili	O
matematičare	O
iz	O
engleske	O
da	O
te	O
povremeno	O
dešifruju	O
.	O

iz	O
principa	O
ne	O
gledam	O
noletove	O
duele	O
sa	O
nadalom	O
,	O
ne	O
mogu	O
one	O
njegove	O
tikove	O
,	O
izvlačenje	O
gaća	O
,	O
nameštanje	O
čarapa	O
...	O

ako	O
ukucam	O
u	O
srč	O
svoj	O
nadimak	O
"	O
teo	O
"	O
izlazi	O
mi	O
gomila	O
nepismenih	O
ljudi	O
jer	O
oni	O
su	O
teli	NORM_1WORD
nešto	O
da	O
urade	O
.	O

ne	O
znam	O
bas	NORM_1WORD
za	O
mtk	O
i	O
ferencvaros	NORM_1WORD
,	O
oni	O
su	O
mi	O
sumljivi	NORM_1WORD
.	O

samo	O
partizan	O
i	O
zvezda	O
mogu	O
da	O
dovedu	O
15ogodišnjaka	NORM_1WORD
iz	O
pripizdine	O
na	O
jugoistoku	O
srbije	O
i	O
nazovu	O
ga	O
'	O
pojačanje	O
'	O

abongo	O
malik	O
i	O
šeik	O
imaju	O
zajedno	O
34	O
žene	O
..	O

dzabe	NORM_1WORD
pomoc	NORM_1WORD
u	O
kuci	NORM_1WORD
.	O

u	O
sredu	O
mi	O
je	O
pozlilo	O
u	O
sk	NORM_1WORD
,	O
a	O
u	O
utorak	O
sam	O
odgledala	O
jednu	O
epizodu	O
serije	O
.	O

nije	O
tviter	NORM_1WORD
samo	O
da	O
bi	O
pisali	O
o	O
frizideru	NORM_1WORD
i	O
vremenskim	O
nepogodama	O
.	O

laku	O
noc	NORM_1WORD
#trecasmena	O

čitao	O
sam	O
dosta	O
tekstova	O
o	O
trčanju	O
i	O
navikama	O
u	O
ishrani	O
i	O
moram	O
priznati	O
da	O
nigde	O
nisam	O
video	O
da	O
je	O
pasulj	O
preporučljiv	O
pre	O
trčanja	O
.	O

nisam	O
je	O
video	O
na	O
tv-u	O
još	O
od	O
doba	O
kengura	O
i	O
cveta	O
iris	O
....	O

budeš	O
sa	O
budalom	O
,	O
pojavi	O
se	O
neko	O
ko	O
ti	O
za	O
pola	O
sata	O
pokaže	O
kako	O
se	O
pravo	O
muško	O
ponaša	O
prema	O
ženi	O
.	O

ima	O
nas	O
koji	O
se	O
u	O
takvim	O
gradovima	O
još	O
uvek	O
smejemo	O
,	O
smejemo	O
i	O
nadamo	O
da	O
ćemo	O
otići	O
...	O

pomislih	O
da	O
je	O
šala	O
.	O

prvo	O
serije	O
o	O
karadjordju	NORM_1WORD
,	O
obrenovicima	NORM_1WORD
,	O
sad	O
pustili	O
pink	O
pantera	O
.	O

@zaklina_prva	O
@zomma	O
nije	O
jasno	O
to	O
oko	O
uplate	O
.	O

ovo	O
kaska	O
nije	O
ni	O
loše	O
jer	O
može	O
da	O
pređe	O
u	O
"	O
brzotrk	O
"	O
adler	O

što	O
se	O
mene	O
tiče	O
,	O
ispunjeni	O
su	O
uslovi	O
da	O
se	O
više	O
ne	O
plaća	O
uopšte	O
.	O

sedim	O
u	O
kladionici	O
i	O
gledam	O
liverpul	O
i	O
siti	O
.	O

kontam	O
da	O
ova	O
lea	O
kis	NORM_1WORD
udara	O
eksere	O
pod	O
nokte	O
u	O
garderobi	O
svakome	O
u	O
studiju	O
ko	O
ne	O
urla	O
od	O
smeha	O
na	O
njene	O
umobolne	O
fore	O
.	O

ta	O
nesigurnost	O
u	O
sebe	O
i	O
svoje	O
sex.	NORM_1WORD
opredeljenje	O
ide	O
s	O
kolena	O
na	O
koleno	O
.	O

ugradjuju	NORM_1WORD
mi	O
pvc	O
prozore	O
,	O
prasina	NORM_1WORD
do	O
kolena	O
,	O
vec	NORM_1WORD
vidim	O
sebe	O
kako	O
uzimam	O
sator	NORM_1WORD
i	O
odlazim	O
u	O
nepoznatom	O
pravcu	O
na	O
par	O
dana	O
.	O

lepo	O
reče	O
taj	O
što	O
reče	O
da	O
je	O
najtačnija	O
vaga	O
za	O
karakter	O
iskušenje	O
.	O

koliko	O
mora	O
da	O
su	O
ocajni	NORM_1WORD
?	O

drugarica	O
u	O
sedmi	NORM_1WORD
razred	NORM_1WORD
izjavila	O
da	O
se	O
mnogo	O
pali	O
na	O
silovanja	O
..	O

kad	O
sam	O
videla	O
bivšeg	O
,	O
kosa	O
mu	O
je	O
bila	O
loknasta	O
,	O
a	O
na	O
slikama	O
je	O
ravna	O
.	O

-	O
prvo	O
seljacino	NORM_1WORD
,	O
ne	O
kaze	NORM_1WORD
se	O
danhil	O
nego	O
ronhil	O
.	O

verujem	O
u	O
onu	O
priču	O
da	O
se	O
parče	O
mesa	O
razgradi	O
ako	O
ga	O
ostaviš	O
da	O
prenoći	O
u	O
kokakoli	O
,	O
zato	O
uvek	O
nategnem	O
1	O
l	O
posle	O
viršli	O
i	O
paštete	O
.	O

kažu	O
nemojte	O
da	O
pljujete	O
mrtvog	O
čoveka	O
.	O

prepostavljam	NORM_1WORD
da	O
žene	O
izlaze	O
u	O
kafić	O
"	O
lažeš	O
dušo	O
"	O
a	O
muškarci	O
u	O
"	O
ljubavnicu	O
"	O
ili	O
je	O
bar	O
tako	O
hteo	O
onaj	O
ko	O
je	O
davao	O
imena	O
ovim	O
kafićima	O
.	O

za	O
petak	O
veče	O
su	O
idealni	O
ovi	O
tihi	O
lokali	O
sa	O
dovoljnim	O
razmakom	O
među	O
stolovima	O
gde	O
ljudi	O
samo	O
pričaju	O

ako	O
je	O
mojoj	O
mami	O
hladno	O
.	O

meni	O
je	O
to	O
idiotizacija	O
tradicije	O
.	O

jbt	NORM_1WORD
,	O
pre	O
2	O
sata	O
sam	O
tvitnula	O
https://t.co/qz0brn9t	O
i	O
desi	O
se	O
nazamislivo	O
.	O

ovoga	O
bre	O
nije	O
bilo	O
ni	O
u	O
rosalindi	O
!	O

gde	O
tacno	NORM_1WORD
ta	O
frustracija	O
lezi	NORM_1WORD
,	O
who	O
cares	O
.	O

čemu	O
povlačenje	O
?	O

poslao	O
upit	O
@parlamentsrbija	O
i	O
dobio	O
odgovor	O
da	O
se	O
po	O
njemu	O
postupa	O
posle	O
9	O
minuta	O
.	O

@stify1	O
@biljacity	O
@grobarkka	O
pa	O
neki	O
su	O
donirali	O
i	O
u	O
robi	O
,	O
nije	O
sve	O
u	O
porukama	O
.	O

trenutak	O
kad	O
jovetic	NORM_1WORD
daje	O
gol	O
,	O
izlazi	O
klinja	O
i	O
kaze	NORM_1WORD
"	O
ma	O
ustasa	NORM_1WORD
bre	O
.	O
"	O

http://t.co/nsbpgnf3z7	O
eto	O
zašto	O
je	O
ratko	O
varda	O
car	O
...	O

pou	O
me	O
nervira	O
,	O
a	O
neću	O
da	O
ga	O
obrišem	O
jer	O
možda	O
neko	O
koga	O
znam	O
hoće	O
da	O
igra	O
.	O

nijedna	O
planeta	O
nije	O
u	O
pravoj	O
kuci	NORM_1WORD
...	O

od	O
slučaja	O
nezgode	O
u	O
kojoj	O
je	O
luka	O
nastradao	O
raznim	O
#spinovima	O
došlo	O
se	O
do	O
automobila	O
skinutih	O
sa	O
osiguranja	O
,	O
brisanih	O
snimaka	O
u	O
mupu	NORM_1WORD
...	O

dlanovi	O
mi	O
još	O
bride	O
a	O
osmeh	O
ne	O
silazi	O
s'	NORM_1WORD
lica	O
!	O

veliki	O
gradovi	O
ti	O
pruže	O
utehu	O
i	O
zadovolje	O
lažnu	O
nadu	O
,	O
dok	O
kliziš	O
njima	O
.	O

#srbija	O
#kosovo	O
#samokazem	O

ima	O
tviteraša	O
koji	O
svako	O
jutro	O
postave	O
isti	O
tvit	O
i	O
to	O
mi	O
malo	O
ide	O
na	O
kurac	O
,	O
ali	O
su	O
im	O
ostali	O
tvitovi	O
dobri	O
pa	O
mi	O
je	O
žao	O
da	O
ih	O
otpratim	O
.	O

ja	O
ne	O
verujem	O
...	O

definicija	O
ekstremne	O
erekcije	O
:	O
akko	NORM_1WORD
je	O
tangens	O
ugla	O
koji	O
zaklapa	O
poduzna	NORM_1WORD
osa	O
tuksona	O
sa	O
ravni	O
poda	O
,	O
veci	NORM_1WORD
od	O
0.5	O

ja	O
sam	O
gotovo	O
sve	O
pogodio	O
osim	O
sns-a	O
...	O

nikad	O
nisam	O
video	O
nekog	O
da	O
trenira	O
u	O
trenerkama	O
,	O
ali	O
se	O
zato	O
svi	O
redovno	O
u	O
trenerkama	O
izležavaju	O
po	O
kući	O
.	O

ništa	O
kao	O
ispit	O
iz	O
modernizma	O
od	O
pet	O
sati	O
da	O
pripremi	O
čoveka	O
za	O
štrebanje	O
kanadske	O
književnosti	O
.	O

kaže	O
keva	O
"	O
idem	O
da	O
prošetam	O
do	O
sandre	O
,	O
k'o	NORM_1WORD
gluva	O
kučka	O
sam	O
u	O
stanu	O
ceo	O
dan	O
!	O
"	O

zamislite	O
opet	O
moramo	O
da	O
biramo	O
izmedju	NORM_1WORD
rusije	O
i	O
zapada	O
u	O
ratu	O
i	O
mi	O
opet	O
izaberemo	O
pravu	O
stranu	O
,	O
zamislite	O
!	O

@hodajuci_zombi	O
ali	O
vise	NORM_1WORD
se	O
ne	O
plasim	NORM_1WORD
,	O
navikla	O
sam	O
posle	O
ovih	O
svih	O
scena	O
od	O
kojih	O
sam	O
se	O
usrala	O

@otvorenavrataq	O
sta	NORM_1WORD
je	O
,	O
ne	O
dira	O
zicu	NORM_1WORD
,	O
pa	O
nacicemo	NORM_1WORD
neku	O
koja	O
dira	O
,	O
nisu	O
mene	O
dzabe	NORM_1WORD
zvali	O
cakana	O
jue	NORM_1WORD
!	O

@joetaverna	O
u	O
toj	O
pekari	O
smo	O
jeli	O
u	O
4	O
ujutru	O
posle	O
nastupa	O
eyesburn-a	NORM_1WORD
u	O
gradskoj	O
bašti	O
prošle	O
dine	O
.	O

pravoslavna	O
etika	O
i	O
duh	O
kapitalizma	O
.	O

gledam	O
konf.	NORM_1WORD
za	O
nov.	NORM_1WORD
posle	O
jučer.	NORM_1WORD
tekme	O
,	O
krle	O
u	O
jednom	O
trenutku	O
češa	O
uvo	O
identično	O
kao	O
divac	O
,	O
a	O
identično	O
i	O
priča	O
.	O

jbt	NORM_1WORD
ode	O
2	O
i	O
po	O
meseca	O
kako	O
sam	O
ovde	O
a	O
jos	NORM_1WORD
nisam	O
upala	O
u	O
nostalgiju	O
,	O
osim	O
za	O
pasuljem	O
sa	O
suvom	O
kolenicom	O
.	O

oh	O
wait	O
....	O

to	O
je	O
,	O
po	O
nekoj	O
mojoj	O
proceni	O
,	O
još	O
gore	O
.	O

ponekad	O
zamisljam	NORM_1WORD
predsenika	NORM_1WORD
mesne	O
zajednice	O
obesenog	NORM_1WORD
na	O
ulazu	O
u	O
selo	O
i	O
veliku	O
novogodisnju	NORM_1WORD
sljastecu	NORM_1WORD
tablu	O
na	O
kojoj	O
pise	NORM_1WORD
"	O
dobrodosli	NORM_1WORD
"	O
.	O

uverete	NORM_1WORD
da	O
ćeš	O
se	O
dobro	O
zabaviti	O
i	O
onda	O
završiš	O
neplaćeno	O
u	O
krevetu	O
sa	O
nekim	O
lešom	O
-	O
npr.	O
sa	O
aristotelom	O
.	O

lepota	O
je	O
precenjena	O
.	O

eh	O
,	O
živote	O
.rar	O
fajlu	O
.	O

moja	O
cerka	NORM_1WORD
:	O
mama	O
,	O
jel	NORM_1WORD
tako	O
da	O
je	O
crtani	O
pcelica	NORM_1WORD
maja	O
malo	O
zastareo	O
?	O

to	O
sto	NORM_1WORD
sam	O
upravo	O
pala	O
i	O
razbila	O
se	O
i	O
sto	NORM_1WORD
ne	O
moguda	NORM_1WORD
stojim	O
nema	O
veze	O
sa	O
tim	O
da	O
mi	O
je	O
koleno	O
totalno	O
sjebano	O

:/	O

gde	O
mi	O
imamo	O
plus	O
od	O
milijardu	O
dolara	O
?	O

@sandrasasp	O
@milicaleptirica	O
@mvislic	O
jeste	O
oko	O
14	O
h	O
za	O
limunadu	O
u	O
pabu	O
?	O

@karapandza	O
ovo	O
o	O
staniji	O
i	O
arhitetki	NORM_1WORD
je	O
stara	O
stvar	O
.	O

svaka	O
cast	NORM_1WORD
zenama	NORM_1WORD
koje	O
mogu	O
da	O
nose	O
suknje	O
zimi	O
.	O

negde	O
,	O
u	O
nekom	O
tamnom	O
uglu	O
samačke	O
sobe	O
,	O
vulin	O
tiho	O
jeca	O
jer	O
njega	O
niko	O
nije	O
vodio	O
da	O
pipne	O
sigala	O
.	O

:)	O

nije	O
čovek	O
normalan	O
.	O

a	O
taj	O
scenario	O
je	O
moguć	O
samo	O
u	O
teoriji	O
ili	O
mašti	O
.	O

kad	O
mi	O
kazu	NORM_1WORD
”	O
kakav	O
je	O
,	O
opisi	NORM_1WORD
ga	O
?	O
”	O

crna	O
ančica	O
od	O
ove	O
moje	O
lude	O
rođe	NORM_1WORD
vazda	O
nagrabusi	O
!	O

5	O
puta	O
spavam	O
+	O
-	O
popodnevne	O
dremke	O
,	O
10	O
do	O
15	O
obroka	O
,	O
16	O
vožnji	O
busom	O
,	O
jedna	O
sezona	O
californication	O
i	O
mama	O
je	O
tu	O
.	O

ritvitovaću	O
svoj	O
zadnji	O
fejv	O
.	O

ne	O
znam	O
je	O
l'	NORM_1WORD
mi	O
jadnije	O
kad	O
vidim	O
čiču	O
koji	O
balavi	O
nad	O
dekolteom	O
skoro	O
maloletnice	O
ili	O
maloletnicu	O
koja	O
se	O
koketno	O
namešta	O
da	O
je	O
on	O
gleda	O
.	O

@imsasha_	O
hahaha	O
,	O
istina	O
!	O

da	O
sam	O
na	O
oljinom	O
mestu	O
,	O
već	O
bih	O
ga	O
gađala	O
cipelom	O
uglavu	NORM_1WORD
!	O

ok	O
jel	NORM_1WORD
jedino	O
ja	O
mislim	O
da	O
je	O
glupo	O
ovo	O
što	O
sam	O
upravo	O
napisala	O
?	O

generalno	O
u	O
poslednjih	O
nekoliko	O
godina	O
,	O
krstić	O
ima	O
te	O
neke	O
izjave	O
za	O
medije	O
i	O
javnost	O
.	O

stiven	O
darsis	O
je	O
pobedio	O
nadala	O
,	O
ali	O
je	O
bio	O
faca	O
samo	O
dva	O
dana	O
zahvaljujući	O
federorovom	NORM_1WORD
porazu	O
od	O
stahovskog	O
,	O
koji	O
je	O
sada	O
glavna	O
senzacija	O
.	O

i	O
radi	O
ponekad	O
i	O
po	O
par	O
minuta	O
neprekidno	O
.	O

dok	O
biram	O
odgovarajuću	O
boju	O
i	O
nijansu	O
http://t.co/j90qg8kvq1	O
usput	O
prelistam	O
psihološki	O
portret	O
nikole	O
,	O
čoveka	O
koji	O
je	O
promenio	O
čovečanstvo	O
.	O

šta	O
je	O
,	O
vi	O
prepametni	O
i	O
premudri	O
,	O
koji	O
znate	O
kako	O
se	O
vodi	O
zemlja	O
i	O
oun	O
,	O
vi	O
školovani	O
i	O
prirodni	O
geniji	O
,	O
razapinjete	O
vuka	O
jeremića	O
m	O
?	O

@vdjacic	O
a	O
zamisli	O
da	O
učiteljica	O
kaže	O
,	O
kao	O
nama	O
,	O
da	O
ne	O
može	O
dobiti	O
knjižicu	O
ko	O
ne	O
dobije	O
od	O
zubara	O
da	O
je	O
sve	O
ok	O
?	O

svi	O
ti	O
profesionalni	O
serviseri	O
koji	O
kazu	NORM_1WORD
da	O
se	O
graficka	NORM_1WORD
karta	O
ne	O
moze	NORM_1WORD
razmrdati	O
u	O
slotu	O
zato	O
sto	NORM_1WORD
je	O
zasrafljena	NORM_1WORD
na	O
kuciste	NORM_1WORD
...	O

sad	O
sam	O
provalila	O
da	O
u	O
sobi	O
imam	O
ogroman	O
akvarijum	O
.	O

nadam	O
se	O
da	O
cu	NORM_1WORD
naci	NORM_1WORD
kucu	NORM_1WORD
i	O
da	O
necu	NORM_1WORD
ujutru	O
biti	O
istetoviran	O
ili	O
sa	O
burmom	O
.	O

"	O
ili	O
"	O
cilj	O
opravdava	O
sredstva	O
.	O

ne	O
?	O

#tlzp	O
sergej	O
jedini	O
koji	O
je	O
nesto	NORM_1WORD
rekao	O
a	O
da	O
to	O
nije	O
ja	O
sam	O
odusevljen	NORM_1WORD
ovo	O
je	O
neponovljivo	O
sjajan	O
si	O
itd	NORM_1WORD
itd	NORM_1WORD

ovi	O
se	O
baš	O
odomaćili	O
...	O

voli	O
naš	O
narod	O
vođe	O
,	O
nekog	O
baju	O
da	O
preuzme	O
odgovornost	O
za	O
njih	O
.	O

radnici	O
u	O
kragujevcu	O
izgrebali	O
30	O
fiata	O
jer	O
nisu	O
mogli	O
na	O
pus	NORM_1WORD
pauzu	O
?	O

sreca	NORM_1WORD
je	O
sto	NORM_1WORD
profuknjace	NORM_1WORD
nece	NORM_1WORD
da	O
napadaju	O
vise	NORM_1WORD
ove	O
mlade	O
politicare	NORM_1WORD
koji	O
su	O
ispod	O
cenzusa	O
ili	O
malo	O
iznad	O
.	O

ja	O
:	O
why	O
are	O
you	O
talking	O
to	O
me	O
?	O

šta	O
ćete	O
više	O
.	O

ministar	O
radulovic	NORM_1WORD
upravo	O
dočekan	O
povicima	O
organizovanih	O
sindikalaca	O
.	O

danas	O
je	O
kolega	O
brkljač	O
ponovo	O
demonstrirao	O
vanserijsko	O
umeće	O
,	O
u	O
unakrsnom	O
ispitivanja	NORM_1WORD
svedoka	O
bajrama	O
abazija	O
.	O

"	O
maja	O
gojković	O
čestitala	O
građanima	O
srbije	O
međunarodni	O
dan	O
demokratije	O
"	O
.	O

#prvasmena	O

posle	O
su	O
me	O
nahvalili	O
kako	O
sam	O
usao	NORM_1WORD
jebote	O
u	O
sistem	O
i	O
kako	O
sam	O
popravio	O
komp	O
.	O

sa	O
dečacima	O
je	O
zabavnije	O
!	O

ako	O
si	O
mi	O
ćale	O
ako	O
presisaš	O
ću	O
te	O
ostavim	O
na	O
ulicu	NORM_1WORD
da	O
se	O
trezniš	O
-	O
nakon	O
te	O
rečenice	O
zajeb'o	NORM_1WORD
je	O
da	O
pije	O
,	O
jer	O
zna	O
da	O
nisam	O
normalan	O
.	O

@nicholas51	O
@dverisrpske	O
su	O
pobedile	O
botu	O
u	O
beogradu	O
.	O

danima	O
sam	O
mislila	O
da	O
me	O
zajebavaju	O

posle	O
današnjeg	O
dana	O
,	O
jedini	O
zaključak	O
koji	O
mogu	O
da	O
izvedem	O
je	O
da	O
mi	O
je	O
baba	O
dabar	O
.	O

sedi	O
baba	O
u	O
autobusu	O
pored	O
nekog	O
maladića	NORM_1WORD
,	O
a	O
on	O
žvače	NORM_1WORD
žvaku	O
.	O

mamica	O
je	O
dobila	O
od	O
mene	O
vuitona	NORM_1WORD
a	O
tebi	O
sam	O
otplatio	O
veliki	O
servis	O
na	O
bmvu	NORM_1WORD
!	O

zapratio	O
me	O
oktober	NORM_1WORD
jer	O
sam	O
ga	O
pomenuo	O
,	O
sad	O
kad	O
nadju	NORM_1WORD
nekog	O
gastosa	O
da	O
prevede	O
i	O
sta	NORM_1WORD
sam	O
napisao	O
prolice	NORM_1WORD
mi	O
kriglu	O
na	O
glavu	O
.	O

najzanimljiviji	O
likovi	O
:	O
celava	NORM_1WORD
glava	O
,	O
steroidi	O
u	O
pokretu	O
,	O
uglavnom	O
voze	O
najnoviji	O
bmw	O
,	O
setaju	NORM_1WORD
najvece	NORM_1WORD
kurve	O
u	O
gradu	O
i	O
dizu	NORM_1WORD
zgrade	O
na	O
bendz	NORM_1WORD
.	O

idem	O
ja	O
videmo	NORM_1WORD
se	O
sutra	O
tviteraši	O

nevidljivost	O
je	O
bolest	O
koje	O
nema	O
u	O
sifrarniku	NORM_1WORD
,	O
a	O
neretko	O
se	O
zavrsava	NORM_1WORD
egzibicionizmom	O
na	O
trgovima	O
i	O
ostalim	O
javnim	O
mestima	O
.	O

ćale	O
hoće	O
da	O
se	O
sin	O
zove	O
peđa	O
a	O
keva	O
filip	O
i	O
nazovu	O
ga	O
feđa	O
.	O

jesam	O
li	O
ja	O
sada	O
nepatriota	NORM_1WORD
i	O
antisrbin	O
?	O

ja	O
pod	O
ustiskom	NORM_1WORD
ili	O
se	O
to	O
kaze	NORM_1WORD
post-inostranom	O
depresijom	O
?	O

ja	O
sam	O
zivela	NORM_1WORD
u	O
ubedjenju	NORM_1WORD
da	O
je	O
vecera	NORM_1WORD
obrok	O
predvidjen	NORM_1WORD
za	O
romanticno	NORM_1WORD
druzenje	NORM_1WORD
.	O

imam	O
drugaricu	O
koja	O
je	O
zapravo	O
veoma	O
talentovan	O
fotograf	O
,	O
ali	O
se	O
nimalo	O
ne	O
eksponira	O
,	O
čak	O
joj	O
fotke	O
na	O
fb	O
nisu	O
ni	O
public	O
.	O

čovek	O
nije	O
dao	O
godinu	O
dana	O
platu	O
a	O
mene	O
tera	O
u	O
q	NORM_1WORD
.	O
paralelni	O
svet	O
.	O

sad	O
ušao	O
da	O
proverim	O
email	O
posle	O
2	O
godine	O
bukvalno	O
i	O
vidim	O
preko	O
500	O
reklama	O
o	O
preparatima	O
za	O
povećanje	O
đoke	O

na	O
današnji	O
dan	O
pala	O
je	O
bastilja	O
,	O
francuzi	O
slave	O
fête	O
national	O
i	O
ja	O
sam	O
imala	O
prvi	O
put	O
seks	O
.	O

;-)	O

nije	O
samo	O
emocionalno	O
neuravnotežena	O
stranka	O
,	O
već	O
i	O
šizoidna	O
.	O

ne	O
znam	O
kad	O
se	O
ta	O
starost	O
dogodila	O
,	O
gde	O
smo	O
bili	O
mi	O
?	O

secanje	NORM_1WORD
nikad	O
nece	NORM_1WORD
izbledeti	O
.	O

dok	O
je	O
bio	O
sa	O
njom	O
,	O
bila	O
mu	O
je	O
super	O
,	O
a	O
sada	O
je	O
mafijaška	O
kurva	O
...	O

klikneš	O
na	O
link	O
s	O
gologuzu	NORM_1WORD
voditeljku	NORM_1WORD
,	O
uleti	O
virus	O
,	O
sruši	O
ti	O
se	O
windows	O
,	O
prepišeš	O
nekom	O
auto	O
,	O
otpadne	O
ti	O
ruka	O
...	O

tri	O
radna	O
dana	O
,	O
pa	O
subota	O
,	O
nedelje	O
,	O
ono	O
resto	O
mnogi	O
spoje	O
,	O
mali	O
g.	NORM_1WORD
odmor	O
.	O

čistoća	O
?	O

@fakjuverimac	O
zdravo	O
,	O
da	O
li	O
se	O
secas	NORM_1WORD
mene	O
od	O
kad	O
si	O
postala	O
uticajna	O
tviterasica	NORM_1WORD
?	O

mislila	O
sam	O
da	O
onaj	O
saša	O
kovačević	O
snima	O
neki	O
kao	O
pop	O
ili	O
tako	O
nešto	O
,	O
kad	O
ono	O
seljanija	O
najstrašnija	O
...	O

znaci	NORM_1WORD
nikad	O
.	O

od	O
juče	O
shvatih	O
da	O
sam	O
i	O
ja	O
nekome	O
igračka	O
.	O

ali	O
mislim	O
da	O
ću	O
uspeti	O
sve	O
stići	O
.	O

pokušavam	O
da	O
se	O
setim	O
šta	O
me	O
najviše	O
smaralo	O
u	O
životu	O
kad	O
nije	O
bilo	O
svetskog	O
prvenstva	O
u	O
fudbalu	O

@markopredovic	O
serem	O
mu	O
se	O
u	O
usta	O
i	O
u	O
stav	O
,	O
jako	O
,	O
ali	O
objašnjava	O
moje	O
mišljenje	O
o	O
njegovom	O
stavu	O
:)	O

kao	O
i	O
pre	O
par	O
godina	O
kad	O
je	O
buknuo	O
milano	O
a	O
policija	O
nije	O
smela	O
da	O
uđe	O
u	O
taj	O
kvart	O
.	O

#euroleague	O
izasao	NORM_1WORD
kompletan	O
raspored	O
i	O
termini	O
odigravanja	O
u	O
prvoj	O
fazi	O

i	O
šta	O
ja	O
sada	O
da	O
radim	O
?	O

.	O
kao	O
što	O
je	O
svojevremeno	O
polagao	O
ispit	O
i	O
bio	O
na	O
drugom	O
mestu	O
,	O
peći	O
će	O
rakiju	O
i	O
braniti	O
rad	O

-	O
koji	O
je	O
praznik	O
?	O

gde	O
su	O
te	O
mere	O
štednje	O
?	O

meni	O
je	O
neprijatno	O
jedino	O
kad	O
vidim	O
sašu	O
popović	NORM_1WORD
na	O
tv-u	O
i	O
kad	O
moj	O
mačor	O
mita	O
liže	O
svoja	O
mudašca	O
.	O

usla	NORM_1WORD
sam	O
na	O
tw	O
preko	O
kompa	O
i	O
pise	NORM_1WORD
da	O
imam	O
vise	NORM_1WORD
svojih	O
tvitova	O
nego	O
fejvova	O
tudjih	NORM_1WORD
,	O
zvuci	NORM_1WORD
nemoguce	NORM_1WORD
ali	O
hej	O
,	O
i	O
kolac	NORM_1WORD
u	O
tiganju	O
je	O
zvucao	NORM_1WORD
tako	O
.	O

mene	O
trenutno	O
vise	NORM_1WORD
interesuje	O
da	O
li	O
je	O
postao	O
vanredni	O
profesor	O
univerziteta	O
u	O
novom	O
sadu	O
?	O

kako	O
ide	O
ona	O
stara	O
narodna	O
:	O
od	O
vas	O
poštenih	O
mi	O
kurve	O
ne	O
možemo	O
da	O
dođemo	O
na	O
red	O
...	O

tekst	O
je	O
izuzetno	O
neutralan	O
.	O

toliko	O
mi	O
je	O
dobra	O
muzika	O
u	O
wcu	NORM_1WORD
da	O
mi	O
se	O
ne	O
izlazi	O
.	O

:v	O

da	O
l'	NORM_1WORD
da	O
se	O
smejem	O
,	O
il'	NORM_1WORD
da	O
ubijem	O
nekoga	O
što	O
sam	O
ustala	O
iz	O
kreveta	O
zbog	O
toga	O
?	O

ne	O
čitam	O
lajnu	O
pa	O
ne	O
znam	O
šta	O
trendujete	O
hehe	O
savršeno	O
mi	O
se	O
ebe	NORM_1WORD
,	O
i	O
ovako	O
ništa	O
pametno	O
ne	O
pišete	O
.	O

šta	O
mi	O
to	O
poručuje	O
sv.	O
georgije	O
?	O

biće	O
zanimljivo	O
drugo	O
poluvreme	O
...	O

pokemoni	O
su	O
jednako	O
kul	O
koliko	O
i	O
jednorozi	O
.	O

pljas	O
šamarčina	O
!	O

e	O
sbijo	NORM_1WORD
,	O
zemljo	O
morona	O
!	O

podmladak	O
pups-a	O
?	O

ja	O
:	O
ko	O
li	O
je	O
ova	O
seljanka	O

jbt	NORM_1WORD
!!	O

jedan	O
od	O
retkih	O
medija	O
koji	O
uvek	O
potpisuje	O
izvor	O
,	O
čak	O
i	O
navede	O
link	O
,	O
svakako	O
je	O
@mondoportal	O
,	O
naročito	O
redakcija	O
@mondo_sport	O

e	O
sad	O
ce	NORM_1WORD
jedna	O
strasna	NORM_1WORD
scena	O
u	O
tom	O
delu	O

pogotovu	O
knjige	O
,	O
one	O
su	O
u	O
najmračnijem	O
delu	O
podruma	O
.	O

danas	O
ce	NORM_1WORD
verovatno	O
biti	O
evakuisan	O
.	O

na	O
telefonu	O
tviter	O
i	O
vacap	NORM_1WORD
mi	O
vibroraju	NORM_1WORD
na	O
isti	O
nacin	NORM_1WORD
a	O
fejs	O
i	O
poruke	O
drugacije	NORM_1WORD
tako	O
da	O
znam	O
na	O
sta	NORM_1WORD
ga	O
uzimam	O
u	O
ruke	O
a	O
na	O
sta	NORM_1WORD
ne	O

da	O
su	O
se	O
edison	O
i	O
tesla	O
smatrali	O
naučnim	O
radnicima	O
,	O
krkali	O
bi	O
na	O
sindikalnim	O
protestima	O
,	O
ne	O
bi	O
stvarali	O
.	O

ne	O
znam	O
kako	O
drugacihe	NORM_1WORD
objasniti	O
ovaj	O
mukajet	O
usred	O
kampanje	O
.	O

lupetanje	O
ili	O
klevetanje	O
,	O
čemu	O
ste	O
inače	O
skloni	O
!	O

neka	O
bar	O
odu	O
daleko	O
.	O

mhm	O
,	O
daj	O
mu	O
par	O
dana	O
,	O
najkasnije	O
do	O
vikenda	O
.	O

@bojandjuricldp	O
hajde	O
,	O
bre	O
,	O
pa	O
ti	O
si	O
u	O
@ldp	O
jedan	O
od	O
onih	O
zbog	O
kojih	O
ljudi	O
glasaju	O
za	O
tu	O
stranku	O
.	O

radnik	O
min	NORM_1WORD
finansija	O
koji	O
je	O
u	O
službenom	O
automobilu	O
prevozio	O
kupus	O
iz	O
futoga	O
branio	O
se	O
da	O
je	O
o	O
istom	O
trošku	O
svratio	O
i	O
u	O
ivanjicu	O
po	O
krompir	O
!	O

ne	O
smem	O
sama	O
da	O
odem	O
i	O
ona	O
se	O
zato	O
ljuti	O
.	O

sacu	NORM_1WORD
s	O
tobom	O
da	O
se	O
raspr	NORM_1WORD
...	O

vrh	O
.	O

jedno	O
od	O
vecih	NORM_1WORD
dostignuca	NORM_1WORD
u	O
mom	O
studentskom	O
zivotu	NORM_1WORD
je	O
to	O
sto	NORM_1WORD
napamet	O
znam	O
ziro	NORM_1WORD
racun	NORM_1WORD
fakulteta	O
.	O

a	O
to	O
je	O
poprilično	O
ružno	O
drvo	O
.	O

gde	O
je	O
ulica	O
za	O
malu	O
tijanu	O
,	O
ili	O
zrtve	NORM_1WORD
rata	O
1999	O
?	O

i	O
sta	NORM_1WORD
koji	O
kurac	O
ima	O
da	O
me	O
neko	O
uci	NORM_1WORD
kako	O
se	O
prostire	O
veš	O
?	O

da	O
vi	O
vidite	O
kakvu	O
amebu	O
od	O
coveka	NORM_1WORD
sam	O
ja	O
juce	NORM_1WORD
upoznala	O
,	O
taj	O
na	O
ovom	O
svetu	O
sluzi	NORM_1WORD
samo	O
da	O
trosi	NORM_1WORD
kiseonik	O
i	O
zvace	NORM_1WORD
zivce	NORM_1WORD
ljudima	O
.	O

ali	O
je	O
ovaj	O
divan	O
dekica	O
,	O
vozac	NORM_1WORD
gsp	O
primer	O
vrednosti	O
koje	O
polako	O
nestaju	O
....	O

da	O
me	O
preci	O
,	O
koji	O
nisu	O
imali	O
vodu	O
u	O
kuci	NORM_1WORD
,	O
vide	O
kako	O
perem	O
lice	O
blatom	O
,	O
odrekli	O
bi	O
se	O
i	O
mene	O
i	O
par	O
kolena	O
iza	O
mene	O
..	O

reci	O
jbt	NORM_1WORD
kažes	NORM_1WORD
za	O
sebe	O
da	O
si	O
nekad	O
bila	O
najpopularnija	O
ličnost	O
u	O
srbiji	O
,	O
a	O
većina	O
menjala	O
kanale	O
kad	O
je	O
išla	O
emisija	O
sa	O
njom	O
.	O

nikad	O
nisam	O
volela	O
da	O
mi	O
momak	O
tepa	O
i	O
ne	O
,	O
ne	O
postoji	O
prihvatljivo	O
tepanje	O
,	O
nema	O
maco	O
bebo	O
kuco	O
ljubavi	O
i	O
slično	O
.	O

sta	NORM_1WORD
nam	O
radi	O
ova	O
#vikend	O
#trecasmena	O
?	O

sestra	O
prekjuče	O
otišla	O
sa	O
dečkom	O
na	O
more	O
čudno	O
mi	O
što	O
nema	O
ko	O
da	O
lupa	O
vratima	O
upada	O
mi	O
u	O
sobu	O
krade	O
stvari	O
i	O
dernja	O
se	O
'	O
ko	O
nađe	O
njegovo	O
je	O
'	O

a	O
to	O
sto	NORM_1WORD
danas	O
na	O
nekom	O
kvizu	O
nisam	O
prepoznala	O
du	O
hast	O
od	O
ramstajna	NORM_1WORD
,	O
nego	O
sam	O
rekla	O
da	O
je	O
to	O
neka	O
pesma	O
od	O
skrilexa	O
.	O

i	O
skupljam	O
.	O

imam	O
ovde	O
kakofoniju	O
sa	O
barem	O
3	O
svadbe	O
na	O
ribarcu	O
,	O
moguće	O
da	O
su	O
u	O
jednom	O
momentu	O
svi	O
imali	O
isto	O
kolo	O
ali	O
sad	O
je	O
hardcore	O
x	O
3	O
.	O

ja	O
:	O
je	NORM_1WORD
li	O
vaspitačice	O
reagovale	O
?	O

ono	O
kad	O
ti	O
drugi	O
organizuju	O
vreme	O
tako	O
sto	NORM_1WORD
ne	O
kazu	NORM_1WORD
koje	O
obaveze	O
su	O
ti	O
prebacili	O
time	O
sto	NORM_1WORD
se	O
ne	O
pojave	O

vecera	NORM_1WORD
:	O
pogacice	NORM_1WORD
sa	O
cvarcima	NORM_1WORD
i	O
cvarci	NORM_1WORD
.	O

dođe	O
crnogorac	O
u	O
london	O
,	O
ode	O
na	O
neku	O
trafiku	O
i	O
pita	O
prodavača	O
:	O
-	O
do	O
you	O
speak	O
english	O
?	O

mind	O
blown	O
.	O

e	O
vlado	O
srpska	O
u	O
cije	NORM_1WORD
si	O
ruke	O
upala	O
!	O

interesantno	O
,	O
kada	O
god	O
vidim	O
ljude	O
koji	O
zive	NORM_1WORD
u	O
bedi	O
,	O
uvek	O
je	O
sa	O
njima	O
i	O
pas	O
.	O

previše	O
tresem	O
nogom	O
dok	O
sedim	O
,	O
podmetnite	O
mi	O
ili	O
šivaću	O
mašinu	O
da	O
nešto	O
proštepam	O
,	O
ili	O
flafi	O
ponija	O
da	O
odjašem	O
u	O
suton	O
!	O

@natamij	O
"	O
mozda	NORM_1WORD
smo	O
siromasna	NORM_1WORD
zemlja	O
,	O
ali	O
smo	O
solidarni	O
,	O
ljudi	O
su	O
nam	O
najvazniji	NORM_1WORD
.	O

požalim	O
se	O
da	O
me	O
bole	NORM_1WORD
glava	O
slijedi	O
rečenica	O
:	O
sve	O
će	O
vas	O
boliti	NORM_1WORD
koliko	O
buljite	O
u	O
ono	O
čudo	O
.	O

to	O
je	O
ponedeljak	O
koji	O
se	O
preziva	O
savršenstvo	O
.	O

na	O
fb	O
se	O
ne	O
ulazi	O
naredna	O
3	O
dana	O
toliko	O
traje	O
svaka	O
senzacija	O
kao	O
sto	NORM_1WORD
je	O
i	O
ova	O
koja	O
pocinje	NORM_1WORD
na	O
slovo	O
e.	O

kada	O
se	O
osećam	O
mirno	O
i	O
spokojno	O
odem	O
do	O
dm-a	O
gde	O
te	O
radnici	O
i	O
obezbedjenje	NORM_1WORD
prate	O
kao	O
kriminalca	O
,	O
čisto	O
radi	O
nekog	O
balansa	O
u	O
univerzumu	O
.	O

htela	O
sam	O
reći	O
komšinici	O
da	O
nisam	O
luda	O
nego	O
da	O
imam	O
brahmi	O
amla	O
na	O
glavi	O
,	O
ali	O
kontam	O
da	O
bi	O
mislila	O
da	O
sam	O
sektaš	O
i	O
kamenovala	O
bi	O
mi	O
gajbu	O
.	O

jesi	O
morao	O
da	O
se	O
upuvash	NORM_1WORD
u	O
kolima	O
stoko	O
jedna	O
...	O

negotinske	O
partije	O
predstavljaju	O
gomile	O
ljudi	O
koji	O
hoće	O
da	O
se	O
i	O
oni	O
nešto	O
pitaju	O
.	O

nema	O
veze	O
,	O
da	O
ne	O
opterećujem	O
lajnu	O
glupostima	O
!	O

i	O
da	O
je	O
on	O
sa	O
nama	O
.	O

nego	O
da	O
pitam	O
,	O
koliko	O
je	O
sad	O
granica	O
za	O
aflatoksin	O
u	O
mleku	O
?	O

sjebali	O
su	O
ios	O
.	O

šta	O
ako	O
već	O
imam	O
payoneer	O
karticu	O
?	O

@vrlo_lagano	O
hvala	O
ti	O
.	O

koliko	O
treba	O
da	O
budeš	O
idiot	O
da	O
se	O
cepis	NORM_1WORD
nepoznatom	O
dečku	O
jer	O
je	O
došo	NORM_1WORD
da	O
se	O
pozdravi	O
s	O
tvojom	O
devojkom	O
?	O

kad	O
vežem	O
rep	O
lepo	O
mi	O
stoji	O
,	O
a	O
to	O
mogu	O
samo	O
kad	O
mi	O
nije	O
čista	O
kosa	O
jer	O
se	O
u	O
suprotnom	O
raspadne	O
za	O
minut	O
+	O

jbg	NORM_1WORD
.	O

nepoznavanje	O
prilika	O
u	O
#srpska	O
koje	O
iskazuje	O
nspm	O
je	O
fantastično	O
i	O
kako	O
ja	O
sada	O
da	O
verujem	O
njima	O
za	O
poznavanje	O
događaja	O
u	O
svijetu	O
?	O

madjarska	NORM_1WORD
je	O
osnovala	O
radne	O
kampove	O
za	O
rome	O
,	O
koji	O
su	O
prisiljeni	O
da	O
rade	O
tamo	O
za	O
novac	O
koji	O
je	O
mnogo	O
ispod	O
minimalaca	O
.	O

svom	O
sinu	O
ću	O
dati	O
ime	O
viza	O
,	O
pa	O
kad	O
dođe	O
na	O
kasu	O
da	O
plati	O
i	O
pita	O
je	O
l'	NORM_1WORD
primate	O
vizu	O
,	O
a	O
kasirka	O
kaže	O
da	O
,	O
lepo	O
je	O
odvede	O
u	O
wc	O
da	O
ga	O
primi	O
.	O

@milostomicmario	O
eno	O
jedva	O
sam	O
je	O
smirio	O
.	O

mislite	O
o	O
tome	O
dok	O
gladujete	O
.	O

-	O
kuku	O
majko	O
uključila	O
si	O
mašinu	O
na	O
crveno	O
slovo	O

e	O
,	O
za	O
ostale	O
-	O
ne	O
znam	O
.	O

a	O
potom	O
palim	O
do	O
zamka	O
,	O
čisto	O
da	O
obiđem	O
feniksa	O
,	O
par	O
sirena	O
iz	O
obližnjeg	O
jezera	O
,	O
možda	O
i	O
koju	O
vilu	O
,	O
a	O
obavezno	O
da	O
pozdravim	O
nimfe	O
.	O

u	O
njegovoj	O
sobi	O
u	O
mraku	O
i	O
ponavljam	O
sebi	O
upamti	O
ovo	O
,	O
ovu	O
noć	O
,	O
sobu	O
,	O
njega	O
,	O
miris	O
,	O
upamti	O
sve	O
,	O
samo	O
ureži	O
sebi	O
u	O
srce	O
da	O
traje	O
.	O

"	O
nisi	O
kompetentna	O
da	O
pričaš	O
,	O
ti	O
na	O
volim	O
te	O
dečku	O
kažeš	O
da	O
je	O
fašista	O
.	O
"	O

čuo	O
sam	O
,	O
od	O
nepouzdanog	O
izvora	O
,	O
da	O
je	O
dinkiću	O
ponudjeno	NORM_1WORD
mesto	O
deda	O
sere	O
u	O
hotelu	O
moskva	O
,	O
ako	O
preda	O
oba	O
ministarstva	O
...	O

ostalo	O
ne	O
.	O

mozemi	NORM_1WORD
neko	O
reci	NORM_1WORD
u	O
koji	O
poremecaj	NORM_1WORD
spada	O
kada	O
slikas	NORM_1WORD
svoju	O
bebu	O
i	O
svaki	O
dan	O
i	O
kacis	NORM_1WORD
njene	O
slike	O
na	O
fejs	O
.	O

jaoj	O
kad	O
puknem	O
pa	O
napravim	O
inovaciju	O
od	O
iphone-a	O
'	O
telefon	O
koji	O
samo	O
prima	O
pozive	O
i	O
poruke	O
'	O
.	O

mič	O
likom	O
isti	O
roki	O
,	O
a	O
takav	O
je	O
i	O
govornik	O
.	O

izgleda	O
da	O
se	O
ni	O
ovde	O
ništa	O
nije	O
promenilo	O
,	O
nedostatak	O
toplote	O
,	O
pozitivne	O
energije	O
,	O
para	O
,	O
sexa	O
,	O
političara	O

divan	O
dan	O
,	O
ptice	O
cvrkucu	NORM_1WORD
,	O
kontrolori	O
lere	NORM_1WORD
kroz	O
otvoren	O
prozor	O
,	O
a	O
lik	O
vodje	NORM_1WORD
nam	O
se	O
ukazuje	O
nad	O
beogradom	O
.	O

zapisala	O
sam	O
tekstove	O
dve	O
pesme	O
koje	O
sam	O
čula	O
da	O
guglujem	O
.	O

ne	O
bih	O
da	O
slutim	O
ranom	O
zorom	O
,	O
ali	O
i	O
jorgovanka	O
treba	O
da	O
putuje	O
za	O
vikend	O
u	O
sad	O
-	O
da	O
je	O
ne	O
vrate	O
sa	O
granice	O
kao	O
onomad	O
dafinu	O
?	O

veceras	NORM_1WORD
predlazemo	NORM_1WORD
#cheesecake	O
i	O
cezar	O
salatu	O
.	O

u	O
paralelnom	O
univerzumu	O
usklađujem	O
želje	O
sa	O
mogućnostima	O
...	O

istopljena	O
od	O
pudera	O
tvoja	O
nadogradjena	NORM_1WORD
kosa	O
mirisala	O
je	O
na	O
tvoje	O
sveze	NORM_1WORD
ugradjene	NORM_1WORD
silikone	O
...	O
romanticno	NORM_1WORD
,	O
zar	O
ne	O
?	O

meanwhile	O
#vic	O
by	O
kum	O
srki	O
:	O
šta	O
se	O
dobije	O
ukrštanjem	O
jehovinog	O
svedoka	O
i	O
ateiste	O
?	O

koliko	O
li	O
vas	O
placa	NORM_1WORD
sve	O
ove	O
godine	O
ono	O
suboticko	NORM_1WORD
govedo	O
?	O

stadion	O
nije	O
ruina	O
?	O

muke	O

evo	O
,	O
imam	O
baš	O
sad	O
par	O
maketica	O
,	O
pa	O
ako	O
nekome	O
treba	O
...	O

@chtsandra	O
ko	O
je	O
taj	O
bota	O
?	O

u	O
stanu	O
preko	O
puta	O
dijete	O
zabolo	O
nosem	O
o	O
zatvoren	O
prozor	O
i	O
samo	O
što	O
ne	O
zaplače	O
a	O
meni	O
milo	O
mislim	O
aj	NORM_1WORD
se	O
sad	O
ćeraj	O
po	O
čitav	O
dan	O
popolju	NORM_1WORD
aj	NORM_1WORD
.	O

sto	NORM_1WORD
manje	O
znanja	O
imas	NORM_1WORD
iz	O
nekog	O
predmeta	O
-	O
to	O
si	O
veci	NORM_1WORD
mudonja	O
jelte	O
?	O

obozava	NORM_1WORD
,	O
laganu	O
muziku	O
,	O
pivo	O
i	O
kej	O
.	O

pritisak	O
mi	O
skocio	NORM_1WORD
u	O
200	O

mada	O
danas	O
medicina	O
resava	NORM_1WORD
taj	O
problem	O
90	O
%	O
.	O

ne	O
zna	O
se	O
ko	O
je	O
veci	NORM_1WORD
gubitnik	O
!	O

tako	O
cemo	NORM_1WORD
i	O
mi	O
.	O

cudno	NORM_1WORD
je	O
to	O
kako	O
mozak	O
ima	O
odbrambeni	O
mehanizam	O
da	O
brise	NORM_1WORD
neke	O
ruzne	NORM_1WORD
trenutke	O
iz	O
proslosti	NORM_1WORD
kako	O
bi	O
te	O
zastitio	NORM_1WORD
od	O
razmisljanja	NORM_1WORD
.	O

auauau	NORM_1WORD
.	O

-	O
jao	O
ne	O
mogu	O
da	O
udomim	O
psa	O
/	O
macku	NORM_1WORD
,	O
uginuce	NORM_1WORD
nekada	O
i	O
sta	NORM_1WORD
cu	NORM_1WORD
posle	O
!	O

jbš	NORM_1WORD
takav	O
život	O
.	O

nek'	NORM_1WORD
ide	O
zivot	NORM_1WORD
!	O

@srkoprivica	O
uzmi	O
jednu	O
sanval	O
tabletu	O
i	O
zaspaćeš	O
u	O
roku	O
od	O
10	O
min.	O
.	O

ne	O
isplati	O
mi	O
se	O
da	O
kupujem	O
mesečnu	O
za	O
samo	O
par	O
dana	O
,	O
a	O
karta	O
jebenih	O
70	O
din	NORM_1WORD
!	O

alevu	NORM_1WORD
kaže	O
pozivali	O
smo	O
privrednike	O
koji	O
plaćaju	O
najveći	O
porez	O
.	O

i	O
vi	O
sto	NORM_1WORD
slusate	NORM_1WORD
ta	O
sranja	O
,	O
a	O
i	O
oni	O
sto	NORM_1WORD
pevaju	O
,	O
ovo	O
je	O
uzas	NORM_1WORD
.	O

sve	O
se	O
sjebalo	O
kada	O
su	O
zene	NORM_1WORD
pod	O
parolom	O
jednakost	O
polova	O
istripovale	O
da	O
je	O
okej	O
da	O
se	O
ponasaju	NORM_1WORD
kao	O
muskarci	NORM_1WORD
.	O

hoćeš	O
neki	O
blog	O
da	O
napišeš	O
?	O

volim	O
svoju	O
,	O
sada	O
već	O
neko	O
vreme	O
,	O
ljubičastu	O
kosu	O
...	O

tokom	O
spn	O
epizode	O
:	O
-	O
vinčesteru	O
zadaviću	O
te	O
,	O
golim	O
rukama	O
ću	O
te	O
zadaviti	O
,	O
što	O
si	O
glup	O
?	O

u	O
prvih	O
45	O
minuta	O
finala	O
lige	O
šampiona	O
,	O
fudbaleri	O
bajerna	O
i	O
borusije	O
pretrčali	O
su	O
više	O
nego	O
svi	O
fudbaleri	O
partizana	O
i	O
zvezde	O
u	O
toku	O
sezone	O
..	O

posle	O
22	O
h	O
na	O
24	O
kitchen	O
bi	O
trebalo	O
da	O
idu	O
samo	O
emisije	O
o	O
gladnima	O
u	O
africi	O
.	O

ne	O
znam	O
ja	O
ko	O
zove	O
treci	NORM_1WORD
put	O
na	O
pice	NORM_1WORD
,	O
i	O
pritom	O
ima	O
decka	NORM_1WORD
,	O
i	O
posle	O
milos	NORM_1WORD
,	O
zavodnik	O
,	O
iju	O
,	O
sacuvaj	NORM_1WORD
boze	NORM_1WORD
!	O

#srbija	O
#drzava	O

@vukomand	O
kako	O
te	O
nije	O
sramota	O
da	O
promovišeš	O
"	O
kosovo	O
"	O
?	O

a	O
ovi	O
nemaštoviti	O
zidove	NORM_1WORD
privlače	O
čudne	O
misli	O
.	O

svi	O
ti	O
termini	O
kao	O
što	O
su	O
premija	O
,	O
osigurani	O
slučaj	O
...	O

zato	O
je	O
kurs	O
rublje	O
srazmeran	O
ceni	O
nafte	O
.	O

http://t.co/knfpggjnbs	O
via	O
@zivotinje.rs	O

izgledam	O
k'o	NORM_1WORD
da	O
sam	O
izasao	NORM_1WORD
iz	O
groba	O
,	O
al'	NORM_1WORD
imam	O
kapu	O
i	O
naocare	NORM_1WORD
za	O
sunce	O
,	O
pa	O
tripujem	O
da	O
se	O
to	O
ne	O
vidi	O
.	O

radulović	O
po	O
#sns	O
čas	O
dobar	O
,	O
čas	O
loš	O
.	O

sudeci	NORM_1WORD
po	O
statusima	O
,	O
rekao	O
bih	O
da	O
je	O
djokovic	NORM_1WORD
brakom	O
proslavio	O
sto	NORM_1WORD
je	O
upao	O
na	O
budzet	NORM_1WORD
,	O
jer	O
je	O
na	O
prijemnom	O
u	O
vimbldonu	O
pobedio	O
brazil	O
sa	O
7:1.	O

vau	O
kakav	O
motivacioni	O
govor	O
!	O

snif	O
snif	O
...	O

bas	NORM_1WORD
takvo	O
kakvo	O
jeste	O
.	O

dobro	O
mi	O
je	O
.	O

jebo	NORM_1WORD
te	O
sojic	NORM_1WORD
...	O

mislim	O
da	O
je	O
to	O
jedina	O
pobeda	O
moua	O
na	O
sjp	NORM_1WORD
.	O

znam	O
da	O
ne	O
treba	O
suditi	O
o	O
ljudima	O
na	O
osnovu	O
fizičkog	O
izgleda	O
,	O
ali	O
koja	O
je	O
tebe	O
muka	O
naterala	O
da	O
obučeš	O
taj	O
tigrasi	NORM_1WORD
kombinezon	O
sa	O
uggsicama	O
?	O

-	O
imas	NORM_1WORD
srece	NORM_1WORD
bre	O
,	O
cuti	NORM_1WORD
.	O

oni	O
,	O
ljudi	O
,	O
godinama	O
nisu	O
imali	O
razlog	O
da	O
se	O
obraduju	O
,	O
da	O
gledaju	O
neku	O
važnu	O
utakmicu	O
.	O

kod	O
nas	O
je	O
divlji	O
balkan	O
.	O

i	O
sad	O
šatro	O
to	O
kao	O
nije	O
izrežirano	O
?	O

lepo	O
je	O
imati	O
nove	O
radnike	O
:)	O

ove	O
debile	O
koji	O
se	O
loze	NORM_1WORD
na	O
karleusu	NORM_1WORD
zatvoriti	O
u	O
neki	O
podrum	O
i	O
mlatiti	O
do	O
zore	O
i	O
tako	O
u	O
krug	O
.	O

posle	O
ispitnog	O
roka	O
sledi	O
gledanje	O
filmova	O
,	O
serija	O
.....	O

imaš	O
krizu	O
identiteta	O
.	O

i	O
da	O
pitam	O
-	O
a	O
ko	O
će	O
da	O
plaća	O
dinkića	O
sad	O
?	O

i	O
tako	O
mi	O
,	O
u	O
svojoj	O
nadmenoj	O
skučenosti	O
duha	O
,	O
menjamo	O
naše	O
najslađe	O
snove	O
za	O
zaleđene	O
osmehe	O
cinika	O
.	O

ova	O
vrućina	O
mi	O
izaziva	O
filozofske	O
dileme	O
kao	O
što	O
je	O
"	O
da	O
li	O
je	O
prince	O
izazvao	O
bombardovanje	O
jugoslavije	O
sa	O
pesmom	O
"	O
partijaćemo	O
kao	O
da	O
je	O
'99a	NORM_1WORD
"	O

naći	O
100	O
din	NORM_1WORD
ispod	O
kreveta	O
dok	O
tražiš	O
drugu	O
iole	O
,	O
čistu	O
čarapu	O
.	O

naime	O
,	O
šešelj	O
je	O
redovno	O
drao	O
žvalavog	O
i	O
pogrebnika	O
u	O
šahu	O
.	O

to	O
smo	O
znali	O
i	O
bez	O
rukopisa	O
.	O

jebote	O
kad	O
sedim	O
mogu	O
pojesti	O
boga	O
oca	O
zato	O
kad	O
ustanem	O
dođe	O
mi	O
da	O
ispeglam	O
sve	O
obroke	O
od	O
prošle	O
nedelje	O
do	O
sad	O
.	O

ponesite	O
kišobran	O
ili	O
se	O
zaštitite	O
optimizmom	O
.	O

dačić	O
:	O
nema	O
pomoći	O
za	O
zvezdu	O
i	O
partizan	O
,	O
rešenje	O
je	O
privatizacija	O

jeste	O
,	O
uobrazena	NORM_1WORD
sam	O
i	O
pravim	O
se	O
da	O
se	O
ne	O
vidim	O
.	O

pustila	O
sam	O
muziku	O
preglasno	O
,	O
cela	O
kuca	NORM_1WORD
se	O
trese	O
.	O

zamislite	O
lenona	O
kako	O
sad	O
radi	O
ajs	O
baket	O
čelindž	O
,	O
mislim	O
da	O
je	O
ovo	O
samo	O
meni	O
genijalno	O
i	O
presmešno	O
.	O

prica	NORM_1WORD
tata	O
danas	O
kako	O
necu	NORM_1WORD
znati	O
muzu	NORM_1WORD
da	O
skuvam	O
rucak	NORM_1WORD
,	O
a	O
meni	O
dve	O
misli	O
-	O
koji	O
muz	NORM_1WORD
,	O
i	O
kuhinja	O
nije	O
za	O
to	O

ja	O
bih	O
verovatno	O
legla	O
i	O
cekala	NORM_1WORD
da	O
umrem	O
.	O

sad	O
mi	O
lakše	O
što	O
se	O
nismo	O
kvalifikovali	O
,	O
zamislite	O
da	O
branimo	O
titulu	O
i	O
blamiramo	O
se	O
ovako	O
ko	NORM_1WORD
španci	O
?	O

nedi	O
arnerić	O
je	O
stranka	O
sredila	O
da	O
je	O
meću	O
u	O
liste	O
najlepših	O
i	O
najseksipilnijih	O
žena	O
,	O
drugo	O
objašnjenje	O
nemam	O
.	O

neki	O
drugi	O
znak	O
:	O
jebote	O
koji	O
smorovi	O
,	O
sta	NORM_1WORD
retvitujete	O
vi	O
jebote	O
.	O

karic	NORM_1WORD
otkriva	O
najvece	NORM_1WORD
pljacke	NORM_1WORD
u	O
srbiji	O
.	O

isključio	O
sam	O
muziku	O
u	O
slušalicama	O
da	O
bih	O
odslušao	O
emininu	O
"	O
da	O
l'	NORM_1WORD
ona	O
zna	O
?	O
"	O
dok	O
je	O
bila	O
na	O
radiju	O
u	O
autobusu	O
,	O
okej	O
očaj	O
.	O

...	O

-	O
od	O
?	O

evo	O
ćale	O
mi	O
objašnjava	O
nešto	O
i	O
između	O
ostalog	O
kaže	O
da	O
je	O
pneumatika	O
princip	O
komprimovanja	O
vazduha	O
simulirajući	O
drkanje	O
kurca	O
,	O
evo	O
ne	O
znam	O
...	O

sad	O
da	O
zaspim	O
do	O
tri	O
,	O
zato	O
sto	NORM_1WORD
sam	O
gledala	O
isterivanje	O
djavola	NORM_1WORD
iz	O
emily	O
rose	O
i	O
conjuring	O
,	O
a	O
kao	O
i	O
po	O
obicaju	NORM_1WORD
sve	O
se	O
nesto	NORM_1WORD
oko	O
tri	O
vrti	O
.	O

na	O
putu	O
ka	O
beogradu	O
iz	O
sarajeva	O
posle	O
pet	O
celih	O
dana	O
palim	O
twitter	O
u	O
nekoj	O
zabiti	O
od	O
kafane	O
usred	O
romanije	O
.	O

aj	NORM_1WORD
ne	O
serite	O
pa	O
i	O
nasim	NORM_1WORD
roditeljima	O
je	O
glavna	O
sega	NORM_1WORD
bila	O
rusenje	NORM_1WORD
vlade	O
.	O

ne	O
slikaju	O
se	O
zene	NORM_1WORD
slucajno	NORM_1WORD
od	O
pozadi	O
!	O

sto	NORM_1WORD
se	O
o	O
njima	O
nije	O
pricalo	NORM_1WORD
kao	O
o	O
nebitnom	O
francuzu	O
?	O

osoba	O
koja	O
ti	O
ponudi	O
ono	O
sto	NORM_1WORD
zna	O
da	O
neces	NORM_1WORD
moci	NORM_1WORD
da	O
odbijes	NORM_1WORD
je	O
zapravo	O
osoba	O
koja	O
te	O
najbolje	O
poznaje	O
.	O

#nerealno	O
#modrica	O
#svaleracija	O
#transodsmeha	O

da	O
li	O
si	O
twitnuo	NORM_1WORD
da	O
smo	O
svršili	O
zajedno	O
?!	O

ako	O
se	O
ne	O
možemo	O
najstrašnije	O
iznapušavati	O
,	O
a	O
sutra	O
normalno	O
funkcionisati	O
,	O
jebi	O
ga	O
,	O
ne	O
možemo	O
se	O
družiti	O
.	O

#oko11	O

lako	O
je	O
smuvati	O
devojku	O
koju	O
si	O
tek	O
upoznao	O
.	O

neradnici	O
i	O
gradski	O
mamlazi	O
,	O
kulturne	O
gnjide	O
,	O
poltroni	O
i	O
nemoralne	O
žene	O
su	O
najveći	O
glasnogovornici	O
i	O
promoteri	O
stranaka	O
...	O

ko	O
je	O
smislio	O
te	O
debilne	O
porodicne	NORM_1WORD
nazive	O
"	O
svastika	O
,	O
svekar	O
,	O
svekrva	O
,	O
zaova	O
"	O
za	NORM_1WORD
,	O
sve	NORM_1WORD
ko	O
je	O
pospajao	O
te	O
reci	NORM_1WORD
nepismeni	O
debil	O
.	O

mrzim	O
zene	NORM_1WORD
koje	O
dodju	NORM_1WORD
kod	O
mene	O
da	O
gledaju	O
film	O
i	O
onda	O
me	O
spopadnu	O
posle	O
5	O
min	NORM_1WORD
.	O

kaže	O
mama	O
"	O
imaš	O
u	O
frižideru	O
pohovanu	O
teletinu	O
,	O
samo	O
što	O
nisam	O
imala	O
teletinu	O
,	O
nego	O
sam	O
pohovala	O
svinjetinu	O
.	O
"	O

e	O
,	O
neka	O
vrati	O
svaku	O
paricu	O
tadiću	O
i	O
ds	NORM_1WORD
.	O

e	O
tada	O
i	O
narod	O
treba	O
da	O
bude	O
odgovoran	O
.	O

e.	NORM_1WORD
se	O
greje	O
na	O
ruski	O
gas	O
koji	O
uvozi	O
preko	O
ukr	O
,	O
a	O
sad	O
joj	O
je	O
zavela	O
sankcije	O
.	O

pa	O
nije	O
dosla	NORM_1WORD
iz	O
ny	O
,	O
dosla	NORM_1WORD
je	O
iz	O
boegrada	NORM_1WORD
!	O

obozavam	NORM_1WORD
ljude	O
sa	O
kojima	O
se	O
dogovorim	O
da	O
blejimo	O
u	O
roku	O
od	O
3	O
minuta	O
.	O

pita	O
me	O
dal	NORM_1WORD
sam	O
prevaraila	NORM_1WORD
decka	NORM_1WORD
.	O

a	O
bio	O
sam	O
u	O
muriji	O
zbog	O
tvita	O
.	O

ajmo	O
braćo	O
na	O
vazduhu	O
da	O
živimo	O

-	O
vidimo	O
se	O
večeras	O
?	O

ali	O
to	O
je	O
sve	O
što	O
mogu	O
da	O
uradim	O
.	O

toliko	O
narcisa	O
na	O
instagramu	O
.	O

i	O
to	O
naše	O
je	O
bilo	O
opasno	O
,	O
a	O
kamo	NORM_1WORD
ovo	O
!!!	O

jer	O
kostun	NORM_1WORD
,	O
jer	O
velja	O
,	O
jer	O
nije	O
prvi	O
put	O
.	O

da	O
bar	O
plaća	O
nego	O
smo	O
spali	O
na	O
razum	O
.	O

verovatno	O
prica	NORM_1WORD
o	O
svojim	O
pocetcima	NORM_1WORD
,	O
sa	O
lakih	O
nota	O
na	O
primarnu	O
emisiju	O
.	O

@velikimo	O
-	O
odakle	O
si	O
?	O

ne	O
da	O
mi	O
dansguardian	O
da	O
udjem	NORM_1WORD
na	O
fejs	O
,	O
pise	NORM_1WORD
pornografija	O
.	O

evo	O
,	O
evo	O
,	O
albanci	O
imaju	O
uslove	O
da	O
bi	O
izašli	O
na	O
teren	O
.	O

prvlo	NORM_1WORD
jutro	O
bez	O
smsa	NORM_1WORD
mojih	O
djaka	NORM_1WORD
da	O
kasne	O
na	O
cas	NORM_1WORD
,	O
da	O
ih	O
boli	O
stomak	O
ili	O
da	O
su	O
se	O
uspavali	O
je	O
praznjikavo	O
jutro	O
.	O

pitao	O
me	O
jednom	O
decko	NORM_1WORD
kada	O
sam	O
mu	O
banula	O
sa	O
palacinkama	NORM_1WORD
da	O
li	O
sam	O
ih	O
ja	O
pravila	O
,	O
a	O
ja	O
seljanka	O
odgovarila	NORM_1WORD
baka	O
pravila	O
,	O
al	NORM_1WORD
ja	O
sam	O
mazala	O
.	O

@vestoma_tomy	O
@dostajerestart	O
@sasaradulovich	O
nije	O
obozavanje	NORM_1WORD
.	O

ne	O
menjam	O
pricu	NORM_1WORD
i	O
misljenje	NORM_1WORD
ni	O
kada	O
se	O
emocije	O
promene	O
.	O

ivane	O
,	O
kada	O
već	O
"	O
vaspitavaš	O
"	O
tu	O
decu	O
,	O
udruženje	O
za	O
zaštitu	O
prava	O
jk	O
dive	O
zahteve	NORM_1WORD
da	O
ti	O
još	O
jednom	O
prođeš	O
fazu	O
vaspitavanja	O
.	O

''	O
ima	O
ruzne	NORM_1WORD
noge	O
u	O
picku	NORM_1WORD
materinu	O
,	O
mlitave	O
,	O
k'o	NORM_1WORD
kod	O
babe	O
neke	O
.	O

dali	O
smo	O
ga	O
nekim	O
ljudima	O
koji	O
uzgajaju	O
i	O
posle	O
kolju	O
.	O

ali	O
to	O
ništa	O
ne	O
znači	O
.	O

rukomet	O
keva	O
!	O

od	O
cigara	O
odu	O
pluća	O
.	O

zato	O
fakultet	O
nece	NORM_1WORD
ni	O
da	O
mi	O
smanji	O
skolarinu	NORM_1WORD
!	O

tamo	O
izgleda	O
sve	O
funkcionise	NORM_1WORD
....	O

na	O
pravnom	O
fakultetu	O
u	O
amfiteatru	O
2	O
,	O
na	O
tribini	O
o	O
z.	O
o	O
radu	O
.	O

jednom	O
prilikom	O
sam	O
u	O
supu	O
nesvesno	O
stavio	O
kečap	O
,	O
kevin	O
komentar	O
je	O
bio	O
-	O
vlado	O
(	O
ćale	O
)	O
,	O
ovaj	O
naš	O
se	O
drogira	O
,	O
daj	O
teglicu	O
da	O
piša	O
.	O

bez	O
reči	O
.	O

shvatio	O
covek	NORM_1WORD
na	O
vreme	O
sta	NORM_1WORD
je	O
pametnije	O
za	O
bolje	O
sutra	O
.	O

aha	O
,	O
taman	O
toliko	O
da	O
se	O
odjavim	O
od	O
primanja	O
vaših	O
mejlova	O
.	O

nije	O
tl	O
krug	O
najuzih	NORM_1WORD
prijatelja	O
,	O
pa	O
da	O
bude	O
samo	O
opusteno	NORM_1WORD
.	O

@bogun13	O
hahahaha	O
.	O

u	O
svakom	O
slučaju	O
.	O

liči	O
.	O

jel	NORM_1WORD
djubretarima	NORM_1WORD
u	O
opisu	O
radnog	O
mesta	O
da	O
pored	O
prosipanja	O
djubreta	NORM_1WORD
jos	NORM_1WORD
i	O
:	O
struzu	NORM_1WORD
kantama	O
po	O
asfaltu	O
deru	O
se	O
kaslju	NORM_1WORD
smeju	O
se	O
zive	NORM_1WORD
?	O

"	O
da	O
li	O
to	O
znaci	NORM_1WORD
da	O
covek	NORM_1WORD
ne	O
moze	NORM_1WORD
biti	O
srecan	NORM_1WORD
sa	O
onim	O
koga	O
voli	O
?!	O

kakav	O
imidž	O
.	O

od	O
sebe	O
i	O
vas	O
ocekujem	NORM_1WORD
puno	O
svezih	NORM_1WORD
ideja	O
,	O
na	O
kojima	O
cemo	NORM_1WORD
individualno	O
ili	O
zajedno	O
raditi	O
,	O
i	O
time	O
povecati	NORM_1WORD
verovatnocu	NORM_1WORD
da	O
ih	O
realizujemo	O
.	O

ja	O
mislio	O
lik	O
se	O
zeza	O
,	O
on	O
stvarno	O
'vako	NORM_1WORD
nabada	O
...	O

http://t.co/ifixjkzgbl	O
#dalekojeoktobar	O

neverica	O
kad	O
sa	O
porodicnog	NORM_1WORD
mejla	O
stigne	O
odgovor	O
30	O
s	O
posle	O
mog	O
send	O
.	O

dolazim	O
brzo	O
srećo	O
.	O

tako	O
mi	O
i	O
treba	O
kad	O
sam	O
uvek	O
bezala	NORM_1WORD
sa	O
fizickog	NORM_1WORD
...	O

ja	O
lično	O
preferiram	O
da	O
odnesem	O
neku	O
robu	O
u	O
crveni	O
krst	O
.	O

vi	O
što	O
živite	O
u	O
beogradu	O
niste	O
ni	O
svesni	O
koliko	O
ste	O
time	O
privilegovani	O
...	O

jao	O
brate	O
evo	O
počeo	O
je	O
ovaj	O
sin	O
radašin	O
na	O
prevaru	O
odma	NORM_1WORD
posle	O
vaterpola	O
a	O
ja	O
ne	O
znam	O
gde	O
mi	O
je	O
tableta	O
za	O
samoubistvo	O
.	O

ta	O
mi	O
je	O
fav	O
faca	O
!	O

izasao	NORM_1WORD
novi	O
sampion	NORM_1WORD
na	O
#lol-u	O
,	O
ali	O
ovoga	O
puta	O
se	O
necu	NORM_1WORD
zeznuti	O
kao	O
za	O
luciana	O
,	O
i	O
platiti	O
ga	O
preskupo	O
.	O

hm	O
?	O

oni	O
jutros	O
po	O
badnjak	O
,	O
a	O
mi	O
hitno	O
u	O
obilazak	O
džamija	O
.	O

malo	O
se	O
ja	O
previše	O
zajebavam	O
s	O
obzirom	O
na	O
to	O
da	O
polažem	O
7	O
predmeta	O
,	O
ali	O
yolo	O
,	O
pa	O
kad	O
budem	O
živela	O
ispod	O
mosta	O
...	O

dvoumim	O
se	O
da	O
li	O
da	O
joj	O
odem	O
do	O
kuće	O
sa	O
porodičnim	O
sladoledom	O
i	O
gledamo	O
notebook	O
ili	O
da	O
joj	O
zalepim	O
šamar	O
što	O
patetiše	O
zbog	O
kretena	O
.	O

sad	O
me	O
zove	O
kod	O
nje	O
na	O
kafu	O
,	O
a	O
juce	NORM_1WORD
mi	O
saopstila	NORM_1WORD
da	O
se	O
udaje	O
.	O

to	O
se	O
neko	O
zajebava	O
samnom	NORM_1WORD
?	O

analiziramo	O
aktivnosti	O
,	O
odobravamo	O
nove	O
clanove	NORM_1WORD
i	O
kujemo	O
planove	O
za	O
naredni	O
period	O
.	O

kada	O
će	O
hrvatskoj	O
uvesti	O
euro	NORM_1WORD
ne	O
mogu	O
više	O
ovo	O
preračunjavanje	NORM_1WORD
koliko	O
je	O
to	O
u	O
eurima	NORM_1WORD
,	O
koliko	O
u	O
dinarima	O
....	O

-	O
"	O
iz	O
uzlovaje	O
,	O
to	O
je	O
jedno	O
selo	O
pored	O
tule	O
"	O

-	O
sto	NORM_1WORD
si	O
ispovraćan	O
?	O

ali	O
kad	O
je	O
cura	O
rekla	O
:	O
nemam	O
tviter	O
,	O
volim	O
fejs	O
,	O
fejs	O
je	O
neka	O
moja	O
stvar	O
koju	O
obozavam	NORM_1WORD
,	O
u	O
kojoj	O
uzivam	NORM_1WORD
i	O
to	O
ne	O
moze	NORM_1WORD
da	O
se	O
zameni	O
.	O

kada	O
mi	O
treba	O
nešto	O
da	O
me	O
razveseli	O
,	O
odslušam	O
neku	O
listu	O
"	O
saddest	O
breakup	O
songs	O
"	O
i	O
umrem	O
od	O
smeha	O
zamišljajući	O
debile	O
koji	O
to	O
slušaju	O
.	O

najgluplja	O
stvar	O
koju	O
sam	O
uradio	O
na	O
tw	O
je	O
što	O
sam	O
zapratio	O
@jovanavu	O
i	O
omogućio	O
joj	O
da	O
mi	O
šalje	O
glupe	O
dmove	NORM_1WORD
.	O

siniša	O
mali	O
,	O
iskusan	O
u	O
prodajama	O
državnog	O
i	O
društvenog	O
kapitala	O
,	O
odredio	O
je	O
da	O
njegov	O
čovek	O
bude	O
predsednik	O
skupštine	O
pkb	O
korporacije	O
.	O

meni	O
je	O
to	O
isto	O
.	O

jao	O
ne	O
mogu	O
da	O
se	O
druzim	NORM_1WORD
sa	O
tobom	O
,	O
umreces	NORM_1WORD
jednom	O
sigurno	O
.	O

taman	O
se	O
poradovah	O
zakasnelom	O
ostatku	O
plate	O
,	O
kad	O
prc	O
-	O
pustiše	O
mi	O
neki	O
ček	O
od	O
pre	O
45	O
dana	O
na	O
koji	O
sam	O
zaboravio	O
skroz	O
.	O

divlja	O
vožnja	O
.	O

@vanjabursac	O
ovaj	O
je	O
sasvim	O
korektan	O
.	O

često	O
razmišljam	O
o	O
tome	O
gde	O
su	O
i	O
šta	O
rade	O
moji	O
vršnjaci	O
iz	O
porodilišta	O
koji	O
su	O
spavali	O
do	O
mene	O
tamo	O
i	O
da	O
li	O
ću	O
ih	O
nekad	O
u	O
životu	O
sresti	O
.	O

uništili	O
pravosuđe	O
,	O
rasturili	O
policiju	O
,	O
ukinuli	O
srpsku	O
državu	O
,	O
zakletvu	O
polažu	O
kasapinu	O
tačiju	O
i	O
šipta	NORM_1WORD
...	O

ne	O
po	O
glumi	O
nego	O
po	O
stasu	O
.	O

pricajmo	NORM_1WORD
o	O
ovome	O
...	O
informisimo	NORM_1WORD
se	O
,	O
razmislimo	O
..	O

ona	O
:	O
gledala	O
sam	O
te	O
u	O
oci	NORM_1WORD
par	O
puta	O
.	O

obavezno	O
obratite	O
paznju	NORM_1WORD
na	O
svaku	O
pesmu	O
.	O

prihvati	O
svaku	O
stresnu	O
situacuju	O
kao	O
pas	O
;	O
ako	O
nešto	O
ne	O
možeš	O
pojesti	O
ili	O
se	O
poigrati	O
s	O
tim	O
,	O
popišaj	O
se	O
na	O
to	O
i	O
kreni	O
dalje	O
...	O

kad	O
mi	O
se	O
nesto	NORM_1WORD
ponavlja	O
u	O
toku	O
dana	O
ja	O
kazem	NORM_1WORD
:	O
"	O
jao	O
,	O
dan	O
mrmota	O
"	O
iako	O
nikad	O
odgledala	O
taj	O
film	O
nisam	O
.	O

kazes	NORM_1WORD
mu	O
da	O
ustane	O
da	O
ispremesta	NORM_1WORD
caskom	NORM_1WORD
neke	O
kofere	O
po	O
kabini	O
dok	O
se	O
putnici	O
smeju	O
i	O
obecas	NORM_1WORD
mu	O
da	O
ces	NORM_1WORD
ga	O
voziti	O
kuci	NORM_1WORD
i	O
cao	NORM_1WORD
.	O

u	O
fazonu	O
sam	O
da	O
stavljam	O
knjigu	O
ispod	O
jastuka	O
,	O
stvarno	O
kontam	O
da	O
ce	NORM_1WORD
mi	O
znanje	O
tokom	O
noci	NORM_1WORD
sleteti	O
u	O
glavu	O
...	O

provalile	O
su	O
te	O
i	O
premazale	O
dok	O
si	O
rekao	O
svoje	O
ime	O
.	O

trinidaditobagoljub	O
?	O

nikad	O
jača	O
želja	O
da	O
predam	O
dokumenta	NORM_1WORD
za	O
vizu	O
.	O

kad	O
god	O
uđem	O
na	O
lajnu	O
@vatrogasacc	O
priča	O
sa	O
zamišljenom	O
služavkom	O
,	O
moraćemo	O
neku	O
meksičku	O
imigrantkinju	O
da	O
uvezemo	O
i	O
nazovemo	O
je	O
rozalinda	O
.	O

o.o	O

šta	O
?	O

dodju	NORM_1WORD
mama	O
,	O
tata	O
i	O
janko	O
,	O
podsete	O
me	O
na	O
to	O
koja	O
sam	O
srecnica	NORM_1WORD
sto	NORM_1WORD
imam	O
bas	NORM_1WORD
njih	O
za	O
porodicu	O
i	O
posle	O
je	O
sve	O
lakse	NORM_1WORD

kada	O
jedan	O
invalid	O
dobije	O
otkaz	O
da	O
bi	O
drugi	O
invalid	O
dobio	O
posao	O
!	O

@mobilmega	O
treba	O
da	O
ode	O
kod	O
psiholaoga	NORM_1WORD
da	O
mu	O
uradi	O
takozvane	O
"	O
projekcije	O
"	O
pa	O
ako	O
to	O
ne	O
pomogne	O
,	O
terapija	O
medikamentima	O
.	O

ne	O
a	O
?	O

to	O
sto	NORM_1WORD
vidim	O
zlobu	O
.	O

ne	O
znam	O
kakvu	O
sreću	O
bi	O
mu	O
moglo	O
doneti	O
to	O
ime	O
,	O
osim	O
da	O
ga	O
apatinska	O
unajmi	O
za	O
maskotu	O
.	O

aj	NORM_1WORD
seko	O
kućama	O
,	O
dosta	O
igranja	O
u	O
našem	O
peskiću	O
.	O

ne	O
zapraćuj	O
me	O
ako	O
misliš	O
da	O
ću	O
da	O
te	O
zapratim	O
nazad	O
,	O
jer	O
ako	O
si	O
kao	O
ova	O
gwupa	NORM_1WORD
mawa	NORM_1WORD
nema	O
te	O
sile	O
koja	O
bi	O
me	O
naterala	O
.	O

@darnartan	O
razmisljao	NORM_1WORD
sam	O
ja	O
davno	O
o	O
tome	O
.	O

pucanje	O
cevi	O
u	O
višnjičkoj	O
ulici	O
uzrok	O
je	O
zamućenja	O
vode	O
i	O
laganog	O
nestajanja	O
iste	O
u	O
lokalu	O
.	O

mora	O
se	O
preseći	O
,	O
grešni	O
smo	O
prema	O
zariću	O
.	O

eno	O
čovek	O
ne	O
zna	O
šta	O
će	O
sa	O
parama	O
.	O

večeras	O
me	O
fejvujete	O
,	O
ritvitujete	NORM_1WORD
i	O
zapraćujete	O
kao	O
nenormalni	O
,	O
treba	O
li	O
da	O
se	O
uplašim	O
ili	O
obradujem	O
?	O

okk	NORM_1WORD
ništa	O
sutra	O
onda	O
!	O

zkp	O
zabranjuje	O
iznosenje	NORM_1WORD
saznanja	O
iz	O
istrage	O
a	O
to	O
se	O
danima	O
radi	O
.	O

ocajne	NORM_1WORD
domacice	NORM_1WORD
,	O
sex	NORM_1WORD
i	O
grad	O
,	O
sad	O
kardasijani	NORM_1WORD
i	O
posle	O
se	O
svi	O
cude	NORM_1WORD
zasto	NORM_1WORD
su	O
nam	O
pojedine	O
devojke	O
sponzoruse	NORM_1WORD
i	O
plasticne	NORM_1WORD
!	O

arhitekte	O
su	O
ipak	O
prostitutke	O
.	O

imam	O
ja	O
tu	O
jedno	NORM_1WORD
drugaricu	O
koja	O
se	O
ne	O
ustrucava	NORM_1WORD
da	O
mi	O
kaze	NORM_1WORD
da	O
ne	O
voli	O
kad	O
mi	O
je	O
rodjendan	NORM_1WORD
jer	O
mora	O
poklon	O
da	O
mi	O
kupi	O
a	O
to	O
je	O
mnogo	O
naporno	O
.	O

@devojkaizobraza	O
jao	O
pa	O
totalno	O
sam	O
za	O
,	O
to	O
bi	O
bilo	O
sjajno	O
samo	O
treba	O
naći	O
prostor	O
da	O
stanemo	O
i	O
isplanirati	O
to	O
dobro	O
:d	O

stani	O
malo	O
,	O
razmisli	O
svojom	O
glavom	O
,	O
ne	O
zaleći	O
se	O
,	O
ne	O
dozvoli	O
da	O
ti	O
drugi	O
serviraju	O
svoju	O
verziju	O
priče	O
,	O
jer	O
je	O
sve	O
to	O
u	O
velikoj	O
većini	O
laž	O
.	O

opremila	O
sam	O
klijentu	O
stan	O
,	O
pita	O
me	O
šta	O
hoću	O
na	O
poklon	O
.	O

a	O
da	O
laje	O
zna	O
...	O

imaju	O
toliko	O
lica	O
da	O
je	O
nemoguce	NORM_1WORD
sva	O
ih	O
upoznati	O
.	O

dve	O
drugarice	O
,	O
moje	O
imenjakinje	O
,	O
će	O
se	O
jebu	O
za	O
novu	O
,	O
tako	O
da	O
otkazujem	O
svim	O
mušterijama	O
vatromete	O
,	O
moram	O
da	O
balansiram	O
kurvarluk	O
na	O
imenu	O
.	O

stedljivost	NORM_1WORD
,	O
jer	O
kriza	O
.	O

hoću	O
nešto	O
da	O
tvitujem	O
,	O
ali	O
je	O
neko	O
to	O
napisao	O
pre	O
tipa	O
pet	O
minuta	O
i	O
bude	O
mi	O
glupo	O
jer	O
će	O
ispasti	O
da	O
ih	O
kopiram	O

palma	O
,	O
sta	NORM_1WORD
bi	O
ti	O
arkan	O
rekao	O
na	O
poslednju	O
izjavu	O
vezanu	O
za	O
red	O
voznje	NORM_1WORD
?	O

niko	O
od	O
naših	O
hirurga	O
ne	O
spava	O
na	O
ovim	O
krevetima	O
,	O
a	O
dodje	NORM_1WORD
strana	O
studentkinja	O
i	O
evo	O
je	O
spava	O
!	O

dal	NORM_1WORD
je	O
ovo	O
vreme	O
realno	O
,	O
pa	O
jel	NORM_1WORD
ovaj	O
sto	NORM_1WORD
nam	O
odredjuje	NORM_1WORD
vreme	O
zna	O
da	O
mi	O
imamo	O
da	O
spremamo	O
ispite	O
,	O
ali	O
od	O
ovolike	O
vrucene	NORM_1WORD
to	O
je	O
neizvodljivo	O
!	O

ulazak	O
u	O
eu	O
jednostavno	O
nije	O
naš	O
ekonomski	O
interes	O
.	O

hocu	NORM_1WORD
sve	O
i	O
hocu	NORM_1WORD
odmah	O
,	O
ali	O
nema	O
vece	NORM_1WORD
slasti	O
i	O
gozbe	O
nakon	O
odricanja	O
,	O
suzdrzavanja	NORM_1WORD
i	O
trpljenja	O
dok	O
najvise	NORM_1WORD
zelis	NORM_1WORD
...	O

srbija	O
kad	O
uđe	O
u	O
#datum	O
da	O
promeni	O
zastavu	O
...	O
umesto	O
dvoglavog	O
orla	O
da	O
bude	O
guzica	O
ili	O
tako	O
nešto	O
...	O

divan	O
osecaj	NORM_1WORD
kada	O
ti	O
nocu	NORM_1WORD
komarac	O
oblece	NORM_1WORD
oko	O
glave	O
,	O
imam	O
osecaj	NORM_1WORD
kao	O
da	O
mi	O
je	O
helikopter	O
sleteo	O
na	O
uvo	O
.	O

kada	O
neko	O
ode	O
iz	O
tvoga	O
života	O
,	O
to	O
nije	O
kraj	O
tvoje	O
priče	O
.	O

moz'	NORM_1WORD
se	O
umre	O
ako	O
si	O
uporan	O
.	O

zar	O
je	O
jadni	O
servis	O
spao	O
na	O
to	O
da	O
citira	O
vesti	O
sa	O
njuzneta	O
?	O

@avucic	O
#snsgo	O
#rekonstrukcija	O

mislim	O
da	O
će	O
se	O
@bojandjuricldp	O
posebno	O
svideti	O
ovaj	O
članak	O
@njuznet	O
#nis	O
,	O
#juznitok	O

ovako	O
je	O
recycle	O
bin	O
prepun	O
nepotrebnih	O
informacija	O
.	O

jako	O
me	O
stresira	O
to	O
što	O
se	O
hleb	O
uvek	O
nalazi	O
na	O
kraju	O
prodavnice	O
,	O
ne	O
bi	NORM_1WORD
li	O
pokupovali	O
x	O
nebitnih	O
stvari	O
usput	O
,	O
a	O
jedva	O
se	O
ima	O
i	O
za	O
lebac	NORM_1WORD
.	O

at	O
your	O
service	O
,	O
ma'am	O
!	O

#turizam	O
#selo	O
#bosnia	O

ali	O
ima	O
mnogo	O
onih	O
koji	O
,	O
pored	O
svoga	O
,	O
trose	NORM_1WORD
i	O
nekoliko	O
tudjih	NORM_1WORD
zivota	NORM_1WORD
.	O

čuvam	O
za	O
tebe	O
ovo	O
ćutanje	O
moje	O
.	O

moli	O
se	O
tomislav	O
stajčić	O
da	O
ne	O
napušta	O
banja	O
luku	O
,	O
u	O
suprotnom	O
ima	O
da	O
uvenemo	O
kao	O
ruže	O
na	O
proplanku	O
svi	O
u	O
društvu	O
.	O

@uzonsasa	O
bitno	O
je	O
sve	O
.	O

@svet_na_dlanu	O
moramo	O
da	O
iskoristimo	O
zivot	NORM_1WORD
na	O
najbolji	O
nacin	NORM_1WORD
..	O

koji	O
ti	O
je	O
kralju	O
?!	O

svaki	O
put	O
kad	O
se	O
potrudim	O
da	O
se	O
obučem	O
ko	NORM_1WORD
žena	O
,	O
jedan	O
fešn	O
bloger	O
se	O
obesi	O
o	O
svoj	O
luster	O
optočen	O
swarovski	O
kristalima	O
.	O

@jadrankajovisic	O
@micin_taja	O
mi	O
se	O
trudimo	O
da	O
ga	O
zaboravimo	O
.	O

imam	O
previse	NORM_1WORD
svega	O
(	O
haosa	O
,	O
obaveza	O
,	O
problema	O
)	O
,	O
a	O
ne	O
smem	O
da	O
uzimam	O
slatko	O
ni	O
alkohol	O
-	O
ne	O
,	O
ne	O
bi	O
verovali	O
kako	O
mi	O
rade	O
misli	O
i	O
emocije	O
.	O

#novisad	O
je	O
za	O
mene	O
osoba	O
koju	O
bih	O
najradije	O
izgrlila	O
i	O
izljubila	O
da	O
mogu	O
!	O

jbt	NORM_1WORD
,	O
feministkinje	O
smatraju	O
da	O
sam	O
ih	O
uvredio	O
,	O
ceo	O
dan	O
mi	O
gore	O
interakcije	O
,	O
mislim	O
da	O
bih	O
bolje	O
prosao	NORM_1WORD
da	O
sam	O
vucica	NORM_1WORD
opsovao	O
.	O

„	O
hoću	O
,	O
maskiraću	O
se	O
u	O
tvoj	O
wc	O
vikendom	O
“	O
.	O

zanimljivo	O
je	O
kad	O
se	O
svidis	NORM_1WORD
nekome	O
pa	O
se	O
ponasas	NORM_1WORD
prema	O
njemu	O
kao	O
da	O
je	O
ker	O
kazes	NORM_1WORD
mu	O
sedi	O
lezi	O
donesi	O
a	O
on	O
onako	O
srecan	NORM_1WORD
odskakuce	NORM_1WORD
i	O
uradi	O
to	O

vip-ov	O
internet	O
funkcionise	NORM_1WORD
po	O
principu	O
:	O
ukljuci	NORM_1WORD
internet	O
,	O
iskljuci	NORM_1WORD
internet	O
,	O
ukljuci	NORM_1WORD
internet	O
...	O

ili	O
mzd	NORM_1WORD
...	O

ide	O
saše	NORM_1WORD
matić	O
ulicom	O
,	O
spotakne	O
se	O
lagano	O
,	O
što	O
izazva	O
smeh	O
kod	O
dva	O
lika	O
koji	O
su	O
išla	O
iza	O
njega	O
.	O

@zeljkovidakovic	O
aha	O
,	O
jer	O
ću	O
možda	O
biti	O
u	O
škripcu	O
sa	O
vremenom	O
.	O

@temjana	O
ok	O
,	O
mada	O
ne	O
vidim	O
bas	NORM_1WORD
jasnu	O
osudu	O
tog	O
ucinjenog	NORM_1WORD
dela	O
.	O

a	O
danas	O
jednom	O
rukom	O
lakiram	O
nokte	O
drugom	O
rukom	O
jedem	O
i	O
to	O
sve	O
dok	O
učim	O
sociologiju	O
a	O
razmišljam	O
o	O
nemačkom	O

a	O
svim	O
ovim	O
prangijama	O
sto	NORM_1WORD
se	O
medjusobno	NORM_1WORD
nazivaju	O
debelicama	O
porucujem	NORM_1WORD
da	O
nesto	NORM_1WORD
pojedu	O
ne	O
bi	O
li	O
ih	O
razlikovali	O
od	O
stalka	O
za	O
infuziju	O
.	O

a	O
onda	O
kad	O
se	O
i	O
desi	O
...	O

ova	O
gmo	O
vs.	O
organic	O
kampanja	O
malo	O
pada	O
u	O
vodu	O
kad	O
nas	O
ljudi	O
onako	O
trojkama	O
izuju	O
.	O

odusevljava	NORM_1WORD
me	O
svaki	O
put	O
kad	O
neko	O
fav-uje	O
moj	O
twit	NORM_1WORD
iako	O
me	O
ne	O
prati	O
.	O

neka	O
mi	O
neko	O
objasni	O
:	O
posekla	O
sam	O
se	O
dok	O
sam	O
prala	O
kandilo	O
,	O
koje	O
btw	O
nije	O
moje	O
,	O
nit'	NORM_1WORD
je	O
moja	O
slava	O
.	O

ova	O
cica	O
što	O
u	O
tramvaju	O
turpija	O
nokte	O
mi	O
je	O
otvorila	O
sasvim	O
nove	O
vidike	O
u	O
korišćenju	O
usluga	O
gsp-a	O
.	O

apelujem	O
na	O
sve	O
kumove	O
sveta	O
da	O
shvate	O
kumstvo	O
ozbiljno	O
i	O
pozovu	O
dame	O
.	O

ponovo	O
sam	O
gledao	O
emisiju	O
o	O
gasu	O
"	O
insajder	O
"	O
od	O
ponedeljka	O
.	O

tesko	NORM_1WORD
je	O
skinuti	O
sa	O
nekoga	O
slojeve	O
vase	NORM_1WORD
maste	NORM_1WORD
i	O
pretpostavki	O
i	NORM_1WORD
ali	O
je	O
lako	O
otici	NORM_1WORD
kada	O
to	O
konacno	NORM_1WORD
uradite	O
i	O
ne	O
nadjete	NORM_1WORD
ispod	O
nista	NORM_1WORD
za	O
voleti	O
.	O

dno	O
dnojeva	NORM_1WORD
!	O
-	O
što	O
bi	O
rek'o	NORM_1WORD
moj	O
uroš	O
.	O

iznova	O
i	O
iznova	O
se	O
uveravam	O
da	O
je	O
zapravo	O
mama	O
onaj	O
pravi	O
prijatelj	O
koji	O
ti	O
se	O
nadje	NORM_1WORD
uvek	O
i	O
kada	O
god	O
zatreba	O
...	O

zaturim	O
ih	O
,	O
ne	O
mogu	O
da	O
ih	O
nađem	O
kada	O
su	O
mi	O
najpotrebnije	O
da	O
se	O
njima	O
distanciram	O
od	O
ološa	O
...	O

@vupulepe	O
ja	O
ti	O
poredim	O
te	O
dve	O
stvari	O
.	O

a	O
,	O
da	O
,	O
bolje	O
da	O
otvorimo	O
šampanjac	O
kao	O
što	O
je	O
on	O
uradio	O
kad	O
je	O
roknuo	O
đinđića	O
!	O

da	O
li	O
da	O
budem	O
principijelna	O
i	O
izrazim	O
zabrinutost	O
zbog	O
hakovanja	O
sajta	O
kurira	O
ili	O
da	O
se	O
zadovoljno	O
smeškam	O
?!	O

-	O
pa	O
šta	O
?	O

srbijo	O
jebem	O
ti	O
tvoje	O
državne	O
službenike	O
,	O
sve	O
bih	O
ih	O
u	O
logor	O
potrpala	O

kod	O
cimerke	O
u	O
apoteku	O
svaki	O
dan	O
dolaze	O
matorci	O
od	O
70	O
-	O
80	O
godina	O
i	O
masovno	O
kupuju	O
tablete	O
za	O
uzbudjenje	NORM_1WORD
penisa	O
,	O

ako	O
je	O
prava	O
.	O

drugarica	O
i	O
ja	O
na	O
stanici	O
kad	O
kaze	NORM_1WORD
ona	O
e	O
ovakvi	O
dzipovi	NORM_1WORD
se	O
voze	O
u	O
surcinu	NORM_1WORD
kod	O
mene	O
.	O

vladika	O
atanasije	O
.	O

kad	O
god	O
vidim	O
nešu	O
nenadovića	O
,	O
setim	O
se	O
onih	O
genijalnih	O
reklama	O
za	O
džonson	O
šampone	O
koje	O
je	O
sinhronizovao	O
.	O

ja	O
sam	O
do	O
jaja	O
lik	O
na	O
tviteru	O
ajde	NORM_1WORD
sada	O
da	O
dovucem	NORM_1WORD
moju	O
kurvu	O
moju	O
sisu	O
moj	O
kurac	O
moj	O
palac	O
i	O
sve	O
ih	O
reklamiram	O
i	O
svi	O
mi	O
lizu	NORM_1WORD
dupe	O
.	O

kažeš	O
lepom	O
da	O
je	O
lep	O
,	O
misli	O
da	O
se	O
nudiš	O
.	O

na	O
picku	NORM_1WORD
sam	O
rodila	O
šupka	O
.	O

prošlu	O
novu	O
godinu	O
sam	O
otišao	O
sa	O
žurke	O
naduvao	O
se	O
solo	O
kući	O
i	O
gledao	O
nindža	O
kornjače	O

ajde	NORM_1WORD
vi	O
iskusniji	O
u	O
kuliranju	O
na	O
tw	O
,	O
sta	NORM_1WORD
da	O
uradim	O
da	O
ne	O
vidim	O
kada	O
mi	O
rt-ujete	NORM_1WORD
ove	O
sto	NORM_1WORD
ne	O
zelim	NORM_1WORD
da	O
ih	O
citam	NORM_1WORD
.	O

marku	O
cu	NORM_1WORD
da	O
kupim	O
slusalice	NORM_1WORD
i	O
da	O
dam	O
kljuc	NORM_1WORD
od	O
sobe	O
jer	O
bude	O
li	O
me	O
jos	NORM_1WORD
jednom	O
probudio	O
i	O
pustao	NORM_1WORD
muziku	O
presudicu	NORM_1WORD
mu	O
kasikom	NORM_1WORD
.	O

halo	O
,	O
ljudi	O
!	O

nosim	O
svoj	O
krst	O
,	O
smatram	O
na	O
dostojanstven	O
način	O
.	O

uf	O
,	O
ovog	O
mališu	O
iz	O
sns	O
u	O
#utisak	O
bolje	O
da	O
nisam	O
ni	O
vidla	NORM_1WORD
ni	O
čula	O
.	O

sada	O
se	O
ocecam	NORM_1WORD
kao	O
da	O
sam	O
cekao	NORM_1WORD
nesto	NORM_1WORD
,	O
sto	NORM_1WORD
znam	O
da	O
nikada	O
nece	NORM_1WORD
doci	NORM_1WORD
,	O
jer	O
volimo	O
da	O
se	O
obmanjujemo	O
i	O
nadamo	O
.	O

ali	O
kad	O
si	O
u	O
tom	O
uzrastu	O
,	O
secanja	NORM_1WORD
ti	O
se	O
urezu	NORM_1WORD
u	O
samo	O
meso	O
i	O
vise	NORM_1WORD
ne	O
nestaju	O
.	O

sve	O
oko	O
mene	O
je	O
grijeh	O
,	O
zato	O
cirkam	O
dok	O
sastavljam	O
tiket	O
i	O
imam	O
kvarne	O
misli	O
o	O
komšinici	O
s	O
drugog	O
sprata	O
.	O

da	O
se	O
od	O
coca-cole	O
odvikavam	O
brzinom	O
navikavanja	O
ne	O
bih	O
morala	O
sada	O
da	O
pijem	O
litre	O
i	O
litre	O
vode	O
svaki	O
dan	O
.	O

poverio	O
mi	O
je	O
bitne	O
informacije	O
i	O
odgovorio	O
na	O
sve	O
misterije	O
univerzuma	O
,	O
a	O
ja	O
se	O
sada	O
ne	O
secam	NORM_1WORD
nicega	NORM_1WORD
.	O

@gek_26	O
tegi	O
kod	O
pecarskog	O
na	O
zlatiboru	O
,	O
reklamiraju	O
kamp	O
.	O

da	O
deluju	O
pametnije	O
.	O

sve	O
sve	O
ali	O
da	O
se	O
poredite	O
sa	O
potrosnom	NORM_1WORD
robom	O
..	O

@svetozarpolic	O
u	O
vecini	NORM_1WORD
slucajeva	NORM_1WORD
to	O
su	O
oni	O
sto	NORM_1WORD
htedose	NORM_1WORD
da	O
budu	O
umetnici	O
ali	O
bez	O
talenta	O
i	O
posvecenosti	NORM_1WORD
.	O

svaka	O
cast	NORM_1WORD
ljudima	O
koji	O
se	O
upuste	O
u	O
tu	O
zivotnu	NORM_1WORD
avanturu	O
.	O

moram	O
da	O
kupim	O
kera	O
,	O
jedino	O
tako	O
cu	NORM_1WORD
naci	NORM_1WORD
ribu	O
,	O
i	O
dok	O
moj	O
ker	O
bude	O
karao	O
njenu	O
kuju	O
,	O
ja	O
cu	NORM_1WORD
nju	O
u	O
sumarku	NORM_1WORD
.	O

sneze	NORM_1WORD
ili	O
padaj	O
ili	O
nemoj	O
da	O
padas	NORM_1WORD
ovo	O
je	O
na	O
putu	O
bljuzgavica	O
i	O
danas	O
su	O
mi	O
morke	NORM_1WORD
noge	O
bile	O
jebem	O
te	O
usta	O
!	O

nemam	O
pojma	O
da	O
pevam	O
,	O
ali	O
ću	O
sigurno	O
doći	O
do	O
finala	O
.	O

po	O
nadimcima	O
bih	O
rekao	O
da	O
su	O
zidari	O
ili	O
pasionirani	O
igrači	O
boćanja	O
a	O
ne	O
reprezentativci	O
!	O

tako	O
je	O
,	O
tek	O
okupani	O
psu	O
!	O

devojka	O
sa	O
faxa	NORM_1WORD
ima	O
afro	O
frizuru	O
,	O
poceli	NORM_1WORD
da	O
je	O
cackamo	NORM_1WORD
kako	O
je	O
kul	O
da	O
bi	O
usledio	O
moj	O
komentar	O
:	O
tu	O
moz	NORM_1WORD
sakriti	O
puskice	NORM_1WORD
,	O
kidnapovati	O
coveka	NORM_1WORD
...	O

povratak	O
babovica	NORM_1WORD
+	O
potpis	O
mutomba	O
bi	O
nadomestio	O
odlazak	O
jojica	NORM_1WORD
i	O
ninkovica	NORM_1WORD
,	O
cak	NORM_1WORD
bih	O
se	O
usudio	O
reci	NORM_1WORD
da	O
bi	NORM_1WORD
bili	O
jos	NORM_1WORD
jaci	NORM_1WORD
.	O

@vsavic1977	O
sećam	O
se	O
jednog	O
meča	O
u	O
liga	O
kupu	O
,	O
drogba	O
iz	O
slobodnjaka	O
doneo	O
pobedu	O
pred	O
kraj	O
.	O

godina	O
2035	O
,	O
ljudi	O
voze	O
letece	NORM_1WORD
automobile	O
,	O
jutjub	NORM_1WORD
po	O
72	O
put	O
promenio	O
izgled	O
,	O
a	O
u	O
srbiji	O
se	O
jos	NORM_1WORD
uvek	O
slusa	NORM_1WORD
grand	O
.	O

plivanje	O
za	O
bogojavljenski	O
krst	O
je	O
nastalo	O
u	O
zemunu	O
na	O
keju	O
kada	O
sam	O
bacio	O
svoj	O
krst	O
oko	O
vrata	O
u	O
vodi	NORM_1WORD
,	O
jer	O
mie	NORM_1WORD
bilo	O
smor	O
i	O
reko	NORM_1WORD
:	O
donesite	O
mi	O
.	O

pitam	O
se	O
koliko	O
strucnih	NORM_1WORD
ljudi	O
radi	O
u	O
javnom	O
sektoru	O
...	O
u	O
birokratskom	O
delu	O
?	O

ne	O
kontam	O
ljude	O
koji	O
utripuju	O
da	O
su	O
bogovi	O
humora	O
a	O
najsmesniji	NORM_1WORD
vic	O
im	O
je	O
idu	O
dve	O
babe	O
ulicom	O
i	O
jedna	O
umre	O
?	O

ko	O
će	O
8	O
dana	O
da	O
traži	O
,	O
pa	O
dok	O
organizujemo	O
spašavanje	O
...	O

ne	O
deluje	O
svako	O
samo	O
na	O
disajne	O
puteve	O
.	O

a	O
ljudi	O
me	O
gledaju	O
u	O
soku	NORM_1WORD
....	O

to	O
je	O
zato	O
jer	O
je	O
to	O
radna	O
uniforma	O
a	O
ne	O
svecano	NORM_1WORD
odelo	O
!	O

bio	O
si	O
toliko	O
čudan	O
kao	O
dete	O
,	O
da	O
smo	O
te	O
zvali	O
enigma	O
.	O

mislim	O
da	O
samo	O
idiotu	O
kao	O
sto	NORM_1WORD
je	O
lea	O
kis	NORM_1WORD
moze	NORM_1WORD
da	O
padne	O
na	O
pamet	O
da	O
postavi	O
sasu	NORM_1WORD
matica	NORM_1WORD
ispred	O
ekrana	O
i	O
da	O
ga	O
tera	O
da	O
peva	O
karaoke	O
+++	O

povoljno	O
.	O

znajuci	NORM_1WORD
moje	O
soping	NORM_1WORD
poroke	O
,	O
sestra	O
mi	O
je	O
rekla	O
da	O
bi	O
mi	O
za	O
put	O
uvek	O
pakovala	O
samo	O
stikle	NORM_1WORD
,	O
torbe	O
i	O
donji	O
ves	NORM_1WORD
.	O

@nebojsa0101	O
u	O
bre	O
pa	O
ti	O
si	O
objasnio	O
#uticaj	O
,	O
pomanitale	NORM_1WORD
mi	O
interakcije	O
zbog	O
tebe	O
:)	O

u	O
poslednje	O
vreme	O
,	O
svaka	O
subota	O
mi	O
je	O
propast	O
,	O
tacnije	NORM_1WORD
,	O
to	O
vise	NORM_1WORD
nije	O
ni	O
subota	O
vec	NORM_1WORD
samo	O
jedan	O
skroz	O
obican	NORM_1WORD
dan	O

bilo	O
bi	O
dobro	O
kad	O
bi	O
na	O
wc	O
solji	NORM_1WORD
postojala	O
kamera	O
koja	O
snima	O
odozdo	O
kad	O
peglas	NORM_1WORD
...	O

dobro	O
je	O
,	O
pogodili	O
su	O
da	O
je	O
@sabinelisicki	O
nemica	O
...	O

pa	O
evo	O
dupe	O
bi	NORM_1WORD
dao	O
za	O
to	O
sad	O
!	O

srpske	O
službe	O
poseduju	O
sistem	O
zaštite	O
kojim	O
"	O
ometaju	O
slušanje	O
razgovora	O
"	O
koji	O
se	O
vode	O
na	O
teritoriji	O
naše	O
države	O
?	O

meni	O
je	O
sajt	O
sada	O
bolji	O
.	O

i	O
ona	O
se	O
žena	O
čudi	O
kako	O
su	O
ljudi	O
počeli	O
da	O
reaguju	O
.	O

jebeš	O
ovo	O
,	O
taman	O
se	O
skockam	O
i	O
pomislim	O
da	O
još	O
mogu	O
nešto	O
da	O
izvučem	O
i	O
spasim	O
,	O
onda	O
dođem	O
na	O
tw	O
,	O
pročitam	O
par	O
tvitova	O
i	O
skontam	O
da	O
nema	O
nade	O
!	O

@i_am_just_lucky	O
@k_loves_lzlhn	O
evo	O
sad	O
dosla	NORM_1WORD
sa	O
groblja	O
,	O
11-ogodisnjica	NORM_1WORD
smrti	O
moje	O
bake	O
pa	O
nam	O
tu	O
tetka	O
i	O
teca	NORM_1WORD
sa	O
decom	O
a	O
inace	NORM_1WORD
sam	O
ok	O

kaže	O
mihara	O
ej	O
pantelo	O
el	NORM_1WORD
imaš	O
dva	O
lista	O
iz	O
tipa	O
sveske	O
u	O
kocke	O
da	O
prepišem	O
taktiku	O

jbt	NORM_1WORD
,	O
stvarno	O
nisam	O
znao	O
da	O
je	O
vanja	O
udovici	NORM_1WORD
ovoliko	O
odlepio	O
.	O

nači	NORM_1WORD
nastavljamo	O
da	O
mlatimo	O
praznu	O
slamu	O
dok	O
se	O
uvlačimo	O
biračima	O
u	O
bulju	O

da	O
sam	O
na	O
dnu	O
,	O
jedino	O
što	O
bih	O
mogao	O
da	O
ponudim	O
je	O
ispovraćani	O
život	O
za	O
poneti	O
.	O

zorana	O
mihajlović	O
obećala	O
akcije	O
u	O
vrednosti	O
sto	O
evra	O
.	O

ja	O
i	O
sve	O
da	O
hocu	NORM_1WORD
opet	O
bih	O
isla	NORM_1WORD
iza	O
te	O
zene	NORM_1WORD
i	O
cistila	NORM_1WORD
ponovo	O
.	O

zašto	O
mi	O
u	O
who	O
to	O
follow	O
izlaze	O
ljudi	O
koje	O
sigurno	O
nikad	O
neću	O
zapratiti	O
i	O
ostale	O
misterije	O
univerzuma	O
.	O

za	O
sv	NORM_1WORD
nikolu	O
idemo	O
kod	O
agnostika	O
,	O
vaspitanog	O
od	O
strane	O
ateista	O
,	O
koji	O
slavu	O
ne	O
slavi	O
,	O
već	O
"	O
obeležava	O
"	O
na	O
zahtev	O
treće	O
žene	O
.	O

zasto	NORM_1WORD
mi	O
niste	O
rekli	O
da	O
se	O
gube	O
svi	O
foloveri	O
i	O
svi	O
koje	O
folujem	NORM_1WORD
kada	O
deaktiviram	O
nalog	O
,	O
zasto	NORM_1WORD
me	O
niste	O
upozorili	O
?	O

teško	O
je	O
čekati	O
nešto	O
što	O
znaš	O
da	O
se	O
možda	O
nikad	O
neće	O
dogoditi	O
.	O

ovi	O
komunalnim	NORM_1WORD
policajci	O
u	O
#novisad	O
su	O
neverovatno	O
zastrašujuća	O
pojava	O
!	O

au	O
jbt	NORM_1WORD
...	O
u	O
mom	O
selu	O
jos	NORM_1WORD
uvek	O
ima	O
devojaka	O
koje	O
ne	O
znaju	O
da	O
je	O
alka	O
u	O
nosu	O
past	O
tense	O
,	O
a	O
ne	O
stvar	O
ukusa	O
...	O

evo	O
na	O
pinku	O
,	O
od	O
sabajle	O
,	O
vučelić	O
vučela	O
razmatra	O
neke	O
globalne	O
trendove	O
i	O
geostrateške	O
promene	O
...	O

jaoj	O
madre	O
mia	O
.	O

niti	O
te	O
smatram	O
za	O
to	O
što	O
ti	O
reče	O
.	O

mrzim	O
kada	O
sam	O
u	O
pravu	O
,	O
a	O
niko	O
me	O
jebeno	O
ne	O
slusa	NORM_1WORD
,	O
dok	O
ne	O
udarimo	O
u	O
zid	O
.	O

e	O
,	O
jbg	NORM_1WORD
,	O
sestra	O
od	O
strica	O
,	O
tako	O
da	O
ću	O
samo	O
da	O
je	O
hajdujem	O
.	O

pa	O
šta	O
ako	O
ih	O
ima	O
,	O
pa	O
šta	O
kako	O
se	O
završavaju	O
?!?	O

...	O
komsija	NORM_1WORD
pitaj	O
je	O
kakvu	O
sam	O
poruku	O
nasao	NORM_1WORD
u	O
telefonu	O
!	O

malo	O
je	O
poznato	O
da	O
sam	O
rodjena	NORM_1WORD
sa	O
prirodnim	O
talentom	O
za	O
vecinu	NORM_1WORD
sportova	O
,	O
ali	O
ni	O
u	O
jednom	O
nisam	O
uspela	O
..	O

kad	O
te	O
nece	NORM_1WORD
sut	NORM_1WORD
igras	NORM_1WORD
pod	O
kosem	NORM_1WORD
...	O

ja	O
više	O
nisam	O
anđeo	O
,	O
ni	O
kosmonaut	O
,	O
čak	O
ni	O
čovek	O
.	O

@jeremic_vuk	O
svaka	O
čast	O
za	O
organizaciju	O
koncerta	O
...	O

malopre	O
pisem	NORM_1WORD
tvit	O
,	O
i	O
obrisem	NORM_1WORD
ceo	O
jer	O
sam	O
napisala	O
umrela	NORM_1WORD
,	O
cekaj	NORM_1WORD
bre	O
,	O
natalija	O
,	O
sine	O
,	O
sta	NORM_1WORD
je	O
s	O
pravopisom	O
?	O

"	O
try	O
me	O
.	O
"	O

pripremi	O
se	O
da	O
budeš	O
bivši	O
kada	O
dođe	O
neki	O
10.000	O
+	O

cekam	NORM_1WORD
da	O
se	O
promenis	NORM_1WORD
,	O
ali	O
jednom	O
su	O
mi	O
rekli	O
da	O
nije	O
ljubav	O
kada	O
cekas	NORM_1WORD
promenu	O
,	O
nego	O
kada	O
volis	NORM_1WORD
to	O
sto	NORM_1WORD
imas	NORM_1WORD
...	O

drugar	O
jede	O
grickalice	O
,	O
dodje	NORM_1WORD
i	O
ponudite	NORM_1WORD
i	O
stisne	O
kesicu	O
da	O
bi	O
uzeo	O
sto	NORM_1WORD
manje	O
.	O

jeste	O
primetili	O
kako	O
penzioneri	O
cim	NORM_1WORD
udju	NORM_1WORD
u	O
gsp	O
krenu	O
da	O
sprovode	O
svoju	O
viziju	O
o	O
rasporedu	O
sedenja	O
i	O
stojanja	NORM_1WORD
?	O

ja	O
ne	O
verujem	O
da	O
je	O
vinko	O
na	O
moru	O
sve	O
dok	O
(	O
dez	O
)	O
informer	O
i	O
pink	O
ne	O
objave	O
njegove	O
fotografije	O
u	O
kupaćem	O
,	O
ili	O
'	O
bar	O
'	O
kurir	O
kao	O
čede	O
i	O
pajtića	O
.	O

kad	O
sam	O
stoka	O
i	O
to	O
znam	O
.	O

e	O
ovde	O
nije	O
rec	NORM_1WORD
o	O
istini	O
nego	O
o	O
alibi-lazi	NORM_1WORD
...	O
vrlo	O
razgovetnoj	O
lazi	NORM_1WORD
.	O

nemaju	O
para	O
-	O
imaju	O
herca	O
!	O

-	O
koliko	O
ima	O
stanovnika	O
?	O

čim	O
ste	O
vi	O
ovde	O
počeli	O
da	O
se	O
bavite	O
"	O
decom	O
"	O
to	O
znači	O
da	O
su	O
mnogi	O
roditelji	O
puno	O
zakasnili	O
sa	O
svojim	O
"	O
roditeljstvom	O
"	O
.	O

vrlo	O
je	O
prosto	O
.	O

rekao	O
je	O
da	O
će	O
na	O
useljenje	O
da	O
mi	O
donese	O
kuvar	O
,	O
da	O
naučim	O
bar	O
trećinu	O
.	O

krofne	O
i	O
knedle	O
sa	O
šljivama	O
ne	O
pomažu	O
da	O
brže	O
završe	O
,	O
mila	O
majko	O
!	O

kilometarski	O
rant	O
o	O
tužnom	O
životu	O
u	O
srbiji	O
,	O
pa	O
onda	O
lolcat	O
.	O

sve	O
je	O
to	O
ok	O
,	O
a	O
ustvari	NORM_1WORD
je	O
fuj	O
.	O

pošto	O
volim	O
da	O
živim	O
on	O
d	O
edž	O
,	O
sad	O
sam	O
uzeo	O
da	O
popušim	O
zadnju	O
cigaru	O
,	O
pa	O
kad	O
se	O
probudim	O
ujutru	O
da	O
nemam	O
,	O
i	O
onda	O
da	O
se	O
samoišamaram	O
besan	O
.	O

danas	O
sam	O
u	O
fazonu	O
niko	O
me	O
ne	O
voli	O
,	O
nikome	O
ne	O
trebam	O
,	O
ruzna	NORM_1WORD
sam	O
,	O
nista	NORM_1WORD
mi	O
lepo	O
ne	O
stoji	O
,	O
svi	O
su	O
drugi	O
bolji	O
od	O
mene	O
..	O

u	O
sl	NORM_1WORD
epizodi	O
:	O
misteriozna	O
pevacica	NORM_1WORD
zavodljivih	O
oblina	O
odvlaci	NORM_1WORD
pogled	O
matorog	O
kenjca	O
,	O
zaplet	O

jednom	O
sam	O
popravljao	O
bojler	O
,	O
tri	O
dana	O
ceo	O
kraj	O
nije	O
imao	O
stuju	NORM_1WORD
.	O

ili	O
da	O
mu	O
lansiram	O
saksiju	O
s	O
terase	O
na	O
šoferku	O
?!	O

ako	O
je	O
istina	O
da	O
ti	O
se	O
rašire	O
zenice	O
kada	O
vidiš	O
osobu	O
koja	O
ti	O
se	O
sviđa	O
i	O
kada	O
misliš	O
o	O
njoj	O
,	O
moje	O
zenice	O
su	O
veličine	O
amerike	O
.	O

jednolicnost	NORM_1WORD
svakodnevice	O
i	O
zabokrecina	NORM_1WORD
od	O
zivota	NORM_1WORD
,	O
ali	O
necemo	NORM_1WORD
ocajavati	NORM_1WORD
,	O
jer	O
mozda	NORM_1WORD
bas	NORM_1WORD
sutra	O
skontam	O
da	O
sam	O
kinder	O
jaje	O
puno	O
iznenadjenja	NORM_1WORD
.	O

iz	O
minuta	O
u	O
minut	O
broj	O
zaustavljenih	O
devojaka	O
pod	O
utiskom	O
psihoaktivnih	O
supstanci	O
se	O
povećava	O
.	O

a	O
oni	O
su	O
naša	O
budućnost	O
.	O

@radosevac	O
peak	O
dresovi	O
sa	O
jedne	O
od	O
brojnih	O
turneja	O
po	O
kini	O
,	O
igrali	O
su	O
u	O
njima	O
i	O
razvojnu	O
ligu	O
.	O

ono	O
,	O
mož'	NORM_1WORD
da	O
vidiš	O
,	O
da	O
se	O
poigraš	O
malo	O
,	O
a	O
onda	O
mrš	O
u	O
svoju	O
rupu	O
.	O

svakakve	O
opskurne	O
tipove	O
smo	O
imali	O
za	O
ministre	O
policije	O
,	O
ali	O
amatera	O
i	O
pajaca	O
poput	O
dr.	NORM_1WORD
stefanovica	NORM_1WORD
nikada	O
.	O

kod	O
neznam	NORM_1WORD
svakog	O
ispravljate	O
,	O
a	O
kod	O
*	O
jebote	O
/	O
jebiga	O
ne	O
pravite	O
razliku	O
.	O

svi	O
koji	O
vode	O
poreklo	O
iz	O
ježevice	O
su	O
pravo	O
čudo	O
!	O

@azdejkovic1	O
ja	O
sam	O
rog	O
izneo	O
na	O
uvid	O
na	O
svom	O
blogu	O
.	O

ko	O
mi	O
to	O
šeruje	O
džibonija	O
,	O
ček	NORM_1WORD
da	O
ga	O
obrišem	O
.	O

na	O
dodeli	O
nagrada	O
uč.	NORM_1WORD
gen.	NORM_1WORD
u	O
okrugu	O
"	O
...	O
sa	O
likom	O
znamenitih	O
ličnosti	O
srbije	O
,	O
među	O
kojima	O
je	O
i	O
stevan	O
mokranjac	O
,	O
oprostite	O
,	O
stefan	O
mokranjac	O
"	O
.	O

-	O
http://t.co/h9hihpz2un	O
#srbija	O

iscedih	O
se	O
pokušavajući	O
da	O
budem	O
dopadljiv	O
širokim	O
narodnijem	NORM_1WORD
masama	O
.	O

puna	O
nepoverenja	O
.	O

haha	O
,	O
jebote	O
.	O

neka	O
svi	O
znaju	O
kolko	O
si	O
kul	O
+	O

a	O
ja	O
mislila	O
da	O
pratiš	O
moje	O
tvitove	O
...	O

i	O
ako	O
cemo	NORM_1WORD
realno	O
,	O
lezbejke	O
niko	O
ne	O
dira	O
,	O
probleme	O
prave	O
transvestitima	O
i	O
pederima	O
,	O
na	O
lezbejke	O
vise	NORM_1WORD
drkaju	O
.	O

sve	O
najlepse	NORM_1WORD
.	O

@fostikovmihailo	O

kad	O
god	O
da	O
udjem	NORM_1WORD
u	O
bus	O
pomislim	O
kontrola	O
.	O

ja	O
da	O
sam	O
na	O
mestu	O
ppv	NORM_1WORD
,	O
zabranila	O
bih	O
ovoj	O
nesrećnici	O
da	O
ide	O
po	O
televizijama	O
.	O

ko	NORM_1WORD
ove	O
na	O
poslu	O
što	O
imaju	O
ćerku	O
imaju	O
lepo	O
nalakirane	O
nokte	O
!	O

jedan	O
od	O
prvih	O
znakova	O
da	O
postajemo	O
normalna	O
zemlja	O
biće	O
nestanak	O
kurira	O
i	O
informera	O
,	O
pa	O
do	O
tada	O
laku	O
noć	O
.	O

a	O
kada	O
retvituje	O
i	O
ne	O
fejvuje	O
onda	O
je	O
opet	O
mentol	O
,	O
jel	NORM_1WORD
?	O

@igorbrakus	O
dok	O
je	O
držao	O
govor	O
u	O
areni	O
,	O
paralelno	O
je	O
bacao	O
twitove	NORM_1WORD
istog	O
trenutka	O
!	O

pricamo	NORM_1WORD
na	O
casu	NORM_1WORD
koja	O
moze	NORM_1WORD
najvise	NORM_1WORD
da	O
zine	O
od	O
nas	O
i	O
dragana	O
nas	O
sjebe	O
i	O
stavi	O
pesnicu	O
celu	O
u	O
usta	O
..........	O

zlu	O
ne	O
trebalo	O
.	O

žali	O
mi	O
se	O
deda	O
kako	O
ga	O
baba	O
večito	O
maltretira	O
,	O
sad	O
mu	O
ne	O
da	O
mira	O
kad	O
spava	O
.	O

ima	O
jedan	O
lik	O
,	O
napravio	O
blog	O
,	O
nazvao	O
ga	O
portalom	O
,	O
a	O
sebe	O
proglasio	O
glavnim	O
i	O
odgovornim	O
urednikom	O
.	O

najvise	NORM_1WORD
sam	O
mrzeo	O
kada	O
u	O
skoli	NORM_1WORD
na	O
velikom	O
odmoru	O
doruckujemo	NORM_1WORD
.	O

nego	O
dragi	O
moji	O
,	O
da	O
li	O
ćemo	O
posle	O
ovakvih	O
rezultata	O
sami	O
da	O
se	O
javimo	O
u	O
najbližu	O
stanicu	O
milicije	O
ili	O
ćemo	O
da	O
čekamo	O
da	O
dođu	O
po	O
nas	O
?	O

:)	O
@arenabeograd	O

nedostaje	O
mi	O
ljubazno	O
pitanje	O
-	O
šta	O
me	O
gledaš	O
koji	O
kurac	O
-	O
nepoznate	O
devojke	O
.	O

pošto	O
su	O
mi	O
ih	O
dvonožne	O
džukele	O
već	O
uzburkale	O
odjutros	NORM_1WORD
.	O

podjednako	O
je	O
koristan	O
i	O
šovinistički	O
kao	O
registar	O
žena	O
koje	O
su	O
abortirale	O
.	O

posle	O
gerilskog	O
prajda	O
grupa	O
huligana	O
krstari	O
gradom	O
i	O
divlja	O
jer	O
im	O
je	O
propao	O
pokusaj	NORM_1WORD
da	O
izadju	NORM_1WORD
iz	O
plakara	O
pod	O
okriljem	O
noci	NORM_1WORD
.	O

aj	NORM_1WORD
neko	O
od	O
vas	O
modnih	O
gurua	O
da	O
mi	O
objasni	O
poentu	O
ovih	O
anil	O
arjandas	O
narukvica	O
i	O
zašto	O
to	O
muškarci	O
nose	O
uopšte	O
?!	O

sve	O
moje	O
drugarice	O
kupe	O
koka	NORM_1WORD
,	O
fantu	O
,	O
i	O
sl.	O
,	O
a	O
onda	O
dodje	NORM_1WORD
andjela	NORM_1WORD
sa	O
buci	NORM_1WORD
buci	NORM_1WORD
sokicem	NORM_1WORD
hahah	O
.	O

izgleda	O
da	O
ipak	O
pratis	NORM_1WORD
mnogo	O
kul	O
ljude	O

zato	O
pahulje	O
,	O
irvasi	O
,	O
kuce	O
,	O
mace	O
,	O
saginjaci	NORM_1WORD
,	O
zastajkaci	NORM_1WORD
i	O
ostali	O
,	O
skinite	O
mi	O
se	O
sa	O
one	O
stvari	O
muske	NORM_1WORD
.	O

kad	O
resimo	NORM_1WORD
problem	O
siromastva	NORM_1WORD
,	O
egzodusa	O
strucnjaka	NORM_1WORD
kada	O
se	O
resimo	NORM_1WORD
pevaljki	O
koje	O
predaju	O
na	O
fakultetima	O
tada	O
mozemo	NORM_1WORD
pricati	NORM_1WORD
o	O
obrazovanju	O
.	O

nije	O
se	O
on	O
zenio	NORM_1WORD
da	O
mu	O
cisti	NORM_1WORD
,	O
pere	O
,	O
pegla	O
.	O

ne	O
potresam	O
se	O
kada	O
cujem	NORM_1WORD
ogovaranja	O
i	O
mrznju	NORM_1WORD
jer	O
znam	O
da	O
je	O
to	O
posledica	O
dosadnog	O
zivota	NORM_1WORD
ljudi	O
koji	O
su	O
uvek	O
par	O
koraka	O
iza	O
mene	O
.	O

jedina	O
pozitivna	O
stvar	O
kod	O
toga	O
što	O
se	O
leto	O
bliži	O
kraju	O
je	O
što	O
više	O
neću	O
morati	O
da	O
brijem	O
noge	O
.	O

@dunott_	O
ne	O
znam	O
sta	NORM_1WORD
joj	O
je	O
,	O
hejtuje	O
krila	O
od	O
kako	O
je	O
spremala	O
heroin	O
,	O
kokain	O
i	O
marihuana	O
oblasti	O
ovih	O
dana	O
.	O

gde	O
su	O
ga	O
do	O
sad	O
krili	O
.	O

tačnije	O
,	O
ako	O
zakon	O
države	O
zabranjuje	O
uvoz	O
gmo	O
ili	O
hemijski	O
tretirane	O
,	O
npr.	O
piletine	O
,	O
taj	O
zakon	O
će	O
morati	O
da	O
se	O
briše	O
.	O

tata	O
mami	O
:	O
sad	O
cu	NORM_1WORD
da	O
ti	O
napravim	O
sina	O
.	O

pa	O
da	O
.	O

ne	O
brini	O
.	O

:)	O

dir.	NORM_1WORD
toplane	O
#nis	O
kaze	NORM_1WORD
da	O
oni	O
rade	O
na	O
resavanju	NORM_1WORD
kvarova	O
ali	O
nemaju	O
dovoljno	O
ljudi	O
.	O

#serbiafloods	O
#prvatv	O
#obrenovac	O

@raspevana	O
pre	O
da	O
si	O
se	O
ukakio	O
u	O
vrtiću	O
.	O

ali	O
i	O
dalje	O
mi	O
je	O
najveća	O
pobeda	O
"	O
novinarstva	O
"	O
ona	O
vest	O
'de	NORM_1WORD
su	O
se	O
svi	O
kolektivno	O
jebali	O
,	O
a	O
mačke	O
gledale	O
.	O

nikakva	O
obadvojica	NORM_1WORD
ne	O
diraju	O
domacicu	NORM_1WORD
a	O
komsinicu	NORM_1WORD
bi	O
pokidali	O
.	O

hoću	O
da	O
pobedi	O
soraja	O
jer	O
sam	O
humana	O
i	O
želim	O
da	O
ona	O
dobije	O
novce	O
kako	O
ne	O
bi	O
morala	O
da	O
se	O
jebe	O
za	O
pare	O
ne	O
bi	O
li	O
imala	O
za	O
‘leba	NORM_1WORD
.	O

molim	O
danas	O
bez	O
depresije	O
i	O
patetike	O
.	O

silovacu	NORM_1WORD
obezbedjenje	NORM_1WORD
da	O
bi	O
me	O
pustili	O
da	O
ga	O
dodirnem	O
,	O

sta	NORM_1WORD
ce	NORM_1WORD
,	O
nemaju	O
neki	O
veliki	O
izbor	O
ovih	O
dana	O

da	O
li	O
ce	NORM_1WORD
doci	NORM_1WORD
nadal	O
?	O

@bojandjuricldp	O
ne	O
preslišavaj	O
me	O
na	O
de	O
golu	O
:d	O

vise	NORM_1WORD
razmisljam	NORM_1WORD
o	O
decku	NORM_1WORD
sto	NORM_1WORD
ne	O
moze	NORM_1WORD
na	O
sorbonu	O
.	O

jebala	O
vas	O
vise	NORM_1WORD
kim	O
kardasian	NORM_1WORD
i	O
ostale	O
kutvete	NORM_1WORD
-	O
starlete	O
,	O
jel	NORM_1WORD
ovi	O
novinari	O
ne	O
mogu	O
da	O
pisu	NORM_1WORD
o	O
necem	NORM_1WORD
malo	O
pametnijem	O
.	O

vidi	O
se	O
da	O
je	O
tamara	O
glupa	O
.	O

ja	O
:	O
jao	O
nevenka	O
,	O
prava	O
si	O
hipsterka	O
!	O

umio	O
sam	O
se	O
,	O
dosao	NORM_1WORD
sebi	O
,	O
iskapio	O
litar	O
vode	O
.	O

žnaš	NORM_1WORD
šta	O
,	O
postoji	O
više	O
načina	O
da	O
nekome	O
saopštiš	O
isthjnu	NORM_1WORD
pička	O
ti	O
materina	O
ružna	O
,	O
ćelava	O
,	O
riba	O
te	O
vara	O
,	O
keva	O
ti	O
kurva	O
,	O
imaš	O
perut	O
.	O

i	O
dodje	NORM_1WORD
tako	O
spoelstra	O
i	O
uhvati	O
za	O
gusu	NORM_1WORD
lebron	O
jamesa	O
nezadovoljan	O
njegovom	O
igrom	O
u	O
odbrani	O
.	O

moja	NORM_1WORD
kombinacije	O
po	O
oko	O
3	O
godine	O
,	O
i	O
tom	O
brojkom	O
sam	O
zadovoljna	O
.	O

pretvoriću	O
se	O
u	O
prazan	O
a4	O
list	O
.	O

mogu	O
da	O
ga	O
gledam	O
svaki	O
dan	O
i	O
neće	O
mi	O
dosaditi	O
.	O

@zarkobns	O
žalosno	O
je	O
što	O
moram	O
to	O
da	O
napišem	O
,	O
ali	O
šešelj	O
je	O
pokazao	O
koliko	O
je	O
neozbiljna	O
trenutna	O
opozicija	O
u	O
srbiji	O
.	O

drugi	O
faktori	O
uticu	NORM_1WORD
na	O
progres	O
covecanstva	NORM_1WORD
.	O

a	O
agnostik	O
-	O
je	O
onaj	O
ko	O
traži	O
dokaz	O
za	O
postojanje	O
boga	O
.	O

kad	O
se	O
primeni	O
tzv	NORM_1WORD
'	O
dinkićeva	O
jednačina	O
'	O
dobijamo	O
1	O
evro	O
po	O
glavi	O
stanovnika	O
.	O

veliko	O
hvala	O
dr	NORM_1WORD
nebojsi	NORM_1WORD
covicu	NORM_1WORD
sto	NORM_1WORD
nam	O
je	O
omogucio	NORM_1WORD
ovakvu	O
srecu	NORM_1WORD
i	O
top16	NORM_1WORD
posle	O
godina	O
bauljanja	O
u	O
blatu	O
.	O

da	O
sam	O
muško	O
ostarila	O
bih	O
u	O
dedu	O
koji	O
od	O
ženskih	O
farmerki	O
iseče	O
šorc	O
koji	O
ne	O
može	O
da	O
zakopča	O
,	O
a	O
gore	O
nosi	O
otkopčanu	O
košulju	O
kratkih	O
rukava	O
.	O

@ema_bovari	O
@kibicerka	O
pesma	O
se	O
zove	O
"	O
ljubav	O
"	O
pa	O
kucajte	O
na	O
yt	O
.	O

divno	O
je	O
kad	O
imaš	O
sa	O
kim	O
da	O
ćutiš	O
.	O

ovaj	O
martinović	O
klasično	O
radikalsko	O
pseto	O
!	O

uglavnom	O
sunčano	O
,	O
mestimično	O
oblačno	O
s	O
mogućim	O
lokalnim	O
pljuskovima	O
i	O
grmljavinom	O
.	O

kao	O
sto	NORM_1WORD
napisa	NORM_1WORD
u	O
prethodnom	O
tw	O
,	O
razlika	O
raste	O
.	O

scena	O
u	O
kojoj	O
lik	O
liku	O
nabija	O
oči	O
u	O
lobanju	O
a	O
ti	O
gledaš	O
kako	O
baja	O
vrišti	O
u	O
krupnom	O
kadru	O
je	O
ozbiljna	O
bolest	O
...	O

skoči	O
mi	O
u	O
krilo	O
,	O
nisi	O
mokar	O
!	O

prepicke	NORM_1WORD
me	O
sad	O
nece	NORM_1WORD
razumeti	O
,	O
ali	O
ja	O
sam	O
se	O
knjigama	O
najvise	NORM_1WORD
obradovala	O
.	O

a	O
ja	O
bih	O
rado	O
da	O
upoznam	O
nekog	O
njegovog	O
glasaca	NORM_1WORD
...	O

pre	O
bih	O
rekla	O
da	O
se	O
osećamo	O
pospano	O
!	O

jel'	NORM_1WORD
se	O
približava	O
vidovdan	O
,	O
dan	O
u	O
kojem	O
će	O
se	O
srbende	O
sažvakati	O
u	O
sopstvenom	O
paradoksu	O
odlaskom	O
na	O
cecin	O
koncert	O
?	O

sve	O
bih	O
ti	O
opet	O
priznala	O
,	O
rekla	O
bih	O
ti	O
jos	NORM_1WORD
dosta	O
stvari	O
koje	O
osecam	NORM_1WORD
kada	O
si	O
u	O
mojoj	O
blizini	O
,	O
daj	O
mi	O
priliku	O
....	O

zanimljivo	O
...	O

nači	NORM_1WORD
napolju	O
je	O
napeto	O
fazon	O
tipa	O
ko	NORM_1WORD
kacam	NORM_1WORD
ja	O
izvodio	O
najstrožu	O
kaznu	O
protiv	O
kotbusa	O
u	O
devedezdrugom	NORM_1WORD
minutu	O
kacam	NORM_1WORD
pleso	NORM_1WORD
za	O
hertu	O
berlin	O
.	O

svaka	O
cast	NORM_1WORD
.	O

imam	O
takav	O
odbrambeni	O
sistem	O
da	O
pre	O
nego	O
što	O
se	O
uopšte	O
jave	O
prvi	O
simptomi	O
prehlade	O
meni	O
iskoči	O
neki	O
mini-osip	O
na	O
nosu	O
.	O

i	O
da	O
osvojimo	O
sve	O
dok	O
ne	O
odu	O
lazni	NORM_1WORD
centri	O
necu	NORM_1WORD
se	O
smiriti	O
.	O

ćazim	O
ostavio	O
sandru	O
😢	O

nisam	O
znala	O
kako	O
je	O
ljudima	O
koje	O
sam	O
pobređivala	NORM_1WORD
,	O
dok	O
i	O
sama	O
sinoć	O
nisam	O
postala	O
povređena	O
,	O
a	O
rekli	O
su	O
da	O
će	O
mi	O
se	O
vratiti	O
i	O
eto	O
vratilo	O
se	O
.	O

filozofiju	O
"	O
nikad	O
nisam	O
upoznala	O
vernog	O
muskarca	NORM_1WORD
"	O
obicno	NORM_1WORD
izjavljuje	O
neko	O
zestoko	NORM_1WORD
isfrustriran	O
.	O

@s_t_e_k	O
jebe	O
se	O
njima	O
za	O
vesti	O
,	O
istinu	O
,	O
narod	O
,	O
pravdu	O
,	O
postenje	NORM_1WORD
...	O

kao	O
i	O
malograđani	O
,	O
malo	O
u	O
gradu	O
,	O
malo	O
na	O
selu	O
!	O

zorranah	NORM_1WORD
laže	O
da	O
ne	O
bi	O
ispala	O
neinformisana	O
.	O

toliko	O
je	O
muzičara	O
,	O
naših	O
savremenih	O
šamana	O
,	O
apelovalo	O
da	O
se	O
zaustavi	O
vreme	O
pa	O
ništa	O
.	O

sad	O
ih	O
ima	O
više	O
....	O
al	NORM_1WORD
kilaža	O
ista	O
.	O

disciplina	O
?	O

@melanijanikolic	O
najveće	O
zadovoljstvo	O
u	O
životu	O
je	O
kad	O
uradiš	O
ono	O
što	O
su	O
ti	O
ljudi	O
rekli	O
da	O
nećeš	O
moći	O
.	O

a	O
i	O
super	O
mi	O
je	O
ovo	O
lizanje	O
sa	O
nato	O
pilotima	O
.	O

btw	O
,	O
mogao	O
bi	O
da	O
počneš	O
da	O
se	O
regulišeš	O
malo	O
.	O

@podkontrolom	O
ali	O
to	O
je	O
jače	O
od	O
mene	O
.	O

@jaksa007	O
dobro	O
je	O
da	O
su	O
se	O
oglasili	O
.	O

@posvodusa	O
da	O
mi	O
neko	O
sutra	O
kaže	O
da	O
imam	O
više	O
procenata	O
za	O
bolest	O
,	O
rekla	O
bih	O
vadi	O
sve	O
.	O

želudac	O
mi	O
se	O
okrene	O
kada	O
čujem	O
retardiranu	O
reklamu	O
za	O
njegov	O
album	O
.	O

više	O
ne	O
verujem	O
u	O
pravu	O
ljubav	O
.	O

imaju	O
i	O
belu	O
garnituru	O
...	O

osiguranje	O
možda	O
nije	O
zanimljiva	O
tema	O
,	O
ali	O
je	O
korisno	O
znati	O
neke	O
činjenice	O
.	O

pivska	O
romantika	O
.	O

poštovani	O
prijatelji	O
zakazivači	O
i	O
tajtskedžualci	O
,	O
slobodno	O
odjebite	O
od	O
mene	O
i	O
ne	O
ugovarajte	O
vidjenja	NORM_1WORD
na	O
1	O
h	O
15	O
min	NORM_1WORD
jer	O
ja	O
ne	O
funkcionišem	O
tako	O
.	O

mislim	O
,	O
ne	O
bih	O
ja	O
,	O
ali	O
sećam	O
se	O
da	O
su	O
bile	O
neke	O
kletve	O
@vjericar	O
@akikrasic	O
@predsedniksrs	O

nakupile	O
su	O
mi	O
se	O
nove	O
pesme	O
koje	O
slusam	NORM_1WORD
i	O
sad	O
moram	O
satima	O
da	O
sedim	O
i	O
da	O
ih	O
prebacujem	O
na	O
fon	O
#firstworldproblems_kadbitobionekidobarfon	O

srbija	O
poludela	O
od	O
srece	NORM_1WORD
!	O

došao	O
do	O
nas	O
posle	O
dve	O
godine	O
.	O

kad	O
vidim	O
ko	O
danas	O
oficijelno	O
sprovodi	O
reforme	O
i	O
kune	O
se	O
u	O
njih	O
,	O
smuči	O
mi	O
se	O
i	O
predivna	O
reform-torta	O
.	O

večerašnji	O
napad	O
na	O
ortakovu	O
gajbu	O
i	O
njegov	O
smart	O
tv	O
zamišljam	O
u	O
stilu	O
vikinga	O
liliputanca	O
.	O

dobro	O
veče	O
ljudi	O
iz	O
mog	O
telefona	O
,	O
nadam	O
se	O
da	O
je	O
dan	O
bio	O
dobar	O
,	O
a	O
bio	O
je	O
ako	O
ste	O
se	O
bar	O
jednom	O
nasmejali	O
.	O

e	O
,	O
posto	NORM_1WORD
je	O
izdato	O
zvanicno	NORM_1WORD
saopstenje	NORM_1WORD
,	O
sad	O
smo	O
ga	O
mi	O
po	O
provincijama	O
najebali	O
.	O

svi	O
smo	O
mi	O
dobri	O
u	O
necemu	NORM_1WORD
.	O

idemo	O
zvezdo	O
...	O

neću	O
moći	O
da	O
glasam	O
na	O
aprilskim	O
izborima	O
u	O
hu	O
,	O
jer	O
zakletvu	O
polažem	O
tek	O
u	O
junu	O
,	O
ali	O
sam	O
se	O
na	O
vreme	O
upoznao	O
s	O
njihovom	O
političkom	O
scenom	O
.	O

a	O
pogledaj	O
bol	O
koji	O
donosi	O
nemanje	O
toga	O

prihvatanje	O
i	O
tolerancija	O
različitosti	O
,	O
bez	O
kriticizma	O
,	O
može	O
sasvim	O
lepo	O
da	O
pomogne	O
u	O
ublažavanju	O
tenzije	O
.	O

vas	O
verovatno	O
boli	O
kurac	O
?	O

ja	O
ne	O
mogu	O
više	O
ove	O
raskide	O
da	O
podnesem	O
.	O

imaju	O
li	O
to	O
pravo	O
i	O
drugi	O
narodi	O
i	O
države	O
?	O

@parun_	O
@micin_taja	O
da	O
ja	O
sam	O
,	O
a	O
koga	O
ti	O
plaćaš	O
džabalebarošu	O
žuti	O
.	O

šta	O
god	O
da	O
mi	O
kažeš	O
ili	O
uradiš	O
neću	O
te	O
više	O
nikad	O
gledati	O
kao	O
što	O
sam	O
te	O
pre	O
gledala	O
,	O
pomiri	O
se	O
sa	O
tim	O

@selmatrash	O
@smiljanbanjac	O
@srkoprivica	O
@mina_hagen	O
otišli	O
su	O
psiholozi	O
tamo	O
.	O

bez	O
obzira	O
na	O
pravi	O
pakao	O
koji	O
mi	O
se	O
dogodio	O
sa	O
životom	O
...	O

tako	O
to	O
biva	O
kad	O
se	O
covek	NORM_1WORD
bavi	O
nekm	NORM_1WORD
drugim	O
stvarima	O
i	O
samo	O
o	O
njima	O
misli	O
.	O

zivece	NORM_1WORD
kao	O
kornjace	NORM_1WORD
sa	O
galapagosa	O
,	O
samo	O
opusteno	NORM_1WORD
...	O

ispunjavanje	O
istih	O
kao	O
igra	O
sebicnosti	NORM_1WORD
i	O
experimenta	NORM_1WORD
.	O

@necha64	O
@lotostatistika	O
veruj	O
mi	O
nebojša	O
.	O

danas	O
na	O
frizici	O
kažem	O
nastacnici	NORM_1WORD
da	O
hoću	O
da	O
padne	O
kiša	O
,	O
i	O
ono	O
mi	O
posle	O
10	O
sekundi	O
kažu	O
da	O
pogledam	O
kroz	O
prozor	O
.	O

"	O
mudraci	O
"	O
za	O
druge	O
,	O
jer	O
svoj	O
život	O
nemaju	O
.	O

prvi	O
znak	O
zrelosti	O
je	O
,	O
kada	O
te	O
neko	O
povredi	O
a	O
ti	O
pokušaš	O
da	O
razumeš	O
njegovu	O
situaciju	O
umesto	O
da	O
mu	O
uzvratiš	O
ili	O
mu	O
se	O
osvetiš	O
...	O

dere	O
se	O
marija	O
da	O
joj	O
režem	O
cecu	O
,	O
kaže	O
treba	NORM_1WORD
nam	O
za	O
kola	O
....	O

meni	O
tako	O
kažu	O
da	O
je	O
čitanje	O
fikcije	O
gubljenje	O
vremena	O
.	O

koliko	O
god	O
puta	O
da	O
se	O
izvucem	NORM_1WORD
i	O
ne	O
dobijem	O
1	O
za	O
lektiru	O
,	O
toliko	O
puta	O
je	O
necu	NORM_1WORD
procitati	NORM_1WORD
za	O
sledeci	NORM_1WORD
cas	NORM_1WORD
...	O

-	O
brzo	O
odgovaram	O
na	O
poruke	O
,	O
ne	O
serem	O
sto	NORM_1WORD
se	O
vidja	NORM_1WORD
sa	O
drustvom	NORM_1WORD
,	O
pijemo	O
zajedno	O
...	O

kumu	O
hteli	O
dati	O
ime	O
jelenko	O
.	O

to	O
je	O
kraj	O
njegove	O
uloge	O
u	O
tvojoj	O
priči	O
.	O

i	O
kad	O
odlučim	O
da	O
spavam	O
komarac	O
se	O
pojavi	O
+	O

putnici	O
mrzovoljni	O
,	O
raspravljaju	O
se	O
sa	O
vozačem	O
jer	O
nema	O
konduktera	O
.	O

kod	O
mene	O
bi	O
bre	O
bisevac	NORM_1WORD
,	O
lazovic	NORM_1WORD
,	O
kuzmanovic	NORM_1WORD
,	O
d.	O
tosic	NORM_1WORD
imali	O
zabranu	O
prilaska	O
stadionu	O
od	O
500	O
m	O
...	O

moram	O
se	O
oženiti	O
,	O
ne	O
mogu	O
više	O
ovako	O
neuk	O
kroz	O
život	O
...	O

svi	O
mi	O
zivimo	NORM_1WORD
u	O
zacaranom	NORM_1WORD
krugu	O
,	O
i	O
uvek	O
se	O
na	O
kraju	O
vracamo	NORM_1WORD
na	O
tacku	NORM_1WORD
sa	O
koje	O
smo	O
posli	NORM_1WORD
.	O

teretana	O
pravi	O
pedere	O
izgleda	O
.	O

ma	O
vi	O
"	O
bilderi	O
"	O
sto	NORM_1WORD
bi	O
jeli	O
i	O
govna	O
da	O
vam	O
ishranjuje	O
misicnu	NORM_1WORD
masu	O
slobodno	O
me	O
zaobidjite	NORM_1WORD
sa	O
dijetama	O
retardiranim	O
.	O

jebem	O
ti	O
selenu	O
koja	O
nista	NORM_1WORD
nije	O
rekla	O
za	O
spot	O
pa	O
ja	O
moram	O
da	O
trcim	NORM_1WORD
mokra	O
do	O
prvog	O
restorana	O
i	O
hvatam	O
wi-fi	O
.	O

ja	O
čim	O
uđem	O
na	O
blic	O
,	O
prebacim	O
na	O
recepte	O
.	O

ali	O
...	O
sve	O
je	O
to	O
utopija	O
.	O

jevanđelje	O
po	O
blic-u	NORM_1WORD

ti	O
?	O

jebo	NORM_1WORD
majku	O
.	O

ima	O
neko	O
neku	O
ideju	O
?	O

na	O
tw	O
saznam	O
i	O
dal'	NORM_1WORD
pada	O
sneg	O
i	O
kad	O
će	O
ručak	O
i	O
koja	O
pesma	O
je	O
hit	O
i	O
šta	O
misle	O
hrvati	O
.	O

to	O
što	O
uzimamo	O
za	O
ozbiljno	O
nešto	O
što	O
nam	O
neko	O
servira	O
kao	O
zdravu	O
hranu	O
ne	O
znači	O
da	O
je	O
ta	O
hrana	O
stvarno	O
zdrava	O
nego	O
da	O
smo	O
mi	O
lakoverni	O

da	O
ti	O
pomogne	O
i	O
bude	O
uz	O
tebe	O
?	O

vec	NORM_1WORD
drugi	O
put	O
se	O
dešava	O
da	O
mi	O
neko	O
da	O
metro	O
neiskorištenu	O
kartu	O
kao	O
suvenir	O
i	O
da	O
ja	O
slučajno	O
posle	O
završim	O
u	O
tom	O
gradu	O
.	O

ne	O
,	O
vudi	O
hvata	O
guštere	O
,	O
puževe	O
,	O
gliste	O
,	O
bubice	O
,	O
a	O
u	O
šumi	O
pokušava	O
da	O
uhvati	O
krtice	O
,	O
ali	O
ne	O
uspeva	O
.	O

@predragstevovic	O
intersuje	NORM_1WORD
me	O
naplata	O
ratne	O
stete	NORM_1WORD
u	O
prvom	O
drugom	O
i	O
poslednjem	O
ratu	O
od	O
strane	O
hrvacke	NORM_1WORD
,	O
uzimajuci	NORM_1WORD
jasenovac	O

koja	O
je	O
razlika	O
?	O

neka	O
se	O
nađe	O
neka	O
srodna	O
duša	O
da	O
vagamo	O
zajedno	O

vreme	O
koje	O
je	O
proslo	NORM_1WORD
nikad	O
ne	O
mozemo	NORM_1WORD
nadoknaditi	O
..	O

ne	O
voziti	O
nikako	O
ili	O
voziti	O
jako	O
sporo	O
.	O

u	O
filmovima	O
kad	O
puste	O
scene	O
sećanja	O
,	O
sve	O
neka	O
romantična	O
muzika	O
.	O

udjem	NORM_1WORD
u	O
sobu	O
kažem	O
da	O
sam	O
ih	O
zaboravila	O
.	O

boli	O
me	O
mozak	O
dok	O
slusam	NORM_1WORD
strajnica	NORM_1WORD
kako	O
bentaleba	O
zove	O
'	O
nabil	O
'	O
,	O
a	O
kejna	O
'	O
kin	O
'	O
.	O

mali	O
majmun	O
mi	O
nije	O
ravan	O
koliko	O
sam	O
srecan	NORM_1WORD
.	O

neko	O
kupuje	O
šminku	O
po	O
punoj	O
ceni	O
,	O
a	O
neko	O
sa	O
popustom	O
,	O
jer	O
promoter	O
u	O
oriflejmu	O
.	O

je	O
l	NORM_1WORD
postoje	O
patriotska	O
imena	O
u	O
drugim	O
drzavana	NORM_1WORD
kao	O
srboljub	O
kod	O
nas	O
?	O

moras	NORM_1WORD
sve	O
sama	O
da	O
radis	NORM_1WORD
.	O

o	O
srbijo	O
,	O
zemljo	O
šekspira	O
,	O
svaki	O
dan	O
isto	O
pitanje	O
~	O
zar	O
i	O
ti	O
sine	O
brute	O
~	O
...	O

tako	O
kad	O
naslede	O
neku	O
imovinu	O
od	O
mucenika	NORM_1WORD
baba	O
i	O
deda	O
,	O
prodaju	O
tu	O
bedu	O
pa	O
postanu	O
gospoda	O
preko	O
noci	NORM_1WORD
al'	NORM_1WORD
na	O
noc	NORM_1WORD
.	O

pikujem	O
na	O
dve	O
osobe	O
,	O
poglavicu	O
zečju	O
usnu	O
i	O
pačića	O
.	O

jebem	O
ti	O
svet	O
u	O
kom	O
lekar	O
na	O
tvoju	O
zelju	NORM_1WORD
za	O
preventivom	O
te	O
gleda	O
kao	O
smaraca	NORM_1WORD
,	O
a	O
s	O
druge	O
strane	O
prevaranti	O
stancuju	NORM_1WORD
'	O
lekove	O
'	O
i	O
sami	O
se	O
nude	O
.	O

čak	O
i	O
ako	O
se	O
to	O
desi	O
.	O

jebeni	O
tviterasi	NORM_1WORD
kada	O
tvitujete	O
o	O
pobedama	O
i	O
golovima	O
naglasite	O
sport	O
,	O
ubila	O
sam	O
u	O
pojam	O
lika	O
ubedjujuci	NORM_1WORD
ga	O
da	O
se	O
juce	NORM_1WORD
fudbal	O
igrao	O
.	O

račun	O
se	O
više	O
ne	O
plaća	O
#elektrovojvodina	O
,	O
nego	O
ep	O
#srbija	O

svaki	O
dan	O
da	O
prave	O
nove	O
kombinacije	O
,	O
da	O
prate	O
modna	O
pravila	O
i	O
zakon	O
,	O
da	O
paze	O
kakve	O
će	O
štikle	O
,	O
iako	O
ih	O
ni	O
ja	O
ne	O
nosim	O
,	O
da	O
znaju	O
kuvati	O

na	O
poslu	O
,	O
svaki	O
dan	O
pred	O
kraj	O
radnog	O
vremena	O
,	O
neka	O
zenska	NORM_1WORD
osoba	O
obavi	O
veliku	O
nuzdu	NORM_1WORD
...	O

nije	O
mi	O
potrebna	O
žandarmerija	O
da	O
me	O
čuva	O
,	O
meni	O
su	O
komšije	O
odmah	O
prve	O
noći	O
došle	O
da	O
mi	O
kažu	O
da	O
su	O
uz	O
mene	O
(	O
vlasnica	O
pekare	O
iz	O
kraja	O
)	O
.	O

ne	O
devojčice	O
sama	O
si	O
jer	O
je	O
drvo	O
u	O
mom	O
dvorištu	O
lepše	O
od	O
tebe	O
.	O

ja	O
sam	O
lud	O
.	O

jeb'o	NORM_1WORD
vas	O
klabing	O
,	O
seljani	O
.	O

puno	O
mi	O
ga	O
pozdravi	O
i	O
pozeli	NORM_1WORD
mu	O
srecu	NORM_1WORD
za	O
sutra	O
....	O

a	O
poplave	O
,	O
secate	NORM_1WORD
li	O
se	O
da	O
su	O
se	O
desile	O
nekim	O
ljudima	O
,	O
a	O
?	O

sad	O
ja	O
moram	O
da	O
se	O
snalazim	O
preko	O
tastature	O
.	O

genijalac	O
je	O
.	O

@komp_kamp	O
upravo	O
kao	O
sto	NORM_1WORD
sam	O
napisao	O
.	O

znam	O
ih	O
.	O

kad	O
me	O
tata	O
zove	O
da	O
mu	O
pomognem	O
nešto	O
vani	O
ja	O
obavezno	O
glumim	O
pepeljugu	O
po	O
kući	O
i	O
ne	O
pada	O
mi	O
teško	O
ni	O
wc	O
šolju	O
ribati	O
.	O

vi	O
ne	O
znate	O
u	O
kakvom	O
ja	O
burzujskom	NORM_1WORD
kraju	O
zivim	NORM_1WORD
,	O
komsije	NORM_1WORD
do	O
mene	O
stavile	O
kameru	O
na	O
kucu	NORM_1WORD
.	O

a	O
na	O
tvu	NORM_1WORD
pričaju	O
o	O
hapšenjima	O
sitnih	O
kriminalaca	O
i	O
ikarbusovom	O
mercedesu	O
.	O

"	O
rekao	O
sam	O
joj	O
da	O
sam	O
pametan	O
,	O
ona	O
je	O
rekla	O
da	O
se	O
to	O
ne	O
vidi	O
....	O

pod	O
stresom	O
ste	O
?	O

ponekad	O
dozvolim	O
sebi	O
sanjarenje	O
.	O

d'izvinete	NORM_1WORD
.	O

a	O
najjače	O
mi	O
je	O
kad	O
vidim	O
neku	O
đevojku	NORM_1WORD
koja	O
nosi	O
fluorescentnu	O
majicu	O
,	O
istog	O
trena	O
mi	O
dođe	O
da	O
je	O
zadavim	O
nečim	O
!	O

za	O
razmenu	O
ambasadora	O
cg	O
i	O
kosova	O
mora	O
da	O
se	O
resi	NORM_1WORD
status	O
crnog.	NORM_1WORD
manjine	O
.	O

medju	NORM_1WORD
brojnim	O
lošim	O
vestima	O
ima	O
i	O
jedna	O
dobra	O
,	O
da	O
se	O
bota	O
ućutao	O
i	O
da	O
ništa	O
niti	O
osudjuje	NORM_1WORD
niti	O
objašnjava	O
.	O

@iposin	O
ovo	O
mora	O
da	O
je	O
tačno	O
,	O
mada	O
,	O
ja	O
ih	O
obožavam	O
,	O
a	O
nisam	O
predivna	O
:o))))	O
,	O
al'	NORM_1WORD
ih	O
ne	O
jedem	O
jer	O
buca	O
:o))))	O

lakse	NORM_1WORD
mi	O
da	O
ne	O
rasklopim	O
krevet	O
za	O
spavanje	O
jer	O
sam	O
onda	O
u	O
fazonu	O
ionako	O
niko	O
vise	NORM_1WORD
ne	O
moze	NORM_1WORD
da	O
stane	O
osim	O
mene	O
.	O

zato	O
vas	O
necu	NORM_1WORD
zvati	O
na	O
svadbu	O
,	O
aa	O
krk	O
!	O

da	O
sklanjamo	O
one	O
luzere	O
sto	NORM_1WORD
nisu	O
profi	O
stalkeri	O
.	O

na	O
kraju	O
se	O
udala	O
bogato	O
i	O
sada	O
ima	O
dvoje	O
dece	O
,	O
sve	O
o	O
cemu	NORM_1WORD
je	O
lagala	O
i	O
maštala	O
i	O
stalan	O
posao	O
u	O
republičkoj	O
agenciji	O
.	O

nije	O
mi	O
jasna	O
i	O
dalje	O
hajka	O
na	O
mega	O
faxove	NORM_1WORD
.	O

odoh	O
ja	O
da	O
prošetam	O
četvoronožnu	O
džukelu	O
.	O

pomozite	O
i	O
vi	O
!	O

upad	O
gladnih	O
u	O
supermarkete	O
.	O

zaboravila	O
sam	O
njegov	O
rođendan	O
,	O
broj	O
telefona	O
,	O
datum	O
kada	O
smo	O
se	O
upoznali	O
.	O

u	O
filmu	O
"	O
mi	O
nismo	O
andjeli	NORM_1WORD
"	O
jedna	O
stvar	O
me	O
oduvek	O
zanimala	O
...	O

dobro	O
jutro	O
vračarci	O
!	O

@majavidenovic	O
moram	O
posebno	O
da	O
ti	O
čestitam	O
.	O

sta	NORM_1WORD
god	O
ti	O
je	O
sudjeno	NORM_1WORD
doci	NORM_1WORD
ce	NORM_1WORD
ti	O
,	O
pa	O
makar	O
se	O
nalazilo	O
ispod	O
dve	O
planine	O
.	O

pa	O
mislim	O
gde	O
si	O
bila	O
.	O

mogu	O
da	O
zamislim	O
upoznavanje	O
prvog	O
dana	O
srednje	O
:	O
-	O
dobar	O
dan	O
,	O
ja	O
sam	O
katarina	O
,	O
ali	O
zovite	O
me	O
kaca	NORM_1WORD
.	O

trezna	O
sam	O
u	O
maleficent	O
fazonu	O
.	O

klinici	NORM_1WORD
7.	O
razred	O
,	O
na	O
novoj	O
zgradi	O
u	O
naselju	O
ispisali	O
-	O
u	O
krvi	O
alkohola	O
litar	O
.	O

e	O
pa	O
ne	O
moze	NORM_1WORD
!	O

"	O
dezodorans	O
koji	O
smanjuje	O
znojenje	O
izazvano	O
stresom	O
"	O

bota	O
kaže	O
da	O
se	O
nije	O
mnogo	O
mešao	O
u	O
rad	O
ds-a	O
dok	O
je	O
bio	O
u	O
njemu	O
,	O
zato	O
mu	O
sada	O
dobro	O
ide	O
pljuvanje	O
u	O
dalj	O
i	O
bacanje	O
kamena	O
s	O
ramena	O
.	O

na	O
svakih	O
6	O
meseci	O
me	O
u	O
kbc	NORM_1WORD
srbije	O
uredno	O
podsete	O
koliko	O
je	O
nemoguce	NORM_1WORD
zavrsiti	NORM_1WORD
ikada	O
,	O
bilo	O
sta	NORM_1WORD
kod	O
njih	O
!	O

sve	O
sami	O
hejteri	O
na	O
ovom	O
tw	O
,	O
da	O
se	O
drzavom	NORM_1WORD
upravlja	O
na	O
twiteru	NORM_1WORD
,	O
deluje	O
da	O
bi	O
ziveli	NORM_1WORD
kao	O
mix	O
norvezana	NORM_1WORD
i	O
japanaca	O
,	O
a	O
zene	NORM_1WORD
bi	O
nam	O
bile	O
brazilke	O
!	O

šta	O
da	O
kažu	O
lekari	O
?	O

palmu	O
izbacila	O
poplava	O
!	O

@dezorjentisan	O
ma	O
bezi	NORM_1WORD
.	O

aj	NORM_1WORD
sad	O
prosto	O
oitanje	NORM_1WORD
:	O
gde	O
čovek	O
legalno	O
da	O
piša	O
u	O
centru	O
beograda	O
posle	O
20	O
h	O
,	O
a	O
da	O
ne	O
moli	O
kafiće	O
da	O
ga	O
puste	O
i	O
da	O
ne	O
zapišava	O
žardinjere	O
?	O

ali	O
kod	O
nas	O
ništa	O
ne	O
može	O
da	O
prođe	O
bez	O
makar	O
male	O
drame	O

šalim	O
se	O
super	O
.	O

:]	O

neke	O
zene	NORM_1WORD
i	O
kad	O
obuku	O
valentino	O
su	O
i	O
dalje	O
onaj	O
jad	O
sa	O
crnim	O
ispod	O
noktiju	O
,	O
i	O
bradom	O
malo	O
vise	NORM_1WORD
podignutom	O
od	O
drugih	O
zbog	O
nepripadanja	O
.	O

hej	O
druze	NORM_1WORD
moram	O
te	O
upozoriti	O
da	O
ni	O
pod	O
kojim	O
okolnostima	O
kasikica	NORM_1WORD
u	O
ustima	O
ne	O
moze	NORM_1WORD
izgledati	O
smekerski	NORM_1WORD
,	O
a	O
pogotvo	NORM_1WORD
ne	O
u	O
narodnoj	O
biblioteci	O
.	O

ja	O
njemu	O
da	O
je	O
idiot	O
,	O
on	O
meni	O
da	O
sam	O
alapača	O
,	O
mislim	O
da	O
se	O
muvamo	O
.	O

a	O
sad	O
pravac	O
#ultraeurope	O

uvek	O
pozelim	NORM_1WORD
da	O
se	O
lupam	O
lopatom	O
po	O
faci	O
kada	O
uvidim	O
da	O
sam	O
se	O
sa	O
nekim	O
ljudima	O
stvarno	O
druzila	NORM_1WORD
.	O

samo	O
me	O
zanima	O
dal	NORM_1WORD
je	O
ova	O
milica	O
stvarno	O
vampir	O
pa	O
moze	NORM_1WORD
celu	O
noc	NORM_1WORD
da	O
bude	O
budna	O
ili	O
se	O
danas	O
dobro	O
naspavala	O
pa	O
me	O
sad	O
zajebava	O
.	O

pravi	O
sam	O
šiptar	O
.	O

@aristeastakic	O
ako	O
se	O
pamti	O
a	O
ne	O
primenjuje	O
i	O
ne	O
menja	O
nešto	O
...	O
ne	O
znam	O
.	O

da	O
vam	O
kaze	NORM_1WORD
nesto	NORM_1WORD
vas	NORM_1WORD
brat	O
dusan	NORM_1WORD
,	O
stolica	O
vam	O
postane	O
cudna	NORM_1WORD
kada	O
2	O
dana	O
za	O
redom	O
jedete	O
oreos	O
u	O
enormnim	O
kolicinama	NORM_1WORD

gledala	O
mi	O
ciganka	O
u	O
dlan	O
kaze	NORM_1WORD
do	O
35	O
nece	NORM_1WORD
biti	O
para	O
i	O
ima	O
se	O
namucim	NORM_1WORD
,	O
ja	O
pitam	O
a	O
posle	O
ona	O
kaze	NORM_1WORD
posle	O
ces	NORM_1WORD
se	O
naviknes	NORM_1WORD
.	O

jos	NORM_1WORD
vise	NORM_1WORD
kad	O
je	O
to	O
neki	O
tweet	O
od	O
pre	O
par	O
meseci	O
.	O

@homerhsimpson	O
pogresno	NORM_1WORD
!	O

mada	O
ni	O
to	O
nekad	O
ne	O
upali	O
.	O

mislim	O
da	O
je	O
u	O
tom	O
poslu	O
neko	O
bio	O
mnogo	O
lud	O
ili	O
mnogo	O
nepošten	O
ili	O
oba	O
.	O

mislim	O
sestro	O
zvala	O
si	O
ti	O
njega	O
do	O
sad	O
hiljadu	O
puta	O
ne	O
smaraj	O
vise	NORM_1WORD
.	O

kaze	NORM_1WORD
jedna	O
kucko	NORM_1WORD
nemoj	O
da	O
me	O
udaras	NORM_1WORD
u	O
facu	O
.	O

potencijalno	O
najveca	NORM_1WORD
vrednost	O
predstojecih	NORM_1WORD
izbora	O
je	O
novi	O
ministar	O
obrazovanja	O
.	O

zasluženo	O
posle	O
toliko	O
izgovorenih	O
gluposti	O
.	O

dovoljno	O
bi	O
bilo	O
da	O
plati	O
porez	O
u	O
srbiji	O
da	O
znamo	O
da	O
je	O
patriota	O
.	O

ostali	O
od	O
biroa	O
da	O
su	O
nezaposleni	O
.	O

@vdjacic	O

silom	O
prilika	O
prođoh	O
preko	O
trga	O
i	O
videh	O
srbiju	O
u	O
malom	O
.	O

tužne	O
seksualne	O
insinuacije	O
,	O
zakržljalih	O
polnih	O
organa	O
tvitera	O
.	O

:d	O

ja	O
bih	O
uz	O
ova	O
moja	O
pustila	O
soundtrack	O
nekog	O
horora	O
.	O

p.	O
s.	O
i	O
ja	O
sam	O
slobodan	O
i	O
uživam	O
u	O
svojoj	O
slobodi	O
.	O

do	O
fejk	O
nivoa	O
.	O

jebem	O
ti	O
mater	O
u	O
usta	O
škrbava	O
kravo	O
ograničena	O
,	O
i	O
tebi	O
i	O
onom	O
ko	O
te	O
mutavu	O
primio	O
da	O
radiš	O
na	O
šalteru	O
!	O

ja	O
sam	O
na	O
nivou	O
12godišnjaka	NORM_1WORD
.	O

"	O
mira	O
marković	O
ne	O
želi	O
da	O
komentariše	O
navode	O
da	O
je	O
naručila	O
ubistvo	O
ćuruvije	O
"	O

+	O

nista	NORM_1WORD
naspram	O
sta	NORM_1WORD
moj	O
malisha	NORM_1WORD
radi	O
sa	O
tofitom	O
.	O

nači	NORM_1WORD
paljba	O
jašare	O
.	O

ma	O
de	NORM_1WORD
nisi	O
poremećen	O
ako	O
non-stop	O
izbacuješ	O
selfije	O
,	O
ne	O
da	O
li	O
si	O
poremećen	O
,	O
džabe	O
se	O
tešiš	O
i	O
tripuješ	O
,	O
kandidat	O
si	O
za	O
medikamente	O
.	O

kaze	NORM_1WORD
kurva	O
iz	O
odeljenja	O
jao	O
sad	O
kad	O
smrsam	NORM_1WORD
,	O
ima	O
da	O
se	O
prepolovim	O
...	O

odličan	O
alžir	O
,	O
bez	O
imalo	O
respekta	O
prema	O
favoritu	O
.	O

kad	O
probaš	O
travu	O
obavezno	O
objavi	O
bar	O
deset	O
rege	O
pesama	O
i	O
bezbroj	O
glupih	O
komentara	O
.	O

srbija	O
ne	O
zasluzuje	NORM_1WORD
sprdnju	O
,	O
vašar	O
,	O
tezgu	O
,	O
i	O
drogiranu	O
pevaljku	O
.	O

prokisnjava	NORM_1WORD
jedan	O
vrtic	NORM_1WORD
u	O
beogradu	O
i	O
#sns	O
botovi	O
udarili	O
u	O
vecanje	NORM_1WORD
o	O
djilasu	NORM_1WORD
,	O
koji	O
je	O
napravio	O
preko	O
40	O
vrtica	NORM_1WORD
...	O

to	O
ne	O
može	O
da	O
bude	O
loše	O
ni	O
pogrešno	O
.	O

ne	O
znam	O
čija	O
je	O
ideja	O
ovaj	O
dvodnevni	O
aeromiting	O
,	O
ali	O
bolje	O
bi	O
bilo	O
da	O
ih	O
je	O
pozavao	NORM_1WORD
letos	O
da	O
zajedno	O
zapraše	O
komarce	O
,	O
nego	O
što	O
sad	O
jebu	O
sojke	O
!	O

navijaci	NORM_1WORD
cz	NORM_1WORD
su	O
ili	O
mnogo	O
glupi	O
ili	O
mnogo	O
placeni	NORM_1WORD
kad	O
misle	O
da	O
su	O
igraci	NORM_1WORD
najveci	NORM_1WORD
problem	O
njihovog	O
kluba	O
.	O

budžet	O
sadrži	O
minimum	O
reformi	O
i	O
maksimum	O
socijalne	O
odgovornosti	O
.	O

kada	O
ležimo	O
svi	O
zajedno	O
u	O
krevetu	O
,	O
raspodela	O
prostora	O
je	O
:	O
bebac	O
70	O
%	O
,	O
žena	O
i	O
ja	O
po	O
15	O
%	O
.	O

dacete	NORM_1WORD
mi	O
jednu	O
roze	O
haljinicu	O
i	O
te	O
zute	NORM_1WORD
sandalice	O
.	O

izgleda	O
da	O
su	O
se	O
majstori	O
trajno	O
uselili	O
kod	O
mojih	O
.	O

-	O
pa	O
ne	O
znam	O
ni	O
ja	O
kako	O
o.o	O
o	O
#unosnomesto	O

unikatni	O
modeli	O
sa	O
likom	O
jelene	O
karleuše	O
!	O

mogla	O
bih	O
da	O
preselim	O
frižider	O
i	O
mikrotalasnu	O
u	O
sobu	O
da	O
me	O
zrače	O
malo	O
nemam	O
dovoljno	O
sranja	O
ovde	O
mnogo	O
mi	O
slab	O
ovaj	O
bol	O
u	O
glavi	O
:(	O

jao	O
sve	O
neke	O
opasne	O
ribe	O
,	O
brate	O
,	O
srednji	O
prst	O
na	O
slici	O
,	O
ludilo	O
mozga	O
a	O
kažeš	O
joj	O
"	O
slatka	O
si	O
"	O
ona	O
se	O
upiša	O
od	O
sreće	O
.	O

a	O
ova	O
dva	O
zuba	O
sam	O
svakako	O
nameravao	O
da	O
vadim	O
..	O

nemaju	O
pms	O
,	O
ne	O
ogovaraju	O
,	O
komemtarišemo	NORM_1WORD
kineskinje	O
i	O
uvek	O
mogu	O
da	O
isprate	O
koliko	O
popijem	O
!	O

sad	O
cu	NORM_1WORD
da	O
gledam	O
premijeru	O
desete	O
sezone	O
grey's	O
anatomy	O
,	O
gle	O
sad	O
kada	O
je	O
pola	O
njih	O
pomrlo	O
,	O
uvek	O
tako	O
u	O
toj	O
seriji	O
.	O

detinjstvo	O
je	O
ostavljalo	O
nadu	O
,	O
sada	O
je	O
sve	O
neizvesnost	O
...	O

otac	O
i	O
ja	O
smo	O
šetali	O
kroz	O
diskografiju	O
dragane	O
mirković	O
i	O
pričali	O
koja	O
pesma	O
nas	O
na	O
šta	O
podseća	O
.	O

"	O
pusto	O
srblje	O
"	O
se	O
ispucalo	O
za	O
božić	O
i	O
nove	O
godine	O
,	O
tako	O
da	O
samo	O
još	O
samoubice	O
imaju	O
čitav	O
metak	O
u	O
cevi	O
.	O

@milosdjajic	O
zato	O
da	O
ti	O
pokažem	O
princip	O
!	O

-	O
od	O
baba	O
stane	O
za	O
unuku	O
radmilu	O
.	O

odoh	O
da	O
odmorim	O
od	O
egzaltiranosti	O
oko	O
mene	O
,	O
bar	O
na	O
dva	O
sata	O
.	O

obučena	O
u	O
svoj	O
kostim	O
women	NORM_1WORD
,	O
prodjoh	NORM_1WORD
gradom	O
i	O
nazvase	NORM_1WORD
me	O
ludim	O
turistom	O
...	O

i	O
u	O
nečoveka	O
.	O

već	O
tri	O
dana	O
se	O
pakujem	O
za	O
ekskurziju	O
.	O

da	O
,	O
ali	O
ko	O
pita	O
ovog	O
keramičara	O
?	O

slike	O
protesta	O
nemam	O
jer	O
samo	O
strajkuju	NORM_1WORD
.	O

volim	O
kad	O
uradim	O
nesto	NORM_1WORD
korisno	O
,	O
npr	NORM_1WORD
pokosim	O
dvoriste	NORM_1WORD
pa	O
me	O
keva	O
sluzi	NORM_1WORD
zato	O
sto	NORM_1WORD
sam	O
radio	O
vise	NORM_1WORD
od	O
nje	O
.	O

nije	O
sad	O
to	O
da	O
vam	O
kažem	O
,	O
idite	O
i	O
abortirajte	O
do	O
besvesti	O
.	O

@kantonsky	O
nije	O
dzesi	NORM_1WORD
,	O
vuk	O
je	O
...	O

a	O
zar	O
taj	O
dečko	O
-	O
pripravnik	O
lazar	O
krstić	O
nije	O
bio	O
genije	O
nad	O
genijima	O
,	O
kako	O
to	O
govoriše	O
prepodobni	O
vučić	O
i	O
ovi	O
muvoglavci	O
iz	O
tabloida	O
?	O

eh	O
ta	O
prostodusna	NORM_1WORD
srbija	O
.	O

na	O
svaki	O
poduhvat	O
bićete	O
još	O
ponosniji	O
!	O

@jecconi	O
:	O
ove	O
petarde	O
zvuče	O
kao	O
hekleri	O
.	O

milorad	O
vucelic	NORM_1WORD
na	O
rts-u	O
prica	NORM_1WORD
svoju	O
zivotnu	NORM_1WORD
pricu	NORM_1WORD
...	O

-	O
sve	O
zavisi	O
od	O
toga	O
koliki	O
mu	O
je	O
...	O

kad	O
mi	O
je	O
neki	O
decko	NORM_1WORD
lep	O
,	O
samim	O
tim	O
su	O
i	O
svi	O
njegovi	O
drugari	O
lepi	O
,	O
pa	O
ne	O
znam	O
sta	NORM_1WORD
bih	O
,	O
koji	O
pre	O
da	O
mi	O
se	O
svidi	O
.	O

tw	O
kao	O
sredstvo	O
razvodnjavanja	O
negativnih	O
osecanja	NORM_1WORD
nastalih	O
kao	O
posledica	O
raskida	O
.	O

šou	O
!	O

i	O
taman	O
kad	O
pomislis	NORM_1WORD
da	O
ne	O
mogu	O
novinari	O
da	O
pisu	NORM_1WORD
o	O
minornijim	O
stvarima	O
,	O
pocnu	NORM_1WORD
da	O
pljuste	NORM_1WORD
clanci	NORM_1WORD
o	O
svalerki	NORM_1WORD
sabana	NORM_1WORD
saulica	NORM_1WORD
.	O

fali	O
meni	O
još	O
nekoliko	O
najboljih	O
prijatelja	O
u	O
životu	O
.	O

mada	O
,	O
mrzim	O
i	O
profesora	O
,	O
i	O
onu	O
salu	O
,	O
i	O
one	O
skalamerije	O
i	O
lopte	O
i	O
sve	O
...	O

smem	O
da	O
urlam	O
u	O
zgradi	O
,	O
zato	O
što	O
sav	O
ološ	O
koji	O
dodje	NORM_1WORD
na	O
moj	O
rodjendan	NORM_1WORD
donese	O
knjige	O
na	O
poklon	O
i	O
pridržava	O
vrata	O
od	O
ulaza	O
baba	O
olgi	O
...	O

da	O
bi	O
neki	O
ljud	NORM_1WORD
shvatili	O
koliko	O
sam	O
zapravo	O
talična	O
-	O
priprema	O
se	O
oluja	O
,	O
a	O
ja	O
u	O
baletankama	O
i	O
naravno	O
bez	O
kišobrana	O
.	O

baba	O
ovo	O
je	O
marija	O
,	O
njen	O
sat	O
inače	O
košta	O
150	O
e	NORM_1WORD
pa	O
sam	O
kontao	O
da	O
se	O
isplati	O
1000	O
e	NORM_1WORD
za	O
24	O
h	O
i	O
evo	O
sad	O
šetamo	O
,	O
pričamo	O
,	O
možda	O
odigramo	O
i	O
riziko	O

medjunarodno	NORM_1WORD
pravo	O
?	O

isto	O
kao	O
što	O
sam	O
juče	O
ujutro	O
video	O
časnog	O
henrija	O
bonea	O
kasovskog	O
na	O
tašu	O
,	O
sat	O
pošto	O
sam	O
iz	O
novinskog	O
članka	O
čitao	O
o	O
toj	O
mirođiji	O
.	O

znači	O
-	O
foliranje	O
ceo	O
život	O
.	O

zapratim	O
nekog	O
a	O
onda	O
dobijem	O
dm	O
u	O
fazonu	O
"	O
hvala	O
na	O
zapraćanstvu	O
"	O
i	O
pljusnem	O
sebi	O
šamar	O
što	O
sam	O
zapratio	O
tu	O
osobu	O
.	O

@gordanacom	O
@milosdjajic	O
u	O
pitanju	O
je	O
kredit	O
,	O
a	O
ne	O
pomoć	O
.	O

dok	O
raste	O
i	O
sazreva	O
,	O
ona	O
je	O
cista	NORM_1WORD
,	O
tvrda	O
i	O
kisela	O
.	O

ah	O
,	O
kad	O
@milangrahovac	O
ume	O
da	O
ucini	NORM_1WORD
i	O
rucak	NORM_1WORD
romanticnim	NORM_1WORD
.	O

-	O
uzmem	O
cekic	NORM_1WORD
i	O
dobro	O
ga	O
izlupam	O
.	O

više	O
o	O
tome	O
pročitajte	O
ovde	O
:	O
http://t.co/tbmquh2d1j	O

nema	O
svrhe	O
da	O
se	O
ponovo	O
prolazi	O
kroz	O
sve	O
to	O
,	O
šta	O
je	O
na	O
televiziji	O
večeras	O
?	O

to	O
sto	NORM_1WORD
je	O
toma	O
zdravkovic	NORM_1WORD
opevao	O
pola	O
zenskih	NORM_1WORD
imena	O
a	O
moje	O
nije	O
,	O
a	O
ja	O
sam	O
mu	O
najveci	NORM_1WORD
fan	O
,	O
to	O
je	O
tugica	O
jedna	O
.	O

takva	O
griva	O
se	O
ne	O
šiša	O
.	O

samo	O
ne	O
znam	O
za	O
koga	O
kada	O
niko	O
nista	NORM_1WORD
nece	NORM_1WORD
promeniti	O
kao	O
sto	NORM_1WORD
niko	O
nije	O
do	O
sada	O

recenica	NORM_1WORD
u	O
knjizi	O
iz	O
geografije	O
:	O
"	O
rude	O
nemetala	O
su	O
mineralni	O
agregati	O
koji	O
nisu	O
rude	O
metala	O
.	O
"	O

zovu	O
i	O
poklanjaju	O
mi	O
aloevera	NORM_1WORD
jastuk	O
,	O
ogrlicu	O
od	O
poludragog	O
kamenja	O
i	O
mutilicu	O
za	O
nes	O
,	O
očekujem	O
i	O
put	O
u	O
tiranu	O
jer	O
mi	O
samo	O
još	O
to	O
ne	O
treba	O
.	O

milos	NORM_1WORD
raonic	NORM_1WORD
,	O
dusan	NORM_1WORD
raonic	NORM_1WORD
..	O
tradicionalna	O
kanadska	O
imena	O
...	O

baš	O
me	O
interesuje	O
da	O
l'	NORM_1WORD
može	O
da	O
crkne	O
.	O

vise	NORM_1WORD
njih	O
je	O
pokusalo	NORM_1WORD
da	O
me	O
izvuce	NORM_1WORD
iz	O
kuce	NORM_1WORD
,	O
ali	O
ne	O
ide	O
i'm	NORM_1WORD
,	O
mozda	NORM_1WORD
nisu	O
originalni	O
:)	O
?	O

@bodljikava	O
@operacija011	O
navika	O
iz	O
radikalskih	O
dana	O
.	O

ako	O
imate	O
neko	NORM_1WORD
momka	O
u	O
komšiluku	O
koji	O
uvek	O
pozdravi	O
i	O
tebe	O
i	O
ostali	O
komšiluk	O
to	O
je	O
neki	O
manijak	O
garant	O
.	O

ovo	O
je	O
naročito	O
naglašeno	O
kod	O
rođenih	O
krajem	O
juna	O
.	O

-	O
u	O
pravu	O
si	O
,	O
mislim	O
da	O
bi	O
ti	O
odgovarao	O
jednostavniji	O
model	O
.	O

sad	O
su	O
naravno	O
aktuelni	O
oni	O
debilni	O
statusi	O
8	O
godina	O
se	O
svelo	O
na	O
nedelju	O
dana	O
,	O
neka	O
nas	O
ne	O
rastave	O
godine	O
sto	NORM_1WORD
dolaze	O
,	O
i	O
ostala	O
sranja	O

ode	O
mi	O
misao	O
spanskim	NORM_1WORD
stepenicama	O
da	O
popije	O
malo	O
sangrije	O
za	O
sankom	NORM_1WORD
milanske	O
skale	O
,	O
noseci	NORM_1WORD
sombrero	O
,	O
zavrsavajuci	NORM_1WORD
noc	NORM_1WORD
tekilom	O
u	O
chihuahuan-u	NORM_1WORD
.	O

e	O
,	O
da	O
mi	O
je	O
neko	O
rekao	O
da	O
ću	O
u	O
bilo	O
čemu	O
držati	O
đilasovu	O
stranu	O
....	O

ono	O
kad	O
ti	O
je	O
neko	O
bio	O
kul	NORM_1WORD
pa	O
odjednom	O
shvatis	NORM_1WORD
da	O
je	O
govno	O

ma	O
ne	O
bi	O
to	O
bila	O
samo	O
kafa	O
...	O
prešli	O
bi	NORM_1WORD
na	O
nešto	O
žešće	O
...	O

uticajni	O
tviteraši	O
napišu	O
tvit	O
tipa	O
govno	O
je	O
smeđe	O
i	O
smrdi	O
,	O
a	O
ostali	O
u	O
fazonu	O
vau	O
,	O
hahaha	O
kako	O
je	O
blesav	O
...	O

ja	O
šok	O
...	O

idi	O
nešto	O
štrikaj	O
,	O
heklaj	O
...	O

da	O
li	O
cemo	NORM_1WORD
se	O
onda	O
setiti	O
svih	O
istoriskih	NORM_1WORD
mesta	O
na	O
kojima	O
smo	O
i	O
bez	O
eu	O
mogli	O
zaradjivati	NORM_1WORD
kroz	O
turizam	O
?	O

0.o	O

pa	O
zato	O
što	O
ne	O
koriste	O
mozak	O
.	O

-	O
zapalim	O
ga	O
.	O

ljudi	O
su	O
zivotinje	NORM_1WORD
,	O
ne	O
psi	O
.	O

mocni	NORM_1WORD
rifovi	O
nad	O
bg-om	O
.	O

dragica	O
nikolić	O
osnovala	O
fondaciju	O
sa	O
sedištem	O
u	O
ul.	O
andrićev	O
venac	O
1	O
...	O

mislio	O
sam	O
bitne	O
za	O
ovaj	O
posao	O
...	O

kreten	O
sam	O
____	O

karagaca	NORM_1WORD
navodi	O
da	O
su	O
devedesetih	O
razlite	O
sluzbe	NORM_1WORD
u	O
srbiji	O
ratovale	O
jedna	O
protiv	O
drugih	O
i	O
izgubljeni	O
kriterijumi	O
.	O

neki	O
da	O
nauče	O
za	O
početak	O
da	O
koriste	O
barem	O
zarez	O
,	O
jer	O
haotično	O
nizanje	O
reči	O
u	O
rečenici	O
deluje	O
kao	O
baljezganje	O
.	O

ja	O
sam	O
izgleda	O
forever	O
alone	O
evo	O
ne	O
znam	O

a	O
zašto	O
@blic_online	O
pitam	O
ja	O
vas	O
?	O

ko	O
koga	O
ne	O
voli	O
,	O
ko	O
koga	O
pljuje	O
,	O
ko	O
se	O
sa	O
kim	O
voli	O
,	O
liže	O
...	O

hej	O
,	O
gospođo	O
ni	O
ja	O
ne	O
bih	O
u	O
9	O
ujutru	O
da	O
nosim	O
kese	O
pune	O
vine	NORM_1WORD
,	O
ali	O
život	O
je	O
težak	O
,	O
otključajte	O
mi	O
zgradu	O
.	O

pošto	O
nije	O
dovoljno	O
što	O
svaki	O
put	O
kada	O
krene	O
u	O
wc	O
(	O
bar	O
10	O
puta	O
)	O
pita	O
što	O
ne	O
spavam	O
,	O
deda	O
je	O
sada	O
ustao	O
i	O
trlja	O
se	O
o	O
štok	O
,	O
svrbe	O
ga	O
leđa	O
.	O

nije	O
tražila	O
mnogo	O
,	O
zadovoljavala	O
se	O
sitnicama	O
,	O
ali	O
samo	O
njegovim	O
.	O

hoću	O
da	O
budem	O
mlada	O
....	O

dzaba	NORM_1WORD
ste	O
blokirali	O
porno	O
sajtove	O
na	O
komp	O
u	O
citaonici	NORM_1WORD
kad	O
ima	O
wifi	O
.	O

stvarno	O
sam	O
kreten	O
.	O

najgora	O
stvar	O
kada	O
ste	O
slobodni	O
vikendom	O
je	O
,	O
subjektivan	O
osecaj	NORM_1WORD
da	O
kada	O
prodje	NORM_1WORD
petak	O
,	O
ponedeljak	O
je	O
tu	O
.	O

da	O
li	O
je	O
komentar	O
"	O
mirise	NORM_1WORD
na	O
zvezdu	O
"	O
opravdan	O
?	O

greota	NORM_1WORD
što	O
ovo	O
niko	O
neće	O
da	O
pogleda	O
jer	O
vas	O
sve	O
iskreno	O
boli	O
kurac	O
.	O

nedostaje	O
mi	O
da	O
odem	O
u	O
pab	O
i	O
konobar	O
mi	O
odma	NORM_1WORD
donese	O
čaj	O
od	O
kamilice	O
jer	O
zna	O
šta	O
pijem	O
u	O
koje	O
godišnje	O
doba	O
.	O

@milovanovic357	O
http://t.co/g3zjhec4iy	O
ovako	O
bi	O
izgledala	O
prepiska	O
ako	O
nastavim	O
.	O

ako	O
vam	O
upadne	O
nešto	O
kod	O
mene	O
u	O
kosu	O
,	O
smatrajte	O
da	O
je	O
izgubljeno	O
zauvek	O
.	O

______	O

koliko	O
ste	O
jadni	O
brata	O
alban	NORM_1WORD
premijers	NORM_1WORD
ste	O
pustili	O
odmah	O
a	O
ne	O
stitite	NORM_1WORD
postene	NORM_1WORD
albance	O
kojima	O
pale	O
pekare	O
i	O
lokale	O
.	O

sama	O
sredim	O
nokte	O
i	O
odmah	O
kontam	O
da	O
sam	O
sacuvala	NORM_1WORD
bar	O
2000	O
dinara	O
koje	O
bih	O
dala	O
za	O
manikir	O
.	O

kada	O
bih	O
upoznao	O
boga	O
laži	O
,	O
dao	O
bih	O
mu	O
pola	O
života	O
,	O
da	O
mi	O
kaže	O
šta	O
sam	O
i	O
gde	O
sve	O
propustio	O
,	O
a	O
onda	O
bi	O
došao	O
bog	O
idiotizma	O
i	O
puk'o	NORM_1WORD
mi	O
šamar	O

ana	O
bekuta	O
naručila	O
dvajs	NORM_1WORD
metra	NORM_1WORD
armani	O
materijala	O
...	O

juče	O
mi	O
je	O
brat	O
saopštio	O
da	O
je	O
raskinuo	O
tako	O
da	O
mogu	O
da	O
očekujem	O
svšta	NORM_1WORD

ne	O
može	O
av	O
da	O
uhapsi	O
toliko	O
lopova	O
koliko	O
lopova	O
naprave	O
javna	O
preduzeća	O
i	O
javne	O
nabavke	O
.	O

@jomaljapr	O
@aleksandarrist8	O
eto	O
hvala	O
bogu	O
da	O
si	O
kompetentna	O
da	O
govoris	NORM_1WORD
o	O
tudjim	NORM_1WORD
uspjesima	O
,	O
evo	O
ne	O
znam	O
kako	O
sam	O
mogao	O
?	O

gledam	O
šta	O
avioni	O
lete	O
ovoliko	O
,	O
kontam	O
da	O
nije	O
rat	O
počeo	O
ponovo	O
!	O

to	O
što	O
vi	O
pijani	O
uspete	O
da	O
iskucate	O
ceo	O
stih	O
pesme	O
koju	O
trenutno	O
slušate	O
u	O
kafani	O
dovoljno	O
govori	O
o	O
tome	O
koliko	O
umete	O
da	O
se	O
provodite	O
.	O

wish	O
me	O
luck	O
!	O

drugaricin	NORM_1WORD
decko	NORM_1WORD
ima	O
kucu	NORM_1WORD
na	O
majorci	O
.	O

@__bojan	O
hahah	O
ne	O
mogu	O
@svimikojigigi	O
vidi	O
kod	O
tetke	O
da	O
budemo	O
privremeno	O
dok	O
se	O
ne	O
snadjemo	NORM_1WORD
za	O
stan	O

kad	O
smo	O
kod	O
devojke	O
s	O
pirsingom	O
,	O
lizanjem	O
i	O
sa	O
mnom	O
,	O
ta	O
priča	O
u	O
mojoj	O
varijanti	O
izgleda	O
malo	O
drugačije	O
,	O
no	O
nebitno	O
...	O

najlepsi	NORM_1WORD
ste	O

@ivanast83	O
.	O

jedna	O
od	O
korisnijih	O
namena	O
vrata	O
je	O
što	O
mogu	O
da	O
se	O
demonstrativno	O
zalupe	O
.	O

gde	O
je	O
spisak	O
svih	O
donatora	O
,	O
ukljucujuci	NORM_1WORD
i	O
gradjane	NORM_1WORD
,	O
sa	O
datim	O
iznosima	O
,	O
pa	O
da	O
uporedimo	O
?	O

u	O
#zemun	O
krenule	O
nove	O
preduzetničke	O
ideje	O
-	O
rent-a-tuja	O
!	O

ja	O
ne	O
znam	O
jel	NORM_1WORD
mene	O
neko	O
zajebava	O

sta	NORM_1WORD
je	O
sa	O
ljudima	O
i	O
povlacenjem	NORM_1WORD
svojih	O
reci	NORM_1WORD
?	O

kucam	O
inače	O
ovaj	O
tvit	O
da	O
ne	O
bih	O
morao	O
da	O
se	O
javim	O
nekoj	O
grabulji	O
na	O
ulici	O
pa	O
ono	O
kao	O
dopisujem	O
se	O
sa	O
nekim	O
.	O

@bubashvabica	O
@kateenna	O
ne	O
sekiraj	O
se	O
,	O
mi	O
cemo	NORM_1WORD
u	O
januaru	O
.	O

el	NORM_1WORD
znate	O
vi	O
da	O
sam	O
jednom	O
sa	O
drugom	O
racunao	NORM_1WORD
sta	NORM_1WORD
sve	O
ide	O
u	O
cenu	O
jednog	O
espresa	O
,	O
tipa	O
kafa	O
,	O
novine	O
,	O
gledanje	O
dobrih	O
picaka	NORM_1WORD
...	O

još	O
da	O
opizdi	O
i	O
grad	O
,	O
pa	O
onda	O
svi	O
mogu	O
na	O
ulice	O
na	O
masovni	O
#icebucketchallenge	O
...	O

iskreno	O
,	O
bez	O
obzira	O
na	O
sve	O
,	O
jako	O
mi	O
je	O
zao	NORM_1WORD
sto	NORM_1WORD
ih	O
nece	NORM_1WORD
bifi	NORM_1WORD
u	O
parlamentu	O
..	O

taman	O
pomislis	NORM_1WORD
da	O
ce	NORM_1WORD
igrati	O
rukomet	O
,	O
a	O
oni	O
te	O
odmah	O
razuvere	O
!	O

mislim	O
stvarno	O
.	O

ipak	O
,	O
ubeđena	O
sam	O
da	O
ću	O
nešto	O
zaboraviti	O
.	O

od	O
citanja	NORM_1WORD
informacija	O
o	O
srpskoj	O
svakodnevnici	NORM_1WORD
izumre	O
mi	O
sopstveni	O
smisao	O
za	O
humor	O
i	O
kruni	O
se	O
inteligencija	O

zato	O
sto	NORM_1WORD
pokusavam	NORM_1WORD
da	O
shvatim	O
sta	NORM_1WORD
@ignjat_se_zovem	O
pise	NORM_1WORD
po	O
tviterima	O
,	O
za	O
prijemni	O
necu	NORM_1WORD
nauciti	NORM_1WORD
,	O
faks	O
necu	NORM_1WORD
upisati	O
...	O

verovatno	O
su	O
ubeđeni	O
da	O
su	O
pravilno	O
locirali	O
uzrok	O
nevolja	O
.	O

plemenitost	O
se	O
ne	O
sme	O
preceniti	O
he	O
.	O

pride	O
dobijes	NORM_1WORD
naslovnu	O
stranu	O
u	O
kuriru	O
.	O

mama	O
nije	O
otvorila	O
terasu	O
,	O
nećemo	O
umreti	O
od	O
promaje	O
!	O

@kaldrmas	O
koliko	O
je	O
samo	O
baba	O
život	O
dalo	O
nameštajući	O
antenu	O
"	O
malo	O
u	NORM_1WORD
,	O
još	O
malo	O
,	O
to	O
,	O
to	O
...	O

ulični	O
prodavci	O
čim	O
ih	O
vide	O
okrenu	O
glavu	O
na	O
drugu	O
stranu	O
...	O

bacis	NORM_1WORD
ga	O
na	O
strik	NORM_1WORD
on	O
se	O
osusu	NORM_1WORD
i	O
gotovo	O
.	O

da	O
bi	O
se	O
pravila	O
razlika	O
između	O
negativnog	O
i	O
pozitivnog	O
odnosa	O
,	O
razlikuju	O
se	O
autoritarnost	O
i	O
autoritativnost	O
.	O

koliko	O
sam	O
imala	O
lose	NORM_1WORD
misljenje	NORM_1WORD
o	O
nekim	O
ljudima	O
,	O
a	O
o	O
nekima	O
tako	O
dobro	O
,	O
da	O
tek	O
sad	O
vidim	O
koliko	O
sam	O
glupa	O
i	O
koliko	O
sam	O
se	O
sjebala	O

ovako	O
mi	O
nije	O
neki	O
efekat	O
.	O

kaće	NORM_1WORD
umru	O
ljude	NORM_1WORD
koji	O
su	O
sa	O
svima	O
ful	O
i	O
super	O
a	O
čim	O
im	O
okreneš	O
ledja	NORM_1WORD
,	O
pljuju	O
na	O
sve	O
strane	O
i	O
zašto	O
nikad	O
?	O

zbog	O
toga	O
što	O
je	O
ž	O
preteško	O
izgovoriti	O
,	O
mislim	O
da	O
sam	O
od	O
juče	O
zvanično	O
snow	O
,	O
videćemo	O
u	O
ponedeljak	O
.	O

a	O
i	O
tehnomanije	O
non-stop	O
zatvaraju	O
,	O
bežala	O
iz	O
blokova	O
preko	O
rodića	O
,	O
bloka	O
65	O
...	O

sad	O
ću	O
iznesem	O
stolicu	O
ispred	O
zgrade	O
da	O
pitam	O
sve	O
komšije	O
"	O
jeli	NORM_1WORD
,	O
gdes	NORM_1WORD
ti	O
pošo	NORM_1WORD
vako	NORM_1WORD
rano	O
?	O
"	O
i	O
biće	O
smešno	O
samo	O
meni	O
.	O

e	O
jbg	NORM_1WORD
.	O

kontam	O
da	O
će	O
pre	O
svakog	O
meča	O
@dozetm	O
biti	O
oval	O
veličine	O
kruga	O
centra	O
pun	O
mezetluka	O
.	O

čemu	O
to	O
,	O
majstore	O
?	O

cestitke	NORM_1WORD
cukarickom	NORM_1WORD
na	O
prvom	O
mestu	O
,	O
apsolutno	O
zasluzeno	NORM_1WORD
.	O

liže	O
li	O
ko	O
dupe	O
uticajnima	O
?	O

je	O
l	NORM_1WORD
i	O
vi	O
kad	O
vidite	O
ono	O
typing	O
dugo	O
da	O
stoji	O
pomislite	O
da	O
ta	O
osoba	O
smišlja	O
nešto	O
da	O
vas	O
oduševi	O
a	O
zatim	O
dobijete	O
ok	O
kao	O
odgovor	O
?	O

jadna	O
je	O
zemlja	O
u	O
kojoj	O
je	O
sve	O
individualna	O
volja	O
.	O

nista	NORM_1WORD
mi	O
ne	O
preostaje	O
,	O
sem	O
,	O
da	O
pognem	O
glavu	O
i	O
cutim	NORM_1WORD
....	O

ovi	O
momci	O
koji	O
odlaze	O
iz	O
partizana	O
su	O
i	O
vise	NORM_1WORD
nego	O
zasluzili	NORM_1WORD
da	O
budu	O
ispraceni	NORM_1WORD
uz	O
publiku	O
i	O
ovacije	O
,	O
jer	O
su	O
nam	O
pruzili	NORM_1WORD
sjajnu	O
kosarku	NORM_1WORD
!	O

@mihovillogar	O
i	O
90	O
%	O
srba	O
:))	O
ja	O
realno	O
ne	O
volim	O
ni	O
jedne	O
ni	O
druge	O
u	O
fudbalskom	O
smislu	O
,	O
noćas	O
bodrim	O
čileance	O
;)	O

čitam	O
danas	O
kako	O
je	O
putin	O
dobio	O
odrešene	O
ruke	O
.	O

zapravo	O
volim	O
ih	O
toliko	O
da	O
se	O
moji	O
pitaju	O
na	O
koga	O
sam	O
po	O
tom	O
pitanju	O
.	O

jel	NORM_1WORD
to	O
imamo	O
novi	O
rajh	O
?	O

@isidorabjelica	O
@drbogi	O
isidora	O
,	O
beži	O
od	O
tv	NORM_1WORD
,	O
loše	O
literature	O
,	O
ljudi	O
koji	O
mnogo	O
pričaju	O
.	O

mi	O
ljudi	O
samo	O
komplikujemo	O
nesto	NORM_1WORD
.	O

iz	O
veze	O
sa	O
twiterašicom	NORM_1WORD
,	O
umesto	O
pljuge	O
posle	O
sexa	O
slede	O
pitanja	O
!	O

kad	O
odem	O
s	O
društvom	O
na	O
kafu	O
,	O
i	O
prvo	O
što	O
pitaju	O
konobara	O
je	O
šifra	O
za	O
wi-fi	O
,	O
poželim	O
da	O
popijem	O
kafu	O
kod	O
kuće	O
,	O
sama	O
,	O
kad	O
se	O
ne	O
znaju	O
družiti	O
.	O

ime	O
dopisati	O
po	O
želji	O
...	O

čuvaj	O
ličnu	O
kartu	O
.	O

leti	O
bih	O
mogla	O
da	O
besposlicarim	NORM_1WORD
samo	O
tako	O
.	O

meni	O
covek	NORM_1WORD
moze	NORM_1WORD
sve	O
da	O
isprica	NORM_1WORD
,	O
nikad	O
ne	O
osudjujem	NORM_1WORD
,	O
ali	O
u	O
roku	O
od	O
2	O
min	NORM_1WORD
smislim	O
hiljadu	O
fora	O
kojima	O
cu	NORM_1WORD
ga	O
podjebavati	O
zbog	O
toga	O
.	O

da	O
li	O
će	O
se	O
preduzeti	O
mere	O
da	O
se	O
neki	O
novi	O
dron	O
ne	O
pojavi	O
na	O
vojnoj	O
paradi	O
i	O
tamo	O
prouzrokuje	O
tragediju	O
?	O

trecu	NORM_1WORD
godinu	O
na	O
kraju	O
prvi	O
.	O

"	O
šta	O
će	O
ti	O
tetovaža	O
?	O

ličiš	O
mi	O
na	O
nekog	O
ko	O
ceo	O
život	O
prezire	O
tatu	O
jer	O
ti	O
je	O
ostavio	O
mamu	O
i	O
našao	O
sreću	O
sa	O
drugom	O
ženom	O
.	O

rekla	O
sam	O
mu	O
da	O
mi	O
crko	NORM_1WORD
net	O
pa	O
me	NORM_1WORD
možemo	O
da	O
se	O
dopisujemo	O
,	O
on	O
me	O
zove	O
,	O
napuši	O
mi	O
se	O
kurca	O
javiću	O
se	O
sutra	O
malo	O
.	O

uvek	O
je	O
pokusavao	NORM_1WORD
da	O
pobegne	O
iz	O
njih	O
,	O
a	O
neretko	O
je	O
to	O
i	O
uspevao	O
.	O

-	O
sestra	O
mi	O
je	O
po	O
prirodi	O
vrlo	O
nežna	O
,	O
a	O
ja	O
sam	O
debil	O
.	O

mladozenja	NORM_1WORD
:	O
cudna	NORM_1WORD
moda	O
,	O
ovi	O
sakoi	O
sa	O
ojacanjima	NORM_1WORD
na	O
laktovima	O
.	O

ne	O
treba	O
da	O
budeš	O
stručnjak	O
da	O
bi	O
procenio	O
kvalitet	O
šonetovog	O
doktorata	O
,	O
dovoljno	O
je	O
samo	O
da	O
umeš	O
da	O
čitaš	O
jer	O
je	O
ono	O
očaj	O
.	O

gugl	O
maps	O
pokusava	NORM_1WORD
svima	O
da	O
se	O
podvuce	NORM_1WORD
.	O

u	O
#pancevo	NORM_1WORD
nova	O
vlast	O
.	O

ali	O
koga	O
boli	O
kurac	O
...	O

ne	O
znate	O
vi	O
taj	O
napor	O
.	O

to	O
je	O
nerviralo	O
tviteraša	O
u	O
meni	O

zar	O
je	O
toliko	O
očigledno	O
da	O
imam	O
problem	O
?	O

u	O
stvari	O
obecao	NORM_1WORD
sam	O
sebi	O
da	O
ne	O
zelim	NORM_1WORD
vise	NORM_1WORD
da	O
tvitujem	O
o	O
politici	O
,	O
ne	O
zelom	NORM_1WORD
da	O
se	O
nerviram	O
niti	O
pored	O
ostalih	O
problema	O
mislim	O
o	O
tome	O
!	O

boze	NORM_1WORD
sa	O
kakvim	O
ja	O
izrodima	O
idem	O
u	O
odeljenje	O

moja	O
razredna	O
je	O
jedna	O
veoma	O
zanimljiva	O
zena	NORM_1WORD
koja	O
misli	O
da	O
ja	O
mogu	O
da	O
prevedem	O
15	O
recenica	NORM_1WORD
sa	O
srpskog	O
na	O
ruski	O

podrške	O
je	O
malo	O
u	O
životu	O
:	O
1.	O
ne	O
očekuj	O
je	O
od	O
svakoga	O
2.	O
kad	O
je	O
tražiš	O
najmanje	O
ti	O
treba	O
3.	O
kad	O
je	O
dobiješ	O
,	O
čuvaj	O
je	O
4.	O
zanemari	O
prazne	O
reči	O

one	O
gledaju	O
bebu	O
,	O
ja	O
gledam	O
u	O
bebi	O
toki-voki	O
i	O
razmišljam	O
jel	NORM_1WORD
toki-voki	O
ili	O
voki-toki	O
.	O

trebalo	O
mi	O
je	O
pola	O
sekunde	O
da	O
odlucim	NORM_1WORD
da	O
je	O
promenim	O
.	O

super	O
je	O
to	O
kad	O
pošalješ	O
idejno	O
rešenje	O
u	O
dva	O
ujutru	O
,	O
ugasiš	O
komp	O
,	O
kreneš	O
ka	O
krevetu	O
i	O
presreće	O
te	O
kritika	O
sa	O
telefona	O
.	O

sta	NORM_1WORD
sve	O
rade	O
zbog	O
lajkova	O

ni	O
to	O
što	O
je	O
reklama	O
je	O
iz	O
2013.	O
stvar	O
ne	O
čini	O
gorom	O
.	O

koliko	O
vidim	O
,	O
#utisak	O
postaje	O
#realityshow	O
,	O
jer	O
samo	O
što	O
se	O
ne	O
potuku	O
.	O

pitanje	O
"	O
šta	O
ako	O
je	O
kiseonik	O
zapravo	O
otrovan	O
po	O
ljude	O
i	O
treba	O
mu	O
60	O
-	O
80	O
godina	O
da	O
nas	O
ubije	O
"	O

na	O
ovoj	O
ekskurziji	O
do	O
niša	O
,	O
zorana	O
je	O
ona	O
devojka	O
koja	O
se	O
napije	O
,	O
skače	O
i	O
ljubi	O
sve	O
oko	O
sebe	O
,	O
a	O
jadranka	O
ona	O
što	O
se	O
vrati	O
sa	O
std-ijem	NORM_1WORD
.	O

a	O
sta	NORM_1WORD
mislite	O
da	O
osnujete	O
stranku	O
i	O
uradite	O
neke	O
konkretne	O
akcije	O
,	O
umesto	O
sto	NORM_1WORD
kritikujete	O
po	O
tviterima	NORM_1WORD
postojece	NORM_1WORD
stanje	O
?	O

ujem	NORM_1WORD
na	O
fejs	O
,	O
kažem	O
mićku	O
da	O
sam	O
i	O
dalje	O
živ	O
da	O
ne	O
brine	O
,	O
deju	O
nateram	O
da	O
kaže	O
da	O
me	O
voli	O
,	O
zajebavam	O
lauru	O
malo	O
i	O
vratim	O
se	O
na	O
tviter	O
.	O

muškarci	O
koji	O
traže	O
idealnu	O
ženu	O
i	O
žene	O
koje	O
traže	O
idealnog	O
muškarca	O
obično	O
nađu	O
savršenu	O
budalu	O
.	O

@uzonsasa	O
@vukovicolja	O
@nemanjabibic	O
visok	O
iq	O
,	O
ako	O
je	O
to	O
neka	O
tema	O
je	O
veliko	O
iskušenje	O
.	O

ali	O
kao	O
da	O
ti	O
malo	O
zastajkuješ	O
.	O

doduše	O
on	O
se	O
plaši	O
pernate	O
živine	O
što	O
razumem	O
u	O
slučaju	O
morki	O
i	O
paunova	O
koji	O
kljucaju	O
oči	O
-	O
na	O
smrt	O
.	O

-	O
hahaha	O
,	O
je	O
l'	NORM_1WORD
me	O
skontao	O
?	O

isti	O
ce	NORM_1WORD
rezultat	O
biti	O

svi	O
nešto	O
zaljubljeni	O
u	O
poslednje	O
vreme	O
...	O

ipak	O
mislim	O
da	O
raspravljanje	O
sa	O
idiotima	O
trosi	NORM_1WORD
najvise	NORM_1WORD
zivaca	NORM_1WORD
,	O
kalorija	O
,	O
mozdanih	NORM_1WORD
celija	NORM_1WORD
itd.	O

postajem	O
doktor	O
pravnih	O
nauka	O
.	O

tuzan	NORM_1WORD
sam	O
.	O

možda	O
ovog	O
puta	O
i	O
uspem	O
da	O
prestanem	O
da	O
izigravam	O
pepeljaru	O
.	O

#solimizacija	O

pa	O
de	NORM_1WORD
si	O
lave	O
škorpijiću	O
,	O
kako	O
je	O

@aleksa781	O
mislid	NORM_1WORD
da	O
za	O
evropu	O
neophodan	O
klasičan	O
zadnji	O
vezni	O
,	O
kvariša	O
,	O
koji	O
potom	O
doda	O
drini	O
.	O

a	O
jos	NORM_1WORD
vise	NORM_1WORD
to	O
da	O
neko	O
u	O
susednoj	O
kancelariji	O
slusa	NORM_1WORD
nesto	NORM_1WORD
sto	NORM_1WORD
zvuci	NORM_1WORD
kao	O
legende	O
.	O

da	O
l'	NORM_1WORD
je	O
to	O
sudbina	O
,	O
il'	NORM_1WORD
ko	O
zna	O
šta	O
li	O
je	O
...	O

koštunica	O
ustao	O
protiv	O
đilasa	O
!	O

i	O
fizički	O
i	O
psihički	O
sam	O
se	O
od	O
osnovne	O
promenila	O
lvl	NORM_1WORD
neko	O
od	O
tog	O
društva	O
sad	O
da	O
me	O
vidi	O
ne	O
bi	O
skontao	O
ko	O
sam	O
.	O

mnogo	O
mi	O
se	O
svidjaju	NORM_1WORD
ovi	O
oglasi	O
za	O
ios	O
developera	O
u	O
srbiji	O
.	O

u	O
zemlji	O
gde	O
je	O
svinjokolj	O
drevna	O
tradicija	O
morrissey	O
pusta	NORM_1WORD
film	O
kako	O
se	O
kolju	O
svinje	O
i	O
peva	O
pesmu	O
o	O
umiranju	O
zivotinja	NORM_1WORD
.	O

aj	NORM_1WORD
oke	NORM_1WORD
,	O
lezbejke	NORM_1WORD
koje	O
tvituju	O
sex	O
patetiku	O
kapiram	O
,	O
ali	O
muskarcima	NORM_1WORD
koji	O
tvituju	O
istu	O
nabaviti	O
par	O
jajnika	O
,	O
i	O
onda	O
moze	NORM_1WORD
...	O

okej	O
.	O

mrš	O
u	O
salu	O
da	O
učiš	O
!	O

da	O
li	O
av	NORM_1WORD
zaista	O
misli	O
da	O
neko	O
veruje	O
da	O
ovim	O
njegovim	O
posalicama	NORM_1WORD
on	O
obezbedjuje	NORM_1WORD
poslove	O
u	O
inostranstvu	O
?	O

more	O
sad	O
cu	NORM_1WORD
pustim	O
macku	NORM_1WORD
da	O
resi	NORM_1WORD
stvar	O
!	O

seljačine	O
sa	O
nekog	O
prela	O
koji	O
na	O
yt	NORM_1WORD
pišu	O
komentare	O
"	O
serem	O
vam	O
se	O
u	O
taj	O
vaš	O
exit	O
"	O

po	O
josipovićevoj	O
reakciji	O
,	O
rekla	O
bih	O
da	O
hr	O
neće	O
povući	O
tužbu	O
.	O

mora	O
da	O
su	O
neki	O
posrbljeni	O
,	O
ne	O
znaju	O
.	O

znaju	O
da	O
jedino	O
vredno	O
paznje	NORM_1WORD
egzistira	O
u	O
predelu	O
zadnjeg	O
trapa	O
...	O
pa	O
ko	O
se	O
primi	O
.	O

dobar	O
pokušaj	O
sobo	O
,	O
ipak	O
se	O
sama	O
čisti	O
...	O

tako	O
mene	O
moji	O
posalju	NORM_1WORD
po	O
luk	O
u	O
prodavnicu	O
a	O
ja	O
kupim	O
i	O
kokice	O
,	O
jafu	O
,	O
zvake	NORM_1WORD
,	O
etc	NORM_1WORD
a	O
kad	O
mi	O
traze	NORM_1WORD
kusur	O
reci	NORM_1WORD
cu	NORM_1WORD
da	O
sam	O
opljackana	NORM_1WORD
,	O
sta	NORM_1WORD
znam	O
.	O

sve	O
za	O
naše	O
tviteraše	O
:)	O

kada	O
ga	O
vidim	O
doživim	O
šlog	O
,	O
napad	O
epilepsije	O
i	O
padam	O
u	O
ogromnu	O
depresiju	O
,	O
dragi	O
bravo	O
imam	O
li	O
ja	O
ozbiljnih	O
zdravstenih	O
problema	O
?	O

@kristinakovac	O
sa	O
takvom	O
podrskom	NORM_1WORD
mogli	O
su	O
da	O
ostvare	O
uspeh	O
,	O
cak	NORM_1WORD
i	O
u	O
ovakvoj	O
zemlji	O
.	O

to	O
ne	O
biva	O
!	O

piči	O
kiša	O
...	O

da	O
nema	O
drustvenih	NORM_1WORD
mreza	NORM_1WORD
ja	O
ne	O
bih	O
znao	O
kako	O
je	O
napolju	O
,	O
da	O
li	O
se	O
sat	O
veceras	NORM_1WORD
menja	O
i	O
kada	O
ko	O
kenja	O
.	O

menjam	O
ja	O
kanale	O
i	O
dođem	O
do	O
dm-sata	O
kad	O
tamo	O
peva	O
neka	O
pesmu	O
nede	O
ukraden	O

znaci	NORM_1WORD
uvek	O
naletim	O
na	O
jebeni	O
utisaknedelje	NORM_1WORD
i	O
momentalno	O
popizdim	O
kad	O
ugledam	O
gospu	O
oliveru	O
beckovic	NORM_1WORD
!	O

dragica	O
nikolić	O
,	O
prva	O
dama	O
srbije	O
,	O
naplaćuje	O
30	O
dolara	O
da	O
se	O
pojavite	O
na	O
večeri	O
sa	O
njom	O
u	O
los	O
anđelesu	O
.	O

''	O
zato	O
što	O
sam	O
nafurana	O
zato	O
sam	O
i	O
sama	O
''	O

stoko	O
,	O
ne	O
postoji	O
ništa	O
interesantno	O
u	O
pogibiji	O
dece	O
.	O

i	O
ne	O
slave	O
dan	O
bastilje	O
.	O

@dragacerovic	O
treba	O
nam	O
.	O
ozbiljna	O
televizija	O
za	O
proizvodnju	O
obrazovnog	O
,	O
kulturnog	O
i	O
drugog	O
nekomercijalnog	O
programa	O

može	O
ta	O
subota	O
biti	O
i	O
vetrovita	O
,	O
kao	O
ova	O
jutros	O
ovde	O
.	O

najvise	NORM_1WORD
mrzim	O
kada	O
legnem	O
,	O
prispava	O
mi	O
se	O
,	O
a	O
onda	O
moram	O
da	O
ustanem	O
da	O
ugasim	O
svetlo	O
koje	O
sam	O
zaboravila	O
.	O

možda	O
ću	O
imati	O
plodove	O
rada	O
,	O
ali	O
zaboga	O
to	O
je	O
tako	O
tako	O
daleko	O
...	O

rale	O
,	O
-	O
ja	O
to	O
ne	O
mogu	O
.	O

novinari	O
koji	O
pišu	O
o	O
pravnijadi	O
nisu	O
pisali	O
da	O
su	O
studentkinje	O
pf-a	O
u	O
bg	NORM_1WORD
prošle	O
godine	O
u	O
londonu	O
pobedile	O
jejl	O
,	O
stenford	O
...	O
i	O
uzele	O
tozla	NORM_1WORD
.	O

radije	O
bih	O
da	O
mislim	O
ovo	O
drugo	O
...	O

baš	O
ste	O
mi	O
gotivni	O
,	O
vi	O
,	O
parovi	O
koji	O
ste	O
se	O
upoznali	O
preko	O
tvitera	O
i	O
zajedno	O
ste	O
,	O
ali	O
mnogo	O
jedete	O
govna	O
kad	O
patetišete	O
,	O
prestanite	O
.	O

maštam	O
naivno	O
kao	O
dete	O
posle	O
pročitane	O
bajke	O
.	O

ne	O
spominjite	O
vise	NORM_1WORD
onu	O
kurvetinu	O
i	O
ne	O
dajte	O
joj	O
prostor	O
u	O
medijima	O
.	O

svi	O
vi	O
koji	O
ćete	O
se	O
danas	O
sprdati	O
stradiciom	NORM_1WORD
,	O
zapitajte	O
se	O
koko	NORM_1WORD
bi	O
nas	O
uopšte	O
bilo	O
da	O
nema	O
badnjaka	O
i	O
da	O
ne	O
mećemo	O
slamu	O
na	O
pod	O
u	O
stan	O
!!	O

nikada	O
osoba	O
nije	O
toliko	O
auto-destruktivna	NORM_1WORD
kao	O
kada	O
je	O
povređena	O
njena	O
narcisoidnost	O
,	O
njena	O
lažna	O
ljudska	O
veličina	O
.	O

poštovani	O
,	O
u	O
prilogu	O
(	O
koji	O
ću	O
vam	O
poslati	O
u	O
narednom	O
mejlu	O
jer	O
ću	O
zaboraviti	O
da	O
ga	O
prikačim	O
)	O
šaljem	O
vam	O
svoj	O
cv	O
i	O
propratno	O
pismo	O
.	O

razlog	O
zašto	O
žene	O
ne	O
nose	O
kondome	O
u	O
torbama	O
,	O
jeste	O
u	O
tome	O
što	O
dok	O
bi	O
one	O
našle	O
kondom	O
u	O
torbi	O
dete	O
bi	O
napunilo	O
3	O
godine	O
.	O

jel	NORM_1WORD
pronasla	NORM_1WORD
ovo	O
leto	O
odgovarajuci	NORM_1WORD
kupaci	NORM_1WORD
velicine	NORM_1WORD
padobrana	O
za	O
svoje	O
bujno	O
poprsje	O
?	O

zove	O
me	O
u	O
bioskop	O
,	O
a	O
ja	O
joj	O
kazem	NORM_1WORD
tamo	O
moz'	NORM_1WORD
samo	O
da	O
se	O
vatamo	NORM_1WORD
,	O
dodji	NORM_1WORD
do	O
mene	O
da	O
gledamo	O
film	O
i	O
pasce	NORM_1WORD
ses	NORM_1WORD
.	O

@1zverko	O
odgledao	O
sam	O
upravo	O
sve	O
što	O
je	O
nakačio	O
.	O

ovo	O
jeste	O
posebna	O
prilika	O
.	O

šteta	O
što	O
sam	O
lenje	O
govno	O
.	O

molim	O
ljude	O
koji	O
ne	O
gledaju	O
#vb	O
da	O
nađu	O
drugi	O
hashtag	O
putem	O
kog	O
će	O
se	O
promovisati	O
.	O

@dusanninkovic	O
ne	O
znači	O
da	O
se	O
sad	O
mi	O
volimo	O
sa	O
istokom	O
njihovim	O
i	O
da	O
neće	O
biti	O
gađanja	O
bakljama	O
.	O

i	O
bi	O
veliko	O
nishta	NORM_1WORD
.	O

@cvikachy	O
retko	O
se	O
setam	NORM_1WORD
bijeljinom	O
jer	O
tamo	O
zapravo	O
i	O
nema	O
gde	O
da	O
se	O
seta	NORM_1WORD
.	O

jutros	O
me	O
je	O
neko	O
zvao	O
oko	O
10	O
,	O
a	O
ja	O
sam	O
mislila	O
da	O
nas	O
opet	O
bombarduju	O
.	O

kad	O
neko	O
šeruje	O
i	O
lajkuje	O
to	O
što	O
je	O
šeroveo	NORM_1WORD
onda	O
je	O
mentol	O
.	O

al	O
bih	O
se	O
ispalila	O
,	O
bruka	O
.	O

to	O
je	O
verovatno	O
istina	O
.	O

molim	O
prestanite	O
da	O
hejtujete	O
starlete	O
,	O
evo	O
pola	O
fb	O
kao	O
nekad	O
smokvin	O
list	O
,	O
sve	O
same	O
noge	O
,	O
sise	O
i	O
gola	O
dupeta	O
.	O

a	O
i	O
ako	O
te	O
neko	O
drugi	O
ošiša	O
,	O
necu	NORM_1WORD
pričati	O
s	O
tobom	O
!	O

zasto	NORM_1WORD
je	O
mene	O
domaca	NORM_1WORD
jagoda	O
ovoliko	O
silovala	O
u	O
interakcijama	O
ako	O
nece	NORM_1WORD
da	O
me	O
zaprati	O
i	O
kako	O
je	O
nasla	NORM_1WORD
moje	O
tvitove	O
koji	O
nisu	O
ritvitovani	O
?	O

ne	O
znam	O
...	O
srećnija	O
sam	O
nego	O
kada	O
sam	O
bila	O
u	O
osnovnoj	O
školi	O
.	O

gde	O
su	O
ona	O
vremena	O
kad	O
si	O
imao	O
telefon	O
samo	O
za	O
poruke	O
i	O
javljanja	O
?	O

-	O
jao	O
boćanje	O
,	O
obožavam	O
boćanje	O
.	O

#kosovo	O
#sramota	O

sad	O
ne	O
mogu	O
da	O
spavam	O
,	O
a	O
sutra	O
necu	NORM_1WORD
moci	NORM_1WORD
da	O
ustanem	O
.	O

reci	O
nešto	O
loše	O
o	O
gospodaru	O
prstenova	O
,	O
mankizima	O
,	O
nuteli	NORM_1WORD
ili	O
slenderovoj	O
,	O
i	O
doživeću	O
to	O
kao	O
blasfemiju	O
.	O

nadam	O
se	O
da	O
će	O
preneti	O
još	O
neko	O
znanje	O
o	O
ekonomskoj	O
politici	O
koju	O
vodi	O
.	O

đevojka	NORM_1WORD
je	O
svoje	O
uši	O
klela	O
,	O
svoje	O
uši	O
da	O
bi	O
ne	O
slušale	O
đe	NORM_1WORD
cimerka	O
njena	O
koja	O
četvrta	O
je	O
godina	O
ne	O
zna	O
da	O
napiše	O
mejl	O
profesorki	O
svojoj	O
.	O

prokleti	O
kosmari	NORM_1WORD
...	O

zabeležen	O
je	O
jako	O
skroman	O
odziv	O
.	O

http://t.co/ndv1nqqobv	O
via	O
@sharethis	O

od	O
danas	O
ne	O
dozvoljavam	O
da	O
mi	O
iko	O
kaze	NORM_1WORD
da	O
sam	O
ja	O
narcis	O
!	O

mi	O
smo	O
samo	O
hteli	O
malo	O
da	O
se	O
pravimo	O
važni	O
.	O

jel	NORM_1WORD
si	O
ti	O
to	O
neko	O
mesto	O
zasluzila	NORM_1WORD
samim	O
rodjenjem	NORM_1WORD
u	O
kraljevu	O
?	O

_________	O
ok	O
prihvatila	O
sam	O
i	O
pobedila	O
sorue	NORM_1WORD
ok	O

@7i15ujutro	O
druga	O
škola	O
mišljenja	O
kaže	O
da	O
ju	O
je	O
renci	O
namerno	O
prerano	O
kandidovao	O
da	O
ne	O
prodje	NORM_1WORD
i	O
da	O
mu	O
ne	O
pomuti	O
slavu	O
.	O

bivsa	NORM_1WORD
ljubav	O
je	O
to	O
nekim	O
cudom	NORM_1WORD
uspela	O
.	O

tadzikistanoljub	NORM_1WORD
?	O

pose	NORM_1WORD
mesec	O
dana	O
:	O
-	O
de	NORM_1WORD
ste	O
burazeri	O
moi	NORM_1WORD
,	O
sa	NORM_1WORD
ima	O

zamišljam	O
sredovečne	O
ljude	O
obučene	O
u	O
pionrske	NORM_1WORD
uniforme	O
kako	O
igraju	O
ledenog	O
čike	O
i	O
gađaju	O
se	O
obveznicama	O
pio	O
fonda	O
.	O

ja	O
to	O
na	O
srpski	O
način	O
.	O

da	O
nemam	O
toliko	O
malja	O
na	O
sebi	O
,	O
iztetovirao	NORM_1WORD
bih	O
nešto	O
dosad	O
garant	O
.	O

@popunjen_profil	O

tipa	O
odpušač	NORM_1WORD
za	O
wc	O
šolju	O
.	O

sad	O
da	O
odem	O
da	O
kupim	O
onaj	O
veliki	O
gusti	O
vocni	NORM_1WORD
jogurt	O
,	O
obucem	NORM_1WORD
omiljeni	O
dzemper	NORM_1WORD
,	O
uvijem	O
se	O
u	O
cebe	NORM_1WORD
,	O
stavim	O
slusalice	NORM_1WORD
i	O
slusam	NORM_1WORD
justinove	O
pesme	O
.	O

iz	O
dana	O
u	O
dan	O
sve	O
vise	NORM_1WORD
licim	NORM_1WORD
na	O
james	NORM_1WORD
gandolfini-a	NORM_1WORD
.	O

od	O
kako	O
je	O
lana	O
dl	NORM_1WORD
rej	O
uvela	O
u	O
modu	O
da	O
budeš	O
sjeban	O
do	O
bola	O
i	O
nazad	O
ne	O
može	O
se	O
živeti	O
više	O
od	O
suicidno	O
depresivnih	O
raspilavljenih	O
pojava	O
.	O

šta	O
će	O
nezavisne	O
(	O
ako	O
su	O
?!	O
)	O
države	O
..	O

evo	O
rešenja	O
:	O
https://t.co/zsykk698cg	O
...	O

@good_neighbor	O
ne	O
mora	O
da	O
se	O
vrati	O
u	O
blokove	O
.	O

xd	O

srbija	O
je	O
glupa	O
.	O

sve	O
ok	O

pre	O
neko	O
vece	NORM_1WORD
nisam	O
mogla	O
da	O
otvorim	O
teglu	O
.	O

-	O
kako	O
?!	O

obicno	NORM_1WORD
se	O
kaze	NORM_1WORD
:	O
slavimo	O
sv	NORM_1WORD
nikolu	O
,	O
djurdjic	NORM_1WORD
itd.	O

najvise	NORM_1WORD
volim	O
kada	O
odem	O
u	O
neku	O
prodavnicu	O
i	O
nadjem	NORM_1WORD
neku	O
meku	O
stvar	O
pa	O
se	O
oko	O
nje	O
vrtim	O
samo	O
da	O
bih	O
je	O
pipala	O
.	O

moja	O
baba	O
novka	O
je	O
zanimljivija	O
od	O
nekih	O
uticajnih	O
tviterasa	NORM_1WORD
u	O
trenutku	O
kad	O
jebe	O
majku	O
kravi	O
ruzi	NORM_1WORD
sto	NORM_1WORD
joj	O
je	O
nogom	O
oborila	O
kofu	O
s	O
mlekom	O
.	O

ne	O
mogu	O
da	O
se	O
setim	O
kada	O
sam	O
bila	O
počela	O
da	O
igram	O
klovna	O
i	O
kada	O
je	O
do	O
toga	O
došlo	O
,	O
ali	O
zahtevam	O
da	O
mi	O
se	O
plati	O
.	O

nema	O
šanse	O
da	O
ti	O
padne	O
na	O
pamet	O
ni	O
da	O
samo	O
otvoriš	O
frižider	O
.	O

@dragana_v	O
da	O
,	O
ovo	O
je	O
baš	O
jedno	O
za	O
drugim	O
,	O
ali	O
treba	O
videti	O
sve	O
opcije	O
.	O

hej	O
,	O
gde	O
vam	O
je	O
osećaj	O
za	O
mastu	NORM_1WORD
....	O

horoskop	O
mi	O
nesto	NORM_1WORD
nije	O
dobar	O
...	O

kolegu	O
juri	O
neka	O
matorka	O
evo	O
je	O
dosla	NORM_1WORD
na	O
odelenje	NORM_1WORD
a	O
mi	O
se	O
ponasamo	NORM_1WORD
kao	O
da	O
nikada	O
nismo	O
culi	NORM_1WORD
za	O
njega	O
.	O

jedna	O
od	O
većih	O
misterija	O
univerzuma	O
kako	O
je	O
neko	O
tol'ko	NORM_1WORD
mentalno	O
zaostao	O
uopšte	O
u	O
mogućnosti	O
da	O
se	O
fakultetski	O
obrazuje	O
?	O

te	O
nekoliko	O
kola	O
dvesta	O
na	O
sat	O
za	NORM_1WORD
da	O
te	O
odnesu	O
sa	O
puta	O
,	O
te	O
glava	O
boli	O
onako	O
jebacki	NORM_1WORD
da	O
ne	O
znas	NORM_1WORD
ni	O
kako	O
se	O
zoves	NORM_1WORD
...	O

mislim	O
da	O
neke	O
osobe	O
koje	O
me	O
navodno	O
vole	O
namerno	O
ne	O
pročitaju	O
moju	O
poruku	O
,	O
da	O
bih	O
se	O
ja	O
nervirala	O
ili	O
šta	O
već	O
..	O

vučić	O
je	O
čovek	O
sa	O
novom	O
idejom	O
,	O
a	O
ja	O
sam	O
leteći	O
četvorooki	O
jednorog	O
koji	O
sere	O
dugu	O
i	O
leptire	O
i	O
ljubav	O
i	O
sreću	O
.	O

gospođo	O
iskuliraj	O
malo	O
na	O
pešačkom	O
ti	O
ne	O
moraš	O
da	O
ga	O
vraćaš	O
u	O
nižu	O
pa	O
da	O
stisneš	O
kvačilo	O
i	O
kočnicu	O
.	O

o	O
značaju	O
#worldcup	O
u	O
porodici	O
kuprešanin	O
govori	O
činjenica	O
da	O
je	O
čak	O
i	O
moj	O
ćale	O
odigrao	O
tiket	O
...	O

bilo	O
bi	O
zanimljivo	O
čuti	O
o	O
njihovim	O
dosadašnjim	O
rezultatima	O
u	O
vladi	O
srbije	O
i	O
onom	O
što	O
(	O
i	O
gde	O
)	O
rade	O
danas	O
.	O

kako	O
to	O
da	O
svi	O
političari	O
imaju	O
ideje	O
za	O
izlazak	O
iz	O
krize	O
i	O
dobrobit	O
svih	O
gradjana	NORM_1WORD
samo	O
pred	O
izbore	O
,	O
a	O
posle	O
ništa	O
.	O

mislim	O
da	O
politički	O
ostrašćeni	O
ljuid	NORM_1WORD
nisu	O
sposobni	O
da	O
apsorbuju	O
informacije	O
na	O
pravi	O
,	O
objektivan	O
način	O
čime	O
su	O
značajno	O
oštećeni	O
.	O

javice	NORM_1WORD
se	O
oni	O
koji	O
lice	NORM_1WORD
,	O
ali	O
ne	O
.	O

a	O
kada	O
ću	O
da	O
mu	O
platim	O
i	O
kako	O
,	O
to	O
nije	O
tvoja	O
stvar	O
.	O

da	O
li	O
zaista	O
moze	NORM_1WORD
ono	O
najneophodnije	O
da	O
stane	O
u	O
tako	O
malo	O
mesta	O
obzirom	O
da	O
te	O
putesestvije	NORM_1WORD
traju	O
nedeljama	O
?!	O

postali	O
smo	O
očajni	O
,	O
svako	O
svakome	O
zavidi	O
,	O
mrzimo	O
jedni	O
druge	O
,	O
sve	O
nas	O
nervira	O
,	O
a	O
u	O
pm	NORM_1WORD
gde	O
ide	O
ovaj	O
svet	O
...	O

tv	O
pretplara	NORM_1WORD
se	O
ukida	O
,	O
ali	O
nije	O
loše	O
sačekati	O
još	O
koji	O
mesec	O
da	O
se	O
država	O
nakrade	O
para	O
od	O
redovnih	O
platiša	O
...	O

kad	O
rukovodiš	O
nekom	O
ustanovom	O
,	O
imaš	O
obavezu	O
da	O
misliš	O
i	O
na	O
one	O
ljude	O
koji	O
nikad	O
nisu	O
razmišljali	O
o	O
drugima	O
...	O
već	O
samo	O
o	O
sebi	O
...	O

vi	O
ste	O
zaboravili	O
ko	O
su	O
moje	O
sestre	O

blic	O
sam	O
prozreo	O
još	O
od	O
linča	O
nad	O
'	O
silikonskim	O
monstrumima	O
'	O
i	O
savetnicama	O
u	O
msp	NORM_1WORD
,	O
nije	O
trebalo	O
čekati	O
napad	O
na	O
pripadnika	O
'	O
kulturne	O
elite	O
'	O
.	O

da	O
,	O
sad	O
je	O
i	O
meni	O
sve	O
jasno	O
.	O

ako	O
je	O
po	O
ajnštajnu	O
sve	O
relativno	O
,	O
onda	O
ćemo	O
u	O
oktobru	O
živeti	O
sat	O
duže	O
(	O
naspram	O
sutrašnjeg	O
dana	O
)	O
-	O
nikako	O
ne	O
kapiram	O
logiku	O
...	O

popizditis	O
.	O

ednom	NORM_1WORD
ću	O
pozvati	O
svo	NORM_1WORD
društvo	O
u	O
bege	NORM_1WORD
pa	O
da	O
se	O
zezamo	O
,	O
zato	O
što	O
mi	O
je	O
to	O
cilj	O
od	O
(	O
vremena	O
pa	O
do	O
sad	O
)	O
kacam	NORM_1WORD
prvi	O
put	O
ošla	NORM_1WORD
tamo	O
.	O

razlika	O
momkovanja	O
i	O
braka	O
je	O
što	O
kod	O
prvog	O
posle	O
pjanstva	O
krkaš	O
picu	O
na	O
trgu	O
a	O
u	O
braku	O
te	O
sačeka	O
naseckana	O
slaninica	O
sa	O
kajmakom	O
i	O
ajvarom	O
.	O

vucucu	NORM_1WORD
,	O
aj	NORM_1WORD
sto	NORM_1WORD
hoces	NORM_1WORD
beograd	O
na	O
vodi	O
,	O
al	NORM_1WORD
zajebi	O
nas	O
ove	O
kise	NORM_1WORD
...	O

kako	O
vas	O
bre	O
nije	O
sramota	O
bre	O
?	O

@damajche	O
"	O
pička	O
,	O
to	O
je	O
ženski	O
polni	O
organ	O
.	O

kad	O
kera	NORM_1WORD
krene	O
u	O
vodu	O
ovi	O
oko	O
njega	O
brže	O
skoče	O
na	O
drugu	NORM_1WORD
keru	NORM_1WORD
na	O
suvom	O
.	O

@exrazgibavanje	O
da	O
znaš	O
da	O
si	O
mi	O
skoro	O
pao	O
na	O
pamet	O
u	O
vezi	O
#bulevarb92	O
,	O
pogotovu	O
što	O
im	O
je	O
mnogo	O
pao	O
rejting	O
.	O

zašto	O
sam	O
osuđena	O
na	O
to	O
da	O
imam	O
sestru	O
koja	O
neće	O
da	O
gleda	O
horor	O
film	O
sa	O
mnom	O
čak	O
i	O
ako	O
sam	O
bolesna	O
?	O

ajao	O
,	O
otkazuj	O
sve	O
,	O
obuci	O
pidžamu	O
i	O
pusti	O
film	O
!	O

autonomasica	NORM_1WORD
u	O
meni	O
skace	NORM_1WORD
u	O
vatru	O
i	O
za	O
gusu	NORM_1WORD
uvek	O
kada	O
se	O
dinkic	NORM_1WORD
usudi	O
da	O
najavi	O
zakon	O
o	O
finansiranju	O
apv	O
.	O

niko	O
te	O
ne	O
voli	O
i	O
boli	O
te	O
srce	O
a	O
onda	O
počne	O
da	O
te	O
boli	O
kurac	O
što	O
te	O
ne	O
vole	O
.	O

mama	O
:	O
"	O
da	O
imam	O
psihoze	O
i	O
neuroze	O
.	O
"	O

#sranje	O

lako	O
je	O
biti	O
pošten	O
kad	O
nemaš	O
iskušenja	O
.	O

mi	O
,	O
čak	O
i	O
u	O
blizini	O
vas	O
,	O
smo	O
za	O
potencijalne	O
poslodavce	O
niža	O
rasa	O
.	O

koji	O
glavizam	O
.	O

marina	O
abramović	O
je	O
najveći	O
attention	O
whore	O
na	O
svetu	O
.	O

izigrava	O
riba	O
model	O
za	O
neki	O
katalog	O
haljina	O
na	O
fb	O
.	O

#tuzno	O

koji	O
blam	O
od	O
žene	O
-	O
posvađana	O
sa	O
stilom	O
,	O
gramatikom	O
,	O
mozgom	O
...	O

svakog	O
drugog	O
dana	O
na	O
nekom	O
pinku	O
gledam	O
poaroa	O
i	O
kao	O
obradujem	O
se	O
i	O
onda	O
se	O
odjednom	O
završi	O
i	O
kaže	O
"	O
kraj	O
prvog	O
dela	O
"	O

prvi	O
primer	O
može	NORM_1WORD
da	O
budu	O
šalteri	O
pošte	O
.	O

u	O
srbiji	O
je	O
sve	O
više	O
straha	O
.	O

danasnji	NORM_1WORD
dan	O
mi	O
je	O
bio	O
tipa	O
dan	O
brankice	O
iz	O
insajdera	O
...	O

imam	O
jednu	O
drugaricu	O
koja	O
ima	O
neki	O
ozbiljan	O
poremećaj	O
.	O

sta	NORM_1WORD
sve	O
na	O
ovom	O
pinku	O
mozes	NORM_1WORD
da	O
cujees	NORM_1WORD
!	O

sebe	O
ne	O
vidite	O
,	O
ne	O
??	O

hej	O
,	O
meni	O
je	O
stigla	O
@theevillesttwin	O
,	O
čuvajte	O
se	O
,	O
sinovi	O
anarhije	O
,	O
svi	O
će	NORM_1WORD
izginete	O
u	O
fangrlovanje	O
!	O

"	O
pa	O
to	O
kad	O
cujem	NORM_1WORD
odlepim	O
.	O

ruglo	O
i	O
bruka	O
.	O

ne	O
zelim	NORM_1WORD
da	O
odgledam	O
taj	O
cuveni	NORM_1WORD
video	NORM_1WORD
sa	O
nekakvom	O
starletom	O
orom	O
.	O

mastam	NORM_1WORD
da	O
gledam	O
sanju	O
mrinkovic	NORM_1WORD
kako	O
se	O
davi	O
u	O
govnima	O
i	O
moli	O
za	O
pomoc	NORM_1WORD
,	O
a	O
ja	O
dotrcavam	NORM_1WORD
sa	O
veslom	O
i	O
grunem	O
je	O
po	O
sred	O
lobanje	O
pregrdne	O
.	O

zivote	NORM_1WORD
kurvo	O
.	O

vrganj	O
ima	O
taj	O
specifičan	O
miris	O
.	O

nikad	O
od	O
mene	O
profi	O
.	O

sad	O
se	O
maže	O
mlekom	O
za	O
telo	O
po	O
bicepsima	O
.	O

od	O
alkohola	O
jetra	O
.	O

ponosna	O
na	O
svoj	O
grad	O
,	O
veliki	O
broj	O
gradjana	NORM_1WORD
se	O
odazvao	O
,	O
akcija	O
jos	O
uvijek	O
traje	O
,	O
s	O
obzirom	O
da	O
ljudi	O
nisu	O
obavijesteni	NORM_1WORD
,	O
akcija	O
je	O
uspjela	O
!	O

ajde	NORM_1WORD
budi	O
frajer	O
,	O
pa	O
smuvaj	O
bivsu	NORM_1WORD
koja	O
vec	NORM_1WORD
zna	O
da	O
si	O
kreten	O
.	O

oni	O
su	O
pokazali	O
ozbiljnu	O
sposobnost	O
.	O

vreme	O
je	O
da	O
se	O
mediji	O
lagano	O
vraćaju	O
redovnom	O
programu	O
-	O
ubiće	O
nas	O
sve	O
depresija	O
ako	O
se	O
ovako	O
nastavi	O
još	O
koji	O
dan	O
.	O

kakva	O
motivaciona	O
knjiga	O
!	O

a	O
vi	O
pisete	NORM_1WORD
o	O
prajdu	O

salterski	NORM_1WORD
sluzbenici	NORM_1WORD
mora	O
da	O
su	O
buduci	NORM_1WORD
krkobabici	NORM_1WORD
.	O

na	O
hrtu	NORM_1WORD
kosorka	O
i	O
neki	O
ministar	O
kukaju	O
kako	O
je	O
hrvatska	O
ugrozena	NORM_1WORD
dolaskom	O
seselja	NORM_1WORD
u	O
srbiju	O
.	O

zato	O
što	O
se	O
ložite	O
na	O
seljačine	O
sa	O
airmaxom	O
i	O
trenerkom	O
i	O
kajlom	O
i	O
nakljukan	NORM_1WORD
steroidima	O
zato	O
i	O
zaslužujete	O
sve	O
što	O
vam	O
se	O
dešava	O
.	O

nece	NORM_1WORD
da	O
moze	NORM_1WORD
.	O

zato	O
neki	O
nikako	O
da	O
prihvate	O
da	O
je	O
srbija	O
sve	O
više	O
cenjena	O
.	O

a	O
mene	O
u	O
poslednjih	O
5	O
6	O
meseci	O
ko	O
god	O
pita	O
kako	O
sam	O
ja	O
kazem	NORM_1WORD
lose	NORM_1WORD
.	O

sutra	O
moram	O
skoknuti	O
do	O
tavana	O
nadam	O
se	O
da	O
nece	NORM_1WORD
biti	O
klizavica	O
jer	O
da	O
bi	NORM_1WORD
dosla	NORM_1WORD
donde	O
moram	O
ici	NORM_1WORD
po	O
krovu	O
!	O

a	O
škuletić	O
dao	O
4	O
gola	O
u	O
jsl	NORM_1WORD
,	O
ne	O
znam	O
...	O

aman	O
,	O
dokle	O
više	O
:	O
"	O
premijera	O
ne	O
zanima	O
nebeska	O
srbija	O
.	O

bilo	O
je	O
kao	O
u	O
bg	O
.	O

meni	O
se	O
čini	O
,	O
po	O
vašim	O
izjavama	O
,	O
da	O
ste	O
krajnje	O
konfuzni	O
.	O

i	O
nikada	O
se	O
s	O
tim	O
nećemo	O
izboriti	O
makar	O
prodali	O
sve	O
što	O
imamo	O
.	O

moja	O
komšinica	O
ima	O
50	O
kila	O
više	O
od	O
mene	O
i	O
biciklo	NORM_1WORD
10	O
godina	O
starije	NORM_1WORD
od	O
mog	O
,	O
a	O
i	O
dalje	O
me	O
pretiče	O
.	O

jedinstvena	O
sansa	NORM_1WORD
da	O
zavrsim	NORM_1WORD
sa	O
poslom	O
sat	O
vremena	O
ranije	O
i	O
komp	O
se	O
pojebe	O
.	O

kada	O
sam	O
tužan	O
zamislim	O
jašara	O
kako	O
se	O
blamira	O
na	O
ulici	O
pitajući	O
prolaznike	O
plave	O
oču	NORM_1WORD
gde	O
su	O
.	O

simpatičnost	O
podrazumeva	O
šarm	O
,	O
lepota	O
ne	O
!	O

ja	O
bih	O
sada	O
pojedinim	O
idiotima	O
jeb'o	NORM_1WORD
mamu	O
,	O
jesam	O
ja	O
onda	O
jebač	O
?	O

mislim	O
da	O
su	O
stranke	O
u	O
srbiji	O
priznale	O
nezavisno	O
kosovo	O
!	O

ne	O
znam	O
zašto	O
sam	O
ovo	O
podelio	O
sa	O
vama	O
.	O

kaže	O
bilbord	O
"	O
znam	O
kome	O
verujem	O
"	O
ja	O
evo	O
ne	O
verujem	O
ni	O
rođenom	O
bratu	O
,	O
a	O
ponekad	O
ni	O
sebi	O
tako	O
da	O
ne	O
znam	O
o	O
čemu	O
pričate	O
.	O

laku	O
noc	NORM_1WORD
,	O
djeco	NORM_1WORD
.	O

da	O
ne	O
lupate	O
u	O
intervjuima	O
za	O
specijalizovane	O
portale	O
i	O
lokalne	O
medije	O
.	O

@stonexman	O
@vanjagator	O
ja	O
ne	O
razumem	O
vas	O
što	O
gledate	O
te	O
filmove	O
u	O
kojima	O
nema	O
terminatora	O
ili	O
transformersa	NORM_1WORD
,	O
al	NORM_1WORD
dobro	O
,	O
ima	O
svakakvih	O

srbija	O
u	O
nato	O
je	O
san	O
svih	O
srpskih	O
retardiranih	O
ameba	O
.	O

pošto	O
dači	NORM_1WORD
peva	O
miljacku	O
,	O
mislim	O
da	O
i	O
vučić	O
treba	O
da	O
ima	O
neku	O
svoju	O
...	O

kakva	O
je	O
utakmica	O
upravo	O
završena	O
,	O
šta	O
bi	O
bilo	O
propustiti	O
.	O

on	O
se	O
zbuni	O
a	O
vi	O
čitate	O
blic	O
?	O

ja	O
sam	O
bog	O
u	O
skladu	O
sa	O
tim	O
do	O
ng	O
se	O
necu	NORM_1WORD
javljati	O
a	O
onda	O
cu	NORM_1WORD
poslati	O
srecna	NORM_1WORD
nova	O
kisa	NORM_1WORD
sve	O
najlepse	NORM_1WORD
i	O
opet	O
se	O
necemo	NORM_1WORD
cuti	NORM_1WORD
jer	O
ja	O
tako	O
hocu	NORM_1WORD
!	O

pozdrav	O
za	O
#gsp	O

ko	O
zna	O
,	O
možda	O
zatreba	O
.	O

iako	O
nije	O
petak	O
#ff	O
za	O
vaterpolo	O
savez	O
srbije	O
@waterpoloserbia	O

jebeni	O
simpatički	O
nervni	O
sistem	O
.	O

sta	NORM_1WORD
ces	NORM_1WORD
,	O
ljudi	O
me	O
uopste	NORM_1WORD
ne	O
poznaju	O
.	O

kada	O
mi	O
neko	O
odg	NORM_1WORD
na	O
poruku	O
2	O
sata	O
kasnije	O
dodje	NORM_1WORD
mi	O
da	O
ga	O
oklagijom	O
pretučem	O
,	O
nožem	O
mu	O
iskopam	O
oči	O
i	O
njegove	O
organe	O
bacim	O
medvedima	O
.	O

oženi	O
me	O

kad	O
mi	O
ovako	O
izađe	O
jedna	O
jedina	O
bubuljica	O
u	O
pms-u	O
i	O
stavim	O
malo	O
pudera	O
preko	O
nje	O
,	O
imam	O
utisak	O
kao	O
da	O
sam	O
nahranila	O
godzilu	O
.	O

stvarno	O
me	O
malo	O
smara	O
to	O
sto	NORM_1WORD
jos	NORM_1WORD
ne	O
idem	O
na	O
fax	NORM_1WORD
,	O
sto	NORM_1WORD
nemam	O
sta	NORM_1WORD
da	O
ucim	NORM_1WORD
,	O
sto	NORM_1WORD
blejim	O
po	O
kaficima	NORM_1WORD
i	O
sto	NORM_1WORD
gledam	O
serije	O
hahahaha	O
ne	O
.	O

@milangrahovac	O
a	O
ti	O
to	O
mene	O
svrstavaš	O
u	O
"	O
žute	O
"	O
?	O

draftujte	O
,	O
ne	O
tvitujte	O
.	O

na	O
vest	O
kako	O
čeda	O
jovanović	O
preporučuje	O
svima	O
da	O
idu	O
na	O
himalaje	NORM_1WORD
staviš	O
komentar	O
"	O
šta	O
fali	O
,	O
baš	O
je	O
sladak	O
"	O
.	O

eh	O
da	O
je	O
samo	O
u	O
fudbalu	O
tako	O
...	O

svetsko	O
prvenstvo	O
je	O
najbolji	O
dokaz	O
titove	O
..	O
bez	O
jugoslavije	O
nashi	NORM_1WORD
narodi	O
bili	O
bi	O
niko	O
i	O
nishta	NORM_1WORD
.	O

vecna	NORM_1WORD
dilema	O
:	O
cita	NORM_1WORD
mi	O
se	O
a	O
u	O
isto	O
vreme	O
mi	O
se	O
mnogo	O
spava	O
.	O

bolje	O
te	O
pare	O
što	O
si	O
dobila	O
kao	O
poklon	O
potrošiš	O
na	O
nešto	O
pametnije	O
.	O

#roditeljstvo	O
#bebe	O

-	O
umrla	O
mi	O
svaka	O
želja	O
da	O
te	O
vidim	O
!	O

#aplauz	O

tuzni	NORM_1WORD
ljudi	O
bolje	O
razumeju	O
svet	O
,	O
dozivljavaju	NORM_1WORD
ga	O
na	O
dublji	O
nacin	NORM_1WORD
,	O
najbolje	O
se	O
mogu	O
povezati	O
sa	O
ljudima	O
ili	O
pak	O
,	O
ne	O
komunicirati	O
uopste	NORM_1WORD
.	O

hipsterski	O
ću	O
da	O
proglasim	O
početak	O
borbe	O
za	O
revalorizaciju	O
ćirilice	O
kao	O
lepog	O
i	O
ideološki	O
neoznačenog	O
pisma	O
.	O

sns	O
smenjuje	O
4	O
svoja	O
ministra	O
u	O
vladi	O
srbije	O
.	O

živote	O
podočnjaku	O
romane	O
panić	O
.	O

bilo	O
je	O
dana	O
kad	O
sam	O
bio	O
toliko	O
zagoreo	O
da	O
sam	O
se	O
drž'o	NORM_1WORD
za	O
dugme	O
i	O
govorio	O
"	O
maco	O
"	O
poštaru	O
kad	O
donosi	O
račun	O
za	O
struju	O
.	O

ja	O
sam	O
ti	O
samo	O
odgovorio	O
jer	O
di	NORM_1WORD
i	O
sam	O
postavio	O

nista	NORM_1WORD
posebno	O
...	O

starke	O
sam	O
obozavao	NORM_1WORD
da	O
nosim	O
,	O
ali	O
moj	O
malic	NORM_1WORD
ih	O
bas	NORM_1WORD
nije	O
gotivio	O
.	O

mole	O
se	O
gospoda	O
vučić	O
,	O
tadić	O
,	O
dačić	O
...	O
da	O
se	O
skinu	O
sa	O
mog	O
tv-a	O
da	O
nebi	NORM_1WORD
na	O
sledećem	O
mitingu	O
dobili	O
babinu	O
kariranu	O
papuču	O
u	O
glavu	O
.	O

a	O
rešenje	O
su	O
pronašli	O
u	O
podjebavanju	O
.	O

srbija	O
ne	O
moža	NORM_1WORD
da	O
napreduje	O
jer	O
stranke	O
su	O
u	O
stalnom	O
ratu	O
.	O

napravili	O
smo	O
veliki	O
uspeh	O
,	O
sad	O
u	O
porazu	O
nema	O
izgovora	O
.	O

@djurakrompic	O
@miss_kejsi	O

stvari	O
su	O
u	O
principu	O
jednostavne	O
,	O
a	O
on	O
jih	NORM_1WORD
komplicira	NORM_1WORD
.	O

nikolić	O
i	O
sin	O
izgradili	O
pet	O
metara	O
bedema	O
oko	O
svojih	O
vikendica	O
na	O
savi	O
.	O

prepričava	O
ogi	O
grupnu	O
tuču	O
u	O
vrtiću	O
.	O

ne	O
mogu	O
ja	O
više	O
ovu	O
školu	O
sa	O
profesorom	O
fizičkog	O
pedofilom	O
,	O
matematičarem	O
gejem	O
,	O
biologičarkom	O
debelim	O
moržom	NORM_1WORD
i	O
psihologičarkom	O
evom	O
ras	O
.	O

-	O
ma	O
jok	O
,	O
mislio	O
sam	O
da	O
započnemo	O
razgovor	O
o	O
suštini	O
života	O
.	O

koliko	O
god	O
da	O
se	O
borim	O
,	O
neke	O
osobe	O
mi	O
ne	O
izlaze	O
iz	O
glave	O
.	O

i	O
super	O
je	O
utrnulost	O
.	O

ceo	O
dan	O
sam	O
se	O
smucala	O
po	O
kafanama	O
i	O
zapostavila	O
svoj	O
virtuelni	O
zivot	NORM_1WORD
.	O

kad	O
se	O
svake	O
godine	O
zadužujemo	O
?	O

što	O
znaju	O
kokice	O
da	O
ti	O
naprave	O
tročasovni	O
pos'o	NORM_1WORD
u	O
vidu	O
vađenja	O
ljuspica	O
iz	O
zuba	O
,	O
to	O
niko	O
ne	O
može	O
!	O

nadjem	NORM_1WORD
se	O
ja	O
u	O
6	O
ujutru	O
na	O
bazenu	O
,	O
ukradem	O
sladolede	O
iz	O
otkljucanog	NORM_1WORD
frizidera	NORM_1WORD
i	O
na	O
putu	O
sretnem	O
random	O
lika	O
.	O

i	O
vojska	O
i	O
vučić	O
i	O
lokalni	O
trgovci	O
i	O
sl.	O
0$	O

aman	O
,	O
ja	O
prvo	O
da	O
nadjem	NORM_1WORD
dok	O
jednog	O
pa	O
da	O
ga	O
varam	O
,	O
kurac	O
mu	O
jebem	O
.	O

ovi	O
manijaci	O
što	O
imaju	O
lažne	O
profile	O
napucanih	O
riba	O
pa	O
tvituju	O
perverzije	O
,	O
a	O
masa	O
paćenika	O
se	O
loži	O
...	O

-	O
kako	O
si	O
toliko	O
lep	O
zaboga	O
?	O

@ivanhoe011	O
i	O
ja	O
sam	O
se	O
bio	O
iznenadio	O
pre	O
nekog	O
vremena	O
kada	O
sam	O
video	O
da	O
prvi	O
opstinski	NORM_1WORD
sud	O
ima	O
yahoo	O
adresu	O
kao	O
kontakt	O
.	O

ona	O
je	O
uvek	O
bolno	O
iskrena	O
.	O

čekaj	O
,	O
ako	O
nisi	O
,	O
kaži	O
"	O
nisam	O
"	O
.	O

međutim	O
,	O
bio	O
je	O
i	O
zgodan	O
i	O
pametan	O
.	O

uostalom	O
,	O
biti	O
vernik	O
.	O
je	O
stvar	O
osecaja	NORM_1WORD
i	O
shvatanja	O
,	O
ne	O
osudjujem	NORM_1WORD
one	O
koji	O
ne	O
veruju	O

priznajem	O
-	O
lep	O
si	O
,	O
pametan	O
,	O
mlad	O
.	O

docim	NORM_1WORD
,	O
sve	O
je	O
vise	NORM_1WORD
onih	O
koji	O
tacno	NORM_1WORD
znaju	O
kako	O
novinari	O
treba	O
da	O
rade	O
.	O

ali	O
javne	O
skupove	O
je	O
potrebno	O
obezbediti	O
,	O
ma	O
koliko	O
koštalo	O
.	O

kad	O
sam	O
bila	O
mala	O
mama	O
ostavila	O
pored	O
kontejnera	O
moje	O
omiljene	O
baletanke	O
jer	O
su	O
mi	O
omalele	O
...	O

potvrdu	O
da	O
imam	O
firmu	O
nosim	O
u	O
banku	O
u	O
kojoj	O
je	O
firmin	O
racun	NORM_1WORD
i	O
vide	O
da	O
imam	O
firmu	O
.	O

-	O
venčanje	O
prepodobno	O
-	O
zaljubljenih	O
noleta	O
i	O
jelene	O
!	O

imam	O
u	O
beogradu	O
sutra	O
6	O
h	O
slobodnog	O
vremena	O
,	O
dogovorila	O
sam	O
se	O
da	O
se	O
vidim	O
sa	O
njih	O
7	O
,	O
nešto	O
neće	O
na	O
dobro	O
da	O
izađe	O
.	O

opet	O
je	O
neprvda	NORM_1WORD
reakno	NORM_1WORD
je	O
filipovic	NORM_1WORD
trebao	O
da	O
bude	O
mvp	O
al	NORM_1WORD
te	O
fore	O
se	O
zadovolje	O
ovi	O
oni	O
...	O
ko	NORM_1WORD
u	O
fudbalu	O
!	O

sad	O
,	O
u	O
trećoj	O
godini	O
sam	O
skontala	O
da	O
su	O
ovi	O
što	O
sam	O
mislila	O
da	O
su	O
kurve	O
ustvari	NORM_1WORD
mice	O
,	O
a	O
kobajagi	O
mice	O
ustvari	NORM_1WORD
kurve	O
.	O

predvidjam	NORM_1WORD
da	O
će	O
mi	O
pluća	O
iskociti	NORM_1WORD
,	O
mrko	O
me	O
pogledati	O
i	O
otpuzati	O
cvileci	NORM_1WORD
,	O
proklinjuci	NORM_1WORD
svoju	O
tužnu	O
sudbu	O
.	O

i	O
ja	O
mogu	O
da	O
se	O
skinem	O
gola	O
i	O
da	O
mi	O
urade	O
glas	O
i	O
ja	O
sam	O
pevacica	NORM_1WORD

uvaženi	O
kolega	O
vujačić	O
je	O
danas	O
gost	O
kod	O
đuke	O
na	O
kcn	NORM_1WORD
,	O
a	O
juče	O
je	O
bio	O
gost	O
na	O
skromnoj	O
proslavi	O
šestog	O
rođendana	O
...	O

obmanut	O
sam	O
,	O
kome	O
da	O
se	O
žalim	O
?	O

biseri	O
pred	O
svinje	O
!	O

koleginica	O
kuka	O
kako	O
bi	O
na	O
more	O
,	O
a	O
ja	O
kukam	O
kako	O
nema	O
svežeg	O
toalet	O
papira	O
jer	O
me	O
ova	O
priča	O
tera	O
na	O
korišćenje	O
istog	O
.	O

ili	O
možda	O
govori	O
o	O
sebi	O
?	O

ministarka	O
buducnosti	NORM_1WORD
...	O

jel	NORM_1WORD
i	O
vi	O
mislite	O
da	O
oni	O
misle	O
da	O
nisam	O
tu	O
?	O

shvatam	O
ja	O
i	O
da	O
su	O
rasni	O
,	O
i	O
da	O
košta	O
i	O
poreklo	O
i	O
briga	O
i	O
nega	O
,	O
ali	O
ne	O
mogu	O
da	O
kupujem	O
životinju	O
.	O

to	O
je	O
kao	O
kad	O
ljubisa	NORM_1WORD
buha	O
kritikuje	O
zemunski	O
klan	O
!	O

ja	O
kreten	O
,	O
kao	O
i	O
uvek	O
,	O
zaletim	O
se	O
od	O
kraja	O
ulice	O
.	O

to	O
je	O
domaćinsko	O
ponašanje	O
!	O

licnost	NORM_1WORD
dana	O
milomir	O
jeremic	NORM_1WORD
,	O
nismo	O
u	O
srodstvu	O
:)	O

kakav	O
obrt	O

nisam	O
skontao	O
u	O
kakvim	O
ste	O
sranjima	O
a	O
iskreno	O
mrzi	O
me	O
da	O
vraćam	O
lajnu	O
u	O
rikverc	O
,	O
udariću	O
u	O
nešto	O
.	O

nisam	O
uticajna	O
jer	O
nemam	O
sliku	O
na	O
avataru	O
gde	O
su	O
mi	O
ispale	O
sise	O
.	O

a	O
italijani	O
nikako	O
da	O
skapiraju	O
da	O
ne	O
razumem	O
italijanski	O
i	O
da	O
ga	O
ne	O
razumem	O
cak	NORM_1WORD
iako	O
mi	O
sporo	O
kazu	NORM_1WORD
celu	O
recenicu	NORM_1WORD
30	O
puta	O

setim	O
se	O
svih	O
puta	O
kad	O
sam	O
nešto	O
baljezgao	O
i	O
dođe	O
mi	O
da	O
priljubim	O
facu	O
uz	O
vrelu	O
ringlu	O
a	O
onda	O
smrskam	O
glavu	O
koturom	O
bodljikave	O
žice	O
.	O

morala	O
sam	O
to	O
da	O
kažem	O
,	O
i	O
sad	O
i'm	O
gonna	NORM_2WORD
leave	O
you	O
.	O

kad	O
sam	O
bila	O
klinka	O
bio	O
si	O
ozbiljna	O
faca	O
ako	O
ti	O
ćale	O
ode	O
u	O
minhen	O
na	O
službeni	O
put	O
,	O
pa	O
ti	O
donese	O
mirišljave	O
gumice	O
.	O

nisam	O
ni	O
do	O
sad	O
glasala	O
za	O
ove	O
,	O
kao	O
što	O
ni	O
od	O
sad	O
neću	O
.	O

uf	O
bar	O
jedna	O
lepa	O
vest	O
posle	O
one	O
tragedije	O
o	O
prodaji	O
granda	O
.	O

kao	O
da	O
gajim	O
azdaju	NORM_1WORD
wtf	O
....	O

btw	O
ovo	O
mi	O
je	O
prvi	O
tvit	O
sa	O
lap-topa	NORM_1WORD
.	O

ponudim	O
nekoga	O
čokoladom	O
i	O
kad'	NORM_1WORD
mi	O
kaže	O
,,	O
prvo	O
ti	O
pojedi	O
,	O
pa	O
mi	O
ostavi	O
''	O
.	O

#prvasmena	O

nezavisni	O
consultant	O
svih	O
politicara	NORM_1WORD
od	O
r.	O
bogdanovica	NORM_1WORD
do	O
danasnjih	NORM_1WORD
dana	O
.	O

zasto	NORM_1WORD
vujanovic	NORM_1WORD
ne	O
ode	O
u	O
pec	NORM_1WORD
da	O
vidi	O
koliko	O
je	O
crnogoraca	O
tamo	O
?	O

ne	O
skreci	NORM_1WORD
nigde	O
,	O
sve	O
je	O
kako	O
treba	O
:))	O

jbg	NORM_1WORD
,	O
nemamo	O
prilog	O
.	O

nosim	O
starke	O
i	O
martinke	O
,	O
slušam	O
pravu	O
muziku	O
,	O
sviram	O
gitaru	O
,	O
volim	O
da	O
čitam	O
,	O
znam	O
da	O
pevam	O
,	O
imam	O
dugu	O
kosu	O
.	O

ima	O
devojaka	O
kojima	O
menstruacija	O
duže	O
traje	O
nego	O
'	O
mala	O
nevesta	O
'	O
,	O
a	O
meni	O
srećnici	O
samo	O
3	O
dana	O
,	O
keke	O
.	O

lepo	O
je	O
doci	NORM_1WORD
u	O
cistu	NORM_1WORD
sobu	O
posle	O
deset	O
dana	O
provedenih	O
u	O
krevetu	O
bez	O
posteljine	O
i	O
sobi	O
koja	O
smrdi	O
na	O
povracku	NORM_1WORD
.	O

a	O
kad	O
dopunjuješ	O
prethodno	O
isključi	O
ove	O
opcije	O
,	O
nadam	O
se	O
da	O
si	O
uspela	O
!	O

kako	O
se	O
naši	O
vladari	O
jebu	O
za	O
publicitet	O
danas	O
,	O
znam	O
da	O
je	O
stigao	O
februar	O
ali	O
niste	O
mačke	O
leptejebo	O
!!!	O

kontam	O
da	O
je	O
idilicna	NORM_1WORD
veza	O
moguca	NORM_1WORD
samo	O
sa	O
hodacicom	NORM_1WORD
na	O
rukama	O
,	O
jer	O
ko	O
bi	O
se	O
svadjao	NORM_1WORD
dok	O
gleda	O
u	O
dzenitals	NORM_1WORD
!	O

hapsenje	NORM_1WORD
je	O
za	O
pozdraviti	O
ali	O
ovaj	O
vasarski	NORM_1WORD
igrokaz	O
je	O
bizarna	O
predstava	O
.	O

oh	O
,	O
zasto	NORM_1WORD
su	O
ti	O
tako	O
hladne	O
noge	O
,	O
mladene	O
?	O

umesto	O
nedelje	O
muzeja	O
tu	O
je	O
tw	O
i	O
hashtagovi	O
#museumweek	O
#dayinthelife	O
#coulissesmw	O
-	O
kako	O
i	O
šta	O
sve	O
#muzejirade	O
i	O
tamo	O
negde	O
i	O
ovde	O
.	O

moja	O
drugarica	O
svima	O
odgovarala	O
e	O
,	O
cao	NORM_1WORD
cao	NORM_1WORD
.	O

btw	O
,	O
opet	O
odbrojavam	O
dane	O
bez	O
cigareta	O
.	O

*	O
reče	O
krme	O
zadovoljno	O
odlazeći	O
na	O
terasu	O
da	O
spali	O
jednu	O
.	O

ipak	O
u	O
krucijalnim	O
momentima	O
shvatam	O
da	O
sam	O
100	O
godina	O
ispred	O
svih	O
tih	O
nadobudnih	O
zrelih	O
ljudi	O
.	O

kaže	O
kupime	O
:	O
"	O
marinela	O
,	O
da	O
li	O
si	O
zaljubljive	O
prirode	O
?	O
"	O

@zena_kesa	O
draža	O
im	O
je	O
jelena	O
bačić	O
alimpić	O
za	O
čitanje	O
i	O
gledanje	O
farme	O
i	O
ostalih	O
kuraca	O
.	O

shvatio	O
i	O
on	O
sta	NORM_1WORD
je	O
napravio	O
od	O
danasnje	NORM_1WORD
dece	O
.	O

o	O
trenutnoj	O
moći	O
aleksandra	O
vučića	O
govori	O
činjenica	O
da	O
nigde	O
niste	O
mogli	O
da	O
čujete	O
/	O
pročitate	O
da	O
se	O
juce	NORM_1WORD
oženio	O
po	O
2.	O
put	O
.	O

na	O
isto	O
izadje	NORM_1WORD
-	O
bilo	O
da	O
pada	O
kisa	NORM_1WORD
ili	O
da	O
je	O
40	O
stepeni	O
u	O
hladu	O
,	O
bices	NORM_1WORD
mokar	O
kako	O
okrenes	NORM_1WORD
,	O
zapisace	NORM_1WORD
te	O
oni	O
usrani	O
klima	O
uredjaji	NORM_1WORD
.	O

eventualno	O
jedan	O
vikend	O
u	O
skoplju	NORM_1WORD
i	O
to	O
je	O
to	O
.	O

znači	O
eps	O
mi	O
uvaljuje	O
2	O
brojila	O
koja	O
ne	O
obračunavaju	O
jeftinu	O
struju	O
,	O
racun	NORM_1WORD
2	O
x	O
17	O
soma	O
a	O
sad	O
još	O
hoće	O
da	O
me	O
tuže	O
štp	NORM_1WORD
te	O
račune	O
nisam	O
platio	O
!	O

kako	O
to	O
?	O

zao	NORM_1WORD
mi	O
je	O
što	O
se	O
nekome	O
možda	O
neće	O
svideti	O
,	O
ali	O
sve	O
što	O
je	O
cenjeni	O
kolega	O
napisao	O
u	O
žurnalu	O
je	O
istina	O
od	O
reči	O
do	O
reči	O
vezano	O
za	O
pfc	O
.	O

ako	O
mi	O
jos	NORM_1WORD
jednom	O
kažeš	O
da	O
imam	O
kosu	O
kao	O
eurokrem	O
nabicu	NORM_1WORD
ti	O
kantu	O
od	O
eurokrema	O
u	O
dupe	O
idiotkinjo	O
jedna	O
.	O

u	O
samom	O
srcu	O
sen	O
žermena	O
na	O
nekoliko	O
metara	O
od	O
kafane	O
paleta	O
i	O
ulice	O
sena	O
nalazi	O
se	O
galerija	O
samanta	O
selem	O
.	O

ivan	O
golac	O
:	O
kraj	O
domaćeg	O
fudbala	O
http://t.co/0wapqzidvr	O

andjus	NORM_1WORD
je	O
moderan	O
covek	NORM_1WORD
,	O
prati	O
on	O
tw	O
.	O

u	O
toku	O
je	O
sastanak	O
amcham	O
upravnog	O
odbora	O
.	O

hoće	O
li	O
neka	O
da	O
se	O
uda	O
?	O

ljubav	O
je	O
tu	O
da	O
te	O
sačuva	O
od	O
najvećih	O
grešaka	O
u	O
životu	O
,	O
ne	O
da	O
ih	O
zbog	O
nje	O
praviš	O
.	O

.	O
od	O
tita	O
tako	O
.	O

vujošević	O
davi	O
svog	O
igrača	O
,	O
gurović	O
gura	O
protivničkog	O
igrača	O
,	O
šofer	O
političara	O
sa	O
vlasti	O
uleće	O
na	O
teren	O
i	O
unosi	O
se	O
igraču	O
u	O
lice	O
...	O

blogovi	O
i	O
recimo	O
@onlinedanas	O

ne	O
bi	O
me	O
cudilo	NORM_1WORD
da	O
sutra	O
uhapse	O
boga	O
,	O
grupu	O
gejeva	O
ili	O
koncitu	NORM_1WORD

važan	O
istorijski	O
datum	O
,	O
vrlo	O
.	O

aj	NORM_1WORD
sad	O
uđi	O
u	O
more	O
i	O
udavi	O
se	O
.	O

i	O
mislim	O
da	O
nije	O
suština	O
u	O
tome	O
,	O
već	O
kako	O
ko	O
brine	O
o	O
svom	O
detetu	O
@jovjelena	O

tek	O
se	O
oni	O
ponasaju	NORM_1WORD
kao	O
da	O
su	O
uhvatili	O
boga	O
za	O
muda	O
da	O
prostis	NORM_1WORD
.	O

tako	O
će	O
"	O
silovati	O
"	O
i	O
nas	O
koji	O
nismo	O
rusofili	O
.	O

a	O
necu	NORM_1WORD
ni	O
reci	NORM_1WORD
sta	NORM_1WORD
je	O
ms	O
jer	O
prvo	O
moram	O
postati	O
slavan	O
,	O
pa	O
onda	O
smisliti	O
koju	O
glupost	O
da	O
ucinim	NORM_1WORD
pred	O
kamerom	O
.	O

odo	NORM_1WORD
ja	O
na	O
momacko	NORM_1WORD
vece	NORM_1WORD
.	O

novi	O
vlade	O
.	O

mama	O
-	O
osoba	O
koja	O
te	O
dok	O
si	O
momak	O
stalno	O
podseća	O
na	O
rođendan	O
tvoje	O
devojke	O
.	O

pita	O
jedna	O
pčela	O
drugu	O
naduvanu	O
pčelu	O
:	O
gde	O
je	O
trut	O
?	O

svi	O
ovi	O
"	O
pametni	O
i	O
kulturni	O
i	O
fini	O
''	O
koji	O
pričaju	O
viceve	O
o	O
romima	O
na	O
tviteru	O
to	O
bi	O
sa	O
zadovoljstvom	O
uradili	O
na	O
tv-u	O
,	O

sve	O
te	O
slike	O
koje	O
pamtimo	O
,	O
a	O
nikada	O
ih	O
nismo	O
zabilježili	NORM_1WORD
fotoaparatom	O
...	O

veoma	O
sam	O
zadovoljna	O
napredkom	NORM_1WORD
njegovim	O
i	O
ne	O
dopuštam	O
da	O
neka	O
dobije	O
na	O
tacni	O
mojih	O
ruku	O
delo	O
.	O

jebem	O
vas	O
u	O
gramatiku	O
.	O

više	O
me	O
neće	O
videti	O
!	O

to	O
je	O
tabla	O
,	O
kladionica	O
,	O
zezanje	O
.	O

juce	NORM_1WORD
ja	O
kod	O
ortaka	O
lezim	NORM_1WORD
,	O
raspadam	O
se	O
,	O
njegov	O
preljepi	NORM_1WORD
drug	O
sa	O
faxa	NORM_1WORD
me	O
ceska	NORM_1WORD
po	O
ledjima	NORM_1WORD
,	O
upada	O
tasa	O
i	O
dere	O
se	O
emilija	O
imas	NORM_1WORD
decka	NORM_1WORD
,	O
bedak	O
bas	NORM_1WORD
.	O

pivo	O
od	O
đumbira	O
:	O
je	O
l'	NORM_1WORD
neko	O
pravio	O
,	O
mora	O
li	O
se	O
skrkati	O
tona	O
šećera	O
kao	O
što	O
nagoveštavaju	O
online	O
recepti	O
?	O

dobija	O
se	O
osoba	O
koja	O
kuca	O
od	O
vrata	O
do	O
vrata	O
bez	O
razloga	O
!	O

kako	O
bi	O
ti	O
to	O
radio	O
,	O
e	O
sad	O
...	O

to	O
je	O
"	O
neosećajno	O
"	O
od	O
kurira	O
,	O
čekali	O
su	O
4	O
meseca	O
da	O
pokrenu	O
pitanje	O
da	O
li	O
je	O
tim	O
fondom	O
neko	O
dete	O
moglo	O
biti	O
spašeno	O
.	O

vučić	O
:	O
svaki	O
čovek	O
koji	O
je	O
ostao	O
bez	O
kuće	O
,	O
dobiće	O
kuću	O
.	O

moji	O
roditelji	O
ne	O
podnose	O
to	O
što	O
igram	O
online	O
igricu	O
lol	O
,	O
misle	O
da	O
je	O
gubljenje	O
vremena	O
,	O
i	O
nekad	O
znaju	O
i	O
da	O
me	O
prekinu	O
dok	O
sam	O
u	O
partiji	O
...	O

imam	O
#utisak	O
da	O
su	O
real	O
i	O
barsa	O
mnogo	O
postenije	NORM_1WORD
podelili	O
javna	O
preduzeca	NORM_1WORD
.	O

igram	O
igrixu	NORM_1WORD
na	O
kompu	O
,	O
igram	O
igricu	O
na	O
mobu	O
,	O
pijem	O
pepsi	O
,	O
zderem	NORM_1WORD
i	O
slusam	NORM_1WORD
muziku	O
iz	O
gimnazije	O
.	O

ali	O
ima	O
zaleđinu	O
.	O

kad	O
me	O
android	O
izneveri	O
prebacim	O
karticu	O
u	O
dobru	O
staru	O
nokiju	O
.	O

pseudonarodnjačkom	O
populizmu	O
ne	O
može	O
da	O
parira	O
kvazielitističko	O
demagoško	O
foliranje	O
.	O

ja	O
ovu	O
udovički	O
vidim	O
jedino	O
u	O
ulozi	O
kuvarice	O
u	O
osnovnoj	O
školi	O
kako	O
stoji	O
u	O
ćirilično	O
f	O
pozi	O
ispred	O
kantine	O
i	O
jebe	O
deci	O
milu	O
majku	O
.	O

a	O
ona	O
će	O
meni	O
...	O
kalk	O
testleri	O
çalışma	O
gitmek	O
yok	O
.	O

sponzoruše	O
su	O
danas	O
u	O
velikom	O
problemu	O
.	O

zasto	NORM_1WORD
sam	O
ja	O
tek	O
sad	O
shvatila	O
da	O
ljudi	O
cesto	NORM_1WORD
menjaju	O
svoje	O
profilne	O
slike	O
,	O
ne	O
bi	O
li	O
samo	O
nakupili	O
jos	NORM_1WORD
koji	O
lajk	O
.	O

imam	O
dioptriju	O
.	O

@mirelaskywalker	O
bolje	O
ujutro	O
,	O
nego	O
noću	O
.	O

ne	O
znam	O
,	O
meni	O
najgore	O
kad	O
treba	O
sama	O
da	O
snesem	O
kutiju	O
sa	O
zlatnim	O
kajlama	O
i	O
đinđuvama	O
za	O
jelku	O
sa	O
tavana	O
,	O
jer	O
mi	O
je	O
batler	O
na	O
bolovanju	O
!	O

dok	O
su	O
bili	O
on	O
i	O
gagić	O
i	O
ajde	NORM_1WORD
nekako	O
...	O

bivši	O
poslodavac	O
(	O
privatnik	O
)	O
me	O
je	O
oterao	O
u	O
q	NORM_1WORD
bukvalno	O
kad	O
sam	O
dala	O
otkaz	O
.	O

u	O
pekari	O
kupuje	O
i	O
murija	O
i	O
radnici	O
centra	O
za	O
soc.	NORM_1WORD
rad	O
.	O

ivan	O
ivanović	O
jeste	O
doživeo	O
,	O
ne	O
jedno	O
nego	O
mnogo	O
silovanja	O
,	O
deceniju	O
ipo	NORM_1WORD
konstantno	O
i	O
to	O
od	O
starog	O
lisca	O
duleta	O
vujoševića	O
.	O

kad	O
na	O
tvitu	O
ne	O
dobijem	O
ni	O
jedan	O
fejv	O
,	O
kontam	O
da	O
isto	O
razmisljam	NORM_1WORD
kao	O
jos	NORM_1WORD
neko	O
(	O
dakle	O
kopiram	O
nekog	O
)	O
ili	O
je	O
tvit	O
zesce	NORM_1WORD
sranje	O
.	O

ali	O
"	O
genijalni	O
"	O
teletabisi	O
:	O
na	O
drkanje	O
o	O
hrvoju	O
i	O
janezu	O
oni	O
izleću	O
sa	O
ds	O
plaća	O
tvitove	O
i	O
blogove	O
.	O

ja	O
ne	O
znam	O
na	O
koji	O
nacin	NORM_1WORD
pokazati	O
ljudima	O
pravu	O
istinu	O
,	O
kad	O
oni	O
odbijaju	O
da	O
je	O
vide	O
.	O

ona	O
je	O
ono	O
sto	NORM_1WORD
kuca	O
u	O
mojim	O
grudima	O
,	O
tece	NORM_1WORD
mojim	O
venama	O
,	O
jutrom	O
me	O
budi	O
i	O
nocu	NORM_1WORD
uspavljuje	O
...	O

mi	O
,	O
građani	O
drugog	O
reda	O
u	O
centru	O
grada	O
,	O
smo	O
opet	O
izloženi	O
teroru	O
letnje	O
bašte	O
terasse	O
.	O

jbt	NORM_1WORD
koliko	O
treba	O
da	O
budes	NORM_1WORD
jadan	O
da	O
objasnis	NORM_1WORD
toliko	O
ociglednu	NORM_1WORD
recenicu	NORM_1WORD
koja	O
je	O
povredila	O
toliko	O
mnogo	O
ljudi	O
?	O

:)	O
savrsenstvo	NORM_1WORD
postoji	O
!!	O

ako	O
ne	O
napraviš	O
novi	O
svet	O
za	O
sebe	O
,	O
ostaneš	O
ko	NORM_1WORD
usamljen	O
cvet	O
kog	NORM_1WORD
niko	O
više	O
ne	O
zaliva	O
.	O

makar	O
bi	NORM_1WORD
lako	O
zapamtio	O
kad	O
nam	O
je	O
mesec	O
,	O
dva	O
,	O
tri	O
...	O
godisnjica	NORM_1WORD
.	O

5500.	O
tvit	O
posvećujem	O
@_coomi	O
jer	O
joj	O
ja	O
polažem	O
predmet	O
za	O
koji	O
nemam	O
uslov	O
ove	O
godine	O
pa	O
ću	O
ga	O
polagati	O
sledeće	O
.	O

želim	O
da	O
verujem	O
u	O
to	O
da	O
pogrešni	O
ljudi	O
i	O
pogrešne	O
veze	O
služe	O
da	O
nas	O
nauče	O
da	O
zaslužujemo	O
bolje	O
.	O

razmisli	O
o	O
svojim	O
razlozima	O
i	O
svojim	O
lažima	O
.	O

@purpleme23	O
kako	O
smo	O
prouzrokovali	O
drugi	O
svetski	O
rat	O
?	O

svako	O
veče	O
na	O
fb-u	O
par	O
novih	O
slika	O
iz	O
kafane	O
.	O

suština	O
mog	O
komentara	O
je	O
da	O
svako	O
radi	O
stvari	O
iz	O
lične	O
koristi	O
.	O

ali	O
sve	O
to	O
kad	O
bi	O
samo	O
citali	NORM_1WORD
tekst	O
i	O
verovali	O
apsolutno	O
.	O

@dariusdepadova	O
ne	O
omalovažavam	O
ljude	O
hrabrije	O
od	O
mene	O
da	O
bih	O
umirio	O
svoju	O
savest	O
.	O

koliko	O
god	O
da	O
se	O
informišemo	O
i	O
koliko	O
god	O
da	O
smo	O
saosećajni	O
,	O
oko	O
nas	O
živi	O
svet	O
u	O
egzistencijalnim	O
dramama	O
van	O
našeg	O
poimanja	O
.	O

@nezovemsetako	O
@arsenalserbia	O
ne	O
,	O
ne	O
,	O
ali	O
su	O
porudžbine	O
gotove	O
...	O

em	O
je	O
bolje	O
zezanje	O
nego	O
na	O
poslu	O
,	O
em	O
može	O
da	O
se	O
drema	O
u	O
zadnjoj	O
klupi	O
.	O

blago	O
ljudima	O
koji	O
ustanu	O
,	O
puste	O
anu	O
nikolić	O
,	O
udrobe	O
keks	O
u	O
mleko	O
,	O
vide	O
da	O
je	O
kiša	O
pa	O
šeruju	O
patetiku	O
na	O
fejsu	O
,	O
poveruju	O
člancima	O
u	O
novinama	O

dođe	O
li	O
do	O
ponovnog	O
spajanja	O
ta	O
grupacija	O
propada	O
definitivno	O
.	O

i	O
da	O
se	O
poljubimo	O
.	O

a	O
ti	O
,	O
koliko	O
god	O
mislio	O
da	O
je	O
poznaješ	O
,	O
toliko	O
je	O
ne	O
znaš	O
.	O

jao	O
,	O
pomirili	O
se	O
nata	O
i	O
vlada	O
i	O
sad	O
je	O
kao	O
svima	O
vracena	NORM_1WORD
vera	O
u	O
ljubav	O
!	O

sutra	O
pre	O
prijemnog	O
,	O
koliko0	NORM_1WORD
ja	O
vidim	O
morace	NORM_1WORD
da	O
mi	O
nadrazuju	NORM_1WORD
koru	O
velikog	O
mozga	O
da	O
bih	O
se	O
setila	O
svega	O
sto0	NORM_1WORD
sam	O
naucila	NORM_1WORD
ili	O
samo0	NORM_1WORD
procitala	NORM_1WORD
.	O

da	O
su	O
pre	O
70	O
g.	O
tako	O
razmišljali	O
,	O
sad	O
bismo	O
govorili	O
nemački	O
.	O

kaže	O
božo	O
dase	NORM_1WORD
nedeljom	O
odmara	O
fazon	O
sve	O
četri	NORM_1WORD
lokacija	O
vazduh	O
i	O
pantela	O
to	O
poštuje	O
zdušno	O
aj	NORM_1WORD
amino	NORM_1WORD
.	O

kakav	O
je	O
to	O
#čedin	O
fazon	O
da	O
vraća	O
#tadić	O
-	O
u	O
politiku	O
?	O

vulin	O
ti	O
se	O
smeje	O
-	O
"	O
još	O
samo	O
da	O
jovanović	O
pređe	O
cenzus	O
i	O
eto	O
ga	O
u	O
vladi	O
.	O
"	O

a	O
ja	O
...	O
ja	O
manično	O
ništa	O
ne	O
radim	O

eto	O

prosečan	O
domaći	O
privatnik	O
želi	O
da	O
napravi	O
milione	O
za	O
godinu	O
dana	O
i	O
ako	O
bi	O
moglo	O
uloženo	O
da	O
se	O
vrati	O
za	O
mesec	O
ili	O
dva	O
.	O

ptc	NORM_1WORD
je	O
toliko	O
odlepio	O
sa	O
onim	O
šatro	O
ispravnim	O
akcentom	O
da	O
im	O
voditelj	O
vesti	O
zvuči	O
kao	O
domaći	O
reper	O
.	O

vise	NORM_1WORD
nego	O
sramotno	O
je	O
da	O
nijedan	O
medij	O
u	O
srbiji	O
do	O
sada	O
nije	O
izvestio	O
o	O
stradanju	O
coveka	NORM_1WORD
zato	O
se	O
razlikovao	O
od	O
ostalih	O
u	O
km	O

a	O
posle	O
doris	O
sada	O
i	O
joseph	O
nygrin	O
u	O
people	O
you	O
may	O
know	O
,	O
dakle	O
što	O
sam	O
dodavala	O
tviteraše	O
na	O
fb	O
dodavala	O
sam	O
,	O
nema	O
više	O
.	O

volim	O
florens	O
,	O
voli	O
je	O
i	O
moja	O
mama	O
,	O
i	O
komsije	NORM_1WORD
i	O
kerovi	O
i	O
macke	NORM_1WORD
u	O
dvoristu	NORM_1WORD
.	O

ne	O
postoji	O
nista	NORM_1WORD
sto	NORM_1WORD
bi	O
me	O
vise	NORM_1WORD
utesilo	NORM_1WORD
od	O
tvog	O
zagrljaja	O
,	O
nista	NORM_1WORD
sto	NORM_1WORD
bi	O
me	O
vise	NORM_1WORD
smirilo	O
od	O
tvog	O
pogleda	O
i	O
oraspolozilo	NORM_1WORD
kao	O
tvoj	O
osmeh	O
.	O

od	O
kako	O
sam	O
kod	O
ankic	NORM_1WORD
video	O
ojkosowokosowo	O
meni	O
iz	O
glave	O
ne	O
izlazi	O
debeli	O
šešelj	O
kako	O
se	O
zabacio	O
u	O
sudnici	O
i	O
smeška	O
se	O
i	O
dobacuje	O
sudijama	O

e	O
kad	O
nadal	O
dobije	O
sina	O
ima	O
ja	O
da	O
organizujem	O
vatromet	O
u	O
somboru	O
,	O
neće	O
ovaj	O
fatalni	O
propust	O
proći	O
nekažnjeno	O
.	O

ups	O
njih	O
izgleda	O
ima	O
višak	O
...	O

papagaj	O
mi	O
pojeo	O
zavesu	O

naravno	O
,	O
treba	O
voditi	O
računa	O
.	O

koliko	O
vermuta	O
?	O

"	O
zdravko	O
colic	NORM_1WORD
je	O
urbana	O
legenda	O
"	O

jutro	O
kao	O
i	O
svako	O
jutro	O
u	O
gradu	O
-	O
smara	O
i	O
zuri	NORM_1WORD
negde	O
.	O

kad	O
sam	O
bio	O
mali	O
često	O
čujem	O
na	O
ulici	O
,,	O
dobar	O
,	O
sladak	O
pičić	O
,,	O

"	O
kako	O
možete	O
da	O
gledate	O
bebu	O
koja	O
plače	O
dok	O
joj	O
mama	O
peva	O
,	O
ta	O
žena	O
je	O
zlobna	O
"	O
,	O
reče	O
žena	O
koja	O
je	O
tukla	O
svoje	O
dete	O
sa	O
3	O
meseca	O
.	O

eksperiment	O
.	O

slepci	O
u	O
maksiju	O
u	O
jovanovoj	O
naplaćuju	O
kesu	O
2	O
dinara	O
,	O
a	O
slepci	O
u	O
tc	O
"	O
zira	O
"	O
naplaćuju	O
parkiranje	O
od	O
prvog	O
započetog	O
sata	O
.	O

ne	O
nosim	O
ništa	O
u	O
maloj	O
torbi	O
sem	O
maramica	O
,	O
uložaka	O
,	O
laka	O
za	O
nokte	O
,	O
acetona	O
,	O
novčanika	O
,	O
turpije	O
,	O
đilasovih	O
letaka	O
,	O
indexa	NORM_1WORD
,	O
sveske	O
,	O
naočara	O
...	O

uhvatite	O
trenutak	O
da	O
se	O
zagledate	O
u	O
svoje	O
roditelje	O
,	O
primetite	O
sede	O
i	O
bore	O
...	O

u	O
ova	O
krizna	O
vremena	O
muškaraca	O
je	O
sve	O
manje	O
.	O

biti	O
prvi	O
u	O
bilo	O
kom	O
poslu	O
na	O
jednoj	O
planeti	O
ovog	O
svemira	O
,	O
velika	O
je	O
stvar	O
.	O

#hrt	O
#wimbledon	O

nije	O
to	O
o	O
šamaru	O
.	O

pozdrav	O
iz	O
beograda	O
.	O

#vatromet	O
#jagodina	O
#tuga	O

neće	O
niko	O
gaziti	O
po	O
meni	O
i	O
iskorišćavati	O
me	O
.	O

nikad	O
neću	O
zaboraviti	O
dopisivanje	O
iz	O
oš	O
,	O
prvo	O
počne	O
cimanjem	O
,	O
hoces	NORM_1WORD
da	O
se	O
dop	NORM_1WORD
,	O
a	O
odakle	O
ti	O
broj	O
,	O
ko	O
si	O
ti	O
...	O

jedini	O
muškarac	O
kojem	O
sam	O
oprostila	O
kad	O
mi	O
je	O
rekao	O
"	O
woman	O
"	O
je	O
robert	O
plant	O
.	O

mi	O
nismo	O
zivotinje	NORM_1WORD
,	O
one	O
to	O
nikada	O
ne	O
bi	O
ucinile	NORM_1WORD
.	O

na	O
wimbledon	O
će	O
sutra	O
otići	O
predsednik	O
da	O
navija	O
za	O
đokovića	O
,	O
a	O
za	O
isto	O
to	O
su	O
optuživali	O
tadića	O
kako	O
se	O
voza	O
po	O
svetu	O
o	O
trošku	O
države	O
!	O

istraumirala	O
se	O
dok	O
joj	O
nisam	O
rekao	O
da	O
mi	O
je	O
haski	O
ženka	O
.	O

dobro	O
(	O
malo	O
pahuljasto	O
)	O
jutro	O
.	O

proklet	O
sam	O

prava	O
ljubav	O
se	O
ne	O
može	O
sakriti	O
,	O
a	O
muškarci	O
vole	O
dok	O
osvajaju	O
.	O

trenutak	O
kada	O
zavrsis	NORM_1WORD
sa	O
citanjem	NORM_1WORD
odlicne	NORM_1WORD
knjige	O
lici	NORM_1WORD
na	O
jutro	O
nakon	O
noci	NORM_1WORD
pune	O
razvrata	O
,	O
euforije	O
i	O
ignorisanih	O
zabrana	O
.	O

tada	O
sam	O
u	O
fazonu	O
'	O
nisam	O
jedina	O
poremecena	NORM_1WORD
'	O
.	O

-	O
nie	NORM_1WORD
nego	O
je	O
to	O
medicinski	O
fenomen	O
.	O

djuric	NORM_1WORD
i	O
kokeza	O
usaglasili	O
stavove	O
@fkpartizanbg	O
i	O
@crvenazvezdafk	O
->	O
nase	NORM_1WORD
bulje	O
nemaju	O
alternativu	O
!	O

jao	O
ima	O
i	O
kosu	O
ridju	NORM_1WORD
vidi	O
se	O
da	O
nema	O
dusu	NORM_1WORD
dabogda	O
je	O
proterala	O
ta	O
familija	O
zeceva	NORM_1WORD
koja	O
ju	O
je	O
odgajila	O
.	O

udjem	NORM_1WORD
na	O
fejs	O
,	O
vidim	O
status	O
'	O
trebala	O
sam	O
...	O
neznam	NORM_1WORD
...	O
'	O
i	O
tu	O
više	O
lajkova	O
,	O
nego	O
što	O
ja	O
imam	O
prijatelja	O
...	O

a	O
on	O
ima	O
dva	O
načina	O
funkcionisanja	O
:	O
beast	O
mode	O
i	O
blam	O
mod	O
.	O

on	O
pomisli	O
da	O
ih	O
nisam	O
uopšte	O
donela	O
:	O
oćeś	NORM_1WORD
neke	O
moje	O
?	O

ili	O
kapi	O
valerijane	O
sat	O
vremena	O
pre	O
spavanja	O
.	O

o	O
govoru	O
rajne	O
dragicevic	NORM_1WORD
imam	O
samo	O
da	O
kazem	NORM_1WORD
da	O
su	O
profesorsko	O
zvanje	O
obesmislili	O
i	O
obezvredili	O
najvecim	NORM_1WORD
delom	O
profesori	O
sami	O
.	O

postoje	O
samo	O
dva	O
moguca	NORM_1WORD
razloga	O
,	O
zasto	NORM_1WORD
nece	NORM_1WORD
biti	O
ove	O
zime	O
snega	O
...	O

koga	O
junačka	O
srbija	O
ima	O
!?	O

baš	O
si	O
evropska	O
sraćko	O
!	O

tek	O
kad	O
vidiš	O
šta	O
ljudi	O
najviše	O
guglaju	O
nije	O
ti	O
dobro	O
,	O
npr	NORM_1WORD
"	O
osma	O
nedelja	O
trudnoće	O
koji	O
je	O
to	O
mesec	O
"	O

#mmm	O

prve	O
lenonke	O
u	O
bgd	O
pravio	O
je	O
optičar	O
na	O
samom	O
početku	O
bivše	O
ul.	O
moše	O
pijade	O
.	O

zato	O
sto	NORM_1WORD
mi	O
je	O
dosta	O
ludaka	O
koje	O
ne	O
pratim	O
,	O
a	O
oni	O
nadju	NORM_1WORD
za	O
shodno	O
da	O
mi	O
zamere	O
moje	O
zezanje	O
i	O
pisanjije	NORM_1WORD
po	O
tw	O
@transcendentan	O
.	O

ne	O
želim	O
da	O
mi	O
rešite	O
enigmu	O
,	O
neobaveštenost	O
je	O
blažena	O
.	O

samo	O
me	O
interesuje	O
:	O
kako	O
ce	NORM_1WORD
se	O
dinkic	NORM_1WORD
izvuci	NORM_1WORD
?	O

nosi	O
te	O
gde	O
želiš	O
.	O

au	O
majko	O
sto	NORM_1WORD
poružnela	O
ova	O
marija	O
karan	O
...	O

sanjam	O
baksuze	O
i	O
dedu	O
su	NORM_1WORD
kravatom	O
,	O
koju	O
nikada	O
nije	O
nosijo	NORM_1WORD
.	O

malo	O
je	O
poznato	O
da	O
prezirem	O
fizičko	O
.	O

i	O
tako	O
jednom	O
prilikom	O
kaže	O
meni	O
ta	O
osoba	O
kako	O
joj	O
upadam	O
u	O
reč	O
,	O
nisam	O
ni	O
završio	O
narednu	O
rečenicu	O
ispričala	O
je	O
svoju	O
priču	O
po	O
15	O
put	O
.	O

danas	O
jedemo	O
samo	O
jaja	O
.	O

ali	O
vredi	O
.	O

izgledam	O
kao	O
one	O
tuzne	NORM_1WORD
devojke	O
iz	O
filmova	O
koje	O
kad	O
raskinu	O
sa	O
deckom	NORM_1WORD
sede	O
kuci	NORM_1WORD
i	O
gledaju	O
neki	O
tuzan	NORM_1WORD
film	O
,	O
placu	NORM_1WORD
i	O
tove	O
se	O
slatkisima	NORM_1WORD

neka	O
ja	O
cu	NORM_1WORD
da	O
te	O
prepolovim	O
,	O
sekirom	O
.	O

njena	O
sreća	O
je	O
što	O
živi	O
u	O
vremenu	O
u	O
kojem	O
to	O
prolazi	O
kao	O
umetnost	O
.	O

sta	NORM_1WORD
je	O
bilo	O
yadare	O
?	O

@milutin_1	O
nisi	O
baš	O
u	O
pravu	O
.	O

to	O
sto	NORM_1WORD
vidim	O
mizeriju	O
u	O
ljudima	O
....	O

ah	O
,	O
such	O
bonding	O
moment	O
,	O
placemo	NORM_1WORD
jer	O
nema	O
vise	NORM_1WORD
sladoleda	O
.	O

i	O
sad	O
...	O

@kolktolko	O
@istvanvirag	O
@misko_dh	O
prvo	O
saric	NORM_1WORD
da	O
se	O
ispostuje	NORM_1WORD
,	O
ulagao	O
je	O
brate	O
,	O
svaka	O
mu	O
cast	NORM_1WORD
i	O
napravio	O
miska	NORM_1WORD
i	O
ekipu	O
!	O

@srdjankosrdjan	O
@micin_taja	O
ajme	O
ljudi	O
pa	O
jel	NORM_1WORD
ovi	O
baš	O
mrze	O
ove	O
dame	O
kad	O
im	O
i	O
godine	O
navedoše	O
?	O

ne	O
otezavajte	NORM_1WORD
ovo	O
dodatno	O
!	O

ne	O
curi	O
mi	O
finoca	NORM_1WORD
na	O
oci	NORM_1WORD
,	O
ali	O
ne	O
mogu	O
ja	O
tu	O
prostotu	O
od	O
nekih	O
tvitova	O
da	O
citam	NORM_1WORD
.	O

#dr	O
stefanović	O
:	O
"	O
meni	O
je	O
interesantno	O
ko	O
je	O
zatvorio	O
taj	O
gepek	O
?	O
"	O

pa	O
ne	O
glumite	O
kurce	O
i	O
ne	O
maltretirajte	O
konobare	O
,	O
znam	O
vas	O
od	O
kad	O
su	O
vam	O
stavljali	O
mastilo	O
na	O
stolicu	O
a	O
vi	O
setali	NORM_1WORD
umazane	O
pantalone	O
.	O

izvodjenje	NORM_1WORD
pesme	O
"	O
takvi	O
kao	O
ti	O
"	O
je	O
ocaralo	NORM_1WORD
ziri	NORM_1WORD
.	O

aupičkumaterinu	NORM_1WORD
.	O

svakog	O
dana	O
mi	O
@ignjat_se_zovem	O
prolazi	O
pored	O
posla	O
,	O
ali	O
okrene	O
glavu	O
.	O

taksista	O
me	O
vozio	O
danas	O
za	O
150	O
umesto	O
250	O
din	NORM_1WORD
do	O
faksa	O
,	O
jer	O
sam	O
toliko	O
imao	O
u	O
dzepu	NORM_1WORD
,	O
a	O
nije	O
hteo	O
da	O
mi	O
stane	O
kod	O
banke	O
,	O
da	O
ne	O
zakasnim	O
na	O
ispit	O

što	O
je	O
izdaja	O
!	O

trezne	O
ne	O
vozimo	O
.	O

hej	O
,	O
da	O
,	O
u	O
ruđeru	O
boškoviću	O
su	O
danas	O
rekli	O
da	O
je	O
cela	O
priča	O
o	O
tom	O
super	O
mesecu	O
potpuna	O
budalaština	O
.	O

kaze	NORM_1WORD
kakva	O
je	O
razlika	O
izmedju	NORM_1WORD
muskarca	NORM_1WORD
i	O
psa	O
?	O

šiptari	O
batalite	O
zajebanciju	O
tek	O
sada	O
nećemo	O
moći	O
da	O
živimo	O
od	O
velikomučenika	O
i	O
revolucionara	O
če	O
vulina	O
!	O

i	O
pesma	O
i	O
spot	O
su	O
savršeni	O
,	O
a	O
i	O
divljan	O
je	O
...	O

koji	O
sam	O
triski	O
jbt	NORM_1WORD
.	O

kompjuter	O
je	O
kriv	O
za	O
sve	O
što	O
me	O
boli	O
po	O
mom	O
tati	O
.	O

presla	NORM_1WORD
mi	O
je	O
preko	O
puta	O
jang	O
macka	NORM_1WORD
,	O
crna	O
s	O
belim	O
sapicama	NORM_1WORD
.	O

iskašljali	O
ste	O
3	O
ebole	O
8	O
sida	O
i	O
vrapca	O
na	O
mene	O
inače	O
sve	O
je	O
ful	O
i	O
sve	O
je	O
super	O
.	O

pre	O
je	O
keba	O
hteo	O
da	O
zapali	O
pola	O
grada	O
sad	O
ova	O
dvojica	O
oce	NORM_1WORD
ceo	O
..	O

recimo	O
,	O
onu	O
od	O
džeja	O
:	O
ni	O
jedne	O
usne	O
se	O
ne	O
ljube	O
same	O
!	O

uvek	O
ista	O
zatvorena	O
šema	O
...	O

bolje	O
nego	O
da	O
ti	O
lizingaši	O
otimaju	O
auto	O
ako	O
zapne	O
.	O

@zohar_sam	O
na	O
dunavu	O
jesam	O
ali	O
pecanje	O
ne	O
:)	O

aj	NORM_1WORD
da	O
se	O
malo	O
zezamo	O
i	O
organizujemo	O
ad-hoc	NORM_1WORD
nišvil	O
večeras	O
na	O
ušću	O
...	O

#ciceron	O
ili	O
je	O
ovo	O
pogresno	NORM_1WORD
?	O

citam	NORM_1WORD
naslov	O
:	O
vucic	NORM_1WORD
pokrece	NORM_1WORD
istragu	O
u	O
vezi	O
poplava	O
!	O

šampon	O
koji	O
poboljšava	O
rad	O
moždanih	O
vijuga	O
...	O

setio	O
sam	O
se	O
šifre	O
od	O
naloga	O
.	O

bili	O
su	O
spremni	O
da	O
plate	O
6500	O
policajaca	O
,	O
jer	O
se	O
gospodi	O
setka	NORM_1WORD
,	O
a	O
narod	O
nema	O
da	O
prehrani	O
sebe	O
i	O
svoju	O
decu	O
.	O

sutra	O
moram	O
na	O
roditeljski	O
.	O

šta	O
je	O
on	O
dobro	O
napravio	O
?	O

odlična	O
sí	O
.	O

zamišljam	O
ga	O
kako	O
suče	O
brk	O
dok	O
to	O
izgovara	O
.	O

okeani	O
u	O
ledu	O
.	O

ljetno	O
kino	O
big	O
band	O
&	O
vlada	O
divljan	O
-	O
vodim	O
te	O
na	O
more	O
:	O
http://t.co/dplbophurl	O
via	O
@youtube	O

@la21nikolic	O
eko	O
takse	O
koje	O
su	O
platili	O
zagadjivaci	NORM_1WORD
za	O
tretman	O
40	O
miliona	O
kilograma	O
preradjenog	NORM_1WORD
opasnog	O
otpada	O
nije	O
prenesen	O
reciklerima	O

savka	NORM_1WORD
fotografija	O
grada	O
odaje	O
trenutak	O
i	O
epohu	O
kad	O
je	O
nastala	O
...	O

ništa	O
na	O
ovom	O
svetu	O
nema	O
tu	O
moć	O
nad	O
konzumacijom	O
mojih	O
živaca	O
kao	O
internet	O
koji	O
secka	O
u	O
toku	O
serije	O
.	O

http://t.co/vqjlgbzv3y	O
via	O
@blic_online	O

nabij	O
sebi	O
u	O
dupe	O
taj	O
praznični	O
detonator	O
kupljen	O
kod	O
kineza	O
i	O
odlepršaj	O
u	O
sankt	O
peterburg	O
,	O
steram	O
ti	O
ga	O
majke	O
petardu	O
u	O
usta	O
čkrbava	NORM_1WORD
.	O

idi	O
sama	O
sebi	O
oblikuj	O
muškarca	O
po	O
volji	O
.	O

budžetski	O
deficit	O
će	O
do	O
kraja	O
godine	O
premašiti	O
2	O
milijarde	O
evra	O
,	O
što	O
je	O
nezabeleženo	O
od	O
vremena	O
hiperinflacije	O
90-tih	NORM_1WORD
godina	O
!	O

u	O
90	O
%	O
slučajeva	O
kad	O
kažem	O
'	O
ne	O
razumem	O
šta	O
hoćeš	O
da	O
kažeš	O
'	O
odlično	O
razumem	O
samo	O
se	O
malo	O
pravim	O
luda	O
.	O

neverovatno	O
koliko	O
ljudi	O
zna	O
svoj	O
znak	O
/	O
podznak	O
a	O
pojma	O
nema	O
o	O
poreklu	O
svog	O
prezimena	O
.	O

valjda	O
.	O

ovo	O
današnje	O
nebo	O
je	O
preveliko	O
za	O
mene	O
,	O
umorilo	O
me	O
.	O

polako	O
odlaze	O
oni	O
koji	O
su	O
voleli	O
jedno	O
vreme	O
,	O
a	O
i	O
oni	O
koji	O
su	O
ga	O
mrzeli	O
.	O

a	O
kad	O
su	O
vardu	O
vređali	O
,	O
neša	O
ilić	O
je	O
zamolio	O
navijače	O
da	O
ne	O
ubacuju	O
predmete	O
na	O
teren	O
.	O

vodostaj	O
u	O
srbiji	O
je	O
porastao	O
,	O
što	O
ne	O
treba	O
nikoga	O
da	O
čudi	O
.	O

dacic	NORM_1WORD
i	O
amfilohije	O
se	O
grleci	NORM_1WORD
pomirili	O
...	O

nikako	O
ne	O
mislite	O
da	O
se	O
sve	O
dešava	O
drugima	O
!	O

kad	O
su	O
takve	O
sa	O
14	O
-	O
15	O
sta	NORM_1WORD
ce	NORM_1WORD
biti	O
sa	O
20.	O
''	O

ovi	O
sto	NORM_1WORD
smaraju	O
sa	O
tlzp-om	O
su	O
isti	O
oni	O
koji	O
prozivaju	O
ove	O
koji	O
smaraju	O
sa	O
skolom	NORM_1WORD
.	O

hihihihi	NORM_1WORD
!	O

iako	O
nije	O
svetac	O
.	O

pustio	O
milanče	O
kurčić	O
fazon	O
mnogo	O
a	O
voli	O
damu	NORM_1WORD
masiraju	O
prkno	O
mišićem	O
sorte	O
ljubavni	O

ne	O
javim	O
joj	O
se	O
jedan	O
dan	O
i	O
ona	O
me	O
bog	O
humora	O
pita	O
:	O
da	O
nisi	O
dehidrirao	O
hihi	O
...	O

pisoar	O
koriste	O
:	O
a)	O
ljudi	O
koji	O
imaju	O
veliki	O
kurac	O
b)	O
ljudi	O
koji	O
imaju	O
mali	O
kurac	O
i	O
boli	O
ih	O
kurac	O
za	O
to	O
što	O
imaju	O
mali	O
kurac	O
!	O

no	O
,	O
ima	O
još	O
nade	O
!	O

vidim	O
da	O
ovaj	O
"	O
strucnjak	NORM_1WORD
"	O
kaze	NORM_1WORD
da	O
nam	O
fali	O
omar	O
kuk	O
...	O

sto	NORM_1WORD
se	O
tice	NORM_1WORD
vikenda	O
sveo	O
se	O
na	O
3	O
casice	NORM_1WORD
karadjordjeve	NORM_1WORD
radze	NORM_1WORD
iz	O
80	O
i	O
neke	O
,	O
malo	O
zelenog	O
i	O
teglu	O
krastavca	O
.	O

možda	O
mu	O
je	O
ova	O
sestra	O
bliznakinja	O
ali	O
on	O
krije	O
poreklo	O
..	O
a	O
nije	O
to	O
sramota	O
.	O

izgubljena	O
trka	O
,	O
žalim	O
slučaj	O
.	O

usiljeni	O
i	O
planski	O
"	O
spontano	O
duhoviti	O
"	O
tvtitovi	NORM_1WORD
su	O
kao	O
sex	O
sa	O
osobom	O
koja	O
ti	O
i	O
nije	O
nešto	O
,	O
a	O
još	O
si	O
zagoreo	O
.	O

čiste	O
se	O
ujutro	O
,	O
tada	O
je	O
najmanja	O
frekvencija	O
saobraćaja	O
.	O

doduse	NORM_1WORD
,	O
za	O
neke	O
to	O
je	O
zaista	O
seks	O
.	O

stojim	O
ja	O
u	O
paradizu	O
sva	O
sredjena	NORM_1WORD
jos	NORM_1WORD
u	O
bundi	O
ispred	O
vrata	O
i	O
dolazi	O
lik	O
kao	O
jesi	O
ti	O
hostesa	O
?	O

zavisi	O
koaj	NORM_1WORD
vrsta	O
hemijskog	O
je	O
u	O
pitanju	O
.	O

ako	O
oteknete	O
kao	O
krofna	O
,	O
sa	O
crvenim	O
plikovima	O
,	O
ujeo	O
vas	O
je	O
neki	O
tigrasti	O
komarac	O
,	O
80	O
slučajeva	O
na	O
urgentnom	O
and	O
counting	O
,	O
alergijski	O
je	O
.	O

@gordanaca	O
toliko	O
je	O
bilo	O
komentara	O
u	O
najmanju	O
ruku	O
neobicnih	NORM_1WORD
,	O
da	O
sam	O
postala	O
hipersenzibilna	O
sa	O
jezivim	O
padom	O
tolerancije	O
:-)))	O

suarez	O
ima	O
taj	O
neki	O
stil	O
radovanja	O
koji	O
se	O
često	O
sreće	O
po	O
srpskim	O
kafanama	O
u	O
sitne	O
sate	O
,	O
blizu	O
muzike	O
.	O

ali	O
htela	O
bih	O
da	O
do	O
tada	O
samo	O
vreme	O
sacuva	NORM_1WORD
i	O
moje	O
uspomene	O
.	O

to	O
je	O
principijelno	O
,	O
otprilike	O
kao	O
da	O
nećeš	O
da	O
biraš	O
između	O
janjetine	NORM_1WORD
i	O
prasetine	O
pa	O
uzmeš	O
oba	O
,	O
što	O
dačiću	O
ne	O
bi	O
bila	O
frka	O
.	O

ovde	O
možete	O
samo	O
da	O
objavite	O
da	O
ste	O
pokrenuli	O
revoluciju	O
,	O
inače	O
morate	O
da	O
izađete	O
napolje	O
,	O
'ebi	NORM_1WORD
ga	O
,	O
ne	O
mož'	NORM_1WORD
to	O
online	O
.	O

sreća	O
pa	O
je	O
broj	O
karaktera	O
ovde	O
ograničen	O
,	O
inače	O
bih	O
uz	O
svaki	O
drugi	O
živčani	O
tvit	O
sočno	O
opsovala	O
...	O
ovako	O
nema	O
mesta	O
.	O

mudrica	O
.	O

pogledaj	O
me	O
,	O
ne	O
muči	O
mi	O
srce	O
slabašno	O
.	O

placem	NORM_1WORD
krokodilskim	O
suzama	O
.	O

da	O
je	O
kućnog	O
vaspitanja	O
mišković	O
bi	O
prvi	O
intervju	O
po	O
izlasku	O
iz	O
cz-a	O
dao	O
uredniku	O
subotičkih	O
novina	O
jožefu	O
kasi	O
!	O

gre'ota	NORM_1WORD
.	O

zasto	NORM_1WORD
je	O
dozvoljeno	O
svakom	O
da	O
busilicu	NORM_1WORD
kupi	O
i	O
koristi	O
?	O

trebalo	O
bi	O
napisati	O
neko	O
pismo	O
centali	NORM_1WORD
simon	NORM_1WORD
cowellu	O
i	O
syco	O
entertainment-u	NORM_1WORD
.	O

@kenanldp	O
hvala	O
!	O

razlog	O
je	O
prilično	O
banalan	O
,	O
a	O
i	O
sama	O
laž	O
.	O

a	O
složiće	O
se	O
i	O
komšije	O
sa	O
donjeg	O
sprata	O
.	O

profesor	O
veronauke	O
:	O
abortus	O
ostavlja	O
posledice	O
.	O

+	O
povreda	O

tvitovi	O
sa	O
poentom	O
mi	O
stoje	O
zatrpani	O
onim	O
o	O
svakodnevnim	O
banalnostima	O
pa	O
ih	O
niko	O
ne	O
vidi	O
.	O

@nepesnik	O
...	O
išao	O
na	O
radničko-sportske	O
igre	O
,	O
na	O
kojima	O
bi	O
žonglirao	O
u	O
startas	O
patikama	O
,	O
plastičnu	O
loptu	O
jugoplastike	O
,	O
pio	O
cocta	NORM_1WORD
ili	O
jupi	O
...	O

ostalo	O
ko	O
jebe	O
....	O

fuj	O
.	O

nesto	NORM_1WORD
kasnije	O
mu	O
se	O
ponizno	O
na	O
kolenima	O
vratim	O
.	O

da	O
li	O
da	O
nerviram	O
komšiju	O
gitarom	O
,	O
ili	O
da	O
ga	O
pustim	O
da	O
provede	O
jedan	O
dan	O
normalno	O
.	O

ali	O
što	O
umem	O
da	O
šarmiram	O
...	O
trep	O
trep	O
,	O
pa	O
prstićom	O
na	O
crtež	O
,	O
pa	O
osmeh	O
i	O
voila	O
dobijem	O
ono	O
što	O
tražim	O
.	O

devojke	O
poginule	O
;	O
kanjon	O
morace	NORM_1WORD
.	O

a	O
ovo	O
,	O
ova	O
,	O
oni	O
,	O
ta	O
,	O
ti	O
,	O
to	O
,	O
mi	O
,	O
fa	O
i	O
tako	O
...	O

baba	O
:	O
neda	O
ukraden	O

filozofija	O
:	O
"	O
sruši	O
šta	O
možeš	O
i	O
zgrabi	O
dok	O
možeš	O
..	O
"	O

pratite	O
vrednost	O
rublje	O
danas	O
,	O
ovo	O
je	O
smehotres	O
...	O

prepirem	O
se	O
sa	O
kolegom	O
informatičarem	O
jel	NORM_1WORD
bolje	O
da	O
otvorimo	O
firmu	O
da	O
radimo	O
android	O
aplikacije	O
ili	O
da	O
kupimo	O
balirku	O
pa	O
da	O
krenemo	O
po	O
ataru	O
.	O

dal	NORM_1WORD
je	O
moguce	NORM_1WORD
da	O
se	O
odrasli	O
ljudi	O
prepiru	O
tako	O
nisko	O
i	O
plitko	O
a	O
pozivaju	O
se	O
na	O
svoju	O
inteligenciju	O
i	O
uspeh	O
!?	O

ima	O
da	O
odem	O
na	O
neku	O
planinu	O
i	O
zivim	NORM_1WORD
sa	O
vukovima	O
....	O

neće	O
biti	O
gasa	O
,	O
faliće	O
struje	O
.	O

kad	O
postanem	O
uspešna	O
poslovna	O
žena	O
baciću	O
svu	O
šminku	O
,	O
izvadiću	O
silikone	O
,	O
frizera	O
nikad	O
neću	O
posećivati	O
,	O
jer	O
angela	O
merkel	O
.	O

hej	O
,	O
gladna	O
sam	O
,	O
a	O
ovde	O
se	O
jede	O
,	O
izvini	O
što	O
ne	O
kapiram	O
svaki	O
obrok	O
u	O
javnosti	O
kao	O
svečanost	O
vrednu	O
kostimiranja	O
.	O

nadam	O
se	O
da	O
se	O
računaju	O
i	O
oni	O
humanitarni	O
sms-ovi	O
koji	O
nisu	O
skrinšotovani	O
i	O
šerovani	O
na	O
društvene	O
mreže	O
.	O

@mooshema	O

da	O
ovo	O
nije	O
onaj	O
nesrećni	O
kaić	O
pisao	O
?	O

sve	O
ranije	O
ustajem	O
na	O
raspustu	O
..	O

spustim	O
roletne	O
kad	O
krenem	O
da	O
spavam	O
i	O
onda	O
ujutru	O
kad	O
se	O
probudim	O
nmg	NORM_1WORD
da	O
procenim	O
kakvo	O
je	O
vreme	O
,	O
vredi	O
li	O
ustajati	O
iz	O
kreveta	O
.	O

kontam	O
da	O
to	O
do	O
jaja	O
nervira	O
ljude	O
...	O

zaboravih	O
da	O
kažem	O
"	O
dobro	O
jutro	O
"	O
da	O
slikam	O
šolju	O
sa	O
kafom	O
,	O
to	O
su	O
valjda	O
neka	O
pravila	O
tw	O
...	O

ove	O
godine	O
mladi	O
crnogorcici	NORM_1WORD
,	O
'94	O
,	O
napustaju	NORM_1WORD
svoje	O
dosadašnje	O
stanište	O
i	O
sele	O
se	O
u	O
nove	O
predele	O
beograda	O
kako	O
bi	O
tamo	O
nastavili	O
svoj	O
život	O
.	O

neko	O
zazvoni	O
,	O
ja	O
gasim	O
muziku	O
i	O
pravim	O
se	O
mrtva	O
.	O

zelenmag	O
je	O
tužno	O
čašćavao	O
u	O
jednoj	O
od	O
industrijskih	O
čajdžinica	O
grada	O
mima	O
.	O

postajem	O
im	O
konkurencija	O
.	O

u	O
kragujevcu	O
u	O
nekoj	O
ćevabdžinici	O
neka	O
riba	O
dobila	O
otkaz	O
a	O
druga	O
nije	O
i	O
ova	O
je	O
izbola	O
nožem	O
,	O
je	O
l	NORM_1WORD
je	O
okej	O
što	O
se	O
smejem	O
kao	O
moron	O
?	O

na	O
kelte	O
u	O
martu	O
ću	O
ponovo	O
ići	O
samo	O
da	O
bi	O
mi	O
bojan	O
opet	O
mahnuo	O
i	O
aca	O
slomio	O
dva	O
zuba	O
kao	O
i	O
prošle	O
godine	O

nista	NORM_1WORD
drugo	O
.	O

neko	O
pod	O
hitno	O
da	O
pojebe	O
ove	O
devojke	O
što	O
su	O
opterećene	O
košarkom	O
.	O

no	O
,	O
ipak	O
mi	O
ne	O
ostavlja	O
manje	O
gadan	O
utisak	O
kada	O
vidim	O
ovakve	O
bezobraštine	O
.	O

koliko	O
sam	O
pre	O
bila	O
drugačija	O
,	O
sve	O
živo	O
sam	O
trpela	O
,	O
sad	O
mi	O
ne	O
pada	O
na	O
pamet	O
.	O

na	O
primer	O
:	O
mala	O
beba	O
,	O
slatki	O
šećer	O
,	O
lepa	O
berna	NORM_1WORD
...	O

samouništim	O
se	O
,	O
boli	O
me	O
kurac	O
i	O
čekam	O
da	O
se	O
samo	O
sve	O
reši	O
.	O

upravo	O
gledam	O
profil	O
jednog	O
tu	O
sto	NORM_1WORD
je	O
dolazio	O
kod	O
babe	O
svojevremeno	O
u	O
nase	NORM_1WORD
naselje	O
,	O
sad	O
je	O
on	O
maneken	O
,	O
frajer	O
,	O
a	O
gazili	O
smo	O
ga	O
i	O
na	O
praznike	O

o	O
isuse	O
,	O
bože	O
,	O
kakvi	O
cigani	O
!	O

a	O
da	O
malo	O
vise	NORM_1WORD
radite	O
a	O
manje	O
tvitujete	O
nebuloze	O
pa	O
da	O
nam	O
ekonomija	O
procveta	O
??	O

ccc	O
:)	O

s...m	NORM_1WORD
vam	O
se	O
u	O
...	O

znam	O
da	O
nikoga	O
ne	O
zanima	O
ali	O
upravo	O
sam	O
se	O
istusirao	NORM_1WORD
8	O
put	O
danas	O
.	O

jaa	NORM_1WORD
ne	O
moram	O
da	O
idem	O
na	O
karaoke	O
kad	O
ih	O
imam	O
u	O
kuci	NORM_1WORD
,	O
sestra	O
mesa	NORM_1WORD
kukovima	O
i	O
peva	O
do	O
daske	O
ja	O
je	O
gadjam	NORM_1WORD
smokijem	O
.	O

jel	NORM_1WORD
ok	O
da	O
bušim	O
gume	O
na	O
džipu	O
koji	O
mi	O
zagradi	O
ulaz	O
u	O
zgradu	O
,	O
u	O
ulici	O
koja	O
je	O
pešačka	O
zona	O
?!	O

@brankavookovic	O
ovi	O
fudbaleri	O
su	O
bar	O
sportski	O
gradjeni	NORM_1WORD
,	O
zamislite	O
pojedine	O
iz	O
vlade	O
bez	O
kosulje	NORM_1WORD
,	O
strasno	NORM_1WORD
.	O

ako	O
ukradeš	O
nešto	O
u	O
inostranstvu	O
,	O
onda	O
si	O
srbin	O
.	O

da	O
li	O
neko	O
ima	O
iskustva	O
sa	O
dobijanjem	O
plave	O
karte	O
?	O

pa	O
,	O
evo	O
ne	O
znam	O
.	O

kad	O
mi	O
mlađa	O
i	O
privlačna	O
žena	O
,	O
koja	O
ima	O
starog	O
i	O
ružnog	O
muža	O
,	O
prigovara	O
što	O
se	O
ne	O
udajem	O
,	O
vidim	O
to	O
samo	O
kao	O
njenu	O
želju	O
da	O
i	O
meni	O
bude	O
loše	O
.	O

meni	O
@ts_ts_ts	O
kada	O
nešto	O
hoće	O
da	O
poruči	O
,	O
on	O
ne	O
uzme	O
svoj	O
mob	NORM_1WORD
da	O
mi	O
pošalje	O
esemes	NORM_1WORD
,	O
već	O
moj	O
i	O
napiše	O
mi	O
u	O
noutsima	O
.	O

šerbedžija	O
:	O
"	O
onom	O
ko	O
ne	O
zna	O
kako	O
je	O
dobro	O
živeo	O
pod	O
titom	O
,	O
ne	O
može	O
se	O
pomoći	O
.	O
"	O

ko	O
je	O
zeljan	NORM_1WORD
kafe	O
sa	O
mnom	O
nek	O
se	O
javi	O
;)	O

zasto	NORM_1WORD
?!	O

a	O
mama	O
je	O
iz	O
fazona	O
**	O
sacu	NORM_1WORD
da	O
prodam	O
nesto	NORM_1WORD
i	O
dam	O
ti	O

najlepse	NORM_1WORD
su	O
mi	O
noci	NORM_1WORD
kada	O
u	O
mraku	O
napolju	O
ispijam	O
kafu	O
sa	O
svojim	O
mislima	O
uz	O
zvuke	O
zrikavaca	O
i	O
sakupljam	O
zvezde	O
u	O
skutove	O
.	O

više	O
se	O
zgadim	O
kad	O
vidim	O
neku	O
bubu	O
nego	O
kad	O
doktor	O
haus	O
operiše	O
čoveka	O
ili	O
kad	O
horejšio	O
pronađe	O
poluraspadnuto	O
telo	O
na	O
deponiji	O
.	O

kad	O
sam	O
u	O
hrvatskoj	O
uvek	O
naručim	O
kavu	NORM_1WORD
a	O
ne	O
kafu	O
,	O
zbog	O
straha	O
da	O
će	O
mi	O
pljunuti	O
/	O
ispišati	O
se	O
/	O
izdrkati	O
u	O
istu	O
.	O

šta	O
da	O
mislim	O
o	O
tome	O
?	O

mama	O
:	O
"	O
znaš	O
šta	O
sam	O
zaključila	O
pošto	O
sam	O
uradila	O
ovaj	O
test	O
za	O
rukopis	O
?	O
"	O

@nikvontrier	O
@bluburic	O
jel	NORM_1WORD
u	O
zemlju	O
?	O

jakobs	O
sa	O
šećerom	O
i	O
mlekom	O
na	O
balkonu	O
,	O
pored	O
tebe	O
voljeni	O
pas	O
,	O
u	O
ruci	O
pljuga	O
a	O
u	O
ušima	O
tool	O
.	O

obično	O
kad	O
neki	O
brat	O
raskine	O
sa	O
curom	O
,	O
ja	O
nađem	O
dečka	O
.	O

super	O
mi	O
je	O
kad	O
jovičić	O
upotrebi	O
sintagmu	O
"	O
skupoceni	O
krediti	O
"	O
.	O

ova	O
o	O
ovome	O
,	O
oni	O
o	O
njima	O
,	O
ja	O
da	O
odmorim	O
.	O

@mcbojah	O
sinoć	O
stigla	O
u	O
stan	O
..	O

svi	O
mi	O
koji	O
dodjemo	NORM_1WORD
sa	O
mora	O
i	O
tusiramo	NORM_1WORD
se	O
hladnom	O
vodom	O
i	O
mazemo	NORM_1WORD
kremom	O
da	O
sacuvamo	NORM_1WORD
boju	O
dobijenu	O
mukotrpnim	O
gorenjem	O
.	O

kajem	O
se	O
,	O
kajem	O
se	O
,	O
kajem	O
se	O
...	O

"	O
napredovaces	NORM_1WORD
!	O

sta	NORM_1WORD
cu	NORM_1WORD
baksuz	O
,	O
navikla	O
da	O
nista	NORM_1WORD
nije	O
dobro	O
ako	O
ja	O
ne	O
zavrsim	NORM_1WORD
.	O

mi	O
da	O
zivimo	NORM_1WORD
na	O
nekoh	NORM_1WORD
drugoj	O
geografskoj	O
sirini	NORM_1WORD
i	O
duzini	NORM_1WORD
,	O
ivica	O
dacic	NORM_1WORD
ne	O
bi	O
mogao	O
da	O
bude	O
ni	O
predsednik	O
mesne	O
zajednice	O
,	O
a	O
kamo	NORM_1WORD
vlade	O
.	O

srecni	NORM_1WORD
praznici	O
,	O
uzivajte	NORM_1WORD
u	O
caroliji	NORM_1WORD
!	O

ali	O
kontrolori	O
u	O
busu	O
sede	O
do	O
11	O
uveče	O
,	O
bolest	O
.	O

otvoreno	O
takmicenje	NORM_1WORD
:	O
ko	O
prvi	O
nadje	NORM_1WORD
nepravilnost	O
u	O
#ugovor	O
#etihad	O
#airserbia	O
i	O
ko	O
prvi	O
gazdi	O
javi	O
informaciju	O
,	O
dobija	O
letovanje	O
u	O
istri	O
.	O

miris	O
strasti	O
i	O
požude	O
u	O
vazduhu	O
postaju	O
tako	O
opojni	O
onog	O
trenutka	O
kada	O
se	O
zaključaju	O
vrata	O
sobe	O
...	O

možda	O
bi	O
neka	O
dobra	O
psihoanalitičarka	O
pomogla	O
..	O

zakasnim	O
na	O
predavanje	O
4	O
min	NORM_1WORD
,	O
ulazim	O
,	O
a	O
ono	O
već	O
gotovo	O
.	O

nisam	O
religiozan	O
,	O
ali	O
kada	O
me	O
svrbe	O
oči	O
pošto	O
sam	O
jeo	O
ljuta	O
krilca	O
verujem	O
da	O
bog	O
kuša	O
moju	O
inteligenciju	O
!	O

ribica	O
nema	O
,	O
valjda	O
su	O
umrle	O
od	O
gladi	O
,	O
voda	O
presušila	O
.	O

+	O

ali	O
dođe	O
trenutak	O
kada	O
ne	O
želih	NORM_1WORD
više	O
da	O
ih	O
se	O
sećaš	O
.	O

leskovac	O
ima	O
najbolji	O
rostilj	NORM_1WORD
na	O
svetu	O
...	O
i	O
3	O
padeza	NORM_1WORD
manje	O
u	O
srpskom	O
jeziku	O
od	O
ostalih	O
...	O

moram	O
i	O
tebe	O
da	O
prošetam	O
prvo	O
ja	O
kao	O
paka	O
.	O

@im_fickus	O
baci	O
5	O
!	O

no	O
takvi	O
se	O
tesko	NORM_1WORD
nalaze	O
.	O

patetičan	O
tvit	O
u	O
nedeljno	O
popodne	O
o	O
nedostatku	O
prave	O
osobe	O
sa	O
genetskim	O
materijalom	O
i	O
trosobnim	O
stanom	O
u	O
centru	O
grada	O
.	O

da	O
li	O
stvarno	O
dragice	O
misliš	O
da	O
će	O
na	O
pravnom	O
ili	NORM_1WORD
filološkom	O
fakultetu	O
da	O
me	O
pitaju	O
kako	O
se	O
kaže	O
ovca	O
na	O
latinskomm	NORM_1WORD
?	O

nevera	O
koliko	O
male	O
stvari	O
mogu	O
da	O
usreće	O
čoveka	O
,	O
mene	O
recimo	O
presex	NORM_1WORD
devojka	O
60-tak	NORM_1WORD
kg	O
,	O
to	O
je	O
malo	O
jel	NORM_1WORD
da	O
?	O

sve	O
je	O
lakše	O
kad	O
provališ	O
odakle	O
ti	O
dopire	O
signal	O
za	O
wi-fi	O
,	O
onda	O
bar	O
znaš	O
na	O
koju	O
stranu	O
da	O
ideš	O
.	O

ako	O
ćemo	O
da	O
budemo	O
dobro	NORM_1WORD
sa	O
ovim	O
novostečenim	O
prijateljima	O
moraćemo	O
da	O
legalizujemo	O
bigamiju	O
....	O

mislim	O
da	O
je	O
to	O
neka	O
taktika	O
.	O

@simonaotovic	O
@igorsavic	O
biće	O
,	O
biće	O
,	O
čim	O
dobijemo	O
zvanične	O
informacije	O
o	O
početku	O
prodaje	O
javljamo	O
;)	O

danas	O
svi	O
sve	O
znaju	O
i	O
umeju	O
i	O
smeju	O
!	O

koliko	O
mi	O
je	O
uzrecica	NORM_1WORD
postala	O
sve	O
je	O
to	O
zbog	O
kokaina	O
,	O
kontam	O
da	O
neki	O
stvarno	O
misle	O
i	O
da	O
konzumiram	O
isti	O
.	O

a	O
sa	O
koliko	O
vam	O
je	O
procenata	O
masti	O
pavlaka	O
?	O

obećao	O
sam	O
sebi	O
da	O
danas	O
necu	NORM_1WORD
jesti	O
brzu	O
hranu	O
,	O
i	O
održao	O
obećanje	O
,	O
jedem	O
samo	O
minut	O
za	O
pire	O
,	O
pire	O
za	O
minut	O
...	O

danas	O
sam	O
se	O
nekoliko	O
puta	O
sam	O
sa	O
sobom	O
smejao	O
iznova	O
kako	O
su	O
vucic	NORM_1WORD
i	O
dacic	NORM_1WORD
mladju	NORM_1WORD
izkaširali	NORM_1WORD
...	O

posebno	O
oni	O
najmladji	NORM_1WORD
?	O

posle	O
izbora	O
će	O
srbiju	O
preplaviti	O
kinezi	O
i	O
arapi	O
.	O

da	O
li	O
to	O
što	O
je	O
tadić	O
postao	O
savetnik	O
u	O
telenoru	O
znači	O
da	O
korisnici	O
ove	O
mreže	O
mogu	O
da	O
se	O
izvinjavaju	O
po	O
specijalnoj	O
tarifi	O
?	O

da	O
u	O
njemu	O
zaspiš	O
kad	O
svi	O
drugi	O
odu	O
.	O

da	O
su	O
ovi	O
iz	O
nutelle	O
znali	O
da	O
ce	NORM_1WORD
dobiti	O
ovoliku	O
reklamu	O
na	O
drustvenim	NORM_1WORD
mrezama	NORM_1WORD
,	O
sami	O
bi	O
pokrali	O
svoj	O
kamion	O
...	O

ja	O
više	O
ne	O
znam	O
zašto	O
pišem	O
niti	O
zašto	O
radim	O
sve	O
ovo	O
?	O

nasao	NORM_1WORD
sam	O
haskija	O
branio	O
.	O
ga	O
od	O
.	O
kerovs	NORM_1WORD
tu	O
je	O
sad	O
u	O
dvorietu	NORM_1WORD
.	O
zgrade	O

trivan	O
retvituje	O
prozivke	O
na	O
racun	NORM_1WORD
studenata	O
filoloskog	NORM_1WORD
fakulteta	O
a	O
sam	O
je	O
zenstveniji	NORM_1WORD
od	O
seke	O
aleksic	NORM_1WORD
.	O

steta	NORM_1WORD
samo	O
sto	NORM_1WORD
cu	NORM_1WORD
uskoro	O
morati	O
da	O
ustanem	O
jer	O
obaveze	O
cekaju	NORM_1WORD
.	O

nemarno	O
se	O
ophodim	O
sa	O
pravim	O
rečima	O
.	O

dvoumim	O
se	O
šta	O
da	O
napišem	O
u	O
mojoj	O
autoporuci	O
:	O
al	O
si	O
se	O
zajebo	NORM_1WORD
ili	O
crko	NORM_1WORD
dabogda	O
ako	O
me	O
otpratiš	O
.	O

pa	O
nisam	O
znao	O
da	O
je	O
ana	O
bekuta	O
iz	O
pribojske	O
banje	O
.	O

ja	O
:	O
kako	O
si	O
me	O
muvala	O
?	O

proizvodi	O
za	O
lepotu	O
se	O
najviše	O
najviše	O
reklamiraju	O
ponedeljkom	O
jer	O
se	O
tad	O
najmanje	O
osećamo	O
lepi	O
-	O
blic	O
.	O

i	O
izadjem	NORM_1WORD
,	O
naravno	O
.	O

@sunceljubac	O
pa	O
nije	O
problem	O
,	O
ako	O
1	O
jedinica	O
krvi	O
vredi	O
40	O
-	O
50	O
dinara	O
,	O
odlično	O
.	O

oće	NORM_1WORD
li	O
raspisati	O
tender	O
za	O
redizajn	O
kožnih	O
mantila	O
za	O
ove	O
nove	O
,	O
moderne	O
udbaše	O
ili	O
da	O
se	O
nagadjamo	NORM_1WORD
.	O

fuck	O
my	O
life	O
....	O

joga	O
nije	O
loše	O
rešenje	O
.	O

a	O
ja	O
sam	O
u	O
fazonu	O
da	O
bih	O
stavila	O
i	O
cebe	NORM_1WORD
i	O
jorgan	O
preko	O
odece	NORM_1WORD
,	O
pa	O
tek	O
onda	O
izasla	NORM_1WORD
na	O
'ladnocu	NORM_1WORD
.	O

poseta	O
,	O
reklame	O
.	O

svaka	O
izjava	O
protiv	O
lopova	O
iz	O
ds	O
vojvodine	O
gubi	O
smisao	O
kad	O
je	O
iz	O
usta	O
dusana	NORM_1WORD
bajatovica	NORM_1WORD
!	O

nakon	O
odlicne	NORM_1WORD
sezone	O
kao	O
lider	O
tima	O
,	O
mora	O
da	O
dodje	NORM_1WORD
do	O
pada	O
u	O
igru	NORM_1WORD
.	O

iz	O
zeninog	NORM_1WORD
kreveta	O
pise	NORM_1WORD
,	O
ispod	O
cebeta	NORM_1WORD
krije	O
telefon	O
i	O
kuca	O
,	O
rekao	O
mi	O
je	O
da	O
nije	O
kukavica	O
sto	NORM_1WORD
to	O
radi	O
,	O
zasto	NORM_1WORD
bi	O
joj	O
rekao	O
istinu	O
?	O

jao	O
baš	O
si	O
smešna	O
sa	O
tim	O
foricama	O
iz	O
"	O
vicevi	O
"	O
knjige	O
,	O
nego	O
reci	O
mi	O
kad	O
si	O
poslednji	O
put	O
gledala	O
kursadžije	O
?	O

ti	O
fazon	O
krecis	NORM_1WORD
i	O
krecis	NORM_1WORD
i	O
opet	O
dodju	NORM_1WORD
neki	O
neidentifikovani	O
stariji	O
maloletnici	O
mladji	NORM_1WORD
punoletnici	O
od	O
ranije	O
poznati	O
policiji	O
i	O
opet	O
isto	O
.	O

i	O
najlepša	O
.	O

pretpostavljam	O
da	O
žele	O
da	O
se	O
povuče	O
naša	O
(	O
niška	O
žandarmerija	O
)	O
.	O

-	O
igram	O
utakmicu	O
u	O
bočaru	O
.	O

ovo	O
da	O
svaki	O
dan	O
izađe	O
neki	O
yt	O
klip	O
nekoga	O
ko	O
anđeoski	O
peva	O
na	O
talent	O
emisijama	O
je	O
već	O
naporno	O
.	O

i	O
svi	O
su	O
oni	O
u	O
vezi	O
,	O
i	O
devojke	O
su	O
im	O
umetnice	O
sa	O
fotoaparatima	NORM_1WORD
.	O

jebote	O
,	O
pa	O
nismo	O
bili	O
na	O
raftingu	O
zajedno	O
?!	O

upucacu	NORM_1WORD
se	O
.	O

devojke	O
sa	O
crnim	O
ruzom	NORM_1WORD
pls	NORM_1WORD
stahp	NORM_1WORD
izgledate	O
kao	O
da	O
ste	O
pusili	NORM_1WORD
kurac	O
crncu	O
i	O
malo	O
vam	O
je	O
ostalo	O
po	O
ustima	O
,	O
ne	O
stoji	O
to	O
svima	O
zao	NORM_1WORD
mi	O
je	O
.	O

kao	O
što	O
rekoh	O
,	O
izmedju	NORM_1WORD
"	O
sad	O
ću	O
da	O
te	O
karam	O
"	O
i	O
odbijanja	O
da	O
se	O
priča	O
o	O
seksu	O
je	O
tanka	O
linija	O
.	O

konačno	O
sebi	O
kažem	O
,	O
za	O
to	O
će	O
od	O
danas	O
da	O
te	O
boli	O
kurac	O
nećeš	O
patetisati	O
više	O
nije	O
kraj	O
sveta	O
i	O
onda	O
se	O
setim	O
nečega	O
i	O
aw	O
just	O
started	O
crying	O
.	O

prostom	O
metodom	O
dedukcije	O
dolazimo	O
do	O
zaprepascujuceg	NORM_1WORD
podatka	O
-	O
seselj	NORM_1WORD
je	O
miskovicev	NORM_1WORD
placenik	NORM_1WORD
i	O
tviteras	NORM_1WORD
.	O

koga	O
boli	O
kurac	O
.	O

daleko	O
bilo	O
.	O

otekle	O
mi	O
noge	O
,	O
pustila	O
sam	O
stomak	O
u	O
krilo	O
,	O
izula	O
sam	O
sandale	O
,	O
buljim	O
u	O
komp	O
i	O
psujem	O
.	O

hej	O
devojko	O
u	O
busu	O
obuj	O
te	O
starke	O
natuci	O
tu	O
neku	O
céline	O
majicu	O
i	O
veži	O
taj	O
rep	O
da	O
liči	O
na	O
crknutu	O
vevericu	O
šta	O
ti	O
teško	O
da	O
budeš	O
ljankase	NORM_1WORD
.	O

ipak	O
je	O
on	O
čudo	O
a	O
mi	O
čudesni	O
...	O

ogi	O
:	O
one	O
samo	O
pričaju	O
sa	O
drugim	O
vasp.	NORM_1WORD
i	O
ne	O
obraćaju	O
pažnju	O
na	O
decu	O
.	O

glasali	O
ste	O
-	O
gutajte	O
.	O

vidim	O
da	O
ću	O
da	O
se	O
odselim	O
na	O
neku	O
društvenu	O
mrežu	O
tipa	O
furka	O
.	O

otišla	O
baba	O
na	O
kiosk	O
da	O
kupi	O
dopunu	O
i	O
kaže	O
prodavačici	O
:	O
-	O
jednu	O
dopunu	O
za	O
moju	O
unuku	O
.	O

japanci	O
su	O
najuporniji	O
kad	O
odluče	O
.	O

ja	O
ću	O
biti	O
prvi	O
čovek	O
koji	O
je	O
umro	O
od	O
plina	O
,	O
a	O
nije	O
se	O
ugušio	O
ili	O
upalio	O
sa	O
istim	O
,	O
nego	O
računi	O
,	O
ako	O
me	O
razumeš	O
..	O

takav	O
dan	O
rođaci	O
!	O

izbodena	O
mi	O
ruka	O
leva	O
kurva	O
ti	O
je	O
keva	O
!	O

to	O
da	O
naučite	O
svoju	O
decu	O
da	O
su	O
bolja	O
od	O
drugih	O
u	O
bilo	O
kom	O
smislu	O
i	O
da	O
je	O
ok	O
da	O
izvoljevaju	O
,	O
nije	O
pre	O
svega	O
u	O
redu	O
prema	O
toj	O
deci	O
.	O

kako	O
da	O
budeš	O
najlepša	O
na	O
splavu	O
?	O

miladinova	O
terasa	O
iznad	O
ibra	O
.	O

mrs	NORM_1WORD
bre	O
.	O

ima	O
šljama	O
i	O
među	O
britancima	O
na	O
ibici	O
što	O
ne	O
znači	O
da	O
su	O
svi	O
jadni	O
.	O

bez	O
muskaraca	NORM_1WORD
je	O
glupo	O
.	O

on	O
postoji	O
da	O
te	O
mazi	O
po	O
kosi	O
dok	O
te	O
ne	O
uspava	O
i	O
da	O
noću	O
bdi	O
nad	O
tobom	O
dok	O
sam	O
ti	O
ja	O
daleko	O
.	O

sedim	O
na	O
autobuskoj	O
stanici	O
u	O
st.	O
pazovi	O
i	O
cekam	NORM_1WORD
karte	O
.	O

mi	O
smo	O
sada	O
komšije	O
!	O

nepristojno	O
je	O

dobro	O
,	O
'ajde	NORM_1WORD
,	O
i	O
predstava	O
u	O
buhi	O
.	O

ne	O
razumem	O
ove	O
sto	NORM_1WORD
se	O
tripuju	O
oko	O
"	O
kradje	NORM_1WORD
"	O
tvitova	O
...	O

sta	NORM_1WORD
je	O
lose	NORM_1WORD
u	O
tome	O
sto	NORM_1WORD
tvitujem	O
o	O
pokemonima	O
?	O

dao	O
.	O
sam	O
mu	O
hleba	O

retard	O
komentarise	NORM_1WORD
ispod	O
:	O
mora	O
da	O
su	O
bile	O
plavuse	NORM_1WORD
.	O

malo	O
je	O
poznato	O
da	O
me	O
je	O
pre	O
neko	O
veče	O
dodao	O
neki	O
pop	O
na	O
fejsu	O
i	O
da	O
pakujem	O
svoje	O
stvari	O
za	O
beg	O
u	O
honduras	O

-	O
malboro	O
...	O

uvek	O
to	O
pomislim	O
,	O
a	O
ne	O
da	O
ih	O
je	O
muka	O
naterala	O
.	O

to	O
što	O
si	O
varao	O
to	O
bih	O
ti	O
oprostila	O
,	O
al'	NORM_1WORD
to	O
što	O
si	O
mene	O
to	O
ne	O
mogu	O
nikada	O
?	O

a	O
inace	NORM_1WORD
protiv	O
dinkica	NORM_1WORD
se	O
vodi	O
istraga	O
povodom	O
privatizacije	O
stedionice	NORM_1WORD
.	O

ja	O
ovako	O
nešto	O
nigde	O
nisam	O
čila	NORM_1WORD
godinama	O
ni	O
na	O
svadbama	O
.	O

gledamo	O
moja	O
mama	O
i	O
ja	O
slike	O
nekih	O
cura	O
na	O
fb-u	O
+	O

ja	O
mu	O
pisem	NORM_1WORD
da	O
sam	O
gladna	O
,	O
on	O
kaze	NORM_1WORD
jedi	O
voce	NORM_1WORD
.	O

objasniti	O
strendzeru	NORM_1WORD
fenomen	O
vulinove	O
uniforme	O
i	O
postojanje	O
i	O
bitisanje	O
milovana	O
drecuna	O
je	O
15	O
nivo	O
counter	O
strike	O
forse-a	NORM_1WORD
.	O

kad	O
ono	O
ispala	O
.	O

čovek	O
često	O
mora	O
da	O
unosi	O
ponešto	O
mediokritetsko	O
u	O
svoje	O
razgovore	O
s	O
drugima	O
,	O
da	O
ne	O
bi	O
sejao	O
strah	O
i	O
neugodnost	O
.	O

svi	O
bi	O
voleli	O
da	O
se	O
nista	NORM_1WORD
od	O
toga	O
nije	O
desilo	O
.	O

pustila	O
sam	O
pesmu	O
i	O
posle	O
dva	O
minuta	O
sam	O
provalila	O
da	O
ništa	O
ne	O
peva	O
.	O

da	O
li	O
ovaj	O
sto	NORM_1WORD
perfidno	O
vredja	NORM_1WORD
preko	O
tvitera	O
,	O
ili	O
ovaj	O
sto	NORM_1WORD
se	O
brani	O
preko	O
istog	O
tankim	O
argumentima	O
.	O

bome	O
je	O
imao	O
šta	O
da	O
vidi	O
.	O

magarce	NORM_1WORD
jedan	O
to	O
imaju	O
i	O
svi	O
advokati	O
preko	O
komore	O
u	O
iznosu	O
od	O
eur	O
25	O
k.	O

jao	O
lutkice	O
kako	O
se	O
vi	O
za	O
izlazak	O
sredite	O
kao	O
za	O
maturicu	O
,	O
napravite	O
lakirane	O
frizure	O
,	O
šljaštite	O
od	O
glave	O
do	O
pete	O
,	O
pa	O
znate	O
kako	O
ste	O
gadne	O
?	O

kada	O
shvatiš	O
da	O
ti	O
ona	O
ne	O
znači	O
više	O
,	O
tada	O
u	O
tamnoj	O
noći	O
sunce	O
ti	O
svane	O
,	O
ali	O
ako	O
su	O
emocije	O
kao	O
kapi	O
kiše	O
,	O
kišobran	O
dižem	O
kada	O
kiša	O
stane	O
.	O

majka	O
me	O
pita	O
da	O
joj	O
pomognem	O
da	O
nalakira	O
nokte	O
!?	O

za	O
10	O
god.	O
#50miliona	O
ljudi	O
u	O
svetu	O
ce	NORM_1WORD
zavisiti	O
od	O
tudje	NORM_1WORD
nege	O
.	O

onda	O
je	O
kao	O
prelepi	O
crni	O
arapski	O
konj	O
.	O

zašto	O
uvek	O
kupujem	O
kondome	O
za	O
drugaricu	O
?	O

tzv.	O
agenti	O
koji	O
promovišu	O
određeni	O
proizvod	O
,	O
da	O
nauče	O
da	O
bezobrazlukom	O
i	O
agresivnošču	NORM_1WORD
ništa	O
nećete	O
postiči	NORM_1WORD
,	O
osim	O
da	O
ga	O
poduvaju	O
.	O

serem	O
ti	O
se	O
na	O
to	O
...	O

možda	O
će	O
prestati	O
da	O
uvozi	O
gas	O
i	O
preći	O
da	O
se	O
greje	O
na	O
drva	O
?!	O

buhaha	O
!	O

@don_pekos	O
pa	O
pametni	O
ljudi	O
,	O
pre	O
svega	O
momci	O
ce	NORM_1WORD
vise	NORM_1WORD
da	O
cene	O
inteligenciju	O
a	O
ne	O
sise	O
i	O
dupe	O
.	O

kad	O
misliš	O
da	O
je	O
nekome	O
stalo	O
do	O
tebe	O
,	O
a	O
ono	O
ti	O
univerzum	O
pošalje	O
1000	O
kuraca	O
koji	O
ti	O
padnu	O
pravo	O
u	O
oči	O

razlozi	O
su	O
od	O
onih	O
ok	O
,	O
do	O
banalnih	O
.	O

inače	O
,	O
keva	O
mi	O
je	O
kupila	O
,	O
kupila	O
mi	O
i	O
sijaset	O
belih	O
gaća	O
i	O
kod	O
doktora	O
me	O
vodi	O
kad	O
se	O
razbolim	O
jer	O
sam	O
retardirana	O
debilčina	O
.	O

zašto	O
ne	O
shvatate	O
da	O
mi	O
treba	O
psihički	O
odmor	O
nakon	O
sat	O
i	O
po	O
vremena	O
guranja	O
sa	O
bama	NORM_1WORD
u	O
lasti	O
i	O
na	O
stanici	O
?	O

drugarica	O
bila	O
u	O
solarijumu	O
3	O
min	NORM_1WORD
,	O
izazi	NORM_1WORD
napolje	O
i	O
pita	O
jel	NORM_1WORD
crna	O
.	O

srećnu	O
novu	O
godinu	O
želimo	O
vam	O
moja	O
mama	O
(	O
hrče	O
)	O
,	O
tata	O
(	O
hrče	O
)	O
,	O
ja	O
(	O
još	O
malo	O
)	O
i	O
momak	O
iz	O
trafike	O
koji	O
jede	O
moju	O
prasetinu	O
sestru	O
mu	O
jebem	O
...	O

ovo	O
malo	O
omladine	O
sto	NORM_1WORD
je	O
ostalo	O
vi	O
rasterujete	O
.	O

ako	O
ti	O
se	O
ne	O
pogodi	O
tema	O
nemoj	O
da	O
se	O
pravis	NORM_1WORD
pametan	O
.	O

odavno	O
nisam	O
putovao	O
busom	O
.	O

"	O

ne	O
zamerajte	O
mi	O
na	O
besimislenim	O
tvitovima	O
.	O

@natamij	O
eto	O
teme	O
za	O
drugi	O
dnevnik	O
!	O

@galaxy4b	O
raspusti	O
,	O
vikendi	O
i	O
sićušno	O
radno	O
vreme	O
.	O

ne	O
vidjamo	NORM_1WORD
se	O
vishe	NORM_1WORD
.	O

vožnja	O
sad	O
.	O

next	O
!	O

u	O
paradajzu	O
prodaju	O
'	O
čaj	O
za	O
dijabetičare	O
'	O
.	O

gasi	O
ovo	O
,	O
ce	NORM_1WORD
se	O
podavimo	O
svi	O
u	O
vodu	NORM_1WORD
...	O

@gradonacelnikni	O
je	O
nastavio	O
praksu	O
da	O
novac	O
po	O
sopstvenom	O
nahođenju	O
delu	NORM_1WORD
podobnim	O
medijima	O

ušla	O
sam	O
u	O
pekaru	O
,	O
a	O
na	O
radiju	O
vaya	O
con	O
dios	O
-	O
puerto	O
rico	O
.	O

volim	O
kad	O
napisem	NORM_1WORD
neki	O
tvit	O
,	O
pa	O
se	O
neko	O
sa	O
lajne	O
uspali	O
,	O
a	O
ne	O
konta	O
da	O
sam	O
se	O
u	O
stvari	O
sprdala	O
u	O
tvitu	O
.	O

nevažna	O
činjenica	O
,	O
ali	O
ipak	O
da	O
napomenem	O
da	O
je	O
taj	O
bojler	O
bio	O
ispravan	O
.	O

lajanje	O
uličnih	O
pasa	O
i	O
njihovo	O
jurcanje	O
za	O
kolima	O
vam	O
smeta	O
,	O
a	O
celonoćno	O
larmanje	O
iskompleksiranih	O
kretena	O
na	O
motorima	O
je	O
ok	O
?	O

nisam	O
ja	O
objekat	O
.	O

dvoumim	O
se	O
izmeđe	NORM_1WORD
desingual	NORM_1WORD
novčanika	O
i	O
hypnose	O
parfema	O
.	O

bacila	O
sam	O
knjigu	O
,	O
legla	O
na	O
stomak	O
,	O
rasirila	NORM_1WORD
ruke	O
i	O
noge	O
i	O
dahcem	NORM_1WORD
od	O
vrucine	NORM_1WORD
k'o	NORM_1WORD
ovaj	O
ker	O
pored	O
mene	O
.	O

"	O
imaš	O
24	O
h	O
da	O
mi	O
dokažeš	O
u	O
suprotnom	O
ću	O
te	O
ne	O
samo	O
prebiti	O
već	O
i	O
ubiti	O
jer	O
ti	O
ne	O
zaslužuješ	O
da	O
živiš	O
.	O
"	O

@aleksejevic	O
nije	O
ona	O
nadležna	O
,	O
nego	O
vlada	O
.	O

pizda	O
,	O
to	O
je	O
karakterna	O
osobina	O
.	O
"	O

mislim	O
da	O
je	O
jutarnju	O
glupost	O
povukla	O
na	O
mene	O

#utisak	O

ruski	O
naučnici	O
pozivaju	O
da	O
se	O
gmo	O
zabrani	O
na	O
10	O
g.	O
zbog	O
potvrđenog	O
lošeg	O
uticaja	O
na	O
zdravlje	O
ljudi	O
.	O

svih	O
ovih	O
godina	O
najveći	O
problem	O
srbije	O
su	O
nestručnost	O
i	O
loša	O
organizacija	O
.	O

centralno	O
otadžbinsko	O
starešinstvo	O
sa	O
sedištem	O
u	O
čačku	O
i	O
ostala	O
ezoterična	O
gibanja	O
u	O
redovima	O
srpske	O
opozicije	O
.	O

`bem	NORM_1WORD
te	O
zivote	NORM_1WORD
!	O

ono	O
kad	O
keva	O
i	O
cale	NORM_1WORD
razmisljaju	NORM_1WORD
da	O
li	O
da	O
idu	O
na	O
more	O
,	O
a	O
ti	O
ih	O
nagovaras	NORM_1WORD
samo	O
da	O
bi	O
uzivao	NORM_1WORD
dok	O
oni	O
nisu	O
tu	O
.	O

ne	O
mrdaj	O
"	O

dođe	O
mi	O
da	O
tražim	O
isti	O
i	O
kažem	O
da	O
stave	O
puno	O
šećera	O
!	O

ljubav	O
je	O
kad	O
ona	O
uci	NORM_1WORD
italijanski	O
,	O
pa	O
ja	O
citavu	NORM_1WORD
noc	NORM_1WORD
ni	O
kriv	O
ni	O
duzan	NORM_1WORD
slusam	NORM_1WORD
debilnu	O
politicku	NORM_1WORD
svadju	NORM_1WORD
na	O
rai	NORM_1WORD
zato	O
to	NORM_1WORD
bas	NORM_1WORD
razgovetno	O
pricaju	NORM_1WORD
..	O

mi	O
smo	O
takva	O
porodica	O
da	O
kada	O
dodje	NORM_1WORD
komšinica	O
dara	O
,	O
obavezno	O
se	O
oblacimo	NORM_1WORD
i	O
idemo	O
na	O
slavu	O
.	O

atmosfera	O
je	O
divna	O
nema	O
guzve	NORM_1WORD
svi	O
setaju	NORM_1WORD
a	O
belgija	O
gubi	O
desetine	O
hiljada	O
iz	O
min	NORM_1WORD
u	O
min.	O
.	O

dosta	O
više	O
aj	NORM_1WORD
sad	O
ja	O
marš	O
u	O
krevet	O
al	NORM_1WORD
na	O
spavanje	O
bay	NORM_1WORD
bay	NORM_1WORD
ptičice	O
i	O
naravno	O
cmoka	O
ona	O
duga	O
sočna	O
što	O
odzvanja	O
kad	O
ljubiš	O
.	O

i	O
svadbu	O
napravio	O
.	O

20	O
godina	O
,	O
jedva	O
je	O
živa	O
ostala	O
.	O

koji	O
su	O
glupsoni	O
proizvođači	O
šporeta	O
i	O
frižidera	O
,	O
samo	O
da	O
ugrade	O
instagram	O
,	O
udesetostručili	O
bi	O
prodaju	O
.	O

samo	O
cekam	NORM_1WORD
jedan	O
dan	O
da	O
vidim	O
reklamu	O
bajone	O
,	O
brzi	O
i	O
dejan	O
cukic	NORM_1WORD
na	O
uscu	NORM_1WORD
!	O

@rokselanaana	O
ne	O
znam	O
.	O

inače	O
,	O
znam	O
da	O
imitiram	O
mnogo	O
stvari	O
:	O
kineze	O
,	O
elvisa	O
,	O
miroslava	O
ilića	O
,	O
kokošku	O
,	O
ćurku	O
,	O
mačka	O
u	O
sezoni	O
parenja	O
,	O
"	O
ice	O
age	O
"	O
vevericu	O
itd.	O
..	O

da	O
mi	O
se	O
objasni	O
koji	O
me	O
to	O
djavo	NORM_1WORD
tera	O
da	O
cim	NORM_1WORD
se	O
isfeniram	O
,	O
dobjem	NORM_1WORD
neopisiv	O
napad	O
kuvanja	O
i	O
moram	O
da	O
usmrdim	O
celu	O
kucu	NORM_1WORD
?!	O

uvek	O
u	O
vereme	NORM_1WORD
trajanja	O
eurosonga	O
u	O
gradu	O
kome	NORM_1WORD
se	O
organizuje	O
kurve	O
primecuju	NORM_1WORD
pad	O
prometa	O
a	O
gay	O
veze	O
se	O
raskidaju	O
na	O
par	O
nedelja	O
....	O

ali	O
bez	O
odlucnosti	NORM_1WORD
i	O
propustanjem	NORM_1WORD
pruzenih	NORM_1WORD
sansi	NORM_1WORD
tesko	NORM_1WORD

zašto	O
bismo	O
gledali	O
našu	O
košarku	O
kad	O
možemo	O
gledati	O
španca	O
i	O
francuza	O
kako	O
mlate	O
reketima	O
i	O
stenju	O
,	O
jel	NORM_1WORD
tako	O
rts	O
?	O

e	O
moj	O
momo	O
,	O
da	O
vidiš	O
ko	O
te	O
danas	O
sve	O
citira	O
,	O
smorio	O
bi	O
se	O
k'o	NORM_1WORD
moja	O
bakuta	O
kada	O
sam	O
joj	O
rekao	O
da	O
su	O
preljubnici	O
fejk	O
.	O

eto	O
,	O
prorok	O
bojan	O
.	O

tuširam	O
se	O
kod	O
njega	O
,	O
ne	O
ponesem	O
gaće	O
u	O
wc	O
.	O

pa	O
kad	O
navrnu	O
jkovci	NORM_1WORD
da	O
ih	O
šokiramo	O
dobrom	O
muzikom	O
.	O

mama	O
:	O
kralja	O
kokaina	O
.	O

ipak	O
,	O
dačić	O
nađe	O
drugo	O
rešenje	O
bez	O
dinkića	O
u	O
"	O
najboljem	O
"	O
interesu	O
srbije	O
.	O

ne	O
razmišljamo	O
svi	O
isto	O
.	O

jesam	O
debil	O
il	NORM_1WORD
sam	O
debil	O
?	O

@viljuska33	O
ja	O
sam	O
rekla	O
,	O
sto	NORM_1WORD
sam	O
zvala	O
-	O
zvala	O
sam	O
,	O
ne	O
silim	O
nikog	O
ni	O
na	O
sta	NORM_1WORD
.	O

#laku_noć	O
:*	O

svoju	O
glupost	O
sam	O
prepoznala	O
u	O
tome	O
sto	NORM_1WORD
sam	O
neke	O
ljude	O
nazivala	O
prijateljima	O
,	O
eto	O
,	O
bar	O
su	O
necemu	NORM_1WORD
vredeli	O
.	O

odlucila	NORM_1WORD
sam	O
da	O
skupljam	O
pare	O
za	O
njegov	O
poklon	O
.	O

šta	O
je	O
sledeće	O
?	O

jeste	O
,	O
pomoć	NORM_1WORD
će	O
informisanje	O
,	O
ali	O
će	O
pomoći	O
u	O
onaj	O
1	O
od	O
100	O
slučajeva	O
.	O

shvatio	O
sam	O
!	O

jedan	O
briše	O
sto	O
i	O
stolicu	O
maramicom	O
već	O
satima	O
,	O
jedan	O
udara	O
prstima	O
o	O
sto	O
.	O

koliko	O
sam	O
danas	O
u	O
tinejdž	O
fazonu	O
,	O
odoh	O
da	O
šutiram	O
dečake	O
između	O
nogu	O
ne	O
bih	O
li	O
im	O
stavila	O
do	O
znanja	O
da	O
mi	O
se	O
sviđaju	O
.	O

malopre	O
gledam	O
kzn	O
,	O
kimi	O
pored	O
šćepovića	O
u	O
prostorijama	O
kluba	O
,	O
potpuno	O
legitimno	O
daje	O
izjavu	O
,	O
drskost	O
me	O
je	O
fascinirala	O
.	O

pa	O
kažem	O
,	O
tvitovi	O
su	O
mi	O
bipolarni	O
.	O

kažu	O
da	O
se	O
pametan	O
čovek	O
ne	O
bavi	O
politikom	O
.	O

cije	NORM_1WORD
su	O
proizvodnje	O
stoljnjaci	O
i	O
ko	O
je	O
brao	O
sve	O
ruzmarine	NORM_1WORD
?	O

kako	O
se	O
zaposliti	O
,	O
zasnivati	O
porodicu	O
.	O

mislim	O
u	O
sedmom	O
je	O
i	O
izgubila	O
nevinost	O
na	O
klupicu	NORM_1WORD
ispred	O
zgrade	O
.	O

evo	O
neki	O
moji	O
rodjaci	NORM_1WORD
na	O
fb	O
imaju	O
ogroman	O
smisao	O
za	O
humor	O
,	O
nadam	O
se	O
da	O
necemo	NORM_1WORD
komunicirati	O
na	O
svadbi	O
.	O

šta	O
zaokuplja	O
živote	O
naših	O
sugrađana	O
radovaca	O
i	O
ostalih	O
pički	O
materina	NORM_1WORD
.	O

lesi	O
se	O
vratio	O
kući	O
!	O

pitam	O
se	O
,	O
pošto	O
su	O
igrači	O
partizana	O
dobili	O
plate	O
,	O
da	O
li	O
su	O
se	O
prejeli	O
pa	O
se	O
kilavo	O
kreću	O
po	O
terenu	O
,	O
ili	O
su	O
se	O
umorili	O
od	O
šopinga	O
u	O
grčkoj	O
.	O

proverim	O
društvene	O
mreže	O
,	O
pročitam	O
novine	O
,	O
pa	O
pošaljem	O
po	O
sms	O
roditeljima	O
"	O
hvala	O
mama	O
,	O
hvala	O
tata	O
"	O

pretvaranje	O
konkurencije	O
u	O
mržnju	O
.	O

samo	O
mi	O
nije	O
jasno	O
,	O
i	O
pomalo	O
je	O
žalosno	O
što	O
ljudi	O
nisu	O
prepoznali	O
ni	O
glumce	O
,	O
ali	O
bar	O
odlomke	O
iz	O
dela	O
,	O
ne	O
shvatam	O
?!	O

zato	O
sto	NORM_1WORD
koleginice	O
na	O
pauzi	O
kupuju	O
vodu	O
i	O
zvacu	NORM_1WORD
bombone	O
a	O
ja	O
kupujem	O
pepsi	O
i	O
juhu	O
cokoladicu	NORM_1WORD
,	O
zato	O
sam	O
i	O
debela	O
.	O

hoću	O
-	O
jasan	O
račun	O
-	O
prostu	O
jednačinu	O
-	O
kraj	O
.	O

procitam	NORM_1WORD
"	O
umetnost	O
ratovanja	O
"	O
od	O
sun	O
tzua	O
24	O
put	O
i	O
onda	O
sidjem	NORM_1WORD
do	O
pekare	O
i	O
pomognem	O
bakici	O
da	O
predje	NORM_1WORD
pesacki	NORM_1WORD
prelaz	O
lagano	O
smekerski	NORM_1WORD
.	O

-	O
obesila	O
bih	O
te	O
na	O
terazijama	O
za	O
primer	O
,	O
majmune	O
!	O

upuštanje	O
u	O
privatan	O
biznis	O
i	O
/	O
ili	O
vera	O
u	O
bolje	O
sutra	O
u	O
srbiji	O
,	O
isključuje	O
poznavanje	O
matiša	O
i	O
racionalnog	O
razmišljanja	O
.	O

obozavam	NORM_1WORD
kada	O
u	O
drustvu	NORM_1WORD
me	O
shvati	O
jedna	O
osoba	O
dok	O
svi	O
ostali	O
blenu	O
u	O
mene	O
kao	O
da	O
sam	O
debil	O
.	O

nekako	O
ja	O
najvise	NORM_1WORD
volim	O
zivotinje	NORM_1WORD
.	O

odavde	O
do	O
wc-a	O
...	O

"	O
gruvaju	O
"	O
kao	O
nenormalni	O
.	O

vetar	O
opalo	O
lišće	O
valja	O
,	O
puževi	O
sporo	O
po	O
žiletu	O
pužu	O
,	O
krava	O
u	O
trećoj	O
brzini	O
odjuruje	O
na	O
mužu	O
...	O

pitala	O
sam	O
nesto	NORM_1WORD
drugaricu	O
,	O
i	O
ustaje	O
jedna	O
likusa	NORM_1WORD
i	O
pocinje	NORM_1WORD
da	O
mi	O
drzi	NORM_1WORD
predavanje	O
.	O

tražite	O
mesto	O
za	O
odmor	O
na	O
selu	O
u	O
potpunoj	O
tišini	O
i	O
fantastičnoj	O
prirodi	O
?	O

mogu	O
mnogo	O
ali	O
ne	O
mogu	O
sam	O
.	O

vicevi	O
-	O
mama	O
kaže	O
perici	O
:	O
-	O
sine	O
,	O
negde	O
u	O
kuci	NORM_1WORD
se	O
čuje	O
kako	O
cijuče	O
miš	O
!	O

ljubav	O
i	O
ponos	O
su	O
u	O
opoziciji	O
.	O

treba	O
mi	O
dan	O
da	O
ga	O
protraćim	O
skrštenih	O
nogu	O
u	O
oblake	O
,	O
lakiranjem	O
noktiju	O
i	O
opterećivanjem	O
mozga	O
muzikom	O
.	O

za	O
sav	O
posao	O
službenici	O
koriste	O
samo	O
jednu	O
aplikaciju	O
koja	O
se	O
može	O
prekodirati	O
jeftino	O
.	O

dok	O
rastes	NORM_1WORD
mozes	NORM_1WORD
sve	O
da	O
podneses	NORM_1WORD
cak	NORM_1WORD
i	O
najgore	O
stvari	O
.	O

je	O
l'	NORM_1WORD
treba	O
da	O
idem	O
da	O
ga	O
podmažem	O
?!	O

najveci	NORM_1WORD
problem	O
koji	O
imam	O
u	O
zivotu	NORM_1WORD
je	O
-	O
kako	O
da	O
ljudi	O
prepoznaju	O
kad	O
im	O
prilazim	O
s	O
najboljim	O
namerama	O
.	O

a	O
?	O

#beerfest	O
je	O
,	O
a	O
mini	O
busevi	O
na	O
ovoj	O
relaciji	O
na	O
svakih	O
pola	O
sata	O
!	O

cesto	NORM_1WORD
psujes	NORM_1WORD
samog	O
sebe	O
jer	O
si	O
previse	NORM_1WORD
dobar	O

svet	O
bi	O
bio	O
lepši	O
kad	O
bi	O
gospođa	O
d.	O
dragović	O
skontala	O
da	O
nije	O
mirovna	O
dobrosusjedska	O
misija	O
.	O

srbija	O
idealna	O
za	O
život	O
?	O

a	O
u	O
pups_u	NORM_1WORD
pater	O
familijarno	O
,	O
sin	O
naslednik	O
doneo	O
odluku	O
da	O
potpise	NORM_1WORD
koalicioni	O
sporazum	O
a	O
go	O
mu	O
sluzi	NORM_1WORD
kao	O
zvečka	O
.	O

keva	O
i	O
ja	O
pms-iramo	O
i	O
tako	O
kolektivno	O
placemo	NORM_1WORD
.	O

salje	NORM_1WORD
mi	O
neki	O
ludak	O
njegove	O
gole	O
fotke	O
na	O
fejs	O
,	O
ja	O
ne	O
odgovaram	O
,	O
na	O
kraju	O
me	O
blokira	O
.	O

talenat	O
ili	O
iskustvo	O
,	O
enivej	O
kralj	O
.	O

ako	O
izuzemo	NORM_1WORD
mene	O
,	O
cvijica	NORM_1WORD
i	O
onu	O
likusu	NORM_1WORD
sa	O
filoloskog	NORM_1WORD
.	O

baba	O
ide	O
po	O
kući	O
i	O
pita	O
ko	O
će	O
da	O
igra	O
ne	O
ljuti	O
se	O
čoveče	O

tori	O
speling	O
,	O
odrasla	O
u	O
bogatstvu	O
,	O
sada	O
prinudjena	NORM_1WORD
da	O
snima	O
grozni	O
rijaliti	O
,	O
sa	O
unakazenim	NORM_1WORD
licem	O
.	O

@edgesmoke3yewic	O
pa	O
gde	O
ne	O
liče	O
!!!	O

svecano	NORM_1WORD
se	O
zaklinjem	O
da	O
cu	NORM_1WORD
od	O
sad	O
pa	O
do	O
kraja	O
svog	O
zivota	NORM_1WORD
da	O
ubijem	O
svakog	O
komarca	O
koga	O
vidim	O
/	O
cujem	NORM_1WORD
.	O

dobila	O
sam	O
od	O
babe	O
roze	NORM_1WORD
majicu	O
sa	O
nekim	O
printom	O
i	O
cirkonima	O
na	O
poklon	O
i	O
ne	O
znam	O
kako	O
da	O
joj	O
na	O
fin	O
način	O
kažem	O
da	O
je	O
poklon	O
grozan	O
...	O

prvo	O
je	O
bilo	O
sporno	O
sto	NORM_1WORD
sam	O
na	O
listi	O
,	O
onda	O
sto	NORM_1WORD
sam	O
se	O
povukao	O
,	O
pa	O
sto	NORM_1WORD
nisam	O
glasao	O
17og	NORM_1WORD
,	O
sad	O
je	O
sporno	O
sto	NORM_1WORD
cu	NORM_1WORD
glasati	O
za	O
@ivanovic_oliver	O
...	O

inače	O
teško	O
bi	O
ikad	O
došli	O
tu	O
bez	O
stranke	O
.	O

jao	O
sto	NORM_1WORD
volim	O
taj	O
osecaj	NORM_1WORD
kad	O
skontam	O
da	O
mu	O
svaka	O
sledeca	NORM_1WORD
devojka	O
koju	O
nadje	NORM_1WORD
sve	O
vise	NORM_1WORD
i	O
vise	NORM_1WORD
podseca	NORM_1WORD
na	O
mene	O
.	O

ugostitelji	O
pobedjuju	NORM_1WORD
,	O
ljudi	O
su	O
dobronamerni	O
!	O

makijavelistički	O
neokapitalizam	O
u	O
poslovanju	O
...	O

-	O
to	O
je	O
,	O
kevo	O
,	O
sveg	O
.	O

28.06.1389.	O
god	NORM_1WORD
,	O
milos	NORM_1WORD
obilic	NORM_1WORD
je	O
ubio	O
sultana	O
murata	O
i	O
otisao	NORM_1WORD
u	O
legendu	O
,	O
28.06.2013.	O
god	NORM_1WORD
ja	O
citiram	O
cecu	O
na	O
tviteru	O
i	O
odlazim	O
u	O
kurac	O
.	O

verovanje	O
u	O
svemoguće	O
pojedince	O
je	O
sumrak	O
demokratije	O
.	O

wtf	O
?	O

enfin	O
!	O

glavni	O
problem	O
je	O
da	O
vi	O
na	O
vlasti	O
živite	O
sa	O
preko	O
150.000	O
mesečno	O
,	O
mislite	O
za	O
nas	O
da	O
imamo	O
50	O
-	O
60.000	O
a	O
zapravo	O
imamo	O
oko	O
15	O

raskosna	NORM_1WORD
arhitektura	O
djerdapskog	NORM_1WORD
kraja	O
vam	O
moze	NORM_1WORD
ustedeti	NORM_1WORD
novac	O
za	O
decije	NORM_1WORD
ekskurzije	O
u	O
atini	O
.	O

pa	O
ne	O
možeš	O
da	O
budeš	O
student	O
3.	O
godine	O
farmacije	O
i	O
da	O
pišeš	O
i	O
pričaš	O
kako	O
si	O
mislela	NORM_1WORD
i	O
radela	NORM_1WORD
,	O
ne	O
ide	O
jebem	O
mu	O
'leba	NORM_1WORD
.	O

u	O
kafani	O
na	O
periferiji	O
grada	O
,	O
pustice	NORM_1WORD
ga	O
da	O
jase	NORM_1WORD
go	NORM_1WORD
u	O
preriji	O
,	O
ko	NORM_1WORD
medj'	NORM_1WORD
kaktuse	O
bela	O
rada	O
!	O

ali	O
dobro	O
,	O
samo	O
zelim	NORM_1WORD
da	O
te	O
zagrlim	O
jako	O
jako	O
jako	O
...	O

ne	O
kaze	NORM_1WORD
se	O
bez	O
veze	O
da	O
ljudi	O
kad	O
ostare	O
podetinje	O
.	O

-	O
volim	O
vas	O
najviše	O
,	O
a	O
vi	O
mene	O
?	O

gledam	O
na	O
jutubu	NORM_1WORD
kako	O
se	O
devojke	O
tuku	O

jbg	NORM_1WORD
kako	O
sada	O
stvari	O
stoje	O
,	O
najveće	O
priznanje	O
i	O
uvažavanje	O
šitari	NORM_1WORD
imaju	O
baš	O
od	O
srbije	O
!	O

umobolna	O
babuskero	NORM_1WORD
,	O
tvoj	O
iritantni	O
glas	O
i	O
ultra	O
retardirana	O
priča	O
uopšte	O
ne	O
bude	O
želju	O
da	O
te	O
prekoljem	O
.	O

ono	O
kad	O
kuvaš	O
kafu	O
dok	O
čitaš	O
lajnu	O
pa	O
ne	O
znaš	O
da	O
li	O
si	O
zakuvao	O
sa	O
jednom	O
ili	O
tri	O
kašikice	NORM_1WORD
pa	O
zuneš	O
još	O
18	O
za	O
svaki	O
slučaj	O
.	O

da	O
pogodim	O
:	O
ovog	O
trenutka	O
svi	O
vernici	O
glodju	NORM_1WORD
po	O
stap	NORM_1WORD
cajne	NORM_1WORD
ili	O
zjvu	NORM_1WORD
virslu	NORM_1WORD
dok	O
im	O
samo	O
dupe	O
viri	O
iz	O
frizidera	NORM_1WORD
?	O

realno	O
.	O

zato	O
što	O
je	O
sve	O
državno	O
i	O
ništa	O
ne	O
bankrotira	O
,	O
zato	O
ćemo	O
svi	O
samo	O
da	O
polegamo	NORM_1WORD
i	O
da	O
odumremo	O
.	O

kao	O
i	O
svaki	O
rat	O
on	O
zahteva	O
znatna	O
sredstva	O
,	O
a	O
to	O
plaćaju	O
građani	O
...	O

na	O
mejlove	O
odgovaram	O
u	O
nedogledno	O
vreme	O
da	O
bih	O
izbegla	O
dopisivanje	O
.	O

fale	O
pare	O
za	O
spot	O
?	O

mislim	O
da	O
se	O
zove	O
paznja	NORM_1WORD
i	O
sigurnost	O

više	O
ljudi	O
zapravo	O
umire	O
od	O
gladi	O
nego	O
od	O
ebole	O
,	O
fazon	O
je	O
u	O
tome	O
što	O
bogati	O
ljudi	O
ne	O
mogu	O
umreti	O
od	O
toga	O
.	O

izluđivao	O
je	O
pomodarce	O
.	O

jednog	O
dana	O
ću	O
biti	O
divna	O
majka	O
.	O

nisam	O
uobrazena	NORM_1WORD
,	O
ne	O
vidim	O
.	O

dodje	NORM_1WORD
na	O
razgovor	O
za	O
posao	O
(	O
pomocni	NORM_1WORD
radnik	O
u	O
kuhinji	O
)	O
i	O
kaze	NORM_1WORD
:	O
"	O
volim	O
da	O
napredujem	O
...	O

sutra	O
ćeš	O
da	O
misliš	O
o	O
tome	O
,	O
kukaš	O
,	O
laješ	O
..	O

opet	O
nije	O
bilo	O
tocenog	NORM_1WORD
piva	O
sinoc	NORM_1WORD
,	O
za	O
vreme	O
block	O
out-a	O
.	O

ne	O
.	O

pukla	O
nam	O
je	O
guma	O
u	NORM_1WORD
picke	NORM_1WORD
materine	O
.	O

sve	O
mogu	O
da	O
podnesem	O
,	O
al	NORM_1WORD
kad	O
vidim	O
da	O
lepotica	O
umota	O
kosu	O
...	O

ako	O
pozoves	NORM_1WORD
u	O
sred	O
noci	NORM_1WORD
i	O
probudis	NORM_1WORD
me	O
prekinucu	NORM_1WORD
ti	O
vezu	O
.	O

čitam	O
komentare	O
svoje	O
majke	O
na	O
fb	O
,	O
sadrže	O
delove	O
i	O
na	O
engleskom	O
,	O
i	O
što	O
kaže	O
pendža	O
,	O
roknuću	O
se	O
.	O

jao	O
jao	O
sve	O
pametnjakovici	NORM_1WORD
ovde	O
!	O

flešbek	O
može	O
često	O
biti	O
posledica	O
poremećaja	O
kao	O
što	O
su	O
seksualne	O
traume	O
ili	O
zloupotrebe	O
psihodeličnih	O
droga	O
.	O

pošto	O
su	O
ga	O
u	O
emiratima	O
izabrali	O
da	O
bude	O
srpski	O
činovnik	O
red	O
je	O
i	O
da	O
ga	O
plate	O

pa	O
da	O
,	O
glupača	O
,	O
isključila	O
zvuk	O
i	O
očekujem	O
da	O
nešto	O
peva	O
.	O

wtf	O
?	O

čemu	O
pisanje	O
o	O
revoluciji	O
,	O
koju	O
danas	O
ne	O
priznaju	O
kao	O
takvu	O
.	O

kad	O
svi	O
ovi	O
ljudi	O
odu	O
iz	O
kuce	NORM_1WORD
,	O
ostace	NORM_1WORD
praznina	O
u	O
meni	O
i	O
zaista	O
ne	O
znam	O
kako	O
da	O
se	O
nosim	O
sa	O
situacijom	O
.	O

zavescu	NORM_1WORD
to	O
pod	O
:	O
nocna	NORM_1WORD
mora	O
-	O
frustracija	O
ne	O
jenjava	O
.	O

kucam	O
nasumice	O
dva	O
slova	O
u	O
pretrazi	O
na	O
yt	O
u	O
nameri	O
da	O
nadjem	NORM_1WORD
neku	O
pesmu	O
da	O
pustim	O
,	O
posto	NORM_1WORD
ne	O
znam	O
sta	NORM_1WORD
da	O
pustim	O
.	O

mesec	O
se	O
ogleda	O
u	O
talasima	O
i	O
ogleda	O
u	O
našim	O
flašama	O
.	O

danas	O
ne	O
mogu	O
-	O
imamo	O
u	O
skupštini	O
konferenciju	O
sa	O
@usaidserbia	O
.	O

u	O
svojim	O
glavama	O
trčimo	O
jedno	O
ka	O
drugom	O
,	O
a	O
u	O
stvarnosti	O
bežimo	O
jedno	O
od	O
drugog	O
jer	O
se	O
plašimo	O
da	O
ćemo	O
biti	O
povređeni	O

eto	O
kako	O
se	O
igra	O
kad	O
klub	O
posluje	O
normalno	O
i	O
kad	O
nema	O
bagre	O
.	O

retko	O
ima	O
plana	O
,	O
ovo	O
je	O
možda	O
neko	O
napisao	O
pismo	O
,	O
oni	O
prihvatili	O
...	O

@toda1978	O
nadam	O
se	O
da	O
ste	O
lepo	O
plaćeni	O
za	O
to	O
što	O
radite	O
.	O

ne	O
zelim	NORM_1WORD
da	O
znam	O
sta	NORM_1WORD
je	O
rekla	O
.	O

muž	O
spakovao	O
košulju	O
koju	O
sam	O
najviše	O
volela	O
.	O

sta	NORM_1WORD
ti	O
rekla	O
zena	NORM_1WORD
kad	O
si	O
se	O
nocas	NORM_1WORD
kasno	O
vratio	O
kuci	NORM_1WORD
mrtav	O
pijan	O
?	O

toliko	O
gledam	O
gilmore	O
girls	O
ovih	O
dana	O
,	O
nailazi	O
momak	O
u	O
teget	O
džemperu	O
sa	O
amblemom	O
,	O
hadžipopovac	O
brate	O
chilton	O
.	O

kad	O
bog	O
humora	O
sa	O
fejsa	O
okači	O
prvi	O
sliku-komentar	O
(	O
komičnu	O
)	O
na	O
objavu	O
mudrolija	O
,	O
je	O
l'	NORM_1WORD
se	O
ostali	O
ubiju	O
?	O

nešto	O
su	O
utanjili	O
sa	O
arsenalom	O
.	O

koliko	O
retard	O
moraš	O
biti	O
da	O
u	O
bio	NORM_1WORD
na	O
instagramu	O
stsviš	NORM_1WORD
:	O
ne	O
zapraćujte	O
me	O
ako	O
me	O
nećete	O
lajkovati	O
?	O

desno	O
su	O
jos	NORM_1WORD
dve	O
bebe	O
nesto	NORM_1WORD
mladjeg	NORM_1WORD
uzrasta	O
koje	O
skice	NORM_1WORD
kao	O
da	O
hoce	NORM_1WORD
sudu	NORM_1WORD
,	O
te	O
ukoliko	O
im	O
je	O
majka	O
ne	O
pruži	O
ponudicu	NORM_1WORD
moju	O
.	O

njegova	O
teorija	O
o	O
"	O
odlivu	O
mozgova	O
"	O
je	O
nešto	O
najgenijalnije	O
što	O
sam	O
čula	O
u	O
skorije	O
vreme	O
.	O

kad	O
god	O
treba	O
da	O
odem	O
do	O
wc-a	O
a	O
napolju	O
su	O
pogasena	NORM_1WORD
svetla	O
i	O
u	O
kuci	NORM_1WORD
je	O
mrkli	O
mrak	O
ja	O
umrem	O
od	O
straha	O
.	O

šta	O
kažeš	O
na	O
to	O
da	O
se	O
podjebavamo	O
na	O
intelektualnoj	O
osnovi	O
?	O

imam	O
tu	O
jednu	O
drugaricu	O
koja	O
uvek	O
ima	O
nekog	O
s	O
kim	O
se	O
dopisuje	O
ili	O
vidi	O
..	O

@buljuk	O
šalu	O
na	O
stranu	O
,	O
strpljenja	O
i	O
samo	O
strpljenja	O
.	O

mašala	O
!	O

upravo	O
razmišljam	O
o	O
tome	O
šta	O
li	O
rade	O
vidovita	O
zorka	O
,	O
neša	O
twins	O
i	O
sale	O
džanki	O
,	O
prof.	O
eng.	O

oh	O
,	O
wait	O
,	O
pa	O
ja	O
ni	O
nemam	O
iste	O
.	O

lexington	O
band	O
sa	O
novim	O
albumom	O
oduvao	O
.	O

žao	O
mi	O
je	O
što	O
ne	O
idem	O
više	O
u	O
srednju	O
jer	O
mi	O
nedostaje	O
ono	O
"	O
jer	NORM_1WORD
znas	NORM_1WORD
nekog	O
ko	O
prodaje	O
knjige	O
???	O
"	O
u	O
ovo	O
vreme	O

alo	O
bre	O
,	O
niste	O
kod	O
vaspitačice	O
,	O
puštaj	O

isto	O
to	O
klizanje	O
nek	NORM_1WORD
me	O
coki	O
u	O
gluteus	O
maximus	O
.	O

institucija	O
predsednika	O
srbije	O
.	O

jeste	O
li	O
se	O
ususkali	NORM_1WORD
?	O

dosao	NORM_1WORD
vodoinstalater	O
popravlja	O
,	O
kazem	NORM_1WORD
sestri	O
:	O
"	O
odo	NORM_1WORD
ja	O
,	O
ostani	O
ti	O
sama	O
sa	O
njim	O
,	O
smanji	O
cenu	O
,	O
necemo	NORM_1WORD
imati	O
ni	O
za	O
hleb	O
,	O
vazi	NORM_1WORD
?	O
"	O

privlači	O
se	O
temom	O
i	O
stilom	O
a	O
ne	O
šokovima	O
.	O

dok	O
ja	O
ovde	O
nemam	O
devojku	O
#vucic	O
se	O
baskari	NORM_1WORD
po	O
londonu	O
.	O

srecan	NORM_1WORD
uskrs	O
svima	O
sa	O
zakasnjenj	NORM_1WORD

kako	O
resiti	NORM_1WORD
neg.	O
nasledje	NORM_1WORD
?	O

drago	O
mi	O
je	O
sto	NORM_1WORD
je	O
kostic	NORM_1WORD
izisao	NORM_1WORD
iz	O
politike	O
.	O

majci	O
kad	O
se	O
ne	O
javiš	O
na	O
telefon	O
,	O
ona	O
te	O
u	O
sekundi	O
sahrani	O
,	O
oplače	O
,	O
dati	NORM_1WORD
40	O
dana	O
i	O
godišnjicu	O
,	O
čak	O
iako	O
si	O
i	O
na	O
poslu	O
.	O

stomak	O
je	O
grozan	O
,	O
posle	O
ove	O
avanture	O
ćeš	O
biti	O
debela	O
nesrećnica	O
bez	O
škole	O
sa	O
detetom	O
i	O
ništa	O
neće	O
biti	O
u	O
redu	O

kafa	O
je	O
čarobni	O
prah	O
,	O
daje	O
energiju	O
da	O
se	O
astralno	O
projektujem	O
u	O
paralelne	O
univerzume	O
razbuđenosti	O
.	O

i	O
sad	O
kada	O
ga	O
nema	O
sredjuje	NORM_1WORD
se	O
...	O

51	O
%	O
-	O
znam	O
da	O
cu	NORM_1WORD
da	O
zazalim	NORM_1WORD
,	O
ne	O
zelim	NORM_1WORD
da	O
znam	O
,	O
ali	O
moram	O
da	O
pitam	O
.	O

posle	O
masona	O
,	O
došao	O
gosn	NORM_1WORD
šaner	O
.	O

ne	O
budi	O
glupa	O
.	O

koliko	O
god	O
sebi	O
puta	O
obećavao	O
da	O
necu	NORM_1WORD
ici	NORM_1WORD
da	O
gledam	O
srpski	O
fudbal	O
,	O
ipak	O
je	O
to	O
jace	NORM_1WORD
od	O
mene	O
...	O

oni	O
su	O
komercijala	O
koja	O
ipak	O
živi	O
od	O
svog	O
programa	O
.	O

ctrl	O
+	O
w	O
-	O
zatvori	O
se	O
tab	O
.	O

o	O
direktore	O
,	O
how	O
are	O
you	O
?	O

kakvo	O
je	O
ovo	O
novinarstvo	O
sa	O
naslovima	O
„	O
iznenadićete	O
se	O
”	O
,	O
„	O
zaprepastićete	O
se	O
”	O
i	O
slično	O
?	O

.	O
dobro	O
,	O
gužve	O
u	O
saobrać.	NORM_1WORD
i	O
neki	O
busplus	O
.	O

logično	O
pitanje	O
:	O
jebete	O
li	O
išta	O
i	O
jebe	O
li	O
vas	O
iko	O
?	O

komšija	O
,	O
duplex	O
,	O
alfa	O
romeo	O
,	O
žena	O
mu	O
najbolja	O
riba	O
u	O
kraju	O
,	O
dvoje	O
dece	O
...	O

pritom	O
-	O
uzasno	NORM_1WORD
sam	O
osetljiv	O
na	O
kolektivni	O
linc	NORM_1WORD
.	O

uz	O
tebe	O
su	O
samo	O
kad	O
si	O
im	O
potreban	O
,	O
ostave	O
te	O
na	O
prvi	O
znak	O
nevolje	O
.	O

pri	O
tome	O
,	O
možemo	O
zabaviti	O
vaše	O
dete	O
pričom	O
o	O
evoluciji	O
njegove	O
omiljene	O
životinje	O
ili	O
pročakulati	O
sa	O
mušterijom	O
o	O
razvoju	O
nauke	O
po	O
želji	O
.	O

@aqua_room	O
@mango_on_diet	O
mislim	O
da	O
se	O
čovek	O
može	O
preobraziti	O
u	O
šta	O
god	O
hoće	O
.	O

otisneš	O
se	O
od	O
života	O
kome	NORM_1WORD
više	O
ne	O
pripadaš	O
.	O

drzi	NORM_1WORD
govor	O
na	O
mitingu	O
,	O
svaka	O
druga	O
rec	NORM_1WORD
je	O
vucic	NORM_1WORD
...	O

anastasija	O
ražnatović	O
:	O
mama	O
hajde	O
da	O
se	O
slikamo	O
da	O
imam	O
za	O
uspomenu	O
i	O
tu	O
zajebe	O
cecu	O
pa	O
stavi	O
sliku	O
na	O
fb	O
da	O
sakuplja	O
lajkove	O
.	O

izvinite	O
molim	O
vas	O
necu	NORM_1WORD
vise	NORM_1WORD
ciko	NORM_1WORD
koji	O
vozi	O
maseratija	O
i	O
goji	O
se	O
za	O
vreme	O
posta	O
.	O

dobio	O
sam	O
i	O
cokoladu	NORM_1WORD
.	O

nista	NORM_1WORD
srbi	O
nisu	O
naucili	NORM_1WORD
iz	O
istorije	O
,	O
uvek	O
cemo	NORM_1WORD
biti	O
sami	O
protiv	O
sebe	O
.	O

izgubio	O
sam	O
sve	O
nade	O
da	O
cu	NORM_1WORD
sakupiti	O
preko	O
potreban	O
alat	O
....	O

poludle	NORM_1WORD
žene	O
kod	O
mene	O
u	O
redakciji	O
.	O

a	O
najvise	NORM_1WORD
volim	O
one	O
"	O
veteranke	O
"	O
koje	O
pricaju	NORM_1WORD
koliko	O
miliona	O
kila	O
su	O
smrsale	NORM_1WORD
i	O
kad	O
ce	NORM_1WORD
na	O
kafu	O
ta	O
njihova	O
gym	O
ekipa	O
.	O

zaboraviš	O
kako	O
se	O
zoveš	O
,	O
a	O
ne	O
bivše	O
momke	O
.	O

kakvi	O
su	O
utisci	O
?	O

silujem	O
instagrame	O
ljudima	O
,	O
jes'	NORM_1WORD
da	O
spamujem	O
malo	O
,	O
ali	O
delim	O
lajkove	O
kao	O
bombone	O
.	O

napredno	O
,	O
nema	O
sta	NORM_1WORD
...	O

mi	O
smo	O
monstrumi	O
jer	O
zmurimo	NORM_1WORD
pred	O
ovim	O
stvarima	O
:	O
http://t.co/ijzowgoxyw	O

@gagadjermanovic	O
@beeshaper	O
imam	O
samo	O
jedno	O
jako	O
važno	O
pitanje	O
.	O

@tvitovapionirka	O
čitavo	O
veče	O
razmišljam	O
o	O
tome	O
kako	O
mi	O
se	O
jedu	O
kfc	O
hot	O
wings	O
i	O
pomfrit	O
!	O

da	O
gradimo	O
te	O
na	O
gas	O
,	O
koji	O
nemamo	O
,	O
uvozimo	O
,	O
da	O
zavisimo	O
od	O
uvoza	O
i	O
da	O
nas	O
ucenjuju	O
,	O
a	O
imamo	O
svoje	O
resurse	O
....	O

eto	O
,	O
priznala	O
sam	O
.	O

to	O
ti	O
je	O
da	O
ostaneš	O
hladan	O
na	O
klovnove	O
koji	O
ti	O
mašu	O
ispred	O
očiju	O
.	O

@steffandre	O
@mali_buki	O
pravu	NORM_1WORD
si	O
ti	O
potpuno	O
,	O
treba	O
da	O
se	O
glasa	O
.	O

i	O
tako	O
,	O
jope	NORM_1WORD
ja	O
iz	O
jutarnje	O
smene	O
.	O

u	O
ovom	O
se	O
raspadam	O
jer	O
uporno	O
nastojim	O
da	O
postignem	O
sklad	O
obrnutim	O
redosledom	O
...	O

@dubravka_n	O
kolega	O
,	O
doktor	O
nauka	O
,	O
80.-tih	NORM_1WORD
,	O
namerno	O
je	O
kupovao	O
farmerice	O
iz	O
albanije	O
.	O

sve	O
dok	O
mi	O
nije	O
izasao	NORM_1WORD
raspored	O
predavanja	O
nisam	O
se	O
osecao	NORM_1WORD
kao	O
student	O
iako	O
sam	O
jos	NORM_1WORD
letos	O
uzeo	O
kartu	O
za	O
more	O
sa	O
studentskim	O
popustom	O
.	O

e	O
pa	O
govno	O
jedno	O
smrdjivo	O
nećeš	O
mi	O
zujati	O
oko	O
ušiju	O
ne	O
zvala	O
se	O
ja	O
kilava	O
krofnica	O
!	O

zašto	O
ljudi	O
ne	O
vide	O
očigledno	O
,	O
već	O
veruju	O
u	O
ono	O
što	O
čuju	O
?	O

provereno	O
u	O
bvk	O
.	O

luda	O
zabava	O
je	O
kada	O
me	O
stavite	O
u	O
sobu	O
sa	O
košarkašima	O
i	O
odvrkačite	O
eminema	O
a	O
ne	O
kada	O
sedim	O
sa	O
devetogodišnjacima	O
koji	O
pljuju	O
hranu	O
.	O

mogu	O
misliti	O
kako	O
nas	O
ove	O
srbende	O
na	O
fejsu	O
hejtuju	O
.	O

necu	NORM_1WORD
,	O
mrs	NORM_1WORD
.	O

kaže	O
muž	O
vidi	O
kako	O
nam	O
frižider	O
jadno	O
izgleda	O
,	O
otvara	O
,	O
unutra	O
prazno	O
.	O

dečko	O
u	O
guči	O
nakon	O
ručka	O
u	O
kafani	O
tražio	O
fiskalni	O
račun	O
,	O
a	O
dobio	O
batine	O
od	O
konobara	O
.	O

gde	O
je	O
sta	NORM_1WORD
radi	O
prijateljica	O
@sandrapartizan7	O

kad	O
uveče	O
gasim	O
komp	O
,	O
brzo	O
uskačem	O
u	O
krevet	O
i	O
takmičim	O
se	O
hoće	O
li	O
se	O
prvo	O
komp	O
ugasiti	O
ili	O
ja	O
u	O
krevet	O
smestiti	O
.	O

when	O
bi	O
se	O
menjali	O
slicicama	NORM_1WORD
vlade	O
kod	O
hotel	NORM_1WORD
moskve	O
za	O
slicicu	NORM_1WORD
vucica	NORM_1WORD
koliko	O
bi	O
get	O
slicica	NORM_1WORD
ministara	O
?	O

ovi	O
što	O
mi	O
početnu	O
pretrpavaju	O
gifovima	O
sa	O
pornjavelama	O
lete	O
iz	O
prijatelja	O
.	O

a	O
vorador	O
je	O
malo	O
pizda	O
ipak	O
.	O

namazala	O
moja	O
mama	O
nokte	O
u	O
licht	O
plavo	O
.	O

ali	O
klasicna	NORM_1WORD
muzika	O
u	O
busu	O
potpuno	O
popravlja	O
raspolozenje	NORM_1WORD
i	O
utice	NORM_1WORD
na	O
produktivnost	O
!	O

pravni	O
fakultet	O
je	O
za	O
one	O
koji	O
ne	O
izlaze	O
,	O
koje	NORM_1WORD
ne	O
jure	O
ženske	O
,	O
koji	O
nemaju	O
para	O
,	O
koji	O
su	O
no	O
lajferi	O
bukvalno	O
.	O

sve	O
mi	O
to	O
to	O
delujem	NORM_1WORD
kao	O
neki	O
san	O
.	O

svi	O
pominju	O
ukrajinski	O
i	O
bosanski	O
scenario	O
.	O

i	O
kakav	O
je	O
osecaj	NORM_1WORD
biti	O
sa	O
nekim	O
ko	O
je	O
star	O
koliko	O
i	O
biblija	O
?	O

kad	O
ti	O
trebam	O
najviše	O
.	O

a	O
ta	O
ideja	O
vise	NORM_1WORD
nije	O
u	O
toj	O
stranci	O
.	O

želim	O
da	O
kad	O
umrem	O
mi	O
ugrade	O
otvoren	O
wi-fi	O
internet	O
u	O
grob	O
,	O
da	O
slučajni	O
prolaznici	O
mogu	O
zauvek	O
da	O
koriste	O
.	O

u	O
apr	NORM_1WORD
popunim	O
papir	O
sa	O
podacima	O
firme	O
koje	O
apr	O
ima	O
u	O
kompu	O
.	O

klik	O
vremenska	O
karta	O
,	O
zapamti	O
sumu	O
kad	O
prislonis	NORM_1WORD
busplus	O
.	O

uh	O
kako	O
bi	NORM_1WORD
ovima	O
iz	O
simpa	O
rado	O
zasekao	O
malo	O
koznu	NORM_1WORD
garnituru	O
od	O
300	O
hiljadarki	O
.	O

boze	NORM_1WORD
,	O
ne	O
budi	O
peder	O
,	O
aj	NORM_1WORD
malo	O
promesaj	NORM_1WORD
te	O
karte	O
,	O
podelio	O
si	O
nam	O
jesen	O
u	O
julu	O
i	O
avgustu	O
,	O
aj	NORM_1WORD
sada	O
podeli	O
leto	O
u	O
oktobru	O
i	O
novembru	O
....	O

hej	O
dečače	O
koji	O
sviraš	O
jednu	O
pesmu	O
na	O
gitari	O
3	O
sata	O
bez	O
prestanka	O
u	O
stanu	O
ispod	O
,	O
neš	NORM_1WORD
jebat	NORM_1WORD
i	O
samoubij	O
se	O
.	O

aj	NORM_1WORD
što	O
malecka	O
skače	O
od	O
sreće	O
kad	O
vidi	O
italijanski	O
fudbal	O
,	O
al	NORM_1WORD
što	O
se	O
oduševi	O
kad	O
vidi	O
noleta	O
...	O

@mlvelja	O
deo	O
je	O
na	O
sednicama	O
odbora	O
.	O

žvot	NORM_1WORD
u	O
srbiji	O
ima	O
dosta	O
veze	O
sa	O
mojom	O
omiljenom	O
pesmom	O
iz	O
detinjstva	O
:	O
jeste	O
l'	NORM_1WORD
čuli	O
kumo	O
,	O
verujte	O
bez	O
šale	O
,	O
otvara	O
se	O
škola	O
za	O
pačiće	O
male	O
.	O

najsmrdljivije	O
govno	O
u	O
septickoj	NORM_1WORD
jami	O
zvanoj	O
politika	O
!	O

lice	O
zategnuto	O
,	O
sise	O
prepumpane	O
,	O
gornja	O
usna	O
kao	O
razvraćena	O
pizda	O
moje	O
babe	O
,	O
ali	O
ona	O
se	O
oblači	O
u	O
skladu	O
s	O
godinama	O
,	O
boktejebo	NORM_1WORD
.	O

nisam	O
želela	O
da	O
ti	O
kažem	O
ni	O
ime	O
,	O
a	O
sada	O
znaš	O
sve	O
moje	O
neuroze	O
,	O
na	O
kojoj	O
strani	O
kreveta	O
spavam	O
i	O
imena	O
mojih	O
omiljenih	O
čajeva	O
.	O

da	O
mi	O
se	O
objasni	O
,	O
da	O
li	O
dva	O
suprotna	O
pola	O
koja	NORM_1WORD
se	O
isto	O
farbaju	O
,	O
vršljaju	O
,	O
čupaju	O
obrve	O
..	O
koriste	O
li	O
isti	O
vibrator	O
,	O
kad	O
je	O
kojim	O
danima	O
ciji	NORM_1WORD
?	O

često	O
hrani	O
sujetu	O
.	O

pola	O
sata	O
pokusavam	NORM_1WORD
da	O
provalim	O
sta	NORM_1WORD
pricaju	NORM_1WORD
na	O
teveu	NORM_1WORD
i	O
onda	O
izvalim	O
da	O
je	O
keva	O
pustila	O
neku	O
rusku	O
emisiju	O
.	O

da	O
vidim	O
sta	NORM_1WORD
ce	NORM_1WORD
nasi	NORM_1WORD
rusofili	O
da	O
kazu	NORM_1WORD
na	O
ovaj	O
kolaps	O
.	O

ljudi	O
danas	O
imaju	O
30"	O
monitore	O
,	O
nije	O
više	O
2001.	O
stavite	O
veće	O
fontove	O
ako	O
želite	O
da	O
neko	O
pročita	O
vaš	O
tekst	O
...	O

meni	O
je	O
žao	O
što	O
je	O
nadal	O
ispao	O
sa	O
vimbldona	O
i	O
ne	O
mrzim	O
ga	O
...	O

kao	O
da	O
nisam	O
imala	O
pametnija	NORM_1WORD
posla	O
nego	O
da	O
učim	O
.	O

srpski	O
sindrom	O
:	O
da	O
komšiji	O
crkne	O
krava	O
.	O

fun	O
fun	O
.	O

fax	NORM_1WORD
je	O
kao	O
belo	O
roblje	O
.	O

ako	O
može	O
@djokernole	O
sto	NORM_1WORD
pre	O
da	O
pocne	NORM_1WORD
meč	O
,	O
jer	O
nemam	O
stomak	O
da	O
slušam	O
proseravanje	O
ovih	O
sto	NORM_1WORD
će	O
nas	O
preporoditi	O
nakon	O
izbora	O
...	O

sretnem	O
ribu	O
,	O
ista	O
@_drunkenunicorn	O
,	O
suzdrzim	NORM_1WORD
se	O
jedva	O
da	O
je	O
ne	O
izgrlim	O
.	O

moji	O
fb	O
prijatelji	O
opasno	O
prave	O
tviter	O
naloge	O
.	O

čestitamo	O
!	O

richard	O
gere	O
,	O
ramena	O
,	O
šaka	O
,	O
malo	O
paul	O
newman	O
,	O
pa	O
snaga	O
,	O
ožiljak	O
,	O
osmeh	O
,	O
melanholija	O
,	O
grubost	O
.	O

i	O
znam	O
da	O
je	O
i	O
sad	O
u	O
pravu	O
,	O
ali	O
ne	O
mogu	O
da	O
joj	O
priznam	O
to	O
,	O
ne	O

otiš'o	NORM_1WORD
...	O

naaajvise	NORM_1WORD
naaaaaaajvise	NORM_1WORD
me	O
iz	O
takta	O
izbace	O
ljudi	O
koji	O
na	O
javnim	O
okupljanjima	O
s	O
muzikom	O
sinhrono	O
vicu	NORM_1WORD
visokofrekventno	O
uuuu-uuu	O
uuu-uuu	O

kazem	NORM_1WORD
drugarici	O
da	O
pas	O
nece	NORM_1WORD
da	O
me	O
slusa	NORM_1WORD
,	O
kaze	NORM_1WORD
mi	O
ona	O
-	O
ugrizi	O
ga	O
za	O
uvo	O
,	O
ja	O
sam	O
mog	O
ugrizla	O
,	O
zapistao	NORM_1WORD
je	O
.	O

trebalo	O
je	O
da	O
izaberes	NORM_1WORD
afriku	O
za	O
mamu	O
,	O
ona	O
zaradjuje	NORM_1WORD
3	O
k	O
po	O
nastupu	O
.	O

skupljam	O
jutros	O
ono	O
sto	NORM_1WORD
su	O
moji	O
kucici	NORM_1WORD
kakili	O
i	O
ugazim	O
u	O
govno	O
tudjeg	NORM_1WORD
psa	O
.	O

toliko	O
od	O
mene	O
.	O

@svetopr	O
mislim	O
da	O
već	O
ima	O
,	O
a	O
sigurna	O
sam	O
da	O
niste	O
jedini	O
.	O

obozavam	NORM_1WORD
ove	O
koji	O
obracaju	NORM_1WORD
preko	O
statusa	O
na	O
fb	O
ljudima	O
koji	O
ih	O
ogovaraju	O
.	O

predlazem	NORM_1WORD
ovima	O
u	O
vosi	NORM_1WORD
da	O
ne	O
zovu	O
,	O
i	O
ne	O
primaju	O
,	O
u	O
posetu	O
"	O
njegovu	O
esenciju	O
"	O
avucica	NORM_1WORD
.	O

ionako	O
će	O
te	O
smoriti	O
za	O
par	O
god.	O
"	O

vidim	O
dobro	O
glumis	NORM_1WORD
ludilo	O
i	O
brutalnost	O
,	O
jel	NORM_1WORD
mozes	NORM_1WORD
za	O
mene	O
da	O
odglumis	NORM_1WORD
jedan	O
odlazak	O
u	O
picku	NORM_1WORD
materinu	O
bez	O
povratka	O
?	O

pa	O
reci	O
da	O
me	O
je	O
ubio	O
luster	O
,	O
a	O
izgladnjujem	O
se	O
nedelju	O
dana	O
,	O
poslednja	O
pred	O
smrt	O
bi	O
mi	O
bila	O
pirincana	NORM_1WORD
galeta	O
.	O

glavni	O
nedostatak	O
ocenjivanja	O
blogova	O
je	O
nedostatak	O
njihove	O
osnovne	O
podele	O
prema	O
starosnim	O
dobima	O
blogera	O
,	O
te	O
usmerenim	O
i	O
opštim	O
sadržajima	O
.	O

koji	O
nemaju	O
ni	O
morala	O
,	O
ni	O
duha	O
.	O

prase	O
se	O
ne	O
goji	O
uoči	O
božića	O
pa	O
ni	O
moja	O
sestra	O
ne	O
može	O
da	O
piše	O
slovce	O
po	O
slovce	O
,	O
liniju	O
po	O
liniju	O
,	O
uz	O
određene	O
cm	O
iz	O
oto	O
,	O
noć	O
pred	O
čas	O
.	O

oma	NORM_1WORD
!	O

svaki	O
put	O
kad	O
uđem	O
u	O
neki	O
drndavi	O
lift	O
pomislim	O
da	O
će	O
me	O
sahraniti	O
u	O
drvenom	O
kovčegu	O
i	O
kako	O
ću	O
popizdeti	O
jer	O
fuj	O
lakovano	O
drvo	O
.	O

drug	O
se	O
i	O
dalje	O
sprema	O
za	O
grad	O
.	O

treba	O
ostati	O
ili	O
se	O
treba	O
vratiti	O
.	O

kad	O
vam	O
je	O
sjeban	O
dan	O
setite	O
se	O
da	O
i	O
ceci	O
ujutru	O
smrdi	O
iz	O
usta	O
i	O
da	O
njeno	O
visocanstvo	NORM_1WORD
cak	NORM_1WORD
i	O
sere	O
...	O

možda	O
ja	O
jesam	O
zli	O
duh	O
,	O
ali	O
sam	O
sa	O
nekim	O
dobrim	O
ljudima	O
uspeo	O
da	O
prikupim	O
nešto	O
pomoći	O
za	O
ugrožene	O
.	O

@djordjedjodjo84	O
i	O
nama	O
tri	O
tima	O
igraju	O
evropu	O
,	O
od	O
kojih	O
jedan	O
do	O
kraja	O
lige	O
,	O
a	O
njima	O
samo	O
jedan	O
.	O

jeba	NORM_1WORD
nam	O
ona	O
babojebačka	O
abominacija	O
majke	O
.	O

studija	O
izvodljivosti	O
kanala	O
mora	O
da	O
uračuna	O
3x	O
veću	O
dubinu	O
,	O
jer	O
će	O
ga	O
seljaci	O
napune	O
starim	O
smederevcima	O
,	O
jugićima	O
i	O
lipsanim	O
životinjama	O
.	O

stefanovic	NORM_1WORD
:	O
policija	O
mora	O
da	O
zna	O
sve	O
!	O

ivica	O
dačić	O
ponosan	O
na	O
svoje	O
ljude	O
.	O

nece	NORM_1WORD
se	O
ova	O
hrana	O
iz	O
zamrzivaca	NORM_1WORD
sama	O
pojesti	O
...	O

e	O
ivanaa	O
kobilo	O
kad	O
počne	O
škola	O
onda	O
ću	O
te	O
pitati	O
što	O
si	O
ustajala	O
ovako	O
rano	O
.	O

mada	O
meni	O
je	O
ova	O
2013.	O
baš	O
bila	O
savršena	O
,	O
ali	O
ono	O
,	O
sad	O
će	O
decembar	O
još	O
da	O
je	O
ulepša	O
,	O
klasika	O
.	O

-	O
ti	O
si	O
komplikovana	O
!	O

prijaviti	O
?	O

kvalitet	O

ako	O
u	O
roku	O
od	O
mesec	O
dana	O
ne	O
nađem	O
dečka	O
koji	O
će	O
mi	O
fenirati	O
i	O
peglati	O
kosu	O
,	O
ošišaću	O
se	O
na	O
keca	O
.	O

pojedini	O
sns-botovi	O
koje	O
sam	O
naravno	O
otpratio	O
na	O
vreme	O
sada	O
imaju	O
7	O
-	O
10000	O
folovera	O
i	O
naravno	O
miruju	O
do	O
izborne	O
kampanje	O
.	O

@dr_karajlic_	O
naučili	O
smo	O
da	O
je	O
milner	O
imao	O
3	O
dobra	O
centaršuta	O
,	O
da	O
se	O
kaže	O
arhentina	NORM_1WORD
i	O
ćile	NORM_1WORD
.	O

ulazim	O
u	O
kuću	O
,	O
zove	O
tata	O
'	O
jesi	O
gladna	O
,	O
dodji	NORM_1WORD
'	O
.	O

od	O
energetskih	O
pića	O
srce	O
.	O

@miljan_jokan	O
to	O
bi	O
bio	O
već	O
radikalan	O
potez	O
bez	O
efekta	O
pošto	O
bi	O
se	O
već	O
našao	O
neko	O
drugi	O
.	O

ovako	O
će	O
i	O
vučić	O
da	O
preporodi	O
srbiju	O
,	O
kao	O
što	O
je	O
gvardiola	O
preporodio	O
bajern	O
posle	O
odlaska	O
jupa	O
hajnkesa	O
.	O

pratio	O
sam	O
,	O
skupljao	O
informacije	O
,	O
posmatrao	O
,	O
jurio	O
i	O
dosao	NORM_1WORD
do	O
prave	O
istine	O
.	O

kad	O
na	O
javnom	O
mestu	O
moram	O
da	O
izvučem	O
gaće	O
iz	O
du*eta	NORM_1WORD
,	O
samo	O
se	O
setim	O
nadala	O
i	O
uopšte	O
me	O
ne	O
bude	O
blam	O
.	O

hiljaditi	O
tvit	O
posvećujem	O
van	O
gogh	O
muzici	O
jer	O
mi	O
ulepša	O
dan	O
svaki	O
put	O
kad	O
čujem	O
bilo	O
koju	O
njihovu	O
pesmu	O
.	O

možda	O
čak	O
i	O
znam	O
.	O

poruci	NORM_1WORD
martini	O
a	O
konobar	O
krene	O
sa	O
-	O
vodka	O
ili	O
gin	O
?	O

uvek	O
planiramo	O
sta	NORM_1WORD
cemo	NORM_1WORD
da	O
uradimo	O
ako	O
dodjemo	NORM_1WORD
u	O
neku	O
situaciju	O
.	O

ja	O
pokušam	O
da	O
ga	O
zapratim	O
kao	O
čovek	O
a	O
on	O
me	O
pending-uje	O
.	O

celu	O
noc	NORM_1WORD
me	O
mucila	NORM_1WORD
kiselina	O
,	O
probudim	O
se	O
i	O
doruckujem	NORM_1WORD
przenu	NORM_1WORD
slaninu	O
sa	O
ljutim	O
feferonama	O
,	O
lukom	O
,	O
fetom	O
i	O
sve	O
zalijem	O
kolom	O
!	O

a	O
trebalo	O
je	O
zauvek	O
.	O

ko	O
god	O
je	O
naručio	O
da	O
ga	O
bacimo	O
u	O
temelj	O
novog	O
parkinga	O

tradicija	O
jača	O
od	O
#paypal-a	O
http://t.co/9anltdcabm	O

dolazi	O
baba	O

smatram	O
samo	O
da	O
je	O
kod	O
tebe	O
nastupila	O
postizborna	O
transform	NORM_1WORD
.	O

molim	O
vas	O
za	O
rt	O
.	O

kapiram	O
da	O
je	O
jedenje	O
krosana	NORM_1WORD
i	O
curenje	O
čokolade	O
preko	O
obraza	O
,	O
usta	O
,	O
očiju	O
,	O
farmerki	O
i	O
cele	O
australije	O
,	O
moj	O
najveći	O
sex	NORM_1WORD
ove	O
nedelje	O
...	O

ali	O
,	O
mislim	O
da	O
cu	NORM_1WORD
se	O
vratiti	O
na	O
onu	O
svoju	O
crveno	O
-	O
ljubičastu	O
nijansu	O
.	O

sedim	O
danas	O
,	O
tako	O
,	O
sa	O
nekim	O
vrlo	O
reprezentativnim	O
umorcima	O
muskih	NORM_1WORD
osobica	O
i	O
kapiram	O
koliko	O
sam	O
ja	O
,	O
ustvari	NORM_1WORD
,	O
srecna	NORM_1WORD
osoba	O
.	O

gledate	O
kako	O
id	O
nozem	NORM_1WORD
odseca	O
glave	O
humanitarcima	O
?	O

hm	O
?	O

#off	O

ok	O
ironično	O
je	O
što	O
sam	O
onlajn	O
na	O
fejsu	O
i	O
kad	O
mi	O
se	O
ljudi	O
jave	O
ja	O
sam	O
u	O
fazonu	O
'	O
e	O
nisam	O
raspoložena	O
,	O
pričaćemo	O
posle	O
'	O

saputniče	O
u	O
busu	O
je	O
l	NORM_1WORD
nije	O
problem	O
da	O
mi	O
ne	O
kašljete	O
u	O
facu	O
?	O

došlo	O
vreme	O
da	O
ti	O
i	O
za	O
dogovor	O
za	O
najobičniju	O
kafu	O
treba	O
rezervna	O
varijanta	O
jer	O
ispaljivanje	O
kao	O
način	O
života	O
.	O

sistem	O
je	O
stvorio	O
sadašnji	O
režim	O
kao	O
i	O
njegove	O
prethodnike	O
,	O
i	O
stvoriće	O
i	O
nove	O
uništitelje	O
.	O

@kecman_dusan	O
bi	O
.	O

za	O
nesto	NORM_1WORD
vise	NORM_1WORD
od	O
dve	O
nedelje	O
pocinje	NORM_1WORD
ep	O
,	O
pa	O
da	O
budete	O
u	O
toku	O
:)	O

i	O
tako	O
se	O
ja	O
sad	O
feniram	O
...	O

hahah	O
,	O
pratim	O
kako	O
ona	O
kuca	O
a	O
šefica	O
joj	O
u	O
hodu	O
ispravlja	O
tekst	O
,	O
tako	O
što	O
joj	O
lupa	O
zareze	O
i	O
tačke	O
na	O
monitoru	O
,	O
grafitnom	O
olovkom	O

@djvucicevic	O
tako	O
cemo	NORM_1WORD
lako	O
sa	O
njim	O
,	O
seseljom	NORM_1WORD
,	O
kao	O
sto	NORM_1WORD
cemo	NORM_1WORD
i	O
sa	O
tobom	O
.	O

pršti	O
na	O
sve	O
strane	O
!	O

@ludujempariz	O
@cukterasslavica	O
ma	O
vazno	NORM_1WORD
je	O
da	O
ga	O
je	O
provlacila	NORM_1WORD
po	O
medijima	O
,	O
stavljala	O
tacku	NORM_1WORD
,	O
ovo	O
,	O
ono	O
i	O
sad	O
nikom	O
nista	NORM_1WORD
.	O

to	O
je	O
sad	O
zvanična	O
verzija	O
da	O
su	O
za	O
sve	O
srbi	O
krivi	O
?	O

i	O
oseća	O
se	O
tako	O
fuj	O
!	O

pravi	O
muškarac	O
kada	O
mu	O
žena	O
ili	O
devojka	O
,	O
flertuje	O
sa	O
drugima	O
.	O

jos	NORM_1WORD
nie	NORM_1WORD
vikend	O
-	O
pay	O
up	O
!	O

vučićeva	O
dijeta	O
:	O
izbegavajte	O
biftek	O
,	O
u	O
sosu	O
od	O
gorgonzole	O
,	O
a	O
bogami	O
i	O
čilija	O
,	O
kao	O
i	O
ribu	O
,	O
naročito	O
u	O
sosu	O
od	O
šafrana	O
,	O
sa	O
portugalskim	O
vinom	O
.	O

a	O
ne	O
ono	O
sto	NORM_1WORD
"	O
zakazukes	NORM_1WORD
"	O
nedelju	O
dana	O
unapred	O
.	O

pa	O
imam	O
i	O
ja	O
dusu	NORM_1WORD
,	O
zao	NORM_1WORD
mi	O
je	O
.	O

napunili	O
smo	O
budžet	O
da	O
ga	O
ološi	O
opljačkaju	O
.	O

mislim	O
da	O
je	O
zapravo	O
ocigledno	NORM_1WORD
.	O

@beli0135	O
moj	O
iskren	O
savet	O
,	O
samo	O
stoj	O
i	O
gledaj	O
u	O
njega	O
kao	O
da	O
je	O
retard	O
.	O

ja	O
sam	O
za	O
to	O
da	O
ga	O
nađemo	O
i	O
tetoviramo	O
kurac	O
na	O
čelu	O
.	O

evo	O
konstatovali	O
smo	O
da	O
je	O
to	O
samo	O
obična	O
kurva	O
,	O
i	O
da	O
se	O
ne	O
zanosi	O
!	O

sedite	O
tako	O
skučeni	O
u	O
svom	O
mraku	O
i	O
nikako	O
da	O
se	O
rasvestite	O
da	O
upalite	O
svetlo	O
ili	O
promenite	O
pregorelu	O
sijalicu	O
.	O

mama	O
mi	O
je	O
rekla	O
da	O
je	O
u	O
trudnoći	O
najviše	O
jela	O
čokoladu	O
.	O

@loshmister	O
evo	O
vidim	O
sad	O
da	O
je	O
skaut	O
@lfc	O
bio	O
u	O
belo	O
horizonteu	O
da	O
gleda	O
origija	O
.	O

ako	O
se	O
lozis	NORM_1WORD
na	O
pametne	O
zene	NORM_1WORD
,	O
ne	O
moras	NORM_1WORD
da	O
se	O
premazujes	NORM_1WORD
.	O

nisam	O
"	O
naticajan	O
"	O
ne	O
čitaju	O
me	O
ljudi	O
,	O
mnogo	O
sam	O
radikalan	O
.	O

skrnavimi	NORM_1WORD
dry	O
day	O
u	O
indiji	O
,	O
jebe	O
nam	O
se	O
za	O
izbore	O
.	O

večeras	O
su	O
pozorištu	O
dali	O
novu	O
dimenziju	O
,	O
@slobastefanovic	O
i	O
nebojša	O
dugalić	O
,	O
magovi	O
glume	O
!	O

@dr_karajlic_	O
jedno	O
je	O
sta	NORM_1WORD
si	O
ti	O
shvatio	O
,	O
drugo	O
sta	NORM_1WORD
sam	O
ja	O
napisao	O
.	O

nazivi	O
ulica	O
i	O
naselja	O
po	O
bg	NORM_1WORD
su	O
na	O
engleskom	O
/	O
cirilici	NORM_1WORD
/	O
latinici	O
...	O

masline	O
ili	O
tvist	O
?	O

ovi	O
političari	O
se	O
ponašaju	O
kao	O
đejanina	O
i	O
bicina	O
keva	O
,	O
poslaće	O
decu	O
u	O
školu	O
,	O
samo	O
sutra	O
,	O
sigurno	O
.	O

junačine	O
.	O

a	O
ja	O
i	O
dalje	O
pijem	O
mleko	O
pred	O
spavanje	O
i	O
gledam	O
sundjer	NORM_1WORD
boba	O
.	O

znali	O
smo	O
da	O
koja	O
god	O
vlast	O
dodje	NORM_1WORD
,	O
svojim	O
najvećim	O
magarcima	O
prepušta	O
ns	O
vodovod	O
ali	O
što	O
im	O
onda	O
dopušta	O
da	O
daju	O
izjave	O
za	O
medije	O
...	O

kako	O
ga	O
nije	O
sramota	O
,	O
milion	O
ljudi	O
ga	O
slusa	NORM_1WORD
.	O

posle	O
onako	O
sjajne	O
emisije	O
@insajderb92	O
gazi	O
sam	O
po	O
sebi	O
svojim	O
tvitovima	O
.	O

komarci	O
su	O
postali	O
otporni	O
na	O
kisu	NORM_1WORD
,	O
komarnike	O
,	O
raid	O
,	O
udaranje	O
,	O
imaju	O
9	O
zivota	NORM_1WORD
,	O
i	O
manevar	O
u	O
letu	O
su	O
dosta	O
popravili	O
...	O

time	O
please	O
come	O
back	O

nece	NORM_1WORD
mi	O
biti	O
nikada	O
jasna	O
ova	O
zgrada	O
t-mobilea	O
kod	O
ulaska	O
u	O
bec	NORM_1WORD
koja	O
ima	O
oblik	O
jebenog	O
titanika	O
i	O
fazon	O
velicine	NORM_1WORD
je	O
istog	O
!	O

ipak	O
medicina	O
produzila	NORM_1WORD
zivote	NORM_1WORD
.	O

juce	NORM_1WORD
sam	O
bio	O
rik	O
ross	O
razbacivao	O
sam	O
pare	O
po	O
sobi	O
,	O
danas	O
sam	O
'	O
homles	O
'	O
iz	O
bronxa	O
koji	O
sedi	O
na	O
parcetu	NORM_1WORD
kartona	O
sa	O
svojom	O
mackom	NORM_1WORD
...	O

za	O
ove	O
koji	O
gledaju	O
ligu	O
sampiona	NORM_1WORD
:	O
arandjela	NORM_1WORD
opet	O
uhapsili	O
,	O
riska	O
mu	O
odnela	O
licnu	NORM_1WORD
,	O
neca	O
opet	O
kenja	O
zbog	O
sime	O
.	O

-	O
semi	O
,	O
dođi	O
da	O
te	O
zagrlim	O
.	O

ja	O
sam	O
od	O
onih	O
osoba	O
sa	O
kojima	O
ljudi	O
vise	NORM_1WORD
vole	O
da	O
vode	O
duge	O
razgovore	O
nego	O
da	O
imaju	O
sex	O
,	O
a	O
cak	NORM_1WORD
i	O
nisam	O
dobar	O
sagovornik	O
...	O

ne	O
doživljavam	O
sebe	O
ni	O
kao	O
feniks	O
pticu	O
,	O
ni	O
kao	O
neko	O
čudo	O
.	O

mi	O
smo	O
siromašni	O
.	O

ja	O
sam	O
plakala	O
3	O
dana	O
a	O
njih	O
niko	O
nije	O
uzeo	O

promenite	O
prevoz	O
,	O
ponovite	O
proces	O
x	O
100	O
.	O

ništa	O
.	O

ima	O
li	O
nesto	NORM_1WORD
lepse	NORM_1WORD
nego	O
pustiti	O
cd	O
jelene	O
karleuse	NORM_1WORD
i	O
gledati	O
njene	O
slike	O
?	O

kad	O
dodjem	NORM_1WORD
na	O
posao	O
mirisem	NORM_1WORD
na	O
bohor	O
,	O
kad	O
izadjem	NORM_1WORD
sa	O
posla	O
mitisem	NORM_1WORD
kao	O
radnik	O
u	O
zlatiborcu	O
,	O
i	O
to	O
u	O
pusnici	NORM_1WORD
...	O

"	O

djuka	NORM_1WORD
spremi	O
pumpicu	O
za	O
astmu	O
posto	NORM_1WORD
ces	NORM_1WORD
vristati	NORM_1WORD
od	O
smeha	O
kad	O
budes	NORM_1WORD
video	O
cudo	NORM_1WORD
tehnologije	O
koje	O
cu	NORM_1WORD
doneti	O
.	O

valjda	O
mora	O
da	O
se	O
izvrši	O
u	O
roku	O
od	O
24	O
sata	O
ili	O
se	O
pruža	O
donacija	O

umetnost	O
je	O
da	O
lezis	NORM_1WORD
na	O
parama	O
i	O
kupujes	NORM_1WORD
"	O
markirani	O
"	O
fals	NORM_1WORD
.	O

ne	O
zna	O
engleski	O
,	O
steta	NORM_1WORD
.	O

@damirhandanovic	O
nešto	O
si	O
permutovo	NORM_1WORD
!	O

pa	O
kad	O
u	O
busu	O
babe	O
počnu	O
'	O
je	O
l'	NORM_1WORD
bi	O
htela	O
da	O
mi	O
ustaneš	O
?	O
'	O
pa	O
onako	O
smežurana	O
umilna	O
faca	O
.	O

nije	O
nam	O
neophodan	O
taj	O
najavljeni	O
registar	O
abortusa	O
da	O
bismo	O
sa	O
žaljenjem	O
konstatovali	O
kako	O
na	O
spisku	O
nisu	O
majke	O
predlagača	O
...	O

okej	O
znači	O
sa	O
liste	O
rekvizite	NORM_1WORD
sam	O
precrtao	O
flašu	O
rakije	O
.	O

sad	O
mi	O
se	O
,	O
bas	NORM_1WORD
ovako	O
na	O
kisi	NORM_1WORD
,	O
stoji	O
na	O
onom	O
malom	O
travljanku	NORM_1WORD
izmedju	NORM_1WORD
dve	O
kolovozne	O
trake	O
.	O

imam	O
ih	O
na	O
pretek	O
,	O
ali	O
nemam	O
gde	O
sa	O
njima	O
.	O

ovaj	O
tekst	O
o	O
taksisti	O
koji	O
lomi	O
kolegi	O
noge	O
na	O
aerodromu	O
progurala	O
je	O
taksi	O
mafija	O
da	O
pokažu	O
kako	O
su	O
opasni	O
a	O
ne	O
može	O
im	O
niko	O
ništa	O
.	O

prevara	O
stoleća	O
!	O

nerazumljivo	O
mi	O
je	O
sto	NORM_1WORD
se	O
obavezno	O
taguju	O
po	O
drustvenim	NORM_1WORD
mrezama	NORM_1WORD
i	O
checkin-uju	O
ljudi	O
koji	O
su	O
otisli	NORM_1WORD
u	O
banju	O
vrnjci	O
kod	O
baba	NORM_1WORD
.	O

kaže	O
mi	O
obuci	O
suknju	O
i	O
košulju	O
,	O
budi	O
žensko	O
,	O
nemoj	O
da	O
se	O
širiš	O
kao	O
durlanka	O
!	O

ok	O
.	O

ako	O
nekoga	O
zanima	O
nešto	O
vezano	O
za	O
meso	O
but	O
,	O
glava	O
,	O
bilo	O
šta	O
,	O
evo	O
sve	O
ću	O
da	O
mu	O
objanim	NORM_1WORD
jer	O
filipovo	O
kuvarstvo	O
....	O

jbga	NORM_1WORD
.	O

posle	O
2	O
sata	O
cekanja	NORM_1WORD
ispred	O
saltera	NORM_1WORD
na	O
faksu	O
nisam	O
znala	O
jel	NORM_1WORD
sam	O
dosla	NORM_1WORD
da	O
prijavim	O
ispit	O
ili	O
po	O
ispisnicu	O
.	O

i	O
to	O
nogom	O
.	O

nikad	O
nisam	O
razumeo	O
kako	O
nekoga	O
moze	NORM_1WORD
da	O
zainteresuje	O
neko	O
nepricljiv	NORM_1WORD
,	O
nekreativan	O
,	O
nemastovit	NORM_1WORD
i	O
nezabavan	O
.	O

aha	O
,	O
znači	O
ti	O
nećeš	O
da	O
naši	O
radnici	O
mogu	O
dostojanstveno	O
i	O
lagodno	O
da	O
žive	O
od	O
milion	O
evra	O
?	O

time	O
ćeš	O
neku	O
drugu	O
lako	O
zavaravati	O
,	O
i	O
voditi	O
putem	O
kojim	O
želiš	O
da	O
ide	O
,	O
mene	O
si	O
odveo	O
u	O
ponor	O
,	O
pa	O
krenuo	O
dalje	O
.	O

i	O
zato	O
mi	O
uopste	NORM_1WORD
ne	O
zvuci	NORM_1WORD
kao	O
podvala	O
,	O
nego	O
kao	O
nesto	NORM_1WORD
sto	NORM_1WORD
se	O
desava	NORM_1WORD
svaki	O
dan	O
.	O

imamo	O
kapacitete	O
na	O
kojima	O
nam	O
mogu	O
pozavideti	O
mnogi	O
,	O
ali	O
nažalost	O
ne	O
mogu	O
se	O
iskoristit	NORM_1WORD
dok	O
se	O
ne	O
popravi	O
ono	O
što	O
je	O
godinama	O
uništavano	O
.	O

tako	O
je	O
najbezbolnije	O
,	O
a	O
i	O
recepti	O
su	O
fini	O
i	O
prosti	O
,	O
za	O
debile	O
,	O
kao	O
i	O
sve	O
ostalo	O
.	O

kad	O
se	O
ćale	O
ne	O
bi	O
nervirao	O
oko	O
košarke	O
,	O
fudbala	O
ili	O
bacanja	O
kamena	O
s	O
ramena	O
,	O
to	O
onda	O
ne	O
bi	O
bio	O
on	O
.	O

kazu	NORM_1WORD
oslabadjas	NORM_1WORD
se	O
inhibicije	O
kad	O
pijes	NORM_1WORD
.	O

zašto	O
sumnjiva	O
lica	O
,	O
ožalošćene	O
porodice	O
,	O
gospođe	O
ministarke	O
i	O
narodni	O
poslanici	O
opstaju	O
u	O
svim	O
vremenima	O
i	O
kako	O
se	O
nušić	O
vratio	O
u	O
hrvatsku	O
.	O

od	O
kada	O
su	O
počeli	O
da	O
falsifikuju	O
pilotske	O
,	O
dozvole	O
padaju	O
avioni	O
.	O

sad	O
mi	O
ceo	O
ovaj	O
dan	O
mirise	NORM_1WORD
na	O
klupicu	O
ispred	O
podruma	O
pica	NORM_1WORD
u	O
bloku	O
.	O

razmisljam	NORM_1WORD
kako	O
mami	O
da	O
saopstim	NORM_1WORD
da	O
cu	NORM_1WORD
napustiti	O
srbiju	O
na	O
par	O
meseci	O
a	O
da	O
je	O
ne	O
strefi	O
nesto	NORM_1WORD
.	O

yay	O
!	O

osećam	O
se	O
k'o	NORM_1WORD
usedelica	O
,	O
2	O
nedelje	O
nisam	O
izaš'o	NORM_1WORD
k'o	NORM_1WORD
čovek	O
.	O

jača	O
je	O
i	O
od	O
banaka	O
.	O

umesto	O
sto	NORM_1WORD
veceras	NORM_1WORD
placaju	NORM_1WORD
acu	O
lukasa	O
za	O
nastup	O
u	O
vrbasu	O
,	O
sns	O
je	O
te	O
pare	O
trebalo	O
da	O
usmeri	O
za	O
pomoc	NORM_1WORD
porodicama	O
stradalih	O
mladica	NORM_1WORD
iz	O
kule	O
.	O

vasa	NORM_1WORD
firma	O
vam	O
ne	O
da	O
povisicu	NORM_1WORD
da	O
bi	O
vas	O
zajedno	O
sa	O
bancinim	NORM_1WORD
potrazivanjima	NORM_1WORD
dokrajcila	NORM_1WORD
.	O

#hrana	O
#preporuka	O

sacu	NORM_1WORD
dobit	NORM_1WORD
iphone	O
a	O
ne	O
lumia-u	O
.	O

u	O
vezi	O
tuce	NORM_1WORD
na	O
farmi	O
,	O
gotivim	O
vanilu	O
,	O
al'	NORM_1WORD
nekako	O
mi	O
draza	NORM_1WORD
malaga	O
,	O
cokolada	NORM_1WORD
,	O
lesnik	NORM_1WORD
,	O
a	O
posebno	O
volim	O
tiramisu	O

bio	O
sam	O
ubedjen	NORM_1WORD
da	O
ovaj	O
advokat	O
zna	O
nesto	NORM_1WORD
!	O

vi	O
što	O
se	O
nikada	O
ne	O
predajete	O
i	O
ne	O
odustajete	O
,	O
je	O
l'	NORM_1WORD
možete	O
da	O
ubedite	O
moju	O
kevu	O
da	O
više	O
nisam	O
mali	O
i	O
da	O
mogu	O
da	O
se	O
brinem	O
o	O
sebi	O
?	O

tvrdoglavo	O
to	O
vreme	O
,	O
majkomoja	NORM_1WORD
.	O

dvoje	O
je	O
ipak	O
nedovoljno	O
da	O
me	O
istovremeno	O
obuzdaju	O
i	O
stave	O
kapi	O
u	O
oči	O
.	O

djilas	NORM_1WORD
vise	NORM_1WORD
nije	O
gradonacelnik	NORM_1WORD
beograda	O
,	O
da	O
li	O
to	O
znaci	NORM_1WORD
da	O
ce	NORM_1WORD
u	O
mozzart	O
kladionicama	O
kvote	O
biti	O
manje	O
?	O

po	O
meni	O
su	O
igraci	NORM_1WORD
odgovorniji	O
,	O
neka	O
menjaju	O
njih	O
.	O

u	O
vozu	O
nema	O
kontrole	O
iz	O
prostog	O
razloga	O
što	O
bi	O
njihovi	O
leševi	O
na	O
pruzi	O
ometali	O
red	O
vožnje	O
metroa	O
.	O

moja	O
rođena	O
sestra	O
ima	O
10	O
godina	O
,	O
ima	O
fejsbuk	O
,	O
gleda	O
retardirani	O
diznijev	O
kanal	O
i	O
ima	O
potencijal	O
da	O
postane	O
idiot	O
...	O

i	O
svi	O
oni	O
koji	O
imaju	O
potrebu	O
da	O
kažu	O
da	O
nešto	O
ne	O
gledaju	O
.	O

cutim	NORM_1WORD
,	O
ne	O
zato	O
sto	NORM_1WORD
nemam	O
sta	NORM_1WORD
da	O
kazem	NORM_1WORD
,	O
nego	O
oni	O
nemaju	O
toliko	O
vremena	O
da	O
slusaju	NORM_1WORD
.	O

hoću	O
blog	O
,	O
ali	O
posle	O
5.	O
oktobra	O
.	O

ali	O
ne	O
sa	O
šugavom	O
robom	O
i	O
fast	O
food	O
resotranima	NORM_1WORD
već	O
pravi	O
investitori	O
...	O
sa	O
milijardama	O
!	O

ali	O
pazi	O
,	O
samo	O
sa	O
sedativima	O
.	O

sedi	O
lik	O
u	O
košuljici	O
,	O
sat	O
do	O
jaja	O
,	O
kucka	O
digitron	O
,	O
zatvara	O
konto	O
,	O
popunjava	O
izveštaj	O
,	O
a	O
na	O
vratu	O
izviruje	O
zmaj	O
tetovaža	O
i	O
seljacizam	NORM_1WORD
.	O

nema	O
potrebe	O
da	O
se	O
brišem	O
posle	O
tuširanja	O
samo	O
ako	O
u	O
tom	O
trenutku	O
bude	O
lonely	O
boy	O
od	O
bka	NORM_1WORD
jer	O
se	O
posle	O
završetka	O
plesa	O
osušim	O
.	O

to	O
je	O
kao	O
da	O
oglasavas	NORM_1WORD
potragu	O
za	O
big	O
footom	O
.	O

buhahah	NORM_1WORD
joj	O
ribo	O
5	O
minuta	O
si	O
na	O
televiziji	O
i	O
odmah	O
pokazujes	NORM_1WORD
intelekt	O

imajte	O
na	O
umu	O
da	O
pušenje	O
cigareta	O
nikada	O
neće	O
rešiti	O
probleme	O
ali	O
će	O
zapravo	O
izazvati	O
mnoge	O
.	O

prijatelje	O
delim	O
na	O
:	O
ako	O
pozoves	NORM_1WORD
u	O
sred	O
noci	NORM_1WORD
i	O
probudis	NORM_1WORD
me	O
javicu	NORM_1WORD
se	O

zbunjuju	O
me	O
ovi	O
klinci	O
sto	NORM_1WORD
vitlaju	O
sa	O
ovim	O
svemirskim	O
telefonima	O
.	O

svako	O
prethodno	O
veče	O
kad	O
sam	O
morala	O
da	O
učim	O
neko	O
je	O
bio	O
tu	O
/	O
zvao	O
me	O
na	O
bleju	O
,	O
a	O
gde	O
ste	O
večeras	O
pizdurine	O

navedite	O
svoje	O
vrline	O

gđica	O
u	O
korisničkom	O
centru	O
mi	O
kaže	O
da	O
je	O
za	O
to	O
kriv	O
onaj	O
ko	O
mi	O
je	O
radio	O
te	O
račune	O
.	O

ne	O
,	O
nije	O
za	O
mene	O
...	O

jbt	NORM_1WORD
!	O

uspela	O
sam	O
,	O
ali	O
me	O
ruke	O
zabolele	O
.	O

kaže	O
barak	O
obamaada	NORM_1WORD
će	O
sad	O
štititi	O
svakog	O
amerikanca	O
u	O
svetu	O
.	O

@djapeh8	O
@alerimm	O
predraze	NORM_1WORD
ja	O
se	O
salim	NORM_1WORD
.	O

ne	O
znaju	O
da	O
li	O
je	O
galaxy	O
s4	O
uzet	O
u	O
telenoru	O
ili	O
je	O
iskeširan	O
.	O

ako	O
uzmemo	O
u	O
obzir	O
ovulaciju	O
,	O
pms	O
i	O
samu	O
menstruaciju	O
,	O
žena	O
faktički	O
bude	O
normalna	O
samo	O
10	O
dana	O
u	O
mesecu	O
.	O

@craznatovic	O
dobro	O
jutro	O
,	O
mila	O
!	O

o	O
bože	O
!	O

tacno	NORM_1WORD
sam	O
znala	O
da	O
mi	O
je	O
bilo	O
sudjeno	NORM_1WORD
da	O
odgledam	O
sezonu	O
...	O

smešno	O
porediti	O
uopšte	O
.	O

džimi	O
izvodi	O
novu	O
tačku	O
.	O

dođi	O
,	O
legni	O
mi	O
na	O
grudi	O
,	O
da	O
zajedno	O
slušamo	O
simfoniju	O
komaraca	O
što	O
se	O
oko	O
glave	O
roje	O
i	O
mažemo	O
se	O
autanom	O
i	O
rakijom	O
...	O

da	O
li	O
je	O
veći	O
problem	O
duletov	O
"	O
napad	O
"	O
na	O
bogdana	O
ili	O
mafijaški	O
napad	O
na	O
novinara	O
u	O
režiji	O
i	O
izvedbi	O
mafijaške	O
pudlice	O
alijas	O
ćoki	O
?	O

što	O
volim	O
.	O

a	O
ovako	O
svašta	O
pomislismo	O
...	O

spavam	O
a	O
misli	O
mi	O
lete	O
ka	NORM_1WORD
uvek	O
novim	O
vidzetima	NORM_1WORD
i	O
grentovima	O
i	O
srbiji	O
u	O
kojoj	O
su	O
homoseksualci	O
slobodni	O
od	O
pdva	NORM_1WORD
!	O

u	O
suprotnom	O
,	O
nemojte	O
počinjati	O

homofobi	O
,	O
nakurceni	NORM_1WORD
likovi	O
,	O
totalno	O
ludi	O
navijaci	NORM_1WORD
rada	O
a	O
ljube	O
se	O
u	O
obraz	O
medjusobno	NORM_1WORD
,	O
kao	O
sisice	O
neke	O
.	O

originalan	O
.	O

ništa	O
ti	O
tako	O
ne	O
digne	O
samopouzdanje	O
kao	O
kad	O
u	O
prevozu	O
slušaš	O
novopečene	O
očeve	O
kako	O
pričaju	O
o	O
ćerkama	O
i	O
tinejdžere	O
kako	O
pričaju	O
o	O
filmovima	O
.	O

kažeš	O
dobrom	O
da	O
je	O
dobar	O
,	O
misli	O
da	O
ga	O
žališ	O
.	O

a	O
da	O
napravite	O
i	O
registar	O
neudatih	O
,	O
na	O
primer	O
?	O

sta	NORM_1WORD
vam	O
je	O
ljudi	O
nemojte	O
biti	O
piromani	O
to	O
sme	O
samo	O
boban	O
piroman	O
.	O

redovi	O
su	O
najgori	O
baš	O
zbog	O
tih	O
goveda	O
koja	O
ne	O
znaju	O
šta	O
znači	O
distanca	O

ako	O
hoćete	O
nešto	O
da	O
uradite	O
–	O
idite	O
do	O
kraja	O
.	O

jedna	O
"	O
pametna	O
"	O
napisala	O
da	O
su	O
fanovi	O
jk	O
jako	O
inteligentni	O
i	O
da	O
na	O
duhovit	O
način	O
ismejavaju	O
šljam	O
.	O

vecina	NORM_1WORD
nas	O
to	O
prizeljkuje	NORM_1WORD
vec	NORM_1WORD
5	O
sezona	O
.	O

ja	O
da	O
znam	O
da	O
ce	NORM_1WORD
mi	O
osisana	NORM_1WORD
kosa	O
na	O
keca	O
dobro	O
stajati	O
sutra	O
bih	O
se	O
osisala	NORM_1WORD
samo	O
da	O
ne	O
moram	O
da	O
susim	NORM_1WORD
ovu	O
kosurdacu	NORM_1WORD
!	O

kada	O
slusam	NORM_1WORD
neki	O
dobar	O
album	O
koji	O
je	O
izdat	O
one	O
godine	O
kad	O
sam	O
se	O
rodila	O
,	O
osecam	NORM_1WORD
se	O
ponosno	O
sto	NORM_1WORD
sam	O
rodjena	NORM_1WORD
iste	O
godine	O
kad	O
i	O
taj	O
album	O
.	O

@marijanatoma	O
baš	O
da	O
ti	O
napišem	O
sada	O
,	O
kako	O
mažić	O
igra	O
dobro	O
pred	O
frau	O
merkel	O
,	O
pa	O
ni	O
očigledan	O
penal	O
za	O
portugal	O
ne	O
svira	O
!	O

ona	O
je	O
sama	O
od	O
sebe	O
napravila	O
cistarcicu	NORM_1WORD
.	O

tog	O
jutra	O
,	O
preminuo	O
je	O
abe	O
pagoda	O
,	O
jedan	O
od	O
njegovih	O
maslačaka	O
.	O

gledam	O
na	O
internetu	O
i	O
vidim	O
da	O
imam	O
simptome	O
za	O
3.	O
moguće	O
bolesti	O
:	O
leukemiji	NORM_1WORD
,	O
tuberkulozu	O
i	O
epilepsiju	O
.	O

nikada	O
me	O
nisu	O
zabolela	O
tvoja	O
dela	O
,	O
a	O
ni	O
reci	NORM_1WORD
,	O
vec	NORM_1WORD
tvoja	O
nezrelost	O
,	O
neodgovornost	O
i	O
ne	NORM_1WORD
o	O
mojim	O
osecanjima	NORM_1WORD
!	O

ne	O
brukajte	O
se	O
ljudi	O
sa	O
onom	O
novom	O
pesmom	O
elitnih	O
odreda	O
..	O

divim	O
se	O
ovim	O
ljudima	O
sa	O
karcinomom	O
koji	O
cine	NORM_1WORD
nemoguce	NORM_1WORD
,	O
samo	O
da	O
ozdrave	O
.	O

sigurno	O
da	O
mie	NORM_1WORD
iz	O
te	O
neke	O
perspektive	O
darežljive	O
persone	O
drago	O
i	O
ništa	O
manje	O
lepo	O
kad	O
podučim	O
tu	O
neku	O
dečurliju	O
igri	O
sorte	O
balfu	NORM_1WORD
.	O

@tronogi	O
to	O
je	O
rekao	O
murinjo	O
na	O
tajnoj	O
konferenciji	O
.	O

pomazu	NORM_1WORD
ljudi	O
koji	O
ne	O
zele	NORM_1WORD
da	O
se	O
nadu	NORM_1WORD
u	O
nekoj	O
situaciji	O
a	O
ne	O
oni	O
koji	O
su	O
bili	O
u	O
istoj	O
ili	O
slicnoj	NORM_1WORD
situaciji	O
,	O
oni	O
ne	O
pomazu	NORM_1WORD
.	O

ovu	O
napadaju	O
na	O
lajni	O
,	O
dobiće	O
nepopravljivi	O
stres	O
,	O
pride	O
i	O
tikove	O
,	O
i	O
gde	O
si	O
bio	O
nigde	O
šta	O
si	O
radio	O
ništa	O
....	O

dame	O
i	O
gospodo	O
,	O
moja	O
razredna	O
.	O

faca	O
joj	O
je	O
takva	O
da	O
bih	O
joj	O
i	O
za	O
licnu	NORM_1WORD
kartu	O
stavila	O
burku	O
.	O

može	O
barem	O
malo	O
pijeteta	O
prema	O
žrtvama	O
?	O

bazel	O
pobedio	O
murinjov	O
chelsea	O
.	O

#20factsaboutme	O
7	O
-	O
volim	O
nickelback	O
,	O
lanu	O
i	O
macke	NORM_1WORD
.	O

zelim	NORM_1WORD
da	O
ostanem	O
glup	O
.	O

zaustavila	O
me	O
mlada	O
mama	O
sa	O
cerkicom	NORM_1WORD
recima	NORM_1WORD
:	O
'	O
jaoj	O
je	O
l'	NORM_1WORD
moze	NORM_1WORD
moja	O
cerka	NORM_1WORD
da	O
se	O
slika	O
sa	O
vama	O
,	O
oduvek	O
sam	O
volela	O
uniformu	O
:	O
namyg	O
:	O
'	O
.	O

pa	O
jes	NORM_1WORD
?	O

ma	O
šalim	O
se	O
,	O
ali	O
je	O
moguće	O
.	O

stranka	O
je	O
kao	O
jabuka	O
.	O

@anamarijapop	O
koji	O
smo	O
tek	O
viral	O
i	O
prostor	O
u	O
medijima	O
dali	O
znakovnom	O
prevodiocu	O
na	O
mandelinoj	O
sahrani	O
.	O

@marrythebugx	O
nemoj	O
to	O
sad	O
,	O
trenutno	O
sam	O
u	O
veoma	O
zanimljivoj	O
situaciji	O
.	O

jelena	O
golubovic	NORM_1WORD
pokazala	O
svoje	O
nazovimo	O
grudi	O
pred	O
svim	O
farmerima	O
i	O
milionskim	O
auditorijumom	O
.	O

@giannilestat	O
pa	O
jesi	O
jer	O
to	O
tako	O
nije	O
rečeno	O
.	O

igram	O
igricu	O
na	O
fonu	NORM_1WORD
de	NORM_1WORD
si	O
kao	O
fudbaler	O
,	O
možeš	O
da	O
kupuješ	O
garderobu	O
,	O
kuće	O
kola	O
a	O
najviše	O
mi	O
se	O
sviđa	O
što	O
možeš	O
da	O
ostaviš	O
devojku	O
klikom	O
na	O
x	O

nisam	O
više	O
sigurna	O
,	O
da	O
li	O
je	O
bolje	O
imati	O
male	O
snove	O
i	O
biti	O
srećan	O
,	O
ili	O
večito	O
težiti	O
ka	O
nečemu	O
velikom	O
i	O
biti	O
večito	O
nezadovoljan	O
?	O

to	O
,	O
valjda	O
,	O
u	O
praksi	O
znaci	NORM_1WORD
ona	O
podrska	NORM_1WORD
francuske	O
srbiji	O
od	O
pre	O
neki	O
dan	O
kad	O
su	O
se	O
setali	NORM_1WORD
po	O
obrenovcu	O
.	O

kuda	O
je	O
nestao	O
taj	O
moj	O
gen	O
.	O

ako	O
neko	O
vidi	O
@1jedinstvena	O
na	O
lajni	O
..	O
recite	O
joj	O
da	O
želim	O
da	O
joj	O
se	O
izvinim	O
,	O
i	O
da	O
to	O
.	O
upravo	O
radim	O
na	O
lajni	O
.	O

ako	O
abb	O
,	O
pa	O
čak	O
i	O
nasa	O
koriste	O
linux	O
kao	O
os	O
,	O
zašto	O
srbiji	O
nije	O
dobar	O
i	O
mora	O
da	O
da	O
2,45	O
milijardi	O
dinara	O
za	O
windows	O
?	O

jedino	O
u	O
sta	NORM_1WORD
sam	O
u	O
ovom	O
trenutku	O
siguran	O
jeste	O
da	O
se	O
na	O
sledecim	NORM_1WORD
izborima	O
ne	O
sme	O
dozvoliti	O
da	O
se	O
ds	O
vrati	O
na	O
vlast	O
sa	O
ovakvim	O
konceptom	O

@lanaandric	O
bez	O
generalizacija	O
.	O

da	O
manje	O
koristiš	O
caps	O
lock	O
drkao	O
bih	O
na	O
neke	O
tvoje	O
tvitove	O
u	O
kojima	O
pokazuješ	O
intelektualne	O
i	O
duhovite	O
osobine	O
.	O

a	O
koliko	O
je	O
tek	O
bespomoćanj	NORM_1WORD
onaj	O
ko	O
zna	O
da	O
nije	O
živeo	O
dobro	O
?	O

posle	O
5	O
minuta	O
.	O

slabo	O
je	O
to	O
,	O
veoma	O
.	O

ali	O
sa	O
nekim	O
.	O

a	O
i	O
voleo	O
bih	O
da	O
umrem	O
u	O
rimu	O
.	O

:)	O

i	O
ti	O
ljudi	O
koje	O
ne	O
zaboravljamo	O
,	O
ali	O
im	O
se	O
nikada	O
nebi	NORM_1WORD
javili	O
.	O

@srdjankosrdjan	O
me	O
ubedjuje	NORM_1WORD
da	O
kupim	O
šupu	O
u	O
savamali	O
,	O
posle	O
da	O
dobijem	O
truplex	NORM_1WORD
u	O
bg	NORM_1WORD
na	O
vodi	O
.	O

(	O
ar	O
)	O
man	NORM_1WORD
se	O
ženo	O
ćorava	O
posla	O
.	O

pa	O
vi	O
se	O
bre	O
nervirate	O
i	O
što	O
ne	O
spavate	O
.	O

boze	NORM_1WORD
jesam	O
li	O
ja	O
barem	O
potrefila	O
pravu	O
?!	O

nataša	O
bekvalac	O
ponovo	O
sa	O
koletom	O
?	O

valjda	O
to	O
tako	O
ide	O
kada	O
nekoga	O
,	O
istinski	O
voliš	O
...	O

otisao	NORM_1WORD
bih	O
do	O
decka	NORM_1WORD
jer	O
mi	O
se	O
malo	O
mazi	O
i	O
gnjavi	O
ali	O
bi	O
me	O
ta	O
zelja	NORM_1WORD
prosla	NORM_1WORD
na	O
gazeli	O
a	O
vec	NORM_1WORD
bih	O
hejtao	NORM_1WORD
kod	O
pancevca	NORM_1WORD
pa	O
bolje	O
da	O
ne	O
.	O

@sandrabossnic	O
bravo	O
srce	O
moje	O
,	O
na	O
odlicnom	NORM_1WORD
si	O
putu	O
:)))	O

hocu	NORM_1WORD
da	O
se	O
sutra	O
probudim	O
i	O
da	O
imam	O
sest	NORM_1WORD
godina	O
opet	O
,	O
da	O
igram	O
klikera	O
,	O
hvatam	O
leptire	O
,	O
pijem	O
step	O
sokic	NORM_1WORD
i	O
pravim	O
ljude	O
od	O
plastelina	O
.	O

bog	O
te	O
jeb'o	NORM_1WORD
,	O
kako	O
nebojši	O
pavkoviću	O
smvde	NORM_1WORD
noge	O
.	O

i	O
frlo	NORM_1WORD
se	O
nevriram	NORM_1WORD
bogz	NORM_1WORD
toga	O
.	O

od	O
jedne	O
pesme	O

oni	O
muškarci	O
"	O
što	O
se	O
mene	O
tiče	O
ti	O
si	O
jebana	O
ahahaha	O
"	O
pred	O
ortacima	O
,	O
uglavnom	O
jebu	O
nikako	O
i	O
mnogo	O
su	O
veliki	O
papučari	O
.	O

@baxus27	O
je	O
l'	NORM_1WORD
ti	O
bolji	O
kandidat	O
neko	O
ko	O
nije	O
nikada	O
ušao	O
u	O
bazen	O
,	O
a	O
jedina	O
referenca	O
mu	O
u	O
životu	O
da	O
je	O
političar	O
?	O

putin	O
-	O
"	O
nešto	O
se	O
mislim	O
da	O
još	O
malo	O
drmnem	O
garavom	O
kavez	O
i	O
priznam	O
mu	O
da	O
imam	O
ideju	O
i	O
za	O
aljsku	NORM_1WORD
!	O
"	O

to	O
bi	O
moglo	O
značiti	O
da	O
ćete	O
izgubiti	O
–	O
glavu	O
!	O

kad	O
se	O
zidovi	O
spuste	O
na	O
tebe	O
.	O

doci	NORM_1WORD
ce	NORM_1WORD
ti	O
samo	O
,	O
dok	O
ces	NORM_1WORD
ti	O
biti	O
vodjen	NORM_1WORD
prema	O
tome	O
...	O

@nikola_stevan	O
@chelavi1	O
@nszorana	O
zato	O
hajde	O
da	O
uradimo	O
nesto	NORM_1WORD
za	O
svoju	O
porodicu	O
,	O
prijatelje	O
...	O

ako	O
neka	O
fora	O
ne	O
prodje	NORM_1WORD
na	O
tviteru	NORM_1WORD
,	O
ni	O
na	O
fejsu	O
,	O
ni	O
u	O
kafani	O
,	O
ni	O
na	O
faxu	NORM_1WORD
,	O
ni	O
u	O
kraju	O
,	O
onda	O
sam	O
u	O
fazonu	O
:	O
cale	NORM_1WORD
pazi	O
ovo	O
...	O

super	O
,	O
jeco	O
,	O
samo	O
se	O
zaustavi	O
sad	O
na	O
tom	O
prolecu	NORM_1WORD
.	O

evo	O
rekoše	O
mi	O
cure	O
da	O
sam	O
ljubomorna	O
jer	O
nisam	O
okačila	O
svoju	O
guzicu	O
na	O
avatar	O
kao	O
one	O
.	O

a	O
mislim	O
da	O
je	O
blic	O
najgore	O
sredstvo	O
informisanja	O
,	O
to	O
grozno	O
baratanje	O
polu	NORM_1WORD
,	O
iznosenje	NORM_1WORD
istih	O
u	O
javnost	O
itd.	O
,	O
potpuno	O
amaterski	O

sanjao	O
sam	O
da	O
sam	O
negde	O
na	O
hrvatskoj	O
obali	O
,	O
a	O
onda	O
su	O
me	O
probudili	O
da	O
im	O
šaljem	O
fotke	O
od	O
sinoć	O
.	O

imali	O
su	O
sve	O
poluge	O
vlasti	O
i	O
raspisali	O
izbore	O
.	O

unapred	O
hvala	O
.	O

stavim	O
pou-u	O
lopticu	O
iznad	O
glave	O
i	O
osetim	O
se	O
kô	NORM_1WORD
srednjoškolski	O
siledžija	O
koji	O
drži	O
knjigu	O
iz	O
nuklearne	O
fizike	O
iznad	O
glave	O
najvećeg	O
štrebera	O
.	O

redakcija	O
tw	O
scandal-a	O
zahteva	O
od	O
ministra	O
ivice	O
dačića	O
da	O
se	O
što	O
pre	O
pronađe	O
i	O
najstrožije	NORM_1WORD
kazni	O
počinilac	O
ovog	O
monstruoznog	O
dela	O
!	O

nesto	NORM_1WORD
romanticno	NORM_1WORD
.	O

pitanje	O
je	O
samo	O
gde	O
ih	O
naći	O
?	O

vi	O
sto	NORM_1WORD
slikate	O
svoja	O
stopala	O
i	O
u	O
pozadini	O
more	O
/	O
plazu	NORM_1WORD
/	O
bazen	O
/	O
kurac	O
i	O
to	O
kacite	NORM_1WORD
na	O
fejs	O
sad	O
zamislite	O
kako	O
fut-fetisari	NORM_1WORD
koriste	O
te	O
slike	O
.	O

da	O
se	O
dogovore	O
profesori	O
koj	O
je	O
od	O
njih	O
najveci	NORM_1WORD
baron	O
pa	O
cemo	NORM_1WORD
hijerarhijski	O
gepekovanja	O
i	O
ubacivanja	O
u	O
kontejnere	O
.	O

a	O
ne	O
znam	O
sta	NORM_1WORD
to	O
znaci	NORM_1WORD
muvanje	O
na	O
twitteru	O
.	O

dosla	NORM_1WORD
da	O
se	O
osisam	NORM_1WORD
.	O

ne	O
zato	O
sto	NORM_1WORD
hocu	NORM_1WORD
,	O
vec	NORM_1WORD
sto	NORM_1WORD
brat	O
nije	O
ukljucio	NORM_1WORD
bojler	O
.	O

drug	O
tito	O
danas	O
ponovo	O
medju	NORM_1WORD
srbima	O
:	O
obeležavanje	O
dana	O
užičke	O
republike	O
u	O
nekada	O
titvovom	NORM_1WORD
užicu	NORM_1WORD
,	O
ove	O
godine	O
-	O
nikad	O
masovnije	O

sve	O
koji	O
lepe	O
plakate	O
oko	O
izbora	O
i	O
proslave	O
ng	O
bih	O
obavezao	O
da	O
ih	O
posle	O
ukloni	NORM_1WORD
inače	O
društveno	O
koristan	O
rad	O
.	O

moja	O
komšinica	O
svakodnevno	O
brine	O
o	O
mentalnom	O
stanju	O
svoje	O
dece	O
.	O

od	O
sinocnog	NORM_1WORD
strujnog	O
kola	O
ostali	O
su	O
zvucnici	NORM_1WORD
utaknuti	O
u	O
telefon	O
.	O

interesuje	O
me	O
odakle	O
novac	O
.	O

povraća	O
mi	O
se	O
.	O

a	O
lepe	O
su	O
,	O
steta	NORM_1WORD
je	O
da	O
ih	O
se	O
odreknem	O
.	O

jbg	NORM_1WORD
,	O
tudje	NORM_1WORD
sladje	NORM_1WORD
!	O

:)	O

:*	O

za	O
sve	O
svetske	O
putnike	O
-	O
na	O
sajtu	O
swiss	NORM_1WORD
možete	O
naći	O
povratnu	O
avionsku	O
kartu	O
,	O
sa	O
svim	O
uračunatim	O
taksama	O
,	O
od	O
beograda	O
do	O
ženeve	O
za	O
60	O
e.	NORM_1WORD

@m_o_z_e_m_i_s_e	O
@biserrr	O
potpis	O
treba	O
za	O
ispit	O
samo	O
,	O
mada	O
ni	O
to	O
niko	O
ne	O
gleda	O
,	O
a	O
ona	O
izmislja	NORM_1WORD
nesto	NORM_1WORD
za	O
kolok	NORM_1WORD
,	O
ja	O
sam	O
za	O
to	O
da	O
pisemo	NORM_1WORD
zalbu	NORM_1WORD

awkward	O
moment	O
kada	O
je	O
u	O
kuci	NORM_1WORD
ledara	O
a	O
napolju	O
pretoplo	O
pa	O
ne	O
znas	NORM_1WORD
gde	O
ces	NORM_1WORD
da	O
budes	NORM_1WORD
tako	O
da	O
samo	O
sednes	NORM_1WORD
na	O
prag	O
ulaznih	O
vrata	O
i	O
places	NORM_1WORD
.	O

takodje	NORM_1WORD
tajo	O
ne	O
diraj	O
tileta	O
i	O
pinkija	O
.	O

u	O
poslednjih	O
70	O
godina	O
naša	O
vlast	O
je	O
originalna	O
,	O
i	O
očajni	O
su	O
.	O

i	O
udji	NORM_1WORD
prva	O
da	O
polazes	NORM_1WORD
.	O

dobro	O
sam	O
ja	O
izrasla	O
kakvi	O
su	O
mi	O
roditelji	O
.	O

umislila	O
jedna	O
poznanica	O
da	O
je	O
ona	O
jebach	NORM_1WORD
i	O
ja	O
joj	O
rekla	O
sestro	O
nemosh	NORM_1WORD
biti	O
jebach	NORM_1WORD
kad	O
si	O
zensko	NORM_1WORD
..	O
kaze	NORM_1WORD
se	O
kurva	O
.	O

...	O
pa	O
zar	O
sve	O
to	O
u	O
rano	O
popodne	O
?!?	O

kad	O
god	O
neko	O
napiše	O
"	O
savršeno	O
"	O
ja	O
pročitam	O
:	O
svršeno	O
,	O
svršio	O
,	O
prskao	O
i	O
tome	O
slično	O
!	O

http://t.co/huod0ikkra	O
via	O
@postarpress	O

ne	O
može	O
spc	O
da	O
pomogne	O
obnovu	O
zemlje	O
,	O
ali	O
može	O
da	O
pravi	O
još	O
jednu	O
filijalu	O
za	O
ovce	O
u	O
mom	O
naselju	O
.	O

ako	O
me	O
to	O
ne	O
izvuče	O
,	O
ništa	O
neće	O
...	O

danas	O
sam	O
imala	O
blizak	O
susret	O
s	O
psiho	O
osobom	O
još	O
ne	O
mogu	O
da	O
se	O
oporavim	O
,	O
uglavnom	O
pratio	O
me	O
po	O
gradu	O
i	O
govorio	O
kako	O
me	O
voli	O
i	O
mrzi	O
.	O

vi	O
koji	O
ga	O
poznajete	O
,	O
da	O
li	O
znate	O
,	O
je	O
li	O
ovaj	O
edin	O
škorić	O
lud	O
čovek	O
,	O
ili	O
samo	O
samodestruktivan	O
?	O

osećam	O
se	O
kao	O
mrav	O
,	O
dok	O
se	O
cvrčci	O
zevzeče	O
.	O

jebote	O
,	O
pa	O
taj	O
#hrast	O
postoji	O
još	O
od	O
nemanjića	O
,	O
a	O
ova	O
sirovina	O
od	O
ministra	O
ne	O
može	O
da	O
nađe	O
način	O
da	O
ga	O
sačuva	O
.	O

oce	NORM_1WORD
li	O
kurir	O
i	O
za	O
depardjea	O
da	O
napise	NORM_1WORD
:	O
starojko	O
ili	O
debeli	O
najeo	O
se	O
cevapa	NORM_1WORD
,	O
kao	O
sto	NORM_1WORD
su	O
pisali	O
o	O
katrin	O
danev	O
,	O
da	O
se	O
staramajka	NORM_1WORD
najela	O
istih	O
?	O

ne	O
mogu	O
.	O

to	O
je	O
sad	O
in	O
,	O
jebi	O
ga	O
.	O

odlično	O
je	O
odrađen	O
i	O
ovaj	O
drugi	O
vine	O
za	O
koka	NORM_1WORD
sa	O
slamčicom	O
.	O

a	O
ova	O
njoj	O
kucko	NORM_1WORD
to	O
je	O
tuca	NORM_1WORD
poenta	O
je	O
da	O
te	O
udaram	O
u	O
facu	O
.	O

ne	O
može	O
.	O

ili	O
je	O
dacic	NORM_1WORD
prodao	O
sneg	O
,	O
ili	O
ga	O
je	O
ceda	NORM_1WORD
posmrkao	NORM_1WORD
...	O

pa	O
dobro	O
...	O

sad	O
je	O
prepravljaju	O
kao	O
da	O
je	O
ikad	O
i	O
valjala	O
.	O

ne	O
skida	O
novce	O
i	O
posle	O
75	O
min	NORM_1WORD
.	O

rusoljub	O
?	O

pocela	NORM_1WORD
sam	O
da	O
treniram	O
taebo	O
...	O

jedan	O
je	O
#oxford	O

i	O
čekaju	O
.	O

toliko	O
me	O
smorile	O
igrice	O
na	O
telefonu	O
da	O
ću	O
uskoro	O
da	O
instaliram	O
pou-a	O
kako	O
vidim	O
.	O

kada	O
bih	O
nestala	O
kao	O
ona	O
nesrećna	O
manekenka	O
,	O
predano	O
bi	O
me	O
tražio	O
samo	O
radnik	O
iz	O
pekare	O
kom	O
sam	O
ostala	O
dužna	O
5	O
din	NORM_1WORD
za	O
burek	O
prošle	O
nedelje	O
.	O

ništa	O
lepše	O
nego	O
kad	O
zauzdaš	O
svoj	O
mrak	O
.	O

draže	O
mi	O
je	O
kad	O
mi	O
se	O
neko	O
javi	O
i	O
kaže	O
:	O
prelepo	O
si	O
to	O
napisala	O
,	O
nego	O
kada	O
rt-uje	NORM_1WORD
/	O
rebloguje	O
/	O
fejvuje	O
.	O

volim	O
#vogue	O
,	O
jako	O
,	O
da	O
čitam	O
ali	O
ovi	O
dokumentarci	O
tipa	O
"	O
the	O
editor's	O
eye	O
"	O
su	O
besmisleni	O
i	O
blago	O
dosadni	O
...	O

nema	O
na	O
cemu	NORM_1WORD
.	O

do	O
tada	O
uzivajte	NORM_1WORD
,	O
odmarajte	O
i	O
slobodno	O
vreme	O
iskoristite	O
pametno	O

http://t.co/a1vs21pffc	O
via	O
@mozzartsport	O

gledam	O
neku	O
domaću	O
bljuvotinu	O
na	O
prvoj	O
i	O
čudim	O
se	O
što	O
ne	O
počinje	O
mkmp	O
,	O
pa	O
se	O
setih	O
,	O
konju	O
izlapeli	O
to	O
je	O
na	O
b92	O
...	O

a	O
zašto	O
ne	O
bi	O
jelena	O
janković	O
spremala	O
ajvar	O
?	O

odem	O
ja	O
da	O
uzmem	O
parče	O
torte	O
,	O
kad	O
ja	O
ne	O
znam	O
da	O
otvorim	O
ono	O
.	O

kush	NORM_1WORD
tamo	O
,	O
radim	O
pre	O
podne	O
,	O
meni	O
je	O
i	O
sunce	O
i	O
prolece	NORM_1WORD
!	O

retardi	O
.	O

molim	O
lepo	O
.	O

@zeka_kg	O
podele	O
,	O
prpadnost	NORM_1WORD
ubija	O
kragujevčane	O
.	O

kad	O
su	O
cale	NORM_1WORD
i	O
keva	O
u	O
dnevnoj	O
,	O
a	O
ja	O
gledam	O
seks	O
i	O
grad	O
na	O
tv	NORM_1WORD
,	O
obicno	NORM_1WORD
naidje	NORM_1WORD
neka	O
scena	O
gde	O
samanta	O
drnda	O
vibrator	O
i	O
vristi	NORM_1WORD
kao	O
nenormalna	O
.	O

meni	O
je	O
stvarno	O
neopisivo	O
drago	O
što	O
su	O
makar	O
sad	O
u	O
tom	O
hotelu	O
u	O
pristojnim	O
uslovima	O
.	O

zahvalio	O
bih	O
se	O
vučiću	O
i	O
sns-u	O
što	O
su	O
me	O
naterali	O
da	O
se	O
malo	O
više	O
posvetim	O
fotošopu	O
u	O
poslednje	O
vreme	O
.	O

gde	O
su	O
zglobne	O
65-ice	O
?!	O

boli	O
me	O
uvo	O
više	O
,	O
što	O
bih	O
se	O
ja	O
nekom	O
uvek	O
prva	O
javljala	O
.	O

#oko	O
oko	O
pajtica	NORM_1WORD
.	O

posledice	O
spavanja	O
kod	O
babe	O
dok	O
je	O
ista	O
sa	O
dedom	O
na	O
tisi	O
tri	O
dana	O
,	O
a	O
tetka	O
na	O
poslu	O
:	O
1.	O
odlazak	O
u	O
prodavnicu	O
2.	O
3.	O
4.	O
5.	O

ne	O
doživeh	O
veću	O
adekvatnost	O
odavno	O
.	O

svaka	O
čast	O
liku	O
koji	O
je	O
izmislio	O
wc	O
papir	O
za	O
njega	O
se	O
nekako	O
može	O
reći	O
da	O
sere	O
pare	O
.	O

u	O
taj	O
dan	O
koji	O
se	O
javlja	O
iznenada	O
,	O
biće	O
taj	O
dan	O
predivan	O
kao	O
najlepši	O
san	O
...	O

lois	O
lejn	O
kao	O
ne	O
može	O
da	O
skonta	O
kenta	O
bez	O
cvikera	O
,	O
a	O
kada	O
bi	O
se	O
povatao	NORM_1WORD
s	O
nekom	O
drugom	O
ženkom	O
,	O
provalila	O
bi	O
ga	O
pa	O
da	O
je	O
obučen	O
i	O
kao	O
betmen	O
.	O

ubrzo	O
se	O
razvela	O
...	O
i	O
nikad	O
vise	NORM_1WORD
udala	O
.	O

uvek	O
ima	O
te	NORM_1WORD
jedna	O
osoba	O
na	O
ispitu	O
koja	O
kad	O
počne	O
da	O
odgovara	O
svi	O
zaćute	O
i	O
uozbilje	O
se	O
ko	NORM_1WORD
beba	O
kad	O
kaki	O
u	O
pelene	O
.	O

ja	O
sam	O
ozbiljan	O
covek	NORM_1WORD
.	O

sve	O
cu	NORM_1WORD
da	O
ih	O
potrujem	O
...	O

@tdjindjic	O
@xisco_m	O
pa	O
zato	O
sto	NORM_1WORD
odredjeni	NORM_1WORD
smiju	NORM_1WORD
pitati	O
,	O
al	NORM_1WORD
nikad	O
da	O
se	O
neko	O
od	O
njih	O
napravi	O
budala	O
pa	O
da	O
tako	O
nesto	NORM_1WORD
pita	O

ljubomora	O
je	O
za	O
slabiće	O
.	O

kad	O
se	O
umorim	O
od	O
svih	O
tih	O
dosadnih	O
,	O
pokvarenih	O
i	O
glupih	O
ljudi	O
,	O
uzmem	O
sestricu	O
od	O
7	O
god.	O
za	O
ruku	O
i	O
provedem	O
dan	O
sa	O
njom	O
.	O

nije	O
da	O
me	O
briga	O
ali	O
zabranjeno	O
joj	O
je	O
da	O
raskida	O
sa	O
njim	O
do	O
sledeceg	NORM_1WORD
leta	O
..	O

ne	O
onih	O
što	O
nas	O
vole	O
.	O

dabogda	O
vam	O
ja	O
pohodio	O
snove	O
...	O

trazi	NORM_1WORD
kandidata	O
koji	O
bi	O
snimio	O
pornić	O
sa	O
njom	O
,	O
kako	O
bi	O
napravila	O
decka	NORM_1WORD
ljubomornim	O
.	O

pusti	O
me	O
tih	O
priča	O
nema	O
se	O
raspadaju	O
se	O
i	O
ostalih	O
spinova	O
.	O

srecan	NORM_1WORD
zavrsetak	NORM_1WORD
prelaznog	O
roka	O
svima	O
koji	O
slave	O
.	O

pomozite	O
maloj	O
klošarki	O
da	O
dobije	O
samsung	O
galaxy	O
s4	O
mini	O
jer	O
je	O
egocentricna	NORM_1WORD
kucka	NORM_1WORD
i	O
nece	NORM_1WORD
jeftine	O
stvari	O
.	O

i	O
meni	O
su	O
ga	O
pojeli	O
!	O

@uzonsasa	O
e	O
sada	O
mi	O
je	O
skroz	O
jasno	O
sta	NORM_1WORD
pricas	NORM_1WORD
prevideh	O
ovaj	O
tvit	O
.	O

nije	O
problem	O
režim	O
nego	O
sistem	O
.	O

tako	O
je	O
govorio	O
i	O
zoran	O
đinđić	O
i	O
svi	O
znamo	O
kako	O
je	O
završio	O
"	O

svaki	O
put	O
kad	O
prospemo	O
mamin	O
rucak	NORM_1WORD
u	O
wc	O
solju	NORM_1WORD
,	O
ja	O
se	O
ponadam	O
da	O
smo	O
nahranili	O
nindza	NORM_1WORD
kornjace	NORM_1WORD
,	O
a	O
onda	O
se	O
setim	O
da	O
imamo	O
septicku	NORM_1WORD
jamu	O
.	O

poslove	O
kao	O
što	O
su	O
čišćenje	O
,	O
pranje	O
peglanje	O
,	O
ne	O
treba	O
niko	O
da	O
radi	O
bez	O
da	O
mu	O
se	O
plati	O
.	O

evo	O
odra	NORM_1WORD
mi	O
kozu	NORM_1WORD
!	O

zahvalicemo	NORM_1WORD
ti	O
za	O
sve	O
dobro	O
sto	NORM_1WORD
si	O
ucinio	NORM_1WORD
za	O
srbiju	O
i	O
nas	O
,	O
olosu	NORM_1WORD
!	O

mene	O
tako	O
malo	O
bude	O
sramota	O
kad	O
ja	O
znam	O
nekoga	O
i	O
otprilike	O
ceo	O
njegov	O
život	O
,	O
a	O
ta	O
osoba	O
ni	O
ne	O
zna	O
da	O
postojim	O

da	O
li	O
postoji	O
još	O
koja	O
država	O
gde	O
se	O
u	O
skupštini	O
,	O
na	O
sednici	O
vlade	O
,	O
u	O
intervjuima	O
političara	O
toliko	O
pominju	O
društvene	O
mreže	O
?	O

al	NORM_1WORD
oprostiću	O
mu	O
zato	O
što	O
je	O
sladak	O
ko	NORM_1WORD
pekmez	O
koji	O
želi	O
da	O
mu	O
pravim	O
.	O

izbegavajte	O
slano	O
,	O
slatko	O
,	O
gorko	O
,	O
kiselo	O
,	O
gazirano	O
,	O
negazirano	O
i	O
navikavajte	O
se	O
da	O
zivite	NORM_1WORD
u	O
zemlji	O
u	O
kojoj	O
necemo	NORM_1WORD
imati	O
ni	O
hleba	O
da	O
jedemo	O
.	O

brat	O
dodje	NORM_1WORD
trezan	O
u	O
1	O
i	O
prevrne	O
celu	O
kucu	NORM_1WORD
.	O

sanjala	O
sam	O
neku	O
prelepotu	O
sad	O
,	O
a	O
u	O
pozadini	O
se	O
čuje	O
neka	O
seljačka	O
muzika	O
tipa	O
žare	O
i	O
goci	O
&	O
co.	O
,	O
sve	O
je	O
pokvarila	O
.	O

"	O
howl's	O
moving	O
castle	O
"	O
je	O
definitivno	O
najbolji	O
crtani	O
film	O
.	O

danas	O
sam	O
prvi	O
put	O
u	O
zivotu	NORM_1WORD
drao	O
kozu	NORM_1WORD
sa	O
neke	O
zivotinje	NORM_1WORD
i	O
toliko	O
sam	O
bio	O
dobar	O
da	O
sam	O
se	O
uziveo	NORM_1WORD
i	O
odrao	O
sebi	O
prst	O

vidiš	O
da	O
su	O
decu	O
pustili	O
iz	O
bolnice	O
?!	O

@list_kanabisa	O
koliko	O
ja	O
znam	O
,	O
radi	O
se	O
o	O
podizanju	O
svesti	O
o	O
als-u	O
.	O

pod	O
mojim	O
krevetom	O
nema	O
čudovišta	O
,	O
ali	O
zato	O
stoji	O
fino	O
ušuškan	O
,	O
gotovo	O
sakriven	O
,	O
vhs	O
video	O
plejer	O
na	O
koji	O
sam	O
maltene	O
zaboravio	O
!	O

ne	O
smeju	O
ljudi	O
više	O
ni	O
reći	O
koje	O
knjige	O
vole	O
.	O

sećam	O
se	O
29.	O
novembar	O
je	O
bio	O
dan	O
republike	O
i	O
najomiljeniji	O
praznik	O
u	O
yu	O
.	O

igram	O
sa	O
ortakom	O
pikado	O
u	O
pice	NORM_1WORD
,	O
a	O
on	O
kafanski	O
covek	NORM_1WORD
-	O
zabode	O
strelicu	O
u	O
centar	O
a	O
sa	O
drugom	O
prepolovi	O
ovu	O
prvu	O
,	O
nesto	NORM_1WORD
kao	O
vilijam	O
tel.	O

oni	O
koji	O
me	O
od	O
samog	O
pocetka	NORM_1WORD
potcenjuju	O
kasnije	O
ne	O
zele	NORM_1WORD
,	O
ni	O
za	O
zivu	NORM_1WORD
glavu	O
,	O
da	O
promene	O
te	O
stavove	O
.	O

ne	O
želim	O
da	O
ikada	O
prestaneš	O
biti	O
romantičan	O
,	O
sexy	O
,	O
želim	O
da	O
me	O
zauvek	O
uzbušuješ	NORM_1WORD
,	O
da	O
te	O
zauvek	O
uzbudjujem	NORM_1WORD
.	O

mislim	O
da	O
nema	O
nista	NORM_1WORD
lepse	NORM_1WORD
od	O
kafe	O
u	O
toplom	O
krevetu	O
,	O
dok	O
je	O
napolju	O
hladno	O
.	O

koliko	O
će	O
mi	O
samo	O
vremena	O
trebati	O
da	O
skapiram	O
međuljudske	O
odnose	O
na	O
tw	O
.	O

@bojandjuricldp	O
nova	O
lica	O
sa	O
kredibilitetom	O
,	O
i	O
pojavnim	O
(	O
formalnim	O
)	O
i	O
suštinskim	O
.	O

ljudi	O
molim	O
vas	O
ne	O
odbijajte	O
evakuaciju	O
!	O

koliko	O
se	O
svi	O
brinu	O
oko	O
ocena	O
i	O
proseka	O
,	O
samo	O
je	O
meni	O
izgleda	O
dosadno	O
i	O
u	O
fazonu	O
sam	O
hoću	O
da	O
me	O
ne	O
boli	O
ku**c	O
ovoliko	O
.	O

i	O
dalje	O
se	O
nadam	O
da	O
ćete	O
do	O
sutra	O
promeniti	O
stav	O
i	O
da	O
ćemo	O
vas	O
videti	O
u	O
ns	NORM_1WORD
.	O

@ozmo_sasa	O
ja	O
mislim	O
da	O
čović	O
nije	O
i	O
nikada	O
neće	O
savoviću	O
i	O
rakočeviću	O
oprostiti	O
alibi	O
igru	O
u	O
plej-ofu	O
superlige	O
,	O
naročito	O
finalu	O
.	O

sanjala	O
sam	O
da	O
mi	O
je	O
ostao	O
jedan	O
ispit	O
i	O
da	O
se	O
posle	O
svih	O
godina	O
moram	O
vratiti	O
na	O
pmf	O
..	O

i	O
ovo	O
joj	O
je	O
previse	NORM_1WORD
!	O

zasto	NORM_1WORD
si	O
nastavila	O
na	O
visi	NORM_1WORD
nivo	O
...	O

prijatelju	O
,	O
odustani	O
od	O
kokica	O
-	O
ne	O
ide	O
ti	O
!	O

zatekao	O
sam	O
ga	O
ispred	O
maxija	O
,	O
radi	O
na	O
tezgi	O
,	O
nisam	O
ni	O
znao	O
da	O
više	O
nema	O
posao	O
.	O

u	O
dm	NORM_1WORD
autoporuka	O
hvala	O
što	O
me	O
pratite	O
.	O

ovaj	O
@pharrell	O
je	O
takav	O
umešni	O
zanatlija	O
,	O
kad	O
čovek	O
napravi	O
pesmu	O
,	O
ne	O
mož'	NORM_1WORD
da	O
dosadi	O
.	O

u	O
konkursu	O
mpšv	O
piše	O
"	O
prirodne	O
i	O
biotehničke	O
nauke	O
"	O
,	O
a	O
meni	O
stigne	O
pojašnjenje	O
da	O
veterinarska	O
medicina	O
nije	O
iz	O
te	O
grupe	O
!	O

@toskezoran	O
zamisli	O
da	O
radiš	O
celu	O
kampanju	O
i	O
razboliš	O
se	O
za	O
završnu	O
konvenciju	O
:-(	O

golica	O
ih	O
covek	NORM_1WORD
k'o	NORM_1WORD
popizdeo	O
...	O

a	O
ti	O
vasi	NORM_1WORD
'	O
retardirani	O
ljudi	O
sa	O
fejsa	O
'	O
su	O
odavno	O
postali	O
'	O
retardirani	O
ljudi	O
sa	O
tvitera	O
'	O
samo	O
su	O
metili	NORM_1WORD
druge	O
avatare	O
.	O

i	O
donese	O
kurir	O
i	O
informer	O

sat	O
vremena	O
nam	O
je	O
trebalo	O
da	O
raspalimo	O
rostilj	NORM_1WORD
zbog	O
vetra	O
,	O
a	O
onda	O
nam	O
se	O
meso	O
zapalilo	O
.	O

zato	O
sto	NORM_1WORD
mi	O
net	O
ne	O
radi	O
iz	O
nepoznatih	O
razloga	O
zato	O
cu	NORM_1WORD
nocas	NORM_1WORD
spavati	O
ispred	O
kuce	NORM_1WORD
hvatakuci	NORM_1WORD
komsijski	NORM_1WORD
vaj	NORM_1WORD
.	O

vetar	O
slab	O
i	O
umeren	O
,	O
povremeno	O
jak	O
.	O

ovoj	O
devojci	O
,	O
sto	NORM_1WORD
je	O
ostavila	O
krvav	O
ulozak	NORM_1WORD
otvoren	O
u	O
zajednickom	NORM_1WORD
wc-u	O
zelim	NORM_1WORD
da	O
joj	O
svi	O
umru	O
,	O
i	O
da	O
dece	O
nikad	O
nema	O
!	O

kakav	O
identitet	O
bi	O
mogla	O
da	O
ima	O
i	O
na	O
čemu	O
da	O
ga	O
bazira	O
?	O

imaš	O
li	O
ga	O
ti	O
?	O

da	O
li	O
su	O
sve	O
podguzne	O
muve	O
našeg	O
"	O
novinarstva	O
"	O
odletele	O
sa	O
vučićem	O
u	O
berlin	O
ili	O
je	O
koja	O
ostala	O
i	O
ovde	O
?	O

@genadios88	O
studenti	O
mora	O
i	O
treba	O
da	O
uče	O
za	O
kolokvijume	O
i	O
ispite	O
.	O

rekla	O
da	O
sam	O
bila	O
previse	NORM_1WORD
bezobrazna	O
,	O
da	O
se	O
ex	O
nece	NORM_1WORD
javiti	O
vise	NORM_1WORD
.	O

koliko	O
ja	O
ne	O
mogu	O
pesimiste	O
u	O
zivotu	NORM_1WORD
,	O
ljude	O
koji	O
svemu	O
naglase	O
losu	NORM_1WORD
stranu	O
,	O
i	O
sve	O
im	O
je	O
problem	O
.	O

rođaka	O
update	O
:	O
"	O
zvala	O
"	O
me	O
u	O
kanadu	O
da	O
mi	O
da	O
hint	O
da	O
bi	O
i	O
ona	O
malo	O
u	O
beograd	O
.	O

u	O
23	NORM_1WORD
sam	O
usla	NORM_1WORD
sa	O
limenkom	O
piva	O
u	O
ruci	O
,	O
preskakajuci	NORM_1WORD
prskalicu	O
u	O
studentskom	O
parku	O
.	O

@jeremic_vuk	O
drago	O
mi	O
je	O
ako	O
je	O
tako	O
.	O

@sanda_filipesko	O
ne	O
opamete	O
se	O
nikad	O
posto	NORM_1WORD
znaju	O
da	O
zavise	O
od	O
njih	O
.	O

čopor	O
osnovaca	O
na	O
tviteru	O
,	O
a	O
ja	O
sam	O
u	O
osnovnoj	O
skupljala	O
pare	O
da	O
uplatim	O
neki	O
dial-up	O
i	O
skinem	O
slike	O
iz	O
filmova	O
o	O
hariju	O
poteru	O
.	O

(	O
video	O
)	O
http://t.co/ef2rzell4t	O
via	O
@srkoprivica	O

hm	O
...	O

filematologija	O
,	O
nauka	O
posvećena	O
najlepšem	O
susretu	O
na	O
svetu	O
,	O
poljupcu	O
...	O

sigurna	O
sam	O
da	O
njihova	O
politika	O
ne	O
uključuje	O
homofoba	O
u	O
žiriju	O
.	O

šteta	O
nepovratno	O
već	O
raste	O
.	O

dva	O
klinca	O
slave	O
18ti	NORM_1WORD
na	O
gajbi	O
preko	O
puta	O
moje	O
,	O
neka	O
žurka	O
fazon	O
,	O
ima	O
12	O
ljudi	O
sa	O
sve	O
slavljenicima	O
...	O

ok	O
sad	O
,	O
nego	O
pricam	NORM_1WORD
ti	O
o	O
situaciji	O
koja	O
traje	O
mesecima	O
.	O

vulin	O
objašnjava	O
zašto	O
je	O
bio	O
uzbuđen	O
zbog	O
raminih	O
rutavih	O
nogu	O
.	O

čisto	O
ako	O
nekog	O
zanima	O
ili	O
je	O
pogođen	O
a	O
još	O
nema	O
informaciju	O
#loopia	O
puklo	O
sve	O
,	O
ne	O
rade	O
sajtovi	O
,	O
mail	O
serveri	O
...	O

ima	O
mi	O
se	O
bozic	NORM_1WORD
kao	O
u	O
americkim	NORM_1WORD
flimovima	O
,	O
okicene	NORM_1WORD
ulice	O
,	O
dvorista	NORM_1WORD
i	O
kuce	NORM_1WORD
,	O
puno	O
poklona	O
,	O
puno	O
snega	O
,	O
vecera	NORM_1WORD
u	O
krugu	O
porodice	O
i	O
svi	O
srecni	NORM_1WORD

koga	O
boli	O
uvo	O
kakva	O
ti	O
je	O
riba	O
kada	O
se	O
probudi	O
ujutru	O
a	O
vece	NORM_1WORD
pre	O
toga	O
si	O
je	O
smuvao	O
i	O
kresnuo	O
,	O
pa	O
takvu	O
i	NORM_1WORD
ne	O
planiras	NORM_1WORD
zeniti	NORM_1WORD
...	O

daljinski	O
!	O

ja	O
od	O
njega	O
mogu	O
samo	O
secas	NORM_1WORD
li	O
se	O
doli	O
bel	O
,	O
otac	O
na	O
sluzbenom	NORM_1WORD
putu	O
i	O
podzemlje	O
.	O

do	O
koliko	O
će	O
gradjana	NORM_1WORD
i	O
gradjanki	NORM_1WORD
još	O
stići	O
ove	O
životne	O
priče	O
to	O
možemo	O
da	O
pretpostavljamo	O
,	O
ali	O
verujemo	O
da	O
je	O
#niš	O
od	O
danas	O
tolerantniji	O
.	O

ponekad	O
nečiji	O
fejv	O
doživim	O
kao	O
kompliment	O
,	O
a	O
ponekad	O
kad	O
vidim	O
ko	O
me	O
fejvuje	O
dođe	O
mi	O
da	O
ugasim	O
nalog	O
i	O
bacim	O
komp	O
u	O
malezijski	O
avion	O
.	O

gde	O
oni	O
uopšte	O
imaju	O
priliku	O
da	O
čuju	O
i	O
zavole	O
ovo	O
?	O

kršenje	O
izborne	O
tišine	O
ili	O
šupalj	O
zakon	O
?	O

oni	O
koji	O
su	O
uzeli	O
pare	O
#5oktobar	O
njima	O
je	O
lepo	O
i	O
danas	O
,	O
onaj	O
koji	O
je	O
izasao	NORM_1WORD
zato	O
sto	NORM_1WORD
je	O
zeleo	NORM_1WORD
bolje	O
danas	O
pati	O
kad	O
vidi	O
za	O
koga	O
se	O
borio	O

to	O
što	O
sam	O
ti	O
poslao	O
e-mail	O
kojim	O
čestitam	O
slavu	O
ne	O
znači	O
da	O
sam	O
prolupao	O
nego	O
da	O
ti	O
rođače	O
koristiš	O
@mts	O
i	O
@telekom_srbija	O
.	O

mogu	O
li	O
ljudi	O
da	NORM_1WORD
instagrama	O
da	O
progovore	O
bez	O
tarabe	O
?	O

ja	O
mislio	O
da	O
je	O
samo	O
glup	O
ali	O
tek	O
sad	O
vidim	O
da	O
slina	O
pokusava	NORM_1WORD
nas	O
navede	O
na	O
oljinog	O
sina	O
.	O

@sutanovacdragan	O
pa	O
čekaj	O
sad	O
od	O
yumka	O
,	O
fapa	O
i	O
vs	O
dođosmo	O
do	O
slikanja	O
.	O

novca	O
nikad	O
dosta	O
.	O

ako	O
se	O
ispostavi	O
da	O
"	O
zorba	O
"	O
ne	O
radi	O
,	O
ovo	O
bi	O
moglo	O
biti	O
zanimljivo	O
.	O

zato	O
je	O
najbolje	O
imati	O
ih	O
nasred	O
sobe	O
,	O
za	O
svaki	O
slučaj	O
.	O

skidam	O
pesme	O
koje	O
nikada	O
nisam	O
čula	O
jer	O
ne	O
mogu	O
više	O
organski	O
da	O
podnesem	O
ove	O
sa	O
telefona	O
koje	O
nikada	O
neću	O
imati	O
srca	O
da	O
izbrišem	O
.	O

homofobija	O
nikad	O
nece	NORM_1WORD
izumreti	O
u	O
srbiji	O
.	O

#marketing	O
i	O
still	O
hate	O
it	O

kada	O
popljujem	O
sebe	O
u	O
tvitu	O
i	O
neko	O
me	O
ritvituje	O
je	O
l'	NORM_1WORD
to	O
zato	O
sto	NORM_1WORD
se	O
slaze	NORM_1WORD
ili	O
sebe	O
pronalazi	O
u	O
tvitu	O
?	O

sad	O
me	O
zove	O
najbolja	O
drugarica	O
,	O
plače	O
,	O
rida	O
,	O
raskinula	O
sa	O
dečkom	O
,	O
druga	O
drugarica	O
slična	O
situacija	O
,	O
ja	O
u	O
kurcu	O
.	O

ne	O
znam	O
sta	NORM_1WORD
mi	O
to	O
daje	O
.	O

tadi	NORM_1WORD
je	O
potcenjivački	O
odnos	O
prema	O
vojvodini	O
pokazivao	O
i	O
ranije	O
,	O
kao	O
i	O
sada	O
kada	O
je	O
iz	O
bg	NORM_1WORD
pokušao	O
da	O
manipuliše	O
i	O
trguje	O
njenom	O
sudbinom	O
.	O

šta	O
vi	O
mislite	O
,	O
kakva	O
je	O
budućnost	O
energetskog	O
sektora	O
srbije	O
i	O
njegove	O
stabilnosti	O
,	O
nakon	O
što	O
je	O
sps	O
pruzeo	NORM_1WORD
rukovođenje	O
ovim	O
ministarstvom	O
?	O

kad	O
nismo	O
imali	O
lovu	O
za	O
prevoz	O
,	O
nego	O
se	O
nas	O
između	O
15	O
i	O
150	O
nakarika	O
i	O
tako	O
od	O
lastve	O
do	O
rosa	O
.	O

te	O
vase	NORM_1WORD
igrice	O
toplo	O
-	O
hladno	O
,	O
hocu	NORM_1WORD
necu	NORM_1WORD
,	O
psiholoske	NORM_1WORD
igrice	O
znam	O
odlicno	NORM_1WORD
da	O
igram	O
i	O
sva	O
ta	O
pravila	O
vasa	NORM_1WORD
,	O
ali	O
necu	NORM_1WORD
takav	O
odnos	O
.	O

skinem	O
soundtrack	O
i	O
sve	O
pesme	O
su	O
tu	O
,	O
osim	O
te	O
jedne	O
.	O

trebalo	O
je	O
da	O
imamo	O
šest	O
časova	O
ali	O
nismo	O
ni	O
toliko	O
nego	O
dva	O
,	O
jer	O
sistematski	O
pregled	O
#sistematskionelove	O

djole	NORM_1WORD
polaze	NORM_1WORD
za	O
plavi	O
pojas	O
veceras	NORM_1WORD
,	O
dok	O
dodje	NORM_1WORD
red	O
na	O
njega	O
mame	O
iz	O
kraja	O
ce	NORM_1WORD
me	O
udaviti	O
za	O
crni	O
,	O
medalju	O
i	O
ucestvovanje	NORM_1WORD
na	O
sledecim	NORM_1WORD
oi	O
.	O

ovi	O
izbori	O
me	O
podsetili	O
na	O
farmu	O
,	O
niko	O
ne	O
glasa	O
za	O
naprednjake	O
a	O
oni	O
osvojise	NORM_1WORD
ubedljivu	O
vecinu	NORM_1WORD
,	O
cak	NORM_1WORD
i	O
u	O
bgd	NORM_1WORD
,	O
stvarno	O
smo	O
licemeran	O
narod	O
!	O

da	O
ne	O
uđoh	O
na	O
fb	O
da	O
mi	O
objasne	O
,	O
ne	O
bih	O
znala	O
da	O
je	O
badnji	O
dan	O
.	O

scena	O
:	O
ja	O
se	O
na	O
maskembalu	NORM_1WORD
igram	O
sa	O
dečkom	O
u	O
invalidskim	O
kolicima	O
ne	O
shvatam	O
da	O
je	O
zapravo	O
invalid	O
.	O

evo	O
sedim	O
na	O
wc	O
solji	NORM_1WORD
i	O
razmisljam	NORM_1WORD
sto	NORM_1WORD
ne	O
bi	NORM_1WORD
mi	O
krenuli	O
sa	O
testerama	O
pobili	O
sve	O
u	O
vladi	O
i	O
uzeli	O
pare	O
?	O

kozacima	O
?	O

nr	NORM_1WORD
sme	O
se	O
cutati	NORM_1WORD
.	O

snažne	O
žene	O
svoju	O
bol	O
nose	O
kao	O
štikle	O
,	O
bez	O
obzira	O
na	O
to	O
koliko	O
boli	O
,	O
svi	O
vide	O
samo	O
to	O
koliko	O
su	O
lepe	O
.	O

@milinkoi	O
a	O
omladinac	O
će	O
biti	O
kriv	O
za	O
sve	O
.	O

poštujem	O
platona	O
,	O
aristotela	O
,	O
diogena	O
i	O
ostale	O
antičke	O
filosofe	NORM_1WORD
ali	O
zoran	O
cane	O
kostić	O
...	O
savremeni	O
,	O
urbani	O
filosof	NORM_1WORD
,	O
neprevaziđen	O
.	O

na	O
prvom	O
mestu	O
odgovornost	O
,	O
a	O
onda	O
volontiranje	O
.	O

ja	O
namignem	O
,	O
ona	O
namigne	O
,	O
ja	O
namignem	O
,	O
ona	O
namigne	O
,	O
ja	O
namignem	O
,	O
ona	O
pošalje	O
račun	O
da	O
platim	O
piće	O
.	O

ali	O
ove	O
ribe	O
sto	NORM_1WORD
seruju	NORM_1WORD
neku	O
cecinu	O
pesmu	O
i	O
stih	O
'	O
pozvacu	NORM_1WORD
te	O
nikada	O
'	O

bi	O
li	O
kurvo	O
?	O

mozda	NORM_1WORD
je	O
vreme	O
za	O
menjanje	O
kalupa	O
.	O

@acastop	O
@iskusno	O
nadam	O
se	O
da	O
je	O
taj	O
jedan	O
duško	O
tošić	O
,	O
kao	O
i	O
da	O
će	O
novi	O
selektor	O
to	O
saopštiti	O
još	O
nekima	O
.	O

pink	O
zatrpava	O
sa	O
vestima	O
umesto	O
reklama	O
.	O

pa	O
smak	O
sveta	O
.	O

da	O
mi	O
se	O
objasni	O
kada	O
je	O
modni	O
zločin	O
prestao	O
da	O
bude	O
kad	O
obučeš	O
nešto	O
što	O
ti	O
ne	O
stoji	O
i	O
pretvorio	O
se	O
u	O
haljinu	O
iz	O
prošlogodišnje	O
kolekcije	O
.	O

u	O
svoju	O
odbranu	O
,	O
pripita	O
sam	O
,	O
dobro	O
pamtim	O
brojeve	O
i	O
stihove	O
.	O

tako	O
je	O
i	O
kad	O
kažem	O
nešto	O
irl	O
.	O

kevin	O
spacey	O
cestitao	NORM_1WORD
djokovicima	NORM_1WORD
rodjenje	NORM_1WORD
sina	O
sad	O
moram	O
cutke	NORM_1WORD
da	O
trpim	O
novinske	O
natpise	O
jer	O
spacey	O
je	O
bog	O
.	O

hahaha	O
,	O
izbacim	O
status	O
na	O
fb	O
i	O
stiže	O
poruka	O
na	O
mobilni	O
od	O
dečka	O
pronašao	O
se	O
u	O
njemu	O
,	O
a	O
nije	O
bio	O
za	O
njega	O
.	O

u	O
paralelnom	O
univerzumu	O
ambasador	O
kirbi	O
(	O
nije	O
usisivač	O
)	O
oralno	O
zadovoljava	O
ivicu	O
dačića	O
,	O
koga	O
na	O
ovalu	O
proždire	O
jagnje	O
ispod	O
sača	O
...	O

@karapandza	O
pa	O
i	O
nije	O
.	O

možda	O
kući	O
plaču	O
zbog	O
toga	O
.	O

"	O
imam	O
balaševića	O
na	O
kompu	O
i	O
upravo	O
svira	O
.	O
"	O

ulice	O
grada	O
mirišu	O
na	O
razgažene	O
kišne	O
gliste	O
,	O
opširnije	O
u	O
prilogu	O
koji	O
sledi	O
.	O

zašto	O
žene	O
u	O
teretani	O
ne	O
proizvode	O
ove	O
sex	O
zvukove	O
kao	O
ovi	O
momci	O
hipsteri	O
koji	O
vežbaju	O
u	O
bermudama	O
za	O
štrand	O
?	O

retweetuj	O
parče	O
torte	O
i	O
nekoliko	O
sarmi	O
...	O

na	O
tlc-u	O
neka	O
emisija	O
,	O
vadžajna	O
pa	O
vadžajna	O
.	O

svi	O
vi	O
prefinjeni	O
koji	O
niste	O
videli	O
bradate	O
žene	O
,	O
peovozajte	NORM_1WORD
se	O
malo	O
busom	O
/	O
trolom	O
/	O
tramvajem	O
po	O
bg-u	O
!	O

ceca	O
sinu	O
za	O
18.	O
rodjendan	NORM_1WORD
pravi	O
spektakl	O
.	O

@ptiki	O
ministarstvo	O
je	O
krivo	O
što	O
lepo	O
nije	O
obrazložilo	O
zakon	O
..	O
koji	O
jeste	O
užasno	O
restriktivna	NORM_1WORD
i	O
nepotreban	O
po	O
meni	O

od	O
realnog	O
se	O
umire	O
,	O
od	O
nerealnog	O
zivi	NORM_1WORD
.	O

i	O
da	O
ne	O
budem	O
kontraš	O
,	O
kako	O
vi	O
rekoste	O
,	O
od	O
danas	O
prestajem	O
da	O
plaćam	O
struju	O
.	O

danas	O
budite	O
filematolozi	O
!	O

mislim	O
da	O
sam	O
upravo	O
video	O
organizaciju	O
koja	O
zvanično	O
odlučuje	O
ko	O
će	O
na	O
praksu	O
po	O
broju	O
lajkova	O
koje	O
kandidat	O
sakupi	O
na	O
svojoj	O
slici	O
.	O

na	O
mrezi	NORM_1WORD
gde	O
se	O
zblizava	NORM_1WORD
uspeli	O
su	O
da	O
nas	O
odalje	O
od	O
sebe	O

on	O
je	O
prava	O
klasika	O
.	O

pare	O
**	O
to	O
joj	O
ostalo	O
od	O
onog	O
krv	O
,	O
znoj	O
i	O
na	O
kraju	O
poslo	NORM_1WORD
mleko	O
.	O

@banatjanin	O
kada	O
smo	O
molili	O
da	O
se	O
ds	O
urazumi	O
,	O
rekli	O
su	O
da	O
mu	O
ne	O
mogu	O
ništa	O
jer	O
sad	O
nije	O
zgodno	O
.	O

u	O
danasnje	NORM_1WORD
vreme	O
odgajati	O
dete	O
ili	O
decu	O
je	O
velika	O
odgovornost	O
i	O
jos	NORM_1WORD
veca	NORM_1WORD
hrabrost	O
.	O

@gordicnikola	O
@srka1970	O
i	O
uvek	O
poluprazni	O
.	O

lajna	O
mi	O
stala	O
.	O

@valjevskigedza	O
to	O
se	O
kao	O
i	O
uvek	O
brižno	O
skriva	O
.	O

došle	O
smo	O
da	O
vidimo	O
bebu	O
.	O

kad	O
@mladjad	O
(	O
uspešno	O
)	O
svede	O
kritiku	O
budžeta	O
na	O
jedno	O
tviteraško	O
#fail	O
,	O
ne	O
znaš	O
ko	O
je	O
tu	O
neozbiljniji	O
-	O
budžet	O
,	O
kreatori	O
budžeta	O
,	O
ili	O
njihov	O
kritičar	O
.	O

dejan	O
cukić	O
je	O
popularan	O
jedino	O
kad	O
padaju	O
letnje	O
kiše	O
,	O
tad	O
ga	O
se	O
svi	O
sete	O
.	O

na	O
radio	O
fokusu	O
opet	O
one	O
žvalave	O
predizborne	O
emisije	O
što	O
je	O
vodio	O
sns	O
žvalonja	O
vlada	O
djukanović	NORM_1WORD
i	O
zamlaćivao	O
mase	O
.	O

meni	O
malo	O
gej	O
kad	O
je	O
musko	NORM_1WORD
opsednuto	O
severinom	O
,	O
cecom	O
,	O
karleusom	NORM_1WORD
itd.	O
ne	O
u	O
smislu	O
figure	O
,	O
vec	NORM_1WORD
kao	O
boginja	O
i	O
ti	O
fazoni	O
.	O

što	O
sam	O
stariji	O
,	O
sve	O
me	O
manje	O
briga	O
da	O
li	O
će	O
ljudi	O
razumeti	O
moje	O
postupke	O
.	O

onaj	O
techno	O
usput	O
,	O
za	O
moju	O
dušu	O

e	O
ovo	O
su	O
sportisti	O
.	O

ono	O
kad	O
šabančić	O
ispred	O
tebe	O
hoda	O
kao	O
posran	O
sa	O
dignutom	O
kragnicom	O
na	O
maci	NORM_1WORD
nekog	O
fudbalskog	O
kluba	O
,	O
i	O
oseća	O
se	O
tako	O
kul	O
.	O

-	O
zamislite	O
oni	O
su	O
smislili	O
da	O
mi	O
zivimo	NORM_1WORD
samo	O
od	O
plate	O
,	O
bez	O
uzimanja	O
mita	O
.	O

od	O
kako	O
pratim	O
džejmija	O
olivera	O
,	O
sve	O
jedem	O
sa	O
daske	O
za	O
sečenje	O
zato	O
što	O
je	O
to	O
kul	O
+	O
manje	O
sudova	O
.	O

hajde	O
nemoj	O
da	O
mi	O
odgovoriš	O
na	O
poruku	O
sat	O
vremena	O
da	O
ti	O
ja	O
ne	O
bih	O
odgovorila	O
na	O
poruku	O
dva	O
sata	O
da	O
mi	O
ti	O
ne	O
bi	O
odgovorio	O
tri	O
,	O
da	O
ja	O
ne	O
bi	NORM_1WORD
...	O

̋	O
pogodi	O
srž	O
.	O

jedino	O
bolje	O
od	O
toga	O
je	O
kad	O
kaže	O
"	O
vlada	O
u	O
senci	O
"	O
a	O
misli	O
na	O
tajnovitost	O
vlade	O

picka	NORM_1WORD
jedna	O
zla	O
i	O
papucarska	NORM_1WORD
.	O

koliko	O
sam	O
novca	O
ostavio	O
na	O
fakultetu	O
,	O
iznenađen	O
sam	O
time	O
da	O
još	O
ne	O
postoji	O
neki	O
amfiteatar	O
sa	O
mojim	O
imenom	O
.	O

u	O
:	O
ali	O
znas	NORM_1WORD
ti	O
koliko	O
dugo	O
ja	O
imam	O
tablet	O
?	O

@novostionline	O
ako	O
pantić	O
kim	O
smatra	O
sastavnim	O
delom	O
srbije	O
,	O
onda	O
znači	O
da	O
je	O
srbija	O
izvršila	O
udar	O
na	O
sebe	O
samu	O
.	O

i	O
onda	O
neko	O
kaže	O
da	O
frojd	O
nije	O
bio	O
u	O
pravu	O
...	O

noletu	O
na	O
svadbu	O
dolaze	O
robert	O
deniro	NORM_1WORD
,	O
naomi	O
kempbel	O
...	O

more	O
marš	O
,	O
jel	NORM_1WORD
si	O
toliko	O
važan	O
da	O
mi	O
radiš	O
bezbednosnu	O
proveru	O
?	O

@srecanecija	O
bitno	O
je	O
samo	O
da	O
je	O
pas	O
uredno	O
vakcinisan	O
i	O
čist	O
.	O

neke	O
stvari	O
skapiraš	O
tek	O
kada	O
su	O
ti	O
dalje	O
od	O
nosa	O
,	O
npr.	O
tek	O
kad	O
skineš	O
naočare	O
shvatiš	O
koliko	O
su	O
prljave	O
.	O

neki	O
ljudi	O
se	O
sami	O
nametnu	O
da	O
ti	O
umesto	O
prijatelja	O
budu	O
samo	O
igračka	O
.	O

mislim	O
da	O
su	O
se	O
svi	O
smorili	O
i	O
sledece	NORM_1WORD
nedelje	O
ce	NORM_1WORD
biti	O
finale	O
i	O
da	O
pobedi	O
makedonac	O
i	O
ajd	NORM_1WORD
dosta	O
,	O
farma	O
pocinje	NORM_1WORD
od	O
marta	O
odma	NORM_1WORD
.	O

@tmusicsandra	O
@localocaaloca	O
ne	O
generalizuj	O
i	O
ne	O
kleveci	NORM_1WORD
.	O

vi	O
shvatate	O
da	O
je	O
toliko	O
bavljenje	O
njegovim	O
doktoratom	O
samo	O
magla	O
da	O
ne	O
gledamo	O
tamo	O
gde	O
bismo	O
trebali	O
?	O

pošto	O
je	O
primećeno	O
da	O
pojedini	O
twiteraši	NORM_1WORD
napišu	O
kada	O
i	O
kakav	O
su	O
sex	NORM_1WORD
imali	O
i	O
dobiju	O
masu	O
fejvova	O
i	O
masu	O
folowera	O
,	O
odjavljujem	O
se	O
večeras	O
...	O

@nszoranans	O
ne	O
znam	O
za	O
tu	O
godinu	O
ali	O
sam	O
čuo	O
(	O
ja	O
sam	O
od	O
marta	O
član	O
)	O
da	O
je	O
to	O
bio	O
problem	O
do	O
sada	O
.	O

priznajem	O
,	O
kriva	O
sam	O
ali	O
bih	O
sutra	O
ponovo	O
.	O

idem	O
poručiti	O
sa	O
tv	O
shopa	O
magični	O
napitak	O
koji	O
će	O
da	O
vežba	O
za	O
mene	O
,	O
radi	O
kućne	O
poslove	O
,	O
završi	O
fax	NORM_1WORD
u	O
roku	O
...	O

tolika	O
vladina	O
obećanja	O
su	O
pala	O
u	O
vodu	O
.	O

sto	NORM_1WORD
volim	O
ovo	O
12casovno	NORM_1WORD
radno	O
vreme	O
ponedeljkom	O
u	O
sred	O
leta	O
i	O
dok	O
mi	O
jos	NORM_1WORD
zvoni	O
u	O
glavi	O
od	O
nrethodne	NORM_1WORD
noci	NORM_1WORD
.	O

zaprašivanje	O
komaraca	O
obustavljaju	O
zbog	O
kiše	O
,	O
vetra	O
,	O
niske	O
temp	NORM_1WORD
,	O
sad	O
smeta	O
i	O
visoka	O
temperatura	O
-	O
a	O
komarcima	O
ne	O
smeta	O
ama	O
baš	O
ništa	O
.	O

a	O
u	O
stvari	O
zadrzavam	NORM_1WORD
povracanje	NORM_1WORD
.	O

koliko	O
ja	O
volim	O
njene	O
izjave	O
.	O

dok	O
je	O
zatvoren	O
?	O

opasno	O
radi	O
,	O
gotovu	NORM_1WORD
u	O
toku	O
nocne	NORM_1WORD
voznje	NORM_1WORD
.	O

svaki	O
put	O
kada	O
gledam	O
romantični	O
film	O
,	O
molim	O
se	O
da	O
su	O
ta	O
dva	O
glavna	O
glumca	O
i	O
u	O
realnom	O
životu	O
zajedno	O
,	O
jer	O
se	O
moja	O
iluzija	O
onda	O
nastavlja	O
.	O

ako	O
me	O
pratite	O
da	O
bi	NORM_1WORD
vas	O
zapratila	O
nazad	O
odlepršajte	O
...	O
neću	O
da	O
pratim	O
nekoga	O
ako	O
mi	O
se	O
ne	O
sviđaju	O
tvitovi	O
.	O

tolko	NORM_1WORD
mi	O
je	O
jak	O
komp	O
da	O
kad	O
mi	O
neko	O
nesto	NORM_1WORD
posalje	NORM_1WORD
na	O
fejsu	O
dok	O
slusam	NORM_1WORD
preko	O
aimpa	O
ide	O
ni--i-i-i-ii-i-i-g-g-g-g-g-a-a-aaa	NORM_1WORD
wwwwestssssidddde	NORM_1WORD

rt	O
@karleusastar	O

naš	NORM_1WORD
kako	O
to	O
ide	O
u	O
životu	O
?	O

pizda	O
vam	O
materina	O
samo	O
znate	O
da	O
štrajkujete	O
,	O
a	O
posao	O
zaobilazite	O
.	O

@jankovicmilos	O
ne	O
treba	O
nama	O
boris	O
nama	O
trebaju	O
pešić	O
,	O
bogdan	O
bogdanović	O
el	NORM_1WORD
đinđić	O
na	O
tom	O
mestu	O
.	O

@zecijauskas	O
mislim	O
da	O
je	O
ključ	O
problema	O
u	O
kariku	O
.	O

zasto	NORM_1WORD
ja	O
ne	O
mogu	O
da	O
ustanem	O
iz	O
kreveta	O
i	O
da	O
li	O
sam	O
i	O
dalje	O
pijana	O
i	O
zasto	NORM_1WORD
mi	O
glava	O
ne	O
pukne	O
jednostavno	O

svi	O
se	O
nesto	NORM_1WORD
primili	O
prave	O
koncerte	O
,	O
arena	O
,	O
marakana	O
...	O

ostaje	O
da	O
vidim	O
da	O
li	O
je	O
pravilo	O
"	O
rebus	O
sic	O
stantibus	O
"	O
jače	O
od	O
"	O
reservation	O
policy	O
"	O
hotela	O
?	O

ima	O
jedna	O
slika	O
na	O
kojoj	O
malo	O
lici	NORM_1WORD
na	O
gwen	O
stefani	O
,	O
a	O
zna	O
se	O
ko	NORM_1WORD
se	O
lozi	NORM_1WORD
na	O
gwen	O
jos	NORM_1WORD
od	O
malih	O
nogu	O
...	O

na	O
drugom	O
film	O
sa	O
borom	O
i	O
srdjanom	NORM_1WORD
todorovicem	NORM_1WORD
,	O
pisao	O
dragoslav	O
mihajlovic	NORM_1WORD
.	O

kaže	O
,	O
ako	O
rešim	O
problem	O
,	O
on	O
rešava	O
problem	O
mog	O
odela	O
.	O

-	O
tako	O
je	O
,	O
pukni	O
me	O
u	O
venu	O
uz	O
tu	O
pesmu	O

hi	O
,	O
hi	O
.	O

u	O
slobodno	O
vreme	O
gledam	O
na	O
netu	O
enterijere	O
vila	O
i	O
penthausa	O
za	O
koje	O
necu	NORM_1WORD
imati	O
novaca	NORM_1WORD
ni	O
da	O
zivim	NORM_1WORD
10	O
zivota	NORM_1WORD
.	O

srami	O
se	O
srbijo	O
...	O

imam	O
18	O
godina	O
i	O
svađam	O
se	O
sa	O
mamom	O
zbog	O
odlaska	O
kod	O
zubara	O
.	O

mak	O
i	O
orasi	O
,	O
miks	O
,	O
i	O
sa	O
sirom	O
.	O

kada	O
jednoga	O
dana	O
budem	O
mogla	O
da	O
odslušam	O
moon	O
river	O
a	O
da	O
ne	O
plačem	O
,	O
znaću	O
da	O
sam	O
stvarno	O
srećna	O
.	O

odoh	O
da	O
zabavljam	O
sirotinju	O
!	O

jos	NORM_1WORD
samo	O
da	O
ga	O
upoznam	O
.	O

drugo	O
,	O
nemamo	O
.	O

oteže	O
sve	O
vreme	O
na	O
nelogičnom	O
mestu	O
.	O

posto	NORM_1WORD
i	O
sama	O
ne	O
citam	NORM_1WORD
duge	O
tvitove	O
,	O
ja	O
kad	O
hocu	NORM_1WORD
da	O
se	O
ispovedim	O
napisem	NORM_1WORD
dug	O
tvit	O
i	O
niko	O
me	O
ne	O
cita	NORM_1WORD
.	O

današnji	O
greh	O
u	O
ime	O
ženskog	O
roda	O
počinismo	O
na	O
kafi	O
,	O
naime	O
drugarica	O
je	O
jednog	O
dečka	O
sa	O
zaliscima	O
nazvala	O
miki	O
maus	O
.	O

nije	O
ovaj	O
život	O
za	O
mene	O
,	O
ili	O
ja	O
za	O
njega	O
nisam	O
.	O

jebeno	O
dobro	O
upoznajte	O
osobu	O
ako	O
vam	O
ikad	O
padne	O
na	O
pamet	O
glupost	O
poput	O
braka	O
,	O
ma	O
po	O
koju	O
cenu	O
i	O
da	O
se	O
razocarate	NORM_1WORD
jer	O
onako	O
je	O
mnogo	O
teze	NORM_1WORD
.	O

a	O
gomilaju	O
se	O
.	O

smršao	O
,	O
jedva	O
sam	O
ga	O
poznao	O
.	O

a	O
kod	O
frizera	O
predavanje	O
o	O
sopstvenoj	O
bitnosti	O
by	O
gospođa	O
koja	O
je	O
sa	O
50	O
"	O
dogurala	O
"	O
do	O
glavne	O
sekretarice	O
urednika	O
jutarnjeg	O
programa	O
.	O

nikada	O
nisam	O
imala	O
barbiku	O
,	O
ja	O
sam	O
vukla	O
jednog	O
olinjalog	O
,	O
sundjerastog	NORM_1WORD
pericu	O
.	O

sad	O
mi	O
je	O
jasno	O
ko	O
jebe	O
...	O

vratite	O
ga	O
nazad	O
,	O
da	O
sns	O
izgubi	O
jos	NORM_1WORD
jednog	O
saveznika	O
.	O

kažem	O
majci	O
...	O
majko	O
zajebi	O
da	O
gledaš	O
silu	O
i	O
anandi	O
,	O
ispraće	O
ti	O
mozak	O
...	O

o	O
ljudskim	O
pravima	O
imam	O
da	O
kažem	O
:	O
vratim	O
se	O
sa	O
sastanka	O
u	O
kanc	NORM_1WORD
i	O
javim	O
se	O
sa	O
ćao	O
!	O

sreca	NORM_1WORD
pa	O
donji	O
srem	O
ne	O
igra	O
ligu	O
sampiona	NORM_1WORD
...	O

pink	O
ima	O
da	O
baci	O
neke	O
niskobudzetne	NORM_1WORD
splacine	NORM_1WORD
sa	O
svojim	O
iskusnim	O
pevacima	NORM_1WORD
.	O

i	O
reče	O
bog	O
prvog	O
dana	O
,	O
ne	O
konkurišite	O
za	O
psihologiju	O
jer	O
ste	O
psihički	O
labilne	O
osobe	O
.	O

neki	O
ljudi	O
odu	O
u	O
crkvu	O
i	O
odmah	O
misle	O
da	O
su	O
neki	O
vernici	O
.	O

cinjenica	NORM_1WORD
da	O
postoji	O
mogucnost	NORM_1WORD
da	O
zorana	O
mihajlovic	NORM_1WORD
bude	O
gradonacelnica	NORM_1WORD
bg	NORM_1WORD
mi	O
je	O
uzasavajuca	NORM_1WORD
,	O
uznemirujuca	NORM_1WORD
,	O
strasna	NORM_1WORD
i	O
potresna	O
misao	O
.	O

na	O
koncertu	O
doris	O
dragović	O
u	O
beogradu	O
,	O
ako	O
ne	O
razvuku	O
neku	O
arkanovu	O
sliku	O
,	O
stvarno	O
su	O
'čke	NORM_1WORD
negostoprimljive	O
.	O

ja	O
:	O
pa	O
igram	O
vec	NORM_1WORD
25	O
god	NORM_1WORD
pa	O
znam	O

blic	O
sport	O
|	O
partizan	O
neće	O
doživeti	O
sudbinu	O
steaue	O
:	O
vojska	O
neće	O
uzeti	O
crno-belima	O
ime	O
i	O
grb	O
.	O

blago	O
nama	O
i	O
vama	O
!	O

ono	O
kad	O
glumiš	O
samouverenost	O
,	O
a	O
drhtanje	O
ruku	O
te	O
odaje	O
.	O

gde	O
su	O
,	O
bre	O
,	O
ona	O
lepa	O
vremena	O
kad	O
su	O
deca	O
krila	O
roditeljski	O
od	O
roditelja	O
!?!?	O

evo	O
,	O
iskreno	O
mi	O
je	O
žao	O
.	O

u	O
udžbenicima	O
primenjene	O
etike	O
u	O
lekciji	O
o	O
manjem	O
zlu	O
stoji	O
priča	O
o	O
borisu	O
tadiću	O
.	O

uhvaćen	O
&	O
pogubljen	O
sudija	O
koji	O
je	O
pod	O
američkom	O
okupacijom	O
osudio	O
na	O
smrt	O
predsednika	O
iraka	O
huseina	O
.	O

ja	O
nisam	O
znao	O
da	O
će	O
biti	O
na	O
faksu	O
,	O
pa	O
dao	O
na	O
marakani	O
ranije	O
.	O

evo	O
još	O
malo	O
pa	O
će	O
pola	O
1	O
a	O
ja	O
jedem	O
čips	O
i	O
pravim	O
edite	O
sa	O
tviterašima	O
.	O

kad	O
pogledam	O
vesti	O
dodje	NORM_1WORD
mi	O
da	O
pozove	NORM_1WORD
ortak	NORM_1WORD
u	O
u.	O
s.	O
da	O
ga	O
zovem	O
da	O
se	O
vrati	O
.	O

eh	O
,	O
da	O
mi	O
je	O
upornost	O
žene	O
u	O
krznenom	O
prsluku	O
na	O
25	O
stepeni	O
,	O
pomerila	O
bih	O
planetu	O
još	O
bliže	O
suncu	O
.	O

muskarci	NORM_1WORD
koji	O
salju	NORM_1WORD
indirektne	O
poruke	O
i	O
ne	O
odluce	NORM_1WORD
se	O
za	O
direktan	O
kontakt	O
gundjaju	NORM_1WORD
sto	NORM_1WORD
su	O
samo	O
jedna	O
od	O
opcija	O
...	O

ali	O
,	O
u	O
situaciji	O
u	O
kojoj	O
smo	O
,	O
teško	O
da	O
može	O
nešto	O
smisleno	O
da	O
se	O
postavi	O
kao	O
zahtev	O
i	O
da	O
uspe	O
.	O

u	O
zgradi	O
neko	O
svako	O
veče	O
koka	O
kokice	O
i	O
svaki	O
put	O
mu	O
zagore	O
.	O

sta	NORM_1WORD
je	O
bre	O
ovo	O
,	O
ove	O
'00	O
sve	O
se	O
u	O
ljubav	O
razocarale	NORM_1WORD
,	O
placu	NORM_1WORD
zbog	O
decka	NORM_1WORD
,	O
pisu	NORM_1WORD
neke	O
glupe	O
statuse	O
.	O

reko	NORM_1WORD
neam	NORM_1WORD
majkemi	NORM_1WORD
prešo	NORM_1WORD
sam	O
pola	O
.	O

valjda	O
je	O
sve	O
to	O
normalno	O
,	O
a	O
sada	O
apsurdno	O
,	O
proisteklo	O
iz	O
normalne	O
porodice	O
,	O
kucnog	NORM_1WORD
vaspitanja	O
i	O
licnih	NORM_1WORD
nacela	NORM_1WORD
i	O
stavova	O
.	O

gledam	O
drugaricin	NORM_1WORD
telefon	O
,	O
lik	O
se	O
od	O
16.8	O
dopisuje	O
jebeno	O
sam	O
sa	O
sobom	O
na	O
whatsapu	NORM_1WORD
i	O
ne	O
prestaje	O
.	O

fantasticno	NORM_1WORD
je	O
to	O
sto	NORM_1WORD
sam	O
ceo	O
dan	O
u	O
programerskom	O
hajpu	O
i	O
sto	NORM_1WORD
nisam	O
mrdnuo	O
od	O
kompa	O
.	O

u	O
sredu	O
cekam	NORM_1WORD
da	O
vidim	O
gudelja	O
a	O
on	O
odigra	O
dva	O
minuta	O
;	O
veceras	NORM_1WORD
cekam	NORM_1WORD
lipovija	O
a	O
on	O
izgleda	O
nece	NORM_1WORD
ni	O
toliko	O
...	O

super	O
mi	O
je	O
kad	O
leti	O
furam	O
taj	O
albino	O
fazon	O
i	O
tripujem	O
aristokratski	O
ten	O
,	O
da	O
mi	O
je	O
koža	O
malo	O
svetlija	O
bila	O
bih	O
providna	O
.	O

tužna	O
je	O
sudbina	O
moja	O
.	O

ljudi	O
koji	O
te	O
stalno	O
savetuju	O
i	O
kad	O
ne	O
tražiš	O
,	O
ne	O
žele	O
da	O
ti	O
pomognu	O
već	O
da	O
se	O
prave	O
pametni	O
.	O

kapirate	O
da	O
se	O
sramotimo	O
svakim	O
našim	O
udisajem	O
dok	O
je	O
kosovo	O
u	O
rukama	O
šiptara	O
a	O
država	O
u	O
rukama	O
izdajnika	O
?	O

ujelo	O
me	O
je	O
nešto	O
za	O
usnu	O
i	O
kad	O
sam	O
stala	O
ispred	O
ogledala	O
nisam	O
znala	O
da	O
li	O
sam	O
to	O
ja	O
ili	O
jelena	O
karleuša	O

@takama_ga_hara	O
@xenija2	O
možda	O
tvoj	O
provajder	O
može	O
da	O
ti	O
ubaci	O
i	O
te	O
kanale	O
kao	O
poseban	O
paket	O
,	O
pitaj	O
.	O

cimanje	O
vise	NORM_1WORD
nije	O
cool	O
.	O

tako	O
već	O
danima	O
,	O
sedmicama	O
,	O
mesecima	O
,	O
godinama	O
.	O

preci	NORM_1WORD
preko	O
svog	O
ponosa	O
zbog	O
ljubavi	O
,	O
ne	O
znaci	NORM_1WORD
manjak	O
samopostovanja	NORM_1WORD
.	O

vladimir	O
stojković	O
:	O
žao	O
mi	O
je	O
što	O
nije	O
sviran	O
penal	O
za	O
voždovac	O
...	O
pa	O
da	O
im	O
ga	O
odbranim	O
!	O

pa	O
lupila	O
bih	O
i	O
sebi	O
i	O
njemu	O
šamar	O
.	O

ne	O
znam	O
šta	O
da	O
kažem	O
sem	O
da	O
im	O
ove	O
tehnike	O
vrtenja	O
hulahopa	O
na	O
netu	O
nisu	O
tačne	O
.	O

gospodine	O
žandare	O
,	O
ja	O
mu	O
dve	O
lubenice	O
nisam	O
ukr'o	NORM_1WORD
već	O
uzeo	O
,	O
molim	O
te	O
napravi	O
razliku	O
!	O

ne	O
u	O
mojoj	O
glavi	O
.	O

sestra	O
i	O
majka	O
se	O
pravile	O
da	O
nisu	O
naše	O
.	O

za	O
moj	O
današnji	O
izgled	O
zaduženi	O
su	O
ispit	O
iz	O
kognitivne	O
psihologije	O
i	O
cela	O
noć	O
učenja	O

@vojkan	O
hm	O
...	O

kaze	NORM_1WORD
mi	O
sin	O
:	O
"	O
u	O
vrticu	NORM_1WORD
mi	O
je	O
najbolji	O
drugar	O
onaj	O
decak	NORM_1WORD
sa	O
velikom	O
glavom	O
,	O
a	O
ne	O
svidja	NORM_1WORD
mi	O
se	O
onaj	O
sa	O
malom	O
glavom	O
.	O
"	O

hm	O
,	O
dajem	O
sebi	O
odgovor	O
....	O
0	O
!	O

šef	O
dominira	O
,	O
a	O
drugi	O
kaska	O
,	O
trčkara	O
.	O

mogu	O
li	O
preko	O
nje	O
da	O
primam	O
uplatu	O
?	O

malo	O
na	O
vodi	O
,	O
malo	O
na	O
zemlji	O
.	O

o	O
kakvoj	O
slobodnoj	O
zemlji	O
govorite	O
,	O
ne	O
može	O
čovek	O
ni	O
da	O
kotrlja	O
mandarinu	O
po	O
gradu	O
a	O
da	O
ne	O
dođu	O
ovi	O
sa	O
psihijatrije	O
da	O
me	O
odvedu	O
.	O

'	O
kad	O
su	O
otvorena	O
vrata	O
kod	O
mene	O
znaju	O
čak	O
i	O
papagaji	O
na	O
grani	O
'	O
-	O
moja	O
razredna	O
u	O
epizodi	O
glupa	O
sam	O
ko	NORM_1WORD
kurac	O

zamalo	O
da	O
je	O
pitam	O
jel	NORM_1WORD
mogu	O
i	O
ja	O
kod	O
nje	O
.	O

@demokrate	O
a	O
da	O
konsultujete	O
i	O
kolege	O
dragina	O
i	O
nikezića	O
ili	O
ih	O
uključite	O
preko	O
video	O
linka	O
iz	O
zatvora	O
?	O

kako	O
su	O
se	O
samo	O
surovo	O
našalili	O
sa	O
nama	O
kada	O
su	O
nam	O
uveli	O
bezvizni	O
režim	O
.	O

dobro	O
,	O
dobro	O
i	O
to	O
hvaljeno	O
vino	O
da	O
probam	O
.	O

vikler	O
je	O
tako	O
ljubav	O
mog	O
zivota	NORM_1WORD
,	O
al'	NORM_1WORD
ona	O
nesudjena	NORM_1WORD
.	O

gledam	O
ove	O
danasnje	NORM_1WORD
klince	O
,	O
odbijaju	O
iniforme	NORM_1WORD
u	O
skolama	NORM_1WORD
,	O
ali	O
svi	O
kao	O
po	O
komandi	O
nose	O
iste	O
kineske	O
kanadjanke	NORM_1WORD
...	O

mrzim	O
kad	O
ujutru	O
za	O
posao	O
obučem	O
odelo	O
,	O
stavim	O
kravatu	O
pa	O
kad	O
stignem	O
u	O
jkp	O
sve	O
to	O
skinem	O
,	O
obučem	O
kombinezon	O
i	O
okačim	O
se	O
na	O
kamion	O
.	O

kaže	O
drug	O
da	O
može	O
jednom	O
rečenicom	O
da	O
natera	O
bilo	O
koga	O
da	O
ga	O
zamrzi	O
.	O

fc	O
.	O

odlazim	O
,	O
nestajem	O
u	O
magli	O
viktorijanskog	O
londona	O
.	O

ne	O
mogu	O
da	O
se	O
setim	O
ko	O
je	O
to	O
rekao	O
,	O
ali	O
moram	O
da	O
citiram	O
:	O
"	O
dužnost	O
je	O
pametnog	O
čoveka	O
da	O
nadglasa	O
budalu	O
"	O

@jasamjasna	O
to	O
nisu	O
knjige	O
koje	O
su	O
pročitali	O
već	O
najdraže	O
knjige	O
.	O

gledam	O
na	O
tlc	O
kako	O
je	O
baba	O
odbila	O
prosidbu	O
svog	O
40	O
godina	O
mladjeg	NORM_1WORD
dečka	O
.	O

inače	O
pljedza	NORM_1WORD
od	O
200	O
gr	NORM_1WORD
...	O

autobus	O
.	O

samo	O
to	O
imamo	O
.	O

mislim	O
,	O
ja	O
neću	O
jer	O
imam	O
standarde	O
.	O

|	O
telegraf	O

nije	O
zadovoljan	O
mojim	O
rešenjem	O
.	O

i	O
dok	O
ne	O
usere	O
sve	O
ne	O
odriču	O
ga	O
se	O
.	O

valjda	O
neko	O
pravo	O
vreme	O
.	O

zovite	O
ga	O
i	O
u	O
vase	NORM_1WORD
preduzece	NORM_1WORD
,	O
da	O
procveta	O
cvece	NORM_1WORD
.	O

svojoj	O
sestri	O
nikada	O
,	O
ali	O
nikada	O
necu	NORM_1WORD
oprostiti	O
sto	NORM_1WORD
je	O
caleta	NORM_1WORD
naucila	NORM_1WORD
da	O
gleda	O
istoriju	O
na	O
kompjuteru	O
.	O

bošnjaci	O
insistivaju	NORM_1WORD
da	O
se	O
izuvamo	O
kad	O
ulazimo	O
kod	O
njih	O
u	O
ćeliju	O
.	O

wtf	O
?	O

u	O
provinciji	O
,	O
jedini	O
problem	O
za	O
koji	O
smo	O
čuli	O
da	O
postoji	O
u	O
bgd-u	O
je	O
:	O
kako	O
kupiti	O
alkohol	O
posle	O
22	O
h	O

msm	NORM_1WORD
ima	O
par	O
njih	O
kojima	O
bi	NORM_1WORD
yabranila	NORM_1WORD
disanje	O
golim	O
rukama	O
onako	O
nemilosrdno	O
krvnicki	NORM_1WORD
.	O

vesti	O
manje	O
-	O
više	O
,	O
ali	O
politiku	O
unutrašnju	O
sam	O
zabatalio	O
totales	O
,	O
sve	O
te	O
stranke	O
i	O
ta	O
prepucavanja	O
su	O
mi	O
na	O
vr'	O
...	O

u	O
jednom	O
trenutku	O
sam	O
suicidalna	O
i	O
dotačinjem	NORM_1WORD
dno	O
života	O
,	O
u	O
sledećem	O
igram	O
k'o	NORM_1WORD
pikaču	O
na	O
spidu	O
,	O
a	O
onda	O
sam	O
napaljena	O
kao	O
dvanaestogodišnjak	O
.	O

ja	O
sam	O
mislio	O
da	O
me	O
troluješ	O
malo	O
,	O
ali	O
ti	O
stvarno	O
misliš	O
da	O
je	O
on	O
politički	O
optuženik	O
.	O

obozavam	NORM_1WORD
bratove	O
komentare	O
!	O

evo	O
komsa	NORM_1WORD
odozgo	O
,	O
glup	O
,	O
busi	NORM_1WORD
nesto	NORM_1WORD
tvrdo	O
,	O
sa	O
velikim	O
brojem	O
obrtaja	O
,	O
sve	O
cvili	O

takva	O
ti	O
je	O
ona	O
;	O
neobična	O
,	O
jednostavna	O
,	O
a	O
komplikovana	O
.	O

brzo	O
skoči	O
na	O
sve	O
četiri	O
,	O
skakuće	O
malo	O
i	O
onda	O
glamurozno	O
padne	O
na	O
leđa	O

faks	O
može	O
malo	O
da	O
sačeka	O
.	O

koliko	O
smorova	O
muda	O
smorenog	O
kengura	O
mogu	O
da	O
izdrže	O
je	O
pitanje	O
dana	O
i	O
kao	O
takvo	O
ostaće	O
neodgovoreno	O
.	O

svaki	O
put	O
kad	O
na	O
you	NORM_1WORD
pročitam	O
"	O
dis	O
video	O
mej	O
bi	O
inaproprijet	O
for	O
sam	O
juzers	O
"	O
ja	O
se	O
pokvareno	O
iskezim	O
,	O
a	O
onda	O
ga	O
prostudiram	O
.	O

on	O
tad	O
oseti	O
uzbuđenje	O
,	O
a	O
ne	O
ljubomoru	O
.	O

devojka	O
koja	O
je	O
oborena	O
usred	O
trke	O
,	O
predstavlja	O
dokaz	O
da	O
svako	O
nakon	O
pada	O
može	O
da	O
bude	O
prvi	O
.	O

jer	O
brze	NORM_1WORD
bih	O
"	O
bracu	NORM_1WORD
karamazove	O
"	O
po	O
drugi	O
put	O
procitala	NORM_1WORD
!	O

zašto	O
ćeš	O
ti	O
@mii11lena	O
onda	O
da	O
se	O
šminkaš	O
,	O
kad	O
ćemo	O
takav	O
život	O
da	O
živimo	O
?	O

za	O
to	O
se	O
ima	O
.	O

jedva	O
čekam	O
da	O
pođem	O
na	O
more	O
samo	O
da	O
bih	O
sve	O
vreme	O
dok	O
putujem	O
slušala	O
muziku	O
aebsbxjsnshskdb	O

fali	O
mi	O
.	O

sad	O
kad	O
se	O
zadužim	O
za	O
aparat	O
ima	O
da	O
pišem	O
crkvi	O
da	O
ukine	O
popust	O
,	O
kako	O
bi	O
bilo	O
svadbi	O
da	O
vratim	O
dug	O

najviše	O
mrzim	O
kad	O
sam	O
na	O
plaži	O
i	O
vidim	O
momka	O
koji	O
se	O
utegne	O
u	O
onaj	O
minijaturni	O
kupaći	O
.	O

zadnji	O
put	O
mu	O
je	O
nabila	O
prst	O
u	O
oko	O
proveravajući	O
da	O
li	O
je	O
živ	O
...	O

noćni	O
život	O
je	O
pretrpeo	O
ozbiljan	O
udarac	O
kada	O
sam	O
prešao	O
na	O
uradi	O
sam	O
cigarete	O
,	O
nema	O
više	O
izlaženja	O
u	O
3	O
ujutru	O
do	O
kioska	O
.	O

dembina	O
mala	O
škola	O
tvitovanja	O
:	O
1)	O
nikada	O
ne	O
objavljujte	O
preko	O
20	O
tvitova	O
dnevno	O
zajedno	O
sa	O
mešnovima	NORM_1WORD
i	O
retvitovima	O
da	O
ne	O
smorite	O
pratioce	O
...	O

ocu	NORM_1WORD
da	O
vam	O
kazem	NORM_1WORD
,	O
ako	O
imate	O
nekog	O
retardiranog	O
u	O
razredu	O
,	O
zezajte	O
ga	O
i	O
terajte	O
cirkus	O
,	O
on	O
to	O
i	O
'oće	NORM_1WORD
,	O
verujete	NORM_1WORD
mi	O
.	O

ne	O
daj	O
bože	O
da	O
su	O
bolji	O
od	O
njih	O
u	O
onom	O
što	O
vole	O
da	O
rade	O
.	O

-	O
ne	O
mogu	O
imala	O
sam	O
smrtni	O
slučaj	O

dodje	NORM_1WORD
vreme	O
kada	O
ih	O
vise	NORM_1WORD
ne	O
mozemo	NORM_1WORD
skinuti	O
,	O
a	O
da	O
ne	O
skinemo	O
i	O
svoju	O
kozu	NORM_1WORD
.	O

ja	O
bih	O
da	O
mi	O
roditelji	O
daju	O
pare	O
za	O
užinu	O
pa	O
da	O
idem	O
u	O
neku	O
školu	O
.	O

ne	O
postoji	O
ni	NORM_1WORD
mesto	O
na	O
svetu	O
koje	O
volim	O
vise	NORM_1WORD
od	O
njega	O
!	O

pozelim	NORM_1WORD
nesto	NORM_1WORD
da	O
tvitnem	O
i	O
dok	O
nadjem	NORM_1WORD
telefon	O
u	O
torbi	O
zaboravim	O
zasto	NORM_1WORD
sam	O
ga	O
i	O
trazila	NORM_1WORD
,	O
a	O
kamoli	O
tvit	O
.	O

sta	NORM_1WORD
slavim	O
,	O
trzni	NORM_1WORD
centar	O
?	O

francuskinja	O
pisala	O
o	O
beogradu	O
,	O
ratu	O
i	O
miloševiću	O
,	O
nikada	O
nije	O
bila	O
u	O
srbiji	O
.	O

to	O
je	O
administrativna	O
jedinica	O
tipa	O
kosova	O
koja	O
je	O
uradila	O
isto	O
.	O

#kosovo	O

iz	O
kog	O
malog	O
mozga	O
je	O
to	O
izvučeno	O
?	O

@shiflish	O
možda	O
vlada	O
donese	O
uredbu	O
o	O
povećanju	O
dozvoljene	O
količine	O
toksina	O
u	O
hrani	O
.	O

ja	O
sam	O
mislila	O
da	O
smo	O
mi	O
tu	O
instituciju	O
ukinuli	O
kad	O
smo	O
izabrali	O
tomu	O
.	O

al'	NORM_1WORD
kakva	O
sam	O
neodgovorna	O
,	O
ipak	O
ništa	O
od	O
ovoga	O

nikakvo	O
jutro	O
spava	O
mi	O
se	O
bre	O
mnogo	O
oću	NORM_1WORD
kući	O
oću	NORM_1WORD
da	O
jedem	O
bre	O
žedna	O
sam	O
samo	O
to	O
mi	O
je	O
ovako	O
sam	O
okej	O
.	O

izvor	O
iz	O
kombanke	NORM_1WORD
?	O

ali	O
da	O
ja	O
budem	O
u	O
vrhu	O
mužjačke	O
lestvice	O
.	O

jeste	O
postavili	O
sliku	O
"	O
uz	O
pravu	O
ženu	O
ništa	O
ne	O
može	O
da	O
me	O
zaustavi	O
"	O
a	O
onda	O
vas	O
ista	O
otera	O
da	O
joj	O
kafu	O
kuvate	O
.	O

jel	NORM_1WORD
su	O
i	O
sandzak	NORM_1WORD
priznali	O
?	O

jedan	O
od	O
njih	O
mora	O
da	O
je	O
pm	O
.	O

"	O
oni	O
će	O
meni	O
da	O
oduzimaju	O
od	O
plate	O
.	O

volim	O
ih	O
...	O

moje	O
slusalice	NORM_1WORD
su	O
pravljene	O
samo	O
zs	NORM_1WORD
must	O
be	O
the	O
ganja	O
,	O
onaj	O
jedan	O
kick	O
sto	NORM_1WORD
se	O
bas	NORM_1WORD
istice	NORM_1WORD
mi	O
unistava	NORM_1WORD
mozak	O
...	O

svaka	O
fotografija	O
prirode	O
skriva	O
vreme	O
svog	O
nastanaka	O
u	O
večnosti	O
...	O

agencija	O
šaperova	O
na	O
nekakvom	O
medijskom	O
panađuru	O
kod	O
kroata	NORM_1WORD
,	O
proglašena	O
za	O
naj	O
u	O
regionu	O
.	O

beogradjani	NORM_1WORD
kad	O
dodju	NORM_1WORD
u	O
novi	O
sad	O
dozivljavaju	NORM_1WORD
frustracije	O
od	O
naseg	NORM_1WORD
-	O
kako	O
cemo	NORM_1WORD
,	O
lako	O
cemo	NORM_1WORD
i	O
polako	O
,	O
ima	O
vremena	O
.	O

izadjem	NORM_1WORD
napolje	O
da	O
ispusim	NORM_1WORD
i	O
cujem	NORM_1WORD
sovu	O
,	O
isto	O
k'o	NORM_1WORD
da	O
je	O
neko	O
kolje	O
,	O
i	O
logicno	NORM_1WORD
sve	O
i	O
jedna	O
dlaka	O
se	O
najezila	NORM_1WORD
!	O

@ivantasovac	O
@bela_sova	O
meni	O
ova	O
rekonstrkcija	NORM_1WORD
više	O
liči	O
na	O
liposukciju	O
.	O

još	O
da	O
nisam	O
popio	O
3	O
čaše	O
vina	O
,	O
pa	O
da	O
izdržim	O
do	O
kraja	O
:p	O

naravno	O
da	O
cu	NORM_1WORD
sutra	O
imati	O
supermarket	O
podocnjake	NORM_1WORD
.	O

nikad	O
gora	O
odluka	O
producenata	O
.	O

slike	O
koje	O
sam	O
uslikao	O
za	O
aplikaciju	O
etihad	O
cabin	O
crew	O
upotrebicu	NORM_1WORD
za	O
vadjenje	NORM_1WORD
pokazne	O
karte	O
u	O
novom	O
sadu	O
.	O

toga	O
sad	O
nema	O
!	O

danas	O
shvatih	O
da	O
sam	O
keva	O
u	O
raspolaganju	O
novcem	O
i	O
štednji	O
jer	O
je	O
pupa	O
nekako	O
potrošila	O
hiljadu	O
dindži	O
na	O
cigare	O
i	O
još	O
jednu	O
stvar	O
tipa	O
lol	O
.	O

u	O
:	O
keka	O
kako	O
to	O
da	O
ti	O
igras	NORM_1WORD
igrice	O
sa	O
dve	O
ruke	O
i	O
nista	NORM_1WORD
ne	O
gledas	NORM_1WORD
?	O

da	O
nije	O
tuzno	NORM_1WORD
bilo	O
bi	O
smesno	NORM_1WORD
.	O

ali	O
pazi	O
,	O
realno	O
za	O
ove	O
budalastine	NORM_1WORD
sto	NORM_1WORD
se	O
sada	O
snimaju	O
pspb	O
je	O
breaking	O
bad	O
licno	NORM_1WORD
...	O

kada	O
pronađeš	O
osobu	O
kojoj	O
možeš	O
verovati	O
u	O
potpunosti	O
je	O
naj	O
sasvim	O
potpuno	O
sasvim	O
najbolja	O
stvar	O
:d	O

dr.	O
martens	O

još	O
jedna	O
...	O

vlast	O
mora	O
da	O
shvati	O
koliko	O
je	O
ozbiljno	O
nezadovoljstvo	O
naroda	O
.	O

ne	O
znam	O
čime	O
sam	O
zaslužila	O
ovaj	O
hormnonalni	NORM_1WORD
disbalans	O
da	O
plačem	O
bez	O
razloga	O
ali	O
se	O
i	O
osećam	O
odlično	O
zato	O
što	O
se	O
nervni	O
slom	O
bliži	O
.	O

pričam	O
sa	O
rođenim	O
ocem	O
(	O
čitaj	O
:	O
ocem	O
)	O
kako	O
je	O
bitno	O
napraviti	O
razliku	O
izmedju	NORM_1WORD
sexa	NORM_1WORD
i	O
vodjenja	NORM_1WORD
ljubavi	O
.	O

ako	O
se	O
uvode	O
vinjete	O
za	O
ibarsku	O
,	O
je	O
li	O
to	O
znaci	NORM_1WORD
da	O
ona	O
postaje	O
auto-put	NORM_1WORD
i	O
da	O
cemo	NORM_1WORD
relaciju	O
bg	O
-	O
ue	O
prelaziti	O
za	O
dva	O
sata	O
?	O

imam	O
utisak	O
da	O
neki	O
ljude	O
dolaze	O
na	O
fax	NORM_1WORD
samo	O
da	O
bi	O
se	O
slikali	O
,	O
tagovali	O
i	O
to	O
kacili	NORM_1WORD
na	O
sve	O
moguce	NORM_1WORD
drustvene	NORM_1WORD
mreze	NORM_1WORD
.	O

i	O
ja	O
luda	O
k'o	NORM_1WORD
na	O
filmu	O
.	O

aj	NORM_1WORD
sto	NORM_1WORD
sam	O
ja	O
manit	NORM_1WORD
pa	O
tvitujem	O
o	O
#urgentnicentar	O
ali	O
vi	O
sto	NORM_1WORD
tvitujete	O
o	O
politickim	NORM_1WORD
emisijama	O
koje	O
nisu	O
#utisak	O
ste	O
stvarno	O
pukli	O
!	O

smena	O
gradonačelnika	O
u	O
subotici	O
je	O
još	O
jedan	O
dokaz	O
da	O
se	O
ds-u	O
obilo	O
o	O
glavu	O
što	O
su	O
sa	O
svakakvima	O
pravili	O
kompromose	NORM_1WORD
!	O

šešeljev	O
,	O
tomin	O
i	O
vučićev	O
učenik	O
s	O
istom	O
retorikom	O
i	O
jebeno	O
napadnim	O
ponašenjem	O
u	O
emisijama	O
.	O

@bogdan313	O
kao	O
što	O
rekoh	O
,	O
ne	O
znam	O
detalje	O
kao	O
vi	O
,	O
odnosno	O
ne	O
znam	O
ih	O
uopšte	O
.	O

e	O
znam	O
da	O
nisam	O
u	O
pravu	O
,	O
ali	O
ne	O
jebem	O
ja	O
to	O
,	O
svadjam	NORM_1WORD
se	O
ko	NORM_1WORD
da	O
jesam	O
..	O

dvadeset	O
prvi	O
vek	O
deca	O
umiru	O
jer	O
nemaju	O
para	O
za	O
lečenje	O
a	O
aleksandar	O
vučić	O
predstavlja	O
svoj	O
plan	O
o	O
kurčevom	O
tornju	O
svetskoj	O
atrakciji	O

@marijela71	O
super	O
...	O

on	O
se	O
okrenu	O
ka	O
njima	O
"	O
ne	O
vidim	O
šta	O
je	O
smešno	O
"	O

pokazes	NORM_1WORD
da	O
si	O
sposoban	O
,	O
odmah	O
te	O
se	O
plase	NORM_1WORD
.	O

#eu	O
pusti	O
hrvatima	O
da	O
budu	O
fašisti	O
prema	O
srbima	O
,	O
a	O
oni	O
se	O
odmah	O
uskurče	O
pa	O
budu	O
fašisti	O
i	O
prema	O
islanđanima	O
.	O

znate	O
šta	O
je	O
najveći	O
"	O
crnjak	O
"	O
kod	O
političkog	O
zapošljavanja	O
?	O

blizu	O
je	O
apoteka	O
.	O

a	O
sada	O
vremenska	O
prognoza	O
.	O

dragi	O
huperu	O
a	O
zasto	NORM_1WORD
se	O
onda	O
racuna	NORM_1WORD
sex	O
kada	O
butch	O
devojka	O
zavuce	NORM_1WORD
devojci	O
ruku	O
u	O
gace	NORM_1WORD
u	O
wc-u	O
od	O
kluba	O
kafica	NORM_1WORD
sta	NORM_1WORD
god	O
?	O

pre	O
nisam	O
mogao	O
ni	O
da	O
rezervisem	NORM_1WORD
kartu	O
kao	O
covek	NORM_1WORD
...	O

reakcije	O
kad	O
vidim	O
nekog	O
iz	O
rl-a	NORM_1WORD
na	O
tviteru	O
:	O
-	O
polomim	O
kompjuter	O
.	O

@anjadmitrovic	O
ovde	O
znam	O
da	O
je	O
zbog	O
neizdavanje	NORM_1WORD
fiskalnog	O
racuna	NORM_1WORD
to	O
mislim	O
da	O
je	O
opravdano	O
,	O
a	O
druge	O
zbog	O
slicnog	NORM_1WORD
"	O
propusta	O
"	O

da	O
je	O
rouz	O
bila	O
bar	O
malo	O
pametnija	O
i	O
ostala	O
u	O
čamcu	O
,	O
džek	O
bi	O
se	O
snašao	O
i	O
sve	O
bi	O
bilo	O
ok	O
i	O
živeli	O
bi	O
srećno	O
do	O
kraja	O
života	O
.	O

ds	O
se	O
promenio	O
,	O
komunjare	O
iz	O
sns-a	O
misle	O
da	O
sve	O
počinje	O
od	O
njih	O
...	O

kada	O
imaju	O
,	O
onda	O
je	O
druga	O
priča	O
,	O
takvi	O
ih	O
"	O
guraju	O
"	O
i	O
obezbeđuju	O
umišljenu	O
tw	O
slavu	O
.	O

biće	O
još	O
neka	O
tura	O
,	O
verovatno	O
u	O
drugoj	O
boji	O
.	O

dovela	O
sestra	O
drugaricu	O
iz	O
beograda	O
,	O
i	O
deda	O
je	O
za	O
ruckom	NORM_1WORD
pitao	O
je	O
l'	NORM_1WORD
probala	O
kad	O
knedle	O
.	O

moja	O
verenica	O
je	O
prepoznala	O
soraju	O
iz	O
gruovog	O
spota	O
ti	O
to	O
zoveš	O
ljubav	O
po	O
sisama	O
,	O
kaže	O
tako	O
joj	O
liči	O
,	O
a	O
glava	O
ništa	O
.	O

@lilyrodriguez00	O
@selmicamariposa	O
@giovanni_norac	O
@dusan62086285	O
@sekino_rozo	O
@miljantvrdisic	O
@u_mraku	O
veliki	O
pozdrav	O
za	O
sve	O
vas	O
:)	O

pise	NORM_1WORD
se	O
:	O
jebao	O
te	O
ili	O
jeb'o	NORM_1WORD
te	O
,	O
jebi	O
ga	O
.	O

realno	O
,	O
kad	O
odbaciš	O
budjave	NORM_1WORD
,	O
one	O
koji	O
mirišu	O
na	O
štalu	O
,	O
itd.	O
ostane	O
ti	O
jedno	O
10-tak	NORM_1WORD
:)	O

@iva_tanackovic	O
haha	O
,	O
mačija	NORM_1WORD
govanca	O
.	O

ko	O
ne	O
veruje	O
da	O
je	O
bill	O
kaukitz	O
iz	O
tokio	O
hotela	O
pička	O
kosmička	O
za	O
daru	O
bubamaru	O
poslaću	O
mu	O
slike	O
.	O

ošli	NORM_1WORD
debeli	O
,	O
došli	O
mršavi	O
....	O

umesto	O
njega	O
#busplus	O

puno	O
mi	O
toga	O
pričajte	O
!	O

onda	O
je	O
vlada	O
ne	O
prihvati	O
i	O
postavi	O
ga	O
na	O
čelo	O
odbora	O
za	O
implementaciju	O
.	O

nemojte	O
zdravo	O
za	O
gotovo	O
shvatati	O
upozorenja	O
vašeg	O
lekara	O
.	O

treba	O
nešto	O
ovde	O
promeniti	O
,	O
pošto	O
ovako	O
više	O
ne	O
može	O
.	O

salterusa	NORM_1WORD
upalila	O
cigaretu	O
i	O
dimi	O
kao	O
voz	O
.	O

@srekom	O
to	O
što	O
se	O
ti	O
diviš	O
principu	O
,	O
mladiću	O
i	O
legiji	O
ne	O
znači	O
da	O
više	O
voliš	O
svoju	O
zemlju	O
od	O
onoga	O
ko	O
ih	O
ne	O
voli	O
-	O
čak	O
nasuprot	O

sad	O
mogu	O
da	O
izadjem	NORM_1WORD
na	O
televizor	O
kad	O
hocu	NORM_1WORD
!	O

posatao	NORM_1WORD
sam	O
veliki	O
postovalac	NORM_1WORD
vladete	O
jankovica	NORM_1WORD
jer	O
se	O
ne	O
usteze	NORM_1WORD
da	O
ukaze	NORM_1WORD
na	O
apsurdnosti	O
vezane	O
za	O
dr	NORM_1WORD
stefanovica	NORM_1WORD
i	O
poltrone	O
slicne	NORM_1WORD
njemu	O
.	O

posto	NORM_1WORD
je	O
srbija	O
veoma	O
slaba	O
u	O
izvozu	O
robe	O
,	O
nudim	O
joj	O
svoje	O
snove	O
.	O

a	O
goli	O
otok	O
bleji	O
prazan	O
.	O

hej	O
,	O
tatjana	O
..	O
idi	O
negde	O
sa	O
društvom	O
,	O
na	O
neki	O
performans	O
.	O

ja	O
sam	O
zapušteni	O
gubitnik	O
koji	O
misli	O
da	O
ima	O
opušteni	O
stav	O
prema	O
životu	O
i	O
zato	O
ću	O
da	O
veličam	O
čarlija	O
šina	O
.	O

@marijela71	O
@radavuleta	O
@_tanja14	O
@malmultaespero	O
s	O
obzirom	O
da	O
svi	O
volimo	O
dobar	O
roštilj	O
nema	O
razloga	O
da	O
ne	O
bude	O
:)	O

otakazo	NORM_1WORD
sam	O
hotel	O
u	O
egiptu	O
.	O

vojnik	O
/	O
vojnikinja	O
jednostavno	O
ne	O
ide	O
.	O

kidate	O
li	O
tog	O
#najtvit2014	O
?	O

lepa	O
vajda	O
od	O
matere	O
u	O
ns-u	O
.	O

zamislite	O
kakav	O
je	O
ovo	O
grad	O
kada	O
je	O
meni	O
kupovina	O
na	O
poslednjem	O
mestu	O
.	O

@xeniarjms	O
pogledaj	O
meristemska	O
(	O
tvorna	O
)	O
tkiva	O
,	O
od	O
cetinara	NORM_1WORD
jelu	O
i	O
smrcu	NORM_1WORD
,	O
od	O
liscara	NORM_1WORD
bukvu	O
,	O
hrast	O
i	O
topole	O
.	O

-	O
da	O
,	O
da	O
,	O
na	O
to	O
sam	O
mislila	O

ćaskali	O
smo	O
o	O
jk	O
,	O
balkanskom	O
mentalitetu	O
i	O
planovima	O
za	O
budućnost	O
!	O

@milenicamm	O
@homerhsimpson	O
mene	O
je	O
stavio	O
u	O
raspored	O
pod	O
"	O
vikend	O
"	O
,	O

šteta	O
što	O
im	O
sajt	O
nije	O
kompletan	O
.	O

super	O
reklama	O
za	O
jdp	O
!	O

a	O
ako	O
si	O
u	O
srbiji	O
,	O
ova	O
recenica	NORM_1WORD
je	O
vise	NORM_1WORD
bukvalna	O
no	O
romanticarska	NORM_1WORD
.	O

kad	O
sam	O
napokon	O
otvorila	O
i	O
uzela	O
tortu	O
,	O
onda	O
nisam	O
znala	O
da	O
zatvorim	O
,	O
pa	O
da	O

ko	O
je	O
tu	O
kada	O
ti	O
stvarno	O
treba	O
?	O

svaka	O
kritika	O
,	O
konstruktivna	O
i	O
duhovita	O
je	O
dobra	O
.	O

samo	O
nije	O
glup	O
?	O

tuku	O
se	O
kao	O
pičkice	O
,	O
jebu	O
kao	O
drolje	O
,	O
žive	O
kao	O
kurve	O
,	O
a	O
umiru	O
kao	O
svetice	O
.	O

pritom	O
ja	O
volim	O
lepe	O
retvite	O
,	O
volim	O
i	O
svađe	O
,	O
ali	O
beskonačno	O
rt-ovanje	NORM_1WORD
internog	O
(	O
neincidentalnog	O
)	O
menšnovanja	O
bi	O
trebalo	O
novčano	O
kažnjavati	O
.	O

godinama	O
umiru	O
ljudi	O
i	O
na	O
kosovu	O
pa	O
vas	O
to	O
ne	O
sprečava	O
da	O
blejite	O
ovde	O
,	O
sad	O
vam	O
odjednom	O
smeta	O
da	O
se	O
brčkate	O
u	O
egiptu	O
?	O

mama	O
:	O
mhm	O
!	O

nema	O
pauze	O
-	O
a	O
mačak	O
pred	O
vratima	O
mauče	NORM_1WORD
na	O
veliki	O
zub	O
-	O
'oće	NORM_1WORD
i	O
on	O
da	O
gleda	O
skupštinu	O
!	O

ima	O
da	O
te	O
proziva	O
dok	O
si	O
živ	O
!	O

to	O
je	O
jedino	O
objašnjenje	O
za	O
to	O
ime	O
.	O

i	O
na	O
kraju	O
kada	O
dodjemo	NORM_1WORD
,	O
retko	O
kad	O
uradimo	O
ono	O
sto	NORM_1WORD
smo	O
planirali	O
..	O

učim	O
preromaniku	O
i	O
gledam	O
crkvu	O
sv.	O
donata	O
u	O
zadru	O
na	O
netu	O
,	O
umesto	O
sad	O
uživo	O
da	O
pijem	O
karlovačko	O
na	O
trgu	O
do	O
.	O

u	O
posl	NORM_1WORD
nedelju	O
dana	O
tri	O
bivša	O
momka	O
isplivala	O
i	O
to	O
jedini	O
bitni	O
bivši	O
momci	O

florence	O
and	O
the	O
machine	O

kako	O
deci	O
da	O
objasnim	O
da	O
je	O
mreškanje	O
u	O
šatoru	O
1.6	O
x	O
2.0	O
x	O
1.1	O
cm	O
prajsles	O
?	O

nismo	O
dovoljno	O
propali	O
da	O
vecina	NORM_1WORD
shvati	O
zasto	NORM_1WORD
smo	O
propali	O
.	O

slusaj	NORM_1WORD
me	O
,	O
kad	O
ti	O
ja	O
kazem	NORM_1WORD
,	O
ako	O
te	O
stipka	NORM_1WORD
i	O
pipka	O
uvek	O
kad	O
prodje	NORM_1WORD
pored	O
tebe	O
,	O
'oce	NORM_1WORD
da	O
te	O
jebe	O
,	O
garant	O
!	O

natrpala	O
efekte	O
,	O
isekla	O
pola	O
stomaka	O
,	O
zube	O
izbelila	O
,	O
da	O
li	O
si	O
realna	O
devojko	O
?	O

dobrodosao	NORM_1WORD
unuk	O
,	O
poljubi	O
baba	O
novorodjence	NORM_1WORD
u	O
usta	O
i	O
krk	O
dve	O
hiljade	O
dinara	O
bebi	O
zalepi	O
preko	O
lica	O
.	O

sad	O
bih	O
tvitnula	O
nesto	NORM_1WORD
i	O
okacila	NORM_1WORD
sliku	O
,	O
ali	O
ili	O
bih	O
bila	O
protumacena	NORM_1WORD
maliciozno	O
ili	O
bi	O
mi	O
dragi	O
zavrsio	NORM_1WORD
u	O
cz-u	O
.	O

nastavi	O
li	O
ovako	O
i	O
posle	O
čačka	O
,	O
svičujem	O
se	O
na	O
gta	O
mod	O
,	O
hvatam	O
govna	O
za	O
kragnu	O
i	O
kaiš	O
i	O
bacam	O
napolje	O
.	O

wtf	O
?	O

dok	O
sam	O
ja	O
bio	O
u	O
ns	NORM_1WORD
juce	NORM_1WORD
komsije	NORM_1WORD
nalile	O
beton	O
na	O
nekoliko	O
mesta	O
ispred	O
zgrade	O
,	O
nisam	O
hteo	O
da	O
ih	O
ignorisem	NORM_1WORD
pa	O
sam	O
ostavio	O
otisak	O
stopala	O
.	O

čitam	O
neki	O
leksikon	O
pojmova	O
sa	O
fon.a	NORM_1WORD
,	O
ja	O
sam	O
najveća	O
izdaja	O
fpn.a	NORM_1WORD
ikad	O
.	O

ako	O
nastavim	O
ovim	O
tempom	O
i	O
ako	O
ne	O
budem	O
jela	O
nista	NORM_1WORD
dva	O
meseca	O
,	O
mozda	NORM_1WORD
i	O
skupim	O
za	O
to	O
sto	NORM_1WORD
hocu	NORM_1WORD

sunce	O
sija	O
,	O
pticice	NORM_1WORD
cvrkucu	NORM_1WORD
,	O
cvece	NORM_1WORD
mirise	NORM_1WORD
...	O

ako	O
me	O
neko	O
čudno	O
pogleda	O
poješću	O
ga	O
za	O
doručak	O
.	O

mama	O
me	O
je	O
pitala	O
da	O
li	O
hoću	O
večeras	O
sa	O
njom	O
i	O
njenom	O
drugaricom	O
u	O
bioskop	O
ja	O
se	O
razmišljam	O
još	O
uvek	O
,	O
možda	O
me	O
posle	O
povedu	O
u	O
mek	O

bebac	NORM_1WORD
se	O
na	O
sve	O
to	O
urnebesno	O
smeje	O
....	O

nije	O
ga	O
bilo	O
,	O
evo	O
,	O
2	O
meseca	O
,	O
a	O
onda	O
je	O
isplivala	O
ta	O
prepoznatljiva	O
lopta	O
na	O
naduvavanje	O
,	O
takoreći	O
rekvizit	O
za	O
plažu	O
.	O

i	O
da	O
vam	O
kažem	O
iskreno	O
,	O
uvek	O
mi	O
je	O
više	O
žao	O
nadutog	O
lica	O
edwarda	O
furlonga	O
,	O
nego	O
što	O
macaulay	O
culkin	O
peva	O
o	O
picama	O
.	O

za	O
naše	O
kupce	O
pouzeće	O
je	O
majka	O
!	O

nije	O
to	O
lako	O
,	O
depresija	O
.	O

šta	O
ste	O
zapeli	O
noćas	O
sa	O
zagrljajima	O
i	O
nedostajanjem	O
,	O
moj	O
zagrljaj	O
je	O
danas	O
otišao	O
,	O
don't	O
do	O
that	O
to	O
me	O

da	O
ti	O
nije	O
mene	O
i	O
meni	O
sličnih	O
travu	O
bi	O
paso	NORM_1WORD
.	O

ne	O
znam	O
da	O
li	O
zbog	O
krize	O
ili	O
neodgovornosti	O
ali	O
građani	O
#inđija	O
za	O
uslugu	O
odnošenja	O
smeća	O
duguju	O
@komunalacin	O
30	O
miliona	O
dinara	O
.	O

zakoni	O
zemalja	O
kažu	O
ne	O
,	O
a	O
praksa	O
?	O

ako	O
tačno	O
u	O
momentu	O
kada	O
se	O
kazaljke	O
poklope	O
,	O
lupiš	O
nepoznatu	O
curu	O
po	O
dupetu	O
,	O
od	O
2014.	O
možeš	O
dobiti	O
šamar	O
na	O
poklon	O
.	O

dakle	O
,	O
foloveri	O
,	O
da	O
vas	O
upozorim	O
nemo'	NORM_1WORD
da	O
neko	O
slavi	O
rodjendan	NORM_1WORD
kada	O
i	O
ja	O
,	O
necu	NORM_1WORD
vas	O
vise	NORM_1WORD
voleti	O
,	O
ozbiljna	O
sam	O
.	O

nisi	O
ti	O
kriva	O
,	O
ja	O
papak	O
.	O

ukrajinci	O
traže	O
azil	O
u	O
našoj	O
zemlji	O
.	O

nada	O
je	O
kurva	O
,	O

videće	O
oni	O
kada	O
ih	O
budem	O
sve	O
okačila	O
za	O
mude	NORM_1WORD
ispod	O
kestena	O
.	O
"	O

zastrašivanje	O
:	O
policija	O
u	O
sred	O
noći	O
upala	O
u	O
spavaću	O
sobu	O
urednice	O
balkanista	O
!	O

pritom	O
ne	O
licim	NORM_1WORD
ninasta	NORM_1WORD

ja	O
nikada	O
nisam	O
imao	O
više	O
od	O
dvadesetak	O
zvezdica	O
.	O

pa	O
jbt	NORM_1WORD
,	O
da	O
sam	O
hteo	O
ovoliku	O
količinu	O
masti	O
ujutru	O
,	O
doručkovao	O
bih	O
svinjetinu	O
.	O

još	O
raštimana	O
gitara	O
.	O

eto	O
.	O

em	O
je	O
priboj	O
,	O
em	O
jebanja	NORM_1WORD
,	O
ne	O
može	O
ni	O
da	O
bude	O
bolja	O
.	O

jedno	O
vreme	O
je	O
neki	O
virus	O
na	O
fejsu	O
svima	O
slao	O
poruke	O
tipa	O
"	O
hi	O
"	O
u	O
ime	O
osobe	O
iz	O
prijatelja	O
.	O

jedan	O
comm-arac	NORM_1WORD
proleteo	O
je	O
sa	O
plafona	O
i	O
uverio	O
se	O
da	O
je	O
soba	O
čista	O
.	O

puštam	O
.	O

drugarica	O
i	O
ja	O
krenule	O
na	O
neku	O
dijetu	O
.	O

zamišljam	O
kako	O
ću	O
da	O
šljapkam	O
po	O
barama	O
danas	O
,	O
a	O
onda	O
shvatim	O
da	O
sam	O
slepac	O
koji	O
nema	O
ništa	O
od	O
obuće	O
što	O
ne	O
propušta	O
vodu	O
.	O

koliko	O
zelim	NORM_1WORD
da	O
polozim	NORM_1WORD
ovaj	O
ispit	O
,	O
resim	NORM_1WORD
sve	O
obaveze	O
i	O
ko	NORM_1WORD
miran	O
covek	NORM_1WORD
,	O
sedim	O
,	O
pijem	O
,	O
suncam	NORM_1WORD
se	O
,	O
citam	NORM_1WORD
novine	O
,	O
a	O
neki	O
divni	O
mladi	NORM_1WORD
me	O
ceka	NORM_1WORD
u	O
noci	NORM_1WORD
.	O

ima	O
nas	O
.	O

u	O
sl.	O
životu	O
da	O
budem	O
ostrvo	O
sa	O
suncobrani	NORM_1WORD
,	O
kokteli	NORM_1WORD
,	O
gole	NORM_1WORD
ribe	NORM_1WORD
,	O
tipovi	NORM_1WORD
,	O
muzikom	O
a	O
iznedriću	O
i	O
jutro	O
hedova	O
,	O
da	O
mirišim	NORM_1WORD
do	O
susednog	O
.	O

:*	O
vas	O
:)	O

@nenadcicko	O
@bojandjuricldp	O
neće	O
ti	O
nikad	O
oprostiti	O
ćićko	O
za	O
ovu	O
marginu	O
:-d	O

cujem	NORM_1WORD
da	O
se	O
udajes	NORM_1WORD
na	O
sajmu	O
uskoro	O
?	O

niko	O
sa	O
koridora	O
10	O
nece	NORM_1WORD
vise	NORM_1WORD
kusati	O
cevapcice	NORM_1WORD
u	O
predejanima	NORM_1WORD
.	O

ha	O
kako	O
motivacioni	O
klip	O
!	O

dobro	O
jutro	O

ne	O
znam	O
kako	O
ne	O
crvene	O
?!?	O

moram	O
i	O
to	O
da	O
probam	O
,	O
pa	O
ću	O
da	O
povučem	O
reč	O
.	O

@cuvajmojesrceee	O
to	O
znači	O
da	O
se	O
plaše	O
da	O
ti	O
priđu	O
.	O

možete	O
se	O
svi	O
kolektivno	O
jebati	O
,	O
jer	O
sam	O
upravo	O
u	O
pms	NORM_1WORD
...	O
.	O
i.	O

pančevo	O
,	O
plivanje	O
za	O
krst	O
,	O
63	O
muškarca	O
1	O
devojka	O
.	O

@makijaaaa	O
šamarčinu	O
!	O

petljuri	O
?	O

slatko	O
unfriendujem	O
svakog	O
drugog	O
koji	O
izbaci	O
pesmu	O
"	O
prišla	O
"	O
od	O
lexingtona	O
jer	O
mi	O
se	O
na	O
kurac	O
popela	O
.	O

@powersaustine	O
sve	O
ste	O
pomesali	NORM_1WORD
.	O

#pravda	O
stiže	O
i	O
sudije-izdajnike	O
.	O

mrzim	O
kad	O
vidim	O
da	O
neki	O
ljudi	O
,	O
s	O
kojima	O
sam	O
bila	O
najbolja	O
,	O
ne	O
zele	NORM_1WORD
da	O
kazu	NORM_1WORD
ni	O
cao	NORM_1WORD
na	O
ulici	O
,	O
bez	O
razloga	O
.	O

kako	O
se	O
uclanuje	NORM_1WORD
u	O
one	O
kardashiane	O
?	O

pitanje	O
dana	O
:	O
da	O
li	O
izvođači	O
snimaju	O
refren	O
onoliko	O
puta	O
koliko	O
se	O
ponavlja	O
u	O
pesmi	O
ili	O
samo	O
jednom	O
?	O

onaj	O
trip	O
kada	O
ti	O
je	O
internet	O
toliko	O
brz	O
,	O
da	O
se	O
lajna	O
ucitava	NORM_1WORD
sporije	O
od	O
trajanja	O
pauze	O
za	O
reklame	O
na	O
rtsu	NORM_1WORD
.	O

spremna	O
sam	O
da	O
se	O
kladim	O
da	O
je	O
andreja	O
mladenovic	NORM_1WORD
dosao	NORM_1WORD
do	O
ingeniozne	O
ideje	O
da	O
ceca	O
peva	O
na	O
trgu	O
.	O

vidiš	O
ovi	O
oko	O
vučića	O
su	O
kao	O
buve	O
na	O
keri	NORM_1WORD
.	O

ja	O
se	O
nadam	O
da	O
taj	O
što	O
je	O
pustio	O
skojevce	NORM_1WORD
u	O
@onlinedanas	O
zna	O
da	O
đenić	O
preti	O
smrću	O
nekomunistima	O
na	O
fb	O
i	O
svaki	O
drugi	O
dan	O
piše	O
kako	O
je	O
pijan	O
?	O

ritual	O
drugarice	O
i	O
mene	O
:	O
skuvamo	O
kafu	O
,	O
sednemo	O
za	O
komp	O
,	O
gledamo	O
beogradnocu	NORM_1WORD
slike	O
,	O
izogovaramo	O
nepoznate	O
persone	O
i	O
vristimo	NORM_1WORD
od	O
smeha	O
.	O

okej	O
neki	O
random	O
lik	O
u	O
juzeru	O
ima	O
"	O
patka	O
"	O
a	O
ja	O
se	O
setih	O
kako	O
se	O
vil	O
herondejl	O
plaši	O
pataka	O
i	O
ne	O
znam	O
zašto	O
sam	O
to	O
morala	O
da	O
tvitujem	O
.	O

@nebojsamedojevi	O
to	O
su	O
floskule	O
.	O

hm	O
.	O

ja	O
bi	NORM_1WORD
njih	O
sve	O
pravac	O
srce	O
srbije	O
,	O
da	O
se	O
osećaju	O
kao	O
kod	O
kuće	O
.	O

kad	O
raspalis	NORM_1WORD
pauka	O
papucom	NORM_1WORD
u	O
zid	O
pa	O
cidis	NORM_1WORD
posle	O
kako	O
mu	O
tako	O
razmazanom	O
mrdaju	O
nogice	NORM_1WORD
pa	O
ti	O
bude	O
zao	NORM_1WORD
.	O

nekoliko	O
novčanica	O
visokih	O
apoena	O
,	O
izradjenih	NORM_1WORD
na	O
printeru	O
u	O
boji	O
,	O
odučiće	O
taštu	O
zauvek	O
,	O
da	O
pretura	O
po	O
zetovim	O
džepovima	O
...	O

opusti	O
se	O
!	O

ko	O
prati	O
umetničko	O
klizanje	O
na	O
olimpijadi	O
u	O
sočiju	O
(	O
ili	O
ispred	O
tva	NORM_1WORD
:))	O
,	O
zna	O
da	O
je	O
yuzuru	O
hanyu	O
iz	O
japana	O
šampion	O
za	O
2014.	O

-	O
"	O
80ak	NORM_1WORD
hiljada	O
"	O

sve	O
dok	O
ih	O
ne	O
pitaš	O
...	O
onda	O
zaneme	O
.	O

niko	O
?	O

naisao	NORM_1WORD
je	O
onaj	O
period	O
u	O
mesecu	O
kada	O
se	O
borim	O
sa	O
demonima	O
,	O
unutrasnjim	NORM_1WORD
izazvanim	O
od	O
strane	O
spoljasnjih	NORM_1WORD
.	O

pretpostavka	O
pravednosti	O
u	O
finansijskim	O
transakcijama	O
je	O
da	O
znaš	O
šta	O
i	O
koliko	O
plaćaš	O
,	O
šta	O
dobijaš	O
za	O
koliko	O
novca	O
.	O

kiseli	O
tigrici	NORM_1WORD
na	O
prodaju	O
.	O

ja	O
sa	O
15	O
godina	O
fuj	O
,	O
kako	O
su	O
jadne	O
te	O
zene	NORM_1WORD
koje	O
se	O
menjaju	O
zbog	O
muskaraca	NORM_1WORD
,	O
ja	O
sa	O
16	O
jao	O
sreco	NORM_1WORD
i	O
ja	O
najvise	NORM_1WORD
volim	O
kajganu	O
sa	O
slaninom	O
.	O

gatacu	NORM_1WORD
ti	O
za	O
dzabe	NORM_1WORD
.	O

isto	O
je	O
,	O
niko	O
kome	O
je	O
upuceno	NORM_1WORD
nece	NORM_1WORD
to	O
videti	O
.	O

tog	O
.	O

sreca	NORM_1WORD
pa	O
nema	O
znak	O
no	O
smoking	O
iza	O
ledja	NORM_1WORD
.	O

@zubarica	O
@cikicdragan	O
hoće	O
.	O

ubeđena	O
sam	O
da	O
su	O
u	O
ovoj	O
kafani	O
svi	O
toliko	O
pijani	O
samo	O
da	O
bi	O
zaboravili	O
da	O
ovo	O
nije	O
kafana	O
nego	O
neki	O
fensi	O
šnj	O
.	O

brat	O
:	O
zasto	NORM_1WORD
jedes	NORM_1WORD
tri	O
topla	O
sendvica	NORM_1WORD
u	O
12	O
sati	O
uvece	NORM_1WORD
,	O
to	O
goji	O
nije	O
dobro	O
za	O
zdravlje	O
...	O

nekada	O
su	O
austrougarski	O
i	O
nemački	O
generali	O
strepeli	O
pred	O
srbijom	O
~	O
danas	O
100	O
godina	O
kasnije	O
srbija	O
strepi	O
pred	O
''	O
šumokradicama	O
''	O
.	O

naravno	O
,	O
rukama	O
sam	O
je	O
jela	O
u	O
putu	O
do	O
beograda	O
,	O
izmazala	O
i	O
sebe	O
i	O
drugaru	O
auto	O
šlagom	O
i	O
nisam	O
razumela	O
što	O
se	O
ljuti	O
.	O

posao	O
najbolje	O
odrade	O
ljudi	O
koji	O
za	O
loš	O
film	O
naprave	O
dobar	O
trejler	O
,	O
toliko	O
da	O
vam	O
se	O
gleda	O
a	O
posle	O
kukate	O
.	O

posvađaju	O
mi	O
se	O
lićnosti	NORM_1WORD
usred	O
pisanja	O
tvita	O
pa	O
svako	NORM_1WORD
svoju	O
priču	O
priča	O
!	O

teška	O
dilema	O
.	O

hm	O
,	O
da	O
li	O
je	O
uvijao	O
kosu	O
zbog	O
mene	O
ili	O
ju	O
je	O
peglao	O
za	O
slikanje	O
?	O

zato	O
je	O
volim	O
,	O
jer	O
smo	O
iste	O
po	O
tom	O
pitanju	O
.	O

svi	O
smo	O
znali	O
cime	NORM_1WORD
se	O
glupa	O
individua	O
bavi	O
.	O

unose	O
negativnu	O
energiju	O
,	O
dalje	O
od	O
njih	O
.	O

kontam	O
da	O
ce	NORM_1WORD
palma	O
jagodica	O
da	O
mu	O
dovede	O
neke	O
prostituke	O
,	O
hocu	NORM_1WORD
reci	NORM_1WORD
postene	NORM_1WORD
dame	O
.	O

kaže	O
mi	O
gazda	O
jednog	O
kafića	O
:	O
„	O
ej	O
pravimo	O
žurku	O
za	O
noć	O
veštica	O
,	O
maskiraj	O
se	O
u	O
nešto	O
jezivo	O
“	O
,	O

pa	O
ipak	O
,	O
učestovali	O
su	O
na	O
izborima	O
.	O

@krunickrunic	O
ako	O
nađeš	O
to	O
i	O
žvazbuku	O
negde	O
,	O
ošišaću	O
se	O
na	O
kratko	O
i	O
promeniću	O
ime	O
u	O
krunić	O
kao	O
izraz	O
zahvalnosti	O
.	O

ok	O
.	O

čuvao	O
je	O
samo	O
za	O
posebne	O
prilike	O
.	O

a	O
video	O
sam	O
ja	O
jednom	O
kineze	O
,	O
jedu	O
u	O
dva	O
štapića	O
.	O

a	O
možda	O
sam	O
samo	O
u	O
nekoj	O
"	O
treba	O
mi	O
ljubav	O
"	O
fazi	O
,	O
pa	O
me	O
sve	O
podseća	O
na	O
muškarca	O
sa	O
kojim	O
mi	O
je	O
bilo	O
najlepše	O
.	O

hvala	O
ti	O
dobri	O
covece	NORM_1WORD
sto	NORM_1WORD
mi	O
lajkujes	NORM_1WORD
subotom	O
uvece	NORM_1WORD
sliku	O
koju	O
sam	O
objavila	O
u	O
aprilu	O
mesecu	O
2012	O
al	NORM_1WORD
nemoj	O
vise	NORM_1WORD

uradite	O
ono	O
što	O
je	O
ispravno	O
,	O
a	O
ne	O
ono	O
što	O
vam	O
je	O
lakše	O
:)	O

muvatori	O
se	O
provuku	O
,	O
ovaj	O
i	O
onaj	O
jer	O
su	O
spremni	O
da	O
izgube	O
obraz	O
a	O
ti	O
ne	O
umes	NORM_1WORD
.	O

e	O
to	O
ne	O
mogu	O
da	O
razumem	O
,	O
draga	O
nisi	O
ti	O
vegeta	O
da	O
te	O
muskarac	NORM_1WORD
potrosi	NORM_1WORD
.	O

neprocenjiv	O
osecaj	NORM_1WORD
kad	O
napravis	NORM_1WORD
listu	O
pesama	O
samo	O
sa	O
naradnjacima	NORM_1WORD
za	O
sedeljku	O
za	O
tvoj	O
rodj	NORM_1WORD
.	O

prelazni	O
rok	O
>	O
ispitni	O
rok	O
>	O
bob	O
rok	O
>	O
rokenrol	O
.	O

tako	O
sam	O
i	O
mislio	O
...	O

anđelina	O
džoli	O
izgubila	O
nevinost	O
sa	O
14	O
god	NORM_1WORD
,	O
sa	O
dečkom	O
sa	O
kojim	O
je	O
u	O
to	O
vreme	O
živela	O
.	O

zaljubiti	O
se	O
u	O
nekoga	O
,	O
voleti	O
ga	O
i	O
predati	O
mu	O
se	O
u	O
svakom	O
smisli	NORM_1WORD
je	O
najhrabrija	O
stvar	O
koju	O
čovek	O
može	O
da	O
uradi	O
.	O

@blic_online	O
lic	NORM_1WORD
uživo	O
:	O
u	O
igru	O
ulaze	O
šćepa	O
i	O
raća	O
.	O

imam	O
sutra	O
kolokvijum	O
,	O
a	O
šta	O
ja	O
radim	O
?	O

toliko	O
sam	O
pročitao	O
puta	O
ove	O
"	O
ovo	O
je	O
sex	O
"	O
rvitove	NORM_1WORD
da	O
ću	O
jedbog	NORM_1WORD
dana	O
kad	O
se	O
skine	O
riba	O
ispred	O
mene	O
da	O
završim	O
u	O
totalnom	O
rebusu	O
.	O

tako	O
smo	O
u	O
mostaru	O
.	O

sad	O
tek	O
vidim	O
koliko	O
glumci	O
moraju	O
u	O
zivotu	NORM_1WORD
da	O
rade	O
..	O

dinkić	O
se	O
nekada	O
hvalio	O
poštanskom	O
štedionicom	O
!	O

sramota	O
.	O

#progressreport	O
postojeći	O
zakonski	O
okvir	O
-	O
zak.	NORM_1WORD
o	O
civilnim	O
invalidima	O
rata	O
-	O
samo	O
nekolicini	O
žrtava	O
ratnih	O
zločina	O
osigurao	O
pravo	O
na	O
obeštećenje	O

gospodo	O
na	O
vlasti	O
,	O
a	O
da	O
se	O
malo	O
prisetite	O
argentinskog	O
scenarija	O
?	O

u	O
modricama	O
sam	O
do	O
nosa	O
...	O

predsednik	O
snou	O
je	O
genijalno	O
sadisitcan	NORM_1WORD
:	O
odrzava	NORM_1WORD
red	O
u	O
panemu	O
ne	O
tako	O
sto	NORM_1WORD
mazi	O
i	O
pazi	O
stanovnistvo	NORM_1WORD
,	O
niti	O
potpunom	O
kontrolom	O
.	O

kolektivna	O
hipnoza	O
,	O
nemam	O
drugo	O
objasnjenje	NORM_1WORD
za	O
stampu	NORM_1WORD
kojoj	O
su	O
na	O
danasnji	NORM_1WORD
dan	O
bitni	O
ceda	NORM_1WORD
,	O
djilas	NORM_1WORD
etc	NORM_1WORD
.	O

onih	O
boljih	O
.	O

kad	O
bih	O
vcrs.	NORM_1WORD
nasao	NORM_1WORD
devojq	NORM_1WORD
...	O

ako	O
te	O
uhvati	O
neopravdana	O
,	O
neobjašnjiva	O
i	O
/	O
ili	O
neograničena	O
pauza	O
-	O
jbg	NORM_1WORD
.	O

i	O
nikakvih	O
briga	O
nema	O
.	O

kupujemo	O
stvari	O
koje	O
nam	O
ne	O
trebaju	O
,	O
sa	O
parama	O
koje	O
nemamo	O
,	O
da	O
bi	NORM_1WORD
zadivili	O
ljude	O
koje	O
chak	NORM_1WORD
i	O
ne	O
volimo	O
...	O

i	O
koja	O
kad	O
si	O
muž	O
melje	O
koliko	O
ti	O
žena	O
ima	O
godina	O
a	O
ne	O
radi	O
.	O

decembar	O
-	O
da	O
ulepša	O
i	O
izvuče	O
godinu	O
.	O

nekad	O
je	O
najbolje	O
biti	O
jednostavan	O
i	O
spokojan	O
u	O
istom	O
mahu	O
.	O

baš	O
super	O
samo	O
hajde	O
ne	O
?	O

eto	O
ti	O
ga	O
.	O

da	O
li	O
to	O
znači	O
da	O
sam	O
i	O
njega	O
zaboravila	O
?	O

sledeće	O
godine	O
se	O
prijavljujem	O
na	O
prvi	O
glas	O
srbije	O
.	O

dodajem	O
i	O
flegmu	O
.	O

moj	O
jednorog	O
ima	O
lepšu	O
guzicu	O
žaomie	NORM_1WORD

kod	O
mene	O
se	O
ni	O
srce	O
napravljeno	O
u	O
peni	O
kafe	O
ne	O
zadrzi	NORM_1WORD
dok	O
konobar	O
donese	O
do	O
mog	O
stola	O
.	O

mislim	O
,	O
neukusno	O
je	O
...	O

14.	O
februar	O
.	O

-	O
kako	O
imam	O
tako	O
malo	O
cigara	O
?	O

debeli	O
lik	O
promeni	O
profilnu	O
i	O
neka	O
likuša	O
mu	O
komentariše	O
"	O
šmeker	O
bio	O
,	O
šmeker	O
ost'o	NORM_1WORD
"	O

uvek	O
nekako	O
na	O
granici	O
izmedju	NORM_1WORD
toga	O
da	O
li	O
je	O
neko	O
stvarno	O
toliko	O
glup	O
ili	O
me	O
samo	O
za*ebava	NORM_1WORD
?	O

nazalost	NORM_1WORD
tako	O
je	O
.	O

ja	O
ne	O
vidim	O
u	O
čemu	O
je	O
problem	O
kod	O
motanja	O
cigareta	O
.	O

savet	O
za	O
medije	O
:	O
napišite	O
članak	O
sa	O
naslovom	O
"	O
bomba	O
u	O
kosovskoj	O
mitrovici	O
"	O
i	O
svakog	O
dana	O
samo	O
menjate	O
datum	O
.	O

ja	O
sve	O
ovo	O
sto	NORM_1WORD
pisem	NORM_1WORD
znam	O
da	O
ce	NORM_1WORD
doci	NORM_1WORD
kroz	O
par	O
godiina	NORM_1WORD
...	O

prenego	NORM_1WORD
sto	NORM_1WORD
krenemo	O
sutra	O
na	O
tekmu	O
,	O
ja	O
cu	NORM_1WORD
sebi	O
da	O
zalepim	O
2	O
samara	NORM_1WORD
i	O
da	O
ne	O
pokusavam	NORM_1WORD
vise	NORM_1WORD
da	O
krenem	O
na	O
sut	NORM_1WORD
iz	O
mrtvog	O
ugla	O
.	O

:)	O

prisecam	NORM_1WORD
se	O
svega	O
ali	O
kroz	O
maglu	O
,	O
i	O
ne	O
znam	O
jel	NORM_1WORD
to	O
dobro	O
ili	O
lose	NORM_1WORD
.	O

sms	O
ona	O
:	O
jbt	NORM_1WORD
muvala	O
sam	O
te	O
godinu	O
dana	O
ti	O
nista	NORM_1WORD
.	O

ako	O
vam	O
je	O
baš	O
baš	O
dosadno	O
,	O
probajte	O
da	O
lovite	O
taksi	O
sa	O
koferom	O
bez	O
točkića	O
dok	O
vam	O
se	O
slajtli	O
kenja	O
.	O

koliko	O
me	O
smara	O
jedna	O
koleginica	O
svojim	O
jednoličnim	O
glasom	O
,	O
razmišljam	O
da	O
se	O
uhvatim	O
za	O
kosu	O
i	O
izbekeljim	O
joj	O
se	O
u	O
facu	O
.	O

ovde	O
će	O
i	O
pra	O
vraćati	O
dugove	O
.	O

vi	O
se	O
sprdate	O
ali	O
oni	O
uopste	NORM_1WORD
neće	O
biti	O
loši	O
za	O
3	O
meseca	O
kad	O
se	O
bude	O
odlučivalo	O
...	O

