@DDaanV	O
oooh	NORM_1WORD
nais	O
=D	O
dn	NORM_1WORD
week	NORM_2WORD
da	NORM_1WORD
glijk	NORM_1WORD
=p	O

@DDaanV	O
omg	NORM_1WORD
xD	O
nou	O
kzat	NORM_2WORD
in	O
het	O
witre	NORM_1WORD
huis	O
maarja	O
geo	O
locaties	O
falen	O
ss	NORM_1WORD
beswll	NORM_2WORD
=p	O

Oei	O
,	O
vergeten	O
fuk	O
.	O
Tzal	NORM_2WORD
voor	O
morgen	O
zijn	O
vrees	O
ik	O

kzou	NORM_2WORD
ook	O
nog	O
eens	O
e	NORM_1WORD
goe	NORM_1WORD
heet	O
vrouwke	NORM_1WORD
moete	NORM_1WORD
hebbe	NORM_1WORD
e	O

@SBSTROP	O
ik	NORM_1WORD
hoo	NORM_1WORD
rnu	NORM_1WORD
oom	O
dagobert	NORM_1WORD
duck	NORM_1WORD
,	O
oftewel	O
wethouder	O
Gert-Jan	O
't	O
Hart	O

Ikkuhh	NORM_1WORD
wil	O
niet	O
veel	O
zeggen	O
maarruuhh	NORM_1WORD
kuchkucg	NORM_2WORD
monsif	O
kuchkuch	NORM_2WORD

neje	NORM_1WORD
bg	O
;)	O
en	O
noky	O
...	O
bwa	NORM_1WORD
....	O
derbovenop	NORM_2WORD
zenk	O
zelf	O
ook	O
nog	O
betje	NORM_1WORD
kieskeurig	O
:p	O

Doen	O
eh	O
xp	O

tregent	NORM_2WORD
ierts	NORM_1WORD
teveel	O
we	O
zulln	NORM_1WORD
later	O
vertrekkn	NORM_1WORD

Ge	NORM_1WORD
het	NORM_1WORD
so'n	NORM_1WORD
lekker	O
kuntje	NORM_1WORD

RT	O
@Boodskapper707	O
:	O
Toe	NORM_1WORD
ek	NORM_1WORD
n	NORM_1WORD
laaitie	O
was	O
,	O
en	O
ons	O
toilette	NORM_1WORD
was	O
buite	NORM_1WORD
werking	O
,	O
of	O
die	O
bus	O
het	O
gebreek	NORM_1WORD
of	O
wat	O
ookal	NORM_2WORD
die	O
nood	O
was	O
,	O
het	O
die	O
skool	NORM_1WORD
iets	O
gedoen	NORM_1WORD
en	O
n	NORM_1WORD
fonds	O
insameling	NORM_1WORD
gehou	NORM_1WORD
.	O
En	O
glo	NORM_1WORD
my	NORM_1WORD
,	O
daar	O
was	O
seker	NORM_1WORD
max	NORM_1WORD
23	O
ryk	NORM_1WORD
kinders	NORM_1WORD
in	O
my	NORM_1WORD
skool	NORM_1WORD
,	O
want	O
almal	NORM_1WORD
se	NORM_1WORD
ouers	NORM_1WORD
was	NORM_1WORD
fabriek	O
werkers	O
.	O

Neeje	NORM_1WORD
,	O
ik	O
blijf	O
op	O
kot	O
leren	O
denkek	NORM_2WORD
,	O
Tgaat	NORM_2WORD
vlot	O
vandaag	O
.	O
Xx	O

@Buijtelaar	O
@hiskeland	O
new	O
,	O
33%	O
voorstander	O
ve	NORM_1WORD
nwe	NORM_1WORD
kerncentrale	O
.	O
39%	O
voir	NORM_1WORD
kernenergie	O
.	O
Wel	O
ff	NORM_1WORD
cpb	NORM_1WORD
onderzoek	O
goed	O
lezen	O
.	O

Weet	O
gij	NORM_1WORD
wanneer	O
ftac	O
project	O
binnen	O
moest	O
?	O
gr	NORM_1WORD
RT	O
@Mandiehhx	O
:	O
hvj	NORM_3PLUS
wjnmk	O
wij	O
4	O
evah	O
ntb	O
xxxxxxxxjeliefje	O
.	O
Mag	O
ik	O
even	O
kotsen	O
?	O

Iemand	O
daa	NORM_1WORD
zin	NORM_2WORD
een	O
grote	O
fishstick	NORM_1WORD
?	O

khad	NORM_2WORD
deze	O
morgend	NORM_1WORD
alleen	O
een	O
probleem	O
shoukriya	NORM_1WORD
,	O
kben	NORM_2WORD
uit	O
mn	NORM_1WORD
bed	O
gevalle	NORM_1WORD
:p	O

Uhm	O
nee	O
?	O
Ik	O
kan	O
mijn	O
server	O
gewoonm	NORM_1WORD
bereiken	O
...	O

@admirael	O
Ick	NORM_1WORD
magh	NORM_1WORD
het	O
hoopen	NORM_1WORD
en	O
zeeckers	NORM_1WORD
als	O
het	O
op	O
een	O
belegh	NORM_1WORD
aenkomet	NORM_1WORD
.	O

aja	NORM_1WORD
nee	O
kdacht	NORM_2WORD
da	NORM_1WORD
marjan	NORM_1WORD
meeging	O

Huuh	O
wacht	O
Kga	NORM_2WORD
keer	O
kijken	O

Neeje	NORM_1WORD
,	O
Kben	NORM_2WORD
.	O
Vooral	O
lui	O

@NoHolyScripture	O
Dat	O
de	O
Overheid	O
dan	O
als	O
1ste	O
stap	O
in	O
“	O
de	O
opvoeding	O
vd	NORM_2WORD
kids	O
”,	O
de	O
lessen	O
godsdienst	O
/	O
zedenleer	O
als	O
verplichte	O
vakken	O
schrapt	O
in	O
het	O
BaO	O
én	NORM_1WORD
in	O
het	O
S.O.	O
.	O
Je	O
raadt	O
welke	O
koepel	O
hiertg	NORM_2WORD
fel	O
zal	O
reageren	O
...	O
Maar	O
niettemin	O
,	O
godsdienst	O
&	O
moraal	O
zijn	O
onderdelen	O
vd	NORM_2WORD
opvoeding	O
THUIS	NORM_1WORD
!	O

Lieventje	NORM_1WORD
,	O
ik	O
kom	O
morgen	O
rond	O
half	O
12	O
in	O
zillegem	NORM_1WORD
aan	O
...	O

Jups	NORM_1WORD
.	O
:)	O
diets	NORM_2WORD
aant	NORM_2WORD
leren	O
:o	O

wtf	NORM_1WORD
?	O
,	O
ovr	NORM_1WORD
etn	NORM_1WORD
ant	NORM_2WORD
prate	NORM_1WORD
hiere	NORM_1WORD
fwa	NORM_2WORD
?	O

Gaat	O
er	O
iemand	O
van	O
jullie	O
nr	NORM_1WORD
bekerfinale	O
zien	O
vnvnd	NORM_1WORD
?	O

tzal	NORM_2WORD
een	O
alf	NORM_1WORD
uurke	NORM_1WORD
later	O
zin	NORM_1WORD

tzijn	NORM_2WORD
nie	NORM_1WORD
echt	O
zo	O
typkes	NORM_1WORD
waar	O
ik	O
sebiet	NORM_1WORD
mee	O
zou	O
vriendinne	NORM_1WORD
worde	NORM_1WORD
:p	O

Jah	NORM_1WORD
,	O
echt	O
stom	O
he	O
.	O
Kmoet	NORM_2WORD
echt	O
verhuizen	O
.	O

Sgoed	NORM_2WORD
,	O
rubenkan	NORM_2WORD
wel	O
ni	NORM_1WORD

kpeis	NORM_2WORD
rond	O
8	O
u	NORM_1WORD
maar	O
mss	NORM_1WORD
moeten	O
we	O
iets	O
vroeger	O
gaan	O

Raar	O
,	O
idd	NORM_1WORD
...	O
een	NORM_1WORD
virus	O
op	O
jullie	O
gsm	O
...	O
;-)	O
hehe	O
...	O

Jaro	O
Redczus	O
:	O
Heb	O
'm	NORM_1WORD
al	O
in	O
huis	O
.	O

ti	NORM_2WORD
roar	NORM_1WORD
daj	NORM_2WORD
nog	O
aarschot	O
durft	O
zeggen	O
kzo	NORM_2WORD
bitje	NORM_1WORD
beschaamd	O
zi	NORM_1WORD

ma	NORM_1WORD
kga	NORM_2WORD
keer	O
wa	NORM_1WORD
ete	NORM_1WORD
klaarmake	NORM_1WORD
nzo	NORM_1WORD
xD	O
mss	NORM_1WORD
tot	O
sbiet	NORM_1WORD
:p	O

want	NORM_1WORD
khad	NORM_2WORD
ne	NORM_1WORD
vree	NORM_1WORD
goeien	NORM_1WORD
dg	NORM_1WORD
gistren	NORM_1WORD

@colonnemusic	O
@maartend82	O
@kristy_dee	O
@mariekeh	O
@roynonstop	O
@rickv	O
enn	NORM_1WORD
...	O
BAMMM	NORM_1WORD
!	O
gewonne	NORM_1WORD
!	O
=p	O

Zo	O
.	O
Ik	O
gaat	NORM_1WORD
es	NORM_1WORD
een	O
bordje	O
rijst	O
halen	O
ergens	O
bij	O
een	O
warung	O
.	O
Lapar	O
.	O
Ayo	O
!	O
Makan	O
malam	O
.	O

@SabineIDN	O
er	NORM_1WORD
zjin	NORM_1WORD
oreavl	NORM_1WORD
gnezern	NORM_1WORD
...	O
dta	NORM_1WORD
meot	NORM_1WORD
jij	O
nog	O
lreen	NORM_1WORD
#kaatsbalverwacht	O

waz	NORM_1WORD
ff	NORM_1WORD
ni	NORM_1WORD
aan't	NORM_2WORD
volge	NORM_1WORD
?	O
wannabeez	NORM_1WORD
?	O

Kzal	NORM_2WORD
mn	NORM_1WORD
best	O
doen	O
.	O
:)	O

maar	NORM_1WORD
hier	O
zitte	NORM_1WORD
erveel	NORM_2WORD
princesse	NORM_1WORD
;)	O
na	NORM_1WORD
juste	NORM_1WORD
naam	O
kijke	NORM_1WORD

Kheb	NORM_2WORD
nog	O
een	O
kaartverkoop	O
voor	O
de	O
massacantus	O
voor	O
Jou	NORM_1WORD
.	O
Nog	O
interesse	O
?	O
X	O

idd	NORM_1WORD
dollytje	O
uw	O
pv	O
zal	O
idd	NORM_1WORD
wel	O
erg	O
zeijn	NORM_1WORD
:p	O

@Kyrosyves	O
oeeh	NORM_1WORD
nee	O
=p	O
kwas	NORM_2WORD
bij	O
mn	NORM_1WORD
tante	O
=p	O

@ADnl	O
@OzcanAkyol	O
Ok	NORM_1WORD
....	O
Drinken	O
?....	O
Vet	O
eten	O
?....	O
Zoet	O
eten	O
?...	O
Op	O
de	O
bank	O
zitten	O
?...	O
Achter	O
de	O
comp	NORM_1WORD
.	O
Hangen	O
?....	O
Alles	O
met	O
de	O
auto	O
doen	O
?	O
Etc	NORM_1WORD
etc	NORM_1WORD
..	O
ben	NORM_1WORD
sinds	O
3	O
mnd	NORM_1WORD
gestopt	O
,	O
gaat	O
prima	O
,	O
maar	O
een	O
sigaret	O
is	O
ook	O
lekker	O
dwz	NORM_3PLUS
genot	O
en	O
ontspanning	O
...	O
belangrijke	O
factoren	O
in	O
het	O
leven	O
.	O

Wil	O
je	O
wel	O
mijn	O
luisterboek	O
ni	NORM_1WORD
uit	O
de	O
cdspeler	O
halen	O
?	O
Dankoe	NORM_1WORD
!	O

watte	NORM_1WORD
GoreKoala	O
ist	NORM_2WORD
ni	NORM_1WORD
waar	O
mss	NORM_1WORD
?	O
:p	O

@confusedarend	O
@clinelawton1	O
Ja	O
in	O
a	O
chakamaka	O
land	O
wss	NORM_1WORD
hier	O
ist	NORM_2WORD
gwn	NORM_1WORD
10	O

Hmmm	O
,	O
Kzal	NORM_2WORD
mn	NORM_1WORD
broers	O
zeggen	O
dat	O
ze	O
zich	O
moeten	O
gedragen	O
.	O
;)	O

iemand	NORM_1WORD
mss	NORM_1WORD
prive	NORM_1WORD
voor	O
nen	NORM_1WORD
babbel	O
liefst	O
regio	O
mechelen	NORM_1WORD
kom	O
dnaz	NORM_1WORD
prive	NORM_1WORD
aub	NORM_1WORD
:)	O

Informeel	O
gesprek	O
@GerdaVerburg	O
&	O
viceMP	O
/	O
chief-negotiator	O
Kosovo	O
in	O
dialoog	O
met	O
Servie	NORM_1WORD
mevr.	NORM_1WORD
Jagjaga	O
http://yfrog.com/h88wgwkj	O

@Louisemily	O
Aaaw	O
wat	O
poepigg	NORM_1WORD
!!!!	O
Jaaa	NORM_1WORD
!	O
Lachuh	NORM_1WORD
!	O
Lekker	O
chillen	O
enz.	NORM_1WORD
Ik	O
heb	O
zulke	O
kids	O
een	O
jaar	O
lesgegeven	O
#lovethem	O

als	NORM_1WORD
ge	NORM_1WORD
goeste	NORM_1WORD
ebt	NORM_1WORD
moete	NORM_2WORD
nog	O
maar	O
enen	NORM_1WORD
komn	NORM_1WORD
drinkn	NORM_1WORD

Pff	O
..	O
Wat	O
zijn	O
HJ	O
en	O
de	O
liift	NORM_1WORD
traag	O
...	O

@CharlesUrbain	O
@HLN_BE	O
Vndg	NORM_1WORD
in	O
@destandaard	O
een	O
interessant	O
artikel	O
over	O
regering	O
van	O
Frank	O
Vandenbroucke	O
,	O
Johan	O
Vande	O
Lanotte	O
en	O
Steve	O
Stevaert	O
20j	NORM_2WORD
geleden	O
en	O
dat	O
het	O
toen	O
wel	O
gelukt	O
was	O
.	O
Zou	O
nu	O
niet	O
lukken	O
.	O
Misnoegde	O
profileerpolitici	O
zouden	O
constant	O
eigen	O
flank	O
aanvallen	O
.	O
Oppositie	O
zou	O
onnodig	O
zijn	O
.	O

Ebk	NORM_2WORD
nen	NORM_1WORD
so	NORM_1WORD
terug	O
?	O
Oeveel_hebk?	O
Oeveel	NORM_1WORD
hebk	NORM_2WORD
?	O

hoooo	NORM_1WORD
:o	O
tande	NORM_1WORD
zitte	NORM_1WORD
doort	NORM_2WORD
plastik	NORM_1WORD
:p	O

wij	NORM_1WORD
komen	O
zowiezo	NORM_1WORD
...	O
oe	NORM_1WORD
ist	NORM_2WORD
daar	O
?	O

@ROVER_online	O
Laat	O
ProRail	O
ook	O
eens	O
de	O
vervuilde	O
grond	O
uit	O
de	O
stoomtijd	O
bij	O
bijv	NORM_1WORD
.	O
Amsterdam	O
CS	NORM_2WORD
opruimen	O
i.p.v.	NORM_3PLUS
ons	O
belerend	O
van	O
het	O
roken	O
af	O
te	O
helpen	O
.	O

Lol	O
was	O
ook	O
aant	NORM_2WORD
zien	O
.	O
Ga	O
proberen	O
bij	O
jorn	NORM_1WORD
geraken	NORM_2WORD
.	O
Vnvnd	NORM_1WORD
taak	O
wel	O
naar	O
rsca	NORM_1WORD
.	O

Grrr	O
carnavalidioten	O
in	O
Delft	O
.	O

@HelaasPindakaas	O
@ddaanv	O
jaa	NORM_1WORD
t	NORM_1WORD
duurt	O
nog	O
ffies	NORM_1WORD
mr	NORM_1WORD
kheb	NORM_2WORD
gedult	NORM_1WORD
=p	O

Kben	NORM_2WORD
op	O
ouwe	O
markt	O
,	O
kom	O
naart	NORM_2WORD
archief	O
.	O
:)	O

Wel	O
veel	O
calorieen	NORM_1WORD
...	O
Of	O
je	O
belt	O
een	O
pizzaatje	NORM_1WORD
.	O

kheb	NORM_2WORD
u	O
nogthans	NORM_1WORD
al	O
meerdere	O
keren	O
uitgenodigd	O
voor	O
vnv	NORM_1WORD
zunne	O
B_Duck	O

Eddet	NORM_2WORD
weer	O
ni	NORM_1WORD
ingeschreven	O
?	O

mja	NORM_2WORD
zal	O
me	O
hostnaam	O
ook	O
es	NORM_1WORD
moete	NORM_1WORD
verandere	NORM_1WORD
ofzo	O
peisk	O

oeps	NORM_1WORD
kmocht	NORM_2WORD
ni	NORM_1WORD
lache	NORM_1WORD
zeker	O
rammstein	NORM_1WORD
:	O
pp	O

ik	NORM_1WORD
oek	NORM_1WORD
ni	NORM_1WORD
uitgeweest	O
juste	NORM_1WORD
bij	O
een	O
vriendin	O
geweest	O
en	O
daar	O
blijve	NORM_1WORD
plakke	NORM_1WORD

kzal	NORM_2WORD
iet	NORM_1WORD
wete	NORM_1WORD
zegge	NORM_1WORD
alsk	NORM_2WORD
dvdrip	O
vind	O
zizzi	O

smiddags	NORM_2WORD
word	O
het	O
ipv	NORM_3PLUS
supperman	NORM_1WORD
mss	NORM_1WORD
noonman	NORM_1WORD
?	O
:)	O

NVA-minister	O
Muyters	O
weigert	O
antwoord	O
op	O
vragen	O
ivm	NORM_3PLUS
Koninklijke	O
Schenking	O
.	O
'	O
Geen	O
info	O
ivm	NORM_3PLUS
individuele	O
belastingsplichtigen	O
'	O
.	O
Transparantie	O
?	O

Goed	O
hoor	O
!	O
't	NORM_1WORD
is	O
zo'n	O
lieveke	NORM_1WORD
!	O

kben	NORM_2WORD
al	O
rond	O
thuis	O
...	O
we	NORM_1WORD
kunnen	O
anders	O
een	O
wiitje	NORM_1WORD
doen	O
?	O

jaat	NORM_1WORD
mmissy	O
ist	NORM_2WORD
ni	NORM_1WORD
goe	NORM_1WORD
:)	O

oei	NORM_1WORD
typo	O
....	O
we	NORM_1WORD
zulln	NORM_1WORD
tegn	NORM_1WORD
dan	O
zeker	O
klaar	O
zijn	O

ne	NORM_1WORD
geoie	NORM_1WORD
vuilbak	NORM_1WORD
is	O
z'n	O
prijs	O
waard	O
poezewoeve	O
net	O
zoals	O
'n	NORM_1WORD
goeie	O
stofzuiger	O

@VerbondAnti	O
20	O
jr	NORM_1WORD
terug	O
bracht	O
ik	O
de	O
varkens	O
naar	O
Italië	O
dubbelbemand	O
2á3	NORM_3PLUS
x	O
ned	NORM_1WORD
>	O
ita	NORM_1WORD

Nope	NORM_1WORD
,	O
sorry	O
brah	NORM_1WORD
.	O
Vanavond	O
gaat	O
ni	NORM_1WORD
voor	O
mij	O

@fonolog	O
Ik	O
denk	O
dat	O
de	O
s	O
aan	O
het	O
begin	O
van	O
een	O
woord	O
in	O
plaats	O
van	O
een	O
z	O
van	O
oorsprong	O
Fries	O
is	O
.	O
Amsterdams	O
:	O
ik	O
heb	O
de	O
son	NORM_1WORD
in	O
de	O
see	NORM_1WORD
sien	NORM_1WORD
sakke	NORM_1WORD
Fries	O
:	O
sinne	O
/	O
sonne	O
,	O
see	O
,	O
sakke	O
,	O
seure	O

kzie	NORM_2WORD
juste	NORM_1WORD
da	NORM_1WORD
mijn	O
konijn	O
ier	NORM_1WORD
ant	NORM_2WORD
rondhuppeln	NORM_1WORD
eh	O
:o	O

maar	NORM_1WORD
kzou	NORM_2WORD
em	NORM_1WORD
gwn	NORM_1WORD
beke	O
dreigemente	NORM_1WORD
geve	NORM_1WORD
met	O
politiedinge	NORM_1WORD
ofzo	O
:)	O

@ayyk0	O
graag	NORM_1WORD
gedaan	O
ma	NORM_1WORD
tis	NORM_2WORD
wel	O
ja	O
ni	NORM_1WORD
echt	O
romantisch	O
tbh	O
tgaat	NORM_2WORD
over	O
een	O
fucking	O
moordenaar	O

@RobLeemhuis	O
Gespreid	O
bedje	O
?	O
:-)	O
Maar	O
het	O
begon	O
ruim	O
50	O
jaar	O
geleden	O
o.a.	NORM_2WORD
baltsje	NORM_1WORD
trappe	NORM_1WORD
,	O
blikspuut	O
,	O
pakketsje	NORM_1WORD
,	O
koegelen	O
,	O
landsjePik	O
.	O
#OOST	O

Omda	NORM_1WORD
ze	O
vonden	O
da	NORM_1WORD
één	NORM_1WORD
bezoek	O
aan	O
die	O
schijtplaneet	O
wel	O
genoeg	O
vinden	O
xp	O

kzout	NORM_3PLUS
ni	NORM_1WORD
wteen	NORM_1WORD
liefjuhhh	NORM_1WORD
:)	O
nog	O
ni	NORM_1WORD
buite	NORM_1WORD
geweest	O

Kijk	O
es	NORM_1WORD
naar	O
weekresult	NORM_1WORD
op	O
voetbalkrant	O
.	O

@SashaMBVBA	O
@clinelawton1	O
tis	NORM_2WORD
nie	NORM_1WORD
omda	NORM_1WORD
mijn	O
ouders	O
het	O
nie	NORM_1WORD
weten	O
,	O
dak	NORM_2WORD
er	O
wil	O
bijhoren	O
??	O
ahahahha	O
wjw	O
aub	NORM_1WORD
sluit	O
het	O
onderwerp	O
klaar	O
roken	O
wa	NORM_1WORD
is	O
da	NORM_1WORD
zelfs	O
?	O

@CorineZelf	O
@TheOllieWorks	O
Zoalsch	NORM_1WORD
de	O
ouden	O
zongen	O
:	O
"	O
Mijn	O
spelen	O
is	O
leren	O
,	O
mijn	O
leren	O
is	O
spelen	O
.	O
"	O
Eevenzogoed	NORM_1WORD
isch	NORM_1WORD
wercken	NORM_1WORD
tevensch	NORM_1WORD
speelen	NORM_1WORD
.	O

Waaaah	NORM_1WORD
zeggeej	NORM_2WORD
,	O
ik	O
was	O
al	O
aant	NORM_2WORD
slapen	O
zo	O
.	O
:)	O
Xx	O
succes	O
liefje	O

achja	NORM_2WORD
kga	NORM_2WORD
mij	O
nen	NORM_1WORD
keer	O
moete	NORM_1WORD
gaan	O
klaarmaken	O
é	O

Danku	NORM_2WORD
Schatje	NORM_1WORD
,	O
Kvondet	NORM_3PLUS
stom	O
dak	NORM_2WORD
moest	O
afleggen	O
....	O
:)	O
ik	O
wil	O
u	O
!	O
Xx	O

@frankkie12345	O
wajoo	NORM_1WORD
jj	NORM_1WORD
heb	NORM_1WORD
gwn	NORM_1WORD
avgn	O
pet	O
!	O
=p	O

Cafe	NORM_1WORD
,	O
k	NORM_1WORD
kom	O
naar	O
huis	O
sebiet	NORM_1WORD

Wsl	NORM_1WORD
vanmiddag	O
stuk	O
in	O
NRC	O
nav	NORM_3PLUS
werkbezoek	O
maandag	O
aan	O
Rdam-Charlois	NORM_3PLUS
waar	O
Poolse	O
gemeentemedewerker	O
18	O
lekgestoken	O
banden	O
kreeg	O
.	O

Vnvnd	NORM_1WORD
zin	O
om	O
ergens	O
rsca	NORM_1WORD
ajax	NORM_1WORD
te	O
gaan	O
zien	O
?	O

Kusjekus	NORM_1WORD
.	O
:)	O
Kvondet	NORM_3PLUS
echt	O
fijn	O
met	O
jou	O
vandaag	O
.	O
:)	O
en	O
gisteren	O
ook	O
hoor	O
!	O
Xx	O

Ik	O
gooi	O
mijn	O
telefoon	O
een	O
paar	O
dagen	O
in	O
een	O
hoek	O
Ik	NORM_1WORD
word	O
schijtziek	O
van	O
dat	O
gezanik	O
over	O
islam	O
.	O
En	O
diegene	O
een	O
buddy	O
willen	O
zijn	O
en	O
crowd	O
funden	O
.	O
Vlg	NORM_1WORD
mij	O
is	O
dit	O
burka	O
verbod	O
een	O
propaganda	O
stuntje	O
...	O
Kijk	O
eens	O
heeeeel	NORM_1WORD
nederland	NORM_1WORD
is	O
er	O
mee	O
bezig	O
..	O
Het	O
staat	O
lekker	O
op	O
de	O
kaart	O

RT	O
@FemkeGilis	O
:	O
soms	NORM_1WORD
herinner	O
ik	O
mij	O
ineens	O
kleren	O
die	O
ik	O
ooit	O
had	O
en	O
dan	O
denk	O
ik	O
waar	O
TF	O
zijn	O
die	O
naartoe	O
want	O
kheb	NORM_2WORD
die	O
al	O
maanden	O
niemeer	NORM_2WORD
gezien	O
like	O
they're	O
gone	O
gone	O

dimitri_mimeus	NORM_1WORD
,	O
al	O
2	O
toetsn	NORM_1WORD
ook	O
morgn	NORM_1WORD
lern	NORM_1WORD
tgn	NORM_1WORD
morgn	NORM_1WORD
:(	O

moja	NORM_2WORD
zover	O
wassek	NORM_2WORD
ook	O
aant	NORM_2WORD
denke	NORM_1WORD
mo	NORM_1WORD
kwil	NORM_2WORD
wete	NORM_1WORD
offet	NORM_2WORD
haalbaar	O
is	O

Niets	O
!	O
Lekka	NORM_1WORD
lekka	NORM_1WORD
!	O
X	O

Waarom	NORM_1WORD
da	NORM_1WORD
,	O
ist	NORM_2WORD
daar	O
ni	NORM_1WORD
plezant	O
mss	NORM_1WORD
?	O

enneuh	NORM_1WORD
die	O
mense	NORM_1WORD
hebbe	NORM_1WORD
geen	O
hande	NORM_1WORD
aan	O
un	NORM_1WORD
lijf	O
?	O

Euhm	O
,	O
kdenket	NORM_3PLUS
niet	O
,	O
nog	O
niet	O
...	O
;)	O

zoekt	NORM_1WORD
vriende	NORM_1WORD
!	O
tss	NORM_1WORD
20	O
-28	O
..	O
gwne	NORM_1WORD
toffe	O
babbel	O
gn	NORM_1WORD
seksgedoe	O
!!	O

@Mirbak	O
aaahhh	O
afkicken	O
!	O
Jaa	NORM_1WORD
maaar	NORM_1WORD
waaar	NORM_1WORD
kan	O
ik	O
werken	O
jongeen	NORM_1WORD
????	O

Roen	O
frietjes	O
aant	NORM_2WORD
eten	O
?	O

RT	O
@solidariteit	O
:	O
Lees	O
@SolidariDirk	O
se	O
mediatoespraak	O
:	O
"	O
#Denel	O
werknemers	O
is	NORM_1WORD
die	NORM_1WORD
slagoffers	NORM_1WORD
van	O
roekelose	NORM_1WORD
bestuur	O
en	O
staatskaping	O
.	O

Vanav	NORM_1WORD
spreekt	O
2e	O
Kamer	O
over	O
aanscherping	O
prostitutiewet	O
.	O
Ik	O
ben	O
voor	O
hogere	O
mimimumleeftijd	O
,	O
registratieplicht	O
,	O
aanpakken	O
bordeeleigenaren	O

@jeroenooms	O
Jah	NORM_1WORD
Jah	NORM_1WORD
Jeroentjuh	O
,	O
tijd	O
voor	O
un	NORM_1WORD
fillumpjuh	NORM_1WORD
!	O
#samsonstem	O

RT	O
@b1tchuth0ught	O
:	O
Wlhteh	O
my	NORM_1WORD
mans	NORM_1WORD
moet	O
later	O
regelen	O
dat	O
de	O
dag	O
dat	O
die	O
me	O
gaat	O
vragen	O
,	O
dat	O
ik	O
er	O
dan	O
zo	O
fine	O
uitzie	O
,	O
hij	O
moet	O
maar	O
liegen	O
dat	O
we	O
naar	O
een	O
chique	O
restaurant	O
gaan	O
ofzo	O
en	O
dat	O
ik	O
me	O
echt	O
echt	O
moet	O
opmaken	O
.	O
Kijk	O
how	O
cute	O
they	O
both	O
look	O
????	O

warr	NORM_1WORD
zittn	NORM_1WORD
jullie	O

kem	NORM_1WORD
nja	NORM_1WORD
groente	O
tege	NORM_1WORD
gekome	NORM_1WORD
xp	O

euh	NORM_1WORD
,	O
kwas	NORM_2WORD
afleveringske	NORM_1WORD
buiten	O
de	O
zone	NORM_1WORD
aant	NORM_2WORD
zien	O
ondertusse	NORM_1WORD
:p	O

RT	O
@yuki_binladen	O
:	O
Mijn	O
moeder	O
belt	O
me	O
net	O
3x	NORM_2WORD
op	O
whats	O
app	O
.	O
Ik	O
denk	O
damn	O
lame	O
snel	O
terugbellen	O
,	O
want	O
er	O
zal	O
vast	O
iets	O
zijn	O
..	O
kunnen	NORM_1WORD
jullie	O
je	O
voorstellen	O
dat	O
deze	O
vrouw	O
me	O
alleen	O
belde	O
om	O
te	O
zeggen	O
dat	O
m’n	NORM_1WORD
profielfoto	O
lelijk	O
is	O
en	O
ik	O
het	O
moest	O
veranderen	O
omdat	O
ik	O
er	O
veel	O
te	O
oud	O
op	O
leek	O
?	O

@chrishottentot	O
@nico61	O
vaut	O
meot	NORM_1WORD
tog	NORM_1WORD
med	NORM_1WORD
uhn	NORM_1WORD
d	O
?	O
dhus	NORM_1WORD
vaud	O
?	O

want	NORM_1WORD
mijzelf	O
kank	NORM_2WORD
niej	NORM_1WORD
maken	O
en	O
hebek	NORM_2WORD
niej	NORM_1WORD
gdn	NORM_1WORD
ook	O
:o	O

ist	NORM_2WORD
ni	NORM_1WORD
goe	NORM_1WORD
mss	NORM_1WORD
da	NORM_1WORD
ze	O
tegen	O
jou	O
ligt	O
triske	NORM_1WORD
82	O
?	O

Neeee	NORM_1WORD
!	O
Dood	O
aan	O
de	O
Jellyfish	O
!!	O
Sterkte	O
kindja	NORM_1WORD
.	O
X	O

@Djuzztin	O
@Pimazing2	O
@ThomasSapling	O
Ik	O
heb	O
de	O
Samsung	O
A20e	O
van	O
2017	O
en	O
ik	O
krijg	O
hm	NORM_1WORD
dr	NORM_1WORD
gwn	NORM_1WORD
makkelijk	O
uit	O

@jjvpeperstraten	O
@frankgbosman	O
thnx	NORM_1WORD
.	O
Subsistit	O
betekent	O
iig	NORM_3PLUS
:	O
kerk	O
en	O
rkk	NORM_1WORD
zijn	O
niet	O
tzelfde	NORM_1WORD
.	O
143	O
theologen	O
kunnen	O
dus	O
ook	O
een	O
discussie	O
1	O
/	O
2	O

seg	NORM_1WORD
Dobby_Afk	O
kheb	NORM_2WORD
der	NORM_1WORD
een	O
kanaal	O
eh	O
op	O
joetjoep	O
:p	O
Oow	O
fuck	O
.	O
Ik	O
vergeet	O
iets	O
!	O
GEFELICIFLAPSTAART	NORM_1WORD
!!!	O
veel	NORM_1WORD
plezier	O
strax	NORM_1WORD
!!	O

Kut	O
.	O
Verkouden	O
.	O
Kzal	NORM_2WORD
er	O
wss	NORM_1WORD
nie	NORM_1WORD
bij	O
kunnen	O
zijn	O
vandaag	O
:-(	O

@goedemorgenman	O
@__Vero__o	O
@Hans_Huls	O
@marcodeboer	O
@trema_nl	O
@vester71	O
@eduardschaepman	O
@DercoT	O
@verhagen	O
@Ivan_Bart	O
@scubaly	O
GDM	NORM_1WORD
prttig	NORM_1WORD
dg	NORM_1WORD
!	O

ik	NORM_1WORD
gn	NORM_1WORD
slapen	O
wnt	NORM_1WORD
dees	NORM_1WORD
kank	NORM_2WORD
ni	NORM_1WORD
zien	O
:p	O

als	NORM_1WORD
ik	O
het	O
nt	NORM_1WORD
vergeet	O
breng	O
ik	O
em	NORM_1WORD
mee	O

ssshhhtttt	NORM_1WORD
kwas	NORM_2WORD
op	O
mene	NORM_1WORD
denkbeeldige	O
privè	O
aant	NORM_2WORD
wachte	NORM_1WORD
:	O
lol	O
:	O

Jep	NORM_1WORD
volg	O
em	NORM_1WORD
!	O
Zie	O
je	O
zo	O
!	O
X	O

Okido	NORM_1WORD
.	O
Duur	O
,	O
maar	O
okido	NORM_1WORD
..	O
ik	NORM_1WORD
hoor	O
t	NORM_1WORD
wel	O
..	O

Jaaaah	NORM_1WORD
,	O
ik	O
vertrek	O
als	O
mijn	O
glas	O
leeg	O
is	O
.	O
:)	O
Xx	O

FoxFire	O
zedde	NORM_1WORD
weeral	NORM_1WORD
groepkes	NORM_1WORD
ant	NORM_2WORD
maken	O
jaa	NORM_1WORD
:(	O

miss	NORM_1WORD
wij	O
kunne	NORM_1WORD
daar	O
goe	NORM_1WORD
tege	NORM_1WORD
zenne	O
:)	O
titties	O
een	NORM_1WORD
boobz	O
enzow	NORM_1WORD
:p	O

Aja	NORM_1WORD
just	NORM_1WORD
!	O
Volledig	O
vergeten	O
.	O
Wer	NORM_1WORD
zitte	NORM_1WORD
gulder	NORM_1WORD
?	O
Mimosa	O
?	O

@DDaanV	O
ojaa	NORM_1WORD
#boutzooi	O
zulle	NORM_1WORD
wij	O
dn	NORM_1WORD
mr	NORM_1WORD
ff	NORM_1WORD
maile	NORM_1WORD
?	O
=p	O

@MickvanAbeelen	O
joaah	NORM_1WORD
=D	O
hijs	NORM_2WORD
fckin	O
moooii	NORM_1WORD
!!	O
:P	O
fckin	O
snel	O
ook	O
xD	O

Nav	NORM_3PLUS
een	O
artikel	O
in	O
oa	NORM_2WORD
het	O
AD	O
is	O
er	O
veel	O
te	O
doen	O
over	O
de	O
mogelijkheid	O
van	O
burgerarrest	O
bij	O
constatering	O
v	NORM_1WORD
overtreding	O
vh	NORM_2WORD
boerkaverbod	O
.	O
Hier	O
de	O
criteria	O
die	O
gelden	O
bij	O
een	O
burgerarrest	O
.	O
Conclusie	O
:	O
het	O
risico	O
daarbij	O
een	O
strafblad	O
op	O
te	O
lopen	O
is	O
niet	O
gering	O
.	O

mss	NORM_1WORD
wel	O
ma	NORM_1WORD
we	O
gaan	O
eerst	O
onze	O
innerlijke	O
mens	O
verwarmn	NORM_1WORD

dn	NORM_1WORD
ist	NORM_2WORD
gwn	NORM_1WORD
ni	NORM_1WORD
dn	NORM_1WORD
tijd	O
ervoor	O
:)	O

Rond	O
oe	NORM_1WORD
laat	O
zalt	NORM_2WORD
zijn	O
?	O

@DDaanV	O
dats	NORM_2WORD
genaait	NORM_1WORD
dann	NORM_1WORD
:P	O
ja	NORM_2WORD
jj	NORM_1WORD
heb	NORM_1WORD
t	NORM_1WORD
iig	NORM_3PLUS
geprobeerd	O

kmoe	NORM_2WORD
nt	NORM_1WORD
verre	NORM_1WORD
gn	NORM_1WORD
ik	O
in	O
velzeke	O
ister	O
wss	NORM_1WORD
nog	O
plekke	NORM_1WORD
:p	O

@JH_L	O
-	O
Da's	NORM_2WORD
semi-effectief	O
.	O
Voor	O
lul	O
staan	O
werkte	O
mijn	O
insziens	O
beter	O
;p	O
#ouderwets	O

Pepsi	O
,	O
Kben	NORM_2WORD
al	O
int	NORM_2WORD
centrum	O

ahja	NORM_1WORD
sweety	O
-3358	O
idd	NORM_1WORD
da's	NORM_2WORD
dus	O
lang	O
geleje	NORM_1WORD
:p	O

idd	NORM_1WORD
...	O
kheb	NORM_2WORD
et	NORM_1WORD
wel	O
laten	O
weten	O
aan	O
els	O

@HelaasPindakaas	O
yaaaaay	NORM_1WORD
=o	O
ik	O
ben	O
morge	NORM_1WORD
jarig	O
:P	O
ik	O
bn	NORM_1WORD
lkkr	NORM_1WORD
eerder	O
(A)	O

Dese	NORM_1WORD
kortingscaarten	NORM_1WORD
sijn	NORM_1WORD
wel	O
goet	NORM_1WORD
neederlants	NORM_1WORD
geschrijvt	NORM_1WORD
naar	O
welke	O
vooestelling	NORM_1WORD
wil	O
jei	NORM_1WORD
?	O
http://twitpic.com/3hut06	O

Kga	NORM_2WORD
me	O
wss	NORM_1WORD
trg	NORM_1WORD
rolle	NORM_1WORD
vant	NORM_2WORD
lachn	NORM_1WORD

kga	NORM_2WORD
nen	NORM_1WORD
kinder	NORM_1WORD
bueno	NORM_1WORD
eten	O
neh	NORM_1WORD

sffs	NORM_1WORD
ff	NORM_1WORD
slape	NORM_1WORD
,	O
en	O
tege	NORM_1WORD
de	O
middag	O
trg	NORM_1WORD
eruit	O
:)	O

@Nykdevries	O
hat	NORM_1WORD
aardich	NORM_1WORD
wat	O
optredens	O
dizze	NORM_1WORD
simmer	NORM_1WORD
,	O
ûnder	NORM_1WORD
oaren	NORM_1WORD
yn	NORM_1WORD
Amsterdam	O
op	O
it	NORM_1WORD
Wilhelmina	O
Huiskamerfestival	O
yn	NORM_1WORD
Amsterdam	O
west	O
.	O
https://t.co/37cMBhcqSX	O

op	NORM_1WORD
nen	NORM_1WORD
oude	O
velo	O
moete	NORM_2WORD
lere	NORM_1WORD
rijde	NORM_1WORD
hebbe	NORM_1WORD
ze	O
me	O
ooit	O
gzegd	NORM_1WORD

@RolandEngelen	O
@DianaSmeeman	O
@heidiwils	O
Nunnónt	O
,	O
zou	O
'k	NORM_1WORD
zeggen	O
.	O
'k	NORM_1WORD
Heb	NORM_1WORD
nunnónt	O
,	O
twii	NORM_1WORD
knèèn	NORM_1WORD
en	O
drie	O
knorriepietjes	O
.	O

Weet	O
wel	O
,	O
kben	NORM_2WORD
net	O
mn	NORM_1WORD
gsm	O
aant	NORM_2WORD
testen	O
.	O
:)	O

nja	NORM_1WORD
ghost	O
kzen	NORM_2WORD
goe	NORM_1WORD
opgevoed	O
dus	O
ik	O
antwoord	O
als	O
ze	O
iet	NORM_1WORD
vragen	O
eh	O
:p	O

Gy	NORM_1WORD
loopt	O
wss	NORM_1WORD
wel	O
.	O
veel	NORM_1WORD
beter	O
dan	O
ik	O
:p	O

vanavnd	NORM_1WORD
iets	O
drinkn	NORM_1WORD
?	O

Tis	NORM_2WORD
hier	O
een	O
zottekot	O
.	O
En	O
khad	NORM_2WORD
al	O
koppijn	O

nja	NORM_1WORD
srr	NORM_1WORD
voor	O
foute	NORM_1WORD
he	O
ma	NORM_1WORD
kzen	NORM_2WORD
wa	NORM_1WORD
zattekes	NORM_1WORD
aant	NORM_2WORD
geraken	O
:p	O

ach	NORM_1WORD
,	O
kzoud	NORM_3PLUS
ookwel	NORM_2WORD
fijn	O
vinde	NORM_1WORD
moestek	NORM_2WORD
vriendin	O
vn	NORM_1WORD
venezuela	NORM_1WORD
es	NORM_1WORD
tegekome	NORM_1WORD
:)	O

mja	NORM_2WORD
Jessii	O
tzal	NORM_2WORD
voor	O
volgend	O
weekend	O
zijn	O
vrees	O
ik	O
zenne	O
:p	O
mja	NORM_2WORD
khem	NORM_2WORD
men	NORM_1WORD
best	O
gedaan	O
zenne	O
:p	O

@Jay_du_Plessis	O
More	O
Jay	O
hoe	O
gaan	NORM_1WORD
dit	NORM_1WORD
vandag	NORM_1WORD
👍👍🙏🙏	O
my	NORM_1WORD
Ma	O
en	O
Pa	O
is	NORM_1WORD
baie	O
lief	O
vir	NORM_1WORD
jou	O
musiek	NORM_1WORD
.	O
Maar	O
is	O
ook	O
self	NORM_1WORD
werkloos	O

Jaja	NORM_1WORD
Merci	O
.	O
Twas	NORM_2WORD
voor	O
winterbanden	O
.	O

@Richard3332	O
ooh	NORM_1WORD
die	O
fotoo	NORM_1WORD
xD	O
jaa	NORM_1WORD
die	O
zagk	NORM_2WORD
eers	NORM_1WORD
=p	O
een	O
beetje	O
smeri	NORM_1WORD
tbh	O
xD	O

Hoeist	NORM_3PLUS
meisje	O
?	O
Goeie	O
stage	O
terugkomdag	O
gehad	O
?	O
Xje	NORM_1WORD

fastjeee	NORM_1WORD
:(	O
me	O
groepslede	NORM_1WORD
guan	NORM_1WORD
massaskwaad	O
worde	NORM_1WORD
op	O
mij	O
denk	O
ik	O
:D	O

Neeje	NORM_1WORD
,	O
anneleen	NORM_1WORD
moest	O
weg	O
vnvnd	NORM_1WORD
.	O
Zit	O
thuis	O
.	O

Ok	NORM_1WORD
.	O
Zal	O
smsn	NORM_1WORD
nr	NORM_1WORD
jeurn	NORM_1WORD
en	O
oor	O
.	O

Kzal	NORM_2WORD
vanavond	O
eens	O
kijken	O
wanneer	O
dat	O
lukt	O
vr	NORM_1WORD
je	O
kast	O
...	O
groetjes	NORM_1WORD
,	O
dokus	O

@GKorstanje	O
D66	O
voor	O
afschaffing	O
Prov.	NORM_1WORD
Wel	NORM_1WORD
meedoen	O
zolang	O
Prov.	NORM_1WORD
nog	O
bestaat	O
dus	O
goede	O
vertegenwoordiging	O
in	O
2e	O
én	NORM_1WORD
1e	O
Kamer	NORM_1WORD
nodig	O
@Apechtold	O

ni	NORM_1WORD
zo	O
snel	O
type	NORM_1WORD
ikkan	NORM_2WORD
ni	NORM_1WORD
mer	NORM_1WORD
volge	NORM_1WORD
mense	NORM_1WORD
xo	O

Mogguh	NORM_1WORD
!	O
Verkeersinfo	NORM_1WORD
tegenwoordig	O
in	O
vertragingsminuten	O
ipv	NORM_3PLUS
km.	NORM_1WORD
Wel	O
ff	NORM_1WORD
wennen	O
!	O
Handig	O
???	O

Vanavond	O
fractievergadering	O
@D66Nijmegen	O
.	O
Woensdag	O
a.s.	NORM_1WORD
weer	O
#raad024	O
over	O
oa	NORM_2WORD
Rapiditas	O
(	O
opblaashal	O
)	O
.	O
Nog	O
geen	O
collegestukken	O
helaas	O
...	O

cavakes	NORM_1WORD
:)	O
kgan	NORM_2WORD
et	NORM_1WORD
ook	O
ni	NORM_1WORD
alty	NORM_1WORD
wete	NORM_1WORD

Geen	O
probleem	O
.	O
Bewaar	O
wel	O
'n	NORM_1WORD
stuk	O
.	O
X	O
,	O
D.	O

Om	O
oe	NORM_1WORD
laat	O
spreekte	NORM_2WORD
af	O
?	O

bwoa	NORM_1WORD
kheb	NORM_2WORD
2	O
weken	O
ne	NORM_1WORD
goeie	O
gezien	O
mor	NORM_1WORD
kzen	NORM_2WORD
zenne	NORM_1WORD
naam	O
kwjt	NORM_1WORD
:(	O

Energie-intercommunale	O
Infrax	O
geeft	O
groot	O
feest	O
met	O
Leyers	O
en	O
Michiels	O
voor	O
politici	O
.	O
Energiefactuur	O
stijgt	O
ondertss	NORM_1WORD
met	O
30%	O
!	O
fdw.nu	O

dimi	NORM_1WORD
wrm	NORM_1WORD
antw	NORM_1WORD
je	O
nu	O
ni	NORM_1WORD
allez	O

Met	O
@anneveling	O
elkaar	O
associatief	O
aan	O
het	O
bekogelen	O
met	O
spelvaudten	NORM_1WORD
.	O
De	O
ergste	O
vondsten	O
:	O
beina	NORM_1WORD
,	O
verkeers	NORM_1WORD
,	O
begreipen	NORM_1WORD
,	O
aangefen	NORM_1WORD
.	O

RT	O
@Ernesto_Watt	O
:	O
De	O
upper-class	O
wil	O
terug	O
naar	O
de	O
goeie	O
oude	O
tijd	O
..	O
Waar	O
99%	O
vd	NORM_2WORD
bevolking	O
klootjesvolk	O
is	O
die	O
moet	O
knikken	O
en	O
blij	O
zijn	O
om	O
wat	O
graantjes	O
te	O
krijgen	O
vd	NORM_2WORD
rijken	O
..	O
De	O
Groenen	O
gaan	O
dit	O
bewerkstelligen	O
dr	NORM_1WORD
miljarden	O
uit	O
onze	O
zakken	O
te	O
kloppen	O
om	O
onnozele	O
klimaatprojecten	O
te	O
bekostigen	O
..	O
https://t.co/h68hn8kBIY	O

Oilsjt	O
,	O
stad	O
van	O
m'n	NORM_1WORD
dromen	O
..!	O

@jndkgrf	O
@laviejanroos	O
@MattHallmann	O
Hl	NORM_1WORD
jmmr	NORM_1WORD
dt	NORM_1WORD
n	NORM_1WORD
jngn	NORM_1WORD
vn	NORM_1WORD
ht	NORM_1WORD
vlk	NORM_1WORD
zch	NORM_1WORD
z	NORM_1WORD
ltir	NORM_1WORD
pstlt	O
#etenindeduurstetentendannietvertellenwaar	O

seg	NORM_1WORD
mijn	O
afkotinge	NORM_1WORD
ni	NORM_1WORD
gaan	O
verbetere	NORM_1WORD
eh	O

mja	NORM_2WORD
...	O
het	NORM_1WORD
persoonlijk	O
vasthoude	NORM_1WORD
zalk	NORM_2WORD
ma	NORM_1WORD
ni	NORM_1WORD
voorstelle	NORM_1WORD
,	O
haha	O
:d	O

Een	O
spoiler	O
.	O
Zodat	O
andere	O
midlifecrisis	O
Tesla	O
belieber	O
mannen	O
kunnen	O
zien	O
(	O
héél	NORM_1WORD
belangrijk	O
op	O
de	O
Tesla	O
apenrots	O
;))	O
dat	O
je	O
15	O
mille	NORM_1WORD
méér	NORM_1WORD
betaalde	O
voor	O
zelfde	O
El	O
Cheapo	O
meukmotortje	O
.	O
Maar	O
voor	O
paar	O
seconden	O
toch	O
'	O
King	O
of	O
Traffic	O
Light	O
Sprints	O
'	O
kunt	O
zijn	O
.	O
Yay	O
!	O
Affijn	O
.	O
Jaar	O
later	O
:	O
https://t.co/yk3BP3OxHi	O

Oi	NORM_1WORD
,	O
wa's	NORM_2WORD
da	NORM_1WORD
nou	O
;	O
toch	O
ginne	NORM_1WORD
mexicaanse	NORM_1WORD
?	O
Beterschap	O
;)	O

Ja	O
,	O
kdacht	NORM_2WORD
gewoon	O
om	O
noggis	NORM_2WORD
te	O
babbelen	O
.	O
:D	O

RT	O
@jan_snauwaert	O
:	O
Bovendien	O
zorgt	O
dat	O
idd	NORM_1WORD
vr	NORM_1WORD
een	O
kettingreactie	O
.	O
Een	O
positieve	O
(	O
wel	O
"	O
postief	O
"	O
in	O
regeltechnische	O
betekenis	O
)	O
feedback-loop	O
heet	O
dat	O
.	O
Erg	O
huiveringwekkend	O
.	O
Het	O
gaat	O
veel	O
sneller	O
de	O
héééél	NORM_1WORD
slechte	O
kant	O
op	O
.	O
https://t.co/u4QWuQZmfg	O

Haha	O
,	O
ik	O
doe	O
idd	NORM_1WORD
altijd	O
bobbys	NORM_1WORD
denkek	NORM_2WORD
.	O
:)	O

Jaaaaa	NORM_1WORD
.	O
Wa	NORM_1WORD
nog	O
aant	NORM_2WORD
doen	O
mss	NORM_1WORD
?	O

warom	NORM_1WORD
jij	O
knuffie	O
niet	O
aan	O
kan	O
,	O
vrag	NORM_1WORD
het	O
har	NORM_1WORD
zelf	O
wees	O
'n	NORM_1WORD
grote	O
jongen	O
mysterym	NORM_1WORD

@DDaanV	O
aaaaight	NORM_1WORD
!	O
Fuckin	O
pro	O
man=p	NORM_2WORD
en	O
jaa	NORM_1WORD
dn	NORM_1WORD
zou	O
ik	O
ook	O
mr	NORM_1WORD
gaan	O
slape	NORM_1WORD
xD	O

wss	NORM_1WORD
wa	NORM_1WORD
pillekes	NORM_1WORD
pakke	NORM_1WORD
of	O
lijntje	O
snijve	NORM_1WORD
moordgrietje	O
??	O

@Forced1988	O
aaight	NORM_1WORD
niice	O
man	O
hoezee	NORM_1WORD
tog	NORM_1WORD
nog	O
vakantiee	NORM_1WORD
!!	O
=p	O

we	NORM_1WORD
hebbn	NORM_1WORD
geen	O
kadootje	NORM_1WORD
maar	O
wulle	NORM_1WORD
gaan	O
...	O
tot	NORM_1WORD
sebiet	NORM_1WORD
!	O

Idd	NORM_1WORD
,	O
Roen	O
in	O
shock	O
?	O

phuht	NORM_1WORD
,	O
kben	NORM_2WORD
ziek	O
ant	NORM_2WORD
worde	NORM_1WORD
denk	O
ik	O
:(	O
kzit	NORM_2WORD
mee	NORM_1WORD
braakneigingen	O
en	O
hevige	O
buikkrampen	O
:s	O

Directeur	O
,	O
fijne	O
kerst	O
!	O
Dinsdag	O
overdag	O
bakkietijd	O
?	O
Kom	O
ik	O
ff	NORM_1WORD
naar	O
Waalwijk	O
..	O
X	O

hebben	NORM_1WORD
jullie	O
gn	NORM_1WORD
zin	O
om	O
vanavnd	NORM_1WORD
iets	O
te	O
gaan	O
drinkn	NORM_1WORD
?	O

Jaja	NORM_1WORD
Kben	NORM_2WORD
al	O
thuis	O
.	O
:)	O
Kben	NORM_2WORD
loempia	O
aant	NORM_2WORD
maken	O
,	O
Njam	O
.	O

@Nextbest6	O
@9suave	O
@pietje07	O
maar	NORM_1WORD
ff	NORM_1WORD
yusu	O
dat	O
verhaal	O
kan	O
kloppen	O
tot	O
“	O
ik	O
ben	O
een	O
kind	O
van	O
de	O
duivel	O
”	O
maar	O
een	O
bijbel	O
gooien	O
en	O
dan	O
weglopen	O
à	O
la	O
boonkgang	O
is	O
toch	O
wel	O
derover	NORM_2WORD
fni	NORM_2WORD

@Duuzzzz	O
C8	O
is	O
idd	NORM_1WORD
goedkoper	O
,	O
maarrr	NORM_1WORD
...	O
Geen	O
HDMI	O
2.1	O
en	O
dus	O
wat	O
minder	O
future	O
proof	O

mysterym	NORM_1WORD
probee	NORM_1WORD
rjij	NORM_1WORD
maar	O
aan	O
'n	NORM_1WORD
numemrke	NORM_1WORD
tegeraken	NORM_2WORD
lieve	O
jongen	O

haha	O
RedBoyke	O
jamaja	NORM_2WORD
alsk	NORM_2WORD
niej	NORM_1WORD
andrs	NORM_1WORD
kan	O
zeg	O
:o	O

Welkse	NORM_1WORD
ebde	NORM_2WORD
allemaal	O
,	O
ebde	NORM_2WORD
veel	O
gedaan	O
vant	NORM_2WORD
weekend	O
?	O

@kranscoaching	O
ow	NORM_1WORD
hellup	NORM_1WORD
#plankenkoorts	O
.	O
'k	NORM_1WORD
Neem	NORM_1WORD
m'n	NORM_1WORD
laptoppie	NORM_1WORD
wel	O
mee	O
:	O
daar	O
staan	O
alle	O
pianotweets	O
op	O
...	O
#nonstop	O

@Deaurin	O
@Scarbir	O
Oke	NORM_1WORD
Oke	NORM_1WORD
Oke	NORM_1WORD
burgerking	NORM_2WORD
is	O
inderdaad	O
lekkerde	NORM_1WORD

kwil	NORM_2WORD
gerust	O
keer	O
tg	NORM_1WORD
u	O
drinken	O
fasteje	O
ge	NORM_1WORD
zult	NORM_1WORD
rap	O
sterrekes	NORM_1WORD
zien	O
peisek	O

veel	NORM_1WORD
afspraken	O
deze	O
dagen	O
.	O
zo	NORM_1WORD
naar	O
het	O
bestuur	O
Umcg	NORM_1WORD
,	O
daarna	O
naar	O
bewoner	O
Ubbo	O
Emmiussingel	O
tegenover	O
Gron	NORM_1WORD
Museum	O
,	O
daarna	O
stadhuis	O
afspr	NORM_1WORD

Mmm	O
,	O
ik	O
volg	O
effe	NORM_1WORD
niet	O
...	O
:-S	O

jaze	NORM_1WORD
,	O
zie	O
daje	NORM_2WORD
me	O
zou	O
kome	NORM_1WORD
stalke	NORM_1WORD
knuffie	O
:D	O

Ey	NORM_1WORD
,	O
ken	O
je	O
niet	O
betur	NORM_1WORD
nedurlands	NORM_1WORD
pratuh	NORM_1WORD
jonguh	NORM_1WORD
???	O
#wegmisbruikers	O

@DJ_Boy1993	O
COC	O
????	O
Ik	O
wil	O
wqel	NORM_1WORD
op	O
nivo	NORM_1WORD
meedoen	O
ja	O
.	O
Minimaal	O
Endemol	O

Ah	O
,	O
zis	NORM_2WORD
ier	NORM_1WORD
al	O
...	O

@Sanneke89	O
Iedereen	O
heeft	O
t	NORM_1WORD
druk	O
,	O
kindslodaten	NORM_1WORD
hebben	O
een	O
kutleven	O
dus	O
tkan	NORM_2WORD
erger	O
.	O
Niets	O
mis	O
met	O
mijnleven	NORM_2WORD
dus	O
ofzo	O
.	O
:D	O

meih	NORM_1WORD
:p	O
mss	NORM_1WORD
dattek	NORM_2WORD
mij	O
strak	NORM_1WORD
spelleke	NORM_1WORD
opsttart	NORM_1WORD
:p	O

dn	NORM_1WORD
blijft	O
je	O
pc	NORM_1WORD
ook	O
goe	NORM_1WORD
onderhoude	NORM_1WORD
se	O
askimm	O
,	O
hehe	O

Kom	O
geniet	O
n	NORM_1WORD
Bar	O
Lunch	O
hierdie	NORM_2WORD
Vrydag	NORM_1WORD
by	NORM_1WORD
die	NORM_1WORD
Castle	O
Deck	O
.	O
Die	O
Toyota	O
Vrystaat	NORM_2WORD
Cheetahs	O
pak	O
19:15	O
die	O
Leeus	O
aan	O
in	O
Toyota	O
Stadion	O
.	O
Kom	O
vroeg	O
en	O
geniet	O
die	O
dag	O
.	O
https://t.co/9C89HSlrvR	O

kzou	NORM_2WORD
zeggn	NORM_1WORD
kdeel	NORM_2WORD
ze	O
mr	NORM_1WORD
kan	O
ze	O
ni	NORM_1WORD
missn	NORM_1WORD
:	O
$	O

@dviate	O
knoertehardMAN	NORM_2WORD
!	O
BAM	O
!	O
lol	O
Hajje	NORM_2WORD
goe	NORM_1WORD
gedaan	O
Zikkow	O
jongeh	NORM_1WORD
!	O

kwil	NORM_2WORD
ne	NORM_1WORD
koffie	O
nemen	O
,	O
maareuh	NORM_1WORD
kdenk	NORM_2WORD
dak	NORM_2WORD
het	O
wel	O
zonder	O
zal	O
doen	O
vanaaf	NORM_1WORD

wrm	NORM_1WORD
nie	NORM_1WORD
flower	O
ben	O
euk	NORM_1WORD
bezig	O
aant	NORM_2WORD
drinke	NORM_1WORD
:)	O

Kben	NORM_2WORD
thuis	O
geraakt	NORM_1WORD
.	O
:)	O
Xx	O

Jow	NORM_1WORD
hebde	NORM_2WORD
nu	O
ne	NORM_1WORD
fiets	O
?	O

kben	NORM_2WORD
aant	NORM_2WORD
wachtn	NORM_1WORD
tot	O
wanneer	O
ik	O
kan	O
meeprate	NORM_1WORD
eh	O
:o	O

ale	NORM_1WORD
kzal	NORM_2WORD
nog	O
is	O
nen	NORM_1WORD
redbull	NORM_1WORD
drinke	NORM_1WORD
:p	O

@serge_vanpaemel	O
@Knack	O
@vrtnws	O
@demorgen	O
@destandaard	O
Op	O
ht	NORM_1WORD
vlak	O
v	NORM_1WORD
MSM	O
communicatie	O
zijn	O
we	O
ht	NORM_1WORD
Poetin	O
tijdperk	O
ver	O
voorbij	O
.	O
Poetin	O
verhult	O
niets	O
en	O
maakt	O
duidelijk	O
welk	O
wereldbeeld	O
hij	O
promoot	O
.	O
Onze	O
MSM	O
elite	O
omhult	O
zich	O
in	O
schapenvacht	O
v	O
neutraliteit	O
/	O
objectiviteit	O
maar	O
duwt	O
ons	O
de	O
gruwelijk	O
geflopte	O
groen-linkse	O
horror	O
dr	NORM_1WORD
de	O
strot	O

mense	NORM_1WORD
gaan	O
nie	NORM_1WORD
stoppe	NORM_1WORD
mee	NORM_1WORD
naar	O
cafe	NORM_1WORD
gaan	O
ze	O
omda	NORM_1WORD
ze	O
niemeer	NORM_2WORD
moge	NORM_1WORD
roken	O

ja	NORM_1WORD
effe	NORM_1WORD
slaapverhaal	O
vertelle	NORM_1WORD
vo	NORM_1WORD
sophieke	O
eh	O
lol	O

kmoet	NORM_2WORD
zoiezo	NORM_1WORD
gn	NORM_1WORD
zien	O
vriendin	O
vn	NORM_1WORD
mij	O
eeft	NORM_1WORD
sbiet	NORM_1WORD
wedstrijdje	O
kunstschaatse	NORM_1WORD
:	O
lol	O
:	O

Hoeiemorhen	NORM_1WORD
!	O
Mohen	NORM_1WORD
wij	O
deze	O
middah	NORM_1WORD
op	O
de	O
koffie	O
komen	O
?	O
Zo	O
tehen	NORM_1WORD
half	O
drie	O
,	O
drie	O
uur	O
?	O
Hroetjes	NORM_1WORD
!	O

nje	NORM_1WORD
za	NORM_1WORD
bn	NORM_1WORD
nog	O
ni	NORM_1WORD
gebete	NORM_1WORD

amai	NORM_1WORD
mn	NORM_1WORD
voete	NORM_1WORD
maandag	O
gaat	O
het	O
30	O
grade	NORM_1WORD
worde	NORM_1WORD
ofwa	NORM_1WORD

kzout	NORM_3PLUS
nie	NORM_1WORD
wete	NORM_1WORD
irnake	O
ant	NORM_2WORD
geniete	NORM_1WORD
vant	NORM_2WORD
weer	O
zeker	O

jwl	NORM_1WORD
:o	O
moe	NORM_1WORD
kik	NORM_1WORD
der	NORM_1WORD
morge	NORM_1WORD
vo	NORM_1WORD
schut	O
guan	NORM_1WORD
stoan	NORM_1WORD
fwa	NORM_1WORD
:o	O

we	NORM_1WORD
zittn	NORM_1WORD
int	NORM_2WORD
galgenhuisje	O

RT	O
@arcinho	O
:	O
Die	O
gaat	O
helemaal	O
nergens	O
heen	O
joh	O
.	O
Heeft	O
net	O
een	O
nieuwe	O
electrische	NORM_1WORD
bakfiets	O
gekocht	O
,	O
dat	O
maaltijdbox-abonnement	O
zeg	O
je	O
toch	O
ook	O
niet	O
zomaar	O
op	O
,	O
en	O
ze	O
hebben	O
al	O
geboekt	O
voor	O
Oerol	O
volgend	O
jaar	O
.	O
Schöne	O
is	O
de	O
ultieme	O
Hollandse	O
voetbalyup	O
.	O
https://t.co/ZVtKM7IIzt	O

No	O
problemo	O
.	O
Donderdagav	NORM_1WORD
.	O
Lukt	O
ook	O
nog	O
vr	NORM_1WORD
mij	O
.	O

@RoelVerrycken	O
Duid	O
eens	O
CChristie	O
tov	NORM_3PLUS
MRomney	O
en	O
RPerry	O
aub	NORM_1WORD
.	O

Aja	NORM_1WORD
,	O
leuk	O
idee	O
!	O
Mijn	O
kotgenoten	O
zullen	O
ws	NORM_1WORD
toch	O
niet	O
thuis	O
zijn	O
.	O
:-)	O

@kellyphielix	O
@vIeeseter	O
klinkt	NORM_1WORD
wel	O
zo	O
via	O
twitter	O
😔	O
en	O
van	O
is	O
het	O
niet	O
ultra	O
gay	O
als	O
in	O
pls	NORM_1WORD
vertel	O
me	O
dat	O
het	O
niet	O
zo	O
is	O
maar	O
dude	O
I	O
love	O
this	O
hair	O
sws	NORM_1WORD
deze	O
lengte	O
ook	O

sebiet	NORM_1WORD
buite	NORM_1WORD
sneeuwballe	NORM_1WORD
gooie	NORM_1WORD
naar	O
de	O
flikke	NORM_1WORD
:p	O

Kak	O
,	O
nouja	O
,	O
dan	O
binnenkort	O
maar	O
...	O
Kussie	NORM_1WORD

wrmhouden	NORM_2WORD
ze	O
die	O
zelfde	O
energy	NORM_1WORD
niet	O
bij	O
haar	O
dan	O
???	O
💀	O
zeg	O
maar	O
pretty	O
privilege	O
issa	O
thing	O
in	O
holland	NORM_1WORD
,	O
maar	O
in	O
belgië	NORM_1WORD
?	O
braddaaaaa	NORM_1WORD
,	O
als	O
je	O
mooi	O
bent	O
kan	O
je	O
nog	O
op	O
iemand	O
poepen	O
en	O
ze	O
zeggen	O
nog	O
dankjewel	O
smh	O

RT	O
@bullie_smith	O
:	O
Hier	O
word	NORM_1WORD
Suid-Afrikaanse	NORM_1WORD
onderwys	NORM_1WORD
van	O
vandag	NORM_1WORD
in	O
ń	NORM_1WORD
paar	O
minute	NORM_1WORD
opgesom	NORM_1WORD
.....😁	O
https://t.co/ZSzhLimkfW	O

Dankje	O
,	O
twas	NORM_2WORD
tof	O
om	O
te	O
doen	O
.	O
:)	O

Wa	NORM_1WORD
daje	NORM_1WORD
aant.in	NORM_2WORD
vullen	NORM_1WORD
zijt	NORM_1WORD

Vandaag	O
eerste	O
GS-vergadering	O
olv	NORM_3PLUS
kersverse	O
CdK	O
@TheoBovens	O
met	O
oa	NORM_2WORD
mijn	O
twitterende	O
collega	O
&	O
#39	O
;s	O
@AJanssenPVV	O
en	O
@PatrickvdBroeck	O

zwijge	NORM_1WORD
dan	O
kan	O
ikkeuh	NORM_1WORD
effe	NORM_1WORD
volge	NORM_1WORD
sebiet	NORM_1WORD
:p	O

Kweetni	NORM_3PLUS
,	O
we	O
eten	O
rond	O
20	O
uur	O
,	O
daarna	O
mss	NORM_1WORD
gaan	O
of	O
eerst	O
iets	O
.	O
drinken	O
.	O
:)	O

owkeeeeeee	NORM_1WORD
keb	NORM_2WORD
u	O
voor	O
iemand	O
andrs	NORM_1WORD
pit_bull	O
srry	NORM_1WORD
xD	O

jaaaa	NORM_1WORD
tzal	NORM_2WORD
wl	NORM_1WORD
ma	NORM_1WORD
u	O
lief	O
wrs	NORM_1WORD
niej	NORM_1WORD
:o	O

Rotjoch	O
neeeeeee	NORM_1WORD
neeeee	NORM_1WORD
tuurlijk	NORM_1WORD
niej	NORM_1WORD
jong	O

merci	NORM_1WORD
voo	NORM_1WORD
de	O
kadootjes	NORM_1WORD
....	O
kben	NORM_2WORD
verschrikkelijk	O
wild	O

Nieuwe	O
verslaving	O
.	O
Spel	O
south	NORM_1WORD
park	NORM_1WORD
mega	NORM_1WORD
miljonaire	NORM_1WORD

@amymeysmans	O
kijk	NORM_1WORD
nu	O
even	O
iets	O
leuk	NORM_1WORD
ofzo	O
om	O
ff	NORM_1WORD
te	O
ontspannen	O
en	O
rampscenario's	O
ff	NORM_1WORD
uit	O
te	O
schakelen	O
.	O
Onderweg	O
leuk	O
muziekje	O
opzetten	O
ofzo	O
,	O
en	O
gewoon	O
echt	O
rustig	O
in	O
en	O
uit	O
blijven	O
ademen	O

@KroosSara	O
Aanloopkat	O
.	O
Zeker	O
.	O
Zo	O
hebbie	NORM_1WORD
ook	O
doorloopkatten	O
en	O
wegloopkatten	O
.	O
Duurloopkatten	O
en	O
Leegloopkatten	O
....	O
Levensloopkatten	O
?	O

kben	NORM_2WORD
net	O
terug	O
...	O
tzal	NORM_2WORD
voor	O
deze	O
week	O
zijn	O
wellicht	O

@MeneerEnsaf	O
Gaayij	O
pm	O
de	O
braag	O
of	O
het	O
klopt	O
.	O
Telegraaf	O
iis	NORM_1WORD
meestal	O
goed	O
geinfoeerd	NORM_1WORD
.	O

Dacht	O
ik	O
wel	O
.	O
Kon	O
beter	O
nr	NORM_1WORD
voetbal	O
gn	NORM_1WORD
zien	O
..	O
hij	NORM_1WORD
is	O
uw	O
kasken	NORM_1WORD
aant	NORM_2WORD
leeghalen	O
,	O
tof	O
zicht	O
.	O

Kusjes	O
terug	O
.	O
Xxxxxx	O
ik	O
zie	O
he	NORM_1WORD
graaaag	NORM_1WORD
!	O

Magali	O
eeft	NORM_1WORD
ier	NORM_1WORD
weer	O
goe	NORM_1WORD
aar	NORM_1WORD
klapke	NORM_1WORD
gedaan	O
,	O
dien	NORM_1WORD
gast	O
nodigt	O
ier	NORM_1WORD
iedereen	O
uit	O
;p	O

Ja	O
.	O
Ik	O
kom	O
.	O
Ben	O
nog	O
ff	NORM_1WORD
aant	NORM_2WORD
kickeren	O
.	O

hier	NORM_1WORD
zulde	NORM_2WORD
wss	NORM_1WORD
ook	O
moete	NORM_1WORD
betale	NORM_1WORD
voor	O
een	O
profiel	O
ofzo	O

Heuh	O
er	O
komen	O
nu	O
ineens	O
een	O
heeeleboel	NORM_1WORD
smsjes	NORM_1WORD
aan	O
....	O

mjaaa	NORM_2WORD
pff	O
wete	NORM_1WORD
dr	NORM_1WORD
komt	O
daar	O
gwn	NORM_1WORD
niemand	O
tussen	O
...	O

HEEEEEEERluk	NORM_1WORD
gekookt	O
voor	O
Ro	O
.	O
jum	NORM_1WORD
jummmjumm	NORM_1WORD
!	O
probeerseltje	NORM_1WORD
,	O
maar	O
ik	O
moet	O
zeggen	O
:	O
terrific	O
:-))	O

kheb	NORM_2WORD
kik	NORM_1WORD
no	NORM_1WORD
tochwel	NORM_2WORD
iets	O
verschrikkellijo	NORM_1WORD
grappigs	O
gehoord	O
zekerst	NORM_1WORD
?	O

Tering	O
...	O
Wat	O
is	O
Cornald	O
Maas	O
irri	NORM_1WORD
als	O
presentatort	NORM_1WORD
zeg	O
!	O
Volgend	O
jaar	O
een	O
lekker	O
wief	NORM_1WORD
aub	NORM_1WORD
!	O
#televizierring	O

wel	NORM_1WORD
kging	NORM_2WORD
normaal	O
vanavnd	NORM_1WORD
brainstormen	O
voor	O
het	O
bouwen	O
van	O
een	O
app	NORM_1WORD

ti	NORM_2WORD
omdak	NORM_2WORD
geen	O
zukken	NORM_1WORD
droge	O
zak	O
benne	NORM_1WORD
lik	NORM_1WORD
dereste	NORM_2WORD
zkr	NORM_1WORD

zo	NORM_1WORD
wete	NORM_1WORD
de	O
oudere	O
ook	O
da	NORM_1WORD
ze	O
uit	O
mene	NORM_1WORD
pv	O
moete	NORM_1WORD
blijve	NORM_1WORD
:p	O

tkomt	NORM_2WORD
nie	NORM_1WORD
goe	NORM_1WORD
,	O
tkomt	NORM_2WORD
nie	NORM_1WORD
goe	NORM_1WORD
,	O
kvoel	NORM_2WORD
het	O

Jaaaaa	NORM_1WORD
!	O
Er	O
ligt	O
witte	O
wijn	O
kouddd	NORM_1WORD
!	O
X	O

Euhm	O
,	O
Kzit	NORM_2WORD
nog	O
altijd	O
niet	O
bij	O
ganges	O
dus	O
tzal	NORM_2WORD
zeer	O
laat	O
worden	O
lintje	O
.	O
:)	O

@beauty_freak	O
Goedzo	O
!	O
Hhahaha	O
,	O
kan	O
je	O
temiste	NORM_1WORD
nog	O
ff	NORM_1WORD
vooruit	O
.	O

@WalkintheClauds	O
nahw	NORM_1WORD
ickk	NORM_1WORD
oowk	NORM_1WORD
fn	NORM_1WORD
jau	NORM_1WORD
;	O
4	O
$	O
:$	O

Ik	O
ben	O
ik	NORM_1WORD
KH	O
.	O
Hebben	O
inderdaad	O
een	O
scannert	NORM_1WORD
.	O
Kom	O
maar	O
langs	O
!	O
X	O

Slaapwel	O
mn	NORM_1WORD
aardbei	O
.	O
X	O

Zieet	NORM_3PLUS
ni	NORM_1WORD
zitten	O
?	O

@MediaMentorMM	O
@telegraaf	O
We	O
hebben	O
1	O
leger	O
(	O
straks	O
1	O
#EU	O
leger	O
)	O
omwille	O
v	NORM_1WORD
angst	O
vr	NORM_1WORD
de	O
ander	O
;	O
waarmee	O
je	O
slotzin	O
ontkracht	O
is	O
.	O
Tevens	O
behoed	O
angst	O
je	O
vr	NORM_1WORD
schade	O
dr	NORM_1WORD
onvrijwillig	O
gelopen	O
risico	O
.	O
AvG	O
vindt	O
#burka	O
eng	O
omdat	O
er	O
geen	O
risico	O
inschatten	NORM_1WORD
mogelijk	O
is	O
;	O
terecht	O
ivm	NORM_3PLUS
exploderende	O
#boerka	O
bomgordel	O
https://t.co/z1Q6Sh8L0H	O

Jah	NORM_1WORD
,	O
die	O
moeten	O
ni	NORM_1WORD
werken	O
vandage	NORM_1WORD

Oke	NORM_1WORD
!	O
Ik	O
begrijp	O
het	O
!	O
Half	O
uurtje	O
later	O
oid	NORM_3PLUS
!?	O
Kusjes	O

Kheb	NORM_2WORD
speciaal	O
voor	O
jullie	O
vrijgemaakt	O
omdat	O
hanne	NORM_1WORD
me	O
zo'n	O
mooi	O
berichtje	O
stuurde	O
.	O
;)	O

LOL	O
.	O
Ier	NORM_1WORD
ist	NORM_2WORD
<	O
#	O
>	O
23	O
minuut	O
oleeeee	O
.	O

jaaa	NORM_1WORD
Shoukriya	O
wrm	NORM_1WORD
andrs	NORM_1WORD
om	O
monopoli	NORM_1WORD
te	O
spelen	O
?	O
:	O
s	O
:p	O

jaaaa	NORM_1WORD
pipo	O
-	O
kweetet	NORM_3PLUS
ma	NORM_1WORD
alsk	NORM_2WORD
frieten	O
niej	NORM_1WORD
kan	O
eten	O
:	O
x	O

@HelaasPindakaas	O
nou	NORM_1WORD
ieder	O
zn	NORM_1WORD
professionaliteit	O
:P	O
k	NORM_1WORD
bn	NORM_1WORD
dichterbij	O
beter(A)	NORM_2WORD
jij	O
bn	NORM_1WORD
verdr	NORM_1WORD
weg	O
beter(A)	NORM_2WORD

Wanneer	O
je	O
wil	O
,	O
Kben	NORM_2WORD
nu	O
aant	NORM_2WORD
bakken	O
.	O
:)	O

Oesje	O
spijtig	O
...	O
Kzit	NORM_2WORD
thuis	O
:-)	O

ook	NORM_1WORD
opt	NORM_2WORD
gemakske	NORM_1WORD
he	O
kem	O
genote	NORM_1WORD
vant	NORM_2WORD
goe	NORM_1WORD
weerke	NORM_1WORD
flower	O

neeje	NORM_1WORD
Bounty_V	O
kzou	NORM_2WORD
ni	NORM_1WORD
wete	NORM_1WORD
wrm	NORM_1WORD
lol	O

Eng	NORM_1WORD
3	NORM_1WORD
ltje	NORM_1WORD
oei	O
:)	O
hehe	O
omda	NORM_1WORD
em	NORM_1WORD
me	O
weeral	NORM_1WORD
verlaat	O
drm	NORM_1WORD

mijn	NORM_1WORD
thijsje	NORM_1WORD
nogwel	O
moetek	NORM_2WORD
een	O
ander	O
slachtoffeer	NORM_1WORD
gon	NORM_1WORD
zoeke	NORM_1WORD
lool	O

hehe	O
mja	NORM_2WORD
:p	O
kzou	NORM_2WORD
ni	NORM_1WORD
wete	NORM_1WORD
waar	O
ik	O
moet	O
zijn	O
se	O
;)	O

Nope	NORM_1WORD
,	O
ma	NORM_1WORD
jb	O
stelde	O
da	NORM_1WORD
voor	O

pff	NORM_1WORD
kwe	NORM_2WORD
ni	NORM_1WORD
kvoel	NORM_2WORD
my	NORM_1WORD
stom	O
iedereen	O
negeert	O
mij	O
alty	NORM_1WORD
hebt	NORM_1WORD
eigelijk	O
gn	NORM_1WORD
vriende	NORM_1WORD
:(	O

Witnie	NORM_2WORD
...	O
Kwou	NORM_2WORD
wel	O
eerst	O
even	O
bij	O
Persoon	O
29	O
langs	O
,	O
en	O
misschien	O
bij	O
haar	O
eten	O
?	O

RT	O
@_janpostma_	O
:	O
Trump	O
tweet	O
over	O
de	O
ratten	O
en	O
muizen	O
in	O
Baltimore	O
.	O
Het	O
bedrij	NORM_1WORD
van	O
zijn	O
schoonzoon	O
en	O
Witte	O
Huis-adviseur	O
Jared	O
Kushner	O
verhuurt	O
duizenden	O
huizen	O
in	O
Baltimore	O
.	O
Bewoners	O
klagen	O
er	O
over	O
lekkage	O
,	O
achterstallig	O
onderhoud	O
en	O
..	O
muizen	O
.	O
https://t.co/ApnZAKPe1V	O

kben	NORM_2WORD
nieuw	O
en	O
ksnap	NORM_1WORD
ht	NORM_1WORD
ng	NORM_1WORD
ni	NORM_1WORD
goe	NORM_1WORD

RT	O
@DuBoyKermit	O
:	O
PATTA	NORM_1WORD
JACKA	NORM_1WORD
IETS	NORM_1WORD
TE	NORM_1WORD
WEINIG	NORM_1WORD
MONNIE	NORM_1WORD
IN	NORM_1WORD
ME	NORM_1WORD
ZAKKEN	NORM_1WORD
MAAR	NORM_1WORD
DAT	NORM_1WORD
MAAKT	NORM_1WORD
NIET	NORM_1WORD
UIT	NORM_1WORD
DAT	NORM_1WORD
MAAKT	NORM_1WORD
VANDAAAAAAG	NORM_1WORD
NIET	NORM_1WORD
UITTTTTTT	NORM_1WORD

dak	NORM_2WORD
t	NORM_1WORD
niej	NORM_1WORD
weet	O
thaha	NORM_1WORD
eentje	O
dat	O
gaan	O
naderlents	NORM_1WORD
kend	NORM_1WORD
;o	O

gn	NORM_1WORD
probleem	O
tzal	NORM_2WORD
voor	O
vanavnd	NORM_1WORD
zijn	O

@HelaasPindakaas	O
@forced1988	O
@ddaanv	O
@spartan23r	O
@kyrosyves	O
volges	NORM_1WORD
mij	O
gaan	O
heel	O
weinig	O
mensen	O
ut	NORM_1WORD
afhebbe	NORM_1WORD
ofzo	O
=p	O
gwn	NORM_1WORD
een	O
voorgevoel(a)	NORM_2WORD

Waaaaaaah	O
,	O
kheb	NORM_2WORD
vlinders	O
in	O
mijn	O
buik	O
door	O
uw	O
ochtendkusjes	O
!	O
Mss	NORM_1WORD
moet	O
ik	O
ze	O
eens	O
komen	O
bekijken	O
merg	O
een	O
gastroscopie	O
.	O
:)	O

Hihi	O
,	O
kheb	NORM_2WORD
mij	O
keihard	O
overslapen	NORM_1WORD
:-)	O

graag	NORM_1WORD
maar	O
kben	NORM_2WORD
doodmoe	O
...	O
donderdagavnd	NORM_1WORD
?	O

alsk	NORM_2WORD
knuffkes	NORM_1WORD
krijg	O
van	O
DragonsFire	O
kan	O
mene	NORM_1WORD
dag	O
ook	O
nimer	NORM_2WORD
stuk	O
:)	O

@tea_girl	O
Ik	O
vind	O
het	O
zo	O
sneu	O
.	O
Voor	O
jullie	O
én	NORM_1WORD
voor	O
Okki	O
.	O
Zhe	NORM_1WORD
heeft	O
zich	O
ws	NORM_1WORD
teruggetrokken	O
in	O
een	O
hoekje	O
omdat	O
ze	O
ziek	O
is	O
.	O
knuff	NORM_1WORD

mo	NORM_1WORD
jong	O
'k	NORM_1WORD
toch	O
,	O
davoor	NORM_1WORD
ziej	NORM_2WORD
te	O
loate	NORM_1WORD
wi	O

kheb	NORM_2WORD
ze	O
doorgemaild	O
naar	O
uj	NORM_1WORD
hotmail	O
...	O
tzij	NORM_2WORD
vier	O
mails	O

ben	NORM_1WORD
vantweekend	NORM_3PLUS
tege	NORM_1WORD
gehoude	NORM_1WORD
amai	O
wa	NORM_1WORD
ik	O
allemaal	O
moeste	NORM_1WORD
doene	NORM_1WORD
nie	NORM_1WORD
nrml	NORM_1WORD

Wat	O
'n	NORM_1WORD
bof	O
:	O
gedreven	O
Kruiskerkgemeente	O
,	O
jongerenwerker	O
,	O
voltallige	O
kerkenraad	O
,	O
cantorij	O
,	O
cantrix	O
,	O
enz.	NORM_1WORD
enz.	NORM_1WORD
Dank	NORM_1WORD
!	O

@admirael	O
Ook	O
ghoeden	NORM_1WORD
morghen	NORM_1WORD
Capitano	O
.	O
Weeghens	NORM_1WORD
importante	NORM_1WORD
beezigheeden	NORM_1WORD
ietwat	NORM_1WORD
laeter	NORM_1WORD
maer	NORM_1WORD
niet	O
minder	O
ghemeend	NORM_1WORD
.	O
1	O
/	O

Tzal	NORM_2WORD
weer	O
2de	O
u	NORM_1WORD
worden	O
:-P	O

Neeneen	NORM_1WORD
,	O
ma	NORM_1WORD
tis	NORM_2WORD
omdat	O
ik	O
mss	NORM_1WORD
iets	O
wil	O
gaan	O
drinken	O
als	O
ik	O
op	O
tijd	O
thuis	O
ben.	O

dr	NORM_1WORD
zitte	NORM_1WORD
dure	O
spinne	NORM_1WORD
tusse	NORM_1WORD
za	O
:)	O

Xje	O
voor	O
mijn	O
mooie	O
meisje	O
!!	O
Mmmwah	O

Joepie	O
!	O
Ik	O
krijg	O
graag	O
smakkerds	NORM_1WORD
!	O
:D	O
kuskuskuskus	NORM_1WORD
knuffeeeeeeel	NORM_1WORD
!	O

Kunt	O
zien	O
daje	NORM_2WORD
mee	O
gaat	O
zuuh	O
x	O

1	O
gram	O
is	O
genoeg	O
mr.	NORM_1WORD
Pothead	O
.	O
Groetjes	O
aan	O
ketrien	O

neje	NORM_1WORD
StampGirl	O
daar	O
ist	NORM_2WORD
nog	O
te	O
vruug	NORM_1WORD
veur	NORM_1WORD

Opb	NORM_1WORD
ezoek	NORM_1WORD
bij	O
101	O
-	O
jarige	O
mevrouw	O
A.C.	O
Telgenhof	O
Oude	O
Koehorst-Klein	O
Gebbink	O
🎂	O
#heelveellkaarsjes	O
http://t.co/auP987th	O

we	NORM_1WORD
gingn	NORM_1WORD
toch	O
vrijdagavnd	NORM_1WORD
?	O

heb	NORM_1WORD
ze	O
gwn	NORM_1WORD
irl	O
gezien	O
als	O
vrienden	O
hé	O
,	O
moette	NORM_1WORD
dervoor	NORM_1WORD
toch	O
geen	O
geheim	O
hebbe	NORM_1WORD
?	O

vo	NORM_1WORD
mense	NORM_1WORD
die	O
em	NORM_1WORD
ni	NORM_1WORD
omhoog	O
krijge	NORM_1WORD
wss	NORM_1WORD

Mooie	O
vakantie	O
gehad	O
buur	NORM_1WORD
?	O
Hier	O
alles	O
lekkah	NORM_1WORD
lekkah	NORM_1WORD
!	O
Vreten	O
op	O
Aard	NORM_1WORD
..	O

Kmoet	NORM_2WORD
naar	O
den	NORM_1WORD
beenhouwer	O
.	O
Hebben	O
wij	O
nog	O
iets	O
nodig	O
?	O
Love	O
you	O
!	O

@DDaanV	O
@Chaos_Killer	O
ziet	NORM_1WORD
dr	NORM_1WORD
idd	NORM_1WORD
beswll	NORM_2WORD
fkcin	O
vet	O
uit	O
:P	O

diehardm	NORM_1WORD
vnwaar	NORM_1WORD
moete	NORM_1WORD
erges	NORM_1WORD
kome	NORM_1WORD
weetk	NORM_2WORD
hoelang	O
k	NORM_1WORD
zeker	O
moet	O
wakker	O
blijve	NORM_1WORD
^^	O

Ma	NORM_1WORD
Huh	O
,	O
kben	NORM_2WORD
ni	NORM_1WORD
mee	O
ze	O
:p	O

Sgoed	NORM_2WORD
ze	O
,	O
tzal	NORM_2WORD
wel	O
lukken	O

@HelaasPindakaas	O
vind	NORM_1WORD
ut	NORM_1WORD
een	O
btj	NORM_1WORD
tegenvallen	O
mja	NORM_2WORD
k	NORM_1WORD
speel	O
zoiso	NORM_1WORD
geen	O
7	O
uur	O
8er	NORM_1WORD
elkaar	O
=p	O

Reaper	O
bwa	O
morgen	O
gwn	NORM_1WORD
nen	NORM_1WORD
reinstall	O
doen	O
:p	O

Hé	O
Broabant	NORM_1WORD
!	O
Ge	NORM_1WORD
ken	NORM_1WORD
de	O
groete	NORM_1WORD
uut	NORM_1WORD
Sassendonk	O
krijge	NORM_1WORD
!	O
#carnaval	O

Kben	NORM_2WORD
veilig	O
op	O
kot	O
.	O
:)	O
zie	O
je	O
graaaaaaaaag	NORM_1WORD
!!!	O
Xxxxxoxoxoxoxoxo	NORM_1WORD

aje	NORM_2WORD
zin	O
ebt	NORM_1WORD
om	O
enen	NORM_1WORD
te	O
komen	O
drinkn	NORM_1WORD
spring	O
gerust	O
binn	NORM_1WORD

wrm	NORM_1WORD
jij	O
ni	NORM_1WORD
weeste	NORM_2WORD
werke	NORM_1WORD
mss	NORM_1WORD
davina	NORM_1WORD
?	O
:D	O

RT	O
@LindeVanhoorne	O
:	O
sorry	NORM_1WORD
als	O
ik	O
boos	O
ben	O
op	O
u	O
for	O
no	O
reason	O
,	O
I	O
just	O
love	O
u,	O
ik	O
werk	O
gwn	NORM_1WORD
mijn	O
frustraties	O
op	O
mensen	O
uit	O
diek	NORM_2WORD
graag	O
zie	O
sorr	NORM_1WORD

@DDaanV	O
jaa	NORM_1WORD
kvin	NORM_2WORD
gaga	NORM_1WORD
mreen	NORM_2WORD
kutkind	O
=p	O

nja	NORM_1WORD
verlof	O
moe	NORM_1WORD
wel	O
ff	NORM_1WORD
ne	NORM_1WORD
boeke	NORM_1WORD
leze	NORM_1WORD
:)	O

Jup	NORM_1WORD
:-)	O
en	O
mss	NORM_1WORD
een	O
koekske	NORM_1WORD
ofzo	O
:-D	O

Jaro	O
Redczus	O
:	O
Check	NORM_1WORD
ned	NORM_1WORD
1	O
!	O

Slaapwel	O
lieveling	O
.	O
Ik	O
zorg	O
je	O
echt	O
graaaag	NORM_1WORD
!	O
Xx	O

RT	O
@myriam_vhj	O
:	O
@RPlasterk	O
@LavieJanRoos	O
@amnestynl	O
Amnesty	O
baseert	O
haar	O
burqa	NORM_1WORD
beleid	O
op	O
het	O
oordeel	O
het	NORM_2WORD
VN-Mensenrechten	O
comité	O
De	NORM_1WORD
zittende	O
leden	O
van	O
dit	O
comité	O
zijn	O
o.a.	NORM_2WORD
Pakistan	O
,	O
Saoedie	NORM_2WORD
Arabië	O
,	O
Qatar	O
De	O
debilisering	O
gaat	O
gestaag	O
door	O
.	O

kheb	NORM_2WORD
wa	NORM_1WORD
lozerkes	NORM_1WORD
uit	O
mn	NORM_1WORD
dagboekske	NORM_1WORD

kmoe	NORM_2WORD
vanavnd	NORM_1WORD
na	NORM_1WORD
een	O
verjaardagsfeestje	O
...	O
tzal	NORM_2WORD
vo	NORM_1WORD
deze	O
week	O
zijn	O
...	O
woensdagavnd	NORM_1WORD
?	O

Eigentlijk	NORM_1WORD
ni	NORM_1WORD
.	O
Gewoon	O
een	O
ietwat	O
vervelend	O
gevoel	O
...	O

Oei	O
,	O
da	NORM_1WORD
laatstemoest	NORM_2WORD
ik	O
naar	O
mn	NORM_1WORD
broer	O
sturen	O
.	O
:)	O

Raarrr	NORM_1WORD
!	O
Bij	O
mij	O
ziet	O
het	O
smsje	NORM_1WORD
er	O
anders	O
uit	O
hoor	O
:	O
p	O
!	O
Kusje	O

we	NORM_1WORD
zijn	O
aant	NORM_2WORD
kijkn	NORM_1WORD

ik	NORM_1WORD
wil	O
sindragosa	O
eens	O
een	O
tafel	O
zien	O
afruime	NORM_1WORD
dmv	NORM_3PLUS
aan	O
het	O
tafellake	NORM_1WORD
te	O
trekke	NORM_1WORD
:p	O

Moeilijk	O
,	O
mss	NORM_1WORD
vrijdagavond	O
ff	NORM_1WORD
.	O
:)	O

Zit	O
ook	O
op	O
trein	O
.	O
Vnvnd	NORM_1WORD
geen	O
Meileken	O
.	O

Joepie	O
!	O
Dankaxb	NORM_2WORD
hij	O
radioactive	NORM_1WORD
kids	O
maken	O
.	O
:)	O

ai	NORM_1WORD
Valleke	O
tochu	NORM_2WORD
bent	O
presies	NORM_1WORD
een	O
popke	NORM_1WORD
een	O
wvl	O
schone	O

tkopke	NORM_2WORD
draait	O
soms	O
nekeer	NORM_2WORD
ebitje	NORM_2WORD
deure	NORM_1WORD
,	O
maar	O
da	NORM_1WORD
paseert	NORM_1WORD
wel	O

kvind	NORM_2WORD
velen	O
slim	O
tov	NORM_3PLUS
zizzi	O
...	O
tzal	NORM_2WORD
wel	O
aan	O
mij	O
ligge	NORM_1WORD
zeker	O
:p	O

Woensdagvond	O
tijd	O
voor'n	NORM_2WORD
spelletje	O
?	O

mmmmm	O
ben	O
dus	O
23	O
m	O
uit	O
wvl	O
mensn	NORM_1WORD
ni	NORM_1WORD
zoma	NORM_1WORD
privé	O
aub	NORM_1WORD
thx	O

Danku	NORM_1WORD
,	O
khoop	NORM_2WORD
het	O
ook	O
.	O
;)	O
gij	NORM_1WORD
ook	O
veel	O
succes	O
.	O
:)	O
x	O

Slaapwel	O
mn	NORM_1WORD
zoetie	O
.	O
X	O

zinom	NORM_2WORD
vrijdag	O
enen	NORM_1WORD
te	O
gaan	O
drinkn	NORM_1WORD
in	O
gent	NORM_1WORD
?	O

Tis	NORM_2WORD
leuk	O
...	O
khoop	NORM_2WORD
wel	O
dat	O
jij	O
nog	O
zin	O
zal	O
hebben	O
....	O
:D	O
Xx	O

kweet	NORM_2WORD
het	O
wel	O
Knuffie	O
:p	O
kheb	NORM_2WORD
zo	O
al	O
verhale	NORM_1WORD
gehoort	O
van	O
u	O
:p	O
wete	NORM_2WORD
nog	O
;)	O

awel	NORM_1WORD
koppelkes	NORM_1WORD
moetn	NORM_1WORD
in	O
bed	O
liggn	NORM_1WORD
ej	O
mmissy	O
:p	O

Kga	NORM_2WORD
mn	NORM_1WORD
best	O
doen	O
;)	O

's	NORM_1WORD
goed	O
;	O
tot	O
'n	NORM_1WORD
donderdag	O
dan	O
!	O

Goede	O
bijeenkomst	O
vsab	O
CAB	O
DMS	O
gehgad	NORM_1WORD
.	O
Goede	O
bgesluiten	NORM_1WORD
genomen	O

Thanks	O
!	O
Tgaat	NORM_2WORD
door	O
!	O

Yo	NORM_1WORD
,	O
wa	NORM_1WORD
doet	NORM_1WORD
ge	NORM_1WORD
vanavond	O
?	O
Greetz	NORM_1WORD

jah	NORM_1WORD
miss	NORM_1WORD
kwor	NORM_2WORD
iere	NORM_1WORD
gwn	NORM_1WORD
besext	O
door	O
Wollywell	O
:o	O

jip	NORM_1WORD
we	O
zulln	NORM_1WORD
n	NORM_1WORD
stuk	O
of	O
12	O
meepakkn	NORM_1WORD

deentje	NORM_1WORD
hoe	O
levensloos	NORM_1WORD
bentgy	NORM_2WORD
dan	O
welni	NORM_2WORD
?	O
;d	O

Vnvnd	NORM_1WORD
niet	O
.	O
Morgwb	NORM_1WORD

"	O
'	O
Genoeg	O
!	O
Check	O
maar	O
op	O
sneeuwhoogte.nl	O
;	O
)	O
!	O
Minstens	O
60	O
cm.	NORM_1WORD
...	O
Kus	O
'	O
"	O

dus	NORM_1WORD
belgen	NORM_1WORD
gaan	O
altijd	O
helemaaaal	NORM_1WORD
HAM	NORM_1WORD
wanneer	O
iemand	O
een	O
joke	O
maakt	O
mbt	NORM_3PLUS
geloof	O
,	O
maar	O
omdat	O
deze	O
ams	O
beetje	O
derm	O
is	O
heeft	O
ze	O
freepass	O
he	O
?	O
i	O
see	O
kanker	O
schapen	O

Hmm	O
we	O
hebben	O
ook	O
nog	O
wel	O
het	O
eea	NORM_3PLUS
aan	O
statiegeldmeuk	NORM_1WORD
staan	O
..	O

effe	NORM_1WORD
me	O
wasse	NORM_1WORD
,	O
triske	NORM_1WORD
eeft	NORM_1WORD
ne	NORM_1WORD
kus	O
gegeve	NORM_1WORD
:	O
pp	O

hehe	O
:p	O
mjah	NORM_2WORD
alst	NORM_2WORD
een	O
afscheidsfeestje	O
is	O
dan	O
magtem	NORM_3PLUS
al	O
nen	NORM_1WORD
keer	O
gek	O
doen	O

Jeej	NORM_1WORD
,	O
mss	NORM_1WORD
kanj	NORM_2WORD
in	O
mn	NORM_1WORD
valies	O
?	O
:)	O

kzal	NORM_2WORD
sebiet	O
StampGirl	O
haar	O
favo	NORM_1WORD
eten	O
is	NORM_1WORD
klaar	O
maken	O
se	O
DJFacteuR	O

Kzal	NORM_2WORD
snel	O
komen	O
.	O
:)	O
forest	NORM_1WORD
gump	NORM_1WORD
achterna	O

Khoop	NORM_2WORD
het	O
ook	O
.	O
:)	O
honeyponey	NORM_1WORD
.	O

Gawe	NORM_2WORD
vanavond	O
keer	O
coop	O
doen	O
dan	O
?	O

zullen	NORM_1WORD
mense	NORM_1WORD
met	O
handikapt	NORM_1WORD
dat	O
ze	O
ni	NORM_1WORD
zelf	O
veroorzaakt	O
hebbe	NORM_1WORD
graag	O
hore	NORM_1WORD

wie	NORM_1WORD
wiltr	NORM_2WORD
prive	NORM_1WORD
koomn	NORM_1WORD
klapn	NORM_1WORD
vn	NORM_1WORD
de	O
meiske's	NORM_1WORD

@cwuijts	O
Heee	O
Hapzoerkool	O
.	O
Ieje	O
ook	O
?	O
Ikook	NORM_2WORD
Hoelaat	O
?	O

Lieve	O
#hogeremacht	O
,	O
mag	O
ik	O
vandaag	O
m'n	NORM_1WORD
TTT	O
halen	O
en	O
morgen	O
m'n	NORM_1WORD
treinaansluiting	O
?	O
Dankuwel	O
.	O

Met	O
conversie	O
gaat	O
betreffende	O
bank	O
je	O
gepinde	O
Kuna	O
omzetten	O
naar	O
Euro	O
.	O
Letop	NORM_2WORD
tegen	O
een	O
wisselkoers	O
van	O
6,5	O
Kuna	O
voor	O
1	O
€	O
Zonder	NORM_1WORD
conversie	O
wordt	O
je	O
rekening	O
belast	O
met	O
Kuna	O
,	O
en	O
gaat	O
je	O
thuis	O
bank	O
die	O
omzetten	O
.	O
Vorige	O
jaren	O
was	O
het	O
voordeligst	O
want	O
koers	O
in	O
NL	NORM_1WORD
was	O
7,14	O

@Vossekopje	O
....	O
ssssorry	NORM_1WORD
.	O
Feestje	O
houen	NORM_1WORD
?	O
Gluhwein	O
,	O
slaapzakken	O
,	O
pretzels	O
en	O
brie-uit-een-blikje	NORM_3PLUS
?	O

Gaan	O
we	O
ne	NORM_1WORD
koekoek	O
drinken	O
bij	O
snor	O
vnvnd	NORM_1WORD
?	O
Rond	O
20	O
u	NORM_1WORD
?	O

de	NORM_1WORD
vogelkes	NORM_1WORD
doen	O
goe	NORM_1WORD
hun	O
best	O
buiten	O
,	O
amaai	O
azo	NORM_2WORD
fluitn	NORM_1WORD

:p	O
newayz	NORM_1WORD
kga	NORM_2WORD
mij	O
ene	NORM_1WORD
draaie	NORM_1WORD
kga	NORM_2WORD
mij	O
nimeer	NORM_2WORD
zo	O
vervele	NORM_1WORD

Ok	NORM_1WORD
.	O
Kzal	NORM_2WORD
mijn	O
best	O
doen	O
.	O
:)	O
doggie	O
style	O
?	O

laminuta	NORM_1WORD
blond	O
mss	NORM_1WORD
ni	NORM_1WORD
ma	NORM_1WORD
loemp	O
wss	NORM_1WORD
wel	O
:p	O

zweenie	NORM_1WORD
ofziets	NORM_2WORD
hebbe	NORM_1WORD
we	O
toen	O
uit	O
een	O
raam	O
gehange	NORM_1WORD
omdat	O
hem	O
cheate	O

alsk	NORM_2WORD
erop	O
lig	O
zalk	NORM_2WORD
zowiezo	NORM_1WORD
wel	O
beginne	NORM_1WORD
zweve	NORM_1WORD
Knuffie	O
;)	O

Bah	O
nu	O
egt	NORM_1WORD
wakker	O
:c	O
facking	O
moe	O
zometeen	O
naar	O
zuidlaren	NORM_1WORD
naar	O
pra	O
bloedprikken	O

Nee	O
,	O
1	O
maart	O
,	O
dinsdag	O
dus	O
:)	O
Maarre	NORM_1WORD
,	O
Estee	O
vraagt	O
zich	O
af	O
waar	O
je	O
blijft	O
!	O

Binne	NORM_1WORD
15	O
min	NORM_1WORD
ongeveer	O
vertrekken	O
scheetie	NORM_1WORD
.	O
Love	O
you	O
!	O

Ja	O
Lenie	O
,	O
kweet	NORM_2WORD
ook	O
wel	O
daje	NORM_2WORD
da	NORM_1WORD
ni	NORM_1WORD
ebt	NORM_1WORD
kunnen	O
kiezen	O
hé	O
...	O

kga	NORM_2WORD
mss	NORM_1WORD
nr	NORM_1WORD
afterwork	O
int	NORM_2WORD
feestp	NORM_1WORD
den	NORM_1WORD
21e	O
:p	O

@Kurt_Rogiers	O
en	O
@winelauwers	O
spelen	O
tss	NORM_1WORD
7	O
&	O
8	O
#DynasTienVoorTaal	O
nav	NORM_3PLUS
koningsdag	O
op	O
@Qmusic_BE	O

kad	NORM_2WORD
prcs	NORM_1WORD
nen	NORM_1WORD
andere	O
nickname	O
moete	NORM_1WORD
neme	NORM_1WORD
:p	O

roodje_m	NORM_1WORD
van	O
mij	O
moogde	NORM_2WORD
zunne	O
:p	O
kben	NORM_2WORD
tweekend	NORM_2WORD
toch	O
nie	NORM_1WORD
thuis	O
:p	O

@MonikaVanLaar	O
@soestjoy	O
A.	O
was	O
erg	O
commercieel	O
én	NORM_1WORD
druk	O
,	O
ondanks	O
tijddtip	NORM_1WORD
.	O
B.	O
was	O
stuk	O
rustiger	O
,	O
gelukkig	O
zónder	NORM_1WORD
gids	O
geweest	O
.	O

Jaro	O
Redczus	O
:	O
Wel	O
lache	NORM_1WORD
natuurlijk	O
,	O
met	O
een	O
grotere	O
groep	O
:)	O

ma	NORM_1WORD
kben	NORM_2WORD
eigelijk	NORM_1WORD
ng	NORM_1WORD
aant	NORM_2WORD
denken	O
ofdak	NORM_2WORD
vanaavond	NORM_1WORD
ng	NORM_1WORD
is	NORM_1WORD
zou	O
gaan	O
lopen	O
?	O

moetk	NORM_2WORD
u	O
gn	NORM_1WORD
zoeke	NORM_1WORD
tss	NORM_1WORD
die	O
40	O
gefrustreerde	O
privegesprekken	NORM_2WORD
?	O
:	O
p	O

HAHAHAH	O
KLEIR	O
kan	O
nimeer	NORM_2WORD
,	O
Twitter	O
doet	O
mij	O
elke	O
dag	O
kpl	O
das	NORM_2WORD
goe	NORM_1WORD
voor	O
de	O
gezondheid	O

jeetsels	NORM_1WORD
allen	O
wann	NORM_1WORD
nemen	O
jullie	O
de	O
trein	O
vanavnd	NORM_1WORD
?	O

keb	NORM_2WORD
teveel	O
werk	O
vo	NORM_1WORD
de	NORM_1WORD
moment	O
...	O
tzal	NORM_2WORD
vo	NORM_1WORD
nen	NORM_1WORD
amdere	NORM_1WORD
ke	NORM_1WORD
zijn	O

Okee	NORM_1WORD
ik	O
kom	O
dalijk	NORM_1WORD
naar	O
<	O
KROEGNAAM	O
>	O
.	O

Komde	NORM_1WORD
vanavond	O
een	O
pilske	NORM_1WORD
vatten	NORM_1WORD
?	O
X	O

mmissy	NORM_1WORD
zeje	NORM_2WORD
ng	NORM_1WORD
ni	NORM_1WORD
trg	NORM_1WORD
vn	NORM_1WORD
te	O
dompe	O
?	O

ff	NORM_1WORD
een	O
ucs	O
naar	O
m'n	NORM_1WORD
mattie	NORM_1WORD
fatima	O
.	O
fakaaaa	NORM_1WORD
fatimaaa	O
!!	O

we	NORM_1WORD
zijn	O
reeds	O
klaaar	NORM_1WORD
waar	O
gaan	O
we	O
drinkn	NORM_1WORD
?	O

@captboo	O
jaa	NORM_1WORD
!!	O
:P	O
pcies	NORM_1WORD
dat	O
..	O
tweetdeck	O
in	O
t	NORM_1WORD
russish	NORM_1WORD
ofzo	O
:P	O

idd	NORM_1WORD
miyanna	O
passief	O
roken	O
das	NORM_2WORD
allemaal	O
gn	NORM_1WORD
probl	NORM_1WORD
wss	NORM_1WORD
eh	O

grrr	NORM_1WORD
dan	O
hebde	NORM_2WORD
wl	NORM_1WORD
nx	NORM_1WORD
meer	O
aan	O
mij	O
ea	NORM_2WORD
:o	O

voor	NORM_1WORD
mij	O
was	O
da	NORM_1WORD
gn	NORM_1WORD
problemo	NORM_1WORD

Doen	O
dit	O
slegs	NORM_1WORD
as	NORM_1WORD
jy	NORM_1WORD
daardie	NORM_2WORD
feit	O
in	O
‘n	NORM_1WORD
artikel	O
of	O
‘n	NORM_1WORD
boek	O
kon	O
bevestig	NORM_1WORD
.	O

Brunetteke	NORM_1WORD
ziede	NORM_2WORD
ni	NORM_1WORD
goe	NORM_1WORD
mss	NORM_1WORD
;)	O

RT	O
@Mirbak	O
:	O
@Tess	O
IK	NORM_1WORD
WEEEEEET	NORM_1WORD
HETTTTTTT	NORM_1WORD
LMFAO	O
/	O
....	O
h-h-h-h	O
--	O
oookee	NORM_1WORD

@DDaanV	O
das	NORM_2WORD
beswell	NORM_2WORD
een	O
meuie	NORM_1WORD
lijst	O
=p	O
dikke	O
bashlist	O
=p	O

RT	O
@zemmelina	O
:	O
dus	NORM_1WORD
belgen	O
gaan	O
altijd	O
helemaaaal	NORM_1WORD
HAM	NORM_1WORD
wanneer	O
iemand	O
een	O
joke	O
maakt	O
mbt	NORM_3PLUS
geloof	O
,	O
maar	O
omdat	O
deze	O
ams	O
beetje	O
derm	O
is	O
heeft	O
ze	O
freepass	O
he	O
?	O
i	O
see	O
kanker	O
schapen	O
https://t.co/tPjF41lHvr	O

Enoh	O
zegt	O
:	O
Ah	O
komop	NORM_2WORD
waz	NORM_1WORD
oep	NORM_1WORD
diej	NORM_1WORD
ballllll	NORM_1WORD

laminuta	NORM_1WORD
magk	NORM_2WORD
effe	NORM_1WORD
iet	NORM_1WORD
vrage	NORM_1WORD
in	O
je	O
pv	O
??	O

Oh	O
adres	O
is	O
Prof.	NORM_1WORD
Evertslaan	O
108	O

Knuffie	O
eugm	O
ik	O
ben	O
nrmaal	NORM_1WORD
ni	NORM_1WORD
aggressief	O

amai	NORM_1WORD
poezewoeve	O
,	O
kzal	NORM_2WORD
kik	O
wel	O
bij	O
mn	NORM_1WORD
citroen	O
ds	O
3	O
blijve	NORM_1WORD
:p	O

thx	NORM_1WORD
:)	O
ik	O
heet	O
spijtig	O
gnoeg	O
ni	NORM_1WORD
zo	O
:p	O
mr	NORM_1WORD
mn	NORM_1WORD
dochter	O
zal	O
eraan	O
hangen	O
:)	O

@Elizemte	O
Vriendin	O
jy	NORM_1WORD
weet	O
dadelik	NORM_1WORD
as	NORM_1WORD
iemand	O
weet	O
wat	O
hy	NORM_1WORD
doen	NORM_1WORD
of	O
een	O
wonder	O
wat	O
hy	NORM_1WORD
doen	NORM_1WORD
.	O

B-rent	O
neh	NORM_1WORD
seves	O
een	O
3e	O
poging	O
tot	O
slape	NORM_1WORD
ja	O

mja	NORM_2WORD
zn	NORM_1WORD
battery	NORM_1WORD
wil	O
niemeer	NORM_2WORD
ipladen	NORM_1WORD
e	O

@JinekLive	O
Geen	O
enkel	O
tegen	O
geluid	O
.	O
Al	O
zouden	O
er	O
maar	O
10	O
van	O
die	O
400	O
dragers	O
gedwongen	O
worden	O
door	O
hun	O
islam	O
hubbie	O
dan	O
is	O
dat	O
al	O
een	O
reden	O
voor	O
een	O
verbod	O
.	O
Maar	O
ik	O
vrees	O
dat	O
dit	O
er	O
veel	O
meer	O
zijn	O
.	O
Fijn	O
zo'n	O
Jinek	O
de	O
ultieme	O
feministe	O
en	O
nog	O
misselijke	O
word	O
ik	O
van	O
die	O
zgn	NORM_1WORD
deugadvocaten	O

mja	NORM_2WORD
maakt	O
niet	O
echt	O
uit	O
magk	NORM_2WORD
nog	O
heeel	NORM_1WORD
effe	NORM_1WORD
prive	NORM_1WORD
kank	NORM_2WORD
het	O
zeggen	O
?	O

omg	NORM_1WORD
mysterym	O
zej	NORM_2WORD
nu	O
srieus	NORM_1WORD
daj	NORM_2WORD
op	O
cyberseks	O
zit	O
?	O
:o	O

Plus	O
,	O
frituurking	O
hiero	NORM_1WORD
.	O

neeje	NORM_1WORD
peke	O
25	O
ma	NORM_1WORD
kwas	NORM_2WORD
naar	O
Cheers	O
aan't	NORM_2WORD
zien	O
:p	O

Hau	NORM_1WORD
hil	NORM_1WORD
fil	NORM_1WORD
van	O
jau	NORM_1WORD
!	O
X	O

Waardoor	O
vragen	O
is	O
het	O
antwoord	O
moelijk	O
maar	O
wel	O
heeeel	NORM_1WORD
belangrijk	O
!!!	O
@lsz_nl	O
:	O
#zelfbeschadiging	O
:	O
hulpverlene	NORM_1WORD
…	O
(	O
cont	O
)	O
http://deck.ly	O
/	O
~	O
vGUFw	O

geen	NORM_1WORD
zin	O
om	O
vanavnd	NORM_1WORD
enen	NORM_1WORD
te	O
gaan	O
drinkn	NORM_1WORD
?	O

REVOBOY	O
23	O
M	O
komde	NORM_2WORD
eten	O
vnv	NORM_1WORD
kga	NORM_2WORD
mosselkes	NORM_1WORD
gereed	O
doene	NORM_1WORD
:p	O

Kga	NORM_2WORD
net	O
op	O
mn	NORM_1WORD
fiets	O
stappen	O
.	O
:)	O

@Janice_Tamara	O
Jongons	NORM_1WORD
,	O
jongons	NORM_1WORD
,	O
wat	O
was	O
dat	O
een	O
feestond	NORM_1WORD
samonzijn	NORM_1WORD
zeg	O
!	O

kben	NORM_2WORD
vandaag	O
de	O
hele	O
dag	O
thuis	O
dus	O
jullie	O
mogn	NORM_1WORD
gerust	O
om	O
jullie	O
bakken	O
komen	O

Huh	O
sinds	O
wanneer	O
?	O
Raarrr	NORM_1WORD
...	O

@Bea0703	O
jeej	NORM_1WORD
..	O
ff	NORM_1WORD
knuf	NORM_1WORD
doen	O
..	O
knuf	NORM_1WORD
knuf	NORM_1WORD
knuf	NORM_1WORD
knuf	NORM_1WORD
*	O
*	O
vind	O
beab	O
lief	O
*	O
#BEAB	O

stuur	NORM_1WORD
et	NORM_1WORD
in	O
een	O
smskn	NORM_1WORD
kzit	NORM_2WORD
in	O
vergadering	O

Waar	O
zitte	NORM_1WORD
?	O
Zijn	O
kermis	O
aant	NORM_2WORD
vieren	O
in	O
james	O
.	O

Kheb	NORM_2WORD
zó'n	NORM_1WORD
hekel	O
aan	O
die	O
Sloggireclames	O
RT	O
@schrijf_ster	O
@LVenselaar	O
Reclame	O
Sloggi	O
uit	O
straatbeeld	O
verbannen	O
http://telegraaf.nl/s/7231885	O

kzag	NORM_2WORD
a	O
gistere	NORM_1WORD
verschijne	NORM_1WORD
en	O
ik	O
dacht	O
ik	O
gan	NORM_1WORD
nog	O
effe	NORM_1WORD
wachte	NORM_1WORD
:p	O

ik	NORM_1WORD
stuur	O
wek	O
wek	O
eeb	NORM_1WORD
fir	O
)	O
tiitje	O
ak-ls	NORM_1WORD
je	O
dat	O
bekagrijk	NORM_1WORD
vidt	NORM_1WORD

@geertwilderspvv	O
Ik	O
zou	O
het	O
ook	O
niet	O
durven	O
word	O
ik	O
in	O
zo	O
’n	NORM_1WORD
cultuurtje	O
opgegroeid	O
en	O
als	O
ik	O
alleen	O
maar	O
dit	O
soort	O
negativiteit	O
vanuit	O
de	O
Nederlandse	O
politiek	O
krijg	O
,	O
en	O
laat	O
me	O
niet	O
beginnen	O
over	O
mensne	NORM_1WORD
die	O
vrijwillig	O
besluiten	O
boerkas	NORM_1WORD
en	O
niqaabs	O
te	O
dragen	O
zoals	O
de	O
jonge	O
dame	O
bij	O
Jinek	O

jis	NORM_1WORD
ni	NORM_1WORD
aan't	NORM_2WORD
eten	O
ze	O
visitor	O
`	O
,	O
't	NORM_1WORD
is	O
heet	O
bezeke	O
..	O

kzen	NORM_2WORD
trg	NORM_1WORD
kwas	NORM_2WORD
weggevalle	NORM_1WORD
:p	O
voor	O
de	O
mense	NORM_1WORD
die	O
privé	O
ware	NORM_1WORD
:p	O

gn	NORM_1WORD
probleem	O
maandag	O
is	O
ook	O
oke	NORM_1WORD

Facebook	O
zn	NORM_1WORD
fout	O
xp	O

Oeh	O
,	O
3	O
varianten	O
hiet	NORM_1WORD
.	O

daj	NORM_2WORD
de	O
klokkn	NORM_1WORD
oorn	NORM_1WORD
luddn	NORM_1WORD
tot	O
in	O
Keuln	NORM_1WORD

@SabineHertogh	O
isso	NORM_2WORD
.	O
Kán	NORM_1WORD
ook	O
,	O
hij	O
staat	O
daar	O
óók	NORM_1WORD
.	O
Maar	O
da's	NORM_2WORD
wel	O
behelpen	O
indd	NORM_1WORD
.	O
@domineeKim	O
effe	NORM_1WORD
Angry	O
Birden	O
,	O
lijkt	O
me	O
?	O
Beetje	O
bijkomen	O
van	O
zo'n	O
intensieve	O
hexen-zit	O
?	O

we	NORM_1WORD
zulln	NORM_1WORD
ze	O
ajders	NORM_1WORD
zondag	O
meepakkn	NORM_1WORD

:p	O
jah	NORM_1WORD
kmoest	NORM_2WORD
me	O
trug	NORM_1WORD
aanklede	NORM_1WORD
se	O
Ran_Gor	O
:p	O

hmmm	O
...	O
binn	NORM_1WORD
een	O
uurtje	NORM_1WORD
?	O

neenn	NORM_1WORD
,	O
hierr	NORM_1WORD
zijnn	NORM_1WORD
allen	NORM_1WORD
gepervteerdee	NORM_1WORD
gastn	NORM_1WORD
nog	O
ovr	NORM_1WORD

hahaha	O
idd	NORM_1WORD
Goa_ke	O
khad	NORM_2WORD
daar	O
zels	NORM_1WORD
ng	NORM_1WORD
niej	NORM_1WORD
aan	O
gedacht	O
:p	O

@oudhollandsch	O
Toch	O
sal	NORM_1WORD
het	O
nogh	NORM_1WORD
baai	NORM_1WORD
studeeren	NORM_1WORD
ende	NORM_2WORD
practische	NORM_1WORD
oefeningh	NORM_1WORD
vraeghen	NORM_1WORD
soo	NORM_1WORD
dat	O
uw	O
toepassinge	NORM_1WORD
nogh	NORM_1WORD
beeter	NORM_1WORD
worde	NORM_1WORD
.	O

proficiat	NORM_1WORD
!	O
als	NORM_1WORD
ge	NORM_1WORD
zinebt	NORM_2WORD
moete	NORM_2WORD
maar	O
vanavnd	NORM_1WORD
enen	NORM_1WORD
komen	O
drinken	O
!	O

Mensen	O
hier	O
doen	O
echt	O
alleen	O
kkr	NORM_1WORD
lief	O
enz	NORM_1WORD
tegen	O
je	O
als	O
je	O
mooi	O
bent	O
en	O
veel	O
selfies	O
enz	NORM_1WORD
plaatst	O
anders	O
kan	O
je	O
eigk	NORM_1WORD
gwn	NORM_1WORD
oprotte	NORM_1WORD
?	O
Is	O
toch	O
ziek	O
?	O
Fuck	O
jullie	O
en	O
jullie	O
moeders	O
schatjes	O

idd	NORM_1WORD
jaja	NORM_1WORD
en	O
tgoed	NORM_2WORD
uitleggen	O
enz	NORM_1WORD
;p	O

wnt	NORM_1WORD
ge	NORM_1WORD
gedraagd	O
u	O
pcies	NORM_1WORD
lik	O
nen	NORM_1WORD
oversexte	O
puber	O

RT	O
@jeroenbenning	O
:	O
Pol.	O
cafe	NORM_1WORD
:	O
@HanTenBroeke	O
pleit	O
voor	O
Europese	O
#gofa	O
internetvrijheid	O
.	O
Internetaccess	O
vr	NORM_1WORD
iedereen	O
http://yfrog.com/h3cidyxj	O

kzal	NORM_2WORD
een	O
doos	O
ys	NORM_1WORD
mee	O
brengen	O
ist	NORM_2WORD
goe	NORM_1WORD
jessii	NORM_1WORD
:	O
lol	O
:	O

Ze	O
houdt	O
zich	O
sterk	O
,	O
ma.	NORM_1WORD
..	O
tjah	NORM_1WORD
ge	NORM_1WORD
voelt	O
wel	O
dat	O
het	O
niet	O
gaat	O

ach	NORM_1WORD
kben	NORM_2WORD
ngal	NORM_1WORD
rustig	O
,	O
kzal	NORM_2WORD
wel	O
rond	O
de	O
300	O
zitte	NORM_1WORD
wrs	NORM_1WORD

@afivi	O
hahaha	O
,	O
lekkáh	NORM_1WORD
hoáh	NORM_1WORD
,	O
sow	NORM_1WORD
op	O
duh	NORM_1WORD
froeguh	NORM_1WORD
morreguh	NORM_1WORD
!	O
#kapnah	O
#skihut	O
#fohléhf	O
#kregnahdebloedpoep	O

@vivpafpoef	O
héé	NORM_1WORD
,	O
effe	NORM_1WORD
rustig	O
;	O
góed	NORM_1WORD
lezen	O
;	O
ik	O
was	O
't	NORM_1WORD
BIJNA	NORM_1WORD
vergeten	O
.	O
Ik	O
kwam	O
er	O
een	O
uur	O
geleden	O
achter	O
!	O
tsssk	NORM_1WORD
....	O
;-D	O
:-)	O

kzal	NORM_2WORD
de	O
volgende	O
keer	O
is	NORM_1WORD
goe	NORM_1WORD
men	NORM_1WORD
oogskes	NORM_1WORD
opetrekke	NORM_1WORD
zow	NORM_1WORD
:p	O

seg	NORM_1WORD
dieje	NORM_1WORD
jupiler	NORM_1WORD
ze	O
zijn	O
daar	O
presies	NORM_1WORD
alcool	NORM_1WORD
vergeten	O
in	O
te	O
oen	NORM_1WORD
:	O
wx	O

Ongelooflijk	O
Idd	NORM_1WORD
.	O
Moet	O
Gvd	NORM_1WORD
aanvallen	O
kut	O
!	O

we	NORM_1WORD
denkn	NORM_1WORD
van	O
nt	NORM_1WORD

Omg	O
=p	O
@Chaos_Killer	O
jij	O
bn	NORM_1WORD
egt	NORM_1WORD
een	O
nep	O
hollander	NORM_1WORD
=p	O

@HelaasPindakaas	O
@marcelsaarloos	O
@ddaanv	O
eehm	NORM_1WORD
..	O
Eivlijk	NORM_1WORD
betaal	O
je	O
dr	NORM_1WORD
beswel	NORM_2WORD
voor	O
=p	O

Geen	O
zin	O
om	O
straks	O
ergens	O
nr	NORM_1WORD
rsca	NORM_1WORD
te	O
gaan	O
zien	O
?	O

Jah	NORM_1WORD
kben	NORM_2WORD
op	O
weekend	O

oei	NORM_1WORD
uwen	NORM_1WORD
bday	NORM_1WORD
sta	NORM_1WORD
verkeerd	O
op	O
onze	O
kLender	NORM_1WORD

Fastje	O
och	O
kheb	NORM_2WORD
gwn	NORM_1WORD
ni	NORM_1WORD
tevel	NORM_1WORD
gezegd	O

Puik	O
!	O
Morgenavond	O
een	O
klein	O
pubkwisje	NORM_1WORD
?	O
Kusch	NORM_1WORD
!	O

Juust	NORM_1WORD
mijn	O
pc	NORM_1WORD
afgezet	O
...	O
Ffe	NORM_1WORD
geduld	O
dan	O
nog	O

kga	NORM_1WORD
gan	NORM_1WORD
drinkn	NORM_1WORD
met	O
mn	NORM_1WORD
zussen	O

@DeJakke	O
.	O
Thks	O
.	O
Opmerking	O
terecht	O
.	O
kgebruikte	NORM_2WORD
minder-validen	O
omdat	O
organisatoren	O
zich	O
Somival	O
noemen	O
.	O
Sport	O
en	O
ontspanning	O
minder-validen	O
.	O

miyana	NORM_1WORD
magk	NORM_2WORD
is	O
effe	NORM_1WORD
iet	NORM_1WORD
vrage	NORM_1WORD
in	O
je	O
pv	O
?	O
,	O

't	NORM_1WORD
is	O
net	O
een	O
suikerspin	O
op	O
m'n	NORM_1WORD
hoofd	O

Broebelt	NORM_1WORD
onzen	NORM_1WORD
chouffe	NORM_1WORD
nog	O
vrolijk	O
verder	O
?	O

kwas	NORM_2WORD
ff	NORM_1WORD
aant	NORM_2WORD
ranten	O
:$	O
sorry	O
eh	O

Jow	NORM_1WORD
ik	O
ga	O
de	O
8ste	O
ni	NORM_1WORD
kunnen	O
gaan	O
vrees	O
ik	O
.	O
Familieshizzle	O

in	NORM_1WORD
wuk	NORM_1WORD
kaffe	NORM_1WORD
zittn	NORM_1WORD
jullie	O
?	O

Kmoe	NORM_2WORD
takraden	O
,	O
maar	O
erna	O
kan	O
ik	O
mss	NORM_1WORD
wel	O
afkomen	NORM_1WORD
:-)	O

zeg	NORM_1WORD
kben	NORM_2WORD
brb	O
é	O
ghost	O
!!	O
:p	O
mij	O
nie	NORM_1WORD
missen	O
é	O

Laatmaar	NORM_2WORD
ben	O
nu	O
bij	O
Virguine	O
dus	O
Kga	NORM_2WORD
niemr	NORM_2WORD
sturen	O

@koenpape	O
Hebbe	NORM_1WORD
Hebbe	NORM_1WORD
Hebbe	NORM_1WORD
Hebbe	NORM_1WORD
Hebbe	NORM_1WORD
Hebbe	NORM_1WORD
!	O
is	NORM_1WORD
het	O
gaaf	O
?	O

Kdenk	NORM_2WORD
het	O
wel	O
,	O
ma	NORM_1WORD
Kben	NORM_2WORD
doodmoe	O
dus	O
eerst	O
dutje	O
doen	O
en	O
kbcpresentatie	NORM_2WORD
afwerken	O
.	O
:)	O
Xx	O

idd	NORM_1WORD
miyanna	O
tzijn	NORM_2WORD
nt	NORM_1WORD
allemaal	O
zo	O
goeie	O
gelijk	O
ik	O
eh	O
:p	O

@juliebrouwer	O
iech	NORM_1WORD
vin	NORM_1WORD
dg	NORM_1WORD
hendig	O
zielig	O
!	O
Meh	NORM_1WORD
nao	NORM_1WORD
vendaog	NORM_1WORD
is	O
ut	NORM_1WORD
gelukkig	O
weekend	O
!!	O

tjah	NORM_1WORD
vleermuisje	NORM_1WORD
;)	O
had	O
ge	NORM_1WORD
mss	NORM_1WORD
iets	O
anders	O
moete	NORM_1WORD
lere	NORM_1WORD
?	O

*	O
Ik	O
gmaak	NORM_1WORD
noit	NORM_1WORD
typvfo8uten	NORM_1WORD
.	O
Alelen	NORM_1WORD
dronekn	NORM_1WORD
.	O
*	O
#sixwordstory	O

@admirael	O
Deze	O
paerel	NORM_1WORD
aen	NORM_1WORD
de	O
Belgische	O
Kroon	O
kende	O
ick	NORM_1WORD
nogh	NORM_1WORD
niet	O
.	O
Welgemeende	O
danck	NORM_1WORD
dus	O
!	O
:-)	O

mja	NORM_2WORD
:)	O
kzou	NORM_2WORD
haar	O
eruitgooie	NORM_2WORD
alst	NORM_2WORD
kon	O
miyanna	O
:)	O

Kom	O
ke	NORM_1WORD
op	O
Facebook	O

RT	O
@YvoBloemen	O
@NielsWinter	O
@jeroenkuppers	O
eigelijk	NORM_1WORD
vind	O
ik	O
det	NORM_1WORD
waal	NORM_1WORD
un	NORM_1WORD
ideaal	O
pand	O
veur	NORM_1WORD
unne	NORM_1WORD
kroeg	O
.	O
Kieke	NORM_1WORD
Keure	NORM_1WORD
Kutzat	O
...	O

@lukevanruth	O
hahahahhahahahahahha	O
lekkkeeeer	NORM_1WORD
voooor	NORM_1WORD
je	O
:p	O
bwn	NORM_1WORD
er	O
nog	O
noooooit	NORM_1WORD
uit	O
gestuurd	O
in	O
4	O
jaar	O
:)	O

malteser	NORM_1WORD
?	O
koms	NORM_2WORD
ff	NORM_1WORD
prive	NORM_1WORD
aub	NORM_1WORD
?	O

seg	NORM_1WORD
|MoNiCa|	O
kwacht	NORM_2WORD
ng	NORM_1WORD
altij	NORM_1WORD
op	O
da	NORM_1WORD
adres	O
vnt	NORM_2WORD
frituur	O
héj	O
:p	O

opeens	NORM_1WORD
ist	NORM_2WORD
motherfucking	O
augustus	O
en	O
ik	O
wil	O
ni	O
overdramatiseren	NORM_1WORD
ma	NORM_1WORD
mijn	O
mood	O
ging	O
van	O
6	O
naar	O
-12	O
toen	O
ik	O
da	NORM_1WORD
besefte	O

Voila	O
lotuske	NORM_1WORD
is	O
trg	NORM_1WORD
onder	O
nen	NORM_1WORD
andere	O
naam	O
hehehe	O

zaterdag	NORM_1WORD
is	O
goed	O
vo	NORM_1WORD
mij	O
kxal	NORM_2WORD
ke	NORM_1WORD
vragen	O
aan	O
tobi	O

wtf	NORM_1WORD
wor	NORM_1WORD
buite	NORM_1WORD
gesmete	NORM_1WORD
kwa	NORM_1WORD
taal	O
gebruik	O

Kga	NORM_1WORD
gaan	NORM_1WORD
eten	O
met	O
t	NORM_1WORD
liefke	NORM_1WORD
vanavond	O
,	O
kga	NORM_2WORD
dus	O
moeten	O
passen	O
voort	NORM_2WORD
ghuis	NORM_1WORD
...	O

driezie	NORM_1WORD
een	O
leutig	O
2011	O
voor	O
jpu	NORM_1WORD
ook	O
...	O
goed	NORM_1WORD
gedronkn	NORM_1WORD
...	O
en	NORM_1WORD
surieus	NORM_1WORD
gefeest	O
...	O
in	NORM_1WORD
gent	NORM_1WORD
gesignaleerd	O
blokbeest	O
klaas	NORM_1WORD

Tuurlijk	O
:-)	O
we	O
zijn	O
wel	O
volop	O
aan	O
het	O
eten	O
nu	O
,	O
dus	O
strax	NORM_1WORD
dan	O
...	O

moestet	NORM_2WORD
zo	O
ver	O
nt	NORM_1WORD
zijn	O
kzou	NORM_2WORD
kik	O
u	O
meepakken	O
knuffie	O
vr	NORM_1WORD
terraske	NORM_1WORD
:p	O

euhm	NORM_1WORD
:)	O
kzie	NORM_2WORD
ni	NORM_1WORD
in	O
wrm	NORM_1WORD
ik	O
iet	NORM_1WORD
slecht	O
tov	NORM_3PLUS
Anneke	O
-	O
zou	O
doen	O
ofzo	O

@juliebrouwer	O
geniaaaal	NORM_1WORD
!	O
Iech	NORM_1WORD
bin	NORM_1WORD
gruuts	NORM_1WORD
oppe	NORM_1WORD
mie	NORM_1WORD
mestreechs	O
noe	NORM_1WORD
;)	O

M'n	NORM_1WORD
jongste	O
zusje	O
die	O
ik	O
44	O
jaar	O
geleden	O
voor	O
m'n	NORM_1WORD
3e	O
verjaardag	O
kreeg	O
!	O
#zelfdedagjarig	O
Grootste	O
kleine	O
kado	NORM_1WORD
ever	O
...	O
http://t.co/ygaJtyjR	O

jah	NORM_1WORD
Julieke	O
kzag	NORM_2WORD
u	O
daarnet	NORM_1WORD
dus	O
kdoecht	NORM_2WORD
van	O
kzal	NORM_2WORD
ma	NORM_1WORD
trugkome	NORM_1WORD
:p	O

@conservatiefNL	O
Een	O
hortie	O
wachten	O
.	O
Ik	O
ben	O
effe	NORM_1WORD
een	O
bietjie	NORM_1WORD
aan't	NORM_2WORD
snubbeken	NORM_1WORD
.	O

Mybz	O
kwil	NORM_2WORD
zegge	NORM_1WORD
ni	NORM_1WORD
te	O
veel	O
ginni	NORM_1WORD
drinke	NORM_1WORD
enzo	O
eh	O
;)	O

@Marrit_Anne	O
Vloeibeton	O
had	O
best	O
gekund	O
tho	O
,	O
mss	NORM_1WORD
zelfs	O
makkelijker	O
dan	O
frees	O
.	O
In	O
de	O
meeste	O
gevallen	O
,	O
combinatie	O
van	O
de	O
twee	O
is	O
vaak	O
t	NORM_1WORD
beste	O
.	O
Dan	O
kan	O
je	O
tot	O
de	O
helft	O
dingen	O
wegfrezen	O
en	O
de	O
rest	O
opvullen	O
.	O
Heb	O
dit	O
ook	O
vaak	O
gedaan	O

@kristy_dee	O
niice	NORM_1WORD
=D	O
slaap	O
lkkr	NORM_1WORD
mvrouw	NORM_1WORD
!	O

@VloonH	O
@Mirellabuurman	O
@CorinadeFeijter	O
@parool	O
huisarts	NORM_1WORD
zegt	O
:	O
teveel	O
gevr	NORM_1WORD
v	NORM_1WORD
verpleging	O
om	O
arbeidsint	O
bijvoeding	O
te	O
geven	O
.	O
Er	O
zijn	O
vrijwilligers	O
die	O
dit	O
best	O
willen	O
doen	O
.	O
Vph	NORM_1WORD
zou	O
hen	O
kunnen	O
trainen	O
zodat	O
ze	O
verantwoord	O
kunnen	O
helpen	O
'm	NORM_1WORD
eten	O
.	O
soms	NORM_1WORD
wil	O
vph	NORM_1WORD
dat	O
niet	O
.	O

Zeguh	NORM_1WORD
StemVee	O
ff	NORM_1WORD
stemmuh	NORM_1WORD
op	O
der	NORM_1WORD
Kale	NORM_1WORD
jaah	NORM_1WORD
.	O
Ten	O
Hag	O
scoort	O
nominatie	O
voor	O
Fifa	O
coach	O
van	O
het	O
jaar	O
!	O

Senece	O
dan	O
ist	NORM_2WORD
elken	NORM_1WORD
avond	O
macdonalds	NORM_1WORD
é	O

ze	NORM_1WORD
hebbe	NORM_1WORD
mij	O
zo	O
ver	O
gekrege	NORM_1WORD
dak	NORM_2WORD
morge	NORM_1WORD
moe	NORM_1WORD
gn	NORM_1WORD
weirke	NORM_1WORD
lol	O

Ik	O
ruim	O
40	O
volgens	O
mij	O
...	O
Maar	O
ik	O
heb	O
geen	O
apps	NORM_1WORD
uit	O
exras-devel	O
,	O
daar	O
gaat	O
het	O
meestal	O
mis	O
.	O

Kweet	NORM_2WORD
het	O
,	O
kheb	NORM_2WORD
die	O
allemaal	O
dankzij	O
mn	NORM_1WORD
praesidium	O
.	O
:D	O

jwl	NORM_1WORD
jeppeke	O
:p	O
mr	NORM_1WORD
kwou	NORM_2WORD
da	NORM_1WORD
ng	NORM_1WORD
effe	NORM_1WORD
bevestigen	O
:)	O

goeienavond	NORM_1WORD
soms	O
geen	O
vke	O
aanwezigv	NORM_1WORD
van	O
wvl	O
kom	O
gerust	O
prive	NORM_1WORD

jah	NORM_1WORD
srr	NORM_1WORD
kwas	NORM_2WORD
eff	NORM_1WORD
bezig	O
me	NORM_1WORD
muziek	O
ant	NORM_2WORD
zoeken	O

Oeveel	NORM_1WORD
et	NORM_1WORD
gy	NORM_1WORD
betaald	O
?	O

Njah	NORM_1WORD
,	O
kheb	NORM_2WORD
de	O
voormiddag	O
nog	O
.	O
:)	O

“	O
@Tourrobert	O
:	O
Woestijnvis	O
zkt	NORM_1WORD
figuranten	O
-	O
Gva.be	O
http://t.co/th7TJQ1	O
via	O
@AddThis	O
”	O
ipv	NORM_3PLUS
bzv	O

Me	O
:	O
Dude	O
,	O
goed	O
kijken	O
.	O
Diz	NORM_1WORD
site	O
klopt	O
:-)	O

Oeioei	NORM_1WORD
.	O
Kga	NORM_2WORD
mini	O
wapens	O
voor	O
hem	O
maken	O
.	O
:D	O

@neemjemoedur	O
@saartastic	O
Dat	O
ga	O
ik	O
zeker	O
toch	O
niet	O
aan	O
jou	O
geven	O
,	O
ouwe	O
aardbeienfetisjist	O
.	O
😘	O
En	O
die	O
Keeetie	O
woont	O
inpandig	O
bij	O
Robert	O
Schoemacher	O
,	O
afd	O
.	O
botox	O
++.	O
Suc6	NORM_1WORD
ermee	O
!	O

dreft	NORM_1WORD
een	O
beetje	O
beleefd	O
blijve	NORM_1WORD
eh	O
ze	O
vrage	NORM_1WORD
mor	NORM_1WORD
gwn	NORM_1WORD
iets	O

ozeker	NORM_1WORD
dendeeze	O
is	O
presies	NORM_1WORD
wa	NORM_1WORD
gefrussteerd	NORM_1WORD
ocharme	NORM_2WORD
toch	O

Khad	NORM_2WORD
vandaag	O
geen	O
he	O
.	O
Da	NORM_1WORD
hadden	NORM_2WORD
dinsdag	O
al.	O
:)	O

@xQPC	O
morge	NORM_1WORD
volleyballen	O
en	O
zaterdag	O
uhm	O
volleyballe	NORM_1WORD
sochtends	NORM_2WORD
en	O
smiddag	NORM_2WORD
ffies	NORM_1WORD
wat	O
aan	O
me	O
boekverslag	O
doen	O
...	O

kzou	NORM_2WORD
eigelek	NORM_1WORD
moete	NORM_1WORD
slapen	O
denkek	NORM_2WORD
;D	O

Ebt	NORM_1WORD
gy	NORM_1WORD
honger	O
mss	NORM_1WORD
,	O
ik	O
eet	O
nu	O
bij	O
mn	NORM_1WORD
oma	O

kben	NORM_2WORD
heel	O
de	O
avnd	NORM_1WORD
thuis	O

kxal	NORM_2WORD
kik	O
rijden	O
tot	O
morgn	NORM_1WORD
kijk	O
jij	O
voor	O
ontbijtachtig	O
iets	O
?	O
kxal	NORM_2WORD
er	O
zijn	O
rond	O

twas	NORM_2WORD
goe	NORM_1WORD
zu	NORM_1WORD
dn	NORM_1WORD
fuze	O
gisteren	O
:D	O

@Raaphorst	O
Ieks	NORM_1WORD
!	O
Sociaaldier	O
is	O
zoooo	NORM_1WORD
een	O
Gruwelvol	O
Germanisme	O
.	O
*	O
grijpt	O
naar	O
anti-braakmiddelen	O
*	O
:-)	O

mja	NORM_2WORD
kzou	NORM_2WORD
es	NORM_1WORD
trg	NORM_1WORD
wa	NORM_1WORD
rondjes	O
moete	NORM_1WORD
lope	NORM_1WORD
fzo	NORM_1WORD

@MikevLoe	O
@MrsMaxion	O
Juust	NORM_1WORD
m.	O
...	O
Ik	O
hoor	O
t	NORM_1WORD
vrijdag	O
thuus	NORM_1WORD
wel	O
;	O
dit	O
klinkt	O
allemaal	O
een	O
beetje	O
wazigvaag	NORM_2WORD
=P	O

Mmmmm	O
Deejayke	O
aj	NORM_2WORD
goe	NORM_1WORD
kunt	O
zuign	NORM_1WORD
eke	NORM_2WORD
doa	NORM_1WORD
geen	O
problemen	O
mee	O

wnt	NORM_1WORD
kem	NORM_1WORD
ng	NORM_1WORD
goeiendag	NORM_1WORD
gn	NORM_1WORD
zeggen	O
aan	O
de	O
collega's	O
vn	NORM_1WORD
DMG	O
:p	O

Nog	O
ff	NORM_1WORD
aant	NORM_2WORD
napraten	O
;)	O
thuis	O
in	O
30	O
min	NORM_1WORD
.	O

@ccdominee	O
En	O
terwijl	O
hijhij	NORM_1WORD
dahaar	NORM_1WORD
zoho	NORM_1WORD
stond	O
/	O
keek	O
hij	O
zoekehend	NORM_1WORD
ihin	NORM_1WORD
hehet	NORM_1WORD
rond	O
:	O
...	O

Zustah	NORM_1WORD
,	O
vanavond	O
ff	NORM_1WORD
Skypen	O
?	O
X	O

Een	O
blik	O
wetsverdraaiers	O
aan	O
tafel	O
dus	O
hoe	O
kun	O
je	O
verwachten	O
dat	O
díe	NORM_1WORD
zullen	O
pleiten	O
voor	O
handhaving	O
van	O
de	O
burkawet	O
.	O
Een	O
simpel	O
zieltje	O
dat	O
pas	O
2	O
jaar	O
'n	NORM_1WORD
burka	O
draagt	O
om	O
vreemde	O
zweverige	O
redenen	O
en	O
dametje	NORM_1WORD
#jinek	O
die	O
ieder	O
stuk	O
voor	O
stuk	O
naar	O
het	O
mondje	O
praat	O
.	O
Pure	O
top	O
DREK	NORM_1WORD
!	O

jah	NORM_1WORD
peke	O
25	O
:(	O
kheb	NORM_2WORD
gistere	NORM_1WORD
keer	O
8	O
keer	O
moeten	O
gaan	O
overgeven	O
:(	O
vndg	NORM_1WORD
al	O
2	O
keer	O
:(	O

@MillerMackie300	O
2	O
slaapzalen	O
,	O
1	O
fitnesszal	NORM_1WORD
,	O
1	O
kinruimte	NORM_1WORD
,	O
zwembad	O
,	O
jacuzii	NORM_1WORD
,	O
sauna	O
,	O
hammam	O
,	O
ontspanningszaal	O
.	O
Anderlecht=Big	NORM_3PLUS
club	O
!	O
:D	O

heb	NORM_1WORD
er	O
overlaast	O
babyartiklen	O
laten	O
bestllen	NORM_1WORD
voor	O
het	O
metekindje	O
van	O
mijn	O
vrouwke	NORM_1WORD

@Bea0703	O
waat	NORM_1WORD
is	O
daaaaat	NORM_1WORD
beab	O
..	O
auww	NORM_1WORD
netvlies	O
doeyt	NORM_1WORD
zeeer	NORM_1WORD

dan	NORM_1WORD
ist	NORM_2WORD
goe	NORM_1WORD
sjoe	O
k	NORM_1WORD
apericheer	NORM_1WORD
datte	NORM_1WORD

jah	NORM_1WORD
dan	O
blijfde	NORM_2WORD
dermee	NORM_1WORD
zitte	NORM_1WORD
eh	O
Kurt	O
:p	O

Nu	O
al	O
zin	O
in	O
die	O
Budweiserreclames	O
waar	O
een	O
knotje	O
en	O
een	O
donkere	O
vrouwlijke	O
krullenbol	O
op	O
een	O
megaknotjesfeest	O
een	O
Budweiser	O
drinken	NORM_1WORD
en	O
dan	O
gaan	O
lachen	O
.	O
Living	O
the	O
good	O
life	O
man	O
.	O
#budweiser	O

Oldskool	O
schoolborden	O
voor	O
nieuwe	O
HQ	O
ophalen	O
bij	O
paps	NORM_1WORD
z'n	NORM_1WORD
werk	O
.	O

degeen	NORM_1WORD
die	O
wille	NORM_1WORD
moge	NORM_1WORD
altij	NORM_1WORD
pv	O
kome	NORM_1WORD
eh	O
:p	O

ok	NORM_1WORD
..	O
gn	NORM_1WORD
probleem	O
kxal	NORM_2WORD
oek	NORM_1WORD
ne	NORM_1WORD
keer	O
zoekn	NORM_1WORD
naar	O
telnr	NORM_1WORD
.	O

anders	NORM_1WORD
gaan	O
we	O
gewoon	O
ene	NORM_1WORD
gaan	O
drinkn	NORM_1WORD
vanavnd	NORM_1WORD
?	O

eeh	NORM_1WORD
seg	NORM_1WORD
:D	O
beetje	O
braaf	O
eh	O
pontifex	O
!	O
kga	NORM_2WORD
ffkes	NORM_1WORD
eten	O
,	O
sgaties	NORM_1WORD

Nou	O
,	O
sygic	O
werkt	O
iig	NORM_3PLUS
,	O
nog	O
niet	O
mee	O
gereden	O
alleen	O
.	O

@J_BeatzZz	O
Nee	O
,	O
geen	O
poklemon	NORM_1WORD
.	O
Flippo's	O
zijn	O
idd	NORM_1WORD
hardd	NORM_1WORD
haha	O

Dam	O
kzeg	NORM_2WORD
toch	O
ni	NORM_1WORD
dajje	NORM_2WORD
moet	O
kijken	O
é	O
;)	O
tssss	NORM_1WORD

"	O
dreamboy	NORM_1WORD
"	O
klinkt	O
gwn	NORM_1WORD
ni	NORM_1WORD
te	O
vertrouwe	NORM_1WORD
zoiet	NORM_1WORD
:)	O

moet	NORM_1WORD
ge	NORM_1WORD
ni	NORM_1WORD
aant	NORM_2WORD
studere	NORM_1WORD
zijn	O
fzo	NORM_1WORD
?..	O
;o	O

Ewel	NORM_2WORD
da	NORM_1WORD
filmke	NORM_1WORD
nog	O
afw	NORM_1WORD
da	NORM_1WORD
'	O
gevecht	O
'	O

Vnvnd	NORM_1WORD
zalt	NORM_2WORD
wel	O
lukken	O
;)	O
doede	NORM_1WORD
gij	NORM_1WORD
ook	O
uw	O
strandsletsen	O
aan	O
vnvnd	NORM_1WORD
?	O

Babycarrier	O
gevonde	NORM_1WORD
?	O
Veel	O
plezier	O
in	O
de	O
provence	NORM_1WORD
!	O

RT	O
@yuki_binladen	O
:	O
1	O
vd	NORM_2WORD
kutste	O
interviews	O
die	O
ik	O
afgelopen	O
tijd	O
gelezen	O
heb	O
.	O
Vlogger	O
Vonneke	O
Bonneke	O
heeft	O
het	O
bewust	O
nooit	O
over	O
haar	O
afkomst	O
:	O
‘	O
Dan	O
krijg	O
je	O
alleen	O
maar	O
negativit	NORM_1WORD

@LebaraNL	O
Goedemorgen	O
!	O
Mijn	O
NL	NORM_1WORD
simkaart	O
is	O
gebroken	O
.	O
Ik	O
heb	O
het	O
in	O
Nederland	O
gekoopt	NORM_1WORD
,	O
en	O
ik	O
kan	O
een	O
nieuwe	O
NL	NORM_1WORD
kaart	O
niet	O
van	O
je	O
website	O
bestellen	O
.	O
Hoe	O
kan	O
ik	O
een	O
nieuwe	O
simkaart	O
gekrijgen	NORM_1WORD
aub	NORM_1WORD
?	O
Ik	O
woon	O
niet	O
in	O
Nederland	O
,	O
maar	O
alle	NORM_1WORD
mijn	O
vrienden	O
in	O
NL	NORM_1WORD
heb	NORM_1WORD
mijn	O
nummer	O
.	O
Bedankt	O
!	O

@WdeGelder	O
@Pieter_Kos	O
Kennen	O
jullie	O
onderzoek	O
CPB	O
van	O
vorig	O
jaar	O
?	O
30%	O
NLers	NORM_1WORD
voor	O
nwe	NORM_1WORD
kerncentrales	O
.	O
Eurostat	O
onderzoek	O
zelfde	O
uitkomst	O
.	O

Paul	O
wilt	O
een	O
hapje	O
mee-eten	O
,	O
piza	NORM_1WORD
halen	O
?	O
X	O
,	O
D.	O

mja	NORM_2WORD
LaZz	O
tzijn	NORM_2WORD
moeilijke	O
lessen	O
,	O
kmoe	NORM_2WORD
me	O
dorop	NORM_1WORD
concentreren	O
:(	O
:p	O

@yanny0808	O
oooh	NORM_1WORD
dn	NORM_1WORD
ist	NORM_2WORD
wel	O
te	O
vrw8e:p	NORM_2WORD

#MijnRestaurant	O
#Fenix	O
#Aarschot	O
dessert	O
:	O
chocolademousse	O
:	O
lidl	NORM_1WORD
?	O
Aldi	O
?	O
Delhaize	O
?	O
Carrefour	O
?	O
Graptjeuuuh	NORM_1WORD
.	O
Wel	O
lekker	O
.	O
http://t.co/UUregcvw	O

Neen	NORM_1WORD
,	O
ma	NORM_1WORD
kben	NORM_2WORD
aant	NORM_2WORD
hopen	O
da	NORM_1WORD
gij	NORM_1WORD
da	NORM_1WORD
wel	O
doet	O
.	O
:p	O

Hmmm	O
,	O
vandeweek	NORM_3PLUS
beetje	O
druk	O
...	O
kast	NORM_1WORD
zal	O
vr	NORM_1WORD
volgende	O
week	O
zijn	O

brugfe	NORM_1WORD
zitte	NORM_1WORD
gij	NORM_1WORD
op	O
de	O
yrein	NORM_1WORD
?	O

Nu	O
trein	O
naar	O
DenHaag	NORM_2WORD
.	O
Lekker	O
dagje	O
weg	O
,	O
zin	O
in	O
.	O
Bij	O
gemeente	O
zijn	O
ze	O
aan	O
het	O
verhuizen	O
vanwge	NORM_1WORD
reorganisatie	O
.	O
Gelukkig	O
blf	NORM_1WORD
ik	O
op	O
dzelde	NORM_1WORD
kamer	O
!	O

wij	NORM_1WORD
zitn	NORM_1WORD
mss	NORM_1WORD
pv	O
zoendre	NORM_1WORD
damme	O
tweten	NORM_2WORD

geen	NORM_1WORD
probl	NORM_1WORD
.	O
kvond	NORM_2WORD
het	O
ook	O
verschrikkelijk	O
leutig	O
...	O
blijkbaar	NORM_1WORD
zou	O
het	O
na	O
een	O
weekje	O
moetn	NORM_1WORD
dichtgegroeid	O
moeten	O
zijn	O

Komde	NORM_2WORD
morgen	O
?	O
Voor	O
da	NORM_1WORD
horror	O
filmke	NORM_1WORD

't	NORM_1WORD
Woar	NORM_1WORD
unne	NORM_1WORD
zeer	O
gesjlaagde	NORM_1WORD
aovend	NORM_1WORD
!	O
&lt;3	O

nja	NORM_1WORD
tzulle	NORM_2WORD
wel	O
gwn	NORM_1WORD
ergens	O
settings	O
in	O
ff	NORM_1WORD
zelf	O
zijn	O

gasten	NORM_1WORD
,	O
slukes	O
alelmaal	NORM_1WORD
en	O
tot	O
vlgende	NORM_1WORD
keer	O
-	O
)	O
)	O
)	O
)	O
polllllll	NORM_1WORD
;	O
xxxxxxxxxx	O

ben	NORM_1WORD
ilk	NORM_1WORD
nt	NORM_1WORD
vergeten	O

Locdog	O
bedankt	O
sgat	NORM_1WORD
hartelijk	O
.	O
'	O
Tenk	O
joe	O
verie	O
mutsj	O
'	O

Wss	NORM_1WORD
ni	NORM_1WORD
nee	O
.	O
Oke	NORM_1WORD
,	O
sgoed	NORM_2WORD
.	O
Ete	NORM_1WORD
jeuj	O

bwa	NORM_1WORD
tval	NORM_2WORD
eigenlijk	O
nog	O
mee	O
zenne	O
...	O
ksnap	NORM_2WORD
het	O
ni	NORM_1WORD
goe	NORM_1WORD
:o	O
normaal	O
verbrand	O
ik	O
kei	O
snel	O
enzo	O

RT	O
@lailitos1	O
:	O
Eh	O
kweni	NORM_3PLUS
welke	O
white	O
parents	O
jullie	O
hebben	O
,	O
maar	O
mijn	O
white	O
momma	NORM_1WORD
zou	O
mij	O
binnestebuiten	O
draaien	O
en	O
rammel	O
geven	O
🤔	O
https://t	O
…	O

@Rialist	O
Da	NORM_1WORD
’s	NORM_1WORD
heul	NORM_1WORD
veul	NORM_1WORD
messen	NORM_1WORD
dan	O
die	O
nie	NORM_1WORD
kenne	NORM_1WORD
penne	NORM_1WORD
of	O
ze	O
goe	NORM_1WORD
in	O
bed	O
sijn	NORM_1WORD
zou	O
ik	O
nie	NORM_1WORD
wete	NORM_1WORD

FreeStyle	O
was	O
eigenlijk	O
ni	NORM_1WORD
zo	O
aant	NORM_2WORD
volge	NORM_1WORD
hiere	NORM_1WORD
dermee	NORM_1WORD
:p	O

amaai	NORM_1WORD
nog	O
geen	O
pluske	NORM_1WORD
:p	O
kzen	NORM_2WORD
ni	NORM_1WORD
goe	NORM_1WORD
bezig	O
denk	O
ik	O
:p	O

kem	NORM_1WORD
ng	NORM_1WORD
2	O
identiteitsgenoten	O
vn	NORM_1WORD
u	O
buitengesmeten	O
zondag	O
op	O
tomorrowland	O
GekkeMarokkaan	NORM_1WORD
:p	O

Ga	O
idd	NORM_1WORD
zometeen	O
koken	O

Kben	NORM_2WORD
flink	O
mn	NORM_1WORD
best	O
aant	NORM_2WORD
doen	O
hoor	O
!	O
;)	O

@Spartan23R	O
ze	NORM_1WORD
zegge	NORM_1WORD
dat	O
jj	NORM_1WORD
meer	O
voor	O
de	O
naam	O
btaald	NORM_1WORD
=p	O
iig	NORM_3PLUS
zover	O
ik	O
hoorde	O
=p	O

seg	NORM_1WORD
Furyke	O
nuu	NORM_1WORD
weet	O
ik	O
het	O
nog	O
ni	NORM_1WORD
eh	O

Fifa	O
aant	NORM_2WORD
spelen	O
.	O
Jeuj	O

"	O
'	O
Hahahaha	O
!	O
Awesome	O
!	O
Inderaad	NORM_1WORD
de	O
24ste;	O
)	O
X	O
'	O
"	O

Waar	O
spreken	O
we	O
af	O
vr	NORM_1WORD
vetex	O
?	O

kwil	NORM_2WORD
gwn	NORM_1WORD
een	O
meisje	O
zien	O
op	O
cam	NORM_1WORD
ofzo	O
;d	O

morgenavnd	NORM_1WORD
pintje	NORM_1WORD
drinkn	NORM_1WORD
?	O

zin	NORM_1WORD
om	O
fridayavond	NORM_1WORD
enen	NORM_1WORD
te	O
gaan	O
drinkn	NORM_1WORD
?	O

ooo	NORM_1WORD
vrouwen	O
zijn	O
preties	O
homo's	O
hier	O
pff	O
niks	O
ciao	O

Ist	NORM_2WORD
al	O
goed	O
aant	NORM_2WORD
gisten	O
?	O

Oja	NORM_2WORD
,	O
die	O
sev.	NORM_1WORD
voor	O
econ	NORM_1WORD
was	O
tóch	NORM_1WORD
severeijnen	O
!	O

Super	O
,	O
hier	O
was	O
ik	O
met	O
8	O
weken	O
precies	O
optijd	O
met	O
corrigeren	O
bij	O
een	O
paardedrol	O
,	O
volgende	O
drol	O
liep	O
hij	O
al	O
omheen	O
en	O
sindsdie	NORM_1WORD
nooit	O
meer	O
gesnaait	O
…...	O
gelukstreffer	NORM_1WORD
.	O
Nekvel	O
en	O
diepe	O
stem	O
terwijl	O
zijn	O
bekkie	NORM_1WORD
al	O
open	O
boven	O
de	O
drol	O
hing	O
,😉	O
klinkt	O
erger	O
dan	O
het	O
was	O
,	O
maar	O
100%	O
effectief	O

@tasvolverhalen	O
Jâh	NORM_1WORD
lekkah	NORM_1WORD
!	O
Doeh	NORM_1WORD
mijn	O
mohr	NORM_1WORD
un	NORM_1WORD
plakkie	NORM_1WORD
.	O

@DDaanV	O
nogaal	NORM_1WORD
nie	NORM_1WORD
=	O
\	O
ooh	NORM_1WORD
en	O
..	O
oooh	NORM_1WORD
machetteeeh	NORM_1WORD
!!	O
=p	O

weetge	NORM_2WORD
wa	NORM_1WORD
ik	O
wil	O
eh	O
?	O
ik	NORM_1WORD
wil	O
een	O
FUCKING	NORM_1WORD
lief	O
waarmee	O
ik	O
elke	O
avond	O
sunsets	O
kan	O
gaan	O
zien	O
!!!	O
isda	NORM_2WORD
nu	NORM_1WORD
zoveel	O
teveel	O
gevraagd	O

Idd	NORM_1WORD
,	O
thanks	O
!	O
Persoon	O
1	O
Filmpke_ofzo?	O
Filmpke	NORM_1WORD
ofzo	O
?	O

Shittt	NORM_1WORD
ik	O
mis	O
morge	NORM_1WORD
icarly	O
fanwar	O
moete	NORM_1WORD
tennisen	NORM_1WORD
om	O
11	O
uur	O
:(	O

jessii	NORM_1WORD
mag	O
ik	O
effe	NORM_1WORD
prive	NORM_1WORD
komen	O
bioj	NORM_1WORD
jou	O
aub	NORM_1WORD

Ik	O
bedoelde	O
tijdrijden	O
:)	O
was	O
stoofvlees	O
aant	NORM_2WORD
maken	O
,	O
dermee	NORM_1WORD
moest	O
ik	O
aan	O
moore	NORM_1WORD
denken	O
...	O

tisal	NORM_3PLUS
beter	O
nuu	NORM_1WORD
ze	O
;d	O
maa	NORM_1WORD
nogni	NORM_2WORD
volledig	O
gedaan	O
;d	O

Woutie	O
gaat	O
het	O
voor	O
een	O
keer	O
niet	O
zijn	O
.	O
Please	O
nog	O
ff	NORM_1WORD
?	O

@Herbert_d_Groot	O
@RaymondKnops	O
@andrebosman	O
Max-max	O
e.a.	NORM_2WORD
regelingen	O
kunnen	O
soberder	O
.	O
Is	O
slechts	O
1	O
vd	NORM_2WORD
dekkingsbronnen	O
.	O
Zie	O
bijdrage	O
Hernandez	O

neej	NORM_1WORD
BruScO	O
'	O
tje	O
,	O
'k	NORM_1WORD
ben	O
al	O
effe	NORM_1WORD
wakker	O
:)	O

@glittersxgore	O
letterlijk	NORM_1WORD
alles	O
gaat	O
ontsteken	O
bij	O
mij	O
alleen	O
mn	NORM_1WORD
helix	O
is	O
zo	O
goed	O
gehealed	O
hoop	O
echt	O
op	O
een	O
ZEGEN	NORM_1WORD
bij	O
deze	O
want	O
mis	O
mn	NORM_1WORD
tragus	O
ook	O
echt	O
.	O
zelfde	NORM_1WORD
met	O
mn	NORM_1WORD
navel	O
trouwens	O
!!!	O
maar	NORM_1WORD
die	O
mis	O
ik	O
nie	NORM_1WORD
x	O

khad	NORM_2WORD
den	NORM_1WORD
bus	O
moete	NORM_1WORD
pakke	NORM_1WORD
eh	O
fucckk	NORM_1WORD
:o	O

Ik	O
denk	O
het	O
wel	O
.	O
Wy	NORM_1WORD
zijn	O
nog	O
volop	O
aan	O
het	O
spele	NORM_1WORD
dus	O
neem	O
je	O
tijd	O
;-)	O

@__imaneee	O
@thatswhatiamnot	O
Hahahahahahaa	O
wollah	O
kapot	O
gelachen	O
.	O
Mesh	O
eh	O
effe	NORM_1WORD
on	O
the	O
side	O
ge	NORM_1WORD
hebt	O
echt	O
geen	O
grote	O
neus	O
man	O

Geschatte	O
kosten	O
$20	O
milj	NORM_1WORD
.	O
Hoeveel	O
ton	O
CO	O
2	O
kost	O
@Google	O
Summer	O
Camp	O
met	O
al	O
die	O
experts	O
in	O
klimaatverandering	O
,	O
zoals	O
@Harry_Styles	O
?	O
Schamen	O
deze	O
celebs	NORM_1WORD
zich	O
niet	O
,	O
met	O
hun	O
already	O
huge	O
carbon	O
footprint	O
?!	O
#climatebreakdown	O
against	O
a	O
@katyperry	O
soundtrack	O
.	O
At	O
least	O
we'll	O
die	O
happy	O
.	O

Verstandig	O
besluit	O
van	O
minister	O
@SigridKaag	O
om	O
de	O
hulp	O
aan	O
UNWRA	O
op	O
te	O
schorten	O
nav	NORM_3PLUS
een	O
VN-rapport	O
over	O
corruptie	O
en	O
wangedrag	O
.	O
Laat	O
UNWRA	O
stevig	O
worden	O
doorgelicht	O
,	O
ook	O
op	O
inhoud	O
vd	NORM_2WORD
schoolboeken	O
!	O
Volg	O
voorstel-Kushner	O
voor	O
economisch	O
herstelplan	O
.	O
https://t.co/LrwCzlrbyx	O

@BasBenIk	O
"	O
ey	NORM_1WORD
ey	NORM_1WORD
ey	NORM_1WORD
,	O
wil	O
je	O
ook	O
een	O
hit	O
van	O
m'n	NORM_1WORD
kakgas	O
?	O
leeeeeeker	NORM_1WORD
maaaaan	NORM_1WORD
"	O

@admirael	O
Overhaest	NORM_1WORD
handelen	O
brenght	NORM_1WORD
selden	NORM_1WORD
beklyvend	NORM_1WORD
resultaet	NORM_1WORD
.	O
Gheduld	NORM_1WORD
is	O
inderdaed	NORM_1WORD
de	O
beste	O
strateegye	NORM_1WORD

Ik	O
zit	O
alsan	NORM_1WORD
100	O
jaar	O
opde	NORM_2WORD
wc	O
ma	NORM_1WORD
eiglk	NORM_1WORD
isda	NORM_2WORD
gwn	NORM_1WORD
5	O
min	NORM_1WORD
nade	NORM_2WORD
wc	O
gaan	O
en	O
3	O
jaar	O
oppu	NORM_2WORD
gsm	NORM_1WORD
zitten	O
omdat	O
da	NORM_1WORD
de	O
enige	O
plaats	O
is	O
waardat	NORM_2WORD
rustig	O
is	O

@DDaanV	O
jammert	NORM_1WORD
!	O
Nja	NORM_2WORD
dn	NORM_1WORD
mr	NORM_1WORD
wt	NORM_1WORD
andrs	NORM_1WORD
zoeke	NORM_1WORD
!	O
=p	O

anders	NORM_1WORD
ist	NORM_2WORD
hiere	NORM_1WORD
altied	NORM_1WORD
vlaoms	NORM_1WORD
brabants	NORM_1WORD
loll	NORM_1WORD

“	O
@Dennis_Verweij	O
:	O
Zo	O
wordt	O
je	O
iig	NORM_3PLUS
geen	O
wereldkampioen	O
.	O
”	O
Komt	O
mooi	O
uitvoor	NORM_2WORD
m'n	NORM_1WORD
poultje	O
....	O
;)	O

@GaveGuido	O
Segguh	NORM_1WORD
colleguh	NORM_1WORD
...	O
Hedduh	NORM_1WORD
geijuh	NORM_1WORD
unnuh	NORM_1WORD
goeiuh	NORM_1WORD
buiuh	NORM_1WORD
ofzohuh	NORM_1WORD
?	O
;-)	O

omda	NORM_1WORD
ik	O
ni	NORM_1WORD
onder	O
u	O
duive	NORM_1WORD
wil	O
schiete	NORM_1WORD
glendinges	O

gn	NORM_1WORD
zin	O
om	O
vavnd	NORM_1WORD
eentje	O
te	O
gan	NORM_1WORD
drinkn	NORM_1WORD
int	NORM_2WORD
stad	O
?	O

azo	NORM_2WORD
oke	NORM_1WORD
tijd	O
:o	O
kwou	NORM_2WORD
ook	O
prive	NORM_1WORD
kome	NORM_1WORD
ma	NORM_1WORD
plakt	O
daar	O
zo	O

kynde	NORM_2WORD
ke	NORM_1WORD
belln	NORM_1WORD

Wa	NORM_1WORD
zije	NORM_2WORD
aant	NORM_2WORD
doen	O
nu	O
?	O

@Mirtt	O
Jijh	NORM_1WORD
Ookh	NORM_1WORD
Ohp	NORM_1WORD
Wieh	NORM_1WORD
Ihs	NORM_1WORD
Dhe	NORM_1WORD
Mhol	NORM_1WORD
Stemmehn	NORM_1WORD
!	O

Jeps	NORM_1WORD
,	O
kga	NORM_2WORD
nu	O
naar	O
de	O
mo	O
denkek	NORM_2WORD
.	O
:)	O

Zwart	O
,	O
voor	O
onder	O
een	O
kostuum	O
,	O
clownsmaat	O
aub	NORM_1WORD

peke	NORM_1WORD
:p	O
kzal	NORM_2WORD
hier	O
dn	NORM_1WORD
hoogste	O
boom	O
wel	O
pakkn	NORM_1WORD
dn	NORM_1WORD
:p	O

we	NORM_1WORD
zittn	NORM_1WORD
bovn	NORM_1WORD

kheb	NORM_2WORD
met	O
mn	NORM_1WORD
best	NORM_1WORD
friend	NORM_1WORD
samen	O
een	O
friendship	O
tatt	NORM_1WORD
,	O
en	O
een	O
random	O
youngboy	O
op	O
vakantie	O
herkende	O
me	O
en	O
zei	O
dat	O
hij	O
was	O
geïnspireerd	O
door	O
ons	O

Dus	O
waarom	O
#liveprofile	O
nemen	O
i.p.v.	NORM_3PLUS
#Whatsapp	O
?	O
Ik	O
hou	O
het	O
wel	O
bij	O
m'n	NORM_1WORD
vertrouwde	O
BBM	O
en	O
What's	O
App	O
.	O

than	NORM_1WORD
tana	O
tan	O
pe	O
.....	O
je	NORM_1WORD
favo	NORM_1WORD
liedje	O
..	O
maar	NORM_1WORD
zodra	O
je	O
moet	O
betalen	O
ben	O
je	O
spoorloos	O
?	O
Biggi	NORM_1WORD
man	O
...	O
maar	NORM_1WORD
vergeet	O
dat	O
mensen	O
nog	O
moet	NORM_1WORD
betaluh	NORM_1WORD

Fack	O
heb	O
vandaag	O
duits	O
pta	O
da	NORM_1WORD
waar	O
vandat	O
lezen	O
ofzo	O
hhaha	O
nouja	O
komt	O
wel	O
goed	O
?	O
:p	O

oeie	NORM_1WORD
Dobby	O
da's	NORM_2WORD
idd	NORM_1WORD
ni	NORM_1WORD
leuk	O

grrr	NORM_1WORD
soms	O
zoude	NORM_2WORD
ne	NORM_1WORD
gsm	O
toch	O
ook	O
tege	NORM_1WORD
de	O
muu	NORM_1WORD
kunne	NORM_1WORD
smijte	NORM_1WORD
e	O

seg	NORM_1WORD
kochanake	O
gade	NORM_2WORD
nog	O
veel	O
squashe	NORM_1WORD
enzo	O
?	O
tis	NORM_2WORD
ma	NORM_1WORD
om	O
iet	NORM_1WORD
ander	NORM_1WORD
te	O
vertelle	NORM_1WORD
hehe	O

NorthStaR	O
mag	O
ik	O
ffkes	NORM_1WORD
prive	NORM_1WORD
komen	O
,	O
kweet	NORM_2WORD
die	O
deur	O
is	O
altijd	O
opslot	NORM_2WORD
mor	NORM_1WORD
toch	O
aub	NORM_1WORD
:p	O

Gvd	NORM_1WORD
.	O
Gsm	NORM_1WORD
past	O
men	NORM_1WORD
woorden	O
aan	O
.	O
Tot	O
sebiet	NORM_1WORD
;)	O

Ga	O
proberen	O
.	O
Tot	O
sebiet	NORM_1WORD
wsschnlijk	NORM_1WORD
.	O

geef	NORM_1WORD
mekaar	NORM_1WORD
allemaal	O
eens	O
nen	NORM_1WORD
kus	O
aub	NORM_1WORD
,	O
knuffie	O
nen	NORM_1WORD
knuf	NORM_1WORD
en	O
labrador	O
een	O
likske	NORM_1WORD

1.	O
Witlofroomsoep	O
met	O
spekkies	NORM_1WORD
2.	O
groentevlag	O
vark.fi	NORM_1WORD
letlapje	NORM_1WORD
aard.	NORM_1WORD
uit	O
frituur	O
3.	O
kaasplankje	O
4.	O
lange	O
vingers	O
perzikken	O
cointreau	O
"	O
vanillevla	O
"	O

RT	O
@Johannemarise	O
:	O
In	O
mijn	O
ogen	O
ernstige	O
dwaling	O
v	NORM_1WORD
Gedeputeerde	O
.	O
Dáár	NORM_1WORD
zit	O
dus	O
t	NORM_1WORD
probleem	O
.	O
GS	O
ziet	O
niet	O
toe	O
op	O
uitvoering	O
beheer	O
vd	NORM_2WORD
grote	O
grazers	O
door	O
SBB	O
en	O
denkt	O
dat	O
ze	O
t	NORM_1WORD
goed	O
doen	O
.	O
Nee	O
dus	O
.	O
GS	O
is	O
juist	O
wél	NORM_1WORD
politiek	O
verantwoordelijk	O
.	O
Nieuw	O
debat	O
over	O
rol	O
GS	O
!	O
@rijsberman	O
@PS_Flevoland	O
@Ransijn	O
https://t.co/KYQ9AwSJcO	O

Euhm	O
,	O
ja	O
,	O
ma	NORM_1WORD
Kzit	NORM_2WORD
zelf	O
ook	O
bi	NORM_1WORD
goed	O
bezig	O
voor	O
Gezondheidseconomie	O
.	O
:s	O

amai	NORM_1WORD
....	O
kxal	NORM_2WORD
dan	O
komn	NORM_1WORD
persn	NORM_1WORD
!	O

Slecht	O
,	O
kga	NORM_2WORD
der	NORM_1WORD
ni	NORM_1WORD
door	O
zijn	O
.	O
:(	O

baby	NORM_1WORD
...	O
wilde	NORM_1WORD
gij	NORM_1WORD
arachideolie	O
meebrengn	O
vo	NORM_1WORD
mayonaise	O
te	O
makn	NORM_1WORD
?	O

Fietsen	O
in	O
Zuid-Limburgse	O
heuvelland	O
byna	NORM_1WORD
onmogelyk	NORM_1WORD
.	O
Op	O
Loorberg	O
&	O
Piemert	O
zorgt	O
smeltend	O
asfalt	O
voor	O
problemen	O
.	O
Geen	O
aanrader	O
voor	O
trainingskmp	NORM_1WORD

pfffff	NORM_1WORD
lolsmurf	O
een	O
deken	O
hebk	NORM_2WORD
ni	NORM_1WORD
noddig	NORM_1WORD
nu	O
zene	O

wanneer	NORM_1WORD
gaat	O
het	O
weekwnd	NORM_1WORD
voor	O
de	O
verbonders	O
precies	O
door	O

@PietStokmanVHV	O
@RikElfrink	O
@Henryvbox	O
Hecht	O
persoonlijk	O
niet	O
veel	O
waarde	O
aan	O
dat	O
bekerverlies	O
.	O
Was	O
het	O
eens	O
om	O
met	O
de	O
2e	O
garnituur	O
te	O
spelen	O
.	O
Deze	O
wedstrijd	O
had	O
je	O
9	O
vd	NORM_2WORD
10	O
keer	O
ook	O
gewonnen	O
.	O
RKC	O
had	O
ontzettend	O
veel	O
geluk	O
.	O
2e	O
seizoenshelft	O
was	O
matig	O
ja	O
,	O
klopt	O
.	O
Daarom	O
NA	NORM_1WORD
dit	O
seizoen	O
oordelen	O
ipv	NORM_3PLUS
nu	O
al	O
te	O
schofferen	O
.	O

@mirandaVanDijk	O
nog	NORM_1WORD
'n	NORM_1WORD
keer	O
:	O
sheets	O
dus	O
gewoon	O
boven	O
m'n	NORM_1WORD
hoofd	O
gehouden	O
.	O
Zou	O
v.	NORM_1WORD
Rossum	O
daar	O
blij	O
mee	O
zijjn	NORM_1WORD
?	O
Was	O
dijk	O
van	O
'n	NORM_1WORD
presentatie	O
!	O

mja	NORM_2WORD
Dobby	O
:)	O
bedrijve	NORM_1WORD
doen	O
da	NORM_1WORD
toch	O
al	O
ni	NORM_1WORD
snel	O
dusja	NORM_2WORD

@FernandoP3dro	O
@JelenaDrakulic	O
Hahahahah	O
bro	NORM_1WORD
is	O
het	O
permanent	O
geworde	NORM_1WORD
?	O
Kzie	NORM_2WORD
je	O
een	O
bandana	O
dragen	O

kzal	NORM_2WORD
u	O
zo'n	O
zuigdinges	O
uit	O
de	O
pabo	O
kado	NORM_1WORD
doen	O
goe	NORM_1WORD
?	O
:p	O

amai	NORM_1WORD
,	O
kzou	NORM_2WORD
klacht	O
indiene	NORM_1WORD
,	O
komde	NORM_2WORD
mss	NORM_1WORD
nog	O
in't	NORM_2WORD
nieuws	O

Neent	NORM_1WORD
jong	O
,	O
kben	NORM_2WORD
naar	O
mijn	O
bedje	O
trouwens	O
,	O
Slaapwel	O
hé	O
Xx	O

RT	O
@warren_elliott	O
:	O
@Lousjekoesje	O
Dankie	NORM_1WORD
-	O
Groete	NORM_1WORD
ook	O
vir	NORM_1WORD
julle	O
in	O
Nederland	O
!	O

Lekkerrrrrrrrrrr	NORM_1WORD
watch	O
out	O
!	O

Neenee	NORM_1WORD
,	O
twas	NORM_2WORD
gisteren	O
ook	O
ineens	O
12	O
u	NORM_1WORD
...	O

Telkenkere	NORM_1WORD
als	O
ik	O
mij	O
met	O
D.	O
door	O
's	O
Gravenhage	O
begeef	O
,	O
lopen	O
wij	O
H.	O
M.	O
tegen	O
het	O
lijf	O
.	O
Zoals	O
hedenmiddag	O
.	O

toeme	NORM_1WORD
é	O
PorkyPig	O
intressante	NORM_1WORD
dingen	O
mis	O
ik	O
dus	O
altijd	O
é	O

Wel	O
zin	O
,	O
maar	O
kan	O
helaesch	NORM_1WORD
niet	O
..	O
Komt	O
iemand	O
eten	O
.	O
Beachze	O
!	O

@kristy_dee	O
nogaaaal	NORM_1WORD
:P	O
mjaa	NORM_2WORD
dn	NORM_1WORD
week	O
dat	O
iig	NORM_3PLUS
zeker	O
xD	O

gaje	NORM_1WORD
gij	NORM_1WORD
ook	O
ni	NORM_1WORD

maakt	NORM_1WORD
mij	O
ni	NORM_1WORD
uit	O
Gekkemarokkaan	O
het	O
intreseert	NORM_1WORD
me	O
ni	NORM_1WORD
dus	O
geen	O
geod	NORM_1WORD
boek	O
voor	O
mij	O

kheb	NORM_2WORD
ne	NORM_1WORD
kruidenierbuur	O
lere	NORM_1WORD
kenne	NORM_1WORD
:)	O

idd	NORM_1WORD
en	O
tzal	NORM_2WORD
nen	NORM_1WORD
late	O
worde	NORM_1WORD
vnv	NORM_1WORD

Jups	NORM_1WORD
,	O
Kben	NORM_2WORD
ff	NORM_1WORD
mn	NORM_1WORD
cursus	O
aant	NORM_2WORD
nalezen	O
in	O
michiel	NORM_1WORD
zijn	O
koffiezaak	O
.	O
Tralalaouti	O

Van	O
hetzelfde	O
skaaaaat	NORM_1WORD
!	O
Xsch	NORM_1WORD
!	O

RT	O
@DirkVanDuppen	O
:	O
Ook	O
Bernie	O
Sanders	O
steekt	O
de	O
grens	O
over	O
met	O
een	O
bus	O
vol	O
patienten	NORM_1WORD
om	O
insulin	NORM_1WORD
te	O
kopen	O
die	O
daar	O
tien	O
keer	O
goedkoper	O
is	O
dan	O
in	O
de	O
VS	NORM_2WORD
.	O
Daarmee	O
klaagt	O
hij	O
ook	O
het	O
farmabanditisme	O
aan	O
.	O
Na	O
Nieuw-Zeeland	O
was	O
Canada	O
het	O
eerste	O
land	O
dat	O
ook	O
het	O
kiwimodel	O
...	O
https://t.co/wbzjYR1P9u	O

troost	NORM_1WORD
u	O
muizeke	NORM_1WORD
as	NORM_1WORD
die	O
pipo	O
bleft	NORM_1WORD
doorgaan	O
zalk	NORM_2WORD
effe	NORM_1WORD
geen	O
zeer	O
voele	NORM_1WORD

sugarlips	NORM_1WORD
gn	NORM_1WORD
we	O
vnv	NORM_1WORD
een	O
goe	NORM_1WORD
sortieke	O
doen	O
schat	O
?	O

@LobDozer	O
LMAO	O
!	O
Dad	NORM_1WORD
loopd	NORM_1WORD
hoopulik	NORM_1WORD
wel	O
los	O
anters	NORM_1WORD
word	NORM_1WORD
het	O
lastich	NORM_1WORD
!	O
:D	O

4	O
ofzo	O
,	O
misschien	O
iets	O
lator	NORM_1WORD
..	O
X	O

@kristy_dee	O
uhhu	NORM_1WORD
(	O
a	O
)	O
hijs	NORM_2WORD
fckin	O
sexyy	NORM_1WORD
=p	O

eej	NORM_1WORD
kheb	NORM_2WORD
pagina	O
7	O
nog	O
ni	NORM_1WORD
geleze	NORM_1WORD
eh	O
:p	O

mss	NORM_1WORD
moen	NORM_1WORD
we	O
al	O
wa	NORM_1WORD
groepsgevoel	O
crieren	NORM_1WORD

@Spartan23R	O
ze	NORM_1WORD
hebbe	NORM_1WORD
tog	NORM_1WORD
geen	O
widgets	O
ofzo	O
hea	O
?	O
:	O
P	O

met	NORM_1WORD
pijn	O
in't	NORM_2WORD
hart	O
:	O
m'n	NORM_1WORD
laatste	O
ZIPdrive	O
schijfjes	O
en	O
LPT	O
(	O
LPwattes	O
?	O
)	O
poort	O
ZIPdrive	O
weggemikt	NORM_1WORD

grr	NORM_1WORD
,	O
bestaan	O
er	O
eig	NORM_1WORD
gastn	NORM_1WORD
die	O
gwn	NORM_1WORD
normaal	O
zijn	O
,	O
zondr	NORM_1WORD
bijbedoelingn	NORM_1WORD
:)	O

Oepsi	O
,	O
bellen	O
was	O
perongeluk	NORM_2WORD

Licht	O
ipv	NORM_3PLUS
wolken	O
excu	NORM_1WORD

flappieM	NORM_1WORD
ge	NORM_1WORD
snapt	O
ebay	NORM_1WORD
ni	NORM_1WORD
goe	NORM_1WORD
denkek	NORM_2WORD
:p	O

Zin	O
om	O
heel	O
de	O
Trump	O
administratie	O
kk	NORM_1WORD
hard	O
in	O
hun	O
kut	O
te	O
trappen	O
en	O
Pelosi	O
samen	O
met	O
de	O
fake	O
ass	O
democraten	O
ook	O
dat	O
ze	O
dit	O
gwn	NORM_1WORD
laten	O
gebeuren	O
ik	O
HAAAAAAAAT	NORM_1WORD
de	O
wereld	O

Woeiiiii	O
mn	NORM_1WORD
1e	O
tweet	O
vanaf	O
mn	NORM_1WORD
nieuwe	O
foon	NORM_1WORD
:)	O

Fuck	O
kheb	NORM_2WORD
me	O
overslapen	NORM_1WORD
mijn	O
gsm	O
was	O
uitgevallen	O
vannacht	O
...	O

kheb	NORM_2WORD
vandeweek	NORM_3PLUS
jupiler	NORM_1WORD
tauro	NORM_1WORD
gedronke	NORM_1WORD

@BananaBruno	O
Elke	O
formatie	O
die	O
ze	O
fixen	O
domme	O
doelpunten	O
tegen	O
tav	NORM_3PLUS
nietssss	NORM_1WORD
als	O
Fener	NORM_1WORD
3x	NORM_2WORD
prikt	O
wat	O
gaat	O
een	O
Barca	NORM_1WORD
wel	O
niet	O
met	O
je	O
doen	O

Bescheten	O
droepje	O
?	O
Kzal	NORM_2WORD
zaterdag	O
nr	NORM_1WORD
containerpark	O
gaan	O
.	O

kzit	NORM_2WORD
toh	NORM_1WORD
ongeveer	O
iede	NORM_1WORD
wekend	NORM_1WORD
3	O
keer	O
op	O
restourant	NORM_1WORD

@kluun	O
`Veurig	NORM_1WORD
joar	NORM_1WORD
heej	NORM_1WORD
ons	NORM_1WORD
moeder	O
onze	O
pa	O
ondergespaawd	O
in	O
de	O
hullie	O
gullie	O
'	O

@DDaanV	O
wtf	NORM_1WORD
is	O
easyfeet	O
?	O
=p	O
tklink	NORM_2WORD
beswll	NORM_2WORD
kut	O
=p	O

Iemand	O
goede	O
film	O
/	O
docu	NORM_1WORD
tips	O
over	O
de	O
geschiedenis	O
van	O
de	O
wereldpolitiek	O
sinds	O
1815-	O
heden	O
(	O
Weense	O
orde	O
,	O
Bismarck	O
,	O
WOI	NORM_2WORD
en	O
WOII	NORM_2WORD
,	O
orde	O
van	O
Versailles	O
,	O
KO	O
,...)	O
die	O
ik	O
's	NORM_1WORD
avonds	O
kan	O
kijken	O
zodat	O
ik	O
leerstof	O
nog	O
beter	O
kan	O
vatten	O

kem	NORM_3PLUS
wel	O
nhie	NORM_1WORD
gezged	O
op	O
straat	O
é	O
buh	O
:p	O

Probeer	O
nog	O
'n	NORM_1WORD
krtj	NORM_1WORD
te	O
kopen	O
twas	NORM_2WORD
'n	NORM_1WORD
leuk	O
avontuur	O
Finis	O
#laventura	O
http://t.co/IDmfpMci	O
”	O

kwenie	NORM_3PLUS
ze	O
i_seba	O
ik	O
vind	O
dees	NORM_1WORD
meestal	O
interresanter	NORM_1WORD
dan	O
pv	O

Jaro	O
Redczus	O
:	O
Moet	O
iküberhaupt	NORM_2WORD
in	O
een	O
centrum	O
terecht	O
komen	O
:	O
/	O

Ni	NORM_1WORD
mee	O
eten	O
,	O
wel	O
mee	O
uit	O
denkek	NORM_2WORD
.	O
:)	O

neen	NORM_1WORD
mysterym	O
,	O
mijn	O
zussie	NORM_1WORD
was	O
ni	NORM_1WORD
thuis	O
dernet	NORM_1WORD
,	O
dus	O
ik	O
kon	O
't	NORM_1WORD
ni	NORM_1WORD
vragen	O

Neeje	NORM_1WORD
,	O
kmoet	NORM_2WORD
om	O
7	O
uur	O
werken	O
.	O
Xx	O

@jurdefur	O
komme	NORM_1WORD
gij	NORM_1WORD
,	O
2e	O
kerstdag	O
vanaf	O
16.00	O
bij	O
ons	O
thuis	O
etuh	NORM_1WORD
met	O
de	O
hele	O
meutuh	NORM_1WORD
jonguh	NORM_1WORD
?!	O

Ksnappet	NORM_3PLUS
ni	NORM_1WORD
xp	O

@Mirjam152	O
@coristus	O
Helemaal	O
mee	O
eens	O
@Mirjam152	O
bijna	O
iedere	O
dag	O
messteekpartijen	O
all	O
over	O
Germany	O
maar	O
de	O
(s)	O
linkse	O
#MSM	O
zwijgt	O
totdat	O
't	NORM_1WORD
via	O
social	O
media	O
duidelijk	O
wordt	O
🆘	O
de	O
rechtspraak	O
daar	O
is	O
net	O
zo	O
verrot	O
als	O
in	O
🇳🇱	NORM_1WORD
dubbele	O
standaard	O
voor	O
autochtonen	O
vs	NORM_1WORD
moslims	O
/	O
migranten	O

@andyvergauwen	O
@hannewhale	O
Inderdaad	O
...	O
maar	NORM_1WORD
vrouwen	O
houden	O
in	O
’t	NORM_1WORD
algemeen	O
nu	O
eenmaal	O
van	O
jagers	O
(	O
bad	O
boys	O
)	O
in	O
plaats	O
van	O
schaapkes	NORM_1WORD
(	O
good	O
guys	O
),	O
dat	O
is	O
al	O
altijd	O
zo	O
geweest	O
..	O
terwijl	NORM_1WORD
die	O
‘	O
schapen	O
’	O
puur	O
goud	O
zijn	O
.	O
En	O
fyi	O
,	O
gij	NORM_1WORD
zijt	NORM_1WORD
ne	NORM_1WORD
good	O
guy	O
ze	O
,	O
geen	O
twijfel	O
mogelijk	O

mja	NORM_2WORD
kdacht	NORM_2WORD
mss	NORM_1WORD
ffe	NORM_1WORD
af	O
te	O
kome	NORM_1WORD
:p	O

@Tessa_VeePee	O
@hannewhale	O
Nee	O
ni	NORM_1WORD
beter	O
.	O
Ik	O
denk	O
dat	O
een	O
hart	O
van	O
ne	NORM_1WORD
wolf	O
hogere	O
hartslagen	O
aankan	O
dan	O
een	O
schaap	O
.	O
Ik	O
ben	O
helemaal	O
geen	O
schaap	O
.	O
i’m	O
a	O
beast	O
,	O
maar	O
wel	O
voor	O
maar	O
1	O
uitverkorene	O
i.p.v.	NORM_3PLUS
voor	O
een	O
hele	O
kudde	O

kga	NORM_2WORD
ze	O
strax	NORM_1WORD
huilbui	O
moete	NORM_1WORD
gunne	NORM_1WORD
enal	NORM_2WORD
:d	O

das	NORM_2WORD
een	O
nieuw	O
spelleke	NORM_1WORD
Dazzler	O
:p	O
pieuw	O
pieuw	O
pieuw	O

Nu	O
het	O
FDF	O
afhaakt	O
,	O
kunnen	O
we	O
BHV	O
opnieuw	O
onderhadelen	NORM_1WORD
?	O
Oa	NORM_2WORD
ivm	NORM_3PLUS
benoeming	O
burgemeesters	O
.	O

mja	NORM_2WORD
kverspil	NORM_2WORD
da	NORM_1WORD
dierke	NORM_1WORD
liver	NORM_1WORD
ni	NORM_1WORD
hehehe	O

bleeeh	NORM_1WORD
bloemkool	O
@rubydrost	O
hahaha	O
,	O
wij	O
eten	O
lkkr	NORM_1WORD
de	O
zelfgemaakt	NORM_1WORD
Babi	O
Ketchap	NORM_1WORD
van	O
Remco	O
,	O
mmmmyummie	O
.	O

mjah	NORM_2WORD
tzit	NORM_2WORD
daar	O
een	O
meiske	NORM_1WORD
in	O
zeg	O
die	O
eeft	NORM_1WORD
gwn	NORM_1WORD
nen	NORM_1WORD
sixpack	O
é	O
:s	O

seg	NORM_1WORD
mmissy	O
das	NORM_2WORD
ook	O
wer	NORM_1WORD
ni	NORM_1WORD
goe	NORM_1WORD
:p	O

@Spartan23R	O
p.s.	O
ik	O
bn	NORM_1WORD
een	O
lost	O
fanboy	O
gworden	NORM_1WORD
na	O
de	O
zomer	O
vakantie	O
=p	O

kgon	NORM_2WORD
eten	O
,	O
dn	NORM_1WORD
den	NORM_1WORD
afwas	O
doen	O
,	O
dn	NORM_1WORD
me	O
klaarmaken	O
en	O
dn	NORM_1WORD
bennek	NORM_2WORD
ribbedebie	O
:D	O

kga	NORM_2WORD
vanmiddag	O
thuis	O
komn	NORM_1WORD
eten	O
....	O

Roen	O
weer	O
black	NORM_1WORD
opps	NORM_1WORD
aant	NORM_2WORD
spelen	O
?	O
:D	O

Neeje	NORM_1WORD
,	O
tis	NORM_2WORD
mee	NORM_1WORD
vriendjes	O
vant	NORM_2WORD
middelbaar	NORM_1WORD

Uhm	O
boekverslag	O
wat	O
moesten	O
we	O
ook	O
meeneme	NORM_1WORD
voor	O
gellecum	O
ze	O
had	O
een	O
lijstje	O
ofzo	O
?	O
Hahaha	O
?	O
#comeniuscollege	O

Het	O
wordt	O
voor	O
mij	O
een	O
avondje	O
bankhangen	O
.	O
Beetje	O
hectische	O
weken	O
achter	O
de	O
rug	O
.	O
Grtz	NORM_1WORD
,	O
Persoon	O
78	O

kad	NORM_2WORD
mijn	O
gsm	O
ni	NORM_1WORD
gezien	O

ow	NORM_1WORD
mss	NORM_1WORD
ligge	NORM_1WORD
we	O
dn	NORM_1WORD
allang	O
in	O
dromeland	NORM_1WORD
:o	O

Goed	O
,	O
ma	NORM_1WORD
Kben	NORM_2WORD
mn	NORM_1WORD
broek	O
kwijt	O
geraakt	O
.	O
:(	O

kdurf	NORM_2WORD
weddn	NORM_1WORD
dadde	NORM_2WORD
nien	NORM_1WORD
durft	O
buite	NORM_1WORD
kome	NORM_1WORD

zije	NORM_1WORD
gij	NORM_1WORD
thuis	O
nu	O
?	O
anders	NORM_1WORD
gaan	O
we	O
enen	NORM_1WORD
gaan	O
drinkn	NORM_1WORD
?	O

Da	NORM_1WORD
hebk	NORM_2WORD
ni	NORM_1WORD
ingevuld	O

Gauw	O
wegweze	NORM_1WORD
voor	O
ik	O
een	O
fles	O
fijn	NORM_1WORD
,	O
of	O
nog	O
erger	O
,	O
een	O
kraatje	NORM_1WORD
bieg	NORM_1WORD
naag	NORM_1WORD
me	O
kop	O
krèèèg	NORM_1WORD
.	O
Fijne	O
avond	O
verder	O
.	O

ikke	NORM_1WORD
allsinds	NORM_2WORD
nie	NORM_1WORD
,	O
en	O
kheb	NORM_2WORD
noghtans	NORM_1WORD
al	O
goe	NORM_1WORD
gewertk	NORM_1WORD
vandaag	O

RT	O
@decolonisedboer	O
:	O
Moenie	NORM_2WORD
opgee	NORM_1WORD
nie	NORM_1WORD
mense	NORM_1WORD
.	O
Israel	NORM_1WORD
was	O
400	O
jaar	O
lank	NORM_1WORD
slawe	NORM_1WORD
van	O
Egipte	NORM_1WORD
.	O
Maar	O
groot	O
magte	NORM_1WORD
is	NORM_1WORD
aan	O
die	NORM_1WORD
beweeg	NORM_1WORD
.	O
Ons	O
Volk	O
sal	NORM_1WORD
weer	O
vry	NORM_1WORD
wees	NORM_1WORD
.	O
Bly	NORM_1WORD
glo	NORM_1WORD
.	O

ooh	NORM_1WORD
Knuffie	O
dmijn	NORM_2WORD
slaapt	O
aan	O
mn	NORM_1WORD
voetn	NORM_1WORD
^^	O

Kheb	NORM_2WORD
iets	O
gevonden	O
!	O
Kga	NORM_2WORD
houtsnijden	O
doen	O

Ik	O
ga	O
iig	NORM_3PLUS
nu	O
rijden	O
naar	O
Confide	O
.	O

Ik	O
kwam	O
naar	O
jullie	O
eerst	O
,	O
kzal	NORM_2WORD
mn	NORM_1WORD
fiets	O
dan	O
aan	O
peter	NORM_1WORD
geven	O
.	O
:)	O

nuja	NORM_1WORD
alli	O
tot	O
eenvolgende	NORM_2WORD
mss	NORM_1WORD
tot	O
vnv	NORM_1WORD

Kwil	NORM_2WORD
ook	O
biowinkelen	O
.	O
:(	O

iemand	NORM_1WORD
die	O
mij	O
kan	O
helpen	O
?	O
ik	NORM_1WORD
wil	O
een	O
automatich	NORM_1WORD
bercht	NORM_1WORD
laten	O
verschijne	NORM_1WORD
als	O
ieman	NORM_1WORD
mij	O
prive	NORM_1WORD
aanspreekt	O

Ik	O
weet	O
niet	O
of	O
ik	O
moet	O
lachen	O
of	O
huilen	O
hoe	O
is	O
dit	O
een	O
echte	O
tweet	O
terwijl	O
Obama	O
nationaal	O
debate	NORM_1WORD
veroorzaakte	O
door	O
de	O
kleur	O
van	O
zn	NORM_1WORD
pak	O
brooooo	NORM_1WORD
impeach	O
die	O

Schapos	NORM_1WORD
de	NORM_1WORD
beteros	NORM_1WORD
!	O
Doe	O
het	O
rustig	O
aan	O
meis	NORM_1WORD
!	O
X	O

@BramFokke	O
effe	NORM_1WORD
snel	O
,	O
opensores	O
,	O
openmind	O
,	O
openblik	O
,	O
Fokopen	O
,	O
Brafo-open	O
.	O
Neem	O
voldoende	O
tijd	O
en	O
ik	O
ben	O
benieuwd	O
naar	O
de	O
naam	O
.	O
Succes	O
!	O

aja	NORM_1WORD
mij	O
zult	NORM_1WORD
lge	NORM_1WORD
heir	NORM_1WORD
ook	O
al	O
vergete	NORM_1WORD
zijn	O
wrs	NORM_1WORD
:p	O

nja	NORM_1WORD
,	O
:(	O
kzal	NORM_2WORD
u	O
dn	NORM_1WORD
maar	O
laten	O
gaan	O
eh	O
Lugburz	O
:(	O

RT	O
@Frank_Luttels	O
:	O
@mariannezw	O
In	O
heel	O
't	NORM_1WORD
ziekenhuis	O
is	O
de	O
regel	O
,	O
zoveel	O
te	O
dichter	O
bij	O
't	NORM_1WORD
bed	O
/	O
patiënt	O
zo	O
veel	O
te	O
lager	O
't	NORM_1WORD
loon	O
,	O
een	O
kinderarts	O
verdient	O
ook	O
veel	O
minder	O
dan	O
een	O
anesthesioloog	O
.	O
Eigenlijk	O
wel	O
gek	O
,	O
mensen	O
met	O
echte	O
passie	O
voor	O
't	NORM_1WORD
vak	O
zijn	O
slecht	O
voor	O
zich	O
zelf	O
lijkt	O
't	NORM_1WORD
wel	O
.	O

Oke	NORM_1WORD
ik	O
ga	O
mn	NORM_1WORD
best	O
doen	O
.	O

@Marrit_Anne	O
Oké	O
dat	O
is	O
like	O
75	O
liter	O
vgm	NORM_2WORD
?	O
Zo'n	O
pot	O
is	O
5-10	O
liter	O
lmaoo	O
veel	O
plezier	O
daarmee	O
,	O
door	O
de	O
hoeveelheid	O
die	O
je	O
dan	O
moet	O
doen	O
is	O
de	O
kans	O
dat	O
het	O
van	O
hoek	O
naar	O
hoek	O
verschilt	O
zo	O
kk	NORM_1WORD
groot	O
dat	O
je	O
net	O
zo	O
goed	O
een	O
nieuwe	O
vloer	O
kan	O
leggen	O
lol	O

@Kyrosyves	O
doe	NORM_1WORD
je	O
opendag	O
?	O
=o	O
wel	O
glijk	NORM_1WORD
formulier	O
invulle	NORM_1WORD
=p	O

Kvoel	NORM_2WORD
me	O
alsofk	NORM_2WORD
geeste	NORM_1WORD
aant	NORM_2WORD
oproepe	NORM_1WORD
ben	O

RT	O
@ilyas_ib	O
:	O
OKE	NORM_1WORD
maar	O
kunnen	O
we	O
deze	O
video	O
terug	O
naar	O
boven	O
halen	O
???!	O
HAHAHAHAHAH	O
WAT	NORM_1WORD
VOETBAL	NORM_1WORD
MET	NORM_1WORD
MANNEN	NORM_1WORD
DOETTTT	NORM_1WORD
😂😂	O
DIE	NORM_1WORD
TFOU	NORM_1WORD
OPT	NORM_2WORD
EINDE	NORM_1WORD
KLAART	NORM_1WORD
EM	NORM_1WORD
https://t.co/wIUC75on7N	O

@limbodoodle	O
jao	NORM_1WORD
,	O
wuurt	NORM_1WORD
ech	NORM_1WORD
moei	NORM_1WORD
volges	NORM_1WORD
mich	NORM_1WORD
...	O

kzal	NORM_2WORD
ik	O
neffe	NORM_2WORD
u	O
kome	NORM_1WORD
zitte	NORM_1WORD
cutie	O
:o	O

Er	O
s	NORM_1WORD
een	O
fucking	O
baby	O
aant	NORM_2WORD
huile	NORM_1WORD
en	O
khoor	NORM_2WORD
da	NORM_1WORD
tot	O
hier	O
wtf	O
hjb	NORM_3PLUS
man	O

jaa	NORM_1WORD
:	O
lol	O
:	O
roze	O
hihi	O
,	O
dan	O
durfk	NORM_2WORD
nimeer	NORM_2WORD
buite	NORM_1WORD
kome	NORM_1WORD

nope	NORM_1WORD
moet	O
nts	NORM_1WORD
meer	O
haln	NORM_1WORD

isda	NORM_2WORD
goe	NORM_1WORD
,	O
zorgt	NORM_1WORD
daje	NORM_2WORD
zelfde	O
kleren	O
aan	O
hebt	O
e	O

hehe	O
moete	NORM_1WORD
details	O
wete	NORM_1WORD
of	O
zijde	NORM_2WORD
ni	NORM_1WORD
geintereseerd	NORM_1WORD
:D	O

Kheb	NORM_2WORD
lekker	O
geslapen	O
.	O
:)	O
lekker	O
zacht	O
bedje	O
.	O
:)	O
Xx	O

@FionaFtrn	O
Kait	O
gwn	NORM_1WORD
ik	O
mr	NORM_1WORD
alles	O
et	NORM_1WORD
eeft	NORM_1WORD
totaal	O
nietn	NORM_1WORD
me	NORM_1WORD
gie	NORM_1WORD
te	O
maken	O
ofzo	O

@HelaasPindakaas	O
@forced1988	O
wtff	NORM_1WORD
kstuurde	NORM_2WORD
nr	NORM_1WORD
geitjegeitje	O
en	O
tmhendriksen	O
at	O
gaymail	O
=o	O

Adriaanse	O
coacht	O
vanavond	O
z'n	NORM_1WORD
500ste	O
Eredivisie-wedstrijd	O
.	O
Jammer	O
voor	O
'm	NORM_1WORD
dat-ie	NORM_2WORD
gaat	O
verliezen	O
.	O
#ajatwe	O

@Chaos_Killer	O
jaa	NORM_1WORD
wat	O
@DDaanBaklap	O
zeii	NORM_1WORD
!!	O
=o	O
die	O
shiz	NORM_1WORD
is	O
een	O
btjj	NORM_1WORD
vaag	O
0	O
-	O
0	O

wacht	NORM_1WORD
Tomieee	O
kga	NORM_2WORD
het	O
ne	NORM_1WORD
keer	O
voortonen	NORM_1WORD
bij	O
Compsmurf	O
goe	NORM_1WORD
kijken	O
é	O
:p	O

en	NORM_1WORD
....	O
zijnt	NORM_2WORD
skone	NORM_1WORD
bokalen	O
?	O
lol	O
!	O

tuurlyk	NORM_1WORD
besta	NORM_1WORD
belgie	NORM_1WORD
nog	O
mmissy	O
anders	O
kryg	NORM_1WORD
jy	NORM_1WORD
geen	O
heerlyke	NORM_1WORD
chocolat	NORM_1WORD

Heb	O
jij	O
telefoonnr	NORM_1WORD
van	O
Stijn	O
Blomme	O
?	O

Ja	O
ik	O
blijf	O
nog	O
ff	NORM_1WORD
.	O
Tot	O
sebiet	NORM_1WORD
.	O

nug	NORM_1WORD
staafkes	NORM_1WORD
genoeg	O
lign	NORM_1WORD
se	O
thehehehe	O
puur	O
dynamiet	O

ale	NORM_1WORD
,	O
veel	O
feeste	NORM_1WORD
zal	O
er	O
ni	NORM_1WORD
bij	O
zijn	O
vandaag	O
,	O
kmoet	NORM_2WORD
ticketcontrole	O
gaan	O
doen	O
:p	O

hahaha	O
bob	NORM_1WORD
is	O
ng	NORM_1WORD
aaltijd	NORM_1WORD
aan	O
het	O
spanken	O
aant	NORM_2WORD
peizn	O
:	O
lol	O
:	O

gij	NORM_1WORD
hebt	O
gwn	NORM_1WORD
nen	NORM_1WORD
twisted	O
mind	O
jah	NORM_1WORD
!	O
:p	O

ratte	NORM_1WORD
kank	NORM_2WORD
gebruike	NORM_1WORD
ma	NORM_1WORD
handtamme	O
wilk	NORM_2WORD
ni	NORM_1WORD
neme	NORM_1WORD
:d	O

Euhm	O
,	O
tegen	O
9	O
uit	O
denkek	NORM_2WORD
.	O
:)	O

leen	NORM_1WORD
komt	O
vanavnd	NORM_1WORD
eentje	O
drinkn	NORM_1WORD

tzijn	NORM_2WORD
nog	O
mensn	NORM_1WORD
die	O
morn	NORM_1WORD
moetn	NORM_1WORD
werkn	NORM_1WORD
wi	O

kga	NORM_2WORD
ne	NORM_1WORD
ke	NORM_1WORD
vragn	NORM_1WORD
an	NORM_1WORD
hannu	O

Lullig	O
dat	O
ik	O
deze	O
hele	O
pww	NORM_1WORD
telkenste	NORM_1WORD
nét	NORM_1WORD
te	O
laat	O
mijn	O
hulpmiddelen	O
binnenkrijg	O
.	O
Wb	NORM_2WORD
grieks	NORM_1WORD
=	O
maandagmiddag	O
,	O
samengevat	O
bio=	NORM_1WORD
wss	NORM_1WORD
maandagmiddag	O
.	O

@vkwillemvissers	O
Herinner	O
me	O
CLfinale	O
Madrid-Milan	O
.	O
Moest	O
verhaal	O
Davids-Seedorf	O
maken	O
.	O
Maar	O
D.	O
boycotte	O
Ned.	NORM_1WORD
pers	O
.	O
Werd	O
prachtverhaal	O
;-)	O

wete	NORM_1WORD
stel	O
voor	O
da	NORM_1WORD
we	O
verloopig	NORM_1WORD
gwn	NORM_1WORD
aan	O
ander	NORM_1WORD
kamer	O
pakke	NORM_1WORD
mense	NORM_1WORD

@Hannnahh	O
uhm	O
,	O
tsja	O
.	O
Ik	O
moet	O
ff	NORM_1WORD
@ceelientjaa	O
antwoorrd	NORM_1WORD
afwachten	O
.	O
Brter	NORM_1WORD
doet	O
zij	O
wel	O
een	O
cc'tje	O

nja	NORM_1WORD
,	O
ik	O
praat	O
het	O
leiver	NORM_1WORD
uit	O
,	O
vooral	O
odmat	NORM_1WORD
ik	O
neit	NORM_1WORD
eens	O
weet	O
waarom	O
je	O
zo	O
pissed	O
reageert	O

fck	NORM_1WORD
,	O
kgoa	NORM_2WORD
moetn	NORM_1WORD
mn	NORM_1WORD
katte	NORM_1WORD
binnhoaln	NORM_1WORD
:p	O

oké	NORM_1WORD
NuckingFuts	O
get	NORM_2WORD
gelijk	O
twas	NORM_2WORD
vvlam	O
die	O
het	O
vroeg	O
srry	NORM_1WORD

ni	NORM_1WORD
jaloes	NORM_1WORD
zijn	O
vargas	O
jij	O
ga	NORM_1WORD
ook	O
seruise	NORM_1WORD
meisj	NORM_1WORD
vidnen	NORM_1WORD

@Dennis_Rijkers	O
Ivm	NORM_3PLUS
correctie	O
scheenbeen	O
,	O
door	O
blessure	O
Jiu	O
Jitsu	O
(	O
verkeerd	O
geschopt	O
)	O
steekt	O
deze	O
nu	O
tov	NORM_3PLUS
kuitbeen	O
iets	O
uit	O
.	O

nokyM	NORM_1WORD
35	O
seffes	O
ist	NORM_2WORD
vliege	NORM_1WORD
met	O
je	O
herhale	NORM_1WORD

kgon	NORM_2WORD
nog	O
effe	NORM_1WORD
op	O
pokerstars	NORM_1WORD
en	O
dan	O
gank	NORM_2WORD
pitte	NORM_1WORD
peisk	O

@dviate	O
@mvbergen	O
*	O
scheert	O
snel	O
z'n	NORM_1WORD
kop	O
kaal	O
"	O
...	O
kom-tie-dan-he	O
,	O
komtiedanhe	O
..	O
*	O
oenk	O
*	O
oenk	O
*	O

